ID;HOMEID;AWAYID;SEASON;STATUS;ROUNDID;GAME_WEEK;REVISED_GAME_WEEK;HOMEGOALS;AWAYGOALS;HOMEGOALCOUNT;AWAYGOALCOUNT;TOTALGOALCOUNT;TEAM_A_CORNERS;TEAM_B_CORNERS;TOTALCORNERCOUNT;TEAM_A_OFFSIDES;TEAM_B_OFFSIDES;TEAM_A_YELLOW_CARDS;TEAM_B_YELLOW_CARDS;TEAM_A_RED_CARDS;TEAM_B_RED_CARDS;TEAM_A_SHOTSONTARGET;TEAM_B_SHOTSONTARGET;TEAM_A_SHOTSOFFTARGET;TEAM_B_SHOTSOFFTARGET;TEAM_A_SHOTS;TEAM_B_SHOTS;TEAM_A_FOULS;TEAM_B_FOULS;TEAM_A_POSSESSION;TEAM_B_POSSESSION;TEAM_A_CARDS_NUM;TEAM_B_CARDS_NUM;ODDS_FT_1;ODDS_FT_X;ODDS_FT_2;ODDS_FT_OVER05;ODDS_FT_OVER15;ODDS_FT_OVER25;ODDS_FT_OVER35;ODDS_FT_OVER45;ODDS_FT_UNDER05;ODDS_FT_UNDER15;ODDS_FT_UNDER25;ODDS_FT_UNDER35;ODDS_FT_UNDER45;ODDS_BTTS_YES;ODDS_BTTS_NO;ODDS_TEAM_A_CS_YES;ODDS_TEAM_A_CS_NO;ODDS_TEAM_B_CS_YES;ODDS_TEAM_B_CS_NO;ODDS_DOUBLECHANCE_1X;ODDS_DOUBLECHANCE_12;ODDS_DOUBLECHANCE_X2;ODDS_1ST_HALF_RESULT_1;ODDS_1ST_HALF_RESULT_X;ODDS_1ST_HALF_RESULT_2;ODDS_2ND_HALF_RESULT_1;ODDS_2ND_HALF_RESULT_X;ODDS_2ND_HALF_RESULT_2;ODDS_DNB_1;ODDS_DNB_2;ODDS_CORNERS_OVER_75;ODDS_CORNERS_OVER_85;ODDS_CORNERS_OVER_95;ODDS_CORNERS_OVER_105;ODDS_CORNERS_OVER_115;ODDS_CORNERS_UNDER_75;ODDS_CORNERS_UNDER_85;ODDS_CORNERS_UNDER_95;ODDS_CORNERS_UNDER_105;ODDS_CORNERS_UNDER_115;ODDS_CORNERS_1;ODDS_CORNERS_X;ODDS_CORNERS_2;ODDS_TEAM_TO_SCORE_FIRST_1;ODDS_TEAM_TO_SCORE_FIRST_X;ODDS_TEAM_TO_SCORE_FIRST_2;ODDS_WIN_TO_NIL_1;ODDS_WIN_TO_NIL_2;ODDS_1ST_HALF_OVER05;ODDS_1ST_HALF_OVER15;ODDS_1ST_HALF_OVER25;ODDS_1ST_HALF_OVER35;ODDS_1ST_HALF_UNDER05;ODDS_1ST_HALF_UNDER15;ODDS_1ST_HALF_UNDER25;ODDS_1ST_HALF_UNDER35;ODDS_2ND_HALF_OVER05;ODDS_2ND_HALF_OVER15;ODDS_2ND_HALF_OVER25;ODDS_2ND_HALF_OVER35;ODDS_2ND_HALF_UNDER05;ODDS_2ND_HALF_UNDER15;ODDS_2ND_HALF_UNDER25;ODDS_2ND_HALF_UNDER35;ODDS_BTTS_1ST_HALF_YES;ODDS_BTTS_1ST_HALF_NO;ODDS_BTTS_2ND_HALF_YES;ODDS_BTTS_2ND_HALF_NO;OVERALLGOALCOUNT;HT_GOALS_TEAM_A;HT_GOALS_TEAM_B;GOALS_2HG_TEAM_A;GOALS_2HG_TEAM_B;GOALCOUNT_2HG;HTGOALCOUNT;DATE_UNIX;WINNINGTEAM;NO_HOME_AWAY;BTTS_POTENTIAL;BTTS_FHG_POTENTIAL;BTTS_2HG_POTENTIAL;GOALTIMINGDISABLED;CORNER_TIMINGS_RECORDED;CARD_TIMINGS_RECORDED;TEAM_A_FH_CORNERS;TEAM_B_FH_CORNERS;TEAM_A_2H_CORNERS;TEAM_B_2H_CORNERS;CORNER_FH_COUNT;CORNER_2H_COUNT;TEAM_A_FH_CARDS;TEAM_B_FH_CARDS;TEAM_A_2H_CARDS;TEAM_B_2H_CARDS;TOTAL_FH_CARDS;TOTAL_2H_CARDS;ATTACKS_RECORDED;TEAM_A_DANGEROUS_ATTACKS;TEAM_B_DANGEROUS_ATTACKS;TEAM_A_ATTACKS;TEAM_B_ATTACKS;TEAM_A_XG;TEAM_B_XG;TOTAL_XG;TEAM_A_PENALTIES_WON;TEAM_B_PENALTIES_WON;TEAM_A_PENALTY_GOALS;TEAM_B_PENALTY_GOALS;TEAM_A_PENALTY_MISSED;TEAM_B_PENALTY_MISSED;PENS_RECORDED;GOAL_TIMINGS_RECORDED;TEAM_A_0_10_MIN_GOALS;TEAM_B_0_10_MIN_GOALS;TEAM_A_CORNERS_0_10_MIN;TEAM_B_CORNERS_0_10_MIN;TEAM_A_CARDS_0_10_MIN;TEAM_B_CARDS_0_10_MIN;THROWINS_RECORDED;TEAM_A_THROWINS;TEAM_B_THROWINS;FREEKICKS_RECORDED;TEAM_A_FREEKICKS;TEAM_B_FREEKICKS;GOALKICKS_RECORDED;TEAM_A_GOALKICKS;TEAM_B_GOALKICKS;O45_POTENTIAL;O35_POTENTIAL;O25_POTENTIAL;O15_POTENTIAL;O05_POTENTIAL;O15HT_POTENTIAL;O05HT_POTENTIAL;O05_2H_POTENTIAL;O15_2H_POTENTIAL;CORNERS_POTENTIAL;OFFSIDES_POTENTIAL;CARDS_POTENTIAL;AVG_POTENTIAL;HOME_NAME;AWAY_NAME;HOME_PPG;AWAY_PPG;PRE_MATCH_HOME_PPG;PRE_MATCH_AWAY_PPG;PRE_MATCH_TEAMA_OVERALL_PPG;PRE_MATCH_TEAMB_OVERALL_PPG;U45_POTENTIAL;U35_POTENTIAL;U25_POTENTIAL;U15_POTENTIAL;U05_POTENTIAL;CORNERS_O85_POTENTIAL;CORNERS_O95_POTENTIAL;CORNERS_O105_POTENTIAL;TEAM_A_XG_PREMATCH;TEAM_B_XG_PREMATCH;TOTAL_XG_PREMATCH;COMPETITION_ID;MATCHES_COMPLETED_MINIMUM;OVER05;OVER15;OVER25;OVER35;OVER45;OVER55;BTTS
919085;607;602;2012/2013;complete;56985;1;-1;23;14,45;1;2;3;-1;-1;-1;-1;-1;1;4;0;0;-1;-1;-1;-1;-1;-1;-1;-1;-1;-1;1;4;0;0;0;0;0;0;0;0;0;0;0;0;0;0;0;0;0;0;0;0;0;0;0;0;0;0;0;0;0;0;0;0;0;0;0;0;0;0;0;0;0;0;0;0;0;0;0;0;0;0;0;0;0;0;0;0;0;0;0;0;0;0;0;0;0;0;0;0;3;1;2;0;0;0;3;2012-10-05 09:30:00;602;0;0;0;0;0;-1;1;-1;-1;-1;-1;-1;-1;1;2;0;2;3;2;-1;0;0;0;0;0;0;0;0;0;0;0;0;0;1;1;0;0;-1;-1;0;1;-1;-1;-1;-1;-1;-1;-1;-1;-1;0;0;0;0;0;0;0;0;0;0;0;0;0;Melbourne Victory FC;Melbourne City FC;2;0.29;0;0;0;0;0;0;0;0;0;0;0;0;0;0;0;4303;27;Y;Y;Y;N;N;N;Y
919087;609;606;2012/2013;complete;56985;1;-1;43,75;;2;0;2;-1;-1;-1;-1;-1;1;2;0;0;-1;-1;-1;-1;-1;-1;-1;-1;-1;-1;1;2;0;0;0;0;0;0;0;0;0;0;0;0;0;0;0;0;0;0;0;0;0;0;0;0;0;0;0;0;0;0;0;0;0;0;0;0;0;0;0;0;0;0;0;0;0;0;0;0;0;0;0;0;0;0;0;0;0;0;0;0;0;0;0;0;0;0;0;0;2;1;0;1;0;1;1;2012-10-06 06:30:00;609;0;0;0;0;0;-1;1;-1;-1;-1;-1;-1;-1;0;1;1;1;1;2;-1;0;0;0;0;0;0;0;0;0;0;0;0;0;1;1;0;0;-1;-1;0;0;-1;-1;-1;-1;-1;-1;-1;-1;-1;0;0;0;0;0;0;0;0;0;0;0;0;0;Wellington Phoenix;Sydney FC;1.36;0.64;0;0;0;0;0;0;0;0;0;0;0;0;0;0;0;4303;27;Y;Y;N;N;N;N;N
919089;608;603;2012/2013;complete;56985;1;-1;;;0;0;0;-1;-1;-1;-1;-1;1;1;0;0;-1;-1;-1;-1;-1;-1;-1;-1;-1;-1;1;1;0;0;0;0;0;0;0;0;0;0;0;0;0;0;0;0;0;0;0;0;0;0;0;0;0;0;0;0;0;0;0;0;0;0;0;0;0;0;0;0;0;0;0;0;0;0;0;0;0;0;0;0;0;0;0;0;0;0;0;0;0;0;0;0;0;0;0;0;0;0;0;0;0;0;0;2012-10-06 09:45:00;-1;0;0;0;0;0;-1;1;-1;-1;-1;-1;-1;-1;0;1;1;0;1;1;-1;0;0;0;0;0;0;0;0;0;0;0;0;0;1;1;0;0;-1;-1;0;0;-1;-1;-1;-1;-1;-1;-1;-1;-1;0;0;0;0;0;0;0;0;0;0;0;0;0;Western Sydney Wanderers;Central Coast Mariners;1.81;1.53;0;0;0;0;0;0;0;0;0;0;0;0;0;0;0;4303;29;N;N;N;N;N;N;N
919090;605;601;2012/2013;complete;56985;1;-1;;2,75;0;2;2;-1;-1;-1;-1;-1;1;2;1;0;-1;-1;-1;-1;-1;-1;-1;-1;-1;-1;3;2;0;0;0;0;0;0;0;0;0;0;0;0;0;0;0;0;0;0;0;0;0;0;0;0;0;0;0;0;0;0;0;0;0;0;0;0;0;0;0;0;0;0;0;0;0;0;0;0;0;0;0;0;0;0;0;0;0;0;0;0;0;0;0;0;0;0;0;0;2;0;1;0;1;1;1;2012-10-07 04:00:00;601;0;0;0;0;0;-1;1;-1;-1;-1;-1;-1;-1;0;0;2;2;0;4;-1;0;0;0;0;0;0;0;0;0;0;0;0;0;1;1;0;1;-1;-1;0;0;-1;-1;-1;-1;-1;-1;-1;-1;-1;0;0;0;0;0;0;0;0;0;0;0;0;0;Newcastle Jets FC;Adelaide United;1.38;1.15;0;0;0;0;0;0;0;0;0;0;0;0;0;0;0;4303;27;Y;Y;N;N;N;N;N
919092;600;604;2012/2013;complete;56985;1;-1;88;;1;0;1;-1;-1;-1;-1;-1;3;4;0;0;-1;-1;-1;-1;-1;-1;-1;-1;-1;-1;3;4;0;0;0;0;0;0;0;0;0;0;0;0;0;0;0;0;0;0;0;0;0;0;0;0;0;0;0;0;0;0;0;0;0;0;0;0;0;0;0;0;0;0;0;0;0;0;0;0;0;0;0;0;0;0;0;0;0;0;0;0;0;0;0;0;0;0;0;0;1;0;0;1;0;1;0;2012-10-07 06:00:00;600;0;0;0;0;0;-1;1;-1;-1;-1;-1;-1;-1;1;3;2;1;4;3;-1;0;0;0;0;0;0;0;0;0;0;0;0;0;1;1;0;0;-1;-1;0;0;-1;-1;-1;-1;-1;-1;-1;-1;-1;0;0;0;0;0;0;0;0;0;0;0;0;0;Perth Glory FC;Brisbane Roar;1.57;0.94;0;0;0;0;0;0;0;0;0;0;0;0;0;0;0;4303;28;Y;N;N;N;N;N;N
919094;601;608;2012/2013;complete;56985;2;-1;70;;1;0;1;-1;-1;-1;-1;-1;3;4;0;0;-1;-1;-1;-1;-1;-1;-1;-1;-1;-1;3;4;0;0;0;0;0;0;0;0;0;0;0;0;0;0;0;0;0;0;0;0;0;0;0;0;0;0;0;0;0;0;0;0;0;0;0;0;0;0;0;0;0;0;0;0;0;0;0;0;0;0;0;0;0;0;0;0;0;0;0;0;0;0;0;0;0;0;0;0;1;0;0;1;0;1;0;2012-10-12 08:30:00;601;0;0;0;0;0;-1;1;-1;-1;-1;-1;-1;-1;1;2;2;2;3;4;-1;0;0;0;0;0;0;0;0;0;0;0;0;0;1;1;0;0;-1;-1;0;0;-1;-1;-1;-1;-1;-1;-1;-1;-1;0;0;0;0;0;0;0;0;0;0;0;0;0;Adelaide United;Western Sydney Wanderers;1.73;2.38;0;0;3;1;0;0;0;0;0;0;0;0;0;0;0;4303;28;Y;N;N;N;N;N;N
919096;606;605;2012/2013;complete;56985;2;-1;26,76;11,41,64;2;3;5;-1;-1;-1;-1;-1;4;3;0;0;-1;-1;-1;-1;-1;-1;-1;-1;-1;-1;4;3;0;0;0;0;0;0;0;0;0;0;0;0;0;0;0;0;0;0;0;0;0;0;0;0;0;0;0;0;0;0;0;0;0;0;0;0;0;0;0;0;0;0;0;0;0;0;0;0;0;0;0;0;0;0;0;0;0;0;0;0;0;0;0;0;0;0;0;0;5;1;2;1;1;2;3;2012-10-13 06:30:00;605;0;0;0;0;0;-1;1;-1;-1;-1;-1;-1;-1;2;1;2;2;3;4;-1;0;0;0;0;0;0;0;0;0;0;0;0;0;1;1;0;0;-1;-1;0;0;-1;-1;-1;-1;-1;-1;-1;-1;-1;0;0;0;0;0;0;0;0;0;0;0;0;0;Sydney FC;Newcastle Jets FC;1.77;0.93;0;0;0;0;0;0;0;0;0;0;0;0;0;0;0;4303;27;Y;Y;Y;Y;Y;N;Y
919098;604;607;2012/2013;complete;56985;2;-1;22,23,64,82,90;;5;0;5;-1;-1;-1;-1;-1;3;3;0;0;-1;-1;-1;-1;-1;-1;-1;-1;-1;-1;3;3;0;0;0;0;0;0;0;0;0;0;0;0;0;0;0;0;0;0;0;0;0;0;0;0;0;0;0;0;0;0;0;0;0;0;0;0;0;0;0;0;0;0;0;0;0;0;0;0;0;0;0;0;0;0;0;0;0;0;0;0;0;0;0;0;0;0;0;0;5;2;0;3;0;3;2;2012-10-13 08:45:00;604;0;0;0;0;0;-1;1;-1;-1;-1;-1;-1;-1;1;0;2;3;1;5;-1;0;0;0;0;0;0;0;0;0;0;0;0;0;1;1;0;0;-1;-1;0;0;-1;-1;-1;-1;-1;-1;-1;-1;-1;0;0;0;0;0;0;0;0;0;0;0;0;0;Brisbane Roar;Melbourne Victory FC;1.77;1.21;0;0;0;0;0;0;0;0;0;0;0;0;0;0;0;4303;29;Y;Y;Y;Y;Y;N;N
919099;602;609;2012/2013;complete;56985;2;-1;20;48;1;1;2;-1;-1;-1;-1;-1;2;3;1;0;-1;-1;-1;-1;-1;-1;-1;-1;-1;-1;4;3;0;0;0;0;0;0;0;0;0;0;0;0;0;0;0;0;0;0;0;0;0;0;0;0;0;0;0;0;0;0;0;0;0;0;0;0;0;0;0;0;0;0;0;0;0;0;0;0;0;0;0;0;0;0;0;0;0;0;0;0;0;0;0;0;0;0;0;0;2;1;0;0;1;1;1;2012-10-14 04:00:00;-1;0;0;0;0;0;-1;1;-1;-1;-1;-1;-1;-1;1;1;2;2;2;4;-1;0;0;0;0;0;0;0;0;1;0;1;0;0;1;1;0;0;-1;-1;0;0;-1;-1;-1;-1;-1;-1;-1;-1;-1;0;0;0;0;0;0;0;0;0;0;0;0;0;Melbourne City FC;Wellington Phoenix;1.77;0.62;0;0;3;3;0;0;0;0;0;0;0;0;0;0;0;4303;27;Y;Y;N;N;N;N;Y
919101;603;600;2012/2013;complete;56985;2;-1;70;;1;0;1;-1;-1;-1;-1;-1;2;4;0;0;-1;-1;-1;-1;-1;-1;-1;-1;-1;-1;2;4;0;0;0;0;0;0;0;0;0;0;0;0;0;0;0;0;0;0;0;0;0;0;0;0;0;0;0;0;0;0;0;0;0;0;0;0;0;0;0;0;0;0;0;0;0;0;0;0;0;0;0;0;0;0;0;0;0;0;0;0;0;0;0;0;0;0;0;0;1;0;0;1;0;1;0;2012-10-14 06:00:00;603;0;0;0;0;0;-1;1;-1;-1;-1;-1;-1;-1;1;2;1;2;3;3;-1;0;0;0;0;0;0;0;0;0;0;0;0;0;1;1;0;0;-1;-1;0;0;-1;-1;-1;-1;-1;-1;-1;-1;-1;0;0;0;0;0;0;0;0;0;0;0;0;0;Central Coast Mariners;Perth Glory FC;2.64;0.71;0;0;1;3;0;0;0;0;0;0;0;0;0;0;0;4303;28;Y;N;N;N;N;N;N
919103;607;601;2012/2013;complete;56985;3;-1;52,67;50;2;1;3;-1;-1;-1;-1;-1;4;2;0;0;-1;-1;-1;-1;-1;-1;-1;-1;-1;-1;4;2;0;0;0;0;0;0;0;0;0;0;0;0;0;0;0;0;0;0;0;0;0;0;0;0;0;0;0;0;0;0;0;0;0;0;0;0;0;0;0;0;0;0;0;0;0;0;0;0;0;0;0;0;0;0;0;0;0;0;0;0;0;0;0;0;0;0;0;0;3;0;0;2;1;3;0;2012-10-19 08:30:00;607;0;50;50;0;0;-1;1;-1;-1;-1;-1;-1;-1;1;1;3;1;2;4;-1;0;0;0;0;0;0;0;0;1;0;1;0;0;1;1;0;0;-1;-1;1;0;-1;-1;-1;-1;-1;-1;-1;-1;-1;0;0;50;100;100;50;100;50;0;0;0;3;2.5;Melbourne Victory FC;Adelaide United;2;1.15;0;3;0;3;100;100;50;0;0;0;0;0;0;0;0;4303;28;Y;Y;Y;N;N;N;Y
919105;605;603;2012/2013;complete;56985;3;-1;5,62;71;2;1;3;-1;-1;-1;-1;-1;6;3;0;0;-1;-1;-1;-1;-1;-1;-1;-1;-1;-1;6;3;0;0;0;0;0;0;0;0;0;0;0;0;0;0;0;0;0;0;0;0;0;0;0;0;0;0;0;0;0;0;0;0;0;0;0;0;0;0;0;0;0;0;0;0;0;0;0;0;0;0;0;0;0;0;0;0;0;0;0;0;0;0;0;0;0;0;0;0;3;1;0;1;1;2;1;2012-10-20 06:30:00;605;0;0;0;0;0;-1;1;-1;-1;-1;-1;-1;-1;1;1;5;2;2;7;-1;0;0;0;0;0;0;0;1;0;1;0;0;0;1;1;1;0;-1;-1;1;1;-1;-1;-1;-1;-1;-1;-1;-1;-1;0;0;0;50;50;0;50;50;0;0;0;4;1;Newcastle Jets FC;Central Coast Mariners;1.38;1.53;0;1;1.5;2;100;100;100;50;50;0;0;0;0;0;0;4303;27;Y;Y;Y;N;N;N;Y
919106;608;606;2012/2013;complete;56985;3;-1;;54;0;1;1;-1;-1;-1;-1;-1;2;3;0;0;-1;-1;-1;-1;-1;-1;-1;-1;-1;-1;2;3;0;0;0;0;0;0;0;0;0;0;0;0;0;0;0;0;0;0;0;0;0;0;0;0;0;0;0;0;0;0;0;0;0;0;0;0;0;0;0;0;0;0;0;0;0;0;0;0;0;0;0;0;0;0;0;0;0;0;0;0;0;0;0;0;0;0;0;0;1;0;0;0;1;1;0;2012-10-20 08:45:00;606;0;0;0;0;0;-1;1;-1;-1;-1;-1;-1;-1;0;2;2;1;2;3;-1;0;0;0;0;0;0;0;0;1;0;1;0;0;1;1;0;0;-1;-1;0;1;-1;-1;-1;-1;-1;-1;-1;-1;-1;0;0;0;50;50;0;50;50;0;0;0;3;1;Western Sydney Wanderers;Sydney FC;1.81;0.64;1;0;0.5;0;100;100;100;50;50;0;0;0;0;0;0;4303;27;Y;N;N;N;N;N;N
919108;609;604;2012/2013;complete;56985;3;-1;16;39;1;1;2;-1;-1;-1;-1;-1;1;1;0;0;-1;-1;-1;-1;-1;-1;-1;-1;-1;-1;1;1;0;0;0;0;0;0;0;0;0;0;0;0;0;0;0;0;0;0;0;0;0;0;0;0;0;0;0;0;0;0;0;0;0;0;0;0;0;0;0;0;0;0;0;0;0;0;0;0;0;0;0;0;0;0;0;0;0;0;0;0;0;0;0;0;0;0;0;0;2;1;1;0;0;0;2;2012-10-21 03:30:00;-1;0;0;0;0;0;-1;1;-1;-1;-1;-1;-1;-1;0;1;1;0;1;1;-1;0;0;0;0;0;0;0;0;0;0;0;0;0;1;1;0;0;-1;-1;0;0;-1;-1;-1;-1;-1;-1;-1;-1;-1;0;0;0;50;100;0;50;100;0;0;0;5;1.5;Wellington Phoenix;Brisbane Roar;1.36;0.94;3;0;2;1.5;100;100;100;50;0;0;0;0;0;0;0;4303;27;Y;Y;N;N;N;N;Y
919110;600;602;2012/2013;complete;56985;3;-1;39,86;;2;0;2;-1;-1;-1;-1;-1;2;3;0;0;-1;-1;-1;-1;-1;-1;-1;-1;-1;-1;2;3;0;0;0;0;0;0;0;0;0;0;0;0;0;0;0;0;0;0;0;0;0;0;0;0;0;0;0;0;0;0;0;0;0;0;0;0;0;0;0;0;0;0;0;0;0;0;0;0;0;0;0;0;0;0;0;0;0;0;0;0;0;0;0;0;0;0;0;0;2;1;0;1;0;1;1;2012-10-21 06:00:00;600;0;50;50;0;0;-1;1;-1;-1;-1;-1;-1;-1;2;2;0;1;4;1;-1;0;0;0;0;0;0;0;0;0;0;0;0;0;1;1;0;0;-1;-1;0;0;-1;-1;-1;-1;-1;-1;-1;-1;-1;0;0;50;50;100;50;50;50;0;0;0;7;2;Perth Glory FC;Melbourne City FC;1.57;0.29;3;3;1.5;2;100;100;50;50;0;0;0;0;0;0;0;4303;27;Y;Y;N;N;N;N;N
919112;605;607;2012/2013;complete;56985;4;-1;54,56;71;2;1;3;-1;-1;-1;-1;-1;1;2;0;0;-1;-1;-1;-1;-1;-1;-1;-1;-1;-1;1;2;0;0;0;0;0;0;0;0;0;0;0;0;0;0;0;0;0;0;0;0;0;0;0;0;0;0;0;0;0;0;0;0;0;0;0;0;0;0;0;0;0;0;0;0;0;0;0;0;0;0;0;0;0;0;0;0;0;0;0;0;0;0;0;0;0;0;0;0;3;0;0;2;1;3;0;2012-10-26 08:30:00;605;0;25;0;25;0;-1;1;-1;-1;-1;-1;-1;-1;0;1;1;1;1;2;-1;0;0;0;0;0;0;0;0;0;0;0;0;0;1;1;0;0;-1;-1;0;0;-1;-1;-1;-1;-1;-1;-1;-1;-1;50;50;75;100;100;50;100;100;75;0;0;7.5;3.75;Newcastle Jets FC;Melbourne Victory FC;1.38;1.21;1.5;0;2;1;50;50;25;0;0;0;0;0;0;0;0;4303;27;Y;Y;Y;N;N;N;Y
919114;601;609;2012/2013;complete;56985;4;-1;55,68,85;42;3;1;4;-1;-1;-1;-1;-1;4;3;0;1;-1;-1;-1;-1;-1;-1;-1;-1;-1;-1;4;5;0;0;0;0;0;0;0;0;0;0;0;0;0;0;0;0;0;0;0;0;0;0;0;0;0;0;0;0;0;0;0;0;0;0;0;0;0;0;0;0;0;0;0;0;0;0;0;0;0;0;0;0;0;0;0;0;0;0;0;0;0;0;0;0;0;0;0;0;4;0;1;3;0;3;1;2012-10-27 06:30:00;601;0;50;0;0;0;-1;1;-1;-1;-1;-1;-1;-1;1;1;3;3;2;6;-1;0;0;0;0;0;0;0;0;0;0;0;0;0;1;1;0;0;-1;-1;0;0;-1;-1;-1;-1;-1;-1;-1;-1;-1;0;0;0;50;100;0;50;100;0;0;0;6;1.5;Adelaide United;Wellington Phoenix;1.73;0.62;3;1;2;1.67;100;100;100;50;0;0;0;0;0;0;0;4303;27;Y;Y;Y;Y;N;N;Y
919116;604;608;2012/2013;complete;56985;4;-1;;19;0;1;1;-1;-1;-1;-1;-1;0;3;0;0;-1;-1;-1;-1;-1;-1;-1;-1;-1;-1;0;3;0;0;0;0;0;0;0;0;0;0;0;0;0;0;0;0;0;0;0;0;0;0;0;0;0;0;0;0;0;0;0;0;0;0;0;0;0;0;0;0;0;0;0;0;0;0;0;0;0;0;0;0;0;0;0;0;0;0;0;0;0;0;0;0;0;0;0;0;1;0;1;0;0;0;1;2012-10-27 08:45:00;608;0;0;0;0;0;-1;1;-1;-1;-1;-1;-1;-1;0;2;0;1;2;1;-1;0;0;0;0;0;0;0;0;0;0;0;0;0;1;1;0;0;-1;-1;0;0;-1;-1;-1;-1;-1;-1;-1;-1;-1;50;50;50;50;100;50;50;100;50;0;0;7;3;Brisbane Roar;Western Sydney Wanderers;1.77;2.38;3;0;1.33;0.33;50;50;50;50;0;0;0;0;0;0;0;4303;29;Y;N;N;N;N;N;N
919118;602;603;2012/2013;complete;56985;4;-1;;51;0;1;1;-1;-1;-1;-1;-1;3;1;0;0;-1;-1;-1;-1;-1;-1;-1;-1;-1;-1;3;1;0;0;0;0;0;0;0;0;0;0;0;0;0;0;0;0;0;0;0;0;0;0;0;0;0;0;0;0;0;0;0;0;0;0;0;0;0;0;0;0;0;0;0;0;0;0;0;0;0;0;0;0;0;0;0;0;0;0;0;0;0;0;0;0;0;0;0;0;1;0;0;0;1;1;0;2012-10-28 04:00:00;603;0;75;0;25;0;-1;1;-1;-1;-1;-1;-1;-1;1;1;2;0;2;2;-1;0;0;0;0;0;0;0;0;0;0;0;0;0;1;1;0;0;-1;-1;0;0;-1;-1;-1;-1;-1;-1;-1;-1;-1;0;0;25;75;75;0;75;75;25;0;0;6;1.75;Melbourne City FC;Central Coast Mariners;1.77;1.53;1;0.5;1.33;1.33;100;100;75;25;25;0;0;0;0;0;0;4303;27;Y;N;N;N;N;N;N
919120;606;600;2012/2013;complete;56985;4;-1;59,70;18;2;1;3;-1;-1;-1;-1;-1;3;2;0;1;-1;-1;-1;-1;-1;-1;-1;-1;-1;-1;3;4;0;0;0;0;0;0;0;0;0;0;0;0;0;0;0;0;0;0;0;0;0;0;0;0;0;0;0;0;0;0;0;0;0;0;0;0;0;0;0;0;0;0;0;0;0;0;0;0;0;0;0;0;0;0;0;0;0;0;0;0;0;0;0;0;0;0;0;0;3;0;1;2;0;2;1;2012-10-28 06:00:00;606;0;50;50;50;0;-1;1;-1;-1;-1;-1;-1;-1;2;0;1;3;2;4;-1;0;0;0;0;0;0;0;1;0;1;0;0;0;1;1;0;0;-1;-1;0;0;-1;-1;-1;-1;-1;-1;-1;-1;-1;50;50;50;50;100;50;50;100;50;0;0;8;3;Sydney FC;Perth Glory FC;1.77;0.71;0;0;1;2;50;50;50;50;0;0;0;0;0;0;0;4303;27;Y;Y;Y;N;N;N;Y
919122;608;602;2012/2013;complete;56985;5;-1;28,51;57;2;1;3;-1;-1;-1;-1;-1;4;3;0;0;-1;-1;-1;-1;-1;-1;-1;-1;-1;-1;4;3;0;0;0;0;0;0;0;0;0;0;0;0;0;0;0;0;0;0;0;0;0;0;0;0;0;0;0;0;0;0;0;0;0;0;0;0;0;0;0;0;0;0;0;0;0;0;0;0;0;0;0;0;0;0;0;0;0;0;0;0;0;0;0;0;0;0;0;0;3;1;0;1;1;2;1;2012-11-02 08:30:00;608;0;25;25;0;0;-1;1;-1;-1;-1;-1;-1;-1;1;1;3;2;2;5;-1;0;0;0;0;0;0;0;0;0;0;0;0;0;1;1;0;0;-1;-1;1;0;-1;-1;-1;-1;-1;-1;-1;-1;-1;0;0;25;50;75;25;50;50;0;0;0;5;1.5;Western Sydney Wanderers;Melbourne City FC;1.81;0.29;0.5;1.5;1;1;100;100;75;50;25;0;0;0;0;0;0;4303;27;Y;Y;Y;N;N;N;Y
919124;603;606;2012/2013;complete;56985;5;-1;16,29,39,56,62,65,67;8,54;7;2;9;-1;-1;-1;-1;-1;1;3;0;0;-1;-1;-1;-1;-1;-1;-1;-1;-1;-1;1;3;0;0;0;0;0;0;0;0;0;0;0;0;0;0;0;0;0;0;0;0;0;0;0;0;0;0;0;0;0;0;0;0;0;0;0;0;0;0;0;0;0;0;0;0;0;0;0;0;0;0;0;0;0;0;0;0;0;0;0;0;0;0;0;0;0;0;0;0;9;3;1;4;1;5;4;2012-11-03 08:30:00;603;0;0;0;0;0;-1;1;-1;-1;-1;-1;-1;-1;1;2;0;1;3;1;-1;0;0;0;0;0;0;0;1;0;1;0;0;0;1;1;0;1;-1;-1;0;0;-1;-1;-1;-1;-1;-1;-1;-1;-1;0;0;0;25;100;0;25;100;0;0;0;4.5;1.25;Central Coast Mariners;Sydney FC;2.64;0.64;3;1.5;1.75;1.5;100;100;100;75;0;0;0;0;0;0;0;4303;27;Y;Y;Y;Y;Y;Y;Y
919126;600;605;2012/2013;complete;56985;5;-1;11,38,85;6,71;3;2;5;-1;-1;-1;-1;-1;4;4;0;0;-1;-1;-1;-1;-1;-1;-1;-1;-1;-1;4;4;0;0;0;0;0;0;0;0;0;0;0;0;0;0;0;0;0;0;0;0;0;0;0;0;0;0;0;0;0;0;0;0;0;0;0;0;0;0;0;0;0;0;0;0;0;0;0;0;0;0;0;0;0;0;0;0;0;0;0;0;0;0;0;0;0;0;0;0;5;2;1;1;1;2;3;2012-11-03 10:45:00;600;0;50;50;50;0;-1;1;-1;-1;-1;-1;-1;-1;1;3;3;1;4;4;-1;0;0;0;0;0;0;0;0;0;0;0;0;0;1;1;0;1;-1;-1;0;1;-1;-1;-1;-1;-1;-1;-1;-1;-1;50;50;50;75;100;50;75;100;50;0;0;5.5;3.25;Perth Glory FC;Newcastle Jets FC;1.57;0.93;3;3;1.5;2.25;50;50;50;25;0;0;0;0;0;0;0;4303;27;Y;Y;Y;Y;Y;N;Y
919128;604;601;2012/2013;complete;56985;5;-1;;3;0;1;1;-1;-1;-1;-1;-1;1;5;0;0;-1;-1;-1;-1;-1;-1;-1;-1;-1;-1;1;5;0;0;0;0;0;0;0;0;0;0;0;0;0;0;0;0;0;0;0;0;0;0;0;0;0;0;0;0;0;0;0;0;0;0;0;0;0;0;0;0;0;0;0;0;0;0;0;0;0;0;0;0;0;0;0;0;0;0;0;0;0;0;0;0;0;0;0;0;1;0;1;0;0;0;1;2012-11-04 06:00:00;601;0;25;0;25;0;-1;1;-1;-1;-1;-1;-1;-1;1;2;0;3;3;3;-1;0;0;0;0;0;0;0;0;0;0;0;0;0;1;1;0;1;-1;-1;0;0;-1;-1;-1;-1;-1;-1;-1;-1;-1;25;25;50;75;100;25;75;75;50;0;0;3.5;2.75;Brisbane Roar;Adelaide United;1.77;1.15;1.5;1.5;1;2.25;75;75;50;25;0;0;0;0;0;0;0;4303;28;Y;N;N;N;N;N;N
919130;607;609;2012/2013;complete;56985;5;-1;19,38,48;81,90;3;2;5;-1;-1;-1;-1;-1;0;1;0;0;-1;-1;-1;-1;-1;-1;-1;-1;-1;-1;0;1;0;0;0;0;0;0;0;0;0;0;0;0;0;0;0;0;0;0;0;0;0;0;0;0;0;0;0;0;0;0;0;0;0;0;0;0;0;0;0;0;0;0;0;0;0;0;0;0;0;0;0;0;0;0;0;0;0;0;0;0;0;0;0;0;0;0;0;0;5;2;0;1;2;3;2;2012-11-05 08:30:00;607;0;100;25;25;0;-1;1;-1;-1;-1;-1;-1;-1;0;1;0;0;1;0;-1;0;0;0;0;0;0;0;0;0;0;0;0;0;1;1;0;0;-1;-1;0;0;-1;-1;-1;-1;-1;-1;-1;-1;-1;0;25;75;100;100;25;75;75;50;0;0;6.5;3;Melbourne Victory FC;Wellington Phoenix;2;0.62;1.5;0.5;0.75;1.25;100;75;25;0;0;0;0;0;0;0;0;4303;27;Y;Y;Y;Y;Y;N;Y
919131;602;604;2012/2013;complete;56985;6;-1;20,63,71,74;82;4;1;5;-1;-1;-1;-1;-1;3;2;0;0;-1;-1;-1;-1;-1;-1;-1;-1;-1;-1;3;2;0;0;0;0;0;0;0;0;0;0;0;0;0;0;0;0;0;0;0;0;0;0;0;0;0;0;0;0;0;0;0;0;0;0;0;0;0;0;0;0;0;0;0;0;0;0;0;0;0;0;0;0;0;0;0;0;0;0;0;0;0;0;0;0;0;0;0;0;5;1;0;3;1;4;1;2012-11-09 08:30:00;602;0;50;25;0;0;-1;1;-1;-1;-1;-1;-1;-1;1;1;2;1;2;3;-1;0;0;0;0;0;0;0;1;0;1;0;0;0;1;1;0;0;-1;-1;0;1;-1;-1;-1;-1;-1;-1;-1;-1;-1;0;0;0;50;100;25;50;75;0;0;0;6;1.5;Melbourne City FC;Brisbane Roar;1.77;0.94;0.5;0.5;0.8;0.8;100;100;100;50;0;0;0;0;0;0;0;4303;27;Y;Y;Y;Y;Y;N;Y
919133;608;605;2012/2013;complete;56985;6;-1;15;28,38;1;2;3;-1;-1;-1;-1;-1;1;5;0;1;-1;-1;-1;-1;-1;-1;-1;-1;-1;-1;1;6;0;0;0;0;0;0;0;0;0;0;0;0;0;0;0;0;0;0;0;0;0;0;0;0;0;0;0;0;0;0;0;0;0;0;0;0;0;0;0;0;0;0;0;0;0;0;0;0;0;0;0;0;0;0;0;0;0;0;0;0;0;0;0;0;0;0;0;0;3;1;2;0;0;0;3;2012-11-10 06:30:00;605;0;67;50;67;0;-1;1;-1;-1;-1;-1;-1;-1;1;1;0;5;2;5;-1;0;0;0;0;0;0;0;0;0;0;0;0;0;1;1;0;0;-1;-1;0;0;-1;-1;-1;-1;-1;-1;-1;-1;-1;50;50;67;67;84;50;67;84;67;0;0;5.83;3.17;Western Sydney Wanderers;Newcastle Jets FC;1.81;0.93;1.33;1.5;1.4;1.8;50;50;34;34;17;0;0;0;0;0;0;4303;27;Y;Y;Y;N;N;N;Y
919135;606;607;2012/2013;complete;56985;6;-1;14,48;78,86,90;2;3;5;-1;-1;-1;-1;-1;2;4;0;0;-1;-1;-1;-1;-1;-1;-1;-1;-1;-1;2;4;0;0;0;0;0;0;0;0;0;0;0;0;0;0;0;0;0;0;0;0;0;0;0;0;0;0;0;0;0;0;0;0;0;0;0;0;0;0;0;0;0;0;0;0;0;0;0;0;0;0;0;0;0;0;0;0;0;0;0;0;0;0;0;0;0;0;0;0;5;1;0;1;3;4;1;2012-11-10 08:45:00;607;0;75;25;50;0;-1;1;-1;-1;-1;-1;-1;-1;1;1;1;3;2;4;-1;0;0;0;0;0;0;0;0;0;0;0;0;0;1;1;0;0;-1;-1;0;0;-1;-1;-1;-1;-1;-1;-1;-1;-1;50;50;100;100;100;50;75;100;100;0;0;6;4;Sydney FC;Melbourne Victory FC;1.77;1.21;1.5;0;1.2;1.2;50;50;0;0;0;0;0;0;0;0;0;4303;27;Y;Y;Y;Y;Y;N;Y
919137;609;603;2012/2013;complete;56985;6;-1;;68;0;1;1;-1;-1;-1;-1;-1;2;1;0;0;-1;-1;-1;-1;-1;-1;-1;-1;-1;-1;2;1;0;0;0;0;0;0;0;0;0;0;0;0;0;0;0;0;0;0;0;0;0;0;0;0;0;0;0;0;0;0;0;0;0;0;0;0;0;0;0;0;0;0;0;0;0;0;0;0;0;0;0;0;0;0;0;0;0;0;0;0;0;0;0;0;0;0;0;0;1;0;0;0;1;1;0;2012-11-11 03:30:00;603;0;42;25;17;0;-1;1;-1;-1;-1;-1;-1;-1;0;0;2;1;0;3;-1;0;0;0;0;0;0;0;0;0;0;0;0;0;1;1;0;0;-1;-1;0;0;-1;-1;-1;-1;-1;-1;-1;-1;-1;0;0;17;67;84;25;67;59;17;0;0;2.67;1.67;Wellington Phoenix;Central Coast Mariners;1.36;1.53;2;1.33;1;2;100;100;84;34;17;0;0;0;0;0;0;4303;27;Y;N;N;N;N;N;N
919140;601;600;2012/2013;complete;56985;6;-1;49;43;1;1;2;-1;-1;-1;-1;-1;0;4;0;0;-1;-1;-1;-1;-1;-1;-1;-1;-1;-1;0;4;0;0;0;0;0;0;0;0;0;0;0;0;0;0;0;0;0;0;0;0;0;0;0;0;0;0;0;0;0;0;0;0;0;0;0;0;0;0;0;0;0;0;0;0;0;0;0;0;0;0;0;0;0;0;0;0;0;0;0;0;0;0;0;0;0;0;0;0;2;0;1;1;0;1;1;2012-11-11 06:00:00;-1;0;50;0;0;0;-1;1;-1;-1;-1;-1;-1;-1;0;1;0;3;1;3;-1;0;0;0;0;0;0;0;0;0;0;0;0;0;1;1;0;0;-1;-1;0;0;-1;-1;-1;-1;-1;-1;-1;-1;-1;0;25;50;50;100;0;50;100;50;0;0;7.5;2.25;Adelaide United;Perth Glory FC;1.73;0.71;3;0;2.4;1.8;100;75;50;50;0;0;0;0;0;0;0;4303;28;Y;Y;N;N;N;N;Y
919143;604;606;2012/2013;complete;56985;7;-1;30,33,45,56;42,49;4;2;6;-1;-1;-1;-1;-1;1;6;0;0;-1;-1;-1;-1;-1;-1;-1;-1;-1;-1;1;6;0;0;0;0;0;0;0;0;0;0;0;0;0;0;0;0;0;0;0;0;0;0;0;0;0;0;0;0;0;0;0;0;0;0;0;0;0;0;0;0;0;0;0;0;0;0;0;0;0;0;0;0;0;0;0;0;0;0;0;0;0;0;0;0;0;0;0;0;6;3;1;1;1;2;4;2012-11-16 09:00:00;604;0;17;17;17;0;-1;1;-1;-1;-1;-1;-1;-1;0;2;1;4;2;5;-1;0;0;0;0;0;0;0;0;0;0;0;0;0;1;1;0;0;-1;-1;0;0;-1;-1;-1;-1;-1;-1;-1;-1;-1;33;33;33;50;100;33;84;67;33;0;0;4;3.17;Brisbane Roar;Sydney FC;1.77;0.64;1;1;0.67;1;67;67;67;50;0;0;0;0;0;0;0;4303;27;Y;Y;Y;Y;Y;Y;Y
919146;601;602;2012/2013;complete;56985;7;-1;58;;1;0;1;-1;-1;-1;-1;-1;0;2;0;0;-1;-1;-1;-1;-1;-1;-1;-1;-1;-1;0;2;0;0;0;0;0;0;0;0;0;0;0;0;0;0;0;0;0;0;0;0;0;0;0;0;0;0;0;0;0;0;0;0;0;0;0;0;0;0;0;0;0;0;0;0;0;0;0;0;0;0;0;0;0;0;0;0;0;0;0;0;0;0;0;0;0;0;0;0;1;0;0;1;0;1;0;2012-11-17 06:30:00;601;0;67;17;17;0;-1;1;-1;-1;-1;-1;-1;-1;0;1;0;1;1;1;-1;0;0;0;0;0;0;0;0;0;0;0;0;0;1;1;0;0;-1;-1;0;0;-1;-1;-1;-1;-1;-1;-1;-1;-1;0;17;50;84;100;17;84;84;33;0;0;5.66;2.5;Adelaide United;Melbourne City FC;1.73;0.29;2.33;1;2.17;1.17;100;84;50;17;0;0;0;0;0;0;0;4303;27;Y;N;N;N;N;N;N
919149;607;603;2012/2013;complete;56985;7;-1;10,40;4,22;2;2;4;-1;-1;-1;-1;-1;2;3;1;1;-1;-1;-1;-1;-1;-1;-1;-1;-1;-1;3;4;0;0;0;0;0;0;0;0;0;0;0;0;0;0;0;0;0;0;0;0;0;0;0;0;0;0;0;0;0;0;0;0;0;0;0;0;0;0;0;0;0;0;0;0;0;0;0;0;0;0;0;0;0;0;0;0;0;0;0;0;0;0;0;0;0;0;0;0;4;2;2;0;0;0;4;2012-11-17 08:45:00;-1;0;63;17;46;0;-1;1;-1;-1;-1;-1;-1;-1;0;1;3;3;1;6;-1;0;0;0;0;0;0;0;0;0;0;0;0;0;1;1;1;1;-1;-1;0;1;-1;-1;-1;-1;-1;-1;-1;-1;-1;17;17;63;63;88;34;46;71;46;0;0;3.17;2.46;Melbourne Victory FC;Central Coast Mariners;2;1.53;2;1.75;1.5;2.17;84;84;38;38;13;0;0;0;0;0;0;4303;29;Y;Y;Y;Y;N;N;Y
919151;605;609;2012/2013;complete;56985;7;-1;;44,81,87;0;3;3;-1;-1;-1;-1;-1;1;2;0;0;-1;-1;-1;-1;-1;-1;-1;-1;-1;-1;1;2;0;0;0;0;0;0;0;0;0;0;0;0;0;0;0;0;0;0;0;0;0;0;0;0;0;0;0;0;0;0;0;0;0;0;0;0;0;0;0;0;0;0;0;0;0;0;0;0;0;0;0;0;0;0;0;0;0;0;0;0;0;0;0;0;0;0;0;0;3;0;1;0;2;2;1;2012-11-18 04:00:00;609;0;84;0;50;0;-1;1;-1;-1;-1;-1;-1;-1;0;0;1;2;0;3;-1;0;0;0;0;0;0;0;0;1;0;1;0;0;1;1;0;0;-1;-1;0;0;-1;-1;-1;-1;-1;-1;-1;-1;-1;17;34;67;100;100;17;84;100;67;0;0;6.33;3.17;Newcastle Jets FC;Wellington Phoenix;1.38;0.62;2;0.33;2;0.83;84;67;33;0;0;0;0;0;0;0;0;4303;27;Y;Y;Y;N;N;N;N
919154;600;608;2012/2013;complete;56985;7;-1;;15;0;1;1;-1;-1;-1;-1;-1;1;5;0;1;-1;-1;-1;-1;-1;-1;-1;-1;-1;-1;1;7;0;0;0;0;0;0;0;0;0;0;0;0;0;0;0;0;0;0;0;0;0;0;0;0;0;0;0;0;0;0;0;0;0;0;0;0;0;0;0;0;0;0;0;0;0;0;0;0;0;0;0;0;0;0;0;0;0;0;0;0;0;0;0;0;0;0;0;0;1;0;1;0;0;0;1;2012-11-18 06:00:00;608;0;17;17;17;0;-1;1;-1;-1;-1;-1;-1;-1;1;2;0;4;3;4;-1;0;0;0;0;0;0;0;0;0;0;0;0;0;1;1;0;0;-1;-1;0;0;-1;-1;-1;-1;-1;-1;-1;-1;-1;17;17;17;34;100;17;59;75;17;0;0;6.5;1.84;Perth Glory FC;Western Sydney Wanderers;1.57;2.38;3;1.5;1.67;1.17;84;84;84;67;0;0;0;0;0;0;0;4303;28;Y;N;N;N;N;N;N
919157;606;601;2012/2013;complete;56985;8;-1;56;21,88;1;2;3;-1;-1;-1;-1;-1;5;3;0;0;-1;-1;-1;-1;-1;-1;-1;-1;-1;-1;5;3;0;0;0;0;0;0;0;0;0;0;0;0;0;0;0;0;0;0;0;0;0;0;0;0;0;0;0;0;0;0;0;0;0;0;0;0;0;0;0;0;0;0;0;0;0;0;0;0;0;0;0;0;0;0;0;0;0;0;0;0;0;0;0;0;0;0;0;0;3;0;1;1;1;2;1;2012-11-23 08:30:00;601;0;67;17;50;0;-1;1;-1;-1;-1;-1;-1;-1;3;1;2;2;4;4;-1;0;0;0;0;0;0;0;0;0;0;0;0;0;1;1;0;0;-1;-1;1;0;-1;-1;-1;-1;-1;-1;-1;-1;-1;34;34;67;84;100;17;84;84;67;0;0;6;3.17;Sydney FC;Adelaide United;1.77;1.15;1;2;0.86;2.29;67;67;34;17;0;0;0;0;0;0;0;4303;27;Y;Y;Y;N;N;N;Y
919160;602;605;2012/2013;complete;56985;8;-1;1,5,71;56,63,87;3;3;6;-1;-1;-1;-1;-1;4;5;0;0;-1;-1;-1;-1;-1;-1;-1;-1;-1;-1;4;5;0;0;0;0;0;0;0;0;0;0;0;0;0;0;0;0;0;0;0;0;0;0;0;0;0;0;0;0;0;0;0;0;0;0;0;0;0;0;0;0;0;0;0;0;0;0;0;0;0;0;0;0;0;0;0;0;0;0;0;0;0;0;0;0;0;0;0;0;6;2;0;1;3;4;2;2012-11-24 06:30:00;-1;0;84;50;50;0;-1;1;-1;-1;-1;-1;-1;-1;0;2;4;3;2;7;-1;0;0;0;0;0;0;0;1;0;1;0;0;0;1;1;2;0;-1;-1;0;0;-1;-1;-1;-1;-1;-1;-1;-1;-1;50;50;67;84;100;50;84;84;50;0;0;7.66;3.5;Melbourne City FC;Newcastle Jets FC;1.77;0.93;1.33;2;1;1.71;50;50;34;17;0;0;0;0;0;0;0;4303;27;Y;Y;Y;Y;Y;Y;Y
919162;608;607;2012/2013;complete;56985;8;-1;;44,60;0;2;2;-1;-1;-1;-1;-1;1;3;0;1;-1;-1;-1;-1;-1;-1;-1;-1;-1;-1;1;5;0;0;0;0;0;0;0;0;0;0;0;0;0;0;0;0;0;0;0;0;0;0;0;0;0;0;0;0;0;0;0;0;0;0;0;0;0;0;0;0;0;0;0;0;0;0;0;0;0;0;0;0;0;0;0;0;0;0;0;0;0;0;0;0;0;0;0;0;2;0;1;0;1;1;1;2012-11-24 08:45:00;607;0;59;13;46;0;-1;1;-1;-1;-1;-1;-1;-1;0;2;1;2;2;3;-1;0;0;0;0;0;0;0;0;0;0;0;0;0;1;1;0;0;-1;-1;0;0;-1;-1;-1;-1;-1;-1;-1;-1;-1;34;34;75;75;88;29;59;75;63;0;0;5;3.04;Western Sydney Wanderers;Melbourne Victory FC;1.81;1.21;1;1;1.43;1.43;67;67;25;25;13;0;0;0;0;0;0;4303;29;Y;Y;N;N;N;N;N
919165;600;609;2012/2013;complete;56985;8;-1;62;73;1;1;2;-1;-1;-1;-1;-1;2;3;0;0;-1;-1;-1;-1;-1;-1;-1;-1;-1;-1;2;3;0;0;0;0;0;0;0;0;0;0;0;0;0;0;0;0;0;0;0;0;0;0;0;0;0;0;0;0;0;0;0;0;0;0;0;0;0;0;0;0;0;0;0;0;0;0;0;0;0;0;0;0;0;0;0;0;0;0;0;0;0;0;0;0;0;0;0;0;2;0;0;1;1;2;0;2012-11-24 10:45:00;-1;0;50;13;25;0;-1;1;-1;-1;-1;-1;-1;-1;0;2;2;1;2;3;-1;0;0;0;0;0;0;0;0;0;0;0;0;0;1;1;0;0;-1;-1;0;0;-1;-1;-1;-1;-1;-1;-1;-1;-1;25;38;50;75;100;25;88;88;50;0;0;5.25;2.88;Perth Glory FC;Wellington Phoenix;1.57;0.62;2.25;1;1.43;1.14;75;63;50;25;0;0;0;0;0;0;0;4303;27;Y;Y;N;N;N;N;Y
919168;603;604;2012/2013;complete;56985;8;-1;4,81;32;2;1;3;-1;-1;-1;-1;-1;3;3;0;0;-1;-1;-1;-1;-1;-1;-1;-1;-1;-1;3;3;0;0;0;0;0;0;0;0;0;0;0;0;0;0;0;0;0;0;0;0;0;0;0;0;0;0;0;0;0;0;0;0;0;0;0;0;0;0;0;0;0;0;0;0;0;0;0;0;0;0;0;0;0;0;0;0;0;0;0;0;0;0;0;0;0;0;0;0;3;1;1;1;0;1;2;2012-11-25 06:00:00;603;0;59;42;42;0;-1;1;-1;-1;-1;-1;-1;-1;1;1;2;2;2;4;-1;0;0;0;0;0;0;0;0;0;0;0;0;0;1;1;1;0;-1;-1;0;0;-1;-1;-1;-1;-1;-1;-1;-1;-1;42;42;42;59;100;42;59;84;42;0;0;3.83;3.84;Central Coast Mariners;Brisbane Roar;2.64;0.94;3;0.33;2;1;59;59;59;42;0;0;0;0;0;0;0;4303;29;Y;Y;Y;N;N;N;Y
919171;607;600;2012/2013;complete;56985;9;-1;58;;1;0;1;-1;-1;-1;-1;-1;1;3;0;0;-1;-1;-1;-1;-1;-1;-1;-1;-1;-1;1;3;0;0;0;0;0;0;0;0;0;0;0;0;0;0;0;0;0;0;0;0;0;0;0;0;0;0;0;0;0;0;0;0;0;0;0;0;0;0;0;0;0;0;0;0;0;0;0;0;0;0;0;0;0;0;0;0;0;0;0;0;0;0;0;0;0;0;0;0;1;0;0;1;0;1;0;2012-11-30 08:30:00;607;0;84;25;25;0;-1;1;-1;-1;-1;-1;-1;-1;1;2;0;1;3;1;-1;0;0;0;0;0;0;0;0;0;0;0;0;0;1;1;0;0;-1;-1;0;0;-1;-1;-1;-1;-1;-1;-1;-1;-1;13;25;67;84;100;38;71;75;42;0;0;6;2.88;Melbourne Victory FC;Perth Glory FC;2;0.71;1.75;0.33;1.63;1.38;88;75;34;17;0;0;0;0;0;0;0;4303;28;Y;N;N;N;N;N;N
919174;603;601;2012/2013;complete;56985;9;-1;45,76;17;2;1;3;-1;-1;-1;-1;-1;4;0;0;0;-1;-1;-1;-1;-1;-1;-1;-1;-1;-1;4;0;0;0;0;0;0;0;0;0;0;0;0;0;0;0;0;0;0;0;0;0;0;0;0;0;0;0;0;0;0;0;0;0;0;0;0;0;0;0;0;0;0;0;0;0;0;0;0;0;0;0;0;0;0;0;0;0;0;0;0;0;0;0;0;0;0;0;0;0;3;1;1;1;0;1;2;2012-12-01 06:30:00;603;0;59;34;42;0;-1;1;-1;-1;-1;-1;-1;-1;0;0;4;0;0;4;-1;0;0;0;0;0;0;0;0;0;0;0;0;0;1;1;0;0;-1;-1;0;0;-1;-1;-1;-1;-1;-1;-1;-1;-1;17;17;59;71;100;34;71;88;42;0;0;5;3.29;Central Coast Mariners;Adelaide United;2.64;1.15;3;2.25;2.13;2.38;84;84;42;29;0;0;0;0;0;0;0;4303;28;Y;Y;Y;N;N;N;Y
919177;604;605;2012/2013;complete;56985;9;-1;41;;1;0;1;-1;-1;-1;-1;-1;0;6;1;1;-1;-1;-1;-1;-1;-1;-1;-1;-1;-1;2;7;0;0;0;0;0;0;0;0;0;0;0;0;0;0;0;0;0;0;0;0;0;0;0;0;0;0;0;0;0;0;0;0;0;0;0;0;0;0;0;0;0;0;0;0;0;0;0;0;0;0;0;0;0;0;0;0;0;0;0;0;0;0;0;0;0;0;0;0;1;1;0;0;0;0;1;2012-12-01 08:45:00;604;0;63;50;50;0;-1;1;-1;-1;-1;-1;-1;-1;1;5;0;2;6;2;-1;0;0;0;0;0;0;0;1;0;1;0;0;0;1;1;0;0;-1;-1;0;0;-1;-1;-1;-1;-1;-1;-1;-1;-1;63;63;75;75;100;75;100;63;63;0;0;5.75;4;Brisbane Roar;Newcastle Jets FC;1.77;0.93;1.5;1.75;0.88;1.63;38;38;25;25;0;0;0;0;0;0;0;4303;27;Y;N;N;N;N;N;N
919179;609;608;2012/2013;complete;56985;9;-1;22;;1;0;1;-1;-1;-1;-1;-1;1;0;0;0;-1;-1;-1;-1;-1;-1;-1;-1;-1;-1;1;0;0;0;0;0;0;0;0;0;0;0;0;0;0;0;0;0;0;0;0;0;0;0;0;0;0;0;0;0;0;0;0;0;0;0;0;0;0;0;0;0;0;0;0;0;0;0;0;0;0;0;0;0;0;0;0;0;0;0;0;0;0;0;0;0;0;0;0;0;1;1;0;0;0;0;1;2012-12-02 03:30:00;609;0;17;17;0;0;-1;1;-1;-1;-1;-1;-1;-1;0;0;1;0;0;1;-1;0;0;0;0;0;0;0;0;0;0;0;0;0;1;1;0;0;-1;-1;0;0;-1;-1;-1;-1;-1;-1;-1;-1;-1;0;0;0;34;100;17;67;50;0;0;0;6;1.34;Wellington Phoenix;Western Sydney Wanderers;1.36;2.38;1.33;2;1.13;1.25;100;100;100;67;0;0;0;0;0;0;0;4303;27;Y;N;N;N;N;N;N
919182;606;602;2012/2013;complete;56985;9;-1;;;0;0;0;-1;-1;-1;-1;-1;1;3;0;0;-1;-1;-1;-1;-1;-1;-1;-1;-1;-1;1;3;0;0;0;0;0;0;0;0;0;0;0;0;0;0;0;0;0;0;0;0;0;0;0;0;0;0;0;0;0;0;0;0;0;0;0;0;0;0;0;0;0;0;0;0;0;0;0;0;0;0;0;0;0;0;0;0;0;0;0;0;0;0;0;0;0;0;0;0;0;0;0;0;0;0;0;2012-12-02 06:00:00;-1;0;75;25;50;0;-1;1;-1;-1;-1;-1;-1;-1;0;1;1;2;1;3;-1;0;0;0;0;0;0;0;0;0;0;0;0;0;1;1;0;0;-1;-1;0;0;-1;-1;-1;-1;-1;-1;-1;-1;-1;25;25;75;88;100;25;88;88;63;0;0;6.5;3.13;Sydney FC;Melbourne City FC;1.77;0.29;0.75;0.75;0.75;1;75;75;25;13;0;0;0;0;0;0;0;4303;27;N;N;N;N;N;N;N
919185;601;607;2012/2013;complete;56985;10;-1;3,21,25,32;5,47;4;2;6;-1;-1;-1;-1;-1;4;5;0;0;-1;-1;-1;-1;-1;-1;-1;-1;-1;-1;4;5;0;0;0;0;0;0;0;0;0;0;0;0;0;0;0;0;0;0;0;0;0;0;0;0;0;0;0;0;0;0;0;0;0;0;0;0;0;0;0;0;0;0;0;0;0;0;0;0;0;0;0;0;0;0;0;0;0;0;0;0;0;0;0;0;0;0;0;0;6;4;1;0;1;1;5;2012-12-07 08:30:00;601;0;50;0;25;0;-1;1;-1;-1;-1;-1;-1;-1;2;4;2;1;6;3;-1;0;0;0;0;0;0;0;0;0;0;0;0;0;1;1;1;1;-1;-1;1;0;-1;-1;-1;-1;-1;-1;-1;-1;-1;25;38;50;75;100;13;63;100;50;0;0;5.25;2.88;Adelaide United;Melbourne Victory FC;1.73;1.21;2.5;1.5;2.11;1.78;75;63;50;25;0;0;0;0;0;0;0;4303;28;Y;Y;Y;Y;Y;Y;Y
919188;602;600;2012/2013;complete;56985;10;-1;89;;1;0;1;-1;-1;-1;-1;-1;1;2;0;0;-1;-1;-1;-1;-1;-1;-1;-1;-1;-1;1;2;0;0;0;0;0;0;0;0;0;0;0;0;0;0;0;0;0;0;0;0;0;0;0;0;0;0;0;0;0;0;0;0;0;0;0;0;0;0;0;0;0;0;0;0;0;0;0;0;0;0;0;0;0;0;0;0;0;0;0;0;0;0;0;0;0;0;0;0;1;0;0;1;0;1;0;2012-12-08 06:30:00;602;0;63;0;25;0;-1;1;-1;-1;-1;-1;-1;-1;0;0;1;2;0;3;-1;0;0;0;0;0;0;0;0;0;0;0;0;0;1;1;0;0;-1;-1;0;0;-1;-1;-1;-1;-1;-1;-1;-1;-1;25;25;38;63;100;13;63;100;38;0;0;7.25;2.63;Melbourne City FC;Perth Glory FC;1.77;0.71;1.25;0.25;1;1.22;75;75;63;38;0;0;0;0;0;0;0;4303;27;Y;N;N;N;N;N;N
919191;605;603;2012/2013;complete;56985;10;-1;;49,66;0;2;2;-1;-1;-1;-1;-1;2;1;0;0;-1;-1;-1;-1;-1;-1;-1;-1;-1;-1;2;1;0;0;0;0;0;0;0;0;0;0;0;0;0;0;0;0;0;0;0;0;0;0;0;0;0;0;0;0;0;0;0;0;0;0;0;0;0;0;0;0;0;0;0;0;0;0;0;0;0;0;0;0;0;0;0;0;0;0;0;0;0;0;0;0;0;0;0;0;2;0;0;0;2;2;0;2012-12-08 08:45:00;603;0;45;10;35;0;-1;1;-1;-1;-1;-1;-1;-1;0;1;2;0;1;2;-1;0;0;0;0;0;0;0;0;0;0;0;0;0;1;1;0;0;-1;-1;0;0;-1;-1;-1;-1;-1;-1;-1;-1;-1;0;10;58;70;90;10;58;80;48;0;0;4.75;2.28;Newcastle Jets FC;Central Coast Mariners;1.38;1.53;1.5;1.6;1.44;2.22;100;90;43;30;10;0;0;0;0;0;0;4303;27;Y;Y;N;N;N;N;N
919194;609;606;2012/2013;complete;56985;10;-1;90;45,70;1;2;3;-1;-1;-1;-1;-1;2;4;0;1;-1;-1;-1;-1;-1;-1;-1;-1;-1;-1;2;5;0;0;0;0;0;0;0;0;0;0;0;0;0;0;0;0;0;0;0;0;0;0;0;0;0;0;0;0;0;0;0;0;0;0;0;0;0;0;0;0;0;0;0;0;0;0;0;0;0;0;0;0;0;0;0;0;0;0;0;0;0;0;0;0;0;0;0;0;3;0;1;1;1;2;1;2012-12-09 03:30:00;606;0;38;38;25;0;-1;1;-1;-1;-1;-1;-1;-1;1;2;1;3;3;4;-1;0;0;0;0;0;0;0;1;0;1;0;0;0;1;1;0;0;-1;-1;1;0;-1;-1;-1;-1;-1;-1;-1;-1;-1;25;25;25;63;100;38;75;75;25;0;0;4.75;3;Wellington Phoenix;Sydney FC;1.36;0.64;1.75;0.75;1.33;0.78;75;75;75;38;0;0;0;0;0;0;0;4303;27;Y;Y;Y;N;N;N;Y
919197;608;604;2012/2013;complete;56985;10;-1;87;;1;0;1;-1;-1;-1;-1;-1;2;4;0;0;-1;-1;-1;-1;-1;-1;-1;-1;-1;-1;2;4;0;0;0;0;0;0;0;0;0;0;0;0;0;0;0;0;0;0;0;0;0;0;0;0;0;0;0;0;0;0;0;0;0;0;0;0;0;0;0;0;0;0;0;0;0;0;0;0;0;0;0;0;0;0;0;0;0;0;0;0;0;0;0;0;0;0;0;0;1;0;0;1;0;1;0;2012-12-09 06:00:00;608;0;58;35;23;0;-1;1;-1;-1;-1;-1;-1;-1;1;1;1;3;2;4;-1;0;0;0;0;0;0;0;1;0;1;0;0;0;1;1;0;0;-1;-1;0;0;-1;-1;-1;-1;-1;-1;-1;-1;-1;13;13;45;68;90;35;68;68;23;0;0;4.3;2.28;Western Sydney Wanderers;Brisbane Roar;1.81;0.94;0.8;0.25;1.11;1.11;88;88;55;33;10;0;0;0;0;0;0;4303;29;Y;N;N;N;N;N;N
919199;603;602;2012/2013;complete;56985;11;-1;50,69;;2;0;2;-1;-1;-1;-1;-1;1;4;0;0;-1;-1;-1;-1;-1;-1;-1;-1;-1;-1;1;4;0;0;0;0;0;0;0;0;0;0;0;0;0;0;0;0;0;0;0;0;0;0;0;0;0;0;0;0;0;0;0;0;0;0;0;0;0;0;0;0;0;0;0;0;0;0;0;0;0;0;0;0;0;0;0;0;0;0;0;0;0;0;0;0;0;0;0;0;2;0;0;2;0;2;0;2012-12-14 08:30:00;603;0;58;48;23;0;-1;1;-1;-1;-1;-1;-1;-1;0;2;1;2;2;3;-1;0;0;0;0;0;0;0;0;0;0;0;0;0;1;1;0;0;-1;-1;0;0;-1;-1;-1;-1;-1;-1;-1;-1;-1;13;13;58;68;90;48;68;80;23;0;0;5.5;2.9;Central Coast Mariners;Melbourne City FC;2.64;0.29;3;0.8;2.3;1.2;88;88;43;33;10;0;0;0;0;0;0;4303;27;Y;Y;N;N;N;N;N
919202;600;605;2012/2013;complete;56985;11;-1;45,49,75;;3;0;3;-1;-1;-1;-1;-1;1;2;0;0;-1;-1;-1;-1;-1;-1;-1;-1;-1;-1;1;2;0;0;0;0;0;0;0;0;0;0;0;0;0;0;0;0;0;0;0;0;0;0;0;0;0;0;0;0;0;0;0;0;0;0;0;0;0;0;0;0;0;0;0;0;0;0;0;0;0;0;0;0;0;0;0;0;0;0;0;0;0;0;0;0;0;0;0;0;3;1;0;2;0;2;1;2012-12-14 10:45:00;600;0;60;40;50;0;-1;1;-1;-1;-1;-1;-1;-1;0;1;1;1;1;2;-1;0;0;0;0;0;0;0;1;0;1;0;0;0;1;1;0;0;-1;-1;0;0;-1;-1;-1;-1;-1;-1;-1;-1;-1;40;40;50;70;100;50;80;70;50;0;0;7.4;3.1;Perth Glory FC;Newcastle Jets FC;1.57;0.93;2;1.4;1.1;1.3;60;60;50;30;0;0;0;0;0;0;0;4303;27;Y;Y;Y;N;N;N;N
919205;607;604;2012/2013;complete;56985;11;-1;49;24;1;1;2;-1;-1;-1;-1;-1;3;1;0;0;-1;-1;-1;-1;-1;-1;-1;-1;-1;-1;3;1;0;0;0;0;0;0;0;0;0;0;0;0;0;0;0;0;0;0;0;0;0;0;0;0;0;0;0;0;0;0;0;0;0;0;0;0;0;0;0;0;0;0;0;0;0;0;0;0;0;0;0;0;0;0;0;0;0;0;0;0;0;0;0;0;0;0;0;0;2;0;1;1;0;1;1;2012-12-15 06:30:00;-1;0;70;40;30;0;-1;1;-1;-1;-1;-1;-1;-1;2;1;1;0;3;1;-1;0;0;0;0;0;0;0;0;0;0;0;0;0;1;1;0;0;-1;-1;0;0;-1;-1;-1;-1;-1;-1;-1;-1;-1;20;30;60;70;100;50;60;70;30;0;0;4.6;2.8;Melbourne Victory FC;Brisbane Roar;2;0.94;2;0.2;1.6;1;80;70;40;30;0;0;0;0;0;0;0;4303;29;Y;Y;N;N;N;N;Y
919208;606;608;2012/2013;complete;56985;11;-1;;24,77;0;2;2;-1;-1;-1;-1;-1;1;3;0;0;-1;-1;-1;-1;-1;-1;-1;-1;-1;-1;1;3;0;0;0;0;0;0;0;0;0;0;0;0;0;0;0;0;0;0;0;0;0;0;0;0;0;0;0;0;0;0;0;0;0;0;0;0;0;0;0;0;0;0;0;0;0;0;0;0;0;0;0;0;0;0;0;0;0;0;0;0;0;0;0;0;0;0;0;0;2;0;1;0;1;1;1;2012-12-15 08:45:00;608;0;40;10;30;0;-1;1;-1;-1;-1;-1;-1;-1;0;2;1;1;2;2;-1;0;0;0;0;0;0;0;0;0;0;0;0;0;1;1;0;0;-1;-1;0;0;-1;-1;-1;-1;-1;-1;-1;-1;-1;20;20;40;40;90;10;78;53;40;0;0;6.5;2.1;Sydney FC;Western Sydney Wanderers;1.77;2.38;0.8;1.5;1;1.3;80;80;60;60;10;0;0;0;0;0;0;4303;27;Y;Y;N;N;N;N;N
919211;601;609;2012/2013;complete;56985;11;-1;19,24,45;81;3;1;4;-1;-1;-1;-1;-1;1;3;0;0;-1;-1;-1;-1;-1;-1;-1;-1;-1;-1;1;3;0;0;0;0;0;0;0;0;0;0;0;0;0;0;0;0;0;0;0;0;0;0;0;0;0;0;0;0;0;0;0;0;0;0;0;0;0;0;0;0;0;0;0;0;0;0;0;0;0;0;0;0;0;0;0;0;0;0;0;0;0;0;0;0;0;0;0;0;4;3;0;0;1;1;3;2012-12-16 06:00:00;601;0;70;10;20;0;-1;1;-1;-1;-1;-1;-1;-1;1;2;0;1;3;1;-1;0;0;0;0;0;0;0;0;0;0;0;0;0;1;1;0;0;-1;-1;0;0;-1;-1;-1;-1;-1;-1;-1;-1;-1;20;40;50;80;100;20;70;100;50;0;0;5;3;Adelaide United;Wellington Phoenix;1.73;0.62;2.6;1;2.2;1.2;80;60;50;20;0;0;0;0;0;0;0;4303;27;Y;Y;Y;Y;N;N;Y
919214;608;601;2012/2013;complete;56985;12;-1;18,45,45,52,58,90;68;6;1;7;-1;-1;-1;-1;-1;3;4;0;0;-1;-1;-1;-1;-1;-1;-1;-1;-1;-1;3;4;0;0;0;0;0;0;0;0;0;0;0;0;0;0;0;0;0;0;0;0;0;0;0;0;0;0;0;0;0;0;0;0;0;0;0;0;0;0;0;0;0;0;0;0;0;0;0;0;0;0;0;0;0;0;0;0;0;0;0;0;0;0;0;0;0;0;0;0;7;3;0;3;1;4;3;2012-12-21 08:00:00;608;0;47;19;29;0;-1;1;-1;-1;-1;-1;-1;-1;2;1;1;3;3;4;-1;0;0;0;0;0;0;0;0;0;0;0;0;0;1;1;0;0;-1;-1;1;0;-1;-1;-1;-1;-1;-1;-1;-1;-1;0;0;47;65;92;19;65;74;29;0;0;4.23;2.04;Western Sydney Wanderers;Adelaide United;1.81;1.15;1.17;1.8;1.45;2.27;100;100;54;35;9;0;0;0;0;0;0;4303;28;Y;Y;Y;Y;Y;Y;Y
919218;604;600;2012/2013;complete;56985;12;-1;;45;0;1;1;-1;-1;-1;-1;-1;1;3;0;0;-1;-1;-1;-1;-1;-1;-1;-1;-1;-1;1;3;0;0;0;0;0;0;0;0;0;0;0;0;0;0;0;0;0;0;0;0;0;0;0;0;0;0;0;0;0;0;0;0;0;0;0;0;0;0;0;0;0;0;0;0;0;0;0;0;0;0;0;0;0;0;0;0;0;0;0;0;0;0;0;0;0;0;0;0;1;0;1;0;0;0;1;2012-12-21 10:00:00;600;0;30;10;10;0;-1;1;-1;-1;-1;-1;-1;-1;0;1;1;2;1;3;-1;0;0;0;0;0;0;0;0;0;0;0;0;0;1;1;0;0;-1;-1;0;0;-1;-1;-1;-1;-1;-1;-1;-1;-1;20;20;30;40;100;20;70;70;30;0;0;4.8;2.2;Brisbane Roar;Perth Glory FC;1.77;0.71;1.8;0.2;1;1.27;80;80;70;60;0;0;0;0;0;0;0;4303;28;Y;N;N;N;N;N;N
919221;609;603;2012/2013;complete;56985;12;-1;84;45;1;1;2;-1;-1;-1;-1;-1;1;2;0;0;-1;-1;-1;-1;-1;-1;-1;-1;-1;-1;1;2;0;0;0;0;0;0;0;0;0;0;0;0;0;0;0;0;0;0;0;0;0;0;0;0;0;0;0;0;0;0;0;0;0;0;0;0;0;0;0;0;0;0;0;0;0;0;0;0;0;0;0;0;0;0;0;0;0;0;0;0;0;0;0;0;0;0;0;0;2;0;1;1;0;1;1;2012-12-22 04:00:00;-1;0;37;19;19;0;-1;1;-1;-1;-1;-1;-1;-1;1;1;0;1;2;1;-1;0;0;0;0;0;0;0;0;0;0;0;0;0;1;1;0;0;-1;-1;0;0;-1;-1;-1;-1;-1;-1;-1;-1;-1;0;9;27;55;92;19;57;64;27;0;0;3.23;1.82;Wellington Phoenix;Central Coast Mariners;1.36;1.53;1.4;1.83;1.09;2.36;100;92;74;45;9;0;0;0;0;0;0;4303;27;Y;Y;N;N;N;N;Y
919224;605;606;2012/2013;complete;56985;12;-1;13,27;32;2;1;3;-1;-1;-1;-1;-1;0;2;0;0;-1;-1;-1;-1;-1;-1;-1;-1;-1;-1;0;2;0;0;0;0;0;0;0;0;0;0;0;0;0;0;0;0;0;0;0;0;0;0;0;0;0;0;0;0;0;0;0;0;0;0;0;0;0;0;0;0;0;0;0;0;0;0;0;0;0;0;0;0;0;0;0;0;0;0;0;0;0;0;0;0;0;0;0;0;3;2;1;0;0;0;3;2012-12-22 06:30:00;605;0;50;20;50;0;-1;1;-1;-1;-1;-1;-1;-1;0;2;0;0;2;0;-1;0;0;0;0;0;0;0;0;0;0;0;0;0;1;1;0;0;-1;-1;0;0;-1;-1;-1;-1;-1;-1;-1;-1;-1;20;20;60;90;100;20;70;100;70;0;0;6.4;3.4;Newcastle Jets FC;Sydney FC;1.38;0.64;1.2;1.2;1.18;0.91;80;80;40;10;0;0;0;0;0;0;0;4303;27;Y;Y;Y;N;N;N;Y
919227;602;607;2012/2013;complete;56985;12;-1;81;67,90;1;2;3;-1;-1;-1;-1;-1;2;5;0;0;-1;-1;-1;-1;-1;-1;-1;-1;-1;-1;2;5;0;0;0;0;0;0;0;0;0;0;0;0;0;0;0;0;0;0;0;0;0;0;0;0;0;0;0;0;0;0;0;0;0;0;0;0;0;0;0;0;0;0;0;0;0;0;0;0;0;0;0;0;0;0;0;0;0;0;0;0;0;0;0;0;0;0;0;0;3;0;0;1;2;3;0;2012-12-22 08:45:00;607;0;60;10;40;0;-1;1;-1;-1;-1;-1;-1;-1;0;2;2;3;2;5;-1;0;0;0;0;0;0;0;0;0;0;0;0;0;1;1;0;0;-1;-1;0;0;-1;-1;-1;-1;-1;-1;-1;-1;-1;50;50;60;80;100;30;70;100;50;0;0;6.8;3.6;Melbourne City FC;Melbourne Victory FC;1.77;1.21;1.6;1.2;1.09;1.55;50;50;40;20;0;0;0;0;0;0;0;4303;27;Y;Y;Y;N;N;N;Y
919230;601;604;2012/2013;complete;56985;13;-1;;65;0;1;1;-1;-1;-1;-1;-1;3;5;0;0;-1;-1;-1;-1;-1;-1;-1;-1;-1;-1;3;5;0;0;0;0;0;0;0;0;0;0;0;0;0;0;0;0;0;0;0;0;0;0;0;0;0;0;0;0;0;0;0;0;0;0;0;0;0;0;0;0;0;0;0;0;0;0;0;0;0;0;0;0;0;0;0;0;0;0;0;0;0;0;0;0;0;0;0;0;1;0;0;0;1;1;0;2012-12-26 08:30:00;604;0;67;25;9;0;-1;1;-1;-1;-1;-1;-1;-1;3;2;0;3;5;3;-1;0;0;0;0;0;0;0;0;0;0;0;0;0;1;1;0;0;-1;-1;0;0;-1;-1;-1;-1;-1;-1;-1;-1;-1;17;34;42;67;100;33;67;92;17;0;0;4.5;2.67;Adelaide United;Brisbane Roar;1.73;0.94;2.67;0.33;2.08;0.92;83;67;59;33;0;0;0;0;0;0;0;4303;28;Y;N;N;N;N;N;N
919233;609;602;2012/2013;complete;56985;13;-1;21,66,70;14,16;3;2;5;-1;-1;-1;-1;-1;3;3;0;0;-1;-1;-1;-1;-1;-1;-1;-1;-1;-1;3;3;0;0;0;0;0;0;0;0;0;0;0;0;0;0;0;0;0;0;0;0;0;0;0;0;0;0;0;0;0;0;0;0;0;0;0;0;0;0;0;0;0;0;0;0;0;0;0;0;0;0;0;0;0;0;0;0;0;0;0;0;0;0;0;0;0;0;0;0;5;1;2;2;0;2;3;2012-12-27 06:30:00;609;0;42;17;17;0;-1;1;-1;-1;-1;-1;-1;-1;2;2;1;1;4;2;-1;0;0;0;0;0;0;0;1;0;1;0;0;0;1;1;0;0;-1;-1;1;1;-1;-1;-1;-1;-1;-1;-1;-1;-1;0;0;25;67;92;17;67;67;25;0;0;4.5;1.83;Wellington Phoenix;Melbourne City FC;1.36;0.29;1.33;0.67;1.08;1;100;100;75;33;9;0;0;0;0;0;0;4303;27;Y;Y;Y;Y;Y;N;Y
919236;606;603;2012/2013;complete;56985;13;-1;89;;1;0;1;-1;-1;-1;-1;-1;5;4;0;2;-1;-1;-1;-1;-1;-1;-1;-1;-1;-1;5;7;0;0;0;0;0;0;0;0;0;0;0;0;0;0;0;0;0;0;0;0;0;0;0;0;0;0;0;0;0;0;0;0;0;0;0;0;0;0;0;0;0;0;0;0;0;0;0;0;0;0;0;0;0;0;0;0;0;0;0;0;0;0;0;0;0;0;0;0;1;0;0;1;0;1;0;2012-12-27 08:30:00;606;0;55;16;32;0;-1;1;-1;-1;-1;-1;-1;-1;3;1;2;5;4;7;-1;0;0;0;0;0;0;0;0;0;0;0;0;0;1;1;0;0;-1;-1;2;0;-1;-1;-1;-1;-1;-1;-1;-1;-1;17;24;48;70;85;16;63;77;48;0;0;4.53;2.43;Sydney FC;Central Coast Mariners;1.77;1.53;0.67;1.71;0.83;2.25;84;77;52;30;16;0;0;0;0;0;0;4303;27;Y;N;N;N;N;N;N
919239;600;608;2012/2013;complete;56985;13;-1;87;38;1;1;2;-1;-1;-1;-1;-1;3;4;0;0;-1;-1;-1;-1;-1;-1;-1;-1;-1;-1;3;4;0;0;0;0;0;0;0;0;0;0;0;0;0;0;0;0;0;0;0;0;0;0;0;0;0;0;0;0;0;0;0;0;0;0;0;0;0;0;0;0;0;0;0;0;0;0;0;0;0;0;0;0;0;0;0;0;0;0;0;0;0;0;0;0;0;0;0;0;2;0;1;1;0;1;1;2012-12-27 10:45:00;-1;0;17;9;17;0;-1;1;-1;-1;-1;-1;-1;-1;1;2;2;2;3;4;-1;0;0;0;0;0;0;0;0;0;0;0;0;0;1;1;0;0;-1;-1;0;0;-1;-1;-1;-1;-1;-1;-1;-1;-1;9;9;17;44;100;9;74;62;25;0;0;5.57;1.77;Perth Glory FC;Western Sydney Wanderers;1.57;2.38;2.17;1.8;1.42;1.58;92;92;84;57;0;0;0;0;0;0;0;4303;28;Y;Y;N;N;N;N;Y
919242;607;605;2012/2013;complete;56985;13;-1;34,45,74;64,73;3;2;5;-1;-1;-1;-1;-1;1;2;0;0;-1;-1;-1;-1;-1;-1;-1;-1;-1;-1;1;2;0;0;0;0;0;0;0;0;0;0;0;0;0;0;0;0;0;0;0;0;0;0;0;0;0;0;0;0;0;0;0;0;0;0;0;0;0;0;0;0;0;0;0;0;0;0;0;0;0;0;0;0;0;0;0;0;0;0;0;0;0;0;0;0;0;0;0;0;5;2;0;1;2;3;2;2012-12-28 08:30:00;607;0;75;42;42;0;-1;1;-1;-1;-1;-1;-1;-1;1;2;0;0;3;0;-1;0;0;0;0;0;0;0;0;0;0;0;0;0;1;1;0;0;-1;-1;0;0;-1;-1;-1;-1;-1;-1;-1;-1;-1;34;42;75;83;100;59;84;67;50;0;0;6.5;3.42;Melbourne Victory FC;Newcastle Jets FC;2;0.93;1.83;1.17;1.67;1.33;67;59;25;17;0;0;0;0;0;0;0;4303;27;Y;Y;Y;Y;Y;N;Y
919245;603;600;2012/2013;complete;56985;14;-1;68;;1;0;1;-1;-1;-1;-1;-1;1;2;0;1;-1;-1;-1;-1;-1;-1;-1;-1;-1;-1;1;3;0;0;0;0;0;0;0;0;0;0;0;0;0;0;0;0;0;0;0;0;0;0;0;0;0;0;0;0;0;0;0;0;0;0;0;0;0;0;0;0;0;0;0;0;0;0;0;0;0;0;0;0;0;0;0;0;0;0;0;0;0;0;0;0;0;0;0;0;1;0;0;1;0;1;0;2012-12-31 07:00:00;603;0;47;30;10;0;-1;1;-1;-1;-1;-1;-1;-1;0;0;1;3;0;4;-1;0;0;0;0;0;0;0;0;0;0;0;0;0;1;1;0;0;-1;-1;0;0;-1;-1;-1;-1;-1;-1;-1;-1;-1;10;10;39;57;100;30;55;92;29;0;0;5.53;2.55;Central Coast Mariners;Perth Glory FC;2.64;0.71;3;0.67;2.08;1.38;90;90;62;44;0;0;0;0;0;0;0;4303;28;Y;N;N;N;N;N;N
919247;601;606;2012/2013;complete;56985;14;-1;18,29,61;;3;0;3;-1;-1;-1;-1;-1;2;1;0;0;-1;-1;-1;-1;-1;-1;-1;-1;-1;-1;2;1;0;0;0;0;0;0;0;0;0;0;0;0;0;0;0;0;0;0;0;0;0;0;0;0;0;0;0;0;0;0;0;0;0;0;0;0;0;0;0;0;0;0;0;0;0;0;0;0;0;0;0;0;0;0;0;0;0;0;0;0;0;0;0;0;0;0;0;0;3;2;0;1;0;1;2;2012-12-31 09:00:00;601;0;62;32;25;0;-1;1;-1;-1;-1;-1;-1;-1;1;0;1;1;1;2;-1;0;0;0;0;0;0;0;1;0;1;0;0;0;1;1;0;0;-1;-1;0;0;-1;-1;-1;-1;-1;-1;-1;-1;-1;24;38;55;70;100;40;70;92;32;0;0;5.64;3.36;Adelaide United;Sydney FC;1.73;0.64;2.29;1;1.92;1;77;62;45;30;0;0;0;0;0;0;0;4303;27;Y;Y;Y;N;N;N;N
919250;602;605;2012/2013;complete;56985;14;-1;6,26;18;2;1;3;-1;-1;-1;-1;-1;1;4;0;0;-1;-1;-1;-1;-1;-1;-1;-1;-1;-1;1;4;0;0;0;0;0;0;0;0;0;0;0;0;0;0;0;0;0;0;0;0;0;0;0;0;0;0;0;0;0;0;0;0;0;0;0;0;0;0;0;0;0;0;0;0;0;0;0;0;0;0;0;0;0;0;0;0;0;0;0;0;0;0;0;0;0;0;0;0;3;2;1;0;0;0;3;2013-01-01 05:00:00;602;0;69;22;54;0;-1;1;-1;-1;-1;-1;-1;-1;1;3;0;1;4;1;-1;0;0;0;0;0;0;0;1;1;1;1;0;0;1;1;1;0;-1;-1;0;0;-1;-1;-1;-1;-1;-1;-1;-1;-1;45;45;68;77;100;44;75;86;61;0;0;6.97;3.5;Melbourne City FC;Newcastle Jets FC;1.77;0.93;1.33;1;0.92;1.23;55;55;32;24;0;0;0;0;0;0;0;4303;27;Y;Y;Y;N;N;N;Y
919253;608;607;2012/2013;complete;56985;14;-1;42,79;72;2;1;3;-1;-1;-1;-1;-1;3;3;0;0;-1;-1;-1;-1;-1;-1;-1;-1;-1;-1;3;3;0;0;0;0;0;0;0;0;0;0;0;0;0;0;0;0;0;0;0;0;0;0;0;0;0;0;0;0;0;0;0;0;0;0;0;0;0;0;0;0;0;0;0;0;0;0;0;0;0;0;0;0;0;0;0;0;0;0;0;0;0;0;0;0;0;0;0;0;3;1;0;1;1;2;1;2013-01-01 07:15:00;608;0;55;16;40;0;-1;1;-1;-1;-1;-1;-1;-1;2;1;1;2;3;3;-1;0;0;0;0;0;0;0;0;0;0;0;0;0;1;1;0;0;-1;-1;0;0;-1;-1;-1;-1;-1;-1;-1;-1;-1;32;32;63;79;93;31;62;86;48;0;0;6;3.22;Western Sydney Wanderers;Melbourne Victory FC;1.81;1.21;1.43;1.5;1.54;1.77;68;68;37;22;7;0;0;0;0;0;0;4303;29;Y;Y;Y;N;N;N;Y
919256;604;609;2012/2013;complete;56985;14;-1;14,59;37;2;1;3;-1;-1;-1;-1;-1;3;1;1;1;-1;-1;-1;-1;-1;-1;-1;-1;-1;-1;4;2;0;0;0;0;0;0;0;0;0;0;0;0;0;0;0;0;0;0;0;0;0;0;0;0;0;0;0;0;0;0;0;0;0;0;0;0;0;0;0;0;0;0;0;0;0;0;0;0;0;0;0;0;0;0;0;0;0;0;0;0;0;0;0;0;0;0;0;0;3;1;1;1;0;1;2;2013-01-01 09:30:00;604;0;50;9;25;0;-1;1;-1;-1;-1;-1;-1;-1;2;1;2;1;3;3;-1;0;0;0;0;0;0;0;0;0;0;0;0;0;1;1;0;0;-1;-1;0;0;-1;-1;-1;-1;-1;-1;-1;-1;-1;25;42;50;67;100;33;92;67;50;0;0;4.16;2.92;Brisbane Roar;Wellington Phoenix;1.77;0.62;1.5;0.83;1.08;1.23;75;59;50;34;0;0;0;0;0;0;0;4303;27;Y;Y;Y;N;N;N;Y
919259;605;601;2012/2013;complete;56985;15;-1;;;0;0;0;-1;-1;-1;-1;-1;1;1;0;0;-1;-1;-1;-1;-1;-1;-1;-1;-1;-1;1;1;0;0;0;0;0;0;0;0;0;0;0;0;0;0;0;0;0;0;0;0;0;0;0;0;0;0;0;0;0;0;0;0;0;0;0;0;0;0;0;0;0;0;0;0;0;0;0;0;0;0;0;0;0;0;0;0;0;0;0;0;0;0;0;0;0;0;0;0;0;0;0;0;0;0;0;2013-01-05 06:30:00;-1;0;59;17;42;0;-1;1;-1;-1;-1;-1;-1;-1;1;0;0;1;1;1;-1;0;0;0;0;0;0;0;0;0;0;0;0;0;1;1;0;0;-1;-1;0;0;-1;-1;-1;-1;-1;-1;-1;-1;-1;9;9;67;92;100;25;75;83;59;0;0;4.84;2.92;Newcastle Jets FC;Adelaide United;1.38;1.15;1.5;1.5;1.14;2;92;92;33;9;0;0;0;0;0;0;0;4303;27;N;N;N;N;N;N;N
919261;607;609;2012/2013;complete;56985;15;-1;43,52;;2;0;2;-1;-1;-1;-1;-1;2;2;0;0;-1;-1;-1;-1;-1;-1;-1;-1;-1;-1;2;2;0;0;0;0;0;0;0;0;0;0;0;0;0;0;0;0;0;0;0;0;0;0;0;0;0;0;0;0;0;0;0;0;0;0;0;0;0;0;0;0;0;0;0;0;0;0;0;0;0;0;0;0;0;0;0;0;0;0;0;0;0;0;0;0;0;0;0;0;2;1;0;1;0;1;1;2013-01-05 08:45:00;607;0;86;22;36;0;-1;1;-1;-1;-1;-1;-1;-1;1;1;1;1;2;2;-1;0;0;0;0;0;0;0;0;0;0;0;0;0;1;1;0;0;-1;-1;0;0;-1;-1;-1;-1;-1;-1;-1;-1;-1;22;43;71;93;100;50;79;86;50;0;0;4.57;3.29;Melbourne Victory FC;Wellington Phoenix;2;0.62;2;0.71;1.64;1.14;79;57;29;7;0;0;0;0;0;0;0;4303;27;Y;Y;N;N;N;N;N
919264;600;606;2012/2013;complete;56985;15;-1;39,80;63,82;2;2;4;-1;-1;-1;-1;-1;3;2;0;0;-1;-1;-1;-1;-1;-1;-1;-1;-1;-1;3;2;0;0;0;0;0;0;0;0;0;0;0;0;0;0;0;0;0;0;0;0;0;0;0;0;0;0;0;0;0;0;0;0;0;0;0;0;0;0;0;0;0;0;0;0;0;0;0;0;0;0;0;0;0;0;0;0;0;0;0;0;0;0;0;0;0;0;0;0;4;1;0;1;2;3;1;2013-01-05 10:45:00;-1;0;50;29;36;0;-1;1;-1;-1;-1;-1;-1;-1;0;0;3;2;0;5;-1;0;0;0;0;0;0;0;0;0;0;0;0;0;1;1;0;0;-1;-1;0;0;-1;-1;-1;-1;-1;-1;-1;-1;-1;22;22;50;79;100;36;79;86;43;0;0;5.43;3.08;Perth Glory FC;Sydney FC;1.57;0.64;2;0.86;1.29;0.93;79;79;50;22;0;0;0;0;0;0;0;4303;27;Y;Y;Y;Y;N;N;Y
919267;602;604;2012/2013;complete;56985;15;-1;13,35,53;74,76;3;2;5;-1;-1;-1;-1;-1;3;1;1;0;-1;-1;-1;-1;-1;-1;-1;-1;-1;-1;5;1;0;0;0;0;0;0;0;0;0;0;0;0;0;0;0;0;0;0;0;0;0;0;0;0;0;0;0;0;0;0;0;0;0;0;0;0;0;0;0;0;0;0;0;0;0;0;0;0;0;0;0;0;0;0;0;0;0;0;0;0;0;0;0;0;0;0;0;0;5;2;0;1;2;3;2;2013-01-06 05:00:00;602;0;64;22;29;0;-1;1;-1;-1;-1;-1;-1;-1;0;1;4;0;1;4;-1;0;0;0;0;0;0;0;0;1;0;1;0;0;1;1;0;0;-1;-1;0;0;-1;-1;-1;-1;-1;-1;-1;-1;-1;22;22;43;64;100;29;57;86;29;0;0;5.43;2.57;Melbourne City FC;Brisbane Roar;1.77;0.94;1.57;0.71;1.07;1.21;79;79;57;36;0;0;0;0;0;0;0;4303;27;Y;Y;Y;Y;Y;N;Y
919270;608;603;2012/2013;complete;56985;15;-1;;42,90;0;2;2;-1;-1;-1;-1;-1;3;3;1;0;-1;-1;-1;-1;-1;-1;-1;-1;-1;-1;4;3;0;0;0;0;0;0;0;0;0;0;0;0;0;0;0;0;0;0;0;0;0;0;0;0;0;0;0;0;0;0;0;0;0;0;0;0;0;0;0;0;0;0;0;0;0;0;0;0;0;0;0;0;0;0;0;0;0;0;0;0;0;0;0;0;0;0;0;0;2;0;1;0;1;1;1;2013-01-06 07:00:00;603;0;44;13;26;0;-1;1;-1;-1;-1;-1;-1;-1;2;1;2;2;3;4;-1;0;0;0;0;0;0;0;0;0;0;0;0;0;1;1;0;0;-1;-1;0;0;-1;-1;-1;-1;-1;-1;-1;-1;-1;7;13;38;57;88;19;51;75;32;0;0;4.63;2.13;Western Sydney Wanderers;Central Coast Mariners;1.81;1.53;1.63;1.5;1.64;2.14;94;88;63;44;13;0;0;0;0;0;0;4303;29;Y;Y;N;N;N;N;N
919273;601;600;2012/2013;complete;56985;16;-1;29,37,46;90,90;3;2;5;-1;-1;-1;-1;-1;1;2;0;0;-1;-1;-1;-1;-1;-1;-1;-1;-1;-1;1;2;0;0;0;0;0;0;0;0;0;0;0;0;0;0;0;0;0;0;0;0;0;0;0;0;0;0;0;0;0;0;0;0;0;0;0;0;0;0;0;0;0;0;0;0;0;0;0;0;0;0;0;0;0;0;0;0;0;0;0;0;0;0;0;0;0;0;0;0;5;2;0;1;2;3;2;2013-01-11 08:30:00;601;0;40;7;0;0;-1;1;-1;-1;-1;-1;-1;-1;1;0;0;2;1;2;-1;0;0;0;0;0;0;0;0;1;0;1;0;0;1;1;0;0;-1;-1;0;0;-1;-1;-1;-1;-1;-1;-1;-1;-1;7;19;32;46;100;19;53;93;14;0;0;5.42;2.09;Adelaide United;Perth Glory FC;1.73;0.71;2.38;0.57;1.93;1.27;94;82;68;55;0;0;0;0;0;0;0;4303;28;Y;Y;Y;Y;Y;N;Y
919276;607;603;2012/2013;complete;56985;16;-1;42;78;1;1;2;-1;-1;-1;-1;-1;3;2;0;0;-1;-1;-1;-1;-1;-1;-1;-1;-1;-1;3;2;0;0;0;0;0;0;0;0;0;0;0;0;0;0;0;0;0;0;0;0;0;0;0;0;0;0;0;0;0;0;0;0;0;0;0;0;0;0;0;0;0;0;0;0;0;0;0;0;0;0;0;0;0;0;0;0;0;0;0;0;0;0;0;0;0;0;0;0;2;1;0;0;1;1;1;2013-01-12 06:30:00;-1;0;54;18;25;0;-1;1;-1;-1;-1;-1;-1;-1;0;1;3;1;1;4;-1;0;0;0;0;0;0;0;0;1;0;1;0;0;1;1;0;0;-1;-1;0;1;-1;-1;-1;-1;-1;-1;-1;-1;-1;13;25;43;72;95;31;60;77;30;0;0;4.44;2.46;Melbourne Victory FC;Central Coast Mariners;2;1.53;2.13;1.67;1.73;2.2;88;76;58;29;6;0;0;0;0;0;0;4303;29;Y;Y;N;N;N;N;Y
919279;605;604;2012/2013;complete;56985;16;-1;48;;1;0;1;-1;-1;-1;-1;-1;3;1;0;0;-1;-1;-1;-1;-1;-1;-1;-1;-1;-1;3;1;0;0;0;0;0;0;0;0;0;0;0;0;0;0;0;0;0;0;0;0;0;0;0;0;0;0;0;0;0;0;0;0;0;0;0;0;0;0;0;0;0;0;0;0;0;0;0;0;0;0;0;0;0;0;0;0;0;0;0;0;0;0;0;0;0;0;0;0;1;0;0;1;0;1;0;2013-01-12 08:45:00;605;0;53;20;27;0;-1;1;-1;-1;-1;-1;-1;-1;2;1;1;0;3;1;-1;0;0;0;0;0;0;0;0;0;0;0;0;0;1;1;0;0;-1;-1;1;0;-1;-1;-1;-1;-1;-1;-1;-1;-1;13;13;48;75;93;26;60;80;41;0;0;4.63;2.4;Newcastle Jets FC;Brisbane Roar;1.38;0.94;1.43;0.63;1.13;1.13;88;88;53;26;7;0;0;0;0;0;0;4303;27;Y;N;N;N;N;N;N
919282;609;608;2012/2013;complete;56985;16;-1;;72,82;0;2;2;-1;-1;-1;-1;-1;2;2;0;0;-1;-1;-1;-1;-1;-1;-1;-1;-1;-1;2;2;0;0;0;0;0;0;0;0;0;0;0;0;0;0;0;0;0;0;0;0;0;0;0;0;0;0;0;0;0;0;0;0;0;0;0;0;0;0;0;0;0;0;0;0;0;0;0;0;0;0;0;0;0;0;0;0;0;0;0;0;0;0;0;0;0;0;0;0;2;0;0;0;2;2;0;2013-01-13 03:30:00;608;0;37;15;7;0;-1;1;-1;-1;-1;-1;-1;-1;0;1;2;1;1;3;-1;0;0;0;0;0;0;0;0;0;0;0;0;0;1;1;0;0;-1;-1;0;0;-1;-1;-1;-1;-1;-1;-1;-1;-1;7;7;15;52;100;15;85;61;15;0;0;5.07;1.81;Wellington Phoenix;Western Sydney Wanderers;1.36;2.38;1.57;1.67;1.07;1.53;93;93;86;48;0;0;0;0;0;0;0;4303;27;Y;Y;N;N;N;N;N
919285;606;602;2012/2013;complete;56985;16;-1;85,90;24;2;1;3;-1;-1;-1;-1;-1;2;3;0;0;-1;-1;-1;-1;-1;-1;-1;-1;-1;-1;2;3;0;0;0;0;0;0;0;0;0;0;0;0;0;0;0;0;0;0;0;0;0;0;0;0;0;0;0;0;0;0;0;0;0;0;0;0;0;0;0;0;0;0;0;0;0;0;0;0;0;0;0;0;0;0;0;0;0;0;0;0;0;0;0;0;0;0;0;0;3;0;1;2;0;2;1;2013-01-13 06:00:00;606;0;50;22;29;0;-1;1;-1;-1;-1;-1;-1;-1;0;0;2;3;0;5;-1;0;0;0;0;0;0;0;0;0;0;0;0;0;1;1;0;0;-1;-1;0;0;-1;-1;-1;-1;-1;-1;-1;-1;-1;22;22;50;71;86;22;64;79;50;0;0;6.14;2.5;Sydney FC;Melbourne City FC;1.77;0.29;1;0.57;0.93;1.2;79;79;50;29;14;0;0;0;0;0;0;4303;27;Y;Y;Y;N;N;N;Y
919288;602;601;2012/2013;complete;56985;17;-1;5,50;;2;0;2;-1;-1;-1;-1;-1;1;2;0;0;-1;-1;-1;-1;-1;-1;-1;-1;-1;-1;1;2;0;0;0;0;0;0;0;0;0;0;0;0;0;0;0;0;0;0;0;0;0;0;0;0;0;0;0;0;0;0;0;0;0;0;0;0;0;0;0;0;0;0;0;0;0;0;0;0;0;0;0;0;0;0;0;0;0;0;0;0;0;0;0;0;0;0;0;0;2;1;0;1;0;1;1;2013-01-18 08:30:00;602;0;66;14;47;0;-1;1;-1;-1;-1;-1;-1;-1;0;1;1;1;1;2;-1;0;0;0;0;0;0;0;0;0;0;0;0;0;1;1;1;0;-1;-1;0;0;-1;-1;-1;-1;-1;-1;-1;-1;-1;26;26;60;73;93;34;67;80;47;0;0;5.31;2.98;Melbourne City FC;Adelaide United;1.77;1.15;1.75;1.43;1.13;2;75;75;41;27;7;0;0;0;0;0;0;4303;27;Y;Y;N;N;N;N;N
919292;606;609;2012/2013;complete;56985;17;-1;11,21,23,27,39,70,84;80;7;1;8;-1;-1;-1;-1;-1;1;4;0;0;-1;-1;-1;-1;-1;-1;-1;-1;-1;-1;1;4;0;0;0;0;0;0;0;0;0;0;0;0;0;0;0;0;0;0;0;0;0;0;0;0;0;0;0;0;0;0;0;0;0;0;0;0;0;0;0;0;0;0;0;0;0;0;0;0;0;0;0;0;0;0;0;0;0;0;0;0;0;0;0;0;0;0;0;0;8;5;0;2;1;3;5;2013-01-19 06:30:00;606;0;69;13;32;0;-1;1;-1;-1;-1;-1;-1;-1;0;2;1;2;2;3;-1;0;0;0;0;0;0;0;1;0;1;0;0;0;1;1;0;0;-1;-1;0;0;-1;-1;-1;-1;-1;-1;-1;-1;-1;19;32;63;88;94;26;82;94;57;0;0;5.51;2.94;Sydney FC;Wellington Phoenix;1.77;0.62;1.25;0.63;1.06;1;82;69;38;13;7;0;0;0;0;0;0;4303;27;Y;Y;Y;Y;Y;Y;Y
919295;603;605;2012/2013;complete;56985;17;-1;;;0;0;0;-1;-1;-1;-1;-1;1;3;0;0;-1;-1;-1;-1;-1;-1;-1;-1;-1;-1;1;3;0;0;0;0;0;0;0;0;0;0;0;0;0;0;0;0;0;0;0;0;0;0;0;0;0;0;0;0;0;0;0;0;0;0;0;0;0;0;0;0;0;0;0;0;0;0;0;0;0;0;0;0;0;0;0;0;0;0;0;0;0;0;0;0;0;0;0;0;0;0;0;0;0;0;0;2013-01-19 08:45:00;-1;0;63;50;34;0;-1;1;-1;-1;-1;-1;-1;-1;0;2;1;1;2;2;-1;0;0;0;0;0;0;0;0;0;0;0;0;0;1;1;0;0;-1;-1;0;0;-1;-1;-1;-1;-1;-1;-1;-1;-1;34;34;69;78;100;63;75;82;48;0;0;6.13;3.53;Central Coast Mariners;Newcastle Jets FC;2.64;0.93;3;0.88;2.13;1.25;67;67;32;23;0;0;0;0;0;0;0;4303;27;N;N;N;N;N;N;N
919298;600;607;2012/2013;complete;56985;17;-1;;24;0;1;1;-1;-1;-1;-1;-1;4;4;1;0;-1;-1;-1;-1;-1;-1;-1;-1;-1;-1;5;4;0;0;0;0;0;0;0;0;0;0;0;0;0;0;0;0;0;0;0;0;0;0;0;0;0;0;0;0;0;0;0;0;0;0;0;0;0;0;0;0;0;0;0;0;0;0;0;0;0;0;0;0;0;0;0;0;0;0;0;0;0;0;0;0;0;0;0;0;1;0;1;0;0;0;1;2013-01-19 11:00:00;607;0;61;14;48;0;-1;1;-1;-1;-1;-1;-1;-1;1;1;4;3;2;7;-1;0;0;0;0;0;0;0;0;0;0;0;0;0;1;1;0;0;-1;-1;0;0;-1;-1;-1;-1;-1;-1;-1;-1;-1;28;34;62;88;100;21;73;94;61;0;0;6.24;3.18;Perth Glory FC;Melbourne Victory FC;1.57;1.21;1.88;1.29;1.19;1.69;73;66;39;13;0;0;0;0;0;0;0;4303;28;Y;N;N;N;N;N;N
919301;604;608;2012/2013;complete;56985;17;-1;22;65,70;1;2;3;-1;-1;-1;-1;-1;2;0;0;0;-1;-1;-1;-1;-1;-1;-1;-1;-1;-1;2;0;0;0;0;0;0;0;0;0;0;0;0;0;0;0;0;0;0;0;0;0;0;0;0;0;0;0;0;0;0;0;0;0;0;0;0;0;0;0;0;0;0;0;0;0;0;0;0;0;0;0;0;0;0;0;0;0;0;0;0;0;0;0;0;0;0;0;0;0;3;1;0;0;2;2;1;2013-01-20 06:00:00;608;0;22;15;7;0;-1;1;-1;-1;-1;-1;-1;-1;0;0;2;0;0;2;-1;0;0;0;0;0;0;0;0;0;0;0;0;0;1;1;0;0;-1;-1;0;0;-1;-1;-1;-1;-1;-1;-1;-1;-1;15;15;22;43;100;22;86;50;22;0;0;5;2;Brisbane Roar;Western Sydney Wanderers;1.77;2.38;1.71;1.86;1.06;1.63;86;86;79;57;0;0;0;0;0;0;0;4303;29;Y;Y;Y;N;N;N;Y
919304;603;601;2012/2013;complete;56985;18;-1;67,72,88;39;3;1;4;-1;-1;-1;-1;-1;2;1;0;0;-1;-1;-1;-1;-1;-1;-1;-1;-1;-1;2;1;0;0;0;0;0;0;0;0;0;0;0;0;0;0;0;0;0;0;0;0;0;0;0;0;0;0;0;0;0;0;0;0;0;0;0;0;0;0;0;0;0;0;0;0;0;0;0;0;0;0;0;0;0;0;0;0;0;0;0;0;0;0;0;0;0;0;0;0;4;0;1;3;0;3;1;2013-01-25 08:30:00;603;0;47;28;26;0;-1;1;-1;-1;-1;-1;-1;-1;0;1;2;0;1;2;-1;0;0;0;0;0;0;0;0;0;0;0;0;0;1;1;0;0;-1;-1;0;0;-1;-1;-1;-1;-1;-1;-1;-1;-1;14;14;47;66;87;34;59;81;34;0;0;4.24;2.67;Central Coast Mariners;Adelaide United;2.64;1.15;2.71;1.25;2.06;1.88;87;87;54;34;14;0;0;0;0;0;0;4303;28;Y;Y;Y;Y;N;N;Y
919307;607;606;2012/2013;complete;56985;18;-1;23,67,73;75;3;1;4;-1;-1;-1;-1;-1;4;4;0;2;-1;-1;-1;-1;-1;-1;-1;-1;-1;-1;4;6;0;0;0;0;0;0;0;0;0;0;0;0;0;0;0;0;0;0;0;0;0;0;0;0;0;0;0;0;0;0;0;0;0;0;0;0;0;0;0;0;0;0;0;0;0;0;0;0;0;0;0;0;0;0;0;0;0;0;0;0;0;0;0;0;0;0;0;0;4;1;0;2;1;3;1;2013-01-26 06:30:00;607;0;71;30;42;0;-1;1;-1;-1;-1;-1;-1;-1;0;1;4;5;1;9;-1;0;0;0;0;0;0;0;0;0;0;0;0;0;1;1;0;0;-1;-1;0;0;-1;-1;-1;-1;-1;-1;-1;-1;-1;24;36;66;89;100;47;83;83;42;0;0;5;3.44;Melbourne Victory FC;Sydney FC;2;0.64;2;0.88;1.76;1.18;77;65;35;12;0;0;0;0;0;0;0;4303;27;Y;Y;Y;Y;N;N;Y
919310;608;602;2012/2013;complete;56985;18;-1;73;;1;0;1;-1;-1;-1;-1;-1;1;4;1;0;-1;-1;-1;-1;-1;-1;-1;-1;-1;-1;3;4;0;0;0;0;0;0;0;0;0;0;0;0;0;0;0;0;0;0;0;0;0;0;0;0;0;0;0;0;0;0;0;0;0;0;0;0;0;0;0;0;0;0;0;0;0;0;0;0;0;0;0;0;0;0;0;0;0;0;0;0;0;0;0;0;0;0;0;0;1;0;0;1;0;1;0;2013-01-26 08:45:00;608;0;47;18;23;0;-1;1;-1;-1;-1;-1;-1;-1;2;1;0;3;3;3;-1;0;0;0;0;0;0;0;1;0;1;0;0;0;1;1;0;0;-1;-1;1;0;-1;-1;-1;-1;-1;-1;-1;-1;-1;12;12;47;71;89;24;65;77;42;0;0;5.46;2.41;Western Sydney Wanderers;Melbourne City FC;1.81;0.29;1.44;0.5;1.71;1.24;89;89;53;29;12;0;0;0;0;0;0;4303;27;Y;N;N;N;N;N;N
919313;600;604;2012/2013;complete;56985;18;-1;;16;0;1;1;-1;-1;-1;-1;-1;1;3;0;0;-1;-1;-1;-1;-1;-1;-1;-1;-1;-1;1;3;0;0;0;0;0;0;0;0;0;0;0;0;0;0;0;0;0;0;0;0;0;0;0;0;0;0;0;0;0;0;0;0;0;0;0;0;0;0;0;0;0;0;0;0;0;0;0;0;0;0;0;0;0;0;0;0;0;0;0;0;0;0;0;0;0;0;0;0;1;0;1;0;0;0;1;2013-01-26 11:00:00;604;0;50;17;28;0;-1;1;-1;-1;-1;-1;-1;-1;1;1;0;2;2;2;-1;0;0;0;0;0;0;0;0;0;0;0;0;0;1;1;0;0;-1;-1;0;0;-1;-1;-1;-1;-1;-1;-1;-1;-1;17;22;33;62;100;22;67;84;33;0;0;5.11;2.33;Perth Glory FC;Brisbane Roar;1.57;0.94;1.67;0.56;1.12;1;84;78;67;39;0;0;0;0;0;0;0;4303;28;Y;N;N;N;N;N;N
919317;609;605;2012/2013;complete;56985;18;-1;21;74;1;1;2;-1;-1;-1;-1;-1;1;2;1;1;-1;-1;-1;-1;-1;-1;-1;-1;-1;-1;2;3;0;0;0;0;0;0;0;0;0;0;0;0;0;0;0;0;0;0;0;0;0;0;0;0;0;0;0;0;0;0;0;0;0;0;0;0;0;0;0;0;0;0;0;0;0;0;0;0;0;0;0;0;0;0;0;0;0;0;0;0;0;0;0;0;0;0;0;0;2;1;0;0;1;1;1;2013-01-27 03:30:00;-1;0;59;35;29;0;-1;1;-1;-1;-1;-1;-1;-1;1;2;1;1;3;2;-1;0;0;0;0;0;0;0;0;0;0;0;0;0;1;1;0;0;-1;-1;0;0;-1;-1;-1;-1;-1;-1;-1;-1;-1;29;29;52;77;95;46;82;66;47;0;0;5.63;2.85;Wellington Phoenix;Newcastle Jets FC;1.36;0.93;1.38;0.89;0.94;1.24;72;72;49;24;6;0;0;0;0;0;0;4303;27;Y;Y;N;N;N;N;Y
919320;604;603;2012/2013;complete;56985;19;-1;47,69;8,80;2;2;4;-1;-1;-1;-1;-1;5;3;0;0;-1;-1;-1;-1;-1;-1;-1;-1;-1;-1;5;3;0;0;0;0;0;0;0;0;0;0;0;0;0;0;0;0;0;0;0;0;0;0;0;0;0;0;0;0;0;0;0;0;0;0;0;0;0;0;0;0;0;0;0;0;0;0;0;0;0;0;0;0;0;0;0;0;0;0;0;0;0;0;0;0;0;0;0;0;4;0;1;2;1;3;1;2013-02-01 09:00:00;-1;0;39;18;12;0;-1;1;-1;-1;-1;-1;-1;-1;3;1;2;2;4;4;-1;0;0;0;0;0;0;0;0;0;0;0;0;0;1;1;0;1;-1;-1;0;0;-1;-1;-1;-1;-1;-1;-1;-1;-1;13;18;35;55;95;24;75;65;29;0;0;4.25;2.22;Brisbane Roar;Central Coast Mariners;1.77;1.53;1.5;1.6;1.11;2.11;88;83;65;45;5;0;0;0;0;0;0;4303;29;Y;Y;Y;Y;N;N;Y
919322;609;600;2012/2013;complete;56985;19;-1;42;;1;0;1;-1;-1;-1;-1;-1;1;1;0;0;-1;-1;-1;-1;-1;-1;-1;-1;-1;-1;1;1;0;0;0;0;0;0;0;0;0;0;0;0;0;0;0;0;0;0;0;0;0;0;0;0;0;0;0;0;0;0;0;0;0;0;0;0;0;0;0;0;0;0;0;0;0;0;0;0;0;0;0;0;0;0;0;0;0;0;0;0;0;0;0;0;0;0;0;0;1;1;0;0;0;0;1;2013-02-02 04:00:00;609;0;47;11;12;0;-1;1;-1;-1;-1;-1;-1;-1;0;0;1;1;0;2;-1;0;0;0;0;0;0;0;0;0;0;0;0;0;1;1;0;0;-1;-1;0;0;-1;-1;-1;-1;-1;-1;-1;-1;-1;12;12;24;58;100;18;64;83;29;0;0;4.8;2.05;Wellington Phoenix;Perth Glory FC;1.36;0.71;1.33;0.5;0.94;1.06;89;89;77;43;0;0;0;0;0;0;0;4303;27;Y;N;N;N;N;N;N
919325;605;606;2012/2013;complete;56985;19;-1;16,89;12,57;2;2;4;-1;-1;-1;-1;-1;0;4;0;1;-1;-1;-1;-1;-1;-1;-1;-1;-1;-1;0;6;0;0;0;0;0;0;0;0;0;0;0;0;0;0;0;0;0;0;0;0;0;0;0;0;0;0;0;0;0;0;0;0;0;0;0;0;0;0;0;0;0;0;0;0;0;0;0;0;0;0;0;0;0;0;0;0;0;0;0;0;0;0;0;0;0;0;0;0;4;1;1;1;1;2;2;2013-02-02 06:30:00;-1;0;53;23;41;0;-1;1;-1;-1;-1;-1;-1;-1;0;3;0;2;3;2;-1;0;0;0;0;0;0;0;2;0;2;0;0;0;1;1;0;0;-1;-1;0;0;-1;-1;-1;-1;-1;-1;-1;-1;-1;11;22;64;82;94;29;70;82;53;0;0;5.46;3.01;Newcastle Jets FC;Sydney FC;1.38;0.64;1.63;0.78;1.22;1.11;89;78;36;18;7;0;0;0;0;0;0;4303;27;Y;Y;Y;Y;N;N;Y
919328;607;602;2012/2013;complete;56985;19;-1;29,56;73;2;1;3;-1;-1;-1;-1;-1;2;3;0;0;-1;-1;-1;-1;-1;-1;-1;-1;-1;-1;2;3;0;0;0;0;0;0;0;0;0;0;0;0;0;0;0;0;0;0;0;0;0;0;0;0;0;0;0;0;0;0;0;0;0;0;0;0;0;0;0;0;0;0;0;0;0;0;0;0;0;0;0;0;0;0;0;0;0;0;0;0;0;0;0;0;0;0;0;0;3;1;0;1;1;2;1;2013-02-02 08:45:00;607;0;62;21;26;0;-1;1;-1;-1;-1;-1;-1;-1;1;1;1;2;2;3;-1;0;0;0;0;0;0;0;1;0;1;0;0;0;1;1;0;0;-1;-1;0;0;-1;-1;-1;-1;-1;-1;-1;-1;-1;16;26;52;79;95;31;68;79;42;0;0;5.42;2.66;Melbourne Victory FC;Melbourne City FC;2;0.29;2.1;0.44;1.83;1.17;85;75;48;22;6;0;0;0;0;0;0;4303;27;Y;Y;Y;N;N;N;Y
919331;601;608;2012/2013;complete;56985;19;-1;61,87;43,45,52,68;2;4;6;-1;-1;-1;-1;-1;3;2;0;0;-1;-1;-1;-1;-1;-1;-1;-1;-1;-1;3;2;0;0;0;0;0;0;0;0;0;0;0;0;0;0;0;0;0;0;0;0;0;0;0;0;0;0;0;0;0;0;0;0;0;0;0;0;0;0;0;0;0;0;0;0;0;0;0;0;0;0;0;0;0;0;0;0;0;0;0;0;0;0;0;0;0;0;0;0;6;0;2;2;2;4;2;2013-02-03 06:00:00;608;0;41;6;6;0;-1;1;-1;-1;-1;-1;-1;-1;2;1;1;1;3;2;-1;0;0;0;0;0;0;0;0;0;0;0;0;0;1;1;0;0;-1;-1;0;0;-1;-1;-1;-1;-1;-1;-1;-1;-1;11;22;35;59;100;22;71;82;24;0;0;4.88;2.32;Adelaide United;Western Sydney Wanderers;1.73;2.38;2.44;2;1.78;1.78;89;78;66;42;0;0;0;0;0;0;0;4303;28;Y;Y;Y;Y;Y;Y;Y
919334;603;609;2012/2013;complete;56985;20;-1;30,65,69,86,89;;5;0;5;-1;-1;-1;-1;-1;2;2;0;0;-1;-1;-1;-1;-1;-1;-1;-1;-1;-1;2;2;0;0;0;0;0;0;0;0;0;0;0;0;0;0;0;0;0;0;0;0;0;0;0;0;0;0;0;0;0;0;0;0;0;0;0;0;0;0;0;0;0;0;0;0;0;0;0;0;0;0;0;0;0;0;0;0;0;0;0;0;0;0;0;0;0;0;0;0;5;1;0;4;0;4;1;2013-02-07 08:00:00;603;0;64;25;23;0;-1;1;-1;-1;-1;-1;-1;-1;2;0;0;2;2;2;-1;0;0;0;0;0;0;0;0;0;0;0;0;0;1;1;0;0;-1;-1;1;0;-1;-1;-1;-1;-1;-1;-1;-1;-1;18;35;59;82;94;41;70;94;47;0;0;4.66;3.28;Central Coast Mariners;Wellington Phoenix;2.64;0.62;2.75;0.56;2.05;1.05;83;66;42;19;7;0;0;0;0;0;0;4303;27;Y;Y;Y;Y;Y;N;N
919337;601;607;2012/2013;complete;56985;20;-1;42;;1;0;1;-1;-1;-1;-1;-1;6;1;0;1;-1;-1;-1;-1;-1;-1;-1;-1;-1;-1;6;3;0;0;0;0;0;0;0;0;0;0;0;0;0;0;0;0;0;0;0;0;0;0;0;0;0;0;0;0;0;0;0;0;0;0;0;0;0;0;0;0;0;0;0;0;0;0;0;0;0;0;0;0;0;0;0;0;0;0;0;0;0;0;0;0;0;0;0;0;1;1;0;0;0;0;1;2013-02-08 08:30:00;601;0;62;12;35;0;-1;1;-1;-1;-1;-1;-1;-1;5;0;1;2;5;3;-1;0;0;0;0;0;0;0;0;0;0;0;0;0;1;1;0;0;-1;-1;0;0;-1;-1;-1;-1;-1;-1;-1;-1;-1;34;44;68;79;100;38;73;94;47;0;0;5.98;3.4;Adelaide United;Melbourne Victory FC;1.73;1.21;2.2;1.5;1.68;1.89;67;57;33;22;0;0;0;0;0;0;0;4303;28;Y;N;N;N;N;N;N
919341;602;600;2012/2013;complete;56985;20;-1;23,56;;2;0;2;-1;-1;-1;-1;-1;0;2;0;0;-1;-1;-1;-1;-1;-1;-1;-1;-1;-1;0;2;0;0;0;0;0;0;0;0;0;0;0;0;0;0;0;0;0;0;0;0;0;0;0;0;0;0;0;0;0;0;0;0;0;0;0;0;0;0;0;0;0;0;0;0;0;0;0;0;0;0;0;0;0;0;0;0;0;0;0;0;0;0;0;0;0;0;0;0;2;1;0;1;0;1;1;2013-02-09 06:30:00;602;0;50;6;28;0;-1;1;-1;-1;-1;-1;-1;-1;0;0;0;2;0;2;-1;0;0;0;0;0;0;0;0;0;0;0;0;0;1;1;0;0;-1;-1;0;0;-1;-1;-1;-1;-1;-1;-1;-1;-1;22;22;39;56;100;22;62;84;33;0;0;5.56;2.45;Melbourne City FC;Perth Glory FC;1.77;0.71;1.89;0.44;1.11;1;78;78;61;45;0;0;0;0;0;0;0;4303;27;Y;Y;N;N;N;N;N
919344;608;605;2012/2013;complete;56985;20;-1;45,83;90;2;1;3;-1;-1;-1;-1;-1;1;0;0;0;-1;-1;-1;-1;-1;-1;-1;-1;-1;-1;1;0;0;0;0;0;0;0;0;0;0;0;0;0;0;0;0;0;0;0;0;0;0;0;0;0;0;0;0;0;0;0;0;0;0;0;0;0;0;0;0;0;0;0;0;0;0;0;0;0;0;0;0;0;0;0;0;0;0;0;0;0;0;0;0;0;0;0;0;0;3;1;0;1;1;2;1;2013-02-09 08:45:00;608;0;55;25;35;0;-1;1;-1;-1;-1;-1;-1;-1;0;0;1;0;0;1;-1;0;0;0;0;0;0;0;0;0;0;0;0;0;1;1;0;0;-1;-1;0;0;-1;-1;-1;-1;-1;-1;-1;-1;-1;25;25;55;70;90;40;75;70;40;0;0;6.3;2.8;Western Sydney Wanderers;Newcastle Jets FC;1.81;0.93;1.6;0.9;1.84;1.21;75;75;45;30;10;0;0;0;0;0;0;4303;27;Y;Y;Y;N;N;N;Y
919346;606;604;2012/2013;complete;56985;20;-1;7,69;45;2;1;3;-1;-1;-1;-1;-1;4;3;0;0;-1;-1;-1;-1;-1;-1;-1;-1;-1;-1;4;3;0;0;0;0;0;0;0;0;0;0;0;0;0;0;0;0;0;0;0;0;0;0;0;0;0;0;0;0;0;0;0;0;0;0;0;0;0;0;0;0;0;0;0;0;0;0;0;0;0;0;0;0;0;0;0;0;0;0;0;0;0;0;0;0;0;0;0;0;3;1;1;1;0;1;2;2013-02-10 06:00:00;606;0;59;16;32;0;-1;1;-1;-1;-1;-1;-1;-1;2;2;2;1;4;3;-1;0;0;0;0;0;0;0;0;1;0;1;0;0;1;1;1;0;-1;-1;0;0;-1;-1;-1;-1;-1;-1;-1;-1;-1;27;27;49;64;95;26;69;85;44;0;0;5.17;2.77;Sydney FC;Brisbane Roar;1.77;0.94;1.44;0.8;1.11;1.11;74;74;52;36;6;0;0;0;0;0;0;4303;27;Y;Y;Y;N;N;N;Y
919349;605;602;2012/2013;complete;56985;21;-1;10,81;;2;0;2;-1;-1;-1;-1;-1;2;4;0;0;-1;-1;-1;-1;-1;-1;-1;-1;-1;-1;2;4;0;0;0;0;0;0;0;0;0;0;0;0;0;0;0;0;0;0;0;0;0;0;0;0;0;0;0;0;0;0;0;0;0;0;0;0;0;0;0;0;0;0;0;0;0;0;0;0;0;0;0;0;0;0;0;0;0;0;0;0;0;0;0;0;0;0;0;0;2;1;0;1;0;1;1;2013-02-15 08:30:00;605;0;47;21;27;0;-1;1;-1;-1;-1;-1;-1;-1;2;2;0;2;4;2;-1;0;0;0;0;0;0;0;0;0;0;0;0;0;1;1;1;0;-1;-1;0;0;-1;-1;-1;-1;-1;-1;-1;-1;-1;5;11;53;74;90;21;58;79;53;0;0;5.09;2.32;Newcastle Jets FC;Melbourne City FC;1.38;0.29;1.56;0.4;1.15;1.2;95;90;47;26;11;0;0;0;0;0;0;4303;27;Y;Y;N;N;N;N;N
919352;606;601;2012/2013;complete;56985;21;-1;49,67;78;2;1;3;-1;-1;-1;-1;-1;1;3;0;0;-1;-1;-1;-1;-1;-1;-1;-1;-1;-1;1;3;0;0;0;0;0;0;0;0;0;0;0;0;0;0;0;0;0;0;0;0;0;0;0;0;0;0;0;0;0;0;0;0;0;0;0;0;0;0;0;0;0;0;0;0;0;0;0;0;0;0;0;0;0;0;0;0;0;0;0;0;0;0;0;0;0;0;0;0;3;0;0;2;1;3;0;2013-02-16 06:30:00;606;0;63;16;37;0;-1;1;-1;-1;-1;-1;-1;-1;0;0;1;3;0;4;-1;0;0;0;0;0;0;0;0;0;0;0;0;0;1;1;0;0;-1;-1;0;0;-1;-1;-1;-1;-1;-1;-1;-1;-1;21;26;63;79;90;26;79;84;52;0;0;5.02;3.04;Sydney FC;Adelaide United;1.77;1.15;1.6;1.11;1.2;1.75;80;74;37;21;11;0;0;0;0;0;0;4303;27;Y;Y;Y;N;N;N;Y
919355;607;608;2012/2013;complete;56985;21;-1;75;11,72;1;2;3;-1;-1;-1;-1;-1;1;1;0;0;-1;-1;-1;-1;-1;-1;-1;-1;-1;-1;1;1;0;0;0;0;0;0;0;0;0;0;0;0;0;0;0;0;0;0;0;0;0;0;0;0;0;0;0;0;0;0;0;0;0;0;0;0;0;0;0;0;0;0;0;0;0;0;0;0;0;0;0;0;0;0;0;0;0;0;0;0;0;0;0;0;0;0;0;0;3;0;1;1;1;2;1;2013-02-16 08:45:00;608;0;58;9;28;0;-1;1;-1;-1;-1;-1;-1;-1;0;0;1;1;0;2;-1;0;0;0;0;0;0;0;0;0;0;0;0;0;1;1;0;0;-1;-1;0;0;-1;-1;-1;-1;-1;-1;-1;-1;-1;15;24;43;74;100;24;80;75;39;0;0;4.96;2.6;Melbourne Victory FC;Western Sydney Wanderers;2;2.38;2.18;2.11;1.8;1.9;86;77;57;27;0;0;0;0;0;0;0;4303;29;Y;Y;Y;N;N;N;Y
919357;600;603;2012/2013;complete;56985;21;-1;27,65;13;2;1;3;-1;-1;-1;-1;-1;1;0;0;0;-1;-1;-1;-1;-1;-1;-1;-1;-1;-1;1;0;0;0;0;0;0;0;0;0;0;0;0;0;0;0;0;0;0;0;0;0;0;0;0;0;0;0;0;0;0;0;0;0;0;0;0;0;0;0;0;0;0;0;0;0;0;0;0;0;0;0;0;0;0;0;0;0;0;0;0;0;0;0;0;0;0;0;0;0;3;1;1;1;0;1;2;2013-02-16 10:45:00;600;0;43;10;24;0;-1;1;-1;-1;-1;-1;-1;-1;0;0;1;0;0;1;-1;0;0;0;0;0;0;0;0;0;0;0;0;0;1;1;0;0;-1;-1;0;0;-1;-1;-1;-1;-1;-1;-1;-1;-1;5;19;29;62;96;10;68;76;34;0;0;5.05;2.1;Perth Glory FC;Central Coast Mariners;1.57;1.53;1.5;1.55;0.95;2.1;95;81;72;38;5;0;0;0;0;0;0;4303;28;Y;Y;Y;N;N;N;Y
919360;604;609;2012/2013;complete;56985;21;-1;33,49;;2;0;2;-1;-1;-1;-1;-1;0;3;0;0;-1;-1;-1;-1;-1;-1;-1;-1;-1;-1;0;3;0;0;0;0;0;0;0;0;0;0;0;0;0;0;0;0;0;0;0;0;0;0;0;0;0;0;0;0;0;0;0;0;0;0;0;0;0;0;0;0;0;0;0;0;0;0;0;0;0;0;0;0;0;0;0;0;0;0;0;0;0;0;0;0;0;0;0;0;2;1;0;1;0;1;1;2013-02-17 06:00:00;604;0;57;16;26;0;-1;1;-1;-1;-1;-1;-1;-1;0;1;0;2;1;2;-1;0;0;0;0;0;0;0;0;0;0;0;0;0;1;1;0;0;-1;-1;0;0;-1;-1;-1;-1;-1;-1;-1;-1;-1;26;42;63;78;100;37;95;78;52;0;0;4.81;3.29;Brisbane Roar;Wellington Phoenix;1.77;0.62;1.44;0.5;1.05;1;74;59;37;22;0;0;0;0;0;0;0;4303;27;Y;Y;N;N;N;N;N
919362;605;604;2012/2013;complete;56985;22;-1;;;0;0;0;-1;-1;-1;-1;-1;4;3;0;0;-1;-1;-1;-1;-1;-1;-1;-1;-1;-1;4;3;0;0;0;0;0;0;0;0;0;0;0;0;0;0;0;0;0;0;0;0;0;0;0;0;0;0;0;0;0;0;0;0;0;0;0;0;0;0;0;0;0;0;0;0;0;0;0;0;0;0;0;0;0;0;0;0;0;0;0;0;0;0;0;0;0;0;0;0;0;0;0;0;0;0;0;2013-02-22 08:30:00;-1;0;48;24;24;0;-1;1;-1;-1;-1;-1;-1;-1;2;1;2;2;3;4;-1;0;0;0;0;0;0;0;0;0;0;0;0;0;1;1;0;0;-1;-1;0;0;-1;-1;-1;-1;-1;-1;-1;-1;-1;9;14;43;68;95;28;62;81;34;0;0;4.45;2.29;Newcastle Jets FC;Brisbane Roar;1.38;0.94;1.7;0.73;1.24;1.14;91;86;57;33;5;0;0;0;0;0;0;4303;27;N;N;N;N;N;N;N
919365;608;600;2012/2013;complete;56985;22;-1;58;;1;0;1;-1;-1;-1;-1;-1;2;3;0;0;-1;-1;-1;-1;-1;-1;-1;-1;-1;-1;2;3;0;0;0;0;0;0;0;0;0;0;0;0;0;0;0;0;0;0;0;0;0;0;0;0;0;0;0;0;0;0;0;0;0;0;0;0;0;0;0;0;0;0;0;0;0;0;0;0;0;0;0;0;0;0;0;0;0;0;0;0;0;0;0;0;0;0;0;0;1;0;0;1;0;1;0;2013-02-23 06:30:00;608;0;38;5;23;0;-1;1;-1;-1;-1;-1;-1;-1;1;2;1;1;3;2;-1;0;0;0;0;0;0;0;0;0;0;0;0;0;1;1;0;0;-1;-1;0;0;-1;-1;-1;-1;-1;-1;-1;-1;-1;10;10;33;52;96;14;62;81;28;0;0;5.07;2.08;Western Sydney Wanderers;Perth Glory FC;1.81;0.71;1.73;0.4;1.95;1.05;91;91;68;48;5;0;0;0;0;0;0;4303;28;Y;N;N;N;N;N;N
919368;603;607;2012/2013;complete;56985;22;-1;18,32,57,81,87,90;23,68;6;2;8;-1;-1;-1;-1;-1;1;2;0;0;-1;-1;-1;-1;-1;-1;-1;-1;-1;-1;1;2;0;0;0;0;0;0;0;0;0;0;0;0;0;0;0;0;0;0;0;0;0;0;0;0;0;0;0;0;0;0;0;0;0;0;0;0;0;0;0;0;0;0;0;0;0;0;0;0;0;0;0;0;0;0;0;0;0;0;0;0;0;0;0;0;0;0;0;0;8;2;1;4;1;5;3;2013-02-23 08:45:00;603;0;50;22;28;0;-1;1;-1;-1;-1;-1;-1;-1;0;0;1;2;0;3;-1;0;0;0;0;0;0;0;0;1;0;1;0;0;1;1;0;0;-1;-1;0;0;-1;-1;-1;-1;-1;-1;-1;-1;-1;28;33;62;73;95;28;67;84;50;0;0;5.67;3.17;Central Coast Mariners;Melbourne Victory FC;2.64;1.21;2.78;1.33;2;1.71;73;67;39;28;6;0;0;0;0;0;0;4303;29;Y;Y;Y;Y;Y;Y;Y
919371;609;601;2012/2013;complete;56985;22;-1;31,80;20,34;2;2;4;-1;-1;-1;-1;-1;1;3;0;1;-1;-1;-1;-1;-1;-1;-1;-1;-1;-1;1;4;0;0;0;0;0;0;0;0;0;0;0;0;0;0;0;0;0;0;0;0;0;0;0;0;0;0;0;0;0;0;0;0;0;0;0;0;0;0;0;0;0;0;0;0;0;0;0;0;0;0;0;0;0;0;0;0;0;0;0;0;0;0;0;0;0;0;0;0;4;1;2;1;0;1;3;2013-02-24 03:30:00;-1;0;55;15;25;0;-1;1;-1;-1;-1;-1;-1;-1;0;2;1;2;2;3;-1;0;0;0;0;0;0;0;0;0;0;0;0;0;1;1;0;0;-1;-1;0;2;-1;-1;-1;-1;-1;-1;-1;-1;-1;10;15;40;75;95;20;75;75;40;0;0;3.9;2.45;Wellington Phoenix;Adelaide United;1.36;1.15;1.5;1;0.95;1.67;90;85;60;25;5;0;0;0;0;0;0;4303;27;Y;Y;Y;Y;N;N;Y
919374;602;606;2012/2013;complete;56985;22;-1;31,36,55;58;3;1;4;-1;-1;-1;-1;-1;2;3;0;1;-1;-1;-1;-1;-1;-1;-1;-1;-1;-1;2;5;0;0;0;0;0;0;0;0;0;0;0;0;0;0;0;0;0;0;0;0;0;0;0;0;0;0;0;0;0;0;0;0;0;0;0;0;0;0;0;0;0;0;0;0;0;0;0;0;0;0;0;0;0;0;0;0;0;0;0;0;0;0;0;0;0;0;0;0;4;2;0;1;1;2;2;2013-02-24 06:00:00;602;0;65;25;50;0;-1;1;-1;-1;-1;-1;-1;-1;1;1;1;3;2;4;-1;0;0;0;0;0;0;0;1;0;1;0;0;0;1;1;0;0;-1;-1;0;0;-1;-1;-1;-1;-1;-1;-1;-1;-1;25;40;65;85;100;40;80;90;50;0;0;6;3.45;Melbourne City FC;Sydney FC;1.77;0.64;2;0.8;1.14;1.29;75;60;35;15;0;0;0;0;0;0;0;4303;27;Y;Y;Y;Y;N;N;Y
919376;609;605;2012/2013;complete;56985;26;-1;60;19,44;1;2;3;-1;-1;-1;-1;-1;4;3;0;0;-1;-1;-1;-1;-1;-1;-1;-1;-1;-1;4;3;0;0;0;0;0;0;0;0;0;0;0;0;0;0;0;0;0;0;0;0;0;0;0;0;0;0;0;0;0;0;0;0;0;0;0;0;0;0;0;0;0;0;0;0;0;0;0;0;0;0;0;0;0;0;0;0;0;0;0;0;0;0;0;0;0;0;0;0;3;0;2;1;0;1;2;2013-02-27 06:00:00;605;0;64;32;27;0;-1;1;-1;-1;-1;-1;-1;-1;2;1;2;2;3;4;-1;0;0;0;0;0;0;0;0;0;0;0;0;0;1;1;0;0;-1;-1;0;1;-1;-1;-1;-1;-1;-1;-1;-1;-1;23;27;50;78;96;41;87;69;41;0;0;5.1;2.77;Wellington Phoenix;Newcastle Jets FC;1.36;0.93;1.45;0.82;0.95;1.23;78;73;50;23;5;0;0;0;0;0;0;4303;27;Y;Y;Y;N;N;N;Y
919379;601;604;2012/2013;complete;56985;23;-1;;83;0;1;1;-1;-1;-1;-1;-1;1;3;1;0;-1;-1;-1;-1;-1;-1;-1;-1;-1;-1;2;3;0;0;0;0;0;0;0;0;0;0;0;0;0;0;0;0;0;0;0;0;0;0;0;0;0;0;0;0;0;0;0;0;0;0;0;0;0;0;0;0;0;0;0;0;0;0;0;0;0;0;0;0;0;0;0;0;0;0;0;0;0;0;0;0;0;0;0;0;1;0;0;0;1;1;0;2013-03-02 06:30:00;604;0;53;17;18;0;-1;1;-1;-1;-1;-1;-1;-1;0;2;2;1;2;3;-1;0;0;0;0;0;0;0;0;0;0;0;0;0;1;1;0;0;-1;-1;0;0;-1;-1;-1;-1;-1;-1;-1;-1;-1;22;31;44;57;96;39;66;83;22;0;0;5.03;2.59;Adelaide United;Brisbane Roar;1.73;0.94;2.27;0.75;1.64;1.14;78;69;56;43;4;0;0;0;0;0;0;4303;28;Y;N;N;N;N;N;N
919382;603;608;2012/2013;complete;56985;23;-1;;81;0;1;1;-1;-1;-1;-1;-1;5;4;0;0;-1;-1;-1;-1;-1;-1;-1;-1;-1;-1;5;4;0;0;0;0;0;0;0;0;0;0;0;0;0;0;0;0;0;0;0;0;0;0;0;0;0;0;0;0;0;0;0;0;0;0;0;0;0;0;0;0;0;0;0;0;0;0;0;0;0;0;0;0;0;0;0;0;0;0;0;0;0;0;0;0;0;0;0;0;1;0;0;0;1;1;0;2013-03-02 08:45:00;608;0;45;20;20;0;-1;1;-1;-1;-1;-1;-1;-1;1;0;4;4;1;8;-1;0;0;0;0;0;0;0;0;0;0;0;0;0;1;1;0;0;-1;-1;0;0;-1;-1;-1;-1;-1;-1;-1;-1;-1;20;25;45;65;95;25;70;80;45;0;0;4.4;2.9;Central Coast Mariners;Western Sydney Wanderers;2.64;2.38;2.8;2.2;2.05;2;80;75;55;35;5;0;0;0;0;0;0;4303;29;Y;N;N;N;N;N;N
919386;600;606;2012/2013;complete;56985;23;-1;20,35;29;2;1;3;-1;-1;-1;-1;-1;2;3;0;1;-1;-1;-1;-1;-1;-1;-1;-1;-1;-1;2;4;0;0;0;0;0;0;0;0;0;0;0;0;0;0;0;0;0;0;0;0;0;0;0;0;0;0;0;0;0;0;0;0;0;0;0;0;0;0;0;0;0;0;0;0;0;0;0;0;0;0;0;0;0;0;0;0;0;0;0;0;0;0;0;0;0;0;0;0;3;2;1;0;0;0;3;2013-03-02 11:00:00;600;0;59;27;46;0;-1;1;-1;-1;-1;-1;-1;-1;0;1;2;3;1;5;-1;0;0;0;0;0;0;0;0;0;0;0;0;0;1;1;0;0;-1;-1;0;0;-1;-1;-1;-1;-1;-1;-1;-1;-1;14;37;59;78;100;37;87;82;50;0;0;6.09;3.09;Perth Glory FC;Sydney FC;1.57;0.64;1.64;0.73;1;1.23;87;64;41;23;0;0;0;0;0;0;0;4303;27;Y;Y;Y;N;N;N;Y
919388;609;602;2012/2013;complete;56985;23;-1;19;;1;0;1;-1;-1;-1;-1;-1;2;1;1;0;-1;-1;-1;-1;-1;-1;-1;-1;-1;-1;3;1;0;0;0;0;0;0;0;0;0;0;0;0;0;0;0;0;0;0;0;0;0;0;0;0;0;0;0;0;0;0;0;0;0;0;0;0;0;0;0;0;0;0;0;0;0;0;0;0;0;0;0;0;0;0;0;0;0;0;0;0;0;0;0;0;0;0;0;0;1;1;0;0;0;0;1;2013-03-03 03:30:00;609;0;52;22;13;0;-1;1;-1;-1;-1;-1;-1;-1;1;1;2;0;2;2;-1;0;0;0;0;0;0;0;0;0;0;0;0;0;1;1;0;0;-1;-1;0;1;-1;-1;-1;-1;-1;-1;-1;-1;-1;9;13;39;74;96;26;74;79;35;0;0;5.02;2.3;Wellington Phoenix;Melbourne City FC;1.36;0.29;1.33;0.36;0.91;1.23;92;87;61;26;5;0;0;0;0;0;0;4303;27;Y;N;N;N;N;N;N
919391;607;605;2012/2013;complete;56985;23;-1;8,15,30,57,65;;5;0;5;-1;-1;-1;-1;-1;0;2;0;1;-1;-1;-1;-1;-1;-1;-1;-1;-1;-1;0;3;0;0;0;0;0;0;0;0;0;0;0;0;0;0;0;0;0;0;0;0;0;0;0;0;0;0;0;0;0;0;0;0;0;0;0;0;0;0;0;0;0;0;0;0;0;0;0;0;0;0;0;0;0;0;0;0;0;0;0;0;0;0;0;0;0;0;0;0;5;3;0;2;0;2;3;2013-03-03 06:00:00;607;0;79;25;46;0;-1;1;-1;-1;-1;-1;-1;-1;0;1;0;2;1;2;-1;0;0;0;0;0;0;0;2;0;2;0;0;0;1;1;1;0;-1;-1;0;0;-1;-1;-1;-1;-1;-1;-1;-1;-1;25;33;71;88;96;46;88;75;50;0;0;5.58;3.17;Melbourne Victory FC;Newcastle Jets FC;2;0.93;2;1;1.64;1.3;75;67;29;13;4;0;0;0;0;0;0;4303;27;Y;Y;Y;Y;Y;N;N
919395;605;600;2012/2013;complete;56985;24;-1;45;24,90;1;2;3;-1;-1;-1;-1;-1;0;2;0;0;-1;-1;-1;-1;-1;-1;-1;-1;-1;-1;0;2;0;0;0;0;0;0;0;0;0;0;0;0;0;0;0;0;0;0;0;0;0;0;0;0;0;0;0;0;0;0;0;0;0;0;0;0;0;0;0;0;0;0;0;0;0;0;0;0;0;0;0;0;0;0;0;0;0;0;0;0;0;0;0;0;0;0;0;0;3;1;1;0;1;1;2;2013-03-08 08:30:00;600;0;32;9;18;0;-1;1;-1;-1;-1;-1;-1;-1;0;1;0;1;1;1;-1;0;0;0;0;0;0;0;0;0;0;0;0;0;1;1;0;0;-1;-1;0;0;-1;-1;-1;-1;-1;-1;-1;-1;-1;5;9;32;55;91;14;55;78;32;0;0;4.91;1.91;Newcastle Jets FC;Perth Glory FC;1.38;0.71;1.64;0.36;1.25;1.09;96;91;69;46;9;0;0;0;0;0;0;4303;27;Y;Y;Y;N;N;N;Y
919399;606;603;2012/2013;complete;56985;24;-1;25,73;;2;0;2;-1;-1;-1;-1;-1;1;1;0;0;-1;-1;-1;-1;-1;-1;-1;-1;-1;-1;1;1;0;0;0;0;0;0;0;0;0;0;0;0;0;0;0;0;0;0;0;0;0;0;0;0;0;0;0;0;0;0;0;0;0;0;0;0;0;0;0;0;0;0;0;0;0;0;0;0;0;0;0;0;0;0;0;0;0;0;0;0;0;0;0;0;0;0;0;0;2;1;0;1;0;1;1;2013-03-09 06:30:00;606;0;62;18;31;0;-1;1;-1;-1;-1;-1;-1;-1;0;0;1;1;0;2;-1;0;0;0;0;0;0;0;0;0;0;0;0;0;1;1;0;0;-1;-1;0;0;-1;-1;-1;-1;-1;-1;-1;-1;-1;14;22;53;75;92;22;66;87;45;0;0;4.97;2.68;Sydney FC;Central Coast Mariners;1.77;1.53;1.73;1.42;1.17;1.96;87;78;47;26;9;0;0;0;0;0;0;4303;27;Y;Y;N;N;N;N;N
919403;604;607;2012/2013;complete;56985;24;-1;60;11;1;1;2;-1;-1;-1;-1;-1;2;3;0;0;-1;-1;-1;-1;-1;-1;-1;-1;-1;-1;2;3;0;0;0;0;0;0;0;0;0;0;0;0;0;0;0;0;0;0;0;0;0;0;0;0;0;0;0;0;0;0;0;0;0;0;0;0;0;0;0;0;0;0;0;0;0;0;0;0;0;0;0;0;0;0;0;0;0;0;0;0;0;0;0;0;0;0;0;0;2;0;1;1;0;1;1;2013-03-09 08:45:00;-1;0;50;20;35;0;-1;1;-1;-1;-1;-1;-1;-1;0;0;2;3;0;5;-1;0;0;0;0;0;0;0;0;0;0;0;0;0;1;1;0;0;-1;-1;0;0;-1;-1;-1;-1;-1;-1;-1;-1;-1;30;35;60;70;100;30;90;70;50;0;0;5.5;3.2;Brisbane Roar;Melbourne Victory FC;1.77;1.21;1.6;1.2;1.22;1.7;70;65;40;30;0;0;0;0;0;0;0;4303;29;Y;Y;N;N;N;N;Y
919407;608;609;2012/2013;complete;56985;24;-1;8,49;22;2;1;3;-1;-1;-1;-1;-1;1;1;0;0;-1;-1;-1;-1;-1;-1;-1;-1;-1;-1;1;1;0;0;0;0;0;0;0;0;0;0;0;0;0;0;0;0;0;0;0;0;0;0;0;0;0;0;0;0;0;0;0;0;0;0;0;0;0;0;0;0;0;0;0;0;0;0;0;0;0;0;0;0;0;0;0;0;0;0;0;0;0;0;0;0;0;0;0;0;3;1;1;1;0;1;2;2013-03-10 06:00:00;608;0;53;9;30;0;-1;1;-1;-1;-1;-1;-1;-1;0;0;1;1;0;2;-1;0;0;0;0;0;0;0;2;0;2;0;0;0;1;1;1;0;-1;-1;0;0;-1;-1;-1;-1;-1;-1;-1;-1;-1;18;27;53;79;96;27;75;92;44;0;0;4.98;2.95;Western Sydney Wanderers;Wellington Phoenix;1.81;0.62;1.83;0.45;2.04;1;83;74;47;21;4;0;0;0;0;0;0;4303;27;Y;Y;Y;N;N;N;Y
919410;602;601;2012/2013;complete;56985;24;-1;;40,53;0;2;2;-1;-1;-1;-1;-1;2;5;0;0;-1;-1;-1;-1;-1;-1;-1;-1;-1;-1;2;5;0;0;0;0;0;0;0;0;0;0;0;0;0;0;0;0;0;0;0;0;0;0;0;0;0;0;0;0;0;0;0;0;0;0;0;0;0;0;0;0;0;0;0;0;0;0;0;0;0;0;0;0;0;0;0;0;0;0;0;0;0;0;0;0;0;0;0;0;2;0;1;0;1;1;1;2013-03-11 08:30:00;601;0;64;14;41;0;-1;1;-1;-1;-1;-1;-1;-1;0;2;2;3;2;5;-1;0;0;0;0;0;0;0;0;1;0;1;0;0;1;1;0;0;-1;-1;0;0;-1;-1;-1;-1;-1;-1;-1;-1;-1;18;32;60;82;96;32;73;87;45;0;0;4.81;3;Melbourne City FC;Adelaide United;1.77;1.15;2.09;1;1.17;1.57;82;69;41;18;5;0;0;0;0;0;0;4303;27;Y;Y;N;N;N;N;N
919414;601;605;2012/2013;complete;56985;25;-1;49;44;1;1;2;-1;-1;-1;-1;-1;1;3;0;0;-1;-1;-1;-1;-1;-1;-1;-1;-1;-1;1;3;0;0;0;0;0;0;0;0;0;0;0;0;0;0;0;0;0;0;0;0;0;0;0;0;0;0;0;0;0;0;0;0;0;0;0;0;0;0;0;0;0;0;0;0;0;0;0;0;0;0;0;0;0;0;0;0;0;0;0;0;0;0;0;0;0;0;0;0;2;0;1;1;0;1;1;2013-03-15 08:30:00;-1;0;60;20;28;0;-1;1;-1;-1;-1;-1;-1;-1;0;2;1;1;2;2;-1;0;0;0;0;0;0;0;0;0;0;0;0;0;1;1;0;0;-1;-1;0;0;-1;-1;-1;-1;-1;-1;-1;-1;-1;32;40;64;72;96;52;80;81;40;0;0;5.88;3.15;Adelaide United;Newcastle Jets FC;1.73;0.93;2.08;0.92;1.63;1.2;69;60;37;29;4;0;0;0;0;0;0;4303;27;Y;Y;N;N;N;N;Y
919418;602;608;2012/2013;complete;56985;25;-1;39;28,60,89;1;3;4;-1;-1;-1;-1;-1;1;3;1;0;-1;-1;-1;-1;-1;-1;-1;-1;-1;-1;3;3;0;0;0;0;0;0;0;0;0;0;0;0;0;0;0;0;0;0;0;0;0;0;0;0;0;0;0;0;0;0;0;0;0;0;0;0;0;0;0;0;0;0;0;0;0;0;0;0;0;0;0;0;0;0;0;0;0;0;0;0;0;0;0;0;0;0;0;0;4;1;1;0;2;2;2;2013-03-16 06:30:00;608;0;47;4;30;0;-1;1;-1;-1;-1;-1;-1;-1;1;1;1;2;2;3;-1;0;0;0;0;0;0;0;0;0;0;0;0;0;1;1;0;0;-1;-1;0;0;-1;-1;-1;-1;-1;-1;-1;-1;-1;17;21;39;69;100;21;74;83;39;0;0;5.06;2.55;Melbourne City FC;Western Sydney Wanderers;1.77;2.38;1.92;2.27;1.13;2.08;83;79;62;31;0;0;0;0;0;0;0;4303;27;Y;Y;Y;Y;N;N;Y
919422;606;607;2012/2013;complete;56985;25;-1;85;3;1;1;2;-1;-1;-1;-1;-1;3;2;0;0;-1;-1;-1;-1;-1;-1;-1;-1;-1;-1;3;2;0;0;0;0;0;0;0;0;0;0;0;0;0;0;0;0;0;0;0;0;0;0;0;0;0;0;0;0;0;0;0;0;0;0;0;0;0;0;0;0;0;0;0;0;0;0;0;0;0;0;0;0;0;0;0;0;0;0;0;0;0;0;0;0;0;0;0;0;2;0;1;1;0;1;1;2013-03-16 08:45:00;-1;0;66;18;44;0;-1;1;-1;-1;-1;-1;-1;-1;2;2;1;0;4;1;-1;0;0;0;0;0;0;0;0;0;0;0;0;0;1;1;0;1;-1;-1;0;0;-1;-1;-1;-1;-1;-1;-1;-1;-1;31;31;66;83;96;26;79;87;57;0;0;6.05;3.36;Sydney FC;Melbourne Victory FC;1.77;1.21;1.83;1.18;1.25;1.67;70;70;35;18;4;0;0;0;0;0;0;4303;27;Y;Y;N;N;N;N;Y
919425;603;604;2012/2013;complete;56985;25;-1;34;;1;0;1;-1;-1;-1;-1;-1;1;2;0;0;-1;-1;-1;-1;-1;-1;-1;-1;-1;-1;1;2;0;0;0;0;0;0;0;0;0;0;0;0;0;0;0;0;0;0;0;0;0;0;0;0;0;0;0;0;0;0;0;0;0;0;0;0;0;0;0;0;0;0;0;0;0;0;0;0;0;0;0;0;0;0;0;0;0;0;0;0;0;0;0;0;0;0;0;0;1;1;0;0;0;0;1;2013-03-17 06:00:00;603;0;46;30;17;0;-1;1;-1;-1;-1;-1;-1;-1;0;1;1;1;1;2;-1;0;0;0;0;0;0;0;0;0;0;0;0;0;1;1;0;0;-1;-1;0;0;-1;-1;-1;-1;-1;-1;-1;-1;-1;21;26;43;55;92;34;55;84;30;0;0;4.71;2.68;Central Coast Mariners;Brisbane Roar;2.64;0.94;2.55;0.92;1.88;1.21;79;75;57;45;9;0;0;0;0;0;0;4303;29;Y;N;N;N;N;N;N
919429;600;609;2012/2013;complete;56985;25;-1;76;35,67;1;2;3;-1;-1;-1;-1;-1;1;5;0;0;-1;-1;-1;-1;-1;-1;-1;-1;-1;-1;1;5;0;0;0;0;0;0;0;0;0;0;0;0;0;0;0;0;0;0;0;0;0;0;0;0;0;0;0;0;0;0;0;0;0;0;0;0;0;0;0;0;0;0;0;0;0;0;0;0;0;0;0;0;0;0;0;0;0;0;0;0;0;0;0;0;0;0;0;0;3;0;1;1;1;2;1;2013-03-17 08:00:00;609;0;59;21;25;0;-1;1;-1;-1;-1;-1;-1;-1;0;1;1;4;1;5;-1;0;0;0;0;0;0;0;0;0;0;0;0;0;1;1;0;0;-1;-1;0;0;-1;-1;-1;-1;-1;-1;-1;-1;-1;17;30;55;84;100;34;88;84;42;0;0;4.91;2.96;Perth Glory FC;Wellington Phoenix;1.57;0.62;1.75;0.42;1.17;0.96;84;71;46;17;0;0;0;0;0;0;0;4303;27;Y;Y;Y;N;N;N;Y
919433;607;600;2012/2013;complete;56985;26;-1;13,89;21,38,90;2;3;5;-1;-1;-1;-1;-1;1;2;0;0;-1;-1;-1;-1;-1;-1;-1;-1;-1;-1;1;2;0;0;0;0;0;0;0;0;0;0;0;0;0;0;0;0;0;0;0;0;0;0;0;0;0;0;0;0;0;0;0;0;0;0;0;0;0;0;0;0;0;0;0;0;0;0;0;0;0;0;0;0;0;0;0;0;0;0;0;0;0;0;0;0;0;0;0;0;5;1;2;1;1;2;3;2013-03-23 06:30:00;600;0;55;12;27;0;-1;1;-1;-1;-1;-1;-1;-1;0;0;1;2;0;3;-1;0;0;0;0;0;0;0;0;0;0;0;0;0;1;1;0;0;-1;-1;0;0;-1;-1;-1;-1;-1;-1;-1;-1;-1;16;23;47;67;100;28;72;84;36;0;0;4.67;2.53;Melbourne Victory FC;Perth Glory FC;2;0.71;2.08;0.58;1.64;1.12;85;77;53;33;0;0;0;0;0;0;0;4303;28;Y;Y;Y;Y;Y;N;Y
919436;608;606;2012/2013;complete;56985;26;-1;70;34;1;1;2;-1;-1;-1;-1;-1;3;5;1;1;-1;-1;-1;-1;-1;-1;-1;-1;-1;-1;5;6;0;0;0;0;0;0;0;0;0;0;0;0;0;0;0;0;0;0;0;0;0;0;0;0;0;0;0;0;0;0;0;0;0;0;0;0;0;0;0;0;0;0;0;0;0;0;0;0;0;0;0;0;0;0;0;0;0;0;0;0;0;0;0;0;0;0;0;0;2;0;1;1;0;1;1;2013-03-23 08:45:00;-1;0;61;29;45;0;-1;1;-1;-1;-1;-1;-1;-1;1;2;3;4;3;7;-1;0;0;0;0;0;0;0;0;0;0;0;0;0;1;1;0;0;-1;-1;0;0;-1;-1;-1;-1;-1;-1;-1;-1;-1;13;29;65;77;96;41;77;84;45;0;0;5.9;3.07;Western Sydney Wanderers;Sydney FC;1.81;0.64;1.92;0.67;2.12;1.24;88;71;36;23;4;0;0;0;0;0;0;4303;27;Y;Y;N;N;N;N;Y
919440;604;602;2012/2013;complete;56985;26;-1;12,31;;2;0;2;-1;-1;-1;-1;-1;1;3;0;0;-1;-1;-1;-1;-1;-1;-1;-1;-1;-1;1;3;0;0;0;0;0;0;0;0;0;0;0;0;0;0;0;0;0;0;0;0;0;0;0;0;0;0;0;0;0;0;0;0;0;0;0;0;0;0;0;0;0;0;0;0;0;0;0;0;0;0;0;0;0;0;0;0;0;0;0;0;0;0;0;0;0;0;0;0;2;2;0;0;0;0;2;2013-03-24 06:00:00;604;0;44;18;18;0;-1;1;-1;-1;-1;-1;-1;-1;0;2;1;1;2;2;-1;0;0;0;0;0;0;0;1;0;1;0;0;0;1;1;0;0;-1;-1;0;0;-1;-1;-1;-1;-1;-1;-1;-1;-1;13;18;44;66;96;22;84;70;39;0;0;4.99;2.41;Brisbane Roar;Melbourne City FC;1.77;0.29;1.55;0.33;1.16;1.08;87;83;57;35;4;0;0;0;0;0;0;4303;27;Y;Y;N;N;N;N;N
919444;601;603;2012/2013;complete;56985;26;-1;;4,90;0;2;2;-1;-1;-1;-1;-1;2;0;0;0;-1;-1;-1;-1;-1;-1;-1;-1;-1;-1;2;0;0;0;0;0;0;0;0;0;0;0;0;0;0;0;0;0;0;0;0;0;0;0;0;0;0;0;0;0;0;0;0;0;0;0;0;0;0;0;0;0;0;0;0;0;0;0;0;0;0;0;0;0;0;0;0;0;0;0;0;0;0;0;0;0;0;0;0;0;2;0;1;0;1;1;1;2013-03-24 08:00:00;603;0;50;12;15;0;-1;1;-1;-1;-1;-1;-1;-1;1;0;1;0;1;1;-1;0;0;0;0;0;0;0;0;0;0;0;0;0;1;1;0;1;-1;-1;0;0;-1;-1;-1;-1;-1;-1;-1;-1;-1;12;27;39;66;96;27;66;89;23;0;0;4.54;2.47;Adelaide United;Central Coast Mariners;1.73;1.53;2;1.31;1.6;1.92;89;74;62;35;4;0;0;0;0;0;0;4303;28;Y;Y;N;N;N;N;N
919448;604;606;2012/2013;complete;56985;27;-1;30,51,79;84;3;1;4;-1;-1;-1;-1;-1;0;4;0;0;-1;-1;-1;-1;-1;-1;-1;-1;-1;-1;0;4;0;0;0;0;0;0;0;0;0;0;0;0;0;0;0;0;0;0;0;0;0;0;0;0;0;0;0;0;0;0;0;0;0;0;0;0;0;0;0;0;0;0;0;0;0;0;0;0;0;0;0;0;0;0;0;0;0;0;0;0;0;0;0;0;0;0;0;0;4;1;0;2;1;3;1;2013-03-28 09:00:00;604;0;60;28;36;0;-1;1;-1;-1;-1;-1;-1;-1;0;1;0;3;1;3;-1;0;0;0;0;0;0;0;0;1;0;1;0;0;1;1;0;0;-1;-1;0;0;-1;-1;-1;-1;-1;-1;-1;-1;-1;16;36;60;80;100;44;96;72;44;0;0;5.75;3.14;Brisbane Roar;Sydney FC;1.77;0.64;1.67;0.69;1.23;1.23;84;65;41;21;0;0;0;0;0;0;0;4303;27;Y;Y;Y;Y;N;N;Y
919452;605;608;2012/2013;complete;56985;27;-1;;6,33,80;0;3;3;-1;-1;-1;-1;-1;2;0;0;0;-1;-1;-1;-1;-1;-1;-1;-1;-1;-1;2;0;0;0;0;0;0;0;0;0;0;0;0;0;0;0;0;0;0;0;0;0;0;0;0;0;0;0;0;0;0;0;0;0;0;0;0;0;0;0;0;0;0;0;0;0;0;0;0;0;0;0;0;0;0;0;0;0;0;0;0;0;0;0;0;0;0;0;0;0;3;0;2;0;1;1;2;2013-03-29 06:30:00;608;0;42;17;21;0;-1;1;-1;-1;-1;-1;-1;-1;1;0;1;0;1;1;-1;0;0;0;0;0;0;0;0;0;0;0;0;0;1;1;0;1;-1;-1;0;0;-1;-1;-1;-1;-1;-1;-1;-1;-1;4;13;42;67;92;21;67;75;42;0;0;4.67;2.21;Newcastle Jets FC;Western Sydney Wanderers;1.38;2.38;1.5;2.33;1.19;2.08;96;88;59;34;9;0;0;0;0;0;0;4303;27;Y;Y;Y;N;N;N;N
919456;603;602;2012/2013;complete;56985;27;-1;35,63;73;2;1;3;-1;-1;-1;-1;-1;3;2;0;1;-1;-1;-1;-1;-1;-1;-1;-1;-1;-1;3;4;0;0;0;0;0;0;0;0;0;0;0;0;0;0;0;0;0;0;0;0;0;0;0;0;0;0;0;0;0;0;0;0;0;0;0;0;0;0;0;0;0;0;0;0;0;0;0;0;0;0;0;0;0;0;0;0;0;0;0;0;0;0;0;0;0;0;0;0;3;1;0;1;1;2;1;2013-03-30 06:30:00;603;0;40;24;16;0;-1;1;-1;-1;-1;-1;-1;-1;1;1;2;2;2;4;-1;0;0;0;0;0;0;0;1;0;1;0;0;0;1;1;0;0;-1;-1;0;0;-1;-1;-1;-1;-1;-1;-1;-1;-1;17;21;44;64;92;28;64;76;40;0;0;5.08;2.66;Central Coast Mariners;Melbourne City FC;2.64;0.29;2.58;0.31;1.96;1.04;84;80;56;37;8;0;0;0;0;0;0;4303;27;Y;Y;Y;N;N;N;Y
919460;600;601;2012/2013;complete;56985;27;-1;58;90;1;1;2;-1;-1;-1;-1;-1;2;2;0;0;-1;-1;-1;-1;-1;-1;-1;-1;-1;-1;2;2;0;0;0;0;0;0;0;0;0;0;0;0;0;0;0;0;0;0;0;0;0;0;0;0;0;0;0;0;0;0;0;0;0;0;0;0;0;0;0;0;0;0;0;0;0;0;0;0;0;0;0;0;0;0;0;0;0;0;0;0;0;0;0;0;0;0;0;0;2;0;0;1;1;2;0;2013-03-30 10:45:00;-1;0;56;20;32;0;-1;1;-1;-1;-1;-1;-1;-1;0;0;2;2;0;4;-1;0;0;0;0;0;0;0;0;0;0;0;0;0;1;1;0;0;-1;-1;0;0;-1;-1;-1;-1;-1;-1;-1;-1;-1;8;20;52;76;96;24;80;76;40;0;0;4.9;2.61;Perth Glory FC;Adelaide United;1.57;1.15;1.62;1.17;1.19;1.54;92;80;48;24;4;0;0;0;0;0;0;4303;28;Y;Y;N;N;N;N;Y
919464;609;607;2012/2013;complete;56985;27;-1;64,66;10,56,83;2;3;5;-1;-1;-1;-1;-1;4;2;0;0;-1;-1;-1;-1;-1;-1;-1;-1;-1;-1;4;2;0;0;0;0;0;0;0;0;0;0;0;0;0;0;0;0;0;0;0;0;0;0;0;0;0;0;0;0;0;0;0;0;0;0;0;0;0;0;0;0;0;0;0;0;0;0;0;0;0;0;0;0;0;0;0;0;0;0;0;0;0;0;0;0;0;0;0;0;5;0;1;2;2;4;1;2013-03-31 03:30:00;607;0;61;20;25;0;-1;1;-1;-1;-1;-1;-1;-1;2;1;2;1;3;3;-1;0;0;0;0;0;0;0;0;0;0;0;0;0;1;1;0;1;-1;-1;0;0;-1;-1;-1;-1;-1;-1;-1;-1;-1;21;24;45;76;100;28;84;76;37;0;0;5.27;2.83;Wellington Phoenix;Melbourne Victory FC;1.36;1.21;1.46;1.17;1.04;1.58;80;76;56;24;0;0;0;0;0;0;0;4303;27;Y;Y;Y;Y;Y;N;Y
919467;607;600;2012/2013;complete;56986;0;-1;90;15;1;1;2;-1;-1;-1;-1;-1;5;2;0;1;-1;-1;-1;-1;-1;-1;-1;-1;-1;-1;5;3;0;0;0;0;0;0;0;0;0;0;0;0;0;0;0;0;0;0;0;0;0;0;0;0;0;0;0;0;0;0;0;0;0;0;0;0;0;0;0;0;0;0;0;0;0;0;0;0;0;0;0;0;0;0;0;0;0;0;0;0;0;0;0;0;0;0;0;0;3;0;1;2;0;2;1;2013-04-05 08:30:00;607;1;61;18;33;0;-1;1;-1;-1;-1;-1;-1;-1;1;1;4;2;2;6;-1;0;0;0;0;0;0;0;1;0;1;0;0;0;1;1;0;0;-1;-1;0;0;-1;-1;-1;-1;-1;-1;-1;-1;-1;22;28;52;74;100;28;78;82;45;0;0;5;2.83;Melbourne Victory FC;Perth Glory FC;1.62;1.14;1.63;1.19;1.63;1.19;78;72;48;26;0;0;0;0;0;0;0;4303;28;Y;Y;Y;N;N;N;Y
919470;601;604;2012/2013;complete;56986;0;-1;89;28,45;1;2;3;-1;-1;-1;-1;-1;6;3;0;0;-1;-1;-1;-1;-1;-1;-1;-1;-1;-1;6;3;0;0;0;0;0;0;0;0;0;0;0;0;0;0;0;0;0;0;0;0;0;0;0;0;0;0;0;0;0;0;0;0;0;0;0;0;0;0;0;0;0;0;0;0;0;0;0;0;0;0;0;0;0;0;0;0;0;0;0;0;0;0;0;0;0;0;0;0;3;0;2;1;0;1;2;2013-04-07 07:00:00;604;1;50;14;14;0;-1;1;-1;-1;-1;-1;-1;-1;1;1;5;2;2;7;-1;0;0;0;0;0;0;0;0;0;0;0;0;0;1;1;0;0;-1;-1;0;0;-1;-1;-1;-1;-1;-1;-1;-1;-1;15;26;43;65;96;30;74;78;30;0;0;4.59;2.54;Adelaide United;Brisbane Roar;1.46;1.31;1.52;1.3;1.52;1.3;85;74;58;35;4;0;0;0;0;0;0;4303;28;Y;Y;Y;N;N;N;Y
919473;608;604;2012/2013;complete;56986;0;-1;16,71;;2;0;2;-1;-1;-1;-1;-1;3;4;1;0;-1;-1;-1;-1;-1;-1;-1;-1;-1;-1;4;4;0;0;0;0;0;0;0;0;0;0;0;0;0;0;0;0;0;0;0;0;0;0;0;0;0;0;0;0;0;0;0;0;0;0;0;0;0;0;0;0;0;0;0;0;0;0;0;0;0;0;0;0;0;0;0;0;0;0;0;0;0;0;0;0;0;0;0;0;2;1;0;1;0;1;1;2013-04-12 09:30:00;608;1;45;17;21;0;-1;1;-1;-1;-1;-1;-1;-1;1;1;3;3;2;6;-1;0;0;0;0;0;0;0;0;0;0;0;0;0;1;1;0;0;-1;-1;0;0;-1;-1;-1;-1;-1;-1;-1;-1;-1;11;16;40;60;96;27;75;75;29;0;0;4.62;2.31;Western Sydney Wanderers;Brisbane Roar;2.07;1.31;2.11;1.36;2.11;1.36;90;84;60;40;4;0;0;0;0;0;0;4303;29;Y;Y;N;N;N;N;N
919475;603;607;2012/2013;complete;56986;0;-1;42;;1;0;1;-1;-1;-1;-1;-1;1;4;1;0;-1;-1;-1;-1;-1;-1;-1;-1;-1;-1;2;4;0;0;0;0;0;0;0;0;0;0;0;0;0;0;0;0;0;0;0;0;0;0;0;0;0;0;0;0;0;0;0;0;0;0;0;0;0;0;0;0;0;0;0;0;0;0;0;0;0;0;0;0;0;0;0;0;0;0;0;0;0;0;0;0;0;0;0;0;1;1;0;0;0;0;1;2013-04-14 07:00:00;603;1;60;23;35;0;-1;1;-1;-1;-1;-1;-1;-1;0;0;2;4;0;6;-1;0;0;0;0;0;0;0;0;0;0;0;0;0;1;1;0;0;-1;-1;0;0;-1;-1;-1;-1;-1;-1;-1;-1;-1;22;31;55;78;97;27;75;86;45;0;0;4.71;3.01;Central Coast Mariners;Melbourne Victory FC;2.07;1.62;2;1.68;2;1.68;79;70;46;22;4;0;0;0;0;0;0;4303;29;Y;N;N;N;N;N;N
919477;608;603;2012/2013;complete;56986;0;-1;;44,68;0;2;2;-1;-1;-1;-1;-1;0;2;0;0;-1;-1;-1;-1;-1;-1;-1;-1;-1;-1;0;2;0;0;0;0;0;0;0;0;0;0;0;0;0;0;0;0;0;0;0;0;0;0;0;0;0;0;0;0;0;0;0;0;0;0;0;0;0;0;0;0;0;0;0;0;0;0;0;0;0;0;0;0;0;0;0;0;0;0;0;0;0;0;0;0;0;0;0;0;2;0;1;0;1;1;1;2013-04-21 06:00:00;603;1;43;14;21;0;-1;1;-1;-1;-1;-1;-1;-1;0;0;0;2;0;2;-1;0;0;0;0;0;0;0;0;1;0;1;0;0;1;1;0;0;-1;-1;0;0;-1;-1;-1;-1;-1;-1;-1;-1;-1;9;16;39;64;95;21;68;82;32;0;0;4.57;2.42;Western Sydney Wanderers;Central Coast Mariners;2.07;2.07;2.14;2.04;2.14;2.04;91;84;61;36;6;0;0;0;0;0;0;4303;29;Y;Y;N;N;N;N;N
