ID;HOMEID;AWAYID;SEASON;STATUS;ROUNDID;GAME_WEEK;REVISED_GAME_WEEK;HOMEGOALS;AWAYGOALS;HOMEGOALCOUNT;AWAYGOALCOUNT;TOTALGOALCOUNT;TEAM_A_CORNERS;TEAM_B_CORNERS;TOTALCORNERCOUNT;TEAM_A_OFFSIDES;TEAM_B_OFFSIDES;TEAM_A_YELLOW_CARDS;TEAM_B_YELLOW_CARDS;TEAM_A_RED_CARDS;TEAM_B_RED_CARDS;TEAM_A_SHOTSONTARGET;TEAM_B_SHOTSONTARGET;TEAM_A_SHOTSOFFTARGET;TEAM_B_SHOTSOFFTARGET;TEAM_A_SHOTS;TEAM_B_SHOTS;TEAM_A_FOULS;TEAM_B_FOULS;TEAM_A_POSSESSION;TEAM_B_POSSESSION;TEAM_A_CARDS_NUM;TEAM_B_CARDS_NUM;ODDS_FT_1;ODDS_FT_X;ODDS_FT_2;ODDS_FT_OVER05;ODDS_FT_OVER15;ODDS_FT_OVER25;ODDS_FT_OVER35;ODDS_FT_OVER45;ODDS_FT_UNDER05;ODDS_FT_UNDER15;ODDS_FT_UNDER25;ODDS_FT_UNDER35;ODDS_FT_UNDER45;ODDS_BTTS_YES;ODDS_BTTS_NO;ODDS_TEAM_A_CS_YES;ODDS_TEAM_A_CS_NO;ODDS_TEAM_B_CS_YES;ODDS_TEAM_B_CS_NO;ODDS_DOUBLECHANCE_1X;ODDS_DOUBLECHANCE_12;ODDS_DOUBLECHANCE_X2;ODDS_1ST_HALF_RESULT_1;ODDS_1ST_HALF_RESULT_X;ODDS_1ST_HALF_RESULT_2;ODDS_2ND_HALF_RESULT_1;ODDS_2ND_HALF_RESULT_X;ODDS_2ND_HALF_RESULT_2;ODDS_DNB_1;ODDS_DNB_2;ODDS_CORNERS_OVER_75;ODDS_CORNERS_OVER_85;ODDS_CORNERS_OVER_95;ODDS_CORNERS_OVER_105;ODDS_CORNERS_OVER_115;ODDS_CORNERS_UNDER_75;ODDS_CORNERS_UNDER_85;ODDS_CORNERS_UNDER_95;ODDS_CORNERS_UNDER_105;ODDS_CORNERS_UNDER_115;ODDS_CORNERS_1;ODDS_CORNERS_X;ODDS_CORNERS_2;ODDS_TEAM_TO_SCORE_FIRST_1;ODDS_TEAM_TO_SCORE_FIRST_X;ODDS_TEAM_TO_SCORE_FIRST_2;ODDS_WIN_TO_NIL_1;ODDS_WIN_TO_NIL_2;ODDS_1ST_HALF_OVER05;ODDS_1ST_HALF_OVER15;ODDS_1ST_HALF_OVER25;ODDS_1ST_HALF_OVER35;ODDS_1ST_HALF_UNDER05;ODDS_1ST_HALF_UNDER15;ODDS_1ST_HALF_UNDER25;ODDS_1ST_HALF_UNDER35;ODDS_2ND_HALF_OVER05;ODDS_2ND_HALF_OVER15;ODDS_2ND_HALF_OVER25;ODDS_2ND_HALF_OVER35;ODDS_2ND_HALF_UNDER05;ODDS_2ND_HALF_UNDER15;ODDS_2ND_HALF_UNDER25;ODDS_2ND_HALF_UNDER35;ODDS_BTTS_1ST_HALF_YES;ODDS_BTTS_1ST_HALF_NO;ODDS_BTTS_2ND_HALF_YES;ODDS_BTTS_2ND_HALF_NO;OVERALLGOALCOUNT;HT_GOALS_TEAM_A;HT_GOALS_TEAM_B;GOALS_2HG_TEAM_A;GOALS_2HG_TEAM_B;GOALCOUNT_2HG;HTGOALCOUNT;DATE_UNIX;WINNINGTEAM;NO_HOME_AWAY;BTTS_POTENTIAL;BTTS_FHG_POTENTIAL;BTTS_2HG_POTENTIAL;GOALTIMINGDISABLED;CORNER_TIMINGS_RECORDED;CARD_TIMINGS_RECORDED;TEAM_A_FH_CORNERS;TEAM_B_FH_CORNERS;TEAM_A_2H_CORNERS;TEAM_B_2H_CORNERS;CORNER_FH_COUNT;CORNER_2H_COUNT;TEAM_A_FH_CARDS;TEAM_B_FH_CARDS;TEAM_A_2H_CARDS;TEAM_B_2H_CARDS;TOTAL_FH_CARDS;TOTAL_2H_CARDS;ATTACKS_RECORDED;TEAM_A_DANGEROUS_ATTACKS;TEAM_B_DANGEROUS_ATTACKS;TEAM_A_ATTACKS;TEAM_B_ATTACKS;TEAM_A_XG;TEAM_B_XG;TOTAL_XG;TEAM_A_PENALTIES_WON;TEAM_B_PENALTIES_WON;TEAM_A_PENALTY_GOALS;TEAM_B_PENALTY_GOALS;TEAM_A_PENALTY_MISSED;TEAM_B_PENALTY_MISSED;PENS_RECORDED;GOAL_TIMINGS_RECORDED;TEAM_A_0_10_MIN_GOALS;TEAM_B_0_10_MIN_GOALS;TEAM_A_CORNERS_0_10_MIN;TEAM_B_CORNERS_0_10_MIN;TEAM_A_CARDS_0_10_MIN;TEAM_B_CARDS_0_10_MIN;THROWINS_RECORDED;TEAM_A_THROWINS;TEAM_B_THROWINS;FREEKICKS_RECORDED;TEAM_A_FREEKICKS;TEAM_B_FREEKICKS;GOALKICKS_RECORDED;TEAM_A_GOALKICKS;TEAM_B_GOALKICKS;O45_POTENTIAL;O35_POTENTIAL;O25_POTENTIAL;O15_POTENTIAL;O05_POTENTIAL;O15HT_POTENTIAL;O05HT_POTENTIAL;O05_2H_POTENTIAL;O15_2H_POTENTIAL;CORNERS_POTENTIAL;OFFSIDES_POTENTIAL;CARDS_POTENTIAL;AVG_POTENTIAL;HOME_NAME;AWAY_NAME;HOME_PPG;AWAY_PPG;PRE_MATCH_HOME_PPG;PRE_MATCH_AWAY_PPG;PRE_MATCH_TEAMA_OVERALL_PPG;PRE_MATCH_TEAMB_OVERALL_PPG;U45_POTENTIAL;U35_POTENTIAL;U25_POTENTIAL;U15_POTENTIAL;U05_POTENTIAL;CORNERS_O85_POTENTIAL;CORNERS_O95_POTENTIAL;CORNERS_O105_POTENTIAL;TEAM_A_XG_PREMATCH;TEAM_B_XG_PREMATCH;TOTAL_XG_PREMATCH;COMPETITION_ID;MATCHES_COMPLETED_MINIMUM;OVER05;OVER15;OVER25;OVER35;OVER45;OVER55;BTTS
922402;607;603;2009/2010;complete;57045;0;-1;;10,15;0;2;2;-1;-1;-1;-1;-1;2;6;0;0;-1;-1;-1;-1;-1;-1;-1;-1;-1;-1;2;6;0;0;0;0;0;0;0;0;0;0;0;0;0;0;0;0;0;0;0;0;0;0;0;0;0;0;0;0;0;0;0;0;0;0;0;0;0;0;0;0;0;0;0;0;0;0;0;0;0;0;0;0;0;0;0;0;0;0;0;0;0;0;0;0;0;0;0;0;2;0;2;0;0;0;2;2009-08-06 10:00:00;603;0;0;0;0;0;-1;1;-1;-1;-1;-1;-1;-1;1;2;1;4;3;5;-1;0;0;0;0;0;0;0;0;0;0;0;0;0;1;1;0;1;-1;-1;0;0;-1;-1;-1;-1;-1;-1;-1;-1;-1;0;0;0;0;0;0;0;0;0;0;0;0;0;Melbourne Victory FC;Central Coast Mariners;1.81;1;0;0;0;0;0;0;0;0;0;0;0;0;0;0;0;4326;27;Y;Y;N;N;N;N;N
922405;601;600;2009/2010;complete;57045;0;-1;30;;1;0;1;-1;-1;-1;-1;-1;2;3;0;0;-1;-1;-1;-1;-1;-1;-1;-1;-1;-1;2;3;0;0;0;0;0;0;0;0;0;0;0;0;0;0;0;0;0;0;0;0;0;0;0;0;0;0;0;0;0;0;0;0;0;0;0;0;0;0;0;0;0;0;0;0;0;0;0;0;0;0;0;0;0;0;0;0;0;0;0;0;0;0;0;0;0;0;0;0;1;1;0;0;0;0;1;2009-08-07 10:00:00;601;0;0;0;0;0;-1;1;-1;-1;-1;-1;-1;-1;0;2;2;1;2;3;-1;0;0;0;0;0;0;0;1;0;1;0;0;0;1;1;0;0;-1;-1;0;0;-1;-1;-1;-1;-1;-1;-1;-1;-1;0;0;0;0;0;0;0;0;0;0;0;0;0;Adelaide United;Perth Glory FC;1.21;0.8;0;0;0;0;0;0;0;0;0;0;0;0;0;0;0;4326;27;Y;N;N;N;N;N;N
922409;5564;606;2009/2010;complete;57045;0;-1;41,60;4,28,73;2;3;5;-1;-1;-1;-1;-1;-1;-1;-1;-1;-1;-1;-1;-1;-1;-1;-1;-1;-1;-1;-1;-1;0;0;0;0;0;0;0;0;0;0;0;0;0;0;0;0;0;0;0;0;0;0;0;0;0;0;0;0;0;0;0;0;0;0;0;0;0;0;0;0;0;0;0;0;0;0;0;0;0;0;0;0;0;0;0;0;0;0;0;0;0;0;0;0;0;0;0;0;5;1;2;1;1;2;3;2009-08-08 07:30:00;606;0;0;0;0;0;-1;-1;-1;-1;-1;-1;-1;-1;-1;-1;-1;-1;-1;-1;-1;0;0;0;0;0;0;0;1;1;1;1;0;0;1;1;0;1;-1;-1;-1;-1;-1;-1;-1;-1;-1;-1;-1;-1;-1;0;0;0;0;0;0;0;0;0;0;0;0;0;Northern Fury FC;Sydney FC;1.62;1.07;0;0;0;0;0;0;0;0;0;0;0;0;0;0;0;4326;27;Y;Y;Y;Y;Y;N;Y
922413;604;6426;2009/2010;complete;57045;0;-1;89;17,59,90;1;3;4;-1;-1;-1;-1;-1;5;5;0;0;-1;-1;-1;-1;-1;-1;-1;-1;-1;-1;5;5;0;0;0;0;0;0;0;0;0;0;0;0;0;0;0;0;0;0;0;0;0;0;0;0;0;0;0;0;0;0;0;0;0;0;0;0;0;0;0;0;0;0;0;0;0;0;0;0;0;0;0;0;0;0;0;0;0;0;0;0;0;0;0;0;0;0;0;0;4;0;1;1;2;3;1;2009-08-08 09:30:00;6426;0;0;0;0;0;-1;1;-1;-1;-1;-1;-1;-1;4;0;1;5;4;6;-1;0;0;0;0;0;0;0;1;0;1;0;0;0;1;1;0;0;-1;-1;1;0;-1;-1;-1;-1;-1;-1;-1;-1;-1;0;0;0;0;0;0;0;0;0;0;0;0;0;Brisbane Roar;Gold Coast United FC;1.21;1.15;0;0;0;0;0;0;0;0;0;0;0;0;0;0;0;4326;27;Y;Y;Y;Y;N;N;Y
922416;605;609;2009/2010;complete;57045;0;-1;12,23,84;26,43;3;2;5;-1;-1;-1;-1;-1;2;2;0;0;-1;-1;-1;-1;-1;-1;-1;-1;-1;-1;2;2;0;0;0;0;0;0;0;0;0;0;0;0;0;0;0;0;0;0;0;0;0;0;0;0;0;0;0;0;0;0;0;0;0;0;0;0;0;0;0;0;0;0;0;0;0;0;0;0;0;0;0;0;0;0;0;0;0;0;0;0;0;0;0;0;0;0;0;0;5;2;2;1;0;1;4;2009-08-09 05:00:00;605;0;0;0;0;0;-1;1;-1;-1;-1;-1;-1;-1;1;0;1;2;1;3;-1;0;0;0;0;0;0;0;0;0;0;0;0;0;1;1;0;0;-1;-1;0;0;-1;-1;-1;-1;-1;-1;-1;-1;-1;0;0;0;0;0;0;0;0;0;0;0;0;0;Newcastle Jets FC;Wellington Phoenix;1.62;0.93;0;0;0;0;0;0;0;0;0;0;0;0;0;0;0;4326;29;Y;Y;Y;Y;Y;N;Y
922419;603;605;2009/2010;complete;57045;0;-1;50;47;1;1;2;-1;-1;-1;-1;-1;3;3;0;0;-1;-1;-1;-1;-1;-1;-1;-1;-1;-1;3;3;0;0;0;0;0;0;0;0;0;0;0;0;0;0;0;0;0;0;0;0;0;0;0;0;0;0;0;0;0;0;0;0;0;0;0;0;0;0;0;0;0;0;0;0;0;0;0;0;0;0;0;0;0;0;0;0;0;0;0;0;0;0;0;0;0;0;0;0;2;0;0;1;1;2;0;2009-08-14 10:00:00;-1;0;0;0;0;0;-1;1;-1;-1;-1;-1;-1;-1;2;1;1;2;3;3;-1;0;0;0;0;0;0;0;0;0;0;0;0;0;1;1;0;0;-1;-1;0;0;-1;-1;-1;-1;-1;-1;-1;-1;-1;0;0;0;0;0;0;0;0;0;0;0;0;0;Central Coast Mariners;Newcastle Jets FC;1.23;0.88;0;0;3;3;0;0;0;0;0;0;0;0;0;0;0;4326;27;Y;Y;N;N;N;N;Y
922423;6426;5564;2009/2010;complete;57045;0;-1;30,55,63,64,80;;5;0;5;-1;-1;-1;-1;-1;1;5;0;0;-1;-1;-1;-1;-1;-1;-1;-1;-1;-1;1;5;0;0;0;0;0;0;0;0;0;0;0;0;0;0;0;0;0;0;0;0;0;0;0;0;0;0;0;0;0;0;0;0;0;0;0;0;0;0;0;0;0;0;0;0;0;0;0;0;0;0;0;0;0;0;0;0;0;0;0;0;0;0;0;0;0;0;0;0;5;1;0;4;0;4;1;2009-08-15 07:30:00;6426;0;0;0;0;0;-1;1;-1;-1;-1;-1;-1;-1;0;0;1;5;0;6;-1;0;0;0;0;0;0;0;1;0;1;0;0;0;1;1;0;0;-1;-1;0;0;-1;-1;-1;-1;-1;-1;-1;-1;-1;0;0;0;0;0;0;0;0;0;0;0;0;0;Gold Coast United FC;Northern Fury FC;2;0.79;0;0;3;0;0;0;0;0;0;0;0;0;0;0;0;4326;27;Y;Y;Y;Y;Y;N;N
922426;607;604;2009/2010;complete;57045;0;-1;33,63,70;22,24,37;3;3;6;-1;-1;-1;-1;-1;1;2;0;0;-1;-1;-1;-1;-1;-1;-1;-1;-1;-1;1;2;0;0;0;0;0;0;0;0;0;0;0;0;0;0;0;0;0;0;0;0;0;0;0;0;0;0;0;0;0;0;0;0;0;0;0;0;0;0;0;0;0;0;0;0;0;0;0;0;0;0;0;0;0;0;0;0;0;0;0;0;0;0;0;0;0;0;0;0;6;1;3;2;0;2;4;2009-08-15 09:30:00;-1;0;0;0;0;0;-1;1;-1;-1;-1;-1;-1;-1;1;1;0;1;2;1;-1;0;0;0;0;0;0;0;0;1;0;1;0;0;1;1;0;0;-1;-1;1;0;-1;-1;-1;-1;-1;-1;-1;-1;-1;0;0;0;50;50;50;50;0;0;0;0;2;1;Melbourne Victory FC;Brisbane Roar;1.81;1;0;0;0;0;50;50;50;0;0;0;0;0;0;0;0;4326;27;Y;Y;Y;Y;Y;Y;Y
922430;609;600;2009/2010;complete;57045;0;-1;24,84;4;2;1;3;-1;-1;-1;-1;-1;2;2;0;0;-1;-1;-1;-1;-1;-1;-1;-1;-1;-1;2;2;0;0;0;0;0;0;0;0;0;0;0;0;0;0;0;0;0;0;0;0;0;0;0;0;0;0;0;0;0;0;0;0;0;0;0;0;0;0;0;0;0;0;0;0;0;0;0;0;0;0;0;0;0;0;0;0;0;0;0;0;0;0;0;0;0;0;0;0;3;1;1;1;0;1;2;2009-08-16 05:00:00;609;0;0;0;0;0;-1;1;-1;-1;-1;-1;-1;-1;2;0;0;2;2;2;-1;0;0;0;0;0;0;0;0;0;0;0;0;0;1;1;0;1;-1;-1;1;0;-1;-1;-1;-1;-1;-1;-1;-1;-1;0;0;0;0;50;0;50;0;0;0;0;3;0.5;Wellington Phoenix;Perth Glory FC;2;0.8;0;0;0;0;50;50;50;50;0;0;0;0;0;0;0;4326;28;Y;Y;Y;N;N;N;Y
922433;606;601;2009/2010;complete;57045;0;-1;77;;1;0;1;-1;-1;-1;-1;-1;4;1;0;0;-1;-1;-1;-1;-1;-1;-1;-1;-1;-1;4;1;0;0;0;0;0;0;0;0;0;0;0;0;0;0;0;0;0;0;0;0;0;0;0;0;0;0;0;0;0;0;0;0;0;0;0;0;0;0;0;0;0;0;0;0;0;0;0;0;0;0;0;0;0;0;0;0;0;0;0;0;0;0;0;0;0;0;0;0;1;0;0;1;0;1;0;2009-08-16 07:00:00;606;0;0;0;0;0;-1;1;-1;-1;-1;-1;-1;-1;2;0;2;1;2;3;-1;0;0;0;0;0;0;0;0;0;0;0;0;0;1;1;0;0;-1;-1;0;0;-1;-1;-1;-1;-1;-1;-1;-1;-1;0;0;0;0;0;0;0;0;0;0;0;0;0;Sydney FC;Adelaide United;2.31;0.92;0;0;3;3;0;0;0;0;0;0;0;0;0;0;0;4326;27;Y;N;N;N;N;N;N
922436;601;6426;2009/2010;complete;57045;0;-1;;13,51;0;2;2;-1;-1;-1;-1;-1;3;3;0;0;-1;-1;-1;-1;-1;-1;-1;-1;-1;-1;3;3;0;0;0;0;0;0;0;0;0;0;0;0;0;0;0;0;0;0;0;0;0;0;0;0;0;0;0;0;0;0;0;0;0;0;0;0;0;0;0;0;0;0;0;0;0;0;0;0;0;0;0;0;0;0;0;0;0;0;0;0;0;0;0;0;0;0;0;0;2;0;1;0;1;1;1;2009-08-21 10:00:00;6426;0;50;0;50;0;-1;1;-1;-1;-1;-1;-1;-1;1;2;2;1;3;3;-1;0;0;0;0;0;0;0;0;0;0;0;0;0;1;1;0;0;-1;-1;0;0;-1;-1;-1;-1;-1;-1;-1;-1;-1;0;50;50;50;100;0;100;50;50;0;0;7;2.5;Adelaide United;Gold Coast United FC;1.21;1.15;3;3;1.5;3;100;50;50;50;0;0;0;0;0;0;0;4326;27;Y;Y;N;N;N;N;N
922439;603;606;2009/2010;complete;57045;0;-1;;;0;0;0;-1;-1;-1;-1;-1;1;2;0;0;-1;-1;-1;-1;-1;-1;-1;-1;-1;-1;1;2;0;0;0;0;0;0;0;0;0;0;0;0;0;0;0;0;0;0;0;0;0;0;0;0;0;0;0;0;0;0;0;0;0;0;0;0;0;0;0;0;0;0;0;0;0;0;0;0;0;0;0;0;0;0;0;0;0;0;0;0;0;0;0;0;0;0;0;0;0;0;0;0;0;0;0;2009-08-22 05:00:00;-1;0;100;50;100;0;-1;1;-1;-1;-1;-1;-1;-1;0;1;1;1;1;2;-1;0;0;0;0;0;0;0;0;0;0;0;0;0;1;1;0;0;-1;-1;0;0;-1;-1;-1;-1;-1;-1;-1;-1;-1;50;50;50;100;100;50;50;100;100;0;0;3;3.5;Central Coast Mariners;Sydney FC;1.23;1.07;1;3;2;3;50;50;50;0;0;0;0;0;0;0;0;4326;27;N;N;N;N;N;N;N
922442;5564;607;2009/2010;complete;57045;0;-1;;45;0;1;1;-1;-1;-1;-1;-1;0;1;0;0;-1;-1;-1;-1;-1;-1;-1;-1;-1;-1;0;1;0;0;0;0;0;0;0;0;0;0;0;0;0;0;0;0;0;0;0;0;0;0;0;0;0;0;0;0;0;0;0;0;0;0;0;0;0;0;0;0;0;0;0;0;0;0;0;0;0;0;0;0;0;0;0;0;0;0;0;0;0;0;0;0;0;0;0;0;1;0;1;0;0;0;1;2009-08-22 07:00:00;607;0;50;50;50;0;-1;1;-1;-1;-1;-1;-1;-1;0;1;0;0;1;0;-1;0;0;0;0;0;0;0;0;0;0;0;0;0;1;1;0;0;-1;-1;0;0;-1;-1;-1;-1;-1;-1;-1;-1;-1;50;50;50;50;50;50;50;50;50;0;0;0;2.5;Northern Fury FC;Melbourne Victory FC;1.62;1.64;0;0;0;0.5;0;0;0;0;0;0;0;0;0;0;0;4326;27;Y;N;N;N;N;N;N
922445;604;609;2009/2010;complete;57045;0;-1;11;85;1;1;2;-1;-1;-1;-1;-1;6;2;1;0;-1;-1;-1;-1;-1;-1;-1;-1;-1;-1;7;2;0;0;0;0;0;0;0;0;0;0;0;0;0;0;0;0;0;0;0;0;0;0;0;0;0;0;0;0;0;0;0;0;0;0;0;0;0;0;0;0;0;0;0;0;0;0;0;0;0;0;0;0;0;0;0;0;0;0;0;0;0;0;0;0;0;0;0;0;2;1;0;0;1;1;1;2009-08-23 05:00:00;-1;0;100;50;50;0;-1;1;-1;-1;-1;-1;-1;-1;0;1;7;1;1;8;-1;0;0;0;0;0;0;0;0;0;0;0;0;0;1;1;0;0;-1;-1;0;0;-1;-1;-1;-1;-1;-1;-1;-1;-1;50;100;100;100;100;50;100;100;50;0;0;7;4.5;Brisbane Roar;Wellington Phoenix;1.21;0.93;0;0;0.5;1.5;50;0;0;0;0;0;0;0;0;0;0;4326;27;Y;Y;N;N;N;N;Y
922449;600;605;2009/2010;complete;57045;0;-1;24,73;;2;0;2;-1;-1;-1;-1;-1;3;5;0;0;-1;-1;-1;-1;-1;-1;-1;-1;-1;-1;3;5;0;0;0;0;0;0;0;0;0;0;0;0;0;0;0;0;0;0;0;0;0;0;0;0;0;0;0;0;0;0;0;0;0;0;0;0;0;0;0;0;0;0;0;0;0;0;0;0;0;0;0;0;0;0;0;0;0;0;0;0;0;0;0;0;0;0;0;0;2;1;0;1;0;1;1;2009-08-23 07:00:00;600;0;50;0;50;0;-1;1;-1;-1;-1;-1;-1;-1;0;5;3;0;5;3;-1;0;0;0;0;0;0;0;0;0;0;0;0;0;1;1;0;0;-1;-1;0;1;-1;-1;-1;-1;-1;-1;-1;-1;-1;0;0;0;50;50;0;0;50;50;0;0;3;1;Perth Glory FC;Newcastle Jets FC;2.15;0.88;0;1;0;2;50;50;50;0;0;0;0;0;0;0;0;4326;28;Y;Y;N;N;N;N;N
922452;601;5564;2009/2010;complete;57045;0;-1;23,34,90;5,84,87;3;3;6;-1;-1;-1;-1;-1;0;1;0;0;-1;-1;-1;-1;-1;-1;-1;-1;-1;-1;0;1;0;0;0;0;0;0;0;0;0;0;0;0;0;0;0;0;0;0;0;0;0;0;0;0;0;0;0;0;0;0;0;0;0;0;0;0;0;0;0;0;0;0;0;0;0;0;0;0;0;0;0;0;0;0;0;0;0;0;0;0;0;0;0;0;0;0;0;0;6;2;1;1;2;3;3;2009-08-28 10:00:00;-1;0;0;0;0;0;-1;1;-1;-1;-1;-1;-1;-1;0;0;0;1;0;1;-1;0;0;0;0;0;0;0;1;0;1;0;0;0;1;1;0;1;-1;-1;0;0;-1;-1;-1;-1;-1;-1;-1;-1;-1;50;50;50;75;100;0;100;75;50;0;0;7.5;3.25;Adelaide United;Northern Fury FC;1.21;0.79;1.5;0;1;0;50;50;50;25;0;0;0;0;0;0;0;4326;27;Y;Y;Y;Y;Y;Y;Y
922456;600;607;2009/2010;complete;57045;0;-1;5,54;9;2;1;3;-1;-1;-1;-1;-1;3;4;0;0;-1;-1;-1;-1;-1;-1;-1;-1;-1;-1;3;4;0;0;0;0;0;0;0;0;0;0;0;0;0;0;0;0;0;0;0;0;0;0;0;0;0;0;0;0;0;0;0;0;0;0;0;0;0;0;0;0;0;0;0;0;0;0;0;0;0;0;0;0;0;0;0;0;0;0;0;0;0;0;0;0;0;0;0;0;3;1;1;1;0;1;2;2009-08-28 12:00:00;600;0;0;0;0;0;-1;1;-1;-1;-1;-1;-1;-1;1;2;2;2;3;4;-1;0;0;0;0;0;0;0;0;0;0;0;0;0;1;1;1;1;-1;-1;0;0;-1;-1;-1;-1;-1;-1;-1;-1;-1;0;0;0;50;100;0;100;50;0;0;0;4;1.5;Perth Glory FC;Melbourne Victory FC;2.15;1.64;3;3;1;1.33;100;100;100;50;0;0;0;0;0;0;0;4326;28;Y;Y;Y;N;N;N;Y
922459;604;603;2009/2010;complete;57045;0;-1;11;;1;0;1;-1;-1;-1;-1;-1;3;0;0;0;-1;-1;-1;-1;-1;-1;-1;-1;-1;-1;3;0;0;0;0;0;0;0;0;0;0;0;0;0;0;0;0;0;0;0;0;0;0;0;0;0;0;0;0;0;0;0;0;0;0;0;0;0;0;0;0;0;0;0;0;0;0;0;0;0;0;0;0;0;0;0;0;0;0;0;0;0;0;0;0;0;0;0;0;0;1;1;0;0;0;0;1;2009-08-29 05:00:00;604;0;50;0;25;0;-1;1;-1;-1;-1;-1;-1;-1;0;0;3;0;0;3;-1;0;0;0;0;0;0;0;0;0;0;0;0;0;1;1;0;0;-1;-1;0;0;-1;-1;-1;-1;-1;-1;-1;-1;-1;0;25;25;100;100;50;100;50;25;0;0;12;2.5;Brisbane Roar;Central Coast Mariners;1.21;1;0.5;3;0.67;1.67;100;75;75;0;0;0;0;0;0;0;0;4326;27;Y;N;N;N;N;N;N
922462;605;6426;2009/2010;complete;57045;0;-1;39;;1;0;1;-1;-1;-1;-1;-1;2;2;0;0;-1;-1;-1;-1;-1;-1;-1;-1;-1;-1;2;2;0;0;0;0;0;0;0;0;0;0;0;0;0;0;0;0;0;0;0;0;0;0;0;0;0;0;0;0;0;0;0;0;0;0;0;0;0;0;0;0;0;0;0;0;0;0;0;0;0;0;0;0;0;0;0;0;0;0;0;0;0;0;0;0;0;0;0;0;1;1;0;0;0;0;1;2009-08-30 05:00:00;605;0;75;50;25;0;-1;1;-1;-1;-1;-1;-1;-1;2;0;0;2;2;2;-1;0;0;0;0;0;0;0;0;0;0;0;0;0;1;1;0;0;-1;-1;0;0;-1;-1;-1;-1;-1;-1;-1;-1;-1;50;75;75;100;100;50;100;100;25;0;0;6;4;Newcastle Jets FC;Gold Coast United FC;1.62;1.15;3;3;1.33;3;50;25;25;0;0;0;0;0;0;0;0;4326;28;Y;N;N;N;N;N;N
922465;606;609;2009/2010;complete;57045;0;-1;77,81;;2;0;2;-1;-1;-1;-1;-1;0;1;0;0;-1;-1;-1;-1;-1;-1;-1;-1;-1;-1;0;1;0;0;0;0;0;0;0;0;0;0;0;0;0;0;0;0;0;0;0;0;0;0;0;0;0;0;0;0;0;0;0;0;0;0;0;0;0;0;0;0;0;0;0;0;0;0;0;0;0;0;0;0;0;0;0;0;0;0;0;0;0;0;0;0;0;0;0;0;2;0;0;2;0;2;0;2009-08-30 07:00:00;606;0;50;25;0;0;-1;1;-1;-1;-1;-1;-1;-1;0;1;0;0;1;0;-1;0;0;0;0;0;0;0;0;0;0;0;0;0;1;1;0;0;-1;-1;0;0;-1;-1;-1;-1;-1;-1;-1;-1;-1;25;25;25;50;100;25;50;100;0;0;0;6;2.25;Sydney FC;Wellington Phoenix;2.31;0.93;3;0.5;2.33;1.33;75;75;75;50;0;0;0;0;0;0;0;4326;30;Y;Y;N;N;N;N;N
922468;607;605;2009/2010;complete;57045;0;-1;42;87;1;1;2;-1;-1;-1;-1;-1;0;1;0;0;-1;-1;-1;-1;-1;-1;-1;-1;-1;-1;0;1;0;0;0;0;0;0;0;0;0;0;0;0;0;0;0;0;0;0;0;0;0;0;0;0;0;0;0;0;0;0;0;0;0;0;0;0;0;0;0;0;0;0;0;0;0;0;0;0;0;0;0;0;0;0;0;0;0;0;0;0;0;0;0;0;0;0;0;0;2;1;0;0;1;1;1;2009-09-03 09:30:00;-1;0;50;25;25;0;-1;1;-1;-1;-1;-1;-1;-1;0;0;0;1;0;1;-1;0;0;0;0;0;0;0;0;0;0;0;0;0;1;1;0;0;-1;-1;0;0;-1;-1;-1;-1;-1;-1;-1;-1;-1;25;25;25;100;100;50;75;75;50;0;0;5.5;3;Melbourne Victory FC;Newcastle Jets FC;1.81;0.88;0.5;0.5;1;1.75;75;75;75;0;0;0;0;0;0;0;0;4326;29;Y;Y;N;N;N;N;Y
922471;609;601;2009/2010;complete;57045;0;-1;35;42;1;1;2;-1;-1;-1;-1;-1;3;3;0;0;-1;-1;-1;-1;-1;-1;-1;-1;-1;-1;3;3;0;0;0;0;0;0;0;0;0;0;0;0;0;0;0;0;0;0;0;0;0;0;0;0;0;0;0;0;0;0;0;0;0;0;0;0;0;0;0;0;0;0;0;0;0;0;0;0;0;0;0;0;0;0;0;0;0;0;0;0;0;0;0;0;0;0;0;0;2;1;1;0;0;0;2;2009-09-04 07:30:00;-1;0;50;50;0;0;-1;1;-1;-1;-1;-1;-1;-1;1;2;2;1;3;3;-1;0;0;0;0;0;0;0;0;0;0;0;0;0;1;1;0;0;-1;-1;0;0;-1;-1;-1;-1;-1;-1;-1;-1;-1;0;0;50;50;100;50;50;100;0;0;0;3;2;Wellington Phoenix;Adelaide United;2;0.92;3;0;1;1;100;100;50;50;0;0;0;0;0;0;0;4326;27;Y;Y;N;N;N;N;Y
922474;603;600;2009/2010;complete;57045;0;-1;42,89;82;2;1;3;-1;-1;-1;-1;-1;1;2;0;0;-1;-1;-1;-1;-1;-1;-1;-1;-1;-1;1;2;0;0;0;0;0;0;0;0;0;0;0;0;0;0;0;0;0;0;0;0;0;0;0;0;0;0;0;0;0;0;0;0;0;0;0;0;0;0;0;0;0;0;0;0;0;0;0;0;0;0;0;0;0;0;0;0;0;0;0;0;0;0;0;0;0;0;0;0;3;1;0;1;1;2;1;2009-09-04 10:00:00;603;0;50;25;25;0;-1;1;-1;-1;-1;-1;-1;-1;0;0;1;2;0;3;-1;0;0;0;0;0;0;0;0;0;0;0;0;0;1;1;0;0;-1;-1;0;0;-1;-1;-1;-1;-1;-1;-1;-1;-1;0;0;25;50;75;25;50;50;25;0;0;4.5;1.5;Central Coast Mariners;Perth Glory FC;1.23;0.8;1;0;1.25;1.5;100;100;75;50;25;0;0;0;0;0;0;4326;27;Y;Y;Y;N;N;N;Y
922477;6426;606;2009/2010;complete;57045;0;-1;45,56;73;2;1;3;-1;-1;-1;-1;-1;1;0;0;0;-1;-1;-1;-1;-1;-1;-1;-1;-1;-1;1;0;0;0;0;0;0;0;0;0;0;0;0;0;0;0;0;0;0;0;0;0;0;0;0;0;0;0;0;0;0;0;0;0;0;0;0;0;0;0;0;0;0;0;0;0;0;0;0;0;0;0;0;0;0;0;0;0;0;0;0;0;0;0;0;0;0;0;0;0;3;1;0;1;1;2;1;2009-09-05 07:00:00;6426;0;25;25;25;0;-1;1;-1;-1;-1;-1;-1;-1;1;0;0;0;1;0;-1;0;0;0;0;0;0;0;0;0;0;0;0;0;1;1;0;0;-1;-1;1;0;-1;-1;-1;-1;-1;-1;-1;-1;-1;75;75;75;75;75;25;75;75;75;0;0;3;3.75;Gold Coast United FC;Sydney FC;2;1.07;3;2;2.25;2.5;25;25;25;25;25;0;0;0;0;0;0;4326;28;Y;Y;Y;N;N;N;Y
922480;5564;604;2009/2010;complete;57045;0;-1;7;85;1;1;2;-1;-1;-1;-1;-1;1;5;1;0;-1;-1;-1;-1;-1;-1;-1;-1;-1;-1;3;5;0;0;0;0;0;0;0;0;0;0;0;0;0;0;0;0;0;0;0;0;0;0;0;0;0;0;0;0;0;0;0;0;0;0;0;0;0;0;0;0;0;0;0;0;0;0;0;0;0;0;0;0;0;0;0;0;0;0;0;0;0;0;0;0;0;0;0;0;2;1;0;0;1;1;1;2009-09-05 09:00:00;-1;0;75;75;25;0;-1;1;-1;-1;-1;-1;-1;-1;1;2;1;3;3;4;-1;0;0;0;0;0;0;0;0;0;0;0;0;0;1;1;1;0;-1;-1;0;1;-1;-1;-1;-1;-1;-1;-1;-1;-1;75;75;75;75;100;75;100;75;75;0;0;2;4.5;Northern Fury FC;Brisbane Roar;1.62;1;0;1;0.25;1.25;25;25;25;25;0;0;0;0;0;0;0;4326;27;Y;Y;N;N;N;N;Y
922484;601;603;2009/2010;complete;57045;0;-1;33;;1;0;1;-1;-1;-1;-1;-1;1;2;0;0;-1;-1;-1;-1;-1;-1;-1;-1;-1;-1;1;2;0;0;0;0;0;0;0;0;0;0;0;0;0;0;0;0;0;0;0;0;0;0;0;0;0;0;0;0;0;0;0;0;0;0;0;0;0;0;0;0;0;0;0;0;0;0;0;0;0;0;0;0;0;0;0;0;0;0;0;0;0;0;0;0;0;0;0;0;1;1;0;0;0;0;1;2009-09-11 10:00:00;601;0;17;17;17;0;-1;1;-1;-1;-1;-1;-1;-1;1;0;0;2;1;2;-1;0;0;0;0;0;0;0;0;0;0;0;0;0;1;1;0;0;-1;-1;0;0;-1;-1;-1;-1;-1;-1;-1;-1;-1;17;17;17;59;100;42;100;34;17;0;0;4.67;2.25;Adelaide United;Central Coast Mariners;1.21;1;1.33;1.5;1;1.6;84;84;84;42;0;0;0;0;0;0;0;4326;27;Y;N;N;N;N;N;N
922487;605;604;2009/2010;complete;57045;0;-1;;24,26,71;0;3;3;-1;-1;-1;-1;-1;1;1;0;0;-1;-1;-1;-1;-1;-1;-1;-1;-1;-1;1;1;0;0;0;0;0;0;0;0;0;0;0;0;0;0;0;0;0;0;0;0;0;0;0;0;0;0;0;0;0;0;0;0;0;0;0;0;0;0;0;0;0;0;0;0;0;0;0;0;0;0;0;0;0;0;0;0;0;0;0;0;0;0;0;0;0;0;0;0;3;0;2;0;1;1;2;2009-09-12 07:30:00;604;0;75;50;0;0;-1;1;-1;-1;-1;-1;-1;-1;1;1;0;0;2;0;-1;0;0;0;0;0;0;0;0;0;0;0;0;0;1;1;0;0;-1;-1;0;0;-1;-1;-1;-1;-1;-1;-1;-1;-1;50;50;50;75;100;50;100;75;25;0;0;5.5;3.5;Newcastle Jets FC;Brisbane Roar;1.62;1;3;1;1.6;1.2;50;50;50;25;0;0;0;0;0;0;0;4326;27;Y;Y;Y;N;N;N;N
922490;606;5564;2009/2010;complete;57045;0;-1;;54;0;1;1;-1;-1;-1;-1;-1;2;1;0;0;-1;-1;-1;-1;-1;-1;-1;-1;-1;-1;2;1;0;0;0;0;0;0;0;0;0;0;0;0;0;0;0;0;0;0;0;0;0;0;0;0;0;0;0;0;0;0;0;0;0;0;0;0;0;0;0;0;0;0;0;0;0;0;0;0;0;0;0;0;0;0;0;0;0;0;0;0;0;0;0;0;0;0;0;0;1;0;0;0;1;1;0;2009-09-12 09:30:00;5564;0;25;25;25;0;-1;1;-1;-1;-1;-1;-1;-1;1;1;1;0;2;1;-1;0;0;0;0;0;0;0;0;0;0;0;0;0;1;1;0;0;-1;-1;0;0;-1;-1;-1;-1;-1;-1;-1;-1;-1;50;50;50;75;100;25;50;100;75;0;0;5;3.5;Sydney FC;Northern Fury FC;2.31;0.79;3;0.5;2;0.4;50;50;50;25;0;0;0;0;0;0;0;4326;27;Y;N;N;N;N;N;N
922493;607;609;2009/2010;complete;57045;0;-1;4;30;1;1;2;-1;-1;-1;-1;-1;2;1;0;0;-1;-1;-1;-1;-1;-1;-1;-1;-1;-1;2;1;0;0;0;0;0;0;0;0;0;0;0;0;0;0;0;0;0;0;0;0;0;0;0;0;0;0;0;0;0;0;0;0;0;0;0;0;0;0;0;0;0;0;0;0;0;0;0;0;0;0;0;0;0;0;0;0;0;0;0;0;0;0;0;0;0;0;0;0;2;1;1;0;0;0;2;2009-09-13 05:00:00;-1;0;67;33;0;0;-1;1;-1;-1;-1;-1;-1;-1;1;0;1;1;1;2;-1;0;0;0;0;0;0;0;0;0;0;0;0;0;1;1;1;0;-1;-1;0;0;-1;-1;-1;-1;-1;-1;-1;-1;-1;33;33;33;100;100;50;84;84;33;0;0;2.67;3.17;Melbourne Victory FC;Wellington Phoenix;1.81;0.93;0.67;0.33;1;1;67;67;67;0;0;0;0;0;0;0;0;4326;30;Y;Y;N;N;N;N;Y
922496;600;6426;2009/2010;complete;57045;0;-1;14,15;51,90;2;2;4;-1;-1;-1;-1;-1;0;1;0;0;-1;-1;-1;-1;-1;-1;-1;-1;-1;-1;0;1;0;0;0;0;0;0;0;0;0;0;0;0;0;0;0;0;0;0;0;0;0;0;0;0;0;0;0;0;0;0;0;0;0;0;0;0;0;0;0;0;0;0;0;0;0;0;0;0;0;0;0;0;0;0;0;0;0;0;0;0;0;0;0;0;0;0;0;0;4;2;0;0;2;2;2;2009-09-13 07:00:00;-1;0;42;25;17;0;-1;1;-1;-1;-1;-1;-1;-1;0;1;0;0;1;0;-1;0;0;0;0;0;0;0;0;0;0;0;0;0;1;1;0;0;-1;-1;0;0;-1;-1;-1;-1;-1;-1;-1;-1;-1;0;17;42;84;100;25;100;84;17;0;0;6.33;2.42;Perth Glory FC;Gold Coast United FC;2.15;1.15;3;2;1.2;2.4;100;84;59;17;0;0;0;0;0;0;0;4326;28;Y;Y;Y;Y;N;N;Y
922499;601;607;2009/2010;complete;57045;0;-1;;7,90;0;2;2;-1;-1;-1;-1;-1;1;3;0;0;-1;-1;-1;-1;-1;-1;-1;-1;-1;-1;1;3;0;0;0;0;0;0;0;0;0;0;0;0;0;0;0;0;0;0;0;0;0;0;0;0;0;0;0;0;0;0;0;0;0;0;0;0;0;0;0;0;0;0;0;0;0;0;0;0;0;0;0;0;0;0;0;0;0;0;0;0;0;0;0;0;0;0;0;0;2;0;1;0;1;1;1;2009-09-18 10:00:00;607;0;38;38;13;0;-1;1;-1;-1;-1;-1;-1;-1;0;2;1;1;2;2;-1;0;0;0;0;0;0;0;0;0;0;0;0;0;1;1;0;1;-1;-1;0;0;-1;-1;-1;-1;-1;-1;-1;-1;-1;13;13;38;50;100;38;100;50;13;0;0;4;2.25;Adelaide United;Melbourne Victory FC;1.21;1.64;1.75;1.5;1.33;1;88;88;63;50;0;0;0;0;0;0;0;4326;27;Y;Y;N;N;N;N;N
922502;603;6426;2009/2010;complete;57045;0;-1;26,54,70;;3;0;3;-1;-1;-1;-1;-1;2;2;0;1;-1;-1;-1;-1;-1;-1;-1;-1;-1;-1;2;3;0;0;0;0;0;0;0;0;0;0;0;0;0;0;0;0;0;0;0;0;0;0;0;0;0;0;0;0;0;0;0;0;0;0;0;0;0;0;0;0;0;0;0;0;0;0;0;0;0;0;0;0;0;0;0;0;0;0;0;0;0;0;0;0;0;0;0;0;3;1;0;2;0;2;1;2009-09-19 09:30:00;603;0;59;0;46;0;-1;1;-1;-1;-1;-1;-1;-1;1;1;1;2;2;3;-1;0;0;0;0;0;0;0;0;0;0;0;0;0;1;1;0;0;-1;-1;0;1;-1;-1;-1;-1;-1;-1;-1;-1;-1;0;25;42;71;84;13;67;71;59;0;0;4.42;2.21;Central Coast Mariners;Gold Coast United FC;1.23;1.15;1.67;1.75;1.33;2.17;100;75;59;29;17;0;0;0;0;0;0;4326;27;Y;Y;Y;N;N;N;N
922506;609;5564;2009/2010;complete;57045;0;-1;7;90;1;1;2;-1;-1;-1;-1;-1;2;2;0;0;-1;-1;-1;-1;-1;-1;-1;-1;-1;-1;2;2;0;0;0;0;0;0;0;0;0;0;0;0;0;0;0;0;0;0;0;0;0;0;0;0;0;0;0;0;0;0;0;0;0;0;0;0;0;0;0;0;0;0;0;0;0;0;0;0;0;0;0;0;0;0;0;0;0;0;0;0;0;0;0;0;0;0;0;0;2;1;0;0;1;1;1;2009-09-20 03:00:00;-1;0;67;67;17;0;-1;1;-1;-1;-1;-1;-1;-1;1;1;1;1;2;2;-1;0;0;0;0;0;0;0;0;0;0;0;0;0;1;1;1;0;-1;-1;0;0;-1;-1;-1;-1;-1;-1;-1;-1;-1;34;34;59;84;100;67;84;75;34;0;0;4.83;3.25;Wellington Phoenix;Northern Fury FC;2;0.79;2;1.33;1;0.83;67;67;42;17;0;0;0;0;0;0;0;4326;27;Y;Y;N;N;N;N;Y
922508;606;605;2009/2010;complete;57045;0;-1;26,55;37;2;1;3;-1;-1;-1;-1;-1;1;3;0;1;-1;-1;-1;-1;-1;-1;-1;-1;-1;-1;1;5;0;0;0;0;0;0;0;0;0;0;0;0;0;0;0;0;0;0;0;0;0;0;0;0;0;0;0;0;0;0;0;0;0;0;0;0;0;0;0;0;0;0;0;0;0;0;0;0;0;0;0;0;0;0;0;0;0;0;0;0;0;0;0;0;0;0;0;0;3;1;1;1;0;1;2;2009-09-20 05:00:00;606;0;34;0;17;0;-1;1;-1;-1;-1;-1;-1;-1;0;1;1;3;1;4;-1;0;0;0;0;0;0;0;1;0;1;0;0;0;1;1;0;0;-1;-1;0;0;-1;-1;-1;-1;-1;-1;-1;-1;-1;0;0;0;67;100;0;34;100;33;0;0;5;1.67;Sydney FC;Newcastle Jets FC;2.31;0.88;2;0.67;1.67;1.33;100;100;100;34;0;0;0;0;0;0;0;4326;29;Y;Y;Y;N;N;N;Y
922512;604;600;2009/2010;complete;57045;0;-1;51,64;1,41,61,75;2;4;6;-1;-1;-1;-1;-1;2;3;0;0;-1;-1;-1;-1;-1;-1;-1;-1;-1;-1;2;3;0;0;0;0;0;0;0;0;0;0;0;0;0;0;0;0;0;0;0;0;0;0;0;0;0;0;0;0;0;0;0;0;0;0;0;0;0;0;0;0;0;0;0;0;0;0;0;0;0;0;0;0;0;0;0;0;0;0;0;0;0;0;0;0;0;0;0;0;6;0;2;2;2;4;2;2009-09-20 07:00:00;600;0;67;17;33;0;-1;1;-1;-1;-1;-1;-1;-1;1;1;1;2;2;3;-1;0;0;0;0;0;0;0;0;0;0;0;0;0;1;1;0;1;-1;-1;0;0;-1;-1;-1;-1;-1;-1;-1;-1;-1;0;17;50;67;100;17;100;67;33;0;0;7.33;2.33;Brisbane Roar;Perth Glory FC;1.21;0.8;1.33;0;1.5;1.17;100;84;50;33;0;0;0;0;0;0;0;4326;27;Y;Y;Y;Y;Y;Y;Y
922515;605;600;2009/2010;complete;57045;0;-1;;81;0;1;1;-1;-1;-1;-1;-1;2;0;0;0;-1;-1;-1;-1;-1;-1;-1;-1;-1;-1;2;0;0;0;0;0;0;0;0;0;0;0;0;0;0;0;0;0;0;0;0;0;0;0;0;0;0;0;0;0;0;0;0;0;0;0;0;0;0;0;0;0;0;0;0;0;0;0;0;0;0;0;0;0;0;0;0;0;0;0;0;0;0;0;0;0;0;0;0;0;1;0;0;0;1;1;0;2009-09-25 10:00:00;600;0;54;29;25;0;-1;1;-1;-1;-1;-1;-1;-1;0;0;2;0;0;2;-1;0;0;0;0;0;0;0;0;1;0;1;0;0;1;1;0;0;-1;-1;0;0;-1;-1;-1;-1;-1;-1;-1;-1;-1;29;29;71;71;100;59;100;71;25;0;0;4.17;3.13;Newcastle Jets FC;Perth Glory FC;1.62;0.8;2;0.75;1.14;1.43;71;71;29;29;0;0;0;0;0;0;0;4326;28;Y;N;N;N;N;N;N
922518;6426;607;2009/2010;complete;57045;0;-1;18,45;22,43,86;2;3;5;-1;-1;-1;-1;-1;2;1;1;0;-1;-1;-1;-1;-1;-1;-1;-1;-1;-1;4;1;0;0;0;0;0;0;0;0;0;0;0;0;0;0;0;0;0;0;0;0;0;0;0;0;0;0;0;0;0;0;0;0;0;0;0;0;0;0;0;0;0;0;0;0;0;0;0;0;0;0;0;0;0;0;0;0;0;0;0;0;0;0;0;0;0;0;0;0;5;2;2;0;1;1;4;2009-09-26 09:30:00;607;0;42;17;25;0;-1;1;-1;-1;-1;-1;-1;-1;1;1;2;0;2;2;-1;0;0;0;0;0;0;0;1;0;1;0;0;0;1;1;0;0;-1;-1;0;0;-1;-1;-1;-1;-1;-1;-1;-1;-1;25;25;67;84;100;17;100;84;50;0;0;3.67;3;Gold Coast United FC;Melbourne Victory FC;2;1.64;3;2;1.86;1.29;75;75;34;17;0;0;0;0;0;0;0;4326;28;Y;Y;Y;Y;Y;N;Y
922521;609;603;2009/2010;complete;57045;0;-1;;;0;0;0;-1;-1;-1;-1;-1;3;2;0;0;-1;-1;-1;-1;-1;-1;-1;-1;-1;-1;3;2;0;0;0;0;0;0;0;0;0;0;0;0;0;0;0;0;0;0;0;0;0;0;0;0;0;0;0;0;0;0;0;0;0;0;0;0;0;0;0;0;0;0;0;0;0;0;0;0;0;0;0;0;0;0;0;0;0;0;0;0;0;0;0;0;0;0;0;0;0;0;0;0;0;0;0;2009-09-27 03:00:00;-1;0;50;34;0;0;-1;1;-1;-1;-1;-1;-1;-1;2;0;1;2;2;3;-1;0;0;0;0;0;0;0;0;0;0;0;0;0;1;1;0;0;-1;-1;0;0;-1;-1;-1;-1;-1;-1;-1;-1;-1;0;0;17;67;100;50;100;34;0;0;0;5;1.83;Wellington Phoenix;Central Coast Mariners;2;1;1.67;1;1;1.57;100;100;84;34;0;0;0;0;0;0;0;4326;27;N;N;N;N;N;N;N
922523;604;606;2009/2010;complete;57045;0;-1;85;;1;0;1;-1;-1;-1;-1;-1;3;3;0;0;-1;-1;-1;-1;-1;-1;-1;-1;-1;-1;3;3;0;0;0;0;0;0;0;0;0;0;0;0;0;0;0;0;0;0;0;0;0;0;0;0;0;0;0;0;0;0;0;0;0;0;0;0;0;0;0;0;0;0;0;0;0;0;0;0;0;0;0;0;0;0;0;0;0;0;0;0;0;0;0;0;0;0;0;0;1;0;0;1;0;1;0;2009-09-27 05:00:00;604;0;71;17;59;0;-1;1;-1;-1;-1;-1;-1;-1;1;1;2;2;2;4;-1;0;0;0;0;0;0;0;0;0;0;0;0;0;1;1;0;0;-1;-1;0;0;-1;-1;-1;-1;-1;-1;-1;-1;-1;29;42;59;71;84;29;84;71;59;0;0;5.25;2.96;Brisbane Roar;Sydney FC;1.21;1.07;1;1.33;1.29;1.86;71;59;42;29;17;0;0;0;0;0;0;4326;27;Y;N;N;N;N;N;N
922526;5564;601;2009/2010;complete;57045;0;-1;;60,90;0;2;2;-1;-1;-1;-1;-1;3;1;0;0;-1;-1;-1;-1;-1;-1;-1;-1;-1;-1;3;1;0;0;0;0;0;0;0;0;0;0;0;0;0;0;0;0;0;0;0;0;0;0;0;0;0;0;0;0;0;0;0;0;0;0;0;0;0;0;0;0;0;0;0;0;0;0;0;0;0;0;0;0;0;0;0;0;0;0;0;0;0;0;0;0;0;0;0;0;2;0;0;0;2;2;0;2009-09-27 07:00:00;601;0;59;42;17;0;-1;1;-1;-1;-1;-1;-1;-1;0;0;3;1;0;4;-1;0;0;0;0;0;0;0;0;0;0;0;0;0;1;1;0;0;-1;-1;0;0;-1;-1;-1;-1;-1;-1;-1;-1;-1;17;17;17;59;100;42;75;59;17;0;0;3.5;2.09;Northern Fury FC;Adelaide United;1.62;0.92;0.33;0.5;0.86;1.14;84;84;84;42;0;0;0;0;0;0;0;4326;27;Y;Y;N;N;N;N;N
922529;6426;609;2009/2010;complete;57045;0;-1;;;0;0;0;-1;-1;-1;-1;-1;1;1;0;0;-1;-1;-1;-1;-1;-1;-1;-1;-1;-1;1;1;0;0;0;0;0;0;0;0;0;0;0;0;0;0;0;0;0;0;0;0;0;0;0;0;0;0;0;0;0;0;0;0;0;0;0;0;0;0;0;0;0;0;0;0;0;0;0;0;0;0;0;0;0;0;0;0;0;0;0;0;0;0;0;0;0;0;0;0;0;0;0;0;0;0;0;2009-10-02 10:00:00;-1;0;71;42;17;0;-1;1;-1;-1;-1;-1;-1;-1;0;0;1;1;0;2;-1;0;0;0;0;0;0;0;0;0;0;0;0;0;1;1;0;0;-1;-1;0;0;-1;-1;-1;-1;-1;-1;-1;-1;-1;46;46;63;100;100;42;88;88;46;0;0;3.5;3.54;Gold Coast United FC;Wellington Phoenix;2;0.93;2;0.5;1.63;1;54;54;38;0;0;0;0;0;0;0;0;4326;28;N;N;N;N;N;N;N
922532;600;5564;2009/2010;complete;57045;0;-1;49;71;1;1;2;-1;-1;-1;-1;-1;4;3;0;1;-1;-1;-1;-1;-1;-1;-1;-1;-1;-1;4;4;0;0;0;0;0;0;0;0;0;0;0;0;0;0;0;0;0;0;0;0;0;0;0;0;0;0;0;0;0;0;0;0;0;0;0;0;0;0;0;0;0;0;0;0;0;0;0;0;0;0;0;0;0;0;0;0;0;0;0;0;0;0;0;0;0;0;0;0;2;0;0;1;1;2;0;2009-10-03 07:30:00;-1;0;59;29;13;0;-1;1;-1;-1;-1;-1;-1;-1;2;2;2;2;4;4;-1;0;0;0;0;0;0;0;1;0;1;0;0;0;1;1;0;0;-1;-1;0;0;-1;-1;-1;-1;-1;-1;-1;-1;-1;25;42;59;88;100;46;88;100;42;0;0;4.25;3.25;Perth Glory FC;Northern Fury FC;2.15;0.79;2.33;1.25;1.63;0.75;75;59;42;13;0;0;0;0;0;0;0;4326;27;Y;Y;N;N;N;N;Y
922535;607;604;2009/2010;complete;57045;0;-1;4,72;11;2;1;3;-1;-1;-1;-1;-1;1;4;0;0;-1;-1;-1;-1;-1;-1;-1;-1;-1;-1;1;4;0;0;0;0;0;0;0;0;0;0;0;0;0;0;0;0;0;0;0;0;0;0;0;0;0;0;0;0;0;0;0;0;0;0;0;0;0;0;0;0;0;0;0;0;0;0;0;0;0;0;0;0;0;0;0;0;0;0;0;0;0;0;0;0;0;0;0;0;3;1;1;1;0;1;2;2009-10-03 09:30:00;607;0;71;42;0;0;-1;1;-1;-1;-1;-1;-1;-1;1;3;0;1;4;1;-1;0;0;0;0;0;0;0;0;0;0;0;0;0;1;1;1;0;-1;-1;0;1;-1;-1;-1;-1;-1;-1;-1;-1;-1;29;29;46;100;100;71;100;75;29;0;0;3.92;3.34;Melbourne Victory FC;Brisbane Roar;1.81;1;0.75;1.67;1.5;1.5;71;71;54;0;0;0;0;0;0;0;0;4326;27;Y;Y;Y;N;N;N;Y
922538;606;603;2009/2010;complete;57045;0;-1;21;;1;0;1;-1;-1;-1;-1;-1;-1;-1;-1;-1;-1;-1;-1;-1;-1;-1;-1;-1;-1;-1;-1;-1;0;0;0;0;0;0;0;0;0;0;0;0;0;0;0;0;0;0;0;0;0;0;0;0;0;0;0;0;0;0;0;0;0;0;0;0;0;0;0;0;0;0;0;0;0;0;0;0;0;0;0;0;0;0;0;0;0;0;0;0;0;0;0;0;0;0;0;0;1;1;0;0;0;0;1;2009-10-05 04:00:00;606;0;13;13;0;0;-1;-1;-1;-1;-1;-1;-1;-1;-1;-1;-1;-1;-1;-1;-1;0;0;0;0;0;0;0;0;0;0;0;0;0;1;1;0;0;-1;-1;-1;-1;-1;-1;-1;-1;-1;-1;-1;-1;-1;0;0;13;38;88;25;50;50;13;0;0;4.25;1.38;Sydney FC;Central Coast Mariners;2.31;1;2.25;1;1.63;1.5;100;100;88;63;13;0;0;0;0;0;0;4326;27;Y;N;N;N;N;N;N
922541;601;605;2009/2010;complete;57045;0;-1;76;6;1;1;2;-1;-1;-1;-1;-1;2;2;0;0;-1;-1;-1;-1;-1;-1;-1;-1;-1;-1;2;2;0;0;0;0;0;0;0;0;0;0;0;0;0;0;0;0;0;0;0;0;0;0;0;0;0;0;0;0;0;0;0;0;0;0;0;0;0;0;0;0;0;0;0;0;0;0;0;0;0;0;0;0;0;0;0;0;0;0;0;0;0;0;0;0;0;0;0;0;2;0;1;1;0;1;1;2009-10-05 06:00:00;-1;0;48;23;23;0;-1;1;-1;-1;-1;-1;-1;-1;1;1;1;1;2;2;-1;0;0;0;0;0;0;0;0;0;0;0;0;0;1;1;0;1;-1;-1;0;0;-1;-1;-1;-1;-1;-1;-1;-1;-1;10;10;23;80;100;23;88;80;23;0;0;4.9;2.33;Adelaide United;Newcastle Jets FC;1.21;0.88;1.4;0.5;1.38;1;90;90;78;20;0;0;0;0;0;0;0;4326;27;Y;Y;N;N;N;N;Y
922543;607;606;2009/2010;complete;57045;0;-1;;15,16,19;0;3;3;-1;-1;-1;-1;-1;2;1;0;0;-1;-1;-1;-1;-1;-1;-1;-1;-1;-1;2;1;0;0;0;0;0;0;0;0;0;0;0;0;0;0;0;0;0;0;0;0;0;0;0;0;0;0;0;0;0;0;0;0;0;0;0;0;0;0;0;0;0;0;0;0;0;0;0;0;0;0;0;0;0;0;0;0;0;0;0;0;0;0;0;0;0;0;0;0;3;0;3;0;0;0;3;2009-10-09 09:00:00;606;0;65;43;25;0;-1;1;-1;-1;-1;-1;-1;-1;1;1;1;0;2;1;-1;0;0;0;0;0;0;0;0;0;0;0;0;0;1;1;0;0;-1;-1;0;0;-1;-1;-1;-1;-1;-1;-1;-1;-1;23;23;45;75;88;53;75;68;35;0;0;2.87;2.63;Melbourne Victory FC;Sydney FC;1.81;1.07;1.2;1;1.67;1.78;78;78;55;25;13;0;0;0;0;0;0;4326;30;Y;Y;Y;N;N;N;N
922545;600;601;2009/2010;complete;57045;0;-1;80;;1;0;1;-1;-1;-1;-1;-1;3;2;1;0;-1;-1;-1;-1;-1;-1;-1;-1;-1;-1;4;2;0;0;0;0;0;0;0;0;0;0;0;0;0;0;0;0;0;0;0;0;0;0;0;0;0;0;0;0;0;0;0;0;0;0;0;0;0;0;0;0;0;0;0;0;0;0;0;0;0;0;0;0;0;0;0;0;0;0;0;0;0;0;0;0;0;0;0;0;1;0;0;1;0;1;0;2009-10-09 11:00:00;600;0;54;29;13;0;-1;1;-1;-1;-1;-1;-1;-1;2;2;2;0;4;2;-1;0;0;0;0;0;0;0;0;0;0;0;0;0;1;1;0;0;-1;-1;0;0;-1;-1;-1;-1;-1;-1;-1;-1;-1;0;13;25;84;100;42;54;84;42;0;0;4.17;2.21;Perth Glory FC;Adelaide United;2.15;0.92;2;1.33;1.56;1.33;100;88;75;17;0;0;0;0;0;0;0;4326;27;Y;N;N;N;N;N;N
922547;603;5564;2009/2010;complete;57045;0;-1;1;76;1;1;2;-1;-1;-1;-1;-1;0;1;0;0;-1;-1;-1;-1;-1;-1;-1;-1;-1;-1;0;1;0;0;0;0;0;0;0;0;0;0;0;0;0;0;0;0;0;0;0;0;0;0;0;0;0;0;0;0;0;0;0;0;0;0;0;0;0;0;0;0;0;0;0;0;0;0;0;0;0;0;0;0;0;0;0;0;0;0;0;0;0;0;0;0;0;0;0;0;2;1;0;0;1;1;1;2009-10-11 04:00:00;-1;0;55;10;45;0;-1;1;-1;-1;-1;-1;-1;-1;0;1;0;0;1;0;-1;0;0;0;0;0;0;0;0;0;0;0;0;0;1;1;1;0;-1;-1;0;0;-1;-1;-1;-1;-1;-1;-1;-1;-1;20;20;45;78;88;10;55;88;68;0;0;4.35;2.6;Central Coast Mariners;Northern Fury FC;1.23;0.79;2;1.2;1.33;0.78;80;80;55;23;13;0;0;0;0;0;0;4326;27;Y;Y;N;N;N;N;Y
922549;604;6426;2009/2010;complete;57045;0;-1;;31;0;1;1;-1;-1;-1;-1;-1;4;1;0;0;-1;-1;-1;-1;-1;-1;-1;-1;-1;-1;4;1;0;0;0;0;0;0;0;0;0;0;0;0;0;0;0;0;0;0;0;0;0;0;0;0;0;0;0;0;0;0;0;0;0;0;0;0;0;0;0;0;0;0;0;0;0;0;0;0;0;0;0;0;0;0;0;0;0;0;0;0;0;0;0;0;0;0;0;0;1;0;1;0;0;0;1;2009-10-11 06:00:00;6426;0;50;0;30;0;-1;1;-1;-1;-1;-1;-1;-1;1;0;3;1;1;4;-1;0;0;0;0;0;0;0;0;0;0;0;0;0;1;1;0;0;-1;-1;0;0;-1;-1;-1;-1;-1;-1;-1;-1;-1;10;40;50;70;100;20;90;80;50;0;0;6.8;2.8;Brisbane Roar;Gold Coast United FC;1.21;1.15;1.4;1.4;1.33;1.56;90;60;50;30;0;0;0;0;0;0;0;4326;27;Y;N;N;N;N;N;N
922551;601;606;2009/2010;complete;57045;0;-1;30,54;78;2;1;3;-1;-1;-1;-1;-1;3;1;1;0;-1;-1;-1;-1;-1;-1;-1;-1;-1;-1;5;1;0;0;0;0;0;0;0;0;0;0;0;0;0;0;0;0;0;0;0;0;0;0;0;0;0;0;0;0;0;0;0;0;0;0;0;0;0;0;0;0;0;0;0;0;0;0;0;0;0;0;0;0;0;0;0;0;0;0;0;0;0;0;0;0;0;0;0;0;3;1;0;1;1;2;1;2009-10-16 09:00:00;601;0;37;19;29;0;-1;1;-1;-1;-1;-1;-1;-1;1;0;3;1;1;4;-1;0;0;0;0;0;0;0;0;0;0;0;0;0;1;1;0;0;-1;-1;1;0;-1;-1;-1;-1;-1;-1;-1;-1;-1;19;19;39;64;90;29;80;64;29;0;0;3;2.37;Adelaide United;Sydney FC;1.21;1.07;1.33;1.4;1.2;1.9;82;82;62;37;10;0;0;0;0;0;0;4326;27;Y;Y;Y;N;N;N;Y
922553;604;603;2009/2010;complete;57045;0;-1;;4,17,70;0;3;3;-1;-1;-1;-1;-1;1;3;0;0;-1;-1;-1;-1;-1;-1;-1;-1;-1;-1;1;3;0;0;0;0;0;0;0;0;0;0;0;0;0;0;0;0;0;0;0;0;0;0;0;0;0;0;0;0;0;0;0;0;0;0;0;0;0;0;0;0;0;0;0;0;0;0;0;0;0;0;0;0;0;0;0;0;0;0;0;0;0;0;0;0;0;0;0;0;3;0;2;0;1;1;2;2009-10-17 07:30:00;603;0;25;0;17;0;-1;1;-1;-1;-1;-1;-1;-1;0;1;1;2;1;3;-1;0;0;0;0;0;0;0;0;0;0;0;0;0;1;1;0;1;-1;-1;0;0;-1;-1;-1;-1;-1;-1;-1;-1;-1;9;17;17;35;90;19;82;34;17;0;0;6.5;1.75;Brisbane Roar;Central Coast Mariners;1.21;1;1.17;0.8;1.2;1.3;92;84;84;65;10;0;0;0;0;0;0;4326;27;Y;Y;Y;N;N;N;N
922555;5564;609;2009/2010;complete;57045;0;-1;85;6;1;1;2;-1;-1;-1;-1;-1;3;2;0;0;-1;-1;-1;-1;-1;-1;-1;-1;-1;-1;3;2;0;0;0;0;0;0;0;0;0;0;0;0;0;0;0;0;0;0;0;0;0;0;0;0;0;0;0;0;0;0;0;0;0;0;0;0;0;0;0;0;0;0;0;0;0;0;0;0;0;0;0;0;0;0;0;0;0;0;0;0;0;0;0;0;0;0;0;0;2;0;1;1;0;1;1;2009-10-17 09:30:00;-1;0;55;33;13;0;-1;1;-1;-1;-1;-1;-1;-1;1;0;2;2;1;4;-1;0;0;0;0;0;0;0;0;0;0;0;0;0;1;1;0;1;-1;-1;0;0;-1;-1;-1;-1;-1;-1;-1;-1;-1;23;23;23;78;90;33;68;68;35;0;0;3.4;2.35;Northern Fury FC;Wellington Phoenix;1.62;0.93;0.25;0.6;0.8;1;78;78;78;23;10;0;0;0;0;0;0;4326;27;Y;Y;N;N;N;N;Y
922557;605;607;2009/2010;complete;57045;0;-1;22;62,79,85;1;3;4;-1;-1;-1;-1;-1;2;2;0;0;-1;-1;-1;-1;-1;-1;-1;-1;-1;-1;2;2;0;0;0;0;0;0;0;0;0;0;0;0;0;0;0;0;0;0;0;0;0;0;0;0;0;0;0;0;0;0;0;0;0;0;0;0;0;0;0;0;0;0;0;0;0;0;0;0;0;0;0;0;0;0;0;0;0;0;0;0;0;0;0;0;0;0;0;0;4;1;0;0;3;3;1;2009-10-18 04:00:00;607;0;38;38;0;0;-1;1;-1;-1;-1;-1;-1;-1;1;2;1;0;3;1;-1;0;0;0;0;0;0;0;0;0;0;0;0;0;1;1;0;0;-1;-1;1;0;-1;-1;-1;-1;-1;-1;-1;-1;-1;25;25;50;63;100;50;88;75;0;0;0;4;2.63;Newcastle Jets FC;Melbourne Victory FC;1.62;1.64;1.5;2.25;1;1.5;75;75;50;38;0;0;0;0;0;0;0;4326;29;Y;Y;Y;Y;N;N;Y
922559;6426;600;2009/2010;complete;57045;0;-1;12,56;55;2;1;3;-1;-1;-1;-1;-1;1;2;0;0;-1;-1;-1;-1;-1;-1;-1;-1;-1;-1;1;2;0;0;0;0;0;0;0;0;0;0;0;0;0;0;0;0;0;0;0;0;0;0;0;0;0;0;0;0;0;0;0;0;0;0;0;0;0;0;0;0;0;0;0;0;0;0;0;0;0;0;0;0;0;0;0;0;0;0;0;0;0;0;0;0;0;0;0;0;3;1;0;1;1;2;1;2009-10-18 06:00:00;6426;0;55;23;33;0;-1;1;-1;-1;-1;-1;-1;-1;0;0;1;2;0;3;-1;0;0;0;0;0;0;0;0;0;0;0;0;0;1;1;0;0;-1;-1;0;0;-1;-1;-1;-1;-1;-1;-1;-1;-1;35;35;68;68;88;33;78;78;45;0;0;3.75;3.03;Gold Coast United FC;Perth Glory FC;2;0.8;1.75;1.2;1.7;1.7;65;65;33;33;13;0;0;0;0;0;0;4326;28;Y;Y;Y;N;N;N;Y
922561;605;603;2009/2010;complete;57045;0;-1;8,14;19;2;1;3;-1;-1;-1;-1;-1;2;1;0;0;-1;-1;-1;-1;-1;-1;-1;-1;-1;-1;2;1;0;0;0;0;0;0;0;0;0;0;0;0;0;0;0;0;0;0;0;0;0;0;0;0;0;0;0;0;0;0;0;0;0;0;0;0;0;0;0;0;0;0;0;0;0;0;0;0;0;0;0;0;0;0;0;0;0;0;0;0;0;0;0;0;0;0;0;0;3;2;1;0;0;0;3;2009-10-23 09:00:00;605;0;20;10;0;0;-1;1;-1;-1;-1;-1;-1;-1;2;1;0;0;3;0;-1;0;0;0;0;0;0;0;0;0;0;0;0;0;1;1;1;0;-1;-1;0;0;-1;-1;-1;-1;-1;-1;-1;-1;-1;10;20;39;47;92;37;82;49;10;0;0;4.4;2.07;Newcastle Jets FC;Central Coast Mariners;1.62;1;1.2;1.17;0.9;1.45;90;80;62;54;9;0;0;0;0;0;0;4326;27;Y;Y;Y;N;N;N;Y
922563;607;601;2009/2010;complete;57045;0;-1;18,56,90;64;3;1;4;-1;-1;-1;-1;-1;2;0;0;0;-1;-1;-1;-1;-1;-1;-1;-1;-1;-1;2;0;0;0;0;0;0;0;0;0;0;0;0;0;0;0;0;0;0;0;0;0;0;0;0;0;0;0;0;0;0;0;0;0;0;0;0;0;0;0;0;0;0;0;0;0;0;0;0;0;0;0;0;0;0;0;0;0;0;0;0;0;0;0;0;0;0;0;0;0;4;1;0;2;1;3;1;2009-10-24 07:30:00;607;0;46;38;0;0;-1;1;-1;-1;-1;-1;-1;-1;0;0;2;0;0;2;-1;0;0;0;0;0;0;0;0;0;0;0;0;0;1;1;0;0;-1;-1;0;0;-1;-1;-1;-1;-1;-1;-1;-1;-1;9;9;25;75;100;54;63;63;21;0;0;3.08;2.25;Melbourne Victory FC;Adelaide United;1.81;0.92;1;1;1.64;1.36;92;92;75;25;0;0;0;0;0;0;0;4326;27;Y;Y;Y;Y;N;N;Y
922565;5564;600;2009/2010;complete;57045;0;-1;65,71;25;2;1;3;-1;-1;-1;-1;-1;1;0;0;0;-1;-1;-1;-1;-1;-1;-1;-1;-1;-1;1;0;0;0;0;0;0;0;0;0;0;0;0;0;0;0;0;0;0;0;0;0;0;0;0;0;0;0;0;0;0;0;0;0;0;0;0;0;0;0;0;0;0;0;0;0;0;0;0;0;0;0;0;0;0;0;0;0;0;0;0;0;0;0;0;0;0;0;0;0;3;0;1;2;0;2;1;2009-10-24 09:30:00;5564;0;64;19;35;0;-1;1;-1;-1;-1;-1;-1;-1;0;0;1;0;0;1;-1;0;0;0;0;0;0;0;0;0;0;0;0;0;1;1;0;0;-1;-1;0;0;-1;-1;-1;-1;-1;-1;-1;-1;-1;19;19;44;74;100;27;82;82;45;0;0;4.25;2.62;Northern Fury FC;Perth Glory FC;1.62;0.8;0.4;1;0.82;1.55;82;82;57;27;0;0;0;0;0;0;0;4326;27;Y;Y;Y;N;N;N;Y
922567;609;6426;2009/2010;complete;57045;0;-1;28,48,53,54,59,82;;6;0;6;-1;-1;-1;-1;-1;3;2;0;0;-1;-1;-1;-1;-1;-1;-1;-1;-1;-1;3;2;0;0;0;0;0;0;0;0;0;0;0;0;0;0;0;0;0;0;0;0;0;0;0;0;0;0;0;0;0;0;0;0;0;0;0;0;0;0;0;0;0;0;0;0;0;0;0;0;0;0;0;0;0;0;0;0;0;0;0;0;0;0;0;0;0;0;0;0;6;1;0;5;0;5;1;2009-10-25 04:00:00;609;0;54;25;9;0;-1;1;-1;-1;-1;-1;-1;-1;1;1;2;1;2;3;-1;0;0;0;0;0;0;0;0;0;0;0;0;0;1;1;0;0;-1;-1;0;0;-1;-1;-1;-1;-1;-1;-1;-1;-1;0;17;38;71;88;34;88;59;25;0;0;5;2.13;Wellington Phoenix;Gold Coast United FC;2;1.15;1.5;1.67;1;1.82;100;84;63;29;13;0;0;0;0;0;0;4326;28;Y;Y;Y;Y;Y;Y;N
922568;606;604;2009/2010;complete;57045;0;-1;55,69;73;2;1;3;-1;-1;-1;-1;-1;1;1;0;0;-1;-1;-1;-1;-1;-1;-1;-1;-1;-1;1;1;0;0;0;0;0;0;0;0;0;0;0;0;0;0;0;0;0;0;0;0;0;0;0;0;0;0;0;0;0;0;0;0;0;0;0;0;0;0;0;0;0;0;0;0;0;0;0;0;0;0;0;0;0;0;0;0;0;0;0;0;0;0;0;0;0;0;0;0;3;0;0;2;1;3;0;2009-10-25 06:00:00;606;0;48;35;0;0;-1;1;-1;-1;-1;-1;-1;-1;0;0;1;1;0;2;-1;0;0;0;0;0;0;0;0;0;0;0;0;0;1;1;0;0;-1;-1;0;0;-1;-1;-1;-1;-1;-1;-1;-1;-1;13;13;48;70;100;48;70;90;23;0;0;4.75;2.55;Sydney FC;Brisbane Roar;2.31;1;2.4;1.25;1.73;1.09;88;88;53;30;0;0;0;0;0;0;0;4326;27;Y;Y;Y;N;N;N;Y
922571;604;605;2009/2010;complete;57045;0;-1;36;32;1;1;2;-1;-1;-1;-1;-1;0;2;0;0;-1;-1;-1;-1;-1;-1;-1;-1;-1;-1;0;2;0;0;0;0;0;0;0;0;0;0;0;0;0;0;0;0;0;0;0;0;0;0;0;0;0;0;0;0;0;0;0;0;0;0;0;0;0;0;0;0;0;0;0;0;0;0;0;0;0;0;0;0;0;0;0;0;0;0;0;0;0;0;0;0;0;0;0;0;2;1;1;0;0;0;2;2009-10-30 09:30:00;-1;0;62;10;25;0;-1;1;-1;-1;-1;-1;-1;-1;0;1;0;1;1;1;-1;0;0;0;0;0;0;0;1;0;1;0;0;0;1;1;0;0;-1;-1;0;0;-1;-1;-1;-1;-1;-1;-1;-1;-1;7;15;32;79;100;25;83;86;25;0;0;6.77;2.39;Brisbane Roar;Newcastle Jets FC;1.21;0.88;1;0.6;1;1.09;93;86;69;22;0;0;0;0;0;0;0;4326;27;Y;Y;N;N;N;N;Y
922573;603;601;2009/2010;complete;57045;0;-1;;;0;0;0;-1;-1;-1;-1;-1;2;1;1;0;-1;-1;-1;-1;-1;-1;-1;-1;-1;-1;4;1;0;0;0;0;0;0;0;0;0;0;0;0;0;0;0;0;0;0;0;0;0;0;0;0;0;0;0;0;0;0;0;0;0;0;0;0;0;0;0;0;0;0;0;0;0;0;0;0;0;0;0;0;0;0;0;0;0;0;0;0;0;0;0;0;0;0;0;0;0;0;0;0;0;0;0;2009-10-31 08:00:00;-1;0;50;10;30;0;-1;1;-1;-1;-1;-1;-1;-1;1;0;2;1;1;3;-1;0;0;0;0;0;0;0;0;0;0;0;0;0;1;1;0;0;-1;-1;0;0;-1;-1;-1;-1;-1;-1;-1;-1;-1;0;10;30;70;90;10;50;80;50;0;0;2.8;2;Central Coast Mariners;Adelaide United;1.23;0.92;1.8;0.8;1.33;1.25;100;90;70;30;10;0;0;0;0;0;0;4326;27;N;N;N;N;N;N;N
922575;6426;5564;2009/2010;complete;57045;0;-1;;64,76;0;2;2;-1;-1;-1;-1;-1;0;1;0;0;-1;-1;-1;-1;-1;-1;-1;-1;-1;-1;0;1;0;0;0;0;0;0;0;0;0;0;0;0;0;0;0;0;0;0;0;0;0;0;0;0;0;0;0;0;0;0;0;0;0;0;0;0;0;0;0;0;0;0;0;0;0;0;0;0;0;0;0;0;0;0;0;0;0;0;0;0;0;0;0;0;0;0;0;0;2;0;0;0;2;2;0;2009-10-31 10:00:00;5564;0;64;19;37;0;-1;1;-1;-1;-1;-1;-1;-1;0;1;0;0;1;0;-1;0;0;0;0;0;0;0;0;1;0;1;0;0;1;1;0;0;-1;-1;0;0;-1;-1;-1;-1;-1;-1;-1;-1;-1;37;37;57;82;90;19;74;90;55;0;0;3.93;3.1;Gold Coast United FC;Northern Fury FC;2;0.79;2;1.17;1.67;1;64;64;44;19;10;0;0;0;0;0;0;4326;27;Y;Y;N;N;N;N;N
922577;606;609;2009/2010;complete;57045;0;-1;15,32,35;81;3;1;4;-1;-1;-1;-1;-1;4;1;0;0;-1;-1;-1;-1;-1;-1;-1;-1;-1;-1;4;1;0;0;0;0;0;0;0;0;0;0;0;0;0;0;0;0;0;0;0;0;0;0;0;0;0;0;0;0;0;0;0;0;0;0;0;0;0;0;0;0;0;0;0;0;0;0;0;0;0;0;0;0;0;0;0;0;0;0;0;0;0;0;0;0;0;0;0;0;4;3;0;0;1;1;3;2009-11-01 06:00:00;606;0;50;25;9;0;-1;1;-1;-1;-1;-1;-1;-1;1;1;3;0;2;3;-1;0;0;0;0;0;0;0;0;0;0;0;0;0;1;1;0;0;-1;-1;0;0;-1;-1;-1;-1;-1;-1;-1;-1;-1;9;9;25;67;92;25;50;75;25;0;0;3.1;2;Sydney FC;Wellington Phoenix;2.31;0.93;2.5;0.67;1.83;1.18;92;92;75;34;9;0;0;0;0;0;0;4326;30;Y;Y;Y;Y;N;N;Y
922580;600;607;2009/2010;complete;57045;0;-1;19;5,88;1;2;3;-1;-1;-1;-1;-1;2;1;0;0;-1;-1;-1;-1;-1;-1;-1;-1;-1;-1;2;1;0;0;0;0;0;0;0;0;0;0;0;0;0;0;0;0;0;0;0;0;0;0;0;0;0;0;0;0;0;0;0;0;0;0;0;0;0;0;0;0;0;0;0;0;0;0;0;0;0;0;0;0;0;0;0;0;0;0;0;0;0;0;0;0;0;0;0;0;3;1;1;0;1;1;2;2009-11-01 08:00:00;607;0;60;30;10;0;-1;1;-1;-1;-1;-1;-1;-1;1;1;1;0;2;1;-1;0;0;0;0;0;0;0;0;0;0;0;0;0;1;1;0;1;-1;-1;0;0;-1;-1;-1;-1;-1;-1;-1;-1;-1;10;30;50;80;100;40;80;90;30;0;0;5;2.7;Perth Glory FC;Melbourne Victory FC;2.15;1.64;2.2;2.4;1.42;1.75;90;70;50;20;0;0;0;0;0;0;0;4326;28;Y;Y;Y;N;N;N;Y
922581;609;605;2009/2010;complete;57045;0;-1;27,55,90;;3;0;3;-1;-1;-1;-1;-1;1;2;0;0;-1;-1;-1;-1;-1;-1;-1;-1;-1;-1;1;2;0;0;0;0;0;0;0;0;0;0;0;0;0;0;0;0;0;0;0;0;0;0;0;0;0;0;0;0;0;0;0;0;0;0;0;0;0;0;0;0;0;0;0;0;0;0;0;0;0;0;0;0;0;0;0;0;0;0;0;0;0;0;0;0;0;0;0;0;3;1;0;2;0;2;1;2009-11-04 07:00:00;609;0;72;37;9;0;-1;1;-1;-1;-1;-1;-1;-1;0;2;1;0;2;1;-1;0;0;0;0;0;0;0;0;0;0;0;0;0;1;1;0;0;-1;-1;0;0;-1;-1;-1;-1;-1;-1;-1;-1;-1;10;10;29;90;90;37;82;72;19;0;0;5.6;2.39;Wellington Phoenix;Newcastle Jets FC;2;0.88;1.8;0.67;1.08;1.08;90;90;72;10;10;0;0;0;0;0;0;4326;29;Y;Y;Y;N;N;N;N
922582;601;604;2009/2010;complete;57045;0;-1;;35,51;0;2;2;-1;-1;-1;-1;-1;0;5;0;0;-1;-1;-1;-1;-1;-1;-1;-1;-1;-1;0;5;0;0;0;0;0;0;0;0;0;0;0;0;0;0;0;0;0;0;0;0;0;0;0;0;0;0;0;0;0;0;0;0;0;0;0;0;0;0;0;0;0;0;0;0;0;0;0;0;0;0;0;0;0;0;0;0;0;0;0;0;0;0;0;0;0;0;0;0;2;0;1;0;1;1;1;2009-11-06 09:00:00;604;0;62;27;25;0;-1;1;-1;-1;-1;-1;-1;-1;0;1;0;4;1;4;-1;0;0;0;0;0;0;0;0;1;0;1;0;0;1;1;0;0;-1;-1;0;0;-1;-1;-1;-1;-1;-1;-1;-1;-1;17;17;55;86;100;37;90;86;35;0;0;4.6;2.92;Adelaide United;Brisbane Roar;1.21;1;1.57;1;1.23;1;83;83;46;15;0;0;0;0;0;0;0;4326;27;Y;Y;N;N;N;N;N
922583;607;603;2009/2010;complete;57045;0;-1;;16,75,80,84;0;4;4;-1;-1;-1;-1;-1;0;2;0;0;-1;-1;-1;-1;-1;-1;-1;-1;-1;-1;0;2;0;0;0;0;0;0;0;0;0;0;0;0;0;0;0;0;0;0;0;0;0;0;0;0;0;0;0;0;0;0;0;0;0;0;0;0;0;0;0;0;0;0;0;0;0;0;0;0;0;0;0;0;0;0;0;0;0;0;0;0;0;0;0;0;0;0;0;0;4;0;1;0;3;3;1;2009-11-07 08:00:00;603;0;43;29;7;0;-1;1;-1;-1;-1;-1;-1;-1;0;1;0;1;1;1;-1;0;0;0;0;0;0;0;0;0;0;0;0;0;1;1;0;0;-1;-1;0;0;-1;-1;-1;-1;-1;-1;-1;-1;-1;7;15;43;72;93;57;93;36;15;0;0;3.76;2.36;Melbourne Victory FC;Central Coast Mariners;1.81;1;1.29;1;1.85;1.31;93;86;57;29;7;0;0;0;0;0;0;4326;27;Y;Y;Y;Y;N;N;N
922584;6426;606;2009/2010;complete;57045;0;-1;36;;1;0;1;-1;-1;-1;-1;-1;2;3;0;0;-1;-1;-1;-1;-1;-1;-1;-1;-1;-1;2;3;0;0;0;0;0;0;0;0;0;0;0;0;0;0;0;0;0;0;0;0;0;0;0;0;0;0;0;0;0;0;0;0;0;0;0;0;0;0;0;0;0;0;0;0;0;0;0;0;0;0;0;0;0;0;0;0;0;0;0;0;0;0;0;0;0;0;0;0;1;1;0;0;0;0;1;2009-11-07 10:00:00;6426;0;50;17;42;0;-1;1;-1;-1;-1;-1;-1;-1;1;3;1;0;4;1;-1;0;0;0;0;0;0;0;0;0;0;0;0;0;1;1;0;0;-1;-1;0;0;-1;-1;-1;-1;-1;-1;-1;-1;-1;25;25;67;75;83;25;67;75;59;0;0;2.73;2.75;Gold Coast United FC;Sydney FC;2;1.07;1.67;1.17;1.54;1.92;75;75;33;25;17;0;0;0;0;0;0;4326;28;Y;N;N;N;N;N;N
922585;609;600;2009/2010;complete;57045;0;-1;82;69;1;1;2;-1;-1;-1;-1;-1;3;2;0;0;-1;-1;-1;-1;-1;-1;-1;-1;-1;-1;3;2;0;0;0;0;0;0;0;0;0;0;0;0;0;0;0;0;0;0;0;0;0;0;0;0;0;0;0;0;0;0;0;0;0;0;0;0;0;0;0;0;0;0;0;0;0;0;0;0;0;0;0;0;0;0;0;0;0;0;0;0;0;0;0;0;0;0;0;0;2;0;0;1;1;2;0;2009-11-08 04:00:00;-1;0;61;24;22;0;-1;1;-1;-1;-1;-1;-1;-1;2;0;1;2;2;3;-1;0;0;0;0;0;0;0;0;0;0;0;0;0;1;1;0;0;-1;-1;0;0;-1;-1;-1;-1;-1;-1;-1;-1;-1;16;16;61;77;92;31;85;77;45;0;0;4.04;2.77;Wellington Phoenix;Perth Glory FC;2;0.8;2;0.86;1.23;1.31;85;85;40;23;9;0;0;0;0;0;0;4326;28;Y;Y;N;N;N;N;Y
922586;605;5564;2009/2010;complete;57045;0;-1;55,85;;2;0;2;-1;-1;-1;-1;-1;1;0;0;0;-1;-1;-1;-1;-1;-1;-1;-1;-1;-1;1;0;0;0;0;0;0;0;0;0;0;0;0;0;0;0;0;0;0;0;0;0;0;0;0;0;0;0;0;0;0;0;0;0;0;0;0;0;0;0;0;0;0;0;0;0;0;0;0;0;0;0;0;0;0;0;0;0;0;0;0;0;0;0;0;0;0;0;0;0;2;0;0;2;0;2;0;2009-11-08 06:00:00;605;0;54;24;15;0;-1;1;-1;-1;-1;-1;-1;-1;1;0;0;0;1;0;-1;0;0;0;0;0;0;0;1;0;1;0;0;0;1;1;0;0;-1;-1;0;0;-1;-1;-1;-1;-1;-1;-1;-1;-1;23;31;48;77;100;32;70;84;37;0;0;3.97;2.85;Newcastle Jets FC;Northern Fury FC;1.62;0.79;1.5;1.43;1;1.15;77;69;52;24;0;0;0;0;0;0;0;4326;27;Y;Y;N;N;N;N;N
922587;601;6426;2009/2010;complete;57045;0;-1;90;64;1;1;2;-1;-1;-1;-1;-1;1;2;0;1;-1;-1;-1;-1;-1;-1;-1;-1;-1;-1;1;4;0;0;0;0;0;0;0;0;0;0;0;0;0;0;0;0;0;0;0;0;0;0;0;0;0;0;0;0;0;0;0;0;0;0;0;0;0;0;0;0;0;0;0;0;0;0;0;0;0;0;0;0;0;0;0;0;0;0;0;0;0;0;0;0;0;0;0;0;2;0;0;1;1;2;0;2009-11-20 09:00:00;-1;0;34;7;20;0;-1;1;-1;-1;-1;-1;-1;-1;1;2;0;1;3;1;-1;0;0;0;0;0;0;0;0;0;0;0;0;0;1;1;0;0;-1;-1;1;0;-1;-1;-1;-1;-1;-1;-1;-1;-1;14;28;41;73;100;14;100;73;41;0;0;4.18;2.69;Adelaide United;Gold Coast United FC;1.21;1.15;1.38;1.43;1.14;1.64;87;73;59;27;0;0;0;0;0;0;0;4326;27;Y;Y;N;N;N;N;Y
922588;604;607;2009/2010;complete;57045;0;-1;;8;0;1;1;-1;-1;-1;-1;-1;2;4;1;0;-1;-1;-1;-1;-1;-1;-1;-1;-1;-1;4;4;0;0;0;0;0;0;0;0;0;0;0;0;0;0;0;0;0;0;0;0;0;0;0;0;0;0;0;0;0;0;0;0;0;0;0;0;0;0;0;0;0;0;0;0;0;0;0;0;0;0;0;0;0;0;0;0;0;0;0;0;0;0;0;0;0;0;0;0;1;0;1;0;0;0;1;2009-11-21 08:00:00;607;0;59;32;13;0;-1;1;-1;-1;-1;-1;-1;-1;2;0;1;4;2;5;-1;0;0;0;0;0;0;0;0;0;0;0;0;0;1;1;0;1;-1;-1;0;0;-1;-1;-1;-1;-1;-1;-1;-1;-1;15;29;53;73;100;44;94;73;21;0;0;5.13;2.75;Brisbane Roar;Melbourne Victory FC;1.21;1.64;1;2.5;1.14;1.71;86;71;48;28;0;0;0;0;0;0;0;4326;27;Y;N;N;N;N;N;N
922589;5564;603;2009/2010;complete;57045;0;-1;68;22,35,59,62,82;1;5;6;-1;-1;-1;-1;-1;-1;-1;-1;-1;-1;-1;-1;-1;-1;-1;-1;-1;-1;-1;-1;-1;0;0;0;0;0;0;0;0;0;0;0;0;0;0;0;0;0;0;0;0;0;0;0;0;0;0;0;0;0;0;0;0;0;0;0;0;0;0;0;0;0;0;0;0;0;0;0;0;0;0;0;0;0;0;0;0;0;0;0;0;0;0;0;0;0;0;0;0;6;0;2;1;3;4;2;2009-11-21 10:00:00;603;0;40;15;9;0;-1;-1;-1;-1;-1;-1;-1;-1;-1;-1;-1;-1;-1;-1;-1;0;0;0;0;0;0;0;0;0;0;0;0;0;1;1;0;0;-1;-1;-1;-1;-1;-1;-1;-1;-1;-1;-1;-1;-1;9;15;36;67;94;28;86;54;32;0;0;4.29;2.19;Northern Fury FC;Central Coast Mariners;1.62;1;0.83;1.25;1.07;1.43;92;86;65;34;7;0;0;0;0;0;0;4326;27;Y;Y;Y;Y;Y;Y;Y
922590;605;609;2009/2010;complete;57045;0;-1;;14;0;1;1;-1;-1;-1;-1;-1;2;0;0;0;-1;-1;-1;-1;-1;-1;-1;-1;-1;-1;2;0;0;0;0;0;0;0;0;0;0;0;0;0;0;0;0;0;0;0;0;0;0;0;0;0;0;0;0;0;0;0;0;0;0;0;0;0;0;0;0;0;0;0;0;0;0;0;0;0;0;0;0;0;0;0;0;0;0;0;0;0;0;0;0;0;0;0;0;0;1;0;1;0;0;0;1;2009-11-22 06:00:00;609;0;57;29;0;0;-1;1;-1;-1;-1;-1;-1;-1;2;0;0;0;2;0;-1;0;0;0;0;0;0;0;0;0;0;0;0;0;1;1;0;0;-1;-1;0;0;-1;-1;-1;-1;-1;-1;-1;-1;-1;14;29;43;79;93;43;71;71;22;0;0;3.14;2.57;Newcastle Jets FC;Wellington Phoenix;1.62;0.93;1.71;0.57;1.14;1.21;86;71;57;22;7;0;0;0;0;0;0;4326;29;Y;N;N;N;N;N;N
922591;600;606;2009/2010;complete;57045;0;-1;57,89;;2;0;2;-1;-1;-1;-1;-1;1;2;0;0;-1;-1;-1;-1;-1;-1;-1;-1;-1;-1;1;2;0;0;0;0;0;0;0;0;0;0;0;0;0;0;0;0;0;0;0;0;0;0;0;0;0;0;0;0;0;0;0;0;0;0;0;0;0;0;0;0;0;0;0;0;0;0;0;0;0;0;0;0;0;0;0;0;0;0;0;0;0;0;0;0;0;0;0;0;2;0;0;2;0;2;0;2009-11-22 08:00:00;600;0;55;24;30;0;-1;1;-1;-1;-1;-1;-1;-1;0;0;1;2;0;3;-1;0;0;0;0;0;0;0;0;0;0;0;0;0;1;1;0;0;-1;-1;0;0;-1;-1;-1;-1;-1;-1;-1;-1;-1;7;16;54;70;93;40;69;79;38;0;0;4.34;2.4;Perth Glory FC;Sydney FC;2.15;1.07;1.83;1;1.29;1.79;93;85;47;30;7;0;0;0;0;0;0;4326;28;Y;Y;N;N;N;N;N
922592;603;600;2009/2010;complete;57045;0;-1;;;0;0;0;-1;-1;-1;-1;-1;1;2;0;0;-1;-1;-1;-1;-1;-1;-1;-1;-1;-1;1;2;0;0;0;0;0;0;0;0;0;0;0;0;0;0;0;0;0;0;0;0;0;0;0;0;0;0;0;0;0;0;0;0;0;0;0;0;0;0;0;0;0;0;0;0;0;0;0;0;0;0;0;0;0;0;0;0;0;0;0;0;0;0;0;0;0;0;0;0;0;0;0;0;0;0;0;2009-11-27 09:00:00;-1;0;63;7;42;0;-1;1;-1;-1;-1;-1;-1;-1;0;1;1;1;1;2;-1;0;0;0;0;0;0;0;0;0;0;0;0;0;1;1;0;0;-1;-1;0;0;-1;-1;-1;-1;-1;-1;-1;-1;-1;7;7;48;71;84;13;63;78;57;0;0;3.58;2.21;Central Coast Mariners;Perth Glory FC;1.23;0.8;1.67;0.88;1.53;1.4;94;94;53;29;17;0;0;0;0;0;0;4326;27;N;N;N;N;N;N;N
922593;607;6426;2009/2010;complete;57045;0;-1;28,45,54,68;;4;0;4;-1;-1;-1;-1;-1;-1;-1;-1;-1;-1;-1;-1;-1;-1;-1;-1;-1;-1;-1;-1;-1;0;0;0;0;0;0;0;0;0;0;0;0;0;0;0;0;0;0;0;0;0;0;0;0;0;0;0;0;0;0;0;0;0;0;0;0;0;0;0;0;0;0;0;0;0;0;0;0;0;0;0;0;0;0;0;0;0;0;0;0;0;0;0;0;0;0;0;0;4;2;0;2;0;2;2;2009-11-28 08:00:00;607;0;51;19;19;0;-1;-1;-1;-1;-1;-1;-1;-1;-1;-1;-1;-1;-1;-1;-1;0;0;0;0;0;0;0;0;0;0;0;0;0;1;1;0;0;-1;-1;-1;-1;-1;-1;-1;-1;-1;-1;-1;-1;-1;13;38;57;88;100;38;94;69;51;0;0;3.88;3.07;Melbourne Victory FC;Gold Coast United FC;1.81;1.15;1.13;1.38;1.8;1.6;88;63;44;13;0;0;0;0;0;0;0;4326;28;Y;Y;Y;Y;N;N;N
922594;5564;601;2009/2010;complete;57045;0;-1;39,67;90;2;1;3;-1;-1;-1;-1;-1;1;3;0;0;-1;-1;-1;-1;-1;-1;-1;-1;-1;-1;1;3;0;0;0;0;0;0;0;0;0;0;0;0;0;0;0;0;0;0;0;0;0;0;0;0;0;0;0;0;0;0;0;0;0;0;0;0;0;0;0;0;0;0;0;0;0;0;0;0;0;0;0;0;0;0;0;0;0;0;0;0;0;0;0;0;0;0;0;0;3;1;0;1;1;2;1;2009-11-28 10:00:00;5564;0;52;16;23;0;-1;1;-1;-1;-1;-1;-1;-1;1;0;0;3;1;3;-1;0;0;0;0;0;0;0;0;0;0;0;0;0;1;1;0;0;-1;-1;0;0;-1;-1;-1;-1;-1;-1;-1;-1;-1;15;23;30;68;92;23;60;77;45;0;0;3.33;2.34;Northern Fury FC;Adelaide United;1.62;0.92;0.71;0.83;1;1.13;86;77;70;32;9;0;0;0;0;0;0;4326;27;Y;Y;Y;N;N;N;Y
922595;606;605;2009/2010;complete;57045;0;-1;75;24,51,58;1;3;4;-1;-1;-1;-1;-1;0;2;0;0;-1;-1;-1;-1;-1;-1;-1;-1;-1;-1;0;2;0;0;0;0;0;0;0;0;0;0;0;0;0;0;0;0;0;0;0;0;0;0;0;0;0;0;0;0;0;0;0;0;0;0;0;0;0;0;0;0;0;0;0;0;0;0;0;0;0;0;0;0;0;0;0;0;0;0;0;0;0;0;0;0;0;0;0;0;4;0;1;1;2;3;1;2009-11-29 06:00:00;605;0;57;22;14;0;-1;1;-1;-1;-1;-1;-1;-1;0;1;0;1;1;1;-1;0;0;0;0;0;0;0;0;1;0;1;0;0;1;1;0;0;-1;-1;0;1;-1;-1;-1;-1;-1;-1;-1;-1;-1;0;7;36;79;100;29;65;86;29;0;0;4.86;2.22;Sydney FC;Newcastle Jets FC;2.31;0.88;2.57;0.57;1.67;1.07;100;93;64;22;0;0;0;0;0;0;0;4326;29;Y;Y;Y;Y;N;N;Y
922596;604;609;2009/2010;complete;57045;0;-1;17,56,79,90;27;4;1;5;-1;-1;-1;-1;-1;1;2;0;1;-1;-1;-1;-1;-1;-1;-1;-1;-1;-1;1;4;0;0;0;0;0;0;0;0;0;0;0;0;0;0;0;0;0;0;0;0;0;0;0;0;0;0;0;0;0;0;0;0;0;0;0;0;0;0;0;0;0;0;0;0;0;0;0;0;0;0;0;0;0;0;0;0;0;0;0;0;0;0;0;0;0;0;0;0;5;1;1;3;0;3;2;2009-11-29 08:00:00;604;0;54;18;11;0;-1;1;-1;-1;-1;-1;-1;-1;0;0;1;3;0;4;-1;0;0;0;0;0;0;0;0;0;0;0;0;0;1;1;0;0;-1;-1;0;0;-1;-1;-1;-1;-1;-1;-1;-1;-1;12;24;29;66;94;36;82;60;18;0;0;4.47;2.29;Brisbane Roar;Wellington Phoenix;1.21;0.93;0.89;0.88;1.07;1.33;89;77;71;35;7;0;0;0;0;0;0;4326;27;Y;Y;Y;Y;Y;N;Y
922597;609;607;2009/2010;complete;57045;0;-1;57;87;1;1;2;-1;-1;-1;-1;-1;3;2;0;1;-1;-1;-1;-1;-1;-1;-1;-1;-1;-1;3;3;0;0;0;0;0;0;0;0;0;0;0;0;0;0;0;0;0;0;0;0;0;0;0;0;0;0;0;0;0;0;0;0;0;0;0;0;0;0;0;0;0;0;0;0;0;0;0;0;0;0;0;0;0;0;0;0;0;0;0;0;0;0;0;0;0;0;0;0;2;0;0;1;1;2;0;2009-12-04 06:30:00;-1;0;57;36;7;0;-1;1;-1;-1;-1;-1;-1;-1;1;3;2;0;4;2;-1;0;0;0;0;0;0;0;0;0;0;0;0;0;1;1;0;0;-1;-1;1;0;-1;-1;-1;-1;-1;-1;-1;-1;-1;14;22;50;79;93;36;86;71;29;0;0;4.72;2.64;Wellington Phoenix;Melbourne Victory FC;2;1.64;1.86;2.57;1.25;1.88;86;79;50;22;7;0;0;0;0;0;0;4326;30;Y;Y;N;N;N;N;Y
922598;601;605;2009/2010;complete;57045;0;-1;;45,81;0;2;2;-1;-1;-1;-1;-1;2;2;0;0;-1;-1;-1;-1;-1;-1;-1;-1;-1;-1;2;2;0;0;0;0;0;0;0;0;0;0;0;0;0;0;0;0;0;0;0;0;0;0;0;0;0;0;0;0;0;0;0;0;0;0;0;0;0;0;0;0;0;0;0;0;0;0;0;0;0;0;0;0;0;0;0;0;0;0;0;0;0;0;0;0;0;0;0;0;2;0;1;0;1;1;1;2009-12-04 09:00:00;605;0;60;18;29;0;-1;1;-1;-1;-1;-1;-1;-1;1;1;1;1;2;2;-1;0;0;0;0;0;0;0;0;1;0;1;0;0;1;1;0;0;-1;-1;0;0;-1;-1;-1;-1;-1;-1;-1;-1;-1;6;12;30;89;100;18;89;83;36;0;0;4.42;2.42;Adelaide United;Newcastle Jets FC;1.21;0.88;1.33;0.88;1.06;1.19;95;89;71;11;0;0;0;0;0;0;0;4326;27;Y;Y;N;N;N;N;N
922599;606;5564;2009/2010;complete;57045;0;-1;14,19,58,64;61;4;1;5;-1;-1;-1;-1;-1;1;2;0;0;-1;-1;-1;-1;-1;-1;-1;-1;-1;-1;1;2;0;0;0;0;0;0;0;0;0;0;0;0;0;0;0;0;0;0;0;0;0;0;0;0;0;0;0;0;0;0;0;0;0;0;0;0;0;0;0;0;0;0;0;0;0;0;0;0;0;0;0;0;0;0;0;0;0;0;0;0;0;0;0;0;0;0;0;0;5;2;0;2;1;3;2;2009-12-05 08:00:00;606;0;50;13;25;0;-1;1;-1;-1;-1;-1;-1;-1;0;1;1;1;1;2;-1;0;0;0;0;0;0;0;0;0;0;0;0;0;1;1;0;0;-1;-1;0;0;-1;-1;-1;-1;-1;-1;-1;-1;-1;13;25;38;76;100;19;50;94;51;0;0;3.59;2.57;Sydney FC;Northern Fury FC;2.31;0.79;2.25;1.25;1.56;1.13;88;75;63;26;0;0;0;0;0;0;0;4326;27;Y;Y;Y;Y;Y;N;Y
922600;6426;603;2009/2010;complete;57045;0;-1;68,76;39;2;1;3;-1;-1;-1;-1;-1;2;1;0;0;-1;-1;-1;-1;-1;-1;-1;-1;-1;-1;2;1;0;0;0;0;0;0;0;0;0;0;0;0;0;0;0;0;0;0;0;0;0;0;0;0;0;0;0;0;0;0;0;0;0;0;0;0;0;0;0;0;0;0;0;0;0;0;0;0;0;0;0;0;0;0;0;0;0;0;0;0;0;0;0;0;0;0;0;0;3;0;1;2;0;2;1;2009-12-05 10:00:00;6426;0;33;13;20;0;-1;1;-1;-1;-1;-1;-1;-1;0;1;2;0;1;2;-1;0;0;0;0;0;0;0;0;0;0;0;0;0;1;1;0;0;-1;-1;0;0;-1;-1;-1;-1;-1;-1;-1;-1;-1;20;26;51;64;88;29;80;52;40;0;0;3.72;2.52;Gold Coast United FC;Central Coast Mariners;2;1;1.86;1.44;1.5;1.5;80;75;50;37;13;0;0;0;0;0;0;4326;27;Y;Y;Y;N;N;N;Y
922601;600;604;2009/2010;complete;57045;0;-1;78;53;1;1;2;-1;-1;-1;-1;-1;1;1;0;0;-1;-1;-1;-1;-1;-1;-1;-1;-1;-1;1;1;0;0;0;0;0;0;0;0;0;0;0;0;0;0;0;0;0;0;0;0;0;0;0;0;0;0;0;0;0;0;0;0;0;0;0;0;0;0;0;0;0;0;0;0;0;0;0;0;0;0;0;0;0;0;0;0;0;0;0;0;0;0;0;0;0;0;0;0;2;0;0;1;1;2;0;2009-12-06 08:00:00;-1;0;62;31;16;0;-1;1;-1;-1;-1;-1;-1;-1;0;0;1;1;0;2;-1;0;0;0;0;0;0;0;0;0;0;0;0;0;1;1;0;0;-1;-1;0;0;-1;-1;-1;-1;-1;-1;-1;-1;-1;9;16;55;93;100;47;70;100;38;0;0;5.43;2.8;Perth Glory FC;Brisbane Roar;2.15;1;2;1.33;1.38;1.19;92;85;45;7;0;0;0;0;0;0;0;4326;27;Y;Y;N;N;N;N;Y
922602;5564;600;2009/2010;complete;57045;0;-1;33;;1;0;1;-1;-1;-1;-1;-1;3;2;0;0;-1;-1;-1;-1;-1;-1;-1;-1;-1;-1;3;2;0;0;0;0;0;0;0;0;0;0;0;0;0;0;0;0;0;0;0;0;0;0;0;0;0;0;0;0;0;0;0;0;0;0;0;0;0;0;0;0;0;0;0;0;0;0;0;0;0;0;0;0;0;0;0;0;0;0;0;0;0;0;0;0;0;0;0;0;1;1;0;0;0;0;1;2009-12-11 09:30:00;5564;0;71;12;41;0;-1;1;-1;-1;-1;-1;-1;-1;0;0;3;2;0;5;-1;0;0;0;0;0;0;0;0;0;0;0;0;0;1;1;0;0;-1;-1;0;0;-1;-1;-1;-1;-1;-1;-1;-1;-1;18;18;53;78;95;24;78;83;60;0;0;3.61;2.72;Northern Fury FC;Perth Glory FC;1.62;0.8;1;0.89;1.06;1.35;82;82;47;23;6;0;0;0;0;0;0;4326;27;Y;N;N;N;N;N;N
922603;609;606;2009/2010;complete;57045;0;-1;;16;0;1;1;-1;-1;-1;-1;-1;3;3;0;1;-1;-1;-1;-1;-1;-1;-1;-1;-1;-1;3;5;0;0;0;0;0;0;0;0;0;0;0;0;0;0;0;0;0;0;0;0;0;0;0;0;0;0;0;0;0;0;0;0;0;0;0;0;0;0;0;0;0;0;0;0;0;0;0;0;0;0;0;0;0;0;0;0;0;0;0;0;0;0;0;0;0;0;0;0;1;0;1;0;0;0;1;2009-12-12 06:00:00;606;0;51;19;32;0;-1;1;-1;-1;-1;-1;-1;-1;2;0;1;4;2;5;-1;0;0;0;0;0;0;0;0;1;0;1;0;0;1;1;0;0;-1;-1;0;0;-1;-1;-1;-1;-1;-1;-1;-1;-1;13;13;44;76;88;25;63;69;50;0;0;4.21;2.38;Wellington Phoenix;Sydney FC;2;1.07;1.75;0.88;1.24;1.65;88;88;57;26;13;0;0;0;0;0;0;4326;30;Y;N;N;N;N;N;N
922604;603;607;2009/2010;complete;57045;0;-1;;57,71,77;0;3;3;-1;-1;-1;-1;-1;3;1;0;0;-1;-1;-1;-1;-1;-1;-1;-1;-1;-1;3;1;0;0;0;0;0;0;0;0;0;0;0;0;0;0;0;0;0;0;0;0;0;0;0;0;0;0;0;0;0;0;0;0;0;0;0;0;0;0;0;0;0;0;0;0;0;0;0;0;0;0;0;0;0;0;0;0;0;0;0;0;0;0;0;0;0;0;0;0;3;0;0;0;3;3;0;2009-12-12 08:00:00;607;0;53;19;21;0;-1;1;-1;-1;-1;-1;-1;-1;0;0;3;1;0;4;-1;0;0;0;0;0;0;0;0;0;0;0;0;0;1;1;0;0;-1;-1;0;0;-1;-1;-1;-1;-1;-1;-1;-1;-1;7;13;40;66;79;19;66;66;34;0;0;4.09;2.03;Central Coast Mariners;Melbourne Victory FC;1.23;1.64;1.57;2.38;1.41;1.82;94;88;61;34;22;0;0;0;0;0;0;4326;27;Y;Y;Y;N;N;N;N
922605;604;601;2009/2010;complete;57045;0;-1;;77;0;1;1;-1;-1;-1;-1;-1;1;0;0;0;-1;-1;-1;-1;-1;-1;-1;-1;-1;-1;1;0;0;0;0;0;0;0;0;0;0;0;0;0;0;0;0;0;0;0;0;0;0;0;0;0;0;0;0;0;0;0;0;0;0;0;0;0;0;0;0;0;0;0;0;0;0;0;0;0;0;0;0;0;0;0;0;0;0;0;0;0;0;0;0;0;0;0;0;0;1;0;0;0;1;1;0;2009-12-12 10:00:00;601;0;47;17;25;0;-1;1;-1;-1;-1;-1;-1;-1;0;0;1;0;0;1;-1;0;0;0;0;0;0;0;0;0;0;0;0;0;1;1;0;0;-1;-1;0;0;-1;-1;-1;-1;-1;-1;-1;-1;-1;10;22;35;59;93;27;67;66;37;0;0;4.57;2.23;Brisbane Roar;Adelaide United;1.21;0.92;1.1;0.71;1.18;1;90;78;66;42;7;0;0;0;0;0;0;4326;27;Y;N;N;N;N;N;N
922606;605;6426;2009/2010;complete;57045;0;-1;6,70,81;44,84;3;2;5;-1;-1;-1;-1;-1;3;3;0;0;-1;-1;-1;-1;-1;-1;-1;-1;-1;-1;3;3;0;0;0;0;0;0;0;0;0;0;0;0;0;0;0;0;0;0;0;0;0;0;0;0;0;0;0;0;0;0;0;0;0;0;0;0;0;0;0;0;0;0;0;0;0;0;0;0;0;0;0;0;0;0;0;0;0;0;0;0;0;0;0;0;0;0;0;0;5;1;1;2;1;3;2;2009-12-13 06:00:00;605;0;36;13;11;0;-1;1;-1;-1;-1;-1;-1;-1;2;0;1;3;2;4;-1;0;0;0;0;0;0;0;0;1;0;1;0;0;1;1;1;0;-1;-1;0;0;-1;-1;-1;-1;-1;-1;-1;-1;-1;12;35;53;71;100;30;82;71;46;0;0;4.38;2.75;Newcastle Jets FC;Gold Coast United FC;1.62;1.15;1.5;1.22;1.29;1.59;89;66;47;30;0;0;0;0;0;0;0;4326;28;Y;Y;Y;Y;Y;N;Y
922607;604;5564;2009/2010;complete;57045;0;-1;20,42;;2;0;2;-1;-1;-1;-1;-1;1;2;0;0;-1;-1;-1;-1;-1;-1;-1;-1;-1;-1;1;2;0;0;0;0;0;0;0;0;0;0;0;0;0;0;0;0;0;0;0;0;0;0;0;0;0;0;0;0;0;0;0;0;0;0;0;0;0;0;0;0;0;0;0;0;0;0;0;0;0;0;0;0;0;0;0;0;0;0;0;0;0;0;0;0;0;0;0;0;2;2;0;0;0;0;2;2009-12-16 09:30:00;604;0;51;15;26;0;-1;1;-1;-1;-1;-1;-1;-1;0;0;1;2;0;3;-1;0;0;0;0;0;0;0;0;0;0;0;0;0;1;1;0;0;-1;-1;0;0;-1;-1;-1;-1;-1;-1;-1;-1;-1;26;30;35;72;100;29;69;82;47;0;0;4.71;2.73;Brisbane Roar;Northern Fury FC;1.21;0.79;1;1.11;1.11;1.17;75;70;66;28;0;0;0;0;0;0;0;4326;27;Y;Y;N;N;N;N;N
922608;601;609;2009/2010;complete;57045;0;-1;57;77;1;1;2;-1;-1;-1;-1;-1;1;2;0;0;-1;-1;-1;-1;-1;-1;-1;-1;-1;-1;1;2;0;0;0;0;0;0;0;0;0;0;0;0;0;0;0;0;0;0;0;0;0;0;0;0;0;0;0;0;0;0;0;0;0;0;0;0;0;0;0;0;0;0;0;0;0;0;0;0;0;0;0;0;0;0;0;0;0;0;0;0;0;0;0;0;0;0;0;0;2;0;0;1;1;2;0;2009-12-18 09:00:00;-1;0;54;22;15;0;-1;1;-1;-1;-1;-1;-1;-1;0;1;1;1;1;2;-1;0;0;0;0;0;0;0;0;0;0;0;0;0;1;1;0;0;-1;-1;0;0;-1;-1;-1;-1;-1;-1;-1;-1;-1;16;22;27;79;95;27;84;74;26;0;0;3.26;2.43;Adelaide United;Wellington Phoenix;1.21;0.93;1.2;0.78;1.11;1.17;84;79;74;21;6;0;0;0;0;0;0;4326;27;Y;Y;N;N;N;N;Y
922609;603;604;2009/2010;complete;57045;0;-1;34,76;10,22,90;2;3;5;-1;-1;-1;-1;-1;1;1;0;0;-1;-1;-1;-1;-1;-1;-1;-1;-1;-1;1;1;0;0;0;0;0;0;0;0;0;0;0;0;0;0;0;0;0;0;0;0;0;0;0;0;0;0;0;0;0;0;0;0;0;0;0;0;0;0;0;0;0;0;0;0;0;0;0;0;0;0;0;0;0;0;0;0;0;0;0;0;0;0;0;0;0;0;0;0;5;1;2;1;1;2;3;2009-12-19 07:00:00;604;0;55;15;27;0;-1;1;-1;-1;-1;-1;-1;-1;0;0;1;1;0;2;-1;0;0;0;0;0;0;0;0;0;0;0;0;0;1;1;0;1;-1;-1;0;0;-1;-1;-1;-1;-1;-1;-1;-1;-1;7;7;48;82;82;22;55;82;47;0;0;4.59;2.32;Central Coast Mariners;Brisbane Roar;1.23;1;1.38;1.29;1.33;1.21;93;93;53;19;19;0;0;0;0;0;0;4326;27;Y;Y;Y;Y;Y;N;Y
922610;607;606;2009/2010;complete;57045;0;-1;;;0;0;0;-1;-1;-1;-1;-1;1;2;0;0;-1;-1;-1;-1;-1;-1;-1;-1;-1;-1;1;2;0;0;0;0;0;0;0;0;0;0;0;0;0;0;0;0;0;0;0;0;0;0;0;0;0;0;0;0;0;0;0;0;0;0;0;0;0;0;0;0;0;0;0;0;0;0;0;0;0;0;0;0;0;0;0;0;0;0;0;0;0;0;0;0;0;0;0;0;0;0;0;0;0;0;0;2009-12-19 09:00:00;-1;0;45;22;22;0;-1;1;-1;-1;-1;-1;-1;-1;1;1;0;1;2;1;-1;0;0;0;0;0;0;0;0;0;0;0;0;0;1;1;0;0;-1;-1;0;0;-1;-1;-1;-1;-1;-1;-1;-1;-1;11;28;56;78;95;45;84;62;44;0;0;3.38;2.72;Melbourne Victory FC;Sydney FC;1.81;1.07;1.33;1.11;1.89;1.72;89;73;45;22;6;0;0;0;0;0;0;4326;30;N;N;N;N;N;N;N
922611;605;5564;2009/2010;complete;57045;0;-1;25,38,83;44,61;3;2;5;-1;-1;-1;-1;-1;-1;-1;-1;-1;-1;-1;-1;-1;-1;-1;-1;-1;-1;-1;-1;-1;0;0;0;0;0;0;0;0;0;0;0;0;0;0;0;0;0;0;0;0;0;0;0;0;0;0;0;0;0;0;0;0;0;0;0;0;0;0;0;0;0;0;0;0;0;0;0;0;0;0;0;0;0;0;0;0;0;0;0;0;0;0;0;0;0;0;0;0;5;2;1;1;1;2;3;2009-12-20 06:00:00;605;0;47;22;21;0;-1;-1;-1;-1;-1;-1;-1;-1;-1;-1;-1;-1;-1;-1;-1;0;0;0;0;0;0;0;0;0;0;0;0;0;1;1;0;0;-1;-1;-1;-1;-1;-1;-1;-1;-1;-1;-1;-1;-1;26;32;43;79;100;37;69;79;47;0;0;3.79;2.84;Newcastle Jets FC;Northern Fury FC;1.62;0.79;1.67;1;1.39;1.11;74;69;57;22;0;0;0;0;0;0;0;4326;27;Y;Y;Y;Y;Y;N;Y
922612;6426;600;2009/2010;complete;57045;0;-1;3,76;;2;0;2;-1;-1;-1;-1;-1;3;4;0;0;-1;-1;-1;-1;-1;-1;-1;-1;-1;-1;3;4;0;0;0;0;0;0;0;0;0;0;0;0;0;0;0;0;0;0;0;0;0;0;0;0;0;0;0;0;0;0;0;0;0;0;0;0;0;0;0;0;0;0;0;0;0;0;0;0;0;0;0;0;0;0;0;0;0;0;0;0;0;0;0;0;0;0;0;0;2;1;0;1;0;1;1;2009-12-20 08:00:00;6426;0;55;12;33;0;-1;1;-1;-1;-1;-1;-1;-1;1;1;2;3;2;5;-1;0;0;0;0;0;0;0;0;0;0;0;0;0;1;1;1;0;-1;-1;0;0;-1;-1;-1;-1;-1;-1;-1;-1;-1;18;18;57;68;89;17;73;73;57;0;0;3.3;2.53;Gold Coast United FC;Perth Glory FC;2;0.8;2;0.8;1.5;1.28;83;83;44;33;12;0;0;0;0;0;0;4326;28;Y;Y;N;N;N;N;N
922613;606;603;2009/2010;complete;57045;0;-1;34;;1;0;1;-1;-1;-1;-1;-1;0;4;0;0;-1;-1;-1;-1;-1;-1;-1;-1;-1;-1;0;4;0;0;0;0;0;0;0;0;0;0;0;0;0;0;0;0;0;0;0;0;0;0;0;0;0;0;0;0;0;0;0;0;0;0;0;0;0;0;0;0;0;0;0;0;0;0;0;0;0;0;0;0;0;0;0;0;0;0;0;0;0;0;0;0;0;0;0;0;1;1;0;0;0;0;1;2009-12-23 08:30:00;606;0;43;11;22;0;-1;1;-1;-1;-1;-1;-1;-1;0;1;0;3;1;3;-1;0;0;0;0;0;0;0;0;0;0;0;0;0;1;1;0;0;-1;-1;0;0;-1;-1;-1;-1;-1;-1;-1;-1;-1;11;27;53;64;95;37;73;65;37;0;0;3.76;2.54;Sydney FC;Central Coast Mariners;2.31;1;2.33;1.3;1.68;1.26;90;74;47;37;5;0;0;0;0;0;0;4326;27;Y;N;N;N;N;N;N
922614;6426;604;2009/2010;complete;57045;0;-1;45,51,54,62,77;7;5;1;6;-1;-1;-1;-1;-1;2;1;0;0;-1;-1;-1;-1;-1;-1;-1;-1;-1;-1;2;1;0;0;0;0;0;0;0;0;0;0;0;0;0;0;0;0;0;0;0;0;0;0;0;0;0;0;0;0;0;0;0;0;0;0;0;0;0;0;0;0;0;0;0;0;0;0;0;0;0;0;0;0;0;0;0;0;0;0;0;0;0;0;0;0;0;0;0;0;6;1;1;4;0;4;2;2009-12-26 07:00:00;6426;0;60;25;30;0;-1;1;-1;-1;-1;-1;-1;-1;2;0;0;1;2;1;-1;0;0;0;0;0;0;0;1;0;1;0;0;0;1;1;0;1;-1;-1;0;0;-1;-1;-1;-1;-1;-1;-1;-1;-1;24;24;60;89;95;31;77;89;53;0;0;4.17;2.96;Gold Coast United FC;Brisbane Roar;2;1;2.11;1.5;1.58;1.3;77;77;41;11;6;0;0;0;0;0;0;4326;27;Y;Y;Y;Y;Y;Y;Y
922615;600;605;2009/2010;complete;57045;0;-1;19,24,36,69;;4;0;4;-1;-1;-1;-1;-1;0;2;0;0;-1;-1;-1;-1;-1;-1;-1;-1;-1;-1;0;2;0;0;0;0;0;0;0;0;0;0;0;0;0;0;0;0;0;0;0;0;0;0;0;0;0;0;0;0;0;0;0;0;0;0;0;0;0;0;0;0;0;0;0;0;0;0;0;0;0;0;0;0;0;0;0;0;0;0;0;0;0;0;0;0;0;0;0;0;4;3;0;1;0;1;3;2009-12-26 09:00:00;600;0;65;24;24;0;-1;1;-1;-1;-1;-1;-1;-1;0;1;0;1;1;1;-1;0;0;0;0;0;0;0;1;0;1;0;0;0;1;1;0;0;-1;-1;0;0;-1;-1;-1;-1;-1;-1;-1;-1;-1;0;12;36;94;100;30;70;95;42;0;0;4.92;2.41;Perth Glory FC;Newcastle Jets FC;2.15;0.88;1.88;1.11;1.21;1.47;100;89;65;7;0;0;0;0;0;0;0;4326;28;Y;Y;Y;Y;N;N;N
922616;606;601;2009/2010;complete;57045;0;-1;49;;1;0;1;-1;-1;-1;-1;-1;2;0;0;0;-1;-1;-1;-1;-1;-1;-1;-1;-1;-1;2;0;0;0;0;0;0;0;0;0;0;0;0;0;0;0;0;0;0;0;0;0;0;0;0;0;0;0;0;0;0;0;0;0;0;0;0;0;0;0;0;0;0;0;0;0;0;0;0;0;0;0;0;0;0;0;0;0;0;0;0;0;0;0;0;0;0;0;0;0;1;0;0;1;0;1;0;2009-12-27 08:00:00;606;0;44;12;28;0;-1;1;-1;-1;-1;-1;-1;-1;0;0;2;0;0;2;-1;0;0;0;0;0;0;0;0;0;0;0;0;0;1;1;0;0;-1;-1;0;0;-1;-1;-1;-1;-1;-1;-1;-1;-1;5;22;38;55;94;22;49;78;39;0;0;2.82;2.13;Sydney FC;Adelaide United;2.31;0.92;2.4;1;1.75;1.11;95;79;63;45;7;0;0;0;0;0;0;4326;27;Y;N;N;N;N;N;N
922618;5564;607;2009/2010;complete;57045;0;-1;31;;1;0;1;-1;-1;-1;-1;-1;2;2;0;0;-1;-1;-1;-1;-1;-1;-1;-1;-1;-1;2;2;0;0;0;0;0;0;0;0;0;0;0;0;0;0;0;0;0;0;0;0;0;0;0;0;0;0;0;0;0;0;0;0;0;0;0;0;0;0;0;0;0;0;0;0;0;0;0;0;0;0;0;0;0;0;0;0;0;0;0;0;0;0;0;0;0;0;0;0;1;1;0;0;0;0;1;2009-12-27 10:00:00;5564;0;62;22;22;0;-1;1;-1;-1;-1;-1;-1;-1;1;1;1;1;2;2;-1;0;0;0;0;0;0;0;0;0;0;0;0;0;1;1;0;0;-1;-1;0;0;-1;-1;-1;-1;-1;-1;-1;-1;-1;17;22;50;78;100;28;84;78;45;0;0;4.22;2.73;Northern Fury FC;Melbourne Victory FC;1.62;1.64;1.22;2.44;1.05;1.84;84;78;50;22;0;0;0;0;0;0;0;4326;27;Y;N;N;N;N;N;N
922620;603;609;2009/2010;complete;57045;0;-1;;47,80;0;2;2;-1;-1;-1;-1;-1;2;2;0;0;-1;-1;-1;-1;-1;-1;-1;-1;-1;-1;2;2;0;0;0;0;0;0;0;0;0;0;0;0;0;0;0;0;0;0;0;0;0;0;0;0;0;0;0;0;0;0;0;0;0;0;0;0;0;0;0;0;0;0;0;0;0;0;0;0;0;0;0;0;0;0;0;0;0;0;0;0;0;0;0;0;0;0;0;0;2;0;0;0;2;2;0;2009-12-31 07:00:00;609;0;57;21;22;0;-1;1;-1;-1;-1;-1;-1;-1;0;0;2;2;0;4;-1;0;0;0;0;0;0;0;0;1;0;1;0;0;1;1;0;0;-1;-1;0;0;-1;-1;-1;-1;-1;-1;-1;-1;-1;16;21;37;74;79;26;57;69;43;0;0;3.38;2.25;Central Coast Mariners;Wellington Phoenix;1.23;0.93;1.22;0.8;1.2;1.16;85;80;63;27;22;0;0;0;0;0;0;4326;27;Y;Y;N;N;N;N;N
922622;609;604;2009/2010;complete;57045;0;-1;26,56,62;88;3;1;4;-1;-1;-1;-1;-1;2;1;0;0;-1;-1;-1;-1;-1;-1;-1;-1;-1;-1;2;1;0;0;0;0;0;0;0;0;0;0;0;0;0;0;0;0;0;0;0;0;0;0;0;0;0;0;0;0;0;0;0;0;0;0;0;0;0;0;0;0;0;0;0;0;0;0;0;0;0;0;0;0;0;0;0;0;0;0;0;0;0;0;0;0;0;0;0;0;4;1;0;2;1;3;1;2010-01-09 06:00:00;609;0;67;33;28;0;-1;1;-1;-1;-1;-1;-1;-1;0;0;2;1;0;3;-1;0;0;0;0;0;0;0;0;0;0;0;0;0;1;1;0;0;-1;-1;0;0;-1;-1;-1;-1;-1;-1;-1;-1;-1;22;22;50;89;95;39;73;84;50;0;0;4.89;2.95;Wellington Phoenix;Brisbane Roar;2;1;1.56;1.33;1.25;1.24;78;78;50;11;6;0;0;0;0;0;0;4326;27;Y;Y;Y;Y;N;N;Y
922624;603;5564;2009/2010;complete;57045;0;-1;3;20;1;1;2;-1;-1;-1;-1;-1;-1;-1;-1;-1;-1;-1;-1;-1;-1;-1;-1;-1;-1;-1;-1;-1;0;0;0;0;0;0;0;0;0;0;0;0;0;0;0;0;0;0;0;0;0;0;0;0;0;0;0;0;0;0;0;0;0;0;0;0;0;0;0;0;0;0;0;0;0;0;0;0;0;0;0;0;0;0;0;0;0;0;0;0;0;0;0;0;0;0;0;0;2;1;1;0;0;0;2;2010-01-09 08:00:00;-1;0;48;14;33;0;-1;-1;-1;-1;-1;-1;-1;-1;-1;-1;-1;-1;-1;-1;-1;0;0;0;0;0;0;0;0;0;0;0;0;0;1;1;1;0;-1;-1;-1;-1;-1;-1;-1;-1;-1;-1;-1;-1;-1;23;23;38;81;85;23;52;81;62;0;0;3.7;2.55;Central Coast Mariners;Northern Fury FC;1.23;0.79;1.1;0.91;1.14;1.14;77;77;62;20;15;0;0;0;0;0;0;4326;27;Y;Y;N;N;N;N;Y
922626;6426;601;2009/2010;complete;57045;0;-1;90;20;1;1;2;-1;-1;-1;-1;-1;2;0;0;0;-1;-1;-1;-1;-1;-1;-1;-1;-1;-1;2;0;0;0;0;0;0;0;0;0;0;0;0;0;0;0;0;0;0;0;0;0;0;0;0;0;0;0;0;0;0;0;0;0;0;0;0;0;0;0;0;0;0;0;0;0;0;0;0;0;0;0;0;0;0;0;0;0;0;0;0;0;0;0;0;0;0;0;0;0;2;0;1;1;0;1;1;2010-01-09 10:00:00;-1;0;42;16;21;0;-1;1;-1;-1;-1;-1;-1;-1;1;0;1;0;1;1;-1;0;0;0;0;0;0;0;0;0;0;0;0;0;1;1;0;0;-1;-1;0;0;-1;-1;-1;-1;-1;-1;-1;-1;-1;15;21;41;62;90;16;57;79;47;0;0;2.92;2.34;Gold Coast United FC;Adelaide United;2;0.92;2.2;0.89;1.65;1.05;85;80;59;38;11;0;0;0;0;0;0;4326;27;Y;Y;N;N;N;N;Y
922627;605;607;2009/2010;complete;57045;0;-1;27,45,56;35,90;3;2;5;-1;-1;-1;-1;-1;3;2;1;0;-1;-1;-1;-1;-1;-1;-1;-1;-1;-1;4;2;0;0;0;0;0;0;0;0;0;0;0;0;0;0;0;0;0;0;0;0;0;0;0;0;0;0;0;0;0;0;0;0;0;0;0;0;0;0;0;0;0;0;0;0;0;0;0;0;0;0;0;0;0;0;0;0;0;0;0;0;0;0;0;0;0;0;0;0;5;2;1;1;1;2;3;2010-01-10 06:00:00;605;0;50;35;15;0;-1;1;-1;-1;-1;-1;-1;-1;3;1;1;1;4;2;-1;0;0;0;0;0;0;0;0;1;0;1;0;0;1;1;0;0;-1;-1;0;0;-1;-1;-1;-1;-1;-1;-1;-1;-1;20;30;55;70;100;40;80;70;35;0;0;4.09;2.75;Newcastle Jets FC;Melbourne Victory FC;1.62;1.64;1.8;2.2;1.4;1.75;80;70;45;30;0;0;0;0;0;0;0;4326;29;Y;Y;Y;Y;Y;N;Y
922629;600;606;2009/2010;complete;57045;0;-1;;;0;0;0;-1;-1;-1;-1;-1;-1;-1;-1;-1;-1;-1;-1;-1;-1;-1;-1;-1;-1;-1;-1;-1;0;0;0;0;0;0;0;0;0;0;0;0;0;0;0;0;0;0;0;0;0;0;0;0;0;0;0;0;0;0;0;0;0;0;0;0;0;0;0;0;0;0;0;0;0;0;0;0;0;0;0;0;0;0;0;0;0;0;0;0;0;0;0;0;0;0;0;0;0;0;0;0;0;0;0;2010-01-10 08:00:00;-1;0;43;16;26;0;-1;-1;-1;-1;-1;-1;-1;-1;-1;-1;-1;-1;-1;-1;-1;0;0;0;0;0;0;0;0;0;0;0;0;0;1;1;0;0;-1;-1;-1;-1;-1;-1;-1;-1;-1;-1;-1;-1;-1;5;16;42;70;90;32;58;75;42;0;0;4.11;2.23;Perth Glory FC;Sydney FC;2.15;1.07;2;1.1;1.3;1.81;95;84;58;31;10;0;0;0;0;0;0;4326;28;N;N;N;N;N;N;N
922631;6426;605;2009/2010;complete;57045;0;-1;33,37;;2;0;2;-1;-1;-1;-1;-1;1;1;0;0;-1;-1;-1;-1;-1;-1;-1;-1;-1;-1;1;1;0;0;0;0;0;0;0;0;0;0;0;0;0;0;0;0;0;0;0;0;0;0;0;0;0;0;0;0;0;0;0;0;0;0;0;0;0;0;0;0;0;0;0;0;0;0;0;0;0;0;0;0;0;0;0;0;0;0;0;0;0;0;0;0;0;0;0;0;2;2;0;0;0;0;2;2010-01-13 09:30:00;6426;0;58;19;19;0;-1;1;-1;-1;-1;-1;-1;-1;1;0;0;1;1;1;-1;0;0;0;0;0;0;0;0;0;0;0;0;0;1;1;0;0;-1;-1;0;0;-1;-1;-1;-1;-1;-1;-1;-1;-1;14;24;48;91;96;24;86;86;43;0;0;4.33;2.76;Gold Coast United FC;Newcastle Jets FC;2;0.88;2.09;1;1.62;1.48;87;77;53;9;5;0;0;0;0;0;0;4326;28;Y;Y;N;N;N;N;N
922633;609;5564;2009/2010;complete;57045;0;-1;47,78,90;;3;0;3;-1;-1;-1;-1;-1;2;3;0;0;-1;-1;-1;-1;-1;-1;-1;-1;-1;-1;2;3;0;0;0;0;0;0;0;0;0;0;0;0;0;0;0;0;0;0;0;0;0;0;0;0;0;0;0;0;0;0;0;0;0;0;0;0;0;0;0;0;0;0;0;0;0;0;0;0;0;0;0;0;0;0;0;0;0;0;0;0;0;0;0;0;0;0;0;0;3;0;0;3;0;3;0;2010-01-15 06:30:00;609;0;59;23;32;0;-1;1;-1;-1;-1;-1;-1;-1;1;1;1;2;2;3;-1;0;0;0;0;0;0;0;0;0;0;0;0;0;1;1;0;0;-1;-1;0;0;-1;-1;-1;-1;-1;-1;-1;-1;-1;22;27;37;86;95;31;69;77;54;0;0;4.4;2.75;Wellington Phoenix;Northern Fury FC;2;0.79;1.7;0.92;1.33;1.14;79;74;64;14;5;0;0;0;0;0;0;4326;27;Y;Y;Y;N;N;N;N
922635;601;603;2009/2010;complete;57045;0;-1;43;39;1;1;2;-1;-1;-1;-1;-1;3;2;0;0;-1;-1;-1;-1;-1;-1;-1;-1;-1;-1;3;2;0;0;0;0;0;0;0;0;0;0;0;0;0;0;0;0;0;0;0;0;0;0;0;0;0;0;0;0;0;0;0;0;0;0;0;0;0;0;0;0;0;0;0;0;0;0;0;0;0;0;0;0;0;0;0;0;0;0;0;0;0;0;0;0;0;0;0;0;2;1;1;0;0;0;2;2010-01-15 09:00:00;-1;0;36;9;23;0;-1;1;-1;-1;-1;-1;-1;-1;0;0;3;2;0;5;-1;0;0;0;0;0;0;0;0;1;0;1;0;0;1;1;0;0;-1;-1;0;0;-1;-1;-1;-1;-1;-1;-1;-1;-1;9;14;32;69;96;23;87;59;32;0;0;3.97;2.27;Adelaide United;Central Coast Mariners;1.21;1;1.18;1.18;1.05;1.14;91;87;69;32;5;0;0;0;0;0;0;4326;27;Y;Y;N;N;N;N;Y
922637;607;600;2009/2010;complete;57045;0;-1;5,13,27,40,81,82;20,53;6;2;8;-1;-1;-1;-1;-1;0;2;0;0;-1;-1;-1;-1;-1;-1;-1;-1;-1;-1;0;2;0;0;0;0;0;0;0;0;0;0;0;0;0;0;0;0;0;0;0;0;0;0;0;0;0;0;0;0;0;0;0;0;0;0;0;0;0;0;0;0;0;0;0;0;0;0;0;0;0;0;0;0;0;0;0;0;0;0;0;0;0;0;0;0;0;0;0;0;8;4;1;2;1;3;5;2010-01-16 08:00:00;607;0;53;20;23;0;-1;1;-1;-1;-1;-1;-1;-1;0;2;0;0;2;0;-1;0;0;0;0;0;0;0;1;0;1;0;0;0;1;1;1;0;-1;-1;0;0;-1;-1;-1;-1;-1;-1;-1;-1;-1;10;25;53;77;91;39;82;67;43;0;0;3.22;2.64;Melbourne Victory FC;Perth Glory FC;1.81;0.8;1.3;0.73;1.67;1.29;91;76;48;23;10;0;0;0;0;0;0;4326;28;Y;Y;Y;Y;Y;Y;Y
922638;604;605;2009/2010;complete;57045;0;-1;;50,56;0;2;2;-1;-1;-1;-1;-1;1;0;0;0;-1;-1;-1;-1;-1;-1;-1;-1;-1;-1;1;0;0;0;0;0;0;0;0;0;0;0;0;0;0;0;0;0;0;0;0;0;0;0;0;0;0;0;0;0;0;0;0;0;0;0;0;0;0;0;0;0;0;0;0;0;0;0;0;0;0;0;0;0;0;0;0;0;0;0;0;0;0;0;0;0;0;0;0;0;2;0;0;0;2;2;0;2010-01-16 10:00:00;605;0;49;18;18;0;-1;1;-1;-1;-1;-1;-1;-1;0;0;1;0;0;1;-1;0;0;0;0;0;0;0;0;1;0;1;0;0;1;1;0;0;-1;-1;0;0;-1;-1;-1;-1;-1;-1;-1;-1;-1;9;22;35;79;100;39;87;70;26;0;0;5.12;2.49;Brisbane Roar;Newcastle Jets FC;1.21;0.88;1.17;0.91;1.18;1.41;92;79;66;21;0;0;0;0;0;0;0;4326;27;Y;Y;N;N;N;N;N
922640;606;6426;2009/2010;complete;57045;0;-1;;19;0;1;1;-1;-1;-1;-1;-1;2;3;0;0;-1;-1;-1;-1;-1;-1;-1;-1;-1;-1;2;3;0;0;0;0;0;0;0;0;0;0;0;0;0;0;0;0;0;0;0;0;0;0;0;0;0;0;0;0;0;0;0;0;0;0;0;0;0;0;0;0;0;0;0;0;0;0;0;0;0;0;0;0;0;0;0;0;0;0;0;0;0;0;0;0;0;0;0;0;1;0;1;0;0;0;1;2010-01-17 06:00:00;6426;0;43;10;29;0;-1;1;-1;-1;-1;-1;-1;-1;1;0;1;3;1;4;-1;0;0;0;0;0;0;0;0;0;0;0;0;0;1;1;0;0;-1;-1;0;0;-1;-1;-1;-1;-1;-1;-1;-1;-1;15;39;53;68;100;29;73;81;53;0;0;4.17;2.78;Sydney FC;Gold Coast United FC;2.31;1.15;2.45;1.1;1.77;1.68;86;62;48;33;0;0;0;0;0;0;0;4326;28;Y;N;N;N;N;N;N
922642;601;600;2009/2010;complete;57045;0;-1;14,53;62,69,77;2;3;5;-1;-1;-1;-1;-1;2;3;1;0;-1;-1;-1;-1;-1;-1;-1;-1;-1;-1;4;3;0;0;0;0;0;0;0;0;0;0;0;0;0;0;0;0;0;0;0;0;0;0;0;0;0;0;0;0;0;0;0;0;0;0;0;0;0;0;0;0;0;0;0;0;0;0;0;0;0;0;0;0;0;0;0;0;0;0;0;0;0;0;0;0;0;0;0;0;5;1;0;1;3;4;1;2010-01-19 09:00:00;600;0;54;17;38;0;-1;1;-1;-1;-1;-1;-1;-1;0;2;3;1;2;4;-1;0;0;0;0;0;0;0;0;0;0;0;0;0;1;1;0;0;-1;-1;0;0;-1;-1;-1;-1;-1;-1;-1;-1;-1;13;13;34;75;96;21;79;75;42;0;0;3.75;2.5;Adelaide United;Perth Glory FC;1.21;0.8;1.17;0.67;1.05;1.23;88;88;67;25;4;0;0;0;0;0;0;4326;27;Y;Y;Y;Y;Y;N;Y
922644;603;6426;2009/2010;complete;57045;0;-1;68;66;1;1;2;-1;-1;-1;-1;-1;3;0;1;0;-1;-1;-1;-1;-1;-1;-1;-1;-1;-1;4;0;0;0;0;0;0;0;0;0;0;0;0;0;0;0;0;0;0;0;0;0;0;0;0;0;0;0;0;0;0;0;0;0;0;0;0;0;0;0;0;0;0;0;0;0;0;0;0;0;0;0;0;0;0;0;0;0;0;0;0;0;0;0;0;0;0;0;0;0;2;0;0;1;1;2;0;2010-01-22 09:00:00;-1;0;41;14;27;0;-1;1;-1;-1;-1;-1;-1;-1;1;0;3;0;1;3;-1;0;0;0;0;0;0;0;1;0;1;0;0;0;1;1;0;0;-1;-1;0;0;-1;-1;-1;-1;-1;-1;-1;-1;-1;14;27;46;73;87;23;68;69;60;0;0;4.5;2.5;Central Coast Mariners;Gold Coast United FC;1.23;1.15;1.09;1.27;1.13;1.74;87;73;55;27;14;0;0;0;0;0;0;4326;27;Y;Y;N;N;N;N;Y
922646;600;609;2009/2010;complete;57045;0;-1;23,42;;2;0;2;-1;-1;-1;-1;-1;2;4;0;0;-1;-1;-1;-1;-1;-1;-1;-1;-1;-1;2;4;0;0;0;0;0;0;0;0;0;0;0;0;0;0;0;0;0;0;0;0;0;0;0;0;0;0;0;0;0;0;0;0;0;0;0;0;0;0;0;0;0;0;0;0;0;0;0;0;0;0;0;0;0;0;0;0;0;0;0;0;0;0;0;0;0;0;0;0;2;2;0;0;0;0;2;2010-01-22 11:00:00;600;0;57;24;15;0;-1;1;-1;-1;-1;-1;-1;-1;0;2;2;2;2;4;-1;0;0;0;0;0;0;0;0;0;0;0;0;0;1;1;0;0;-1;-1;0;1;-1;-1;-1;-1;-1;-1;-1;-1;-1;9;24;34;81;91;38;57;82;38;0;0;3.64;2.38;Perth Glory FC;Wellington Phoenix;2.15;0.93;1.9;1;1.3;1.41;91;77;67;19;10;0;0;0;0;0;0;4326;28;Y;Y;N;N;N;N;N
922648;607;601;2009/2010;complete;57045;0;-1;1,90;;2;0;2;-1;-1;-1;-1;-1;2;4;0;0;-1;-1;-1;-1;-1;-1;-1;-1;-1;-1;2;4;0;0;0;0;0;0;0;0;0;0;0;0;0;0;0;0;0;0;0;0;0;0;0;0;0;0;0;0;0;0;0;0;0;0;0;0;0;0;0;0;0;0;0;0;0;0;0;0;0;0;0;0;0;0;0;0;0;0;0;0;0;0;0;0;0;0;0;0;2;1;0;1;0;1;1;2010-01-23 08:00:00;607;0;48;23;19;0;-1;1;-1;-1;-1;-1;-1;-1;1;2;1;2;3;3;-1;0;0;0;0;0;0;0;1;0;1;0;0;0;1;1;1;0;-1;-1;0;0;-1;-1;-1;-1;-1;-1;-1;-1;-1;9;28;42;71;91;37;66;72;38;0;0;2.2;2.58;Melbourne Victory FC;Adelaide United;1.81;0.92;1.45;0.9;1.73;1;91;73;58;30;10;0;0;0;0;0;0;4326;27;Y;Y;N;N;N;N;N
922649;5564;604;2009/2010;complete;57045;0;-1;55;48;1;1;2;-1;-1;-1;-1;-1;0;2;0;0;-1;-1;-1;-1;-1;-1;-1;-1;-1;-1;0;2;0;0;0;0;0;0;0;0;0;0;0;0;0;0;0;0;0;0;0;0;0;0;0;0;0;0;0;0;0;0;0;0;0;0;0;0;0;0;0;0;0;0;0;0;0;0;0;0;0;0;0;0;0;0;0;0;0;0;0;0;0;0;0;0;0;0;0;0;2;0;0;1;1;2;0;2010-01-23 10:00:00;-1;0;70;25;35;0;-1;1;-1;-1;-1;-1;-1;-1;0;2;0;0;2;0;-1;0;0;0;0;0;0;0;0;0;0;0;0;0;1;1;0;0;-1;-1;0;1;-1;-1;-1;-1;-1;-1;-1;-1;-1;25;30;55;85;100;35;85;85;55;0;0;4.2;3.1;Northern Fury FC;Brisbane Roar;1.62;1;1.4;1.2;1.09;1.13;75;70;45;15;0;0;0;0;0;0;0;4326;27;Y;Y;N;N;N;N;Y
922651;605;606;2009/2010;complete;57045;0;-1;33;45,50,90;1;3;4;-1;-1;-1;-1;-1;1;3;0;0;-1;-1;-1;-1;-1;-1;-1;-1;-1;-1;1;3;0;0;0;0;0;0;0;0;0;0;0;0;0;0;0;0;0;0;0;0;0;0;0;0;0;0;0;0;0;0;0;0;0;0;0;0;0;0;0;0;0;0;0;0;0;0;0;0;0;0;0;0;0;0;0;0;0;0;0;0;0;0;0;0;0;0;0;0;4;1;1;0;2;2;2;2010-01-24 06:00:00;606;0;41;27;27;0;-1;1;-1;-1;-1;-1;-1;-1;1;1;0;2;2;2;-1;0;0;0;0;0;0;0;0;0;0;0;0;0;1;1;0;0;-1;-1;0;0;-1;-1;-1;-1;-1;-1;-1;-1;-1;23;27;50;59;87;37;69;59;41;0;0;4.21;2.46;Newcastle Jets FC;Sydney FC;1.62;1.07;1.91;1.09;1.48;1.7;78;73;50;41;14;0;0;0;0;0;0;4326;29;Y;Y;Y;Y;N;N;Y
922653;607;609;2009/2010;complete;57045;0;-1;17,51,65,88;;4;0;4;-1;-1;-1;-1;-1;1;2;0;0;-1;-1;-1;-1;-1;-1;-1;-1;-1;-1;1;2;0;0;0;0;0;0;0;0;0;0;0;0;0;0;0;0;0;0;0;0;0;0;0;0;0;0;0;0;0;0;0;0;0;0;0;0;0;0;0;0;0;0;0;0;0;0;0;0;0;0;0;0;0;0;0;0;0;0;0;0;0;0;0;0;0;0;0;0;4;1;0;3;0;3;1;2010-01-26 07:00:00;607;0;54;29;13;0;-1;1;-1;-1;-1;-1;-1;-1;0;2;1;0;2;1;-1;0;0;0;0;0;0;0;0;0;0;0;0;0;1;1;0;0;-1;-1;0;0;-1;-1;-1;-1;-1;-1;-1;-1;-1;17;34;42;88;92;50;80;67;38;0;0;3.01;2.88;Melbourne Victory FC;Wellington Phoenix;1.81;0.93;1.58;0.92;1.78;1.35;83;67;59;13;8;0;0;0;0;0;0;4326;30;Y;Y;Y;Y;N;N;N
922655;6426;607;2009/2010;complete;57045;0;-1;77;;1;0;1;-1;-1;-1;-1;-1;4;3;0;0;-1;-1;-1;-1;-1;-1;-1;-1;-1;-1;4;3;0;0;0;0;0;0;0;0;0;0;0;0;0;0;0;0;0;0;0;0;0;0;0;0;0;0;0;0;0;0;0;0;0;0;0;0;0;0;0;0;0;0;0;0;0;0;0;0;0;0;0;0;0;0;0;0;0;0;0;0;0;0;0;0;0;0;0;0;1;0;0;1;0;1;0;2010-01-29 09:30:00;6426;0;53;27;18;0;-1;1;-1;-1;-1;-1;-1;-1;2;0;2;3;2;5;-1;0;0;0;0;0;0;0;0;0;0;0;0;0;1;1;0;0;-1;-1;0;0;-1;-1;-1;-1;-1;-1;-1;-1;-1;22;26;53;78;96;31;83;74;43;0;0;3.85;2.78;Gold Coast United FC;Melbourne Victory FC;2;1.64;2.17;2;1.71;1.83;79;74;48;22;4;0;0;0;0;0;0;4326;28;Y;N;N;N;N;N;N
922657;609;601;2009/2010;complete;57045;0;-1;22;;1;0;1;-1;-1;-1;-1;-1;3;2;0;0;-1;-1;-1;-1;-1;-1;-1;-1;-1;-1;3;2;0;0;0;0;0;0;0;0;0;0;0;0;0;0;0;0;0;0;0;0;0;0;0;0;0;0;0;0;0;0;0;0;0;0;0;0;0;0;0;0;0;0;0;0;0;0;0;0;0;0;0;0;0;0;0;0;0;0;0;0;0;0;0;0;0;0;0;0;1;1;0;0;0;0;1;2010-01-30 06:00:00;609;0;46;14;23;0;-1;1;-1;-1;-1;-1;-1;-1;1;2;2;0;3;2;-1;0;0;0;0;0;0;0;0;0;0;0;0;0;1;1;0;0;-1;-1;0;0;-1;-1;-1;-1;-1;-1;-1;-1;-1;5;14;32;69;91;14;55;78;41;0;0;3.81;2.14;Wellington Phoenix;Adelaide United;2;0.92;1.82;0.82;1.29;0.96;96;87;69;32;9;0;0;0;0;0;0;4326;27;Y;N;N;N;N;N;N
922659;604;606;2009/2010;complete;57045;0;-1;88;;1;0;1;-1;-1;-1;-1;-1;1;3;0;0;-1;-1;-1;-1;-1;-1;-1;-1;-1;-1;1;3;0;0;0;0;0;0;0;0;0;0;0;0;0;0;0;0;0;0;0;0;0;0;0;0;0;0;0;0;0;0;0;0;0;0;0;0;0;0;0;0;0;0;0;0;0;0;0;0;0;0;0;0;0;0;0;0;0;0;0;0;0;0;0;0;0;0;0;0;1;0;0;1;0;1;0;2010-01-30 08:00:00;604;0;36;16;20;0;-1;1;-1;-1;-1;-1;-1;-1;0;0;1;3;0;4;-1;0;0;0;0;0;0;0;0;0;0;0;0;0;1;1;0;0;-1;-1;0;0;-1;-1;-1;-1;-1;-1;-1;-1;-1;12;20;37;56;88;32;68;56;37;0;0;4.74;2.15;Brisbane Roar;Sydney FC;1.21;1.07;1.08;1.25;1.13;1.75;89;80;64;44;13;0;0;0;0;0;0;4326;27;Y;N;N;N;N;N;N
922661;600;603;2009/2010;complete;57045;0;-1;1,13,45;49;3;1;4;-1;-1;-1;-1;-1;3;1;0;0;-1;-1;-1;-1;-1;-1;-1;-1;-1;-1;3;1;0;0;0;0;0;0;0;0;0;0;0;0;0;0;0;0;0;0;0;0;0;0;0;0;0;0;0;0;0;0;0;0;0;0;0;0;0;0;0;0;0;0;0;0;0;0;0;0;0;0;0;0;0;0;0;0;0;0;0;0;0;0;0;0;0;0;0;0;4;3;0;0;1;1;3;2010-01-31 08:00:00;600;0;39;18;13;0;-1;1;-1;-1;-1;-1;-1;-1;0;0;3;1;0;4;-1;0;0;0;0;0;0;0;0;0;0;0;0;0;1;1;1;0;-1;-1;0;0;-1;-1;-1;-1;-1;-1;-1;-1;-1;4;18;39;70;92;44;74;58;31;0;0;4.3;2.26;Perth Glory FC;Central Coast Mariners;2.15;1;2;1.17;1.38;1.13;96;83;61;30;9;0;0;0;0;0;0;4326;27;Y;Y;Y;Y;N;N;Y
922662;5564;605;2009/2010;complete;57045;0;-1;39,80;19;2;1;3;-1;-1;-1;-1;-1;2;0;0;0;-1;-1;-1;-1;-1;-1;-1;-1;-1;-1;2;0;0;0;0;0;0;0;0;0;0;0;0;0;0;0;0;0;0;0;0;0;0;0;0;0;0;0;0;0;0;0;0;0;0;0;0;0;0;0;0;0;0;0;0;0;0;0;0;0;0;0;0;0;0;0;0;0;0;0;0;0;0;0;0;0;0;0;0;0;3;1;1;1;0;1;2;2010-02-02 09:30:00;5564;0;57;13;27;0;-1;1;-1;-1;-1;-1;-1;-1;2;0;0;0;2;0;-1;0;0;0;0;0;0;0;0;0;0;0;0;0;1;1;0;0;-1;-1;0;0;-1;-1;-1;-1;-1;-1;-1;-1;-1;9;18;35;87;100;26;83;78;44;0;0;4.03;2.53;Northern Fury FC;Newcastle Jets FC;1.62;0.88;1.36;1.08;1.08;1.42;91;83;66;14;0;0;0;0;0;0;0;4326;27;Y;Y;Y;N;N;N;Y
922664;607;5564;2009/2010;complete;57045;0;-1;35,66;;2;0;2;-1;-1;-1;-1;-1;0;1;0;0;-1;-1;-1;-1;-1;-1;-1;-1;-1;-1;0;1;0;0;0;0;0;0;0;0;0;0;0;0;0;0;0;0;0;0;0;0;0;0;0;0;0;0;0;0;0;0;0;0;0;0;0;0;0;0;0;0;0;0;0;0;0;0;0;0;0;0;0;0;0;0;0;0;0;0;0;0;0;0;0;0;0;0;0;0;2;1;0;1;0;1;1;2010-02-05 09:00:00;607;0;50;27;23;0;-1;1;-1;-1;-1;-1;-1;-1;0;0;0;1;0;1;-1;0;0;0;0;0;0;0;0;0;0;0;0;0;1;1;0;0;-1;-1;0;0;-1;-1;-1;-1;-1;-1;-1;-1;-1;23;39;50;92;96;46;77;77;54;0;0;3.17;3.19;Melbourne Victory FC;Northern Fury FC;1.81;0.79;1.69;0.85;1.76;1.16;77;62;50;8;4;0;0;0;0;0;0;4326;27;Y;Y;N;N;N;N;N
922666;601;604;2009/2010;complete;57045;0;-1;7,51;;2;0;2;-1;-1;-1;-1;-1;2;1;0;1;-1;-1;-1;-1;-1;-1;-1;-1;-1;-1;2;2;0;0;0;0;0;0;0;0;0;0;0;0;0;0;0;0;0;0;0;0;0;0;0;0;0;0;0;0;0;0;0;0;0;0;0;0;0;0;0;0;0;0;0;0;0;0;0;0;0;0;0;0;0;0;0;0;0;0;0;0;0;0;0;0;0;0;0;0;2;1;0;1;0;1;1;2010-02-06 09:00:00;601;0;68;26;42;0;-1;1;-1;-1;-1;-1;-1;-1;1;0;1;2;1;3;-1;0;0;0;0;0;0;0;0;0;0;0;0;0;1;1;1;0;-1;-1;0;0;-1;-1;-1;-1;-1;-1;-1;-1;-1;21;26;44;93;100;30;79;89;51;0;0;4.1;2.96;Adelaide United;Brisbane Roar;1.21;1;1.08;1.18;0.92;1.2;79;75;57;8;0;0;0;0;0;0;0;4326;27;Y;Y;N;N;N;N;N
922668;606;600;2009/2010;complete;57045;0;-1;24,48,87;45,79;3;2;5;-1;-1;-1;-1;-1;0;3;0;0;-1;-1;-1;-1;-1;-1;-1;-1;-1;-1;0;3;0;0;0;0;0;0;0;0;0;0;0;0;0;0;0;0;0;0;0;0;0;0;0;0;0;0;0;0;0;0;0;0;0;0;0;0;0;0;0;0;0;0;0;0;0;0;0;0;0;0;0;0;0;0;0;0;0;0;0;0;0;0;0;0;0;0;0;0;5;1;1;2;1;3;2;2010-02-07 06:00:00;606;0;52;12;36;0;-1;1;-1;-1;-1;-1;-1;-1;0;1;0;2;1;2;-1;0;0;0;0;0;0;0;1;0;1;0;0;0;1;1;0;0;-1;-1;0;0;-1;-1;-1;-1;-1;-1;-1;-1;-1;16;24;48;60;96;24;68;76;44;0;0;3.63;2.59;Sydney FC;Perth Glory FC;2.31;0.8;2.25;0.85;1.68;1.44;85;76;52;41;4;0;0;0;0;0;0;4326;28;Y;Y;Y;Y;Y;N;Y
922670;6426;609;2009/2010;complete;57045;0;-1;;45;0;1;1;-1;-1;-1;-1;-1;3;2;0;0;-1;-1;-1;-1;-1;-1;-1;-1;-1;-1;3;2;0;0;0;0;0;0;0;0;0;0;0;0;0;0;0;0;0;0;0;0;0;0;0;0;0;0;0;0;0;0;0;0;0;0;0;0;0;0;0;0;0;0;0;0;0;0;0;0;0;0;0;0;0;0;0;0;0;0;0;0;0;0;0;0;0;0;0;0;1;0;1;0;0;0;1;2010-02-07 08:00:00;609;0;50;19;12;0;-1;1;-1;-1;-1;-1;-1;-1;3;2;0;0;5;0;-1;0;0;0;0;0;0;0;0;1;0;1;0;0;1;1;0;0;-1;-1;0;0;-1;-1;-1;-1;-1;-1;-1;-1;-1;19;27;39;81;92;31;73;73;42;0;0;3.7;2.62;Gold Coast United FC;Wellington Phoenix;2;0.93;2.23;0.85;1.76;1.36;81;73;62;19;8;0;0;0;0;0;0;4326;28;Y;N;N;N;N;N;N
922672;603;605;2009/2010;complete;57045;0;-1;17,50,72;;3;0;3;-1;-1;-1;-1;-1;1;2;1;1;-1;-1;-1;-1;-1;-1;-1;-1;-1;-1;2;3;0;0;0;0;0;0;0;0;0;0;0;0;0;0;0;0;0;0;0;0;0;0;0;0;0;0;0;0;0;0;0;0;0;0;0;0;0;0;0;0;0;0;0;0;0;0;0;0;0;0;0;0;0;0;0;0;0;0;0;0;0;0;0;0;0;0;0;0;3;1;0;2;0;2;1;2010-02-08 08:30:00;603;0;52;20;24;0;-1;1;-1;-1;-1;-1;-1;-1;0;0;2;3;0;5;-1;0;0;0;0;0;0;0;0;0;0;0;0;0;1;1;0;0;-1;-1;0;0;-1;-1;-1;-1;-1;-1;-1;-1;-1;4;12;36;88;88;28;64;76;45;0;0;4.08;2.27;Central Coast Mariners;Newcastle Jets FC;1.23;0.88;1.08;1;1.08;1.36;96;89;65;13;13;0;0;0;0;0;0;4326;27;Y;Y;Y;N;N;N;N
922674;609;603;2009/2010;complete;57045;0;-1;14,79,80;;3;0;3;-1;-1;-1;-1;-1;2;2;0;0;-1;-1;-1;-1;-1;-1;-1;-1;-1;-1;2;2;0;0;0;0;0;0;0;0;0;0;0;0;0;0;0;0;0;0;0;0;0;0;0;0;0;0;0;0;0;0;0;0;0;0;0;0;0;0;0;0;0;0;0;0;0;0;0;0;0;0;0;0;0;0;0;0;0;0;0;0;0;0;0;0;0;0;0;0;3;1;0;2;0;2;1;2010-02-12 06:30:00;609;0;44;16;17;0;-1;1;-1;-1;-1;-1;-1;-1;0;0;2;2;0;4;-1;0;0;0;0;0;0;0;0;0;0;0;0;0;1;1;0;0;-1;-1;0;0;-1;-1;-1;-1;-1;-1;-1;-1;-1;8;20;44;69;92;32;80;53;37;0;0;4.68;2.4;Wellington Phoenix;Central Coast Mariners;2;1;1.92;1.08;1.42;1.15;92;80;56;32;8;0;0;0;0;0;0;4326;27;Y;Y;Y;N;N;N;N
922676;605;601;2009/2010;complete;57045;0;-1;41;8,74;1;2;3;-1;-1;-1;-1;-1;1;0;0;0;-1;-1;-1;-1;-1;-1;-1;-1;-1;-1;1;0;0;0;0;0;0;0;0;0;0;0;0;0;0;0;0;0;0;0;0;0;0;0;0;0;0;0;0;0;0;0;0;0;0;0;0;0;0;0;0;0;0;0;0;0;0;0;0;0;0;0;0;0;0;0;0;0;0;0;0;0;0;0;0;0;0;0;0;0;3;1;1;0;1;1;2;2010-02-12 09:00:00;601;0;46;29;21;0;-1;1;-1;-1;-1;-1;-1;-1;0;0;1;0;0;1;-1;0;0;0;0;0;0;0;0;0;0;0;0;0;1;1;0;1;-1;-1;0;0;-1;-1;-1;-1;-1;-1;-1;-1;-1;17;29;42;63;96;33;67;75;38;0;0;3.42;2.46;Newcastle Jets FC;Adelaide United;1.62;0.92;1.75;0.75;1.31;1;84;71;58;38;4;0;0;0;0;0;0;4326;27;Y;Y;Y;N;N;N;Y
922678;600;604;2009/2010;complete;57045;0;-1;9,72;;2;0;2;-1;-1;-1;-1;-1;0;1;0;0;-1;-1;-1;-1;-1;-1;-1;-1;-1;-1;0;1;0;0;0;0;0;0;0;0;0;0;0;0;0;0;0;0;0;0;0;0;0;0;0;0;0;0;0;0;0;0;0;0;0;0;0;0;0;0;0;0;0;0;0;0;0;0;0;0;0;0;0;0;0;0;0;0;0;0;0;0;0;0;0;0;0;0;0;0;2;1;0;1;0;1;1;2010-02-13 08:10:00;600;0;63;25;30;0;-1;1;-1;-1;-1;-1;-1;-1;0;1;0;0;1;0;-1;0;0;0;0;0;0;0;0;0;0;0;0;0;1;1;1;0;-1;-1;0;0;-1;-1;-1;-1;-1;-1;-1;-1;-1;13;29;50;92;96;46;67;92;46;0;0;4.26;2.88;Perth Glory FC;Brisbane Roar;2.15;1;2.08;1.08;1.38;1.15;88;71;50;9;4;0;0;0;0;0;0;4326;27;Y;Y;N;N;N;N;N
922679;5564;6426;2009/2010;complete;57045;0;-1;7,83;67;2;1;3;-1;-1;-1;-1;-1;4;4;0;0;-1;-1;-1;-1;-1;-1;-1;-1;-1;-1;4;4;0;0;0;0;0;0;0;0;0;0;0;0;0;0;0;0;0;0;0;0;0;0;0;0;0;0;0;0;0;0;0;0;0;0;0;0;0;0;0;0;0;0;0;0;0;0;0;0;0;0;0;0;0;0;0;0;0;0;0;0;0;0;0;0;0;0;0;0;3;1;0;1;1;2;1;2010-02-13 10:10:00;5564;0;55;13;33;0;-1;1;-1;-1;-1;-1;-1;-1;0;2;4;2;2;6;-1;0;0;0;0;0;0;0;0;0;0;0;0;0;1;1;1;0;-1;-1;0;0;-1;-1;-1;-1;-1;-1;-1;-1;-1;17;30;46;75;100;25;83;75;59;0;0;4.25;2.75;Northern Fury FC;Gold Coast United FC;1.62;1.15;1.5;1.25;1.12;1.69;83;71;54;25;0;0;0;0;0;0;0;4326;27;Y;Y;Y;N;N;N;Y
922681;606;607;2009/2010;complete;57045;0;-1;34,49;;2;0;2;-1;-1;-1;-1;-1;1;3;0;0;-1;-1;-1;-1;-1;-1;-1;-1;-1;-1;1;3;0;0;0;0;0;0;0;0;0;0;0;0;0;0;0;0;0;0;0;0;0;0;0;0;0;0;0;0;0;0;0;0;0;0;0;0;0;0;0;0;0;0;0;0;0;0;0;0;0;0;0;0;0;0;0;0;0;0;0;0;0;0;0;0;0;0;0;0;2;1;0;1;0;1;1;2010-02-14 06:00:00;606;0;48;24;24;0;-1;1;-1;-1;-1;-1;-1;-1;1;1;0;2;2;2;-1;0;0;0;0;0;0;0;0;0;0;0;0;0;1;1;0;0;-1;-1;0;0;-1;-1;-1;-1;-1;-1;-1;-1;-1;16;28;48;61;100;32;69;76;36;0;0;3.67;2.52;Sydney FC;Melbourne Victory FC;2.31;1.64;2.31;1.83;1.73;1.81;84;72;52;40;0;0;0;0;0;0;0;4326;30;Y;Y;N;N;N;N;N
922683;607;606;2009/2010;complete;57046;0;-1;16,40;43;2;1;3;-1;-1;-1;-1;-1;2;4;1;0;-1;-1;-1;-1;-1;-1;-1;-1;-1;-1;4;4;0;0;0;0;0;0;0;0;0;0;0;0;0;0;0;0;0;0;0;0;0;0;0;0;0;0;0;0;0;0;0;0;0;0;0;0;0;0;0;0;0;0;0;0;0;0;0;0;0;0;0;0;0;0;0;0;0;0;0;0;0;0;0;0;0;0;0;0;3;2;1;0;0;0;3;2010-02-18 08:30:00;607;1;41;22;19;0;-1;1;-1;-1;-1;-1;-1;-1;0;2;3;2;2;5;-1;0;0;0;0;0;0;0;0;0;0;0;0;0;1;1;0;0;-1;-1;0;0;-1;-1;-1;-1;-1;-1;-1;-1;-1;13;28;47;67;93;34;72;71;37;0;0;3.07;2.54;Melbourne Victory FC;Sydney FC;1.73;1.71;1.74;1.78;1.74;1.78;87;73;54;34;8;0;0;0;0;0;0;4326;30;Y;Y;Y;N;N;N;Y
922685;6426;605;2009/2010;complete;57046;0;-1;;;0;0;0;-1;-1;-1;-1;-1;2;1;0;0;-1;-1;-1;-1;-1;-1;-1;-1;-1;-1;2;1;0;0;0;0;0;0;0;0;0;0;0;0;0;0;0;0;0;0;0;0;0;0;0;0;0;0;0;0;0;0;0;0;0;0;0;0;0;0;0;0;0;0;0;0;0;0;0;0;0;0;0;0;0;0;0;0;0;0;0;0;0;0;0;0;0;0;0;0;0;0;0;0;0;0;0;2010-02-20 09:00:00;-1;1;50;18;14;0;-1;1;-1;-1;-1;-1;-1;-1;1;0;1;1;1;2;-1;0;0;0;0;0;0;0;0;0;0;0;0;0;1;1;0;0;-1;-1;0;0;-1;-1;-1;-1;-1;-1;-1;-1;-1;17;30;52;82;98;35;83;78;49;0;0;4.04;2.82;Gold Coast United FC;Newcastle Jets FC;1.61;1.21;1.63;1.26;1.63;1.26;83;70;48;19;2;0;0;0;0;0;0;4326;28;N;N;N;N;N;N;N
922687;609;600;2009/2010;complete;57046;0;-1;36;67;1;1;2;-1;-1;-1;-1;-1;2;4;0;0;-1;-1;-1;-1;-1;-1;-1;-1;-1;-1;2;4;0;0;0;0;0;0;0;0;0;0;0;0;0;0;0;0;0;0;0;0;0;0;0;0;0;0;0;0;0;0;0;0;0;0;0;0;0;0;0;0;0;0;0;0;0;0;0;0;0;0;0;0;0;0;0;0;0;0;0;0;0;0;0;0;0;0;0;0;2;1;0;0;1;1;1;2010-02-21 04:00:00;-1;1;52;18;37;0;-1;1;-1;-1;-1;-1;-1;-1;1;2;1;2;3;3;-1;0;0;0;0;0;0;0;0;0;0;0;0;0;1;1;0;0;-1;-1;0;0;-1;-1;-1;-1;-1;-1;-1;-1;-1;13;24;43;78;93;32;70;74;44;0;0;4.08;2.59;Wellington Phoenix;Perth Glory FC;1.47;1.43;1.48;1.44;1.48;1.44;87;76;58;22;7;0;0;0;0;0;0;4326;28;Y;Y;N;N;N;N;Y
922689;609;605;2009/2010;complete;57046;0;-1;33;20;1;1;2;-1;-1;-1;-1;-1;2;3;0;0;-1;-1;-1;-1;-1;-1;-1;-1;-1;-1;2;3;0;0;0;0;0;0;0;0;0;0;0;0;0;0;0;0;0;0;0;0;0;0;0;0;0;0;0;0;0;0;0;0;0;0;0;0;0;0;0;0;0;0;0;0;0;0;0;0;0;0;0;0;0;0;0;0;0;0;0;0;0;0;0;0;0;0;0;0;4;1;1;2;0;2;2;2010-03-07 03:00:00;609;1;52;17;17;0;-1;1;-1;-1;-1;-1;-1;-1;0;2;2;1;2;3;-1;0;0;0;0;0;0;0;0;0;0;0;0;0;1;1;0;0;-1;-1;0;0;-1;-1;-1;-1;-1;-1;-1;-1;-1;13;25;45;83;95;36;77;74;41;0;0;4.03;2.61;Wellington Phoenix;Newcastle Jets FC;1.47;1.21;1.46;1.25;1.46;1.25;88;75;55;18;6;0;0;0;0;0;0;4326;29;Y;Y;Y;Y;N;N;Y
922691;606;607;2009/2010;complete;57046;0;-1;36,54;19;2;1;3;-1;-1;-1;-1;-1;2;2;0;0;-1;-1;-1;-1;-1;-1;-1;-1;-1;-1;2;2;0;0;0;0;0;0;0;0;0;0;0;0;0;0;0;0;0;0;0;0;0;0;0;0;0;0;0;0;0;0;0;0;0;0;0;0;0;0;0;0;0;0;0;0;0;0;0;0;0;0;0;0;0;0;0;0;0;0;0;0;0;0;0;0;0;0;0;0;4;1;1;1;1;2;2;2010-03-07 06:00:00;-1;1;43;23;22;0;-1;1;-1;-1;-1;-1;-1;-1;1;0;1;2;1;3;-1;0;0;0;0;0;0;0;1;0;1;0;0;0;1;1;0;0;-1;-1;0;0;-1;-1;-1;-1;-1;-1;-1;-1;-1;13;27;49;68;93;36;74;68;36;0;0;3.25;2.56;Sydney FC;Melbourne Victory FC;1.71;1.73;1.71;1.79;1.71;1.79;88;74;52;32;8;0;0;0;0;0;0;4326;30;Y;Y;Y;Y;N;N;Y
922693;607;606;2009/2010;complete;57046;0;-1;82;63;1;1;2;-1;-1;-1;-1;-1;2;4;0;0;-1;-1;-1;-1;-1;-1;-1;-1;-1;-1;2;4;0;0;0;0;0;0;0;0;0;0;0;0;0;0;0;0;0;0;0;0;0;0;0;0;0;0;0;0;0;0;0;0;0;0;0;0;0;0;0;0;0;0;0;0;0;0;0;0;0;0;0;0;0;0;0;0;0;0;0;0;0;0;0;0;0;0;0;0;2;0;0;1;1;2;0;2010-03-20 08:00:00;-1;1;46;27;17;0;-1;1;-1;-1;-1;-1;-1;-1;0;3;2;1;3;3;-1;0;0;0;0;0;0;0;0;0;0;0;0;0;1;1;0;0;-1;-1;0;0;-1;-1;-1;-1;-1;-1;-1;-1;-1;14;31;51;70;94;39;75;70;39;0;0;3.19;2.67;Melbourne Victory FC;Sydney FC;1.73;1.71;1.76;1.73;1.76;1.73;87;70;49;30;7;0;0;0;0;0;0;4326;30;Y;Y;N;N;N;N;Y
1125715;606;609;2009/2010;complete;60719;0;-1;21,30,62,70;26,80;4;2;6;-1;-1;-1;-1;-1;-1;-1;-1;-1;-1;-1;-1;-1;-1;-1;-1;-1;-1;-1;-1;-1;0;0;0;0;0;0;0;0;0;0;0;0;0;0;0;0;0;0;0;0;0;0;0;0;0;0;0;0;0;0;0;0;0;0;0;0;0;0;0;0;0;0;0;0;0;0;0;0;0;0;0;0;0;0;0;0;0;0;0;0;0;0;0;0;0;0;0;0;6;2;1;2;1;3;3;2010-03-13 09:00:00;606;1;47;21;20;0;-1;-1;-1;-1;-1;-1;-1;-1;-1;-1;-1;-1;-1;-1;-1;0;0;0;0;0;0;0;0;0;0;0;0;0;1;1;0;0;-1;-1;-1;-1;-1;-1;-1;-1;-1;-1;-1;-1;-1;10;24;42;67;92;30;67;68;42;0;0;3.73;2.36;Sydney FC;Wellington Phoenix;1.71;1.47;1.69;1.52;1.69;1.52;90;76;59;33;9;0;0;0;0;0;0;4326;30;Y;Y;Y;Y;Y;Y;Y
