ID;HOMEID;AWAYID;SEASON;STATUS;ROUNDID;GAME_WEEK;REVISED_GAME_WEEK;HOMEGOALS;AWAYGOALS;HOMEGOALCOUNT;AWAYGOALCOUNT;TOTALGOALCOUNT;TEAM_A_CORNERS;TEAM_B_CORNERS;TOTALCORNERCOUNT;TEAM_A_OFFSIDES;TEAM_B_OFFSIDES;TEAM_A_YELLOW_CARDS;TEAM_B_YELLOW_CARDS;TEAM_A_RED_CARDS;TEAM_B_RED_CARDS;TEAM_A_SHOTSONTARGET;TEAM_B_SHOTSONTARGET;TEAM_A_SHOTSOFFTARGET;TEAM_B_SHOTSOFFTARGET;TEAM_A_SHOTS;TEAM_B_SHOTS;TEAM_A_FOULS;TEAM_B_FOULS;TEAM_A_POSSESSION;TEAM_B_POSSESSION;TEAM_A_CARDS_NUM;TEAM_B_CARDS_NUM;ODDS_FT_1;ODDS_FT_X;ODDS_FT_2;ODDS_FT_OVER05;ODDS_FT_OVER15;ODDS_FT_OVER25;ODDS_FT_OVER35;ODDS_FT_OVER45;ODDS_FT_UNDER05;ODDS_FT_UNDER15;ODDS_FT_UNDER25;ODDS_FT_UNDER35;ODDS_FT_UNDER45;ODDS_BTTS_YES;ODDS_BTTS_NO;ODDS_TEAM_A_CS_YES;ODDS_TEAM_A_CS_NO;ODDS_TEAM_B_CS_YES;ODDS_TEAM_B_CS_NO;ODDS_DOUBLECHANCE_1X;ODDS_DOUBLECHANCE_12;ODDS_DOUBLECHANCE_X2;ODDS_1ST_HALF_RESULT_1;ODDS_1ST_HALF_RESULT_X;ODDS_1ST_HALF_RESULT_2;ODDS_2ND_HALF_RESULT_1;ODDS_2ND_HALF_RESULT_X;ODDS_2ND_HALF_RESULT_2;ODDS_DNB_1;ODDS_DNB_2;ODDS_CORNERS_OVER_75;ODDS_CORNERS_OVER_85;ODDS_CORNERS_OVER_95;ODDS_CORNERS_OVER_105;ODDS_CORNERS_OVER_115;ODDS_CORNERS_UNDER_75;ODDS_CORNERS_UNDER_85;ODDS_CORNERS_UNDER_95;ODDS_CORNERS_UNDER_105;ODDS_CORNERS_UNDER_115;ODDS_CORNERS_1;ODDS_CORNERS_X;ODDS_CORNERS_2;ODDS_TEAM_TO_SCORE_FIRST_1;ODDS_TEAM_TO_SCORE_FIRST_X;ODDS_TEAM_TO_SCORE_FIRST_2;ODDS_WIN_TO_NIL_1;ODDS_WIN_TO_NIL_2;ODDS_1ST_HALF_OVER05;ODDS_1ST_HALF_OVER15;ODDS_1ST_HALF_OVER25;ODDS_1ST_HALF_OVER35;ODDS_1ST_HALF_UNDER05;ODDS_1ST_HALF_UNDER15;ODDS_1ST_HALF_UNDER25;ODDS_1ST_HALF_UNDER35;ODDS_2ND_HALF_OVER05;ODDS_2ND_HALF_OVER15;ODDS_2ND_HALF_OVER25;ODDS_2ND_HALF_OVER35;ODDS_2ND_HALF_UNDER05;ODDS_2ND_HALF_UNDER15;ODDS_2ND_HALF_UNDER25;ODDS_2ND_HALF_UNDER35;ODDS_BTTS_1ST_HALF_YES;ODDS_BTTS_1ST_HALF_NO;ODDS_BTTS_2ND_HALF_YES;ODDS_BTTS_2ND_HALF_NO;OVERALLGOALCOUNT;HT_GOALS_TEAM_A;HT_GOALS_TEAM_B;GOALS_2HG_TEAM_A;GOALS_2HG_TEAM_B;GOALCOUNT_2HG;HTGOALCOUNT;DATE_UNIX;WINNINGTEAM;NO_HOME_AWAY;BTTS_POTENTIAL;BTTS_FHG_POTENTIAL;BTTS_2HG_POTENTIAL;GOALTIMINGDISABLED;CORNER_TIMINGS_RECORDED;CARD_TIMINGS_RECORDED;TEAM_A_FH_CORNERS;TEAM_B_FH_CORNERS;TEAM_A_2H_CORNERS;TEAM_B_2H_CORNERS;CORNER_FH_COUNT;CORNER_2H_COUNT;TEAM_A_FH_CARDS;TEAM_B_FH_CARDS;TEAM_A_2H_CARDS;TEAM_B_2H_CARDS;TOTAL_FH_CARDS;TOTAL_2H_CARDS;ATTACKS_RECORDED;TEAM_A_DANGEROUS_ATTACKS;TEAM_B_DANGEROUS_ATTACKS;TEAM_A_ATTACKS;TEAM_B_ATTACKS;TEAM_A_XG;TEAM_B_XG;TOTAL_XG;TEAM_A_PENALTIES_WON;TEAM_B_PENALTIES_WON;TEAM_A_PENALTY_GOALS;TEAM_B_PENALTY_GOALS;TEAM_A_PENALTY_MISSED;TEAM_B_PENALTY_MISSED;PENS_RECORDED;GOAL_TIMINGS_RECORDED;TEAM_A_0_10_MIN_GOALS;TEAM_B_0_10_MIN_GOALS;TEAM_A_CORNERS_0_10_MIN;TEAM_B_CORNERS_0_10_MIN;TEAM_A_CARDS_0_10_MIN;TEAM_B_CARDS_0_10_MIN;THROWINS_RECORDED;TEAM_A_THROWINS;TEAM_B_THROWINS;FREEKICKS_RECORDED;TEAM_A_FREEKICKS;TEAM_B_FREEKICKS;GOALKICKS_RECORDED;TEAM_A_GOALKICKS;TEAM_B_GOALKICKS;O45_POTENTIAL;O35_POTENTIAL;O25_POTENTIAL;O15_POTENTIAL;O05_POTENTIAL;O15HT_POTENTIAL;O05HT_POTENTIAL;O05_2H_POTENTIAL;O15_2H_POTENTIAL;CORNERS_POTENTIAL;OFFSIDES_POTENTIAL;CARDS_POTENTIAL;AVG_POTENTIAL;HOME_NAME;AWAY_NAME;HOME_PPG;AWAY_PPG;PRE_MATCH_HOME_PPG;PRE_MATCH_AWAY_PPG;PRE_MATCH_TEAMA_OVERALL_PPG;PRE_MATCH_TEAMB_OVERALL_PPG;U45_POTENTIAL;U35_POTENTIAL;U25_POTENTIAL;U15_POTENTIAL;U05_POTENTIAL;CORNERS_O85_POTENTIAL;CORNERS_O95_POTENTIAL;CORNERS_O105_POTENTIAL;TEAM_A_XG_PREMATCH;TEAM_B_XG_PREMATCH;TOTAL_XG_PREMATCH;COMPETITION_ID;MATCHES_COMPLETED_MINIMUM;OVER05;OVER15;OVER25;OVER35;OVER45;OVER55;BTTS
32949;606;605;2013/2014;complete;144;1;-1;37,60;;2;0;2;5;4;9;3;4;0;1;0;0;5;4;3;4;8;8;16;12;60;40;0;1;1.93;3.78;4.05;0;0;0;0;0;0;0;0;0;0;0;0;0;0;0;0;0;0;0;0;0;0;0;0;0;0;0;0;0;0;0;0;0;0;0;0;0;0;0;0;0;0;0;0;0;0;0;0;0;0;0;0;0;0;0;0;0;0;0;0;0;0;0;0;0;2;1;0;1;0;1;1;2013-10-11 08:30:00;606;0;0;0;0;0;-1;1;-1;-1;-1;-1;-1;-1;0;1;0;0;1;0;-1;0;0;0;0;0;0;0;0;0;0;0;0;0;1;1;0;0;-1;-1;0;0;-1;-1;-1;-1;-1;-1;-1;-1;-1;0;0;0;0;0;0;0;0;0;0;0;0;0;Sydney FC;Newcastle Jets FC;2;1.23;0;0;0;0;0;0;0;0;0;0;0;0;0;0;0;99;27;Y;Y;N;N;N;N;N
32950;603;608;2013/2014;complete;144;1;-1;55;87;1;1;2;3;6;9;1;2;1;1;0;0;2;8;4;6;6;14;15;14;53;47;1;1;2.56;3.26;3;0;0;0;0;0;0;0;0;0;0;0;0;0;0;0;0;0;0;0;0;0;0;0;0;0;0;0;0;0;0;0;0;0;0;0;0;0;0;0;0;0;0;0;0;0;0;0;0;0;0;0;0;0;0;0;0;0;0;0;0;0;0;0;0;0;2;0;0;1;1;2;0;2013-10-12 06:30:00;-1;0;0;0;0;0;-1;1;-1;-1;-1;-1;-1;-1;0;1;1;0;1;1;-1;0;0;0;0;0;0;0;0;0;0;0;0;0;1;1;0;0;-1;-1;0;0;-1;-1;-1;-1;-1;-1;-1;-1;-1;0;0;0;0;0;0;0;0;0;0;0;0;0;Central Coast Mariners;Western Sydney Wanderers;2;1.27;0;0;0;0;0;0;0;0;0;0;0;0;0;0;0;99;29;Y;Y;N;N;N;N;Y
32951;607;602;2013/2014;complete;144;1;-1;;;0;0;0;5;6;11;0;4;4;2;0;0;5;3;3;4;8;7;18;15;47;53;4;2;2.13;3.54;3.59;0;0;0;0;0;0;0;0;0;0;0;0;0;0;0;0;0;0;0;0;0;0;0;0;0;0;0;0;0;0;0;0;0;0;0;0;0;0;0;0;0;0;0;0;0;0;0;0;0;0;0;0;0;0;0;0;0;0;0;0;0;0;0;0;0;0;0;0;0;0;0;0;2013-10-12 08:45:00;-1;0;0;0;0;0;-1;1;-1;-1;-1;-1;-1;-1;2;1;2;1;3;3;-1;0;0;0;0;0;0;0;0;0;0;0;0;0;1;1;0;0;-1;-1;0;1;-1;-1;-1;-1;-1;-1;-1;-1;-1;0;0;0;0;0;0;0;0;0;0;0;0;0;Melbourne Victory FC;Melbourne City FC;1.93;0.62;0;0;0;0;0;0;0;0;0;0;0;0;0;0;0;99;27;N;N;N;N;N;N;N
32952;609;604;2013/2014;complete;144;1;-1;22;47,90;1;2;3;6;5;11;6;1;3;1;0;0;7;5;4;2;11;7;21;7;42;58;3;1;2.98;3.41;2.49;0;0;0;0;0;0;0;0;0;0;0;0;0;0;0;0;0;0;0;0;0;0;0;0;0;0;0;0;0;0;0;0;0;0;0;0;0;0;0;0;0;0;0;0;0;0;0;0;0;0;0;0;0;0;0;0;0;0;0;0;0;0;0;0;0;3;1;0;0;2;2;1;2013-10-13 04:00:00;604;0;0;0;0;0;-1;1;-1;-1;-1;-1;-1;-1;3;1;0;0;4;0;-1;0;0;0;0;0;0;0;0;0;0;0;0;0;1;1;0;0;-1;-1;0;0;-1;-1;-1;-1;-1;-1;-1;-1;-1;0;0;0;0;0;0;0;0;0;0;0;0;0;Wellington Phoenix;Brisbane Roar;1.08;1.69;0;0;0;0;0;0;0;0;0;0;0;0;0;0;0;99;27;Y;Y;Y;N;N;N;Y
32953;601;600;2013/2014;complete;144;1;-1;9,25,64;11;3;1;4;3;4;7;0;4;6;4;2;0;4;2;1;5;5;7;25;17;60;40;8;4;2.38;3.34;3.23;0;0;0;0;0;0;0;0;0;0;0;0;0;0;0;0;0;0;0;0;0;0;0;0;0;0;0;0;0;0;0;0;0;0;0;0;0;0;0;0;0;0;0;0;0;0;0;0;0;0;0;0;0;0;0;0;0;0;0;0;0;0;0;0;0;4;2;1;1;0;1;3;2013-10-13 06:00:00;601;0;0;0;0;0;-1;1;-1;-1;-1;-1;-1;-1;2;2;6;2;4;8;-1;0;0;0;0;0;0;0;0;0;0;0;0;0;1;1;1;0;-1;-1;0;0;-1;-1;-1;-1;-1;-1;-1;-1;-1;0;0;0;0;0;0;0;0;0;0;0;0;0;Adelaide United;Perth Glory FC;1.92;0.43;0;0;0;0;0;0;0;0;0;0;0;0;0;0;0;99;27;Y;Y;Y;Y;N;N;Y
32954;601;607;2013/2014;complete;144;2;-1;23,25;79,90;2;2;4;8;6;14;1;11;3;3;0;0;4;7;2;7;6;14;12;8;52;48;3;3;2.47;3.5;2.95;0;0;0;0;0;0;0;0;0;0;0;0;0;0;0;0;0;0;0;0;0;0;0;0;0;0;0;0;0;0;0;0;0;0;0;0;0;0;0;0;0;0;0;0;0;0;0;0;0;0;0;0;0;0;0;0;0;0;0;0;0;0;0;0;0;4;2;0;0;2;2;2;2013-10-18 08:30:00;-1;0;50;50;0;0;-1;1;-1;-1;-1;-1;-1;-1;0;3;3;0;3;3;-1;0;0;0;0;0;0;0;1;0;1;0;0;0;1;1;0;0;-1;-1;0;0;-1;-1;-1;-1;-1;-1;-1;-1;-1;0;50;50;50;50;50;50;50;0;3;0;8;2;Adelaide United;Melbourne Victory FC;1.92;1.13;3;0;3;1;50;0;0;0;0;0;0;0;0;0;0;99;28;Y;Y;Y;Y;N;N;Y
32955;602;603;2013/2014;complete;144;2;-1;54,60;72,77;2;2;4;2;11;13;4;0;2;1;0;0;3;4;4;7;7;11;13;15;50;50;2;1;3.42;3.43;2.24;0;0;0;0;0;0;0;0;0;0;0;0;0;0;0;0;0;0;0;0;0;0;0;0;0;0;0;0;0;0;0;0;0;0;0;0;0;0;0;0;0;0;0;0;0;0;0;0;0;0;0;0;0;0;0;0;0;0;0;0;0;0;0;0;0;4;0;0;2;2;4;0;2013-10-19 06:30:00;-1;0;0;0;0;0;-1;1;-1;-1;-1;-1;-1;-1;0;0;2;1;0;3;-1;0;0;0;0;0;0;0;0;2;0;2;0;0;1;1;0;0;-1;-1;0;0;-1;-1;-1;-1;-1;-1;-1;-1;-1;0;0;0;0;0;0;0;0;0;0;0;0;0;Melbourne City FC;Central Coast Mariners;1.29;1.07;0;0;1;1;0;0;0;0;0;0;0;0;0;0;0;99;27;Y;Y;Y;Y;N;N;Y
32956;604;606;2013/2014;complete;144;2;-1;37,39,44,80;;4;0;4;8;3;11;4;2;1;2;0;0;11;4;3;2;14;6;10;15;62;38;1;2;1.67;4.05;5.41;0;0;0;0;0;0;0;0;0;0;0;0;0;0;0;0;0;0;0;0;0;0;0;0;0;0;0;0;0;0;0;0;0;0;0;0;0;0;0;0;0;0;0;0;0;0;0;0;0;0;0;0;0;0;0;0;0;0;0;0;0;0;0;0;0;4;3;0;1;0;1;3;2013-10-19 08:45:00;604;0;0;0;0;0;-1;1;-1;-1;-1;-1;-1;-1;1;2;0;0;3;0;-1;0;0;0;0;0;0;0;0;0;0;0;0;0;1;1;0;0;-1;-1;0;0;-1;-1;-1;-1;-1;-1;-1;-1;-1;0;0;0;0;0;0;0;0;0;0;0;0;0;Brisbane Roar;Sydney FC;2.25;0.79;0;0;3;3;0;0;0;0;0;0;0;0;0;0;0;99;28;Y;Y;Y;Y;N;N;N
32957;605;600;2013/2014;complete;144;2;-1;;;0;0;0;5;5;10;1;2;1;3;0;0;4;6;6;1;10;7;16;15;49;51;1;3;2.29;3.42;3.33;0;0;0;0;0;0;0;0;0;0;0;0;0;0;0;0;0;0;0;0;0;0;0;0;0;0;0;0;0;0;0;0;0;0;0;0;0;0;0;0;0;0;0;0;0;0;0;0;0;0;0;0;0;0;0;0;0;0;0;0;0;0;0;0;0;0;0;0;0;0;0;0;2013-10-20 04:00:00;-1;0;50;50;0;0;-1;1;-1;-1;-1;-1;-1;-1;0;1;1;2;1;3;-1;0;0;0;0;0;0;0;0;0;0;0;0;0;1;1;0;0;-1;-1;0;0;-1;-1;-1;-1;-1;-1;-1;-1;-1;0;50;50;50;50;50;50;50;0;4;4;4;2;Newcastle Jets FC;Perth Glory FC;1.43;0.43;0;0;0;0;50;0;0;0;0;0;0;0;0;0;0;99;27;N;N;N;N;N;N;N
32958;608;609;2013/2014;complete;144;2;-1;15;60;1;1;2;9;6;15;2;0;1;2;0;0;8;3;4;7;12;10;11;8;49;51;1;2;1.46;4.54;8.08;0;0;0;0;0;0;0;0;0;0;0;0;0;0;0;0;0;0;0;0;0;0;0;0;0;0;0;0;0;0;0;0;0;0;0;0;0;0;0;0;0;0;0;0;0;0;0;0;0;0;0;0;0;0;0;0;0;0;0;0;0;0;0;0;0;2;1;0;0;1;1;1;2013-10-20 06:00:00;-1;0;0;0;0;0;-1;1;-1;-1;-1;-1;-1;-1;0;1;1;1;1;2;-1;0;0;0;0;0;0;0;0;0;0;0;0;0;1;1;0;0;-1;-1;0;1;-1;-1;-1;-1;-1;-1;-1;-1;-1;0;0;0;0;0;0;0;0;0;0;0;0;0;Western Sydney Wanderers;Wellington Phoenix;1.86;1;0;0;1;0;0;0;0;0;0;0;0;0;0;0;0;99;27;Y;Y;N;N;N;N;Y
32959;607;604;2013/2014;complete;144;3;-1;56;;1;0;1;8;10;18;7;2;1;4;0;0;4;6;3;3;7;9;9;17;53;47;1;4;2.93;3.47;2.5;0;0;0;0;0;0;0;0;0;0;0;0;0;0;0;0;0;0;0;0;0;0;0;0;0;0;0;0;0;0;0;0;0;0;0;0;0;0;0;0;0;0;0;0;0;0;0;0;0;0;0;0;0;0;0;0;0;0;0;0;0;0;0;0;0;1;0;0;1;0;1;0;2013-10-25 08:30:00;607;0;50;0;0;0;-1;1;-1;-1;-1;-1;-1;-1;0;1;1;3;1;4;-1;0;0;0;0;0;0;0;0;0;0;0;0;0;1;1;0;0;-1;-1;0;0;-1;-1;-1;-1;-1;-1;-1;-1;-1;0;0;50;50;50;0;50;50;50;10;1;5;1.5;Melbourne Victory FC;Brisbane Roar;1.93;1.69;1;3;1;3;100;100;50;50;50;100;100;100;0;0;0;99;29;Y;N;N;N;N;N;N
32960;603;601;2013/2014;complete;144;3;-1;2;;1;0;1;7;3;10;3;4;2;1;0;0;6;2;8;5;14;7;13;12;50;50;2;1;1.69;3.85;5.59;0;0;0;0;0;0;0;0;0;0;0;0;0;0;0;0;0;0;0;0;0;0;0;0;0;0;0;0;0;0;0;0;0;0;0;0;0;0;0;0;0;0;0;0;0;0;0;0;0;0;0;0;0;0;0;0;0;0;0;0;0;0;0;0;0;1;1;0;0;0;0;1;2013-10-26 06:30:00;603;0;50;0;50;0;-1;1;-1;-1;-1;-1;-1;-1;0;0;2;1;0;3;-1;0;0;0;0;0;0;0;0;0;0;0;0;0;1;1;1;0;-1;-1;0;0;-1;-1;-1;-1;-1;-1;-1;-1;-1;0;0;0;50;50;0;0;50;50;3;1;1;1;Central Coast Mariners;Adelaide United;2;0.87;1;0;1;2;50;50;50;0;0;50;0;0;0;0;0;99;28;Y;N;N;N;N;N;N
32961;606;608;2013/2014;complete;144;3;-1;;11,26;0;2;2;8;3;11;1;3;4;5;0;0;2;5;5;6;7;11;20;19;41;59;4;5;4.83;3.68;1.83;0;0;0;0;0;0;0;0;0;0;0;0;0;0;0;0;0;0;0;0;0;0;0;0;0;0;0;0;0;0;0;0;0;0;0;0;0;0;0;0;0;0;0;0;0;0;0;0;0;0;0;0;0;0;0;0;0;0;0;0;0;0;0;0;0;2;0;2;0;0;0;2;2013-10-26 08:45:00;608;0;50;0;50;0;-1;1;-1;-1;-1;-1;-1;-1;1;1;3;4;2;7;-1;0;0;0;0;0;0;0;0;0;0;0;0;0;1;1;0;0;-1;-1;0;0;-1;-1;-1;-1;-1;-1;-1;-1;-1;0;0;0;100;100;0;50;100;50;11;5;1;2;Sydney FC;Western Sydney Wanderers;2;1.27;3;1;1.5;1;100;100;100;0;0;100;0;0;0;0;0;99;28;Y;Y;N;N;N;N;N
32962;609;605;2013/2014;complete;144;3;-1;;;0;0;0;4;7;11;3;6;1;3;0;0;4;10;9;3;13;13;10;15;53;47;1;3;2.06;3.52;3.82;0;0;0;0;0;0;0;0;0;0;0;0;0;0;0;0;0;0;0;0;0;0;0;0;0;0;0;0;0;0;0;0;0;0;0;0;0;0;0;0;0;0;0;0;0;0;0;0;0;0;0;0;0;0;0;0;0;0;0;0;0;0;0;0;0;0;0;0;0;0;0;0;2013-10-27 04:00:00;-1;0;50;0;0;0;-1;1;-1;-1;-1;-1;-1;-1;0;1;1;2;1;3;-1;0;0;0;0;0;0;0;0;0;0;0;0;0;1;1;0;0;-1;-1;0;0;-1;-1;-1;-1;-1;-1;-1;-1;-1;0;0;50;100;100;0;100;100;50;10;10;4;2.5;Wellington Phoenix;Newcastle Jets FC;1.08;1.23;0;0;0.5;0.5;100;100;50;0;0;100;50;50;0;0;0;99;27;N;N;N;N;N;N;N
32963;600;602;2013/2014;complete;144;3;-1;50;;1;0;1;6;9;15;1;2;0;0;0;0;2;4;2;2;4;6;15;12;52;48;0;0;2.12;3.42;3.79;0;0;0;0;0;0;0;0;0;0;0;0;0;0;0;0;0;0;0;0;0;0;0;0;0;0;0;0;0;0;0;0;0;0;0;0;0;0;0;0;0;0;0;0;0;0;0;0;0;0;0;0;0;0;0;0;0;0;0;0;0;0;0;0;0;1;0;0;1;0;1;0;2013-10-27 06:00:00;600;0;0;0;0;0;-1;-1;-1;-1;-1;-1;-1;-1;0;0;0;0;0;0;-1;0;0;0;0;0;0;0;0;0;0;0;0;0;1;1;0;0;-1;-1;-1;-1;-1;-1;-1;-1;-1;-1;-1;-1;-1;0;0;0;0;0;0;0;0;0;6;4;2;0;Perth Glory FC;Melbourne City FC;1.69;0.62;0;1;0.5;1;50;50;50;50;50;50;50;50;0;0;0;99;27;Y;N;N;N;N;N;N
32964;608;601;2013/2014;complete;144;4;-1;61,80;54;2;1;3;4;1;5;5;0;5;2;0;0;5;3;7;6;12;9;21;10;40;60;5;2;1.44;4.65;8.1;0;0;0;0;0;0;0;0;0;0;0;0;0;0;0;0;0;0;0;0;0;0;0;0;0;0;0;0;0;0;0;0;0;0;0;0;0;0;0;0;0;0;0;0;0;0;0;0;0;0;0;0;0;0;0;0;0;0;0;0;0;0;0;0;0;3;0;0;2;1;3;0;2013-11-01 08:30:00;608;0;50;0;0;0;-1;1;-1;-1;-1;-1;-1;-1;2;2;3;0;4;3;-1;0;0;0;0;0;0;0;0;0;0;0;0;0;1;1;0;0;-1;-1;0;0;-1;-1;-1;-1;-1;-1;-1;-1;-1;0;0;0;50;100;0;100;50;0;12;6;2;1.5;Western Sydney Wanderers;Adelaide United;1.86;0.87;1;0;1.67;1.33;100;100;100;50;0;100;100;50;0;0;0;99;28;Y;Y;Y;N;N;N;Y
32965;600;606;2013/2014;complete;144;4;-1;9;;1;0;1;1;9;10;6;2;3;2;0;0;2;10;3;5;5;15;17;11;47;53;3;2;1.81;3.74;4.79;0;0;0;0;0;0;0;0;0;0;0;0;0;0;0;0;0;0;0;0;0;0;0;0;0;0;0;0;0;0;0;0;0;0;0;0;0;0;0;0;0;0;0;0;0;0;0;0;0;0;0;0;0;0;0;0;0;0;0;0;0;0;0;0;0;1;1;0;0;0;0;1;2013-11-02 06:30:00;600;0;0;0;0;0;-1;1;-1;-1;-1;-1;-1;-1;2;2;1;0;4;1;-1;0;0;0;0;0;0;0;1;0;1;0;0;0;1;1;1;0;-1;-1;0;2;-1;-1;-1;-1;-1;-1;-1;-1;-1;0;50;50;50;100;50;50;100;0;9;3;2;2.5;Perth Glory FC;Sydney FC;1.69;0.79;3;0;1.33;1;100;50;50;50;0;100;100;100;0;0;0;99;27;Y;N;N;N;N;N;N
32966;605;603;2013/2014;complete;144;4;-1;51,57;65,80;2;2;4;5;3;8;2;1;4;2;0;0;4;3;7;1;11;4;14;13;52;48;4;2;4.51;3.55;1.9;0;0;0;0;0;0;0;0;0;0;0;0;0;0;0;0;0;0;0;0;0;0;0;0;0;0;0;0;0;0;0;0;0;0;0;0;0;0;0;0;0;0;0;0;0;0;0;0;0;0;0;0;0;0;0;0;0;0;0;0;0;0;0;0;0;4;0;0;2;2;4;0;2013-11-02 08:45:00;-1;0;50;0;50;0;-1;1;-1;-1;-1;-1;-1;-1;2;0;2;2;2;4;-1;0;0;0;0;0;0;0;0;1;0;1;0;0;1;1;0;0;-1;-1;0;0;-1;-1;-1;-1;-1;-1;-1;-1;-1;0;50;50;50;50;0;0;50;50;16;1;2;2;Newcastle Jets FC;Central Coast Mariners;1.43;1.07;1;1;0.67;1.67;100;50;50;50;50;100;100;50;0;0;0;99;27;Y;Y;Y;Y;N;N;Y
32967;604;602;2013/2014;complete;144;4;-1;48,65,77;;3;0;3;3;4;7;2;6;0;4;0;0;4;3;3;7;7;10;13;20;60;40;0;4;1.47;4.58;7.74;0;0;0;0;0;0;0;0;0;0;0;0;0;0;0;0;0;0;0;0;0;0;0;0;0;0;0;0;0;0;0;0;0;0;0;0;0;0;0;0;0;0;0;0;0;0;0;0;0;0;0;0;0;0;0;0;0;0;0;0;0;0;0;0;0;3;0;0;3;0;3;0;2013-11-03 06:00:00;604;0;0;0;0;0;-1;1;-1;-1;-1;-1;-1;-1;0;2;0;2;2;2;-1;0;0;0;0;0;0;0;0;0;0;0;0;0;1;1;0;0;-1;-1;0;0;-1;-1;-1;-1;-1;-1;-1;-1;-1;0;50;50;50;75;50;50;75;0;15.5;7;2;2.25;Brisbane Roar;Melbourne City FC;2.25;0.62;3;0.5;2;0.67;100;50;50;50;25;100;100;100;0;0;0;99;27;Y;Y;Y;N;N;N;N
32968;607;609;2013/2014;complete;144;4;-1;9,22,31;37,84;3;2;5;10;4;14;1;3;3;3;0;0;6;3;3;7;9;10;14;21;44;56;3;3;1.59;4.33;5.9;0;0;0;0;0;0;0;0;0;0;0;0;0;0;0;0;0;0;0;0;0;0;0;0;0;0;0;0;0;0;0;0;0;0;0;0;0;0;0;0;0;0;0;0;0;0;0;0;0;0;0;0;0;0;0;0;0;0;0;0;0;0;0;0;0;5;3;1;0;1;1;4;2013-11-04 08:30:00;607;0;50;0;0;0;-1;1;-1;-1;-1;-1;-1;-1;1;1;2;2;2;4;-1;0;0;0;0;0;0;0;0;0;0;0;0;0;1;1;1;0;-1;-1;0;1;-1;-1;-1;-1;-1;-1;-1;-1;-1;0;0;0;50;75;0;50;75;0;12.5;3.5;4.5;1.25;Melbourne Victory FC;Wellington Phoenix;1.93;1;2;1;1.67;0.67;100;100;100;50;25;100;100;100;0;0;0;99;27;Y;Y;Y;Y;Y;N;Y
32969;602;608;2013/2014;complete;144;5;-1;;27;0;1;1;8;8;16;0;1;2;3;0;0;4;4;10;4;14;8;11;15;62;38;2;3;4.86;3.65;1.83;0;0;0;0;0;0;0;0;0;0;0;0;0;0;0;0;0;0;0;0;0;0;0;0;0;0;0;0;0;0;0;0;0;0;0;0;0;0;0;0;0;0;0;0;0;0;0;0;0;0;0;0;0;0;0;0;0;0;0;0;0;0;0;0;0;1;0;1;0;0;0;1;2013-11-08 08:30:00;608;0;75;0;75;0;-1;1;-1;-1;-1;-1;-1;-1;1;1;1;2;2;3;-1;0;0;0;0;0;0;0;0;0;0;0;0;0;1;1;0;0;-1;-1;0;0;-1;-1;-1;-1;-1;-1;-1;-1;-1;0;50;50;100;100;25;25;75;75;6.5;6.5;5;3;Melbourne City FC;Western Sydney Wanderers;1.29;1.27;1;2;0.5;2;100;50;50;0;0;100;75;75;0;0;0;99;27;Y;N;N;N;N;N;N
32970;609;600;2013/2014;complete;144;5;-1;4;29;1;1;2;4;4;8;3;0;1;2;0;0;2;4;11;7;13;11;14;17;51;49;1;2;2.32;3.45;3.28;0;0;0;0;0;0;0;0;0;0;0;0;0;0;0;0;0;0;0;0;0;0;0;0;0;0;0;0;0;0;0;0;0;0;0;0;0;0;0;0;0;0;0;0;0;0;0;0;0;0;0;0;0;0;0;0;0;0;0;0;0;0;0;0;0;2;1;1;0;0;0;2;2013-11-09 04:00:00;-1;0;50;25;0;0;-1;1;-1;-1;-1;-1;-1;-1;0;0;1;2;0;3;-1;0;0;0;0;0;0;0;0;0;0;0;0;0;1;1;1;0;-1;-1;0;0;-1;-1;-1;-1;-1;-1;-1;-1;-1;0;25;50;50;50;25;50;50;25;9.5;7.5;5.5;1.75;Wellington Phoenix;Perth Glory FC;1.08;0.43;0.5;0.5;0.5;1.75;100;75;50;50;50;75;75;50;0;0;0;99;27;Y;Y;N;N;N;N;Y
32971;601;605;2013/2014;complete;144;5;-1;71;41,52;1;2;3;5;4;9;0;3;0;5;1;0;10;6;3;2;13;8;14;24;58;42;2;5;2.12;3.53;3.7;0;0;0;0;0;0;0;0;0;0;0;0;0;0;0;0;0;0;0;0;0;0;0;0;0;0;0;0;0;0;0;0;0;0;0;0;0;0;0;0;0;0;0;0;0;0;0;0;0;0;0;0;0;0;0;0;0;0;0;0;0;0;0;0;0;3;0;1;1;1;2;1;2013-11-09 06:30:00;605;0;50;25;0;0;-1;1;-1;-1;-1;-1;-1;-1;0;3;1;2;3;3;-1;0;0;0;0;0;0;0;0;0;0;0;0;0;1;1;0;0;-1;-1;0;1;-1;-1;-1;-1;-1;-1;-1;-1;-1;0;50;50;75;75;50;75;75;25;11;5.5;7.5;2.5;Adelaide United;Newcastle Jets FC;1.92;1.23;2;0.5;1;0.75;100;50;50;25;25;75;50;50;0;0;0;99;27;Y;Y;Y;N;N;N;Y
32972;606;607;2013/2014;complete;144;5;-1;3,15,36;17,27;3;2;5;4;7;11;1;4;2;4;1;0;6;5;7;6;13;11;18;18;35;65;4;4;3.15;3.61;2.32;0;0;0;0;0;0;0;0;0;0;0;0;0;0;0;0;0;0;0;0;0;0;0;0;0;0;0;0;0;0;0;0;0;0;0;0;0;0;0;0;0;0;0;0;0;0;0;0;0;0;0;0;0;0;0;0;0;0;0;0;0;0;0;0;0;5;3;2;0;0;0;5;2013-11-09 08:45:00;606;0;50;0;0;0;-1;1;-1;-1;-1;-1;-1;-1;2;3;1;1;5;2;-1;0;0;0;0;0;0;0;1;0;1;0;0;0;1;1;1;0;-1;-1;0;0;-1;-1;-1;-1;-1;-1;-1;-1;-1;0;50;50;100;100;75;100;75;50;12.5;13;5;3;Sydney FC;Melbourne Victory FC;2;1.13;1.5;1;0.75;2;100;50;50;0;0;100;75;75;0;0;0;99;28;Y;Y;Y;Y;Y;N;Y
32973;603;604;2013/2014;complete;144;5;-1;;89;0;1;1;1;5;6;2;1;1;2;0;0;3;7;2;4;5;11;14;9;39;61;1;2;2.29;3.48;3.32;0;0;0;0;0;0;0;0;0;0;0;0;0;0;0;0;0;0;0;0;0;0;0;0;0;0;0;0;0;0;0;0;0;0;0;0;0;0;0;0;0;0;0;0;0;0;0;0;0;0;0;0;0;0;0;0;0;0;0;0;0;0;0;0;0;1;0;0;0;1;1;0;2013-11-10 06:00:00;604;0;50;0;25;0;-1;1;-1;-1;-1;-1;-1;-1;0;0;1;2;0;3;-1;0;0;0;0;0;0;0;0;0;0;0;0;0;1;1;0;0;-1;-1;0;0;-1;-1;-1;-1;-1;-1;-1;-1;-1;0;0;25;50;100;0;50;75;50;12.5;3.5;4;1.75;Central Coast Mariners;Brisbane Roar;2;1.69;2;1.5;1.5;2.25;100;100;75;50;0;100;75;50;0;0;0;99;29;Y;N;N;N;N;N;N
32974;602;606;2013/2014;complete;144;6;-1;;27,45;0;2;2;7;7;14;3;0;4;3;0;0;4;4;5;5;9;9;15;15;50;50;4;3;2.24;3.5;3.35;0;0;0;0;0;0;0;0;0;0;0;0;0;0;0;0;0;0;0;0;0;0;0;0;0;0;0;0;0;0;0;0;0;0;0;0;0;0;0;0;0;0;0;0;0;0;0;0;0;0;0;0;0;0;0;0;0;0;0;0;0;0;0;0;0;2;0;2;0;0;0;2;2013-11-15 08:30:00;606;0;25;0;25;0;-1;1;-1;-1;-1;-1;-1;-1;1;0;3;3;1;6;-1;0;0;0;0;0;0;0;0;1;0;1;0;0;1;1;0;0;-1;-1;0;0;-1;-1;-1;-1;-1;-1;-1;-1;-1;0;50;50;50;100;25;75;50;25;11;4;4;2.5;Melbourne City FC;Sydney FC;1.29;0.79;0.5;0;0.4;1.2;100;50;50;50;0;100;100;75;0;0;0;99;27;Y;Y;N;N;N;N;N
32975;600;601;2013/2014;complete;144;6;-1;69;53;1;1;2;5;6;11;3;0;1;2;0;0;2;4;3;3;5;7;9;17;50;50;1;2;1.86;3.61;4.63;0;0;0;0;0;0;0;0;0;0;0;0;0;0;0;0;0;0;0;0;0;0;0;0;0;0;0;0;0;0;0;0;0;0;0;0;0;0;0;0;0;0;0;0;0;0;0;0;0;0;0;0;0;0;0;0;0;0;0;0;0;0;0;0;0;2;0;0;1;1;2;0;2013-11-16 06:30:00;-1;0;25;0;25;0;-1;1;-1;-1;-1;-1;-1;-1;0;0;1;2;0;3;-1;0;0;0;0;0;0;0;0;0;0;0;0;0;1;1;0;0;-1;-1;0;0;-1;-1;-1;-1;-1;-1;-1;-1;-1;0;0;25;25;100;0;50;50;25;5.5;5.5;3;1.5;Perth Glory FC;Adelaide United;1.69;0.87;3;0;1.6;0.8;100;100;75;75;0;75;75;25;0;0;0;99;27;Y;Y;N;N;N;N;Y
32976;608;607;2013/2014;complete;144;6;-1;82;;1;0;1;6;5;11;3;0;2;1;0;0;3;5;4;6;7;11;11;8;49;51;2;1;1.71;3.9;5.24;0;0;0;0;0;0;0;0;0;0;0;0;0;0;0;0;0;0;0;0;0;0;0;0;0;0;0;0;0;0;0;0;0;0;0;0;0;0;0;0;0;0;0;0;0;0;0;0;0;0;0;0;0;0;0;0;0;0;0;0;0;0;0;0;0;1;0;0;1;0;1;0;2013-11-16 08:45:00;608;0;100;25;25;0;-1;1;-1;-1;-1;-1;-1;-1;1;0;1;1;1;2;-1;0;0;0;0;0;0;0;0;0;0;0;0;0;1;1;0;0;-1;-1;1;0;-1;-1;-1;-1;-1;-1;-1;-1;-1;25;50;75;100;100;50;75;75;50;13;11;6.5;3.5;Western Sydney Wanderers;Melbourne Victory FC;1.86;1.13;2;0.5;2.2;1.6;75;50;25;0;0;75;75;75;0;0;0;99;29;Y;N;N;N;N;N;N
32977;605;604;2013/2014;complete;144;6;-1;51,74;39;2;1;3;5;3;8;2;0;4;2;1;0;2;2;3;3;5;5;17;12;43;57;6;2;3.25;3.45;2.31;0;0;0;0;0;0;0;0;0;0;0;0;0;0;0;0;0;0;0;0;0;0;0;0;0;0;0;0;0;0;0;0;0;0;0;0;0;0;0;0;0;0;0;0;0;0;0;0;0;0;0;0;0;0;0;0;0;0;0;0;0;0;0;0;0;3;0;1;2;0;2;1;2013-11-17 06:00:00;605;0;42;0;25;0;-1;1;-1;-1;-1;-1;-1;-1;1;2;4;0;3;4;-1;0;0;0;0;0;0;0;0;0;0;0;0;0;1;1;0;0;-1;-1;0;0;-1;-1;-1;-1;-1;-1;-1;-1;-1;0;25;42;42;75;0;17;75;42;11.67;2.83;4.83;1.84;Newcastle Jets FC;Brisbane Roar;1.43;1.69;1;2;1.2;2.4;100;75;59;59;25;59;59;34;0;0;0;99;27;Y;Y;Y;N;N;N;Y
32978;604;608;2013/2014;complete;144;7;-1;5,19,90;28;3;1;4;1;8;9;3;3;0;1;0;0;3;3;4;6;7;9;12;14;44;56;0;1;2.41;3.34;3.17;0;0;0;0;0;0;0;0;0;0;0;0;0;0;0;0;0;0;0;0;0;0;0;0;0;0;0;0;0;0;0;0;0;0;0;0;0;0;0;0;0;0;0;0;0;0;0;0;0;0;0;0;0;0;0;0;0;0;0;0;0;0;0;0;0;4;2;1;1;0;1;3;2013-11-22 09:00:00;604;0;17;0;17;0;-1;1;-1;-1;-1;-1;-1;-1;0;0;0;1;0;1;-1;0;0;0;0;0;0;0;0;0;0;0;0;0;1;1;1;0;-1;-1;0;0;-1;-1;-1;-1;-1;-1;-1;-1;-1;0;25;50;84;100;42;59;67;42;11.17;5;3.5;2.59;Brisbane Roar;Western Sydney Wanderers;2.25;1.27;3;2.33;2;2.33;100;75;50;17;0;75;59;59;0;0;0;99;29;Y;Y;Y;Y;N;N;Y
32979;606;609;2013/2014;complete;144;7;-1;35,90;90;2;1;3;3;12;15;4;3;2;2;1;0;6;8;7;9;13;17;13;14;49;51;3;2;1.73;3.85;5.19;0;0;0;0;0;0;0;0;0;0;0;0;0;0;0;0;0;0;0;0;0;0;0;0;0;0;0;0;0;0;0;0;0;0;0;0;0;0;0;0;0;0;0;0;0;0;0;0;0;0;0;0;0;0;0;0;0;0;0;0;0;0;0;0;0;3;1;0;1;1;2;1;2013-11-23 06:30:00;606;0;67;42;0;0;-1;1;-1;-1;-1;-1;-1;-1;1;1;2;1;2;3;-1;0;0;0;0;0;0;0;0;0;0;0;0;0;1;1;0;0;-1;-1;1;0;-1;-1;-1;-1;-1;-1;-1;-1;-1;42;42;42;100;100;59;100;67;0;10.67;3.17;5.17;3.25;Sydney FC;Wellington Phoenix;2;1;2;0.5;1.5;0.6;59;59;59;0;0;100;84;84;0;0;0;99;27;Y;Y;Y;N;N;N;Y
32980;607;601;2013/2014;complete;144;7;-1;14,68,76;;3;0;3;1;10;11;5;3;5;2;1;0;2;4;3;11;5;15;13;15;31;69;6;2;1.78;3.92;4.69;0;0;0;0;0;0;0;0;0;0;0;0;0;0;0;0;0;0;0;0;0;0;0;0;0;0;0;0;0;0;0;0;0;0;0;0;0;0;0;0;0;0;0;0;0;0;0;0;0;0;0;0;0;0;0;0;0;0;0;0;0;0;0;0;0;3;1;0;2;0;2;1;2013-11-23 08:45:00;607;0;50;17;34;0;-1;1;-1;-1;-1;-1;-1;-1;4;1;2;1;5;3;-1;0;0;0;0;0;0;0;0;0;0;0;0;0;1;1;0;0;-1;-1;0;0;-1;-1;-1;-1;-1;-1;-1;-1;-1;17;17;33;50;84;17;33;67;34;11;4;4.34;2;Melbourne Victory FC;Adelaide United;1.93;0.87;2.33;0.33;1.33;0.83;84;84;67;50;17;84;84;67;0;0;0;99;28;Y;Y;Y;N;N;N;N
32981;600;603;2013/2014;complete;144;7;-1;25;35,90;1;2;3;9;5;14;0;2;2;3;0;0;6;2;1;2;7;4;17;15;57;43;2;3;3.1;3.28;2.48;0;0;0;0;0;0;0;0;0;0;0;0;0;0;0;0;0;0;0;0;0;0;0;0;0;0;0;0;0;0;0;0;0;0;0;0;0;0;0;0;0;0;0;0;0;0;0;0;0;0;0;0;0;0;0;0;0;0;0;0;0;0;0;0;0;3;1;1;0;1;1;2;2013-11-23 10:30:00;603;0;67;0;67;0;-1;1;-1;-1;-1;-1;-1;-1;1;1;1;2;2;3;-1;0;0;0;0;0;0;0;0;0;0;0;0;0;1;1;0;0;-1;-1;0;0;-1;-1;-1;-1;-1;-1;-1;-1;-1;0;50;50;67;100;0;17;84;67;11;3.83;2.83;2.67;Perth Glory FC;Central Coast Mariners;1.69;1.07;2.33;1;1.5;1.2;100;50;50;34;0;75;75;59;0;0;0;99;27;Y;Y;Y;N;N;N;Y
32982;605;602;2013/2014;complete;144;7;-1;38,55,62;58;3;1;4;2;2;4;1;3;5;1;0;0;5;4;7;1;12;5;16;16;57;43;5;1;2.02;3.51;4;0;0;0;0;0;0;0;0;0;0;0;0;0;0;0;0;0;0;0;0;0;0;0;0;0;0;0;0;0;0;0;0;0;0;0;0;0;0;0;0;0;0;0;0;0;0;0;0;0;0;0;0;0;0;0;0;0;0;0;0;0;0;0;0;0;4;1;0;2;1;3;1;2013-11-24 06:00:00;605;0;34;0;17;0;-1;1;-1;-1;-1;-1;-1;-1;4;0;1;1;4;2;-1;0;0;0;0;0;0;0;0;0;0;0;0;0;1;1;0;0;-1;-1;0;0;-1;-1;-1;-1;-1;-1;-1;-1;-1;0;17;50;50;67;0;17;67;50;11.33;5.67;5.67;1.83;Newcastle Jets FC;Melbourne City FC;1.43;0.62;1.67;0.33;1.5;0.33;100;84;50;50;33;50;50;34;0;0;0;99;27;Y;Y;Y;Y;N;N;Y
32983;603;607;2013/2014;complete;144;8;-1;;;0;0;0;3;8;11;1;5;4;3;0;0;3;4;2;5;5;9;12;13;46;54;4;3;2.14;3.53;3.57;0;0;0;0;0;0;0;0;0;0;0;0;0;0;0;0;0;0;0;0;0;0;0;0;0;0;0;0;0;0;0;0;0;0;0;0;0;0;0;0;0;0;0;0;0;0;0;0;0;0;0;0;0;0;0;0;0;0;0;0;0;0;0;0;0;0;0;0;0;0;0;0;2013-11-29 08:30:00;-1;0;50;17;17;0;-1;1;-1;-1;-1;-1;-1;-1;2;2;2;1;4;3;-1;0;0;0;0;0;0;0;0;0;0;0;0;0;1;1;0;0;-1;-1;1;0;-1;-1;-1;-1;-1;-1;-1;-1;-1;17;34;34;50;100;34;50;67;33;9.67;7;4;2.33;Central Coast Mariners;Melbourne Victory FC;2;1.13;1.33;0.33;1.5;1.57;84;67;67;50;0;84;67;50;0;0;0;99;29;N;N;N;N;N;N;N
32984;604;600;2013/2014;complete;144;8;-1;57;;1;0;1;7;9;16;1;2;3;4;0;0;8;3;12;1;20;4;14;16;56;44;3;4;1.48;4.47;7.64;0;0;0;0;0;0;0;0;0;0;0;0;0;0;0;0;0;0;0;0;0;0;0;0;0;0;0;0;0;0;0;0;0;0;0;0;0;0;0;0;0;0;0;0;0;0;0;0;0;0;0;0;0;0;0;0;0;0;0;0;0;0;0;0;0;1;0;0;1;0;1;0;2013-11-30 06:30:00;604;0;50;50;0;0;-1;1;-1;-1;-1;-1;-1;-1;2;2;1;2;4;3;-1;0;0;0;0;0;0;0;0;0;0;0;0;0;1;1;0;0;-1;-1;0;0;-1;-1;-1;-1;-1;-1;-1;-1;-1;0;50;67;84;84;67;67;67;17;8.33;5;3.33;2.84;Brisbane Roar;Perth Glory FC;2.25;0.43;3;0.67;2.14;1.29;100;50;34;17;17;50;33;17;0;0;0;99;27;Y;N;N;N;N;N;N
32985;606;605;2013/2014;complete;144;8;-1;45,60;;2;0;2;5;4;9;1;3;3;0;0;0;4;7;5;5;9;12;12;16;51;49;3;0;2.26;3.45;3.36;0;0;0;0;0;0;0;0;0;0;0;0;0;0;0;0;0;0;0;0;0;0;0;0;0;0;0;0;0;0;0;0;0;0;0;0;0;0;0;0;0;0;0;0;0;0;0;0;0;0;0;0;0;0;0;0;0;0;0;0;0;0;0;0;0;2;1;0;1;0;1;1;2013-11-30 08:45:00;606;0;42;13;29;0;-1;1;-1;-1;-1;-1;-1;-1;2;0;1;0;2;1;-1;0;0;0;0;0;0;0;0;0;0;0;0;0;1;1;0;0;-1;-1;1;0;-1;-1;-1;-1;-1;-1;-1;-1;-1;13;13;42;84;84;25;84;59;29;10;6.58;5.75;2.34;Sydney FC;Newcastle Jets FC;2;1.23;2.25;1.33;1.71;1.71;88;88;59;17;17;100;54;54;0;0;0;99;27;Y;Y;N;N;N;N;N
32986;609;608;2013/2014;complete;144;8;-1;;;0;0;0;10;4;14;2;2;5;3;0;0;9;3;4;4;13;7;19;12;45;55;5;3;3.75;3.46;2.11;0;0;0;0;0;0;0;0;0;0;0;0;0;0;0;0;0;0;0;0;0;0;0;0;0;0;0;0;0;0;0;0;0;0;0;0;0;0;0;0;0;0;0;0;0;0;0;0;0;0;0;0;0;0;0;0;0;0;0;0;0;0;0;0;0;0;0;0;0;0;0;0;2013-12-01 04:00:00;-1;0;59;29;13;0;-1;1;-1;-1;-1;-1;-1;-1;3;1;2;2;4;4;-1;0;0;0;0;0;0;0;0;0;0;0;0;0;1;1;0;0;-1;-1;0;0;-1;-1;-1;-1;-1;-1;-1;-1;-1;0;13;29;71;84;42;71;42;29;10.92;6.25;4.17;1.96;Wellington Phoenix;Western Sydney Wanderers;1.08;1.27;0.67;1.75;0.5;2;100;88;71;29;17;84;59;59;0;0;0;99;27;N;N;N;N;N;N;N
32987;602;601;2013/2014;complete;144;8;-1;54,66,71;3,15,77;3;3;6;3;10;13;8;1;2;3;0;0;0;4;8;4;8;8;21;13;34;66;2;3;2.22;3.44;3.46;0;0;0;0;0;0;0;0;0;0;0;0;0;0;0;0;0;0;0;0;0;0;0;0;0;0;0;0;0;0;0;0;0;0;0;0;0;0;0;0;0;0;0;0;0;0;0;0;0;0;0;0;0;0;0;0;0;0;0;0;0;0;0;0;0;6;0;2;3;1;4;2;2013-12-01 06:00:00;-1;0;42;0;42;0;-1;1;-1;-1;-1;-1;-1;-1;0;0;2;3;0;5;-1;0;0;0;0;0;0;0;1;0;1;0;0;0;1;1;0;1;-1;-1;0;0;-1;-1;-1;-1;-1;-1;-1;-1;-1;0;17;42;71;100;17;59;54;54;10.67;4.08;4.42;2.29;Melbourne City FC;Adelaide United;1.29;0.87;0.33;0.25;0.29;0.71;100;84;59;29;0;88;88;75;0;0;0;99;27;Y;Y;Y;Y;Y;Y;Y
32988;601;604;2013/2014;complete;144;9;-1;7;21,72;1;2;3;8;3;11;0;3;2;2;0;0;8;4;6;3;14;7;9;14;54;46;2;2;4.44;3.67;1.88;0;0;0;0;0;0;0;0;0;0;0;0;0;0;0;0;0;0;0;0;0;0;0;0;0;0;0;0;0;0;0;0;0;0;0;0;0;0;0;0;0;0;0;0;0;0;0;0;0;0;0;0;0;0;0;0;0;0;0;0;0;0;0;0;0;3;1;1;0;1;1;2;2013-12-06 08:30:00;604;0;75;17;17;0;-1;1;-1;-1;-1;-1;-1;-1;0;0;2;2;0;4;-1;0;0;0;0;0;0;0;0;1;0;1;0;0;1;1;1;0;-1;-1;0;0;-1;-1;-1;-1;-1;-1;-1;-1;-1;0;34;75;75;100;34;75;100;59;11.08;1.33;6.58;2.84;Adelaide United;Brisbane Roar;1.92;1.69;1.33;1.5;0.75;2.25;100;67;25;25;0;59;42;42;0;0;0;99;28;Y;Y;Y;N;N;N;Y
32989;600;609;2013/2014;complete;144;9;-1;16,60,82,90;36,49;4;2;6;1;8;9;1;3;2;2;0;0;7;5;2;6;9;11;12;15;57;43;2;2;1.9;3.46;4.66;0;0;0;0;0;0;0;0;0;0;0;0;0;0;0;0;0;0;0;0;0;0;0;0;0;0;0;0;0;0;0;0;0;0;0;0;0;0;0;0;0;0;0;0;0;0;0;0;0;0;0;0;0;0;0;0;0;0;0;0;0;0;0;0;0;6;1;1;3;1;4;2;2013-12-06 10:45:00;600;0;75;29;29;0;-1;1;-1;-1;-1;-1;-1;-1;0;0;2;2;0;4;-1;0;0;0;0;0;0;0;0;0;0;0;0;0;1;1;0;0;-1;-1;0;0;-1;-1;-1;-1;-1;-1;-1;-1;-1;17;17;46;75;100;29;75;88;29;12.58;4.5;3.83;2.54;Perth Glory FC;Wellington Phoenix;1.69;1;1.75;0.33;1.13;0.57;84;84;54;25;0;100;100;88;0;0;0;99;27;Y;Y;Y;Y;Y;Y;Y
32990;608;602;2013/2014;complete;144;9;-1;44;38;1;1;2;10;2;12;0;1;2;1;0;0;6;2;10;5;16;7;15;10;57;43;2;1;1.45;4.59;8.24;0;0;0;0;0;0;0;0;0;0;0;0;0;0;0;0;0;0;0;0;0;0;0;0;0;0;0;0;0;0;0;0;0;0;0;0;0;0;0;0;0;0;0;0;0;0;0;0;0;0;0;0;0;0;0;0;0;0;0;0;0;0;0;0;0;2;1;1;0;0;0;2;2013-12-07 06:30:00;-1;0;46;0;29;0;-1;1;-1;-1;-1;-1;-1;-1;2;0;0;1;2;1;-1;0;0;0;0;0;0;0;0;0;0;0;0;0;1;1;0;0;-1;-1;0;0;-1;-1;-1;-1;-1;-1;-1;-1;-1;0;13;42;59;88;0;29;88;42;11.58;7.08;4.42;2;Western Sydney Wanderers;Melbourne City FC;1.86;0.62;2.33;0.25;1.88;0.38;100;88;59;42;13;59;59;59;0;0;0;99;27;Y;Y;N;N;N;N;Y
32991;603;606;2013/2014;complete;144;9;-1;26;;1;0;1;3;4;7;5;2;1;3;0;0;10;6;2;1;12;7;8;10;57;43;1;3;1.75;3.84;5.1;0;0;0;0;0;0;0;0;0;0;0;0;0;0;0;0;0;0;0;0;0;0;0;0;0;0;0;0;0;0;0;0;0;0;0;0;0;0;0;0;0;0;0;0;0;0;0;0;0;0;0;0;0;0;0;0;0;0;0;0;0;0;0;0;0;1;1;0;0;0;0;1;2013-12-07 08:45:00;603;0;13;0;13;0;-1;1;-1;-1;-1;-1;-1;-1;0;1;1;2;1;3;-1;0;0;0;0;0;0;0;0;0;0;0;0;0;1;1;0;0;-1;-1;0;0;-1;-1;-1;-1;-1;-1;-1;-1;-1;0;17;17;46;88;34;63;42;13;9.83;3.08;4.33;1.67;Central Coast Mariners;Sydney FC;2;0.79;1.25;1;1.43;1.88;100;84;84;54;13;88;75;46;0;0;0;99;28;Y;N;N;N;N;N;N
32992;607;605;2013/2014;complete;144;9;-1;50;44,66;1;2;3;13;2;15;3;1;2;0;0;0;8;4;8;6;16;10;13;14;54;46;2;0;1.85;3.75;4.52;0;0;0;0;0;0;0;0;0;0;0;0;0;0;0;0;0;0;0;0;0;0;0;0;0;0;0;0;0;0;0;0;0;0;0;0;0;0;0;0;0;0;0;0;0;0;0;0;0;0;0;0;0;0;0;0;0;0;0;0;0;0;0;0;0;3;0;1;1;1;2;1;2013-12-08 06:00:00;605;0;25;13;13;0;-1;1;-1;-1;-1;-1;-1;-1;1;0;1;0;1;1;-1;0;0;0;0;0;0;0;0;0;0;0;0;0;1;1;0;0;-1;-1;0;0;-1;-1;-1;-1;-1;-1;-1;-1;-1;13;13;38;63;75;13;63;75;25;10.75;7.25;5.75;2;Melbourne Victory FC;Newcastle Jets FC;1.93;1.23;2.5;1;1.5;1.5;88;88;63;38;25;100;63;63;0;0;0;99;27;Y;Y;Y;N;N;N;Y
32993;607;600;2013/2014;complete;144;10;-1;36,89;;2;0;2;9;7;16;0;2;2;3;0;0;11;3;9;6;20;9;11;15;52;48;2;3;1.6;3.95;6.6;0;0;0;0;0;0;0;0;0;0;0;0;0;0;0;0;0;0;0;0;0;0;0;0;0;0;0;0;0;0;0;0;0;0;0;0;0;0;0;0;0;0;0;0;0;0;0;0;0;0;0;0;0;0;0;0;0;0;0;0;0;0;0;0;0;2;1;0;1;0;1;1;2013-12-13 08:30:00;607;0;45;35;10;0;-1;1;-1;-1;-1;-1;-1;-1;1;1;1;2;2;3;-1;0;0;0;0;0;0;0;0;0;0;0;0;0;1;1;0;0;-1;-1;1;0;-1;-1;-1;-1;-1;-1;-1;-1;-1;10;23;43;55;78;35;55;65;20;12.9;5.2;6.45;2.08;Melbourne Victory FC;Perth Glory FC;1.93;0.43;2;0.5;1.33;1.33;90;78;58;45;23;75;75;63;0;0;0;99;27;Y;Y;N;N;N;N;N
32994;609;604;2013/2014;complete;144;10;-1;47;37,74;1;2;3;10;1;11;3;2;4;1;0;0;8;3;8;6;16;9;14;9;50;50;4;1;4.55;3.51;1.9;0;0;0;0;0;0;0;0;0;0;0;0;0;0;0;0;0;0;0;0;0;0;0;0;0;0;0;0;0;0;0;0;0;0;0;0;0;0;0;0;0;0;0;0;0;0;0;0;0;0;0;0;0;0;0;0;0;0;0;0;0;0;0;0;0;3;0;1;1;1;2;1;2013-12-14 04:30:00;604;0;55;23;0;0;-1;1;-1;-1;-1;-1;-1;-1;3;1;1;0;4;1;-1;0;0;0;0;0;0;0;1;0;1;0;0;0;1;1;0;0;-1;-1;0;0;-1;-1;-1;-1;-1;-1;-1;-1;-1;0;0;43;55;75;23;55;63;33;11.2;4.9;4.7;1.73;Wellington Phoenix;Brisbane Roar;1.08;1.69;0.75;1.8;0.5;2.33;100;100;58;45;25;68;68;68;0;0;0;99;27;Y;Y;Y;N;N;N;Y
32995;601;603;2013/2014;complete;144;10;-1;25,40,54,90;;4;0;4;2;5;7;1;2;2;5;0;0;3;5;8;6;11;11;19;11;48;52;2;5;3.48;3.44;2.21;0;0;0;0;0;0;0;0;0;0;0;0;0;0;0;0;0;0;0;0;0;0;0;0;0;0;0;0;0;0;0;0;0;0;0;0;0;0;0;0;0;0;0;0;0;0;0;0;0;0;0;0;0;0;0;0;0;0;0;0;0;0;0;0;0;4;2;0;2;0;2;2;2013-12-14 06:30:00;601;0;100;42;46;0;-1;1;-1;-1;-1;-1;-1;-1;2;3;0;2;5;2;-1;0;0;0;0;0;0;0;0;0;0;0;0;0;1;1;0;0;-1;-1;0;0;-1;-1;-1;-1;-1;-1;-1;-1;-1;0;59;100;100;100;54;67;100;59;12.33;1.25;5.75;3.59;Adelaide United;Central Coast Mariners;1.92;1.07;1;1.67;0.67;1.63;100;42;0;0;0;71;59;59;0;0;0;99;28;Y;Y;Y;Y;N;N;N
32996;605;608;2013/2014;complete;144;10;-1;;33;0;1;1;4;6;10;2;1;3;1;0;0;4;7;5;5;9;12;11;11;49;51;3;1;3.33;3.3;2.34;0;0;0;0;0;0;0;0;0;0;0;0;0;0;0;0;0;0;0;0;0;0;0;0;0;0;0;0;0;0;0;0;0;0;0;0;0;0;0;0;0;0;0;0;0;0;0;0;0;0;0;0;0;0;0;0;0;0;0;0;0;0;0;0;0;1;0;1;0;0;0;1;2013-12-14 08:45:00;608;0;58;10;35;0;-1;1;-1;-1;-1;-1;-1;-1;2;0;1;1;2;2;-1;0;0;0;0;0;0;0;0;0;0;0;0;0;1;1;0;0;-1;-1;0;0;-1;-1;-1;-1;-1;-1;-1;-1;-1;0;35;48;68;78;20;55;58;48;10.05;3.7;6.6;2.28;Newcastle Jets FC;Western Sydney Wanderers;1.43;1.27;2;1.6;1.67;1.78;100;65;53;33;23;63;43;30;0;0;0;99;27;Y;N;N;N;N;N;N
32997;606;602;2013/2014;complete;144;10;-1;43,45;72;2;1;3;0;4;4;3;3;1;3;0;0;3;9;4;4;7;13;14;13;54;46;1;3;2;3.6;3.96;0;0;0;0;0;0;0;0;0;0;0;0;0;0;0;0;0;0;0;0;0;0;0;0;0;0;0;0;0;0;0;0;0;0;0;0;0;0;0;0;0;0;0;0;0;0;0;0;0;0;0;0;0;0;0;0;0;0;0;0;0;0;0;0;0;3;2;0;0;1;1;2;2013-12-15 06:00:00;606;0;40;20;20;0;-1;1;-1;-1;-1;-1;-1;-1;1;2;0;1;3;1;-1;0;0;0;0;0;0;0;0;0;0;0;0;0;1;1;0;0;-1;-1;0;0;-1;-1;-1;-1;-1;-1;-1;-1;-1;10;20;40;80;90;30;70;60;30;9.6;5.2;4.4;2.4;Sydney FC;Melbourne City FC;2;0.62;2.4;0.4;1.67;0.44;90;80;60;20;10;80;60;60;0;0;0;99;27;Y;Y;Y;N;N;N;Y
32998;603;609;2013/2014;complete;144;6;-1;27;;1;0;1;7;4;11;4;3;2;3;0;0;6;10;1;5;7;15;20;15;39;61;2;3;1.65;3.96;5.85;0;0;0;0;0;0;0;0;0;0;0;0;0;0;0;0;0;0;0;0;0;0;0;0;0;0;0;0;0;0;0;0;0;0;0;0;0;0;0;0;0;0;0;0;0;0;0;0;0;0;0;0;0;0;0;0;0;0;0;0;0;0;0;0;0;1;1;0;0;0;0;1;2013-12-19 08:30:00;603;0;60;25;35;0;-1;1;-1;-1;-1;-1;-1;-1;1;0;1;3;1;4;-1;0;0;0;0;0;0;0;0;0;0;0;0;0;1;1;0;0;-1;-1;0;0;-1;-1;-1;-1;-1;-1;-1;-1;-1;25;25;38;60;90;25;70;70;35;10.9;4.65;4.05;2.5;Central Coast Mariners;Wellington Phoenix;2;1;1.6;0.25;1.44;0.44;75;75;63;40;10;80;58;48;0;0;0;99;27;Y;N;N;N;N;N;N
32999;604;605;2013/2014;complete;144;11;-1;;35,88;0;2;2;8;4;12;2;3;2;2;0;0;6;3;5;2;11;5;7;22;64;36;2;2;1.52;4.43;6.93;0;0;0;0;0;0;0;0;0;0;0;0;0;0;0;0;0;0;0;0;0;0;0;0;0;0;0;0;0;0;0;0;0;0;0;0;0;0;0;0;0;0;0;0;0;0;0;0;0;0;0;0;0;0;0;0;0;0;0;0;0;0;0;0;0;2;0;1;0;1;1;1;2013-12-20 09:00:00;605;0;33;13;20;0;-1;1;-1;-1;-1;-1;-1;-1;1;1;1;1;2;2;-1;0;0;0;0;0;0;0;0;0;0;0;0;0;1;1;0;0;-1;-1;0;0;-1;-1;-1;-1;-1;-1;-1;-1;-1;0;25;58;78;90;25;65;90;33;8.95;5.9;2.8;2.5;Brisbane Roar;Newcastle Jets FC;2.25;1.23;3;1.4;2.4;1.5;100;75;43;23;10;88;45;45;0;0;0;99;27;Y;Y;N;N;N;N;N
33000;602;607;2013/2014;complete;144;11;-1;80;38,60,63;1;3;4;5;2;7;2;2;1;3;1;0;4;4;6;8;10;12;18;17;44;56;3;3;4.07;3.64;1.96;0;0;0;0;0;0;0;0;0;0;0;0;0;0;0;0;0;0;0;0;0;0;0;0;0;0;0;0;0;0;0;0;0;0;0;0;0;0;0;0;0;0;0;0;0;0;0;0;0;0;0;0;0;0;0;0;0;0;0;0;0;0;0;0;0;4;0;1;1;2;3;1;2013-12-21 08:45:00;607;0;50;13;25;0;-1;1;-1;-1;-1;-1;-1;-1;1;1;1;2;2;3;-1;0;0;0;0;0;0;0;0;0;0;0;0;0;1;1;0;0;-1;-1;0;0;-1;-1;-1;-1;-1;-1;-1;-1;-1;25;50;50;63;88;50;63;50;38;11.5;8.75;5.25;2.88;Melbourne City FC;Melbourne Victory FC;1.29;1.13;0.5;0.5;0.4;1.5;75;50;50;38;13;100;100;100;0;0;0;99;27;Y;Y;Y;Y;N;N;Y
33001;609;606;2013/2014;complete;144;11;-1;33;;1;0;1;5;4;9;8;2;2;1;0;0;5;3;7;5;12;8;10;12;45;55;2;1;2.3;3.48;3.25;0;0;0;0;0;0;0;0;0;0;0;0;0;0;0;0;0;0;0;0;0;0;0;0;0;0;0;0;0;0;0;0;0;0;0;0;0;0;0;0;0;0;0;0;0;0;0;0;0;0;0;0;0;0;0;0;0;0;0;0;0;0;0;0;0;1;1;0;0;0;0;1;2013-12-22 06:00:00;609;0;30;10;10;0;-1;1;-1;-1;-1;-1;-1;-1;0;0;2;1;0;3;-1;0;0;0;0;0;0;0;0;0;0;0;0;0;1;1;0;0;-1;-1;0;0;-1;-1;-1;-1;-1;-1;-1;-1;-1;0;13;33;55;80;35;80;33;20;12.55;4.9;5.3;1.8;Wellington Phoenix;Sydney FC;1.08;0.79;0.6;0.75;0.4;1.8;100;88;68;45;20;78;78;65;0;0;0;99;27;Y;N;N;N;N;N;N
33002;600;601;2013/2014;complete;144;11;-1;;;0;0;0;4;5;9;2;3;2;4;0;0;6;8;1;5;7;13;11;12;47;53;2;4;2.12;3.5;3.65;0;0;0;0;0;0;0;0;0;0;0;0;0;0;0;0;0;0;0;0;0;0;0;0;0;0;0;0;0;0;0;0;0;0;0;0;0;0;0;0;0;0;0;0;0;0;0;0;0;0;0;0;0;0;0;0;0;0;0;0;0;0;0;0;0;0;0;0;0;0;0;0;2013-12-22 08:00:00;-1;0;60;20;50;0;-1;1;-1;-1;-1;-1;-1;-1;0;2;2;2;2;4;-1;0;0;0;0;0;0;0;0;0;0;0;0;0;1;1;0;0;-1;-1;0;0;-1;-1;-1;-1;-1;-1;-1;-1;-1;20;20;50;70;100;30;60;80;60;10.4;3.8;3.6;2.8;Perth Glory FC;Adelaide United;1.69;0.87;2;0.4;1.2;0.9;80;80;50;30;0;90;80;60;0;0;0;99;27;N;N;N;N;N;N;N
33003;608;603;2013/2014;complete;144;11;-1;20,33;;2;0;2;9;6;15;2;1;3;3;0;0;12;4;5;4;17;8;16;16;47;53;3;3;1.79;3.59;5.14;0;0;0;0;0;0;0;0;0;0;0;0;0;0;0;0;0;0;0;0;0;0;0;0;0;0;0;0;0;0;0;0;0;0;0;0;0;0;0;0;0;0;0;0;0;0;0;0;0;0;0;0;0;0;0;0;0;0;0;0;0;0;0;0;0;2;2;0;0;0;0;2;2013-12-23 08:00:00;608;0;75;25;38;0;-1;1;-1;-1;-1;-1;-1;-1;2;0;1;3;2;4;-1;0;0;0;0;0;0;0;0;0;0;0;0;0;1;1;0;0;-1;-1;0;0;-1;-1;-1;-1;-1;-1;-1;-1;-1;0;38;63;88;100;38;50;88;50;13.25;3.75;5.25;2.88;Western Sydney Wanderers;Central Coast Mariners;1.86;1.07;2;1.25;1.9;1.6;100;63;38;13;0;63;63;63;0;0;0;99;29;Y;Y;N;N;N;N;N
33004;606;604;2013/2014;complete;144;12;-1;11,90;20,23,36,78,90;2;5;7;9;1;10;1;5;2;2;0;0;6;6;2;5;8;11;18;6;46;54;2;2;3.7;3.56;2.09;0;0;0;0;0;0;0;0;0;0;0;0;0;0;0;0;0;0;0;0;0;0;0;0;0;0;0;0;0;0;0;0;0;0;0;0;0;0;0;0;0;0;0;0;0;0;0;0;0;0;0;0;0;0;0;0;0;0;0;0;0;0;0;0;0;7;1;3;1;2;3;4;2013-12-26 08:30:00;604;0;59;17;17;0;-1;1;-1;-1;-1;-1;-1;-1;1;1;1;1;2;2;-1;0;0;0;0;0;0;0;0;2;0;2;0;0;1;1;0;0;-1;-1;0;0;-1;-1;-1;-1;-1;-1;-1;-1;-1;9;9;59;84;100;34;84;84;34;8.67;3.67;4.5;2.58;Sydney FC;Brisbane Roar;2;1.69;2.5;2;1.64;2.18;92;92;42;17;0;75;59;59;0;0;0;99;28;Y;Y;Y;Y;Y;Y;Y
33005;602;609;2013/2014;complete;144;12;-1;;75;0;1;1;9;7;16;4;3;2;1;0;0;7;5;8;7;15;12;18;11;48;52;2;1;2.41;3.42;3.1;0;0;0;0;0;0;0;0;0;0;0;0;0;0;0;0;0;0;0;0;0;0;0;0;0;0;0;0;0;0;0;0;0;0;0;0;0;0;0;0;0;0;0;0;0;0;0;0;0;0;0;0;0;0;0;0;0;0;0;0;0;0;0;0;0;1;0;0;0;1;1;0;2013-12-27 08:30:00;609;0;70;20;50;0;-1;1;-1;-1;-1;-1;-1;-1;2;1;0;0;3;0;-1;0;0;0;0;0;0;0;0;0;0;0;0;0;1;1;0;0;-1;-1;0;0;-1;-1;-1;-1;-1;-1;-1;-1;-1;30;50;60;80;100;40;90;70;50;11.8;5.8;5;3.4;Melbourne City FC;Wellington Phoenix;1.29;1;0.4;0.2;0.36;0.64;70;50;40;20;0;90;80;80;0;0;0;99;27;Y;N;N;N;N;N;N
33006;607;608;2013/2014;complete;144;12;-1;90;71;1;1;2;5;5;10;4;0;1;3;0;0;5;5;8;4;13;9;7;17;52;48;1;3;2.64;3.37;2.82;0;0;0;0;0;0;0;0;0;0;0;0;0;0;0;0;0;0;0;0;0;0;0;0;0;0;0;0;0;0;0;0;0;0;0;0;0;0;0;0;0;0;0;0;0;0;0;0;0;0;0;0;0;0;0;0;0;0;0;0;0;0;0;0;0;2;0;0;1;1;2;0;2013-12-28 08:45:00;-1;0;33;17;17;0;-1;1;-1;-1;-1;-1;-1;-1;0;1;1;2;1;3;-1;0;0;0;0;0;0;0;0;0;0;0;0;0;1;1;0;0;-1;-1;0;0;-1;-1;-1;-1;-1;-1;-1;-1;-1;9;17;34;59;83;25;67;58;25;13.5;4.67;5.33;2;Melbourne Victory FC;Western Sydney Wanderers;1.93;1.27;2.17;1.83;1.64;2;92;83;67;42;17;100;84;75;0;0;0;99;29;Y;Y;N;N;N;N;Y
33007;601;605;2013/2014;complete;144;12;-1;26;;1;0;1;9;5;14;2;3;3;4;0;0;5;4;0;5;5;9;11;16;58;42;3;4;2.31;3.47;3.24;0;0;0;0;0;0;0;0;0;0;0;0;0;0;0;0;0;0;0;0;0;0;0;0;0;0;0;0;0;0;0;0;0;0;0;0;0;0;0;0;0;0;0;0;0;0;0;0;0;0;0;0;0;0;0;0;0;0;0;0;0;0;0;0;0;1;1;0;0;0;0;1;2013-12-29 06:00:00;601;0;57;20;27;0;-1;1;-1;-1;-1;-1;-1;-1;1;2;2;2;3;4;-1;0;0;0;0;0;0;0;0;0;0;0;0;0;1;1;0;0;-1;-1;0;0;-1;-1;-1;-1;-1;-1;-1;-1;-1;0;30;67;92;92;40;92;92;47;9.37;3.73;5.23;2.8;Adelaide United;Newcastle Jets FC;1.92;1.23;1.4;1.67;0.91;1.64;100;70;34;9;9;80;45;45;0;0;0;99;27;Y;N;N;N;N;N;N
33008;603;600;2013/2014;complete;144;12;-1;12,90;84;2;1;3;5;2;7;2;5;1;2;0;1;5;2;5;5;10;7;9;14;56;44;1;3;1.68;3.84;5.72;0;0;0;0;0;0;0;0;0;0;0;0;0;0;0;0;0;0;0;0;0;0;0;0;0;0;0;0;0;0;0;0;0;0;0;0;0;0;0;0;0;0;0;0;0;0;0;0;0;0;0;0;0;0;0;0;0;0;0;0;0;0;0;0;0;3;1;0;1;1;2;1;2013-12-31 07:00:00;603;0;29;20;9;0;-1;1;-1;-1;-1;-1;-1;-1;0;0;1;3;0;4;-1;0;0;0;0;0;0;0;0;1;0;1;0;0;1;1;0;0;-1;-1;0;0;-1;-1;-1;-1;-1;-1;-1;-1;-1;0;10;10;39;82;20;55;47;9;9.8;4.67;5.03;1.4;Central Coast Mariners;Perth Glory FC;2;0.43;1.83;0.4;1.45;1.18;100;90;90;62;19;64;55;37;0;0;0;99;27;Y;Y;Y;N;N;N;Y
33009;608;609;2013/2014;complete;144;13;-1;62;67,78,83;1;3;4;7;4;11;4;1;1;3;0;0;6;0;3;3;9;3;15;10;45;55;1;3;1.48;4.37;8.18;0;0;0;0;0;0;0;0;0;0;0;0;0;0;0;0;0;0;0;0;0;0;0;0;0;0;0;0;0;0;0;0;0;0;0;0;0;0;0;0;0;0;0;0;0;0;0;0;0;0;0;0;0;0;0;0;0;0;0;0;0;0;0;0;0;4;0;0;1;3;4;0;2014-01-01 08:00:00;609;0;64;27;27;0;-1;1;-1;-1;-1;-1;-1;-1;0;1;1;2;1;3;-1;0;0;0;0;0;0;0;0;0;0;0;0;0;1;1;0;0;-1;-1;0;0;-1;-1;-1;-1;-1;-1;-1;-1;-1;17;17;35;74;100;37;72;72;27;14.43;4.9;4.77;2.5;Western Sydney Wanderers;Wellington Phoenix;1.86;1;2.2;0.67;1.92;0.83;84;84;65;27;0;90;82;82;0;0;0;99;27;Y;Y;Y;Y;N;N;Y
33010;601;606;2013/2014;complete;144;13;-1;24,67;8,82;2;2;4;7;4;11;3;5;2;2;0;1;4;5;4;1;8;6;12;13;61;39;2;3;1.95;3.71;4.11;0;0;0;0;0;0;0;0;0;0;0;0;0;0;0;0;0;0;0;0;0;0;0;0;0;0;0;0;0;0;0;0;0;0;0;0;0;0;0;0;0;0;0;0;0;0;0;0;0;0;0;0;0;0;0;0;0;0;0;0;0;0;0;0;0;4;1;1;1;1;2;2;2014-01-03 08:30:00;-1;0;34;17;9;0;-1;1;-1;-1;-1;-1;-1;-1;1;1;1;2;2;3;-1;0;0;0;0;0;0;0;1;0;1;0;0;0;1;1;0;1;-1;-1;0;0;-1;-1;-1;-1;-1;-1;-1;-1;-1;0;35;52;62;100;54;100;52;25;11.23;2.27;5.53;2.49;Adelaide United;Sydney FC;1.92;0.79;1.67;0.6;1.08;1.5;100;65;49;39;0;74;55;45;0;0;0;99;28;Y;Y;Y;Y;N;N;Y
33011;605;600;2013/2014;complete;144;13;-1;;38;0;1;1;6;3;9;1;2;2;3;0;0;4;2;12;4;16;6;11;15;59;41;2;3;1.86;3.65;4.67;0;0;0;0;0;0;0;0;0;0;0;0;0;0;0;0;0;0;0;0;0;0;0;0;0;0;0;0;0;0;0;0;0;0;0;0;0;0;0;0;0;0;0;0;0;0;0;0;0;0;0;0;0;0;0;0;0;0;0;0;0;0;0;0;0;1;0;1;0;0;0;1;2014-01-04 06:30:00;600;0;55;17;29;0;-1;1;-1;-1;-1;-1;-1;-1;0;1;2;2;1;4;-1;0;0;0;0;0;0;0;0;0;0;0;0;0;1;1;0;0;-1;-1;0;0;-1;-1;-1;-1;-1;-1;-1;-1;-1;0;29;47;64;82;17;64;64;39;9.37;4.1;6.97;2.2;Newcastle Jets FC;Perth Glory FC;1.43;0.43;1.6;0.33;1.5;1.08;100;72;54;37;19;45;45;17;0;0;0;99;27;Y;N;N;N;N;N;N
33012;607;604;2013/2014;complete;144;13;-1;;28,55,67;0;3;3;5;4;9;2;2;1;3;1;0;4;7;6;4;10;11;15;15;46;54;2;3;2.52;3.47;2.93;0;0;0;0;0;0;0;0;0;0;0;0;0;0;0;0;0;0;0;0;0;0;0;0;0;0;0;0;0;0;0;0;0;0;0;0;0;0;0;0;0;0;0;0;0;0;0;0;0;0;0;0;0;0;0;0;0;0;0;0;0;0;0;0;0;3;0;1;0;2;2;1;2014-01-04 08:45:00;604;0;57;22;29;0;-1;1;-1;-1;-1;-1;-1;-1;0;1;2;2;1;4;-1;0;0;0;0;0;0;0;0;0;0;0;0;0;1;1;0;0;-1;-1;0;0;-1;-1;-1;-1;-1;-1;-1;-1;-1;14;14;57;71;93;22;64;93;50;11.29;4.86;4.71;2.65;Melbourne Victory FC;Brisbane Roar;1.93;1.69;2;2.14;1.58;2.25;86;86;43;29;7;86;86;72;0;0;0;99;29;Y;Y;Y;N;N;N;N
33013;603;602;2013/2014;complete;144;13;-1;;;0;0;0;2;7;9;0;8;1;0;0;0;3;5;3;8;6;13;15;16;45;55;1;0;1.58;4.1;6.75;0;0;0;0;0;0;0;0;0;0;0;0;0;0;0;0;0;0;0;0;0;0;0;0;0;0;0;0;0;0;0;0;0;0;0;0;0;0;0;0;0;0;0;0;0;0;0;0;0;0;0;0;0;0;0;0;0;0;0;0;0;0;0;0;0;0;0;0;0;0;0;0;2014-01-05 06:00:00;-1;0;40;9;23;0;-1;1;-1;-1;-1;-1;-1;-1;1;0;0;0;1;0;-1;0;0;0;0;0;0;0;0;0;0;0;0;0;1;1;0;0;-1;-1;0;0;-1;-1;-1;-1;-1;-1;-1;-1;-1;0;9;32;48;85;17;54;55;31;8.64;5.74;3.54;1.73;Central Coast Mariners;Melbourne City FC;2;0.62;2;0.33;1.58;0.33;100;92;68;52;16;54;47;40;0;0;0;99;27;N;N;N;N;N;N;N
33014;605;607;2013/2014;complete;144;14;-1;42;49;1;1;2;9;5;14;2;7;0;3;0;0;6;3;11;2;17;5;8;16;54;46;0;3;2.84;3.41;2.6;0;0;0;0;0;0;0;0;0;0;0;0;0;0;0;0;0;0;0;0;0;0;0;0;0;0;0;0;0;0;0;0;0;0;0;0;0;0;0;0;0;0;0;0;0;0;0;0;0;0;0;0;0;0;0;0;0;0;0;0;0;0;0;0;0;2;1;0;0;1;1;1;2014-01-10 08:30:00;-1;0;55;10;27;0;-1;1;-1;-1;-1;-1;-1;-1;0;1;0;2;1;2;-1;0;0;0;0;0;0;0;0;0;0;0;0;0;1;1;0;0;-1;-1;0;0;-1;-1;-1;-1;-1;-1;-1;-1;-1;10;47;55;55;82;20;64;55;45;10.1;5.9;6.3;2.49;Newcastle Jets FC;Melbourne Victory FC;1.43;1.13;1.33;1;1.38;1.46;90;54;45;45;19;65;57;40;0;0;0;99;27;Y;Y;N;N;N;N;Y
33015;600;602;2013/2014;complete;144;14;-1;64,86,89;;3;0;3;5;5;10;0;1;1;4;0;1;6;9;8;8;14;17;10;16;46;54;1;5;1.88;3.53;4.68;0;0;0;0;0;0;0;0;0;0;0;0;0;0;0;0;0;0;0;0;0;0;0;0;0;0;0;0;0;0;0;0;0;0;0;0;0;0;0;0;0;0;0;0;0;0;0;0;0;0;0;0;0;0;0;0;0;0;0;0;0;0;0;0;0;3;0;0;3;0;3;0;2014-01-10 10:45:00;600;0;47;24;24;0;-1;1;-1;-1;-1;-1;-1;-1;1;1;0;4;2;4;-1;0;0;0;0;0;0;0;0;0;0;0;0;0;1;1;0;0;-1;-1;0;0;-1;-1;-1;-1;-1;-1;-1;-1;-1;9;16;38;54;77;31;47;62;31;9.19;6.03;3.24;2.02;Perth Glory FC;Melbourne City FC;1.69;0.62;1.83;0.43;1.23;0.38;92;85;62;47;23;79;55;47;0;0;0;99;27;Y;Y;Y;N;N;N;N
33016;604;601;2013/2014;complete;144;14;-1;80;21,90;1;2;3;4;2;6;4;1;4;3;1;0;7;0;1;8;8;8;10;19;49;51;5;3;1.43;4.75;8.23;0;0;0;0;0;0;0;0;0;0;0;0;0;0;0;0;0;0;0;0;0;0;0;0;0;0;0;0;0;0;0;0;0;0;0;0;0;0;0;0;0;0;0;0;0;0;0;0;0;0;0;0;0;0;0;0;0;0;0;0;0;0;0;0;0;3;0;1;1;1;2;1;2014-01-11 06:30:00;601;0;35;10;25;0;-1;1;-1;-1;-1;-1;-1;-1;4;0;1;3;4;4;-1;0;0;0;0;0;0;0;0;0;0;0;0;0;1;1;0;0;-1;-1;0;0;-1;-1;-1;-1;-1;-1;-1;-1;-1;9;29;55;74;92;29;55;84;44;11.23;4.23;3.53;2.65;Brisbane Roar;Adelaide United;2.25;0.87;2.4;0.5;2.31;1.08;92;72;45;27;9;82;64;55;0;0;0;99;28;Y;Y;Y;N;N;N;Y
33017;608;606;2013/2014;complete;144;14;-1;87;;1;0;1;3;6;9;4;2;1;4;0;0;2;6;4;2;6;8;18;16;53;47;1;4;1.57;4.22;6.39;0;0;0;0;0;0;0;0;0;0;0;0;0;0;0;0;0;0;0;0;0;0;0;0;0;0;0;0;0;0;0;0;0;0;0;0;0;0;0;0;0;0;0;0;0;0;0;0;0;0;0;0;0;0;0;0;0;0;0;0;0;0;0;0;0;1;0;0;1;0;1;0;2014-01-11 08:45:00;608;0;42;17;25;0;-1;1;-1;-1;-1;-1;-1;-1;0;1;1;3;1;4;-1;0;0;0;0;0;0;0;0;0;0;0;0;0;1;1;0;0;-1;-1;0;0;-1;-1;-1;-1;-1;-1;-1;-1;-1;0;25;33;67;100;42;75;50;25;12.67;4.84;4.66;2.25;Western Sydney Wanderers;Sydney FC;1.86;0.79;1.83;0.67;1.77;1.46;100;75;67;34;0;83;75;67;0;0;0;99;28;Y;N;N;N;N;N;N
33018;609;603;2013/2014;complete;144;14;-1;45;16;1;1;2;7;1;8;3;2;2;5;0;0;4;0;4;6;8;6;16;13;50;50;2;5;2.54;3.37;2.95;0;0;0;0;0;0;0;0;0;0;0;0;0;0;0;0;0;0;0;0;0;0;0;0;0;0;0;0;0;0;0;0;0;0;0;0;0;0;0;0;0;0;0;0;0;0;0;0;0;0;0;0;0;0;0;0;0;0;0;0;0;0;0;0;0;2;1;1;0;0;0;2;2014-01-12 06:00:00;-1;0;55;19;29;0;-1;1;-1;-1;-1;-1;-1;-1;0;0;2;5;0;7;-1;0;0;0;0;0;0;0;0;0;0;0;0;0;1;1;0;0;-1;-1;0;0;-1;-1;-1;-1;-1;-1;-1;-1;-1;0;30;57;75;84;39;64;57;47;12.5;5.37;5.47;2.45;Wellington Phoenix;Central Coast Mariners;1.08;1.07;1;1;1;1.54;100;70;44;25;17;72;64;64;0;0;0;99;27;Y;Y;N;N;N;N;Y
33019;607;608;2013/2014;complete;144;19;-1;52,62,90;90;3;1;4;0;14;14;3;0;1;4;0;0;6;7;5;5;11;12;12;16;42;58;1;4;2.76;3.31;2.73;0;0;0;0;0;0;0;0;0;0;0;0;0;0;0;0;0;0;0;0;0;0;0;0;0;0;0;0;0;0;0;0;0;0;0;0;0;0;0;0;0;0;0;0;0;0;0;0;0;0;0;0;0;0;0;0;0;0;0;0;0;0;0;0;0;4;0;0;3;1;4;0;2014-01-14 08:30:00;607;0;41;14;27;0;-1;1;-1;-1;-1;-1;-1;-1;0;0;1;4;0;5;-1;0;0;0;0;0;0;0;0;0;0;0;0;0;1;1;0;0;-1;-1;0;0;-1;-1;-1;-1;-1;-1;-1;-1;-1;7;14;32;66;87;21;60;66;40;12.71;4.46;5.06;2.05;Melbourne Victory FC;Western Sydney Wanderers;1.93;1.27;1.75;1.71;1.43;1.86;94;87;68;34;14;100;80;59;0;0;0;99;29;Y;Y;Y;Y;N;N;Y
33020;602;605;2013/2014;complete;144;15;-1;44,45,68;37;3;1;4;7;4;11;3;1;0;5;0;0;8;8;8;2;16;10;13;16;49;51;0;5;2.67;3.36;2.79;0;0;0;0;0;0;0;0;0;0;0;0;0;0;0;0;0;0;0;0;0;0;0;0;0;0;0;0;0;0;0;0;0;0;0;0;0;0;0;0;0;0;0;0;0;0;0;0;0;0;0;0;0;0;0;0;0;0;0;0;0;0;0;0;0;4;2;1;1;0;1;3;2014-01-17 08:30:00;602;0;40;0;40;0;-1;1;-1;-1;-1;-1;-1;-1;0;2;0;3;2;3;-1;0;0;0;0;0;0;0;0;0;0;0;0;0;1;1;0;0;-1;-1;0;1;-1;-1;-1;-1;-1;-1;-1;-1;-1;9;25;40;69;93;17;77;69;40;9.96;6.79;4.64;2.43;Melbourne City FC;Newcastle Jets FC;1.29;1.23;0.33;1.43;0.36;1.36;92;75;61;31;7;92;70;70;0;0;0;99;27;Y;Y;Y;Y;N;N;Y
33021;600;604;2013/2014;complete;144;15;-1;;;0;0;0;7;5;12;1;2;3;4;0;1;4;2;4;6;8;8;16;7;50;50;3;5;4.36;3.64;1.9;0;0;0;0;0;0;0;0;0;0;0;0;0;0;0;0;0;0;0;0;0;0;0;0;0;0;0;0;0;0;0;0;0;0;0;0;0;0;0;0;0;0;0;0;0;0;0;0;0;0;0;0;0;0;0;0;0;0;0;0;0;0;0;0;0;0;0;0;0;0;0;0;2014-01-17 10:45:00;-1;0;53;27;27;0;-1;1;-1;-1;-1;-1;-1;-1;2;3;1;2;5;3;-1;0;0;0;0;0;0;0;0;0;0;0;0;0;1;1;0;0;-1;-1;0;1;-1;-1;-1;-1;-1;-1;-1;-1;-1;14;14;59;66;93;27;59;86;53;8.43;3.86;3.7;2.65;Perth Glory FC;Brisbane Roar;1.69;1.69;2;2.25;1.36;2.14;87;87;41;34;7;88;67;47;0;0;0;99;27;N;N;N;N;N;N;N
33022;609;607;2013/2014;complete;144;15;-1;18,45,45,86,88;;5;0;5;5;6;11;2;4;1;4;0;0;6;3;6;6;12;9;10;18;50;50;1;4;2.46;3.54;2.93;0;0;0;0;0;0;0;0;0;0;0;0;0;0;0;0;0;0;0;0;0;0;0;0;0;0;0;0;0;0;0;0;0;0;0;0;0;0;0;0;0;0;0;0;0;0;0;0;0;0;0;0;0;0;0;0;0;0;0;0;0;0;0;0;0;5;3;0;2;0;2;3;2014-01-18 06:30:00;609;0;62;23;16;0;-1;1;-1;-1;-1;-1;-1;-1;1;1;0;3;2;3;-1;0;0;0;0;0;0;0;1;0;1;0;0;0;1;1;0;0;-1;-1;0;0;-1;-1;-1;-1;-1;-1;-1;-1;-1;9;25;40;62;77;31;69;48;31;12.07;8.83;5.4;2.12;Wellington Phoenix;Melbourne Victory FC;1.08;1.13;1;1;1;1.53;92;75;61;38;23;77;70;70;0;0;0;99;27;Y;Y;Y;Y;Y;N;N
33023;606;603;2013/2014;complete;144;15;-1;;58;0;1;1;3;7;10;6;5;3;1;0;0;3;4;6;9;9;13;13;10;55;45;3;1;2.52;3.46;2.91;0;0;0;0;0;0;0;0;0;0;0;0;0;0;0;0;0;0;0;0;0;0;0;0;0;0;0;0;0;0;0;0;0;0;0;0;0;0;0;0;0;0;0;0;0;0;0;0;0;0;0;0;0;0;0;0;0;0;0;0;0;0;0;0;0;1;0;0;0;1;1;0;2014-01-18 08:45:00;603;0;62;31;31;0;-1;1;-1;-1;-1;-1;-1;-1;0;1;3;0;1;3;-1;0;0;0;0;0;0;0;0;0;0;0;0;0;1;1;0;0;-1;-1;0;0;-1;-1;-1;-1;-1;-1;-1;-1;-1;15;40;62;100;100;62;84;69;40;10.03;3.33;5.6;3.3;Sydney FC;Central Coast Mariners;2;1.07;2.14;1;1.36;1.5;86;61;38;0;0;68;54;47;0;0;0;99;28;Y;N;N;N;N;N;N
33024;601;608;2013/2014;complete;144;15;-1;4;;1;0;1;5;3;8;3;3;3;4;0;0;4;3;5;3;9;6;20;18;54;46;3;4;3.19;3.39;2.37;0;0;0;0;0;0;0;0;0;0;0;0;0;0;0;0;0;0;0;0;0;0;0;0;0;0;0;0;0;0;0;0;0;0;0;0;0;0;0;0;0;0;0;0;0;0;0;0;0;0;0;0;0;0;0;0;0;0;0;0;0;0;0;0;0;1;1;0;0;0;0;1;2014-01-19 06:00:00;601;0;61;28;34;0;-1;1;-1;-1;-1;-1;-1;-1;0;3;3;1;3;4;-1;0;0;0;0;0;0;0;0;0;0;0;0;0;1;1;1;0;-1;-1;0;2;-1;-1;-1;-1;-1;-1;-1;-1;-1;0;41;56;75;94;48;75;68;48;12.75;2.5;5.77;2.65;Adelaide United;Western Sydney Wanderers;1.92;1.27;1.57;1.5;1.21;1.73;100;59;45;26;7;86;66;54;0;0;0;99;28;Y;N;N;N;N;N;N
33025;604;609;2013/2014;complete;144;16;-1;50,87;36;2;1;3;5;3;8;6;1;2;2;0;0;4;5;6;4;10;9;13;14;58;42;2;2;1.47;4.6;7.45;0;0;0;0;0;0;0;0;0;0;0;0;0;0;0;0;0;0;0;0;0;0;0;0;0;0;0;0;0;0;0;0;0;0;0;0;0;0;0;0;0;0;0;0;0;0;0;0;0;0;0;0;0;0;0;0;0;0;0;0;0;0;0;0;0;3;0;1;2;0;2;1;2014-01-24 09:00:00;604;0;52;23;30;0;-1;1;-1;-1;-1;-1;-1;-1;1;1;1;1;2;2;-1;0;0;0;0;0;0;0;0;0;0;0;0;0;1;1;0;0;-1;-1;0;0;-1;-1;-1;-1;-1;-1;-1;-1;-1;15;38;62;77;100;31;69;93;38;11.6;4.96;4.12;2.99;Brisbane Roar;Wellington Phoenix;2.25;1;2;1;2.07;1.13;86;62;38;23;0;84;68;68;0;0;0;99;27;Y;Y;Y;N;N;N;Y
33026;601;602;2013/2014;complete;144;16;-1;22,90;61,79;2;2;4;5;9;14;0;5;2;4;0;0;2;5;5;4;7;9;23;20;57;43;2;4;1.83;3.81;4.55;0;0;0;0;0;0;0;0;0;0;0;0;0;0;0;0;0;0;0;0;0;0;0;0;0;0;0;0;0;0;0;0;0;0;0;0;0;0;0;0;0;0;0;0;0;0;0;0;0;0;0;0;0;0;0;0;0;0;0;0;0;0;0;0;0;4;1;0;1;2;3;1;2014-01-25 06:30:00;-1;0;51;26;19;0;-1;1;-1;-1;-1;-1;-1;-1;1;1;1;3;2;4;-1;0;0;0;0;0;0;0;0;1;0;1;0;0;1;1;0;0;-1;-1;0;0;-1;-1;-1;-1;-1;-1;-1;-1;-1;0;32;63;69;88;44;69;69;44;10.76;4.75;5.13;2.5;Adelaide United;Melbourne City FC;1.92;0.62;1.75;0.38;1.33;0.53;100;69;38;32;13;63;50;44;0;0;0;99;27;Y;Y;Y;Y;N;N;Y
33027;603;605;2013/2014;complete;144;16;-1;13,32,45;;3;0;3;3;5;8;2;1;1;4;0;0;5;5;2;4;7;9;14;16;43;57;1;4;1.83;3.55;4.98;0;0;0;0;0;0;0;0;0;0;0;0;0;0;0;0;0;0;0;0;0;0;0;0;0;0;0;0;0;0;0;0;0;0;0;0;0;0;0;0;0;0;0;0;0;0;0;0;0;0;0;0;0;0;0;0;0;0;0;0;0;0;0;0;0;3;3;0;0;0;0;3;2014-01-25 08:45:00;603;0;32;7;25;0;-1;1;-1;-1;-1;-1;-1;-1;0;2;1;2;2;3;-1;0;0;0;0;0;0;0;0;0;0;0;0;0;1;1;0;0;-1;-1;0;0;-1;-1;-1;-1;-1;-1;-1;-1;-1;0;7;26;50;82;7;69;57;25;8.13;5.25;4.13;1.63;Central Coast Mariners;Newcastle Jets FC;2;1.23;1.88;1.25;1.6;1.27;100;94;76;50;19;82;51;44;0;0;0;99;27;Y;Y;Y;N;N;N;N
33028;607;606;2013/2014;complete;144;16;-1;;11,20,25,54,87;0;5;5;4;7;11;5;0;1;1;0;0;5;3;7;6;12;9;14;15;39;61;1;1;1.7;4.01;5.16;0;0;0;0;0;0;0;0;0;0;0;0;0;0;0;0;0;0;0;0;0;0;0;0;0;0;0;0;0;0;0;0;0;0;0;0;0;0;0;0;0;0;0;0;0;0;0;0;0;0;0;0;0;0;0;0;0;0;0;0;0;0;0;0;0;5;0;3;0;2;2;3;2014-01-26 06:00:00;606;0;29;13;24;0;-1;1;-1;-1;-1;-1;-1;-1;1;0;0;1;1;1;-1;0;0;0;0;0;0;0;0;1;0;1;0;0;1;1;0;0;-1;-1;0;0;-1;-1;-1;-1;-1;-1;-1;-1;-1;6;26;43;61;95;27;71;66;35;11.51;4.92;5.01;2.28;Melbourne Victory FC;Sydney FC;1.93;0.79;1.89;0.57;1.44;1.27;95;75;58;40;6;93;73;61;0;0;0;99;28;Y;Y;Y;Y;Y;N;N
33029;608;600;2013/2014;complete;144;16;-1;29,35,71;56;3;1;4;9;2;11;2;4;1;3;0;0;9;3;6;4;15;7;17;16;55;45;1;3;1.57;4.02;6.95;0;0;0;0;0;0;0;0;0;0;0;0;0;0;0;0;0;0;0;0;0;0;0;0;0;0;0;0;0;0;0;0;0;0;0;0;0;0;0;0;0;0;0;0;0;0;0;0;0;0;0;0;0;0;0;0;0;0;0;0;0;0;0;0;0;4;2;0;1;1;2;2;2014-01-26 08:00:00;608;0;50;22;22;0;-1;1;-1;-1;-1;-1;-1;-1;0;1;1;2;1;3;-1;0;0;0;0;0;0;0;1;0;1;0;0;0;1;1;0;0;-1;-1;0;0;-1;-1;-1;-1;-1;-1;-1;-1;-1;0;14;29;64;93;29;57;64;22;11.72;5.29;5.28;2;Western Sydney Wanderers;Perth Glory FC;1.86;0.43;2;0.71;1.63;1.33;100;86;71;36;7;72;57;50;0;0;0;99;27;Y;Y;Y;Y;N;N;Y
33030;602;606;2013/2014;complete;144;17;-1;52,89;39;2;1;3;11;4;15;2;1;2;4;1;0;7;5;2;6;9;11;12;18;49;51;4;4;2.2;3.58;3.38;0;0;0;0;0;0;0;0;0;0;0;0;0;0;0;0;0;0;0;0;0;0;0;0;0;0;0;0;0;0;0;0;0;0;0;0;0;0;0;0;0;0;0;0;0;0;0;0;0;0;0;0;0;0;0;0;0;0;0;0;0;0;0;0;0;3;0;1;2;0;2;1;2014-01-31 08:30:00;602;0;35;14;28;0;-1;1;-1;-1;-1;-1;-1;-1;2;3;1;1;5;2;-1;0;0;0;0;0;0;0;0;0;0;0;0;0;1;1;0;0;-1;-1;0;0;-1;-1;-1;-1;-1;-1;-1;-1;-1;14;48;48;61;100;47;80;61;34;11.36;5.31;4.52;2.76;Melbourne City FC;Sydney FC;1.29;0.79;0.71;0.88;0.56;1.38;87;53;53;40;0;87;75;68;0;0;0;99;27;Y;Y;Y;N;N;N;Y
33031;600;607;2013/2014;complete;144;17;-1;50;37;1;1;2;5;4;9;3;5;4;1;0;0;2;3;3;3;5;6;16;20;52;48;4;1;2.4;3.45;3.09;0;0;0;0;0;0;0;0;0;0;0;0;0;0;0;0;0;0;0;0;0;0;0;0;0;0;0;0;0;0;0;0;0;0;0;0;0;0;0;0;0;0;0;0;0;0;0;0;0;0;0;0;0;0;0;0;0;0;0;0;0;0;0;0;0;2;0;1;1;0;1;1;2014-01-31 10:45:00;-1;0;48;20;20;0;-1;1;-1;-1;-1;-1;-1;-1;1;0;3;1;1;4;-1;0;0;0;0;0;0;0;0;1;0;1;0;0;1;1;0;0;-1;-1;0;0;-1;-1;-1;-1;-1;-1;-1;-1;-1;21;35;48;61;81;34;55;67;41;10.32;6.46;4.75;2.5;Perth Glory FC;Melbourne Victory FC;1.69;1.13;1.88;0.86;1.25;1.35;80;66;53;40;20;93;81;68;0;0;0;99;27;Y;Y;N;N;N;N;Y
33032;609;601;2013/2014;complete;144;17;-1;22,44;90;2;1;3;4;8;12;7;0;4;1;0;0;7;5;2;6;9;11;16;14;39;61;4;1;2.21;3.6;3.34;0;0;0;0;0;0;0;0;0;0;0;0;0;0;0;0;0;0;0;0;0;0;0;0;0;0;0;0;0;0;0;0;0;0;0;0;0;0;0;0;0;0;0;0;0;0;0;0;0;0;0;0;0;0;0;0;0;0;0;0;0;0;0;0;0;3;2;0;0;1;1;2;2014-02-01 06:30:00;609;0;54;13;35;0;-1;1;-1;-1;-1;-1;-1;-1;2;0;2;1;2;3;-1;0;0;0;0;0;0;0;1;0;1;0;0;0;1;1;0;0;-1;-1;0;0;-1;-1;-1;-1;-1;-1;-1;-1;-1;14;14;48;67;81;26;66;55;55;11.67;5.46;4.81;2.29;Wellington Phoenix;Adelaide United;1.08;0.87;1.25;0.86;1.06;1.31;87;87;53;34;20;73;60;53;0;0;0;99;27;Y;Y;Y;N;N;N;Y
33033;605;608;2013/2014;complete;144;17;-1;27,90;45,65;2;2;4;5;7;12;2;0;0;0;1;0;5;3;3;4;8;7;12;14;42;58;2;0;3.34;3.27;2.35;0;0;0;0;0;0;0;0;0;0;0;0;0;0;0;0;0;0;0;0;0;0;0;0;0;0;0;0;0;0;0;0;0;0;0;0;0;0;0;0;0;0;0;0;0;0;0;0;0;0;0;0;0;0;0;0;0;0;0;0;0;0;0;0;0;4;1;1;1;1;2;2;2014-02-01 08:45:00;-1;0;51;6;31;0;-1;1;-1;-1;-1;-1;-1;-1;0;0;1;0;0;1;-1;0;0;0;0;0;0;0;0;0;0;0;0;0;1;1;0;0;-1;-1;0;0;-1;-1;-1;-1;-1;-1;-1;-1;-1;0;26;33;57;88;11;64;51;38;11.47;3.24;5.78;2.02;Newcastle Jets FC;Western Sydney Wanderers;1.43;1.27;1.29;1.33;1.19;1.71;100;75;68;44;13;73;55;29;0;0;0;99;27;Y;Y;Y;Y;N;N;Y
33034;604;603;2013/2014;complete;144;17;-1;66,90;36;2;1;3;6;2;8;1;2;2;2;0;0;6;5;8;3;14;8;16;11;60;40;2;2;1.74;3.79;5.27;0;0;0;0;0;0;0;0;0;0;0;0;0;0;0;0;0;0;0;0;0;0;0;0;0;0;0;0;0;0;0;0;0;0;0;0;0;0;0;0;0;0;0;0;0;0;0;0;0;0;0;0;0;0;0;0;0;0;0;0;0;0;0;0;0;3;0;1;2;0;2;1;2014-02-02 06:00:00;604;0;50;22;22;0;-1;1;-1;-1;-1;-1;-1;-1;1;1;1;1;2;2;-1;0;0;0;0;0;0;0;0;1;0;1;0;0;1;1;0;0;-1;-1;0;0;-1;-1;-1;-1;-1;-1;-1;-1;-1;0;36;64;86;100;43;64;86;43;10.57;5;4.72;2.86;Brisbane Roar;Central Coast Mariners;2.25;1.07;2.14;1.29;2.13;1.69;100;64;36;14;0;57;50;43;0;0;0;99;29;Y;Y;Y;N;N;N;Y
33035;608;604;2013/2014;complete;144;18;-1;85;13;1;1;2;9;4;13;5;0;3;2;0;0;5;4;3;4;8;8;19;21;58;42;3;2;2.39;3.4;3.16;0;0;0;0;0;0;0;0;0;0;0;0;0;0;0;0;0;0;0;0;0;0;0;0;0;0;0;0;0;0;0;0;0;0;0;0;0;0;0;0;0;0;0;0;0;0;0;0;0;0;0;0;0;0;0;0;0;0;0;0;0;0;0;0;0;2;0;1;1;0;1;1;2014-02-07 08:30:00;-1;0;60;18;30;0;-1;1;-1;-1;-1;-1;-1;-1;1;1;2;1;2;3;-1;0;0;0;0;0;0;0;0;0;0;0;0;0;1;1;0;0;-1;-1;0;0;-1;-1;-1;-1;-1;-1;-1;-1;-1;6;18;53;71;95;30;59;82;47;11.24;4.75;4.44;2.53;Western Sydney Wanderers;Brisbane Roar;1.86;1.69;2.13;2.11;1.67;2.18;95;82;48;29;6;83;71;66;0;0;0;99;29;Y;Y;N;N;N;N;Y
33036;603;607;2013/2014;complete;144;18;-1;11;45,50,62;1;3;4;9;7;16;3;4;1;3;0;0;5;4;2;7;7;11;13;12;56;44;1;3;1.99;3.59;4.02;0;0;0;0;0;0;0;0;0;0;0;0;0;0;0;0;0;0;0;0;0;0;0;0;0;0;0;0;0;0;0;0;0;0;0;0;0;0;0;0;0;0;0;0;0;0;0;0;0;0;0;0;0;0;0;0;0;0;0;0;0;0;0;0;0;4;1;1;0;2;2;2;2014-02-08 06:30:00;607;0;43;7;18;0;-1;1;-1;-1;-1;-1;-1;-1;1;2;0;1;3;1;-1;0;0;0;0;0;0;0;0;0;0;0;0;0;1;1;0;0;-1;-1;0;0;-1;-1;-1;-1;-1;-1;-1;-1;-1;13;25;36;54;83;25;66;54;30;9.16;6.97;4.31;2.11;Central Coast Mariners;Melbourne Victory FC;2;1.13;2;0.88;1.59;1.33;88;75;64;46;18;72;54;49;0;0;0;99;29;Y;Y;Y;Y;N;N;Y
33037;606;601;2013/2014;complete;144;18;-1;;16,27,80;0;3;3;3;6;9;5;0;2;3;0;0;6;2;7;2;13;4;16;17;47;53;2;3;2.47;3.6;2.88;0;0;0;0;0;0;0;0;0;0;0;0;0;0;0;0;0;0;0;0;0;0;0;0;0;0;0;0;0;0;0;0;0;0;0;0;0;0;0;0;0;0;0;0;0;0;0;0;0;0;0;0;0;0;0;0;0;0;0;0;0;0;0;0;0;3;0;2;0;1;1;2;2014-02-08 08:45:00;601;0;57;13;38;0;-1;1;-1;-1;-1;-1;-1;-1;2;0;0;3;2;3;-1;0;0;0;0;0;0;0;0;0;0;0;0;0;1;1;0;0;-1;-1;0;0;-1;-1;-1;-1;-1;-1;-1;-1;-1;19;19;57;82;94;38;76;75;44;10.26;4;4.75;2.88;Sydney FC;Adelaide United;2;0.87;1.88;0.75;1.29;1.24;82;82;44;19;7;82;63;44;0;0;0;99;28;Y;Y;Y;N;N;N;N
33038;605;609;2013/2014;complete;144;18;-1;26,46;21,33,71;2;3;5;8;4;12;3;5;2;1;0;0;0;5;9;4;9;9;17;10;52;48;2;1;2.22;3.5;3.4;0;0;0;0;0;0;0;0;0;0;0;0;0;0;0;0;0;0;0;0;0;0;0;0;0;0;0;0;0;0;0;0;0;0;0;0;0;0;0;0;0;0;0;0;0;0;0;0;0;0;0;0;0;0;0;0;0;0;0;0;0;0;0;0;0;5;1;2;1;1;2;3;2014-02-09 06:00:00;609;0;69;19;38;0;-1;1;-1;-1;-1;-1;-1;-1;2;1;0;0;3;0;-1;0;0;0;0;0;0;0;0;0;0;0;0;0;1;1;0;0;-1;-1;0;0;-1;-1;-1;-1;-1;-1;-1;-1;-1;13;38;57;69;94;19;75;76;50;11.13;3.76;5.13;2.76;Newcastle Jets FC;Wellington Phoenix;1.43;1;1.25;0.88;1.18;1.18;88;63;44;32;7;76;63;50;0;0;0;99;27;Y;Y;Y;Y;Y;N;Y
33039;602;600;2013/2014;complete;144;18;-1;51,81;73;2;1;3;8;3;11;1;0;0;0;0;0;6;2;7;3;13;5;11;17;49;51;0;0;2.11;3.47;3.73;0;0;0;0;0;0;0;0;0;0;0;0;0;0;0;0;0;0;0;0;0;0;0;0;0;0;0;0;0;0;0;0;0;0;0;0;0;0;0;0;0;0;0;0;0;0;0;0;0;0;0;0;0;0;0;0;0;0;0;0;0;0;0;0;0;3;0;0;2;1;3;0;2014-02-09 06:05:00;602;0;57;19;32;0;-1;-1;-1;-1;-1;-1;-1;-1;0;0;0;0;0;0;-1;0;0;0;0;0;0;0;0;0;0;0;0;0;1;1;0;0;-1;-1;-1;-1;-1;-1;-1;-1;-1;-1;-1;-1;-1;7;38;51;69;94;38;75;69;38;11;5.88;5.51;2.63;Melbourne City FC;Perth Glory FC;1.29;0.43;1;0.63;0.71;1.24;94;63;51;32;7;76;69;63;0;0;0;99;27;Y;Y;Y;N;N;N;Y
33040;601;603;2013/2014;complete;144;19;-1;34,45;;2;0;2;5;5;10;4;1;2;4;0;0;4;4;13;6;17;10;19;22;63;37;2;4;2.3;3.47;3.25;0;0;0;0;0;0;0;0;0;0;0;0;0;0;0;0;0;0;0;0;0;0;0;0;0;0;0;0;0;0;0;0;0;0;0;0;0;0;0;0;0;0;0;0;0;0;0;0;0;0;0;0;0;0;0;0;0;0;0;0;0;0;0;0;0;2;2;0;0;0;0;2;2014-02-14 08:30:00;601;0;65;29;29;0;-1;1;-1;-1;-1;-1;-1;-1;2;3;0;1;5;1;-1;0;0;0;0;0;0;0;0;0;0;0;0;0;1;1;0;0;-1;-1;0;0;-1;-1;-1;-1;-1;-1;-1;-1;-1;0;47;71;83;100;53;82;77;53;10.78;2.99;5.75;3;Adelaide United;Central Coast Mariners;1.92;1.07;1.67;1.13;1.33;1.5;100;54;30;18;0;59;53;47;0;0;0;99;28;Y;Y;N;N;N;N;N
33041;606;600;2013/2014;complete;144;19;-1;17,64;67;2;1;3;4;8;12;0;2;1;2;1;0;4;6;6;2;10;8;19;20;40;60;2;2;2.13;3.5;3.63;0;0;0;0;0;0;0;0;0;0;0;0;0;0;0;0;0;0;0;0;0;0;0;0;0;0;0;0;0;0;0;0;0;0;0;0;0;0;0;0;0;0;0;0;0;0;0;0;0;0;0;0;0;0;0;0;0;0;0;0;0;0;0;0;0;3;1;0;1;1;2;1;2014-02-15 06:30:00;606;0;50;22;28;0;-1;1;-1;-1;-1;-1;-1;-1;0;2;2;0;2;2;-1;0;0;0;0;0;0;0;0;0;0;0;0;0;1;1;0;0;-1;-1;0;1;-1;-1;-1;-1;-1;-1;-1;-1;-1;11;22;50;78;95;45;78;73;28;8.77;5.11;5.22;2.67;Sydney FC;Perth Glory FC;2;0.43;1.67;0.56;1.22;1.17;89;78;50;22;6;78;56;39;0;0;0;99;27;Y;Y;Y;N;N;N;Y
33042;609;602;2013/2014;complete;144;19;-1;;9,19,51,54,63;0;5;5;4;6;10;1;2;1;3;0;0;6;9;1;5;7;14;15;14;48;52;1;3;1.91;3.7;4.23;0;0;0;0;0;0;0;0;0;0;0;0;0;0;0;0;0;0;0;0;0;0;0;0;0;0;0;0;0;0;0;0;0;0;0;0;0;0;0;0;0;0;0;0;0;0;0;0;0;0;0;0;0;0;0;0;0;0;0;0;0;0;0;0;0;5;0;2;0;3;3;2;2014-02-16 04:00:00;602;0;50;17;17;0;-1;1;-1;-1;-1;-1;-1;-1;0;3;1;0;3;1;-1;0;0;0;0;0;0;0;0;0;0;0;0;0;1;1;0;1;-1;-1;0;0;-1;-1;-1;-1;-1;-1;-1;-1;-1;6;17;50;67;78;33;61;56;39;11.44;7.78;4.78;2.17;Wellington Phoenix;Melbourne City FC;1.08;0.62;1.44;0.44;1.28;0.83;95;84;50;33;22;73;62;56;0;0;0;99;27;Y;Y;Y;Y;Y;N;N
33043;604;605;2013/2014;complete;144;19;-1;;59;0;1;1;11;5;16;2;1;1;2;0;0;7;6;9;3;16;9;5;11;68;32;1;2;1.45;4.62;8.18;0;0;0;0;0;0;0;0;0;0;0;0;0;0;0;0;0;0;0;0;0;0;0;0;0;0;0;0;0;0;0;0;0;0;0;0;0;0;0;0;0;0;0;0;0;0;0;0;0;0;0;0;0;0;0;0;0;0;0;0;0;0;0;0;0;1;0;0;0;1;1;0;2014-02-16 06:00:00;605;0;42;12;18;0;-1;1;-1;-1;-1;-1;-1;-1;0;1;1;1;1;2;-1;0;0;0;0;0;0;0;0;1;0;1;0;0;1;1;0;0;-1;-1;0;0;-1;-1;-1;-1;-1;-1;-1;-1;-1;0;18;60;83;95;24;82;84;36;9.58;5.66;4.55;2.55;Brisbane Roar;Newcastle Jets FC;2.25;1.23;2.25;1.11;2.11;1.11;100;82;41;18;6;70;47;47;0;0;0;99;27;Y;N;N;N;N;N;N
33044;603;609;2013/2014;complete;144;20;-1;20;47,64,65,82;1;4;5;5;3;8;0;3;3;1;0;0;0;5;6;8;6;13;20;12;48;52;3;1;2.11;3.5;3.71;0;0;0;0;0;0;0;0;0;0;0;0;0;0;0;0;0;0;0;0;0;0;0;0;0;0;0;0;0;0;0;0;0;0;0;0;0;0;0;0;0;0;0;0;0;0;0;0;0;0;0;0;0;0;0;0;0;0;0;0;0;0;0;0;0;5;1;0;0;4;4;1;2014-02-21 08:30:00;609;0;54;22;32;0;-1;1;-1;-1;-1;-1;-1;-1;1;1;2;0;2;2;-1;0;0;0;0;0;0;0;0;0;0;0;0;0;1;1;0;0;-1;-1;0;0;-1;-1;-1;-1;-1;-1;-1;-1;-1;17;27;49;59;90;27;69;65;43;10.08;4.74;3.61;2.47;Central Coast Mariners;Wellington Phoenix;2;1;1.8;1.11;1.42;1.21;84;73;52;41;10;75;59;54;0;0;0;99;27;Y;Y;Y;Y;Y;N;Y
33045;605;606;2013/2014;complete;144;20;-1;;60,73;0;2;2;9;5;14;0;1;3;0;0;0;3;5;11;3;14;8;11;11;56;44;3;0;2.07;3.57;3.76;0;0;0;0;0;0;0;0;0;0;0;0;0;0;0;0;0;0;0;0;0;0;0;0;0;0;0;0;0;0;0;0;0;0;0;0;0;0;0;0;0;0;0;0;0;0;0;0;0;0;0;0;0;0;0;0;0;0;0;0;0;0;0;0;0;2;0;0;0;2;2;0;2014-02-22 06:30:00;606;0;45;17;28;0;-1;1;-1;-1;-1;-1;-1;-1;1;0;2;0;1;2;-1;0;0;0;0;0;0;0;0;1;0;1;0;0;1;1;0;0;-1;-1;0;0;-1;-1;-1;-1;-1;-1;-1;-1;-1;11;39;50;62;95;33;84;62;45;10.77;3.56;5.34;2.56;Newcastle Jets FC;Sydney FC;1.43;0.79;1.11;0.78;1.21;1.32;89;62;50;39;6;78;62;45;0;0;0;99;27;Y;Y;N;N;N;N;N
33046;607;601;2013/2014;complete;144;20;-1;15,56,66,75;3,45,83;4;3;7;5;1;6;4;0;4;4;0;0;4;3;1;4;5;7;21;17;37;63;4;4;2.04;3.67;3.72;0;0;0;0;0;0;0;0;0;0;0;0;0;0;0;0;0;0;0;0;0;0;0;0;0;0;0;0;0;0;0;0;0;0;0;0;0;0;0;0;0;0;0;0;0;0;0;0;0;0;0;0;0;0;0;0;0;0;0;0;0;0;0;0;0;7;1;2;3;1;4;3;2014-02-22 08:45:00;607;0;48;5;37;0;-1;1;-1;-1;-1;-1;-1;-1;1;2;3;2;3;5;-1;0;0;0;0;0;0;0;0;0;0;0;0;0;1;1;0;1;-1;-1;0;0;-1;-1;-1;-1;-1;-1;-1;-1;-1;16;21;64;79;90;27;64;84;58;11.67;4.33;4.63;2.74;Melbourne Victory FC;Adelaide United;1.93;0.87;1.7;1;1.42;1.42;85;80;37;21;11;89;73;62;0;0;0;99;28;Y;Y;Y;Y;Y;Y;Y
33047;600;608;2013/2014;complete;144;20;-1;;12,70;0;2;2;10;4;14;1;0;2;3;0;0;8;4;3;3;11;7;13;16;41;59;2;3;3.75;3.37;2.14;0;0;0;0;0;0;0;0;0;0;0;0;0;0;0;0;0;0;0;0;0;0;0;0;0;0;0;0;0;0;0;0;0;0;0;0;0;0;0;0;0;0;0;0;0;0;0;0;0;0;0;0;0;0;0;0;0;0;0;0;0;0;0;0;0;2;0;1;0;1;1;1;2014-02-22 10:45:00;608;0;47;21;31;0;-1;1;-1;-1;-1;-1;-1;-1;0;1;2;2;1;4;-1;0;0;0;0;0;0;0;0;0;0;0;0;0;1;1;0;0;-1;-1;0;0;-1;-1;-1;-1;-1;-1;-1;-1;-1;6;21;32;58;84;26;52;59;37;11.18;3.39;4.5;2.05;Perth Glory FC;Western Sydney Wanderers;1.69;1.27;1.78;1.3;1.11;1.63;95;80;69;42;16;95;69;47;0;0;0;99;27;Y;Y;N;N;N;N;N
33048;602;604;2013/2014;complete;144;20;-1;61;;1;0;1;5;3;8;4;0;4;2;0;0;4;3;6;2;10;5;20;14;40;60;4;2;3.51;3.62;2.13;0;0;0;0;0;0;0;0;0;0;0;0;0;0;0;0;0;0;0;0;0;0;0;0;0;0;0;0;0;0;0;0;0;0;0;0;0;0;0;0;0;0;0;0;0;0;0;0;0;0;0;0;0;0;0;0;0;0;0;0;0;0;0;0;0;1;0;0;1;0;1;0;2014-02-23 06:00:00;602;0;64;16;32;0;-1;1;-1;-1;-1;-1;-1;-1;3;1;1;1;4;2;-1;0;0;0;0;0;0;0;0;0;0;0;0;0;1;1;0;0;-1;-1;1;0;-1;-1;-1;-1;-1;-1;-1;-1;-1;11;27;64;74;95;27;69;84;53;10.77;4.8;4.51;2.86;Melbourne City FC;Brisbane Roar;1.29;1.69;1.22;2;0.95;2;90;73;37;26;5;85;80;75;0;0;0;99;27;Y;N;N;N;N;N;N
33049;601;609;2013/2014;complete;144;21;-1;23,29,59,62,90;67;5;1;6;5;3;8;1;2;1;3;0;1;8;3;5;3;13;6;20;12;61;39;1;4;2;3.73;3.82;0;0;0;0;0;0;0;0;0;0;0;0;0;0;0;0;0;0;0;0;0;0;0;0;0;0;0;0;0;0;0;0;0;0;0;0;0;0;0;0;0;0;0;0;0;0;0;0;0;0;0;0;0;0;0;0;0;0;0;0;0;0;0;0;0;6;2;0;3;1;4;2;2014-02-27 08:30:00;601;0;70;30;35;0;-1;1;-1;-1;-1;-1;-1;-1;0;1;1;3;1;4;-1;0;0;0;0;0;0;0;0;0;0;0;0;0;1;1;0;0;-1;-1;0;0;-1;-1;-1;-1;-1;-1;-1;-1;-1;20;50;70;80;100;45;90;80;55;11.2;3.9;4.9;3.25;Adelaide United;Wellington Phoenix;1.92;1;1.8;1.3;1.35;1.3;80;50;30;20;0;75;65;60;0;0;0;99;27;Y;Y;Y;Y;Y;Y;Y
33050;604;600;2013/2014;complete;144;21;-1;57,80,85;90;3;1;4;10;2;12;1;2;0;2;0;0;8;4;8;4;16;8;10;13;60;40;0;2;1.43;4.69;8.53;0;0;0;0;0;0;0;0;0;0;0;0;0;0;0;0;0;0;0;0;0;0;0;0;0;0;0;0;0;0;0;0;0;0;0;0;0;0;0;0;0;0;0;0;0;0;0;0;0;0;0;0;0;0;0;0;0;0;0;0;0;0;0;0;0;4;0;0;3;1;4;0;2014-02-28 09:00:00;604;0;52;16;26;0;-1;1;-1;-1;-1;-1;-1;-1;0;1;0;1;1;1;-1;0;0;0;0;0;0;0;0;0;0;0;0;0;1;1;0;0;-1;-1;0;1;-1;-1;-1;-1;-1;-1;-1;-1;-1;0;21;59;74;95;26;69;85;42;10.59;5.08;4.48;2.49;Brisbane Roar;Perth Glory FC;2.25;0.43;2;0.5;1.9;1.05;100;79;42;26;5;63;52;47;0;0;0;99;27;Y;Y;Y;Y;N;N;Y
33051;603;606;2013/2014;complete;144;21;-1;26,75;62;2;1;3;2;8;10;1;4;1;3;0;0;4;7;5;4;9;11;9;12;45;55;1;3;2.27;3.49;3.3;0;0;0;0;0;0;0;0;0;0;0;0;0;0;0;0;0;0;0;0;0;0;0;0;0;0;0;0;0;0;0;0;0;0;0;0;0;0;0;0;0;0;0;0;0;0;0;0;0;0;0;0;0;0;0;0;0;0;0;0;0;0;0;0;0;3;1;0;1;1;2;1;2014-03-01 06:30:00;603;0;28;10;14;0;-1;1;-1;-1;-1;-1;-1;-1;1;2;0;1;3;1;-1;0;0;0;0;0;0;0;0;0;0;0;0;0;1;1;0;0;-1;-1;0;0;-1;-1;-1;-1;-1;-1;-1;-1;-1;10;24;38;53;91;29;72;53;38;9.66;3.79;3.94;2.16;Central Coast Mariners;Sydney FC;2;0.79;1.64;1;1.35;1.4;91;76;62;48;9;73;53;44;0;0;0;99;28;Y;Y;Y;N;N;N;Y
33052;602;607;2013/2014;complete;144;21;-1;10,15,83,86;;4;0;4;3;5;8;1;0;5;1;0;1;4;7;10;6;14;13;15;17;61;39;5;3;2.7;3.55;2.65;0;0;0;0;0;0;0;0;0;0;0;0;0;0;0;0;0;0;0;0;0;0;0;0;0;0;0;0;0;0;0;0;0;0;0;0;0;0;0;0;0;0;0;0;0;0;0;0;0;0;0;0;0;0;0;0;0;0;0;0;0;0;0;0;0;4;2;0;2;0;2;2;2014-03-01 08:45:00;602;0;64;16;26;0;-1;1;-1;-1;-1;-1;-1;-1;3;2;2;0;5;2;-1;0;0;0;0;0;0;0;0;0;0;0;0;0;1;1;1;0;-1;-1;0;0;-1;-1;-1;-1;-1;-1;-1;-1;-1;16;48;58;74;95;37;69;79;47;12.06;7.77;5.08;2.95;Melbourne City FC;Melbourne Victory FC;1.29;1.13;1.4;1.11;1.05;1.5;84;52;42;26;6;85;79;79;0;0;0;99;27;Y;Y;Y;Y;N;N;N
33053;608;605;2013/2014;complete;144;21;-1;;37,64;0;2;2;6;4;10;4;0;2;3;0;0;0;3;8;3;8;6;16;13;50;50;2;3;1.54;4.14;7.22;0;0;0;0;0;0;0;0;0;0;0;0;0;0;0;0;0;0;0;0;0;0;0;0;0;0;0;0;0;0;0;0;0;0;0;0;0;0;0;0;0;0;0;0;0;0;0;0;0;0;0;0;0;0;0;0;0;0;0;0;0;0;0;0;0;2;0;1;0;1;1;1;2014-03-02 06:00:00;605;0;49;11;27;0;-1;1;-1;-1;-1;-1;-1;-1;1;1;1;2;2;3;-1;0;0;0;0;0;0;0;0;0;0;0;0;0;1;1;0;0;-1;-1;0;0;-1;-1;-1;-1;-1;-1;-1;-1;-1;0;16;37;74;95;27;68;74;27;11.73;5.6;4.71;2.22;Western Sydney Wanderers;Newcastle Jets FC;1.86;1.23;2;1.3;1.7;1.15;100;84;64;26;5;90;69;69;0;0;0;99;27;Y;Y;N;N;N;N;N
33054;607;603;2013/2014;complete;144;22;-1;31,77,90;63;3;1;4;6;4;10;3;1;2;1;0;0;5;2;0;2;5;4;16;15;48;52;2;1;2.02;3.67;3.82;0;0;0;0;0;0;0;0;0;0;0;0;0;0;0;0;0;0;0;0;0;0;0;0;0;0;0;0;0;0;0;0;0;0;0;0;0;0;0;0;0;0;0;0;0;0;0;0;0;0;0;0;0;0;0;0;0;0;0;0;0;0;0;0;0;4;1;0;2;1;3;1;2014-03-07 08:30:00;607;0;51;20;29;0;-1;1;-1;-1;-1;-1;-1;-1;0;1;2;0;1;2;-1;0;0;0;0;0;0;0;1;0;1;0;0;0;1;1;0;0;-1;-1;0;0;-1;-1;-1;-1;-1;-1;-1;-1;-1;14;35;60;86;96;42;66;79;54;10.91;4.87;5.34;2.98;Melbourne Victory FC;Central Coast Mariners;1.93;1.07;1.82;1;1.43;1.43;87;66;40;15;5;74;69;53;0;0;0;99;29;Y;Y;Y;Y;N;N;Y
33055;605;602;2013/2014;complete;144;22;-1;53;;1;0;1;4;3;7;5;3;4;1;0;0;6;0;3;7;9;7;17;16;43;57;4;1;2.65;3.37;2.81;0;0;0;0;0;0;0;0;0;0;0;0;0;0;0;0;0;0;0;0;0;0;0;0;0;0;0;0;0;0;0;0;0;0;0;0;0;0;0;0;0;0;0;0;0;0;0;0;0;0;0;0;0;0;0;0;0;0;0;0;0;0;0;0;0;1;0;0;1;0;1;0;2014-03-08 06:30:00;605;0;50;15;30;0;-1;1;-1;-1;-1;-1;-1;-1;1;0;3;1;1;4;-1;0;0;0;0;0;0;0;0;0;0;0;0;0;1;1;0;0;-1;-1;0;0;-1;-1;-1;-1;-1;-1;-1;-1;-1;10;35;55;70;85;25;60;70;55;11.2;5.1;5.1;2.55;Newcastle Jets FC;Melbourne City FC;1.43;0.62;1;0.7;1.24;1.14;90;65;45;30;15;70;60;40;0;0;0;99;27;Y;N;N;N;N;N;N
33056;606;608;2013/2014;complete;144;22;-1;59,75,90;49;3;1;4;1;5;6;0;3;3;5;0;0;3;7;1;5;4;12;17;17;55;45;3;5;3.33;3.38;2.31;0;0;0;0;0;0;0;0;0;0;0;0;0;0;0;0;0;0;0;0;0;0;0;0;0;0;0;0;0;0;0;0;0;0;0;0;0;0;0;0;0;0;0;0;0;0;0;0;0;0;0;0;0;0;0;0;0;0;0;0;0;0;0;0;0;4;0;0;3;1;4;0;2014-03-08 08:45:00;606;0;48;19;33;0;-1;1;-1;-1;-1;-1;-1;-1;1;1;2;4;2;6;-1;0;0;0;0;0;0;0;1;0;1;0;0;0;1;1;0;0;-1;-1;0;0;-1;-1;-1;-1;-1;-1;-1;-1;-1;10;24;44;77;96;39;77;68;33;10.58;3.86;4.95;2.6;Sydney FC;Western Sydney Wanderers;2;1.27;1.8;1.45;1.33;1.62;90;77;57;23;5;91;67;48;0;0;0;99;28;Y;Y;Y;Y;N;N;Y
33057;609;600;2013/2014;complete;144;22;-1;85;34;1;1;2;7;4;11;3;0;1;2;0;0;6;3;10;4;16;7;15;17;56;44;1;2;1.72;3.93;5.16;0;0;0;0;0;0;0;0;0;0;0;0;0;0;0;0;0;0;0;0;0;0;0;0;0;0;0;0;0;0;0;0;0;0;0;0;0;0;0;0;0;0;0;0;0;0;0;0;0;0;0;0;0;0;0;0;0;0;0;0;0;0;0;0;0;2;0;1;1;0;1;1;2014-03-09 04:00:00;-1;0;57;19;28;0;-1;1;-1;-1;-1;-1;-1;-1;1;1;0;1;2;1;-1;0;0;0;0;0;0;0;0;0;0;0;0;0;1;1;0;0;-1;-1;0;0;-1;-1;-1;-1;-1;-1;-1;-1;-1;10;24;53;72;86;39;72;62;43;10.35;6.07;5.04;2.43;Wellington Phoenix;Perth Glory FC;1.08;0.43;1.3;0.45;1.24;1;90;77;48;29;15;77;67;58;0;0;0;99;27;Y;Y;N;N;N;N;Y
33058;604;601;2013/2014;complete;144;22;-1;22,51;90;2;1;3;2;7;9;4;1;1;3;0;0;4;3;2;8;6;11;22;13;46;54;1;3;1.69;4.08;5.16;0;0;0;0;0;0;0;0;0;0;0;0;0;0;0;0;0;0;0;0;0;0;0;0;0;0;0;0;0;0;0;0;0;0;0;0;0;0;0;0;0;0;0;0;0;0;0;0;0;0;0;0;0;0;0;0;0;0;0;0;0;0;0;0;0;3;1;0;1;1;2;1;2014-03-09 06:00:00;604;0;55;10;35;0;-1;1;-1;-1;-1;-1;-1;-1;1;2;0;1;3;1;-1;0;0;0;0;0;0;0;0;0;0;0;0;0;1;1;0;0;-1;-1;0;0;-1;-1;-1;-1;-1;-1;-1;-1;-1;10;25;70;80;95;30;65;90;55;11.5;3.8;4.1;2.95;Brisbane Roar;Adelaide United;2.25;0.87;2.1;0.9;1.95;1.43;90;75;30;20;5;65;50;45;0;0;0;99;28;Y;Y;Y;N;N;N;Y
33059;606;604;2013/2014;complete;144;23;-1;35;23;1;1;2;5;6;11;4;2;1;1;0;1;3;5;7;6;10;11;6;7;46;54;1;3;3.62;3.62;2.09;0;0;0;0;0;0;0;0;0;0;0;0;0;0;0;0;0;0;0;0;0;0;0;0;0;0;0;0;0;0;0;0;0;0;0;0;0;0;0;0;0;0;0;0;0;0;0;0;0;0;0;0;0;0;0;0;0;0;0;0;0;0;0;0;0;2;1;1;0;0;0;2;2014-03-14 08:30:00;-1;0;55;18;27;0;-1;1;-1;-1;-1;-1;-1;-1;1;1;0;1;2;1;-1;0;0;0;0;0;0;0;0;0;0;0;0;0;1;1;0;0;-1;-1;0;0;-1;-1;-1;-1;-1;-1;-1;-1;-1;14;18;60;78;96;32;73;87;41;8.09;3.91;4.81;2.82;Sydney FC;Brisbane Roar;2;1.69;1.91;1.82;1.41;2;87;82;41;23;5;78;60;46;0;0;0;99;28;Y;Y;N;N;N;N;Y
33060;608;601;2013/2014;complete;144;23;-1;;;0;0;0;7;2;9;4;2;2;1;0;0;6;2;3;6;9;8;16;13;36;64;2;1;2.08;3.56;3.73;0;0;0;0;0;0;0;0;0;0;0;0;0;0;0;0;0;0;0;0;0;0;0;0;0;0;0;0;0;0;0;0;0;0;0;0;0;0;0;0;0;0;0;0;0;0;0;0;0;0;0;0;0;0;0;0;0;0;0;0;0;0;0;0;0;0;0;0;0;0;0;0;2014-03-15 07:00:00;-1;0;62;10;43;0;-1;1;-1;-1;-1;-1;-1;-1;1;0;1;1;1;2;-1;0;0;0;0;0;0;0;0;0;0;0;0;0;1;1;0;0;-1;-1;1;0;-1;-1;-1;-1;-1;-1;-1;-1;-1;9;19;52;81;96;33;67;81;47;12.56;4.28;4.65;2.7;Western Sydney Wanderers;Adelaide United;1.86;0.87;1.8;0.82;1.55;1.36;91;81;49;19;5;82;63;53;0;0;0;99;28;N;N;N;N;N;N;N
33061;603;605;2013/2014;complete;144;23;-1;1,6,88;23;3;1;4;8;4;12;3;3;1;3;0;0;8;7;2;10;10;17;18;14;51;49;1;3;2.36;3.36;3.25;0;0;0;0;0;0;0;0;0;0;0;0;0;0;0;0;0;0;0;0;0;0;0;0;0;0;0;0;0;0;0;0;0;0;0;0;0;0;0;0;0;0;0;0;0;0;0;0;0;0;0;0;0;0;0;0;0;0;0;0;0;0;0;0;0;4;2;1;1;0;1;3;2014-03-15 08:45:00;603;0;35;9;22;0;-1;1;-1;-1;-1;-1;-1;-1;1;1;0;2;2;2;-1;0;0;0;0;0;0;0;0;0;0;0;0;0;1;1;2;0;-1;-1;0;0;-1;-1;-1;-1;-1;-1;-1;-1;-1;4;13;39;62;87;18;75;62;30;8.53;4.36;4.22;2.05;Central Coast Mariners;Newcastle Jets FC;2;1.23;1.75;1.45;1.36;1.32;96;87;61;39;13;75;53;40;0;0;0;99;27;Y;Y;Y;Y;N;N;Y
33062;600;607;2013/2014;complete;144;23;-1;28;39,90;1;2;3;5;3;8;4;4;4;0;0;0;3;5;7;7;10;12;11;9;48;52;4;0;2.62;3.45;2.79;0;0;0;0;0;0;0;0;0;0;0;0;0;0;0;0;0;0;0;0;0;0;0;0;0;0;0;0;0;0;0;0;0;0;0;0;0;0;0;0;0;0;0;0;0;0;0;0;0;0;0;0;0;0;0;0;0;0;0;0;0;0;0;0;0;3;1;1;0;1;1;2;2014-03-15 11:00:00;607;0;50;20;15;0;-1;1;-1;-1;-1;-1;-1;-1;3;0;1;0;3;1;-1;0;0;0;0;0;0;0;0;1;0;1;0;0;1;1;0;0;-1;-1;0;0;-1;-1;-1;-1;-1;-1;-1;-1;-1;15;35;45;70;85;35;65;75;40;10.8;6;4.8;2.55;Perth Glory FC;Melbourne Victory FC;1.69;1.13;1.6;1;1;1.5;85;65;55;30;15;90;70;60;0;0;0;99;27;Y;Y;Y;N;N;N;Y
33063;602;609;2013/2014;complete;144;23;-1;29,62;6,56;2;2;4;5;2;7;7;1;3;4;0;1;7;3;11;1;18;4;14;14;59;41;3;5;1.82;3.79;4.63;0;0;0;0;0;0;0;0;0;0;0;0;0;0;0;0;0;0;0;0;0;0;0;0;0;0;0;0;0;0;0;0;0;0;0;0;0;0;0;0;0;0;0;0;0;0;0;0;0;0;0;0;0;0;0;0;0;0;0;0;0;0;0;0;0;4;1;1;1;1;2;2;2014-03-16 05:00:00;-1;0;69;18;41;0;-1;1;-1;-1;-1;-1;-1;-1;0;3;3;2;3;5;-1;0;0;0;0;0;0;0;1;0;1;0;0;0;1;1;0;1;-1;-1;0;0;-1;-1;-1;-1;-1;-1;-1;-1;-1;27;50;69;78;100;36;73;87;60;11.45;5.36;4.73;3.37;Melbourne City FC;Wellington Phoenix;1.29;1;1.55;1.18;1.09;1.23;73;50;32;23;0;73;69;69;0;0;0;99;27;Y;Y;Y;Y;N;N;Y
33064;601;606;2013/2014;complete;144;24;-1;13,54,88;74;3;1;4;5;7;12;2;0;1;5;0;0;4;3;3;3;7;6;12;18;59;41;1;5;1.93;3.82;4.02;0;0;0;0;0;0;0;0;0;0;0;0;0;0;0;0;0;0;0;0;0;0;0;0;0;0;0;0;0;0;0;0;0;0;0;0;0;0;0;0;0;0;0;0;0;0;0;0;0;0;0;0;0;0;0;0;0;0;0;0;0;0;0;0;0;4;1;0;2;1;3;1;2014-03-21 08:30:00;601;0;46;18;27;0;-1;1;-1;-1;-1;-1;-1;-1;1;3;0;2;4;2;-1;0;0;0;0;0;0;0;0;0;0;0;0;0;1;1;0;0;-1;-1;0;0;-1;-1;-1;-1;-1;-1;-1;-1;-1;9;41;59;73;100;50;91;69;50;11.19;3.27;5.09;2.86;Adelaide United;Sydney FC;1.92;0.79;1.91;0.91;1.35;1.39;91;59;41;27;0;78;64;50;0;0;0;99;28;Y;Y;Y;Y;N;N;Y
33065;605;609;2013/2014;complete;144;24;-1;35,46,57,77,90;;5;0;5;7;1;8;4;3;2;1;0;0;4;0;5;3;9;3;21;13;46;54;2;1;2.08;3.59;3.7;0;0;0;0;0;0;0;0;0;0;0;0;0;0;0;0;0;0;0;0;0;0;0;0;0;0;0;0;0;0;0;0;0;0;0;0;0;0;0;0;0;0;0;0;0;0;0;0;0;0;0;0;0;0;0;0;0;0;0;0;0;0;0;0;0;5;1;0;4;0;4;1;2014-03-22 06:30:00;605;0;69;26;43;0;-1;1;-1;-1;-1;-1;-1;-1;1;0;1;1;1;2;-1;0;0;0;0;0;0;0;0;0;0;0;0;0;1;1;0;0;-1;-1;0;0;-1;-1;-1;-1;-1;-1;-1;-1;-1;26;47;60;74;96;30;74;83;61;10.64;4.24;5.33;3.1;Newcastle Jets FC;Wellington Phoenix;1.43;1;1.18;1.17;1.26;1.22;75;53;40;27;5;66;57;47;0;0;0;99;27;Y;Y;Y;Y;Y;N;N
33066;604;607;2013/2014;complete;144;24;-1;90;;1;0;1;7;1;8;1;6;1;2;0;0;11;4;5;1;16;5;10;13;59;41;1;2;1.66;4.07;5.54;0;0;0;0;0;0;0;0;0;0;0;0;0;0;0;0;0;0;0;0;0;0;0;0;0;0;0;0;0;0;0;0;0;0;0;0;0;0;0;0;0;0;0;0;0;0;0;0;0;0;0;0;0;0;0;0;0;0;0;0;0;0;0;0;0;1;0;0;1;0;1;0;2014-03-22 08:45:00;604;0;60;18;18;0;-1;1;-1;-1;-1;-1;-1;-1;0;1;1;1;1;2;-1;0;0;0;0;0;0;0;0;0;0;0;0;0;1;1;0;0;-1;-1;0;0;-1;-1;-1;-1;-1;-1;-1;-1;-1;9;41;69;82;96;37;73;91;50;11.18;6.91;4.1;2.96;Brisbane Roar;Melbourne Victory FC;2.25;1.13;2.18;1.18;1.96;1.57;91;59;32;18;5;69;55;55;0;0;0;99;29;Y;N;N;N;N;N;N
33067;602;603;2013/2014;complete;144;24;-1;34;45,77;1;2;3;5;1;6;1;0;1;1;0;0;6;3;6;4;12;7;15;13;61;39;1;1;1.83;3.77;4.61;0;0;0;0;0;0;0;0;0;0;0;0;0;0;0;0;0;0;0;0;0;0;0;0;0;0;0;0;0;0;0;0;0;0;0;0;0;0;0;0;0;0;0;0;0;0;0;0;0;0;0;0;0;0;0;0;0;0;0;0;0;0;0;0;0;3;1;1;0;1;1;2;2014-03-23 04:00:00;603;0;59;19;36;0;-1;1;-1;-1;-1;-1;-1;-1;1;0;0;1;1;1;-1;0;0;0;0;0;0;0;0;0;0;0;0;0;1;1;0;0;-1;-1;0;0;-1;-1;-1;-1;-1;-1;-1;-1;-1;4;45;64;83;100;46;69;77;54;10.98;4.95;5.28;2.99;Melbourne City FC;Central Coast Mariners;1.29;1.07;1.5;0.9;1.09;1.43;96;55;37;18;0;64;64;49;0;0;0;99;27;Y;Y;Y;N;N;N;Y
33068;608;600;2013/2014;complete;144;24;-1;43,61,78;;3;0;3;6;1;7;4;1;2;2;0;0;7;3;10;6;17;9;16;14;46;54;2;2;1.47;4.5;7.78;0;0;0;0;0;0;0;0;0;0;0;0;0;0;0;0;0;0;0;0;0;0;0;0;0;0;0;0;0;0;0;0;0;0;0;0;0;0;0;0;0;0;0;0;0;0;0;0;0;0;0;0;0;0;0;0;0;0;0;0;0;0;0;0;0;3;1;0;2;0;2;1;2014-03-23 06:00:00;608;0;61;13;35;0;-1;1;-1;-1;-1;-1;-1;-1;1;2;1;0;3;1;-1;0;0;0;0;0;0;0;0;0;0;0;0;0;1;1;0;0;-1;-1;1;0;-1;-1;-1;-1;-1;-1;-1;-1;-1;0;22;39;74;92;26;61;74;35;11.6;5.26;4.67;2.26;Western Sydney Wanderers;Perth Glory FC;1.86;0.43;1.73;0.5;1.52;0.96;100;79;62;26;9;83;70;61;0;0;0;99;27;Y;Y;Y;N;N;N;N
33069;604;602;2013/2014;complete;144;25;-1;36,73;18;2;1;3;3;2;5;1;5;0;2;1;0;7;2;5;4;12;6;10;13;49;51;2;2;1.7;3.99;5.18;0;0;0;0;0;0;0;0;0;0;0;0;0;0;0;0;0;0;0;0;0;0;0;0;0;0;0;0;0;0;0;0;0;0;0;0;0;0;0;0;0;0;0;0;0;0;0;0;0;0;0;0;0;0;0;0;0;0;0;0;0;0;0;0;0;3;1;1;1;0;1;2;2014-03-28 09:00:00;604;0;43;9;22;0;-1;1;-1;-1;-1;-1;-1;-1;0;0;1;2;0;3;-1;0;0;0;0;0;0;0;0;0;0;0;0;0;1;1;0;0;-1;-1;0;0;-1;-1;-1;-1;-1;-1;-1;-1;-1;5;26;61;70;91;22;52;87;48;11.18;6.03;3.68;2.52;Brisbane Roar;Melbourne City FC;2.25;0.62;2.25;0.64;2;1.04;96;74;39;31;9;61;49;39;0;0;0;99;27;Y;Y;Y;N;N;N;Y
33070;603;608;2013/2014;complete;144;25;-1;32,90;40;2;1;3;3;8;11;1;1;3;0;0;0;2;3;8;7;10;10;12;11;49;51;3;0;3.06;3.3;2.5;0;0;0;0;0;0;0;0;0;0;0;0;0;0;0;0;0;0;0;0;0;0;0;0;0;0;0;0;0;0;0;0;0;0;0;0;0;0;0;0;0;0;0;0;0;0;0;0;0;0;0;0;0;0;0;0;0;0;0;0;0;0;0;0;0;3;1;1;1;0;1;2;2014-03-29 06:30:00;603;0;48;16;33;0;-1;1;-1;-1;-1;-1;-1;-1;1;0;2;0;1;2;-1;0;0;0;0;0;0;0;0;0;0;0;0;0;1;1;0;0;-1;-1;0;0;-1;-1;-1;-1;-1;-1;-1;-1;-1;4;28;40;61;89;24;64;56;40;10.54;3.58;4.29;2.2;Central Coast Mariners;Western Sydney Wanderers;2;1.27;1.85;1.33;1.5;1.58;96;72;61;40;12;73;57;41;0;0;0;99;29;Y;Y;Y;N;N;N;Y
33071;607;606;2013/2014;complete;144;25;-1;64;48;1;1;2;6;3;9;5;0;2;2;0;0;7;5;4;8;11;13;11;12;49;51;2;2;2.06;3.78;3.58;0;0;0;0;0;0;0;0;0;0;0;0;0;0;0;0;0;0;0;0;0;0;0;0;0;0;0;0;0;0;0;0;0;0;0;0;0;0;0;0;0;0;0;0;0;0;0;0;0;0;0;0;0;0;0;0;0;0;0;0;0;0;0;0;0;2;0;0;1;1;2;0;2014-03-29 08:45:00;-1;0;42;13;34;0;-1;1;-1;-1;-1;-1;-1;-1;1;0;1;2;1;3;-1;0;0;0;0;0;0;0;0;0;0;0;0;0;1;1;0;0;-1;-1;0;0;-1;-1;-1;-1;-1;-1;-1;-1;-1;17;38;59;75;96;29;75;80;59;11.59;4.83;5;2.92;Melbourne Victory FC;Sydney FC;1.93;0.79;1.92;0.83;1.5;1.33;84;63;42;25;4;92;79;63;0;0;0;99;28;Y;Y;N;N;N;N;Y
33072;609;601;2013/2014;complete;144;25;-1;;58;0;1;1;6;4;10;4;1;5;3;0;0;4;3;2;3;6;6;27;23;44;56;5;3;2.89;3.57;2.47;0;0;0;0;0;0;0;0;0;0;0;0;0;0;0;0;0;0;0;0;0;0;0;0;0;0;0;0;0;0;0;0;0;0;0;0;0;0;0;0;0;0;0;0;0;0;0;0;0;0;0;0;0;0;0;0;0;0;0;0;0;0;0;0;0;1;0;0;0;1;1;0;2014-03-30 02:00:00;601;0;57;13;30;0;-1;1;-1;-1;-1;-1;-1;-1;1;1;4;2;2;6;-1;0;0;0;0;0;0;0;0;1;0;1;0;0;1;1;0;0;-1;-1;0;0;-1;-1;-1;-1;-1;-1;-1;-1;-1;18;18;56;74;83;39;75;65;47;11.08;4.98;4.69;2.6;Wellington Phoenix;Adelaide United;1.08;0.87;1.27;0.83;1.17;1.42;83;83;44;26;18;79;58;49;0;0;0;99;27;Y;N;N;N;N;N;N
33073;600;605;2013/2014;complete;144;25;-1;85,86;61;2;1;3;6;1;7;9;1;3;1;0;0;9;3;6;5;15;8;17;18;56;44;3;1;3.02;3.38;2.48;0;0;0;0;0;0;0;0;0;0;0;0;0;0;0;0;0;0;0;0;0;0;0;0;0;0;0;0;0;0;0;0;0;0;0;0;0;0;0;0;0;0;0;0;0;0;0;0;0;0;0;0;0;0;0;0;0;0;0;0;0;0;0;0;0;3;0;0;2;1;3;0;2014-03-30 08:00:00;600;0;39;22;18;0;-1;1;-1;-1;-1;-1;-1;-1;1;0;2;1;1;3;-1;0;0;0;0;0;0;0;0;0;0;0;0;0;1;1;0;0;-1;-1;0;0;-1;-1;-1;-1;-1;-1;-1;-1;-1;5;13;39;70;87;26;69;74;22;9.6;4.42;4.85;2.17;Perth Glory FC;Newcastle Jets FC;1.69;1.23;1.45;1.33;0.92;1.33;96;87;61;31;13;92;66;52;0;0;0;99;27;Y;Y;Y;N;N;N;Y
33074;601;602;2013/2014;complete;144;26;-1;1,90;32,42;2;2;4;8;7;15;2;4;7;4;1;0;5;5;6;4;11;9;14;16;46;54;9;4;1.72;3.95;5.05;0;0;0;0;0;0;0;0;0;0;0;0;0;0;0;0;0;0;0;0;0;0;0;0;0;0;0;0;0;0;0;0;0;0;0;0;0;0;0;0;0;0;0;0;0;0;0;0;0;0;0;0;0;0;0;0;0;0;0;0;0;0;0;0;0;4;1;2;1;0;1;3;2014-04-04 08:30:00;-1;0;55;21;30;0;-1;1;-1;-1;-1;-1;-1;-1;5;1;3;3;6;6;-1;0;0;0;0;0;0;0;0;1;0;1;0;0;1;1;1;0;-1;-1;0;0;-1;-1;-1;-1;-1;-1;-1;-1;-1;8;42;67;75;92;46;75;75;50;10.5;5;4.75;2.88;Adelaide United;Melbourne City FC;1.92;0.62;2;0.58;1.48;1;92;59;34;25;9;63;54;42;0;0;0;99;27;Y;Y;Y;Y;N;N;Y
33075;605;607;2013/2014;complete;144;26;-1;18,22;21,86;2;2;4;12;4;16;4;3;2;2;0;0;5;3;10;3;15;6;16;9;53;47;2;2;2.34;3.52;3.14;0;0;0;0;0;0;0;0;0;0;0;0;0;0;0;0;0;0;0;0;0;0;0;0;0;0;0;0;0;0;0;0;0;0;0;0;0;0;0;0;0;0;0;0;0;0;0;0;0;0;0;0;0;0;0;0;0;0;0;0;0;0;0;0;0;4;2;1;0;1;1;3;2014-04-05 06:30:00;-1;0;54;21;21;0;-1;1;-1;-1;-1;-1;-1;-1;0;1;2;1;1;3;-1;0;0;0;0;0;0;0;0;1;0;1;0;0;1;1;0;0;-1;-1;0;0;-1;-1;-1;-1;-1;-1;-1;-1;-1;17;46;54;71;92;34;71;79;50;10.67;6.41;5.33;2.8;Newcastle Jets FC;Melbourne Victory FC;1.43;1.13;1.33;1.08;1.28;1.48;83;54;46;29;8;63;54;46;0;0;0;99;27;Y;Y;Y;Y;N;N;Y
33076;608;604;2013/2014;complete;144;26;-1;61;35;1;1;2;10;6;16;1;1;0;0;0;0;8;4;8;4;16;8;12;15;39;61;0;0;2.42;3.32;3.16;0;0;0;0;0;0;0;0;0;0;0;0;0;0;0;0;0;0;0;0;0;0;0;0;0;0;0;0;0;0;0;0;0;0;0;0;0;0;0;0;0;0;0;0;0;0;0;0;0;0;0;0;0;0;0;0;0;0;0;0;0;0;0;0;0;2;0;1;1;0;1;1;2014-04-05 08:45:00;-1;0;54;17;21;0;-1;-1;-1;-1;-1;-1;-1;-1;0;0;0;0;0;0;-1;0;0;0;0;0;0;0;0;0;0;0;0;0;1;1;0;0;-1;-1;-1;-1;-1;-1;-1;-1;-1;-1;-1;-1;-1;4;13;42;71;92;25;63;79;38;11.25;4.92;4.5;2.3;Western Sydney Wanderers;Brisbane Roar;1.86;1.69;1.83;1.75;1.52;2.04;96;88;59;29;8;79;67;58;0;0;0;99;29;Y;Y;N;N;N;N;Y
33077;600;603;2013/2014;complete;144;26;-1;8,71,85;19;3;1;4;6;2;8;5;2;2;3;0;0;4;3;10;5;14;8;18;10;48;52;2;3;3.19;3.33;2.4;0;0;0;0;0;0;0;0;0;0;0;0;0;0;0;0;0;0;0;0;0;0;0;0;0;0;0;0;0;0;0;0;0;0;0;0;0;0;0;0;0;0;0;0;0;0;0;0;0;0;0;0;0;0;0;0;0;0;0;0;0;0;0;0;0;4;1;1;2;0;2;2;2014-04-05 10:45:00;600;0;57;26;26;0;-1;1;-1;-1;-1;-1;-1;-1;0;3;2;0;3;2;-1;0;0;0;0;0;0;0;1;1;1;1;0;0;1;1;1;0;-1;-1;0;1;-1;-1;-1;-1;-1;-1;-1;-1;-1;4;22;53;79;92;40;62;74;39;9.88;4.13;4.8;2.54;Perth Glory FC;Central Coast Mariners;1.69;1.07;1.58;1.09;1;1.56;96;78;47;21;9;69;57;35;0;0;0;99;27;Y;Y;Y;Y;N;N;Y
33078;606;609;2013/2014;complete;144;26;-1;33,45,57,60;56;4;1;5;3;2;5;4;7;5;3;0;0;5;3;3;2;8;5;19;17;50;50;5;3;1.9;3.79;4.16;0;0;0;0;0;0;0;0;0;0;0;0;0;0;0;0;0;0;0;0;0;0;0;0;0;0;0;0;0;0;0;0;0;0;0;0;0;0;0;0;0;0;0;0;0;0;0;0;0;0;0;0;0;0;0;0;0;0;0;0;0;0;0;0;0;5;2;0;2;1;3;2;2014-04-06 07:00:00;606;0;68;28;40;0;-1;1;-1;-1;-1;-1;-1;-1;3;2;2;1;5;3;-1;0;0;0;0;0;0;0;1;1;1;1;0;0;1;1;0;0;-1;-1;0;0;-1;-1;-1;-1;-1;-1;-1;-1;-1;32;44;68;89;100;44;84;84;51;8.86;4.8;4.64;3.47;Sydney FC;Wellington Phoenix;2;1;1.83;1.08;1.32;1.12;69;57;33;12;0;73;56;48;0;0;0;99;27;Y;Y;Y;Y;Y;N;Y
33079;605;601;2013/2014;complete;144;27;-1;21,90;;2;0;2;3;9;12;5;4;4;1;0;0;6;5;4;3;10;8;16;7;42;58;4;1;2.15;3.6;3.49;0;0;0;0;0;0;0;0;0;0;0;0;0;0;0;0;0;0;0;0;0;0;0;0;0;0;0;0;0;0;0;0;0;0;0;0;0;0;0;0;0;0;0;0;0;0;0;0;0;0;0;0;0;0;0;0;0;0;0;0;0;0;0;0;0;2;1;0;1;0;1;1;2014-04-11 09:30:00;605;0;54;16;39;0;-1;1;-1;-1;-1;-1;-1;-1;0;0;4;1;0;5;-1;0;0;0;0;0;0;0;0;0;0;0;0;0;1;1;0;0;-1;-1;0;0;-1;-1;-1;-1;-1;-1;-1;-1;-1;15;31;58;69;89;27;66;77;54;11.23;3.46;5.23;2.73;Newcastle Jets FC;Adelaide United;1.43;0.87;1.31;1;1.27;1.46;85;70;42;31;12;70;50;35;0;0;0;99;27;Y;Y;N;N;N;N;N
33080;609;607;2013/2014;complete;144;27;-1;90;1,29,45,59;1;4;5;2;4;6;1;6;2;1;1;0;4;8;5;8;9;16;18;13;44;56;4;1;2.98;3.64;2.38;0;0;0;0;0;0;0;0;0;0;0;0;0;0;0;0;0;0;0;0;0;0;0;0;0;0;0;0;0;0;0;0;0;0;0;0;0;0;0;0;0;0;0;0;0;0;0;0;0;0;0;0;0;0;0;0;0;0;0;0;0;0;0;0;0;5;0;3;1;1;2;3;2014-04-12 05:30:00;607;0;56;24;8;0;-1;1;-1;-1;-1;-1;-1;-1;1;1;2;0;2;2;-1;0;0;0;0;0;0;0;0;1;0;1;0;0;1;1;0;1;-1;-1;0;0;-1;-1;-1;-1;-1;-1;-1;-1;-1;16;36;52;72;88;48;76;72;36;10.85;7.98;4.96;2.63;Wellington Phoenix;Melbourne Victory FC;1.08;1.13;1.17;1.08;1.08;1.46;84;65;48;28;13;76;69;60;0;0;0;99;27;Y;Y;Y;Y;Y;N;Y
33081;602;608;2013/2014;complete;144;27;-1;34,72;27,81,86;2;3;5;7;8;15;2;1;5;6;0;0;7;4;6;7;13;11;13;20;53;47;5;6;3.68;3.57;2.09;0;0;0;0;0;0;0;0;0;0;0;0;0;0;0;0;0;0;0;0;0;0;0;0;0;0;0;0;0;0;0;0;0;0;0;0;0;0;0;0;0;0;0;0;0;0;0;0;0;0;0;0;0;0;0;0;0;0;0;0;0;0;0;0;0;5;1;1;1;2;3;2;2014-04-12 07:30:00;608;0;58;23;38;0;-1;1;-1;-1;-1;-1;-1;-1;1;2;4;4;3;8;-1;0;0;0;0;0;0;0;0;0;0;0;0;0;1;1;0;0;-1;-1;0;1;-1;-1;-1;-1;-1;-1;-1;-1;-1;4;39;54;73;96;39;66;74;46;12.23;4.54;5;2.7;Melbourne City FC;Western Sydney Wanderers;1.29;1.27;1.38;1.23;1;1.5;96;62;47;27;4;74;66;58;0;0;0;99;27;Y;Y;Y;Y;Y;N;Y
33082;604;603;2013/2014;complete;144;27;-1;;22,28;0;2;2;3;3;6;5;0;2;0;0;0;3;6;7;7;10;13;13;12;66;34;2;0;1.89;3.7;4.34;0;0;0;0;0;0;0;0;0;0;0;0;0;0;0;0;0;0;0;0;0;0;0;0;0;0;0;0;0;0;0;0;0;0;0;0;0;0;0;0;0;0;0;0;0;0;0;0;0;0;0;0;0;0;0;0;0;0;0;0;0;0;0;0;0;2;0;2;0;0;0;2;2014-04-12 09:45:00;603;0;61;24;24;0;-1;1;-1;-1;-1;-1;-1;-1;0;0;2;0;0;2;-1;0;0;0;0;0;0;0;0;0;0;0;0;0;1;1;0;0;-1;-1;0;0;-1;-1;-1;-1;-1;-1;-1;-1;-1;0;33;68;85;100;41;69;88;48;10.1;4.04;4.12;2.85;Brisbane Roar;Central Coast Mariners;2.25;1.07;2.31;1;2;1.5;100;68;32;16;0;52;44;32;0;0;0;99;29;Y;Y;N;N;N;N;N
33083;606;600;2013/2014;complete;144;27;-1;38,90;45;2;1;3;2;4;6;0;3;0;2;0;0;6;2;9;9;15;11;9;14;45;55;0;2;1.71;3.95;5.23;0;0;0;0;0;0;0;0;0;0;0;0;0;0;0;0;0;0;0;0;0;0;0;0;0;0;0;0;0;0;0;0;0;0;0;0;0;0;0;0;0;0;0;0;0;0;0;0;0;0;0;0;0;0;0;0;0;0;0;0;0;0;0;0;0;3;1;1;1;0;1;2;2014-04-13 07:00:00;606;0;62;19;38;0;-1;1;-1;-1;-1;-1;-1;-1;0;1;0;1;1;1;-1;0;0;0;0;0;0;0;0;0;0;0;0;0;1;1;0;0;-1;-1;0;0;-1;-1;-1;-1;-1;-1;-1;-1;-1;12;27;58;85;96;39;77;77;42;8.23;4.54;5.08;2.85;Sydney FC;Perth Glory FC;2;0.43;1.92;0.46;1.38;1.08;89;73;42;16;4;73;58;46;0;0;0;99;27;Y;Y;Y;N;N;N;Y
33084;607;606;2013/2014;complete;145;0;-1;19,90;33;2;1;3;8;7;15;2;5;3;0;0;0;5;3;4;4;9;7;15;7;42;58;3;0;2.02;3.72;3.77;0;0;0;0;0;0;0;0;0;0;0;0;0;0;0;0;0;0;0;0;0;0;0;0;0;0;0;0;0;0;0;0;0;0;0;0;0;0;0;0;0;0;0;0;0;0;0;0;0;0;0;0;0;0;0;0;0;0;0;0;0;0;0;0;0;3;1;1;1;0;1;2;2014-04-18 09:30:00;607;1;56;12;39;0;-1;1;-1;-1;-1;-1;-1;-1;0;0;3;0;0;3;-1;0;0;0;0;0;0;0;0;0;0;0;0;0;1;1;0;0;-1;-1;0;0;-1;-1;-1;-1;-1;-1;-1;-1;-1;19;39;60;81;97;43;76;82;50;10;5.81;4.81;3.02;Melbourne Victory FC;Sydney FC;1.52;1.39;1.52;1.44;1.52;1.44;82;61;41;19;4;80;63;52;0;0;0;99;28;Y;Y;Y;N;N;N;Y
33085;603;601;2013/2014;complete;145;0;-1;67;;1;0;1;3;9;12;0;1;2;6;0;0;3;7;1;4;4;11;13;13;33;67;2;6;2.29;3.42;3.33;0;0;0;0;0;0;0;0;0;0;0;0;0;0;0;0;0;0;0;0;0;0;0;0;0;0;0;0;0;0;0;0;0;0;0;0;0;0;0;0;0;0;0;0;0;0;0;0;0;0;0;0;0;0;0;0;0;0;0;0;0;0;0;0;0;1;0;0;1;0;1;0;2014-04-19 06:30:00;603;1;58;14;32;0;-1;1;-1;-1;-1;-1;-1;-1;0;1;2;5;1;7;-1;0;0;0;0;0;0;0;0;0;0;0;0;0;1;1;0;0;-1;-1;0;0;-1;-1;-1;-1;-1;-1;-1;-1;-1;8;34;62;76;93;44;78;71;47;9.82;3.18;4.7;2.78;Central Coast Mariners;Adelaide United;1.55;1.36;1.56;1.41;1.56;1.41;93;67;39;24;7;65;52;37;0;0;0;99;28;Y;N;N;N;N;N;N
33086;608;603;2013/2014;complete;145;0;-1;31,81;;2;0;2;4;3;7;1;1;3;2;0;0;3;2;3;3;6;5;27;13;44;56;3;2;1.84;3.57;4.85;0;0;0;0;0;0;0;0;0;0;0;0;0;0;0;0;0;0;0;0;0;0;0;0;0;0;0;0;0;0;0;0;0;0;0;0;0;0;0;0;0;0;0;0;0;0;0;0;0;0;0;0;0;0;0;0;0;0;0;0;0;0;0;0;0;2;1;0;1;0;1;1;2014-04-26 08:30:00;608;1;55;20;23;0;-1;1;-1;-1;-1;-1;-1;-1;1;0;2;2;1;4;-1;0;0;0;0;0;0;0;0;0;0;0;0;0;1;1;0;0;-1;-1;0;0;-1;-1;-1;-1;-1;-1;-1;-1;-1;4;28;46;73;93;37;67;67;38;11.06;3.9;4.37;2.42;Western Sydney Wanderers;Central Coast Mariners;1.55;1.55;1.56;1.61;1.56;1.61;96;73;55;28;7;71;60;46;0;0;0;99;29;Y;Y;N;N;N;N;N
33087;604;607;2013/2014;complete;145;0;-1;58;;1;0;1;5;8;13;3;3;1;2;0;0;4;5;4;2;8;7;16;13;56;44;1;2;1.66;4.12;5.38;0;0;0;0;0;0;0;0;0;0;0;0;0;0;0;0;0;0;0;0;0;0;0;0;0;0;0;0;0;0;0;0;0;0;0;0;0;0;0;0;0;0;0;0;0;0;0;0;0;0;0;0;0;0;0;0;0;0;0;0;0;0;0;0;0;1;0;0;1;0;1;0;2014-04-27 07:00:00;604;1;59;22;18;0;-1;1;-1;-1;-1;-1;-1;-1;0;1;1;1;1;2;-1;0;0;0;0;0;0;0;0;0;0;0;0;0;1;1;0;0;-1;-1;0;1;-1;-1;-1;-1;-1;-1;-1;-1;-1;13;31;60;78;95;35;69;89;48;10.39;5.9;4.28;2.83;Brisbane Roar;Melbourne Victory FC;2;1.52;1.93;1.57;1.93;1.57;88;70;40;22;6;71;60;55;0;0;0;99;29;Y;N;N;N;N;N;N
33088;604;608;2013/2014;complete;145;0;-1;86;56;1;1;2;4;7;11;3;1;0;6;0;0;9;8;9;1;18;9;12;33;53;47;0;6;2.1;3.38;3.87;0;0;0;0;0;0;0;0;0;0;0;0;0;0;0;0;0;0;0;0;0;0;0;0;0;0;0;0;0;0;0;0;0;0;0;0;0;0;0;0;0;0;0;0;0;0;0;0;0;0;0;0;0;0;0;0;0;0;0;0;0;0;0;0;0;3;0;0;2;1;3;0;2014-05-04 06:00:00;604;1;54;21;32;0;-1;1;-1;-1;-1;-1;-1;-1;0;2;0;4;2;4;-1;0;0;0;0;0;0;0;0;0;0;0;0;0;1;1;0;0;-1;-1;0;0;-1;-1;-1;-1;-1;-1;-1;-1;-1;4;20;45;73;95;27;64;80;38;11.67;4.36;4.25;2.39;Brisbane Roar;Western Sydney Wanderers;2;1.55;1.96;1.61;1.96;1.61;96;81;55;27;6;73;61;54;0;0;0;99;29;Y;Y;Y;N;N;N;Y
