ID;HOMEID;AWAYID;SEASON;STATUS;ROUNDID;GAME_WEEK;REVISED_GAME_WEEK;HOMEGOALS;AWAYGOALS;HOMEGOALCOUNT;AWAYGOALCOUNT;TOTALGOALCOUNT;TEAM_A_CORNERS;TEAM_B_CORNERS;TOTALCORNERCOUNT;TEAM_A_OFFSIDES;TEAM_B_OFFSIDES;TEAM_A_YELLOW_CARDS;TEAM_B_YELLOW_CARDS;TEAM_A_RED_CARDS;TEAM_B_RED_CARDS;TEAM_A_SHOTSONTARGET;TEAM_B_SHOTSONTARGET;TEAM_A_SHOTSOFFTARGET;TEAM_B_SHOTSOFFTARGET;TEAM_A_SHOTS;TEAM_B_SHOTS;TEAM_A_FOULS;TEAM_B_FOULS;TEAM_A_POSSESSION;TEAM_B_POSSESSION;TEAM_A_CARDS_NUM;TEAM_B_CARDS_NUM;ODDS_FT_1;ODDS_FT_X;ODDS_FT_2;ODDS_FT_OVER05;ODDS_FT_OVER15;ODDS_FT_OVER25;ODDS_FT_OVER35;ODDS_FT_OVER45;ODDS_FT_UNDER05;ODDS_FT_UNDER15;ODDS_FT_UNDER25;ODDS_FT_UNDER35;ODDS_FT_UNDER45;ODDS_BTTS_YES;ODDS_BTTS_NO;ODDS_TEAM_A_CS_YES;ODDS_TEAM_A_CS_NO;ODDS_TEAM_B_CS_YES;ODDS_TEAM_B_CS_NO;ODDS_DOUBLECHANCE_1X;ODDS_DOUBLECHANCE_12;ODDS_DOUBLECHANCE_X2;ODDS_1ST_HALF_RESULT_1;ODDS_1ST_HALF_RESULT_X;ODDS_1ST_HALF_RESULT_2;ODDS_2ND_HALF_RESULT_1;ODDS_2ND_HALF_RESULT_X;ODDS_2ND_HALF_RESULT_2;ODDS_DNB_1;ODDS_DNB_2;ODDS_CORNERS_OVER_75;ODDS_CORNERS_OVER_85;ODDS_CORNERS_OVER_95;ODDS_CORNERS_OVER_105;ODDS_CORNERS_OVER_115;ODDS_CORNERS_UNDER_75;ODDS_CORNERS_UNDER_85;ODDS_CORNERS_UNDER_95;ODDS_CORNERS_UNDER_105;ODDS_CORNERS_UNDER_115;ODDS_CORNERS_1;ODDS_CORNERS_X;ODDS_CORNERS_2;ODDS_TEAM_TO_SCORE_FIRST_1;ODDS_TEAM_TO_SCORE_FIRST_X;ODDS_TEAM_TO_SCORE_FIRST_2;ODDS_WIN_TO_NIL_1;ODDS_WIN_TO_NIL_2;ODDS_1ST_HALF_OVER05;ODDS_1ST_HALF_OVER15;ODDS_1ST_HALF_OVER25;ODDS_1ST_HALF_OVER35;ODDS_1ST_HALF_UNDER05;ODDS_1ST_HALF_UNDER15;ODDS_1ST_HALF_UNDER25;ODDS_1ST_HALF_UNDER35;ODDS_2ND_HALF_OVER05;ODDS_2ND_HALF_OVER15;ODDS_2ND_HALF_OVER25;ODDS_2ND_HALF_OVER35;ODDS_2ND_HALF_UNDER05;ODDS_2ND_HALF_UNDER15;ODDS_2ND_HALF_UNDER25;ODDS_2ND_HALF_UNDER35;ODDS_BTTS_1ST_HALF_YES;ODDS_BTTS_1ST_HALF_NO;ODDS_BTTS_2ND_HALF_YES;ODDS_BTTS_2ND_HALF_NO;OVERALLGOALCOUNT;HT_GOALS_TEAM_A;HT_GOALS_TEAM_B;GOALS_2HG_TEAM_A;GOALS_2HG_TEAM_B;GOALCOUNT_2HG;HTGOALCOUNT;DATE_UNIX;WINNINGTEAM;NO_HOME_AWAY;BTTS_POTENTIAL;BTTS_FHG_POTENTIAL;BTTS_2HG_POTENTIAL;GOALTIMINGDISABLED;CORNER_TIMINGS_RECORDED;CARD_TIMINGS_RECORDED;TEAM_A_FH_CORNERS;TEAM_B_FH_CORNERS;TEAM_A_2H_CORNERS;TEAM_B_2H_CORNERS;CORNER_FH_COUNT;CORNER_2H_COUNT;TEAM_A_FH_CARDS;TEAM_B_FH_CARDS;TEAM_A_2H_CARDS;TEAM_B_2H_CARDS;TOTAL_FH_CARDS;TOTAL_2H_CARDS;ATTACKS_RECORDED;TEAM_A_DANGEROUS_ATTACKS;TEAM_B_DANGEROUS_ATTACKS;TEAM_A_ATTACKS;TEAM_B_ATTACKS;TEAM_A_XG;TEAM_B_XG;TOTAL_XG;TEAM_A_PENALTIES_WON;TEAM_B_PENALTIES_WON;TEAM_A_PENALTY_GOALS;TEAM_B_PENALTY_GOALS;TEAM_A_PENALTY_MISSED;TEAM_B_PENALTY_MISSED;PENS_RECORDED;GOAL_TIMINGS_RECORDED;TEAM_A_0_10_MIN_GOALS;TEAM_B_0_10_MIN_GOALS;TEAM_A_CORNERS_0_10_MIN;TEAM_B_CORNERS_0_10_MIN;TEAM_A_CARDS_0_10_MIN;TEAM_B_CARDS_0_10_MIN;THROWINS_RECORDED;TEAM_A_THROWINS;TEAM_B_THROWINS;FREEKICKS_RECORDED;TEAM_A_FREEKICKS;TEAM_B_FREEKICKS;GOALKICKS_RECORDED;TEAM_A_GOALKICKS;TEAM_B_GOALKICKS;O45_POTENTIAL;O35_POTENTIAL;O25_POTENTIAL;O15_POTENTIAL;O05_POTENTIAL;O15HT_POTENTIAL;O05HT_POTENTIAL;O05_2H_POTENTIAL;O15_2H_POTENTIAL;CORNERS_POTENTIAL;OFFSIDES_POTENTIAL;CARDS_POTENTIAL;AVG_POTENTIAL;HOME_NAME;AWAY_NAME;HOME_PPG;AWAY_PPG;PRE_MATCH_HOME_PPG;PRE_MATCH_AWAY_PPG;PRE_MATCH_TEAMA_OVERALL_PPG;PRE_MATCH_TEAMB_OVERALL_PPG;U45_POTENTIAL;U35_POTENTIAL;U25_POTENTIAL;U15_POTENTIAL;U05_POTENTIAL;CORNERS_O85_POTENTIAL;CORNERS_O95_POTENTIAL;CORNERS_O105_POTENTIAL;TEAM_A_XG_PREMATCH;TEAM_B_XG_PREMATCH;TOTAL_XG_PREMATCH;COMPETITION_ID;MATCHES_COMPLETED_MINIMUM;OVER05;OVER15;OVER25;OVER35;OVER45;OVER55;BTTS
32529;604;607;2016/2017;complete;138;1;-1;90;83;1;1;2;5;5;10;4;2;5;3;1;0;3;3;3;6;6;9;20;11;51;49;6;3;2.42;3.56;3.02;0;0;0;0;0;0;0;0;0;0;0;0;0;0;0;0;0;0;0;0;0;0;0;0;0;0;0;0;0;0;0;0;0;0;0;0;0;0;0;0;0;0;0;0;0;0;0;0;0;0;0;0;0;0;0;0;0;0;0;0;0;0;0;0;0;2;0;0;1;1;2;0;2016-10-07 08:50:00;-1;0;0;0;0;0;-1;1;-1;-1;-1;-1;-1;-1;1;1;5;2;2;7;-1;0;0;0;0;0;0;0;0;0;0;0;0;0;1;1;0;0;-1;-1;0;0;-1;-1;-1;-1;-1;-1;-1;-1;-1;0;0;0;0;0;0;0;0;0;0;0;0;0;Brisbane Roar;Melbourne Victory FC;1.86;1.36;0;0;0;0;0;0;0;0;0;0;0;0;0;0;0;96;29;Y;Y;N;N;N;N;Y
32530;609;602;2016/2017;complete;138;1;-1;;31;0;1;1;7;8;15;6;0;1;3;0;1;3;7;8;8;11;15;19;19;44;56;1;5;2.96;3.67;2.41;0;0;0;0;0;0;0;0;0;0;0;0;0;0;0;0;0;0;0;0;0;0;0;0;0;0;0;0;0;0;0;0;0;0;0;0;0;0;0;0;0;0;0;0;0;0;0;0;0;0;0;0;0;0;0;0;0;0;0;0;0;0;0;0;0;1;0;1;0;0;0;1;2016-10-08 06:35:00;602;0;0;0;0;0;-1;1;-1;-1;-1;-1;-1;-1;0;0;1;4;0;5;-1;0;0;0;0;0;0;0;0;0;0;0;0;0;1;1;0;0;-1;-1;0;0;-1;-1;-1;-1;-1;-1;-1;-1;-1;0;0;0;0;0;0;0;0;0;0;0;0;0;Wellington Phoenix;Melbourne City FC;1.36;1.07;0;0;0;0;0;0;0;0;0;0;0;0;0;0;0;96;27;Y;N;N;N;N;N;N
32531;608;606;2016/2017;complete;138;1;-1;;51,55,85,89;0;4;4;5;4;9;4;5;3;2;1;0;0;0;0;0;0;0;13;11;-1;-1;5;2;2.21;3.51;3.47;0;0;0;0;0;0;0;0;0;0;0;0;0;0;0;0;0;0;0;0;0;0;0;0;0;0;0;0;0;0;0;0;0;0;0;0;0;0;0;0;0;0;0;0;0;0;0;0;0;0;0;0;0;0;0;0;0;0;0;0;0;0;0;0;0;4;0;0;0;4;4;0;2016-10-08 08:50:00;606;0;0;0;0;0;-1;1;-1;-1;-1;-1;-1;-1;3;1;1;1;4;2;-1;0;0;0;0;0;0;0;0;0;0;0;0;0;1;1;0;0;-1;-1;0;0;-1;-1;-1;-1;-1;-1;-1;-1;-1;0;0;0;0;0;0;0;0;0;0;0;0;0;Western Sydney Wanderers;Sydney FC;1.36;2.36;0;0;0;0;0;0;0;0;0;0;0;0;0;0;0;96;28;Y;Y;Y;Y;N;N;N
32532;600;603;2016/2017;complete;138;1;-1;3,27,35;56,84,86;3;3;6;2;7;9;3;2;3;2;0;0;11;8;8;8;19;16;9;11;42;58;3;2;1.61;4.24;5.89;0;0;0;0;0;0;0;0;0;0;0;0;0;0;0;0;0;0;0;0;0;0;0;0;0;0;0;0;0;0;0;0;0;0;0;0;0;0;0;0;0;0;0;0;0;0;0;0;0;0;0;0;0;0;0;0;0;0;0;0;0;0;0;0;0;6;3;0;0;3;3;3;2016-10-08 11:00:00;-1;0;0;0;0;0;-1;1;-1;-1;-1;-1;-1;-1;1;0;2;2;1;4;-1;0;0;0;0;0;0;0;1;1;1;1;0;0;1;1;1;0;-1;-1;0;0;-1;-1;-1;-1;-1;-1;-1;-1;-1;0;0;0;0;0;0;0;0;0;0;0;0;0;Perth Glory FC;Central Coast Mariners;1.93;0.71;0;0;0;0;0;0;0;0;0;0;0;0;0;0;0;96;27;Y;Y;Y;Y;Y;Y;Y
32533;605;601;2016/2017;complete;138;1;-1;17;29;1;1;2;4;8;12;0;4;2;2;0;0;3;5;5;4;8;9;14;13;45;55;2;2;4.02;3.75;1.96;0;0;0;0;0;0;0;0;0;0;0;0;0;0;0;0;0;0;0;0;0;0;0;0;0;0;0;0;0;0;0;0;0;0;0;0;0;0;0;0;0;0;0;0;0;0;0;0;0;0;0;0;0;0;0;0;0;0;0;0;0;0;0;0;0;2;1;1;0;0;0;2;2016-10-09 06:00:00;-1;0;0;0;0;0;-1;1;-1;-1;-1;-1;-1;-1;0;0;2;2;0;4;-1;0;0;0;0;0;0;0;0;0;0;0;0;0;1;1;0;0;-1;-1;0;0;-1;-1;-1;-1;-1;-1;-1;-1;-1;0;0;0;0;0;0;0;0;0;0;0;0;0;Newcastle Jets FC;Adelaide United;1.15;0.54;0;0;0;0;0;0;0;0;0;0;0;0;0;0;0;96;27;Y;Y;N;N;N;N;Y
32534;601;608;2016/2017;complete;138;2;-1;43;67,90;1;2;3;6;4;10;3;5;2;2;0;0;7;7;6;5;13;12;15;21;48;52;2;2;2.08;3.77;3.59;0;0;0;0;0;0;0;0;0;0;0;0;0;0;0;0;0;0;0;0;0;0;0;0;0;0;0;0;0;0;0;0;0;0;0;0;0;0;0;0;0;0;0;0;0;0;0;0;0;0;0;0;0;0;0;0;0;0;0;0;0;0;0;0;0;3;1;0;0;2;2;1;2016-10-14 08:50:00;608;0;0;0;0;0;-1;1;-1;-1;-1;-1;-1;-1;1;1;1;1;2;2;-1;0;0;0;0;0;0;0;0;0;0;0;0;0;1;1;0;0;-1;-1;0;1;-1;-1;-1;-1;-1;-1;-1;-1;-1;0;0;0;0;0;0;0;0;0;0;0;0;0;Adelaide United;Western Sydney Wanderers;1.14;1.29;0;0;1;0;0;0;0;0;0;0;0;0;0;0;0;96;27;Y;Y;Y;N;N;N;Y
32535;606;603;2016/2017;complete;138;2;-1;18,39,65,70;;4;0;4;5;4;9;1;1;1;0;0;0;7;2;9;4;16;6;14;6;37;63;1;0;1.38;5.49;8.54;0;0;0;0;0;0;0;0;0;0;0;0;0;0;0;0;0;0;0;0;0;0;0;0;0;0;0;0;0;0;0;0;0;0;0;0;0;0;0;0;0;0;0;0;0;0;0;0;0;0;0;0;0;0;0;0;0;0;0;0;0;0;0;0;0;4;2;0;2;0;2;2;2016-10-15 06:35:00;606;0;50;0;0;0;-1;1;-1;-1;-1;-1;-1;-1;0;0;1;0;0;1;-1;0;0;0;0;0;0;0;1;0;1;0;0;0;1;1;0;0;-1;-1;0;0;-1;-1;-1;-1;-1;-1;-1;-1;-1;50;50;50;50;50;50;50;50;50;7;2;2;3;Sydney FC;Central Coast Mariners;2.47;0.71;0;1;3;1;0;0;0;0;0;50;0;0;0;0;0;96;27;Y;Y;Y;Y;N;N;N
32536;607;602;2016/2017;complete;138;2;-1;62;27,31,52,63;1;4;5;3;5;8;2;2;3;1;0;0;3;9;3;10;6;19;14;16;41;59;3;1;2.53;3.81;2.72;0;0;0;0;0;0;0;0;0;0;0;0;0;0;0;0;0;0;0;0;0;0;0;0;0;0;0;0;0;0;0;0;0;0;0;0;0;0;0;0;0;0;0;0;0;0;0;0;0;0;0;0;0;0;0;0;0;0;0;0;0;0;0;0;0;5;0;2;1;2;3;2;2016-10-15 08:50:00;602;0;0;0;0;0;-1;1;-1;-1;-1;-1;-1;-1;2;1;1;0;3;1;-1;0;0;0;0;0;0;0;0;0;0;0;0;0;1;1;0;0;-1;-1;0;0;-1;-1;-1;-1;-1;-1;-1;-1;-1;0;0;0;0;50;0;50;0;0;8;0;5;0.5;Melbourne Victory FC;Melbourne City FC;2.27;1.07;0;3;1;3;50;50;50;50;0;50;50;50;0;0;0;96;28;Y;Y;Y;Y;Y;N;Y
32537;605;604;2016/2017;complete;138;2;-1;8,62,71,86;;4;0;4;4;8;12;1;0;0;0;0;0;6;3;6;10;12;13;12;14;40;60;0;0;3.14;3.73;2.28;0;0;0;0;0;0;0;0;0;0;0;0;0;0;0;0;0;0;0;0;0;0;0;0;0;0;0;0;0;0;0;0;0;0;0;0;0;0;0;0;0;0;0;0;0;0;0;0;0;0;0;0;0;0;0;0;0;0;0;0;0;0;0;0;0;4;1;0;3;0;3;1;2016-10-16 06:00:00;605;0;50;50;0;0;-1;-1;-1;-1;-1;-1;-1;-1;0;0;0;0;0;0;-1;0;0;0;0;0;0;0;0;0;0;0;0;0;1;1;1;0;-1;-1;-1;-1;-1;-1;-1;-1;-1;-1;-1;-1;-1;0;0;0;50;50;50;50;0;0;4;0;2;1;Newcastle Jets FC;Brisbane Roar;1.15;1.13;1;0;1;1;50;50;50;0;0;50;50;50;0;0;0;96;27;Y;Y;Y;Y;N;N;N
32538;600;609;2016/2017;complete;138;2;-1;48,66;;2;0;2;4;9;13;2;3;3;4;0;0;7;5;7;6;14;11;14;9;48;52;3;4;1.64;4.47;5.21;0;0;0;0;0;0;0;0;0;0;0;0;0;0;0;0;0;0;0;0;0;0;0;0;0;0;0;0;0;0;0;0;0;0;0;0;0;0;0;0;0;0;0;0;0;0;0;0;0;0;0;0;0;0;0;0;0;0;0;0;0;0;0;0;0;2;0;0;2;0;2;0;2016-10-16 08:00:00;600;0;50;0;0;0;-1;1;-1;-1;-1;-1;-1;-1;2;1;1;3;3;4;-1;0;0;0;0;0;0;0;2;0;1;0;1;0;1;1;0;0;-1;-1;0;0;-1;-1;-1;-1;-1;-1;-1;-1;-1;50;50;50;50;50;50;50;50;50;2;3;3;3;Perth Glory FC;Wellington Phoenix;1.93;0.85;1;0;1;0;0;0;0;0;0;50;0;0;0;0;0;96;27;Y;Y;N;N;N;N;N
32539;602;600;2016/2017;complete;138;3;-1;44,60;7,49,85;2;3;5;6;3;9;2;4;4;6;0;0;8;7;7;5;15;12;14;16;64;36;4;6;1.82;3.97;4.49;0;0;0;0;0;0;0;0;0;0;0;0;0;0;0;0;0;0;0;0;0;0;0;0;0;0;0;0;0;0;0;0;0;0;0;0;0;0;0;0;0;0;0;0;0;0;0;0;0;0;0;0;0;0;0;0;0;0;0;0;0;0;0;0;0;5;1;1;1;2;3;2;2016-10-21 08:50:00;600;0;0;0;0;0;-1;1;-1;-1;-1;-1;-1;-1;1;2;3;4;3;7;-1;0;0;0;0;0;0;0;1;0;1;0;0;0;1;1;0;1;-1;-1;1;0;-1;-1;-1;-1;-1;-1;-1;-1;-1;0;0;0;0;0;0;0;0;0;0;0;0;0;Melbourne City FC;Perth Glory FC;1.71;1;0;0;3;2;0;0;0;0;0;0;0;0;0;0;0;96;28;Y;Y;Y;Y;Y;N;Y
32540;603;604;2016/2017;complete;138;3;-1;;33;0;1;1;7;5;12;1;5;2;3;0;0;3;5;7;11;10;16;10;19;54;46;2;3;4.3;4.06;1.83;0;0;0;0;0;0;0;0;0;0;0;0;0;0;0;0;0;0;0;0;0;0;0;0;0;0;0;0;0;0;0;0;0;0;0;0;0;0;0;0;0;0;0;0;0;0;0;0;0;0;0;0;0;0;0;0;0;0;0;0;0;0;0;0;0;1;0;1;0;0;0;1;2016-10-22 06:35:00;604;0;0;0;0;0;-1;1;-1;-1;-1;-1;-1;-1;0;0;2;3;0;5;-1;0;0;0;0;0;0;0;0;0;0;0;0;0;1;1;0;0;-1;-1;0;0;-1;-1;-1;-1;-1;-1;-1;-1;-1;0;50;50;50;50;0;50;50;50;8;0;0;2;Central Coast Mariners;Brisbane Roar;1;1.13;0;0;0.5;0.5;50;0;0;0;0;50;50;50;0;0;0;96;27;Y;N;N;N;N;N;N
32541;601;607;2016/2017;complete;138;3;-1;68;20,90;1;2;3;11;2;13;1;1;1;4;0;0;7;4;10;5;17;9;14;29;56;44;1;4;2.17;3.72;3.39;0;0;0;0;0;0;0;0;0;0;0;0;0;0;0;0;0;0;0;0;0;0;0;0;0;0;0;0;0;0;0;0;0;0;0;0;0;0;0;0;0;0;0;0;0;0;0;0;0;0;0;0;0;0;0;0;0;0;0;0;0;0;0;0;0;3;0;1;1;1;2;1;2016-10-22 08:50:00;607;0;100;0;50;0;-1;1;-1;-1;-1;-1;-1;-1;1;2;0;2;3;2;-1;0;0;0;0;0;0;0;0;0;0;0;0;0;1;1;0;0;-1;-1;0;0;-1;-1;-1;-1;-1;-1;-1;-1;-1;0;0;50;100;100;0;50;100;100;11;5;5;2.5;Adelaide United;Melbourne Victory FC;1.14;1.36;0;1;0.5;0.5;100;100;50;0;0;100;100;0;0;0;0;96;27;Y;Y;Y;N;N;N;Y
32542;609;606;2016/2017;complete;138;3;-1;;90;0;1;1;9;11;20;5;5;1;4;0;0;4;5;7;7;11;12;17;18;57;43;1;4;3.8;3.81;2;0;0;0;0;0;0;0;0;0;0;0;0;0;0;0;0;0;0;0;0;0;0;0;0;0;0;0;0;0;0;0;0;0;0;0;0;0;0;0;0;0;0;0;0;0;0;0;0;0;0;0;0;0;0;0;0;0;0;0;0;0;0;0;0;0;1;0;0;0;1;1;0;2016-10-23 06:00:00;606;0;0;0;0;0;-1;1;-1;-1;-1;-1;-1;-1;0;2;1;2;2;3;-1;0;0;0;0;0;0;0;0;0;0;0;0;0;1;1;0;0;-1;-1;0;0;-1;-1;-1;-1;-1;-1;-1;-1;-1;0;50;50;50;100;0;50;50;50;11;11;3;2.5;Wellington Phoenix;Sydney FC;1.36;2.36;0;3;0;3;100;50;50;50;0;100;50;50;0;0;0;96;27;Y;N;N;N;N;N;N
32543;608;605;2016/2017;complete;138;3;-1;24,45;81,88;2;2;4;5;4;9;1;4;3;1;0;0;8;5;10;9;18;14;18;14;54;46;3;1;1.66;4.27;5.33;0;0;0;0;0;0;0;0;0;0;0;0;0;0;0;0;0;0;0;0;0;0;0;0;0;0;0;0;0;0;0;0;0;0;0;0;0;0;0;0;0;0;0;0;0;0;0;0;0;0;0;0;0;0;0;0;0;0;0;0;0;0;0;0;0;4;2;0;0;2;2;2;2016-10-23 08:00:00;-1;0;0;0;0;0;-1;1;-1;-1;-1;-1;-1;-1;1;1;2;0;2;2;-1;0;0;0;0;0;0;0;1;0;1;0;0;0;1;1;0;0;-1;-1;0;0;-1;-1;-1;-1;-1;-1;-1;-1;-1;0;50;50;50;50;0;0;50;50;5;4;5;2;Western Sydney Wanderers;Newcastle Jets FC;1.36;0.5;0;0;1.5;2;50;0;0;0;0;50;0;0;0;0;0;96;27;Y;Y;Y;Y;N;N;Y
32544;602;601;2016/2017;complete;138;4;-1;11,56;64;2;1;3;8;4;12;2;2;5;3;0;0;5;3;8;7;13;10;26;19;53;47;5;3;1.8;4.1;4.42;0;0;0;0;0;0;0;0;0;0;0;0;0;0;0;0;0;0;0;0;0;0;0;0;0;0;0;0;0;0;0;0;0;0;0;0;0;0;0;0;0;0;0;0;0;0;0;0;0;0;0;0;0;0;0;0;0;0;0;0;0;0;0;0;0;3;1;0;1;1;2;1;2016-10-28 08:50:00;602;0;100;100;50;0;-1;1;-1;-1;-1;-1;-1;-1;2;1;3;2;3;5;-1;0;0;0;0;0;0;0;1;0;1;0;0;0;1;1;0;0;-1;-1;0;0;-1;-1;-1;-1;-1;-1;-1;-1;-1;50;50;50;100;100;100;100;50;50;14;6;6;3.5;Melbourne City FC;Adelaide United;1.71;0.54;0;1;2;0.33;50;50;50;0;0;100;50;50;0;0;0;96;27;Y;Y;Y;N;N;N;Y
32545;605;606;2016/2017;complete;138;4;-1;;8,49;0;2;2;2;4;6;3;3;0;3;0;0;2;4;3;6;5;10;12;15;52;48;0;3;4.61;4.05;1.78;0;0;0;0;0;0;0;0;0;0;0;0;0;0;0;0;0;0;0;0;0;0;0;0;0;0;0;0;0;0;0;0;0;0;0;0;0;0;0;0;0;0;0;0;0;0;0;0;0;0;0;0;0;0;0;0;0;0;0;0;0;0;0;0;0;2;0;1;0;1;1;1;2016-10-29 06:35:00;606;0;25;25;0;0;-1;1;-1;-1;-1;-1;-1;-1;0;0;0;3;0;3;-1;0;0;0;0;0;0;0;0;0;0;0;0;0;1;1;0;1;-1;-1;0;0;-1;-1;-1;-1;-1;-1;-1;-1;-1;0;50;50;75;100;25;50;75;50;11.5;5.5;4;2.75;Newcastle Jets FC;Sydney FC;1.15;2.36;2;3;1.67;3;100;50;50;25;0;100;75;75;0;0;0;96;27;Y;Y;N;N;N;N;N
32546;608;603;2016/2017;complete;138;4;-1;2;61;1;1;2;2;6;8;7;5;0;2;0;0;6;4;7;3;13;7;19;13;49;51;0;2;1.45;5.12;7.11;0;0;0;0;0;0;0;0;0;0;0;0;0;0;0;0;0;0;0;0;0;0;0;0;0;0;0;0;0;0;0;0;0;0;0;0;0;0;0;0;0;0;0;0;0;0;0;0;0;0;0;0;0;0;0;0;0;0;0;0;0;0;0;0;0;2;1;0;0;1;1;1;2016-10-29 08:50:00;-1;0;50;0;0;0;-1;1;-1;-1;-1;-1;-1;-1;0;1;0;1;1;1;-1;0;0;0;0;0;0;0;0;0;0;0;0;0;1;1;1;0;-1;-1;0;0;-1;-1;-1;-1;-1;-1;-1;-1;-1;25;100;100;100;100;75;75;100;100;10.5;4;5;4.5;Western Sydney Wanderers;Central Coast Mariners;1.36;0.71;0.5;0.5;1.33;0.33;75;0;0;0;0;100;0;0;0;0;0;96;27;Y;Y;N;N;N;N;Y
32547;604;600;2016/2017;complete;138;4;-1;31,75;54;2;1;3;0;0;0;4;1;2;2;0;0;0;0;0;0;0;0;15;14;-1;-1;2;2;2.2;3.82;3.24;0;0;0;0;0;0;0;0;0;0;0;0;0;0;0;0;0;0;0;0;0;0;0;0;0;0;0;0;0;0;0;0;0;0;0;0;0;0;0;0;0;0;0;0;0;0;0;0;0;0;0;0;0;0;0;0;0;0;0;0;0;0;0;0;0;3;1;0;1;1;2;1;2016-10-30 06:00:00;604;0;100;50;100;0;-1;1;-1;-1;-1;-1;-1;-1;0;1;2;1;1;3;-1;0;0;0;0;0;0;0;0;0;0;0;0;0;1;1;0;0;-1;-1;0;0;-1;-1;-1;-1;-1;-1;-1;-1;-1;50;50;50;100;100;50;50;100;100;8;8;12;3.5;Brisbane Roar;Perth Glory FC;1.86;1;1;3;1.33;2.33;50;50;50;0;0;100;50;0;0;0;0;96;29;Y;Y;Y;N;N;N;Y
32548;607;609;2016/2017;complete;138;4;-1;20,22,71,77,82,90;63;6;1;7;11;8;19;2;0;2;5;0;1;9;5;8;7;17;12;15;11;50;50;2;6;1.65;4.2;5.46;0;0;0;0;0;0;0;0;0;0;0;0;0;0;0;0;0;0;0;0;0;0;0;0;0;0;0;0;0;0;0;0;0;0;0;0;0;0;0;0;0;0;0;0;0;0;0;0;0;0;0;0;0;0;0;0;0;0;0;0;0;0;0;0;0;7;2;0;4;1;5;2;2016-10-31 08:50:00;607;0;50;0;50;0;-1;1;-1;-1;-1;-1;-1;-1;1;2;1;4;3;5;-1;0;0;0;0;0;0;0;2;1;2;1;0;0;1;1;0;0;-1;-1;1;0;-1;-1;-1;-1;-1;-1;-1;-1;-1;50;50;50;100;100;50;50;100;100;12;5;7;3.5;Melbourne Victory FC;Wellington Phoenix;2.27;0.85;0;0;1.33;0;50;50;50;0;0;50;50;50;0;0;0;96;27;Y;Y;Y;Y;Y;Y;Y
32549;604;602;2016/2017;complete;138;5;-1;11;;1;0;1;4;10;14;4;3;3;2;0;0;5;2;4;2;9;4;21;17;37;63;3;2;2.78;3.73;2.51;0;0;0;0;0;0;0;0;0;0;0;0;0;0;0;0;0;0;0;0;0;0;0;0;0;0;0;0;0;0;0;0;0;0;0;0;0;0;0;0;0;0;0;0;0;0;0;0;0;0;0;0;0;0;0;0;0;0;0;0;0;0;0;0;0;1;1;0;0;0;0;1;2016-11-04 08:50:00;604;0;75;0;75;0;-1;1;-1;-1;-1;-1;-1;-1;1;0;2;2;1;4;-1;0;0;0;0;0;0;0;0;0;0;0;0;0;1;1;0;0;-1;-1;0;0;-1;-1;-1;-1;-1;-1;-1;-1;-1;25;25;50;75;100;25;75;75;75;9;5;7;2.75;Brisbane Roar;Melbourne City FC;1.86;1.07;2;3;1.75;2.25;75;75;50;25;0;50;50;25;0;0;0;96;28;Y;N;N;N;N;N;N
32550;609;605;2016/2017;complete;138;5;-1;21,41;;2;0;2;9;4;13;3;2;0;2;0;0;9;5;6;6;15;11;15;12;51;49;0;2;2.02;3.79;3.77;0;0;0;0;0;0;0;0;0;0;0;0;0;0;0;0;0;0;0;0;0;0;0;0;0;0;0;0;0;0;0;0;0;0;0;0;0;0;0;0;0;0;0;0;0;0;0;0;0;0;0;0;0;0;0;0;0;0;0;0;0;0;0;0;0;2;2;0;0;0;0;2;2016-11-05 06:35:00;609;0;50;0;0;0;-1;1;-1;-1;-1;-1;-1;-1;0;0;0;2;0;2;-1;0;0;0;0;0;0;0;0;0;0;0;0;0;1;1;0;0;-1;-1;0;0;-1;-1;-1;-1;-1;-1;-1;-1;-1;0;50;50;50;100;50;75;75;50;12;9.5;2;2.5;Wellington Phoenix;Newcastle Jets FC;1.36;0.5;0;1;0;1.25;100;50;50;50;0;100;50;50;0;0;0;96;27;Y;Y;N;N;N;N;N
32551;606;607;2016/2017;complete;138;5;-1;63,78;41;2;1;3;7;2;9;1;2;3;1;0;0;5;4;10;5;15;9;22;17;51;49;3;1;1.92;3.75;4.21;0;0;0;0;0;0;0;0;0;0;0;0;0;0;0;0;0;0;0;0;0;0;0;0;0;0;0;0;0;0;0;0;0;0;0;0;0;0;0;0;0;0;0;0;0;0;0;0;0;0;0;0;0;0;0;0;0;0;0;0;0;0;0;0;0;3;0;1;2;0;2;1;2016-11-05 08:50:00;606;0;50;0;50;0;-1;1;-1;-1;-1;-1;-1;-1;2;1;1;0;3;1;-1;0;0;0;0;0;0;0;0;1;0;0;0;1;1;1;0;0;-1;-1;0;0;-1;-1;-1;-1;-1;-1;-1;-1;-1;0;50;75;100;100;50;75;100;100;8.5;2.5;4.5;3.25;Sydney FC;Melbourne Victory FC;2.47;1.36;3;2;3;1.75;100;50;25;0;0;100;50;25;0;0;0;96;29;Y;Y;Y;N;N;N;Y
32552;601;603;2016/2017;complete;138;5;-1;27;47,57;1;2;3;5;4;9;6;1;0;3;0;0;5;3;8;6;13;9;16;13;53;47;0;3;1.47;5;6.82;0;0;0;0;0;0;0;0;0;0;0;0;0;0;0;0;0;0;0;0;0;0;0;0;0;0;0;0;0;0;0;0;0;0;0;0;0;0;0;0;0;0;0;0;0;0;0;0;0;0;0;0;0;0;0;0;0;0;0;0;0;0;0;0;0;3;1;0;0;2;2;1;2016-11-06 06:00:00;603;0;84;0;25;0;-1;1;-1;-1;-1;-1;-1;-1;0;1;0;2;1;2;-1;0;0;0;0;0;0;0;1;0;1;0;0;0;1;1;0;0;-1;-1;0;0;-1;-1;-1;-1;-1;-1;-1;-1;-1;17;34;84;100;100;34;100;100;84;14.17;4.67;2.83;3.5;Adelaide United;Central Coast Mariners;1.14;0.71;0;0.67;0.25;0.5;84;67;17;0;0;84;50;25;0;0;0;96;27;Y;Y;Y;N;N;N;Y
32553;600;608;2016/2017;complete;138;5;-1;5,51;1,67;2;2;4;3;2;5;3;1;4;4;0;0;6;6;4;3;10;9;12;14;43;57;4;4;2.05;3.83;3.62;0;0;0;0;0;0;0;0;0;0;0;0;0;0;0;0;0;0;0;0;0;0;0;0;0;0;0;0;0;0;0;0;0;0;0;0;0;0;0;0;0;0;0;0;0;0;0;0;0;0;0;0;0;0;0;0;0;0;0;0;0;0;0;0;0;4;1;1;1;1;2;2;2016-11-06 08:00:00;-1;0;75;0;0;0;-1;1;-1;-1;-1;-1;-1;-1;0;2;4;2;2;6;-1;0;0;0;0;0;0;0;0;0;0;0;0;0;1;1;1;1;-1;-1;0;0;-1;-1;-1;-1;-1;-1;-1;-1;-1;25;25;75;100;100;25;75;100;100;7;7.5;5;3.5;Perth Glory FC;Western Sydney Wanderers;1.93;1.29;2;3;1.75;1.25;75;75;25;0;0;100;75;25;0;0;0;96;28;Y;Y;Y;Y;N;N;Y
32554;602;605;2016/2017;complete;138;6;-1;14,27;35;2;1;3;10;3;13;0;1;2;3;0;0;7;2;7;8;14;10;13;15;66;34;2;3;1.47;4.87;7.2;0;0;0;0;0;0;0;0;0;0;0;0;0;0;0;0;0;0;0;0;0;0;0;0;0;0;0;0;0;0;0;0;0;0;0;0;0;0;0;0;0;0;0;0;0;0;0;0;0;0;0;0;0;0;0;0;0;0;0;0;0;0;0;0;0;3;2;1;0;0;0;3;2016-11-10 08:50:00;602;0;75;25;50;0;-1;1;-1;-1;-1;-1;-1;-1;1;2;1;1;3;2;-1;0;0;0;0;0;0;0;0;0;0;0;0;0;1;1;0;0;-1;-1;0;0;-1;-1;-1;-1;-1;-1;-1;-1;-1;25;50;75;100;100;75;100;75;75;11;5;6;3.5;Melbourne City FC;Newcastle Jets FC;1.71;0.5;1.5;0.5;1.8;1;75;50;25;0;0;100;50;50;0;0;0;96;27;Y;Y;Y;N;N;N;Y
32555;601;604;2016/2017;complete;138;6;-1;78;60;1;1;2;8;5;13;2;2;0;3;0;0;2;8;9;4;11;12;22;19;58;42;0;3;2.47;3.57;2.93;0;0;0;0;0;0;0;0;0;0;0;0;0;0;0;0;0;0;0;0;0;0;0;0;0;0;0;0;0;0;0;0;0;0;0;0;0;0;0;0;0;0;0;0;0;0;0;0;0;0;0;0;0;0;0;0;0;0;0;0;0;0;0;0;0;2;0;0;1;1;2;0;2016-11-11 08:50:00;-1;0;50;0;17;0;-1;1;-1;-1;-1;-1;-1;-1;0;1;0;2;1;2;-1;0;0;0;0;0;0;0;0;0;0;0;0;0;1;1;0;0;-1;-1;0;0;-1;-1;-1;-1;-1;-1;-1;-1;-1;0;25;75;75;100;0;100;75;75;13.83;5.83;2.5;2.75;Adelaide United;Brisbane Roar;1.14;1.13;0;1.5;0.2;2;100;75;25;25;0;100;84;67;0;0;0;96;27;Y;Y;N;N;N;N;Y
32556;603;609;2016/2017;complete;138;6;-1;;49,56;0;2;2;8;6;14;2;4;1;2;0;0;0;0;0;0;0;0;13;14;-1;-1;1;2;2.54;3.65;2.8;0;0;0;0;0;0;0;0;0;0;0;0;0;0;0;0;0;0;0;0;0;0;0;0;0;0;0;0;0;0;0;0;0;0;0;0;0;0;0;0;0;0;0;0;0;0;0;0;0;0;0;0;0;0;0;0;0;0;0;0;0;0;0;0;0;2;0;0;0;2;2;0;2016-11-12 06:35:00;609;0;25;0;25;0;-1;1;-1;-1;-1;-1;-1;-1;0;1;1;1;1;2;-1;0;0;0;0;0;0;0;0;0;0;0;0;0;1;1;0;0;-1;-1;0;0;-1;-1;-1;-1;-1;-1;-1;-1;-1;25;25;25;50;100;25;75;50;50;15.5;2.5;7;2.75;Central Coast Mariners;Wellington Phoenix;1;0.85;0;0;1;0.6;75;75;75;50;0;100;100;100;0;0;0;96;27;Y;Y;N;N;N;N;N
32557;607;608;2016/2017;complete;138;6;-1;26,65,85;;3;0;3;3;6;9;3;2;0;2;0;0;8;3;6;13;14;16;16;16;40;60;0;2;2.16;3.75;3.39;0;0;0;0;0;0;0;0;0;0;0;0;0;0;0;0;0;0;0;0;0;0;0;0;0;0;0;0;0;0;0;0;0;0;0;0;0;0;0;0;0;0;0;0;0;0;0;0;0;0;0;0;0;0;0;0;0;0;0;0;0;0;0;0;0;3;1;0;2;0;2;1;2016-11-12 08:50:00;607;0;100;25;75;0;-1;1;-1;-1;-1;-1;-1;-1;0;0;0;2;0;2;-1;0;0;0;0;0;0;0;0;0;0;0;0;0;1;1;0;0;-1;-1;0;0;-1;-1;-1;-1;-1;-1;-1;-1;-1;50;75;100;100;100;75;100;100;100;10;5;5.5;4.75;Melbourne Victory FC;Western Sydney Wanderers;2.27;1.29;1.5;2;1.4;1.2;50;25;0;0;0;50;50;25;0;0;0;96;28;Y;Y;Y;N;N;N;N
32558;606;600;2016/2017;complete;138;6;-1;14,38,79,88;62;4;1;5;7;1;8;6;4;3;0;0;0;11;2;8;5;19;7;21;11;42;58;3;0;1.7;4.23;5.02;0;0;0;0;0;0;0;0;0;0;0;0;0;0;0;0;0;0;0;0;0;0;0;0;0;0;0;0;0;0;0;0;0;0;0;0;0;0;0;0;0;0;0;0;0;0;0;0;0;0;0;0;0;0;0;0;0;0;0;0;0;0;0;0;0;5;2;0;2;1;3;2;2016-11-13 06:00:00;606;0;75;25;50;0;-1;1;-1;-1;-1;-1;-1;-1;3;0;0;0;3;0;-1;0;0;0;0;0;0;0;0;0;0;0;0;0;1;1;0;0;-1;-1;0;0;-1;-1;-1;-1;-1;-1;-1;-1;-1;25;50;100;100;100;50;100;100;100;7.5;3.5;6;3.75;Sydney FC;Perth Glory FC;2.47;1;3;1.5;3;1.6;75;50;0;0;0;75;0;0;0;0;0;96;29;Y;Y;Y;Y;Y;N;Y
32559;608;602;2016/2017;complete;138;7;-1;90;55;1;1;2;3;6;9;4;2;1;2;0;0;3;2;3;3;6;5;24;15;38;62;1;2;2.79;3.77;2.49;0;0;0;0;0;0;0;0;0;0;0;0;0;0;0;0;0;0;0;0;0;0;0;0;0;0;0;0;0;0;0;0;0;0;0;0;0;0;0;0;0;0;0;0;0;0;0;0;0;0;0;0;0;0;0;0;0;0;0;0;0;0;0;0;0;2;0;0;1;1;2;0;2016-11-18 08:50:00;-1;0;50;0;17;0;-1;1;-1;-1;-1;-1;-1;-1;1;1;0;1;2;1;-1;0;0;0;0;0;0;0;0;0;0;0;0;0;1;1;0;0;-1;-1;1;1;-1;-1;-1;-1;-1;-1;-1;-1;-1;17;50;50;67;100;33;84;67;50;11.67;5.67;5.34;2.83;Western Sydney Wanderers;Melbourne City FC;1.36;1.07;0.67;2;1;2;84;50;50;34;0;67;34;34;0;0;0;96;28;Y;Y;N;N;N;N;Y
32560;600;601;2016/2017;complete;138;7;-1;25,67,90;22;3;1;4;9;10;19;3;2;3;6;0;1;5;3;10;5;15;8;21;20;49;51;3;7;2.08;3.79;3.56;0;0;0;0;0;0;0;0;0;0;0;0;0;0;0;0;0;0;0;0;0;0;0;0;0;0;0;0;0;0;0;0;0;0;0;0;0;0;0;0;0;0;0;0;0;0;0;0;0;0;0;0;0;0;0;0;0;0;0;0;0;0;0;0;0;4;1;1;2;0;2;2;2016-11-18 11:00:00;600;0;84;42;42;0;-1;1;-1;-1;-1;-1;-1;-1;1;3;2;4;4;6;-1;0;0;0;0;0;0;0;0;0;0;0;0;0;1;1;0;0;-1;-1;1;0;-1;-1;-1;-1;-1;-1;-1;-1;-1;17;34;59;100;100;59;84;75;75;9;5.67;5.83;3.25;Perth Glory FC;Adelaide United;1.93;0.54;1.67;0.5;1.33;0.33;84;67;42;0;0;84;67;67;0;0;0;96;27;Y;Y;Y;Y;N;N;Y
32561;604;606;2016/2017;complete;138;7;-1;40;13;1;1;2;3;8;11;3;3;3;3;0;0;4;9;7;9;11;18;8;23;51;49;3;3;2.91;3.71;2.43;0;0;0;0;0;0;0;0;0;0;0;0;0;0;0;0;0;0;0;0;0;0;0;0;0;0;0;0;0;0;0;0;0;0;0;0;0;0;0;0;0;0;0;0;0;0;0;0;0;0;0;0;0;0;0;0;0;0;0;0;0;0;0;0;0;2;1;1;0;0;0;2;2016-11-19 08:50:00;-1;0;34;0;34;0;-1;1;-1;-1;-1;-1;-1;-1;2;1;1;2;3;3;-1;0;0;0;0;0;0;0;0;0;0;0;0;0;1;1;0;0;-1;-1;0;0;-1;-1;-1;-1;-1;-1;-1;-1;-1;0;17;33;67;100;0;50;84;50;9.33;8.33;6.67;2.17;Brisbane Roar;Sydney FC;1.86;2.36;2.33;3;1.83;3;100;84;67;33;0;67;50;33;0;0;0;96;29;Y;Y;N;N;N;N;Y
32562;605;603;2016/2017;complete;138;7;-1;64;42;1;1;2;5;9;14;1;1;3;3;0;1;8;6;12;2;20;8;18;16;48;52;3;4;2.24;3.81;3.16;0;0;0;0;0;0;0;0;0;0;0;0;0;0;0;0;0;0;0;0;0;0;0;0;0;0;0;0;0;0;0;0;0;0;0;0;0;0;0;0;0;0;0;0;0;0;0;0;0;0;0;0;0;0;0;0;0;0;0;0;0;0;0;0;0;2;0;1;1;0;1;1;2016-11-20 06:00:00;-1;0;54;17;0;0;-1;1;-1;-1;-1;-1;-1;-1;0;0;3;4;0;7;-1;0;0;0;0;0;0;0;0;0;0;0;0;0;1;1;0;0;-1;-1;0;0;-1;-1;-1;-1;-1;-1;-1;-1;-1;13;42;54;100;100;42;100;84;54;8.58;3.58;2.42;3.21;Newcastle Jets FC;Central Coast Mariners;1.15;0.71;1.33;1.25;0.83;0.83;88;59;46;0;0;71;34;34;0;0;0;96;27;Y;Y;N;N;N;N;Y
32563;603;600;2016/2017;complete;138;8;-1;30,63;;2;0;2;6;9;15;5;2;2;4;0;0;4;7;7;8;11;15;11;12;56;44;2;4;3.78;3.9;1.98;0;0;0;0;0;0;0;0;0;0;0;0;0;0;0;0;0;0;0;0;0;0;0;0;0;0;0;0;0;0;0;0;0;0;0;0;0;0;0;0;0;0;0;0;0;0;0;0;0;0;0;0;0;0;0;0;0;0;0;0;0;0;0;0;0;2;1;0;1;0;1;1;2016-11-24 08:50:00;603;0;50;17;50;0;-1;1;-1;-1;-1;-1;-1;-1;1;3;1;1;4;2;-1;0;0;0;0;0;0;0;0;0;0;0;0;0;1;1;0;0;-1;-1;0;0;-1;-1;-1;-1;-1;-1;-1;-1;-1;34;34;50;75;100;34;75;75;75;8.83;4.5;4.17;2.92;Central Coast Mariners;Perth Glory FC;1;1;0;1;0.86;1.57;67;67;50;25;0;67;50;50;0;0;0;96;27;Y;Y;N;N;N;N;N
32564;608;604;2016/2017;complete;138;8;-1;56;18;1;1;2;8;3;11;3;3;3;1;0;0;12;5;7;3;19;8;8;14;59;41;3;1;2.41;3.66;2.97;0;0;0;0;0;0;0;0;0;0;0;0;0;0;0;0;0;0;0;0;0;0;0;0;0;0;0;0;0;0;0;0;0;0;0;0;0;0;0;0;0;0;0;0;0;0;0;0;0;0;0;0;0;0;0;0;0;0;0;0;0;0;0;0;0;2;0;1;1;0;1;1;2016-11-25 08:50:00;-1;0;54;0;29;0;-1;1;-1;-1;-1;-1;-1;-1;1;1;2;0;2;2;-1;0;0;0;0;0;0;0;0;1;0;1;0;0;1;1;0;0;-1;-1;0;0;-1;-1;-1;-1;-1;-1;-1;-1;-1;0;42;42;84;100;13;59;84;71;9.75;6.33;4.25;2.67;Western Sydney Wanderers;Brisbane Roar;1.36;1.13;0.75;1.33;1;1.71;100;59;59;17;0;88;50;50;0;0;0;96;28;Y;Y;N;N;N;N;Y
32565;607;605;2016/2017;complete;138;8;-1;52,54;;2;0;2;5;5;10;0;0;1;4;0;0;7;5;14;4;21;9;14;20;59;41;1;4;1.51;4.63;6.83;0;0;0;0;0;0;0;0;0;0;0;0;0;0;0;0;0;0;0;0;0;0;0;0;0;0;0;0;0;0;0;0;0;0;0;0;0;0;0;0;0;0;0;0;0;0;0;0;0;0;0;0;0;0;0;0;0;0;0;0;0;0;0;0;0;2;0;0;2;0;2;0;2016-11-26 06:35:00;607;0;67;17;34;0;-1;1;-1;-1;-1;-1;-1;-1;0;1;1;3;1;4;-1;0;0;0;0;0;0;0;0;0;0;0;0;0;1;1;0;0;-1;-1;0;0;-1;-1;-1;-1;-1;-1;-1;-1;-1;34;50;84;100;100;84;100;67;67;9.34;4.66;3.67;4;Melbourne Victory FC;Newcastle Jets FC;2.27;0.5;2;0.33;1.67;0.86;67;50;17;0;0;84;50;50;0;0;0;96;27;Y;Y;N;N;N;N;N
32566;606;601;2016/2017;complete;138;8;-1;;;0;0;0;4;2;6;1;3;2;2;0;0;3;4;5;2;8;6;16;20;50;50;2;2;1.56;4.5;6.23;0;0;0;0;0;0;0;0;0;0;0;0;0;0;0;0;0;0;0;0;0;0;0;0;0;0;0;0;0;0;0;0;0;0;0;0;0;0;0;0;0;0;0;0;0;0;0;0;0;0;0;0;0;0;0;0;0;0;0;0;0;0;0;0;0;0;0;0;0;0;0;0;2016-11-26 08:50:00;-1;0;84;34;33;0;-1;1;-1;-1;-1;-1;-1;-1;2;1;0;1;3;1;-1;0;0;0;0;0;0;0;0;0;0;0;0;0;1;1;0;0;-1;-1;0;0;-1;-1;-1;-1;-1;-1;-1;-1;-1;17;50;84;100;100;67;100;84;84;13.66;5.34;6.33;3.5;Sydney FC;Adelaide United;2.47;0.54;3;0.33;2.71;0.29;84;50;17;0;0;84;50;50;0;0;0;96;27;N;N;N;N;N;N;N
32567;602;609;2016/2017;complete;138;8;-1;44,71;59;2;1;3;11;2;13;1;2;3;6;0;0;11;6;6;7;17;13;22;22;62;38;3;6;1.53;4.7;6.31;0;0;0;0;0;0;0;0;0;0;0;0;0;0;0;0;0;0;0;0;0;0;0;0;0;0;0;0;0;0;0;0;0;0;0;0;0;0;0;0;0;0;0;0;0;0;0;0;0;0;0;0;0;0;0;0;0;0;0;0;0;0;0;0;0;3;1;0;1;1;2;1;2016-11-27 06:00:00;602;0;67;34;50;0;-1;1;-1;-1;-1;-1;-1;-1;0;1;3;5;1;8;-1;0;0;0;0;0;0;0;1;1;1;0;0;1;1;1;0;0;-1;-1;0;0;-1;-1;-1;-1;-1;-1;-1;-1;-1;33;33;67;100;100;50;67;84;84;15.67;3.66;7.67;3.67;Melbourne City FC;Wellington Phoenix;1.71;0.85;2;1;1.86;1;67;67;34;0;0;100;84;84;0;0;0;96;27;Y;Y;Y;N;N;N;Y
32568;607;600;2016/2017;complete;138;9;-1;41;17;1;1;2;9;0;9;6;4;1;4;0;0;6;2;14;3;20;5;15;22;65;35;1;4;1.72;4.16;4.92;0;0;0;0;0;0;0;0;0;0;0;0;0;0;0;0;0;0;0;0;0;0;0;0;0;0;0;0;0;0;0;0;0;0;0;0;0;0;0;0;0;0;0;0;0;0;0;0;0;0;0;0;0;0;0;0;0;0;0;0;0;0;0;0;0;2;1;1;0;0;0;2;2016-12-02 08:50:00;-1;0;63;13;63;0;-1;1;-1;-1;-1;-1;-1;-1;0;2;1;2;2;3;-1;0;0;0;0;0;0;0;0;0;0;0;0;0;1;1;0;0;-1;-1;0;0;-1;-1;-1;-1;-1;-1;-1;-1;-1;50;50;75;100;100;50;88;100;88;8.75;4.5;4.5;4;Melbourne Victory FC;Perth Glory FC;2.27;1;2.25;0.75;1.86;1.38;50;50;25;0;0;63;38;25;0;0;0;96;29;Y;Y;N;N;N;N;Y
32569;603;608;2016/2017;complete;138;9;-1;5;6,31,50,87;1;4;5;1;4;5;1;3;1;3;0;1;3;9;5;13;8;22;8;10;55;45;1;5;3.78;3.77;2.02;0;0;0;0;0;0;0;0;0;0;0;0;0;0;0;0;0;0;0;0;0;0;0;0;0;0;0;0;0;0;0;0;0;0;0;0;0;0;0;0;0;0;0;0;0;0;0;0;0;0;0;0;0;0;0;0;0;0;0;0;0;0;0;0;0;5;1;2;0;2;2;3;2016-12-03 06:35:00;608;0;34;17;17;0;-1;1;-1;-1;-1;-1;-1;-1;0;1;1;3;1;4;-1;0;0;0;0;0;0;0;0;0;0;0;0;0;1;1;1;1;-1;-1;0;0;-1;-1;-1;-1;-1;-1;-1;-1;-1;0;17;50;84;100;17;84;84;67;11;5.34;4.34;2.5;Central Coast Mariners;Western Sydney Wanderers;1;1.29;1;1.33;1.13;1;100;84;50;17;0;84;67;50;0;0;0;96;27;Y;Y;Y;Y;Y;N;Y
32570;602;604;2016/2017;complete;138;9;-1;54;38;1;1;2;4;4;8;0;0;4;1;0;0;6;6;10;9;16;15;20;18;56;44;4;1;1.95;3.8;4;0;0;0;0;0;0;0;0;0;0;0;0;0;0;0;0;0;0;0;0;0;0;0;0;0;0;0;0;0;0;0;0;0;0;0;0;0;0;0;0;0;0;0;0;0;0;0;0;0;0;0;0;0;0;0;0;0;0;0;0;0;0;0;0;0;2;0;1;1;0;1;1;2016-12-03 08:50:00;-1;0;75;25;50;0;-1;1;-1;-1;-1;-1;-1;-1;0;0;4;1;0;5;-1;0;0;0;0;0;0;0;0;0;0;0;0;0;1;1;0;0;-1;-1;0;0;-1;-1;-1;-1;-1;-1;-1;-1;-1;13;25;63;88;100;25;88;75;63;14;3.75;5.25;2.88;Melbourne City FC;Brisbane Roar;1.71;1.13;2.25;1.25;2;1.63;88;75;38;13;0;100;88;88;0;0;0;96;28;Y;Y;N;N;N;N;Y
32571;605;606;2016/2017;complete;138;9;-1;;63,79;0;2;2;2;10;12;5;0;4;1;0;0;0;8;4;13;4;21;16;13;42;58;4;1;4.63;3.91;1.81;0;0;0;0;0;0;0;0;0;0;0;0;0;0;0;0;0;0;0;0;0;0;0;0;0;0;0;0;0;0;0;0;0;0;0;0;0;0;0;0;0;0;0;0;0;0;0;0;0;0;0;0;0;0;0;0;0;0;0;0;0;0;0;0;0;2;0;0;0;2;2;0;2016-12-04 06:00:00;606;0;38;25;0;0;-1;1;-1;-1;-1;-1;-1;-1;1;1;3;0;2;3;-1;0;0;0;0;0;0;0;0;0;0;0;0;0;1;1;0;0;-1;-1;0;0;-1;-1;-1;-1;-1;-1;-1;-1;-1;0;25;25;88;100;25;75;75;25;10.5;5.25;4.25;2.38;Newcastle Jets FC;Sydney FC;1.15;2.36;1.25;2.5;0.75;2.5;100;75;75;13;0;75;63;63;0;0;0;96;27;Y;Y;N;N;N;N;N
32572;601;609;2016/2017;complete;138;9;-1;26,39;;2;0;2;5;8;13;0;3;2;4;0;0;6;7;6;7;12;14;17;14;47;53;2;4;1.9;3.86;4.16;0;0;0;0;0;0;0;0;0;0;0;0;0;0;0;0;0;0;0;0;0;0;0;0;0;0;0;0;0;0;0;0;0;0;0;0;0;0;0;0;0;0;0;0;0;0;0;0;0;0;0;0;0;0;0;0;0;0;0;0;0;0;0;0;0;2;2;0;0;0;0;2;2016-12-04 08:00:00;601;0;75;0;50;0;-1;1;-1;-1;-1;-1;-1;-1;2;2;0;2;4;2;-1;0;0;0;0;0;0;0;0;1;0;0;0;1;1;1;0;0;-1;-1;0;1;-1;-1;-1;-1;-1;-1;-1;-1;-1;13;13;63;100;100;13;63;100;100;13.75;5.25;5.25;3.13;Adelaide United;Wellington Phoenix;1.14;0.85;0.25;0.75;0.38;0.86;88;88;38;0;0;100;88;75;0;0;0;96;27;Y;Y;N;N;N;N;N
32573;606;602;2016/2017;complete;138;10;-1;81;31;1;1;2;3;3;6;1;1;3;3;1;0;6;2;13;3;19;5;11;18;44;56;4;3;2.13;3.65;3.54;0;0;0;0;0;0;0;0;0;0;0;0;0;0;0;0;0;0;0;0;0;0;0;0;0;0;0;0;0;0;0;0;0;0;0;0;0;0;0;0;0;0;0;0;0;0;0;0;0;0;0;0;0;0;0;0;0;0;0;0;0;0;0;0;0;2;0;1;1;0;1;1;2016-12-09 08:50:00;-1;0;50;0;38;0;-1;1;-1;-1;-1;-1;-1;-1;1;1;3;2;2;5;-1;0;0;0;0;0;0;0;1;0;1;0;0;0;1;1;0;0;-1;-1;0;0;-1;-1;-1;-1;-1;-1;-1;-1;-1;25;38;50;63;88;38;75;63;63;13;4;4.75;2.63;Sydney FC;Melbourne City FC;2.47;1.07;2.5;1.75;2.56;1.89;75;63;50;38;13;63;25;25;0;0;0;96;28;Y;Y;N;N;N;N;Y
32574;609;603;2016/2017;complete;138;10;-1;2,66,90;;3;0;3;7;5;12;4;0;1;2;0;0;6;2;15;4;21;6;8;13;43;57;1;2;1.69;4.21;5.11;0;0;0;0;0;0;0;0;0;0;0;0;0;0;0;0;0;0;0;0;0;0;0;0;0;0;0;0;0;0;0;0;0;0;0;0;0;0;0;0;0;0;0;0;0;0;0;0;0;0;0;0;0;0;0;0;0;0;0;0;0;0;0;0;0;3;1;0;2;0;2;1;2016-12-10 06:35:00;609;0;40;0;0;0;-1;1;-1;-1;-1;-1;-1;-1;0;1;1;1;1;2;-1;0;0;0;0;0;0;0;0;0;0;0;0;0;1;1;1;0;-1;-1;0;0;-1;-1;-1;-1;-1;-1;-1;-1;-1;10;20;30;67;100;37;84;67;30;14.33;6.67;2.87;2.37;Wellington Phoenix;Central Coast Mariners;1.36;0.71;1;1.2;0.75;1;90;80;70;34;0;90;60;60;0;0;0;96;27;Y;Y;Y;N;N;N;N
32575;608;607;2016/2017;complete;138;10;-1;;32,66,82;0;3;3;7;6;13;1;5;3;2;0;0;4;7;12;6;16;13;16;18;56;44;3;2;2.45;3.58;2.97;0;0;0;0;0;0;0;0;0;0;0;0;0;0;0;0;0;0;0;0;0;0;0;0;0;0;0;0;0;0;0;0;0;0;0;0;0;0;0;0;0;0;0;0;0;0;0;0;0;0;0;0;0;0;0;0;0;0;0;0;0;0;0;0;0;3;0;1;0;2;2;1;2016-12-10 08:50:00;607;0;90;0;44;0;-1;1;-1;-1;-1;-1;-1;-1;1;0;2;2;1;4;-1;0;0;0;0;0;0;0;0;0;0;0;0;0;1;1;0;0;-1;-1;1;0;-1;-1;-1;-1;-1;-1;-1;-1;-1;0;20;54;100;100;10;64;100;80;7.6;5.47;5.07;2.74;Western Sydney Wanderers;Melbourne Victory FC;1.36;1.36;0.8;1.33;1.22;1.75;100;80;47;0;0;90;44;27;0;0;0;96;28;Y;Y;Y;N;N;N;N
32576;600;605;2016/2017;complete;138;10;-1;7;21,45;1;2;3;4;11;15;2;4;2;1;0;0;5;12;7;11;12;23;13;8;43;57;2;1;1.71;4.13;5.08;0;0;0;0;0;0;0;0;0;0;0;0;0;0;0;0;0;0;0;0;0;0;0;0;0;0;0;0;0;0;0;0;0;0;0;0;0;0;0;0;0;0;0;0;0;0;0;0;0;0;0;0;0;0;0;0;0;0;0;0;0;0;0;0;0;3;1;2;0;0;0;3;2016-12-10 11:00:00;605;0;63;38;13;0;-1;1;-1;-1;-1;-1;-1;-1;0;1;2;0;1;2;-1;0;0;0;0;0;0;0;0;0;0;0;0;0;1;1;1;0;-1;-1;0;0;-1;-1;-1;-1;-1;-1;-1;-1;-1;13;50;63;100;100;75;75;75;75;8.5;4.5;5.75;3.38;Perth Glory FC;Newcastle Jets FC;1.93;0.5;2;0.25;1.33;0.67;88;50;38;0;0;88;63;50;0;0;0;96;27;Y;Y;Y;N;N;N;Y
32577;604;601;2016/2017;complete;138;10;-1;28,30,55,85;;4;0;4;3;19;22;4;1;1;4;0;0;5;4;4;8;9;12;15;10;51;49;1;4;2.02;3.69;3.85;0;0;0;0;0;0;0;0;0;0;0;0;0;0;0;0;0;0;0;0;0;0;0;0;0;0;0;0;0;0;0;0;0;0;0;0;0;0;0;0;0;0;0;0;0;0;0;0;0;0;0;0;0;0;0;0;0;0;0;0;0;0;0;0;0;4;2;0;2;0;2;2;2016-12-11 06:00:00;604;0;75;38;38;0;-1;1;-1;-1;-1;-1;-1;-1;1;0;0;4;1;4;-1;0;0;0;0;0;0;0;1;0;1;0;0;0;1;1;0;0;-1;-1;0;0;-1;-1;-1;-1;-1;-1;-1;-1;-1;0;13;38;75;88;38;75;50;50;9;6.5;7;2.13;Brisbane Roar;Adelaide United;1.86;0.54;2;0.5;1.56;0.67;100;88;63;25;13;75;75;63;0;0;0;96;27;Y;Y;Y;Y;N;N;N
32578;605;601;2016/2017;complete;138;11;-1;29,90;68;2;1;3;6;7;13;1;4;2;0;0;0;3;4;1;2;4;6;16;15;39;61;2;0;3.22;3.55;2.31;0;0;0;0;0;0;0;0;0;0;0;0;0;0;0;0;0;0;0;0;0;0;0;0;0;0;0;0;0;0;0;0;0;0;0;0;0;0;0;0;0;0;0;0;0;0;0;0;0;0;0;0;0;0;0;0;0;0;0;0;0;0;0;0;0;3;1;0;1;1;2;1;2016-12-16 08:50:00;605;0;50;30;10;0;-1;1;-1;-1;-1;-1;-1;-1;1;0;1;0;1;1;-1;0;0;0;0;0;0;0;0;0;0;0;0;0;1;1;0;0;-1;-1;0;0;-1;-1;-1;-1;-1;-1;-1;-1;-1;0;30;40;90;90;40;80;70;50;12;4.4;5.4;2.5;Newcastle Jets FC;Adelaide United;1.15;0.54;1;0.4;0.9;0.6;100;70;60;10;10;80;80;80;0;0;0;96;27;Y;Y;Y;N;N;N;Y
32579;609;608;2016/2017;complete;138;11;-1;62,68;19,56;2;2;4;7;9;16;4;1;1;3;0;0;3;8;6;9;9;17;11;28;53;47;1;3;3.13;3.67;2.31;0;0;0;0;0;0;0;0;0;0;0;0;0;0;0;0;0;0;0;0;0;0;0;0;0;0;0;0;0;0;0;0;0;0;0;0;0;0;0;0;0;0;0;0;0;0;0;0;0;0;0;0;0;0;0;0;0;0;0;0;0;0;0;0;0;4;0;1;2;1;3;1;2016-12-17 06:35:00;-1;0;38;25;13;0;-1;1;-1;-1;-1;-1;-1;-1;0;1;1;2;1;3;-1;0;0;0;0;0;0;0;1;1;1;0;0;1;1;1;0;0;-1;-1;0;1;-1;-1;-1;-1;-1;-1;-1;-1;-1;13;25;63;75;100;38;88;75;63;12;7.25;4;2.75;Wellington Phoenix;Western Sydney Wanderers;1.36;1.29;1.5;1.75;1;1.1;88;75;38;25;0;75;63;50;0;0;0;96;27;Y;Y;Y;Y;N;N;Y
32580;602;607;2016/2017;complete;138;11;-1;16;24,78;1;2;3;10;7;17;3;4;5;5;0;0;6;4;6;8;12;12;15;25;63;37;5;5;2.3;3.7;3.13;0;0;0;0;0;0;0;0;0;0;0;0;0;0;0;0;0;0;0;0;0;0;0;0;0;0;0;0;0;0;0;0;0;0;0;0;0;0;0;0;0;0;0;0;0;0;0;0;0;0;0;0;0;0;0;0;0;0;0;0;0;0;0;0;0;3;1;1;0;1;1;2;2016-12-17 08:50:00;607;0;88;20;55;0;-1;1;-1;-1;-1;-1;-1;-1;2;1;3;4;3;7;-1;0;0;0;0;0;0;0;0;0;0;0;0;0;1;1;0;0;-1;-1;0;0;-1;-1;-1;-1;-1;-1;-1;-1;-1;10;10;78;100;100;20;88;90;80;11.55;3.5;6.1;2.98;Melbourne City FC;Melbourne Victory FC;1.71;1.36;2;1.75;1.8;1.89;90;90;23;0;0;90;68;55;0;0;0;96;28;Y;Y;Y;N;N;N;Y
32581;600;606;2016/2017;complete;138;11;-1;20;21,61,71,90;1;4;5;3;5;8;1;1;1;2;0;0;6;7;10;5;16;12;11;15;45;55;1;2;3.58;3.75;2.09;0;0;0;0;0;0;0;0;0;0;0;0;0;0;0;0;0;0;0;0;0;0;0;0;0;0;0;0;0;0;0;0;0;0;0;0;0;0;0;0;0;0;0;0;0;0;0;0;0;0;0;0;0;0;0;0;0;0;0;0;0;0;0;0;0;5;1;1;0;3;3;2;2016-12-17 11:00:00;606;0;50;40;10;0;-1;1;-1;-1;-1;-1;-1;-1;1;0;0;2;1;2;-1;0;0;0;0;0;0;0;0;1;0;1;0;0;1;1;0;0;-1;-1;0;0;-1;-1;-1;-1;-1;-1;-1;-1;-1;10;40;50;90;100;50;60;80;60;11.8;5.8;5.6;3;Perth Glory FC;Sydney FC;1.93;2.36;1.6;2.6;1.2;2.4;90;60;50;10;0;80;60;60;0;0;0;96;29;Y;Y;Y;Y;Y;N;Y
32582;603;604;2016/2017;complete;138;11;-1;57;33,76;1;2;3;3;8;11;2;2;1;0;0;0;7;9;10;9;17;18;15;17;48;52;1;0;4.91;4.05;1.74;0;0;0;0;0;0;0;0;0;0;0;0;0;0;0;0;0;0;0;0;0;0;0;0;0;0;0;0;0;0;0;0;0;0;0;0;0;0;0;0;0;0;0;0;0;0;0;0;0;0;0;0;0;0;0;0;0;0;0;0;0;0;0;0;0;3;0;1;1;1;2;1;2016-12-18 06:00:00;604;0;43;13;10;0;-1;1;-1;-1;-1;-1;-1;-1;0;0;1;0;0;1;-1;0;0;0;0;0;0;0;0;0;0;0;0;0;1;1;0;0;-1;-1;0;0;-1;-1;-1;-1;-1;-1;-1;-1;-1;13;23;23;78;100;13;78;78;45;10.5;4.25;3.1;2.35;Central Coast Mariners;Brisbane Roar;1;1.13;0.75;1.2;0.9;1.7;88;78;78;23;0;78;78;78;0;0;0;96;27;Y;Y;Y;N;N;N;Y
32583;604;608;2016/2017;complete;138;12;-1;52;69;1;1;2;9;6;15;2;2;2;3;0;1;5;3;8;4;13;7;12;16;55;45;2;5;2.06;3.7;3.71;0;0;0;0;0;0;0;0;0;0;0;0;0;0;0;0;0;0;0;0;0;0;0;0;0;0;0;0;0;0;0;0;0;0;0;0;0;0;0;0;0;0;0;0;0;0;0;0;0;0;0;0;0;0;0;0;0;0;0;0;0;0;0;0;0;2;0;0;1;1;2;0;2016-12-23 08:50:00;-1;0;70;30;40;0;-1;1;-1;-1;-1;-1;-1;-1;1;1;1;3;2;4;-1;0;0;0;0;0;0;0;0;0;0;0;0;0;1;1;0;0;-1;-1;0;0;-1;-1;-1;-1;-1;-1;-1;-1;-1;10;40;70;90;100;40;90;80;80;8;6.2;6.2;3.1;Brisbane Roar;Western Sydney Wanderers;1.86;1.29;2.2;1.6;1.82;1.09;90;60;30;10;0;70;60;40;0;0;0;96;28;Y;Y;N;N;N;N;Y
32584;605;609;2016/2017;complete;138;12;-1;48,62;35,50;2;2;4;7;8;15;2;1;2;1;0;0;11;6;10;7;21;13;19;18;56;44;2;1;2.36;3.61;3.08;0;0;0;0;0;0;0;0;0;0;0;0;0;0;0;0;0;0;0;0;0;0;0;0;0;0;0;0;0;0;0;0;0;0;0;0;0;0;0;0;0;0;0;0;0;0;0;0;0;0;0;0;0;0;0;0;0;0;0;0;0;0;0;0;0;4;0;1;2;1;3;1;2016-12-26 06:35:00;-1;0;45;9;29;0;-1;1;-1;-1;-1;-1;-1;-1;0;0;2;1;0;3;-1;0;0;0;0;0;0;0;0;0;0;0;0;0;1;1;0;0;-1;-1;0;0;-1;-1;-1;-1;-1;-1;-1;-1;-1;10;19;37;100;100;29;72;82;65;10.43;4.23;6.23;2.85;Newcastle Jets FC;Wellington Phoenix;1.15;0.85;1.33;0.6;1.09;1;90;82;64;0;0;92;92;92;0;0;0;96;27;Y;Y;Y;Y;N;N;Y
32585;601;606;2016/2017;complete;138;12;-1;;34,53,64,66;0;4;4;6;7;13;2;2;0;3;0;0;5;6;9;5;14;11;11;16;54;46;0;3;3.72;3.66;2.07;0;0;0;0;0;0;0;0;0;0;0;0;0;0;0;0;0;0;0;0;0;0;0;0;0;0;0;0;0;0;0;0;0;0;0;0;0;0;0;0;0;0;0;0;0;0;0;0;0;0;0;0;0;0;0;0;0;0;0;0;0;0;0;0;0;4;0;1;0;3;3;1;2016-12-26 08:50:00;606;0;57;17;20;0;-1;1;-1;-1;-1;-1;-1;-1;0;1;0;2;1;2;-1;0;0;0;0;0;0;0;0;0;0;0;0;0;1;1;0;0;-1;-1;0;0;-1;-1;-1;-1;-1;-1;-1;-1;-1;9;17;47;92;100;27;65;82;65;14;5.23;3.5;2.64;Adelaide United;Sydney FC;1.14;2.36;0.8;2.67;0.55;2.45;92;84;54;9;0;84;65;55;0;0;0;96;27;Y;Y;Y;Y;N;N;N
32586;602;600;2016/2017;complete;138;12;-1;9,36,61;21,40,64;3;3;6;5;3;8;1;4;3;2;1;1;11;7;10;5;21;12;11;13;70;30;5;4;1.55;4.57;6.16;0;0;0;0;0;0;0;0;0;0;0;0;0;0;0;0;0;0;0;0;0;0;0;0;0;0;0;0;0;0;0;0;0;0;0;0;0;0;0;0;0;0;0;0;0;0;0;0;0;0;0;0;0;0;0;0;0;0;0;0;0;0;0;0;0;6;2;2;1;1;2;4;2016-12-27 08:50:00;-1;0;90;45;55;0;-1;1;-1;-1;-1;-1;-1;-1;2;2;2;1;4;3;-1;0;0;0;0;0;0;0;3;0;1;0;2;0;1;1;1;0;-1;-1;0;0;-1;-1;-1;-1;-1;-1;-1;-1;-1;29;29;72;100;100;55;100;82;55;10.77;4.33;7.03;3.29;Melbourne City FC;Perth Glory FC;1.71;1;1.67;0.8;1.64;1.09;72;72;29;0;0;72;44;44;0;0;0;96;28;Y;Y;Y;Y;Y;Y;Y
32587;607;603;2016/2017;complete;138;12;-1;28,50,58,59;89;4;1;5;4;6;10;4;2;2;3;0;0;13;6;4;6;17;12;7;21;50;50;2;3;1.29;6.43;9.99;0;0;0;0;0;0;0;0;0;0;0;0;0;0;0;0;0;0;0;0;0;0;0;0;0;0;0;0;0;0;0;0;0;0;0;0;0;0;0;0;0;0;0;0;0;0;0;0;0;0;0;0;0;0;0;0;0;0;0;0;0;0;0;0;0;5;1;0;3;1;4;1;2016-12-28 08:50:00;607;0;64;10;20;0;-1;1;-1;-1;-1;-1;-1;-1;2;3;0;0;5;0;-1;0;0;0;0;0;0;0;0;0;0;0;0;0;1;1;0;0;-1;-1;0;0;-1;-1;-1;-1;-1;-1;-1;-1;-1;29;37;64;100;100;47;90;90;74;12.03;4.27;3.57;3.57;Melbourne Victory FC;Central Coast Mariners;2.27;0.71;2;1;2;0.82;72;64;37;0;0;82;37;27;0;0;0;96;27;Y;Y;Y;Y;Y;N;Y
32588;606;604;2016/2017;complete;138;13;-1;36,62;;2;0;2;3;9;12;0;0;4;1;1;0;8;8;6;6;14;14;18;13;36;64;5;1;1.79;3.88;4.77;0;0;0;0;0;0;0;0;0;0;0;0;0;0;0;0;0;0;0;0;0;0;0;0;0;0;0;0;0;0;0;0;0;0;0;0;0;0;0;0;0;0;0;0;0;0;0;0;0;0;0;0;0;0;0;0;0;0;0;0;0;0;0;0;0;2;1;0;1;0;1;1;2016-12-30 08:50:00;606;0;64;0;27;0;-1;1;-1;-1;-1;-1;-1;-1;2;0;3;1;2;4;-1;0;0;0;0;0;0;0;0;0;0;0;0;0;1;1;0;0;-1;-1;0;0;-1;-1;-1;-1;-1;-1;-1;-1;-1;10;29;47;82;90;20;82;82;55;10.7;4;3.93;2.57;Sydney FC;Brisbane Roar;2.47;1.13;2.2;1.5;2.5;1.75;90;72;54;19;10;62;42;42;0;0;0;96;29;Y;Y;N;N;N;N;N
32589;603;602;2016/2017;complete;138;13;-1;77,85;40,90;2;2;4;8;10;18;4;2;2;3;0;0;5;5;8;9;13;14;18;14;53;47;2;3;6.47;4.56;1.53;0;0;0;0;0;0;0;0;0;0;0;0;0;0;0;0;0;0;0;0;0;0;0;0;0;0;0;0;0;0;0;0;0;0;0;0;0;0;0;0;0;0;0;0;0;0;0;0;0;0;0;0;0;0;0;0;0;0;0;0;0;0;0;0;0;4;0;1;2;1;3;1;2016-12-31 08:00:00;-1;0;50;10;30;0;-1;1;-1;-1;-1;-1;-1;-1;0;2;2;1;2;3;-1;0;0;0;0;0;0;0;0;1;0;1;0;0;1;1;0;0;-1;-1;0;0;-1;-1;-1;-1;-1;-1;-1;-1;-1;20;20;30;70;100;20;80;70;50;11.4;3.8;4;2.4;Central Coast Mariners;Melbourne City FC;1;1.07;0.6;1.6;0.75;1.58;80;80;70;30;0;70;60;60;0;0;0;96;27;Y;Y;Y;Y;N;N;Y
32590;609;601;2016/2017;complete;138;13;-1;;;0;0;0;9;5;14;-1;-1;4;5;0;0;9;0;5;11;14;11;-1;-1;-1;-1;4;5;2.33;3.64;3.11;0;0;0;0;0;0;0;0;0;0;0;0;0;0;0;0;0;0;0;0;0;0;0;0;0;0;0;0;0;0;0;0;0;0;0;0;0;0;0;0;0;0;0;0;0;0;0;0;0;0;0;0;0;0;0;0;0;0;0;0;0;0;0;0;0;0;0;0;0;0;0;0;2017-01-01 06:35:00;-1;0;44;17;27;0;-1;1;-1;-1;-1;-1;-1;-1;2;1;2;4;3;6;-1;0;0;0;0;0;0;0;0;0;0;0;0;0;1;1;0;0;-1;-1;0;0;-1;-1;-1;-1;-1;-1;-1;-1;-1;0;27;54;72;92;35;82;64;54;16.13;7.07;3.8;2.44;Wellington Phoenix;Adelaide United;1.36;0.54;1.4;0.33;1;0.5;100;74;47;29;9;92;92;92;0;0;0;96;27;N;N;N;N;N;N;N
32591;608;600;2016/2017;complete;138;13;-1;67;14;1;1;2;5;5;10;0;0;4;3;0;0;5;4;7;8;12;12;14;12;61;39;4;3;1.99;3.75;3.9;0;0;0;0;0;0;0;0;0;0;0;0;0;0;0;0;0;0;0;0;0;0;0;0;0;0;0;0;0;0;0;0;0;0;0;0;0;0;0;0;0;0;0;0;0;0;0;0;0;0;0;0;0;0;0;0;0;0;0;0;0;0;0;0;0;2;0;1;1;0;1;1;2017-01-01 08:50:00;-1;0;75;25;42;0;-1;1;-1;-1;-1;-1;-1;-1;1;1;3;2;2;5;-1;0;0;0;0;0;0;0;0;0;0;0;0;0;1;1;0;0;-1;-1;0;1;-1;-1;-1;-1;-1;-1;-1;-1;-1;25;42;59;100;100;42;84;92;67;7.67;6.5;5.83;3.33;Western Sydney Wanderers;Perth Glory FC;1.36;1;0.67;0.83;1.08;1.08;75;59;42;0;0;67;25;25;0;0;0;96;28;Y;Y;N;N;N;N;Y
32592;607;605;2016/2017;complete;138;13;-1;30,35,60,69;61,76;4;2;6;2;2;4;3;1;1;0;0;0;5;6;5;4;10;10;13;11;50;50;1;0;1.42;5.14;7.89;0;0;0;0;0;0;0;0;0;0;0;0;0;0;0;0;0;0;0;0;0;0;0;0;0;0;0;0;0;0;0;0;0;0;0;0;0;0;0;0;0;0;0;0;0;0;0;0;0;0;0;0;0;0;0;0;0;0;0;0;0;0;0;0;0;6;2;0;2;2;4;2;2017-01-02 08:50:00;607;0;64;29;25;0;-1;1;-1;-1;-1;-1;-1;-1;0;0;1;0;0;1;-1;0;0;0;0;0;0;0;1;0;1;0;0;0;1;1;0;0;-1;-1;0;0;-1;-1;-1;-1;-1;-1;-1;-1;-1;25;35;64;100;100;65;82;62;62;11.23;5.03;3.7;3.4;Melbourne Victory FC;Newcastle Jets FC;2.27;0.5;2.17;0.8;2.09;1.08;75;65;37;0;0;92;65;39;0;0;0;96;27;Y;Y;Y;Y;Y;Y;Y
32593;600;609;2016/2017;complete;138;14;-1;45,51;11;2;1;3;9;6;15;1;4;3;3;0;1;6;9;14;7;20;16;12;13;54;46;3;5;2.28;3.71;3.14;0;0;0;0;0;0;0;0;0;0;0;0;0;0;0;0;0;0;0;0;0;0;0;0;0;0;0;0;0;0;0;0;0;0;0;0;0;0;0;0;0;0;0;0;0;0;0;0;0;0;0;0;0;0;0;0;0;0;0;0;0;0;0;0;0;3;1;1;1;0;1;2;2017-01-05 10:00:00;600;0;67;34;34;0;-1;1;-1;-1;-1;-1;-1;-1;1;2;2;2;3;4;-1;0;0;0;0;0;0;0;0;0;0;0;0;0;1;1;0;0;-1;-1;0;0;-1;-1;-1;-1;-1;-1;-1;-1;-1;25;50;67;100;100;58;75;83;83;11;4.5;6.5;3.67;Perth Glory FC;Wellington Phoenix;1.93;0.85;1.33;0.67;1.08;1;75;50;34;0;0;84;75;75;0;0;0;96;27;Y;Y;Y;N;N;N;Y
32594;602;608;2016/2017;complete;138;14;-1;19;;1;0;1;13;1;14;0;5;2;0;0;1;4;3;14;2;18;5;13;10;69;31;2;2;1.87;3.9;4.28;0;0;0;0;0;0;0;0;0;0;0;0;0;0;0;0;0;0;0;0;0;0;0;0;0;0;0;0;0;0;0;0;0;0;0;0;0;0;0;0;0;0;0;0;0;0;0;0;0;0;0;0;0;0;0;0;0;0;0;0;0;0;0;0;0;1;1;0;0;0;0;1;2017-01-06 08:50:00;602;0;92;45;54;0;-1;1;-1;-1;-1;-1;-1;-1;1;1;1;0;2;1;-1;0;0;0;0;0;0;0;0;0;0;0;0;0;1;1;0;0;-1;-1;0;0;-1;-1;-1;-1;-1;-1;-1;-1;-1;23;40;85;100;100;45;92;93;79;12.88;3.62;7.5;3.54;Melbourne City FC;Western Sydney Wanderers;1.71;1.29;1.57;1.5;1.54;1.08;77;61;16;0;0;69;54;45;0;0;0;96;28;Y;N;N;N;N;N;N
32595;604;605;2016/2017;complete;138;14;-1;15,82;45,72,84;2;3;5;6;5;11;2;4;3;2;0;0;4;10;6;5;10;15;12;11;59;41;3;2;1.58;4.38;6.06;0;0;0;0;0;0;0;0;0;0;0;0;0;0;0;0;0;0;0;0;0;0;0;0;0;0;0;0;0;0;0;0;0;0;0;0;0;0;0;0;0;0;0;0;0;0;0;0;0;0;0;0;0;0;0;0;0;0;0;0;0;0;0;0;0;5;1;1;1;2;3;2;2017-01-07 06:35:00;605;0;67;25;34;0;-1;1;-1;-1;-1;-1;-1;-1;0;0;3;2;0;5;-1;0;0;0;0;0;0;0;1;0;1;0;0;0;1;1;0;0;-1;-1;0;0;-1;-1;-1;-1;-1;-1;-1;-1;-1;9;25;50;92;100;58;75;59;59;8.83;5.5;4.66;2.83;Brisbane Roar;Newcastle Jets FC;1.86;0.5;2;0.67;1.62;1;92;75;50;9;0;83;75;59;0;0;0;96;27;Y;Y;Y;Y;Y;N;Y
32596;601;607;2016/2017;complete;138;14;-1;;22,68;0;2;2;8;2;10;3;2;5;5;0;0;7;6;10;2;17;8;20;16;55;45;5;5;3.48;3.74;2.12;0;0;0;0;0;0;0;0;0;0;0;0;0;0;0;0;0;0;0;0;0;0;0;0;0;0;0;0;0;0;0;0;0;0;0;0;0;0;0;0;0;0;0;0;0;0;0;0;0;0;0;0;0;0;0;0;0;0;0;0;0;0;0;0;0;2;0;1;0;1;1;1;2017-01-07 08:50:00;607;0;74;10;37;0;-1;1;-1;-1;-1;-1;-1;-1;1;2;4;3;3;7;-1;0;0;0;0;0;0;0;0;0;0;0;0;0;1;1;0;0;-1;-1;0;0;-1;-1;-1;-1;-1;-1;-1;-1;-1;0;9;74;100;100;19;82;92;82;11.23;5.13;3.83;2.82;Adelaide United;Melbourne Victory FC;1.14;1.36;0.67;2;0.54;2.17;100;92;27;0;0;100;82;64;0;0;0;96;27;Y;Y;N;N;N;N;N
32597;603;606;2016/2017;complete;138;14;-1;66,76;43,48,77;2;3;5;7;7;14;3;3;1;4;0;0;3;10;2;5;5;15;12;17;50;50;1;4;7.87;5.49;1.4;0;0;0;0;0;0;0;0;0;0;0;0;0;0;0;0;0;0;0;0;0;0;0;0;0;0;0;0;0;0;0;0;0;0;0;0;0;0;0;0;0;0;0;0;0;0;0;0;0;0;0;0;0;0;0;0;0;0;0;0;0;0;0;0;0;5;0;1;2;2;4;1;2017-01-08 06:00:00;606;0;40;23;17;0;-1;1;-1;-1;-1;-1;-1;-1;1;1;0;3;2;3;-1;0;0;0;0;0;0;0;1;0;0;0;1;0;1;1;0;0;-1;-1;0;0;-1;-1;-1;-1;-1;-1;-1;-1;-1;16;38;47;85;100;23;70;85;62;12.5;5.21;4.07;2.85;Central Coast Mariners;Sydney FC;1;2.36;0.67;2.71;0.77;2.54;85;62;54;16;0;77;70;70;0;0;0;96;27;Y;Y;Y;Y;Y;N;Y
32598;601;602;2016/2017;complete;138;15;-1;10,87;4;2;1;3;1;5;6;3;2;1;3;0;0;5;5;6;6;11;11;16;16;40;60;1;3;3.44;3.74;2.14;0;0;0;0;0;0;0;0;0;0;0;0;0;0;0;0;0;0;0;0;0;0;0;0;0;0;0;0;0;0;0;0;0;0;0;0;0;0;0;0;0;0;0;0;0;0;0;0;0;0;0;0;0;0;0;0;0;0;0;0;0;0;0;0;0;3;1;1;1;0;1;2;2017-01-12 08:50:00;601;0;62;0;40;0;-1;1;-1;-1;-1;-1;-1;-1;0;2;1;1;2;2;-1;0;0;0;0;0;0;0;0;0;0;0;0;0;1;1;1;1;-1;-1;0;0;-1;-1;-1;-1;-1;-1;-1;-1;-1;9;24;45;84;100;16;85;77;61;14;4.1;4.1;2.61;Adelaide United;Melbourne City FC;1.14;1.07;0.57;1.5;0.5;1.64;92;77;55;17;0;84;68;54;0;0;0;96;27;Y;Y;Y;N;N;N;Y
32599;607;604;2016/2017;complete;138;15;-1;12,17,27;30,41;3;2;5;4;3;7;2;1;1;2;1;0;6;6;4;10;10;16;11;18;41;59;3;2;1.7;4.16;5.05;0;0;0;0;0;0;0;0;0;0;0;0;0;0;0;0;0;0;0;0;0;0;0;0;0;0;0;0;0;0;0;0;0;0;0;0;0;0;0;0;0;0;0;0;0;0;0;0;0;0;0;0;0;0;0;0;0;0;0;0;0;0;0;0;0;5;3;2;0;0;0;5;2017-01-13 08:50:00;607;0;64;7;43;0;-1;1;-1;-1;-1;-1;-1;-1;0;1;2;1;1;3;-1;0;0;0;0;0;0;0;1;0;1;0;0;0;1;1;0;0;-1;-1;0;0;-1;-1;-1;-1;-1;-1;-1;-1;-1;29;36;50;93;100;29;86;86;65;11.29;4.57;2.72;3.29;Melbourne Victory FC;Brisbane Roar;2.27;1.13;2.29;1.29;2.23;1.5;72;65;50;7;0;79;65;50;0;0;0;96;29;Y;Y;Y;Y;Y;N;Y
32600;609;603;2016/2017;complete;138;15;-1;9;;1;0;1;11;3;14;2;0;1;1;0;0;9;2;8;4;17;6;17;11;44;56;1;1;1.52;4.7;6.4;0;0;0;0;0;0;0;0;0;0;0;0;0;0;0;0;0;0;0;0;0;0;0;0;0;0;0;0;0;0;0;0;0;0;0;0;0;0;0;0;0;0;0;0;0;0;0;0;0;0;0;0;0;0;0;0;0;0;0;0;0;0;0;0;0;1;1;0;0;0;0;1;2017-01-14 06:35:00;609;0;44;0;16;0;-1;1;-1;-1;-1;-1;-1;-1;0;1;1;0;1;1;-1;0;0;0;0;0;0;0;0;0;0;0;0;0;1;1;1;0;-1;-1;0;1;-1;-1;-1;-1;-1;-1;-1;-1;-1;15;30;52;75;92;23;84;75;52;13.86;5.21;3.62;2.7;Wellington Phoenix;Central Coast Mariners;1.36;0.71;1.33;0.86;0.92;0.71;86;70;48;25;9;93;72;65;0;0;0;96;27;Y;N;N;N;N;N;N
32601;606;608;2016/2017;complete;138;15;-1;;;0;0;0;5;5;10;4;0;2;0;0;0;7;4;3;5;10;9;13;12;46;54;2;0;1.69;4.18;5.11;0;0;0;0;0;0;0;0;0;0;0;0;0;0;0;0;0;0;0;0;0;0;0;0;0;0;0;0;0;0;0;0;0;0;0;0;0;0;0;0;0;0;0;0;0;0;0;0;0;0;0;0;0;0;0;0;0;0;0;0;0;0;0;0;0;0;0;0;0;0;0;0;2017-01-14 08:50:00;-1;0;61;15;30;0;-1;1;-1;-1;-1;-1;-1;-1;1;0;1;0;1;1;-1;0;0;0;0;0;0;0;0;0;0;0;0;0;1;1;0;0;-1;-1;0;0;-1;-1;-1;-1;-1;-1;-1;-1;-1;16;38;61;85;92;31;85;85;68;9.4;4.38;6.29;2.91;Sydney FC;Western Sydney Wanderers;2.47;1.29;2.33;1.29;2.57;1;85;62;40;16;9;61;37;30;0;0;0;96;28;N;N;N;N;N;N;N
32602;605;600;2016/2017;complete;138;15;-1;37,45;7,56;2;2;4;7;3;10;5;2;4;3;0;1;4;7;11;7;15;14;13;15;50;50;4;4;2.59;3.66;2.73;0;0;0;0;0;0;0;0;0;0;0;0;0;0;0;0;0;0;0;0;0;0;0;0;0;0;0;0;0;0;0;0;0;0;0;0;0;0;0;0;0;0;0;0;0;0;0;0;0;0;0;0;0;0;0;0;0;0;0;0;0;0;0;0;0;4;2;1;0;1;1;3;2017-01-15 06:00:00;-1;0;72;29;43;0;-1;1;-1;-1;-1;-1;-1;-1;2;2;2;2;4;4;-1;0;0;0;0;0;0;0;1;0;1;0;0;0;1;1;0;1;-1;-1;0;0;-1;-1;-1;-1;-1;-1;-1;-1;-1;22;36;50;100;100;36;93;86;57;7.29;4.57;5.15;3.14;Newcastle Jets FC;Perth Glory FC;1.15;1;1.29;0.86;1.14;1.21;79;64;50;0;0;72;58;50;0;0;0;96;27;Y;Y;Y;Y;N;N;Y
32603;609;607;2016/2017;complete;138;7;-1;33,90,90;;3;0;3;12;5;17;2;4;2;4;0;0;8;3;7;4;15;7;19;22;46;54;2;4;3.19;3.79;2.23;0;0;0;0;0;0;0;0;0;0;0;0;0;0;0;0;0;0;0;0;0;0;0;0;0;0;0;0;0;0;0;0;0;0;0;0;0;0;0;0;0;0;0;0;0;0;0;0;0;0;0;0;0;0;0;0;0;0;0;0;0;0;0;0;0;3;1;0;2;0;2;1;2017-01-17 06:45:00;609;0;41;9;24;0;-1;1;-1;-1;-1;-1;-1;-1;1;0;1;4;1;5;-1;0;0;0;0;0;0;0;0;0;0;0;0;0;1;1;0;0;-1;-1;1;0;-1;-1;-1;-1;-1;-1;-1;-1;-1;0;7;48;72;93;16;77;72;48;12.43;5.96;4.62;2.19;Wellington Phoenix;Melbourne Victory FC;1.36;1.36;1.57;2.17;1.07;2.29;100;93;52;29;7;100;92;75;0;0;0;96;27;Y;Y;Y;N;N;N;N
32604;602;603;2016/2017;complete;138;16;-1;3,39;9;2;1;3;9;4;13;2;0;0;4;0;1;9;3;17;2;26;5;18;18;65;35;0;6;1.3;6.25;9.99;0;0;0;0;0;0;0;0;0;0;0;0;0;0;0;0;0;0;0;0;0;0;0;0;0;0;0;0;0;0;0;0;0;0;0;0;0;0;0;0;0;0;0;0;0;0;0;0;0;0;0;0;0;0;0;0;0;0;0;0;0;0;0;0;0;3;2;1;0;0;0;3;2017-01-19 08:50:00;602;0;76;25;32;0;-1;1;-1;-1;-1;-1;-1;-1;0;4;0;1;4;1;-1;0;0;0;0;0;0;0;0;0;0;0;0;0;1;1;1;1;-1;-1;0;0;-1;-1;-1;-1;-1;-1;-1;-1;-1;25;32;69;88;100;38;100;82;57;13.88;2.63;5.88;3.25;Melbourne City FC;Central Coast Mariners;1.71;0.71;1.75;0.75;1.53;0.67;75;69;32;13;0;82;57;51;0;0;0;96;27;Y;Y;Y;N;N;N;Y
32605;606;601;2016/2017;complete;138;16;-1;58,60;;2;0;2;6;3;9;4;4;2;0;0;0;6;2;7;5;13;7;15;8;55;45;2;0;1.52;4.56;6.8;0;0;0;0;0;0;0;0;0;0;0;0;0;0;0;0;0;0;0;0;0;0;0;0;0;0;0;0;0;0;0;0;0;0;0;0;0;0;0;0;0;0;0;0;0;0;0;0;0;0;0;0;0;0;0;0;0;0;0;0;0;0;0;0;0;2;0;0;2;0;2;0;2017-01-20 08:50:00;606;0;50;15;22;0;-1;1;-1;-1;-1;-1;-1;-1;2;0;0;0;2;0;-1;0;0;0;0;0;0;0;0;0;0;0;0;0;1;1;0;0;-1;-1;0;0;-1;-1;-1;-1;-1;-1;-1;-1;-1;7;29;50;71;71;36;71;64;50;12.72;4.14;6.15;2.29;Sydney FC;Adelaide United;2.47;0.54;2.14;0.43;2.47;0.67;93;71;50;29;29;72;58;50;0;0;0;96;27;Y;Y;N;N;N;N;N
32606;609;604;2016/2017;complete;138;16;-1;;87;0;1;1;5;4;9;3;2;2;1;0;0;3;8;9;6;12;14;14;16;46;54;2;1;2.81;3.65;2.53;0;0;0;0;0;0;0;0;0;0;0;0;0;0;0;0;0;0;0;0;0;0;0;0;0;0;0;0;0;0;0;0;0;0;0;0;0;0;0;0;0;0;0;0;0;0;0;0;0;0;0;0;0;0;0;0;0;0;0;0;0;0;0;0;0;1;0;0;0;1;1;0;2017-01-21 06:35:00;604;0;38;7;19;0;-1;1;-1;-1;-1;-1;-1;-1;0;0;2;1;0;3;-1;0;0;0;0;0;0;0;0;0;0;0;0;0;1;1;0;0;-1;-1;0;0;-1;-1;-1;-1;-1;-1;-1;-1;-1;7;19;38;69;94;13;82;63;38;14.51;4.76;2.76;2.26;Wellington Phoenix;Brisbane Roar;1.36;1.13;1.75;1.13;1.2;1.4;94;82;63;32;7;88;88;88;0;0;0;96;27;Y;N;N;N;N;N;N
32607;600;607;2016/2017;complete;138;16;-1;77,84;58;2;1;3;6;9;15;2;2;3;3;0;0;6;4;11;7;17;11;12;10;51;49;3;3;3.48;3.9;2.08;0;0;0;0;0;0;0;0;0;0;0;0;0;0;0;0;0;0;0;0;0;0;0;0;0;0;0;0;0;0;0;0;0;0;0;0;0;0;0;0;0;0;0;0;0;0;0;0;0;0;0;0;0;0;0;0;0;0;0;0;0;0;0;0;0;3;0;0;2;1;3;0;2017-01-21 09:00:00;600;0;72;43;22;0;-1;1;-1;-1;-1;-1;-1;-1;3;0;0;3;3;3;-1;0;0;0;0;0;0;0;0;2;0;1;0;1;1;1;0;0;-1;-1;0;0;-1;-1;-1;-1;-1;-1;-1;-1;-1;15;29;79;100;100;50;86;93;71;9;5;6.14;3.29;Perth Glory FC;Melbourne Victory FC;1.93;1.36;1.57;1.86;1.2;2.13;86;72;22;0;0;86;72;57;0;0;0;96;29;Y;Y;Y;N;N;N;Y
32608;608;605;2016/2017;complete;138;16;-1;44,68;;2;0;2;6;3;9;4;3;2;1;0;0;7;0;8;10;15;10;12;15;46;54;2;1;1.88;3.93;4.19;0;0;0;0;0;0;0;0;0;0;0;0;0;0;0;0;0;0;0;0;0;0;0;0;0;0;0;0;0;0;0;0;0;0;0;0;0;0;0;0;0;0;0;0;0;0;0;0;0;0;0;0;0;0;0;0;0;0;0;0;0;0;0;0;0;2;1;0;1;0;1;1;2017-01-22 06:00:00;608;0;71;22;22;0;-1;1;-1;-1;-1;-1;-1;-1;0;0;2;1;0;3;-1;0;0;0;0;0;0;0;0;0;0;0;0;0;1;1;0;0;-1;-1;0;0;-1;-1;-1;-1;-1;-1;-1;-1;-1;15;36;57;100;100;50;79;79;57;9.86;5.15;4.57;3.14;Western Sydney Wanderers;Newcastle Jets FC;1.36;0.5;0.71;1;1;1.13;86;64;43;0;0;86;57;43;0;0;0;96;27;Y;Y;N;N;N;N;N
32609;607;606;2016/2017;complete;138;17;-1;18;38,65;1;2;3;3;3;6;5;2;3;3;1;0;8;6;7;5;15;11;14;16;56;44;5;3;2.45;3.58;2.96;0;0;0;0;0;0;0;0;0;0;0;0;0;0;0;0;0;0;0;0;0;0;0;0;0;0;0;0;0;0;0;0;0;0;0;0;0;0;0;0;0;0;0;0;0;0;0;0;0;0;0;0;0;0;0;0;0;0;0;0;0;0;0;0;0;3;1;1;0;1;1;2;2017-01-26 08:50:00;606;0;57;25;32;0;-1;1;-1;-1;-1;-1;-1;-1;1;0;3;3;1;6;-1;0;0;0;0;0;0;0;0;0;0;0;0;0;1;1;0;0;-1;-1;0;0;-1;-1;-1;-1;-1;-1;-1;-1;-1;44;57;63;94;100;44;76;82;69;12.13;5.5;4.38;3.76;Melbourne Victory FC;Sydney FC;2.27;2.36;2.38;2.75;2;2.5;57;44;38;7;0;69;51;38;0;0;0;96;29;Y;Y;Y;N;N;N;Y
32610;605;602;2016/2017;complete;138;17;-1;14,52;69;2;1;3;2;8;10;1;1;2;1;0;0;5;5;4;13;9;18;21;16;31;69;2;1;4.18;3.94;1.88;0;0;0;0;0;0;0;0;0;0;0;0;0;0;0;0;0;0;0;0;0;0;0;0;0;0;0;0;0;0;0;0;0;0;0;0;0;0;0;0;0;0;0;0;0;0;0;0;0;0;0;0;0;0;0;0;0;0;0;0;0;0;0;0;0;3;1;0;1;1;2;1;2017-01-27 08:50:00;605;0;67;20;34;0;-1;1;-1;-1;-1;-1;-1;-1;0;0;2;1;0;3;-1;0;0;0;0;0;0;0;0;1;0;1;0;0;1;1;0;0;-1;-1;0;0;-1;-1;-1;-1;-1;-1;-1;-1;-1;7;34;47;86;100;27;87;80;47;11.34;3.96;4.84;2.73;Newcastle Jets FC;Melbourne City FC;1.15;1.07;1.25;1.29;1.06;1.63;93;67;54;15;0;73;66;59;0;0;0;96;27;Y;Y;Y;N;N;N;Y
32611;603;600;2016/2017;complete;138;17;-1;47,52;;2;0;2;9;5;14;0;1;4;2;0;1;4;3;7;7;11;10;17;12;54;46;4;4;3.11;3.74;2.29;0;0;0;0;0;0;0;0;0;0;0;0;0;0;0;0;0;0;0;0;0;0;0;0;0;0;0;0;0;0;0;0;0;0;0;0;0;0;0;0;0;0;0;0;0;0;0;0;0;0;0;0;0;0;0;0;0;0;0;0;0;0;0;0;0;2;0;0;2;0;2;0;2017-01-28 06:35:00;603;0;73;32;47;0;-1;1;-1;-1;-1;-1;-1;-1;2;0;2;3;2;5;-1;0;0;0;0;0;0;0;1;0;1;0;0;0;1;1;0;0;-1;-1;1;0;-1;-1;-1;-1;-1;-1;-1;-1;-1;34;47;60;93;100;39;93;87;61;8.71;5.2;4.81;3.39;Central Coast Mariners;Perth Glory FC;1;1;0.57;0.88;0.63;1.31;67;54;41;7;0;75;62;50;0;0;0;96;27;Y;Y;N;N;N;N;N
32612;604;608;2016/2017;complete;138;17;-1;22,90;32;2;1;3;11;6;17;1;3;1;2;0;1;6;5;12;7;18;12;6;15;56;44;1;3;2.36;3.54;3.13;0;0;0;0;0;0;0;0;0;0;0;0;0;0;0;0;0;0;0;0;0;0;0;0;0;0;0;0;0;0;0;0;0;0;0;0;0;0;0;0;0;0;0;0;0;0;0;0;0;0;0;0;0;0;0;0;0;0;0;0;0;0;0;0;0;3;1;1;1;0;1;2;2017-01-28 08:50:00;604;0;67;27;48;0;-1;1;-1;-1;-1;-1;-1;-1;0;2;1;1;2;2;-1;0;0;0;0;0;0;0;0;0;0;0;0;0;1;1;0;0;-1;-1;0;0;-1;-1;-1;-1;-1;-1;-1;-1;-1;14;34;53;81;94;34;73;73;73;8.92;5.67;5.74;2.73;Brisbane Roar;Western Sydney Wanderers;1.86;1.29;1.71;1.25;1.5;1.13;87;67;48;20;7;81;75;55;0;0;0;96;28;Y;Y;Y;N;N;N;Y
32613;601;609;2016/2017;complete;138;17;-1;7,80;11,37;2;2;4;8;0;8;2;0;0;1;0;0;10;5;16;3;26;8;10;20;58;42;0;1;2.32;3.64;3.13;0;0;0;0;0;0;0;0;0;0;0;0;0;0;0;0;0;0;0;0;0;0;0;0;0;0;0;0;0;0;0;0;0;0;0;0;0;0;0;0;0;0;0;0;0;0;0;0;0;0;0;0;0;0;0;0;0;0;0;0;0;0;0;0;0;4;1;2;1;0;1;3;2017-01-29 06:00:00;-1;0;60;14;34;0;-1;1;-1;-1;-1;-1;-1;-1;0;0;0;1;0;1;-1;0;0;0;0;0;0;0;0;0;0;0;0;0;1;1;1;0;-1;-1;0;0;-1;-1;-1;-1;-1;-1;-1;-1;-1;7;21;60;100;100;34;80;87;67;12.96;4.93;5.38;3.02;Adelaide United;Wellington Phoenix;1.14;0.85;0.88;0.57;0.63;1.13;93;80;41;0;0;94;88;75;0;0;0;96;27;Y;Y;Y;Y;N;N;Y
32614;604;606;2016/2017;complete;138;18;-1;;;0;0;0;4;10;14;1;1;3;2;0;0;10;6;10;7;20;13;14;14;51;49;3;2;3.03;3.58;2.41;0;0;0;0;0;0;0;0;0;0;0;0;0;0;0;0;0;0;0;0;0;0;0;0;0;0;0;0;0;0;0;0;0;0;0;0;0;0;0;0;0;0;0;0;0;0;0;0;0;0;0;0;0;0;0;0;0;0;0;0;0;0;0;0;0;0;0;0;0;0;0;0;2017-02-03 08:50:00;-1;0;60;36;31;0;-1;1;-1;-1;-1;-1;-1;-1;1;0;2;2;1;4;-1;0;0;0;0;0;0;0;0;0;0;0;0;0;1;1;0;0;-1;-1;0;0;-1;-1;-1;-1;-1;-1;-1;-1;-1;18;35;53;89;100;42;71;82;60;11.69;5.67;5.41;2.93;Brisbane Roar;Sydney FC;1.86;2.36;1.88;2.78;1.59;2.53;83;66;47;12;0;78;72;66;0;0;0;96;29;N;N;N;N;N;N;N
32615;609;608;2016/2017;complete;138;18;-1;71;21,58,65;1;3;4;8;3;11;1;2;5;2;1;0;6;8;5;8;11;16;15;10;60;40;6;2;2.26;3.68;3.21;0;0;0;0;0;0;0;0;0;0;0;0;0;0;0;0;0;0;0;0;0;0;0;0;0;0;0;0;0;0;0;0;0;0;0;0;0;0;0;0;0;0;0;0;0;0;0;0;0;0;0;0;0;0;0;0;0;0;0;0;0;0;0;0;0;4;0;1;1;2;3;1;2017-02-04 06:35:00;608;0;39;17;22;0;-1;1;-1;-1;-1;-1;-1;-1;4;1;2;1;5;3;-1;0;0;0;0;0;0;0;1;0;1;0;0;0;1;1;0;0;-1;-1;1;0;-1;-1;-1;-1;-1;-1;-1;-1;-1;6;22;50;61;89;22;73;67;50;13.22;5.55;4.33;2.28;Wellington Phoenix;Western Sydney Wanderers;1.36;1.29;1.56;1.11;1.12;1.06;95;78;50;39;11;89;78;67;0;0;0;96;27;Y;Y;Y;Y;N;N;Y
32616;607;602;2016/2017;complete;138;18;-1;84,86;70;2;1;3;3;5;8;6;2;4;7;0;1;6;5;6;11;12;16;30;17;55;45;4;9;2.59;3.72;2.7;0;0;0;0;0;0;0;0;0;0;0;0;0;0;0;0;0;0;0;0;0;0;0;0;0;0;0;0;0;0;0;0;0;0;0;0;0;0;0;0;0;0;0;0;0;0;0;0;0;0;0;0;0;0;0;0;0;0;0;0;0;0;0;0;0;3;0;0;2;1;3;0;2017-02-04 08:50:00;607;0;77;23;47;0;-1;1;-1;-1;-1;-1;-1;-1;1;3;3;5;4;8;-1;0;0;0;0;0;0;0;1;0;0;0;1;0;1;1;0;0;-1;-1;0;0;-1;-1;-1;-1;-1;-1;-1;-1;-1;35;41;64;88;100;46;89;77;59;11.77;4.63;4.5;3.43;Melbourne Victory FC;Melbourne City FC;2.27;1.07;2.11;1.13;1.88;1.53;66;60;36;13;0;60;42;25;0;0;0;96;28;Y;Y;Y;N;N;N;Y
32617;600;605;2016/2017;complete;138;18;-1;13,42,59;37,71;3;2;5;7;6;13;2;1;0;4;0;0;7;7;7;5;14;12;11;11;51;49;0;4;2.01;3.9;3.69;0;0;0;0;0;0;0;0;0;0;0;0;0;0;0;0;0;0;0;0;0;0;0;0;0;0;0;0;0;0;0;0;0;0;0;0;0;0;0;0;0;0;0;0;0;0;0;0;0;0;0;0;0;0;0;0;0;0;0;0;0;0;0;0;0;5;2;1;1;1;2;3;2017-02-04 11:00:00;600;0;76;51;25;0;-1;1;-1;-1;-1;-1;-1;-1;0;2;0;2;2;2;-1;0;0;0;0;0;0;0;1;0;1;0;0;0;1;1;0;0;-1;-1;0;0;-1;-1;-1;-1;-1;-1;-1;-1;-1;25;44;76;100;100;75;82;76;63;9.63;4.51;4.5;3.57;Perth Glory FC;Newcastle Jets FC;1.93;0.5;1.75;0.88;1.24;1.18;75;57;26;0;0;82;63;57;0;0;0;96;27;Y;Y;Y;Y;Y;N;Y
32618;603;601;2016/2017;complete;138;18;-1;37,79;90;2;1;3;3;6;9;1;2;1;1;0;0;5;7;3;5;8;12;10;9;40;60;1;1;3.94;3.96;1.93;0;0;0;0;0;0;0;0;0;0;0;0;0;0;0;0;0;0;0;0;0;0;0;0;0;0;0;0;0;0;0;0;0;0;0;0;0;0;0;0;0;0;0;0;0;0;0;0;0;0;0;0;0;0;0;0;0;0;0;0;0;0;0;0;0;3;1;0;1;1;2;1;2017-02-05 06:00:00;603;0;50;19;32;0;-1;1;-1;-1;-1;-1;-1;-1;0;1;1;0;1;1;-1;0;0;0;0;0;0;0;0;0;0;0;0;0;1;1;0;0;-1;-1;0;0;-1;-1;-1;-1;-1;-1;-1;-1;-1;13;32;50;82;88;26;69;76;69;13.38;4.63;4.63;2.63;Central Coast Mariners;Adelaide United;1;0.54;0.88;0.38;0.76;0.65;88;69;50;19;13;88;82;82;0;0;0;96;27;Y;Y;Y;N;N;N;Y
32619;606;609;2016/2017;complete;138;19;-1;3,22,54;32;3;1;4;5;6;11;2;3;2;4;0;0;8;3;6;5;14;8;20;19;61;39;2;4;1.43;4.97;8;0;0;0;0;0;0;0;0;0;0;0;0;0;0;0;0;0;0;0;0;0;0;0;0;0;0;0;0;0;0;0;0;0;0;0;0;0;0;0;0;0;0;0;0;0;0;0;0;0;0;0;0;0;0;0;0;0;0;0;0;0;0;0;0;0;4;2;1;1;0;1;3;2017-02-09 08:50:00;606;0;51;13;26;0;-1;1;-1;-1;-1;-1;-1;-1;0;1;2;3;1;5;-1;0;0;0;0;0;0;0;0;0;0;0;0;0;1;1;1;0;-1;-1;0;0;-1;-1;-1;-1;-1;-1;-1;-1;-1;13;32;51;88;88;38;69;82;57;10.88;4.38;6.38;2.82;Sydney FC;Wellington Phoenix;2.47;0.85;2.25;0.63;2.44;1.06;88;69;51;13;13;76;57;51;0;0;0;96;27;Y;Y;Y;Y;N;N;Y
32620;601;600;2016/2017;complete;138;19;-1;;15,37,45,46,88;0;5;5;9;5;14;2;1;1;2;0;0;4;11;11;9;15;20;13;10;60;40;1;2;2.28;3.75;3.13;0;0;0;0;0;0;0;0;0;0;0;0;0;0;0;0;0;0;0;0;0;0;0;0;0;0;0;0;0;0;0;0;0;0;0;0;0;0;0;0;0;0;0;0;0;0;0;0;0;0;0;0;0;0;0;0;0;0;0;0;0;0;0;0;0;5;0;3;0;2;2;3;2017-02-10 09:50:00;600;0;73;33;33;0;-1;1;-1;-1;-1;-1;-1;-1;1;2;0;0;3;0;-1;0;0;0;0;0;0;0;0;0;0;0;0;0;1;1;0;0;-1;-1;0;0;-1;-1;-1;-1;-1;-1;-1;-1;-1;17;33;62;100;100;45;89;89;56;9.66;4.88;4.66;3.17;Adelaide United;Perth Glory FC;1.14;1;0.89;0.78;0.61;1.33;84;67;39;0;0;73;56;33;0;0;0;96;27;Y;Y;Y;Y;Y;N;N
32621;602;604;2016/2017;complete;138;19;-1;58,61;34,45;2;2;4;5;4;9;1;1;4;4;0;0;4;7;11;3;15;10;18;18;47;53;4;4;2.81;3.54;2.59;0;0;0;0;0;0;0;0;0;0;0;0;0;0;0;0;0;0;0;0;0;0;0;0;0;0;0;0;0;0;0;0;0;0;0;0;0;0;0;0;0;0;0;0;0;0;0;0;0;0;0;0;0;0;0;0;0;0;0;0;0;0;0;0;0;4;0;2;2;0;2;2;2017-02-11 08:50:00;-1;0;73;34;33;0;-1;1;-1;-1;-1;-1;-1;-1;3;1;1;3;4;4;-1;0;0;0;0;0;0;0;1;1;1;1;0;0;1;1;0;0;-1;-1;0;1;-1;-1;-1;-1;-1;-1;-1;-1;-1;17;22;56;84;100;34;89;73;39;13.88;2.89;4.66;2.83;Melbourne City FC;Brisbane Roar;1.71;1.13;1.89;1.33;1.44;1.56;84;78;45;17;0;78;67;67;0;0;0;96;28;Y;Y;Y;Y;N;N;Y
32622;608;603;2016/2017;complete;138;19;-1;;65,78;0;2;2;10;3;13;3;1;2;3;0;0;7;5;7;4;14;9;13;9;54;46;2;3;1.43;5.15;7.68;0;0;0;0;0;0;0;0;0;0;0;0;0;0;0;0;0;0;0;0;0;0;0;0;0;0;0;0;0;0;0;0;0;0;0;0;0;0;0;0;0;0;0;0;0;0;0;0;0;0;0;0;0;0;0;0;0;0;0;0;0;0;0;0;0;2;0;0;0;2;2;0;2017-02-12 06:00:00;603;0;65;6;12;0;-1;1;-1;-1;-1;-1;-1;-1;0;1;2;2;1;4;-1;0;0;0;0;0;0;0;0;1;0;1;0;0;1;1;0;0;-1;-1;0;0;-1;-1;-1;-1;-1;-1;-1;-1;-1;11;29;53;95;100;23;88;89;53;10.46;4.33;5.19;2.93;Western Sydney Wanderers;Central Coast Mariners;1.36;0.71;1;0.67;1.17;0.89;89;71;48;6;0;89;47;35;0;0;0;96;27;Y;Y;N;N;N;N;N
32623;605;607;2016/2017;complete;138;19;-1;;;0;0;0;5;4;9;1;2;2;2;0;0;8;3;9;7;17;10;7;11;50;50;2;2;4.29;3.98;1.85;0;0;0;0;0;0;0;0;0;0;0;0;0;0;0;0;0;0;0;0;0;0;0;0;0;0;0;0;0;0;0;0;0;0;0;0;0;0;0;0;0;0;0;0;0;0;0;0;0;0;0;0;0;0;0;0;0;0;0;0;0;0;0;0;0;0;0;0;0;0;0;0;2017-02-13 08:50:00;-1;0;65;18;36;0;-1;1;-1;-1;-1;-1;-1;-1;1;2;1;0;3;1;-1;0;0;0;0;0;0;0;0;0;0;0;0;0;1;1;0;0;-1;-1;0;1;-1;-1;-1;-1;-1;-1;-1;-1;-1;0;17;66;100;100;18;82;95;66;9.08;4.86;5.49;2.82;Newcastle Jets FC;Melbourne Victory FC;1.15;1.36;1.44;1.63;1.11;1.94;100;84;35;0;0;95;89;65;0;0;0;96;27;N;N;N;N;N;N;N
32624;601;605;2016/2017;complete;138;20;-1;61;;1;0;1;6;2;8;2;2;4;4;0;0;4;5;8;5;12;10;17;12;52;48;4;4;2.31;3.71;3.1;0;0;0;0;0;0;0;0;0;0;0;0;0;0;0;0;0;0;0;0;0;0;0;0;0;0;0;0;0;0;0;0;0;0;0;0;0;0;0;0;0;0;0;0;0;0;0;0;0;0;0;0;0;0;0;0;0;0;0;0;0;0;0;0;0;1;0;0;1;0;1;0;2017-02-17 08:50:00;601;0;64;32;27;0;-1;1;-1;-1;-1;-1;-1;-1;1;1;3;3;2;6;-1;0;0;0;0;0;0;0;1;0;1;0;0;0;1;1;0;0;-1;-1;0;0;-1;-1;-1;-1;-1;-1;-1;-1;-1;22;37;69;100;100;59;90;79;58;11.48;4.62;3.2;3.33;Adelaide United;Newcastle Jets FC;1.14;0.5;0.8;0.78;0.58;1.11;79;63;32;0;0;85;69;53;0;0;0;96;27;Y;N;N;N;N;N;N
32625;609;602;2016/2017;complete;138;20;-1;70;20,29,59,82,87;1;5;6;7;4;11;2;1;1;3;0;0;4;6;6;6;10;12;16;14;46;54;1;3;2.85;3.69;2.48;0;0;0;0;0;0;0;0;0;0;0;0;0;0;0;0;0;0;0;0;0;0;0;0;0;0;0;0;0;0;0;0;0;0;0;0;0;0;0;0;0;0;0;0;0;0;0;0;0;0;0;0;0;0;0;0;0;0;0;0;0;0;0;0;0;6;0;2;1;3;4;2;2017-02-18 06:35:00;602;0;49;6;38;0;-1;1;-1;-1;-1;-1;-1;-1;0;2;1;1;2;2;-1;0;0;0;0;0;0;0;1;0;0;0;1;0;1;1;0;0;-1;-1;0;1;-1;-1;-1;-1;-1;-1;-1;-1;-1;6;21;48;64;95;16;74;69;48;15.07;4.57;5.12;2.34;Wellington Phoenix;Melbourne City FC;1.36;1.07;1.4;1;1;1.42;95;79;52;36;5;78;67;62;0;0;0;96;27;Y;Y;Y;Y;Y;Y;Y
32626;608;606;2016/2017;complete;138;20;-1;26;;1;0;1;4;3;7;3;4;4;1;0;0;6;9;4;7;10;16;15;13;41;59;4;1;3.78;3.67;2.05;0;0;0;0;0;0;0;0;0;0;0;0;0;0;0;0;0;0;0;0;0;0;0;0;0;0;0;0;0;0;0;0;0;0;0;0;0;0;0;0;0;0;0;0;0;0;0;0;0;0;0;0;0;0;0;0;0;0;0;0;0;0;0;0;0;1;1;0;0;0;0;1;2017-02-18 08:50:00;608;0;48;15;11;0;-1;1;-1;-1;-1;-1;-1;-1;0;0;4;1;0;5;-1;0;0;0;0;0;0;0;0;0;0;0;0;0;1;1;0;0;-1;-1;0;0;-1;-1;-1;-1;-1;-1;-1;-1;-1;10;31;42;90;95;21;64;90;53;12.57;5.5;5.26;2.68;Western Sydney Wanderers;Sydney FC;1.36;2.36;0.89;2.6;1.11;2.47;90;69;59;10;5;80;52;47;0;0;0;96;28;Y;N;N;N;N;N;N
32627;600;604;2016/2017;complete;138;20;-1;37,48;31,40;2;2;4;10;2;12;3;1;3;3;0;0;6;6;10;5;16;11;9;15;51;49;3;3;2.7;3.68;2.61;0;0;0;0;0;0;0;0;0;0;0;0;0;0;0;0;0;0;0;0;0;0;0;0;0;0;0;0;0;0;0;0;0;0;0;0;0;0;0;0;0;0;0;0;0;0;0;0;0;0;0;0;0;0;0;0;0;0;0;0;0;0;0;0;0;4;1;2;1;0;1;3;2017-02-18 11:00:00;-1;0;75;39;27;0;-1;1;-1;-1;-1;-1;-1;-1;2;3;1;0;5;1;-1;0;0;0;0;0;0;0;0;0;0;0;0;0;1;1;0;0;-1;-1;1;0;-1;-1;-1;-1;-1;-1;-1;-1;-1;22;43;65;90;100;49;79;85;59;10.52;3.71;4.04;3.25;Perth Glory FC;Brisbane Roar;1.93;1.13;1.89;1.3;1.42;1.53;79;57;36;10;0;79;64;64;0;0;0;96;29;Y;Y;Y;Y;N;N;Y
32628;603;607;2016/2017;complete;138;20;-1;;25,58,90;0;3;3;10;4;14;3;3;0;0;0;0;4;10;7;6;11;16;6;6;51;49;0;0;6.03;4.54;1.56;0;0;0;0;0;0;0;0;0;0;0;0;0;0;0;0;0;0;0;0;0;0;0;0;0;0;0;0;0;0;0;0;0;0;0;0;0;0;0;0;0;0;0;0;0;0;0;0;0;0;0;0;0;0;0;0;0;0;0;0;0;0;0;0;0;3;0;1;0;2;2;1;2017-02-19 06:00:00;607;0;56;11;39;0;-1;-1;-1;-1;-1;-1;-1;-1;0;0;0;0;0;0;-1;0;0;0;0;0;0;0;0;0;0;0;0;0;1;1;0;0;-1;-1;-1;-1;-1;-1;-1;-1;-1;-1;-1;-1;-1;11;17;62;89;95;11;73;89;73;10.45;4.78;4.89;2.72;Central Coast Mariners;Melbourne Victory FC;1;1.36;1.11;1.56;1;1.89;89;84;39;11;6;95;78;67;0;0;0;96;27;Y;Y;Y;N;N;N;N
32629;602;606;2016/2017;complete;138;21;-1;25;24,56,67;1;3;4;1;4;5;4;4;3;2;1;0;5;9;2;6;7;15;17;19;42;58;4;2;2.78;3.67;2.55;0;0;0;0;0;0;0;0;0;0;0;0;0;0;0;0;0;0;0;0;0;0;0;0;0;0;0;0;0;0;0;0;0;0;0;0;0;0;0;0;0;0;0;0;0;0;0;0;0;0;0;0;0;0;0;0;0;0;0;0;0;0;0;0;0;4;1;1;0;2;2;2;2017-02-24 08:50:00;606;0;63;39;25;0;-1;1;-1;-1;-1;-1;-1;-1;2;2;2;0;4;2;-1;0;0;0;0;0;0;0;0;1;0;1;0;0;1;1;0;0;-1;-1;0;0;-1;-1;-1;-1;-1;-1;-1;-1;-1;19;33;63;82;96;44;82;72;48;14.65;3.84;5.95;2.97;Melbourne City FC;Sydney FC;1.71;2.36;1.8;2.36;1.5;2.35;81;67;38;19;5;72;58;58;0;0;0;96;28;Y;Y;Y;Y;N;N;Y
32630;604;609;2016/2017;complete;138;21;-1;75;32,61;1;2;3;6;5;11;0;2;1;3;0;0;7;5;5;4;12;9;10;10;53;47;1;3;1.7;4.2;5.05;0;0;0;0;0;0;0;0;0;0;0;0;0;0;0;0;0;0;0;0;0;0;0;0;0;0;0;0;0;0;0;0;0;0;0;0;0;0;0;0;0;0;0;0;0;0;0;0;0;0;0;0;0;0;0;0;0;0;0;0;0;0;0;0;0;3;0;1;1;1;2;1;2017-02-25 06:35:00;609;0;67;33;39;0;-1;1;-1;-1;-1;-1;-1;-1;0;0;1;3;0;4;-1;0;0;0;0;0;0;0;0;0;0;0;0;0;1;1;0;0;-1;-1;0;0;-1;-1;-1;-1;-1;-1;-1;-1;-1;11;33;56;89;95;50;73;78;56;10.89;5;6.34;2.94;Brisbane Roar;Wellington Phoenix;1.86;0.85;1.78;0.56;1.5;0.95;89;67;45;11;6;89;89;84;0;0;0;96;27;Y;Y;Y;N;N;N;Y
32631;607;601;2016/2017;complete;138;21;-1;66,82;90;2;1;3;6;6;12;1;2;1;2;0;0;6;4;11;9;17;13;17;13;51;49;1;2;1.45;4.98;7.33;0;0;0;0;0;0;0;0;0;0;0;0;0;0;0;0;0;0;0;0;0;0;0;0;0;0;0;0;0;0;0;0;0;0;0;0;0;0;0;0;0;0;0;0;0;0;0;0;0;0;0;0;0;0;0;0;0;0;0;0;0;0;0;0;0;3;0;0;2;1;3;0;2017-02-25 08:50:00;607;0;68;26;42;0;-1;1;-1;-1;-1;-1;-1;-1;0;0;1;2;0;3;-1;0;0;0;0;0;0;0;0;0;0;0;0;0;1;1;0;0;-1;-1;0;0;-1;-1;-1;-1;-1;-1;-1;-1;-1;25;36;68;89;89;47;74;74;69;11.81;5.63;4.87;3.22;Melbourne Victory FC;Adelaide United;2.27;0.54;2.2;0.33;1.95;0.7;75;64;32;11;11;70;49;39;0;0;0;96;27;Y;Y;Y;N;N;N;Y
32632;600;608;2016/2017;complete;138;21;-1;45,90;;2;0;2;11;2;13;3;2;1;3;0;0;5;2;10;6;15;8;12;17;53;47;1;3;2.29;3.85;3.04;0;0;0;0;0;0;0;0;0;0;0;0;0;0;0;0;0;0;0;0;0;0;0;0;0;0;0;0;0;0;0;0;0;0;0;0;0;0;0;0;0;0;0;0;0;0;0;0;0;0;0;0;0;0;0;0;0;0;0;0;0;0;0;0;0;2;1;0;1;0;1;1;2017-02-25 11:00:00;600;0;80;50;35;0;-1;1;-1;-1;-1;-1;-1;-1;0;2;1;1;2;2;-1;0;0;0;0;0;0;0;0;0;0;0;0;0;1;1;0;0;-1;-1;0;0;-1;-1;-1;-1;-1;-1;-1;-1;-1;20;50;80;90;95;55;80;85;70;10.3;4.6;5.3;3.4;Perth Glory FC;Western Sydney Wanderers;1.93;1.29;1.8;1.3;1.4;1.2;80;50;20;10;5;80;70;60;0;0;0;96;28;Y;Y;N;N;N;N;N
32633;605;603;2016/2017;complete;138;21;-1;20;50;1;1;2;6;11;17;4;2;2;0;0;0;6;6;7;5;13;11;14;10;43;57;2;0;1.75;4.17;4.7;0;0;0;0;0;0;0;0;0;0;0;0;0;0;0;0;0;0;0;0;0;0;0;0;0;0;0;0;0;0;0;0;0;0;0;0;0;0;0;0;0;0;0;0;0;0;0;0;0;0;0;0;0;0;0;0;0;0;0;0;0;0;0;0;0;2;1;0;0;1;1;1;2017-02-26 06:00:00;-1;0;60;15;20;0;-1;1;-1;-1;-1;-1;-1;-1;0;0;2;0;0;2;-1;0;0;0;0;0;0;0;0;0;0;0;0;0;1;1;0;0;-1;-1;0;0;-1;-1;-1;-1;-1;-1;-1;-1;-1;10;30;55;90;95;25;85;80;55;9.5;3.3;4.7;2.85;Newcastle Jets FC;Central Coast Mariners;1.15;0.71;1.4;0.9;1.05;0.95;90;70;45;10;5;90;70;55;0;0;0;96;27;Y;Y;N;N;N;N;Y
32634;606;607;2016/2017;complete;138;22;-1;50;;1;0;1;8;2;10;1;9;2;1;0;0;9;3;0;0;9;3;21;17;58;42;2;1;2.01;3.74;3.83;0;0;0;0;0;0;0;0;0;0;0;0;0;0;0;0;0;0;0;0;0;0;0;0;0;0;0;0;0;0;0;0;0;0;0;0;0;0;0;0;0;0;0;0;0;0;0;0;0;0;0;0;0;0;0;0;0;0;0;0;0;0;0;0;0;1;0;0;1;0;1;0;2017-03-03 08:50:00;606;0;47;11;21;0;-1;1;-1;-1;-1;-1;-1;-1;2;0;0;1;2;1;-1;0;0;0;0;0;0;0;0;0;0;0;0;0;1;1;0;0;-1;-1;1;0;-1;-1;-1;-1;-1;-1;-1;-1;-1;6;17;57;84;84;22;69;84;57;9.6;4.92;5.57;2.47;Sydney FC;Melbourne Victory FC;2.47;1.36;2.33;1.7;2.38;2;95;84;43;16;16;84;57;41;0;0;0;96;29;Y;N;N;N;N;N;N
32635;609;600;2016/2017;complete;138;22;-1;10,25,47;34,67,81;3;3;6;3;8;11;1;2;2;2;0;0;5;9;4;8;9;17;15;12;49;51;2;2;2.71;3.76;2.56;0;0;0;0;0;0;0;0;0;0;0;0;0;0;0;0;0;0;0;0;0;0;0;0;0;0;0;0;0;0;0;0;0;0;0;0;0;0;0;0;0;0;0;0;0;0;0;0;0;0;0;0;0;0;0;0;0;0;0;0;0;0;0;0;0;6;2;1;1;2;3;3;2017-03-04 06:35:00;-1;0;49;20;34;0;-1;1;-1;-1;-1;-1;-1;-1;1;2;1;0;3;1;-1;0;0;0;0;0;0;0;0;0;0;0;0;0;1;1;1;0;-1;-1;0;0;-1;-1;-1;-1;-1;-1;-1;-1;-1;25;39;53;78;96;39;82;77;53;11.67;5.12;5.12;2.98;Wellington Phoenix;Perth Glory FC;1.36;1;1.27;1;1.05;1.48;76;62;48;23;5;85;71;61;0;0;0;96;27;Y;Y;Y;Y;Y;Y;Y
32636;608;601;2016/2017;complete;138;22;-1;;;0;0;0;15;3;18;5;0;3;5;0;0;5;2;6;4;11;6;21;26;57;43;3;5;1.85;3.9;4.41;0;0;0;0;0;0;0;0;0;0;0;0;0;0;0;0;0;0;0;0;0;0;0;0;0;0;0;0;0;0;0;0;0;0;0;0;0;0;0;0;0;0;0;0;0;0;0;0;0;0;0;0;0;0;0;0;0;0;0;0;0;0;0;0;0;0;0;0;0;0;0;0;2017-03-04 08:50:00;-1;0;55;10;25;0;-1;1;-1;-1;-1;-1;-1;-1;2;0;1;5;2;6;-1;0;0;0;0;0;0;0;0;0;0;0;0;0;1;1;0;0;-1;-1;0;0;-1;-1;-1;-1;-1;-1;-1;-1;-1;0;20;45;85;90;20;65;80;60;12.5;5.3;5.3;2.4;Western Sydney Wanderers;Adelaide United;1.36;0.54;1.1;0.3;1.14;0.67;100;80;55;15;10;85;55;50;0;0;0;96;27;N;N;N;N;N;N;N
32637;603;602;2016/2017;complete;138;22;-1;45,47;4,16,64;2;3;5;7;6;13;3;0;2;4;1;0;4;8;13;12;17;20;8;16;52;48;4;4;3.97;4.09;1.89;0;0;0;0;0;0;0;0;0;0;0;0;0;0;0;0;0;0;0;0;0;0;0;0;0;0;0;0;0;0;0;0;0;0;0;0;0;0;0;0;0;0;0;0;0;0;0;0;0;0;0;0;0;0;0;0;0;0;0;0;0;0;0;0;0;5;1;2;1;1;2;3;2017-03-05 06:00:00;602;0;65;10;50;0;-1;1;-1;-1;-1;-1;-1;-1;0;2;3;2;2;5;-1;0;0;0;0;0;0;0;0;1;0;1;0;0;1;1;0;1;-1;-1;0;0;-1;-1;-1;-1;-1;-1;-1;-1;-1;20;30;60;85;100;20;80;85;70;12.6;3.8;4.7;3;Central Coast Mariners;Melbourne City FC;1;1.07;1;1.2;0.95;1.43;80;70;40;15;0;75;65;60;0;0;0;96;27;Y;Y;Y;Y;Y;N;Y
32638;605;604;2016/2017;complete;138;22;-1;10;62,74,90;1;3;4;1;13;14;1;3;2;2;1;0;2;10;6;14;8;24;15;12;39;61;3;2;3.07;3.6;2.37;0;0;0;0;0;0;0;0;0;0;0;0;0;0;0;0;0;0;0;0;0;0;0;0;0;0;0;0;0;0;0;0;0;0;0;0;0;0;0;0;0;0;0;0;0;0;0;0;0;0;0;0;0;0;0;0;0;0;0;0;0;0;0;0;0;4;1;0;0;3;3;1;2017-03-05 08:00:00;604;0;64;18;23;0;-1;1;-1;-1;-1;-1;-1;-1;2;1;1;1;3;2;-1;0;0;0;0;0;0;0;1;1;1;1;0;0;1;1;1;0;-1;-1;0;0;-1;-1;-1;-1;-1;-1;-1;-1;-1;5;32;45;87;96;23;82;82;41;9.55;3.73;3.82;2.64;Newcastle Jets FC;Brisbane Roar;1.15;1.13;1.36;1.27;1.05;1.43;96;69;55;14;5;87;73;64;0;0;0;96;27;Y;Y;Y;Y;N;N;Y
32639;606;603;2016/2017;complete;138;23;-1;8;;1;0;1;3;4;7;2;3;0;2;0;0;6;3;5;0;11;3;12;13;43;57;0;2;1.24;7.2;9.99;0;0;0;0;0;0;0;0;0;0;0;0;0;0;0;0;0;0;0;0;0;0;0;0;0;0;0;0;0;0;0;0;0;0;0;0;0;0;0;0;0;0;0;0;0;0;0;0;0;0;0;0;0;0;0;0;0;0;0;0;0;0;0;0;0;1;1;0;0;0;0;1;2017-03-10 08:50:00;606;0;52;10;10;0;-1;1;-1;-1;-1;-1;-1;-1;0;0;0;2;0;2;-1;0;0;0;0;0;0;0;1;0;0;0;1;0;1;1;1;0;-1;-1;0;0;-1;-1;-1;-1;-1;-1;-1;-1;-1;14;29;48;81;90;29;76;81;48;10.94;3.46;4.96;2.65;Sydney FC;Central Coast Mariners;2.47;0.71;2.4;0.91;2.41;0.91;86;72;53;20;10;81;52;38;0;0;0;96;27;Y;N;N;N;N;N;N
32640;607;600;2016/2017;complete;138;23;-1;23,42,48,73;5;4;1;5;4;10;14;6;4;1;5;0;0;9;4;4;4;13;8;19;16;50;50;1;5;1.78;4.19;4.45;0;0;0;0;0;0;0;0;0;0;0;0;0;0;0;0;0;0;0;0;0;0;0;0;0;0;0;0;0;0;0;0;0;0;0;0;0;0;0;0;0;0;0;0;0;0;0;0;0;0;0;0;0;0;0;0;0;0;0;0;0;0;0;0;0;5;2;1;2;0;2;3;2017-03-11 08:50:00;607;0;78;36;50;0;-1;1;-1;-1;-1;-1;-1;-1;0;3;1;2;3;3;-1;0;0;0;0;0;0;0;0;0;0;0;0;0;1;1;0;1;-1;-1;0;0;-1;-1;-1;-1;-1;-1;-1;-1;-1;45;50;73;100;100;60;82;87;69;8.64;5.36;5.27;3.91;Melbourne Victory FC;Perth Glory FC;2.27;1;2.27;1;1.91;1.45;55;50;27;0;0;64;46;27;0;0;0;96;29;Y;Y;Y;Y;Y;N;Y
32641;602;605;2016/2017;complete;138;23;-1;12,65,75,81;;4;0;4;2;2;4;0;5;2;2;0;0;11;3;7;4;18;7;17;11;58;42;2;2;1.49;4.88;6.68;0;0;0;0;0;0;0;0;0;0;0;0;0;0;0;0;0;0;0;0;0;0;0;0;0;0;0;0;0;0;0;0;0;0;0;0;0;0;0;0;0;0;0;0;0;0;0;0;0;0;0;0;0;0;0;0;0;0;0;0;0;0;0;0;0;4;1;0;3;0;3;1;2017-03-18 08:50:00;602;0;76;48;33;0;-1;1;-1;-1;-1;-1;-1;-1;1;2;1;0;3;1;-1;0;0;0;0;0;0;0;1;0;1;0;0;0;1;1;0;0;-1;-1;0;0;-1;-1;-1;-1;-1;-1;-1;-1;-1;24;38;71;91;100;67;90;72;53;11.95;3.65;5.65;3.33;Melbourne City FC;Newcastle Jets FC;1.71;0.5;1.64;0.7;1.5;1;76;62;29;10;0;77;58;53;0;0;0;96;27;Y;Y;Y;Y;N;N;N
32642;601;604;2016/2017;complete;138;23;-1;16,90;60;2;1;3;6;8;14;2;1;3;3;1;1;4;7;4;6;8;13;13;18;46;54;4;5;3.48;3.66;2.15;0;0;0;0;0;0;0;0;0;0;0;0;0;0;0;0;0;0;0;0;0;0;0;0;0;0;0;0;0;0;0;0;0;0;0;0;0;0;0;0;0;0;0;0;0;0;0;0;0;0;0;0;0;0;0;0;0;0;0;0;0;0;0;0;0;3;1;0;1;1;2;1;2017-03-19 06:00:00;601;0;61;18;18;0;-1;1;-1;-1;-1;-1;-1;-1;3;1;1;3;4;4;-1;0;0;0;0;0;0;0;1;0;1;0;0;0;1;1;0;0;-1;-1;0;0;-1;-1;-1;-1;-1;-1;-1;-1;-1;9;35;57;87;100;31;83;87;49;12.31;4.03;3.2;2.87;Adelaide United;Brisbane Roar;1.14;1.13;1;1.42;0.68;1.5;92;66;43;13;0;78;66;56;0;0;0;96;27;Y;Y;Y;N;N;N;Y
32643;608;609;2016/2017;complete;138;23;-1;9,39,48;76;3;1;4;7;5;12;0;0;1;1;0;0;10;4;13;6;23;10;13;8;38;62;1;1;1.93;3.89;4.03;0;0;0;0;0;0;0;0;0;0;0;0;0;0;0;0;0;0;0;0;0;0;0;0;0;0;0;0;0;0;0;0;0;0;0;0;0;0;0;0;0;0;0;0;0;0;0;0;0;0;0;0;0;0;0;0;0;0;0;0;0;0;0;0;0;4;2;0;1;1;2;2;2017-03-19 08:00:00;608;0;58;15;25;0;-1;1;-1;-1;-1;-1;-1;-1;0;0;1;1;0;2;-1;0;0;0;0;0;0;0;0;0;0;0;0;0;1;1;1;0;-1;-1;0;0;-1;-1;-1;-1;-1;-1;-1;-1;-1;5;29;49;91;96;30;72;86;53;12.16;5.38;6.33;2.79;Western Sydney Wanderers;Wellington Phoenix;1.36;0.85;1.09;0.8;1.14;1.05;95;71;52;9;5;86;68;63;0;0;0;96;27;Y;Y;Y;Y;N;N;Y
32644;608;602;2016/2017;complete;138;24;-1;22,64,68;3;3;1;4;3;6;9;3;0;3;2;0;0;8;4;6;7;14;11;16;13;40;60;3;2;2.59;3.61;2.76;0;0;0;0;0;0;0;0;0;0;0;0;0;0;0;0;0;0;0;0;0;0;0;0;0;0;0;0;0;0;0;0;0;0;0;0;0;0;0;0;0;0;0;0;0;0;0;0;0;0;0;0;0;0;0;0;0;0;0;0;0;0;0;0;0;4;1;1;2;0;2;2;2017-03-24 08:50:00;608;0;66;9;41;0;-1;1;-1;-1;-1;-1;-1;-1;2;0;1;2;2;3;-1;0;0;0;0;0;0;0;0;1;0;0;0;1;1;1;0;1;-1;-1;1;0;-1;-1;-1;-1;-1;-1;-1;-1;-1;14;31;49;83;96;27;75;83;57;12.78;4.37;5.85;2.76;Western Sydney Wanderers;Melbourne City FC;1.36;1.07;1.25;1.36;1.22;1.57;87;70;52;18;4;74;53;44;0;0;0;96;28;Y;Y;Y;Y;N;N;Y
32645;603;601;2016/2017;complete;138;24;-1;44,90;56,61,66;2;3;5;11;5;16;0;4;1;1;0;0;7;11;9;6;16;17;9;16;56;44;1;1;2.72;3.71;2.58;0;0;0;0;0;0;0;0;0;0;0;0;0;0;0;0;0;0;0;0;0;0;0;0;0;0;0;0;0;0;0;0;0;0;0;0;0;0;0;0;0;0;0;0;0;0;0;0;0;0;0;0;0;0;0;0;0;0;0;0;0;0;0;0;0;5;1;0;1;3;4;1;2017-03-25 06:35:00;601;0;55;18;41;0;-1;1;-1;-1;-1;-1;-1;-1;0;0;1;1;0;2;-1;0;0;0;0;0;0;0;1;0;1;0;0;0;1;1;0;0;-1;-1;0;0;-1;-1;-1;-1;-1;-1;-1;-1;-1;14;27;60;82;87;23;69;78;73;12.91;4.36;4.55;2.68;Central Coast Mariners;Adelaide United;1;0.54;0.91;0.36;0.87;0.78;87;73;41;18;14;91;78;78;0;0;0;96;27;Y;Y;Y;Y;Y;N;Y
32646;604;607;2016/2017;complete;138;24;-1;51;;1;0;1;5;6;11;1;1;1;3;0;0;5;4;8;9;13;13;12;18;50;50;1;3;2.31;3.63;3.15;0;0;0;0;0;0;0;0;0;0;0;0;0;0;0;0;0;0;0;0;0;0;0;0;0;0;0;0;0;0;0;0;0;0;0;0;0;0;0;0;0;0;0;0;0;0;0;0;0;0;0;0;0;0;0;0;0;0;0;0;0;0;0;0;0;1;0;0;1;0;1;0;2017-03-25 08:50:00;604;0;58;20;39;0;-1;1;-1;-1;-1;-1;-1;-1;1;2;0;1;3;1;-1;0;0;0;0;0;0;0;0;0;0;0;0;0;1;1;0;0;-1;-1;0;0;-1;-1;-1;-1;-1;-1;-1;-1;-1;5;10;57;81;91;25;67;81;62;9.46;5.77;5.23;2.43;Brisbane Roar;Melbourne Victory FC;1.86;1.36;1.6;1.55;1.43;1.96;95;90;43;19;10;95;86;68;0;0;0;96;29;Y;N;N;N;N;N;N
32647;609;605;2016/2017;complete;138;24;-1;24,36,49,66,86;;5;0;5;8;3;11;3;0;1;1;0;0;8;6;11;9;19;15;10;9;50;50;1;1;2.73;3.56;2.64;0;0;0;0;0;0;0;0;0;0;0;0;0;0;0;0;0;0;0;0;0;0;0;0;0;0;0;0;0;0;0;0;0;0;0;0;0;0;0;0;0;0;0;0;0;0;0;0;0;0;0;0;0;0;0;0;0;0;0;0;0;0;0;0;0;5;2;0;3;0;3;2;2017-03-26 06:00:00;609;0;44;22;30;0;-1;1;-1;-1;-1;-1;-1;-1;0;1;1;0;1;1;-1;0;0;0;0;0;0;0;0;0;0;0;0;0;1;1;0;0;-1;-1;0;0;-1;-1;-1;-1;-1;-1;-1;-1;-1;22;39;57;75;96;45;79;70;53;12.1;5.12;4.01;3.02;Wellington Phoenix;Newcastle Jets FC;1.36;0.5;1.25;0.64;1;0.96;78;61;43;26;4;87;74;69;0;0;0;96;27;Y;Y;Y;Y;Y;N;N
32648;600;606;2016/2017;complete;138;24;-1;;38,41,63;0;3;3;5;6;11;9;5;1;4;0;0;3;6;1;9;4;15;8;9;49;51;1;4;3.58;3.88;2.05;0;0;0;0;0;0;0;0;0;0;0;0;0;0;0;0;0;0;0;0;0;0;0;0;0;0;0;0;0;0;0;0;0;0;0;0;0;0;0;0;0;0;0;0;0;0;0;0;0;0;0;0;0;0;0;0;0;0;0;0;0;0;0;0;0;3;0;2;0;1;1;2;2017-03-26 08:00:00;606;0;62;49;18;0;-1;1;-1;-1;-1;-1;-1;-1;1;1;0;3;2;3;-1;0;0;0;0;0;0;0;0;0;0;0;0;0;1;1;0;0;-1;-1;0;0;-1;-1;-1;-1;-1;-1;-1;-1;-1;22;49;66;88;96;53;75;83;57;12.51;5.02;4.86;3.24;Perth Glory FC;Sydney FC;1.93;2.36;1.91;2.42;1.39;2.43;78;52;34;13;4;70;62;62;0;0;0;96;29;Y;Y;Y;N;N;N;N
32649;601;600;2016/2017;complete;138;25;-1;23;45;1;1;2;10;4;14;4;1;3;2;0;0;4;6;10;7;14;13;17;15;54;46;3;2;2.63;3.78;2.63;0;0;0;0;0;0;0;0;0;0;0;0;0;0;0;0;0;0;0;0;0;0;0;0;0;0;0;0;0;0;0;0;0;0;0;0;0;0;0;0;0;0;0;0;0;0;0;0;0;0;0;0;0;0;0;0;0;0;0;0;0;0;0;0;0;2;1;1;0;0;0;2;2017-03-31 08:50:00;-1;0;67;34;34;0;-1;1;-1;-1;-1;-1;-1;-1;1;0;2;2;1;4;-1;0;0;0;0;0;0;0;0;1;0;1;0;0;1;1;0;0;-1;-1;0;0;-1;-1;-1;-1;-1;-1;-1;-1;-1;29;42;67;96;100;50;88;92;63;10.91;4.75;5;3.42;Adelaide United;Perth Glory FC;1.14;1;1.17;0.92;0.88;1.33;71;59;33;4;0;75;63;46;0;0;0;96;27;Y;Y;N;N;N;N;Y
32650;605;608;2016/2017;complete;138;25;-1;;40,42,50;0;3;3;11;9;20;1;2;3;1;0;0;5;7;12;6;17;13;14;14;58;42;3;1;3;3.71;2.37;0;0;0;0;0;0;0;0;0;0;0;0;0;0;0;0;0;0;0;0;0;0;0;0;0;0;0;0;0;0;0;0;0;0;0;0;0;0;0;0;0;0;0;0;0;0;0;0;0;0;0;0;0;0;0;0;0;0;0;0;0;0;0;0;0;3;0;2;0;1;1;2;2017-04-01 06:35:00;608;0;66;22;31;0;-1;1;-1;-1;-1;-1;-1;-1;1;1;2;0;2;2;-1;0;0;0;0;0;0;0;0;0;0;0;0;0;1;1;0;0;-1;-1;0;0;-1;-1;-1;-1;-1;-1;-1;-1;-1;5;35;57;87;92;22;83;83;57;8.61;4.44;4.99;2.75;Newcastle Jets FC;Western Sydney Wanderers;1.15;1.29;1.25;1.18;0.92;1.29;96;66;43;13;9;87;78;61;0;0;0;96;27;Y;Y;Y;N;N;N;N
32651;606;602;2016/2017;complete;138;25;-1;57,63,90;;3;0;3;3;6;9;0;3;3;0;0;0;6;3;6;3;12;6;15;12;51;49;3;0;1.79;4;4.6;0;0;0;0;0;0;0;0;0;0;0;0;0;0;0;0;0;0;0;0;0;0;0;0;0;0;0;0;0;0;0;0;0;0;0;0;0;0;0;0;0;0;0;0;0;0;0;0;0;0;0;0;0;0;0;0;0;0;0;0;0;0;0;0;0;3;0;0;3;0;3;0;2017-04-01 08:50:00;606;0;60;17;34;0;-1;1;-1;-1;-1;-1;-1;-1;1;0;2;0;1;2;-1;0;0;0;0;0;0;0;0;0;0;0;0;0;1;1;0;0;-1;-1;0;0;-1;-1;-1;-1;-1;-1;-1;-1;-1;17;35;52;74;91;35;74;78;52;11.42;3.42;5.53;2.72;Sydney FC;Melbourne City FC;2.47;1.07;2.45;1.25;2.46;1.5;83;66;49;27;9;66;43;30;0;0;0;96;28;Y;Y;Y;N;N;N;N
32652;607;609;2016/2017;complete;138;25;-1;;9,26,89;0;3;3;5;9;14;2;2;2;6;1;0;4;8;11;7;15;15;20;20;55;45;4;6;1.61;4.43;5.63;0;0;0;0;0;0;0;0;0;0;0;0;0;0;0;0;0;0;0;0;0;0;0;0;0;0;0;0;0;0;0;0;0;0;0;0;0;0;0;0;0;0;0;0;0;0;0;0;0;0;0;0;0;0;0;0;0;0;0;0;0;0;0;0;0;3;0;2;0;1;1;2;2017-04-02 07:00:00;609;0;78;30;48;0;-1;1;-1;-1;-1;-1;-1;-1;0;2;3;4;2;7;-1;0;0;0;0;0;0;0;0;0;0;0;0;0;1;1;0;1;-1;-1;0;1;-1;-1;-1;-1;-1;-1;-1;-1;-1;30;48;78;100;100;57;79;87;70;10.48;5.33;5.36;3.77;Melbourne Victory FC;Wellington Phoenix;2.27;0.85;2.33;0.73;1.88;1.08;71;53;22;0;0;75;67;58;0;0;0;96;27;Y;Y;Y;N;N;N;N
32653;604;603;2016/2017;complete;138;25;-1;62,66,70,82,90;49;5;1;6;7;5;12;3;3;1;1;0;0;12;5;13;4;25;9;6;12;48;52;1;1;1.44;5.09;7.34;0;0;0;0;0;0;0;0;0;0;0;0;0;0;0;0;0;0;0;0;0;0;0;0;0;0;0;0;0;0;0;0;0;0;0;0;0;0;0;0;0;0;0;0;0;0;0;0;0;0;0;0;0;0;0;0;0;0;0;0;0;0;0;0;0;6;0;0;5;1;6;0;2017-04-02 09:00:00;604;0;61;18;27;0;-1;1;-1;-1;-1;-1;-1;-1;1;1;0;0;2;0;-1;0;0;0;0;0;0;0;0;0;0;0;0;0;1;1;0;0;-1;-1;0;0;-1;-1;-1;-1;-1;-1;-1;-1;-1;13;22;48;78;96;31;78;74;53;10.59;3.86;4.69;2.6;Brisbane Roar;Central Coast Mariners;1.86;0.71;1.73;0.83;1.5;0.83;87;79;53;22;5;87;75;66;0;0;0;96;27;Y;Y;Y;Y;Y;Y;Y
32654;602;601;2016/2017;complete;138;26;-1;36;;1;0;1;8;6;14;1;0;0;4;0;0;10;0;3;4;13;4;20;25;55;45;0;4;1.64;4.54;5.11;0;0;0;0;0;0;0;0;0;0;0;0;0;0;0;0;0;0;0;0;0;0;0;0;0;0;0;0;0;0;0;0;0;0;0;0;0;0;0;0;0;0;0;0;0;0;0;0;0;0;0;0;0;0;0;0;0;0;0;0;0;0;0;0;0;1;1;0;0;0;0;1;2017-04-07 09:50:00;602;0;71;34;38;0;-1;1;-1;-1;-1;-1;-1;-1;0;2;0;2;2;2;-1;0;0;0;0;0;0;0;0;0;0;0;0;0;1;1;0;0;-1;-1;0;0;-1;-1;-1;-1;-1;-1;-1;-1;-1;13;34;71;84;88;42;79;71;63;13.5;3.58;6;2.92;Melbourne City FC;Adelaide United;1.71;0.54;1.75;0.58;1.44;0.88;88;67;30;17;13;80;63;63;0;0;0;96;27;Y;N;N;N;N;N;N
32655;609;606;2016/2017;complete;138;26;-1;90;72;1;1;2;8;5;13;2;0;1;2;0;0;7;7;10;7;17;14;13;21;57;43;1;2;3.92;4.11;1.9;0;0;0;0;0;0;0;0;0;0;0;0;0;0;0;0;0;0;0;0;0;0;0;0;0;0;0;0;0;0;0;0;0;0;0;0;0;0;0;0;0;0;0;0;0;0;0;0;0;0;0;0;0;0;0;0;0;0;0;0;0;0;0;0;0;2;0;0;1;1;2;0;2017-04-08 07:35:00;-1;0;35;20;20;0;-1;1;-1;-1;-1;-1;-1;-1;0;1;1;1;1;2;-1;0;0;0;0;0;0;0;0;1;0;1;0;0;1;1;0;0;-1;-1;0;0;-1;-1;-1;-1;-1;-1;-1;-1;-1;19;38;54;70;92;35;73;73;50;14.16;5.61;4.39;2.81;Wellington Phoenix;Sydney FC;1.36;2.36;1.38;2.46;1.16;2.48;81;62;46;31;8;81;73;73;0;0;0;96;27;Y;Y;N;N;N;N;Y
32656;608;607;2016/2017;complete;138;26;-1;;;0;0;0;10;2;12;0;1;2;2;0;1;4;2;15;8;19;10;17;13;60;40;2;3;2.39;3.73;2.96;0;0;0;0;0;0;0;0;0;0;0;0;0;0;0;0;0;0;0;0;0;0;0;0;0;0;0;0;0;0;0;0;0;0;0;0;0;0;0;0;0;0;0;0;0;0;0;0;0;0;0;0;0;0;0;0;0;0;0;0;0;0;0;0;0;0;0;0;0;0;0;0;2017-04-08 09:50:00;-1;0;48;8;20;0;-1;1;-1;-1;-1;-1;-1;-1;0;1;2;2;1;4;-1;0;0;0;0;0;0;0;0;0;0;0;0;0;1;1;0;0;-1;-1;0;0;-1;-1;-1;-1;-1;-1;-1;-1;-1;0;16;48;80;92;16;64;89;56;10.65;6;5.37;2.36;Western Sydney Wanderers;Melbourne Victory FC;1.36;1.36;1.38;1.42;1.36;1.8;100;85;52;20;8;93;65;48;0;0;0;96;28;N;N;N;N;N;N;N
32657;600;604;2016/2017;complete;138;26;-1;35,67,76;56;3;1;4;3;6;9;0;2;2;1;0;0;7;6;13;7;20;13;11;13;49;51;2;1;2.36;3.87;2.92;0;0;0;0;0;0;0;0;0;0;0;0;0;0;0;0;0;0;0;0;0;0;0;0;0;0;0;0;0;0;0;0;0;0;0;0;0;0;0;0;0;0;0;0;0;0;0;0;0;0;0;0;0;0;0;0;0;0;0;0;0;0;0;0;0;4;1;0;2;1;3;1;2017-04-08 12:00:00;600;0;72;37;24;0;-1;1;-1;-1;-1;-1;-1;-1;2;1;0;0;3;0;-1;0;0;0;0;0;0;0;0;0;0;0;0;0;1;1;0;0;-1;-1;0;0;-1;-1;-1;-1;-1;-1;-1;-1;-1;17;44;69;93;100;49;84;89;52;11.93;4.45;4.25;3.26;Perth Glory FC;Brisbane Roar;1.93;1.13;1.75;1.31;1.32;1.56;84;56;32;8;0;84;72;72;0;0;0;96;29;Y;Y;Y;Y;N;N;Y
32658;603;605;2016/2017;complete;138;26;-1;32,51;;2;0;2;7;6;13;1;1;1;3;0;0;7;3;9;11;16;14;8;16;52;48;1;3;2.52;3.86;2.71;0;0;0;0;0;0;0;0;0;0;0;0;0;0;0;0;0;0;0;0;0;0;0;0;0;0;0;0;0;0;0;0;0;0;0;0;0;0;0;0;0;0;0;0;0;0;0;0;0;0;0;0;0;0;0;0;0;0;0;0;0;0;0;0;0;2;1;0;1;0;1;1;2017-04-09 07:00:00;603;0;54;25;38;0;-1;1;-1;-1;-1;-1;-1;-1;1;1;0;2;2;2;-1;0;0;0;0;0;0;0;0;0;0;0;0;0;1;1;0;0;-1;-1;0;0;-1;-1;-1;-1;-1;-1;-1;-1;-1;33;46;67;92;100;42;83;84;71;10.84;4.33;3.75;3.42;Central Coast Mariners;Newcastle Jets FC;1;0.5;0.83;0.58;0.8;0.88;67;54;33;8;0;84;71;67;0;0;0;96;27;Y;Y;N;N;N;N;N
32659;607;603;2016/2017;complete;138;27;-1;80;;1;0;1;6;7;13;2;2;0;2;0;0;7;5;12;7;19;12;12;19;51;49;0;2;1.31;6.03;9.99;0;0;0;0;0;0;0;0;0;0;0;0;0;0;0;0;0;0;0;0;0;0;0;0;0;0;0;0;0;0;0;0;0;0;0;0;0;0;0;0;0;0;0;0;0;0;0;0;0;0;0;0;0;0;0;0;0;0;0;0;0;0;0;0;0;1;0;0;1;0;1;0;2017-04-14 09:50:00;607;0;70;20;31;0;-1;1;-1;-1;-1;-1;-1;-1;0;2;0;0;2;0;-1;0;0;0;0;0;0;0;0;0;0;0;0;0;1;1;0;0;-1;-1;0;1;-1;-1;-1;-1;-1;-1;-1;-1;-1;35;39;70;93;100;43;81;81;62;10.23;4.85;4.38;3.54;Melbourne Victory FC;Central Coast Mariners;2.27;0.71;2.15;0.77;1.77;0.88;66;62;31;8;0;74;54;43;0;0;0;96;27;Y;N;N;N;N;N;N
32660;606;605;2016/2017;complete;138;27;-1;56,87;;2;0;2;7;3;10;1;4;2;3;0;0;4;2;6;4;10;6;8;14;66;34;2;3;1.29;6.52;9.99;0;0;0;0;0;0;0;0;0;0;0;0;0;0;0;0;0;0;0;0;0;0;0;0;0;0;0;0;0;0;0;0;0;0;0;0;0;0;0;0;0;0;0;0;0;0;0;0;0;0;0;0;0;0;0;0;0;0;0;0;0;0;0;0;0;2;0;0;2;0;2;0;2017-04-15 07:35:00;606;0;40;20;16;0;-1;1;-1;-1;-1;-1;-1;-1;1;0;1;3;1;4;-1;0;0;0;0;0;0;0;0;1;0;0;0;1;1;1;0;0;-1;-1;0;0;-1;-1;-1;-1;-1;-1;-1;-1;-1;20;36;52;80;92;44;72;76;48;9.23;4.07;4.57;2.82;Sydney FC;Newcastle Jets FC;2.47;0.5;2.5;0.54;2.42;0.85;81;65;48;21;9;72;48;36;0;0;0;96;27;Y;Y;N;N;N;N;N
32661;601;608;2016/2017;complete;138;27;-1;10,38;63,74;2;2;4;12;2;14;4;2;0;0;0;0;6;3;7;8;13;11;14;18;57;43;0;0;3.03;3.81;2.31;0;0;0;0;0;0;0;0;0;0;0;0;0;0;0;0;0;0;0;0;0;0;0;0;0;0;0;0;0;0;0;0;0;0;0;0;0;0;0;0;0;0;0;0;0;0;0;0;0;0;0;0;0;0;0;0;0;0;0;0;0;0;0;0;0;4;2;0;0;2;2;2;2017-04-15 09:50:00;-1;0;60;24;28;0;-1;-1;-1;-1;-1;-1;-1;-1;0;0;0;0;0;0;-1;0;0;0;0;0;0;0;1;2;1;1;0;1;1;1;1;0;-1;-1;-1;-1;-1;-1;-1;-1;-1;-1;-1;-1;-1;8;28;65;88;96;36;84;84;56;11.6;4.79;4.44;2.84;Adelaide United;Western Sydney Wanderers;1.14;1.29;1.15;1.33;0.85;1.35;92;72;36;13;4;80;72;56;0;0;0;96;27;Y;Y;Y;Y;N;N;Y
32662;604;609;2016/2017;complete;138;27;-1;21,51,53,67;6,38,41;4;3;7;5;5;10;3;5;1;2;0;0;10;9;9;10;19;19;15;8;53;47;1;2;1.65;4.35;5.25;0;0;0;0;0;0;0;0;0;0;0;0;0;0;0;0;0;0;0;0;0;0;0;0;0;0;0;0;0;0;0;0;0;0;0;0;0;0;0;0;0;0;0;0;0;0;0;0;0;0;0;0;0;0;0;0;0;0;0;0;0;0;0;0;0;7;1;3;3;0;3;4;2017-04-16 07:00:00;604;0;67;25;46;0;-1;1;-1;-1;-1;-1;-1;-1;1;1;0;1;2;1;-1;0;0;0;0;0;0;0;1;0;0;0;1;0;1;1;0;1;-1;-1;0;0;-1;-1;-1;-1;-1;-1;-1;-1;-1;13;34;63;88;96;46;71;84;58;11.25;4.42;5.83;3.05;Brisbane Roar;Wellington Phoenix;1.86;0.85;1.83;0.92;1.5;1.15;88;67;38;13;4;92;92;88;0;0;0;96;27;Y;Y;Y;Y;Y;Y;Y
32663;600;602;2016/2017;complete;138;27;-1;5,50,56,75,88;21,80,84,90;5;4;9;3;8;11;4;2;2;5;0;0;9;8;11;18;20;26;16;21;40;60;2;5;2.3;3.85;3.03;0;0;0;0;0;0;0;0;0;0;0;0;0;0;0;0;0;0;0;0;0;0;0;0;0;0;0;0;0;0;0;0;0;0;0;0;0;0;0;0;0;0;0;0;0;0;0;0;0;0;0;0;0;0;0;0;0;0;0;0;0;0;0;0;0;9;1;1;4;3;7;2;2017-04-16 09:00:00;600;0;77;39;43;0;-1;1;-1;-1;-1;-1;-1;-1;1;2;1;3;3;4;-1;0;0;0;0;0;0;0;1;0;1;0;0;0;1;1;1;0;-1;-1;0;0;-1;-1;-1;-1;-1;-1;-1;-1;-1;23;46;77;93;100;54;81;89;66;12.16;4.08;5.15;3.46;Perth Glory FC;Melbourne City FC;1.93;1.07;1.85;1.15;1.38;1.5;77;54;23;8;0;77;58;54;0;0;0;96;28;Y;Y;Y;Y;Y;Y;Y
32664;604;608;2016/2017;complete;139;0;-1;55;45;1;1;2;6;8;14;3;5;3;4;0;1;12;8;15;12;27;20;12;18;45;55;3;5;2.17;3.57;3.52;0;0;0;0;0;0;0;0;0;0;0;0;0;0;0;0;0;0;0;0;0;0;0;0;0;0;0;0;0;0;0;0;0;0;0;0;0;0;0;0;0;0;0;0;0;0;0;0;0;0;0;0;0;0;0;0;0;0;0;0;0;0;0;0;0;2;0;1;1;0;1;1;2017-04-21 09:50:00;-1;1;63;27;39;0;-1;1;-1;-1;-1;-1;-1;-1;1;2;2;3;3;5;-1;0;0;0;0;0;0;0;0;1;0;1;0;0;1;1;0;0;-1;-1;0;0;-1;-1;-1;-1;-1;-1;-1;-1;-1;10;35;54;81;93;30;74;81;56;11.08;4.56;4.56;2.78;Brisbane Roar;Western Sydney Wanderers;1.48;1.32;1.56;1.33;1.56;1.33;91;65;46;19;8;87;71;61;0;0;0;96;28;Y;Y;N;N;N;N;Y
32665;602;600;2016/2017;complete;139;0;-1;;16,30;0;2;2;11;1;12;2;2;2;1;0;0;3;8;10;0;13;8;23;11;59;41;2;1;2.02;3.83;3.73;0;0;0;0;0;0;0;0;0;0;0;0;0;0;0;0;0;0;0;0;0;0;0;0;0;0;0;0;0;0;0;0;0;0;0;0;0;0;0;0;0;0;0;0;0;0;0;0;0;0;0;0;0;0;0;0;0;0;0;0;0;0;0;0;0;2;0;2;0;0;0;2;2017-04-23 09:00:00;600;1;78;50;35;0;-1;1;-1;-1;-1;-1;-1;-1;1;1;1;0;2;1;-1;0;0;0;0;0;0;0;0;0;0;0;0;0;1;1;0;0;-1;-1;0;0;-1;-1;-1;-1;-1;-1;-1;-1;-1;30;49;74;93;100;59;89;84;63;11.74;3.93;5.77;3.69;Melbourne City FC;Perth Glory FC;1.39;1.45;1.44;1.44;1.44;1.44;71;52;26;8;0;76;60;54;0;0;0;96;28;Y;Y;N;N;N;N;N
32666;606;600;2016/2017;complete;139;0;-1;21,37,45;;3;0;3;8;5;13;4;5;1;4;0;0;7;0;6;4;13;4;10;11;53;47;1;4;1.47;5.03;6.83;0;0;0;0;0;0;0;0;0;0;0;0;0;0;0;0;0;0;0;0;0;0;0;0;0;0;0;0;0;0;0;0;0;0;0;0;0;0;0;0;0;0;0;0;0;0;0;0;0;0;0;0;0;0;0;0;0;0;0;0;0;0;0;0;0;3;3;0;0;0;0;3;2017-04-29 09:50:00;606;1;56;29;22;0;-1;1;-1;-1;-1;-1;-1;-1;0;2;1;2;2;3;-1;0;0;0;0;0;0;0;0;0;0;0;0;0;1;1;0;0;-1;-1;0;0;-1;-1;-1;-1;-1;-1;-1;-1;-1;24;42;58;87;95;51;74;82;55;10.53;4.8;5.12;3.17;Sydney FC;Perth Glory FC;2.41;1.45;2.44;1.5;2.44;1.5;77;58;43;13;6;75;58;49;0;0;0;96;29;Y;Y;Y;N;N;N;N
32667;607;604;2016/2017;complete;139;0;-1;70;;1;0;1;9;6;15;4;2;1;0;0;0;7;4;7;7;14;11;19;17;53;47;1;0;1.81;3.97;4.55;0;0;0;0;0;0;0;0;0;0;0;0;0;0;0;0;0;0;0;0;0;0;0;0;0;0;0;0;0;0;0;0;0;0;0;0;0;0;0;0;0;0;0;0;0;0;0;0;0;0;0;0;0;0;0;0;0;0;0;0;0;0;0;0;0;1;0;0;1;0;1;0;2017-04-30 07:00:00;607;1;64;22;36;0;-1;1;-1;-1;-1;-1;-1;-1;0;0;1;0;0;1;-1;0;0;0;0;0;0;0;0;0;0;0;0;0;1;1;0;0;-1;-1;0;0;-1;-1;-1;-1;-1;-1;-1;-1;-1;18;29;61;82;95;31;69;84;57;10.16;5.11;4.44;2.95;Melbourne Victory FC;Brisbane Roar;1.83;1.48;1.81;1.54;1.81;1.54;82;71;40;19;6;85;73;60;0;0;0;96;29;Y;N;N;N;N;N;N
32668;606;607;2016/2017;complete;139;0;-1;69;20;1;1;2;5;5;10;2;5;5;6;0;0;4;3;3;5;7;8;28;32;57;43;5;6;1.81;3.83;4.77;0;0;0;0;0;0;0;0;0;0;0;0;0;0;0;0;0;0;0;0;0;0;0;0;0;0;0;0;0;0;0;0;0;0;0;0;0;0;0;0;0;0;0;0;0;0;0;0;0;0;0;0;0;0;0;0;0;0;0;0;0;0;0;0;0;2;0;1;1;0;1;1;2017-05-07 07:00:00;-1;1;45;8;15;0;-1;1;-1;-1;-1;-1;-1;-1;3;2;2;4;5;6;-1;0;0;0;0;0;0;0;0;0;0;0;0;0;1;1;0;0;-1;-1;0;0;-1;-1;-1;-1;-1;-1;-1;-1;-1;16;25;55;77;91;32;61;81;52;10.5;5.43;4.75;2.7;Sydney FC;Melbourne Victory FC;2.41;1.83;2.46;1.86;2.46;1.86;84;75;45;23;9;75;59;45;0;0;0;96;29;Y;Y;N;N;N;N;Y
