ID;HOMEID;AWAYID;SEASON;STATUS;ROUNDID;GAME_WEEK;REVISED_GAME_WEEK;HOMEGOALS;AWAYGOALS;HOMEGOALCOUNT;AWAYGOALCOUNT;TOTALGOALCOUNT;TEAM_A_CORNERS;TEAM_B_CORNERS;TOTALCORNERCOUNT;TEAM_A_OFFSIDES;TEAM_B_OFFSIDES;TEAM_A_YELLOW_CARDS;TEAM_B_YELLOW_CARDS;TEAM_A_RED_CARDS;TEAM_B_RED_CARDS;TEAM_A_SHOTSONTARGET;TEAM_B_SHOTSONTARGET;TEAM_A_SHOTSOFFTARGET;TEAM_B_SHOTSOFFTARGET;TEAM_A_SHOTS;TEAM_B_SHOTS;TEAM_A_FOULS;TEAM_B_FOULS;TEAM_A_POSSESSION;TEAM_B_POSSESSION;TEAM_A_CARDS_NUM;TEAM_B_CARDS_NUM;ODDS_FT_1;ODDS_FT_X;ODDS_FT_2;ODDS_FT_OVER05;ODDS_FT_OVER15;ODDS_FT_OVER25;ODDS_FT_OVER35;ODDS_FT_OVER45;ODDS_FT_UNDER05;ODDS_FT_UNDER15;ODDS_FT_UNDER25;ODDS_FT_UNDER35;ODDS_FT_UNDER45;ODDS_BTTS_YES;ODDS_BTTS_NO;ODDS_TEAM_A_CS_YES;ODDS_TEAM_A_CS_NO;ODDS_TEAM_B_CS_YES;ODDS_TEAM_B_CS_NO;ODDS_DOUBLECHANCE_1X;ODDS_DOUBLECHANCE_12;ODDS_DOUBLECHANCE_X2;ODDS_1ST_HALF_RESULT_1;ODDS_1ST_HALF_RESULT_X;ODDS_1ST_HALF_RESULT_2;ODDS_2ND_HALF_RESULT_1;ODDS_2ND_HALF_RESULT_X;ODDS_2ND_HALF_RESULT_2;ODDS_DNB_1;ODDS_DNB_2;ODDS_CORNERS_OVER_75;ODDS_CORNERS_OVER_85;ODDS_CORNERS_OVER_95;ODDS_CORNERS_OVER_105;ODDS_CORNERS_OVER_115;ODDS_CORNERS_UNDER_75;ODDS_CORNERS_UNDER_85;ODDS_CORNERS_UNDER_95;ODDS_CORNERS_UNDER_105;ODDS_CORNERS_UNDER_115;ODDS_CORNERS_1;ODDS_CORNERS_X;ODDS_CORNERS_2;ODDS_TEAM_TO_SCORE_FIRST_1;ODDS_TEAM_TO_SCORE_FIRST_X;ODDS_TEAM_TO_SCORE_FIRST_2;ODDS_WIN_TO_NIL_1;ODDS_WIN_TO_NIL_2;ODDS_1ST_HALF_OVER05;ODDS_1ST_HALF_OVER15;ODDS_1ST_HALF_OVER25;ODDS_1ST_HALF_OVER35;ODDS_1ST_HALF_UNDER05;ODDS_1ST_HALF_UNDER15;ODDS_1ST_HALF_UNDER25;ODDS_1ST_HALF_UNDER35;ODDS_2ND_HALF_OVER05;ODDS_2ND_HALF_OVER15;ODDS_2ND_HALF_OVER25;ODDS_2ND_HALF_OVER35;ODDS_2ND_HALF_UNDER05;ODDS_2ND_HALF_UNDER15;ODDS_2ND_HALF_UNDER25;ODDS_2ND_HALF_UNDER35;ODDS_BTTS_1ST_HALF_YES;ODDS_BTTS_1ST_HALF_NO;ODDS_BTTS_2ND_HALF_YES;ODDS_BTTS_2ND_HALF_NO;OVERALLGOALCOUNT;HT_GOALS_TEAM_A;HT_GOALS_TEAM_B;GOALS_2HG_TEAM_A;GOALS_2HG_TEAM_B;GOALCOUNT_2HG;HTGOALCOUNT;DATE_UNIX;WINNINGTEAM;NO_HOME_AWAY;BTTS_POTENTIAL;BTTS_FHG_POTENTIAL;BTTS_2HG_POTENTIAL;GOALTIMINGDISABLED;CORNER_TIMINGS_RECORDED;CARD_TIMINGS_RECORDED;TEAM_A_FH_CORNERS;TEAM_B_FH_CORNERS;TEAM_A_2H_CORNERS;TEAM_B_2H_CORNERS;CORNER_FH_COUNT;CORNER_2H_COUNT;TEAM_A_FH_CARDS;TEAM_B_FH_CARDS;TEAM_A_2H_CARDS;TEAM_B_2H_CARDS;TOTAL_FH_CARDS;TOTAL_2H_CARDS;ATTACKS_RECORDED;TEAM_A_DANGEROUS_ATTACKS;TEAM_B_DANGEROUS_ATTACKS;TEAM_A_ATTACKS;TEAM_B_ATTACKS;TEAM_A_XG;TEAM_B_XG;TOTAL_XG;TEAM_A_PENALTIES_WON;TEAM_B_PENALTIES_WON;TEAM_A_PENALTY_GOALS;TEAM_B_PENALTY_GOALS;TEAM_A_PENALTY_MISSED;TEAM_B_PENALTY_MISSED;PENS_RECORDED;GOAL_TIMINGS_RECORDED;TEAM_A_0_10_MIN_GOALS;TEAM_B_0_10_MIN_GOALS;TEAM_A_CORNERS_0_10_MIN;TEAM_B_CORNERS_0_10_MIN;TEAM_A_CARDS_0_10_MIN;TEAM_B_CARDS_0_10_MIN;THROWINS_RECORDED;TEAM_A_THROWINS;TEAM_B_THROWINS;FREEKICKS_RECORDED;TEAM_A_FREEKICKS;TEAM_B_FREEKICKS;GOALKICKS_RECORDED;TEAM_A_GOALKICKS;TEAM_B_GOALKICKS;O45_POTENTIAL;O35_POTENTIAL;O25_POTENTIAL;O15_POTENTIAL;O05_POTENTIAL;O15HT_POTENTIAL;O05HT_POTENTIAL;O05_2H_POTENTIAL;O15_2H_POTENTIAL;CORNERS_POTENTIAL;OFFSIDES_POTENTIAL;CARDS_POTENTIAL;AVG_POTENTIAL;HOME_NAME;AWAY_NAME;HOME_PPG;AWAY_PPG;PRE_MATCH_HOME_PPG;PRE_MATCH_AWAY_PPG;PRE_MATCH_TEAMA_OVERALL_PPG;PRE_MATCH_TEAMB_OVERALL_PPG;U45_POTENTIAL;U35_POTENTIAL;U25_POTENTIAL;U15_POTENTIAL;U05_POTENTIAL;CORNERS_O85_POTENTIAL;CORNERS_O95_POTENTIAL;CORNERS_O105_POTENTIAL;TEAM_A_XG_PREMATCH;TEAM_B_XG_PREMATCH;TOTAL_XG_PREMATCH;COMPETITION_ID;MATCHES_COMPLETED_MINIMUM;OVER05;OVER15;OVER25;OVER35;OVER45;OVER55;BTTS
919893;605;602;2011/2012;complete;56997;1;-1;31,45,90;24,50;3;2;5;-1;-1;-1;-1;-1;5;1;0;0;-1;-1;-1;-1;-1;-1;-1;-1;-1;-1;5;1;0;0;0;0;0;0;0;0;0;0;0;0;0;0;0;0;0;0;0;0;0;0;0;0;0;0;0;0;0;0;0;0;0;0;0;0;0;0;0;0;0;0;0;0;0;0;0;0;0;0;0;0;0;0;0;0;0;0;0;0;0;0;0;0;0;0;0;0;5;2;1;1;1;2;3;2011-10-08 05:30:00;605;0;0;0;0;0;-1;1;-1;-1;-1;-1;-1;-1;2;1;3;0;3;3;-1;0;0;0;0;0;0;0;0;0;0;0;0;0;1;1;0;0;-1;-1;0;0;-1;-1;-1;-1;-1;-1;-1;-1;-1;0;0;0;0;0;0;0;0;0;0;0;0;0;Newcastle Jets FC;Melbourne City FC;1.77;1.21;0;0;0;0;0;0;0;0;0;0;0;0;0;0;0;4310;27;Y;Y;Y;Y;Y;N;Y
919895;607;606;2011/2012;complete;56997;1;-1;;;0;0;0;-1;-1;-1;-1;-1;3;4;0;1;-1;-1;-1;-1;-1;-1;-1;-1;-1;-1;3;6;0;0;0;0;0;0;0;0;0;0;0;0;0;0;0;0;0;0;0;0;0;0;0;0;0;0;0;0;0;0;0;0;0;0;0;0;0;0;0;0;0;0;0;0;0;0;0;0;0;0;0;0;0;0;0;0;0;0;0;0;0;0;0;0;0;0;0;0;0;0;0;0;0;0;0;2011-10-08 07:30:00;-1;0;0;0;0;0;-1;1;-1;-1;-1;-1;-1;-1;2;1;1;4;3;5;-1;0;0;0;0;0;0;0;0;0;0;0;0;0;1;1;0;0;-1;-1;0;0;-1;-1;-1;-1;-1;-1;-1;-1;-1;0;0;0;0;0;0;0;0;0;0;0;0;0;Melbourne Victory FC;Sydney FC;1.64;1.29;0;0;0;0;0;0;0;0;0;0;0;0;0;0;0;4310;27;N;N;N;N;N;N;N
919897;604;603;2011/2012;complete;56997;1;-1;72;;1;0;1;-1;-1;-1;-1;-1;1;4;0;0;-1;-1;-1;-1;-1;-1;-1;-1;-1;-1;1;4;0;0;0;0;0;0;0;0;0;0;0;0;0;0;0;0;0;0;0;0;0;0;0;0;0;0;0;0;0;0;0;0;0;0;0;0;0;0;0;0;0;0;0;0;0;0;0;0;0;0;0;0;0;0;0;0;0;0;0;0;0;0;0;0;0;0;0;0;1;0;0;1;0;1;0;2011-10-08 09:45:00;604;0;0;0;0;0;-1;1;-1;-1;-1;-1;-1;-1;0;2;1;2;2;3;-1;0;0;0;0;0;0;0;0;0;0;0;0;0;1;1;0;0;-1;-1;0;1;-1;-1;-1;-1;-1;-1;-1;-1;-1;0;0;0;0;0;0;0;0;0;0;0;0;0;Brisbane Roar;Central Coast Mariners;2;1.67;0;0;0;0;0;0;0;0;0;0;0;0;0;0;0;4310;30;Y;N;N;N;N;N;N
919900;6426;609;2011/2012;complete;56997;1;-1;88;17;1;1;2;-1;-1;-1;-1;-1;0;2;0;0;-1;-1;-1;-1;-1;-1;-1;-1;-1;-1;0;2;0;0;0;0;0;0;0;0;0;0;0;0;0;0;0;0;0;0;0;0;0;0;0;0;0;0;0;0;0;0;0;0;0;0;0;0;0;0;0;0;0;0;0;0;0;0;0;0;0;0;0;0;0;0;0;0;0;0;0;0;0;0;0;0;0;0;0;0;2;0;1;1;0;1;1;2011-10-09 06:00:00;-1;0;0;0;0;0;-1;1;-1;-1;-1;-1;-1;-1;0;0;0;2;0;2;-1;0;0;0;0;0;0;0;0;0;0;0;0;0;1;1;0;0;-1;-1;0;0;-1;-1;-1;-1;-1;-1;-1;-1;-1;0;0;0;0;0;0;0;0;0;0;0;0;0;Gold Coast United FC;Wellington Phoenix;1.17;1.07;0;0;0;0;0;0;0;0;0;0;0;0;0;0;0;4310;27;Y;Y;N;N;N;N;Y
919901;600;601;2011/2012;complete;56997;1;-1;77;;1;0;1;-1;-1;-1;-1;-1;3;1;0;0;-1;-1;-1;-1;-1;-1;-1;-1;-1;-1;3;1;0;0;0;0;0;0;0;0;0;0;0;0;0;0;0;0;0;0;0;0;0;0;0;0;0;0;0;0;0;0;0;0;0;0;0;0;0;0;0;0;0;0;0;0;0;0;0;0;0;0;0;0;0;0;0;0;0;0;0;0;0;0;0;0;0;0;0;0;1;0;0;1;0;1;0;2011-10-09 08:30:00;600;0;0;0;0;0;-1;1;-1;-1;-1;-1;-1;-1;0;1;3;0;1;3;-1;0;0;0;0;0;0;0;0;0;0;0;0;0;1;1;0;0;-1;-1;0;0;-1;-1;-1;-1;-1;-1;-1;-1;-1;0;0;0;0;0;0;0;0;0;0;0;0;0;Perth Glory FC;Adelaide United;2.07;0.92;0;0;0;0;0;0;0;0;0;0;0;0;0;0;0;4310;27;Y;N;N;N;N;N;N
919907;601;607;2011/2012;complete;56997;2;-1;52;;1;0;1;-1;-1;-1;-1;-1;1;2;0;1;-1;-1;-1;-1;-1;-1;-1;-1;-1;-1;1;3;0;0;0;0;0;0;0;0;0;0;0;0;0;0;0;0;0;0;0;0;0;0;0;0;0;0;0;0;0;0;0;0;0;0;0;0;0;0;0;0;0;0;0;0;0;0;0;0;0;0;0;0;0;0;0;0;0;0;0;0;0;0;0;0;0;0;0;0;1;0;0;1;0;1;0;2011-10-14 09:00:00;601;0;0;0;0;0;-1;1;-1;-1;-1;-1;-1;-1;1;1;0;2;2;2;-1;0;0;0;0;0;0;0;0;0;0;0;0;0;1;1;0;0;-1;-1;0;0;-1;-1;-1;-1;-1;-1;-1;-1;-1;0;0;0;0;0;0;0;0;0;0;0;0;0;Adelaide United;Melbourne Victory FC;0.93;0.46;0;0;0;1;0;0;0;0;0;0;0;0;0;0;0;4310;27;Y;N;N;N;N;N;N
919913;603;6426;2011/2012;complete;56997;2;-1;87;47;1;1;2;-1;-1;-1;-1;-1;2;4;0;0;-1;-1;-1;-1;-1;-1;-1;-1;-1;-1;2;4;0;0;0;0;0;0;0;0;0;0;0;0;0;0;0;0;0;0;0;0;0;0;0;0;0;0;0;0;0;0;0;0;0;0;0;0;0;0;0;0;0;0;0;0;0;0;0;0;0;0;0;0;0;0;0;0;0;0;0;0;0;0;0;0;0;0;0;0;2;0;0;1;1;2;0;2011-10-15 06:30:00;-1;0;0;0;0;0;-1;1;-1;-1;-1;-1;-1;-1;1;1;1;3;2;4;-1;0;0;0;0;0;0;0;0;0;0;0;0;0;1;1;0;0;-1;-1;0;0;-1;-1;-1;-1;-1;-1;-1;-1;-1;0;0;0;0;0;0;0;0;0;0;0;0;0;Central Coast Mariners;Gold Coast United FC;1.8;0.47;0;0;0;1;0;0;0;0;0;0;0;0;0;0;0;4310;27;Y;Y;N;N;N;N;Y
919918;606;604;2011/2012;complete;56997;2;-1;;42,73;0;2;2;-1;-1;-1;-1;-1;2;1;0;0;-1;-1;-1;-1;-1;-1;-1;-1;-1;-1;2;1;0;0;0;0;0;0;0;0;0;0;0;0;0;0;0;0;0;0;0;0;0;0;0;0;0;0;0;0;0;0;0;0;0;0;0;0;0;0;0;0;0;0;0;0;0;0;0;0;0;0;0;0;0;0;0;0;0;0;0;0;0;0;0;0;0;0;0;0;2;0;1;0;1;1;1;2011-10-15 08:45:00;604;0;0;0;0;0;-1;1;-1;-1;-1;-1;-1;-1;2;1;0;0;3;0;-1;0;0;0;0;0;0;0;0;0;0;0;0;0;1;1;0;0;-1;-1;0;0;-1;-1;-1;-1;-1;-1;-1;-1;-1;0;0;0;0;0;0;0;0;0;0;0;0;0;Sydney FC;Brisbane Roar;1.43;1.87;0;0;1;3;0;0;0;0;0;0;0;0;0;0;0;4310;28;Y;Y;N;N;N;N;N
919924;609;605;2011/2012;complete;56997;2;-1;19,62;;2;0;2;-1;-1;-1;-1;-1;4;0;2;0;-1;-1;-1;-1;-1;-1;-1;-1;-1;-1;7;0;0;0;0;0;0;0;0;0;0;0;0;0;0;0;0;0;0;0;0;0;0;0;0;0;0;0;0;0;0;0;0;0;0;0;0;0;0;0;0;0;0;0;0;0;0;0;0;0;0;0;0;0;0;0;0;0;0;0;0;0;0;0;0;0;0;0;0;0;2;1;0;1;0;1;1;2011-10-16 03:30:00;609;0;0;0;0;0;-1;1;-1;-1;-1;-1;-1;-1;1;0;5;0;1;5;-1;0;0;0;0;0;0;0;0;0;0;0;0;0;1;1;0;0;-1;-1;0;0;-1;-1;-1;-1;-1;-1;-1;-1;-1;0;0;0;0;0;0;0;0;0;0;0;0;0;Wellington Phoenix;Newcastle Jets FC;1.87;0.86;0;0;1;3;0;0;0;0;0;0;0;0;0;0;0;4310;27;Y;Y;N;N;N;N;N
919930;602;600;2011/2012;complete;56997;2;-1;45;34,67;1;2;3;-1;-1;-1;-1;-1;2;1;0;0;-1;-1;-1;-1;-1;-1;-1;-1;-1;-1;2;1;0;0;0;0;0;0;0;0;0;0;0;0;0;0;0;0;0;0;0;0;0;0;0;0;0;0;0;0;0;0;0;0;0;0;0;0;0;0;0;0;0;0;0;0;0;0;0;0;0;0;0;0;0;0;0;0;0;0;0;0;0;0;0;0;0;0;0;0;3;1;1;0;1;1;2;2011-10-16 06:00:00;600;0;0;0;0;0;-1;1;-1;-1;-1;-1;-1;-1;2;0;0;1;2;1;-1;0;0;0;0;0;0;0;1;0;1;0;0;0;1;1;0;0;-1;-1;0;0;-1;-1;-1;-1;-1;-1;-1;-1;-1;0;0;0;0;0;0;0;0;0;0;0;0;0;Melbourne City FC;Perth Glory FC;1.43;1.19;0;0;0;3;0;0;0;0;0;0;0;0;0;0;0;4310;28;Y;Y;Y;N;N;N;Y
919935;604;6426;2011/2012;complete;56997;3;-1;15,61,79;;3;0;3;-1;-1;-1;-1;-1;0;3;0;0;-1;-1;-1;-1;-1;-1;-1;-1;-1;-1;0;3;0;0;0;0;0;0;0;0;0;0;0;0;0;0;0;0;0;0;0;0;0;0;0;0;0;0;0;0;0;0;0;0;0;0;0;0;0;0;0;0;0;0;0;0;0;0;0;0;0;0;0;0;0;0;0;0;0;0;0;0;0;0;0;0;0;0;0;0;3;1;0;2;0;2;1;2011-10-21 09:30:00;604;0;50;0;50;0;-1;1;-1;-1;-1;-1;-1;-1;0;1;0;2;1;2;-1;0;0;0;0;0;0;0;0;0;0;0;0;0;1;1;0;0;-1;-1;0;0;-1;-1;-1;-1;-1;-1;-1;-1;-1;0;0;0;50;100;0;0;100;50;0;0;5;1.5;Brisbane Roar;Gold Coast United FC;2;0.47;3;1;3;1;100;100;100;50;0;0;0;0;0;0;0;4310;27;Y;Y;Y;N;N;N;N
919942;601;606;2011/2012;complete;56997;3;-1;29;60,81;1;2;3;-1;-1;-1;-1;-1;2;0;0;0;-1;-1;-1;-1;-1;-1;-1;-1;-1;-1;2;0;0;0;0;0;0;0;0;0;0;0;0;0;0;0;0;0;0;0;0;0;0;0;0;0;0;0;0;0;0;0;0;0;0;0;0;0;0;0;0;0;0;0;0;0;0;0;0;0;0;0;0;0;0;0;0;0;0;0;0;0;0;0;0;0;0;0;0;0;3;1;0;0;2;2;1;2011-10-22 06:30:00;606;0;0;0;0;0;-1;1;-1;-1;-1;-1;-1;-1;1;0;1;0;1;1;-1;0;0;0;0;0;0;0;0;0;0;0;0;0;1;1;0;0;-1;-1;0;0;-1;-1;-1;-1;-1;-1;-1;-1;-1;0;0;0;0;50;0;0;50;0;0;0;7;0.5;Adelaide United;Sydney FC;0.93;1.29;3;1;1.5;0.5;100;100;100;100;50;0;0;0;0;0;0;4310;27;Y;Y;Y;N;N;N;Y
919948;607;602;2011/2012;complete;56997;3;-1;;;0;0;0;-1;-1;-1;-1;-1;1;2;0;0;-1;-1;-1;-1;-1;-1;-1;-1;-1;-1;1;2;0;0;0;0;0;0;0;0;0;0;0;0;0;0;0;0;0;0;0;0;0;0;0;0;0;0;0;0;0;0;0;0;0;0;0;0;0;0;0;0;0;0;0;0;0;0;0;0;0;0;0;0;0;0;0;0;0;0;0;0;0;0;0;0;0;0;0;0;0;0;0;0;0;0;0;2011-10-22 08:45:00;-1;0;50;50;50;0;-1;1;-1;-1;-1;-1;-1;-1;0;1;1;1;1;2;-1;0;0;0;0;0;0;0;0;0;0;0;0;0;1;1;0;0;-1;-1;0;0;-1;-1;-1;-1;-1;-1;-1;-1;-1;50;50;50;50;50;50;50;50;50;0;0;4;2.5;Melbourne Victory FC;Melbourne City FC;1.64;1.21;1;0;0.5;0;50;50;50;50;50;0;0;0;0;0;0;4310;27;N;N;N;N;N;N;N
919954;605;603;2011/2012;complete;56997;3;-1;25;;1;0;1;-1;-1;-1;-1;-1;0;2;0;0;-1;-1;-1;-1;-1;-1;-1;-1;-1;-1;0;2;0;0;0;0;0;0;0;0;0;0;0;0;0;0;0;0;0;0;0;0;0;0;0;0;0;0;0;0;0;0;0;0;0;0;0;0;0;0;0;0;0;0;0;0;0;0;0;0;0;0;0;0;0;0;0;0;0;0;0;0;0;0;0;0;0;0;0;0;1;1;0;0;0;0;1;2011-10-23 06:00:00;605;0;50;50;50;0;-1;1;-1;-1;-1;-1;-1;-1;0;0;0;2;0;2;-1;0;0;0;0;0;0;0;0;0;0;0;0;0;1;1;0;0;-1;-1;0;0;-1;-1;-1;-1;-1;-1;-1;-1;-1;50;50;50;50;100;50;50;100;50;0;0;9;3;Newcastle Jets FC;Central Coast Mariners;1.77;1.67;3;0;1.5;0.5;50;50;50;50;0;0;0;0;0;0;0;4310;27;Y;N;N;N;N;N;N
919961;600;609;2011/2012;complete;56997;3;-1;33;;1;0;1;-1;-1;-1;-1;-1;2;3;0;1;-1;-1;-1;-1;-1;-1;-1;-1;-1;-1;2;4;0;0;0;0;0;0;0;0;0;0;0;0;0;0;0;0;0;0;0;0;0;0;0;0;0;0;0;0;0;0;0;0;0;0;0;0;0;0;0;0;0;0;0;0;0;0;0;0;0;0;0;0;0;0;0;0;0;0;0;0;0;0;0;0;0;0;0;0;1;1;0;0;0;0;1;2011-10-23 08:30:00;600;0;50;0;0;0;-1;1;-1;-1;-1;-1;-1;-1;1;3;1;1;4;2;-1;0;0;0;0;0;0;0;0;0;0;0;0;0;1;1;0;0;-1;-1;0;1;-1;-1;-1;-1;-1;-1;-1;-1;-1;0;0;0;50;100;0;50;100;0;0;0;5;1.5;Perth Glory FC;Wellington Phoenix;2.07;1.07;3;1;3;2;100;100;100;50;0;0;0;0;0;0;0;4310;29;Y;N;N;N;N;N;N
919965;604;601;2011/2012;complete;56997;4;-1;21,23,27,29,37,69,81;5;7;1;8;-1;-1;-1;-1;-1;1;3;0;0;-1;-1;-1;-1;-1;-1;-1;-1;-1;-1;1;3;0;0;0;0;0;0;0;0;0;0;0;0;0;0;0;0;0;0;0;0;0;0;0;0;0;0;0;0;0;0;0;0;0;0;0;0;0;0;0;0;0;0;0;0;0;0;0;0;0;0;0;0;0;0;0;0;0;0;0;0;0;0;0;0;0;0;0;0;8;5;1;2;0;2;6;2011-10-28 09:00:00;604;0;0;0;0;0;-1;1;-1;-1;-1;-1;-1;-1;0;2;1;1;2;2;-1;0;0;0;0;0;0;0;2;0;2;0;0;0;1;1;0;1;-1;-1;0;0;-1;-1;-1;-1;-1;-1;-1;-1;-1;0;0;25;25;100;0;25;100;25;0;0;1.5;1.5;Brisbane Roar;Adelaide United;2;0.92;3;0;3;1;100;100;75;75;0;0;0;0;0;0;0;4310;27;Y;Y;Y;Y;Y;Y;Y
919973;603;600;2011/2012;complete;56997;4;-1;27,45;6;2;1;3;-1;-1;-1;-1;-1;4;3;0;0;-1;-1;-1;-1;-1;-1;-1;-1;-1;-1;4;3;0;0;0;0;0;0;0;0;0;0;0;0;0;0;0;0;0;0;0;0;0;0;0;0;0;0;0;0;0;0;0;0;0;0;0;0;0;0;0;0;0;0;0;0;0;0;0;0;0;0;0;0;0;0;0;0;0;0;0;0;0;0;0;0;0;0;0;0;3;2;1;0;0;0;3;2011-10-29 06:30:00;603;0;100;50;50;0;-1;1;-1;-1;-1;-1;-1;-1;2;2;2;1;4;3;-1;0;0;0;0;0;0;0;0;0;0;0;0;0;1;1;0;1;-1;-1;1;0;-1;-1;-1;-1;-1;-1;-1;-1;-1;0;0;50;100;100;50;50;100;50;0;0;3;2.5;Central Coast Mariners;Perth Glory FC;1.8;1.19;1;3;0.33;3;100;100;50;0;0;0;0;0;0;0;0;4310;30;Y;Y;Y;N;N;N;Y
919977;602;606;2011/2012;complete;56997;4;-1;85;90;1;1;2;-1;-1;-1;-1;-1;5;3;0;0;-1;-1;-1;-1;-1;-1;-1;-1;-1;-1;5;3;0;0;0;0;0;0;0;0;0;0;0;0;0;0;0;0;0;0;0;0;0;0;0;0;0;0;0;0;0;0;0;0;0;0;0;0;0;0;0;0;0;0;0;0;0;0;0;0;0;0;0;0;0;0;0;0;0;0;0;0;0;0;0;0;0;0;0;0;2;0;0;1;1;2;0;2011-10-29 08:45:00;-1;0;75;50;0;0;-1;1;-1;-1;-1;-1;-1;-1;2;1;3;2;3;5;-1;0;0;0;0;0;0;0;0;0;0;0;0;0;1;1;0;0;-1;-1;1;1;-1;-1;-1;-1;-1;-1;-1;-1;-1;0;0;75;75;75;50;75;75;25;0;0;5;2.25;Melbourne City FC;Sydney FC;1.43;1.29;0;2;0.33;1.33;100;100;25;25;25;0;0;0;0;0;0;4310;28;Y;Y;N;N;N;N;Y
919983;609;607;2011/2012;complete;56997;4;-1;71;42,67;1;2;3;-1;-1;-1;-1;-1;2;2;1;0;-1;-1;-1;-1;-1;-1;-1;-1;-1;-1;4;2;0;0;0;0;0;0;0;0;0;0;0;0;0;0;0;0;0;0;0;0;0;0;0;0;0;0;0;0;0;0;0;0;0;0;0;0;0;0;0;0;0;0;0;0;0;0;0;0;0;0;0;0;0;0;0;0;0;0;0;0;0;0;0;0;0;0;0;0;3;0;1;1;1;2;1;2011-10-30 03:30:00;607;0;0;0;0;0;-1;1;-1;-1;-1;-1;-1;-1;0;0;3;2;0;5;-1;0;0;0;0;0;0;0;0;1;0;1;0;0;1;1;0;0;-1;-1;0;0;-1;-1;-1;-1;-1;-1;-1;-1;-1;0;0;0;50;100;0;50;100;0;0;0;10;1.5;Wellington Phoenix;Melbourne Victory FC;1.87;0.46;3;0;1.33;0.67;100;100;100;50;0;0;0;0;0;0;0;4310;27;Y;Y;Y;N;N;N;Y
919989;6426;605;2011/2012;complete;56997;4;-1;11,59,83;68;3;1;4;-1;-1;-1;-1;-1;1;0;0;0;-1;-1;-1;-1;-1;-1;-1;-1;-1;-1;1;0;0;0;0;0;0;0;0;0;0;0;0;0;0;0;0;0;0;0;0;0;0;0;0;0;0;0;0;0;0;0;0;0;0;0;0;0;0;0;0;0;0;0;0;0;0;0;0;0;0;0;0;0;0;0;0;0;0;0;0;0;0;0;0;0;0;0;0;0;4;1;0;2;1;3;1;2011-10-30 06:00:00;6426;0;50;0;0;0;-1;1;-1;-1;-1;-1;-1;-1;0;0;1;0;0;1;-1;0;0;0;0;0;0;0;0;0;0;0;0;0;1;1;0;0;-1;-1;0;0;-1;-1;-1;-1;-1;-1;-1;-1;-1;0;0;0;100;100;0;100;100;0;0;0;0;2;Gold Coast United FC;Newcastle Jets FC;1.17;0.86;1;0;0.67;2;100;100;100;0;0;0;0;0;0;0;0;4310;27;Y;Y;Y;Y;N;N;Y
919995;609;603;2011/2012;complete;56997;5;-1;69;48,81;1;2;3;-1;-1;-1;-1;-1;0;1;0;0;-1;-1;-1;-1;-1;-1;-1;-1;-1;-1;0;1;0;0;0;0;0;0;0;0;0;0;0;0;0;0;0;0;0;0;0;0;0;0;0;0;0;0;0;0;0;0;0;0;0;0;0;0;0;0;0;0;0;0;0;0;0;0;0;0;0;0;0;0;0;0;0;0;0;0;0;0;0;0;0;0;0;0;0;0;3;0;0;1;2;3;0;2011-11-04 06:30:00;603;0;25;0;25;0;-1;1;-1;-1;-1;-1;-1;-1;0;1;0;0;1;0;-1;0;0;0;0;0;0;0;0;0;0;0;0;0;1;1;0;0;-1;-1;0;0;-1;-1;-1;-1;-1;-1;-1;-1;-1;0;0;25;50;100;0;75;75;25;0;0;8.5;1.75;Wellington Phoenix;Central Coast Mariners;1.87;1.67;1.5;0;1;1;100;100;75;50;0;0;0;0;0;0;0;4310;29;Y;Y;Y;N;N;N;Y
920001;601;602;2011/2012;complete;56997;5;-1;77;49;1;1;2;-1;-1;-1;-1;-1;4;3;0;1;-1;-1;-1;-1;-1;-1;-1;-1;-1;-1;4;4;0;0;0;0;0;0;0;0;0;0;0;0;0;0;0;0;0;0;0;0;0;0;0;0;0;0;0;0;0;0;0;0;0;0;0;0;0;0;0;0;0;0;0;0;0;0;0;0;0;0;0;0;0;0;0;0;0;0;0;0;0;0;0;0;0;0;0;0;2;0;0;1;1;2;0;2011-11-04 09:00:00;-1;0;50;25;25;0;-1;1;-1;-1;-1;-1;-1;-1;2;2;2;2;4;4;-1;0;0;0;0;0;0;0;0;0;0;0;0;0;1;1;0;0;-1;-1;0;1;-1;-1;-1;-1;-1;-1;-1;-1;-1;25;25;50;50;75;25;50;75;50;0;0;3;2.25;Adelaide United;Melbourne City FC;0.93;1.21;1.5;0.5;0.75;0.5;75;75;50;50;25;0;0;0;0;0;0;4310;27;Y;Y;N;N;N;N;Y
920006;605;600;2011/2012;complete;56997;5;-1;10,11;;2;0;2;-1;-1;-1;-1;-1;2;4;0;0;-1;-1;-1;-1;-1;-1;-1;-1;-1;-1;2;4;0;0;0;0;0;0;0;0;0;0;0;0;0;0;0;0;0;0;0;0;0;0;0;0;0;0;0;0;0;0;0;0;0;0;0;0;0;0;0;0;0;0;0;0;0;0;0;0;0;0;0;0;0;0;0;0;0;0;0;0;0;0;0;0;0;0;0;0;2;2;0;0;0;0;2;2011-11-05 06:30:00;605;0;75;75;25;0;-1;1;-1;-1;-1;-1;-1;-1;0;1;2;3;1;5;-1;0;0;0;0;0;0;0;0;0;0;0;0;0;1;1;1;0;-1;-1;0;0;-1;-1;-1;-1;-1;-1;-1;-1;-1;25;25;75;75;100;75;100;50;25;0;0;4.5;3;Newcastle Jets FC;Perth Glory FC;1.77;1.19;3;1.5;1.5;2.25;75;75;25;25;0;0;0;0;0;0;0;4310;27;Y;Y;N;N;N;N;N
920009;607;604;2011/2012;complete;56997;5;-1;10,22;6,28;2;2;4;-1;-1;-1;-1;-1;4;2;2;0;-1;-1;-1;-1;-1;-1;-1;-1;-1;-1;8;2;0;0;0;0;0;0;0;0;0;0;0;0;0;0;0;0;0;0;0;0;0;0;0;0;0;0;0;0;0;0;0;0;0;0;0;0;0;0;0;0;0;0;0;0;0;0;0;0;0;0;0;0;0;0;0;0;0;0;0;0;0;0;0;0;0;0;0;0;4;2;2;0;0;0;4;2011-11-05 08:45:00;-1;0;0;0;0;0;-1;1;-1;-1;-1;-1;-1;-1;4;0;2;2;4;4;-1;0;0;0;0;0;0;0;0;1;0;1;0;0;1;1;1;1;-1;-1;2;0;-1;-1;-1;-1;-1;-1;-1;-1;-1;0;0;0;50;50;0;50;50;0;0;0;3;1;Melbourne Victory FC;Brisbane Roar;1.64;1.87;1;3;1.25;3;100;100;100;50;50;0;0;0;0;0;0;4310;27;Y;Y;Y;Y;N;N;Y
920012;606;6426;2011/2012;complete;56997;5;-1;60,63,90;22,46;3;2;5;-1;-1;-1;-1;-1;4;2;0;0;-1;-1;-1;-1;-1;-1;-1;-1;-1;-1;4;2;0;0;0;0;0;0;0;0;0;0;0;0;0;0;0;0;0;0;0;0;0;0;0;0;0;0;0;0;0;0;0;0;0;0;0;0;0;0;0;0;0;0;0;0;0;0;0;0;0;0;0;0;0;0;0;0;0;0;0;0;0;0;0;0;0;0;0;0;5;0;1;3;1;4;1;2011-11-06 06:00:00;606;0;25;0;25;0;-1;1;-1;-1;-1;-1;-1;-1;1;0;3;2;1;5;-1;0;0;0;0;0;0;0;1;0;1;0;0;0;1;1;0;0;-1;-1;0;0;-1;-1;-1;-1;-1;-1;-1;-1;-1;0;0;25;100;100;0;75;100;50;0;0;5.5;2.25;Sydney FC;Gold Coast United FC;1.43;0.47;0;0.5;1.25;1.25;100;100;75;0;0;0;0;0;0;0;0;4310;27;Y;Y;Y;Y;Y;N;Y
920014;601;6426;2011/2012;complete;56997;6;-1;58,69;67;2;1;3;-1;-1;-1;-1;-1;3;2;0;0;-1;-1;-1;-1;-1;-1;-1;-1;-1;-1;3;2;0;0;0;0;0;0;0;0;0;0;0;0;0;0;0;0;0;0;0;0;0;0;0;0;0;0;0;0;0;0;0;0;0;0;0;0;0;0;0;0;0;0;0;0;0;0;0;0;0;0;0;0;0;0;0;0;0;0;0;0;0;0;0;0;0;0;0;0;3;0;0;2;1;3;0;2011-11-11 09:00:00;601;0;67;0;50;0;-1;1;-1;-1;-1;-1;-1;-1;1;2;2;0;3;2;-1;0;0;0;0;0;0;0;0;0;0;0;0;0;1;1;0;0;-1;-1;1;0;-1;-1;-1;-1;-1;-1;-1;-1;-1;17;17;50;84;100;0;50;100;84;0;0;5.33;2.67;Adelaide United;Gold Coast United FC;0.93;0.47;1.33;0.33;0.8;1;84;84;50;17;0;0;0;0;0;0;0;4310;27;Y;Y;Y;N;N;N;Y
920016;602;605;2011/2012;complete;56997;6;-1;66,73,85;;3;0;3;-1;-1;-1;-1;-1;2;2;0;0;-1;-1;-1;-1;-1;-1;-1;-1;-1;-1;2;2;0;0;0;0;0;0;0;0;0;0;0;0;0;0;0;0;0;0;0;0;0;0;0;0;0;0;0;0;0;0;0;0;0;0;0;0;0;0;0;0;0;0;0;0;0;0;0;0;0;0;0;0;0;0;0;0;0;0;0;0;0;0;0;0;0;0;0;0;3;0;0;3;0;3;0;2011-11-12 06:30:00;602;0;75;25;50;0;-1;1;-1;-1;-1;-1;-1;-1;0;0;2;2;0;4;-1;0;0;0;0;0;0;0;0;0;0;0;0;0;1;1;0;0;-1;-1;0;0;-1;-1;-1;-1;-1;-1;-1;-1;-1;0;25;50;100;100;25;75;100;50;0;0;3.5;2.75;Melbourne City FC;Newcastle Jets FC;1.43;0.86;0.5;0;0.6;1.8;100;75;50;0;0;0;0;0;0;0;0;4310;27;Y;Y;Y;N;N;N;N
920019;603;607;2011/2012;complete;56997;6;-1;;;0;0;0;-1;-1;-1;-1;-1;2;2;0;0;-1;-1;-1;-1;-1;-1;-1;-1;-1;-1;2;2;0;0;0;0;0;0;0;0;0;0;0;0;0;0;0;0;0;0;0;0;0;0;0;0;0;0;0;0;0;0;0;0;0;0;0;0;0;0;0;0;0;0;0;0;0;0;0;0;0;0;0;0;0;0;0;0;0;0;0;0;0;0;0;0;0;0;0;0;0;0;0;0;0;0;0;2011-11-12 08:45:00;-1;0;75;25;50;0;-1;1;-1;-1;-1;-1;-1;-1;1;1;1;1;2;2;-1;0;0;0;0;0;0;0;0;0;0;0;0;0;1;1;0;0;-1;-1;0;0;-1;-1;-1;-1;-1;-1;-1;-1;-1;0;0;50;75;100;25;50;75;50;0;0;5.5;2.25;Central Coast Mariners;Melbourne Victory FC;1.8;0.46;2;1.5;1.4;1.2;100;100;50;25;0;0;0;0;0;0;0;4310;27;N;N;N;N;N;N;N
920022;600;606;2011/2012;complete;56997;6;-1;;45;0;1;1;-1;-1;-1;-1;-1;0;1;0;0;-1;-1;-1;-1;-1;-1;-1;-1;-1;-1;0;1;0;0;0;0;0;0;0;0;0;0;0;0;0;0;0;0;0;0;0;0;0;0;0;0;0;0;0;0;0;0;0;0;0;0;0;0;0;0;0;0;0;0;0;0;0;0;0;0;0;0;0;0;0;0;0;0;0;0;0;0;0;0;0;0;0;0;0;0;1;0;1;0;0;0;1;2011-11-12 11:00:00;606;0;34;0;17;0;-1;1;-1;-1;-1;-1;-1;-1;0;0;0;1;0;1;-1;0;0;0;0;0;0;0;0;0;0;0;0;0;1;1;0;0;-1;-1;0;0;-1;-1;-1;-1;-1;-1;-1;-1;-1;0;0;17;34;84;0;42;59;34;0;0;5.5;1.34;Perth Glory FC;Sydney FC;2.07;1.29;3;1.67;1.8;1.6;100;100;84;67;17;0;0;0;0;0;0;4310;28;Y;N;N;N;N;N;N
920024;604;609;2011/2012;complete;56997;6;-1;12;37;1;1;2;-1;-1;-1;-1;-1;1;3;0;0;-1;-1;-1;-1;-1;-1;-1;-1;-1;-1;1;3;0;0;0;0;0;0;0;0;0;0;0;0;0;0;0;0;0;0;0;0;0;0;0;0;0;0;0;0;0;0;0;0;0;0;0;0;0;0;0;0;0;0;0;0;0;0;0;0;0;0;0;0;0;0;0;0;0;0;0;0;0;0;0;0;0;0;0;0;2;1;1;0;0;0;2;2011-11-13 06:00:00;-1;0;42;17;0;0;-1;1;-1;-1;-1;-1;-1;-1;0;2;1;1;2;2;-1;0;0;0;0;0;0;0;0;0;0;0;0;0;1;1;0;0;-1;-1;0;0;-1;-1;-1;-1;-1;-1;-1;-1;-1;17;17;34;59;100;17;84;75;34;0;0;3.67;2.75;Brisbane Roar;Wellington Phoenix;2;1.07;3;0.5;2.6;0.8;84;84;67;42;0;0;0;0;0;0;0;4310;29;Y;Y;N;N;N;N;Y
920027;6426;602;2011/2012;complete;56997;7;-1;62;4,68;1;2;3;-1;-1;-1;-1;-1;1;2;0;0;-1;-1;-1;-1;-1;-1;-1;-1;-1;-1;1;2;0;0;0;0;0;0;0;0;0;0;0;0;0;0;0;0;0;0;0;0;0;0;0;0;0;0;0;0;0;0;0;0;0;0;0;0;0;0;0;0;0;0;0;0;0;0;0;0;0;0;0;0;0;0;0;0;0;0;0;0;0;0;0;0;0;0;0;0;3;0;1;1;1;2;1;2011-11-18 09:00:00;602;0;84;17;59;0;-1;1;-1;-1;-1;-1;-1;-1;0;1;1;1;1;2;-1;0;0;0;0;0;0;0;0;0;0;0;0;0;1;1;0;1;-1;-1;0;0;-1;-1;-1;-1;-1;-1;-1;-1;-1;17;42;42;84;84;17;67;84;59;0;0;2.83;2.67;Gold Coast United FC;Melbourne City FC;1.17;1.21;2;0.67;0.83;1;84;59;59;17;17;0;0;0;0;0;0;4310;27;Y;Y;Y;N;N;N;Y
920029;609;601;2011/2012;complete;56997;7;-1;84;44;1;1;2;-1;-1;-1;-1;-1;3;4;0;0;-1;-1;-1;-1;-1;-1;-1;-1;-1;-1;3;4;0;0;0;0;0;0;0;0;0;0;0;0;0;0;0;0;0;0;0;0;0;0;0;0;0;0;0;0;0;0;0;0;0;0;0;0;0;0;0;0;0;0;0;0;0;0;0;0;0;0;0;0;0;0;0;0;0;0;0;0;0;0;0;0;0;0;0;0;2;0;1;1;0;1;1;2011-11-19 04:00:00;-1;0;59;25;34;0;-1;1;-1;-1;-1;-1;-1;-1;2;1;1;3;3;4;-1;0;0;0;0;0;0;0;0;0;0;0;0;0;1;1;0;0;-1;-1;0;0;-1;-1;-1;-1;-1;-1;-1;-1;-1;25;25;59;75;100;25;59;100;59;0;0;5.67;3.59;Wellington Phoenix;Adelaide United;1.87;0.92;1;0;0.83;1.17;75;75;42;25;0;0;0;0;0;0;0;4310;27;Y;Y;N;N;N;N;Y
920031;605;604;2011/2012;complete;56997;7;-1;44;57,84;1;2;3;-1;-1;-1;-1;-1;3;4;0;0;-1;-1;-1;-1;-1;-1;-1;-1;-1;-1;3;4;0;0;0;0;0;0;0;0;0;0;0;0;0;0;0;0;0;0;0;0;0;0;0;0;0;0;0;0;0;0;0;0;0;0;0;0;0;0;0;0;0;0;0;0;0;0;0;0;0;0;0;0;0;0;0;0;0;0;0;0;0;0;0;0;0;0;0;0;3;1;0;0;2;2;1;2011-11-19 06:30:00;604;0;42;42;17;0;-1;1;-1;-1;-1;-1;-1;-1;1;2;2;2;3;4;-1;0;0;0;0;0;0;0;0;0;0;0;0;0;1;1;0;0;-1;-1;1;0;-1;-1;-1;-1;-1;-1;-1;-1;-1;17;42;42;84;100;59;100;42;17;0;0;3.83;2.84;Newcastle Jets FC;Brisbane Roar;1.77;1.87;3;2;1.5;2.33;84;59;59;17;0;0;0;0;0;0;0;4310;27;Y;Y;Y;N;N;N;Y
920034;606;603;2011/2012;complete;56997;7;-1;78,88;40,66,83;2;3;5;-1;-1;-1;-1;-1;3;2;0;0;-1;-1;-1;-1;-1;-1;-1;-1;-1;-1;3;2;0;0;0;0;0;0;0;0;0;0;0;0;0;0;0;0;0;0;0;0;0;0;0;0;0;0;0;0;0;0;0;0;0;0;0;0;0;0;0;0;0;0;0;0;0;0;0;0;0;0;0;0;0;0;0;0;0;0;0;0;0;0;0;0;0;0;0;0;5;0;1;2;2;4;1;2011-11-19 08:45:00;603;0;42;0;42;0;-1;1;-1;-1;-1;-1;-1;-1;1;1;2;1;2;3;-1;0;0;0;0;0;0;0;0;0;0;0;0;0;1;1;0;0;-1;-1;0;0;-1;-1;-1;-1;-1;-1;-1;-1;-1;25;25;42;67;100;0;67;84;42;0;0;5.33;2.59;Sydney FC;Central Coast Mariners;1.43;1.67;1.5;1;1.83;1.33;75;75;59;34;0;0;0;0;0;0;0;4310;28;Y;Y;Y;Y;Y;N;Y
920037;607;600;2011/2012;complete;56997;7;-1;53,58;71,86;2;2;4;-1;-1;-1;-1;-1;2;4;0;1;-1;-1;-1;-1;-1;-1;-1;-1;-1;-1;2;6;0;0;0;0;0;0;0;0;0;0;0;0;0;0;0;0;0;0;0;0;0;0;0;0;0;0;0;0;0;0;0;0;0;0;0;0;0;0;0;0;0;0;0;0;0;0;0;0;0;0;0;0;0;0;0;0;0;0;0;0;0;0;0;0;0;0;0;0;4;0;0;2;2;4;0;2011-11-20 06:00:00;-1;0;50;50;0;0;-1;1;-1;-1;-1;-1;-1;-1;1;2;1;3;3;4;-1;0;0;0;0;0;0;0;1;0;1;0;0;0;1;1;0;0;-1;-1;0;1;-1;-1;-1;-1;-1;-1;-1;-1;-1;0;17;50;67;67;67;67;17;0;0;0;6.67;2;Melbourne Victory FC;Perth Glory FC;1.64;1.19;1;1;1.17;1.5;100;84;50;34;34;0;0;0;0;0;0;4310;27;Y;Y;Y;Y;N;N;Y
920040;601;605;2011/2012;complete;56997;8;-1;;;0;0;0;-1;-1;-1;-1;-1;4;3;1;0;-1;-1;-1;-1;-1;-1;-1;-1;-1;-1;5;3;0;0;0;0;0;0;0;0;0;0;0;0;0;0;0;0;0;0;0;0;0;0;0;0;0;0;0;0;0;0;0;0;0;0;0;0;0;0;0;0;0;0;0;0;0;0;0;0;0;0;0;0;0;0;0;0;0;0;0;0;0;0;0;0;0;0;0;0;0;0;0;0;0;0;0;2011-11-25 09:00:00;-1;0;54;0;42;0;-1;1;-1;-1;-1;-1;-1;-1;2;0;3;3;2;6;-1;0;0;0;0;0;0;0;0;0;0;0;0;0;1;1;0;0;-1;-1;0;0;-1;-1;-1;-1;-1;-1;-1;-1;-1;0;17;59;88;100;0;46;100;71;0;0;3.17;2.63;Adelaide United;Newcastle Jets FC;0.93;0.86;1.75;0;1.14;1.29;100;84;42;13;0;0;0;0;0;0;0;4310;27;N;N;N;N;N;N;N
920041;603;602;2011/2012;complete;56997;8;-1;45,82,87;78;3;1;4;-1;-1;-1;-1;-1;1;1;0;0;-1;-1;-1;-1;-1;-1;-1;-1;-1;-1;1;1;0;0;0;0;0;0;0;0;0;0;0;0;0;0;0;0;0;0;0;0;0;0;0;0;0;0;0;0;0;0;0;0;0;0;0;0;0;0;0;0;0;0;0;0;0;0;0;0;0;0;0;0;0;0;0;0;0;0;0;0;0;0;0;0;0;0;0;0;4;1;0;2;1;3;1;2011-11-26 06:30:00;603;0;71;29;54;0;-1;1;-1;-1;-1;-1;-1;-1;1;1;0;0;2;0;-1;0;0;0;0;0;0;0;1;0;1;0;0;0;1;1;0;0;-1;-1;0;0;-1;-1;-1;-1;-1;-1;-1;-1;-1;13;13;42;71;71;29;42;54;54;0;0;4.92;2.09;Central Coast Mariners;Melbourne City FC;1.8;1.21;1.67;1.25;1.57;1.29;88;88;59;29;29;0;0;0;0;0;0;4310;28;Y;Y;Y;Y;N;N;Y
920044;604;600;2011/2012;complete;56997;8;-1;23,34,42,45;;4;0;4;-1;-1;-1;-1;-1;2;2;0;0;-1;-1;-1;-1;-1;-1;-1;-1;-1;-1;2;2;0;0;0;0;0;0;0;0;0;0;0;0;0;0;0;0;0;0;0;0;0;0;0;0;0;0;0;0;0;0;0;0;0;0;0;0;0;0;0;0;0;0;0;0;0;0;0;0;0;0;0;0;0;0;0;0;0;0;0;0;0;0;0;0;0;0;0;0;4;4;0;0;0;0;4;2011-11-26 08:45:00;604;0;63;50;13;0;-1;1;-1;-1;-1;-1;-1;-1;0;1;2;1;1;3;-1;0;0;0;0;0;0;0;0;0;0;0;0;0;1;1;0;0;-1;-1;0;0;-1;-1;-1;-1;-1;-1;-1;-1;-1;13;25;63;88;100;63;75;63;38;0;0;4.25;3.25;Brisbane Roar;Perth Glory FC;2;1.19;2.5;1;2.43;1.43;88;75;38;13;0;0;0;0;0;0;0;4310;30;Y;Y;Y;Y;N;N;N
920047;609;606;2011/2012;complete;56997;8;-1;7,60;70;2;1;3;-1;-1;-1;-1;-1;2;1;0;0;-1;-1;-1;-1;-1;-1;-1;-1;-1;-1;2;1;0;0;0;0;0;0;0;0;0;0;0;0;0;0;0;0;0;0;0;0;0;0;0;0;0;0;0;0;0;0;0;0;0;0;0;0;0;0;0;0;0;0;0;0;0;0;0;0;0;0;0;0;0;0;0;0;0;0;0;0;0;0;0;0;0;0;0;0;3;1;0;1;1;2;1;2011-11-27 03:30:00;609;0;63;0;38;0;-1;1;-1;-1;-1;-1;-1;-1;0;0;2;1;0;3;-1;0;0;0;0;0;0;0;0;0;0;0;0;0;1;1;1;0;-1;-1;0;0;-1;-1;-1;-1;-1;-1;-1;-1;-1;0;0;38;75;88;0;63;75;50;0;0;6;2;Wellington Phoenix;Sydney FC;1.87;1.29;1;2;0.86;1.57;100;100;63;25;13;0;0;0;0;0;0;4310;28;Y;Y;Y;N;N;N;Y
920049;607;6426;2011/2012;complete;56997;8;-1;3,23,79;45,47;3;2;5;-1;-1;-1;-1;-1;3;5;1;0;-1;-1;-1;-1;-1;-1;-1;-1;-1;-1;5;5;0;0;0;0;0;0;0;0;0;0;0;0;0;0;0;0;0;0;0;0;0;0;0;0;0;0;0;0;0;0;0;0;0;0;0;0;0;0;0;0;0;0;0;0;0;0;0;0;0;0;0;0;0;0;0;0;0;0;0;0;0;0;0;0;0;0;0;0;5;2;1;1;1;2;3;2011-11-27 06:00:00;607;0;63;13;50;0;-1;1;-1;-1;-1;-1;-1;-1;2;3;2;2;5;4;-1;0;0;0;0;0;0;0;2;1;2;1;0;0;1;1;1;0;-1;-1;0;1;-1;-1;-1;-1;-1;-1;-1;-1;-1;13;38;63;75;75;13;38;63;63;0;0;6.25;2.63;Melbourne Victory FC;Gold Coast United FC;1.64;0.47;1;0.25;1.14;0.71;88;63;38;25;25;0;0;0;0;0;0;4310;27;Y;Y;Y;Y;Y;N;Y
920051;601;603;2011/2012;complete;56997;9;-1;;30,33,39,66;0;4;4;-1;-1;-1;-1;-1;3;3;0;0;-1;-1;-1;-1;-1;-1;-1;-1;-1;-1;3;3;0;0;0;0;0;0;0;0;0;0;0;0;0;0;0;0;0;0;0;0;0;0;0;0;0;0;0;0;0;0;0;0;0;0;0;0;0;0;0;0;0;0;0;0;0;0;0;0;0;0;0;0;0;0;0;0;0;0;0;0;0;0;0;0;0;0;0;0;4;0;3;0;1;1;3;2011-12-02 09:00:00;603;0;55;0;45;0;-1;1;-1;-1;-1;-1;-1;-1;2;1;1;2;3;3;-1;0;0;0;0;0;0;0;0;1;0;1;0;0;1;1;0;0;-1;-1;0;0;-1;-1;-1;-1;-1;-1;-1;-1;-1;13;13;45;55;90;0;35;78;55;0;0;5.25;2.15;Adelaide United;Central Coast Mariners;0.93;1.67;1.6;1.5;1.13;1.75;88;88;55;45;10;0;0;0;0;0;0;4310;27;Y;Y;Y;Y;N;N;N
920054;605;607;2011/2012;complete;56997;9;-1;27,47,89;20;3;1;4;-1;-1;-1;-1;-1;3;3;0;0;-1;-1;-1;-1;-1;-1;-1;-1;-1;-1;3;3;0;0;0;0;0;0;0;0;0;0;0;0;0;0;0;0;0;0;0;0;0;0;0;0;0;0;0;0;0;0;0;0;0;0;0;0;0;0;0;0;0;0;0;0;0;0;0;0;0;0;0;0;0;0;0;0;0;0;0;0;0;0;0;0;0;0;0;0;4;1;1;2;0;2;2;2011-12-03 08:45:00;605;0;42;13;29;0;-1;1;-1;-1;-1;-1;-1;-1;1;3;2;0;4;2;-1;0;0;0;0;0;0;0;1;0;1;0;0;0;1;1;0;0;-1;-1;0;1;-1;-1;-1;-1;-1;-1;-1;-1;-1;13;13;42;54;84;25;67;59;42;0;0;4.83;2.04;Newcastle Jets FC;Melbourne Victory FC;1.77;0.46;2.25;1.33;1.25;1.38;88;88;59;46;17;0;0;0;0;0;0;4310;27;Y;Y;Y;Y;N;N;Y
920056;600;6426;2011/2012;complete;56997;9;-1;20,54;;2;0;2;-1;-1;-1;-1;-1;3;3;0;1;-1;-1;-1;-1;-1;-1;-1;-1;-1;-1;3;4;0;0;0;0;0;0;0;0;0;0;0;0;0;0;0;0;0;0;0;0;0;0;0;0;0;0;0;0;0;0;0;0;0;0;0;0;0;0;0;0;0;0;0;0;0;0;0;0;0;0;0;0;0;0;0;0;0;0;0;0;0;0;0;0;0;0;0;0;2;1;0;1;0;1;1;2011-12-03 11:00:00;600;0;40;10;40;0;-1;1;-1;-1;-1;-1;-1;-1;3;2;0;2;5;2;-1;0;0;0;0;0;0;0;2;0;2;0;0;0;1;1;0;0;-1;-1;0;0;-1;-1;-1;-1;-1;-1;-1;-1;-1;20;20;40;50;100;10;64;67;50;0;0;4.87;2.3;Perth Glory FC;Gold Coast United FC;2.07;0.47;2;0.2;1.25;0.63;80;80;60;50;0;0;0;0;0;0;0;4310;27;Y;Y;N;N;N;N;N
920058;602;609;2011/2012;complete;56997;9;-1;41;;1;0;1;-1;-1;-1;-1;-1;1;0;0;0;-1;-1;-1;-1;-1;-1;-1;-1;-1;-1;1;0;0;0;0;0;0;0;0;0;0;0;0;0;0;0;0;0;0;0;0;0;0;0;0;0;0;0;0;0;0;0;0;0;0;0;0;0;0;0;0;0;0;0;0;0;0;0;0;0;0;0;0;0;0;0;0;0;0;0;0;0;0;0;0;0;0;0;0;0;1;1;0;0;0;0;1;2011-12-04 04:00:00;602;0;67;33;17;0;-1;1;-1;-1;-1;-1;-1;-1;0;0;1;0;0;1;-1;0;0;0;0;0;0;0;0;0;0;0;0;0;1;1;0;0;-1;-1;0;0;-1;-1;-1;-1;-1;-1;-1;-1;-1;0;0;34;84;100;33;67;67;34;0;0;6;2.17;Melbourne City FC;Wellington Phoenix;1.43;1.07;1.33;0.67;1.13;1.13;100;100;67;17;0;0;0;0;0;0;0;4310;28;Y;N;N;N;N;N;N
920060;606;604;2011/2012;complete;56997;9;-1;1,20;;2;0;2;-1;-1;-1;-1;-1;3;0;0;0;-1;-1;-1;-1;-1;-1;-1;-1;-1;-1;3;0;0;0;0;0;0;0;0;0;0;0;0;0;0;0;0;0;0;0;0;0;0;0;0;0;0;0;0;0;0;0;0;0;0;0;0;0;0;0;0;0;0;0;0;0;0;0;0;0;0;0;0;0;0;0;0;0;0;0;0;0;0;0;0;0;0;0;0;0;2;2;0;0;0;0;2;2011-12-04 06:00:00;606;0;67;17;34;0;-1;1;-1;-1;-1;-1;-1;-1;1;0;2;0;1;2;-1;0;0;0;0;0;0;0;0;0;0;0;0;0;1;1;1;0;-1;-1;0;0;-1;-1;-1;-1;-1;-1;-1;-1;-1;34;50;67;100;100;17;100;84;50;0;0;5.33;3.5;Sydney FC;Brisbane Roar;1.43;1.87;1;2.33;1.38;2.5;67;50;33;0;0;0;0;0;0;0;0;4310;28;Y;Y;N;N;N;N;N
920062;604;602;2011/2012;complete;56997;10;-1;77;11,27;1;2;3;-1;-1;-1;-1;-1;2;3;0;0;-1;-1;-1;-1;-1;-1;-1;-1;-1;-1;2;3;0;0;0;0;0;0;0;0;0;0;0;0;0;0;0;0;0;0;0;0;0;0;0;0;0;0;0;0;0;0;0;0;0;0;0;0;0;0;0;0;0;0;0;0;0;0;0;0;0;0;0;0;0;0;0;0;0;0;0;0;0;0;0;0;0;0;0;0;3;0;2;1;0;1;2;2011-12-09 09:00:00;602;0;60;30;40;0;-1;1;-1;-1;-1;-1;-1;-1;1;2;1;1;3;2;-1;0;0;0;0;0;0;0;0;0;0;0;0;0;1;1;0;0;-1;-1;0;0;-1;-1;-1;-1;-1;-1;-1;-1;-1;20;40;60;80;90;40;70;70;60;0;0;3;3.2;Brisbane Roar;Melbourne City FC;2;1.21;2.6;1;2.22;1.33;80;60;40;20;10;0;0;0;0;0;0;4310;28;Y;Y;Y;N;N;N;Y
920064;609;600;2011/2012;complete;56997;10;-1;86;;1;0;1;-1;-1;-1;-1;-1;3;2;1;0;-1;-1;-1;-1;-1;-1;-1;-1;-1;-1;5;2;0;0;0;0;0;0;0;0;0;0;0;0;0;0;0;0;0;0;0;0;0;0;0;0;0;0;0;0;0;0;0;0;0;0;0;0;0;0;0;0;0;0;0;0;0;0;0;0;0;0;0;0;0;0;0;0;0;0;0;0;0;0;0;0;0;0;0;0;1;0;0;1;0;1;0;2011-12-10 04:00:00;609;0;70;20;40;0;-1;1;-1;-1;-1;-1;-1;-1;3;0;1;2;3;3;-1;0;0;0;0;0;0;0;0;0;0;0;0;0;1;1;0;0;-1;-1;0;0;-1;-1;-1;-1;-1;-1;-1;-1;-1;0;20;70;100;100;40;80;70;40;0;0;6.4;2.9;Wellington Phoenix;Perth Glory FC;1.87;1.19;1.4;0.8;1;1.44;100;80;30;0;0;0;0;0;0;0;0;4310;29;Y;N;N;N;N;N;N
920066;603;605;2011/2012;complete;56997;10;-1;23,60;;2;0;2;-1;-1;-1;-1;-1;1;1;0;0;-1;-1;-1;-1;-1;-1;-1;-1;-1;-1;1;1;0;0;0;0;0;0;0;0;0;0;0;0;0;0;0;0;0;0;0;0;0;0;0;0;0;0;0;0;0;0;0;0;0;0;0;0;0;0;0;0;0;0;0;0;0;0;0;0;0;0;0;0;0;0;0;0;0;0;0;0;0;0;0;0;0;0;0;0;2;1;0;1;0;1;1;2011-12-10 06:30:00;603;0;50;13;38;0;-1;1;-1;-1;-1;-1;-1;-1;1;1;0;0;2;0;-1;0;0;0;0;0;0;0;0;0;0;0;0;0;1;1;0;0;-1;-1;0;0;-1;-1;-1;-1;-1;-1;-1;-1;-1;0;25;50;75;75;13;50;63;50;0;0;3.5;2.25;Central Coast Mariners;Newcastle Jets FC;1.8;0.86;2;0.25;1.89;1.44;100;75;50;25;25;0;0;0;0;0;0;4310;27;Y;Y;N;N;N;N;N
920068;607;601;2011/2012;complete;56997;10;-1;59;82;1;1;2;-1;-1;-1;-1;-1;0;1;0;0;-1;-1;-1;-1;-1;-1;-1;-1;-1;-1;0;1;0;0;0;0;0;0;0;0;0;0;0;0;0;0;0;0;0;0;0;0;0;0;0;0;0;0;0;0;0;0;0;0;0;0;0;0;0;0;0;0;0;0;0;0;0;0;0;0;0;0;0;0;0;0;0;0;0;0;0;0;0;0;0;0;0;0;0;0;2;0;0;1;1;2;0;2011-12-10 08:45:00;-1;0;64;37;20;0;-1;1;-1;-1;-1;-1;-1;-1;0;1;0;0;1;0;-1;0;0;0;0;0;0;0;0;0;0;0;0;0;1;1;0;0;-1;-1;0;0;-1;-1;-1;-1;-1;-1;-1;-1;-1;27;47;47;64;80;37;54;70;37;0;0;6.47;3.14;Melbourne Victory FC;Adelaide United;1.64;0.92;1.4;0.33;1.22;1;74;54;54;37;20;0;0;0;0;0;0;4310;27;Y;Y;N;N;N;N;Y
920069;6426;606;2011/2012;complete;56997;27;-1;;;0;0;0;-1;-1;-1;-1;-1;2;7;0;0;-1;-1;-1;-1;-1;-1;-1;-1;-1;-1;2;7;0;0;0;0;0;0;0;0;0;0;0;0;0;0;0;0;0;0;0;0;0;0;0;0;0;0;0;0;0;0;0;0;0;0;0;0;0;0;0;0;0;0;0;0;0;0;0;0;0;0;0;0;0;0;0;0;0;0;0;0;0;0;0;0;0;0;0;0;0;0;0;0;0;0;0;2011-12-11 06:00:00;-1;0;80;0;54;0;-1;1;-1;-1;-1;-1;-1;-1;0;4;2;3;4;5;-1;0;0;0;0;0;0;0;0;0;0;0;0;0;1;1;0;0;-1;-1;0;0;-1;-1;-1;-1;-1;-1;-1;-1;-1;0;17;54;80;90;0;80;80;64;0;0;2.87;2.4;Gold Coast United FC;Sydney FC;1.17;1.29;1.33;1.6;0.56;1.56;100;84;47;20;10;0;0;0;0;0;0;4310;27;N;N;N;N;N;N;N
920071;609;604;2011/2012;complete;56997;10;-1;27,81;;2;0;2;-1;-1;-1;-1;-1;0;2;0;0;-1;-1;-1;-1;-1;-1;-1;-1;-1;-1;0;2;0;0;0;0;0;0;0;0;0;0;0;0;0;0;0;0;0;0;0;0;0;0;0;0;0;0;0;0;0;0;0;0;0;0;0;0;0;0;0;0;0;0;0;0;0;0;0;0;0;0;0;0;0;0;0;0;0;0;0;0;0;0;0;0;0;0;0;0;2;1;0;1;0;1;1;2011-12-14 06:30:00;609;0;59;13;25;0;-1;1;-1;-1;-1;-1;-1;-1;0;1;0;1;1;1;-1;0;0;0;0;0;0;0;0;0;0;0;0;0;1;1;0;0;-1;-1;0;1;-1;-1;-1;-1;-1;-1;-1;-1;-1;0;13;50;92;100;25;84;75;38;0;0;5.25;2.54;Wellington Phoenix;Brisbane Roar;1.87;1.87;1.67;1.75;1.2;2;100;88;50;9;0;0;0;0;0;0;0;4310;29;Y;Y;N;N;N;N;N
920073;601;6426;2011/2012;complete;56997;11;-1;;19,37,90;0;3;3;-1;-1;-1;-1;-1;3;3;0;1;-1;-1;-1;-1;-1;-1;-1;-1;-1;-1;3;4;0;0;0;0;0;0;0;0;0;0;0;0;0;0;0;0;0;0;0;0;0;0;0;0;0;0;0;0;0;0;0;0;0;0;0;0;0;0;0;0;0;0;0;0;0;0;0;0;0;0;0;0;0;0;0;0;0;0;0;0;0;0;0;0;0;0;0;0;3;0;2;0;1;1;2;2011-12-16 09:00:00;6426;0;59;9;50;0;-1;1;-1;-1;-1;-1;-1;-1;1;1;2;3;2;5;-1;0;0;0;0;0;0;0;0;0;0;0;0;0;1;1;0;0;-1;-1;0;0;-1;-1;-1;-1;-1;-1;-1;-1;-1;17;25;59;84;92;17;50;92;67;0;0;6.33;2.75;Adelaide United;Gold Coast United FC;0.93;0.47;1.33;0.17;1;0.6;84;75;42;17;9;0;0;0;0;0;0;4310;27;Y;Y;Y;N;N;N;N
920074;605;606;2011/2012;complete;56997;11;-1;25;60,84;1;2;3;-1;-1;-1;-1;-1;2;4;1;0;-1;-1;-1;-1;-1;-1;-1;-1;-1;-1;3;4;0;0;0;0;0;0;0;0;0;0;0;0;0;0;0;0;0;0;0;0;0;0;0;0;0;0;0;0;0;0;0;0;0;0;0;0;0;0;0;0;0;0;0;0;0;0;0;0;0;0;0;0;0;0;0;0;0;0;0;0;0;0;0;0;0;0;0;0;3;1;0;0;2;2;1;2011-12-17 06:30:00;606;0;55;20;27;0;-1;1;-1;-1;-1;-1;-1;-1;0;1;3;3;1;6;-1;0;0;0;0;0;0;0;0;0;0;0;0;0;1;1;0;0;-1;-1;0;0;-1;-1;-1;-1;-1;-1;-1;-1;-1;10;20;47;65;84;30;75;55;55;0;0;5.6;2.25;Newcastle Jets FC;Sydney FC;1.77;1.29;2.4;1.5;1.3;1.5;90;80;54;35;17;0;0;0;0;0;0;4310;27;Y;Y;Y;N;N;N;Y
920076;604;603;2011/2012;complete;56997;11;-1;82;7,45;1;2;3;-1;-1;-1;-1;-1;0;2;0;0;-1;-1;-1;-1;-1;-1;-1;-1;-1;-1;0;2;0;0;0;0;0;0;0;0;0;0;0;0;0;0;0;0;0;0;0;0;0;0;0;0;0;0;0;0;0;0;0;0;0;0;0;0;0;0;0;0;0;0;0;0;0;0;0;0;0;0;0;0;0;0;0;0;0;0;0;0;0;0;0;0;0;0;0;0;3;0;2;1;0;1;2;2011-12-17 08:45:00;603;0;45;17;20;0;-1;1;-1;-1;-1;-1;-1;-1;0;1;0;1;1;1;-1;0;0;0;0;0;0;0;0;0;0;0;0;0;1;1;0;1;-1;-1;0;0;-1;-1;-1;-1;-1;-1;-1;-1;-1;19;37;64;72;100;44;72;74;37;0;0;3.57;3.15;Brisbane Roar;Central Coast Mariners;2;1.67;2.17;1.8;1.82;2;82;64;37;29;0;0;0;0;0;0;0;4310;30;Y;Y;Y;N;N;N;Y
920078;600;602;2011/2012;complete;56997;11;-1;35;33,86;1;2;3;-1;-1;-1;-1;-1;2;2;0;0;-1;-1;-1;-1;-1;-1;-1;-1;-1;-1;2;2;0;0;0;0;0;0;0;0;0;0;0;0;0;0;0;0;0;0;0;0;0;0;0;0;0;0;0;0;0;0;0;0;0;0;0;0;0;0;0;0;0;0;0;0;0;0;0;0;0;0;0;0;0;0;0;0;0;0;0;0;0;0;0;0;0;0;0;0;3;1;1;0;1;1;2;2011-12-17 11:00:00;602;0;42;9;34;0;-1;1;-1;-1;-1;-1;-1;-1;0;1;2;1;1;3;-1;0;0;0;0;0;0;0;0;0;0;0;0;0;1;1;0;0;-1;-1;0;0;-1;-1;-1;-1;-1;-1;-1;-1;-1;9;17;34;54;92;17;71;67;34;0;0;4.17;2.04;Perth Glory FC;Melbourne City FC;2.07;1.21;2.25;1.33;1.3;1.5;92;84;67;46;9;0;0;0;0;0;0;4310;28;Y;Y;Y;N;N;N;Y
920080;607;609;2011/2012;complete;56997;11;-1;4,22,24;84;3;1;4;-1;-1;-1;-1;-1;3;0;1;0;-1;-1;-1;-1;-1;-1;-1;-1;-1;-1;4;0;0;0;0;0;0;0;0;0;0;0;0;0;0;0;0;0;0;0;0;0;0;0;0;0;0;0;0;0;0;0;0;0;0;0;0;0;0;0;0;0;0;0;0;0;0;0;0;0;0;0;0;0;0;0;0;0;0;0;0;0;0;0;0;0;0;0;0;0;4;3;0;0;1;1;3;2011-12-18 06:00:00;607;0;59;29;25;0;-1;1;-1;-1;-1;-1;-1;-1;3;0;1;0;3;1;-1;0;0;0;0;0;0;0;0;0;0;0;0;0;1;1;1;0;-1;-1;0;0;-1;-1;-1;-1;-1;-1;-1;-1;-1;9;25;25;59;84;29;67;38;25;0;0;5.42;2;Melbourne Victory FC;Wellington Phoenix;1.64;1.07;1.33;0.5;1.2;1.36;92;75;75;42;17;0;0;0;0;0;0;4310;27;Y;Y;Y;Y;N;N;Y
920081;606;601;2011/2012;complete;56997;12;-1;19,66;8,56;2;2;4;-1;-1;-1;-1;-1;4;3;0;1;-1;-1;-1;-1;-1;-1;-1;-1;-1;-1;4;4;0;0;0;0;0;0;0;0;0;0;0;0;0;0;0;0;0;0;0;0;0;0;0;0;0;0;0;0;0;0;0;0;0;0;0;0;0;0;0;0;0;0;0;0;0;0;0;0;0;0;0;0;0;0;0;0;0;0;0;0;0;0;0;0;0;0;0;0;4;1;1;1;1;2;2;2011-12-22 08:30:00;-1;0;63;13;38;0;-1;1;-1;-1;-1;-1;-1;-1;1;3;3;1;4;4;-1;0;0;0;0;0;0;0;1;0;1;0;0;0;1;1;0;1;-1;-1;0;0;-1;-1;-1;-1;-1;-1;-1;-1;-1;38;38;38;88;100;25;75;88;50;0;0;5.25;3.38;Sydney FC;Adelaide United;1.43;0.92;1.5;0.5;1.64;0.91;63;63;63;13;0;0;0;0;0;0;0;4310;27;Y;Y;Y;Y;N;N;Y
920083;609;605;2011/2012;complete;56997;12;-1;16,34,39,70,77;50,89;5;2;7;-1;-1;-1;-1;-1;3;3;0;0;-1;-1;-1;-1;-1;-1;-1;-1;-1;-1;3;3;0;0;0;0;0;0;0;0;0;0;0;0;0;0;0;0;0;0;0;0;0;0;0;0;0;0;0;0;0;0;0;0;0;0;0;0;0;0;0;0;0;0;0;0;0;0;0;0;0;0;0;0;0;0;0;0;0;0;0;0;0;0;0;0;0;0;0;0;7;3;0;2;2;4;3;2011-12-23 06:30:00;609;0;39;0;32;0;-1;1;-1;-1;-1;-1;-1;-1;1;2;2;1;3;3;-1;0;0;0;0;0;0;0;0;0;0;0;0;0;1;1;0;0;-1;-1;0;0;-1;-1;-1;-1;-1;-1;-1;-1;-1;0;10;42;83;90;0;66;90;42;0;0;4.2;2.25;Wellington Phoenix;Newcastle Jets FC;1.87;0.86;1.86;0.2;1.25;1.18;100;90;59;17;10;0;0;0;0;0;0;4310;27;Y;Y;Y;Y;Y;Y;Y
920085;602;607;2011/2012;complete;56997;12;-1;37,39,62;21,90;3;2;5;-1;-1;-1;-1;-1;4;1;0;0;-1;-1;-1;-1;-1;-1;-1;-1;-1;-1;4;1;0;0;0;0;0;0;0;0;0;0;0;0;0;0;0;0;0;0;0;0;0;0;0;0;0;0;0;0;0;0;0;0;0;0;0;0;0;0;0;0;0;0;0;0;0;0;0;0;0;0;0;0;0;0;0;0;0;0;0;0;0;0;0;0;0;0;0;0;5;2;1;1;1;2;3;2011-12-23 09:00:00;602;0;50;25;25;0;-1;1;-1;-1;-1;-1;-1;-1;1;0;3;1;1;4;-1;0;0;0;0;0;0;0;0;1;0;0;0;1;1;1;0;0;-1;-1;1;0;-1;-1;-1;-1;-1;-1;-1;-1;-1;0;13;50;63;88;25;50;75;50;0;0;5;2.13;Melbourne City FC;Melbourne Victory FC;1.43;0.46;1.75;1;1.64;1.36;100;88;50;38;13;0;0;0;0;0;0;4310;27;Y;Y;Y;Y;Y;N;Y
920087;600;603;2011/2012;complete;56997;12;-1;83;49,60,64;1;3;4;-1;-1;-1;-1;-1;0;0;1;0;-1;-1;-1;-1;-1;-1;-1;-1;-1;-1;2;0;0;0;0;0;0;0;0;0;0;0;0;0;0;0;0;0;0;0;0;0;0;0;0;0;0;0;0;0;0;0;0;0;0;0;0;0;0;0;0;0;0;0;0;0;0;0;0;0;0;0;0;0;0;0;0;0;0;0;0;0;0;0;0;0;0;0;0;0;4;0;0;1;3;4;0;2011-12-23 11:00:00;603;0;35;10;17;0;-1;1;-1;-1;-1;-1;-1;-1;1;0;0;0;1;0;-1;0;0;0;0;0;0;0;0;0;0;0;0;0;1;1;0;0;-1;-1;0;0;-1;-1;-1;-1;-1;-1;-1;-1;-1;9;17;44;54;100;27;74;72;17;0;0;4.33;2.22;Perth Glory FC;Central Coast Mariners;2.07;1.67;1.8;2;1.18;2.09;92;84;57;47;0;0;0;0;0;0;0;4310;30;Y;Y;Y;Y;N;N;Y
920089;6426;604;2011/2012;complete;56997;12;-1;88;;1;0;1;-1;-1;-1;-1;-1;6;5;0;0;-1;-1;-1;-1;-1;-1;-1;-1;-1;-1;6;5;0;0;0;0;0;0;0;0;0;0;0;0;0;0;0;0;0;0;0;0;0;0;0;0;0;0;0;0;0;0;0;0;0;0;0;0;0;0;0;0;0;0;0;0;0;0;0;0;0;0;0;0;0;0;0;0;0;0;0;0;0;0;0;0;0;0;0;0;1;0;0;1;0;1;0;2011-12-26 08:30:00;6426;0;58;10;25;0;-1;1;-1;-1;-1;-1;-1;-1;2;2;4;3;4;7;-1;0;0;0;0;0;0;0;1;0;1;0;0;0;1;1;0;0;-1;-1;0;0;-1;-1;-1;-1;-1;-1;-1;-1;-1;0;23;45;88;88;20;88;68;35;0;0;2.8;2.43;Gold Coast United FC;Brisbane Roar;1.17;1.87;1.25;1.4;0.82;1.67;100;78;55;13;13;0;0;0;0;0;0;4310;27;Y;N;N;N;N;N;N
920091;606;602;2011/2012;complete;56997;13;-1;;32,45,75,84;0;4;4;-1;-1;-1;-1;-1;3;0;0;0;-1;-1;-1;-1;-1;-1;-1;-1;-1;-1;3;0;0;0;0;0;0;0;0;0;0;0;0;0;0;0;0;0;0;0;0;0;0;0;0;0;0;0;0;0;0;0;0;0;0;0;0;0;0;0;0;0;0;0;0;0;0;0;0;0;0;0;0;0;0;0;0;0;0;0;0;0;0;0;0;0;0;0;0;0;4;0;2;0;2;2;2;2011-12-29 08:30:00;602;0;73;25;59;0;-1;1;-1;-1;-1;-1;-1;-1;0;0;3;0;0;3;-1;0;0;0;0;0;0;0;0;0;0;0;0;0;1;1;0;0;-1;-1;0;0;-1;-1;-1;-1;-1;-1;-1;-1;-1;27;45;66;93;93;42;86;83;59;0;0;5.34;3.23;Sydney FC;Melbourne City FC;1.43;1.21;1.4;1.57;1.58;1.75;73;56;35;7;7;0;0;0;0;0;0;4310;28;Y;Y;Y;Y;N;N;N
920093;601;609;2011/2012;complete;56997;13;-1;17,62;;2;0;2;-1;-1;-1;-1;-1;3;2;0;0;-1;-1;-1;-1;-1;-1;-1;-1;-1;-1;3;2;0;0;0;0;0;0;0;0;0;0;0;0;0;0;0;0;0;0;0;0;0;0;0;0;0;0;0;0;0;0;0;0;0;0;0;0;0;0;0;0;0;0;0;0;0;0;0;0;0;0;0;0;0;0;0;0;0;0;0;0;0;0;0;0;0;0;0;0;2;1;0;1;0;1;1;2011-12-30 09:00:00;601;0;52;10;15;0;-1;1;-1;-1;-1;-1;-1;-1;0;1;3;1;1;4;-1;0;0;0;0;0;0;0;0;0;0;0;0;0;1;1;0;0;-1;-1;0;0;-1;-1;-1;-1;-1;-1;-1;-1;-1;0;17;39;66;93;35;72;63;22;0;0;4.8;2.15;Adelaide United;Wellington Phoenix;0.93;1.07;1.14;0.4;0.92;1.38;100;83;62;35;7;0;0;0;0;0;0;4310;27;Y;Y;N;N;N;N;N
920095;605;600;2011/2012;complete;56997;13;-1;61;9;1;1;2;-1;-1;-1;-1;-1;3;2;0;1;-1;-1;-1;-1;-1;-1;-1;-1;-1;-1;3;4;0;0;0;0;0;0;0;0;0;0;0;0;0;0;0;0;0;0;0;0;0;0;0;0;0;0;0;0;0;0;0;0;0;0;0;0;0;0;0;0;0;0;0;0;0;0;0;0;0;0;0;0;0;0;0;0;0;0;0;0;0;0;0;0;0;0;0;0;2;0;1;1;0;1;1;2011-12-31 05:00:00;-1;0;59;33;17;0;-1;1;-1;-1;-1;-1;-1;-1;0;2;3;1;2;4;-1;0;0;0;0;0;0;0;0;0;0;0;0;0;1;1;0;1;-1;-1;0;1;-1;-1;-1;-1;-1;-1;-1;-1;-1;9;33;67;83;100;59;84;59;42;0;0;5.67;2.92;Newcastle Jets FC;Perth Glory FC;1.77;1.19;2;0.67;1.08;1.08;92;67;33;17;0;0;0;0;0;0;0;4310;27;Y;Y;N;N;N;N;Y
920096;603;6426;2011/2012;complete;56997;13;-1;;;0;0;0;-1;-1;-1;-1;-1;3;2;0;0;-1;-1;-1;-1;-1;-1;-1;-1;-1;-1;3;2;0;0;0;0;0;0;0;0;0;0;0;0;0;0;0;0;0;0;0;0;0;0;0;0;0;0;0;0;0;0;0;0;0;0;0;0;0;0;0;0;0;0;0;0;0;0;0;0;0;0;0;0;0;0;0;0;0;0;0;0;0;0;0;0;0;0;0;0;0;0;0;0;0;0;0;2011-12-31 07:15:00;-1;0;59;17;49;0;-1;1;-1;-1;-1;-1;-1;-1;0;0;3;2;0;5;-1;0;0;0;0;0;0;0;0;0;0;0;0;0;1;1;0;0;-1;-1;0;0;-1;-1;-1;-1;-1;-1;-1;-1;-1;15;25;56;90;90;25;66;80;56;0;0;5.43;2.75;Central Coast Mariners;Gold Coast United FC;1.8;0.47;2.2;0.57;2.17;1;86;76;45;10;10;0;0;0;0;0;0;4310;27;N;N;N;N;N;N;N
920098;604;607;2011/2012;complete;56997;13;-1;44,50,53;3;3;1;4;-1;-1;-1;-1;-1;1;3;0;0;-1;-1;-1;-1;-1;-1;-1;-1;-1;-1;1;3;0;0;0;0;0;0;0;0;0;0;0;0;0;0;0;0;0;0;0;0;0;0;0;0;0;0;0;0;0;0;0;0;0;0;0;0;0;0;0;0;0;0;0;0;0;0;0;0;0;0;0;0;0;0;0;0;0;0;0;0;0;0;0;0;0;0;0;0;4;1;1;2;0;2;2;2011-12-31 09:30:00;604;0;59;35;20;0;-1;1;-1;-1;-1;-1;-1;-1;1;2;0;1;3;1;-1;0;0;0;0;0;0;0;0;0;0;0;0;0;1;1;0;1;-1;-1;0;0;-1;-1;-1;-1;-1;-1;-1;-1;-1;17;35;66;73;90;56;73;76;45;0;0;3.2;3.02;Brisbane Roar;Melbourne Victory FC;2;0.46;1.86;0.8;1.54;1.25;83;66;35;27;10;0;0;0;0;0;0;4310;27;Y;Y;Y;Y;N;N;Y
920101;609;606;2011/2012;complete;56997;14;-1;26,42,78,90;17,64;4;2;6;-1;-1;-1;-1;-1;1;2;0;0;-1;-1;-1;-1;-1;-1;-1;-1;-1;-1;1;2;0;0;0;0;0;0;0;0;0;0;0;0;0;0;0;0;0;0;0;0;0;0;0;0;0;0;0;0;0;0;0;0;0;0;0;0;0;0;0;0;0;0;0;0;0;0;0;0;0;0;0;0;0;0;0;0;0;0;0;0;0;0;0;0;0;0;0;0;6;2;1;2;1;3;3;2012-01-04 02:00:00;609;0;60;0;40;0;-1;1;-1;-1;-1;-1;-1;-1;1;1;0;1;2;1;-1;0;0;0;0;0;0;0;1;1;1;1;0;0;1;1;0;0;-1;-1;0;0;-1;-1;-1;-1;-1;-1;-1;-1;-1;7;7;47;73;86;7;66;79;54;0;0;6.14;2.3;Wellington Phoenix;Sydney FC;1.87;1.29;2;1.71;1.29;1.46;94;94;54;28;15;0;0;0;0;0;0;4310;28;Y;Y;Y;Y;Y;Y;Y
920103;602;601;2011/2012;complete;56997;14;-1;90;38,48,79;1;3;4;-1;-1;-1;-1;-1;0;3;0;0;-1;-1;-1;-1;-1;-1;-1;-1;-1;-1;0;3;0;0;0;0;0;0;0;0;0;0;0;0;0;0;0;0;0;0;0;0;0;0;0;0;0;0;0;0;0;0;0;0;0;0;0;0;0;0;0;0;0;0;0;0;0;0;0;0;0;0;0;0;0;0;0;0;0;0;0;0;0;0;0;0;0;0;0;0;4;0;1;1;2;3;1;2012-01-04 04:15:00;601;0;70;40;40;0;-1;1;-1;-1;-1;-1;-1;-1;0;0;0;3;0;3;-1;0;0;0;0;0;0;0;0;1;0;1;0;0;1;1;0;0;-1;-1;0;0;-1;-1;-1;-1;-1;-1;-1;-1;-1;20;30;50;80;100;40;60;90;60;0;0;5.4;3.1;Melbourne City FC;Adelaide United;1.43;0.92;2;0.6;1.85;1.08;80;70;50;20;0;0;0;0;0;0;0;4310;27;Y;Y;Y;Y;N;N;Y
920105;605;6426;2011/2012;complete;56997;14;-1;44,65,79;72,78;3;2;5;-1;-1;-1;-1;-1;3;0;0;0;-1;-1;-1;-1;-1;-1;-1;-1;-1;-1;3;0;0;0;0;0;0;0;0;0;0;0;0;0;0;0;0;0;0;0;0;0;0;0;0;0;0;0;0;0;0;0;0;0;0;0;0;0;0;0;0;0;0;0;0;0;0;0;0;0;0;0;0;0;0;0;0;0;0;0;0;0;0;0;0;0;0;0;0;0;5;1;0;2;2;4;1;2012-01-04 06:30:00;605;0;61;21;32;0;-1;1;-1;-1;-1;-1;-1;-1;1;0;2;0;1;2;-1;0;0;0;0;0;0;0;0;0;0;0;0;0;1;1;0;0;-1;-1;0;0;-1;-1;-1;-1;-1;-1;-1;-1;-1;20;27;60;87;94;34;82;80;60;0;0;5.96;2.87;Newcastle Jets FC;Gold Coast United FC;1.77;0.47;1.86;0.63;1.08;1;81;73;41;14;7;0;0;0;0;0;0;4310;27;Y;Y;Y;Y;Y;N;Y
920107;603;607;2011/2012;complete;56997;14;-1;1,84;;2;0;2;-1;-1;-1;-1;-1;1;0;0;0;-1;-1;-1;-1;-1;-1;-1;-1;-1;-1;1;0;0;0;0;0;0;0;0;0;0;0;0;0;0;0;0;0;0;0;0;0;0;0;0;0;0;0;0;0;0;0;0;0;0;0;0;0;0;0;0;0;0;0;0;0;0;0;0;0;0;0;0;0;0;0;0;0;0;0;0;0;0;0;0;0;0;0;0;0;2;1;0;1;0;1;1;2012-01-04 08:45:00;603;0;59;34;33;0;-1;1;-1;-1;-1;-1;-1;-1;0;0;1;0;0;1;-1;0;0;0;0;0;0;0;0;0;0;0;0;0;1;1;1;0;-1;-1;0;0;-1;-1;-1;-1;-1;-1;-1;-1;-1;9;34;50;67;75;34;59;67;50;0;0;4.5;2.33;Central Coast Mariners;Melbourne Victory FC;1.8;0.46;2;0.67;2.08;1.15;92;67;50;33;25;0;0;0;0;0;0;4310;27;Y;Y;N;N;N;N;N
920109;600;604;2011/2012;complete;56997;14;-1;16,24,79;40,45,69;3;3;6;-1;-1;-1;-1;-1;1;2;0;0;-1;-1;-1;-1;-1;-1;-1;-1;-1;-1;1;2;0;0;0;0;0;0;0;0;0;0;0;0;0;0;0;0;0;0;0;0;0;0;0;0;0;0;0;0;0;0;0;0;0;0;0;0;0;0;0;0;0;0;0;0;0;0;0;0;0;0;0;0;0;0;0;0;0;0;0;0;0;0;0;0;0;0;0;0;6;2;2;1;1;2;4;2012-01-04 11:00:00;-1;0;33;17;9;0;-1;1;-1;-1;-1;-1;-1;-1;0;0;1;2;0;3;-1;0;0;0;0;0;0;0;1;0;1;0;0;0;1;1;0;0;-1;-1;0;0;-1;-1;-1;-1;-1;-1;-1;-1;-1;0;17;33;67;100;25;75;67;17;0;0;4.33;2.17;Perth Glory FC;Brisbane Roar;2.07;1.87;1.5;1.17;1.08;1.64;100;83;67;34;0;0;0;0;0;0;0;4310;30;Y;Y;Y;Y;Y;Y;Y
920110;601;604;2011/2012;complete;56997;15;-1;78;60;1;1;2;-1;-1;-1;-1;-1;2;2;0;0;-1;-1;-1;-1;-1;-1;-1;-1;-1;-1;2;2;0;0;0;0;0;0;0;0;0;0;0;0;0;0;0;0;0;0;0;0;0;0;0;0;0;0;0;0;0;0;0;0;0;0;0;0;0;0;0;0;0;0;0;0;0;0;0;0;0;0;0;0;0;0;0;0;0;0;0;0;0;0;0;0;0;0;0;0;2;0;0;1;1;2;0;2012-01-07 06:30:00;-1;0;41;15;20;0;-1;1;-1;-1;-1;-1;-1;-1;1;1;1;1;2;2;-1;0;0;0;0;0;0;0;1;0;1;0;0;0;1;1;0;0;-1;-1;0;0;-1;-1;-1;-1;-1;-1;-1;-1;-1;7;21;47;81;94;34;68;80;34;0;0;5.29;2.56;Adelaide United;Brisbane Roar;0.93;1.87;1.38;1.14;1.21;1.6;93;80;54;20;7;0;0;0;0;0;0;4310;27;Y;Y;N;N;N;N;Y
920112;607;605;2011/2012;complete;56997;15;-1;6,74;85;2;1;3;-1;-1;-1;-1;-1;3;2;0;1;-1;-1;-1;-1;-1;-1;-1;-1;-1;-1;3;4;0;0;0;0;0;0;0;0;0;0;0;0;0;0;0;0;0;0;0;0;0;0;0;0;0;0;0;0;0;0;0;0;0;0;0;0;0;0;0;0;0;0;0;0;0;0;0;0;0;0;0;0;0;0;0;0;0;0;0;0;0;0;0;0;0;0;0;0;3;1;0;1;1;2;1;2012-01-07 08:45:00;607;0;52;15;38;0;-1;1;-1;-1;-1;-1;-1;-1;1;1;2;2;2;4;-1;0;0;0;0;0;0;0;0;0;0;0;0;0;1;1;1;0;-1;-1;0;0;-1;-1;-1;-1;-1;-1;-1;-1;-1;16;45;54;77;77;30;55;70;47;0;0;4.79;2.86;Melbourne Victory FC;Newcastle Jets FC;1.64;0.86;1.57;0.17;1.07;1.21;85;55;47;23;23;0;0;0;0;0;0;4310;27;Y;Y;Y;N;N;N;Y
920114;609;600;2011/2012;complete;56997;15;-1;;90;0;1;1;-1;-1;-1;-1;-1;2;1;0;0;-1;-1;-1;-1;-1;-1;-1;-1;-1;-1;2;1;0;0;0;0;0;0;0;0;0;0;0;0;0;0;0;0;0;0;0;0;0;0;0;0;0;0;0;0;0;0;0;0;0;0;0;0;0;0;0;0;0;0;0;0;0;0;0;0;0;0;0;0;0;0;0;0;0;0;0;0;0;0;0;0;0;0;0;0;1;0;0;0;1;1;0;2012-01-08 03:00:00;600;0;62;20;35;0;-1;1;-1;-1;-1;-1;-1;-1;0;0;2;1;0;3;-1;0;0;0;0;0;0;0;0;0;0;0;0;0;1;1;0;0;-1;-1;0;0;-1;-1;-1;-1;-1;-1;-1;-1;-1;11;26;57;88;100;40;75;79;35;0;0;5.92;2.97;Wellington Phoenix;Perth Glory FC;1.87;1.19;2.11;0.71;1.4;1.07;89;75;44;13;0;0;0;0;0;0;0;4310;29;Y;N;N;N;N;N;N
920116;606;603;2011/2012;complete;56997;15;-1;;9;0;1;1;-1;-1;-1;-1;-1;2;1;0;0;-1;-1;-1;-1;-1;-1;-1;-1;-1;-1;2;1;0;0;0;0;0;0;0;0;0;0;0;0;0;0;0;0;0;0;0;0;0;0;0;0;0;0;0;0;0;0;0;0;0;0;0;0;0;0;0;0;0;0;0;0;0;0;0;0;0;0;0;0;0;0;0;0;0;0;0;0;0;0;0;0;0;0;0;0;1;0;1;0;0;0;1;2012-01-08 05:00:00;603;0;54;9;47;0;-1;1;-1;-1;-1;-1;-1;-1;1;0;1;1;1;2;-1;0;0;0;0;0;0;0;0;0;0;0;0;0;1;1;0;1;-1;-1;0;0;-1;-1;-1;-1;-1;-1;-1;-1;-1;24;55;69;86;100;40;79;85;55;0;0;5.17;3.34;Sydney FC;Central Coast Mariners;1.43;1.67;1.17;2.14;1.36;2.14;77;45;31;15;0;0;0;0;0;0;0;4310;28;Y;N;N;N;N;N;N
920118;6426;602;2011/2012;complete;56997;15;-1;71;9;1;1;2;-1;-1;-1;-1;-1;1;3;0;0;-1;-1;-1;-1;-1;-1;-1;-1;-1;-1;1;3;0;0;0;0;0;0;0;0;0;0;0;0;0;0;0;0;0;0;0;0;0;0;0;0;0;0;0;0;0;0;0;0;0;0;0;0;0;0;0;0;0;0;0;0;0;0;0;0;0;0;0;0;0;0;0;0;0;0;0;0;0;0;0;0;0;0;0;0;2;0;1;1;0;1;1;2012-01-08 07:30:00;-1;0;68;13;45;0;-1;1;-1;-1;-1;-1;-1;-1;1;2;0;1;3;1;-1;0;0;0;0;0;0;0;0;0;0;0;0;0;1;1;0;1;-1;-1;0;0;-1;-1;-1;-1;-1;-1;-1;-1;-1;7;29;58;74;84;25;68;84;52;0;0;3.88;2.5;Gold Coast United FC;Melbourne City FC;1.17;1.21;1.6;1.75;0.93;1.71;94;72;43;27;17;0;0;0;0;0;0;4310;27;Y;Y;N;N;N;N;Y
920120;607;601;2011/2012;complete;56997;16;-1;6;53;1;1;2;-1;-1;-1;-1;-1;2;1;0;0;-1;-1;-1;-1;-1;-1;-1;-1;-1;-1;2;1;0;0;0;0;0;0;0;0;0;0;0;0;0;0;0;0;0;0;0;0;0;0;0;0;0;0;0;0;0;0;0;0;0;0;0;0;0;0;0;0;0;0;0;0;0;0;0;0;0;0;0;0;0;0;0;0;0;0;0;0;0;0;0;0;0;0;0;0;2;1;0;0;1;1;1;2012-01-13 09:00:00;-1;0;79;29;50;0;-1;1;-1;-1;-1;-1;-1;-1;1;0;1;1;1;2;-1;0;0;0;0;0;0;0;0;0;0;0;0;0;1;1;1;0;-1;-1;0;0;-1;-1;-1;-1;-1;-1;-1;-1;-1;15;50;57;79;88;36;59;82;59;0;0;5.92;3.13;Melbourne Victory FC;Adelaide United;1.64;0.92;1.75;1;1.2;1.2;86;50;44;21;13;0;0;0;0;0;0;4310;27;Y;Y;N;N;N;N;Y
920122;603;605;2011/2012;complete;56997;16;-1;59;17;1;1;2;-1;-1;-1;-1;-1;1;2;0;0;-1;-1;-1;-1;-1;-1;-1;-1;-1;-1;1;2;0;0;0;0;0;0;0;0;0;0;0;0;0;0;0;0;0;0;0;0;0;0;0;0;0;0;0;0;0;0;0;0;0;0;0;0;0;0;0;0;0;0;0;0;0;0;0;0;0;0;0;0;0;0;0;0;0;0;0;0;0;0;0;0;0;0;0;0;2;0;1;1;0;1;1;2012-01-14 06:30:00;-1;0;43;7;36;0;-1;1;-1;-1;-1;-1;-1;-1;1;1;0;1;2;1;-1;0;0;0;0;0;0;0;0;0;0;0;0;0;1;1;0;0;-1;-1;0;0;-1;-1;-1;-1;-1;-1;-1;-1;-1;7;22;43;79;79;14;64;72;43;0;0;3.86;2.43;Central Coast Mariners;Newcastle Jets FC;1.8;0.86;2.14;0.14;2.2;1.13;93;79;57;22;22;0;0;0;0;0;0;4310;27;Y;Y;N;N;N;N;Y
920124;604;606;2011/2012;complete;56997;16;-1;90,90;40;2;1;3;-1;-1;-1;-1;-1;2;2;0;0;-1;-1;-1;-1;-1;-1;-1;-1;-1;-1;2;2;0;0;0;0;0;0;0;0;0;0;0;0;0;0;0;0;0;0;0;0;0;0;0;0;0;0;0;0;0;0;0;0;0;0;0;0;0;0;0;0;0;0;0;0;0;0;0;0;0;0;0;0;0;0;0;0;0;0;0;0;0;0;0;0;0;0;0;0;3;0;1;2;0;2;1;2012-01-14 08:45:00;604;0;63;26;19;0;-1;1;-1;-1;-1;-1;-1;-1;1;1;1;1;2;2;-1;0;0;0;0;0;0;0;0;0;0;0;0;0;1;1;0;0;-1;-1;0;0;-1;-1;-1;-1;-1;-1;-1;-1;-1;13;26;63;76;88;44;76;69;51;0;0;4;2.88;Brisbane Roar;Sydney FC;2;1.29;2;1.5;1.56;1.27;88;76;38;26;13;0;0;0;0;0;0;4310;28;Y;Y;Y;N;N;N;Y
920126;602;600;2011/2012;complete;56997;16;-1;66;16,69;1;2;3;-1;-1;-1;-1;-1;1;1;0;0;-1;-1;-1;-1;-1;-1;-1;-1;-1;-1;1;1;0;0;0;0;0;0;0;0;0;0;0;0;0;0;0;0;0;0;0;0;0;0;0;0;0;0;0;0;0;0;0;0;0;0;0;0;0;0;0;0;0;0;0;0;0;0;0;0;0;0;0;0;0;0;0;0;0;0;0;0;0;0;0;0;0;0;0;0;3;0;1;1;1;2;1;2012-01-15 05:00:00;600;0;59;29;32;0;-1;1;-1;-1;-1;-1;-1;-1;0;0;1;1;0;2;-1;0;0;0;0;0;0;0;0;0;0;0;0;0;1;1;0;0;-1;-1;0;0;-1;-1;-1;-1;-1;-1;-1;-1;-1;9;29;59;79;100;42;65;73;40;0;0;5.21;2.75;Melbourne City FC;Perth Glory FC;1.43;1.19;1.67;1;1.67;1.2;92;71;42;21;0;0;0;0;0;0;0;4310;28;Y;Y;Y;N;N;N;Y
920128;6426;609;2011/2012;complete;56997;16;-1;;88;0;1;1;-1;-1;-1;-1;-1;2;2;0;0;-1;-1;-1;-1;-1;-1;-1;-1;-1;-1;2;2;0;0;0;0;0;0;0;0;0;0;0;0;0;0;0;0;0;0;0;0;0;0;0;0;0;0;0;0;0;0;0;0;0;0;0;0;0;0;0;0;0;0;0;0;0;0;0;0;0;0;0;0;0;0;0;0;0;0;0;0;0;0;0;0;0;0;0;0;1;0;0;0;1;1;0;2012-01-15 07:30:00;609;0;59;9;17;0;-1;1;-1;-1;-1;-1;-1;-1;1;0;1;2;1;3;-1;0;0;0;0;0;0;0;0;0;0;0;0;0;1;1;0;0;-1;-1;0;0;-1;-1;-1;-1;-1;-1;-1;-1;-1;0;17;25;67;92;17;84;67;17;0;0;3.66;2;Gold Coast United FC;Wellington Phoenix;1.17;1.07;1.5;0.33;0.93;1.31;100;83;75;33;9;0;0;0;0;0;0;4310;27;Y;N;N;N;N;N;N
920130;606;600;2011/2012;complete;56997;27;-1;45;89;1;1;2;-1;-1;-1;-1;-1;3;0;0;0;-1;-1;-1;-1;-1;-1;-1;-1;-1;-1;3;0;0;0;0;0;0;0;0;0;0;0;0;0;0;0;0;0;0;0;0;0;0;0;0;0;0;0;0;0;0;0;0;0;0;0;0;0;0;0;0;0;0;0;0;0;0;0;0;0;0;0;0;0;0;0;0;0;0;0;0;0;0;0;0;0;0;0;0;0;2;1;0;0;1;1;1;2012-01-18 06:30:00;-1;0;50;18;33;0;-1;1;-1;-1;-1;-1;-1;-1;0;0;3;0;0;3;-1;0;0;0;0;0;0;0;0;0;0;0;0;0;1;1;0;0;-1;-1;0;0;-1;-1;-1;-1;-1;-1;-1;-1;-1;15;40;57;82;100;44;84;69;40;0;0;5.67;2.93;Sydney FC;Perth Glory FC;1.43;1.19;1;1.22;1.19;1.31;86;61;44;18;0;0;0;0;0;0;0;4310;28;Y;Y;N;N;N;N;Y
920132;602;603;2011/2012;complete;56997;27;-1;;90;0;1;1;-1;-1;-1;-1;-1;1;1;0;0;-1;-1;-1;-1;-1;-1;-1;-1;-1;-1;1;1;0;0;0;0;0;0;0;0;0;0;0;0;0;0;0;0;0;0;0;0;0;0;0;0;0;0;0;0;0;0;0;0;0;0;0;0;0;0;0;0;0;0;0;0;0;0;0;0;0;0;0;0;0;0;0;0;0;0;0;0;0;0;0;0;0;0;0;0;1;0;0;0;1;1;0;2012-01-18 08:30:00;603;0;61;15;48;0;-1;1;-1;-1;-1;-1;-1;-1;1;1;0;0;2;0;-1;0;0;0;0;0;0;0;0;0;0;0;0;0;1;1;0;0;-1;-1;1;1;-1;-1;-1;-1;-1;-1;-1;-1;-1;14;34;67;75;100;27;67;81;55;0;0;4.02;2.88;Melbourne City FC;Central Coast Mariners;1.43;1.67;1.43;2.25;1.56;2.13;87;67;34;26;0;0;0;0;0;0;0;4310;28;Y;N;N;N;N;N;N
920134;605;609;2011/2012;complete;56997;17;-1;;58;0;1;1;-1;-1;-1;-1;-1;3;0;0;0;-1;-1;-1;-1;-1;-1;-1;-1;-1;-1;3;0;0;0;0;0;0;0;0;0;0;0;0;0;0;0;0;0;0;0;0;0;0;0;0;0;0;0;0;0;0;0;0;0;0;0;0;0;0;0;0;0;0;0;0;0;0;0;0;0;0;0;0;0;0;0;0;0;0;0;0;0;0;0;0;0;0;0;0;0;1;0;0;0;1;1;0;2012-01-20 09:00:00;609;0;59;20;13;0;-1;1;-1;-1;-1;-1;-1;-1;0;0;3;0;0;3;-1;0;0;0;0;0;0;0;0;0;0;0;0;0;1;1;0;0;-1;-1;0;0;-1;-1;-1;-1;-1;-1;-1;-1;-1;13;26;39;73;100;34;93;66;32;0;0;4.61;2.5;Newcastle Jets FC;Wellington Phoenix;1.77;1.07;2;0.71;1.13;1.41;88;75;62;28;0;0;0;0;0;0;0;4310;27;Y;N;N;N;N;N;N
920136;603;601;2011/2012;complete;56997;17;-1;14,75,78;16,18;3;2;5;-1;-1;-1;-1;-1;2;0;0;0;-1;-1;-1;-1;-1;-1;-1;-1;-1;-1;2;0;0;0;0;0;0;0;0;0;0;0;0;0;0;0;0;0;0;0;0;0;0;0;0;0;0;0;0;0;0;0;0;0;0;0;0;0;0;0;0;0;0;0;0;0;0;0;0;0;0;0;0;0;0;0;0;0;0;0;0;0;0;0;0;0;0;0;0;0;5;1;2;2;0;2;3;2012-01-21 06:30:00;603;0;68;21;34;0;-1;1;-1;-1;-1;-1;-1;-1;1;0;1;0;1;1;-1;0;0;0;0;0;0;0;0;0;0;0;0;0;1;1;0;0;-1;-1;0;0;-1;-1;-1;-1;-1;-1;-1;-1;-1;7;28;34;81;88;21;67;82;41;0;0;4.31;2.59;Central Coast Mariners;Adelaide United;1.8;0.92;2;1;2.18;1.19;93;73;66;20;13;0;0;0;0;0;0;4310;27;Y;Y;Y;Y;Y;N;Y
920138;602;604;2011/2012;complete;56997;17;-1;31;70;1;1;2;-1;-1;-1;-1;-1;1;3;0;0;-1;-1;-1;-1;-1;-1;-1;-1;-1;-1;1;3;0;0;0;0;0;0;0;0;0;0;0;0;0;0;0;0;0;0;0;0;0;0;0;0;0;0;0;0;0;0;0;0;0;0;0;0;0;0;0;0;0;0;0;0;0;0;0;0;0;0;0;0;0;0;0;0;0;0;0;0;0;0;0;0;0;0;0;0;2;1;0;0;1;1;1;2012-01-21 08:45:00;-1;0;57;25;38;0;-1;1;-1;-1;-1;-1;-1;-1;1;1;0;2;2;2;-1;0;0;0;0;0;0;0;0;0;0;0;0;0;1;1;0;0;-1;-1;0;0;-1;-1;-1;-1;-1;-1;-1;-1;-1;13;25;51;82;100;32;69;82;51;0;0;4.25;2.75;Melbourne City FC;Brisbane Roar;1.43;1.87;1.25;1.13;1.47;1.65;88;75;51;19;0;0;0;0;0;0;0;4310;28;Y;Y;N;N;N;N;Y
920140;606;6426;2011/2012;complete;56997;17;-1;71,89;55;2;1;3;-1;-1;-1;-1;-1;3;0;0;0;-1;-1;-1;-1;-1;-1;-1;-1;-1;-1;3;0;0;0;0;0;0;0;0;0;0;0;0;0;0;0;0;0;0;0;0;0;0;0;0;0;0;0;0;0;0;0;0;0;0;0;0;0;0;0;0;0;0;0;0;0;0;0;0;0;0;0;0;0;0;0;0;0;0;0;0;0;0;0;0;0;0;0;0;0;3;0;0;2;1;3;0;2012-01-22 06:00:00;606;0;53;12;47;0;-1;1;-1;-1;-1;-1;-1;-1;0;0;3;0;0;3;-1;0;0;0;0;0;0;0;0;0;0;0;0;0;1;1;0;0;-1;-1;0;0;-1;-1;-1;-1;-1;-1;-1;-1;-1;29;42;59;89;95;30;84;82;59;0;0;5.89;3.12;Sydney FC;Gold Coast United FC;1.43;0.47;1;0.56;1.18;0.88;71;59;42;12;6;0;0;0;0;0;0;4310;27;Y;Y;Y;N;N;N;Y
920142;600;607;2011/2012;complete;56997;17;-1;14,35,42,90;69;4;1;5;-1;-1;-1;-1;-1;1;3;0;1;-1;-1;-1;-1;-1;-1;-1;-1;-1;-1;1;5;0;0;0;0;0;0;0;0;0;0;0;0;0;0;0;0;0;0;0;0;0;0;0;0;0;0;0;0;0;0;0;0;0;0;0;0;0;0;0;0;0;0;0;0;0;0;0;0;0;0;0;0;0;0;0;0;0;0;0;0;0;0;0;0;0;0;0;0;5;3;0;1;1;2;3;2012-01-22 08:30:00;600;0;50;36;29;0;-1;1;-1;-1;-1;-1;-1;-1;0;2;1;2;2;3;-1;0;0;0;0;0;0;0;2;1;2;1;0;0;1;1;0;0;-1;-1;0;0;-1;-1;-1;-1;-1;-1;-1;-1;-1;14;36;50;64;93;36;71;79;43;0;0;3.86;2.64;Perth Glory FC;Melbourne Victory FC;2.07;0.46;1.43;0.57;1.29;1.19;86;64;50;36;7;0;0;0;0;0;0;4310;27;Y;Y;Y;Y;Y;N;Y
920144;601;605;2011/2012;complete;56997;27;-1;57;72;1;1;2;-1;-1;-1;-1;-1;4;1;0;0;-1;-1;-1;-1;-1;-1;-1;-1;-1;-1;4;1;0;0;0;0;0;0;0;0;0;0;0;0;0;0;0;0;0;0;0;0;0;0;0;0;0;0;0;0;0;0;0;0;0;0;0;0;0;0;0;0;0;0;0;0;0;0;0;0;0;0;0;0;0;0;0;0;0;0;0;0;0;0;0;0;0;0;0;0;2;0;0;1;1;2;0;2012-01-25 09:00:00;-1;0;47;0;36;0;-1;1;-1;-1;-1;-1;-1;-1;1;0;3;1;1;4;-1;0;0;0;0;0;0;0;0;0;0;0;0;0;1;1;0;0;-1;-1;0;0;-1;-1;-1;-1;-1;-1;-1;-1;-1;7;18;47;83;89;18;60;89;47;0;0;4.77;2.55;Adelaide United;Newcastle Jets FC;0.93;0.86;1.33;0.25;1.12;1.06;94;82;53;18;12;0;0;0;0;0;0;4310;27;Y;Y;N;N;N;N;Y
920146;607;606;2011/2012;complete;56997;18;-1;45,45;56,89;2;2;4;-1;-1;-1;-1;-1;1;1;0;0;-1;-1;-1;-1;-1;-1;-1;-1;-1;-1;1;1;0;0;0;0;0;0;0;0;0;0;0;0;0;0;0;0;0;0;0;0;0;0;0;0;0;0;0;0;0;0;0;0;0;0;0;0;0;0;0;0;0;0;0;0;0;0;0;0;0;0;0;0;0;0;0;0;0;0;0;0;0;0;0;0;0;0;0;0;4;2;0;0;2;2;2;2012-01-26 05:00:00;-1;0;73;17;39;0;-1;1;-1;-1;-1;-1;-1;-1;0;1;1;0;1;1;-1;0;0;0;0;0;0;0;0;0;0;0;0;0;1;1;0;0;-1;-1;0;0;-1;-1;-1;-1;-1;-1;-1;-1;-1;11;28;56;73;78;22;62;67;56;0;0;6;2.5;Melbourne Victory FC;Sydney FC;1.64;1.29;1.67;1.33;1.12;1.28;89;73;44;28;22;0;0;0;0;0;0;4310;27;Y;Y;Y;Y;N;N;Y
920147;604;605;2011/2012;complete;56997;18;-1;;23;0;1;1;-1;-1;-1;-1;-1;0;3;0;0;-1;-1;-1;-1;-1;-1;-1;-1;-1;-1;0;3;0;0;0;0;0;0;0;0;0;0;0;0;0;0;0;0;0;0;0;0;0;0;0;0;0;0;0;0;0;0;0;0;0;0;0;0;0;0;0;0;0;0;0;0;0;0;0;0;0;0;0;0;0;0;0;0;0;0;0;0;0;0;0;0;0;0;0;0;1;0;1;0;0;0;1;2012-01-28 08:45:00;605;0;62;17;22;0;-1;1;-1;-1;-1;-1;-1;-1;0;0;0;3;0;3;-1;0;0;0;0;0;0;0;0;0;0;0;0;0;1;1;0;0;-1;-1;0;0;-1;-1;-1;-1;-1;-1;-1;-1;-1;11;28;61;89;95;39;78;84;50;0;0;2.89;3.11;Brisbane Roar;Newcastle Jets FC;2;0.86;2.11;0.33;1.61;1.06;89;73;39;11;6;0;0;0;0;0;0;4310;27;Y;N;N;N;N;N;N
920149;609;602;2011/2012;complete;56997;18;-1;3,53,64;35;3;1;4;-1;-1;-1;-1;-1;1;0;0;0;-1;-1;-1;-1;-1;-1;-1;-1;-1;-1;1;0;0;0;0;0;0;0;0;0;0;0;0;0;0;0;0;0;0;0;0;0;0;0;0;0;0;0;0;0;0;0;0;0;0;0;0;0;0;0;0;0;0;0;0;0;0;0;0;0;0;0;0;0;0;0;0;0;0;0;0;0;0;0;0;0;0;0;0;0;4;1;1;2;0;2;2;2012-01-29 03:30:00;609;0;69;16;47;0;-1;1;-1;-1;-1;-1;-1;-1;0;0;1;0;0;1;-1;0;0;0;0;0;0;0;0;0;0;0;0;0;1;1;1;0;-1;-1;0;0;-1;-1;-1;-1;-1;-1;-1;-1;-1;16;27;59;85;95;32;74;95;53;0;0;4.7;2.95;Wellington Phoenix;Melbourne City FC;1.87;1.21;1.9;1.67;1.5;1.44;85;74;42;16;6;0;0;0;0;0;0;4310;28;Y;Y;Y;Y;N;N;Y
920151;601;600;2011/2012;complete;56997;18;-1;;14,20,82;0;3;3;-1;-1;-1;-1;-1;0;5;0;0;-1;-1;-1;-1;-1;-1;-1;-1;-1;-1;0;5;0;0;0;0;0;0;0;0;0;0;0;0;0;0;0;0;0;0;0;0;0;0;0;0;0;0;0;0;0;0;0;0;0;0;0;0;0;0;0;0;0;0;0;0;0;0;0;0;0;0;0;0;0;0;0;0;0;0;0;0;0;0;0;0;0;0;0;0;3;0;2;0;1;1;2;2012-01-29 06:00:00;600;0;55;10;30;0;-1;1;-1;-1;-1;-1;-1;-1;0;1;0;4;1;4;-1;0;0;0;0;0;0;0;0;0;0;0;0;0;1;1;0;0;-1;-1;0;0;-1;-1;-1;-1;-1;-1;-1;-1;-1;0;15;45;80;95;30;55;80;35;0;0;5.4;2.35;Adelaide United;Perth Glory FC;0.93;1.19;1.3;1.2;1.11;1.39;100;85;55;20;5;0;0;0;0;0;0;4310;27;Y;Y;Y;N;N;N;N
920153;607;6426;2011/2012;complete;56997;27;-1;66;90;1;1;2;-1;-1;-1;-1;-1;2;3;0;0;-1;-1;-1;-1;-1;-1;-1;-1;-1;-1;2;3;0;0;0;0;0;0;0;0;0;0;0;0;0;0;0;0;0;0;0;0;0;0;0;0;0;0;0;0;0;0;0;0;0;0;0;0;0;0;0;0;0;0;0;0;0;0;0;0;0;0;0;0;0;0;0;0;0;0;0;0;0;0;0;0;0;0;0;0;2;0;0;1;1;2;0;2012-02-01 08:30:00;-1;0;70;15;50;0;-1;1;-1;-1;-1;-1;-1;-1;0;0;2;3;0;5;-1;0;0;0;0;0;0;0;0;0;0;0;0;0;1;1;0;0;-1;-1;0;0;-1;-1;-1;-1;-1;-1;-1;-1;-1;20;40;65;85;85;30;60;80;60;0;0;5.5;2.95;Melbourne Victory FC;Gold Coast United FC;1.64;0.47;1.6;0.5;1.11;0.82;80;60;35;15;15;0;0;0;0;0;0;4310;27;Y;Y;N;N;N;N;Y
920155;601;609;2011/2012;complete;56997;19;-1;10;14,38;1;2;3;-1;-1;-1;-1;-1;1;4;0;0;-1;-1;-1;-1;-1;-1;-1;-1;-1;-1;1;4;0;0;0;0;0;0;0;0;0;0;0;0;0;0;0;0;0;0;0;0;0;0;0;0;0;0;0;0;0;0;0;0;0;0;0;0;0;0;0;0;0;0;0;0;0;0;0;0;0;0;0;0;0;0;0;0;0;0;0;0;0;0;0;0;0;0;0;0;3;1;2;0;0;0;3;2012-02-03 09:00:00;609;0;42;7;18;0;-1;1;-1;-1;-1;-1;-1;-1;1;0;0;4;1;4;-1;0;0;0;0;0;0;0;0;0;0;0;0;0;1;1;1;0;-1;-1;0;0;-1;-1;-1;-1;-1;-1;-1;-1;-1;0;11;29;66;96;26;60;77;23;0;0;4.36;2.01;Adelaide United;Wellington Phoenix;0.93;1.07;1.18;1;1.05;1.58;100;90;72;34;5;0;0;0;0;0;0;4310;27;Y;Y;Y;N;N;N;Y
920157;603;604;2011/2012;complete;56997;19;-1;;5,39;0;2;2;-1;-1;-1;-1;-1;5;0;0;0;-1;-1;-1;-1;-1;-1;-1;-1;-1;-1;5;0;0;0;0;0;0;0;0;0;0;0;0;0;0;0;0;0;0;0;0;0;0;0;0;0;0;0;0;0;0;0;0;0;0;0;0;0;0;0;0;0;0;0;0;0;0;0;0;0;0;0;0;0;0;0;0;0;0;0;0;0;0;0;0;0;0;0;0;0;2;0;2;0;0;0;2;2012-02-04 06:30:00;604;0;56;22;22;0;-1;1;-1;-1;-1;-1;-1;-1;3;0;2;0;3;2;-1;0;0;0;0;0;0;0;0;0;0;0;0;0;1;1;0;1;-1;-1;0;0;-1;-1;-1;-1;-1;-1;-1;-1;-1;11;22;33;84;89;28;73;73;33;0;0;4.22;2.45;Central Coast Mariners;Brisbane Roar;1.8;1.87;2.11;1.11;2.22;1.53;89;78;67;17;11;0;0;0;0;0;0;4310;30;Y;Y;N;N;N;N;N
920159;602;607;2011/2012;complete;56997;19;-1;;;0;0;0;-1;-1;-1;-1;-1;2;1;0;1;-1;-1;-1;-1;-1;-1;-1;-1;-1;-1;2;3;0;0;0;0;0;0;0;0;0;0;0;0;0;0;0;0;0;0;0;0;0;0;0;0;0;0;0;0;0;0;0;0;0;0;0;0;0;0;0;0;0;0;0;0;0;0;0;0;0;0;0;0;0;0;0;0;0;0;0;0;0;0;0;0;0;0;0;0;0;0;0;0;0;0;0;2012-02-04 08:45:00;-1;0;65;30;41;0;-1;1;-1;-1;-1;-1;-1;-1;1;1;1;1;2;2;-1;0;0;0;0;0;0;0;0;0;0;0;0;0;1;1;0;0;-1;-1;0;0;-1;-1;-1;-1;-1;-1;-1;-1;-1;18;36;60;77;94;36;71;89;60;0;0;4.27;2.84;Melbourne City FC;Melbourne Victory FC;1.43;0.46;1.22;0.5;1.37;1.11;82;64;41;24;7;0;0;0;0;0;0;4310;27;N;N;N;N;N;N;N
920161;606;605;2011/2012;complete;56997;19;-1;47,72;22,30,38,87,90;2;5;7;-1;-1;-1;-1;-1;1;2;0;0;-1;-1;-1;-1;-1;-1;-1;-1;-1;-1;1;2;0;0;0;0;0;0;0;0;0;0;0;0;0;0;0;0;0;0;0;0;0;0;0;0;0;0;0;0;0;0;0;0;0;0;0;0;0;0;0;0;0;0;0;0;0;0;0;0;0;0;0;0;0;0;0;0;0;0;0;0;0;0;0;0;0;0;0;0;7;0;3;2;2;4;3;2012-02-05 06:00:00;605;0;53;6;42;0;-1;1;-1;-1;-1;-1;-1;-1;1;0;0;2;1;2;-1;0;0;0;0;0;0;0;0;0;0;0;0;0;1;1;0;0;-1;-1;0;0;-1;-1;-1;-1;-1;-1;-1;-1;-1;16;32;48;85;95;22;80;79;53;0;0;4.9;2.86;Sydney FC;Newcastle Jets FC;1.43;0.86;1.22;0.6;1.26;1.16;84;68;52;16;5;0;0;0;0;0;0;4310;27;Y;Y;Y;Y;Y;Y;Y
920163;600;6426;2011/2012;complete;56997;19;-1;18,53,67,84;;4;0;4;-1;-1;-1;-1;-1;3;2;0;0;-1;-1;-1;-1;-1;-1;-1;-1;-1;-1;3;2;0;0;0;0;0;0;0;0;0;0;0;0;0;0;0;0;0;0;0;0;0;0;0;0;0;0;0;0;0;0;0;0;0;0;0;0;0;0;0;0;0;0;0;0;0;0;0;0;0;0;0;0;0;0;0;0;0;0;0;0;0;0;0;0;0;0;0;0;4;1;0;3;0;3;1;2012-02-06 11:00:00;600;0;57;17;51;0;-1;1;-1;-1;-1;-1;-1;-1;1;0;2;2;1;4;-1;0;0;0;0;0;0;0;0;0;0;0;0;0;1;1;0;0;-1;-1;0;0;-1;-1;-1;-1;-1;-1;-1;-1;-1;26;33;57;77;96;28;65;83;56;0;0;4.39;2.94;Perth Glory FC;Gold Coast United FC;2.07;0.47;1.63;0.55;1.47;0.83;74;68;43;24;5;0;0;0;0;0;0;4310;27;Y;Y;Y;Y;N;N;N
920165;607;603;2011/2012;complete;56997;20;-1;15,50;9;2;1;3;-1;-1;-1;-1;-1;0;0;0;1;-1;-1;-1;-1;-1;-1;-1;-1;-1;-1;0;2;0;0;0;0;0;0;0;0;0;0;0;0;0;0;0;0;0;0;0;0;0;0;0;0;0;0;0;0;0;0;0;0;0;0;0;0;0;0;0;0;0;0;0;0;0;0;0;0;0;0;0;0;0;0;0;0;0;0;0;0;0;0;0;0;0;0;0;0;3;1;1;1;0;1;2;2012-02-10 09:00:00;607;0;63;9;39;0;-1;1;-1;-1;-1;-1;-1;-1;0;0;0;1;0;1;-1;0;0;0;0;0;0;0;0;0;0;0;0;0;1;1;0;1;-1;-1;0;0;-1;-1;-1;-1;-1;-1;-1;-1;-1;10;39;56;69;91;29;56;76;44;0;0;4.6;2.65;Melbourne Victory FC;Central Coast Mariners;1.64;1.67;1.55;2.33;1.1;2.11;90;61;45;31;9;0;0;0;0;0;0;4310;27;Y;Y;Y;N;N;N;Y
920168;605;602;2011/2012;complete;56997;20;-1;23,48,76;;3;0;3;-1;-1;-1;-1;-1;1;3;0;1;-1;-1;-1;-1;-1;-1;-1;-1;-1;-1;1;4;0;0;0;0;0;0;0;0;0;0;0;0;0;0;0;0;0;0;0;0;0;0;0;0;0;0;0;0;0;0;0;0;0;0;0;0;0;0;0;0;0;0;0;0;0;0;0;0;0;0;0;0;0;0;0;0;0;0;0;0;0;0;0;0;0;0;0;0;3;1;0;2;0;2;1;2012-02-11 06:30:00;605;0;74;26;31;0;-1;1;-1;-1;-1;-1;-1;-1;1;0;0;4;1;4;-1;0;0;0;0;0;0;0;0;0;0;0;0;0;1;1;0;0;-1;-1;1;0;-1;-1;-1;-1;-1;-1;-1;-1;-1;16;37;63;84;95;42;85;84;58;0;0;4.58;2.95;Newcastle Jets FC;Melbourne City FC;1.77;1.21;1.78;1.5;1.25;1.35;84;64;37;16;5;0;0;0;0;0;0;4310;27;Y;Y;Y;N;N;N;N
920170;606;600;2011/2012;complete;56997;20;-1;53,72;86;2;1;3;-1;-1;-1;-1;-1;1;1;0;0;-1;-1;-1;-1;-1;-1;-1;-1;-1;-1;1;1;0;0;0;0;0;0;0;0;0;0;0;0;0;0;0;0;0;0;0;0;0;0;0;0;0;0;0;0;0;0;0;0;0;0;0;0;0;0;0;0;0;0;0;0;0;0;0;0;0;0;0;0;0;0;0;0;0;0;0;0;0;0;0;0;0;0;0;0;3;0;0;2;1;3;0;2012-02-11 08:45:00;606;0;58;14;34;0;-1;1;-1;-1;-1;-1;-1;-1;1;1;0;0;2;0;-1;0;0;0;0;0;0;0;0;0;0;0;0;0;1;1;0;0;-1;-1;0;0;-1;-1;-1;-1;-1;-1;-1;-1;-1;15;34;58;86;100;43;82;77;39;0;0;5.44;3.03;Sydney FC;Perth Glory FC;1.43;1.19;1.1;1.36;1.2;1.55;85;66;43;14;0;0;0;0;0;0;0;4310;28;Y;Y;Y;N;N;N;Y
920172;609;604;2011/2012;complete;56997;20;-1;;42,80;0;2;2;-1;-1;-1;-1;-1;4;3;0;0;-1;-1;-1;-1;-1;-1;-1;-1;-1;-1;4;3;0;0;0;0;0;0;0;0;0;0;0;0;0;0;0;0;0;0;0;0;0;0;0;0;0;0;0;0;0;0;0;0;0;0;0;0;0;0;0;0;0;0;0;0;0;0;0;0;0;0;0;0;0;0;0;0;0;0;0;0;0;0;0;0;0;0;0;0;2;0;1;0;1;1;1;2012-02-12 04:00:00;604;0;57;19;33;0;-1;1;-1;-1;-1;-1;-1;-1;1;1;3;2;2;5;-1;0;0;0;0;0;0;0;0;0;0;0;0;0;1;1;0;0;-1;-1;0;0;-1;-1;-1;-1;-1;-1;-1;-1;-1;14;24;43;86;100;34;77;85;43;0;0;4.65;2.85;Wellington Phoenix;Brisbane Roar;1.87;1.87;2;1.3;1.65;1.6;86;77;58;14;0;0;0;0;0;0;0;4310;29;Y;Y;N;N;N;N;N
920174;6426;601;2011/2012;complete;56997;20;-1;7;42,59;1;2;3;-1;-1;-1;-1;-1;1;3;0;0;-1;-1;-1;-1;-1;-1;-1;-1;-1;-1;1;3;0;0;0;0;0;0;0;0;0;0;0;0;0;0;0;0;0;0;0;0;0;0;0;0;0;0;0;0;0;0;0;0;0;0;0;0;0;0;0;0;0;0;0;0;0;0;0;0;0;0;0;0;0;0;0;0;0;0;0;0;0;0;0;0;0;0;0;0;3;1;1;0;1;1;2;2012-02-12 06:30:00;601;0;73;19;34;0;-1;1;-1;-1;-1;-1;-1;-1;1;2;0;1;3;1;-1;0;0;0;0;0;0;0;0;0;0;0;0;0;1;1;1;0;-1;-1;0;0;-1;-1;-1;-1;-1;-1;-1;-1;-1;13;32;40;73;93;19;66;93;46;0;0;3.99;2.68;Gold Coast United FC;Adelaide United;1.17;0.92;1.29;0.88;0.79;1;88;68;61;28;7;0;0;0;0;0;0;4310;27;Y;Y;Y;N;N;N;Y
920176;602;6426;2011/2012;complete;56997;21;-1;80;;1;0;1;-1;-1;-1;-1;-1;3;3;0;0;-1;-1;-1;-1;-1;-1;-1;-1;-1;-1;3;3;0;0;0;0;0;0;0;0;0;0;0;0;0;0;0;0;0;0;0;0;0;0;0;0;0;0;0;0;0;0;0;0;0;0;0;0;0;0;0;0;0;0;0;0;0;0;0;0;0;0;0;0;0;0;0;0;0;0;0;0;0;0;0;0;0;0;0;0;1;0;0;1;0;1;0;2012-02-17 09:00:00;602;0;59;14;49;0;-1;1;-1;-1;-1;-1;-1;-1;2;1;1;2;3;3;-1;0;0;0;0;0;0;0;0;0;0;0;0;0;1;1;0;0;-1;-1;1;0;-1;-1;-1;-1;-1;-1;-1;-1;-1;18;27;59;81;91;19;59;86;63;0;0;4.48;2.74;Melbourne City FC;Gold Coast United FC;1.43;0.47;1.2;0.5;1.29;0.75;83;74;42;19;9;0;0;0;0;0;0;4310;27;Y;N;N;N;N;N;N
920178;603;609;2011/2012;complete;56997;21;-1;52,84;;2;0;2;-1;-1;-1;-1;-1;2;1;0;0;-1;-1;-1;-1;-1;-1;-1;-1;-1;-1;2;1;0;0;0;0;0;0;0;0;0;0;0;0;0;0;0;0;0;0;0;0;0;0;0;0;0;0;0;0;0;0;0;0;0;0;0;0;0;0;0;0;0;0;0;0;0;0;0;0;0;0;0;0;0;0;0;0;0;0;0;0;0;0;0;0;0;0;0;0;2;0;0;2;0;2;0;2012-02-18 06:30:00;603;0;47;21;10;0;-1;1;-1;-1;-1;-1;-1;-1;1;0;1;1;1;2;-1;0;0;0;0;0;0;0;0;0;0;0;0;0;1;1;0;0;-1;-1;1;0;-1;-1;-1;-1;-1;-1;-1;-1;-1;5;16;26;68;90;32;74;58;15;0;0;4.09;2.05;Central Coast Mariners;Wellington Phoenix;1.8;1.07;1.9;1.22;2;1.57;95;85;74;32;10;0;0;0;0;0;0;4310;29;Y;Y;N;N;N;N;N
920180;604;607;2011/2012;complete;56997;21;-1;2,32,39;10,51;3;2;5;-1;-1;-1;-1;-1;0;6;0;0;-1;-1;-1;-1;-1;-1;-1;-1;-1;-1;0;6;0;0;0;0;0;0;0;0;0;0;0;0;0;0;0;0;0;0;0;0;0;0;0;0;0;0;0;0;0;0;0;0;0;0;0;0;0;0;0;0;0;0;0;0;0;0;0;0;0;0;0;0;0;0;0;0;0;0;0;0;0;0;0;0;0;0;0;0;5;3;1;0;1;1;4;2012-02-18 08:45:00;604;0;58;32;17;0;-1;1;-1;-1;-1;-1;-1;-1;0;3;0;3;3;3;-1;0;0;0;0;0;0;0;1;0;1;0;0;0;1;1;1;1;-1;-1;0;0;-1;-1;-1;-1;-1;-1;-1;-1;-1;16;37;63;74;89;52;79;74;48;0;0;3.44;2.94;Brisbane Roar;Melbourne Victory FC;2;0.46;1.9;0.56;1.67;1.19;84;63;37;27;11;0;0;0;0;0;0;4310;27;Y;Y;Y;Y;Y;N;Y
920182;600;605;2011/2012;complete;56997;21;-1;15,60;;2;0;2;-1;-1;-1;-1;-1;1;2;0;0;-1;-1;-1;-1;-1;-1;-1;-1;-1;-1;1;2;0;0;0;0;0;0;0;0;0;0;0;0;0;0;0;0;0;0;0;0;0;0;0;0;0;0;0;0;0;0;0;0;0;0;0;0;0;0;0;0;0;0;0;0;0;0;0;0;0;0;0;0;0;0;0;0;0;0;0;0;0;0;0;0;0;0;0;0;2;1;0;1;0;1;1;2012-02-18 11:00:00;600;0;50;11;39;0;-1;1;-1;-1;-1;-1;-1;-1;0;0;1;2;0;3;-1;0;0;0;0;0;0;0;0;0;0;0;0;0;1;1;0;0;-1;-1;0;0;-1;-1;-1;-1;-1;-1;-1;-1;-1;20;36;51;75;96;26;76;80;50;0;0;3.8;3;Perth Glory FC;Newcastle Jets FC;2.07;0.86;1.78;0.82;1.48;1.33;80;65;50;26;5;0;0;0;0;0;0;4310;27;Y;Y;N;N;N;N;N
920184;601;606;2011/2012;complete;56997;21;-1;56;45,81;1;2;3;-1;-1;-1;-1;-1;1;1;0;0;-1;-1;-1;-1;-1;-1;-1;-1;-1;-1;1;1;0;0;0;0;0;0;0;0;0;0;0;0;0;0;0;0;0;0;0;0;0;0;0;0;0;0;0;0;0;0;0;0;0;0;0;0;0;0;0;0;0;0;0;0;0;0;0;0;0;0;0;0;0;0;0;0;0;0;0;0;0;0;0;0;0;0;0;0;3;0;1;1;1;2;1;2012-02-19 08:00:00;606;0;60;9;32;0;-1;1;-1;-1;-1;-1;-1;-1;0;0;1;1;0;2;-1;0;0;0;0;0;0;0;0;0;0;0;0;0;1;1;0;0;-1;-1;0;0;-1;-1;-1;-1;-1;-1;-1;-1;-1;5;14;55;77;86;27;60;77;56;0;0;5.28;2.42;Adelaide United;Sydney FC;0.93;1.29;1.08;1.3;1.1;1.29;95;86;45;24;14;0;0;0;0;0;0;4310;27;Y;Y;Y;N;N;N;Y
920186;6426;603;2011/2012;complete;56997;18;-1;10,17,56;4,59,66;3;3;6;-1;-1;-1;-1;-1;2;3;0;0;-1;-1;-1;-1;-1;-1;-1;-1;-1;-1;2;3;0;0;0;0;0;0;0;0;0;0;0;0;0;0;0;0;0;0;0;0;0;0;0;0;0;0;0;0;0;0;0;0;0;0;0;0;0;0;0;0;0;0;0;0;0;0;0;0;0;0;0;0;0;0;0;0;0;0;0;0;0;0;0;0;0;0;0;0;6;2;1;1;2;3;3;2012-02-22 09:00:00;-1;0;57;12;28;0;-1;1;-1;-1;-1;-1;-1;-1;0;2;2;1;2;3;-1;0;0;0;0;0;0;0;1;0;1;0;0;0;1;1;1;1;-1;-1;0;0;-1;-1;-1;-1;-1;-1;-1;-1;-1;5;22;49;62;94;22;62;84;28;0;0;3.55;2.3;Gold Coast United FC;Central Coast Mariners;1.17;1.67;1.13;2.1;0.71;2.05;95;79;52;39;7;0;0;0;0;0;0;4310;27;Y;Y;Y;Y;Y;Y;Y
920188;605;601;2011/2012;complete;56997;22;-1;39;;1;0;1;-1;-1;-1;-1;-1;3;2;0;0;-1;-1;-1;-1;-1;-1;-1;-1;-1;-1;3;2;0;0;0;0;0;0;0;0;0;0;0;0;0;0;0;0;0;0;0;0;0;0;0;0;0;0;0;0;0;0;0;0;0;0;0;0;0;0;0;0;0;0;0;0;0;0;0;0;0;0;0;0;0;0;0;0;0;0;0;0;0;0;0;0;0;0;0;0;1;1;0;0;0;0;1;2012-02-24 09:00:00;605;0;75;32;27;0;-1;1;-1;-1;-1;-1;-1;-1;0;1;3;1;1;4;-1;0;0;0;0;0;0;0;0;0;0;0;0;0;1;1;0;0;-1;-1;0;0;-1;-1;-1;-1;-1;-1;-1;-1;-1;21;37;58;85;100;37;84;90;58;0;0;4.82;3.17;Newcastle Jets FC;Adelaide United;1.77;0.92;1.9;1.11;1.27;1.05;79;63;42;16;0;0;0;0;0;0;0;4310;27;Y;N;N;N;N;N;N
920190;606;609;2011/2012;complete;56997;22;-1;;13;0;1;1;-1;-1;-1;-1;-1;2;1;0;0;-1;-1;-1;-1;-1;-1;-1;-1;-1;-1;2;1;0;0;0;0;0;0;0;0;0;0;0;0;0;0;0;0;0;0;0;0;0;0;0;0;0;0;0;0;0;0;0;0;0;0;0;0;0;0;0;0;0;0;0;0;0;0;0;0;0;0;0;0;0;0;0;0;0;0;0;0;0;0;0;0;0;0;0;0;1;0;1;0;0;0;1;2012-02-25 06:30:00;609;0;52;15;28;0;-1;1;-1;-1;-1;-1;-1;-1;1;0;1;1;1;2;-1;0;0;0;0;0;0;0;0;0;0;0;0;0;1;1;0;0;-1;-1;0;0;-1;-1;-1;-1;-1;-1;-1;-1;-1;14;28;42;76;100;33;76;71;37;0;0;4.44;2.68;Sydney FC;Wellington Phoenix;1.43;1.07;1.27;1.1;1.36;1.5;87;73;58;25;0;0;0;0;0;0;0;4310;28;Y;N;N;N;N;N;N
920192;6426;607;2011/2012;complete;56997;22;-1;51;57;1;1;2;-1;-1;-1;-1;-1;2;1;0;0;-1;-1;-1;-1;-1;-1;-1;-1;-1;-1;2;1;0;0;0;0;0;0;0;0;0;0;0;0;0;0;0;0;0;0;0;0;0;0;0;0;0;0;0;0;0;0;0;0;0;0;0;0;0;0;0;0;0;0;0;0;0;0;0;0;0;0;0;0;0;0;0;0;0;0;0;0;0;0;0;0;0;0;0;0;2;0;0;1;1;2;0;2012-02-25 08:45:00;-1;0;64;31;32;0;-1;1;-1;-1;-1;-1;-1;-1;0;0;2;1;0;3;-1;0;0;0;0;0;0;0;0;0;0;0;0;0;1;1;0;0;-1;-1;0;0;-1;-1;-1;-1;-1;-1;-1;-1;-1;21;36;52;69;85;36;69;85;42;0;0;4.58;2.67;Gold Coast United FC;Melbourne Victory FC;1.17;0.46;1.11;0.5;0.73;1.14;80;64;48;32;16;0;0;0;0;0;0;4310;27;Y;Y;N;N;N;N;Y
920194;600;604;2011/2012;complete;56997;22;-1;;21,59,63;0;3;3;-1;-1;-1;-1;-1;4;2;0;1;-1;-1;-1;-1;-1;-1;-1;-1;-1;-1;4;4;0;0;0;0;0;0;0;0;0;0;0;0;0;0;0;0;0;0;0;0;0;0;0;0;0;0;0;0;0;0;0;0;0;0;0;0;0;0;0;0;0;0;0;0;0;0;0;0;0;0;0;0;0;0;0;0;0;0;0;0;0;0;0;0;0;0;0;0;3;0;1;0;2;2;1;2012-02-25 10:45:00;604;0;43;19;24;0;-1;1;-1;-1;-1;-1;-1;-1;1;0;3;3;1;6;-1;0;0;0;0;0;0;0;0;0;0;0;0;0;1;1;0;0;-1;-1;0;0;-1;-1;-1;-1;-1;-1;-1;-1;-1;15;29;39;81;100;33;81;77;34;0;0;3.98;2.73;Perth Glory FC;Brisbane Roar;2.07;1.87;1.9;1.45;1.55;1.73;86;71;62;20;0;0;0;0;0;0;0;4310;30;Y;Y;Y;N;N;N;N
920196;602;603;2011/2012;complete;56997;22;-1;50;;1;0;1;-1;-1;-1;-1;-1;5;3;0;0;-1;-1;-1;-1;-1;-1;-1;-1;-1;-1;5;3;0;0;0;0;0;0;0;0;0;0;0;0;0;0;0;0;0;0;0;0;0;0;0;0;0;0;0;0;0;0;0;0;0;0;0;0;0;0;0;0;0;0;0;0;0;0;0;0;0;0;0;0;0;0;0;0;0;0;0;0;0;0;0;0;0;0;0;0;1;0;0;1;0;1;0;2012-02-26 06:00:00;602;0;55;18;36;0;-1;1;-1;-1;-1;-1;-1;-1;3;2;2;1;5;3;-1;0;0;0;0;0;0;0;0;0;0;0;0;0;1;1;0;0;-1;-1;0;0;-1;-1;-1;-1;-1;-1;-1;-1;-1;14;27;55;64;96;27;60;82;41;0;0;3.91;2.59;Melbourne City FC;Central Coast Mariners;1.43;1.67;1.36;2;1.36;2;87;73;46;36;5;0;0;0;0;0;0;4310;28;Y;N;N;N;N;N;N
920198;601;600;2011/2012;complete;56997;23;-1;;6,24;0;2;2;-1;-1;-1;-1;-1;2;2;1;0;-1;-1;-1;-1;-1;-1;-1;-1;-1;-1;4;2;0;0;0;0;0;0;0;0;0;0;0;0;0;0;0;0;0;0;0;0;0;0;0;0;0;0;0;0;0;0;0;0;0;0;0;0;0;0;0;0;0;0;0;0;0;0;0;0;0;0;0;0;0;0;0;0;0;0;0;0;0;0;0;0;0;0;0;0;2;0;2;0;0;0;2;2012-03-01 09:00:00;600;0;56;13;32;0;-1;1;-1;-1;-1;-1;-1;-1;1;1;2;1;2;3;-1;0;0;0;0;0;0;0;0;0;0;0;0;0;1;1;0;1;-1;-1;1;0;-1;-1;-1;-1;-1;-1;-1;-1;-1;0;13;56;84;96;37;61;80;36;0;0;4.96;2.48;Adelaide United;Perth Glory FC;0.93;1.19;1;1.25;1;1.48;100;88;44;16;4;0;0;0;0;0;0;4310;27;Y;Y;N;N;N;N;N
920199;604;602;2011/2012;complete;56997;23;-1;33;50;1;1;2;-1;-1;-1;-1;-1;1;5;0;0;-1;-1;-1;-1;-1;-1;-1;-1;-1;-1;1;5;0;0;0;0;0;0;0;0;0;0;0;0;0;0;0;0;0;0;0;0;0;0;0;0;0;0;0;0;0;0;0;0;0;0;0;0;0;0;0;0;0;0;0;0;0;0;0;0;0;0;0;0;0;0;0;0;0;0;0;0;0;0;0;0;0;0;0;0;2;1;0;0;1;1;1;2012-03-02 09:00:00;-1;0;69;32;18;0;-1;1;-1;-1;-1;-1;-1;-1;0;1;1;4;1;5;-1;0;0;0;0;0;0;0;0;0;0;0;0;0;1;1;0;0;-1;-1;0;0;-1;-1;-1;-1;-1;-1;-1;-1;-1;14;36;73;87;96;55;87;82;50;0;0;2.91;3.18;Brisbane Roar;Melbourne City FC;2;1.21;2;1.36;1.78;1.43;87;64;27;14;5;0;0;0;0;0;0;4310;28;Y;Y;N;N;N;N;Y
920201;607;605;2011/2012;complete;56997;23;-1;24;20,29,39;1;3;4;-1;-1;-1;-1;-1;1;2;1;0;-1;-1;-1;-1;-1;-1;-1;-1;-1;-1;2;2;0;0;0;0;0;0;0;0;0;0;0;0;0;0;0;0;0;0;0;0;0;0;0;0;0;0;0;0;0;0;0;0;0;0;0;0;0;0;0;0;0;0;0;0;0;0;0;0;0;0;0;0;0;0;0;0;0;0;0;0;0;0;0;0;0;0;0;0;4;1;3;0;0;0;4;2012-03-03 06:30:00;605;0;67;13;42;0;-1;1;-1;-1;-1;-1;-1;-1;0;1;2;1;1;3;-1;0;0;0;0;0;0;0;1;0;1;0;0;0;1;1;0;0;-1;-1;0;0;-1;-1;-1;-1;-1;-1;-1;-1;-1;13;34;50;83;88;30;67;79;50;0;0;4.5;2.84;Melbourne Victory FC;Newcastle Jets FC;1.64;0.86;1.67;0.75;1.13;1.35;88;67;50;17;13;0;0;0;0;0;0;4310;27;Y;Y;Y;Y;N;N;Y
920203;603;606;2011/2012;complete;56997;23;-1;90;56;1;1;2;-1;-1;-1;-1;-1;2;3;0;0;-1;-1;-1;-1;-1;-1;-1;-1;-1;-1;2;3;0;0;0;0;0;0;0;0;0;0;0;0;0;0;0;0;0;0;0;0;0;0;0;0;0;0;0;0;0;0;0;0;0;0;0;0;0;0;0;0;0;0;0;0;0;0;0;0;0;0;0;0;0;0;0;0;0;0;0;0;0;0;0;0;0;0;0;0;2;0;0;1;1;2;0;2012-03-03 08:45:00;-1;0;59;14;27;0;-1;1;-1;-1;-1;-1;-1;-1;0;3;2;0;3;2;-1;0;0;0;0;0;0;0;0;0;0;0;0;0;1;1;0;0;-1;-1;0;0;-1;-1;-1;-1;-1;-1;-1;-1;-1;9;18;46;78;82;23;69;69;55;0;0;4.73;2.37;Central Coast Mariners;Sydney FC;1.8;1.29;2;1.45;1.91;1.3;91;82;55;23;18;0;0;0;0;0;0;4310;28;Y;Y;N;N;N;N;Y
920205;609;6426;2011/2012;complete;56997;23;-1;29,90;;2;0;2;-1;-1;-1;-1;-1;1;0;0;0;-1;-1;-1;-1;-1;-1;-1;-1;-1;-1;1;0;0;0;0;0;0;0;0;0;0;0;0;0;0;0;0;0;0;0;0;0;0;0;0;0;0;0;0;0;0;0;0;0;0;0;0;0;0;0;0;0;0;0;0;0;0;0;0;0;0;0;0;0;0;0;0;0;0;0;0;0;0;0;0;0;0;0;0;0;2;1;0;1;0;1;1;2012-03-04 03:30:00;609;0;56;13;48;0;-1;1;-1;-1;-1;-1;-1;-1;1;0;0;0;1;0;-1;0;0;0;0;0;0;0;0;0;0;0;0;0;1;1;0;0;-1;-1;0;0;-1;-1;-1;-1;-1;-1;-1;-1;-1;20;28;56;84;96;20;65;96;60;0;0;5.29;2.96;Wellington Phoenix;Gold Coast United FC;1.87;0.47;1.83;0.46;1.57;0.74;80;72;44;16;4;0;0;0;0;0;0;4310;27;Y;Y;N;N;N;N;N
920207;605;6426;2011/2012;complete;56997;24;-1;90;25;1;1;2;-1;-1;-1;-1;-1;2;3;0;0;-1;-1;-1;-1;-1;-1;-1;-1;-1;-1;2;3;0;0;0;0;0;0;0;0;0;0;0;0;0;0;0;0;0;0;0;0;0;0;0;0;0;0;0;0;0;0;0;0;0;0;0;0;0;0;0;0;0;0;0;0;0;0;0;0;0;0;0;0;0;0;0;0;0;0;0;0;0;0;0;0;0;0;0;0;2;0;1;1;0;1;1;2012-03-09 09:00:00;-1;0;53;13;34;0;-1;1;-1;-1;-1;-1;-1;-1;1;1;1;2;2;3;-1;0;0;0;0;0;0;0;0;0;0;0;0;0;1;1;0;0;-1;-1;0;0;-1;-1;-1;-1;-1;-1;-1;-1;-1;20;28;56;80;97;21;74;83;60;0;0;5.07;2.8;Newcastle Jets FC;Gold Coast United FC;1.77;0.47;2;0.43;1.42;0.71;81;72;44;21;4;0;0;0;0;0;0;4310;27;Y;Y;N;N;N;N;Y
920209;602;609;2011/2012;complete;56997;24;-1;33;81;1;1;2;-1;-1;-1;-1;-1;1;3;0;0;-1;-1;-1;-1;-1;-1;-1;-1;-1;-1;1;3;0;0;0;0;0;0;0;0;0;0;0;0;0;0;0;0;0;0;0;0;0;0;0;0;0;0;0;0;0;0;0;0;0;0;0;0;0;0;0;0;0;0;0;0;0;0;0;0;0;0;0;0;0;0;0;0;0;0;0;0;0;0;0;0;0;0;0;0;2;1;0;0;1;1;1;2012-03-10 06:30:00;-1;0;43;18;17;0;-1;1;-1;-1;-1;-1;-1;-1;1;3;0;0;4;0;-1;0;0;0;0;0;0;0;0;0;0;0;0;0;1;1;0;0;-1;-1;0;0;-1;-1;-1;-1;-1;-1;-1;-1;-1;4;13;30;57;96;22;62;69;26;0;0;3.98;2;Melbourne City FC;Wellington Phoenix;1.43;1.07;1.5;1.27;1.42;1.63;96;87;70;44;4;0;0;0;0;0;0;4310;28;Y;Y;N;N;N;N;Y
920210;606;607;2011/2012;complete;56997;24;-1;33;;1;0;1;-1;-1;-1;-1;-1;1;3;0;0;-1;-1;-1;-1;-1;-1;-1;-1;-1;-1;1;3;0;0;0;0;0;0;0;0;0;0;0;0;0;0;0;0;0;0;0;0;0;0;0;0;0;0;0;0;0;0;0;0;0;0;0;0;0;0;0;0;0;0;0;0;0;0;0;0;0;0;0;0;0;0;0;0;0;0;0;0;0;0;0;0;0;0;0;0;1;1;0;0;0;0;1;2012-03-10 08:45:00;606;0;61;22;43;0;-1;1;-1;-1;-1;-1;-1;-1;1;2;0;1;3;1;-1;0;0;0;0;0;0;0;1;0;1;0;0;0;1;1;0;0;-1;-1;0;0;-1;-1;-1;-1;-1;-1;-1;-1;-1;26;44;57;78;91;39;74;79;57;0;0;5.22;3.04;Sydney FC;Melbourne Victory FC;1.43;0.46;1.17;0.55;1.29;1.08;74;57;44;22;9;0;0;0;0;0;0;4310;27;Y;N;N;N;N;N;N
920212;604;601;2011/2012;complete;56997;24;-1;70;15;1;1;2;-1;-1;-1;-1;-1;1;3;0;0;-1;-1;-1;-1;-1;-1;-1;-1;-1;-1;1;3;0;0;0;0;0;0;0;0;0;0;0;0;0;0;0;0;0;0;0;0;0;0;0;0;0;0;0;0;0;0;0;0;0;0;0;0;0;0;0;0;0;0;0;0;0;0;0;0;0;0;0;0;0;0;0;0;0;0;0;0;0;0;0;0;0;0;0;0;2;0;1;1;0;1;1;2012-03-11 06:00:00;-1;0;74;37;15;0;-1;1;-1;-1;-1;-1;-1;-1;0;3;1;0;3;1;-1;0;0;0;0;0;0;0;0;0;0;0;0;0;1;1;0;0;-1;-1;0;0;-1;-1;-1;-1;-1;-1;-1;-1;-1;19;37;59;82;100;49;86;83;42;0;0;3.12;3.23;Brisbane Roar;Adelaide United;2;0.92;1.92;1;1.75;0.96;82;64;42;19;0;0;0;0;0;0;0;4310;27;Y;Y;N;N;N;N;Y
920214;600;603;2011/2012;complete;56997;24;-1;25;;1;0;1;-1;-1;-1;-1;-1;3;2;0;0;-1;-1;-1;-1;-1;-1;-1;-1;-1;-1;3;2;0;0;0;0;0;0;0;0;0;0;0;0;0;0;0;0;0;0;0;0;0;0;0;0;0;0;0;0;0;0;0;0;0;0;0;0;0;0;0;0;0;0;0;0;0;0;0;0;0;0;0;0;0;0;0;0;0;0;0;0;0;0;0;0;0;0;0;0;1;1;0;0;0;0;1;2012-03-11 08:30:00;600;0;43;18;30;0;-1;1;-1;-1;-1;-1;-1;-1;0;0;3;2;0;5;-1;0;0;0;0;0;0;0;0;0;0;0;0;0;1;1;0;0;-1;-1;0;0;-1;-1;-1;-1;-1;-1;-1;-1;-1;18;35;57;66;100;30;70;83;39;0;0;4;2.83;Perth Glory FC;Central Coast Mariners;2.07;1.67;1.73;1.83;1.54;1.88;83;66;44;35;0;0;0;0;0;0;0;4310;30;Y;N;N;N;N;N;N
920216;607;609;2011/2012;complete;56997;25;-1;11,58,89;;3;0;3;-1;-1;-1;-1;-1;1;4;0;0;-1;-1;-1;-1;-1;-1;-1;-1;-1;-1;1;4;0;0;0;0;0;0;0;0;0;0;0;0;0;0;0;0;0;0;0;0;0;0;0;0;0;0;0;0;0;0;0;0;0;0;0;0;0;0;0;0;0;0;0;0;0;0;0;0;0;0;0;0;0;0;0;0;0;0;0;0;0;0;0;0;0;0;0;0;3;1;0;2;0;2;1;2012-03-16 09:00:00;607;0;64;24;19;0;-1;1;-1;-1;-1;-1;-1;-1;0;2;1;2;2;3;-1;0;0;0;0;0;0;0;0;0;0;0;0;0;1;1;0;0;-1;-1;0;0;-1;-1;-1;-1;-1;-1;-1;-1;-1;4;27;40;72;93;36;69;64;27;0;0;4.37;2.34;Melbourne Victory FC;Wellington Phoenix;1.64;1.07;1.54;1.25;1.04;1.6;96;73;61;29;8;0;0;0;0;0;0;4310;27;Y;Y;Y;N;N;N;N
920218;603;601;2011/2012;complete;56997;25;-1;47;;1;0;1;-1;-1;-1;-1;-1;0;4;0;0;-1;-1;-1;-1;-1;-1;-1;-1;-1;-1;0;4;0;0;0;0;0;0;0;0;0;0;0;0;0;0;0;0;0;0;0;0;0;0;0;0;0;0;0;0;0;0;0;0;0;0;0;0;0;0;0;0;0;0;0;0;0;0;0;0;0;0;0;0;0;0;0;0;0;0;0;0;0;0;0;0;0;0;0;0;1;0;0;1;0;1;0;2012-03-17 06:30:00;603;0;66;27;26;0;-1;1;-1;-1;-1;-1;-1;-1;0;1;0;3;1;3;-1;0;0;0;0;0;0;0;0;0;0;0;0;0;1;1;0;0;-1;-1;0;0;-1;-1;-1;-1;-1;-1;-1;-1;-1;13;27;35;83;92;31;70;79;44;0;0;4.44;2.63;Central Coast Mariners;Adelaide United;1.8;0.92;1.92;1;1.8;0.96;87;74;65;18;9;0;0;0;0;0;0;4310;27;Y;N;N;N;N;N;N
920219;605;604;2011/2012;complete;56997;25;-1;39;13,82;1;2;3;-1;-1;-1;-1;-1;3;2;0;0;-1;-1;-1;-1;-1;-1;-1;-1;-1;-1;3;2;0;0;0;0;0;0;0;0;0;0;0;0;0;0;0;0;0;0;0;0;0;0;0;0;0;0;0;0;0;0;0;0;0;0;0;0;0;0;0;0;0;0;0;0;0;0;0;0;0;0;0;0;0;0;0;0;0;0;0;0;0;0;0;0;0;0;0;0;3;1;1;0;1;1;2;2012-03-17 06:30:00;604;0;50;17;17;0;-1;1;-1;-1;-1;-1;-1;-1;1;0;2;2;1;4;-1;0;0;0;0;0;0;0;0;1;0;1;0;0;1;1;0;0;-1;-1;0;0;-1;-1;-1;-1;-1;-1;-1;-1;-1;13;21;42;84;100;29;88;75;42;0;0;4.91;2.63;Newcastle Jets FC;Brisbane Roar;1.77;1.87;1.92;1.58;1.4;1.72;88;79;59;17;0;0;0;0;0;0;0;4310;27;Y;Y;Y;N;N;N;Y
920221;602;606;2011/2012;complete;56997;25;-1;31,36;66,77;2;2;4;-1;-1;-1;-1;-1;1;0;0;0;-1;-1;-1;-1;-1;-1;-1;-1;-1;-1;1;0;0;0;0;0;0;0;0;0;0;0;0;0;0;0;0;0;0;0;0;0;0;0;0;0;0;0;0;0;0;0;0;0;0;0;0;0;0;0;0;0;0;0;0;0;0;0;0;0;0;0;0;0;0;0;0;0;0;0;0;0;0;0;0;0;0;0;0;0;4;2;0;0;2;2;2;2012-03-17 08:45:00;-1;0;65;12;37;0;-1;1;-1;-1;-1;-1;-1;-1;0;0;1;0;0;1;-1;0;0;0;0;0;0;0;0;0;0;0;0;0;1;1;0;0;-1;-1;0;0;-1;-1;-1;-1;-1;-1;-1;-1;-1;8;16;48;69;88;16;61;80;57;0;0;4.73;2.33;Melbourne City FC;Sydney FC;1.43;1.29;1.46;1.42;1.4;1.36;92;84;52;32;13;0;0;0;0;0;0;4310;28;Y;Y;Y;Y;N;N;Y
920223;6426;600;2011/2012;complete;56997;25;-1;7,83,90;;3;0;3;-1;-1;-1;-1;-1;3;2;0;1;-1;-1;-1;-1;-1;-1;-1;-1;-1;-1;3;4;0;0;0;0;0;0;0;0;0;0;0;0;0;0;0;0;0;0;0;0;0;0;0;0;0;0;0;0;0;0;0;0;0;0;0;0;0;0;0;0;0;0;0;0;0;0;0;0;0;0;0;0;0;0;0;0;0;0;0;0;0;0;0;0;0;0;0;0;3;1;0;2;0;2;1;2012-03-18 07:30:00;6426;0;62;18;32;0;-1;1;-1;-1;-1;-1;-1;-1;0;2;3;1;2;4;-1;0;0;0;0;0;0;0;0;0;0;0;0;0;1;1;1;0;-1;-1;0;0;-1;-1;-1;-1;-1;-1;-1;-1;-1;5;18;47;78;95;33;65;80;32;0;0;4.26;2.47;Gold Coast United FC;Perth Glory FC;1.17;1.19;1.1;1.38;0.72;1.6;95;83;53;23;5;0;0;0;0;0;0;4310;27;Y;Y;Y;N;N;N;N
920225;601;602;2011/2012;complete;56997;26;-1;38;68;1;1;2;-1;-1;-1;-1;-1;1;2;0;0;-1;-1;-1;-1;-1;-1;-1;-1;-1;-1;1;2;0;0;0;0;0;0;0;0;0;0;0;0;0;0;0;0;0;0;0;0;0;0;0;0;0;0;0;0;0;0;0;0;0;0;0;0;0;0;0;0;0;0;0;0;0;0;0;0;0;0;0;0;0;0;0;0;0;0;0;0;0;0;0;0;0;0;0;0;2;1;0;0;1;1;1;2012-03-23 09:00:00;-1;0;63;16;35;0;-1;1;-1;-1;-1;-1;-1;-1;0;2;1;0;2;1;-1;0;0;0;0;0;0;0;1;0;1;0;0;0;1;1;0;0;-1;-1;0;0;-1;-1;-1;-1;-1;-1;-1;-1;-1;4;20;59;89;93;39;70;86;51;0;0;4.82;2.64;Adelaide United;Melbourne City FC;0.93;1.21;0.93;1.33;0.92;1.38;96;80;42;11;8;0;0;0;0;0;0;4310;27;Y;Y;N;N;N;N;Y
920227;600;607;2011/2012;complete;56997;26;-1;24,48,63,66;22,45;4;2;6;-1;-1;-1;-1;-1;2;3;0;0;-1;-1;-1;-1;-1;-1;-1;-1;-1;-1;2;3;0;0;0;0;0;0;0;0;0;0;0;0;0;0;0;0;0;0;0;0;0;0;0;0;0;0;0;0;0;0;0;0;0;0;0;0;0;0;0;0;0;0;0;0;0;0;0;0;0;0;0;0;0;0;0;0;0;0;0;0;0;0;0;0;0;0;0;0;6;1;2;3;0;3;3;2012-03-24 10:30:00;600;0;46;25;29;0;-1;1;-1;-1;-1;-1;-1;-1;1;1;1;2;2;3;-1;0;0;0;0;0;0;0;1;0;1;0;0;0;1;1;0;0;-1;-1;0;0;-1;-1;-1;-1;-1;-1;-1;-1;-1;21;38;50;67;92;34;75;75;46;0;0;4.75;2.71;Perth Glory FC;Melbourne Victory FC;2.07;0.46;1.83;0.5;1.54;1.12;79;63;50;33;9;0;0;0;0;0;0;4310;27;Y;Y;Y;Y;Y;Y;Y
920229;609;603;2011/2012;complete;56997;26;-1;81;44,53;1;2;3;-1;-1;-1;-1;-1;1;0;0;0;-1;-1;-1;-1;-1;-1;-1;-1;-1;-1;1;0;0;0;0;0;0;0;0;0;0;0;0;0;0;0;0;0;0;0;0;0;0;0;0;0;0;0;0;0;0;0;0;0;0;0;0;0;0;0;0;0;0;0;0;0;0;0;0;0;0;0;0;0;0;0;0;0;0;0;0;0;0;0;0;0;0;0;0;0;3;0;1;1;1;2;1;2012-03-25 03:00:00;603;0;50;15;35;0;-1;1;-1;-1;-1;-1;-1;-1;0;0;1;0;0;1;-1;0;0;0;0;0;0;0;0;0;0;0;0;0;1;1;0;0;-1;-1;0;0;-1;-1;-1;-1;-1;-1;-1;-1;-1;15;27;50;70;100;27;70;89;39;0;0;4.54;2.77;Wellington Phoenix;Central Coast Mariners;1.87;1.67;1.92;1.69;1.54;1.85;85;73;50;31;0;0;0;0;0;0;0;4310;29;Y;Y;Y;N;N;N;Y
920230;606;605;2011/2012;complete;56997;26;-1;11,30,33;26,84;3;2;5;-1;-1;-1;-1;-1;3;2;0;0;-1;-1;-1;-1;-1;-1;-1;-1;-1;-1;3;2;0;0;0;0;0;0;0;0;0;0;0;0;0;0;0;0;0;0;0;0;0;0;0;0;0;0;0;0;0;0;0;0;0;0;0;0;0;0;0;0;0;0;0;0;0;0;0;0;0;0;0;0;0;0;0;0;0;0;0;0;0;0;0;0;0;0;0;0;5;3;1;0;1;1;4;2012-03-25 05:00:00;606;0;54;8;42;0;-1;1;-1;-1;-1;-1;-1;-1;1;1;2;1;2;3;-1;0;0;0;0;0;0;0;0;0;0;0;0;0;1;1;0;0;-1;-1;0;0;-1;-1;-1;-1;-1;-1;-1;-1;-1;19;35;50;81;96;27;81;73;50;0;0;4.38;3.04;Sydney FC;Newcastle Jets FC;1.43;0.86;1.31;0.92;1.35;1.35;81;66;50;19;4;0;0;0;0;0;0;4310;27;Y;Y;Y;Y;Y;N;Y
920232;6426;604;2011/2012;complete;56997;26;-1;30;57,90;1;2;3;-1;-1;-1;-1;-1;1;1;0;0;-1;-1;-1;-1;-1;-1;-1;-1;-1;-1;1;1;0;0;0;0;0;0;0;0;0;0;0;0;0;0;0;0;0;0;0;0;0;0;0;0;0;0;0;0;0;0;0;0;0;0;0;0;0;0;0;0;0;0;0;0;0;0;0;0;0;0;0;0;0;0;0;0;0;0;0;0;0;0;0;0;0;0;0;0;3;1;0;0;2;2;1;2012-03-25 07:30:00;604;0;55;21;26;0;-1;1;-1;-1;-1;-1;-1;-1;0;0;1;1;0;2;-1;0;0;0;0;0;0;0;0;0;0;0;0;0;1;1;0;0;-1;-1;0;0;-1;-1;-1;-1;-1;-1;-1;-1;-1;9;17;42;83;96;28;75;84;38;0;0;4.22;2.54;Gold Coast United FC;Brisbane Roar;1.17;1.87;1.27;1.69;0.81;1.77;92;84;59;18;5;0;0;0;0;0;0;4310;27;Y;Y;Y;N;N;N;Y
920235;609;606;2011/2012;complete;56998;0;-1;47,80,87;81,84;3;2;5;-1;-1;-1;-1;-1;3;3;0;0;-1;-1;-1;-1;-1;-1;-1;-1;-1;-1;3;3;0;0;0;0;0;0;0;0;0;0;0;0;0;0;0;0;0;0;0;0;0;0;0;0;0;0;0;0;0;0;0;0;0;0;0;0;0;0;0;0;0;0;0;0;0;0;0;0;0;0;0;0;0;0;0;0;0;0;0;0;0;0;0;0;0;0;0;0;5;0;0;3;2;5;0;2012-03-30 07:00:00;609;1;58;11;41;0;-1;1;-1;-1;-1;-1;-1;-1;2;2;1;1;4;2;-1;0;0;0;0;0;0;0;1;0;1;0;0;0;1;1;0;0;-1;-1;0;0;-1;-1;-1;-1;-1;-1;-1;-1;-1;13;24;48;76;97;26;78;78;48;0;0;4.66;2.69;Wellington Phoenix;Sydney FC;1.48;1.36;1.48;1.41;1.48;1.41;87;76;52;24;4;0;0;0;0;0;0;4310;28;Y;Y;Y;Y;Y;N;Y
920236;604;603;2011/2012;complete;56998;0;-1;9,86;;2;0;2;-1;-1;-1;-1;-1;2;4;0;0;-1;-1;-1;-1;-1;-1;-1;-1;-1;-1;2;4;0;0;0;0;0;0;0;0;0;0;0;0;0;0;0;0;0;0;0;0;0;0;0;0;0;0;0;0;0;0;0;0;0;0;0;0;0;0;0;0;0;0;0;0;0;0;0;0;0;0;0;0;0;0;0;0;0;0;0;0;0;0;0;0;0;0;0;0;2;1;0;1;0;1;1;2012-03-31 06:30:00;604;1;54;23;18;0;-1;1;-1;-1;-1;-1;-1;-1;2;2;0;2;4;2;-1;0;0;0;0;0;0;0;0;0;0;0;0;0;1;1;1;0;-1;-1;1;1;-1;-1;-1;-1;-1;-1;-1;-1;-1;11;22;47;78;97;35;74;76;35;0;0;3.52;2.63;Brisbane Roar;Central Coast Mariners;1.93;1.73;1.81;1.89;1.81;1.89;89;78;54;22;4;0;0;0;0;0;0;4310;30;Y;Y;N;N;N;N;N
920238;600;602;2011/2012;complete;56998;0;-1;65,72,90;;3;0;3;-1;-1;-1;-1;-1;0;1;0;0;-1;-1;-1;-1;-1;-1;-1;-1;-1;-1;0;1;0;0;0;0;0;0;0;0;0;0;0;0;0;0;0;0;0;0;0;0;0;0;0;0;0;0;0;0;0;0;0;0;0;0;0;0;0;0;0;0;0;0;0;0;0;0;0;0;0;0;0;0;0;0;0;0;0;0;0;0;0;0;0;0;0;0;0;0;3;0;0;3;0;3;0;2012-04-01 09:00:00;600;1;56;23;27;0;-1;1;-1;-1;-1;-1;-1;-1;0;1;0;0;1;0;-1;0;0;0;0;0;0;0;0;0;0;0;0;0;1;1;0;0;-1;-1;0;0;-1;-1;-1;-1;-1;-1;-1;-1;-1;9;26;54;78;97;34;74;82;43;0;0;4.48;2.67;Perth Glory FC;Melbourne City FC;1.61;1.32;1.59;1.37;1.59;1.37;91;74;46;22;4;0;0;0;0;0;0;4310;28;Y;Y;Y;N;N;N;N
920241;600;609;2011/2012;complete;56999;0;-1;14,72;47,55;2;2;4;-1;-1;-1;-1;-1;2;3;0;0;-1;-1;-1;-1;-1;-1;-1;-1;-1;-1;2;3;0;0;0;0;0;0;0;0;0;0;0;0;0;0;0;0;0;0;0;0;0;0;0;0;0;0;0;0;0;0;0;0;0;0;0;0;0;0;0;0;0;0;0;0;0;0;0;0;0;0;0;0;0;0;0;0;0;0;0;0;0;0;0;0;0;0;0;0;5;1;0;2;2;4;1;2012-04-07 09:30:00;600;1;47;18;11;0;-1;1;-1;-1;-1;-1;-1;-1;0;2;2;1;2;3;-1;0;0;0;0;0;0;0;0;0;0;0;0;0;1;1;0;0;-1;-1;0;0;-1;-1;-1;-1;-1;-1;-1;-1;-1;11;22;48;77;100;29;75;79;38;0;0;4.5;2.67;Perth Glory FC;Wellington Phoenix;1.61;1.48;1.64;1.54;1.64;1.54;89;79;52;23;0;0;0;0;0;0;0;4310;29;Y;Y;Y;Y;Y;N;Y
920242;603;604;2011/2012;complete;56999;0;-1;30,33;2,26,67;2;3;5;-1;-1;-1;-1;-1;5;1;0;0;-1;-1;-1;-1;-1;-1;-1;-1;-1;-1;5;1;0;0;0;0;0;0;0;0;0;0;0;0;0;0;0;0;0;0;0;0;0;0;0;0;0;0;0;0;0;0;0;0;0;0;0;0;0;0;0;0;0;0;0;0;0;0;0;0;0;0;0;0;0;0;0;0;0;0;0;0;0;0;0;0;0;0;0;0;5;2;2;0;1;1;4;2012-04-08 07:00:00;604;1;52;18;19;0;-1;1;-1;-1;-1;-1;-1;-1;1;0;4;1;1;5;-1;0;0;0;0;0;0;0;0;0;0;0;0;0;1;1;0;1;-1;-1;0;0;-1;-1;-1;-1;-1;-1;-1;-1;-1;11;21;45;79;97;34;75;77;34;0;0;3.61;2.61;Central Coast Mariners;Brisbane Roar;1.73;1.93;1.82;1.86;1.82;1.86;89;79;56;22;4;0;0;0;0;0;0;4310;30;Y;Y;Y;Y;Y;N;Y
920244;604;600;2011/2012;complete;56999;0;-1;84,90;53;2;1;3;-1;-1;-1;-1;-1;1;5;0;1;-1;-1;-1;-1;-1;-1;-1;-1;-1;-1;1;6;0;0;0;0;0;0;0;0;0;0;0;0;0;0;0;0;0;0;0;0;0;0;0;0;0;0;0;0;0;0;0;0;0;0;0;0;0;0;0;0;0;0;0;0;0;0;0;0;0;0;0;0;0;0;0;0;0;0;0;0;0;0;0;0;0;0;0;0;3;0;0;2;1;3;0;2012-04-22 06:00:00;604;1;53;25;10;0;-1;1;-1;-1;-1;-1;-1;-1;0;1;1;5;1;6;-1;0;0;0;0;0;0;0;1;0;1;0;0;0;1;1;0;0;-1;-1;0;1;-1;-1;-1;-1;-1;-1;-1;-1;-1;14;26;55;85;100;41;84;76;36;0;0;3.89;2.88;Brisbane Roar;Perth Glory FC;1.93;1.61;1.9;1.67;1.9;1.67;87;75;46;15;0;0;0;0;0;0;0;4310;30;Y;Y;Y;N;N;N;Y
1125185;603;600;2011/2012;complete;60686;0;-1;34;37;1;1;2;-1;-1;-1;-1;-1;1;4;0;0;-1;-1;-1;-1;-1;-1;-1;-1;-1;-1;1;4;0;0;0;0;0;0;0;0;0;0;0;0;0;0;0;0;0;0;0;0;0;0;0;0;0;0;0;0;0;0;0;0;0;0;0;0;0;0;0;0;0;0;0;0;0;0;0;0;0;0;0;0;0;0;0;0;0;0;0;0;0;0;0;0;0;0;0;0;2;1;1;0;0;0;2;2012-04-14 07:00:00;-1;1;47;18;21;0;-1;1;-1;-1;-1;-1;-1;-1;1;0;0;4;1;4;-1;0;0;0;0;0;0;0;0;0;0;0;0;0;1;1;0;0;-1;-1;1;0;-1;-1;-1;-1;-1;-1;-1;-1;-1;14;26;50;74;97;31;69;76;38;0;0;4.34;2.66;Central Coast Mariners;Perth Glory FC;1.73;1.61;1.76;1.69;1.76;1.69;86;74;50;26;4;0;0;0;0;0;0;4310;30;Y;Y;N;N;N;N;Y
