ID;HOMEID;AWAYID;SEASON;STATUS;ROUNDID;GAME_WEEK;REVISED_GAME_WEEK;HOMEGOALS;AWAYGOALS;HOMEGOALCOUNT;AWAYGOALCOUNT;TOTALGOALCOUNT;TEAM_A_CORNERS;TEAM_B_CORNERS;TOTALCORNERCOUNT;TEAM_A_OFFSIDES;TEAM_B_OFFSIDES;TEAM_A_YELLOW_CARDS;TEAM_B_YELLOW_CARDS;TEAM_A_RED_CARDS;TEAM_B_RED_CARDS;TEAM_A_SHOTSONTARGET;TEAM_B_SHOTSONTARGET;TEAM_A_SHOTSOFFTARGET;TEAM_B_SHOTSOFFTARGET;TEAM_A_SHOTS;TEAM_B_SHOTS;TEAM_A_FOULS;TEAM_B_FOULS;TEAM_A_POSSESSION;TEAM_B_POSSESSION;TEAM_A_CARDS_NUM;TEAM_B_CARDS_NUM;ODDS_FT_1;ODDS_FT_X;ODDS_FT_2;ODDS_FT_OVER05;ODDS_FT_OVER15;ODDS_FT_OVER25;ODDS_FT_OVER35;ODDS_FT_OVER45;ODDS_FT_UNDER05;ODDS_FT_UNDER15;ODDS_FT_UNDER25;ODDS_FT_UNDER35;ODDS_FT_UNDER45;ODDS_BTTS_YES;ODDS_BTTS_NO;ODDS_TEAM_A_CS_YES;ODDS_TEAM_A_CS_NO;ODDS_TEAM_B_CS_YES;ODDS_TEAM_B_CS_NO;ODDS_DOUBLECHANCE_1X;ODDS_DOUBLECHANCE_12;ODDS_DOUBLECHANCE_X2;ODDS_1ST_HALF_RESULT_1;ODDS_1ST_HALF_RESULT_X;ODDS_1ST_HALF_RESULT_2;ODDS_2ND_HALF_RESULT_1;ODDS_2ND_HALF_RESULT_X;ODDS_2ND_HALF_RESULT_2;ODDS_DNB_1;ODDS_DNB_2;ODDS_CORNERS_OVER_75;ODDS_CORNERS_OVER_85;ODDS_CORNERS_OVER_95;ODDS_CORNERS_OVER_105;ODDS_CORNERS_OVER_115;ODDS_CORNERS_UNDER_75;ODDS_CORNERS_UNDER_85;ODDS_CORNERS_UNDER_95;ODDS_CORNERS_UNDER_105;ODDS_CORNERS_UNDER_115;ODDS_CORNERS_1;ODDS_CORNERS_X;ODDS_CORNERS_2;ODDS_TEAM_TO_SCORE_FIRST_1;ODDS_TEAM_TO_SCORE_FIRST_X;ODDS_TEAM_TO_SCORE_FIRST_2;ODDS_WIN_TO_NIL_1;ODDS_WIN_TO_NIL_2;ODDS_1ST_HALF_OVER05;ODDS_1ST_HALF_OVER15;ODDS_1ST_HALF_OVER25;ODDS_1ST_HALF_OVER35;ODDS_1ST_HALF_UNDER05;ODDS_1ST_HALF_UNDER15;ODDS_1ST_HALF_UNDER25;ODDS_1ST_HALF_UNDER35;ODDS_2ND_HALF_OVER05;ODDS_2ND_HALF_OVER15;ODDS_2ND_HALF_OVER25;ODDS_2ND_HALF_OVER35;ODDS_2ND_HALF_UNDER05;ODDS_2ND_HALF_UNDER15;ODDS_2ND_HALF_UNDER25;ODDS_2ND_HALF_UNDER35;ODDS_BTTS_1ST_HALF_YES;ODDS_BTTS_1ST_HALF_NO;ODDS_BTTS_2ND_HALF_YES;ODDS_BTTS_2ND_HALF_NO;OVERALLGOALCOUNT;HT_GOALS_TEAM_A;HT_GOALS_TEAM_B;GOALS_2HG_TEAM_A;GOALS_2HG_TEAM_B;GOALCOUNT_2HG;HTGOALCOUNT;DATE_UNIX;WINNINGTEAM;NO_HOME_AWAY;BTTS_POTENTIAL;BTTS_FHG_POTENTIAL;BTTS_2HG_POTENTIAL;GOALTIMINGDISABLED;CORNER_TIMINGS_RECORDED;CARD_TIMINGS_RECORDED;TEAM_A_FH_CORNERS;TEAM_B_FH_CORNERS;TEAM_A_2H_CORNERS;TEAM_B_2H_CORNERS;CORNER_FH_COUNT;CORNER_2H_COUNT;TEAM_A_FH_CARDS;TEAM_B_FH_CARDS;TEAM_A_2H_CARDS;TEAM_B_2H_CARDS;TOTAL_FH_CARDS;TOTAL_2H_CARDS;ATTACKS_RECORDED;TEAM_A_DANGEROUS_ATTACKS;TEAM_B_DANGEROUS_ATTACKS;TEAM_A_ATTACKS;TEAM_B_ATTACKS;TEAM_A_XG;TEAM_B_XG;TOTAL_XG;TEAM_A_PENALTIES_WON;TEAM_B_PENALTIES_WON;TEAM_A_PENALTY_GOALS;TEAM_B_PENALTY_GOALS;TEAM_A_PENALTY_MISSED;TEAM_B_PENALTY_MISSED;PENS_RECORDED;GOAL_TIMINGS_RECORDED;TEAM_A_0_10_MIN_GOALS;TEAM_B_0_10_MIN_GOALS;TEAM_A_CORNERS_0_10_MIN;TEAM_B_CORNERS_0_10_MIN;TEAM_A_CARDS_0_10_MIN;TEAM_B_CARDS_0_10_MIN;THROWINS_RECORDED;TEAM_A_THROWINS;TEAM_B_THROWINS;FREEKICKS_RECORDED;TEAM_A_FREEKICKS;TEAM_B_FREEKICKS;GOALKICKS_RECORDED;TEAM_A_GOALKICKS;TEAM_B_GOALKICKS;O45_POTENTIAL;O35_POTENTIAL;O25_POTENTIAL;O15_POTENTIAL;O05_POTENTIAL;O15HT_POTENTIAL;O05HT_POTENTIAL;O05_2H_POTENTIAL;O15_2H_POTENTIAL;CORNERS_POTENTIAL;OFFSIDES_POTENTIAL;CARDS_POTENTIAL;AVG_POTENTIAL;HOME_NAME;AWAY_NAME;HOME_PPG;AWAY_PPG;PRE_MATCH_HOME_PPG;PRE_MATCH_AWAY_PPG;PRE_MATCH_TEAMA_OVERALL_PPG;PRE_MATCH_TEAMB_OVERALL_PPG;U45_POTENTIAL;U35_POTENTIAL;U25_POTENTIAL;U15_POTENTIAL;U05_POTENTIAL;CORNERS_O85_POTENTIAL;CORNERS_O95_POTENTIAL;CORNERS_O105_POTENTIAL;TEAM_A_XG_PREMATCH;TEAM_B_XG_PREMATCH;TOTAL_XG_PREMATCH;COMPETITION_ID;MATCHES_COMPLETED_MINIMUM;OVER05;OVER15;OVER25;OVER35;OVER45;OVER55;BTTS
32669;608;604;2015/2016;complete;140;1;-1;13;9,23,34;1;3;4;8;6;14;6;1;1;2;0;0;6;2;11;4;17;6;15;11;54;46;1;2;2.52;3.43;2.97;0;0;0;0;0;0;0;0;0;0;0;0;0;0;0;0;0;0;0;0;0;0;0;0;0;0;0;0;0;0;0;0;0;0;0;0;0;0;0;0;0;0;0;0;0;0;0;0;0;0;0;0;0;0;0;0;0;0;0;0;0;0;0;0;0;4;1;3;0;0;0;4;2015-10-08 09:00:00;604;0;0;0;0;0;-1;1;-1;-1;-1;-1;-1;-1;0;0;1;2;0;3;-1;0;0;0;0;0;0;0;0;0;0;0;0;0;1;1;0;1;-1;-1;0;0;-1;-1;-1;-1;-1;-1;-1;-1;-1;0;0;0;0;0;0;0;0;0;0;0;0;0;Western Sydney Wanderers;Brisbane Roar;2.07;0.93;0;0;0;0;0;0;0;0;0;0;0;0;0;0;0;97;29;Y;Y;Y;Y;N;N;Y
32670;601;607;2015/2016;complete;140;1;-1;;;0;0;0;2;6;8;0;8;4;2;0;1;3;4;6;6;9;10;16;20;54;46;4;3;2.7;3.52;2.7;0;0;0;0;0;0;0;0;0;0;0;0;0;0;0;0;0;0;0;0;0;0;0;0;0;0;0;0;0;0;0;0;0;0;0;0;0;0;0;0;0;0;0;0;0;0;0;0;0;0;0;0;0;0;0;0;0;0;0;0;0;0;0;0;0;0;0;0;0;0;0;0;2015-10-09 08:40:00;-1;0;0;0;0;0;-1;1;-1;-1;-1;-1;-1;-1;2;1;2;2;3;4;-1;0;0;0;0;0;0;0;0;0;0;0;0;0;1;1;0;0;-1;-1;0;0;-1;-1;-1;-1;-1;-1;-1;-1;-1;0;0;0;0;0;0;0;0;0;0;0;0;0;Adelaide United;Melbourne Victory FC;2.07;1;0;0;0;0;0;0;0;0;0;0;0;0;0;0;0;97;28;N;N;N;N;N;N;N
32671;603;600;2015/2016;complete;140;1;-1;9,58,67;23,90;3;2;5;8;2;10;0;3;2;4;0;0;8;11;9;3;17;14;18;15;65;35;2;4;2.69;3.35;2.81;0;0;0;0;0;0;0;0;0;0;0;0;0;0;0;0;0;0;0;0;0;0;0;0;0;0;0;0;0;0;0;0;0;0;0;0;0;0;0;0;0;0;0;0;0;0;0;0;0;0;0;0;0;0;0;0;0;0;0;0;0;0;0;0;0;5;1;1;2;1;3;2;2015-10-10 06:15:00;603;0;0;0;0;0;-1;1;-1;-1;-1;-1;-1;-1;2;1;0;3;3;3;-1;0;0;0;0;0;0;0;2;0;2;0;0;0;1;1;1;0;-1;-1;0;0;-1;-1;-1;-1;-1;-1;-1;-1;-1;0;0;0;0;0;0;0;0;0;0;0;0;0;Central Coast Mariners;Perth Glory FC;0.64;1.07;0;0;0;0;0;0;0;0;0;0;0;0;0;0;0;97;27;Y;Y;Y;Y;Y;N;Y
32672;606;602;2015/2016;complete;140;1;-1;45;16;1;1;2;5;5;10;1;1;3;4;0;0;13;2;0;1;13;3;17;17;55;45;3;4;2.44;3.46;3.06;0;0;0;0;0;0;0;0;0;0;0;0;0;0;0;0;0;0;0;0;0;0;0;0;0;0;0;0;0;0;0;0;0;0;0;0;0;0;0;0;0;0;0;0;0;0;0;0;0;0;0;0;0;0;0;0;0;0;0;0;0;0;0;0;0;2;1;1;0;0;0;2;2015-10-10 08:30:00;-1;0;0;0;0;0;-1;1;-1;-1;-1;-1;-1;-1;0;1;3;3;1;6;-1;0;0;0;0;0;0;0;0;0;0;0;0;0;1;1;0;0;-1;-1;0;0;-1;-1;-1;-1;-1;-1;-1;-1;-1;0;0;0;0;0;0;0;0;0;0;0;0;0;Sydney FC;Melbourne City FC;1.36;1.07;0;0;0;0;0;0;0;0;0;0;0;0;0;0;0;97;27;Y;Y;N;N;N;N;Y
32673;609;605;2015/2016;complete;140;1;-1;45;30,71;1;2;3;5;4;9;2;4;2;4;0;1;6;3;6;2;12;5;18;26;63;37;2;5;2.07;3.63;3.74;0;0;0;0;0;0;0;0;0;0;0;0;0;0;0;0;0;0;0;0;0;0;0;0;0;0;0;0;0;0;0;0;0;0;0;0;0;0;0;0;0;0;0;0;0;0;0;0;0;0;0;0;0;0;0;0;0;0;0;0;0;0;0;0;0;3;1;1;0;1;1;2;2015-10-11 06:00:00;605;0;0;0;0;0;-1;1;-1;-1;-1;-1;-1;-1;0;0;2;5;0;7;-1;0;0;0;0;0;0;0;1;0;0;0;1;0;1;1;0;0;-1;-1;0;0;-1;-1;-1;-1;-1;-1;-1;-1;-1;0;0;0;0;0;0;0;0;0;0;0;0;0;Wellington Phoenix;Newcastle Jets FC;1.08;1.15;0;0;0;0;0;0;0;0;0;0;0;0;0;0;0;97;27;Y;Y;Y;N;N;N;Y
32674;601;608;2015/2016;complete;140;2;-1;21;83;1;1;2;2;4;6;1;4;2;4;0;0;3;5;1;4;4;9;13;25;56;44;2;4;1.85;3.84;4.42;0;0;0;0;0;0;0;0;0;0;0;0;0;0;0;0;0;0;0;0;0;0;0;0;0;0;0;0;0;0;0;0;0;0;0;0;0;0;0;0;0;0;0;0;0;0;0;0;0;0;0;0;0;0;0;0;0;0;0;0;0;0;0;0;0;2;1;0;0;1;1;1;2015-10-16 08:40:00;-1;0;0;0;0;0;-1;1;-1;-1;-1;-1;-1;-1;0;2;2;2;2;4;-1;0;0;0;0;0;0;0;0;0;0;0;0;0;1;1;0;0;-1;-1;0;0;-1;-1;-1;-1;-1;-1;-1;-1;-1;0;0;0;0;0;0;0;0;0;2;0;4;0;Adelaide United;Western Sydney Wanderers;2.07;1.47;1;0;1;0;50;50;50;50;50;0;0;0;0;0;0;97;29;Y;Y;N;N;N;N;Y
32675;605;606;2015/2016;complete;140;2;-1;;89;0;1;1;1;5;6;6;4;1;1;0;0;2;8;3;4;5;12;7;9;37;63;1;1;3.51;3.62;2.16;0;0;0;0;0;0;0;0;0;0;0;0;0;0;0;0;0;0;0;0;0;0;0;0;0;0;0;0;0;0;0;0;0;0;0;0;0;0;0;0;0;0;0;0;0;0;0;0;0;0;0;0;0;0;0;0;0;0;0;0;0;0;0;0;0;1;0;0;0;1;1;0;2015-10-17 06:15:00;606;0;0;0;0;0;-1;1;-1;-1;-1;-1;-1;-1;1;0;0;1;1;1;-1;0;0;0;0;0;0;0;0;0;0;0;0;0;1;1;0;0;-1;-1;0;0;-1;-1;-1;-1;-1;-1;-1;-1;-1;0;0;0;0;0;0;0;0;0;0;0;0;0;Newcastle Jets FC;Sydney FC;1.07;1.15;0;0;3;1;0;0;0;0;0;0;0;0;0;0;0;97;27;Y;N;N;N;N;N;N
32676;607;602;2015/2016;complete;140;2;-1;23,57,90;68,71;3;2;5;4;2;6;4;4;2;3;0;0;3;5;3;3;6;8;20;17;49;51;2;3;1.95;3.84;3.96;0;0;0;0;0;0;0;0;0;0;0;0;0;0;0;0;0;0;0;0;0;0;0;0;0;0;0;0;0;0;0;0;0;0;0;0;0;0;0;0;0;0;0;0;0;0;0;0;0;0;0;0;0;0;0;0;0;0;0;0;0;0;0;0;0;5;1;0;2;2;4;1;2015-10-17 08:30:00;607;0;50;50;0;0;-1;1;-1;-1;-1;-1;-1;-1;0;1;2;2;1;4;-1;0;0;0;0;0;0;0;0;0;0;0;0;0;1;1;0;0;-1;-1;0;0;-1;-1;-1;-1;-1;-1;-1;-1;-1;0;0;0;50;50;50;50;0;0;5;1;4;1;Melbourne Victory FC;Melbourne City FC;2;1.07;0;1;1;1;50;50;50;0;0;50;50;0;0;0;0;97;28;Y;Y;Y;Y;Y;N;Y
32677;604;603;2015/2016;complete;140;2;-1;14,60;88;2;1;3;5;7;12;5;3;0;4;0;0;8;3;3;7;11;10;17;15;50;50;0;4;1.87;3.8;4.38;0;0;0;0;0;0;0;0;0;0;0;0;0;0;0;0;0;0;0;0;0;0;0;0;0;0;0;0;0;0;0;0;0;0;0;0;0;0;0;0;0;0;0;0;0;0;0;0;0;0;0;0;0;0;0;0;0;0;0;0;0;0;0;0;0;3;1;0;1;1;2;1;2015-10-18 06:00:00;604;0;0;0;0;0;-1;1;-1;-1;-1;-1;-1;-1;0;2;0;2;2;2;-1;0;0;0;0;0;0;0;0;0;0;0;0;0;1;1;0;0;-1;-1;0;0;-1;-1;-1;-1;-1;-1;-1;-1;-1;0;0;0;0;0;0;0;0;0;0;0;0;0;Brisbane Roar;Central Coast Mariners;2.53;0.31;0;0;3;3;0;0;0;0;0;0;0;0;0;0;0;97;27;Y;Y;Y;N;N;N;Y
32678;600;609;2015/2016;complete;140;2;-1;7;9,89;1;2;3;7;5;12;2;1;4;3;1;0;3;3;2;6;5;9;14;17;45;55;5;3;2.21;3.59;3.4;0;0;0;0;0;0;0;0;0;0;0;0;0;0;0;0;0;0;0;0;0;0;0;0;0;0;0;0;0;0;0;0;0;0;0;0;0;0;0;0;0;0;0;0;0;0;0;0;0;0;0;0;0;0;0;0;0;0;0;0;0;0;0;0;0;3;1;1;0;1;1;2;2015-10-18 08:00:00;609;0;0;0;0;0;-1;1;-1;-1;-1;-1;-1;-1;2;0;3;3;2;6;-1;0;0;0;0;0;0;0;0;0;0;0;0;0;1;1;1;1;-1;-1;0;0;-1;-1;-1;-1;-1;-1;-1;-1;-1;0;0;0;0;0;0;0;0;0;0;0;0;0;Perth Glory FC;Wellington Phoenix;2.08;0.79;0;0;0;0;0;0;0;0;0;0;0;0;0;0;0;97;27;Y;Y;Y;N;N;N;Y
32679;605;607;2015/2016;complete;140;3;-1;75;;1;0;1;5;6;11;0;5;2;5;0;0;5;6;4;6;9;12;18;17;39;61;2;5;4.74;4.01;1.77;0;0;0;0;0;0;0;0;0;0;0;0;0;0;0;0;0;0;0;0;0;0;0;0;0;0;0;0;0;0;0;0;0;0;0;0;0;0;0;0;0;0;0;0;0;0;0;0;0;0;0;0;0;0;0;0;0;0;0;0;0;0;0;0;0;1;0;0;1;0;1;0;2015-10-23 08:40:00;605;0;0;0;0;0;-1;1;-1;-1;-1;-1;-1;-1;1;2;1;3;3;4;-1;0;0;0;0;0;0;0;0;0;0;0;0;0;1;1;0;0;-1;-1;1;0;-1;-1;-1;-1;-1;-1;-1;-1;-1;0;0;0;0;50;0;0;50;0;7;14;4;0.5;Newcastle Jets FC;Melbourne Victory FC;1.07;1;0;1;1.5;2;100;100;100;100;50;0;0;0;0;0;0;97;27;Y;N;N;N;N;N;N
32680;609;604;2015/2016;complete;140;3;-1;35,49,78;26,60;3;2;5;6;11;17;5;1;2;1;0;0;4;4;2;7;6;11;11;10;43;57;2;1;2.46;3.56;2.96;0;0;0;0;0;0;0;0;0;0;0;0;0;0;0;0;0;0;0;0;0;0;0;0;0;0;0;0;0;0;0;0;0;0;0;0;0;0;0;0;0;0;0;0;0;0;0;0;0;0;0;0;0;0;0;0;0;0;0;0;0;0;0;0;0;5;1;1;2;1;3;2;2015-10-24 06:15:00;609;0;100;100;0;0;-1;1;-1;-1;-1;-1;-1;-1;0;1;2;0;1;2;-1;0;0;0;0;0;0;0;0;0;0;0;0;0;1;1;0;0;-1;-1;0;1;-1;-1;-1;-1;-1;-1;-1;-1;-1;0;50;100;100;100;100;100;50;0;11;3;4;3.5;Wellington Phoenix;Brisbane Roar;1.08;0.93;0;3;1.5;3;100;50;0;0;0;100;50;50;0;0;0;97;27;Y;Y;Y;Y;Y;N;Y
32681;606;608;2015/2016;complete;140;3;-1;88;;1;0;1;1;7;8;2;4;4;3;0;0;3;4;4;5;7;9;18;19;43;57;4;3;2.17;3.56;3.53;0;0;0;0;0;0;0;0;0;0;0;0;0;0;0;0;0;0;0;0;0;0;0;0;0;0;0;0;0;0;0;0;0;0;0;0;0;0;0;0;0;0;0;0;0;0;0;0;0;0;0;0;0;0;0;0;0;0;0;0;0;0;0;0;0;1;0;0;1;0;1;0;2015-10-24 08:30:00;606;0;100;50;0;0;-1;1;-1;-1;-1;-1;-1;-1;1;1;3;2;2;5;-1;0;0;0;0;0;0;0;0;0;0;0;0;0;1;1;0;0;-1;-1;0;0;-1;-1;-1;-1;-1;-1;-1;-1;-1;0;0;0;100;100;50;100;50;0;9;5;7;2;Sydney FC;Western Sydney Wanderers;1.36;1.47;1;1;2;0.5;100;100;100;0;0;50;50;0;0;0;0;97;27;Y;N;N;N;N;N;N
32682;602;603;2015/2016;complete;140;3;-1;11,53,72;13;3;1;4;2;5;7;2;7;3;2;0;0;8;4;5;5;13;9;15;20;44;56;3;2;1.97;3.79;3.95;0;0;0;0;0;0;0;0;0;0;0;0;0;0;0;0;0;0;0;0;0;0;0;0;0;0;0;0;0;0;0;0;0;0;0;0;0;0;0;0;0;0;0;0;0;0;0;0;0;0;0;0;0;0;0;0;0;0;0;0;0;0;0;0;0;4;1;1;2;0;2;2;2015-10-25 06:00:00;602;0;50;0;50;0;-1;1;-1;-1;-1;-1;-1;-1;1;1;2;1;2;3;-1;0;0;0;0;0;0;0;0;0;0;0;0;0;1;1;0;0;-1;-1;0;1;-1;-1;-1;-1;-1;-1;-1;-1;-1;0;0;50;50;50;0;50;50;50;7;3;4;1.5;Melbourne City FC;Central Coast Mariners;2.13;0.31;0;0;0.5;1.5;50;50;0;0;0;50;50;50;0;0;0;97;27;Y;Y;Y;Y;N;N;Y
32683;600;601;2015/2016;complete;140;3;-1;44,60,72;75;3;1;4;2;8;10;4;1;1;1;0;0;2;4;1;1;3;5;10;9;37;63;1;1;2.66;3.44;2.78;0;0;0;0;0;0;0;0;0;0;0;0;0;0;0;0;0;0;0;0;0;0;0;0;0;0;0;0;0;0;0;0;0;0;0;0;0;0;0;0;0;0;0;0;0;0;0;0;0;0;0;0;0;0;0;0;0;0;0;0;0;0;0;0;0;4;1;0;2;1;3;1;2015-10-25 08:00:00;600;0;50;50;0;0;-1;1;-1;-1;-1;-1;-1;-1;1;1;0;0;2;0;-1;0;0;0;0;0;0;0;0;0;0;0;0;0;1;1;0;0;-1;-1;0;0;-1;-1;-1;-1;-1;-1;-1;-1;-1;0;0;50;50;50;50;50;50;0;7;2;5;1.5;Perth Glory FC;Adelaide United;2.08;1.71;0;0;0;1;50;50;0;0;0;50;50;50;0;0;0;97;28;Y;Y;Y;Y;N;N;Y
32684;602;605;2015/2016;complete;140;4;-1;12,22;58,74,79;2;3;5;3;3;6;1;5;2;6;0;0;5;3;8;3;13;6;14;17;52;48;2;6;1.7;4.11;5.18;0;0;0;0;0;0;0;0;0;0;0;0;0;0;0;0;0;0;0;0;0;0;0;0;0;0;0;0;0;0;0;0;0;0;0;0;0;0;0;0;0;0;0;0;0;0;0;0;0;0;0;0;0;0;0;0;0;0;0;0;0;0;0;0;0;5;2;0;0;3;3;2;2015-10-30 08:40:00;605;0;100;100;0;0;-1;1;-1;-1;-1;-1;-1;-1;1;2;1;4;3;5;-1;0;0;0;0;0;0;0;0;1;0;1;0;0;1;1;0;0;-1;-1;0;0;-1;-1;-1;-1;-1;-1;-1;-1;-1;0;50;100;100;100;100;100;100;50;6;6;8;3.5;Melbourne City FC;Newcastle Jets FC;2.13;1.15;3;3;1.33;2;100;50;0;0;0;50;0;0;0;0;0;97;27;Y;Y;Y;Y;Y;N;Y
32685;603;606;2015/2016;complete;140;4;-1;35;34,82,88;1;3;4;2;4;6;2;2;4;3;1;0;5;7;3;8;8;15;17;16;39;61;5;3;3.19;3.59;2.31;0;0;0;0;0;0;0;0;0;0;0;0;0;0;0;0;0;0;0;0;0;0;0;0;0;0;0;0;0;0;0;0;0;0;0;0;0;0;0;0;0;0;0;0;0;0;0;0;0;0;0;0;0;0;0;0;0;0;0;0;0;0;0;0;0;4;1;1;0;2;2;2;2015-10-31 06:15:00;606;0;50;50;50;0;-1;1;-1;-1;-1;-1;-1;-1;3;2;2;1;5;3;-1;0;0;0;0;0;0;0;0;0;0;0;0;0;1;1;0;0;-1;-1;0;0;-1;-1;-1;-1;-1;-1;-1;-1;-1;50;50;50;50;100;50;50;100;50;13;4;3;3;Central Coast Mariners;Sydney FC;0.64;1.15;3;3;1;2.33;50;50;50;50;0;50;50;0;0;0;0;97;27;Y;Y;Y;Y;N;N;Y
32686;604;601;2015/2016;complete;140;4;-1;9,79,90;;3;0;3;3;5;8;3;4;2;2;0;0;5;7;4;3;9;10;13;20;47;53;2;2;2.18;3.63;3.42;0;0;0;0;0;0;0;0;0;0;0;0;0;0;0;0;0;0;0;0;0;0;0;0;0;0;0;0;0;0;0;0;0;0;0;0;0;0;0;0;0;0;0;0;0;0;0;0;0;0;0;0;0;0;0;0;0;0;0;0;0;0;0;0;0;3;1;0;2;0;2;1;2015-10-31 08:30:00;604;0;100;0;100;0;-1;1;-1;-1;-1;-1;-1;-1;1;1;1;1;2;2;-1;0;0;0;0;0;0;0;0;0;0;0;0;0;1;1;1;0;-1;-1;0;0;-1;-1;-1;-1;-1;-1;-1;-1;-1;0;50;100;100;100;0;100;100;100;13;6;1;3.5;Brisbane Roar;Adelaide United;2.53;1.71;3;0;2;0.67;100;50;0;0;0;100;100;50;0;0;0;97;29;Y;Y;Y;N;N;N;N
32687;608;600;2015/2016;complete;140;4;-1;45;;1;0;1;10;5;15;2;2;2;2;0;0;8;0;7;6;15;6;11;8;56;44;2;2;2.03;3.58;3.95;0;0;0;0;0;0;0;0;0;0;0;0;0;0;0;0;0;0;0;0;0;0;0;0;0;0;0;0;0;0;0;0;0;0;0;0;0;0;0;0;0;0;0;0;0;0;0;0;0;0;0;0;0;0;0;0;0;0;0;0;0;0;0;0;0;1;1;0;0;0;0;1;2015-11-01 06:00:00;608;0;100;100;50;0;-1;1;-1;-1;-1;-1;-1;-1;0;1;2;1;1;3;-1;0;0;0;0;0;0;0;0;0;0;0;0;0;1;1;0;0;-1;-1;0;1;-1;-1;-1;-1;-1;-1;-1;-1;-1;50;100;100;100;100;100;100;50;50;10;9;5;4.5;Western Sydney Wanderers;Perth Glory FC;2.07;1.07;0;0;0.33;1;50;0;0;0;0;100;100;50;0;0;0;97;28;Y;N;N;N;N;N;N
32688;607;609;2015/2016;complete;140;4;-1;10,55,61;;3;0;3;6;6;12;1;0;2;4;0;0;6;3;6;6;12;9;20;17;56;44;2;4;1.61;4.37;5.76;0;0;0;0;0;0;0;0;0;0;0;0;0;0;0;0;0;0;0;0;0;0;0;0;0;0;0;0;0;0;0;0;0;0;0;0;0;0;0;0;0;0;0;0;0;0;0;0;0;0;0;0;0;0;0;0;0;0;0;0;0;0;0;0;0;3;1;0;2;0;2;1;2015-11-02 08:30:00;607;0;100;50;50;0;-1;1;-1;-1;-1;-1;-1;-1;0;2;2;2;2;4;-1;0;0;0;0;0;0;0;0;0;0;0;0;0;1;1;1;0;-1;-1;0;0;-1;-1;-1;-1;-1;-1;-1;-1;-1;50;50;100;100;100;50;100;100;50;9;5;5;4;Melbourne Victory FC;Wellington Phoenix;2;0.79;3;3;1.33;2;50;50;0;0;0;50;50;50;0;0;0;97;27;Y;Y;Y;N;N;N;N
32689;601;602;2015/2016;complete;140;5;-1;66,85;8,35,56,71;2;4;6;12;4;16;7;2;1;5;0;0;11;4;7;5;18;9;17;16;60;40;1;5;2.2;3.64;3.38;0;0;0;0;0;0;0;0;0;0;0;0;0;0;0;0;0;0;0;0;0;0;0;0;0;0;0;0;0;0;0;0;0;0;0;0;0;0;0;0;0;0;0;0;0;0;0;0;0;0;0;0;0;0;0;0;0;0;0;0;0;0;0;0;0;6;0;2;2;2;4;2;2015-11-05 09:00:00;602;0;75;25;25;0;-1;1;-1;-1;-1;-1;-1;-1;1;3;0;2;4;2;-1;0;0;0;0;0;0;0;1;0;1;0;0;0;1;1;0;1;-1;-1;1;0;-1;-1;-1;-1;-1;-1;-1;-1;-1;25;25;25;75;75;25;75;50;25;5.5;3;6.5;2.25;Adelaide United;Melbourne City FC;2.07;1.07;1;0.5;0.5;1;75;75;75;25;25;25;25;0;0;0;0;97;29;Y;Y;Y;Y;Y;Y;Y
32690;606;604;2015/2016;complete;140;5;-1;;;0;0;0;2;3;5;2;1;3;2;0;0;3;2;2;3;5;5;16;15;52;48;3;2;2.12;3.68;3.55;0;0;0;0;0;0;0;0;0;0;0;0;0;0;0;0;0;0;0;0;0;0;0;0;0;0;0;0;0;0;0;0;0;0;0;0;0;0;0;0;0;0;0;0;0;0;0;0;0;0;0;0;0;0;0;0;0;0;0;0;0;0;0;0;0;0;0;0;0;0;0;0;2015-11-06 08:40:00;-1;0;75;75;25;0;-1;1;-1;-1;-1;-1;-1;-1;1;1;2;1;2;3;-1;0;0;0;0;0;0;0;0;0;0;0;0;0;1;1;0;0;-1;-1;0;0;-1;-1;-1;-1;-1;-1;-1;-1;-1;25;50;50;75;100;75;75;50;25;11.5;2.5;5;3;Sydney FC;Brisbane Roar;1.36;0.93;2;1.5;2.5;2.25;75;50;50;25;0;75;75;50;0;0;0;97;27;N;N;N;N;N;N;N
32691;605;608;2015/2016;complete;140;5;-1;73;79,86;1;2;3;3;10;13;1;6;2;3;0;0;4;5;6;4;10;9;13;17;48;52;2;3;3.38;3.46;2.27;0;0;0;0;0;0;0;0;0;0;0;0;0;0;0;0;0;0;0;0;0;0;0;0;0;0;0;0;0;0;0;0;0;0;0;0;0;0;0;0;0;0;0;0;0;0;0;0;0;0;0;0;0;0;0;0;0;0;0;0;0;0;0;0;0;3;0;0;1;2;3;0;2015-11-07 06:15:00;608;0;25;0;0;0;-1;1;-1;-1;-1;-1;-1;-1;0;1;2;2;1;4;-1;0;0;0;0;0;0;0;0;1;0;1;0;0;1;1;0;0;-1;-1;0;0;-1;-1;-1;-1;-1;-1;-1;-1;-1;0;0;0;25;100;0;25;100;0;8.5;7;5;1.25;Newcastle Jets FC;Western Sydney Wanderers;1.07;1.47;1.5;0.5;2.25;1;100;100;100;75;0;25;25;25;0;0;0;97;27;Y;Y;Y;N;N;N;Y
32692;603;609;2015/2016;complete;140;5;-1;76;8;1;1;2;15;2;17;4;2;2;3;0;0;8;4;9;2;17;6;22;22;63;37;2;3;2.77;3.61;2.58;0;0;0;0;0;0;0;0;0;0;0;0;0;0;0;0;0;0;0;0;0;0;0;0;0;0;0;0;0;0;0;0;0;0;0;0;0;0;0;0;0;0;0;0;0;0;0;0;0;0;0;0;0;0;0;0;0;0;0;0;0;0;0;0;0;2;0;1;1;0;1;1;2015-11-08 06:00:00;-1;0;75;75;25;0;-1;1;-1;-1;-1;-1;-1;-1;2;2;0;1;4;1;-1;0;0;0;0;0;0;0;0;0;0;0;0;0;1;1;0;1;-1;-1;1;1;-1;-1;-1;-1;-1;-1;-1;-1;-1;25;50;100;100;100;75;100;100;75;10.5;1.5;7;3.75;Central Coast Mariners;Wellington Phoenix;0.64;0.79;1.5;1.5;0.75;1.5;75;50;0;0;0;75;75;50;0;0;0;97;27;Y;Y;N;N;N;N;Y
32693;609;601;2015/2016;complete;140;6;-1;4,22,51,68;3,89;4;2;6;1;10;11;3;2;5;3;0;0;5;8;4;3;9;11;22;17;42;58;5;3;2.24;3.72;3.23;0;0;0;0;0;0;0;0;0;0;0;0;0;0;0;0;0;0;0;0;0;0;0;0;0;0;0;0;0;0;0;0;0;0;0;0;0;0;0;0;0;0;0;0;0;0;0;0;0;0;0;0;0;0;0;0;0;0;0;0;0;0;0;0;0;6;2;1;2;1;3;3;2015-11-13 06:30:00;609;0;75;50;50;0;-1;1;-1;-1;-1;-1;-1;-1;0;2;5;1;2;6;-1;0;0;0;0;0;0;0;0;0;0;0;0;0;1;1;1;1;-1;-1;0;0;-1;-1;-1;-1;-1;-1;-1;-1;-1;25;50;100;100;100;50;100;100;75;12;6;3.5;3.75;Wellington Phoenix;Adelaide United;1.08;1.71;1.5;0;1.4;0.4;75;50;0;0;0;75;50;25;0;0;0;97;27;Y;Y;Y;Y;Y;Y;Y
32694;602;608;2015/2016;complete;140;6;-1;;47,61,84;0;3;3;3;7;10;6;8;2;2;0;0;4;4;6;6;10;10;10;17;44;56;2;2;2.29;3.63;3.2;0;0;0;0;0;0;0;0;0;0;0;0;0;0;0;0;0;0;0;0;0;0;0;0;0;0;0;0;0;0;0;0;0;0;0;0;0;0;0;0;0;0;0;0;0;0;0;0;0;0;0;0;0;0;0;0;0;0;0;0;0;0;0;0;0;3;0;0;0;3;3;0;2015-11-13 08:40:00;608;0;84;25;17;0;-1;1;-1;-1;-1;-1;-1;-1;1;1;1;1;2;2;-1;0;0;0;0;0;0;0;0;0;0;0;0;0;1;1;0;0;-1;-1;0;0;-1;-1;-1;-1;-1;-1;-1;-1;-1;25;50;67;84;100;50;67;100;67;9.5;6.17;5.83;3.25;Melbourne City FC;Western Sydney Wanderers;2.13;1.47;1.5;1.33;1.4;1.4;75;50;34;17;0;17;17;17;0;0;0;97;29;Y;Y;Y;N;N;N;N
32695;605;603;2015/2016;complete;140;6;-1;83;90;1;1;2;5;7;12;2;0;4;1;0;1;2;7;3;6;5;13;24;13;53;47;4;3;2.28;3.63;3.22;0;0;0;0;0;0;0;0;0;0;0;0;0;0;0;0;0;0;0;0;0;0;0;0;0;0;0;0;0;0;0;0;0;0;0;0;0;0;0;0;0;0;0;0;0;0;0;0;0;0;0;0;0;0;0;0;0;0;0;0;0;0;0;0;0;2;0;0;1;1;2;0;2015-11-14 06:15:00;-1;0;67;25;42;0;-1;1;-1;-1;-1;-1;-1;-1;1;2;3;0;3;3;-1;0;0;0;0;0;0;0;0;0;0;0;0;0;1;1;0;0;-1;-1;0;0;-1;-1;-1;-1;-1;-1;-1;-1;-1;0;25;67;67;100;25;50;100;67;9;7.33;4.67;2.59;Newcastle Jets FC;Central Coast Mariners;1.07;0.31;1;0;1.8;0.8;100;75;34;34;0;59;59;59;0;0;0;97;27;Y;Y;N;N;N;N;Y
32696;606;607;2015/2016;complete;140;6;-1;5,20;9,28,68,90;2;4;6;10;2;12;2;4;4;2;0;0;8;3;5;2;13;5;23;15;52;48;4;2;2.71;3.69;2.6;0;0;0;0;0;0;0;0;0;0;0;0;0;0;0;0;0;0;0;0;0;0;0;0;0;0;0;0;0;0;0;0;0;0;0;0;0;0;0;0;0;0;0;0;0;0;0;0;0;0;0;0;0;0;0;0;0;0;0;0;0;0;0;0;0;6;2;2;0;2;2;4;2015-11-14 08:30:00;607;0;17;17;0;0;-1;1;-1;-1;-1;-1;-1;-1;2;1;2;1;3;3;-1;0;0;0;0;0;0;0;0;0;0;0;0;0;1;1;1;1;-1;-1;0;0;-1;-1;-1;-1;-1;-1;-1;-1;-1;0;0;0;17;59;17;17;42;0;8.67;8.17;7.33;0.75;Sydney FC;Melbourne Victory FC;1.36;1;1.67;0.5;2.2;1.75;100;100;100;84;42;42;42;25;0;0;0;97;27;Y;Y;Y;Y;Y;Y;Y
32697;604;600;2015/2016;complete;140;6;-1;74;;1;0;1;6;5;11;1;8;0;2;0;0;5;4;7;5;12;9;12;16;61;39;0;2;1.7;4.09;5.14;0;0;0;0;0;0;0;0;0;0;0;0;0;0;0;0;0;0;0;0;0;0;0;0;0;0;0;0;0;0;0;0;0;0;0;0;0;0;0;0;0;0;0;0;0;0;0;0;0;0;0;0;0;0;0;0;0;0;0;0;0;0;0;0;0;1;0;0;1;0;1;0;2015-11-15 06:00:00;604;0;50;25;50;0;-1;1;-1;-1;-1;-1;-1;-1;0;0;0;2;0;2;-1;0;0;0;0;0;0;0;0;0;0;0;0;0;1;1;0;0;-1;-1;0;0;-1;-1;-1;-1;-1;-1;-1;-1;-1;25;25;75;75;100;25;100;75;75;7.5;6.5;4;3;Brisbane Roar;Perth Glory FC;2.53;1.07;3;0;2;0.75;75;75;25;25;0;75;75;50;0;0;0;97;28;Y;N;N;N;N;N;N
32698;607;603;2015/2016;complete;140;7;-1;16,19;89;2;1;3;6;6;12;4;0;2;4;0;0;6;3;5;4;11;7;19;16;49;51;2;4;1.41;5.18;7.97;0;0;0;0;0;0;0;0;0;0;0;0;0;0;0;0;0;0;0;0;0;0;0;0;0;0;0;0;0;0;0;0;0;0;0;0;0;0;0;0;0;0;0;0;0;0;0;0;0;0;0;0;0;0;0;0;0;0;0;0;0;0;0;0;0;3;2;0;0;1;1;2;2015-11-19 09:00:00;607;0;75;17;59;0;-1;1;-1;-1;-1;-1;-1;-1;0;2;2;2;2;4;-1;0;0;0;0;0;0;0;0;0;0;0;0;0;1;1;0;0;-1;-1;0;0;-1;-1;-1;-1;-1;-1;-1;-1;-1;25;42;84;100;100;17;84;100;100;11.33;5.83;5;3.5;Melbourne Victory FC;Central Coast Mariners;2;0.31;3;0.33;2;0.83;75;59;17;0;0;59;59;59;0;0;0;97;27;Y;Y;Y;N;N;N;Y
32699;604;602;2015/2016;complete;140;7;-1;70;47;1;1;2;6;7;13;1;0;1;5;0;0;7;7;4;7;11;14;10;16;56;44;1;5;2.1;3.7;3.59;0;0;0;0;0;0;0;0;0;0;0;0;0;0;0;0;0;0;0;0;0;0;0;0;0;0;0;0;0;0;0;0;0;0;0;0;0;0;0;0;0;0;0;0;0;0;0;0;0;0;0;0;0;0;0;0;0;0;0;0;0;0;0;0;0;2;0;0;1;1;2;0;2015-11-20 09:00:00;-1;0;67;17;50;0;-1;1;-1;-1;-1;-1;-1;-1;1;2;0;3;3;3;-1;0;0;0;0;0;0;0;0;0;0;0;0;0;1;1;0;0;-1;-1;0;0;-1;-1;-1;-1;-1;-1;-1;-1;-1;34;34;67;84;100;34;84;84;67;8.34;5.33;4.67;3.33;Brisbane Roar;Melbourne City FC;2.53;1.07;3;1.33;2.17;1.17;67;67;33;17;0;67;67;50;0;0;0;97;29;Y;Y;N;N;N;N;Y
32700;608;609;2015/2016;complete;140;7;-1;9,85;18;2;1;3;7;4;11;1;2;0;2;0;0;9;3;2;2;11;5;15;15;62;38;0;2;1.78;3.93;4.77;0;0;0;0;0;0;0;0;0;0;0;0;0;0;0;0;0;0;0;0;0;0;0;0;0;0;0;0;0;0;0;0;0;0;0;0;0;0;0;0;0;0;0;0;0;0;0;0;0;0;0;0;0;0;0;0;0;0;0;0;0;0;0;0;0;3;1;1;1;0;1;2;2015-11-21 06:15:00;608;0;59;42;0;0;-1;1;-1;-1;-1;-1;-1;-1;0;2;0;0;2;0;-1;0;0;0;0;0;0;0;0;0;0;0;0;0;1;1;1;0;-1;-1;0;0;-1;-1;-1;-1;-1;-1;-1;-1;-1;0;25;59;75;100;42;100;50;17;13.33;5;4.83;2.59;Western Sydney Wanderers;Wellington Phoenix;2.07;0.79;1.5;1.33;1.67;1.67;100;75;42;25;0;100;100;100;0;0;0;97;27;Y;Y;Y;N;N;N;Y
32701;600;606;2015/2016;complete;140;7;-1;;;0;0;0;1;2;3;4;6;3;0;0;0;2;2;4;3;6;5;13;14;41;59;3;0;3.39;3.52;2.24;0;0;0;0;0;0;0;0;0;0;0;0;0;0;0;0;0;0;0;0;0;0;0;0;0;0;0;0;0;0;0;0;0;0;0;0;0;0;0;0;0;0;0;0;0;0;0;0;0;0;0;0;0;0;0;0;0;0;0;0;0;0;0;0;0;0;0;0;0;0;0;0;2015-11-21 08:30:00;-1;0;75;50;25;0;-1;1;-1;-1;-1;-1;-1;-1;2;0;1;0;2;1;-1;0;0;0;0;0;0;0;0;0;0;0;0;0;1;1;0;0;-1;-1;0;0;-1;-1;-1;-1;-1;-1;-1;-1;-1;0;50;75;75;100;50;75;100;50;9;6;5;3;Perth Glory FC;Sydney FC;2.08;1.15;1.5;3;0.6;1.83;100;50;25;25;0;50;50;25;0;0;0;97;27;N;N;N;N;N;N;N
32702;601;605;2015/2016;complete;140;7;-1;;;0;0;0;12;2;14;2;3;2;3;0;0;9;0;0;0;9;0;14;13;49;51;2;3;1.79;4;4.62;0;0;0;0;0;0;0;0;0;0;0;0;0;0;0;0;0;0;0;0;0;0;0;0;0;0;0;0;0;0;0;0;0;0;0;0;0;0;0;0;0;0;0;0;0;0;0;0;0;0;0;0;0;0;0;0;0;0;0;0;0;0;0;0;0;0;0;0;0;0;0;0;2015-11-22 06:00:00;-1;0;84;25;17;0;-1;1;-1;-1;-1;-1;-1;-1;1;1;1;2;2;3;-1;0;0;0;0;0;0;0;0;0;0;0;0;0;1;1;0;0;-1;-1;0;0;-1;-1;-1;-1;-1;-1;-1;-1;-1;42;42;67;84;84;67;84;84;42;8.83;7.17;7.83;3.34;Adelaide United;Newcastle Jets FC;2.07;1.15;0.67;3;0.33;1.67;59;59;34;17;17;42;17;17;0;0;0;97;27;N;N;N;N;N;N;N
32703;606;609;2015/2016;complete;140;8;-1;;;0;0;0;9;2;11;1;2;4;4;0;0;6;5;10;5;16;10;29;14;50;50;4;4;1.86;3.85;4.38;0;0;0;0;0;0;0;0;0;0;0;0;0;0;0;0;0;0;0;0;0;0;0;0;0;0;0;0;0;0;0;0;0;0;0;0;0;0;0;0;0;0;0;0;0;0;0;0;0;0;0;0;0;0;0;0;0;0;0;0;0;0;0;0;0;0;0;0;0;0;0;0;2015-11-26 09:00:00;-1;0;63;50;0;0;-1;1;-1;-1;-1;-1;-1;-1;1;1;3;3;2;6;-1;0;0;0;0;0;0;0;0;0;0;0;0;0;1;1;0;0;-1;-1;1;0;-1;-1;-1;-1;-1;-1;-1;-1;-1;13;13;50;75;88;50;75;75;25;8.75;3;6.5;2.5;Sydney FC;Wellington Phoenix;1.36;0.79;1.25;1;1.71;1.43;88;88;50;25;13;75;75;63;0;0;0;97;27;N;N;N;N;N;N;N
32704;602;600;2015/2016;complete;140;8;-1;6,19,35,53,82;45;5;1;6;3;5;8;0;1;3;3;0;1;7;7;9;7;16;14;21;17;55;45;3;4;1.7;4.03;5.3;0;0;0;0;0;0;0;0;0;0;0;0;0;0;0;0;0;0;0;0;0;0;0;0;0;0;0;0;0;0;0;0;0;0;0;0;0;0;0;0;0;0;0;0;0;0;0;0;0;0;0;0;0;0;0;0;0;0;0;0;0;0;0;0;0;6;3;1;2;0;2;4;2015-11-27 08:40:00;602;0;50;33;17;0;-1;1;-1;-1;-1;-1;-1;-1;1;1;2;3;2;5;-1;0;0;0;0;0;0;0;1;0;1;0;0;0;1;1;1;0;-1;-1;0;0;-1;-1;-1;-1;-1;-1;-1;-1;-1;33;50;67;67;100;50;67;84;67;6.67;7.33;5;3.17;Melbourne City FC;Perth Glory FC;2.13;1.07;1;0;1.14;0.67;67;50;34;34;0;67;67;34;0;0;0;97;28;Y;Y;Y;Y;Y;Y;Y
32705;605;604;2015/2016;complete;140;8;-1;71;52;1;1;2;8;7;15;5;2;0;1;0;0;3;8;3;5;6;13;6;16;40;60;0;1;3.94;3.72;1.99;0;0;0;0;0;0;0;0;0;0;0;0;0;0;0;0;0;0;0;0;0;0;0;0;0;0;0;0;0;0;0;0;0;0;0;0;0;0;0;0;0;0;0;0;0;0;0;0;0;0;0;0;0;0;0;0;0;0;0;0;0;0;0;0;0;2;0;0;1;1;2;0;2015-11-28 06:15:00;-1;0;59;34;42;0;-1;1;-1;-1;-1;-1;-1;-1;0;0;0;1;0;1;-1;0;0;0;0;0;0;0;0;0;0;0;0;0;1;1;0;0;-1;-1;0;0;-1;-1;-1;-1;-1;-1;-1;-1;-1;17;34;46;59;84;34;34;67;42;10.17;3.25;3.92;2.38;Newcastle Jets FC;Brisbane Roar;1.07;0.93;1;1.33;1.57;2;84;67;54;42;17;71;71;71;0;0;0;97;27;Y;Y;N;N;N;N;Y
32706;607;601;2015/2016;complete;140;8;-1;14,29;87;2;1;3;3;6;9;4;0;3;7;0;0;4;4;2;6;6;10;16;19;52;48;3;7;1.57;4.51;5.94;0;0;0;0;0;0;0;0;0;0;0;0;0;0;0;0;0;0;0;0;0;0;0;0;0;0;0;0;0;0;0;0;0;0;0;0;0;0;0;0;0;0;0;0;0;0;0;0;0;0;0;0;0;0;0;0;0;0;0;0;0;0;0;0;0;3;2;0;0;1;1;2;2015-11-28 08:30:00;607;0;67;17;50;0;-1;1;-1;-1;-1;-1;-1;-1;2;3;1;4;5;5;-1;0;0;0;0;0;0;0;1;1;1;1;0;0;1;1;0;0;-1;-1;0;0;-1;-1;-1;-1;-1;-1;-1;-1;-1;33;50;100;100;100;33;100;100;84;13;5.33;4;4;Melbourne Victory FC;Adelaide United;2;1.71;3;0;2.17;0.43;67;50;0;0;0;67;67;50;0;0;0;97;28;Y;Y;Y;N;N;N;Y
32707;603;608;2015/2016;complete;140;8;-1;;66,90;0;2;2;2;5;7;2;2;1;3;0;0;7;7;3;7;10;14;26;19;46;54;1;3;3.7;3.62;2.09;0;0;0;0;0;0;0;0;0;0;0;0;0;0;0;0;0;0;0;0;0;0;0;0;0;0;0;0;0;0;0;0;0;0;0;0;0;0;0;0;0;0;0;0;0;0;0;0;0;0;0;0;0;0;0;0;0;0;0;0;0;0;0;0;0;2;0;0;0;2;2;0;2015-11-29 06:00:00;608;0;75;34;29;0;-1;1;-1;-1;-1;-1;-1;-1;0;0;1;3;0;4;-1;0;0;0;0;0;0;0;0;0;0;0;0;0;1;1;0;0;-1;-1;0;0;-1;-1;-1;-1;-1;-1;-1;-1;-1;17;34;59;88;100;34;63;100;59;15.33;7.5;6;2.96;Central Coast Mariners;Western Sydney Wanderers;0.64;1.47;1.33;1.75;0.71;1.86;84;67;42;13;0;59;59;29;0;0;0;97;27;Y;Y;N;N;N;N;N
32708;603;602;2015/2016;complete;140;9;-1;86;26,45,57,75,90;1;5;6;5;11;16;1;1;1;1;0;0;7;6;4;9;11;15;16;9;42;58;1;1;3.77;3.89;1.99;0;0;0;0;0;0;0;0;0;0;0;0;0;0;0;0;0;0;0;0;0;0;0;0;0;0;0;0;0;0;0;0;0;0;0;0;0;0;0;0;0;0;0;0;0;0;0;0;0;0;0;0;0;0;0;0;0;0;0;0;0;0;0;0;0;6;0;2;1;3;4;2;2015-12-03 09:00:00;602;0;88;38;50;0;-1;1;-1;-1;-1;-1;-1;-1;1;1;0;0;2;0;-1;0;0;0;0;0;0;0;1;0;1;0;0;0;1;1;0;0;-1;-1;0;0;-1;-1;-1;-1;-1;-1;-1;-1;-1;38;50;50;100;100;50;75;88;75;11.25;3.75;6.75;3.5;Central Coast Mariners;Melbourne City FC;0.64;1.07;1;1.25;0.63;1.38;63;50;50;0;0;63;63;38;0;0;0;97;27;Y;Y;Y;Y;Y;Y;Y
32709;606;605;2015/2016;complete;140;9;-1;57;;1;0;1;7;5;12;3;5;1;1;0;0;4;4;5;4;9;8;12;8;58;42;1;1;1.57;4.44;6.16;0;0;0;0;0;0;0;0;0;0;0;0;0;0;0;0;0;0;0;0;0;0;0;0;0;0;0;0;0;0;0;0;0;0;0;0;0;0;0;0;0;0;0;0;0;0;0;0;0;0;0;0;0;0;0;0;0;0;0;0;0;0;0;0;0;1;0;0;1;0;1;0;2015-12-04 08:40:00;606;0;54;37;0;0;-1;1;-1;-1;-1;-1;-1;-1;0;0;1;1;0;2;-1;0;0;0;0;0;0;0;0;0;0;0;0;0;1;1;0;0;-1;-1;0;0;-1;-1;-1;-1;-1;-1;-1;-1;-1;27;27;44;54;64;54;54;54;27;8.4;5.6;8.27;2.24;Sydney FC;Newcastle Jets FC;1.36;1.15;1.2;2.33;1.63;1.5;74;74;57;47;37;64;47;37;0;0;0;97;27;Y;N;N;N;N;N;N
32710;609;607;2015/2016;complete;140;9;-1;18,44;;2;0;2;3;5;8;3;2;5;3;0;0;4;6;4;2;8;8;15;23;49;51;5;3;3.7;3.93;2;0;0;0;0;0;0;0;0;0;0;0;0;0;0;0;0;0;0;0;0;0;0;0;0;0;0;0;0;0;0;0;0;0;0;0;0;0;0;0;0;0;0;0;0;0;0;0;0;0;0;0;0;0;0;0;0;0;0;0;0;0;0;0;0;0;2;2;0;0;0;0;2;2015-12-05 06:15:00;609;0;67;67;34;0;-1;1;-1;-1;-1;-1;-1;-1;2;1;3;2;3;5;-1;0;0;0;0;0;0;0;0;0;0;0;0;0;1;1;0;0;-1;-1;0;0;-1;-1;-1;-1;-1;-1;-1;-1;-1;50;50;67;67;84;67;67;84;50;8.67;9;6.33;3.5;Wellington Phoenix;Melbourne Victory FC;1.08;1;2;1.33;1.38;2.29;50;50;34;34;17;84;67;67;0;0;0;97;27;Y;Y;N;N;N;N;N
32711;608;604;2015/2016;complete;140;9;-1;29,79;36;2;1;3;2;9;11;4;2;4;1;0;0;3;3;2;4;5;7;18;16;49;51;4;1;2.06;3.72;3.7;0;0;0;0;0;0;0;0;0;0;0;0;0;0;0;0;0;0;0;0;0;0;0;0;0;0;0;0;0;0;0;0;0;0;0;0;0;0;0;0;0;0;0;0;0;0;0;0;0;0;0;0;0;0;0;0;0;0;0;0;0;0;0;0;0;3;1;1;1;0;1;2;2015-12-05 08:30:00;608;0;71;59;25;0;-1;1;-1;-1;-1;-1;-1;-1;2;1;2;0;3;2;-1;0;0;0;0;0;0;0;0;0;0;0;0;0;1;1;0;0;-1;-1;1;1;-1;-1;-1;-1;-1;-1;-1;-1;-1;13;42;59;71;88;59;75;42;25;15.08;4.25;2.5;2.71;Western Sydney Wanderers;Brisbane Roar;2.07;0.93;2;1.25;2;1.88;88;59;42;29;13;88;88;88;0;0;0;97;29;Y;Y;Y;N;N;N;Y
32712;601;600;2015/2016;complete;140;9;-1;2;;1;0;1;8;4;12;0;4;3;1;0;0;9;8;10;3;19;11;17;10;59;41;3;1;1.71;4.12;5.06;0;0;0;0;0;0;0;0;0;0;0;0;0;0;0;0;0;0;0;0;0;0;0;0;0;0;0;0;0;0;0;0;0;0;0;0;0;0;0;0;0;0;0;0;0;0;0;0;0;0;0;0;0;0;0;0;0;0;0;0;0;0;0;0;0;1;1;0;0;0;0;1;2015-12-06 08:30:00;601;0;50;25;25;0;-1;1;-1;-1;-1;-1;-1;-1;1;1;2;0;2;2;-1;0;0;0;0;0;0;0;0;0;0;0;0;0;1;1;1;0;-1;-1;1;0;-1;-1;-1;-1;-1;-1;-1;-1;-1;38;38;38;50;75;38;63;63;38;11.25;6;5.25;2.63;Adelaide United;Perth Glory FC;2.07;1.07;0.75;0;0.38;0.57;63;63;63;50;25;63;63;50;0;0;0;97;28;Y;N;N;N;N;N;N
32713;601;606;2015/2016;complete;140;10;-1;62,90;70;2;1;3;10;2;12;5;1;3;4;0;1;5;3;4;2;9;5;12;21;67;33;3;6;2.62;3.5;2.79;0;0;0;0;0;0;0;0;0;0;0;0;0;0;0;0;0;0;0;0;0;0;0;0;0;0;0;0;0;0;0;0;0;0;0;0;0;0;0;0;0;0;0;0;0;0;0;0;0;0;0;0;0;0;0;0;0;0;0;0;0;0;0;0;0;3;0;0;2;1;3;0;2015-12-11 08:40:00;601;0;37;17;10;0;-1;1;-1;-1;-1;-1;-1;-1;2;2;1;3;4;4;-1;0;0;0;0;0;0;0;1;0;1;0;0;0;1;1;0;0;-1;-1;1;1;-1;-1;-1;-1;-1;-1;-1;-1;-1;10;27;27;37;64;27;47;54;27;10.87;6;3.73;1.74;Adelaide United;Sydney FC;2.07;1.15;1.2;2.33;0.67;1.78;90;74;74;64;37;30;30;30;0;0;0;97;27;Y;Y;Y;N;N;N;Y
32714;604;609;2015/2016;complete;140;10;-1;71,86;45;2;1;3;4;1;5;3;4;1;1;0;0;9;6;8;4;17;10;11;7;54;46;1;1;1.92;3.75;4.22;0;0;0;0;0;0;0;0;0;0;0;0;0;0;0;0;0;0;0;0;0;0;0;0;0;0;0;0;0;0;0;0;0;0;0;0;0;0;0;0;0;0;0;0;0;0;0;0;0;0;0;0;0;0;0;0;0;0;0;0;0;0;0;0;0;3;0;1;2;0;2;1;2015-12-12 06:15:00;604;0;55;20;25;0;-1;1;-1;-1;-1;-1;-1;-1;1;0;0;1;1;1;-1;0;0;0;0;0;0;0;0;0;0;0;0;0;1;1;0;0;-1;-1;0;0;-1;-1;-1;-1;-1;-1;-1;-1;-1;0;0;55;78;90;20;65;90;48;8.8;3.9;3.95;2.23;Brisbane Roar;Wellington Phoenix;2.53;0.79;2.5;1;1.67;1.56;100;100;45;23;10;88;88;88;0;0;0;97;27;Y;Y;Y;N;N;N;Y
32715;608;607;2015/2016;complete;140;10;-1;54,79;;2;0;2;6;5;11;2;6;5;3;0;0;4;5;3;5;7;10;22;9;45;55;5;3;2.43;3.58;2.99;0;0;0;0;0;0;0;0;0;0;0;0;0;0;0;0;0;0;0;0;0;0;0;0;0;0;0;0;0;0;0;0;0;0;0;0;0;0;0;0;0;0;0;0;0;0;0;0;0;0;0;0;0;0;0;0;0;0;0;0;0;0;0;0;0;2;0;0;2;0;2;0;2015-12-12 08:30:00;608;0;50;50;0;0;-1;1;-1;-1;-1;-1;-1;-1;1;1;4;2;2;6;-1;0;0;0;0;0;0;0;0;0;0;0;0;0;1;1;0;0;-1;-1;0;0;-1;-1;-1;-1;-1;-1;-1;-1;-1;13;25;50;63;88;63;75;50;13;11.5;8;5;2.5;Western Sydney Wanderers;Melbourne Victory FC;2.07;1;2.25;1;2.11;2;88;75;50;38;13;75;75;75;0;0;0;97;28;Y;Y;N;N;N;N;N
32716;600;603;2015/2016;complete;140;10;-1;62,64;28;2;1;3;5;7;12;2;2;3;2;0;0;6;4;4;8;10;12;12;19;44;56;3;2;2.12;3.7;3.53;0;0;0;0;0;0;0;0;0;0;0;0;0;0;0;0;0;0;0;0;0;0;0;0;0;0;0;0;0;0;0;0;0;0;0;0;0;0;0;0;0;0;0;0;0;0;0;0;0;0;0;0;0;0;0;0;0;0;0;0;0;0;0;0;0;3;0;1;2;0;2;1;2015-12-12 10:40:00;600;0;84;29;42;0;-1;1;-1;-1;-1;-1;-1;-1;1;1;2;1;2;3;-1;0;0;0;0;0;0;0;0;0;0;0;0;0;1;1;0;0;-1;-1;0;1;-1;-1;-1;-1;-1;-1;-1;-1;-1;0;29;71;84;84;42;71;84;54;9.58;5.83;6.25;2.67;Perth Glory FC;Central Coast Mariners;2.08;0.31;1.33;0.25;0.5;0.56;100;71;29;17;17;71;71;54;0;0;0;97;27;Y;Y;Y;N;N;N;Y
32717;605;602;2015/2016;complete;140;10;-1;;43,56,59,62;0;4;4;6;5;11;12;1;1;1;0;0;3;6;6;4;9;10;15;14;43;57;1;1;4.11;3.84;1.92;0;0;0;0;0;0;0;0;0;0;0;0;0;0;0;0;0;0;0;0;0;0;0;0;0;0;0;0;0;0;0;0;0;0;0;0;0;0;0;0;0;0;0;0;0;0;0;0;0;0;0;0;0;0;0;0;0;0;0;0;0;0;0;0;0;4;0;1;0;3;3;1;2015-12-13 06:00:00;602;0;80;10;70;0;-1;1;-1;-1;-1;-1;-1;-1;1;1;0;0;2;0;-1;0;0;0;0;0;0;0;0;0;0;0;0;0;1;1;0;0;-1;-1;0;0;-1;-1;-1;-1;-1;-1;-1;-1;-1;30;30;40;80;100;30;40;90;70;10.2;4.4;5.4;3;Newcastle Jets FC;Melbourne City FC;1.07;1.07;1;1.6;1.33;1.56;70;70;60;20;0;80;80;70;0;0;0;97;27;Y;Y;Y;Y;N;N;N
32718;600;607;2015/2016;complete;140;5;-1;74;;1;0;1;9;4;13;3;2;0;1;0;0;5;2;2;3;7;5;14;15;37;63;0;1;4.68;3.93;1.8;0;0;0;0;0;0;0;0;0;0;0;0;0;0;0;0;0;0;0;0;0;0;0;0;0;0;0;0;0;0;0;0;0;0;0;0;0;0;0;0;0;0;0;0;0;0;0;0;0;0;0;0;0;0;0;0;0;0;0;0;0;0;0;0;0;1;0;0;1;0;1;0;2015-12-16 10:00:00;600;0;48;23;13;0;-1;1;-1;-1;-1;-1;-1;-1;0;0;0;1;0;1;-1;0;0;0;0;0;0;0;0;0;0;0;0;0;1;1;0;0;-1;-1;0;0;-1;-1;-1;-1;-1;-1;-1;-1;-1;10;23;48;68;78;33;58;68;45;8.55;8;6.2;2.35;Perth Glory FC;Melbourne Victory FC;2.08;1;1.75;0.8;0.78;1.78;90;78;53;33;23;68;68;55;0;0;0;97;28;Y;N;N;N;N;N;N
32719;605;601;2015/2016;complete;140;11;-1;;;0;0;0;2;7;9;2;0;3;1;0;0;4;9;4;4;8;13;11;14;46;54;3;1;3.91;3.69;2.01;0;0;0;0;0;0;0;0;0;0;0;0;0;0;0;0;0;0;0;0;0;0;0;0;0;0;0;0;0;0;0;0;0;0;0;0;0;0;0;0;0;0;0;0;0;0;0;0;0;0;0;0;0;0;0;0;0;0;0;0;0;0;0;0;0;0;0;0;0;0;0;0;2015-12-18 08:40:00;-1;0;63;13;50;0;-1;1;-1;-1;-1;-1;-1;-1;2;0;1;1;2;2;-1;0;0;0;0;0;0;0;0;0;0;0;0;0;1;1;0;0;-1;-1;1;0;-1;-1;-1;-1;-1;-1;-1;-1;-1;13;34;67;84;100;25;59;100;71;11.92;6.08;4.92;3.09;Newcastle Jets FC;Adelaide United;1.07;1.71;0.83;0;1.2;0.9;88;67;34;17;0;79;67;54;0;0;0;97;27;N;N;N;N;N;N;N
32720;609;606;2015/2016;complete;140;11;-1;90;84;1;1;2;3;7;10;4;1;5;4;0;0;5;5;1;6;6;11;18;15;45;55;5;4;2.58;3.48;2.86;0;0;0;0;0;0;0;0;0;0;0;0;0;0;0;0;0;0;0;0;0;0;0;0;0;0;0;0;0;0;0;0;0;0;0;0;0;0;0;0;0;0;0;0;0;0;0;0;0;0;0;0;0;0;0;0;0;0;0;0;0;0;0;0;0;2;0;0;1;1;2;0;2015-12-19 06:15:00;-1;0;63;50;38;0;-1;1;-1;-1;-1;-1;-1;-1;1;1;4;3;2;7;-1;0;0;0;0;0;0;0;1;1;1;0;0;1;1;1;0;0;-1;-1;0;0;-1;-1;-1;-1;-1;-1;-1;-1;-1;25;38;63;75;88;63;63;75;50;7;6.5;6;3;Wellington Phoenix;Sydney FC;1.08;1.15;2.25;1.75;1.4;1.6;75;63;38;25;13;50;38;38;0;0;0;97;27;Y;Y;N;N;N;N;Y
32721;602;607;2015/2016;complete;140;11;-1;20,30;45;2;1;3;5;12;17;1;5;3;2;0;0;3;12;10;8;13;20;20;18;44;56;3;2;2.89;3.73;2.43;0;0;0;0;0;0;0;0;0;0;0;0;0;0;0;0;0;0;0;0;0;0;0;0;0;0;0;0;0;0;0;0;0;0;0;0;0;0;0;0;0;0;0;0;0;0;0;0;0;0;0;0;0;0;0;0;0;0;0;0;0;0;0;0;0;3;2;1;0;0;0;3;2015-12-19 08:30:00;602;0;46;34;0;0;-1;1;-1;-1;-1;-1;-1;-1;1;1;2;1;2;3;-1;0;0;0;0;0;0;0;0;0;0;0;0;0;1;1;0;0;-1;-1;0;0;-1;-1;-1;-1;-1;-1;-1;-1;-1;34;46;59;75;92;54;54;84;67;7.42;6.75;5.33;3.25;Melbourne City FC;Melbourne Victory FC;2.13;1;1.5;0.67;1.7;1.6;67;54;42;25;9;46;46;34;0;0;0;97;28;Y;Y;Y;N;N;N;Y
32722;600;608;2015/2016;complete;140;11;-1;2,60;20,81;2;2;4;2;3;5;3;3;5;2;0;0;2;4;2;5;4;9;17;15;42;58;5;2;4.17;3.66;1.95;0;0;0;0;0;0;0;0;0;0;0;0;0;0;0;0;0;0;0;0;0;0;0;0;0;0;0;0;0;0;0;0;0;0;0;0;0;0;0;0;0;0;0;0;0;0;0;0;0;0;0;0;0;0;0;0;0;0;0;0;0;0;0;0;0;4;1;1;1;1;2;2;2015-12-19 10:40:00;-1;0;50;10;20;0;-1;1;-1;-1;-1;-1;-1;-1;2;0;3;2;2;5;-1;0;0;0;0;0;0;0;1;0;1;0;0;0;1;1;1;0;-1;-1;0;0;-1;-1;-1;-1;-1;-1;-1;-1;-1;0;10;50;70;90;10;40;90;50;11.4;7.8;5.4;2.2;Perth Glory FC;Western Sydney Wanderers;2.08;1.47;2;2;1;2.2;100;90;50;30;10;60;60;40;0;0;0;97;28;Y;Y;Y;Y;N;N;Y
32723;603;604;2015/2016;complete;140;11;-1;;85;0;1;1;4;5;9;1;5;1;2;0;0;6;6;3;6;9;12;10;13;29;71;1;2;4;3.8;1.95;0;0;0;0;0;0;0;0;0;0;0;0;0;0;0;0;0;0;0;0;0;0;0;0;0;0;0;0;0;0;0;0;0;0;0;0;0;0;0;0;0;0;0;0;0;0;0;0;0;0;0;0;0;0;0;0;0;0;0;0;0;0;0;0;0;1;0;0;0;1;1;0;2015-12-20 06:00:00;604;0;80;50;40;0;-1;1;-1;-1;-1;-1;-1;-1;1;2;0;0;3;0;-1;0;0;0;0;0;0;0;0;0;0;0;0;0;1;1;0;0;-1;-1;0;1;-1;-1;-1;-1;-1;-1;-1;-1;-1;30;50;60;90;90;60;70;80;60;13.6;3.2;3.6;3.3;Central Coast Mariners;Brisbane Roar;0.64;0.93;0.8;1;0.5;1.8;70;50;40;10;10;70;70;60;0;0;0;97;27;Y;N;N;N;N;N;N
32724;608;605;2015/2016;complete;140;12;-1;45,70;;2;0;2;13;7;20;3;3;3;2;0;0;5;3;12;4;17;7;12;13;66;34;3;2;1.43;4.83;8.24;0;0;0;0;0;0;0;0;0;0;0;0;0;0;0;0;0;0;0;0;0;0;0;0;0;0;0;0;0;0;0;0;0;0;0;0;0;0;0;0;0;0;0;0;0;0;0;0;0;0;0;0;0;0;0;0;0;0;0;0;0;0;0;0;0;2;1;0;1;0;1;1;2015-12-24 08:00:00;608;0;55;43;0;0;-1;1;-1;-1;-1;-1;-1;-1;0;1;3;1;1;4;-1;0;0;0;0;0;0;0;0;0;0;0;0;0;1;1;0;0;-1;-1;0;1;-1;-1;-1;-1;-1;-1;-1;-1;-1;13;23;55;65;88;55;65;68;23;10.1;7.25;6.15;2.43;Western Sydney Wanderers;Newcastle Jets FC;2.07;1.15;2.4;1.75;2.09;1.18;88;78;45;35;13;88;75;75;0;0;0;97;27;Y;Y;N;N;N;N;N
32725;601;609;2015/2016;complete;140;12;-1;42,73,75;;3;0;3;6;9;15;4;1;0;1;0;1;9;6;4;3;13;9;13;13;50;50;0;2;1.99;3.73;3.92;0;0;0;0;0;0;0;0;0;0;0;0;0;0;0;0;0;0;0;0;0;0;0;0;0;0;0;0;0;0;0;0;0;0;0;0;0;0;0;0;0;0;0;0;0;0;0;0;0;0;0;0;0;0;0;0;0;0;0;0;0;0;0;0;0;3;1;0;2;0;2;1;2015-12-26 06:15:00;601;0;59;17;17;0;-1;1;-1;-1;-1;-1;-1;-1;0;1;0;1;1;1;-1;0;0;0;0;0;0;0;0;0;0;0;0;0;1;1;0;0;-1;-1;0;0;-1;-1;-1;-1;-1;-1;-1;-1;-1;9;9;50;67;75;25;67;67;33;11;4.33;5.33;2.17;Adelaide United;Wellington Phoenix;2.07;0.79;1.5;0.83;0.91;1.36;92;92;50;34;25;75;75;75;0;0;0;97;27;Y;Y;Y;N;N;N;N
32726;606;603;2015/2016;complete;140;12;-1;12,24,30,84;38;4;1;5;11;4;15;0;0;3;2;0;1;4;2;3;3;7;5;25;10;48;52;3;3;1.49;4.58;7.31;0;0;0;0;0;0;0;0;0;0;0;0;0;0;0;0;0;0;0;0;0;0;0;0;0;0;0;0;0;0;0;0;0;0;0;0;0;0;0;0;0;0;0;0;0;0;0;0;0;0;0;0;0;0;0;0;0;0;0;0;0;0;0;0;0;5;3;1;1;0;1;4;2015-12-26 08:30:00;606;0;67;27;20;0;-1;1;-1;-1;-1;-1;-1;-1;0;2;3;1;2;4;-1;0;0;0;0;0;0;0;2;0;2;0;0;0;1;1;0;0;-1;-1;0;0;-1;-1;-1;-1;-1;-1;-1;-1;-1;9;19;49;67;84;37;57;75;49;12.07;4.23;6.17;2.34;Sydney FC;Central Coast Mariners;1.36;0.31;1.5;0.2;1.55;0.45;92;82;52;34;17;74;74;65;0;0;0;97;27;Y;Y;Y;Y;Y;N;Y
32727;607;600;2015/2016;complete;140;12;-1;25;74;1;1;2;6;3;9;1;1;3;3;0;0;4;6;7;6;11;12;14;16;61;39;3;3;1.49;4.65;7.12;0;0;0;0;0;0;0;0;0;0;0;0;0;0;0;0;0;0;0;0;0;0;0;0;0;0;0;0;0;0;0;0;0;0;0;0;0;0;0;0;0;0;0;0;0;0;0;0;0;0;0;0;0;0;0;0;0;0;0;0;0;0;0;0;0;2;1;0;0;1;1;1;2015-12-27 06:00:00;-1;0;58;20;23;0;-1;1;-1;-1;-1;-1;-1;-1;0;2;3;1;2;4;-1;0;0;0;0;0;0;0;1;1;1;1;0;0;1;1;0;0;-1;-1;0;0;-1;-1;-1;-1;-1;-1;-1;-1;-1;33;33;70;70;100;45;90;80;45;8.95;6.85;4.85;3.15;Melbourne Victory FC;Perth Glory FC;2;1.07;3;0;1.45;1;68;68;30;30;0;78;65;55;0;0;0;97;28;Y;Y;N;N;N;N;Y
32728;604;602;2015/2016;complete;140;12;-1;31,40,90;49;3;1;4;8;7;15;5;2;2;2;0;0;5;9;13;12;18;21;11;11;44;56;2;2;2.28;3.71;3.15;0;0;0;0;0;0;0;0;0;0;0;0;0;0;0;0;0;0;0;0;0;0;0;0;0;0;0;0;0;0;0;0;0;0;0;0;0;0;0;0;0;0;0;0;0;0;0;0;0;0;0;0;0;0;0;0;0;0;0;0;0;0;0;0;0;4;2;0;1;1;2;2;2015-12-27 08:00:00;604;0;72;9;54;0;-1;1;-1;-1;-1;-1;-1;-1;0;0;2;2;0;4;-1;0;0;0;0;0;0;0;0;0;0;0;0;0;1;1;0;0;-1;-1;0;0;-1;-1;-1;-1;-1;-1;-1;-1;-1;25;34;64;90;100;25;72;92;82;10.47;4.1;3.97;3.29;Brisbane Roar;Melbourne City FC;2.53;1.07;2.6;1.83;1.91;1.82;75;67;37;10;0;72;72;64;0;0;0;97;29;Y;Y;Y;Y;N;N;Y
32729;603;609;2015/2016;complete;140;13;-1;27,30,70;67;3;1;4;6;6;12;2;1;4;5;0;0;6;3;4;3;10;6;27;13;39;61;4;5;2.8;3.65;2.54;0;0;0;0;0;0;0;0;0;0;0;0;0;0;0;0;0;0;0;0;0;0;0;0;0;0;0;0;0;0;0;0;0;0;0;0;0;0;0;0;0;0;0;0;0;0;0;0;0;0;0;0;0;0;0;0;0;0;0;0;0;0;0;0;0;4;2;0;1;1;2;2;2015-12-31 08:00:00;603;0;62;31;17;0;-1;1;-1;-1;-1;-1;-1;-1;1;2;3;3;3;6;-1;0;0;0;0;0;0;0;1;0;1;0;0;0;1;1;0;0;-1;-1;1;0;-1;-1;-1;-1;-1;-1;-1;-1;-1;17;25;61;85;93;40;77;93;55;10.14;3.38;4.71;2.88;Central Coast Mariners;Wellington Phoenix;0.64;0.79;0.67;0.71;0.42;1.25;84;75;40;16;7;77;68;60;0;0;0;97;27;Y;Y;Y;Y;N;N;Y
32730;608;601;2015/2016;complete;140;13;-1;;;0;0;0;4;3;7;7;6;3;2;0;0;6;2;5;5;11;7;14;16;52;48;3;2;1.9;3.8;4.24;0;0;0;0;0;0;0;0;0;0;0;0;0;0;0;0;0;0;0;0;0;0;0;0;0;0;0;0;0;0;0;0;0;0;0;0;0;0;0;0;0;0;0;0;0;0;0;0;0;0;0;0;0;0;0;0;0;0;0;0;0;0;0;0;0;0;0;0;0;0;0;0;2016-01-01 08:40:00;-1;0;55;35;20;0;-1;1;-1;-1;-1;-1;-1;-1;1;0;2;2;1;4;-1;0;0;0;0;0;0;0;0;0;0;0;0;0;1;1;0;0;-1;-1;0;0;-1;-1;-1;-1;-1;-1;-1;-1;-1;10;29;65;82;90;45;82;74;39;14.87;4.4;5.3;2.85;Western Sydney Wanderers;Adelaide United;2.07;1.71;2.5;0.2;2.17;1.08;90;72;35;19;10;90;70;60;0;0;0;97;29;N;N;N;N;N;N;N
32731;604;600;2015/2016;complete;140;13;-1;52,61;70;2;1;3;15;4;19;0;2;1;1;0;0;10;12;7;4;17;16;12;9;65;35;1;1;1.51;4.56;6.9;0;0;0;0;0;0;0;0;0;0;0;0;0;0;0;0;0;0;0;0;0;0;0;0;0;0;0;0;0;0;0;0;0;0;0;0;0;0;0;0;0;0;0;0;0;0;0;0;0;0;0;0;0;0;0;0;0;0;0;0;0;0;0;0;0;3;0;0;2;1;3;0;2016-01-02 06:15:00;604;0;59;17;34;0;-1;1;-1;-1;-1;-1;-1;-1;1;1;0;0;2;0;-1;0;0;0;0;0;0;0;0;0;0;0;0;0;1;1;0;0;-1;-1;0;0;-1;-1;-1;-1;-1;-1;-1;-1;-1;17;25;50;67;100;25;75;84;58;9.33;6.17;3.67;2.67;Brisbane Roar;Perth Glory FC;2.53;1.07;2.67;0.17;2;1;84;75;50;34;0;75;67;59;0;0;0;97;28;Y;Y;Y;N;N;N;Y
32732;602;606;2015/2016;complete;140;13;-1;37,60;53,78;2;2;4;7;11;18;2;1;2;1;0;0;3;7;3;7;6;14;12;11;48;52;2;1;2.27;3.62;3.24;0;0;0;0;0;0;0;0;0;0;0;0;0;0;0;0;0;0;0;0;0;0;0;0;0;0;0;0;0;0;0;0;0;0;0;0;0;0;0;0;0;0;0;0;0;0;0;0;0;0;0;0;0;0;0;0;0;0;0;0;0;0;0;0;0;4;1;0;1;2;3;1;2016-01-02 08:30:00;-1;0;70;40;20;0;-1;1;-1;-1;-1;-1;-1;-1;0;1;2;0;1;2;-1;0;0;0;0;0;0;0;0;0;0;0;0;0;1;1;0;0;-1;-1;0;0;-1;-1;-1;-1;-1;-1;-1;-1;-1;20;40;70;80;90;50;50;80;70;7.2;4.8;5.4;3.1;Melbourne City FC;Sydney FC;2.13;1.15;1.8;1.6;1.67;1.67;80;60;30;20;10;40;40;20;0;0;0;97;27;Y;Y;Y;Y;N;N;Y
32733;605;607;2015/2016;complete;140;13;-1;;71;0;1;1;4;5;9;0;8;3;4;0;0;3;6;4;0;7;6;20;13;49;51;3;4;4.7;3.98;1.78;0;0;0;0;0;0;0;0;0;0;0;0;0;0;0;0;0;0;0;0;0;0;0;0;0;0;0;0;0;0;0;0;0;0;0;0;0;0;0;0;0;0;0;0;0;0;0;0;0;0;0;0;0;0;0;0;0;0;0;0;0;0;0;0;0;1;0;0;0;1;1;0;2016-01-03 06:00:00;607;0;36;15;22;0;-1;1;-1;-1;-1;-1;-1;-1;2;2;1;2;4;3;-1;0;0;0;0;0;0;0;0;0;0;0;0;0;1;1;0;0;-1;-1;0;0;-1;-1;-1;-1;-1;-1;-1;-1;-1;7;14;29;57;86;22;29;72;43;10;8.57;4.57;2;Newcastle Jets FC;Melbourne Victory FC;1.07;1;0.86;0.57;1.08;1.42;93;86;71;43;14;79;71;71;0;0;0;97;27;Y;N;N;N;N;N;N
32734;603;607;2015/2016;complete;140;14;-1;12,30,35;60,66,90;3;3;6;1;15;16;0;3;4;2;0;0;2;4;5;10;7;14;14;12;29;71;4;2;6.16;4.57;1.55;0;0;0;0;0;0;0;0;0;0;0;0;0;0;0;0;0;0;0;0;0;0;0;0;0;0;0;0;0;0;0;0;0;0;0;0;0;0;0;0;0;0;0;0;0;0;0;0;0;0;0;0;0;0;0;0;0;0;0;0;0;0;0;0;0;6;3;0;0;3;3;3;2016-01-08 08:40:00;-1;0;48;27;22;0;-1;1;-1;-1;-1;-1;-1;-1;0;0;4;2;0;6;-1;0;0;0;0;0;0;0;0;1;0;1;0;0;1;1;0;0;-1;-1;0;0;-1;-1;-1;-1;-1;-1;-1;-1;-1;21;35;41;68;94;48;55;82;48;11.63;6.71;5.17;2.72;Central Coast Mariners;Melbourne Victory FC;0.64;1;1;0.88;0.62;1.54;80;66;59;32;7;73;60;53;0;0;0;97;27;Y;Y;Y;Y;Y;Y;Y
32735;606;605;2015/2016;complete;140;14;-1;15,80;;2;0;2;7;1;8;2;6;0;1;0;0;3;2;7;4;10;6;8;8;59;41;0;1;1.42;4.92;8.63;0;0;0;0;0;0;0;0;0;0;0;0;0;0;0;0;0;0;0;0;0;0;0;0;0;0;0;0;0;0;0;0;0;0;0;0;0;0;0;0;0;0;0;0;0;0;0;0;0;0;0;0;0;0;0;0;0;0;0;0;0;0;0;0;0;2;1;0;1;0;1;1;2016-01-09 06:15:00;606;0;42;32;0;0;-1;1;-1;-1;-1;-1;-1;-1;0;0;0;1;0;1;-1;0;0;0;0;0;0;0;0;0;0;0;0;0;1;1;0;0;-1;-1;0;0;-1;-1;-1;-1;-1;-1;-1;-1;-1;25;25;35;52;76;42;52;69;17;10.63;5.57;6.54;2.17;Sydney FC;Newcastle Jets FC;1.36;1.15;1.71;1.4;1.62;1;76;76;66;49;25;76;66;59;0;0;0;97;27;Y;Y;N;N;N;N;N
32736;602;608;2015/2016;complete;140;14;-1;7,24,85;29,60;3;2;5;6;9;15;4;7;4;0;0;0;5;13;6;6;11;19;25;13;43;57;4;0;2.86;3.63;2.5;0;0;0;0;0;0;0;0;0;0;0;0;0;0;0;0;0;0;0;0;0;0;0;0;0;0;0;0;0;0;0;0;0;0;0;0;0;0;0;0;0;0;0;0;0;0;0;0;0;0;0;0;0;0;0;0;0;0;0;0;0;0;0;0;0;5;2;1;1;1;2;3;2016-01-09 08:30:00;602;0;67;34;25;0;-1;1;-1;-1;-1;-1;-1;-1;2;0;2;0;2;2;-1;0;0;0;0;0;0;0;0;0;0;0;0;0;1;1;1;0;-1;-1;0;0;-1;-1;-1;-1;-1;-1;-1;-1;-1;17;42;75;92;100;42;58;92;75;9.83;6.5;5.33;3.34;Melbourne City FC;Western Sydney Wanderers;2.13;1.47;1.67;1.83;1.62;2.08;84;58;25;9;0;42;42;25;0;0;0;97;29;Y;Y;Y;Y;Y;N;Y
32737;600;601;2015/2016;complete;140;14;-1;6;27,47,90;1;3;4;1;5;6;3;0;0;3;1;0;5;12;5;6;10;18;15;12;35;65;2;3;3.01;3.51;2.45;0;0;0;0;0;0;0;0;0;0;0;0;0;0;0;0;0;0;0;0;0;0;0;0;0;0;0;0;0;0;0;0;0;0;0;0;0;0;0;0;0;0;0;0;0;0;0;0;0;0;0;0;0;0;0;0;0;0;0;0;0;0;0;0;0;4;1;1;0;2;2;2;2016-01-09 10:40:00;601;0;59;25;33;0;-1;1;-1;-1;-1;-1;-1;-1;1;1;0;2;2;2;-1;0;0;0;0;0;0;0;0;0;0;0;0;0;1;1;1;0;-1;-1;0;0;-1;-1;-1;-1;-1;-1;-1;-1;-1;9;33;67;67;75;33;67;75;50;10.83;5.17;5.5;2.59;Perth Glory FC;Adelaide United;2.08;1.71;1.83;0.33;0.92;1.08;92;67;33;33;25;67;50;34;0;0;0;97;28;Y;Y;Y;Y;N;N;Y
32738;609;604;2015/2016;complete;140;14;-1;;;0;0;0;5;7;12;4;1;2;2;0;0;4;8;5;3;9;11;15;10;33;67;2;2;3.55;3.64;2.13;0;0;0;0;0;0;0;0;0;0;0;0;0;0;0;0;0;0;0;0;0;0;0;0;0;0;0;0;0;0;0;0;0;0;0;0;0;0;0;0;0;0;0;0;0;0;0;0;0;0;0;0;0;0;0;0;0;0;0;0;0;0;0;0;0;0;0;0;0;0;0;0;2016-01-10 06:00:00;-1;0;74;55;47;0;-1;1;-1;-1;-1;-1;-1;-1;0;1;2;1;1;3;-1;0;0;0;0;0;0;0;0;0;0;0;0;0;1;1;0;0;-1;-1;0;0;-1;-1;-1;-1;-1;-1;-1;-1;-1;29;37;55;84;92;65;65;74;47;10.43;5.4;5.3;3.05;Wellington Phoenix;Brisbane Roar;1.08;0.93;2;1.33;1.15;2.08;72;64;45;17;9;82;64;54;0;0;0;97;27;N;N;N;N;N;N;N
32739;607;604;2015/2016;complete;140;15;-1;5,11,30,52;;4;0;4;3;5;8;3;0;0;1;0;0;4;3;2;3;6;6;9;10;40;60;0;1;1.93;3.82;4.05;0;0;0;0;0;0;0;0;0;0;0;0;0;0;0;0;0;0;0;0;0;0;0;0;0;0;0;0;0;0;0;0;0;0;0;0;0;0;0;0;0;0;0;0;0;0;0;0;0;0;0;0;0;0;0;0;0;0;0;0;0;0;0;0;0;4;3;0;1;0;1;3;2016-01-15 08:40:00;607;0;69;22;25;0;-1;1;-1;-1;-1;-1;-1;-1;0;0;0;1;0;1;-1;0;0;0;0;0;0;0;0;0;0;0;0;0;1;1;1;0;-1;-1;0;0;-1;-1;-1;-1;-1;-1;-1;-1;-1;17;25;62;79;86;42;72;79;35;11.86;4.66;3.97;2.67;Melbourne Victory FC;Brisbane Roar;2;0.93;2.6;1.29;1.5;2;83;76;39;22;15;83;56;56;0;0;0;97;28;Y;Y;Y;Y;N;N;N
32740;601;603;2015/2016;complete;140;15;-1;60,81,90;67;3;1;4;8;4;12;1;0;2;4;0;0;4;3;8;0;12;3;9;16;58;42;2;4;1.44;4.9;7.78;0;0;0;0;0;0;0;0;0;0;0;0;0;0;0;0;0;0;0;0;0;0;0;0;0;0;0;0;0;0;0;0;0;0;0;0;0;0;0;0;0;0;0;0;0;0;0;0;0;0;0;0;0;0;0;0;0;0;0;0;0;0;0;0;0;4;0;0;3;1;4;0;2016-01-16 06:15:00;601;0;72;17;31;0;-1;1;-1;-1;-1;-1;-1;-1;2;1;0;3;3;3;-1;0;0;0;0;0;0;0;1;1;0;0;1;1;1;1;0;0;-1;-1;0;0;-1;-1;-1;-1;-1;-1;-1;-1;-1;16;24;63;79;86;32;70;79;55;13.43;4.71;5.14;2.74;Adelaide United;Central Coast Mariners;2.07;0.31;1.71;0.17;1.21;0.64;85;77;37;22;15;77;77;77;0;0;0;97;27;Y;Y;Y;Y;N;N;Y
32741;608;606;2015/2016;complete;140;15;-1;58;22,90;1;2;3;9;3;12;4;3;1;2;0;0;4;4;4;1;8;5;17;8;66;34;1;2;2.04;3.63;3.86;0;0;0;0;0;0;0;0;0;0;0;0;0;0;0;0;0;0;0;0;0;0;0;0;0;0;0;0;0;0;0;0;0;0;0;0;0;0;0;0;0;0;0;0;0;0;0;0;0;0;0;0;0;0;0;0;0;0;0;0;0;0;0;0;0;3;0;1;1;1;2;1;2016-01-16 08:30:00;606;0;55;30;25;0;-1;1;-1;-1;-1;-1;-1;-1;0;2;1;0;2;1;-1;0;0;0;0;0;0;0;0;0;0;0;0;0;1;1;0;0;-1;-1;0;0;-1;-1;-1;-1;-1;-1;-1;-1;-1;0;24;47;69;85;30;52;70;41;12.31;6.07;5.07;2.24;Western Sydney Wanderers;Sydney FC;2.07;1.15;2.29;1.5;1.93;1.71;100;77;54;31;16;68;68;60;0;0;0;97;27;Y;Y;Y;N;N;N;Y
32742;600;602;2015/2016;complete;140;15;-1;45,60;31,47;2;2;4;3;5;8;4;0;3;4;1;0;8;4;4;10;12;14;15;14;44;56;4;4;3.61;3.78;2.07;0;0;0;0;0;0;0;0;0;0;0;0;0;0;0;0;0;0;0;0;0;0;0;0;0;0;0;0;0;0;0;0;0;0;0;0;0;0;0;0;0;0;0;0;0;0;0;0;0;0;0;0;0;0;0;0;0;0;0;0;0;0;0;0;0;4;1;1;1;1;2;2;2016-01-16 10:40:00;-1;0;79;29;50;0;-1;1;-1;-1;-1;-1;-1;-1;1;2;3;2;3;5;-1;0;0;0;0;0;0;0;0;0;0;0;0;0;1;1;0;0;-1;-1;0;0;-1;-1;-1;-1;-1;-1;-1;-1;-1;22;57;71;86;93;50;79;86;72;9.72;4.57;5.71;3.43;Perth Glory FC;Melbourne City FC;2.08;1.07;1.57;1.57;0.86;1.71;79;43;29;15;7;72;72;57;0;0;0;97;28;Y;Y;Y;Y;N;N;Y
32743;605;609;2015/2016;complete;140;15;-1;7,26,66;81;3;1;4;4;8;12;4;5;2;1;1;0;4;8;4;6;8;14;14;16;35;65;3;1;2.68;3.59;2.68;0;0;0;0;0;0;0;0;0;0;0;0;0;0;0;0;0;0;0;0;0;0;0;0;0;0;0;0;0;0;0;0;0;0;0;0;0;0;0;0;0;0;0;0;0;0;0;0;0;0;0;0;0;0;0;0;0;0;0;0;0;0;0;0;0;4;2;0;1;1;2;2;2016-01-17 06:00:00;605;0;51;13;26;0;-1;1;-1;-1;-1;-1;-1;-1;1;1;2;0;2;2;-1;0;0;0;0;0;0;0;1;0;1;0;0;0;1;1;1;0;-1;-1;0;0;-1;-1;-1;-1;-1;-1;-1;-1;-1;0;13;50;69;88;19;51;88;50;8.63;5.13;5;2.19;Newcastle Jets FC;Wellington Phoenix;1.07;0.79;0.75;0.63;0.93;1.14;100;88;50;32;13;88;76;76;0;0;0;97;27;Y;Y;Y;Y;N;N;Y
32744;604;601;2015/2016;complete;140;16;-1;50;19,56,67,90;1;4;5;6;3;9;2;3;2;4;0;0;6;0;6;2;12;2;14;16;68;32;2;4;2.11;3.7;3.56;0;0;0;0;0;0;0;0;0;0;0;0;0;0;0;0;0;0;0;0;0;0;0;0;0;0;0;0;0;0;0;0;0;0;0;0;0;0;0;0;0;0;0;0;0;0;0;0;0;0;0;0;0;0;0;0;0;0;0;0;0;0;0;0;0;5;0;1;1;3;4;1;2016-01-22 09:00:00;601;0;64;15;43;0;-1;1;-1;-1;-1;-1;-1;-1;1;1;1;3;2;4;-1;0;0;0;0;0;0;0;1;1;1;1;0;0;1;1;0;0;-1;-1;0;0;-1;-1;-1;-1;-1;-1;-1;-1;-1;7;29;71;79;86;29;64;86;72;13;4.43;3.71;2.79;Brisbane Roar;Adelaide United;2.53;1.71;2.71;0.71;1.87;1.33;93;72;29;22;15;64;50;43;0;0;0;97;29;Y;Y;Y;Y;Y;N;Y
32745;603;608;2015/2016;complete;140;16;-1;67;11,88;1;2;3;5;8;13;1;0;3;1;1;0;5;5;1;5;6;10;18;13;46;54;5;1;5.91;4.31;1.6;0;0;0;0;0;0;0;0;0;0;0;0;0;0;0;0;0;0;0;0;0;0;0;0;0;0;0;0;0;0;0;0;0;0;0;0;0;0;0;0;0;0;0;0;0;0;0;0;0;0;0;0;0;0;0;0;0;0;0;0;0;0;0;0;0;3;0;1;1;1;2;1;2016-01-23 08:30:00;608;0;66;27;41;0;-1;1;-1;-1;-1;-1;-1;-1;1;0;3;1;1;4;-1;0;0;0;0;0;0;0;0;0;0;0;0;0;1;1;0;0;-1;-1;0;0;-1;-1;-1;-1;-1;-1;-1;-1;-1;26;46;60;87;100;46;59;100;73;11.81;6.36;4.93;3.31;Central Coast Mariners;Western Sydney Wanderers;0.64;1.47;1;1.57;0.6;1.8;75;55;41;14;0;59;53;40;0;0;0;97;27;Y;Y;Y;N;N;N;Y
32746;605;600;2015/2016;complete;140;16;-1;14;24,45,48,54,74,88;1;6;7;4;10;14;0;8;2;2;1;0;2;8;4;4;6;12;14;7;36;64;3;2;2.49;3.46;2.99;0;0;0;0;0;0;0;0;0;0;0;0;0;0;0;0;0;0;0;0;0;0;0;0;0;0;0;0;0;0;0;0;0;0;0;0;0;0;0;0;0;0;0;0;0;0;0;0;0;0;0;0;0;0;0;0;0;0;0;0;0;0;0;0;0;7;1;2;0;4;4;3;2016-01-24 06:00:00;600;0;51;15;37;0;-1;1;-1;-1;-1;-1;-1;-1;3;0;0;2;3;2;-1;0;0;0;0;0;0;0;0;0;0;0;0;0;1;1;0;0;-1;-1;0;0;-1;-1;-1;-1;-1;-1;-1;-1;-1;15;26;38;57;95;20;47;80;50;8.22;6.56;4.54;2.36;Newcastle Jets FC;Perth Glory FC;1.07;1.07;1;0.14;1.07;0.87;86;75;62;44;6;88;69;62;0;0;0;97;27;Y;Y;Y;Y;Y;Y;Y
32747;602;609;2015/2016;complete;140;16;-1;11,31,49;66;3;1;4;7;3;10;3;2;1;2;0;0;6;4;8;3;14;7;17;14;57;43;1;2;1.61;4.45;5.65;0;0;0;0;0;0;0;0;0;0;0;0;0;0;0;0;0;0;0;0;0;0;0;0;0;0;0;0;0;0;0;0;0;0;0;0;0;0;0;0;0;0;0;0;0;0;0;0;0;0;0;0;0;0;0;0;0;0;0;0;0;0;0;0;0;4;2;0;1;1;2;2;2016-01-25 09:20:00;602;0;77;40;26;0;-1;1;-1;-1;-1;-1;-1;-1;0;1;1;1;1;2;-1;0;0;0;0;0;0;0;0;0;0;0;0;0;1;1;0;0;-1;-1;0;0;-1;-1;-1;-1;-1;-1;-1;-1;-1;22;47;89;95;95;58;88;88;71;8.92;4.29;5.49;3.54;Melbourne City FC;Wellington Phoenix;2.13;0.79;1.86;0.56;1.67;1.07;79;54;11;6;6;73;73;66;0;0;0;97;27;Y;Y;Y;Y;N;N;Y
32748;607;606;2015/2016;complete;140;16;-1;79;;1;0;1;11;1;12;6;2;2;0;0;0;4;5;5;1;9;6;16;15;53;47;2;0;2.14;3.61;3.56;0;0;0;0;0;0;0;0;0;0;0;0;0;0;0;0;0;0;0;0;0;0;0;0;0;0;0;0;0;0;0;0;0;0;0;0;0;0;0;0;0;0;0;0;0;0;0;0;0;0;0;0;0;0;0;0;0;0;0;0;0;0;0;0;0;1;0;0;1;0;1;0;2016-01-26 08:30:00;607;0;69;7;37;0;-1;1;-1;-1;-1;-1;-1;-1;1;0;1;0;1;1;-1;0;0;0;0;0;0;0;0;0;0;0;0;0;1;1;0;0;-1;-1;0;0;-1;-1;-1;-1;-1;-1;-1;-1;-1;9;31;70;86;93;32;72;93;52;9.53;5.4;4.43;2.88;Melbourne Victory FC;Sydney FC;2;1.15;2.67;1.71;1.6;1.8;92;69;30;15;7;62;45;38;0;0;0;97;27;Y;N;N;N;N;N;N
32749;608;602;2015/2016;complete;140;17;-1;32,60,66,89;76,78,90;4;3;7;1;7;8;6;3;2;2;0;1;4;3;5;4;9;7;20;11;44;56;2;3;2.1;3.91;3.41;0;0;0;0;0;0;0;0;0;0;0;0;0;0;0;0;0;0;0;0;0;0;0;0;0;0;0;0;0;0;0;0;0;0;0;0;0;0;0;0;0;0;0;0;0;0;0;0;0;0;0;0;0;0;0;0;0;0;0;0;0;0;0;0;0;7;1;0;3;3;6;1;2016-01-29 08:40:00;608;0;69;32;44;0;-1;1;-1;-1;-1;-1;-1;-1;2;0;0;3;2;3;-1;0;0;0;0;0;0;0;0;0;0;0;0;0;1;1;0;0;-1;-1;0;0;-1;-1;-1;-1;-1;-1;-1;-1;-1;19;44;63;88;94;51;82;76;57;13.13;5.01;5.51;3.19;Western Sydney Wanderers;Melbourne City FC;2.07;1.07;2;1.5;1.88;1.75;82;57;38;13;7;82;82;76;0;0;0;97;29;Y;Y;Y;Y;Y;Y;Y
32750;609;603;2015/2016;complete;140;17;-1;90;50,53,85;1;3;4;13;3;16;2;2;2;2;0;0;5;2;6;1;11;3;15;13;63;37;2;2;1.81;4;4.51;0;0;0;0;0;0;0;0;0;0;0;0;0;0;0;0;0;0;0;0;0;0;0;0;0;0;0;0;0;0;0;0;0;0;0;0;0;0;0;0;0;0;0;0;0;0;0;0;0;0;0;0;0;0;0;0;0;0;0;0;0;0;0;0;0;4;0;0;1;3;4;0;2016-01-30 06:15:00;603;0;84;40;47;0;-1;1;-1;-1;-1;-1;-1;-1;2;1;0;1;3;1;-1;0;0;0;0;0;0;0;0;0;0;0;0;0;1;1;0;0;-1;-1;0;0;-1;-1;-1;-1;-1;-1;-1;-1;-1;24;38;68;92;92;55;69;84;61;9.54;5.21;6.64;3.22;Wellington Phoenix;Central Coast Mariners;1.08;0.31;1.83;0.14;1;0.56;77;62;32;9;9;85;77;68;0;0;0;97;27;Y;Y;Y;Y;N;N;Y
32751;606;604;2015/2016;complete;140;17;-1;52;8,67,76;1;3;4;6;5;11;3;5;2;3;0;0;4;6;7;5;11;11;11;12;52;48;2;3;2.11;3.65;3.61;0;0;0;0;0;0;0;0;0;0;0;0;0;0;0;0;0;0;0;0;0;0;0;0;0;0;0;0;0;0;0;0;0;0;0;0;0;0;0;0;0;0;0;0;0;0;0;0;0;0;0;0;0;0;0;0;0;0;0;0;0;0;0;0;0;4;0;1;1;2;3;1;2016-01-30 08:30:00;604;0;44;38;13;0;-1;1;-1;-1;-1;-1;-1;-1;1;1;1;2;2;3;-1;0;0;0;0;0;0;0;0;0;0;0;0;0;1;1;0;1;-1;-1;0;0;-1;-1;-1;-1;-1;-1;-1;-1;-1;19;32;38;57;75;44;50;63;19;13.13;3.26;4.25;2.26;Sydney FC;Brisbane Roar;1.36;0.93;1.88;1.13;1.69;1.75;82;69;63;44;25;69;63;57;0;0;0;97;27;Y;Y;Y;Y;N;N;Y
32752;600;607;2015/2016;complete;140;17;-1;27,29,82;44,69;3;2;5;1;10;11;4;2;2;3;0;1;4;3;2;4;6;7;16;16;47;53;2;5;3.6;3.78;2.07;0;0;0;0;0;0;0;0;0;0;0;0;0;0;0;0;0;0;0;0;0;0;0;0;0;0;0;0;0;0;0;0;0;0;0;0;0;0;0;0;0;0;0;0;0;0;0;0;0;0;0;0;0;0;0;0;0;0;0;0;0;0;0;0;0;5;2;1;1;1;2;3;2016-01-30 10:40:00;600;0;54;36;19;0;-1;1;-1;-1;-1;-1;-1;-1;0;1;2;3;1;5;-1;0;0;0;0;0;0;0;1;0;1;0;0;0;1;1;0;0;-1;-1;0;0;-1;-1;-1;-1;-1;-1;-1;-1;-1;11;36;54;66;89;47;60;78;48;10.42;7.91;5.66;2.66;Perth Glory FC;Melbourne Victory FC;2.08;1;1.5;0.89;1;1.69;89;64;46;35;12;64;59;53;0;0;0;97;28;Y;Y;Y;Y;Y;N;Y
32753;601;605;2015/2016;complete;140;17;-1;42;;1;0;1;8;3;11;3;2;1;3;0;0;5;3;4;5;9;8;17;12;59;41;1;3;1.42;5.01;8.1;0;0;0;0;0;0;0;0;0;0;0;0;0;0;0;0;0;0;0;0;0;0;0;0;0;0;0;0;0;0;0;0;0;0;0;0;0;0;0;0;0;0;0;0;0;0;0;0;0;0;0;0;0;0;0;0;0;0;0;0;0;0;0;0;0;1;1;0;0;0;0;1;2016-01-31 06:00:00;601;0;42;9;19;0;-1;1;-1;-1;-1;-1;-1;-1;0;2;1;1;2;2;-1;0;0;0;0;0;0;0;0;0;0;0;0;0;1;1;0;0;-1;-1;0;2;-1;-1;-1;-1;-1;-1;-1;-1;-1;15;21;42;65;79;23;59;73;34;11.17;6.83;5.13;2.28;Adelaide United;Newcastle Jets FC;2.07;1.15;1.88;1.17;1.44;1;86;79;59;36;21;71;63;63;0;0;0;97;27;Y;N;N;N;N;N;N
32754;601;606;2015/2016;complete;140;18;-1;2,45;37,45;2;2;4;5;4;9;2;2;3;2;0;0;2;7;2;4;4;11;13;17;43;57;3;2;2.17;3.61;3.49;0;0;0;0;0;0;0;0;0;0;0;0;0;0;0;0;0;0;0;0;0;0;0;0;0;0;0;0;0;0;0;0;0;0;0;0;0;0;0;0;0;0;0;0;0;0;0;0;0;0;0;0;0;0;0;0;0;0;0;0;0;0;0;0;0;4;2;2;0;0;0;4;2016-02-05 08:40:00;-1;0;54;7;42;0;-1;1;-1;-1;-1;-1;-1;-1;1;1;2;1;2;3;-1;0;0;0;0;0;0;0;0;0;0;0;0;0;1;1;1;0;-1;-1;0;0;-1;-1;-1;-1;-1;-1;-1;-1;-1;6;24;47;60;83;12;47;72;54;11.94;5.06;4.13;2.24;Adelaide United;Sydney FC;2.07;1.15;2;1.5;1.53;1.59;95;77;53;41;18;71;71;64;0;0;0;97;27;Y;Y;Y;Y;N;N;Y
32755;604;603;2015/2016;complete;140;18;-1;20,36,59,72;;4;0;4;10;2;12;5;1;3;0;0;1;9;5;7;2;16;7;11;7;66;34;3;2;1.42;5.37;7.35;0;0;0;0;0;0;0;0;0;0;0;0;0;0;0;0;0;0;0;0;0;0;0;0;0;0;0;0;0;0;0;0;0;0;0;0;0;0;0;0;0;0;0;0;0;0;0;0;0;0;0;0;0;0;0;0;0;0;0;0;0;0;0;0;0;4;2;0;2;0;2;2;2016-02-06 06:15:00;604;0;88;13;57;0;-1;1;-1;-1;-1;-1;-1;-1;1;0;2;1;1;3;-1;0;0;0;0;0;0;0;1;0;1;0;0;0;1;1;0;0;-1;-1;0;0;-1;-1;-1;-1;-1;-1;-1;-1;-1;13;38;82;94;100;26;63;100;82;12.01;4.25;4.13;3.25;Brisbane Roar;Central Coast Mariners;2.53;0.31;2.38;0.5;1.82;0.71;88;63;19;7;0;82;76;76;0;0;0;97;27;Y;Y;Y;Y;N;N;N
32756;607;608;2015/2016;complete;140;18;-1;16;89;1;1;2;5;13;18;3;1;5;4;0;1;2;7;2;4;4;11;19;15;36;64;5;6;2.35;3.72;3.02;0;0;0;0;0;0;0;0;0;0;0;0;0;0;0;0;0;0;0;0;0;0;0;0;0;0;0;0;0;0;0;0;0;0;0;0;0;0;0;0;0;0;0;0;0;0;0;0;0;0;0;0;0;0;0;0;0;0;0;0;0;0;0;0;0;2;1;0;0;1;1;1;2016-02-06 08:30:00;-1;0;60;13;32;0;-1;1;-1;-1;-1;-1;-1;-1;1;3;4;2;4;6;-1;0;0;0;0;0;0;0;0;0;0;0;0;0;1;1;0;0;-1;-1;0;0;-1;-1;-1;-1;-1;-1;-1;-1;-1;14;27;67;87;100;34;68;100;52;12.2;7.54;4.25;2.94;Melbourne Victory FC;Western Sydney Wanderers;2;1.47;2.71;1.75;1.59;1.94;87;73;34;14;0;61;47;41;0;0;0;97;28;Y;Y;N;N;N;N;Y
32757;609;600;2015/2016;complete;140;18;-1;;21;0;1;1;7;2;9;4;14;1;2;0;0;5;2;5;0;10;2;16;18;59;41;1;2;2.43;3.68;2.93;0;0;0;0;0;0;0;0;0;0;0;0;0;0;0;0;0;0;0;0;0;0;0;0;0;0;0;0;0;0;0;0;0;0;0;0;0;0;0;0;0;0;0;0;0;0;0;0;0;0;0;0;0;0;0;0;0;0;0;0;0;0;0;0;0;1;0;1;0;0;0;1;2016-02-07 04:00:00;600;0;67;41;41;0;-1;1;-1;-1;-1;-1;-1;-1;0;2;1;0;2;1;-1;0;0;0;0;0;0;0;0;0;0;0;0;0;1;1;0;0;-1;-1;0;0;-1;-1;-1;-1;-1;-1;-1;-1;-1;34;41;54;75;93;48;66;73;54;9.89;6.92;5.67;3.2;Wellington Phoenix;Perth Glory FC;1.08;1.07;1.57;0.5;0.94;1.12;67;60;47;26;7;87;73;60;0;0;0;97;27;Y;N;N;N;N;N;N
32758;605;602;2015/2016;complete;140;18;-1;48,72;79;2;1;3;4;12;16;4;1;3;4;0;1;5;8;7;2;12;10;13;18;47;53;3;6;4.19;4.19;1.83;0;0;0;0;0;0;0;0;0;0;0;0;0;0;0;0;0;0;0;0;0;0;0;0;0;0;0;0;0;0;0;0;0;0;0;0;0;0;0;0;0;0;0;0;0;0;0;0;0;0;0;0;0;0;0;0;0;0;0;0;0;0;0;0;0;3;0;0;2;1;3;0;2016-02-07 06:00:00;605;0;70;16;59;0;-1;1;-1;-1;-1;-1;-1;-1;0;0;3;5;0;8;-1;0;0;0;0;0;0;0;1;0;1;0;0;0;1;1;0;0;-1;-1;0;0;-1;-1;-1;-1;-1;-1;-1;-1;-1;27;54;59;80;95;38;60;90;75;10.09;4.76;5.31;3.47;Newcastle Jets FC;Melbourne City FC;1.07;1.07;0.9;1.33;0.94;1.65;73;46;41;20;5;79;69;63;0;0;0;97;27;Y;Y;Y;N;N;N;Y
32759;604;605;2015/2016;complete;140;19;-1;6,69;15,19;2;2;4;7;4;11;2;1;1;2;0;0;7;3;11;2;18;5;10;17;60;40;1;2;1.35;5.74;8.88;0;0;0;0;0;0;0;0;0;0;0;0;0;0;0;0;0;0;0;0;0;0;0;0;0;0;0;0;0;0;0;0;0;0;0;0;0;0;0;0;0;0;0;0;0;0;0;0;0;0;0;0;0;0;0;0;0;0;0;0;0;0;0;0;0;4;1;2;1;0;1;3;2016-02-12 09:00:00;-1;0;48;7;28;0;-1;1;-1;-1;-1;-1;-1;-1;1;1;0;1;2;1;-1;0;0;0;0;0;0;0;1;1;0;1;1;0;1;1;1;0;-1;-1;0;0;-1;-1;-1;-1;-1;-1;-1;-1;-1;13;24;54;73;93;26;69;86;52;10.57;6.78;4.33;2.56;Brisbane Roar;Newcastle Jets FC;2.53;1.15;2.44;1;1.89;1.06;88;77;47;27;7;75;62;62;0;0;0;97;27;Y;Y;Y;Y;N;N;Y
32760;606;600;2015/2016;complete;140;19;-1;79;23,65;1;2;3;7;4;11;4;5;3;2;0;0;5;2;5;5;10;7;17;14;58;42;3;2;1.73;4.1;4.93;0;0;0;0;0;0;0;0;0;0;0;0;0;0;0;0;0;0;0;0;0;0;0;0;0;0;0;0;0;0;0;0;0;0;0;0;0;0;0;0;0;0;0;0;0;0;0;0;0;0;0;0;0;0;0;0;0;0;0;0;0;0;0;0;0;3;0;1;1;1;2;1;2016-02-13 06:15:00;600;0;50;33;17;0;-1;1;-1;-1;-1;-1;-1;-1;0;1;3;1;1;4;-1;0;0;0;0;0;0;0;0;0;0;0;0;0;1;1;0;0;-1;-1;0;1;-1;-1;-1;-1;-1;-1;-1;-1;-1;28;33;39;56;89;33;67;67;33;10.88;6.56;5;2.67;Sydney FC;Perth Glory FC;1.36;1.07;1.67;0.78;1.56;1.22;73;67;62;44;11;78;67;56;0;0;0;97;27;Y;Y;Y;N;N;N;Y
32761;602;607;2015/2016;complete;140;19;-1;22,31;28,47;2;2;4;4;6;10;1;1;4;4;1;0;3;4;5;8;8;12;24;22;45;55;5;4;2.75;3.82;2.5;0;0;0;0;0;0;0;0;0;0;0;0;0;0;0;0;0;0;0;0;0;0;0;0;0;0;0;0;0;0;0;0;0;0;0;0;0;0;0;0;0;0;0;0;0;0;0;0;0;0;0;0;0;0;0;0;0;0;0;0;0;0;0;0;0;4;2;1;0;1;1;3;2016-02-13 08:30:00;-1;0;64;40;24;0;-1;1;-1;-1;-1;-1;-1;-1;4;2;1;2;6;3;-1;0;0;0;0;0;0;0;0;0;0;0;0;0;1;1;0;0;-1;-1;2;0;-1;-1;-1;-1;-1;-1;-1;-1;-1;34;53;70;80;95;63;69;79;64;11.5;6.88;5.5;3.48;Melbourne City FC;Melbourne Victory FC;2.13;1;2;0.8;1.56;1.56;67;48;30;20;5;72;67;54;0;0;0;97;28;Y;Y;Y;Y;N;N;Y
32762;608;609;2015/2016;complete;140;19;-1;75,84;4,20,33,71,90;2;5;7;9;0;9;2;3;2;1;1;0;4;0;10;3;14;3;10;10;61;39;4;1;1.38;5.59;8.32;0;0;0;0;0;0;0;0;0;0;0;0;0;0;0;0;0;0;0;0;0;0;0;0;0;0;0;0;0;0;0;0;0;0;0;0;0;0;0;0;0;0;0;0;0;0;0;0;0;0;0;0;0;0;0;0;0;0;0;0;0;0;0;0;0;7;0;3;2;2;4;3;2016-02-14 06:00:00;609;0;63;27;26;0;-1;1;-1;-1;-1;-1;-1;-1;1;1;2;0;2;2;-1;0;0;0;0;0;0;0;0;1;0;1;0;0;1;1;0;1;-1;-1;0;0;-1;-1;-1;-1;-1;-1;-1;-1;-1;6;26;68;84;90;42;84;79;47;11.27;5.89;5.03;2.84;Western Sydney Wanderers;Wellington Phoenix;2.07;0.79;2.11;0.5;1.89;0.89;95;74;32;16;11;84;84;79;0;0;0;97;27;Y;Y;Y;Y;Y;Y;Y
32763;603;601;2015/2016;complete;140;19;-1;32,90;54,66,90;2;3;5;2;5;7;2;1;1;2;0;0;3;7;2;2;5;9;15;13;41;59;1;2;4.34;4.09;1.82;0;0;0;0;0;0;0;0;0;0;0;0;0;0;0;0;0;0;0;0;0;0;0;0;0;0;0;0;0;0;0;0;0;0;0;0;0;0;0;0;0;0;0;0;0;0;0;0;0;0;0;0;0;0;0;0;0;0;0;0;0;0;0;0;0;5;1;0;1;3;4;1;2016-02-14 08:00:00;601;0;71;24;41;0;-1;1;-1;-1;-1;-1;-1;-1;1;1;0;1;2;1;-1;0;0;0;0;0;0;0;0;0;0;0;0;0;1;1;0;0;-1;-1;1;1;-1;-1;-1;-1;-1;-1;-1;-1;-1;29;53;71;82;88;47;77;88;71;11.21;3.44;5.66;3.4;Central Coast Mariners;Adelaide United;0.64;1.71;0.89;1;0.67;1.5;71;47;29;18;13;71;46;35;0;0;0;97;27;Y;Y;Y;Y;Y;N;Y
32764;607;601;2015/2016;complete;140;20;-1;;90;0;1;1;6;3;9;6;4;2;2;0;0;5;3;6;2;11;5;19;17;55;45;2;2;2;3.85;3.77;0;0;0;0;0;0;0;0;0;0;0;0;0;0;0;0;0;0;0;0;0;0;0;0;0;0;0;0;0;0;0;0;0;0;0;0;0;0;0;0;0;0;0;0;0;0;0;0;0;0;0;0;0;0;0;0;0;0;0;0;0;0;0;0;0;1;0;0;0;1;1;0;2016-02-19 08:40:00;601;0;65;11;29;0;-1;1;-1;-1;-1;-1;-1;-1;1;0;1;2;1;3;-1;0;0;0;0;0;0;0;0;0;0;0;0;0;1;1;0;0;-1;-1;0;0;-1;-1;-1;-1;-1;-1;-1;-1;-1;23;41;71;83;89;36;83;89;46;11.28;5.14;5.16;3.11;Melbourne Victory FC;Adelaide United;2;1.71;2.5;1.22;1.53;1.58;78;60;30;18;11;66;36;31;0;0;0;97;28;Y;N;N;N;N;N;N
32765;605;609;2015/2016;complete;140;20;-1;27,53,73;22,37;3;2;5;2;2;4;2;3;2;2;0;1;4;7;2;2;6;9;19;18;49;51;2;3;2.33;3.7;3.07;0;0;0;0;0;0;0;0;0;0;0;0;0;0;0;0;0;0;0;0;0;0;0;0;0;0;0;0;0;0;0;0;0;0;0;0;0;0;0;0;0;0;0;0;0;0;0;0;0;0;0;0;0;0;0;0;0;0;0;0;0;0;0;0;0;5;1;2;2;0;2;3;2016-02-20 06:15:00;605;0;64;14;41;0;-1;1;-1;-1;-1;-1;-1;-1;0;2;2;1;2;3;-1;0;0;0;0;0;0;0;0;0;0;0;0;0;1;1;0;0;-1;-1;0;1;-1;-1;-1;-1;-1;-1;-1;-1;-1;9;32;64;78;91;37;59;91;64;8.36;5.36;4.82;2.91;Newcastle Jets FC;Wellington Phoenix;1.07;0.79;1.09;0.73;1.05;1;91;69;37;23;9;91;78;73;0;0;0;97;27;Y;Y;Y;Y;Y;N;Y
32766;606;608;2015/2016;complete;140;20;-1;36;13;1;1;2;5;9;14;6;2;3;3;0;0;5;5;9;7;14;12;20;7;45;55;3;3;2.79;3.51;2.62;0;0;0;0;0;0;0;0;0;0;0;0;0;0;0;0;0;0;0;0;0;0;0;0;0;0;0;0;0;0;0;0;0;0;0;0;0;0;0;0;0;0;0;0;0;0;0;0;0;0;0;0;0;0;0;0;0;0;0;0;0;0;0;0;0;2;1;1;0;0;0;2;2016-02-20 08:30:00;-1;0;59;26;32;0;-1;1;-1;-1;-1;-1;-1;-1;1;2;2;1;3;3;-1;0;0;0;0;0;0;0;0;0;0;0;0;0;1;1;0;0;-1;-1;0;0;-1;-1;-1;-1;-1;-1;-1;-1;-1;16;26;48;75;90;26;58;85;49;13.83;5.89;5.37;2.59;Sydney FC;Western Sydney Wanderers;1.36;1.47;1.5;1.67;1.47;1.79;85;74;52;26;10;63;63;52;0;0;0;97;27;Y;Y;N;N;N;N;Y
32767;600;604;2015/2016;complete;140;20;-1;5,32,38,41,49,86;17,28,35;6;3;9;7;4;11;2;0;2;1;0;0;7;2;5;4;12;6;9;18;51;49;2;1;2.97;3.66;2.41;0;0;0;0;0;0;0;0;0;0;0;0;0;0;0;0;0;0;0;0;0;0;0;0;0;0;0;0;0;0;0;0;0;0;0;0;0;0;0;0;0;0;0;0;0;0;0;0;0;0;0;0;0;0;0;0;0;0;0;0;0;0;0;0;0;9;4;3;2;0;2;7;2016-02-20 10:40:00;600;0;67;45;39;0;-1;1;-1;-1;-1;-1;-1;-1;0;0;2;1;0;3;-1;0;0;0;0;0;0;0;1;1;1;1;0;0;1;1;1;0;-1;-1;0;0;-1;-1;-1;-1;-1;-1;-1;-1;-1;11;50;67;73;84;50;67;78;50;9.88;5.22;4.45;2.84;Perth Glory FC;Brisbane Roar;2.08;0.93;1.67;1.33;1.32;1.84;89;50;33;28;17;67;62;56;0;0;0;97;28;Y;Y;Y;Y;Y;Y;Y
32768;602;603;2015/2016;complete;140;20;-1;48,66,69,90;34;4;1;5;5;0;5;3;0;1;3;0;1;7;0;4;5;11;5;16;14;54;46;1;4;1.43;5.45;7.05;0;0;0;0;0;0;0;0;0;0;0;0;0;0;0;0;0;0;0;0;0;0;0;0;0;0;0;0;0;0;0;0;0;0;0;0;0;0;0;0;0;0;0;0;0;0;0;0;0;0;0;0;0;0;0;0;0;0;0;0;0;0;0;0;0;5;0;1;4;0;4;1;2016-02-21 06:00:00;602;0;89;39;39;0;-1;1;-1;-1;-1;-1;-1;-1;1;2;0;2;3;2;-1;0;0;0;0;0;0;0;1;0;1;0;0;0;1;1;0;0;-1;-1;0;0;-1;-1;-1;-1;-1;-1;-1;-1;-1;22;67;95;100;100;61;78;95;78;9.44;3.89;5.67;3.89;Melbourne City FC;Central Coast Mariners;2.13;0.31;1.89;0.44;1.53;0.63;78;33;6;0;0;78;78;61;0;0;0;97;27;Y;Y;Y;Y;Y;N;Y
32769;609;602;2015/2016;complete;140;21;-1;12,15;19;2;1;3;2;9;11;1;1;3;2;0;0;4;8;0;4;4;12;20;14;35;65;3;2;2.96;3.98;2.29;0;0;0;0;0;0;0;0;0;0;0;0;0;0;0;0;0;0;0;0;0;0;0;0;0;0;0;0;0;0;0;0;0;0;0;0;0;0;0;0;0;0;0;0;0;0;0;0;0;0;0;0;0;0;0;0;0;0;0;0;0;0;0;0;0;3;2;1;0;0;0;3;2016-02-26 06:30:00;609;0;77;29;65;0;-1;1;-1;-1;-1;-1;-1;-1;2;2;1;0;4;1;-1;0;0;0;0;0;0;0;0;0;0;0;0;0;1;1;0;0;-1;-1;0;1;-1;-1;-1;-1;-1;-1;-1;-1;-1;33;54;65;88;94;50;72;77;70;11.88;4.88;6.4;3.59;Wellington Phoenix;Melbourne City FC;1.08;1.07;1.38;1.2;0.95;1.6;68;47;35;13;7;79;67;55;0;0;0;97;27;Y;Y;Y;N;N;N;Y
32770;608;600;2015/2016;complete;140;21;-1;62,85;64;2;1;3;4;4;8;2;1;5;2;0;0;2;5;8;8;10;13;14;14;58;42;5;2;1.68;4.31;5.01;0;0;0;0;0;0;0;0;0;0;0;0;0;0;0;0;0;0;0;0;0;0;0;0;0;0;0;0;0;0;0;0;0;0;0;0;0;0;0;0;0;0;0;0;0;0;0;0;0;0;0;0;0;0;0;0;0;0;0;0;0;0;0;0;0;3;0;0;2;1;3;0;2016-02-26 08:40:00;608;0;60;30;30;0;-1;1;-1;-1;-1;-1;-1;-1;1;0;4;2;1;6;-1;0;0;0;0;0;0;0;0;1;0;1;0;0;1;1;0;0;-1;-1;0;0;-1;-1;-1;-1;-1;-1;-1;-1;-1;25;30;55;70;95;35;80;70;45;11.3;8.5;4.8;3.1;Western Sydney Wanderers;Perth Glory FC;2.07;1.07;1.9;1;1.75;1.4;75;70;45;30;5;85;70;65;0;0;0;97;28;Y;Y;Y;N;N;N;Y
32771;601;604;2015/2016;complete;140;21;-1;38,50,81;;3;0;3;6;4;10;2;2;0;3;0;0;2;5;4;7;6;12;12;12;38;62;0;3;2.18;3.73;3.36;0;0;0;0;0;0;0;0;0;0;0;0;0;0;0;0;0;0;0;0;0;0;0;0;0;0;0;0;0;0;0;0;0;0;0;0;0;0;0;0;0;0;0;0;0;0;0;0;0;0;0;0;0;0;0;0;0;0;0;0;0;0;0;0;0;3;1;0;2;0;2;1;2016-02-27 06:15:00;601;0;55;25;30;0;-1;1;-1;-1;-1;-1;-1;-1;0;2;0;1;2;1;-1;0;0;0;0;0;0;0;0;0;0;0;0;0;1;1;0;0;-1;-1;0;0;-1;-1;-1;-1;-1;-1;-1;-1;-1;15;40;55;65;80;35;60;60;40;13.5;4.3;3.7;2.8;Adelaide United;Brisbane Roar;2.07;0.93;1.9;1.2;1.65;1.75;85;60;45;35;20;80;70;70;0;0;0;97;29;Y;Y;Y;N;N;N;N
32772;607;606;2015/2016;complete;140;21;-1;46;76;1;1;2;10;5;15;5;2;1;5;0;1;4;4;5;4;9;8;10;21;60;40;1;7;2.04;3.75;3.74;0;0;0;0;0;0;0;0;0;0;0;0;0;0;0;0;0;0;0;0;0;0;0;0;0;0;0;0;0;0;0;0;0;0;0;0;0;0;0;0;0;0;0;0;0;0;0;0;0;0;0;0;0;0;0;0;0;0;0;0;0;0;0;0;0;2;0;0;1;1;2;0;2016-02-27 08:30:00;-1;0;62;11;28;0;-1;1;-1;-1;-1;-1;-1;-1;1;2;0;4;3;4;-1;0;0;0;0;0;0;0;0;0;0;0;0;0;1;1;0;0;-1;-1;0;0;-1;-1;-1;-1;-1;-1;-1;-1;-1;6;28;56;73;95;28;61;89;39;9.89;6;4.44;2.56;Melbourne Victory FC;Sydney FC;2;1.15;2.22;1.44;1.45;1.45;95;73;44;28;6;73;50;44;0;0;0;97;27;Y;Y;N;N;N;N;Y
32773;603;605;2015/2016;complete;140;21;-1;;57;0;1;1;6;3;9;4;3;3;2;0;0;4;7;8;2;12;9;9;9;51;49;3;2;2.57;3.7;2.73;0;0;0;0;0;0;0;0;0;0;0;0;0;0;0;0;0;0;0;0;0;0;0;0;0;0;0;0;0;0;0;0;0;0;0;0;0;0;0;0;0;0;0;0;0;0;0;0;0;0;0;0;0;0;0;0;0;0;0;0;0;0;0;0;0;1;0;0;0;1;1;0;2016-02-28 06:00:00;605;0;59;23;25;0;-1;1;-1;-1;-1;-1;-1;-1;0;1;3;1;1;4;-1;0;0;0;0;0;0;0;0;0;0;0;0;0;1;1;0;0;-1;-1;0;0;-1;-1;-1;-1;-1;-1;-1;-1;-1;27;43;54;77;94;44;78;88;47;8.63;5.13;5.48;3.03;Central Coast Mariners;Newcastle Jets FC;0.64;1.15;0.8;1;0.6;1.15;74;58;47;24;7;73;62;57;0;0;0;97;27;Y;N;N;N;N;N;N
32774;604;608;2015/2016;complete;140;22;-1;5,81,83;74,78;3;2;5;2;1;3;1;2;5;4;0;0;6;2;6;6;12;8;16;17;44;56;5;4;2.6;3.72;2.69;0;0;0;0;0;0;0;0;0;0;0;0;0;0;0;0;0;0;0;0;0;0;0;0;0;0;0;0;0;0;0;0;0;0;0;0;0;0;0;0;0;0;0;0;0;0;0;0;0;0;0;0;0;0;0;0;0;0;0;0;0;0;0;0;0;5;1;0;2;2;4;1;2016-03-04 09:00:00;604;0;70;20;45;0;-1;1;-1;-1;-1;-1;-1;-1;1;3;4;1;4;5;-1;0;0;0;0;0;0;0;0;1;0;1;0;0;1;1;1;0;-1;-1;0;1;-1;-1;-1;-1;-1;-1;-1;-1;-1;10;30;65;90;100;30;65;95;70;14.5;6.4;4;2.95;Brisbane Roar;Western Sydney Wanderers;2.53;1.47;2.3;1.6;1.67;1.81;90;70;35;10;0;70;65;60;0;0;0;97;29;Y;Y;Y;Y;Y;N;Y
32775;609;601;2015/2016;complete;140;22;-1;;31,41,49,90;0;4;4;5;4;9;0;4;2;3;0;0;6;6;4;1;10;7;15;15;54;46;2;3;3.25;3.74;2.22;0;0;0;0;0;0;0;0;0;0;0;0;0;0;0;0;0;0;0;0;0;0;0;0;0;0;0;0;0;0;0;0;0;0;0;0;0;0;0;0;0;0;0;0;0;0;0;0;0;0;0;0;0;0;0;0;0;0;0;0;0;0;0;0;0;4;0;2;0;2;2;2;2016-03-05 06:15:00;601;0;64;32;42;0;-1;1;-1;-1;-1;-1;-1;-1;0;3;2;0;3;2;-1;0;0;0;0;0;0;0;0;0;0;0;0;0;1;1;0;0;-1;-1;0;1;-1;-1;-1;-1;-1;-1;-1;-1;-1;26;42;63;74;85;43;69;68;52;10.5;5.21;5.7;3;Wellington Phoenix;Adelaide United;1.08;1.71;1.56;1.4;1.05;1.71;74;59;37;26;16;75;44;33;0;0;0;97;27;Y;Y;Y;Y;N;N;N
32776;602;606;2015/2016;complete;140;22;-1;41,71,82;;3;0;3;3;5;8;5;4;3;2;0;0;3;5;1;5;4;10;15;12;44;56;3;2;1.93;4.01;3.9;0;0;0;0;0;0;0;0;0;0;0;0;0;0;0;0;0;0;0;0;0;0;0;0;0;0;0;0;0;0;0;0;0;0;0;0;0;0;0;0;0;0;0;0;0;0;0;0;0;0;0;0;0;0;0;0;0;0;0;0;0;0;0;0;0;3;1;0;2;0;2;1;2016-03-05 08:30:00;602;0;80;35;40;0;-1;1;-1;-1;-1;-1;-1;-1;2;0;1;2;2;3;-1;0;0;0;0;0;0;0;0;0;0;0;0;0;1;1;0;0;-1;-1;0;0;-1;-1;-1;-1;-1;-1;-1;-1;-1;20;55;75;85;95;45;65;85;70;8.9;4.7;5.2;3.35;Melbourne City FC;Sydney FC;2.13;1.15;2;1.4;1.52;1.43;80;45;25;15;5;65;60;40;0;0;0;97;27;Y;Y;Y;N;N;N;N
32777;603;607;2015/2016;complete;140;22;-1;;12,90;0;2;2;1;10;11;1;4;3;3;1;0;0;6;7;4;7;10;12;7;36;64;4;3;5.57;4.4;1.62;0;0;0;0;0;0;0;0;0;0;0;0;0;0;0;0;0;0;0;0;0;0;0;0;0;0;0;0;0;0;0;0;0;0;0;0;0;0;0;0;0;0;0;0;0;0;0;0;0;0;0;0;0;0;0;0;0;0;0;0;0;0;0;0;0;2;0;1;0;1;1;1;2016-03-06 06:00:00;607;0;59;27;27;0;-1;1;-1;-1;-1;-1;-1;-1;2;2;2;1;4;3;-1;0;0;0;0;0;0;0;0;0;0;0;0;0;1;1;0;0;-1;-1;1;0;-1;-1;-1;-1;-1;-1;-1;-1;-1;32;46;55;73;96;50;64;87;55;12;5.91;5.73;3.19;Central Coast Mariners;Melbourne Victory FC;0.64;1;0.73;0.82;0.57;1.43;69;55;46;27;5;78;64;55;0;0;0;97;27;Y;Y;N;N;N;N;N
32778;600;605;2015/2016;complete;140;22;-1;37,46;;2;0;2;5;4;9;6;1;1;4;0;1;6;0;5;5;11;5;13;13;53;47;1;5;1.62;4.42;5.54;0;0;0;0;0;0;0;0;0;0;0;0;0;0;0;0;0;0;0;0;0;0;0;0;0;0;0;0;0;0;0;0;0;0;0;0;0;0;0;0;0;0;0;0;0;0;0;0;0;0;0;0;0;0;0;0;0;0;0;0;0;0;0;0;0;2;1;0;1;0;1;1;2016-03-07 09:00:00;600;0;57;41;20;0;-1;1;-1;-1;-1;-1;-1;-1;1;2;0;3;3;3;-1;0;0;0;0;0;0;0;0;0;0;0;0;0;1;1;0;0;-1;-1;0;0;-1;-1;-1;-1;-1;-1;-1;-1;-1;16;41;57;68;90;47;74;84;41;7.36;6.66;5.48;2.91;Perth Glory FC;Newcastle Jets FC;2.08;1.15;1.8;1.22;1.33;1.24;85;59;44;32;11;69;58;53;0;0;0;97;27;Y;Y;N;N;N;N;N
32779;601;602;2015/2016;complete;140;23;-1;;71;0;1;1;5;8;13;1;1;5;4;0;0;6;6;4;5;10;11;16;14;54;46;5;4;2.03;3.96;3.57;0;0;0;0;0;0;0;0;0;0;0;0;0;0;0;0;0;0;0;0;0;0;0;0;0;0;0;0;0;0;0;0;0;0;0;0;0;0;0;0;0;0;0;0;0;0;0;0;0;0;0;0;0;0;0;0;0;0;0;0;0;0;0;0;0;1;0;0;0;1;1;0;2016-03-11 08:40:00;602;0;68;18;50;0;-1;1;-1;-1;-1;-1;-1;-1;2;3;3;1;5;4;-1;0;0;0;0;0;0;0;0;0;0;0;0;0;1;1;0;0;-1;-1;0;0;-1;-1;-1;-1;-1;-1;-1;-1;-1;23;46;69;82;91;37;73;69;64;13.91;3.9;5.18;3.32;Adelaide United;Melbourne City FC;2.07;1.07;2;1.09;1.77;1.59;78;55;32;18;9;78;73;64;0;0;0;97;29;Y;N;N;N;N;N;N
32780;606;609;2015/2016;complete;140;23;-1;51;12,13,37;1;3;4;7;0;7;2;4;3;1;0;0;4;0;6;3;10;3;18;9;59;41;3;1;1.65;4.31;5.34;0;0;0;0;0;0;0;0;0;0;0;0;0;0;0;0;0;0;0;0;0;0;0;0;0;0;0;0;0;0;0;0;0;0;0;0;0;0;0;0;0;0;0;0;0;0;0;0;0;0;0;0;0;0;0;0;0;0;0;0;0;0;0;0;0;4;0;3;1;0;1;3;2016-03-12 06:15:00;609;0;65;31;26;0;-1;1;-1;-1;-1;-1;-1;-1;1;0;2;1;1;3;-1;0;0;0;0;0;0;0;0;0;0;0;0;0;1;1;0;0;-1;-1;0;0;-1;-1;-1;-1;-1;-1;-1;-1;-1;18;35;60;78;87;47;78;78;47;10.36;4.53;5.31;2.89;Sydney FC;Wellington Phoenix;1.36;0.79;1.45;0.67;1.36;1;83;66;41;22;13;78;74;66;0;0;0;97;27;Y;Y;Y;Y;N;N;Y
32781;604;607;2015/2016;complete;140;23;-1;18,22,55,76,87;;5;0;5;9;8;17;0;1;3;3;0;0;6;6;6;5;12;11;10;14;42;58;3;3;2.35;3.71;3.03;0;0;0;0;0;0;0;0;0;0;0;0;0;0;0;0;0;0;0;0;0;0;0;0;0;0;0;0;0;0;0;0;0;0;0;0;0;0;0;0;0;0;0;0;0;0;0;0;0;0;0;0;0;0;0;0;0;0;0;0;0;0;0;0;0;5;2;0;3;0;3;2;2016-03-12 08:30:00;604;0;58;21;32;0;-1;1;-1;-1;-1;-1;-1;-1;1;2;2;1;3;3;-1;0;0;0;0;0;0;0;0;0;0;0;0;0;1;1;0;0;-1;-1;0;0;-1;-1;-1;-1;-1;-1;-1;-1;-1;22;39;62;79;96;39;66;88;58;13.72;6.72;4.72;3.06;Brisbane Roar;Melbourne Victory FC;2.53;1;2.36;1;1.73;1.5;79;61;38;21;4;78;70;66;0;0;0;97;28;Y;Y;Y;Y;Y;N;N
32782;600;603;2015/2016;complete;140;23;-1;4,53,67,90;;4;0;4;7;4;11;3;3;0;6;0;2;7;2;12;5;19;7;12;10;62;38;0;8;1.56;4.73;5.84;0;0;0;0;0;0;0;0;0;0;0;0;0;0;0;0;0;0;0;0;0;0;0;0;0;0;0;0;0;0;0;0;0;0;0;0;0;0;0;0;0;0;0;0;0;0;0;0;0;0;0;0;0;0;0;0;0;0;0;0;0;0;0;0;0;4;1;0;3;0;3;1;2016-03-12 10:40:00;600;0;82;38;38;0;-1;1;-1;-1;-1;-1;-1;-1;0;2;0;6;2;6;-1;0;0;0;0;0;0;0;2;0;2;0;0;0;1;1;1;0;-1;-1;0;1;-1;-1;-1;-1;-1;-1;-1;-1;-1;19;58;82;91;96;48;76;96;72;8.41;4.86;5.55;3.63;Perth Glory FC;Central Coast Mariners;2.08;0.31;1.91;0.4;1.41;0.55;81;43;19;9;5;72;68;63;0;0;0;97;27;Y;Y;Y;Y;N;N;N
32783;605;608;2015/2016;complete;140;23;-1;;17;0;1;1;6;9;15;3;5;1;3;0;0;5;6;2;8;7;14;7;18;52;48;1;3;4.52;3.99;1.81;0;0;0;0;0;0;0;0;0;0;0;0;0;0;0;0;0;0;0;0;0;0;0;0;0;0;0;0;0;0;0;0;0;0;0;0;0;0;0;0;0;0;0;0;0;0;0;0;0;0;0;0;0;0;0;0;0;0;0;0;0;0;0;0;0;1;0;1;0;0;0;1;2016-03-13 06:00:00;608;0;66;22;44;0;-1;1;-1;-1;-1;-1;-1;-1;1;0;0;3;1;3;-1;0;0;0;0;0;0;0;0;0;0;0;0;0;1;1;0;0;-1;-1;0;0;-1;-1;-1;-1;-1;-1;-1;-1;-1;18;30;53;79;96;26;49;92;66;10.91;6.72;5.07;2.83;Newcastle Jets FC;Western Sydney Wanderers;1.07;1.47;1.25;1.45;1.18;1.73;83;70;48;21;4;69;61;56;0;0;0;97;27;Y;N;N;N;N;N;N
32784;602;604;2015/2016;complete;140;24;-1;54,81,84;22;3;1;4;12;3;15;1;1;2;3;0;1;8;3;13;2;21;5;12;16;58;42;2;4;2.26;3.96;3.03;0;0;0;0;0;0;0;0;0;0;0;0;0;0;0;0;0;0;0;0;0;0;0;0;0;0;0;0;0;0;0;0;0;0;0;0;0;0;0;0;0;0;0;0;0;0;0;0;0;0;0;0;0;0;0;0;0;0;0;0;0;0;0;0;0;4;0;1;3;0;3;1;2016-03-18 08:40:00;602;0;69;41;27;0;-1;1;-1;-1;-1;-1;-1;-1;2;2;0;2;4;2;-1;0;0;0;0;0;0;0;1;0;1;0;0;0;1;1;0;0;-1;-1;0;0;-1;-1;-1;-1;-1;-1;-1;-1;-1;27;59;82;87;91;55;78;82;64;10.36;4.37;4.37;3.68;Melbourne City FC;Brisbane Roar;2.13;0.93;2.09;1.09;1.65;1.78;73;41;18;14;9;69;64;46;0;0;0;97;29;Y;Y;Y;Y;N;N;Y
32785;603;606;2015/2016;complete;140;24;-1;86,90;11,45;2;2;4;3;5;8;3;4;2;1;0;0;9;4;8;5;17;9;15;22;51;49;2;1;5.52;4.59;1.6;0;0;0;0;0;0;0;0;0;0;0;0;0;0;0;0;0;0;0;0;0;0;0;0;0;0;0;0;0;0;0;0;0;0;0;0;0;0;0;0;0;0;0;0;0;0;0;0;0;0;0;0;0;0;0;0;0;0;0;0;0;0;0;0;0;4;0;2;2;0;2;2;2016-03-19 06:15:00;-1;0;66;18;44;0;-1;1;-1;-1;-1;-1;-1;-1;1;0;1;1;1;2;-1;0;0;0;0;0;0;0;0;0;0;0;0;0;1;1;0;0;-1;-1;0;0;-1;-1;-1;-1;-1;-1;-1;-1;-1;17;39;57;78;96;30;60;91;66;9.2;4.22;5.3;2.94;Central Coast Mariners;Sydney FC;0.64;1.15;0.67;1.27;0.52;1.3;84;62;44;22;5;70;57;48;0;0;0;97;27;Y;Y;Y;Y;N;N;Y
32786;608;601;2015/2016;complete;140;24;-1;;;0;0;0;6;3;9;2;1;1;2;0;0;6;2;7;1;13;3;15;8;57;43;1;2;2.13;3.85;3.38;0;0;0;0;0;0;0;0;0;0;0;0;0;0;0;0;0;0;0;0;0;0;0;0;0;0;0;0;0;0;0;0;0;0;0;0;0;0;0;0;0;0;0;0;0;0;0;0;0;0;0;0;0;0;0;0;0;0;0;0;0;0;0;0;0;0;0;0;0;0;0;0;2016-03-19 08:30:00;-1;0;60;23;36;0;-1;1;-1;-1;-1;-1;-1;-1;0;2;1;0;2;1;-1;0;0;0;0;0;0;0;0;0;0;0;0;0;1;1;0;0;-1;-1;0;0;-1;-1;-1;-1;-1;-1;-1;-1;-1;23;41;69;78;87;36;73;78;55;12;5.82;5.46;3.18;Western Sydney Wanderers;Adelaide United;2.07;1.71;2;1.55;1.78;1.7;78;59;32;23;14;69;41;37;0;0;0;97;29;N;N;N;N;N;N;N
32787;609;600;2015/2016;complete;140;24;-1;90;36,74;1;2;3;3;7;10;3;2;4;6;0;0;0;7;2;13;2;20;16;14;51;49;4;6;2.92;3.84;2.36;0;0;0;0;0;0;0;0;0;0;0;0;0;0;0;0;0;0;0;0;0;0;0;0;0;0;0;0;0;0;0;0;0;0;0;0;0;0;0;0;0;0;0;0;0;0;0;0;0;0;0;0;0;0;0;0;0;0;0;0;0;0;0;0;0;3;0;1;1;1;2;1;2016-03-20 04:00:00;600;0;62;34;38;0;-1;1;-1;-1;-1;-1;-1;-1;2;4;2;2;6;4;-1;0;0;0;0;0;0;0;0;0;0;0;0;0;1;1;0;0;-1;-1;0;0;-1;-1;-1;-1;-1;-1;-1;-1;-1;24;34;58;72;95;44;72;67;53;9.36;7.25;5.17;3;Wellington Phoenix;Perth Glory FC;1.08;1.07;1.4;0.91;1.09;1.48;77;67;43;28;5;86;62;53;0;0;0;97;27;Y;Y;Y;N;N;N;Y
32788;607;605;2015/2016;complete;140;24;-1;57;37;1;1;2;10;4;14;5;2;4;1;0;1;0;2;5;6;5;8;22;9;62;38;4;2;1.41;5.41;7.74;0;0;0;0;0;0;0;0;0;0;0;0;0;0;0;0;0;0;0;0;0;0;0;0;0;0;0;0;0;0;0;0;0;0;0;0;0;0;0;0;0;0;0;0;0;0;0;0;0;0;0;0;0;0;0;0;0;0;0;0;0;0;0;0;0;2;0;1;1;0;1;1;2016-03-20 06:00:00;-1;0;45;10;10;0;-1;1;-1;-1;-1;-1;-1;-1;0;2;4;0;2;4;-1;0;0;0;0;0;0;0;0;0;0;0;0;0;1;1;0;0;-1;-1;0;1;-1;-1;-1;-1;-1;-1;-1;-1;-1;10;20;40;70;95;30;70;90;20;9.6;7;5.2;2.35;Melbourne Victory FC;Newcastle Jets FC;2;1.15;2.1;1.1;1.43;1.13;90;80;60;30;5;80;50;50;0;0;0;97;27;Y;Y;N;N;N;N;Y
32789;607;608;2015/2016;complete;140;25;-1;3,66;;2;0;2;9;7;16;4;1;3;4;0;0;5;4;3;4;8;8;18;18;39;61;3;4;2.52;3.6;2.85;0;0;0;0;0;0;0;0;0;0;0;0;0;0;0;0;0;0;0;0;0;0;0;0;0;0;0;0;0;0;0;0;0;0;0;0;0;0;0;0;0;0;0;0;0;0;0;0;0;0;0;0;0;0;0;0;0;0;0;0;0;0;0;0;0;2;1;0;1;0;1;1;2016-03-25 08:40:00;607;0;66;13;30;0;-1;1;-1;-1;-1;-1;-1;-1;1;0;2;4;1;6;-1;0;0;0;0;0;0;0;0;0;0;0;0;0;1;1;1;0;-1;-1;0;0;-1;-1;-1;-1;-1;-1;-1;-1;-1;13;22;48;83;100;26;70;92;43;13.44;7.49;5.19;2.65;Melbourne Victory FC;Western Sydney Wanderers;2;1.47;2;1.58;1.42;1.75;87;79;53;18;0;70;57;53;0;0;0;97;28;Y;Y;N;N;N;N;N
32790;605;600;2015/2016;complete;140;25;-1;90;72,88;1;2;3;8;11;19;3;3;3;3;1;1;4;5;2;5;6;10;10;13;56;44;5;4;3.54;3.81;2.08;0;0;0;0;0;0;0;0;0;0;0;0;0;0;0;0;0;0;0;0;0;0;0;0;0;0;0;0;0;0;0;0;0;0;0;0;0;0;0;0;0;0;0;0;0;0;0;0;0;0;0;0;0;0;0;0;0;0;0;0;0;0;0;0;0;3;0;0;1;2;3;0;2016-03-26 06:15:00;600;0;61;20;40;0;-1;1;-1;-1;-1;-1;-1;-1;1;1;3;3;2;6;-1;0;0;0;0;0;0;0;1;1;1;1;0;0;1;1;0;0;-1;-1;0;0;-1;-1;-1;-1;-1;-1;-1;-1;-1;20;28;52;65;96;24;57;80;60;8.73;7.4;4.73;2.81;Newcastle Jets FC;Perth Glory FC;1.07;1.07;1.15;1.08;1.13;1.54;80;72;48;36;4;84;68;60;0;0;0;97;27;Y;Y;Y;N;N;N;Y
32791;604;606;2015/2016;complete;140;25;-1;32,36,88;24,87;3;2;5;3;8;11;3;3;1;3;0;0;3;6;2;9;5;15;11;15;45;55;1;3;2.05;3.81;3.65;0;0;0;0;0;0;0;0;0;0;0;0;0;0;0;0;0;0;0;0;0;0;0;0;0;0;0;0;0;0;0;0;0;0;0;0;0;0;0;0;0;0;0;0;0;0;0;0;0;0;0;0;0;0;0;0;0;0;0;0;0;0;0;0;0;5;2;1;1;1;2;3;2016-03-26 08:30:00;604;0;67;13;46;0;-1;1;-1;-1;-1;-1;-1;-1;0;1;1;2;1;3;-1;0;0;0;0;0;0;0;0;0;0;0;0;0;1;1;0;0;-1;-1;0;0;-1;-1;-1;-1;-1;-1;-1;-1;-1;13;42;71;84;96;29;63;92;75;11.25;5;4.17;3.04;Brisbane Roar;Sydney FC;2.53;1.15;2.42;1.25;1.71;1.29;88;59;30;17;4;67;59;55;0;0;0;97;27;Y;Y;Y;Y;Y;N;Y
32792;601;603;2015/2016;complete;140;25;-1;29,35,38,81;16,83;4;2;6;7;1;8;2;3;2;2;0;0;9;5;8;4;17;9;12;11;64;36;2;2;1.32;6.15;9.69;0;0;0;0;0;0;0;0;0;0;0;0;0;0;0;0;0;0;0;0;0;0;0;0;0;0;0;0;0;0;0;0;0;0;0;0;0;0;0;0;0;0;0;0;0;0;0;0;0;0;0;0;0;0;0;0;0;0;0;0;0;0;0;0;0;6;3;1;1;1;2;4;2016-03-27 06:00:00;601;0;62;13;31;0;-1;1;-1;-1;-1;-1;-1;-1;2;0;0;2;2;2;-1;0;0;0;0;0;0;0;1;0;1;0;0;0;1;1;0;0;-1;-1;0;0;-1;-1;-1;-1;-1;-1;-1;-1;-1;13;45;71;79;92;27;66;79;62;11.45;3.97;5.62;3.03;Adelaide United;Central Coast Mariners;2.07;0.31;1.83;0.36;1.67;0.54;87;56;30;21;9;83;79;75;0;0;0;97;27;Y;Y;Y;Y;Y;Y;Y
32793;602;609;2015/2016;complete;140;25;-1;43,66,80;;3;0;3;10;0;10;2;1;1;3;0;0;5;2;5;5;10;7;23;20;51;49;1;3;1.62;4.7;5.17;0;0;0;0;0;0;0;0;0;0;0;0;0;0;0;0;0;0;0;0;0;0;0;0;0;0;0;0;0;0;0;0;0;0;0;0;0;0;0;0;0;0;0;0;0;0;0;0;0;0;0;0;0;0;0;0;0;0;0;0;0;0;0;0;0;3;1;0;2;0;2;1;2016-03-28 08:30:00;602;0;80;33;28;0;-1;1;-1;-1;-1;-1;-1;-1;0;2;1;1;2;2;-1;0;0;0;0;0;0;0;1;0;0;0;1;0;1;1;0;0;-1;-1;0;0;-1;-1;-1;-1;-1;-1;-1;-1;-1;24;61;93;96;96;60;92;92;73;8.69;4.73;5.04;3.82;Melbourne City FC;Wellington Phoenix;2.13;0.79;2.17;0.85;1.71;1.04;76;40;8;4;4;68;64;48;0;0;0;97;27;Y;Y;Y;N;N;N;N
32794;608;603;2015/2016;complete;140;26;-1;8,36,52,83;21;4;1;5;8;3;11;2;0;2;1;0;0;3;0;7;8;10;8;10;11;64;36;2;1;1.27;6.62;9.99;0;0;0;0;0;0;0;0;0;0;0;0;0;0;0;0;0;0;0;0;0;0;0;0;0;0;0;0;0;0;0;0;0;0;0;0;0;0;0;0;0;0;0;0;0;0;0;0;0;0;0;0;0;0;0;0;0;0;0;0;0;0;0;0;0;5;2;1;2;0;2;3;2016-04-01 08:40:00;608;0;71;25;38;0;-1;1;-1;-1;-1;-1;-1;-1;1;1;1;0;2;1;-1;0;0;0;0;0;0;0;0;0;0;0;0;0;1;1;1;0;-1;-1;0;0;-1;-1;-1;-1;-1;-1;-1;-1;-1;21;46;75;88;92;38;71;84;63;10.75;5.17;5.91;3.42;Western Sydney Wanderers;Central Coast Mariners;2.07;0.31;1.92;0.33;1.68;0.52;79;54;25;13;9;75;67;67;0;0;0;97;27;Y;Y;Y;Y;Y;N;Y
32795;609;607;2015/2016;complete;140;26;-1;82;8,19,56,90;1;4;5;5;4;9;3;2;3;4;1;1;8;5;2;2;10;7;18;14;46;54;4;6;3.05;3.6;2.38;0;0;0;0;0;0;0;0;0;0;0;0;0;0;0;0;0;0;0;0;0;0;0;0;0;0;0;0;0;0;0;0;0;0;0;0;0;0;0;0;0;0;0;0;0;0;0;0;0;0;0;0;0;0;0;0;0;0;0;0;0;0;0;0;0;5;0;2;1;2;3;2;2016-04-02 06:15:00;607;0;51;34;27;0;-1;1;-1;-1;-1;-1;-1;-1;2;2;2;3;4;5;-1;0;0;0;0;0;0;0;1;0;0;0;1;0;1;1;0;1;-1;-1;0;0;-1;-1;-1;-1;-1;-1;-1;-1;-1;25;37;55;76;92;55;68;71;47;12.05;6.74;6.08;2.96;Wellington Phoenix;Melbourne Victory FC;1.08;1;1.27;0.92;1;1.48;76;63;45;25;9;88;71;57;0;0;0;97;27;Y;Y;Y;Y;Y;N;Y
32796;606;601;2015/2016;complete;140;26;-1;;26,45;0;2;2;1;6;7;3;1;3;4;0;0;3;8;4;6;7;14;19;11;50;50;3;4;2.66;3.66;2.66;0;0;0;0;0;0;0;0;0;0;0;0;0;0;0;0;0;0;0;0;0;0;0;0;0;0;0;0;0;0;0;0;0;0;0;0;0;0;0;0;0;0;0;0;0;0;0;0;0;0;0;0;0;0;0;0;0;0;0;0;0;0;0;0;0;2;0;2;0;0;0;2;2016-04-02 08:30:00;601;0;54;25;25;0;-1;1;-1;-1;-1;-1;-1;-1;1;2;2;2;3;4;-1;0;0;0;0;0;0;0;0;0;0;0;0;0;1;1;0;0;-1;-1;0;0;-1;-1;-1;-1;-1;-1;-1;-1;-1;21;42;55;67;79;38;67;71;42;11.59;4.5;5.42;2.71;Sydney FC;Adelaide United;1.36;1.71;1.33;1.5;1.24;1.72;79;59;46;33;21;67;42;33;0;0;0;97;27;Y;Y;N;N;N;N;N
32797;604;605;2015/2016;complete;140;26;-1;67,74;50;2;1;3;6;3;9;6;7;1;0;0;1;13;3;8;4;21;7;8;12;61;39;1;2;1.46;4.95;7.33;0;0;0;0;0;0;0;0;0;0;0;0;0;0;0;0;0;0;0;0;0;0;0;0;0;0;0;0;0;0;0;0;0;0;0;0;0;0;0;0;0;0;0;0;0;0;0;0;0;0;0;0;0;0;0;0;0;0;0;0;0;0;0;0;0;3;0;0;2;1;3;0;2016-04-03 07:00:00;604;0;53;17;27;0;-1;1;-1;-1;-1;-1;-1;-1;1;0;0;1;1;1;-1;0;0;0;0;0;0;0;1;1;1;1;0;0;1;1;0;0;-1;-1;0;0;-1;-1;-1;-1;-1;-1;-1;-1;-1;20;36;56;78;96;33;75;91;47;10.1;5.56;4.6;2.86;Brisbane Roar;Newcastle Jets FC;2.53;1.15;2.46;1.09;1.76;1.08;80;64;44;22;5;80;62;62;0;0;0;97;27;Y;Y;Y;N;N;N;Y
32798;600;602;2015/2016;complete;140;26;-1;55,67,71;73,90;3;2;5;8;3;11;1;5;2;2;0;0;4;4;14;4;18;8;10;12;49;51;2;2;2.2;3.96;3.14;0;0;0;0;0;0;0;0;0;0;0;0;0;0;0;0;0;0;0;0;0;0;0;0;0;0;0;0;0;0;0;0;0;0;0;0;0;0;0;0;0;0;0;0;0;0;0;0;0;0;0;0;0;0;0;0;0;0;0;0;0;0;0;0;0;5;0;0;3;2;5;0;2016-04-03 09:00:00;600;0;75;38;50;0;-1;1;-1;-1;-1;-1;-1;-1;1;0;1;2;1;3;-1;0;0;0;0;0;0;0;0;0;0;0;0;0;1;1;0;0;-1;-1;0;0;-1;-1;-1;-1;-1;-1;-1;-1;-1;25;58;75;88;96;50;79;88;71;11;4.75;5.66;3.75;Perth Glory FC;Melbourne City FC;2.08;1.07;2;1.25;1.6;1.76;75;42;25;13;4;71;67;59;0;0;0;97;28;Y;Y;Y;Y;Y;N;Y
32799;602;601;2015/2016;complete;140;27;-1;;4,45;0;2;2;5;10;15;1;0;4;6;0;0;9;4;3;1;12;5;24;20;46;54;4;6;2.36;3.91;2.9;0;0;0;0;0;0;0;0;0;0;0;0;0;0;0;0;0;0;0;0;0;0;0;0;0;0;0;0;0;0;0;0;0;0;0;0;0;0;0;0;0;0;0;0;0;0;0;0;0;0;0;0;0;0;0;0;0;0;0;0;0;0;0;0;0;2;0;2;0;0;0;2;2016-04-08 09:40:00;601;0;62;27;27;0;-1;1;-1;-1;-1;-1;-1;-1;3;4;1;2;7;3;-1;0;0;0;0;0;0;0;0;1;0;1;0;0;1;1;0;1;-1;-1;0;0;-1;-1;-1;-1;-1;-1;-1;-1;-1;27;58;81;85;89;46;81;81;70;10.61;4.46;5.23;3.47;Melbourne City FC;Adelaide United;2.13;1.71;2.23;1.62;1.69;1.77;73;43;19;16;12;62;39;20;0;0;0;97;29;Y;Y;N;N;N;N;N
32800;603;605;2015/2016;complete;140;27;-1;51,76;1,18,54,79;2;4;6;2;5;7;2;3;0;1;0;0;2;10;7;6;9;16;14;15;53;47;0;1;3.13;3.63;2.32;0;0;0;0;0;0;0;0;0;0;0;0;0;0;0;0;0;0;0;0;0;0;0;0;0;0;0;0;0;0;0;0;0;0;0;0;0;0;0;0;0;0;0;0;0;0;0;0;0;0;0;0;0;0;0;0;0;0;0;0;0;0;0;0;0;6;0;2;2;2;4;2;2016-04-09 07:15:00;605;0;56;16;23;0;-1;1;-1;-1;-1;-1;-1;-1;0;1;0;0;1;0;-1;0;0;0;0;0;0;0;1;0;1;0;0;0;1;1;0;1;-1;-1;0;0;-1;-1;-1;-1;-1;-1;-1;-1;-1;20;36;48;76;96;36;72;92;43;8.2;5.27;5.52;2.82;Central Coast Mariners;Newcastle Jets FC;0.64;1.15;0.69;1;0.5;1.04;81;65;53;24;4;76;52;48;0;0;0;97;27;Y;Y;Y;Y;Y;Y;Y
32801;607;604;2015/2016;complete;140;27;-1;;;0;0;0;7;11;18;4;0;3;1;0;0;2;8;2;13;4;21;16;12;39;61;3;1;2.66;3.72;2.63;0;0;0;0;0;0;0;0;0;0;0;0;0;0;0;0;0;0;0;0;0;0;0;0;0;0;0;0;0;0;0;0;0;0;0;0;0;0;0;0;0;0;0;0;0;0;0;0;0;0;0;0;0;0;0;0;0;0;0;0;0;0;0;0;0;0;0;0;0;0;0;0;2016-04-09 09:30:00;-1;0;58;17;21;0;-1;1;-1;-1;-1;-1;-1;-1;1;1;2;0;2;2;-1;0;0;0;0;0;0;0;0;0;0;0;0;0;1;1;0;0;-1;-1;0;0;-1;-1;-1;-1;-1;-1;-1;-1;-1;13;34;55;79;92;34;71;88;38;12.33;5.58;4.34;2.88;Melbourne Victory FC;Brisbane Roar;2;0.93;2.08;1;1.54;1.81;88;67;46;21;9;83;67;63;0;0;0;97;28;N;N;N;N;N;N;N
32802;609;608;2015/2016;complete;140;27;-1;;31,44;0;2;2;-1;-1;-1;-1;-1;3;3;0;0;-1;-1;-1;-1;-1;-1;-1;-1;-1;-1;3;3;4.43;4.11;1.8;0;0;0;0;0;0;0;0;0;0;0;0;0;0;0;0;0;0;0;0;0;0;0;0;0;0;0;0;0;0;0;0;0;0;0;0;0;0;0;0;0;0;0;0;0;0;0;0;0;0;0;0;0;0;0;0;0;0;0;0;0;0;0;0;0;2;0;2;0;0;0;2;2016-04-10 05:00:00;608;0;65;28;44;0;-1;1;-1;-1;-1;-1;-1;-1;1;1;2;2;2;4;-1;0;0;0;0;0;0;0;0;0;0;0;0;0;1;1;0;0;-1;-1;0;0;-1;-1;-1;-1;-1;-1;-1;-1;-1;20;33;57;84;96;41;72;76;56;11.91;6.29;6;2.93;Wellington Phoenix;Western Sydney Wanderers;1.08;1.47;1.17;1.46;0.96;1.73;80;68;44;16;4;77;60;48;0;0;0;97;27;Y;Y;N;N;N;N;N
32803;606;600;2015/2016;complete;140;27;-1;31,36,85,90;;4;0;4;2;7;9;4;6;3;2;1;0;8;7;1;7;9;14;18;8;49;51;4;2;3.25;3.64;2.26;0;0;0;0;0;0;0;0;0;0;0;0;0;0;0;0;0;0;0;0;0;0;0;0;0;0;0;0;0;0;0;0;0;0;0;0;0;0;0;0;0;0;0;0;0;0;0;0;0;0;0;0;0;0;0;0;0;0;0;0;0;0;0;0;0;4;2;0;2;0;2;2;2016-04-10 07:00:00;606;0;62;27;31;0;-1;1;-1;-1;-1;-1;-1;-1;0;1;4;1;1;5;-1;0;0;0;0;0;0;0;0;0;0;0;0;0;1;1;0;0;-1;-1;0;0;-1;-1;-1;-1;-1;-1;-1;-1;-1;19;27;50;69;93;35;69;70;43;11.08;6.53;5.46;2.73;Sydney FC;Perth Glory FC;1.36;1.07;1.23;1.23;1.19;1.65;81;73;50;31;8;74;66;54;0;0;0;97;27;Y;Y;Y;Y;N;N;N
32804;604;607;2015/2016;complete;141;0;-1;88,90;86;2;1;3;6;8;14;3;1;3;3;0;1;6;7;1;8;7;15;7;19;52;48;3;4;2;3.88;3.74;0;0;0;0;0;0;0;0;0;0;0;0;0;0;0;0;0;0;0;0;0;0;0;0;0;0;0;0;0;0;0;0;0;0;0;0;0;0;0;0;0;0;0;0;0;0;0;0;0;0;0;0;0;0;0;0;0;0;0;0;0;0;0;0;0;3;0;0;2;1;3;0;2016-04-15 09:35:00;604;1;56;22;36;0;-1;1;-1;-1;-1;-1;-1;-1;2;1;1;3;3;4;-1;0;0;0;0;0;0;0;0;0;0;0;0;0;1;1;0;0;-1;-1;1;0;-1;-1;-1;-1;-1;-1;-1;-1;-1;22;39;59;78;91;39;67;85;50;13.11;5.96;4.63;3;Brisbane Roar;Melbourne Victory FC;1.76;1.46;1.78;1.52;1.78;1.52;78;61;41;23;9;83;69;65;0;0;0;97;28;Y;Y;Y;N;N;N;Y
32805;602;600;2015/2016;complete;141;0;-1;40,76;;2;0;2;3;3;6;3;3;2;4;0;0;7;3;7;6;14;9;16;19;64;36;2;4;2.02;4;3.57;0;0;0;0;0;0;0;0;0;0;0;0;0;0;0;0;0;0;0;0;0;0;0;0;0;0;0;0;0;0;0;0;0;0;0;0;0;0;0;0;0;0;0;0;0;0;0;0;0;0;0;0;0;0;0;0;0;0;0;0;0;0;0;0;0;2;1;0;1;0;1;1;2016-04-17 07:00:00;602;1;73;29;32;0;-1;1;-1;-1;-1;-1;-1;-1;1;3;1;1;4;2;-1;0;0;0;0;0;0;0;0;0;0;0;0;0;1;1;0;0;-1;-1;0;0;-1;-1;-1;-1;-1;-1;-1;-1;-1;28;54;78;87;98;45;78;85;73;10.78;5.74;5.37;3.67;Melbourne City FC;Perth Glory FC;1.62;1.54;1.63;1.59;1.63;1.59;73;47;23;13;2;74;67;52;0;0;0;97;28;Y;Y;N;N;N;N;N
32806;601;602;2015/2016;complete;141;0;-1;48,60,88,90;72;4;1;5;11;4;15;0;1;4;3;0;0;8;4;12;1;20;5;20;16;53;47;4;3;2.05;3.76;3.68;0;0;0;0;0;0;0;0;0;0;0;0;0;0;0;0;0;0;0;0;0;0;0;0;0;0;0;0;0;0;0;0;0;0;0;0;0;0;0;0;0;0;0;0;0;0;0;0;0;0;0;0;0;0;0;0;0;0;0;0;0;0;0;0;0;5;0;0;4;1;5;0;2016-04-22 09:45:00;601;1;60;19;50;0;-1;1;-1;-1;-1;-1;-1;-1;1;1;3;2;2;5;-1;0;0;0;0;0;0;0;1;0;1;0;0;0;1;1;0;0;-1;-1;0;0;-1;-1;-1;-1;-1;-1;-1;-1;-1;26;49;69;82;91;42;75;75;62;12.08;4.15;5.45;3.3;Adelaide United;Melbourne City FC;1.9;1.62;1.81;1.68;1.81;1.68;75;51;31;19;10;69;56;44;0;0;0;97;29;Y;Y;Y;Y;Y;N;Y
32807;608;604;2015/2016;complete;141;0;-1;26,39,53,59;16,20,23,81;4;4;8;3;2;5;2;2;2;1;0;0;6;2;5;4;11;6;21;17;54;46;2;1;2.04;3.72;3.77;0;0;0;0;0;0;0;0;0;0;0;0;0;0;0;0;0;0;0;0;0;0;0;0;0;0;0;0;0;0;0;0;0;0;0;0;0;0;0;0;0;0;0;0;0;0;0;0;0;0;0;0;0;0;0;0;0;0;0;0;0;0;0;0;0;9;2;3;3;1;4;5;2016-04-24 07:00:00;608;1;62;31;27;0;-1;1;-1;-1;-1;-1;-1;-1;1;1;1;0;2;1;-1;0;0;0;0;0;0;0;0;1;0;1;0;0;1;1;0;0;-1;-1;0;0;-1;-1;-1;-1;-1;-1;-1;-1;-1;20;36;64;82;91;35;67;80;58;13.17;5.4;4.53;3.07;Western Sydney Wanderers;Brisbane Roar;1.76;1.76;1.78;1.82;1.78;1.82;80;64;37;19;9;76;67;63;0;0;0;97;29;Y;Y;Y;Y;Y;Y;Y
32808;601;608;2015/2016;complete;141;0;-1;22,34,90;58;3;1;4;5;6;11;1;4;0;4;0;0;4;5;5;6;9;11;16;14;38;62;0;4;2.39;3.59;3.04;0;0;0;0;0;0;0;0;0;0;0;0;0;0;0;0;0;0;0;0;0;0;0;0;0;0;0;0;0;0;0;0;0;0;0;0;0;0;0;0;0;0;0;0;0;0;0;0;0;0;0;0;0;0;0;0;0;0;0;0;0;0;0;0;0;4;2;0;1;1;2;2;2016-05-01 06:00:00;601;1;54;18;36;0;-1;1;-1;-1;-1;-1;-1;-1;0;2;0;2;2;2;-1;0;0;0;0;0;0;0;0;0;0;0;0;0;1;1;0;0;-1;-1;0;0;-1;-1;-1;-1;-1;-1;-1;-1;-1;21;34;56;75;88;34;68;70;50;13.17;5.22;5.35;2.93;Adelaide United;Western Sydney Wanderers;1.9;1.76;1.86;1.82;1.86;1.82;79;66;45;25;13;69;53;48;0;0;0;97;29;Y;Y;Y;Y;N;N;Y
