ID;HOMEID;AWAYID;SEASON;STATUS;ROUNDID;GAME_WEEK;REVISED_GAME_WEEK;HOMEGOALS;AWAYGOALS;HOMEGOALCOUNT;AWAYGOALCOUNT;TOTALGOALCOUNT;TEAM_A_CORNERS;TEAM_B_CORNERS;TOTALCORNERCOUNT;TEAM_A_OFFSIDES;TEAM_B_OFFSIDES;TEAM_A_YELLOW_CARDS;TEAM_B_YELLOW_CARDS;TEAM_A_RED_CARDS;TEAM_B_RED_CARDS;TEAM_A_SHOTSONTARGET;TEAM_B_SHOTSONTARGET;TEAM_A_SHOTSOFFTARGET;TEAM_B_SHOTSOFFTARGET;TEAM_A_SHOTS;TEAM_B_SHOTS;TEAM_A_FOULS;TEAM_B_FOULS;TEAM_A_POSSESSION;TEAM_B_POSSESSION;TEAM_A_CARDS_NUM;TEAM_B_CARDS_NUM;ODDS_FT_1;ODDS_FT_X;ODDS_FT_2;ODDS_FT_OVER05;ODDS_FT_OVER15;ODDS_FT_OVER25;ODDS_FT_OVER35;ODDS_FT_OVER45;ODDS_FT_UNDER05;ODDS_FT_UNDER15;ODDS_FT_UNDER25;ODDS_FT_UNDER35;ODDS_FT_UNDER45;ODDS_BTTS_YES;ODDS_BTTS_NO;ODDS_TEAM_A_CS_YES;ODDS_TEAM_A_CS_NO;ODDS_TEAM_B_CS_YES;ODDS_TEAM_B_CS_NO;ODDS_DOUBLECHANCE_1X;ODDS_DOUBLECHANCE_12;ODDS_DOUBLECHANCE_X2;ODDS_1ST_HALF_RESULT_1;ODDS_1ST_HALF_RESULT_X;ODDS_1ST_HALF_RESULT_2;ODDS_2ND_HALF_RESULT_1;ODDS_2ND_HALF_RESULT_X;ODDS_2ND_HALF_RESULT_2;ODDS_DNB_1;ODDS_DNB_2;ODDS_CORNERS_OVER_75;ODDS_CORNERS_OVER_85;ODDS_CORNERS_OVER_95;ODDS_CORNERS_OVER_105;ODDS_CORNERS_OVER_115;ODDS_CORNERS_UNDER_75;ODDS_CORNERS_UNDER_85;ODDS_CORNERS_UNDER_95;ODDS_CORNERS_UNDER_105;ODDS_CORNERS_UNDER_115;ODDS_CORNERS_1;ODDS_CORNERS_X;ODDS_CORNERS_2;ODDS_TEAM_TO_SCORE_FIRST_1;ODDS_TEAM_TO_SCORE_FIRST_X;ODDS_TEAM_TO_SCORE_FIRST_2;ODDS_WIN_TO_NIL_1;ODDS_WIN_TO_NIL_2;ODDS_1ST_HALF_OVER05;ODDS_1ST_HALF_OVER15;ODDS_1ST_HALF_OVER25;ODDS_1ST_HALF_OVER35;ODDS_1ST_HALF_UNDER05;ODDS_1ST_HALF_UNDER15;ODDS_1ST_HALF_UNDER25;ODDS_1ST_HALF_UNDER35;ODDS_2ND_HALF_OVER05;ODDS_2ND_HALF_OVER15;ODDS_2ND_HALF_OVER25;ODDS_2ND_HALF_OVER35;ODDS_2ND_HALF_UNDER05;ODDS_2ND_HALF_UNDER15;ODDS_2ND_HALF_UNDER25;ODDS_2ND_HALF_UNDER35;ODDS_BTTS_1ST_HALF_YES;ODDS_BTTS_1ST_HALF_NO;ODDS_BTTS_2ND_HALF_YES;ODDS_BTTS_2ND_HALF_NO;OVERALLGOALCOUNT;HT_GOALS_TEAM_A;HT_GOALS_TEAM_B;GOALS_2HG_TEAM_A;GOALS_2HG_TEAM_B;GOALCOUNT_2HG;HTGOALCOUNT;DATE_UNIX;WINNINGTEAM;NO_HOME_AWAY;BTTS_POTENTIAL;BTTS_FHG_POTENTIAL;BTTS_2HG_POTENTIAL;GOALTIMINGDISABLED;CORNER_TIMINGS_RECORDED;CARD_TIMINGS_RECORDED;TEAM_A_FH_CORNERS;TEAM_B_FH_CORNERS;TEAM_A_2H_CORNERS;TEAM_B_2H_CORNERS;CORNER_FH_COUNT;CORNER_2H_COUNT;TEAM_A_FH_CARDS;TEAM_B_FH_CARDS;TEAM_A_2H_CARDS;TEAM_B_2H_CARDS;TOTAL_FH_CARDS;TOTAL_2H_CARDS;ATTACKS_RECORDED;TEAM_A_DANGEROUS_ATTACKS;TEAM_B_DANGEROUS_ATTACKS;TEAM_A_ATTACKS;TEAM_B_ATTACKS;TEAM_A_XG;TEAM_B_XG;TOTAL_XG;TEAM_A_PENALTIES_WON;TEAM_B_PENALTIES_WON;TEAM_A_PENALTY_GOALS;TEAM_B_PENALTY_GOALS;TEAM_A_PENALTY_MISSED;TEAM_B_PENALTY_MISSED;PENS_RECORDED;GOAL_TIMINGS_RECORDED;TEAM_A_0_10_MIN_GOALS;TEAM_B_0_10_MIN_GOALS;TEAM_A_CORNERS_0_10_MIN;TEAM_B_CORNERS_0_10_MIN;TEAM_A_CARDS_0_10_MIN;TEAM_B_CARDS_0_10_MIN;THROWINS_RECORDED;TEAM_A_THROWINS;TEAM_B_THROWINS;FREEKICKS_RECORDED;TEAM_A_FREEKICKS;TEAM_B_FREEKICKS;GOALKICKS_RECORDED;TEAM_A_GOALKICKS;TEAM_B_GOALKICKS;O45_POTENTIAL;O35_POTENTIAL;O25_POTENTIAL;O15_POTENTIAL;O05_POTENTIAL;O15HT_POTENTIAL;O05HT_POTENTIAL;O05_2H_POTENTIAL;O15_2H_POTENTIAL;CORNERS_POTENTIAL;OFFSIDES_POTENTIAL;CARDS_POTENTIAL;AVG_POTENTIAL;HOME_NAME;AWAY_NAME;HOME_PPG;AWAY_PPG;PRE_MATCH_HOME_PPG;PRE_MATCH_AWAY_PPG;PRE_MATCH_TEAMA_OVERALL_PPG;PRE_MATCH_TEAMB_OVERALL_PPG;U45_POTENTIAL;U35_POTENTIAL;U25_POTENTIAL;U15_POTENTIAL;U05_POTENTIAL;CORNERS_O85_POTENTIAL;CORNERS_O95_POTENTIAL;CORNERS_O105_POTENTIAL;TEAM_A_XG_PREMATCH;TEAM_B_XG_PREMATCH;TOTAL_XG_PREMATCH;COMPETITION_ID;MATCHES_COMPLETED_MINIMUM;OVER05;OVER15;OVER25;OVER35;OVER45;OVER55;BTTS
430470;601;606;2018/2019;complete;3426;1;-1;45;78;1;1;2;4;4;8;6;1;1;4;0;0;5;4;4;6;9;10;17;18;52;48;1;4;3;3.45;2.3;1.03;1.24;1.77;2.9;0;10.75;3.8;2;1.37;1.13;1.69;2.15;0;0;0;0;0;0;0;0;0;0;0;0;0;0;0;0;0;0;0;0;0;0;0;0;0;0;0;0;0;0;0;0;0;0;0;0;0;0;0;0;0;0;0;0;0;0;0;0;0;0;0;0;0;2;1;0;0;1;1;1;2018-10-19 08:50:00;-1;0;0;0;0;0;1;1;4;1;0;3;5;3;1;2;0;2;3;2;1;0;0;0;0;1.41;1.13;2.54;0;0;0;0;0;0;1;1;0;0;0;0;0;0;-1;-1;-1;-1;-1;-1;-1;-1;-1;0;0;0;0;0;0;0;0;0;0;0;0;0;Adelaide United;Sydney FC;1.67;1.67;0;0;0;0;0;0;0;0;0;0;0;0;0;0;0;1555;29;Y;Y;N;N;N;N;Y
430471;607;602;2018/2019;complete;3426;1;-1;28;40,70;1;2;3;6;0;6;0;3;4;2;0;0;7;6;7;3;14;9;18;20;54;46;4;2;2.3;3.4;3;1.04;1.28;1.87;3.2;0;9.75;3.45;1.87;1.31;1.1;1.77;2.05;0;0;0;0;0;0;0;0;0;0;0;0;0;0;0;0;0;0;0;0;0;0;0;0;0;0;0;0;0;0;0;0;0;0;0;0;0;0;0;0;0;0;0;0;0;0;0;0;0;0;0;0;0;3;1;1;0;1;1;2;2018-10-20 08:50:00;602;0;0;0;0;0;1;1;2;0;4;0;2;4;2;0;2;2;2;4;1;0;0;0;0;2.06;1.38;3.44;0;1;0;0;0;1;1;1;0;0;1;0;1;0;-1;-1;-1;-1;-1;-1;-1;-1;-1;0;0;0;0;0;0;0;0;0;0;0;0;0;Melbourne Victory FC;Melbourne City FC;1.8;0.93;0;0;0;0;0;0;0;0;0;0;0;0;0;0;0;1555;28;Y;Y;Y;N;N;N;Y
430472;609;605;2018/2019;complete;3426;1;-1;32,89;90;2;1;3;10;6;16;3;2;4;2;0;0;5;7;7;11;12;18;17;17;39;61;4;2;3.3;3.6;2.05;1.01;1.18;1.61;2.5;4.5;12.5;4.45;2.2;1.48;1.18;1.59;2.35;5;1.16;3.4;1.3;1.72;1.3;1.34;3.6;2.18;2.6;3.2;2.62;2.37;0;0;0;0;0;1.8;0;0;0;0;1.9;0;1.61;7.5;2.75;2.25;13;1.66;7;4.33;0;0;0;0;0;0;0;0;1.33;2.5;6;17;3.25;1.5;1.12;1.02;0;0;0;0;3;1;0;1;1;2;1;2018-10-21 04:00:00;609;0;0;0;0;0;1;1;5;5;5;1;10;6;0;1;4;1;1;5;1;66;40;74;103;1.58;1.92;3.5;1;0;0;0;1;0;1;1;0;0;1;0;0;0;-1;-1;-1;-1;-1;-1;-1;-1;-1;0;0;0;0;0;0;0;0;0;0;0;0;0;Wellington Phoenix;Newcastle Jets FC;1.86;1.14;0;0;0;0;0;0;0;0;0;0;0;0;0;0;0;1555;27;Y;Y;Y;N;N;N;Y
430473;604;603;2018/2019;complete;3426;1;-1;65;4;1;1;2;7;2;9;4;1;2;4;0;0;6;3;13;4;19;7;15;16;61;39;2;4;1.95;3.55;3.65;1.02;1.19;1.62;2.6;4.5;12.25;4.3;2.2;1.47;1.17;1.61;2.3;3.25;1.33;5;1.16;1.28;1.28;1.85;2.5;2.25;4;2.25;2.62;3.5;0;0;0;0;0;1.8;0;0;0;0;1.9;0;1.66;7.5;2.62;1.61;15;2.37;3.75;7;0;0;0;0;0;0;0;0;1.3;2.5;6;17;3.4;1.5;1.12;1.02;0;0;0;0;2;0;1;1;0;1;1;2018-10-21 06:00:00;-1;0;0;0;0;0;1;1;3;0;4;2;3;6;0;2;2;2;2;4;1;84;34;124;107;2.22;0.91;3.14;0;0;0;0;0;0;1;1;0;1;0;0;0;0;-1;-1;-1;-1;-1;-1;-1;-1;-1;0;0;0;0;0;0;0;0;0;0;0;0;0;Brisbane Roar;Central Coast Mariners;0.92;0.36;0;0;0;0;0;0;0;0;0;0;0;0;0;0;0;1555;27;Y;Y;N;N;N;N;Y
430474;600;608;2018/2019;complete;3426;1;-1;26;65;1;1;2;8;6;14;5;1;2;2;0;0;6;5;6;4;12;9;10;21;57;43;2;2;2.3;3.5;2.95;1.02;1.2;1.67;2.7;4.75;11.75;4.2;2.1;1.43;1.16;1.62;2.3;3.5;1.28;4.33;1.2;1.4;1.29;1.61;2.8;2.15;3.5;2.5;2.6;3;0;0;0;0;0;1.83;0;0;0;0;1.83;0;2.04;7;2.04;1.72;13;2.1;4.5;6;0;0;0;0;0;0;0;0;1.33;2.5;6.5;17;3.25;1.5;1.11;1.02;0;0;0;0;2;1;0;0;1;1;1;2018-10-21 08:00:00;-1;0;0;0;0;0;1;1;1;4;7;2;5;9;1;2;1;0;3;1;1;59;36;112;83;1.61;1.18;2.8;0;0;0;0;0;0;1;1;0;0;0;1;0;1;-1;-1;-1;-1;-1;-1;-1;-1;-1;0;0;0;0;0;0;0;0;0;0;0;0;0;Perth Glory FC;Western Sydney Wanderers;2.13;0.92;0;0;0;0;0;0;0;0;0;0;0;0;0;0;0;1555;27;Y;Y;N;N;N;N;Y
430475;601;605;2018/2019;complete;3426;2;-1;63;52;1;1;2;6;4;10;1;1;3;3;0;0;4;3;6;5;10;8;15;17;53;47;3;3;1.87;3.7;3.85;1.02;1.21;1.69;2.75;5;11.5;4.05;2.05;1.41;1.15;1.69;2.2;2.75;1.4;5.5;1.14;1.25;1.28;1.95;2.63;2.25;3.9;2.1;2.62;3.75;0;0;0;0;0;1.83;1.9;0;0;0;1.83;1.8;1.4;8.5;3.5;1.53;13;2.6;3.4;7.5;0;0;0;0;0;0;0;0;1.33;2.5;6.5;19;3.25;1.5;1.11;1.02;0;0;0;0;2;0;0;1;1;2;0;2018-10-26 08:50:00;-1;0;100;0;50;0;1;1;2;4;4;0;6;4;0;1;3;2;1;5;1;36;24;102;141;1.18;0.92;2.1;0;0;0;0;0;0;1;1;0;0;0;0;0;1;-1;-1;-1;-1;-1;-1;-1;-1;-1;0;0;50;100;100;0;100;100;50;10;8;3;2.5;Adelaide United;Newcastle Jets FC;1.67;1.14;1;0;1;0;100;100;50;0;0;50;50;50;1.41;1.92;3.33;1555;27;Y;Y;N;N;N;N;Y
430476;603;602;2018/2019;complete;3426;2;-1;21;84;1;1;2;4;13;17;0;2;0;3;0;0;4;6;1;12;5;18;15;11;37;63;0;3;4.5;3.75;1.74;1.02;1.23;1.74;2.85;5;11;3.9;2;1.38;1.14;1.77;2.05;5.5;1.14;2.75;1.4;2.1;1.25;1.22;4.33;2.4;2.3;4;2.62;2.04;0;0;0;0;0;1.9;0;0;0;0;1.8;0;2.04;7;2.04;2.62;15;1.5;8;3.25;0;0;0;0;0;0;0;0;1.33;2.5;6.5;17;3.25;1.5;1.11;1.02;0;0;0;0;2;1;0;0;1;1;1;2018-10-27 06:35:00;-1;0;50;50;0;0;1;1;3;4;1;9;7;10;0;1;0;2;1;2;1;20;70;103;105;0.76;2.06;2.82;0;0;0;0;0;0;1;1;0;0;2;0;0;0;-1;-1;-1;-1;-1;-1;-1;-1;-1;0;0;50;50;50;50;50;50;0;0;3;2;1.5;Central Coast Mariners;Melbourne City FC;0.62;0.93;0;3;1;3;50;50;0;0;0;0;0;0;0;1.38;1.38;1555;27;Y;Y;N;N;N;N;Y
430477;606;608;2018/2019;complete;3426;2;-1;4,53;;2;0;2;6;12;18;2;2;2;3;0;0;5;2;9;15;14;17;14;13;50;50;2;3;1.71;3.75;4.7;1.03;1.24;1.77;2.9;0;10.75;3.8;2;1.37;1.13;1.8;2;0;0;0;0;0;0;0;0;0;0;0;0;0;0;0;0;0;0;0;0;0;0;0;0;0;0;0;0;0;0;0;0;0;0;0;0;0;0;0;0;0;0;0;0;0;0;0;0;0;0;0;0;0;2;1;0;1;0;1;1;2018-10-27 08:50:00;606;0;50;0;0;0;1;1;2;1;4;11;3;15;1;2;1;1;3;2;1;0;0;0;0;1.56;1.52;3.08;0;0;0;0;0;0;1;1;1;0;0;1;0;0;-1;-1;-1;-1;-1;-1;-1;-1;-1;0;0;0;50;50;0;50;50;0;6;1;2;1;Sydney FC;Western Sydney Wanderers;2.21;0.92;0;1;1;1;50;50;50;0;0;50;50;50;0;1.18;1.18;1555;27;Y;Y;N;N;N;N;N
430478;604;609;2018/2019;complete;3426;2;-1;;;0;0;0;1;7;8;0;3;4;2;0;0;4;5;9;8;13;13;14;14;54;46;4;2;1.69;4;4.4;1.02;1.19;1.62;2.6;0;12.25;4.3;2.2;1.47;1.17;1.67;2.2;0;0;0;0;0;0;0;0;0;0;0;0;0;0;0;0;0;0;0;0;0;0;0;0;0;0;0;0;0;0;0;0;0;0;0;0;0;0;0;0;0;0;0;0;0;0;0;0;0;0;0;0;0;0;0;0;0;0;0;0;2018-10-28 06:00:00;-1;0;50;0;0;0;1;1;0;4;1;3;4;4;1;0;3;2;1;5;1;0;0;0;0;1.68;1.54;3.22;0;0;0;0;0;0;1;1;0;0;0;2;0;0;-1;-1;-1;-1;-1;-1;-1;-1;-1;0;0;0;50;50;0;50;50;0;7;4;2;1;Brisbane Roar;Wellington Phoenix;0.92;1;1;0;1;3;50;50;50;0;0;50;0;0;2.22;0;2.22;1555;27;N;N;N;N;N;N;N
430479;607;600;2018/2019;complete;3426;2;-1;47,87;8,23,90;2;3;5;6;2;8;4;2;2;3;0;0;7;5;4;3;11;8;12;13;67;33;2;3;1.69;4.05;4.5;1.02;1.19;1.62;2.6;4.75;12.25;4.3;2.2;1.47;1.17;1.69;2.2;2.75;1.4;6;1.12;1.2;1.25;2.14;2.17;2.44;4.75;2;2.75;4;0;0;0;0;0;1.9;0;0;0;0;1.8;0;1.66;7;2.75;1.5;15;2.75;3.2;9;0;0;0;0;0;0;0;0;1.27;2.36;5.5;17;3.54;1.55;1.13;1.02;0;0;0;0;5;0;2;2;1;3;2;2018-10-28 08:00:00;600;0;50;50;0;0;1;1;2;2;4;0;4;4;1;2;1;1;3;2;1;67;27;131;92;1.68;1.06;2.74;0;0;0;0;0;0;1;1;0;1;1;0;0;0;-1;-1;-1;-1;-1;-1;-1;-1;-1;0;0;50;50;50;50;50;50;0;6;0;4;1.5;Melbourne Victory FC;Perth Glory FC;1.8;2.15;0;0;0;1;50;50;0;0;0;0;0;0;2.06;0;2.06;1555;29;Y;Y;Y;Y;Y;N;Y
430480;602;606;2018/2019;complete;3426;3;-1;;16,61,90;0;3;3;2;1;3;4;2;3;1;0;0;3;5;4;3;7;8;17;15;59;41;3;1;2.5;3.25;2.8;1.05;1.33;2.05;3.65;5.8;8.75;3.1;1.71;1.26;1.08;1.87;1.95;3.4;1.3;3.75;1.25;1.4;1.34;1.6;3.06;2.15;3.46;2.62;2.5;3;0;0;0;0;0;2;0;0;0;0;1.72;0;1.5;7.5;3.1;1.8;11;2.1;4.5;5.5;0;0;0;0;0;0;0;0;1.33;2.7;6.6;17;3.15;1.43;1.09;1.01;0;0;0;0;3;0;1;0;2;2;1;2018-11-02 08:50:00;606;0;50;0;0;0;1;1;0;1;2;0;1;2;2;1;1;0;3;1;1;48;30;142;95;1.02;1.08;2.11;0;0;0;0;0;0;1;1;0;0;0;0;0;0;-1;-1;-1;-1;-1;-1;-1;-1;-1;0;0;0;50;50;0;50;50;0;4;1;4;1;Melbourne City FC;Sydney FC;2;1.67;0;1;2;2;50;50;50;0;0;0;0;0;0;1.13;1.13;1555;28;Y;Y;Y;N;N;N;N
430481;609;608;2018/2019;complete;3426;3;-1;;11,55,90;0;3;3;11;5;16;4;1;3;1;0;0;5;7;8;15;13;22;13;19;49;51;3;1;2.55;3.45;2.65;1.02;1.19;1.65;2.6;0;12;4.3;2.15;1.45;1.17;1.59;2.35;0;0;0;0;0;0;0;0;0;0;0;0;0;0;0;0;0;0;0;0;0;0;0;0;0;0;0;0;0;0;0;0;0;0;0;0;0;0;0;0;0;0;0;0;0;0;0;0;0;0;0;0;0;3;0;1;0;2;2;1;2018-11-03 06:35:00;608;0;75;0;50;0;1;1;3;3;8;2;6;10;1;0;2;1;1;3;1;0;0;0;0;1.48;2.18;3.66;0;1;0;1;0;0;1;1;0;0;0;0;0;0;-1;-1;-1;-1;-1;-1;-1;-1;-1;0;0;50;100;100;0;100;100;50;19;4.5;6.5;2.5;Wellington Phoenix;Western Sydney Wanderers;1.86;0.92;3;0.5;2;0.5;100;100;50;0;0;100;100;100;1.58;1.35;2.93;1555;27;Y;Y;Y;N;N;N;N
430482;605;607;2018/2019;complete;3426;3;-1;;71;0;1;1;4;7;11;1;4;2;2;0;0;5;3;15;8;20;11;17;11;46;54;2;2;2.65;3.4;2.55;1.02;1.21;1.69;2.7;0;11.5;4.1;2.1;1.43;1.15;1.61;2.3;0;0;0;0;0;0;0;0;0;0;0;0;0;0;0;0;0;0;0;0;0;0;0;0;0;0;0;0;0;0;0;0;0;0;0;0;0;0;0;0;0;0;0;0;0;0;0;0;0;0;0;0;0;1;0;0;0;1;1;0;2018-11-03 08:50:00;607;0;0;0;0;0;1;1;1;3;3;4;4;7;1;1;1;1;2;2;1;0;0;0;0;1.95;1.29;3.24;0;0;0;0;0;0;1;1;0;0;0;0;0;1;-1;-1;-1;-1;-1;-1;-1;-1;-1;0;0;0;0;0;0;0;0;0;0;0;0;0;Newcastle Jets FC;Melbourne Victory FC;1.46;1.86;0;0;0.5;0;0;0;0;0;0;0;0;0;0;0;0;1555;27;Y;N;N;N;N;N;N
430483;600;604;2018/2019;complete;3426;3;-1;15,63;84;2;1;3;5;5;10;1;1;1;1;1;0;5;2;7;5;12;7;12;10;46;54;3;1;2;3.6;3.55;1.01;1.18;1.61;2.5;0;12.5;4.45;2.2;1.48;1.18;1.61;2.35;0;0;0;0;0;0;0;0;0;0;0;0;0;0;0;0;0;0;0;0;0;0;0;0;0;0;0;0;0;0;0;0;0;0;0;0;0;0;0;0;0;0;0;0;0;0;0;0;0;0;0;0;0;3;1;0;1;1;2;1;2018-11-03 11:00:00;600;0;50;0;0;0;1;1;3;3;2;2;6;4;0;1;2;0;1;2;1;0;0;0;0;1.44;0.95;2.4;0;1;0;1;0;0;1;1;0;0;1;1;0;0;-1;-1;-1;-1;-1;-1;-1;-1;-1;0;0;0;50;50;0;50;50;0;8;5;2;1;Perth Glory FC;Brisbane Roar;2.13;0.43;1;0;2;1;50;50;50;0;0;50;50;50;1.61;0;1.61;1555;27;Y;Y;Y;N;N;N;Y
430484;603;601;2018/2019;complete;3426;3;-1;;9,16,56;0;3;3;8;1;9;3;5;2;1;0;0;3;7;5;3;8;10;17;11;51;49;2;1;3.8;3.55;1.91;1.03;1.26;1.83;3.1;4.85;10;3.6;1.91;1.33;1.11;1.8;2.05;5;1.16;3;1.36;1.9;1.25;1.29;4.25;2.35;2.38;3.6;2.62;2.2;0;0;0;0;0;1.83;2.1;0;0;0;1.83;1.66;2.62;7.5;1.66;2.25;12;1.67;7;3.5;0;0;0;0;0;0;0;0;1.28;2.4;5.7;15;3.46;1.53;1.12;1.02;0;0;0;0;3;0;2;0;1;1;2;2018-11-04 06:00:00;601;0;50;0;0;0;1;1;3;0;5;1;3;6;0;1;2;0;1;2;1;66;29;118;73;1.2;1.33;2.54;0;0;0;0;0;0;1;1;0;1;0;0;0;0;-1;-1;-1;-1;-1;-1;-1;-1;-1;0;0;0;50;50;0;50;50;0;4;0;0;1;Central Coast Mariners;Adelaide United;0.62;1.64;1;0;1;1;50;50;50;0;0;50;50;50;0.76;0;0.76;1555;27;Y;Y;Y;N;N;N;N
430485;602;609;2018/2019;complete;3426;4;-1;9,59;;2;0;2;5;3;8;2;2;2;3;0;0;9;2;4;2;13;4;13;15;56;44;2;3;1.51;4.1;6.2;1.03;1.25;1.8;3;4.9;10.5;3.7;1.95;1.35;1.12;1.95;1.87;2.25;1.57;7;1.1;1.11;1.22;2.75;2.11;2.27;5;1.72;2.75;5.5;0;0;0;0;0;1.8;0;0;0;0;1.9;0;1.95;7;2.1;1.33;13;3.4;2.6;12;0;0;0;0;0;0;0;0;1.3;2.5;6;17;3.4;1.5;1.12;1.02;0;0;0;0;2;1;0;1;0;1;1;2018-11-09 08:50:00;602;0;0;0;0;0;1;1;3;2;2;1;5;3;0;1;2;2;1;4;1;59;51;117;96;1.88;0.77;2.66;0;0;0;0;0;0;1;1;1;0;0;1;0;1;-1;-1;-1;-1;-1;-1;-1;-1;-1;0;0;50;50;50;0;50;50;50;9;7;5;1.5;Melbourne City FC;Wellington Phoenix;2;1;0;1;1.33;1.33;100;100;50;50;50;0;0;0;1.02;1.54;2.56;1555;28;Y;Y;N;N;N;N;N
430486;608;604;2018/2019;complete;3426;4;-1;10,17;37,48;2;2;4;6;6;12;6;2;2;3;0;0;6;5;7;3;13;8;19;18;49;51;2;3;2.1;3.4;3.35;1.02;1.23;1.74;2.85;5.5;11;3.9;2;1.38;1.14;1.69;2.2;3.25;1.33;4.5;1.18;1.29;1.3;1.8;2.63;2.14;3.7;2.37;2.6;3.25;0;0;0;0;0;1.83;0;0;0;0;1.83;0;1.66;7.5;2.62;1.66;13;2.3;4;6.5;0;0;0;0;0;0;0;0;1.33;2.5;6.5;19;3.25;1.5;1.11;1.02;0;0;0;0;4;2;1;0;1;1;3;2018-11-10 06:35:00;-1;0;50;0;50;0;1;1;1;4;5;2;5;7;1;1;1;2;2;3;1;63;52;135;88;1.71;1.24;2.94;1;1;0;1;1;0;1;1;1;0;1;0;0;0;-1;-1;-1;-1;-1;-1;-1;-1;-1;0;0;50;50;50;0;50;50;50;5;1;1;1.5;Western Sydney Wanderers;Brisbane Roar;0.86;0.43;0;0;1.33;0.67;50;50;0;0;0;50;50;0;0;0.95;0.95;1555;27;Y;Y;Y;Y;N;N;Y
430487;605;606;2018/2019;complete;3426;4;-1;87;20;1;1;2;6;2;8;6;1;1;3;0;0;4;4;4;2;8;6;17;11;48;52;1;3;3.5;3.35;2.05;1.04;1.28;1.91;3.25;5.25;9.5;3.4;1.83;1.3;1.1;1.8;2;4.33;1.2;2.75;1.4;1.8;1.3;1.29;4;2.09;2.59;3.6;2.5;2.3;0;0;0;0;0;1.83;0;0;0;0;1.83;0;2.04;7;2.04;2.4;11;1.61;6.5;3.5;0;0;0;0;0;0;0;0;1.36;2.75;8;21;3;1.4;1.08;1.01;0;0;0;0;2;0;1;1;0;1;1;2018-11-10 08:50:00;-1;0;25;0;0;0;1;1;2;0;4;2;2;6;0;0;1;3;0;4;1;45;40;137;116;1.13;0.97;2.1;0;0;0;0;0;0;1;1;0;0;0;0;0;0;-1;-1;-1;-1;-1;-1;-1;-1;-1;0;0;25;50;100;0;50;100;25;6.5;2.5;4.5;1.75;Newcastle Jets FC;Sydney FC;1.46;1.67;0;2;0.33;2.33;100;100;75;50;0;50;50;50;1.95;1.11;3.06;1555;27;Y;Y;N;N;N;N;Y
430488;601;600;2018/2019;complete;3426;4;-1;;73,90;0;2;2;5;9;14;1;5;1;1;0;0;2;6;11;9;13;15;10;11;54;46;1;1;2.1;3.45;3.35;1.02;1.22;1.71;2.8;0;11;3.95;2.05;1.39;1.14;1.67;2.2;0;0;0;0;0;0;0;0;0;0;0;0;0;0;0;0;0;0;0;0;0;0;0;0;0;0;0;0;0;0;0;0;0;0;0;0;0;0;0;0;0;0;0;0;0;0;0;0;0;0;0;0;0;2;0;0;0;2;2;0;2018-11-11 06:00:00;600;0;100;0;75;0;1;1;3;0;2;9;3;11;1;0;0;1;1;1;1;0;0;0;0;1.29;1.64;2.93;0;0;0;0;0;0;1;1;0;0;0;0;0;0;-1;-1;-1;-1;-1;-1;-1;-1;-1;50;50;50;100;100;50;75;100;75;7;5.5;5;3.5;Adelaide United;Perth Glory FC;1.67;2.15;1;3;1.67;2.33;50;50;50;0;0;25;25;0;1.29;1.06;2.35;1555;29;Y;Y;N;N;N;N;N
430489;607;603;2018/2019;complete;3426;4;-1;30,35,45,90;62;4;1;5;2;1;3;6;0;2;2;0;0;9;6;8;10;17;16;11;18;51;49;2;2;1.38;4.75;7.25;1.01;1.17;1.56;2.4;0;13;4.7;2.3;1.51;1.2;1.8;2;0;0;0;0;0;0;0;0;0;0;0;0;0;0;0;0;0;0;0;0;0;0;0;0;0;0;0;0;0;0;0;0;0;0;0;0;0;0;0;0;0;0;0;0;0;0;0;0;0;0;0;0;0;5;3;0;1;1;2;3;2018-11-11 08:00:00;607;0;100;25;25;0;1;1;1;0;1;1;1;2;2;0;0;2;2;2;1;0;0;0;0;1.99;1.69;3.68;0;0;0;0;0;0;1;1;0;0;1;0;0;0;-1;-1;-1;-1;-1;-1;-1;-1;-1;25;25;50;100;100;50;100;100;25;8;3;7;3;Melbourne Victory FC;Central Coast Mariners;1.8;0.36;0;1;1;0.67;75;75;50;0;0;50;0;0;1.87;0.91;2.78;1555;27;Y;Y;Y;Y;Y;N;Y
430490;608;605;2018/2019;complete;3426;5;-1;;25,90;0;2;2;8;4;12;0;4;0;1;0;0;6;6;9;4;15;10;14;16;53;47;0;1;2.25;3.4;3.05;1.02;1.22;1.71;2.75;5;11.25;4;2.05;1.4;1.14;1.65;2.25;3.5;1.28;4.33;1.2;1.37;1.33;1.61;2.87;2.25;3.4;2.5;2.6;3;0;0;0;0;0;1.72;2;0;0;0;2;1.72;1.66;7.5;2.62;1.72;13;2.1;4.5;6;0;0;0;0;0;0;0;0;1.33;2.5;6.5;19;3.25;1.5;1.11;1.02;0;0;0;0;2;0;1;0;1;1;1;2018-11-23 08:50:00;605;0;100;50;50;0;1;1;3;1;5;3;4;8;0;0;0;1;0;1;1;77;54;96;74;1.92;1.44;3.36;0;0;0;0;0;0;1;1;0;0;0;0;0;0;-1;-1;-1;-1;-1;-1;-1;-1;-1;0;50;75;100;100;50;75;100;50;11;7.5;4.5;3.25;Western Sydney Wanderers;Newcastle Jets FC;0.86;1.14;1;0.5;1.25;0.5;100;50;25;0;0;100;100;75;1.71;1.42;3.13;1555;27;Y;Y;N;N;N;N;N
430491;609;601;2018/2019;complete;3426;5;-1;14;45,47,64;1;3;4;6;5;11;2;1;1;1;0;0;5;6;4;8;9;14;15;19;50;50;1;1;3.4;3.45;2.05;1.03;1.24;1.77;2.9;4.25;10.75;3.8;2;1.37;1.13;1.71;2.1;3.75;1.25;3.25;1.33;1.61;1.3;1.4;3.6;2.1;2.8;3.1;2.5;2.6;0;0;0;0;0;1.8;2.1;0;0;0;1.9;1.66;1.9;7.5;2.2;2.2;11;1.72;5.5;4;0;0;0;0;0;0;0;0;1.36;2.75;8;21;3;1.4;1.08;1.01;0;0;0;0;4;1;1;0;2;2;2;2018-11-24 06:35:00;601;0;25;0;25;0;1;1;3;4;3;1;7;4;0;0;1;1;0;2;1;49;40;130;64;1.29;1.59;2.88;0;0;0;0;0;0;1;1;0;0;0;0;0;0;-1;-1;-1;-1;-1;-1;-1;-1;-1;0;0;100;100;100;50;100;100;50;11.5;8.5;4.5;3;Wellington Phoenix;Adelaide United;1.86;1.64;1.5;3;1;1.25;100;100;0;0;0;100;50;50;1.53;1.33;2.86;1555;28;Y;Y;Y;Y;N;N;Y
430492;604;602;2018/2019;complete;3426;5;-1;27,66;;2;0;2;4;4;8;0;4;1;2;0;0;6;4;5;5;11;9;16;9;36;64;1;2;3.05;3.4;2.25;1.03;1.24;1.77;2.95;4.75;10.5;3.75;1.95;1.36;1.13;1.71;2.15;3.25;1.33;3.25;1.33;1.57;1.25;1.4;3.45;2.04;3.35;3.1;2.3;2.7;0;0;0;0;0;1.83;0;0;0;0;1.83;0;2.25;7;1.9;2.05;7.75;1.91;4.5;4.5;0;0;0;0;0;0;0;0;1.4;2.75;6.5;15.5;2.7;1.4;1.08;1.01;0;0;0;0;2;1;0;1;0;1;1;2018-11-24 08:50:00;604;0;75;25;0;0;1;1;2;2;2;2;4;4;0;1;1;1;1;2;1;35;80;75;160;1.37;1.45;2.82;0;0;0;0;0;0;1;1;0;0;0;1;0;1;-1;-1;-1;-1;-1;-1;-1;-1;-1;0;0;25;75;75;25;75;75;0;10.5;4.5;5.5;1.75;Brisbane Roar;Melbourne City FC;0.92;0.93;1;2;0.75;1.75;100;100;75;25;25;50;25;25;1.95;1.72;3.67;1555;27;Y;Y;N;N;N;N;N
430493;606;607;2018/2019;complete;3426;5;-1;35;23,71;1;2;3;3;4;7;3;3;2;2;0;0;4;5;4;2;8;7;17;11;58;42;2;2;1.91;3.55;3.8;1.04;1.27;1.87;3.2;0;9.75;3.5;1.87;1.32;1.11;1.8;2;0;0;0;0;0;0;0;0;0;0;0;0;0;0;0;0;0;0;0;0;0;0;0;0;0;0;0;0;0;0;0;0;0;0;0;0;0;0;0;0;0;0;0;0;0;0;0;0;0;0;0;0;0;3;1;1;0;1;1;2;2018-11-25 06:00:00;607;0;0;0;0;0;1;1;0;3;3;1;3;4;0;0;2;2;0;4;1;0;0;0;0;1.28;1.01;2.29;1;1;0;1;1;0;1;1;0;0;0;2;0;0;-1;-1;-1;-1;-1;-1;-1;-1;-1;0;0;0;50;100;0;50;100;0;13;6;4;1.5;Sydney FC;Melbourne Victory FC;2.21;1.86;3;3;2;1.5;100;100;100;50;0;100;100;100;1.56;1.29;2.85;1555;29;Y;Y;Y;N;N;N;Y
430494;600;603;2018/2019;complete;3426;5;-1;12,61,90;36,64;3;2;5;4;4;8;3;1;4;2;0;1;5;4;3;2;8;6;13;12;61;39;4;3;1.38;4.85;7;1.02;1.19;1.62;2.55;3.8;12.25;4.35;2.2;1.47;1.18;1.91;1.91;2.1;1.66;10;1.06;1.1;1.14;2.7;1.93;2.48;6.2;1.67;2.8;6;0;0;0;0;0;1.9;0;0;0;0;1.8;0;1.5;7.5;3.2;1.35;10;3.2;2.25;17;0;0;0;0;0;0;0;0;1.28;2.3;5;10.5;3.3;1.55;1.14;1.02;0;0;0;0;5;1;1;2;1;3;2;2018-11-25 08:00:00;600;0;100;0;50;0;1;1;2;1;2;3;3;5;1;1;3;2;2;5;1;41;46;115;113;1.17;1.01;2.18;0;0;0;0;0;0;1;1;0;0;0;0;0;0;-1;-1;-1;-1;-1;-1;-1;-1;-1;25;25;50;100;100;25;100;100;50;8;3.5;5.5;3;Perth Glory FC;Central Coast Mariners;2.13;0.36;2;0.5;2.5;0.5;75;75;50;0;0;75;50;25;1.53;1.3;2.83;1555;27;Y;Y;Y;Y;Y;N;Y
430495;601;604;2018/2019;complete;3426;6;-1;43,49;67;2;1;3;8;2;10;3;5;3;3;1;1;9;6;8;5;17;11;14;15;48;52;4;5;2;3.45;3.65;1.04;1.27;1.87;3.2;5.25;9.75;3.5;1.87;1.32;1.11;1.8;2.05;2.75;1.4;4.33;1.2;1.28;1.29;1.83;2.66;2.05;4.25;2.25;2.5;3.6;0;0;0;0;0;1.72;0;0;0;0;2;0;1.53;7.5;3;1.61;11;2.5;3.5;6.5;0;0;0;0;0;0;0;0;1.36;2.75;8;21;3;1.4;1.08;1.01;0;0;0;0;3;1;0;1;1;2;1;2018-11-30 08:50:00;601;0;84;25;42;0;1;1;5;1;3;1;6;4;0;2;4;2;2;6;1;44;57;76;136;2.01;1.54;3.56;0;0;0;0;0;0;1;1;0;0;1;0;0;1;-1;-1;-1;-1;-1;-1;-1;-1;-1;0;25;50;100;100;25;67;100;59;10.5;4.17;3.67;2.75;Adelaide United;Brisbane Roar;1.67;0.43;0.67;0.5;1.6;1.2;100;75;50;0;0;84;84;42;1.29;1.09;2.38;1555;27;Y;Y;Y;N;N;N;Y
430496;603;606;2018/2019;complete;3426;6;-1;16;42,65;1;2;3;7;3;10;1;1;3;1;0;0;5;4;8;6;13;10;21;14;44;56;3;1;5.9;4.2;1.53;1.02;1.22;1.71;2.75;4.75;11.25;4;2.05;1.4;1.14;1.87;1.95;7;1.1;2.2;1.61;2.8;1.2;1.1;5;2.23;2.21;6;2.87;1.72;0;0;0;0;1.72;2;0;0;0;2;1.72;0;2.2;7;1.9;3.6;13;1.33;13;2.4;0;0;0;0;0;0;0;0;1.3;2.5;6;17;3.4;1.5;1.12;1.02;0;0;0;0;3;1;1;0;1;1;2;2018-12-01 06:35:00;606;0;59;0;0;0;1;1;6;3;1;0;9;1;1;0;2;1;1;3;1;44;38;91;115;1.49;1.2;2.69;0;1;0;1;0;0;1;1;0;0;1;1;0;0;-1;-1;-1;-1;-1;-1;-1;-1;-1;0;0;42;100;100;25;100;100;17;8.33;2.83;3.67;2.42;Central Coast Mariners;Sydney FC;0.62;1.67;0.5;1.67;0.4;1.6;100;100;59;0;0;50;25;25;0.98;1.06;2.04;1555;27;Y;Y;Y;N;N;N;Y
430497;607;608;2018/2019;complete;3426;6;-1;11,31,39,83;;4;0;4;6;3;9;3;7;1;3;0;0;12;6;5;4;17;10;12;14;56;44;1;3;1.8;3.8;4.1;1.01;1.18;1.61;2.5;4.25;12.5;4.45;2.2;1.48;1.18;1.62;2.25;3;1.36;6;1.12;1.25;1.28;2;2.33;2.23;4.9;2.04;2.75;3.75;0;0;0;0;0;1.9;0;0;0;0;1.8;0;1.53;7.5;3.1;1.53;15;2.6;3.5;9;0;0;0;0;0;0;0;0;1.3;2.37;5.5;15;3.4;1.53;1.14;1.03;0;0;0;0;4;3;0;1;0;1;3;2018-12-01 08:50:00;607;0;67;17;34;0;1;1;5;0;1;3;5;4;1;1;0;2;2;2;1;50;42;115;88;2.28;1.36;3.64;1;0;1;0;0;0;1;1;0;0;0;0;0;1;-1;-1;-1;-1;-1;-1;-1;-1;-1;34;34;67;100;100;50;100;100;50;12.34;4.66;4.67;3.33;Melbourne Victory FC;Western Sydney Wanderers;1.8;0.92;1;1.33;1.8;1;67;67;34;0;0;50;50;50;1.91;1.63;3.54;1555;27;Y;Y;Y;Y;N;N;N
430498;609;600;2018/2019;complete;3426;6;-1;44;82;1;1;2;3;5;8;2;5;6;2;1;0;5;2;10;7;15;9;18;14;51;49;8;2;3.2;3.6;2.1;1.02;1.22;1.71;2.75;0;11.25;4;2.05;1.4;1.14;1.67;2.2;0;0;0;0;0;0;0;0;0;0;0;0;0;0;0;0;0;0;0;0;0;0;0;0;0;0;0;0;0;0;0;0;0;0;0;0;0;0;0;0;0;0;0;0;0;0;0;0;0;0;0;0;0;2;1;0;0;1;1;1;2018-12-02 06:00:00;-1;0;59;17;42;0;1;1;2;1;1;4;3;5;2;1;5;1;3;6;1;0;0;0;0;1.58;1.05;2.63;0;0;0;0;0;0;1;1;0;0;0;0;0;0;-1;-1;-1;-1;-1;-1;-1;-1;-1;25;42;75;100;100;42;75;100;100;14.5;6.5;4.67;3.42;Wellington Phoenix;Perth Glory FC;1.86;2.15;1;3;0.8;2.6;75;59;25;0;0;75;75;75;1.45;1.35;2.8;1555;28;Y;Y;N;N;N;N;Y
430499;602;605;2018/2019;complete;3426;6;-1;2,45,75;;3;0;3;7;3;10;4;3;0;4;0;0;7;4;4;4;11;8;11;14;51;49;0;4;2.15;3.45;3.25;1.04;1.29;1.95;3.35;5.25;9.25;3.35;1.8;1.29;1.09;1.83;2;3;1.36;4;1.22;1.37;1.29;1.7;2.83;2.12;3.9;2.4;2.5;3.25;0;0;0;0;0;1.83;0;0;0;0;1.83;0;1.36;8.5;4;1.66;11;2.3;3.75;5.5;0;0;0;0;0;0;0;0;1.4;2.75;8;21;2.75;1.4;1.08;1.01;0;0;0;0;3;2;0;1;0;1;2;2018-12-02 08:00:00;602;0;34;0;34;0;1;1;2;2;5;1;4;6;0;2;0;2;2;2;1;55;37;129;95;1.6;1.06;2.66;0;0;0;0;0;0;1;1;1;0;1;0;0;0;-1;-1;-1;-1;-1;-1;-1;-1;-1;0;0;42;100;100;0;84;100;59;8.17;5.33;4.5;2.42;Melbourne City FC;Newcastle Jets FC;2;1.14;1.5;1.33;1.4;1;100;100;59;0;0;50;50;34;1.45;1.42;2.87;1555;27;Y;Y;Y;N;N;N;N
430500;608;603;2018/2019;complete;3426;7;-1;45,68;;2;0;2;5;7;12;2;2;2;3;0;0;7;4;9;5;16;9;13;16;50;50;2;3;1.67;3.9;4.9;1.02;1.2;1.65;2.6;0;12.25;4.4;2.2;1.47;1.18;1.69;2.15;0;0;0;0;0;0;0;0;0;0;0;0;0;0;0;0;0;0;0;0;0;0;0;0;0;0;0;0;0;0;0;0;0;0;0;0;0;0;0;0;0;0;0;0;0;0;0;0;0;0;0;0;0;2;1;0;1;0;1;1;2018-12-07 08:50:00;608;0;75;42;34;0;1;1;3;2;2;5;5;7;2;2;0;1;4;1;1;0;0;0;0;1.89;1.33;3.22;0;0;0;0;0;0;1;1;0;0;0;0;1;0;-1;-1;-1;-1;-1;-1;-1;-1;-1;34;59;59;100;100;59;100;100;34;9.33;3.67;4;3.5;Western Sydney Wanderers;Central Coast Mariners;0.86;0.36;0.5;0.33;0.83;0.33;67;42;42;0;0;67;50;50;1.81;1.2;3.01;1555;27;Y;Y;N;N;N;N;N
430501;606;609;2018/2019;complete;3426;7;-1;89;21,30,38;1;3;4;9;4;13;1;1;3;0;0;0;6;8;4;5;10;13;13;15;53;47;3;0;1.42;4.35;7.5;1.02;1.23;1.74;2.85;3.55;11.25;4;2.05;1.4;1.14;1.91;1.91;2.1;1.66;8;1.08;1.09;1.2;3;2;2.3;6.8;1.66;2.75;6.5;0;0;0;0;0;1.83;0;0;0;0;1.83;0;1.44;8;3.25;1.3;13;3.6;2.3;13;0;0;0;0;0;0;0;0;1.33;2.5;6.5;17;3.25;1.5;1.11;1.02;0;0;0;0;4;0;3;1;0;1;3;2018-12-08 06:35:00;609;0;25;25;0;0;1;1;5;2;4;2;7;6;2;0;1;0;2;1;1;50;39;88;99;1.42;1.67;3.09;0;0;0;0;0;0;1;1;0;0;1;1;0;0;-1;-1;-1;-1;-1;-1;-1;-1;-1;0;0;25;75;75;25;75;75;0;9.5;5;4.5;1.75;Sydney FC;Wellington Phoenix;2.21;1;1.5;0.5;1.83;0.83;100;100;75;25;25;25;25;25;1.42;1.16;2.58;1555;28;Y;Y;Y;Y;N;N;Y
430502;607;601;2018/2019;complete;3426;7;-1;62,81;;2;0;2;1;7;8;2;1;3;2;0;0;5;5;4;13;9;18;13;19;50;50;3;2;1.95;3.55;3.75;1.02;1.2;1.65;2.65;0;12.25;4.35;2.2;1.45;1.17;1.65;2.25;0;0;0;0;0;0;0;0;0;0;0;0;0;0;0;0;0;0;0;0;0;0;0;0;0;0;0;0;0;0;0;0;0;0;0;0;0;0;0;0;0;0;0;0;0;0;0;0;0;0;0;0;0;2;0;0;2;0;2;0;2018-12-08 08:50:00;607;0;63;38;25;0;1;1;0;4;1;3;4;4;0;1;3;1;1;4;1;0;0;0;0;1.2;1.71;2.91;0;0;0;0;0;0;1;1;0;0;0;0;0;0;-1;-1;-1;-1;-1;-1;-1;-1;-1;25;63;100;100;100;100;100;100;50;8;6.25;3.25;3.88;Melbourne Victory FC;Adelaide United;1.8;1.64;1.5;3;2;1.83;75;38;0;0;0;63;25;25;2;1.46;3.46;1555;29;Y;Y;N;N;N;N;N
430503;600;602;2018/2019;complete;3426;7;-1;43;;1;0;1;5;7;12;0;1;3;1;0;1;5;2;5;7;10;9;17;16;42;58;3;2;2.1;3.3;3.4;1.05;1.34;2.05;3.75;0;8.75;3.15;1.74;1.26;1.08;1.91;1.91;0;0;0;0;0;0;0;0;0;0;0;0;0;0;0;0;0;0;0;0;0;0;0;0;0;0;0;0;0;0;0;0;0;0;0;0;0;0;0;0;0;0;0;0;0;0;0;0;0;0;0;0;0;1;1;0;0;0;0;1;2018-12-08 11:00:00;600;0;84;33;34;0;1;1;2;3;3;4;5;7;0;0;3;2;0;5;1;0;0;0;0;1.22;1.08;2.3;0;0;0;0;0;0;1;1;0;0;1;0;0;0;-1;-1;-1;-1;-1;-1;-1;-1;-1;17;17;50;100;100;33;100;100;34;11.34;6;5.33;2.83;Perth Glory FC;Melbourne City FC;2.13;0.93;2.33;1.33;2.33;1.67;84;84;50;0;0;50;50;33;1.41;1.63;3.04;1555;28;Y;N;N;N;N;N;N
430504;605;604;2018/2019;complete;3426;7;-1;45,58;;2;0;2;8;7;15;2;2;0;3;0;0;5;4;12;8;17;12;15;17;54;46;0;3;2.5;3.45;2.3;1.01;1.2;1.67;2.7;0;10.25;3.95;2.05;1.39;1.14;1.62;2.2;0;0;0;0;0;0;0;0;0;0;0;0;0;0;0;0;0;0;0;0;0;0;0;0;0;0;0;0;0;0;0;0;0;0;0;0;0;0;0;0;0;0;0;0;0;0;0;0;0;0;0;0;0;2;1;0;1;0;1;1;2018-12-09 06:00:00;605;0;75;17;34;0;1;1;4;4;4;3;8;7;0;1;0;2;1;2;1;0;0;0;0;1.79;1.39;3.18;0;0;0;0;0;0;1;1;0;0;0;1;0;0;-1;-1;-1;-1;-1;-1;-1;-1;-1;0;17;50;75;100;17;75;100;34;9.33;6.17;4.5;2.42;Newcastle Jets FC;Brisbane Roar;1.46;0.43;0.5;0.33;0.83;1;100;84;50;25;0;75;75;42;1.54;1.24;2.78;1555;27;Y;Y;N;N;N;N;N
430505;604;607;2018/2019;complete;3426;8;-1;27,42;13,32,40,45;2;4;6;3;5;8;0;3;4;1;1;0;4;6;5;7;9;13;13;15;32;68;5;1;3.4;3.65;2;1.01;1.19;1.62;2.55;0;12.75;4.5;2.25;1.49;1.19;1.59;2.35;0;0;0;0;0;0;0;0;0;0;0;0;0;0;0;0;0;0;0;0;0;0;0;0;0;0;0;0;0;0;0;0;0;0;0;0;0;0;0;0;0;0;0;0;0;0;0;0;0;0;0;0;0;6;2;4;0;0;0;6;2018-12-14 08:50:00;607;0;42;25;0;0;1;1;3;1;0;4;4;4;4;1;1;0;5;1;1;0;0;0;0;0.95;1.71;2.66;1;1;1;1;0;0;1;1;0;0;2;0;0;0;-1;-1;-1;-1;-1;-1;-1;-1;-1;0;0;25;59;84;25;59;84;0;9.5;4.83;4.33;1.67;Brisbane Roar;Melbourne Victory FC;0.92;1.86;1.67;3;0.86;2.14;100;100;75;42;17;42;25;25;1.76;1.15;2.91;1555;27;Y;Y;Y;Y;Y;Y;Y
430506;609;603;2018/2019;complete;3426;8;-1;9,45;;2;0;2;6;6;12;9;1;4;2;0;0;5;3;7;13;12;16;21;12;46;54;4;2;1.67;3.95;4.7;1.02;1.21;1.69;2.7;0;12;4.25;2.15;1.43;1.16;1.67;2.2;0;0;0;0;0;0;0;0;0;0;0;0;0;0;0;0;0;0;0;0;0;0;0;0;0;0;0;0;0;0;0;0;0;0;0;0;0;0;0;0;0;0;0;0;0;0;0;0;0;0;0;0;0;2;2;0;0;0;0;2;2018-12-15 06:35:00;609;0;75;25;38;0;1;1;1;1;5;5;2;10;1;2;3;0;3;3;1;0;0;0;0;1.47;1.5;2.97;0;0;0;0;0;0;1;1;1;0;0;0;0;0;-1;-1;-1;-1;-1;-1;-1;-1;-1;25;38;63;100;100;38;100;100;63;11;3.75;7;3.25;Wellington Phoenix;Central Coast Mariners;1.86;0.36;1;0.25;1.14;0.29;75;63;38;0;0;63;50;50;1.48;1.23;2.71;1555;27;Y;Y;N;N;N;N;N
430507;608;606;2018/2019;complete;3426;8;-1;23;45,57,81;1;3;4;0;10;10;2;1;1;4;1;0;3;6;5;17;8;23;12;11;34;66;3;4;3.45;3.45;2.05;1.03;1.25;1.8;3;0;10.75;3.8;2;1.37;1.13;1.74;2.1;0;0;0;0;0;0;0;0;0;0;0;0;0;0;0;0;0;0;0;0;0;0;0;0;0;0;0;0;0;0;0;0;0;0;0;0;0;0;0;0;0;0;0;0;0;0;0;0;0;0;0;0;0;4;1;1;0;2;2;2;2018-12-15 08:50:00;606;0;54;29;0;0;1;1;0;2;0;8;2;8;2;3;0;1;5;1;1;0;0;0;0;0.94;2.48;3.42;0;0;0;0;0;0;1;1;0;0;0;0;0;1;-1;-1;-1;-1;-1;-1;-1;-1;-1;0;17;42;100;100;29;100;100;13;8.83;3.92;3.58;2.59;Western Sydney Wanderers;Sydney FC;0.86;1.67;1.33;2;1.14;1.57;100;84;59;0;0;63;63;50;1.84;1.1;2.94;1555;27;Y;Y;Y;Y;N;N;Y
430508;605;600;2018/2019;complete;3426;8;-1;;3,25;0;2;2;4;1;5;2;2;1;3;0;0;6;4;16;1;22;5;15;9;52;48;1;3;2.4;3.3;2.9;1.03;1.27;1.87;3.2;0;10.25;3.6;1.91;1.33;1.11;1.74;2.1;0;0;0;0;0;0;0;0;0;0;0;0;0;0;0;0;0;0;0;0;0;0;0;0;0;0;0;0;0;0;0;0;0;0;0;0;0;0;0;0;0;0;0;0;0;0;0;0;0;0;0;0;0;2;0;2;0;0;0;2;2018-12-16 06:00:00;600;0;50;0;17;0;1;1;1;1;3;0;2;3;1;1;0;2;2;2;1;0;0;0;0;2.33;0.86;3.19;0;1;0;1;0;0;1;1;0;1;0;0;0;0;-1;-1;-1;-1;-1;-1;-1;-1;-1;17;17;17;84;100;17;67;100;34;11.33;7;3;2.34;Newcastle Jets FC;Perth Glory FC;1.46;2.15;1.33;2.33;1.14;2.43;84;84;84;17;0;50;50;50;1.62;1.25;2.87;1555;27;Y;Y;N;N;N;N;N
430509;601;602;2018/2019;complete;3426;8;-1;;25,50;0;2;2;4;2;6;0;1;1;2;0;0;3;3;5;4;8;7;10;14;50;50;1;2;2.15;3.35;3.35;1.05;1.32;2;3.6;0;9;3.25;1.77;1.27;1.09;1.87;1.95;0;0;0;0;0;0;0;0;0;0;0;0;0;0;0;0;0;0;0;0;0;0;0;0;0;0;0;0;0;0;0;0;0;0;0;0;0;0;0;0;0;0;0;0;0;0;0;0;0;0;0;0;0;2;0;1;0;1;1;1;2018-12-16 08:00:00;602;0;63;13;25;0;1;1;1;0;3;2;1;5;0;1;1;1;1;2;1;0;0;0;0;1.2;0.91;2.11;0;0;0;0;0;0;1;1;0;0;1;0;0;0;-1;-1;-1;-1;-1;-1;-1;-1;-1;0;0;25;88;100;13;75;88;38;11.75;5.25;4.5;2.13;Adelaide United;Melbourne City FC;1.67;0.93;1.25;1;1.57;1.43;100;100;75;13;0;63;63;38;1.47;1.49;2.96;1555;28;Y;Y;N;N;N;N;N
430510;600;606;2018/2019;complete;3426;9;-1;90;18,87;1;2;3;4;3;7;4;3;3;2;0;0;5;5;4;2;9;7;10;16;53;47;3;2;2.6;3.4;2.6;1.04;1.3;1.95;3.4;0;9.5;3.4;1.83;1.3;1.1;1.77;2.05;0;0;0;0;0;0;0;0;0;0;0;0;0;0;0;0;0;0;0;0;0;0;0;0;0;0;0;0;0;0;0;0;0;0;0;0;0;0;0;0;0;0;0;0;0;0;0;0;0;0;0;0;0;3;0;1;1;1;2;1;2018-12-21 10:00:00;606;0;78;33;25;0;1;1;0;2;4;1;2;5;1;1;2;1;2;3;1;0;0;0;0;1.29;1.12;2.4;0;0;0;0;0;0;1;1;0;0;0;1;0;1;-1;-1;-1;-1;-1;-1;-1;-1;-1;13;23;55;88;100;33;100;88;45;9.5;3.45;5.6;2.78;Perth Glory FC;Sydney FC;2.13;1.67;2.5;2.2;2.5;1.75;88;78;45;13;0;58;58;25;1.36;1.37;2.73;1555;29;Y;Y;Y;N;N;N;Y
430511;609;604;2018/2019;complete;3426;9;-1;35,75,80,90;45;4;1;5;11;4;15;3;2;1;3;0;0;9;4;9;2;18;6;14;19;63;37;1;3;2.3;3.45;2.95;1.02;1.22;1.71;2.8;0;11.5;4.05;2.05;1.41;1.15;1.65;2.25;0;0;0;0;0;0;0;0;0;0;0;0;0;0;0;0;0;0;0;0;0;0;0;0;0;0;0;0;0;0;0;0;0;0;0;0;0;0;0;0;0;0;0;0;0;0;0;0;0;0;0;0;0;5;1;1;3;0;3;2;2018-12-22 06:35:00;609;0;68;23;35;0;1;1;4;2;7;2;6;9;0;1;1;2;1;3;1;0;0;0;0;2.24;0.91;3.15;1;0;1;0;0;0;1;1;0;0;1;1;0;0;-1;-1;-1;-1;-1;-1;-1;-1;-1;0;23;68;100;100;33;100;90;55;12.2;6.5;7;2.9;Wellington Phoenix;Brisbane Roar;1.86;0.43;1.4;0.25;1.38;0.75;100;78;33;0;0;90;90;65;1.48;1.28;2.76;1555;27;Y;Y;Y;Y;Y;N;Y
430512;602;607;2018/2019;complete;3426;9;-1;90;55;1;1;2;9;5;14;2;0;3;2;0;0;6;3;7;5;13;8;15;10;53;47;3;2;3.3;3.35;2.15;1.04;1.29;1.91;3.3;0;9.75;3.45;1.87;1.31;1.1;1.8;2;0;0;0;0;0;0;0;0;0;0;0;0;0;0;0;0;0;0;0;0;0;0;0;0;0;0;0;0;0;0;0;0;0;0;0;0;0;0;0;0;0;0;0;0;0;0;0;0;0;0;0;0;0;2;0;0;1;1;2;0;2018-12-22 08:50:00;-1;0;34;34;0;0;1;1;4;2;5;3;6;8;0;2;3;0;2;3;1;0;0;0;0;1.76;1.11;2.88;0;0;0;0;0;0;1;1;0;0;0;1;0;0;-1;-1;-1;-1;-1;-1;-1;-1;-1;17;17;67;84;100;50;84;84;17;10;6.66;3.34;3;Melbourne City FC;Melbourne Victory FC;2;1.86;2;3;1.63;2.25;84;84;33;17;0;33;33;17;1.5;1.34;2.84;1555;28;Y;Y;N;N;N;N;Y
430513;603;605;2018/2019;complete;3426;9;-1;36;66,82;1;2;3;2;8;10;1;4;4;3;0;0;6;8;3;10;9;18;18;18;53;47;4;3;4.2;3.95;1.74;1.02;1.2;1.67;2.65;0;12;4.3;2.15;1.44;1.17;1.69;2.15;0;0;0;0;0;0;0;0;0;0;0;0;0;0;0;0;0;0;0;0;0;0;0;0;0;0;0;0;0;0;0;0;0;0;0;0;0;0;0;0;0;0;0;0;0;0;0;0;0;0;0;0;0;3;1;0;0;2;2;1;2018-12-23 06:00:00;605;0;59;17;25;0;1;1;2;1;0;7;3;7;3;2;1;1;5;2;1;0;0;0;0;1.26;2.07;3.33;0;0;0;0;0;0;1;1;0;0;2;0;0;0;-1;-1;-1;-1;-1;-1;-1;-1;-1;0;0;59;100;100;46;88;100;25;10.58;3.83;4.17;2.59;Central Coast Mariners;Newcastle Jets FC;0.62;1.14;0.33;1;0.25;1;100;100;42;0;0;100;84;42;1.15;1.33;2.48;1555;27;Y;Y;Y;N;N;N;Y
430514;601;608;2018/2019;complete;3426;9;-1;48,55;45,61;2;2;4;5;6;11;2;1;1;4;1;0;6;8;10;8;16;16;12;17;53;47;2;4;1.91;3.55;3.9;1.02;1.22;1.71;2.8;0;11.5;4.05;2.05;1.41;1.15;1.69;2.15;0;0;0;0;0;0;0;0;0;0;0;0;0;0;0;0;0;0;0;0;0;0;0;0;0;0;0;0;0;0;0;0;0;0;0;0;0;0;0;0;0;0;0;0;0;0;0;0;0;0;0;0;0;4;0;1;2;1;3;1;2018-12-26 08:50:00;-1;0;43;0;20;0;1;1;3;3;2;3;6;5;1;1;1;3;2;4;1;0;0;0;0;1.82;1.94;3.77;0;1;0;0;0;1;1;1;0;0;0;0;0;1;-1;-1;-1;-1;-1;-1;-1;-1;-1;0;13;35;100;100;13;80;100;43;11.9;4.95;4.25;2.48;Adelaide United;Western Sydney Wanderers;1.67;0.92;1;1;1.38;1;100;88;65;0;0;80;68;48;1.42;1.56;2.98;1555;27;Y;Y;Y;Y;N;N;Y
430515;607;609;2018/2019;complete;3426;10;-1;77;62;1;1;2;6;2;8;1;2;1;4;0;0;8;3;14;9;22;12;17;19;56;44;1;4;1.54;4.15;5.85;1.01;1.18;1.61;2.5;0;12.75;4.55;2.25;1.5;1.19;1.71;2.1;0;0;0;0;0;0;0;0;0;0;0;0;0;0;0;0;0;0;0;0;0;0;0;0;0;0;0;0;0;0;0;0;0;0;0;0;0;0;0;0;0;0;0;0;0;0;0;0;0;0;0;0;0;2;0;0;1;1;2;0;2018-12-28 08:50:00;-1;0;47;10;20;0;1;1;1;2;5;0;3;5;0;2;1;2;2;3;1;0;0;0;0;2.35;1.3;3.65;0;0;0;0;0;0;1;1;0;0;1;0;0;0;-1;-1;-1;-1;-1;-1;-1;-1;-1;20;47;57;84;84;57;74;84;30;8.87;5;4.07;2.9;Melbourne Victory FC;Wellington Phoenix;1.8;1;1.8;1.33;2.11;1.56;80;54;44;17;17;27;17;17;1.84;1.33;3.17;1555;28;Y;Y;N;N;N;N;Y
430516;606;604;2018/2019;complete;3426;10;-1;16,55;35;2;1;3;10;5;15;2;1;3;2;0;0;10;7;10;9;20;16;10;17;54;46;3;2;1.45;4.5;6.45;1.01;1.18;1.59;2.45;0;13.25;4.7;2.3;1.51;1.2;1.77;2.05;0;0;0;0;0;0;0;0;0;0;0;0;0;0;0;0;0;0;0;0;0;0;0;0;0;0;0;0;0;0;0;0;0;0;0;0;0;0;0;0;0;0;0;0;0;0;0;0;0;0;0;0;0;3;1;1;1;0;1;2;2018-12-29 08:50:00;606;0;74;37;20;0;1;1;5;3;5;2;8;7;1;2;2;0;3;2;1;0;0;0;0;2.46;1.73;4.19;0;1;0;0;0;1;1;1;0;0;1;1;0;1;-1;-1;-1;-1;-1;-1;-1;-1;-1;10;37;74;100;100;54;100;100;30;10.8;4.4;5.33;3.2;Sydney FC;Brisbane Roar;2.21;0.43;1;0.2;1.89;0.67;90;64;27;0;0;84;84;64;1.42;1.21;2.63;1555;27;Y;Y;Y;N;N;N;Y
430517;605;601;2018/2019;complete;3426;10;-1;75;38,90;1;2;3;10;3;13;3;1;1;1;0;0;9;7;10;5;19;12;14;10;57;43;1;1;2.3;3.45;2.95;1.03;1.26;1.83;3.1;5.3;10.5;3.7;1.95;1.35;1.12;1.71;2.1;3.4;1.3;4;1.22;1.37;1.3;1.66;3;2.12;3.6;2.5;2.5;3.1;0;0;0;0;0;1.83;0;0;0;0;1.83;0;1.95;7;2.2;1.72;12;2.2;4.33;6;0;0;0;0;0;0;0;0;1.36;2.62;7;19;3;1.44;1.1;1.02;0;0;0;0;3;0;1;1;1;2;1;2018-12-30 08:30:00;601;0;29;17;0;0;1;1;2;0;8;3;2;11;0;0;1;1;0;2;1;65;35;136;86;2.3;1.5;3.81;0;1;0;1;0;0;1;1;0;0;1;0;0;0;-1;-1;-1;-1;-1;-1;-1;-1;-1;0;17;34;88;100;46;71;88;34;9.83;5.08;2.33;2.38;Newcastle Jets FC;Adelaide United;1.46;1.64;1;2;1.22;1.33;100;84;67;13;0;59;42;42;1.8;1.54;3.34;1555;27;Y;Y;Y;N;N;N;Y
430518;603;600;2018/2019;complete;3426;10;-1;77;3,23,41,90;1;4;5;5;2;7;2;4;1;1;0;0;3;9;3;6;6;15;10;8;56;44;1;1;4.9;3.75;1.69;1.02;1.2;1.65;2.6;3.8;12.25;4.4;2.2;1.47;1.18;1.69;2.15;6.5;1.11;2.75;1.4;2.14;1.28;1.18;4.6;2.22;2.31;4.33;2.75;1.95;0;0;0;0;0;1.83;0;0;0;0;1.83;0;0;0;0;2.75;15;1.44;10;3.25;0;0;0;0;0;0;0;0;1.3;2.37;6;15;3.4;1.53;1.12;1.03;0;0;0;0;5;0;3;1;1;2;3;2018-12-31 08:00:00;600;0;63;13;13;0;1;1;2;0;3;2;2;5;0;1;1;0;1;1;1;48;32;131;93;0.96;1.81;2.77;0;0;0;0;0;0;1;1;0;1;0;0;0;0;-1;-1;-1;-1;-1;-1;-1;-1;-1;13;13;50;100;100;50;88;88;38;9.5;4.75;4.5;2.75;Central Coast Mariners;Perth Glory FC;0.62;2.15;0.25;2.5;0.22;2.22;88;88;50;0;0;63;50;25;1.18;1.15;2.33;1555;27;Y;Y;Y;Y;Y;N;Y
430519;608;602;2018/2019;complete;3426;10;-1;;35,37;0;2;2;12;3;15;2;3;4;5;0;1;7;3;3;3;10;6;13;17;48;52;4;6;2.6;3.3;2.65;1.04;1.29;1.91;3.3;5.25;9.75;3.45;1.87;1.31;1.1;1.77;2.05;3.5;1.28;3.5;1.28;1.48;1.3;1.55;3.3;2.07;3.4;2.75;2.5;2.87;0;0;0;0;0;2;0;0;0;0;1.72;0;1.9;7;2.2;1.83;11;2.04;4.5;4.75;0;0;0;0;0;0;0;0;1.36;2.75;8;21;3;1.4;1.08;1.01;0;0;0;0;2;0;2;0;0;0;2;2019-01-01 08:50:00;602;0;45;35;0;0;1;1;3;2;8;1;5;9;1;1;3;5;2;8;1;70;32;110;115;1.63;0.84;2.47;1;0;0;0;1;0;1;1;0;0;0;1;0;0;-1;-1;-1;-1;-1;-1;-1;-1;-1;0;25;35;90;100;35;100;90;13;9.95;4.7;3.95;2.5;Western Sydney Wanderers;Melbourne City FC;0.86;0.93;1;1.4;1;1.56;100;75;65;10;0;70;70;58;1.61;1.38;2.99;1555;27;Y;Y;N;N;N;N;N
430520;605;604;2018/2019;complete;3426;12;-1;5,67;65,87;2;2;4;8;4;12;3;0;2;3;0;0;9;6;10;6;19;12;12;14;44;56;2;3;1.65;4;4.9;1.01;1.19;1.62;2.55;3.88;12.75;4.5;2.25;1.49;1.19;1.67;2.2;2.75;1.4;7;1.1;1.17;1.23;2.34;2.17;2.63;5.21;1.91;2.75;4.2;0;0;0;0;0;1.72;0;0;0;0;2;0;1.36;8.5;3.75;1.44;15;2.75;3.1;11;0;0;0;0;0;0;0;0;1.24;2.33;5.05;11;3.8;1.63;1.15;1.03;0;0;0;0;4;1;0;1;2;3;1;2019-01-02 08:50:00;-1;0;62;25;27;0;1;1;6;2;2;2;8;4;1;0;1;3;1;4;1;68;54;143;127;2.33;1.58;3.91;0;0;0;0;0;0;1;1;1;0;2;0;0;0;-1;-1;-1;-1;-1;-1;-1;-1;-1;9;17;52;90;100;35;90;90;35;11.23;4.97;3.83;2.67;Newcastle Jets FC;Brisbane Roar;1.46;0.43;0.8;0.17;1.1;0.6;92;84;49;10;0;80;80;64;1.9;1.29;3.19;1555;27;Y;Y;Y;Y;N;N;Y
430521;606;603;2018/2019;complete;3426;11;-1;49,52,58,64,90;17,66;5;2;7;6;2;8;7;1;0;3;0;1;14;3;7;5;21;8;8;14;60;40;0;4;1.24;5.95;11.5;1.01;1.15;1.51;2.3;5.2;14.25;5.15;2.5;1.59;1.24;2.05;1.8;1.83;1.83;11;1.05;1.05;1.16;4;1.62;2.62;8;1.6;2.88;6.5;0;0;0;0;1.72;1.9;0;0;0;2;1.8;0;1.4;8;3.6;1.3;17;3.8;2.05;23;0;0;0;0;0;0;0;0;1.25;2.2;5;13;3.75;1.61;1.16;1.04;0;0;0;0;7;0;1;5;1;6;1;2019-01-04 08:50:00;606;0;68;35;20;0;1;1;3;0;3;2;3;5;0;3;0;1;3;1;1;49;27;111;98;2.66;0.92;3.58;1;0;1;0;0;0;1;1;0;0;0;0;0;0;-1;-1;-1;-1;-1;-1;-1;-1;-1;20;33;58;100;100;68;100;90;20;11;3;5.3;3.1;Sydney FC;Central Coast Mariners;2.21;0.36;1.5;0.2;2;0.2;80;68;43;0;0;68;58;58;1.68;1.29;2.97;1555;27;Y;Y;Y;Y;Y;Y;Y
430522;601;609;2018/2019;complete;3426;11;-1;;;0;0;0;8;2;10;0;0;4;3;0;1;8;3;16;1;24;4;18;12;61;39;4;5;1.95;3.65;3.7;1.02;1.22;1.71;2.8;4.8;11.5;4.15;2.1;1.42;1.15;1.65;2.25;3;1.36;5;1.16;1.25;1.29;1.01;2.5;2.1;4;2.15;2.5;3.9;0;0;0;0;0;1.8;0;0;0;0;1.9;0;1.5;8;3.2;1.67;13;2.45;3.5;7.5;0;0;0;0;0;0;0;0;1.36;2.62;6;15;3;1.44;1.11;1.02;0;0;0;0;0;0;0;0;0;0;0;2019-01-05 06:35:00;-1;0;59;0;38;0;1;1;2;1;6;1;3;7;0;1;4;3;1;7;1;85;22;110;91;2.68;0.64;3.32;0;0;0;0;0;0;1;1;0;0;0;1;0;0;-1;-1;-1;-1;-1;-1;-1;-1;-1;0;21;29;88;88;13;59;88;46;9.33;4.17;4.25;2.25;Adelaide United;Wellington Phoenix;1.67;1;1;1.25;1.5;1.5;100;79;71;13;13;46;46;29;1.49;1.32;2.81;1555;28;N;N;N;N;N;N;N
430523;608;607;2018/2019;complete;3426;11;-1;74;45,86;1;2;3;12;6;18;3;4;1;2;0;0;8;4;12;3;20;7;14;19;46;54;1;2;2.75;3.5;2.4;1.01;1.18;1.61;2.5;4.05;12.75;4.55;2.25;1.5;1.19;1.56;2.45;4.33;1.2;4;1.22;1.57;1.29;1.4;3.3;2.15;2.8;3.25;2.5;2.4;0;0;0;0;0;1.8;2;0;0;0;1.9;1.72;1.61;7.5;2.75;2.05;17;1.8;6;5;0;0;0;0;0;0;0;0;1.33;2.5;5.5;13;3.25;1.5;1.12;1.02;0;0;0;0;3;0;1;1;1;2;1;2019-01-05 08:50:00;607;0;58;45;13;0;1;1;8;3;4;3;11;7;0;0;1;2;0;3;1;61;41;109;96;2.26;1.03;3.29;1;0;1;0;0;0;1;1;0;0;1;2;0;0;-1;-1;-1;-1;-1;-1;-1;-1;-1;13;33;45;88;100;55;75;78;23;11.45;4.9;3.95;2.9;Western Sydney Wanderers;Melbourne Victory FC;0.86;1.86;0.8;2.5;0.9;2;88;68;55;13;0;75;75;65;1.62;1.28;2.9;1555;27;Y;Y;Y;N;N;N;Y
430524;602;605;2018/2019;complete;3426;11;-1;27,32;4;2;1;3;6;8;14;5;2;2;3;0;1;4;4;5;10;9;14;10;7;59;41;2;4;2.2;3.3;3.3;1.04;1.31;1.95;3.45;0;9.25;3.35;1.8;1.29;1.09;1.83;1.95;0;0;0;0;0;0;0;0;0;0;0;0;0;0;0;0;0;0;0;0;0;0;0;0;0;0;0;0;0;0;0;0;0;0;0;0;0;0;0;0;0;0;0;0;0;0;0;0;0;0;0;0;0;3;2;1;0;0;0;3;2019-01-06 06:00:00;602;0;43;0;33;0;1;1;5;2;1;6;7;7;1;2;1;2;3;3;1;0;0;0;0;1.17;1.36;2.53;1;0;1;0;0;0;1;1;0;1;1;0;0;1;-1;-1;-1;-1;-1;-1;-1;-1;-1;0;0;55;100;100;23;78;100;55;10.75;5.8;4.6;2.55;Melbourne City FC;Newcastle Jets FC;2;1.14;1.75;1.4;1.7;1.09;100;100;45;0;0;75;75;33;1.57;1.48;3.05;1555;27;Y;Y;Y;N;N;N;Y
430525;604;600;2018/2019;complete;3426;11;-1;22,40;59,81,85,87;2;4;6;4;6;10;4;2;5;1;1;0;4;10;3;6;7;16;19;11;33;67;7;1;3.2;3.55;2.1;1.02;1.19;1.62;2.6;5;12.5;4.45;2.2;1.48;1.18;1.61;2.35;4.33;1.2;3.75;1.25;1.57;1.3;1.42;3.59;2.37;3.02;2.87;2.62;2.6;0;0;0;0;0;1.9;0;0;0;0;1.8;0;2;7;2.1;2.1;15;1.8;6;4.75;0;0;0;0;0;0;0;0;1.33;2.73;6;17;3.24;1.46;1.12;1.02;0;0;0;0;6;2;0;0;4;4;2;2019-01-06 08:00:00;600;0;55;13;20;0;1;1;2;2;2;4;4;6;2;0;4;1;2;5;1;42;75;65;140;1.03;2.26;3.29;1;2;0;2;1;0;1;1;0;0;0;1;0;0;-1;-1;-1;-1;-1;-1;-1;-1;-1;33;33;33;88;88;43;78;65;30;7.55;4.6;5;2.85;Brisbane Roar;Perth Glory FC;0.92;2.15;1.25;2.6;0.64;2.3;68;68;68;13;13;23;10;10;1.55;1.28;2.83;1555;27;Y;Y;Y;Y;Y;Y;Y
430526;608;609;2018/2019;complete;3426;12;-1;42,84;36,82,89;2;3;5;7;5;12;4;3;3;3;0;0;9;7;9;6;18;13;15;15;56;44;3;3;2;3.6;3.55;1.02;1.19;1.62;2.6;4.25;12.5;4.45;2.2;1.48;1.18;1.61;2.3;0;0;0;0;1.29;1.29;1.83;2.52;2.32;3.94;2.4;2.49;3.8;0;0;0;0;0;0;0;0;0;0;0;0;0;0;0;1.7;16.75;2.31;0;0;0;0;0;0;0;0;0;0;1.25;2.29;5.35;16;3.72;1.58;1.13;1.01;0;0;0;0;5;1;1;1;2;3;2;2019-01-08 08:50:00;609;0;45;17;19;0;1;1;5;2;2;3;7;5;0;2;3;1;2;4;1;59;26;121;109;2.2;1.51;3.71;0;0;0;0;0;0;1;1;0;0;1;0;0;1;-1;-1;-1;-1;-1;-1;-1;-1;-1;0;27;35;80;80;35;70;72;27;10.77;4.1;4.8;2.22;Western Sydney Wanderers;Wellington Phoenix;0.86;1;0.67;1.2;0.82;1.45;100;74;65;20;20;70;70;52;1.73;1.19;2.92;1555;27;Y;Y;Y;Y;Y;N;Y
430527;601;607;2018/2019;complete;3426;12;-1;18,21;;2;0;2;4;5;9;0;0;2;3;0;0;9;7;8;5;17;12;17;12;40;60;2;3;2.45;3.4;2.7;1.03;1.23;1.74;2.9;5.05;11.25;3.95;2.05;1.39;1.14;1.65;2.25;0;0;0;0;1.45;1.25;1.4;2.9;2.05;3.4;2.7;2.38;3;0;0;0;0;0;0;0;0;0;0;0;0;0;0;0;1.85;11;2.05;0;0;0;0;0;0;0;0;0;0;1.33;2.62;6.5;15;3.25;1.44;1.1;1.02;0;0;0;0;2;2;0;0;0;0;2;2019-01-09 08:50:00;601;0;69;20;42;0;1;1;1;0;3;5;1;8;1;1;1;2;2;3;1;65;71;94;122;2.17;1.77;3.93;0;0;0;0;0;0;1;1;0;0;0;0;0;0;-1;-1;-1;-1;-1;-1;-1;-1;-1;10;17;45;83;93;20;59;83;49;11.11;4.66;4.09;2.57;Adelaide United;Melbourne Victory FC;1.67;1.86;1;2.6;1.45;2.09;90;83;56;17;7;66;66;45;1.66;1.23;2.89;1555;29;Y;Y;N;N;N;N;N
430528;600;606;2018/2019;complete;3426;12;-1;13,24,45;68;3;1;4;2;1;3;1;2;3;1;0;0;5;3;5;4;10;7;9;9;47;53;3;1;2.55;3.3;2.7;1.03;1.27;1.87;3.2;5.2;10.25;3.6;1.91;1.33;1.11;1.69;2.15;0;0;0;0;1.5;1.2;1.4;3.1;2.05;3.2;2.8;2.38;2.88;0;0;0;0;0;0;0;0;0;0;0;0;0;0;0;1.91;9.5;2;0;0;0;0;0;0;0;0;0;0;1.3;2.54;6.35;13.5;3.34;1.48;1.1;1.01;0;0;0;0;4;3;0;0;1;1;3;2019-01-09 11:00:00;600;0;82;27;39;0;1;1;2;0;0;1;2;1;1;1;2;0;2;2;1;46;33;105;129;1.32;0.91;2.24;0;0;0;0;0;0;1;1;0;0;0;0;0;0;-1;-1;-1;-1;-1;-1;-1;-1;-1;10;19;64;90;100;27;100;90;55;9.03;4.1;5.5;2.82;Perth Glory FC;Sydney FC;2.13;1.67;2;2.33;2.36;2.09;90;82;37;10;0;47;47;20;1.35;1.33;2.68;1555;29;Y;Y;Y;Y;N;N;Y
430529;602;604;2018/2019;complete;3426;13;-1;52;;1;0;1;12;3;15;7;3;2;3;0;0;7;4;6;6;13;10;9;13;47;53;2;3;1.57;4.1;5.55;1.02;1.19;1.62;2.6;4.6;12.5;4.45;2.2;1.48;1.18;1.74;2.1;2.55;1.47;6.5;1.11;1.14;1.25;2.36;2.06;2.38;5.75;1.91;2.6;4.6;0;0;1.13;1.29;1.5;1.87;2.4;5.2;3.3;2.4;1.87;1.5;1.33;8.5;4;1.44;12;2.88;2.8;7.25;0;0;0;0;0;0;0;0;1.36;2.43;6;15;3;1.52;1.11;1.02;0;0;0;0;1;0;0;1;0;1;0;2019-01-11 08:50:00;602;0;63;32;32;0;1;1;10;2;2;1;12;3;0;0;2;3;0;5;1;48;44;120;114;1.67;1.24;2.91;0;0;0;0;0;0;1;1;0;0;1;0;0;0;-1;-1;-1;-1;-1;-1;-1;-1;-1;7;22;73;100;100;42;90;90;49;10.51;5.26;4.86;3.02;Melbourne City FC;Brisbane Roar;2;0.43;2;0.29;1.82;0.58;93;79;27;0;0;80;80;56;1.49;1.34;2.83;1555;27;Y;N;N;N;N;N;N
430530;609;603;2018/2019;complete;3426;13;-1;48,58,65;8,21;3;2;5;5;9;14;5;1;1;3;0;1;6;6;7;2;13;8;6;16;64;36;1;5;1.51;4.25;6.05;1.01;1.17;1.57;2.45;4.33;13.25;4.75;2.35;1.53;1.2;1.67;2.2;2.45;1.5;8;1.08;1.14;1.01;2.3;2.1;2.25;4.8;1.91;2.62;4.5;0;0;1.07;1.17;1.33;1.83;1.95;7;4.5;3;1.87;1.74;1.34;8.25;3.75;1.5;15;2.88;2.65;8.25;0;0;0;0;0;0;0;0;1.33;2.38;5.5;13;3.25;1.53;1.12;1.02;0;0;0;0;5;0;2;3;0;3;2;2019-01-12 06:35:00;609;0;67;25;34;0;1;1;3;7;2;2;10;4;0;2;1;2;2;3;1;71;54;104;89;1.75;1.32;3.07;2;1;2;1;0;0;1;1;0;1;0;2;0;0;-1;-1;-1;-1;-1;-1;-1;-1;-1;34;42;59;100;100;50;100;83;59;11.5;4.83;6.5;3.5;Wellington Phoenix;Central Coast Mariners;1.86;0.36;1.67;0.17;1.58;0.18;67;59;42;0;0;67;58;58;1.61;1.23;2.84;1555;27;Y;Y;Y;Y;Y;N;Y
430531;607;605;2018/2019;complete;3426;13;-1;48,84;78;2;1;3;5;7;12;3;4;2;1;0;0;4;5;5;9;9;14;6;6;50;50;2;1;2.1;3.45;3.4;1.02;1.2;1.65;2.6;0;12.25;4.4;2.2;1.47;1.18;1.61;2.35;0;0;0;0;0;0;0;0;0;0;0;0;0;0;0;1.13;1.29;1.69;1.91;2.4;5.2;3.3;2;1.83;1.5;1.71;6.85;2.5;0;0;0;4;5.15;0;0;0;0;0;0;0;0;0;0;0;0;0;0;0;0;0;0;0;0;3;0;0;2;1;3;0;2019-01-12 08:50:00;607;0;67;17;42;0;1;1;3;5;2;2;8;4;0;0;2;1;0;3;1;59;64;134;145;1.29;1.71;3;0;0;0;0;0;0;1;1;0;0;0;1;0;0;-1;-1;-1;-1;-1;-1;-1;-1;-1;17;25;67;100;100;50;75;92;59;10;5.34;5;3.09;Melbourne Victory FC;Newcastle Jets FC;1.8;1.14;1.67;1.17;1.92;1;84;75;33;0;0;59;50;25;1.93;1.46;3.39;1555;27;Y;Y;Y;N;N;N;Y
430532;606;601;2018/2019;complete;3426;13;-1;13,48;50;2;1;3;9;5;14;3;1;2;1;0;0;6;3;3;7;9;10;20;15;40;60;2;1;2.05;3.4;3.6;1.02;1.23;1.74;2.85;5.5;11.25;4;2.05;1.4;1.14;1.67;2.2;2.8;1.39;4.5;1.18;1.22;1.3;1.97;2.42;2.22;4.6;2.1;2.5;4;0;0;1.13;1.29;1.69;1.91;2.4;5.2;3.3;2;1.83;1.5;1.83;7;2.3;1.67;12;2.5;3.4;5.15;0;0;0;0;0;0;0;0;1.36;2.51;6;15;3;1.49;1.11;1.02;0;0;0;0;3;1;0;1;1;2;1;2019-01-13 07:00:00;606;0;65;33;23;0;1;1;3;3;6;2;6;8;1;0;1;1;1;2;1;39;49;108;120;1.28;1.21;2.49;0;1;0;1;0;0;1;1;0;0;0;1;0;0;-1;-1;-1;-1;-1;-1;-1;-1;-1;10;33;78;100;100;55;88;100;48;10.8;5;3.25;3.4;Sydney FC;Adelaide United;2.21;1.64;1.8;2.25;1.92;1.58;90;68;23;0;0;68;55;55;1.87;1.53;3.4;1555;29;Y;Y;Y;N;N;N;Y
430533;600;608;2018/2019;complete;3426;13;-1;70,79,82,86;39,67,77;4;3;7;4;6;10;1;1;2;2;0;0;9;6;2;2;11;8;11;12;63;37;2;2;1.56;4.35;5.3;1.01;1.16;1.56;2.4;4.25;13.75;4.85;2.4;1.56;1.21;1.67;2.2;2.9;1.37;6;1.12;1.25;1.28;1.93;2.38;2.34;4.3;2.05;2.6;3.9;0;0;1.11;1.25;1.45;1.69;2.1;5.5;3.6;2.55;2.05;1.65;1.65;7;2.6;1.57;15;2.6;3.2;7;0;0;0;0;0;0;0;0;1.33;2.33;5.5;13;3.25;1.56;1.12;1.02;0;0;0;0;7;0;1;4;2;6;1;2019-01-13 09:00:00;600;0;62;9;35;0;1;1;1;3;3;3;4;6;0;1;2;1;1;3;1;58;34;133;89;1.76;1.18;2.94;1;0;1;0;0;0;1;1;0;0;0;1;0;0;-1;-1;-1;-1;-1;-1;-1;-1;-1;9;37;64;92;100;27;100;92;45;11.07;4.73;5.6;3;Perth Glory FC;Western Sydney Wanderers;2.13;0.92;2.17;1;2.42;0.75;92;64;37;9;0;75;65;57;1.34;1.64;2.98;1555;27;Y;Y;Y;Y;Y;Y;Y
430534;604;607;2018/2019;complete;3426;15;-1;;14,48,65,72,87;0;5;5;6;4;10;1;0;2;0;0;0;7;8;11;4;18;12;16;7;45;55;2;0;3.55;3.75;1.95;1.01;1.16;1.56;2.4;4.05;13.75;4.85;2.4;1.56;1.21;1.54;2.5;5.1;1.14;3.4;1.3;1.8;1.21;1.3;3.65;2.3;2.45;3.25;2.7;2.15;0;0;1.11;1.25;1.5;1.72;2.4;5.5;3.6;2.4;2;1.5;2.62;7.5;1.66;2.25;13.75;1.62;6.05;3.8;0;0;0;0;0;0;0;0;1.27;2.38;5.25;11.5;3.3;1.6;1.12;1.01;0;0;0;0;5;0;1;0;4;4;1;2019-01-15 08:50:00;607;0;64;27;17;0;1;1;2;2;4;2;4;6;0;0;2;0;0;2;1;65;49;115;120;2.1;1.68;3.78;0;1;0;1;0;0;1;1;0;0;0;1;0;0;-1;-1;-1;-1;-1;-1;-1;-1;-1;29;29;45;82;90;45;74;64;27;9.13;3.93;5.8;3.02;Brisbane Roar;Melbourne Victory FC;0.92;1.86;1;2.17;0.54;2;72;72;55;19;10;54;35;25;1.45;1.32;2.77;1555;27;Y;Y;Y;Y;Y;N;N
430535;603;602;2018/2019;complete;3426;12;-1;32,89;77;2;1;3;1;10;11;4;3;3;2;0;0;5;5;4;8;9;13;11;15;36;64;3;2;4.3;3.75;1.77;1.01;1.19;1.62;2.55;4.95;12.75;4.5;2.25;1.49;1.19;1.65;2.25;4.8;1.15;2.62;1.44;1.95;1.22;1.23;4.2;2.25;2.35;3.95;2.55;2.05;0;0;1.17;1.33;1.72;1.9;2.75;4.5;3;2;1.8;1.4;2.3;7;1.83;2.6;11;1.53;6.25;3.05;0;0;0;0;0;0;0;0;1.3;2.48;5.95;12.25;3.34;1.5;1.11;1.01;0;0;0;0;3;1;0;1;1;2;1;2019-01-16 08:50:00;603;0;57;19;10;0;1;1;0;1;1;9;1;10;1;1;2;1;2;3;1;31;83;76;102;1.15;1.77;2.92;1;0;0;0;1;0;1;1;0;0;0;0;0;0;-1;-1;-1;-1;-1;-1;-1;-1;-1;10;10;49;92;100;47;100;84;20;10.03;3.73;4.83;2.6;Central Coast Mariners;Melbourne City FC;0.62;0.93;0.2;1.67;0.17;1.92;90;90;52;9;0;65;55;35;1.13;1.29;2.42;1555;27;Y;Y;Y;N;N;N;Y
430536;608;601;2018/2019;complete;3426;14;-1;49;8,66;1;2;3;6;4;10;1;1;1;3;0;0;5;8;7;9;12;17;16;10;48;52;1;3;3.1;3.55;2.15;1.02;1.2;1.67;2.65;5;12;4.3;2.15;1.44;1.17;1.61;2.35;4.33;1.2;3.25;1.33;1.61;1.3;1.42;3.4;2.3;2.87;2.87;2.6;2.6;0;0;0;0;0;1.87;2.1;0;0;0;1.87;1.67;2;7.5;2.1;2.37;15;1.61;6;4.33;0;0;0;0;0;0;0;0;1.33;2.62;6.5;19;3.25;1.44;1.11;1.02;0;0;0;0;3;0;1;1;1;2;1;2019-01-18 08:50:00;601;0;59;32;35;0;1;1;1;1;5;3;2;8;0;0;1;3;0;4;1;46;31;114;67;1.45;1.85;3.3;0;0;0;0;0;0;1;1;0;1;1;0;0;0;-1;-1;-1;-1;-1;-1;-1;-1;-1;7;32;69;100;100;49;90;93;62;11.34;4.51;3.34;3.07;Western Sydney Wanderers;Adelaide United;0.86;1.64;0.57;1.8;0.69;1.46;93;69;32;0;0;90;80;73;1.79;1.47;3.26;1555;27;Y;Y;Y;N;N;N;Y
430537;606;605;2018/2019;complete;3426;14;-1;44;;1;0;1;4;2;6;3;3;3;0;0;1;7;2;6;6;13;8;16;14;58;42;3;2;1.91;3.65;3.8;1.01;1.19;1.62;2.55;5;12.75;4.5;2.25;1.49;1.19;1.59;2.35;3.25;1.33;5;1.16;1.27;1.27;1.83;2.45;2.25;4.05;2.3;2.62;3.4;0;0;1.11;1.25;1.65;1.83;2.25;5.5;3.6;2;1.83;1.57;1.5;8;3.25;1.67;12.5;2.35;3.75;8;0;0;0;0;0;0;0;0;1.33;2.5;6.5;17;3.25;1.5;1.11;1.02;0;0;0;0;1;1;0;0;0;0;1;2019-01-19 06:35:00;606;0;77;24;38;0;1;1;2;2;2;0;4;2;2;0;1;1;2;2;1;71;34;139;94;1.83;0.9;2.74;0;0;0;0;0;0;1;1;0;0;0;0;0;0;-1;-1;-1;-1;-1;-1;-1;-1;-1;9;17;77;100;100;40;86;93;45;12.88;5.86;4.57;3.19;Sydney FC;Newcastle Jets FC;2.21;1.14;2;1;2;0.92;92;84;23;0;0;84;84;62;1.78;1.5;3.28;1555;27;Y;N;N;N;N;N;N
430538;602;600;2018/2019;complete;3426;14;-1;;;0;0;0;8;4;12;2;3;4;1;0;0;0;3;5;2;5;5;13;8;45;55;4;1;2.65;3.2;2.65;1.05;1.34;2.05;3.75;6.85;8.75;3.1;1.71;1.25;1.08;1.87;1.95;3.25;1.33;3.25;1.33;1.49;1.29;1.41;3.3;2.04;3.3;2.87;2.5;2.87;0;0;1.11;1.29;1.72;1.9;2.4;5.5;3.3;2;1.8;1.5;1.53;7.5;3.1;2;9;1.95;4.75;4.75;0;0;0;0;0;0;0;0;1.44;3;9;23;2.62;1.36;1.07;1.01;0;0;0;0;0;0;0;0;0;0;0;2019-01-19 08:50:00;-1;0;50;9;25;0;1;1;5;1;3;3;6;6;3;0;1;1;3;2;1;49;45;122;128;0.69;0.87;1.56;0;0;0;0;0;0;1;1;0;0;0;0;0;0;-1;-1;-1;-1;-1;-1;-1;-1;-1;25;25;50;92;100;50;75;83;50;11;7.33;3.83;3;Melbourne City FC;Perth Glory FC;2;2.15;2.17;2.67;1.77;2.46;75;75;50;9;0;50;50;34;1.52;1.45;2.97;1555;28;N;N;N;N;N;N;N
430539;607;609;2018/2019;complete;3426;14;-1;5,56,88;7,20,28;3;3;6;6;4;10;1;1;2;2;0;0;9;8;6;5;15;13;15;12;59;41;2;2;1.71;3.8;4.55;1.01;1.17;1.57;2.45;3.88;13.25;4.75;2.35;1.53;1.2;1.61;2.3;2.8;1.38;6.5;1.11;1.2;1.27;2.11;2.36;2.53;4.72;1.91;2.8;4;0;0;1.14;1.29;1.57;1.77;2.4;4.8;3.3;2.25;2;1.5;1.4;9;2.95;1.5;13;2.6;3.3;9.5;0;0;0;0;0;0;0;0;1.24;2.19;4.95;13;3.8;1.63;1.15;1.01;0;0;0;0;6;1;3;2;0;2;4;2019-01-20 06:00:00;-1;0;61;16;45;0;1;1;3;2;3;2;5;5;1;1;1;1;2;2;1;70;42;117;94;2.09;1.69;3.77;0;1;0;1;0;0;1;1;1;1;0;1;0;0;-1;-1;-1;-1;-1;-1;-1;-1;-1;23;38;52;84;84;45;54;84;52;8.4;4.54;4.97;2.8;Melbourne Victory FC;Wellington Phoenix;1.8;1;1.86;1.5;2.07;1.69;77;62;48;17;17;40;32;24;1.84;1.24;3.08;1555;28;Y;Y;Y;Y;Y;Y;Y
430540;603;604;2018/2019;complete;3426;14;-1;3;45;1;1;2;5;4;9;3;4;4;5;0;0;5;3;9;5;14;8;15;13;47;53;4;5;2.65;3.6;2.4;1.01;1.15;1.51;2.3;3.75;14.25;5.15;2.5;1.59;1.24;1.48;2.65;4.6;1.17;4.33;1.2;1.54;1.25;1.4;3.2;2.29;3;2.88;2.63;2.6;0;0;1.11;1.22;1.44;1.8;2.2;5.5;3.8;2.6;1.83;1.6;1.75;8.5;2.6;1.95;14.25;1.83;5.35;4.65;0;0;0;0;0;0;0;0;1.22;2.36;4.85;13;3.98;1.61;1.16;1.01;0;0;0;0;2;1;1;0;0;0;2;2019-01-20 08:00:00;-1;0;79;28;36;0;1;1;2;3;3;1;5;4;3;2;1;3;5;4;1;64;44;116;85;1.7;1.04;2.74;0;0;0;0;0;0;1;1;1;0;0;0;0;0;-1;-1;-1;-1;-1;-1;-1;-1;-1;15;28;79;94;100;44;94;100;50;9;3.83;5.05;3.15;Central Coast Mariners;Brisbane Roar;0.62;0.43;0.67;0.25;0.38;0.5;86;73;21;7;0;92;84;54;1.14;1.32;2.46;1555;27;Y;Y;N;N;N;N;Y
430541;602;608;2018/2019;complete;3426;15;-1;1,38,84,90;28,49,54;4;3;7;11;8;19;3;3;4;2;0;1;11;9;7;5;18;14;7;15;59;41;4;3;1.71;3.7;4.65;1.03;1.24;1.77;2.9;4.8;11;3.9;2;1.38;1.14;1.74;2.1;2.6;1.44;5.5;1.14;1.18;1.25;2;2.2;2.33;5.05;2.05;2.6;3.8;0;0;1.11;1.25;1.45;1.72;2.1;5.5;3.6;2.55;2;1.66;1.44;8;3.25;1.51;11.25;2.65;3.2;8;0;0;0;0;0;0;0;0;1.29;2.46;5.85;19;3.4;1.51;1.11;1.02;0;0;0;0;7;2;1;2;2;4;3;2019-01-22 08:50:00;602;0;40;7;24;0;1;1;3;4;8;4;7;12;0;1;4;2;1;6;1;90;36;133;73;2.56;1.77;4.33;0;1;0;1;0;0;1;1;1;0;1;0;0;0;-1;-1;-1;-1;-1;-1;-1;-1;-1;9;25;55;86;93;23;79;86;40;13.33;5.88;4.79;2.84;Melbourne City FC;Western Sydney Wanderers;2;0.92;2;0.83;1.71;0.64;92;75;45;15;7;86;77;62;1.4;1.56;2.96;1555;27;Y;Y;Y;Y;Y;Y;Y
430542;609;606;2018/2019;complete;3426;15;-1;;25;0;1;1;8;4;12;0;0;1;3;0;0;5;7;1;4;6;11;15;13;63;37;1;3;2.85;3.45;2.35;1.02;1.19;1.62;2.6;5.5;12.5;4.45;2.2;1.48;1.18;1.56;2.45;4;1.22;3.4;1.3;1.7;1.29;1.38;3.4;2.2;2.75;3.1;2.55;2.4;0;0;1.11;1.25;1.45;1.8;2.25;5.5;3.6;2.55;1.9;1.57;2;8;2;2.2;13;1.72;6;4;0;0;0;0;0;0;0;0;1.33;2.62;7;19;3.25;1.44;1.1;1.02;0;0;0;0;1;0;1;0;0;0;1;2019-01-23 06:35:00;606;0;79;29;14;0;1;1;3;3;5;1;6;6;1;1;0;2;2;2;1;53;38;165;89;1.14;1.46;2.61;1;0;0;0;1;0;1;1;0;0;0;2;0;0;-1;-1;-1;-1;-1;-1;-1;-1;-1;15;36;71;100;100;50;100;93;57;10.86;5.57;5.43;3.22;Wellington Phoenix;Sydney FC;1.86;1.67;1.86;2;1.64;2.07;86;64;29;0;0;58;58;43;1.63;1.27;2.9;1555;28;Y;N;N;N;N;N;N
430543;605;603;2018/2019;complete;3426;15;-1;54;;1;0;1;5;8;13;5;0;0;1;0;0;6;6;7;8;13;14;9;8;52;48;0;1;1.45;4.5;6.3;1.01;1.14;1.49;2.25;4;14.5;5.3;2.55;1.62;1.25;1.67;2.25;2.62;1.44;8;1.08;1.12;1.22;2.62;2.05;2.5;5;1.8;2.87;4.75;0;0;1.13;1.29;1.5;1.72;2.4;5.2;3.3;2.4;2;1.5;1.4;9;3.3;1.4;17;3;3;13;0;0;0;0;0;0;0;0;1.25;2.19;5;13;3.75;1.72;1.16;1.04;0;0;0;0;1;0;0;1;0;1;0;2019-01-23 08:50:00;605;0;61;7;38;0;1;1;3;0;2;8;3;10;0;1;0;0;1;0;1;65;78;96;91;1.71;1.86;3.57;0;0;0;0;0;0;1;1;0;0;0;0;0;0;-1;-1;-1;-1;-1;-1;-1;-1;-1;29;37;45;92;100;37;92;85;45;11.1;3.83;4.46;3.17;Newcastle Jets FC;Central Coast Mariners;1.46;0.36;0.83;0.14;0.86;0.43;72;63;55;9;0;62;55;55;1.97;1.24;3.21;1555;27;Y;N;N;N;N;N;N
430544;600;601;2018/2019;complete;3426;15;-1;;;0;0;0;3;11;14;2;1;1;2;0;0;4;5;4;2;8;7;14;12;44;56;1;2;2;3.5;3.55;1.02;1.23;1.74;2.85;6.5;11.25;4;2.05;1.4;1.14;1.61;2.3;2.75;1.4;4;1.22;1.33;1.3;1.75;2.75;2.25;3.75;2.35;2.4;3.35;0;0;1.14;1.3;1.72;2;2.55;4.8;3.2;2;1.72;1.45;2;8;2;1.66;11;2.4;3.6;6;0;0;0;0;0;0;0;0;1.4;2.75;8;21;2.75;1.4;1.08;1.01;0;0;0;0;0;0;0;0;0;0;0;2019-01-23 11:00:00;-1;0;77;16;54;0;1;1;3;4;0;7;7;7;1;1;0;1;2;1;1;51;44;109;99;1.17;1.12;2.29;0;0;0;0;0;0;1;1;0;0;0;0;0;0;-1;-1;-1;-1;-1;-1;-1;-1;-1;15;30;77;93;100;31;92;93;70;8.74;3.81;4.36;3.29;Perth Glory FC;Adelaide United;2.13;1.64;2.29;2;2.36;1.57;86;70;23;7;0;70;62;40;1.4;1.53;2.93;1555;29;N;N;N;N;N;N;N
430545;604;608;2018/2019;complete;3426;16;-1;90,90;18,42;2;2;4;3;2;5;2;2;3;4;0;0;6;4;8;7;14;11;21;19;51;49;3;4;2.75;3.6;2.35;1.01;1.11;1.41;2.05;3.4;16.25;6;2.8;1.74;1.31;1.39;2.95;5.5;1.14;5;1.16;1.61;1.29;1.42;3;2.5;2.87;2.75;2.75;2.6;0;0;1.08;1.2;1.36;1.65;1.9;6.5;4;2.88;2.1;1.8;2.3;8.5;1.75;2;21;1.72;7;5.5;0;0;0;0;0;0;0;0;1.22;2;4.33;11;4;1.72;1.2;1.05;0;0;0;0;4;0;2;2;0;2;2;2019-01-25 08:50:00;-1;0;54;16;22;0;1;1;1;2;2;0;3;2;2;1;1;3;3;4;1;75;56;94;105;1.84;1.39;3.23;0;0;0;0;0;0;1;1;0;0;0;2;0;0;-1;-1;-1;-1;-1;-1;-1;-1;-1;40;54;61;92;92;31;92;84;45;10.74;3.79;6.07;3.82;Brisbane Roar;Western Sydney Wanderers;0.92;0.92;0.83;0.71;0.53;0.6;61;47;40;9;9;75;60;36;1.56;1.59;3.15;1555;27;Y;Y;Y;Y;N;N;Y
430546;609;602;2018/2019;complete;3426;16;-1;5;;1;0;1;5;6;11;2;1;2;3;0;0;6;7;2;7;8;14;14;17;49;51;2;3;2.4;3.4;2.85;1.03;1.27;1.87;3.2;6;10.25;3.6;1.91;1.33;1.11;1.71;2.1;3.25;1.33;3.75;1.25;1.44;1.29;1.57;3;2.2;3.4;2.62;2.5;3;0;0;1.07;1.17;1.33;1.83;2.1;7;4.5;3;1.83;1.66;1.65;7;2.6;1.8;13;2.05;4.33;5;0;0;0;0;0;0;0;0;1.36;2.75;7;21;3;1.4;1.1;1.01;0;0;0;0;1;1;0;0;0;0;1;2019-01-26 06:35:00;609;0;53;20;14;0;1;1;2;4;3;2;6;5;0;2;2;1;2;3;1;58;68;124;118;1.36;1.87;3.23;0;0;0;0;0;0;1;1;1;0;0;0;0;0;-1;-1;-1;-1;-1;-1;-1;-1;-1;13;19;46;87;100;40;100;73;39;13.07;5.93;5.59;2.64;Wellington Phoenix;Melbourne City FC;1.86;0.93;1.63;1.43;1.53;1.8;88;82;55;14;0;73;73;73;1.57;1.36;2.93;1555;28;Y;N;N;N;N;N;N
430547;607;606;2018/2019;complete;3426;16;-1;20,58;63;2;1;3;2;4;6;0;1;1;3;0;0;5;6;2;5;7;11;11;15;52;48;1;3;2.45;3.3;2.8;1.03;1.27;1.87;3.2;5.5;10.25;3.6;1.91;1.33;1.11;1.71;2.15;3.5;1.28;3.75;1.25;1.42;1.3;1.57;3;2.25;3.25;2.62;2.5;2.87;0;0;1.2;1.36;1.72;2.2;2.88;4;2.88;2;1.6;1.36;1.65;6.7;2.7;1.8;13;2.1;4.5;5;0;0;0;0;0;0;0;0;1.36;2.62;7;21;3;1.44;1.1;1.01;0;0;0;0;3;1;0;1;1;2;1;2019-01-26 08:50:00;607;0;75;25;32;0;1;1;1;0;1;4;1;5;0;1;1;2;1;3;1;53;53;133;97;1.19;1.5;2.7;0;0;0;0;0;0;1;1;0;0;1;0;0;0;-1;-1;-1;-1;-1;-1;-1;-1;-1;19;38;69;94;100;51;82;94;57;8.25;3.88;4.51;3.25;Melbourne Victory FC;Sydney FC;1.8;1.67;1.75;2.13;2;2.13;82;63;32;7;0;38;32;13;1.87;1.29;3.16;1555;29;Y;Y;Y;N;N;N;Y
430548;601;603;2018/2019;complete;3426;16;-1;66,90;37;2;1;3;11;5;16;3;2;1;1;0;0;12;5;5;3;17;8;9;17;59;41;1;1;1.4;4.65;7.25;1.01;1.16;1.54;2.35;3.92;13.75;4.95;2.4;1.56;1.22;1.77;2.05;2.25;1.57;9;1.07;1.08;1.2;2.94;1.81;2.6;6.95;1.66;3;6;0;0;1.14;1.3;1.57;1.83;2.55;4.8;3.2;2.25;1.83;1.45;1.36;9.5;3.5;1.3;17;3.5;2.5;15;0;0;0;0;0;0;0;0;1.23;2.16;4.85;15;3.9;1.65;1.16;1.03;0;0;0;0;3;0;1;2;0;2;1;2019-01-27 07:00:00;601;0;57;7;38;0;1;1;4;1;7;4;5;11;0;0;1;1;0;2;1;75;38;109;119;2.45;1.15;3.6;0;0;0;0;0;0;1;1;0;0;1;0;0;0;-1;-1;-1;-1;-1;-1;-1;-1;-1;25;32;38;88;94;32;76;82;50;10.38;2.51;5.25;2.88;Adelaide United;Central Coast Mariners;1.67;0.36;1.25;0.13;1.53;0.4;75;69;63;13;7;69;57;38;1.72;1.32;3.04;1555;27;Y;Y;Y;N;N;N;Y
430549;600;605;2018/2019;complete;3426;16;-1;16,47;;2;0;2;4;6;10;5;2;1;0;0;0;8;3;5;7;13;10;7;8;52;48;1;0;1.83;3.7;4.15;1.02;1.21;1.69;2.7;5;12;4.25;2.15;1.43;1.16;1.67;2.25;2.75;1.4;5.5;1.14;1.2;1.24;1.91;2.37;2.3;4.33;2.1;2.62;4;0;0;1.14;1.29;1.57;2;2.55;4.8;3.3;2.25;1.72;1.45;1.8;7;2.4;1.53;13;2.6;3.4;8.5;0;0;0;0;0;0;0;0;1.33;2.5;6;17;3.25;1.5;1.12;1.02;0;0;0;0;2;1;0;1;0;1;1;2019-01-27 09:00:00;600;0;69;13;44;0;1;1;3;2;1;4;5;5;0;0;1;0;0;1;1;72;65;105;135;1.9;1.33;3.23;0;0;0;0;0;0;1;1;0;0;0;1;0;0;-1;-1;-1;-1;-1;-1;-1;-1;-1;13;19;63;82;94;25;82;75;50;9.63;5.01;5.13;2.82;Perth Glory FC;Newcastle Jets FC;2.13;1.14;2.13;0.88;2.27;1;88;82;38;19;7;76;76;44;1.37;1.42;2.79;1555;27;Y;Y;N;N;N;N;N
430550;608;605;2018/2019;complete;3426;17;-1;69;18,22,45,49,59;1;5;6;10;5;15;3;1;0;1;0;0;8;11;6;5;14;16;17;8;60;40;0;1;2.5;3.6;2.55;1.01;1.16;1.56;2.4;3.9;13.75;4.85;2.4;1.56;1.21;1.49;2.5;4.3;1.18;4.33;1.2;1.53;1.29;1.54;3.1;2.28;3.15;2.6;2.7;2.6;0;0;1.11;1.25;1.45;1.8;1.9;5.5;3.6;2.55;1.9;1.8;1.62;8.5;2.6;1.88;16.5;1.89;5.15;4.85;0;0;0;0;0;0;0;0;1.25;2.44;4.95;10.75;3.45;1.57;1.13;1.01;0;0;0;0;6;0;3;1;2;3;3;2019-02-01 08:50:00;605;0;60;25;36;0;1;1;3;3;7;2;6;9;0;0;0;1;0;1;1;59;31;96;62;1.87;2;3.87;0;2;0;1;0;1;1;1;0;0;1;0;0;0;-1;-1;-1;-1;-1;-1;-1;-1;-1;7;19;60;95;100;36;89;83;47;12.33;5.28;4.22;2.79;Western Sydney Wanderers;Newcastle Jets FC;0.86;1.14;0.5;0.78;0.63;0.94;94;82;41;6;0;95;95;60;1.75;1.41;3.16;1555;27;Y;Y;Y;Y;Y;Y;Y
430551;603;607;2018/2019;complete;3426;17;-1;18,45;50,68,88;2;3;5;6;9;15;1;1;4;2;0;0;6;9;9;5;15;14;15;16;42;58;4;2;5.2;4.35;1.56;1.01;1.14;1.49;2.25;4.05;14.5;5.3;2.55;1.62;1.25;1.57;2.3;6;1.1;3;1.36;2.1;1.22;1.16;4.4;2.4;2.1;3.9;2.75;1.95;0;0;1.17;1.33;1.72;2;2.75;4.5;3;2;1.72;1.4;2.25;7.5;1.83;2.65;13.75;1.48;7.5;3.15;0;0;0;0;0;0;0;0;1.26;2.36;5.05;11;3.35;1.61;1.12;1.01;0;0;0;0;5;2;0;0;3;3;2;2019-02-02 06:35:00;607;0;72;29;29;0;1;1;5;1;1;8;6;9;1;2;3;0;3;3;1;62;65;84;108;1.81;1.99;3.79;0;0;0;0;0;0;1;1;0;0;0;0;0;0;-1;-1;-1;-1;-1;-1;-1;-1;-1;22;22;64;93;100;50;86;79;43;9.71;4;4.14;3.07;Central Coast Mariners;Melbourne Victory FC;0.62;1.86;0.71;2.29;0.38;2.06;79;79;36;7;0;79;57;36;1.22;1.37;2.59;1555;27;Y;Y;Y;Y;Y;N;Y
430552;601;604;2018/2019;complete;3426;17;-1;45,67,75,90;19,38,43;4;3;7;7;0;7;2;1;0;3;1;2;9;5;9;5;18;10;6;14;58;42;2;6;1.45;4.6;6.1;1.01;1.17;1.56;2.4;3.95;13.5;4.8;2.35;1.54;1.21;1.71;2.05;2.45;1.47;8;1.08;1.1;1.18;2.45;1.95;2.5;5.15;1.77;2.9;4.55;0;0;1.11;1.22;1.4;1.72;1.9;5.5;3.8;2.75;2;1.8;1.55;8.5;2.75;1.37;14;3.05;2.75;8.75;0;0;0;0;0;0;0;0;1.26;2.25;5.05;11;3.35;1.53;1.12;1.01;0;0;0;0;7;1;3;3;0;3;4;2019-02-02 08:50:00;601;0;67;22;33;0;1;1;1;0;6;0;1;6;1;2;0;3;3;3;1;67;11;63;58;2.23;1.06;3.3;0;0;0;0;0;0;1;1;0;0;0;0;1;0;-1;-1;-1;-1;-1;-1;-1;-1;-1;6;22;50;89;95;28;78;84;50;10.55;4;5.22;2.61;Adelaide United;Brisbane Roar;1.67;0.43;1.44;0.33;1.63;0.56;95;78;50;11;6;89;78;50;1.8;1.29;3.09;1555;27;Y;Y;Y;Y;Y;Y;Y
430553;600;609;2018/2019;complete;3426;17;-1;19,35,64;;3;0;3;5;4;9;2;0;1;1;0;0;12;6;6;4;18;10;8;12;43;57;1;1;1.56;4.25;5.45;1.02;1.2;1.67;2.65;4.55;12;4.3;2.15;1.44;1.17;1.74;2;2.35;1.51;7;1.1;1.12;1.2;2.3;2.1;2.35;4.8;1.71;2.85;5;0;0;1.17;1.33;1.6;1.83;2.75;4.5;3;2.2;1.83;1.4;1.91;8;2.1;1.37;12.75;3.15;2.65;8.25;0;0;0;0;0;0;0;0;1.3;2.45;5.65;12.25;3.1;1.45;1.1;1.01;0;0;0;0;3;2;0;1;0;1;2;2019-02-02 11:00:00;600;0;62;20;37;0;1;1;3;0;2;4;3;6;0;0;1;1;0;2;1;81;64;108;130;2.56;1.53;4.08;0;0;0;0;0;0;1;1;0;0;0;0;0;0;-1;-1;-1;-1;-1;-1;-1;-1;-1;26;38;50;75;80;33;73;75;44;8.19;4.15;5.15;2.86;Perth Glory FC;Wellington Phoenix;2.13;1;2.22;1.43;2.31;1.63;75;62;51;26;20;62;62;31;1.43;1.3;2.73;1555;28;Y;Y;Y;N;N;N;N
430554;606;602;2018/2019;complete;3426;17;-1;9,86;;2;0;2;2;5;7;4;2;0;3;0;0;5;5;8;6;13;11;16;13;36;64;0;3;1.87;3.5;4.05;1.04;1.29;1.91;3.3;7.75;9.75;3.45;1.87;1.31;1.1;1.8;1.95;2.45;1.47;3.5;1.28;1.26;1.31;1.65;2.7;2.05;3.95;2.55;2.2;3.4;0;0;1.14;1.3;1.72;2;2.55;4.8;3.2;2;1.72;1.45;2;8;2;1.74;8;2.4;3.25;5.05;0;0;0;0;0;0;0;0;1.42;3;7.25;12.25;2.55;1.32;1.05;1.01;0;0;0;0;2;1;0;1;0;1;1;2019-02-03 06:00:00;606;0;55;21;21;0;1;1;2;2;0;3;4;3;0;1;0;2;1;2;1;41;73;84;135;1.47;1.58;3.05;0;1;0;0;0;1;1;1;1;0;0;0;0;0;-1;-1;-1;-1;-1;-1;-1;-1;-1;7;15;48;81;100;34;100;75;21;12.34;5.25;4.89;2.65;Sydney FC;Melbourne City FC;2.21;0.93;2.14;1.25;2;1.69;93;86;52;20;0;60;60;60;1.78;1.42;3.2;1555;28;Y;Y;N;N;N;N;N
430555;605;609;2018/2019;complete;3426;18;-1;33;58;1;1;2;7;6;13;3;4;3;4;0;0;6;5;7;8;13;13;17;13;40;60;3;4;2;3.65;3.55;1.01;1.16;1.54;2.35;3.95;13.75;4.95;2.4;1.56;1.22;1.49;2.5;3.5;1.26;5.5;1.14;1.28;1.25;1.74;2.5;2.4;3.6;2.2;2.75;3.4;0;0;1.08;1.2;1.36;1.72;2;6.5;4;2.88;2;1.72;1.85;8;2.15;1.69;14.25;2.2;4.05;6.35;0;0;0;0;0;0;0;0;1.3;2.3;4.5;11;3.4;1.57;1.17;1.03;0;0;0;0;2;1;0;0;1;1;1;2019-02-07 08:50:00;-1;0;47;13;27;0;1;1;2;3;5;3;5;8;3;1;0;3;4;3;1;39;46;94;134;1.53;1.52;3.05;0;1;0;0;0;1;1;1;0;0;0;1;0;0;-1;-1;-1;-1;-1;-1;-1;-1;-1;13;26;40;73;88;32;67;81;34;10.31;4.64;3.5;2.45;Newcastle Jets FC;Wellington Phoenix;1.46;1;1.14;1.25;1.06;1.53;88;75;61;27;13;67;61;48;1.93;1.33;3.26;1555;27;Y;Y;N;N;N;N;Y
430556;604;606;2018/2019;complete;3426;18;-1;77,90;55;2;1;3;6;5;11;3;3;3;3;0;0;5;6;6;10;11;16;8;6;38;62;3;3;5.05;4.2;1.59;1.01;1.19;1.62;2.55;4.25;12.75;4.5;2.25;1.49;1.19;1.67;2.1;6.25;1.09;2.62;1.44;2.4;1.2;1.18;4.7;2.45;2.05;4.5;2.75;1.9;0;0;1.2;1.4;1.8;1.83;3;4;2.75;1.9;1.83;1.33;2.2;7.5;1.85;2.87;15;1.4;8;2.85;0;0;0;0;0;0;0;0;1.27;2.35;5.3;11.5;3.25;1.62;1.12;1.01;0;0;0;0;3;0;0;2;1;3;0;2019-02-08 08:50:00;604;0;68;18;11;0;1;1;2;1;4;4;3;8;1;1;2;2;2;4;1;24;60;105;125;1.23;1.87;3.1;0;0;0;0;0;0;1;1;0;0;0;0;1;0;-1;-1;-1;-1;-1;-1;-1;-1;-1;22;40;62;88;93;38;93;80;44;7.56;2.9;5.87;3.18;Brisbane Roar;Sydney FC;0.92;1.67;0.86;1.89;0.53;2.06;79;61;38;13;7;38;31;6;1.6;1.32;2.92;1555;27;Y;Y;Y;N;N;N;Y
430557;608;603;2018/2019;complete;3426;18;-1;45,77;;2;0;2;4;8;12;1;1;2;2;0;0;5;5;6;4;11;9;17;10;48;52;2;2;1.61;4.35;4.8;1;1.11;1.4;2;3.5;16.5;6.05;2.85;1.77;1.31;1.48;2.5;3.1;1.32;8;1.08;1.23;1.23;2.11;2.29;2.37;4.15;1.91;2.9;3.7;0;0;1.13;1.29;1.5;1.72;2.4;5.2;3.3;2.4;2;1.5;1.62;8;2.6;1.53;21;2.4;3.85;10.5;0;0;0;0;0;0;0;0;1.24;2.2;4.75;10.5;3.5;1.57;1.14;1.02;0;0;0;0;2;1;0;1;0;1;1;2019-02-09 06:35:00;608;0;67;22;39;0;1;1;0;5;4;3;5;7;2;1;0;1;3;1;1;52;58;106;121;1.43;1.35;2.78;0;0;0;0;0;0;1;1;0;0;0;3;0;0;-1;-1;-1;-1;-1;-1;-1;-1;-1;33;44;62;95;100;50;95;89;56;12.22;3.56;4.56;3.5;Western Sydney Wanderers;Central Coast Mariners;0.86;0.36;0.44;0.11;0.59;0.35;67;56;39;6;0;84;78;67;1.76;1.3;3.06;1555;27;Y;Y;N;N;N;N;N
430558;602;601;2018/2019;complete;3426;18;-1;69;43;1;1;2;5;2;7;1;2;0;1;0;0;5;4;8;2;13;6;16;20;49;51;0;1;2.6;3.3;2.65;1.04;1.29;1.91;3.3;6.05;9.75;3.45;1.87;1.31;1.1;1.71;2;2.95;1.34;3.4;1.3;1.38;1.31;1.63;2.91;2.11;3.55;2.55;2.4;3;0;0;1.11;1.22;1.44;1.72;1.9;5.5;3.8;2.6;2;1.8;1.5;9;2.88;1.81;11;2.1;4.3;5.8;0;0;0;0;0;0;0;0;1.37;2.8;6.7;11.75;2.75;1.36;1.07;1.01;0;0;0;0;2;0;1;1;0;1;1;2019-02-09 08:50:00;-1;0;48;20;34;0;1;1;1;1;4;1;2;5;0;1;0;0;1;0;1;86;59;98;97;1.79;1.09;2.88;0;0;0;0;0;0;1;1;0;0;0;0;0;0;-1;-1;-1;-1;-1;-1;-1;-1;-1;7;14;61;81;87;34;67;81;55;12.64;5.2;4.07;2.6;Melbourne City FC;Adelaide United;2;1.64;2.13;1.86;1.59;1.71;94;87;40;20;14;81;73;60;1.54;1.47;3.01;1555;28;Y;Y;N;N;N;N;Y
430559;607;600;2018/2019;complete;3426;18;-1;78;61,69;1;2;3;5;4;9;2;0;3;1;0;0;5;4;6;6;11;10;10;4;54;46;3;1;2.5;3.45;2.7;1.02;1.22;1.71;2.8;5;11.5;4.05;2.05;1.41;1.15;1.59;2.25;3.75;1.25;4;1.22;1.45;1.3;1.55;2.95;2.2;3.15;2.6;2.5;2.8;0;0;1.22;1.45;1.72;2.1;3.2;3.8;2.55;2;1.66;1.3;1.55;8;2.8;1.91;11.25;1.95;4.5;4.55;0;0;0;0;0;0;0;0;1.33;2.62;6.5;19;3.25;1.44;1.11;1.02;0;0;0;0;3;0;0;1;2;3;0;2019-02-10 06:00:00;600;0;68;11;43;0;1;1;3;3;2;1;6;3;1;0;2;1;1;3;1;60;64;119;106;1.49;1.38;2.87;0;1;0;1;0;0;1;1;0;0;1;1;0;0;-1;-1;-1;-1;-1;-1;-1;-1;-1;38;44;61;93;93;57;69;86;68;8.58;5.51;3.71;3.41;Melbourne Victory FC;Perth Glory FC;1.8;2.15;1.89;2.43;2.12;2.35;62;57;40;7;7;38;33;20;1.79;1.36;3.15;1555;29;Y;Y;Y;N;N;N;Y
430560;605;602;2018/2019;complete;3426;19;-1;22,75,79;55;3;1;4;8;7;15;1;2;2;1;0;0;6;8;4;6;10;14;9;10;33;67;2;1;3.75;3.55;1.95;1.03;1.26;1.83;3.15;5;10.25;3.65;1.91;1.34;1.12;1.71;2;4.3;1.18;2.75;1.4;1.83;1.29;1.25;4.2;2.05;2.5;3.6;2.45;2.3;0;0;1.14;1.3;1.57;1.9;2.1;4.8;3.2;2.25;1.8;1.66;2.75;8.5;1.55;2.45;10.25;1.62;6.5;3.25;0;0;0;0;0;0;0;0;1.36;2.75;7;15;3;1.4;1.08;1.02;0;0;0;0;4;1;0;2;1;3;1;2019-02-15 08:50:00;605;0;42;6;18;0;1;1;6;4;2;3;10;5;0;0;2;1;0;3;1;28;91;102;152;1.27;2.11;3.38;0;0;0;0;0;0;1;1;0;0;2;0;0;0;-1;-1;-1;-1;-1;-1;-1;-1;-1;0;7;24;77;100;18;88;78;18;12.06;5.35;4.03;2.07;Newcastle Jets FC;Melbourne City FC;1.46;0.93;1.13;1.11;1.06;1.56;100;94;77;24;0;66;66;66;1.88;1.44;3.32;1555;27;Y;Y;Y;Y;N;N;Y
430561;609;607;2018/2019;complete;3426;19;-1;57;67;1;1;2;13;12;25;0;1;1;3;0;0;5;6;4;10;9;16;18;12;49;51;1;3;2.8;3.65;2.3;1.01;1.16;1.53;2.35;4.25;14;5;2.45;1.57;1.22;1.48;2.55;4.2;1.18;4;1.22;1.53;1.26;1.41;3.2;2.3;2.8;2.65;2.6;2.65;0;0;1.06;1.14;1.29;1.83;1.83;7.5;4.8;3.3;1.83;1.83;1.57;8.5;2.7;1.95;13;1.87;5.15;4.5;0;0;0;0;0;0;0;0;1.27;2.3;5.3;11.5;3.3;1.51;1.12;1.01;0;0;0;0;2;0;0;1;1;2;0;2019-02-15 06:35:00;-1;0;60;24;18;0;1;1;7;4;6;8;11;14;0;1;1;2;1;3;1;64;46;84;139;1.38;1.78;3.16;0;1;0;1;0;0;1;1;0;0;1;1;0;0;-1;-1;-1;-1;-1;-1;-1;-1;-1;30;36;60;83;100;47;88;71;53;12.85;5.21;4.53;3.14;Wellington Phoenix;Melbourne Victory FC;1.86;1.86;1.78;2.38;1.5;2;71;65;41;18;0;82;76;70;1.54;1.45;2.99;1555;28;Y;Y;N;N;N;N;Y
430562;601;608;2018/2019;complete;3426;19;-1;44;12,54,71;1;3;4;11;0;11;0;0;1;3;0;0;7;8;6;8;13;16;11;11;70;30;1;3;1.61;4.3;4.8;1.01;1.15;1.5;2.25;4;14.5;5.2;2.5;1.61;1.24;1.56;2.3;2.8;1.37;6.5;1.11;1.2;1.23;2.22;2.1;2.45;4.35;1.83;2.85;4.15;0;0;1.11;1.25;1.44;1.83;2.1;5.5;3.6;2.6;1.83;1.66;1.61;7.5;2.75;1.47;14.5;2.65;3.15;7.75;0;0;0;0;0;0;0;0;1.22;2.31;4.7;10.5;3.98;1.64;1.17;1.01;0;0;0;0;4;1;1;0;2;2;2;2019-02-16 08:50:00;608;0;62;12;34;0;1;1;6;0;5;0;6;5;0;0;1;3;0;4;1;71;22;111;75;1.83;1.73;3.55;1;0;0;0;1;0;1;1;0;0;0;0;0;0;-1;-1;-1;-1;-1;-1;-1;-1;-1;18;42;58;95;95;29;85;90;62;12.2;4.05;4.85;3.42;Adelaide United;Western Sydney Wanderers;1.67;0.92;1.6;0.75;1.67;0.72;83;59;43;5;5;79;68;47;1.85;1.57;3.42;1555;27;Y;Y;Y;Y;N;N;Y
430563;600;604;2018/2019;complete;3426;19;-1;19,35,45,54;;4;0;4;9;3;12;0;3;2;0;0;0;11;3;12;5;23;8;9;10;61;39;2;0;1.26;6.1;9.25;1;1.11;1.39;2;3.4;16.5;6.15;2.9;1.77;1.32;1.77;1.95;2.25;1.57;13;1.04;1.03;1.09;3.6;1.59;2.95;6.9;1.42;3.5;6.5;0;0;1.22;1.44;1.75;1.9;3;3.8;2.6;1.95;1.8;1.33;1.53;7.5;3.1;1.25;18.25;3.85;2.35;12.5;0;0;0;0;0;0;0;0;1.18;1.99;3.9;8.25;4.5;1.89;1.23;1.04;0;0;0;0;4;3;0;1;0;1;3;2019-02-16 11:00:00;600;0;70;30;35;0;1;1;2;1;7;2;3;9;1;0;1;0;1;1;1;75;44;123;103;2.76;1.04;3.8;0;0;0;0;0;0;1;1;0;0;1;0;0;0;-1;-1;-1;-1;-1;-1;-1;-1;-1;20;35;65;85;95;40;90;85;45;8.4;4.5;5.7;3.2;Perth Glory FC;Brisbane Roar;2.13;0.43;2.3;0.3;2.39;0.67;80;65;35;15;5;80;70;45;1.54;1.27;2.81;1555;27;Y;Y;Y;Y;N;N;N
430564;606;603;2018/2019;complete;3426;19;-1;76;36;1;1;2;13;4;17;1;0;0;1;0;0;9;4;10;2;19;6;11;11;68;32;0;1;1.24;6;10.25;1.01;1.13;1.45;2.15;3.5;15.25;5.55;2.65;1.67;1.27;1.83;1.87;2.1;1.62;13;1.04;1.03;1.12;3.45;1.67;2.7;6.9;1.65;3;5.25;0;0;0;0;1.71;1.87;0;0;0;2;1.83;0;1.34;8.25;3.75;1.29;14.5;3.6;2.25;12;0;0;0;0;0;0;0;0;1.22;2.09;4.6;10.5;4;1.69;1.17;1.02;0;0;0;0;2;0;1;1;0;1;1;2019-02-17 06:00:00;-1;0;62;18;28;0;1;1;5;3;8;1;8;9;0;0;0;1;0;1;1;99;34;148;74;2.55;0.91;3.46;1;0;1;0;0;0;1;1;0;0;0;0;0;0;-1;-1;-1;-1;-1;-1;-1;-1;-1;27;33;57;89;100;39;95;89;38;11.33;4.13;4.58;3.27;Sydney FC;Central Coast Mariners;2.21;0.36;2.25;0.1;1.94;0.33;74;68;44;12;0;60;55;55;1.74;1.3;3.04;1555;27;Y;Y;N;N;N;N;Y
430565;603;604;2018/2019;complete;3426;20;-1;38,45,82;31,36,45,54,74;3;5;8;7;1;8;1;0;5;1;2;0;10;8;6;3;16;11;14;15;57;43;7;1;2.4;3.6;2.65;1.01;1.16;1.53;2.35;4;14;5;2.45;1.57;1.22;1.47;2.55;4.33;1.2;4.5;1.18;1.4;1.25;1.57;2.9;2.15;3.2;2.62;2.5;2.88;0;0;1.11;1.25;1.45;1.69;2.25;5.5;3.6;2.55;2;1.57;1.62;8;2.6;1.8;17;2;4.8;5.8;0;0;0;0;0;0;0;0;1.3;2.3;5;11;3.4;1.57;1.14;1.03;0;0;0;0;8;2;3;1;2;3;5;2019-02-22 08:50:00;604;0;81;35;26;0;1;1;1;1;6;0;2;6;2;0;5;1;2;6;1;69;29;121;84;2.21;1.47;3.68;0;0;0;0;0;0;1;1;0;0;0;0;0;0;-1;-1;-1;-1;-1;-1;-1;-1;-1;22;35;74;96;100;59;96;90;48;8.66;4.06;5.72;3.35;Central Coast Mariners;Brisbane Roar;0.62;0.43;0.63;0.27;0.37;0.63;79;65;26;5;0;90;73;51;1.29;1.25;2.54;1555;27;Y;Y;Y;Y;Y;Y;Y
430566;609;606;2018/2019;complete;3426;20;-1;;65;0;1;1;2;3;5;3;2;3;2;0;0;5;5;5;5;10;10;17;13;53;47;3;2;3.6;3.55;2;1.02;1.21;1.69;2.75;4.55;11.75;4.2;2.1;1.43;1.16;1.61;2.2;5.65;1.11;2.5;1.5;2.32;1.22;1.18;4.7;2.55;2.06;4.7;2.8;1.87;0;0;1.14;1.29;1.5;1.69;1.9;4.8;3.3;2.4;2;1.8;1.83;8;2.2;2.9;12;1.42;7.5;2.75;0;0;0;0;0;0;0;0;1.29;2.4;5.7;17;3.44;1.53;1.12;1.01;0;0;0;0;1;0;0;0;1;1;0;2019-02-23 06:35:00;606;0;70;20;25;0;1;1;0;3;2;0;3;2;1;0;2;2;1;4;1;49;42;129;122;1.35;1.3;2.65;0;1;0;1;0;0;1;1;0;0;0;0;0;0;-1;-1;-1;-1;-1;-1;-1;-1;-1;10;25;60;85;100;35;90;80;55;11.5;4.5;5.1;2.8;Wellington Phoenix;Sydney FC;1.86;1.67;1.7;1.7;1.47;1.89;90;75;40;15;0;65;65;55;1.53;1.37;2.9;1555;28;Y;N;N;N;N;N;N
430567;607;602;2018/2019;complete;3426;20;-1;50;16;1;1;2;1;5;6;2;1;5;4;1;0;2;2;0;12;2;14;15;19;40;60;6;4;2;3.45;3.55;1.03;1.24;1.77;2.95;5.6;10.75;3.85;2;1.38;1.13;1.67;2.1;2.95;1.34;3.75;1.25;1.32;1.32;1.68;2.81;2.15;3.85;2.45;2.48;3.45;0;0;1.2;1.36;1.65;2;2.88;4;2.88;2.1;1.71;1.36;1.91;8;2.1;1.77;10;2.15;3.75;5.15;0;0;0;0;0;0;0;0;1.33;2.65;6.55;14.75;3.13;1.44;1.09;1.01;0;0;0;0;2;0;1;1;0;1;1;2019-02-23 08:50:00;-1;0;60;15;40;0;1;1;1;2;0;3;3;3;4;1;2;3;5;5;1;33;90;88;127;0.52;1.68;2.2;0;1;0;1;0;0;1;1;0;0;0;0;0;0;-1;-1;-1;-1;-1;-1;-1;-1;-1;15;25;55;90;100;35;80;85;50;10.2;4.4;4.7;2.9;Melbourne Victory FC;Melbourne City FC;1.8;0.93;1.7;1;1.95;1.47;85;75;45;10;0;50;40;35;1.76;1.5;3.26;1555;28;Y;Y;N;N;N;N;Y
430568;605;601;2018/2019;complete;3426;20;-1;;;0;0;0;5;10;15;0;1;3;2;0;0;4;3;5;6;9;9;14;11;54;46;3;2;2.6;3.55;2.55;1.02;1.2;1.65;2.65;4.55;12.25;4.35;2.2;1.45;1.17;1.54;2.35;3.95;1.2;3.75;1.25;1.5;1.26;1.43;3.1;2.2;3;2.6;2.6;2.7;0;0;0;0;0;1.67;0;0;0;0;2.05;0;2.1;8;1.91;1.91;12.5;1.91;4.85;4.55;0;0;0;0;0;0;0;0;1.3;2.45;5.6;12.5;3.1;1.47;1.1;1.01;0;0;0;0;0;0;0;0;0;0;0;2019-02-24 06:00:00;-1;0;60;7;36;0;1;1;3;8;2;2;11;4;0;0;3;2;0;5;1;47;64;102;106;1.2;1.25;2.45;0;0;0;0;0;0;1;1;0;0;1;4;0;0;-1;-1;-1;-1;-1;-1;-1;-1;-1;0;18;48;83;94;18;77;89;48;11.42;4.52;2.83;2.42;Newcastle Jets FC;Adelaide United;1.46;1.64;1.33;1.75;1.16;1.58;100;83;53;18;7;77;71;64;1.81;1.43;3.24;1555;27;N;N;N;N;N;N;N
430569;608;600;2018/2019;complete;3426;20;-1;90;23;1;1;2;3;8;11;3;3;1;4;0;0;4;5;3;3;7;8;10;7;53;47;1;4;3.65;3.75;1.91;1.01;1.15;1.53;2.3;4.05;14;5.05;2.45;1.59;1.23;1.47;2.55;5.3;1.12;3.5;1.28;1.83;1.24;1.24;3.8;2.3;2.4;3.4;2.7;2.1;0;0;1.11;1.25;1.45;1.71;2.1;5.5;3.6;2.55;2;1.66;2.25;8;1.8;2.3;13.75;1.61;6.65;3.7;0;0;0;0;0;0;0;0;1.25;2.25;4.95;11;3.4;1.54;1.13;1.01;0;0;0;0;2;0;1;1;0;1;1;2019-02-24 08:00:00;-1;0;62;15;39;0;1;1;2;2;1;6;4;7;0;1;1;3;1;4;1;42;50;132;93;1.05;1.22;2.27;0;0;0;0;0;0;1;1;0;0;0;1;0;0;-1;-1;-1;-1;-1;-1;-1;-1;-1;29;39;55;94;94;50;82;83;57;11.13;5.28;3.43;3.22;Western Sydney Wanderers;Perth Glory FC;0.86;2.15;0.7;2.5;0.84;2.42;72;62;45;7;7;75;69;53;1.73;1.37;3.1;1555;27;Y;Y;N;N;N;N;Y
430570;606;601;2018/2019;complete;3426;21;-1;15,90;;2;0;2;3;5;8;0;0;0;1;0;0;6;3;5;8;11;11;14;9;52;48;0;1;2;3.45;3.6;1.04;1.28;1.91;3.25;5.9;9.75;3.5;1.87;1.32;1.11;1.74;2;2.6;1.43;4.5;1.18;1.22;1.27;1.8;2.5;2.15;4.1;2.2;2.5;3.55;0;0;1.11;1.22;1.72;1.83;2.1;5.5;3.8;2;1.83;1.66;1.67;7.5;2.55;1.61;10;2.5;3.2;5.9;0;0;0;0;0;0;0;0;1.38;2.8;6.9;15;2.7;1.36;1.07;1.02;0;0;0;0;2;1;0;1;0;1;1;2019-03-01 08:50:00;606;0;62;17;28;0;1;1;2;2;1;3;4;4;0;0;0;1;0;1;1;39;44;114;124;1.41;1.24;2.65;0;0;0;0;0;0;1;1;0;0;0;0;0;0;-1;-1;-1;-1;-1;-1;-1;-1;-1;6;17;56;84;89;28;84;84;39;12.22;4.45;3.23;2.61;Sydney FC;Adelaide United;2.21;1.64;2.11;1.67;1.95;1.55;95;84;44;17;11;67;62;56;1.83;1.41;3.24;1555;29;Y;Y;N;N;N;N;N
430571;607;605;2018/2019;complete;3426;21;-1;;34,90;0;2;2;8;3;11;1;0;1;0;1;0;4;6;6;13;10;19;8;9;69;31;2;0;1.91;3.7;3.7;1.01;1.18;1.61;2.5;4.4;12.75;4.55;2.25;1.5;1.19;1.56;2.3;3.05;1.33;5.5;1.14;1.24;1.24;1.83;2.4;2.3;3.9;2.15;2.65;3.4;0;0;1.11;1.29;1.45;1.83;2.25;5.5;3.3;2.55;1.83;1.57;1.55;8.5;2.75;1.62;12.75;2.35;3.6;6.35;0;0;0;0;0;0;0;0;1.28;2.35;5.35;11.75;3.2;1.49;1.11;1.01;0;0;0;0;2;0;1;0;1;1;1;2019-03-02 08:50:00;605;0;71;14;48;0;1;1;4;2;4;1;6;5;0;0;2;0;0;2;1;74;61;165;102;1.47;2.06;3.52;0;0;0;0;0;0;1;1;0;0;1;0;0;0;-1;-1;-1;-1;-1;-1;-1;-1;-1;19;23;67;95;100;38;72;90;62;9.48;4.78;4.55;3.13;Melbourne Victory FC;Newcastle Jets FC;1.8;1.14;1.64;1;1.9;1.15;82;77;34;5;0;63;54;30;1.65;1.47;3.12;1555;27;Y;Y;N;N;N;N;N
430572;602;600;2018/2019;complete;3426;21;-1;26,35;84,90;2;2;4;0;5;5;1;6;4;1;0;0;4;5;1;6;5;11;14;11;34;66;4;1;3.3;3.4;2.15;1.03;1.27;1.87;3.2;6.25;10.25;3.6;1.91;1.33;1.11;1.71;2.05;3.9;1.21;3;1.36;1.69;1.28;1.27;3.65;2.1;2.75;3.35;2.4;2.35;0;0;1.14;1.3;1.72;1.9;2.55;4.8;3.2;2;1.8;1.45;1.68;7.5;2.55;2.3;10.25;1.69;5.4;3.4;0;0;0;0;0;0;0;0;1.38;2.8;6.9;15;2.7;1.36;1.07;1.01;0;0;0;0;4;2;0;0;2;2;2;2019-03-03 06:00:00;-1;0;56;11;28;0;1;1;0;2;0;3;2;3;2;0;2;1;2;3;1;20;63;89;130;0.76;1.51;2.27;1;0;1;0;0;0;1;1;0;0;0;0;0;0;-1;-1;-1;-1;-1;-1;-1;-1;-1;22;22;44;84;89;39;67;78;45;11.78;6.22;4.11;2.78;Melbourne City FC;Perth Glory FC;2;2.15;2;2.33;1.45;2.35;78;78;56;17;11;62;56;45;1.57;1.35;2.92;1555;28;Y;Y;Y;Y;N;N;Y
430573;604;608;2018/2019;complete;3426;21;-1;7;15,35,38,90;1;4;5;4;9;13;0;2;1;4;0;0;4;8;5;10;9;18;6;13;42;58;1;4;3;3.95;2.1;1;1.11;1.38;1.95;3.1;17;6.3;2.95;1.8;1.33;1.37;2.9;5.75;1.1;4.33;1.2;1.71;1.22;1.32;3.25;2.45;2.55;2.95;2.9;2.2;0;0;1.13;1.29;1.5;1.72;2.4;5.2;3.3;2.4;2;1.5;2.12;7.5;1.92;2.1;16.75;1.69;6.55;4.5;0;0;0;0;0;0;0;0;1.22;1.99;4.4;9.75;3.75;1.71;1.16;1.02;0;0;0;0;5;1;3;0;1;1;4;2019-03-08 08:50:00;608;0;65;18;23;0;1;1;0;8;4;1;8;5;0;0;1;4;0;5;1;50;77;88;133;1.21;2.25;3.47;0;0;0;0;0;0;1;1;1;0;0;0;0;0;-1;-1;-1;-1;-1;-1;-1;-1;-1;30;59;71;94;94;41;88;88;59;9.58;3.75;6.16;3.81;Brisbane Roar;Western Sydney Wanderers;0.92;0.92;1.13;1;0.75;0.85;71;42;30;7;7;70;58;40;1.55;1.58;3.13;1555;27;Y;Y;Y;Y;Y;N;Y
430574;603;609;2018/2019;complete;3426;21;-1;61,69;8,12,21,45,51,57,59,88;2;8;10;2;7;9;1;1;4;2;0;0;8;14;2;3;10;17;15;14;43;57;4;2;3.9;3.8;1.83;1.01;1.18;1.61;2.5;4.35;12.75;4.55;2.25;1.5;1.19;1.59;2.25;5.35;1.12;3;1.36;1.95;1.22;1.2;4.05;2.3;2.3;3.65;2.7;2.05;0;0;1.13;1.29;1.5;1.72;2;5.2;3.3;2.4;2;1.72;1.92;7.5;2.12;2.5;12.75;1.54;6.8;3.25;0;0;0;0;0;0;0;0;1.29;2.35;5.4;12;3.2;1.49;1.11;1.01;0;0;0;0;10;0;4;2;4;6;4;2019-03-09 08:50:00;609;0;73;28;28;0;1;1;1;3;1;4;4;5;3;2;1;0;5;1;1;45;59;88;96;1.52;2.48;4;0;0;0;0;0;0;1;1;0;1;0;0;0;0;-1;-1;-1;-1;-1;-1;-1;-1;-1;28;33;61;89;89;56;84;84;45;9.11;3.56;5.78;3.23;Central Coast Mariners;Wellington Phoenix;0.62;1;0.56;1.22;0.35;1.4;73;67;39;11;11;73;56;33;1.39;1.35;2.74;1555;27;Y;Y;Y;Y;Y;Y;Y
430575;607;604;2018/2019;complete;3426;22;-1;24,39;50;2;1;3;5;8;13;5;1;0;1;0;0;7;5;5;4;12;9;14;17;54;46;0;1;1.37;5.15;7.25;1;1.11;1.38;2;2.45;16.75;6.2;2.9;1.8;1.33;1.59;2.25;2.65;1.41;17;1.02;1.07;1.11;3.25;1.74;3.16;6.89;1.47;3.55;5.55;0;0;1.11;1.25;1.45;1.77;2.25;5.5;3.6;2.55;1.95;1.57;1.5;8.5;2.9;1.3;20.25;3.35;2.75;12.5;0;0;0;0;0;0;0;0;1.16;1.84;3.45;7.25;4.5;2.04;1.25;1.06;0;0;0;0;3;2;0;0;1;1;2;2019-03-16 08:50:00;607;0;75;34;42;0;1;1;1;6;4;2;7;6;0;1;0;0;1;0;1;55;26;140;85;1.66;1.12;2.78;0;0;0;0;0;0;1;1;0;0;0;0;0;0;-1;-1;-1;-1;-1;-1;-1;-1;-1;25;42;71;96;100;50;80;96;59;8.17;4.08;5.34;3.58;Melbourne Victory FC;Brisbane Roar;1.8;0.43;1.5;0.5;1.81;0.71;75;59;29;4;0;63;50;38;1.63;1.27;2.9;1555;27;Y;Y;Y;N;N;N;Y
430576;605;603;2018/2019;complete;3426;22;-1;74,81;51,64,67;2;3;5;3;2;5;2;0;3;1;0;0;9;5;8;1;17;6;12;7;66;34;3;1;1.32;5.4;8.25;1;1.1;1.35;1.91;3.4;17.5;6.6;3.1;1.87;1.36;1.57;2.3;2.45;1.47;13;1.04;1.07;1.13;3.05;1.79;3.02;6.83;1.54;3.25;5.35;0;0;1.08;1.2;1.36;1.71;2.1;6.5;4;2.88;2;1.65;1.62;8;2.6;1.31;17.5;3.35;2.6;12;0;0;0;0;0;0;0;0;1.18;2.02;3.85;8.25;4.2;1.86;1.21;1.04;0;0;0;0;5;0;0;2;3;5;0;2019-03-16 06:35:00;603;0;57;5;29;0;1;1;2;1;1;1;3;2;2;0;1;1;2;2;1;67;29;151;93;2.2;0.95;3.15;1;0;0;0;1;0;1;1;0;0;0;0;0;0;-1;-1;-1;-1;-1;-1;-1;-1;-1;18;28;38;81;95;23;81;86;38;11.59;3.51;4.05;2.69;Newcastle Jets FC;Central Coast Mariners;1.46;0.36;1.3;0.18;1.24;0.33;82;72;63;20;5;77;72;72;1.75;1.27;3.02;1555;27;Y;Y;Y;Y;Y;N;Y
430577;606;602;2018/2019;complete;3426;22;-1;;62,79;0;2;2;3;4;7;3;1;0;1;0;0;0;4;9;3;9;7;9;14;55;45;0;1;1.91;3.4;4;1.05;1.33;2;3.6;8.25;9;3.2;1.77;1.27;1.08;1.87;1.87;2.25;1.57;3.75;1.25;1.22;1.33;1.74;2.55;2.05;4.35;2.35;2.25;3.8;0;0;1.14;1.3;1.71;1.95;2.55;4.8;3.2;1.95;1.75;1.45;1.67;8;2.5;1.61;7.75;2.7;2.85;5.5;0;0;0;0;0;0;0;0;1.47;3.25;8.25;12.5;2.4;1.27;1.04;1.01;0;0;0;0;2;0;0;0;2;2;0;2019-03-17 08:00:00;602;0;53;15;19;0;1;1;2;1;1;3;3;4;0;0;0;1;0;1;1;55;46;135;116;0.98;1.07;2.05;0;0;0;0;0;0;1;1;0;0;1;1;0;0;-1;-1;-1;-1;-1;-1;-1;-1;-1;5;15;39;86;100;24;100;82;19;12.14;4.69;4.23;2.54;Sydney FC;Melbourne City FC;2.21;0.93;2.2;1;2;1.43;95;86;62;14;0;53;53;53;1.79;1.52;3.31;1555;28;Y;Y;N;N;N;N;N
430578;609;608;2018/2019;complete;3426;22;-1;12,23,33;86;3;1;4;6;4;10;0;2;3;1;1;0;4;3;5;5;9;8;18;15;49;51;4;1;2.1;3.7;3.2;1.01;1.12;1.43;2.1;3.5;15.75;5.75;2.75;1.71;1.29;1.41;2.75;4.33;1.2;5.5;1.14;1.4;1.28;1.7;2.62;2.5;3.4;2.35;2.75;2.85;0;0;1.08;1.2;1.36;1.6;2;6.5;4;2.88;2.2;1.71;1.57;8.5;2.7;1.74;15.25;2.05;4.45;6.15;0;0;0;0;0;0;0;0;1.23;2.29;4.55;10;3.6;1.65;1.15;1.02;0;0;0;0;4;3;0;0;1;1;3;2019-03-17 06:00:00;609;0;63;24;24;0;1;1;5;2;1;2;7;3;0;1;4;0;1;4;1;38;38;122;115;1.14;1.01;2.15;0;1;0;0;0;1;1;1;0;0;1;0;0;0;-1;-1;-1;-1;-1;-1;-1;-1;-1;24;49;63;87;100;43;91;87;58;12.97;5;5.54;3.42;Wellington Phoenix;Western Sydney Wanderers;1.86;0.92;1.55;1.2;1.48;0.95;76;52;38;14;0;86;81;76;1.51;1.65;3.16;1555;27;Y;Y;Y;Y;N;N;Y
430579;601;600;2018/2019;complete;3426;22;-1;;35,70;0;2;2;11;6;17;3;1;2;2;0;0;6;9;4;5;10;14;9;13;58;42;2;2;3.05;3.35;2.3;1.03;1.26;1.83;3.15;5.9;10.25;3.65;1.91;1.34;1.12;1.67;2.1;3.75;1.23;3.25;1.33;1.61;1.29;1.4;3.55;2.15;2.75;2.9;2.45;2.6;0;0;1.11;1.25;1.45;1.83;2;5.5;3.6;2.55;1.87;1.72;1.76;7.5;2.38;2.2;12;1.8;4.95;3.8;0;0;0;0;0;0;0;0;1.37;2.75;6.65;11.75;2.75;1.37;1.07;1.01;0;0;0;0;2;0;1;0;1;1;1;2019-03-15 08:50:00;600;0;67;9;29;0;1;1;3;5;8;1;8;9;0;2;2;0;2;2;1;51;50;123;109;1.43;1.88;3.31;0;0;0;0;0;0;1;1;0;0;1;1;0;0;-1;-1;-1;-1;-1;-1;-1;-1;-1;20;34;48;91;91;39;72;81;62;11.24;4.84;3.8;2.96;Adelaide United;Perth Glory FC;1.67;2.15;1.45;2.2;1.48;2.29;81;67;53;10;10;62;52;33;1.84;1.37;3.21;1555;29;Y;Y;N;N;N;N;N
430580;604;606;2018/2019;complete;3426;23;-1;68;1,77,89;1;3;4;2;5;7;1;2;1;2;0;0;5;8;5;8;10;16;14;16;44;56;1;2;5.55;4.6;1.5;1.01;1.15;1.53;2.3;4.33;14;5.05;2.45;1.59;1.23;1.65;2.15;6.8;1.06;2.62;1.44;2.6;1.2;1.1;5;2.38;1.95;5;2.7;1.8;0;0;1.2;1.4;1.72;1.9;2.88;4;2.75;2;1.8;1.36;2.55;7.5;1.68;3.05;14.25;1.36;11;2.75;0;0;0;0;0;0;0;0;1.3;2.3;4.75;11;3.4;1.57;1.15;1.03;0;0;0;0;4;0;1;1;2;3;1;2019-03-29 08:50:00;606;0;70;20;19;0;1;1;1;2;1;3;3;4;0;0;1;2;0;3;1;28;65;98;118;1.2;2.04;3.24;0;0;0;0;0;0;1;1;0;1;1;0;0;0;-1;-1;-1;-1;-1;-1;-1;-1;-1;22;37;66;86;95;36;80;85;45;7.86;3.11;5.56;3.16;Brisbane Roar;Sydney FC;0.92;1.67;1;1.82;0.68;1.91;78;63;35;15;6;46;40;20;1.51;1.37;2.88;1555;27;Y;Y;Y;Y;N;N;Y
430581;609;605;2018/2019;complete;3426;23;-1;1,60,65,73;62;4;1;5;7;12;19;1;0;2;4;0;0;9;2;7;9;16;11;8;7;44;56;2;4;2.45;3.6;2.65;1.01;1.18;1.59;2.45;4.25;13.25;4.7;2.3;1.51;1.2;1.51;2.4;4.15;1.18;4;1.22;1.53;1.25;1.43;2.95;2.25;3.05;2.8;2.65;2.45;0;0;1.07;1.17;1.33;1.57;2;7;4.5;3;2.25;1.72;1.46;8;3.1;1.95;13;1.87;5;4.55;0;0;0;0;0;0;0;0;1.28;2.35;5.35;11.5;3.3;1.5;1.11;1.02;0;0;0;0;5;1;0;3;1;4;1;2019-03-30 06:35:00;609;0;57;13;27;0;1;1;3;5;4;7;8;11;1;1;1;3;2;4;1;38;58;86;116;1.91;1.26;3.18;1;0;1;0;0;0;1;1;1;0;0;1;0;0;-1;-1;-1;-1;-1;-1;-1;-1;-1;13;21;53;83;100;35;83;79;48;12.26;5.11;4.66;2.74;Wellington Phoenix;Newcastle Jets FC;1.86;1.14;1.67;1.18;1.55;1.18;87;79;48;17;0;87;87;65;1.48;1.52;3;1555;27;Y;Y;Y;Y;Y;N;Y
430582;608;602;2018/2019;complete;3426;23;-1;35,53,84;;3;0;3;6;4;10;2;1;3;4;0;0;4;3;5;7;9;10;11;15;46;54;3;4;2.65;3.5;2.5;1.02;1.19;1.62;2.6;4.7;12.5;4.45;2.2;1.48;1.18;1.53;2.4;3.9;1.21;4;1.22;1.5;1.27;1.44;3.1;2.2;2.95;2.55;2.55;2.85;0;0;1.11;1.25;1.45;1.72;2.25;5.5;3.6;2.55;2;1.57;1.67;7.5;2.55;1.91;12;1.91;4.8;4.55;0;0;0;0;0;0;0;0;1.29;2.4;5.45;11.75;3.25;1.49;1.11;1.01;0;0;0;0;3;1;0;2;0;2;1;2019-03-30 08:50:00;608;0;53;18;27;0;1;1;3;2;3;2;5;5;1;2;2;2;3;4;1;41;52;100;133;1.16;1.23;2.39;1;0;1;0;0;0;1;1;0;0;0;1;0;0;-1;-1;-1;-1;-1;-1;-1;-1;-1;9;22;40;92;100;31;96;83;35;12.14;4.45;4.31;2.68;Western Sydney Wanderers;Melbourne City FC;0.86;0.93;0.73;1.17;0.91;1.5;91;78;60;9;0;75;75;66;1.67;1.48;3.15;1555;27;Y;Y;Y;N;N;N;N
430583;600;607;2018/2019;complete;3426;23;-1;;25,67;0;2;2;16;1;17;2;2;1;3;0;0;7;6;8;2;15;8;12;15;61;39;1;3;1.74;3.8;4.35;1.01;1.19;1.62;2.55;4.45;12.75;4.5;2.25;1.49;1.19;1.61;2.2;2.8;1.37;6;1.12;1.19;1.24;2;2.3;2.3;4.2;2;2.7;3.9;0;0;1.2;1.36;1.72;2;2.88;4;2.88;2;1.72;1.36;2.02;7;2.02;1.53;12.75;2.55;3.25;7;0;0;0;0;0;0;0;0;1.29;2.4;5.4;11.5;3.3;1.5;1.11;1.02;0;0;0;0;2;0;1;0;1;1;1;2019-03-30 11:00:00;607;0;61;16;35;0;1;1;5;0;11;1;5;12;1;2;0;1;3;1;1;95;23;149;90;2.13;1.1;3.23;0;1;0;1;0;0;1;1;0;0;1;0;0;0;-1;-1;-1;-1;-1;-1;-1;-1;-1;26;35;60;86;96;40;79;80;46;11.15;3.96;4.16;3.16;Perth Glory FC;Melbourne Victory FC;2.13;1.86;2.36;2.22;2.32;1.86;75;66;40;15;5;76;66;46;1.65;1.49;3.14;1555;29;Y;Y;N;N;N;N;N
430584;603;601;2018/2019;complete;3426;23;-1;;35;0;1;1;3;3;6;4;1;2;1;1;0;4;5;5;6;9;11;16;16;31;69;3;1;5.05;4.1;1.61;1.01;1.16;1.54;2.35;3.95;13.75;4.95;2.4;1.56;1.22;1.59;2.25;6.15;1.08;2.75;1.4;2.2;1.21;1.14;4.55;2.4;2.1;4;2.8;1.91;0;0;1.08;1.22;1.4;1.83;2.2;6.5;3.8;2.75;1.83;1.6;2.45;8.5;1.67;2.7;14;1.45;8;3.05;0;0;0;0;0;0;0;0;1.25;2.17;5;10.75;3.5;1.6;1.13;1.01;0;0;0;0;1;0;1;0;0;0;1;2019-03-31 06:00:00;601;0;70;20;35;0;1;1;3;0;0;3;3;3;1;0;2;1;1;3;1;27;59;68;141;1.05;1.49;2.53;0;0;0;0;0;0;1;1;0;0;1;0;0;0;-1;-1;-1;-1;-1;-1;-1;-1;-1;20;25;65;90;90;45;85;85;55;10;3.1;4.7;3.3;Central Coast Mariners;Adelaide United;0.62;1.64;0.5;1.5;0.45;1.41;80;75;35;10;10;75;55;40;1.41;1.39;2.8;1555;27;Y;N;N;N;N;N;N
430585;602;604;2018/2019;complete;3426;24;-1;27,59,70,90;54;4;1;5;7;3;10;1;1;1;0;0;0;12;2;6;4;18;6;16;12;56;44;1;0;1.33;5.25;8.25;1.01;1.14;1.48;2.2;3.75;15;5.4;2.6;1.65;1.26;1.74;2;2.4;1.49;10;1.06;1.05;1.15;3.25;1.67;2.6;7;1.62;3;6;0;0;1.11;1.25;1.45;1.8;2.25;5.5;3.6;2.55;1.9;1.57;1.26;9.5;4.8;1.34;14.75;3.15;2.45;15;0;0;0;0;0;0;0;0;1.25;2.14;4.5;10;3.75;1.75;1.17;1.04;0;0;0;0;5;1;0;3;1;4;1;2019-04-05 08:50:00;602;0;64;33;26;0;1;1;3;3;4;0;6;4;0;0;1;0;0;1;1;87;31;131;92;2.6;0.76;3.36;0;0;0;0;0;0;1;1;0;0;1;0;0;0;-1;-1;-1;-1;-1;-1;-1;-1;-1;17;33;64;86;95;51;81;86;43;10.5;5.02;5.17;3.24;Melbourne City FC;Brisbane Roar;2;0.43;1.9;0.46;1.43;0.65;84;67;37;14;5;73;69;56;1.49;1.26;2.75;1555;27;Y;Y;Y;Y;Y;N;Y
430586;605;608;2018/2019;complete;3426;24;-1;63,70,82;43,74;3;2;5;4;8;12;4;3;0;1;0;0;4;7;2;7;6;14;6;15;48;52;0;1;2.05;3.8;3.2;1.01;1.13;1.44;2.15;3.75;15.5;5.6;2.7;1.69;1.28;1.43;2.7;3.85;1.21;6;1.12;1.22;1.25;1.91;2.38;2.2;4;2.1;2.62;3.7;0;0;1.07;1.17;1.33;1.6;2;7;4.5;3;2.2;1.72;1.67;8.5;2.45;1.71;15.5;2.05;3.6;8;0;0;0;0;0;0;0;0;1.3;2.14;5;12;3.4;1.75;1.14;1.02;0;0;0;0;5;0;1;3;1;4;1;2019-04-06 06:35:00;605;0;64;14;32;0;1;1;2;4;2;4;6;6;0;0;0;1;0;1;1;40;46;117;107;0.97;1.71;2.68;0;0;0;0;0;0;1;1;0;0;0;2;0;0;-1;-1;-1;-1;-1;-1;-1;-1;-1;18;50;59;87;96;32;82;91;46;11.73;4.55;4.37;3.27;Newcastle Jets FC;Western Sydney Wanderers;1.46;0.92;1.18;1.09;1.13;1;82;50;41;14;5;82;78;69;1.79;1.59;3.38;1555;27;Y;Y;Y;Y;Y;N;Y
430587;606;607;2018/2019;complete;3426;24;-1;6,90;16;2;1;3;5;3;8;1;2;1;1;0;0;8;5;7;4;15;9;16;10;49;51;1;1;2.1;3.4;3.4;1.03;1.26;1.83;3.15;5.75;10.25;3.65;1.91;1.34;1.12;1.69;2.05;2.65;1.41;4.5;1.18;1.25;1.3;1.75;2.7;2.05;3.7;2.3;2.38;3.6;0;0;1.14;1.3;1.72;2.1;2.55;4.8;3.2;2;1.66;1.45;1.67;8.5;2.45;1.61;10.25;2.45;3.4;6.5;0;0;0;0;0;0;0;0;1.36;2.62;6.5;15;3;1.44;1.1;1.02;0;0;0;0;3;1;1;1;0;1;2;2019-04-06 08:50:00;606;0;58;19;24;0;1;1;2;1;3;2;3;5;0;1;1;0;1;1;1;59;39;117;120;1.94;1.22;3.16;0;0;0;0;0;0;1;1;1;0;1;0;0;0;-1;-1;-1;-1;-1;-1;-1;-1;-1;20;24;48;91;100;34;81;86;39;11.98;4.44;3.36;2.96;Sydney FC;Melbourne Victory FC;2.21;1.86;2;2.3;1.96;1.91;81;76;53;10;0;63;58;53;1.72;1.45;3.17;1555;29;Y;Y;Y;N;N;N;Y
430588;601;609;2018/2019;complete;3426;24;-1;10,17,44;73;3;1;4;2;3;5;2;3;1;3;1;0;4;7;3;11;7;18;11;10;37;63;3;3;1.91;3.65;3.75;1.02;1.19;1.62;2.6;4.5;12.5;4.45;2.2;1.48;1.18;1.57;2.3;2.85;1.36;6;1.12;1.22;1.25;1.95;2.38;2.15;4.2;2.1;2.6;3.9;0;0;1.11;1.25;1.45;1.72;2.25;5.5;3.6;2.55;2;1.57;1.4;9.5;3.25;1.56;12.5;2.5;3.6;7;0;0;0;0;0;0;0;0;1.33;2.38;5.5;12;3.25;1.53;1.12;1.02;0;0;0;0;4;3;0;0;1;1;3;2019-04-07 07:00:00;601;0;59;19;28;0;1;1;1;1;1;2;2;3;1;2;1;1;3;2;1;33;75;91;94;0.97;2.16;3.13;0;0;0;0;0;0;1;1;1;0;1;0;0;0;-1;-1;-1;-1;-1;-1;-1;-1;-1;19;33;46;86;86;38;73;82;49;11.4;3.45;4.6;3.08;Adelaide United;Wellington Phoenix;1.67;1;1.33;1.4;1.48;1.61;81;68;54;14;14;73;59;36;1.81;1.46;3.27;1555;28;Y;Y;Y;Y;N;N;Y
430589;603;600;2018/2019;complete;3426;24;-1;;12,29,57;0;3;3;8;4;12;2;2;2;2;0;0;2;8;4;3;6;11;15;10;49;51;2;2;7;4.9;1.38;1.01;1.13;1.45;2.15;3.4;15.25;5.55;2.65;1.67;1.27;1.67;2.1;8;1.04;2.62;1.44;2.88;1.17;1.08;6.5;2.5;1.75;5.5;2.9;1.67;0;0;1.11;1.25;1.45;2;2.25;5.5;3.6;2.55;1.72;1.57;2.62;8;1.62;3.1;16.25;1.34;15;2.4;0;0;0;0;0;0;0;0;1.25;2.09;4.5;10;3.75;1.79;1.17;1.04;0;0;0;0;3;0;2;0;1;1;2;2019-04-07 09:00:00;600;0;73;14;32;0;1;1;1;3;7;1;4;8;2;2;0;0;4;0;1;53;34;93;96;0.91;1.51;2.42;0;1;0;1;0;0;1;1;0;0;0;0;1;0;-1;-1;-1;-1;-1;-1;-1;-1;-1;32;36;59;91;96;55;87;82;55;9.28;4.91;5;3.55;Central Coast Mariners;Perth Glory FC;0.62;2.15;0.45;2.27;0.43;2.22;69;64;41;9;5;64;45;32;1.37;1.41;2.78;1555;27;Y;Y;Y;N;N;N;N
430590;604;609;2018/2019;complete;3426;25;-1;37,42;53;2;1;3;6;6;12;2;0;4;1;1;0;9;6;10;7;19;13;20;18;38;62;5;1;4.1;4.3;1.71;1;1.1;1.37;1.95;3.25;17;6.35;3;1.8;1.34;1.42;2.7;7.25;1.05;3.5;1.28;2.1;1.22;1.2;4;2.38;2.2;3.8;2.75;2;0;0;1.13;1.29;1.5;1.71;2.4;5.2;3.3;2.4;2;1.5;2.43;7.5;1.79;2.6;18;1.45;9.5;3.8;1.25;2.1;4.6;12;3.75;1.67;1.18;1.05;1.22;2;4.33;9;4;1.73;1.2;1.05;0;0;0;0;3;2;0;0;1;1;2;2019-04-12 09:50:00;604;0;67;19;24;0;1;1;4;3;2;3;7;5;2;0;3;1;2;4;1;29;75;93;167;2.04;1.8;3.84;0;0;0;0;0;0;1;1;0;0;1;1;0;0;-1;-1;-1;-1;-1;-1;-1;-1;-1;34;53;63;86;86;48;77;81;43;8.27;3.32;5.54;3.58;Brisbane Roar;Wellington Phoenix;0.92;1;0.9;1.27;0.63;1.54;67;48;38;14;14;57;43;24;1.48;1.53;3.01;1555;27;Y;Y;Y;N;N;N;Y
430591;602;601;2018/2019;complete;3426;25;-1;;;0;0;0;5;9;14;0;2;1;3;0;0;4;7;10;4;14;11;19;12;51;49;1;3;2.4;3.2;2.95;1.05;1.32;2;3.5;5.5;9.25;3.3;1.8;1.28;1.09;1.74;2;3;1.33;3.5;1.28;1.36;1.3;1.6;2.75;2.05;3.7;2.5;2.45;3.2;0;0;1.14;1.3;1.72;1.83;2.55;4.8;3.2;2;1.87;1.45;1.55;8.5;2.75;1.91;9.25;2.05;4;5.5;1.4;2.87;7.5;23;2.75;1.4;1.09;1.02;1.36;2.62;7;15;3;1.44;1.08;1.02;0;0;0;0;0;0;0;0;0;0;0;2019-04-13 07:35:00;-1;0;50;14;27;0;1;1;2;8;3;1;10;4;0;2;1;1;2;2;1;90;68;113;103;1.81;1.68;3.49;0;0;0;0;0;0;1;1;0;0;0;1;0;0;-1;-1;-1;-1;-1;-1;-1;-1;-1;9;18;50;78;87;27;73;78;45;11.64;4.27;3.72;2.5;Melbourne City FC;Adelaide United;2;1.64;2;1.64;1.5;1.54;91;82;50;23;14;64;60;45;1.59;1.4;2.99;1555;28;N;N;N;N;N;N;N
430592;608;606;2018/2019;complete;3426;25;-1;57;7;1;1;2;4;9;13;3;1;4;2;0;0;9;5;7;3;16;8;12;19;47;53;4;2;3.5;3.7;1.95;1.01;1.18;1.59;2.45;4.33;13.25;4.7;2.3;1.51;1.2;1.53;2.35;4.75;1.14;3.4;1.3;2;1.25;1.2;4;2.25;2.38;3.75;2.6;2.1;0;0;1.17;1.36;1.6;1.91;2.75;4.5;2.88;2.2;1.8;1.4;2.5;8;1.67;2.25;12.75;1.67;6;3.8;1.33;2.45;5.8;17;3.2;1.5;1.12;1.03;1.29;2.25;5;12;3.5;1.6;1.14;1.02;0;0;0;0;2;0;1;1;0;1;1;2019-04-13 09:50:00;-1;0;67;21;33;0;1;1;2;1;2;8;3;10;3;0;1;2;3;3;1;43;58;131;112;1.96;1.29;3.25;0;0;0;0;0;0;1;1;0;1;0;0;0;0;-1;-1;-1;-1;-1;-1;-1;-1;-1;9;29;63;92;100;34;92;92;50;10.33;4;4.25;2.96;Western Sydney Wanderers;Sydney FC;0.86;1.67;0.92;1.92;0.96;2;92;71;38;9;0;67;67;46;1.62;1.42;3.04;1555;27;Y;Y;N;N;N;N;Y
430593;607;603;2018/2019;complete;3426;25;-1;21,79;53;2;1;3;6;4;10;1;3;2;0;0;0;5;3;7;1;12;4;12;18;64;36;2;0;1.32;5.55;8;1;1.07;1.29;1.77;2.75;19.25;7.25;3.45;2;1.44;1.5;2.45;2.65;1.4;15;1.03;1.07;1.14;3.2;1.62;2.88;6.5;1.54;3.3;5.35;0;0;1.2;1.4;1.65;1.87;2.88;4;2.75;2.1;1.8;1.36;1.5;8.5;3;1.32;19;3.2;2.8;11.75;1.22;1.95;4;10;4.2;1.8;1.22;1.06;1.17;1.89;3.5;7;4.5;1.99;1.29;1.08;0;0;0;0;3;1;0;1;1;2;1;2019-04-14 07:00:00;607;0;72;12;40;0;1;1;4;1;2;3;5;5;2;0;0;0;2;0;1;66;41;158;86;1.6;0.77;2.37;0;1;0;1;0;0;1;1;0;0;1;0;1;0;-1;-1;-1;-1;-1;-1;-1;-1;-1;33;37;60;96;100;40;76;96;56;9.37;3.14;4.65;3.37;Melbourne Victory FC;Central Coast Mariners;1.8;0.36;1.62;0.42;1.83;0.42;68;64;41;4;0;57;45;41;1.64;1.24;2.88;1555;27;Y;Y;Y;N;N;N;Y
430594;600;605;2018/2019;complete;3426;25;-1;65;;1;0;1;12;5;17;5;5;1;2;0;0;9;5;5;5;14;10;10;9;62;38;1;2;1.43;4.6;6.65;1.01;1.16;1.54;2.35;4;13.75;4.95;2.4;1.56;1.22;1.69;2.05;2.35;1.51;9;1.07;1.08;1.18;2.75;1.85;2.4;5.8;1.75;2.7;5.5;0;0;1.11;1.25;1.45;1.74;2.25;5.5;3.6;2.55;1.95;1.57;1.62;8;2.6;1.34;14;3.2;2.45;13;1.33;2.4;5.75;17;3.25;1.53;1.13;1.03;1.3;2.2;4.75;11;3.4;1.62;1.15;1.03;0;0;0;0;1;0;0;1;0;1;0;2019-04-14 09:00:00;600;0;54;8;38;0;1;1;3;1;9;4;4;13;0;1;1;1;1;2;1;88;37;132;82;2.15;1.25;3.41;0;0;0;0;0;0;1;1;0;0;1;0;0;0;-1;-1;-1;-1;-1;-1;-1;-1;-1;17;25;58;88;96;29;88;83;42;11.42;4.34;4.25;2.96;Perth Glory FC;Newcastle Jets FC;2.13;1.14;2.17;1.08;2.25;1.21;83;75;42;13;4;84;80;50;1.69;1.5;3.19;1555;27;Y;N;N;N;N;N;N
430595;606;600;2018/2019;complete;3426;26;-1;37;;1;0;1;5;4;9;4;2;0;2;0;0;4;0;4;7;8;7;10;12;45;55;0;2;2.05;3.5;3.4;1.02;1.22;1.71;2.8;5.5;11.5;4.15;2.1;1.42;1.15;1.61;2.2;2.62;1.44;5;1.16;1.22;1.25;2.1;2.4;2.2;4.05;2.1;2.65;4;0;0;1.17;1.33;1.83;2.1;2.75;4.5;3;1.83;1.65;1.4;1.5;8.5;3;1.5;13;2.62;3.25;8;0;0;0;0;0;0;0;0;1.33;2.62;7;19;3.25;1.44;1.1;1.02;0;0;0;0;1;1;0;0;0;0;1;2019-04-18 09:50:00;606;0;58;13;21;0;1;1;1;2;4;2;3;6;0;1;0;1;1;1;1;38;55;131;131;1.08;0.86;1.94;0;0;0;0;0;0;1;1;0;0;0;0;0;0;-1;-1;-1;-1;-1;-1;-1;-1;-1;17;25;50;92;96;42;84;88;38;10.75;5.42;3.16;2.92;Sydney FC;Perth Glory FC;2.21;2.15;2.08;2.33;1.96;2.28;84;75;50;8;4;50;46;42;1.74;1.42;3.16;1555;29;Y;N;N;N;N;N;N
430596;601;607;2018/2019;complete;3426;26;-1;81;;1;0;1;7;3;10;1;1;0;2;0;0;2;0;6;6;8;6;16;23;46;54;0;2;2.4;3.55;2.7;1.02;1.2;1.65;2.65;4.5;12.25;4.35;2.2;1.45;1.17;1.56;2.3;4;1.22;4;1.22;1.45;1.3;1.55;2.9;2.25;3.1;2.7;2.45;2.88;0;0;1.11;1.25;1.5;1.9;2.4;5.5;3.3;2.4;1.8;1.5;1.62;8;2.6;1.8;15;2.05;4.5;5.5;0;0;0;0;0;0;0;0;1.3;2.5;6;17;3.4;1.5;1.12;1.02;0;0;0;0;1;0;0;1;0;1;0;2019-04-19 09:50:00;601;0;63;21;25;0;1;1;4;1;3;2;5;5;0;2;0;0;2;0;1;44;24;107;120;0.98;0.58;1.55;0;0;0;0;0;0;1;1;0;0;1;0;0;1;-1;-1;-1;-1;-1;-1;-1;-1;-1;18;29;51;92;96;38;75;84;50;12.17;3.59;3.99;2.97;Adelaide United;Melbourne Victory FC;1.67;1.86;1.46;2.09;1.52;1.88;83;71;50;9;4;71;63;47;1.74;1.43;3.17;1555;29;Y;N;N;N;N;N;N
430597;604;605;2018/2019;complete;3426;26;-1;49;23,27,55,65,68,90;1;6;7;9;6;15;2;1;0;0;0;0;9;12;4;4;13;16;6;14;45;55;0;0;4.15;4.1;1.71;1;1.1;1.36;1.91;2.75;17.5;6.5;3.05;1.83;1.36;1.41;2.75;7;1.06;4;1.22;2.1;1.22;1.25;4.2;2.4;2.15;3.7;2.8;2;0;0;1.08;1.2;1.36;1.72;2.1;6.5;4;2.88;2;1.65;2.6;8.5;1.62;2.5;19;1.5;9.5;3.8;0;0;0;0;0;0;0;0;1.18;1.83;3.75;10;4.5;1.83;1.25;1.06;0;0;0;0;7;0;2;1;4;5;2;2019-04-20 07:35:00;605;0;64;13;28;0;1;-1;8;4;1;2;12;3;0;0;0;0;0;0;1;86;87;96;99;2.07;2.47;4.54;0;0;0;0;0;0;1;1;0;0;0;1;-1;-1;-1;-1;-1;-1;-1;-1;-1;-1;-1;26;35;64;88;96;34;80;84;46;9.8;3.93;5.17;3.21;Brisbane Roar;Newcastle Jets FC;0.92;1.14;1.09;1;0.72;1.16;75;65;37;12;5;74;69;45;1.53;1.48;3.01;1555;27;Y;Y;Y;Y;Y;Y;Y
430598;603;608;2018/2019;complete;3426;26;-1;34,52,56;67;3;1;4;6;4;10;2;0;2;2;1;0;7;6;3;5;10;11;17;16;47;53;4;2;4.15;4.1;1.74;1.01;1.13;1.44;2.1;3.2;15.5;5.7;2.7;1.69;1.28;1.47;2.55;9;1.07;3.4;1.3;2.3;1.2;1.2;4;2.38;2.2;3.8;2.7;2.05;0;0;1.13;1.29;1.5;1.83;2;5.2;3.3;2.4;1.83;1.72;2.45;8.5;1.67;2.62;23;1.44;8.5;3.5;0;0;0;0;0;0;0;0;1.22;2;4.33;11;4;1.72;1.2;1.05;0;0;0;0;4;1;0;2;1;3;1;2019-04-20 09:50:00;603;0;75;25;33;0;1;1;5;1;1;3;6;4;2;1;1;1;3;2;1;42;47;109;101;1.44;1.46;2.9;1;1;1;1;0;0;1;1;0;0;1;0;0;0;-1;-1;-1;-1;-1;-1;-1;-1;-1;33;54;79;96;100;59;100;92;54;10.58;4;5.66;4.13;Central Coast Mariners;Western Sydney Wanderers;0.62;0.92;0.42;1;0.4;0.96;67;46;21;4;0;84;67;50;1.33;1.6;2.93;1555;27;Y;Y;Y;Y;N;N;Y
430599;609;602;2018/2019;complete;3426;26;-1;27,51,90;42,66;3;2;5;6;11;17;2;0;0;3;0;0;7;10;2;3;9;13;8;14;40;60;0;3;2.65;3.45;2.55;1.02;1.2;1.67;2.65;4.5;12;4.3;2.15;1.44;1.17;1.56;2.35;4;1.22;4;1.22;1.53;1.3;1.5;3.1;2.15;3;2.75;2.45;2.8;0;0;1.11;1.25;1.44;1.83;2.25;5.5;3.6;2.6;1.83;1.57;1.75;8;2.38;2;15;1.83;4.8;5;0;0;0;0;0;0;0;0;1.33;2.5;6.5;17;3.25;1.5;1.11;1.02;0;0;0;0;5;1;1;2;1;3;2;2019-04-21 07:00:00;609;0;50;12;19;0;1;1;4;6;2;5;10;7;0;2;0;1;2;1;1;32;94;92;158;1.3;2.21;3.51;0;0;0;0;0;0;1;1;0;0;2;0;0;0;-1;-1;-1;-1;-1;-1;-1;-1;-1;12;23;43;81;100;27;89;77;43;12.53;4.54;5.38;2.58;Wellington Phoenix;Melbourne City FC;1.86;0.93;1.77;1.08;1.48;1.48;89;77;58;19;0;70;70;62;1.51;1.46;2.97;1555;28;Y;Y;Y;Y;Y;N;Y
430600;604;601;2018/2019;complete;3426;27;-1;35,45,61;4,51,71,75,85;3;5;8;2;6;8;0;2;4;3;0;0;6;8;6;6;12;14;15;10;41;59;4;3;5.6;5.05;1.45;1;1.09;1.34;1.87;2.9;18;6.75;3.15;1.91;1.38;1.48;2.5;11;1.05;3;1.36;2.74;1.17;1.14;5.45;2.85;1.83;5.35;3.24;1.71;0;0;1.11;1.29;1.45;1.8;2.25;5.5;3.3;2.55;1.9;1.57;2.45;8.5;1.67;2.88;30;1.43;15;3.2;0;0;0;0;0;0;0;0;1.18;1.89;3.9;11;4.55;1.85;1.23;1.05;0;0;0;0;8;2;1;1;4;5;3;2019-04-25 04:00:00;601;0;59;13;25;0;1;1;1;2;1;4;3;5;2;2;2;1;4;3;1;25;56;91;112;1.37;1.85;3.22;1;0;1;0;0;0;1;1;0;1;0;0;1;0;-1;-1;-1;-1;-1;-1;-1;-1;-1;21;33;59;80;84;34;75;75;46;10;3;4.41;2.92;Brisbane Roar;Adelaide United;0.92;1.64;1;1.58;0.69;1.58;79;67;42;21;17;63;54;42;1.58;1.42;3;1555;27;Y;Y;Y;Y;Y;Y;Y
430601;602;603;2018/2019;complete;3426;27;-1;35,42,50,55,90;;5;0;5;2;3;5;1;0;1;2;0;0;7;3;0;5;7;8;16;11;56;44;1;2;1.42;5.05;6.1;1;1.09;1.34;1.87;3.5;18;6.75;3.15;1.91;1.38;1.48;2.5;2.75;1.4;9;1.07;1.08;1.15;2.5;1.91;2.63;5;1.7;3.1;5.2;0;0;1.11;1.25;1.44;1.9;2.1;5.5;3.6;2.6;1.8;1.66;1.44;8;3.25;1.4;21;3;2.9;15;0;0;0;0;0;0;0;0;1.28;2.25;5;13;3.5;1.61;1.17;1.04;0;0;0;0;5;2;0;3;0;3;2;2019-04-26 09:50:00;602;0;60;13;32;0;1;1;0;1;2;2;1;4;1;0;0;2;1;2;1;49;31;139;111;1.31;0.96;2.27;0;0;0;0;0;0;1;1;0;0;0;1;0;0;-1;-1;-1;-1;-1;-1;-1;-1;-1;28;32;52;84;92;32;76;84;48;11.19;3.67;4.4;3.03;Melbourne City FC;Central Coast Mariners;2;0.36;1.92;0.38;1.42;0.5;73;69;48;17;9;68;65;52;1.61;1.21;2.82;1555;27;Y;Y;Y;Y;Y;N;N
430602;605;606;2018/2019;complete;3426;27;-1;41,52;;2;0;2;3;4;7;1;0;1;1;0;0;6;11;3;8;9;19;7;11;46;54;1;1;2.4;3.5;2.8;1.02;1.2;1.65;2.6;4.5;12.25;4.4;2.2;1.47;1.18;1.54;2.35;4.33;1.2;4;1.22;1.53;1.29;1.44;3.1;2.3;3;2.8;2.63;2.7;0;0;1.14;1.3;1.57;1.9;2.55;4.8;3.2;2.25;1.8;1.45;1.75;7.5;2.38;2.05;15;1.8;5.5;5;0;0;0;0;0;0;0;0;1.3;2.37;6;15;3.4;1.53;1.12;1.03;0;0;0;0;2;1;0;1;0;1;1;2019-04-27 07:35:00;605;0;68;8;37;0;1;1;2;2;1;2;4;3;0;0;1;1;0;2;1;73;102;129;151;1.53;2.71;4.24;0;0;0;0;0;0;1;1;0;0;0;0;0;0;-1;-1;-1;-1;-1;-1;-1;-1;-1;9;28;52;80;96;16;76;88;44;10.15;4.21;3.88;2.64;Newcastle Jets FC;Sydney FC;1.46;1.67;1.33;1.85;1.23;2;92;72;48;20;4;57;57;49;1.72;1.41;3.13;1555;27;Y;Y;N;N;N;N;N
430603;608;607;2018/2019;complete;3426;27;-1;;22;0;1;1;5;2;7;0;2;3;3;0;0;4;4;4;7;8;11;16;11;42;58;3;3;2.55;3.7;2.45;1;1.1;1.36;1.91;3;17.5;6.5;3.05;1.83;1.36;1.34;3.05;6;1.12;5;1.16;1.6;1.25;1.4;3.2;2.35;2.75;2.87;2.9;2.45;0;0;1.11;1.22;1.4;1.83;2.2;5.5;3.8;2.75;1.83;1.6;1.83;8;2.2;2.05;23;1.83;7;5.75;0;0;0;0;0;0;0;0;1.25;2.15;4.75;12;3.7;1.67;1.18;1.05;0;0;0;0;1;0;1;0;0;0;1;2019-04-27 09:50:00;607;0;60;24;28;0;1;1;1;1;4;1;2;5;0;2;3;1;2;4;1;99;76;132;125;1.51;1.53;3.04;0;0;0;0;0;0;1;1;0;0;1;0;0;0;-1;-1;-1;-1;-1;-1;-1;-1;-1;20;28;52;92;100;40;84;88;44;11.71;4.21;3.92;3;Western Sydney Wanderers;Melbourne Victory FC;0.86;1.86;0.92;1.92;0.92;1.81;80;72;48;9;0;88;84;64;1.65;1.36;3.01;1555;27;Y;N;N;N;N;N;N
430604;600;609;2018/2019;complete;3426;27;-1;24,31,51,65,83;;5;0;5;9;2;11;4;1;0;1;0;0;18;4;9;4;27;8;4;15;63;37;0;1;1.53;4.5;5.35;1;1.11;1.38;2;3.25;16.75;6.2;2.9;1.8;1.33;1.49;2.5;2.5;1.5;13;1.04;1.03;1.12;3.1;1.8;2.6;6.5;1.57;3.4;6.5;0;0;1.14;1.3;1.57;1.83;2.55;4.8;3.2;2.25;1.83;1.45;1.55;8.5;2.75;1.33;23;3.5;2.6;19;0;0;0;0;0;0;0;0;1.25;2.1;4.6;12;3.75;1.67;1.18;1.05;0;0;0;0;5;2;0;3;0;3;2;2019-04-28 09:00:00;600;0;57;13;28;0;1;1;3;2;6;0;5;6;0;0;0;1;0;1;1;76;29;109;107;3.5;1.01;4.51;0;0;0;0;0;0;1;1;0;0;2;0;0;0;-1;-1;-1;-1;-1;-1;-1;-1;-1;20;37;56;80;88;45;80;84;32;10.65;4.05;4.58;3.14;Perth Glory FC;Wellington Phoenix;2.13;1;2.23;1.17;2.19;1.54;80;64;44;20;13;72;60;40;1.73;1.55;3.28;1555;28;Y;Y;Y;Y;Y;N;N
557949;607;609;2018/2019;complete;4505;0;-1;42,53,71;64;3;1;4;2;2;4;2;0;0;6;0;1;6;4;5;5;11;9;17;25;36;64;0;7;1.69;3.95;4.6;1.02;1.2;1.65;2.65;4.5;12.25;4.35;2.2;1.45;1.17;1.65;2.1;2.7;1.4;6;1.12;1.2;1.25;2.15;2.3;2.25;4.6;1.95;2.75;4;0;0;1.11;1.25;1.45;1.83;2.25;5.5;3.6;2.55;1.83;1.57;1.55;8.5;2.75;1.5;13;2.75;3.25;9.5;0;0;0;0;0;0;0;0;1.3;2.5;6;17;3.4;1.5;1.12;1.02;0;0;0;0;4;1;0;2;1;3;1;2019-05-03 09:50:00;607;1;65;15;37;0;1;1;0;1;2;1;1;3;0;2;0;5;2;5;1;36;45;101;146;1.38;1.2;2.58;0;0;0;0;0;0;1;1;0;0;0;0;0;1;-1;-1;-1;-1;-1;-1;-1;-1;-1;26;35;59;85;97;47;76;85;50;10.55;4.11;4.55;3.17;Melbourne Victory FC;Wellington Phoenix;1.83;1.43;1.85;1.48;1.85;1.48;74;65;41;15;4;69;59;46;1.63;1.51;3.14;1555;28;Y;Y;Y;Y;N;N;Y
557950;601;602;2018/2019;complete;4505;0;-1;;;0;0;0;11;7;18;4;4;2;3;0;0;3;6;5;6;8;12;18;24;52;48;2;3;2.35;3.2;3.05;1.05;1.35;2.1;3.8;8;8.5;3.1;1.71;1.25;1.07;1.83;1.91;2.85;1.35;3.25;1.33;1.44;1.34;1.55;3.25;1.91;3.6;2.75;2.3;3.1;0;0;1.13;1.29;1.5;1.9;2.4;5.2;3.3;2.4;1.8;1.5;1.67;8;2.5;1.83;8.5;2.2;4;4.75;0;0;0;0;0;0;0;0;1.44;3.25;9;26;2.62;1.33;1.07;1.01;0;0;0;0;1;0;0;1;0;1;0;2019-05-05 09:00:00;601;1;48;14;21;0;1;1;4;3;7;4;7;11;1;1;1;2;2;3;1;72;55;165;141;1.26;1.59;2.85;0;0;0;0;0;0;1;1;0;0;2;0;0;0;-1;-1;-1;-1;-1;-1;-1;-1;-1;11;22;44;80;89;28;76;78;45;12;3.74;4.22;2.6;Adelaide United;Melbourne City FC;1.66;1.43;1.63;1.48;1.63;1.48;89;78;56;21;11;63;59;45;1.69;1.52;3.21;1555;28;Y;N;N;N;N;N;N
558071;600;601;2018/2019;complete;4505;0;-1;29,74;81,90;2;2;4;5;7;12;2;4;2;4;0;0;7;7;4;4;11;11;10;14;48;52;2;4;1.62;3.85;5.35;1.03;1.26;1.83;3.15;5.5;10.25;3.65;1.91;1.34;1.12;1.87;1.87;2.2;1.61;5.5;1.14;1.16;1.25;2.4;2.35;2.1;5;1.9;2.6;5;0;0;1.11;1.29;1.5;1.83;2.4;5.5;3.3;2.4;1.83;1.5;1.71;5.4;2.8;1.4;11;3.2;2.87;8.5;0;0;0;0;0;0;0;0;1.36;2.62;7;21;3;1.44;1.1;1.01;0;0;0;0;6;1;0;2;3;5;1;2019-05-10 10:30:00;-1;1;49;11;30;0;1;1;2;1;2;6;3;8;0;2;2;2;2;4;1;67;60;148;168;1.69;1.64;3.33;0;0;0;0;0;0;1;1;0;0;0;1;0;0;-1;-1;-1;-1;-1;-1;-1;-1;-1;15;27;48;78;90;33;75;80;44;11.81;4.35;3.71;2.72;Perth Glory FC;Adelaide United;2.14;1.66;2.22;1.68;2.22;1.68;86;73;53;22;11;69;60;44;1.85;1.46;3.31;1555;29;Y;Y;Y;Y;Y;Y;Y
558072;606;607;2018/2019;complete;4505;0;-1;3,43,45,63,68,88;90;6;1;7;4;5;9;2;1;1;1;0;0;8;5;3;4;11;9;17;15;44;56;1;1;2.2;3.25;3.3;1.05;1.32;2;3.55;6.5;9;3.25;1.77;1.28;1.09;1.8;1.95;2.55;1.43;4;1.22;1.29;1.3;1.8;2.63;2;4;2.37;2.4;3.5;0;0;1.13;1.29;1.72;1.83;2.4;5.2;3.3;2;1.83;1.5;1.75;8;2.38;1.66;10;2.4;3.4;6;0;0;0;0;0;0;0;0;1.4;3;8;23;2.75;1.36;1.08;1.01;0;0;0;0;7;3;0;3;1;4;3;2019-05-12 09:00:00;606;1;66;23;19;0;1;1;4;0;0;5;4;5;1;0;0;1;1;1;1;42;47;128;134;1.57;1.28;2.85;1;0;1;0;0;0;1;1;1;0;3;0;0;0;-1;-1;-1;-1;-1;-1;-1;-1;-1;13;24;57;87;100;33;80;89;44;9.79;4;3.82;2.87;Sydney FC;Melbourne Victory FC;1.93;1.83;1.93;1.89;1.93;1.89;88;76;44;13;0;49;42;31;1.69;1.37;3.06;1555;29;Y;Y;Y;Y;Y;Y;Y
558355;600;606;2018/2019;complete;4560;0;-1;;;0;0;0;8;2;10;2;4;4;2;0;0;3;0;7;4;10;4;16;19;58;42;4;2;2.35;3.25;3;1.05;1.32;2;3.55;7;9;3.25;1.77;1.28;1.09;1.77;1.95;2.7;1.39;3.75;1.25;1.35;1.3;1.7;2.83;2.11;3.94;2.5;2.4;3.25;0;0;1.22;1.44;1.72;2.1;3;3.8;2.6;2;1.66;1.33;1.61;7;2.7;1.72;10;2.3;3.45;5.1;0;0;0;0;0;0;0;0;1.44;3;9;23;2.62;1.36;1.07;1.01;0;0;0;0;0;0;0;0;0;0;0;2019-05-19 08:30:00;-1;1;57;11;31;0;1;1;3;0;5;2;3;7;1;0;3;2;1;5;1;75;61;173;143;1.41;0.72;2.12;0;0;0;0;0;0;1;1;0;0;0;0;0;0;-1;-1;-1;-1;-1;-1;-1;-1;-1;16;29;54;84;97;34;86;86;40;10.54;4.64;3.64;2.93;Perth Glory FC;Sydney FC;2.14;1.93;2.18;1.96;2.18;1.96;84;72;46;16;4;57;49;38;1.84;1.5;3.34;1555;29;N;N;N;N;N;N;N
