ID;HOMEID;AWAYID;SEASON;STATUS;ROUNDID;GAME_WEEK;REVISED_GAME_WEEK;HOMEGOALS;AWAYGOALS;HOMEGOALCOUNT;AWAYGOALCOUNT;TOTALGOALCOUNT;TEAM_A_CORNERS;TEAM_B_CORNERS;TOTALCORNERCOUNT;TEAM_A_OFFSIDES;TEAM_B_OFFSIDES;TEAM_A_YELLOW_CARDS;TEAM_B_YELLOW_CARDS;TEAM_A_RED_CARDS;TEAM_B_RED_CARDS;TEAM_A_SHOTSONTARGET;TEAM_B_SHOTSONTARGET;TEAM_A_SHOTSOFFTARGET;TEAM_B_SHOTSOFFTARGET;TEAM_A_SHOTS;TEAM_B_SHOTS;TEAM_A_FOULS;TEAM_B_FOULS;TEAM_A_POSSESSION;TEAM_B_POSSESSION;TEAM_A_CARDS_NUM;TEAM_B_CARDS_NUM;ODDS_FT_1;ODDS_FT_X;ODDS_FT_2;ODDS_FT_OVER05;ODDS_FT_OVER15;ODDS_FT_OVER25;ODDS_FT_OVER35;ODDS_FT_OVER45;ODDS_FT_UNDER05;ODDS_FT_UNDER15;ODDS_FT_UNDER25;ODDS_FT_UNDER35;ODDS_FT_UNDER45;ODDS_BTTS_YES;ODDS_BTTS_NO;ODDS_TEAM_A_CS_YES;ODDS_TEAM_A_CS_NO;ODDS_TEAM_B_CS_YES;ODDS_TEAM_B_CS_NO;ODDS_DOUBLECHANCE_1X;ODDS_DOUBLECHANCE_12;ODDS_DOUBLECHANCE_X2;ODDS_1ST_HALF_RESULT_1;ODDS_1ST_HALF_RESULT_X;ODDS_1ST_HALF_RESULT_2;ODDS_2ND_HALF_RESULT_1;ODDS_2ND_HALF_RESULT_X;ODDS_2ND_HALF_RESULT_2;ODDS_DNB_1;ODDS_DNB_2;ODDS_CORNERS_OVER_75;ODDS_CORNERS_OVER_85;ODDS_CORNERS_OVER_95;ODDS_CORNERS_OVER_105;ODDS_CORNERS_OVER_115;ODDS_CORNERS_UNDER_75;ODDS_CORNERS_UNDER_85;ODDS_CORNERS_UNDER_95;ODDS_CORNERS_UNDER_105;ODDS_CORNERS_UNDER_115;ODDS_CORNERS_1;ODDS_CORNERS_X;ODDS_CORNERS_2;ODDS_TEAM_TO_SCORE_FIRST_1;ODDS_TEAM_TO_SCORE_FIRST_X;ODDS_TEAM_TO_SCORE_FIRST_2;ODDS_WIN_TO_NIL_1;ODDS_WIN_TO_NIL_2;ODDS_1ST_HALF_OVER05;ODDS_1ST_HALF_OVER15;ODDS_1ST_HALF_OVER25;ODDS_1ST_HALF_OVER35;ODDS_1ST_HALF_UNDER05;ODDS_1ST_HALF_UNDER15;ODDS_1ST_HALF_UNDER25;ODDS_1ST_HALF_UNDER35;ODDS_2ND_HALF_OVER05;ODDS_2ND_HALF_OVER15;ODDS_2ND_HALF_OVER25;ODDS_2ND_HALF_OVER35;ODDS_2ND_HALF_UNDER05;ODDS_2ND_HALF_UNDER15;ODDS_2ND_HALF_UNDER25;ODDS_2ND_HALF_UNDER35;ODDS_BTTS_1ST_HALF_YES;ODDS_BTTS_1ST_HALF_NO;ODDS_BTTS_2ND_HALF_YES;ODDS_BTTS_2ND_HALF_NO;OVERALLGOALCOUNT;HT_GOALS_TEAM_A;HT_GOALS_TEAM_B;GOALS_2HG_TEAM_A;GOALS_2HG_TEAM_B;GOALCOUNT_2HG;HTGOALCOUNT;DATE_UNIX;WINNINGTEAM;NO_HOME_AWAY;BTTS_POTENTIAL;BTTS_FHG_POTENTIAL;BTTS_2HG_POTENTIAL;GOALTIMINGDISABLED;CORNER_TIMINGS_RECORDED;CARD_TIMINGS_RECORDED;TEAM_A_FH_CORNERS;TEAM_B_FH_CORNERS;TEAM_A_2H_CORNERS;TEAM_B_2H_CORNERS;CORNER_FH_COUNT;CORNER_2H_COUNT;TEAM_A_FH_CARDS;TEAM_B_FH_CARDS;TEAM_A_2H_CARDS;TEAM_B_2H_CARDS;TOTAL_FH_CARDS;TOTAL_2H_CARDS;ATTACKS_RECORDED;TEAM_A_DANGEROUS_ATTACKS;TEAM_B_DANGEROUS_ATTACKS;TEAM_A_ATTACKS;TEAM_B_ATTACKS;TEAM_A_XG;TEAM_B_XG;TOTAL_XG;TEAM_A_PENALTIES_WON;TEAM_B_PENALTIES_WON;TEAM_A_PENALTY_GOALS;TEAM_B_PENALTY_GOALS;TEAM_A_PENALTY_MISSED;TEAM_B_PENALTY_MISSED;PENS_RECORDED;GOAL_TIMINGS_RECORDED;TEAM_A_0_10_MIN_GOALS;TEAM_B_0_10_MIN_GOALS;TEAM_A_CORNERS_0_10_MIN;TEAM_B_CORNERS_0_10_MIN;TEAM_A_CARDS_0_10_MIN;TEAM_B_CARDS_0_10_MIN;THROWINS_RECORDED;TEAM_A_THROWINS;TEAM_B_THROWINS;FREEKICKS_RECORDED;TEAM_A_FREEKICKS;TEAM_B_FREEKICKS;GOALKICKS_RECORDED;TEAM_A_GOALKICKS;TEAM_B_GOALKICKS;O45_POTENTIAL;O35_POTENTIAL;O25_POTENTIAL;O15_POTENTIAL;O05_POTENTIAL;O15HT_POTENTIAL;O05HT_POTENTIAL;O05_2H_POTENTIAL;O15_2H_POTENTIAL;CORNERS_POTENTIAL;OFFSIDES_POTENTIAL;CARDS_POTENTIAL;AVG_POTENTIAL;HOME_NAME;AWAY_NAME;HOME_PPG;AWAY_PPG;PRE_MATCH_HOME_PPG;PRE_MATCH_AWAY_PPG;PRE_MATCH_TEAMA_OVERALL_PPG;PRE_MATCH_TEAMB_OVERALL_PPG;U45_POTENTIAL;U35_POTENTIAL;U25_POTENTIAL;U15_POTENTIAL;U05_POTENTIAL;CORNERS_O85_POTENTIAL;CORNERS_O95_POTENTIAL;CORNERS_O105_POTENTIAL;TEAM_A_XG_PREMATCH;TEAM_B_XG_PREMATCH;TOTAL_XG_PREMATCH;COMPETITION_ID;MATCHES_COMPLETED_MINIMUM;OVER05;OVER15;OVER25;OVER35;OVER45;OVER55;BTTS
32809;607;608;2014/2015;complete;142;1;-1;8,19,28,54;41;4;1;5;4;3;7;4;1;4;2;0;0;7;5;3;1;10;6;16;16;60;40;4;2;2.21;3.5;3.43;0;0;0;0;0;0;0;0;0;0;0;0;0;0;0;0;0;0;0;0;0;0;0;0;0;0;0;0;0;0;0;0;0;0;0;0;0;0;0;0;0;0;0;0;0;0;0;0;0;0;0;0;0;0;0;0;0;0;0;0;0;0;0;0;0;5;3;1;1;0;1;4;2014-10-10 08:40:00;607;0;0;0;0;0;-1;1;-1;-1;-1;-1;-1;-1;1;1;3;1;2;4;-1;0;0;0;0;0;0;0;1;0;1;0;0;0;1;1;1;0;-1;-1;1;0;-1;-1;-1;-1;-1;-1;-1;-1;-1;0;0;0;0;0;0;0;0;0;0;0;0;0;Melbourne Victory FC;Western Sydney Wanderers;2.19;0.31;0;0;0;0;0;0;0;0;0;0;0;0;0;0;0;98;27;Y;Y;Y;Y;Y;N;Y
32810;603;605;2014/2015;complete;142;1;-1;90;;1;0;1;0;7;7;4;4;0;4;0;0;3;6;4;5;7;11;12;21;54;46;0;4;2.1;3.47;3.76;0;0;0;0;0;0;0;0;0;0;0;0;0;0;0;0;0;0;0;0;0;0;0;0;0;0;0;0;0;0;0;0;0;0;0;0;0;0;0;0;0;0;0;0;0;0;0;0;0;0;0;0;0;0;0;0;0;0;0;0;0;0;0;0;0;1;0;0;1;0;1;0;2014-10-11 06:00:00;603;0;0;0;0;0;-1;1;-1;-1;-1;-1;-1;-1;0;1;0;3;1;3;-1;0;0;0;0;0;0;0;0;0;0;0;0;0;1;1;0;0;-1;-1;0;1;-1;-1;-1;-1;-1;-1;-1;-1;-1;0;0;0;0;0;0;0;0;0;0;0;0;0;Central Coast Mariners;Newcastle Jets FC;1.31;0.71;0;0;0;0;0;0;0;0;0;0;0;0;0;0;0;98;27;Y;N;N;N;N;N;N
32811;606;602;2014/2015;complete;142;1;-1;54;63;1;1;2;6;6;12;3;3;2;1;0;0;5;3;4;4;9;7;8;14;45;55;2;1;2.58;3.46;2.83;0;0;0;0;0;0;0;0;0;0;0;0;0;0;0;0;0;0;0;0;0;0;0;0;0;0;0;0;0;0;0;0;0;0;0;0;0;0;0;0;0;0;0;0;0;0;0;0;0;0;0;0;0;0;0;0;0;0;0;0;0;0;0;0;0;2;0;0;1;1;2;0;2014-10-11 08:30:00;-1;0;0;0;0;0;-1;1;-1;-1;-1;-1;-1;-1;2;0;0;1;2;1;-1;0;0;0;0;0;0;0;0;0;0;0;0;0;1;1;0;0;-1;-1;0;0;-1;-1;-1;-1;-1;-1;-1;-1;-1;0;0;0;0;0;0;0;0;0;0;0;0;0;Sydney FC;Melbourne City FC;1.36;0.94;0;0;0;0;0;0;0;0;0;0;0;0;0;0;0;98;29;Y;Y;N;N;N;N;Y
32812;609;600;2014/2015;complete;142;1;-1;73;32,86;1;2;3;7;5;12;2;2;1;2;0;0;6;3;6;9;12;12;14;18;46;54;1;2;2.72;3.39;2.72;0;0;0;0;0;0;0;0;0;0;0;0;0;0;0;0;0;0;0;0;0;0;0;0;0;0;0;0;0;0;0;0;0;0;0;0;0;0;0;0;0;0;0;0;0;0;0;0;0;0;0;0;0;0;0;0;0;0;0;0;0;0;0;0;0;3;0;1;1;1;2;1;2014-10-12 04:00:00;600;0;0;0;0;0;-1;1;-1;-1;-1;-1;-1;-1;0;2;1;0;2;1;-1;0;0;0;0;0;0;0;0;0;0;0;0;0;1;1;0;0;-1;-1;0;0;-1;-1;-1;-1;-1;-1;-1;-1;-1;0;0;0;0;0;0;0;0;0;0;0;0;0;Wellington Phoenix;Perth Glory FC;1.6;1.85;0;0;0;0;0;0;0;0;0;0;0;0;0;0;0;98;27;Y;Y;Y;N;N;N;Y
32813;604;601;2014/2015;complete;142;1;-1;20;33,56;1;2;3;2;6;8;2;6;2;4;1;0;4;6;5;3;9;9;16;17;49;51;4;4;1.83;3.74;4.6;0;0;0;0;0;0;0;0;0;0;0;0;0;0;0;0;0;0;0;0;0;0;0;0;0;0;0;0;0;0;0;0;0;0;0;0;0;0;0;0;0;0;0;0;0;0;0;0;0;0;0;0;0;0;0;0;0;0;0;0;0;0;0;0;0;3;1;1;0;1;1;2;2014-10-12 06:00:00;601;0;0;0;0;0;-1;1;-1;-1;-1;-1;-1;-1;1;2;2;2;3;4;-1;0;0;0;0;0;0;0;0;0;0;0;0;0;1;1;0;0;-1;-1;0;0;-1;-1;-1;-1;-1;-1;-1;-1;-1;0;0;0;0;0;0;0;0;0;0;0;0;0;Brisbane Roar;Adelaide United;1.08;1.5;0;0;0;0;0;0;0;0;0;0;0;0;0;0;0;98;28;Y;Y;Y;N;N;N;Y
32814;601;607;2014/2015;complete;142;2;-1;85;89;1;1;2;9;5;14;1;6;3;4;0;0;7;3;4;1;11;4;17;18;53;47;3;4;2.36;3.63;3.02;0;0;0;0;0;0;0;0;0;0;0;0;0;0;0;0;0;0;0;0;0;0;0;0;0;0;0;0;0;0;0;0;0;0;0;0;0;0;0;0;0;0;0;0;0;0;0;0;0;0;0;0;0;0;0;0;0;0;0;0;0;0;0;0;0;2;0;0;1;1;2;0;2014-10-17 08:40:00;-1;0;0;0;0;0;-1;1;-1;-1;-1;-1;-1;-1;0;1;3;3;1;6;-1;0;0;0;0;0;0;0;0;0;0;0;0;0;1;1;0;0;-1;-1;0;0;-1;-1;-1;-1;-1;-1;-1;-1;-1;0;0;0;0;0;0;0;0;0;0;0;0;0;Adelaide United;Melbourne Victory FC;1.87;1.85;0;0;3;3;0;0;0;0;0;0;0;0;0;0;0;98;29;Y;Y;N;N;N;N;Y
32815;603;609;2014/2015;complete;142;2;-1;12;35,54;1;2;3;6;3;9;2;2;3;1;0;0;5;3;2;5;7;8;7;13;61;39;3;1;1.74;3.85;5.1;0;0;0;0;0;0;0;0;0;0;0;0;0;0;0;0;0;0;0;0;0;0;0;0;0;0;0;0;0;0;0;0;0;0;0;0;0;0;0;0;0;0;0;0;0;0;0;0;0;0;0;0;0;0;0;0;0;0;0;0;0;0;0;0;0;3;1;1;0;1;1;2;2014-10-18 06:00:00;609;0;0;0;0;0;-1;1;-1;-1;-1;-1;-1;-1;1;0;2;1;1;3;-1;0;0;0;0;0;0;0;0;0;0;0;0;0;1;1;0;0;-1;-1;0;0;-1;-1;-1;-1;-1;-1;-1;-1;-1;0;0;0;0;50;0;0;50;0;0;4;0;0.5;Central Coast Mariners;Wellington Phoenix;1.31;1.69;3;0;3;0;50;50;50;50;0;0;0;0;0;0;0;98;27;Y;Y;Y;N;N;N;Y
32816;606;608;2014/2015;complete;142;2;-1;45,50,80;19,23;3;2;5;15;3;18;3;2;3;1;0;1;3;2;7;2;10;4;22;18;56;44;3;3;2.73;3.36;2.73;0;0;0;0;0;0;0;0;0;0;0;0;0;0;0;0;0;0;0;0;0;0;0;0;0;0;0;0;0;0;0;0;0;0;0;0;0;0;0;0;0;0;0;0;0;0;0;0;0;0;0;0;0;0;0;0;0;0;0;0;0;0;0;0;0;5;1;2;2;0;2;3;2014-10-18 08:30:00;606;0;100;50;50;0;-1;1;-1;-1;-1;-1;-1;-1;1;1;2;1;2;3;-1;0;0;0;0;0;0;0;0;0;0;0;0;0;1;1;0;0;-1;-1;0;0;-1;-1;-1;-1;-1;-1;-1;-1;-1;50;50;50;100;100;50;50;100;50;9;4;4;3.5;Sydney FC;Western Sydney Wanderers;1.36;0.31;1;0;1;0;50;50;50;0;0;50;50;50;0;0;0;98;27;Y;Y;Y;Y;Y;N;Y
32817;602;605;2014/2015;complete;142;2;-1;87;62;1;1;2;7;3;10;4;0;0;4;0;0;6;0;5;4;11;4;10;19;66;34;0;4;1.71;4.02;5.1;0;0;0;0;0;0;0;0;0;0;0;0;0;0;0;0;0;0;0;0;0;0;0;0;0;0;0;0;0;0;0;0;0;0;0;0;0;0;0;0;0;0;0;0;0;0;0;0;0;0;0;0;0;0;0;0;0;0;0;0;0;0;0;0;0;2;0;0;1;1;2;0;2014-10-19 04:00:00;-1;0;0;0;0;0;-1;1;-1;-1;-1;-1;-1;-1;0;1;0;3;1;3;-1;0;0;0;0;0;0;0;0;0;0;0;0;0;1;1;0;0;-1;-1;0;0;-1;-1;-1;-1;-1;-1;-1;-1;-1;0;0;0;0;50;0;0;50;0;7;4;4;0.5;Melbourne City FC;Newcastle Jets FC;1.77;0.71;0;0;1;0;50;50;50;50;0;0;0;0;0;0;0;98;27;Y;Y;N;N;N;N;Y
32818;600;604;2014/2015;complete;142;2;-1;49,74,90;39,55;3;2;5;6;4;10;3;1;2;3;0;0;2;3;2;3;4;6;11;11;41;59;2;3;2.94;3.3;2.58;0;0;0;0;0;0;0;0;0;0;0;0;0;0;0;0;0;0;0;0;0;0;0;0;0;0;0;0;0;0;0;0;0;0;0;0;0;0;0;0;0;0;0;0;0;0;0;0;0;0;0;0;0;0;0;0;0;0;0;0;0;0;0;0;0;5;0;1;3;1;4;1;2014-10-19 06:00:00;600;0;0;0;0;0;-1;1;-1;-1;-1;-1;-1;-1;0;1;2;2;1;4;-1;0;0;0;0;0;0;0;1;0;1;0;0;0;1;1;0;0;-1;-1;0;0;-1;-1;-1;-1;-1;-1;-1;-1;-1;0;0;0;0;0;0;0;0;0;0;0;0;0;Perth Glory FC;Brisbane Roar;1.86;1.33;0;0;3;0;0;0;0;0;0;0;0;0;0;0;0;98;27;Y;Y;Y;Y;Y;N;Y
32819;604;606;2014/2015;complete;142;3;-1;;28,54;0;2;2;3;2;5;2;0;2;2;0;0;5;2;4;7;9;9;11;11;66;34;2;2;1.97;3.66;4.02;0;0;0;0;0;0;0;0;0;0;0;0;0;0;0;0;0;0;0;0;0;0;0;0;0;0;0;0;0;0;0;0;0;0;0;0;0;0;0;0;0;0;0;0;0;0;0;0;0;0;0;0;0;0;0;0;0;0;0;0;0;0;0;0;0;2;0;1;0;1;1;1;2014-10-24 09:00:00;606;0;50;50;0;0;-1;1;-1;-1;-1;-1;-1;-1;0;1;2;1;1;3;-1;0;0;0;0;0;0;0;0;0;0;0;0;0;1;1;0;0;-1;-1;0;0;-1;-1;-1;-1;-1;-1;-1;-1;-1;0;0;50;50;50;50;50;50;0;2;2;4;1.5;Brisbane Roar;Sydney FC;1.08;2.27;0;0;0;2;50;50;0;0;0;0;0;0;0;0;0;98;28;Y;Y;N;N;N;N;N
32820;607;602;2014/2015;complete;142;3;-1;23,45,46,67,87;13,26;5;2;7;5;3;8;7;3;1;3;0;0;3;6;3;3;6;9;20;14;50;50;1;3;2.35;3.56;3.09;0;0;0;0;0;0;0;0;0;0;0;0;0;0;0;0;0;0;0;0;0;0;0;0;0;0;0;0;0;0;0;0;0;0;0;0;0;0;0;0;0;0;0;0;0;0;0;0;0;0;0;0;0;0;0;0;0;0;0;0;0;0;0;0;0;7;2;2;3;0;3;4;2014-10-25 08:45:00;607;0;100;50;50;0;-1;1;-1;-1;-1;-1;-1;-1;1;1;0;2;2;2;-1;0;0;0;0;0;0;0;1;0;1;0;0;0;1;1;0;0;-1;-1;0;0;-1;-1;-1;-1;-1;-1;-1;-1;-1;50;50;50;100;100;50;50;100;50;10;7;5;3.5;Melbourne Victory FC;Melbourne City FC;2.19;0.94;3;1;2;1;50;50;50;0;0;50;50;50;0;0;0;98;29;Y;Y;Y;Y;Y;Y;Y
32821;609;605;2014/2015;complete;142;3;-1;4,42,64,90;90;4;1;5;2;2;4;8;0;0;1;0;0;0;3;4;3;4;6;17;9;39;61;0;1;2.06;3.62;3.72;0;0;0;0;0;0;0;0;0;0;0;0;0;0;0;0;0;0;0;0;0;0;0;0;0;0;0;0;0;0;0;0;0;0;0;0;0;0;0;0;0;0;0;0;0;0;0;0;0;0;0;0;0;0;0;0;0;0;0;0;0;0;0;0;0;5;2;0;2;1;3;2;2014-10-26 04:00:00;609;0;75;0;75;0;-1;1;-1;-1;-1;-1;-1;-1;0;1;0;0;1;0;-1;0;0;0;0;0;0;0;0;0;0;0;0;0;1;1;1;0;-1;-1;0;0;-1;-1;-1;-1;-1;-1;-1;-1;-1;0;0;50;75;100;0;50;100;75;12;4;5;2.25;Wellington Phoenix;Newcastle Jets FC;1.6;0.71;0;0.5;1.5;0.5;100;100;50;25;0;75;75;50;0;0;0;98;27;Y;Y;Y;Y;Y;N;Y
32822;601;600;2014/2015;complete;142;3;-1;18,68;;2;0;2;11;5;16;2;3;0;5;0;0;5;2;4;6;9;8;15;17;53;47;0;5;1.95;3.64;4.11;0;0;0;0;0;0;0;0;0;0;0;0;0;0;0;0;0;0;0;0;0;0;0;0;0;0;0;0;0;0;0;0;0;0;0;0;0;0;0;0;0;0;0;0;0;0;0;0;0;0;0;0;0;0;0;0;0;0;0;0;0;0;0;0;0;2;1;0;1;0;1;1;2014-10-26 06:00:00;601;0;100;0;100;0;-1;1;-1;-1;-1;-1;-1;-1;0;0;0;5;0;5;-1;0;0;0;0;0;0;0;0;0;0;0;0;0;1;1;0;0;-1;-1;0;0;-1;-1;-1;-1;-1;-1;-1;-1;-1;0;0;50;100;100;0;50;100;100;14;3;5;2.5;Adelaide United;Perth Glory FC;1.87;1.85;1;3;2;3;100;100;50;0;0;100;100;100;0;0;0;98;27;Y;Y;N;N;N;N;N
32823;602;601;2014/2015;complete;142;4;-1;9;38,80;1;2;3;6;4;10;4;3;3;0;0;0;4;5;4;4;8;9;16;20;43;57;3;0;2.32;3.52;3.16;0;0;0;0;0;0;0;0;0;0;0;0;0;0;0;0;0;0;0;0;0;0;0;0;0;0;0;0;0;0;0;0;0;0;0;0;0;0;0;0;0;0;0;0;0;0;0;0;0;0;0;0;0;0;0;0;0;0;0;0;0;0;0;0;0;3;1;1;0;1;1;2;2014-10-31 08:40:00;601;0;100;50;50;0;-1;1;-1;-1;-1;-1;-1;-1;0;0;3;0;0;3;-1;0;0;0;0;0;0;0;0;1;0;1;0;0;1;1;1;0;-1;-1;0;0;-1;-1;-1;-1;-1;-1;-1;-1;-1;0;0;50;100;100;50;50;100;50;13;10;4;2.5;Melbourne City FC;Adelaide United;1.77;1.5;1;3;0.67;2.33;100;100;50;0;0;50;50;0;0;0;0;98;29;Y;Y;Y;N;N;N;Y
32824;600;605;2014/2015;complete;142;4;-1;77,79;74;2;1;3;9;1;10;4;1;0;2;0;0;7;3;5;4;12;7;7;10;54;46;0;2;1.94;3.57;4.28;0;0;0;0;0;0;0;0;0;0;0;0;0;0;0;0;0;0;0;0;0;0;0;0;0;0;0;0;0;0;0;0;0;0;0;0;0;0;0;0;0;0;0;0;0;0;0;0;0;0;0;0;0;0;0;0;0;0;0;0;0;0;0;0;0;3;0;0;2;1;3;0;2014-11-01 08:30:00;600;0;84;0;84;0;-1;1;-1;-1;-1;-1;-1;-1;0;1;0;1;1;1;-1;0;0;0;0;0;0;0;0;0;0;0;0;0;1;1;0;0;-1;-1;0;0;-1;-1;-1;-1;-1;-1;-1;-1;-1;67;67;67;84;100;17;67;100;84;10;4.33;5;3.84;Perth Glory FC;Newcastle Jets FC;1.86;0.71;3;0.33;2;0.33;34;34;34;17;0;67;67;0;0;0;0;98;27;Y;Y;Y;N;N;N;Y
32825;606;603;2014/2015;complete;142;4;-1;21,26;;2;0;2;10;2;12;3;2;2;1;0;0;8;7;9;2;17;9;18;15;52;48;2;1;1.78;3.83;4.87;0;0;0;0;0;0;0;0;0;0;0;0;0;0;0;0;0;0;0;0;0;0;0;0;0;0;0;0;0;0;0;0;0;0;0;0;0;0;0;0;0;0;0;0;0;0;0;0;0;0;0;0;0;0;0;0;0;0;0;0;0;0;0;0;0;2;2;0;0;0;0;2;2014-11-02 06:00:00;606;0;50;25;25;0;-1;1;-1;-1;-1;-1;-1;-1;1;1;1;0;2;1;-1;0;0;0;0;0;0;0;0;0;0;0;0;0;1;1;0;0;-1;-1;1;0;-1;-1;-1;-1;-1;-1;-1;-1;-1;25;25;25;50;50;25;25;50;50;10.5;3;2.5;1.75;Sydney FC;Central Coast Mariners;1.36;0.43;2;0;2.33;1.5;25;25;25;0;0;50;50;50;0;0;0;98;27;Y;Y;N;N;N;N;N
32826;607;609;2014/2015;complete;142;4;-1;26,68;;2;0;2;2;5;7;4;6;1;4;0;0;0;4;9;6;9;10;15;18;58;42;1;4;1.63;4.23;5.53;0;0;0;0;0;0;0;0;0;0;0;0;0;0;0;0;0;0;0;0;0;0;0;0;0;0;0;0;0;0;0;0;0;0;0;0;0;0;0;0;0;0;0;0;0;0;0;0;0;0;0;0;0;0;0;0;0;0;0;0;0;0;0;0;0;2;1;0;1;0;1;1;2014-11-03 08:30:00;607;0;100;100;0;0;-1;1;-1;-1;-1;-1;-1;-1;1;1;0;3;2;3;-1;0;0;0;0;0;0;0;0;0;0;0;0;0;1;1;0;0;-1;-1;0;0;-1;-1;-1;-1;-1;-1;-1;-1;-1;50;50;100;100;100;100;100;100;25;7.5;7.5;3.5;4.5;Melbourne Victory FC;Wellington Phoenix;2.19;1.69;3;3;2.33;2;50;50;0;0;0;50;0;0;0;0;0;98;28;Y;Y;N;N;N;N;N
32827;609;608;2014/2015;complete;142;5;-1;79;;1;0;1;4;5;9;0;0;2;2;0;0;5;0;4;8;9;8;11;12;48;52;2;2;2.69;3.39;2.75;0;0;0;0;0;0;0;0;0;0;0;0;0;0;0;0;0;0;0;0;0;0;0;0;0;0;0;0;0;0;0;0;0;0;0;0;0;0;0;0;0;0;0;0;0;0;0;0;0;0;0;0;0;0;0;0;0;0;0;0;0;0;0;0;0;1;0;0;1;0;1;0;2014-11-07 06:30:00;609;0;100;50;50;0;-1;1;-1;-1;-1;-1;-1;-1;0;0;2;2;0;4;-1;0;0;0;0;0;0;0;1;0;0;0;1;0;1;1;0;0;-1;-1;0;0;-1;-1;-1;-1;-1;-1;-1;-1;-1;75;75;100;100;100;75;100;100;75;7.5;6.5;3;4.5;Wellington Phoenix;Western Sydney Wanderers;1.6;0.31;1.5;0;1.5;0;25;25;0;0;0;50;50;50;0;0;0;98;27;Y;N;N;N;N;N;N
32828;601;606;2014/2015;complete;142;5;-1;;;0;0;0;6;6;12;3;3;3;4;0;0;9;4;5;3;14;7;12;13;60;40;3;4;2.09;3.66;3.59;0;0;0;0;0;0;0;0;0;0;0;0;0;0;0;0;0;0;0;0;0;0;0;0;0;0;0;0;0;0;0;0;0;0;0;0;0;0;0;0;0;0;0;0;0;0;0;0;0;0;0;0;0;0;0;0;0;0;0;0;0;0;0;0;0;0;0;0;0;0;0;0;2014-11-07 08:45:00;-1;0;25;0;25;0;-1;1;-1;-1;-1;-1;-1;-1;1;1;2;3;2;5;-1;0;0;0;0;0;0;0;0;0;0;0;0;0;1;1;0;0;-1;-1;0;0;-1;-1;-1;-1;-1;-1;-1;-1;-1;0;0;0;100;100;0;75;100;25;12;1.5;3.5;2;Adelaide United;Sydney FC;1.87;2.27;2;3;2.5;2.5;100;100;100;0;0;50;50;50;0;0;0;98;29;N;N;N;N;N;N;N
32829;605;607;2014/2015;complete;142;5;-1;31,33;36,48;2;2;4;10;2;12;3;4;3;1;0;0;4;0;2;4;6;4;22;14;50;50;3;1;3.44;3.64;2.15;0;0;0;0;0;0;0;0;0;0;0;0;0;0;0;0;0;0;0;0;0;0;0;0;0;0;0;0;0;0;0;0;0;0;0;0;0;0;0;0;0;0;0;0;0;0;0;0;0;0;0;0;0;0;0;0;0;0;0;0;0;0;0;0;0;4;2;1;0;1;1;3;2014-11-08 06:00:00;-1;0;50;0;50;0;-1;1;-1;-1;-1;-1;-1;-1;0;0;3;1;0;4;-1;0;0;0;0;0;0;0;1;0;1;0;0;0;1;1;0;0;-1;-1;0;0;-1;-1;-1;-1;-1;-1;-1;-1;-1;0;0;0;50;50;0;0;50;50;5;6;4;1;Newcastle Jets FC;Melbourne Victory FC;0.54;1.85;0;1;0.25;2.5;50;50;50;0;0;50;50;50;0;0;0;98;27;Y;Y;Y;Y;N;N;Y
32830;604;602;2014/2015;complete;142;5;-1;67;8,10,83;1;3;4;5;5;10;3;0;0;3;0;0;8;4;3;5;11;9;9;17;53;47;0;3;2.09;3.62;3.62;0;0;0;0;0;0;0;0;0;0;0;0;0;0;0;0;0;0;0;0;0;0;0;0;0;0;0;0;0;0;0;0;0;0;0;0;0;0;0;0;0;0;0;0;0;0;0;0;0;0;0;0;0;0;0;0;0;0;0;0;0;0;0;0;0;4;0;2;1;1;2;2;2014-11-08 08:30:00;602;0;75;50;25;0;-1;1;-1;-1;-1;-1;-1;-1;0;1;0;2;1;2;-1;0;0;0;0;0;0;0;0;0;0;0;0;0;1;1;0;2;-1;-1;0;0;-1;-1;-1;-1;-1;-1;-1;-1;-1;25;25;50;100;100;50;75;100;50;7;5;5;3.5;Brisbane Roar;Melbourne City FC;1.08;0.94;0;0.5;0;0.5;75;75;50;0;0;25;25;25;0;0;0;98;28;Y;Y;Y;Y;N;N;Y
32831;603;600;2014/2015;complete;142;5;-1;;43;0;1;1;1;5;6;2;3;1;0;0;0;9;7;3;3;12;10;6;15;53;47;1;0;2.43;3.36;3.11;0;0;0;0;0;0;0;0;0;0;0;0;0;0;0;0;0;0;0;0;0;0;0;0;0;0;0;0;0;0;0;0;0;0;0;0;0;0;0;0;0;0;0;0;0;0;0;0;0;0;0;0;0;0;0;0;0;0;0;0;0;0;0;0;0;1;0;1;0;0;0;1;2014-11-09 06:00:00;600;0;50;25;25;0;-1;1;-1;-1;-1;-1;-1;-1;0;0;1;0;0;1;-1;0;0;0;0;0;0;0;0;0;0;0;0;0;1;1;0;0;-1;-1;0;0;-1;-1;-1;-1;-1;-1;-1;-1;-1;0;0;50;75;100;25;75;100;25;8;5.5;5;2.25;Central Coast Mariners;Perth Glory FC;1.31;1.85;1.5;1.5;1;2.25;100;100;50;25;0;75;50;50;0;0;0;98;27;Y;N;N;N;N;N;N
32832;605;604;2014/2015;complete;142;6;-1;;49,66,72,89;0;4;4;2;5;7;2;5;3;1;0;0;3;6;0;7;3;13;12;9;37;63;3;1;2.6;3.55;2.75;0;0;0;0;0;0;0;0;0;0;0;0;0;0;0;0;0;0;0;0;0;0;0;0;0;0;0;0;0;0;0;0;0;0;0;0;0;0;0;0;0;0;0;0;0;0;0;0;0;0;0;0;0;0;0;0;0;0;0;0;0;0;0;0;0;4;0;0;0;4;4;0;2014-11-14 08:40:00;604;0;100;50;50;0;-1;1;-1;-1;-1;-1;-1;-1;1;0;2;1;1;3;-1;0;0;0;0;0;0;0;0;1;0;0;0;1;1;1;0;0;-1;-1;0;0;-1;-1;-1;-1;-1;-1;-1;-1;-1;50;100;100;100;100;50;100;100;50;14;4;6;4.5;Newcastle Jets FC;Brisbane Roar;0.54;1.33;1;0;0.4;0;50;0;0;0;0;100;100;50;0;0;0;98;27;Y;Y;Y;Y;N;N;N
32833;601;609;2014/2015;complete;142;6;-1;36,90;15;2;1;3;8;4;12;2;7;2;3;0;0;6;2;9;2;15;4;12;18;70;30;2;3;1.66;4.04;5.58;0;0;0;0;0;0;0;0;0;0;0;0;0;0;0;0;0;0;0;0;0;0;0;0;0;0;0;0;0;0;0;0;0;0;0;0;0;0;0;0;0;0;0;0;0;0;0;0;0;0;0;0;0;0;0;0;0;0;0;0;0;0;0;0;0;3;1;1;1;0;1;2;2014-11-15 06:00:00;601;0;42;25;17;0;-1;1;-1;-1;-1;-1;-1;-1;1;2;1;1;3;2;-1;0;0;0;0;0;0;0;0;0;0;0;0;0;1;1;0;0;-1;-1;0;0;-1;-1;-1;-1;-1;-1;-1;-1;-1;0;0;25;84;84;25;67;84;17;12.67;6;4.5;1.92;Adelaide United;Wellington Phoenix;1.87;1.69;1.67;1.5;2.2;1.8;100;100;75;17;17;75;50;50;0;0;0;98;28;Y;Y;Y;N;N;N;Y
32834;606;607;2014/2015;complete;142;6;-1;;;0;0;0;3;5;8;4;4;2;1;0;0;5;7;7;6;12;13;13;19;53;47;2;1;2.41;3.66;2.92;0;0;0;0;0;0;0;0;0;0;0;0;0;0;0;0;0;0;0;0;0;0;0;0;0;0;0;0;0;0;0;0;0;0;0;0;0;0;0;0;0;0;0;0;0;0;0;0;0;0;0;0;0;0;0;0;0;0;0;0;0;0;0;0;0;0;0;0;0;0;0;0;2014-11-15 08:30:00;-1;0;84;42;42;0;-1;1;-1;-1;-1;-1;-1;-1;0;0;2;1;0;3;-1;0;0;0;0;0;0;0;0;0;0;0;0;0;1;1;0;0;-1;-1;0;0;-1;-1;-1;-1;-1;-1;-1;-1;-1;17;42;42;100;100;59;59;84;59;13.83;8;4.83;3;Sydney FC;Melbourne Victory FC;1.36;1.85;2.33;1;2.2;2.2;84;59;59;0;0;100;100;100;0;0;0;98;29;N;N;N;N;N;N;N
32835;600;608;2014/2015;complete;142;6;-1;9,77;85;2;1;3;10;8;18;6;2;1;2;0;0;4;4;5;5;9;9;10;12;53;47;1;2;2.38;3.33;3.24;0;0;0;0;0;0;0;0;0;0;0;0;0;0;0;0;0;0;0;0;0;0;0;0;0;0;0;0;0;0;0;0;0;0;0;0;0;0;0;0;0;0;0;0;0;0;0;0;0;0;0;0;0;0;0;0;0;0;0;0;0;0;0;0;0;3;1;0;1;1;2;1;2014-11-15 10:45:00;600;0;84;34;50;0;-1;1;-1;-1;-1;-1;-1;-1;1;0;0;2;1;2;-1;0;0;0;0;0;0;0;0;0;0;0;0;0;1;1;1;0;-1;-1;0;0;-1;-1;-1;-1;-1;-1;-1;-1;-1;59;59;84;84;100;34;59;100;67;11.17;4.5;3.33;3.84;Perth Glory FC;Western Sydney Wanderers;1.86;0.31;3;0;2.4;0;42;42;17;17;0;84;67;17;0;0;0;98;27;Y;Y;Y;N;N;N;Y
32836;602;603;2014/2015;complete;142;6;-1;10,53;79,90;2;2;4;4;2;6;2;5;2;1;0;0;8;6;9;0;17;6;15;14;50;50;2;1;1.96;3.7;4.01;0;0;0;0;0;0;0;0;0;0;0;0;0;0;0;0;0;0;0;0;0;0;0;0;0;0;0;0;0;0;0;0;0;0;0;0;0;0;0;0;0;0;0;0;0;0;0;0;0;0;0;0;0;0;0;0;0;0;0;0;0;0;0;0;0;4;1;0;1;2;3;1;2014-11-16 06:00:00;-1;0;50;25;25;0;-1;1;-1;-1;-1;-1;-1;-1;0;0;2;1;0;3;-1;0;0;0;0;0;0;0;0;0;0;0;0;0;1;1;1;0;-1;-1;0;0;-1;-1;-1;-1;-1;-1;-1;-1;-1;0;0;25;100;100;75;75;50;25;8.5;6;2.5;2.25;Melbourne City FC;Central Coast Mariners;1.77;0.43;0.5;0;1;0.75;100;100;75;0;0;100;100;50;0;0;0;98;27;Y;Y;Y;Y;N;N;Y
32837;608;603;2014/2015;complete;142;3;-1;;;0;0;0;10;6;16;2;0;1;1;0;0;3;3;3;2;6;5;13;18;52;48;1;1;1.83;3.66;4.76;0;0;0;0;0;0;0;0;0;0;0;0;0;0;0;0;0;0;0;0;0;0;0;0;0;0;0;0;0;0;0;0;0;0;0;0;0;0;0;0;0;0;0;0;0;0;0;0;0;0;0;0;0;0;0;0;0;0;0;0;0;0;0;0;0;0;0;0;0;0;0;0;2014-11-19 08:30:00;-1;0;25;0;25;0;-1;1;-1;-1;-1;-1;-1;-1;0;0;1;1;0;2;-1;0;0;0;0;0;0;0;0;0;0;0;0;0;1;1;0;0;-1;-1;0;0;-1;-1;-1;-1;-1;-1;-1;-1;-1;0;25;25;50;50;25;50;25;25;2;3.5;1;1.5;Western Sydney Wanderers;Central Coast Mariners;1;0.43;0;0.5;0;0.8;50;25;25;0;0;25;25;25;0;0;0;98;27;N;N;N;N;N;N;N
32838;607;604;2014/2015;complete;142;7;-1;77;;1;0;1;8;2;10;4;1;2;3;0;0;5;5;3;1;8;6;18;16;52;48;2;3;1.97;3.71;3.95;0;0;0;0;0;0;0;0;0;0;0;0;0;0;0;0;0;0;0;0;0;0;0;0;0;0;0;0;0;0;0;0;0;0;0;0;0;0;0;0;0;0;0;0;0;0;0;0;0;0;0;0;0;0;0;0;0;0;0;0;0;0;0;0;0;1;0;0;1;0;1;0;2014-11-21 08:40:00;607;0;59;34;25;0;-1;1;-1;-1;-1;-1;-1;-1;2;2;0;1;4;1;-1;0;0;0;0;0;0;0;0;0;0;0;0;0;1;1;0;0;-1;-1;0;0;-1;-1;-1;-1;-1;-1;-1;-1;-1;59;84;84;100;100;34;75;100;67;8.17;8;4;4.59;Melbourne Victory FC;Brisbane Roar;2.19;1.33;3;1.5;2;0.6;42;17;17;0;0;25;25;0;0;0;0;98;28;Y;N;N;N;N;N;N
32839;600;609;2014/2015;complete;142;7;-1;2,60;84;2;1;3;5;2;7;10;0;2;3;1;0;3;2;4;3;7;5;16;11;45;55;4;3;1.78;3.78;4.9;0;0;0;0;0;0;0;0;0;0;0;0;0;0;0;0;0;0;0;0;0;0;0;0;0;0;0;0;0;0;0;0;0;0;0;0;0;0;0;0;0;0;0;0;0;0;0;0;0;0;0;0;0;0;0;0;0;0;0;0;0;0;0;0;0;3;1;0;1;1;2;1;2014-11-21 10:45:00;600;0;84;34;50;0;-1;1;-1;-1;-1;-1;-1;-1;1;2;2;1;3;3;-1;0;0;0;0;0;0;0;0;1;0;1;0;0;1;1;1;0;-1;-1;0;0;-1;-1;-1;-1;-1;-1;-1;-1;-1;17;17;84;100;100;34;84;100;50;12.33;9.33;3.67;3.17;Perth Glory FC;Wellington Phoenix;1.86;1.69;3;1;2.5;1.5;84;84;17;0;0;84;67;33;0;0;0;98;27;Y;Y;Y;N;N;N;Y
32840;608;605;2014/2015;complete;142;7;-1;12;27;1;1;2;11;1;12;4;3;0;1;0;0;7;3;4;1;11;4;15;9;47;53;0;1;1.81;3.76;4.76;0;0;0;0;0;0;0;0;0;0;0;0;0;0;0;0;0;0;0;0;0;0;0;0;0;0;0;0;0;0;0;0;0;0;0;0;0;0;0;0;0;0;0;0;0;0;0;0;0;0;0;0;0;0;0;0;0;0;0;0;0;0;0;0;0;2;1;1;0;0;0;2;2014-11-22 06:00:00;-1;0;38;0;38;0;-1;1;-1;-1;-1;-1;-1;-1;0;0;0;1;0;1;-1;0;0;0;0;0;0;0;0;0;0;0;0;0;1;1;0;0;-1;-1;0;0;-1;-1;-1;-1;-1;-1;-1;-1;-1;13;13;25;38;50;13;13;50;38;13.25;3.25;3.75;1.38;Western Sydney Wanderers;Newcastle Jets FC;1;0.71;1;0.25;0.2;0.33;88;88;75;63;50;75;75;50;0;0;0;98;27;Y;Y;N;N;N;N;Y
32841;602;606;2014/2015;complete;142;7;-1;88;10,83;1;2;3;9;8;17;4;6;1;2;0;1;6;4;4;2;10;6;9;10;55;45;1;3;2.29;3.54;3.22;0;0;0;0;0;0;0;0;0;0;0;0;0;0;0;0;0;0;0;0;0;0;0;0;0;0;0;0;0;0;0;0;0;0;0;0;0;0;0;0;0;0;0;0;0;0;0;0;0;0;0;0;0;0;0;0;0;0;0;0;0;0;0;0;0;3;0;1;1;1;2;1;2014-11-22 08:30:00;606;0;50;17;34;0;-1;1;-1;-1;-1;-1;-1;-1;0;1;1;2;1;3;-1;0;0;0;0;0;0;0;0;0;0;0;0;0;1;1;0;1;-1;-1;0;0;-1;-1;-1;-1;-1;-1;-1;-1;-1;0;17;34;75;75;17;59;75;34;9.67;4.83;4.67;2;Melbourne City FC;Sydney FC;1.77;2.27;0.67;2;1;2;100;84;67;25;25;59;59;25;0;0;0;98;29;Y;Y;Y;N;N;N;Y
32842;603;601;2014/2015;complete;142;7;-1;;40,42;0;2;2;6;2;8;1;2;4;3;1;0;5;5;6;2;11;7;10;16;46;54;5;3;3.22;3.51;2.3;0;0;0;0;0;0;0;0;0;0;0;0;0;0;0;0;0;0;0;0;0;0;0;0;0;0;0;0;0;0;0;0;0;0;0;0;0;0;0;0;0;0;0;0;0;0;0;0;0;0;0;0;0;0;0;0;0;0;0;0;0;0;0;0;0;2;0;2;0;0;0;2;2014-11-23 06:00:00;601;0;67;67;0;0;-1;1;-1;-1;-1;-1;-1;-1;2;2;3;1;4;4;-1;0;0;0;0;0;0;0;0;0;0;0;0;0;1;1;0;0;-1;-1;0;1;-1;-1;-1;-1;-1;-1;-1;-1;-1;0;0;67;67;100;67;84;84;0;7.33;7.17;3.33;2.34;Central Coast Mariners;Adelaide United;1.31;1.5;1;3;0.83;2.33;100;100;34;34;0;42;25;0;0;0;0;98;27;Y;Y;N;N;N;N;N
32843;607;601;2014/2015;complete;142;8;-1;7,16,32;14,37;3;2;5;4;6;10;7;2;3;3;0;0;4;0;3;5;7;5;28;15;41;59;3;3;2.26;3.52;3.29;0;0;0;0;0;0;0;0;0;0;0;0;0;0;0;0;0;0;0;0;0;0;0;0;0;0;0;0;0;0;0;0;0;0;0;0;0;0;0;0;0;0;0;0;0;0;0;0;0;0;0;0;0;0;0;0;0;0;0;0;0;0;0;0;0;5;3;2;0;0;0;5;2014-11-28 08:40:00;607;0;59;59;0;0;-1;1;-1;-1;-1;-1;-1;-1;1;0;2;3;1;5;-1;0;0;0;0;0;0;0;0;1;0;1;0;0;1;1;1;0;-1;-1;0;0;-1;-1;-1;-1;-1;-1;-1;-1;-1;25;25;59;88;100;75;88;84;13;8.75;8.42;4.33;3.21;Melbourne Victory FC;Adelaide United;2.19;1.5;3;3;2.14;2.43;75;75;42;13;0;29;29;0;0;0;0;98;29;Y;Y;Y;Y;Y;N;Y
32844;604;600;2014/2015;complete;142;8;-1;86;20;1;1;2;4;5;9;0;4;1;2;0;0;4;5;5;6;9;11;9;16;59;41;1;2;2.21;3.5;3.41;0;0;0;0;0;0;0;0;0;0;0;0;0;0;0;0;0;0;0;0;0;0;0;0;0;0;0;0;0;0;0;0;0;0;0;0;0;0;0;0;0;0;0;0;0;0;0;0;0;0;0;0;0;0;0;0;0;0;0;0;0;0;0;0;0;2;0;1;1;0;1;1;2014-11-29 06:00:00;-1;0;50;17;33;0;-1;1;-1;-1;-1;-1;-1;-1;0;1;1;1;1;2;-1;0;0;0;0;0;0;0;0;0;0;0;0;0;1;1;0;0;-1;-1;0;0;-1;-1;-1;-1;-1;-1;-1;-1;-1;0;17;50;84;100;34;100;84;33;8.33;5;4.33;2.5;Brisbane Roar;Perth Glory FC;1.08;1.85;0;2;0.5;2.57;100;84;50;17;0;50;50;34;0;0;0;98;27;Y;Y;N;N;N;N;Y
32845;608;606;2014/2015;complete;142;8;-1;30;34;1;1;2;7;6;13;5;0;3;2;0;0;7;4;4;3;11;7;12;10;56;44;3;2;2.37;3.34;3.23;0;0;0;0;0;0;0;0;0;0;0;0;0;0;0;0;0;0;0;0;0;0;0;0;0;0;0;0;0;0;0;0;0;0;0;0;0;0;0;0;0;0;0;0;0;0;0;0;0;0;0;0;0;0;0;0;0;0;0;0;0;0;0;0;0;2;1;1;0;0;0;2;2014-11-29 08:30:00;-1;0;42;25;17;0;-1;1;-1;-1;-1;-1;-1;-1;1;1;2;1;2;3;-1;0;0;0;0;0;0;0;0;0;0;0;0;0;1;1;0;0;-1;-1;0;0;-1;-1;-1;-1;-1;-1;-1;-1;-1;0;0;17;59;59;25;59;34;17;15.83;6;3.5;1.34;Western Sydney Wanderers;Sydney FC;1;2.27;1;2.33;0.33;2.14;100;100;84;42;42;84;84;84;0;0;0;98;27;Y;Y;N;N;N;N;Y
32846;609;602;2014/2015;complete;142;8;-1;33,40,47,50,85;68;5;1;6;8;4;12;2;6;0;2;0;0;4;7;2;6;6;13;15;13;48;52;0;2;2.2;3.56;3.39;0;0;0;0;0;0;0;0;0;0;0;0;0;0;0;0;0;0;0;0;0;0;0;0;0;0;0;0;0;0;0;0;0;0;0;0;0;0;0;0;0;0;0;0;0;0;0;0;0;0;0;0;0;0;0;0;0;0;0;0;0;0;0;0;0;6;2;0;3;1;4;2;2014-11-30 04:00:00;609;0;84;17;67;0;-1;1;-1;-1;-1;-1;-1;-1;0;0;0;2;0;2;-1;0;0;0;0;0;0;0;1;1;1;1;0;0;1;1;0;0;-1;-1;0;0;-1;-1;-1;-1;-1;-1;-1;-1;-1;33;50;67;84;100;50;67;100;84;9;5.33;3.33;3.67;Wellington Phoenix;Melbourne City FC;1.6;0.94;2;1.33;1.29;0.86;67;50;33;17;0;67;50;33;0;0;0;98;28;Y;Y;Y;Y;Y;Y;Y
32847;605;603;2014/2015;complete;142;8;-1;48;55;1;1;2;2;6;8;3;0;4;0;0;0;3;2;3;7;6;9;21;11;48;52;4;0;2.24;3.35;3.5;0;0;0;0;0;0;0;0;0;0;0;0;0;0;0;0;0;0;0;0;0;0;0;0;0;0;0;0;0;0;0;0;0;0;0;0;0;0;0;0;0;0;0;0;0;0;0;0;0;0;0;0;0;0;0;0;0;0;0;0;0;0;0;0;0;2;0;0;1;1;2;0;2014-11-30 06:00:00;-1;0;42;25;17;0;-1;1;-1;-1;-1;-1;-1;-1;0;0;4;0;0;4;-1;0;0;0;0;0;0;0;0;0;0;0;0;0;1;1;0;0;-1;-1;0;0;-1;-1;-1;-1;-1;-1;-1;-1;-1;0;67;67;84;84;42;59;67;42;9.33;4.83;4;3;Newcastle Jets FC;Central Coast Mariners;0.54;0.43;0.5;0.67;0.43;0.71;100;34;34;17;17;59;59;59;0;0;0;98;27;Y;Y;N;N;N;N;Y
32848;608;604;2014/2015;complete;142;4;-1;;5;0;1;1;8;2;10;1;1;3;4;0;0;5;2;2;4;7;6;19;15;54;46;3;4;2.05;3.51;3.88;0;0;0;0;0;0;0;0;0;0;0;0;0;0;0;0;0;0;0;0;0;0;0;0;0;0;0;0;0;0;0;0;0;0;0;0;0;0;0;0;0;0;0;0;0;0;0;0;0;0;0;0;0;0;0;0;0;0;0;0;0;0;0;0;0;1;0;1;0;0;0;1;2014-12-03 08:30:00;604;0;50;34;17;0;-1;1;-1;-1;-1;-1;-1;-1;1;1;2;3;2;5;-1;0;0;0;0;0;0;0;0;1;0;1;0;0;1;1;0;1;-1;-1;0;0;-1;-1;-1;-1;-1;-1;-1;-1;-1;17;34;34;67;84;34;50;50;34;13;6;3.66;2.33;Western Sydney Wanderers;Brisbane Roar;1;1.33;1;1;0.43;0.57;84;67;67;33;17;84;84;50;0;0;0;98;27;Y;N;N;N;N;N;N
32849;606;600;2014/2015;complete;142;9;-1;57;83,87;1;2;3;4;8;12;0;5;0;2;0;0;5;5;8;6;13;11;15;6;51;49;0;2;2.06;3.56;3.78;0;0;0;0;0;0;0;0;0;0;0;0;0;0;0;0;0;0;0;0;0;0;0;0;0;0;0;0;0;0;0;0;0;0;0;0;0;0;0;0;0;0;0;0;0;0;0;0;0;0;0;0;0;0;0;0;0;0;0;0;0;0;0;0;0;3;0;0;1;2;3;0;2014-12-04 08:30:00;600;0;50;13;25;0;-1;1;-1;-1;-1;-1;-1;-1;0;0;0;2;0;2;-1;0;0;0;0;0;0;0;1;1;1;1;0;0;1;1;0;0;-1;-1;0;0;-1;-1;-1;-1;-1;-1;-1;-1;-1;13;13;25;75;88;25;75;63;38;13.5;6.25;4.5;2.13;Sydney FC;Perth Glory FC;1.36;1.85;2;1.75;2;2.38;88;88;75;25;13;75;63;63;0;0;0;98;27;Y;Y;Y;N;N;N;Y
32850;603;607;2014/2015;complete;142;9;-1;;62,68,73;0;3;3;3;6;9;4;4;1;2;0;0;3;3;5;5;8;8;19;19;48;52;1;2;4;3.62;1.99;0;0;0;0;0;0;0;0;0;0;0;0;0;0;0;0;0;0;0;0;0;0;0;0;0;0;0;0;0;0;0;0;0;0;0;0;0;0;0;0;0;0;0;0;0;0;0;0;0;0;0;0;0;0;0;0;0;0;0;0;0;0;0;0;0;3;0;0;0;3;3;0;2014-12-05 08:40:00;607;0;46;29;17;0;-1;1;-1;-1;-1;-1;-1;-1;0;1;1;1;1;2;-1;0;0;0;0;0;0;0;0;0;0;0;0;0;1;1;0;0;-1;-1;0;0;-1;-1;-1;-1;-1;-1;-1;-1;-1;0;17;29;59;84;42;54;59;17;7.25;6.92;4.25;1.88;Central Coast Mariners;Melbourne Victory FC;1.31;1.85;0.75;1;0.75;2.25;100;84;71;42;17;46;34;34;0;0;0;98;27;Y;Y;Y;N;N;N;N
32851;605;609;2014/2015;complete;142;9;-1;24;73,74,78;1;3;4;2;5;7;1;6;0;1;0;0;3;3;4;2;7;5;14;11;49;51;0;1;2.57;3.46;2.83;0;0;0;0;0;0;0;0;0;0;0;0;0;0;0;0;0;0;0;0;0;0;0;0;0;0;0;0;0;0;0;0;0;0;0;0;0;0;0;0;0;0;0;0;0;0;0;0;0;0;0;0;0;0;0;0;0;0;0;0;0;0;0;0;0;4;1;0;0;3;3;1;2014-12-06 06:00:00;609;0;71;42;29;0;-1;1;-1;-1;-1;-1;-1;-1;0;0;0;1;0;1;-1;0;0;0;0;0;0;0;0;0;0;0;0;0;1;1;0;0;-1;-1;0;0;-1;-1;-1;-1;-1;-1;-1;-1;-1;0;34;71;100;100;42;67;100;46;8.17;6.42;6.08;3.04;Newcastle Jets FC;Wellington Phoenix;0.54;1.69;0.67;0.75;0.5;1.5;100;67;29;0;0;42;29;29;0;0;0;98;27;Y;Y;Y;Y;N;N;Y
32852;601;608;2014/2015;complete;142;9;-1;36,55;;2;0;2;13;0;13;2;2;0;2;0;1;10;0;11;2;21;2;5;12;78;22;0;3;1.88;3.68;4.44;0;0;0;0;0;0;0;0;0;0;0;0;0;0;0;0;0;0;0;0;0;0;0;0;0;0;0;0;0;0;0;0;0;0;0;0;0;0;0;0;0;0;0;0;0;0;0;0;0;0;0;0;0;0;0;0;0;0;0;0;0;0;0;0;0;2;1;0;1;0;1;1;2014-12-06 08:30:00;601;0;63;38;25;0;-1;1;-1;-1;-1;-1;-1;-1;0;3;0;0;3;0;-1;0;0;0;0;0;0;0;0;0;0;0;0;0;1;1;0;0;-1;-1;0;1;-1;-1;-1;-1;-1;-1;-1;-1;-1;25;25;50;75;88;38;63;88;38;13.25;3.25;4.25;2.63;Adelaide United;Western Sydney Wanderers;1.87;0.31;2;0;2.13;0.38;75;75;50;25;13;88;75;75;0;0;0;98;27;Y;Y;N;N;N;N;N
32853;602;604;2014/2015;complete;142;9;-1;49;;1;0;1;4;6;10;0;1;1;1;0;0;5;2;9;3;14;5;17;9;47;53;1;1;2.37;3.48;3.12;0;0;0;0;0;0;0;0;0;0;0;0;0;0;0;0;0;0;0;0;0;0;0;0;0;0;0;0;0;0;0;0;0;0;0;0;0;0;0;0;0;0;0;0;0;0;0;0;0;0;0;0;0;0;0;0;0;0;0;0;0;0;0;0;0;1;0;0;1;0;1;0;2014-12-07 06:00:00;602;0;63;13;50;0;-1;1;-1;-1;-1;-1;-1;-1;0;1;1;0;1;1;-1;0;0;0;0;0;0;0;1;0;1;0;0;0;1;1;0;0;-1;-1;0;0;-1;-1;-1;-1;-1;-1;-1;-1;-1;13;38;63;75;100;13;63;88;63;9.75;5.5;4.25;2.88;Melbourne City FC;Brisbane Roar;1.77;1.33;0.5;1.5;0.75;0.88;88;63;38;25;0;75;75;13;0;0;0;98;28;Y;N;N;N;N;N;N
32854;601;604;2014/2015;complete;142;10;-1;;18;0;1;1;4;1;5;3;2;2;5;0;0;5;3;7;2;12;5;13;16;66;34;2;5;1.78;3.84;4.87;0;0;0;0;0;0;0;0;0;0;0;0;0;0;0;0;0;0;0;0;0;0;0;0;0;0;0;0;0;0;0;0;0;0;0;0;0;0;0;0;0;0;0;0;0;0;0;0;0;0;0;0;0;0;0;0;0;0;0;0;0;0;0;0;0;1;0;1;0;0;0;1;2014-12-12 08:40:00;604;0;30;10;20;0;-1;1;-1;-1;-1;-1;-1;-1;1;1;1;4;2;5;-1;0;0;0;0;0;0;0;0;0;0;0;0;0;1;1;0;0;-1;-1;0;1;-1;-1;-1;-1;-1;-1;-1;-1;-1;10;20;30;60;90;10;50;80;30;13.2;3.8;4;2.1;Adelaide United;Brisbane Roar;1.87;1.33;2.2;1.2;2.22;0.78;90;80;70;40;10;90;90;50;0;0;0;98;28;Y;N;N;N;N;N;N
32855;600;605;2014/2015;complete;142;10;-1;11,86;;2;0;2;12;3;15;5;0;0;2;0;1;5;3;8;4;13;7;13;12;47;53;0;4;1.45;4.63;7.93;0;0;0;0;0;0;0;0;0;0;0;0;0;0;0;0;0;0;0;0;0;0;0;0;0;0;0;0;0;0;0;0;0;0;0;0;0;0;0;0;0;0;0;0;0;0;0;0;0;0;0;0;0;0;0;0;0;0;0;0;0;0;0;0;0;2;1;0;1;0;1;1;2014-12-12 10:45:00;600;0;90;10;80;0;-1;1;-1;-1;-1;-1;-1;-1;0;0;0;3;0;3;-1;0;0;0;0;0;0;0;0;0;0;0;0;0;1;1;0;0;-1;-1;0;0;-1;-1;-1;-1;-1;-1;-1;-1;-1;23;23;70;90;100;20;58;90;80;10.3;7.35;4.15;3.05;Perth Glory FC;Newcastle Jets FC;1.86;0.71;3;0.4;2.44;0.44;78;78;30;10;0;68;68;23;0;0;0;98;27;Y;Y;N;N;N;N;N
32856;609;603;2014/2015;complete;142;10;-1;76;40;1;1;2;8;5;13;1;4;0;4;0;0;7;5;7;0;14;5;10;15;59;41;0;4;1.81;3.82;4.66;0;0;0;0;0;0;0;0;0;0;0;0;0;0;0;0;0;0;0;0;0;0;0;0;0;0;0;0;0;0;0;0;0;0;0;0;0;0;0;0;0;0;0;0;0;0;0;0;0;0;0;0;0;0;0;0;0;0;0;0;0;0;0;0;0;2;0;1;1;0;1;1;2014-12-13 04:00:00;-1;0;63;0;63;0;-1;1;-1;-1;-1;-1;-1;-1;0;1;0;3;1;3;-1;0;0;0;0;0;0;0;0;0;0;0;0;0;1;1;0;0;-1;-1;0;1;-1;-1;-1;-1;-1;-1;-1;-1;-1;25;38;50;75;88;38;63;75;63;9.25;4.75;1.5;2.88;Wellington Phoenix;Central Coast Mariners;1.6;0.43;2.25;0.75;1.67;0.67;75;63;50;25;13;63;50;50;0;0;0;98;27;Y;Y;N;N;N;N;Y
32857;607;606;2014/2015;complete;142;10;-1;12,45,79;17,51,76;3;3;6;4;7;11;2;2;2;2;0;0;7;4;4;1;11;5;14;15;48;52;2;2;1.85;3.78;4.47;0;0;0;0;0;0;0;0;0;0;0;0;0;0;0;0;0;0;0;0;0;0;0;0;0;0;0;0;0;0;0;0;0;0;0;0;0;0;0;0;0;0;0;0;0;0;0;0;0;0;0;0;0;0;0;0;0;0;0;0;0;0;0;0;0;6;2;1;1;2;3;3;2014-12-13 08:30:00;-1;0;55;43;13;0;-1;1;-1;-1;-1;-1;-1;-1;0;0;2;2;0;4;-1;0;0;0;0;0;0;0;0;0;0;0;0;0;1;1;0;0;-1;-1;0;0;-1;-1;-1;-1;-1;-1;-1;-1;-1;30;30;43;78;88;43;78;65;23;10.1;7.45;4.95;2.88;Melbourne Victory FC;Sydney FC;2.19;2.27;3;2;2.33;1.78;70;70;58;23;13;58;58;38;0;0;0;98;29;Y;Y;Y;Y;Y;Y;Y
32858;605;601;2014/2015;complete;142;11;-1;49,81;69;2;1;3;4;4;8;1;3;2;1;0;0;8;4;3;4;11;8;15;17;38;62;2;1;4.5;3.67;1.88;0;0;0;0;0;0;0;0;0;0;0;0;0;0;0;0;0;0;0;0;0;0;0;0;0;0;0;0;0;0;0;0;0;0;0;0;0;0;0;0;0;0;0;0;0;0;0;0;0;0;0;0;0;0;0;0;0;0;0;0;0;0;0;0;0;3;0;0;2;1;3;0;2014-12-19 08:40:00;605;0;75;50;13;0;-1;1;-1;-1;-1;-1;-1;-1;2;1;0;0;3;0;-1;0;0;0;0;0;0;0;0;0;0;0;0;0;1;1;0;0;-1;-1;0;0;-1;-1;-1;-1;-1;-1;-1;-1;-1;13;50;75;100;100;63;75;75;38;8.5;5.5;5;3.38;Newcastle Jets FC;Adelaide United;0.54;1.5;0.5;2.25;0.4;2;88;50;25;0;0;38;38;13;0;0;0;98;27;Y;Y;Y;N;N;N;Y
32859;602;607;2014/2015;complete;142;11;-1;90;;1;0;1;9;8;17;4;6;4;3;0;0;5;6;11;4;16;10;16;14;56;44;4;3;3.37;3.62;2.19;0;0;0;0;0;0;0;0;0;0;0;0;0;0;0;0;0;0;0;0;0;0;0;0;0;0;0;0;0;0;0;0;0;0;0;0;0;0;0;0;0;0;0;0;0;0;0;0;0;0;0;0;0;0;0;0;0;0;0;0;0;0;0;0;0;1;0;0;1;0;1;0;2014-12-20 08:30:00;602;0;65;23;43;0;-1;1;-1;-1;-1;-1;-1;-1;1;1;3;2;2;5;-1;0;0;0;0;0;0;0;0;0;0;0;0;0;1;1;0;0;-1;-1;0;0;-1;-1;-1;-1;-1;-1;-1;-1;-1;0;23;55;78;88;23;43;88;55;10.5;7.3;3.4;2.43;Melbourne City FC;Melbourne Victory FC;1.77;1.85;1;1.5;1;2.2;100;78;45;23;13;78;65;35;0;0;0;98;29;Y;N;N;N;N;N;N
32860;600;603;2014/2015;complete;142;11;-1;33,35,71,78;49;4;1;5;6;4;10;2;3;1;0;0;0;2;5;2;4;4;9;12;11;52;48;1;0;1.5;4.37;7.45;0;0;0;0;0;0;0;0;0;0;0;0;0;0;0;0;0;0;0;0;0;0;0;0;0;0;0;0;0;0;0;0;0;0;0;0;0;0;0;0;0;0;0;0;0;0;0;0;0;0;0;0;0;0;0;0;0;0;0;0;0;0;0;0;0;5;2;0;2;1;3;2;2014-12-20 10:30:00;600;0;70;0;60;0;-1;1;-1;-1;-1;-1;-1;-1;0;0;1;0;0;1;-1;0;0;0;0;0;0;0;0;0;0;0;0;0;1;1;0;0;-1;-1;0;0;-1;-1;-1;-1;-1;-1;-1;-1;-1;10;20;50;90;90;10;70;80;60;12.6;7.8;2.8;2.6;Perth Glory FC;Central Coast Mariners;1.86;0.43;3;0.8;2.5;0.7;90;80;50;10;10;70;70;50;0;0;0;98;27;Y;Y;Y;Y;Y;N;Y
32861;606;609;2014/2015;complete;142;11;-1;;73,81;0;2;2;2;5;7;1;8;0;0;0;0;4;4;6;2;10;6;14;8;54;46;0;0;1.81;3.82;4.7;0;0;0;0;0;0;0;0;0;0;0;0;0;0;0;0;0;0;0;0;0;0;0;0;0;0;0;0;0;0;0;0;0;0;0;0;0;0;0;0;0;0;0;0;0;0;0;0;0;0;0;0;0;0;0;0;0;0;0;0;0;0;0;0;0;2;0;0;0;2;2;0;2014-12-21 06:00:00;609;0;70;30;30;0;-1;-1;-1;-1;-1;-1;-1;-1;0;0;0;0;0;0;-1;0;0;0;0;0;0;0;0;0;0;0;0;0;1;1;0;0;-1;-1;-1;-1;-1;-1;-1;-1;-1;-1;-1;-1;-1;10;20;60;90;90;40;70;80;50;11.4;6.8;4.2;2.7;Sydney FC;Wellington Phoenix;1.36;1.69;1.6;1.2;1.7;1.6;90;80;40;10;10;60;50;50;0;0;0;98;28;Y;Y;N;N;N;N;N
32862;602;600;2014/2015;complete;142;12;-1;48;62;1;1;2;10;7;17;0;1;1;1;0;0;7;3;3;2;10;5;16;13;53;47;1;1;2.43;3.48;3.05;0;0;0;0;0;0;0;0;0;0;0;0;0;0;0;0;0;0;0;0;0;0;0;0;0;0;0;0;0;0;0;0;0;0;0;0;0;0;0;0;0;0;0;0;0;0;0;0;0;0;0;0;0;0;0;0;0;0;0;0;0;0;0;0;0;2;0;0;1;1;2;0;2014-12-26 06:30:00;-1;0;64;9;45;0;-1;1;-1;-1;-1;-1;-1;-1;0;0;1;1;0;2;-1;0;0;0;0;0;0;0;0;0;0;0;0;0;1;1;0;0;-1;-1;0;0;-1;-1;-1;-1;-1;-1;-1;-1;-1;0;9;45;74;100;9;65;90;45;12.1;6.4;4.03;2.27;Melbourne City FC;Perth Glory FC;1.77;1.85;1.33;2;1.2;2.55;100;92;55;27;0;82;72;47;0;0;0;98;27;Y;Y;N;N;N;N;Y
32863;606;601;2014/2015;complete;142;12;-1;;67,81,90;0;3;3;5;4;9;4;4;2;5;0;0;3;2;3;3;6;5;15;14;45;55;2;5;2.68;3.5;2.73;0;0;0;0;0;0;0;0;0;0;0;0;0;0;0;0;0;0;0;0;0;0;0;0;0;0;0;0;0;0;0;0;0;0;0;0;0;0;0;0;0;0;0;0;0;0;0;0;0;0;0;0;0;0;0;0;0;0;0;0;0;0;0;0;0;3;0;0;0;3;3;0;2014-12-26 08:45:00;601;0;65;39;27;0;-1;1;-1;-1;-1;-1;-1;-1;1;4;1;1;5;2;-1;0;0;0;0;0;0;0;0;0;0;0;0;0;1;1;0;0;-1;-1;0;0;-1;-1;-1;-1;-1;-1;-1;-1;-1;19;19;57;92;92;57;57;64;44;11.07;5.53;3.7;2.77;Sydney FC;Adelaide United;1.36;1.5;1.33;1.8;1.55;1.82;82;82;44;9;9;54;54;34;0;0;0;98;29;Y;Y;Y;N;N;N;N
32864;603;604;2014/2015;complete;142;12;-1;56,63,80;45,71,81;3;3;6;4;6;10;2;1;3;2;0;0;4;3;3;6;7;9;10;9;45;55;3;2;2.96;3.39;2.54;0;0;0;0;0;0;0;0;0;0;0;0;0;0;0;0;0;0;0;0;0;0;0;0;0;0;0;0;0;0;0;0;0;0;0;0;0;0;0;0;0;0;0;0;0;0;0;0;0;0;0;0;0;0;0;0;0;0;0;0;0;0;0;0;0;6;0;1;3;2;5;1;2014-12-27 06:00:00;-1;0;19;10;9;0;-1;1;-1;-1;-1;-1;-1;-1;2;0;1;2;2;3;-1;0;0;0;0;0;0;0;0;0;0;0;0;0;1;1;0;0;-1;-1;0;0;-1;-1;-1;-1;-1;-1;-1;-1;-1;9;17;37;47;100;20;55;64;27;6.53;4.43;4.83;2.09;Central Coast Mariners;Brisbane Roar;1.31;1.33;0.6;1.5;0.64;1;92;84;64;54;0;54;34;0;0;0;0;98;27;Y;Y;Y;Y;Y;Y;Y
32865;607;605;2014/2015;complete;142;12;-1;85;;1;0;1;9;4;13;2;0;3;4;0;0;4;5;5;1;9;6;22;19;54;46;3;4;1.43;4.91;8.3;0;0;0;0;0;0;0;0;0;0;0;0;0;0;0;0;0;0;0;0;0;0;0;0;0;0;0;0;0;0;0;0;0;0;0;0;0;0;0;0;0;0;0;0;0;0;0;0;0;0;0;0;0;0;0;0;0;0;0;0;0;0;0;0;0;1;0;0;1;0;1;0;2014-12-27 08:30:00;607;0;67;42;34;0;-1;1;-1;-1;-1;-1;-1;-1;1;2;2;2;3;4;-1;0;0;0;0;0;0;0;0;0;0;0;0;0;1;1;0;0;-1;-1;0;1;-1;-1;-1;-1;-1;-1;-1;-1;-1;42;42;50;83;100;50;67;83;42;7.33;6;4.84;3.42;Melbourne Victory FC;Newcastle Jets FC;2.19;0.71;2.67;0.33;2;0.64;58;58;50;17;0;59;59;25;0;0;0;98;27;Y;N;N;N;N;N;N
32866;609;608;2014/2015;complete;142;12;-1;14;;1;0;1;6;12;18;1;2;1;0;0;0;7;11;5;9;12;20;12;9;51;49;1;0;2.16;3.52;3.59;0;0;0;0;0;0;0;0;0;0;0;0;0;0;0;0;0;0;0;0;0;0;0;0;0;0;0;0;0;0;0;0;0;0;0;0;0;0;0;0;0;0;0;0;0;0;0;0;0;0;0;0;0;0;0;0;0;0;0;0;0;0;0;0;0;1;1;0;0;0;0;1;2014-12-28 06:00:00;609;0;70;20;40;0;-1;1;-1;-1;-1;-1;-1;-1;1;0;0;0;1;0;-1;0;0;0;0;0;0;0;1;0;0;0;1;0;1;1;0;0;-1;-1;0;0;-1;-1;-1;-1;-1;-1;-1;-1;-1;40;40;60;80;100;40;80;100;50;9.6;4;3;3.3;Wellington Phoenix;Western Sydney Wanderers;1.6;0.31;2;0;1.73;0.33;60;60;40;20;0;80;60;60;0;0;0;98;27;Y;N;N;N;N;N;N
32867;605;602;2014/2015;complete;142;13;-1;71,79;4,9,24,63,74;2;5;7;8;4;12;0;3;2;3;0;0;8;4;3;2;11;6;12;18;54;46;2;3;2.93;3.49;2.49;0;0;0;0;0;0;0;0;0;0;0;0;0;0;0;0;0;0;0;0;0;0;0;0;0;0;0;0;0;0;0;0;0;0;0;0;0;0;0;0;0;0;0;0;0;0;0;0;0;0;0;0;0;0;0;0;0;0;0;0;0;0;0;0;0;7;0;3;2;2;4;3;2014-12-30 06:00:00;602;0;90;23;58;0;-1;1;-1;-1;-1;-1;-1;-1;2;1;0;2;3;2;-1;0;0;0;0;0;0;0;0;1;0;1;0;0;1;1;0;2;-1;-1;0;0;-1;-1;-1;-1;-1;-1;-1;-1;-1;25;68;78;100;100;48;58;100;90;8.5;5;4.65;4.08;Newcastle Jets FC;Melbourne City FC;0.54;0.94;1;1;0.58;1.18;75;33;23;0;0;48;48;35;0;0;0;98;27;Y;Y;Y;Y;Y;Y;Y
32868;604;606;2014/2015;complete;142;13;-1;;;0;0;0;2;9;11;3;0;1;2;0;0;5;4;1;2;6;6;7;13;60;40;1;2;2.22;3.45;3.45;0;0;0;0;0;0;0;0;0;0;0;0;0;0;0;0;0;0;0;0;0;0;0;0;0;0;0;0;0;0;0;0;0;0;0;0;0;0;0;0;0;0;0;0;0;0;0;0;0;0;0;0;0;0;0;0;0;0;0;0;0;0;0;0;0;0;0;0;0;0;0;0;2014-12-30 09:00:00;-1;0;68;33;33;0;-1;1;-1;-1;-1;-1;-1;-1;0;1;1;1;1;2;-1;0;0;0;0;0;0;0;0;0;0;0;0;0;1;1;0;0;-1;-1;0;0;-1;-1;-1;-1;-1;-1;-1;-1;-1;10;23;45;90;90;45;90;80;33;9.3;3.95;4.35;2.68;Brisbane Roar;Sydney FC;1.08;2.27;0.25;1.8;1;1.42;90;78;55;10;10;65;53;40;0;0;0;98;28;N;N;N;N;N;N;N
32869;601;609;2014/2015;complete;142;13;-1;73;54,77,90;1;3;4;8;3;11;2;2;2;4;0;0;4;2;4;4;8;6;16;21;62;38;2;4;1.77;3.94;4.74;0;0;0;0;0;0;0;0;0;0;0;0;0;0;0;0;0;0;0;0;0;0;0;0;0;0;0;0;0;0;0;0;0;0;0;0;0;0;0;0;0;0;0;0;0;0;0;0;0;0;0;0;0;0;0;0;0;0;0;0;0;0;0;0;0;4;0;0;1;3;4;0;2014-12-31 08:30:00;609;0;50;25;17;0;-1;1;-1;-1;-1;-1;-1;-1;0;0;2;4;0;6;-1;0;0;0;0;0;0;0;0;0;0;0;0;0;1;1;0;0;-1;-1;0;0;-1;-1;-1;-1;-1;-1;-1;-1;-1;0;9;42;84;92;25;75;84;34;12.5;7;3.67;2.25;Adelaide United;Wellington Phoenix;1.87;1.69;1.83;1.5;1.92;1.83;100;92;58;17;9;58;50;50;0;0;0;98;28;Y;Y;Y;Y;N;N;Y
32870;608;603;2014/2015;complete;142;13;-1;;;0;0;0;7;3;10;0;1;3;3;0;0;5;4;7;9;12;13;20;13;43;57;3;3;1.81;3.66;4.88;0;0;0;0;0;0;0;0;0;0;0;0;0;0;0;0;0;0;0;0;0;0;0;0;0;0;0;0;0;0;0;0;0;0;0;0;0;0;0;0;0;0;0;0;0;0;0;0;0;0;0;0;0;0;0;0;0;0;0;0;0;0;0;0;0;0;0;0;0;0;0;0;2015-01-01 08:30:00;-1;0;59;25;25;0;-1;1;-1;-1;-1;-1;-1;-1;1;1;2;2;2;4;-1;0;0;0;0;0;0;0;0;0;0;0;0;0;1;1;0;0;-1;-1;0;0;-1;-1;-1;-1;-1;-1;-1;-1;-1;9;17;17;67;79;42;71;34;25;13.17;5.33;2.92;1.88;Western Sydney Wanderers;Central Coast Mariners;1;0.43;0.75;0.67;0.3;0.67;92;84;84;34;21;84;84;63;0;0;0;98;27;N;N;N;N;N;N;N
32871;607;600;2014/2015;complete;142;13;-1;58;9,16;1;2;3;4;4;8;4;2;3;3;0;0;8;5;5;1;13;6;17;20;57;43;3;3;1.98;3.68;3.95;0;0;0;0;0;0;0;0;0;0;0;0;0;0;0;0;0;0;0;0;0;0;0;0;0;0;0;0;0;0;0;0;0;0;0;0;0;0;0;0;0;0;0;0;0;0;0;0;0;0;0;0;0;0;0;0;0;0;0;0;0;0;0;0;0;3;0;2;1;0;1;2;2015-01-02 08:40:00;600;0;62;29;32;0;-1;1;-1;-1;-1;-1;-1;-1;0;2;3;1;2;4;-1;0;0;0;0;0;0;0;1;0;1;0;0;0;1;1;0;1;-1;-1;0;0;-1;-1;-1;-1;-1;-1;-1;-1;-1;29;29;45;77;100;29;69;85;40;10.97;7.29;4.29;3.02;Melbourne Victory FC;Perth Glory FC;2.19;1.85;2.71;1.83;2.08;2.42;72;72;55;23;0;70;62;48;0;0;0;98;27;Y;Y;Y;N;N;N;Y
32872;606;605;2014/2015;complete;142;14;-1;;;0;0;0;6;5;11;2;2;0;5;0;0;10;3;6;4;16;7;18;20;64;36;0;5;1.79;3.78;4.8;0;0;0;0;0;0;0;0;0;0;0;0;0;0;0;0;0;0;0;0;0;0;0;0;0;0;0;0;0;0;0;0;0;0;0;0;0;0;0;0;0;0;0;0;0;0;0;0;0;0;0;0;0;0;0;0;0;0;0;0;0;0;0;0;0;0;0;0;0;0;0;0;2015-01-03 08:30:00;-1;0;50;14;36;0;-1;1;-1;-1;-1;-1;-1;-1;0;1;0;4;1;4;-1;0;0;0;0;0;0;0;0;0;0;0;0;0;1;1;0;0;-1;-1;0;0;-1;-1;-1;-1;-1;-1;-1;-1;-1;14;14;36;79;93;29;36;79;57;9.43;3.71;4.43;2.36;Sydney FC;Newcastle Jets FC;1.36;0.71;1.14;0.29;1.38;0.54;86;86;64;22;7;71;64;50;0;0;0;98;27;N;N;N;N;N;N;N
32873;609;604;2014/2015;complete;142;14;-1;4,51,67;;3;0;3;3;7;10;3;2;2;2;0;0;3;2;7;9;10;11;11;8;42;58;2;2;2.21;3.57;3.36;0;0;0;0;0;0;0;0;0;0;0;0;0;0;0;0;0;0;0;0;0;0;0;0;0;0;0;0;0;0;0;0;0;0;0;0;0;0;0;0;0;0;0;0;0;0;0;0;0;0;0;0;0;0;0;0;0;0;0;0;0;0;0;0;0;3;1;0;2;0;2;1;2015-01-04 04:00:00;609;0;48;0;40;0;-1;1;-1;-1;-1;-1;-1;-1;1;0;1;2;1;3;-1;0;0;0;0;0;0;0;1;0;1;0;0;0;1;1;1;0;-1;-1;0;0;-1;-1;-1;-1;-1;-1;-1;-1;-1;31;38;47;55;100;17;70;77;47;9.54;4.04;3.38;2.86;Wellington Phoenix;Brisbane Roar;1.6;1.33;2.17;1.43;1.92;1;69;62;54;45;0;77;69;34;0;0;0;98;28;Y;Y;Y;N;N;N;N
32874;603;602;2014/2015;complete;142;14;-1;12,27;;2;0;2;7;11;18;1;4;1;1;0;1;4;5;4;6;8;11;12;15;47;53;1;3;3.21;3.45;2.33;0;0;0;0;0;0;0;0;0;0;0;0;0;0;0;0;0;0;0;0;0;0;0;0;0;0;0;0;0;0;0;0;0;0;0;0;0;0;0;0;0;0;0;0;0;0;0;0;0;0;0;0;0;0;0;0;0;0;0;0;0;0;0;0;0;2;2;0;0;0;0;2;2015-01-04 06:00:00;603;0;67;19;49;0;-1;1;-1;-1;-1;-1;-1;-1;1;0;0;2;1;2;-1;0;0;0;0;0;0;0;0;0;0;0;0;0;1;1;0;0;-1;-1;0;0;-1;-1;-1;-1;-1;-1;-1;-1;-1;39;49;65;84;100;57;74;84;67;7.73;5.5;4.57;3.94;Central Coast Mariners;Melbourne City FC;1.31;0.94;0.67;1.4;0.69;1.33;62;52;35;17;0;65;49;30;0;0;0;98;27;Y;Y;N;N;N;N;N
32875;600;601;2014/2015;complete;142;14;-1;11;31,48;1;2;3;4;5;9;1;4;4;2;0;0;8;6;9;3;17;9;15;11;40;60;4;2;2.29;3.58;3.18;0;0;0;0;0;0;0;0;0;0;0;0;0;0;0;0;0;0;0;0;0;0;0;0;0;0;0;0;0;0;0;0;0;0;0;0;0;0;0;0;0;0;0;0;0;0;0;0;0;0;0;0;0;0;0;0;0;0;0;0;0;0;0;0;0;3;1;1;0;1;1;2;2015-01-05 09:30:00;601;0;75;25;50;0;-1;1;-1;-1;-1;-1;-1;-1;2;0;2;2;2;4;-1;0;0;0;0;0;0;0;0;0;0;0;0;0;1;1;0;0;-1;-1;0;0;-1;-1;-1;-1;-1;-1;-1;-1;-1;25;25;83;100;100;42;75;84;58;12.33;8.33;4;3.34;Perth Glory FC;Adelaide United;1.86;1.5;3;2;2.46;1.77;75;75;17;0;0;67;58;17;0;0;0;98;27;Y;Y;Y;N;N;N;Y
32876;608;607;2014/2015;complete;142;14;-1;55;26,80;1;2;3;6;7;13;1;2;2;2;0;0;3;2;4;4;7;6;16;15;56;44;2;2;3.35;3.58;2.21;0;0;0;0;0;0;0;0;0;0;0;0;0;0;0;0;0;0;0;0;0;0;0;0;0;0;0;0;0;0;0;0;0;0;0;0;0;0;0;0;0;0;0;0;0;0;0;0;0;0;0;0;0;0;0;0;0;0;0;0;0;0;0;0;0;3;0;1;1;1;2;1;2015-01-06 08:30:00;607;0;40;30;10;0;-1;1;-1;-1;-1;-1;-1;-1;0;0;2;2;0;4;-1;0;0;0;0;0;0;0;0;0;0;0;0;0;1;1;0;0;-1;-1;0;0;-1;-1;-1;-1;-1;-1;-1;-1;-1;0;10;20;50;70;30;40;40;20;13.8;7.2;4.2;1.5;Western Sydney Wanderers;Melbourne Victory FC;1;1.85;0.8;1.2;0.36;1.92;100;90;80;50;30;90;80;60;0;0;0;98;27;Y;Y;Y;N;N;N;Y
32877;601;605;2014/2015;complete;142;15;-1;2,23,28,35,54,70,90;;7;0;7;-1;-1;-1;-1;-1;0;4;0;0;-1;-1;-1;-1;-1;-1;-1;-1;-1;-1;0;4;1.45;4.66;8.06;0;0;0;0;0;0;0;0;0;0;0;0;0;0;0;0;0;0;0;0;0;0;0;0;0;0;0;0;0;0;0;0;0;0;0;0;0;0;0;0;0;0;0;0;0;0;0;0;0;0;0;0;0;0;0;0;0;0;0;0;0;0;0;0;0;7;4;0;3;0;3;4;2015-01-24 06:00:00;601;0;47;14;34;0;-1;1;-1;-1;-1;-1;-1;-1;0;4;0;0;4;0;-1;0;0;0;0;0;0;0;2;0;2;0;0;0;1;1;1;0;-1;-1;0;0;-1;-1;-1;-1;-1;-1;-1;-1;-1;7;14;27;67;87;20;48;73;34;11.68;3.39;4.84;2;Adelaide United;Newcastle Jets FC;1.87;0.71;1.57;0.38;1.86;0.57;94;87;73;34;14;81;81;68;0;0;0;98;27;Y;Y;Y;Y;Y;Y;N
32878;603;606;2014/2015;complete;142;15;-1;66;16,18,44,48,72;1;5;6;-1;-1;-1;-1;-1;1;3;0;0;-1;-1;-1;-1;-1;-1;-1;-1;-1;-1;1;3;2.76;3.27;2.76;0;0;0;0;0;0;0;0;0;0;0;0;0;0;0;0;0;0;0;0;0;0;0;0;0;0;0;0;0;0;0;0;0;0;0;0;0;0;0;0;0;0;0;0;0;0;0;0;0;0;0;0;0;0;0;0;0;0;0;0;0;0;0;0;0;6;0;3;1;2;3;3;2015-01-24 08:30:00;606;0;40;24;24;0;-1;1;-1;-1;-1;-1;-1;-1;0;1;1;2;1;3;-1;0;0;0;0;0;0;0;0;0;0;0;0;0;1;1;0;0;-1;-1;0;0;-1;-1;-1;-1;-1;-1;-1;-1;-1;16;16;38;69;84;38;69;54;31;10.19;4.12;4.5;2.37;Central Coast Mariners;Sydney FC;1.31;2.27;1;1.67;0.86;1.36;85;85;62;31;17;70;56;49;0;0;0;98;27;Y;Y;Y;Y;Y;Y;Y
32879;600;607;2014/2015;complete;142;15;-1;22,78,88;18,42,57;3;3;6;-1;-1;-1;-1;-1;2;3;0;0;-1;-1;-1;-1;-1;-1;-1;-1;-1;-1;2;3;2.22;3.45;3.45;0;0;0;0;0;0;0;0;0;0;0;0;0;0;0;0;0;0;0;0;0;0;0;0;0;0;0;0;0;0;0;0;0;0;0;0;0;0;0;0;0;0;0;0;0;0;0;0;0;0;0;0;0;0;0;0;0;0;0;0;0;0;0;0;0;6;1;2;2;1;3;3;2015-01-25 09:00:00;-1;0;68;16;52;0;-1;1;-1;-1;-1;-1;-1;-1;1;1;1;2;2;3;-1;0;0;0;0;0;0;0;1;0;1;0;0;0;1;1;0;0;-1;-1;1;0;-1;-1;-1;-1;-1;-1;-1;-1;-1;15;23;68;84;92;23;60;92;61;12.93;8.76;3.88;2.8;Perth Glory FC;Melbourne Victory FC;1.86;1.85;2.57;1.5;2.29;2;86;77;32;17;9;85;69;48;0;0;0;98;27;Y;Y;Y;Y;Y;Y;Y
32880;602;608;2014/2015;complete;142;15;-1;24,73;5;2;1;3;15;3;18;2;1;0;0;0;0;11;3;8;0;19;3;11;12;62;38;0;0;1.98;3.53;4.14;0;0;0;0;0;0;0;0;0;0;0;0;0;0;0;0;0;0;0;0;0;0;0;0;0;0;0;0;0;0;0;0;0;0;0;0;0;0;0;0;0;0;0;0;0;0;0;0;0;0;0;0;0;0;0;0;0;0;0;0;0;0;0;0;0;3;1;1;1;0;1;2;2015-02-01 06:00:00;602;0;61;24;37;0;-1;-1;-1;-1;-1;-1;-1;-1;0;0;0;0;0;0;-1;0;0;0;0;0;0;0;0;0;0;0;0;0;1;1;0;1;-1;-1;-1;-1;-1;-1;-1;-1;-1;-1;-1;-1;-1;17;24;47;69;100;24;63;92;45;12.17;4.07;3.71;2.56;Melbourne City FC;Western Sydney Wanderers;1.77;0.31;1.29;0;1.23;0.33;84;77;54;31;0;85;77;55;0;0;0;98;27;Y;Y;Y;N;N;N;Y
32881;604;609;2014/2015;complete;142;15;-1;60,76,90;50,81;3;2;5;5;3;8;1;1;0;2;0;0;8;4;5;5;13;9;13;11;59;41;0;2;2.42;3.36;3.13;0;0;0;0;0;0;0;0;0;0;0;0;0;0;0;0;0;0;0;0;0;0;0;0;0;0;0;0;0;0;0;0;0;0;0;0;0;0;0;0;0;0;0;0;0;0;0;0;0;0;0;0;0;0;0;0;0;0;0;0;0;0;0;0;0;5;0;0;3;2;5;0;2015-02-02 09:00:00;604;0;66;25;25;0;-1;1;-1;-1;-1;-1;-1;-1;0;1;0;1;1;1;-1;0;0;0;0;0;0;0;0;0;0;0;0;0;1;1;0;0;-1;-1;0;0;-1;-1;-1;-1;-1;-1;-1;-1;-1;0;25;56;90;90;35;76;90;39;7.06;6.43;3.89;2.6;Brisbane Roar;Wellington Phoenix;1.08;1.69;0.4;1.71;0.92;2;100;76;45;10;10;52;35;25;0;0;0;98;28;Y;Y;Y;Y;Y;N;Y
32882;605;604;2014/2015;complete;142;16;-1;72;35,90;1;2;3;5;6;11;0;0;4;0;0;0;4;4;3;1;7;5;14;14;38;62;4;0;7.19;4.19;1.53;0;0;0;0;0;0;0;0;0;0;0;0;0;0;0;0;0;0;0;0;0;0;0;0;0;0;0;0;0;0;0;0;0;0;0;0;0;0;0;0;0;0;0;0;0;0;0;0;0;0;0;0;0;0;0;0;0;0;0;0;0;0;0;0;0;3;0;1;1;1;2;1;2015-02-06 08:40:00;604;0;54;9;38;0;-1;1;-1;-1;-1;-1;-1;-1;1;0;3;0;1;3;-1;0;0;0;0;0;0;0;0;0;0;0;0;0;1;1;0;0;-1;-1;0;0;-1;-1;-1;-1;-1;-1;-1;-1;-1;21;53;67;75;100;17;57;88;67;8.8;3.42;4.96;3.38;Newcastle Jets FC;Brisbane Roar;0.54;1.33;0.83;1.25;0.53;1.07;79;48;34;25;0;54;54;17;0;0;0;98;27;Y;Y;Y;N;N;N;Y
32883;603;601;2014/2015;complete;142;16;-1;79,83;29;2;1;3;2;11;13;4;1;1;0;0;0;2;6;2;6;4;12;10;17;40;60;1;0;4.49;3.74;1.85;0;0;0;0;0;0;0;0;0;0;0;0;0;0;0;0;0;0;0;0;0;0;0;0;0;0;0;0;0;0;0;0;0;0;0;0;0;0;0;0;0;0;0;0;0;0;0;0;0;0;0;0;0;0;0;0;0;0;0;0;0;0;0;0;0;3;0;1;2;0;2;1;2015-02-07 06:00:00;603;0;55;35;20;0;-1;1;-1;-1;-1;-1;-1;-1;1;0;0;0;1;0;-1;0;0;0;0;0;0;0;1;0;0;0;1;0;1;1;0;0;-1;-1;0;0;-1;-1;-1;-1;-1;-1;-1;-1;-1;20;20;68;88;100;61;73;67;34;8.29;5.31;4.45;3.07;Central Coast Mariners;Adelaide United;1.31;1.5;0.88;2.14;0.8;1.93;81;81;32;13;0;57;29;7;0;0;0;98;27;Y;Y;Y;N;N;N;Y
32884;607;602;2014/2015;complete;142;16;-1;10,53,62;;3;0;3;4;4;8;5;1;0;2;0;0;2;4;3;6;5;10;18;16;39;61;0;2;2.07;3.76;3.65;0;0;0;0;0;0;0;0;0;0;0;0;0;0;0;0;0;0;0;0;0;0;0;0;0;0;0;0;0;0;0;0;0;0;0;0;0;0;0;0;0;0;0;0;0;0;0;0;0;0;0;0;0;0;0;0;0;0;0;0;0;0;0;0;0;3;1;0;2;0;2;1;2015-02-07 08:30:00;607;0;73;34;40;0;-1;1;-1;-1;-1;-1;-1;-1;0;1;0;1;1;1;-1;0;0;0;0;0;0;0;0;0;0;0;0;0;1;1;1;0;-1;-1;0;0;-1;-1;-1;-1;-1;-1;-1;-1;-1;50;59;65;88;100;73;79;86;54;10.5;7.42;4.88;4.21;Melbourne Victory FC;Melbourne City FC;2.19;0.94;2.38;1.17;1.93;1.36;50;42;36;13;0;67;67;46;0;0;0;98;29;Y;Y;Y;N;N;N;N
32885;600;606;2014/2015;complete;142;16;-1;73;30,69,89;1;3;4;7;2;9;4;1;2;3;1;2;2;3;4;3;6;6;7;16;53;47;4;6;2.01;3.62;3.91;0;0;0;0;0;0;0;0;0;0;0;0;0;0;0;0;0;0;0;0;0;0;0;0;0;0;0;0;0;0;0;0;0;0;0;0;0;0;0;0;0;0;0;0;0;0;0;0;0;0;0;0;0;0;0;0;0;0;0;0;0;0;0;0;0;4;0;1;1;2;3;1;2015-02-07 10:30:00;606;0;73;27;59;0;-1;1;-1;-1;-1;-1;-1;-1;2;2;1;3;4;4;-1;0;0;0;0;0;0;0;0;2;0;2;0;0;1;1;0;0;-1;-1;0;0;-1;-1;-1;-1;-1;-1;-1;-1;-1;34;34;66;86;86;41;80;79;59;13.76;5.18;4.32;3.23;Perth Glory FC;Sydney FC;1.86;2.27;2.38;1.86;2.2;1.47;67;67;35;15;15;85;77;56;0;0;0;98;27;Y;Y;Y;Y;N;N;Y
32886;608;609;2014/2015;complete;142;16;-1;18,90;;2;0;2;2;8;10;4;4;4;2;0;0;5;4;3;6;8;10;21;9;46;54;4;2;2.78;3.35;2.69;0;0;0;0;0;0;0;0;0;0;0;0;0;0;0;0;0;0;0;0;0;0;0;0;0;0;0;0;0;0;0;0;0;0;0;0;0;0;0;0;0;0;0;0;0;0;0;0;0;0;0;0;0;0;0;0;0;0;0;0;0;0;0;0;0;2;1;0;1;0;1;1;2015-02-08 06:00:00;608;0;63;29;28;0;-1;1;-1;-1;-1;-1;-1;-1;0;0;4;2;0;6;-1;0;0;0;0;0;0;0;0;0;0;0;0;0;1;1;0;0;-1;-1;0;0;-1;-1;-1;-1;-1;-1;-1;-1;-1;7;19;46;75;84;29;65;59;40;11.92;6.17;4.25;2.29;Western Sydney Wanderers;Wellington Phoenix;1;1.69;0.67;1.5;0.31;1.87;94;82;54;25;17;69;63;46;0;0;0;98;27;Y;Y;N;N;N;N;N
32887;603;604;2014/2015;complete;142;17;-1;;50,90;0;2;2;4;7;11;0;4;2;1;0;0;4;6;2;6;6;12;8;9;44;56;2;1;2.91;3.42;2.54;0;0;0;0;0;0;0;0;0;0;0;0;0;0;0;0;0;0;0;0;0;0;0;0;0;0;0;0;0;0;0;0;0;0;0;0;0;0;0;0;0;0;0;0;0;0;0;0;0;0;0;0;0;0;0;0;0;0;0;0;0;0;0;0;0;2;0;0;0;2;2;0;2015-02-13 08:40:00;604;0;39;6;28;0;-1;1;-1;-1;-1;-1;-1;-1;1;1;1;0;2;1;-1;0;0;0;0;0;0;0;0;2;0;2;0;0;1;1;0;0;-1;-1;0;0;-1;-1;-1;-1;-1;-1;-1;-1;-1;22;28;56;67;100;22;73;73;50;7.96;3.67;4.11;2.89;Central Coast Mariners;Brisbane Roar;1.31;1.33;1.11;1.44;0.94;1.2;78;73;44;33;0;71;58;18;0;0;0;98;27;Y;Y;N;N;N;N;N
32888;609;602;2014/2015;complete;142;17;-1;;;0;0;0;11;4;15;3;3;2;6;0;0;2;3;6;7;8;10;11;23;51;49;2;6;2.04;3.75;3.65;0;0;0;0;0;0;0;0;0;0;0;0;0;0;0;0;0;0;0;0;0;0;0;0;0;0;0;0;0;0;0;0;0;0;0;0;0;0;0;0;0;0;0;0;0;0;0;0;0;0;0;0;0;0;0;0;0;0;0;0;0;0;0;0;0;0;0;0;0;0;0;0;2015-02-14 04:00:00;-1;0;64;7;50;0;-1;1;-1;-1;-1;-1;-1;-1;0;2;2;4;2;6;-1;0;0;0;0;0;0;0;0;0;0;0;0;0;1;1;0;0;-1;-1;0;0;-1;-1;-1;-1;-1;-1;-1;-1;-1;36;43;64;86;100;50;86;86;72;10.72;5.29;3.29;3.72;Wellington Phoenix;Melbourne City FC;1.6;0.94;2.29;1;1.75;1.27;64;57;36;15;0;79;71;57;0;0;0;98;28;N;N;N;N;N;N;N
32889;605;608;2014/2015;complete;142;17;-1;90;86;1;1;2;3;3;6;1;3;2;2;0;0;3;5;1;5;4;10;13;15;47;53;2;2;3.65;3.64;2.08;0;0;0;0;0;0;0;0;0;0;0;0;0;0;0;0;0;0;0;0;0;0;0;0;0;0;0;0;0;0;0;0;0;0;0;0;0;0;0;0;0;0;0;0;0;0;0;0;0;0;0;0;0;0;0;0;0;0;0;0;0;0;0;0;0;2;0;0;1;1;2;0;2015-02-14 06:00:00;-1;0;72;29;36;0;-1;1;-1;-1;-1;-1;-1;-1;0;0;2;2;0;4;-1;0;0;0;0;0;0;0;1;1;1;1;0;0;1;1;0;0;-1;-1;0;0;-1;-1;-1;-1;-1;-1;-1;-1;-1;22;43;72;86;100;36;72;93;58;9.57;2.86;4.28;3.36;Newcastle Jets FC;Western Sydney Wanderers;0.54;0.31;0.71;0;0.5;0.5;79;57;29;15;0;65;57;57;0;0;0;98;27;Y;Y;N;N;N;N;Y
32890;606;607;2014/2015;complete;142;17;-1;8,73,85;34,41,78;3;3;6;6;7;13;1;6;3;5;0;0;6;5;4;3;10;8;22;12;55;45;3;5;2.7;3.54;2.65;0;0;0;0;0;0;0;0;0;0;0;0;0;0;0;0;0;0;0;0;0;0;0;0;0;0;0;0;0;0;0;0;0;0;0;0;0;0;0;0;0;0;0;0;0;0;0;0;0;0;0;0;0;0;0;0;0;0;0;0;0;0;0;0;0;6;1;2;2;1;3;3;2015-02-14 08:30:00;-1;0;48;21;34;0;-1;1;-1;-1;-1;-1;-1;-1;0;1;3;4;1;7;-1;0;0;0;0;0;0;0;2;0;2;0;0;0;1;1;1;0;-1;-1;0;0;-1;-1;-1;-1;-1;-1;-1;-1;-1;14;21;48;73;81;27;34;75;60;11.88;6.07;3.67;2.42;Sydney FC;Melbourne Victory FC;1.36;1.85;1.13;1.43;1.56;2;87;80;53;27;20;79;65;65;0;0;0;98;29;Y;Y;Y;Y;Y;Y;Y
32891;601;600;2014/2015;complete;142;17;-1;11;53;1;1;2;5;4;9;1;1;1;5;0;0;8;3;6;5;14;8;11;25;63;37;1;5;1.87;3.68;4.5;0;0;0;0;0;0;0;0;0;0;0;0;0;0;0;0;0;0;0;0;0;0;0;0;0;0;0;0;0;0;0;0;0;0;0;0;0;0;0;0;0;0;0;0;0;0;0;0;0;0;0;0;0;0;0;0;0;0;0;0;0;0;0;0;0;2;1;0;0;1;1;1;2015-02-15 06:00:00;-1;0;55;7;34;0;-1;1;-1;-1;-1;-1;-1;-1;0;2;1;3;2;4;-1;0;0;0;0;0;0;0;0;0;0;0;0;0;1;1;0;0;-1;-1;0;0;-1;-1;-1;-1;-1;-1;-1;-1;-1;7;13;41;81;94;20;67;81;41;14;4.61;3.64;2.46;Adelaide United;Perth Glory FC;1.87;1.85;1.75;2;1.81;2.06;94;88;60;20;7;79;72;72;0;0;0;98;27;Y;Y;N;N;N;N;Y
32892;606;603;2014/2015;complete;142;18;-1;14,68,81,90;45,58;4;2;6;7;3;10;2;0;1;6;0;0;6;7;2;1;8;8;10;15;56;44;1;6;1.6;4.16;6.03;0;0;0;0;0;0;0;0;0;0;0;0;0;0;0;0;0;0;0;0;0;0;0;0;0;0;0;0;0;0;0;0;0;0;0;0;0;0;0;0;0;0;0;0;0;0;0;0;0;0;0;0;0;0;0;0;0;0;0;0;0;0;0;0;0;6;1;1;3;1;4;2;2015-02-21 06:00:00;606;0;51;11;38;0;-1;1;-1;-1;-1;-1;-1;-1;0;2;1;4;2;5;-1;0;0;0;0;0;0;0;0;0;0;0;0;0;1;1;0;0;-1;-1;0;0;-1;-1;-1;-1;-1;-1;-1;-1;-1;18;26;37;75;75;31;45;62;55;10.33;4.47;2.99;2.35;Sydney FC;Central Coast Mariners;1.36;0.43;1.11;0.71;1.53;0.88;82;75;64;26;26;75;69;55;0;0;0;98;27;Y;Y;Y;Y;Y;Y;Y
32893;601;608;2014/2015;complete;142;18;-1;51,90;19;2;1;3;7;4;11;3;0;2;3;0;1;7;6;7;3;14;9;12;16;58;42;2;4;1.6;4.2;5.99;0;0;0;0;0;0;0;0;0;0;0;0;0;0;0;0;0;0;0;0;0;0;0;0;0;0;0;0;0;0;0;0;0;0;0;0;0;0;0;0;0;0;0;0;0;0;0;0;0;0;0;0;0;0;0;0;0;0;0;0;0;0;0;0;0;3;0;1;2;0;2;1;2015-02-21 08:30:00;601;0;54;25;24;0;-1;1;-1;-1;-1;-1;-1;-1;0;1;2;3;1;5;-1;0;0;0;0;0;0;0;0;0;0;0;0;0;1;1;0;0;-1;-1;0;0;-1;-1;-1;-1;-1;-1;-1;-1;-1;18;24;42;77;95;30;71;83;36;12.63;3.3;3.19;2.66;Adelaide United;Western Sydney Wanderers;1.87;0.31;1.67;0.13;1.76;0.53;82;77;59;24;6;82;69;69;0;0;0;98;27;Y;Y;Y;N;N;N;Y
32894;609;605;2014/2015;complete;142;18;-1;68,90;12,18;2;2;4;8;5;13;3;2;2;4;0;1;7;0;8;5;15;5;11;29;64;36;2;5;1.42;4.95;8.16;0;0;0;0;0;0;0;0;0;0;0;0;0;0;0;0;0;0;0;0;0;0;0;0;0;0;0;0;0;0;0;0;0;0;0;0;0;0;0;0;0;0;0;0;0;0;0;0;0;0;0;0;0;0;0;0;0;0;0;0;0;0;0;0;0;4;0;2;2;0;2;2;2015-02-22 04:00:00;-1;0;47;6;36;0;-1;1;-1;-1;-1;-1;-1;-1;1;3;1;2;4;3;-1;0;0;0;0;0;0;0;0;0;0;0;0;0;1;1;0;0;-1;-1;0;1;-1;-1;-1;-1;-1;-1;-1;-1;-1;24;24;42;65;89;29;60;77;47;9.38;3.5;4.22;2.6;Wellington Phoenix;Newcastle Jets FC;1.6;0.71;2.13;0.33;1.71;0.53;77;77;59;36;12;82;75;57;0;0;0;98;27;Y;Y;Y;Y;N;N;Y
32895;602;600;2014/2015;complete;142;18;-1;;;0;0;0;8;3;11;1;6;1;1;0;0;8;0;8;7;16;7;13;13;52;48;1;1;2.32;3.46;3.23;0;0;0;0;0;0;0;0;0;0;0;0;0;0;0;0;0;0;0;0;0;0;0;0;0;0;0;0;0;0;0;0;0;0;0;0;0;0;0;0;0;0;0;0;0;0;0;0;0;0;0;0;0;0;0;0;0;0;0;0;0;0;0;0;0;0;0;0;0;0;0;0;2015-02-22 06:00:00;-1;0;75;13;44;0;-1;1;-1;-1;-1;-1;-1;-1;0;0;1;1;0;2;-1;0;0;0;0;0;0;0;0;0;0;0;0;0;1;1;0;0;-1;-1;0;0;-1;-1;-1;-1;-1;-1;-1;-1;-1;0;7;44;82;100;19;63;94;44;13.38;5.13;4;2.32;Melbourne City FC;Perth Glory FC;1.77;1.85;1.5;1.88;1.25;2;100;94;57;19;0;82;69;50;0;0;0;98;27;N;N;N;N;N;N;N
32896;602;601;2014/2015;complete;142;19;-1;52,55,87;32;3;1;4;8;4;12;2;0;1;3;0;0;5;5;10;4;15;9;15;11;43;57;1;3;2.85;3.53;2.52;0;0;0;0;0;0;0;0;0;0;0;0;0;0;0;0;0;0;0;0;0;0;0;0;0;0;0;0;0;0;0;0;0;0;0;0;0;0;0;0;0;0;0;0;0;0;0;0;0;0;0;0;0;0;0;0;0;0;0;0;0;0;0;0;0;4;0;1;3;0;3;1;2015-02-27 08:40:00;602;0;71;36;29;0;-1;1;-1;-1;-1;-1;-1;-1;0;1;1;2;1;3;-1;0;0;0;0;0;0;0;0;0;0;0;0;0;1;1;0;0;-1;-1;0;0;-1;-1;-1;-1;-1;-1;-1;-1;-1;7;12;66;84;95;43;60;82;41;13.25;5.46;3.69;2.62;Melbourne City FC;Adelaide United;1.77;1.5;1.44;1.88;1.24;1.83;94;89;35;17;6;76;64;35;0;0;0;98;29;Y;Y;Y;Y;N;N;Y
32897;605;603;2014/2015;complete;142;19;-1;;;0;0;0;5;5;10;0;0;2;0;0;0;6;5;9;8;15;13;14;5;45;55;2;0;3.18;3.45;2.35;0;0;0;0;0;0;0;0;0;0;0;0;0;0;0;0;0;0;0;0;0;0;0;0;0;0;0;0;0;0;0;0;0;0;0;0;0;0;0;0;0;0;0;0;0;0;0;0;0;0;0;0;0;0;0;0;0;0;0;0;0;0;0;0;0;0;0;0;0;0;0;0;2015-02-28 06:00:00;-1;0;76;13;57;0;-1;1;-1;-1;-1;-1;-1;-1;1;0;1;0;1;1;-1;0;0;0;0;0;0;0;0;0;0;0;0;0;1;1;0;0;-1;-1;0;0;-1;-1;-1;-1;-1;-1;-1;-1;-1;19;44;57;88;88;32;57;82;69;8.38;3.26;4.5;3.13;Newcastle Jets FC;Central Coast Mariners;0.54;0.43;0.75;0.63;0.56;0.83;82;57;44;13;13;57;57;38;0;0;0;98;27;N;N;N;N;N;N;N
32898;608;606;2014/2015;complete;142;19;-1;33,42,53;10,18,24,74;3;4;7;2;4;6;5;0;2;3;0;1;7;4;2;5;9;9;10;13;57;43;2;4;3.4;3.49;2.22;0;0;0;0;0;0;0;0;0;0;0;0;0;0;0;0;0;0;0;0;0;0;0;0;0;0;0;0;0;0;0;0;0;0;0;0;0;0;0;0;0;0;0;0;0;0;0;0;0;0;0;0;0;0;0;0;0;0;0;0;0;0;0;0;0;7;2;3;1;1;2;5;2015-02-28 08:30:00;606;0;53;27;32;0;-1;1;-1;-1;-1;-1;-1;-1;1;2;1;2;3;3;-1;0;0;0;0;0;0;0;0;0;0;0;0;0;1;1;0;1;-1;-1;0;0;-1;-1;-1;-1;-1;-1;-1;-1;-1;13;19;32;66;73;34;73;46;32;13;3.81;5.29;2.16;Western Sydney Wanderers;Sydney FC;1;2.27;1;2;0.5;1.61;88;82;68;34;27;93;86;64;0;0;0;98;27;Y;Y;Y;Y;Y;Y;Y
32899;600;604;2014/2015;complete;142;19;-1;26,84;59,62;2;2;4;4;9;13;0;0;1;0;0;1;6;2;4;6;10;8;15;9;46;54;1;2;2.04;3.62;3.78;0;0;0;0;0;0;0;0;0;0;0;0;0;0;0;0;0;0;0;0;0;0;0;0;0;0;0;0;0;0;0;0;0;0;0;0;0;0;0;0;0;0;0;0;0;0;0;0;0;0;0;0;0;0;0;0;0;0;0;0;0;0;0;0;0;4;1;0;1;2;3;1;2015-02-28 10:30:00;-1;0;60;11;54;0;-1;1;-1;-1;-1;-1;-1;-1;1;0;0;1;1;1;-1;0;0;0;0;0;0;0;0;0;0;0;0;0;1;1;0;0;-1;-1;0;0;-1;-1;-1;-1;-1;-1;-1;-1;-1;27;37;70;80;100;17;75;90;69;11.98;5.58;4.2;3.24;Perth Glory FC;Brisbane Roar;1.86;1.33;2.11;1.6;1.94;1.31;74;63;31;20;0;84;72;23;0;0;0;98;27;Y;Y;Y;Y;N;N;Y
32900;607;609;2014/2015;complete;142;19;-1;34,53;42,68,77;2;3;5;4;6;10;6;6;2;2;0;0;4;2;4;3;8;5;13;18;58;42;2;2;1.69;4.16;5.05;0;0;0;0;0;0;0;0;0;0;0;0;0;0;0;0;0;0;0;0;0;0;0;0;0;0;0;0;0;0;0;0;0;0;0;0;0;0;0;0;0;0;0;0;0;0;0;0;0;0;0;0;0;0;0;0;0;0;0;0;0;0;0;0;0;5;1;1;1;2;3;2;2015-03-01 06:00:00;609;0;62;33;22;0;-1;1;-1;-1;-1;-1;-1;-1;1;1;1;1;2;2;-1;0;0;0;0;0;0;0;1;0;0;0;1;0;1;1;0;0;-1;-1;0;0;-1;-1;-1;-1;-1;-1;-1;-1;-1;28;39;67;89;100;39;73;95;45;9.11;8.33;4.33;3.39;Melbourne Victory FC;Wellington Phoenix;2.19;1.69;2.44;1.33;1.94;1.67;73;62;33;11;0;44;39;22;0;0;0;98;28;Y;Y;Y;Y;Y;N;Y
32901;605;606;2014/2015;complete;142;20;-1;;68;0;1;1;1;10;11;1;1;1;2;0;0;5;8;6;9;11;17;11;9;52;48;1;2;4.94;3.94;1.74;0;0;0;0;0;0;0;0;0;0;0;0;0;0;0;0;0;0;0;0;0;0;0;0;0;0;0;0;0;0;0;0;0;0;0;0;0;0;0;0;0;0;0;0;0;0;0;0;0;0;0;0;0;0;0;0;0;0;0;0;0;0;0;0;0;1;0;0;0;1;1;0;2015-03-06 08:40:00;606;0;73;22;56;0;-1;1;-1;-1;-1;-1;-1;-1;0;0;1;2;0;3;-1;0;0;0;0;0;0;0;0;0;0;0;0;0;1;1;0;0;-1;-1;0;0;-1;-1;-1;-1;-1;-1;-1;-1;-1;22;44;62;84;84;33;61;78;67;10.06;2.44;5.55;3.28;Newcastle Jets FC;Sydney FC;0.54;2.27;0.78;2.11;0.58;1.68;78;56;39;17;17;60;54;48;0;0;0;98;27;Y;N;N;N;N;N;N
32902;609;601;2014/2015;complete;142;20;-1;79,82;;2;0;2;5;9;14;3;1;0;2;0;0;3;4;3;8;6;12;14;22;42;58;0;2;2.68;3.61;2.63;0;0;0;0;0;0;0;0;0;0;0;0;0;0;0;0;0;0;0;0;0;0;0;0;0;0;0;0;0;0;0;0;0;0;0;0;0;0;0;0;0;0;0;0;0;0;0;0;0;0;0;0;0;0;0;0;0;0;0;0;0;0;0;0;0;2;0;0;2;0;2;0;2015-03-07 04:00:00;609;0;67;22;22;0;-1;1;-1;-1;-1;-1;-1;-1;0;0;0;2;0;2;-1;0;0;0;0;0;0;0;0;0;0;0;0;0;1;1;0;0;-1;-1;0;0;-1;-1;-1;-1;-1;-1;-1;-1;-1;17;28;73;84;95;45;78;78;50;11.44;5.34;3.44;3;Wellington Phoenix;Adelaide United;1.6;1.5;2;1.67;1.74;1.74;84;73;28;17;6;78;61;45;0;0;0;98;28;Y;Y;N;N;N;N;N
32903;607;600;2014/2015;complete;142;20;-1;63;43;1;1;2;10;3;13;0;2;1;7;0;1;7;3;8;2;15;5;15;16;59;41;1;8;1.85;3.9;4.3;0;0;0;0;0;0;0;0;0;0;0;0;0;0;0;0;0;0;0;0;0;0;0;0;0;0;0;0;0;0;0;0;0;0;0;0;0;0;0;0;0;0;0;0;0;0;0;0;0;0;0;0;0;0;0;0;0;0;0;0;0;0;0;0;0;2;0;1;1;0;1;1;2015-03-07 08:30:00;-1;0;64;25;27;0;-1;1;-1;-1;-1;-1;-1;-1;1;2;0;6;3;6;-1;0;0;0;0;0;0;0;0;0;0;0;0;0;1;1;0;0;-1;-1;0;0;-1;-1;-1;-1;-1;-1;-1;-1;-1;25;25;52;79;95;36;74;84;37;9.91;7.5;4.43;2.9;Melbourne Victory FC;Perth Glory FC;2.19;1.85;2.2;1.78;1.83;1.89;75;75;49;21;6;64;53;38;0;0;0;98;27;Y;Y;N;N;N;N;Y
32904;603;602;2014/2015;complete;142;20;-1;74;;1;0;1;7;10;17;1;0;1;3;0;0;5;8;2;7;7;15;14;22;56;44;1;3;3.17;3.43;2.36;0;0;0;0;0;0;0;0;0;0;0;0;0;0;0;0;0;0;0;0;0;0;0;0;0;0;0;0;0;0;0;0;0;0;0;0;0;0;0;0;0;0;0;0;0;0;0;0;0;0;0;0;0;0;0;0;0;0;0;0;0;0;0;0;0;1;0;0;1;0;1;0;2015-03-08 04:00:00;603;0;52;12;35;0;-1;1;-1;-1;-1;-1;-1;-1;1;1;0;2;2;2;-1;0;0;0;0;0;0;0;0;0;0;0;0;0;1;1;0;0;-1;-1;0;0;-1;-1;-1;-1;-1;-1;-1;-1;-1;29;35;57;84;94;52;73;73;63;8.8;4.78;4.68;3.39;Central Coast Mariners;Melbourne City FC;1.31;0.94;1;1;0.84;1.33;72;65;44;17;7;71;60;48;0;0;0;98;27;Y;N;N;N;N;N;N
32905;604;608;2014/2015;complete;142;20;-1;53;;1;0;1;5;6;11;3;3;2;1;0;0;6;5;7;3;13;8;10;18;54;46;2;1;2;3.6;3.96;0;0;0;0;0;0;0;0;0;0;0;0;0;0;0;0;0;0;0;0;0;0;0;0;0;0;0;0;0;0;0;0;0;0;0;0;0;0;0;0;0;0;0;0;0;0;0;0;0;0;0;0;0;0;0;0;0;0;0;0;0;0;0;0;0;1;0;0;1;0;1;0;2015-03-08 06:00:00;604;0;67;25;28;0;-1;1;-1;-1;-1;-1;-1;-1;2;0;0;1;2;1;-1;0;0;0;0;0;0;0;0;0;0;0;0;0;1;1;0;0;-1;-1;1;0;-1;-1;-1;-1;-1;-1;-1;-1;-1;20;28;53;81;92;33;73;86;39;8.06;3.27;3.33;2.73;Brisbane Roar;Western Sydney Wanderers;1.08;0.31;0.83;0.11;1.29;0.47;81;73;47;20;9;64;50;42;0;0;0;98;27;Y;N;N;N;N;N;N
32906;608;602;2014/2015;complete;142;10;-1;38,79,90;28,71;3;2;5;3;4;7;4;4;4;0;0;1;4;4;3;4;7;8;18;16;46;54;4;2;2.78;3.39;2.66;0;0;0;0;0;0;0;0;0;0;0;0;0;0;0;0;0;0;0;0;0;0;0;0;0;0;0;0;0;0;0;0;0;0;0;0;0;0;0;0;0;0;0;0;0;0;0;0;0;0;0;0;0;0;0;0;0;0;0;0;0;0;0;0;0;5;1;1;2;1;3;2;2015-03-11 09:30:00;608;0;53;25;35;0;-1;1;-1;-1;-1;-1;-1;-1;2;0;2;1;2;3;-1;0;0;0;0;0;0;0;1;0;1;0;0;0;1;1;0;0;-1;-1;0;0;-1;-1;-1;-1;-1;-1;-1;-1;-1;23;29;41;71;82;47;71;58;46;12.3;5.31;5.14;2.85;Western Sydney Wanderers;Melbourne City FC;1;0.94;0.88;0.89;0.44;1.26;78;72;60;30;18;83;83;59;0;0;0;98;27;Y;Y;Y;Y;Y;N;Y
32907;601;603;2014/2015;complete;142;21;-1;24,67;23;2;1;3;8;5;13;0;0;1;5;0;0;9;2;1;4;10;6;18;21;55;45;1;5;1.52;4.44;6.9;0;0;0;0;0;0;0;0;0;0;0;0;0;0;0;0;0;0;0;0;0;0;0;0;0;0;0;0;0;0;0;0;0;0;0;0;0;0;0;0;0;0;0;0;0;0;0;0;0;0;0;0;0;0;0;0;0;0;0;0;0;0;0;0;0;3;1;1;1;0;1;2;2015-03-12 08:30:00;601;0;53;11;32;0;-1;1;-1;-1;-1;-1;-1;-1;0;1;1;4;1;5;-1;0;0;0;0;0;0;0;0;0;0;0;0;0;1;1;0;0;-1;-1;0;1;-1;-1;-1;-1;-1;-1;-1;-1;-1;16;27;37;74;79;27;63;68;42;11.89;3.47;3.28;2.47;Adelaide United;Central Coast Mariners;1.87;0.43;1.8;0.67;1.65;0.95;84;74;64;27;22;84;78;56;0;0;0;98;27;Y;Y;Y;N;N;N;Y
32908;608;607;2014/2015;complete;142;21;-1;;26,62,82;0;3;3;5;1;6;2;6;2;2;0;0;3;3;2;2;5;5;16;14;51;49;2;2;3.51;3.57;2.15;0;0;0;0;0;0;0;0;0;0;0;0;0;0;0;0;0;0;0;0;0;0;0;0;0;0;0;0;0;0;0;0;0;0;0;0;0;0;0;0;0;0;0;0;0;0;0;0;0;0;0;0;0;0;0;0;0;0;0;0;0;0;0;0;0;3;0;1;0;2;2;1;2015-03-13 08:40:00;607;0;60;41;42;0;-1;1;-1;-1;-1;-1;-1;-1;1;1;1;1;2;2;-1;0;0;0;0;0;0;0;0;0;0;0;0;0;1;1;0;0;-1;-1;0;0;-1;-1;-1;-1;-1;-1;-1;-1;-1;24;30;48;71;83;41;64;66;48;11.93;6.77;5.07;2.79;Western Sydney Wanderers;Melbourne Victory FC;1;1.85;1.11;1.38;0.58;1.79;77;71;53;29;18;82;75;58;0;0;0;98;27;Y;Y;Y;N;N;N;N
32909;602;605;2014/2015;complete;142;21;-1;18,47,63,87;;4;0;4;7;2;9;0;1;0;0;0;0;4;2;6;3;10;5;13;12;54;46;0;0;1.49;4.52;7.26;0;0;0;0;0;0;0;0;0;0;0;0;0;0;0;0;0;0;0;0;0;0;0;0;0;0;0;0;0;0;0;0;0;0;0;0;0;0;0;0;0;0;0;0;0;0;0;0;0;0;0;0;0;0;0;0;0;0;0;0;0;0;0;0;0;4;1;0;3;0;3;1;2015-03-14 08:30:00;602;0;60;15;35;0;-1;-1;-1;-1;-1;-1;-1;-1;0;0;0;0;0;0;-1;0;0;0;0;0;0;0;0;0;0;0;0;0;1;1;0;0;-1;-1;-1;-1;-1;-1;-1;-1;-1;-1;-1;-1;-1;10;25;45;70;90;30;50;85;50;11.44;3.4;4.8;2.5;Melbourne City FC;Newcastle Jets FC;1.77;0.71;1.6;0.4;1.2;0.55;90;75;55;30;10;84;84;58;0;0;0;98;27;Y;Y;Y;Y;N;N;N
32910;600;609;2014/2015;complete;142;21;-1;29;23,78;1;2;3;7;2;9;1;2;0;1;0;0;5;5;6;5;11;10;19;10;52;48;0;1;2.3;3.56;3.18;0;0;0;0;0;0;0;0;0;0;0;0;0;0;0;0;0;0;0;0;0;0;0;0;0;0;0;0;0;0;0;0;0;0;0;0;0;0;0;0;0;0;0;0;0;0;0;0;0;0;0;0;0;0;0;0;0;0;0;0;0;0;0;0;0;3;1;1;0;1;1;2;2015-03-14 10:30:00;609;0;80;25;60;0;-1;1;-1;-1;-1;-1;-1;-1;0;0;0;1;0;1;-1;0;0;0;0;0;0;0;0;0;0;0;0;0;1;1;0;0;-1;-1;0;0;-1;-1;-1;-1;-1;-1;-1;-1;-1;25;45;80;100;100;30;80;100;70;11.4;7.6;4.1;3.55;Perth Glory FC;Wellington Phoenix;1.86;1.69;2;1.5;1.85;1.8;75;55;20;0;0;70;54;27;0;0;0;98;27;Y;Y;Y;N;N;N;Y
32911;606;604;2014/2015;complete;142;21;-1;7,38,52,75,89;5,80,84,90;5;4;9;2;2;4;1;1;1;2;0;0;10;2;2;4;12;6;17;10;49;51;1;2;1.95;3.65;4.1;0;0;0;0;0;0;0;0;0;0;0;0;0;0;0;0;0;0;0;0;0;0;0;0;0;0;0;0;0;0;0;0;0;0;0;0;0;0;0;0;0;0;0;0;0;0;0;0;0;0;0;0;0;0;0;0;0;0;0;0;0;0;0;0;0;9;2;1;3;3;6;3;2015-03-15 06:00:00;606;0;43;15;38;0;-1;1;-1;-1;-1;-1;-1;-1;1;2;0;0;3;0;-1;0;0;0;0;0;0;0;2;1;2;1;0;0;1;1;1;1;-1;-1;1;0;-1;-1;-1;-1;-1;-1;-1;-1;-1;24;33;53;72;90;20;52;76;67;11.4;3.94;3.68;2.86;Sydney FC;Brisbane Roar;1.36;1.33;1.3;1.55;1.75;1.39;76;67;48;28;10;81;76;44;0;0;0;98;28;Y;Y;Y;Y;Y;Y;Y
32912;606;602;2014/2015;complete;142;22;-1;;81;0;1;1;8;6;14;2;4;1;4;0;0;10;2;8;3;18;5;16;15;55;45;1;4;2.04;3.75;3.66;0;0;0;0;0;0;0;0;0;0;0;0;0;0;0;0;0;0;0;0;0;0;0;0;0;0;0;0;0;0;0;0;0;0;0;0;0;0;0;0;0;0;0;0;0;0;0;0;0;0;0;0;0;0;0;0;0;0;0;0;0;0;0;0;0;1;0;0;0;1;1;0;2015-03-20 08:40:00;602;0;58;28;48;0;-1;1;-1;-1;-1;-1;-1;-1;0;2;1;2;2;3;-1;0;0;0;0;0;0;0;0;0;0;0;0;0;1;1;0;0;-1;-1;0;0;-1;-1;-1;-1;-1;-1;-1;-1;-1;38;43;58;81;86;53;58;77;72;11.5;4.88;4.25;3.58;Sydney FC;Melbourne City FC;1.36;0.94;1.45;0.8;1.81;1.29;62;57;43;19;14;72;67;58;0;0;0;98;29;Y;N;N;N;N;N;N
32913;608;605;2014/2015;complete;142;22;-1;51;22,45;1;2;3;4;5;9;2;3;0;4;0;0;7;7;10;4;17;11;16;16;49;51;0;4;1.83;3.73;4.61;0;0;0;0;0;0;0;0;0;0;0;0;0;0;0;0;0;0;0;0;0;0;0;0;0;0;0;0;0;0;0;0;0;0;0;0;0;0;0;0;0;0;0;0;0;0;0;0;0;0;0;0;0;0;0;0;0;0;0;0;0;0;0;0;0;3;0;2;1;0;1;2;2015-03-21 06:00:00;605;0;48;25;29;0;-1;1;-1;-1;-1;-1;-1;-1;0;0;0;4;0;4;-1;0;0;0;0;0;0;0;0;0;0;0;0;0;1;1;0;0;-1;-1;0;0;-1;-1;-1;-1;-1;-1;-1;-1;-1;19;28;43;72;86;38;68;66;48;9.4;3.89;5.49;2.66;Western Sydney Wanderers;Newcastle Jets FC;1;0.71;1;0.36;0.55;0.52;81;72;58;29;15;75;70;45;0;0;0;98;27;Y;Y;Y;N;N;N;Y
32914;601;607;2014/2015;complete;142;22;-1;43,74;9,77;2;2;4;14;0;14;1;3;3;1;0;0;4;3;6;0;10;3;22;10;66;34;3;1;2.24;3.65;3.23;0;0;0;0;0;0;0;0;0;0;0;0;0;0;0;0;0;0;0;0;0;0;0;0;0;0;0;0;0;0;0;0;0;0;0;0;0;0;0;0;0;0;0;0;0;0;0;0;0;0;0;0;0;0;0;0;0;0;0;0;0;0;0;0;0;4;1;1;1;1;2;2;2015-03-21 08:30:00;-1;0;56;26;31;0;-1;1;-1;-1;-1;-1;-1;-1;1;1;2;0;2;2;-1;0;0;0;0;0;0;0;0;0;0;0;0;0;1;1;0;1;-1;-1;0;0;-1;-1;-1;-1;-1;-1;-1;-1;-1;16;26;56;80;90;30;65;86;52;13.03;5.75;4.01;2.88;Adelaide United;Melbourne Victory FC;1.87;1.85;1.91;1.56;1.71;1.85;85;75;44;20;10;83;72;72;0;0;0;98;29;Y;Y;Y;Y;N;N;Y
32915;603;600;2014/2015;complete;142;22;-1;90;79;1;1;2;6;4;10;1;3;3;3;0;0;3;4;5;4;8;8;12;17;59;41;3;3;2.97;3.38;2.52;0;0;0;0;0;0;0;0;0;0;0;0;0;0;0;0;0;0;0;0;0;0;0;0;0;0;0;0;0;0;0;0;0;0;0;0;0;0;0;0;0;0;0;0;0;0;0;0;0;0;0;0;0;0;0;0;0;0;0;0;0;0;0;0;0;2;0;0;1;1;2;0;2015-03-22 04:00:00;-1;0;53;5;24;0;-1;1;-1;-1;-1;-1;-1;-1;1;1;2;2;2;4;-1;0;0;0;0;0;0;0;0;0;0;0;0;0;1;1;0;0;-1;-1;0;0;-1;-1;-1;-1;-1;-1;-1;-1;-1;9;9;38;77;95;23;67;77;38;8.9;4.72;4.63;2.37;Central Coast Mariners;Perth Glory FC;1.31;1.85;1.18;1.7;0.9;1.76;91;91;63;24;5;75;55;50;0;0;0;98;27;Y;Y;N;N;N;N;Y
32916;604;609;2014/2015;complete;142;22;-1;5;20,45;1;2;3;7;9;16;1;3;0;1;0;0;6;5;3;1;9;6;6;7;50;50;0;1;2.13;3.61;3.52;0;0;0;0;0;0;0;0;0;0;0;0;0;0;0;0;0;0;0;0;0;0;0;0;0;0;0;0;0;0;0;0;0;0;0;0;0;0;0;0;0;0;0;0;0;0;0;0;0;0;0;0;0;0;0;0;0;0;0;0;0;0;0;0;0;3;1;2;0;0;0;3;2015-03-22 06:00:00;609;0;65;25;33;0;-1;1;-1;-1;-1;-1;-1;-1;0;1;0;0;1;0;-1;0;0;0;0;0;0;0;0;0;0;0;0;0;1;1;1;0;-1;-1;0;0;-1;-1;-1;-1;-1;-1;-1;-1;-1;16;33;58;86;93;33;65;93;42;7.89;6;3.52;2.85;Brisbane Roar;Wellington Phoenix;1.08;1.69;1.14;1.64;1.32;1.86;84;68;42;15;7;56;40;24;0;0;0;98;28;Y;Y;Y;N;N;N;Y
32917;604;608;2014/2015;complete;142;11;-1;41;20,44,58,88;1;4;5;6;4;10;0;3;1;1;0;0;4;5;10;3;14;8;5;13;55;45;1;1;1.85;3.8;4.47;0;0;0;0;0;0;0;0;0;0;0;0;0;0;0;0;0;0;0;0;0;0;0;0;0;0;0;0;0;0;0;0;0;0;0;0;0;0;0;0;0;0;0;0;0;0;0;0;0;0;0;0;0;0;0;0;0;0;0;0;0;0;0;0;0;5;1;2;0;2;2;3;2015-03-25 09:00:00;608;0;62;28;23;0;-1;1;-1;-1;-1;-1;-1;-1;0;0;1;1;0;2;-1;0;0;0;0;0;0;0;0;0;0;0;0;0;1;1;0;0;-1;-1;0;0;-1;-1;-1;-1;-1;-1;-1;-1;-1;17;23;50;73;94;34;67;83;33;8.83;3.48;3.15;2.55;Brisbane Roar;Western Sydney Wanderers;1.08;0.31;1;0.1;1.25;0.52;84;78;50;28;7;72;60;54;0;0;0;98;27;Y;Y;Y;Y;Y;N;Y
32918;607;603;2014/2015;complete;142;23;-1;40,77;32;2;1;3;3;7;10;1;3;1;4;0;0;3;5;6;3;9;8;19;16;53;47;1;4;1.45;4.82;7.56;0;0;0;0;0;0;0;0;0;0;0;0;0;0;0;0;0;0;0;0;0;0;0;0;0;0;0;0;0;0;0;0;0;0;0;0;0;0;0;0;0;0;0;0;0;0;0;0;0;0;0;0;0;0;0;0;0;0;0;0;0;0;0;0;0;3;1;1;1;0;1;2;2015-03-27 08:40:00;607;0;62;33;29;0;-1;1;-1;-1;-1;-1;-1;-1;1;1;0;3;2;3;-1;0;0;0;0;0;0;0;0;0;0;0;0;0;1;1;0;0;-1;-1;0;0;-1;-1;-1;-1;-1;-1;-1;-1;-1;33;38;52;76;85;48;71;76;38;9.37;5.59;4.1;3.02;Melbourne Victory FC;Central Coast Mariners;2.19;0.43;2.09;0.6;1.81;0.91;68;63;48;24;15;68;68;34;0;0;0;98;27;Y;Y;Y;N;N;N;Y
32919;602;604;2014/2015;complete;142;23;-1;5;;1;0;1;3;4;7;2;1;4;0;0;0;4;5;5;4;9;9;20;8;42;58;4;0;2.02;3.65;3.86;0;0;0;0;0;0;0;0;0;0;0;0;0;0;0;0;0;0;0;0;0;0;0;0;0;0;0;0;0;0;0;0;0;0;0;0;0;0;0;0;0;0;0;0;0;0;0;0;0;0;0;0;0;0;0;0;0;0;0;0;0;0;0;0;0;1;1;0;0;0;0;1;2015-03-28 08:30:00;602;0;53;13;39;0;-1;1;-1;-1;-1;-1;-1;-1;1;0;3;0;1;3;-1;0;0;0;0;0;0;0;0;0;0;0;0;0;1;1;1;0;-1;-1;0;0;-1;-1;-1;-1;-1;-1;-1;-1;-1;13;35;57;70;96;13;61;87;61;12.66;3.67;3.44;2.89;Melbourne City FC;Brisbane Roar;1.77;1.33;1.73;1.42;1.36;1.19;88;66;44;30;5;83;79;40;0;0;0;98;28;Y;N;N;N;N;N;N
32920;600;608;2014/2015;complete;142;23;-1;54,68,88;13,72;3;2;5;3;6;9;2;5;2;2;0;0;9;5;3;2;12;7;13;13;50;50;2;2;1.6;4.1;6.15;0;0;0;0;0;0;0;0;0;0;0;0;0;0;0;0;0;0;0;0;0;0;0;0;0;0;0;0;0;0;0;0;0;0;0;0;0;0;0;0;0;0;0;0;0;0;0;0;0;0;0;0;0;0;0;0;0;0;0;0;0;0;0;0;0;5;0;1;3;1;4;1;2015-03-28 10:30:00;600;0;78;32;46;0;-1;1;-1;-1;-1;-1;-1;-1;0;0;2;2;0;4;-1;0;0;0;0;0;0;0;0;0;0;0;0;0;1;1;0;0;-1;-1;0;0;-1;-1;-1;-1;-1;-1;-1;-1;-1;27;36;73;87;100;36;82;96;59;11.64;4.91;3.55;3.28;Perth Glory FC;Western Sydney Wanderers;1.86;0.31;1.82;0.36;1.73;0.64;73;64;27;14;0;86;67;47;0;0;0;98;27;Y;Y;Y;Y;Y;N;Y
32921;609;606;2014/2015;complete;142;23;-1;;9,28,40;0;3;3;7;5;12;3;2;2;2;1;1;8;6;4;8;12;14;12;22;54;46;3;4;2.31;3.66;3.1;0;0;0;0;0;0;0;0;0;0;0;0;0;0;0;0;0;0;0;0;0;0;0;0;0;0;0;0;0;0;0;0;0;0;0;0;0;0;0;0;0;0;0;0;0;0;0;0;0;0;0;0;0;0;0;0;0;0;0;0;0;0;0;0;0;3;0;3;0;0;0;3;2015-03-29 04:00:00;606;0;55;15;40;0;-1;1;-1;-1;-1;-1;-1;-1;2;0;1;3;2;4;-1;0;0;0;0;0;0;0;0;0;0;0;0;0;1;1;0;1;-1;-1;0;0;-1;-1;-1;-1;-1;-1;-1;-1;-1;25;35;50;70;85;35;70;75;55;12.2;3.8;4;2.9;Wellington Phoenix;Sydney FC;1.6;2.27;2.1;2.2;1.91;1.73;75;65;50;30;15;84;74;69;0;0;0;98;28;Y;Y;Y;N;N;N;N
32922;605;601;2014/2015;complete;142;23;-1;;28;0;1;1;2;6;8;1;1;2;1;0;0;5;5;6;3;11;8;10;14;46;54;2;1;5.84;4.19;1.61;0;0;0;0;0;0;0;0;0;0;0;0;0;0;0;0;0;0;0;0;0;0;0;0;0;0;0;0;0;0;0;0;0;0;0;0;0;0;0;0;0;0;0;0;0;0;0;0;0;0;0;0;0;0;0;0;0;0;0;0;0;0;0;0;0;1;0;1;0;0;0;1;2015-03-29 06:00:00;601;0;70;25;30;0;-1;1;-1;-1;-1;-1;-1;-1;0;1;2;0;1;2;-1;0;0;0;0;0;0;0;0;0;0;0;0;0;1;1;0;0;-1;-1;0;0;-1;-1;-1;-1;-1;-1;-1;-1;-1;10;30;70;90;95;35;55;85;60;9.7;3.8;4.6;3.05;Newcastle Jets FC;Adelaide United;0.54;1.5;0.7;1.5;0.64;1.68;90;70;30;10;5;60;50;35;0;0;0;98;27;Y;N;N;N;N;N;N
32923;604;603;2014/2015;complete;142;24;-1;21,28,41,48,50,79;64;6;1;7;4;9;13;4;1;1;3;0;0;8;6;3;8;11;14;9;11;46;54;1;3;2.08;3.63;3.65;0;0;0;0;0;0;0;0;0;0;0;0;0;0;0;0;0;0;0;0;0;0;0;0;0;0;0;0;0;0;0;0;0;0;0;0;0;0;0;0;0;0;0;0;0;0;0;0;0;0;0;0;0;0;0;0;0;0;0;0;0;0;0;0;0;7;3;0;3;1;4;3;2015-04-02 09:00:00;604;0;66;30;29;0;-1;1;-1;-1;-1;-1;-1;-1;0;2;1;1;2;2;-1;0;0;0;0;0;0;0;0;0;0;0;0;0;1;1;0;0;-1;-1;0;0;-1;-1;-1;-1;-1;-1;-1;-1;-1;20;30;51;76;81;45;66;71;35;8.69;3.31;3.49;2.62;Brisbane Roar;Central Coast Mariners;1.08;0.43;0.89;0.55;1.14;0.87;80;70;50;25;19;75;69;35;0;0;0;98;27;Y;Y;Y;Y;Y;Y;Y
32924;608;602;2014/2015;complete;142;24;-1;20;39;1;1;2;5;5;10;6;2;1;3;0;0;4;4;5;4;9;8;8;13;53;47;1;3;2.84;3.43;2.59;0;0;0;0;0;0;0;0;0;0;0;0;0;0;0;0;0;0;0;0;0;0;0;0;0;0;0;0;0;0;0;0;0;0;0;0;0;0;0;0;0;0;0;0;0;0;0;0;0;0;0;0;0;0;0;0;0;0;0;0;0;0;0;0;0;2;1;1;0;0;0;2;2015-04-03 08:40:00;-1;0;55;27;36;0;-1;1;-1;-1;-1;-1;-1;-1;0;1;1;2;1;3;-1;0;0;0;0;0;0;0;0;0;0;0;0;0;1;1;0;0;-1;-1;0;0;-1;-1;-1;-1;-1;-1;-1;-1;-1;27;32;50;73;87;50;73;69;50;11.46;5.55;5.09;3;Western Sydney Wanderers;Melbourne City FC;1;0.94;0.91;1;0.61;1.43;73;69;50;27;14;73;69;50;0;0;0;98;27;Y;Y;N;N;N;N;Y
32925;606;601;2014/2015;complete;142;24;-1;;82;0;1;1;8;5;13;1;2;0;7;0;0;9;3;6;1;15;4;15;21;45;55;0;7;2.43;3.61;2.93;0;0;0;0;0;0;0;0;0;0;0;0;0;0;0;0;0;0;0;0;0;0;0;0;0;0;0;0;0;0;0;0;0;0;0;0;0;0;0;0;0;0;0;0;0;0;0;0;0;0;0;0;0;0;0;0;0;0;0;0;0;0;0;0;0;1;0;0;0;1;1;0;2015-04-04 08:30:00;601;0;57;35;26;0;-1;1;-1;-1;-1;-1;-1;-1;0;2;0;5;2;5;-1;0;0;0;0;0;0;0;0;0;0;0;0;0;1;1;0;0;-1;-1;0;1;-1;-1;-1;-1;-1;-1;-1;-1;-1;21;26;62;83;92;44;58;74;56;11.72;4.62;3.6;3.08;Sydney FC;Adelaide United;1.36;1.5;1.33;1.64;1.78;1.74;79;75;39;17;9;70;56;43;0;0;0;98;29;Y;N;N;N;N;N;N
32926;609;607;2014/2015;complete;142;24;-1;;1,59,66;0;3;3;5;3;8;4;3;2;2;0;0;6;9;3;1;9;10;20;20;48;52;2;2;2.42;3.63;2.93;0;0;0;0;0;0;0;0;0;0;0;0;0;0;0;0;0;0;0;0;0;0;0;0;0;0;0;0;0;0;0;0;0;0;0;0;0;0;0;0;0;0;0;0;0;0;0;0;0;0;0;0;0;0;0;0;0;0;0;0;0;0;0;0;0;3;0;1;0;2;2;1;2015-04-05 07:00:00;607;0;53;20;39;0;-1;1;-1;-1;-1;-1;-1;-1;2;2;0;0;4;0;-1;0;0;0;0;0;0;0;0;0;0;0;0;0;1;1;0;1;-1;-1;0;0;-1;-1;-1;-1;-1;-1;-1;-1;-1;19;34;63;77;91;38;67;82;63;10.83;6.64;3.58;2.97;Wellington Phoenix;Melbourne Victory FC;1.6;1.85;1.91;1.5;1.83;1.86;81;67;38;24;10;85;75;70;0;0;0;98;28;Y;Y;Y;N;N;N;N
32927;605;600;2014/2015;complete;142;24;-1;;50,84;0;2;2;5;5;10;0;1;0;0;0;0;8;6;7;6;15;12;11;13;54;46;0;0;3.95;3.58;2.01;0;0;0;0;0;0;0;0;0;0;0;0;0;0;0;0;0;0;0;0;0;0;0;0;0;0;0;0;0;0;0;0;0;0;0;0;0;0;0;0;0;0;0;0;0;0;0;0;0;0;0;0;0;0;0;0;0;0;0;0;0;0;0;0;0;2;0;0;0;2;2;0;2015-04-06 07:00:00;600;0;69;5;41;0;-1;-1;-1;-1;-1;-1;-1;-1;0;0;0;0;0;0;-1;0;0;0;0;0;0;0;0;0;0;0;0;0;1;1;0;0;-1;-1;-1;-1;-1;-1;-1;-1;-1;-1;-1;-1;-1;5;18;41;78;91;14;55;82;50;8.82;4.09;5.18;2.41;Newcastle Jets FC;Perth Glory FC;0.54;1.85;0.64;1.64;0.61;1.78;96;82;59;23;9;64;55;46;0;0;0;98;27;Y;Y;N;N;N;N;N
32928;607;605;2014/2015;complete;142;25;-1;;54;0;1;1;6;1;7;3;2;0;2;0;0;8;0;9;6;17;6;8;17;61;39;0;2;1.31;5.92;9.99;0;0;0;0;0;0;0;0;0;0;0;0;0;0;0;0;0;0;0;0;0;0;0;0;0;0;0;0;0;0;0;0;0;0;0;0;0;0;0;0;0;0;0;0;0;0;0;0;0;0;0;0;0;0;0;0;0;0;0;0;0;0;0;0;0;1;0;0;0;1;1;0;2015-04-10 09:40:00;605;0;59;29;21;0;-1;1;-1;-1;-1;-1;-1;-1;0;0;0;2;0;2;-1;0;0;0;0;0;0;0;0;0;0;0;0;0;1;1;0;0;-1;-1;0;0;-1;-1;-1;-1;-1;-1;-1;-1;-1;30;38;59;79;96;50;71;88;42;8.53;5.08;5.09;3.21;Melbourne Victory FC;Newcastle Jets FC;2.19;0.71;2.17;0.58;1.91;0.58;71;63;42;21;4;70;61;35;0;0;0;98;27;Y;N;N;N;N;N;N
32929;600;606;2014/2015;complete;142;25;-1;;35,60,65;0;3;3;3;6;9;4;2;1;2;0;0;0;6;7;4;7;10;11;19;49;51;1;2;2.5;3.56;2.86;0;0;0;0;0;0;0;0;0;0;0;0;0;0;0;0;0;0;0;0;0;0;0;0;0;0;0;0;0;0;0;0;0;0;0;0;0;0;0;0;0;0;0;0;0;0;0;0;0;0;0;0;0;0;0;0;0;0;0;0;0;0;0;0;0;3;0;1;0;2;2;1;2015-04-10 11:45:00;606;0;74;26;60;0;-1;1;-1;-1;-1;-1;-1;-1;0;2;1;0;2;1;-1;0;0;0;0;0;0;0;0;0;0;0;0;0;1;1;0;0;-1;-1;0;0;-1;-1;-1;-1;-1;-1;-1;-1;-1;30;43;74;87;91;39;83;82;60;12.54;4.35;4.84;3.46;Perth Glory FC;Sydney FC;1.86;2.27;1.92;2.27;1.83;1.71;70;57;27;14;9;86;63;49;0;0;0;98;27;Y;Y;Y;N;N;N;N
32930;601;604;2014/2015;complete;142;25;-1;71,90;26,40,54;2;3;5;5;5;10;0;3;3;3;0;1;5;4;7;3;12;7;16;17;65;35;3;5;1.75;3.95;4.9;0;0;0;0;0;0;0;0;0;0;0;0;0;0;0;0;0;0;0;0;0;0;0;0;0;0;0;0;0;0;0;0;0;0;0;0;0;0;0;0;0;0;0;0;0;0;0;0;0;0;0;0;0;0;0;0;0;0;0;0;0;0;0;0;0;5;0;2;2;1;3;2;2015-04-11 07:00:00;604;0;48;17;32;0;-1;1;-1;-1;-1;-1;-1;-1;2;0;1;4;2;5;-1;0;0;0;0;0;0;0;1;0;1;0;0;0;1;1;0;0;-1;-1;0;0;-1;-1;-1;-1;-1;-1;-1;-1;-1;16;32;52;73;96;21;72;80;52;13.14;3.12;3.58;2.95;Adelaide United;Brisbane Roar;1.87;1.33;1.83;1.31;1.79;1.22;85;69;48;28;4;80;76;53;0;0;0;98;28;Y;Y;Y;Y;Y;N;Y
32931;603;608;2014/2015;complete;142;25;-1;2;;1;0;1;6;10;16;1;0;2;3;0;0;3;6;10;7;13;13;14;14;53;47;2;3;2.58;3.43;2.85;0;0;0;0;0;0;0;0;0;0;0;0;0;0;0;0;0;0;0;0;0;0;0;0;0;0;0;0;0;0;0;0;0;0;0;0;0;0;0;0;0;0;0;0;0;0;0;0;0;0;0;0;0;0;0;0;0;0;0;0;0;0;0;0;0;1;1;0;0;0;0;1;2015-04-11 09:30:00;603;0;55;21;25;0;-1;1;-1;-1;-1;-1;-1;-1;0;1;2;2;1;4;-1;0;0;0;0;0;0;0;0;0;0;0;0;0;1;1;1;0;-1;-1;0;0;-1;-1;-1;-1;-1;-1;-1;-1;-1;25;25;50;75;100;33;67;84;50;8.93;3.75;3.66;2.84;Central Coast Mariners;Western Sydney Wanderers;1.31;0.31;1.17;0.33;0.83;0.63;75;75;50;25;0;78;61;47;0;0;0;98;27;Y;N;N;N;N;N;N
32932;602;609;2014/2015;complete;142;25;-1;;;0;0;0;7;11;18;6;4;3;0;0;0;11;6;7;7;18;13;16;11;46;54;3;0;1.94;3.75;4.01;0;0;0;0;0;0;0;0;0;0;0;0;0;0;0;0;0;0;0;0;0;0;0;0;0;0;0;0;0;0;0;0;0;0;0;0;0;0;0;0;0;0;0;0;0;0;0;0;0;0;0;0;0;0;0;0;0;0;0;0;0;0;0;0;0;0;0;0;0;0;0;0;2015-04-12 07:00:00;-1;0;67;30;33;0;-1;1;-1;-1;-1;-1;-1;-1;2;0;1;0;2;1;-1;0;0;0;0;0;0;0;0;1;0;0;0;1;1;1;0;0;-1;-1;0;0;-1;-1;-1;-1;-1;-1;-1;-1;-1;9;29;63;84;96;30;67;88;50;12.08;6;3.5;2.79;Melbourne City FC;Wellington Phoenix;1.77;1.69;1.83;1.75;1.42;1.75;92;71;38;17;4;71;59;38;0;0;0;98;28;N;N;N;N;N;N;N
32933;604;607;2014/2015;complete;142;18;-1;51;17,22;1;2;3;3;2;5;0;3;1;4;0;0;3;5;4;4;7;9;15;16;58;42;1;4;2.78;3.54;2.58;0;0;0;0;0;0;0;0;0;0;0;0;0;0;0;0;0;0;0;0;0;0;0;0;0;0;0;0;0;0;0;0;0;0;0;0;0;0;0;0;0;0;0;0;0;0;0;0;0;0;0;0;0;0;0;0;0;0;0;0;0;0;0;0;0;3;0;2;1;0;1;2;2015-04-15 09:40:00;607;0;63;33;38;0;-1;1;-1;-1;-1;-1;-1;-1;0;4;1;0;4;1;-1;0;0;0;0;0;0;0;0;0;0;0;0;0;1;1;0;0;-1;-1;0;0;-1;-1;-1;-1;-1;-1;-1;-1;-1;24;38;67;81;91;43;67;86;57;8.7;5.81;3.56;3.19;Brisbane Roar;Melbourne Victory FC;1.08;1.85;1.1;1.64;1.29;1.83;76;62;34;19;10;70;60;50;0;0;0;98;28;Y;Y;Y;N;N;N;Y
32934;609;603;2014/2015;complete;142;26;-1;65,79,90;11,35;3;2;5;9;3;12;1;1;1;2;0;0;9;3;7;3;16;6;12;17;53;47;1;2;1.82;3.83;4.58;0;0;0;0;0;0;0;0;0;0;0;0;0;0;0;0;0;0;0;0;0;0;0;0;0;0;0;0;0;0;0;0;0;0;0;0;0;0;0;0;0;0;0;0;0;0;0;0;0;0;0;0;0;0;0;0;0;0;0;0;0;0;0;0;0;5;0;2;3;0;3;2;2015-04-17 07:30:00;609;0;55;13;34;0;-1;1;-1;-1;-1;-1;-1;-1;0;0;1;2;0;3;-1;0;0;0;0;0;0;0;0;0;0;0;0;0;1;1;0;0;-1;-1;0;0;-1;-1;-1;-1;-1;-1;-1;-1;-1;21;29;54;75;84;42;71;71;50;10.92;4.33;3.58;2.79;Wellington Phoenix;Central Coast Mariners;1.6;0.43;1.75;0.5;1.72;0.92;79;71;46;25;17;83;79;55;0;0;0;98;27;Y;Y;Y;Y;Y;N;Y
32935;605;606;2014/2015;complete;142;26;-1;21,67,76;48,52,56,80;3;4;7;4;5;9;2;1;3;1;0;0;0;5;6;6;6;11;13;11;44;56;3;1;5.95;4.28;1.59;0;0;0;0;0;0;0;0;0;0;0;0;0;0;0;0;0;0;0;0;0;0;0;0;0;0;0;0;0;0;0;0;0;0;0;0;0;0;0;0;0;0;0;0;0;0;0;0;0;0;0;0;0;0;0;0;0;0;0;0;0;0;0;0;0;7;1;0;2;4;6;1;2015-04-17 09:45:00;606;0;54;17;42;0;-1;1;-1;-1;-1;-1;-1;-1;2;0;1;1;2;2;-1;0;0;0;0;0;0;0;1;0;1;0;0;0;1;1;0;0;-1;-1;0;0;-1;-1;-1;-1;-1;-1;-1;-1;-1;17;33;54;75;88;30;59;75;59;9.99;2.41;5.08;2.92;Newcastle Jets FC;Sydney FC;0.54;2.27;0.58;2.33;0.68;1.76;84;67;46;25;13;66;57;49;0;0;0;98;27;Y;Y;Y;Y;Y;Y;Y
32936;608;601;2014/2015;complete;142;26;-1;63,73;45;2;1;3;4;10;14;3;1;2;5;0;1;6;6;2;4;8;10;17;12;33;67;2;7;3.47;3.54;2.17;0;0;0;0;0;0;0;0;0;0;0;0;0;0;0;0;0;0;0;0;0;0;0;0;0;0;0;0;0;0;0;0;0;0;0;0;0;0;0;0;0;0;0;0;0;0;0;0;0;0;0;0;0;0;0;0;0;0;0;0;0;0;0;0;0;3;0;1;2;0;2;1;2015-04-18 07:00:00;608;0;58;38;17;0;-1;1;-1;-1;-1;-1;-1;-1;2;3;0;3;5;3;-1;0;0;0;0;0;0;0;1;0;1;0;0;0;1;1;0;0;-1;-1;0;1;-1;-1;-1;-1;-1;-1;-1;-1;-1;13;17;55;79;92;46;75;63;38;11.33;5.42;4.66;2.63;Western Sydney Wanderers;Adelaide United;1;1.5;0.92;1.75;0.6;1.72;88;83;46;21;9;71;59;33;0;0;0;98;27;Y;Y;Y;N;N;N;Y
32937;604;607;2014/2015;complete;142;26;-1;;45;0;1;1;2;11;13;2;1;2;5;0;0;3;5;6;5;9;10;16;17;37;63;2;5;3.12;3.63;2.3;0;0;0;0;0;0;0;0;0;0;0;0;0;0;0;0;0;0;0;0;0;0;0;0;0;0;0;0;0;0;0;0;0;0;0;0;0;0;0;0;0;0;0;0;0;0;0;0;0;0;0;0;0;0;0;0;0;0;0;0;0;0;0;0;0;1;0;1;0;0;0;1;2015-04-18 09:30:00;607;0;66;30;35;0;-1;1;-1;-1;-1;-1;-1;-1;1;2;1;3;3;4;-1;0;0;0;0;0;0;0;0;1;0;1;0;0;1;1;0;0;-1;-1;0;1;-1;-1;-1;-1;-1;-1;-1;-1;-1;22;35;70;83;92;49;70;87;52;8.36;5.56;3.68;3.18;Brisbane Roar;Melbourne Victory FC;1.08;1.85;1;1.75;1.24;1.88;78;66;31;18;9;64;55;46;0;0;0;98;28;Y;N;N;N;N;N;N
32938;600;602;2014/2015;complete;142;26;-1;42,65,87;52;3;1;4;6;5;11;3;0;0;2;0;1;3;11;4;7;7;18;9;9;48;52;0;3;2.54;3.47;2.87;0;0;0;0;0;0;0;0;0;0;0;0;0;0;0;0;0;0;0;0;0;0;0;0;0;0;0;0;0;0;0;0;0;0;0;0;0;0;0;0;0;0;0;0;0;0;0;0;0;0;0;0;0;0;0;0;0;0;0;0;0;0;0;0;0;4;1;0;2;1;3;1;2015-04-19 07:00:00;600;0;72;24;56;0;-1;1;-1;-1;-1;-1;-1;-1;0;2;0;1;2;1;-1;0;0;0;0;0;0;0;0;0;0;0;0;0;1;1;0;0;-1;-1;0;0;-1;-1;-1;-1;-1;-1;-1;-1;-1;32;44;71;88;96;45;80;88;68;11.83;5.9;4.61;3.55;Perth Glory FC;Melbourne City FC;1.86;0.94;1.77;1;1.76;1.4;68;56;29;13;4;84;63;42;0;0;0;98;27;Y;Y;Y;Y;N;N;Y
32939;604;605;2014/2015;complete;142;27;-1;71,86;77;2;1;3;10;5;15;1;2;1;3;0;0;12;9;8;8;20;17;7;14;52;48;1;3;1.69;4.21;4.94;0;0;0;0;0;0;0;0;0;0;0;0;0;0;0;0;0;0;0;0;0;0;0;0;0;0;0;0;0;0;0;0;0;0;0;0;0;0;0;0;0;0;0;0;0;0;0;0;0;0;0;0;0;0;0;0;0;0;0;0;0;0;0;0;0;3;0;0;2;1;3;0;2015-04-24 09:40:00;604;0;57;17;24;0;-1;1;-1;-1;-1;-1;-1;-1;1;2;0;1;3;1;-1;0;0;0;0;0;0;0;0;0;0;0;0;0;1;1;0;0;-1;-1;0;0;-1;-1;-1;-1;-1;-1;-1;-1;-1;20;32;52;72;92;44;65;80;40;7.25;3.06;4.33;2.85;Brisbane Roar;Newcastle Jets FC;1.08;0.71;0.92;0.77;1.19;0.65;80;68;48;28;8;71;58;42;0;0;0;98;27;Y;Y;Y;N;N;N;Y
32940;608;600;2014/2015;complete;142;27;-1;53;17,66;1;2;3;6;5;11;4;2;3;3;0;1;8;5;5;4;13;9;10;10;59;41;3;4;2.43;3.44;3.05;0;0;0;0;0;0;0;0;0;0;0;0;0;0;0;0;0;0;0;0;0;0;0;0;0;0;0;0;0;0;0;0;0;0;0;0;0;0;0;0;0;0;0;0;0;0;0;0;0;0;0;0;0;0;0;0;0;0;0;0;0;0;0;0;0;3;0;1;1;1;2;1;2015-04-25 07:55:00;600;0;65;19;28;0;-1;1;-1;-1;-1;-1;-1;-1;2;1;1;3;3;4;-1;0;0;0;0;0;0;0;0;0;0;0;0;0;1;1;0;0;-1;-1;0;0;-1;-1;-1;-1;-1;-1;-1;-1;-1;8;8;36;80;89;27;72;69;40;10.52;5.75;4.75;2.27;Western Sydney Wanderers;Perth Glory FC;1;1.85;1.08;1.75;0.69;1.81;93;93;65;20;12;80;68;44;0;0;0;98;27;Y;Y;Y;N;N;N;Y
32941;601;602;2014/2015;complete;142;27;-1;19,23,33,59;65;4;1;5;9;3;12;0;2;3;1;1;1;6;9;6;10;12;19;15;15;58;42;5;3;1.89;3.95;4.03;0;0;0;0;0;0;0;0;0;0;0;0;0;0;0;0;0;0;0;0;0;0;0;0;0;0;0;0;0;0;0;0;0;0;0;0;0;0;0;0;0;0;0;0;0;0;0;0;0;0;0;0;0;0;0;0;0;0;0;0;0;0;0;0;0;5;3;0;1;1;2;3;2015-04-25 09:30:00;601;0;62;23;39;0;-1;1;-1;-1;-1;-1;-1;-1;2;0;2;2;2;4;-1;0;0;0;0;0;0;0;1;1;1;1;0;0;1;1;0;0;-1;-1;0;0;-1;-1;-1;-1;-1;-1;-1;-1;-1;23;39;54;81;92;46;73;81;54;13.63;4;4.61;3.15;Adelaide United;Melbourne City FC;1.87;0.94;1.69;0.92;1.65;1.35;77;62;46;19;8;85;80;69;0;0;0;98;29;Y;Y;Y;Y;Y;N;Y
32942;609;606;2014/2015;complete;142;27;-1;46;14,32;1;2;3;8;1;9;3;3;4;4;0;0;3;4;3;4;6;8;15;18;57;43;4;4;2.93;3.68;2.4;0;0;0;0;0;0;0;0;0;0;0;0;0;0;0;0;0;0;0;0;0;0;0;0;0;0;0;0;0;0;0;0;0;0;0;0;0;0;0;0;0;0;0;0;0;0;0;0;0;0;0;0;0;0;0;0;0;0;0;0;0;0;0;0;0;3;0;2;1;0;1;2;2015-04-26 05:00:00;606;0;50;12;35;0;-1;1;-1;-1;-1;-1;-1;-1;1;1;3;3;2;6;-1;0;0;0;0;0;0;0;1;1;0;1;1;0;1;1;0;0;-1;-1;0;0;-1;-1;-1;-1;-1;-1;-1;-1;-1;27;35;62;77;89;38;77;73;58;12.21;3.93;4.08;3.15;Wellington Phoenix;Sydney FC;1.6;2.27;1.85;2.38;1.77;1.81;73;66;38;23;12;84;68;64;0;0;0;98;28;Y;Y;Y;N;N;N;Y
32943;607;603;2014/2015;complete;142;27;-1;32,34,47;45;3;1;4;12;5;17;6;1;0;4;0;0;7;3;10;6;17;9;12;13;53;47;0;4;1.37;5.4;8.81;0;0;0;0;0;0;0;0;0;0;0;0;0;0;0;0;0;0;0;0;0;0;0;0;0;0;0;0;0;0;0;0;0;0;0;0;0;0;0;0;0;0;0;0;0;0;0;0;0;0;0;0;0;0;0;0;0;0;0;0;0;0;0;0;0;4;2;1;1;0;1;3;2015-04-26 07:00:00;607;0;66;35;27;0;-1;1;-1;-1;-1;-1;-1;-1;0;3;0;1;3;1;-1;0;0;0;0;0;0;0;0;0;0;0;0;0;1;1;0;0;-1;-1;0;0;-1;-1;-1;-1;-1;-1;-1;-1;-1;35;38;58;77;89;54;73;81;39;9.77;5.31;4.08;3.19;Melbourne Victory FC;Central Coast Mariners;2.19;0.43;2;0.46;1.92;0.88;66;62;42;23;12;70;70;35;0;0;0;98;27;Y;Y;Y;Y;N;N;Y
32944;601;604;2014/2015;complete;143;0;-1;7,87;27;2;1;3;9;4;13;1;2;0;0;0;0;7;5;10;6;17;11;6;13;57;43;0;0;1.85;3.85;4.37;0;0;0;0;0;0;0;0;0;0;0;0;0;0;0;0;0;0;0;0;0;0;0;0;0;0;0;0;0;0;0;0;0;0;0;0;0;0;0;0;0;0;0;0;0;0;0;0;0;0;0;0;0;0;0;0;0;0;0;0;0;0;0;0;0;3;1;1;1;0;1;2;2015-05-01 09:30:00;601;1;60;14;40;0;-1;-1;-1;-1;-1;-1;-1;-1;0;0;0;0;0;0;-1;0;0;0;0;0;0;0;0;0;0;0;0;0;1;1;1;0;-1;-1;-1;-1;-1;-1;-1;-1;-1;-1;-1;-1;-1;21;32;61;78;96;36;72;80;50;11.63;3.48;4.15;3.04;Adelaide United;Brisbane Roar;1.69;1.21;1.7;1.26;1.7;1.26;80;69;39;23;4;76;68;46;0;0;0;98;28;Y;Y;Y;N;N;N;Y
32945;609;602;2014/2015;complete;143;0;-1;;61,72;0;2;2;5;5;10;2;1;2;2;0;0;6;3;6;4;12;7;7;15;52;48;2;2;2.16;3.6;3.46;0;0;0;0;0;0;0;0;0;0;0;0;0;0;0;0;0;0;0;0;0;0;0;0;0;0;0;0;0;0;0;0;0;0;0;0;0;0;0;0;0;0;0;0;0;0;0;0;0;0;0;0;0;0;0;0;0;0;0;0;0;0;0;0;0;2;0;0;0;2;2;0;2015-05-03 07:00:00;602;1;59;11;36;0;-1;1;-1;-1;-1;-1;-1;-1;1;1;1;1;2;2;-1;0;0;0;0;0;0;0;0;0;0;0;0;0;1;1;0;0;-1;-1;0;0;-1;-1;-1;-1;-1;-1;-1;-1;-1;19;34;60;78;91;39;69;80;54;12.14;5.7;3.93;2.91;Wellington Phoenix;Melbourne City FC;1.64;1.31;1.7;1.3;1.7;1.3;81;67;41;23;9;78;69;54;0;0;0;98;28;Y;Y;N;N;N;N;N
32946;607;602;2014/2015;complete;143;0;-1;18,30,87;;3;0;3;5;7;12;2;1;2;3;0;0;5;7;3;10;8;17;18;14;55;45;2;3;1.96;3.78;3.91;0;0;0;0;0;0;0;0;0;0;0;0;0;0;0;0;0;0;0;0;0;0;0;0;0;0;0;0;0;0;0;0;0;0;0;0;0;0;0;0;0;0;0;0;0;0;0;0;0;0;0;0;0;0;0;0;0;0;0;0;0;0;0;0;0;3;2;0;1;0;1;2;2015-05-08 09:30:00;607;1;58;35;31;0;-1;1;-1;-1;-1;-1;-1;-1;1;2;1;1;3;2;-1;0;0;0;0;0;0;0;0;0;0;0;0;0;1;1;0;0;-1;-1;0;0;-1;-1;-1;-1;-1;-1;-1;-1;-1;22;37;59;75;93;42;68;84;51;11.52;6.17;4.44;3.02;Melbourne Victory FC;Melbourne City FC;2.03;1.31;1.96;1.36;1.96;1.36;78;64;42;26;8;72;69;50;0;0;0;98;29;Y;Y;Y;N;N;N;N
32947;606;601;2014/2015;complete;143;0;-1;19,45,47,90;74;4;1;5;5;4;9;2;0;4;2;0;0;4;5;3;6;7;11;18;11;35;65;4;2;2.3;3.53;3.2;0;0;0;0;0;0;0;0;0;0;0;0;0;0;0;0;0;0;0;0;0;0;0;0;0;0;0;0;0;0;0;0;0;0;0;0;0;0;0;0;0;0;0;0;0;0;0;0;0;0;0;0;0;0;0;0;0;0;0;0;0;0;0;0;0;5;2;0;2;1;3;2;2015-05-09 09:30:00;606;1;58;31;23;0;-1;1;-1;-1;-1;-1;-1;-1;2;0;2;2;2;4;-1;0;0;0;0;0;0;0;0;0;0;0;0;0;1;1;0;0;-1;-1;0;0;-1;-1;-1;-1;-1;-1;-1;-1;-1;22;29;60;80;91;42;67;78;51;12.99;3.53;4.47;3.08;Sydney FC;Adelaide United;1.83;1.69;1.85;1.75;1.85;1.75;78;71;40;20;10;81;66;59;0;0;0;98;29;Y;Y;Y;Y;Y;N;Y
32948;607;606;2014/2015;complete;143;0;-1;33,83,90;;3;0;3;7;1;8;2;0;3;3;1;0;7;3;5;1;12;4;22;18;50;50;4;3;2.25;3.57;3.28;0;0;0;0;0;0;0;0;0;0;0;0;0;0;0;0;0;0;0;0;0;0;0;0;0;0;0;0;0;0;0;0;0;0;0;0;0;0;0;0;0;0;0;0;0;0;0;0;0;0;0;0;0;0;0;0;0;0;0;0;0;0;0;0;0;3;1;0;2;0;2;1;2015-05-17 06:00:00;607;1;56;34;28;0;-1;1;-1;-1;-1;-1;-1;-1;1;1;3;2;2;5;-1;0;0;0;0;0;0;0;0;0;0;0;0;0;1;1;0;0;-1;-1;0;0;-1;-1;-1;-1;-1;-1;-1;-1;-1;29;36;63;77;91;47;68;82;50;11.07;5.46;4.35;3.25;Melbourne Victory FC;Sydney FC;2.03;1.83;2;1.89;2;1.89;72;64;38;23;9;72;59;50;0;0;0;98;29;Y;Y;Y;N;N;N;N
