ID;HOMEID;AWAYID;SEASON;STATUS;ROUNDID;GAME_WEEK;REVISED_GAME_WEEK;HOMEGOALS;AWAYGOALS;HOMEGOALCOUNT;AWAYGOALCOUNT;TOTALGOALCOUNT;TEAM_A_CORNERS;TEAM_B_CORNERS;TOTALCORNERCOUNT;TEAM_A_OFFSIDES;TEAM_B_OFFSIDES;TEAM_A_YELLOW_CARDS;TEAM_B_YELLOW_CARDS;TEAM_A_RED_CARDS;TEAM_B_RED_CARDS;TEAM_A_SHOTSONTARGET;TEAM_B_SHOTSONTARGET;TEAM_A_SHOTSOFFTARGET;TEAM_B_SHOTSOFFTARGET;TEAM_A_SHOTS;TEAM_B_SHOTS;TEAM_A_FOULS;TEAM_B_FOULS;TEAM_A_POSSESSION;TEAM_B_POSSESSION;TEAM_A_CARDS_NUM;TEAM_B_CARDS_NUM;ODDS_FT_1;ODDS_FT_X;ODDS_FT_2;ODDS_FT_OVER05;ODDS_FT_OVER15;ODDS_FT_OVER25;ODDS_FT_OVER35;ODDS_FT_OVER45;ODDS_FT_UNDER05;ODDS_FT_UNDER15;ODDS_FT_UNDER25;ODDS_FT_UNDER35;ODDS_FT_UNDER45;ODDS_BTTS_YES;ODDS_BTTS_NO;ODDS_TEAM_A_CS_YES;ODDS_TEAM_A_CS_NO;ODDS_TEAM_B_CS_YES;ODDS_TEAM_B_CS_NO;ODDS_DOUBLECHANCE_1X;ODDS_DOUBLECHANCE_12;ODDS_DOUBLECHANCE_X2;ODDS_1ST_HALF_RESULT_1;ODDS_1ST_HALF_RESULT_X;ODDS_1ST_HALF_RESULT_2;ODDS_2ND_HALF_RESULT_1;ODDS_2ND_HALF_RESULT_X;ODDS_2ND_HALF_RESULT_2;ODDS_DNB_1;ODDS_DNB_2;ODDS_CORNERS_OVER_75;ODDS_CORNERS_OVER_85;ODDS_CORNERS_OVER_95;ODDS_CORNERS_OVER_105;ODDS_CORNERS_OVER_115;ODDS_CORNERS_UNDER_75;ODDS_CORNERS_UNDER_85;ODDS_CORNERS_UNDER_95;ODDS_CORNERS_UNDER_105;ODDS_CORNERS_UNDER_115;ODDS_CORNERS_1;ODDS_CORNERS_X;ODDS_CORNERS_2;ODDS_TEAM_TO_SCORE_FIRST_1;ODDS_TEAM_TO_SCORE_FIRST_X;ODDS_TEAM_TO_SCORE_FIRST_2;ODDS_WIN_TO_NIL_1;ODDS_WIN_TO_NIL_2;ODDS_1ST_HALF_OVER05;ODDS_1ST_HALF_OVER15;ODDS_1ST_HALF_OVER25;ODDS_1ST_HALF_OVER35;ODDS_1ST_HALF_UNDER05;ODDS_1ST_HALF_UNDER15;ODDS_1ST_HALF_UNDER25;ODDS_1ST_HALF_UNDER35;ODDS_2ND_HALF_OVER05;ODDS_2ND_HALF_OVER15;ODDS_2ND_HALF_OVER25;ODDS_2ND_HALF_OVER35;ODDS_2ND_HALF_UNDER05;ODDS_2ND_HALF_UNDER15;ODDS_2ND_HALF_UNDER25;ODDS_2ND_HALF_UNDER35;ODDS_BTTS_1ST_HALF_YES;ODDS_BTTS_1ST_HALF_NO;ODDS_BTTS_2ND_HALF_YES;ODDS_BTTS_2ND_HALF_NO;OVERALLGOALCOUNT;HT_GOALS_TEAM_A;HT_GOALS_TEAM_B;GOALS_2HG_TEAM_A;GOALS_2HG_TEAM_B;GOALCOUNT_2HG;HTGOALCOUNT;DATE_UNIX;WINNINGTEAM;NO_HOME_AWAY;BTTS_POTENTIAL;BTTS_FHG_POTENTIAL;BTTS_2HG_POTENTIAL;GOALTIMINGDISABLED;CORNER_TIMINGS_RECORDED;CARD_TIMINGS_RECORDED;TEAM_A_FH_CORNERS;TEAM_B_FH_CORNERS;TEAM_A_2H_CORNERS;TEAM_B_2H_CORNERS;CORNER_FH_COUNT;CORNER_2H_COUNT;TEAM_A_FH_CARDS;TEAM_B_FH_CARDS;TEAM_A_2H_CARDS;TEAM_B_2H_CARDS;TOTAL_FH_CARDS;TOTAL_2H_CARDS;ATTACKS_RECORDED;TEAM_A_DANGEROUS_ATTACKS;TEAM_B_DANGEROUS_ATTACKS;TEAM_A_ATTACKS;TEAM_B_ATTACKS;TEAM_A_XG;TEAM_B_XG;TOTAL_XG;TEAM_A_PENALTIES_WON;TEAM_B_PENALTIES_WON;TEAM_A_PENALTY_GOALS;TEAM_B_PENALTY_GOALS;TEAM_A_PENALTY_MISSED;TEAM_B_PENALTY_MISSED;PENS_RECORDED;GOAL_TIMINGS_RECORDED;TEAM_A_0_10_MIN_GOALS;TEAM_B_0_10_MIN_GOALS;TEAM_A_CORNERS_0_10_MIN;TEAM_B_CORNERS_0_10_MIN;TEAM_A_CARDS_0_10_MIN;TEAM_B_CARDS_0_10_MIN;THROWINS_RECORDED;TEAM_A_THROWINS;TEAM_B_THROWINS;FREEKICKS_RECORDED;TEAM_A_FREEKICKS;TEAM_B_FREEKICKS;GOALKICKS_RECORDED;TEAM_A_GOALKICKS;TEAM_B_GOALKICKS;O45_POTENTIAL;O35_POTENTIAL;O25_POTENTIAL;O15_POTENTIAL;O05_POTENTIAL;O15HT_POTENTIAL;O05HT_POTENTIAL;O05_2H_POTENTIAL;O15_2H_POTENTIAL;CORNERS_POTENTIAL;OFFSIDES_POTENTIAL;CARDS_POTENTIAL;AVG_POTENTIAL;HOME_NAME;AWAY_NAME;HOME_PPG;AWAY_PPG;PRE_MATCH_HOME_PPG;PRE_MATCH_AWAY_PPG;PRE_MATCH_TEAMA_OVERALL_PPG;PRE_MATCH_TEAMB_OVERALL_PPG;U45_POTENTIAL;U35_POTENTIAL;U25_POTENTIAL;U15_POTENTIAL;U05_POTENTIAL;CORNERS_O85_POTENTIAL;CORNERS_O95_POTENTIAL;CORNERS_O105_POTENTIAL;TEAM_A_XG_PREMATCH;TEAM_B_XG_PREMATCH;TOTAL_XG_PREMATCH;COMPETITION_ID;MATCHES_COMPLETED_MINIMUM;OVER05;OVER15;OVER25;OVER35;OVER45;OVER55;BTTS
59034;602;604;2017/2018;complete;278;1;-1;45,74;;2;0;2;10;0;10;3;0;2;2;0;0;3;3;6;3;9;6;14;18;57;43;2;2;2.05;3.8;3.64;0;0;0;0;0;0;0;0;0;0;0;0;0;0;0;0;0;0;0;0;0;0;0;0;0;0;0;0;0;0;0;0;0;0;0;0;0;0;0;0;0;0;0;0;0;0;0;0;0;0;0;0;0;0;0;0;0;0;0;0;0;0;0;0;0;2;1;0;1;0;1;1;2017-10-06 08:50:00;602;0;0;0;0;0;-1;1;-1;-1;-1;-1;-1;-1;1;1;1;1;2;2;-1;0;0;0;0;0;0;0;0;0;0;0;0;0;1;1;0;0;-1;-1;0;0;-1;-1;-1;-1;-1;-1;-1;-1;-1;0;0;0;0;0;0;0;0;0;0;0;0;0;Melbourne City FC;Brisbane Roar;1.73;1.5;0;0;0;0;0;0;0;0;0;0;0;0;0;0;0;192;28;Y;Y;N;N;N;N;N
59035;603;605;2017/2018;complete;278;1;-1;5;9,28,38,81,90;1;5;6;13;0;13;1;5;2;3;0;0;6;8;14;4;20;12;8;16;61;39;2;3;2.51;3.58;2.87;0;0;0;0;0;0;0;0;0;0;0;0;0;0;0;0;0;0;0;0;0;0;0;0;0;0;0;0;0;0;0;0;0;0;0;0;0;0;0;0;0;0;0;0;0;0;0;0;0;0;0;0;0;0;0;0;0;0;0;0;0;0;0;0;0;6;1;3;0;2;2;4;2017-10-07 06:35:00;605;0;0;0;0;0;-1;1;-1;-1;-1;-1;-1;-1;1;2;1;1;3;2;-1;0;0;0;0;0;0;0;0;1;0;1;0;0;1;1;1;1;-1;-1;0;0;-1;-1;-1;-1;-1;-1;-1;-1;-1;0;0;0;0;0;0;0;0;0;0;0;0;0;Central Coast Mariners;Newcastle Jets FC;0.92;1.85;0;0;0;0;0;0;0;0;0;0;0;0;0;0;0;192;27;Y;Y;Y;Y;Y;Y;Y
59036;607;606;2017/2018;complete;278;1;-1;;53;0;1;1;9;4;13;1;2;1;1;0;0;0;3;13;8;13;11;15;16;52;48;1;1;2.63;3.62;2.71;0;0;0;0;0;0;0;0;0;0;0;0;0;0;0;0;0;0;0;0;0;0;0;0;0;0;0;0;0;0;0;0;0;0;0;0;0;0;0;0;0;0;0;0;0;0;0;0;0;0;0;0;0;0;0;0;0;0;0;0;0;0;0;0;0;1;0;0;0;1;1;0;2017-10-07 08:50:00;606;0;0;0;0;0;-1;1;-1;-1;-1;-1;-1;-1;0;0;1;1;0;2;-1;0;0;0;0;0;0;0;0;0;0;0;0;0;1;1;0;0;-1;-1;0;0;-1;-1;-1;-1;-1;-1;-1;-1;-1;0;0;0;0;0;0;0;0;0;0;0;0;0;Melbourne Victory FC;Sydney FC;1.6;2.38;0;0;0;0;0;0;0;0;0;0;0;0;0;0;0;192;28;Y;N;N;N;N;N;N
59037;609;601;2017/2018;complete;278;1;-1;5;10;1;1;2;6;3;9;3;1;2;2;0;0;5;5;5;7;10;12;15;17;49;51;2;2;2.46;3.53;2.98;0;0;0;0;0;0;0;0;0;0;0;0;0;0;0;0;0;0;0;0;0;0;0;0;0;0;0;0;0;0;0;0;0;0;0;0;0;0;0;0;0;0;0;0;0;0;0;0;0;0;0;0;0;0;0;0;0;0;0;0;0;0;0;0;0;2;1;1;0;0;0;2;2017-10-08 04:00:00;-1;0;0;0;0;0;-1;1;-1;-1;-1;-1;-1;-1;0;1;2;1;1;3;-1;0;0;0;0;0;0;0;0;0;0;0;0;0;1;1;1;1;-1;-1;0;0;-1;-1;-1;-1;-1;-1;-1;-1;-1;0;0;0;0;0;0;0;0;0;0;0;0;0;Wellington Phoenix;Adelaide United;1.23;1.33;0;0;0;0;0;0;0;0;0;0;0;0;0;0;0;192;27;Y;Y;N;N;N;N;Y
59038;608;600;2017/2018;complete;278;1;-1;43,45;82;2;1;3;6;6;12;1;0;0;1;0;0;10;7;15;8;25;15;9;12;50;50;0;1;2.13;3.71;3.5;0;0;0;0;0;0;0;0;0;0;0;0;0;0;0;0;0;0;0;0;0;0;0;0;0;0;0;0;0;0;0;0;0;0;0;0;0;0;0;0;0;0;0;0;0;0;0;0;0;0;0;0;0;0;0;0;0;0;0;0;0;0;0;0;0;3;2;0;0;1;1;2;2017-10-08 07:00:00;608;0;0;0;0;0;-1;1;-1;-1;-1;-1;-1;-1;0;1;0;0;1;0;-1;0;0;0;0;0;0;0;0;0;0;0;0;0;1;1;0;0;-1;-1;0;0;-1;-1;-1;-1;-1;-1;-1;-1;-1;0;0;0;0;0;0;0;0;0;0;0;0;0;Western Sydney Wanderers;Perth Glory FC;1.46;0.79;0;0;0;0;0;0;0;0;0;0;0;0;0;0;0;192;27;Y;Y;Y;N;N;N;Y
59039;604;601;2017/2018;complete;278;2;-1;8;88,90;1;2;3;7;13;20;0;1;3;3;0;0;6;5;4;9;10;14;14;10;41;59;3;3;2.36;3.6;3.1;0;0;0;0;0;0;0;0;0;0;0;0;0;0;0;0;0;0;0;0;0;0;0;0;0;0;0;0;0;0;0;0;0;0;0;0;0;0;0;0;0;0;0;0;0;0;0;0;0;0;0;0;0;0;0;0;0;0;0;0;0;0;0;0;0;3;1;0;0;2;2;1;2017-10-13 08:50:00;601;0;50;50;0;0;-1;1;-1;-1;-1;-1;-1;-1;1;2;2;1;3;3;-1;0;0;0;0;0;0;0;0;0;0;0;0;0;1;1;1;0;-1;-1;0;0;-1;-1;-1;-1;-1;-1;-1;-1;-1;0;0;0;50;50;50;50;0;0;3;1;2;1;Brisbane Roar;Adelaide United;1;1.33;0;1;0;1;50;50;50;0;0;50;0;0;0;0;0;192;28;Y;Y;Y;N;N;N;Y
59040;608;603;2017/2018;complete;278;2;-1;39,69;21,63;2;2;4;2;3;5;8;2;4;3;0;1;4;8;2;4;6;12;16;16;40;60;4;4;1.37;5.8;8.08;0;0;0;0;0;0;0;0;0;0;0;0;0;0;0;0;0;0;0;0;0;0;0;0;0;0;0;0;0;0;0;0;0;0;0;0;0;0;0;0;0;0;0;0;0;0;0;0;0;0;0;0;0;0;0;0;0;0;0;0;0;0;0;0;0;4;1;1;1;1;2;2;2017-10-14 06:35:00;-1;0;50;0;0;0;-1;1;-1;-1;-1;-1;-1;-1;1;1;3;3;2;6;-1;0;0;0;0;0;0;0;1;0;1;0;0;0;1;1;0;0;-1;-1;0;0;-1;-1;-1;-1;-1;-1;-1;-1;-1;0;0;50;50;50;50;50;50;0;6;1;0;1.5;Western Sydney Wanderers;Central Coast Mariners;1.46;0.57;3;0;3;0;50;50;0;0;0;50;50;50;0;0;0;192;27;Y;Y;Y;Y;N;N;Y
59041;607;602;2017/2018;complete;278;2;-1;55;45,64;1;2;3;11;2;13;1;2;5;2;0;0;3;8;9;8;12;16;22;21;61;39;5;2;2.36;3.8;2.96;0;0;0;0;0;0;0;0;0;0;0;0;0;0;0;0;0;0;0;0;0;0;0;0;0;0;0;0;0;0;0;0;0;0;0;0;0;0;0;0;0;0;0;0;0;0;0;0;0;0;0;0;0;0;0;0;0;0;0;0;0;0;0;0;0;3;0;1;1;1;2;1;2017-10-14 08:50:00;602;0;0;0;0;0;-1;1;-1;-1;-1;-1;-1;-1;3;0;2;2;3;4;-1;0;0;0;0;0;0;0;0;0;0;0;0;0;1;1;0;0;-1;-1;1;0;-1;-1;-1;-1;-1;-1;-1;-1;-1;0;0;0;0;50;0;0;50;0;9;1;1;0.5;Melbourne Victory FC;Melbourne City FC;1.6;1.43;0;0;0;3;50;50;50;50;0;50;50;50;0;0;0;192;29;Y;Y;Y;N;N;N;Y
59042;605;600;2017/2018;complete;278;2;-1;30,60;8,90;2;2;4;6;12;18;1;2;3;1;0;0;6;5;7;6;13;11;13;14;47;53;3;1;2.19;3.97;3.16;0;0;1.48;0;0;0;0;0;0;0;0;0;0;0;0;0;0;0;0;0;0;0;0;0;0;0;0;0;0;0;0;0;0;0;0;0;0;0;0;0;0;0;0;0;0;0;0;0;0;0;0;0;0;0;0;0;0;0;0;0;0;0;0;0;0;4;1;1;1;1;2;2;2017-10-15 06:00:00;-1;0;50;0;0;0;-1;1;-1;-1;-1;-1;-1;-1;2;0;1;1;2;2;-1;0;0;0;0;0;0;0;0;0;0;0;0;0;1;1;0;1;-1;-1;0;0;-1;-1;-1;-1;-1;-1;-1;-1;-1;0;0;50;50;50;50;50;50;0;6;0;1;1.5;Newcastle Jets FC;Perth Glory FC;1.81;0.79;0;0;3;0;50;50;0;0;0;50;50;50;0;0;0;192;27;Y;Y;Y;Y;N;N;Y
59043;606;609;2017/2018;complete;278;2;-1;29,34,49;44,60;3;2;5;6;5;11;1;2;0;2;0;0;6;6;6;5;12;11;11;12;52;48;0;2;1.37;5.32;9.32;0;0;1.53;0;0;0;0;0;0;0;0;0;0;0;0;0;0;0;0;0;0;0;0;0;0;0;0;0;0;0;0;0;0;0;0;0;0;0;0;0;0;0;0;0;0;0;0;0;0;0;0;0;0;0;0;0;0;0;0;0;0;0;0;0;0;5;2;1;1;1;2;3;2017-10-15 08:00:00;606;0;0;0;0;0;-1;1;-1;-1;-1;-1;-1;-1;0;0;0;2;0;2;-1;0;0;0;0;0;0;0;0;0;0;0;0;0;1;1;0;0;-1;-1;0;0;-1;-1;-1;-1;-1;-1;-1;-1;-1;0;0;0;0;0;0;0;0;0;0;0;0;0;Sydney FC;Wellington Phoenix;2.2;0.36;0;0;3;1;0;0;0;0;0;0;0;0;0;0;0;192;27;Y;Y;Y;Y;Y;N;Y
59044;601;607;2017/2018;complete;278;3;-1;23,62;13,82;2;2;4;4;4;8;1;3;4;3;0;0;4;6;5;1;9;7;24;23;48;52;4;3;2.54;3.56;2.86;0;0;1.85;0;0;0;0;0;0;0;0;0;0;0;0;0;0;0;0;0;0;0;0;0;0;0;0;0;0;0;0;0;0;0;0;0;0;0;0;0;0;0;0;0;0;0;0;0;0;0;0;0;0;0;0;0;0;0;0;0;0;0;0;0;0;4;1;1;1;1;2;2;2017-10-20 08:50:00;-1;0;0;0;0;0;-1;1;-1;-1;-1;-1;-1;-1;1;1;3;2;2;5;-1;0;0;0;0;0;0;0;0;0;0;0;0;0;1;1;0;0;-1;-1;0;0;-1;-1;-1;-1;-1;-1;-1;-1;-1;0;0;0;0;0;0;0;0;0;0;0;0;0;Adelaide United;Melbourne Victory FC;1.46;1.73;0;0;2;0;0;0;0;0;0;0;0;0;0;0;0;192;28;Y;Y;Y;Y;N;N;Y
59045;602;609;2017/2018;complete;278;3;-1;69;;1;0;1;6;6;12;2;0;1;1;0;0;4;3;7;11;11;14;13;10;45;55;1;1;1.51;4.86;6.35;0;0;1.53;0;0;0;0;0;0;0;0;0;0;0;0;0;0;0;0;0;0;0;0;0;0;0;0;0;0;0;0;0;0;0;0;0;0;0;0;0;0;0;0;0;0;0;0;0;0;0;0;0;0;0;0;0;0;0;0;0;0;0;0;0;0;1;0;0;1;0;1;0;2017-10-21 06:35:00;602;0;50;50;50;0;-1;1;-1;-1;-1;-1;-1;-1;0;0;1;1;0;2;-1;0;0;0;0;0;0;0;0;0;0;0;0;0;1;1;0;0;-1;-1;0;0;-1;-1;-1;-1;-1;-1;-1;-1;-1;50;50;50;100;100;50;100;100;50;15;5;4;3.5;Melbourne City FC;Wellington Phoenix;1.73;0.36;3;0;3;0.5;50;50;50;0;0;100;100;50;0;0;0;192;27;Y;N;N;N;N;N;N
59046;606;608;2017/2018;complete;278;3;-1;38,61;3,30;2;2;4;5;3;8;0;0;1;2;0;0;5;3;7;5;12;8;19;18;52;48;1;2;1.92;3.83;4.11;0;0;1.8;0;0;0;0;0;0;0;0;0;0;0;0;0;0;0;0;0;0;0;0;0;0;0;0;0;0;0;0;0;0;0;0;0;0;0;0;0;0;0;0;0;0;0;0;0;0;0;0;0;0;0;0;0;0;0;0;0;0;0;0;0;0;4;1;2;1;0;1;3;2017-10-21 08:50:00;-1;0;50;50;50;0;-1;1;-1;-1;-1;-1;-1;-1;0;1;1;1;1;2;-1;0;0;0;0;0;0;0;1;0;1;0;0;0;1;1;0;1;-1;-1;0;0;-1;-1;-1;-1;-1;-1;-1;-1;-1;50;50;50;50;50;50;50;50;50;6;1;0;2.5;Sydney FC;Western Sydney Wanderers;2.2;1;3;0;3;2;0;0;0;0;0;50;50;50;0;0;0;192;27;Y;Y;Y;Y;N;N;Y
59047;604;605;2017/2018;complete;278;3;-1;42;12,44;1;2;3;7;5;12;2;1;1;4;0;0;3;4;7;6;10;10;8;23;49;51;1;4;2.27;3.93;3.04;0;0;1.6;0;0;0;0;0;0;0;0;0;0;0;0;0;0;0;0;0;0;0;0;0;0;0;0;0;0;0;0;0;0;0;0;0;0;0;0;0;0;0;0;0;0;0;0;0;0;0;0;0;0;0;0;0;0;0;0;0;0;0;0;0;0;3;1;2;0;0;0;3;2017-10-22 06:00:00;605;0;100;50;0;0;-1;1;-1;-1;-1;-1;-1;-1;1;1;0;3;2;3;-1;0;0;0;0;0;0;0;0;0;0;0;0;0;1;1;0;0;-1;-1;0;1;-1;-1;-1;-1;-1;-1;-1;-1;-1;50;50;100;100;100;50;100;100;100;7;5;6;4.5;Brisbane Roar;Newcastle Jets FC;1;1.85;0;3;0;2;50;50;0;0;0;100;100;100;0;0;0;192;28;Y;Y;Y;N;N;N;Y
59048;600;603;2017/2018;complete;278;3;-1;70,85;14;2;1;3;5;8;13;6;2;1;2;0;0;6;4;5;6;11;10;11;8;45;55;1;2;1.66;4.61;4.83;0;0;1.39;0;0;0;0;0;0;0;0;0;0;0;0;0;0;0;0;0;0;0;0;0;0;0;0;0;0;0;0;0;0;0;0;0;0;0;0;0;0;0;0;0;0;0;0;0;0;0;0;0;0;0;0;0;0;0;0;0;0;0;0;0;0;3;0;1;2;0;2;1;2017-10-22 08:00:00;600;0;50;50;50;0;-1;1;-1;-1;-1;-1;-1;-1;1;1;0;1;2;1;-1;0;0;0;0;0;0;0;0;0;0;0;0;0;1;1;0;0;-1;-1;0;0;-1;-1;-1;-1;-1;-1;-1;-1;-1;0;50;50;50;50;50;50;50;50;3;2;4;2;Perth Glory FC;Central Coast Mariners;1.62;0.57;0;1;0.5;0.5;50;0;0;0;0;0;0;0;0;0;0;192;27;Y;Y;Y;N;N;N;Y
59049;606;600;2017/2018;complete;278;4;-1;45,90;;2;0;2;8;1;9;0;3;0;3;0;0;9;5;10;4;19;9;12;11;59;41;0;3;1.54;4.55;6.35;0;0;1.5;0;0;0;0;0;0;0;0;0;0;0;0;0;0;0;0;0;0;0;0;0;0;0;0;0;0;0;0;0;0;0;0;0;0;0;0;0;0;0;0;0;0;0;0;0;0;0;0;0;0;0;0;0;0;0;0;0;0;0;0;0;0;2;1;0;1;0;1;1;2017-10-27 08:50:00;606;0;100;75;50;0;-1;1;-1;-1;-1;-1;-1;-1;0;2;0;1;2;1;-1;0;0;0;0;0;0;0;3;0;2;0;1;0;1;1;0;0;-1;-1;0;0;-1;-1;-1;-1;-1;-1;-1;-1;-1;25;75;100;100;100;100;100;100;50;14.5;1.5;1.5;4;Sydney FC;Perth Glory FC;2.2;0.79;2;0.5;2.33;1.33;75;25;0;0;0;75;75;75;0;0;0;192;27;Y;Y;N;N;N;N;N
59050;609;604;2017/2018;complete;278;4;-1;1,18,20;45,66,82;3;3;6;6;6;12;3;2;3;4;0;0;4;6;6;5;10;11;19;19;42;58;3;4;2.44;3.69;2.9;0;0;1.55;0;0;0;0;0;0;0;0;0;0;0;0;0;0;0;0;0;0;0;0;0;0;0;0;0;0;0;0;0;0;0;0;0;0;0;0;0;0;0;0;0;0;0;0;0;0;0;0;0;0;0;0;0;0;0;0;0;0;0;0;0;0;6;3;1;0;2;2;4;2017-10-28 06:35:00;-1;0;50;50;0;0;-1;1;-1;-1;-1;-1;-1;-1;1;1;2;3;2;5;-1;0;0;0;0;0;0;0;0;1;0;1;0;0;1;1;1;0;-1;-1;0;0;-1;-1;-1;-1;-1;-1;-1;-1;-1;0;0;0;100;100;50;100;50;0;6;3;4;2;Wellington Phoenix;Brisbane Roar;1.23;1.5;1;0;0.33;0;100;100;100;0;0;100;50;0;0;0;0;192;27;Y;Y;Y;Y;Y;Y;Y
59051;601;602;2017/2018;complete;278;4;-1;;11,16;0;2;2;3;1;4;0;1;3;4;0;1;2;4;19;5;21;9;17;22;63;37;3;5;2.51;3.64;2.84;0;0;1.57;0;0;0;0;0;0;0;0;0;0;0;0;0;0;0;0;0;0;0;0;0;0;0;0;0;0;0;0;0;0;0;0;0;0;0;0;0;0;0;0;0;0;0;0;0;0;0;0;0;0;0;0;0;0;0;0;0;0;0;0;0;0;2;0;2;0;0;0;2;2017-10-28 08:50:00;602;0;100;50;100;0;-1;1;-1;-1;-1;-1;-1;-1;2;1;1;4;3;5;-1;0;0;0;0;0;0;0;0;1;0;1;0;0;1;1;0;0;-1;-1;1;0;-1;-1;-1;-1;-1;-1;-1;-1;-1;0;50;100;100;100;50;100;100;100;6;3;6;3.5;Adelaide United;Melbourne City FC;1.46;1.43;1;3;1.67;3;100;50;0;0;0;50;50;50;0;0;0;192;28;Y;Y;N;N;N;N;N
59052;605;608;2017/2018;complete;278;4;-1;68;16;1;1;2;3;9;12;3;3;3;4;0;0;8;3;7;2;15;5;15;15;50;50;3;4;2.64;3.64;2.69;0;0;1.6;0;0;0;0;0;0;0;0;0;0;0;0;0;0;0;0;0;0;0;0;0;0;0;0;0;0;0;0;0;0;0;0;0;0;0;0;0;0;0;0;0;0;0;0;0;0;0;0;0;0;0;0;0;0;0;0;0;0;0;0;0;0;2;0;1;1;0;1;1;2017-10-29 06:00:00;-1;0;100;100;50;0;-1;1;-1;-1;-1;-1;-1;-1;0;1;3;3;1;6;-1;0;0;0;0;0;0;0;0;0;0;0;0;0;1;1;0;0;-1;-1;0;0;-1;-1;-1;-1;-1;-1;-1;-1;-1;0;100;100;100;100;100;100;100;50;9;1;5;4;Newcastle Jets FC;Western Sydney Wanderers;1.81;1;1;1;2.33;1.67;100;0;0;0;0;50;50;50;0;0;0;192;27;Y;Y;N;N;N;N;Y
59053;603;607;2017/2018;complete;278;4;-1;58;65;1;1;2;3;4;7;1;4;2;3;0;0;6;7;7;6;13;13;14;15;58;42;2;3;3.73;3.81;2.02;0;0;1.57;0;0;0;0;0;0;0;0;0;0;0;0;0;0;0;0;0;0;0;0;0;0;0;0;0;0;0;0;0;0;0;0;0;0;0;0;0;0;0;0;0;0;0;0;0;0;0;0;0;0;0;0;0;0;0;0;0;0;0;0;0;0;2;0;0;1;1;2;0;2017-10-29 08:00:00;-1;0;100;100;50;0;-1;1;-1;-1;-1;-1;-1;-1;1;0;1;3;1;4;-1;0;0;0;0;0;0;0;0;0;0;0;0;0;1;1;0;0;-1;-1;0;0;-1;-1;-1;-1;-1;-1;-1;-1;-1;50;100;100;100;100;100;100;100;100;17;4;5;5;Central Coast Mariners;Melbourne Victory FC;0.92;1.73;0;1;0.33;0.33;50;0;0;0;0;50;50;50;0;0;0;192;27;Y;Y;N;N;N;N;Y
59054;602;606;2017/2018;complete;278;5;-1;;59;0;1;1;4;3;7;4;0;2;2;0;0;2;4;3;6;5;10;15;14;44;56;2;2;3.43;3.6;2.2;0;0;0;0;0;0;0;0;0;0;0;0;0;0;0;0;0;0;0;0;0;0;0;0;0;0;0;0;0;0;0;0;0;0;0;0;0;0;0;0;0;0;0;0;0;0;0;0;0;0;0;0;0;0;0;0;0;0;0;0;0;0;0;0;0;1;0;0;0;1;1;0;2017-11-03 08:50:00;606;0;0;0;0;0;-1;1;-1;-1;-1;-1;-1;-1;1;0;1;2;1;3;-1;0;0;0;0;0;0;0;0;0;0;0;0;0;1;1;0;0;-1;-1;0;0;-1;-1;-1;-1;-1;-1;-1;-1;-1;0;0;0;25;100;0;25;100;0;12;4.5;2.5;1.25;Melbourne City FC;Sydney FC;1.73;2.38;3;3;3;2.5;100;100;100;75;0;100;100;75;0;0;0;192;28;Y;N;N;N;N;N;N
59055;605;609;2017/2018;complete;278;5;-1;37,45,54;;3;0;3;9;5;14;2;0;2;0;0;0;8;4;10;8;18;12;13;13;51;49;2;0;2.13;3.78;3.44;0;0;0;0;0;0;0;0;0;0;0;0;0;0;0;0;0;0;0;0;0;0;0;0;0;0;0;0;0;0;0;0;0;0;0;0;0;0;0;0;0;0;0;0;0;0;0;0;0;0;0;0;0;0;0;0;0;0;0;0;0;0;0;0;0;3;2;0;1;0;1;2;2017-11-04 08:50:00;605;0;75;50;50;0;-1;1;-1;-1;-1;-1;-1;-1;0;0;2;0;0;2;-1;0;0;0;0;0;0;0;0;0;0;0;0;0;1;1;0;0;-1;-1;0;0;-1;-1;-1;-1;-1;-1;-1;-1;-1;25;50;50;75;100;50;75;100;50;10;3;4.5;3;Newcastle Jets FC;Wellington Phoenix;1.81;0.36;1;0;2;0.5;75;50;50;25;0;100;100;100;0;0;0;192;27;Y;Y;Y;N;N;N;N
59056;600;601;2017/2018;complete;278;5;-1;80;;1;0;1;5;12;17;2;1;3;0;0;0;6;2;3;15;9;17;10;5;45;55;3;0;2.2;3.83;3.23;0;0;0;0;0;0;0;0;0;0;0;0;0;0;0;0;0;0;0;0;0;0;0;0;0;0;0;0;0;0;0;0;0;0;0;0;0;0;0;0;0;0;0;0;0;0;0;0;0;0;0;0;0;0;0;0;0;0;0;0;0;0;0;0;0;1;0;0;1;0;1;0;2017-11-04 11:00:00;600;0;100;25;0;0;-1;1;-1;-1;-1;-1;-1;-1;0;0;3;0;0;3;-1;0;0;0;0;0;0;0;1;0;0;0;1;0;1;1;0;0;-1;-1;0;0;-1;-1;-1;-1;-1;-1;-1;-1;-1;0;0;75;100;100;25;100;75;75;13;7;3.5;2.75;Perth Glory FC;Adelaide United;1.62;1.33;3;2;1;1.25;100;100;25;0;0;100;75;75;0;0;0;192;27;Y;N;N;N;N;N;N
59057;604;603;2017/2018;complete;278;5;-1;;;0;0;0;3;7;10;2;2;2;2;0;0;5;5;7;6;12;11;21;13;42;58;2;2;1.72;4.43;4.55;0;0;0;0;0;0;0;0;0;0;0;0;0;0;0;0;0;0;0;0;0;0;0;0;0;0;0;0;0;0;0;0;0;0;0;0;0;0;0;0;0;0;0;0;0;0;0;0;0;0;0;0;0;0;0;0;0;0;0;0;0;0;0;0;0;0;0;0;0;0;0;0;2017-11-05 06:00:00;-1;0;100;50;25;0;-1;1;-1;-1;-1;-1;-1;-1;0;0;2;2;0;4;-1;0;0;0;0;0;0;0;0;0;0;0;0;0;1;1;0;0;-1;-1;0;0;-1;-1;-1;-1;-1;-1;-1;-1;-1;0;25;100;100;100;50;100;75;75;12.5;3;5;3.25;Brisbane Roar;Central Coast Mariners;1;0.57;0;0.5;0.25;0.5;100;75;0;0;0;75;75;75;0;0;0;192;27;N;N;N;N;N;N;N
59058;607;608;2017/2018;complete;278;5;-1;49;32;1;1;2;6;6;12;2;0;5;3;1;0;4;3;2;12;6;15;12;23;37;63;6;3;2.4;3.65;3;0;0;0;0;0;0;0;0;0;0;0;0;0;0;0;0;0;0;0;0;0;0;0;0;0;0;0;0;0;0;0;0;0;0;0;0;0;0;0;0;0;0;0;0;0;0;0;0;0;0;0;0;0;0;0;0;0;0;0;0;0;0;0;0;0;2;0;1;1;0;1;1;2017-11-06 08:50:00;-1;0;75;25;25;0;-1;1;-1;-1;-1;-1;-1;-1;5;0;1;3;5;4;-1;0;0;0;0;0;0;0;0;1;0;0;0;1;1;1;0;0;-1;-1;1;0;-1;-1;-1;-1;-1;-1;-1;-1;-1;0;25;50;75;100;25;75;100;25;16;2.5;6;2.5;Melbourne Victory FC;Western Sydney Wanderers;1.6;1;0;1;0.5;1.5;100;75;50;25;0;75;75;75;0;0;0;192;27;Y;Y;N;N;N;N;Y
59059;603;606;2017/2018;complete;278;6;-1;19,55;;2;0;2;4;8;12;1;1;3;2;1;0;4;3;2;7;6;10;14;11;52;48;4;2;5.98;4.31;1.6;0;0;0;0;0;0;0;0;0;0;0;0;0;0;0;0;0;0;0;0;0;0;0;0;0;0;0;0;0;0;0;0;0;0;0;0;0;0;0;0;0;0;0;0;0;0;0;0;0;0;0;0;0;0;0;0;0;0;0;0;0;0;0;0;0;2;1;0;1;0;1;1;2017-11-10 08:50:00;603;0;50;25;25;0;-1;1;-1;-1;-1;-1;-1;-1;0;1;4;1;1;5;-1;0;0;0;0;0;0;0;0;0;0;0;0;0;1;1;0;0;-1;-1;0;0;-1;-1;-1;-1;-1;-1;-1;-1;-1;25;25;25;50;100;25;25;100;50;11.5;2;3.5;2.5;Central Coast Mariners;Sydney FC;0.92;2.38;0.5;3;0.6;2.6;75;75;75;50;0;50;50;50;0;0;0;192;27;Y;Y;N;N;N;N;N
59060;601;605;2017/2018;complete;278;6;-1;24;45,47;1;2;3;6;7;13;0;0;3;4;0;0;4;8;15;8;19;16;17;15;58;42;3;4;2.18;3.79;3.3;0;0;0;0;0;0;0;0;0;0;0;0;0;0;0;0;0;0;0;0;0;0;0;0;0;0;0;0;0;0;0;0;0;0;0;0;0;0;0;0;0;0;0;0;0;0;0;0;0;0;0;0;0;0;0;0;0;0;0;0;0;0;0;0;0;3;1;1;0;1;1;2;2017-11-11 06:35:00;605;0;75;75;25;0;-1;1;-1;-1;-1;-1;-1;-1;1;1;2;3;2;5;-1;0;0;0;0;0;0;0;0;0;0;0;0;0;1;1;0;0;-1;-1;0;1;-1;-1;-1;-1;-1;-1;-1;-1;-1;25;50;75;100;100;100;100;50;50;6;3.5;7;3.75;Adelaide United;Newcastle Jets FC;1.46;1.85;0.5;3;1;2.2;75;50;25;0;0;50;50;50;0;0;0;192;28;Y;Y;Y;N;N;N;Y
59061;607;604;2017/2018;complete;278;6;-1;79;84;1;1;2;7;6;13;4;0;2;4;0;0;6;5;5;9;11;14;16;27;52;48;2;4;1.88;3.96;4.16;0;0;0;0;0;0;0;0;0;0;0;0;0;0;0;0;0;0;0;0;0;0;0;0;0;0;0;0;0;0;0;0;0;0;0;0;0;0;0;0;0;0;0;0;0;0;0;0;0;0;0;0;0;0;0;0;0;0;0;0;0;0;0;0;0;2;0;0;1;1;2;0;2017-11-11 08:50:00;-1;0;59;25;17;0;-1;1;-1;-1;-1;-1;-1;-1;1;3;1;1;4;2;-1;0;0;0;0;0;0;0;0;0;0;0;0;0;1;1;0;0;-1;-1;0;1;-1;-1;-1;-1;-1;-1;-1;-1;-1;25;25;42;84;100;25;84;100;42;11.67;2.33;7;3;Melbourne Victory FC;Brisbane Roar;1.6;1.5;0.33;0.5;0.6;0.4;75;75;59;17;0;100;100;75;0;0;0;192;28;Y;Y;N;N;N;N;Y
59062;609;600;2017/2018;complete;278;6;-1;13,34,52,74,87;9,47;5;2;7;5;6;11;1;4;2;2;0;0;9;6;8;4;17;10;12;13;43;57;2;2;2.29;3.8;3.07;0;0;0;0;0;0;0;0;0;0;0;0;0;0;0;0;0;0;0;0;0;0;0;0;0;0;0;0;0;0;0;0;0;0;0;0;0;0;0;0;0;0;0;0;0;0;0;0;0;0;0;0;0;0;0;0;0;0;0;0;0;0;0;0;0;7;2;1;3;1;4;3;2017-11-12 06:00:00;609;0;84;67;17;0;-1;1;-1;-1;-1;-1;-1;-1;2;2;0;0;4;0;-1;0;0;0;0;0;0;0;1;0;1;0;0;0;1;1;0;1;-1;-1;0;0;-1;-1;-1;-1;-1;-1;-1;-1;-1;25;42;59;100;100;84;100;75;42;12.33;4.67;4.17;3.5;Wellington Phoenix;Perth Glory FC;1.23;0.79;1;0.33;0.4;1.4;75;59;42;0;0;100;59;59;0;0;0;192;27;Y;Y;Y;Y;Y;Y;Y
59063;602;608;2017/2018;complete;278;6;-1;55;19;1;1;2;8;8;16;5;0;1;2;0;0;9;4;8;2;17;6;15;19;50;50;1;2;2.18;3.69;3.38;0;0;0;0;0;0;0;0;0;0;0;0;0;0;0;0;0;0;0;0;0;0;0;0;0;0;0;0;0;0;0;0;0;0;0;0;0;0;0;0;0;0;0;0;0;0;0;0;0;0;0;0;0;0;0;0;0;0;0;0;0;0;0;0;0;2;0;1;1;0;1;1;2017-11-12 08:00:00;-1;0;50;17;0;0;-1;1;-1;-1;-1;-1;-1;-1;0;0;1;2;0;3;-1;0;0;0;0;0;0;0;1;0;1;0;0;0;1;1;0;0;-1;-1;0;0;-1;-1;-1;-1;-1;-1;-1;-1;-1;0;17;17;67;100;17;67;100;0;12.67;4;4.67;2;Melbourne City FC;Western Sydney Wanderers;1.73;1;2;1;2.4;1.4;100;84;84;34;0;67;67;50;0;0;0;192;27;Y;Y;N;N;N;N;Y
59064;603;601;2017/2018;complete;278;7;-1;40;59,90;1;2;3;3;8;11;0;1;3;3;0;0;2;9;5;16;7;25;11;13;60;40;3;3;2.57;3.7;2.74;0;0;0;0;0;0;0;0;0;0;0;0;0;0;0;0;0;0;0;0;0;0;0;0;0;0;0;0;0;0;0;0;0;0;0;0;0;0;0;0;0;0;0;0;0;0;0;0;0;0;0;0;0;0;0;0;0;0;0;0;0;0;0;0;0;3;1;0;0;2;2;1;2017-11-16 08:50:00;601;0;67;33;17;0;-1;1;-1;-1;-1;-1;-1;-1;2;1;1;2;3;3;-1;0;0;0;0;0;0;0;1;0;1;0;0;0;1;1;0;0;-1;-1;0;0;-1;-1;-1;-1;-1;-1;-1;-1;-1;17;17;33;84;100;33;67;84;50;16;2;4.34;2.67;Central Coast Mariners;Adelaide United;0.92;1.33;1.33;1.33;1;0.83;84;84;67;17;0;84;67;67;0;0;0;192;27;Y;Y;Y;N;N;N;Y
59065;604;602;2017/2018;complete;278;7;-1;5,43,70;54;3;1;4;3;8;11;1;4;4;4;0;0;6;7;4;7;10;14;14;22;48;52;4;4;3.45;3.78;2.13;0;0;0;0;0;0;0;0;0;0;0;0;0;0;0;0;0;0;0;0;0;0;0;0;0;0;0;0;0;0;0;0;0;0;0;0;0;0;0;0;0;0;0;0;0;0;0;0;0;0;0;0;0;0;0;0;0;0;0;0;0;0;0;0;0;4;2;0;1;1;2;2;2017-11-17 08:50:00;604;0;59;17;25;0;-1;1;-1;-1;-1;-1;-1;-1;3;1;1;3;4;4;-1;0;0;0;0;0;0;0;0;0;0;0;0;0;1;1;1;0;-1;-1;1;0;-1;-1;-1;-1;-1;-1;-1;-1;-1;0;0;59;84;84;42;84;42;42;7.17;2.83;5.5;2.25;Brisbane Roar;Melbourne City FC;1;1.43;0.33;3;0.5;2.17;100;100;42;17;17;75;75;59;0;0;0;192;28;Y;Y;Y;Y;N;N;Y
59066;608;609;2017/2018;complete;278;7;-1;6,63,72,82;;4;0;4;8;2;10;1;3;0;1;0;0;15;2;15;4;30;6;17;8;60;40;0;1;1.6;4.49;5.64;1.01;1.18;1.61;2.5;0;0;0;0;0;0;1.59;2.35;0;0;0;0;0;0;0;0;0;0;0;0;0;0;0;0;0;0;0;0;0;0;0;0;0;0;0;0;0;0;0;0;0;0;0;0;0;0;0;0;0;0;0;0;0;0;0;0;0;0;0;0;0;4;1;0;3;0;3;1;2018-02-11 08:00:00;608;0;45;20;26;0;-1;1;-1;-1;-1;-1;-1;-1;0;1;0;0;1;0;-1;0;0;0;0;0;0;0;0;0;0;0;0;0;1;1;1;0;-1;-1;0;0;-1;-1;-1;-1;-1;-1;-1;-1;-1;18;31;64;78;89;51;71;82;51;9.33;2.99;4.42;2.79;Western Sydney Wanderers;Wellington Phoenix;1.46;0.36;1.14;0.56;1.22;0.78;82;69;37;22;11;82;57;50;0;0;0;192;27;Y;Y;Y;Y;N;N;N
59067;606;605;2017/2018;complete;278;7;-1;5,59;65;2;1;3;14;8;22;0;0;0;0;0;0;9;5;8;6;17;11;9;11;56;44;0;0;1.72;4.18;4.9;0;0;0;0;0;0;0;0;0;0;0;0;0;0;0;0;0;0;0;0;0;0;0;0;0;0;0;0;0;0;0;0;0;0;0;0;0;0;0;0;0;0;0;0;0;0;0;0;0;0;0;0;0;0;0;0;0;0;0;0;0;0;0;0;0;3;1;0;1;1;2;1;2017-11-18 08:50:00;606;0;84;84;17;0;-1;-1;-1;-1;-1;-1;-1;-1;0;0;0;0;0;0;-1;0;0;0;0;0;0;0;0;0;0;0;0;0;1;1;1;0;-1;-1;-1;-1;-1;-1;-1;-1;-1;-1;-1;-1;-1;33;50;84;100;100;84;100;84;33;10.33;2.33;4;3.84;Sydney FC;Newcastle Jets FC;2.2;1.85;2.33;3;2.17;2.33;67;50;17;0;0;84;67;67;0;0;0;192;28;Y;Y;Y;N;N;N;Y
59068;600;607;2017/2018;complete;278;7;-1;;56,67;0;2;2;3;4;7;2;3;1;1;0;0;4;7;11;9;15;16;14;12;46;54;1;1;2.29;3.79;3.08;0;0;0;0;0;0;0;0;0;0;0;0;0;0;0;0;0;0;0;0;0;0;0;0;0;0;0;0;0;0;0;0;0;0;0;0;0;0;0;0;0;0;0;0;0;0;0;0;0;0;0;0;0;0;0;0;0;0;0;0;0;0;0;0;0;2;0;0;0;2;2;0;2017-11-19 08:00:00;607;0;75;25;50;0;-1;1;-1;-1;-1;-1;-1;-1;1;1;0;0;2;0;-1;0;0;0;0;0;0;0;0;0;0;0;0;0;1;1;0;0;-1;-1;0;0;-1;-1;-1;-1;-1;-1;-1;-1;-1;0;25;50;75;100;25;50;100;75;9;7.5;5;2.5;Perth Glory FC;Melbourne Victory FC;1.62;1.73;3;1;1.17;0.67;100;75;50;25;0;50;50;50;0;0;0;192;27;Y;Y;N;N;N;N;N
59069;605;607;2017/2018;complete;278;8;-1;13,37,75,83;5;4;1;5;8;1;9;3;3;3;2;0;1;8;2;11;1;19;3;22;7;58;42;3;4;2.5;3.63;2.86;0;0;0;0;0;0;0;0;0;0;0;0;0;0;0;0;0;0;0;0;0;0;0;0;0;0;0;0;0;0;0;0;0;0;0;0;0;0;0;0;0;0;0;0;0;0;0;0;0;0;0;0;0;0;0;0;0;0;0;0;0;0;0;0;0;5;2;1;2;0;2;3;2017-11-23 08:50:00;605;0;67;33;50;0;-1;1;-1;-1;-1;-1;-1;-1;1;2;2;1;3;3;-1;0;0;0;0;0;0;0;0;0;0;0;0;0;1;1;0;1;-1;-1;0;0;-1;-1;-1;-1;-1;-1;-1;-1;-1;0;33;50;100;100;50;67;100;67;10;5.33;5;2.84;Newcastle Jets FC;Melbourne Victory FC;1.81;1.73;1.67;1.67;2;1;100;67;50;0;0;50;50;50;0;0;0;192;29;Y;Y;Y;Y;Y;N;Y
59070;602;600;2017/2018;complete;278;8;-1;31;12,43,83;1;3;4;7;2;9;5;0;1;1;1;0;4;6;5;2;9;8;13;14;56;44;3;1;1.69;4.42;4.85;0;0;0;0;0;0;0;0;0;0;0;0;0;0;0;0;0;0;0;0;0;0;0;0;0;0;0;0;0;0;0;0;0;0;0;0;0;0;0;0;0;0;0;0;0;0;0;0;0;0;0;0;0;0;0;0;0;0;0;0;0;0;0;0;0;4;1;2;0;1;1;3;2017-11-24 08:50:00;600;0;50;25;25;0;-1;1;-1;-1;-1;-1;-1;-1;1;0;1;1;1;2;-1;0;0;0;0;0;0;0;0;1;0;1;0;0;1;1;0;0;-1;-1;0;0;-1;-1;-1;-1;-1;-1;-1;-1;-1;13;25;38;75;100;38;75;100;25;13.25;5.75;3.25;2.75;Melbourne City FC;Perth Glory FC;1.73;0.79;1.75;0.25;1.86;1;88;75;63;25;0;88;75;63;0;0;0;192;27;Y;Y;Y;Y;N;N;Y
59071;609;603;2017/2018;complete;278;8;-1;71;39,54,66,90;1;4;5;6;4;10;2;1;2;2;0;0;3;6;6;4;9;10;12;13;53;47;2;2;2.06;4.05;3.41;0;0;0;0;0;0;0;0;0;0;0;0;0;0;0;0;0;0;0;0;0;0;0;0;0;0;0;0;0;0;0;0;0;0;0;0;0;0;0;0;0;0;0;0;0;0;0;0;0;0;0;0;0;0;0;0;0;0;0;0;0;0;0;0;0;5;0;1;1;3;4;1;2017-11-25 06:35:00;603;0;84;67;33;0;-1;1;-1;-1;-1;-1;-1;-1;0;1;2;1;1;3;-1;0;0;0;0;0;0;0;0;0;0;0;0;0;1;1;0;0;-1;-1;0;0;-1;-1;-1;-1;-1;-1;-1;-1;-1;34;50;67;84;84;67;84;67;67;11.67;4.33;5;3.67;Wellington Phoenix;Central Coast Mariners;1.23;0.57;1.67;0.67;0.83;0.86;67;50;33;17;17;84;67;50;0;0;0;192;27;Y;Y;Y;Y;Y;N;Y
59072;606;604;2017/2018;complete;278;8;-1;7,15,79;90;3;1;4;2;5;7;3;6;1;1;1;1;8;3;2;5;10;8;12;9;47;53;3;3;1.54;4.55;6.41;1.02;1.23;1.77;2.85;0;0;0;0;0;0;1.83;2;0;0;0;0;0;0;0;0;0;0;0;0;0;0;0;0;0;0;0;0;0;0;0;0;0;0;0;0;0;0;0;0;0;0;0;0;0;0;0;0;0;0;0;0;0;0;0;0;0;0;0;0;0;4;2;0;1;1;2;2;2017-11-25 08:50:00;606;0;71;42;42;0;-1;1;-1;-1;-1;-1;-1;-1;0;0;2;2;0;4;-1;0;0;0;0;0;0;0;1;0;1;0;0;0;1;1;1;0;-1;-1;0;0;-1;-1;-1;-1;-1;-1;-1;-1;-1;29;42;54;100;100;42;84;100;59;12.25;0.92;3.58;3.42;Sydney FC;Brisbane Roar;2.2;1.5;2.5;0.67;2.29;0.86;71;59;46;0;0;88;75;59;0;0;0;192;28;Y;Y;Y;Y;N;N;Y
59073;601;608;2017/2018;complete;278;8;-1;45,63;;2;0;2;4;5;9;2;0;0;4;1;1;8;3;8;6;16;9;15;15;48;52;2;5;2.78;3.54;2.62;1.03;1.25;1.8;2.95;0;0;0;0;0;0;1.71;2.15;0;0;0;0;0;0;0;0;0;0;0;0;0;0;0;0;0;0;0;0;0;0;0;0;0;0;0;0;0;0;0;0;0;0;0;0;0;0;0;0;0;0;0;0;0;0;0;0;0;0;0;0;0;2;1;0;1;0;1;1;2017-11-26 08:00:00;601;0;84;46;17;0;-1;1;-1;-1;-1;-1;-1;-1;0;5;1;0;5;1;-1;0;0;0;0;0;0;0;1;0;0;0;1;0;1;1;0;0;-1;-1;0;0;-1;-1;-1;-1;-1;-1;-1;-1;-1;0;29;46;100;100;63;100;84;17;10.83;1.08;6.08;2.75;Adelaide United;Western Sydney Wanderers;1.46;1;0.33;1;1.14;1.33;100;71;54;0;0;54;54;54;0;0;0;192;27;Y;Y;N;N;N;N;N
59074;601;606;2017/2018;complete;278;9;-1;;45;0;1;1;4;2;6;1;1;2;1;0;0;2;5;7;2;9;7;13;11;57;43;2;1;3.63;3.62;2.11;0;0;1.89;0;0;0;0;0;0;0;0;0;0;0;0;0;0;0;0;0;0;0;0;0;0;0;0;0;0;0;0;0;0;0;0;0;0;0;0;0;0;0;0;0;0;0;0;0;0;0;0;0;0;0;0;0;0;0;0;0;0;0;0;0;0;1;0;1;0;0;0;1;2017-12-01 08:50:00;606;0;25;25;13;0;-1;1;-1;-1;-1;-1;-1;-1;1;1;1;0;2;1;-1;0;0;0;0;0;0;0;0;0;0;0;0;0;1;1;0;0;-1;-1;0;0;-1;-1;-1;-1;-1;-1;-1;-1;-1;0;13;25;67;100;38;67;88;13;9.25;1.75;4.67;2.04;Adelaide United;Sydney FC;1.46;2.38;1;2;1.38;2.38;100;88;75;34;0;59;46;46;0;0;0;192;28;Y;N;N;N;N;N;N
59075;608;604;2017/2018;complete;278;9;-1;;45,66;0;2;2;6;4;10;0;0;2;1;0;0;4;3;5;6;9;9;15;13;65;35;2;1;1.96;3.77;4.01;0;0;1.72;0;0;0;0;0;0;0;0;0;0;0;0;0;0;0;0;0;0;0;0;0;0;0;0;0;0;0;0;0;0;0;0;0;0;0;0;0;0;0;0;0;0;0;0;0;0;0;0;0;0;0;0;0;0;0;0;0;0;0;0;0;0;2;0;1;0;1;1;1;2017-12-02 06:35:00;604;0;88;38;50;0;-1;1;-1;-1;-1;-1;-1;-1;1;1;1;0;2;1;-1;0;0;0;0;0;0;0;0;0;0;0;0;0;1;1;0;0;-1;-1;0;0;-1;-1;-1;-1;-1;-1;-1;-1;-1;13;50;75;100;100;75;88;100;63;8.25;6.5;5.25;3.5;Western Sydney Wanderers;Brisbane Roar;1.46;1.5;2;0.5;1.14;0.75;88;50;25;0;0;63;63;50;0;0;0;192;27;Y;Y;N;N;N;N;N
59076;605;602;2017/2018;complete;278;9;-1;32;40,86;1;2;3;5;3;8;0;1;0;3;0;0;9;4;4;1;13;5;11;20;51;49;0;3;2.39;3.69;2.98;0;0;1.75;0;0;0;0;0;0;0;0;0;0;0;0;0;0;0;0;0;0;0;0;0;0;0;0;0;0;0;0;0;0;0;0;0;0;0;0;0;0;0;0;0;0;0;0;0;0;0;0;0;0;0;0;0;0;0;0;0;0;0;0;0;0;3;1;1;0;1;1;2;2017-12-02 08:50:00;602;0;71;25;46;0;-1;1;-1;-1;-1;-1;-1;-1;0;1;0;2;1;2;-1;0;0;0;0;0;0;0;0;1;0;1;0;0;1;1;0;0;-1;-1;0;0;-1;-1;-1;-1;-1;-1;-1;-1;-1;13;42;71;100;100;71;100;84;59;10.17;4.58;6.42;3.25;Newcastle Jets FC;Melbourne City FC;1.81;1.43;2;2;2.13;1.63;88;59;29;0;0;84;71;71;0;0;0;192;29;Y;Y;Y;N;N;N;Y
59077;609;607;2017/2018;complete;278;9;-1;29,31;54,57,86;2;3;5;4;9;13;0;5;4;1;0;0;5;7;9;12;14;19;24;14;48;52;4;1;3.1;3.86;2.26;0;0;1.61;0;0;0;0;0;0;0;0;0;0;0;0;0;0;0;0;0;0;0;0;0;0;0;0;0;0;0;0;0;0;0;0;0;0;0;0;0;0;0;0;0;0;0;0;0;0;0;0;0;0;0;0;0;0;0;0;0;0;0;0;0;0;5;2;0;0;3;3;2;2017-12-03 03:30:00;607;0;88;63;50;0;-1;1;-1;-1;-1;-1;-1;-1;1;0;3;1;1;4;-1;0;0;0;0;0;0;0;0;0;0;0;0;0;1;1;0;0;-1;-1;0;0;-1;-1;-1;-1;-1;-1;-1;-1;-1;50;63;63;100;100;63;75;88;88;9;5.5;5;4.13;Wellington Phoenix;Melbourne Victory FC;1.23;1.73;1.25;1.25;0.71;0.88;50;38;38;0;0;63;38;25;0;0;0;192;27;Y;Y;Y;Y;Y;N;Y
59078;603;600;2017/2018;complete;278;9;-1;78;;1;0;1;7;6;13;1;1;4;1;0;0;3;2;7;5;10;7;7;12;61;39;4;1;2.32;3.89;2.98;0;0;1.53;0;0;0;0;0;0;0;0;0;0;0;0;0;0;0;0;0;0;0;0;0;0;0;0;0;0;0;0;0;0;0;0;0;0;0;0;0;0;0;0;0;0;0;0;0;0;0;0;0;0;0;0;0;0;0;0;0;0;0;0;0;0;1;0;0;1;0;1;0;2017-12-03 06:00:00;603;0;78;43;33;0;-1;1;-1;-1;-1;-1;-1;-1;0;0;4;1;0;5;-1;0;0;0;0;0;0;0;0;0;0;0;0;0;1;1;0;0;-1;-1;0;0;-1;-1;-1;-1;-1;-1;-1;-1;-1;23;43;65;100;100;53;88;100;58;11.15;2.55;4.35;3.63;Central Coast Mariners;Perth Glory FC;0.92;0.79;1;0.8;1.13;1.25;78;58;35;0;0;88;68;68;0;0;0;192;27;Y;N;N;N;N;N;N
59079;607;601;2017/2018;complete;278;10;-1;56;17,72;1;2;3;4;4;8;1;0;1;3;0;2;5;8;6;6;11;14;17;11;57;43;1;5;2.1;3.71;3.58;0;0;0;0;0;0;0;0;0;0;0;0;3;1.36;5;1.16;0;0;0;0;0;0;0;0;0;0;0;0;0;0;0;0;0;0;0;0;0;0;0;0;0;0;0;0;0;0;0;0;0;0;0;0;0;0;0;0;0;0;0;0;0;0;0;0;0;3;0;1;1;1;2;1;2017-12-08 08:50:00;601;0;75;13;25;0;-1;1;-1;-1;-1;-1;-1;-1;0;2;1;3;2;4;-1;0;0;0;0;0;0;0;1;0;0;0;1;0;1;1;0;0;-1;-1;0;0;-1;-1;-1;-1;-1;-1;-1;-1;-1;0;0;38;75;100;13;63;88;50;17.25;3;5.5;2.13;Melbourne Victory FC;Adelaide United;1.6;1.33;0.5;1.75;1.11;1.22;100;100;63;25;0;100;88;88;0;0;0;192;28;Y;Y;Y;N;N;N;Y
59080;604;609;2017/2018;complete;278;10;-1;;;0;0;0;3;9;12;4;3;4;2;0;0;2;7;5;11;7;18;17;12;50;50;4;2;2.04;3.79;3.68;1.01;1.19;1.61;2.5;0;0;0;0;0;0;1.61;2.35;3.25;1.33;5.5;1.14;0;0;0;0;0;0;0;0;0;0;0;0;0;0;0;0;0;0;0;0;0;0;0;0;0;0;0;0;0;0;0;0;0;0;0;0;0;0;0;0;0;0;0;0;0;0;0;0;0;0;0;0;0;0;0;0;2017-12-09 06:35:00;-1;0;54;29;29;0;-1;1;-1;-1;-1;-1;-1;-1;2;0;2;2;2;4;-1;0;0;0;0;0;0;0;0;0;0;0;0;0;1;1;0;0;-1;-1;1;0;-1;-1;-1;-1;-1;-1;-1;-1;-1;17;29;71;71;88;59;71;75;42;10.33;1.92;3.5;2.75;Brisbane Roar;Wellington Phoenix;1;0.36;1;0;1;0.63;84;71;29;29;13;100;100;88;0;0;0;192;27;N;N;N;N;N;N;N
59081;608;606;2017/2018;complete;278;10;-1;;14,41,45,53,76;0;5;5;7;2;9;0;0;4;0;0;0;3;12;12;8;15;20;20;13;59;41;4;0;3.67;3.56;2.12;1.04;1.29;1.95;3.35;0;0;0;0;0;0;1.87;1.95;4.33;1.19;2.75;1.39;0;0;0;0;0;0;0;0;0;0;0;0;0;0;0;0;0;0;0;0;0;0;0;0;0;0;0;0;0;0;0;0;0;0;0;0;0;0;0;0;0;0;0;0;0;0;0;0;0;5;0;3;0;2;2;3;2017-12-09 08:50:00;606;0;34;17;17;0;-1;1;-1;-1;-1;-1;-1;-1;1;0;3;0;1;3;-1;0;0;0;0;0;0;0;0;0;0;0;0;0;1;1;0;0;-1;-1;0;0;-1;-1;-1;-1;-1;-1;-1;-1;-1;0;17;34;63;100;34;75;88;17;8.92;4;3.5;2.13;Western Sydney Wanderers;Sydney FC;1.46;2.38;1.33;2.25;1;2.44;100;84;67;38;0;59;59;42;0;0;0;192;27;Y;Y;Y;Y;Y;N;N
59082;600;605;2017/2018;complete;278;10;-1;20;88,90;1;2;3;5;6;11;1;6;2;2;0;0;6;2;7;5;13;7;9;11;44;56;2;2;2.53;3.7;2.78;1.01;1.16;1.56;2.4;0;0;0;0;0;0;1.53;2.5;4;1.22;4.33;1.19;0;0;0;0;0;0;0;0;0;0;0;0;0;0;0;0;0;0;0;0;0;0;0;0;0;0;0;0;0;0;0;0;0;0;0;0;0;0;0;0;0;0;0;0;0;0;0;0;0;3;1;0;0;2;2;1;2017-12-09 11:00:00;605;0;67;38;13;0;-1;1;-1;-1;-1;-1;-1;-1;1;1;1;1;2;2;-1;0;0;0;0;0;0;0;0;0;0;0;0;0;1;1;0;0;-1;-1;0;0;-1;-1;-1;-1;-1;-1;-1;-1;-1;13;13;67;84;100;38;67;88;59;9.33;4.83;4.42;2.88;Perth Glory FC;Newcastle Jets FC;1.62;1.85;2;2.25;1.11;1.89;88;88;34;17;0;84;84;84;0;0;0;192;27;Y;Y;Y;N;N;N;Y
59083;602;603;2017/2018;complete;278;10;-1;59;;1;0;1;8;5;13;0;2;2;2;0;0;8;3;2;5;10;8;15;14;46;54;2;2;1.81;3.97;4.53;0;0;0;0;0;0;0;0;0;0;0;0;0;0;0;0;0;0;0;0;0;0;0;0;0;0;0;0;0;0;0;0;0;0;0;0;0;0;0;0;0;0;0;0;0;0;0;0;0;0;0;0;0;0;0;0;0;0;0;0;0;0;0;0;0;1;0;0;1;0;1;0;2017-12-10 08:00:00;602;0;58;23;25;0;-1;1;-1;-1;-1;-1;-1;-1;0;1;2;1;1;3;-1;0;0;0;0;0;0;0;0;0;0;0;0;0;1;1;0;0;-1;-1;0;1;-1;-1;-1;-1;-1;-1;-1;-1;-1;13;35;48;68;88;23;68;88;38;12.5;5.55;4.3;2.5;Melbourne City FC;Central Coast Mariners;1.73;0.57;1.4;1.25;1.78;1.33;88;65;53;33;13;78;68;33;0;0;0;192;27;Y;N;N;N;N;N;N
59084;606;602;2017/2018;complete;278;11;-1;44,45,90;37;3;1;4;5;4;9;0;0;2;2;0;1;6;4;8;7;14;11;14;16;52;48;2;4;1.71;3.96;5.28;1.03;1.26;1.83;3.15;0;0;0;0;0;0;1.91;1.91;2.62;1.44;5;1.16;0;0;0;0;0;0;0;0;0;0;0;0;0;0;0;0;0;0;0;0;0;0;0;0;0;0;0;0;0;0;0;0;0;0;0;0;0;0;0;0;0;0;0;0;0;0;0;0;0;4;2;1;1;0;1;3;2017-12-15 08:50:00;606;0;78;33;55;0;-1;1;-1;-1;-1;-1;-1;-1;1;1;1;2;2;3;-1;0;0;0;0;0;0;0;1;0;1;0;0;0;1;1;0;0;-1;-1;1;0;-1;-1;-1;-1;-1;-1;-1;-1;-1;10;43;78;100;100;68;100;88;55;10.5;2.8;4.3;3.3;Sydney FC;Melbourne City FC;2.2;1.43;2.6;2.25;2.5;1.9;90;58;23;0;0;55;45;45;0;0;0;192;28;Y;Y;Y;Y;N;N;Y
59085;605;601;2017/2018;complete;278;11;-1;55,89;67;2;1;3;0;8;8;4;1;2;5;0;0;4;7;4;3;8;10;17;15;45;55;2;5;1.96;3.75;4.02;1.02;1.21;1.69;2.75;0;0;0;0;0;0;1.67;2.25;3.5;1.28;5;1.16;0;0;0;0;0;0;0;0;0;0;0;0;0;0;0;0;0;0;0;0;0;0;0;0;0;0;0;0;0;0;0;0;0;0;0;0;0;0;0;0;0;0;0;0;0;0;0;0;0;3;0;0;2;1;3;0;2017-12-16 06:35:00;605;0;80;40;20;0;-1;1;-1;-1;-1;-1;-1;-1;2;1;0;4;3;4;-1;0;0;0;0;0;0;0;1;0;1;0;0;0;1;1;0;0;-1;-1;1;0;-1;-1;-1;-1;-1;-1;-1;-1;-1;10;20;70;90;100;50;90;90;50;14.2;2.6;4.8;2.9;Newcastle Jets FC;Adelaide United;1.81;1.33;1.6;2;2;1.4;90;80;30;10;0;80;60;60;0;0;0;192;28;Y;Y;Y;N;N;N;Y
59086;603;608;2017/2018;complete;278;11;-1;;27,50;0;2;2;8;1;9;3;3;1;7;2;0;3;3;4;3;7;6;16;19;45;55;5;7;2.73;3.66;2.59;1.02;1.2;1.65;2.65;0;0;0;0;0;0;1.61;2.35;4;1.22;3.5;1.28;0;0;0;0;0;0;0;0;0;0;0;0;0;0;0;0;0;0;0;0;0;0;0;0;0;0;0;0;0;0;0;0;0;0;0;0;0;0;0;0;0;0;0;0;0;0;0;0;0;2;0;1;0;1;1;1;2017-12-16 08:50:00;608;0;70;20;10;0;-1;1;-1;-1;-1;-1;-1;-1;1;2;2;5;3;7;-1;0;0;0;0;0;0;0;0;0;0;0;0;0;1;1;0;0;-1;-1;0;1;-1;-1;-1;-1;-1;-1;-1;-1;-1;10;20;30;90;100;20;80;100;30;12.2;1.4;6.2;2.6;Central Coast Mariners;Western Sydney Wanderers;0.92;1;1.4;0.8;1.2;0.89;90;80;70;10;0;80;70;70;0;0;0;192;27;Y;Y;N;N;N;N;N
59087;600;609;2017/2018;complete;278;11;-1;59;;1;0;1;2;1;3;5;2;4;0;0;0;2;2;3;8;5;10;15;10;49;51;4;0;2.01;3.87;3.71;1.01;1.15;1.53;2.3;0;0;0;0;0;0;1.53;2.5;3.25;1.33;5;1.16;0;0;0;0;0;0;0;0;0;0;0;0;0;0;0;0;0;0;0;0;0;0;0;0;0;0;0;0;0;0;0;0;0;0;0;0;0;0;0;0;0;0;0;0;0;0;0;0;0;1;0;0;1;0;1;0;2017-12-16 11:00:00;600;0;38;13;13;0;-1;1;-1;-1;-1;-1;-1;-1;1;0;3;0;1;3;-1;0;0;0;0;0;0;0;0;0;0;0;0;0;1;1;0;0;-1;-1;0;0;-1;-1;-1;-1;-1;-1;-1;-1;-1;13;13;50;63;88;25;50;88;50;10.75;4;3;2.25;Perth Glory FC;Wellington Phoenix;1.62;0.36;1.5;0.25;1;0.67;88;88;50;38;13;88;88;88;0;0;0;192;27;Y;N;N;N;N;N;N
59088;604;607;2017/2018;complete;278;11;-1;56;12,19;1;2;3;8;5;13;3;6;2;2;0;0;4;8;9;11;13;19;11;17;53;47;2;2;2.63;3.72;2.66;0;0;0;0;0;0;0;0;0;0;1.38;2.9;4;1.22;4.33;1.19;0;0;0;0;0;0;0;0;0;0;0;0;0;0;0;0;0;0;0;0;0;0;0;0;0;0;0;0;0;0;0;0;0;0;0;0;0;0;0;0;0;0;0;0;0;0;0;0;0;3;0;2;1;0;1;2;2017-12-17 08:00:00;607;0;70;30;30;0;-1;1;-1;-1;-1;-1;-1;-1;1;0;1;2;1;3;-1;0;0;0;0;0;0;0;0;0;0;0;0;0;1;1;0;0;-1;-1;0;0;-1;-1;-1;-1;-1;-1;-1;-1;-1;20;40;60;80;80;50;60;70;70;9;5.4;5.2;2.8;Brisbane Roar;Melbourne Victory FC;1;1.73;1;1.6;1;1;80;60;40;20;20;70;60;50;0;0;0;192;28;Y;Y;Y;N;N;N;Y
59089;604;600;2017/2018;complete;278;12;-1;38;80,82;1;2;3;8;7;15;2;3;3;3;0;0;7;4;4;7;11;11;15;13;52;48;3;3;2.09;3.89;3.45;1.02;1.19;1.62;2.6;0;0;0;0;0;0;1.61;2.35;0;0;0;0;0;0;0;0;0;0;0;0;0;0;0;0;0;0;0;0;0;0;0;0;0;0;0;0;0;0;0;0;0;0;0;0;0;0;0;0;0;0;0;0;0;0;0;0;0;0;0;0;0;3;1;0;0;2;2;1;2017-12-21 08:50:00;600;0;67;34;25;0;-1;1;-1;-1;-1;-1;-1;-1;0;0;3;3;0;6;-1;0;0;0;0;0;0;0;0;0;0;0;0;0;1;1;0;0;-1;-1;0;0;-1;-1;-1;-1;-1;-1;-1;-1;-1;9;34;67;75;84;59;75;75;33;10.67;3.67;4.17;2.84;Brisbane Roar;Perth Glory FC;1;0.79;0.83;0.67;0.91;1.18;92;67;33;25;17;100;84;75;0;0;0;192;27;Y;Y;Y;N;N;N;Y
59090;605;608;2017/2018;complete;278;12;-1;10,60,68,84;;4;0;4;5;4;9;6;6;2;0;0;0;9;3;7;4;16;7;18;11;47;53;2;0;2.16;3.74;3.39;0;0;0;0;0;0;0;0;0;0;0;0;0;0;0;0;0;0;0;0;0;0;0;0;0;0;0;0;0;0;0;0;0;0;0;0;0;0;0;0;0;0;0;0;0;0;0;0;0;0;0;0;0;0;0;0;0;0;0;0;0;0;0;0;0;4;1;0;3;0;3;1;2017-12-22 08:50:00;605;0;75;34;17;0;-1;1;-1;-1;-1;-1;-1;-1;1;0;1;0;1;1;-1;0;0;0;0;0;0;0;0;0;0;0;0;0;1;1;1;0;-1;-1;0;0;-1;-1;-1;-1;-1;-1;-1;-1;-1;9;25;50;100;100;42;92;100;25;10.5;3.17;6;2.83;Newcastle Jets FC;Western Sydney Wanderers;1.81;1;1.83;1.17;2.09;1.1;92;75;50;0;0;75;50;50;0;0;0;192;27;Y;Y;Y;Y;N;N;N
59091;609;606;2017/2018;complete;278;12;-1;40;17,25,58,86;1;4;5;7;4;11;4;4;2;2;0;0;7;6;6;3;13;9;10;12;50;50;2;2;5.55;4.5;1.61;1.02;1.19;1.62;2.6;0;0;0;0;0;0;1.74;2.1;0;0;0;0;0;0;0;0;0;0;0;0;0;0;0;0;0;0;0;0;0;0;0;0;0;0;0;0;0;0;0;0;0;0;0;0;0;0;0;0;0;0;0;0;0;0;0;0;0;0;0;0;0;5;1;2;0;2;2;3;2017-12-23 06:35:00;606;0;50;30;20;0;-1;1;-1;-1;-1;-1;-1;-1;1;0;1;2;1;3;-1;0;0;0;0;0;0;0;0;0;0;0;0;0;1;1;0;0;-1;-1;1;0;-1;-1;-1;-1;-1;-1;-1;-1;-1;50;50;50;70;100;50;80;80;50;9.2;2.6;3.8;3.5;Wellington Phoenix;Sydney FC;1.23;2.38;1;2.4;0.6;2.55;50;50;50;30;0;80;60;50;0;0;0;192;27;Y;Y;Y;Y;Y;N;Y
59092;602;607;2017/2018;complete;278;12;-1;;90;0;1;1;11;9;20;0;2;1;2;0;0;4;4;9;8;13;12;12;29;51;49;1;2;2.51;3.59;2.87;1.03;1.26;1.83;3.15;0;0;0;0;0;0;1.74;2.1;0;0;0;0;0;0;0;0;0;0;0;0;0;0;0;0;0;0;0;0;0;0;0;0;0;0;0;0;0;0;0;0;0;0;0;0;0;0;0;0;0;0;0;0;0;0;0;0;0;0;0;0;0;1;0;0;0;1;1;0;2017-12-23 08:50:00;607;0;58;25;17;0;-1;1;-1;-1;-1;-1;-1;-1;0;0;1;2;0;3;-1;0;0;0;0;0;0;0;0;1;0;1;0;0;1;1;0;0;-1;-1;0;0;-1;-1;-1;-1;-1;-1;-1;-1;-1;17;34;42;75;100;42;59;100;42;11.67;7.17;4.16;2.67;Melbourne City FC;Melbourne Victory FC;1.73;1.73;1.67;1.83;1.73;1.18;84;67;58;25;0;67;50;42;0;0;0;192;29;Y;N;N;N;N;N;N
59093;601;603;2017/2018;complete;278;12;-1;14;;1;0;1;3;2;5;2;0;3;2;0;0;4;6;3;8;7;14;11;9;44;56;3;2;1.94;3.78;4.07;1.01;1.21;1.69;2.75;0;0;0;0;0;0;1.74;2.1;0;0;0;0;0;0;0;0;0;0;0;0;0;0;0;0;0;0;0;0;0;0;0;0;0;0;0;0;0;0;0;0;0;0;0;0;0;0;0;0;0;0;0;0;0;0;0;0;0;0;0;0;0;1;1;0;0;0;0;1;2017-12-26 08:50:00;601;0;50;30;30;0;-1;1;-1;-1;-1;-1;-1;-1;2;1;1;1;3;2;-1;0;0;0;0;0;0;0;0;0;0;0;0;0;1;1;0;0;-1;-1;0;0;-1;-1;-1;-1;-1;-1;-1;-1;-1;10;30;50;70;90;40;80;70;40;9.6;2.6;5.2;2.5;Adelaide United;Central Coast Mariners;1.46;0.57;0.8;1;1.27;1.09;90;70;50;30;10;60;50;30;0;0;0;192;27;Y;N;N;N;N;N;N
59094;607;605;2017/2018;complete;278;13;-1;33,53;45;2;1;3;7;4;11;6;3;2;1;0;0;7;4;3;7;10;11;17;16;55;45;2;1;2.08;3.71;3.64;0;0;0;0;0;0;0;0;0;0;0;0;0;0;0;0;0;0;0;0;0;0;0;0;0;0;0;0;0;0;0;0;0;0;0;0;0;0;0;0;0;0;0;0;0;0;0;0;0;0;0;0;0;0;0;0;0;0;0;0;0;0;0;0;0;3;1;1;1;0;1;2;2017-12-29 08:50:00;607;0;90;30;40;0;-1;1;-1;-1;-1;-1;-1;-1;0;0;2;1;0;3;-1;0;0;0;0;0;0;0;1;0;0;0;1;0;1;1;0;0;-1;-1;0;0;-1;-1;-1;-1;-1;-1;-1;-1;-1;10;10;70;90;100;30;80;90;60;12.6;4.2;5.6;2.9;Melbourne Victory FC;Newcastle Jets FC;1.6;1.85;0.4;2.4;1.33;2.17;90;90;30;10;0;90;90;90;0;0;0;192;29;Y;Y;Y;N;N;N;Y
59095;601;604;2017/2018;complete;278;13;-1;69;33,45;1;2;3;11;2;13;1;0;1;2;0;1;7;7;17;1;24;8;13;10;79;21;1;4;1.94;3.78;4.07;1.03;1.25;1.8;3.05;0;0;0;0;0;0;1.83;2;0;0;0;0;0;0;0;0;0;0;0;0;0;0;0;0;0;0;0;0;0;0;0;0;0;0;0;0;0;0;0;0;0;0;0;0;0;0;0;0;0;0;0;0;0;0;0;0;0;0;0;0;0;3;0;2;1;0;1;2;2017-12-30 06:35:00;604;0;47;27;29;0;-1;1;-1;-1;-1;-1;-1;-1;1;2;0;1;3;1;-1;0;0;0;0;0;0;0;0;0;0;0;0;0;1;1;0;0;-1;-1;1;0;-1;-1;-1;-1;-1;-1;-1;-1;-1;10;29;37;84;100;45;90;75;39;8.2;2.6;5.63;2.69;Adelaide United;Brisbane Roar;1.46;1.5;1.17;1;1.42;0.83;90;72;64;17;0;57;49;29;0;0;0;192;28;Y;Y;Y;N;N;N;Y
59096;606;600;2017/2018;complete;278;13;-1;21,58,62,67,90,90;;6;0;6;9;4;13;2;2;0;2;0;0;16;3;2;6;18;9;11;6;53;47;0;2;1.42;5.23;7.66;1.01;1.17;1.56;2.4;0;0;0;0;0;0;2;1.83;0;0;0;0;0;0;0;0;0;0;0;0;0;0;0;0;0;0;0;0;0;0;0;0;0;0;0;0;0;0;0;0;0;0;0;0;0;0;0;0;0;0;0;0;0;0;0;0;0;0;0;0;0;6;1;0;5;0;5;1;2017-12-30 08:50:00;606;0;77;47;40;0;-1;1;-1;-1;-1;-1;-1;-1;0;1;0;1;1;1;-1;0;0;0;0;0;0;0;2;0;2;0;0;0;1;1;0;0;-1;-1;0;0;-1;-1;-1;-1;-1;-1;-1;-1;-1;16;55;77;93;100;62;93;100;47;12.38;2.53;2.71;3.55;Sydney FC;Perth Glory FC;2.2;0.79;2.67;1;2.58;1.33;85;45;23;7;0;84;52;52;0;0;0;192;27;Y;Y;Y;Y;Y;Y;N
59097;603;609;2017/2018;complete;278;13;-1;;;0;0;0;13;7;20;1;1;0;1;0;0;2;6;4;10;6;16;8;10;60;40;0;1;2.09;3.81;3.52;1.02;1.22;1.71;2.75;0;0;0;0;0;0;1.69;2.1;0;0;0;0;0;0;0;0;0;0;0;0;0;0;0;0;0;0;0;0;0;0;0;0;0;0;0;0;0;0;0;0;0;0;0;0;0;0;0;0;0;0;0;0;0;0;0;0;0;0;0;0;0;0;0;0;0;0;0;0;2017-12-31 08:00:00;-1;0;35;19;19;0;-1;1;-1;-1;-1;-1;-1;-1;0;1;0;0;1;0;-1;0;0;0;0;0;0;0;0;0;0;0;0;0;1;1;0;0;-1;-1;0;0;-1;-1;-1;-1;-1;-1;-1;-1;-1;19;19;37;62;90;29;54;90;35;11.53;2.57;4.33;2.34;Central Coast Mariners;Wellington Phoenix;0.92;0.36;1.17;0.2;1;0.55;82;82;64;39;10;82;74;74;0;0;0;192;27;N;N;N;N;N;N;N
59098;608;602;2017/2018;complete;278;13;-1;30,32;25;2;1;3;2;7;9;0;0;3;0;0;0;5;4;3;4;8;8;20;17;57;43;3;0;2.71;3.49;2.71;1.04;1.27;1.87;3.2;0;0;0;0;0;0;1.77;2.1;0;0;0;0;0;0;0;0;0;0;0;0;0;0;0;0;0;0;0;0;0;0;0;0;0;0;0;0;0;0;0;0;0;0;0;0;0;0;0;0;0;0;0;0;0;0;0;0;0;0;0;0;0;3;2;1;0;0;0;3;2018-01-01 08:50:00;608;0;65;33;33;0;-1;1;-1;-1;-1;-1;-1;-1;1;0;2;0;1;2;-1;0;0;0;0;0;0;0;0;1;0;0;0;1;1;1;0;0;-1;-1;1;0;-1;-1;-1;-1;-1;-1;-1;-1;-1;13;45;78;100;100;78;100;90;45;8.85;3.85;6.1;3.35;Western Sydney Wanderers;Melbourne City FC;1.46;1.43;1;1.8;1;1.58;88;55;23;0;0;68;45;33;0;0;0;192;27;Y;Y;Y;N;N;N;Y
59099;606;605;2017/2018;complete;278;14;-1;16,87;10,62;2;2;4;6;3;9;3;3;2;2;0;0;4;5;11;7;15;12;9;15;57;43;2;2;1.56;4.44;6.25;0;0;0;0;0;0;0;0;0;0;1.47;2.6;0;0;0;0;0;0;0;0;0;0;0;0;0;0;0;0;0;0;0;0;0;0;0;0;0;0;0;0;0;0;0;0;0;0;0;0;0;0;0;0;0;0;0;0;0;0;0;0;0;0;0;0;0;4;1;1;1;1;2;2;2018-01-03 08:50:00;-1;0;86;55;30;0;-1;1;-1;-1;-1;-1;-1;-1;1;1;1;1;2;2;-1;0;0;0;0;0;0;0;0;0;0;0;0;0;1;1;0;1;-1;-1;0;0;-1;-1;-1;-1;-1;-1;-1;-1;-1;23;44;93;100;100;62;100;92;54;12;3.36;3.19;3.75;Sydney FC;Newcastle Jets FC;2.2;1.85;2.71;2;2.62;2;77;56;7;0;0;86;72;72;0;0;0;192;28;Y;Y;Y;Y;N;N;Y
59100;604;608;2017/2018;complete;278;14;-1;;29,45;0;2;2;10;3;13;6;1;4;2;0;0;8;8;9;6;17;14;17;27;51;49;4;2;2.46;3.62;2.92;1.02;1.23;1.74;2.85;0;0;0;0;0;0;1.67;2.2;0;0;0;0;0;0;0;0;0;0;0;0;0;0;0;0;0;0;0;0;0;0;0;0;0;0;0;0;0;0;0;0;0;0;0;0;0;0;0;0;0;0;0;0;0;0;0;0;0;0;0;0;0;2;0;2;0;0;0;2;2018-01-05 08:50:00;608;0;64;14;7;0;-1;1;-1;-1;-1;-1;-1;-1;1;1;3;1;2;4;-1;0;0;0;0;0;0;0;0;0;0;0;0;0;1;1;0;0;-1;-1;0;0;-1;-1;-1;-1;-1;-1;-1;-1;-1;0;22;50;86;86;29;86;79;29;10.71;3.71;6;2.43;Brisbane Roar;Western Sydney Wanderers;1;1;0.71;1;1;1.17;100;79;50;15;15;93;72;65;0;0;0;192;27;Y;Y;N;N;N;N;N
59101;600;601;2017/2018;complete;278;14;-1;;10,71,85;0;3;3;2;3;5;0;4;2;0;0;0;4;4;6;5;10;9;13;10;45;55;2;0;2.35;3.67;3.05;1.02;1.22;1.71;2.75;0;0;0;0;0;0;1.65;2.25;0;0;0;0;0;0;0;0;0;0;0;0;0;0;0;0;0;0;0;0;0;0;0;0;0;0;0;0;0;0;0;0;0;0;0;0;0;0;0;0;0;0;0;0;0;0;0;0;0;0;0;0;0;3;0;1;0;2;2;1;2018-01-05 11:00:00;601;0;62;9;17;0;-1;1;-1;-1;-1;-1;-1;-1;1;0;1;0;1;1;-1;0;0;0;0;0;0;0;0;0;0;0;0;0;1;1;0;1;-1;-1;0;0;-1;-1;-1;-1;-1;-1;-1;-1;-1;0;0;54;72;100;9;54;92;64;12;4.03;5.2;2.25;Perth Glory FC;Adelaide United;1.62;1.33;1.8;1.67;1.23;1.31;100;100;47;29;0;64;55;55;0;0;0;192;27;Y;Y;Y;N;N;N;N
59102;607;603;2017/2018;complete;278;14;-1;49;71;1;1;2;7;5;12;1;0;1;3;0;0;4;5;8;4;12;9;17;11;52;48;1;3;1.66;4.22;5.4;1.02;1.21;1.69;2.7;0;0;0;0;0;0;1.77;2.05;0;0;0;0;0;0;0;0;0;0;0;0;0;0;0;0;0;0;0;0;0;0;0;0;0;0;0;0;0;0;0;0;0;0;0;0;0;0;0;0;0;0;0;0;0;0;0;0;0;0;0;0;0;2;0;0;1;1;2;0;2018-01-06 07:00:00;-1;0;67;17;42;0;-1;1;-1;-1;-1;-1;-1;-1;1;2;0;1;3;1;-1;0;0;0;0;0;0;0;0;0;0;0;0;0;1;1;0;0;-1;-1;0;0;-1;-1;-1;-1;-1;-1;-1;-1;-1;9;17;50;67;92;17;67;84;50;12.16;4;5.16;2.33;Melbourne Victory FC;Central Coast Mariners;1.6;0.57;0.83;0.83;1.46;1;92;84;50;34;9;75;75;58;0;0;0;192;27;Y;Y;N;N;N;N;Y
59103;602;609;2017/2018;complete;278;14;-1;72,80;42;2;1;3;7;2;9;1;1;1;2;0;0;9;4;1;4;10;8;12;8;64;36;1;2;1.62;4.39;5.55;1.01;1.16;1.54;2.35;0;0;0;0;0;0;1.65;2.25;0;0;0;0;0;0;0;0;0;0;0;0;0;0;0;0;0;0;0;0;0;0;0;0;0;0;0;0;0;0;0;0;0;0;0;0;0;0;0;0;0;0;0;0;0;0;0;0;0;0;0;0;0;3;0;1;2;0;2;1;2018-01-06 08:50:00;602;0;23;16;9;0;-1;1;-1;-1;-1;-1;-1;-1;1;0;0;2;1;2;-1;0;0;0;0;0;0;0;0;0;0;0;0;0;1;1;0;0;-1;-1;0;0;-1;-1;-1;-1;-1;-1;-1;-1;-1;9;16;24;38;84;24;38;84;9;13.21;4.04;2.71;1.69;Melbourne City FC;Wellington Phoenix;1.73;0.36;1.43;0.33;1.46;0.58;92;85;77;62;17;85;77;70;0;0;0;192;27;Y;Y;Y;N;N;N;Y
59104;604;606;2017/2018;complete;278;15;-1;;18,50,86;0;3;3;4;3;7;-1;-1;2;4;0;0;3;7;9;5;12;12;-1;-1;51;49;2;4;5.5;4.24;1.65;0;0;0;0;0;0;0;0;0;0;0;0;0;0;0;0;0;0;0;0;0;0;0;0;0;0;0;0;0;0;0;0;0;0;0;0;0;0;0;0;0;0;0;0;0;0;0;0;0;0;0;0;0;0;0;0;0;0;0;0;0;0;0;0;0;3;0;1;0;2;2;1;2018-01-08 08:50:00;606;0;40;15;7;0;-1;1;-1;-1;-1;-1;-1;-1;0;1;2;3;1;5;-1;0;0;0;0;0;0;0;0;0;0;0;0;0;1;1;0;0;-1;-1;0;0;-1;-1;-1;-1;-1;-1;-1;-1;-1;17;23;48;63;88;42;71;67;36;9.96;3.83;4.21;2.38;Brisbane Roar;Sydney FC;1;2.38;0.63;2.5;0.93;2.5;84;78;53;38;13;84;75;69;0;0;0;192;28;Y;Y;Y;N;N;N;N
59105;605;603;2017/2018;complete;278;15;-1;82,90;;2;0;2;7;4;11;0;3;0;3;0;1;6;6;5;7;11;13;11;11;54;46;0;4;1.7;4.05;5.24;0;0;0;0;0;0;0;0;0;0;0;0;0;0;0;0;0;0;0;0;0;0;0;0;0;0;0;0;0;0;0;0;0;0;0;0;0;0;0;0;0;0;0;0;0;0;0;0;0;0;0;0;0;0;0;0;0;0;0;0;0;0;0;0;0;2;0;0;2;0;2;0;2018-01-09 08:50:00;605;0;64;29;36;0;-1;1;-1;-1;-1;-1;-1;-1;0;0;0;4;0;4;-1;0;0;0;0;0;0;0;0;0;0;0;0;0;1;1;0;0;-1;-1;0;0;-1;-1;-1;-1;-1;-1;-1;-1;-1;14;36;65;79;93;36;72;86;57;10;4;4.57;2.86;Newcastle Jets FC;Central Coast Mariners;1.81;0.57;2;0.86;1.93;1;86;64;36;22;7;71;57;43;0;0;0;192;27;Y;Y;N;N;N;N;N
59106;600;602;2017/2018;complete;278;15;-1;;9,38;0;2;2;4;5;9;1;3;4;2;0;0;5;4;6;4;11;8;13;9;48;52;4;2;3.32;3.74;2.19;1.02;1.19;1.65;2.6;0;0;0;0;0;0;1.61;2.3;0;0;0;0;0;0;0;0;0;0;0;0;0;0;0;0;0;0;0;0;0;0;0;0;0;0;0;0;0;0;0;0;0;0;0;0;0;0;0;0;0;0;0;0;0;0;0;0;0;0;0;0;0;2;0;2;0;0;0;2;2018-01-09 11:00:00;602;0;58;25;17;0;-1;1;-1;-1;-1;-1;-1;-1;0;2;4;0;2;4;-1;0;0;0;0;0;0;0;0;1;0;1;0;0;1;1;0;1;-1;-1;0;0;-1;-1;-1;-1;-1;-1;-1;-1;-1;0;17;67;84;100;42;75;84;50;7.84;4;5.17;2.67;Perth Glory FC;Melbourne City FC;1.62;1.43;1.5;1.5;1.14;1.57;100;84;34;17;0;59;42;42;0;0;0;192;27;Y;Y;N;N;N;N;N
59107;609;607;2017/2018;complete;278;15;-1;64,83;40;2;1;3;9;2;11;4;0;3;2;0;1;11;2;15;1;26;3;14;21;61;39;3;4;4.36;3.99;1.83;1.01;1.17;1.56;2.4;0;0;0;0;0;0;1.57;2.4;0;0;0;0;0;0;0;0;0;0;0;0;0;0;0;0;0;0;0;0;0;0;0;0;0;0;0;0;0;0;0;0;0;0;0;0;0;0;0;0;0;0;0;0;0;0;0;0;0;0;0;0;0;3;0;1;2;0;2;1;2018-01-10 06:35:00;609;0;86;48;31;0;-1;1;-1;-1;-1;-1;-1;-1;1;2;2;1;3;3;-1;0;0;0;0;0;0;0;0;0;0;0;0;0;1;1;0;0;-1;-1;0;1;-1;-1;-1;-1;-1;-1;-1;-1;-1;56;63;70;93;100;70;79;92;77;10.81;5.88;4.79;4.07;Wellington Phoenix;Melbourne Victory FC;1.23;1.73;0.83;2;0.54;1.43;44;37;30;7;0;79;63;55;0;0;0;192;27;Y;Y;Y;N;N;N;Y
59108;608;601;2017/2018;complete;278;15;-1;52;86;1;1;2;3;12;15;0;0;4;1;0;0;3;7;9;10;12;17;15;22;49;51;4;1;2.43;3.5;3.05;1.03;1.26;1.83;3.15;0;0;0;0;0;0;1.74;2.1;0;0;0;0;0;0;0;0;0;0;0;0;0;0;0;0;0;0;0;0;0;0;0;0;0;0;0;0;0;0;0;0;0;0;0;0;0;0;0;0;0;0;0;0;0;0;0;0;0;0;0;0;0;2;0;0;1;1;2;0;2018-01-10 08:50:00;-1;0;66;27;25;0;-1;1;-1;-1;-1;-1;-1;-1;1;0;3;1;1;4;-1;0;0;0;0;0;0;0;0;0;0;0;0;0;1;1;0;0;-1;-1;0;0;-1;-1;-1;-1;-1;-1;-1;-1;-1;10;20;76;93;100;47;86;83;56;11.89;3.09;5.17;2.99;Western Sydney Wanderers;Adelaide United;1.46;1.33;1.4;1.86;1.31;1.43;90;80;25;7;0;69;42;32;0;0;0;192;27;Y;Y;N;N;N;N;Y
59109;605;604;2017/2018;complete;278;16;-1;11;;1;0;1;6;6;12;7;3;2;3;0;0;9;4;12;10;21;14;12;13;50;50;2;3;1.81;3.99;4.49;1.02;1.19;1.62;2.6;0;0;0;0;0;0;1.67;2.2;0;0;0;0;0;0;0;0;0;0;0;0;0;0;0;0;0;0;0;0;0;0;0;0;0;0;0;0;0;0;0;0;0;0;0;0;0;0;0;0;0;0;0;0;0;0;0;0;0;0;0;0;0;1;1;0;0;0;0;1;2018-01-12 08:50:00;605;0;65;28;29;0;-1;1;-1;-1;-1;-1;-1;-1;1;2;1;1;3;2;-1;0;0;0;0;0;0;0;0;0;0;0;0;0;1;1;0;0;-1;-1;0;0;-1;-1;-1;-1;-1;-1;-1;-1;-1;15;36;63;100;100;50;79;100;57;9.21;3.71;4.88;3.21;Newcastle Jets FC;Brisbane Roar;1.81;1.5;2.13;1.33;2;0.87;86;65;38;0;0;79;67;50;0;0;0;192;28;Y;N;N;N;N;N;N
59110;609;608;2017/2018;complete;278;16;-1;75;28;1;1;2;8;2;10;0;0;3;1;0;1;7;5;14;5;21;10;19;10;45;55;3;2;4.36;3.99;1.83;1.02;1.2;1.65;2.65;0;0;0;0;0;0;1.61;2.35;0;0;0;0;0;0;0;0;0;0;0;0;0;0;0;0;0;0;0;0;0;0;0;0;0;0;0;0;0;0;0;0;0;0;0;0;0;0;0;0;0;0;0;0;0;0;0;0;0;0;0;0;0;2;0;1;1;0;1;1;2018-01-13 06:35:00;-1;0;75;35;15;0;-1;1;-1;-1;-1;-1;-1;-1;0;1;3;1;1;4;-1;0;0;0;0;0;0;0;0;0;0;0;0;0;1;1;0;0;-1;-1;0;0;-1;-1;-1;-1;-1;-1;-1;-1;-1;36;48;56;100;100;48;100;87;50;11.02;4.06;5.7;3.61;Wellington Phoenix;Western Sydney Wanderers;1.23;1;1.14;1.25;0.71;1.29;65;52;45;0;0;94;68;61;0;0;0;192;27;Y;Y;N;N;N;N;Y
59111;607;600;2017/2018;complete;278;16;-1;27,47,90;2,83;3;2;5;4;3;7;6;6;3;3;0;0;9;5;8;3;17;8;15;15;60;40;3;3;1.66;4.27;5.33;0;0;0;0;0;0;0;0;0;0;0;0;0;0;0;0;0;0;0;0;0;0;0;0;0;0;0;0;0;0;0;0;0;0;0;0;0;0;0;0;0;0;0;0;0;0;0;0;0;0;0;0;0;0;0;0;0;0;0;0;0;0;0;0;0;5;1;1;2;1;3;2;2018-01-13 08:50:00;607;0;75;26;41;0;-1;1;-1;-1;-1;-1;-1;-1;0;0;3;3;0;6;-1;0;0;0;0;0;0;0;0;0;0;0;0;0;1;1;0;1;-1;-1;0;0;-1;-1;-1;-1;-1;-1;-1;-1;-1;13;25;59;87;100;32;73;100;54;12.79;4.17;4.32;3.02;Melbourne Victory FC;Perth Glory FC;1.6;0.79;0.86;0.88;1.33;1.07;88;75;41;14;0;93;81;81;0;0;0;192;27;Y;Y;Y;Y;Y;N;Y
59112;603;602;2017/2018;complete;278;16;-1;13,50;42,86;2;2;4;2;4;6;4;1;3;0;0;1;3;6;5;7;8;13;13;7;52;48;3;2;3.46;3.74;2.13;1.02;1.21;1.69;2.75;0;0;0;0;0;0;1.69;2.2;0;0;0;0;0;0;0;0;0;0;0;0;0;0;0;0;0;0;0;0;0;0;0;0;0;0;0;0;0;0;0;0;0;0;0;0;0;0;0;0;0;0;0;0;0;0;0;0;0;0;0;0;0;4;1;1;1;1;2;2;2018-01-14 06:00:00;-1;0;57;29;22;0;-1;1;-1;-1;-1;-1;-1;-1;1;1;2;0;2;2;-1;0;0;0;0;0;0;0;0;0;0;0;0;0;1;1;0;0;-1;-1;0;0;-1;-1;-1;-1;-1;-1;-1;-1;-1;7;22;50;86;93;50;79;72;36;11.58;2.71;5.72;2.65;Central Coast Mariners;Melbourne City FC;0.92;1.43;1.14;1.71;0.93;1.67;93;79;50;15;7;79;50;50;0;0;0;192;27;Y;Y;Y;Y;N;N;Y
59113;601;606;2017/2018;complete;278;16;-1;;;0;0;0;1;7;8;0;0;2;0;0;0;2;4;6;9;8;13;21;17;43;57;2;0;5.28;4.02;1.7;1.03;1.25;1.8;3;0;0;0;0;0;0;1.8;2;0;0;0;0;0;0;0;0;0;0;0;0;0;0;0;0;0;0;0;0;0;0;0;0;0;0;0;0;0;0;0;0;0;0;0;0;0;0;0;0;0;0;0;0;0;0;0;0;0;0;0;0;0;0;0;0;0;0;0;0;2018-01-14 08:00:00;-1;0;29;22;7;0;-1;1;-1;-1;-1;-1;-1;-1;0;0;2;0;0;2;-1;0;0;0;0;0;0;0;0;0;0;0;0;0;1;1;0;0;-1;-1;0;0;-1;-1;-1;-1;-1;-1;-1;-1;-1;15;22;43;64;100;43;86;72;29;8.71;2;4.28;2.43;Adelaide United;Sydney FC;1.46;2.38;1;2.57;1.4;2.53;86;79;57;36;0;50;36;36;0;0;0;192;28;N;N;N;N;N;N;N
59114;604;600;2017/2018;complete;278;17;-1;4,60,73;11,68;3;2;5;3;4;7;3;3;4;3;0;0;5;5;7;4;12;9;17;20;49;51;4;3;2.05;3.8;3.64;1.01;1.16;1.54;2.35;0;0;0;0;0;0;1.56;2.45;0;0;0;0;0;0;0;0;0;0;0;0;0;0;0;0;0;0;0;0;0;0;0;0;0;0;0;0;0;0;0;0;0;0;0;0;0;0;0;0;0;0;0;0;0;0;0;0;0;0;0;0;0;5;1;1;2;1;3;2;2018-01-18 08:50:00;604;0;62;28;22;0;-1;1;-1;-1;-1;-1;-1;-1;2;0;2;3;2;5;-1;0;0;0;0;0;0;0;0;0;0;0;0;0;1;1;1;0;-1;-1;1;0;-1;-1;-1;-1;-1;-1;-1;-1;-1;17;34;73;84;89;50;84;78;50;11.11;4.44;4.67;3.11;Brisbane Roar;Perth Glory FC;1;0.79;0.56;0.78;0.81;1;84;67;28;17;11;89;78;73;0;0;0;192;27;Y;Y;Y;Y;Y;N;Y
59115;608;607;2017/2018;complete;278;17;-1;;36,68,90;0;3;3;9;2;11;1;0;3;1;0;0;5;9;12;8;17;17;15;22;55;45;3;1;3.06;3.54;2.41;1.02;1.23;1.74;2.85;0;0;0;0;0;0;1.67;2.2;0;0;0;0;0;0;0;0;0;0;0;0;0;0;0;0;0;0;0;0;0;0;0;0;0;0;0;0;0;0;0;0;0;0;0;0;0;0;0;0;0;0;0;0;0;0;0;0;0;0;0;0;0;3;0;1;0;2;2;1;2018-01-19 08:50:00;607;0;71;29;29;0;-1;1;-1;-1;-1;-1;-1;-1;3;1;0;0;4;0;-1;0;0;0;0;0;0;0;0;0;0;0;0;0;1;1;0;0;-1;-1;0;0;-1;-1;-1;-1;-1;-1;-1;-1;-1;21;36;65;94;100;59;73;92;63;9.08;4.75;5.33;3.15;Western Sydney Wanderers;Melbourne Victory FC;1.46;1.73;1.33;1.75;1.27;1.44;79;65;36;7;0;73;50;42;0;0;0;192;27;Y;Y;Y;N;N;N;N
59116;605;609;2017/2018;complete;278;17;-1;48,86;28,36,58;2;3;5;6;3;9;1;2;0;4;0;0;8;7;6;2;14;9;13;18;57;43;0;4;1.66;4.27;5.33;1.01;1.16;1.54;2.35;0;0;0;0;0;0;1.61;2.3;0;0;0;0;0;0;0;0;0;0;0;0;0;0;0;0;0;0;0;0;0;0;0;0;0;0;0;0;0;0;0;0;0;0;0;0;0;0;0;0;0;0;0;0;0;0;0;0;0;0;0;0;0;5;0;2;2;1;3;2;2018-01-20 06:35:00;609;0;43;24;18;0;-1;1;-1;-1;-1;-1;-1;-1;0;1;0;3;1;3;-1;0;0;0;0;0;0;0;1;0;1;0;0;0;1;1;0;0;-1;-1;0;0;-1;-1;-1;-1;-1;-1;-1;-1;-1;13;24;55;66;86;37;61;80;43;10.44;4.18;3.03;2.43;Newcastle Jets FC;Wellington Phoenix;1.81;0.36;2.22;0.29;2.06;0.73;88;77;45;34;15;82;64;64;0;0;0;192;27;Y;Y;Y;Y;Y;N;Y
59117;606;603;2017/2018;complete;278;17;-1;61;7;1;1;2;7;6;13;1;1;2;1;0;0;5;3;8;5;13;8;10;12;51;49;2;1;1.34;5.71;9.86;1.01;1.16;1.54;2.35;0;0;0;0;0;0;1.95;1.87;0;0;0;0;0;0;0;0;0;0;0;0;0;0;0;0;0;0;0;0;0;0;0;0;0;0;0;0;0;0;0;0;0;0;0;0;0;0;0;0;0;0;0;0;0;0;0;0;0;0;0;0;0;2;0;1;1;0;1;1;2018-01-20 08:50:00;-1;0;63;32;44;0;-1;1;-1;-1;-1;-1;-1;-1;0;0;2;1;0;3;-1;0;0;0;0;0;0;0;0;1;0;1;0;0;1;1;0;1;-1;-1;0;0;-1;-1;-1;-1;-1;-1;-1;-1;-1;19;50;63;82;94;38;75;88;63;11.63;2.63;3.63;3.13;Sydney FC;Central Coast Mariners;2.2;0.57;2.5;0.75;2.44;0.94;82;50;38;19;7;75;57;44;0;0;0;192;27;Y;Y;N;N;N;N;Y
59118;602;601;2017/2018;complete;278;17;-1;30,35,89,90,90;;5;0;5;4;3;7;0;0;2;2;0;0;6;5;6;1;12;6;20;10;52;48;2;2;1.97;3.63;4.12;1.04;1.28;1.91;3.25;0;0;0;0;0;0;1.8;2;0;0;0;0;0;0;0;0;0;0;0;0;0;0;0;0;0;0;0;0;0;0;0;0;0;0;0;0;0;0;0;0;0;0;0;0;0;0;0;0;0;0;0;0;0;0;0;0;0;0;0;0;0;5;2;0;3;0;3;2;2018-01-21 08:00:00;602;0;57;13;19;0;-1;1;-1;-1;-1;-1;-1;-1;0;1;2;1;1;3;-1;0;0;0;0;0;0;0;0;0;0;0;0;0;1;1;0;0;-1;-1;0;0;-1;-1;-1;-1;-1;-1;-1;-1;-1;0;7;44;69;100;13;57;94;44;15.51;3.63;4.01;2.19;Melbourne City FC;Adelaide United;1.73;1.33;1.63;1.75;1.63;1.38;100;94;57;32;0;76;57;50;0;0;0;192;28;Y;Y;Y;Y;Y;N;N
59119;602;605;2017/2018;complete;278;18;-1;43,82;3,70;2;2;4;14;6;20;0;1;2;2;0;0;9;6;14;5;23;11;20;10;55;45;2;2;2.13;3.7;3.51;0;0;0;0;0;0;0;0;0;0;0;0;0;0;0;0;0;0;0;0;0;0;0;0;0;0;0;0;0;0;0;0;0;0;0;0;0;0;0;0;0;0;0;0;0;0;0;0;0;0;0;0;0;0;0;0;0;0;0;0;0;0;0;0;0;4;1;1;1;1;2;2;2018-01-25 08:50:00;-1;0;67;41;15;0;-1;1;-1;-1;-1;-1;-1;-1;1;2;1;0;3;1;-1;0;0;0;0;0;0;0;1;0;1;0;0;0;1;1;0;1;-1;-1;0;0;-1;-1;-1;-1;-1;-1;-1;-1;-1;13;26;67;78;100;47;78;93;40;11.93;4.79;3.96;2.9;Melbourne City FC;Newcastle Jets FC;1.73;1.85;1.78;1.86;1.71;1.94;88;75;34;22;0;89;71;65;0;0;0;192;29;Y;Y;Y;Y;N;N;Y
59120;607;606;2017/2018;complete;278;18;-1;58;60,78,84;1;3;4;5;6;11;2;2;2;5;1;0;4;7;9;7;13;14;22;11;48;52;3;5;2.94;3.55;2.48;0;0;0;0;0;0;0;0;0;0;0;0;0;0;0;0;0;0;0;0;0;0;0;0;0;0;0;0;0;0;0;0;0;0;0;0;0;0;0;0;0;0;0;0;0;0;0;0;0;0;0;0;0;0;0;0;0;0;0;0;0;0;0;0;0;4;0;0;1;3;4;0;2018-01-26 08:50:00;606;0;51;19;32;0;-1;1;-1;-1;-1;-1;-1;-1;2;1;1;4;3;5;-1;0;0;0;0;0;0;0;1;1;1;1;0;0;1;1;0;0;-1;-1;0;0;-1;-1;-1;-1;-1;-1;-1;-1;-1;19;19;44;69;94;25;63;88;51;11.01;3.63;4.13;2.44;Melbourne Victory FC;Sydney FC;1.6;2.38;1.13;2.38;1.53;2.35;82;82;57;32;7;63;57;57;0;0;0;192;28;Y;Y;Y;Y;N;N;Y
59121;609;601;2017/2018;complete;278;18;-1;;32;0;1;1;12;7;19;2;0;3;2;0;0;3;5;7;6;10;11;10;14;50;50;3;2;2.82;3.65;2.53;0;0;0;0;0;0;0;0;0;0;0;0;0;0;0;0;0;0;0;0;0;0;0;0;0;0;0;0;0;0;0;0;0;0;0;0;0;0;0;0;0;0;0;0;0;0;0;0;0;0;0;0;0;0;0;0;0;0;0;0;0;0;0;0;0;1;0;1;0;0;0;1;2018-01-27 06:35:00;601;0;84;31;29;0;-1;1;-1;-1;-1;-1;-1;-1;1;1;2;1;2;3;-1;0;0;0;0;0;0;0;0;0;0;0;0;0;1;1;0;0;-1;-1;0;0;-1;-1;-1;-1;-1;-1;-1;-1;-1;37;37;71;95;100;43;84;89;77;13.71;3.13;4.96;3.58;Wellington Phoenix;Adelaide United;1.23;1.33;1.13;1.56;0.88;1.29;64;64;29;6;0;78;66;54;0;0;0;192;27;Y;N;N;N;N;N;N
59122;603;604;2017/2018;complete;278;18;-1;63;23,54;1;2;3;4;0;4;0;2;2;1;1;0;3;3;7;8;10;11;20;11;52;48;4;1;2.16;3.66;3.47;0;0;0;0;0;0;0;0;0;0;0;0;0;0;0;0;0;0;0;0;0;0;0;0;0;0;0;0;0;0;0;0;0;0;0;0;0;0;0;0;0;0;0;0;0;0;0;0;0;0;0;0;0;0;0;0;0;0;0;0;0;0;0;0;0;3;0;1;1;1;2;1;2018-01-27 08:50:00;604;0;54;20;27;0;-1;1;-1;-1;-1;-1;-1;-1;0;0;3;1;0;4;-1;0;0;0;0;0;0;0;0;0;0;0;0;0;1;1;0;0;-1;-1;0;0;-1;-1;-1;-1;-1;-1;-1;-1;-1;14;27;41;81;94;34;75;87;47;10.77;3.07;5.88;2.68;Central Coast Mariners;Brisbane Roar;0.92;1.5;1.13;1.14;0.94;0.94;87;73;60;20;7;81;75;60;0;0;0;192;27;Y;Y;Y;N;N;N;Y
59123;600;608;2017/2018;complete;278;18;-1;7,40,42;17;3;1;4;8;1;9;8;1;2;3;0;1;8;2;10;5;18;7;13;16;56;44;2;5;2.48;3.76;2.8;0;0;0;0;0;0;0;0;0;0;0;0;0;0;0;0;0;0;0;0;0;0;0;0;0;0;0;0;0;0;0;0;0;0;0;0;0;0;0;0;0;0;0;0;0;0;0;0;0;0;0;0;0;0;0;0;0;0;0;0;0;0;0;0;0;4;3;1;0;0;0;4;2018-01-28 09:30:00;600;0;43;6;0;0;-1;1;-1;-1;-1;-1;-1;-1;1;2;1;2;3;3;-1;0;0;0;0;0;0;0;1;1;1;1;0;0;1;1;1;0;-1;-1;0;1;-1;-1;-1;-1;-1;-1;-1;-1;-1;0;11;33;86;100;18;79;88;34;8.27;3.87;5.43;2.29;Perth Glory FC;Western Sydney Wanderers;1.62;1;1.29;1.22;0.94;1.19;100;89;68;15;0;73;50;44;0;0;0;192;27;Y;Y;Y;Y;N;N;Y
59124;606;609;2017/2018;complete;278;19;-1;8,14,74,85;;4;0;4;5;1;6;3;3;1;2;0;0;8;2;4;5;12;7;11;11;59;41;1;2;1.32;5.82;9.99;0;0;0;0;0;0;0;0;0;0;0;0;0;0;0;0;0;0;0;0;0;0;0;0;0;0;0;0;0;0;0;0;0;0;0;0;0;0;0;0;0;0;0;0;0;0;0;0;0;0;0;0;0;0;0;0;0;0;0;0;0;0;0;0;0;4;2;0;2;0;2;2;2018-02-02 08:50:00;606;0;58;29;35;0;-1;1;-1;-1;-1;-1;-1;-1;1;2;0;0;3;0;-1;0;0;0;0;0;0;0;0;0;0;0;0;0;1;1;1;0;-1;-1;0;0;-1;-1;-1;-1;-1;-1;-1;-1;-1;24;46;64;75;88;47;75;88;47;11.64;2.49;2.61;3.02;Sydney FC;Wellington Phoenix;2.2;0.36;2.33;0.63;2.39;0.82;77;54;36;25;13;83;54;54;0;0;0;192;27;Y;Y;Y;Y;N;N;N
59125;605;607;2017/2018;complete;278;19;-1;31,70;;2;0;2;2;8;10;2;2;3;0;0;0;5;4;5;12;10;16;17;15;41;59;3;0;2.58;3.56;2.8;0;0;0;0;0;0;0;0;0;0;0;0;0;0;0;0;0;0;0;0;0;0;0;0;0;0;0;0;0;0;0;0;0;0;0;0;0;0;0;0;0;0;0;0;0;0;0;0;0;0;0;0;0;0;0;0;0;0;0;0;0;0;0;0;0;2;1;0;1;0;1;1;2018-02-03 06:35:00;605;0;64;26;26;0;-1;1;-1;-1;-1;-1;-1;-1;2;0;1;0;2;1;-1;0;0;0;0;0;0;0;0;0;0;0;0;0;1;1;0;0;-1;-1;0;0;-1;-1;-1;-1;-1;-1;-1;-1;-1;21;37;69;90;100;47;74;95;69;9.94;5.59;4.03;3.16;Newcastle Jets FC;Melbourne Victory FC;1.81;1.73;2;1.89;1.89;1.44;79;64;32;11;0;74;53;53;0;0;0;192;29;Y;Y;N;N;N;N;N
59126;601;600;2017/2018;complete;278;19;-1;12,38;4;2;1;3;9;7;16;0;4;3;2;0;0;6;4;8;8;14;12;12;12;50;50;3;2;1.78;3.98;4.71;0;0;0;0;0;0;0;0;0;0;0;0;0;0;0;0;0;0;0;0;0;0;0;0;0;0;0;0;0;0;0;0;0;0;0;0;0;0;0;0;0;0;0;0;0;0;0;0;0;0;0;0;0;0;0;0;0;0;0;0;0;0;0;0;0;3;2;1;0;0;0;3;2018-02-03 08:50:00;601;0;54;38;27;0;-1;1;-1;-1;-1;-1;-1;-1;1;0;2;2;1;4;-1;0;0;0;0;0;0;0;0;0;0;0;0;0;1;1;0;1;-1;-1;0;0;-1;-1;-1;-1;-1;-1;-1;-1;-1;20;37;59;77;94;55;89;75;37;9.6;3.28;4.5;3;Adelaide United;Perth Glory FC;1.46;0.79;1;0.7;1.39;1.06;80;64;42;24;7;59;43;43;0;0;0;192;27;Y;Y;Y;N;N;N;Y
59127;603;608;2017/2018;complete;278;19;-1;76;14,30;1;2;3;8;4;12;3;1;2;0;0;0;6;4;9;6;15;10;13;12;47;53;2;0;2.53;3.46;2.93;0;0;0;0;0;0;0;0;0;0;0;0;0;0;0;0;0;0;0;0;0;0;0;0;0;0;0;0;0;0;0;0;0;0;0;0;0;0;0;0;0;0;0;0;0;0;0;0;0;0;0;0;0;0;0;0;0;0;0;0;0;0;0;0;0;3;0;2;1;0;1;2;2018-02-04 06:00:00;608;0;58;21;17;0;-1;1;-1;-1;-1;-1;-1;-1;1;0;1;0;1;1;-1;0;0;0;0;0;0;0;0;0;0;0;0;0;1;1;0;0;-1;-1;0;0;-1;-1;-1;-1;-1;-1;-1;-1;-1;6;26;37;89;95;26;84;85;33;10.53;2.73;6.2;2.58;Central Coast Mariners;Western Sydney Wanderers;0.92;1;1;1.1;0.89;1.12;95;74;63;11;6;79;53;48;0;0;0;192;27;Y;Y;Y;N;N;N;Y
59128;604;602;2017/2018;complete;278;19;-1;14;19,66;1;2;3;6;6;12;0;2;2;2;0;0;8;7;3;12;11;19;17;15;46;54;2;2;3.08;3.52;2.4;0;0;0;0;0;0;0;0;0;0;0;0;0;0;0;0;0;0;0;0;0;0;0;0;0;0;0;0;0;0;0;0;0;0;0;0;0;0;0;0;0;0;0;0;0;0;0;0;0;0;0;0;0;0;0;0;0;0;0;0;0;0;0;0;0;3;1;1;0;1;1;2;2018-02-04 08:00:00;602;0;68;35;29;0;-1;1;-1;-1;-1;-1;-1;-1;1;0;1;2;1;3;-1;0;0;0;0;0;0;0;1;0;0;0;1;0;1;1;0;0;-1;-1;0;0;-1;-1;-1;-1;-1;-1;-1;-1;-1;5;29;73;90;90;69;90;62;44;9.85;3.7;5.65;2.87;Brisbane Roar;Melbourne City FC;1;1.43;0.8;1.63;1.06;1.67;95;72;28;10;10;72;53;48;0;0;0;192;28;Y;Y;Y;N;N;N;Y
59129;607;604;2017/2018;complete;278;20;-1;83;7,28;1;2;3;12;4;16;2;0;2;2;0;0;4;4;9;3;13;7;21;18;63;37;2;2;1.74;4.12;4.81;1.01;1.16;1.54;2.35;0;0;0;0;0;0;1.62;2.3;0;0;0;0;0;0;0;0;0;0;0;0;0;0;0;0;0;0;0;0;0;0;0;0;0;0;0;0;0;0;0;0;0;0;0;0;0;0;0;0;0;0;0;0;0;0;0;0;0;0;0;0;0;3;0;2;1;0;1;2;2018-02-09 08:50:00;604;0;76;18;53;0;-1;1;-1;-1;-1;-1;-1;-1;1;0;1;2;1;3;-1;0;0;0;0;0;0;0;0;0;0;0;0;0;1;1;0;1;-1;-1;0;0;-1;-1;-1;-1;-1;-1;-1;-1;-1;12;24;53;89;100;30;72;94;59;10.3;4.3;5.42;2.83;Melbourne Victory FC;Brisbane Roar;1.6;1.5;1;1.38;1.37;1;89;77;47;12;0;77;77;64;0;0;0;192;28;Y;Y;Y;N;N;N;Y
59130;609;600;2017/2018;complete;278;20;-1;3,90;36;2;1;3;8;4;12;0;3;2;2;0;0;6;3;7;6;13;9;16;17;45;55;2;2;2.23;3.86;3.15;1.01;1.12;1.42;2.05;0;0;0;0;0;0;1.43;2.85;0;0;0;0;0;0;0;0;0;0;0;0;0;0;0;0;0;0;0;0;0;0;0;0;0;0;0;0;0;0;0;0;0;0;0;0;0;0;0;0;0;0;0;0;0;0;0;0;0;0;0;0;0;3;1;1;1;0;1;2;2018-02-17 06:35:00;609;0;81;50;29;0;-1;1;-1;-1;-1;-1;-1;-1;2;1;0;1;3;1;-1;0;0;0;0;0;0;0;0;1;0;0;0;1;1;1;1;0;-1;-1;0;0;-1;-1;-1;-1;-1;-1;-1;-1;-1;46;56;75;90;100;60;96;85;61;12.27;4.66;4.67;3.96;Wellington Phoenix;Perth Glory FC;1.23;0.79;1;0.64;0.74;1;54;45;26;10;0;91;77;66;0;0;0;192;27;Y;Y;Y;N;N;N;Y
59131;602;606;2017/2018;complete;278;20;-1;;32,43,65,79;0;4;4;5;1;6;0;0;1;2;0;0;4;9;8;1;12;10;12;17;55;45;1;2;3.57;3.69;2.11;0;0;0;0;0;0;0;0;0;0;0;0;0;0;0;0;0;0;0;0;0;0;0;0;0;0;0;0;0;0;0;0;0;0;0;0;0;0;0;0;0;0;0;0;0;0;0;0;0;0;0;0;0;0;0;0;0;0;0;0;0;0;0;0;0;4;0;2;0;2;2;2;2018-02-10 08:50:00;606;0;31;16;11;0;-1;1;-1;-1;-1;-1;-1;-1;0;1;1;1;1;2;-1;0;0;0;0;0;0;0;0;1;0;1;0;0;1;1;0;0;-1;-1;0;0;-1;-1;-1;-1;-1;-1;-1;-1;-1;16;32;42;58;95;26;58;89;37;12.23;3;3.59;2.42;Melbourne City FC;Sydney FC;1.73;2.38;1.7;2.44;1.74;2.42;84;69;58;42;6;68;52;47;0;0;0;192;28;Y;Y;Y;Y;N;N;N
59132;608;605;2017/2018;complete;278;20;-1;7,67;48,68;2;2;4;1;6;7;3;1;3;2;0;0;8;7;10;7;18;14;20;8;48;52;3;2;2.96;3.67;2.41;1.01;1.15;1.51;2.3;0;0;0;0;0;0;1.49;2.65;0;0;0;0;0;0;0;0;0;0;0;0;0;0;0;0;0;0;0;0;0;0;0;0;0;0;0;0;0;0;0;0;0;0;0;0;0;0;0;0;0;0;0;0;0;0;0;0;0;0;0;0;0;4;1;0;1;2;3;1;2018-02-16 08:50:00;-1;0;75;50;32;0;-1;1;-1;-1;-1;-1;-1;-1;2;2;1;0;4;1;-1;0;0;0;0;0;0;0;2;0;2;0;0;0;1;1;1;0;-1;-1;0;1;-1;-1;-1;-1;-1;-1;-1;-1;-1;13;38;88;100;100;63;94;88;63;10.26;3.76;4.75;3.44;Western Sydney Wanderers;Newcastle Jets FC;1.46;1.85;1.38;1.75;1.32;1.95;88;63;13;0;0;94;76;63;0;0;0;192;27;Y;Y;Y;Y;N;N;Y
59133;601;603;2017/2018;complete;278;20;-1;61,83;7,53;2;2;4;18;5;23;2;0;3;3;1;0;9;6;11;5;20;11;15;17;56;44;5;3;1.89;3.78;4.3;1.03;1.26;1.83;3.15;0;0;0;0;0;0;1.87;1.91;0;0;0;0;0;0;0;0;0;0;0;0;0;0;0;0;0;0;0;0;0;0;0;0;0;0;0;0;0;0;0;0;0;0;0;0;0;0;0;0;0;0;0;0;0;0;0;0;0;0;0;0;0;4;0;1;2;1;3;1;2018-02-17 08:50:00;-1;0;50;22;22;0;-1;1;-1;-1;-1;-1;-1;-1;2;1;2;2;3;4;-1;0;0;0;0;0;0;0;0;0;0;0;0;0;1;1;0;1;-1;-1;1;0;-1;-1;-1;-1;-1;-1;-1;-1;-1;6;17;39;67;89;34;73;61;34;9.89;2.22;5;2.17;Adelaide United;Central Coast Mariners;1.46;0.57;1.22;0.78;1.47;0.84;95;84;62;33;11;61;56;45;0;0;0;192;27;Y;Y;Y;Y;N;N;Y
59134;603;609;2017/2018;complete;278;21;-1;45;;1;0;1;8;3;11;1;3;1;3;0;0;5;3;6;9;11;12;18;16;58;42;1;3;2.18;3.72;3.36;1.02;1.2;1.65;2.65;0;0;0;0;0;0;1.62;2.3;0;0;0;0;0;0;0;0;0;0;0;0;0;0;0;0;0;0;0;0;0;0;0;0;0;0;0;0;0;0;0;0;0;0;0;0;0;0;0;0;0;0;0;0;0;0;0;0;0;0;0;0;0;1;1;0;0;0;0;1;2018-02-23 08:50:00;603;0;45;15;25;0;-1;1;-1;-1;-1;-1;-1;-1;0;1;1;2;1;3;-1;0;0;0;0;0;0;0;0;0;0;0;0;0;1;1;0;0;-1;-1;0;0;-1;-1;-1;-1;-1;-1;-1;-1;-1;15;30;55;70;85;35;65;85;50;10.6;3.2;4.4;2.6;Central Coast Mariners;Wellington Phoenix;0.92;0.36;0.9;0.5;0.85;0.85;85;70;45;30;15;75;60;55;0;0;0;192;27;Y;N;N;N;N;N;N
59135;604;605;2017/2018;complete;278;21;-1;;79;0;1;1;6;12;18;3;2;1;0;0;0;5;13;7;10;12;23;12;9;49;51;1;0;2.89;3.72;2.44;1.02;1.19;1.62;2.6;0;0;0;0;0;0;1.59;2.4;0;0;0;0;0;0;0;0;0;0;0;0;0;0;0;0;0;0;0;0;0;0;0;0;0;0;0;0;0;0;0;0;0;0;0;0;0;0;0;0;0;0;0;0;0;0;0;0;0;0;0;0;0;1;0;0;0;1;1;0;2018-02-24 06:35:00;605;0;82;47;31;0;-1;1;-1;-1;-1;-1;-1;-1;0;0;1;0;0;1;-1;0;0;0;0;0;0;0;0;0;0;0;0;0;1;1;0;0;-1;-1;0;0;-1;-1;-1;-1;-1;-1;-1;-1;-1;10;31;87;91;91;61;91;77;56;10.64;4.22;5.04;3.16;Brisbane Roar;Newcastle Jets FC;1;1.85;0.73;1.67;1.1;1.9;90;69;14;9;9;86;80;76;0;0;0;192;28;Y;N;N;N;N;N;N
59136;607;601;2017/2018;complete;278;21;-1;22,29,59;;3;0;3;4;2;6;1;1;2;2;0;1;4;2;8;4;12;6;19;13;47;53;2;4;2.03;3.76;3.75;1.02;1.21;1.69;2.75;0;0;0;0;0;0;1.67;2.25;0;0;0;0;0;0;0;0;0;0;0;0;0;0;0;0;0;0;0;0;0;0;0;0;0;0;0;0;0;0;0;0;0;0;0;0;0;0;0;0;0;0;0;0;0;0;0;0;0;0;0;0;0;3;2;0;1;0;1;2;2018-02-24 08:50:00;607;0;75;15;45;0;-1;1;-1;-1;-1;-1;-1;-1;1;1;1;2;2;3;-1;0;0;0;0;0;0;0;0;0;0;0;0;0;1;1;0;0;-1;-1;0;0;-1;-1;-1;-1;-1;-1;-1;-1;-1;10;15;60;85;100;25;65;90;65;14.5;3.5;4.9;2.7;Melbourne Victory FC;Adelaide United;1.6;1.33;0.9;1.7;1.3;1.45;90;85;40;15;0;70;65;65;0;0;0;192;28;Y;Y;Y;N;N;N;N
59137;600;602;2017/2018;complete;278;21;-1;85,90;44;2;1;3;2;6;8;3;1;2;1;0;1;7;2;9;2;16;4;15;12;48;52;2;2;3.32;3.93;2.13;1.01;1.16;1.53;2.35;0;0;0;0;0;0;1.53;2.55;0;0;0;0;0;0;0;0;0;0;0;0;0;0;0;0;0;0;0;0;0;0;0;0;0;0;0;0;0;0;0;0;0;0;0;0;0;0;0;0;0;0;0;0;0;0;0;0;0;0;0;0;0;3;0;1;2;0;2;1;2018-02-24 11:00:00;600;0;58;35;17;0;-1;1;-1;-1;-1;-1;-1;-1;1;0;1;2;1;3;-1;0;0;0;0;0;0;0;0;0;0;0;0;0;1;1;0;0;-1;-1;0;0;-1;-1;-1;-1;-1;-1;-1;-1;-1;0;23;64;88;100;57;82;71;42;8.69;4.69;5.05;2.75;Perth Glory FC;Melbourne City FC;1.62;1.43;1.5;1.78;0.95;1.65;100;78;36;13;0;65;36;36;0;0;0;192;27;Y;Y;Y;N;N;N;Y
59138;606;608;2017/2018;complete;278;21;-1;44,55,73;10;3;1;4;4;3;7;2;0;1;1;0;0;8;6;2;4;10;10;12;20;50;50;1;1;1.57;4.58;5.93;1.01;1.16;1.56;2.4;0;0;0;0;0;0;1.71;2.15;0;0;0;0;0;0;0;0;0;0;0;0;0;0;0;0;0;0;0;0;0;0;0;0;0;0;0;0;0;0;0;0;0;0;0;0;0;0;0;0;0;0;0;0;0;0;0;0;0;0;0;0;0;4;1;1;2;0;2;2;2018-02-25 07:30:00;606;0;67;29;20;0;-1;1;-1;-1;-1;-1;-1;-1;1;0;0;1;1;1;-1;0;0;0;0;0;0;0;0;0;0;0;0;0;1;1;0;1;-1;-1;0;0;-1;-1;-1;-1;-1;-1;-1;-1;-1;10;49;58;100;100;48;100;91;35;10.88;2.66;4.01;3.22;Sydney FC;Western Sydney Wanderers;2.2;1;2.4;1.27;2.45;1.3;90;52;42;0;0;81;48;43;0;0;0;192;27;Y;Y;Y;Y;N;N;Y
59139;602;607;2017/2018;complete;278;22;-1;54;12,62;1;2;3;8;1;9;3;4;3;4;0;0;7;5;5;2;12;7;21;31;64;36;3;4;2.45;3.62;2.94;1.02;1.22;1.71;2.75;0;0;0;0;0;0;1.65;2.25;0;0;0;0;0;0;0;0;0;0;0;0;0;0;0;0;0;0;0;0;0;0;0;0;0;0;0;0;0;0;0;0;0;0;0;0;0;0;0;0;0;0;0;0;0;0;0;0;0;0;0;0;0;3;0;1;1;1;2;1;2018-03-02 08:50:00;607;0;48;19;15;0;-1;1;-1;-1;-1;-1;-1;-1;1;1;2;3;2;5;-1;0;0;0;0;0;0;0;1;0;1;0;0;0;1;1;0;0;-1;-1;0;0;-1;-1;-1;-1;-1;-1;-1;-1;-1;15;33;53;77;100;38;67;100;53;12.44;4.62;3.74;2.78;Melbourne City FC;Melbourne Victory FC;1.73;1.73;1.55;1.7;1.57;1.38;86;67;48;23;0;72;58;48;0;0;0;192;29;Y;Y;Y;N;N;N;Y
59140;605;606;2017/2018;complete;278;22;-1;43,56;52;2;1;3;1;8;9;2;6;2;3;1;0;5;6;5;5;10;11;14;14;44;56;4;3;3.66;3.78;2.05;1.02;1.21;1.69;2.75;0;0;0;0;0;0;1.67;2.2;0;0;0;0;0;0;0;0;0;0;0;0;0;0;0;0;0;0;0;0;0;0;0;0;0;0;0;0;0;0;0;0;0;0;0;0;0;0;0;0;0;0;0;0;0;0;0;0;0;0;0;0;0;3;1;0;1;1;2;1;2018-03-03 06:35:00;605;0;38;19;19;0;-1;1;-1;-1;-1;-1;-1;-1;1;3;2;0;4;2;-1;0;0;0;0;0;0;0;1;0;1;0;0;0;1;1;0;0;-1;-1;0;0;-1;-1;-1;-1;-1;-1;-1;-1;-1;19;38;57;76;95;38;71;86;53;9.18;3.54;3.72;2.85;Newcastle Jets FC;Sydney FC;1.81;2.38;2.09;2.5;1.95;2.48;81;62;43;25;5;66;48;43;0;0;0;192;28;Y;Y;Y;N;N;N;Y
59141;604;601;2017/2018;complete;278;22;-1;41;;1;0;1;7;10;17;1;0;3;3;0;0;7;3;7;4;14;7;18;15;44;56;3;3;2.43;3.59;2.99;1.03;1.24;1.77;2.9;0;0;0;0;0;0;1.69;2.2;0;0;0;0;0;0;0;0;0;0;0;0;0;0;0;0;0;0;0;0;0;0;0;0;0;0;0;0;0;0;0;0;0;0;0;0;0;0;0;0;0;0;0;0;0;0;0;0;0;0;0;0;0;1;1;0;0;0;0;1;2018-03-03 08:50:00;604;0;57;17;22;0;-1;1;-1;-1;-1;-1;-1;-1;0;2;3;1;2;4;-1;0;0;0;0;0;0;0;0;0;0;0;0;0;1;1;0;0;-1;-1;0;0;-1;-1;-1;-1;-1;-1;-1;-1;-1;9;13;66;79;92;39;74;75;53;12.49;2.99;5.12;2.57;Brisbane Roar;Adelaide United;1;1.33;0.67;1.55;1.05;1.38;92;87;35;22;9;69;64;60;0;0;0;192;28;Y;N;N;N;N;N;N
59142;608;600;2017/2018;complete;278;23;-1;10;13;1;1;2;3;5;8;0;2;3;1;0;1;3;8;5;7;8;15;16;12;52;48;3;3;1.97;4;3.74;1.01;1.15;1.51;2.3;0;0;0;0;0;0;1.53;2.5;0;0;0;0;0;0;0;0;0;0;0;0;0;0;0;0;0;0;0;0;0;0;0;0;0;0;0;0;0;0;0;0;0;0;0;0;0;0;0;0;0;0;0;0;0;0;0;0;0;0;0;0;0;2;1;1;0;0;0;2;2018-03-04 06:00:00;-1;0;66;40;33;0;-1;1;-1;-1;-1;-1;-1;-1;2;0;1;2;2;3;-1;0;0;0;0;0;0;0;0;1;0;1;0;0;1;1;1;0;-1;-1;0;0;-1;-1;-1;-1;-1;-1;-1;-1;-1;22;47;81;96;100;56;91;91;59;10.06;4.14;4.56;3.58;Western Sydney Wanderers;Perth Glory FC;1.46;0.79;1.33;0.58;1.24;1.05;78;53;20;4;0;81;62;50;0;0;0;192;27;Y;Y;N;N;N;N;Y
59143;608;609;2017/2018;complete;278;22;-1;40,68,78,90;42;4;1;5;8;6;14;1;0;2;3;0;0;10;4;18;12;28;16;14;23;61;39;2;3;1.83;4.01;4.35;1.01;1.15;1.5;2.25;0;0;0;0;0;0;1.57;2.4;0;0;0;0;0;0;0;0;0;0;0;0;0;0;0;0;0;0;0;0;0;0;0;0;0;0;0;0;0;0;0;0;0;0;0;0;0;0;0;0;0;0;0;0;0;0;0;0;0;0;0;0;0;5;1;1;3;0;3;2;2018-03-10 08:50:00;608;0;44;20;24;0;-1;1;-1;-1;-1;-1;-1;-1;1;2;1;1;3;2;-1;0;0;0;0;0;0;0;0;0;0;0;0;0;1;1;0;0;-1;-1;0;0;-1;-1;-1;-1;-1;-1;-1;-1;-1;14;38;63;78;91;43;77;77;53;8.7;3.22;4.24;2.83;Western Sydney Wanderers;Wellington Phoenix;1.46;0.36;1.3;0.45;1.23;0.81;86;62;38;23;9;76;57;43;0;0;0;192;27;Y;Y;Y;Y;Y;N;Y
59144;600;603;2017/2018;complete;278;22;-1;29,61,89;72;3;1;4;6;2;8;1;1;2;2;0;0;8;4;7;8;15;12;15;14;47;53;2;2;2.17;3.8;3.32;1.01;1.18;1.57;2.45;0;0;0;0;0;0;1.56;2.45;0;0;0;0;0;0;0;0;0;0;0;0;0;0;0;0;0;0;0;0;0;0;0;0;0;0;0;0;0;0;0;0;0;0;0;0;0;0;0;0;0;0;0;0;0;0;0;0;0;0;0;0;0;4;1;0;2;1;3;1;2018-03-10 11:00:00;600;0;52;11;20;0;-1;1;-1;-1;-1;-1;-1;-1;1;0;1;2;1;3;-1;0;0;0;0;0;0;0;0;0;0;0;0;0;1;1;0;0;-1;-1;0;0;-1;-1;-1;-1;-1;-1;-1;-1;-1;5;21;48;74;95;16;64;79;58;8.9;4.41;4.83;2.42;Perth Glory FC;Central Coast Mariners;1.62;0.57;1.67;0.8;1.05;0.95;95;80;52;26;5;68;57;47;0;0;0;192;27;Y;Y;Y;Y;N;N;Y
59145;601;602;2017/2018;complete;278;23;-1;45;53;1;1;2;3;3;6;1;2;2;3;0;0;5;4;1;6;6;10;20;18;41;59;2;3;2.57;3.5;2.85;1.04;1.28;1.87;3.2;0;0;0;0;0;0;1.77;2.05;0;0;0;0;0;0;0;0;0;0;0;0;0;0;0;0;0;0;0;0;0;0;0;0;0;0;0;0;0;0;0;0;0;0;0;0;0;0;0;0;0;0;0;0;0;0;0;0;0;0;0;0;0;2;1;0;0;1;1;1;2018-03-16 08:50:00;-1;0;65;40;25;0;-1;1;-1;-1;-1;-1;-1;-1;2;2;0;1;4;1;-1;0;0;0;0;0;0;0;0;1;0;0;0;1;1;1;0;0;-1;-1;0;1;-1;-1;-1;-1;-1;-1;-1;-1;-1;0;25;65;85;95;65;95;60;30;10.9;2.4;5.4;2.7;Adelaide United;Melbourne City FC;1.46;1.43;1.2;1.6;1.32;1.5;100;75;35;15;5;55;35;35;0;0;0;192;28;Y;Y;N;N;N;N;Y
59146;609;605;2017/2018;complete;278;23;-1;;43;0;1;1;8;6;14;11;0;1;1;0;0;5;5;17;6;22;11;11;13;49;51;1;1;4.26;4.01;1.85;1;1.12;1.43;2.1;0;0;0;0;0;0;1.47;2.7;0;0;0;0;0;0;0;0;0;0;0;0;0;0;0;0;0;0;0;0;0;0;0;0;0;0;0;0;0;0;0;0;0;0;0;0;0;0;0;0;0;0;0;0;0;0;0;0;0;0;0;0;0;1;0;1;0;0;0;1;2018-03-17 06:35:00;605;0;90;55;30;0;-1;1;-1;-1;-1;-1;-1;-1;1;1;0;0;2;0;-1;0;0;0;0;0;0;0;0;0;0;0;0;0;1;1;0;0;-1;-1;0;0;-1;-1;-1;-1;-1;-1;-1;-1;-1;30;45;80;90;100;60;95;85;60;12.8;4.1;4.6;3.65;Wellington Phoenix;Newcastle Jets FC;1.23;1.85;1.2;1.8;0.77;2;70;55;20;10;0;95;85;75;0;0;0;192;27;Y;N;N;N;N;N;N
59147;606;604;2017/2018;complete;278;23;-1;59;9,18;1;2;3;3;4;7;3;0;3;2;0;0;5;4;8;3;13;7;20;19;59;41;3;2;1.54;4.55;6.48;1.01;1.18;1.57;2.45;0;0;0;0;0;0;1.8;2.05;0;0;0;0;0;0;0;0;0;0;0;0;0;0;0;0;0;0;0;0;0;0;0;0;0;0;0;0;0;0;0;0;0;0;0;0;0;0;0;0;0;0;0;0;0;0;0;0;0;0;0;0;0;3;0;2;1;0;1;2;2018-03-17 08:50:00;604;0;70;28;35;0;-1;1;-1;-1;-1;-1;-1;-1;1;0;2;2;1;4;-1;0;0;0;0;0;0;0;0;0;0;0;0;0;1;1;0;1;-1;-1;0;0;-1;-1;-1;-1;-1;-1;-1;-1;-1;15;48;69;95;100;54;95;95;54;10.12;2.8;3.76;3.36;Sydney FC;Brisbane Roar;2.2;1.5;2.45;1.56;2.36;1.14;86;53;31;6;0;71;57;46;0;0;0;192;28;Y;Y;Y;N;N;N;Y
59148;607;603;2017/2018;complete;278;23;-1;15,25,54,74,83;87,90;5;2;7;5;7;12;1;2;2;0;0;0;8;6;8;4;16;10;21;16;39;61;2;0;1.58;4.46;5.94;1.01;1.14;1.49;2.25;0;0;0;0;0;0;1.69;2.15;0;0;0;0;0;0;0;0;0;0;0;0;0;0;0;0;0;0;0;0;0;0;0;0;0;0;0;0;0;0;0;0;0;0;0;0;0;0;0;0;0;0;0;0;0;0;0;0;0;0;0;0;0;7;2;0;3;2;5;2;2018-03-18 06:00:00;607;0;73;14;50;0;-1;1;-1;-1;-1;-1;-1;-1;1;0;1;0;1;1;-1;0;0;0;0;0;0;0;0;0;0;0;0;0;1;1;0;0;-1;-1;0;0;-1;-1;-1;-1;-1;-1;-1;-1;-1;9;27;55;82;96;23;64;91;60;11.55;3.72;5;2.69;Melbourne Victory FC;Central Coast Mariners;1.6;0.57;1.09;0.73;1.45;0.91;91;73;46;18;5;73;73;64;0;0;0;192;27;Y;Y;Y;Y;Y;Y;Y
59149;608;604;2017/2018;complete;278;26;-1;4,15,40;;3;0;3;6;4;10;1;4;2;2;0;0;10;6;18;5;28;11;21;14;54;46;2;2;2.2;3.65;2.95;1.01;1.15;1.51;2.3;0;0;0;0;0;0;1.51;2.55;0;0;0;0;0;0;0;0;0;0;0;0;0;0;0;0;0;0;0;0;0;0;0;0;0;0;0;0;0;0;0;0;0;0;0;0;0;0;0;0;0;0;0;0;0;0;0;0;0;0;0;0;0;3;3;0;0;0;0;3;2018-04-07 07:35:00;608;0;69;23;32;0;-1;1;-1;-1;-1;-1;-1;-1;0;1;2;1;1;3;-1;0;0;0;0;0;0;0;0;0;0;0;0;0;1;1;1;0;-1;-1;0;0;-1;-1;-1;-1;-1;-1;-1;-1;-1;14;36;69;96;100;50;87;87;55;9.27;2.81;4.91;3.18;Western Sydney Wanderers;Brisbane Roar;1.46;1.5;1.45;1.64;1.2;1.28;87;64;32;5;0;73;64;46;0;0;0;192;27;Y;Y;Y;N;N;N;N
59150;601;605;2017/2018;complete;278;24;-1;15,45,68,71,79;62,89;5;2;7;2;4;6;2;1;0;2;0;1;9;5;9;3;18;8;10;12;47;53;0;3;2.49;3.52;2.94;1.04;1.28;1.87;3.2;0;0;0;0;0;0;1.77;2.05;0;0;0;0;0;0;0;0;0;0;0;0;0;0;0;0;0;0;0;0;0;0;0;0;0;0;0;0;0;0;0;0;0;0;0;0;0;0;0;0;0;0;0;0;0;0;0;0;0;0;0;0;0;7;2;0;3;2;5;2;2018-03-23 08:50:00;601;0;69;41;27;0;-1;1;-1;-1;-1;-1;-1;-1;0;2;0;1;2;1;-1;0;0;0;0;0;0;0;0;0;0;0;0;0;1;1;0;0;-1;-1;0;0;-1;-1;-1;-1;-1;-1;-1;-1;-1;5;27;64;78;96;50;91;69;37;11.73;2.91;4.64;2.73;Adelaide United;Newcastle Jets FC;1.46;1.85;1.18;1.91;1.3;2.04;96;73;37;23;5;68;59;59;0;0;0;192;28;Y;Y;Y;Y;Y;Y;Y
59151;603;606;2017/2018;complete;278;24;-1;82;32,90;1;2;3;0;1;1;1;4;1;0;0;0;3;4;6;6;9;10;10;10;46;54;1;0;5.76;4.42;1.6;1.01;1.16;1.54;2.35;0;0;0;0;0;0;1.71;2.15;0;0;0;0;0;0;0;0;0;0;0;0;0;0;0;0;0;0;0;0;0;0;0;0;0;0;0;0;0;0;0;0;0;0;0;0;0;0;0;0;0;0;0;0;0;0;0;0;0;0;0;0;0;3;0;1;1;1;2;1;2018-03-24 06:35:00;606;0;41;14;23;0;-1;1;-1;-1;-1;-1;-1;-1;1;0;0;0;1;0;-1;0;0;0;0;0;0;0;0;0;0;0;0;0;1;1;0;0;-1;-1;0;0;-1;-1;-1;-1;-1;-1;-1;-1;-1;14;27;50;69;91;27;69;82;50;11;2.81;4.73;2.55;Central Coast Mariners;Sydney FC;0.92;2.38;1.09;2.27;0.87;2.26;87;73;50;32;9;64;50;50;0;0;0;192;27;Y;Y;Y;N;N;N;Y
59152;602;608;2017/2018;complete;278;24;-1;42,57,67;;3;0;3;4;3;7;1;2;0;1;0;0;9;0;4;7;13;7;12;17;49;51;0;1;2.19;3.66;3.38;1.01;1.18;1.59;2.45;0;0;0;0;0;0;1.61;2.3;0;0;0;0;0;0;0;0;0;0;0;0;0;0;0;0;0;0;0;0;0;0;0;0;0;0;0;0;0;0;0;0;0;0;0;0;0;0;0;0;0;0;0;0;0;0;0;0;0;0;0;0;0;3;1;0;2;0;2;1;2018-03-24 08:50:00;602;0;55;21;9;0;-1;1;-1;-1;-1;-1;-1;-1;0;0;0;1;0;1;-1;0;0;0;0;0;0;0;0;0;0;0;0;0;1;1;0;0;-1;-1;0;0;-1;-1;-1;-1;-1;-1;-1;-1;-1;4;33;46;84;100;38;84;92;30;11.75;3.17;4.5;2.67;Melbourne City FC;Western Sydney Wanderers;1.73;1;1.42;1.17;1.48;1.3;96;67;54;17;0;79;50;42;0;0;0;192;27;Y;Y;Y;N;N;N;N
59153;609;604;2017/2018;complete;278;24;-1;53,64;50,68;2;2;4;8;10;18;1;3;0;0;0;0;5;6;14;16;19;22;9;9;48;52;0;0;3.23;3.73;2.23;1;1.14;1.48;2.2;0;0;0;0;0;0;1.51;2.55;0;0;0;0;0;0;0;0;0;0;0;0;0;0;0;0;0;0;0;0;0;0;0;0;0;0;0;0;0;0;0;0;0;0;0;0;0;0;0;0;0;0;0;0;0;0;0;0;0;0;0;0;0;4;0;0;2;2;4;0;2018-03-25 06:00:00;-1;0;76;28;24;0;-1;-1;-1;-1;-1;-1;-1;-1;0;0;0;0;0;0;-1;0;0;0;0;0;0;0;0;0;0;0;0;0;1;1;0;0;-1;-1;-1;-1;-1;-1;-1;-1;-1;-1;-1;-1;-1;28;33;62;86;100;53;95;82;48;10.88;4.03;5.05;3.27;Wellington Phoenix;Brisbane Roar;1.23;1.5;1.09;1.7;0.74;1.22;73;68;38;14;0;85;81;62;0;0;0;192;27;Y;Y;Y;Y;N;N;Y
59154;600;607;2017/2018;complete;278;24;-1;43;;1;0;1;5;7;12;6;5;3;2;0;0;5;3;14;9;19;12;12;10;47;53;3;2;3.84;3.88;1.97;1.01;1.14;1.49;2.25;0;0;0;0;0;0;1.49;2.65;0;0;0;0;0;0;0;0;0;0;0;0;0;0;0;0;0;0;0;0;0;0;0;0;0;0;0;0;0;0;0;0;0;0;0;0;0;0;0;0;0;0;0;0;0;0;0;0;0;0;0;0;0;1;1;0;0;0;0;1;2018-03-25 08:00:00;600;0;57;14;19;0;-1;1;-1;-1;-1;-1;-1;-1;2;1;1;1;3;2;-1;0;0;0;0;0;0;0;0;0;0;0;0;0;1;1;0;0;-1;-1;1;0;-1;-1;-1;-1;-1;-1;-1;-1;-1;9;24;62;86;100;28;72;90;67;8.65;5.81;4.57;2.8;Perth Glory FC;Melbourne Victory FC;1.62;1.73;1.8;1.82;1.13;1.52;91;77;38;15;0;62;43;38;0;0;0;192;27;Y;N;N;N;N;N;N
59155;601;609;2017/2018;complete;278;25;-1;42,61,63;84;3;1;4;5;4;9;0;1;0;2;0;0;11;3;3;6;14;9;16;16;53;47;0;2;1.58;4.45;5.93;1.01;1.16;1.53;2.35;0;0;0;0;0;0;1.65;2.25;0;0;0;0;0;0;0;0;0;0;0;0;0;0;0;0;0;0;0;0;0;0;0;0;0;0;0;0;0;0;0;0;0;0;0;0;0;0;0;0;0;0;0;0;0;0;0;0;0;0;0;0;0;4;1;0;2;1;3;1;2018-03-30 08:50:00;601;0;46;21;21;0;-1;1;-1;-1;-1;-1;-1;-1;0;2;0;0;2;0;-1;0;0;0;0;0;0;0;0;1;0;1;0;0;1;1;0;0;-1;-1;0;0;-1;-1;-1;-1;-1;-1;-1;-1;-1;17;34;54;67;88;46;80;67;38;9.84;2.67;4.25;2.67;Adelaide United;Wellington Phoenix;1.46;0.36;1.33;0.42;1.38;0.75;84;67;46;34;13;63;50;46;0;0;0;192;27;Y;Y;Y;Y;N;N;Y
59156;604;603;2017/2018;complete;278;25;-1;13;;1;0;1;9;0;9;4;3;1;3;0;0;4;3;11;6;15;9;13;14;51;49;1;3;1.61;4.32;5.76;1.01;1.18;1.59;2.45;0;0;0;0;0;0;1.71;2.15;0;0;0;0;0;0;0;0;0;0;0;0;0;0;0;0;0;0;0;0;0;0;0;0;0;0;0;0;0;0;0;0;0;0;0;0;0;0;0;0;0;0;0;0;0;0;0;0;0;0;0;0;0;1;1;0;0;0;0;1;2018-03-31 06:35:00;604;0;61;16;33;0;-1;1;-1;-1;-1;-1;-1;-1;0;2;1;1;2;2;-1;0;0;0;0;0;0;0;0;0;0;0;0;0;1;1;0;0;-1;-1;0;0;-1;-1;-1;-1;-1;-1;-1;-1;-1;13;29;56;72;89;32;72;73;53;10.6;3.33;4.94;2.65;Brisbane Roar;Central Coast Mariners;1;0.57;0.85;0.67;1.21;0.83;88;72;44;28;12;80;80;68;0;0;0;192;27;Y;N;N;N;N;N;N
59157;607;608;2017/2018;complete;278;25;-1;30,45,51;45;3;1;4;4;10;14;4;1;1;2;1;1;6;6;7;16;13;22;19;24;48;52;3;3;1.68;4.33;4.99;1.01;1.14;1.48;2.2;0;0;0;0;0;0;1.56;2.45;0;0;0;0;0;0;0;0;0;0;0;0;0;0;0;0;0;0;0;0;0;0;0;0;0;0;0;0;0;0;0;0;0;0;0;0;0;0;0;0;0;0;0;0;0;0;0;0;0;0;0;0;0;4;2;1;1;0;1;3;2018-03-31 08:50:00;607;0;73;20;29;0;-1;1;-1;-1;-1;-1;-1;-1;1;3;1;0;4;1;-1;0;0;0;0;0;0;0;1;0;1;0;0;0;1;1;0;0;-1;-1;0;0;-1;-1;-1;-1;-1;-1;-1;-1;-1;9;28;57;96;100;40;84;93;41;10.75;3.64;5.12;2.97;Melbourne Victory FC;Western Sydney Wanderers;1.6;1;1.25;1.08;1.46;1.25;92;72;44;4;0;76;61;57;0;0;0;192;27;Y;Y;Y;Y;N;N;Y
59158;600;606;2017/2018;complete;278;25;-1;72,89;12,29,39;2;3;5;7;3;10;3;0;3;1;0;0;7;5;9;10;16;15;12;14;50;50;3;1;3.92;4.06;1.91;0;0;0;0;0;0;0;0;0;0;0;0;0;0;0;0;0;0;0;0;0;0;0;0;0;0;0;0;0;0;0;0;0;0;0;0;0;0;0;0;0;0;0;0;0;0;0;0;0;0;0;0;0;0;0;0;0;0;0;0;0;0;0;0;0;5;0;3;2;0;2;3;2018-03-29 10:30:00;606;0;39;9;17;0;-1;1;-1;-1;-1;-1;-1;-1;1;0;2;1;1;3;-1;0;0;0;0;0;0;0;0;1;0;1;0;0;1;1;0;0;-1;-1;0;0;-1;-1;-1;-1;-1;-1;-1;-1;-1;9;26;57;70;96;22;70;78;57;8.35;4.76;4.19;2.56;Perth Glory FC;Sydney FC;1.62;2.38;1.91;2.33;1.21;2.29;92;75;44;30;4;53;35;35;0;0;0;192;27;Y;Y;Y;Y;Y;N;Y
59159;605;602;2017/2018;complete;278;25;-1;;42,53,77;0;3;3;4;8;12;2;1;3;1;0;0;5;8;9;9;14;17;15;17;52;48;3;1;2.48;3.65;2.88;1.01;1.16;1.54;2.35;0;0;0;0;0;0;1.53;2.55;0;0;0;0;0;0;0;0;0;0;0;0;0;0;0;0;0;0;0;0;0;0;0;0;0;0;0;0;0;0;0;0;0;0;0;0;0;0;0;0;0;0;0;0;0;0;0;0;0;0;0;0;0;3;0;1;0;2;2;1;2018-04-01 07:00:00;602;0;70;35;30;0;-1;1;-1;-1;-1;-1;-1;-1;2;1;1;0;3;1;-1;0;0;0;0;0;0;0;0;0;0;0;0;0;1;1;0;0;-1;-1;0;0;-1;-1;-1;-1;-1;-1;-1;-1;-1;9;30;70;96;100;58;92;83;47;9.28;4.13;4.64;3.04;Newcastle Jets FC;Melbourne City FC;1.81;1.43;2.17;1.55;1.96;1.54;92;70;30;4;0;69;39;35;0;0;0;192;29;Y;Y;Y;N;N;N;N
59160;605;600;2017/2018;complete;278;26;-1;;9,27;0;2;2;6;4;10;2;5;1;2;0;0;6;5;7;6;13;11;14;12;53;47;1;2;2.48;3.65;2.88;1;1.09;1.34;1.91;0;0;0;0;0;0;1.37;3.1;0;0;0;0;0;0;0;0;0;0;0;0;0;0;0;0;0;0;0;0;0;0;0;0;0;0;0;0;0;0;0;0;0;0;0;0;0;0;0;0;0;0;0;0;0;0;0;0;0;0;0;0;0;2;0;2;0;0;0;2;2018-04-06 09:50:00;600;0;66;43;31;0;-1;1;-1;-1;-1;-1;-1;-1;1;0;0;2;1;2;-1;0;0;0;0;0;0;0;0;1;0;1;0;0;1;1;0;1;-1;-1;0;0;-1;-1;-1;-1;-1;-1;-1;-1;-1;23;39;73;92;100;54;89;89;54;9.92;5.08;4.16;3.39;Newcastle Jets FC;Perth Glory FC;1.81;0.79;2;0.62;1.88;1.16;77;62;27;8;0;81;58;54;0;0;0;192;27;Y;Y;N;N;N;N;N
59161;602;603;2017/2018;complete;278;26;-1;49;;1;0;1;9;5;14;2;0;1;1;0;0;6;0;7;5;13;5;9;13;56;44;1;1;1.35;5.57;9.34;1.01;1.15;1.53;2.3;0;0;0;0;0;0;1.83;1.95;0;0;0;0;0;0;0;0;0;0;0;0;0;0;0;0;0;0;0;0;0;0;0;0;0;0;0;0;0;0;0;0;0;0;0;0;0;0;0;0;0;0;0;0;0;0;0;0;0;0;0;0;0;1;0;0;1;0;1;0;2018-04-07 09:50:00;602;0;50;12;31;0;-1;1;-1;-1;-1;-1;-1;-1;1;1;0;0;2;0;-1;0;0;0;0;0;0;0;0;0;0;0;0;0;1;1;0;0;-1;-1;0;0;-1;-1;-1;-1;-1;-1;-1;-1;-1;12;35;50;69;96;23;69;89;54;11.84;3.31;3.93;2.7;Melbourne City FC;Central Coast Mariners;1.73;0.57;1.54;0.62;1.6;0.8;89;66;50;31;4;73;58;46;0;0;0;192;27;Y;N;N;N;N;N;N
59162;607;609;2017/2018;complete;278;26;-1;83,87;23;2;1;3;4;6;10;0;2;1;3;0;1;4;4;19;3;23;7;17;11;52;48;1;5;1.38;5.63;8.21;1;1.08;1.32;1.83;0;0;0;0;0;0;1.53;2.5;0;0;0;0;0;0;0;0;0;0;0;0;0;0;0;0;0;0;0;0;0;0;0;0;0;0;0;0;0;0;0;0;0;0;0;0;0;0;0;0;0;0;0;0;0;0;0;0;0;0;0;0;0;3;0;1;2;0;2;1;2018-04-08 07:00:00;607;0;62;19;39;0;-1;1;-1;-1;-1;-1;-1;-1;0;1;1;3;1;4;-1;0;0;0;0;0;0;0;1;0;1;0;0;0;1;1;0;0;-1;-1;0;0;-1;-1;-1;-1;-1;-1;-1;-1;-1;19;39;66;77;93;42;69;89;54;10.69;4.08;4.31;3;Melbourne Victory FC;Wellington Phoenix;1.6;0.36;1.38;0.38;1.52;0.72;81;62;35;23;8;81;70;66;0;0;0;192;27;Y;Y;Y;N;N;N;Y
59163;606;601;2017/2018;complete;278;26;-1;45,59,66;;3;0;3;3;6;9;1;0;1;1;0;0;7;3;5;5;12;8;8;8;50;50;1;1;2.17;3.75;3.37;1.02;1.21;1.69;2.7;0;0;0;0;0;0;1.65;2.25;0;0;0;0;0;0;0;0;0;0;0;0;0;0;0;0;0;0;0;0;0;0;0;0;0;0;0;0;0;0;0;0;0;0;0;0;0;0;0;0;0;0;0;0;0;0;0;0;0;0;0;0;0;3;1;0;2;0;2;1;2018-04-08 09:00:00;606;0;63;25;29;0;-1;1;-1;-1;-1;-1;-1;-1;0;0;1;1;0;2;-1;0;0;0;0;0;0;0;0;0;0;0;0;0;1;1;0;0;-1;-1;0;0;-1;-1;-1;-1;-1;-1;-1;-1;-1;13;38;71;88;100;46;88;88;58;13.25;2.33;3.75;3.13;Sydney FC;Adelaide United;2.2;1.33;2.25;1.42;2.32;1.44;88;63;30;13;0;58;42;42;0;0;0;192;28;Y;Y;Y;N;N;N;N
59164;603;605;2017/2018;complete;278;27;-1;39,80;10,20,24,53,61,68,75,81;2;8;10;4;4;8;3;5;0;3;0;0;9;10;8;8;17;18;14;8;53;47;0;3;2.97;3.8;2.35;1.01;1.16;1.54;2.35;0;0;0;0;0;0;1.53;2.5;0;0;0;0;0;0;0;0;0;0;0;0;0;0;0;0;0;0;0;0;0;0;0;0;0;0;0;0;0;0;0;0;0;0;0;0;0;0;0;0;0;0;0;0;0;0;0;0;0;0;0;0;0;10;1;3;1;5;6;4;2018-04-14 09:50:00;605;0;71;34;38;0;-1;1;-1;-1;-1;-1;-1;-1;0;1;0;2;1;2;-1;0;0;0;0;0;0;0;0;1;0;1;0;0;1;1;0;1;-1;-1;0;0;-1;-1;-1;-1;-1;-1;-1;-1;-1;13;30;67;79;96;42;84;83;54;11.66;3.34;4.58;3;Central Coast Mariners;Newcastle Jets FC;0.92;1.85;1;1.75;0.77;1.81;88;71;34;21;4;75;67;67;0;0;0;192;27;Y;Y;Y;Y;Y;Y;Y
59165;609;602;2017/2018;complete;278;27;-1;33,58;20;2;1;3;7;5;12;0;2;2;1;0;0;8;6;7;12;15;18;11;15;41;59;2;1;4.25;4.16;1.82;1.01;1.14;1.48;2.2;0;0;0;0;0;0;1.51;2.55;0;0;0;0;0;0;0;0;0;0;0;0;0;0;0;0;0;0;0;0;0;0;0;0;0;0;0;0;0;0;0;0;0;0;0;0;0;0;0;0;0;0;0;0;0;0;0;0;0;0;0;0;0;3;1;1;1;0;1;2;2018-04-14 07:35:00;609;0;79;42;25;0;-1;1;-1;-1;-1;-1;-1;-1;1;0;1;1;1;2;-1;0;0;0;0;0;0;0;0;0;0;0;0;0;1;1;0;0;-1;-1;0;0;-1;-1;-1;-1;-1;-1;-1;-1;-1;21;38;71;92;100;59;96;75;50;12;4.08;4.75;3.34;Wellington Phoenix;Melbourne City FC;1.23;1.43;1.08;1.67;0.69;1.65;79;63;29;9;0;79;63;54;0;0;0;192;27;Y;Y;Y;N;N;N;Y
59166;606;607;2017/2018;complete;278;27;-1;8;;1;0;1;1;7;8;1;5;1;2;0;0;6;2;4;7;10;9;19;17;39;61;1;2;2.08;3.88;3.48;1.01;1.17;1.56;2.4;0;0;0;0;0;0;1.54;2.45;0;0;0;0;0;0;0;0;0;0;0;0;0;0;0;0;0;0;0;0;0;0;0;0;0;0;0;0;0;0;0;0;0;0;0;0;0;0;0;0;0;0;0;0;0;0;0;0;0;0;0;0;0;1;1;0;0;0;0;1;2018-04-13 09:50:00;606;0;64;28;28;0;-1;1;-1;-1;-1;-1;-1;-1;0;0;1;2;0;3;-1;0;0;0;0;0;0;0;0;0;0;0;0;0;1;1;1;0;-1;-1;0;0;-1;-1;-1;-1;-1;-1;-1;-1;-1;16;44;72;92;100;48;88;96;65;10.59;4.54;3.48;3.26;Sydney FC;Melbourne Victory FC;2.2;1.73;2.31;1.67;2.35;1.58;84;57;29;9;0;69;45;41;0;0;0;192;28;Y;N;N;N;N;N;N
59167;600;604;2017/2018;complete;278;27;-1;24,86;30,40,52;2;3;5;7;3;10;0;2;3;2;0;0;6;7;8;10;14;17;17;15;57;43;3;2;2.08;3.93;3.45;1.01;1.11;1.4;2;0;0;0;0;0;0;1.48;2.7;0;0;0;0;0;0;0;0;0;0;0;0;0;0;0;0;0;0;0;0;0;0;0;0;0;0;0;0;0;0;0;0;0;0;0;0;0;0;0;0;0;0;0;0;0;0;0;0;0;0;0;0;0;5;1;2;1;1;2;3;2018-04-14 12:00:00;604;0;59;8;21;0;-1;1;-1;-1;-1;-1;-1;-1;0;0;3;2;0;5;-1;0;0;0;0;0;0;0;1;0;0;0;1;0;1;1;0;0;-1;-1;0;0;-1;-1;-1;-1;-1;-1;-1;-1;-1;8;25;63;84;100;38;79;79;50;8.75;4.84;4.75;2.84;Perth Glory FC;Brisbane Roar;1.62;1.5;1.75;1.5;1.23;1.23;92;75;38;17;0;67;59;42;0;0;0;192;27;Y;Y;Y;Y;Y;N;Y
59168;608;601;2017/2018;complete;278;27;-1;16,42;21,39,80;2;3;5;6;7;13;1;5;3;2;1;0;5;5;8;5;13;10;12;15;52;48;5;2;1.85;4;4.26;1.02;1.2;1.65;2.65;0;0;0;0;0;0;1.77;2.1;0;0;0;0;0;0;0;0;0;0;0;0;0;0;0;0;0;0;0;0;0;0;0;0;0;0;0;0;0;0;0;0;0;0;0;0;0;0;0;0;0;0;0;0;0;0;0;0;0;0;0;0;0;5;2;2;0;1;1;4;2018-04-15 07:00:00;601;0;52;21;24;0;-1;1;-1;-1;-1;-1;-1;-1;3;1;1;1;4;2;-1;0;0;0;0;0;0;0;2;0;1;0;1;0;1;1;0;0;-1;-1;0;0;-1;-1;-1;-1;-1;-1;-1;-1;-1;13;25;69;89;100;41;85;76;60;12.08;2.1;4.88;2.94;Western Sydney Wanderers;Adelaide United;1.46;1.33;1.58;1.31;1.27;1.38;88;75;32;12;0;69;52;40;0;0;0;192;27;Y;Y;Y;Y;Y;N;Y
353216;602;604;2017/2018;complete;2492;0;-1;59,90;;2;0;2;8;4;12;0;3;3;2;0;0;10;0;13;7;23;7;18;18;61;39;3;2;1.65;4;4.9;1.01;1.18;1.61;2.5;0;0;0;0;0;0;1.67;2.2;0;0;0;0;0;0;0;0;0;0;0;0;0;0;0;0;0;0;0;0;0;0;0;0;0;0;0;0;0;0;0;0;0;0;0;0;0;0;0;0;0;0;0;0;0;0;0;0;0;0;0;0;0;2;0;0;2;0;2;0;2018-04-20 09:50:00;602;1;58;15;26;0;-1;1;-1;-1;-1;-1;-1;-1;2;0;1;2;2;3;-1;0;0;0;0;0;0;0;0;0;0;0;0;0;1;1;0;0;-1;-1;0;0;-1;-1;-1;-1;-1;-1;-1;-1;-1;8;24;63;80;97;48;81;80;41;11.3;3.63;4.4;2.72;Melbourne City FC;Brisbane Roar;1.59;1.25;1.59;1.3;1.59;1.3;93;76;37;21;4;74;61;50;0;0;0;192;28;Y;Y;N;N;N;N;N
353217;607;601;2017/2018;complete;2492;0;-1;63,89;57;2;1;3;6;6;12;2;1;4;3;0;0;6;6;4;6;10;12;25;19;57;43;4;3;2.05;3.5;3.35;1.02;1.22;1.71;2.75;0;0;0;0;0;0;1.67;2.2;0;0;0;0;0;0;0;0;0;0;0;0;0;0;0;0;0;0;0;0;0;0;0;0;0;0;0;0;0;0;0;0;0;0;0;0;0;0;0;0;0;0;0;0;0;0;0;0;0;0;0;0;0;3;0;0;2;1;3;0;2018-04-22 08:00:00;607;1;63;18;36;0;-1;1;-1;-1;-1;-1;-1;-1;1;1;3;2;2;5;-1;0;0;0;0;0;0;0;0;0;0;0;0;0;1;1;0;0;-1;-1;0;0;-1;-1;-1;-1;-1;-1;-1;-1;-1;13;24;61;82;98;37;80;82;52;11.96;3.74;4.66;2.85;Melbourne Victory FC;Adelaide United;1.67;1.39;1.52;1.44;1.52;1.44;87;76;39;19;2;65;54;50;0;0;0;192;28;Y;Y;Y;N;N;N;Y
371144;605;602;2017/2018;complete;2492;0;-1;57,75;14;2;1;3;4;1;5;1;3;4;5;0;0;5;2;10;2;15;4;19;18;53;47;4;5;2.7;3.5;2.45;1.02;1.2;1.65;2.65;0;0;0;0;0;0;1.59;2.35;0;0;0;0;0;0;0;0;0;0;0;0;0;0;0;0;0;0;0;0;0;0;0;0;0;0;0;0;0;0;0;0;0;0;0;0;0;0;0;0;0;0;0;0;0;0;0;0;0;0;0;0;0;3;0;1;2;0;2;1;2018-04-27 09:50:00;605;1;61;34;26;0;-1;1;-1;-1;-1;-1;-1;-1;2;1;2;4;3;6;-1;0;0;0;0;0;0;0;0;0;0;0;0;0;1;1;0;0;-1;-1;0;0;-1;-1;-1;-1;-1;-1;-1;-1;-1;12;31;68;86;100;49;84;87;51;11.4;3.97;4.04;3.1;Newcastle Jets FC;Melbourne City FC;1.83;1.59;1.85;1.64;1.85;1.64;89;69;33;15;0;75;55;50;0;0;0;192;29;Y;Y;Y;N;N;N;Y
371145;606;607;2017/2018;complete;2492;0;-1;24,90;31,47;2;2;4;12;5;17;0;6;3;4;0;0;11;10;10;9;21;19;22;27;60;40;3;4;4.65;3.05;1.71;0;0;0;0;0;0;0;0;0;0;0;0;0;0;0;0;0;0;0;0;0;0;0;0;0;0;0;0;0;0;0;0;0;0;0;0;0;0;0;0;0;0;0;0;0;0;0;0;0;0;0;0;0;0;0;0;0;0;0;0;0;0;0;0;0;5;1;1;1;2;3;2;2018-04-28 09:50:00;607;1;62;26;26;0;-1;1;-1;-1;-1;-1;-1;-1;0;0;3;4;0;7;-1;0;0;0;0;0;0;0;0;0;0;0;0;0;1;1;0;0;-1;-1;0;0;-1;-1;-1;-1;-1;-1;-1;-1;-1;17;37;67;84;98;40;78;91;60;10.45;4.15;3.87;3.08;Sydney FC;Melbourne Victory FC;2.29;1.67;2.37;1.57;2.37;1.57;84;64;33;17;2;66;51;46;0;0;0;192;28;Y;Y;Y;Y;Y;N;Y
373183;605;607;2017/2018;complete;2797;0;-1;;9;0;1;1;4;5;9;1;2;2;1;1;0;5;5;6;2;11;7;15;21;59;41;4;1;2.5;3.45;2.65;1.02;1.19;1.62;2.6;0;0;0;0;0;0;1.59;2.4;0;0;0;0;0;0;0;0;0;0;0;0;0;0;0;0;0;0;0;0;0;0;0;0;0;0;0;0;0;0;0;0;0;0;0;0;0;0;0;0;0;0;0;0;0;0;0;0;0;0;0;0;0;1;0;1;0;0;0;1;2018-05-05 09:50:00;607;1;70;21;28;0;-1;1;-1;-1;-1;-1;-1;-1;0;0;3;1;0;4;-1;0;0;0;0;0;0;0;0;0;0;0;0;0;1;1;0;1;-1;-1;0;0;-1;-1;-1;-1;-1;-1;-1;-1;-1;18;32;71;88;100;44;81;90;62;10.73;5.12;4.56;3.25;Newcastle Jets FC;Melbourne Victory FC;1.83;1.67;1.89;1.62;1.89;1.62;83;68;30;13;0;78;65;58;0;0;0;192;29;Y;N;N;N;N;N;N
