ID;HOMEID;AWAYID;SEASON;STATUS;ROUNDID;GAME_WEEK;REVISED_GAME_WEEK;HOMEGOALS;AWAYGOALS;HOMEGOALCOUNT;AWAYGOALCOUNT;TOTALGOALCOUNT;TEAM_A_CORNERS;TEAM_B_CORNERS;TOTALCORNERCOUNT;TEAM_A_OFFSIDES;TEAM_B_OFFSIDES;TEAM_A_YELLOW_CARDS;TEAM_B_YELLOW_CARDS;TEAM_A_RED_CARDS;TEAM_B_RED_CARDS;TEAM_A_SHOTSONTARGET;TEAM_B_SHOTSONTARGET;TEAM_A_SHOTSOFFTARGET;TEAM_B_SHOTSOFFTARGET;TEAM_A_SHOTS;TEAM_B_SHOTS;TEAM_A_FOULS;TEAM_B_FOULS;TEAM_A_POSSESSION;TEAM_B_POSSESSION;TEAM_A_CARDS_NUM;TEAM_B_CARDS_NUM;ODDS_FT_1;ODDS_FT_X;ODDS_FT_2;ODDS_FT_OVER05;ODDS_FT_OVER15;ODDS_FT_OVER25;ODDS_FT_OVER35;ODDS_FT_OVER45;ODDS_FT_UNDER05;ODDS_FT_UNDER15;ODDS_FT_UNDER25;ODDS_FT_UNDER35;ODDS_FT_UNDER45;ODDS_BTTS_YES;ODDS_BTTS_NO;ODDS_TEAM_A_CS_YES;ODDS_TEAM_A_CS_NO;ODDS_TEAM_B_CS_YES;ODDS_TEAM_B_CS_NO;ODDS_DOUBLECHANCE_1X;ODDS_DOUBLECHANCE_12;ODDS_DOUBLECHANCE_X2;ODDS_1ST_HALF_RESULT_1;ODDS_1ST_HALF_RESULT_X;ODDS_1ST_HALF_RESULT_2;ODDS_2ND_HALF_RESULT_1;ODDS_2ND_HALF_RESULT_X;ODDS_2ND_HALF_RESULT_2;ODDS_DNB_1;ODDS_DNB_2;ODDS_CORNERS_OVER_75;ODDS_CORNERS_OVER_85;ODDS_CORNERS_OVER_95;ODDS_CORNERS_OVER_105;ODDS_CORNERS_OVER_115;ODDS_CORNERS_UNDER_75;ODDS_CORNERS_UNDER_85;ODDS_CORNERS_UNDER_95;ODDS_CORNERS_UNDER_105;ODDS_CORNERS_UNDER_115;ODDS_CORNERS_1;ODDS_CORNERS_X;ODDS_CORNERS_2;ODDS_TEAM_TO_SCORE_FIRST_1;ODDS_TEAM_TO_SCORE_FIRST_X;ODDS_TEAM_TO_SCORE_FIRST_2;ODDS_WIN_TO_NIL_1;ODDS_WIN_TO_NIL_2;ODDS_1ST_HALF_OVER05;ODDS_1ST_HALF_OVER15;ODDS_1ST_HALF_OVER25;ODDS_1ST_HALF_OVER35;ODDS_1ST_HALF_UNDER05;ODDS_1ST_HALF_UNDER15;ODDS_1ST_HALF_UNDER25;ODDS_1ST_HALF_UNDER35;ODDS_2ND_HALF_OVER05;ODDS_2ND_HALF_OVER15;ODDS_2ND_HALF_OVER25;ODDS_2ND_HALF_OVER35;ODDS_2ND_HALF_UNDER05;ODDS_2ND_HALF_UNDER15;ODDS_2ND_HALF_UNDER25;ODDS_2ND_HALF_UNDER35;ODDS_BTTS_1ST_HALF_YES;ODDS_BTTS_1ST_HALF_NO;ODDS_BTTS_2ND_HALF_YES;ODDS_BTTS_2ND_HALF_NO;OVERALLGOALCOUNT;HT_GOALS_TEAM_A;HT_GOALS_TEAM_B;GOALS_2HG_TEAM_A;GOALS_2HG_TEAM_B;GOALCOUNT_2HG;HTGOALCOUNT;DATE_UNIX;WINNINGTEAM;NO_HOME_AWAY;BTTS_POTENTIAL;BTTS_FHG_POTENTIAL;BTTS_2HG_POTENTIAL;GOALTIMINGDISABLED;CORNER_TIMINGS_RECORDED;CARD_TIMINGS_RECORDED;TEAM_A_FH_CORNERS;TEAM_B_FH_CORNERS;TEAM_A_2H_CORNERS;TEAM_B_2H_CORNERS;CORNER_FH_COUNT;CORNER_2H_COUNT;TEAM_A_FH_CARDS;TEAM_B_FH_CARDS;TEAM_A_2H_CARDS;TEAM_B_2H_CARDS;TOTAL_FH_CARDS;TOTAL_2H_CARDS;ATTACKS_RECORDED;TEAM_A_DANGEROUS_ATTACKS;TEAM_B_DANGEROUS_ATTACKS;TEAM_A_ATTACKS;TEAM_B_ATTACKS;TEAM_A_XG;TEAM_B_XG;TOTAL_XG;TEAM_A_PENALTIES_WON;TEAM_B_PENALTIES_WON;TEAM_A_PENALTY_GOALS;TEAM_B_PENALTY_GOALS;TEAM_A_PENALTY_MISSED;TEAM_B_PENALTY_MISSED;PENS_RECORDED;GOAL_TIMINGS_RECORDED;TEAM_A_0_10_MIN_GOALS;TEAM_B_0_10_MIN_GOALS;TEAM_A_CORNERS_0_10_MIN;TEAM_B_CORNERS_0_10_MIN;TEAM_A_CARDS_0_10_MIN;TEAM_B_CARDS_0_10_MIN;THROWINS_RECORDED;TEAM_A_THROWINS;TEAM_B_THROWINS;FREEKICKS_RECORDED;TEAM_A_FREEKICKS;TEAM_B_FREEKICKS;GOALKICKS_RECORDED;TEAM_A_GOALKICKS;TEAM_B_GOALKICKS;O45_POTENTIAL;O35_POTENTIAL;O25_POTENTIAL;O15_POTENTIAL;O05_POTENTIAL;O15HT_POTENTIAL;O05HT_POTENTIAL;O05_2H_POTENTIAL;O15_2H_POTENTIAL;CORNERS_POTENTIAL;OFFSIDES_POTENTIAL;CARDS_POTENTIAL;AVG_POTENTIAL;HOME_NAME;AWAY_NAME;HOME_PPG;AWAY_PPG;PRE_MATCH_HOME_PPG;PRE_MATCH_AWAY_PPG;PRE_MATCH_TEAMA_OVERALL_PPG;PRE_MATCH_TEAMB_OVERALL_PPG;U45_POTENTIAL;U35_POTENTIAL;U25_POTENTIAL;U15_POTENTIAL;U05_POTENTIAL;CORNERS_O85_POTENTIAL;CORNERS_O95_POTENTIAL;CORNERS_O105_POTENTIAL;TEAM_A_XG_PREMATCH;TEAM_B_XG_PREMATCH;TOTAL_XG_PREMATCH;COMPETITION_ID;MATCHES_COMPLETED_MINIMUM;OVER05;OVER15;OVER25;OVER35;OVER45;OVER55;BTTS
347113;4350;6681;2018;complete;2477;0;-1;;;0;0;0;2;3;5;2;4;1;4;0;0;5;8;5;10;10;18;9;13;35;65;1;4;2.73;3.14;2.8;1.12;1.53;2.5;5.5;13;6;2.37;1.57;1.14;1.04;2.2;1.61;2.75;1.39;2.25;1.57;0;0;0;3.46;1.94;3.54;3.92;2.09;2.83;0;0;0;0;2.1;0;0;0;0;1.66;0;0;0;0;0;2.5;6;1.83;4.75;3.39;0;0;0;0;0;0;0;0;1.51;4;13;0;2.49;1.22;1.04;0;0;0;0;0;0;0;0;0;0;0;0;2018-01-22 22:15:00;-1;1;0;0;0;0;1;1;0;1;2;2;1;4;1;1;0;3;2;3;1;63;79;97;111;1.44;2.26;3.7;0;0;0;0;0;0;1;1;0;0;0;0;0;0;-1;-1;-1;-1;-1;-1;-1;-1;-1;0;0;0;0;0;0;0;0;0;0;0;0;0;Wanderers;Olimpia;0.5;1.75;0;0;0;0;0;0;0;0;0;0;0;0;0;0;0;1188;2;N;N;N;N;N;N;N
347114;4323;2847;2018;complete;2477;0;-1;17;69;1;1;2;1;3;4;4;1;3;3;0;0;6;4;12;1;18;5;18;25;51;49;3;3;1.64;3.56;6.6;1.1;1.39;2.32;4.33;10;7.5;2.75;1.65;1.19;1.06;2.25;1.57;1.8;1.9;4.5;1.18;0;0;0;2.2;2.06;6.8;1.91;2.38;7.1;0;0;0;1.72;0;0;0;0;2;0;0;0;0;0;0;1.39;7.5;3.75;2.2;10;0;0;0;0;0;0;0;0;1.44;3.39;10;26;2.69;1.3;1.06;1.01;0;0;0;0;2;1;0;0;1;1;1;2018-01-22 23:00:00;-1;1;0;0;0;0;1;1;1;2;0;1;3;1;0;1;3;2;1;5;1;72;51;90;87;2.07;0.97;3.04;0;0;0;0;0;0;1;1;0;0;1;0;0;1;-1;-1;-1;-1;-1;-1;-1;-1;-1;0;0;0;0;0;0;0;0;0;0;0;0;0;Macará;Deportivo Táchira;1;0.75;0;0;0;0;0;0;0;0;0;0;0;0;0;0;0;1188;2;Y;Y;N;N;N;N;Y
347115;2260;2799;2018;complete;2477;0;-1;28,80;;2;0;2;5;3;8;2;1;3;3;1;1;7;2;5;8;12;10;23;18;46;54;4;4;2.01;3.32;4.1;1.07;1.36;2.25;4;9;9;3;1.69;1.22;1.07;2.04;1.7;2.1;1.66;4.33;1.19;0;0;0;2.61;2.03;4.75;2.07;2.38;5.5;0;0;0;0;1.9;0;0;0;0;1.8;0;0;0;0;0;1.5;9;3.1;2.6;7;0;0;0;0;0;0;0;0;1.43;3.25;10;26;2.74;1.33;1.06;1.01;0;0;0;0;2;1;0;1;0;1;1;2018-01-23 01:15:00;2260;1;0;0;0;0;1;1;2;2;3;1;4;4;3;2;1;2;5;3;1;48;44;100;97;1.6;1.1;2.7;0;0;0;0;0;0;1;1;0;0;0;0;0;0;-1;-1;-1;-1;-1;-1;-1;-1;-1;0;0;0;0;0;0;0;0;0;0;0;0;0;Oriente Petrolero;Universitario;1;1.5;0;0;0;0;0;0;0;0;0;0;0;0;0;0;0;1188;2;Y;Y;N;N;N;N;N
347116;6681;4350;2018;complete;2477;0;-1;56,88;;2;0;2;7;1;8;0;3;1;1;0;0;8;4;8;2;16;6;10;12;64;36;1;1;1.39;4;10;1.1;1.36;2.14;4;9;7.5;3;1.66;1.22;1.07;2.5;1.5;1.61;2.2;5.5;1.14;1.07;1.22;2.8;2;2.2;6;1.8;2.4;6.5;0;0;0;0;1.9;0;0;0;0;1.8;0;0;0;0;0;1.28;7.5;4.75;1.9;15;0;0;0;0;0;0;0;0;1.39;3.25;9;26;2.9;1.33;1.07;1.01;0;0;0;0;2;0;0;2;0;2;0;2018-01-26 23:15:00;6681;1;0;0;0;0;1;1;3;0;4;1;3;5;1;1;0;0;2;0;1;74;24;91;65;2.1;0.84;2.94;0;0;0;0;0;0;1;1;0;0;3;0;0;1;-1;-1;-1;-1;-1;-1;-1;-1;-1;0;0;0;0;0;0;0;0;0;5;6;5;0;Olimpia;Wanderers;1.75;0.5;1;1;1;1;100;100;100;100;100;0;0;0;0;0;0;1188;2;Y;Y;N;N;N;N;N
347117;2847;4323;2018;complete;2477;0;-1;;;0;0;0;3;4;7;1;3;1;4;0;0;0;2;6;5;6;7;22;24;52;48;1;4;2.25;3;3.5;1.12;1.53;2.7;5.5;13;6;2.37;1.44;1.14;1.04;2.2;1.61;2.2;1.61;3;1.36;0;0;0;0;0;0;2.81;2.05;4.1;0;0;0;1.72;0;0;0;0;2;0;0;0;0;0;0;1.8;6;2.5;3.25;5;0;0;0;0;0;0;0;0;1.54;3.75;13;0;2.41;1.25;1.04;0;0;0;0;0;0;0;0;0;0;0;0;2018-01-27 00:15:00;-1;1;100;0;0;0;1;1;2;2;1;2;4;3;1;1;0;3;2;3;1;25;30;53;61;0.56;0.8;1.37;0;0;0;0;0;0;1;1;0;0;0;1;0;0;-1;-1;-1;-1;-1;-1;-1;-1;-1;0;0;0;100;100;0;100;100;0;4;5;6;2;Deportivo Táchira;Macará;0.75;1;1;1;1;1;100;100;100;0;0;0;0;0;0;0;0;1188;2;N;N;N;N;N;N;N
347118;2799;2260;2018;complete;2477;0;-1;8,61,66;85;3;1;4;0;8;8;1;3;3;6;0;2;6;7;6;4;12;11;19;15;54;46;3;9;2.04;3.29;3.6;1.08;1.39;2.35;4.33;10;8;2.75;1.57;1.19;1.06;2;1.75;2.37;1.53;3.39;1.3;0;0;0;0;0;0;2.45;2.23;4.33;0;0;0;0;1.83;0;0;0;0;1.83;0;0;0;0;0;1.72;7.5;2.5;3.25;5.5;0;0;0;0;0;0;0;0;1.41;3.39;10;26;2.82;1.3;1.06;1.01;0;0;0;0;4;1;0;2;1;3;1;2018-01-27 01:45:00;2799;1;0;0;0;0;1;1;0;6;0;2;6;2;1;2;2;6;3;8;1;29;39;57;57;1.38;1.46;2.85;0;0;0;0;0;0;1;1;1;0;0;2;0;0;-1;-1;-1;-1;-1;-1;-1;-1;-1;0;0;0;100;100;0;100;100;0;8;3;8;2;Universitario;Oriente Petrolero;1.5;1;0;3;0;3;100;100;100;0;0;0;0;0;0;0;0;1188;2;Y;Y;Y;Y;N;N;Y
347119;2848;6672;2018;complete;2478;0;-1;19;;1;0;1;7;6;13;1;0;2;3;0;1;5;5;6;1;11;6;13;17;64;36;2;4;3.29;3.1;2.29;1.08;1.5;2.5;4.5;10;7;2.5;1.5;1.17;1.04;2.1;1.67;3;1.36;2.37;1.53;1.57;1.36;1.3;4;1.91;3;3.55;2.38;2.5;0;0;0;1.72;2;0;0;0;2;1.72;0;0;0;0;0;2.39;6.5;1.8;4.75;3.39;0;0;0;0;0;0;0;0;1.57;3.75;11;26;2.25;1.25;1.05;1.01;0;0;0;0;1;1;0;0;0;0;1;2018-01-30 22:15:00;2848;1;0;0;0;0;1;1;3;2;4;4;5;8;2;2;0;2;4;2;1;0;0;0;0;1.47;1;2.47;0;0;0;0;0;0;1;1;0;0;0;0;1;0;-1;-1;-1;-1;-1;-1;-1;-1;-1;0;0;0;0;0;0;0;0;0;0;0;0;0;Carabobo;Guaraní;1.5;1;0;0;0;0;0;0;0;0;0;0;0;0;0;0;0;1188;2;Y;N;N;N;N;N;N
347120;706;4321;2018;complete;2478;0;-1;71;90;1;1;2;4;5;9;4;3;4;5;1;1;5;5;6;1;11;6;22;15;54;46;6;7;1.66;3.66;6;1.1;1.44;2.2;4.5;11;7;2.62;1.72;1.18;1.05;2.38;1.53;1.83;1.83;4.33;1.19;1.11;1.25;1.01;2.21;2.11;6.2;2;2.3;6.6;0;0;0;1.8;2;0;0;0;1.9;1.72;0;0;0;0;0;1.44;7;3.5;2.37;8.5;0;0;0;0;0;0;0;0;1.41;3.8;11.5;26;2.82;1.32;1.07;1.01;0;0;0;0;2;0;0;1;1;2;0;2018-01-31 00:30:00;-1;1;0;0;0;0;1;1;4;4;0;1;8;1;1;3;4;3;4;7;1;68;45;78;75;1.53;1.06;2.59;1;1;1;1;0;0;1;1;0;0;1;0;1;1;-1;-1;-1;-1;-1;-1;-1;-1;-1;0;0;0;0;0;0;0;0;0;0;0;0;0;Banfield;CSD Independiente del Valle;0.75;1;0;0;0;0;0;0;0;0;0;0;0;0;0;0;0;1188;2;Y;Y;N;N;N;N;Y
347121;2185;2808;2018;complete;2478;0;-1;2;45;1;1;2;5;3;8;1;2;2;3;0;0;2;2;6;3;8;5;15;5;60;40;2;3;1.95;3.15;4.15;1.08;1.44;2.38;4.5;9;7;2.63;1.53;1.17;1.05;2.24;1.6;0;0;0;0;1.15;1.01;2;2.61;1.92;4.6;2.12;2.33;4.75;0;0;0;0;0;0;0;0;0;0;0;0;0;0;0;1.73;7;2.65;0;0;0;0;0;0;0;0;0;0;1.5;3.5;8;21;2.5;1.29;1.06;1.01;0;0;0;0;2;1;1;0;0;0;2;2018-01-31 00:30:00;-1;1;0;0;0;0;1;1;3;3;2;0;6;2;0;0;2;3;0;5;1;53;21;84;53;1.03;0.61;1.65;0;0;0;0;0;0;1;1;1;0;1;1;0;0;-1;-1;-1;-1;-1;-1;-1;-1;-1;0;0;0;0;0;0;0;0;0;0;0;0;0;Santiago Wanderers;Melgar;1;0.5;0;0;0;0;0;0;0;0;0;0;0;0;0;0;0;1188;2;Y;Y;N;N;N;N;Y
347122;623;4359;2018;complete;2478;0;-1;;74;0;1;1;4;2;6;1;2;3;3;2;1;4;3;3;3;7;6;17;13;55;45;7;4;2.33;3.1;3.44;1.12;1.53;2.32;5.5;13;6;2.37;1.65;1.14;1.04;2.2;1.61;2.2;1.61;3.25;1.33;0;0;0;2.98;1.96;4.15;2.66;2.1;4.25;0;0;0;0;1.8;2;0;0;0;1.9;1.72;0;0;0;0;1.72;6;2.62;3.1;5.5;0;0;0;0;0;0;0;0;1.44;3.75;13;26;2.69;1.25;1.04;1.01;0;0;0;0;1;0;0;0;1;1;0;2018-01-31 23:45:00;4359;1;0;0;0;0;1;1;0;0;4;2;0;6;1;2;4;2;3;6;1;52;43;128;99;1.12;0.91;2.03;0;0;0;0;0;0;1;1;0;0;0;0;0;0;-1;-1;-1;-1;-1;-1;-1;-1;-1;0;0;0;0;0;0;0;0;0;0;0;0;0;Chapecoense;Nacional;0;1.8;0;0;0;0;0;0;0;0;0;0;0;0;0;0;0;1188;2;Y;N;N;N;N;N;N
347123;2196;625;2018;complete;2478;0;-1;;3,16,79,82;0;4;4;2;1;3;5;0;2;3;0;0;4;5;10;6;14;11;13;16;56;44;2;3;2.55;2.85;3;1.11;1.6;2.75;6.5;16;6.4;2.25;1.4;1.11;1.02;2.38;1.54;0;0;0;0;1.4;1.35;1.01;3.25;1.96;3.35;2.95;2.23;3.2;0;0;0;0;0;0;0;0;0;0;0;0;0;0;0;2.1;5.75;2.25;0;0;0;0;0;0;0;0;0;0;1.67;4;8.5;15;2.26;1.22;1.05;1.02;0;0;0;0;4;0;2;0;2;2;2;2018-01-31 23:45:00;625;1;0;0;0;0;1;1;1;0;1;1;1;2;1;2;1;1;3;2;1;62;41;83;89;1.61;1.35;2.95;0;0;0;0;0;0;1;1;0;1;0;0;0;0;-1;-1;-1;-1;-1;-1;-1;-1;-1;0;0;0;0;0;0;0;0;0;0;0;0;0;Univ. Concepción;Vasco da Gama;0;1.4;0;0;0;0;0;0;0;0;0;0;0;0;0;0;0;1188;2;Y;Y;Y;Y;N;N;N
347124;2847;2133;2018;complete;2478;0;-1;10,22;7,31,51;2;3;5;3;2;5;1;2;3;1;0;0;4;6;7;4;11;10;16;24;47;53;3;1;3.8;2.8;2.14;1.13;1.57;3.25;6;12;5.5;2.25;1.33;1.11;1.03;2.47;1.51;0;0;0;0;1.62;1.4;1.01;4.33;1.91;2.9;4;1.95;2.75;0;0;0;0;0;0;0;0;0;0;0;0;0;0;0;2.6;5;1.85;0;0;0;0;0;0;0;0;0;0;1.62;4.33;9;2.8;2.2;1.2;1.04;1.44;0;0;0;0;5;2;2;0;1;1;4;2018-02-01 22:15:00;2133;1;25;0;0;0;1;1;2;1;1;1;3;2;0;0;3;1;0;4;1;67;79;90;87;1.46;1.62;3.08;0;1;0;0;0;1;1;1;1;1;0;0;0;0;-1;-1;-1;-1;-1;-1;-1;-1;-1;0;0;0;25;25;0;25;25;0;3;1;2;0.5;Deportivo Táchira;Santa Fe;0.75;1.7;1;0;1;0;50;50;50;25;25;0;0;0;0.56;0;0.56;1188;4;Y;Y;Y;Y;Y;N;Y
347125;2260;2265;2018;complete;2478;0;-1;38;64,90;1;2;3;1;6;7;1;0;3;5;1;1;5;8;8;8;13;16;22;21;53;47;4;6;2.2;2.89;3.79;1.1;1.39;2.29;4;10;7.5;2.75;1.6;1.22;1.06;1.95;1.8;2.5;1.5;3.5;1.28;0;0;0;0;0;0;2.57;2.27;3.88;0;0;0;0;1.9;0;0;0;0;1.8;0;0;0;0;0;1.72;7.5;2.5;3.5;6;0;0;0;0;0;0;0;0;1.5;3.04;10;26;2.5;1.36;1.06;1.01;0;0;0;0;3;1;0;0;2;2;1;2018-02-02 00:30:00;2265;1;25;0;0;0;1;1;1;3;0;3;4;3;2;1;2;5;3;7;1;45;31;65;51;1.49;1.78;3.27;0;1;0;1;0;0;1;1;0;0;0;2;0;0;-1;-1;-1;-1;-1;-1;-1;-1;-1;0;25;25;50;50;0;50;50;25;6.5;2.5;6.5;1.5;Oriente Petrolero;Wilstermann;1;1.75;1.5;0;1.5;0;50;25;25;0;0;0;0;0;1.6;0;1.6;1188;4;Y;Y;Y;N;N;N;Y
347126;6681;2131;2018;complete;2478;0;-1;37;;1;0;1;7;4;11;2;2;5;4;0;0;8;7;4;7;12;14;17;14;42;58;5;4;2.05;2.89;3.5;1.12;1.53;3.1;5.5;13;6;2.37;1.36;1.14;1.04;2.3;1.55;2;1.72;3.39;1.3;1.22;1.33;1.8;2.63;1.91;4.6;2.4;2.05;4.5;0;0;0;1.72;0;0;0;0;2;0;0;0;0;0;0;1.61;6;3;2.75;6;0;0;0;0;0;0;0;0;1.56;3.75;13;15;2.36;1.25;1.04;1.02;0;0;0;0;1;1;0;0;0;0;1;2018-02-02 00:30:00;6681;1;0;0;0;0;1;1;6;0;1;4;6;5;0;2;5;2;2;7;1;45;45;61;65;1.64;1.69;3.33;0;0;0;0;0;0;1;1;0;0;1;0;0;0;1;4;0;-1;-1;-1;-1;-1;-1;0;0;0;25;25;0;0;25;25;5;2;2.5;0.5;Olimpia;Junior;1.75;1.4;2;0;2;0;50;50;50;25;25;0;0;0;2.1;0;2.1;1188;4;Y;N;N;N;N;N;N
347127;6672;2848;2018;complete;2478;0;-1;3,40,47,54,70,88;;6;0;6;3;5;8;1;2;1;3;0;0;10;0;2;10;12;10;15;19;46;54;1;3;1.36;4.35;9;1.08;1.4;2.18;4;9;7;2.75;1.65;1.22;1.05;2.67;1.44;1.61;2.2;5.5;1.14;1.04;1.19;2.85;1.91;2.15;8;1.72;2.5;7.5;0;0;0;0;2;0;0;0;0;1.72;0;0;0;0;0;1.37;9.8;4.6;1.9;11;0;0;0;0;0;0;0;0;1.5;3.25;10;17;2.5;1.33;1.09;1.01;0;0;0;0;6;2;0;4;0;4;2;2018-02-06 22:15:00;6672;1;0;0;0;0;1;1;2;2;1;3;4;4;1;1;0;2;2;2;1;36;44;96;108;1.72;0.96;2.69;0;0;0;0;0;0;1;1;1;0;0;0;0;0;-1;-1;-1;-1;-1;-1;-1;-1;-1;0;0;0;0;100;0;100;0;0;13;1;6;1;Guaraní;Carabobo;1;1.5;0;3;0;3;100;100;100;100;0;100;100;100;0;0;0;1188;2;Y;Y;Y;Y;Y;Y;N
347128;4321;706;2018;complete;2478;0;-1;29,65;24,90;2;2;4;0;1;1;1;4;2;2;0;0;7;7;8;1;15;8;18;18;56;44;2;2;1.98;3.45;4.05;1.1;1.5;2.48;5;10;6.5;2.5;1.58;1.14;1.04;2.33;1.56;2.2;1.61;3.25;1.33;1.22;1.33;1.8;2.61;2.02;4.8;2.23;2.23;4.7;0;0;0;0;2;0;0;0;0;1.72;0;0;0;0;0;1.85;6;2.55;3;5;0;0;0;0;0;0;0;0;1.49;3.75;12.5;15;2.55;1.25;1.02;1.02;0;0;0;0;4;1;1;1;1;2;2;2018-02-07 00:30:00;-1;1;100;0;0;0;1;1;0;0;0;1;0;1;1;0;1;2;1;3;1;49;37;118;112;1.8;1.28;3.08;0;0;0;0;0;0;1;1;0;0;0;0;0;0;-1;-1;-1;-1;-1;-1;-1;-1;-1;0;0;0;100;100;0;0;100;100;9;7;13;2;CSD Independiente del Valle;Banfield;1;0.75;1;1;1;1;100;100;100;0;0;100;0;0;0;0;0;1188;2;Y;Y;Y;Y;N;N;Y
347129;2808;2185;2018;complete;2478;0;-1;;45;0;1;1;4;3;7;3;2;3;3;1;0;5;4;7;7;12;11;12;9;54;46;4;3;1.63;3.5;5.9;1.08;1.44;2.25;4.5;9;7;2.63;1.57;1.17;1.05;2.38;1.54;0;0;0;0;1.13;1.29;2.15;2.25;2.05;5.5;2.02;2.35;5.3;0;0;0;0;0;0;0;0;0;0;0;0;0;0;0;1.5;7.5;3.4;0;0;0;0;0;0;0;0;0;0;1.5;3.5;10;15;2.5;1.29;1.04;1.02;0;0;0;0;1;0;1;0;0;0;1;2018-02-07 00:30:00;2185;1;100;0;0;0;1;1;0;0;4;3;0;7;0;2;4;1;2;5;1;80;74;104;108;1.69;1.51;3.2;0;0;0;0;0;0;1;1;0;0;0;0;0;0;-1;-1;-1;-1;-1;-1;-1;-1;-1;0;0;0;100;100;100;100;0;0;8;3;5;2;Melgar;Santiago Wanderers;0.5;1;1;1;1;1;100;100;100;0;0;0;0;0;0;0;0;1188;2;Y;N;N;N;N;N;N
347130;4359;623;2018;complete;2478;0;-1;6;;1;0;1;3;9;12;4;0;4;4;0;0;3;3;9;4;12;7;22;21;40;60;4;4;1.89;3.4;4.6;1.1;1.5;2.7;5;11;7;2.5;1.5;1.16;1.05;2.2;1.61;2.1;1.66;3.5;1.28;0;0;0;2.54;1.97;5.4;2.44;2.14;4.75;0;0;0;0;1.8;0;0;0;0;1.9;0;0;0;0;0;1.61;7;2.87;2.75;6;0;0;0;0;0;0;0;0;1.53;3.75;11;0;2.43;1.25;1.05;0;0;0;0;0;1;1;0;0;0;0;1;2018-02-07 23:45:00;4359;1;0;0;0;0;1;1;2;5;1;4;7;5;2;3;2;1;5;3;1;52;56;91;106;1.35;1.07;2.41;0;0;0;0;0;0;1;1;1;0;0;2;0;0;-1;-1;-1;-1;-1;-1;-1;-1;-1;0;0;0;0;100;0;0;100;0;6;3;11;1;Nacional;Chapecoense;1.8;0;3;0;3;0;100;100;100;100;0;0;0;0;0;0;0;1188;2;Y;N;N;N;N;N;N
347131;625;2196;2018;complete;2478;0;-1;6,42;;2;0;2;1;7;8;1;5;0;4;1;1;4;4;4;8;8;12;10;16;51;49;2;6;1.65;3.7;5.15;1.05;1.33;1.89;3.5;6.5;9;3.25;1.93;1.29;1.1;1.78;2.01;0;0;0;0;1.17;1.01;2.1;2.2;2.2;5;1.98;2.5;4.9;0;0;0;0;0;0;0;0;0;0;0;0;0;0;0;1.53;11;2.9;0;0;0;0;0;0;0;0;0;0;1.36;3;7.5;17;3;1.36;1.07;1.01;0;0;0;0;2;2;0;0;0;0;2;2018-02-07 23:45:00;625;1;0;0;0;0;1;1;0;4;1;3;4;4;0;3;1;2;3;3;1;38;64;68;74;1.06;1.49;2.56;0;0;0;0;0;0;1;1;1;0;0;0;0;1;-1;-1;-1;-1;-1;-1;-1;-1;-1;0;100;100;100;100;100;100;100;100;3;5;5;4;Vasco da Gama;Univ. Concepción;1.4;0;3;0;3;0;100;0;0;0;0;0;0;0;0;0;0;1188;2;Y;Y;N;N;N;N;N
347132;2133;2847;2018;complete;2478;0;-1;;;0;0;0;4;1;5;1;3;2;2;0;1;3;3;11;3;14;6;17;16;54;46;2;3;1.37;5.2;11.5;1.08;1.39;2.2;3.85;8.4;12;3.4;1.81;1.32;1.12;2.56;1.49;0;0;0;0;1.06;1.18;3.1;1.83;2.3;8;1.67;2.5;8;0;0;0;0;0;0;0;0;0;0;0;0;0;0;0;1.3;10;4.5;0;0;0;0;0;0;0;0;0;0;1.44;3.13;7;17;2.8;1.36;1.07;1.01;0;0;0;0;0;0;0;0;0;0;0;2018-02-09 00:00:00;-1;1;84;0;0;0;1;1;2;0;2;1;2;3;1;1;1;2;2;3;1;67;37;118;92;1.58;0.87;2.45;0;0;0;0;0;0;1;1;0;0;1;0;0;0;-1;-1;-1;-1;-1;-1;-1;-1;-1;67;67;67;84;84;67;84;84;0;5;3;3.33;3.67;Santa Fe;Deportivo Táchira;1.7;0.75;3;0.67;3;0.67;34;34;34;17;17;0;0;0;0;0.97;0.97;1188;4;N;N;N;N;N;N;N
347133;2265;2260;2018;complete;2478;0;-1;22,40;59,84;2;2;4;5;4;9;4;0;3;2;0;0;5;7;7;1;12;8;19;15;38;62;3;2;1.75;3.5;5.4;0;0;2.02;0;0;0;0;1.85;0;0;1.66;2.1;3;1.36;4.33;1.19;0;0;0;2.69;2.11;4.15;2.32;2.48;3.96;0;0;0;0;1.9;0;0;0;0;1.8;0;0;0;0;0;1.66;12;2.37;3.75;6.5;0;0;0;0;0;0;0;0;1.36;2.61;7;19;3;1.47;1.1;1.02;0;0;0;0;4;2;0;0;2;2;2;2018-02-09 00:30:00;-1;1;84;0;50;0;1;1;3;4;2;0;7;2;0;0;3;2;0;5;1;42;54;71;99;1.41;1.39;2.8;0;0;0;0;0;0;1;1;0;0;1;2;0;0;-1;-1;-1;-1;-1;-1;-1;-1;-1;0;17;84;100;100;0;100;100;84;10.67;2;11.67;3;Wilstermann;Oriente Petrolero;1.75;1;3;1;3;1;100;84;17;0;0;0;0;0;0;1.46;1.46;1188;4;Y;Y;Y;Y;N;N;Y
347134;2131;6681;2018;complete;2478;0;-1;30,58,75;44;3;1;4;3;9;12;6;1;3;2;0;0;4;7;6;4;10;11;15;13;54;46;3;2;1.75;3.42;5.6;1.1;1.5;2.64;4.5;10;6.5;2.5;1.52;1.17;1.04;2.46;1.53;1.9;1.8;3.75;1.25;1.01;1.3;2;2.36;1.98;6.3;2.2;2.15;4.8;0;0;0;1.72;0;0;0;0;2;0;0;0;0;0;0;1.6;6.5;3.1;2.5;7.5;0;0;0;0;0;0;0;0;1.51;4.1;12;15;2.49;1.29;1.06;1.02;0;0;0;0;4;1;1;2;0;2;2;2018-02-09 02:15:00;2131;1;0;0;0;0;1;1;3;5;0;4;8;4;0;0;3;2;0;5;1;0;0;0;0;1.43;1.68;3.1;0;0;0;0;0;0;1;1;0;0;0;1;0;0;-1;-1;-1;-1;-1;-1;-1;-1;-1;0;0;0;17;84;0;67;17;17;9.67;4;7.33;1;Junior;Olimpia;1.4;1.75;0;2.33;0;2.33;100;100;100;84;17;67;67;67;0;2.26;2.26;1188;4;Y;Y;Y;Y;N;N;Y
347135;2185;2133;2018;complete;2479;0;-1;87;30,37;1;2;3;4;3;7;0;6;3;2;0;0;2;3;6;5;8;8;10;26;60;40;3;2;3.35;2.85;2.35;1.11;1.64;2.63;5.5;11;6;2.2;1.44;1.13;1.03;2.41;1.55;0;0;0;0;1.57;1.01;1.29;4.25;1.83;3.15;3.45;2.1;2.95;0;0;0;0;0;0;0;0;0;0;0;0;0;0;0;2.05;6;1.75;0;0;0;0;0;0;0;0;0;0;1.68;4.33;14.5;15;2.25;1.2;1.05;1.02;0;0;0;0;3;0;2;1;0;1;2;2018-02-14 00:30:00;2133;1;50;100;0;0;1;1;0;1;4;2;1;6;3;1;0;1;4;1;1;47;26;87;82;0.99;0.91;1.9;0;1;0;1;0;0;1;1;0;0;0;1;1;0;1;18;16;-1;-1;-1;-1;-1;-1;25;25;25;50;75;50;75;25;0;7;3;4;2;Santiago Wanderers;Santa Fe;1;1.7;2;2;2;2;75;75;75;50;25;0;0;0;1.03;1.62;2.65;1188;4;Y;Y;Y;N;N;N;Y
347136;706;4359;2018;complete;2479;0;-1;58,90;50,82;2;2;4;6;3;9;1;3;2;2;0;0;6;4;5;1;11;5;16;16;51;49;2;2;0;0;0;0;0;0;0;0;0;0;0;0;0;2.25;1.57;2.1;1.66;3.25;1.33;0;0;0;0;0;0;2.5;2.09;4.8;0;0;0;0;1.9;0;0;0;0;1.8;0;0;0;0;0;1.66;6;2.75;2.87;5.5;0;0;0;0;0;0;0;0;1.57;4;13;0;2.25;1.22;1.04;0;0;0;0;0;4;0;0;2;2;4;0;2018-02-14 22:00:00;-1;1;50;0;50;0;1;1;1;0;5;3;1;8;1;0;1;2;1;3;1;68;62;114;130;1.61;1.06;2.68;0;0;0;0;0;0;1;1;0;0;0;0;0;0;-1;-1;-1;-1;-1;-1;-1;-1;-1;0;25;25;50;100;25;50;75;50;5;7;8;2;Banfield;Nacional;0.75;1.8;1;3;1;3;100;75;75;50;0;50;25;25;1.53;0.91;2.44;1188;4;Y;Y;Y;Y;N;N;Y
347137;625;2265;2018;complete;2479;0;-1;18,41,88,90;;4;0;4;3;5;8;0;1;2;7;0;0;12;0;10;6;22;6;12;23;65;35;2;7;1.3;4.75;10.25;1.05;1.33;1.98;3.5;6.5;9;3.25;1.83;1.29;1.1;2.52;1.51;1.61;2.2;7;1.1;1.01;1.18;3;1.84;2.25;8.8;1.6;2.82;9.3;0;0;0;0;1.8;0;0;0;0;1.9;0;0;0;0;0;1.31;12;4.9;1.83;15;0;0;0;0;0;0;0;0;1.36;2.75;8.4;17;3;1.4;1.11;1.01;0;0;0;0;4;2;0;2;0;2;2;2018-02-14 23:45:00;625;1;50;0;0;0;1;1;1;1;2;4;2;6;0;3;2;4;3;6;1;54;43;82;70;2.61;0.69;3.3;0;0;0;0;0;0;1;1;0;0;0;0;0;1;-1;-1;-1;-1;-1;-1;-1;-1;-1;0;50;75;100;100;75;100;75;75;6.5;2.5;7;3.25;Vasco da Gama;Wilstermann;1.4;1.75;3;2;3;2;100;50;25;0;0;25;0;0;1.06;1.78;2.84;1188;4;Y;Y;Y;Y;N;N;N
347138;2131;6672;2018;complete;2479;0;-1;81;;1;0;1;11;4;15;2;0;1;3;0;1;10;4;14;4;24;8;14;11;71;29;1;5;1.36;4.33;10;1.07;1.4;2.25;4.33;9;7.5;2.75;1.57;1.2;1.05;2.73;1.44;1.53;2.37;6;1.12;1.01;1.22;2.8;1.91;2.15;8.5;1.75;2.38;7.5;0;0;0;0;0;0;0;0;0;0;0;0;0;0;0;1.25;7.5;5.5;1.8;15;0;0;0;0;0;0;0;0;1.5;3.5;9;15;2.5;1.29;1.05;1.02;0;0;0;0;1;0;0;1;0;1;0;2018-02-15 22:15:00;2131;1;25;50;0;0;1;1;8;3;3;1;11;4;0;2;1;2;2;3;1;84;25;100;74;2.81;0.97;3.78;0;0;0;0;0;0;1;1;0;0;2;0;0;0;-1;-1;-1;-1;-1;-1;-1;-1;-1;25;50;50;50;100;50;100;50;50;8;4.5;6;3;Junior;Guaraní;1.4;1;1.5;1.5;1.5;1.5;75;50;50;50;0;75;75;75;1.43;1;2.43;1188;4;Y;N;N;N;N;N;N
347139;2133;2185;2018;complete;2479;0;-1;19,72,79;;3;0;3;6;5;11;7;2;1;2;0;0;6;2;5;4;11;6;14;9;45;55;1;2;1.38;4.35;8.25;1.06;1.33;2.05;3.75;7.5;9;3.4;1.83;1.29;1.09;2.3;1.57;0;0;0;0;1.06;1.01;2.9;1.95;2.2;7;1.71;2.6;7;0;0;0;0;0;0;0;0;0;0;0;0;0;0;0;1.33;9.5;3.7;0;0;0;0;0;0;0;0;0;0;1.44;3.25;7;17;2.62;1.33;1.08;1.01;0;0;0;0;3;1;0;2;0;2;1;2018-02-21 00:30:00;2133;1;67;0;0;0;1;1;3;4;3;1;7;4;0;0;1;2;0;3;1;60;67;88;101;1.55;1.01;2.56;0;0;0;0;0;0;1;1;0;0;0;0;0;0;-1;-1;-1;-1;-1;-1;-1;-1;-1;17;17;50;67;84;67;84;50;0;7;4;4.34;2.34;Santa Fe;Santiago Wanderers;1.7;1;2.33;1.33;2.33;1.33;84;84;50;33;17;0;0;0;1.58;1.51;3.09;1188;4;Y;Y;Y;N;N;N;N
347140;4359;706;2018;complete;2479;0;-1;90;;1;0;1;7;5;12;3;0;3;3;0;2;6;5;4;2;10;7;14;17;48;52;3;6;2.08;3.15;4.1;0;0;2.56;0;0;0;0;1.55;0;0;2.1;1.66;2.25;1.57;3.25;1.33;0;0;0;2.74;1.93;4.9;2.75;2.11;4;0;0;0;1.8;2;0;0;0;1.9;1.72;0;0;0;0;0;1.8;6.5;2.5;3.39;5;0;0;0;0;0;0;0;0;1.5;3.75;13;0;2.52;1.25;1.04;0;0;0;0;0;1;0;0;1;0;1;0;2018-02-22 00:45:00;4359;1;67;50;50;0;1;1;3;1;4;4;4;8;0;3;3;2;3;5;1;68;56;91;99;1.54;1.21;2.75;0;0;0;0;0;0;1;1;0;0;1;0;0;0;-1;-1;-1;-1;-1;-1;-1;-1;-1;0;50;50;67;100;17;33;84;67;6.34;6;6.66;2.67;Nacional;Banfield;1.8;0.75;2.33;1;2.33;1;100;50;50;34;0;67;17;17;1.35;1.28;2.63;1188;4;Y;N;N;N;N;N;N
347141;2265;625;2018;complete;2479;0;-1;6,7,17,71;;4;0;4;7;2;9;1;1;3;3;0;1;7;2;11;5;18;7;23;14;55;45;3;5;2.05;3.6;3.62;1.04;1.25;1.9;3;5;10;3.75;1.96;1.36;1.14;1.73;2;2.5;1.5;5.5;1.14;1.22;1.29;1.91;2.57;2.19;4.15;2.12;2.55;4;0;0;0;0;2.1;0;0;0;0;1.66;0;0;0;0;0;1.5;12;2.75;3;8.5;0;0;0;0;0;0;0;0;1.41;2.61;6.5;19;2.82;1.47;1.11;1.02;0;0;0;0;4;3;0;1;0;1;3;2018-02-22 00:45:00;2265;1;34;0;0;0;1;1;6;0;1;2;6;3;1;1;2;3;2;5;1;78;40;97;101;2.18;0.88;3.07;0;0;0;0;0;0;1;1;2;0;1;0;0;0;-1;-1;-1;-1;-1;-1;-1;-1;-1;0;67;84;100;100;84;100;84;84;7;2;7.66;3.5;Wilstermann;Vasco da Gama;1.75;1.4;1.33;3;1.33;3;100;33;17;0;0;17;0;0;1.41;1.35;2.76;1188;4;Y;Y;Y;Y;N;N;N
347142;6672;2131;2018;complete;2479;0;-1;;;0;0;0;5;9;14;1;1;2;4;0;0;4;4;6;6;10;10;10;21;52;48;2;4;2.5;3;2.9;1.1;1.5;2.5;4.5;10;6.5;2.5;1.5;1.17;1.04;2.11;1.71;2.5;1.5;2.75;1.39;1.36;1.36;1.5;3.2;1.91;3.6;3;2.1;3.2;0;0;0;1.66;0;0;0;0;2.1;0;0;0;0;0;0;1.9;7;1.9;3.75;4.5;0;0;0;0;0;0;0;0;1.57;3.75;11;15;2.25;1.25;1.05;1.02;0;0;0;0;0;0;0;0;0;0;0;2018-02-23 00:30:00;-1;1;17;0;0;0;1;1;1;5;4;4;6;8;1;3;1;1;4;2;1;67;47;96;89;1.4;1.26;2.65;0;0;0;0;0;0;1;1;0;0;0;0;1;2;-1;-1;-1;-1;-1;-1;-1;-1;-1;17;33;33;33;100;33;67;67;33;10.33;3.66;6;2.34;Guaraní;Junior;1;1.4;1;2;1;2;84;67;67;67;0;84;84;84;1.72;1.69;3.41;1188;4;N;N;N;N;N;N;N
347143;2843;6675;2018;complete;2480;1;-1;;27,53;0;2;2;1;4;5;1;1;4;2;1;0;6;12;6;4;12;16;14;13;49;51;5;2;0;0;0;0;0;0;0;0;0;0;0;0;0;2.1;1.66;3.5;1.28;2.2;1.61;0;0;0;0;0;0;0;0;0;0;0;0;1.72;0;0;0;0;2;0;0;0;0;0;0;2.75;7;1.66;6;3;0;0;0;0;0;0;0;0;1.53;3.5;11;0;2.37;1.28;1.05;0;0;0;0;0;2;0;1;0;1;1;1;2018-02-27 22:15:00;6675;1;0;0;0;0;1;1;1;4;0;0;5;0;2;1;3;1;3;4;1;55;47;121;99;1.59;2.19;3.78;0;0;0;0;0;0;1;1;0;0;0;2;0;0;-1;-1;-1;-1;-1;-1;-1;-1;-1;0;0;0;0;0;0;0;0;0;0;0;0;0;Monagas;Cerro Porteño;0.5;1.86;0;0;0;0;0;0;0;0;0;0;0;0;0;0;0;1188;6;Y;Y;N;N;N;N;N
347144;4361;616;2018;complete;2480;1;-1;85;81;1;1;2;3;3;6;0;1;2;0;0;0;3;8;8;6;11;14;12;10;21;79;2;0;3.1;3.1;2.37;1.11;1.53;2.7;5.5;13;6.5;2.37;1.44;1.14;1.04;2.2;1.61;2.75;1.39;2.5;1.5;1.6;1.38;1.33;4.35;1.84;3.25;3.78;2.14;2.86;0;0;0;1.66;0;0;0;0;2.1;0;0;0;0;0;0;2.37;6.5;1.83;4.5;3.5;0;0;0;0;0;0;0;0;1.57;3.75;13;15;2.25;1.25;1.04;1.02;0;0;0;0;2;0;0;1;1;2;0;2018-02-27 22:15:00;-1;1;0;0;0;0;1;1;0;1;3;2;1;5;0;0;2;0;0;2;1;51;84;69;122;1.27;2.05;3.32;0;0;0;0;0;0;1;1;0;0;0;0;0;0;-1;-1;-1;-1;-1;-1;-1;-1;-1;0;0;0;0;0;0;0;0;0;0;0;0;0;Defensor Sporting;Grêmio;0.67;2.17;0;0;0;0;0;0;0;0;0;0;0;0;0;0;0;1188;6;Y;Y;N;N;N;N;Y
347145;717;613;2018;complete;2480;1;-1;14,45,63,77;30,70;4;2;6;3;3;6;4;1;2;1;1;0;9;7;4;7;13;14;18;9;47;53;4;1;2.24;3.28;3.58;1.07;1.33;2.29;3.75;8;9;3.25;1.7;1.25;1.08;1.95;1.8;2.25;1.57;4.33;1.19;0;0;0;2.85;2.02;4.25;0;0;0;0;0;0;0;2.1;0;0;0;0;1.66;0;0;0;0;0;1.53;9;2.87;2.87;7.5;0;0;0;0;0;0;0;0;1.44;3;9;23;2.75;1.36;1.07;1.01;0;0;0;0;6;2;1;2;1;3;3;2018-02-28 00:30:00;717;1;0;0;0;0;1;1;0;0;3;3;0;6;0;0;3;1;0;4;1;45;49;95;94;1.78;1.73;3.51;0;0;0;0;0;0;1;1;0;0;0;0;0;0;-1;-1;-1;-1;-1;-1;-1;-1;-1;0;0;0;0;0;0;0;0;0;0;0;0;0;Racing Club;Cruzeiro;1.71;1.67;0;0;0;0;0;0;0;0;0;0;0;0;0;0;0;1188;7;Y;Y;Y;Y;Y;Y;Y
347146;2188;2142;2018;complete;2480;1;-1;;67;0;1;1;4;2;6;0;2;3;3;0;0;2;5;7;4;9;9;23;18;54;46;3;3;2.42;3.4;3.3;1.03;1.26;2;3.26;6.5;11;3.86;1.9;1.34;1.1;5.75;1.13;0;0;0;0;1.33;1.33;1.6;2.94;2.1;3.78;2.73;2.34;3.48;0;0;0;0;0;0;0;0;0;0;0;0;0;0;0;1.87;11;2.2;0;0;0;0;0;0;0;0;0;0;1.36;2.75;26;17;3.08;1.4;1.02;1.01;0;0;0;0;1;0;0;0;1;1;0;2018-02-28 00:30:00;2142;1;0;0;0;0;1;1;3;0;1;2;3;3;3;3;0;0;6;0;1;71;33;123;94;1.23;1.17;2.4;0;0;0;0;0;0;1;1;0;0;1;0;1;0;-1;-1;-1;-1;-1;-1;-1;-1;-1;0;0;0;0;0;0;0;0;0;0;0;0;0;Colo-Colo;Atlético Nacional;1.22;1.63;0;0;0;0;0;0;0;0;0;0;0;0;0;0;0;1188;8;Y;N;N;N;N;N;N
347147;4359;709;2018;complete;2480;1;-1;;;0;0;0;11;1;12;0;1;3;2;0;0;3;2;4;2;7;4;14;22;55;45;3;2;2.2;3.25;3.72;0;0;2.4;0;0;0;0;1.64;0;0;2.25;1.57;2.37;1.53;2.62;1.44;0;0;0;2.83;1.99;4.45;0;0;0;0;0;0;0;0;1.9;0;0;0;0;1.8;0;0;0;0;1.95;6;2.37;3.6;4;0;0;0;0;0;0;0;0;1.47;4;13;0;2.65;1.22;1.04;0;0;0;0;0;0;0;0;0;0;0;0;2018-02-28 22:15:00;-1;1;13;0;0;0;1;1;5;0;6;1;5;7;0;1;3;1;1;4;1;73;29;100;99;1.19;0.62;1.81;0;0;0;0;0;0;1;1;0;0;2;0;0;0;-1;-1;-1;-1;-1;-1;-1;-1;-1;0;13;13;13;50;0;13;38;13;3.75;3;3.25;0.88;Nacional;Estudiantes;1.8;1.38;2.5;0;2.5;0;50;38;38;38;0;38;25;25;1.44;0;1.44;1188;8;N;N;N;N;N;N;N
347148;4324;2267;2018;complete;2480;1;-1;45;19;1;1;2;4;1;5;1;2;1;5;0;0;6;4;4;5;10;9;21;14;51;49;1;5;1.9;3.45;4.65;1.08;1.36;2.38;4;9;8;3;1.65;1.22;1.07;1.95;1.8;2.37;1.53;3.75;1.25;0;0;0;2.49;2.04;5.3;0;0;0;0;0;0;0;0;2;0;0;0;0;1.72;0;0;0;0;1.61;8;2.75;3;6.5;0;0;0;0;0;0;0;0;1.46;3.25;10;26;2.68;1.33;1.06;1.01;0;0;0;0;2;1;1;0;0;0;2;2018-03-01 00:45:00;-1;1;0;0;0;0;1;1;2;1;2;0;3;2;0;3;1;2;3;3;1;77;62;81;110;1.6;1.31;2.91;0;0;0;0;0;0;1;1;0;0;0;0;0;0;-1;-1;-1;-1;-1;-1;-1;-1;-1;0;0;0;0;0;0;0;0;0;0;0;0;0;Delfin SC;Bolívar;1.17;1.33;0;0;0;0;0;0;0;0;0;0;0;0;0;0;0;1188;6;Y;Y;N;N;N;N;Y
347149;2136;624;2018;complete;2480;1;-1;;;0;0;0;7;5;12;6;0;3;3;0;0;3;2;11;4;14;6;25;12;55;45;3;3;2.4;3.16;3.36;1.11;1.64;2.55;7.2;14.5;6.1;2.26;1.58;1.1;1.01;2.52;1.51;2.2;1.61;2.62;1.44;1.01;1.36;1.62;3.1;1.94;4.1;2.6;2.16;3.9;0;0;0;0;1.72;2;0;0;0;2;1.72;0;0;0;0;1.85;5.8;2.45;3.25;4.33;0;0;0;0;0;0;0;0;1.51;4.33;12;15;2.53;1.2;1.02;1.02;0;0;0;0;0;0;0;0;0;0;0;2018-03-01 00:45:00;-1;1;0;0;0;0;1;1;2;0;5;5;2;10;0;1;3;2;1;5;1;88;51;116;86;1.73;0.89;2.62;0;0;0;0;0;0;1;1;0;0;1;0;0;0;-1;-1;-1;-1;-1;-1;-1;-1;-1;0;0;0;0;0;0;0;0;0;0;0;0;0;Millonarios;Corinthians;1.33;1.43;0;0;0;0;0;0;0;0;0;0;0;0;0;0;0;1188;6;N;N;N;N;N;N;N
347150;612;718;2018;complete;2480;1;-1;54,66;55,87;2;2;4;3;2;5;3;0;4;3;0;0;6;5;4;6;10;11;14;25;56;44;4;3;2.14;3.35;4.1;1.06;1.38;2.47;4.55;9.4;8.3;3.05;1.61;1.2;1.05;2.15;1.68;2.25;1.57;3.5;1.28;1.29;1.35;1.7;2.7;1.99;4.8;2.5;2.1;4;0;0;0;0;0;1.83;0;0;0;0;1.83;0;0;0;0;1.66;7;2.62;3.1;6;0;0;0;0;0;0;0;0;1.47;3.5;8.5;4.1;2.65;1.29;1.05;1.2;0;0;0;0;4;0;0;2;2;4;0;2018-03-01 00:45:00;-1;1;0;0;0;0;1;1;1;0;2;2;1;4;0;1;4;2;1;6;1;51;45;91;96;1.42;1.38;2.8;1;0;1;0;0;0;1;1;0;0;1;0;0;0;-1;-1;-1;-1;-1;-1;-1;-1;-1;0;0;0;0;0;0;0;0;0;0;0;0;0;Flamengo;River Plate;1.43;1.85;0;0;0;0;0;0;0;0;0;0;0;0;0;0;0;1188;7;Y;Y;Y;Y;N;N;Y
347151;2806;611;2018;complete;2480;1;-1;8,89;;2;0;2;12;1;13;1;2;1;3;0;0;10;2;13;5;23;7;16;7;40;60;1;3;2.16;3.1;3.2;1.06;1.35;2.14;2.18;3.9;2.84;2.84;1.58;1.18;1.06;2;1.73;3;1.36;3;1.36;1.33;1.01;1.6;2.91;2.05;4;2.6;2.15;3.7;0;0;0;0;1.72;0;0;0;0;2;0;0;0;0;0;1.75;7.5;2.38;4.33;4.33;0;0;0;0;0;0;0;0;1.42;3.25;7.5;13;2.83;1.33;1.06;1.02;0;0;0;0;2;1;0;1;0;1;1;2018-03-01 22:15:00;2806;1;0;0;0;0;1;1;6;0;6;1;6;7;1;2;0;1;3;1;1;82;47;96;73;2.73;0.92;3.65;0;0;0;0;0;0;1;1;1;0;1;0;0;0;-1;-1;-1;-1;-1;-1;-1;-1;-1;0;0;0;0;0;0;0;0;0;0;0;0;0;Real Garcilaso;Santos;1;1.5;0;0;0;0;0;0;0;0;0;0;0;0;0;0;0;1188;6;Y;Y;N;N;N;N;N
347152;2856;702;2018;complete;2480;1;-1;11;;1;0;1;4;10;14;3;0;4;2;0;0;4;6;9;12;13;18;19;14;36;64;4;2;6.5;3.4;1.58;1.03;1.42;2.25;3.8;7.5;7.5;2.65;1.57;1.22;1.05;2.44;1.54;4.33;1.19;1.8;1.9;2.2;1.29;1.12;6;2;2.25;5.5;2.25;2.05;0;0;0;1.72;0;0;0;0;2;0;0;0;0;0;0;3.75;7.5;1.39;8.5;2.2;0;0;0;0;0;0;0;0;1.5;3.5;11;26;2.5;1.28;1.05;1.01;0;0;0;0;1;1;0;0;0;0;1;2018-03-01 22:15:00;2856;1;0;0;0;0;1;1;2;5;2;5;7;7;1;0;3;2;1;5;1;57;97;88;123;1.51;2.25;3.76;0;0;0;0;0;0;1;1;0;0;0;0;0;0;-1;-1;-1;-1;-1;-1;-1;-1;-1;0;0;0;0;0;0;0;0;0;0;0;0;0;Deportivo Lara;Independiente;1;1.3;0;0;0;0;0;0;0;0;0;0;0;0;0;0;0;1188;6;Y;N;N;N;N;N;N
347153;2133;4326;2018;complete;2480;1;-1;42;57;1;1;2;11;5;16;1;2;2;2;0;0;7;2;7;4;14;6;13;14;49;51;2;2;1.91;3.3;4.9;1.13;1.56;2.74;5.6;13.5;8.2;2.72;1.56;1.21;1.07;2.2;1.62;0;0;0;0;1.2;1.01;1.83;2.71;1.97;4.9;2.25;2.25;4.5;0;0;0;0;0;0;0;0;0;0;0;0;0;0;0;1.65;7;2.7;0;0;0;0;0;0;0;0;0;0;1.52;3.5;8;15;2.5;1.29;1.05;1.02;0;0;0;0;2;1;0;0;1;1;1;2018-03-01 22:15:00;-1;1;25;0;0;0;1;1;5;2;6;3;7;9;1;1;1;1;2;2;1;70;41;128;112;1.89;0.83;2.72;0;0;0;0;0;0;1;1;0;0;0;0;0;0;-1;-1;-1;-1;-1;-1;-1;-1;-1;13;13;38;38;38;25;38;38;13;3.75;4;1.5;1.38;Santa Fe;CS Emelec;1.7;0.17;2.5;0;2.5;0;38;38;13;13;13;13;13;13;1.57;0;1.57;1188;6;Y;Y;N;N;N;N;Y
347154;2811;705;2018;complete;2480;1;-1;;;0;0;0;1;7;8;3;2;2;2;0;0;2;5;5;13;7;18;12;11;39;61;2;2;11.5;5;1.38;1.05;1.36;2.27;4.05;8.3;9.1;3.14;1.71;1.24;1.06;2.5;1.5;6;1.12;1.57;2.25;2.6;1.22;1.01;9.7;2.29;1.85;5.75;2.43;1.9;0;0;0;1.72;1.9;0;0;0;2;1.8;0;0;0;0;0;5;8;1.25;15;1.83;0;0;0;0;0;0;0;0;1.4;3.25;7.5;26;2.91;1.33;1.06;1.01;0;0;0;0;0;0;0;0;0;0;0;2018-03-02 00:30:00;-1;1;0;0;0;0;1;1;0;3;1;4;3;5;0;2;2;0;2;2;1;48;66;89;91;0.94;1.96;2.89;0;0;0;0;0;0;1;1;0;0;0;0;0;0;-1;-1;-1;-1;-1;-1;-1;-1;-1;0;0;0;0;0;0;0;0;0;0;0;0;0;Alianza Lima;Boca Juniors;0.17;1.62;0;0;0;0;0;0;0;0;0;0;0;0;0;0;0;1188;6;N;N;N;N;N;N;N
347155;2131;619;2018;complete;2480;1;-1;;19,52,71;0;3;3;5;4;9;3;1;1;2;1;0;5;4;4;10;9;14;8;17;47;53;3;2;2.3;3.1;3.2;1.07;1.4;2.52;4.7;9.8;8;2.96;1.59;1.19;1.04;2;1.73;2.62;1.44;3.25;1.33;1.3;1.36;1.57;2.9;2;3.75;2.55;2.18;3.9;0;0;0;1.72;1.9;0;0;0;2;1.8;0;0;0;0;0;1.8;7.5;2.29;3.6;5;0;0;0;0;0;0;0;0;1.54;3.5;11;15;2.45;1.29;1.05;1.02;0;0;0;0;3;0;1;0;2;2;1;2018-03-02 00:30:00;619;1;13;25;0;0;1;1;4;2;1;2;6;3;2;2;0;0;4;0;1;32;34;57;65;1.15;1.41;2.55;1;0;0;0;1;0;1;1;0;0;2;0;1;0;-1;-1;-1;-1;-1;-1;-1;-1;-1;0;13;13;13;38;13;25;25;13;6.75;2.75;3;0.75;Junior;Palmeiras;1.4;2.36;1.75;0;1.75;0;50;38;38;38;13;50;50;50;2.12;0;2.12;1188;10;Y;Y;Y;N;N;N;N
347156;722;6674;2018;complete;2480;1;-1;;64,79;0;2;2;6;7;13;1;3;1;0;0;0;4;5;7;3;11;8;14;10;59;41;1;0;2.27;3.1;3.74;1.08;1.47;2.71;5.3;11;7.2;2.69;1.53;1.16;1.03;2.1;1.67;2.25;1.57;3.25;1.33;1.25;1.36;1.01;2.99;1.9;4.55;2.52;2.19;4.4;0;0;0;1.8;0;0;0;0;1.9;0;0;0;0;0;0;1.83;7.2;2.52;3.25;5.5;0;0;0;0;0;0;0;0;1.54;3.5;13.5;15;2.45;1.29;1.06;1.02;0;0;0;0;2;0;0;0;2;2;0;2018-03-13 22:15:00;6674;1;0;0;0;0;1;1;2;2;4;5;4;9;1;0;0;0;1;0;1;77;45;108;85;1.53;1.19;2.72;0;0;0;0;0;0;1;1;0;0;1;1;0;0;-1;-1;-1;-1;-1;-1;-1;-1;-1;0;0;0;0;0;0;0;0;0;0;0;0;0;Atlético Tucumán;Libertad;1.3;1.86;0;0;0;0;0;0;0;0;0;0;0;0;0;0;0;1188;7;Y;Y;N;N;N;N;N
347157;625;2189;2018;complete;2480;1;-1;;77;0;1;1;2;0;2;1;0;2;1;0;0;3;6;8;4;11;10;19;19;57;43;2;1;2;3.4;4.6;1.05;1.33;2.27;3.96;8.3;9.1;3.3;1.71;1.25;1.06;2;1.73;2.25;1.57;3.75;1.25;1.29;1.33;1.67;2.57;2.05;4.9;1.97;2.41;6.3;0;0;0;1.8;0;0;0;0;1.9;0;0;0;0;0;0;1.68;9.1;2.66;3;6.5;0;0;0;0;0;0;0;0;1.47;3.05;8.2;26;2.65;1.37;1.06;1.01;0;0;0;0;1;0;0;0;1;1;0;2018-03-14 00:30:00;2189;1;0;0;0;0;1;1;0;0;2;0;0;2;1;0;1;1;1;2;1;29;20;57;38;1.11;1.19;2.3;0;0;0;0;0;0;1;1;0;0;0;0;0;0;-1;-1;-1;-1;-1;-1;-1;-1;-1;0;38;38;50;50;50;50;38;25;1.75;0.5;3;1.75;Vasco da Gama;Universidad Chile;1.4;0.83;2.25;0;2.25;0;50;13;13;0;0;13;0;0;1.83;0;1.83;1188;6;Y;N;N;N;N;N;N
347158;6675;4361;2018;complete;2480;2;-1;9,90;47;2;1;3;7;3;10;1;0;3;3;0;0;6;4;13;5;19;9;16;18;65;35;3;3;1.65;3.5;5.5;1.07;1.46;2.67;5.1;11.5;7.7;2.72;1.54;1.17;1.03;2.38;1.53;1.83;1.83;3.75;1.25;1.08;1.25;2.35;2.63;1.98;5.1;1.94;2.4;6.7;0;0;0;0;2;0;0;0;0;1.72;0;0;0;0;0;1.54;7.3;3.4;2.37;7;0;0;0;0;0;0;0;0;1.52;3.25;12;17;2.5;1.33;1.06;1.01;0;0;0;0;3;1;0;1;1;2;1;2018-03-14 00:30:00;6675;1;50;0;0;0;1;1;4;2;3;1;6;4;1;2;2;1;3;3;1;35;27;52;42;1.86;1.04;2.9;0;0;0;0;0;0;1;1;1;0;2;0;0;0;-1;-1;-1;-1;-1;-1;-1;-1;-1;0;0;0;100;100;0;50;100;50;7;1;4;2;Cerro Porteño;Defensor Sporting;1.86;0.67;3;1;3;1;100;100;100;0;0;0;0;0;0;0;0;1188;6;Y;Y;Y;N;N;N;Y
347159;2267;2188;2018;complete;2480;2;-1;38;43;1;1;2;5;3;8;3;0;2;4;0;0;5;4;11;2;16;6;15;13;70;30;2;4;1.55;4.4;6.3;1.07;1.32;1.92;3.35;7.2;14;4;2.06;1.4;1.15;1.91;1.8;2.2;1.61;6;1.12;1.12;1.22;2.4;2;2.38;6.2;1.66;2.8;6.5;0;0;0;1.83;2.1;0;0;0;1.83;1.66;0;0;0;0;0;1.44;12;3.25;2.5;10;0;0;0;0;0;0;0;0;1.33;2.68;8;15;3.25;1.46;1.12;1.02;0;0;0;0;2;1;1;0;0;0;2;2018-03-14 22:15:00;-1;1;50;0;0;0;1;1;2;1;3;2;3;5;0;1;2;3;1;5;1;54;22;72;65;1.74;0.83;2.57;1;0;1;0;0;0;1;1;0;0;0;0;0;0;-1;-1;-1;-1;-1;-1;-1;-1;-1;0;0;0;50;100;50;50;50;0;5;2;8;1.5;Bolívar;Colo-Colo;1.33;1.22;1;0;1;0;100;100;100;50;0;0;0;0;0;0;0;1188;6;Y;Y;N;N;N;N;Y
347160;709;2806;2018;complete;2480;2;-1;53,75,87;;3;0;3;6;1;7;1;1;1;1;0;0;10;3;14;3;24;6;11;11;61;39;1;1;1.24;6.2;16;1.06;1.3;1.9;3.3;6.6;16;4.1;2.08;1.42;1.16;2.63;1.44;1.53;2.37;10;1.06;1.03;1.13;4;1.62;2.61;12.5;1.38;3.3;11;0;0;0;0;2.1;0;0;0;0;1.66;0;0;0;0;0;1.25;13;5.5;1.66;21;0;0;0;0;0;0;0;0;1.29;2.5;7.2;15;3.5;1.5;1.12;1.02;0;0;0;0;3;0;0;3;0;3;0;2018-03-14 22:15:00;709;1;0;0;0;0;1;1;3;0;3;1;3;4;0;0;1;1;0;2;1;63;28;101;69;2.66;0.8;3.46;1;0;1;0;0;0;1;1;0;0;1;0;0;0;-1;-1;-1;-1;-1;-1;-1;-1;-1;0;0;0;50;50;0;50;50;0;13;2;3;1;Estudiantes;Real Garcilaso;1.38;1;1;3;1;3;100;100;100;50;50;100;100;100;0;0;0;1188;6;Y;Y;Y;N;N;N;N
347161;4326;612;2018;complete;2480;2;-1;65;78,85;1;2;3;7;6;13;0;0;5;3;0;0;5;8;7;13;12;21;20;18;50;50;5;3;2.04;3.65;4.1;1.08;1.4;2.2;4;8;7;2.75;1.62;1.22;1.06;1.91;1.8;2.25;1.57;4;1.22;1.25;1.01;1.73;2.59;2.03;4.95;2.8;2.15;3.25;0;0;0;0;1.9;0;0;0;0;1.8;0;0;0;0;0;1.65;8;2.6;3;6.5;0;0;0;0;0;0;0;0;1.44;3.5;9.8;21;2.63;1.29;1.08;1.01;0;0;0;0;3;0;0;1;2;3;0;2018-03-15 00:45:00;612;1;100;0;0;0;1;1;4;5;3;1;9;4;1;2;4;1;3;5;1;77;60;92;85;1.66;2.31;3.97;0;0;0;0;0;0;1;1;0;0;0;1;0;0;-1;-1;-1;-1;-1;-1;-1;-1;-1;0;50;50;100;100;0;50;100;50;8;5;6;3;CS Emelec;Flamengo;0.17;1.43;1;1;1;1;100;50;50;0;0;50;50;50;0;0;0;1188;6;Y;Y;Y;N;N;N;Y
347162;2142;4324;2018;complete;2480;2;-1;32,46,53,56;;4;0;4;4;0;4;0;0;1;5;0;1;8;3;9;3;17;6;17;15;82;18;1;6;1.45;4.1;8;1.05;1.34;2.25;3.96;8;8.9;3.26;1.72;1.25;1.07;7;1.09;0;0;0;0;1.03;1.15;1.01;1.91;2.2;8;1.49;2.85;11;0;0;0;0;0;0;0;0;0;0;0;0;0;0;0;1.35;8.5;3.7;0;0;0;0;0;0;0;0;0;0;1.42;3;9.2;17;2.83;1.38;1.09;1.01;0;0;0;0;4;1;0;3;0;3;1;2018-03-15 00:45:00;2142;1;50;0;0;0;1;1;2;0;2;0;2;2;1;4;0;2;5;2;1;68;24;105;59;2.12;0.77;2.89;1;0;1;0;0;0;1;1;0;0;0;0;0;0;-1;-1;-1;-1;-1;-1;-1;-1;-1;0;0;0;50;100;50;50;50;0;6;3;4;1.5;Atlético Nacional;Delfin SC;1.63;1.17;3;1;3;1;100;100;100;50;0;0;0;0;0;0;0;1188;6;Y;Y;Y;Y;N;N;N
347163;624;2856;2018;complete;2480;2;-1;65,77;;2;0;2;9;2;11;1;2;1;2;0;0;8;2;5;3;13;5;11;13;68;32;1;2;1.35;5;11;1.05;1.25;1.8;3;5.5;9;3.75;1.91;1.36;1.13;2.38;1.53;1.72;2;7;1.1;1.02;1.12;1.01;1.76;2.45;9.6;1.44;3;10;0;0;0;0;2;0;0;0;0;1.72;0;0;0;0;0;1.33;11;4.33;1.95;13;0;0;0;0;0;0;0;0;1.36;2.71;7.6;15;3;1.45;1.12;1.02;0;0;0;0;2;0;0;2;0;2;0;2018-03-15 00:45:00;624;1;0;0;0;0;1;1;5;1;4;1;6;5;0;1;1;1;1;2;1;87;21;117;73;2.01;0.62;2.63;0;0;0;0;0;0;1;1;0;0;1;0;0;1;-1;-1;-1;-1;-1;-1;-1;-1;-1;0;0;0;0;50;0;50;0;0;9;3;7;0.5;Corinthians;Deportivo Lara;1.43;1;1;3;1;3;100;100;100;100;50;100;100;100;0;0;0;1188;6;Y;Y;N;N;N;N;N
347164;2257;4358;2018;complete;2480;1;-1;20;;1;0;1;2;0;2;4;0;3;3;0;0;5;2;9;3;14;5;18;11;59;41;3;3;1.4;4.33;8;1.04;1.25;1.8;3;5;10;3.75;1.91;1.36;1.14;2;1.73;1.9;1.8;7;1.1;1.01;1.18;2.88;1.83;2.38;6.5;1.7;2.6;6.5;0;0;0;1.72;2;0;0;0;2;1.72;0;0;0;0;0;1.4;13;3.6;2.2;15;0;0;0;0;0;0;0;0;1.33;2.61;6.5;19;3.25;1.48;1.08;1.02;0;0;0;0;1;1;0;0;0;0;1;2018-03-15 22:15:00;2257;1;0;0;0;0;1;1;1;0;1;0;1;1;0;2;3;1;2;4;1;57;38;104;98;1.65;0.75;2.39;0;0;0;0;0;0;1;1;0;0;0;0;0;0;-1;-1;-1;-1;-1;-1;-1;-1;-1;0;0;0;0;0;0;0;0;0;0;0;0;0;The Strongest;Peñarol;0.5;1.5;0;0;0;0;0;0;0;0;0;0;0;0;0;0;0;1188;6;Y;N;N;N;N;N;N
347165;611;4359;2018;complete;2480;2;-1;20,48,83;82;3;1;4;2;7;9;1;1;4;5;1;0;5;5;1;15;6;20;15;14;40;60;5;5;2.1;3.2;3.6;1.1;1.5;2.39;5;11;7;2.5;1.53;1.16;1.05;2.1;1.66;2.25;1.57;3.25;1.33;0;0;0;0;0;0;0;0;0;0;0;0;0;2;0;0;0;0;1.72;0;0;0;0;0;1.72;7;2.62;3.1;5.5;0;0;0;0;0;0;0;0;1.57;3.75;11;0;2.25;1.25;1.05;0;0;0;0;0;4;1;0;2;1;3;1;2018-03-15 22:15:00;611;1;10;0;25;0;1;1;0;3;2;4;3;6;4;4;1;1;8;2;1;46;84;95;104;1.07;2.21;3.28;1;0;0;0;1;0;1;1;0;0;0;2;0;0;-1;-1;-1;-1;-1;-1;-1;-1;-1;0;10;10;60;90;0;60;80;10;6.2;4.4;6.2;1.7;Santos;Nacional;1.5;1.8;0;2.2;0;2.2;100;90;90;40;10;90;80;80;0;0.99;0.99;1188;8;Y;Y;Y;Y;N;N;Y
347166;702;2136;2018;complete;2480;2;-1;24;;1;0;1;7;5;12;1;2;2;1;0;0;5;3;9;3;14;6;15;20;57;43;2;1;1.35;4.45;8.6;1.06;1.3;2;3.39;6.5;10;3.39;1.9;1.3;1.11;2.25;1.62;1.72;2;6.5;1.11;1.03;1.1;2.8;1.89;2.34;8.19;0;0;0;0;0;0;1.72;0;0;0;0;2;0;0;0;0;0;0;1.28;10;4.33;2;15;0;0;0;0;0;0;0;0;1.39;2.75;8;21;2.75;1.39;1.08;1.01;0;0;0;0;1;1;0;0;0;0;1;2018-03-16 00:30:00;702;1;0;0;0;0;1;1;3;3;4;2;6;6;0;1;2;0;1;2;1;61;59;110;95;1.68;1.02;2.7;0;0;0;0;0;0;1;1;0;0;1;1;0;0;-1;-1;-1;-1;-1;-1;-1;-1;-1;0;0;0;0;50;0;50;0;0;17;6;5;0.5;Independiente;Millonarios;1.3;1.33;0;1;0;1;100;100;100;100;50;100;100;100;0;0;0;1188;6;Y;N;N;N;N;N;N
347167;6674;2257;2018;complete;2480;2;-1;59,66,90;;3;0;3;4;1;5;1;2;0;2;0;1;7;2;6;5;13;7;18;14;56;44;0;3;1.43;4.35;9.8;1.05;1.35;2.3;4.2;8.3;9.2;3.2;1.69;1.23;1.06;2.38;1.53;1.8;1.9;5.5;1.14;1.07;1.22;2.7;1.91;2.24;9.1;1.73;2.53;9.3;0;0;0;1.72;1.9;0;0;0;2;1.8;0;0;0;0;0;1.36;9.1;4.25;2.1;12;0;0;0;0;0;0;0;0;1.43;3.25;8;23;2.79;1.33;1.06;1.01;0;0;0;0;3;0;0;3;0;3;0;2018-04-03 22:15:00;6674;1;0;0;0;0;1;1;3;1;1;0;4;1;0;2;0;1;2;1;1;67;40;107;102;1.8;0.88;2.68;0;0;0;0;0;0;1;1;0;0;0;0;0;0;-1;-1;-1;-1;-1;-1;-1;-1;-1;0;0;0;50;100;0;50;50;50;9;7;3;1.5;Libertad;The Strongest;1.86;0.5;3;3;3;3;100;100;100;50;0;50;50;50;0;0;0;1188;6;Y;Y;Y;N;N;N;N
347168;2806;4359;2018;complete;2480;3;-1;;;0;0;0;6;1;7;0;0;2;4;0;0;4;6;17;7;21;13;12;11;62;38;2;4;2.04;3.1;4;1.11;1.5;2.7;5.5;13;6.5;2.5;1.44;1.14;1.04;2.2;1.61;2.1;1.66;3.25;1.33;0;0;0;0;0;0;0;0;0;0;0;0;0;2;0;0;0;0;1.72;0;0;0;0;0;1.66;6.5;2.75;3;5.5;0;0;0;0;0;0;0;0;1.57;3.75;13;0;2.25;1.25;1.04;0;0;0;0;0;0;0;0;0;0;0;0;2018-04-03 22:15:00;-1;1;17;0;34;0;1;1;3;1;3;0;4;3;2;2;0;2;4;2;1;76;34;106;86;2.15;1.49;3.64;0;0;0;0;0;0;1;1;0;0;0;1;0;0;-1;-1;-1;-1;-1;-1;-1;-1;-1;0;17;42;67;92;0;42;84;42;12;3.17;4.5;2.17;Real Garcilaso;Nacional;1;1.8;1.5;1.83;1.5;1.83;100;84;59;34;9;67;50;50;2.73;1.39;4.12;1188;6;N;N;N;N;N;N;N
347169;619;2811;2018;complete;2480;2;-1;10,46;;2;0;2;5;0;5;2;2;1;1;0;0;6;2;11;5;17;7;18;13;62;38;1;1;1.19;7;21;1.02;1.18;1.69;2.63;4.8;13;4.85;2.3;1.49;1.17;2.63;1.44;1.5;2.5;13;1.04;1.02;1.1;5;1.53;2.79;14.5;1.5;3.25;9.4;0;0;0;0;1.9;0;0;0;0;1.8;0;0;0;0;0;1.18;15;6;1.61;26;0;0;0;0;0;0;0;0;1.29;2.4;5.8;13;3.5;1.56;1.08;1.04;0;0;0;0;2;1;0;1;0;1;1;2018-04-04 00:30:00;619;1;0;0;0;0;1;1;3;0;2;0;3;2;0;1;1;0;1;1;1;74;33;101;98;2.02;0.83;2.86;0;0;0;0;0;0;1;1;1;0;0;0;0;0;-1;-1;-1;-1;-1;-1;-1;-1;-1;0;0;50;50;50;0;50;50;50;5;4;4;1.5;Palmeiras;Alianza Lima;2.36;0.17;3;1;3;1;100;100;50;50;50;50;0;0;0;0;0;1188;6;Y;Y;N;N;N;N;N
347170;2189;717;2018;complete;2480;2;-1;10;23;1;1;2;5;3;8;3;0;4;5;0;1;6;5;3;5;9;10;15;21;47;53;4;6;3.39;3.2;2.2;1.05;1.25;1.93;3.25;6;11;3.75;1.93;1.33;1.12;1.66;2.1;4;1.22;3;1.36;0;0;0;0;0;0;0;0;0;0;0;0;1.8;0;0;0;0;1.9;0;0;0;0;0;0;2.29;11;1.72;6;4;0;0;0;0;0;0;0;0;1.36;2.75;7;21;3;1.39;1.1;1.01;0;0;0;0;2;1;1;0;0;0;2;2018-04-04 00:30:00;-1;1;50;0;0;0;1;1;1;1;4;2;2;6;4;2;0;4;6;4;1;50;44;88;110;1.35;1.31;2.67;0;0;0;0;0;0;1;1;1;0;1;0;1;1;-1;-1;-1;-1;-1;-1;-1;-1;-1;50;50;50;50;100;50;50;100;50;3;4;5;3.5;Universidad Chile;Racing Club;0.83;1.71;3;3;3;3;50;50;50;50;0;0;0;0;0;0;0;1188;6;Y;Y;N;N;N;N;Y
347171;4358;722;2018;complete;2480;2;-1;11,50,83;65;3;1;4;2;6;8;1;2;2;5;0;0;6;5;5;4;11;9;23;23;46;54;2;5;1.78;3.46;5.04;1.06;1.39;2.43;4.4;9.4;8.4;3;1.63;1.21;1.05;2.1;1.67;1.9;1.8;4;1.22;1.25;1.25;1.6;2.39;2.01;5.43;2.38;2.15;4.2;0;0;0;1.72;0;0;0;0;2;0;0;0;0;0;0;1.5;7.5;3.25;2.5;8;0;0;0;0;0;0;0;0;1.47;3.5;8;26;2.65;1.29;1.05;1.01;0;0;0;0;4;1;0;2;1;3;1;2018-04-04 22:15:00;4358;1;0;0;0;0;1;1;2;3;0;3;5;3;1;3;1;2;4;3;1;56;50;111;108;1.53;1.29;2.82;1;1;1;1;0;0;1;1;0;0;1;1;0;0;-1;-1;-1;-1;-1;-1;-1;-1;-1;0;0;0;50;100;0;50;50;50;6;1;4;1.5;Peñarol;Atlético Tucumán;1.5;1.3;0;0;0;0;100;100;100;50;0;50;50;50;0;0;0;1188;6;Y;Y;Y;Y;N;N;Y
347172;616;2843;2018;complete;2480;2;-1;51,61,87,90;;4;0;4;6;1;7;3;1;1;1;0;0;16;3;13;4;29;7;7;15;67;33;1;1;1.11;8;23;1.03;1.12;1.39;2.1;3.5;15;6;2.87;1.66;1.28;2.75;1.39;1.44;2.62;13;1.04;0;0;0;0;0;0;0;0;0;0;0;0;1.83;0;0;0;0;1.83;0;0;0;0;0;0;1.1;15;7.5;1.5;34;0;0;0;0;0;0;0;0;1.22;2;4.33;11;4;1.72;1.19;1.05;0;0;0;0;4;0;0;4;0;4;0;2018-04-04 22:15:00;616;1;50;0;0;0;1;1;2;1;4;0;3;4;1;1;0;0;2;0;1;80;39;101;92;3.51;0.94;4.45;0;0;0;0;0;0;1;1;0;0;0;0;0;0;-1;-1;-1;-1;-1;-1;-1;-1;-1;0;0;0;100;100;0;50;100;50;4;2;5;2;Grêmio;Monagas;2.17;0.5;1;0;1;0;100;100;100;0;0;0;0;0;0;0;0;1188;6;Y;Y;Y;Y;N;N;N
347173;705;2131;2018;complete;2480;2;-1;28;;1;0;1;3;4;7;1;2;2;2;0;0;6;5;10;8;16;13;15;15;47;53;2;2;1.57;4.06;6.07;1.03;1.3;1.95;3.2;5.75;9;3.2;1.86;1.3;1.1;2;1.73;2.2;1.61;5;1.16;1.03;1.1;2.8;2.03;2.23;6.31;1.74;2.65;6.25;0;0;0;1.83;0;0;0;0;1.83;0;0;0;0;0;0;1.44;10;3.1;2.6;8.5;0;0;0;0;0;0;0;0;1.4;2.79;7.5;23;2.75;1.43;1.07;1.01;0;0;0;0;1;1;0;0;0;0;1;2018-04-05 00:45:00;705;1;10;0;0;0;1;1;2;4;1;0;6;1;0;1;2;1;1;3;1;63;52;86;89;1.88;1.55;3.43;1;0;0;0;1;0;1;1;0;0;1;0;0;0;-1;-1;-1;-1;-1;-1;-1;-1;-1;0;10;20;20;40;10;30;30;20;13.4;4.8;5;0.9;Boca Juniors;Junior;1.62;1.4;1;1.4;1;1.4;100;90;80;80;60;50;40;40;0;1.47;1.47;1188;10;Y;N;N;N;N;N;N
347174;613;625;2018;complete;2480;2;-1;;;0;0;0;5;10;15;2;0;1;0;0;0;5;3;9;7;14;10;13;11;52;48;1;0;1.55;3.95;6.65;1.03;1.32;1.99;3.3;8;8;3.38;1.79;1.28;1.07;2.1;1.67;1.83;1.83;5.5;1.14;1.1;1.25;2.05;2.09;2.13;6.56;1.89;2.43;5.8;0;0;0;1.66;0;0;0;0;2.1;0;0;0;0;0;0;1.36;8.5;3.75;2.2;11;0;0;0;0;0;0;0;0;1.44;3;7.5;23;2.63;1.38;1.06;1.01;0;0;0;0;0;0;0;0;0;0;0;2018-04-05 00:45:00;-1;1;50;0;0;0;1;1;4;6;1;4;10;5;0;0;1;0;0;1;1;69;55;107;99;1.73;1.24;2.98;0;0;0;0;0;0;1;1;0;0;2;0;0;0;-1;-1;-1;-1;-1;-1;-1;-1;-1;50;80;80;90;100;90;90;90;70;4.8;1.6;3.8;4.5;Cruzeiro;Vasco da Gama;1.67;1.4;0;1.8;0;1.8;50;20;20;10;0;10;0;0;0;1.12;1.12;1188;9;N;N;N;N;N;N;N
347175;718;2133;2018;complete;2480;2;-1;;;0;0;0;5;7;12;0;5;2;4;0;0;6;2;12;3;18;5;19;25;71;29;2;4;1.3;5.5;12.5;1.06;1.36;2.16;4;7;8;3;1.78;1.22;1.08;2.25;1.57;0;0;0;0;1.08;1.22;2.7;1.89;2.28;8.8;1.75;2.4;7;0;0;0;0;0;0;0;0;0;0;0;0;0;0;0;1.36;9;4.25;0;0;0;0;0;0;0;0;0;0;1.39;3.5;8.5;17;2.95;1.29;1.05;1.01;0;0;0;0;0;0;0;0;0;0;0;2018-04-05 22:15:00;-1;1;80;25;0;0;1;1;2;3;3;4;5;7;2;2;0;2;4;2;1;73;53;126;98;2.08;0.85;2.94;0;0;0;0;0;0;1;1;0;0;0;0;0;0;-1;-1;-1;-1;-1;-1;-1;-1;-1;10;60;80;90;90;20;40;90;60;7.2;3.4;4.6;3.3;River Plate;Santa Fe;1.85;1.7;1;2.2;1;2.2;90;40;20;10;10;20;20;20;0;1.27;1.27;1188;10;N;N;N;N;N;N;N
347176;2188;4324;2018;complete;2480;3;-1;;52,90;0;2;2;3;4;7;0;1;3;2;0;0;6;5;16;4;22;9;15;18;70;30;3;2;1.5;4.2;8;1.06;1.4;2.15;3.75;7.5;8;2.75;1.79;1.25;1.07;2.2;1.62;1.66;2.1;6.5;1.11;1.1;1.22;1.01;1.97;2.25;7.8;1.85;2.38;6;0;0;0;1.72;0;0;0;0;2;0;0;0;0;0;0;1.25;9.5;4.75;1.9;15;0;0;0;0;0;0;0;0;1.4;3.25;8;23;2.91;1.33;1.05;1.01;0;0;0;0;2;0;0;0;2;2;0;2018-04-05 22:15:00;4324;1;50;0;0;0;1;1;2;4;1;0;6;1;2;0;1;2;2;3;1;94;46;107;78;2.47;1.25;3.73;0;0;0;0;0;0;1;1;0;0;1;1;0;0;-1;-1;-1;-1;-1;-1;-1;-1;-1;0;25;25;75;100;50;75;50;25;5.5;0.5;7;2.25;Colo-Colo;Delfin SC;1.22;1.17;0.5;0.5;0.5;0.5;100;75;75;25;0;0;0;0;1.23;0.77;2;1188;6;Y;Y;N;N;N;N;N
347177;2267;2142;2018;complete;2480;3;-1;38;;1;0;1;5;3;8;3;2;3;0;0;0;5;8;8;9;13;17;11;10;43;57;3;0;2.05;3.2;3.65;1.06;1.39;2.2;4.15;8;7;2.75;1.66;1.2;1.06;2.05;1.8;0;0;0;0;1.2;1.3;1.91;2.42;2.09;5.3;2.3;2.2;4.33;0;0;0;0;0;0;0;0;0;0;0;0;0;0;0;1.62;8;2.62;0;0;0;0;0;0;0;0;0;0;1.45;3.75;8;17;2.71;1.25;1.06;1.01;0;0;0;0;1;1;0;0;0;0;1;2018-04-06 00:30:00;2267;1;50;50;0;0;1;1;5;2;0;1;7;1;1;0;2;0;1;2;1;65;49;83;86;1.64;1.98;3.62;0;1;0;0;0;1;1;1;0;0;1;1;0;0;-1;-1;-1;-1;-1;-1;-1;-1;-1;0;25;25;75;100;50;75;50;25;6;3.5;5.5;2.25;Bolívar;Atlético Nacional;1.33;1.63;1;3;1;3;100;75;75;25;0;0;0;0;1.74;1.17;2.91;1188;6;Y;N;N;N;N;N;N
347178;709;611;2018;complete;2480;3;-1;;19;0;1;1;11;2;13;1;0;1;3;0;0;11;3;8;3;19;6;10;13;66;34;1;3;1.91;3.15;4.35;1.1;1.53;2.65;5.3;11;6.5;2.38;1.52;1.14;1.03;2.4;1.57;2;1.72;3.5;1.28;1.2;1.33;1.83;2.71;1.94;5.1;2.4;2.05;4.5;0;0;0;0;1.83;0;0;0;0;1.83;0;0;0;0;0;1.57;6.5;3;2.62;6.5;0;0;0;0;0;0;0;0;1.53;3.75;8.5;17;2.46;1.25;1.05;1.01;0;0;0;0;1;0;1;0;0;0;1;2018-04-06 00:30:00;611;1;25;0;0;0;1;1;5;1;6;1;6;7;0;1;1;2;1;3;1;43;11;47;26;2.26;0.67;2.93;0;0;0;0;0;0;1;1;0;0;1;0;0;0;-1;-1;-1;-1;-1;-1;-1;-1;-1;0;25;50;75;75;0;50;75;50;5;2.5;5.5;2.25;Estudiantes;Santos;1.38;1.5;2;1.5;2;1.5;100;75;50;25;25;75;50;50;2.66;0.92;3.58;1188;8;Y;N;N;N;N;N;N
347179;619;705;2018;complete;2480;3;-1;90;90;1;1;2;4;7;11;2;3;2;1;0;0;3;5;7;2;10;7;16;26;52;48;2;1;2.05;3.2;3.65;1.07;1.43;2.3;4.4;10;7;2.75;1.57;1.17;1.04;2.1;1.74;2;1.72;3.5;1.28;1.25;1.33;1.73;2.7;1.95;4.5;2.28;2.28;4.35;0;0;0;1.72;1.8;0;0;0;2;1.9;0;0;0;0;0;1.65;7.5;2.55;2.75;6.5;0;0;0;0;0;0;0;0;1.5;3.5;11;26;2.5;1.29;1.03;1.01;0;0;0;0;2;0;0;1;1;2;0;2018-04-12 00:45:00;-1;1;0;0;0;0;1;1;1;4;3;3;5;6;1;1;1;0;2;1;1;59;74;103;102;1.27;1.33;2.61;0;0;0;0;0;0;1;1;0;0;0;0;0;0;-1;-1;-1;-1;-1;-1;-1;-1;-1;0;0;25;50;75;0;75;50;25;9.5;3;3.5;1.5;Palmeiras;Boca Juniors;2.36;1.62;3;2;3;2;100;100;75;50;25;25;0;0;2.02;1.96;3.98;1188;11;Y;Y;N;N;N;N;Y
347180;4361;2843;2018;complete;2480;3;-1;58,65,69;64;3;1;4;7;5;12;1;1;3;4;0;0;11;4;7;7;18;11;21;15;53;47;3;4;1.22;5.7;12.75;1.02;1.2;1.67;2.7;5;12;4.33;2.1;1.44;1.16;2.3;1.62;1.66;2.1;9;1.07;0;0;0;0;0;0;0;0;0;0;0;0;1.83;0;0;0;0;1.83;0;0;0;0;0;0;1.18;12;5.5;1.83;21;0;0;0;0;0;0;0;0;1.3;2.5;6;17;3.39;1.5;1.12;1.02;0;0;0;0;4;0;0;3;1;4;0;2018-04-17 22:15:00;4361;1;50;0;50;0;1;1;4;2;3;3;6;6;1;2;2;2;3;4;1;70;54;87;99;2.4;1.37;3.77;2;0;1;0;1;0;1;1;0;0;0;0;0;0;-1;-1;-1;-1;-1;-1;-1;-1;-1;0;25;50;100;100;0;50;100;75;4;1;5.5;2.75;Defensor Sporting;Monagas;0.67;0.5;0.5;0;0.5;0;100;75;50;0;0;25;25;0;1.27;0.94;2.21;1188;6;Y;Y;Y;Y;N;N;Y
347181;2136;2856;2018;complete;2480;3;-1;20,35,67,79;;4;0;4;10;1;11;0;0;2;1;0;0;8;3;12;3;20;6;14;11;53;46;2;1;1.28;5.05;10.75;1.04;1.29;1.91;3.3;6.5;10;3.5;1.8;1.29;1.1;2.55;1.51;1.66;2.1;6;1.12;1.01;1.15;3.5;1.73;2.38;9;1.5;3.05;11.5;0;0;0;1.72;0;0;0;0;2;0;0;0;0;0;0;1.3;9.5;3.9;1.9;12;0;0;0;0;0;0;0;0;1.36;2.75;6.8;21;3;1.4;1.12;1.01;0;0;0;0;4;2;0;2;0;2;2;2018-04-18 00:30:00;2136;1;0;0;0;0;1;1;3;0;7;1;3;8;1;0;1;1;1;2;1;41;19;56;36;2.1;0.73;2.83;0;0;0;0;0;0;1;1;0;0;0;0;0;0;-1;-1;-1;-1;-1;-1;-1;-1;-1;0;0;0;25;75;0;50;25;25;9;6.5;5;1;Millonarios;Deportivo Lara;1.33;1;0.5;1.5;0.5;1.5;100;100;100;75;25;100;100;100;1.73;0.62;2.35;1188;6;Y;Y;Y;Y;N;N;N
347182;6675;616;2018;complete;2480;3;-1;;;0;0;0;3;6;9;0;0;1;0;0;0;5;5;7;4;12;9;18;12;51;49;1;0;2.85;2.75;2.8;1.11;1.57;2.75;5.55;11;6;2.38;1.4;1.13;1.03;2.3;1.61;2.5;1.5;2.5;1.5;1.44;1.4;1.4;3.6;1.83;3.5;3.82;2.05;3.02;0;0;0;1.72;2;0;0;0;2;1.72;0;0;0;0;0;2.12;6.8;2.16;3.75;4;0;0;0;0;0;0;0;0;1.62;3.75;11;15;2.2;1.25;1.01;1.02;0;0;0;0;0;0;0;0;0;0;0;2018-04-18 00:30:00;-1;1;50;0;100;0;1;1;2;1;1;5;3;6;0;0;1;0;0;1;1;37;28;59;61;1.37;1.12;2.49;0;0;0;0;0;0;1;1;0;0;1;0;0;0;-1;-1;-1;-1;-1;-1;-1;-1;-1;0;25;50;100;100;0;50;100;75;10;3;3;2.75;Cerro Porteño;Grêmio;1.86;2.17;3;2;3;2;100;75;50;0;0;25;25;0;1.86;2.05;3.91;1188;7;N;N;N;N;N;N;N
347183;2257;722;2018;complete;2480;3;-1;38;12,75;1;2;3;12;3;15;3;1;0;3;0;0;6;6;25;6;31;12;7;14;69;31;0;3;1.38;4.6;7.25;1.02;1.22;1.71;2.75;6;9;3.5;1.83;1.33;1.11;2;1.83;2;1.72;6;1.12;1.08;1.18;2.88;2;2.25;6;1.85;2.45;5.8;0;0;0;1.8;0;0;0;0;1.9;0;0;0;0;0;0;1.25;13;4;2.39;12;0;0;0;0;0;0;0;0;1.36;2.75;7;21;3;1.4;1.1;1.01;0;0;0;0;3;1;1;0;1;1;2;2018-04-18 22:15:00;722;1;25;0;50;0;1;1;3;2;9;1;5;10;0;1;0;2;1;2;1;100;44;96;76;3.07;1.49;4.57;0;0;0;0;0;0;1;1;0;0;0;0;0;0;-1;-1;-1;-1;-1;-1;-1;-1;-1;0;25;50;75;100;0;50;75;75;7.5;4.5;6;2.5;The Strongest;Atlético Tucumán;0.5;1.3;1.5;0;1.5;0;100;75;50;25;0;25;25;25;1.65;1.29;2.94;1188;6;Y;Y;Y;N;N;N;Y
347184;6674;4358;2018;complete;2480;3;-1;74,90;47;2;1;3;3;5;8;3;2;2;3;0;1;6;4;6;6;12;10;14;11;55;45;2;4;2.2;3;3.5;1.11;1.53;2.63;5;11;6;2.38;1.44;1.14;1.03;2.2;1.62;2.25;1.57;3;1.36;1.29;1.36;1.01;2.9;1.91;4;2.65;2.12;4.3;0;0;0;1.72;0;0;0;0;2;0;0;0;0;0;0;1.7;6.5;2.5;3.25;4.75;0;0;0;0;0;0;0;0;1.57;4;13;17;2.25;1.22;1.04;1.01;0;0;0;0;3;0;0;2;1;3;0;2018-04-19 00:45:00;6674;1;25;0;0;0;1;1;0;3;3;2;3;5;1;1;1;3;2;4;1;73;60;89;84;1.7;1.35;3.05;0;0;0;0;0;0;1;1;0;0;0;0;0;1;-1;-1;-1;-1;-1;-1;-1;-1;-1;0;25;50;75;100;0;50;75;75;6.5;2.5;2.5;2.5;Libertad;Peñarol;1.86;1.5;3;1.5;3;1.5;100;75;50;25;0;25;25;25;1.8;0.75;2.55;1188;6;Y;Y;Y;N;N;N;Y
347185;702;624;2018;complete;2480;3;-1;;81;0;1;1;4;5;9;2;1;3;2;0;0;3;4;9;3;12;7;17;5;59;41;3;2;2.2;2.95;3.55;1.1;1.54;2.7;5.4;9;7.5;2.4;1.45;1.15;1.03;2.3;1.61;2.2;1.61;3.25;1.33;1.2;1.25;1.75;3.03;1.86;4.73;0;0;0;0;0;0;0;1.9;0;0;0;0;1.8;0;0;0;0;0;1.7;6;2.65;3.1;5.5;0;0;0;0;0;0;0;0;1.57;3.75;13;0;2.25;1.25;1.04;0;0;0;0;0;1;0;0;0;1;1;0;2018-04-19 00:45:00;624;1;0;0;0;0;1;1;2;3;2;2;5;4;0;0;3;2;0;5;1;78;47;96;69;1.53;1.06;2.59;0;0;0;0;0;0;1;1;0;0;0;0;0;0;-1;-1;-1;-1;-1;-1;-1;-1;-1;0;0;0;25;75;0;50;25;25;15.5;1;4;1;Independiente;Corinthians;1.3;1.43;1.5;2;1.5;2;100;100;100;75;25;100;100;100;1.68;0.89;2.57;1188;7;Y;N;N;N;N;N;N
347186;612;2133;2018;complete;2480;3;-1;8;31;1;1;2;12;1;13;2;1;1;2;0;0;6;5;10;3;16;8;8;23;68;32;1;2;1.38;4.2;8.25;1.06;1.36;2.1;3.9;8;8;3;1.67;1.22;1.06;2.45;1.56;0;0;0;0;1.07;1.01;2.75;2;2.19;8.12;1.8;2.38;7;0;0;0;0;0;0;0;0;0;0;0;0;0;0;0;1.3;10;3.9;0;0;0;0;0;0;0;0;0;0;1.41;3.25;7;17;2.86;1.33;1.07;1.01;0;0;0;0;2;1;1;0;0;0;2;2018-04-19 00:45:00;-1;1;75;17;50;0;1;1;6;1;6;0;7;6;0;1;1;1;1;2;1;83;29;116;76;2.03;1.07;3.1;0;0;0;0;0;0;1;1;1;0;2;0;0;0;-1;-1;-1;-1;-1;-1;-1;-1;-1;9;34;75;84;84;17;34;84;59;10;5.17;5.5;2.84;Flamengo;Santa Fe;1.43;1.7;2;2;2;2;92;67;25;17;17;50;50;50;1.42;1.13;2.55;1188;7;Y;Y;N;N;N;N;Y
347187;717;625;2018;complete;2480;3;-1;33,39,52,61;;4;0;4;5;4;9;4;0;1;4;0;0;7;2;4;7;11;9;20;10;58;42;1;4;1.48;4.05;6.6;1.04;1.31;1.95;3.45;0;0;0;0;0;0;2.15;1.69;2.1;1.66;5.5;1.14;0;0;0;0;0;0;0;0;0;0;0;0;1.72;0;0;0;0;2;0;0;0;0;0;0;1.39;10;3.39;2.5;9.5;0;0;0;0;0;0;0;0;1.39;2.75;8;21;2.75;1.39;1.08;1.01;0;0;0;0;4;2;0;2;0;2;2;2018-04-19 22:15:00;717;1;50;50;50;0;1;1;3;2;2;2;5;4;1;1;0;3;2;3;1;58;55;91;93;1.61;1.11;2.72;3;0;1;0;2;0;1;1;0;0;1;0;0;0;-1;-1;-1;-1;-1;-1;-1;-1;-1;25;50;50;84;92;84;84;59;42;6.17;2.5;7.33;3.25;Racing Club;Vasco da Gama;1.71;1.4;2;1.67;2;1.67;75;50;50;17;9;17;9;9;1.78;1.16;2.94;1188;7;Y;Y;Y;Y;N;N;N
347188;2189;613;2018;complete;2480;3;-1;;;0;0;0;4;3;7;3;1;3;2;0;0;6;2;3;9;9;11;19;12;57;43;3;2;3.1;3.2;2.25;1.06;1.36;2.1;3.85;10.5;9.8;3.1;1.71;1.26;1.1;1.95;1.87;3.5;1.28;2.62;1.44;1.62;1.33;1.3;4.3;1.99;2.89;3.15;2.28;2.88;0;0;0;1.72;0;0;0;0;2;0;0;0;0;0;0;2.39;8.5;1.72;5.5;3.5;0;0;0;0;0;0;0;0;1.48;3;9.5;26;2.61;1.36;1.04;1.01;0;0;0;0;0;0;0;0;0;0;0;2018-04-20 00:30:00;-1;1;50;100;50;0;1;1;0;1;4;2;1;6;2;2;1;0;4;1;1;32;25;58;50;1.22;1.01;2.23;0;0;0;0;0;0;1;1;0;0;0;0;0;0;-1;-1;-1;-1;-1;-1;-1;-1;-1;25;25;25;50;75;50;50;50;25;6.5;3;3.5;2.25;Universidad Chile;Cruzeiro;0.83;1.67;2;0.5;2;0.5;75;75;75;50;25;25;25;25;1.35;1.73;3.08;1188;6;N;N;N;N;N;N;N
347189;4326;718;2018;complete;2480;3;-1;;44;0;1;1;4;4;8;2;3;3;2;0;0;5;4;8;7;13;11;11;13;53;47;3;2;3;3.1;2.4;1.07;1.42;2.25;4.3;12.5;8.6;2.92;1.65;1.22;1.08;2.05;1.77;3.39;1.3;2.5;1.5;1.53;1.01;1.33;4.25;1.99;2.91;3.15;2.23;2.95;0;0;0;0;2;0;0;0;0;1.72;0;0;0;0;0;2.4;7.5;1.87;5.5;3.5;0;0;0;0;0;0;0;0;1.5;3.5;8;15;2.5;1.29;1.05;1.02;0;0;0;0;1;0;1;0;0;0;1;2018-04-20 00:30:00;718;1;75;0;100;0;1;1;0;4;4;0;4;4;1;0;2;2;1;4;1;40;32;62;67;1.45;1.21;2.66;0;0;0;0;0;0;1;1;0;0;0;0;0;0;-1;-1;-1;-1;-1;-1;-1;-1;-1;0;25;50;75;75;0;25;75;50;9.5;1;6;2.25;CS Emelec;River Plate;0.17;1.85;0.5;1;0.5;1;100;75;50;25;25;75;75;75;1.66;1.38;3.04;1188;6;Y;N;N;N;N;N;N
347190;2811;2131;2018;complete;2480;3;-1;;10,83;0;2;2;4;3;7;1;0;0;1;0;0;0;7;5;5;5;12;10;9;42;58;0;1;4.05;3.2;1.95;1.08;1.45;2.4;4.6;7.5;7.5;2.55;1.55;1.2;1.05;2.2;1.67;3.5;1.28;2.2;1.61;1.8;1.33;1.22;4.75;2;2.7;4.1;2.23;2.4;0;0;0;1.72;0;0;0;0;2;0;0;0;0;0;0;2.6;7;1.67;6.5;3;0;0;0;0;0;0;0;0;1.5;3.5;10.5;26;2.5;1.29;1.04;1.01;0;0;0;0;2;0;1;0;1;1;1;2018-04-20 00:30:00;2131;1;9;0;0;0;1;1;3;1;1;2;4;3;0;0;0;1;0;1;1;37;39;84;73;0.59;1.53;2.12;0;0;0;0;0;0;1;1;0;1;1;0;0;0;-1;-1;-1;-1;-1;-1;-1;-1;-1;0;9;17;42;67;9;59;50;17;6.5;5.17;4.33;1.34;Alianza Lima;Junior;0.17;1.4;0.5;1.17;0.5;1.17;100;92;84;59;34;42;34;34;0.94;1.5;2.44;1188;6;Y;Y;N;N;N;N;N
347191;2856;2136;2018;complete;2480;4;-1;10,28;70;2;1;3;6;5;11;1;3;3;3;0;0;4;5;4;11;8;16;27;22;41;59;3;3;4.3;3.2;1.87;1.08;1.45;2.4;4.6;0;0;0;0;0;0;2.25;1.67;3.75;1.25;2.1;1.66;0;0;0;0;0;0;0;0;0;0;0;0;1.72;0;0;0;0;2;0;0;0;0;0;0;2.87;7;1.61;6.5;2.75;0;0;0;0;0;0;0;0;1.53;3.5;11;0;2.37;1.28;1.05;0;0;0;0;0;3;2;0;0;1;1;2;2018-04-24 22:15:00;2856;1;0;0;0;0;1;1;3;1;3;4;4;7;1;3;2;0;4;2;1;45;80;84;113;1.12;1.94;3.05;1;1;1;1;0;0;1;1;1;0;0;0;0;0;-1;-1;-1;-1;-1;-1;-1;-1;-1;0;33;33;50;84;33;67;50;50;9.66;4.34;4.33;2;Deportivo Lara;Millonarios;1;1.33;1;1.33;1;1.33;100;67;67;50;17;100;100;100;1.51;1.02;2.53;1188;6;Y;Y;Y;N;N;N;Y
347192;2142;2267;2018;complete;2480;4;-1;13,32,34,65;49;4;1;5;4;2;6;4;2;2;2;0;0;10;5;9;7;19;12;16;14;64;36;2;2;1.24;5.3;13.25;1.03;1.26;1.83;3.15;6;10;3.5;1.83;1.33;1.11;2.5;1.54;0;0;0;0;1.04;1.15;1.01;1.69;2.46;12;1.54;2.93;11;0;0;0;0;0;0;0;0;0;0;0;0;0;0;0;1.25;13;4.9;0;0;0;0;0;0;0;0;0;0;1.4;2.75;6.5;17;2.75;1.4;1.09;1.01;0;0;0;0;5;3;0;1;1;2;3;2018-04-25 00:30:00;2142;1;34;50;0;0;1;1;1;0;3;2;1;5;1;0;1;2;1;3;1;51;38;109;80;2.27;1.38;3.65;0;0;0;0;0;0;1;1;0;0;1;0;0;0;-1;-1;-1;-1;-1;-1;-1;-1;-1;0;17;17;50;100;34;84;34;17;6.67;4;4.66;1.84;Atlético Nacional;Bolívar;1.63;1.33;2;1.67;2;1.67;100;84;84;50;0;0;0;0;2.12;1.31;3.43;1188;6;Y;Y;Y;Y;Y;N;Y
347193;611;709;2018;complete;2480;4;-1;44,50;;2;0;2;5;4;9;2;2;2;5;0;1;7;4;4;6;11;10;17;21;52;48;2;6;1.91;3.1;4.45;1.11;1.57;2.75;5.55;9;6;2.5;1.53;1.17;1.05;2.5;1.54;2;1.72;3.25;1.33;1.2;1.01;1.83;2.58;1.95;5.5;2.33;2.19;5.1;0;0;0;0;1.8;0;0;0;0;1.9;0;0;0;0;0;1.61;6;3;2.75;6;0;0;0;0;0;0;0;0;1.53;3.5;8.5;0;2.38;1.29;1.05;0;0;0;0;0;2;1;0;1;0;1;1;2018-04-25 00:30:00;611;1;17;0;50;0;1;1;3;1;2;3;4;5;1;2;1;4;3;5;1;63;69;90;93;1.64;1.41;3.05;0;0;0;0;0;0;1;1;0;0;1;1;1;1;-1;-1;-1;-1;-1;-1;-1;-1;-1;0;17;33;50;84;0;67;50;33;7.67;2;5;1.83;Santos;Estudiantes;1.5;1.38;2;1.33;2;1.33;100;84;67;50;17;84;67;67;1.07;0.62;1.69;1188;8;Y;Y;N;N;N;N;N
347194;722;2257;2018;complete;2480;4;-1;31,45,90;;3;0;3;3;9;12;3;0;1;1;0;0;6;2;5;7;11;9;13;8;42;58;1;1;1.51;4;5.95;1.04;1.27;1.87;3.2;6.5;9;3.5;1.8;1.29;1.1;1.95;1.87;2;1.72;6;1.12;1.1;1.22;1.01;2;2.25;6;1.76;2.7;7;0;0;0;0;2.1;0;0;0;0;1.66;0;0;0;0;0;1.45;12;3.25;2.39;11;0;0;0;0;0;0;0;0;1.36;2.75;6.5;21;3;1.4;1.09;1.01;0;0;0;0;3;2;0;1;0;1;2;2018-04-25 22:15:00;722;1;50;0;0;0;1;1;2;2;1;7;4;8;0;0;1;1;0;2;1;47;70;104;100;1.46;1.22;2.68;0;0;0;0;0;0;1;1;0;0;1;0;0;0;-1;-1;-1;-1;-1;-1;-1;-1;-1;0;17;67;84;100;33;67;84;50;10;4.33;5;2.67;Atlético Tucumán;The Strongest;1.3;0.5;1;1;1;1;100;84;33;17;0;50;50;50;1.53;0.88;2.41;1188;6;Y;Y;Y;N;N;N;N
347195;4359;2806;2018;complete;2480;4;-1;40,81,86,88;;4;0;4;9;3;12;3;2;0;1;0;0;9;4;9;4;18;8;9;16;60;40;0;1;1.21;5.7;13.5;1.04;1.27;1.87;3.2;0;0;0;0;0;0;2.8;1.43;1.53;2.37;8;1.08;0;0;0;0;0;0;0;0;0;0;0;0;0;0;0;0;0;0;0;0;0;0;0;0;1.16;10;6.5;1.72;17;0;0;0;0;0;0;0;0;1.36;2.62;7;19;3;1.44;1.1;1.02;0;0;0;0;4;1;0;3;0;3;1;2018-04-25 22:15:00;4359;1;15;0;0;0;1;1;6;2;3;1;8;4;0;0;0;1;0;1;1;67;35;91;80;2.24;1.05;3.29;0;0;0;0;0;0;1;1;0;0;1;0;0;0;-1;-1;-1;-1;-1;-1;-1;-1;-1;0;15;31;48;69;0;31;62;31;11.19;2.53;4.9;1.62;Nacional;Real Garcilaso;1.8;1;1.71;1.33;1.71;1.33;100;86;69;52;31;52;38;38;1.36;0.8;2.16;1188;6;Y;Y;Y;Y;N;N;N
347196;2843;4361;2018;complete;2480;4;-1;53;;1;0;1;4;2;6;2;1;2;2;0;0;4;4;4;6;8;10;22;22;44;56;2;2;4.05;3.3;1.91;1.06;1.37;2.15;3.95;0;0;0;0;0;0;2.05;1.8;3.75;1.25;2.25;1.57;0;0;0;0;0;0;0;0;0;0;0;0;1.8;0;0;0;0;1.9;0;0;0;0;0;0;2.75;8;1.61;6.5;3;0;0;0;0;0;0;0;0;1.5;3.39;10;26;2.5;1.3;1.06;1.01;0;0;0;0;1;0;0;1;0;1;0;2018-04-26 00:45:00;2843;1;67;0;50;0;1;1;3;1;1;1;4;2;2;0;0;2;2;2;1;62;63;99;100;1.24;1.37;2.61;0;0;0;0;0;0;1;1;0;0;1;0;0;0;-1;-1;-1;-1;-1;-1;-1;-1;-1;0;50;67;100;100;0;33;100;84;6.66;1.33;6;3.17;Monagas;Defensor Sporting;0.5;0.67;0;1.33;0;1.33;100;50;33;0;0;50;50;33;1.59;1.04;2.63;1188;6;Y;N;N;N;N;N;N
347197;705;619;2018;complete;2480;4;-1;;40,67;0;2;2;8;1;9;2;1;4;3;0;0;5;4;9;7;14;11;14;9;57;43;4;3;2;3.2;3.9;1.07;1.41;2.25;4.25;9;7;2.63;1.57;1.2;1.05;2.1;1.77;2.37;1.53;3.75;1.25;1.22;1.33;1.8;2.63;2;4.33;2.5;2.15;3.9;0;0;0;1.72;0;0;0;0;2;0;0;0;0;0;0;1.75;7.5;2.6;3.1;6;0;0;0;0;0;0;0;0;1.45;3.5;8;21;2.71;1.29;1.06;1.01;0;0;0;0;2;0;1;0;1;1;1;2018-04-26 00:45:00;619;1;33;0;0;0;1;1;2;0;6;1;2;7;2;0;2;3;2;5;1;57;40;102;92;1.65;1.27;2.92;0;0;0;0;0;0;1;1;0;0;0;0;0;0;-1;-1;-1;-1;-1;-1;-1;-1;-1;0;0;17;67;84;0;50;67;50;10;3.67;3.34;1.67;Boca Juniors;Palmeiras;1.62;2.36;1.67;2.33;1.67;2.33;100;100;84;34;17;50;33;33;1.88;1.41;3.29;1188;11;Y;Y;N;N;N;N;N
347198;2133;612;2018;complete;2480;4;-1;;;0;0;0;6;2;8;2;1;2;3;0;0;2;2;8;5;10;7;21;12;56;44;2;3;2.6;2.9;2.9;1.1;1.56;2.7;5.5;10;6.5;2.63;1.5;1.14;1.04;2.3;1.62;0;0;0;0;1.36;1.01;1.44;3.4;1.87;3.96;2.8;2.1;3.4;0;0;0;0;0;0;0;0;0;0;0;0;0;0;0;2.05;6;2.3;0;0;0;0;0;0;0;0;0;0;1.57;4;9;15;2.25;1.22;1.04;1.02;0;0;0;0;0;0;0;0;0;0;0;2018-04-26 00:45:00;-1;1;79;0;50;0;1;1;3;0;3;2;3;5;1;1;1;2;2;3;1;77;47;108;97;1.33;0.93;2.26;0;0;0;0;0;0;1;1;0;0;1;0;0;0;-1;-1;-1;-1;-1;-1;-1;-1;-1;7;24;55;86;86;38;52;62;41;11.86;4.96;4.67;2.57;Santa Fe;Flamengo;1.7;1.43;1.86;1.67;1.86;1.67;93;77;45;15;15;62;62;62;1.67;2.31;3.98;1188;7;N;N;N;N;N;N;N
347199;718;4326;2018;complete;2480;4;-1;66,74;90;2;1;3;9;2;11;3;1;1;1;0;0;8;2;11;5;19;7;11;20;61;39;1;1;1.26;5.2;11;1.03;1.25;1.8;3;5.5;13;4.4;2.13;1.42;1.13;2.45;1.57;1.61;2.2;9;1.07;1.05;1.01;3.5;1.65;2.6;11;1.62;2.6;8;0;0;0;0;2;0;0;0;0;1.72;0;0;0;0;0;1.18;11;5.5;1.8;21;0;0;0;0;0;0;0;0;1.33;2.63;6.5;19;3.25;1.44;1.09;1.02;0;0;0;0;3;0;0;2;1;3;0;2018-04-26 22:15:00;718;1;50;0;0;0;1;1;4;0;5;2;4;7;1;1;0;0;2;0;1;90;55;139;108;2.41;0.99;3.4;0;0;0;0;0;0;1;1;0;0;0;0;0;0;-1;-1;-1;-1;-1;-1;-1;-1;-1;0;17;33;50;84;0;50;50;33;9;2.33;5.66;1.84;River Plate;CS Emelec;1.85;0.17;1.67;0.33;1.67;0.33;100;84;67;50;17;50;50;50;2.08;0.83;2.91;1188;6;Y;Y;Y;N;N;N;Y
347200;613;2189;2018;complete;2480;4;-1;10,18,44,54,62,75,81;;7;0;7;5;4;9;1;2;2;2;0;2;9;3;9;3;18;6;11;16;54;46;2;4;1.33;4.55;9.5;1.04;1.29;1.91;3.3;6.5;11;3.78;1.92;1.33;1.1;2.35;1.59;1.72;2;6.5;1.11;1.07;1.18;2.9;1.86;2.29;9.3;1.67;2.7;7;0;0;0;1.72;0;0;0;0;2;0;0;0;0;0;0;1.28;9.5;4.5;2;15;0;0;0;0;0;0;0;0;1.4;2.79;7.5;23;2.75;1.43;1.07;1.01;0;0;0;0;7;3;0;4;0;4;3;2018-04-26 22:15:00;613;1;33;0;0;0;1;1;3;2;2;2;5;4;1;3;1;1;4;2;1;66;48;84;88;2.23;0.94;3.18;1;0;1;0;0;0;1;1;1;0;2;1;0;0;-1;-1;-1;-1;-1;-1;-1;-1;-1;17;17;17;33;50;33;33;33;17;6.67;3.33;4;1.5;Cruzeiro;Universidad Chile;1.67;0.83;0.67;1.67;0.67;1.67;84;84;84;67;50;17;17;17;1.73;1.19;2.92;1188;6;Y;Y;Y;Y;Y;Y;N
347201;4358;6674;2018;complete;2480;4;-1;44,90;;2;0;2;6;3;9;2;2;2;1;0;0;8;3;5;2;13;5;14;17;50;50;2;1;2.06;3.2;4.3;1.1;1.53;2.63;5;10;6.5;2.38;1.44;1.14;1.04;2.2;1.62;2;1.72;3.39;1.3;1.17;1.3;1.95;2.77;1.91;5.1;2.3;2.05;5;0;0;0;1.72;0;0;0;0;2;0;0;0;0;0;0;1.66;6;2.87;2.87;6;0;0;0;0;0;0;0;0;1.57;3.75;8.5;17;2.25;1.25;1.04;1.01;0;0;0;0;2;1;0;1;0;1;1;2018-04-27 00:30:00;4358;1;50;0;50;0;1;1;3;0;2;3;3;5;0;1;2;0;1;2;1;64;78;85;113;1.84;1.1;2.94;1;0;1;0;0;0;1;1;0;0;1;0;0;0;-1;-1;-1;-1;-1;-1;-1;-1;-1;0;17;67;84;100;0;34;84;84;7;3.33;3.67;2.67;Peñarol;Libertad;1.5;1.86;1;3;1;3;100;84;33;17;0;17;17;17;1.53;1.19;2.72;1188;6;Y;Y;N;N;N;N;N
347202;2131;2811;2018;complete;2480;4;-1;61;;1;0;1;9;1;10;2;3;0;1;0;0;8;2;18;2;26;4;16;10;64;36;0;1;1.13;7.25;18.25;1.02;1.19;1.62;2.55;0;0;0;0;0;0;2.75;1.45;1.53;2.37;11;1.05;0;0;0;0;0;0;0;0;0;0;0;0;1.66;0;0;0;0;2.1;0;0;0;0;0;0;1.12;13;6.5;1.61;26;0;0;0;0;0;0;0;0;1.28;2.37;5.5;15;3.5;1.53;1.14;1.03;0;0;0;0;1;0;0;1;0;1;0;2018-04-27 00:30:00;2131;1;7;17;0;0;1;1;4;1;5;0;5;5;0;0;0;1;0;1;1;99;26;121;83;2.9;0.59;3.5;1;0;0;0;1;0;1;1;0;0;0;0;0;0;-1;-1;-1;-1;-1;-1;-1;-1;-1;0;7;15;55;77;7;69;62;15;7.24;4.29;3.57;1.52;Junior;Alianza Lima;1.4;0.17;1.43;0.33;1.43;0.33;100;93;86;45;24;36;29;29;1.79;0.83;2.62;1188;6;Y;N;N;N;N;N;N
347203;625;717;2018;complete;2480;4;-1;81;32;1;1;2;10;4;14;0;3;3;4;1;0;5;4;8;6;13;10;16;21;43;57;4;4;2.9;3.1;2.45;1.06;1.36;2.1;3.85;0;0;0;0;0;0;1.95;1.87;3.39;1.3;3;1.36;0;0;0;0;0;0;0;0;0;0;0;0;1.66;0;0;0;0;2.1;0;0;0;0;0;0;2.2;8.5;1.83;4.75;4;0;0;0;0;0;0;0;0;1.44;3.25;9;26;2.62;1.33;1.07;1.01;0;0;0;0;2;0;1;1;0;1;1;2018-04-27 00:30:00;-1;1;34;50;0;0;1;1;2;1;8;3;3;11;2;1;2;3;3;5;1;78;48;105;102;1.73;1.27;3;0;0;0;0;0;0;1;1;0;0;0;0;0;0;-1;-1;-1;-1;-1;-1;-1;-1;-1;17;62;62;86;93;86;86;69;55;6.96;3.1;6.24;3.36;Vasco da Gama;Racing Club;1.4;1.71;1.43;2.33;1.43;2.33;84;38;38;15;7;38;7;7;1.59;1.31;2.9;1188;7;Y;Y;N;N;N;N;Y
347204;616;6675;2018;complete;2480;4;-1;28,31,50,72,82;;5;0;5;5;2;7;0;0;0;2;0;0;8;0;6;6;14;6;13;12;58;42;0;2;1.34;4.45;9.75;1.06;1.39;2.2;4.15;8;7.5;2.75;1.62;1.2;1.06;2.8;1.43;1.57;2.25;5.5;1.14;1.07;1.22;2.8;1.85;2.25;10.5;1.73;2.5;9.7;0;0;0;0;2.1;0;0;0;0;1.66;0;0;0;0;0;1.32;8.7;4.8;1.83;13;0;0;0;0;0;0;0;0;1.44;3.25;10;26;2.63;1.33;1.1;1.01;0;0;0;0;5;2;0;3;0;3;2;2018-05-01 22:15:00;616;1;33;0;0;0;1;1;1;1;4;1;2;5;0;2;0;0;2;0;1;59;33;97;89;1.87;0.63;2.5;0;0;0;0;0;0;1;1;0;0;1;1;0;1;-1;-1;-1;-1;-1;-1;-1;-1;-1;0;17;33;67;67;0;34;67;50;9.67;2;2.33;1.84;Grêmio;Cerro Porteño;2.17;1.86;1.67;2.33;1.67;2.33;100;84;67;33;33;50;17;0;3.51;2.19;5.7;1188;7;Y;Y;Y;Y;Y;N;N
347205;2806;709;2018;complete;2480;5;-1;;;0;0;0;7;6;13;2;1;3;4;0;0;2;6;12;9;14;15;16;11;60;40;3;4;2.9;2.8;2.65;1.12;1.61;2.9;5.95;11;6;2.38;1.44;1.14;1.03;2.4;1.57;2.5;1.5;2.5;1.5;1.4;1.4;1.44;3.6;1.83;3.5;2.64;2.12;4.35;0;0;0;1.72;0;0;0;0;2;0;0;0;0;0;0;2.18;6.8;2.1;4;3.75;0;0;0;0;0;0;0;0;1.57;3.75;14.5;17;2.25;1.25;1.06;1.01;0;0;0;0;0;0;0;0;0;0;0;2018-05-01 22:15:00;-1;1;0;0;0;0;1;1;3;3;4;3;6;7;2;1;1;3;3;4;1;84;55;97;86;1.63;1.76;3.39;0;0;0;0;0;0;1;1;0;0;0;0;0;0;-1;-1;-1;-1;-1;-1;-1;-1;-1;0;13;38;63;75;0;50;63;38;11;2.25;3.75;1.88;Real Garcilaso;Estudiantes;1;1.38;1;1;1;1;100;88;63;38;25;63;50;50;2.44;1.02;3.46;1188;6;N;N;N;N;N;N;N
347206;722;4358;2018;complete;2480;5;-1;59;;1;0;1;4;2;6;0;0;4;1;0;0;5;2;6;3;11;5;20;20;52;48;4;1;2.35;3.05;3.05;1.07;1.42;2.25;4.3;8.6;8.7;3.2;1.68;1.23;1.06;2.05;1.77;2.62;1.44;3.25;1.33;1.3;1.36;1.57;3.04;2;3.96;2.62;2.1;3.7;0;0;0;0;2;0;0;0;0;1.72;0;0;0;0;0;1.83;8;2.29;3.75;5;0;0;0;0;0;0;0;0;1.53;3.5;8;26;2.38;1.29;1.06;1.01;0;0;0;0;1;0;0;1;0;1;0;2018-05-02 22:15:00;722;1;50;0;25;0;1;1;1;0;3;2;1;5;2;0;2;1;2;3;1;64;54;85;74;1.51;0.85;2.36;0;0;0;0;0;0;1;1;0;0;0;0;1;0;-1;-1;-1;-1;-1;-1;-1;-1;-1;0;25;63;88;100;25;75;88;50;7.75;3;5.25;2.75;Atlético Tucumán;Peñarol;1.3;1.5;1.5;1.5;1.5;1.5;100;75;38;13;0;50;38;38;1.5;1.05;2.55;1188;6;Y;N;N;N;N;N;N
347207;4359;611;2018;complete;2480;5;-1;58;;1;0;1;7;2;9;0;2;3;2;0;0;3;2;8;1;11;3;17;16;53;47;3;2;2.5;2.9;3;1.1;1.54;2.65;5.35;0;0;0;0;0;0;2.25;1.62;2.5;1.5;2.62;1.44;0;0;0;0;0;0;0;0;0;0;0;0;0;1.8;0;0;0;0;1.9;0;0;0;0;0;1.9;6;2.29;3.75;4.33;0;0;0;0;0;0;0;0;1.57;3.75;13;0;2.25;1.25;1.04;0;0;0;0;0;1;0;0;1;0;1;0;2018-05-02 00:30:00;4359;1;25;0;0;0;1;1;5;1;2;1;6;3;0;0;3;2;0;5;1;51;35;78;66;1.27;0.59;1.86;0;0;0;0;0;0;1;1;0;0;2;0;0;0;-1;-1;-1;-1;-1;-1;-1;-1;-1;0;32;32;57;88;0;69;69;32;7.88;3.25;6.38;2.07;Nacional;Santos;1.8;1.5;1.88;2.25;1.88;2.25;100;69;69;44;13;88;50;50;1.58;0.8;2.38;1188;8;Y;N;N;N;N;N;N
347208;2131;705;2018;complete;2480;5;-1;33;51;1;1;2;2;11;13;2;2;1;2;0;0;6;2;10;6;16;8;15;19;44;56;1;2;2.65;3;2.75;1.08;1.48;2.45;4.8;11;6.5;2.63;1.53;1.17;1.03;2.15;1.71;2.62;1.44;0;0;1.4;1.36;1.44;3.18;1.94;3.98;3.1;2;3.25;0;0;0;1.83;0;0;0;0;1.83;0;0;0;0;0;0;1.83;7;2.29;3.75;4.75;0;0;0;0;0;0;0;0;1.53;3.5;11;15;2.38;1.29;1.05;1.02;0;0;0;0;2;1;0;0;1;1;1;2018-05-02 22:15:00;-1;1;19;13;25;0;1;1;1;6;1;5;7;6;1;2;0;0;3;0;1;64;68;96;110;1.89;1.15;3.03;1;0;0;0;1;0;1;1;0;0;1;2;0;0;-1;-1;-1;-1;-1;-1;-1;-1;-1;0;7;13;44;82;7;57;57;25;12.25;4.25;4.5;1.44;Junior;Boca Juniors;1.4;1.62;1.63;1.25;1.63;1.25;100;94;88;57;19;63;44;38;2.07;1.64;3.71;1188;10;Y;Y;N;N;N;N;Y
347209;4324;2188;2018;complete;2480;4;-1;79;21,45;1;2;3;7;2;9;1;1;3;3;1;0;4;7;9;6;13;13;22;17;46;54;4;3;2.25;3.1;3.25;1.07;1.42;2.25;4.3;9;7;2.63;1.62;1.22;1.05;2.05;1.77;2.62;1.44;3.39;1.3;1.33;1.36;1.01;2.89;2.01;4.2;2.8;2.25;3.35;0;0;0;1.8;0;0;0;0;1.9;0;0;0;0;0;0;1.8;7.5;2.37;3.6;5.5;0;0;0;0;0;0;0;0;1.5;3.25;8;26;2.5;1.33;1.05;1.01;0;0;0;0;3;0;2;1;0;1;2;2018-05-03 00:45:00;2188;1;33;100;0;0;1;1;2;1;5;1;3;6;2;0;2;3;2;5;1;61;58;107;97;1.55;1.73;3.28;0;1;0;1;0;0;1;1;0;0;0;0;0;0;-1;-1;-1;-1;-1;-1;-1;-1;-1;0;17;17;84;100;33;50;67;50;6;0.67;6.33;2.17;Delfin SC;Colo-Colo;1.17;1.22;1.33;0.33;1.33;0.33;100;84;84;17;0;0;0;0;1.6;0.83;2.43;1188;6;Y;Y;Y;N;N;N;Y
347210;624;702;2018;complete;2480;4;-1;32;2,25;1;2;3;12;3;15;1;4;0;5;1;0;5;4;5;3;10;7;15;23;59;41;2;5;2.05;3.05;3.75;1.1;1.56;2.7;5.5;11;6;2.38;1.44;1.14;1.03;2.4;1.59;2.1;1.66;3.25;1.33;1.15;1.25;1.8;2.8;1.85;5;0;0;0;0;0;0;0;1.9;0;0;0;0;1.8;0;0;0;0;0;1.65;5.5;2.9;2.87;5.5;0;0;0;0;0;0;0;0;1.4;3.75;7;0;2.75;1.25;1.07;0;0;0;0;0;3;1;2;0;0;0;3;2018-05-03 00:45:00;702;1;0;0;0;0;1;1;7;3;5;0;10;5;0;2;1;3;2;4;1;82;43;109;81;1.58;1.04;2.62;0;0;0;0;0;0;1;1;0;1;3;0;0;0;-1;-1;-1;-1;-1;-1;-1;-1;-1;0;0;0;17;84;0;34;50;17;13.33;1.67;4.33;1;Corinthians;Independiente;1.43;1.3;2.33;1;2.33;1;100;100;100;84;17;100;67;67;2.01;2.25;4.26;1188;7;Y;Y;Y;N;N;N;Y
347211;625;613;2018;complete;2480;5;-1;;10,25,33,55;0;4;4;7;6;13;0;1;1;1;0;0;8;5;4;1;12;6;11;16;54;46;1;1;3.25;3.05;2.25;1.07;1.43;2.35;4.45;9;7;2.63;1.53;1.2;1.05;2.05;1.77;3.39;1.3;2.5;1.5;1.57;1.36;1.3;4.1;1.98;3.02;3.4;2.1;2.8;0;0;0;0;1.83;0;0;0;0;1.83;0;0;0;0;0;2.39;7.5;1.8;5.5;3.5;0;0;0;0;0;0;0;0;1.53;3.5;8;3.1;2.38;1.29;1.06;1.38;0;0;0;0;4;0;3;0;1;1;3;2018-05-03 00:45:00;613;1;19;25;25;0;1;1;1;5;6;1;6;7;0;0;1;1;0;2;1;70;44;115;84;1.83;1.06;2.88;0;0;0;0;0;0;1;1;0;1;0;1;0;0;-1;-1;-1;-1;-1;-1;-1;-1;-1;25;50;50;63;69;57;63;63;44;8.13;1.63;4.25;2.94;Vasco da Gama;Cruzeiro;1.4;1.67;1.38;1.25;1.38;1.25;75;50;50;38;32;50;25;25;1.63;1.37;3;1188;9;Y;Y;Y;Y;N;N;N
347212;717;2189;2018;complete;2480;5;-1;81;;1;0;1;9;0;9;1;2;5;3;0;1;6;3;7;4;13;7;13;12;69;31;5;5;1.21;6.3;11.25;1.01;1.13;1.44;2.15;3.5;19;5.5;2.6;1.66;1.28;2;1.83;1.9;1.8;13;1.04;0;0;0;0;0;0;0;0;0;0;0;0;1.72;0;0;0;0;2;0;0;0;0;0;0;1.18;19;4.75;2.04;23;0;0;0;0;0;0;0;0;1.22;2.1;4.5;13;4;1.66;1.18;1.04;0;0;0;0;1;0;0;1;0;1;0;2018-05-03 22:15:00;717;1;50;25;25;0;1;1;2;0;7;0;2;7;1;2;4;2;3;6;1;94;46;132;76;1.92;0.99;2.91;0;0;0;0;0;0;1;1;0;0;0;0;0;1;-1;-1;-1;-1;-1;-1;-1;-1;-1;25;38;38;75;88;63;75;63;38;7;4.75;6.75;3;Racing Club;Universidad Chile;1.71;0.83;2;1.25;2;1.25;75;63;63;25;13;38;13;13;1.69;1.07;2.76;1188;6;Y;N;N;N;N;N;N
347213;2811;619;2018;complete;2480;5;-1;72;20,32,67;1;3;4;5;8;13;5;1;4;1;0;0;4;12;2;7;6;19;15;18;42;58;4;1;6.75;4.15;1.44;1.04;1.28;1.87;3.2;6.5;10;3.75;1.8;1.29;1.1;2.1;1.74;6;1.12;2;1.72;2.6;1.2;1.01;6;2.3;1.95;6;2.7;1.74;0;0;0;0;2;0;0;0;0;1.72;0;0;0;0;0;3.6;11;1.33;11;2.29;0;0;0;0;0;0;0;0;1.33;2.75;8;21;3.25;1.4;1.08;1.01;0;0;0;0;4;0;2;1;1;2;2;2018-05-04 00:30:00;619;1;13;0;0;0;1;1;3;6;2;2;9;4;2;0;2;1;2;3;1;27;47;47;66;0.86;2.37;3.22;1;0;1;0;0;0;1;1;0;0;0;4;0;0;-1;-1;-1;-1;-1;-1;-1;-1;-1;0;0;13;75;88;0;63;88;25;5;3.75;3;1.75;Alianza Lima;Palmeiras;0.17;2.36;0.25;2.5;0.25;2.5;100;100;88;25;13;50;25;13;0.77;1.34;2.11;1188;6;Y;Y;Y;Y;N;N;Y
347214;2257;6674;2018;complete;2480;5;-1;48;22,86,90;1;3;4;15;4;19;2;1;3;1;0;0;8;7;14;3;22;10;14;12;74;26;3;1;1.5;3.95;6.2;1.04;1.28;1.87;3.2;6;9;3.5;1.83;1.33;1.11;2;1.8;2.1;1.66;5.5;1.14;1.11;1.22;2.4;2.07;2.22;6.8;1.75;2.66;7.5;0;0;0;1.8;0;0;0;0;1.9;0;0;0;0;0;0;1.39;10;3.25;2.5;10;0;0;0;0;0;0;0;0;1.4;2.75;7;21;2.75;1.4;1.07;1.01;0;0;0;0;4;0;1;1;2;3;1;2018-05-04 00:30:00;6674;1;25;25;0;0;1;1;6;0;9;4;6;13;0;0;3;1;0;4;1;40;19;60;37;2.22;1.25;3.48;0;1;0;1;0;0;1;1;0;0;2;0;0;0;-1;-1;-1;-1;-1;-1;-1;-1;-1;0;0;63;88;100;25;50;88;50;10.25;4.5;2.5;2.5;The Strongest;Libertad;0.5;1.86;0.75;2.25;0.75;2.25;100;100;38;13;0;50;38;38;2.36;1.14;3.5;1188;6;Y;Y;Y;Y;N;N;Y
347215;2133;718;2018;complete;2480;5;-1;;24;0;1;1;3;5;8;3;1;1;1;0;0;3;4;11;3;14;7;14;13;59;41;1;1;2.5;3;2.95;1.09;1.5;2.5;5;11.5;7.4;2.63;1.52;1.15;1.02;2.2;1.67;0;0;0;0;1.36;1.36;1.5;3.2;1.91;3.75;3.05;2.18;3.15;0;0;0;0;0;0;0;0;0;0;0;0;0;0;0;2;6.5;2.35;0;0;0;0;0;0;0;0;0;0;1.56;3.5;8.5;15;2.4;1.29;1.05;1.02;0;0;0;0;1;0;1;0;0;0;1;2018-05-04 00:30:00;718;1;50;0;25;0;1;1;1;5;2;0;6;2;0;0;1;1;0;2;1;46;18;69;37;1.42;0.85;2.27;0;0;0;0;0;0;1;1;0;0;0;2;0;0;-1;-1;-1;-1;-1;-1;-1;-1;-1;7;19;44;57;69;19;44;50;32;10;4.63;4;1.94;Santa Fe;River Plate;1.7;1.85;1.75;2;1.75;2;94;82;57;44;32;50;50;50;1.59;1.29;2.88;1188;10;Y;N;N;N;N;N;N
347216;4361;6675;2018;complete;2480;5;-1;;90;0;1;1;5;2;7;2;0;5;3;0;0;4;6;8;5;12;11;13;12;49;51;5;3;2.65;3.1;2.65;1.06;1.39;2.2;4.15;8;7;2.75;1.57;1.2;1.06;2;1.8;3;1.36;3;1.36;1.44;1.33;1.44;3.3;2;3.25;2.9;2.2;3.55;0;0;0;0;2.1;0;0;0;0;1.66;0;0;0;0;0;2.1;8.9;2.03;4.33;4.33;0;0;0;0;0;0;0;0;1.5;3.5;10.5;26;2.5;1.29;1.09;1.01;0;0;0;0;1;0;0;0;1;1;0;2018-05-15 22:15:00;6675;1;50;0;50;0;1;1;1;1;4;1;2;5;2;0;3;3;2;6;1;63;45;120;110;1.5;1.45;2.95;0;0;0;0;0;0;1;1;0;0;1;1;1;0;-1;-1;-1;-1;-1;-1;-1;-1;-1;13;25;50;75;88;13;50;88;63;7.75;1;4.5;2.5;Defensor Sporting;Cerro Porteño;0.67;1.86;1;1.75;1;1.75;88;75;50;25;13;50;38;13;1.84;1.41;3.25;1188;6;Y;N;N;N;N;N;N
347217;4324;2142;2018;complete;2480;5;-1;20;;1;0;1;3;6;9;2;1;4;1;0;0;5;2;7;11;12;13;24;24;37;63;4;1;3;3.15;2.35;1.07;1.43;2.35;4.45;9;7;2.63;1.57;1.2;1.05;2.05;1.77;0;0;0;0;1.53;1.33;1.36;3.6;1.95;3.1;3.68;2.22;2.79;0;0;0;0;0;0;0;0;0;0;0;0;0;0;0;2.24;8.6;1.93;0;0;0;0;0;0;0;0;0;0;1.49;3.85;11;13;2.58;1.34;1.08;1.02;0;0;0;0;1;1;0;0;0;0;1;2018-05-15 22:15:00;4324;1;38;25;0;0;1;1;2;1;1;5;3;6;1;0;3;1;1;4;1;41;58;86;106;1.41;1.38;2.79;0;0;0;0;0;0;1;1;0;0;1;0;0;0;-1;-1;-1;-1;-1;-1;-1;-1;-1;13;38;50;75;100;38;75;75;50;7;2.75;4.75;2.75;Delfin SC;Atlético Nacional;1.17;1.63;1;2.25;1;2.25;88;63;50;25;0;13;0;0;1.57;1.58;3.15;1188;6;Y;N;N;N;N;N;N
347218;2843;616;2018;complete;2480;5;-1;90;69,90;1;2;3;3;4;7;0;1;3;1;0;0;3;7;3;11;6;18;17;12;40;60;3;1;6.05;3.9;1.53;1.05;1.33;2;3.65;0;0;0;0;0;0;2.15;1.69;5;1.16;2;1.72;0;0;0;0;0;0;0;0;0;0;0;0;1.83;0;0;0;0;1.83;0;0;0;0;0;0;3.39;9.5;1.39;9;2.39;0;0;0;0;0;0;0;0;1.39;3;9;23;2.75;1.36;1.07;1.01;0;0;0;0;3;0;0;1;2;3;0;2018-05-16 00:30:00;616;1;25;0;25;0;1;1;1;1;2;3;2;5;0;0;3;1;0;4;1;29;52;115;92;0.82;2;2.82;0;1;0;1;0;0;1;1;0;0;0;0;0;0;-1;-1;-1;-1;-1;-1;-1;-1;-1;13;50;50;75;88;13;25;88;63;7.75;2.25;3.25;2.75;Monagas;Grêmio;0.5;2.17;0.75;2;0.75;2;88;50;50;25;13;25;13;13;1.41;1.59;3;1188;6;Y;Y;Y;N;N;N;Y
347219;2188;2267;2018;complete;2480;5;-1;31,38;;2;0;2;7;4;11;2;2;2;1;0;0;8;3;3;2;11;5;25;15;53;47;2;1;1.4;4.3;7.75;1.04;1.27;1.87;3.2;6.5;9;3.5;1.83;1.33;1.1;2.1;1.74;2;1.72;6;1.12;1.09;1.2;1.01;2.01;2.26;7.1;1.65;2.84;8.1;0;0;0;1.83;0;0;0;0;1.83;0;0;0;0;0;0;1.42;11.5;3.45;2.29;11;0;0;0;0;0;0;0;0;1.36;2.75;8;21;3;1.4;1.11;1.01;0;0;0;0;2;2;0;0;0;0;2;2018-05-16 00:30:00;2188;1;63;25;25;0;1;1;2;0;5;4;2;9;1;0;1;1;1;2;1;54;47;112;99;1.65;0.88;2.53;0;0;0;0;0;0;1;1;0;0;1;0;0;0;-1;-1;-1;-1;-1;-1;-1;-1;-1;13;13;25;75;100;63;75;50;25;6.25;2.75;6.25;2.25;Colo-Colo;Bolívar;1.22;1.33;1;1.25;1;1.25;88;88;75;25;0;13;0;0;1.85;1.34;3.19;1188;6;Y;Y;N;N;N;N;N
347220;612;4326;2018;complete;2480;5;-1;48,90;;2;0;2;6;6;12;0;1;2;3;0;0;7;7;12;4;19;11;17;20;48;52;2;3;1.37;4.35;8.25;1.03;1.24;1.77;2.9;5.9;12.5;4.05;2.06;1.38;1.12;2.05;1.8;2;1.72;7;1.1;1.08;1.2;2.8;1.85;2.38;8.3;1.55;2.94;10.5;0;0;0;0;1.9;0;0;0;0;1.8;0;0;0;0;0;1.3;13;3.6;2.29;12;0;0;0;0;0;0;0;0;1.36;2.58;6.5;19;3;1.49;1.09;1.02;0;0;0;0;2;0;0;2;0;2;0;2018-05-17 00:45:00;612;1;75;25;50;0;1;1;3;3;3;3;6;6;1;1;1;2;2;3;1;82;80;123;129;2.28;1.77;4.05;0;0;0;0;0;0;1;1;0;0;1;1;0;0;-1;-1;-1;-1;-1;-1;-1;-1;-1;0;13;50;75;88;13;38;63;50;10.25;2.75;5.5;2.25;Flamengo;CS Emelec;1.43;0.17;1.5;0.25;1.5;0.25;100;88;50;25;13;63;63;63;1.73;0.91;2.64;1188;6;Y;Y;N;N;N;N;N
347221;705;2811;2018;complete;2480;6;-1;12,20,34,42,55;;5;0;5;8;3;11;1;2;1;1;0;0;10;3;5;4;15;7;10;11;66;34;1;1;1.08;10.5;19.75;1;1.09;1.33;1.83;2.96;21;7.6;3.52;1.97;1.4;2.45;1.56;1.53;2.37;19;1.02;1.01;1.05;8;1.36;3.74;12.75;1.24;4.85;14.5;0;0;0;1.72;0;0;0;0;2;0;0;0;0;0;0;1.12;23;6;1.57;41;0;0;0;0;0;0;0;0;1.17;1.86;3.6;10;4.5;1.92;1.25;1.06;0;0;0;0;5;4;0;1;0;1;4;2018-05-17 00:45:00;705;1;30;0;0;0;1;1;5;1;3;2;6;5;1;1;0;0;2;0;1;77;39;81;66;2.19;0.94;3.13;0;0;0;0;0;0;1;1;0;0;2;0;0;0;-1;-1;-1;-1;-1;-1;-1;-1;-1;0;10;10;60;80;10;60;70;20;9.4;4.8;3.8;1.6;Boca Juniors;Alianza Lima;1.62;0.17;1.2;0.2;1.2;0.2;100;90;90;40;20;50;40;30;1.76;0.71;2.47;1188;6;Y;Y;Y;Y;Y;N;N
347222;619;2131;2018;complete;2480;6;-1;52,60,69;67;3;1;4;4;2;6;2;5;1;1;0;0;8;7;7;2;15;9;14;9;50;50;1;1;1.95;3.5;3.6;1.05;1.32;2;3.5;7;9;3.25;1.73;1.29;1.08;1.91;1.91;2.62;1.44;4;1.22;1.25;1.01;1.8;2.6;2.15;3.75;2.46;2.46;3.72;0;0;0;0;2.1;0;0;0;0;1.66;0;0;0;0;0;1.61;9.5;2.6;3.25;6.5;0;0;0;0;0;0;0;0;1.4;3.25;8;23;2.75;1.33;1.08;1.01;0;0;0;0;4;0;0;3;1;4;0;2018-05-17 00:45:00;619;1;31;0;25;0;1;1;1;2;3;0;3;3;1;0;0;1;1;1;1;70;50;57;56;2;1.41;3.41;0;1;0;0;0;1;1;1;0;0;0;0;0;0;-1;-1;-1;-1;-1;-1;-1;-1;-1;0;16;31;72;95;16;74;84;41;9.96;3.62;3.91;2.14;Palmeiras;Junior;2.36;1.4;2.6;1.56;2.6;1.56;100;85;69;28;6;79;54;48;1.65;1.51;3.16;1188;10;Y;Y;Y;Y;N;N;Y
347223;6674;722;2018;complete;2480;6;-1;;;0;0;0;2;1;3;4;1;0;1;0;1;5;0;4;6;9;6;10;14;65;35;0;3;2.65;2.25;3.9;1.15;1.61;2.85;5.85;7.5;4.33;2.2;1.4;1.17;1.07;2.2;1.69;2.25;1.57;2.75;1.4;1.25;1.53;1.01;3.4;1.67;4.5;2.83;2.03;4.15;0;0;0;1.72;0;0;0;0;2;0;0;0;0;0;0;1.95;4.75;2.5;4;5.5;0;0;0;0;0;0;0;0;1.67;3.75;9;15;2.1;1.25;1.04;1.02;0;0;0;0;0;0;0;0;0;0;0;2018-05-17 22:15:00;-1;1;40;25;50;0;1;1;0;0;2;1;0;3;0;1;0;1;1;1;1;88;36;109;92;1.56;0.65;2.21;0;0;0;0;0;0;1;1;0;0;0;0;0;0;-1;-1;-1;-1;-1;-1;-1;-1;-1;0;20;60;90;100;20;50;100;60;8.6;3.4;3.6;2.7;Libertad;Atlético Tucumán;1.86;1.3;2.4;1.8;2.4;1.8;100;80;40;10;0;60;50;50;1.75;1.39;3.14;1188;7;N;N;N;N;N;N;N
347224;4358;2257;2018;complete;2480;6;-1;20,37;;2;0;2;4;7;11;6;0;1;2;1;0;7;3;6;3;13;6;14;9;55;45;2;2;1.09;8.5;23.5;1.01;1.14;1.49;2.2;4;15;4.5;2.5;1.53;1.22;2.7;1.48;1.5;2.5;13;1.04;1.02;1.09;5.5;1.44;2.9;13;1.39;3.4;14.75;0;0;0;1.72;0;0;0;0;2;0;0;0;0;0;0;1.11;15;6.5;1.61;26;0;0;0;0;0;0;0;0;1.25;2.16;4.6;9;3.75;1.68;1.17;1.04;0;0;0;0;2;2;0;0;0;0;2;2018-05-17 22:15:00;4358;1;40;0;25;0;1;1;0;5;4;2;5;6;0;1;2;1;1;3;1;26;16;36;28;1.49;0.7;2.19;1;0;1;0;0;0;1;1;0;0;0;0;0;0;-1;-1;-1;-1;-1;-1;-1;-1;-1;0;20;60;70;100;20;70;80;40;10.8;3.2;4.4;2.5;Peñarol;The Strongest;1.5;0.5;1.2;0.6;1.2;0.6;100;80;40;30;0;40;30;30;1.68;1.05;2.73;1188;6;Y;Y;N;N;N;N;N
347225;2136;702;2018;complete;2480;5;-1;59;75;1;1;2;9;4;13;0;1;2;5;0;0;2;7;11;3;13;10;15;15;57;43;2;5;2.35;3.05;3.1;1.08;1.48;2.45;4.8;7.5;7;2.55;1.55;1.2;1.05;2.15;1.69;2.5;1.5;3;1.36;1.3;1.25;1.6;3.07;1.9;4.01;0;0;0;0;0;0;1.66;0;0;0;0;2.1;0;0;0;0;0;0;1.8;7;2.4;3.5;4.75;0;0;0;0;0;0;0;0;1.53;3.75;11;0;2.37;1.25;1.05;0;0;0;0;0;2;0;0;1;1;2;0;2018-05-18 00:30:00;-1;1;25;25;0;0;1;1;7;2;2;2;9;4;0;2;2;3;2;5;1;90;42;111;88;1.61;1.43;3.04;1;0;1;0;0;0;1;1;0;0;3;0;0;0;-1;-1;-1;-1;-1;-1;-1;-1;-1;0;13;38;38;88;38;75;38;13;12.75;4.5;5.25;1.75;Millonarios;Independiente;1.33;1.3;1;1.5;1;1.5;100;88;63;63;13;100;88;88;1.92;1.65;3.57;1188;6;Y;Y;N;N;N;N;Y
347226;2856;624;2018;complete;2480;5;-1;45,77;11,32,52,70,86,90,90;2;7;9;3;4;7;2;1;3;0;0;0;5;14;9;4;14;18;12;9;52;48;3;0;4.1;3.1;1.95;1.07;1.43;2.35;4.45;9;7.5;2.63;1.62;1.22;1.05;2.15;1.71;3.75;1.25;2.2;1.61;1.83;1.33;1.2;4.5;2.05;2.5;5.25;2.34;2.16;0;0;0;0;1.9;0;0;0;0;1.8;0;0;0;0;0;2.75;7.5;1.61;6.5;3;0;0;0;0;0;0;0;0;1.44;3.5;8;26;2.63;1.29;1.06;1.01;0;0;0;0;9;1;2;1;5;6;3;2018-05-18 00:30:00;624;1;25;0;0;0;1;1;3;2;0;2;5;2;2;0;1;0;2;1;1;75;61;98;89;1.77;2.55;4.32;0;1;0;1;0;0;1;1;0;0;0;0;0;0;-1;-1;-1;-1;-1;-1;-1;-1;-1;0;13;38;63;88;38;50;63;38;11;2.25;4.5;2;Deportivo Lara;Corinthians;1;1.43;1.5;1.75;1.5;1.75;100;88;63;38;13;100;88;88;1.31;0.98;2.29;1188;6;Y;Y;Y;Y;Y;Y;Y
347227;613;717;2018;complete;2480;6;-1;3,11;28;2;1;3;6;6;12;2;1;3;4;0;0;4;4;8;6;12;10;12;16;36;64;3;4;1.54;3.85;5.85;1.05;1.34;2.05;3.7;0;0;0;0;0;0;2.2;1.69;1.83;1.83;5.5;1.14;0;0;0;0;0;0;0;0;0;0;0;0;0;1.83;0;0;0;0;1.83;0;0;0;0;0;1.36;8.5;3.75;2.25;10;0;0;0;0;0;0;0;0;1.44;3;9;23;2.62;1.36;1.07;1.01;0;0;0;0;3;2;1;0;0;0;3;2018-05-23 00:30:00;613;1;40;25;0;0;1;1;2;3;4;3;5;7;1;1;2;3;2;5;1;48;62;81;90;1.38;1.36;2.75;0;0;0;0;0;0;1;1;1;0;0;0;0;0;-1;-1;-1;-1;-1;-1;-1;-1;-1;30;50;50;70;80;60;70;70;40;9.2;3.6;5.4;3.2;Cruzeiro;Racing Club;1.67;1.71;1.6;2.2;1.6;2.2;70;50;50;30;20;60;30;30;1.98;1.29;3.27;1188;7;Y;Y;Y;N;N;N;Y
347228;2189;625;2018;complete;2480;6;-1;;15,82;0;2;2;5;2;7;8;0;2;4;0;0;6;6;6;4;12;10;12;15;57;43;2;4;2.15;3.3;3.2;1.05;1.32;2;3.6;7;8;3;1.73;1.25;1.08;1.87;1.91;2.75;1.4;3.75;1.25;1.3;1.33;1.62;2.8;2.05;3.75;2.63;2.34;3.66;0;0;0;1.83;0;0;0;0;1.83;0;0;0;0;0;0;1.83;9.8;2.31;3.75;6;0;0;0;0;0;0;0;0;1.44;3.25;7;23;2.63;1.33;1.07;1.01;0;0;0;0;2;0;1;0;1;1;1;2018-05-23 00:30:00;625;1;16;25;0;0;1;1;4;1;1;1;5;2;0;1;2;3;1;5;1;57;34;128;103;1.6;1.31;2.91;0;0;0;0;0;0;1;1;0;0;0;0;0;0;-1;-1;-1;-1;-1;-1;-1;-1;-1;10;38;38;59;85;54;59;69;27;7.04;2.33;5.96;2.49;Universidad Chile;Vasco da Gama;0.83;1.4;1;1.22;1;1.22;90;62;62;41;16;48;17;17;1.29;1.15;2.44;1188;6;Y;Y;N;N;N;N;N
347229;6675;2843;2018;complete;2480;6;-1;6,48,90;71,80;3;2;5;4;4;8;3;4;1;1;0;0;8;8;12;9;20;17;10;14;56;44;1;1;1.23;6;10.25;1.01;1.17;1.56;2.4;0;0;0;0;0;0;2.05;1.77;1.83;1.83;10;1.06;0;0;0;0;0;0;0;0;0;0;0;0;1.72;2;0;0;0;2;1.72;0;0;0;0;0;1.18;15;4.75;1.95;19;0;0;0;0;0;0;0;0;1.28;2.25;5.5;15;3.5;1.57;1.14;1.03;0;0;0;0;5;1;0;2;2;4;1;2018-05-23 22:15:00;6675;1;30;0;50;0;1;1;1;3;3;1;4;4;0;0;1;1;0;2;1;67;59;99;88;2.3;2.05;4.35;2;0;2;0;0;0;1;1;1;0;0;2;0;0;-1;-1;-1;-1;-1;-1;-1;-1;-1;10;30;50;70;90;10;40;90;50;6.4;1.4;5.2;2.5;Cerro Porteño;Monagas;1.86;0.5;2;0.6;2;0.6;90;70;50;30;10;30;20;10;1.61;1.16;2.77;1188;6;Y;Y;Y;Y;Y;N;Y
347230;616;4361;2018;complete;2480;6;-1;66;;1;0;1;5;0;5;3;1;4;5;0;0;3;4;9;5;12;9;11;21;85;15;4;5;1.29;5.15;9.25;1.02;1.23;1.69;2.85;5.5;10;4;1.91;1.4;1.13;2.2;1.69;1.8;1.9;8;1.08;1.06;1.15;3.3;1.73;2.5;7.5;1.58;2.95;9.2;0;0;0;1.72;1.9;0;0;0;2;1.8;0;0;0;0;0;1.25;12.5;4;1.95;15;0;0;0;0;0;0;0;0;1.33;2.5;6.5;17;3.25;1.5;1.09;1.02;0;0;0;0;1;0;0;1;0;1;0;2018-05-23 22:15:00;616;1;50;0;25;0;1;1;1;0;4;0;1;4;1;1;3;4;2;7;1;119;33;149;62;1.83;1.09;2.92;0;0;0;0;0;0;1;1;0;0;0;0;0;0;-1;-1;-1;-1;-1;-1;-1;-1;-1;10;30;50;70;90;10;20;90;70;8.8;1.8;3.4;2.5;Grêmio;Defensor Sporting;2.17;0.67;2.2;0.8;2.2;0.8;90;70;50;30;10;30;20;10;2.69;1.21;3.9;1188;6;Y;N;N;N;N;N;N
347231;718;612;2018;complete;2480;6;-1;;;0;0;0;4;2;6;1;0;4;2;0;0;5;4;9;4;14;8;19;21;65;35;4;2;1.8;3.5;4.25;1.04;1.31;1.95;3.45;6.5;9;3.25;1.8;1.29;1.1;1.91;1.91;2.37;1.53;4.33;1.2;1.2;1.01;1.91;2.38;2.15;4.5;2.13;2.49;4.75;0;0;0;0;1.72;2;0;0;0;2;1.72;0;0;0;0;1.55;8.5;2.75;3;7;0;0;0;0;0;0;0;0;1.4;2.75;7.5;17;2.75;1.4;1.06;1.01;0;0;0;0;0;0;0;0;0;0;0;2018-05-24 00:45:00;-1;1;50;0;50;0;1;1;3;2;1;0;5;1;1;1;3;1;2;4;1;60;26;123;82;1.67;0.98;2.66;0;0;0;0;0;0;1;1;0;0;0;0;1;0;-1;-1;-1;-1;-1;-1;-1;-1;-1;0;20;40;60;80;10;30;50;50;10.8;2.6;4.4;2;River Plate;Flamengo;1.85;1.43;2.2;1.8;2.2;1.8;100;80;60;40;20;50;50;50;2.25;1.62;3.87;1188;7;N;N;N;N;N;N;N
347232;4326;2133;2018;complete;2480;6;-1;;39,52,54;0;3;3;5;4;9;2;2;1;4;2;0;4;6;3;6;7;12;14;14;60;40;5;4;1.95;3.2;4;1.07;1.43;2.35;4.45;9;7;2.63;1.57;1.2;1.05;2.15;1.71;0;0;0;0;1.22;1.01;1.83;2.6;2;4.33;2.27;2.33;4.75;0;0;0;0;0;0;0;0;0;0;0;0;0;0;0;1.55;7;2.9;0;0;0;0;0;0;0;0;0;0;1.53;3.6;8;3.1;2.4;1.25;1.06;1.33;0;0;0;0;3;0;1;0;2;2;1;2018-05-24 00:45:00;2133;1;52;25;25;0;1;1;3;2;2;2;5;4;0;1;3;3;1;6;1;80;44;111;99;1.31;1.5;2.81;0;0;0;0;0;0;1;1;0;0;0;0;0;0;-1;-1;-1;-1;-1;-1;-1;-1;-1;6;6;37;68;84;17;54;62;36;9.58;4.31;4.69;1.99;CS Emelec;Santa Fe;0.17;1.7;0.2;1.56;0.2;1.56;95;95;64;32;17;62;62;62;1.56;1.11;2.67;1188;6;Y;Y;Y;N;N;N;N
347233;709;4359;2018;complete;2480;6;-1;62,69,90;4;3;1;4;4;2;6;1;0;6;3;1;2;9;3;4;6;13;9;20;22;55;45;7;5;1.83;3.35;4.4;1.08;1.44;2.35;4.55;0;0;0;0;0;0;2.25;1.65;2;1.72;2.75;1.4;0;0;0;0;0;0;0;0;0;0;0;0;0;1.72;1.8;0;0;0;2;1.9;0;0;0;0;1.8;5;2.75;3.1;5;0;0;0;0;0;0;0;0;1.66;4.33;15;0;2.1;1.2;1.03;0;0;0;0;0;4;0;1;3;0;3;1;2018-05-24 22:15:00;709;1;11;0;25;0;1;1;1;1;3;1;2;4;3;0;4;5;3;9;1;87;49;137;106;2.09;1.14;3.23;2;0;2;0;0;0;1;1;0;1;0;1;0;0;-1;-1;-1;-1;-1;-1;-1;-1;-1;0;17;27;37;69;0;37;54;27;11.16;2.98;5.91;1.49;Estudiantes;Nacional;1.38;1.8;1;2;1;2;100;84;74;64;31;79;52;52;2.46;1.42;3.88;1188;8;Y;Y;Y;Y;N;N;Y
347234;611;2806;2018;complete;2480;6;-1;;;0;0;0;8;1;9;0;0;2;3;0;0;9;0;17;5;26;5;12;14;74;26;2;3;1.1;8.25;20.75;1.01;1.13;1.44;2.15;4.33;13;4.5;2.25;1.5;1.2;2.45;1.56;1.61;2.2;15;1.03;1.03;1.01;5;1.53;2.94;11.5;1.35;3.4;11;0;0;0;0;1.8;2.1;0;0;0;1.9;1.66;0;0;0;0;1.12;21;6;1.66;29;0;0;0;0;0;0;0;0;1.29;2.38;5.4;11;3.5;1.53;1.13;1.05;0;0;0;0;0;0;0;0;0;0;0;2018-05-24 22:15:00;-1;1;10;0;25;0;1;1;4;0;4;1;4;5;0;0;2;3;0;5;1;94;25;105;83;2.93;0.51;3.44;0;0;0;0;0;0;1;1;0;0;0;0;0;0;-1;-1;-1;-1;-1;-1;-1;-1;-1;0;20;30;60;80;0;60;70;30;8.2;2.6;4.6;1.9;Santos;Real Garcilaso;1.5;1;1.8;1;1.8;1;100;80;70;40;20;80;50;50;1.36;0.92;2.28;1188;6;N;N;N;N;N;N;N
347235;2142;2188;2018;complete;2480;6;-1;;;0;0;0;6;1;7;3;0;0;0;0;0;5;0;9;2;14;2;14;13;72;28;0;0;1.69;3.2;5.85;1.05;1.34;2.05;3.75;6.4;10.25;3.5;1.88;1.31;1.07;2.05;1.77;0;0;0;0;1.13;1.25;1.01;2.34;1.97;6.85;2.02;2.32;6.45;0;0;0;0;0;0;0;0;0;0;0;0;0;0;0;1.46;10.5;3.32;0;0;0;0;0;0;0;0;0;0;1.37;2.95;7.5;17;3.05;1.39;1.06;1.01;0;0;0;0;0;0;0;0;0;0;0;2018-05-25 00:30:00;-1;1;30;25;25;0;1;-1;0;1;6;0;1;6;0;0;0;0;0;0;1;101;37;137;95;1.97;0.41;2.38;0;0;0;0;0;0;1;1;0;0;0;0;-1;-1;-1;-1;-1;-1;-1;-1;-1;-1;-1;10;20;30;60;100;40;70;60;30;7.6;2.4;4.4;2.2;Atlético Nacional;Colo-Colo;1.63;1.22;1.8;1.4;1.8;1.4;90;80;70;40;0;30;10;10;2.19;1.28;3.47;1188;8;N;N;N;N;N;N;N
347236;2267;4324;2018;complete;2480;6;-1;13,48;50;2;1;3;12;7;19;2;2;4;4;0;1;9;2;15;11;24;13;14;9;56;44;4;5;1.36;4.65;8;1.03;1.24;1.77;2.95;4;13;4.33;2.25;1.53;1.22;2.05;1.77;2.1;1.66;8;1.08;1.08;1.15;3.1;1.73;2.6;6.5;1.7;2.86;7;0;0;0;1.72;0;0;0;0;2;0;0;0;0;0;0;1.36;17;3.6;2.37;13;0;0;0;0;0;0;0;0;1.29;2.25;5.4;15;3.5;1.57;1.13;1.03;0;0;0;0;3;1;0;1;1;2;1;2018-05-25 00:30:00;2267;1;50;25;0;0;1;1;5;3;7;4;8;11;2;2;2;3;4;5;1;77;44;99;92;2.69;1.28;3.97;0;0;0;0;0;0;1;1;0;0;3;0;0;0;-1;-1;-1;-1;-1;-1;-1;-1;-1;10;20;30;80;100;60;90;40;30;7;3.4;6;2.4;Bolívar;Delfin SC;1.33;1.17;1;1.4;1;1.4;90;80;70;20;0;30;10;10;1.69;1.01;2.7;1188;6;Y;Y;Y;N;N;N;Y
347237;702;2856;2018;complete;2480;6;-1;38,81;;2;0;2;10;1;11;1;1;3;3;0;1;9;3;7;2;16;5;12;12;68;32;3;4;1.13;7;20.5;1.02;1.2;1.67;2.7;4.5;12;4;2.14;1.4;1.17;2.9;1.41;1.61;2.2;10;1.06;1.01;1.13;4;1.62;2.63;9;1.4;3.1;12;0;0;0;1.72;2;0;0;0;2;1.72;0;0;0;0;0;1.29;15;4.6;1.8;21;0;0;0;0;0;0;0;0;1.33;2.5;5.75;17;3.25;1.5;1.11;1.02;0;0;0;0;2;1;0;1;0;1;1;2018-05-25 00:30:00;702;1;40;0;0;0;1;1;4;0;6;1;4;7;1;1;2;3;2;5;1;90;31;95;59;2.28;0.75;3.04;0;0;0;0;0;0;1;1;0;0;0;0;0;0;-1;-1;-1;-1;-1;-1;-1;-1;-1;10;20;40;60;100;40;70;60;40;8.8;3.2;6;2.7;Independiente;Deportivo Lara;1.3;1;1.4;1.2;1.4;1.2;90;80;60;40;0;90;80;80;1.6;0.67;2.27;1188;6;Y;Y;N;N;N;N;N
347238;624;2136;2018;complete;2480;6;-1;;73;0;1;1;6;2;8;4;4;1;2;0;0;8;3;15;3;23;6;5;21;64;36;1;2;1.62;3.45;5.95;1.07;1.42;2.25;4.3;8;7;2.75;1.62;1.2;1.06;2.3;1.62;1.9;1.8;4.5;1.18;1.13;1.29;2.15;2.25;2.05;5.5;2.04;2.33;6.2;0;0;0;0;1.83;0;0;0;0;1.83;0;0;0;0;0;1.57;8;3.2;2.4;9;0;0;0;0;0;0;0;0;1.44;3.25;8;26;2.63;1.33;1.05;1.01;0;0;0;0;1;0;0;0;1;1;0;2018-05-25 00:30:00;2136;1;40;25;0;0;1;1;1;2;5;0;3;5;1;2;0;0;3;0;1;74;43;125;103;2.54;0.91;3.46;0;0;0;0;0;0;1;1;0;0;0;0;0;0;-1;-1;-1;-1;-1;-1;-1;-1;-1;10;20;40;60;80;40;50;60;40;14.2;3;3.8;2.5;Corinthians;Millonarios;1.43;1.33;2;1;2;1;90;80;60;40;20;90;80;80;1.79;1.48;3.27;1188;6;Y;N;N;N;N;N;N
413771;709;616;2018;complete;4000;0;-1;9,38;44;2;1;3;3;5;8;0;3;4;2;1;0;5;6;3;3;8;9;23;11;50;50;5;2;3.55;2.75;2.3;1.17;1.83;3.65;7.75;10;5;1.97;1.4;1.1;1.02;2.9;1.41;2.62;1.44;2;1.72;1.5;1.36;1.22;4.84;1.8;3.53;3.4;1.91;3.1;0;0;0;0;0;0;0;0;0;0;0;0;0;0;0;1.9;5;1.9;4.75;3;0;0;0;0;0;0;0;0;1.8;5;11;51;2.09;1.15;1.02;1;0;0;0;0;3;2;1;0;0;0;3;2018-08-08 00:45:00;709;1;25;0;34;0;1;1;1;2;2;3;3;5;2;2;3;0;4;3;1;0;0;0;0;1.12;1.19;2.3;0;0;0;0;0;0;1;1;1;0;0;0;0;0;-1;-1;-1;-1;-1;-1;-1;-1;-1;9;25;42;59;75;9;34;67;50;10.16;2.5;4.5;2.09;Estudiantes;Grêmio;1.38;2.17;1.33;2.33;1.33;2.33;92;75;59;42;25;42;25;25;2.34;1.72;4.06;1188;8;Y;Y;Y;N;N;N;Y
413772;705;6674;2018;complete;4000;0;-1;7,43;;2;0;2;7;2;9;1;3;2;0;0;0;7;3;6;7;13;10;16;10;58;42;2;0;1.43;4.15;7.75;1.06;1.38;2.2;4.05;8;8.7;3.04;1.63;1.2;1.06;2.5;1.53;1.72;2;5.5;1.14;1.1;1.22;2.7;1.91;2.1;7;1.8;2.5;6.5;0;0;0;1.8;0;0;0;0;1.9;0;0;0;0;0;0;1.35;9;3.1;2.04;11;0;0;0;0;0;0;0;0;1.43;3.32;10;34;2.7;1.3;1.06;1;0;0;0;0;2;2;0;0;0;0;2;2018-08-08 22:30:00;705;1;33;0;17;0;1;1;4;1;3;1;5;4;1;0;1;0;1;1;1;64;62;96;79;1.77;1.29;3.06;0;0;0;0;0;0;1;1;1;0;1;0;0;0;-1;-1;-1;-1;-1;-1;-1;-1;-1;9;17;34;75;83;9;50;75;42;11.16;4.16;2.67;2.17;Boca Juniors;Libertad;1.62;1.86;1.5;2.17;1.5;2.17;92;83;67;25;17;59;42;42;1.91;1.18;3.09;1188;7;Y;Y;N;N;N;N;N
413773;2188;624;2018;complete;4000;0;-1;38;;1;0;1;5;4;9;3;0;5;3;0;1;8;3;3;4;11;7;19;12;56;44;5;4;2.3;2.95;3.45;1.11;1.59;2.8;5.7;11;5.75;2.35;1.43;1.11;1.02;2.35;1.59;2.2;1.61;2.75;1.4;1.3;1.36;1.57;3.2;1.8;4.3;2.75;2.1;3.6;0;0;0;0;1.72;0;0;0;0;2;0;0;0;0;0;1.75;5.5;2.15;3.25;4.75;0;0;0;0;0;0;0;0;1.6;4.25;13;67;2.24;1.2;1.04;1;0;0;0;0;1;1;0;0;0;0;1;2018-08-09 00:45:00;2188;1;33;17;17;0;1;1;2;3;3;1;5;4;2;1;3;3;3;6;1;43;30;75;59;1.57;0.87;2.44;0;0;0;0;0;0;1;1;0;0;0;0;0;0;-1;-1;-1;-1;-1;-1;-1;-1;-1;9;9;25;59;83;42;42;59;25;10.16;1.83;4;2.17;Colo-Colo;Corinthians;1.22;1.43;1.33;1.67;1.33;1.67;92;92;75;42;17;50;34;34;1.79;1.5;3.29;1188;7;Y;N;N;N;N;N;N
413774;612;613;2018;complete;4000;0;-1;;10,78;0;2;2;13;4;17;0;1;1;2;0;0;6;5;7;5;13;10;8;14;63;37;1;2;2;3.1;4.15;1.11;1.61;2.85;5.85;10;8;2.1;1.4;1.1;1.02;2.5;1.53;2.1;1.66;2.75;1.4;1.2;1.36;1.78;3.1;1.83;4.5;2.6;2.1;4;0;0;0;0;0;0;0;0;0;0;0;0;0;0;0;1.65;8;2.3;3;4.75;0;0;0;0;0;0;0;0;1.68;4.1;15;51;2.2;1.2;1.03;1;0;0;0;0;2;0;1;0;1;1;1;2018-08-09 00:45:00;613;1;42;33;33;0;1;1;12;2;1;1;14;2;0;1;1;1;1;2;1;51;33;70;49;1.6;1.22;2.82;0;0;0;0;0;0;1;1;0;1;2;0;0;0;-1;-1;-1;-1;-1;-1;-1;-1;-1;17;34;50;67;67;42;42;50;42;9.84;2.33;4.17;2.58;Flamengo;Cruzeiro;1.43;1.67;1.67;1.83;1.67;1.83;84;67;50;33;33;59;50;50;1.91;1.27;3.18;1188;7;Y;Y;N;N;N;N;N
413775;717;718;2018;complete;4000;0;-1;;;0;0;0;9;5;14;3;1;2;3;0;1;5;2;2;3;7;5;19;11;63;37;2;4;2.85;3.05;2.6;1.07;1.43;2.35;4.45;11;7.5;2.62;1.57;1.18;1.05;2.05;1.77;2.75;1.4;2.75;1.4;0;0;0;3.5;1.95;3.4;3;2.25;2.87;0;0;0;0;1.9;0;0;0;0;1.8;0;0;0;0;0;2.2;7.5;1.9;4.33;4;0;0;0;0;0;0;0;0;1.53;3.5;11;17;2.37;1.28;1.05;1.02;0;0;0;0;0;0;0;0;0;0;0;2018-08-09 22:30:00;-1;1;50;17;33;0;1;1;4;5;5;0;9;5;1;3;1;1;4;2;1;103;69;113;104;1.54;0.96;2.5;0;0;0;0;0;0;1;1;0;0;0;1;1;0;-1;-1;-1;-1;-1;-1;-1;-1;-1;9;25;42;58;84;34;58;50;33;9.83;3.5;6.17;2.25;Racing Club;River Plate;1.71;1.85;1.83;2;1.83;2;92;75;59;42;17;50;33;33;1.77;1.14;2.91;1188;7;N;N;N;N;N;N;N
413776;722;2142;2018;complete;4000;0;-1;7,71;;2;0;2;2;8;10;2;1;4;4;0;0;6;2;4;4;10;6;25;19;33;67;4;4;2.75;2.85;2.85;1.12;1.65;3;6.2;17;6.6;2.37;1.42;1.16;1.05;2.45;1.54;0;0;0;0;0;0;0;3.6;1.75;3.75;0;0;0;0;0;0;0;0;0;0;0;0;0;0;0;0;0;0;1.95;7;1.95;0;0;0;0;0;0;0;0;0;0;1.7;4.8;13;29;2.18;1.25;1.05;1.01;0;0;0;0;2;1;0;1;0;1;1;2018-08-10 00:45:00;722;1;25;0;0;0;1;1;1;1;1;7;2;8;2;2;2;2;4;4;1;21;24;35;37;1.2;0.69;1.89;0;0;0;0;0;0;1;1;1;0;1;1;0;0;-1;-1;-1;-1;-1;-1;-1;-1;-1;9;25;42;50;83;25;59;67;33;8;3.33;4;2.09;Atlético Tucumán;Atlético Nacional;1.3;1.63;1.67;1.67;1.67;1.67;92;75;59;50;17;34;25;25;1.5;1.51;3.01;1188;8;Y;Y;N;N;N;N;N
413777;6675;619;2018;complete;4000;0;-1;;47,71;0;2;2;3;1;4;0;2;3;2;0;0;0;5;7;2;7;7;15;12;50;50;3;2;3;2.9;2.55;1.11;1.57;2.75;5.6;14.5;7.4;2.6;1.52;1.18;1.06;2.35;1.61;2.62;1.44;2.5;1.5;1.45;1.2;1.45;3.91;1.96;3.5;3.25;2.1;3;0;0;0;0;1.9;2.1;0;0;0;1.8;1.66;0;0;0;0;1.95;7.5;1.95;4.33;3.75;0;0;0;0;0;0;0;0;1.61;4;13;21;2.2;1.22;1.04;1.01;0;0;0;0;2;0;0;0;2;2;0;2018-08-10 00:45:00;619;1;42;0;50;0;1;1;1;1;2;0;2;2;1;1;2;1;2;3;1;35;26;58;52;0.7;0.98;1.68;0;0;0;0;0;0;1;1;0;0;1;0;0;1;-1;-1;-1;-1;-1;-1;-1;-1;-1;17;33;50;84;92;17;67;92;59;8;2.33;3.67;2.75;Cerro Porteño;Palmeiras;1.86;2.36;2.17;2.67;2.17;2.67;84;67;50;17;9;50;25;17;1.84;1.68;3.52;1188;7;Y;Y;N;N;N;N;N
413778;702;611;2018;complete;4000;0;-1;;;0;0;0;7;4;11;1;0;5;4;0;1;6;0;7;0;13;0;16;18;64;36;5;5;1.87;3.15;4.7;1.09;1.5;2.5;5;9;7.5;2.4;1.45;1.15;1.03;2.35;1.61;2;1.72;3.5;1.28;1.2;1.3;1.7;2.75;1.9;5.5;2.3;2.2;4.5;0;0;0;0;1.72;0;0;0;0;2;0;0;0;0;0;1.65;7.5;2.25;2.62;6.5;0;0;0;0;0;0;0;0;1.57;3.75;13;21;2.25;1.25;1.04;1.01;0;0;0;0;0;0;0;0;0;0;0;2018-08-22 00:45:00;-1;1;25;0;0;0;1;1;2;1;5;3;3;8;2;2;3;3;4;6;1;0;0;0;0;1.62;0.27;1.89;0;0;0;0;0;0;1;1;0;0;0;0;0;0;-1;-1;-1;-1;-1;-1;-1;-1;-1;0;9;17;50;92;9;67;59;17;9.66;2.67;6.16;1.67;Independiente;Santos;1.3;1.5;1.67;1.67;1.67;1.67;100;92;83;50;9;100;58;58;1.83;0.73;2.56;1188;8;N;N;N;N;N;N;N
413779;611;702;2018;complete;4000;0;-1;;;0;0;0;7;3;10;2;2;3;2;0;0;4;4;1;2;5;6;22;22;54;46;3;2;1.83;3.3;4.6;1.08;1.47;2.4;4.7;11;6.5;2.68;1.54;1.18;1.05;2.3;1.62;2;1.72;3.75;1.25;1.18;1.3;1.95;2.64;2.06;5.57;2.45;2.05;4.4;0;0;0;0;1.72;1.9;0;0;0;2;1.8;0;0;0;0;1.6;7;2.8;2.62;7.5;0;0;0;0;0;0;0;0;1.54;4;11;26;2.5;1.22;1.03;1.01;0;0;0;0;0;0;0;0;0;0;0;2018-08-28 22:30:00;-1;1;22;17;33;0;-1;1;-1;-1;-1;-1;-1;-1;1;1;2;1;2;3;1;52;22;62;50;0.97;0.82;1.79;0;1;0;0;0;1;1;1;0;0;-1;-1;0;0;-1;-1;-1;-1;-1;-1;-1;-1;-1;0;7;14;43;79;7;57;50;14;9.86;2.43;6.71;1.43;Santos;Independiente;1.5;1.3;1.57;1.57;1.57;1.57;100;93;86;57;22;100;65;65;1.88;1.57;3.45;1188;8;N;N;N;N;N;N;N
413780;616;709;2018;complete;4000;0;-1;6,90;9;2;1;3;9;0;9;1;0;5;5;0;0;7;2;9;0;16;2;10;23;75;25;5;5;1.4;4.1;9;1.07;1.43;2.35;4.45;9;8;2.9;1.54;1.2;1.06;2.75;1.44;1.61;2.2;5;1.16;1.07;1.22;2.63;2.05;2.1;7.5;1.85;2.38;6.5;0;0;0;0;1.9;0;0;0;0;1.8;0;0;0;0;0;1.4;7.5;4.33;1.95;12;0;0;0;0;0;0;0;0;1.53;3.3;8;26;2.5;1.29;1.06;1.01;0;0;0;0;3;1;1;1;0;1;2;2018-08-29 00:45:00;616;1;36;0;0;0;1;1;4;0;5;0;4;5;2;0;3;5;2;8;1;114;26;135;80;2.32;0.47;2.79;0;0;0;0;0;0;1;1;1;1;0;0;0;0;-1;-1;-1;-1;-1;-1;-1;-1;-1;7;22;50;64;79;22;43;57;43;9.86;2.57;4.85;2.22;Grêmio;Estudiantes;2.17;1.38;2;1.57;2;1.57;93;79;50;36;22;36;22;22;2.4;1.26;3.66;1188;8;Y;Y;Y;N;N;N;Y
413781;2142;722;2018;complete;4000;0;-1;12;;1;0;1;11;4;15;2;3;2;3;0;0;8;4;7;4;15;8;12;21;69;31;2;3;1.43;4.4;7;1.04;1.29;1.91;3.3;6;10;3.7;1.98;1.36;1.13;2.2;1.69;0;0;0;0;1.1;1.22;2.55;2.05;2.2;6.25;1.83;2.3;7;0;0;0;0;0;0;0;0;0;0;0;0;0;0;0;1.35;10;3.1;0;0;0;0;0;0;0;0;0;0;1.4;2.88;6.5;13;2.8;1.4;1.08;1.02;0;0;0;0;1;1;0;0;0;0;1;2018-08-29 00:45:00;2142;1;22;17;33;0;1;1;7;1;4;3;8;7;1;2;1;1;3;2;1;119;38;147;94;2.37;1.07;3.44;0;0;0;0;0;0;1;1;0;0;0;0;0;0;-1;-1;-1;-1;-1;-1;-1;-1;-1;7;22;36;57;86;22;64;72;29;8.28;3.29;4.57;2.07;Atlético Nacional;Atlético Tucumán;1.63;1.3;1.43;1.86;1.43;1.86;93;79;64;43;14;43;36;22;2.12;1.15;3.27;1188;8;Y;N;N;N;N;N;N
508280;722;616;2018;complete;4000;0;-1;;35,55;0;2;2;10;1;11;1;2;2;3;1;0;3;6;10;3;13;9;16;12;53;47;4;3;3.35;2.8;2.45;1.16;1.77;3.45;7.25;0;4.9;1.95;1.28;1.07;1.01;2.75;1.44;2.5;1.5;2.1;1.66;1.55;1.44;1.36;0;0;0;3.6;2;3;0;0;0;1.66;0;0;0;0;2.1;0;0;0;0;0;0;2.6;4.75;1.95;4.33;3.25;0;0;0;0;0;0;0;0;1.72;4.5;17;26;2;1.18;1.02;1.01;0;0;0;0;2;0;1;0;1;1;1;2018-09-19 00:45:00;616;1;38;13;25;0;1;1;7;0;3;1;7;4;3;1;0;2;4;2;1;99;61;126;110;1.75;1.44;3.18;0;0;0;0;0;0;1;1;0;0;3;0;0;0;-1;-1;-1;-1;-1;-1;-1;-1;-1;7;19;51;69;88;32;51;75;38;9.01;3.13;4.63;2.32;Atlético Tucumán;Grêmio;1.3;2.17;1.63;2.13;1.63;2.13;94;82;51;32;13;44;32;25;1.42;1.59;3.01;1188;10;Y;Y;N;N;N;N;N
508281;702;718;2018;complete;4000;0;-1;;;0;0;0;6;4;10;1;2;2;4;0;0;6;8;8;5;14;13;14;20;56;44;2;4;2.8;2.85;2.8;1.13;1.67;3.05;6.35;0;5.5;2.15;1.34;1.1;1.01;2.5;1.53;2.37;1.53;2.5;1.5;1.41;1.41;1.48;0;0;0;3.1;2.1;3.2;0;0;0;0;1.9;0;0;0;0;1.8;0;0;0;0;0;2;5.5;2.3;3.75;4;0;0;0;0;0;0;0;0;1.66;4.33;15;23;2.1;1.2;1.03;1.01;0;0;0;0;0;0;0;0;0;0;0;2018-09-19 22:30:00;-1;1;27;0;13;0;1;1;3;1;3;3;4;6;1;0;1;4;1;5;1;55;57;95;78;1.7;1.79;3.49;0;0;0;0;0;0;1;1;0;0;0;1;0;0;-1;-1;-1;-1;-1;-1;-1;-1;-1;0;7;21;34;66;7;40;34;21;10.86;2.79;5.81;1.27;Independiente;River Plate;1.3;1.85;1.5;1.86;1.5;1.86;100;93;80;67;34;72;66;59;1.78;1.1;2.88;1188;10;N;N;N;N;N;N;N
508282;705;613;2018;complete;4000;0;-1;36,82;;2;0;2;8;5;13;1;1;2;1;0;1;3;4;8;4;11;8;13;12;51;49;2;3;1.71;3.3;5.7;1.12;1.62;2.95;6.1;0;5.7;2.2;1.37;1.11;1.01;2.85;1.42;1.83;1.83;3.5;1.28;1.16;1.35;2.14;0;0;0;2.2;2.2;5;0;0;0;0;1.8;0;0;0;0;1.9;0;0;0;0;0;1.53;6;3.4;2.4;7;0;0;0;0;0;0;0;0;1.57;4;13;21;2.25;1.22;1.04;1.01;0;0;0;0;2;1;0;1;0;1;1;2018-09-20 00:45:00;705;1;29;13;13;0;1;1;5;2;3;3;7;6;0;0;2;2;0;4;1;65;49;110;108;1.38;1.15;2.53;0;0;0;0;0;0;1;1;0;0;0;1;0;0;-1;-1;-1;-1;-1;-1;-1;-1;-1;22;29;36;71;79;43;71;57;22;11.86;3;3.71;2.57;Boca Juniors;Cruzeiro;1.62;1.67;1.71;2;1.71;2;79;72;65;29;22;71;50;50;1.87;1.25;3.12;1188;9;Y;Y;N;N;N;N;N
508283;2188;619;2018;complete;4000;0;-1;;3,78;0;2;2;5;1;6;1;2;2;2;1;0;2;6;6;2;8;8;16;22;62;38;4;2;3.1;2.95;2.5;1.1;1.54;2.65;5.35;0;6.3;2.35;1.43;1.13;1.03;2.3;1.62;2.75;1.4;2.5;1.5;1.55;1.41;1.37;0;0;0;3.25;2.1;2.87;0;0;0;1.66;0;0;0;0;2.1;0;0;0;0;0;0;2.3;6;1.9;4.33;3.75;0;0;0;0;0;0;0;0;1.57;3.75;13;21;2.25;1.25;1.04;1.01;0;0;0;0;2;0;1;0;1;1;1;2018-09-21 00:45:00;619;1;36;0;13;0;1;1;1;0;4;0;1;4;0;2;3;0;2;3;1;88;41;110;74;1.29;1.23;2.51;0;0;0;0;0;0;1;1;0;1;0;0;0;0;-1;-1;-1;-1;-1;-1;-1;-1;-1;0;15;29;79;93;29;57;72;43;7.43;2.43;4.57;2.14;Colo-Colo;Palmeiras;1.22;2.36;1.57;2.71;1.57;2.71;100;86;72;22;7;50;22;22;1.73;1.51;3.24;1188;9;Y;Y;N;N;N;N;N
508284;718;702;2018;complete;4000;0;-1;47,69,85;55;3;1;4;4;3;7;0;0;3;3;0;0;8;4;8;3;16;7;18;18;53;47;3;3;1.77;3.35;5.1;1.08;1.45;2.4;4.6;0;7;2.6;1.53;1.17;1.04;2.3;1.62;2;1.72;3.75;1.25;1.2;1.33;2.04;2.6;1.95;5.5;2.2;2.25;4.75;0;0;0;0;1.8;0;0;0;0;1.9;0;0;0;0;0;1.53;7;3.1;2.6;7;0;0;0;0;0;0;0;0;1.53;3.5;11;19;2.37;1.28;1.05;1.02;0;0;0;0;4;0;0;3;1;4;0;2018-10-02 22:30:00;718;1;24;13;29;0;1;1;1;2;3;1;3;4;2;1;1;2;3;3;1;82;56;116;103;2.16;1.14;3.3;0;0;0;0;0;0;1;1;0;0;0;0;0;1;-1;-1;-1;-1;-1;-1;-1;-1;-1;0;7;18;29;59;6;35;29;18;10.75;2.82;5.85;1.12;River Plate;Independiente;1.85;1.3;1.75;1.44;1.75;1.44;100;94;82;71;42;75;70;53;2.06;1.39;3.45;1188;10;Y;Y;Y;Y;N;N;Y
508285;616;722;2018;complete;4000;0;-1;36,45,53,90;;4;0;4;6;2;8;2;0;0;0;0;1;6;2;7;9;13;11;8;9;62;38;0;2;1.47;3.95;7.5;1.07;1.43;2.3;4.35;0;7.25;2.7;1.57;1.19;1.05;2.55;1.51;1.72;2;5;1.16;1.1;1.28;2.62;0;0;0;1.83;2.4;6.5;0;0;0;1.66;0;0;0;0;2.1;0;0;0;0;0;0;1.36;7.5;4;2.1;10;0;0;0;0;0;0;0;0;1.5;3.4;10;26;2.5;1.3;1.06;1.01;0;0;0;0;4;2;0;2;0;2;2;2018-10-03 00:45:00;616;1;33;25;13;0;1;1;4;2;2;0;6;2;0;1;0;0;1;0;1;78;50;124;86;1.81;1.2;3.01;2;0;2;0;0;0;1;1;0;0;1;1;0;0;-1;-1;-1;-1;-1;-1;-1;-1;-1;6;17;45;73;89;28;56;78;33;9.22;3.12;4.89;2.28;Grêmio;Atlético Tucumán;2.17;1.3;2.22;1.44;2.22;1.44;95;84;56;28;11;50;39;34;2.38;1.13;3.51;1188;10;Y;Y;Y;Y;N;N;N
508286;619;2188;2018;complete;4000;0;-1;37,53;;2;0;2;4;3;7;0;0;0;1;0;0;5;2;7;1;12;3;13;17;41;59;0;1;1.41;4.25;8;1.05;1.34;2.05;3.7;0;8.5;3.1;1.71;1.25;1.08;2.35;1.59;1.72;2;6;1.12;1.07;1.28;2.8;0;0;0;1.72;2.5;7;0;0;0;0;2.1;0;0;0;0;1.66;0;0;0;0;0;1.3;8;4.33;2.1;13;0;0;0;0;0;0;0;0;1.44;3;9;23;2.62;1.36;1.07;1.01;0;0;0;0;2;1;0;1;0;1;1;2018-10-04 00:45:00;619;1;32;17;34;0;1;1;2;1;2;2;3;4;0;1;0;0;1;0;1;51;41;101;95;1.48;0.64;2.12;1;0;1;0;0;0;1;1;0;0;1;0;0;0;-1;-1;-1;-1;-1;-1;-1;-1;-1;0;13;26;82;94;26;63;75;38;7.25;2.51;4.75;2.13;Palmeiras;Colo-Colo;2.36;1.22;2.75;1.38;2.75;1.38;100;88;76;19;7;44;19;19;1.76;0.99;2.75;1188;9;Y;Y;N;N;N;N;N
508287;613;705;2018;complete;4000;0;-1;58;90;1;1;2;8;6;14;1;0;3;3;1;0;3;7;10;3;13;10;16;13;60;40;4;3;1.95;3.2;4.15;1.09;1.51;2.55;5.1;0;6.55;2.45;1.47;1.15;1.03;2.35;1.61;2;1.72;3.75;1.25;1.22;1.36;1.9;0;0;0;2.25;2.25;4.5;0;0;0;0;2;0;0;0;0;1.72;0;0;0;0;0;1.57;6.5;3;2.75;6.5;0;0;0;0;0;0;0;0;1.53;3.5;11;19;2.37;1.28;1.05;1.02;0;0;0;0;2;0;0;1;1;2;0;2018-10-05 00:45:00;-1;1;25;17;17;0;1;1;3;4;5;2;7;7;1;1;3;2;2;5;1;87;51;101;75;1.66;1.49;3.14;0;0;0;0;0;0;1;1;0;0;1;1;0;0;-1;-1;-1;-1;-1;-1;-1;-1;-1;19;26;32;75;82;38;75;63;19;12.01;2.88;3.88;2.5;Cruzeiro;Boca Juniors;1.67;1.62;1.75;1.88;1.75;1.88;82;76;69;25;19;75;57;57;1.78;1.48;3.26;1188;9;Y;Y;N;N;N;N;Y
518678;718;616;2018;complete;4000;0;-1;;62;0;1;1;10;3;13;1;0;4;3;0;0;5;5;4;3;9;8;25;17;67;33;4;3;1.87;2.95;5.2;1.14;1.71;3.25;6.95;17;5.15;2;1.31;1.08;1.01;2.9;1.41;1.8;1.9;3.25;1.33;1.18;1.37;1.95;2.62;1.83;6;2.3;2.1;5;0;0;0;0;0;0;0;0;0;0;0;0;0;0;0;1.57;5.5;3.4;2.5;6.5;0;0;0;0;0;0;0;0;1.66;4.33;15;26;2.1;1.2;1.03;1.01;0;0;0;0;1;0;0;0;1;1;0;2018-10-24 00:45:00;616;1;37;10;45;0;1;1;5;2;5;1;7;6;1;0;3;3;1;6;1;99;57;156;105;1.65;1.28;2.92;0;0;0;0;0;0;1;1;0;0;0;0;0;0;-1;-1;-1;-1;-1;-1;-1;-1;-1;5;26;47;57;73;20;36;57;42;9.67;2.82;4.27;2.07;River Plate;Grêmio;1.85;2.17;1.89;2.3;1.89;2.3;95;74;54;44;27;37;27;22;2.08;1.56;3.64;1188;12;Y;N;N;N;N;N;N
518679;705;619;2018;complete;4000;0;-1;83,88;;2;0;2;5;3;8;0;0;3;2;0;0;7;3;5;5;12;8;16;14;57;43;3;2;2.6;2.75;3.2;1.15;1.74;3.3;7;0;5.1;2;1.3;1.08;1.01;2.5;1.54;2.2;1.61;2.25;1.57;1.4;1.41;1.5;3.75;1.73;4.33;3.1;2;3.4;0;0;0;0;1.83;0;0;0;0;1.83;0;0;0;0;0;2;5;2.4;3.5;3.75;0;0;0;0;0;0;0;0;1.72;5;17;26;2;1.16;1.02;1.01;0;0;0;0;2;0;0;2;0;2;0;2018-10-25 00:45:00;705;1;33;0;10;0;1;1;2;3;3;0;5;3;2;2;1;0;4;1;1;83;67;125;128;1.85;1.21;3.07;0;0;0;0;0;0;1;1;0;0;1;0;0;0;-1;-1;-1;-1;-1;-1;-1;-1;-1;6;17;22;89;95;17;67;84;39;10.78;2.88;3.67;2.28;Boca Juniors;Palmeiras;1.62;2.36;1.78;2.78;1.78;2.78;95;84;78;11;6;61;39;39;1.77;1.45;3.22;1188;11;Y;Y;N;N;N;N;N
518680;616;718;2018;complete;4000;0;-1;36;82,90;1;2;3;2;5;7;0;1;5;3;1;0;4;4;5;7;9;11;15;17;32;68;6;3;2.25;2.95;3.55;1.1;1.56;2.7;5.5;0;6.2;2.3;1.43;1.13;1.02;2.35;1.61;0;0;0;0;0;0;0;0;0;0;0;0;0;0;0;0;0;1.83;0;0;0;0;1.83;0;0;0;0;0;0;0;0;0;0;0;0;0;0;0;0;0;0;0;0;0;0;0;0;0;0;0;0;0;0;3;1;0;0;2;2;1;2018-10-31 00:45:00;718;1;33;10;10;0;1;1;1;2;1;3;3;4;0;1;6;2;1;8;1;53;75;84;134;1.23;1.53;2.76;0;1;0;1;0;0;1;1;0;0;0;1;0;0;-1;-1;-1;-1;-1;-1;-1;-1;-1;5;24;43;52;76;18;33;61;38;10.02;2.65;4.53;1.98;Grêmio;River Plate;2.17;1.85;2.36;1.7;2.36;1.7;96;77;58;49;25;43;34;29;2.27;1.24;3.51;1188;12;Y;Y;Y;N;N;N;Y
518681;619;705;2018;complete;4000;0;-1;53,60;18,70;2;2;4;7;1;8;2;1;4;2;0;0;5;5;10;7;15;12;17;17;62;38;4;2;1.69;3.5;5.35;1.06;1.38;2.15;4;0;8;2.9;1.62;1.22;1.06;2.2;1.69;2;1.72;4.5;1.18;1.16;1.29;2.3;0;0;0;1.95;2.4;5;0;0;0;0;1.8;2;0;0;0;1.9;1.72;0;0;0;0;1.44;8.5;3.25;2.5;8.5;0;0;0;0;0;0;0;0;1.44;3.25;9;26;2.62;1.33;1.07;1.01;0;0;0;0;4;0;1;2;1;3;1;2018-11-01 00:45:00;-1;1;30;0;50;0;1;1;2;1;5;0;3;5;2;0;2;2;2;4;1;71;33;94;89;1.81;1.35;3.16;1;0;1;0;0;0;1;1;0;0;1;1;0;0;-1;-1;-1;-1;-1;-1;-1;-1;-1;5;15;20;90;95;15;60;85;45;10.5;2.6;3.8;2.25;Palmeiras;Boca Juniors;2.36;1.62;2.5;1.9;2.5;1.9;95;85;80;10;5;55;35;35;1.69;1.48;3.17;1188;11;Y;Y;Y;Y;N;N;Y
519735;705;718;2018;complete;4000;0;-1;34,45;35,61;2;2;4;5;3;8;2;1;4;2;0;0;5;6;8;6;13;12;13;13;52;48;4;2;2.45;2.75;3.35;1.13;1.67;3.05;6.35;0;5.5;2.15;1.34;1.1;1.01;2.5;1.53;2.2;1.61;2.62;1.44;1.34;1.44;1.55;0;0;0;2.87;2.04;3.5;0;0;0;0;1.83;0;0;0;0;1.83;0;0;0;0;0;1.9;5;2.5;3.4;4.5;0;0;0;0;0;0;0;0;1.66;4.33;15;26;2.1;1.2;1.03;1.01;0;0;0;0;4;2;1;0;1;1;3;2018-11-11 19:00:00;-1;1;36;0;9;0;1;1;3;3;2;0;6;2;2;0;2;2;2;4;1;90;63;109;87;1.82;1.63;3.45;0;0;0;0;0;0;1;1;0;0;2;1;0;0;-1;-1;-1;-1;-1;-1;-1;-1;-1;5;18;27;59;78;9;46;59;36;11.63;2.45;5;1.87;Boca Juniors;River Plate;1.62;1.85;1.82;1.82;1.82;1.82;96;82;73;41;23;55;45;41;1.79;1.29;3.08;1188;13;Y;Y;Y;Y;N;N;Y
519736;718;705;2018;complete;4000;0;-1;68,120;44;2;1;3;8;5;13;0;2;4;3;0;1;7;4;9;5;16;9;23;11;66;34;4;4;2.4;2.85;3.35;1.09;1.5;2.5;4.95;0;6.9;2.55;1.5;1.16;1.04;2.2;1.69;2.2;1.61;3.4;1.3;1.22;1.4;1.83;0;0;0;2.5;2.2;4;0;0;0;0;1.83;0;0;0;0;1.83;0;0;1.53;7.5;3.1;1.72;6.5;2.75;3;6;0;0;0;0;0;0;0;0;1.57;3.75;11;19;2.25;1.25;1.05;1.02;0;0;0;0;4;0;1;3;0;3;1;2018-12-09 19:30:00;718;1;42;0;50;0;1;1;4;2;4;3;6;7;1;1;3;3;2;6;1;91;62;120;93;2.16;1.3;3.45;0;0;0;0;0;0;1;1;0;0;1;1;0;0;-1;-1;-1;-1;-1;-1;-1;-1;-1;4;25;34;63;80;17;50;63;33;11.33;2.5;5.08;2.04;River Plate;Boca Juniors;1.85;1.62;1.75;1.75;1.75;1.75;96;75;67;38;21;50;42;38;2;1.45;3.45;1188;13;Y;Y;Y;Y;N;N;Y
