ID;HOMEID;AWAYID;SEASON;STATUS;ROUNDID;GAME_WEEK;REVISED_GAME_WEEK;HOMEGOALS;AWAYGOALS;HOMEGOALCOUNT;AWAYGOALCOUNT;TOTALGOALCOUNT;TEAM_A_CORNERS;TEAM_B_CORNERS;TOTALCORNERCOUNT;TEAM_A_OFFSIDES;TEAM_B_OFFSIDES;TEAM_A_YELLOW_CARDS;TEAM_B_YELLOW_CARDS;TEAM_A_RED_CARDS;TEAM_B_RED_CARDS;TEAM_A_SHOTSONTARGET;TEAM_B_SHOTSONTARGET;TEAM_A_SHOTSOFFTARGET;TEAM_B_SHOTSOFFTARGET;TEAM_A_SHOTS;TEAM_B_SHOTS;TEAM_A_FOULS;TEAM_B_FOULS;TEAM_A_POSSESSION;TEAM_B_POSSESSION;TEAM_A_CARDS_NUM;TEAM_B_CARDS_NUM;ODDS_FT_1;ODDS_FT_X;ODDS_FT_2;ODDS_FT_OVER05;ODDS_FT_OVER15;ODDS_FT_OVER25;ODDS_FT_OVER35;ODDS_FT_OVER45;ODDS_FT_UNDER05;ODDS_FT_UNDER15;ODDS_FT_UNDER25;ODDS_FT_UNDER35;ODDS_FT_UNDER45;ODDS_BTTS_YES;ODDS_BTTS_NO;ODDS_TEAM_A_CS_YES;ODDS_TEAM_A_CS_NO;ODDS_TEAM_B_CS_YES;ODDS_TEAM_B_CS_NO;ODDS_DOUBLECHANCE_1X;ODDS_DOUBLECHANCE_12;ODDS_DOUBLECHANCE_X2;ODDS_1ST_HALF_RESULT_1;ODDS_1ST_HALF_RESULT_X;ODDS_1ST_HALF_RESULT_2;ODDS_2ND_HALF_RESULT_1;ODDS_2ND_HALF_RESULT_X;ODDS_2ND_HALF_RESULT_2;ODDS_DNB_1;ODDS_DNB_2;ODDS_CORNERS_OVER_75;ODDS_CORNERS_OVER_85;ODDS_CORNERS_OVER_95;ODDS_CORNERS_OVER_105;ODDS_CORNERS_OVER_115;ODDS_CORNERS_UNDER_75;ODDS_CORNERS_UNDER_85;ODDS_CORNERS_UNDER_95;ODDS_CORNERS_UNDER_105;ODDS_CORNERS_UNDER_115;ODDS_CORNERS_1;ODDS_CORNERS_X;ODDS_CORNERS_2;ODDS_TEAM_TO_SCORE_FIRST_1;ODDS_TEAM_TO_SCORE_FIRST_X;ODDS_TEAM_TO_SCORE_FIRST_2;ODDS_WIN_TO_NIL_1;ODDS_WIN_TO_NIL_2;ODDS_1ST_HALF_OVER05;ODDS_1ST_HALF_OVER15;ODDS_1ST_HALF_OVER25;ODDS_1ST_HALF_OVER35;ODDS_1ST_HALF_UNDER05;ODDS_1ST_HALF_UNDER15;ODDS_1ST_HALF_UNDER25;ODDS_1ST_HALF_UNDER35;ODDS_2ND_HALF_OVER05;ODDS_2ND_HALF_OVER15;ODDS_2ND_HALF_OVER25;ODDS_2ND_HALF_OVER35;ODDS_2ND_HALF_UNDER05;ODDS_2ND_HALF_UNDER15;ODDS_2ND_HALF_UNDER25;ODDS_2ND_HALF_UNDER35;ODDS_BTTS_1ST_HALF_YES;ODDS_BTTS_1ST_HALF_NO;ODDS_BTTS_2ND_HALF_YES;ODDS_BTTS_2ND_HALF_NO;OVERALLGOALCOUNT;HT_GOALS_TEAM_A;HT_GOALS_TEAM_B;GOALS_2HG_TEAM_A;GOALS_2HG_TEAM_B;GOALCOUNT_2HG;HTGOALCOUNT;DATE_UNIX;WINNINGTEAM;NO_HOME_AWAY;BTTS_POTENTIAL;BTTS_FHG_POTENTIAL;BTTS_2HG_POTENTIAL;GOALTIMINGDISABLED;CORNER_TIMINGS_RECORDED;CARD_TIMINGS_RECORDED;TEAM_A_FH_CORNERS;TEAM_B_FH_CORNERS;TEAM_A_2H_CORNERS;TEAM_B_2H_CORNERS;CORNER_FH_COUNT;CORNER_2H_COUNT;TEAM_A_FH_CARDS;TEAM_B_FH_CARDS;TEAM_A_2H_CARDS;TEAM_B_2H_CARDS;TOTAL_FH_CARDS;TOTAL_2H_CARDS;ATTACKS_RECORDED;TEAM_A_DANGEROUS_ATTACKS;TEAM_B_DANGEROUS_ATTACKS;TEAM_A_ATTACKS;TEAM_B_ATTACKS;TEAM_A_XG;TEAM_B_XG;TOTAL_XG;TEAM_A_PENALTIES_WON;TEAM_B_PENALTIES_WON;TEAM_A_PENALTY_GOALS;TEAM_B_PENALTY_GOALS;TEAM_A_PENALTY_MISSED;TEAM_B_PENALTY_MISSED;PENS_RECORDED;GOAL_TIMINGS_RECORDED;TEAM_A_0_10_MIN_GOALS;TEAM_B_0_10_MIN_GOALS;TEAM_A_CORNERS_0_10_MIN;TEAM_B_CORNERS_0_10_MIN;TEAM_A_CARDS_0_10_MIN;TEAM_B_CARDS_0_10_MIN;THROWINS_RECORDED;TEAM_A_THROWINS;TEAM_B_THROWINS;FREEKICKS_RECORDED;TEAM_A_FREEKICKS;TEAM_B_FREEKICKS;GOALKICKS_RECORDED;TEAM_A_GOALKICKS;TEAM_B_GOALKICKS;O45_POTENTIAL;O35_POTENTIAL;O25_POTENTIAL;O15_POTENTIAL;O05_POTENTIAL;O15HT_POTENTIAL;O05HT_POTENTIAL;O05_2H_POTENTIAL;O15_2H_POTENTIAL;CORNERS_POTENTIAL;OFFSIDES_POTENTIAL;CARDS_POTENTIAL;AVG_POTENTIAL;HOME_NAME;AWAY_NAME;HOME_PPG;AWAY_PPG;PRE_MATCH_HOME_PPG;PRE_MATCH_AWAY_PPG;PRE_MATCH_TEAMA_OVERALL_PPG;PRE_MATCH_TEAMB_OVERALL_PPG;U45_POTENTIAL;U35_POTENTIAL;U25_POTENTIAL;U15_POTENTIAL;U05_POTENTIAL;CORNERS_O85_POTENTIAL;CORNERS_O95_POTENTIAL;CORNERS_O105_POTENTIAL;TEAM_A_XG_PREMATCH;TEAM_B_XG_PREMATCH;TOTAL_XG_PREMATCH;COMPETITION_ID;MATCHES_COMPLETED_MINIMUM;OVER05;OVER15;OVER25;OVER35;OVER45;OVER55;BTTS
347239;2259;4350;2017;complete;2481;0;-1;18,28,66;6,78;3;2;5;6;3;9;1;4;0;2;0;0;10;5;10;12;20;17;16;8;50;50;0;2;0;0;0;0;0;0;0;0;0;0;0;0;0;0;0;0;0;0;0;0;0;0;0;0;0;0;0;0;0;0;0;0;0;0;0;0;0;0;0;0;0;0;0;0;0;0;0;0;0;0;0;0;0;0;0;0;0;0;0;0;0;0;0;0;0;0;0;0;5;2;1;1;1;2;3;2017-01-23 22:00:00;2259;1;0;0;0;0;-1;1;-1;-1;-1;-1;-1;-1;0;0;0;2;0;2;-1;0;0;0;0;0;0;0;1;0;1;0;0;0;1;1;0;1;-1;-1;0;0;-1;-1;-1;-1;-1;-1;-1;-1;-1;0;0;0;0;0;0;0;0;0;0;0;0;0;Club Universitario;Wanderers;1.5;0.75;0;0;0;0;0;0;0;0;0;0;0;0;0;0;0;1189;2;Y;Y;Y;Y;Y;N;Y
347240;6678;2847;2017;complete;2481;0;-1;45;;1;0;1;6;1;7;2;2;2;4;0;0;7;3;7;7;14;10;18;13;50;50;2;4;0;0;0;0;0;0;0;0;0;0;0;0;0;0;0;0;0;0;0;0;0;0;0;0;0;0;0;0;0;0;0;0;0;0;0;0;0;0;0;0;0;0;0;0;0;0;0;0;0;0;0;0;0;0;0;0;0;0;0;0;0;0;0;0;0;0;0;0;1;1;0;0;0;0;1;2017-01-23 22:15:00;6678;1;0;0;0;0;-1;1;-1;-1;-1;-1;-1;-1;1;2;1;2;3;3;-1;0;0;0;0;0;0;0;0;0;0;0;0;0;1;1;0;0;-1;-1;0;0;-1;-1;-1;-1;-1;-1;-1;-1;-1;0;0;0;0;0;0;0;0;0;0;0;0;0;Deportivo Capiatá;Deportivo Táchira;1.33;0.5;0;0;0;0;0;0;0;0;0;0;0;0;0;0;0;1189;2;Y;N;N;N;N;N;N
347241;2805;4321;2017;complete;2481;0;-1;;10;0;1;1;1;1;2;0;4;3;3;0;0;3;5;9;6;12;11;15;22;50;50;3;3;0;0;0;0;0;0;0;0;0;0;0;0;0;0;0;0;0;0;0;0;0;0;0;0;0;0;0;0;0;0;0;0;0;0;0;0;0;0;0;0;0;0;0;0;0;0;0;0;0;0;0;0;0;0;0;0;0;0;0;0;0;0;0;0;0;0;0;0;1;0;1;0;0;0;1;2017-01-24 00:15:00;4321;1;0;0;0;0;-1;1;-1;-1;-1;-1;-1;-1;1;2;2;1;3;3;-1;0;0;0;0;0;0;0;0;0;0;0;0;0;1;1;0;1;-1;-1;0;0;-1;-1;-1;-1;-1;-1;-1;-1;-1;0;0;0;0;0;0;0;0;0;0;0;0;0;Deportivo Municipal;CSD Independiente del Valle;0.5;1.75;0;0;0;0;0;0;0;0;0;0;0;0;0;0;0;1189;2;Y;N;N;N;N;N;N
347242;4350;2259;2017;complete;2481;0;-1;8,21,54,75,88;44,59;5;2;7;8;3;11;2;3;3;4;0;1;8;4;4;6;12;10;16;18;50;50;3;5;0;0;0;0;0;0;0;0;0;0;0;0;0;0;0;0;0;0;0;0;0;0;0;0;0;0;0;0;0;0;0;0;0;0;0;0;0;0;0;0;0;0;0;0;0;0;0;0;0;0;0;0;0;0;0;0;0;0;0;0;0;0;0;0;0;0;0;0;7;2;1;3;1;4;3;2017-01-27 22:15:00;4350;1;100;0;0;0;-1;1;-1;-1;-1;-1;-1;-1;0;1;3;4;1;7;-1;0;0;0;0;0;0;0;1;0;1;0;0;0;1;1;1;0;-1;-1;0;0;-1;-1;-1;-1;-1;-1;-1;-1;-1;100;100;100;100;100;100;100;100;100;9;5;2;5;Wanderers;Club Universitario;0.75;1.5;0;3;0;3;0;0;0;0;0;100;0;0;0;0;0;1189;2;Y;Y;Y;Y;Y;Y;Y
347243;4321;2805;2017;complete;2481;0;-1;62,90;20,76;2;2;4;6;2;8;2;2;4;4;1;0;6;4;8;4;14;8;13;12;50;50;5;4;0;0;0;0;0;0;0;0;0;0;0;0;0;0;0;0;0;0;0;0;0;0;0;0;0;0;0;0;0;0;0;0;0;0;0;0;0;0;0;0;0;0;0;0;0;0;0;0;0;0;0;0;0;0;0;0;0;0;0;0;0;0;0;0;0;0;0;0;4;0;1;2;1;3;1;2017-01-28 00:15:00;-1;1;0;0;0;0;-1;1;-1;-1;-1;-1;-1;-1;0;2;5;2;2;7;-1;0;0;0;0;0;0;0;0;0;0;0;0;0;1;1;0;0;-1;-1;0;1;-1;-1;-1;-1;-1;-1;-1;-1;-1;0;0;0;0;100;0;100;0;0;2;4;6;1;CSD Independiente del Valle;Deportivo Municipal;1.75;0.5;3;0;3;0;100;100;100;100;0;0;0;0;0;0;0;1189;2;Y;Y;Y;Y;N;N;Y
347244;2847;6678;2017;complete;2481;0;-1;;;0;0;0;2;6;8;2;1;4;3;0;0;4;6;6;7;10;13;15;10;50;50;4;3;0;0;0;0;0;0;0;0;0;0;0;0;0;0;0;0;0;0;0;0;0;0;0;0;0;0;0;0;0;0;0;0;0;0;0;0;0;0;0;0;0;0;0;0;0;0;0;0;0;0;0;0;0;0;0;0;0;0;0;0;0;0;0;0;0;0;0;0;0;0;0;0;0;0;0;2017-01-28 00:45:00;-1;1;0;0;0;0;-1;1;-1;-1;-1;-1;-1;-1;1;1;3;2;2;5;-1;0;0;0;0;0;0;0;0;0;0;0;0;0;1;1;0;0;-1;-1;0;0;-1;-1;-1;-1;-1;-1;-1;-1;-1;0;0;0;0;100;0;100;0;0;7;4;6;1;Deportivo Táchira;Deportivo Capiatá;0.5;1.33;0;3;0;3;100;100;100;100;0;0;0;0;0;0;0;1189;2;N;N;N;N;N;N;N
347245;4360;2190;2017;complete;2482;0;-1;42,77;35,45,89;2;3;5;6;7;13;2;1;3;2;0;0;9;13;8;5;17;18;12;16;50;50;3;2;0;0;0;0;0;0;0;0;0;0;0;0;0;0;0;0;0;0;0;0;0;0;0;0;0;0;0;0;0;0;0;0;0;0;0;0;0;0;0;0;0;0;0;0;0;0;0;0;0;0;0;0;0;0;0;0;0;0;0;0;0;0;0;0;0;0;0;0;5;1;2;1;1;2;3;2017-01-31 23:00:00;2190;1;0;0;0;0;-1;1;-1;-1;-1;-1;-1;-1;2;1;1;1;3;2;-1;0;0;0;0;0;0;0;0;0;0;0;0;0;1;1;0;0;-1;-1;0;0;-1;-1;-1;-1;-1;-1;-1;-1;-1;0;0;0;0;0;0;0;0;0;0;0;0;0;Cerro;Unión Española;0;1.75;0;0;0;0;0;0;0;0;0;0;0;0;0;0;0;1189;2;Y;Y;Y;Y;Y;N;Y
347246;2848;2131;2017;complete;2482;0;-1;;32;0;1;1;2;3;5;0;2;2;2;0;0;4;2;6;2;10;4;19;28;50;50;2;2;0;0;0;0;0;0;0;0;0;0;0;0;0;0;0;0;0;0;0;0;0;0;0;0;0;0;0;0;0;0;0;0;0;0;0;0;0;0;0;0;0;0;0;0;0;0;0;0;0;0;0;0;0;0;0;0;0;0;0;0;0;0;0;0;0;0;0;0;1;0;1;0;0;0;1;2017-02-01 00:15:00;2131;1;0;0;0;0;-1;1;-1;-1;-1;-1;-1;-1;0;0;2;2;0;4;-1;0;0;0;0;0;0;0;0;0;0;0;0;0;1;1;0;0;-1;-1;0;0;-1;-1;-1;-1;-1;-1;-1;-1;-1;0;0;0;0;0;0;0;0;0;0;0;0;0;Carabobo;Junior;0;2.25;0;0;0;0;0;0;0;0;0;0;0;0;0;0;0;1189;2;Y;N;N;N;N;N;N
347247;722;4327;2017;complete;2482;0;-1;2,78;39,84;2;2;4;16;1;17;0;1;4;2;0;0;11;5;13;6;24;11;14;13;50;50;4;2;0;0;0;0;0;0;0;0;0;0;0;0;0;0;0;0;0;0;0;0;0;0;0;0;0;0;0;0;0;0;0;0;0;0;0;0;0;0;0;0;0;0;0;0;0;0;0;0;0;0;0;0;0;0;0;0;0;0;0;0;0;0;0;0;0;0;0;0;4;1;1;1;1;2;2;2017-02-01 01:00:00;-1;1;0;0;0;0;-1;1;-1;-1;-1;-1;-1;-1;3;2;1;0;5;1;-1;0;0;0;0;0;0;0;0;0;0;0;0;0;1;1;1;0;-1;-1;0;0;-1;-1;-1;-1;-1;-1;-1;-1;-1;0;0;0;0;0;0;0;0;0;0;0;0;0;Atlético Tucumán;CD El Nacional;1.4;0.5;0;0;0;0;0;0;0;0;0;0;0;0;0;0;0;1189;2;Y;Y;Y;Y;N;N;Y
347248;622;2136;2017;complete;2482;0;-1;54;;1;0;1;2;9;11;1;1;5;5;0;0;3;5;5;7;8;12;16;14;50;50;5;5;0;0;0;0;0;0;0;0;0;0;0;0;0;0;0;0;0;0;0;0;0;0;0;0;0;0;0;0;0;0;0;0;0;0;0;0;0;0;0;0;0;0;0;0;0;0;0;0;0;0;0;0;0;0;0;0;0;0;0;0;0;0;0;0;0;0;0;0;1;0;0;1;0;1;0;2017-02-01 23:45:00;622;1;0;0;0;0;-1;1;-1;-1;-1;-1;-1;-1;2;2;3;3;4;6;-1;0;0;0;0;0;0;0;1;0;1;0;0;0;1;1;0;0;-1;-1;0;0;-1;-1;-1;-1;-1;-1;-1;-1;-1;0;0;0;0;0;0;0;0;0;0;0;0;0;Atlético PR;Millonarios;1.42;1.5;0;0;0;0;0;0;0;0;0;0;0;0;0;0;0;1189;2;Y;N;N;N;N;N;N
347249;615;2188;2017;complete;2482;0;-1;30,41;51;2;1;3;4;6;10;0;3;2;3;0;0;4;4;7;9;11;13;19;14;50;50;2;3;0;0;0;0;0;0;0;0;0;0;0;0;0;0;0;0;0;0;0;0;0;0;0;0;0;0;0;0;0;0;0;0;0;0;0;0;0;0;0;0;0;0;0;0;0;0;0;0;0;0;0;0;0;0;0;0;0;0;0;0;0;0;0;0;0;0;0;0;3;2;0;0;1;1;2;2017-02-01 23:45:00;615;1;0;0;0;0;-1;1;-1;-1;-1;-1;-1;-1;1;2;1;1;3;2;-1;0;0;0;0;0;0;0;0;0;0;0;0;0;1;1;0;0;-1;-1;0;0;-1;-1;-1;-1;-1;-1;-1;-1;-1;0;0;0;0;0;0;0;0;0;0;0;0;0;Botafogo;Colo-Colo;1.71;0.5;0;0;0;0;0;0;0;0;0;0;0;0;0;0;0;1189;2;Y;Y;Y;N;N;N;Y
347250;4350;2257;2017;complete;2482;0;-1;;10,61;0;2;2;3;6;9;2;4;2;2;0;0;3;5;9;1;12;6;11;10;50;50;2;2;0;0;0;0;0;0;0;0;0;0;0;0;0;0;0;0;0;0;0;0;0;0;0;0;0;0;0;0;0;0;0;0;0;0;0;0;0;0;0;0;0;0;0;0;0;0;0;0;0;0;0;0;0;0;0;0;0;0;0;0;0;0;0;0;0;0;0;0;2;0;1;0;1;1;1;2017-02-02 22:15:00;2257;1;50;50;50;0;-1;1;-1;-1;-1;-1;-1;-1;0;0;2;2;0;4;-1;0;0;0;0;0;0;0;0;0;0;0;0;0;1;1;0;1;-1;-1;0;0;-1;-1;-1;-1;-1;-1;-1;-1;-1;50;50;50;50;50;50;50;50;50;5.5;3;2.5;3;Wanderers;The Strongest;0.75;1.67;1.5;0;1.5;0;0;0;0;0;0;50;25;25;0;0;0;1189;4;Y;Y;N;N;N;N;N
347251;4321;6681;2017;complete;2482;0;-1;37;;1;0;1;5;8;13;2;0;2;3;0;0;8;5;9;7;17;12;16;16;50;50;2;3;0;0;0;0;0;0;0;0;0;0;0;0;0;0;0;0;0;0;0;0;0;0;0;0;0;0;0;0;0;0;0;0;0;0;0;0;0;0;0;0;0;0;0;0;0;0;0;0;0;0;0;0;0;0;0;0;0;0;0;0;0;0;0;0;0;0;0;0;1;1;0;0;0;0;1;2017-02-03 00:00:00;4321;1;25;0;50;0;-1;1;-1;-1;-1;-1;-1;-1;0;0;2;3;0;5;-1;0;0;0;0;0;0;0;0;0;0;0;0;0;1;1;0;0;-1;-1;0;0;-1;-1;-1;-1;-1;-1;-1;-1;-1;0;25;25;25;50;0;50;25;25;3.5;3;4;1.25;CSD Independiente del Valle;Olimpia;1.75;1.5;2;0;2;0;50;25;25;25;0;0;0;0;0;0;0;1189;4;Y;N;N;N;N;N;N
347252;6678;2799;2017;complete;2482;0;-1;70;15,29,83;1;3;4;11;5;16;1;1;2;2;0;0;6;6;14;8;20;14;11;9;50;50;2;2;0;0;0;0;0;0;0;0;0;0;0;0;0;0;0;0;0;0;0;0;0;0;0;0;0;0;0;0;0;0;0;0;0;0;0;0;0;0;0;0;0;0;0;0;0;0;0;0;0;0;0;0;0;0;0;0;0;0;0;0;0;0;0;0;0;0;0;0;4;0;2;1;1;2;2;2017-02-03 00:15:00;2799;1;0;0;0;0;-1;1;-1;-1;-1;-1;-1;-1;1;1;1;1;2;2;-1;0;0;0;0;0;0;0;0;0;0;0;0;0;1;1;0;0;-1;-1;0;0;-1;-1;-1;-1;-1;-1;-1;-1;-1;0;0;0;0;25;0;25;0;0;6;1.5;2.5;0.25;Deportivo Capiatá;Universitario;1.33;1.5;2;0;2;0;50;50;50;50;25;0;0;0;0;0;0;1189;2;Y;Y;Y;Y;N;N;Y
347253;2131;2848;2017;complete;2482;0;-1;17,41,80;;3;0;3;8;4;12;2;3;2;4;0;0;8;2;10;6;18;8;19;20;50;50;2;4;0;0;0;0;0;0;0;0;0;0;0;0;0;0;0;0;0;0;0;0;0;0;0;0;0;0;0;0;0;0;0;0;0;0;0;0;0;0;0;0;0;0;0;0;0;0;0;0;0;0;0;0;0;0;0;0;0;0;0;0;0;0;0;0;0;0;0;0;3;2;0;1;0;1;2;2017-02-08 00:00:00;2131;1;0;0;0;0;-1;1;-1;-1;-1;-1;-1;-1;1;1;1;3;2;4;-1;0;0;0;0;0;0;0;0;0;0;0;0;0;1;1;0;0;-1;-1;0;0;-1;-1;-1;-1;-1;-1;-1;-1;-1;0;0;0;0;100;0;100;0;0;5;2;4;1;Junior;Carabobo;2.25;0;3;0;3;0;100;100;100;100;0;0;0;0;0;0;0;1189;2;Y;Y;Y;N;N;N;N
347254;2190;4360;2017;complete;2482;0;-1;35,73;;2;0;2;5;7;12;1;6;3;5;0;1;7;5;7;11;14;16;15;19;50;50;3;7;0;0;0;0;0;0;0;0;0;0;0;0;0;0;0;0;0;0;0;0;0;0;0;0;0;0;0;0;0;0;0;0;0;0;0;0;0;0;0;0;0;0;0;0;0;0;0;0;0;0;0;0;0;0;0;0;0;0;0;0;0;0;0;0;0;0;0;0;2;1;0;1;0;1;1;2017-02-08 00:15:00;2190;1;100;0;0;0;-1;1;-1;-1;-1;-1;-1;-1;1;4;2;2;5;4;-1;0;0;0;0;0;0;0;0;0;0;0;0;0;1;1;0;0;-1;-1;0;1;-1;-1;-1;-1;-1;-1;-1;-1;-1;100;100;100;100;100;100;100;100;100;13;3;5;5;Unión Española;Cerro;1.75;0;3;0;3;0;0;0;0;0;0;100;100;100;0;0;0;1189;2;Y;Y;N;N;N;N;N
347255;4327;722;2017;complete;2482;0;-1;;64;0;1;1;2;7;9;2;4;3;3;0;0;2;4;8;6;10;10;16;15;50;50;3;3;0;0;0;0;0;0;0;0;0;0;0;0;0;0;0;0;0;0;0;0;0;0;0;0;0;0;0;0;0;0;0;0;0;0;0;0;0;0;0;0;0;0;0;0;0;0;0;0;0;0;0;0;0;0;0;0;0;0;0;0;0;0;0;0;0;0;0;0;1;0;0;0;1;1;0;2017-02-08 00:15:00;722;1;100;0;0;0;-1;1;-1;-1;-1;-1;-1;-1;1;1;2;2;2;4;-1;0;0;0;0;0;0;0;0;0;0;0;0;0;1;1;0;0;-1;-1;0;0;-1;-1;-1;-1;-1;-1;-1;-1;-1;0;100;100;100;100;100;100;100;100;17;1;6;4;CD El Nacional;Atlético Tucumán;0.5;1.4;1;1;1;1;100;0;0;0;0;100;100;100;0;0;0;1189;2;Y;N;N;N;N;N;N
347256;2136;622;2017;complete;2482;0;-1;59;;1;0;1;13;3;16;4;2;2;2;0;0;9;4;18;3;27;7;17;15;50;50;2;2;0;0;0;0;0;0;0;0;0;0;0;0;0;0;0;0;0;0;0;0;0;0;0;0;0;0;0;0;0;0;0;0;0;0;0;0;0;0;0;0;0;0;0;0;0;0;0;0;0;0;0;0;0;0;0;0;0;0;0;0;0;0;0;0;0;0;0;0;1;0;0;1;0;1;0;2017-02-08 23:45:00;2136;1;0;0;0;0;-1;1;-1;-1;-1;-1;-1;-1;1;1;1;1;2;2;-1;0;0;0;0;0;0;0;0;0;0;0;0;0;1;1;0;0;-1;-1;0;0;-1;-1;-1;-1;-1;-1;-1;-1;-1;0;0;0;0;100;0;0;100;0;11;2;10;1;Millonarios;Atlético PR;1.5;1.42;0;3;0;3;100;100;100;100;0;100;100;100;0;0;0;1189;2;Y;N;N;N;N;N;N
347257;2188;615;2017;complete;2482;0;-1;3;81;1;1;2;3;5;8;1;3;2;2;0;0;3;7;5;8;8;15;14;11;50;50;2;2;0;0;0;0;0;0;0;0;0;0;0;0;0;0;0;0;0;0;0;0;0;0;0;0;0;0;0;0;0;0;0;0;0;0;0;0;0;0;0;0;0;0;0;0;0;0;0;0;0;0;0;0;0;0;0;0;0;0;0;0;0;0;0;0;0;0;0;0;2;1;0;0;1;1;1;2017-02-08 23:45:00;-1;1;100;0;0;0;-1;1;-1;-1;-1;-1;-1;-1;1;1;1;1;2;2;-1;0;0;0;0;0;0;0;0;0;0;0;0;0;1;1;1;0;-1;-1;0;0;-1;-1;-1;-1;-1;-1;-1;-1;-1;0;0;100;100;100;100;100;100;0;10;3;5;3;Colo-Colo;Botafogo;0.5;1.71;0;3;0;3;100;100;0;0;0;100;100;0;0;0;0;1189;2;Y;Y;N;N;N;N;Y
347258;2257;4350;2017;complete;2482;0;-1;39,42,60,81;;4;0;4;9;5;14;2;2;1;2;0;1;10;5;14;4;24;9;9;5;50;50;1;4;0;0;0;0;0;0;0;0;0;0;0;0;0;0;0;0;0;0;0;0;0;0;0;0;0;0;0;0;0;0;0;0;0;0;0;0;0;0;0;0;0;0;0;0;0;0;0;0;0;0;0;0;0;0;0;0;0;0;0;0;0;0;0;0;0;0;0;0;4;2;0;2;0;2;2;2017-02-09 22:15:00;2257;1;34;50;50;0;-1;1;-1;-1;-1;-1;-1;-1;1;1;0;2;2;2;-1;0;0;0;0;0;0;0;1;0;0;0;1;0;1;1;0;0;-1;-1;0;0;-1;-1;-1;-1;-1;-1;-1;-1;-1;34;34;34;100;100;34;100;100;34;10.67;6.67;4.33;3.34;The Strongest;Wanderers;1.67;0.75;3;1;3;1;67;67;67;0;0;100;17;17;0;0;0;1189;4;Y;Y;Y;Y;N;N;N
347259;6681;4321;2017;complete;2482;0;-1;9,27,82;44;3;1;4;4;2;6;1;2;3;6;0;1;6;4;10;6;16;10;15;13;50;50;3;8;0;0;0;0;0;0;0;0;0;0;0;0;0;0;0;0;0;0;0;0;0;0;0;0;0;0;0;0;0;0;0;0;0;0;0;0;0;0;0;0;0;0;0;0;0;0;0;0;0;0;0;0;0;0;0;0;0;0;0;0;0;0;0;0;0;0;0;0;4;2;1;1;0;1;3;2017-02-09 23:45:00;6681;1;17;0;0;0;-1;1;-1;-1;-1;-1;-1;-1;2;2;1;5;4;6;-1;0;0;0;0;0;0;0;0;0;0;0;0;0;1;1;1;0;-1;-1;0;0;-1;-1;-1;-1;-1;-1;-1;-1;-1;0;17;17;17;100;0;100;17;17;12;2.67;6.33;1.5;Olimpia;CSD Independiente del Valle;1.5;1.75;0;2.33;0;2.33;100;84;84;84;0;67;67;67;0;0;0;1189;4;Y;Y;Y;Y;N;N;Y
347260;2799;6678;2017;complete;2482;0;-1;;14,35,67;0;3;3;4;10;14;5;2;2;4;0;0;3;8;4;10;7;18;13;14;50;50;2;4;0;0;0;0;0;0;0;0;0;0;0;0;0;0;0;0;0;0;0;0;0;0;0;0;0;0;0;0;0;0;0;0;0;0;0;0;0;0;0;0;0;0;0;0;0;0;0;0;0;0;0;0;0;0;0;0;0;0;0;0;0;0;0;0;0;0;0;0;3;0;2;0;1;1;2;2017-02-10 00:15:00;6678;1;67;0;0;0;-1;1;-1;-1;-1;-1;-1;-1;1;3;1;1;4;2;-1;0;0;0;0;0;0;0;0;0;0;0;0;0;1;1;0;0;-1;-1;0;0;-1;-1;-1;-1;-1;-1;-1;-1;-1;0;67;67;67;84;67;84;67;67;12.67;2.33;4.33;2.84;Universitario;Deportivo Capiatá;1.5;1.33;3;1.33;3;1.33;100;34;34;34;17;67;67;67;0;0;0;1189;2;Y;Y;Y;N;N;N;N
347261;622;6678;2017;complete;2483;0;-1;20,59,85;44,53,89;3;3;6;9;5;14;1;2;4;3;0;1;6;4;13;7;19;11;14;11;50;50;4;4;0;0;0;0;0;0;0;0;0;0;0;0;0;0;0;0;0;0;0;0;0;0;0;0;0;0;0;0;0;0;0;0;0;0;0;0;0;0;0;0;0;0;0;0;0;0;0;0;0;0;0;0;0;0;0;0;0;0;0;0;0;0;0;0;0;0;0;0;6;1;1;2;2;4;2;2017-02-15 23:45:00;-1;1;13;0;0;0;-1;1;-1;-1;-1;-1;-1;-1;1;1;3;3;2;6;-1;0;0;0;0;0;0;0;1;0;1;0;0;0;1;1;0;0;-1;-1;0;0;-1;-1;-1;-1;-1;-1;-1;-1;-1;0;13;25;25;88;25;38;75;13;10.75;3;6.25;1.5;Atlético PR;Deportivo Capiatá;1.42;1.33;1.5;1.75;1.5;1.75;100;88;75;75;13;75;75;75;0;0;0;1189;6;Y;Y;Y;Y;Y;Y;Y
347262;615;6681;2017;complete;2483;0;-1;37;;1;0;1;4;4;8;0;0;2;3;0;0;5;3;9;3;14;6;15;15;50;50;2;3;0;0;0;0;0;0;0;0;0;0;0;0;0;0;0;0;0;0;0;0;0;0;0;0;0;0;0;0;0;0;0;0;0;0;0;0;0;0;0;0;0;0;0;0;0;0;0;0;0;0;0;0;0;0;0;0;0;0;0;0;0;0;0;0;0;0;0;0;1;1;0;0;0;0;1;2017-02-15 23:45:00;615;1;75;0;0;0;-1;1;-1;-1;-1;-1;-1;-1;2;1;0;2;3;2;-1;0;0;0;0;0;0;0;0;0;0;0;0;0;1;1;0;0;-1;-1;0;0;-1;-1;-1;-1;-1;-1;-1;-1;-1;0;25;50;75;100;50;100;75;0;10.5;2;5;2.5;Botafogo;Olimpia;1.71;1.5;2;1.5;2;1.5;100;75;50;25;0;50;50;25;0;0;0;1189;4;Y;N;N;N;N;N;N
347263;2131;722;2017;complete;2483;0;-1;72;;1;0;1;4;2;6;-1;-1;3;1;0;0;6;3;8;6;14;9;-1;-1;50;50;3;1;0;0;0;0;0;0;0;0;0;0;0;0;0;0;0;0;0;0;0;0;0;0;0;0;0;0;0;0;0;0;0;0;0;0;0;0;0;0;0;0;0;0;0;0;0;0;0;0;0;0;0;0;0;0;0;0;0;0;0;0;0;0;0;0;0;0;0;0;1;0;0;1;0;1;0;2017-02-16 22:15:00;2131;1;25;0;0;0;-1;1;-1;-1;-1;-1;-1;-1;1;1;2;0;2;2;-1;0;0;0;0;0;0;0;0;0;0;0;0;0;1;1;0;0;-1;-1;0;0;-1;-1;-1;-1;-1;-1;-1;-1;-1;0;25;50;50;100;50;75;75;25;17;4;5.5;2.25;Junior;Atlético Tucumán;2.25;1.4;3;2;3;2;100;75;50;50;0;75;50;50;0;0;0;1189;4;Y;N;N;N;N;N;N
347264;2190;2257;2017;complete;2483;0;-1;90;28;1;1;2;6;1;7;1;0;3;3;1;0;6;6;10;3;16;9;13;8;50;50;5;3;0;0;0;0;0;0;0;0;0;0;0;0;0;0;0;0;0;0;0;0;0;0;0;0;0;0;0;0;0;0;0;0;0;0;0;0;0;0;0;0;0;0;0;0;0;0;0;0;0;0;0;0;0;0;0;0;0;0;0;0;0;0;0;0;0;0;0;0;2;0;1;1;0;1;1;2017-02-17 00:00:00;-1;1;25;0;0;0;-1;1;-1;-1;-1;-1;-1;-1;3;1;1;2;4;3;-1;0;0;0;0;0;0;0;0;0;0;0;0;0;1;1;0;0;-1;-1;1;1;-1;-1;-1;-1;-1;-1;-1;-1;-1;25;50;50;100;100;50;100;100;50;13.5;4;4;3.25;Unión Española;The Strongest;1.75;1.67;3;3;3;3;75;50;50;0;0;100;75;75;0;0;0;1189;4;Y;Y;N;N;N;N;Y
347265;6678;622;2017;complete;2483;0;-1;;12;0;1;1;6;4;10;7;0;2;6;0;0;4;3;9;6;13;9;18;16;50;50;2;6;0;0;0;0;0;0;0;0;0;0;0;0;0;0;0;0;0;0;0;0;0;0;0;0;0;0;0;0;0;0;0;0;0;0;0;0;0;0;0;0;0;0;0;0;0;0;0;0;0;0;0;0;0;0;0;0;0;0;0;0;0;0;0;0;0;0;0;0;1;0;1;0;0;0;1;2017-02-23 00:45:00;622;1;37;0;25;0;-1;1;-1;-1;-1;-1;-1;-1;1;4;1;2;5;3;-1;0;0;0;0;0;0;0;0;0;0;0;0;0;1;1;0;0;-1;-1;1;0;-1;-1;-1;-1;-1;-1;-1;-1;-1;27;37;47;47;90;47;57;80;37;12.27;2.93;6.67;2.74;Deportivo Capiatá;Atlético PR;1.33;1.42;1.6;1.33;1.6;1.33;74;64;54;54;10;80;80;80;0;0;0;1189;6;Y;N;N;N;N;N;N
347266;6681;615;2017;complete;2483;0;-1;80;;1;0;1;4;0;4;2;0;1;3;0;0;6;3;7;3;13;6;15;21;50;50;1;3;0;0;0;0;0;0;0;0;0;0;0;0;0;0;0;0;0;0;0;0;0;0;0;0;0;0;0;0;0;0;0;0;0;0;0;0;0;0;0;0;0;0;0;0;0;0;0;0;0;0;0;0;0;0;0;0;0;0;0;0;0;0;0;0;0;0;0;0;1;0;0;1;0;1;0;2017-02-23 00:45:00;6681;1;50;50;0;0;-1;1;-1;-1;-1;-1;-1;-1;1;2;0;1;3;1;-1;0;0;0;0;0;0;0;0;0;0;0;0;0;1;1;0;0;-1;-1;0;0;-1;-1;-1;-1;-1;-1;-1;-1;-1;0;17;33;50;100;33;100;50;0;9.66;1.33;5;2;Olimpia;Botafogo;1.5;1.71;1;2.33;1;2.33;100;84;67;50;0;33;33;17;0;0;0;1189;4;Y;N;N;N;N;N;N
347267;722;2131;2017;complete;2483;0;-1;20,24,29;84;3;1;4;3;2;5;1;1;0;2;0;0;6;5;12;8;18;13;15;16;50;50;0;2;0;0;0;0;0;0;0;0;0;0;0;0;0;0;0;0;0;0;0;0;0;0;0;0;0;0;0;0;0;0;0;0;0;0;0;0;0;0;0;0;0;0;0;0;0;0;0;0;0;0;0;0;0;0;0;0;0;0;0;0;0;0;0;0;0;0;0;0;4;3;0;0;1;1;3;2017-02-23 22:15:00;722;1;17;50;50;0;-1;1;-1;-1;-1;-1;-1;-1;0;1;0;1;1;1;-1;0;0;0;0;0;0;0;0;0;0;0;0;0;1;1;0;0;-1;-1;0;0;-1;-1;-1;-1;-1;-1;-1;-1;-1;0;17;33;33;100;33;50;84;17;13.33;2;5;1.84;Atlético Tucumán;Junior;1.4;2.25;1.33;3;1.33;3;100;84;67;67;0;50;33;33;0;0;0;1189;4;Y;Y;Y;Y;N;N;Y
347268;2257;2190;2017;complete;2483;0;-1;12,24,51,73,78;;5;0;5;6;1;7;1;1;2;3;0;0;8;2;6;5;14;7;12;13;50;50;2;3;0;0;0;0;0;0;0;0;0;0;0;0;0;0;0;0;0;0;0;0;0;0;0;0;0;0;0;0;0;0;0;0;0;0;0;0;0;0;0;0;0;0;0;0;0;0;0;0;0;0;0;0;0;0;0;0;0;0;0;0;0;0;0;0;0;0;0;0;5;2;0;3;0;3;2;2017-02-24 00:00:00;2257;1;50;50;50;0;-1;1;-1;-1;-1;-1;-1;-1;0;0;2;3;0;5;-1;0;0;0;0;0;0;0;0;0;0;0;0;0;1;1;0;0;-1;-1;0;0;-1;-1;-1;-1;-1;-1;-1;-1;-1;17;33;33;100;100;33;100;100;33;11.33;3;5.33;2.84;The Strongest;Unión Española;1.67;1.75;2.33;2.33;2.33;2.33;84;67;67;0;0;67;50;50;0;0;0;1189;4;Y;Y;Y;Y;Y;N;N
347269;2192;6672;2017;complete;2484;1;-1;;83;0;1;1;8;6;14;5;2;2;5;0;0;2;4;9;5;11;9;9;7;50;50;2;5;0;0;0;0;0;0;0;0;0;0;0;0;0;0;0;0;0;0;0;0;0;0;0;0;0;0;0;0;0;0;0;0;0;0;0;0;0;0;0;0;0;0;0;0;0;0;0;0;0;0;0;0;0;0;0;0;0;0;0;0;0;0;0;0;0;0;0;0;1;0;0;0;1;1;0;2017-03-07 20:15:00;6672;1;0;0;0;0;-1;1;-1;-1;-1;-1;-1;-1;1;1;1;4;2;5;-1;0;0;0;0;0;0;0;0;0;0;0;0;0;1;1;0;0;-1;-1;1;0;-1;-1;-1;-1;-1;-1;-1;-1;-1;0;0;0;0;0;0;0;0;0;0;0;0;0;Deportes Iquique;Guaraní;1.67;1.5;0;0;0;0;0;0;0;0;0;0;0;0;0;0;0;1189;6;Y;N;N;N;N;N;N
347270;2265;4358;2017;complete;2484;1;-1;6,27,32,74,85,88;49,70;6;2;8;3;2;5;3;2;0;3;1;1;8;3;6;3;14;6;14;18;50;50;2;5;0;0;0;0;0;0;0;0;0;0;0;0;0;0;0;0;0;0;0;0;0;0;0;0;0;0;0;0;0;0;0;0;0;0;0;0;0;0;0;0;0;0;0;0;0;0;0;0;0;0;0;0;0;0;0;0;0;0;0;0;0;0;0;0;0;0;0;0;8;3;0;3;2;5;3;2017-03-07 22:30:00;2265;1;0;0;0;0;-1;1;-1;-1;-1;-1;-1;-1;0;0;1;4;0;5;-1;0;0;0;0;0;0;0;2;0;2;0;0;0;1;1;1;0;-1;-1;0;0;-1;-1;-1;-1;-1;-1;-1;-1;-1;0;0;0;0;0;0;0;0;0;0;0;0;0;Wilstermann;Peñarol;1.6;1;0;0;0;0;0;0;0;0;0;0;0;0;0;0;0;1189;6;Y;Y;Y;Y;Y;Y;Y
347271;622;2194;2017;complete;2484;1;-1;5,76;86,89;2;2;4;1;2;3;1;2;1;3;0;1;4;4;6;3;10;7;7;19;50;50;1;4;0;0;0;0;0;0;0;0;0;0;0;0;0;0;0;0;0;0;0;0;0;0;0;0;0;0;0;0;0;0;0;0;0;0;0;0;0;0;0;0;0;0;0;0;0;0;0;0;0;0;0;0;0;0;0;0;0;0;0;0;0;0;0;0;0;0;0;0;4;1;0;1;2;3;1;2017-03-08 00:00:00;-1;1;13;25;25;0;-1;1;-1;-1;-1;-1;-1;-1;0;0;1;4;0;5;-1;0;0;0;0;0;0;0;0;0;0;0;0;0;1;1;1;0;-1;-1;0;0;-1;-1;-1;-1;-1;-1;-1;-1;-1;13;13;13;13;50;13;25;38;13;4.5;1;4.25;1.13;Atlético PR;Universidad Católica;1.42;0.83;1.75;0;1.75;0;38;38;38;38;0;50;50;38;0;0;0;1189;6;Y;Y;Y;Y;N;N;Y
347272;2852;623;2017;complete;2484;1;-1;78;33,69;1;2;3;4;2;6;3;0;4;1;0;0;4;6;5;9;9;15;12;17;50;50;4;1;0;0;0;0;0;0;0;0;0;0;0;0;0;0;0;0;0;0;0;0;0;0;0;0;0;0;0;0;0;0;0;0;0;0;0;0;0;0;0;0;0;0;0;0;0;0;0;0;0;0;0;0;0;0;0;0;0;0;0;0;0;0;0;0;0;0;0;0;3;0;1;1;1;2;1;2017-03-08 00:45:00;623;1;0;0;0;0;-1;1;-1;-1;-1;-1;-1;-1;1;0;3;1;1;4;-1;0;0;0;0;0;0;0;0;0;0;0;0;0;1;1;0;0;-1;-1;0;0;-1;-1;-1;-1;-1;-1;-1;-1;-1;0;0;0;0;0;0;0;0;0;0;0;0;0;Zulia;Chapecoense;0.83;1.67;0;0;0;0;0;0;0;0;0;0;0;0;0;0;0;1189;6;Y;Y;Y;N;N;N;Y
347273;723;620;2017;complete;2484;1;-1;2;51;1;1;2;2;6;8;0;1;3;1;1;0;2;2;8;8;10;10;19;10;50;50;5;1;0;0;0;0;0;0;0;0;0;0;0;0;0;0;0;0;0;0;0;0;0;0;0;0;0;0;0;0;0;0;0;0;0;0;0;0;0;0;0;0;0;0;0;0;0;0;0;0;0;0;0;0;0;0;0;0;0;0;0;0;0;0;0;0;0;0;0;0;2;1;0;0;1;1;1;2017-03-08 22:30:00;-1;1;0;0;0;0;-1;1;-1;-1;-1;-1;-1;-1;2;0;2;1;2;3;-1;0;0;0;0;0;0;0;0;1;0;1;0;0;1;1;1;0;-1;-1;0;0;-1;-1;-1;-1;-1;-1;-1;-1;-1;0;0;0;0;0;0;0;0;0;0;0;0;0;Godoy Cruz;Atlético Mineiro;1.38;1.75;0;0;0;0;0;0;0;0;0;0;0;0;0;0;0;1189;8;Y;Y;N;N;N;N;Y
347274;2258;6674;2017;complete;2484;1;-1;40,70,81;29,62,74;3;3;6;2;2;4;1;2;4;2;0;0;5;9;6;4;11;13;17;17;50;50;4;2;0;0;0;0;0;0;0;0;0;0;0;0;0;0;0;0;0;0;0;0;0;0;0;0;0;0;0;0;0;0;0;0;0;0;0;0;0;0;0;0;0;0;0;0;0;0;0;0;0;0;0;0;0;0;0;0;0;0;0;0;0;0;0;0;0;0;0;0;6;1;1;2;2;4;2;2017-03-08 22:30:00;-1;1;0;0;0;0;-1;1;-1;-1;-1;-1;-1;-1;2;1;2;1;3;3;-1;0;0;0;0;0;0;0;0;1;0;1;0;0;1;1;0;0;-1;-1;1;0;-1;-1;-1;-1;-1;-1;-1;-1;-1;0;0;0;0;0;0;0;0;0;0;0;0;0;Sport Boys;Libertad;0.33;1;0;0;0;0;0;0;0;0;0;0;0;0;0;0;0;1189;6;Y;Y;Y;Y;Y;Y;Y
347275;612;711;2017;complete;2484;1;-1;48,62,70,87;;4;0;4;6;4;10;2;1;2;4;0;0;8;2;8;5;16;7;14;13;50;50;2;4;0;0;0;0;0;0;0;0;0;0;0;0;0;0;0;0;0;0;0;0;0;0;0;0;0;0;0;0;0;0;0;0;0;0;0;0;0;0;0;0;0;0;0;0;0;0;0;0;0;0;0;0;0;0;0;0;0;0;0;0;0;0;0;0;0;0;0;0;4;0;0;4;0;4;0;2017-03-09 00:45:00;612;1;0;0;0;0;-1;1;-1;-1;-1;-1;-1;-1;2;0;0;4;2;4;-1;0;0;0;0;0;0;0;1;0;0;0;1;0;1;1;0;0;-1;-1;0;0;-1;-1;-1;-1;-1;-1;-1;-1;-1;0;0;0;0;0;0;0;0;0;0;0;0;0;Flamengo;San Lorenzo;1.5;1.6;0;0;0;0;0;0;0;0;0;0;0;0;0;0;0;1189;6;Y;Y;Y;Y;N;N;N
347276;722;619;2017;complete;2484;1;-1;25;40;1;1;2;9;2;11;0;0;2;3;0;1;5;5;8;2;13;7;16;12;50;50;2;4;0;0;0;0;0;0;0;0;0;0;0;0;0;0;0;0;0;0;0;0;0;0;0;0;0;0;0;0;0;0;0;0;0;0;0;0;0;0;0;0;0;0;0;0;0;0;0;0;0;0;0;0;0;0;0;0;0;0;0;0;0;0;0;0;0;0;0;0;2;1;1;0;0;0;2;2017-03-09 00:45:00;-1;1;25;25;25;0;-1;1;-1;-1;-1;-1;-1;-1;2;3;0;1;5;1;-1;0;0;0;0;0;0;0;0;0;0;0;0;0;1;1;0;0;-1;-1;0;0;-1;-1;-1;-1;-1;-1;-1;-1;-1;0;25;25;25;50;25;25;50;13;7;1;2;1.25;Atlético Tucumán;Palmeiras;1.4;2;1.75;0;1.75;0;50;25;25;25;0;25;13;13;0;0;0;1189;8;Y;Y;N;N;N;N;Y
347277;2857;616;2017;complete;2484;1;-1;;45,52;0;2;2;10;4;14;0;0;2;0;0;0;2;5;14;7;16;12;8;8;50;50;2;0;0;0;0;0;0;0;0;0;0;0;0;0;0;0;0;0;0;0;0;0;0;0;0;0;0;0;0;0;0;0;0;0;0;0;0;0;0;0;0;0;0;0;0;0;0;0;0;0;0;0;0;0;0;0;0;0;0;0;0;0;0;0;0;0;0;0;0;0;2;0;1;0;1;1;1;2017-03-09 22:30:00;616;1;0;0;0;0;-1;1;-1;-1;-1;-1;-1;-1;0;0;2;0;0;2;-1;0;0;0;0;0;0;0;0;1;0;1;0;0;1;1;0;0;-1;-1;0;0;-1;-1;-1;-1;-1;-1;-1;-1;-1;0;0;0;0;0;0;0;0;0;0;0;0;0;Zamora;Grêmio;0;2.29;0;0;0;0;0;0;0;0;0;0;0;0;0;0;0;1189;6;Y;Y;N;N;N;N;N
347278;704;4359;2017;complete;2484;1;-1;;26;0;1;1;10;6;16;0;0;2;3;0;0;5;4;11;8;16;12;17;14;50;50;2;3;0;0;0;0;0;0;0;0;0;0;0;0;0;0;0;0;0;0;0;0;0;0;0;0;0;0;0;0;0;0;0;0;0;0;0;0;0;0;0;0;0;0;0;0;0;0;0;0;0;0;0;0;0;0;0;0;0;0;0;0;0;0;0;0;0;0;0;0;1;0;1;0;0;0;1;2017-03-10 00:00:00;4359;1;0;0;0;0;-1;1;-1;-1;-1;-1;-1;-1;2;0;0;3;2;3;-1;0;0;0;0;0;0;0;0;0;0;0;0;0;1;1;0;0;-1;-1;0;0;-1;-1;-1;-1;-1;-1;-1;-1;-1;0;0;0;0;0;0;0;0;0;0;0;0;0;Lanús;Nacional;1.43;1;0;0;0;0;0;0;0;0;0;0;0;0;0;0;0;1189;8;Y;N;N;N;N;N;N
347279;2257;2133;2017;complete;2484;1;-1;55,81;;2;0;2;3;0;3;2;2;2;5;0;0;4;4;10;8;14;12;14;15;50;50;2;5;0;0;0;0;0;0;0;0;0;0;0;0;0;0;0;0;0;0;0;0;0;0;0;0;0;0;0;0;0;0;0;0;0;0;0;0;0;0;0;0;0;0;0;0;0;0;0;0;0;0;0;0;0;0;0;0;0;0;0;0;0;0;0;0;0;0;0;0;2;0;0;2;0;2;0;2017-03-10 00:00:00;2257;1;13;0;0;0;-1;1;-1;-1;-1;-1;-1;-1;1;3;1;2;4;3;-1;0;0;0;0;0;0;0;0;0;0;0;0;0;1;1;0;0;-1;-1;0;0;-1;-1;-1;-1;-1;-1;-1;-1;-1;13;25;25;50;50;25;50;50;25;5.5;1.75;2;1.63;The Strongest;Santa Fe;1.67;1.33;2.5;0;2.5;0;38;25;25;0;0;25;13;13;0;0;0;1189;6;Y;Y;N;N;N;N;N
347280;2804;611;2017;complete;2484;1;-1;13;67;1;1;2;6;5;11;1;1;2;1;0;0;7;8;2;1;9;9;20;16;50;50;2;1;0;0;0;0;0;0;0;0;0;0;0;0;0;0;0;0;0;0;0;0;0;0;0;0;0;0;0;0;0;0;0;0;0;0;0;0;0;0;0;0;0;0;0;0;0;0;0;0;0;0;0;0;0;0;0;0;0;0;0;0;0;0;0;0;0;0;0;0;2;1;0;0;1;1;1;2017-03-10 00:45:00;-1;1;0;0;0;0;-1;1;-1;-1;-1;-1;-1;-1;0;0;2;1;0;3;-1;0;0;0;0;0;0;0;0;0;0;0;0;0;1;1;0;0;-1;-1;0;0;-1;-1;-1;-1;-1;-1;-1;-1;-1;0;0;0;0;0;0;0;0;0;0;0;0;0;Sporting Cristal;Santos;0.33;1.9;0;0;0;0;0;0;0;0;0;0;0;0;0;0;0;1189;6;Y;Y;N;N;N;N;Y
347281;2808;4326;2017;complete;2484;1;-1;77;;1;0;1;3;3;6;0;0;2;2;0;1;7;0;10;8;17;8;12;16;50;50;2;4;0;0;0;0;0;0;0;0;0;0;0;0;0;0;0;0;0;0;0;0;0;0;0;0;0;0;0;0;0;0;0;0;0;0;0;0;0;0;0;0;0;0;0;0;0;0;0;0;0;0;0;0;0;0;0;0;0;0;0;0;0;0;0;0;0;0;0;0;1;0;0;1;0;1;0;2017-03-14 22:30:00;2808;1;0;0;0;0;-1;1;-1;-1;-1;-1;-1;-1;0;2;2;1;2;3;-1;0;0;0;0;0;0;0;0;0;0;0;0;0;1;1;0;0;-1;-1;0;0;-1;-1;-1;-1;-1;-1;-1;-1;-1;0;0;0;0;0;0;0;0;0;0;0;0;0;Melgar;CS Emelec;0.5;1.63;0;0;0;0;0;0;0;0;0;0;0;0;0;0;0;1189;6;Y;N;N;N;N;N;N
347282;615;709;2017;complete;2484;1;-1;34,79;62;2;1;3;3;2;5;3;0;2;2;0;0;6;5;4;4;10;9;22;20;50;50;2;2;0;0;0;0;0;0;0;0;0;0;0;0;0;0;0;0;0;0;0;0;0;0;0;0;0;0;0;0;0;0;0;0;0;0;0;0;0;0;0;0;0;0;0;0;0;0;0;0;0;0;0;0;0;0;0;0;0;0;0;0;0;0;0;0;0;0;0;0;3;1;0;1;1;2;1;2017-03-15 00:00:00;615;1;25;0;0;0;-1;1;-1;-1;-1;-1;-1;-1;0;0;2;2;0;4;-1;0;0;0;0;0;0;0;0;0;0;0;0;0;1;1;0;0;-1;-1;0;0;-1;-1;-1;-1;-1;-1;-1;-1;-1;0;0;13;25;50;13;38;38;0;3.25;0.75;2.25;0.88;Botafogo;Estudiantes;1.71;1.5;1.75;0;1.75;0;50;50;38;25;0;13;13;0;0;0;0;1189;6;Y;Y;Y;N;N;N;Y
347283;4322;2142;2017;complete;2484;1;-1;25,45;14;2;1;3;3;2;5;0;3;3;4;1;1;9;3;4;7;13;10;14;17;50;50;5;6;0;0;0;0;0;0;0;0;0;0;0;0;0;0;0;0;0;0;0;0;0;0;0;0;0;0;0;0;0;0;0;0;0;0;0;0;0;0;0;0;0;0;0;0;0;0;0;0;0;0;0;0;0;0;0;0;0;0;0;0;0;0;0;0;0;0;0;0;3;2;1;0;0;0;3;2017-03-15 00:45:00;4322;1;0;0;0;0;-1;1;-1;-1;-1;-1;-1;-1;1;1;3;4;2;7;-1;0;0;0;0;0;0;0;0;0;0;0;0;0;1;1;0;0;-1;-1;0;0;-1;-1;-1;-1;-1;-1;-1;-1;-1;0;0;0;0;0;0;0;0;0;0;0;0;0;Barcelona;Atlético Nacional;1.67;1;0;0;0;0;0;0;0;0;0;0;0;0;0;0;0;1189;6;Y;Y;Y;N;N;N;Y
347284;4359;2852;2017;complete;2484;2;-1;;31;0;1;1;3;5;8;2;3;3;4;0;0;4;4;13;3;17;7;19;17;50;50;3;4;0;0;0;0;0;0;0;0;0;0;0;0;0;0;0;0;0;0;0;0;0;0;0;0;0;0;0;0;0;0;0;0;0;0;0;0;0;0;0;0;0;0;0;0;0;0;0;0;0;0;0;0;0;0;0;0;0;0;0;0;0;0;0;0;0;0;0;0;1;0;1;0;0;0;1;2017-03-15 22:30:00;2852;1;50;0;0;0;-1;1;-1;-1;-1;-1;-1;-1;1;1;2;3;2;5;-1;0;0;0;0;0;0;0;0;0;0;0;0;0;1;1;0;0;-1;-1;0;1;-1;-1;-1;-1;-1;-1;-1;-1;-1;0;0;50;50;100;0;100;50;50;10;3;7;2;Nacional;Zulia;1;0.83;3;0;3;0;100;100;50;50;0;50;50;50;0;0;0;1189;6;Y;N;N;N;N;N;N
347285;711;622;2017;complete;2484;2;-1;;4;0;1;1;12;1;13;1;2;1;3;0;0;8;4;11;6;19;10;13;12;50;50;1;3;0;0;0;0;0;0;0;0;0;0;0;0;0;0;0;0;0;0;0;0;0;0;0;0;0;0;0;0;0;0;0;0;0;0;0;0;0;0;0;0;0;0;0;0;0;0;0;0;0;0;0;0;0;0;0;0;0;0;0;0;0;0;0;0;0;0;0;0;1;0;1;0;0;0;1;2017-03-15 22:30:00;622;1;20;0;0;0;-1;1;-1;-1;-1;-1;-1;-1;1;2;0;1;3;1;-1;0;0;0;0;0;0;0;1;0;0;0;1;0;1;1;0;1;-1;-1;1;0;-1;-1;-1;-1;-1;-1;-1;-1;-1;10;70;70;70;100;10;30;90;70;7.8;2;7.6;3.3;San Lorenzo;Atlético PR;1.6;1.42;0;1.6;0;1.6;90;30;30;30;0;90;90;30;0;0;0;1189;10;Y;N;N;N;N;N;N
347286;2137;718;2017;complete;2484;1;-1;89;30,34,52;1;3;4;2;1;3;4;0;3;4;0;0;5;5;10;4;15;9;20;22;50;50;3;4;0;0;0;0;0;0;0;0;0;0;0;0;0;0;0;0;0;0;0;0;0;0;0;0;0;0;0;0;0;0;0;0;0;0;0;0;0;0;0;0;0;0;0;0;0;0;0;0;0;0;0;0;0;0;0;0;0;0;0;0;0;0;0;0;0;0;0;0;4;0;2;1;1;2;2;2017-03-16 00:00:00;718;1;0;0;0;0;-1;1;-1;-1;-1;-1;-1;-1;2;2;1;2;4;3;-1;0;0;0;0;0;0;0;1;1;1;1;0;0;1;1;0;0;-1;-1;0;0;-1;-1;-1;-1;-1;-1;-1;-1;-1;0;0;0;0;0;0;0;0;0;0;0;0;0;Independiente Medellín;River Plate;1.5;1.92;0;0;0;0;0;0;0;0;0;0;0;0;0;0;0;1189;6;Y;Y;Y;Y;N;N;Y
347287;2194;612;2017;complete;2484;2;-1;75;;1;0;1;2;3;5;0;1;3;3;0;1;5;5;6;8;11;13;14;14;50;50;3;5;0;0;0;0;0;0;0;0;0;0;0;0;0;0;0;0;0;0;0;0;0;0;0;0;0;0;0;0;0;0;0;0;0;0;0;0;0;0;0;0;0;0;0;0;0;0;0;0;0;0;0;0;0;0;0;0;0;0;0;0;0;0;0;0;0;0;0;0;1;0;0;1;0;1;0;2017-03-16 00:45:00;2194;1;50;0;0;0;-1;1;-1;-1;-1;-1;-1;-1;0;0;3;4;0;7;-1;0;0;0;0;0;0;0;0;0;0;0;0;0;1;1;0;0;-1;-1;0;0;-1;-1;-1;-1;-1;-1;-1;-1;-1;0;100;100;100;100;0;50;100;100;8;4;6;4;Universidad Católica;Flamengo;0.83;1.5;1;3;1;3;100;0;0;0;0;50;50;0;0;0;0;1189;6;Y;N;N;N;N;N;N
347288;619;2265;2017;complete;2484;2;-1;90;;1;0;1;5;1;6;10;0;1;7;0;1;7;3;9;4;16;7;10;13;50;50;1;9;0;0;0;0;0;0;0;0;0;0;0;0;0;0;0;0;0;0;0;0;0;0;0;0;0;0;0;0;0;0;0;0;0;0;0;0;0;0;0;0;0;0;0;0;0;0;0;0;0;0;0;0;0;0;0;0;0;0;0;0;0;0;0;0;0;0;0;0;1;0;0;1;0;1;0;2017-03-16 00:45:00;619;1;100;0;0;0;-1;1;-1;-1;-1;-1;-1;-1;0;3;1;5;3;6;-1;0;0;0;0;0;0;0;0;0;0;0;0;0;1;1;0;0;-1;-1;0;0;-1;-1;-1;-1;-1;-1;-1;-1;-1;50;50;50;100;100;100;100;50;50;5;3;6;5;Palmeiras;Wilstermann;2;1.6;1;3;1;3;50;50;50;0;0;50;50;50;0;0;0;1189;8;Y;N;N;N;N;N;N
347289;623;704;2017;complete;2484;2;-1;50;53,67,81;1;3;4;5;4;9;1;2;3;1;0;0;5;6;5;6;10;12;17;12;50;50;3;1;0;0;0;0;0;0;0;0;0;0;0;0;0;0;0;0;0;0;0;0;0;0;0;0;0;0;0;0;0;0;0;0;0;0;0;0;0;0;0;0;0;0;0;0;0;0;0;0;0;0;0;0;0;0;0;0;0;0;0;0;0;0;0;0;0;0;0;0;4;0;0;1;3;4;0;2017-03-16 22:30:00;704;1;50;0;0;0;-1;1;-1;-1;-1;-1;-1;-1;0;1;3;0;1;3;-1;0;0;0;0;0;0;0;0;1;0;1;0;0;1;1;0;0;-1;-1;0;0;-1;-1;-1;-1;-1;-1;-1;-1;-1;0;0;50;50;100;0;100;50;50;12;0;3;2;Chapecoense;Lanús;1.67;1.43;3;0;3;0;100;100;50;50;0;50;50;50;0;0;0;1189;6;Y;Y;Y;Y;N;N;Y
347290;4358;722;2017;complete;2484;2;-1;67,68;60;2;1;3;6;4;10;0;1;6;2;0;0;5;7;3;11;8;18;18;13;50;50;6;2;0;0;0;0;0;0;0;0;0;0;0;0;0;0;0;0;0;0;0;0;0;0;0;0;0;0;0;0;0;0;0;0;0;0;0;0;0;0;0;0;0;0;0;0;0;0;0;0;0;0;0;0;0;0;0;0;0;0;0;0;0;0;0;0;0;0;0;0;3;0;0;2;1;3;0;2017-03-17 00:00:00;4358;1;80;0;0;0;-1;1;-1;-1;-1;-1;-1;-1;2;0;4;2;2;6;-1;0;0;0;0;0;0;0;0;0;0;0;0;0;1;1;0;0;-1;-1;0;0;-1;-1;-1;-1;-1;-1;-1;-1;-1;50;70;70;80;100;80;80;90;60;9.4;2.8;7;5.2;Peñarol;Atlético Tucumán;1;1.4;0;1.6;0;1.6;50;30;30;20;0;30;20;20;0;0;0;1189;6;Y;Y;Y;N;N;N;Y
347291;2133;2804;2017;complete;2484;2;-1;10,78,90;;3;0;3;3;8;11;0;0;3;1;0;0;8;6;4;10;12;16;15;8;50;50;3;1;0;0;0;0;0;0;0;0;0;0;0;0;0;0;0;0;0;0;0;0;0;0;0;0;0;0;0;0;0;0;0;0;0;0;0;0;0;0;0;0;0;0;0;0;0;0;0;0;0;0;0;0;0;0;0;0;0;0;0;0;0;0;0;0;0;0;0;0;3;1;0;2;0;2;1;2017-03-17 00:45:00;2133;1;50;0;0;0;-1;1;-1;-1;-1;-1;-1;-1;2;0;1;1;2;2;-1;0;0;0;0;0;0;0;0;0;0;0;0;0;1;1;1;0;-1;-1;0;0;-1;-1;-1;-1;-1;-1;-1;-1;-1;0;0;0;100;100;0;50;100;50;6;3;7;2;Santa Fe;Sporting Cristal;1.33;0.33;0;1;0;1;100;100;100;0;0;50;50;50;0;0;0;1189;6;Y;Y;Y;N;N;N;N
347292;611;2257;2017;complete;2484;2;-1;45,84;;2;0;2;4;2;6;4;0;1;2;0;1;10;3;11;2;21;5;12;7;50;50;1;3;0;0;0;0;0;0;0;0;0;0;0;0;0;0;0;0;0;0;0;0;0;0;0;0;0;0;0;0;0;0;0;0;0;0;0;0;0;0;0;0;0;0;0;0;0;0;0;0;0;0;0;0;0;0;0;0;0;0;0;0;0;0;0;0;0;0;0;0;2;1;0;1;0;1;1;2017-03-17 00:45:00;611;1;60;0;0;0;-1;1;-1;-1;-1;-1;-1;-1;0;2;1;1;2;2;-1;0;0;0;0;0;0;0;0;0;0;0;0;0;1;1;0;0;-1;-1;0;0;-1;-1;-1;-1;-1;-1;-1;-1;-1;10;20;20;100;100;20;90;100;30;10;2.8;3;2.5;Santos;The Strongest;1.9;1.67;1;2.6;1;2.6;90;80;80;0;0;70;60;60;0;0;0;1189;10;Y;Y;N;N;N;N;N
347293;6674;723;2017;complete;2484;2;-1;22;45,90;1;2;3;5;4;9;2;0;0;2;0;0;5;6;7;6;12;12;16;21;50;50;0;2;0;0;0;0;0;0;0;0;0;0;0;0;0;0;0;0;0;0;0;0;0;0;0;0;0;0;0;0;0;0;0;0;0;0;0;0;0;0;0;0;0;0;0;0;0;0;0;0;0;0;0;0;0;0;0;0;0;0;0;0;0;0;0;0;0;0;0;0;3;1;1;0;1;1;2;2017-04-11 22:30:00;723;1;100;0;0;0;-1;1;-1;-1;-1;-1;-1;-1;0;2;0;0;2;0;-1;0;0;0;0;0;0;0;0;0;0;0;0;0;1;1;0;0;-1;-1;0;1;-1;-1;-1;-1;-1;-1;-1;-1;-1;50;50;50;100;100;50;100;100;50;4;2;7;4;Libertad;Godoy Cruz;1;1.38;1;1;1;1;50;50;50;0;0;0;0;0;0;0;0;1189;6;Y;Y;Y;N;N;N;Y
347294;2265;722;2017;complete;2484;3;-1;63,72;55;2;1;3;7;3;10;1;0;1;1;0;0;5;3;6;9;11;12;14;13;50;50;1;1;0;0;0;0;0;0;0;0;0;0;0;0;0;0;0;0;0;0;0;0;0;0;0;0;0;0;0;0;0;0;0;0;0;0;0;0;0;0;0;0;0;0;0;0;0;0;0;0;0;0;0;0;0;0;0;0;0;0;0;0;0;0;0;0;0;0;0;0;3;0;0;2;1;3;0;2017-04-11 22:30:00;2265;1;59;0;67;0;-1;1;-1;-1;-1;-1;-1;-1;1;1;0;0;2;0;-1;0;0;0;0;0;0;0;0;0;0;0;0;0;1;1;0;0;-1;-1;0;0;-1;-1;-1;-1;-1;-1;-1;-1;-1;25;42;50;59;100;50;50;92;42;8.83;2.33;7.5;3.5;Wilstermann;Atlético Tucumán;1.6;1.4;1.5;1.33;1.5;1.33;75;59;50;42;0;34;25;17;0;0;0;1189;10;Y;Y;Y;N;N;N;Y
347295;709;4322;2017;complete;2484;2;-1;;52,90;0;2;2;6;4;10;2;0;3;3;1;0;8;5;13;5;21;10;13;16;50;50;4;3;0;0;0;0;0;0;0;0;0;0;0;0;0;0;0;0;0;0;0;0;0;0;0;0;0;0;0;0;0;0;0;0;0;0;0;0;0;0;0;0;0;0;0;0;0;0;0;0;0;0;0;0;0;0;0;0;0;0;0;0;0;0;0;0;0;0;0;0;2;0;0;0;2;2;0;2017-04-12 00:00:00;4322;1;100;0;0;0;-1;1;-1;-1;-1;-1;-1;-1;0;2;4;1;2;5;-1;0;0;0;0;0;0;0;0;0;0;0;0;0;1;1;0;0;-1;-1;0;0;-1;-1;-1;-1;-1;-1;-1;-1;-1;0;0;100;100;100;50;100;50;50;5;0;7;3;Estudiantes;Barcelona;1.5;1.67;0;3;0;3;100;100;0;0;0;0;0;0;0;0;0;1189;6;Y;Y;N;N;N;N;N
347296;616;2192;2017;complete;2484;2;-1;16,24,29;61,68;3;2;5;6;4;10;2;0;3;5;0;0;9;3;7;4;16;7;14;26;50;50;3;5;0;0;0;0;0;0;0;0;0;0;0;0;0;0;0;0;0;0;0;0;0;0;0;0;0;0;0;0;0;0;0;0;0;0;0;0;0;0;0;0;0;0;0;0;0;0;0;0;0;0;0;0;0;0;0;0;0;0;0;0;0;0;0;0;0;0;0;0;5;3;0;0;2;2;3;2017-04-12 00:45:00;616;1;0;0;0;0;-1;1;-1;-1;-1;-1;-1;-1;1;0;2;5;1;7;-1;0;0;0;0;0;0;0;1;0;1;0;0;0;1;1;0;0;-1;-1;0;0;-1;-1;-1;-1;-1;-1;-1;-1;-1;0;0;0;50;100;0;50;100;0;12;5;2;1.5;Grêmio;Deportes Iquique;2.29;1.67;3;0;3;0;100;100;100;50;0;100;100;100;0;0;0;1189;6;Y;Y;Y;Y;Y;N;Y
347297;6672;2857;2017;complete;2484;2;-1;15,59,90;42;3;1;4;7;2;9;1;0;1;2;0;0;10;6;7;6;17;12;14;18;50;50;1;2;0;0;0;0;0;0;0;0;0;0;0;0;0;0;0;0;0;0;0;0;0;0;0;0;0;0;0;0;0;0;0;0;0;0;0;0;0;0;0;0;0;0;0;0;0;0;0;0;0;0;0;0;0;0;0;0;0;0;0;0;0;0;0;0;0;0;0;0;4;1;1;2;0;2;2;2017-04-12 22:30:00;6672;1;0;0;0;0;-1;1;-1;-1;-1;-1;-1;-1;0;0;1;2;0;3;-1;0;0;0;0;0;0;0;0;0;0;0;0;0;1;1;0;0;-1;-1;0;0;-1;-1;-1;-1;-1;-1;-1;-1;-1;0;0;0;50;100;0;50;100;0;16;2;7;1.5;Guaraní;Zamora;1.5;0;3;0;3;0;100;100;100;50;0;100;100;100;0;0;0;1189;6;Y;Y;Y;Y;N;N;Y
347298;2194;711;2017;complete;2484;3;-1;50;20;1;1;2;5;6;11;2;1;2;4;0;0;3;7;8;4;11;11;14;24;50;50;2;4;0;0;0;0;0;0;0;0;0;0;0;0;0;0;0;0;0;0;0;0;0;0;0;0;0;0;0;0;0;0;0;0;0;0;0;0;0;0;0;0;0;0;0;0;0;0;0;0;0;0;0;0;0;0;0;0;0;0;0;0;0;0;0;0;0;0;0;0;2;0;1;1;0;1;1;2017-04-13 00:00:00;-1;1;25;0;0;0;-1;1;-1;-1;-1;-1;-1;-1;0;2;2;2;2;4;-1;0;0;0;0;0;0;0;0;0;0;0;0;0;1;1;0;0;-1;-1;0;0;-1;-1;-1;-1;-1;-1;-1;-1;-1;0;50;50;50;100;0;50;75;50;10;2;6;2.5;Universidad Católica;San Lorenzo;0.83;1.6;2;0;2;0;100;50;50;50;0;50;50;25;0;0;0;1189;6;Y;Y;N;N;N;N;Y
347299;619;4358;2017;complete;2484;3;-1;47,51,90;32,76;3;2;5;3;3;6;1;2;3;6;1;0;8;4;9;6;17;10;19;24;50;50;4;6;0;0;0;0;0;0;0;0;0;0;0;0;0;0;0;0;0;0;0;0;0;0;0;0;0;0;0;0;0;0;0;0;0;0;0;0;0;0;0;0;0;0;0;0;0;0;0;0;0;0;0;0;0;0;0;0;0;0;0;0;0;0;0;0;0;0;0;0;5;0;1;3;1;4;1;2017-04-13 00:45:00;619;1;75;0;50;0;-1;1;-1;-1;-1;-1;-1;-1;0;3;4;3;3;7;-1;0;0;0;0;0;0;0;1;0;0;0;1;0;1;1;0;0;-1;-1;0;1;-1;-1;-1;-1;-1;-1;-1;-1;-1;25;25;50;75;100;50;50;75;50;7.5;6;8;3.5;Palmeiras;Peñarol;2;1;2;1.5;2;1.5;75;75;50;25;0;50;50;25;0;0;0;1189;6;Y;Y;Y;Y;Y;N;Y
347300;612;622;2017;complete;2484;3;-1;7,15;59;2;1;3;4;5;9;2;5;2;1;0;0;7;4;4;1;11;5;13;15;50;50;2;1;0;0;0;0;0;0;0;0;0;0;0;0;0;0;0;0;0;0;0;0;0;0;0;0;0;0;0;0;0;0;0;0;0;0;0;0;0;0;0;0;0;0;0;0;0;0;0;0;0;0;0;0;0;0;0;0;0;0;0;0;0;0;0;0;0;0;0;0;3;2;0;0;1;1;2;2017-04-13 00:45:00;612;1;17;0;0;0;-1;1;-1;-1;-1;-1;-1;-1;0;1;2;0;1;2;-1;0;0;0;0;0;0;0;0;0;0;0;0;0;1;1;1;0;-1;-1;0;0;-1;-1;-1;-1;-1;-1;-1;-1;-1;9;42;42;42;100;9;34;84;42;7.83;2.67;7;2.42;Flamengo;Atlético PR;1.5;1.42;1.5;1.83;1.5;1.83;92;59;59;59;0;67;67;34;0;0;0;1189;6;Y;Y;Y;N;N;N;Y
347301;4326;2137;2017;complete;2484;2;-1;67;;1;0;1;5;4;9;1;4;4;2;0;0;10;2;13;5;23;7;13;19;50;50;4;2;0;0;0;0;0;0;0;0;0;0;0;0;0;0;0;0;0;0;0;0;0;0;0;0;0;0;0;0;0;0;0;0;0;0;0;0;0;0;0;0;0;0;0;0;0;0;0;0;0;0;0;0;0;0;0;0;0;0;0;0;0;0;0;0;0;0;0;0;1;0;0;1;0;1;0;2017-04-13 22:30:00;4326;1;50;0;0;0;-1;1;-1;-1;-1;-1;-1;-1;1;0;3;2;1;5;-1;0;0;0;0;0;0;0;0;0;0;0;0;0;1;1;0;0;-1;-1;0;0;-1;-1;-1;-1;-1;-1;-1;-1;-1;0;50;50;50;100;50;50;100;50;5;4;7;2.5;CS Emelec;Independiente Medellín;1.63;1.5;0;0;0;0;100;50;50;50;0;0;0;0;0;0;0;1189;6;Y;N;N;N;N;N;N
347302;620;2258;2017;complete;2484;2;-1;5,72,75,89,90;11,55;5;2;7;7;8;15;6;3;1;3;0;0;8;4;8;2;16;6;12;24;50;50;1;3;0;0;0;0;0;0;0;0;0;0;0;0;0;0;0;0;0;0;0;0;0;0;0;0;0;0;0;0;0;0;0;0;0;0;0;0;0;0;0;0;0;0;0;0;0;0;0;0;0;0;0;0;0;0;0;0;0;0;0;0;0;0;0;0;0;0;0;0;7;1;1;4;1;5;2;2017-04-13 22:30:00;620;1;100;0;0;0;-1;1;-1;-1;-1;-1;-1;-1;0;1;1;2;1;3;-1;0;0;0;0;0;0;0;0;0;0;0;0;0;1;1;1;0;-1;-1;0;0;-1;-1;-1;-1;-1;-1;-1;-1;-1;50;50;50;100;100;50;100;100;50;8;2;5;4;Atlético Mineiro;Sport Boys;1.75;0.33;1;1;1;1;50;50;50;0;0;0;0;0;0;0;0;1189;6;Y;Y;Y;Y;Y;Y;Y
347303;718;2808;2017;complete;2484;2;-1;18,22,27,67;5,26;4;2;6;9;4;13;2;2;1;3;0;0;9;5;10;0;19;5;12;18;50;50;1;3;0;0;0;0;0;0;0;0;0;0;0;0;0;0;0;0;0;0;0;0;0;0;0;0;0;0;0;0;0;0;0;0;0;0;0;0;0;0;0;0;0;0;0;0;0;0;0;0;0;0;0;0;0;0;0;0;0;0;0;0;0;0;0;0;0;0;0;0;6;3;2;1;0;1;5;2017-04-14 00:00:00;718;1;50;0;0;0;-1;1;-1;-1;-1;-1;-1;-1;1;1;0;2;2;2;-1;0;0;0;0;0;0;0;0;0;0;0;0;0;1;1;0;1;-1;-1;0;0;-1;-1;-1;-1;-1;-1;-1;-1;-1;0;50;50;50;100;50;50;100;50;4;0;6;2.5;River Plate;Melgar;1.92;0.5;3;3;3;3;100;50;50;50;0;0;0;0;0;0;0;1189;6;Y;Y;Y;Y;Y;Y;Y
347304;2142;615;2017;complete;2484;2;-1;;39,90;0;2;2;11;1;12;4;5;1;3;0;0;0;4;14;1;14;5;6;13;50;50;1;3;0;0;0;0;0;0;0;0;0;0;0;0;0;0;0;0;0;0;0;0;0;0;0;0;0;0;0;0;0;0;0;0;0;0;0;0;0;0;0;0;0;0;0;0;0;0;0;0;0;0;0;0;0;0;0;0;0;0;0;0;0;0;0;0;0;0;0;0;2;0;1;0;1;1;1;2017-04-14 00:45:00;615;1;80;0;0;0;-1;1;-1;-1;-1;-1;-1;-1;0;0;1;3;0;4;-1;0;0;0;0;0;0;0;0;0;0;0;0;0;1;1;0;0;-1;-1;0;0;-1;-1;-1;-1;-1;-1;-1;-1;-1;0;0;70;80;100;60;90;40;10;5.2;4.2;8.2;2.5;Atlético Nacional;Botafogo;1;1.71;0;2;0;2;100;100;30;20;0;10;10;0;0;0;0;1189;6;Y;Y;N;N;N;N;N
347305;704;2852;2017;complete;2484;3;-1;5,47,74,79,81;;5;0;5;5;4;9;0;1;1;2;0;0;7;3;12;6;19;9;18;11;50;50;1;2;0;0;0;0;0;0;0;0;0;0;0;0;0;0;0;0;0;0;0;0;0;0;0;0;0;0;0;0;0;0;0;0;0;0;0;0;0;0;0;0;0;0;0;0;0;0;0;0;0;0;0;0;0;0;0;0;0;0;0;0;0;0;0;0;0;0;0;0;5;1;0;4;0;4;1;2017-04-19 00:00:00;704;1;50;0;0;0;-1;1;-1;-1;-1;-1;-1;-1;1;1;0;1;2;1;-1;0;0;0;0;0;0;0;1;0;1;0;0;0;1;1;1;0;-1;-1;0;0;-1;-1;-1;-1;-1;-1;-1;-1;-1;0;25;50;50;100;0;75;50;50;11.5;4;5.5;2.25;Lanús;Zulia;1.43;0.83;1.5;1.5;1.5;1.5;100;75;50;50;0;50;25;25;0;0;0;1189;6;Y;Y;Y;Y;Y;N;N
347306;623;4359;2017;complete;2484;3;-1;10;41;1;1;2;7;4;11;2;3;1;4;0;0;7;4;6;5;13;9;10;14;50;50;1;4;0;0;0;0;0;0;0;0;0;0;0;0;0;0;0;0;0;0;0;0;0;0;0;0;0;0;0;0;0;0;0;0;0;0;0;0;0;0;0;0;0;0;0;0;0;0;0;0;0;0;0;0;0;0;0;0;0;0;0;0;0;0;0;0;0;0;0;0;2;1;1;0;0;0;2;2017-04-19 00:45:00;-1;1;50;0;50;0;-1;1;-1;-1;-1;-1;-1;-1;0;0;1;4;0;5;-1;0;0;0;0;0;0;0;1;0;1;0;0;0;1;1;1;0;-1;-1;0;0;-1;-1;-1;-1;-1;-1;-1;-1;-1;0;25;50;50;100;0;75;50;50;8;1.5;5;2.25;Chapecoense;Nacional;1.67;1;1.5;1.5;1.5;1.5;100;75;50;50;0;50;25;25;0;0;0;1189;6;Y;Y;N;N;N;N;Y
347307;2804;2257;2017;complete;2484;3;-1;;;0;0;0;8;1;9;2;4;2;3;0;0;7;2;8;4;15;6;16;15;50;50;2;3;0;0;0;0;0;0;0;0;0;0;0;0;0;0;0;0;0;0;0;0;0;0;0;0;0;0;0;0;0;0;0;0;0;0;0;0;0;0;0;0;0;0;0;0;0;0;0;0;0;0;0;0;0;0;0;0;0;0;0;0;0;0;0;0;0;0;0;0;0;0;0;0;0;0;0;2017-04-19 00:45:00;-1;1;34;0;0;0;-1;1;-1;-1;-1;-1;-1;-1;1;1;1;2;2;3;-1;0;0;0;0;0;0;0;0;0;0;0;0;0;1;1;0;0;-1;-1;0;0;-1;-1;-1;-1;-1;-1;-1;-1;-1;9;17;42;100;100;17;92;100;50;11.5;2;3.67;2.67;Sporting Cristal;The Strongest;0.33;1.67;0.5;2.17;0.5;2.17;92;84;59;0;0;67;59;59;0;0;0;1189;6;N;N;N;N;N;N;N
347308;709;2142;2017;complete;2484;3;-1;38;;1;0;1;3;0;3;4;2;1;5;0;0;7;2;6;7;13;9;21;21;50;50;1;5;0;0;0;0;0;0;0;0;0;0;0;0;0;0;0;0;0;0;0;0;0;0;0;0;0;0;0;0;0;0;0;0;0;0;0;0;0;0;0;0;0;0;0;0;0;0;0;0;0;0;0;0;0;0;0;0;0;0;0;0;0;0;0;0;0;0;0;0;1;1;0;0;0;0;1;2017-04-19 22:30:00;709;1;50;50;0;0;-1;1;-1;-1;-1;-1;-1;-1;0;1;1;4;1;5;-1;0;0;0;0;0;0;0;0;0;0;0;0;0;1;1;0;0;-1;-1;0;0;-1;-1;-1;-1;-1;-1;-1;-1;-1;0;0;50;100;100;25;75;75;50;10.5;4.5;6.5;2.5;Estudiantes;Atlético Nacional;1.5;1;0;0;0;0;100;100;50;0;0;50;50;25;0;0;0;1189;6;Y;N;N;N;N;N;N
347309;2857;2192;2017;complete;2484;3;-1;80;8,20,66,87;1;4;5;6;3;9;3;2;5;0;0;0;8;8;9;4;17;12;16;13;50;50;5;0;0;0;0;0;0;0;0;0;0;0;0;0;0;0;0;0;0;0;0;0;0;0;0;0;0;0;0;0;0;0;0;0;0;0;0;0;0;0;0;0;0;0;0;0;0;0;0;0;0;0;0;0;0;0;0;0;0;0;0;0;0;0;0;0;0;0;0;0;5;0;2;1;2;3;2;2017-04-20 00:00:00;2192;1;50;0;0;0;-1;1;-1;-1;-1;-1;-1;-1;2;0;3;0;2;3;-1;0;0;0;0;0;0;0;0;1;0;1;0;0;1;1;0;1;-1;-1;0;0;-1;-1;-1;-1;-1;-1;-1;-1;-1;25;50;50;75;100;50;75;100;50;12;2.5;5.5;3;Zamora;Deportes Iquique;0;1.67;0;0;0;0;75;50;50;25;0;100;75;50;0;0;0;1189;6;Y;Y;Y;Y;Y;N;Y
347310;2133;611;2017;complete;2484;3;-1;;;0;0;0;3;1;4;2;4;5;3;0;1;2;3;9;6;11;9;27;13;50;50;5;4;0;0;0;0;0;0;0;0;0;0;0;0;0;0;0;0;0;0;0;0;0;0;0;0;0;0;0;0;0;0;0;0;0;0;0;0;0;0;0;0;0;0;0;0;0;0;0;0;0;0;0;0;0;0;0;0;0;0;0;0;0;0;0;0;0;0;0;0;0;0;0;0;0;0;0;2017-04-20 00:45:00;-1;1;25;0;0;0;-1;1;-1;-1;-1;-1;-1;-1;2;1;3;3;3;6;-1;0;0;0;0;0;0;0;0;0;0;0;0;0;1;1;0;0;-1;-1;1;0;-1;-1;-1;-1;-1;-1;-1;-1;-1;0;0;25;100;100;0;75;100;50;6;3.5;5;2.25;Santa Fe;Santos;1.33;1.9;1.5;2;1.5;2;100;100;75;0;0;50;50;50;0;0;0;1189;6;N;N;N;N;N;N;N
347311;6674;620;2017;complete;2484;3;-1;27;;1;0;1;6;5;11;1;1;2;3;0;0;5;3;8;0;13;3;16;23;50;50;2;3;0;0;0;0;0;0;0;0;0;0;0;0;0;0;0;0;0;0;0;0;0;0;0;0;0;0;0;0;0;0;0;0;0;0;0;0;0;0;0;0;0;0;0;0;0;0;0;0;0;0;0;0;0;0;0;0;0;0;0;0;0;0;0;0;0;0;0;0;1;1;0;0;0;0;1;2017-04-20 00:45:00;6674;1;100;50;0;0;-1;1;-1;-1;-1;-1;-1;-1;0;1;2;2;1;4;-1;0;0;0;0;0;0;0;0;0;0;0;0;0;1;1;0;0;-1;-1;0;1;-1;-1;-1;-1;-1;-1;-1;-1;-1;50;50;75;100;100;75;100;100;50;10;5.5;2;4.5;Libertad;Atlético Mineiro;1;1.75;0.5;2;0.5;2;50;50;25;0;0;50;25;25;0;0;0;1189;6;Y;N;N;N;N;N;N
347312;723;2258;2017;complete;2484;3;-1;56,73;;2;0;2;8;3;11;0;0;2;3;0;0;9;2;9;5;18;7;14;11;50;50;2;3;0;0;0;0;0;0;0;0;0;0;0;0;0;0;0;0;0;0;0;0;0;0;0;0;0;0;0;0;0;0;0;0;0;0;0;0;0;0;0;0;0;0;0;0;0;0;0;0;0;0;0;0;0;0;0;0;0;0;0;0;0;0;0;0;0;0;0;0;2;0;0;2;0;2;0;2017-04-20 22:30:00;723;1;100;50;50;0;-1;1;-1;-1;-1;-1;-1;-1;1;0;1;3;1;4;-1;0;0;0;0;0;0;0;0;0;0;0;0;0;1;1;0;0;-1;-1;0;0;-1;-1;-1;-1;-1;-1;-1;-1;-1;50;50;75;100;100;75;100;100;50;8;2;7;4.5;Godoy Cruz;Sport Boys;1.38;0.33;2;0.5;2;0.5;50;50;25;0;0;50;25;25;0;0;0;1189;6;Y;Y;N;N;N;N;N
347313;6672;616;2017;complete;2484;3;-1;71;79;1;1;2;4;3;7;2;0;0;4;0;1;5;5;4;7;9;12;12;10;50;50;0;5;0;0;0;0;0;0;0;0;0;0;0;0;0;0;0;0;0;0;0;0;0;0;0;0;0;0;0;0;0;0;0;0;0;0;0;0;0;0;0;0;0;0;0;0;0;0;0;0;0;0;0;0;0;0;0;0;0;0;0;0;0;0;0;0;0;0;0;0;2;0;0;1;1;2;0;2017-04-20 22:30:00;-1;1;50;50;0;0;-1;1;-1;-1;-1;-1;-1;-1;0;0;0;5;0;5;-1;0;0;0;0;0;0;0;0;0;0;0;0;0;1;1;0;0;-1;-1;0;0;-1;-1;-1;-1;-1;-1;-1;-1;-1;25;50;50;75;100;50;75;100;50;11.5;2.5;4.5;3;Guaraní;Grêmio;1.5;2.29;3;3;3;3;75;50;50;25;0;100;75;50;0;0;0;1189;8;Y;Y;N;N;N;N;Y
347314;2137;2808;2017;complete;2484;3;-1;13,64;;2;0;2;3;2;5;1;3;0;1;0;0;13;3;10;8;23;11;12;12;50;50;0;1;0;0;0;0;0;0;0;0;0;0;0;0;0;0;0;0;0;0;0;0;0;0;0;0;0;0;0;0;0;0;0;0;0;0;0;0;0;0;0;0;0;0;0;0;0;0;0;0;0;0;0;0;0;0;0;0;0;0;0;0;0;0;0;0;0;0;0;0;2;1;0;1;0;1;1;2017-04-21 00:00:00;2137;1;50;50;50;0;-1;1;-1;-1;-1;-1;-1;-1;0;1;0;0;1;0;-1;0;0;0;0;0;0;0;0;0;0;0;0;0;1;1;0;0;-1;-1;0;0;-1;-1;-1;-1;-1;-1;-1;-1;-1;25;50;50;50;100;50;50;100;25;6.5;5;5;3;Independiente Medellín;Melgar;1.5;0.5;0;1.5;0;1.5;75;50;50;50;0;50;25;25;0;0;0;1189;6;Y;Y;N;N;N;N;N
347315;4322;615;2017;complete;2484;3;-1;32;89;1;1;2;2;4;6;1;2;3;3;1;0;5;4;9;6;14;10;13;14;50;50;4;3;0;0;0;0;0;0;0;0;0;0;0;0;0;0;0;0;0;0;0;0;0;0;0;0;0;0;0;0;0;0;0;0;0;0;0;0;0;0;0;0;0;0;0;0;0;0;0;0;0;0;0;0;0;0;0;0;0;0;0;0;0;0;0;0;0;0;0;0;2;1;0;0;1;1;1;2017-04-21 00:45:00;-1;1;50;50;0;0;-1;1;-1;-1;-1;-1;-1;-1;2;1;2;2;3;4;-1;0;0;0;0;0;0;0;0;2;0;1;0;1;1;1;0;0;-1;-1;1;0;-1;-1;-1;-1;-1;-1;-1;-1;-1;0;0;42;84;100;34;67;67;34;6.33;1.83;6.33;2.25;Barcelona;Botafogo;1.67;1.71;3;2.17;3;2.17;100;100;59;17;0;42;42;9;0;0;0;1189;12;Y;Y;N;N;N;N;Y
347316;2192;2857;2017;complete;2484;4;-1;14,82,90,90;50,65,85;4;3;7;8;0;8;1;2;2;1;0;0;11;8;8;3;19;11;12;11;50;50;2;1;0;0;0;0;0;0;0;0;0;0;0;0;0;0;0;0;0;0;0;0;0;0;0;0;0;0;0;0;0;0;0;0;0;0;0;0;0;0;0;0;0;0;0;0;0;0;0;0;0;0;0;0;0;0;0;0;0;0;0;0;0;0;0;0;0;0;0;0;7;1;0;3;3;6;1;2017-04-25 20:15:00;2192;1;67;50;0;0;-1;1;-1;-1;-1;-1;-1;-1;1;1;1;0;2;1;-1;0;0;0;0;0;0;0;0;1;0;1;0;0;1;1;0;0;-1;-1;0;0;-1;-1;-1;-1;-1;-1;-1;-1;-1;50;67;67;84;100;67;84;100;67;11;3.33;5.33;3.67;Deportes Iquique;Zamora;1.67;0;1;0;1;0;50;33;33;17;0;100;50;33;0;0;0;1189;6;Y;Y;Y;Y;Y;Y;Y
347317;722;2265;2017;complete;2484;4;-1;51,74;79;2;1;3;8;6;14;-1;-1;1;3;0;0;8;5;9;1;17;6;-1;-1;50;50;1;3;0;0;0;0;0;0;0;0;0;0;0;0;0;0;0;0;0;0;0;0;0;0;0;0;0;0;0;0;0;0;0;0;0;0;0;0;0;0;0;0;0;0;0;0;0;0;0;0;0;0;0;0;0;0;0;0;0;0;0;0;0;0;0;0;0;0;0;0;3;0;0;2;1;3;0;2017-04-25 22:30:00;722;1;69;34;17;0;-1;1;-1;-1;-1;-1;-1;-1;0;1;1;2;1;3;-1;0;0;0;0;0;0;0;0;0;0;0;0;0;1;1;0;0;-1;-1;0;0;-1;-1;-1;-1;-1;-1;-1;-1;-1;17;31;62;69;100;38;38;93;55;9.96;2.04;5.86;3.29;Atlético Tucumán;Wilstermann;1.4;1.6;1.14;2;1.14;2;84;69;38;31;0;52;45;15;0;0;0;1189;10;Y;Y;Y;N;N;N;Y
347318;711;2194;2017;complete;2484;4;-1;36,86;78;2;1;3;7;5;12;0;1;1;3;0;1;5;4;11;6;16;10;20;15;50;50;1;4;0;0;0;0;0;0;0;0;0;0;0;0;0;0;0;0;0;0;0;0;0;0;0;0;0;0;0;0;0;0;0;0;0;0;0;0;0;0;0;0;0;0;0;0;0;0;0;0;0;0;0;0;0;0;0;0;0;0;0;0;0;0;0;0;0;0;0;0;3;1;0;1;1;2;1;2017-04-26 00:00:00;711;1;50;0;50;0;-1;1;-1;-1;-1;-1;-1;-1;0;0;1;4;0;5;-1;0;0;0;0;0;0;0;0;0;0;0;0;0;1;1;0;0;-1;-1;0;0;-1;-1;-1;-1;-1;-1;-1;-1;-1;0;33;33;67;100;0;67;84;33;10.33;2.33;6;2.33;San Lorenzo;Universidad Católica;1.6;0.83;0.33;1.67;0.33;1.67;100;67;67;33;0;67;67;50;0;0;0;1189;6;Y;Y;Y;N;N;N;Y
347319;620;6674;2017;complete;2484;4;-1;72,89;;2;0;2;5;8;13;2;4;2;3;0;0;5;7;14;2;19;9;11;15;50;50;2;3;0;0;0;0;0;0;0;0;0;0;0;0;0;0;0;0;0;0;0;0;0;0;0;0;0;0;0;0;0;0;0;0;0;0;0;0;0;0;0;0;0;0;0;0;0;0;0;0;0;0;0;0;0;0;0;0;0;0;0;0;0;0;0;0;0;0;0;0;2;0;0;2;0;2;0;2017-04-26 22:30:00;620;1;67;100;100;0;-1;1;-1;-1;-1;-1;-1;-1;0;1;2;2;1;4;-1;0;0;0;0;0;0;0;0;0;0;0;0;0;1;1;0;0;-1;-1;0;0;-1;-1;-1;-1;-1;-1;-1;-1;-1;33;33;50;67;100;50;100;67;33;10.33;4.34;3;3.33;Atlético Mineiro;Libertad;1.75;1;1.33;1.33;1.33;1.33;67;67;50;33;0;67;50;50;0;0;0;1189;6;Y;Y;N;N;N;N;N
347320;2808;2137;2017;complete;2484;4;-1;70;73,75;1;2;3;6;4;10;0;3;1;2;0;0;3;8;11;5;14;13;13;14;50;50;1;2;0;0;0;0;0;0;0;0;0;0;0;0;0;0;0;0;0;0;0;0;0;0;0;0;0;0;0;0;0;0;0;0;0;0;0;0;0;0;0;0;0;0;0;0;0;0;0;0;0;0;0;0;0;0;0;0;0;0;0;0;0;0;0;0;0;0;0;0;3;0;0;1;2;3;0;2017-04-27 00:00:00;2137;1;33;0;0;0;-1;1;-1;-1;-1;-1;-1;-1;1;1;0;1;2;1;-1;0;0;0;0;0;0;0;0;0;0;0;0;0;1;1;0;0;-1;-1;0;0;-1;-1;-1;-1;-1;-1;-1;-1;-1;17;33;33;67;100;33;67;100;17;6;4.67;3.67;2.67;Melgar;Independiente Medellín;0.5;1.5;1;1;1;1;84;67;67;33;0;33;17;17;0;0;0;1189;6;Y;Y;Y;N;N;N;Y
347321;4358;619;2017;complete;2484;4;-1;13,39;49,63,73;2;3;5;5;4;9;4;0;2;4;0;0;6;4;5;7;11;11;12;17;50;50;2;4;0;0;0;0;0;0;0;0;0;0;0;0;0;0;0;0;0;0;0;0;0;0;0;0;0;0;0;0;0;0;0;0;0;0;0;0;0;0;0;0;0;0;0;0;0;0;0;0;0;0;0;0;0;0;0;0;0;0;0;0;0;0;0;0;0;0;0;0;5;2;0;0;3;3;2;2017-04-27 00:45:00;619;1;84;50;50;0;-1;1;-1;-1;-1;-1;-1;-1;1;2;1;2;3;3;-1;0;0;0;0;0;0;0;0;0;0;0;0;0;1;1;0;0;-1;-1;0;0;-1;-1;-1;-1;-1;-1;-1;-1;-1;50;50;67;84;100;33;67;84;67;7;5;8.67;4;Peñarol;Palmeiras;1;2;1;2.33;1;2.33;50;50;34;17;0;33;33;17;0;0;0;1189;6;Y;Y;Y;Y;Y;N;Y
347322;622;612;2017;complete;2484;4;-1;36,88;90;2;1;3;1;9;10;1;2;1;3;0;0;4;10;6;10;10;20;13;10;50;50;1;3;0;0;0;0;0;0;0;0;0;0;0;0;0;0;0;0;0;0;0;0;0;0;0;0;0;0;0;0;0;0;0;0;0;0;0;0;0;0;0;0;0;0;0;0;0;0;0;0;0;0;0;0;0;0;0;0;0;0;0;0;0;0;0;0;0;0;0;0;3;1;0;1;1;2;1;2017-04-27 00:45:00;622;1;38;17;34;0;-1;1;-1;-1;-1;-1;-1;-1;0;1;1;2;1;3;-1;0;0;0;0;0;0;0;0;0;0;0;0;0;1;1;0;0;-1;-1;0;0;-1;-1;-1;-1;-1;-1;-1;-1;-1;7;31;55;55;100;31;52;86;31;7.9;3.38;6.14;2.55;Atlético PR;Flamengo;1.42;1.5;1.57;2;1.57;2;93;69;45;45;0;77;52;29;0;0;0;1189;6;Y;Y;Y;N;N;N;Y
347323;4359;623;2017;complete;2484;4;-1;17,50,81;;3;0;3;10;1;11;5;0;4;4;0;2;5;4;7;3;12;7;16;16;50;50;4;8;0;0;0;0;0;0;0;0;0;0;0;0;0;0;0;0;0;0;0;0;0;0;0;0;0;0;0;0;0;0;0;0;0;0;0;0;0;0;0;0;0;0;0;0;0;0;0;0;0;0;0;0;0;0;0;0;0;0;0;0;0;0;0;0;0;0;0;0;3;1;0;2;0;2;1;2017-04-27 22:30:00;4359;1;67;0;50;0;-1;1;-1;-1;-1;-1;-1;-1;1;3;3;3;4;6;-1;0;0;0;0;0;0;0;0;0;0;0;0;0;1;1;0;0;-1;-1;0;1;-1;-1;-1;-1;-1;-1;-1;-1;-1;0;17;34;67;100;33;84;34;34;9;2.67;5;2.17;Nacional;Chapecoense;1;1.67;1.33;1.33;1.33;1.33;100;84;67;34;0;67;50;50;0;0;0;1189;6;Y;Y;Y;N;N;N;N
347324;2852;704;2017;complete;2484;4;-1;34;63;1;1;2;2;2;4;3;2;2;1;0;0;6;3;7;11;13;14;10;8;50;50;2;1;0;0;0;0;0;0;0;0;0;0;0;0;0;0;0;0;0;0;0;0;0;0;0;0;0;0;0;0;0;0;0;0;0;0;0;0;0;0;0;0;0;0;0;0;0;0;0;0;0;0;0;0;0;0;0;0;0;0;0;0;0;0;0;0;0;0;0;0;2;1;0;0;1;1;1;2017-04-27 22:30:00;-1;1;33;0;100;0;-1;1;-1;-1;-1;-1;-1;-1;2;1;0;0;3;0;-1;0;0;0;0;0;0;0;0;0;0;0;0;0;1;1;0;0;-1;-1;1;0;-1;-1;-1;-1;-1;-1;-1;-1;-1;33;50;67;67;100;0;84;67;67;10.66;3;4.66;3.17;Zulia;Lanús;0.83;1.43;1;2;1;2;67;50;33;33;0;67;17;17;0;0;0;1189;6;Y;Y;N;N;N;N;Y
347325;4326;718;2017;complete;2484;3;-1;2;42,81;1;2;3;5;6;11;4;3;2;4;0;0;7;9;5;3;12;12;14;16;50;50;2;4;0;0;0;0;0;0;0;0;0;0;0;0;0;0;0;0;0;0;0;0;0;0;0;0;0;0;0;0;0;0;0;0;0;0;0;0;0;0;0;0;0;0;0;0;0;0;0;0;0;0;0;0;0;0;0;0;0;0;0;0;0;0;0;0;0;0;0;0;3;1;1;0;1;1;2;2017-04-28 00:00:00;718;1;50;0;50;0;-1;1;-1;-1;-1;-1;-1;-1;2;1;0;3;3;3;-1;0;0;0;0;0;0;0;0;0;0;0;0;0;1;1;1;0;-1;-1;0;0;-1;-1;-1;-1;-1;-1;-1;-1;-1;25;50;50;50;100;50;50;100;25;9;1.5;6.5;3;CS Emelec;River Plate;1.63;1.92;1.5;3;1.5;3;75;50;50;50;0;50;25;25;0;0;0;1189;8;Y;Y;Y;N;N;N;Y
347326;2258;723;2017;complete;2484;4;-1;69;42,66,86;1;3;4;7;6;13;1;4;0;0;1;0;5;8;3;8;8;16;13;17;50;50;2;0;0;0;0;0;0;0;0;0;0;0;0;0;0;0;0;0;0;0;0;0;0;0;0;0;0;0;0;0;0;0;0;0;0;0;0;0;0;0;0;0;0;0;0;0;0;0;0;0;0;0;0;0;0;0;0;0;0;0;0;0;0;0;0;0;0;0;0;0;4;0;1;1;2;3;1;2017-04-28 00:45:00;723;1;67;100;50;0;-1;1;-1;-1;-1;-1;-1;-1;0;0;1;0;0;1;-1;0;0;0;0;0;0;0;0;0;0;0;0;0;1;1;0;0;-1;-1;0;0;-1;-1;-1;-1;-1;-1;-1;-1;-1;34;34;50;100;100;50;67;100;67;9;1.33;6.33;3.67;Sport Boys;Godoy Cruz;0.33;1.38;0.33;2.33;0.33;2.33;67;67;50;0;0;67;50;50;0;0;0;1189;6;Y;Y;Y;Y;N;N;Y
347327;616;6672;2017;complete;2484;4;-1;8,28,45,79;34;4;1;5;9;2;11;1;1;2;2;0;1;6;4;5;4;11;8;7;12;50;50;2;4;0;0;0;0;0;0;0;0;0;0;0;0;0;0;0;0;0;0;0;0;0;0;0;0;0;0;0;0;0;0;0;0;0;0;0;0;0;0;0;0;0;0;0;0;0;0;0;0;0;0;0;0;0;0;0;0;0;0;0;0;0;0;0;0;0;0;0;0;5;3;1;1;0;1;4;2017-04-28 00:45:00;616;1;67;0;0;0;-1;1;-1;-1;-1;-1;-1;-1;2;3;0;0;5;0;-1;0;0;0;0;0;0;0;1;0;0;0;1;0;1;1;1;0;-1;-1;0;0;-1;-1;-1;-1;-1;-1;-1;-1;-1;17;33;33;84;100;33;50;100;67;10;2.34;4.67;2.67;Grêmio;Guaraní;2.29;1.5;2.33;2.33;2.33;2.33;84;67;67;17;0;67;50;33;0;0;0;1189;8;Y;Y;Y;Y;Y;N;Y
347328;722;4358;2017;complete;2484;5;-1;77,80;84;2;1;3;9;5;14;3;0;4;1;0;0;9;4;10;2;19;6;24;20;50;50;4;1;0;0;0;0;0;0;0;0;0;0;0;0;0;0;0;0;0;0;0;0;0;0;0;0;0;0;0;0;0;0;0;0;0;0;0;0;0;0;0;0;0;0;0;0;0;0;0;0;0;0;0;0;0;0;0;0;0;0;0;0;0;0;0;0;0;0;0;0;3;0;0;2;1;3;0;2017-05-02 22:30:00;722;1;88;25;75;0;-1;1;-1;-1;-1;-1;-1;-1;1;0;3;1;1;4;-1;0;0;0;0;0;0;0;0;0;0;0;0;0;1;1;0;0;-1;-1;0;0;-1;-1;-1;-1;-1;-1;-1;-1;-1;38;50;82;88;100;44;57;94;75;10.5;2.5;6.5;3.94;Atlético Tucumán;Peñarol;1.4;1;1.38;0.75;1.38;0.75;63;50;19;13;0;63;44;19;0;0;0;1189;6;Y;Y;Y;N;N;N;Y
347329;2142;709;2017;complete;2484;4;-1;36,45,47,69;67;4;1;5;5;2;7;3;4;2;2;0;0;8;4;16;5;24;9;16;9;50;50;2;2;0;0;0;0;0;0;0;0;0;0;0;0;0;0;0;0;0;0;0;0;0;0;0;0;0;0;0;0;0;0;0;0;0;0;0;0;0;0;0;0;0;0;0;0;0;0;0;0;0;0;0;0;0;0;0;0;0;0;0;0;0;0;0;0;0;0;0;0;5;2;0;2;1;3;2;2017-05-03 00:00:00;2142;1;33;0;50;0;-1;1;-1;-1;-1;-1;-1;-1;0;1;2;1;1;3;-1;0;0;0;0;0;0;0;0;0;0;0;0;0;1;1;0;0;-1;-1;0;0;-1;-1;-1;-1;-1;-1;-1;-1;-1;0;0;33;67;100;17;84;50;34;8;5;6.33;2;Atlético Nacional;Estudiantes;1;1.5;0;1;0;1;100;100;67;33;0;33;33;17;0;0;0;1189;6;Y;Y;Y;Y;Y;N;Y
347330;615;4322;2017;complete;2484;4;-1;;7,24;0;2;2;5;5;10;2;1;3;3;0;0;5;7;10;10;15;17;13;19;50;50;3;3;0;0;0;0;0;0;0;0;0;0;0;0;0;0;0;0;0;0;0;0;0;0;0;0;0;0;0;0;0;0;0;0;0;0;0;0;0;0;0;0;0;0;0;0;0;0;0;0;0;0;0;0;0;0;0;0;0;0;0;0;0;0;0;0;0;0;0;0;2;0;2;0;0;0;2;2017-05-03 00:45:00;4322;1;62;0;17;0;-1;1;-1;-1;-1;-1;-1;-1;1;1;2;2;2;4;-1;0;0;0;0;0;0;0;0;0;0;0;0;0;1;1;0;1;-1;-1;1;1;-1;-1;-1;-1;-1;-1;-1;-1;-1;0;0;31;86;100;24;77;77;24;6;2.19;6.43;2.17;Botafogo;Barcelona;1.71;1.67;2;2.33;2;2.33;100;100;69;15;0;31;31;7;0;0;0;1189;12;Y;Y;N;N;N;N;N
347331;2258;620;2017;complete;2484;5;-1;42;11,17,61,63,89;1;5;6;4;3;7;4;5;3;2;0;0;3;8;4;10;7;18;20;19;50;50;3;2;0;0;0;0;0;0;0;0;0;0;0;0;0;0;0;0;0;0;0;0;0;0;0;0;0;0;0;0;0;0;0;0;0;0;0;0;0;0;0;0;0;0;0;0;0;0;0;0;0;0;0;0;0;0;0;0;0;0;0;0;0;0;0;0;0;0;0;0;6;1;2;0;3;3;3;2017-05-03 22:30:00;620;1;63;25;50;0;-1;1;-1;-1;-1;-1;-1;-1;1;1;2;1;2;3;-1;0;0;0;0;0;0;0;1;0;1;0;0;0;1;1;0;0;-1;-1;0;0;-1;-1;-1;-1;-1;-1;-1;-1;-1;38;50;50;88;100;38;75;88;75;10.75;3.75;4.75;3.88;Sport Boys;Atlético Mineiro;0.33;1.75;0.25;1.75;0.25;1.75;63;50;50;13;0;75;75;75;0;0;0;1189;6;Y;Y;Y;Y;Y;Y;Y
347332;2192;616;2017;complete;2484;5;-1;24,49;20;2;1;3;0;3;3;0;1;1;5;0;1;5;4;0;4;5;8;15;8;50;50;1;6;0;0;0;0;0;0;0;0;0;0;0;0;0;0;0;0;0;0;0;0;0;0;0;0;0;0;0;0;0;0;0;0;0;0;0;0;0;0;0;0;0;0;0;0;0;0;0;0;0;0;0;0;0;0;0;0;0;0;0;0;0;0;0;0;0;0;0;0;3;1;1;1;0;1;2;2017-05-03 22:30:00;2192;1;75;0;50;0;-1;1;-1;-1;-1;-1;-1;-1;0;2;1;4;2;5;-1;0;0;0;0;0;0;0;1;0;1;0;0;0;1;1;0;0;-1;-1;0;0;-1;-1;-1;-1;-1;-1;-1;-1;-1;63;63;63;88;100;50;75;100;63;11.25;2.75;4.75;4;Deportes Iquique;Grêmio;1.67;2.29;1.5;2.5;1.5;2.5;38;38;38;13;0;75;63;38;0;0;0;1189;6;Y;Y;Y;N;N;N;Y
347333;622;711;2017;complete;2484;5;-1;;14,68,90;0;3;3;3;5;8;1;1;1;3;0;0;2;5;8;7;10;12;12;18;50;50;1;3;0;0;0;0;0;0;0;0;0;0;0;0;0;0;0;0;0;0;0;0;0;0;0;0;0;0;0;0;0;0;0;0;0;0;0;0;0;0;0;0;0;0;0;0;0;0;0;0;0;0;0;0;0;0;0;0;0;0;0;0;0;0;0;0;0;0;0;0;3;0;1;0;2;2;1;2017-05-04 00:00:00;711;1;50;13;38;0;-1;1;-1;-1;-1;-1;-1;-1;1;1;0;2;2;2;-1;0;0;0;0;0;0;0;0;0;0;0;0;0;1;1;0;0;-1;-1;0;0;-1;-1;-1;-1;-1;-1;-1;-1;-1;7;25;50;63;100;13;75;75;44;10.5;2.38;5.38;2.5;Atlético PR;San Lorenzo;1.42;1.6;1.75;1;1.75;1;94;75;50;38;0;94;88;63;0;0;0;1189;10;Y;Y;Y;N;N;N;N
347334;612;2194;2017;complete;2484;5;-1;51,73,86;67;3;1;4;3;1;4;0;0;2;3;0;0;9;2;12;5;21;7;9;17;50;50;2;3;0;0;0;0;0;0;0;0;0;0;0;0;0;0;0;0;0;0;0;0;0;0;0;0;0;0;0;0;0;0;0;0;0;0;0;0;0;0;0;0;0;0;0;0;0;0;0;0;0;0;0;0;0;0;0;0;0;0;0;0;0;0;0;0;0;0;0;0;4;0;0;3;1;4;0;2017-05-04 00:45:00;612;1;63;0;50;0;-1;1;-1;-1;-1;-1;-1;-1;1;1;1;2;2;3;-1;0;0;0;0;0;0;0;0;0;0;0;0;0;1;1;0;0;-1;-1;0;0;-1;-1;-1;-1;-1;-1;-1;-1;-1;0;25;63;75;100;13;63;100;50;9;3;6.25;2.63;Flamengo;Universidad Católica;1.5;0.83;1.5;1.25;1.5;1.25;100;75;38;25;0;63;50;25;0;0;0;1189;6;Y;Y;Y;Y;N;N;Y
347335;2265;619;2017;complete;2484;5;-1;36,41,69;45,73;3;2;5;5;2;7;1;2;3;0;0;0;6;5;4;6;10;11;20;21;50;50;3;0;0;0;0;0;0;0;0;0;0;0;0;0;0;0;0;0;0;0;0;0;0;0;0;0;0;0;0;0;0;0;0;0;0;0;0;0;0;0;0;0;0;0;0;0;0;0;0;0;0;0;0;0;0;0;0;0;0;0;0;0;0;0;0;0;0;0;0;0;5;2;1;1;1;2;3;2017-05-04 00:45:00;2265;1;75;25;50;0;-1;1;-1;-1;-1;-1;-1;-1;1;0;2;0;1;2;-1;0;0;0;0;0;0;0;1;0;1;0;0;0;1;1;0;0;-1;-1;0;0;-1;-1;-1;-1;-1;-1;-1;-1;-1;38;38;63;75;100;38;50;88;63;7.75;3.5;7;3.5;Wilstermann;Palmeiras;1.6;2;1.5;2.5;1.5;2.5;63;63;38;25;0;50;38;25;0;0;0;1189;8;Y;Y;Y;Y;Y;N;Y
347336;2257;2804;2017;complete;2484;4;-1;19,31,37,62,71;53;5;1;6;2;1;3;8;1;0;3;0;1;10;3;7;2;17;5;6;16;50;50;0;4;0;0;0;0;0;0;0;0;0;0;0;0;0;0;0;0;0;0;0;0;0;0;0;0;0;0;0;0;0;0;0;0;0;0;0;0;0;0;0;0;0;0;0;0;0;0;0;0;0;0;0;0;0;0;0;0;0;0;0;0;0;0;0;0;0;0;0;0;6;3;0;2;1;3;3;2017-05-04 22:30:00;2257;1;24;0;0;0;-1;1;-1;-1;-1;-1;-1;-1;0;0;0;4;0;4;-1;0;0;0;0;0;0;0;1;0;1;0;0;0;1;1;0;0;-1;-1;0;0;-1;-1;-1;-1;-1;-1;-1;-1;-1;7;15;31;77;77;15;69;77;38;11.33;2.86;3.96;2.05;The Strongest;Sporting Cristal;1.67;0.33;2;0.67;2;0.67;93;86;69;24;24;72;41;41;0;0;0;1189;6;Y;Y;Y;Y;Y;Y;Y
347337;723;6674;2017;complete;2484;5;-1;40;24;1;1;2;4;5;9;0;0;2;2;1;0;5;10;5;5;10;15;18;8;50;50;4;2;0;0;0;0;0;0;0;0;0;0;0;0;0;0;0;0;0;0;0;0;0;0;0;0;0;0;0;0;0;0;0;0;0;0;0;0;0;0;0;0;0;0;0;0;0;0;0;0;0;0;0;0;0;0;0;0;0;0;0;0;0;0;0;0;0;0;0;0;2;1;1;0;0;0;2;2017-05-05 00:00:00;-1;1;63;25;25;0;-1;1;-1;-1;-1;-1;-1;-1;2;2;1;0;4;1;-1;0;0;0;0;0;0;0;0;0;0;0;0;0;1;1;0;0;-1;-1;0;1;-1;-1;-1;-1;-1;-1;-1;-1;-1;13;25;50;88;100;38;75;88;50;10.25;3.25;4;2.88;Godoy Cruz;Libertad;1.38;1;2.5;1;2.5;1;88;75;50;13;0;75;50;50;0;0;0;1189;6;Y;Y;N;N;N;N;Y
347338;611;2133;2017;complete;2484;4;-1;4,35,78;34,40;3;2;5;5;4;9;1;2;3;2;0;0;6;3;4;11;10;14;22;21;50;50;3;2;0;0;0;0;0;0;0;0;0;0;0;0;0;0;0;0;0;0;0;0;0;0;0;0;0;0;0;0;0;0;0;0;0;0;0;0;0;0;0;0;0;0;0;0;0;0;0;0;0;0;0;0;0;0;0;0;0;0;0;0;0;0;0;0;0;0;0;0;5;2;2;1;0;1;4;2017-05-05 00:45:00;611;1;17;0;0;0;-1;1;-1;-1;-1;-1;-1;-1;0;0;3;2;0;5;-1;0;0;0;0;0;0;0;0;0;0;0;0;0;1;1;1;0;-1;-1;0;0;-1;-1;-1;-1;-1;-1;-1;-1;-1;0;0;17;67;67;0;50;67;34;5.33;4.33;6.33;1.5;Santos;Santa Fe;1.9;1.33;1.67;1.33;1.67;1.33;100;100;84;33;33;33;33;33;0;0;0;1189;6;Y;Y;Y;Y;Y;N;Y
347339;2857;6672;2017;complete;2484;5;-1;41;15,20,52;1;3;4;7;10;17;2;2;1;1;0;0;6;7;7;14;13;21;10;15;50;50;1;1;0;0;0;0;0;0;0;0;0;0;0;0;0;0;0;0;0;0;0;0;0;0;0;0;0;0;0;0;0;0;0;0;0;0;0;0;0;0;0;0;0;0;0;0;0;0;0;0;0;0;0;0;0;0;0;0;0;0;0;0;0;0;0;0;0;0;0;0;4;1;2;0;1;1;3;2017-05-05 00:45:00;6672;1;75;25;25;0;-1;1;-1;-1;-1;-1;-1;-1;1;1;0;0;2;0;-1;0;0;0;0;0;0;0;0;0;0;0;0;0;1;1;0;0;-1;-1;0;0;-1;-1;-1;-1;-1;-1;-1;-1;-1;38;63;63;88;100;50;75;100;63;9.25;2.75;5;3.75;Zamora;Guaraní;0;1.5;0;1.75;0;1.75;63;38;38;13;0;75;38;38;0;0;0;1189;6;Y;Y;Y;Y;N;N;Y
347340;718;4326;2017;complete;2484;4;-1;68;60;1;1;2;5;0;5;4;0;3;1;0;0;5;3;4;1;9;4;22;14;50;50;3;1;0;0;0;0;0;0;0;0;0;0;0;0;0;0;0;0;0;0;0;0;0;0;0;0;0;0;0;0;0;0;0;0;0;0;0;0;0;0;0;0;0;0;0;0;0;0;0;0;0;0;0;0;0;0;0;0;0;0;0;0;0;0;0;0;0;0;0;0;2;0;0;1;1;2;0;2017-05-10 22:15:00;-1;1;67;50;0;0;-1;1;-1;-1;-1;-1;-1;-1;2;1;1;0;3;1;-1;0;0;0;0;0;0;0;1;0;1;0;0;0;1;1;0;0;-1;-1;0;0;-1;-1;-1;-1;-1;-1;-1;-1;-1;17;34;67;67;100;67;67;100;17;9.66;3.34;6.33;3;River Plate;CS Emelec;1.92;1.63;3;1;3;1;84;67;34;34;0;67;50;50;0;0;0;1189;8;Y;Y;N;N;N;N;Y
347341;2852;4359;2017;complete;2484;5;-1;;;0;0;0;4;2;6;1;0;3;3;1;1;3;5;5;5;8;10;14;13;50;50;5;5;0;0;0;0;0;0;0;0;0;0;0;0;0;0;0;0;0;0;0;0;0;0;0;0;0;0;0;0;0;0;0;0;0;0;0;0;0;0;0;0;0;0;0;0;0;0;0;0;0;0;0;0;0;0;0;0;0;0;0;0;0;0;0;0;0;0;0;0;0;0;0;0;0;0;0;2017-05-16 22:30:00;-1;1;38;25;25;0;-1;1;-1;-1;-1;-1;-1;-1;1;0;3;4;1;7;-1;0;0;0;0;0;0;0;0;0;0;0;0;0;1;1;0;0;-1;-1;0;0;-1;-1;-1;-1;-1;-1;-1;-1;-1;13;13;38;63;100;13;100;50;38;9.5;5;6.5;2.25;Zulia;Nacional;0.83;1;1;1.75;1;1.75;88;88;63;38;0;50;38;38;0;0;0;1189;6;N;N;N;N;N;N;N
347342;6674;2258;2017;complete;2484;6;-1;18;71;1;1;2;3;5;8;3;0;3;3;0;0;4;7;6;4;10;11;16;15;50;50;3;3;0;0;0;0;0;0;0;0;0;0;0;0;0;0;0;0;0;0;0;0;0;0;0;0;0;0;0;0;0;0;0;0;0;0;0;0;0;0;0;0;0;0;0;0;0;0;0;0;0;0;0;0;0;0;0;0;0;0;0;0;0;0;0;0;0;0;0;0;2;1;0;0;1;1;1;2017-05-17 00:00:00;-1;1;70;50;25;0;-1;1;-1;-1;-1;-1;-1;-1;0;2;3;1;2;4;-1;0;0;0;0;0;0;0;0;0;0;0;0;0;1;1;0;0;-1;-1;0;0;-1;-1;-1;-1;-1;-1;-1;-1;-1;40;50;60;90;100;60;80;80;70;10;3.6;4.8;3.9;Libertad;Sport Boys;1;0.33;1;0.2;1;0.2;60;50;40;10;0;70;50;50;0;0;0;1189;6;Y;Y;N;N;N;N;Y
347343;620;723;2017;complete;2484;6;-1;4,29,45,49;72;4;1;5;1;6;7;2;2;1;3;0;0;7;5;2;1;9;6;12;16;51;49;1;3;0;0;0;0;0;0;0;0;0;0;0;0;0;0;0;0;0;0;0;0;0;0;0;0;0;0;0;0;0;0;0;0;0;0;0;0;0;0;0;0;0;0;0;0;0;0;0;0;0;0;0;0;0;0;0;0;0;0;0;0;0;0;0;0;0;0;0;0;5;3;0;1;1;2;3;2017-05-17 00:00:00;620;1;70;50;50;0;-1;1;-1;-1;-1;-1;-1;-1;0;1;1;2;1;3;-1;0;0;0;0;0;0;0;0;0;0;0;0;0;1;1;1;0;-1;-1;0;0;-1;-1;-1;-1;-1;-1;-1;-1;-1;20;30;40;90;100;40;80;80;50;10;3.8;4.4;3.1;Atlético Mineiro;Godoy Cruz;1.75;1.38;2;2.2;2;2.2;80;70;60;10;0;70;50;50;0;0;0;1189;8;Y;Y;Y;Y;Y;N;Y
347344;2137;4326;2017;complete;2484;5;-1;18;4,27;1;2;3;8;3;11;7;1;3;3;0;0;8;7;14;5;22;12;12;15;50;50;3;3;0;0;0;0;0;0;0;0;0;0;0;0;0;0;0;0;0;0;0;0;0;0;0;0;0;0;0;0;0;0;0;0;0;0;0;0;0;0;0;0;0;0;0;0;0;0;0;0;0;0;0;0;0;0;0;0;0;0;0;0;0;0;0;0;0;0;0;0;3;1;2;0;0;0;3;2017-05-17 02:15:00;4326;1;50;0;50;0;-1;1;-1;-1;-1;-1;-1;-1;2;0;1;3;2;4;-1;0;0;0;0;0;0;0;0;0;0;0;0;0;1;1;0;1;-1;-1;0;0;-1;-1;-1;-1;-1;-1;-1;-1;-1;0;13;38;63;100;25;38;100;38;6.5;4.25;4.5;2.13;Independiente Medellín;CS Emelec;1.5;1.63;1.5;1;1.5;1;100;88;63;38;0;50;25;13;0;0;0;1189;6;Y;Y;Y;N;N;N;Y
347345;2804;2133;2017;complete;2484;5;-1;;20,90;0;2;2;6;1;7;4;4;3;3;0;0;6;6;6;2;12;8;16;24;50;50;3;3;0;0;0;0;0;0;0;0;0;0;0;0;0;0;0;0;0;0;0;0;0;0;0;0;0;0;0;0;0;0;0;0;0;0;0;0;0;0;0;0;0;0;0;0;0;0;0;0;0;0;0;0;0;0;0;0;0;0;0;0;0;0;0;0;0;0;0;0;2;0;1;0;1;1;1;2017-05-17 22:30:00;2133;1;38;25;0;0;-1;1;-1;-1;-1;-1;-1;-1;2;0;1;3;2;4;-1;0;0;0;0;0;0;0;0;0;0;0;0;0;1;1;0;0;-1;-1;0;0;-1;-1;-1;-1;-1;-1;-1;-1;-1;25;25;50;75;75;25;63;75;50;8.25;2.5;6;2.63;Sporting Cristal;Santa Fe;0.33;1.33;0.5;1;0.5;1;75;75;50;25;25;63;38;38;0;0;0;1189;6;Y;Y;N;N;N;N;N
347346;2257;611;2017;complete;2484;5;-1;40;68;1;1;2;9;1;10;2;1;3;3;0;1;6;2;8;3;14;5;13;6;50;50;3;4;0;0;0;0;0;0;0;0;0;0;0;0;0;0;0;0;0;0;0;0;0;0;0;0;0;0;0;0;0;0;0;0;0;0;0;0;0;0;0;0;0;0;0;0;0;0;0;0;0;0;0;0;0;0;0;0;0;0;0;0;0;0;0;0;0;0;0;0;2;1;0;0;1;1;1;2017-05-17 22:30:00;-1;1;38;0;13;0;-1;1;-1;-1;-1;-1;-1;-1;1;3;2;1;4;3;-1;0;0;0;0;0;0;0;1;0;0;0;1;0;1;1;0;0;-1;-1;0;1;-1;-1;-1;-1;-1;-1;-1;-1;-1;25;32;32;82;82;32;75;82;25;7.5;5.13;4.25;2.57;The Strongest;Santos;1.67;1.9;2.13;2;2.13;2;75;69;69;19;19;44;19;19;0;0;0;1189;10;Y;Y;N;N;N;N;Y
347347;704;623;2017;complete;2484;5;-1;80;24,88;1;2;3;10;1;11;6;2;3;4;0;0;6;5;9;5;15;10;9;16;50;50;3;4;0;0;0;0;0;0;0;0;0;0;0;0;0;0;0;0;0;0;0;0;0;0;0;0;0;0;0;0;0;0;0;0;0;0;0;0;0;0;0;0;0;0;0;0;0;0;0;0;0;0;0;0;0;0;0;0;0;0;0;0;0;0;0;0;0;0;0;0;3;0;1;1;1;2;1;2017-05-18 00:45:00;623;1;63;0;25;0;-1;1;-1;-1;-1;-1;-1;-1;0;1;3;3;1;6;-1;0;0;0;0;0;0;0;1;0;1;0;0;0;1;1;0;0;-1;-1;0;0;-1;-1;-1;-1;-1;-1;-1;-1;-1;13;38;63;88;100;13;75;75;63;9;1.75;4.5;3;Lanús;Chapecoense;1.43;1.67;1.75;1;1.75;1;88;63;38;13;0;75;38;38;0;0;0;1189;6;Y;Y;Y;N;N;N;Y
347348;711;612;2017;complete;2484;6;-1;75,90;14;2;1;3;10;3;13;1;0;2;2;0;0;4;4;5;1;9;5;6;23;55;45;2;2;0;0;0;0;0;0;0;0;0;0;0;0;0;0;0;0;0;0;0;0;0;0;0;0;0;0;0;0;0;0;0;0;0;0;0;0;0;0;0;0;0;0;0;0;0;0;0;0;0;0;0;0;0;0;0;0;0;0;0;0;0;0;0;0;0;0;0;0;3;0;1;2;0;2;1;2017-05-18 00:45:00;711;1;50;0;50;0;-1;1;-1;-1;-1;-1;-1;-1;1;1;1;1;2;2;-1;0;0;0;0;0;0;0;0;0;0;0;0;0;1;1;0;0;-1;-1;0;0;-1;-1;-1;-1;-1;-1;-1;-1;-1;0;30;70;80;100;10;60;90;60;11.8;2.2;5.4;2.8;San Lorenzo;Flamengo;1.6;1.5;1.4;1.8;1.4;1.8;100;70;30;20;0;70;60;30;0;0;0;1189;6;Y;Y;Y;N;N;N;Y
347349;2194;622;2017;complete;2484;6;-1;36,85;76,82,87;2;3;5;11;5;16;0;2;3;3;0;1;6;5;4;3;10;8;21;13;47;53;3;5;0;0;0;0;0;0;0;0;0;0;0;0;0;0;0;0;0;0;0;0;0;0;0;0;0;0;0;0;0;0;0;0;0;0;0;0;0;0;0;0;0;0;0;0;0;0;0;0;0;0;0;0;0;0;0;0;0;0;0;0;0;0;0;0;0;0;0;0;5;1;0;1;3;4;1;2017-05-18 00:45:00;622;1;62;0;0;0;-1;1;-1;-1;-1;-1;-1;-1;0;0;3;4;0;7;-1;0;0;0;0;0;0;0;0;0;0;0;0;0;1;1;0;0;-1;-1;0;0;-1;-1;-1;-1;-1;-1;-1;-1;-1;6;31;58;68;100;11;69;89;52;6.22;2.56;5.87;2.68;Universidad Católica;Atlético PR;0.83;1.42;1;1.56;1;1.56;95;69;42;32;0;59;54;42;0;0;0;1189;6;Y;Y;Y;Y;Y;N;Y
347350;4322;709;2017;complete;2484;5;-1;;29,53,80;0;3;3;10;2;12;3;2;4;5;0;0;9;4;11;4;20;8;15;14;50;50;4;5;0;0;0;0;0;0;0;0;0;0;0;0;0;0;0;0;0;0;0;0;0;0;0;0;0;0;0;0;0;0;0;0;0;0;0;0;0;0;0;0;0;0;0;0;0;0;0;0;0;0;0;0;0;0;0;0;0;0;0;0;0;0;0;0;0;0;0;0;3;0;1;0;2;2;1;2017-05-18 22:30:00;709;1;50;25;50;0;-1;1;-1;-1;-1;-1;-1;-1;2;2;2;3;4;5;-1;0;0;0;0;0;0;0;0;0;0;0;0;0;1;1;0;0;-1;-1;0;0;-1;-1;-1;-1;-1;-1;-1;-1;-1;13;13;38;88;100;38;75;63;50;6.75;3;6;2.5;Barcelona;Estudiantes;1.67;1.5;2.5;0.75;2.5;0.75;88;88;63;13;0;38;38;0;0;0;0;1189;6;Y;Y;Y;N;N;N;N
347351;2808;718;2017;complete;2484;5;-1;23,62;12,20,70;2;3;5;7;9;16;1;0;1;1;0;0;5;9;3;4;8;13;11;10;50;50;1;1;0;0;0;0;0;0;0;0;0;0;0;0;0;0;0;0;0;0;0;0;0;0;0;0;0;0;0;0;0;0;0;0;0;0;0;0;0;0;0;0;0;0;0;0;0;0;0;0;0;0;0;0;0;0;0;0;0;0;0;0;0;0;0;0;0;0;0;0;5;1;2;1;1;2;3;2017-05-19 00:00:00;718;1;75;25;50;0;-1;1;-1;-1;-1;-1;-1;-1;1;1;0;0;2;0;-1;0;0;0;0;0;0;0;0;0;0;0;0;0;1;1;0;0;-1;-1;1;1;-1;-1;-1;-1;-1;-1;-1;-1;-1;25;38;63;88;100;50;63;100;38;9;3.5;4.75;3.38;Melgar;River Plate;0.5;1.92;0.75;2.5;0.75;2.5;75;63;38;13;0;50;50;38;0;0;0;1189;6;Y;Y;Y;Y;Y;N;Y
347352;615;2142;2017;complete;2484;5;-1;51;;1;0;1;7;6;13;5;0;1;1;0;0;6;4;4;7;10;11;16;17;50;50;1;1;0;0;0;0;0;0;0;0;0;0;0;0;0;0;0;0;0;0;0;0;0;0;0;0;0;0;0;0;0;0;0;0;0;0;0;0;0;0;0;0;0;0;0;0;0;0;0;0;0;0;0;0;0;0;0;0;0;0;0;0;0;0;0;0;0;0;0;0;1;0;0;1;0;1;0;2017-05-19 00:45:00;615;1;50;25;13;0;-1;1;-1;-1;-1;-1;-1;-1;1;1;0;0;2;0;-1;0;0;0;0;0;0;0;0;0;0;0;0;0;1;1;0;0;-1;-1;0;1;-1;-1;-1;-1;-1;-1;-1;-1;-1;13;13;38;75;100;38;94;63;19;7.75;4.88;6;2.38;Botafogo;Atlético Nacional;1.71;1;1.75;0.75;1.75;0.75;88;88;63;25;0;32;32;19;0;0;0;1189;6;Y;N;N;N;N;N;N
347353;4359;704;2017;complete;2484;6;-1;;27;0;1;1;6;3;9;2;6;3;3;0;0;3;4;5;1;8;5;10;17;50;50;3;3;0;0;0;0;0;0;0;0;0;0;0;0;0;0;0;0;0;0;0;0;0;0;0;0;0;0;0;0;0;0;0;0;0;0;0;0;0;0;0;0;0;0;0;0;0;0;0;0;0;0;0;0;0;0;0;0;0;0;0;0;0;0;0;0;0;0;0;0;1;0;1;0;0;0;1;2017-05-23 22:30:00;704;1;40;0;25;0;-1;1;-1;-1;-1;-1;-1;-1;1;1;2;2;2;4;-1;0;0;0;0;0;0;0;0;0;0;0;0;0;1;1;0;0;-1;-1;0;0;-1;-1;-1;-1;-1;-1;-1;-1;-1;10;20;40;60;90;10;80;50;40;11.2;4;5.4;2.2;Nacional;Lanús;1;1.43;1.6;1.4;1.6;1.4;90;80;60;40;10;70;50;50;0;0;0;1189;8;Y;N;N;N;N;N;N
347354;623;2852;2017;complete;2484;6;-1;90,90;30;2;1;3;15;2;17;0;3;3;3;0;1;6;3;18;1;24;4;12;8;50;50;3;4;0;0;0;0;0;0;0;0;0;0;0;0;0;0;0;0;0;0;0;0;0;0;0;0;0;0;0;0;0;0;0;0;0;0;0;0;0;0;0;0;0;0;0;0;0;0;0;0;0;0;0;0;0;0;0;0;0;0;0;0;0;0;0;0;0;0;0;0;3;0;1;2;0;2;1;2017-05-23 22:30:00;623;1;60;25;25;0;-1;1;-1;-1;-1;-1;-1;-1;2;0;1;4;2;5;-1;0;0;0;0;0;0;0;0;0;0;0;0;0;1;1;0;0;-1;-1;0;0;-1;-1;-1;-1;-1;-1;-1;-1;-1;10;20;60;80;90;10;80;70;60;7;3.2;6.8;2.6;Chapecoense;Zulia;1.67;0.83;1.4;1;1.4;1;90;80;40;20;10;50;30;30;0;0;0;1189;6;Y;Y;Y;N;N;N;Y
347355;611;2804;2017;complete;2484;6;-1;19,23,67,71;;4;0;4;1;2;3;4;2;1;2;0;0;8;3;2;5;10;8;16;12;55;45;1;2;0;0;0;0;0;0;0;0;0;0;0;0;0;0;0;0;0;0;0;0;0;0;0;0;0;0;0;0;0;0;0;0;0;0;0;0;0;0;0;0;0;0;0;0;0;0;0;0;0;0;0;0;0;0;0;0;0;0;0;0;0;0;0;0;0;0;0;0;4;2;0;2;0;2;2;2017-05-24 00:45:00;611;1;50;25;25;0;-1;1;-1;-1;-1;-1;-1;-1;1;1;0;1;2;1;-1;0;0;0;0;0;0;0;0;0;0;0;0;0;1;1;0;0;-1;-1;0;0;-1;-1;-1;-1;-1;-1;-1;-1;-1;20;20;30;80;80;20;80;80;20;9;3.8;5;2.4;Santos;Sporting Cristal;1.9;0.33;1.8;0.4;1.8;0.4;80;80;70;20;20;60;40;30;0;0;0;1189;6;Y;Y;Y;Y;N;N;N
347356;2133;2257;2017;complete;2484;6;-1;27;40;1;1;2;2;5;7;4;0;2;3;0;0;6;2;3;1;9;3;18;9;50;50;2;3;0;0;0;0;0;0;0;0;0;0;0;0;0;0;0;0;0;0;0;0;0;0;0;0;0;0;0;0;0;0;0;0;0;0;0;0;0;0;0;0;0;0;0;0;0;0;0;0;0;0;0;0;0;0;0;0;0;0;0;0;0;0;0;0;0;0;0;0;2;1;1;0;0;0;2;2017-05-24 00:45:00;-1;1;27;0;0;0;-1;1;-1;-1;-1;-1;-1;-1;1;1;1;2;2;3;-1;0;0;0;0;0;0;0;0;0;0;0;0;0;1;1;0;0;-1;-1;0;1;-1;-1;-1;-1;-1;-1;-1;-1;-1;21;27;37;85;85;27;69;85;42;6.53;4.56;5.71;2.59;Santa Fe;The Strongest;1.33;1.67;1.4;2;1.4;2;79;74;64;16;16;42;21;16;0;0;0;1189;6;Y;Y;N;N;N;N;Y
347357;4358;2265;2017;complete;2484;6;-1;37,42;;2;0;2;2;6;8;3;1;2;2;1;0;5;2;2;4;7;6;22;20;54;46;4;2;0;0;0;0;0;0;0;0;0;0;0;0;0;0;0;0;0;0;0;0;0;0;0;0;0;0;0;0;0;0;0;0;0;0;0;0;0;0;0;0;0;0;0;0;0;0;0;0;0;0;0;0;0;0;0;0;0;0;0;0;0;0;0;0;0;0;0;0;2;2;0;0;0;0;2;2017-05-25 00:45:00;4358;1;90;0;50;0;-1;1;-1;-1;-1;-1;-1;-1;1;1;2;1;2;3;-1;0;0;0;0;0;0;0;0;0;0;0;0;0;1;1;0;0;-1;-1;0;0;-1;-1;-1;-1;-1;-1;-1;-1;-1;50;50;90;90;100;40;50;100;90;8.6;2.4;7.6;4.4;Peñarol;Wilstermann;1;1.6;0.6;1.8;0.6;1.8;50;50;10;10;0;50;40;20;0;0;0;1189;6;Y;Y;N;N;N;N;N
347358;619;722;2017;complete;2484;6;-1;15,69,90;56;3;1;4;4;7;11;5;3;1;3;0;1;9;6;8;6;17;12;3;8;58;42;1;5;0;0;0;0;0;0;0;0;0;0;0;0;0;0;0;0;0;0;0;0;0;0;0;0;0;0;0;0;0;0;0;0;0;0;0;0;0;0;0;0;0;0;0;0;0;0;0;0;0;0;0;0;0;0;0;0;0;0;0;0;0;0;0;0;0;0;0;0;4;1;0;2;1;3;1;2017-05-25 00:45:00;619;1;79;0;50;0;-1;1;-1;-1;-1;-1;-1;-1;1;1;0;3;2;3;-1;0;0;0;0;0;0;0;0;0;0;0;0;0;1;1;0;0;-1;-1;0;0;-1;-1;-1;-1;-1;-1;-1;-1;-1;30;41;64;79;100;47;57;85;58;9.98;3.38;4.6;3.14;Palmeiras;Atlético Tucumán;2;1.4;2;1.56;2;1.56;70;59;37;21;0;59;44;32;0;0;0;1189;8;Y;Y;Y;Y;N;N;Y
347359;718;2137;2017;complete;2484;6;-1;83;48,55;1;2;3;9;6;15;2;0;4;2;0;0;6;9;7;6;13;15;20;12;50;50;4;2;0;0;0;0;0;0;0;0;0;0;0;0;0;0;0;0;0;0;0;0;0;0;0;0;0;0;0;0;0;0;0;0;0;0;0;0;0;0;0;0;0;0;0;0;0;0;0;0;0;0;0;0;0;0;0;0;0;0;0;0;0;0;0;0;0;0;0;0;3;0;0;1;2;3;0;2017-05-25 22:30:00;2137;1;80;25;50;0;-1;1;-1;-1;-1;-1;-1;-1;0;0;4;2;0;6;-1;0;0;0;0;0;0;0;1;0;0;0;1;0;1;1;0;0;-1;-1;0;0;-1;-1;-1;-1;-1;-1;-1;-1;-1;20;40;70;90;100;60;70;90;50;10.2;5.6;4.6;3.3;River Plate;Independiente Medellín;1.92;1.5;2.6;1.2;2.6;1.2;80;60;30;10;0;60;50;40;0;0;0;1189;6;Y;Y;Y;N;N;N;Y
347360;4326;2808;2017;complete;2484;6;-1;28,50,79;;3;0;3;8;0;8;1;3;0;3;0;0;8;3;17;4;25;7;11;10;50;50;0;3;0;0;0;0;0;0;0;0;0;0;0;0;0;0;0;0;0;0;0;0;0;0;0;0;0;0;0;0;0;0;0;0;0;0;0;0;0;0;0;0;0;0;0;0;0;0;0;0;0;0;0;0;0;0;0;0;0;0;0;0;0;0;0;0;0;0;0;0;3;1;0;2;0;2;1;2017-05-25 22:30:00;4326;1;60;50;0;0;-1;1;-1;-1;-1;-1;-1;-1;0;1;0;2;1;2;-1;0;0;0;0;0;0;0;0;0;0;0;0;0;1;1;0;0;-1;-1;0;0;-1;-1;-1;-1;-1;-1;-1;-1;-1;20;20;50;70;100;40;50;90;30;7.6;2.4;4.4;2.7;CS Emelec;Melgar;1.63;0.5;1.4;0.6;1.4;0.6;80;80;50;30;0;60;50;40;0;0;0;1189;6;Y;Y;Y;N;N;N;N
347361;2142;4322;2017;complete;2484;6;-1;19,27,68;3;3;1;4;2;6;8;4;2;3;2;0;0;6;4;8;4;14;8;17;15;52;48;3;2;0;0;0;0;0;0;0;0;0;0;0;0;0;0;0;0;0;0;0;0;0;0;0;0;0;0;0;0;0;0;0;0;0;0;0;0;0;0;0;0;0;0;0;0;0;0;0;0;0;0;0;0;0;0;0;0;0;0;0;0;0;0;0;0;0;0;0;0;4;2;1;1;0;1;3;2017-05-26 00:45:00;2142;1;40;0;25;0;-1;1;-1;-1;-1;-1;-1;-1;2;1;1;1;3;2;-1;0;0;0;0;0;0;0;1;0;1;0;0;0;1;1;0;1;-1;-1;0;0;-1;-1;-1;-1;-1;-1;-1;-1;-1;10;10;40;80;100;40;80;60;30;9.6;3.4;6.8;2.4;Atlético Nacional;Barcelona;1;1.67;0.6;2;0.6;2;90;90;60;20;0;50;50;30;0;0;0;1189;6;Y;Y;Y;Y;N;N;Y
347362;6672;2192;2017;complete;2484;6;-1;;;0;0;0;4;4;8;2;2;2;2;0;0;3;0;2;5;5;5;11;15;50;50;2;2;0;0;0;0;0;0;0;0;0;0;0;0;0;0;0;0;0;0;0;0;0;0;0;0;0;0;0;0;0;0;0;0;0;0;0;0;0;0;0;0;0;0;0;0;0;0;0;0;0;0;0;0;0;0;0;0;0;0;0;0;0;0;0;0;0;0;0;0;0;0;0;0;0;0;0;2017-05-26 00:45:00;-1;1;80;25;50;0;-1;1;-1;-1;-1;-1;-1;-1;0;1;2;1;1;3;-1;0;0;0;0;0;0;0;0;0;0;0;0;0;1;1;0;0;-1;-1;0;0;-1;-1;-1;-1;-1;-1;-1;-1;-1;40;60;70;80;100;60;70;100;50;10.4;3.2;4.2;3.7;Guaraní;Deportes Iquique;1.5;1.67;2;1.8;2;1.8;60;40;30;20;0;70;50;40;0;0;0;1189;6;N;N;N;N;N;N;N
347363;616;2857;2017;complete;2484;6;-1;23,26,29,64;;4;0;4;5;1;6;2;0;0;2;0;0;12;0;11;7;23;7;9;13;53;47;0;2;0;0;0;0;0;0;0;0;0;0;0;0;0;0;0;0;0;0;0;0;0;0;0;0;0;0;0;0;0;0;0;0;0;0;0;0;0;0;0;0;0;0;0;0;0;0;0;0;0;0;0;0;0;0;0;0;0;0;0;0;0;0;0;0;0;0;0;0;4;3;0;1;0;1;3;2017-05-26 00:45:00;616;1;80;50;25;0;-1;1;-1;-1;-1;-1;-1;-1;0;0;0;2;0;2;-1;0;0;0;0;0;0;0;2;0;1;0;1;0;1;1;0;0;-1;-1;0;0;-1;-1;-1;-1;-1;-1;-1;-1;-1;40;60;70;100;100;60;90;100;50;10;2.2;5.4;3.9;Grêmio;Zamora;2.29;0;2;0;2;0;60;40;30;0;0;70;50;40;0;0;0;1189;6;Y;Y;Y;Y;N;N;N
347364;709;615;2017;complete;2484;6;-1;25;;1;0;1;5;5;10;0;2;1;4;0;0;3;4;3;3;6;7;19;16;56;44;1;4;0;0;0;0;0;0;0;0;0;0;0;0;0;0;0;0;0;0;0;0;0;0;0;0;0;0;0;0;0;0;0;0;0;0;0;0;0;0;0;0;0;0;0;0;0;0;0;0;0;0;0;0;0;0;0;0;0;0;0;0;0;0;0;0;0;0;0;0;1;1;0;0;0;0;1;2017-05-26 00:45:00;709;1;42;0;0;0;-1;1;-1;-1;-1;-1;-1;-1;0;1;1;3;1;4;-1;0;0;0;0;0;0;0;0;0;0;0;0;0;1;1;0;0;-1;-1;0;1;-1;-1;-1;-1;-1;-1;-1;-1;-1;10;10;41;74;100;21;79;79;46;6.67;4.62;5.13;2.35;Estudiantes;Botafogo;1.5;1.71;1.2;1.89;1.2;1.89;90;90;59;27;0;42;42;21;0;0;0;1189;6;Y;N;N;N;N;N;N
347365;723;616;2017;complete;2485;0;-1;;1;0;1;1;6;4;10;1;1;4;1;0;0;3;2;10;6;13;8;22;9;50;50;4;1;0;0;0;0;0;0;0;0;0;0;0;0;0;0;0;0;0;0;0;0;0;0;0;0;0;0;0;0;0;0;0;0;0;0;0;0;0;0;0;0;0;0;0;0;0;0;0;0;0;0;0;0;0;0;0;0;0;0;0;0;0;0;0;0;0;0;0;0;1;0;1;0;0;0;1;2017-07-04 22:15:00;616;1;75;33;17;0;-1;1;-1;-1;-1;-1;-1;-1;3;1;1;0;4;1;-1;0;0;0;0;0;0;0;0;0;0;0;0;0;1;1;0;1;-1;-1;0;0;-1;-1;-1;-1;-1;-1;-1;-1;-1;25;42;59;100;100;59;83;92;42;10;2;5.34;3.25;Godoy Cruz;Grêmio;1.38;2.29;1.83;2.17;1.83;2.17;75;59;42;0;0;59;42;33;0;0;0;1189;8;Y;N;N;N;N;N;N
347366;6672;718;2017;complete;2485;0;-1;;37,88;0;2;2;8;4;12;1;2;4;4;0;0;3;4;8;7;11;11;17;20;50;50;4;4;0;0;0;0;0;0;0;0;0;0;0;0;0;0;0;0;0;0;0;0;0;0;0;0;0;0;0;0;0;0;0;0;0;0;0;0;0;0;0;0;0;0;0;0;0;0;0;0;0;0;0;0;0;0;0;0;0;0;0;0;0;0;0;0;0;0;0;0;2;0;1;0;1;1;1;2017-07-05 00:45:00;718;1;84;50;50;0;-1;1;-1;-1;-1;-1;-1;-1;3;2;1;2;5;3;-1;0;0;0;0;0;0;0;0;0;0;0;0;0;1;1;0;0;-1;-1;0;0;-1;-1;-1;-1;-1;-1;-1;-1;-1;25;50;67;84;92;59;59;92;50;12;3.5;5;3.25;Guaraní;River Plate;1.5;1.92;1.83;2.17;1.83;2.17;75;50;34;17;9;67;59;59;0;0;0;1189;8;Y;Y;N;N;N;N;N
347367;622;611;2017;complete;2485;0;-1;7,72;25,56,68;2;3;5;5;4;9;2;1;2;0;0;0;3;10;13;2;16;12;13;11;50;50;2;0;0;0;0;0;0;0;0;0;0;0;0;0;0;0;0;0;0;0;0;0;0;0;0;0;0;0;0;0;0;0;0;0;0;0;0;0;0;0;0;0;0;0;0;0;0;0;0;0;0;0;0;0;0;0;0;0;0;0;0;0;0;0;0;0;0;0;0;0;5;1;1;1;2;3;2;2017-07-05 22:15:00;611;1;50;10;30;0;-1;1;-1;-1;-1;-1;-1;-1;0;0;2;0;0;2;-1;0;0;0;0;0;0;0;0;0;0;0;0;0;1;1;1;0;-1;-1;0;0;-1;-1;-1;-1;-1;-1;-1;-1;-1;19;32;47;72;92;27;82;82;34;6.23;4.1;5.23;2.65;Atlético PR;Santos;1.42;1.9;1.7;2;1.7;2;82;69;54;29;9;65;52;34;0;0;0;1189;10;Y;Y;Y;Y;Y;N;Y
347368;4322;619;2017;complete;2485;0;-1;90;;1;0;1;9;4;13;1;1;4;3;0;0;4;2;2;2;6;4;18;17;50;50;4;3;0;0;0;0;0;0;0;0;0;0;0;0;0;0;0;0;0;0;0;0;0;0;0;0;0;0;0;0;0;0;0;0;0;0;0;0;0;0;0;0;0;0;0;0;0;0;0;0;0;0;0;0;0;0;0;0;0;0;0;0;0;0;0;0;0;0;0;0;1;0;0;1;0;1;0;2017-07-06 00:45:00;4322;1;67;50;17;0;-1;1;-1;-1;-1;-1;-1;-1;2;1;2;2;3;4;-1;0;0;0;0;0;0;0;0;0;0;0;0;0;1;1;0;0;-1;-1;0;0;-1;-1;-1;-1;-1;-1;-1;-1;-1;25;42;59;92;100;50;83;75;50;8.33;4.17;5.83;3.17;Barcelona;Palmeiras;1.67;2;1.67;2.17;1.67;2.17;75;58;42;9;0;50;42;25;0;0;0;1189;8;Y;N;N;N;N;N;N
347369;2265;620;2017;complete;2485;0;-1;41;;1;0;1;9;2;11;6;1;1;2;0;0;3;2;9;12;12;14;18;15;50;50;1;2;0;0;0;0;0;0;0;0;0;0;0;0;0;0;0;0;0;0;0;0;0;0;0;0;0;0;0;0;0;0;0;0;0;0;0;0;0;0;0;0;0;0;0;0;0;0;0;0;0;0;0;0;0;0;0;0;0;0;0;0;0;0;0;0;0;0;0;0;1;1;0;0;0;0;1;2017-07-06 00:45:00;2265;1;67;33;50;0;-1;1;-1;-1;-1;-1;-1;-1;0;1;1;1;1;2;-1;0;0;0;0;0;0;0;0;0;0;0;0;0;1;1;0;0;-1;-1;0;0;-1;-1;-1;-1;-1;-1;-1;-1;-1;42;42;59;83;100;50;67;83;67;9.17;3.66;5;3.75;Wilstermann;Atlético Mineiro;1.6;1.75;1.5;2.17;1.5;2.17;59;59;42;17;0;42;42;34;0;0;0;1189;8;Y;N;N;N;N;N;N
347370;2257;704;2017;complete;2485;0;-1;90;37;1;1;2;9;0;9;0;4;3;4;0;0;4;2;9;3;13;5;17;17;66;34;3;4;1.57;3.8;6;1.08;1.38;2.15;3.9;9;8.5;3;1.68;1.24;1.07;2.1;1.67;1.91;1.8;0;0;0;0;0;0;0;0;1.91;2.4;5.5;0;0;0;1.73;2;0;0;0;2;1.73;0;0;0;0;0;1.4;8.5;3.5;2.38;8.5;0;0;0;0;0;0;0;0;1.44;3.1;9;26;2.63;1.35;1.07;1.01;0;0;0;0;2;0;1;1;0;1;1;2017-07-06 22:15:00;-1;1;45;0;27;0;-1;1;-1;-1;-1;-1;-1;-1;1;1;2;3;2;5;-1;0;0;0;0;0;0;0;0;0;0;0;0;0;1;1;0;0;-1;-1;0;1;-1;-1;-1;-1;-1;-1;-1;-1;-1;19;32;40;79;95;20;82;74;45;10.07;4.97;4.03;2.69;The Strongest;Lanús;1.67;1.43;1.9;1.67;1.9;1.67;82;69;60;22;5;62;27;22;0;0;0;1189;12;Y;Y;N;N;N;N;Y
347371;4359;615;2017;complete;2485;0;-1;;38;0;1;1;6;0;6;1;2;3;2;0;0;0;5;13;2;13;7;15;26;58;42;3;2;2.1;3.1;3.75;1.13;1.6;2.75;5.9;15;6;2.3;1.43;1.13;1.03;2.25;1.57;2;1.73;0;0;0;0;0;0;0;0;2.5;2.1;4;0;0;0;0;1.73;0;0;0;0;2;0;0;0;0;0;1.67;6;2.88;2.88;5.5;0;0;0;0;0;0;0;0;1.62;4;13;26;2.2;1.23;1.04;1.01;0;0;0;0;1;0;1;0;0;0;1;2017-07-07 00:45:00;615;1;29;0;0;0;-1;1;-1;-1;-1;-1;-1;-1;2;1;1;1;3;2;-1;0;0;0;0;0;0;0;0;0;0;0;0;0;1;1;0;0;-1;-1;1;0;-1;-1;-1;-1;-1;-1;-1;-1;-1;0;0;19;47;92;19;82;44;14;8.97;4.2;6.17;1.57;Nacional;Botafogo;1;1.71;1.33;1.7;1.33;1.7;100;100;82;54;9;59;50;35;0;0;0;1189;8;Y;N;N;N;N;N;N
347372;4326;711;2017;complete;2485;0;-1;;25;0;1;1;11;1;12;3;5;3;4;0;0;3;6;5;2;8;8;18;19;62;38;3;4;2.2;3.1;3.5;1.11;1.52;2.6;5.25;13;6.5;2.42;1.48;1.16;1.04;2.2;1.62;2.2;1.62;0;0;0;0;0;0;0;0;2.5;2.2;3.75;0;0;0;0;1.83;0;0;0;0;1.83;0;0;0;0;0;1.73;6.5;2.63;3.1;5;0;0;0;0;0;0;0;0;1.57;3.7;13;26;2.25;1.26;1.04;1.01;0;0;0;0;1;0;1;0;0;0;1;2017-07-07 00:45:00;711;1;50;17;0;0;-1;1;-1;-1;-1;-1;-1;-1;2;2;1;2;4;3;-1;0;0;0;0;0;0;0;0;0;0;0;0;0;1;1;0;0;-1;-1;1;0;-1;-1;-1;-1;-1;-1;-1;-1;-1;0;9;59;75;100;17;67;83;50;11.33;2;4.83;2.42;CS Emelec;San Lorenzo;1.63;1.6;1.67;1.67;1.67;1.67;100;92;42;25;0;67;58;50;0;0;0;1189;8;Y;N;N;N;N;N;N
347373;704;2257;2017;complete;2485;0;-1;85;;1;0;1;2;6;8;5;0;2;1;0;0;4;4;4;2;8;6;16;23;65;35;2;1;1.4;4.2;9;0;0;2;0;0;0;0;1.85;0;0;2.2;1.62;1.8;1.91;6.5;1.11;0;0;0;0;0;0;0;0;0;0;0;0;1.83;0;0;0;0;1.83;0;0;0;0;0;0;1.29;9.5;4.33;2.1;13;0;0;0;0;0;0;0;0;1.4;2.75;8;21;2.75;1.4;1.08;1.02;0;0;0;0;1;0;0;1;0;1;0;2017-08-08 22:15:00;704;1;51;10;17;0;-1;1;-1;-1;-1;-1;-1;-1;2;1;0;0;3;0;1;57;54;125;95;1.21;1.06;2.27;0;0;0;0;0;0;1;1;0;0;-1;-1;0;0;-1;-1;-1;-1;-1;-1;-1;-1;-1;16;28;35;81;96;18;84;77;40;9.68;4.95;4.41;2.61;Lanús;The Strongest;1.43;1.67;1.57;1.82;1.57;1.82;84;72;65;19;5;66;24;19;0;0;0;1189;12;Y;N;N;N;N;N;N
347374;718;6672;2017;complete;2485;0;-1;52;45;1;1;2;6;4;10;1;2;0;5;0;0;5;5;7;9;12;14;12;23;50;50;0;5;0;0;0;0;0;0;0;0;0;0;0;0;0;0;0;0;0;0;0;0;0;0;0;0;0;0;0;0;0;0;0;0;0;0;0;0;0;0;0;0;0;0;0;0;0;0;0;0;0;0;0;0;0;0;0;0;0;0;0;0;0;0;0;0;0;0;0;0;2;0;1;1;0;1;1;2017-08-09 00:45:00;-1;1;72;50;34;0;-1;1;-1;-1;-1;-1;-1;-1;0;2;0;3;2;3;-1;0;0;0;0;0;0;0;0;0;0;0;0;0;1;1;0;0;-1;-1;0;0;-1;-1;-1;-1;-1;-1;-1;-1;-1;22;43;57;86;93;50;64;93;43;12;3.43;5.43;3.07;River Plate;Guaraní;1.92;1.5;2.29;1.57;2.29;1.57;79;57;43;15;7;71;64;64;0;0;0;1189;8;Y;Y;N;N;N;N;Y
347375;616;723;2017;complete;2485;0;-1;29,59;14;2;1;3;5;3;8;5;0;3;4;1;0;4;4;6;6;10;10;14;15;50;50;4;4;0;0;0;0;0;0;0;0;0;0;0;0;0;0;0;0;0;0;0;0;0;0;0;0;0;0;0;0;0;0;0;0;0;0;0;0;0;0;0;0;0;0;0;0;0;0;0;0;0;0;0;0;0;0;0;0;0;0;0;0;0;0;0;0;0;0;0;0;3;1;1;1;0;1;2;2017-08-09 22:15:00;616;1;64;33;34;0;-1;1;-1;-1;-1;-1;-1;-1;1;2;3;2;3;5;-1;0;0;0;0;0;0;0;0;0;0;0;0;0;1;1;0;0;-1;-1;0;0;-1;-1;-1;-1;-1;-1;-1;-1;-1;22;36;50;86;100;50;86;79;36;10;2;5.29;2.93;Grêmio;Godoy Cruz;2.29;1.38;2.29;1.57;2.29;1.57;79;64;50;14;0;64;50;29;0;0;0;1189;8;Y;Y;Y;N;N;N;Y
347376;619;4322;2017;complete;2485;0;-1;51;;1;0;1;3;4;7;1;2;2;3;0;0;3;5;11;5;14;10;15;26;50;50;2;3;0;0;0;0;0;0;0;0;0;0;0;0;0;0;0;0;0;0;0;0;0;0;0;0;0;0;0;0;0;0;0;0;0;0;0;0;0;0;0;0;0;0;0;0;0;0;0;0;0;0;0;0;0;0;0;0;0;0;0;0;0;0;0;0;0;0;0;0;1;0;0;1;0;1;0;2017-08-10 00:45:00;619;1;57;17;34;0;-1;1;-1;-1;-1;-1;-1;-1;0;1;2;2;1;4;-1;0;0;0;0;0;0;0;0;0;0;0;0;0;1;1;0;0;-1;-1;0;0;-1;-1;-1;-1;-1;-1;-1;-1;-1;22;36;50;79;100;43;71;79;43;9;3.85;6;2.86;Palmeiras;Barcelona;2;1.67;1.86;1.86;1.86;1.86;79;65;50;22;0;57;50;36;0;0;0;1189;8;Y;N;N;N;N;N;N
347377;620;2265;2017;complete;2485;0;-1;;;0;0;0;5;2;7;2;3;1;3;0;0;4;0;16;5;20;5;9;20;50;50;1;3;0;0;0;0;0;0;0;0;0;0;0;0;0;0;0;0;0;0;0;0;0;0;0;0;0;0;0;0;0;0;0;0;0;0;0;0;0;0;0;0;0;0;0;0;0;0;0;0;0;0;0;0;0;0;0;0;0;0;0;0;0;0;0;0;0;0;0;0;0;0;0;0;0;0;0;2017-08-10 00:45:00;-1;1;57;17;50;0;-1;1;-1;-1;-1;-1;-1;-1;0;1;1;2;1;3;-1;0;0;0;0;0;0;0;0;0;0;0;0;0;1;1;0;0;-1;-1;0;0;-1;-1;-1;-1;-1;-1;-1;-1;-1;36;36;50;71;100;43;72;71;57;9.43;4.14;4.71;3.36;Atlético Mineiro;Wilstermann;1.75;1.6;1.86;1.71;1.86;1.71;64;64;50;29;0;50;50;43;0;0;0;1189;8;N;N;N;N;N;N;N
347378;615;4359;2017;complete;2485;0;-1;3,6;;2;0;2;5;9;14;3;2;4;5;1;3;6;6;3;3;9;9;16;14;41;59;6;11;1.83;3.4;4.5;0;0;2.5;0;0;0;0;1.5;0;0;2.25;1.57;2;1.73;3.75;1.25;0;0;0;0;0;0;0;0;0;0;0;0;0;0;0;0;0;0;0;0;0;0;0;0;1.53;7;3.1;2.6;6.5;0;0;0;0;0;0;0;0;1.53;3.75;11;0;2.38;1.25;1.05;0;0;0;0;0;2;2;0;0;0;0;2;2017-08-10 22:15:00;615;1;25;17;10;0;-1;1;-1;-1;-1;-1;-1;-1;1;0;4;8;1;12;-1;0;0;0;0;0;0;0;0;0;0;0;0;0;1;1;2;0;-1;-1;1;0;-1;-1;-1;-1;-1;-1;-1;-1;-1;0;0;16;42;93;16;84;39;12;8.74;4.04;6.02;1.51;Botafogo;Nacional;1.71;1;1.82;1.14;1.82;1.14;100;100;84;58;7;51;44;31;0;0;0;1189;8;Y;Y;N;N;N;N;N
347379;611;622;2017;complete;2485;0;-1;78;;1;0;1;1;11;12;1;3;0;1;0;0;4;8;5;11;9;19;9;10;50;50;0;1;0;0;0;0;0;0;0;0;0;0;0;0;0;0;0;0;0;0;0;0;0;0;0;0;0;0;0;0;0;0;0;0;0;0;0;0;0;0;0;0;0;0;0;0;0;0;0;0;0;0;0;0;0;0;0;0;0;0;0;0;0;0;0;0;0;0;0;0;1;0;0;1;0;1;0;2017-08-11 00:45:00;611;1;56;17;10;0;-1;1;-1;-1;-1;-1;-1;-1;0;1;0;0;1;0;-1;0;0;0;0;0;0;0;0;0;0;0;0;0;1;1;0;0;-1;-1;0;0;-1;-1;-1;-1;-1;-1;-1;-1;-1;28;40;54;75;93;35;84;84;42;6.55;3.93;4.82;2.93;Santos;Atlético PR;1.9;1.42;2.14;1.55;2.14;1.55;72;61;47;25;7;70;47;30;0;0;0;1189;10;Y;N;N;N;N;N;N
347380;711;4326;2017;complete;2485;0;-1;;48;0;1;1;4;2;6;2;3;2;3;0;1;2;2;3;8;5;10;17;16;50;50;2;4;1.57;3.75;6;0;0;2.35;0;0;0;0;1.57;0;0;2.38;1.53;1.8;1.91;4.33;1.2;0;0;0;0;0;0;0;0;0;0;0;0;0;1.8;0;0;0;0;1.91;0;0;0;0;0;1.4;7.5;3.75;2.25;8.5;0;0;0;0;0;0;0;0;1.5;3.5;10;26;2.5;1.29;1.06;1.01;0;0;0;0;1;0;0;0;1;1;0;2017-08-11 00:45:00;4326;1;43;17;33;0;-1;1;-1;-1;-1;-1;-1;-1;0;2;2;2;2;4;1;61;55;97;102;0.91;1.18;2.08;0;0;0;0;0;0;1;1;0;0;-1;-1;0;0;-1;-1;-1;-1;-1;-1;-1;-1;-1;0;7;50;64;100;15;72;71;43;11.43;2.86;5.14;2.22;San Lorenzo;CS Emelec;1.6;1.63;1.86;1.43;1.86;1.43;100;93;50;36;0;72;65;57;0;0;0;1189;8;Y;N;N;N;N;N;N
347381;711;704;2017;complete;2485;0;-1;34,51;;2;0;2;5;1;6;1;2;4;2;0;0;5;3;5;1;10;4;15;10;50;50;4;2;0;0;0;0;0;0;0;0;0;0;0;0;0;0;0;0;0;0;0;0;0;0;0;0;0;0;0;0;0;0;0;0;0;0;0;0;0;0;0;0;0;0;0;0;0;0;0;0;0;0;0;0;0;0;0;0;0;0;0;0;0;0;0;0;0;0;0;0;2;1;0;1;0;1;1;2017-09-13 22:15:00;711;1;44;0;25;0;-1;1;-1;-1;-1;-1;-1;-1;2;1;2;1;3;3;-1;0;0;0;0;0;0;0;1;0;1;0;0;0;1;1;0;0;-1;-1;1;1;-1;-1;-1;-1;-1;-1;-1;-1;-1;7;19;44;63;100;0;75;75;44;10.63;4.63;4.76;2.32;San Lorenzo;Lanús;1.6;1.43;1.63;1.75;1.63;1.75;94;82;57;38;0;75;50;44;0.91;0;0.91;1189;10;Y;Y;N;N;N;N;N
347382;4322;611;2017;complete;2485;0;-1;79;46;1;1;2;10;4;14;2;1;3;2;0;0;7;4;11;3;18;7;20;17;50;50;3;2;0;0;0;0;0;0;0;0;0;0;0;0;0;0;0;0;0;0;0;0;0;0;0;0;0;0;0;0;0;0;0;0;0;0;0;0;0;0;0;0;0;0;0;0;0;0;0;0;0;0;0;0;0;0;0;0;0;0;0;0;0;0;0;0;0;0;0;0;2;0;0;1;1;2;0;2017-09-14 00:45:00;-1;1;44;25;13;0;-1;1;-1;-1;-1;-1;-1;-1;2;0;1;2;2;3;-1;0;0;0;0;0;0;0;0;0;0;0;0;0;1;1;0;0;-1;-1;0;0;-1;-1;-1;-1;-1;-1;-1;-1;-1;13;26;38;75;94;38;69;82;25;8.13;3.38;5.25;2.44;Barcelona;Santos;1.67;1.9;1.63;2.25;1.63;2.25;88;76;63;25;7;57;44;25;0;0;0;1189;10;Y;Y;N;N;N;N;Y
347383;615;616;2017;complete;2485;0;-1;;;0;0;0;2;4;6;0;2;2;0;0;0;0;4;6;8;6;12;17;14;50;50;2;0;0;0;0;0;0;0;0;0;0;0;0;0;0;0;0;0;0;0;0;0;0;0;0;0;0;0;0;0;0;0;0;0;0;0;0;0;0;0;0;0;0;0;0;0;0;0;0;0;0;0;0;0;0;0;0;0;0;0;0;0;0;0;0;0;0;0;0;0;0;0;0;0;0;0;0;2017-09-14 00:45:00;-1;1;48;13;21;0;-1;1;-1;-1;-1;-1;-1;-1;1;0;1;0;1;1;-1;0;0;0;0;0;0;0;0;0;0;0;0;0;1;1;0;0;-1;-1;0;0;-1;-1;-1;-1;-1;-1;-1;-1;-1;13;19;40;73;100;44;86;73;17;8.46;3.75;5.38;2.44;Botafogo;Grêmio;1.71;2.29;1.92;2.38;1.92;2.38;88;82;61;28;0;50;50;25;0;0;0;1189;14;N;N;N;N;N;N;N
347384;2265;718;2017;complete;2485;0;-1;5,51,82;;3;0;3;6;4;10;4;2;4;3;0;0;6;5;2;7;8;12;17;14;50;50;4;3;0;0;0;0;0;0;0;0;0;0;0;0;0;0;0;0;0;0;0;0;0;0;0;0;0;0;0;0;0;0;0;0;0;0;0;0;0;0;0;0;0;0;0;0;0;0;0;0;0;0;0;0;0;0;0;0;0;0;0;0;0;0;0;0;0;0;0;0;3;1;0;2;0;2;1;2017-09-15 00:45:00;2265;1;69;38;63;0;-1;1;-1;-1;-1;-1;-1;-1;2;0;2;3;2;5;-1;0;0;0;0;0;0;0;0;0;0;0;0;0;1;1;1;0;-1;-1;0;0;-1;-1;-1;-1;-1;-1;-1;-1;-1;25;32;57;82;94;44;63;82;50;11.01;3.5;5.63;3.13;Wilstermann;River Plate;1.6;1.92;1.63;2.13;1.63;2.13;75;69;44;19;7;57;57;44;0;0;0;1189;10;Y;Y;Y;N;N;N;N
347385;611;4322;2017;complete;2485;0;-1;;68;0;1;1;4;4;8;1;0;2;3;1;2;3;3;5;11;8;14;16;15;50;50;4;7;0;0;0;0;0;0;0;0;0;0;0;0;0;0;0;0;0;0;0;0;0;0;0;0;0;0;0;0;0;0;0;0;0;0;0;0;0;0;0;0;0;0;0;0;0;0;0;0;0;0;0;0;0;0;0;0;0;0;0;0;0;0;0;0;0;0;0;0;1;0;0;0;1;1;0;2017-09-21 00:45:00;4322;1;50;25;0;0;-1;1;-1;-1;-1;-1;-1;-1;1;2;2;3;3;5;-1;0;0;0;0;0;0;0;0;0;0;0;0;0;1;1;0;0;-1;-1;0;0;-1;-1;-1;-1;-1;-1;-1;-1;-1;11;22;33;78;95;33;62;84;33;8.78;3.33;5.22;2.39;Santos;Barcelona;1.9;1.67;2.11;1.56;2.11;1.56;89;78;67;22;6;62;50;33;0;0;0;1189;10;Y;N;N;N;N;N;N
347386;616;615;2017;complete;2485;0;-1;63;;1;0;1;4;9;13;0;2;4;5;0;0;4;4;11;8;15;12;9;18;50;50;4;5;0;0;0;0;0;0;0;0;0;0;0;0;0;0;0;0;0;0;0;0;0;0;0;0;0;0;0;0;0;0;0;0;0;0;0;0;0;0;0;0;0;0;0;0;0;0;0;0;0;0;0;0;0;0;0;0;0;0;0;0;0;0;0;0;0;0;0;0;1;0;0;1;0;1;0;2017-09-21 00:45:00;616;1;44;25;0;0;-1;1;-1;-1;-1;-1;-1;-1;1;2;3;3;3;6;-1;0;0;0;0;0;0;0;0;0;0;0;0;0;1;1;0;0;-1;-1;0;0;-1;-1;-1;-1;-1;-1;-1;-1;-1;11;17;36;66;91;40;78;66;15;8.24;3.64;5.02;2.2;Grêmio;Botafogo;2.29;1.71;2.22;1.85;2.22;1.85;89;84;65;34;10;45;45;23;0;0;0;1189;14;Y;N;N;N;N;N;N
347387;718;2265;2017;complete;2485;0;-1;9,14,19,36,46,53,58,67;;8;0;8;7;1;8;2;0;1;4;0;0;12;0;12;5;24;5;23;14;50;50;1;4;0;0;0;0;0;0;0;0;0;0;0;0;0;0;0;0;0;0;0;0;0;0;0;0;0;0;0;0;0;0;0;0;0;0;0;0;0;0;0;0;0;0;0;0;0;0;0;0;0;0;0;0;0;0;0;0;0;0;0;0;0;0;0;0;0;0;0;0;8;4;0;4;0;4;4;2017-09-21 22:15:00;718;1;61;13;38;0;-1;1;-1;-1;-1;-1;-1;-1;1;1;0;3;2;3;-1;0;0;0;0;0;0;0;0;0;0;0;0;0;1;1;1;0;-1;-1;0;0;-1;-1;-1;-1;-1;-1;-1;-1;-1;22;28;62;84;95;39;67;84;56;10.89;3.78;5.78;3.11;River Plate;Wilstermann;1.92;1.6;1.89;1.78;1.89;1.78;78;73;39;17;6;61;61;39;0;0;0;1189;10;Y;Y;Y;Y;Y;Y;N
347388;704;711;2017;complete;2485;0;-1;11,16;;2;0;2;3;6;9;2;1;4;3;0;0;6;3;7;9;13;12;15;15;50;50;4;3;0;0;0;0;0;0;0;0;0;0;0;0;0;0;0;0;0;0;0;0;0;0;0;0;0;0;0;0;0;0;0;0;0;0;0;0;0;0;0;0;0;0;0;0;0;0;0;0;0;0;0;0;0;0;0;0;0;0;0;0;0;0;0;0;0;0;0;0;2;2;0;0;0;0;2;2017-09-22 00:45:00;704;1;39;0;13;0;-1;1;-1;-1;-1;-1;-1;-1;3;1;1;2;4;3;-1;0;0;0;0;0;0;0;0;0;0;0;0;0;1;1;0;0;-1;-1;0;0;-1;-1;-1;-1;-1;-1;-1;-1;-1;6;17;39;67;100;0;78;78;39;10.11;4.44;4.89;2.28;Lanús;San Lorenzo;1.43;1.6;1.56;1.78;1.56;1.78;95;84;62;33;0;67;45;39;1.21;0;1.21;1189;10;Y;Y;N;N;N;N;N
347389;718;704;2017;complete;2485;0;-1;82;;1;0;1;4;4;8;0;1;1;1;0;0;5;0;4;0;9;0;14;13;50;50;1;1;0;0;0;0;0;0;0;0;0;0;0;0;0;0;0;0;0;0;0;0;0;0;0;0;0;0;0;0;0;0;0;0;0;0;0;0;0;0;0;0;0;0;0;0;0;0;0;0;0;0;0;0;0;0;0;0;0;0;0;0;0;0;0;0;0;0;0;0;1;0;0;1;0;1;0;2017-10-24 22:15:00;718;1;55;10;30;0;-1;1;-1;-1;-1;-1;-1;-1;0;0;1;1;0;2;-1;0;0;0;0;0;0;0;0;0;0;0;0;0;1;1;0;0;-1;-1;0;0;-1;-1;-1;-1;-1;-1;-1;-1;-1;20;30;50;85;100;30;80;85;45;10;4.7;4.8;3.05;River Plate;Lanús;1.92;1.43;2;1.7;2;1.7;80;70;50;15;0;70;45;35;0;0;0;1189;12;Y;N;N;N;N;N;N
347390;4322;616;2017;complete;2485;0;-1;;8,21,51;0;3;3;7;5;12;0;0;1;1;0;0;4;6;10;4;14;10;16;12;50;50;1;1;0;0;0;0;0;0;0;0;0;0;0;0;0;0;0;0;0;0;0;0;0;0;0;0;0;0;0;0;0;0;0;0;0;0;0;0;0;0;0;0;0;0;0;0;0;0;0;0;0;0;0;0;0;0;0;0;0;0;0;0;0;0;0;0;0;0;0;0;3;0;2;0;1;1;2;2017-10-25 23:45:00;616;1;45;20;20;0;-1;1;-1;-1;-1;-1;-1;-1;0;1;1;0;1;1;-1;0;0;0;0;0;0;0;0;0;0;0;0;0;1;1;0;1;-1;-1;0;0;-1;-1;-1;-1;-1;-1;-1;-1;-1;10;20;40;70;95;40;60;80;25;10.4;2.6;6.3;2.35;Barcelona;Grêmio;1.67;2.29;1.7;2.3;1.7;2.3;90;80;60;30;5;50;50;30;0;0;0;1189;12;Y;Y;Y;N;N;N;N
347391;704;718;2017;complete;2485;0;-1;45,46,62,69;18,23;4;2;6;3;7;10;0;3;3;4;0;1;6;5;3;7;9;12;12;15;50;50;3;5;0;0;0;0;0;0;0;0;0;0;0;0;0;0;0;0;0;0;0;0;0;0;0;0;0;0;0;0;0;0;0;0;0;0;0;0;0;0;0;0;0;0;0;0;0;0;0;0;0;0;0;0;0;0;0;0;0;0;0;0;0;0;0;0;0;0;0;0;6;1;2;3;0;3;3;2017-11-01 00:15:00;704;1;50;20;30;0;-1;1;-1;-1;-1;-1;-1;-1;2;3;1;2;5;3;-1;0;0;0;0;0;0;0;1;1;1;1;0;0;1;1;0;0;-1;-1;0;0;-1;-1;-1;-1;-1;-1;-1;-1;-1;18;27;46;78;100;27;73;87;41;9.82;4.37;4.54;2.87;Lanús;River Plate;1.43;1.92;1.55;2.09;1.55;2.09;82;73;55;23;0;64;41;32;1.21;0;1.21;1189;12;Y;Y;Y;Y;Y;Y;Y
347392;616;4322;2017;complete;2485;0;-1;;33;0;1;1;6;2;8;3;0;2;4;0;1;5;3;7;4;12;7;17;14;50;50;2;6;0;0;0;0;0;0;0;0;0;0;0;0;0;0;0;0;0;0;0;0;0;0;0;0;0;0;0;0;0;0;0;0;0;0;0;0;0;0;0;0;0;0;0;0;0;0;0;0;0;0;0;0;0;0;0;0;0;0;0;0;0;0;0;0;0;0;0;0;1;0;1;0;0;0;1;2017-11-01 23:45:00;4322;1;41;30;0;0;-1;1;-1;-1;-1;-1;-1;-1;0;1;2;4;1;6;-1;0;0;0;0;0;0;0;0;0;0;0;0;0;1;1;0;0;-1;-1;0;0;-1;-1;-1;-1;-1;-1;-1;-1;-1;9;18;46;73;96;46;64;82;23;10.55;2.36;5.91;2.41;Grêmio;Barcelona;2.29;1.67;2.36;1.55;2.36;1.55;91;82;55;27;5;55;55;36;0;0;0;1189;12;Y;N;N;N;N;N;N
347393;616;704;2017;complete;2485;0;-1;83;;1;0;1;7;4;11;1;1;3;4;0;0;4;3;7;0;11;3;19;15;54;46;3;4;2;3.2;4.7;1.06;1.45;2.72;5.1;10;7.4;2.71;1.52;1.16;1.02;2.26;1.64;1.61;2.2;3.5;1.28;0;0;0;2.66;1.93;5.5;2.09;2.18;7.2;0;0;0;1.8;0;0;0;0;1.9;0;0;0;0;0;0;1.69;7.4;2.88;2.2;8.5;0;0;0;0;0;0;0;0;1.53;3.64;15;0;2.5;1.29;1.03;0;0;0;0;0;1;0;0;1;0;1;0;2017-11-22 23:45:00;616;1;42;17;9;0;-1;1;-1;-1;-1;-1;-1;-1;2;2;1;2;4;3;1;67;18;95;75;1.46;0.54;2;0;0;0;0;0;0;1;1;0;0;-1;-1;0;0;-1;-1;-1;-1;-1;-1;-1;-1;-1;17;25;42;67;96;34;75;75;25;8.75;3.92;4.58;2.5;Grêmio;Lanús;2.29;1.43;2.17;1.67;2.17;1.67;83;75;59;33;4;59;38;25;0;0;0;1189;14;Y;N;N;N;N;N;N
347394;704;616;2017;complete;2485;0;-1;72;27,42;1;2;3;5;0;5;0;3;3;5;0;1;4;4;6;9;10;13;17;17;65;35;3;7;2.3;3.24;3.55;1.14;1.57;2.98;6;15;5.5;2.25;1.45;1.12;1.03;2.2;1.61;2.2;1.61;2.75;1.39;0;0;0;3.1;1.9;4.4;2.84;2.05;4.25;0;0;0;1.72;2;0;0;0;2;1.72;0;0;0;0;0;1.83;5.5;2.6;3.25;5;0;0;0;0;0;0;0;0;1.62;4;13;0;2.3;1.22;1.04;0;0;0;0;0;3;0;2;1;0;1;2;2017-11-29 23:45:00;616;1;38;17;17;0;-1;1;-1;-1;-1;-1;-1;-1;2;1;1;5;3;6;1;48;29;75;61;1.26;1.31;2.57;1;0;1;0;0;0;1;1;0;0;-1;-1;1;0;-1;-1;-1;-1;-1;-1;-1;-1;-1;15;23;39;62;96;31;69;77;23;8.92;3.76;4.76;2.38;Lanús;Grêmio;1.43;2.29;1.54;2.23;1.54;2.23;85;77;62;38;4;62;43;31;1.21;0;1.21;1189;14;Y;Y;Y;N;N;N;Y
