ID;HOMEID;AWAYID;SEASON;STATUS;ROUNDID;GAME_WEEK;REVISED_GAME_WEEK;HOMEGOALS;AWAYGOALS;HOMEGOALCOUNT;AWAYGOALCOUNT;TOTALGOALCOUNT;TEAM_A_CORNERS;TEAM_B_CORNERS;TOTALCORNERCOUNT;TEAM_A_OFFSIDES;TEAM_B_OFFSIDES;TEAM_A_YELLOW_CARDS;TEAM_B_YELLOW_CARDS;TEAM_A_RED_CARDS;TEAM_B_RED_CARDS;TEAM_A_SHOTSONTARGET;TEAM_B_SHOTSONTARGET;TEAM_A_SHOTSOFFTARGET;TEAM_B_SHOTSOFFTARGET;TEAM_A_SHOTS;TEAM_B_SHOTS;TEAM_A_FOULS;TEAM_B_FOULS;TEAM_A_POSSESSION;TEAM_B_POSSESSION;TEAM_A_CARDS_NUM;TEAM_B_CARDS_NUM;ODDS_FT_1;ODDS_FT_X;ODDS_FT_2;ODDS_FT_OVER05;ODDS_FT_OVER15;ODDS_FT_OVER25;ODDS_FT_OVER35;ODDS_FT_OVER45;ODDS_FT_UNDER05;ODDS_FT_UNDER15;ODDS_FT_UNDER25;ODDS_FT_UNDER35;ODDS_FT_UNDER45;ODDS_BTTS_YES;ODDS_BTTS_NO;ODDS_TEAM_A_CS_YES;ODDS_TEAM_A_CS_NO;ODDS_TEAM_B_CS_YES;ODDS_TEAM_B_CS_NO;ODDS_DOUBLECHANCE_1X;ODDS_DOUBLECHANCE_12;ODDS_DOUBLECHANCE_X2;ODDS_1ST_HALF_RESULT_1;ODDS_1ST_HALF_RESULT_X;ODDS_1ST_HALF_RESULT_2;ODDS_2ND_HALF_RESULT_1;ODDS_2ND_HALF_RESULT_X;ODDS_2ND_HALF_RESULT_2;ODDS_DNB_1;ODDS_DNB_2;ODDS_CORNERS_OVER_75;ODDS_CORNERS_OVER_85;ODDS_CORNERS_OVER_95;ODDS_CORNERS_OVER_105;ODDS_CORNERS_OVER_115;ODDS_CORNERS_UNDER_75;ODDS_CORNERS_UNDER_85;ODDS_CORNERS_UNDER_95;ODDS_CORNERS_UNDER_105;ODDS_CORNERS_UNDER_115;ODDS_CORNERS_1;ODDS_CORNERS_X;ODDS_CORNERS_2;ODDS_TEAM_TO_SCORE_FIRST_1;ODDS_TEAM_TO_SCORE_FIRST_X;ODDS_TEAM_TO_SCORE_FIRST_2;ODDS_WIN_TO_NIL_1;ODDS_WIN_TO_NIL_2;ODDS_1ST_HALF_OVER05;ODDS_1ST_HALF_OVER15;ODDS_1ST_HALF_OVER25;ODDS_1ST_HALF_OVER35;ODDS_1ST_HALF_UNDER05;ODDS_1ST_HALF_UNDER15;ODDS_1ST_HALF_UNDER25;ODDS_1ST_HALF_UNDER35;ODDS_2ND_HALF_OVER05;ODDS_2ND_HALF_OVER15;ODDS_2ND_HALF_OVER25;ODDS_2ND_HALF_OVER35;ODDS_2ND_HALF_UNDER05;ODDS_2ND_HALF_UNDER15;ODDS_2ND_HALF_UNDER25;ODDS_2ND_HALF_UNDER35;ODDS_BTTS_1ST_HALF_YES;ODDS_BTTS_1ST_HALF_NO;ODDS_BTTS_2ND_HALF_YES;ODDS_BTTS_2ND_HALF_NO;OVERALLGOALCOUNT;HT_GOALS_TEAM_A;HT_GOALS_TEAM_B;GOALS_2HG_TEAM_A;GOALS_2HG_TEAM_B;GOALCOUNT_2HG;HTGOALCOUNT;DATE_UNIX;WINNINGTEAM;NO_HOME_AWAY;BTTS_POTENTIAL;BTTS_FHG_POTENTIAL;BTTS_2HG_POTENTIAL;GOALTIMINGDISABLED;CORNER_TIMINGS_RECORDED;CARD_TIMINGS_RECORDED;TEAM_A_FH_CORNERS;TEAM_B_FH_CORNERS;TEAM_A_2H_CORNERS;TEAM_B_2H_CORNERS;CORNER_FH_COUNT;CORNER_2H_COUNT;TEAM_A_FH_CARDS;TEAM_B_FH_CARDS;TEAM_A_2H_CARDS;TEAM_B_2H_CARDS;TOTAL_FH_CARDS;TOTAL_2H_CARDS;ATTACKS_RECORDED;TEAM_A_DANGEROUS_ATTACKS;TEAM_B_DANGEROUS_ATTACKS;TEAM_A_ATTACKS;TEAM_B_ATTACKS;TEAM_A_XG;TEAM_B_XG;TOTAL_XG;TEAM_A_PENALTIES_WON;TEAM_B_PENALTIES_WON;TEAM_A_PENALTY_GOALS;TEAM_B_PENALTY_GOALS;TEAM_A_PENALTY_MISSED;TEAM_B_PENALTY_MISSED;PENS_RECORDED;GOAL_TIMINGS_RECORDED;TEAM_A_0_10_MIN_GOALS;TEAM_B_0_10_MIN_GOALS;TEAM_A_CORNERS_0_10_MIN;TEAM_B_CORNERS_0_10_MIN;TEAM_A_CARDS_0_10_MIN;TEAM_B_CARDS_0_10_MIN;THROWINS_RECORDED;TEAM_A_THROWINS;TEAM_B_THROWINS;FREEKICKS_RECORDED;TEAM_A_FREEKICKS;TEAM_B_FREEKICKS;GOALKICKS_RECORDED;TEAM_A_GOALKICKS;TEAM_B_GOALKICKS;O45_POTENTIAL;O35_POTENTIAL;O25_POTENTIAL;O15_POTENTIAL;O05_POTENTIAL;O15HT_POTENTIAL;O05HT_POTENTIAL;O05_2H_POTENTIAL;O15_2H_POTENTIAL;CORNERS_POTENTIAL;OFFSIDES_POTENTIAL;CARDS_POTENTIAL;AVG_POTENTIAL;HOME_NAME;AWAY_NAME;HOME_PPG;AWAY_PPG;PRE_MATCH_HOME_PPG;PRE_MATCH_AWAY_PPG;PRE_MATCH_TEAMA_OVERALL_PPG;PRE_MATCH_TEAMB_OVERALL_PPG;U45_POTENTIAL;U35_POTENTIAL;U25_POTENTIAL;U15_POTENTIAL;U05_POTENTIAL;CORNERS_O85_POTENTIAL;CORNERS_O95_POTENTIAL;CORNERS_O105_POTENTIAL;TEAM_A_XG_PREMATCH;TEAM_B_XG_PREMATCH;TOTAL_XG_PREMATCH;COMPETITION_ID;MATCHES_COMPLETED_MINIMUM;OVER05;OVER15;OVER25;OVER35;OVER45;OVER55;BTTS
347395;724;2845;2016;complete;2486;0;-1;75;;1;0;1;12;1;13;2;1;2;4;0;1;10;2;14;1;24;3;21;16;50;50;2;6;0;0;0;0;0;0;0;0;0;0;0;0;0;0;0;0;0;0;0;0;0;0;0;0;0;0;0;0;0;0;0;0;0;0;0;0;0;0;0;0;0;0;0;0;0;0;0;0;0;0;0;0;0;0;0;0;0;0;0;0;0;0;0;0;0;0;0;0;1;0;0;1;0;1;0;2016-02-02 22:30:00;724;1;0;0;0;0;-1;1;-1;-1;-1;-1;-1;-1;2;3;0;2;5;2;-1;0;0;0;0;0;0;0;0;0;0;0;0;0;1;1;0;0;-1;-1;0;0;-1;-1;-1;-1;-1;-1;-1;-1;-1;0;0;0;0;0;0;0;0;0;0;0;0;0;Huracán;Caracas;1.2;1.5;0;0;0;0;0;0;0;0;0;0;0;0;0;0;0;1190;2;Y;N;N;N;N;N;N
347396;4364;2189;2016;complete;2486;0;-1;62,72;;2;0;2;6;2;8;1;3;1;4;0;0;2;5;5;4;7;9;7;12;50;50;1;4;0;0;0;0;0;0;0;0;0;0;0;0;0;0;0;0;0;0;0;0;0;0;0;0;0;0;0;0;0;0;0;0;0;0;0;0;0;0;0;0;0;0;0;0;0;0;0;0;0;0;0;0;0;0;0;0;0;0;0;0;0;0;0;0;0;0;0;0;2;0;0;2;0;2;0;2016-02-03 00:45:00;4364;1;0;0;0;0;-1;1;-1;-1;-1;-1;-1;-1;1;2;0;2;3;2;-1;0;0;0;0;0;0;0;1;0;1;0;0;0;1;1;0;0;-1;-1;0;0;-1;-1;-1;-1;-1;-1;-1;-1;-1;0;0;0;0;0;0;0;0;0;0;0;0;0;River Plate;Universidad Chile;0.88;0.5;0;0;0;0;0;0;0;0;0;0;0;0;0;0;0;1190;2;Y;Y;N;N;N;N;N
347397;2814;618;2016;complete;2486;0;-1;19;66;1;1;2;6;8;14;1;1;3;1;0;0;5;9;3;6;8;15;17;13;50;50;3;1;0;0;0;0;0;0;0;0;0;0;0;0;0;0;0;0;0;0;0;0;0;0;0;0;0;0;0;0;0;0;0;0;0;0;0;0;0;0;0;0;0;0;0;0;0;0;0;0;0;0;0;0;0;0;0;0;0;0;0;0;0;0;0;0;0;0;0;0;2;1;0;0;1;1;1;2016-02-03 23:45:00;-1;1;0;0;0;0;-1;1;-1;-1;-1;-1;-1;-1;0;0;3;1;0;4;-1;0;0;0;0;0;0;0;0;0;0;0;0;0;1;1;0;0;-1;-1;0;0;-1;-1;-1;-1;-1;-1;-1;-1;-1;0;0;0;0;0;0;0;0;0;0;0;0;0;César Vallejo;São Paulo;0.5;1.36;0;0;0;0;0;0;0;0;0;0;0;0;0;0;0;1190;2;Y;Y;N;N;N;N;Y
347398;1433;717;2016;complete;2486;0;-1;3,54;13,74;2;2;4;3;3;6;0;2;1;1;0;0;6;5;6;5;12;10;10;13;50;50;1;1;0;0;0;0;0;0;0;0;0;0;0;0;0;0;0;0;0;0;0;0;0;0;0;0;0;0;0;0;0;0;0;0;0;0;0;0;0;0;0;0;0;0;0;0;0;0;0;0;0;0;0;0;0;0;0;0;0;0;0;0;0;0;0;0;0;0;0;0;4;1;1;1;1;2;2;2016-02-04 02:15:00;-1;1;0;0;0;0;-1;1;-1;-1;-1;-1;-1;-1;1;0;0;1;1;1;-1;0;0;0;0;0;0;0;1;0;1;0;0;0;1;1;1;0;-1;-1;0;0;-1;-1;-1;-1;-1;-1;-1;-1;-1;0;0;0;0;0;0;0;0;0;0;0;0;0;Puebla;Racing Club;0.5;1.4;0;0;0;0;0;0;0;0;0;0;0;0;0;0;0;1190;2;Y;Y;Y;Y;N;N;Y
347399;4321;6672;2016;complete;2486;0;-1;29;;1;0;1;5;5;10;1;2;2;2;0;0;9;2;11;11;20;13;15;9;50;50;2;2;0;0;0;0;0;0;0;0;0;0;0;0;0;0;0;0;0;0;0;0;0;0;0;0;0;0;0;0;0;0;0;0;0;0;0;0;0;0;0;0;0;0;0;0;0;0;0;0;0;0;0;0;0;0;0;0;0;0;0;0;0;0;0;0;0;0;0;0;1;1;0;0;0;0;1;2016-02-04 22:30:00;4321;1;0;0;0;0;-1;1;-1;-1;-1;-1;-1;-1;1;1;1;1;2;2;-1;0;0;0;0;0;0;0;0;0;0;0;0;0;1;1;0;0;-1;-1;0;0;-1;-1;-1;-1;-1;-1;-1;-1;-1;0;0;0;0;0;0;0;0;0;0;0;0;0;CSD Independiente del Valle;Guaraní;1.69;1.5;0;0;0;0;0;0;0;0;0;0;0;0;0;0;0;1190;2;Y;N;N;N;N;N;N
347400;2260;2133;2016;complete;2486;0;-1;78;23,41,55;1;3;4;4;10;14;1;1;2;1;0;0;9;7;3;5;12;12;11;14;50;50;2;1;0;0;0;0;0;0;0;0;0;0;0;0;0;0;0;0;0;0;0;0;0;0;0;0;0;0;0;0;0;0;0;0;0;0;0;0;0;0;0;0;0;0;0;0;0;0;0;0;0;0;0;0;0;0;0;0;0;0;0;0;0;0;0;0;0;0;0;0;4;0;2;1;1;2;2;2016-02-05 00:45:00;2133;1;0;0;0;0;-1;1;-1;-1;-1;-1;-1;-1;2;1;0;0;3;0;-1;0;0;0;0;0;0;0;0;0;0;0;0;0;1;1;0;0;-1;-1;0;0;-1;-1;-1;-1;-1;-1;-1;-1;-1;0;0;0;0;0;0;0;0;0;0;0;0;0;Oriente Petrolero;Santa Fe;0;1.75;0;0;0;0;0;0;0;0;0;0;0;0;0;0;0;1190;2;Y;Y;Y;Y;N;N;Y
347401;2189;4364;2016;complete;2486;0;-1;;;0;0;0;2;4;6;0;1;3;3;0;0;7;4;6;2;13;6;19;27;50;50;3;3;0;0;0;0;0;0;0;0;0;0;0;0;0;0;0;0;0;0;0;0;0;0;0;0;0;0;0;0;0;0;0;0;0;0;0;0;0;0;0;0;0;0;0;0;0;0;0;0;0;0;0;0;0;0;0;0;0;0;0;0;0;0;0;0;0;0;0;0;0;0;0;0;0;0;0;2016-02-09 22:30:00;-1;1;0;0;0;0;-1;1;-1;-1;-1;-1;-1;-1;1;0;2;3;1;5;-1;0;0;0;0;0;0;0;0;0;0;0;0;0;1;1;0;0;-1;-1;0;0;-1;-1;-1;-1;-1;-1;-1;-1;-1;0;0;0;100;100;0;0;100;100;8;4;5;2;Universidad Chile;River Plate;0.5;0.88;0;3;0;3;100;100;100;0;0;0;0;0;0;0;0;1190;2;N;N;N;N;N;N;N
347402;2845;724;2016;complete;2486;0;-1;45,83;90;2;1;3;4;0;4;2;0;2;4;0;1;2;2;5;5;7;7;17;12;50;50;2;5;0;0;0;0;0;0;0;0;0;0;0;0;0;0;0;0;0;0;0;0;0;0;0;0;0;0;0;0;0;0;0;0;0;0;0;0;0;0;0;0;0;0;0;0;0;0;0;0;0;0;0;0;0;0;0;0;0;0;0;0;0;0;0;0;0;0;0;0;3;1;0;1;1;2;1;2016-02-10 00:45:00;2845;1;0;0;0;0;-1;1;-1;-1;-1;-1;-1;-1;1;1;1;4;2;5;-1;0;0;0;0;0;0;0;0;0;0;0;0;0;1;1;0;0;-1;-1;0;0;-1;-1;-1;-1;-1;-1;-1;-1;-1;0;0;0;0;100;0;0;100;0;13;3;8;1;Caracas;Huracán;1.5;1.2;0;3;0;3;100;100;100;100;0;100;100;100;0;0;0;1190;2;Y;Y;Y;N;N;N;Y
347403;618;2814;2016;complete;2486;0;-1;88;;1;0;1;5;2;7;1;0;2;4;0;0;6;2;9;2;15;4;20;22;50;50;2;4;0;0;0;0;0;0;0;0;0;0;0;0;0;0;0;0;0;0;0;0;0;0;0;0;0;0;0;0;0;0;0;0;0;0;0;0;0;0;0;0;0;0;0;0;0;0;0;0;0;0;0;0;0;0;0;0;0;0;0;0;0;0;0;0;0;0;0;0;1;0;0;1;0;1;0;2016-02-10 23:45:00;618;1;100;0;0;0;-1;1;-1;-1;-1;-1;-1;-1;1;2;1;2;3;3;-1;0;0;0;0;0;0;0;1;0;0;0;1;0;1;1;0;0;-1;-1;0;0;-1;-1;-1;-1;-1;-1;-1;-1;-1;0;0;0;100;100;0;100;100;0;14;2;4;2;São Paulo;César Vallejo;1.36;0.5;1;1;1;1;100;100;100;0;0;100;100;100;0;0;0;1190;2;Y;N;N;N;N;N;N
347404;717;1433;2016;complete;2486;0;-1;75;;1;0;1;4;5;9;3;2;2;4;0;0;0;3;8;5;8;8;14;11;50;50;2;4;0;0;0;0;0;0;0;0;0;0;0;0;0;0;0;0;0;0;0;0;0;0;0;0;0;0;0;0;0;0;0;0;0;0;0;0;0;0;0;0;0;0;0;0;0;0;0;0;0;0;0;0;0;0;0;0;0;0;0;0;0;0;0;0;0;0;0;0;1;0;0;1;0;1;0;2016-02-11 00:45:00;717;1;100;0;0;0;-1;1;-1;-1;-1;-1;-1;-1;1;1;1;3;2;4;-1;0;0;0;0;0;0;0;0;0;0;0;0;0;1;1;0;0;-1;-1;0;0;-1;-1;-1;-1;-1;-1;-1;-1;-1;0;100;100;100;100;100;100;100;100;6;2;2;4;Racing Club;Puebla;1.4;0.5;1;1;1;1;100;0;0;0;0;0;0;0;0;0;0;1190;2;Y;N;N;N;N;N;N
347405;6672;4321;2016;complete;2486;0;-1;62,81;76;2;1;3;11;3;14;0;1;5;4;0;0;3;3;3;3;6;6;13;8;50;50;5;4;0;0;0;0;0;0;0;0;0;0;0;0;0;0;0;0;0;0;0;0;0;0;0;0;0;0;0;0;0;0;0;0;0;0;0;0;0;0;0;0;0;0;0;0;0;0;0;0;0;0;0;0;0;0;0;0;0;0;0;0;0;0;0;0;0;0;0;0;3;0;0;2;1;3;0;2016-02-11 22:30:00;6672;1;0;0;0;0;-1;1;-1;-1;-1;-1;-1;-1;1;2;4;2;3;6;-1;0;0;0;0;0;0;0;1;0;0;0;1;0;1;1;0;0;-1;-1;0;0;-1;-1;-1;-1;-1;-1;-1;-1;-1;0;0;0;0;100;0;100;0;0;10;3;4;1;Guaraní;CSD Independiente del Valle;1.5;1.69;0;3;0;3;100;100;100;100;0;100;100;0;0;0;0;1190;2;Y;Y;Y;N;N;N;Y
347406;2133;2260;2016;complete;2486;0;-1;33,39,74;;3;0;3;11;8;19;2;1;0;2;0;0;5;4;5;8;10;12;20;14;50;50;0;2;0;0;0;0;0;0;0;0;0;0;0;0;0;0;0;0;0;0;0;0;0;0;0;0;0;0;0;0;0;0;0;0;0;0;0;0;0;0;0;0;0;0;0;0;0;0;0;0;0;0;0;0;0;0;0;0;0;0;0;0;0;0;0;0;0;0;0;0;3;2;0;1;0;1;2;2016-02-12 01:00:00;2133;1;100;0;0;0;-1;1;-1;-1;-1;-1;-1;-1;0;0;0;2;0;2;-1;0;0;0;0;0;0;0;0;0;0;0;0;0;1;1;0;0;-1;-1;0;0;-1;-1;-1;-1;-1;-1;-1;-1;-1;0;100;100;100;100;100;100;100;100;14;2;3;4;Santa Fe;Oriente Petrolero;1.75;0;3;0;3;0;100;0;0;0;0;100;100;100;0;0;0;1190;2;Y;Y;Y;N;N;N;N
347407;4364;619;2016;complete;2487;1;-1;51,64;35,58;2;2;4;4;2;6;3;0;2;4;0;0;3;6;3;9;6;15;18;27;50;50;2;4;0;0;0;0;0;0;0;0;0;0;0;0;0;0;0;0;0;0;0;0;0;0;0;0;0;0;0;0;0;0;0;0;0;0;0;0;0;0;0;0;0;0;0;0;0;0;0;0;0;0;0;0;0;0;0;0;0;0;0;0;0;0;0;0;0;0;0;0;4;0;1;2;1;3;1;2016-02-16 23:45:00;-1;1;0;0;0;0;-1;1;-1;-1;-1;-1;-1;-1;1;1;1;3;2;4;-1;0;0;0;0;0;0;0;1;0;1;0;0;0;1;1;0;0;-1;-1;0;0;-1;-1;-1;-1;-1;-1;-1;-1;-1;0;0;0;25;25;0;0;25;25;5;1;2;0.5;River Plate;Palmeiras;0.88;1.33;2;0;2;0;50;50;50;25;25;0;0;0;0;0;0;1190;6;Y;Y;Y;Y;N;N;Y
347408;2847;6681;2016;complete;2487;1;-1;42,62;79;2;1;3;2;4;6;0;4;4;2;0;1;6;3;9;2;15;5;12;13;50;50;4;4;0;0;0;0;0;0;0;0;0;0;0;0;0;0;0;0;0;0;0;0;0;0;0;0;0;0;0;0;0;0;0;0;0;0;0;0;0;0;0;0;0;0;0;0;0;0;0;0;0;0;0;0;0;0;0;0;0;0;0;0;0;0;0;0;0;0;0;0;3;1;0;1;1;2;1;2016-02-17 02:00:00;2847;1;0;0;0;0;-1;1;-1;-1;-1;-1;-1;-1;3;2;1;1;5;2;-1;0;0;0;0;0;0;0;0;0;0;0;0;0;1;1;0;0;-1;-1;0;0;-1;-1;-1;-1;-1;-1;-1;-1;-1;0;0;0;0;0;0;0;0;0;0;0;0;0;Deportivo Táchira;Olimpia;1.5;1.17;0;0;0;0;0;0;0;0;0;0;0;0;0;0;0;1190;6;Y;Y;Y;N;N;N;Y
347409;2133;6675;2016;complete;2487;1;-1;;;0;0;0;9;1;10;0;0;3;3;0;0;13;0;7;5;20;5;17;22;50;50;3;3;0;0;0;0;0;0;0;0;0;0;0;0;0;0;0;0;0;0;0;0;0;0;0;0;0;0;0;0;0;0;0;0;0;0;0;0;0;0;0;0;0;0;0;0;0;0;0;0;0;0;0;0;0;0;0;0;0;0;0;0;0;0;0;0;0;0;0;0;0;0;0;0;0;0;0;2016-02-17 02:00:00;-1;1;25;0;0;0;-1;1;-1;-1;-1;-1;-1;-1;1;0;2;3;1;5;-1;0;0;0;0;0;0;0;0;0;0;0;0;0;1;1;0;0;-1;-1;0;0;-1;-1;-1;-1;-1;-1;-1;-1;-1;0;25;50;50;50;50;50;50;25;10.5;1.5;0.5;1.75;Santa Fe;Cerro Porteño;1.75;1.25;3;0;3;0;50;25;0;0;0;50;50;50;0;0;0;1190;8;N;N;N;N;N;N;N
347410;618;2257;2016;complete;2487;1;-1;;62;0;1;1;10;2;12;2;0;3;4;0;0;6;3;10;3;16;6;11;11;50;50;3;4;0;0;0;0;0;0;0;0;0;0;0;0;0;0;0;0;0;0;0;0;0;0;0;0;0;0;0;0;0;0;0;0;0;0;0;0;0;0;0;0;0;0;0;0;0;0;0;0;0;0;0;0;0;0;0;0;0;0;0;0;0;0;0;0;0;0;0;0;1;0;0;0;1;1;0;2016-02-17 21:30:00;2257;1;25;0;0;0;-1;1;-1;-1;-1;-1;-1;-1;2;1;1;3;3;4;-1;0;0;0;0;0;0;0;0;0;0;0;0;0;1;1;0;0;-1;-1;2;0;-1;-1;-1;-1;-1;-1;-1;-1;-1;0;0;0;25;50;0;25;50;0;6.5;1;1.5;0.75;São Paulo;The Strongest;1.36;1.33;2;0;2;0;50;50;50;25;0;25;25;25;0;0;0;1190;6;Y;N;N;N;N;N;N
347411;2808;620;2016;complete;2487;1;-1;14;21,39;1;2;3;4;5;9;2;0;2;2;0;0;6;0;1;6;7;6;13;18;50;50;2;2;0;0;0;0;0;0;0;0;0;0;0;0;0;0;0;0;0;0;0;0;0;0;0;0;0;0;0;0;0;0;0;0;0;0;0;0;0;0;0;0;0;0;0;0;0;0;0;0;0;0;0;0;0;0;0;0;0;0;0;0;0;0;0;0;0;0;0;0;3;1;2;0;0;0;3;2016-02-17 23:45:00;620;1;0;0;0;0;-1;1;-1;-1;-1;-1;-1;-1;2;0;0;2;2;2;-1;0;0;0;0;0;0;0;0;0;0;0;0;0;1;1;0;0;-1;-1;0;0;-1;-1;-1;-1;-1;-1;-1;-1;-1;0;0;0;0;0;0;0;0;0;0;0;0;0;Melgar;Atlético Mineiro;0;2;0;0;0;0;0;0;0;0;0;0;0;0;0;0;0;1190;6;Y;Y;Y;N;N;N;Y
347412;2197;624;2016;complete;2487;1;-1;;90;0;1;1;5;4;9;0;0;2;2;0;0;5;5;10;10;15;15;21;16;50;50;2;2;0;0;0;0;0;0;0;0;0;0;0;0;0;0;0;0;0;0;0;0;0;0;0;0;0;0;0;0;0;0;0;0;0;0;0;0;0;0;0;0;0;0;0;0;0;0;0;0;0;0;0;0;0;0;0;0;0;0;0;0;0;0;0;0;0;0;0;0;1;0;0;0;1;1;0;2016-02-17 23:45:00;624;1;0;0;0;0;-1;1;-1;-1;-1;-1;-1;-1;0;1;2;1;1;3;-1;0;0;0;0;0;0;0;0;0;0;0;0;0;1;1;0;0;-1;-1;0;1;-1;-1;-1;-1;-1;-1;-1;-1;-1;0;0;0;0;0;0;0;0;0;0;0;0;0;Cobresal;Corinthians;0.5;1.88;0;0;0;0;0;0;0;0;0;0;0;0;0;0;0;1190;6;Y;N;N;N;N;N;N
347413;1424;616;2016;complete;2487;1;-1;46,77;;2;0;2;4;2;6;1;0;1;4;1;0;7;3;7;4;14;7;7;18;50;50;3;4;0;0;0;0;0;0;0;0;0;0;0;0;0;0;0;0;0;0;0;0;0;0;0;0;0;0;0;0;0;0;0;0;0;0;0;0;0;0;0;0;0;0;0;0;0;0;0;0;0;0;0;0;0;0;0;0;0;0;0;0;0;0;0;0;0;0;0;0;2;0;0;2;0;2;0;2016-02-18 02:00:00;1424;1;0;0;0;0;-1;1;-1;-1;-1;-1;-1;-1;2;2;0;2;4;2;-1;0;0;0;0;0;0;0;1;0;1;0;0;0;1;1;0;0;-1;-1;0;0;-1;-1;-1;-1;-1;-1;-1;-1;-1;0;0;0;0;0;0;0;0;0;0;0;0;0;Toluca;Grêmio;2;1.38;0;0;0;0;0;0;0;0;0;0;0;0;0;0;0;1190;8;Y;Y;N;N;N;N;N
347414;4321;2188;2016;complete;2487;1;-1;66;63;1;1;2;5;2;7;2;3;1;3;0;0;6;5;7;5;13;10;16;11;50;50;1;3;0;0;0;0;0;0;0;0;0;0;0;0;0;0;0;0;0;0;0;0;0;0;0;0;0;0;0;0;0;0;0;0;0;0;0;0;0;0;0;0;0;0;0;0;0;0;0;0;0;0;0;0;0;0;0;0;0;0;0;0;0;0;0;0;0;0;0;0;2;0;0;1;1;2;0;2016-02-19 00:45:00;-1;1;25;0;0;0;-1;1;-1;-1;-1;-1;-1;-1;0;2;1;1;2;2;-1;0;0;0;0;0;0;0;0;0;0;0;0;0;1;1;0;0;-1;-1;0;0;-1;-1;-1;-1;-1;-1;-1;-1;-1;0;0;25;25;50;0;25;25;25;4;1;3;1;CSD Independiente del Valle;Colo-Colo;1.69;1.5;1.5;0;1.5;0;50;50;25;25;0;50;50;25;0;0;0;1190;6;Y;Y;N;N;N;N;Y
347415;2804;4358;2016;complete;2487;1;-1;75;40;1;1;2;7;4;11;4;2;0;7;0;0;7;8;9;4;16;12;16;25;50;50;0;7;0;0;0;0;0;0;0;0;0;0;0;0;0;0;0;0;0;0;0;0;0;0;0;0;0;0;0;0;0;0;0;0;0;0;0;0;0;0;0;0;0;0;0;0;0;0;0;0;0;0;0;0;0;0;0;0;0;0;0;0;0;0;0;0;0;0;0;0;2;0;1;1;0;1;1;2016-02-19 00:45:00;-1;1;0;0;0;0;-1;1;-1;-1;-1;-1;-1;-1;0;1;0;6;1;6;-1;0;0;0;0;0;0;0;0;0;0;0;0;0;1;1;0;0;-1;-1;0;0;-1;-1;-1;-1;-1;-1;-1;-1;-1;0;0;0;0;0;0;0;0;0;0;0;0;0;Sporting Cristal;Peñarol;0.67;0.83;0;0;0;0;0;0;0;0;0;0;0;0;0;0;0;1190;6;Y;Y;N;N;N;N;Y
347416;1422;4326;2016;complete;2487;1;-1;1,23,69,73;18,67;4;2;6;10;5;15;2;3;1;6;1;0;7;7;5;6;12;13;10;14;50;50;3;6;0;0;0;0;0;0;0;0;0;0;0;0;0;0;0;0;0;0;0;0;0;0;0;0;0;0;0;0;0;0;0;0;0;0;0;0;0;0;0;0;0;0;0;0;0;0;0;0;0;0;0;0;0;0;0;0;0;0;0;0;0;0;0;0;0;0;0;0;6;2;1;2;1;3;3;2016-02-19 03:00:00;1422;1;0;0;0;0;-1;1;-1;-1;-1;-1;-1;-1;0;1;2;5;1;7;-1;0;0;0;0;0;0;0;0;0;0;0;0;0;1;1;1;0;-1;-1;0;0;-1;-1;-1;-1;-1;-1;-1;-1;-1;0;0;0;0;0;0;0;0;0;0;0;0;0;Pumas UNAM;CS Emelec;2.1;0.67;0;0;0;0;0;0;0;0;0;0;0;0;0;0;0;1190;6;Y;Y;Y;Y;Y;Y;Y
347417;4319;711;2016;complete;2487;1;-1;50,90;;2;0;2;7;3;10;4;1;0;2;0;0;10;5;11;4;21;9;16;10;50;50;0;2;0;0;0;0;0;0;0;0;0;0;0;0;0;0;0;0;0;0;0;0;0;0;0;0;0;0;0;0;0;0;0;0;0;0;0;0;0;0;0;0;0;0;0;0;0;0;0;0;0;0;0;0;0;0;0;0;0;0;0;0;0;0;0;0;0;0;0;0;2;0;0;2;0;2;0;2016-02-23 22:30:00;4319;1;0;0;0;0;-1;1;-1;-1;-1;-1;-1;-1;0;2;0;0;2;0;-1;0;0;0;0;0;0;0;0;0;0;0;0;0;1;1;0;0;-1;-1;0;0;-1;-1;-1;-1;-1;-1;-1;-1;-1;0;0;0;0;0;0;0;0;0;0;0;0;0;LDU Quito;San Lorenzo;0.67;0.67;0;0;0;0;0;0;0;0;0;0;0;0;0;0;0;1190;6;Y;Y;N;N;N;N;N
347418;724;2142;2016;complete;2487;1;-1;;44,82;0;2;2;4;6;10;3;3;2;3;1;0;8;12;4;6;12;18;11;18;50;50;4;3;0;0;0;0;0;0;0;0;0;0;0;0;0;0;0;0;0;0;0;0;0;0;0;0;0;0;0;0;0;0;0;0;0;0;0;0;0;0;0;0;0;0;0;0;0;0;0;0;0;0;0;0;0;0;0;0;0;0;0;0;0;0;0;0;0;0;0;0;2;0;1;0;1;1;1;2016-02-24 00:45:00;2142;1;25;0;0;0;-1;1;-1;-1;-1;-1;-1;-1;2;2;1;1;4;2;-1;0;0;0;0;0;0;0;0;0;0;0;0;0;1;1;0;0;-1;-1;0;0;-1;-1;-1;-1;-1;-1;-1;-1;-1;0;0;25;25;50;0;25;50;25;6;1;3.5;1;Huracán;Atlético Nacional;1.2;2.36;1.5;0;1.5;0;50;50;25;25;0;25;25;25;0;0;0;1190;10;Y;Y;N;N;N;N;N
347419;717;2267;2016;complete;2487;1;-1;11,28,33,83;88;4;1;5;5;3;8;2;1;0;4;0;0;2;2;8;6;10;8;19;18;50;50;0;4;0;0;0;0;0;0;0;0;0;0;0;0;0;0;0;0;0;0;0;0;0;0;0;0;0;0;0;0;0;0;0;0;0;0;0;0;0;0;0;0;0;0;0;0;0;0;0;0;0;0;0;0;0;0;0;0;0;0;0;0;0;0;0;0;0;0;0;0;5;3;0;1;1;2;3;2016-02-24 22:30:00;717;1;25;0;0;0;-1;1;-1;-1;-1;-1;-1;-1;0;1;0;3;1;3;-1;0;0;0;0;0;0;0;0;0;0;0;0;0;1;1;0;0;-1;-1;0;0;-1;-1;-1;-1;-1;-1;-1;-1;-1;0;25;25;25;50;25;25;50;25;3.5;2.5;1.5;1.25;Racing Club;Bolívar;1.4;1;2;0;2;0;50;25;25;25;0;25;0;0;0;0;0;1190;6;Y;Y;Y;Y;Y;N;Y
347420;2188;2808;2016;complete;2487;2;-1;65;;1;0;1;11;0;11;1;2;2;1;0;0;9;2;11;0;20;2;12;9;50;50;2;1;0;0;0;0;0;0;0;0;0;0;0;0;0;0;0;0;0;0;0;0;0;0;0;0;0;0;0;0;0;0;0;0;0;0;0;0;0;0;0;0;0;0;0;0;0;0;0;0;0;0;0;0;0;0;0;0;0;0;0;0;0;0;0;0;0;0;0;0;1;0;0;1;0;1;0;2016-02-24 22:30:00;2188;1;100;0;0;0;-1;1;-1;-1;-1;-1;-1;-1;1;1;1;0;2;1;-1;0;0;0;0;0;0;0;0;0;0;0;0;0;1;1;0;0;-1;-1;0;0;-1;-1;-1;-1;-1;-1;-1;-1;-1;0;0;50;100;100;50;50;50;50;6;5;5;2.5;Colo-Colo;Melgar;1.5;0;1;0;1;0;100;100;50;0;0;50;0;0;0;0;0;1190;6;Y;N;N;N;N;N;N
347421;2132;705;2016;complete;2487;1;-1;;;0;0;0;0;2;2;5;0;5;4;0;0;4;4;8;7;12;11;31;18;50;50;5;4;0;0;0;0;0;0;0;0;0;0;0;0;0;0;0;0;0;0;0;0;0;0;0;0;0;0;0;0;0;0;0;0;0;0;0;0;0;0;0;0;0;0;0;0;0;0;0;0;0;0;0;0;0;0;0;0;0;0;0;0;0;0;0;0;0;0;0;0;0;0;0;0;0;0;0;2016-02-25 00:45:00;-1;1;0;0;0;0;-1;1;-1;-1;-1;-1;-1;-1;2;2;3;2;4;5;-1;0;0;0;0;0;0;0;0;0;0;0;0;0;1;1;0;0;-1;-1;0;0;-1;-1;-1;-1;-1;-1;-1;-1;-1;0;0;0;0;0;0;0;0;0;0;0;0;0;Deportivo Cali;Boca Juniors;0.5;1.67;0;0;0;0;0;0;0;0;0;0;0;0;0;0;0;1190;6;N;N;N;N;N;N;N
347422;620;4321;2016;complete;2487;2;-1;4;;1;0;1;7;2;9;0;2;4;3;0;0;4;4;7;3;11;7;18;15;50;50;4;3;0;0;0;0;0;0;0;0;0;0;0;0;0;0;0;0;0;0;0;0;0;0;0;0;0;0;0;0;0;0;0;0;0;0;0;0;0;0;0;0;0;0;0;0;0;0;0;0;0;0;0;0;0;0;0;0;0;0;0;0;0;0;0;0;0;0;0;0;1;1;0;0;0;0;1;2016-02-25 00:45:00;620;1;84;0;50;0;-1;1;-1;-1;-1;-1;-1;-1;2;1;2;2;3;4;-1;0;0;0;0;0;0;0;0;0;0;0;0;0;1;1;1;0;-1;-1;1;0;-1;-1;-1;-1;-1;-1;-1;-1;-1;0;0;67;84;100;50;67;34;34;9.33;1.33;4.33;2.5;Atlético Mineiro;CSD Independiente del Valle;2;1.69;3;1.33;3;1.33;100;100;34;17;0;84;34;17;0;0;0;1190;10;Y;N;N;N;N;N;N
347423;710;4359;2016;complete;2487;1;-1;90;56;1;1;2;4;2;6;1;2;3;5;0;2;8;5;11;4;19;9;18;14;50;50;3;8;0;0;0;0;0;0;0;0;0;0;0;0;0;0;0;0;0;0;0;0;0;0;0;0;0;0;0;0;0;0;0;0;0;0;0;0;0;0;0;0;0;0;0;0;0;0;0;0;0;0;0;0;0;0;0;0;0;0;0;0;0;0;0;0;0;0;0;0;2;0;0;1;1;2;0;2016-02-25 22:30:00;-1;1;0;0;0;0;-1;1;-1;-1;-1;-1;-1;-1;1;1;2;6;2;8;-1;0;0;0;0;0;0;0;1;0;1;0;0;0;1;1;0;0;-1;-1;0;0;-1;-1;-1;-1;-1;-1;-1;-1;-1;0;0;0;0;0;0;0;0;0;0;0;0;0;Rosario Central;Nacional;2;1.3;0;0;0;0;0;0;0;0;0;0;0;0;0;0;0;1190;10;Y;Y;N;N;N;N;Y
347424;6675;2197;2016;complete;2487;2;-1;50,52;62;2;1;3;9;3;12;3;0;1;3;0;0;6;3;9;6;15;9;21;19;50;50;1;3;0;0;0;0;0;0;0;0;0;0;0;0;0;0;0;0;0;0;0;0;0;0;0;0;0;0;0;0;0;0;0;0;0;0;0;0;0;0;0;0;0;0;0;0;0;0;0;0;0;0;0;0;0;0;0;0;0;0;0;0;0;0;0;0;0;0;0;0;3;0;0;2;1;3;0;2016-02-25 22:30:00;6675;1;0;0;0;0;-1;1;-1;-1;-1;-1;-1;-1;1;1;0;2;2;2;-1;0;0;0;0;0;0;0;0;0;0;0;0;0;1;1;0;0;-1;-1;0;0;-1;-1;-1;-1;-1;-1;-1;-1;-1;0;0;0;0;50;0;0;50;0;6;0;5;0.5;Cerro Porteño;Cobresal;1.25;0.5;1;0;1;0;100;100;100;100;50;100;50;0;0;0;0;1190;6;Y;Y;Y;N;N;N;Y
347425;2841;718;2016;complete;2487;1;-1;;55,63,78,90;0;4;4;3;4;7;1;2;1;2;0;0;3;10;4;4;7;14;15;18;50;50;1;2;0;0;0;0;0;0;0;0;0;0;0;0;0;0;0;0;0;0;0;0;0;0;0;0;0;0;0;0;0;0;0;0;0;0;0;0;0;0;0;0;0;0;0;0;0;0;0;0;0;0;0;0;0;0;0;0;0;0;0;0;0;0;0;0;0;0;0;0;4;0;0;0;4;4;0;2016-02-26 00:45:00;718;1;0;0;0;0;-1;1;-1;-1;-1;-1;-1;-1;0;2;1;0;2;1;-1;0;0;0;0;0;0;0;0;0;0;0;0;0;1;1;0;0;-1;-1;0;0;-1;-1;-1;-1;-1;-1;-1;-1;-1;0;0;0;0;0;0;0;0;0;0;0;0;0;Trujillanos;River Plate;0.67;1.75;0;0;0;0;0;0;0;0;0;0;0;0;0;0;0;1190;6;Y;Y;Y;Y;N;N;N
347426;4326;2847;2016;complete;2487;2;-1;81,84;;2;0;2;4;2;6;3;1;3;3;0;1;9;5;5;6;14;11;20;16;50;50;3;4;0;0;0;0;0;0;0;0;0;0;0;0;0;0;0;0;0;0;0;0;0;0;0;0;0;0;0;0;0;0;0;0;0;0;0;0;0;0;0;0;0;0;0;0;0;0;0;0;0;0;0;0;0;0;0;0;0;0;0;0;0;0;0;0;0;0;0;0;2;0;0;2;0;2;0;2016-02-26 00:45:00;4326;1;100;0;0;0;-1;1;-1;-1;-1;-1;-1;-1;2;2;1;2;4;3;-1;0;0;0;0;0;0;0;1;0;1;0;0;0;1;1;0;0;-1;-1;0;0;-1;-1;-1;-1;-1;-1;-1;-1;-1;50;50;100;100;100;50;100;100;100;7;3;10;4.5;CS Emelec;Deportivo Táchira;0.67;1.5;0;3;0;3;50;50;0;0;0;50;50;50;0;0;0;1190;6;Y;Y;N;N;N;N;N
347427;2808;4321;2016;complete;2487;3;-1;;36;0;1;1;5;2;7;2;1;1;2;0;0;6;2;4;7;10;9;10;15;50;50;1;2;0;0;0;0;0;0;0;0;0;0;0;0;0;0;0;0;0;0;0;0;0;0;0;0;0;0;0;0;0;0;0;0;0;0;0;0;0;0;0;0;0;0;0;0;0;0;0;0;0;0;0;0;0;0;0;0;0;0;0;0;0;0;0;0;0;0;0;0;1;0;1;0;0;0;1;2016-03-01 20:15:00;4321;1;50;50;25;0;-1;1;-1;-1;-1;-1;-1;-1;0;0;1;2;0;3;-1;0;0;0;0;0;0;0;0;0;0;0;0;0;1;1;0;0;-1;-1;0;0;-1;-1;-1;-1;-1;-1;-1;-1;-1;0;0;38;50;100;25;50;50;25;5.75;3.5;4;1.88;Melgar;CSD Independiente del Valle;0;1.69;0;1;0;1;100;100;63;50;0;88;50;38;0;0;0;1190;6;Y;N;N;N;N;N;N
347428;6681;1422;2016;complete;2487;2;-1;;52,70;0;2;2;11;4;15;1;0;1;0;0;0;5;8;6;7;11;15;12;8;50;50;1;0;0;0;0;0;0;0;0;0;0;0;0;0;0;0;0;0;0;0;0;0;0;0;0;0;0;0;0;0;0;0;0;0;0;0;0;0;0;0;0;0;0;0;0;0;0;0;0;0;0;0;0;0;0;0;0;0;0;0;0;0;0;0;0;0;0;0;0;0;2;0;0;0;2;2;0;2016-03-01 22:30:00;1422;1;100;0;0;0;-1;1;-1;-1;-1;-1;-1;-1;0;0;1;0;0;1;-1;0;0;0;0;0;0;0;0;0;0;0;0;0;1;1;0;0;-1;-1;0;0;-1;-1;-1;-1;-1;-1;-1;-1;-1;50;50;100;100;100;50;100;100;100;14;6;7;4.5;Olimpia;Pumas UNAM;1.17;2.1;0;3;0;3;50;50;0;0;0;50;50;50;0;0;0;1190;6;Y;Y;N;N;N;N;N
347429;4358;724;2016;complete;2487;2;-1;;8;0;1;1;2;2;4;6;2;1;2;0;0;9;7;7;3;16;10;9;15;50;50;1;2;0;0;0;0;0;0;0;0;0;0;0;0;0;0;0;0;0;0;0;0;0;0;0;0;0;0;0;0;0;0;0;0;0;0;0;0;0;0;0;0;0;0;0;0;0;0;0;0;0;0;0;0;0;0;0;0;0;0;0;0;0;0;0;0;0;0;0;0;1;0;1;0;0;0;1;2016-03-02 00:45:00;724;1;67;0;50;0;-1;1;-1;-1;-1;-1;-1;-1;0;0;1;2;0;3;-1;0;0;0;0;0;0;0;0;0;0;0;0;0;1;1;0;1;-1;-1;0;0;-1;-1;-1;-1;-1;-1;-1;-1;-1;0;0;17;84;100;0;84;100;17;9.33;3.67;10.67;2;Peñarol;Huracán;0.83;1.2;1;1;1;1;100;100;84;17;0;84;84;67;0;0;0;1190;6;Y;N;N;N;N;N;N
347430;2142;2804;2016;complete;2487;2;-1;12,33,74;;3;0;3;8;4;12;3;5;0;0;0;0;6;3;9;3;15;6;14;11;50;50;0;0;0;0;0;0;0;0;0;0;0;0;0;0;0;0;0;0;0;0;0;0;0;0;0;0;0;0;0;0;0;0;0;0;0;0;0;0;0;0;0;0;0;0;0;0;0;0;0;0;0;0;0;0;0;0;0;0;0;0;0;0;0;0;0;0;0;0;0;0;3;2;0;1;0;1;2;2016-03-02 00:45:00;2142;1;50;0;0;0;-1;-1;-1;-1;-1;-1;-1;-1;0;0;0;0;0;0;-1;0;0;0;0;0;0;0;0;0;0;0;0;0;1;1;0;0;-1;-1;-1;-1;-1;-1;-1;-1;-1;-1;-1;-1;-1;0;0;0;100;100;0;100;100;0;13;7;3;2;Atlético Nacional;Sporting Cristal;2.36;0.67;3;1;3;1;100;100;100;0;0;100;100;50;0;0;0;1190;6;Y;Y;Y;N;N;N;N
347431;2257;2841;2016;complete;2487;2;-1;18,32;38;2;1;3;6;3;9;4;2;1;2;0;0;7;2;18;3;25;5;10;7;50;50;1;2;0;0;0;0;0;0;0;0;0;0;0;0;0;0;0;0;0;0;0;0;0;0;0;0;0;0;0;0;0;0;0;0;0;0;0;0;0;0;0;0;0;0;0;0;0;0;0;0;0;0;0;0;0;0;0;0;0;0;0;0;0;0;0;0;0;0;0;0;3;2;1;0;0;0;3;2016-03-02 20:15:00;2257;1;0;0;0;0;-1;1;-1;-1;-1;-1;-1;-1;0;2;1;0;2;1;-1;0;0;0;0;0;0;0;0;0;0;0;0;0;1;1;0;0;-1;-1;0;0;-1;-1;-1;-1;-1;-1;-1;-1;-1;0;50;50;50;100;0;0;100;50;5;1;5;2.5;The Strongest;Trujillanos;1.33;0.67;3;0;3;0;100;50;50;50;0;50;50;50;0;0;0;1190;6;Y;Y;Y;N;N;N;Y
347432;4359;4364;2016;complete;2487;2;-1;;;0;0;0;11;4;15;1;2;2;3;0;0;5;5;9;1;14;6;12;18;50;50;2;3;0;0;0;0;0;0;0;0;0;0;0;0;0;0;0;0;0;0;0;0;0;0;0;0;0;0;0;0;0;0;0;0;0;0;0;0;0;0;0;0;0;0;0;0;0;0;0;0;0;0;0;0;0;0;0;0;0;0;0;0;0;0;0;0;0;0;0;0;0;0;0;0;0;0;0;2016-03-02 22:30:00;-1;1;67;0;0;0;-1;1;-1;-1;-1;-1;-1;-1;1;1;1;2;2;3;-1;0;0;0;0;0;0;0;0;0;0;0;0;0;1;1;0;0;-1;-1;0;0;-1;-1;-1;-1;-1;-1;-1;-1;-1;0;17;17;84;84;0;17;84;84;6.67;3.67;10;2;Nacional;River Plate;1.3;0.88;1;1.67;1;1.67;100;84;84;17;17;0;0;0;0;0;0;1190;8;N;N;N;N;N;N;N
347433;711;1424;2016;complete;2487;2;-1;12;13;1;1;2;9;3;12;2;4;3;3;0;0;5;6;8;4;13;10;19;20;50;50;3;3;0;0;0;0;0;0;0;0;0;0;0;0;0;0;0;0;0;0;0;0;0;0;0;0;0;0;0;0;0;0;0;0;0;0;0;0;0;0;0;0;0;0;0;0;0;0;0;0;0;0;0;0;0;0;0;0;0;0;0;0;0;0;0;0;0;0;0;0;2;1;1;0;0;0;2;2016-03-02 22:30:00;-1;1;0;0;0;0;-1;1;-1;-1;-1;-1;-1;-1;0;2;3;1;2;4;-1;0;0;0;0;0;0;0;1;0;1;0;0;0;1;1;0;0;-1;-1;0;0;-1;-1;-1;-1;-1;-1;-1;-1;-1;0;0;0;100;100;0;0;100;100;7;2;5;2;San Lorenzo;Toluca;0.67;2;0;3;0;3;100;100;100;0;0;50;50;0;0;0;0;1190;6;Y;Y;N;N;N;N;Y
347434;616;4319;2016;complete;2487;2;-1;12,37,83,89;;4;0;4;4;4;8;1;1;2;2;0;1;6;0;4;7;10;7;26;12;50;50;2;3;0;0;0;0;0;0;0;0;0;0;0;0;0;0;0;0;0;0;0;0;0;0;0;0;0;0;0;0;0;0;0;0;0;0;0;0;0;0;0;0;0;0;0;0;0;0;0;0;0;0;0;0;0;0;0;0;0;0;0;0;0;0;0;0;0;0;0;0;4;2;0;2;0;2;2;2016-03-03 00:45:00;616;1;0;0;0;0;-1;1;-1;-1;-1;-1;-1;-1;0;2;2;1;2;3;-1;0;0;0;0;0;0;0;0;0;0;0;0;0;1;1;0;0;-1;-1;0;0;-1;-1;-1;-1;-1;-1;-1;-1;-1;0;0;0;100;100;0;0;100;100;9;4;4;2;Grêmio;LDU Quito;1.38;0.67;0;3;0;3;100;100;100;0;0;50;50;0;0;0;0;1190;6;Y;Y;Y;Y;N;N;N
347435;624;2133;2016;complete;2487;2;-1;65;;1;0;1;7;3;10;1;6;1;1;0;0;5;6;4;5;9;11;16;13;50;50;1;1;0;0;0;0;0;0;0;0;0;0;0;0;0;0;0;0;0;0;0;0;0;0;0;0;0;0;0;0;0;0;0;0;0;0;0;0;0;0;0;0;0;0;0;0;0;0;0;0;0;0;0;0;0;0;0;0;0;0;0;0;0;0;0;0;0;0;0;0;1;0;0;1;0;1;0;2016-03-03 00:45:00;624;1;17;0;50;0;-1;1;-1;-1;-1;-1;-1;-1;0;1;1;0;1;1;-1;0;0;0;0;0;0;0;0;0;0;0;0;0;1;1;0;0;-1;-1;0;0;-1;-1;-1;-1;-1;-1;-1;-1;-1;0;17;34;34;84;34;34;84;17;14;1;3.33;1.67;Corinthians;Santa Fe;1.88;1.75;3;2.33;3;2.33;100;84;67;67;17;100;50;34;0;0;0;1190;8;Y;N;N;N;N;N;N
347436;705;717;2016;complete;2487;2;-1;;;0;0;0;4;1;5;2;1;5;2;0;0;3;6;6;5;9;11;18;15;50;50;5;2;0;0;0;0;0;0;0;0;0;0;0;0;0;0;0;0;0;0;0;0;0;0;0;0;0;0;0;0;0;0;0;0;0;0;0;0;0;0;0;0;0;0;0;0;0;0;0;0;0;0;0;0;0;0;0;0;0;0;0;0;0;0;0;0;0;0;0;0;0;0;0;0;0;0;0;2016-03-03 22:30:00;-1;1;34;50;50;0;-1;1;-1;-1;-1;-1;-1;-1;4;1;1;1;5;2;-1;0;0;0;0;0;0;0;0;0;0;0;0;0;1;1;0;0;-1;-1;0;0;-1;-1;-1;-1;-1;-1;-1;-1;-1;17;34;34;34;50;34;34;50;34;6;2.33;5;1.67;Boca Juniors;Racing Club;1.67;1.4;1;2.33;1;2.33;84;67;67;67;50;17;0;0;0;0;0;1190;10;N;N;N;N;N;N;N
347437;619;710;2016;complete;2487;2;-1;25,90;;2;0;2;0;7;7;1;1;4;1;0;0;3;4;3;7;6;11;16;19;50;50;4;1;0;0;0;0;0;0;0;0;0;0;0;0;0;0;0;0;0;0;0;0;0;0;0;0;0;0;0;0;0;0;0;0;0;0;0;0;0;0;0;0;0;0;0;0;0;0;0;0;0;0;0;0;0;0;0;0;0;0;0;0;0;0;0;0;0;0;0;0;2;1;0;1;0;1;1;2016-03-04 00:45:00;619;1;100;0;0;0;-1;1;-1;-1;-1;-1;-1;-1;1;1;3;0;2;3;-1;0;0;0;0;0;0;0;0;1;0;0;0;1;1;1;0;0;-1;-1;0;0;-1;-1;-1;-1;-1;-1;-1;-1;-1;0;50;50;100;100;0;50;100;100;6;1;7;3;Palmeiras;Rosario Central;1.33;2;1;1;1;1;100;50;50;0;0;0;0;0;0;0;0;1190;6;Y;Y;N;N;N;N;N
347438;2267;2132;2016;complete;2487;2;-1;4,19,40,73,78;;5;0;5;3;3;6;2;0;1;4;0;0;7;2;6;6;13;8;15;18;50;50;1;4;0;0;0;0;0;0;0;0;0;0;0;0;0;0;0;0;0;0;0;0;0;0;0;0;0;0;0;0;0;0;0;0;0;0;0;0;0;0;0;0;0;0;0;0;0;0;0;0;0;0;0;0;0;0;0;0;0;0;0;0;0;0;0;0;0;0;0;0;5;3;0;2;0;2;3;2016-03-04 00:45:00;2267;1;50;0;0;0;-1;1;-1;-1;-1;-1;-1;-1;0;1;1;3;1;4;-1;0;0;0;0;0;0;0;0;0;0;0;0;0;1;1;1;0;-1;-1;0;1;-1;-1;-1;-1;-1;-1;-1;-1;-1;50;50;50;50;50;50;50;50;50;3;6;9;2.5;Bolívar;Deportivo Cali;1;0.5;0;1;0;1;50;50;50;50;50;0;0;0;0;0;0;1190;6;Y;Y;Y;Y;Y;N;N
347439;4326;6681;2016;complete;2487;3;-1;4,90;12,21;2;2;4;5;2;7;3;3;1;3;0;0;8;5;5;2;13;7;16;10;50;50;1;3;0;0;0;0;0;0;0;0;0;0;0;0;0;0;0;0;0;0;0;0;0;0;0;0;0;0;0;0;0;0;0;0;0;0;0;0;0;0;0;0;0;0;0;0;0;0;0;0;0;0;0;0;0;0;0;0;0;0;0;0;0;0;0;0;0;0;0;0;4;1;2;1;0;1;3;2016-03-08 22:30:00;-1;1;50;0;50;0;-1;1;-1;-1;-1;-1;-1;-1;0;2;1;1;2;2;-1;0;0;0;0;0;0;0;0;0;0;0;0;0;1;1;1;0;-1;-1;0;0;-1;-1;-1;-1;-1;-1;-1;-1;-1;25;25;50;100;100;25;50;100;100;12;5.5;7;3.25;CS Emelec;Olimpia;0.67;1.17;1.5;0;1.5;0;75;75;50;0;0;50;50;50;0;0;0;1190;6;Y;Y;Y;Y;N;N;Y
347440;2804;724;2016;complete;2487;3;-1;25,35,56;57,77;3;2;5;2;3;5;6;7;3;3;0;1;6;7;7;6;13;13;19;14;50;50;3;4;0;0;0;0;0;0;0;0;0;0;0;0;0;0;0;0;0;0;0;0;0;0;0;0;0;0;0;0;0;0;0;0;0;0;0;0;0;0;0;0;0;0;0;0;0;0;0;0;0;0;0;0;0;0;0;0;0;0;0;0;0;0;0;0;0;0;0;0;5;2;0;1;2;3;2;2016-03-09 00:45:00;2804;1;38;0;25;0;-1;1;-1;-1;-1;-1;-1;-1;3;2;0;2;5;2;-1;0;0;0;0;0;0;0;1;0;1;0;0;0;1;1;0;0;-1;-1;0;1;-1;-1;-1;-1;-1;-1;-1;-1;-1;0;0;38;75;100;25;88;88;13;10;6.25;3.25;2.13;Sporting Cristal;Huracán;0.67;1.2;0.5;1.5;0.5;1.5;100;100;63;25;0;75;75;63;0;0;0;1190;6;Y;Y;Y;Y;Y;N;Y
347441;2142;4358;2016;complete;2487;3;-1;55,61;;2;0;2;10;2;12;5;2;2;3;0;1;8;2;9;3;17;5;11;11;50;50;2;5;0;0;0;0;0;0;0;0;0;0;0;0;0;0;0;0;0;0;0;0;0;0;0;0;0;0;0;0;0;0;0;0;0;0;0;0;0;0;0;0;0;0;0;0;0;0;0;0;0;0;0;0;0;0;0;0;0;0;0;0;0;0;0;0;0;0;0;0;2;0;0;2;0;2;0;2016-03-09 00:45:00;2142;1;25;0;0;0;-1;1;-1;-1;-1;-1;-1;-1;1;2;1;2;3;3;-1;0;0;0;0;0;0;0;0;0;0;0;0;0;1;1;0;0;-1;-1;0;0;-1;-1;-1;-1;-1;-1;-1;-1;-1;0;0;25;75;100;25;100;75;0;10;7;5.5;2;Atlético Nacional;Peñarol;2.36;0.83;3;0.5;3;0.5;100;100;75;25;0;75;75;50;0;0;0;1190;6;Y;Y;N;N;N;N;N
347442;2197;2133;2016;complete;2487;3;-1;89;17,34;1;2;3;1;6;7;0;2;2;2;0;1;6;2;4;6;10;8;16;15;50;50;2;4;0;0;0;0;0;0;0;0;0;0;0;0;0;0;0;0;0;0;0;0;0;0;0;0;0;0;0;0;0;0;0;0;0;0;0;0;0;0;0;0;0;0;0;0;0;0;0;0;0;0;0;0;0;0;0;0;0;0;0;0;0;0;0;0;0;0;0;0;3;0;2;1;0;1;2;2016-03-09 20:15:00;2133;1;38;0;25;0;-1;1;-1;-1;-1;-1;-1;-1;1;1;1;2;2;3;-1;0;0;0;0;0;0;0;0;0;0;0;0;0;1;1;0;0;-1;-1;0;0;-1;-1;-1;-1;-1;-1;-1;-1;-1;0;13;50;50;88;25;25;88;38;12.25;2.25;3.75;2;Cobresal;Santa Fe;0.5;1.75;0;1.75;0;1.75;100;88;50;50;13;100;75;50;0;0;0;1190;6;Y;Y;Y;N;N;N;Y
347443;710;4364;2016;complete;2487;3;-1;19,57,61,71;64;4;1;5;7;1;8;1;1;0;2;0;0;7;2;2;4;9;6;18;20;50;50;0;2;0;0;0;0;0;0;0;0;0;0;0;0;0;0;0;0;0;0;0;0;0;0;0;0;0;0;0;0;0;0;0;0;0;0;0;0;0;0;0;0;0;0;0;0;0;0;0;0;0;0;0;0;0;0;0;0;0;0;0;0;0;0;0;0;0;0;0;0;5;1;0;3;1;4;1;2016-03-09 22:30:00;710;1;38;0;50;0;-1;1;-1;-1;-1;-1;-1;-1;0;1;0;1;1;1;-1;0;0;0;0;0;0;0;0;0;0;0;0;0;1;1;0;0;-1;-1;0;0;-1;-1;-1;-1;-1;-1;-1;-1;-1;0;13;13;75;75;0;38;75;50;10;2.75;4.25;1.75;Rosario Central;River Plate;2;0.88;0.5;1.5;0.5;1.5;100;88;88;25;25;13;13;13;0;0;0;1190;8;Y;Y;Y;Y;Y;N;Y
347444;6675;624;2016;complete;2487;3;-1;49,75,82;13,88;3;2;5;8;2;10;7;0;1;4;0;2;6;3;5;7;11;10;15;15;50;50;1;6;0;0;0;0;0;0;0;0;0;0;0;0;0;0;0;0;0;0;0;0;0;0;0;0;0;0;0;0;0;0;0;0;0;0;0;0;0;0;0;0;0;0;0;0;0;0;0;0;0;0;0;0;0;0;0;0;0;0;0;0;0;0;0;0;0;0;0;0;5;0;1;3;1;4;1;2016-03-09 22:30:00;6675;1;25;0;50;0;-1;1;-1;-1;-1;-1;-1;-1;1;2;0;4;3;4;-1;0;0;0;0;0;0;0;0;1;0;1;0;0;1;1;0;0;-1;-1;0;0;-1;-1;-1;-1;-1;-1;-1;-1;-1;0;0;25;25;75;0;0;75;25;10.5;2;3.5;1.25;Cerro Porteño;Corinthians;1.25;1.88;2;3;2;3;100;100;75;75;25;100;75;25;0;0;0;1190;8;Y;Y;Y;Y;Y;N;Y
347445;619;4359;2016;complete;2487;3;-1;45;38,41;1;2;3;-1;-1;-1;-1;-1;3;6;0;2;-1;-1;-1;-1;-1;-1;-1;-1;-1;-1;3;9;0;0;0;0;0;0;0;0;0;0;0;0;0;0;0;0;0;0;0;0;0;0;0;0;0;0;0;0;0;0;0;0;0;0;0;0;0;0;0;0;0;0;0;0;0;0;0;0;0;0;0;0;0;0;0;0;0;0;0;0;0;0;0;0;0;0;0;0;3;1;2;0;0;0;3;2016-03-10 00:45:00;4359;1;50;0;50;0;-1;1;-1;-1;-1;-1;-1;-1;2;3;1;5;5;6;-1;0;0;0;0;0;0;0;0;0;0;0;0;0;1;1;0;0;-1;-1;0;0;-1;-1;-1;-1;-1;-1;-1;-1;-1;0;25;25;75;75;0;50;75;50;7.5;2;9;2;Palmeiras;Nacional;1.33;1.3;2;1;2;1;100;75;75;25;25;25;25;25;0;0;0;1190;6;Y;Y;Y;N;N;N;Y
347446;616;711;2016;complete;2487;3;-1;26;33;1;1;2;2;4;6;1;1;2;3;0;0;4;3;3;10;7;13;19;11;50;50;2;3;0;0;0;0;0;0;0;0;0;0;0;0;0;0;0;0;0;0;0;0;0;0;0;0;0;0;0;0;0;0;0;0;0;0;0;0;0;0;0;0;0;0;0;0;0;0;0;0;0;0;0;0;0;0;0;0;0;0;0;0;0;0;0;0;0;0;0;0;2;1;1;0;0;0;2;2016-03-10 00:45:00;-1;1;25;0;0;0;-1;1;-1;-1;-1;-1;-1;-1;0;1;2;2;1;4;-1;0;0;0;0;0;0;0;0;0;0;0;0;0;1;1;0;0;-1;-1;0;0;-1;-1;-1;-1;-1;-1;-1;-1;-1;0;25;25;100;100;50;50;75;75;9;2;5.5;2.5;Grêmio;San Lorenzo;1.38;0.67;1.5;0.5;1.5;0.5;100;75;75;0;0;50;50;25;0;0;0;1190;6;Y;Y;N;N;N;N;Y
347447;2847;1422;2016;complete;2487;3;-1;7,44;;2;0;2;3;7;10;2;6;0;3;0;0;4;2;8;3;12;5;10;11;50;50;0;3;0;0;0;0;0;0;0;0;0;0;0;0;0;0;0;0;0;0;0;0;0;0;0;0;0;0;0;0;0;0;0;0;0;0;0;0;0;0;0;0;0;0;0;0;0;0;0;0;0;0;0;0;0;0;0;0;0;0;0;0;0;0;0;0;0;0;0;0;2;2;0;0;0;0;2;2016-03-10 00:45:00;2847;1;50;0;50;0;-1;1;-1;-1;-1;-1;-1;-1;0;2;0;1;2;1;-1;0;0;0;0;0;0;0;0;0;0;0;0;0;1;1;1;0;-1;-1;0;0;-1;-1;-1;-1;-1;-1;-1;-1;-1;25;25;50;100;100;25;50;100;100;9;1.5;5.5;3.25;Deportivo Táchira;Pumas UNAM;1.5;2.1;1.5;3;1.5;3;75;75;50;0;0;50;50;50;0;0;0;1190;8;Y;Y;N;N;N;N;N
347448;718;618;2016;complete;2487;2;-1;32;17;1;1;2;9;2;11;1;1;2;6;0;0;9;0;6;5;15;5;22;21;50;50;2;6;0;0;0;0;0;0;0;0;0;0;0;0;0;0;0;0;0;0;0;0;0;0;0;0;0;0;0;0;0;0;0;0;0;0;0;0;0;0;0;0;0;0;0;0;0;0;0;0;0;0;0;0;0;0;0;0;0;0;0;0;0;0;0;0;0;0;0;0;2;1;1;0;0;0;2;2016-03-10 22:30:00;-1;1;17;0;0;0;-1;1;-1;-1;-1;-1;-1;-1;1;2;1;4;3;5;-1;0;0;0;0;0;0;0;0;0;0;0;0;0;1;1;0;0;-1;-1;0;1;-1;-1;-1;-1;-1;-1;-1;-1;-1;0;50;50;67;100;0;17;100;50;11.67;3.33;4;2.67;River Plate;São Paulo;1.75;1.36;3;1.33;3;1.33;100;50;50;34;0;34;34;34;0;0;0;1190;8;Y;Y;N;N;N;N;Y
347449;2267;705;2016;complete;2487;3;-1;28;90;1;1;2;5;4;9;4;0;2;0;0;0;4;4;10;11;14;15;13;11;50;50;2;0;0;0;0;0;0;0;0;0;0;0;0;0;0;0;0;0;0;0;0;0;0;0;0;0;0;0;0;0;0;0;0;0;0;0;0;0;0;0;0;0;0;0;0;0;0;0;0;0;0;0;0;0;0;0;0;0;0;0;0;0;0;0;0;0;0;0;0;0;2;1;0;0;1;1;1;2016-03-11 00:45:00;-1;1;25;0;0;0;-1;1;-1;-1;-1;-1;-1;-1;1;0;1;0;1;1;-1;0;0;0;0;0;0;0;0;0;0;0;0;0;1;1;0;0;-1;-1;0;0;-1;-1;-1;-1;-1;-1;-1;-1;-1;50;50;50;50;50;50;50;50;50;6;2.5;7;2.5;Bolívar;Boca Juniors;1;1.67;1.5;1;1.5;1;50;50;50;50;50;0;0;0;0;0;0;1190;6;Y;Y;N;N;N;N;Y
347450;2188;620;2016;complete;2487;3;-1;;;0;0;0;4;5;9;5;1;2;3;0;0;7;4;10;2;17;6;5;14;50;50;2;3;0;0;0;0;0;0;0;0;0;0;0;0;0;0;0;0;0;0;0;0;0;0;0;0;0;0;0;0;0;0;0;0;0;0;0;0;0;0;0;0;0;0;0;0;0;0;0;0;0;0;0;0;0;0;0;0;0;0;0;0;0;0;0;0;0;0;0;0;0;0;0;0;0;0;0;2016-03-11 00:45:00;-1;1;50;50;0;0;-1;1;-1;-1;-1;-1;-1;-1;1;0;1;3;1;4;-1;0;0;0;0;0;0;0;0;0;0;0;0;0;1;1;0;0;-1;-1;0;0;-1;-1;-1;-1;-1;-1;-1;-1;-1;0;0;25;50;100;25;50;50;25;12.5;2;5.5;1.75;Colo-Colo;Atlético Mineiro;1.5;2;2;3;2;3;100;100;75;50;0;75;25;25;0;0;0;1190;6;N;N;N;N;N;N;N
347451;4319;1424;2016;complete;2487;3;-1;48;42,85;1;2;3;7;4;11;0;3;3;4;0;0;10;5;13;6;23;11;12;19;50;50;3;4;0;0;0;0;0;0;0;0;0;0;0;0;0;0;0;0;0;0;0;0;0;0;0;0;0;0;0;0;0;0;0;0;0;0;0;0;0;0;0;0;0;0;0;0;0;0;0;0;0;0;0;0;0;0;0;0;0;0;0;0;0;0;0;0;0;0;0;0;3;0;1;1;1;2;1;2016-03-11 00:45:00;1424;1;25;50;0;0;-1;1;-1;-1;-1;-1;-1;-1;2;1;1;3;3;4;-1;0;0;0;0;0;0;0;0;0;0;0;0;0;1;1;0;0;-1;-1;0;0;-1;-1;-1;-1;-1;-1;-1;-1;-1;0;25;25;100;100;50;50;75;75;9;5;4.5;2.5;LDU Quito;Toluca;0.67;2;1.5;2;1.5;2;100;75;75;0;0;50;50;25;0;0;0;1190;6;Y;Y;Y;N;N;N;Y
347452;4321;2808;2016;complete;2487;4;-1;3,46;;2;0;2;5;1;6;0;2;1;1;0;0;8;3;6;6;14;9;12;16;50;50;1;1;0;0;0;0;0;0;0;0;0;0;0;0;0;0;0;0;0;0;0;0;0;0;0;0;0;0;0;0;0;0;0;0;0;0;0;0;0;0;0;0;0;0;0;0;0;0;0;0;0;0;0;0;0;0;0;0;0;0;0;0;0;0;0;0;0;0;0;0;2;1;0;1;0;1;1;2016-03-15 22:30:00;4321;1;37;0;25;0;-1;1;-1;-1;-1;-1;-1;-1;1;1;0;0;2;0;-1;0;0;0;0;0;0;0;0;0;0;0;0;0;1;1;1;0;-1;-1;0;0;-1;-1;-1;-1;-1;-1;-1;-1;-1;0;0;27;37;100;17;64;37;20;6.4;3.4;3.73;1.64;CSD Independiente del Valle;Melgar;1.69;0;1.4;0;1.4;0;100;100;74;64;0;64;37;27;0;0;0;1190;6;Y;Y;N;N;N;N;N
347453;2133;2197;2016;complete;2487;4;-1;8,40,74;;3;0;3;9;4;13;2;1;3;4;0;0;6;0;7;5;13;5;22;13;50;50;3;4;0;0;0;0;0;0;0;0;0;0;0;0;0;0;0;0;0;0;0;0;0;0;0;0;0;0;0;0;0;0;0;0;0;0;0;0;0;0;0;0;0;0;0;0;0;0;0;0;0;0;0;0;0;0;0;0;0;0;0;0;0;0;0;0;0;0;0;0;3;2;0;1;0;1;2;2016-03-15 22:30:00;2133;1;54;0;50;0;-1;1;-1;-1;-1;-1;-1;-1;1;2;2;2;3;4;-1;0;0;0;0;0;0;0;0;0;0;0;0;0;1;1;1;0;-1;-1;0;0;-1;-1;-1;-1;-1;-1;-1;-1;-1;0;10;64;64;90;47;47;90;27;10.8;2.2;4.13;2.27;Santa Fe;Cobresal;1.75;0.5;2;0;2;0;100;90;37;37;10;74;57;37;0;0;0;1190;6;Y;Y;Y;N;N;N;N
347454;4358;2142;2016;complete;2487;4;-1;;8,45,82,85;0;4;4;5;0;5;3;0;1;1;0;0;3;2;9;3;12;5;23;18;50;50;1;1;0;0;0;0;0;0;0;0;0;0;0;0;0;0;0;0;0;0;0;0;0;0;0;0;0;0;0;0;0;0;0;0;0;0;0;0;0;0;0;0;0;0;0;0;0;0;0;0;0;0;0;0;0;0;0;0;0;0;0;0;0;0;0;0;0;0;0;0;4;0;2;0;2;2;2;2016-03-16 00:45:00;2142;1;17;0;0;0;-1;1;-1;-1;-1;-1;-1;-1;1;1;0;0;2;0;-1;0;0;0;0;0;0;0;0;0;0;0;0;0;1;1;0;1;-1;-1;0;0;-1;-1;-1;-1;-1;-1;-1;-1;-1;0;0;17;84;100;17;67;84;33;10.67;7;6;2;Peñarol;Atlético Nacional;0.83;2.36;0.33;3;0.33;3;100;100;84;17;0;84;84;67;0;0;0;1190;6;Y;Y;Y;Y;N;N;N
347455;711;616;2016;complete;2487;4;-1;4;90;1;1;2;6;2;8;2;1;1;2;0;0;9;2;3;5;12;7;15;14;50;50;1;2;0;0;0;0;0;0;0;0;0;0;0;0;0;0;0;0;0;0;0;0;0;0;0;0;0;0;0;0;0;0;0;0;0;0;0;0;0;0;0;0;0;0;0;0;0;0;0;0;0;0;0;0;0;0;0;0;0;0;0;0;0;0;0;0;0;0;0;0;2;1;0;0;1;1;1;2016-03-16 00:45:00;-1;1;50;50;0;0;-1;1;-1;-1;-1;-1;-1;-1;1;0;0;2;1;2;-1;0;0;0;0;0;0;0;1;0;1;0;0;0;1;1;1;0;-1;-1;0;0;-1;-1;-1;-1;-1;-1;-1;-1;-1;0;17;17;100;100;67;67;50;50;8;2;5.34;2.34;San Lorenzo;Grêmio;0.67;1.38;0.67;1.33;0.67;1.33;100;84;84;0;0;34;34;17;0;0;0;1190;6;Y;Y;N;N;N;N;Y
347456;2841;618;2016;complete;2487;3;-1;36;38;1;1;2;3;3;6;2;0;4;3;0;0;5;7;4;10;9;17;12;12;50;50;4;3;0;0;0;0;0;0;0;0;0;0;0;0;0;0;0;0;0;0;0;0;0;0;0;0;0;0;0;0;0;0;0;0;0;0;0;0;0;0;0;0;0;0;0;0;0;0;0;0;0;0;0;0;0;0;0;0;0;0;0;0;0;0;0;0;0;0;0;0;2;1;1;0;0;0;2;2016-03-16 22:30:00;-1;1;50;25;0;0;-1;1;-1;-1;-1;-1;-1;-1;0;1;4;2;1;6;-1;0;0;0;0;0;0;0;0;1;0;0;0;1;1;1;0;0;-1;-1;0;0;-1;-1;-1;-1;-1;-1;-1;-1;-1;0;25;50;75;100;38;50;63;25;9.25;2.75;4.5;2.5;Trujillanos;São Paulo;0.67;1.36;0;1.25;0;1.25;100;75;50;25;0;63;38;38;0;0;0;1190;6;Y;Y;N;N;N;N;Y
347457;2257;718;2016;complete;2487;3;-1;90;18;1;1;2;8;1;9;6;7;1;2;1;1;9;3;14;9;23;12;11;13;50;50;2;4;0;0;0;0;0;0;0;0;0;0;0;0;0;0;0;0;0;0;0;0;0;0;0;0;0;0;0;0;0;0;0;0;0;0;0;0;0;0;0;0;0;0;0;0;0;0;0;0;0;0;0;0;0;0;0;0;0;0;0;0;0;0;0;0;0;0;0;0;2;0;1;1;0;1;1;2016-03-16 22:30:00;-1;1;50;50;0;0;-1;1;-1;-1;-1;-1;-1;-1;0;1;2;2;1;4;-1;0;0;0;0;0;0;0;0;0;0;0;0;0;1;1;0;0;-1;-1;0;0;-1;-1;-1;-1;-1;-1;-1;-1;-1;0;25;50;75;100;50;50;50;25;10.5;3.5;4.5;2.5;The Strongest;River Plate;1.33;1.75;3;2;3;2;100;75;50;25;0;75;50;50;0;0;0;1190;6;Y;Y;N;N;N;N;Y
347458;620;2188;2016;complete;2487;4;-1;2,45,73;;3;0;3;1;8;9;3;1;2;3;0;0;5;5;6;7;11;12;22;14;50;50;2;3;0;0;0;0;0;0;0;0;0;0;0;0;0;0;0;0;0;0;0;0;0;0;0;0;0;0;0;0;0;0;0;0;0;0;0;0;0;0;0;0;0;0;0;0;0;0;0;0;0;0;0;0;0;0;0;0;0;0;0;0;0;0;0;0;0;0;0;0;3;2;0;1;0;1;2;2016-03-17 00:45:00;620;1;33;0;50;0;-1;1;-1;-1;-1;-1;-1;-1;1;2;1;1;3;2;-1;0;0;0;0;0;0;0;0;0;0;0;0;0;1;1;1;0;-1;-1;0;0;-1;-1;-1;-1;-1;-1;-1;-1;-1;0;0;17;33;67;17;34;34;17;11.34;3.33;5.33;1.17;Atlético Mineiro;Colo-Colo;2;1.5;2.33;1.67;2.33;1.67;100;100;84;67;33;84;17;17;0;0;0;1190;6;Y;Y;Y;N;N;N;N
347459;624;6675;2016;complete;2487;4;-1;23,61;;2;0;2;3;4;7;0;9;2;1;0;0;5;3;7;4;12;7;11;16;50;50;2;1;0;0;0;0;0;0;0;0;0;0;0;0;0;0;0;0;0;0;0;0;0;0;0;0;0;0;0;0;0;0;0;0;0;0;0;0;0;0;0;0;0;0;0;0;0;0;0;0;0;0;0;0;0;0;0;0;0;0;0;0;0;0;0;0;0;0;0;0;2;1;0;1;0;1;1;2016-03-17 00:45:00;624;1;50;0;0;0;-1;1;-1;-1;-1;-1;-1;-1;2;1;0;0;3;0;-1;0;0;0;0;0;0;0;0;0;0;0;0;0;1;1;0;0;-1;-1;0;0;-1;-1;-1;-1;-1;-1;-1;-1;-1;33;33;50;50;84;0;33;84;50;10.33;3.66;4.67;2.5;Corinthians;Cerro Porteño;1.88;1.25;2;2.33;2;2.33;67;67;50;50;17;100;84;17;0;0;0;1190;8;Y;Y;N;N;N;N;N
347460;4364;710;2016;complete;2487;4;-1;12;14,51,90;1;3;4;3;0;3;2;0;1;3;0;0;6;2;1;1;7;3;13;21;50;50;1;3;0;0;0;0;0;0;0;0;0;0;0;0;0;0;0;0;0;0;0;0;0;0;0;0;0;0;0;0;0;0;0;0;0;0;0;0;0;0;0;0;0;0;0;0;0;0;0;0;0;0;0;0;0;0;0;0;0;0;0;0;0;0;0;0;0;0;0;0;4;1;1;0;2;2;2;2016-03-17 22:30:00;710;1;54;0;25;0;-1;1;-1;-1;-1;-1;-1;-1;1;1;0;2;2;2;-1;0;0;0;0;0;0;0;0;0;0;0;0;0;1;1;0;0;-1;-1;0;0;-1;-1;-1;-1;-1;-1;-1;-1;-1;27;37;37;80;80;0;54;80;64;9.8;2.6;3.53;2.6;River Plate;Rosario Central;0.88;2;1.2;1.33;1.2;1.33;74;64;64;20;20;10;10;10;0;0;0;1190;8;Y;Y;Y;Y;N;N;Y
347461;6681;4326;2016;complete;2487;4;-1;31,55,73,90;20,71;4;2;6;4;6;10;3;1;1;4;0;0;2;5;3;6;5;11;12;18;50;50;1;4;0;0;0;0;0;0;0;0;0;0;0;0;0;0;0;0;0;0;0;0;0;0;0;0;0;0;0;0;0;0;0;0;0;0;0;0;0;0;0;0;0;0;0;0;0;0;0;0;0;0;0;0;0;0;0;0;0;0;0;0;0;0;0;0;0;0;0;0;6;1;1;3;1;4;2;2016-03-17 22:30:00;6681;1;67;50;50;0;-1;1;-1;-1;-1;-1;-1;-1;1;3;0;1;4;1;-1;0;0;0;0;0;0;0;1;0;1;0;0;0;1;1;0;0;-1;-1;0;0;-1;-1;-1;-1;-1;-1;-1;-1;-1;17;50;67;100;100;50;67;100;67;10.34;5.67;6;3.5;Olimpia;CS Emelec;1.17;0.67;0.33;1.33;0.33;1.33;84;50;33;0;0;33;33;33;0;0;0;1190;6;Y;Y;Y;Y;Y;Y;Y
347462;2132;717;2016;complete;2487;3;-1;10,33;61,72;2;2;4;9;6;15;3;1;4;3;1;1;10;4;3;6;13;10;19;16;50;50;6;5;0;0;0;0;0;0;0;0;0;0;0;0;0;0;0;0;0;0;0;0;0;0;0;0;0;0;0;0;0;0;0;0;0;0;0;0;0;0;0;0;0;0;0;0;0;0;0;0;0;0;0;0;0;0;0;0;0;0;0;0;0;0;0;0;0;0;0;0;4;2;0;0;2;2;2;2016-03-18 00:45:00;-1;1;25;25;25;0;-1;1;-1;-1;-1;-1;-1;-1;2;2;3;2;4;5;-1;0;0;0;0;0;0;0;0;0;0;0;0;0;1;1;1;0;-1;-1;0;0;-1;-1;-1;-1;-1;-1;-1;-1;-1;38;50;50;50;63;50;50;63;50;4.75;4.5;5.75;2.5;Deportivo Cali;Racing Club;0.5;1.4;0.5;2;0.5;2;63;50;50;50;38;13;0;0;0;0;0;1190;6;Y;Y;Y;Y;N;N;Y
347463;4359;619;2016;complete;2487;4;-1;50;;1;0;1;3;2;5;0;1;2;3;0;0;4;3;5;5;9;8;15;21;50;50;2;3;0;0;0;0;0;0;0;0;0;0;0;0;0;0;0;0;0;0;0;0;0;0;0;0;0;0;0;0;0;0;0;0;0;0;0;0;0;0;0;0;0;0;0;0;0;0;0;0;0;0;0;0;0;0;0;0;0;0;0;0;0;0;0;0;0;0;0;0;1;0;0;1;0;1;0;2016-03-18 00:45:00;4359;1;67;0;50;0;-1;1;-1;-1;-1;-1;-1;-1;1;2;1;1;3;2;-1;0;0;0;0;0;0;0;0;0;0;0;0;0;1;1;0;0;-1;-1;1;0;-1;-1;-1;-1;-1;-1;-1;-1;-1;0;17;50;84;84;33;67;50;33;7.5;0.67;10;2.34;Nacional;Palmeiras;1.3;1.33;1.67;1.33;1.67;1.33;100;84;50;17;17;25;25;25;0;0;0;1190;6;Y;N;N;N;N;N;N
347464;1422;2847;2016;complete;2487;4;-1;31,53,61,86;82;4;1;5;6;3;9;3;1;1;2;0;0;4;2;6;5;10;7;6;9;50;50;1;2;0;0;0;0;0;0;0;0;0;0;0;0;0;0;0;0;0;0;0;0;0;0;0;0;0;0;0;0;0;0;0;0;0;0;0;0;0;0;0;0;0;0;0;0;0;0;0;0;0;0;0;0;0;0;0;0;0;0;0;0;0;0;0;0;0;0;0;0;5;1;0;3;1;4;1;2016-03-18 03:00:00;1422;1;33;50;50;0;-1;1;-1;-1;-1;-1;-1;-1;1;1;0;1;2;1;-1;0;0;0;0;0;0;0;0;0;0;0;0;0;1;1;0;0;-1;-1;0;0;-1;-1;-1;-1;-1;-1;-1;-1;-1;17;17;33;100;100;50;67;67;67;9.33;3.67;4.67;2.83;Pumas UNAM;Deportivo Táchira;2.1;1.5;2;2;2;2;84;84;67;0;0;67;67;34;0;0;0;1190;8;Y;Y;Y;Y;Y;N;Y
347465;724;2804;2016;complete;2487;4;-1;24,30,68,84;16,43;4;2;6;3;5;8;2;3;2;3;0;0;5;9;3;4;8;13;19;16;50;50;2;3;0;0;0;0;0;0;0;0;0;0;0;0;0;0;0;0;0;0;0;0;0;0;0;0;0;0;0;0;0;0;0;0;0;0;0;0;0;0;0;0;0;0;0;0;0;0;0;0;0;0;0;0;0;0;0;0;0;0;0;0;0;0;0;0;0;0;0;0;6;2;2;2;0;2;4;2016-04-05 22:30:00;724;1;54;0;0;0;-1;1;-1;-1;-1;-1;-1;-1;1;1;1;2;2;3;-1;0;0;0;0;0;0;0;0;0;0;0;0;0;1;1;0;0;-1;-1;0;0;-1;-1;-1;-1;-1;-1;-1;-1;-1;27;27;54;80;100;44;90;90;37;8.53;7.8;4.4;2.87;Huracán;Sporting Cristal;1.2;0.67;1.2;1.33;1.2;1.33;74;74;47;20;0;54;54;44;0;0;0;1190;6;Y;Y;Y;Y;Y;Y;Y
347466;2847;4326;2016;complete;2487;5;-1;21;;1;0;1;3;3;6;1;0;3;4;0;0;2;4;4;6;6;10;17;17;50;50;3;4;0;0;0;0;0;0;0;0;0;0;0;0;0;0;0;0;0;0;0;0;0;0;0;0;0;0;0;0;0;0;0;0;0;0;0;0;0;0;0;0;0;0;0;0;0;0;0;0;0;0;0;0;0;0;0;0;0;0;0;0;0;0;0;0;0;0;0;0;1;1;0;0;0;0;1;2016-04-05 22:30:00;2847;1;63;50;75;0;-1;1;-1;-1;-1;-1;-1;-1;0;1;3;3;1;6;-1;0;0;0;0;0;0;0;0;0;0;0;0;0;1;1;0;0;-1;-1;0;0;-1;-1;-1;-1;-1;-1;-1;-1;-1;38;50;63;100;100;50;75;88;75;7.5;3.5;6;3.75;Deportivo Táchira;CS Emelec;1.5;0.67;1.5;1;1.5;1;63;50;38;0;0;50;38;13;0;0;0;1190;6;Y;N;N;N;N;N;N
347467;618;2841;2016;complete;2487;4;-1;13,18,25,50,80,87;;6;0;6;3;3;6;2;0;2;3;0;0;3;4;9;5;12;9;19;7;50;50;2;3;0;0;0;0;0;0;0;0;0;0;0;0;0;0;0;0;0;0;0;0;0;0;0;0;0;0;0;0;0;0;0;0;0;0;0;0;0;0;0;0;0;0;0;0;0;0;0;0;0;0;0;0;0;0;0;0;0;0;0;0;0;0;0;0;0;0;0;0;6;3;0;3;0;3;3;2016-04-06 00:45:00;618;1;64;50;0;0;-1;1;-1;-1;-1;-1;-1;-1;1;1;1;2;2;3;-1;0;0;0;0;0;0;0;2;0;1;0;1;0;1;1;0;0;-1;-1;0;0;-1;-1;-1;-1;-1;-1;-1;-1;-1;0;17;34;80;100;54;64;47;17;8.6;2.67;5.33;2.3;São Paulo;Trujillanos;1.36;0.67;1.2;0.33;1.2;0.33;100;84;67;20;0;47;30;30;0;0;0;1190;6;Y;Y;Y;Y;Y;Y;N
347468;1424;4319;2016;complete;2487;4;-1;19,63;18;2;1;3;4;3;7;1;0;2;2;0;0;4;4;5;9;9;13;16;15;50;50;2;2;0;0;0;0;0;0;0;0;0;0;0;0;0;0;0;0;0;0;0;0;0;0;0;0;0;0;0;0;0;0;0;0;0;0;0;0;0;0;0;0;0;0;0;0;0;0;0;0;0;0;0;0;0;0;0;0;0;0;0;0;0;0;0;0;0;0;0;0;3;1;1;1;0;1;2;2016-04-06 00:45:00;1424;1;50;0;0;0;-1;1;-1;-1;-1;-1;-1;-1;2;2;0;0;4;0;-1;0;0;0;0;0;0;0;0;0;0;0;0;0;1;1;0;0;-1;-1;0;0;-1;-1;-1;-1;-1;-1;-1;-1;-1;0;17;50;100;100;33;67;84;84;9.67;4.34;5.33;2.67;Toluca;LDU Quito;2;0.67;2.33;1;2.33;1;100;84;50;0;0;67;67;50;0;0;0;1190;6;Y;Y;Y;N;N;N;Y
347469;718;2257;2016;complete;2487;4;-1;14,25,30,42,45,83;;6;0;6;5;2;7;1;1;1;3;0;0;5;2;5;2;10;4;14;8;50;50;1;3;0;0;0;0;0;0;0;0;0;0;0;0;0;0;0;0;0;0;0;0;0;0;0;0;0;0;0;0;0;0;0;0;0;0;0;0;0;0;0;0;0;0;0;0;0;0;0;0;0;0;0;0;0;0;0;0;0;0;0;0;0;0;0;0;0;0;0;0;6;5;0;1;0;1;5;2016-04-06 22:30:00;718;1;67;50;0;0;-1;1;-1;-1;-1;-1;-1;-1;0;1;1;2;1;3;-1;0;0;0;0;0;0;0;0;0;0;0;0;0;1;1;0;0;-1;-1;0;0;-1;-1;-1;-1;-1;-1;-1;-1;-1;0;17;33;84;100;33;67;67;17;10;6.66;5;2.34;River Plate;The Strongest;1.75;1.33;1.67;2.33;1.67;2.33;100;84;67;17;0;84;33;33;0;0;0;1190;6;Y;Y;Y;Y;Y;Y;N
347470;710;619;2016;complete;2487;5;-1;33,51,66;5,45,77;3;3;6;7;1;8;2;2;4;3;0;1;5;4;9;2;14;6;16;16;50;50;4;5;0;0;0;0;0;0;0;0;0;0;0;0;0;0;0;0;0;0;0;0;0;0;0;0;0;0;0;0;0;0;0;0;0;0;0;0;0;0;0;0;0;0;0;0;0;0;0;0;0;0;0;0;0;0;0;0;0;0;0;0;0;0;0;0;0;0;0;0;6;1;2;2;1;3;3;2016-04-07 00:45:00;-1;1;63;0;75;0;-1;1;-1;-1;-1;-1;-1;-1;2;0;2;4;2;6;-1;0;0;0;0;0;0;0;1;0;1;0;0;0;1;1;0;1;-1;-1;0;0;-1;-1;-1;-1;-1;-1;-1;-1;-1;13;38;50;88;100;25;75;88;50;5.83;1;5.25;2.88;Rosario Central;Palmeiras;2;1.33;1.75;1;1.75;1;88;63;50;13;0;0;0;0;0;0;0;1190;6;Y;Y;Y;Y;Y;Y;Y
347471;4321;620;2016;complete;2487;5;-1;6,21,40;10,49;3;2;5;2;6;8;1;0;0;3;0;0;5;5;4;6;9;11;12;11;50;50;0;3;0;0;0;0;0;0;0;0;0;0;0;0;0;0;0;0;0;0;0;0;0;0;0;0;0;0;0;0;0;0;0;0;0;0;0;0;0;0;0;0;0;0;0;0;0;0;0;0;0;0;0;0;0;0;0;0;0;0;0;0;0;0;0;0;0;0;0;0;5;3;1;0;1;1;4;2016-04-07 00:45:00;4321;1;29;25;17;0;-1;1;-1;-1;-1;-1;-1;-1;0;2;0;1;2;1;-1;0;0;0;0;0;0;0;1;1;1;1;0;0;1;1;1;1;-1;-1;0;0;-1;-1;-1;-1;-1;-1;-1;-1;-1;0;0;34;50;88;25;71;38;17;8.17;2.17;4.92;1.71;CSD Independiente del Valle;Atlético Mineiro;1.69;2;1.67;2.5;1.67;2.5;100;100;67;50;13;75;17;9;0;0;0;1190;10;Y;Y;Y;Y;Y;N;Y
347472;2133;624;2016;complete;2487;5;-1;45;58;1;1;2;6;1;7;2;1;2;1;0;0;6;2;8;3;14;5;14;16;50;50;2;1;0;0;0;0;0;0;0;0;0;0;0;0;0;0;0;0;0;0;0;0;0;0;0;0;0;0;0;0;0;0;0;0;0;0;0;0;0;0;0;0;0;0;0;0;0;0;0;0;0;0;0;0;0;0;0;0;0;0;0;0;0;0;0;0;0;0;0;0;2;1;0;0;1;1;1;2016-04-07 00:45:00;-1;1;29;0;25;0;-1;1;-1;-1;-1;-1;-1;-1;1;0;1;1;1;2;-1;0;0;0;0;0;0;0;0;0;0;0;0;0;1;1;0;0;-1;-1;0;0;-1;-1;-1;-1;-1;-1;-1;-1;-1;13;21;46;59;92;34;59;92;21;12;2.42;4.75;2.29;Santa Fe;Corinthians;1.75;1.88;2.17;2.25;2.17;2.25;88;79;54;42;9;79;67;25;0;0;0;1190;8;Y;Y;N;N;N;N;Y
347473;1422;6681;2016;complete;2487;5;-1;47,50,55,69;21;4;1;5;3;1;4;4;1;2;1;0;1;7;2;8;6;15;8;11;11;50;50;2;3;0;0;0;0;0;0;0;0;0;0;0;0;0;0;0;0;0;0;0;0;0;0;0;0;0;0;0;0;0;0;0;0;0;0;0;0;0;0;0;0;0;0;0;0;0;0;0;0;0;0;0;0;0;0;0;0;0;0;0;0;0;0;0;0;0;0;0;0;5;0;1;4;0;4;1;2016-04-07 03:00:00;1422;1;63;50;75;0;-1;1;-1;-1;-1;-1;-1;-1;2;1;0;1;3;1;-1;0;0;0;0;0;0;0;0;0;0;0;0;0;1;1;0;0;-1;-1;0;0;-1;-1;-1;-1;-1;-1;-1;-1;-1;38;50;63;100;100;50;75;88;75;12;5.5;4;3.75;Pumas UNAM;Olimpia;2.1;1.17;2.25;1;2.25;1;63;50;38;0;0;75;63;38;0;0;0;1190;6;Y;Y;Y;Y;Y;N;Y
347474;705;2267;2016;complete;2487;4;-1;33,43,49;72;3;1;4;6;1;7;0;1;2;3;0;0;9;7;9;4;18;11;21;14;50;50;2;3;0;0;0;0;0;0;0;0;0;0;0;0;0;0;0;0;0;0;0;0;0;0;0;0;0;0;0;0;0;0;0;0;0;0;0;0;0;0;0;0;0;0;0;0;0;0;0;0;0;0;0;0;0;0;0;0;0;0;0;0;0;0;0;0;0;0;0;0;4;2;0;1;1;2;2;2016-04-07 22:30:00;705;1;50;0;50;0;-1;1;-1;-1;-1;-1;-1;-1;1;2;1;1;3;2;-1;0;0;0;0;0;0;0;0;1;0;1;0;0;1;1;0;0;-1;-1;0;1;-1;-1;-1;-1;-1;-1;-1;-1;-1;34;34;34;67;67;34;67;67;34;7;3;5.33;2.34;Boca Juniors;Bolívar;1.67;1;1;1.33;1;1.33;67;67;67;34;34;33;0;0;0;0;0;1190;6;Y;Y;Y;Y;N;N;Y
347475;4364;4359;2016;complete;2487;5;-1;5,81;8,72;2;2;4;5;5;10;3;1;3;4;0;0;3;5;5;3;8;8;16;19;50;50;3;4;0;0;0;0;0;0;0;0;0;0;0;0;0;0;0;0;0;0;0;0;0;0;0;0;0;0;0;0;0;0;0;0;0;0;0;0;0;0;0;0;0;0;0;0;0;0;0;0;0;0;0;0;0;0;0;0;0;0;0;0;0;0;0;0;0;0;0;0;4;1;1;1;1;2;2;2016-04-07 22:30:00;-1;1;50;42;42;0;-1;1;-1;-1;-1;-1;-1;-1;2;0;1;4;2;5;-1;0;0;0;0;0;0;0;0;0;0;0;0;0;1;1;1;1;-1;-1;1;0;-1;-1;-1;-1;-1;-1;-1;-1;-1;9;25;38;59;71;21;38;59;46;9;2.17;7.25;2;River Plate;Nacional;0.88;1.3;1;2;1;2;92;75;63;42;29;25;25;25;0;0;0;1190;8;Y;Y;Y;Y;N;N;Y
347476;717;2132;2016;complete;2487;4;-1;7,27,38,81;49,90;4;2;6;1;4;5;1;1;3;3;0;0;4;7;9;4;13;11;14;22;50;50;3;3;0;0;0;0;0;0;0;0;0;0;0;0;0;0;0;0;0;0;0;0;0;0;0;0;0;0;0;0;0;0;0;0;0;0;0;0;0;0;0;0;0;0;0;0;0;0;0;0;0;0;0;0;0;0;0;0;0;0;0;0;0;0;0;0;0;0;0;0;6;3;0;1;2;3;3;2016-04-08 00:45:00;717;1;47;0;25;0;-1;1;-1;-1;-1;-1;-1;-1;2;1;1;2;3;3;-1;0;0;0;0;0;0;0;0;0;0;0;0;0;1;1;1;0;-1;-1;0;1;-1;-1;-1;-1;-1;-1;-1;-1;-1;27;64;64;64;74;64;64;74;64;7.8;4.47;7;2.9;Racing Club;Deportivo Cali;1.4;0.5;1.8;0.67;1.8;0.67;74;37;37;37;27;37;27;27;0;0;0;1190;6;Y;Y;Y;Y;Y;Y;Y
347477;2808;2188;2016;complete;2487;5;-1;49;69,72;1;2;3;4;5;9;3;0;3;4;0;0;5;4;5;11;10;15;15;5;50;50;3;4;0;0;0;0;0;0;0;0;0;0;0;0;0;0;0;0;0;0;0;0;0;0;0;0;0;0;0;0;0;0;0;0;0;0;0;0;0;0;0;0;0;0;0;0;0;0;0;0;0;0;0;0;0;0;0;0;0;0;0;0;0;0;0;0;0;0;0;0;3;0;0;1;2;3;0;2016-04-08 00:45:00;2188;1;25;25;25;0;-1;1;-1;-1;-1;-1;-1;-1;2;2;1;2;4;3;-1;0;0;0;0;0;0;0;0;0;0;0;0;0;1;1;0;0;-1;-1;0;0;-1;-1;-1;-1;-1;-1;-1;-1;-1;0;0;25;50;88;25;50;63;13;8.75;4.5;3.75;1.63;Melgar;Colo-Colo;0;1.5;0;1.25;0;1.25;100;100;75;50;13;63;25;25;0;0;0;1190;6;Y;Y;Y;N;N;N;Y
347478;2841;2257;2016;complete;2487;5;-1;32,90;67;2;1;3;4;8;12;0;0;2;3;0;1;5;7;8;7;13;14;14;11;50;50;2;4;0;0;0;0;0;0;0;0;0;0;0;0;0;0;0;0;0;0;0;0;0;0;0;0;0;0;0;0;0;0;0;0;0;0;0;0;0;0;0;0;0;0;0;0;0;0;0;0;0;0;0;0;0;0;0;0;0;0;0;0;0;0;0;0;0;0;0;0;3;1;0;1;1;2;1;2016-04-12 22:30:00;2841;1;50;25;0;0;-1;1;-1;-1;-1;-1;-1;-1;1;0;1;4;1;5;-1;0;0;0;0;0;0;0;1;0;1;0;0;0;1;1;0;0;-1;-1;0;0;-1;-1;-1;-1;-1;-1;-1;-1;-1;25;38;63;88;100;63;75;63;25;7.5;4;5;3.38;Trujillanos;The Strongest;0.67;1.33;0.25;1.75;0.25;1.75;75;63;38;13;0;50;13;13;0;0;0;1190;6;Y;Y;Y;N;N;N;Y
347479;724;4358;2016;complete;2487;5;-1;;;0;0;0;10;4;14;2;1;1;1;0;1;12;8;19;5;31;13;18;13;50;50;1;3;0;0;0;0;0;0;0;0;0;0;0;0;0;0;0;0;0;0;0;0;0;0;0;0;0;0;0;0;0;0;0;0;0;0;0;0;0;0;0;0;0;0;0;0;0;0;0;0;0;0;0;0;0;0;0;0;0;0;0;0;0;0;0;0;0;0;0;0;0;0;0;0;0;0;0;2016-04-12 22:30:00;-1;1;38;17;0;0;-1;1;-1;-1;-1;-1;-1;-1;0;2;1;0;2;1;-1;0;0;0;0;0;0;0;0;0;0;0;0;0;1;1;0;0;-1;-1;0;0;-1;-1;-1;-1;-1;-1;-1;-1;-1;17;29;38;71;100;29;79;79;50;7.25;5.92;6.67;2.63;Huracán;Peñarol;1.2;0.83;1.5;0.25;1.5;0.25;84;71;63;29;0;42;42;34;0;0;0;1190;6;N;N;N;N;N;N;N
347480;2804;2142;2016;complete;2487;5;-1;;13;0;1;1;13;0;13;0;1;3;2;0;0;7;2;7;3;14;5;13;15;50;50;3;2;0;0;0;0;0;0;0;0;0;0;0;0;0;0;0;0;0;0;0;0;0;0;0;0;0;0;0;0;0;0;0;0;0;0;0;0;0;0;0;0;0;0;0;0;0;0;0;0;0;0;0;0;0;0;0;0;0;0;0;0;0;0;0;0;0;0;0;0;1;0;1;0;0;0;1;2016-04-13 00:45:00;2142;1;38;0;25;0;-1;1;-1;-1;-1;-1;-1;-1;1;1;2;1;2;3;-1;0;0;0;0;0;0;0;0;1;0;1;0;0;1;1;0;0;-1;-1;0;0;-1;-1;-1;-1;-1;-1;-1;-1;-1;25;38;63;100;100;63;88;100;50;10.5;7.25;3;3.38;Sporting Cristal;Atlético Nacional;0.67;2.36;1;3;1;3;75;63;38;0;0;63;63;50;0;0;0;1190;6;Y;N;N;N;N;N;N
347481;1424;711;2016;complete;2487;5;-1;82,88;44;2;1;3;4;3;7;2;0;3;6;0;0;9;5;11;6;20;11;12;13;50;50;3;6;0;0;0;0;0;0;0;0;0;0;0;0;0;0;0;0;0;0;0;0;0;0;0;0;0;0;0;0;0;0;0;0;0;0;0;0;0;0;0;0;0;0;0;0;0;0;0;0;0;0;0;0;0;0;0;0;0;0;0;0;0;0;0;0;0;0;0;0;3;0;1;2;0;2;1;2016-04-13 00:45:00;1424;1;75;50;0;0;-1;1;-1;-1;-1;-1;-1;-1;0;1;3;5;1;8;-1;0;0;0;0;0;0;0;0;0;0;0;0;0;1;1;0;0;-1;-1;0;0;-1;-1;-1;-1;-1;-1;-1;-1;-1;0;0;25;100;100;50;75;63;38;9.25;3.75;5.25;2.25;Toluca;San Lorenzo;2;0.67;2.5;0.75;2.5;0.75;100;100;75;0;0;50;50;38;0;0;0;1190;6;Y;Y;Y;N;N;N;Y
347482;2197;6675;2016;complete;2487;5;-1;86,90;;2;0;2;3;4;7;1;0;2;4;0;0;2;5;6;8;8;13;18;17;50;50;2;4;0;0;0;0;0;0;0;0;0;0;0;0;0;0;0;0;0;0;0;0;0;0;0;0;0;0;0;0;0;0;0;0;0;0;0;0;0;0;0;0;0;0;0;0;0;0;0;0;0;0;0;0;0;0;0;0;0;0;0;0;0;0;0;0;0;0;0;0;2;0;0;2;0;2;0;2016-04-13 20:15:00;2197;1;50;0;0;0;-1;1;-1;-1;-1;-1;-1;-1;1;2;1;2;3;3;-1;0;0;0;0;0;0;0;0;0;0;0;0;0;1;1;0;0;-1;-1;0;0;-1;-1;-1;-1;-1;-1;-1;-1;-1;13;13;63;75;88;25;50;88;38;8.75;5;4.25;2.5;Cobresal;Cerro Porteño;0.5;1.25;0;1.75;0;1.75;88;88;38;25;13;75;63;38;0;0;0;1190;6;Y;Y;N;N;N;N;N
347483;717;705;2016;complete;2487;5;-1;;84;0;1;1;2;6;8;4;3;1;5;0;0;0;3;6;5;6;8;15;21;50;50;1;5;0;0;0;0;0;0;0;0;0;0;0;0;0;0;0;0;0;0;0;0;0;0;0;0;0;0;0;0;0;0;0;0;0;0;0;0;0;0;0;0;0;0;0;0;0;0;0;0;0;0;0;0;0;0;0;0;0;0;0;0;0;0;0;0;0;0;0;0;1;0;0;0;1;1;0;2016-04-13 22:30:00;705;1;59;0;34;0;-1;1;-1;-1;-1;-1;-1;-1;1;1;0;4;2;4;-1;0;0;0;0;0;0;0;0;0;0;0;0;0;1;1;0;0;-1;-1;1;0;-1;-1;-1;-1;-1;-1;-1;-1;-1;17;46;46;59;67;46;59;67;46;7.33;2.17;4.92;2.42;Racing Club;Boca Juniors;1.4;1.67;2;1.5;2;1.5;84;54;54;42;34;29;9;9;0;0;0;1190;10;Y;N;N;N;N;N;N
347484;6681;2847;2016;complete;2487;6;-1;18,40,60,63;;4;0;4;6;3;9;3;2;3;3;0;0;3;4;5;0;8;4;18;18;50;50;3;3;0;0;0;0;0;0;0;0;0;0;0;0;0;0;0;0;0;0;0;0;0;0;0;0;0;0;0;0;0;0;0;0;0;0;0;0;0;0;0;0;0;0;0;0;0;0;0;0;0;0;0;0;0;0;0;0;0;0;0;0;0;0;0;0;0;0;0;0;4;2;0;2;0;2;2;2016-04-13 22:30:00;6681;1;60;25;50;0;-1;1;-1;-1;-1;-1;-1;-1;2;3;1;0;5;1;-1;0;0;0;0;0;0;0;0;0;0;0;0;0;1;1;0;0;-1;-1;0;0;-1;-1;-1;-1;-1;-1;-1;-1;-1;30;40;60;90;100;30;80;80;70;7;3.4;5;3.3;Olimpia;Deportivo Táchira;1.17;1.5;0.8;1.8;0.8;1.8;70;60;40;10;0;40;30;10;0;0;0;1190;6;Y;Y;Y;Y;N;N;N
347485;4326;1422;2016;complete;2487;6;-1;45,72;12,35,61;2;3;5;4;4;8;1;2;3;2;0;0;4;8;12;1;16;9;15;6;50;50;3;2;0;0;0;0;0;0;0;0;0;0;0;0;0;0;0;0;0;0;0;0;0;0;0;0;0;0;0;0;0;0;0;0;0;0;0;0;0;0;0;0;0;0;0;0;0;0;0;0;0;0;0;0;0;0;0;0;0;0;0;0;0;0;0;0;0;0;0;0;5;1;2;1;1;2;3;2016-04-13 22:30:00;1422;1;60;25;0;0;-1;1;-1;-1;-1;-1;-1;-1;0;1;3;1;1;4;-1;0;0;0;0;0;0;0;2;0;1;0;1;0;1;1;0;0;-1;-1;0;0;-1;-1;-1;-1;-1;-1;-1;-1;-1;50;60;60;90;100;50;80;80;70;10.6;5;5.4;3.9;CS Emelec;Pumas UNAM;0.67;2.1;0.8;2.4;0.8;2.4;50;40;40;10;0;60;50;30;0;0;0;1190;6;Y;Y;Y;Y;Y;N;Y
347486;618;718;2016;complete;2487;5;-1;28,60;83;2;1;3;3;3;6;1;0;2;2;1;1;5;5;4;3;9;8;22;17;50;50;3;4;0;0;0;0;0;0;0;0;0;0;0;0;0;0;0;0;0;0;0;0;0;0;0;0;0;0;0;0;0;0;0;0;0;0;0;0;0;0;0;0;0;0;0;0;0;0;0;0;0;0;0;0;0;0;0;0;0;0;0;0;0;0;0;0;0;0;0;0;3;1;0;1;1;2;1;2016-04-14 00:45:00;618;1;50;0;0;0;-1;1;-1;-1;-1;-1;-1;-1;0;1;3;2;1;5;-1;0;0;0;0;0;0;0;0;0;0;0;0;0;1;1;0;0;-1;-1;0;0;-1;-1;-1;-1;-1;-1;-1;-1;-1;21;34;34;84;100;50;71;71;21;9.92;3.92;5.08;2.92;São Paulo;River Plate;1.36;1.75;1.5;2;1.5;2;79;67;67;17;0;50;38;38;0;0;0;1190;8;Y;Y;Y;N;N;N;Y
347487;4319;616;2016;complete;2487;5;-1;46,77;13,26,52;2;3;5;15;2;17;2;1;2;3;0;0;8;3;18;3;26;6;11;12;50;50;2;3;0;0;0;0;0;0;0;0;0;0;0;0;0;0;0;0;0;0;0;0;0;0;0;0;0;0;0;0;0;0;0;0;0;0;0;0;0;0;0;0;0;0;0;0;0;0;0;0;0;0;0;0;0;0;0;0;0;0;0;0;0;0;0;0;0;0;0;0;5;0;2;2;1;3;2;2016-04-14 00:45:00;616;1;50;0;25;0;-1;1;-1;-1;-1;-1;-1;-1;2;1;0;2;3;2;-1;0;0;0;0;0;0;0;0;0;0;0;0;0;1;1;0;0;-1;-1;1;0;-1;-1;-1;-1;-1;-1;-1;-1;-1;0;25;50;100;100;50;75;88;63;7.75;2;4.5;2.75;LDU Quito;Grêmio;0.67;1.38;0.75;1.25;0.75;1.25;100;75;50;0;0;25;25;13;0;0;0;1190;6;Y;Y;Y;Y;Y;N;Y
347488;620;2808;2016;complete;2487;6;-1;1,8,17,69;;4;0;4;9;2;11;2;7;0;0;0;0;5;2;9;3;14;5;11;11;50;50;0;0;0;0;0;0;0;0;0;0;0;0;0;0;0;0;0;0;0;0;0;0;0;0;0;0;0;0;0;0;0;0;0;0;0;0;0;0;0;0;0;0;0;0;0;0;0;0;0;0;0;0;0;0;0;0;0;0;0;0;0;0;0;0;0;0;0;0;0;0;4;3;0;1;0;1;3;2016-04-14 22:30:00;620;1;40;0;0;0;-1;-1;-1;-1;-1;-1;-1;-1;0;0;0;0;0;0;-1;0;0;0;0;0;0;0;1;0;1;0;0;0;1;1;2;0;-1;-1;-1;-1;-1;-1;-1;-1;-1;-1;-1;-1;-1;10;10;50;60;90;40;70;50;10;7.6;3;4.4;2.2;Atlético Mineiro;Melgar;2;0;2;0;2;0;90;90;50;40;10;70;10;10;0;0;0;1190;6;Y;Y;Y;Y;N;N;N
347489;2188;4321;2016;complete;2487;6;-1;;;0;0;0;9;3;12;2;1;1;1;0;0;6;2;10;7;16;9;10;12;50;50;1;1;0;0;0;0;0;0;0;0;0;0;0;0;0;0;0;0;0;0;0;0;0;0;0;0;0;0;0;0;0;0;0;0;0;0;0;0;0;0;0;0;0;0;0;0;0;0;0;0;0;0;0;0;0;0;0;0;0;0;0;0;0;0;0;0;0;0;0;0;0;0;0;0;0;0;0;2016-04-14 22:30:00;-1;1;42;0;17;0;-1;1;-1;-1;-1;-1;-1;-1;1;1;0;0;2;0;-1;0;0;0;0;0;0;0;0;0;0;0;0;0;1;1;0;0;-1;-1;1;0;-1;-1;-1;-1;-1;-1;-1;-1;-1;7;7;35;59;90;17;46;69;35;9.43;3.14;4.66;1.97;Colo-Colo;CSD Independiente del Valle;1.5;1.69;1.6;1.86;1.6;1.86;93;93;66;42;10;62;25;17;0;0;0;1190;6;N;N;N;N;N;N;N
347490;2132;2267;2016;complete;2487;5;-1;4;67;1;1;2;6;5;11;3;2;3;3;0;0;7;6;9;4;16;10;19;18;50;50;3;3;0;0;0;0;0;0;0;0;0;0;0;0;0;0;0;0;0;0;0;0;0;0;0;0;0;0;0;0;0;0;0;0;0;0;0;0;0;0;0;0;0;0;0;0;0;0;0;0;0;0;0;0;0;0;0;0;0;0;0;0;0;0;0;0;0;0;0;0;2;1;0;0;1;1;1;2016-04-15 00:45:00;-1;1;63;0;50;0;-1;1;-1;-1;-1;-1;-1;-1;1;3;2;0;4;2;-1;0;0;0;0;0;0;0;0;0;0;0;0;0;1;1;1;0;-1;-1;0;0;-1;-1;-1;-1;-1;-1;-1;-1;-1;50;75;75;88;88;75;88;88;75;7;4.25;7;3.88;Deportivo Cali;Bolívar;0.5;1;0.5;1;0.5;1;50;25;25;13;13;25;13;13;0;0;0;1190;6;Y;Y;N;N;N;N;Y
347491;619;4364;2016;complete;2487;6;-1;19,45,73,81;;4;0;4;9;2;11;1;4;1;4;0;0;11;4;6;3;17;7;28;8;50;50;1;4;0;0;0;0;0;0;0;0;0;0;0;0;0;0;0;0;0;0;0;0;0;0;0;0;0;0;0;0;0;0;0;0;0;0;0;0;0;0;0;0;0;0;0;0;0;0;0;0;0;0;0;0;0;0;0;0;0;0;0;0;0;0;0;0;0;0;0;0;4;2;0;2;0;2;2;2016-04-15 00:45:00;619;1;59;25;17;0;-1;1;-1;-1;-1;-1;-1;-1;1;2;0;2;3;2;-1;0;0;0;0;0;0;0;1;0;1;0;0;0;1;1;0;0;-1;-1;0;0;-1;-1;-1;-1;-1;-1;-1;-1;-1;17;49;59;76;86;35;69;76;56;5.11;2.46;5.94;2.96;Palmeiras;River Plate;1.33;0.88;1;1;1;1;83;52;42;25;15;15;15;7;0;0;0;1190;6;Y;Y;Y;Y;N;N;N
347492;4359;710;2016;complete;2487;6;-1;;44,70;0;2;2;2;2;4;2;2;1;2;0;0;4;2;2;5;6;7;10;17;50;50;1;2;0;0;0;0;0;0;0;0;0;0;0;0;0;0;0;0;0;0;0;0;0;0;0;0;0;0;0;0;0;0;0;0;0;0;0;0;0;0;0;0;0;0;0;0;0;0;0;0;0;0;0;0;0;0;0;0;0;0;0;0;0;0;0;0;0;0;0;0;2;0;1;0;1;1;1;2016-04-15 00:45:00;710;1;70;25;0;0;-1;1;-1;-1;-1;-1;-1;-1;0;1;1;1;1;2;-1;0;0;0;0;0;0;0;0;0;0;0;0;0;1;1;0;0;-1;-1;0;0;-1;-1;-1;-1;-1;-1;-1;-1;-1;20;40;50;80;90;40;60;80;60;10.25;1.6;7.2;2.9;Nacional;Rosario Central;1.3;2;1.8;1.6;1.8;1.6;80;60;50;20;10;25;25;13;0;0;0;1190;10;Y;Y;N;N;N;N;N
347493;4358;2804;2016;complete;2487;6;-1;30,72,81,85;18,24,37;4;3;7;4;5;9;0;3;2;3;0;0;5;6;10;5;15;11;15;22;50;50;2;3;0;0;0;0;0;0;0;0;0;0;0;0;0;0;0;0;0;0;0;0;0;0;0;0;0;0;0;0;0;0;0;0;0;0;0;0;0;0;0;0;0;0;0;0;0;0;0;0;0;0;0;0;0;0;0;0;0;0;0;0;0;0;0;0;0;0;0;0;7;1;3;3;0;3;4;2016-04-19 22:30:00;4358;1;40;25;0;0;-1;1;-1;-1;-1;-1;-1;-1;0;1;2;2;1;4;-1;0;0;0;0;0;0;0;0;0;0;0;0;0;1;1;0;0;-1;-1;0;0;-1;-1;-1;-1;-1;-1;-1;-1;-1;20;30;40;70;90;40;80;70;40;9.6;6.4;5.2;2.6;Peñarol;Sporting Cristal;0.83;0.67;0.4;0.8;0.4;0.8;80;70;60;30;10;60;60;60;0;0;0;1190;6;Y;Y;Y;Y;Y;Y;Y
347494;2142;724;2016;complete;2487;6;-1;;;0;0;0;4;2;6;1;2;1;1;0;0;8;0;8;4;16;4;14;3;50;50;1;1;0;0;0;0;0;0;0;0;0;0;0;0;0;0;0;0;0;0;0;0;0;0;0;0;0;0;0;0;0;0;0;0;0;0;0;0;0;0;0;0;0;0;0;0;0;0;0;0;0;0;0;0;0;0;0;0;0;0;0;0;0;0;0;0;0;0;0;0;0;0;0;0;0;0;0;2016-04-19 22:30:00;-1;1;22;0;34;0;-1;1;-1;-1;-1;-1;-1;-1;0;1;1;0;1;1;-1;0;0;0;0;0;0;0;0;0;0;0;0;0;1;1;0;0;-1;-1;0;0;-1;-1;-1;-1;-1;-1;-1;-1;-1;15;25;42;69;93;35;76;76;42;9.66;4.97;4.46;2.49;Atlético Nacional;Huracán;2.36;1.2;3;1.43;3;1.43;86;76;59;32;7;62;62;45;0;0;0;1190;10;N;N;N;N;N;N;N
347495;711;4319;2016;complete;2487;6;-1;81;47;1;1;2;5;6;11;0;2;3;4;0;0;6;9;5;5;11;14;25;19;50;50;3;4;0;0;0;0;0;0;0;0;0;0;0;0;0;0;0;0;0;0;0;0;0;0;0;0;0;0;0;0;0;0;0;0;0;0;0;0;0;0;0;0;0;0;0;0;0;0;0;0;0;0;0;0;0;0;0;0;0;0;0;0;0;0;0;0;0;0;0;0;2;0;0;1;1;2;0;2016-04-20 00:45:00;-1;1;70;50;0;0;-1;1;-1;-1;-1;-1;-1;-1;1;2;2;2;3;4;-1;0;0;0;0;0;0;0;0;0;0;0;0;0;1;1;0;0;-1;-1;0;0;-1;-1;-1;-1;-1;-1;-1;-1;-1;10;20;50;100;100;50;80;80;60;12.2;2.6;5;2.8;San Lorenzo;LDU Quito;0.67;0.67;0.6;0.6;0.6;0.6;90;80;50;0;0;50;50;30;0;0;0;1190;6;Y;Y;N;N;N;N;Y
347496;616;1424;2016;complete;2487;6;-1;16;;1;0;1;4;6;10;3;2;1;2;0;0;3;2;6;4;9;6;20;15;50;50;1;2;0;0;0;0;0;0;0;0;0;0;0;0;0;0;0;0;0;0;0;0;0;0;0;0;0;0;0;0;0;0;0;0;0;0;0;0;0;0;0;0;0;0;0;0;0;0;0;0;0;0;0;0;0;0;0;0;0;0;0;0;0;0;0;0;0;0;0;0;1;1;0;0;0;0;1;2016-04-20 00:45:00;616;1;70;50;25;0;-1;1;-1;-1;-1;-1;-1;-1;0;0;1;2;0;3;-1;0;0;0;0;0;0;0;0;0;0;0;0;0;1;1;0;0;-1;-1;0;0;-1;-1;-1;-1;-1;-1;-1;-1;-1;10;20;50;100;100;50;80;80;60;6.2;3;5.6;2.8;Grêmio;Toluca;1.38;2;1.6;2.6;1.6;2.6;90;80;50;0;0;30;30;30;0;0;0;1190;8;Y;N;N;N;N;N;N
347497;2267;717;2016;complete;2487;6;-1;69;73;1;1;2;10;3;13;3;1;2;1;0;0;6;2;16;7;22;9;17;7;50;50;2;1;0;0;0;0;0;0;0;0;0;0;0;0;0;0;0;0;0;0;0;0;0;0;0;0;0;0;0;0;0;0;0;0;0;0;0;0;0;0;0;0;0;0;0;0;0;0;0;0;0;0;0;0;0;0;0;0;0;0;0;0;0;0;0;0;0;0;0;0;2;0;0;1;1;2;0;2016-04-20 22:30:00;-1;1;69;17;17;0;-1;1;-1;-1;-1;-1;-1;-1;1;0;1;1;1;2;-1;0;0;0;0;0;0;0;0;0;0;0;0;0;1;1;0;0;-1;-1;0;0;-1;-1;-1;-1;-1;-1;-1;-1;-1;35;59;59;79;93;59;79;93;59;6.54;4;4.6;3.3;Bolívar;Racing Club;1;1.4;1;1.71;1;1.71;66;42;42;22;7;35;17;17;0;0;0;1190;6;Y;Y;N;N;N;N;Y
347498;705;2132;2016;complete;2487;6;-1;17,38,48,72,79,87;36,37;6;2;8;7;7;14;1;0;1;1;0;1;9;4;5;7;14;11;8;23;50;50;1;2;0;0;0;0;0;0;0;0;0;0;0;0;0;0;0;0;0;0;0;0;0;0;0;0;0;0;0;0;0;0;0;0;0;0;0;0;0;0;0;0;0;0;0;0;0;0;0;0;0;0;0;0;0;0;0;0;0;0;0;0;0;0;0;0;0;0;0;0;8;2;2;4;0;4;4;2016-04-20 22:30:00;705;1;50;0;50;0;-1;1;-1;-1;-1;-1;-1;-1;1;1;0;1;2;1;-1;0;0;0;0;0;0;0;0;0;0;0;0;0;1;1;0;0;-1;-1;0;0;-1;-1;-1;-1;-1;-1;-1;-1;-1;20;40;40;60;70;40;60;70;40;8.8;3.4;7.4;2.4;Boca Juniors;Deportivo Cali;1.67;0.5;1.8;0.6;1.8;0.6;80;60;60;40;30;30;20;20;0;0;0;1190;6;Y;Y;Y;Y;Y;Y;Y
347499;6675;2133;2016;complete;2487;6;-1;34;;1;0;1;7;3;10;4;0;5;3;0;2;3;6;7;4;10;10;19;10;50;50;5;6;0;0;0;0;0;0;0;0;0;0;0;0;0;0;0;0;0;0;0;0;0;0;0;0;0;0;0;0;0;0;0;0;0;0;0;0;0;0;0;0;0;0;0;0;0;0;0;0;0;0;0;0;0;0;0;0;0;0;0;0;0;0;0;0;0;0;0;0;1;1;0;0;0;0;1;2016-04-21 00:45:00;6675;1;42;0;67;0;-1;1;-1;-1;-1;-1;-1;-1;1;2;4;3;3;7;-1;0;0;0;0;0;0;0;0;0;0;0;0;0;1;1;0;0;-1;-1;0;1;-1;-1;-1;-1;-1;-1;-1;-1;-1;10;17;49;76;83;29;56;83;37;12.91;5.94;4;2.35;Cerro Porteño;Santa Fe;1.25;1.75;1.4;2;1.4;2;90;83;52;25;17;66;66;32;0;0;0;1190;8;Y;N;N;N;N;N;N
347500;624;2197;2016;complete;2487;6;-1;9,13,39,45,75,77;;6;0;6;10;1;11;1;4;0;1;0;0;6;6;6;3;12;9;13;15;50;50;0;1;0;0;0;0;0;0;0;0;0;0;0;0;0;0;0;0;0;0;0;0;0;0;0;0;0;0;0;0;0;0;0;0;0;0;0;0;0;0;0;0;0;0;0;0;0;0;0;0;0;0;0;0;0;0;0;0;0;0;0;0;0;0;0;0;0;0;0;0;6;4;0;2;0;2;4;2016-04-21 00:45:00;624;1;40;0;25;0;-1;1;-1;-1;-1;-1;-1;-1;0;1;0;0;1;0;-1;0;0;0;0;0;0;0;0;0;0;0;0;0;1;1;1;0;-1;-1;0;0;-1;-1;-1;-1;-1;-1;-1;-1;-1;10;10;40;70;100;20;50;100;30;6.6;0.8;5;2.3;Corinthians;Cobresal;1.88;0.5;2;0.6;2;0.6;90;90;60;30;0;60;40;20;0;0;0;1190;6;Y;Y;Y;Y;Y;Y;N
347501;718;2841;2016;complete;2487;6;-1;9,19,49,71;30,74,78;4;3;7;5;1;6;2;0;2;5;0;1;7;4;4;0;11;4;18;19;50;50;2;6;0;0;0;0;0;0;0;0;0;0;0;0;0;0;0;0;0;0;0;0;0;0;0;0;0;0;0;0;0;0;0;0;0;0;0;0;0;0;0;0;0;0;0;0;0;0;0;0;0;0;0;0;0;0;0;0;0;0;0;0;0;0;0;0;0;0;0;0;7;2;1;2;2;4;3;2016-04-22 00:45:00;718;1;60;50;0;0;-1;1;-1;-1;-1;-1;-1;-1;0;2;2;4;2;6;-1;0;0;0;0;0;0;0;1;1;1;1;0;0;1;1;1;0;-1;-1;0;0;-1;-1;-1;-1;-1;-1;-1;-1;-1;20;40;70;100;100;50;80;70;50;7.6;3.2;5;3.5;River Plate;Trujillanos;1.75;0.67;1.6;0.8;1.6;0.8;80;60;30;0;0;40;20;20;0;0;0;1190;6;Y;Y;Y;Y;Y;Y;Y
347502;2257;618;2016;complete;2487;6;-1;29;44;1;1;2;11;2;13;0;2;1;3;0;2;3;2;11;6;14;8;9;10;50;50;1;6;0;0;0;0;0;0;0;0;0;0;0;0;0;0;0;0;0;0;0;0;0;0;0;0;0;0;0;0;0;0;0;0;0;0;0;0;0;0;0;0;0;0;0;0;0;0;0;0;0;0;0;0;0;0;0;0;0;0;0;0;0;0;0;0;0;0;0;0;2;1;1;0;0;0;2;2016-04-22 00:45:00;-1;1;59;59;0;0;-1;1;-1;-1;-1;-1;-1;-1;1;1;0;4;2;4;-1;0;0;0;0;0;0;0;0;0;0;0;0;0;1;1;0;0;-1;-1;0;0;-1;-1;-1;-1;-1;-1;-1;-1;-1;17;17;45;76;100;42;76;76;25;10.06;3.34;5.66;2.72;The Strongest;São Paulo;1.33;1.36;1.4;1.71;1.4;1.71;83;83;56;25;0;62;42;42;0;0;0;1190;6;Y;Y;N;N;N;N;Y
347503;724;2142;2016;complete;2488;0;-1;;;0;0;0;7;3;10;7;3;1;2;0;0;4;4;2;4;6;8;15;17;50;50;1;2;0;0;0;0;0;0;0;0;0;0;0;0;0;0;0;0;0;0;0;0;0;0;0;0;0;0;0;0;0;0;0;0;0;0;0;0;0;0;0;0;0;0;0;0;0;0;0;0;0;0;0;0;0;0;0;0;0;0;0;0;0;0;0;0;0;0;0;0;0;0;0;0;0;0;0;2016-04-26 22:30:00;-1;1;19;13;0;0;-1;1;-1;-1;-1;-1;-1;-1;1;2;0;0;3;0;-1;0;0;0;0;0;0;0;0;0;0;0;0;0;1;1;0;0;-1;-1;1;1;-1;-1;-1;-1;-1;-1;-1;-1;-1;13;21;36;59;79;29;65;65;36;9.17;4.67;4.13;2.13;Huracán;Atlético Nacional;1.2;2.36;1.38;2.67;1.38;2.67;88;79;65;42;21;53;53;38;0;0;0;1190;10;N;N;N;N;N;N;N
347504;2847;1422;2016;complete;2488;0;-1;50;;1;0;1;9;4;13;0;5;2;2;0;1;3;4;6;5;9;9;13;15;50;50;2;3;0;0;0;0;0;0;0;0;0;0;0;0;0;0;0;0;0;0;0;0;0;0;0;0;0;0;0;0;0;0;0;0;0;0;0;0;0;0;0;0;0;0;0;0;0;0;0;0;0;0;0;0;0;0;0;0;0;0;0;0;0;0;0;0;0;0;0;0;1;0;0;1;0;1;0;2016-04-27 00:45:00;2847;1;50;17;33;0;-1;1;-1;-1;-1;-1;-1;-1;2;1;0;2;3;2;-1;0;0;0;0;0;0;0;0;0;0;0;0;0;1;1;0;0;-1;-1;0;0;-1;-1;-1;-1;-1;-1;-1;-1;-1;42;50;59;92;100;42;83;75;75;8.34;4;4.5;3.5;Deportivo Táchira;Pumas UNAM;1.5;2.1;1.5;2.5;1.5;2.5;58;50;42;9;0;59;34;17;0;0;0;1190;8;Y;N;N;N;N;N;N
347505;717;620;2016;complete;2488;0;-1;;;0;0;0;5;3;8;1;0;1;3;0;0;5;4;3;6;8;10;26;25;50;50;1;3;0;0;0;0;0;0;0;0;0;0;0;0;0;0;0;0;0;0;0;0;0;0;0;0;0;0;0;0;0;0;0;0;0;0;0;0;0;0;0;0;0;0;0;0;0;0;0;0;0;0;0;0;0;0;0;0;0;0;0;0;0;0;0;0;0;0;0;0;0;0;0;0;0;0;0;2016-04-27 22:30:00;-1;1;48;34;25;0;-1;1;-1;-1;-1;-1;-1;-1;1;2;0;1;3;1;-1;0;0;0;0;0;0;0;0;0;0;0;0;0;1;1;0;0;-1;-1;0;1;-1;-1;-1;-1;-1;-1;-1;-1;-1;21;42;59;65;86;59;67;69;32;8.63;2.88;4.21;2.78;Racing Club;Atlético Mineiro;1.4;2;1.63;2.17;1.63;2.17;79;59;42;36;15;61;21;21;0;0;0;1190;10;N;N;N;N;N;N;N
347506;4359;624;2016;complete;2488;0;-1;;;0;0;0;6;2;8;4;0;3;2;0;0;4;0;6;5;10;5;13;11;50;50;3;2;0;0;0;0;0;0;0;0;0;0;0;0;0;0;0;0;0;0;0;0;0;0;0;0;0;0;0;0;0;0;0;0;0;0;0;0;0;0;0;0;0;0;0;0;0;0;0;0;0;0;0;0;0;0;0;0;0;0;0;0;0;0;0;0;0;0;0;0;0;0;0;0;0;0;0;2016-04-28 00:45:00;-1;1;42;0;17;0;-1;1;-1;-1;-1;-1;-1;-1;1;1;2;1;2;3;-1;0;0;0;0;0;0;0;0;0;0;0;0;0;1;1;0;0;-1;-1;0;0;-1;-1;-1;-1;-1;-1;-1;-1;-1;17;25;33;67;92;25;59;84;33;9.1;1.33;6.33;2.42;Nacional;Corinthians;1.3;1.88;1.5;2.17;1.5;2.17;84;75;67;33;9;54;45;19;0;0;0;1190;8;N;N;N;N;N;N;N
347507;616;710;2016;complete;2488;0;-1;;14;0;1;1;4;3;7;1;2;5;5;0;0;2;0;2;7;4;7;20;27;50;50;5;5;0;0;0;0;0;0;0;0;0;0;0;0;0;0;0;0;0;0;0;0;0;0;0;0;0;0;0;0;0;0;0;0;0;0;0;0;0;0;0;0;0;0;0;0;0;0;0;0;0;0;0;0;0;0;0;0;0;0;0;0;0;0;0;0;0;0;0;0;1;0;1;0;0;0;1;2016-04-28 00:45:00;710;1;59;33;0;0;-1;1;-1;-1;-1;-1;-1;-1;3;2;2;3;5;5;-1;0;0;0;0;0;0;0;0;0;0;0;0;0;1;1;0;0;-1;-1;0;0;-1;-1;-1;-1;-1;-1;-1;-1;-1;25;42;42;92;100;42;83;84;59;7.17;2.34;4.5;3.09;Grêmio;Rosario Central;1.38;2;1.83;1.83;1.83;1.83;75;59;59;9;0;17;17;9;0;0;0;1190;8;Y;N;N;N;N;N;N
347508;4321;718;2016;complete;2488;0;-1;64,90;;2;0;2;5;4;9;3;1;3;5;0;0;5;5;10;7;15;12;11;13;50;50;3;5;0;0;0;0;0;0;0;0;0;0;0;0;0;0;0;0;0;0;0;0;0;0;0;0;0;0;0;0;0;0;0;0;0;0;0;0;0;0;0;0;0;0;0;0;0;0;0;0;0;0;0;0;0;0;0;0;0;0;0;0;0;0;0;0;0;0;0;0;2;0;0;2;0;2;0;2016-04-28 22:30:00;4321;1;53;13;29;0;-1;1;-1;-1;-1;-1;-1;-1;2;2;1;3;4;4;-1;0;0;0;0;0;0;0;1;0;1;0;0;0;1;1;0;0;-1;-1;0;0;-1;-1;-1;-1;-1;-1;-1;-1;-1;23;32;46;75;94;32;73;67;38;7.88;3.3;4.25;2.94;CSD Independiente del Valle;River Plate;1.69;1.75;1.75;1.83;1.75;1.83;78;69;54;25;7;42;28;21;0;0;0;1190;8;Y;Y;N;N;N;N;N
347509;618;1424;2016;complete;2488;0;-1;27,45,53,61;;4;0;4;8;2;10;0;0;1;2;0;1;6;2;8;1;14;3;22;17;50;50;1;4;0;0;0;0;0;0;0;0;0;0;0;0;0;0;0;0;0;0;0;0;0;0;0;0;0;0;0;0;0;0;0;0;0;0;0;0;0;0;0;0;0;0;0;0;0;0;0;0;0;0;0;0;0;0;0;0;0;0;0;0;0;0;0;0;0;0;0;0;4;2;0;2;0;2;2;2016-04-29 00:45:00;618;1;65;17;29;0;-1;1;-1;-1;-1;-1;-1;-1;0;1;1;2;1;3;-1;0;0;0;0;0;0;0;0;0;0;0;0;0;1;1;0;0;-1;-1;0;0;-1;-1;-1;-1;-1;-1;-1;-1;-1;7;7;38;79;100;42;79;65;38;8.67;3.42;6.08;2.36;São Paulo;Toluca;1.36;2;1.63;2.17;1.63;2.17;94;94;63;21;0;50;50;42;0;0;0;1190;8;Y;Y;Y;Y;N;N;N
347510;6675;705;2016;complete;2488;0;-1;84;29,60;1;2;3;12;4;16;3;2;3;1;0;0;10;5;13;3;23;8;16;15;50;50;3;1;0;0;0;0;0;0;0;0;0;0;0;0;0;0;0;0;0;0;0;0;0;0;0;0;0;0;0;0;0;0;0;0;0;0;0;0;0;0;0;0;0;0;0;0;0;0;0;0;0;0;0;0;0;0;0;0;0;0;0;0;0;0;0;0;0;0;0;0;3;0;1;1;1;2;1;2016-04-29 00:45:00;705;1;42;0;34;0;-1;1;-1;-1;-1;-1;-1;-1;0;0;3;1;0;4;-1;0;0;0;0;0;0;0;2;0;1;0;1;0;1;1;0;0;-1;-1;0;0;-1;-1;-1;-1;-1;-1;-1;-1;-1;17;25;33;59;75;17;50;67;42;10.33;4.83;5.33;2.34;Cerro Porteño;Boca Juniors;1.25;1.67;1.67;2;1.67;2;83;75;67;42;25;50;42;17;0;0;0;1190;8;Y;Y;Y;N;N;N;Y
347511;2142;724;2016;complete;2488;0;-1;24,58,68,90;26,77;4;2;6;6;2;8;1;1;0;3;0;1;6;3;8;3;14;6;13;15;50;50;0;5;0;0;0;0;0;0;0;0;0;0;0;0;0;0;0;0;0;0;0;0;0;0;0;0;0;0;0;0;0;0;0;0;0;0;0;0;0;0;0;0;0;0;0;0;0;0;0;0;0;0;0;0;0;0;0;0;0;0;0;0;0;0;0;0;0;0;0;0;6;1;1;3;1;4;2;2016-05-04 00:45:00;2142;1;17;0;25;0;-1;1;-1;-1;-1;-1;-1;-1;0;2;0;2;2;2;-1;0;0;0;0;0;0;0;1;0;1;0;0;0;1;1;0;0;-1;-1;0;0;-1;-1;-1;-1;-1;-1;-1;-1;-1;11;18;31;51;69;26;57;57;31;9.21;5.29;4.01;1.86;Atlético Nacional;Huracán;2.36;1.2;2.43;1.33;2.43;1.33;89;82;69;50;31;58;58;33;0;0;0;1190;10;Y;Y;Y;Y;Y;Y;Y
347512;1422;2847;2016;complete;2488;0;-1;13,81;;2;0;2;10;1;11;2;1;1;4;0;1;8;5;8;3;16;8;7;17;50;50;1;6;0;0;0;0;0;0;0;0;0;0;0;0;0;0;0;0;0;0;0;0;0;0;0;0;0;0;0;0;0;0;0;0;0;0;0;0;0;0;0;0;0;0;0;0;0;0;0;0;0;0;0;0;0;0;0;0;0;0;0;0;0;0;0;0;0;0;0;0;2;1;0;1;0;1;1;2016-05-04 02:45:00;1422;1;43;17;50;0;-1;1;-1;-1;-1;-1;-1;-1;1;3;0;2;4;2;-1;0;0;0;0;0;0;0;0;0;0;0;0;0;1;1;0;0;-1;-1;0;0;-1;-1;-1;-1;-1;-1;-1;-1;-1;36;43;50;79;100;36;71;79;64;9;4.14;4.57;3.14;Pumas UNAM;Deportivo Táchira;2.1;1.5;2.14;1.71;2.14;1.71;65;57;50;22;0;64;43;29;0;0;0;1190;8;Y;Y;N;N;N;N;N
347513;718;4321;2016;complete;2488;0;-1;79;;1;0;1;10;3;13;1;1;4;3;0;0;10;2;10;1;20;3;15;18;50;50;4;3;0;0;0;0;0;0;0;0;0;0;0;0;0;0;0;0;0;0;0;0;0;0;0;0;0;0;0;0;0;0;0;0;0;0;0;0;0;0;0;0;0;0;0;0;0;0;0;0;0;0;0;0;0;0;0;0;0;0;0;0;0;0;0;0;0;0;0;0;1;0;0;1;0;1;0;2016-05-04 22:15:00;718;1;45;34;29;0;-1;1;-1;-1;-1;-1;-1;-1;1;1;3;2;2;5;-1;0;0;0;0;0;0;0;0;0;0;0;0;0;1;1;0;0;-1;-1;0;0;-1;-1;-1;-1;-1;-1;-1;-1;-1;20;27;40;78;95;27;64;71;45;7.99;3.33;4.75;2.8;River Plate;CSD Independiente del Valle;1.75;1.69;1.57;1.89;1.57;1.89;80;73;61;22;6;50;24;18;0;0;0;1190;8;Y;N;N;N;N;N;N
347514;1424;618;2016;complete;2488;0;-1;18,61,87;51;3;1;4;8;2;10;3;1;2;4;0;1;3;4;9;3;12;7;12;17;50;50;2;6;0;0;0;0;0;0;0;0;0;0;0;0;0;0;0;0;0;0;0;0;0;0;0;0;0;0;0;0;0;0;0;0;0;0;0;0;0;0;0;0;0;0;0;0;0;0;0;0;0;0;0;0;0;0;0;0;0;0;0;0;0;0;0;0;0;0;0;0;4;1;0;2;1;3;1;2016-05-04 22:15:00;1424;1;57;54;0;0;-1;1;-1;-1;-1;-1;-1;-1;1;1;1;4;2;5;-1;0;0;0;0;0;0;0;0;0;0;0;0;0;1;1;0;0;-1;-1;1;0;-1;-1;-1;-1;-1;-1;-1;-1;-1;6;18;45;82;100;50;82;69;45;8.75;2.97;6;2.57;Toluca;São Paulo;2;1.36;1.86;1.78;1.86;1.78;95;82;55;18;0;57;57;37;0;0;0;1190;8;Y;Y;Y;Y;N;N;Y
347515;620;717;2016;complete;2488;0;-1;16,72;22;2;1;3;3;3;6;0;1;3;3;0;0;6;4;7;6;13;10;14;15;50;50;3;3;0;0;0;0;0;0;0;0;0;0;0;0;0;0;0;0;0;0;0;0;0;0;0;0;0;0;0;0;0;0;0;0;0;0;0;0;0;0;0;0;0;0;0;0;0;0;0;0;0;0;0;0;0;0;0;0;0;0;0;0;0;0;0;0;0;0;0;0;3;1;1;1;0;1;2;2016-05-05 00:45:00;620;1;43;13;25;0;-1;1;-1;-1;-1;-1;-1;-1;2;1;1;2;3;3;-1;0;0;0;0;0;0;0;1;1;0;1;1;0;1;1;0;0;-1;-1;0;0;-1;-1;-1;-1;-1;-1;-1;-1;-1;18;37;51;57;75;51;58;61;28;8.47;2.64;4.21;2.43;Atlético Mineiro;Racing Club;2;1.4;2;1.56;2;1.56;82;64;50;44;26;52;18;18;0;0;0;1190;10;Y;Y;Y;N;N;N;Y
347516;624;4359;2016;complete;2488;0;-1;15,90;5,57;2;2;4;7;4;11;2;3;2;6;1;0;7;5;11;2;18;7;12;20;50;50;4;6;0;0;0;0;0;0;0;0;0;0;0;0;0;0;0;0;0;0;0;0;0;0;0;0;0;0;0;0;0;0;0;0;0;0;0;0;0;0;0;0;0;0;0;0;0;0;0;0;0;0;0;0;0;0;0;0;0;0;0;0;0;0;0;0;0;0;0;0;4;1;1;1;1;2;2;2016-05-05 00:45:00;-1;1;36;34;34;0;-1;1;-1;-1;-1;-1;-1;-1;2;1;1;5;3;6;-1;0;0;0;0;0;0;0;2;0;1;0;1;0;1;1;0;1;-1;-1;0;0;-1;-1;-1;-1;-1;-1;-1;-1;-1;15;22;29;57;79;22;50;72;29;8.97;1.72;6.14;2.07;Corinthians;Nacional;1.88;1.3;2;1.43;2;1.43;86;79;71;43;22;45;38;16;0;0;0;1190;8;Y;Y;Y;Y;N;N;Y
347517;710;616;2016;complete;2488;0;-1;5,24,57;;3;0;3;5;4;9;1;2;1;3;0;0;0;5;6;5;6;10;21;20;50;50;1;3;0;0;0;0;0;0;0;0;0;0;0;0;0;0;0;0;0;0;0;0;0;0;0;0;0;0;0;0;0;0;0;0;0;0;0;0;0;0;0;0;0;0;0;0;0;0;0;0;0;0;0;0;0;0;0;0;0;0;0;0;0;0;0;0;0;0;0;0;3;2;0;1;0;1;2;2016-05-05 22:15:00;710;1;50;17;67;0;-1;1;-1;-1;-1;-1;-1;-1;1;1;0;2;2;2;-1;0;0;0;0;0;0;0;1;0;1;0;0;0;1;1;1;0;-1;-1;0;0;-1;-1;-1;-1;-1;-1;-1;-1;-1;22;36;36;79;100;36;86;72;50;7.15;2.43;5.28;2.79;Rosario Central;Grêmio;2;1.38;2;1.57;2;1.57;79;64;64;22;0;15;15;7;0;0;0;1190;8;Y;Y;Y;N;N;N;N
347518;705;6675;2016;complete;2488;0;-1;4,73,89;12;3;1;4;3;5;8;1;2;2;2;0;1;2;3;5;1;7;4;20;21;50;50;2;3;0;0;0;0;0;0;0;0;0;0;0;0;0;0;0;0;0;0;0;0;0;0;0;0;0;0;0;0;0;0;0;0;0;0;0;0;0;0;0;0;0;0;0;0;0;0;0;0;0;0;0;0;0;0;0;0;0;0;0;0;0;0;0;0;0;0;0;0;4;1;1;2;0;2;2;2016-05-06 00:45:00;705;1;50;17;17;0;-1;1;-1;-1;-1;-1;-1;-1;1;1;1;2;2;3;-1;0;0;0;0;0;0;0;1;0;1;0;0;0;1;1;1;0;-1;-1;0;0;-1;-1;-1;-1;-1;-1;-1;-1;-1;14;22;43;64;79;15;57;71;50;11.14;4.85;5.14;2.43;Boca Juniors;Cerro Porteño;1.67;1.25;2.14;1.43;2.14;1.43;86;79;57;36;22;57;50;29;0;0;0;1190;8;Y;Y;Y;Y;N;N;Y
347519;618;620;2016;complete;2488;0;-1;79;;1;0;1;3;5;8;1;2;3;7;0;0;3;3;4;5;7;8;18;23;50;50;3;7;0;0;0;0;0;0;0;0;0;0;0;0;0;0;0;0;0;0;0;0;0;0;0;0;0;0;0;0;0;0;0;0;0;0;0;0;0;0;0;0;0;0;0;0;0;0;0;0;0;0;0;0;0;0;0;0;0;0;0;0;0;0;0;0;0;0;0;0;1;0;0;1;0;1;0;2016-05-12 00:45:00;618;1;49;25;10;0;-1;1;-1;-1;-1;-1;-1;-1;2;5;1;2;7;3;-1;0;0;0;0;0;0;0;0;0;0;0;0;0;1;1;0;0;-1;-1;2;1;-1;-1;-1;-1;-1;-1;-1;-1;-1;12;28;52;72;88;57;78;60;20;9.48;1.85;5.8;2.54;São Paulo;Atlético Mineiro;1.36;2;1.6;2.13;1.6;2.13;89;73;49;29;13;62;37;27;0;0;0;1190;10;Y;N;N;N;N;N;N
347520;4359;705;2016;complete;2488;0;-1;76;70;1;1;2;6;1;7;0;0;1;2;0;0;3;0;4;6;7;6;15;28;50;50;1;2;0;0;0;0;0;0;0;0;0;0;0;0;0;0;0;0;0;0;0;0;0;0;0;0;0;0;0;0;0;0;0;0;0;0;0;0;0;0;0;0;0;0;0;0;0;0;0;0;0;0;0;0;0;0;0;0;0;0;0;0;0;0;0;0;0;0;0;0;2;0;0;1;1;2;0;2016-05-12 22:30:00;-1;1;57;0;13;0;-1;1;-1;-1;-1;-1;-1;-1;0;1;1;1;1;2;-1;0;0;0;0;0;0;0;0;0;0;0;0;0;1;1;0;0;-1;-1;0;0;-1;-1;-1;-1;-1;-1;-1;-1;-1;7;32;44;63;75;38;57;69;44;9.21;2.63;6.88;2.38;Nacional;Boca Juniors;1.3;1.67;1.38;2.25;1.38;2.25;94;69;57;38;25;41;34;27;0;0;0;1190;10;Y;Y;N;N;N;N;Y
347521;710;2142;2016;complete;2488;0;-1;6;;1;0;1;0;5;5;4;1;2;4;0;0;5;4;5;5;10;9;20;17;50;50;2;4;0;0;0;0;0;0;0;0;0;0;0;0;0;0;0;0;0;0;0;0;0;0;0;0;0;0;0;0;0;0;0;0;0;0;0;0;0;0;0;0;0;0;0;0;0;0;0;0;0;0;0;0;0;0;0;0;0;0;0;0;0;0;0;0;0;0;0;0;1;1;0;0;0;0;1;2016-05-13 00:45:00;710;1;32;13;38;0;-1;1;-1;-1;-1;-1;-1;-1;2;0;0;4;2;4;-1;0;0;0;0;0;0;0;0;0;0;0;0;0;1;1;1;0;-1;-1;0;0;-1;-1;-1;-1;-1;-1;-1;-1;-1;19;32;44;76;88;38;76;76;44;9.01;3.38;3.76;2.69;Rosario Central;Atlético Nacional;2;2.36;2.13;2.5;2.13;2.5;82;69;57;26;13;38;32;19;0;0;0;1190;10;Y;N;N;N;N;N;N
347522;4321;1422;2016;complete;2488;0;-1;42,55;73;2;1;3;6;3;9;3;2;2;3;0;0;6;5;9;5;15;10;15;12;50;50;2;3;0;0;0;0;0;0;0;0;0;0;0;0;0;0;0;0;0;0;0;0;0;0;0;0;0;0;0;0;0;0;0;0;0;0;0;0;0;0;0;0;0;0;0;0;0;0;0;0;0;0;0;0;0;0;0;0;0;0;0;0;0;0;0;0;0;0;0;0;3;1;0;1;1;2;1;2016-05-18 00:45:00;4321;1;40;23;23;0;-1;1;-1;-1;-1;-1;-1;-1;0;0;2;3;0;5;-1;0;0;0;0;0;0;0;0;0;0;0;0;0;1;1;0;0;-1;-1;0;0;-1;-1;-1;-1;-1;-1;-1;-1;-1;30;30;35;69;95;24;63;74;47;9.5;4.3;3.88;2.65;CSD Independiente del Valle;Pumas UNAM;1.69;2.1;1.7;2.25;1.7;2.25;70;70;65;32;5;68;52;40;0;0;0;1190;10;Y;Y;Y;N;N;N;Y
347523;620;618;2016;complete;2488;0;-1;7,12;15;2;1;3;6;8;14;3;2;3;3;1;0;5;3;6;3;11;6;16;27;50;50;4;3;0;0;0;0;0;0;0;0;0;0;0;0;0;0;0;0;0;0;0;0;0;0;0;0;0;0;0;0;0;0;0;0;0;0;0;0;0;0;0;0;0;0;0;0;0;0;0;0;0;0;0;0;0;0;0;0;0;0;0;0;0;0;0;0;0;0;0;0;3;2;1;0;0;0;3;2016-05-19 00:45:00;620;1;44;43;10;0;-1;1;-1;-1;-1;-1;-1;-1;1;2;3;1;3;4;-1;0;0;0;0;0;0;0;0;0;0;0;0;0;1;1;1;0;-1;-1;0;0;-1;-1;-1;-1;-1;-1;-1;-1;-1;10;25;46;65;89;51;70;65;18;9.34;1.98;6.27;2.39;Atlético Mineiro;São Paulo;2;1.36;1.89;1.73;1.89;1.73;90;76;54;36;11;56;33;24;0;0;0;1190;10;Y;Y;Y;N;N;N;Y
347524;705;4359;2016;complete;2488;0;-1;73;21;1;1;2;5;1;6;1;1;4;2;1;0;8;3;6;2;14;5;13;15;50;50;5;2;0;0;0;0;0;0;0;0;0;0;0;0;0;0;0;0;0;0;0;0;0;0;0;0;0;0;0;0;0;0;0;0;0;0;0;0;0;0;0;0;0;0;0;0;0;0;0;0;0;0;0;0;0;0;0;0;0;0;0;0;0;0;0;0;0;0;0;0;2;0;1;1;0;1;1;2016-05-19 23:15:00;-1;1;62;63;50;0;-1;1;-1;-1;-1;-1;-1;-1;3;2;2;0;5;2;-1;0;0;0;0;0;0;0;0;0;0;0;0;0;1;1;0;0;-1;-1;0;1;-1;-1;-1;-1;-1;-1;-1;-1;-1;6;28;39;67;78;33;50;73;50;8.99;2.33;6.44;2.34;Boca Juniors;Nacional;1.67;1.3;2.11;1.33;2.11;1.33;95;73;62;33;22;36;30;24;0;0;0;1190;10;Y;Y;N;N;N;N;Y
347525;2142;710;2016;complete;2488;0;-1;45,50,90;9;3;1;4;4;2;6;0;3;3;3;1;3;6;2;11;1;17;3;16;18;50;50;5;8;0;0;0;0;0;0;0;0;0;0;0;0;0;0;0;0;0;0;0;0;0;0;0;0;0;0;0;0;0;0;0;0;0;0;0;0;0;0;0;0;0;0;0;0;0;0;0;0;0;0;0;0;0;0;0;0;0;0;0;0;0;0;0;0;0;0;0;0;4;1;1;2;0;2;2;2016-05-20 01:45:00;2142;1;28;25;13;0;-1;1;-1;-1;-1;-1;-1;-1;0;1;4;5;1;9;-1;0;0;0;0;0;0;0;0;1;0;1;0;0;1;1;0;1;-1;-1;0;0;-1;-1;-1;-1;-1;-1;-1;-1;-1;17;28;39;67;89;33;78;67;39;8.56;3.56;4;2.5;Atlético Nacional;Rosario Central;2.36;2;2.22;2.22;2.22;2.22;84;73;62;33;11;34;28;17;0;0;0;1190;10;Y;Y;Y;Y;N;N;Y
347526;1422;4321;2016;complete;2488;0;-1;16,18;66;2;1;3;7;2;9;1;1;3;4;0;1;3;4;7;2;10;6;7;12;50;50;3;6;0;0;0;0;0;0;0;0;0;0;0;0;0;0;0;0;0;0;0;0;0;0;0;0;0;0;0;0;0;0;0;0;0;0;0;0;0;0;0;0;0;0;0;0;0;0;0;0;0;0;0;0;0;0;0;0;0;0;0;0;0;0;0;0;0;0;0;0;3;2;0;0;1;1;2;2016-05-25 00:45:00;1422;1;46;13;35;0;-1;1;-1;-1;-1;-1;-1;-1;1;2;2;3;3;5;-1;0;0;0;0;0;0;0;0;0;0;0;0;0;1;1;0;0;-1;-1;0;0;-1;-1;-1;-1;-1;-1;-1;-1;-1;27;27;42;72;96;21;67;77;52;9.4;4.34;4;2.68;Pumas UNAM;CSD Independiente del Valle;2.1;1.69;2;1.82;2;1.82;74;74;59;28;5;71;46;36;0;0;0;1190;10;Y;Y;Y;N;N;N;Y
347527;618;2142;2016;complete;2488;0;-1;;82,88;0;2;2;6;4;10;2;0;1;2;1;0;6;2;3;8;9;10;10;15;50;50;3;2;0;0;0;0;0;0;0;0;0;0;0;0;0;0;0;0;0;0;0;0;0;0;0;0;0;0;0;0;0;0;0;0;0;0;0;0;0;0;0;0;0;0;0;0;0;0;0;0;0;0;0;0;0;0;0;0;0;0;0;0;0;0;0;0;0;0;0;0;2;0;0;0;2;2;0;2016-07-07 00:45:00;2142;1;39;0;9;0;-1;1;-1;-1;-1;-1;-1;-1;1;0;1;2;1;3;-1;0;0;0;0;0;0;0;0;0;0;0;0;0;1;1;0;0;-1;-1;0;0;-1;-1;-1;-1;-1;-1;-1;-1;-1;9;28;41;68;90;45;73;64;37;9.35;2.97;5.25;2.44;São Paulo;Atlético Nacional;1.36;2.36;1.58;2.3;1.58;2.3;91;73;59;33;10;54;54;36;0;0;0;1190;14;Y;Y;N;N;N;N;N
347528;4321;705;2016;complete;2488;0;-1;62,76;13;2;1;3;5;2;7;0;1;2;3;0;0;9;7;14;4;23;11;14;13;50;50;2;3;0;0;0;0;0;0;0;0;0;0;0;0;0;0;0;0;0;0;0;0;0;0;0;0;0;0;0;0;0;0;0;0;0;0;0;0;0;0;0;0;0;0;0;0;0;0;0;0;0;0;0;0;0;0;0;0;0;0;0;0;0;0;0;0;0;0;0;0;3;0;1;2;0;2;1;2016-07-08 00:45:00;4321;1;56;9;37;0;-1;1;-1;-1;-1;-1;-1;-1;1;1;1;2;2;3;-1;0;0;0;0;0;0;0;0;0;0;0;0;0;1;1;0;0;-1;-1;0;0;-1;-1;-1;-1;-1;-1;-1;-1;-1;9;19;37;64;86;24;59;74;42;7.78;2.42;5.03;2.3;CSD Independiente del Valle;Boca Juniors;1.69;1.67;1.67;2;1.67;2;91;81;64;36;14;49;27;23;0;0;0;1190;12;Y;Y;Y;N;N;N;Y
347529;2142;618;2016;complete;2488;0;-1;16,78;9;2;1;3;2;1;3;1;2;2;5;0;2;6;0;8;2;14;2;14;9;50;50;2;9;0;0;0;0;0;0;0;0;0;0;0;0;0;0;0;0;0;0;0;0;0;0;0;0;0;0;0;0;0;0;0;0;0;0;0;0;0;0;0;0;0;0;0;0;0;0;0;0;0;0;0;0;0;0;0;0;0;0;0;0;0;0;0;0;0;0;0;0;3;1;1;1;0;1;2;2016-07-14 00:45:00;2142;1;36;54;19;0;-1;1;-1;-1;-1;-1;-1;-1;0;2;2;5;2;7;-1;0;0;0;0;0;0;0;1;0;1;0;0;0;1;1;0;1;-1;-1;0;1;-1;-1;-1;-1;-1;-1;-1;-1;-1;9;25;37;71;91;41;67;67;42;9.4;2.87;5.23;2.41;Atlético Nacional;São Paulo;2.36;1.36;2.36;1.46;2.36;1.46;92;75;63;30;9;59;59;33;0;0;0;1190;14;Y;Y;Y;N;N;N;Y
347530;705;4321;2016;complete;2488;0;-1;4,90;25,49,51;2;3;5;11;2;13;0;1;3;3;0;0;12;2;6;4;18;6;15;22;50;50;3;3;0;0;0;0;0;0;0;0;0;0;0;0;0;0;0;0;0;0;0;0;0;0;0;0;0;0;0;0;0;0;0;0;0;0;0;0;0;0;0;0;0;0;0;0;0;0;0;0;0;0;0;0;0;0;0;0;0;0;0;0;0;0;0;0;0;0;0;0;5;1;1;1;2;3;2;2016-07-15 00:45:00;4321;1;60;20;19;0;-1;1;-1;-1;-1;-1;-1;-1;2;1;1;2;3;3;-1;0;0;0;0;0;0;0;1;0;0;0;1;0;1;1;1;0;-1;-1;0;0;-1;-1;-1;-1;-1;-1;-1;-1;-1;9;18;42;68;87;21;63;76;47;7.69;2.31;5.04;2.36;Boca Juniors;CSD Independiente del Valle;1.67;1.69;1.82;1.77;1.82;1.77;92;83;59;33;13;45;25;21;0;0;0;1190;12;Y;Y;Y;Y;Y;N;Y
347531;4321;2142;2016;complete;2488;0;-1;87;36;1;1;2;1;2;3;2;0;3;3;0;0;7;5;4;3;11;8;18;13;50;50;3;3;0;0;0;0;0;0;0;0;0;0;0;0;0;0;0;0;0;0;0;0;0;0;0;0;0;0;0;0;0;0;0;0;0;0;0;0;0;0;0;0;0;0;0;0;0;0;0;0;0;0;0;0;0;0;0;0;0;0;0;0;0;0;0;0;0;0;0;0;2;0;1;1;0;1;1;2016-07-21 00:45:00;-1;1;38;7;15;0;-1;1;-1;-1;-1;-1;-1;-1;1;1;2;2;2;4;-1;0;0;0;0;0;0;0;0;0;0;0;0;0;1;1;0;0;-1;-1;0;0;-1;-1;-1;-1;-1;-1;-1;-1;-1;11;20;43;66;88;32;66;69;43;7.9;2.87;4.36;2.31;CSD Independiente del Valle;Atlético Nacional;1.69;2.36;1.86;2.42;1.86;2.42;89;81;58;35;12;57;43;27;0;0;0;1190;14;Y;Y;N;N;N;N;Y
347532;2142;4321;2016;complete;2488;0;-1;9;;1;0;1;3;4;7;0;2;2;3;0;0;4;3;8;3;12;6;13;18;50;50;2;3;0;0;0;0;0;0;0;0;0;0;0;0;0;0;0;0;0;0;0;0;0;0;0;0;0;0;0;0;0;0;0;0;0;0;0;0;0;0;0;0;0;0;0;0;0;0;0;0;0;0;0;0;0;0;0;0;0;0;0;0;0;0;0;0;0;0;0;0;1;1;0;0;0;0;1;2016-07-28 00:45:00;2142;1;42;32;23;0;-1;1;-1;-1;-1;-1;-1;-1;1;2;1;1;3;2;-1;0;0;0;0;0;0;0;0;0;0;0;0;0;1;1;1;0;-1;-1;0;0;-1;-1;-1;-1;-1;-1;-1;-1;-1;11;18;39;68;89;29;68;71;39;7.55;2.79;4.48;2.29;Atlético Nacional;CSD Independiente del Valle;2.36;1.69;2.31;1.8;2.31;1.8;90;82;61;32;11;53;40;25;0;0;0;1190;14;Y;N;N;N;N;N;N
