;ID;HOMEID;AWAYID;SEASON;STATUS;ROUNDID;GAME_WEEK;REVISED_GAME_WEEK;HOMEGOALS;AWAYGOALS;HOMEGOALCOUNT;AWAYGOALCOUNT;TOTALGOALCOUNT;TEAM_A_CORNERS;TEAM_B_CORNERS;TOTALCORNERCOUNT;TEAM_A_OFFSIDES;TEAM_B_OFFSIDES;TEAM_A_YELLOW_CARDS;TEAM_B_YELLOW_CARDS;TEAM_A_RED_CARDS;TEAM_B_RED_CARDS;TEAM_A_SHOTSONTARGET;TEAM_B_SHOTSONTARGET;TEAM_A_SHOTSOFFTARGET;TEAM_B_SHOTSOFFTARGET;TEAM_A_SHOTS;TEAM_B_SHOTS;TEAM_A_FOULS;TEAM_B_FOULS;TEAM_A_POSSESSION;TEAM_B_POSSESSION;TEAM_A_CARDS_NUM;TEAM_B_CARDS_NUM;ODDS_FT_1;ODDS_FT_X;ODDS_FT_2;ODDS_FT_OVER05;ODDS_FT_OVER15;ODDS_FT_OVER25;ODDS_FT_OVER35;ODDS_FT_OVER45;ODDS_FT_UNDER05;ODDS_FT_UNDER15;ODDS_FT_UNDER25;ODDS_FT_UNDER35;ODDS_FT_UNDER45;ODDS_BTTS_YES;ODDS_BTTS_NO;ODDS_TEAM_A_CS_YES;ODDS_TEAM_A_CS_NO;ODDS_TEAM_B_CS_YES;ODDS_TEAM_B_CS_NO;ODDS_DOUBLECHANCE_1X;ODDS_DOUBLECHANCE_12;ODDS_DOUBLECHANCE_X2;ODDS_1ST_HALF_RESULT_1;ODDS_1ST_HALF_RESULT_X;ODDS_1ST_HALF_RESULT_2;ODDS_2ND_HALF_RESULT_1;ODDS_2ND_HALF_RESULT_X;ODDS_2ND_HALF_RESULT_2;ODDS_DNB_1;ODDS_DNB_2;ODDS_CORNERS_OVER_75;ODDS_CORNERS_OVER_85;ODDS_CORNERS_OVER_95;ODDS_CORNERS_OVER_105;ODDS_CORNERS_OVER_115;ODDS_CORNERS_UNDER_75;ODDS_CORNERS_UNDER_85;ODDS_CORNERS_UNDER_95;ODDS_CORNERS_UNDER_105;ODDS_CORNERS_UNDER_115;ODDS_CORNERS_1;ODDS_CORNERS_X;ODDS_CORNERS_2;ODDS_TEAM_TO_SCORE_FIRST_1;ODDS_TEAM_TO_SCORE_FIRST_X;ODDS_TEAM_TO_SCORE_FIRST_2;ODDS_WIN_TO_NIL_1;ODDS_WIN_TO_NIL_2;ODDS_1ST_HALF_OVER05;ODDS_1ST_HALF_OVER15;ODDS_1ST_HALF_OVER25;ODDS_1ST_HALF_OVER35;ODDS_1ST_HALF_UNDER05;ODDS_1ST_HALF_UNDER15;ODDS_1ST_HALF_UNDER25;ODDS_1ST_HALF_UNDER35;ODDS_2ND_HALF_OVER05;ODDS_2ND_HALF_OVER15;ODDS_2ND_HALF_OVER25;ODDS_2ND_HALF_OVER35;ODDS_2ND_HALF_UNDER05;ODDS_2ND_HALF_UNDER15;ODDS_2ND_HALF_UNDER25;ODDS_2ND_HALF_UNDER35;ODDS_BTTS_1ST_HALF_YES;ODDS_BTTS_1ST_HALF_NO;ODDS_BTTS_2ND_HALF_YES;ODDS_BTTS_2ND_HALF_NO;OVERALLGOALCOUNT;HT_GOALS_TEAM_A;HT_GOALS_TEAM_B;GOALS_2HG_TEAM_A;GOALS_2HG_TEAM_B;GOALCOUNT_2HG;HTGOALCOUNT;DATE_UNIX;WINNINGTEAM;NO_HOME_AWAY;BTTS_POTENTIAL;BTTS_FHG_POTENTIAL;BTTS_2HG_POTENTIAL;GOALTIMINGDISABLED;CORNER_TIMINGS_RECORDED;CARD_TIMINGS_RECORDED;TEAM_A_FH_CORNERS;TEAM_B_FH_CORNERS;TEAM_A_2H_CORNERS;TEAM_B_2H_CORNERS;CORNER_FH_COUNT;CORNER_2H_COUNT;TEAM_A_FH_CARDS;TEAM_B_FH_CARDS;TEAM_A_2H_CARDS;TEAM_B_2H_CARDS;TOTAL_FH_CARDS;TOTAL_2H_CARDS;ATTACKS_RECORDED;TEAM_A_DANGEROUS_ATTACKS;TEAM_B_DANGEROUS_ATTACKS;TEAM_A_ATTACKS;TEAM_B_ATTACKS;TEAM_A_XG;TEAM_B_XG;TOTAL_XG;TEAM_A_PENALTIES_WON;TEAM_B_PENALTIES_WON;TEAM_A_PENALTY_GOALS;TEAM_B_PENALTY_GOALS;TEAM_A_PENALTY_MISSED;TEAM_B_PENALTY_MISSED;PENS_RECORDED;GOAL_TIMINGS_RECORDED;TEAM_A_0_10_MIN_GOALS;TEAM_B_0_10_MIN_GOALS;TEAM_A_CORNERS_0_10_MIN;TEAM_B_CORNERS_0_10_MIN;TEAM_A_CARDS_0_10_MIN;TEAM_B_CARDS_0_10_MIN;THROWINS_RECORDED;TEAM_A_THROWINS;TEAM_B_THROWINS;FREEKICKS_RECORDED;TEAM_A_FREEKICKS;TEAM_B_FREEKICKS;GOALKICKS_RECORDED;TEAM_A_GOALKICKS;TEAM_B_GOALKICKS;O45_POTENTIAL;O35_POTENTIAL;O25_POTENTIAL;O15_POTENTIAL;O05_POTENTIAL;O15HT_POTENTIAL;O05HT_POTENTIAL;O05_2H_POTENTIAL;O15_2H_POTENTIAL;CORNERS_POTENTIAL;OFFSIDES_POTENTIAL;CARDS_POTENTIAL;AVG_POTENTIAL;HOME_NAME;AWAY_NAME;HOME_PPG;AWAY_PPG;PRE_MATCH_HOME_PPG;PRE_MATCH_AWAY_PPG;PRE_MATCH_TEAMA_OVERALL_PPG;PRE_MATCH_TEAMB_OVERALL_PPG;U45_POTENTIAL;U35_POTENTIAL;U25_POTENTIAL;U15_POTENTIAL;U05_POTENTIAL;CORNERS_O85_POTENTIAL;CORNERS_O95_POTENTIAL;CORNERS_O105_POTENTIAL;TEAM_A_XG_PREMATCH;TEAM_B_XG_PREMATCH;TOTAL_XG_PREMATCH;COMPETITION_ID;MATCHES_COMPLETED_MINIMUM;OVER05;OVER15;OVER25;OVER35;OVER45;OVER55;BTTS
0;2465581;1074;1080;2022/2023;complete;90930;1;-1;11,55;11,55;2;2;4;8;9;17;-1;-1;-1;-1;-1;-1;7;5;6;4;13;9;-1;-1;49;51;-1;-1;1.95;3.6;1.8;1.01;1.22;1.7;2.8;5.15;10.5;3.82;2.1;1.38;1.12;1.62;2.2;0;0;0;0;1.45;1.25;1.47;3.0;2.25;3.0;2.75;2.5;2.75;0;0;1.29;1.62;2.2;2.49;3.6;3.3;2.26;1.81;1.51;1.25;2.14;6.6;2.03;2.05;10.75;1.83;5.0;4.6;1.36;2.63;7.0;19;3.0;1.44;1.1;1.02;1.18;1.83;3.75;9.0;4.5;1.83;1.25;1.07;0;0;0;0;3;1;1;1;0;1;2;2022-07-15;1074;0;0;0;0;0;1;-1;4;4;4;5;8;9;-1;-1;-1;-1;-1;-1;1;72;77;112;124;1.83;1.48;3.32;-1;-1;-1;-1;-1;-1;-1;1;0;0;0;0;-1;-1;-1;-1;-1;-1;-1;-1;-1;-1;-1;0;0;0;0;0;0;0;0;0;0.0;0;0;0.0;Yverdon Sport;Stade Lausanne-Ouchy;2.0;1.75;0.0;0.0;0.0;0.0;0;0;0;0;0;0;0;0;0.0;0.0;0.0;7496;17;Y;Y;Y;N;N;N;Y
1;2465580;902;888;2022/2023;complete;90930;1;-1;45;45;1;1;2;5;7;12;-1;-1;-1;-1;-1;-1;5;13;7;8;12;21;-1;-1;50;50;-1;-1;1.72;3.75;2.05;1.03;1.17;1.48;2.4;4.0;13.0;4.75;2.6;1.54;1.22;1.44;2.63;0;0;0;0;1.22;1.2;1.8;2.75;2.5;2.88;2.5;2.75;2.63;0;0;1.21;1.4;2.1;2.15;3.0;3.95;2.7;2.04;1.68;1.34;1.78;7.0;2.53;1.73;18.75;2.05;4.8;6.0;1.29;2.25;5.5;15;3.5;1.57;1.14;1.03;1.13;1.62;2.75;6.0;6.0;2.2;1.4;1.13;0;0;0;0;1;1;0;0;0;0;1;2022-07-15;902;0;0;0;0;0;1;-1;3;2;2;5;5;7;-1;-1;-1;-1;-1;-1;1;45;80;80;76;1.43;2.79;4.23;-1;-1;-1;-1;-1;-1;-1;1;0;0;1;0;-1;-1;-1;-1;-1;-1;-1;-1;-1;-1;-1;0;0;0;0;0;0;0;0;0;0.0;0;0;0.0;FC Schaffhausen;Thun;1.0;1.11;0.0;0.0;0.0;0.0;0;0;0;0;0;0;0;0;0.0;0.0;0.0;7496;17;Y;N;N;N;N;N;N
2;2465582;897;893;2022/2023;complete;90930;1;-1;10;10;1;1;2;2;4;6;-1;-1;-1;-1;-1;-1;3;4;5;12;8;16;-1;-1;48;52;-1;-1;1.4;4.0;2.8;1.02;1.14;1.44;2.15;3.5;17.0;5.25;2.7;1.61;1.28;1.44;2.63;0;0;0;0;1.15;1.15;2.2;2.3;2.5;3.6;2.0;2.95;3.5;0;0;0.0;1.27;1.53;1.69;2.11;0.0;3.4;2.43;2.14;1.71;1.3;8.4;4.7;1.5;25.0;2.5;4.0;8.5;1.22;2.1;4.5;11;4.0;1.67;1.18;1.05;1.13;1.57;2.75;6.0;6.0;2.25;1.4;1.13;0;0;0;0;2;1;0;0;1;1;1;2022-07-15;-1;0;0;0;0;0;1;-1;1;2;1;2;3;3;-1;-1;-1;-1;-1;-1;1;66;90;96;129;1.2;1.94;3.14;-1;-1;-1;-1;-1;-1;-1;1;1;0;0;0;-1;-1;-1;-1;-1;-1;-1;-1;-1;-1;-1;0;0;0;0;0;0;0;0;0;0.0;0;0;0.0;Aarau;Vaduz;1.44;0.75;0.0;0.0;0.0;0.0;0;0;0;0;0;0;0;0;0.0;0.0;0.0;7496;17;Y;Y;N;N;N;N;Y
3;2465583;1146;895;2022/2023;complete;90930;1;-1;66;66;1;1;2;2;8;10;-1;-1;-1;-1;-1;-1;6;4;3;11;9;15;-1;-1;40;60;-1;-1;2.15;3.8;1.63;1.03;1.2;1.62;2.65;4.33;11.0;4.2;2.25;1.44;1.2;1.57;2.25;0;0;0;0;1.78;1.26;1.31;3.25;2.3;2.75;3.0;2.65;2.4;0;0;1.34;1.63;2.1;2.85;4.0;3.0;2.12;1.65;1.37;1.21;2.33;7.6;1.88;2.38;12.5;1.62;5.5;4.4;1.3;2.5;6.0;17;3.4;1.5;1.13;1.03;1.17;1.8;3.5;8.0;5.0;1.91;1.29;1.08;0;0;0;0;1;0;0;1;0;1;0;2022-07-16;1146;0;0;0;0;0;1;-1;2;7;0;1;9;1;-1;-1;-1;-1;-1;-1;1;26;43;58;74;1.18;1.53;2.71;-1;-1;-1;-1;-1;-1;-1;1;0;0;0;2;-1;-1;-1;-1;-1;-1;-1;-1;-1;-1;-1;0;0;0;0;0;0;0;0;0;0.0;0;0;0.0;Bellinzona;Lausanne Sport;1.33;0.78;0.0;0.0;0.0;0.0;0;0;0;0;0;0;0;0;0.0;0.0;0.0;7496;17;Y;N;N;N;N;N;N
4;2465584;899;900;2022/2023;complete;90930;1;-1;32,42;32,42;2;2;4;5;3;8;-1;-1;-1;-1;-1;-1;5;5;6;5;11;10;-1;-1;40;60;-1;-1;2.38;3.4;2.5;1.02;1.17;1.54;2.25;4.0;12.0;4.75;2.4;1.57;1.22;1.44;2.63;0;0;0;0;1.37;1.26;1.7;2.4;2.4;3.5;2.2;2.75;3.25;0;0;1.22;1.4;2.1;2.09;3.05;3.85;2.72;2.15;1.72;1.33;1.63;8.0;2.82;1.57;14.0;2.3;4.2;6.5;1.29;2.25;5.5;15;3.5;1.57;1.14;1.03;1.14;1.67;3.0;6.5;5.5;2.1;1.36;1.11;0;0;0;0;2;2;0;0;0;0;2;2022-07-17;899;0;0;0;0;0;1;-1;2;1;3;2;3;5;-1;-1;-1;-1;-1;-1;1;68;74;86;127;1.53;1.53;3.06;-1;-1;-1;-1;-1;-1;-1;1;0;0;0;0;-1;-1;-1;-1;-1;-1;-1;-1;-1;-1;-1;0;0;0;0;0;0;0;0;0;0.0;0;0;0.0;Wil;Neuchâtel Xamax;2.75;0.25;0.0;0.0;0.0;0.0;0;0;0;0;0;0;0;0;0.0;0.0;0.0;7496;17;Y;Y;N;N;N;N;N
5;2465586;895;902;2022/2023;complete;90930;2;-1;11,24,75,78,90;11,24,75,78,90;5;5;10;8;2;10;-1;-1;-1;-1;-1;-1;9;8;4;6;13;14;-1;-1;54;46;-1;-1;1.8;4.33;3.8;1.03;1.2;1.57;2.4;4.33;11.0;4.33;2.35;1.54;1.2;1.62;2.2;0;0;0;0;1.4;1.25;1.6;2.3;2.38;4.0;2.05;2.5;3.75;0;0;1.24;1.45;2.25;2.35;3.2;3.65;2.55;2.0;1.52;1.3;1.56;9.1;3.12;1.5;13.0;2.5;3.6;7.0;1.29;2.3;5.0;11;3.5;1.57;1.14;1.03;1.17;1.8;3.5;8.0;5.0;1.91;1.29;1.08;0;0;0;0;6;2;1;3;0;3;3;2022-07-22;895;0;0;0;0;0;1;-1;4;0;4;2;4;6;-1;-1;-1;-1;-1;-1;1;74;60;93;95;1.98;1.88;3.86;-1;-1;-1;-1;-1;-1;-1;1;0;0;0;0;-1;-1;-1;-1;-1;-1;-1;-1;-1;-1;-1;0;0;0;0;0;0;0;0;0;0.0;0;0;0.0;Lausanne Sport;FC Schaffhausen;2.5;0.89;0.0;0.0;0.0;3.0;0;0;0;0;0;0;0;0;0.0;0.0;0.0;7496;17;Y;Y;Y;Y;Y;Y;Y
6;2465585;900;897;2022/2023;complete;90930;2;-1;37;37;1;1;2;7;2;9;-1;-1;-1;-1;-1;-1;6;4;1;6;7;10;-1;-1;36;64;-1;-1;3.6;4.2;1.85;1.02;1.17;1.5;2.4;3.75;12.0;4.5;2.5;1.53;1.25;1.5;2.5;0;0;0;0;2.05;1.22;1.2;3.6;2.4;2.3;3.4;2.62;2.1;0;0;1.21;1.38;2.1;2.16;2.95;4.0;2.75;2.05;1.65;1.35;3.32;8.6;1.48;2.38;13.0;1.53;7.0;4.33;1.29;2.3;4.75;11;3.5;1.57;1.15;1.03;1.14;1.67;3.0;6.5;5.5;2.1;1.36;1.11;0;0;0;0;3;1;1;0;1;1;2;2022-07-22;897;0;0;0;0;0;1;-1;3;0;4;2;3;6;-1;-1;-1;-1;-1;-1;1;53;71;88;95;1.25;1.43;2.68;-1;-1;-1;-1;-1;-1;-1;1;0;0;2;0;-1;-1;-1;-1;-1;-1;-1;-1;-1;-1;-1;0;0;0;0;0;0;0;0;0;0.0;0;0;0.0;Neuchâtel Xamax;Aarau;1.11;1.38;0.0;0.0;0.0;1.0;0;0;0;0;0;0;0;0;0.0;0.0;0.0;7496;17;Y;Y;Y;N;N;N;Y
7;2465587;888;1146;2022/2023;complete;90930;2;-1;29;29;1;1;2;4;3;7;-1;-1;-1;-1;-1;-1;7;3;5;2;12;5;-1;-1;58;42;-1;-1;1.75;4.2;4.2;1.03;1.2;1.53;2.5;4.33;11.0;4.33;2.4;1.5;1.2;1.57;2.25;0;0;0;0;1.15;1.25;2.2;2.25;2.4;4.0;2.0;2.6;3.75;0;0;1.24;1.45;2.25;2.35;3.2;3.65;2.55;1.98;1.52;1.3;1.47;10.0;3.46;1.5;12.0;2.6;3.4;8.5;1.29;2.25;5.0;11;3.5;1.6;1.14;1.03;1.14;1.73;3.4;8.0;5.5;2.0;1.3;1.08;0;0;0;0;2;1;0;0;1;1;1;2022-07-22;-1;0;0;0;0;0;1;-1;3;1;1;2;4;3;-1;-1;-1;-1;-1;-1;1;101;73;194;147;2.0;1.08;3.07;-1;-1;-1;-1;-1;-1;-1;1;0;0;1;1;-1;-1;-1;-1;-1;-1;-1;-1;-1;-1;-1;0;0;0;0;0;0;0;0;0;0.0;0;0;0.0;Thun;Bellinzona;1.38;1.38;0.0;0.0;0.0;3.0;0;0;0;0;0;0;0;0;0.0;0.0;0.0;7496;17;Y;Y;N;N;N;N;Y
8;2465588;1080;899;2022/2023;complete;90930;2;-1;35,50;35,50;2;2;4;6;5;11;-1;-1;-1;-1;-1;-1;7;3;8;6;15;9;-1;-1;49;51;-1;-1;2.05;4.0;3.2;1.02;1.17;1.48;2.25;3.75;12.0;4.75;2.6;1.62;1.25;1.44;2.63;0;0;0;0;1.28;1.2;1.75;2.4;2.4;3.5;2.25;2.75;3.2;0;0;1.2;1.4;1.83;2.13;2.76;3.95;2.72;2.06;1.67;1.38;1.69;8.3;2.62;1.62;15.0;2.3;4.2;7.0;1.3;2.21;5.0;11;3.4;1.61;1.14;1.03;1.14;1.67;3.0;6.5;5.5;2.1;1.36;1.11;0;0;0;0;3;1;1;1;0;1;2;2022-07-23;1080;0;0;0;0;0;1;-1;4;2;2;3;6;5;-1;-1;-1;-1;-1;-1;1;56;58;80;88;1.84;1.2;3.04;-1;-1;-1;-1;-1;-1;-1;1;0;1;0;0;-1;-1;-1;-1;-1;-1;-1;-1;-1;-1;-1;0;0;0;0;0;0;0;0;0;0.0;0;0;0.0;Stade Lausanne-Ouchy;Wil;2.11;1.22;0.0;0.0;0.0;3.0;0;0;0;0;0;0;0;0;0.0;0.0;0.0;7496;17;Y;Y;Y;N;N;N;Y
9;2465589;893;1074;2022/2023;complete;90930;2;-1;3,84,90;3,84,90;3;3;6;5;3;8;-1;-1;-1;-1;-1;-1;5;5;7;6;12;11;-1;-1;53;47;-1;-1;1.54;3.75;4.09;1.03;1.17;1.57;2.4;4.0;11.0;4.75;2.25;1.53;1.22;1.57;2.25;0;0;0;0;1.18;1.18;1.9;2.3;2.38;4.0;2.0;2.75;4.0;0;0;1.2;1.4;2.0;2.18;2.93;3.94;2.72;2.01;1.63;1.34;1.46;8.5;3.44;1.53;18.0;2.6;3.3;8.0;1.29;2.38;5.5;15;3.5;1.53;1.14;1.03;1.17;1.8;3.5;8.0;5.0;1.91;1.29;1.08;0;0;0;0;6;1;2;2;1;3;3;2022-07-24;-1;0;0;0;0;0;1;-1;1;0;4;3;1;7;-1;-1;-1;-1;-1;-1;1;61;48;105;103;1.55;1.4;2.95;-1;-1;-1;-1;-1;-1;-1;1;1;0;1;0;-1;-1;-1;-1;-1;-1;-1;-1;-1;-1;-1;0;0;0;0;0;0;0;0;0;0.0;0;0;0.0;Vaduz;Yverdon Sport;1.11;1.44;0.0;0.0;1.0;3.0;0;0;0;0;0;0;0;0;0.0;0.0;0.0;7496;17;Y;Y;Y;Y;Y;Y;Y
10;2465590;902;900;2022/2023;complete;90930;3;-1;57,84;57,84;2;2;4;3;9;12;-1;-1;-1;-1;-1;-1;6;3;5;9;11;12;-1;-1;44;56;-1;-1;1.7;4.5;4.2;1.01;1.17;1.57;2.45;4.1;18.0;4.75;2.35;1.52;1.19;1.62;2.2;0;0;0;0;1.12;1.15;2.2;2.2;2.38;4.33;1.95;2.8;4.0;0;0;1.29;1.68;2.38;2.49;3.1;3.3;2.15;1.71;1.51;1.31;1.53;8.1;3.18;1.5;17.5;2.63;3.1;8.5;1.28;2.26;5.2;11;3.46;1.58;1.14;1.03;1.17;1.83;3.5;9.0;5.0;1.83;1.29;1.07;0;0;0;0;2;0;0;2;0;2;0;2022-07-29;902;0;0;0;0;0;1;-1;1;6;2;3;7;5;-1;-1;-1;-1;-1;-1;1;51;64;84;94;1.48;1.43;2.91;-1;-1;-1;-1;-1;-1;-1;1;0;0;0;1;-1;-1;-1;-1;-1;-1;-1;-1;-1;-1;-1;0;0;0;50;100;50;100;0;0;8.0;0;0;1.5;FC Schaffhausen;Neuchâtel Xamax;1.0;0.25;3.0;0.0;1.5;0.0;100;100;100;50;0;50;50;50;1.43;1.53;2.96;7496;17;Y;Y;N;N;N;N;N
11;2465591;1074;888;2022/2023;complete;90930;3;-1;9,34,90;9,34,90;3;3;6;9;4;13;-1;-1;-1;-1;-1;-1;8;6;5;5;13;11;-1;-1;39;61;-1;-1;3.1;3.4;2.3;1.0;1.17;1.65;2.4;4.0;11.75;4.75;2.2;1.53;1.22;1.53;2.38;0;0;0;0;1.55;1.2;1.42;3.25;2.25;2.75;2.88;2.65;2.5;0;0;1.23;1.43;2.1;2.18;2.8;3.7;2.6;2.03;1.63;1.38;2.42;7.5;1.84;2.2;15.0;1.73;5.8;4.4;1.31;2.31;5.3;11;3.26;1.56;1.14;1.03;1.18;1.8;3.5;8.0;4.5;1.91;1.29;1.08;0;0;0;0;4;2;0;1;1;2;2;2022-07-29;1074;0;50;50;0;0;1;-1;7;0;2;4;7;6;-1;-1;-1;-1;-1;-1;1;69;89;92;116;1.88;1.76;3.64;-1;-1;-1;-1;-1;-1;-1;1;1;0;1;0;-1;-1;-1;-1;-1;-1;-1;-1;-1;-1;-1;0;0;50;50;100;50;100;50;0;15.0;0;0;2.0;Yverdon Sport;Thun;2.0;1.11;3.0;0.0;2.0;0.5;100;100;50;50;0;100;100;100;1.83;2.79;4.62;7496;17;Y;Y;Y;Y;N;N;Y
12;2465592;897;895;2022/2023;complete;90930;3;-1;88;88;1;1;2;6;7;13;-1;-1;-1;-1;-1;-1;6;10;4;7;10;17;-1;-1;59;41;-1;-1;2.3;3.75;2.88;1.01;1.2;1.44;2.3;4.0;12.0;4.0;2.7;1.6;1.2;1.4;2.75;0;0;0;0;1.47;1.27;1.56;2.75;2.5;3.0;2.5;2.7;2.75;0;0;0.0;1.33;2.0;2.0;2.65;0.0;3.05;2.2;1.72;1.42;0.0;0.0;0.0;1.73;13.0;2.1;5.0;6.5;1.29;2.33;5.35;11;3.42;1.56;1.13;1.03;1.13;1.62;3.0;6.5;6.0;2.2;1.36;1.11;0;0;0;0;3;0;1;1;1;2;1;2022-07-29;895;0;50;0;0;0;1;-1;3;3;3;4;6;7;-1;-1;-1;-1;-1;-1;1;88;74;115;96;1.69;2.3;3.99;-1;-1;-1;-1;-1;-1;-1;1;0;0;1;1;-1;-1;-1;-1;-1;-1;-1;-1;-1;-1;-1;0;0;0;50;100;0;50;100;0;10.0;0;0;1.5;Aarau;Lausanne Sport;1.44;0.78;1.0;0.0;2.0;1.5;100;100;100;50;0;50;50;0;1.2;1.53;2.73;7496;17;Y;Y;Y;N;N;N;Y
13;2465593;1146;1080;2022/2023;complete;90930;3;-1;8;8;1;1;2;2;6;8;-1;-1;-1;-1;-1;-1;4;6;6;9;10;15;-1;-1;47;53;-1;-1;2.38;3.5;2.9;1.04;1.22;1.7;2.75;4.5;10.0;4.0;2.1;1.42;1.17;1.57;2.25;0;0;0;0;1.4;1.22;1.52;2.88;2.25;3.2;2.6;2.55;2.88;0;0;1.26;1.56;1.93;2.41;3.34;3.4;2.28;1.86;1.49;1.27;2.04;7.5;2.13;1.8;10.75;2.1;4.6;5.0;1.33;2.5;5.5;13;3.25;1.48;1.12;1.02;1.18;1.83;3.75;9.0;4.5;1.83;1.25;1.07;0;0;0;0;5;1;2;0;2;2;3;2022-07-30;1080;0;50;50;0;0;1;-1;2;2;0;4;4;4;-1;-1;-1;-1;-1;-1;1;38;66;90;105;1.19;1.84;3.04;-1;-1;-1;-1;-1;-1;-1;1;1;0;1;0;-1;-1;-1;-1;-1;-1;-1;-1;-1;-1;-1;0;0;50;50;100;50;50;100;0;11.0;0;0;2.0;Bellinzona;Stade Lausanne-Ouchy;1.33;1.75;3.0;0.0;2.0;1.5;100;100;50;50;0;100;100;50;1.18;1.48;2.66;7496;17;Y;Y;Y;Y;Y;N;Y
14;2465594;899;893;2022/2023;complete;90930;3;-1;84,90;84,90;2;2;4;6;8;14;-1;-1;-1;-1;-1;-1;8;5;10;6;18;11;-1;-1;54;46;-1;-1;2.32;3.86;2.82;1.03;1.14;1.4;2.23;3.59;15.0;5.72;2.75;1.62;1.29;1.4;2.75;0;0;0;0;1.47;1.26;1.59;2.75;2.5;3.0;2.5;2.62;2.75;0;0;1.17;1.29;2.25;1.93;2.4;4.5;3.24;2.33;1.86;1.55;1.91;7.6;2.28;1.73;21.0;2.05;4.8;5.8;1.25;2.2;5.0;13;3.75;1.62;1.17;1.04;1.13;1.62;3.0;6.5;6.0;2.2;1.36;1.11;0;0;0;0;2;0;0;2;0;2;0;2022-07-31;899;0;50;0;0;0;1;-1;1;5;5;3;6;8;-1;-1;-1;-1;-1;-1;1;93;76;103;109;2.36;1.6;3.95;-1;-1;-1;-1;-1;-1;-1;1;0;0;0;0;-1;-1;-1;-1;-1;-1;-1;-1;-1;-1;-1;0;0;0;100;100;50;100;50;0;9.0;0;0;2.0;Wil;Vaduz;2.75;0.75;3.0;1.0;1.5;1.0;100;100;100;0;0;0;0;0;1.53;1.94;3.47;7496;17;Y;Y;N;N;N;N;N
15;2465596;900;1074;2022/2023;complete;90930;4;-1;32,63;32,63;2;2;4;3;4;7;-1;-1;-1;-1;-1;-1;4;5;6;6;10;11;-1;-1;46;54;-1;-1;2.8;3.8;2.3;1.04;1.21;1.67;2.6;4.7;11.5;4.3;2.15;1.48;1.18;1.57;2.25;0;0;0;0;1.47;1.2;1.47;3.2;2.25;2.88;3.0;2.5;2.4;0;0;1.28;1.58;2.38;2.45;3.5;3.35;2.25;1.83;1.47;1.26;2.16;7.4;1.97;2.1;14.0;1.73;5.8;4.2;1.32;2.5;6.5;18;3.15;1.48;1.11;1.02;1.18;1.83;3.75;9.0;4.5;1.83;1.25;1.07;0;0;0;0;5;1;1;1;2;3;2;2022-08-05;1074;0;100;100;50;0;1;-1;3;1;0;3;4;3;-1;-1;-1;-1;-1;-1;1;63;65;97;102;1.37;1.52;2.89;-1;-1;-1;-1;-1;-1;-1;1;0;0;1;0;-1;-1;-1;-1;-1;-1;-1;-1;-1;-1;-1;50;50;100;100;100;100;100;100;50;10.0;0;0;4.5;Neuchâtel Xamax;Yverdon Sport;1.11;1.44;0.0;1.0;0.0;2.33;50;50;0;0;0;50;0;0;1.25;1.4;2.65;7496;17;Y;Y;Y;Y;Y;N;Y
16;2465595;902;899;2022/2023;complete;90930;4;-1;;;0;0;0;7;6;13;-1;-1;-1;-1;-1;-1;0;5;12;10;12;15;-1;-1;58;42;-1;-1;2.25;4.0;2.8;1.02;1.15;1.36;2.25;3.75;12.0;4.75;3.1;1.6;1.25;1.36;3.0;0;0;0;0;1.35;1.25;1.7;2.63;2.5;3.0;2.4;2.6;2.75;0;0;1.21;1.38;1.83;2.15;2.95;4.0;2.75;2.05;1.65;1.35;1.76;7.8;2.45;1.62;19.25;2.2;4.8;6.0;1.25;2.2;4.5;10;3.75;1.62;1.17;1.04;1.11;1.53;2.63;5.5;6.5;2.38;1.44;1.14;0;0;0;0;1;0;1;0;0;0;1;2022-08-05;899;0;50;50;0;0;1;-1;3;3;4;3;6;7;-1;-1;-1;-1;-1;-1;1;100;86;119;119;1.48;1.92;3.4;-1;-1;-1;-1;-1;-1;-1;1;0;0;1;1;-1;-1;-1;-1;-1;-1;-1;-1;-1;-1;-1;0;0;50;75;100;50;75;75;25;9.0;0;0;2.25;FC Schaffhausen;Wil;1.0;1.22;3.0;0.0;2.0;2.0;100;100;50;25;0;100;100;100;1.46;1.2;2.66;7496;17;Y;N;N;N;N;N;N
17;2465597;888;897;2022/2023;complete;90930;4;-1;71,90;71,90;2;2;4;7;6;13;-1;-1;-1;-1;-1;-1;6;9;6;6;12;15;-1;-1;47;53;-1;-1;2.05;4.2;3.0;1.03;1.16;1.48;2.2;3.6;15.0;5.34;2.6;1.63;1.29;1.44;2.63;0;0;0;0;1.4;1.18;1.6;2.5;2.4;3.25;2.25;2.65;3.1;0;0;1.19;1.3;1.61;1.97;2.45;4.2;3.2;2.21;1.81;1.47;1.88;7.8;2.25;1.67;16.0;2.1;4.8;6.0;1.25;2.26;4.65;13;3.65;1.58;1.18;1.04;1.13;1.67;3.0;6.5;6.0;2.1;1.36;1.11;0;0;0;0;4;0;0;2;2;4;0;2022-08-05;-1;0;100;50;0;0;1;-1;2;6;5;0;8;5;-1;-1;-1;-1;-1;-1;1;98;79;113;97;1.88;2.14;4.03;-1;-1;-1;-1;-1;-1;-1;1;0;0;0;4;-1;-1;-1;-1;-1;-1;-1;-1;-1;-1;-1;0;0;50;100;100;50;100;100;0;6.0;0;0;2.5;Thun;Aarau;1.38;1.38;1.0;3.0;0.33;1.33;100;100;50;0;0;50;0;0;2.0;1.43;3.43;7496;17;Y;Y;Y;Y;N;N;Y
18;2465598;893;1146;2022/2023;complete;90930;4;-1;48,66;48,66;2;2;4;4;3;7;-1;-1;-1;-1;-1;-1;8;7;6;3;14;10;-1;-1;55;45;-1;-1;1.95;3.6;3.0;1.03;1.18;1.57;2.5;4.33;11.0;4.5;2.32;1.5;1.2;1.5;2.5;0;0;0;0;1.28;1.2;1.75;2.63;2.3;3.25;2.4;2.65;3.0;0;0;1.24;1.52;2.38;2.32;3.2;3.48;2.34;1.92;1.53;1.28;1.64;7.7;2.74;1.67;15.0;2.2;4.0;6.5;1.29;2.31;5.0;11;3.5;1.56;1.14;1.03;1.17;1.73;3.4;8.0;5.0;2.0;1.3;1.08;0;0;0;0;5;0;2;2;1;3;2;2022-08-07;1146;0;100;50;50;0;1;-1;0;1;4;2;1;6;-1;-1;-1;-1;-1;-1;1;80;70;124;105;2.03;1.63;3.66;-1;-1;-1;-1;-1;-1;-1;1;0;0;0;0;-1;-1;-1;-1;-1;-1;-1;-1;-1;-1;-1;50;50;50;100;100;50;100;100;50;8.0;0;0;4.0;Vaduz;Bellinzona;1.11;1.38;1.0;1.0;0.67;1.33;50;50;50;0;0;0;0;0;1.55;1.08;2.63;7496;17;Y;Y;Y;Y;Y;N;Y
19;2465599;895;1080;2022/2023;complete;90930;4;-1;;;0;0;0;3;9;12;-1;-1;-1;-1;-1;-1;8;8;7;5;15;13;-1;-1;56;44;-1;-1;1.67;4.0;4.33;1.03;1.17;1.57;2.3;4.2;11.0;4.75;2.27;1.57;1.2;1.53;2.38;0;0;0;0;1.16;1.17;2.05;2.38;2.38;3.75;2.1;2.8;3.4;0;0;1.22;1.49;2.25;2.25;3.08;3.64;2.41;2.0;1.58;1.3;1.44;8.3;3.44;1.57;13.0;2.4;3.2;0.0;1.3;2.26;5.0;11;3.4;1.58;1.14;1.03;1.14;1.73;3.4;7.0;5.5;2.0;1.3;1.1;0;0;0;0;0;0;0;0;0;0;0;2022-08-07;-1;0;100;100;0;0;1;-1;1;6;2;3;7;5;-1;-1;-1;-1;-1;-1;1;69;62;120;109;2.01;1.83;3.84;0;0;0;0;0;0;1;1;0;0;0;4;-1;-1;-1;-1;-1;-1;-1;-1;-1;-1;-1;75;75;100;100;100;100;100;100;75;15.5;0;0;5.0;Lausanne Sport;Stade Lausanne-Ouchy;2.5;1.75;3.0;1.5;2.0;2.0;25;25;0;0;0;75;75;25;1.98;1.66;3.64;7496;17;N;N;N;N;N;N;N
20;2465601;1074;899;2022/2023;complete;90930;5;-1;54;54;1;1;2;6;4;10;-1;-1;-1;-1;-1;-1;5;4;9;3;14;7;-1;-1;64;36;-1;-1;1.95;4.0;3.3;1.03;1.17;1.4;2.3;4.0;11.0;4.5;2.88;1.53;1.22;1.4;2.75;0;0;0;0;1.35;1.25;1.65;2.4;2.5;3.4;2.25;2.6;3.2;0;0;1.19;1.33;1.65;2.03;2.65;4.2;3.05;2.15;1.75;1.42;1.87;7.6;2.36;1.62;18.0;2.25;4.33;6.5;1.26;2.23;4.94;11;3.48;1.58;1.14;1.03;1.13;1.62;2.75;6.0;6.0;2.2;1.4;1.13;0;0;0;0;4;0;3;1;0;1;3;2022-08-12;899;0;75;50;25;0;1;-1;0;3;6;1;3;7;-1;-1;-1;-1;-1;-1;1;74;30;97;70;1.77;0.95;2.71;-1;-1;-1;-1;-1;-1;-1;1;0;1;0;2;-1;-1;-1;-1;-1;-1;-1;-1;-1;-1;-1;0;25;75;75;100;75;100;75;25;14.0;0;0;2.75;Yverdon Sport;Wil;2.0;1.22;3.0;1.5;2.5;2.25;100;75;25;25;0;100;100;100;1.86;1.56;3.42;7496;17;Y;Y;Y;Y;N;N;Y
21;2465600;900;895;2022/2023;complete;90930;5;-1;;;0;0;0;2;4;6;-1;-1;-1;-1;-1;-1;4;3;5;2;9;5;-1;-1;49;51;-1;-1;3.75;3.8;1.95;1.02;1.19;1.65;2.5;4.37;16.0;4.52;2.2;1.53;1.2;1.62;2.2;0;0;0;0;2.0;1.25;1.24;3.75;2.3;2.4;3.5;2.6;2.2;0;0;1.28;1.52;1.98;2.51;3.48;3.2;2.3;1.83;1.44;1.24;2.88;7.7;1.59;2.4;15.0;1.57;7.5;3.7;1.3;2.48;5.25;15;3.3;1.5;1.14;1.03;1.17;1.83;3.5;9.0;5.0;1.83;1.29;1.07;0;0;0;0;1;0;1;0;0;0;1;2022-08-12;895;0;75;50;50;0;1;-1;0;1;2;3;1;5;-1;-1;-1;-1;-1;-1;1;75;81;108;101;1.4;1.12;2.51;-1;-1;-1;-1;-1;-1;-1;1;0;0;0;0;-1;-1;-1;-1;-1;-1;-1;-1;-1;-1;-1;25;25;75;75;100;50;75;100;50;12.5;0;0;3.0;Neuchâtel Xamax;Lausanne Sport;1.11;0.78;0.0;1.5;0.0;1.75;75;75;25;25;0;75;50;25;1.31;1.92;3.23;7496;17;Y;N;N;N;N;N;N
22;2465602;1146;897;2022/2023;complete;90930;5;-1;;;0;0;0;6;8;14;-1;-1;-1;-1;-1;-1;8;6;8;4;16;10;-1;-1;34;66;-1;-1;4.0;3.8;1.85;1.02;1.17;1.57;2.38;3.82;16.0;4.86;2.35;1.55;1.25;1.57;2.25;0;0;0;0;1.55;1.27;1.38;3.75;2.38;2.4;3.25;2.45;2.2;0;0;1.19;1.33;2.0;2.02;2.64;4.2;2.93;2.14;1.71;1.4;2.29;7.6;1.86;2.25;15.0;1.62;6.5;4.0;1.28;2.41;5.25;14;3.4;1.58;1.14;1.03;1.17;1.73;3.4;8.0;5.0;2.0;1.3;1.08;0;0;0;0;4;0;1;0;3;3;1;2022-08-12;897;0;75;50;25;0;1;-1;2;6;4;2;8;6;-1;-1;-1;-1;-1;-1;1;52;61;90;118;1.94;1.5;3.45;-1;-1;-1;-1;-1;-1;-1;1;0;0;0;1;-1;-1;-1;-1;-1;-1;-1;-1;-1;-1;-1;25;50;75;75;100;50;50;100;50;6.0;0;0;3.25;Bellinzona;Aarau;1.33;1.38;1.5;2.0;1.75;1.25;75;50;25;25;0;75;50;25;1.19;1.78;2.97;7496;17;Y;Y;Y;Y;N;N;N
23;2465603;1080;902;2022/2023;complete;90930;5;-1;;;0;0;0;14;3;17;-1;-1;-1;-1;-1;-1;4;5;10;2;14;7;-1;-1;64;36;-1;-1;1.91;3.6;4.0;1.04;1.22;1.62;2.62;4.5;10.0;4.0;2.25;1.44;1.17;1.57;2.25;0;0;0;0;1.36;1.29;1.6;2.4;2.3;3.75;2.1;2.45;3.75;0;0;1.27;1.57;2.1;2.43;3.42;3.28;2.26;1.84;1.48;1.25;1.9;7.4;2.25;1.53;13.0;2.5;3.75;7.0;1.3;2.38;5.0;12;3.4;1.53;1.14;1.02;1.17;1.8;3.5;8.0;5.0;1.91;1.29;1.08;0;0;0;0;2;0;1;0;1;1;1;2022-08-13;902;0;100;100;0;0;1;-1;7;1;7;2;8;9;-1;-1;-1;-1;-1;-1;1;92;53;139;100;1.83;1.19;3.02;-1;-1;-1;-1;-1;-1;-1;1;0;0;1;0;-1;-1;-1;-1;-1;-1;-1;-1;-1;-1;-1;50;50;100;100;100;100;100;100;50;8.0;0;0;4.5;Stade Lausanne-Ouchy;FC Schaffhausen;2.11;0.89;3.0;0.0;1.75;1.5;50;50;0;0;0;100;100;50;1.84;1.88;3.72;7496;17;Y;Y;N;N;N;N;N
24;2465604;893;888;2022/2023;complete;90930;5;-1;58,79;58,79;2;2;4;5;7;12;-1;-1;-1;-1;-1;-1;3;10;7;6;10;16;-1;-1;54;46;-1;-1;2.62;3.75;2.21;1.04;1.2;1.53;2.4;4.33;10.0;4.33;2.35;1.53;1.2;1.5;2.5;0;0;0;0;1.5;1.29;1.44;3.4;2.38;2.6;3.0;2.45;2.38;0;0;1.23;1.35;2.0;2.1;2.75;3.8;2.84;2.11;1.71;1.37;2.09;7.5;2.03;2.1;13.0;1.73;4.8;5.0;1.33;2.38;5.5;12;3.25;1.53;1.12;1.02;1.17;1.73;3.4;8.0;5.0;2.0;1.3;1.08;0;0;0;0;6;0;1;2;3;5;1;2022-08-14;888;0;75;25;75;0;1;-1;2;1;3;6;3;9;-1;-1;-1;-1;-1;-1;1;81;68;108;84;1.43;2.19;3.62;-1;-1;-1;-1;-1;-1;-1;1;0;0;0;0;-1;-1;-1;-1;-1;-1;-1;-1;-1;-1;-1;50;75;75;75;100;75;100;75;75;10.0;0;0;4.0;Vaduz;Thun;1.11;1.11;0.5;0.0;0.5;0.5;50;25;25;25;0;50;50;50;1.79;2.28;4.07;7496;17;Y;Y;Y;Y;Y;Y;Y
25;2465606;899;888;2022/2023;complete;90930;6;-1;37;37;1;1;2;3;12;15;-1;-1;-1;-1;-1;-1;3;5;5;6;8;11;-1;-1;37;63;-1;-1;2.34;3.2;2.62;1.02;1.15;1.45;2.1;3.75;12.0;5.54;2.5;1.7;1.25;1.4;2.75;0;0;0;0;1.45;1.22;1.47;2.75;2.5;2.88;2.63;2.75;2.6;0;0;1.15;1.27;1.5;1.91;2.52;4.7;3.28;2.51;1.88;1.5;2.18;7.8;1.93;2.0;13.0;1.8;5.8;5.5;1.25;2.2;5.0;13;3.75;1.62;1.17;1.04;1.13;1.62;2.75;6.0;6.0;2.2;1.4;1.13;0;0;0;0;2;1;0;0;1;1;1;2022-08-26;-1;0;34;0;34;0;1;-1;1;5;2;7;6;9;-1;-1;-1;-1;-1;-1;1;68;117;115;171;1.22;1.9;3.12;-1;-1;-1;-1;-1;-1;-1;1;0;0;0;1;-1;-1;-1;-1;-1;-1;-1;-1;-1;-1;-1;17;34;34;84;100;42;75;59;59;11.5;0;0;2.84;Wil;Thun;2.75;1.11;3.0;1.0;2.4;1.0;84;67;67;17;0;75;75;75;1.95;2.25;4.2;7496;17;Y;Y;N;N;N;N;Y
26;2465605;902;1074;2022/2023;complete;90930;6;-1;13;13;1;1;2;5;5;10;-1;-1;-1;-1;-1;-1;6;6;10;9;16;15;-1;-1;51;49;-1;-1;3.25;3.8;2.1;1.03;1.18;1.57;2.4;4.0;11.0;4.5;2.35;1.53;1.22;1.57;2.25;0;0;0;0;1.35;1.25;1.57;3.5;2.3;2.6;3.1;2.6;2.38;0;0;1.21;1.4;2.0;2.31;2.93;3.74;2.6;2.01;1.54;1.33;2.18;6.9;1.99;2.2;12.0;1.67;4.75;5.5;1.3;2.38;6.0;17;3.4;1.53;1.13;1.03;1.17;1.8;3.5;8.0;5.0;1.91;1.29;1.08;0;0;0;0;3;1;0;0;2;2;1;2022-08-27;1074;0;50;50;50;0;1;-1;4;3;1;2;7;3;-1;-1;-1;-1;-1;-1;1;51;48;84;96;1.79;1.71;3.51;-1;-1;-1;-1;-1;-1;-1;1;0;0;2;0;-1;-1;-1;-1;-1;-1;-1;-1;-1;-1;-1;50;50;50;67;100;50;84;67;67;8.5;0;0;3.42;FC Schaffhausen;Yverdon Sport;1.0;1.44;2.0;2.0;1.8;2.0;50;50;50;34;0;50;50;50;1.47;1.46;2.93;7496;17;Y;Y;Y;N;N;N;Y
27;2465607;897;1080;2022/2023;complete;90930;6;-1;21,47,82;21,47,82;3;3;6;6;9;15;-1;-1;-1;-1;-1;-1;5;5;9;5;14;10;-1;-1;59;41;-1;-1;2.05;3.8;3.4;1.02;1.17;1.57;2.17;4.0;12.0;4.5;2.35;1.61;1.22;1.5;2.5;0;0;0;0;1.25;1.2;1.78;2.5;2.38;3.5;2.25;2.7;3.25;0;0;1.22;1.36;1.83;2.1;2.67;3.9;2.79;2.18;1.69;1.39;1.65;8.4;2.63;1.62;18.0;2.3;4.2;7.0;1.29;2.25;5.5;15;3.5;1.57;1.14;1.03;1.14;1.73;3.4;7.0;5.5;2.0;1.3;1.1;0;0;0;0;6;1;2;2;1;3;3;2022-08-27;-1;0;84;34;25;0;1;-1;2;1;4;8;3;12;-1;-1;-1;-1;-1;-1;1;48;43;88;74;1.58;1.29;2.87;-1;-1;-1;-1;-1;-1;-1;1;0;0;0;1;-1;-1;-1;-1;-1;-1;-1;-1;-1;-1;-1;17;17;59;84;84;34;84;84;42;12.0;0;0;2.59;Aarau;Stade Lausanne-Ouchy;1.44;1.75;0.5;1.33;1.6;1.4;84;84;42;17;17;59;59;59;1.44;1.72;3.16;7496;17;Y;Y;Y;Y;Y;Y;Y
28;2465608;1146;900;2022/2023;complete;90930;6;-1;61,71,90;61,71,90;3;3;6;6;3;9;-1;-1;-1;-1;-1;-1;5;5;3;8;8;13;-1;-1;58;42;-1;-1;2.25;3.6;3.0;1.03;1.16;1.85;2.24;4.2;11.0;4.4;1.95;1.58;1.17;1.73;2.0;0;0;0;0;1.31;1.25;1.77;2.88;2.1;3.4;2.5;2.7;3.0;0;0;1.38;1.72;2.23;3.1;0.0;2.75;2.0;1.57;1.32;0.0;0.0;0.0;0.0;1.73;16.5;2.2;4.2;6.0;1.29;2.25;5.5;15;3.5;1.57;1.14;1.03;1.22;2.0;4.33;11.0;4.0;1.73;1.2;1.05;0;0;0;0;4;0;1;3;0;3;1;2022-08-27;1146;0;17;17;0;0;1;-1;2;1;4;2;3;6;-1;-1;-1;-1;-1;-1;1;94;70;111;109;1.54;1.68;3.22;-1;-1;-1;-1;-1;-1;-1;1;0;0;0;0;-1;-1;-1;-1;-1;-1;-1;-1;-1;-1;-1;17;34;34;84;100;42;59;75;59;9.33;0;0;2.67;Bellinzona;Neuchâtel Xamax;1.33;0.25;1.0;0.0;1.4;0.0;84;67;67;17;0;59;59;42;1.44;1.48;2.92;7496;17;Y;Y;Y;Y;N;N;Y
29;2465609;895;893;2022/2023;complete;90930;6;-1;30,60,79;30,60,79;3;3;6;6;2;8;-1;-1;-1;-1;-1;-1;7;4;6;12;13;16;-1;-1;57;43;-1;-1;1.77;3.7;3.9;1.03;1.16;1.46;2.17;4.0;15.0;4.75;2.46;1.61;1.22;1.57;2.25;0;0;0;0;1.11;1.17;2.2;2.25;2.4;4.0;2.0;2.85;3.75;0;0;1.21;1.4;2.1;2.2;3.0;3.95;2.7;2.0;1.58;1.34;1.36;8.8;3.88;1.44;18.75;2.75;3.0;10.0;1.29;2.25;5.5;15;3.5;1.57;1.14;1.03;1.14;1.73;3.4;8.0;5.5;2.0;1.3;1.08;0;0;0;0;4;1;0;2;1;3;1;2022-08-28;895;0;50;25;0;0;1;-1;1;0;5;2;1;7;-1;-1;-1;-1;-1;-1;1;82;67;143;129;1.91;1.78;3.69;-1;-1;-1;-1;-1;-1;-1;1;0;0;0;0;-1;-1;-1;-1;-1;-1;-1;-1;-1;-1;-1;25;25;25;75;75;25;50;75;50;11.5;0;0;2.5;Lausanne Sport;Vaduz;2.5;0.75;2.0;0.5;2.0;0.4;75;75;75;25;25;75;75;50;2.0;1.77;3.77;7496;17;Y;Y;Y;Y;N;N;Y
30;2465610;1074;1146;2022/2023;complete;90930;7;-1;;;0;0;0;5;6;11;-1;-1;-1;-1;-1;-1;7;7;6;5;13;12;-1;-1;59;41;-1;-1;1.85;3.75;4.0;1.03;1.2;1.62;2.5;4.33;11.0;4.33;2.25;1.5;1.2;1.62;2.2;0;0;0;0;1.26;1.24;1.89;2.2;2.38;4.33;2.1;2.7;3.6;0;0;1.31;1.5;1.95;2.59;3.3;3.2;2.39;1.85;1.41;1.29;1.59;7.8;3.01;1.53;14.0;2.5;3.5;7.0;1.28;2.34;5.35;11;3.34;1.53;1.12;1.03;1.17;1.8;3.5;8.0;5.0;1.91;1.29;1.08;0;0;0;0;1;0;1;0;0;0;1;2022-09-02;1146;0;100;17;42;0;1;-1;4;5;1;1;9;2;-1;-1;-1;-1;-1;-1;1;88;60;143;113;1.95;1.69;3.64;-1;-1;-1;-1;-1;-1;-1;1;0;1;2;0;-1;-1;-1;-1;-1;-1;-1;-1;-1;-1;-1;25;59;75;100;100;75;100;100;42;10.67;0;0;3.59;Yverdon Sport;Bellinzona;2.0;1.38;2.0;2.0;2.17;1.67;75;42;25;0;0;50;50;34;1.83;1.35;3.18;7496;17;Y;N;N;N;N;N;N
31;2465611;888;895;2022/2023;complete;90930;7;-1;34,54;34,54;2;2;4;4;6;10;-1;-1;-1;-1;-1;-1;6;4;2;3;8;7;-1;-1;50;50;-1;-1;2.8;3.5;2.45;1.02;1.18;1.53;2.42;4.17;16.75;4.37;2.4;1.5;1.19;1.5;2.5;0;0;0;0;1.45;1.25;1.48;3.1;2.38;2.75;2.75;2.75;2.6;0;0;1.21;1.39;2.1;2.21;2.65;4.0;2.75;2.1;1.61;1.42;2.24;7.4;1.93;2.05;17.0;1.8;5.5;4.6;1.3;2.35;5.0;11;3.25;1.52;1.13;1.03;1.14;1.73;3.25;7.0;5.5;2.0;1.33;1.1;0;0;0;0;2;1;0;1;0;1;1;2022-09-02;888;0;67;0;42;0;1;-1;4;2;0;4;6;4;-1;-1;-1;-1;-1;-1;1;29;52;79;90;1.14;1.11;2.25;-1;-1;-1;-1;-1;-1;-1;1;0;0;1;0;-1;-1;-1;-1;-1;-1;-1;-1;-1;-1;-1;0;25;42;67;100;0;59;84;42;11.83;0;0;2.34;Thun;Lausanne Sport;1.38;0.78;1.0;2.0;1.0;2.17;100;75;59;34;0;59;59;42;1.94;1.65;3.59;7496;17;Y;Y;N;N;N;N;N
32;2465612;897;899;2022/2023;complete;90930;7;-1;6,28;6,28;2;2;4;9;5;14;-1;-1;-1;-1;-1;-1;8;7;5;5;13;12;-1;-1;58;42;-1;-1;1.85;3.8;3.75;1.02;1.1;1.44;2.15;3.2;17.0;5.55;2.7;1.66;1.28;1.44;2.63;0;0;0;0;1.29;1.22;1.85;2.3;2.5;3.6;2.1;2.62;3.4;0;0;0.0;1.22;1.37;1.67;2.14;0.0;3.8;2.75;2.13;1.66;1.5;8.4;3.13;1.53;24.0;2.4;4.0;8.0;1.25;2.1;4.33;9;3.75;1.67;1.2;1.05;1.13;1.62;3.0;6.5;6.0;2.2;1.36;1.11;0;0;0;0;3;2;0;0;1;1;2;2022-09-03;897;0;84;33;34;0;1;-1;5;2;4;3;7;7;-1;-1;-1;-1;-1;-1;1;74;76;124;93;1.92;1.79;3.72;-1;-1;-1;-1;-1;-1;-1;1;1;0;1;0;-1;-1;-1;-1;-1;-1;-1;-1;-1;-1;-1;17;33;67;84;100;50;100;84;34;9.67;0;0;3.17;Aarau;Wil;1.44;1.22;0.67;2.0;1.5;2.17;84;67;33;17;0;84;84;67;1.49;1.35;2.84;7496;17;Y;Y;Y;N;N;N;Y
33;2465613;1080;900;2022/2023;complete;90930;7;-1;41,76;41,76;2;2;4;9;6;15;-1;-1;-1;-1;-1;-1;6;3;14;9;20;12;-1;-1;60;40;-1;-1;1.85;3.8;3.8;1.04;1.22;1.7;2.62;4.75;10.0;4.0;2.1;1.44;1.15;1.67;2.1;0;0;0;0;1.2;1.25;2.0;2.38;2.25;4.0;2.1;2.5;3.75;0;0;1.26;1.48;2.38;2.54;3.34;3.34;2.42;1.87;1.43;1.26;1.4;8.4;3.68;1.53;14.25;2.6;3.3;7.0;1.3;2.38;5.5;12;3.4;1.53;1.12;1.02;1.18;1.83;3.75;10.0;4.5;1.83;1.25;1.06;0;0;0;0;3;1;1;1;0;1;2;2022-09-03;1080;0;42;25;0;0;1;-1;4;1;5;5;5;10;-1;-1;-1;-1;-1;-1;1;89;56;122;91;2.32;1.37;3.69;-1;-1;-1;-1;-1;-1;-1;1;0;1;1;1;-1;-1;-1;-1;-1;-1;-1;-1;-1;-1;-1;0;17;42;100;100;42;84;84;34;15.0;0;0;2.59;Stade Lausanne-Ouchy;Neuchâtel Xamax;2.11;0.25;1.5;0.0;1.33;0.0;100;84;59;0;0;84;67;67;1.83;1.55;3.38;7496;17;Y;Y;Y;N;N;N;Y
34;2465614;893;902;2022/2023;complete;90930;7;-1;24;24;1;1;2;6;4;10;-1;-1;2;3;0;0;10;3;10;8;20;11;-1;-1;50;50;2;3;2.81;3.51;2.11;1.03;1.17;1.54;2.2;4.0;11.0;4.5;2.38;1.65;1.22;1.44;2.63;0;0;0;0;1.44;1.25;1.57;2.63;2.4;3.1;2.4;2.5;2.88;0;0;1.24;1.45;2.0;2.45;3.18;3.48;2.49;1.93;1.47;1.29;1.88;7.5;2.27;1.67;13.0;2.1;4.8;5.8;1.29;2.3;4.75;11;3.5;1.57;1.15;1.03;1.14;1.67;3.25;7.0;5.5;2.1;1.33;1.1;0;0;0;0;2;1;0;0;1;1;1;2022-09-04;-1;0;75;42;50;0;1;1;4;2;2;2;6;4;1;0;1;3;1;4;1;68;87;93;108;2.44;1.53;3.98;0;0;0;0;0;0;1;1;0;0;0;1;1;0;-1;-1;-1;-1;-1;-1;-1;-1;-1;75;75;75;100;100;59;100;100;75;7.17;0;0;4.84;Vaduz;FC Schaffhausen;1.11;0.89;0.33;1.5;0.33;1.5;25;25;25;0;0;67;67;42;1.67;1.53;3.2;7496;17;Y;Y;N;N;N;N;Y
35;2465616;902;897;2022/2023;complete;90930;8;-1;;;0;0;0;5;4;9;-1;-1;-1;-1;-1;-1;4;7;7;7;11;14;-1;-1;50;50;-1;-1;3.6;4.0;1.85;1.03;1.2;1.48;2.3;4.33;11.0;4.33;2.6;1.57;1.2;1.5;2.5;0;0;0;0;1.63;1.27;1.45;3.6;2.4;2.3;3.5;2.68;2.1;0;0;1.17;1.31;1.59;2.05;2.57;4.5;3.04;2.23;1.74;1.42;2.29;7.8;1.85;2.4;16.5;1.53;7.0;3.75;1.28;2.41;5.2;11;3.34;1.58;1.12;1.03;1.14;1.67;3.0;6.5;5.5;2.1;1.36;1.11;0;0;0;0;2;0;1;0;1;1;1;2022-09-09;897;0;46;17;17;0;1;-1;3;1;2;3;4;5;-1;-1;-1;-1;-1;-1;1;61;58;98;127;1.42;1.8;3.22;-1;-1;-1;-1;-1;-1;-1;1;0;0;0;0;-1;-1;-1;-1;-1;-1;-1;-1;-1;-1;-1;0;34;63;75;100;17;71;75;59;10.33;0;0;2.71;FC Schaffhausen;Aarau;1.0;1.38;1.5;2.33;1.43;1.71;100;67;38;25;0;100;84;71;1.55;1.69;3.24;7496;17;Y;Y;N;N;N;N;N
36;2465617;1080;888;2022/2023;complete;90930;8;-1;15,60;15,60;2;2;4;6;3;9;-1;-1;-1;-1;-1;-1;5;5;7;5;12;10;-1;-1;50;50;-1;-1;2.7;3.4;2.63;1.03;1.2;1.62;2.5;4.33;11.0;4.33;2.25;1.5;1.2;1.53;2.38;0;0;0;0;1.44;1.25;1.53;3.0;2.3;3.0;2.75;2.45;2.63;0;0;1.19;1.36;1.83;2.13;2.78;4.2;2.79;2.15;1.67;1.36;1.92;7.7;2.2;2.05;12.0;1.8;5.0;4.8;1.3;2.38;5.0;12;3.4;1.53;1.14;1.02;1.17;1.8;3.5;8.0;5.0;1.91;1.29;1.08;0;0;0;0;4;1;2;1;0;1;3;2022-09-10;-1;0;71;34;25;0;1;-1;1;1;5;2;2;7;-1;-1;-1;-1;-1;-1;1;104;69;132;110;1.86;1.49;3.35;-1;-1;-1;-1;-1;-1;-1;1;0;1;0;0;-1;-1;-1;-1;-1;-1;-1;-1;-1;-1;-1;13;25;59;88;100;46;100;88;25;17.17;0;0;2.96;Stade Lausanne-Ouchy;Thun;2.11;1.11;2.0;1.0;1.57;1.29;88;75;42;13;0;100;100;100;2.0;2.16;4.16;7496;17;Y;Y;Y;Y;N;N;Y
37;2465618;899;1146;2022/2023;complete;90930;8;-1;30,55,60,89,90;30,55,60,89,90;5;5;10;0;9;9;-1;-1;-1;-1;-1;-1;9;5;2;11;11;16;-1;-1;47;53;-1;-1;2.0;3.75;3.5;1.02;1.17;1.67;2.3;4.0;12.0;4.5;2.15;1.57;1.22;1.62;2.2;0;0;0;0;1.29;1.25;1.83;2.5;2.25;3.6;2.25;2.6;3.4;0;0;0.0;1.29;1.91;2.0;2.48;0.0;3.25;2.33;1.8;1.47;0.0;0.0;0.0;1.62;15.0;2.38;3.8;6.5;1.3;2.38;5.0;11;3.4;1.53;1.14;1.03;1.18;1.83;3.75;9.0;4.5;1.83;1.25;1.07;0;0;0;0;6;1;1;4;0;4;2;2022-09-11;899;0;50;0;17;0;1;-1;0;4;0;5;4;5;-1;-1;-1;-1;-1;-1;1;63;75;98;112;1.78;1.9;3.68;-1;-1;-1;-1;-1;-1;-1;1;0;0;0;0;-1;-1;-1;-1;-1;-1;-1;-1;-1;-1;-1;17;17;17;84;100;33;84;67;33;8.67;0;0;2.34;Wil;Bellinzona;2.75;1.38;2.33;2.33;1.86;1.86;84;84;84;17;0;50;50;50;1.7;1.46;3.16;7496;17;Y;Y;Y;Y;Y;Y;Y
38;2465619;895;1074;2022/2023;complete;90930;8;-1;6,14,46;6,14,46;3;3;6;11;5;16;-1;-1;-1;-1;-1;-1;15;4;8;4;23;8;-1;-1;63;37;-1;-1;1.76;3.43;3.91;1.04;1.2;1.62;2.5;4.33;10.0;4.33;2.25;1.5;1.2;1.62;2.2;0;0;0;0;1.26;1.25;1.87;2.38;2.3;4.0;2.1;2.69;3.6;0;0;1.21;1.4;2.2;2.2;3.0;3.95;2.7;2.0;1.58;1.34;0.0;0.0;0.0;1.53;13.0;2.5;3.6;7.0;1.29;2.36;5.4;12;3.3;1.52;1.12;1.03;1.17;1.8;3.5;8.0;5.0;1.91;1.29;1.08;0;0;0;0;5;2;1;1;1;2;3;2022-09-11;895;0;84;50;50;0;1;-1;4;3;7;2;7;9;-1;-1;-1;-1;-1;-1;1;98;51;89;65;3.19;1.15;4.34;-1;-1;-1;-1;-1;-1;-1;1;1;0;0;0;-1;-1;-1;-1;-1;-1;-1;-1;-1;-1;-1;50;67;84;84;84;50;84;84;84;9.67;0;0;4.0;Lausanne Sport;Yverdon Sport;2.5;1.44;2.33;2.33;1.86;1.86;50;33;17;17;17;50;50;17;1.97;1.54;3.51;7496;17;Y;Y;Y;Y;Y;N;Y
39;2465615;900;893;2022/2023;complete;90930;8;-1;44;44;1;1;2;5;16;21;-1;-1;-1;-1;-1;-1;3;8;4;10;7;18;-1;-1;50;50;-1;-1;2.45;3.18;2.55;1.04;1.22;1.65;2.62;4.5;10.0;4.0;2.2;1.44;1.17;1.53;2.38;0;0;0;0;1.46;1.27;1.52;3.2;2.3;2.88;2.88;2.63;2.6;0;0;1.28;1.52;1.97;2.64;3.48;3.2;2.35;1.81;1.39;1.24;1.94;7.4;2.2;2.1;11.0;1.73;5.0;4.6;1.29;2.39;5.5;13;3.26;1.51;1.11;1.02;1.17;1.8;3.5;8.0;5.0;1.91;1.29;1.08;0;0;0;0;2;1;0;0;1;1;1;2022-09-11;-1;0;67;34;33;0;1;-1;3;7;2;9;10;11;-1;-1;-1;-1;-1;-1;1;54;80;78;85;1.05;2.26;3.31;-1;-1;-1;-1;-1;-1;-1;1;0;0;1;1;-1;-1;-1;-1;-1;-1;-1;-1;-1;-1;-1;17;33;50;84;100;34;84;84;50;8.67;0;0;2.84;Neuchâtel Xamax;Vaduz;1.11;0.75;0.0;0.33;0.0;0.43;84;67;50;17;0;33;17;17;1.34;1.77;3.11;7496;17;Y;Y;N;N;N;N;Y
40;2465622;888;900;2022/2023;complete;90930;9;-1;31,56;31,56;2;2;4;5;4;9;-1;-1;-1;-1;-1;-1;5;2;5;13;10;15;-1;-1;54;46;-1;-1;1.7;3.8;5.0;1.04;1.18;1.53;2.38;4.75;10.0;4.5;2.4;1.55;1.15;1.57;2.25;0;0;0;0;1.15;1.18;2.05;2.1;2.4;4.33;1.83;2.75;4.33;0;0;1.19;1.33;2.1;2.1;2.64;4.2;2.93;2.24;1.71;1.4;1.28;9.3;4.6;1.44;14.25;2.88;3.1;9.5;1.3;2.5;6.0;17;3.4;1.5;1.13;1.03;1.14;1.67;3.25;7.0;5.5;2.1;1.33;1.1;0;0;0;0;3;1;1;1;0;1;2;2022-09-30;888;0;59;13;17;0;1;-1;3;1;2;3;4;5;-1;-1;-1;-1;-1;-1;1;41;62;102;108;1.29;1.54;2.82;-1;-1;-1;-1;-1;-1;-1;1;0;0;1;1;-1;-1;-1;-1;-1;-1;-1;-1;-1;-1;-1;0;29;42;100;100;25;71;88;42;10.25;0;0;2.71;Thun;Neuchâtel Xamax;1.38;0.25;1.67;0.0;1.25;0.13;100;71;59;0;0;71;59;42;1.68;1.5;3.18;7496;17;Y;Y;Y;N;N;N;Y
41;2465620;1074;897;2022/2023;complete;90930;9;-1;74,82;74,82;2;2;4;4;8;12;-1;-1;-1;-1;-1;-1;8;4;6;5;14;9;-1;-1;50;50;-1;-1;2.5;3.5;2.75;1.02;1.17;1.53;2.2;4.0;12.0;4.5;2.4;1.6;1.22;1.44;2.63;0;0;0;0;1.5;1.22;1.44;2.75;2.38;3.0;2.63;2.7;2.75;0;0;1.17;1.31;1.53;1.93;2.6;4.5;3.04;2.43;1.86;1.47;2.21;7.8;1.91;1.73;19.75;2.1;5.0;5.0;1.25;2.2;5.0;13;3.75;1.62;1.17;1.04;1.14;1.67;3.25;7.0;5.5;2.1;1.33;1.1;0;0;0;0;4;0;0;2;2;4;0;2022-09-30;-1;0;63;25;25;0;1;-1;2;4;2;4;6;6;-1;-1;-1;-1;-1;-1;1;61;66;95;113;1.88;1.33;3.22;-1;-1;-1;-1;-1;-1;-1;1;0;0;0;2;-1;-1;-1;-1;-1;-1;-1;-1;-1;-1;-1;0;50;75;88;100;50;88;88;38;12.0;0;0;3.13;Yverdon Sport;Aarau;2.0;1.38;1.5;2.5;1.63;1.88;100;50;25;13;0;100;75;63;1.86;1.72;3.58;7496;17;Y;Y;Y;Y;N;N;Y
42;2465621;895;899;2022/2023;complete;90930;9;-1;11,43,60,67;11,43,60,67;4;4;8;7;3;10;-1;-1;-1;-1;-1;-1;5;5;8;9;13;14;-1;-1;57;43;-1;-1;1.53;4.75;5.25;1.0;1.2;1.48;2.2;3.75;11.0;4.33;2.6;1.61;1.25;1.62;2.2;0;0;0;0;1.16;1.18;2.0;1.95;2.5;5.0;1.8;2.8;4.75;0;0;1.15;1.31;1.83;1.93;2.5;4.7;3.2;2.4;1.88;1.45;1.28;9.6;4.55;1.36;18.0;3.1;3.1;10.0;1.25;2.2;5.0;13;3.75;1.62;1.17;1.04;1.14;1.67;3.0;6.5;5.5;2.1;1.36;1.11;0;0;0;0;4;2;0;2;0;2;2;2022-09-30;895;0;75;38;25;0;1;-1;4;3;3;0;7;3;-1;-1;-1;-1;-1;-1;1;55;41;86;81;1.57;1.53;3.1;-1;-1;-1;-1;-1;-1;-1;1;0;0;2;2;-1;-1;-1;-1;-1;-1;-1;-1;-1;-1;-1;25;50;75;75;88;63;88;75;38;12.0;0;0;3.25;Lausanne Sport;Wil;2.5;1.22;2.5;1.5;2.0;2.0;75;50;25;25;13;88;88;63;2.27;1.46;3.73;7496;17;Y;Y;Y;Y;N;N;N
43;2465623;893;1080;2022/2023;complete;90930;9;-1;;;0;0;0;9;5;14;-1;-1;-1;-1;-1;-1;6;7;17;9;23;16;-1;-1;56;44;-1;-1;2.3;3.5;3.0;1.03;1.13;1.5;2.3;3.74;14.0;4.84;2.5;1.57;1.21;1.44;2.63;0;0;0;0;1.42;1.2;1.53;2.75;2.4;3.1;2.5;2.7;2.88;0;0;1.18;1.36;1.91;2.21;2.78;4.1;2.79;2.13;1.64;1.36;2.16;7.6;1.96;1.73;18.5;2.1;5.0;5.5;1.29;2.25;5.5;15;3.5;1.57;1.14;1.03;1.14;1.67;3.25;7.0;5.5;2.1;1.33;1.1;0;0;0;0;2;0;1;0;1;1;1;2022-10-02;1080;0;88;50;50;0;1;-1;3;3;6;2;6;8;-1;-1;-1;-1;-1;-1;1;93;67;120;92;2.53;1.98;4.51;-1;-1;-1;-1;-1;-1;-1;1;0;0;1;0;-1;-1;-1;-1;-1;-1;-1;-1;-1;-1;-1;63;63;75;88;88;63;88;88;63;13.25;0;2;4.13;Vaduz;Stade Lausanne-Ouchy;1.11;1.75;0.5;1.25;0.5;1.5;38;38;25;13;13;63;63;50;1.86;1.61;3.47;7496;17;Y;Y;N;N;N;N;N
44;2465624;1146;902;2022/2023;complete;90930;9;-1;83;83;1;1;2;3;3;6;-1;-1;-1;-1;-1;-1;5;5;4;9;9;14;-1;-1;46;54;-1;-1;2.2;3.5;3.2;1.01;1.23;1.8;2.88;5.3;9.9;3.56;2.0;1.34;1.1;1.67;2.1;0;0;0;0;1.3;1.25;1.63;2.75;2.2;3.5;2.5;2.5;3.1;0;0;0.0;0.0;2.1;0.0;0.0;0.0;0.0;0.0;0.0;0.0;2.07;8.0;2.15;1.73;9.9;2.25;3.9;5.5;1.36;2.63;7.0;19;3.0;1.44;1.1;1.02;1.2;1.91;4.0;10.0;4.33;1.8;1.22;1.06;0;0;0;0;4;0;0;1;3;4;0;2022-10-02;902;0;59;29;0;0;1;-1;2;3;1;0;5;1;-1;-1;-1;-1;-1;-1;1;60;59;113;95;1.36;1.66;3.02;-1;-1;-1;-1;-1;-1;-1;1;0;0;0;0;-1;-1;-1;-1;-1;-1;-1;-1;-1;-1;-1;29;54;54;88;100;29;88;100;54;7.0;0;3;3.42;Bellinzona;FC Schaffhausen;1.33;0.89;1.5;1.33;1.63;1.25;71;46;46;13;0;88;75;29;1.46;1.53;2.99;7496;17;Y;Y;Y;Y;N;N;Y
45;2465625;897;888;2022/2023;complete;90930;10;-1;67,79;67,79;2;2;4;5;10;15;-1;-1;-1;-1;-1;-1;4;7;14;1;18;8;-1;-1;61;39;-1;-1;1.95;3.6;3.1;1.02;1.17;1.47;2.2;4.0;12.0;4.5;2.5;1.63;1.22;1.36;3.0;0;0;0;0;1.35;1.27;1.58;2.63;2.5;3.0;2.5;2.79;2.75;0;0;1.13;1.24;1.44;1.81;2.35;5.1;3.48;2.51;1.97;1.52;1.81;8.0;2.34;1.73;20.5;2.0;5.0;6.5;1.24;2.14;4.64;10;3.64;1.63;1.16;1.04;1.11;1.57;2.75;5.5;6.5;2.25;1.4;1.14;0;0;0;0;4;0;1;2;1;3;1;2022-10-07;-1;0;90;23;45;0;1;-1;0;8;5;2;8;7;-1;-1;-1;-1;-1;-1;1;71;62;96;88;1.92;1.45;3.37;-1;-1;-1;-1;-1;-1;-1;1;0;0;0;1;-1;-1;-1;-1;-1;-1;-1;-1;-1;-1;-1;23;43;68;90;100;45;100;90;45;12.35;0;0;3.45;Aarau;Thun;1.44;1.11;1.25;1.0;1.78;1.44;78;58;33;10;0;88;78;78;1.6;2.03;3.63;7496;17;Y;Y;Y;Y;N;N;Y
46;2465626;900;1146;2022/2023;complete;90930;10;-1;4,28,40,66;4,28,40,66;4;4;8;6;2;8;-1;-1;-1;-1;-1;-1;12;5;9;10;21;15;-1;-1;54;46;-1;-1;2.62;3.4;2.3;1.04;1.22;1.64;2.62;4.5;10.0;4.0;2.12;1.44;1.17;1.67;2.1;0;0;0;0;1.42;1.28;1.48;2.5;2.25;3.75;2.2;2.59;3.5;0;0;1.27;1.5;1.95;2.5;3.5;3.4;2.38;1.85;1.46;1.26;1.83;7.4;2.36;1.57;14.25;2.5;3.8;7.0;1.31;2.46;5.75;12;3.14;1.48;1.1;1.03;1.18;1.83;3.75;9.0;4.5;1.83;1.25;1.07;0;0;0;0;4;3;0;1;0;1;3;2022-10-07;900;0;75;38;25;0;1;-1;3;2;3;0;5;3;-1;-1;-1;-1;-1;-1;1;80;65;122;107;2.74;1.77;4.51;-1;-1;-1;-1;-1;-1;-1;1;1;0;1;0;-1;-1;-1;-1;-1;-1;-1;-1;-1;-1;-1;38;38;50;75;100;50;100;75;38;9.5;0;0;3.13;Neuchâtel Xamax;Bellinzona;1.11;1.38;0.25;1.75;0.11;1.44;63;63;50;25;0;50;25;25;1.27;1.57;2.84;7496;17;Y;Y;Y;Y;N;N;N
47;2465628;1080;895;2022/2023;complete;90930;10;-1;27,90;27,90;2;2;4;5;6;11;-1;-1;-1;-1;-1;-1;7;4;6;4;13;8;-1;-1;55;45;-1;-1;3.1;3.6;2.2;1.04;1.22;1.73;2.62;4.5;10.0;4.0;2.08;1.44;1.17;1.57;2.25;0;0;0;0;1.55;1.28;1.35;3.4;2.25;2.75;3.0;2.5;2.4;0;0;1.19;1.37;2.1;2.1;2.8;4.2;2.85;2.1;1.65;1.38;0.0;0.0;0.0;2.25;15.0;1.67;5.8;4.4;1.3;2.3;5.5;12;3.4;1.57;1.12;1.02;1.18;1.83;3.75;9.0;4.5;1.83;1.25;1.07;0;0;0;0;3;1;1;1;0;1;2;2022-10-08;1080;0;50;38;13;0;1;-1;2;3;3;3;5;6;-1;-1;-1;-1;-1;-1;1;91;73;104;106;1.96;1.32;3.28;-1;-1;-1;-1;-1;-1;-1;1;0;0;1;1;-1;-1;-1;-1;-1;-1;-1;-1;-1;-1;-1;0;13;50;75;100;38;88;88;13;15.0;0;0;2.38;Stade Lausanne-Ouchy;Lausanne Sport;2.11;0.78;1.75;1.5;1.67;2.11;100;88;50;25;0;88;75;50;1.96;1.51;3.47;7496;17;Y;Y;Y;N;N;N;Y
48;2465629;899;1074;2022/2023;complete;90930;10;-1;22,32,71,84;22,32,71,84;4;4;8;5;3;8;-1;-1;-1;-1;-1;-1;5;0;0;0;5;0;-1;-1;50;50;-1;-1;2.38;4.0;2.6;1.02;1.12;1.48;2.28;4.0;12.0;4.95;2.6;1.58;1.22;1.44;2.63;0;0;0;0;1.44;1.2;1.52;2.75;2.4;3.0;2.5;2.7;2.75;0;0;1.15;1.31;1.49;1.9;2.49;4.7;3.2;2.41;1.89;1.45;2.13;7.7;2.0;1.73;21.0;2.0;5.5;5.0;1.22;2.21;4.74;10;3.82;1.61;1.15;1.04;1.14;1.67;3.0;6.5;5.5;2.1;1.36;1.11;0;0;0;0;4;2;0;2;0;2;2;2022-10-08;899;0;75;50;38;0;1;-1;2;1;3;2;3;5;-1;-1;-1;-1;-1;-1;1;73;67;102;115;1.2;0.5;1.71;-1;-1;-1;-1;-1;-1;-1;1;0;0;1;0;-1;-1;-1;-1;-1;-1;-1;-1;-1;-1;-1;50;50;63;100;100;63;88;88;75;7.75;0;0;3.88;Wil;Yverdon Sport;2.75;1.44;2.5;1.75;1.78;1.56;50;50;38;0;0;63;50;38;1.72;1.45;3.17;7496;17;Y;Y;Y;Y;N;N;N
49;2465627;902;893;2022/2023;complete;90930;10;-1;35,43;35,43;2;2;4;3;5;8;-1;-1;-1;-1;-1;-1;8;9;4;9;12;18;-1;-1;47;53;-1;-1;2.63;3.6;2.55;1.04;1.22;1.6;2.65;4.5;10.0;4.0;2.3;1.44;1.17;1.5;2.5;0;0;0;0;1.38;1.25;1.53;3.0;2.3;2.88;2.75;2.55;2.63;0;0;1.23;1.42;1.91;2.27;2.75;3.8;2.65;2.07;1.61;1.39;1.8;7.8;2.46;2.0;14.0;1.8;4.6;5.0;1.4;2.5;5.5;12;2.75;1.48;1.12;1.02;1.17;1.73;3.4;8.0;5.0;2.0;1.3;1.08;0;0;0;0;4;2;0;0;2;2;2;2022-10-09;-1;0;48;0;13;0;1;-1;3;1;0;4;4;4;-1;-1;-1;-1;-1;-1;1;52;65;85;100;1.69;2.23;3.92;-1;-1;-1;-1;-1;-1;-1;1;0;0;2;0;-1;-1;-1;-1;-1;-1;-1;-1;-1;-1;-1;0;13;23;80;100;0;78;80;45;12.5;0;0;2.15;FC Schaffhausen;Vaduz;1.0;0.75;1.2;0.5;1.44;0.44;100;88;78;20;0;75;65;55;1.52;1.89;3.41;7496;17;Y;Y;Y;Y;N;N;Y
50;2465631;895;900;2022/2023;complete;90930;11;-1;45,72;45,72;2;2;4;8;3;11;-1;-1;-1;-1;-1;-1;5;5;10;4;15;9;-1;-1;48;52;-1;-1;1.38;5.0;6.5;1.02;1.17;1.5;2.3;4.0;12.0;4.5;2.5;1.57;1.22;1.57;2.25;0;0;0;0;1.08;1.18;2.8;2.2;2.4;4.33;1.95;2.88;4.0;0;0;1.27;1.43;2.25;2.39;3.0;3.4;2.54;1.96;1.5;1.34;1.32;8.5;4.66;1.44;17.5;2.63;3.0;9.5;1.25;2.2;4.75;11;3.75;1.62;1.15;1.03;1.14;1.73;3.4;8.0;5.5;2.0;1.3;1.08;0;0;0;0;3;1;0;1;1;2;1;2022-10-14;895;0;60;40;20;0;1;-1;3;0;5;3;3;8;-1;-1;-1;-1;-1;-1;1;61;63;112;112;1.74;1.38;3.12;-1;-1;-1;-1;-1;-1;-1;1;0;0;1;0;-1;-1;-1;-1;-1;-1;-1;-1;-1;-1;-1;20;50;70;90;90;60;80;80;60;12.0;0;0;3.3;Lausanne Sport;Neuchâtel Xamax;2.5;0.25;2.6;0.0;1.9;0.4;80;50;30;10;10;80;60;40;2.13;1.51;3.64;7496;17;Y;Y;Y;N;N;N;Y
51;2465632;888;1080;2022/2023;complete;90930;11;-1;;;0;0;0;5;7;12;-1;-1;-1;-1;-1;-1;5;5;5;4;10;9;-1;-1;54;46;-1;-1;1.95;3.75;3.3;1.03;1.2;1.55;2.4;4.33;11.0;4.33;2.35;1.55;1.2;1.53;2.38;0;0;0;0;1.33;1.25;1.7;2.88;2.3;3.1;2.63;2.6;2.75;0;0;1.17;1.33;1.83;2.03;2.65;4.5;3.05;2.24;1.75;1.42;1.74;8.0;2.57;1.8;16.5;2.1;4.8;5.5;1.3;2.25;5.0;11;3.4;1.6;1.14;1.03;1.17;1.8;3.5;8.0;5.0;1.91;1.29;1.08;0;0;0;0;2;0;0;0;2;2;0;2022-10-14;1080;0;68;43;23;0;1;-1;1;4;4;3;5;7;-1;-1;-1;-1;-1;-1;1;72;50;108;92;1.51;1.29;2.79;-1;-1;-1;-1;-1;-1;-1;1;0;0;0;1;-1;-1;-1;-1;-1;-1;-1;-1;-1;-1;-1;20;33;55;90;90;43;78;90;33;12.6;0;0;2.98;Thun;Stade Lausanne-Ouchy;1.38;1.75;2.0;1.6;1.4;1.8;80;68;45;10;10;78;65;53;1.58;1.69;3.27;7496;17;Y;Y;N;N;N;N;N
52;2465634;1074;902;2022/2023;complete;90930;11;-1;21,31,53;21,31,53;3;3;6;5;7;12;-1;-1;-1;-1;-1;-1;5;4;6;8;11;12;-1;-1;45;55;-1;-1;1.83;3.75;3.75;1.03;1.17;1.55;2.4;4.0;11.0;4.5;2.35;1.55;1.22;1.57;2.25;0;0;0;0;1.35;1.25;1.81;2.3;2.38;4.0;2.1;2.7;3.6;0;0;1.2;1.38;2.0;2.17;2.9;4.0;2.8;2.12;1.64;1.36;1.65;8.2;2.76;1.53;13.0;2.5;3.8;7.5;1.3;2.41;5.5;15;3.4;1.58;1.14;1.03;1.17;1.73;3.4;8.0;5.0;2.0;1.3;1.08;0;0;0;0;3;2;0;1;0;1;2;2022-10-14;1074;0;78;23;33;0;1;-1;4;4;1;3;8;4;-1;-1;-1;-1;-1;-1;1;53;68;123;141;1.44;1.54;2.98;-1;-1;-1;-1;-1;-1;-1;1;0;0;1;0;-1;-1;-1;-1;-1;-1;-1;-1;-1;-1;-1;13;55;65;90;100;43;78;90;45;9.4;0;3;3.35;Yverdon Sport;FC Schaffhausen;2.0;0.89;1.4;1.75;1.4;1.4;88;45;35;10;0;88;88;53;1.86;1.56;3.42;7496;17;Y;Y;Y;N;N;N;N
53;2465630;1146;899;2022/2023;complete;90930;11;-1;6,7,30,33,69;6,7,30,33,69;5;5;10;3;4;7;-1;-1;-1;-1;-1;-1;7;2;0;7;7;9;-1;-1;37;63;-1;-1;2.55;4.0;2.45;1.03;1.14;1.6;2.23;3.9;15.0;4.64;2.3;1.61;1.2;1.53;2.38;0;0;0;0;1.62;1.27;1.41;3.0;2.3;2.88;3.0;2.72;2.4;0;0;1.18;1.27;1.83;1.93;2.4;4.3;3.4;2.43;1.88;1.5;2.38;7.8;1.8;2.2;17.5;1.73;5.8;5.0;1.26;2.43;5.0;11;3.48;1.52;1.14;1.03;1.17;1.8;3.5;8.0;5.0;1.91;1.29;1.08;0;0;0;0;6;4;1;1;0;1;5;2022-10-15;1146;0;60;20;10;0;1;-1;2;3;1;1;5;2;-1;-1;-1;-1;-1;-1;1;46;71;96;110;1.27;1.23;2.5;-1;-1;-1;-1;-1;-1;-1;1;2;0;0;0;-1;-1;-1;-1;-1;-1;-1;-1;-1;-1;-1;10;60;80;80;100;50;80;90;50;8.4;0;0;3.3;Bellinzona;Wil;1.33;1.22;1.2;1.2;1.3;1.9;90;40;20;20;0;80;70;40;1.44;1.48;2.92;7496;17;Y;Y;Y;Y;Y;Y;Y
54;2465633;893;897;2022/2023;complete;90930;11;-1;4,13,27,33;4,13,27,33;4;4;8;8;9;17;-1;-1;-1;-1;-1;-1;10;6;6;13;16;19;-1;-1;43;57;-1;-1;2.63;3.75;2.5;1.03;1.15;1.53;2.2;3.52;16.0;5.48;2.4;1.6;1.3;1.5;2.5;0;0;0;0;1.7;1.25;1.35;3.0;2.38;2.88;2.63;2.81;2.63;0;0;1.14;1.27;1.53;1.95;2.57;4.8;3.28;2.44;1.85;1.48;2.19;7.7;1.93;2.0;21.0;1.8;5.8;4.75;1.25;2.2;5.0;13;3.75;1.62;1.17;1.04;1.14;1.73;3.25;7.0;5.5;2.0;1.33;1.1;0;0;0;0;4;4;0;0;0;0;4;2022-10-16;893;0;70;20;50;0;1;-1;4;3;4;6;7;10;-1;-1;-1;-1;-1;-1;1;56;70;95;101;2.11;2.12;4.23;-1;-1;-1;-1;-1;-1;-1;1;1;0;0;0;-1;-1;-1;-1;-1;-1;-1;-1;-1;-1;-1;30;60;70;100;100;30;80;100;60;11.4;0;2;3.8;Vaduz;Aarau;1.11;1.38;0.4;2.2;0.5;1.7;70;40;30;0;0;80;60;50;2.0;1.64;3.64;7496;17;Y;Y;Y;Y;N;N;N
55;2465636;900;902;2022/2023;complete;90930;12;-1;50;50;1;1;2;4;5;9;-1;-1;-1;-1;-1;-1;9;4;9;6;18;10;-1;-1;49;51;-1;-1;2.38;3.5;2.8;1.04;1.18;1.7;2.57;4.54;12.0;4.04;2.1;1.42;1.14;1.57;2.25;0;0;0;0;1.4;1.3;1.55;2.88;2.25;3.2;2.6;2.4;2.88;0;0;1.25;1.47;2.2;2.49;3.3;3.55;2.46;1.91;1.45;1.28;1.9;7.4;2.25;1.8;13.75;2.1;4.6;5.0;1.33;2.5;5.5;12;3.25;1.5;1.12;1.02;1.18;1.83;3.75;9.0;4.5;1.83;1.25;1.07;0;0;0;0;2;0;0;1;1;2;0;2022-10-17;-1;0;60;30;20;0;1;-1;2;0;2;5;2;7;-1;-1;-1;-1;-1;-1;1;83;62;111;104;2.36;1.37;3.73;-1;-1;-1;-1;-1;-1;-1;1;0;0;0;0;-1;-1;-1;-1;-1;-1;-1;-1;-1;-1;-1;20;40;60;90;100;50;90;90;30;8.4;0;3;3.2;Neuchâtel Xamax;FC Schaffhausen;1.11;0.89;0.8;1.4;0.36;1.27;80;60;40;10;0;60;50;30;1.56;1.56;3.12;7496;17;Y;Y;N;N;N;N;Y
56;2465638;888;1074;2022/2023;complete;90930;12;-1;73;73;1;1;2;13;2;15;-1;-1;-1;-1;-1;-1;10;6;13;3;23;9;-1;-1;65;35;-1;-1;2.2;4.0;2.9;1.03;1.13;1.53;2.25;3.64;15.0;4.8;2.4;1.6;1.22;1.5;2.5;0;0;0;0;1.27;1.25;1.86;2.63;2.38;3.2;2.4;2.79;2.88;0;0;1.14;1.29;1.83;1.95;2.6;4.8;3.25;2.43;1.84;1.47;1.49;8.3;3.18;1.67;17.25;2.1;4.6;6.0;1.27;2.19;4.84;10;3.4;1.6;1.14;1.04;1.14;1.67;3.25;7.0;5.5;2.1;1.33;1.1;0;0;0;0;4;0;2;1;1;2;2;2022-10-17;1074;0;70;40;40;0;1;-1;5;2;8;0;7;8;-1;-1;-1;-1;-1;-1;1;111;31;143;73;2.95;1.22;4.16;-1;-1;-1;-1;-1;-1;-1;1;0;0;2;0;-1;-1;-1;-1;-1;-1;-1;-1;-1;-1;-1;30;50;70;100;100;50;80;100;70;9.0;0;0;3.6;Thun;Yverdon Sport;1.38;1.44;1.6;1.4;1.27;1.55;70;50;30;0;0;60;50;30;1.56;1.26;2.82;7496;17;Y;Y;Y;Y;N;N;Y
57;2465639;899;895;2022/2023;complete;90930;12;-1;79;79;1;1;2;6;6;12;-1;-1;-1;-1;-1;-1;6;2;6;6;12;8;-1;-1;42;58;-1;-1;2.88;3.6;2.4;1.02;1.15;1.67;2.3;3.75;12.0;4.75;2.15;1.57;1.25;1.53;2.38;0;0;0;0;1.68;1.25;1.35;3.1;2.3;2.88;2.75;2.79;2.6;0;0;0.0;1.27;1.83;1.93;2.4;0.0;3.4;2.43;1.88;1.5;0.0;0.0;0.0;2.1;18.75;1.73;5.5;4.4;1.25;2.16;4.7;10;3.54;1.62;1.15;1.04;1.17;1.8;3.5;8.0;5.0;1.91;1.29;1.08;0;0;0;0;1;0;0;1;0;1;0;2022-10-18;899;0;40;20;10;0;1;-1;3;3;3;3;6;6;-1;-1;-1;-1;-1;-1;1;31;35;55;81;1.4;0.91;2.3;-1;-1;-1;-1;-1;-1;-1;1;0;0;2;0;-1;-1;-1;-1;-1;-1;-1;-1;-1;-1;-1;10;20;40;80;100;40;80;80;40;10.0;0;0;2.6;Wil;Lausanne Sport;2.75;0.78;2.6;1.2;1.73;2.0;90;80;60;20;0;70;60;40;1.62;1.48;3.1;7496;17;Y;N;N;N;N;N;N
58;2465637;1080;893;2022/2023;complete;90930;12;-1;80;80;1;1;2;7;2;9;-1;-1;-1;-1;-1;-1;7;8;7;5;14;13;-1;-1;56;44;-1;-1;1.87;3.8;3.5;1.04;1.25;1.77;2.4;4.75;10.0;3.75;1.95;1.55;1.15;1.44;2.63;0;0;0;0;1.21;1.25;1.98;2.3;2.5;3.6;2.1;2.58;3.4;0;0;1.17;1.28;1.83;1.95;2.46;4.5;3.2;2.3;1.85;1.52;1.52;8.4;3.05;1.53;9.9;2.38;4.0;8.0;1.3;2.41;5.6;12;3.2;1.5;1.11;1.03;1.13;1.62;2.75;6.0;6.0;2.2;1.4;1.13;0;0;0;0;6;0;2;1;3;4;2;2022-10-19;893;0;80;40;10;0;1;-1;5;0;2;2;5;4;-1;-1;-1;-1;-1;-1;1;89;64;134;107;2.02;1.85;3.87;-1;-1;-1;-1;-1;-1;-1;1;0;2;1;0;-1;-1;-1;-1;-1;-1;-1;-1;-1;-1;-1;0;30;60;100;100;50;90;100;30;15.0;0;0;2.9;Stade Lausanne-Ouchy;Vaduz;2.11;0.75;2.0;0.6;1.91;0.73;100;70;40;0;0;70;60;60;1.96;1.96;3.92;7496;17;Y;Y;Y;Y;Y;Y;Y
59;2465635;897;1146;2022/2023;complete;90930;12;-1;;;0;0;0;9;1;10;-1;-1;-1;-1;-1;-1;5;5;3;2;8;7;-1;-1;71;29;-1;-1;1.67;4.0;4.33;1.02;1.15;1.45;2.25;3.75;13.0;4.75;2.55;1.6;1.25;1.5;2.5;0;0;0;0;1.13;1.18;2.49;2.2;2.5;4.0;1.95;3.0;3.75;0;0;1.14;1.27;1.5;1.88;2.4;4.8;3.4;2.43;1.93;1.5;1.3;9.2;4.4;1.44;19.5;2.63;3.4;8.5;1.25;2.18;4.84;10;3.54;1.6;1.14;1.04;1.13;1.62;3.0;6.5;6.0;2.2;1.36;1.11;0;0;0;0;1;0;0;0;1;1;0;2022-10-19;1146;0;80;20;40;0;1;-1;3;1;6;0;4;6;-1;-1;-1;-1;-1;-1;1;114;58;134;95;1.68;1.22;2.9;-1;-1;-1;-1;-1;-1;-1;1;0;0;0;0;-1;-1;-1;-1;-1;-1;-1;-1;-1;-1;-1;30;50;70;90;100;50;100;90;50;10.2;0;0;3.6;Aarau;Bellinzona;1.44;1.38;1.2;1.4;1.55;1.45;70;50;30;10;0;60;50;50;1.66;1.61;3.27;7496;17;Y;N;N;N;N;N;N
60;2465642;895;888;2022/2023;complete;90930;13;-1;19,32;19,32;2;2;4;2;7;9;-1;-1;-1;-1;-1;-1;7;6;8;7;15;13;-1;-1;41;59;-1;-1;1.83;3.85;3.4;1.03;1.17;1.44;2.3;4.0;11.0;4.5;2.59;1.57;1.22;1.53;2.38;0;0;0;0;1.22;1.29;1.85;2.63;2.3;3.25;2.2;2.5;3.5;0;0;1.19;1.31;2.0;2.02;2.54;4.2;3.04;2.15;1.76;1.43;1.64;8.0;2.7;1.67;16.0;2.25;3.8;7.0;1.29;2.25;4.75;11;3.5;1.6;1.15;1.03;1.17;1.8;3.5;8.0;5.0;1.91;1.29;1.08;0;0;0;0;3;2;0;0;1;1;2;2022-10-21;895;0;75;25;50;0;1;-1;1;2;1;5;3;6;-1;-1;-1;-1;-1;-1;1;58;83;114;116;1.86;1.84;3.7;-1;-1;-1;-1;-1;-1;-1;1;0;0;0;1;-1;-1;-1;-1;-1;-1;-1;-1;-1;-1;-1;25;67;75;83;92;42;92;83;67;14.34;0;0;3.59;Lausanne Sport;Thun;2.5;1.11;2.67;1.0;1.83;1.17;75;33;25;17;9;92;83;67;2.07;1.93;4.0;7496;17;Y;Y;Y;N;N;N;Y
61;2465641;1146;1074;2022/2023;complete;90930;13;-1;9;9;1;1;2;4;8;12;-1;-1;-1;-1;-1;-1;9;5;6;9;15;14;-1;-1;47;53;-1;-1;2.45;3.75;2.63;1.02;1.15;1.57;2.35;3.75;12.0;4.75;2.35;1.55;1.25;1.53;2.38;0;0;0;0;1.46;1.25;1.55;2.88;2.3;3.0;2.63;2.75;2.75;0;0;1.19;1.48;2.2;2.24;2.88;3.9;2.56;1.99;1.63;1.34;1.99;7.5;2.13;1.8;15.0;2.05;5.0;5.8;1.25;2.2;4.5;10;3.75;1.62;1.17;1.04;1.17;1.73;3.4;8.0;5.0;2.0;1.3;1.08;0;0;0;0;3;1;0;0;2;2;1;2022-10-22;1074;0;75;42;42;0;1;-1;0;6;4;2;6;6;-1;-1;-1;-1;-1;-1;1;53;68;111;104;1.96;1.73;3.69;-1;-1;-1;-1;-1;-1;-1;1;1;0;0;0;-1;-1;-1;-1;-1;-1;-1;-1;-1;-1;-1;42;83;92;92;100;58;84;100;84;7.34;0;0;4.25;Bellinzona;Yverdon Sport;1.33;1.44;1.5;1.67;1.58;1.67;59;17;9;9;0;50;42;25;1.41;1.25;2.66;7496;17;Y;Y;Y;N;N;N;Y
62;2465643;902;1080;2022/2023;complete;90930;13;-1;;;0;0;0;6;9;15;-1;-1;-1;-1;-1;-1;5;5;7;7;12;12;-1;-1;48;52;-1;-1;3.6;3.8;1.95;1.03;1.2;1.57;2.5;4.33;11.0;4.33;2.35;1.5;1.2;1.5;2.5;0;0;0;0;1.49;1.26;1.5;3.6;2.38;2.4;3.4;2.65;2.2;0;0;1.21;1.41;1.91;2.16;2.98;3.74;2.6;2.05;1.67;1.32;2.33;7.7;1.83;2.38;16.0;1.57;6.5;4.0;1.3;2.38;5.0;12;3.4;1.53;1.14;1.02;1.14;1.73;3.4;7.0;5.5;2.0;1.3;1.1;0;0;0;0;2;0;1;0;1;1;1;2022-10-22;1080;0;42;25;9;0;1;-1;2;7;4;2;9;6;-1;-1;-1;-1;-1;-1;1;39;68;98;102;1.4;1.6;3.0;-1;-1;-1;-1;-1;-1;-1;1;0;0;0;4;-1;-1;-1;-1;-1;-1;-1;-1;-1;-1;-1;17;25;42;75;92;34;75;75;50;12.17;0;0;2.59;FC Schaffhausen;Stade Lausanne-Ouchy;1.0;1.75;1.17;1.83;1.25;1.75;84;75;59;25;9;83;75;67;1.55;1.62;3.17;7496;17;Y;Y;N;N;N;N;N
63;2465644;893;899;2022/2023;complete;90930;13;-1;;;0;0;0;4;3;7;-1;-1;-1;-1;-1;-1;4;2;3;7;7;9;-1;-1;52;48;-1;-1;2.4;3.6;2.8;1.02;1.15;1.44;2.17;3.75;12.0;4.75;2.7;1.65;1.25;1.4;2.75;0;0;0;0;1.32;1.24;1.78;2.75;2.5;3.0;2.5;2.83;2.75;0;0;1.14;1.24;1.5;1.81;2.22;5.0;3.48;2.4;1.97;1.6;1.86;7.7;2.28;1.73;16.0;2.05;5.0;6.0;1.25;2.1;4.33;9;3.75;1.67;1.2;1.05;1.13;1.62;3.0;6.0;6.0;2.2;1.36;1.13;0;0;0;0;0;0;0;0;0;0;0;2022-10-23;-1;0;67;25;25;0;1;-1;2;0;2;3;2;5;-1;-1;-1;-1;-1;-1;1;91;80;136;104;1.39;1.29;2.68;0;0;0;0;0;0;1;1;0;0;1;0;-1;-1;-1;-1;-1;-1;-1;-1;-1;-1;-1;34;59;75;92;100;67;100;83;34;10.67;0;2;3.84;Vaduz;Wil;1.11;1.22;0.83;1.0;0.92;1.83;67;42;25;9;0;75;75;50;2.02;1.44;3.46;7496;17;N;N;N;N;N;N;N
64;2465640;897;900;2022/2023;complete;90930;13;-1;45,49,68;45,49,68;3;3;6;9;6;15;-1;-1;-1;-1;-1;-1;7;5;5;4;12;9;-1;-1;50;50;-1;-1;2.0;3.6;3.6;1.02;1.15;1.53;2.35;3.5;13.0;4.75;2.4;1.55;1.29;1.5;2.5;0;0;0;0;1.21;1.21;2.08;2.5;2.38;3.5;2.2;2.9;3.4;0;0;1.2;1.27;1.56;1.91;2.4;4.1;3.28;2.31;1.9;1.52;1.28;9.6;4.55;1.57;18.0;2.4;3.75;8.0;1.25;2.2;4.5;10;3.75;1.62;1.17;1.04;1.14;1.73;3.4;7.0;5.5;2.0;1.3;1.1;0;0;0;0;6;1;0;2;3;5;1;2022-10-23;-1;0;75;25;34;0;1;-1;5;3;4;3;8;7;-1;-1;-1;-1;-1;-1;1;70;77;83;107;1.75;1.48;3.23;-1;-1;-1;-1;-1;-1;-1;1;0;0;0;0;-1;-1;-1;-1;-1;-1;-1;-1;-1;-1;-1;9;25;67;92;100;42;83;92;50;10.84;0;0;3.0;Aarau;Neuchâtel Xamax;1.44;0.25;1.0;0.0;1.42;0.42;92;75;33;9;0;83;67;59;1.67;1.49;3.16;7496;17;Y;Y;Y;Y;Y;Y;Y
65;2465648;899;902;2022/2023;complete;90930;14;-1;29,73,83,89;29,73,83,89;4;4;8;6;4;10;-1;-1;-1;-1;-1;-1;11;8;9;6;20;14;-1;-1;59;41;-1;-1;1.91;4.0;3.4;1.03;1.13;1.5;2.2;3.65;11.0;4.85;2.5;1.63;1.22;1.53;2.38;0;0;0;0;1.28;1.25;1.83;2.4;2.4;3.6;2.2;2.79;3.25;0;0;1.17;1.27;1.51;1.87;2.4;4.5;3.28;2.32;1.83;1.48;1.65;7.9;2.68;1.57;17.25;2.38;4.33;7.5;1.26;2.19;4.85;11;3.48;1.6;1.14;1.03;1.14;1.73;3.25;7.0;5.5;2.0;1.33;1.1;0;0;0;0;7;1;0;3;3;6;1;2022-10-28;899;0;50;17;17;0;1;-1;4;1;2;3;5;5;-1;-1;-1;-1;-1;-1;1;78;53;120;85;2.59;1.82;4.42;-1;-1;-1;-1;-1;-1;-1;1;0;0;0;0;-1;-1;-1;-1;-1;-1;-1;-1;-1;-1;-1;17;33;42;92;100;42;67;92;50;8.17;0;3;3.0;Wil;FC Schaffhausen;2.75;0.89;2.67;1.33;1.77;1.15;83;67;59;9;0;75;59;42;1.58;1.53;3.11;7496;17;Y;Y;Y;Y;Y;Y;Y
66;2465646;900;888;2022/2023;complete;90930;14;-1;58,70;58,70;2;2;4;3;4;7;-1;-1;-1;-1;-1;-1;4;3;6;5;10;8;-1;-1;51;49;-1;-1;2.68;3.5;2.17;1.02;1.13;1.52;2.23;3.74;12.0;4.75;2.36;1.62;1.21;1.57;2.25;0;0;0;0;1.6;1.25;1.42;3.25;2.3;2.75;2.75;2.73;2.63;0;0;1.18;1.36;2.1;2.07;2.78;4.1;2.79;2.08;1.64;1.36;2.82;8.0;1.6;2.2;18.0;1.67;5.5;4.8;1.26;2.21;4.9;11;3.48;1.59;1.14;1.03;1.17;1.8;3.5;8.0;5.0;1.91;1.29;1.08;0;0;0;0;4;0;1;2;1;3;1;2022-10-28;-1;0;77;24;38;0;1;-1;1;0;2;4;1;6;-1;-1;-1;-1;-1;-1;1;41;51;104;105;1.22;1.09;2.31;-1;-1;-1;-1;-1;-1;-1;1;0;1;0;0;-1;-1;-1;-1;-1;-1;-1;-1;-1;-1;-1;16;45;61;85;100;47;92;85;38;11.64;0;0;3.13;Neuchâtel Xamax;Thun;1.11;1.11;0.83;0.86;0.46;1.08;85;55;40;16;0;75;44;44;1.69;1.92;3.61;7496;17;Y;Y;Y;Y;N;N;Y
67;2465647;1080;897;2022/2023;complete;90930;14;-1;30,75;30,75;2;2;4;5;2;7;-1;-1;-1;-1;-1;-1;6;5;11;6;17;11;-1;-1;51;49;-1;-1;2.5;3.6;2.63;1.02;1.12;1.5;2.38;3.64;12.0;5.0;2.5;1.55;1.22;1.44;2.63;0;0;0;0;1.4;1.23;1.64;2.88;2.4;3.0;2.6;2.77;2.63;0;0;0.0;1.2;1.39;1.68;2.09;0.0;3.88;2.67;2.06;1.63;1.68;8.1;2.59;1.8;19.0;2.0;4.8;5.8;1.24;2.16;4.75;10;3.64;1.62;1.15;1.04;1.14;1.67;3.25;6.5;5.5;2.1;1.33;1.11;0;0;0;0;3;1;0;1;1;2;1;2022-10-28;1080;0;67;42;25;0;1;-1;3;1;2;1;4;3;-1;-1;-1;-1;-1;-1;1;48;36;97;121;1.84;1.32;3.16;-1;-1;-1;-1;-1;-1;-1;1;0;0;0;0;-1;-1;-1;-1;-1;-1;-1;-1;-1;-1;-1;9;50;83;100;100;58;84;92;34;14.0;0;0;3.5;Stade Lausanne-Ouchy;Aarau;2.11;1.38;1.67;1.83;1.85;1.38;92;50;17;0;0;100;67;67;1.97;1.72;3.69;7496;17;Y;Y;Y;N;N;N;Y
68;2465649;1074;895;2022/2023;complete;90930;14;-1;8,23,89,90;8,23,89,90;4;4;8;4;5;9;-1;-1;-1;-1;-1;-1;7;3;5;9;12;12;-1;-1;46;54;-1;-1;2.6;3.4;2.26;1.03;1.18;1.54;2.25;4.0;11.0;4.5;2.38;1.6;1.22;1.53;2.38;0;0;0;0;1.5;1.22;1.44;3.25;2.3;2.75;3.0;2.6;2.5;0;0;1.21;1.39;2.1;2.06;2.65;4.0;2.75;2.1;1.68;1.42;2.24;7.5;1.9;2.2;16.25;1.73;5.8;4.4;1.29;2.36;4.75;11;3.5;1.54;1.15;1.03;1.17;1.8;3.5;8.0;5.0;1.91;1.29;1.08;0;0;0;0;4;2;0;2;0;2;2;2022-10-28;1074;0;50;17;25;0;1;-1;2;0;2;5;2;7;-1;-1;-1;-1;-1;-1;1;46;46;75;102;1.58;1.31;2.89;-1;-1;-1;-1;-1;-1;-1;1;1;0;2;0;-1;-1;-1;-1;-1;-1;-1;-1;-1;-1;-1;0;25;58;67;100;42;75;83;25;12.34;0;0;2.5;Yverdon Sport;Lausanne Sport;2.0;0.78;1.67;1.0;1.77;1.92;100;75;42;34;0;92;92;67;1.79;1.38;3.17;7496;17;Y;Y;Y;Y;N;N;N
69;2465645;1146;893;2022/2023;complete;90930;14;-1;4,10;4,10;2;2;4;3;5;8;-1;-1;-1;-1;-1;-1;6;3;7;9;13;12;-1;-1;51;49;-1;-1;3.0;3.6;2.3;1.02;1.14;1.53;2.08;3.75;13.0;5.0;2.4;1.7;1.25;1.44;2.63;0;0;0;0;1.45;1.22;1.47;3.1;2.4;2.75;2.88;2.75;2.5;0;0;1.21;1.4;2.1;2.21;2.93;3.74;2.64;2.0;1.61;1.33;2.14;7.4;1.99;2.1;15.0;1.73;5.8;5.0;1.29;2.25;5.5;15;3.5;1.57;1.14;1.03;1.14;1.67;3.25;6.5;5.5;2.1;1.33;1.11;0;0;0;0;2;2;0;0;0;0;2;2022-10-30;1146;0;77;15;24;0;1;-1;1;2;2;3;3;5;-1;-1;-1;-1;-1;-1;1;59;61;118;123;1.67;1.42;3.09;-1;-1;-1;-1;-1;-1;-1;1;2;0;1;0;-1;-1;-1;-1;-1;-1;-1;-1;-1;-1;-1;23;61;68;93;100;31;77;100;69;9.88;0;0;3.6;Bellinzona;Vaduz;1.33;0.75;1.29;1.0;1.46;0.92;77;40;32;7;0;54;38;31;1.49;1.94;3.43;7496;17;Y;Y;N;N;N;N;N
70;2465650;897;1074;2022/2023;complete;90930;15;-1;22,69,76;22,69,76;3;3;6;9;4;13;-1;-1;-1;-1;-1;-1;5;6;6;12;11;18;-1;-1;59;41;-1;-1;1.91;3.5;3.2;1.02;1.13;1.5;2.2;3.74;12.0;4.8;2.4;1.65;1.21;1.4;2.75;0;0;0;0;1.35;1.25;1.7;2.5;2.5;3.25;2.2;2.75;3.2;0;0;0.0;1.24;1.5;1.81;2.23;0.0;3.48;2.4;1.97;1.6;1.62;8.1;2.86;1.62;18.25;2.2;4.2;7.0;1.25;2.21;4.9;10;3.55;1.59;1.14;1.04;1.13;1.62;3.0;6.0;6.0;2.2;1.36;1.13;0;0;0;0;5;1;0;2;2;4;1;2022-11-04;897;0;86;29;57;0;1;-1;4;1;5;3;5;8;-1;-1;-1;-1;-1;-1;1;72;60;120;86;1.57;1.98;3.55;-1;-1;-1;-1;-1;-1;-1;1;0;0;2;0;-1;-1;-1;-1;-1;-1;-1;-1;-1;-1;-1;36;57;86;93;100;50;93;100;79;10.86;0;0;3.93;Aarau;Yverdon Sport;1.44;1.44;1.0;1.86;1.29;1.86;64;43;15;7;0;72;72;57;1.68;1.32;3.0;7496;17;Y;Y;Y;Y;Y;N;Y
71;2465651;902;895;2022/2023;complete;90930;15;-1;;;0;0;0;4;11;15;-1;-1;-1;-1;-1;-1;3;4;2;6;5;10;-1;-1;51;49;-1;-1;3.15;3.4;1.95;1.04;1.19;1.65;2.26;4.75;10.0;3.95;2.1;1.54;1.13;1.57;2.25;0;0;0;0;1.58;1.3;1.32;3.75;2.3;2.4;3.5;2.61;2.2;0;0;1.19;1.36;2.1;2.1;2.8;4.2;2.88;2.1;1.65;1.38;3.18;8.0;1.5;2.4;14.25;1.57;6.5;3.5;1.31;2.46;5.75;12;3.14;1.48;1.1;1.02;1.17;1.8;3.5;8.0;5.0;1.91;1.29;1.08;0;0;0;0;0;0;0;0;0;0;0;2022-11-04;-1;0;29;7;7;0;1;-1;4;6;0;5;10;5;-1;-1;-1;-1;-1;-1;1;50;75;94;112;0.9;1.46;2.36;0;0;0;0;0;0;1;1;0;0;0;2;-1;-1;-1;-1;-1;-1;-1;-1;-1;-1;-1;0;14;36;64;100;22;79;79;36;10.86;0;0;2.14;FC Schaffhausen;Lausanne Sport;1.0;0.78;1.0;0.86;1.07;1.79;100;86;64;36;0;86;71;50;1.53;1.37;2.9;7496;17;N;N;N;N;N;N;N
72;2465653;888;899;2022/2023;complete;90930;15;-1;85;85;1;1;2;6;7;13;-1;-1;-1;-1;-1;-1;3;6;12;6;15;12;-1;-1;50;50;-1;-1;1.75;3.6;3.65;1.03;1.14;1.53;2.3;3.95;11.0;4.6;2.35;1.57;1.19;1.5;2.5;0;0;0;0;1.24;1.23;1.95;2.38;2.4;3.75;2.1;2.77;3.5;0;0;0.0;1.21;1.41;1.76;2.16;0.0;3.74;2.6;2.02;1.65;1.33;9.2;4.05;1.53;17.25;2.4;3.7;7.5;1.26;2.25;5.05;11;3.48;1.57;1.13;1.03;1.14;1.73;3.25;7.0;5.5;2.0;1.33;1.1;0;0;0;0;4;0;1;1;2;3;1;2022-11-04;899;0;62;23;17;0;1;-1;3;5;3;2;8;5;-1;-1;-1;-1;-1;-1;1;116;64;159;84;2.0;1.64;3.64;-1;-1;-1;-1;-1;-1;-1;1;0;0;0;1;-1;-1;-1;-1;-1;-1;-1;-1;-1;-1;-1;7;38;61;86;93;52;77;86;32;10.62;0;0;2.92;Thun;Wil;1.38;1.22;1.33;1.0;1.07;1.86;93;62;40;15;7;77;69;47;1.79;1.41;3.2;7496;17;Y;Y;Y;Y;N;N;Y
73;2465652;1080;1146;2022/2023;complete;90930;15;-1;62,72;62,72;2;2;4;10;3;13;-1;-1;-1;-1;-1;-1;6;3;2;5;8;8;-1;-1;50;50;-1;-1;1.5;4.5;6.5;1.04;1.22;1.57;2.62;4.5;10.0;4.0;2.35;1.44;1.17;1.73;2.0;0;0;0;0;1.23;1.24;1.95;1.95;2.5;5.5;1.8;2.69;4.75;0;0;1.21;1.33;2.1;2.06;2.67;4.0;2.91;2.16;1.75;1.39;1.32;9.1;4.2;1.33;15.0;3.4;3.5;7.0;1.3;2.38;5.5;12;3.4;1.53;1.12;1.02;1.17;1.73;3.4;8.0;5.0;2.0;1.3;1.08;0;0;0;0;3;0;0;2;1;3;0;2022-11-05;1080;0;68;37;23;0;1;-1;7;0;3;3;7;6;-1;-1;-1;-1;-1;-1;1;73;43;117;86;1.46;1.03;2.49;-1;-1;-1;-1;-1;-1;-1;1;0;0;2;0;-1;-1;-1;-1;-1;-1;-1;-1;-1;-1;-1;24;40;68;84;100;61;92;92;31;11.43;0;0;3.3;Stade Lausanne-Ouchy;Bellinzona;2.11;1.38;1.86;1.67;1.93;1.57;77;61;32;17;0;68;45;37;1.95;1.55;3.5;7496;17;Y;Y;Y;N;N;N;Y
74;2465654;893;900;2022/2023;complete;90930;15;-1;14;14;1;1;2;9;6;15;-1;-1;-1;-1;-1;-1;7;4;15;9;22;13;-1;-1;52;48;-1;-1;2.3;3.6;3.0;1.02;1.12;1.53;2.22;3.7;12.0;5.2;2.4;1.59;1.22;1.5;2.5;0;0;0;0;1.35;1.28;1.55;2.75;2.38;3.1;2.5;2.7;2.88;0;0;1.27;1.51;2.1;2.28;3.0;3.4;2.5;1.94;1.6;1.34;1.75;7.8;2.57;1.73;18.5;2.1;4.6;5.8;1.28;2.2;4.8;15;3.3;1.6;1.15;1.03;1.14;1.73;3.25;7.0;5.5;2.0;1.33;1.1;0;0;0;0;2;1;0;0;1;1;1;2022-11-06;-1;0;64;22;36;0;1;-1;3;6;6;0;9;6;-1;-1;-1;-1;-1;-1;1;73;75;101;99;2.4;1.64;4.04;-1;-1;-1;-1;-1;-1;-1;1;0;0;1;1;-1;-1;-1;-1;-1;-1;-1;-1;-1;-1;-1;29;43;64;93;93;43;86;79;50;10.72;0;2;3.43;Vaduz;Neuchâtel Xamax;1.11;0.25;0.86;0.14;0.86;0.5;72;57;36;7;7;72;57;50;1.93;1.49;3.42;7496;17;Y;Y;N;N;N;N;Y
75;2465657;888;902;2022/2023;complete;90930;16;-1;54,62;54,62;2;2;4;10;4;14;-1;-1;-1;-1;-1;-1;6;4;10;2;16;6;-1;-1;49;51;-1;-1;1.91;3.75;3.8;1.03;1.2;1.53;2.29;4.33;11.0;4.33;2.4;1.53;1.2;1.53;2.38;0;0;0;0;1.2;1.25;2.0;2.38;2.38;3.75;2.1;2.8;3.5;0;0;1.19;1.29;1.83;1.96;2.45;4.2;3.14;2.21;1.82;1.47;1.29;9.5;4.5;1.57;16.75;2.5;3.7;7.5;1.29;2.25;4.75;11;3.5;1.6;1.15;1.03;1.17;1.73;3.4;8.0;5.0;2.0;1.3;1.08;0;0;0;0;3;0;0;2;1;3;0;2022-11-11;888;0;71;14;43;0;1;-1;6;2;4;2;8;6;-1;-1;-1;-1;-1;-1;1;76;48;69;52;1.96;1.0;2.97;-1;-1;-1;-1;-1;-1;-1;1;0;0;2;0;-1;-1;-1;-1;-1;-1;-1;-1;-1;-1;-1;15;43;57;100;100;29;71;100;57;10.29;0;3;3.36;Thun;FC Schaffhausen;1.38;0.89;1.14;1.14;1.0;1.07;86;57;43;0;0;86;71;43;1.82;1.57;3.39;7496;17;Y;Y;Y;N;N;N;Y
76;2465659;1074;893;2022/2023;complete;90930;16;-1;69,85,90;69,85,90;3;3;6;4;10;14;-1;-1;-1;-1;-1;-1;6;5;7;6;13;11;-1;-1;42;58;-1;-1;2.2;3.75;3.1;1.02;1.12;1.48;2.02;3.25;13.0;5.5;2.6;1.71;1.33;1.4;2.75;0;0;0;0;1.35;1.24;1.62;2.63;2.5;3.0;2.4;2.8;2.75;0;0;1.19;1.31;1.65;2.02;2.57;4.2;3.04;2.16;1.76;1.42;1.8;7.7;2.38;1.73;23.0;2.1;5.0;7.0;1.22;2.14;4.32;9;3.82;1.72;1.18;1.05;1.13;1.57;2.75;6.0;6.0;2.25;1.4;1.13;0;0;0;0;4;0;0;3;1;4;0;2022-11-11;1074;0;64;7;29;0;1;-1;3;6;1;4;9;5;-1;-1;-1;-1;-1;-1;1;45;46;88;85;1.57;1.38;2.95;-1;-1;-1;-1;-1;-1;-1;1;0;0;1;4;-1;-1;-1;-1;-1;-1;-1;-1;-1;-1;-1;7;50;65;93;100;57;86;86;50;11.86;0;0;3.22;Yverdon Sport;Vaduz;2.0;0.75;1.86;0.86;1.73;0.87;93;50;36;7;0;72;58;50;1.76;1.87;3.63;7496;17;Y;Y;Y;Y;N;N;Y
77;2465656;900;1080;2022/2023;complete;90930;16;-1;12,57;12,57;2;2;4;1;9;10;-1;-1;-1;-1;-1;-1;5;5;3;7;8;12;-1;-1;30;70;-1;-1;2.9;3.5;2.3;1.03;1.2;1.65;2.5;4.33;11.0;4.33;2.2;1.5;1.2;1.57;2.25;0;0;0;0;1.55;1.27;1.38;3.2;2.25;2.75;2.88;2.67;2.5;0;0;1.19;1.37;2.0;2.14;2.79;4.0;2.75;2.07;1.68;1.36;2.66;7.9;1.66;2.2;16.25;1.67;5.8;4.4;1.28;2.43;5.25;11;3.34;1.57;1.12;1.03;1.18;1.83;3.5;9.0;4.5;1.83;1.29;1.07;0;0;0;0;3;1;1;1;0;1;2;2022-11-11;900;0;57;36;29;0;1;-1;0;6;1;3;6;4;-1;-1;-1;-1;-1;-1;1;31;76;82;127;1.09;1.66;2.75;-1;-1;-1;-1;-1;-1;-1;1;0;0;0;0;-1;-1;-1;-1;-1;-1;-1;-1;-1;-1;-1;22;36;50;86;93;43;79;86;43;12.0;0;0;2.93;Neuchâtel Xamax;Stade Lausanne-Ouchy;1.11;1.75;0.86;2.0;0.53;2.0;79;64;50;14;7;65;50;50;1.63;1.62;3.25;7496;17;Y;Y;Y;N;N;N;Y
78;2465658;899;897;2022/2023;complete;90930;16;-1;17,27,28,73,75,81;17,27,28,73,75,81;6;6;12;3;6;9;-1;-1;-1;-1;-1;-1;9;5;6;3;15;8;-1;-1;41;59;-1;-1;2.25;4.0;2.75;1.02;1.09;1.4;2.05;3.14;17.0;5.7;2.88;1.73;1.29;1.4;2.75;0;0;0;0;1.33;1.25;1.62;2.63;2.5;3.0;2.5;2.88;2.63;0;0;1.13;1.22;1.35;1.69;2.06;5.2;3.9;2.84;2.13;1.75;2.08;7.3;2.05;1.73;16.0;2.05;5.0;6.5;1.22;2.1;4.5;11;4.0;1.67;1.18;1.05;1.11;1.57;2.75;6.0;6.5;2.25;1.4;1.13;0;0;0;0;7;3;1;3;0;3;4;2022-11-13;899;0;50;14;29;0;1;-1;1;1;2;5;2;7;-1;-1;-1;-1;-1;-1;1;46;48;83;104;1.91;1.21;3.12;-1;-1;-1;-1;-1;-1;-1;1;0;0;1;0;-1;-1;-1;-1;-1;-1;-1;-1;-1;-1;-1;15;50;65;93;100;36;71;86;57;10.0;0;0;3.43;Wil;Aarau;2.75;1.38;2.71;1.57;1.93;1.4;86;50;36;7;0;79;57;50;1.73;1.66;3.39;7496;17;Y;Y;Y;Y;Y;Y;Y
79;2465655;895;1146;2022/2023;complete;90930;16;-1;55;55;1;1;2;12;5;17;-1;-1;-1;-1;-1;-1;4;4;10;5;14;9;-1;-1;58;42;-1;-1;1.58;4.2;5.15;1.03;1.22;1.65;2.62;4.5;11.0;4.0;2.17;1.44;1.17;1.8;1.91;0;0;0;0;1.15;1.22;2.1;1.91;2.4;5.5;1.73;2.79;5.0;0;0;1.23;1.39;2.2;2.1;2.78;3.8;2.67;2.08;1.69;1.36;1.35;9.0;3.94;1.33;16.0;3.25;2.6;10.0;1.3;2.5;6.0;17;3.4;1.5;1.13;1.03;1.17;1.8;3.5;8.0;5.0;1.91;1.29;1.08;0;0;0;0;2;0;1;1;0;1;1;2022-11-13;-1;0;64;22;36;0;1;-1;3;5;9;0;8;9;-1;-1;-1;-1;-1;-1;1;56;38;64;59;1.56;1.12;2.68;-1;-1;-1;-1;-1;-1;-1;1;0;0;1;1;-1;-1;-1;-1;-1;-1;-1;-1;-1;-1;-1;29;50;72;79;93;50;79;86;57;10.29;0;0;3.36;Lausanne Sport;Bellinzona;2.5;1.38;2.71;1.43;1.73;1.47;71;50;29;22;7;72;57;36;2.04;1.47;3.51;7496;17;Y;Y;N;N;N;N;Y
80;2465661;1146;888;2022/2023;complete;90930;17;-1;48;48;1;1;2;6;5;11;-1;-1;-1;-1;-1;-1;4;6;3;2;7;8;-1;-1;51;49;-1;-1;3.4;3.6;2.05;1.03;1.18;1.7;2.5;4.33;11.0;4.5;2.1;1.5;1.2;1.62;2.2;0;0;0;0;1.7;1.25;1.33;3.6;2.25;2.6;3.25;2.5;2.3;0;0;0.0;1.31;2.0;2.0;2.49;0.0;3.04;2.19;1.78;1.45;2.85;8.0;1.59;2.38;16.5;1.62;6.0;3.8;1.33;2.36;5.0;12;3.25;1.54;1.14;1.02;1.18;1.83;3.75;9.0;4.5;1.83;1.25;1.07;0;0;0;0;4;0;0;1;3;4;0;2022-11-18;888;0;76;19;32;0;1;-1;4;2;2;3;6;5;-1;-1;-1;-1;-1;-1;1;65;54;106;113;1.2;1.33;2.53;-1;-1;-1;-1;-1;-1;-1;1;0;0;1;1;-1;-1;-1;-1;-1;-1;-1;-1;-1;-1;-1;19;63;75;88;100;38;88;88;57;10.38;0;0;3.57;Bellinzona;Thun;1.33;1.11;1.5;0.88;1.44;1.13;82;38;25;13;0;69;51;44;1.52;1.81;3.33;7496;17;Y;Y;Y;Y;N;N;Y
81;2465662;900;899;2022/2023;complete;90930;17;-1;67;67;1;1;2;5;8;13;-1;-1;-1;-1;-1;-1;4;4;1;5;5;9;-1;-1;49;51;-1;-1;2.88;3.8;2.25;1.02;1.17;1.57;2.3;4.0;12.0;4.75;2.35;1.57;1.22;1.53;2.38;0;0;0;0;1.46;1.25;1.55;3.1;2.3;2.75;2.88;2.77;2.5;0;0;0.0;1.32;1.91;2.09;2.6;0.0;2.98;2.13;1.72;1.41;2.14;7.5;1.98;2.1;19.25;1.73;6.0;4.2;1.29;2.26;4.5;10;3.5;1.58;1.17;1.04;1.17;1.73;3.4;8.0;5.0;2.0;1.3;1.08;0;0;0;0;2;0;0;1;1;2;0;2022-11-18;-1;0;69;32;26;0;1;-1;2;6;3;2;8;5;-1;-1;-1;-1;-1;-1;1;69;60;112;113;1.11;1.29;2.4;-1;-1;-1;-1;-1;-1;-1;1;0;0;0;0;-1;-1;-1;-1;-1;-1;-1;-1;-1;-1;-1;13;44;69;82;94;57;88;82;32;8.51;0;0;3.07;Neuchâtel Xamax;Wil;1.11;1.22;1.13;1.25;0.69;2.0;88;57;32;19;7;63;50;32;1.56;1.44;3.0;7496;17;Y;Y;N;N;N;N;Y
82;2465663;1080;1074;2022/2023;complete;90930;17;-1;16,28,49,64,66;16,28,49,64,66;5;5;10;2;4;6;-1;-1;3;1;0;0;10;2;6;3;16;5;-1;-1;50;50;3;1;1.75;3.85;3.85;1.03;1.17;1.5;2.3;4.0;11.0;4.5;2.37;1.57;1.22;1.5;2.5;0;0;0;0;1.3;1.25;1.7;2.38;2.4;3.6;2.1;2.73;3.4;0;0;0.0;1.29;1.6;1.96;2.45;0.0;3.14;2.28;1.83;1.53;1.44;8.6;3.4;1.57;15.0;2.4;3.8;7.5;1.25;2.2;4.75;11;3.75;1.62;1.15;1.03;1.14;1.67;3.25;7.0;5.5;2.1;1.33;1.1;0;0;0;0;5;2;0;3;0;3;2;2022-11-19;1080;0;88;44;51;0;1;1;1;1;1;3;2;4;1;0;2;1;1;3;1;51;44;103;91;2.08;0.79;2.87;0;0;0;0;0;0;1;1;0;0;0;0;0;0;-1;-1;-1;-1;-1;-1;-1;-1;-1;32;50;94;100;100;63;94;100;69;12.0;0;0;3.88;Stade Lausanne-Ouchy;Yverdon Sport;2.11;1.44;2.0;1.63;1.88;1.81;69;50;7;0;0;76;63;57;1.89;1.4;3.29;7496;17;Y;Y;Y;Y;Y;N;N
83;2465660;897;902;2022/2023;complete;90930;17;-1;45;45;1;1;2;7;1;8;-1;-1;-1;-1;-1;-1;3;5;3;7;6;12;-1;-1;51;49;-1;-1;1.59;3.95;4.8;1.02;1.12;1.57;2.2;3.64;12.0;4.95;2.21;1.6;1.22;1.44;2.63;0;0;0;0;1.24;1.22;1.99;2.25;2.5;3.75;2.0;2.85;3.6;0;0;0.0;1.25;1.52;1.85;2.28;0.0;3.42;2.46;1.94;1.6;1.35;9.1;3.92;1.5;19.0;2.5;3.5;8.0;1.24;2.16;4.75;10;3.64;1.62;1.15;1.04;1.13;1.62;2.75;6.0;6.0;2.2;1.4;1.13;0;0;0;0;1;1;0;0;0;0;1;2022-11-19;897;0;82;13;57;0;1;-1;4;1;3;0;5;3;-1;-1;-1;-1;-1;-1;1;55;40;101;71;1.0;1.4;2.39;-1;-1;-1;-1;-1;-1;-1;1;0;0;1;0;-1;-1;-1;-1;-1;-1;-1;-1;-1;-1;-1;32;44;69;94;100;25;76;100;63;10.88;0;3;3.69;Aarau;FC Schaffhausen;1.44;0.89;1.25;1.0;1.31;1.0;69;57;32;7;0;88;82;57;1.66;1.5;3.16;7496;17;Y;N;N;N;N;N;N
84;2465664;893;895;2022/2023;complete;90930;17;-1;49;49;1;1;2;8;2;10;-1;-1;-1;-1;-1;-1;5;7;3;11;8;18;-1;-1;50;50;-1;-1;2.9;3.8;2.2;1.03;1.15;1.57;2.25;3.7;12.0;4.7;2.35;1.55;1.22;1.53;2.38;0;0;0;0;1.67;1.28;1.27;3.2;2.3;2.75;2.88;2.75;2.4;0;0;0.0;1.35;1.69;2.09;2.71;0.0;2.84;2.13;1.72;1.38;2.32;7.6;1.84;2.1;15.0;1.73;5.8;4.5;1.24;2.33;5.0;11;3.65;1.54;1.14;1.03;1.17;1.73;3.4;8.0;5.0;2.0;1.3;1.08;0;0;0;0;1;0;0;1;0;1;0;2022-11-20;893;0;44;13;26;0;1;-1;1;1;7;1;2;8;-1;-1;-1;-1;-1;-1;1;41;53;79;101;1.16;2.01;3.16;-1;-1;-1;-1;-1;-1;-1;1;0;0;0;0;-1;-1;-1;-1;-1;-1;-1;-1;-1;-1;-1;19;32;44;69;88;32;76;75;32;12.88;0;2;2.63;Vaduz;Lausanne Sport;1.11;0.78;0.88;0.88;0.81;1.69;82;69;57;32;13;76;69;50;1.99;1.38;3.37;7496;17;Y;N;N;N;N;N;N
