ID;HOMEID;AWAYID;SEASON;STATUS;ROUNDID;GAME_WEEK;REVISED_GAME_WEEK;HOMEGOALS;AWAYGOALS;HOMEGOALCOUNT;AWAYGOALCOUNT;TOTALGOALCOUNT;TEAM_A_CORNERS;TEAM_B_CORNERS;TOTALCORNERCOUNT;TEAM_A_OFFSIDES;TEAM_B_OFFSIDES;TEAM_A_YELLOW_CARDS;TEAM_B_YELLOW_CARDS;TEAM_A_RED_CARDS;TEAM_B_RED_CARDS;TEAM_A_SHOTSONTARGET;TEAM_B_SHOTSONTARGET;TEAM_A_SHOTSOFFTARGET;TEAM_B_SHOTSOFFTARGET;TEAM_A_SHOTS;TEAM_B_SHOTS;TEAM_A_FOULS;TEAM_B_FOULS;TEAM_A_POSSESSION;TEAM_B_POSSESSION;TEAM_A_CARDS_NUM;TEAM_B_CARDS_NUM;ODDS_FT_1;ODDS_FT_X;ODDS_FT_2;ODDS_FT_OVER05;ODDS_FT_OVER15;ODDS_FT_OVER25;ODDS_FT_OVER35;ODDS_FT_OVER45;ODDS_FT_UNDER05;ODDS_FT_UNDER15;ODDS_FT_UNDER25;ODDS_FT_UNDER35;ODDS_FT_UNDER45;ODDS_BTTS_YES;ODDS_BTTS_NO;ODDS_TEAM_A_CS_YES;ODDS_TEAM_A_CS_NO;ODDS_TEAM_B_CS_YES;ODDS_TEAM_B_CS_NO;ODDS_DOUBLECHANCE_1X;ODDS_DOUBLECHANCE_12;ODDS_DOUBLECHANCE_X2;ODDS_1ST_HALF_RESULT_1;ODDS_1ST_HALF_RESULT_X;ODDS_1ST_HALF_RESULT_2;ODDS_2ND_HALF_RESULT_1;ODDS_2ND_HALF_RESULT_X;ODDS_2ND_HALF_RESULT_2;ODDS_DNB_1;ODDS_DNB_2;ODDS_CORNERS_OVER_75;ODDS_CORNERS_OVER_85;ODDS_CORNERS_OVER_95;ODDS_CORNERS_OVER_105;ODDS_CORNERS_OVER_115;ODDS_CORNERS_UNDER_75;ODDS_CORNERS_UNDER_85;ODDS_CORNERS_UNDER_95;ODDS_CORNERS_UNDER_105;ODDS_CORNERS_UNDER_115;ODDS_CORNERS_1;ODDS_CORNERS_X;ODDS_CORNERS_2;ODDS_TEAM_TO_SCORE_FIRST_1;ODDS_TEAM_TO_SCORE_FIRST_X;ODDS_TEAM_TO_SCORE_FIRST_2;ODDS_WIN_TO_NIL_1;ODDS_WIN_TO_NIL_2;ODDS_1ST_HALF_OVER05;ODDS_1ST_HALF_OVER15;ODDS_1ST_HALF_OVER25;ODDS_1ST_HALF_OVER35;ODDS_1ST_HALF_UNDER05;ODDS_1ST_HALF_UNDER15;ODDS_1ST_HALF_UNDER25;ODDS_1ST_HALF_UNDER35;ODDS_2ND_HALF_OVER05;ODDS_2ND_HALF_OVER15;ODDS_2ND_HALF_OVER25;ODDS_2ND_HALF_OVER35;ODDS_2ND_HALF_UNDER05;ODDS_2ND_HALF_UNDER15;ODDS_2ND_HALF_UNDER25;ODDS_2ND_HALF_UNDER35;ODDS_BTTS_1ST_HALF_YES;ODDS_BTTS_1ST_HALF_NO;ODDS_BTTS_2ND_HALF_YES;ODDS_BTTS_2ND_HALF_NO;OVERALLGOALCOUNT;HT_GOALS_TEAM_A;HT_GOALS_TEAM_B;GOALS_2HG_TEAM_A;GOALS_2HG_TEAM_B;GOALCOUNT_2HG;HTGOALCOUNT;DATE_UNIX;WINNINGTEAM;NO_HOME_AWAY;BTTS_POTENTIAL;BTTS_FHG_POTENTIAL;BTTS_2HG_POTENTIAL;GOALTIMINGDISABLED;CORNER_TIMINGS_RECORDED;CARD_TIMINGS_RECORDED;TEAM_A_FH_CORNERS;TEAM_B_FH_CORNERS;TEAM_A_2H_CORNERS;TEAM_B_2H_CORNERS;CORNER_FH_COUNT;CORNER_2H_COUNT;TEAM_A_FH_CARDS;TEAM_B_FH_CARDS;TEAM_A_2H_CARDS;TEAM_B_2H_CARDS;TOTAL_FH_CARDS;TOTAL_2H_CARDS;ATTACKS_RECORDED;TEAM_A_DANGEROUS_ATTACKS;TEAM_B_DANGEROUS_ATTACKS;TEAM_A_ATTACKS;TEAM_B_ATTACKS;TEAM_A_XG;TEAM_B_XG;TOTAL_XG;TEAM_A_PENALTIES_WON;TEAM_B_PENALTIES_WON;TEAM_A_PENALTY_GOALS;TEAM_B_PENALTY_GOALS;TEAM_A_PENALTY_MISSED;TEAM_B_PENALTY_MISSED;PENS_RECORDED;GOAL_TIMINGS_RECORDED;TEAM_A_0_10_MIN_GOALS;TEAM_B_0_10_MIN_GOALS;TEAM_A_CORNERS_0_10_MIN;TEAM_B_CORNERS_0_10_MIN;TEAM_A_CARDS_0_10_MIN;TEAM_B_CARDS_0_10_MIN;THROWINS_RECORDED;TEAM_A_THROWINS;TEAM_B_THROWINS;FREEKICKS_RECORDED;TEAM_A_FREEKICKS;TEAM_B_FREEKICKS;GOALKICKS_RECORDED;TEAM_A_GOALKICKS;TEAM_B_GOALKICKS;O45_POTENTIAL;O35_POTENTIAL;O25_POTENTIAL;O15_POTENTIAL;O05_POTENTIAL;O15HT_POTENTIAL;O05HT_POTENTIAL;O05_2H_POTENTIAL;O15_2H_POTENTIAL;CORNERS_POTENTIAL;OFFSIDES_POTENTIAL;CARDS_POTENTIAL;AVG_POTENTIAL;HOME_NAME;AWAY_NAME;HOME_PPG;AWAY_PPG;PRE_MATCH_HOME_PPG;PRE_MATCH_AWAY_PPG;PRE_MATCH_TEAMA_OVERALL_PPG;PRE_MATCH_TEAMB_OVERALL_PPG;U45_POTENTIAL;U35_POTENTIAL;U25_POTENTIAL;U15_POTENTIAL;U05_POTENTIAL;CORNERS_O85_POTENTIAL;CORNERS_O95_POTENTIAL;CORNERS_O105_POTENTIAL;TEAM_A_XG_PREMATCH;TEAM_B_XG_PREMATCH;TOTAL_XG_PREMATCH;COMPETITION_ID;MATCHES_COMPLETED_MINIMUM;OVER05;OVER15;OVER25;OVER35;OVER45;OVER55;BTTS
2984404;4409;674147;2022/2023;complete;92419;1;-1;;7,90;0;2;2;11;3;14;3;1;2;2;0;0;9;5;12;2;21;7;11;7;68;32;2;2;1.95;3.4;3.45;1.05;1.28;2.01;3.3;5.84;9.25;3.5;1.87;1.3;1.11;1.75;2;0;0;0;0;1.24;1.28;1.83;2.75;2.1;3.75;2.3;2.45;3.6;0;0;0;1.32;1.52;1.95;2.56;0;3.1;2.35;1.85;1.42;1.54;7.7;3.12;1.67;9.5;2.4;0;0;1.4;2.75;7;21;2.75;1.4;1.09;1.01;1.23;2.09;4.33;9;3.9;1.67;1.19;1.05;0;0;0;0;2;0;1;0;1;1;1;2022-09-02 13:45:00;674147;0;0;0;0;0;1;1;4;1;7;2;5;9;1;0;1;2;1;3;1;89;22;129;75;2.59;0.96;3.55;0;1;0;0;0;1;1;1;0;1;0;0;0;0;-1;-1;-1;-1;-1;-1;-1;-1;-1;0;0;0;0;0;0;0;0;0;0;0;0;0;Al Ittihad Kalba;Al Bataeh;2;1.86;0;0;0;0;0;0;0;0;0;0;0;0;0;0;0;7865;12;Y;Y;N;N;N;N;N
2984405;4398;4402;2022/2023;complete;92419;1;-1;63;72;1;1;2;4;4;8;0;1;3;2;0;0;4;4;2;6;6;10;6;5;30;70;3;2;2.98;3.6;2.06;1.01;1.2;1.6;2.56;4.44;16;4.42;2.2;1.49;1.2;1.52;2.25;0;0;0;0;1.83;1.23;1.26;3.5;2.2;2.25;3.25;2.5;2.1;0;0;0;1.38;1.61;2.08;2.6;0;2.8;2.2;1.71;1.43;2.8;7.9;1.61;2.25;15;1.58;0;0;1.27;2.35;5.75;16;3.2;1.47;1.11;1.01;1.16;1.74;3.5;8;4.6;1.86;1.26;1.06;0;0;0;0;2;0;0;1;1;2;0;2022-09-03 13:45:00;-1;0;0;0;0;0;1;1;2;1;2;3;3;5;1;2;2;0;3;2;1;31;65;70;133;0.89;1.39;2.28;0;0;0;0;0;0;1;1;0;0;0;0;0;0;-1;-1;-1;-1;-1;-1;-1;-1;-1;0;0;0;0;0;0;0;0;0;0;0;0;0;Al Dhafra;Al Nasr;0.8;0.5;0;0;0;0;0;0;0;0;0;0;0;0;0;0;0;7865;12;Y;Y;N;N;N;N;Y
2984406;4410;4415;2022/2023;complete;92419;1;-1;79;;1;0;1;4;8;12;1;1;3;1;1;0;4;3;1;8;5;11;16;11;47;53;4;1;0;0;0;0;0;0;0;0;0;0;0;0;0;0;0;0;0;0;0;0;0;0;0;0;0;0;0;0;0;0;0;0;0;0;0;0;0;0;0;0;0;0;0;0;0;0;0;0;0;0;0;0;0;0;0;0;0;0;0;0;0;0;0;0;0;0;0;0;1;0;0;1;0;1;0;2022-09-02 16:30:00;4410;0;0;0;0;0;-1;1;-1;-1;-1;-1;-1;-1;0;1;4;0;1;4;-1;0;0;0;0;0;0;0;0;0;0;0;0;0;1;1;0;0;-1;-1;0;0;-1;-1;-1;-1;-1;-1;-1;-1;-1;0;0;0;0;0;0;0;0;0;0;0;0;0;Bani Yas;Al Khaleej;1.33;0.4;0;0;0;0;0;0;0;0;0;0;0;0;0;0;0;7865;12;Y;N;N;N;N;N;N
2984407;4408;4404;2022/2023;complete;92419;1;-1;64,77;45,90;2;2;4;3;8;11;2;0;2;1;1;0;6;4;6;8;12;12;12;8;49;51;3;1;3.1;3.35;2.04;1.02;1.15;1.55;2.3;3.8;14;4.5;2.3;1.5;1.2;1.51;2.5;0;0;0;0;1.77;1.28;1.32;3.25;2.2;2.4;3.1;2.5;2.15;0;0;1.25;1.43;1.81;2.38;2.9;3.6;2.55;1.98;1.5;1.36;2.54;7.5;1.73;2.1;14;1.68;0;0;1.27;2.25;4.85;13;3.2;1.52;1.13;1.02;1.14;1.71;3.2;7;4.9;1.9;1.3;1.08;0;0;0;0;4;0;1;2;1;3;1;2022-09-02 16:30:00;-1;0;0;0;0;0;1;1;1;4;2;4;5;6;0;0;3;1;0;4;1;38;45;75;87;1.45;1.37;2.82;0;0;0;0;0;0;1;1;0;0;0;2;0;0;-1;-1;-1;-1;-1;-1;-1;-1;-1;0;0;0;0;0;0;0;0;0;0;0;0;0;Al Wasl;Al Wahda;1.5;2.17;0;0;0;0;0;0;0;0;0;0;0;0;0;0;0;7865;12;Y;Y;Y;Y;N;N;Y
2984408;4403;4406;2022/2023;complete;92419;1;-1;11,27;;2;0;2;3;5;8;1;2;0;1;0;0;7;4;5;4;12;8;8;6;53;47;0;1;1.28;5.3;7.7;1.01;1.14;1.44;2.18;3.7;23;5;2.4;1.61;1.23;1.6;2.27;0;0;0;0;1.11;1.19;2.35;1.91;2.5;5;1.85;3;5;0;0;0;1.4;1.74;2.27;2.9;0;2.75;2.04;1.56;1.36;1.13;12;7.3;1.3;23;3.3;0;0;1.23;2.13;4.5;9;3.7;1.64;1.17;1.05;1.13;1.69;3;6.5;5.1;2.04;1.33;1.1;0;0;0;0;2;2;0;0;0;0;2;2022-09-03 13:45:00;4403;0;0;0;0;0;1;1;3;1;0;4;4;4;0;1;0;0;1;0;1;53;46;86;90;1.63;1.13;2.76;1;0;1;0;0;0;1;1;0;0;1;0;0;0;-1;-1;-1;-1;-1;-1;-1;-1;-1;0;0;0;0;0;0;0;0;0;0;0;0;0;Al Jazira;Dibba Al Fujairah;1.86;0.67;0;0;0;0;0;0;0;0;0;0;0;0;0;0;0;7865;12;Y;Y;N;N;N;N;N
2984409;4401;4407;2022/2023;complete;92419;1;-1;;8,90;0;2;2;4;4;8;0;1;6;4;0;0;5;5;9;1;14;6;11;18;61;39;6;4;2.81;3.53;2.17;1.02;1.2;1.69;2.7;4.85;13;3.8;2.04;1.36;1.13;1.62;2.25;0;0;0;0;1.45;1.29;1.53;2.75;2.1;2.85;2.55;2.35;2.7;0;0;1.27;1.46;1.87;2.47;3;3.4;2.47;1.92;1.46;1.34;1.9;7.4;2.25;1.9;13;1.9;0;0;1.3;2.45;6;17;3;1.44;1.1;1.01;1.18;1.9;3.7;8;4.3;1.71;1.23;1.06;0;0;0;0;2;0;1;0;1;1;1;2022-09-03 16:30:00;4407;0;0;0;0;0;1;1;2;1;2;3;3;5;2;2;4;2;4;6;1;67;31;98;50;1.72;0.95;2.67;0;0;0;0;0;0;1;1;0;1;0;0;0;0;-1;-1;-1;-1;-1;-1;-1;-1;-1;0;0;0;0;0;0;0;0;0;0;0;0;0;Shabab Al Ahli Dubai;Al Sharjah;1.86;2.71;0;0;0;0;0;0;0;0;0;0;0;0;0;0;0;7865;12;Y;Y;N;N;N;N;N
2984410;4400;4399;2022/2023;complete;92419;1;-1;60;6;1;1;2;3;9;12;1;2;3;0;0;0;4;3;4;14;8;17;12;9;40;60;3;0;4.8;3.9;1.53;1.01;1.14;1.47;2.25;3.6;15;4.65;2.33;1.57;1.22;1.63;2.24;0;0;0;0;2.19;1.21;1.22;3.75;2.3;2.05;3.65;2.6;1.9;0;0;1.23;1.43;1.71;2.25;2.8;3.7;2.6;2.07;1.58;1.38;4.6;9.3;1.28;2.45;14;1.51;0;0;1.25;2.15;4.55;12;3.4;1.55;1.15;1.03;1.13;1.71;3.1;7;5.1;2.02;1.32;1.08;0;0;0;0;2;0;1;1;0;1;1;2022-09-02 13:45:00;-1;0;0;0;0;0;1;1;2;4;1;5;6;6;1;0;2;0;1;2;1;29;52;80;86;1;1.65;2.66;0;1;0;0;0;1;1;1;0;1;1;0;0;0;-1;-1;-1;-1;-1;-1;-1;-1;-1;0;0;0;0;0;0;0;0;0;0;0;0;0;Ajman;Al Ain;1.83;1.33;0;0;0;0;0;0;0;0;0;0;0;0;0;0;0;7865;12;Y;Y;N;N;N;N;Y
2984411;4399;4398;2022/2023;complete;92419;2;-1;11,29,35,43,68,81,89;;7;0;7;10;3;13;1;0;1;0;0;1;12;2;9;3;21;5;5;8;62;38;1;2;1.25;5.4;8.6;1.02;1.17;1.5;2.3;3.92;14;4.7;2.4;1.53;1.23;1.91;1.85;0;0;0;0;1.07;1.15;3.5;1.76;2.73;7.31;1.57;3.18;6.9;0;0;0;1.31;1.51;1.93;2.55;0;3.1;2.37;1.86;1.43;1.11;12.75;8;1.28;18.5;3.72;0;0;1.24;2.35;4.6;12;3.6;1.52;1.16;1.02;1.13;1.73;3.1;7.5;5.1;1.99;1.31;1.07;0;0;0;0;7;4;0;3;0;3;4;2022-09-10 13:45:00;4399;0;0;0;0;0;1;1;2;3;8;0;5;8;1;1;0;0;2;0;1;83;49;112;104;2.76;0.82;3.58;0;0;0;0;0;0;1;1;0;0;0;0;0;0;-1;-1;-1;-1;-1;-1;-1;-1;-1;0;0;0;0;0;0;0;0;0;0;0;0;0;Al Ain;Al Dhafra;1.83;0;0;0;1;1;0;0;0;0;0;0;0;0;0;0;0;7865;12;Y;Y;Y;Y;Y;Y;N
2984412;4407;4410;2022/2023;complete;92419;2;-1;15,39,42;;3;0;3;4;2;6;1;1;1;0;0;0;7;0;8;5;15;5;9;14;60;40;1;0;1.37;4.71;6.17;1.02;1.16;1.57;2.33;3.92;20;4.53;2.3;1.54;1.21;1.75;1.95;0;0;0;0;1.11;1.17;2.84;1.88;2.6;5.94;1.65;3.05;5.75;0;0;1.24;1.44;1.71;2.23;2.8;3.7;2.6;2.08;1.6;1.38;1.28;8.4;5;1.35;20;3.1;0;0;1.27;2.37;4.9;10;3.4;1.51;1.14;1.04;1.14;1.75;3.2;7;4.9;1.97;1.3;1.08;0;0;0;0;3;3;0;0;0;0;3;2022-09-09 16:30:00;4407;0;0;0;0;0;1;1;2;0;2;2;2;4;0;0;1;0;0;1;1;50;32;83;71;1.79;0.56;2.35;1;0;1;0;0;0;1;1;0;0;0;0;0;0;-1;-1;-1;-1;-1;-1;-1;-1;-1;0;0;0;0;0;0;0;0;0;0;0;0;0;Al Sharjah;Bani Yas;1.4;1.17;0;0;3;3;0;0;0;0;0;0;0;0;0;0;0;7865;12;Y;Y;Y;N;N;N;N
2984413;4402;4400;2022/2023;complete;92419;2;-1;36,90;;2;0;2;9;4;13;1;2;4;1;0;0;5;3;6;1;11;4;11;12;62;38;4;1;1.84;3.75;3.45;1.02;1.19;1.6;2.51;4.33;17.75;4.59;2.25;1.52;1.2;1.63;2.23;0;0;0;0;1.24;1.22;1.88;2.41;2.45;4.18;2.08;2.74;4;0;0;1.23;1.43;1.69;2.21;2.8;3.7;2.65;2.09;1.61;1.39;1.42;8.4;3.54;1.56;16.25;2.49;0;0;1.28;2.43;5.2;11;3.34;1.55;1.12;1.03;1.16;1.81;3.5;7;4.6;1.89;1.25;1.08;0;0;0;0;2;1;0;1;0;1;1;2022-09-10 13:45:00;4402;0;0;0;0;0;1;1;4;0;5;4;4;9;3;1;1;0;4;1;1;56;35;125;85;1.46;0.73;2.19;0;0;0;0;0;0;1;1;0;0;1;0;0;0;-1;-1;-1;-1;-1;-1;-1;-1;-1;0;0;0;0;0;0;0;0;0;0;0;0;0;Al Nasr;Ajman;0.67;2;0;0;1;1;0;0;0;0;0;0;0;0;0;0;0;7865;12;Y;Y;N;N;N;N;N
2984414;4415;4403;2022/2023;complete;92419;2;-1;45,66;47,60,71,83;2;4;6;3;9;12;2;0;2;2;0;0;2;6;1;9;3;15;9;10;28;72;2;2;0;0;0;0;0;0;0;0;0;0;0;0;0;0;0;0;0;0;0;0;0;0;0;0;0;0;0;0;0;0;0;0;0;0;0;0;0;0;0;0;0;0;0;0;0;0;0;0;0;0;0;0;0;0;0;0;0;0;0;0;0;0;0;0;0;0;0;0;6;1;0;1;4;5;1;2022-09-09 13:45:00;4403;0;0;0;0;0;-1;1;-1;-1;-1;-1;-1;-1;0;0;2;2;0;4;-1;0;0;0;0;0;0;0;0;3;0;2;0;1;1;1;0;0;-1;-1;0;0;-1;-1;-1;-1;-1;-1;-1;-1;-1;0;0;0;0;0;0;0;0;0;0;0;0;0;Al Khaleej;Al Jazira;1.86;2;0;0;0;3;0;0;0;0;0;0;0;0;0;0;0;7865;12;Y;Y;Y;Y;Y;Y;Y
2984415;4406;4401;2022/2023;complete;92419;2;-1;45;66,86;1;2;3;0;5;5;1;1;1;1;0;0;3;7;7;12;10;19;15;17;30;70;1;1;6.5;4.2;1.42;1.02;1.27;1.75;3.1;5.8;10;3.4;1.75;1.33;1.1;1.76;2.01;0;0;0;0;1.84;1.28;1.25;4;2.1;2.5;3.78;2.6;2.24;0;0;1.31;1.5;1.94;2.59;3.3;3.1;2.39;1.84;1.41;1.28;3.78;10;1.42;2.6;12;1.57;0;0;1.35;2.6;6.2;13;2.9;1.43;1.09;1.01;1.21;2.04;4.2;10;3.9;1.69;1.19;1.06;0;0;0;0;3;1;0;0;2;2;1;2022-09-09 16:30:00;4401;0;0;0;0;0;1;1;0;3;0;2;3;2;0;0;1;1;0;2;1;54;75;82;109;1.23;2.23;3.46;0;0;0;0;0;0;1;1;0;0;0;0;0;0;-1;-1;-1;-1;-1;-1;-1;-1;-1;0;0;0;0;0;0;0;0;0;0;0;0;0;Dibba Al Fujairah;Shabab Al Ahli Dubai;0;2.4;0;0;0;0;0;0;0;0;0;0;0;0;0;0;0;7865;12;Y;Y;Y;N;N;N;Y
2984416;674147;4408;2022/2023;complete;92419;2;-1;54;45,74;1;2;3;3;6;9;0;1;0;1;0;0;5;7;4;9;9;16;6;6;33;67;0;1;3.25;3.3;2;1.05;1.2;1.7;2.7;4.7;9.75;3.94;2.05;1.4;1.15;1.58;2.32;0;0;0;0;1.67;1.29;1.25;3.75;2.2;2.6;3.62;2.65;2.37;0;0;1.23;1.42;1.8;2.27;3.05;3.8;2.65;2;1.56;1.33;3.92;10;1.38;2.75;9.75;1.53;0;0;1.3;2.4;5.6;12;3.15;1.5;1.11;1.02;1.19;1.95;3.94;9;4.14;1.75;1.2;1.07;0;0;0;0;3;0;1;1;1;2;1;2022-09-09 13:45:00;4408;0;0;0;0;0;1;1;0;4;3;2;4;5;0;0;0;1;0;1;1;41;83;79;121;1.22;2.1;3.32;0;0;0;0;0;0;1;1;0;0;0;1;0;0;-1;-1;-1;-1;-1;-1;-1;-1;-1;0;0;0;0;0;0;0;0;0;0;0;0;0;Al Bataeh;Al Wasl;0;2.17;0;0;3;1;0;0;0;0;0;0;0;0;0;0;0;7865;12;Y;Y;Y;N;N;N;Y
2984417;4404;4409;2022/2023;complete;92419;2;-1;;34;0;1;1;10;3;13;3;1;1;4;0;0;3;3;10;4;13;7;17;16;72;28;1;4;1.55;4.2;4.7;1.02;1.17;1.57;2.3;3.8;14;4.15;2.25;1.48;1.2;1.65;2.18;0;0;0;0;1.12;1.18;2.42;2.08;2.54;5.3;1.82;2.89;4.98;0;0;0;1.37;1.6;2.05;2.74;0;2.85;2.23;1.74;1.43;1.31;9.1;4.3;1.42;13;2.7;0;0;1.24;2.41;4.5;11;3.6;1.56;1.16;1.03;1.13;1.77;3.1;7.5;5.1;1.94;1.32;1.07;0;0;0;0;1;0;1;0;0;0;1;2022-09-10 16:30:00;4409;0;0;0;0;0;1;1;3;1;7;2;4;9;0;1;1;3;1;4;1;79;41;106;78;1.6;0.95;2.56;0;0;0;0;0;0;1;1;0;0;0;1;0;0;-1;-1;-1;-1;-1;-1;-1;-1;-1;0;0;0;0;0;0;0;0;0;0;0;0;0;Al Wahda;Al Ittihad Kalba;1.67;0.83;0;0;1;0;0;0;0;0;0;0;0;0;0;0;0;7865;12;Y;N;N;N;N;N;N
2984418;4410;674147;2022/2023;complete;92419;3;-1;;57;0;1;1;8;3;11;2;0;1;4;0;0;7;2;8;0;15;2;9;10;63;37;1;4;2.3;3.5;2.65;1.02;1.18;1.62;2.51;4.05;16.75;4.15;2.17;1.44;1.18;1.53;2.34;0;0;0;0;1.4;1.27;1.53;2.75;2.25;3.25;2.61;2.62;2.93;0;0;0;1.48;1.9;2.5;3.3;0;2.6;1.9;1.52;1.29;1.72;8;2.74;1.67;14.25;2.2;0;0;1.31;2.39;5.5;12;3.14;1.51;1.11;1.02;1.15;1.84;3.5;9;4.7;1.86;1.25;1.07;0;0;0;0;1;0;0;0;1;1;0;2022-09-16 13:45:00;674147;0;0;0;0;0;1;1;4;2;4;1;6;5;1;2;0;2;3;2;1;95;41;111;86;2.12;0.58;2.7;0;0;0;0;0;0;1;1;0;0;1;0;0;0;-1;-1;-1;-1;-1;-1;-1;-1;-1;0;0;0;50;100;0;50;100;0;7;2;6;1.5;Bani Yas;Al Bataeh;1.33;1.86;3;3;1.5;1.5;100;100;100;50;0;100;100;100;0;0.96;0.96;7865;12;Y;N;N;N;N;N;N
2984419;4409;4398;2022/2023;complete;92419;3;-1;72,75;;2;0;2;5;3;8;1;1;1;1;0;0;6;2;11;5;17;7;14;15;60;40;1;1;1.67;3.55;4.5;1.02;1.21;1.72;2.75;5;13;3.75;2.02;1.35;1.13;1.75;2.04;0;0;0;0;1.19;1.26;2.12;2.31;2.36;4.86;1.95;2.45;3.8;0;0;0;1.31;1.51;1.9;2.47;0;3.2;2.37;1.89;1.46;1.38;9.2;3.68;1.54;12;2.45;0;0;1.34;2.7;6.25;18;3.22;1.46;1.1;1.01;1.18;1.9;3.8;9;4.3;1.71;1.23;1.05;0;0;0;0;2;0;0;2;0;2;0;2022-09-16 13:45:00;4409;0;0;0;0;0;1;1;0;3;5;0;3;5;0;0;1;1;0;2;1;62;46;99;83;1.94;0.92;2.86;0;0;0;0;0;0;1;1;0;0;0;0;0;0;-1;-1;-1;-1;-1;-1;-1;-1;-1;50;50;50;100;100;50;100;100;50;14;3;4;4.5;Al Ittihad Kalba;Al Dhafra;2;0;0;0;1.5;0.5;50;50;50;0;0;100;100;100;2.59;0.82;3.41;7865;12;Y;Y;N;N;N;N;N
2984420;4401;4404;2022/2023;complete;92419;3;-1;15,51;38;2;1;3;2;5;7;3;0;1;2;1;0;8;5;7;8;15;13;14;13;29;71;2;2;2.3;3.4;2.55;1.02;1.18;1.61;2.55;4.45;14;4.05;2.15;1.4;1.15;1.58;2.34;0;0;0;0;1.5;1.29;1.49;3.16;2.34;3.15;2.65;2.4;2.55;0;0;1.25;1.44;1.81;2.34;2.9;3.5;2.52;1.98;1.52;1.35;1.88;6.9;2.33;1.9;13;1.83;0;0;1.29;2.58;6;16;3.05;1.49;1.1;1.01;1.17;1.8;3.6;7.5;4.4;1.83;1.25;1.07;0;0;0;0;3;1;1;1;0;1;2;2022-09-16 16:30:00;4401;0;50;0;50;0;1;1;1;2;1;3;3;4;0;1;2;1;1;3;1;48;82;89;113;1.85;1.76;3.62;0;0;0;0;0;0;1;1;0;0;0;0;0;0;-1;-1;-1;-1;-1;-1;-1;-1;-1;0;50;50;100;100;0;100;100;50;12;0;7;3;Shabab Al Ahli Dubai;Al Wahda;1.86;2.17;0;1;1.5;0.5;100;50;50;0;0;50;50;50;1.72;1.37;3.09;7865;12;Y;Y;Y;N;N;N;Y
2984421;4415;4402;2022/2023;complete;92419;3;-1;;;0;0;0;1;4;5;0;0;2;0;0;0;3;5;5;7;8;12;9;14;32;68;2;0;0;0;0;0;0;0;0;0;0;0;0;0;0;0;0;0;0;0;0;0;0;0;0;0;0;0;0;0;0;0;0;0;0;0;0;0;0;0;0;0;0;0;0;0;0;0;0;0;0;0;0;0;0;0;0;0;0;0;0;0;0;0;0;0;0;0;0;0;0;0;0;0;0;0;0;2022-09-15 16:30:00;-1;0;100;0;100;0;-1;1;-1;-1;-1;-1;-1;-1;1;0;1;0;1;1;-1;0;0;0;0;0;0;0;0;0;0;0;0;0;1;1;0;0;-1;-1;0;0;-1;-1;-1;-1;-1;-1;-1;-1;-1;50;50;50;100;100;0;50;100;100;7;3;4;4;Al Khaleej;Al Nasr;1.86;0.5;0;1;0;2;50;50;50;0;0;50;50;50;0;1.39;1.39;7865;12;N;N;N;N;N;N;N
2984422;4403;4399;2022/2023;complete;92419;3;-1;19,52;39;2;1;3;4;7;11;3;2;1;2;0;1;4;5;5;3;9;8;16;17;60;40;1;4;4.1;4.2;1.63;1.01;1.14;1.52;2.25;3.65;16;4.65;2.36;1.57;1.22;1.52;2.2;0;0;0;0;2;1.19;1.26;3.45;2.35;2.15;3.35;2.65;2;0;0;0;1.41;1.65;2.13;2.7;0;2.7;2.16;1.67;1.41;3.78;8.6;1.38;2.3;15;1.57;0;0;1.25;2.15;4.75;13;3.4;1.55;1.14;1.02;1.16;1.71;3.4;7.5;4.6;1.95;1.27;1.07;0;0;0;0;3;1;1;1;0;1;2;2022-09-15 16:30:00;4403;0;50;0;0;0;1;1;2;5;2;2;7;4;0;1;1;2;1;3;1;61;44;100;90;1.3;1.18;2.48;0;0;0;0;0;0;1;1;0;0;0;1;0;0;-1;-1;-1;-1;-1;-1;-1;-1;-1;0;0;0;100;100;50;100;50;0;12;3;0;2;Al Jazira;Al Ain;1.86;1.33;3;1;3;2;100;100;100;0;0;50;50;50;1.63;1.65;3.28;7865;12;Y;Y;Y;N;N;N;Y
2984423;4408;4406;2022/2023;complete;92419;3;-1;72;56;1;1;2;6;2;8;1;0;2;5;0;0;2;2;9;3;11;5;11;7;73;27;2;5;1.53;4.2;5;1.02;1.16;1.44;2.19;4;20.5;4.75;2.39;1.6;1.22;1.6;2.27;0;0;0;0;1.14;1.18;2.32;2;2.4;5;1.86;2.88;4.74;0;0;0;1.44;1.83;2.41;3.1;0;2.52;1.98;1.49;1.32;1.25;12;5.25;1.36;14.5;3.1;0;0;1.24;2.25;4.5;10.5;3.6;1.57;1.16;1.02;1.13;1.75;3.1;7;5.1;1.96;1.33;1.1;0;0;0;0;2;0;0;1;1;2;0;2022-09-15 13:45:00;-1;0;50;0;50;0;1;1;3;0;3;2;3;5;1;0;1;5;1;6;1;63;43;100;84;1.29;0.78;2.07;1;0;1;0;0;0;1;1;0;0;1;0;0;0;-1;-1;-1;-1;-1;-1;-1;-1;-1;0;50;50;100;100;50;100;50;50;8;4;4;3;Al Wasl;Dibba Al Fujairah;1.5;0.67;1;0;2;0;100;50;50;0;0;50;50;50;1.45;1.13;2.58;7865;12;Y;Y;N;N;N;N;Y
2984424;4400;4407;2022/2023;complete;92419;3;-1;45,47;35,65,72;2;3;5;2;6;8;2;0;5;6;0;1;7;6;4;7;11;13;13;17;45;55;5;8;6;4.5;1.43;1.02;1.16;1.53;2.33;3.74;20.5;4.62;2.35;1.54;1.21;1.71;2.02;0;0;0;0;2.85;1.14;1.07;6.05;2.56;1.82;5.8;3.06;1.65;0;0;1.27;1.46;1.87;2.48;3;3.4;2.47;1.92;1.45;1.34;5.9;10.5;1.19;3.32;18.5;1.34;0;0;1.25;2.21;4.5;12;3.6;1.59;1.16;1.03;1.14;1.73;3.2;7;4.9;1.99;1.3;1.08;0;0;0;0;5;1;1;1;2;3;2;2022-09-15 13:45:00;4407;0;50;0;0;0;1;1;0;0;2;6;0;8;3;2;2;5;5;7;1;52;66;68;88;1.56;1.71;3.27;0;1;0;0;0;1;1;1;0;0;0;0;0;0;-1;-1;-1;-1;-1;-1;-1;-1;-1;0;0;0;100;100;0;100;100;0;7;2;7;2;Ajman;Al Sharjah;1.83;2.71;1;3;0.5;3;100;100;100;0;0;50;50;50;1;0.95;1.95;7865;12;Y;Y;Y;Y;Y;N;Y
2984425;4407;4415;2022/2023;complete;92419;4;-1;16,49,59;;3;0;3;2;7;9;0;2;3;2;0;0;4;5;3;6;7;11;10;10;44;56;3;2;0;0;0;0;0;0;0;0;0;0;0;0;0;0;0;0;0;0;0;0;0;0;0;0;0;0;0;0;0;0;0;0;0;0;0;0;0;0;0;0;0;0;0;0;0;0;0;0;0;0;0;0;0;0;0;0;0;0;0;0;0;0;0;0;0;0;0;0;3;1;0;2;0;2;1;2022-10-01 13:15:00;4407;0;0;0;0;0;-1;1;-1;-1;-1;-1;-1;-1;0;1;3;1;1;4;-1;0;0;0;0;0;0;0;0;0;0;0;0;0;1;1;0;0;-1;-1;0;0;-1;-1;-1;-1;-1;-1;-1;-1;-1;0;0;50;50;100;50;50;50;0;12;2;2;2;Al Sharjah;Al Khaleej;1.4;0.4;3;0;3;0.33;100;100;50;50;0;50;50;50;1.79;0;1.79;7865;12;Y;Y;Y;N;N;N;N
2984426;4406;4400;2022/2023;complete;92419;4;-1;31;23,30,54;1;3;4;3;1;4;2;1;3;2;0;0;9;9;5;3;14;12;11;10;50;50;3;2;2.28;4.03;2.79;1.03;1.19;1.63;2.4;4.2;12;4.33;2.15;1.49;1.19;1.52;2.35;0;0;0;0;1.43;1.27;1.57;2.8;2.25;3.1;2.55;2.6;2.87;0;0;1.29;1.48;2;2.52;3.2;3.3;2.44;1.8;1.44;1.3;2.07;7.5;2.17;1.85;12;2.05;0;0;1.29;2.3;5.25;15;3.25;1.53;1.13;1.03;1.17;1.8;3.4;7.5;4.6;1.88;1.27;1.07;0;0;0;0;4;1;2;0;1;1;3;2022-10-01 16:00:00;4400;0;50;0;0;0;1;1;1;1;2;0;2;2;1;0;2;2;1;4;1;59;36;57;64;1.93;1.65;3.57;0;1;0;1;0;0;1;1;0;0;0;0;0;0;-1;-1;-1;-1;-1;-1;-1;-1;-1;0;0;50;100;100;0;100;100;50;4;3;2;2.5;Dibba Al Fujairah;Ajman;0;2;0;0;0.33;0.33;100;100;50;0;0;50;50;50;1.23;0.73;1.96;7865;12;Y;Y;Y;Y;N;N;Y
2984427;4410;4403;2022/2023;complete;92419;4;-1;90;88;1;1;2;3;5;8;1;1;4;1;1;0;5;9;3;8;8;17;10;13;31;69;6;1;4.6;3.8;1.6;1.03;1.18;1.52;2.3;4.08;14;4.61;2.38;1.55;1.22;1.5;2.4;0;0;0;0;1.9;1.2;1.24;3.85;2.45;2.3;3.96;2.9;2.02;0;0;0;1.39;1.68;2.19;2.65;0;2.75;2.11;1.63;1.42;4.65;9.2;1.28;2.25;12;1.57;0;0;1.25;2.28;4.7;10;3.6;1.54;1.15;1.04;1.14;1.74;3.2;7;4.9;1.98;1.3;1.08;0;0;0;0;2;0;0;1;1;2;0;2022-10-01 13:15:00;-1;0;50;0;50;0;1;1;2;1;1;4;3;5;1;0;4;1;1;5;1;35;73;87;102;1.12;2.23;3.34;0;1;0;1;0;0;1;1;0;0;0;0;0;0;-1;-1;-1;-1;-1;-1;-1;-1;-1;50;50;50;50;100;0;50;100;50;15;1.5;4.5;3.5;Bani Yas;Al Jazira;1.33;2;1.5;3;1;3;50;50;50;50;0;100;100;100;2.12;0;2.12;7865;12;Y;Y;N;N;N;N;Y
2984428;4402;4408;2022/2023;complete;92419;4;-1;71;20,47;1;2;3;9;1;10;1;1;3;3;0;1;6;8;6;1;12;9;13;8;70;30;3;4;2.38;3.49;2.96;1.04;1.17;1.58;2.55;4.75;10;4.6;2.23;1.45;1.16;1.47;2.5;0;0;0;0;1.5;1.27;1.41;3.2;2.23;2.95;2.92;2.62;2.63;0;0;0;1.39;1.69;2.21;2.65;0;2.75;2.1;1.61;1.42;2.05;7.6;2.06;1.95;14;1.8;0;0;1.3;2.4;5;12;3.2;1.49;1.14;1.03;1.15;1.85;3.4;7.5;4.7;1.85;1.27;1.07;0;0;0;0;3;0;1;1;1;2;1;2022-10-01 16:00:00;4408;0;50;0;50;0;1;1;5;0;4;1;5;5;1;1;2;3;2;5;1;102;30;115;54;1.91;1.34;3.26;0;1;0;0;0;1;1;1;0;0;2;0;0;0;-1;-1;-1;-1;-1;-1;-1;-1;-1;0;0;50;100;100;0;100;100;50;15;2;5;2.5;Al Nasr;Al Wasl;0.67;2.17;3;3;1.67;1.67;100;100;50;0;0;100;50;50;1.46;2.1;3.56;7865;12;Y;Y;Y;N;N;N;Y
2984429;4399;4409;2022/2023;complete;92419;4;-1;15,52,79;;3;0;3;8;4;12;1;1;0;0;0;0;7;5;7;9;14;14;2;4;58;42;0;0;1.34;4.7;6.5;1.02;1.14;1.46;2.2;3.75;13;5;2.52;1.6;1.25;1.7;2.05;0;0;0;0;1.07;1.18;2.88;1.75;2.62;5.8;1.65;2.88;5.8;0;0;0;1.31;1.48;1.88;2.46;0;3.2;2.43;1.91;1.47;1.17;11;6.15;1.35;19.25;3.22;0;0;1.22;2.16;4.33;9;4;1.64;1.2;1.05;1.17;1.68;3.25;6.5;4.5;2.08;1.33;1.1;0;0;0;0;3;1;0;2;0;2;1;2022-10-02 16:00:00;4399;0;0;0;0;0;1;-1;4;2;4;2;6;6;0;0;0;0;0;0;1;68;61;97;78;1.86;1.67;3.53;0;0;0;0;0;0;1;1;0;0;1;0;-1;-1;-1;-1;-1;-1;-1;-1;-1;-1;-1;50;50;50;50;100;50;100;50;50;13;2;5;4;Al Ain;Al Ittihad Kalba;1.83;0.83;3;3;1.33;2;50;50;50;50;0;100;100;100;2.76;0.95;3.71;7865;12;Y;Y;Y;N;N;N;N
2984430;4398;4401;2022/2023;complete;92419;4;-1;19,57,59;64,89;3;2;5;2;6;8;2;2;1;1;0;0;5;5;9;9;14;14;11;14;40;60;1;1;4.9;4;1.53;1.04;1.21;1.65;2.69;4.76;13;4.2;2.1;1.45;1.18;1.75;2.05;0;0;0;0;2.41;1.22;1.16;5.27;2.45;2.15;4.94;2.76;1.88;0;0;1.24;1.44;1.68;2.19;2.8;3.7;2.6;2.11;1.63;1.38;5.1;9.7;1.24;2.92;14.5;1.44;0;0;1.3;2.56;5;12;3.2;1.5;1.13;1.03;1.15;1.88;3.4;8;4.7;1.82;1.27;1.06;0;0;0;0;5;1;0;2;2;4;1;2022-10-02 13:15:00;4398;0;100;0;50;0;1;1;2;2;0;4;4;4;0;0;1;1;0;2;1;52;72;92;105;1.61;1.75;3.36;0;0;0;0;0;0;1;1;0;0;0;0;0;0;-1;-1;-1;-1;-1;-1;-1;-1;-1;0;0;50;100;100;0;50;100;100;9;1;4;2.5;Al Dhafra;Shabab Al Ahli Dubai;0.8;2.4;1;3;0.33;2;100;100;50;0;0;0;0;0;0.89;2.23;3.12;7865;12;Y;Y;Y;Y;Y;N;Y
2984431;674147;4404;2022/2023;complete;92419;4;-1;;22,76,90,90;0;4;4;1;13;14;1;3;2;4;0;0;2;15;2;14;4;29;6;11;33;67;2;4;3.45;4;1.74;1.03;1.23;1.65;2.77;4.9;14.25;3.78;2.12;1.39;1.14;1.62;2.15;0;0;0;0;1.62;1.27;1.32;3.6;2.2;2.65;3.25;2.65;2.35;0;0;0;1.41;1.78;2.34;0;0;2.58;2;1.52;0;0;0;0;2.15;14;1.75;0;0;1.35;2.55;5.75;12;2.95;1.45;1.1;1.02;1.18;1.92;3.8;10;4.3;1.79;1.23;1.06;0;0;0;0;4;0;1;0;3;3;1;2022-10-02 13:15:00;4404;0;100;25;75;0;1;1;0;9;1;4;9;5;1;2;1;2;3;3;1;26;92;85;115;0.6;3.53;4.12;0;0;0;0;0;0;1;1;0;0;0;1;0;0;-1;-1;-1;-1;-1;-1;-1;-1;-1;0;25;100;100;100;25;100;100;75;9.5;0;1.5;3.25;Al Bataeh;Al Wahda;0;2.17;0;0.5;2;0.33;100;75;0;0;0;75;25;25;1.22;1.56;2.78;7865;12;Y;Y;Y;Y;N;N;N
2984432;4401;4409;2022/2023;complete;92419;5;-1;;;0;0;0;10;6;16;1;3;4;5;0;0;6;5;5;7;11;12;13;20;50;50;4;5;1.94;3.69;3.85;1.01;1.2;1.6;2.58;4.59;16;4.41;2.06;1.48;1.19;1.68;2.14;0;0;0;0;1.15;1.22;2.47;2;2.2;4.65;1.87;2.81;4.88;0;0;0;1.36;1.63;2.1;2.5;0;2.9;2.24;1.71;1.46;1.35;8.8;3.98;1.4;12;2.7;0;0;1.28;2.28;5;11;3.34;1.44;1.14;1.03;1.15;1.83;3.4;7.5;4.7;1.87;1.27;1.07;0;0;0;0;0;0;0;0;0;0;0;2022-10-07 13:15:00;-1;0;25;25;0;0;1;1;4;6;6;0;10;6;1;0;3;5;1;8;1;64;53;93;98;1.58;1.49;3.07;0;0;0;0;0;0;1;1;0;0;0;2;0;0;-1;-1;-1;-1;-1;-1;-1;-1;-1;0;0;50;75;100;25;100;75;25;6.5;2.5;6;2.25;Shabab Al Ahli Dubai;Al Ittihad Kalba;1.86;0.83;1.5;1.5;1.5;1.5;100;100;50;25;0;50;50;50;1.78;1.31;3.09;7865;12;N;N;N;N;N;N;N
2984433;4408;4398;2022/2023;complete;92419;5;-1;21,42,47,52;;4;0;4;6;3;9;4;0;1;1;0;0;6;3;5;4;11;7;14;9;64;36;1;1;1.4;4.63;5.35;1.02;1.16;1.65;2.28;3.9;14;4.35;2.1;1.56;1.19;1.66;2.16;0;0;0;0;1.1;1.17;2.53;2.01;2.6;5.51;1.77;2.94;5.2;0;0;0;1.41;1.64;2.12;2.7;0;2.7;2.16;1.68;1.41;1.24;9.7;5.1;1.4;17.75;3;0;0;1.23;2.34;4.4;10;3.7;1.59;1.17;1.04;1.12;1.75;3;7;5.3;1.96;1.34;1.08;0;0;0;0;4;2;0;2;0;2;2;2022-10-08 13:15:00;4408;0;50;0;50;0;1;1;4;3;2;0;7;2;0;0;1;1;0;2;1;49;30;112;86;1.48;0.88;2.36;0;0;0;0;0;0;1;1;0;0;0;0;0;0;-1;-1;-1;-1;-1;-1;-1;-1;-1;25;50;50;100;100;25;50;100;100;7.5;2;4;3.75;Al Wasl;Al Dhafra;1.5;0;1;0;2;1;75;50;50;0;0;50;50;50;1.37;0.87;2.24;7865;12;Y;Y;Y;Y;N;N;N
2984434;4415;674147;2022/2023;complete;92419;5;-1;65,74,77;;3;0;3;6;2;8;3;0;1;4;0;0;6;6;10;3;16;9;12;16;54;46;1;4;0;0;0;0;0;0;0;0;0;0;0;0;0;0;0;0;0;0;0;0;0;0;0;0;0;0;0;0;0;0;0;0;0;0;0;0;0;0;0;0;0;0;0;0;0;0;0;0;0;0;0;0;0;0;0;0;0;0;0;0;0;0;0;0;0;0;0;0;3;0;0;3;0;3;0;2022-10-08 13:15:00;4415;0;25;0;25;0;-1;1;-1;-1;-1;-1;-1;-1;0;1;1;3;1;4;-1;0;0;0;0;0;0;0;0;0;0;0;0;0;1;1;0;0;-1;-1;0;0;-1;-1;-1;-1;-1;-1;-1;-1;-1;25;25;25;50;75;0;50;75;25;5;1.5;5;2.25;Al Khaleej;Al Bataeh;1.86;1.86;0.5;3;0.25;1.5;75;75;75;50;25;75;75;75;0;0.77;0.77;7865;12;Y;Y;Y;N;N;N;N
2984435;4406;4399;2022/2023;complete;92419;5;-1;;6,90;0;2;2;2;6;8;0;3;2;2;0;0;2;9;6;11;8;20;11;11;29;71;2;2;7.32;5.1;1.33;1.02;1.15;1.49;2.3;3.94;19.25;4.5;2.28;1.52;1.19;1.77;1.94;0;0;0;0;2.81;1.16;1.06;6.5;2.5;1.83;6.05;3.02;1.64;0;0;0;1.33;1.64;2.13;2.7;0;3.05;2.22;1.69;1.41;5.75;15;1.2;3.75;15.75;1.29;0;0;1.29;2.27;5.1;11;3.3;1.56;1.13;1.02;1.14;1.75;3.2;8;4.9;1.96;1.3;1.08;0;0;0;0;2;0;1;0;1;1;1;2022-10-07 13:15:00;4399;0;100;50;0;0;1;1;2;3;0;3;5;3;0;0;2;2;0;4;1;26;86;64;133;0.84;2.51;3.35;0;0;0;0;0;0;1;1;0;1;0;0;0;0;-1;-1;-1;-1;-1;-1;-1;-1;-1;0;25;75;100;100;50;100;100;25;9.5;3.5;4;3;Dibba Al Fujairah;Al Ain;0;1.33;0;0.5;0.25;1.75;100;75;25;0;0;50;50;50;1.58;1.42;3;7865;12;Y;Y;N;N;N;N;N
2984436;4403;4407;2022/2023;complete;92419;5;-1;17,28,38;14,29,70;3;3;6;5;4;9;2;3;2;3;0;0;7;7;6;5;13;12;7;13;52;48;2;3;3.15;3.8;1.88;1.01;1.17;1.57;2.63;4.9;15;4.6;2.12;1.43;1.15;1.6;2.3;0;0;0;0;1.79;1.26;1.32;3.82;2.39;2.63;3.5;2.64;2.31;0;0;1.27;1.46;1.87;2.47;3;3.4;2.63;1.93;1.52;1.33;2.66;7.7;1.67;2.1;13;1.62;0;0;1.3;2.52;4.8;12;3.2;1.52;1.15;1.03;1.14;1.87;3.2;7.5;4.9;1.83;1.3;1.07;0;0;0;0;6;3;2;0;1;1;5;2022-10-07 16:00:00;-1;0;50;50;25;0;1;1;4;2;1;2;6;3;0;0;2;3;0;5;1;43;50;78;92;1.62;1.61;3.23;0;1;0;1;0;0;1;1;0;0;0;1;0;0;-1;-1;-1;-1;-1;-1;-1;-1;-1;25;25;50;100;100;75;100;75;25;8.5;2.5;6.5;3;Al Jazira;Al Sharjah;1.86;2.71;3;3;2.5;3;75;75;50;0;0;25;25;25;1.46;1.33;2.79;7865;12;Y;Y;Y;Y;Y;Y;Y
2984437;4404;4402;2022/2023;complete;92419;5;-1;53,63,84,90;;4;0;4;2;2;4;4;0;1;2;0;0;8;3;7;8;15;11;11;9;41;59;1;2;1.69;3.8;3.65;1.02;1.19;1.7;2.6;4.25;13;4;2.1;1.41;1.17;1.63;2.22;0;0;0;0;1.21;1.23;1.95;2.39;2.4;4.39;2.1;2.67;4.08;0;0;0;1.41;1.64;2.12;2.7;0;2.7;2.17;1.68;1.41;1.48;8.3;3.24;1.57;14.5;2.51;0;0;1.3;2.55;4.9;12;3.2;1.5;1.14;1.03;1.15;1.88;3.3;8;4.7;1.82;1.29;1.06;0;0;0;0;4;0;0;4;0;4;0;2022-10-08 16:00:00;4404;0;25;0;25;0;1;1;2;2;0;0;4;0;1;1;0;1;2;1;1;40;39;84;117;1.8;1.2;3;0;0;0;0;0;0;1;1;0;0;0;1;0;0;-1;-1;-1;-1;-1;-1;-1;-1;-1;0;0;0;25;75;0;50;25;25;14;3.5;2;1;Al Wahda;Al Nasr;1.67;0.5;0;1;1;1.25;100;100;100;75;25;50;50;50;1.6;1.39;2.99;7865;12;Y;Y;Y;Y;N;N;N
2984438;4400;4410;2022/2023;complete;92419;5;-1;12,90;;2;0;2;0;6;6;4;0;1;1;0;0;6;3;6;8;12;11;17;19;44;56;1;1;2.31;3.55;2.52;1.01;1.18;1.61;2.75;5.1;14;4.4;2.04;1.4;1.14;1.6;2.28;0;0;0;0;1.48;1.26;1.56;3.04;2.36;3.26;2.63;2.62;2.91;0;0;1.25;1.43;1.81;2.4;2.9;3.5;2.71;1.98;1.55;1.36;2.09;7.5;2.03;1.83;12;1.9;0;0;1.3;2.55;5.3;12;3.2;1.5;1.12;1.03;1.17;1.85;3.6;7.5;4.4;1.85;1.25;1.07;0;0;0;0;2;1;0;1;0;1;1;2022-10-07 16:00:00;4400;0;50;25;25;0;1;1;0;1;0;5;1;5;1;1;0;0;2;0;1;44;67;89;110;1.5;1.39;2.89;0;0;0;0;0;0;1;1;0;0;0;0;0;0;-1;-1;-1;-1;-1;-1;-1;-1;-1;25;25;75;100;100;75;100;50;25;4.5;2.5;4;3.25;Ajman;Bani Yas;1.83;1.17;0.5;0;1;1;75;75;25;0;0;25;25;25;1.28;0.56;1.84;7865;12;Y;Y;N;N;N;N;N
2984439;4410;4402;2022/2023;complete;92419;6;-1;36;86;1;1;2;6;8;14;1;2;2;2;0;1;2;4;4;8;6;12;12;10;27;73;2;3;3.2;3.25;1.98;1.02;1.27;1.91;3.11;6.01;10.5;3.61;1.95;1.35;1.12;1.68;2.13;0;0;0;0;1.64;1.33;1.34;3.74;2.24;2.88;3.4;2.48;2.46;0;0;1.25;1.43;1.7;2.22;2.9;3.6;2.73;2.08;1.6;1.36;2.41;7.6;1.79;2.27;9;1.81;0;0;1.37;2.86;6.1;13;3.05;1.41;1.09;1.02;1.21;2.03;4.1;9;3.9;1.7;1.19;1.05;0;0;0;0;2;1;0;0;1;1;1;2022-10-16 13:00:00;-1;0;33;0;33;0;1;1;4;2;2;6;6;8;0;0;2;3;0;5;1;37;60;73;112;0.79;1.48;2.27;0;0;0;0;0;0;1;1;0;0;0;1;0;0;-1;-1;-1;-1;-1;-1;-1;-1;-1;0;17;17;50;84;0;0;84;50;8.33;1.66;5;1.67;Bani Yas;Al Nasr;1.33;0.5;1.33;0.67;0.8;1;100;84;84;50;17;34;34;34;1.62;1.3;2.92;7865;12;Y;Y;N;N;N;N;Y
2984440;4398;674147;2022/2023;complete;92419;6;-1;74;30,45;1;2;3;4;3;7;2;3;3;3;1;0;4;7;5;5;9;12;14;11;42;58;5;3;2;3.4;3;1.04;1.22;1.76;2.79;5.4;13.25;3.64;1.96;1.36;1.12;1.62;2.23;0;0;0;0;1.33;1.26;1.64;2.75;2.2;3.5;2.48;2.55;3.32;0;0;1.23;1.43;1.69;2.21;2.8;3.7;2.65;2.09;1.61;1.39;1.64;7.7;2.73;1.67;10.25;2.3;0;0;1.33;2.55;5.9;13;3.04;1.45;1.1;1.01;1.17;1.95;4.2;10;4.5;1.76;1.19;1.06;0;0;0;0;3;0;2;1;0;1;2;2022-10-16 13:00:00;674147;0;50;0;50;0;1;1;3;1;1;2;4;3;2;0;2;3;2;5;1;62;59;88;85;1.3;1.67;2.97;1;0;1;0;0;0;1;1;0;0;1;0;0;0;-1;-1;-1;-1;-1;-1;-1;-1;-1;25;25;42;84;100;0;42;100;67;5.67;1.33;5.33;2.75;Al Dhafra;Al Bataeh;0.8;1.86;2;2;0.8;1.2;75;75;59;17;0;34;34;34;1.25;0.77;2.02;7865;12;Y;Y;Y;N;N;N;Y
2984441;4407;4408;2022/2023;complete;92419;6;-1;;70;0;1;1;6;9;15;2;0;5;1;1;0;4;8;8;1;12;9;15;16;42;58;6;1;1.65;3.8;4.5;1.04;1.18;1.6;2.3;4.5;10;4.1;2.25;1.57;1.17;1.6;2.19;0;0;0;0;1.22;1.23;1.92;2.43;2.44;4.36;2.11;2.68;3.86;0;0;1.31;1.53;1.98;2.67;3.3;3.1;2.33;1.8;1.38;1.28;1.44;8.2;3.46;1.59;15;2.45;0;0;1.3;2.49;5.1;11;3.2;1.45;1.13;1.03;1.16;1.85;3.5;7.5;4.6;1.85;1.26;1.07;0;0;0;0;1;0;0;0;1;1;0;2022-10-16 16:00:00;4408;0;50;0;50;0;1;1;4;2;2;7;6;9;3;1;3;0;4;3;1;68;58;76;73;1.52;1.55;3.07;0;0;0;0;0;0;1;1;0;0;1;1;0;1;-1;-1;-1;-1;-1;-1;-1;-1;-1;0;0;100;100;100;25;100;75;75;6.5;1.5;4.5;3;Al Sharjah;Al Wasl;1.4;2.17;3;3;2.6;2.2;100;100;0;0;0;75;25;0;1.79;1.72;3.51;7865;12;Y;N;N;N;N;N;N
2984442;4400;4415;2022/2023;complete;92419;6;-1;;;0;0;0;1;4;5;1;1;1;1;0;0;0;3;5;2;5;5;10;12;58;42;1;1;0;0;0;0;0;0;0;0;0;0;0;0;0;0;0;0;0;0;0;0;0;0;0;0;0;0;0;0;0;0;0;0;0;0;0;0;0;0;0;0;0;0;0;0;0;0;0;0;0;0;0;0;0;0;0;0;0;0;0;0;0;0;0;0;0;0;0;0;0;0;0;0;0;0;0;2022-10-16 16:00:00;-1;0;34;17;17;0;-1;1;-1;-1;-1;-1;-1;-1;1;1;0;0;2;0;-1;0;0;0;0;0;0;0;0;0;0;0;0;0;1;1;0;0;-1;-1;0;0;-1;-1;-1;-1;-1;-1;-1;-1;-1;17;17;42;75;100;17;75;100;42;9.17;3.83;4.5;2.5;Ajman;Al Khaleej;1.83;0.4;1.33;0;1.4;0.8;84;84;59;25;0;67;42;42;1.35;0;1.35;7865;12;N;N;N;N;N;N;N
2984443;4401;4403;2022/2023;complete;92419;6;-1;30,90;87;2;1;3;7;6;13;3;2;1;3;0;1;8;4;6;8;14;12;17;8;35;65;1;5;2.14;3.55;2.78;1.01;1.17;1.58;2.5;4.35;15;4.2;2.09;1.44;1.16;1.57;2.34;0;0;0;0;1.52;1.28;1.49;3.18;2.37;3.08;2.83;2.64;2.69;0;0;1.26;1.43;1.81;2.38;2.9;3.5;2.55;1.97;1.5;1.35;1.92;7.5;2.22;1.95;15.5;1.9;0;0;1.29;2.52;5.2;16;3.26;1.52;1.13;1.01;1.16;1.84;3.5;7.5;4.6;1.86;1.26;1.07;0;0;0;0;3;1;0;1;1;2;1;2022-10-15 13:00:00;4401;0;67;17;50;0;1;1;2;4;5;2;6;7;1;1;0;3;2;3;1;61;60;84;98;1.88;1.47;3.35;0;0;0;0;0;0;1;1;0;0;0;0;0;0;-1;-1;-1;-1;-1;-1;-1;-1;-1;25;25;42;84;84;17;59;84;50;12.33;1.83;5.5;2.84;Shabab Al Ahli Dubai;Al Jazira;1.86;2;1.33;2;1.4;2.2;75;75;59;17;17;42;42;42;1.72;2.23;3.95;7865;12;Y;Y;Y;N;N;N;Y
2984444;4399;4404;2022/2023;complete;92419;6;-1;13,57;43,45,47;2;3;5;4;5;9;3;0;0;3;0;0;4;7;6;8;10;15;6;1;54;46;0;3;1.78;3.6;3.65;1.03;1.15;1.54;2.38;4.1;11;4.5;2.17;1.49;1.18;1.53;2.34;0;0;0;0;1.24;1.23;1.88;2.44;2.49;4.2;2.13;2.74;3.82;0;0;0;1.4;1.65;2.13;2.65;0;2.75;2.15;1.67;1.41;1.45;8.3;3.38;1.61;16.75;2.36;0;0;1.26;2.39;4.8;11;3.5;1.5;1.15;1.03;1.14;1.79;3.2;7;4.9;1.92;1.29;1.08;0;0;0;0;5;1;2;1;1;2;3;2022-10-15 16:00:00;4404;0;34;17;17;0;1;1;2;4;2;1;6;3;0;0;0;3;0;3;1;52;49;89;91;1.29;1.79;3.08;0;0;0;0;0;0;1;1;0;0;0;0;0;0;-1;-1;-1;-1;-1;-1;-1;-1;-1;25;59;100;100;100;42;100;100;84;17.67;2;2.83;4.34;Al Ain;Al Wahda;1.83;2.17;3;1.33;2;1.4;75;42;0;0;0;84;84;84;2.31;2.22;4.53;7865;12;Y;Y;Y;Y;Y;N;Y
2984445;4409;4406;2022/2023;complete;92419;6;-1;76,84;;2;0;2;5;4;9;1;0;2;2;0;0;4;5;6;5;10;10;13;16;59;41;2;2;1.68;3.75;4.05;1.03;1.19;1.62;2.6;4.7;15.75;3.98;2.03;1.41;1.16;1.66;2.16;0;0;0;0;1.18;1.22;2.03;2.25;2.3;4.33;2.04;2.69;4.28;0;0;0;0;1.7;2;2.52;0;0;2.14;1.8;1.46;1.33;8.9;4.15;1.55;11.5;2.6;0;0;1.31;2.44;5.8;17;3.14;1.49;1.1;1.03;1.16;1.88;3.7;10;4.6;1.82;1.23;1.06;0;0;0;0;2;0;0;2;0;2;0;2022-10-15 13:00:00;4409;0;25;0;25;0;1;1;3;1;2;3;4;5;1;0;1;2;1;3;1;48;45;109;92;1.27;1.31;2.58;0;0;0;0;0;0;1;1;0;0;0;0;0;0;-1;-1;-1;-1;-1;-1;-1;-1;-1;0;0;0;100;100;25;50;75;50;11.5;3;4.5;2;Al Ittihad Kalba;Dibba Al Fujairah;2;0.67;1.5;0.5;1.4;0.2;100;100;100;0;0;25;25;25;2.27;0.95;3.22;7865;12;Y;Y;N;N;N;N;N
2984446;4402;4399;2022/2023;complete;92419;7;-1;48;5,76,90;1;3;4;3;5;8;0;5;3;1;0;0;6;6;9;9;15;15;15;9;49;51;3;1;9.03;1.86;1.32;1.01;1.17;1.62;2.5;4.35;15;4.15;2.16;1.41;1.16;1.63;2.23;0;0;0;0;1.85;1.25;1.3;3.96;2.4;2.56;3.58;2.65;2.27;0;0;0;1.41;1.68;2.07;2.7;0;2.7;2.12;1.71;1.41;3.22;8.1;1.49;2.4;15;1.57;0;0;1.3;2.52;5.2;12;3.2;1.52;1.13;1.03;1.16;1.86;3.5;7.5;4.6;1.84;1.26;1.07;0;0;0;0;4;0;1;1;2;3;1;2022-10-22 16:00:00;4399;0;59;17;25;0;1;1;1;1;2;4;2;6;1;0;2;1;1;3;1;55;58;107;109;1.77;1.79;3.56;0;0;0;0;0;0;1;1;0;1;0;1;0;0;-1;-1;-1;-1;-1;-1;-1;-1;-1;0;0;42;100;100;17;100;100;25;16.33;3.33;5.5;2.42;Al Nasr;Al Ain;0.67;1.33;1.5;1.33;1;1.67;100;100;59;0;0;84;84;59;1.69;1.78;3.47;7865;12;Y;Y;Y;Y;N;N;Y
2984447;4408;4409;2022/2023;complete;92419;7;-1;5,55;58,77;2;2;4;7;8;15;0;2;4;0;0;0;4;7;12;10;16;17;10;12;52;48;4;0;1.73;3.6;4;1.04;1.19;1.66;2.64;5.25;10;3.95;2.09;1.4;1.14;1.64;2.2;0;0;0;0;1.21;1.23;1.94;2.4;2.37;4.48;2.12;2.66;4.02;0;0;0;1.4;1.68;2.06;2.65;0;2.75;2.11;1.72;1.42;1.38;8.8;3.74;1.5;14.25;2.75;0;0;1.32;2.62;5.4;12;3.31;1.48;1.12;1.03;1.17;1.89;3.6;8;4.4;1.81;1.24;1.06;0;0;0;0;4;1;0;1;2;3;1;2022-10-23 16:00:00;-1;0;34;0;34;0;1;1;3;4;4;4;7;8;1;0;3;0;1;3;1;55;72;88;90;1.68;2.08;3.76;1;1;1;1;0;0;1;1;1;0;1;1;0;0;-1;-1;-1;-1;-1;-1;-1;-1;-1;0;34;50;67;84;17;67;67;67;9.33;4;5;2.33;Al Wasl;Al Ittihad Kalba;1.5;0.83;1.67;1.33;2.33;1.67;100;67;50;34;17;84;67;67;1.41;1.37;2.78;7865;12;Y;Y;Y;Y;N;N;Y
2984448;4404;4398;2022/2023;complete;92419;7;-1;6,19,42,90;71,79;4;2;6;6;1;7;4;1;0;2;0;0;7;3;5;4;12;7;7;8;64;36;0;2;1.18;5.8;9.9;1.01;1.13;1.55;2.3;3.35;17;4.95;2.38;1.57;1.25;2.2;1.62;0;0;0;0;1.05;1.11;4.49;1.53;2.75;9.5;1.36;3.5;10;0;0;0;1.35;1.62;1.99;2.5;0;2.9;2.25;1.81;1.51;1.15;11;7.1;1.14;13;5.5;0;0;1.25;2.1;4.5;13;3.75;1.67;1.18;1.04;1.14;1.67;3.25;6.5;5.5;2.1;1.33;1.11;0;0;0;0;6;3;0;1;2;3;3;2022-10-25 16:00:00;4404;0;0;0;0;0;1;1;1;1;5;0;2;5;0;1;0;1;1;1;1;50;24;103;74;1.61;0.83;2.45;0;0;0;0;0;0;1;1;1;0;0;1;0;0;-1;-1;-1;-1;-1;-1;-1;-1;-1;17;59;59;75;100;34;59;75;75;9;3.83;2.33;3.42;Al Wahda;Al Dhafra;1.67;0;1.5;0;1.67;0.67;84;42;42;25;0;59;42;42;1.7;0.87;2.57;7865;12;Y;Y;Y;Y;Y;Y;Y
2984449;4415;4401;2022/2023;complete;92419;7;-1;;64;0;1;1;10;10;20;2;0;1;2;0;0;2;3;13;11;15;14;13;11;52;48;1;2;0;0;0;0;0;0;0;0;0;0;0;0;0;0;0;0;0;0;0;0;0;0;0;0;0;0;0;0;0;0;0;0;0;0;0;0;0;0;0;0;0;0;0;0;0;0;0;0;0;0;0;0;0;0;0;0;0;0;0;0;0;0;0;0;0;0;0;0;1;0;0;0;1;1;0;2022-10-22 13:00:00;4401;0;67;0;42;0;-1;1;-1;-1;-1;-1;-1;-1;1;1;0;1;2;1;-1;0;0;0;0;0;0;0;0;0;0;0;0;0;1;1;0;0;-1;-1;0;0;-1;-1;-1;-1;-1;-1;-1;-1;-1;42;42;84;84;84;0;67;84;84;8.83;3.17;2.67;3.5;Al Khaleej;Shabab Al Ahli Dubai;1.86;2.4;1.33;1.5;0.83;1.67;59;59;17;17;17;17;17;17;0;1.99;1.99;7865;12;Y;N;N;N;N;N;N
2984450;674147;4407;2022/2023;complete;92419;7;-1;;57;0;1;1;3;3;6;1;2;0;1;0;0;2;4;5;9;7;13;9;16;45;55;0;1;4.59;4.25;1.5;1.01;1.15;1.46;2.31;4;14;4.55;2.52;1.54;1.19;1.63;2.14;0;0;0;0;2.35;1.18;1.13;5.5;2.5;1.91;4.8;2.88;1.82;0;0;1.31;1.54;2;2.37;3.2;3.1;2.31;1.8;1.51;1.3;4.48;12;1.31;3.25;17.25;1.33;0;0;1.28;2.27;4.9;11;3.34;1.56;1.14;1.02;1.15;1.77;3.4;9;4.7;1.94;1.27;1.07;0;0;0;0;1;0;0;0;1;1;0;2022-10-25 13:00:00;4407;0;59;34;42;0;1;1;2;2;1;1;4;2;0;0;0;1;0;1;1;31;59;94;97;0.82;1.53;2.35;0;0;0;0;0;0;1;1;0;0;0;1;0;0;-1;-1;-1;-1;-1;-1;-1;-1;-1;34;59;84;100;100;34;100;100;67;6.67;1.83;6;3.92;Al Bataeh;Al Sharjah;0;2.71;0;2.33;1.5;2.17;67;42;17;0;0;67;25;25;0.91;1.43;2.34;7865;12;Y;N;N;N;N;N;N
2984451;4403;4400;2022/2023;complete;92419;7;-1;;77;0;1;1;13;3;16;2;2;3;5;0;0;4;5;6;3;10;8;8;9;61;39;3;5;1.36;4.6;6;0;1.84;1.45;2.23;0;0;1.95;2.55;1.58;0;1.67;2.1;0;0;0;0;0;0;0;1.95;2.5;5;1.73;0;5;0;0;0;0;0;0;0;0;0;0;0;0;0;0;0;1.33;0;3.25;0;0;1.25;2.25;5;13;3.75;1.57;1.17;1.04;1.14;1.73;3.4;7;5.5;2;1.3;1.1;0;0;0;0;1;0;0;0;1;1;0;2022-10-23 13:00:00;4400;0;59;59;0;0;1;1;8;3;5;0;11;5;2;1;1;4;3;5;1;75;32;110;76;1.46;1.09;2.55;0;0;0;0;0;0;1;1;0;0;0;0;0;1;-1;-1;-1;-1;-1;-1;-1;-1;-1;17;42;59;100;100;75;100;84;0;6.5;3.5;2.5;3.34;Al Jazira;Ajman;1.86;2;2.33;1.5;1.83;1.33;84;59;42;0;0;59;42;42;1.52;1.19;2.71;7865;12;Y;N;N;N;N;N;N
2984452;4406;4410;2022/2023;complete;92419;7;-1;29;17,47,74,86;1;4;5;3;7;10;4;1;4;1;0;0;6;9;8;7;14;16;8;18;46;54;4;1;3.2;3.46;2.11;1.05;1.24;1.75;2.93;5.5;9.5;3.48;1.95;1.33;1.12;1.67;2.08;0;0;0;0;1.66;1.27;1.31;3.6;2.2;2.75;3.36;2.52;2.43;0;0;0;0;0;0;0;0;0;0;0;0;0;0;0;2.38;9.8;1.67;0;0;1.35;2.65;6;21;2.93;1.42;1.09;1.02;1.18;2.02;4.2;11;4.2;1.71;1.19;1.05;0;0;0;0;5;1;1;0;3;3;2;2022-10-22 13:00:00;4410;0;34;17;0;0;1;1;1;6;2;1;7;3;1;0;3;1;1;4;1;48;44;91;82;1.65;1.95;3.61;0;0;0;0;0;0;1;1;0;0;0;1;0;0;-1;-1;-1;-1;-1;-1;-1;-1;-1;0;17;59;100;100;42;100;75;17;5.67;1.5;2.5;2.75;Dibba Al Fujairah;Bani Yas;0;1.17;0;0;0.17;0.83;100;84;42;0;0;0;0;0;1.33;0.97;2.3;7865;12;Y;Y;Y;Y;Y;N;Y
2984453;4415;4406;2022/2023;complete;92419;8;-1;90;;1;0;1;2;4;6;0;1;3;4;0;0;7;4;2;3;9;7;11;18;54;46;3;4;0;0;0;0;0;0;0;0;0;0;0;0;0;0;0;0;0;0;0;0;0;0;0;0;0;0;0;0;0;0;0;0;0;0;0;0;0;0;0;0;0;0;0;0;0;0;0;0;0;0;0;0;0;0;0;0;0;0;0;0;0;0;0;0;0;0;0;0;1;0;0;1;0;1;0;2022-10-29 13:00:00;4415;0;29;0;29;0;-1;1;-1;-1;-1;-1;-1;-1;1;2;2;2;3;4;-1;0;0;0;0;0;0;0;0;0;0;0;0;0;1;1;0;0;-1;-1;0;0;-1;-1;-1;-1;-1;-1;-1;-1;-1;13;13;25;75;88;17;29;71;59;8.67;2.42;4.17;2.25;Al Khaleej;Dibba Al Fujairah;1.86;0.67;1;0.33;0.71;0.14;88;88;75;25;13;42;25;25;0;1.07;1.07;7865;12;Y;N;N;N;N;N;N
2984456;4400;674147;2022/2023;complete;92419;8;-1;45,79;11;2;1;3;5;3;8;5;2;2;0;0;0;6;2;3;1;9;3;3;11;57;43;2;0;1.85;3.4;3.6;1.04;1.23;1.72;2.9;5.6;11;3.75;2.02;1.36;1.15;1.68;2.06;0;0;0;0;1.23;1.25;1.95;2.5;2.2;4;2.1;2.6;3.9;0;0;0;0;1.98;0;0;0;0;1.83;0;0;0;0;0;1.57;11;2.6;0;0;1.34;2.6;5.5;13;3.25;1.43;1.12;1.02;1.25;1.94;4;8;4.2;1.77;1.22;1.06;0;0;0;0;3;1;1;1;0;1;2;2022-10-30 13:00:00;4400;0;38;13;13;0;1;1;1;2;4;1;3;5;2;0;0;0;2;0;1;62;42;98;84;1.44;0.65;2.09;1;0;1;0;0;0;1;1;0;0;0;0;0;0;-1;-1;-1;-1;-1;-1;-1;-1;-1;13;13;38;75;88;25;63;88;25;4.25;3;5.75;2.25;Ajman;Al Bataeh;1.83;1.86;1.25;2.25;1.57;1.29;88;88;63;25;13;38;38;38;1.35;1.07;2.42;7865;12;Y;Y;Y;N;N;N;Y
2984457;4401;4399;2022/2023;complete;92419;8;-1;43,74;10;2;1;3;6;5;11;1;2;3;3;1;0;6;4;4;9;10;13;15;14;40;60;4;3;2.69;1.49;1.88;1.01;1.17;1.61;2.63;4.9;14;4.6;2.17;1.44;1.15;1.58;2.33;0;0;0;0;1.68;1.28;1.36;3.61;2.37;2.77;3.3;2.65;2.4;0;0;0;1.41;1.73;2.15;2.75;0;2.65;2.05;1.65;1.4;2.44;7.7;1.77;2.17;15.25;1.73;0;0;1.29;2.54;5.1;12;3.26;1.51;1.13;1.03;1.16;1.85;3.4;7.5;4.6;1.85;1.27;1.07;0;0;0;0;3;1;1;1;0;1;2;2022-10-29 16:00:00;4401;0;63;25;25;0;1;1;5;2;1;3;7;4;1;2;3;1;3;4;1;49;52;91;90;1.41;1.48;2.89;0;0;0;0;0;0;1;1;0;1;0;1;0;0;-1;-1;-1;-1;-1;-1;-1;-1;-1;0;13;50;88;88;25;88;88;25;12.5;4.75;5;2.38;Shabab Al Ahli Dubai;Al Ain;1.86;1.33;1.75;1.75;1.86;1.86;100;88;50;13;13;50;50;50;1.76;1.78;3.54;7865;12;Y;Y;Y;N;N;N;Y
2984458;4409;4402;2022/2023;complete;92419;8;-1;3,71,78,80,90;19,21,34;5;3;8;5;4;9;1;1;4;3;0;0;8;5;6;4;14;9;10;8;50;50;4;3;2.14;1.46;2.32;1.02;1.2;1.72;2.9;5.5;13;4.1;2.01;1.36;1.13;1.61;2.25;0;0;0;0;1.48;1.27;1.45;3.18;2.19;3;2.89;2.54;2.74;0;0;0;1.34;1.61;1.97;2.45;0;3;2.21;1.81;1.47;2.06;7.6;2.05;2.02;10.25;1.95;0;0;1.34;2.68;5.6;13;3.24;1.46;1.11;1.02;1.18;1.95;3.8;8;4.3;1.76;1.23;1.06;0;0;0;0;8;1;3;4;0;4;4;2022-10-29 16:00:00;4409;0;25;0;13;0;1;1;2;1;3;3;3;6;1;1;3;2;2;5;1;52;34;84;70;1.82;1.17;2.98;0;0;0;0;0;0;1;1;1;0;0;0;0;0;-1;-1;-1;-1;-1;-1;-1;-1;-1;0;13;13;88;88;0;29;88;59;11.5;2.42;3.42;2;Al Ittihad Kalba;Al Nasr;2;0.5;2;0.75;1.57;0.86;100;88;88;13;13;46;29;29;1.93;1.36;3.29;7865;12;Y;Y;Y;Y;Y;Y;Y
2984459;4403;4408;2022/2023;complete;92419;8;-1;21,41;;2;0;2;7;4;11;1;3;1;1;0;0;10;8;9;7;19;15;13;15;56;44;1;1;1.91;3.4;3.4;0;0;1.53;2.25;0;0;0;2.35;1.57;0;1.53;2.38;0;0;0;0;0;0;0;2.5;2.38;3.5;2.3;0;3.25;0;0;0;0;0;0;0;0;0;0;0;0;0;0;0;1.62;0;2.3;0;0;1.29;2.38;5.5;15;3.5;1.53;1.14;1.03;1.17;1.73;3.4;8;5;2;1.3;1.08;0;0;0;0;2;2;0;0;0;0;2;2022-10-29 13:00:00;4403;0;59;25;34;0;1;1;3;4;4;0;7;4;1;0;0;1;1;1;1;71;48;103;85;2.41;1.85;4.26;0;0;0;0;0;0;1;1;0;0;1;0;0;0;-1;-1;-1;-1;-1;-1;-1;-1;-1;13;13;59;71;100;38;71;88;34;11.58;2.67;3.5;2.67;Al Jazira;Al Wasl;1.86;2.17;1.75;3;1.57;2.14;88;88;42;29;0;88;59;42;1.5;1.66;3.16;7865;12;Y;Y;N;N;N;N;N
2984460;4410;4398;2022/2023;complete;92419;8;-1;1,34,75,82,85;;5;0;5;2;6;8;1;3;0;2;0;0;9;6;4;7;13;13;17;10;37;63;0;2;1.66;3.5;4.5;1.02;1.21;1.76;2.75;5;12;3.7;1.97;1.35;1.12;1.67;2.14;0;0;0;0;1.17;1.24;2.14;2.17;2.44;4.58;1.97;2.85;4.36;0;0;1.23;1.49;1.72;2.13;2.8;3.7;2.54;2.06;1.67;1.38;1.28;9.3;4.6;1.55;14;2.55;0;0;1.31;2.55;6.5;18;2.9;1.4;1.09;1.01;1.2;1.91;4;10;4.32;1.8;1.22;1.06;0;0;0;0;5;2;0;3;0;3;2;2022-10-30 13:00:00;4410;0;38;0;25;0;1;1;0;2;2;4;2;6;0;0;0;2;0;2;1;38;54;87;115;1.73;1.64;3.37;0;0;0;0;0;0;1;1;1;0;0;0;0;0;-1;-1;-1;-1;-1;-1;-1;-1;-1;25;38;38;75;100;38;50;100;63;7.75;1.75;4.75;3.13;Bani Yas;Al Dhafra;1.33;0;1.25;0;1.14;0.57;75;63;63;25;0;63;50;50;1.34;0.86;2.2;7865;12;Y;Y;Y;Y;Y;N;N
2984461;4407;4404;2022/2023;complete;92419;8;-1;;90;0;1;1;4;5;9;0;1;3;4;0;0;2;4;6;2;8;6;18;10;46;54;3;4;2.05;3.2;3.15;1.02;1.18;1.65;2.55;4.5;14;4.05;2.11;1.4;1.15;1.6;2.27;0;0;0;0;1.28;1.28;1.79;2.42;2.4;3.86;2.22;2.8;3.54;0;0;1.29;1.55;1.91;2.38;3.1;3.3;2.3;1.88;1.5;1.31;1.63;7.6;2.77;1.68;13;2.1;0;0;1.3;2.4;6;17;3;1.45;1.1;1.01;1.18;1.83;3.74;9;4.5;1.83;1.25;1.07;0;0;0;0;1;0;0;0;1;1;0;2022-10-30 16:00:00;4404;0;38;25;25;0;1;1;1;3;3;2;4;5;0;0;3;4;0;7;1;50;44;93;121;1.01;1;2.01;0;0;0;0;0;0;1;1;0;0;0;1;0;0;-1;-1;-1;-1;-1;-1;-1;-1;-1;13;38;84;84;100;42;84;84;54;11.75;1.75;5.83;3.17;Al Sharjah;Al Wahda;1.4;2.17;2;1.75;2.29;1.86;88;63;17;17;0;71;42;42;1.66;2.11;3.77;7865;12;Y;N;N;N;N;N;N
2984462;4399;4415;2022/2023;complete;92419;9;-1;52,80;7;2;1;3;13;4;17;2;2;1;1;0;0;6;0;10;3;16;3;9;12;59;41;1;1;0;0;0;0;0;0;0;0;0;0;0;0;0;0;0;0;0;0;0;0;0;0;0;0;0;0;0;0;0;0;0;0;0;0;0;0;0;0;0;0;0;0;0;0;0;0;0;0;0;0;0;0;0;0;0;0;0;0;0;0;0;0;0;0;0;0;0;0;3;0;1;2;0;2;1;2022-11-04 12:45:00;4399;0;17;17;17;0;-1;1;-1;-1;-1;-1;-1;-1;1;1;0;0;2;0;-1;0;0;0;0;0;0;0;0;0;0;0;0;0;1;1;0;1;-1;-1;0;0;-1;-1;-1;-1;-1;-1;-1;-1;-1;34;34;67;67;84;34;67;84;67;13.66;3;1.66;3.17;Al Ain;Al Khaleej;1.83;0.4;2;0.33;1.63;1;67;67;34;34;17;84;50;50;1.97;0;1.97;7865;12;Y;Y;Y;N;N;N;Y
2984463;4408;4400;2022/2023;complete;92419;9;-1;33,90;20;2;1;3;4;4;8;2;0;2;4;0;1;5;3;14;0;19;3;12;11;50;50;2;6;1.59;3.9;4;1.03;1.17;1.54;2.38;4;11;4.5;2.32;1.53;1.22;1.6;2.25;0;0;0;0;1.18;1.22;2.1;2.1;2.45;4.2;2;2.6;4.2;0;0;1.23;1.43;1.76;2.19;2.8;3.7;2.6;2.01;1.63;1.38;1.32;8.9;4.25;1.5;19;2.63;0;0;1.29;2.25;4.5;10;3.5;1.6;1.17;1.04;1.2;1.8;3.5;7;4.33;1.91;1.29;1.08;0;0;0;0;3;1;1;1;0;1;2;2022-11-05 15:30:00;4408;0;54;17;38;0;1;1;1;2;3;2;3;5;1;3;1;2;4;3;1;65;32;126;93;2.02;0.65;2.67;1;0;1;0;0;0;1;1;0;0;0;0;1;1;-1;-1;-1;-1;-1;-1;-1;-1;-1;0;54;54;84;100;29;71;100;50;8.17;3.42;5.17;2.92;Al Wasl;Ajman;1.5;2;1.5;2;1.88;1.75;100;46;46;17;0;71;59;59;1.48;1.16;2.64;7865;12;Y;Y;Y;N;N;N;Y
2984464;4404;4406;2022/2023;complete;92419;9;-1;35,66,87;;3;0;3;6;2;8;1;0;0;3;1;1;7;0;8;7;15;7;4;12;50;50;2;5;1.15;5.8;11;1.01;1.12;1.53;2.05;3.2;26.5;5.35;2.35;1.77;1.28;2.38;1.53;0;0;0;0;1.01;1.05;5.4;1.53;2.88;9.5;1.33;3.86;12;0;0;0;1.51;1.84;2.3;3.05;0;2.48;1.95;1.6;1.33;1.13;15;6.75;1.13;24;6;0;0;1.22;2;4.33;11;4;1.73;1.2;1.05;1.13;1.62;3;6.5;6;2.2;1.36;1.11;0;0;0;0;3;1;0;2;0;2;1;2022-11-05 12:45:00;4404;0;29;0;29;0;1;1;2;1;4;1;3;5;1;2;0;2;3;2;1;62;37;113;79;1.89;0.72;2.6;0;0;0;0;0;0;1;1;0;0;0;0;0;0;-1;-1;-1;-1;-1;-1;-1;-1;-1;17;34;34;71;100;29;46;71;59;9.75;4.42;3.67;2.71;Al Wahda;Dibba Al Fujairah;1.67;0.67;2;0.25;2;0.13;84;67;67;29;0;29;17;17;1.67;1.07;2.74;7865;12;Y;Y;Y;N;N;N;N
2984465;674147;4401;2022/2023;complete;92419;9;-1;;10,27,60,70,72,84;0;6;6;0;7;7;1;1;3;1;0;0;0;9;3;8;3;17;4;4;50;50;3;1;4.1;4;1.58;1.03;1.17;1.7;2.65;5;12;4.5;2.1;1.42;1.15;1.68;2.13;0;0;0;0;2.26;1.2;1.14;4.5;2.3;2.2;4.74;2.77;1.91;0;0;1.29;1.54;1.9;2.37;3.1;3.3;2.31;1.9;1.51;1.31;8.5;12.5;1.1;2.88;15.25;1.44;0;0;1.29;2.43;5.1;12;3.26;1.48;1.13;1.02;1.16;1.83;3.4;9;4.6;1.85;1.27;1.07;0;0;0;0;6;0;2;0;4;4;2;2022-11-04 12:45:00;4401;0;50;0;33;0;1;1;0;4;0;3;4;3;0;0;3;1;0;4;1;32;50;97;85;0.44;2.06;2.5;0;0;0;0;0;0;1;1;0;1;0;2;0;0;-1;-1;-1;-1;-1;-1;-1;-1;-1;17;33;67;67;100;0;67;100;67;9.33;1.67;2;2.84;Al Bataeh;Shabab Al Ahli Dubai;0;2.4;0;2;1.13;2;84;67;33;33;0;50;33;33;0.88;1.99;2.87;7865;12;Y;Y;Y;Y;Y;Y;N
2984466;4402;4403;2022/2023;complete;92419;9;-1;;37,67;0;2;2;7;4;11;2;1;3;1;0;0;3;5;1;4;4;9;9;15;50;50;3;1;3.4;3.75;1.85;1.02;1.22;1.65;2.75;4.65;16;4;2.1;1.42;1.16;1.67;2.1;0;0;0;0;1.96;1.21;1.21;3.5;2.25;2.63;3.2;2.7;2.38;0;0;0;1.41;1.68;2.11;2.7;0;2.7;2.06;1.7;1.41;2.38;7.6;1.81;2.3;12.5;1.67;0;0;1.33;2.63;6.5;19;3.25;1.44;1.11;1.02;1.2;1.83;3.75;10;4.33;1.83;1.25;1.06;0;0;0;0;2;0;1;0;1;1;1;2022-11-04 15:30:00;4403;0;84;0;84;0;1;1;4;0;3;4;4;7;2;0;1;1;2;2;1;64;47;124;92;0.94;1.26;2.21;0;0;0;0;0;0;1;1;0;0;2;0;0;0;-1;-1;-1;-1;-1;-1;-1;-1;-1;17;33;67;100;100;0;84;100;84;13.67;1.67;6;3.34;Al Nasr;Al Jazira;0.67;2;1;1.33;0.75;1.75;84;67;33;0;0;67;67;50;1.71;1.85;3.56;7865;12;Y;Y;N;N;N;N;N
2984467;4398;4407;2022/2023;complete;92419;9;-1;;87;0;1;1;3;8;11;0;3;1;1;0;0;2;6;4;8;6;14;15;11;50;50;1;1;7.4;4.6;1.29;1.01;1.13;1.5;2.16;3.6;16;4.95;2.41;1.63;1.26;1.75;2;0;0;0;0;3.1;1.1;1.02;6.5;2.65;1.7;6;3.25;1.55;0;0;1.27;1.5;1.78;2.22;3;3.4;2.52;2;1.6;1.34;6;10.5;1.19;3.75;15;1.27;0;0;1.25;2.02;4.3;11;3.75;1.62;1.16;1.04;1.14;1.65;3;6.5;5.5;2.13;1.36;1.11;0;0;0;0;1;0;0;0;1;1;0;2022-11-05 12:45:00;4407;0;75;25;46;0;1;1;3;5;0;3;8;3;1;0;0;1;1;1;1;35;89;74;114;0.78;1.95;2.72;0;1;0;1;0;0;1;1;0;0;1;2;0;0;-1;-1;-1;-1;-1;-1;-1;-1;-1;42;42;59;88;100;42;71;100;46;7.58;2.83;7;3.42;Al Dhafra;Al Sharjah;0.8;2.71;1.33;2.5;0.5;2;59;59;42;13;0;13;0;0;1.27;1.45;2.72;7865;12;Y;N;N;N;N;N;N
2984468;4409;4410;2022/2023;complete;92419;9;-1;47,76;78;2;1;3;4;7;11;1;0;0;3;0;0;4;2;6;4;10;6;1;0;50;50;0;3;2.04;3.15;3.1;1.06;1.3;1.9;3.25;5.5;8;3.4;1.9;1.33;1.12;1.73;2;0;0;0;0;1.3;1.3;1.7;2.6;2.15;3.6;2.45;2.3;3.5;0;0;0;1.38;1.68;2.06;2.6;0;2.8;2.12;1.72;1.43;1.67;7.8;2.64;1.67;11.5;2.38;0;0;1.36;2.62;6.5;13;3;1.44;1.1;1.02;1.25;2.1;4.33;9;3.75;1.67;1.2;1.05;0;0;0;0;3;0;0;2;1;3;0;2022-11-05 15:30:00;4409;0;29;29;0;0;1;1;3;1;1;6;4;7;0;1;0;2;1;2;1;45;60;98;106;1.24;0.96;2.21;0;0;0;0;0;0;1;1;0;0;0;0;0;0;-1;-1;-1;-1;-1;-1;-1;-1;-1;29;29;46;100;100;46;75;84;54;11.5;2.17;2.92;3.42;Al Ittihad Kalba;Bani Yas;2;1.17;2.25;1;1.75;1.38;71;71;54;0;0;54;29;13;1.9;1.3;3.2;7865;12;Y;Y;Y;N;N;N;Y
2984469;4401;4402;2022/2023;complete;92419;10;-1;21,84,89;;3;0;3;7;7;14;0;1;2;0;0;0;6;3;8;4;14;7;1;0;50;50;2;0;1.57;4.33;4.75;1.03;1.16;1.6;2.45;4.1;13;3.9;2.25;1.42;1.2;1.73;2;0;0;0;0;1.16;1.23;2.38;2.1;2.38;4.75;1.91;2.45;4.33;0;0;1.23;1.43;1.77;2.19;2.8;3.7;2.6;2.03;1.65;1.38;1.36;8.7;3.92;1.4;13;3;0;0;1.3;2.25;6;17;3.4;1.45;1.13;1.03;1.18;1.8;3.74;9;4.5;1.76;1.25;1.07;0;0;0;0;3;1;0;2;0;2;1;2022-11-11 12:45:00;4401;0;60;30;20;0;1;1;4;3;3;4;7;7;2;0;0;0;2;0;1;60;47;87;104;1.73;1;2.74;0;0;0;0;0;0;1;1;0;0;2;0;0;0;-1;-1;-1;-1;-1;-1;-1;-1;-1;10;20;50;80;80;30;60;80;40;10.2;2.4;5.4;2.7;Shabab Al Ahli Dubai;Al Nasr;1.86;0.5;2;0.6;2.11;0.67;90;80;50;20;20;50;40;40;1.69;1.31;3;7865;12;Y;Y;Y;N;N;N;N
2984470;4400;4409;2022/2023;complete;92419;10;-1;90;;1;0;1;3;3;6;2;0;2;3;0;0;4;4;4;11;8;15;10;14;50;50;2;3;2.22;3.48;2.96;1.02;1.12;1.65;2.25;3.65;14;4.45;1.99;1.57;1.18;1.43;2.45;0;0;0;0;1.39;1.29;1.63;2.5;2.15;3.15;2.45;2.45;2.75;0;0;0;1.39;1.7;2.06;2.65;0;2.75;2.12;1.68;1.42;1.88;7;2.32;1.74;14;2.05;0;0;1.25;2.2;4.65;13;3.3;1.5;1.09;1.03;1.17;1.68;3.4;8;5;1.86;1.3;1.08;0;0;0;0;1;0;0;1;0;1;0;2022-11-12 12:45:00;4400;0;43;20;23;0;1;1;2;2;1;1;4;2;0;2;2;1;2;3;1;45;44;79;85;1.11;1.54;2.66;0;0;0;0;0;0;1;1;0;0;0;0;0;0;-1;-1;-1;-1;-1;-1;-1;-1;-1;10;23;45;65;78;20;78;65;35;7.45;4.35;4.65;2.2;Ajman;Al Ittihad Kalba;1.83;0.83;1.6;1.25;1.56;1.89;90;78;55;35;23;60;60;60;1.37;1.55;2.92;7865;12;Y;N;N;N;N;N;N
2984471;4403;4404;2022/2023;complete;92419;10;-1;;69;0;1;1;5;5;10;0;2;1;2;0;0;5;7;6;5;11;12;6;12;50;50;1;2;2.32;3.5;2.45;1.01;1.25;1.55;2.3;4.9;11;3.6;2.29;1.53;1.15;1.5;2.5;0;0;0;0;1.44;1.25;1.51;2.75;2.3;3.1;2.6;2.45;2.75;0;0;1.23;1.43;1.71;2.13;2.8;3.7;2.6;2.02;1.69;1.38;2.04;7.4;2.08;1.73;9.5;2.1;0;0;1.29;2.38;5.5;15;3.5;1.53;1.14;1.03;1.17;1.73;3.4;8;5;2;1.3;1.08;0;0;0;0;1;0;0;0;1;1;0;2022-11-11 15:30:00;4404;0;50;40;20;0;1;1;1;4;4;1;5;5;1;1;0;1;2;1;1;52;40;102;93;1.43;1.54;2.97;0;0;0;0;0;0;1;1;0;0;0;1;0;0;-1;-1;-1;-1;-1;-1;-1;-1;-1;20;40;60;80;100;60;80;80;30;13.6;2.6;4.2;3.1;Al Jazira;Al Wahda;1.86;2.17;2;2;1.89;2.11;80;60;40;20;0;80;50;50;1.68;1.89;3.57;7865;12;Y;N;N;N;N;N;N
2984472;4410;4408;2022/2023;complete;92419;10;-1;13;10,45,71;1;3;4;8;5;13;1;0;1;2;0;1;4;8;6;3;10;11;14;7;50;50;1;4;2.79;3.6;2.28;1.01;1.12;1.61;2.35;3.95;16;4.45;2.15;1.45;1.15;1.57;2.25;0;0;0;0;1.66;1.25;1.34;3.4;2.25;2.63;3.1;2.5;2.4;0;0;1.25;1.48;1.77;2.24;2.9;3.5;2.42;1.94;1.59;1.35;2.22;6.9;1.96;2.25;17;1.67;0;0;1.25;2.24;5.25;15;3.35;1.5;1.12;1.02;1.18;1.83;3.74;9;4.5;1.83;1.25;1.07;0;0;0;0;4;1;2;0;1;1;3;2022-11-12 12:45:00;4408;0;45;0;35;0;1;1;5;4;3;1;9;4;0;1;1;2;1;3;1;65;42;105;97;1.39;1.57;2.95;0;0;0;0;0;0;1;1;0;1;2;0;0;1;-1;-1;-1;-1;-1;-1;-1;-1;-1;10;10;35;68;100;23;58;88;45;9.6;2.45;4.35;2.23;Bani Yas;Al Wasl;1.33;2.17;1.6;2.25;1.22;2;90;90;65;33;0;80;68;55;1.44;1.71;3.15;7865;12;Y;Y;Y;Y;N;N;Y
2984473;4407;4399;2022/2023;complete;92419;10;-1;13,77;87,90;2;2;4;8;7;15;1;0;5;2;0;0;5;7;5;5;10;12;16;14;50;50;5;2;2.43;3.52;2.59;1.02;1.18;1.61;2.4;4.05;13;4.1;2.18;1.43;1.15;1.46;2.35;0;0;0;0;1.43;1.28;1.48;2.8;2.1;2.8;2.65;2.3;2.65;0;0;1.23;1.43;1.73;2.22;2.8;3.7;2.6;1.99;1.64;1.38;1.93;6.9;2.26;1.86;12;1.9;0;0;1.27;2.15;4.45;12;3.15;1.51;1.15;1.02;1.16;1.8;3.5;7.5;4.6;1.76;1.26;1.07;0;0;0;0;4;1;0;1;2;3;1;2022-11-12 15:30:00;-1;0;40;20;10;0;1;1;2;2;6;5;4;11;0;1;5;1;1;6;1;54;59;78;105;1.37;1.68;3.05;0;0;0;0;0;0;1;1;0;0;1;0;0;0;-1;-1;-1;-1;-1;-1;-1;-1;-1;0;10;55;75;100;33;75;88;23;10.4;3.55;5.25;2.4;Al Sharjah;Al Ain;1.4;1.33;1.5;1.4;2.11;1.78;100;90;45;25;0;68;43;43;1.44;1.72;3.16;7865;12;Y;Y;Y;Y;N;N;Y
2984474;4415;4398;2022/2023;complete;92419;10;-1;23,54,63,90;50,75,90;4;3;7;6;7;13;1;3;0;2;0;0;5;2;4;3;9;5;6;11;58;42;0;2;0;0;0;0;0;0;0;0;0;0;0;0;0;0;0;0;0;0;0;0;0;0;0;0;0;0;0;0;0;0;0;0;0;0;0;0;0;0;0;0;0;0;0;0;0;0;0;0;0;0;0;0;0;0;0;0;0;0;0;0;0;0;0;0;0;0;0;0;7;1;0;3;3;6;1;2022-11-11 12:45:00;4415;0;20;0;20;0;-1;1;-1;-1;-1;-1;-1;-1;0;1;0;1;1;1;-1;0;0;0;0;0;0;0;0;0;0;0;0;0;1;1;0;0;-1;-1;0;0;-1;-1;-1;-1;-1;-1;-1;-1;-1;40;50;60;70;90;40;50;90;70;7.6;2.4;3.4;3.5;Al Khaleej;Al Dhafra;1.86;0;1.4;0;0.89;0.44;60;50;40;30;10;40;30;30;0;1.02;1.02;7865;12;Y;Y;Y;Y;Y;Y;Y
2984475;4406;674147;2022/2023;complete;92419;10;-1;;88;0;1;1;9;6;15;3;0;4;1;0;0;4;6;7;11;11;17;12;5;50;50;4;1;2.46;3.5;2.57;1.01;1.25;1.75;2.86;5.3;12.75;3.65;2.08;1.35;1.12;1.67;2.1;0;0;0;0;1.45;1.29;1.45;3.25;2.2;2.88;2.8;2.5;2.75;0;0;1.36;1.69;2.11;2.65;3.6;2.85;2.13;1.7;1.42;1.24;1.94;7.2;2.22;2.1;10.25;1.8;0;0;1.36;2.75;6;21;3;1.42;1.1;1.02;1.22;2;4;11;4;1.73;1.22;1.05;0;0;0;0;1;0;0;0;1;1;0;2022-11-12 15:30:00;674147;0;58;35;0;0;1;1;7;2;2;4;9;6;0;0;4;1;0;5;1;48;51;92;88;1.33;1.86;3.18;0;1;0;1;0;0;1;1;0;0;4;0;0;0;-1;-1;-1;-1;-1;-1;-1;-1;-1;13;25;68;90;100;45;80;100;35;4.8;2.95;5.1;2.95;Dibba Al Fujairah;Al Bataeh;0;1.86;0;1.8;0.11;1;88;75;33;10;0;33;33;20;1.41;0.96;2.37;7865;12;Y;N;N;N;N;N;N
2984476;4399;4410;2022/2023;complete;92419;11;-1;28,54;31,36;2;2;4;10;0;10;3;0;2;1;0;0;9;6;14;7;23;13;12;12;50;50;2;1;1.33;4.9;6.8;1.02;1.17;1.53;2.35;4;12;4.5;2.35;1.53;1.22;1.83;1.83;0;0;0;0;1.06;1.17;3.1;1.8;2.5;6.5;1.62;2.88;6;0;0;0;1.34;1.62;1.93;2.49;0;3;2.25;1.78;1.51;1.17;11.25;6.3;1.25;18.5;4;0;0;1.29;2.25;5.5;15;3.5;1.57;1.14;1.03;1.17;1.73;3.4;8;5;2;1.3;1.08;0;0;0;0;4;1;2;1;0;1;3;2022-12-20 15:30:00;-1;0;50;25;25;0;1;1;5;0;5;0;5;5;1;0;1;1;1;2;1;75;28;90;70;2.61;1.44;4.05;1;0;1;0;0;0;1;1;0;0;0;0;1;0;-1;-1;-1;-1;-1;-1;-1;-1;-1;38;38;88;100;100;50;88;88;75;14.25;2.25;1.75;3.88;Al Ain;Bani Yas;1.83;1.17;2.25;0.75;1.7;1.1;63;63;13;0;0;75;63;50;1.97;1.22;3.19;7865;12;Y;Y;Y;Y;N;N;Y
2984477;4398;4400;2022/2023;complete;92419;11;-1;;86;0;1;1;2;6;8;3;4;3;1;0;0;4;6;8;4;12;10;11;10;50;50;3;1;3.8;3.5;1.75;1.05;1.25;1.68;2.75;4.75;9;3.75;2.05;1.4;1.15;1.65;2.19;0;0;0;0;1.81;1.29;1.28;4.07;2.31;2.61;3.8;2.45;2.2;0;0;1.29;1.56;1.92;2.4;3.2;3.3;2.36;1.88;1.55;1.31;2.17;7.4;1.96;2.5;10;1.57;0;0;1.34;2.71;5.7;13;3.21;1.45;1.11;1.02;1.22;1.91;4;8;4;1.8;1.22;1.06;0;0;0;0;1;0;0;0;1;1;0;2022-12-19 12:45:00;4400;0;63;25;25;0;1;1;2;3;0;3;5;3;1;1;2;0;2;2;1;41;61;111;124;1.34;1.5;2.85;0;1;0;1;0;0;1;1;0;0;1;0;0;0;-1;-1;-1;-1;-1;-1;-1;-1;-1;13;25;50;75;100;38;63;100;25;6.25;2.25;6;2.63;Al Dhafra;Ajman;0.8;2;1;1.5;0.4;1.7;88;75;50;25;0;38;38;38;1.14;1.03;2.17;7865;12;Y;N;N;N;N;N;N
2984478;4408;4401;2022/2023;complete;92419;11;-1;5;9,20;1;2;3;10;7;17;1;1;1;4;0;0;7;8;11;6;18;14;5;5;50;50;1;4;2.6;3.6;2.25;1.04;1.22;1.68;2.62;4.5;10;4;2.05;1.44;1.17;1.63;2.24;0;0;0;0;1.62;1.26;1.43;3.42;2.33;2.95;3;2.4;2.7;0;0;0;1.41;1.75;2.18;2.7;0;2.7;2.03;1.63;1.4;2.28;7.6;1.87;2.2;14;1.73;0;0;1.35;2.61;5.4;12;2.76;1.48;1.12;1.03;1.22;1.91;3.75;8;4;1.8;1.25;1.06;0;0;0;0;3;1;2;0;0;0;3;2022-12-19 15:30:00;4401;0;65;10;43;0;1;1;3;1;7;6;4;13;1;2;0;2;3;2;1;65;45;84;83;2.09;1.77;3.85;0;0;0;0;0;0;1;1;1;1;0;0;0;0;-1;-1;-1;-1;-1;-1;-1;-1;-1;25;55;78;88;100;33;78;100;78;12.2;2.8;3.65;3.58;Al Wasl;Shabab Al Ahli Dubai;1.5;2.4;1.8;2.25;2.1;2.2;75;45;23;13;0;43;33;33;1.59;2.01;3.6;7865;12;Y;Y;Y;N;N;N;Y
2984479;674147;4403;2022/2023;complete;92419;11;-1;30,72;5,23,45,90;2;4;6;4;4;8;0;0;4;3;0;0;6;6;5;3;11;9;3;2;50;50;4;3;5.25;4.75;1.4;0;1.16;1.47;2.25;4.02;0;5.25;2.5;1.58;1.24;1.73;2;0;0;0;0;2.8;1.15;1.05;5.5;2.5;1.91;5;3.13;1.67;0;0;0;1.43;1.68;2.07;2.63;0;2.63;2.14;1.74;1.43;0;0;0;3.4;18.25;1.3;0;0;1.25;2.2;5;13;3.75;1.62;1.17;1.04;1.14;1.73;3.25;7;5.5;2;1.33;1.1;0;0;0;0;6;1;3;1;1;2;4;2022-12-19 15:30:00;4403;0;50;0;50;0;1;1;1;3;3;1;4;4;2;0;2;3;2;5;1;67;92;119;140;1.61;1.66;3.27;0;1;0;1;0;0;1;1;0;1;0;1;0;0;-1;-1;-1;-1;-1;-1;-1;-1;-1;25;38;63;88;100;13;75;100;75;7.75;1.75;3.5;3.38;Al Bataeh;Al Jazira;0;2;0;1.75;1.2;1.7;75;63;38;13;0;63;50;50;0.77;1.65;2.42;7865;12;Y;Y;Y;Y;Y;Y;Y
2984480;4402;4406;2022/2023;complete;92419;11;-1;;16;0;1;1;7;0;7;3;0;0;4;0;0;7;3;9;3;16;6;5;17;50;50;0;4;1.45;4;5.5;1.05;1.29;1.83;3;5.5;9;3.5;1.98;1.36;1.12;1.85;1.92;0;0;0;0;1.14;1.22;2.52;2.12;2.38;5.78;1.83;2.5;5.5;0;0;1.24;1.44;1.77;2.2;2.85;3.6;2.55;2.01;1.62;1.37;1.22;9.9;5.4;1.36;9.8;3.5;0;0;1.35;2.76;5.8;13;3.16;1.44;1.1;1.02;1.25;2.1;4.33;9;3.75;1.67;1.2;1.05;0;0;0;0;1;0;1;0;0;0;1;2022-12-19 12:45:00;4406;0;35;0;35;0;1;1;2;0;5;0;2;5;0;1;0;3;1;3;1;145;34;148;80;2.54;0.84;3.39;0;0;0;0;0;0;1;1;0;0;1;0;0;0;-1;-1;-1;-1;-1;-1;-1;-1;-1;0;13;35;90;100;10;70;90;55;10.4;1.6;6.65;2.38;Al Nasr;Dibba Al Fujairah;0.67;0.67;0.75;0.2;0.6;0.1;100;88;65;10;0;48;38;25;1.52;0.98;2.5;7865;12;Y;N;N;N;N;N;N
2984481;4404;4415;2022/2023;complete;92419;11;-1;90,90;3,90;2;2;4;6;1;7;1;1;2;1;0;0;9;4;16;5;25;9;13;9;67;33;2;1;0;0;0;0;0;0;0;0;0;0;0;0;0;0;0;0;0;0;0;0;0;0;0;0;0;0;0;0;0;0;0;0;0;0;0;0;0;0;0;0;0;0;0;0;0;0;0;0;0;0;0;0;0;0;0;0;0;0;0;0;0;0;0;0;0;0;0;0;4;0;1;2;1;3;1;2022-12-20 12:45:00;-1;0;25;0;13;0;-1;1;-1;-1;-1;-1;-1;-1;0;0;2;1;0;3;-1;0;0;0;0;0;0;0;0;0;0;0;0;0;1;1;0;1;-1;-1;0;0;-1;-1;-1;-1;-1;-1;-1;-1;-1;13;25;63;63;88;13;63;75;63;11.75;4.5;2.25;2.63;Al Wahda;Al Khaleej;1.67;0.4;2.25;0.25;2.2;1.1;88;75;38;38;13;50;38;38;1.72;0;1.72;7865;12;Y;Y;Y;Y;N;N;Y
2984482;4409;4407;2022/2023;complete;92419;11;-1;;21,57,76,79;0;4;4;4;6;10;1;1;4;0;1;0;3;10;5;7;8;17;15;15;50;50;6;0;4.5;3.75;1.65;1.05;1.22;1.72;2.9;5;9;4;2.01;1.38;1.14;1.91;1.8;0;0;0;0;2.35;1.16;1.09;5.5;2.3;2;5.5;2.7;1.8;0;0;1.23;1.42;1.7;2.06;2.75;3.8;2.65;2.11;1.68;1.39;3.7;8.6;1.39;3.5;10.25;1.36;0;0;1.36;2.63;6.5;19;3;1.44;1.11;1.02;1.2;2;4;10;4.33;1.73;1.22;1.06;0;0;0;0;4;0;1;0;3;3;1;2022-12-20 12:45:00;4407;0;40;30;20;0;1;1;1;3;3;3;4;6;2;0;3;0;2;3;1;29;64;80;125;0.93;2.24;3.17;0;0;0;0;0;0;1;1;0;0;0;0;0;0;-1;-1;-1;-1;-1;-1;-1;-1;-1;30;30;40;80;100;30;50;100;50;11;3.2;5.2;3.2;Al Ittihad Kalba;Al Sharjah;2;2.71;2.4;2.6;1.7;2;70;70;60;20;0;60;30;30;1.77;1.55;3.32;7865;12;Y;Y;Y;Y;N;N;N
2984483;4402;674147;2022/2023;complete;92419;12;-1;14,45;11,64;2;2;4;8;3;11;2;2;1;2;0;0;5;6;7;2;12;8;0;2;50;50;1;2;1.53;4.15;5.35;1.03;1.2;1.6;2.5;4.33;11;4.33;2.2;1.5;1.2;1.73;2.05;0;0;0;0;1.15;1.19;2.25;2.03;2.38;5.5;1.83;2.81;5.2;0;0;1.27;1.39;1.7;2.15;2.85;3.4;2.77;2.03;1.62;1.37;1.36;9.5;3.86;1.38;12;2.8;0;0;1.29;2.39;5;11;3.26;1.51;1.13;1.03;1.15;1.85;3.4;7.5;4.7;1.85;1.27;1.07;0;0;0;0;4;2;1;0;1;1;3;2022-12-24 12:45:00;-1;0;37;9;20;0;1;1;4;2;4;1;6;5;0;1;1;1;1;2;1;65;43;91;92;1.58;1.24;2.82;0;1;0;1;0;0;1;1;0;0;3;0;0;0;-1;-1;-1;-1;-1;-1;-1;-1;-1;0;10;45;74;100;17;75;90;29;10.33;2.4;4.93;2.29;Al Nasr;Al Bataeh;0.67;1.86;0.6;2;0.55;1.09;100;90;55;27;0;55;55;45;1.73;1.14;2.87;7865;12;Y;Y;Y;Y;N;N;Y
2984484;4399;4408;2022/2023;complete;92419;12;-1;8;33;1;1;2;7;3;10;2;0;2;3;0;0;4;5;9;7;13;12;1;0;50;50;2;3;1.55;4.2;4.5;1.02;1.18;1.57;2.18;3.95;14;4.1;2.25;1.61;1.19;1.6;2.05;0;0;0;0;1.17;1.2;2.25;2;2.45;4.6;1.8;2.65;4.15;0;0;0;1.3;1.54;1.88;2.32;0;3.2;2.31;1.91;1.53;1.34;10;3.92;1.42;11;2.65;0;0;1.26;2.27;4.95;14;3.2;1.49;1.13;1.02;1.2;1.8;3.5;7.5;4.33;1.83;1.29;1.07;0;0;0;0;2;1;1;0;0;0;2;2022-12-24 15:30:00;-1;0;60;30;30;0;1;1;4;1;3;2;5;5;1;2;1;1;3;2;1;61;33;105;77;1.54;1.35;2.89;0;0;0;0;0;0;1;1;1;0;0;0;0;0;-1;-1;-1;-1;-1;-1;-1;-1;-1;20;40;80;90;100;50;90;90;60;14;3;3;3.5;Al Ain;Al Wasl;1.83;2.17;2;2.4;1.64;1.91;80;60;20;10;0;100;80;60;2.13;1.68;3.81;7865;12;Y;Y;N;N;N;N;Y
2984485;4404;4400;2022/2023;complete;92419;12;-1;;75;0;1;1;5;2;7;4;1;2;4;0;0;5;2;6;3;11;5;18;13;50;50;2;4;1.57;4.2;4.98;1.04;1.22;1.67;2.62;4.5;10;4;2.07;1.44;1.17;1.74;2.04;0;0;0;0;1.15;1.25;2.2;2.07;2.35;5.35;1.87;2.77;5;0;0;1.25;1.48;1.79;2.22;3;3.6;2.58;2;1.64;1.34;1.31;10;4.28;1.44;14.75;2.92;0;0;1.3;2.44;4.9;12;3.2;1.49;1.14;1.03;1.15;1.88;3.3;8;4.7;1.82;1.28;1.06;0;0;0;0;1;0;0;0;1;1;0;2022-12-25 12:45:00;4400;0;40;20;20;0;1;1;2;1;3;1;3;4;0;2;2;2;2;4;1;103;46;135;81;1.79;0.8;2.59;0;0;0;0;0;0;1;1;0;0;0;0;0;0;-1;-1;-1;-1;-1;-1;-1;-1;-1;10;40;60;70;100;30;70;90;40;9.6;4.4;4.2;2.9;Al Wahda;Ajman;1.67;2;2;1.8;2.09;1.82;90;60;40;30;0;30;30;30;1.72;1.12;2.84;7865;12;Y;N;N;N;N;N;N
2984486;4403;4398;2022/2023;complete;92419;12;-1;45,64,90;24,90;3;2;5;1;1;2;4;3;3;3;0;0;4;5;7;10;11;15;0;1;63;37;3;3;1.16;7.2;12.25;0;0;1.36;2.15;0;0;0;2.9;1.61;0;1.91;1.8;0;0;0;0;0;0;0;1.73;2.6;7.5;1.53;0;7;0;0;0;0;0;0;0;0;0;0;0;0;0;0;0;1.2;0;4.5;0;0;1.29;2.25;5;13;3.5;1.57;1.17;1.04;1.17;1.73;3.4;8;5;2;1.3;1.08;0;0;0;0;5;1;1;2;1;3;2;2022-12-24 12:45:00;4403;0;33;17;17;0;1;1;1;0;0;1;1;1;2;0;1;3;2;4;1;51;28;108;88;1.35;1.5;2.85;1;0;1;0;0;0;1;1;0;0;0;0;0;0;-1;-1;-1;-1;-1;-1;-1;-1;-1;42;50;58;84;100;67;75;84;50;10;2.83;3;3.84;Al Jazira;Al Dhafra;1.86;0;1.67;0;1.82;0.36;58;50;42;17;0;67;50;42;1.64;1.02;2.66;7865;12;Y;Y;Y;Y;Y;N;Y
2984487;4401;4410;2022/2023;complete;92419;12;-1;7;24,26;1;2;3;9;5;14;3;1;1;5;0;0;6;8;6;5;12;13;2;0;50;50;1;5;1.44;4.7;4.7;1.03;1.17;1.38;2.2;4;11;4.5;2.59;1.6;1.22;1.73;2;0;0;0;0;1.08;1.18;2.75;1.88;2.55;5.8;1.71;3.04;5.45;0;0;1.23;1.37;1.7;2.1;2.77;3.8;2.85;2.11;1.71;1.39;1.34;9.5;3.94;1.36;19;3.14;0;0;1.24;2.17;4.5;11;3.6;1.61;1.16;1.03;1.13;1.71;3.1;7;5.1;2.02;1.32;1.08;0;0;0;0;3;1;2;0;0;0;3;2022-12-25 15:30:00;4410;0;55;37;19;0;1;1;3;4;6;1;7;7;1;1;0;4;2;4;1;121;64;162;105;2.06;1.85;3.91;0;0;0;0;0;0;1;1;1;0;1;4;0;0;-1;-1;-1;-1;-1;-1;-1;-1;-1;10;20;74;92;92;47;82;82;37;10.4;1.73;4.37;2.87;Shabab Al Ahli Dubai;Bani Yas;1.86;1.17;2.17;0.8;2.27;1.09;90;80;27;9;9;64;64;44;1.7;1.26;2.96;7865;12;Y;Y;Y;N;N;N;Y
2984488;4415;4409;2022/2023;complete;92419;12;-1;90,90;73;2;1;3;6;7;13;3;0;5;2;0;1;2;3;5;5;7;8;9;9;49;51;5;3;0;0;0;0;0;0;0;0;0;0;0;0;0;0;0;0;0;0;0;0;0;0;0;0;0;0;0;0;0;0;0;0;0;0;0;0;0;0;0;0;0;0;0;0;0;0;0;0;0;0;0;0;0;0;0;0;0;0;0;0;0;0;0;0;0;0;0;0;3;0;0;2;1;3;0;2022-12-25 15:30:00;4415;0;27;0;27;0;-1;1;-1;-1;-1;-1;-1;-1;2;2;3;1;4;4;-1;0;0;0;0;0;0;0;0;1;0;0;0;1;1;1;0;0;-1;-1;0;1;-1;-1;-1;-1;-1;-1;-1;-1;-1;17;27;45;45;82;0;47;72;45;9.47;2.73;3.9;2.4;Al Khaleej;Al Ittihad Kalba;1.86;0.83;1.67;1;1.09;1.55;84;74;55;55;19;65;65;65;0;1.55;1.55;7865;12;Y;Y;Y;N;N;N;Y
2984489;4406;4407;2022/2023;complete;92419;12;-1;;45,70;0;2;2;2;4;6;0;4;2;2;1;1;2;7;5;6;7;13;13;10;34;66;4;4;8.9;5.15;1.3;1.02;1.18;1.58;2.5;4;14;4.5;2.23;1.5;1.22;1.97;1.81;0;0;0;0;3.4;1.15;1.04;7.5;2.5;1.73;7;2.8;1.62;0;0;1.27;1.52;1.87;2.33;3.15;3.4;2.34;1.92;1.53;1.31;4.62;10.5;1.26;4.33;14;1.22;0;0;1.27;2.39;5;14;3.2;1.56;1.12;1.02;1.18;1.79;3.74;9;4.5;1.94;1.25;1.07;0;0;0;0;2;0;1;0;1;1;1;2022-12-25 12:45:00;4407;0;47;37;9;0;1;1;0;2;2;2;2;4;2;2;1;1;4;2;1;27;72;70;92;0.78;1.83;2.61;0;0;0;0;0;0;1;1;0;0;0;0;0;0;-1;-1;-1;-1;-1;-1;-1;-1;-1;27;45;55;74;100;37;74;100;37;8.57;3.67;5.63;3.09;Dibba Al Fujairah;Al Sharjah;0;2.71;0;2.67;0.36;2.09;74;55;45;27;0;45;37;19;1.39;1.67;3.06;7865;12;Y;Y;N;N;N;N;N
