ID;HOMEID;AWAYID;SEASON;STATUS;ROUNDID;GAME_WEEK;REVISED_GAME_WEEK;HOMEGOALS;AWAYGOALS;HOMEGOALCOUNT;AWAYGOALCOUNT;TOTALGOALCOUNT;TEAM_A_CORNERS;TEAM_B_CORNERS;TOTALCORNERCOUNT;TEAM_A_OFFSIDES;TEAM_B_OFFSIDES;TEAM_A_YELLOW_CARDS;TEAM_B_YELLOW_CARDS;TEAM_A_RED_CARDS;TEAM_B_RED_CARDS;TEAM_A_SHOTSONTARGET;TEAM_B_SHOTSONTARGET;TEAM_A_SHOTSOFFTARGET;TEAM_B_SHOTSOFFTARGET;TEAM_A_SHOTS;TEAM_B_SHOTS;TEAM_A_FOULS;TEAM_B_FOULS;TEAM_A_POSSESSION;TEAM_B_POSSESSION;TEAM_A_CARDS_NUM;TEAM_B_CARDS_NUM;ODDS_FT_1;ODDS_FT_X;ODDS_FT_2;ODDS_FT_OVER05;ODDS_FT_OVER15;ODDS_FT_OVER25;ODDS_FT_OVER35;ODDS_FT_OVER45;ODDS_FT_UNDER05;ODDS_FT_UNDER15;ODDS_FT_UNDER25;ODDS_FT_UNDER35;ODDS_FT_UNDER45;ODDS_BTTS_YES;ODDS_BTTS_NO;ODDS_TEAM_A_CS_YES;ODDS_TEAM_A_CS_NO;ODDS_TEAM_B_CS_YES;ODDS_TEAM_B_CS_NO;ODDS_DOUBLECHANCE_1X;ODDS_DOUBLECHANCE_12;ODDS_DOUBLECHANCE_X2;ODDS_1ST_HALF_RESULT_1;ODDS_1ST_HALF_RESULT_X;ODDS_1ST_HALF_RESULT_2;ODDS_2ND_HALF_RESULT_1;ODDS_2ND_HALF_RESULT_X;ODDS_2ND_HALF_RESULT_2;ODDS_DNB_1;ODDS_DNB_2;ODDS_CORNERS_OVER_75;ODDS_CORNERS_OVER_85;ODDS_CORNERS_OVER_95;ODDS_CORNERS_OVER_105;ODDS_CORNERS_OVER_115;ODDS_CORNERS_UNDER_75;ODDS_CORNERS_UNDER_85;ODDS_CORNERS_UNDER_95;ODDS_CORNERS_UNDER_105;ODDS_CORNERS_UNDER_115;ODDS_CORNERS_1;ODDS_CORNERS_X;ODDS_CORNERS_2;ODDS_TEAM_TO_SCORE_FIRST_1;ODDS_TEAM_TO_SCORE_FIRST_X;ODDS_TEAM_TO_SCORE_FIRST_2;ODDS_WIN_TO_NIL_1;ODDS_WIN_TO_NIL_2;ODDS_1ST_HALF_OVER05;ODDS_1ST_HALF_OVER15;ODDS_1ST_HALF_OVER25;ODDS_1ST_HALF_OVER35;ODDS_1ST_HALF_UNDER05;ODDS_1ST_HALF_UNDER15;ODDS_1ST_HALF_UNDER25;ODDS_1ST_HALF_UNDER35;ODDS_2ND_HALF_OVER05;ODDS_2ND_HALF_OVER15;ODDS_2ND_HALF_OVER25;ODDS_2ND_HALF_OVER35;ODDS_2ND_HALF_UNDER05;ODDS_2ND_HALF_UNDER15;ODDS_2ND_HALF_UNDER25;ODDS_2ND_HALF_UNDER35;ODDS_BTTS_1ST_HALF_YES;ODDS_BTTS_1ST_HALF_NO;ODDS_BTTS_2ND_HALF_YES;ODDS_BTTS_2ND_HALF_NO;OVERALLGOALCOUNT;HT_GOALS_TEAM_A;HT_GOALS_TEAM_B;GOALS_2HG_TEAM_A;GOALS_2HG_TEAM_B;GOALCOUNT_2HG;HTGOALCOUNT;DATE_UNIX;WINNINGTEAM;NO_HOME_AWAY;BTTS_POTENTIAL;BTTS_FHG_POTENTIAL;BTTS_2HG_POTENTIAL;GOALTIMINGDISABLED;CORNER_TIMINGS_RECORDED;CARD_TIMINGS_RECORDED;TEAM_A_FH_CORNERS;TEAM_B_FH_CORNERS;TEAM_A_2H_CORNERS;TEAM_B_2H_CORNERS;CORNER_FH_COUNT;CORNER_2H_COUNT;TEAM_A_FH_CARDS;TEAM_B_FH_CARDS;TEAM_A_2H_CARDS;TEAM_B_2H_CARDS;TOTAL_FH_CARDS;TOTAL_2H_CARDS;ATTACKS_RECORDED;TEAM_A_DANGEROUS_ATTACKS;TEAM_B_DANGEROUS_ATTACKS;TEAM_A_ATTACKS;TEAM_B_ATTACKS;TEAM_A_XG;TEAM_B_XG;TOTAL_XG;TEAM_A_PENALTIES_WON;TEAM_B_PENALTIES_WON;TEAM_A_PENALTY_GOALS;TEAM_B_PENALTY_GOALS;TEAM_A_PENALTY_MISSED;TEAM_B_PENALTY_MISSED;PENS_RECORDED;GOAL_TIMINGS_RECORDED;TEAM_A_0_10_MIN_GOALS;TEAM_B_0_10_MIN_GOALS;TEAM_A_CORNERS_0_10_MIN;TEAM_B_CORNERS_0_10_MIN;TEAM_A_CARDS_0_10_MIN;TEAM_B_CARDS_0_10_MIN;THROWINS_RECORDED;TEAM_A_THROWINS;TEAM_B_THROWINS;FREEKICKS_RECORDED;TEAM_A_FREEKICKS;TEAM_B_FREEKICKS;GOALKICKS_RECORDED;TEAM_A_GOALKICKS;TEAM_B_GOALKICKS;O45_POTENTIAL;O35_POTENTIAL;O25_POTENTIAL;O15_POTENTIAL;O05_POTENTIAL;O15HT_POTENTIAL;O05HT_POTENTIAL;O05_2H_POTENTIAL;O15_2H_POTENTIAL;CORNERS_POTENTIAL;OFFSIDES_POTENTIAL;CARDS_POTENTIAL;AVG_POTENTIAL;HOME_NAME;AWAY_NAME;HOME_PPG;AWAY_PPG;PRE_MATCH_HOME_PPG;PRE_MATCH_AWAY_PPG;PRE_MATCH_TEAMA_OVERALL_PPG;PRE_MATCH_TEAMB_OVERALL_PPG;U45_POTENTIAL;U35_POTENTIAL;U25_POTENTIAL;U15_POTENTIAL;U05_POTENTIAL;CORNERS_O85_POTENTIAL;CORNERS_O95_POTENTIAL;CORNERS_O105_POTENTIAL;TEAM_A_XG_PREMATCH;TEAM_B_XG_PREMATCH;TOTAL_XG_PREMATCH;COMPETITION_ID;MATCHES_COMPLETED_MINIMUM;OVER05;OVER15;OVER25;OVER35;OVER45;OVER55;BTTS
61737;963;1088;2017;complete;288;1;-1;14,64;;2;0;2;5;5;10;2;2;2;1;0;0;7;6;7;5;14;11;23;18;54;46;2;1;0;0;0;0;0;0;0;0;0;0;0;0;0;0;0;0;0;0;0;0;0;0;0;0;0;0;0;0;0;0;0;0;0;0;0;0;0;0;0;0;0;0;0;0;0;0;0;0;0;0;0;0;0;0;0;0;0;0;0;0;0;0;0;0;0;0;0;0;2;1;0;1;0;1;1;2017-03-11 12:00:00;963;0;0;0;0;0;-1;1;-1;-1;-1;-1;-1;-1;1;0;1;1;1;2;-1;0;0;0;0;0;0;0;0;0;0;0;0;0;1;1;0;0;-1;-1;0;0;-1;-1;-1;-1;-1;-1;-1;-1;-1;0;0;0;0;0;0;0;0;0;0;0;0;0;Ventspils;Metta - LU;1.5;0.42;0;0;0;0;0;0;0;0;0;0;0;0;0;0;0;202;24;Y;Y;N;N;N;N;N
61738;63;1089;2017;complete;288;1;-1;;64;0;1;1;4;7;11;5;2;2;3;0;0;0;4;6;9;6;13;19;22;53;47;2;3;0;0;0;0;0;0;0;0;0;0;0;0;0;0;0;0;0;0;0;0;0;0;0;0;0;0;0;0;0;0;0;0;0;0;0;0;0;0;0;0;0;0;0;0;0;0;0;0;0;0;0;0;0;0;0;0;0;0;0;0;0;0;0;0;0;0;0;0;1;0;0;0;1;1;0;2017-03-11 14:00:00;1089;0;0;0;0;0;-1;1;-1;-1;-1;-1;-1;-1;1;1;1;2;2;3;-1;0;0;0;0;0;0;0;0;0;0;0;0;0;1;1;0;0;-1;-1;0;0;-1;-1;-1;-1;-1;-1;-1;-1;-1;0;0;0;0;0;0;0;0;0;0;0;0;0;Liepāja;Riga;1.33;1.75;0;0;0;0;0;0;0;0;0;0;0;0;0;0;0;202;24;Y;N;N;N;N;N;N
61739;1090;1087;2017;complete;288;1;-1;78,90;15;2;1;3;9;2;11;2;1;2;1;0;1;5;2;5;5;10;7;18;18;63;37;2;3;0;0;0;0;0;0;0;0;0;0;0;0;0;0;0;0;0;0;0;0;0;0;0;0;0;0;0;0;0;0;0;0;0;0;0;0;0;0;0;0;0;0;0;0;0;0;0;0;0;0;0;0;0;0;0;0;0;0;0;0;0;0;0;0;0;0;0;0;3;0;1;2;0;2;1;2017-03-12 17:00:00;1090;0;0;0;0;0;-1;1;-1;-1;-1;-1;-1;-1;1;0;1;2;1;3;-1;0;0;0;0;0;0;0;0;0;0;0;0;0;1;1;0;0;-1;-1;0;0;-1;-1;-1;-1;-1;-1;-1;-1;-1;0;0;0;0;0;0;0;0;0;0;0;0;0;Rīgas FS;Spartaks Jūrmala;1.83;2.08;0;0;0;0;0;0;0;0;0;0;0;0;0;0;0;202;24;Y;Y;Y;N;N;N;Y
61740;1086;63;2017;complete;288;2;-1;26;63,80;1;2;3;9;2;11;3;2;6;5;1;0;4;4;10;4;14;8;25;13;43;57;7;5;0;0;0;0;0;0;0;0;0;0;0;0;0;0;0;0;0;0;0;0;0;0;0;0;0;0;0;0;0;0;0;0;0;0;0;0;0;0;0;0;0;0;0;0;0;0;0;0;0;0;0;0;0;0;0;0;0;0;0;0;0;0;0;0;0;0;0;0;3;1;0;0;2;2;1;2017-03-17 17:00:00;63;0;0;0;0;0;-1;1;-1;-1;-1;-1;-1;-1;2;1;5;4;3;9;-1;0;0;0;0;0;0;0;0;1;0;1;0;0;1;1;0;0;-1;-1;1;0;-1;-1;-1;-1;-1;-1;-1;-1;-1;0;0;0;0;0;0;0;0;0;0;0;0;0;Jelgava;Liepāja;0.92;1.75;0;0;0;0;0;0;0;0;0;0;0;0;0;0;0;202;24;Y;Y;Y;N;N;N;Y
61741;1089;963;2017;complete;288;2;-1;;;0;0;0;3;3;6;4;2;1;0;0;0;2;6;4;4;6;10;19;13;49;51;1;0;0;0;0;0;0;0;0;0;0;0;0;0;0;0;0;0;0;0;0;0;0;0;0;0;0;0;0;0;0;0;0;0;0;0;0;0;0;0;0;0;0;0;0;0;0;0;0;0;0;0;0;0;0;0;0;0;0;0;0;0;0;0;0;0;0;0;0;0;0;0;0;0;0;0;0;2017-03-18 13:00:00;-1;0;0;0;0;0;-1;1;-1;-1;-1;-1;-1;-1;0;0;1;0;0;1;-1;0;0;0;0;0;0;0;0;0;0;0;0;0;1;1;0;0;-1;-1;0;0;-1;-1;-1;-1;-1;-1;-1;-1;-1;0;0;0;0;0;0;0;0;0;0;0;0;0;Riga;Ventspils;1.33;1.42;0;0;3;3;0;0;0;0;0;0;0;0;0;0;0;202;24;N;N;N;N;N;N;N
61742;1088;1087;2017;complete;288;2;-1;85,90;16,45,62,67;2;4;6;2;10;12;2;4;1;2;0;0;8;10;3;8;11;18;11;13;42;58;1;2;0;0;0;0;0;0;0;0;0;0;0;0;0;0;0;0;0;0;0;0;0;0;0;0;0;0;0;0;0;0;0;0;0;0;0;0;0;0;0;0;0;0;0;0;0;0;0;0;0;0;0;0;0;0;0;0;0;0;0;0;0;0;0;0;0;0;0;0;6;0;2;2;2;4;2;2017-03-18 15:00:00;1087;0;50;0;0;0;-1;1;-1;-1;-1;-1;-1;-1;0;0;1;2;0;3;-1;0;0;0;0;0;0;0;1;1;1;1;0;0;1;1;0;0;-1;-1;0;0;-1;-1;-1;-1;-1;-1;-1;-1;-1;0;0;50;50;50;0;50;50;50;2;1;3;1.5;Metta - LU;Spartaks Jūrmala;0.83;2.08;0;0;0;0;50;50;0;0;0;50;50;50;0;0;0;202;24;Y;Y;Y;Y;Y;Y;Y
61743;963;1086;2017;complete;288;3;-1;32;8,15;1;2;3;2;3;5;2;3;2;5;0;0;7;7;8;4;15;11;14;23;59;41;2;5;0;0;0;0;0;0;0;0;0;0;0;0;0;0;0;0;0;0;0;0;0;0;0;0;0;0;0;0;0;0;0;0;0;0;0;0;0;0;0;0;0;0;0;0;0;0;0;0;0;0;0;0;0;0;0;0;0;0;0;0;0;0;0;0;0;0;0;0;3;1;2;0;0;0;3;2017-04-01 13:00:00;1086;0;0;0;0;0;-1;1;-1;-1;-1;-1;-1;-1;1;1;1;4;2;5;-1;0;0;0;0;0;0;0;0;1;0;1;0;0;1;1;0;1;-1;-1;1;0;-1;-1;-1;-1;-1;-1;-1;-1;-1;0;0;0;50;50;0;50;50;0;5;2;2;1;Ventspils;Jelgava;1.5;1.5;3;0;2;0;50;50;50;0;0;50;50;0;0;0;0;202;24;Y;Y;Y;N;N;N;Y
61744;1087;1089;2017;complete;288;3;-1;34,64;;2;0;2;6;4;10;3;1;2;2;0;1;16;4;6;7;22;11;14;9;51;49;2;3;0;0;0;0;0;0;0;0;0;0;0;0;0;0;0;0;0;0;0;0;0;0;0;0;0;0;0;0;0;0;0;0;0;0;0;0;0;0;0;0;0;0;0;0;0;0;0;0;0;0;0;0;0;0;0;0;0;0;0;0;0;0;0;0;0;0;0;0;2;1;0;1;0;1;1;2017-04-02 11:00:00;1087;0;0;0;0;0;-1;1;-1;-1;-1;-1;-1;-1;0;1;2;2;1;4;-1;0;0;0;0;0;0;0;0;0;0;0;0;0;1;1;0;0;-1;-1;0;0;-1;-1;-1;-1;-1;-1;-1;-1;-1;0;0;0;0;50;0;0;50;0;7;2;3;0.5;Spartaks Jūrmala;Riga;1.75;1.75;0;3;1.5;2;50;50;50;50;0;50;50;50;0;0;0;202;24;Y;Y;N;N;N;N;N
61745;1088;1090;2017;complete;288;3;-1;28,38,62;22;3;1;4;5;9;14;0;4;4;5;0;0;5;10;5;15;10;25;17;18;39;61;4;5;0;0;0;0;0;0;0;0;0;0;0;0;0;0;0;0;0;0;0;0;0;0;0;0;0;0;0;0;0;0;0;0;0;0;0;0;0;0;0;0;0;0;0;0;0;0;0;0;0;0;0;0;0;0;0;0;0;0;0;0;0;0;0;0;0;0;0;0;4;2;1;1;0;1;3;2017-04-02 14:00:00;1088;0;50;0;50;0;-1;1;-1;-1;-1;-1;-1;-1;2;3;2;2;5;4;-1;0;0;0;0;0;0;0;0;0;0;0;0;0;1;1;0;0;-1;-1;0;0;-1;-1;-1;-1;-1;-1;-1;-1;-1;50;50;50;50;50;50;50;50;50;2;2;1;3;Metta - LU;Rīgas FS;0.83;1.08;0;0;0;3;0;0;0;0;0;50;50;50;0;0;0;202;24;Y;Y;Y;Y;N;N;Y
61746;1086;1087;2017;complete;288;4;-1;54;2,32;1;2;3;4;6;10;5;4;3;1;0;0;4;6;5;4;9;10;17;14;54;46;3;1;0;0;0;0;0;0;0;0;0;0;0;0;0;0;0;0;0;0;0;0;0;0;0;0;0;0;0;0;0;0;0;0;0;0;0;0;0;0;0;0;0;0;0;0;0;0;0;0;0;0;0;0;0;0;0;0;0;0;0;0;0;0;0;0;0;0;0;0;3;0;2;1;0;1;2;2017-04-14 13:00:00;1087;0;100;0;25;0;-1;1;-1;-1;-1;-1;-1;-1;1;1;2;0;2;2;-1;0;0;0;0;0;0;0;0;0;0;0;0;0;1;1;0;1;-1;-1;1;1;-1;-1;-1;-1;-1;-1;-1;-1;-1;25;25;100;100;100;25;100;100;100;15;5.5;9.5;3.75;Jelgava;Spartaks Jūrmala;0.92;2.08;0;1.5;1.5;2;75;75;0;0;0;100;100;100;0;0;0;202;24;Y;Y;Y;N;N;N;Y
61747;63;1090;2017;complete;288;4;-1;;55;0;1;1;6;3;9;2;2;5;3;0;0;3;4;5;4;8;8;8;17;56;44;5;3;0;0;0;0;0;0;0;0;0;0;0;0;0;0;0;0;0;0;0;0;0;0;0;0;0;0;0;0;0;0;0;0;0;0;0;0;0;0;0;0;0;0;0;0;0;0;0;0;0;0;0;0;0;0;0;0;0;0;0;0;0;0;0;0;0;0;0;0;1;0;0;0;1;1;0;2017-04-15 15:00:00;1090;0;50;50;0;0;-1;1;-1;-1;-1;-1;-1;-1;2;1;3;2;3;5;-1;0;0;0;0;0;0;0;0;0;0;0;0;0;1;1;0;0;-1;-1;1;0;-1;-1;-1;-1;-1;-1;-1;-1;-1;0;50;50;50;100;50;50;100;0;13;9;7;2.5;Liepāja;Rīgas FS;1.33;1.08;0;0;1.5;1.5;100;50;50;50;0;100;100;100;0;0;0;202;24;Y;N;N;N;N;N;N
61748;1089;1088;2017;complete;288;4;-1;69,78;11,15;2;2;4;7;6;13;3;0;3;2;0;0;8;7;14;7;22;14;11;11;59;41;3;2;0;0;0;0;0;0;0;0;0;0;0;0;0;0;0;0;0;0;0;0;0;0;0;0;0;0;0;0;0;0;0;0;0;0;0;0;0;0;0;0;0;0;0;0;0;0;0;0;0;0;0;0;0;0;0;0;0;0;0;0;0;0;0;0;0;0;0;0;4;0;2;2;0;2;2;2017-04-16 13:00:00;-1;0;0;0;0;0;-1;1;-1;-1;-1;-1;-1;-1;2;0;1;2;2;3;-1;0;0;0;0;0;0;0;1;0;1;0;0;0;1;1;0;0;-1;-1;0;0;-1;-1;-1;-1;-1;-1;-1;-1;-1;0;0;0;50;50;0;50;50;0;8;6;2;1;Riga;Metta - LU;1.33;0.42;1;0;1.33;1;100;100;100;50;50;50;50;0;0;0;0;202;24;Y;Y;Y;Y;N;N;Y
61749;1088;1086;2017;complete;288;5;-1;6;61,76,82;1;3;4;4;4;8;2;2;3;2;0;0;3;5;4;5;7;10;8;18;49;51;3;2;0;0;0;0;0;0;0;0;0;0;0;0;0;0;0;0;0;0;0;0;0;0;0;0;0;0;0;0;0;0;0;0;0;0;0;0;0;0;0;0;0;0;0;0;0;0;0;0;0;0;0;0;0;0;0;0;0;0;0;0;0;0;0;0;0;0;0;0;4;1;0;0;3;3;1;2017-04-21 16:00:00;1086;0;100;75;25;0;-1;1;-1;-1;-1;-1;-1;-1;0;0;3;2;0;5;-1;0;0;0;0;0;0;0;0;0;0;0;0;0;1;1;1;0;-1;-1;0;0;-1;-1;-1;-1;-1;-1;-1;-1;-1;25;50;100;100;100;100;100;50;25;6.5;4;7.5;4;Metta - LU;Jelgava;0.83;1.5;1.5;3;1;1;75;50;0;0;0;50;50;50;0;0;0;202;24;Y;Y;Y;Y;N;N;Y
61750;963;63;2017;complete;288;5;-1;18;7;1;1;2;3;4;7;3;5;1;5;1;1;3;3;5;3;8;6;13;17;61;39;2;6;0;0;0;0;0;0;0;0;0;0;0;0;0;0;0;0;0;0;0;0;0;0;0;0;0;0;0;0;0;0;0;0;0;0;0;0;0;0;0;0;0;0;0;0;0;0;0;0;0;0;0;0;0;0;0;0;0;0;0;0;0;0;0;0;0;0;0;0;2;1;1;0;0;0;2;2017-04-22 13:00:00;-1;0;75;25;0;0;-1;1;-1;-1;-1;-1;-1;-1;1;4;1;2;5;3;-1;0;0;0;0;0;0;0;0;0;0;0;0;0;1;1;0;1;-1;-1;0;0;-1;-1;-1;-1;-1;-1;-1;-1;-1;0;0;75;100;100;25;100;75;50;5.5;4;7;2.75;Ventspils;Liepāja;1.5;1.75;1.5;3;1.33;1;100;100;25;0;0;75;75;50;0;0;0;202;24;Y;Y;N;N;N;N;Y
61751;1090;1089;2017;complete;288;5;-1;;75;0;1;1;7;8;15;1;1;2;1;0;0;5;4;11;5;16;9;11;8;57;43;2;1;0;0;0;0;0;0;0;0;0;0;0;0;0;0;0;0;0;0;0;0;0;0;0;0;0;0;0;0;0;0;0;0;0;0;0;0;0;0;0;0;0;0;0;0;0;0;0;0;0;0;0;0;0;0;0;0;0;0;0;0;0;0;0;0;0;0;0;0;1;0;0;0;1;1;0;2017-04-22 15:00:00;1089;0;50;0;0;0;-1;1;-1;-1;-1;-1;-1;-1;0;0;2;1;0;3;-1;0;0;0;0;0;0;0;0;0;0;0;0;0;1;1;0;0;-1;-1;0;0;-1;-1;-1;-1;-1;-1;-1;-1;-1;0;0;50;75;100;0;75;100;50;14.5;3.5;5;2.25;Rīgas FS;Riga;1.83;1.75;3;1.5;2;1.25;100;100;50;25;0;100;100;75;0;0;0;202;24;Y;N;N;N;N;N;N
61752;63;1087;2017;complete;288;6;-1;33;25,69,90;1;3;4;2;4;6;2;4;5;1;0;0;5;6;6;3;11;9;21;17;51;49;5;1;0;0;0;0;0;0;0;0;0;0;0;0;0;0;0;0;0;0;0;0;0;0;0;0;0;0;0;0;0;0;0;0;0;0;0;0;0;0;0;0;0;0;0;0;0;0;0;0;0;0;0;0;0;0;0;0;0;0;0;0;0;0;0;0;0;0;0;0;4;1;1;0;2;2;2;2017-04-29 15:00:00;1087;0;50;0;17;0;-1;1;-1;-1;-1;-1;-1;-1;0;0;5;1;0;6;-1;0;0;0;0;0;0;0;0;0;0;0;0;0;1;1;0;0;-1;-1;0;0;-1;-1;-1;-1;-1;-1;-1;-1;-1;17;17;50;50;100;34;50;100;34;11;6.5;5.5;2.5;Liepāja;Spartaks Jūrmala;1.33;2.08;0;2;1;2.25;84;84;50;50;0;100;75;59;0;0;0;202;24;Y;Y;Y;Y;N;N;Y
61753;963;1090;2017;complete;288;6;-1;64;;1;0;1;8;3;11;0;2;2;1;0;0;4;5;2;5;6;10;17;18;60;40;2;1;0;0;0;0;0;0;0;0;0;0;0;0;0;0;0;0;0;0;0;0;0;0;0;0;0;0;0;0;0;0;0;0;0;0;0;0;0;0;0;0;0;0;0;0;0;0;0;0;0;0;0;0;0;0;0;0;0;0;0;0;0;0;0;0;0;0;0;0;1;0;0;1;0;1;0;2017-04-30 13:00:00;963;0;59;59;0;0;-1;1;-1;-1;-1;-1;-1;-1;0;0;2;1;0;3;-1;0;0;0;0;0;0;0;0;0;0;0;0;0;1;1;0;0;-1;-1;0;0;-1;-1;-1;-1;-1;-1;-1;-1;-1;0;25;42;75;100;59;75;67;0;9.33;5.33;6;2.42;Ventspils;Rīgas FS;1.5;1.08;1.33;1.5;1.25;1.5;100;75;59;25;0;67;42;25;0;0;0;202;24;Y;N;N;N;N;N;N
61754;1086;1089;2017;complete;288;6;-1;;40,66,69;0;3;3;2;4;6;2;6;1;2;2;0;5;7;0;6;5;13;16;13;43;57;5;2;0;0;0;0;0;0;0;0;0;0;0;0;0;0;0;0;0;0;0;0;0;0;0;0;0;0;0;0;0;0;0;0;0;0;0;0;0;0;0;0;0;0;0;0;0;0;0;0;0;0;0;0;0;0;0;0;0;0;0;0;0;0;0;0;0;0;0;0;3;0;1;0;2;2;1;2017-04-30 15:00:00;1089;0;50;0;0;0;-1;1;-1;-1;-1;-1;-1;-1;1;0;2;2;1;4;-1;0;0;0;0;0;0;0;0;0;0;0;0;0;1;1;0;0;-1;-1;0;0;-1;-1;-1;-1;-1;-1;-1;-1;-1;0;0;50;67;100;25;67;100;25;12.83;5.33;7.33;2.17;Jelgava;Riga;0.92;1.75;0;2;1.5;1.6;100;100;50;34;0;100;100;59;0;0;0;202;24;Y;Y;Y;N;N;N;N
61755;1087;963;2017;complete;288;7;-1;;;0;0;0;2;5;7;2;0;0;2;0;0;8;5;2;8;10;13;11;9;54;46;0;2;0;0;0;0;0;0;0;0;0;0;0;0;0;0;0;0;0;0;0;0;0;0;0;0;0;0;0;0;0;0;0;0;0;0;0;0;0;0;0;0;0;0;0;0;0;0;0;0;0;0;0;0;0;0;0;0;0;0;0;0;0;0;0;0;0;0;0;0;0;0;0;0;0;0;0;2017-05-07 11:00:00;-1;0;0;0;0;0;-1;1;-1;-1;-1;-1;-1;-1;0;0;0;2;0;2;-1;0;0;0;0;0;0;0;0;0;0;0;0;0;1;1;0;0;-1;-1;0;0;-1;-1;-1;-1;-1;-1;-1;-1;-1;0;0;0;50;50;0;50;50;0;9;5;2;1;Spartaks Jūrmala;Ventspils;1.75;1.42;3;1;2.4;1.6;100;100;100;50;50;50;50;0;0;0;0;202;24;N;N;N;N;N;N;N
61756;1088;63;2017;complete;288;7;-1;78;46,66,90;1;3;4;5;7;12;0;2;2;1;0;0;4;6;3;7;7;13;17;11;36;64;2;1;0;0;0;0;0;0;0;0;0;0;0;0;0;0;0;0;0;0;0;0;0;0;0;0;0;0;0;0;0;0;0;0;0;0;0;0;0;0;0;0;0;0;0;0;0;0;0;0;0;0;0;0;0;0;0;0;0;0;0;0;0;0;0;0;0;0;0;0;4;0;0;1;3;4;0;2017-05-07 14:00:00;63;0;100;42;17;0;-1;1;-1;-1;-1;-1;-1;-1;0;0;2;1;0;3;-1;0;0;0;0;0;0;0;0;0;0;0;0;0;1;1;0;0;-1;-1;0;0;-1;-1;-1;-1;-1;-1;-1;-1;-1;17;50;75;100;100;59;100;75;59;6.67;4.83;8.17;3.59;Metta - LU;Liepāja;0.83;1.75;1;2;0.8;0.8;84;50;25;0;0;59;59;59;0;0;0;202;24;Y;Y;Y;Y;N;N;Y
61757;1090;1086;2017;complete;288;7;-1;;7;0;1;1;6;7;13;3;1;3;0;0;0;9;8;5;8;14;16;14;15;56;44;3;0;0;0;0;0;0;0;0;0;0;0;0;0;0;0;0;0;0;0;0;0;0;0;0;0;0;0;0;0;0;0;0;0;0;0;0;0;0;0;0;0;0;0;0;0;0;0;0;0;0;0;0;0;0;0;0;0;0;0;0;0;0;0;0;0;0;0;0;0;1;0;1;0;0;0;1;2017-05-08 14:30:00;1086;0;75;25;0;0;-1;1;-1;-1;-1;-1;-1;-1;0;0;3;0;0;3;-1;0;0;0;0;0;0;0;0;0;0;0;0;0;1;1;0;1;-1;-1;0;0;-1;-1;-1;-1;-1;-1;-1;-1;-1;0;25;75;75;100;25;75;75;50;11.5;4;5.5;2.75;Rīgas FS;Jelgava;1.83;1.5;1.5;3;1.2;1.2;100;75;25;25;0;50;50;50;0;0;0;202;24;Y;N;N;N;N;N;N
61758;1087;1090;2017;complete;288;8;-1;48,58;;2;0;2;7;9;16;7;2;1;1;0;0;8;6;3;8;11;14;8;12;42;58;1;1;0;0;0;0;0;0;0;0;0;0;0;0;0;0;0;0;0;0;0;0;0;0;0;0;0;0;0;0;0;0;0;0;0;0;0;0;0;0;0;0;0;0;0;0;0;0;0;0;0;0;0;0;0;0;0;0;0;0;0;0;0;0;0;0;0;0;0;0;2;0;0;2;0;2;0;2017-05-12 16:00:00;1087;0;17;17;0;0;-1;1;-1;-1;-1;-1;-1;-1;0;0;1;1;0;2;-1;0;0;0;0;0;0;0;0;0;0;0;0;0;1;1;0;0;-1;-1;0;0;-1;-1;-1;-1;-1;-1;-1;-1;-1;0;17;17;42;75;17;42;75;0;9;5.17;4;1.5;Spartaks Jūrmala;Rīgas FS;1.75;1.08;2;1;2.17;1;100;84;84;59;25;75;59;34;0;0;0;202;24;Y;Y;N;N;N;N;N
61759;1089;63;2017;complete;288;8;-1;;23,87;0;2;2;3;0;3;4;3;1;1;0;0;2;6;5;4;7;10;15;12;58;42;1;1;0;0;0;0;0;0;0;0;0;0;0;0;0;0;0;0;0;0;0;0;0;0;0;0;0;0;0;0;0;0;0;0;0;0;0;0;0;0;0;0;0;0;0;0;0;0;0;0;0;0;0;0;0;0;0;0;0;0;0;0;0;0;0;0;0;0;0;0;2;0;1;0;1;1;1;2017-05-13 11:00:00;63;0;75;17;17;0;-1;1;-1;-1;-1;-1;-1;-1;0;0;1;1;0;2;-1;0;0;0;0;0;0;0;0;0;0;0;0;0;1;1;0;0;-1;-1;0;0;-1;-1;-1;-1;-1;-1;-1;-1;-1;0;42;59;75;75;42;59;59;59;9.33;6.5;6;2.5;Riga;Liepāja;1.33;1.75;1;2.33;1.83;1.17;100;59;42;25;25;59;59;59;0;0;0;202;24;Y;Y;N;N;N;N;N
61760;1088;963;2017;complete;288;8;-1;32;67;1;1;2;4;8;12;3;4;3;4;0;0;4;10;1;7;5;17;17;19;41;59;3;4;0;0;0;0;0;0;0;0;0;0;0;0;0;0;0;0;0;0;0;0;0;0;0;0;0;0;0;0;0;0;0;0;0;0;0;0;0;0;0;0;0;0;0;0;0;0;0;0;0;0;0;0;0;0;0;0;0;0;0;0;0;0;0;0;0;0;0;0;2;1;0;0;1;1;1;2017-05-13 14:00:00;-1;0;50;13;25;0;-1;1;-1;-1;-1;-1;-1;-1;2;1;1;3;3;4;-1;0;0;0;0;0;0;0;0;0;0;0;0;0;1;1;0;0;-1;-1;0;0;-1;-1;-1;-1;-1;-1;-1;-1;-1;13;50;50;50;50;25;38;50;38;8;2;3.5;2.25;Metta - LU;Ventspils;0.83;1.42;0.75;1;0.67;1.5;88;50;50;50;50;38;38;38;0;0;0;202;24;Y;Y;N;N;N;N;Y
61761;1087;1088;2017;complete;288;9;-1;75;;1;0;1;6;2;8;4;4;0;4;0;0;5;4;13;4;18;8;13;17;60;40;0;4;0;0;0;0;0;0;0;0;0;0;0;0;0;0;0;0;0;0;0;0;0;0;0;0;0;0;0;0;0;0;0;0;0;0;0;0;0;0;0;0;0;0;0;0;0;0;0;0;0;0;0;0;0;0;0;0;0;0;0;0;0;0;0;0;0;0;0;0;1;0;0;1;0;1;0;2017-05-21 11:00:00;1087;0;25;0;0;0;-1;1;-1;-1;-1;-1;-1;-1;0;2;0;2;2;2;-1;0;0;0;0;0;0;0;0;0;0;0;0;0;1;1;0;0;-1;-1;0;0;-1;-1;-1;-1;-1;-1;-1;-1;-1;0;25;25;84;84;25;67;84;42;10.5;5;2.5;2.17;Spartaks Jūrmala;Metta - LU;1.75;0.42;2.33;0.5;2.29;0.71;100;75;75;17;17;84;84;42;0;0;0;202;24;Y;N;N;N;N;N;N
61762;963;1089;2017;complete;288;9;-1;;;0;0;0;5;6;11;1;2;1;2;0;0;2;9;5;1;7;10;10;7;58;42;1;2;0;0;0;0;0;0;0;0;0;0;0;0;0;0;0;0;0;0;0;0;0;0;0;0;0;0;0;0;0;0;0;0;0;0;0;0;0;0;0;0;0;0;0;0;0;0;0;0;0;0;0;0;0;0;0;0;0;0;0;0;0;0;0;0;0;0;0;0;0;0;0;0;0;0;0;2017-05-21 13:00:00;-1;0;25;25;0;0;-1;1;-1;-1;-1;-1;-1;-1;0;0;1;2;0;3;-1;0;0;0;0;0;0;0;0;0;0;0;0;0;1;1;0;0;-1;-1;0;0;-1;-1;-1;-1;-1;-1;-1;-1;-1;0;0;25;63;100;25;63;75;13;10.25;4.25;4.25;1.88;Ventspils;Riga;1.5;1.75;1.75;2.25;1.43;1.57;100;100;75;38;0;63;63;38;0;0;0;202;24;N;N;N;N;N;N;N
61763;63;1086;2017;complete;288;9;-1;45,68,89;;3;0;3;4;6;10;6;1;4;1;0;0;8;4;3;4;11;8;11;10;46;54;4;1;0;0;0;0;0;0;0;0;0;0;0;0;0;0;0;0;0;0;0;0;0;0;0;0;0;0;0;0;0;0;0;0;0;0;0;0;0;0;0;0;0;0;0;0;0;0;0;0;0;0;0;0;0;0;0;0;0;0;0;0;0;0;0;0;0;0;0;0;3;1;0;2;0;2;1;2017-05-21 15:00:00;63;0;50;33;0;0;-1;1;-1;-1;-1;-1;-1;-1;1;1;3;0;2;3;-1;0;0;0;0;0;0;0;0;0;0;0;0;0;1;1;0;0;-1;-1;0;0;-1;-1;-1;-1;-1;-1;-1;-1;-1;0;33;50;50;100;33;67;67;33;8.67;5;6.33;2.34;Liepāja;Jelgava;1.33;1.5;0;3;1.43;1.5;100;67;50;50;0;50;33;33;0;0;0;202;24;Y;Y;Y;N;N;N;N
61764;1086;963;2017;complete;288;10;-1;42;;1;0;1;4;2;6;4;5;0;4;0;0;2;4;3;5;5;9;16;15;46;54;0;4;0;0;0;0;0;0;0;0;0;0;0;0;0;0;0;0;0;0;0;0;0;0;0;0;0;0;0;0;0;0;0;0;0;0;0;0;0;0;0;0;0;0;0;0;0;0;0;0;0;0;0;0;0;0;0;0;0;0;0;0;0;0;0;0;0;0;0;0;1;1;0;0;0;0;1;2017-05-27 13:00:00;1086;0;50;0;0;0;-1;1;-1;-1;-1;-1;-1;-1;0;1;0;3;1;3;-1;0;0;0;0;0;0;0;0;0;0;0;0;0;1;1;0;0;-1;-1;0;0;-1;-1;-1;-1;-1;-1;-1;-1;-1;0;0;50;67;67;17;67;67;34;10.33;5.33;7;1.84;Jelgava;Ventspils;0.92;1.42;0;1;1.29;1.38;100;100;50;34;34;50;50;33;0;0;0;202;24;Y;N;N;N;N;N;N
61765;1089;1087;2017;complete;288;10;-1;50;25;1;1;2;3;6;9;3;0;0;0;0;0;8;8;4;6;12;14;10;8;56;44;0;0;0;0;0;0;0;0;0;0;0;0;0;0;0;0;0;0;0;0;0;0;0;0;0;0;0;0;0;0;0;0;0;0;0;0;0;0;0;0;0;0;0;0;0;0;0;0;0;0;0;0;0;0;0;0;0;0;0;0;0;0;0;0;0;0;0;0;0;0;2;0;1;1;0;1;1;2017-05-27 15:00:00;-1;0;67;13;13;0;-1;-1;-1;-1;-1;-1;-1;-1;0;0;0;0;0;0;-1;0;0;0;0;0;0;0;1;0;1;0;0;0;1;1;0;0;-1;-1;-1;-1;-1;-1;-1;-1;-1;-1;-1;-1;-1;13;42;67;84;84;54;84;84;54;9.83;6.92;3.42;3;Riga;Spartaks Jūrmala;1.33;2.08;0.67;2.25;1.5;2.38;88;59;34;17;17;54;54;42;0;0;0;202;24;Y;Y;N;N;N;N;Y
61766;1090;1088;2017;complete;288;10;-1;22,75,88;14,33;3;2;5;13;3;16;0;1;1;4;0;0;11;6;17;7;28;13;12;14;65;35;1;4;0;0;0;0;0;0;0;0;0;0;0;0;0;0;0;0;0;0;0;0;0;0;0;0;0;0;0;0;0;0;0;0;0;0;0;0;0;0;0;0;0;0;0;0;0;0;0;0;0;0;0;0;0;0;0;0;0;0;0;0;0;0;0;0;0;0;0;0;5;1;2;2;0;2;3;2017-05-28 14:00:00;1090;0;33;0;0;0;-1;1;-1;-1;-1;-1;-1;-1;1;0;0;4;1;4;-1;0;0;0;0;0;0;0;1;0;1;0;0;0;1;1;0;0;-1;-1;0;0;-1;-1;-1;-1;-1;-1;-1;-1;-1;0;17;33;50;100;17;67;84;33;11.66;4;4.66;2;Rīgas FS;Metta - LU;1.83;0.42;1;0.33;0.86;0.63;100;84;67;50;0;84;84;67;0;0;0;202;24;Y;Y;Y;Y;Y;N;Y
61767;1087;1086;2017;complete;288;11;-1;80;57;1;1;2;4;4;8;1;4;2;0;0;0;3;8;5;5;8;13;10;13;54;46;2;0;0;0;0;0;0;0;0;0;0;0;0;0;0;0;0;0;0;0;0;0;0;0;0;0;0;0;0;0;0;0;0;0;0;0;0;0;0;0;0;0;0;0;0;0;0;0;0;0;0;0;0;0;0;0;0;0;0;0;0;0;0;0;0;0;0;0;0;0;2;0;0;1;1;2;0;2017-06-02 14:30:00;-1;0;25;13;0;0;-1;1;-1;-1;-1;-1;-1;-1;0;0;2;0;0;2;-1;0;0;0;0;0;0;0;0;0;0;0;0;0;1;1;0;0;-1;-1;0;0;-1;-1;-1;-1;-1;-1;-1;-1;-1;0;13;38;63;88;13;63;63;38;10.25;5.75;2.75;2;Spartaks Jūrmala;Jelgava;1.75;1.5;2.5;2.25;2.22;1.5;100;88;63;38;13;50;50;25;0;0;0;202;24;Y;Y;N;N;N;N;Y
61768;1088;1089;2017;complete;288;11;-1;;;0;0;0;0;3;3;0;1;0;1;0;0;2;4;11;9;13;13;11;14;44;56;0;1;0;0;0;0;0;0;0;0;0;0;0;0;0;0;0;0;0;0;0;0;0;0;0;0;0;0;0;0;0;0;0;0;0;0;0;0;0;0;0;0;0;0;0;0;0;0;0;0;0;0;0;0;0;0;0;0;0;0;0;0;0;0;0;0;0;0;0;0;0;0;0;0;0;0;0;2017-06-02 16:30:00;-1;0;50;10;20;0;-1;1;-1;-1;-1;-1;-1;-1;0;0;0;1;0;1;-1;0;0;0;0;0;0;0;0;0;0;0;0;0;1;1;0;0;-1;-1;0;0;-1;-1;-1;-1;-1;-1;-1;-1;-1;10;40;50;70;90;20;60;90;40;9.8;3.8;4.8;2.7;Metta - LU;Riga;0.83;1.75;0.8;2;0.56;1.44;90;60;50;30;10;80;80;70;0;0;0;202;24;N;N;N;N;N;N;N
61769;1090;63;2017;complete;288;11;-1;70,82;;2;0;2;5;6;11;2;2;2;1;0;0;6;2;5;5;11;7;14;12;41;59;2;1;0;0;0;0;0;0;0;0;0;0;0;0;0;0;0;0;0;0;0;0;0;0;0;0;0;0;0;0;0;0;0;0;0;0;0;0;0;0;0;0;0;0;0;0;0;0;0;0;0;0;0;0;0;0;0;0;0;0;0;0;0;0;0;0;0;0;0;0;2;0;0;2;0;2;0;2017-06-03 13:00:00;1090;0;63;25;13;0;-1;1;-1;-1;-1;-1;-1;-1;2;1;0;0;3;0;-1;0;0;0;0;0;0;0;0;0;0;0;0;0;1;1;0;0;-1;-1;0;0;-1;-1;-1;-1;-1;-1;-1;-1;-1;13;25;50;75;100;25;75;75;50;12;4.5;5.25;2.63;Rīgas FS;Liepāja;1.83;1.75;1.5;2.5;1.13;1.63;88;75;50;25;0;75;75;75;0;0;0;202;24;Y;Y;N;N;N;N;N
61770;1089;1090;2017;complete;288;12;-1;13,28,79;;3;0;3;3;6;9;4;2;2;0;0;0;7;8;7;10;14;18;10;5;39;61;2;0;0;0;0;0;0;0;0;0;0;0;0;0;0;0;0;0;0;0;0;0;0;0;0;0;0;0;0;0;0;0;0;0;0;0;0;0;0;0;0;0;0;0;0;0;0;0;0;0;0;0;0;0;0;0;0;0;0;0;0;0;0;0;0;0;0;0;0;0;3;2;0;1;0;1;2;2017-06-17 14:00:00;1089;0;38;13;0;0;-1;1;-1;-1;-1;-1;-1;-1;0;0;2;0;0;2;-1;0;0;0;0;0;0;0;0;0;0;0;0;0;1;1;0;0;-1;-1;0;0;-1;-1;-1;-1;-1;-1;-1;-1;-1;0;25;25;63;88;25;50;88;25;10;6;3.75;2;Riga;Rīgas FS;1.33;1.08;0.75;0.75;1.4;1.33;100;75;75;38;13;75;50;50;0;0;0;202;24;Y;Y;Y;N;N;N;N
61771;1086;1088;2017;complete;288;12;-1;42,89;;2;0;2;1;5;6;2;3;0;1;0;0;4;3;9;9;13;12;20;12;48;52;0;1;0;0;0;0;0;0;0;0;0;0;0;0;0;0;0;0;0;0;0;0;0;0;0;0;0;0;0;0;0;0;0;0;0;0;0;0;0;0;0;0;0;0;0;0;0;0;0;0;0;0;0;0;0;0;0;0;0;0;0;0;0;0;0;0;0;0;0;0;2;1;0;1;0;1;1;2017-06-17 16:00:00;1086;0;50;13;0;0;-1;1;-1;-1;-1;-1;-1;-1;0;0;0;1;0;1;-1;0;0;0;0;0;0;0;0;0;0;0;0;0;1;1;0;0;-1;-1;0;0;-1;-1;-1;-1;-1;-1;-1;-1;-1;13;25;63;75;100;38;88;88;50;8.75;5.25;6.5;2.75;Jelgava;Metta - LU;0.92;0.42;0.75;0.25;1.44;0.6;88;75;38;25;0;63;63;38;0;0;0;202;24;Y;Y;N;N;N;N;N
61772;63;963;2017;complete;288;12;-1;37;;1;0;1;1;6;7;2;1;2;2;0;0;4;0;5;8;9;8;18;15;48;52;2;2;0;0;0;0;0;0;0;0;0;0;0;0;0;0;0;0;0;0;0;0;0;0;0;0;0;0;0;0;0;0;0;0;0;0;0;0;0;0;0;0;0;0;0;0;0;0;0;0;0;0;0;0;0;0;0;0;0;0;0;0;0;0;0;0;0;0;0;0;1;1;0;0;0;0;1;2017-06-18 16:00:00;63;0;25;13;0;0;-1;1;-1;-1;-1;-1;-1;-1;1;0;1;2;1;3;-1;0;0;0;0;0;0;0;0;0;0;0;0;0;1;1;0;0;-1;-1;0;0;-1;-1;-1;-1;-1;-1;-1;-1;-1;0;13;25;38;75;13;50;63;25;8.5;6.5;6.5;1.5;Liepāja;Ventspils;1.33;1.42;0.75;0.75;1.44;1.22;100;88;75;63;25;50;38;25;0;0;0;202;24;Y;N;N;N;N;N;N
61773;1090;963;2017;complete;288;13;-1;17,58,88,90;40,67;4;2;6;5;9;14;2;1;1;2;0;0;7;11;1;6;8;17;14;16;43;57;1;2;0;0;0;0;0;0;0;0;0;0;0;0;0;0;0;0;0;0;0;0;0;0;0;0;0;0;0;0;0;0;0;0;0;0;0;0;0;0;0;0;0;0;0;0;0;0;0;0;0;0;0;0;0;0;0;0;0;0;0;0;0;0;0;0;0;0;0;0;6;1;1;3;1;4;2;2017-06-22 14:30:00;1090;0;30;10;0;0;-1;1;-1;-1;-1;-1;-1;-1;0;0;1;2;0;3;-1;0;0;0;0;0;0;0;1;0;1;0;0;0;1;1;0;0;-1;-1;0;0;-1;-1;-1;-1;-1;-1;-1;-1;-1;10;10;20;40;80;10;60;50;30;12.8;4;4.4;1.6;Rīgas FS;Ventspils;1.83;1.42;1.8;0.6;1.2;1.1;90;90;80;60;20;60;60;60;0;0;0;202;24;Y;Y;Y;Y;Y;Y;Y
61774;1087;63;2017;complete;288;13;-1;22;5;1;1;2;4;5;9;1;1;2;2;0;1;7;2;5;2;12;4;15;21;57;43;2;4;0;0;0;0;0;0;0;0;0;0;0;0;0;0;0;0;0;0;0;0;0;0;0;0;0;0;0;0;0;0;0;0;0;0;0;0;0;0;0;0;0;0;0;0;0;0;0;0;0;0;0;0;0;0;0;0;0;0;0;0;0;0;0;0;0;0;0;0;2;1;1;0;0;0;2;2017-06-22 16:00:00;-1;0;40;10;20;0;-1;1;-1;-1;-1;-1;-1;-1;1;1;1;2;2;3;-1;0;0;0;0;0;0;0;0;0;0;0;0;0;1;1;0;1;-1;-1;0;0;-1;-1;-1;-1;-1;-1;-1;-1;-1;0;10;20;80;90;10;40;80;50;8.8;6.2;3.8;2;Spartaks Jūrmala;Liepāja;1.75;1.75;2.2;2;2.1;1.6;100;90;80;20;10;50;50;40;0;0;0;202;24;Y;Y;N;N;N;N;Y
61775;1089;1086;2017;complete;288;13;-1;44;;1;0;1;2;7;9;-1;-1;0;2;0;0;3;6;8;7;11;13;-1;-1;-1;-1;0;2;0;0;0;0;0;0;0;0;0;0;0;0;0;0;0;0;0;0;0;0;0;0;0;0;0;0;0;0;0;0;0;0;0;0;0;0;0;0;0;0;0;0;0;0;0;0;0;0;0;0;0;0;0;0;0;0;0;0;0;0;0;0;0;0;0;0;0;0;1;1;0;0;0;0;1;2017-06-22 16:30:00;1089;0;50;10;10;0;-1;1;-1;-1;-1;-1;-1;-1;0;0;0;2;0;2;-1;0;0;0;0;0;0;0;0;0;0;0;0;0;1;1;0;0;-1;-1;0;0;-1;-1;-1;-1;-1;-1;-1;-1;-1;0;20;50;80;90;30;80;70;40;8.6;5.8;3;2.4;Riga;Jelgava;1.33;1.5;1.2;2;1.55;1.6;100;80;50;20;10;50;30;20;0;0;0;202;24;Y;N;N;N;N;N;N
61776;1086;1090;2017;complete;288;14;-1;42;20;1;1;2;8;6;14;2;5;1;1;0;0;7;6;11;15;18;21;13;5;52;48;1;1;0;0;0;0;0;0;0;0;0;0;0;0;0;0;0;0;0;0;0;0;0;0;0;0;0;0;0;0;0;0;0;0;0;0;0;0;0;0;0;0;0;0;0;0;0;0;0;0;0;0;0;0;0;0;0;0;0;0;0;0;0;0;0;0;0;0;0;0;2;1;1;0;0;0;2;2017-07-16 14:00:00;-1;0;30;10;0;0;-1;1;-1;-1;-1;-1;-1;-1;1;1;0;0;2;0;-1;0;0;0;0;0;0;0;0;0;0;0;0;0;1;1;0;0;-1;-1;0;0;-1;-1;-1;-1;-1;-1;-1;-1;-1;0;10;50;70;100;30;70;90;30;10;5.6;5;2.3;Jelgava;Rīgas FS;0.92;1.08;1.2;0.6;1.45;1.36;100;90;50;30;0;70;50;40;0;0;0;202;24;Y;Y;N;N;N;N;Y
61777;63;1088;2017;complete;288;14;-1;;90;0;1;1;11;5;16;2;1;2;2;0;0;8;7;11;10;19;17;18;12;60;40;2;2;0;0;0;0;0;0;0;0;0;0;0;0;0;0;0;0;0;0;0;0;0;0;0;0;0;0;0;0;0;0;0;0;0;0;0;0;0;0;0;0;0;0;0;0;0;0;0;0;0;0;0;0;0;0;0;0;0;0;0;0;0;0;0;0;0;0;0;0;1;0;0;0;1;1;0;2017-07-16 16:00:00;1088;0;30;20;0;0;-1;1;-1;-1;-1;-1;-1;-1;0;0;2;2;0;4;-1;0;0;0;0;0;0;0;0;0;0;0;0;0;1;1;0;0;-1;-1;0;0;-1;-1;-1;-1;-1;-1;-1;-1;-1;10;30;40;60;100;30;70;90;40;7.6;5.4;6;2.4;Liepāja;Metta - LU;1.33;0.42;1.2;0.2;1.55;0.55;90;70;60;40;0;60;50;30;0;0;0;202;24;Y;N;N;N;N;N;N
61778;963;1088;2017;complete;288;15;-1;22,59,78;;3;0;3;8;6;14;3;4;2;3;0;0;9;4;11;3;20;7;8;17;57;43;2;3;0;0;0;0;0;0;0;0;0;0;0;0;0;0;0;0;0;0;0;0;0;0;0;0;0;0;0;0;0;0;0;0;0;0;0;0;0;0;0;0;0;0;0;0;0;0;0;0;0;0;0;0;0;0;0;0;0;0;0;0;0;0;0;0;0;0;0;0;3;1;0;2;0;2;1;2017-07-24 14:30:00;963;0;37;29;0;0;-1;1;-1;-1;-1;-1;-1;-1;1;2;1;1;3;2;-1;0;0;0;0;0;0;0;0;0;0;0;0;0;1;1;0;0;-1;-1;0;0;-1;-1;-1;-1;-1;-1;-1;-1;-1;9;17;27;64;90;37;64;70;17;8.93;3.43;4.13;2.05;Ventspils;Metta - LU;1.5;0.42;1.6;0.67;1;0.75;92;84;74;37;10;64;64;45;0;0;0;202;24;Y;Y;Y;N;N;N;N
61779;63;1089;2017;complete;288;15;-1;72,78;32;2;1;3;3;3;6;0;3;2;0;0;0;6;4;7;6;13;10;7;22;59;41;2;0;0;0;0;0;0;0;0;0;0;0;0;0;0;0;0;0;0;0;0;0;0;0;0;0;0;0;0;0;0;0;0;0;0;0;0;0;0;0;0;0;0;0;0;0;0;0;0;0;0;0;0;0;0;0;0;0;0;0;0;0;0;0;0;0;0;0;0;0;3;0;1;2;0;2;1;2017-07-24 16:00:00;63;0;9;9;0;0;-1;1;-1;-1;-1;-1;-1;-1;1;0;1;0;1;1;-1;0;0;0;0;0;0;0;0;0;0;0;0;0;1;1;0;0;-1;-1;0;0;-1;-1;-1;-1;-1;-1;-1;-1;-1;0;9;25;33;84;9;42;75;25;10;5.34;5.33;1.5;Liepāja;Riga;1.33;1.75;1;1.83;1.42;1.67;100;92;75;67;17;67;59;42;0;0;0;202;24;Y;Y;Y;N;N;N;Y
61780;1088;1087;2017;complete;288;16;-1;;44,57;0;2;2;7;4;11;2;3;2;1;0;0;4;3;3;13;7;16;12;6;47;53;2;1;0;0;0;0;0;0;0;0;0;0;0;0;0;0;0;0;0;0;0;0;0;0;0;0;0;0;0;0;0;0;0;0;0;0;0;0;0;0;0;0;0;0;0;0;0;0;0;0;0;0;0;0;0;0;0;0;0;0;0;0;0;0;0;0;0;0;0;0;2;0;1;0;1;1;1;2017-07-30 14:00:00;1087;0;92;19;27;0;-1;1;-1;-1;-1;-1;-1;-1;0;0;2;1;0;3;-1;0;0;0;0;0;0;0;0;0;0;0;0;0;1;1;0;0;-1;-1;0;0;-1;-1;-1;-1;-1;-1;-1;-1;-1;19;54;74;92;92;47;84;92;55;8.93;3.77;3.57;3.47;Metta - LU;Spartaks Jūrmala;0.83;2.08;0.83;2;0.69;2;82;47;27;9;9;74;64;54;0;0;0;202;24;Y;Y;N;N;N;N;N
61781;1089;963;2017;complete;288;16;-1;;71,80;0;2;2;7;5;12;2;2;2;1;1;0;4;10;8;6;12;16;14;15;38;62;4;1;0;0;0;0;0;0;0;0;0;0;0;0;0;0;0;0;0;0;0;0;0;0;0;0;0;0;0;0;0;0;0;0;0;0;0;0;0;0;0;0;0;0;0;0;0;0;0;0;0;0;0;0;0;0;0;0;0;0;0;0;0;0;0;0;0;0;0;0;2;0;0;0;2;2;0;2017-07-30 16:00:00;963;0;33;9;9;0;-1;1;-1;-1;-1;-1;-1;-1;1;1;2;0;2;2;-1;0;0;0;0;0;0;0;0;0;0;0;0;0;1;1;0;0;-1;-1;0;0;-1;-1;-1;-1;-1;-1;-1;-1;-1;9;17;25;50;75;25;75;50;17;9;5;3.5;1.84;Riga;Ventspils;1.33;1.42;1.5;0.5;1.54;1.17;92;83;75;50;25;50;25;25;0;0;0;202;24;Y;Y;N;N;N;N;N
61782;1086;63;2017;complete;288;16;-1;29;43,47,59;1;3;4;2;4;6;1;5;2;1;0;0;5;9;7;1;12;10;15;7;36;64;2;1;0;0;0;0;0;0;0;0;0;0;0;0;0;0;0;0;0;0;0;0;0;0;0;0;0;0;0;0;0;0;0;0;0;0;0;0;0;0;0;0;0;0;0;0;0;0;0;0;0;0;0;0;0;0;0;0;0;0;0;0;0;0;0;0;0;0;0;0;4;1;1;0;2;2;2;2017-07-31 16:00:00;63;0;59;25;9;0;-1;1;-1;-1;-1;-1;-1;-1;1;0;1;1;1;2;-1;0;0;0;0;0;0;0;0;1;0;1;0;0;1;1;0;0;-1;-1;1;0;-1;-1;-1;-1;-1;-1;-1;-1;-1;0;9;42;92;100;33;84;67;42;8.67;5.5;5.67;2.42;Jelgava;Liepāja;0.92;1.75;1.17;1.83;1.42;1.54;100;92;59;9;0;59;50;42;0;0;0;202;24;Y;Y;Y;Y;N;N;Y
61783;963;1086;2017;complete;288;17;-1;74;;1;0;1;8;1;9;2;2;1;3;0;0;7;5;6;6;13;11;14;21;58;42;1;3;0;0;0;0;0;0;0;0;0;0;0;0;0;0;0;0;0;0;0;0;0;0;0;0;0;0;0;0;0;0;0;0;0;0;0;0;0;0;0;0;0;0;0;0;0;0;0;0;0;0;0;0;0;0;0;0;0;0;0;0;0;0;0;0;0;0;0;0;1;0;0;1;0;1;0;2017-08-05 14:00:00;963;0;42;25;9;0;-1;1;-1;-1;-1;-1;-1;-1;0;1;1;2;1;3;-1;0;0;0;0;0;0;0;0;0;0;0;0;0;1;1;0;0;-1;-1;0;0;-1;-1;-1;-1;-1;-1;-1;-1;-1;0;9;42;67;92;25;75;50;34;10.34;3.5;3.5;2.08;Ventspils;Jelgava;1.5;1.5;1.83;1.67;1.31;1.31;100;92;59;33;9;59;50;34;0;0;0;202;24;Y;N;N;N;N;N;N
61784;1087;1089;2017;complete;288;17;-1;14,60;;2;0;2;5;6;11;2;5;0;2;0;0;4;6;6;3;10;9;15;13;47;53;0;2;0;0;0;0;0;0;0;0;0;0;0;0;0;0;0;0;0;0;0;0;0;0;0;0;0;0;0;0;0;0;0;0;0;0;0;0;0;0;0;0;0;0;0;0;0;0;0;0;0;0;0;0;0;0;0;0;0;0;0;0;0;0;0;0;0;0;0;0;2;1;0;1;0;1;1;2017-08-05 16:00:00;1087;0;24;9;9;0;-1;1;-1;-1;-1;-1;-1;-1;0;1;0;1;1;1;-1;0;0;0;0;0;0;0;0;0;0;0;0;0;1;1;0;0;-1;-1;0;0;-1;-1;-1;-1;-1;-1;-1;-1;-1;0;0;15;55;77;9;38;69;31;9.83;5.29;2.88;1.47;Spartaks Jūrmala;Riga;1.75;1.75;2;1.57;2.08;1.43;100;100;86;45;23;54;45;30;0;0;0;202;24;Y;Y;N;N;N;N;N
61785;1090;1088;2017;complete;288;17;-1;11;;1;0;1;6;4;10;3;6;1;1;1;0;5;4;12;4;17;8;10;21;51;49;3;1;0;0;0;0;0;0;0;0;0;0;0;0;0;0;0;0;0;0;0;0;0;0;0;0;0;0;0;0;0;0;0;0;0;0;0;0;0;0;0;0;0;0;0;0;0;0;0;0;0;0;0;0;0;0;0;0;0;0;0;0;0;0;0;0;0;0;0;0;1;1;0;0;0;0;1;2017-08-07 15:00:00;1090;0;40;24;9;0;-1;1;-1;-1;-1;-1;-1;-1;0;1;2;0;1;2;-1;0;0;0;0;0;0;0;0;0;0;0;0;0;1;1;0;0;-1;-1;0;0;-1;-1;-1;-1;-1;-1;-1;-1;-1;24;31;47;69;100;31;69;92;55;12.07;3.81;4.26;2.79;Rīgas FS;Metta - LU;1.83;0.42;2;0.57;1.33;0.64;77;69;54;31;0;86;86;79;0;0;0;202;24;Y;N;N;N;N;N;N
61786;963;1087;2017;complete;288;14;-1;10,25,49,60;;4;0;4;9;3;12;3;4;2;4;0;0;9;4;5;3;14;7;14;9;47;53;2;4;0;0;0;0;0;0;0;0;0;0;0;0;0;0;0;0;0;0;0;0;0;0;0;0;0;0;0;0;0;0;0;0;0;0;0;0;0;0;0;0;0;0;0;0;0;0;0;0;0;0;0;0;0;0;0;0;0;0;0;0;0;0;0;0;0;0;0;0;4;2;0;2;0;2;2;2017-08-09 14:00:00;963;0;56;23;9;0;-1;1;-1;-1;-1;-1;-1;-1;1;1;1;3;2;4;-1;0;0;0;0;0;0;0;0;0;0;0;0;0;1;1;1;0;-1;-1;0;0;-1;-1;-1;-1;-1;-1;-1;-1;-1;9;17;48;79;93;40;79;79;32;10.9;4.53;3.04;2.52;Ventspils;Spartaks Jūrmala;1.5;2.08;2;2.17;1.43;2.15;92;84;52;22;7;77;62;47;0;0;0;202;24;Y;Y;Y;Y;N;N;N
61787;63;1090;2017;complete;288;18;-1;9,82;;2;0;2;5;8;13;3;4;2;3;0;1;7;6;3;5;10;11;17;18;44;56;2;4;0;0;0;0;0;0;0;0;0;0;0;0;0;0;0;0;0;0;0;0;0;0;0;0;0;0;0;0;0;0;0;0;0;0;0;0;0;0;0;0;0;0;0;0;0;0;0;0;0;0;0;0;0;0;0;0;0;0;0;0;0;0;0;0;0;0;0;0;2;1;0;1;0;1;1;2017-08-12 16:00:00;63;0;31;24;0;0;-1;1;-1;-1;-1;-1;-1;-1;0;2;2;2;2;4;-1;0;0;0;0;0;0;0;0;0;0;0;0;0;1;1;1;0;-1;-1;0;0;-1;-1;-1;-1;-1;-1;-1;-1;-1;0;16;38;55;100;32;54;85;30;10.43;5.54;4.97;2.09;Liepāja;Rīgas FS;1.33;1.08;1.29;0.67;1.64;1.46;100;85;62;45;0;79;55;48;0;0;0;202;24;Y;Y;N;N;N;N;N
61788;1086;1087;2017;complete;288;18;-1;31;48,75;1;2;3;7;1;8;3;1;1;1;0;0;3;5;5;7;8;12;18;10;53;47;1;1;0;0;0;0;0;0;0;0;0;0;0;0;0;0;0;0;0;0;0;0;0;0;0;0;0;0;0;0;0;0;0;0;0;0;0;0;0;0;0;0;0;0;0;0;0;0;0;0;0;0;0;0;0;0;0;0;0;0;0;0;0;0;0;0;0;0;0;0;3;1;0;0;2;2;1;2017-08-13 13:00:00;1087;0;64;22;7;0;-1;1;-1;-1;-1;-1;-1;-1;0;1;1;0;1;1;-1;0;0;0;0;0;0;0;0;0;0;0;0;0;1;1;0;0;-1;-1;0;0;-1;-1;-1;-1;-1;-1;-1;-1;-1;7;29;64;93;100;50;100;86;50;9.29;5.57;4.28;3;Jelgava;Spartaks Jūrmala;0.92;2.08;1;1.86;1.21;2;93;72;36;7;0;65;57;43;0;0;0;202;24;Y;Y;Y;N;N;N;Y
61789;1089;1088;2017;complete;288;18;-1;23,45,66,78;;4;0;4;5;4;9;1;0;0;3;0;0;10;4;3;5;13;9;18;13;58;42;0;3;0;0;0;0;0;0;0;0;0;0;0;0;0;0;0;0;0;0;0;0;0;0;0;0;0;0;0;0;0;0;0;0;0;0;0;0;0;0;0;0;0;0;0;0;0;0;0;0;0;0;0;0;0;0;0;0;0;0;0;0;0;0;0;0;0;0;0;0;4;2;0;2;0;2;2;2017-08-13 16:00:00;1089;0;27;7;0;0;-1;1;-1;-1;-1;-1;-1;-1;0;0;0;3;0;3;-1;0;0;0;0;0;0;0;0;0;0;0;0;0;1;1;0;0;-1;-1;0;0;-1;-1;-1;-1;-1;-1;-1;-1;-1;7;20;34;67;93;27;73;80;34;8.5;5.34;3.82;2.19;Riga;Metta - LU;1.33;0.42;1.29;0.5;1.33;0.6;94;81;67;34;7;73;52;40;0;0;0;202;24;Y;Y;Y;Y;N;N;N
61790;1088;1086;2017;complete;288;19;-1;;;0;0;0;4;2;6;4;4;1;2;0;0;6;7;11;5;17;12;11;15;55;45;1;2;0;0;0;0;0;0;0;0;0;0;0;0;0;0;0;0;0;0;0;0;0;0;0;0;0;0;0;0;0;0;0;0;0;0;0;0;0;0;0;0;0;0;0;0;0;0;0;0;0;0;0;0;0;0;0;0;0;0;0;0;0;0;0;0;0;0;0;0;0;0;0;0;0;0;0;2017-08-21 14:00:00;-1;0;57;14;22;0;-1;1;-1;-1;-1;-1;-1;-1;1;0;0;2;1;2;-1;0;0;0;0;0;0;0;0;0;0;0;0;0;1;1;0;0;-1;-1;0;0;-1;-1;-1;-1;-1;-1;-1;-1;-1;7;36;50;72;93;22;71;72;43;8.43;3;4;2.64;Metta - LU;Jelgava;0.83;1.5;0.71;1.43;0.56;1.13;93;65;50;29;7;64;50;43;0;0;0;202;24;N;N;N;N;N;N;N
61791;963;63;2017;complete;288;19;-1;;;0;0;0;3;2;5;0;1;2;2;0;0;4;3;5;2;9;5;19;19;52;48;2;2;0;0;0;0;0;0;0;0;0;0;0;0;0;0;0;0;0;0;0;0;0;0;0;0;0;0;0;0;0;0;0;0;0;0;0;0;0;0;0;0;0;0;0;0;0;0;0;0;0;0;0;0;0;0;0;0;0;0;0;0;0;0;0;0;0;0;0;0;0;0;0;0;0;0;0;2017-08-21 14:00:00;-1;0;48;34;7;0;-1;1;-1;-1;-1;-1;-1;-1;1;0;1;2;1;3;-1;0;0;0;0;0;0;0;0;0;0;0;0;0;1;1;0;0;-1;-1;0;0;-1;-1;-1;-1;-1;-1;-1;-1;-1;0;21;41;82;94;41;67;67;41;10;4.86;4.46;2.36;Ventspils;Liepāja;1.5;1.75;2.13;2;1.53;1.73;100;80;60;19;7;66;53;47;0;0;0;202;24;N;N;N;N;N;N;N
61792;1090;1089;2017;complete;288;19;-1;81;40;1;1;2;6;4;10;3;1;2;2;0;1;6;5;14;6;20;11;9;13;56;44;2;3;0;0;0;0;0;0;0;0;0;0;0;0;0;0;0;0;0;0;0;0;0;0;0;0;0;0;0;0;0;0;0;0;0;0;0;0;0;0;0;0;0;0;0;0;0;0;0;0;0;0;0;0;0;0;0;0;0;0;0;0;0;0;0;0;0;0;0;0;2;0;1;1;0;1;1;2017-08-21 16:00:00;-1;0;28;15;7;0;-1;1;-1;-1;-1;-1;-1;-1;0;0;2;3;0;5;-1;0;0;0;0;0;0;0;0;0;0;0;0;0;1;1;0;0;-1;-1;0;0;-1;-1;-1;-1;-1;-1;-1;-1;-1;15;15;34;54;88;15;61;73;41;12.42;4.49;3.75;2.11;Rīgas FS;Riga;1.83;1.75;2.14;1.38;1.36;1.44;86;86;66;47;13;82;82;68;0;0;0;202;24;Y;Y;N;N;N;N;Y
61793;1086;1089;2017;complete;288;20;-1;39;61,88;1;2;3;5;3;8;3;3;2;3;0;0;6;8;3;7;9;15;17;15;46;54;2;3;0;0;0;0;0;0;0;0;0;0;0;0;0;0;0;0;0;0;0;0;0;0;0;0;0;0;0;0;0;0;0;0;0;0;0;0;0;0;0;0;0;0;0;0;0;0;0;0;0;0;0;0;0;0;0;0;0;0;0;0;0;0;0;0;0;0;0;0;3;1;0;0;2;2;1;2017-08-25 15:00:00;1089;0;43;13;0;0;-1;1;-1;-1;-1;-1;-1;-1;1;1;1;2;2;3;-1;0;0;0;0;0;0;0;0;0;0;0;0;0;1;1;0;0;-1;-1;0;1;-1;-1;-1;-1;-1;-1;-1;-1;-1;0;7;43;72;89;19;78;77;36;9.63;5.19;4.27;2.1;Jelgava;Riga;0.92;1.75;0.88;1.33;1.13;1.41;100;94;58;29;11;53;53;35;0;0;0;202;24;Y;Y;Y;N;N;N;Y
61794;963;1090;2017;complete;288;20;-1;55;17,60;1;2;3;4;5;9;3;2;1;4;0;0;7;7;8;6;15;13;15;11;61;39;1;4;0;0;0;0;0;0;0;0;0;0;0;0;0;0;0;0;0;0;0;0;0;0;0;0;0;0;0;0;0;0;0;0;0;0;0;0;0;0;0;0;0;0;0;0;0;0;0;0;0;0;0;0;0;0;0;0;0;0;0;0;0;0;0;0;0;0;0;0;3;0;1;1;1;2;1;2017-08-26 13:00:00;1090;0;26;26;0;0;-1;1;-1;-1;-1;-1;-1;-1;1;1;0;3;2;3;-1;0;0;0;0;0;0;0;1;0;1;0;0;0;1;1;0;0;-1;-1;0;1;-1;-1;-1;-1;-1;-1;-1;-1;-1;0;13;31;64;89;38;57;71;18;11.96;4.78;3.92;1.96;Ventspils;Rīgas FS;1.5;1.08;2;0.57;1.5;1.33;100;88;69;37;11;84;64;58;0;0;0;202;24;Y;Y;Y;N;N;N;Y
61795;63;1087;2017;complete;288;20;-1;12;13,82;1;2;3;7;8;15;7;1;4;6;0;0;5;7;9;2;14;9;17;13;54;46;4;6;0;0;0;0;0;0;0;0;0;0;0;0;0;0;0;0;0;0;0;0;0;0;0;0;0;0;0;0;0;0;0;0;0;0;0;0;0;0;0;0;0;0;0;0;0;0;0;0;0;0;0;0;0;0;0;0;0;0;0;0;0;0;0;0;0;0;0;0;3;1;1;0;1;1;2;2017-08-26 16:00:00;1087;0;50;13;7;0;-1;1;-1;-1;-1;-1;-1;-1;1;3;3;3;4;6;-1;0;0;0;0;0;0;0;1;0;1;0;0;0;1;1;0;0;-1;-1;1;1;-1;-1;-1;-1;-1;-1;-1;-1;-1;7;26;57;75;100;32;82;94;51;9;5.38;4.63;2.69;Liepāja;Spartaks Jūrmala;1.33;2.08;1.5;2;1.69;2.07;94;76;44;25;0;69;57;44;0;0;0;202;24;Y;Y;Y;N;N;N;Y
61817;1087;963;2017;complete;288;21;-1;;27,69,82;0;3;3;1;6;7;2;5;0;0;0;0;2;10;7;8;9;18;13;16;46;54;0;0;0;0;0;0;0;0;0;0;0;0;0;0;0;0;0;0;0;0;0;0;0;0;0;0;0;0;0;0;0;0;0;0;0;0;0;0;0;0;0;0;0;0;0;0;0;0;0;0;0;0;0;0;0;0;0;0;0;0;0;0;0;0;0;0;0;0;0;0;3;0;1;0;2;2;1;2017-09-09 12:00:00;963;0;29;14;14;0;-1;-1;-1;-1;-1;-1;-1;-1;0;0;0;0;0;0;-1;0;0;0;0;0;0;0;-1;-1;-1;-1;-1;-1;-1;1;0;0;-1;-1;-1;-1;-1;-1;-1;-1;-1;-1;-1;-1;-1;7;7;7;57;79;14;50;57;29;10.29;5;3.14;1.64;Spartaks Jūrmala;Ventspils;1.75;1.42;2.14;0.86;2.13;1.41;93;93;93;43;22;50;43;36;0;0;0;202;24;Y;Y;Y;N;N;N;N
61818;1088;63;2017;complete;288;21;-1;17,28;33,52,63,72,90;2;5;7;1;4;5;1;4;0;0;0;0;4;11;1;6;5;17;10;12;41;59;0;0;0;0;0;0;0;0;0;0;0;0;0;0;0;0;0;0;0;0;0;0;0;0;0;0;0;0;0;0;0;0;0;0;0;0;0;0;0;0;0;0;0;0;0;0;0;0;0;0;0;0;0;0;0;0;0;0;0;0;0;0;0;0;0;0;0;0;0;0;7;2;1;0;4;4;3;2017-09-09 14:00:00;63;0;63;26;19;0;-1;-1;-1;-1;-1;-1;-1;-1;0;0;0;0;0;0;-1;0;0;0;0;0;0;0;-1;-1;-1;-1;-1;-1;-1;1;0;0;-1;-1;-1;-1;-1;-1;-1;-1;-1;-1;-1;-1;-1;7;38;44;82;82;32;63;69;44;7.63;4.26;4.63;2.57;Metta - LU;Liepāja;0.83;1.75;0.75;1.88;0.59;1.59;94;63;57;19;19;57;51;51;0;0;0;202;24;Y;Y;Y;Y;Y;Y;Y
61819;1090;1086;2017;complete;288;21;-1;34,45,49;;3;0;3;7;6;13;3;1;3;2;0;0;13;6;8;6;21;12;14;19;50;50;3;2;0;0;0;0;0;0;0;0;0;0;0;0;0;0;0;0;0;0;0;0;0;0;0;0;0;0;0;0;0;0;0;0;0;0;0;0;0;0;0;0;0;0;0;0;0;0;0;0;0;0;0;0;0;0;0;0;0;0;0;0;0;0;0;0;0;0;0;0;3;2;0;1;0;1;2;2017-09-10 14:00:00;1090;0;44;19;13;0;-1;1;-1;-1;-1;-1;-1;-1;1;1;2;1;2;3;-1;0;0;0;0;0;0;0;1;0;1;0;0;0;1;1;0;0;-1;-1;0;0;-1;-1;-1;-1;-1;-1;-1;-1;-1;13;19;38;57;94;19;69;63;44;11.38;4;3.88;2.26;Rīgas FS;Jelgava;1.83;1.5;2;1.38;1.44;1.06;88;82;63;44;7;75;63;44;0;0;0;202;24;Y;Y;Y;N;N;N;N
61821;1089;63;2017;complete;288;22;-1;84,89;55;2;1;3;4;6;10;1;1;0;0;0;0;6;3;6;6;12;9;12;15;45;55;0;0;0;0;0;0;0;0;0;0;0;0;0;0;0;0;0;0;0;0;0;0;0;0;0;0;0;0;0;0;0;0;0;0;0;0;0;0;0;0;0;0;0;0;0;0;0;0;0;0;0;0;0;0;0;0;0;0;0;0;0;0;0;0;0;0;0;0;0;0;3;0;0;2;1;3;0;2017-09-16 14:00:00;1089;0;46;22;6;0;-1;-1;-1;-1;-1;-1;-1;-1;0;0;0;0;0;0;-1;0;0;0;0;0;0;0;0;0;0;0;0;0;1;1;0;0;-1;-1;-1;-1;-1;-1;-1;-1;-1;-1;-1;-1;-1;6;29;41;82;89;41;71;71;47;7.91;5.28;3.71;2.57;Riga;Liepāja;1.33;1.75;1.5;2;1.5;1.67;95;71;60;18;12;60;29;29;0;0;0;202;24;Y;Y;Y;N;N;N;Y
61822;1090;1087;2017;complete;288;22;-1;35;;1;0;1;4;6;10;5;1;2;1;0;0;5;3;5;6;10;9;16;14;42;58;2;1;0;0;0;0;0;0;0;0;0;0;0;0;0;0;0;0;0;0;0;0;0;0;0;0;0;0;0;0;0;0;0;0;0;0;0;0;0;0;0;0;0;0;0;0;0;0;0;0;0;0;0;0;0;0;0;0;0;0;0;0;0;0;0;0;0;0;0;0;1;1;0;0;0;0;1;2017-09-17 11:00:00;1090;0;61;22;11;0;-1;1;-1;-1;-1;-1;-1;-1;1;0;1;1;1;2;-1;0;0;0;0;0;0;0;0;0;0;0;0;0;1;1;0;0;-1;-1;0;0;-1;-1;-1;-1;-1;-1;-1;-1;-1;17;28;61;84;100;45;89;89;50;12;4.55;4.22;3;Rīgas FS;Spartaks Jūrmala;1.83;2.08;2.11;2.11;1.53;2;84;73;39;17;0;89;84;67;0;0;0;202;24;Y;N;N;N;N;N;N
61823;1088;963;2017;complete;288;22;-1;1,85;69,80;2;2;4;0;15;15;2;1;2;0;0;0;4;13;4;7;8;20;15;11;34;66;2;0;0;0;0;0;0;0;0;0;0;0;0;0;0;0;0;0;0;0;0;0;0;0;0;0;0;0;0;0;0;0;0;0;0;0;0;0;0;0;0;0;0;0;0;0;0;0;0;0;0;0;0;0;0;0;0;0;0;0;0;0;0;0;0;0;0;0;0;0;4;1;0;1;2;3;1;2017-09-17 14:00:00;-1;0;46;18;18;0;-1;1;-1;-1;-1;-1;-1;-1;0;0;2;0;0;2;-1;0;0;0;0;0;0;0;0;1;0;1;0;0;1;1;1;0;-1;-1;0;0;-1;-1;-1;-1;-1;-1;-1;-1;-1;18;35;41;64;77;23;65;64;41;9.06;4.06;3.66;2.55;Metta - LU;Ventspils;0.83;1.42;0.67;1.13;0.56;1.5;83;66;60;36;24;47;47;47;0;0;0;202;24;Y;Y;Y;Y;N;N;Y
61825;1087;1088;2017;complete;288;23;-1;11,56,62;17;3;1;4;4;3;7;1;7;0;0;0;0;10;6;13;6;23;12;10;10;51;49;0;0;0;0;0;0;0;0;0;0;0;0;0;0;0;0;0;0;0;0;0;0;0;0;0;0;0;0;0;0;0;0;0;0;0;0;0;0;0;0;0;0;0;0;0;0;0;0;0;0;0;0;0;0;0;0;0;0;0;0;0;0;0;0;0;0;0;0;0;0;4;1;1;2;0;2;2;2017-09-24 11:00:00;1087;0;24;12;7;0;-1;-1;-1;-1;-1;-1;-1;-1;0;0;0;0;0;0;-1;0;0;0;0;0;0;0;0;0;0;0;0;0;1;1;0;0;-1;-1;-1;-1;-1;-1;-1;-1;-1;-1;-1;-1;-1;6;17;29;71;94;23;64;82;41;8.82;5.08;3.21;2.16;Spartaks Jūrmala;Metta - LU;1.75;0.42;1.88;0.44;1.89;0.58;95;84;72;29;7;64;53;35;0;0;0;202;24;Y;Y;Y;Y;N;N;Y
61826;963;1089;2017;complete;288;23;-1;;32,50;0;2;2;5;1;6;4;2;3;3;0;1;10;6;9;2;19;8;12;16;57;43;3;4;0;0;0;0;0;0;0;0;0;0;0;0;0;0;0;0;0;0;0;0;0;0;0;0;0;0;0;0;0;0;0;0;0;0;0;0;0;0;0;0;0;0;0;0;0;0;0;0;0;0;0;0;0;0;0;0;0;0;0;0;0;0;0;0;0;0;0;0;2;0;1;0;1;1;1;2017-09-24 13:00:00;1089;0;30;10;5;0;-1;1;-1;-1;-1;-1;-1;-1;2;3;1;1;5;2;-1;0;0;0;0;0;0;0;0;0;0;0;0;0;1;1;0;0;-1;-1;0;0;-1;-1;-1;-1;-1;-1;-1;-1;-1;0;5;35;60;80;15;60;70;30;10.3;4.4;3.7;1.8;Ventspils;Riga;1.5;1.75;1.8;1.5;1.47;1.58;100;95;65;40;20;65;55;40;0;0;0;202;24;Y;Y;N;N;N;N;N
61827;63;1086;2017;complete;288;23;-1;;66;0;1;1;2;2;4;7;0;2;4;0;0;7;4;7;3;14;7;8;26;67;33;2;4;0;0;0;0;0;0;0;0;0;0;0;0;0;0;0;0;0;0;0;0;0;0;0;0;0;0;0;0;0;0;0;0;0;0;0;0;0;0;0;0;0;0;0;0;0;0;0;0;0;0;0;0;0;0;0;0;0;0;0;0;0;0;0;0;0;0;0;0;1;0;0;0;1;1;0;2017-09-25 16:00:00;1086;0;33;17;6;0;-1;1;-1;-1;-1;-1;-1;-1;0;1;2;3;1;5;-1;0;0;0;0;0;0;0;0;0;0;0;0;0;1;1;0;0;-1;-1;0;0;-1;-1;-1;-1;-1;-1;-1;-1;-1;0;11;44;56;95;22;67;73;33;9.22;5.11;5;2.06;Liepāja;Jelgava;1.33;1.5;1.33;1.22;1.58;1;100;89;56;44;6;62;45;33;0;0;0;202;24;Y;N;N;N;N;N;N
61828;1087;1090;2017;complete;288;15;-1;19;31,51,86;1;3;4;2;6;8;0;1;0;0;0;0;4;6;5;7;9;13;5;8;47;53;0;0;0;0;0;0;0;0;0;0;0;0;0;0;0;0;0;0;0;0;0;0;0;0;0;0;0;0;0;0;0;0;0;0;0;0;0;0;0;0;0;0;0;0;0;0;0;0;0;0;0;0;0;0;0;0;0;0;0;0;0;0;0;0;0;0;0;0;0;0;4;1;1;0;2;2;2;2017-09-27 14:00:00;1090;0;36;24;12;0;-1;-1;-1;-1;-1;-1;-1;-1;0;0;0;0;0;0;-1;0;0;0;0;0;0;0;-1;-1;-1;-1;-1;-1;-1;1;0;0;-1;-1;-1;-1;-1;-1;-1;-1;-1;-1;-1;-1;-1;0;12;30;77;95;30;60;83;35;10.46;5.44;3.16;2.13;Spartaks Jūrmala;Rīgas FS;1.75;1.08;2;0.88;1.95;1.61;100;89;71;24;6;72;48;43;0;0;0;202;24;Y;Y;Y;Y;N;N;Y
61830;1086;963;2017;complete;288;24;-1;;33;0;1;1;3;6;9;2;3;3;3;0;0;0;5;6;4;6;9;19;22;46;54;3;3;0;0;0;0;0;0;0;0;0;0;0;0;0;0;0;0;0;0;0;0;0;0;0;0;0;0;0;0;0;0;0;0;0;0;0;0;0;0;0;0;0;0;0;0;0;0;0;0;0;0;0;0;0;0;0;0;0;0;0;0;0;0;0;0;0;0;0;0;1;0;1;0;0;0;1;2017-09-30 11:00:00;963;0;50;17;11;0;-1;1;-1;-1;-1;-1;-1;-1;2;1;1;2;3;3;-1;0;0;0;0;0;0;0;0;0;0;0;0;0;1;1;0;0;-1;-1;0;0;-1;-1;-1;-1;-1;-1;-1;-1;-1;6;17;50;73;89;22;84;67;50;11.23;5.11;4;2.39;Jelgava;Ventspils;0.92;1.42;0.78;1.11;1.11;1.4;95;84;50;28;11;39;39;33;0;0;0;202;24;Y;N;N;N;N;N;N
61831;1089;1087;2017;complete;288;24;-1;;78;0;1;1;6;4;10;5;1;0;0;0;0;10;3;9;9;19;12;8;10;58;42;0;0;0;0;0;0;0;0;0;0;0;0;0;0;0;0;0;0;0;0;0;0;0;0;0;0;0;0;0;0;0;0;0;0;0;0;0;0;0;0;0;0;0;0;0;0;0;0;0;0;0;0;0;0;0;0;0;0;0;0;0;0;0;0;0;0;0;0;0;0;1;0;0;0;1;1;0;2017-09-30 16:20:00;1087;0;52;10;11;0;-1;-1;-1;-1;-1;-1;-1;-1;0;0;0;0;0;0;-1;0;0;0;0;0;0;0;0;0;0;0;0;0;1;1;0;0;-1;-1;-1;-1;-1;-1;-1;-1;-1;-1;-1;-1;-1;5;26;57;84;95;42;84;84;47;9.11;4.63;3.22;2.72;Riga;Spartaks Jūrmala;1.33;2.08;1.67;1.9;1.65;1.85;95;74;43;16;6;79;52;36;0;0;0;202;24;Y;N;N;N;N;N;N
61832;1088;1090;2017;complete;288;24;-1;14,28;;2;0;2;0;14;14;2;2;0;0;0;0;5;10;3;15;8;25;14;14;36;64;0;0;0;0;0;0;0;0;0;0;0;0;0;0;0;0;0;0;0;0;0;0;0;0;0;0;0;0;0;0;0;0;0;0;0;0;0;0;0;0;0;0;0;0;0;0;0;0;0;0;0;0;0;0;0;0;0;0;0;0;0;0;0;0;0;0;0;0;0;0;2;2;0;0;0;0;2;2017-09-30 13:00:00;1088;0;57;27;21;0;-1;-1;-1;-1;-1;-1;-1;-1;0;0;0;0;0;0;-1;0;0;0;0;0;0;0;0;0;0;0;0;0;1;1;0;0;-1;-1;-1;-1;-1;-1;-1;-1;-1;-1;-1;-1;-1;10;41;52;79;90;37;69;85;42;9.31;4.27;3.91;2.87;Metta - LU;Rīgas FS;0.83;1.08;0.7;1.11;0.55;1.68;90;59;48;21;10;75;58;58;0;0;0;202;24;Y;Y;N;N;N;N;N
61833;1087;1086;2017;complete;288;25;-1;;20;0;1;1;2;4;6;5;7;0;0;0;0;7;3;6;2;13;5;15;23;57;43;0;0;0;0;0;0;0;0;0;0;0;0;0;0;0;0;0;0;0;0;0;0;0;0;0;0;0;0;0;0;0;0;0;0;0;0;0;0;0;0;0;0;0;0;0;0;0;0;0;0;0;0;0;0;0;0;0;0;0;0;0;0;0;0;0;0;0;0;0;0;1;0;1;0;0;0;1;2017-10-14 11:00:00;1086;0;35;20;10;0;-1;-1;-1;-1;-1;-1;-1;-1;0;0;0;0;0;0;-1;0;0;0;0;0;0;0;-1;-1;-1;-1;-1;-1;-1;1;0;0;-1;-1;-1;-1;-1;-1;-1;-1;-1;-1;-1;-1;-1;0;15;35;65;90;25;60;70;40;8.3;4;2.8;2.05;Spartaks Jūrmala;Jelgava;1.75;1.5;1.8;1.4;1.9;1.05;100;85;65;35;10;45;30;20;0;0;0;202;24;Y;N;N;N;N;N;N
61835;1088;1089;2017;complete;288;25;-1;;17,38;0;2;2;2;6;8;1;0;0;0;0;0;3;4;3;7;6;11;6;6;46;54;0;0;0;0;0;0;0;0;0;0;0;0;0;0;0;0;0;0;0;0;0;0;0;0;0;0;0;0;0;0;0;0;0;0;0;0;0;0;0;0;0;0;0;0;0;0;0;0;0;0;0;0;0;0;0;0;0;0;0;0;0;0;0;0;0;0;0;0;0;0;2;0;2;0;0;0;2;2017-10-14 16:00:00;1089;0;46;9;14;0;-1;-1;-1;-1;-1;-1;-1;-1;0;0;0;0;0;0;-1;0;0;0;0;0;0;0;-1;-1;-1;-1;-1;-1;-1;1;0;0;-1;-1;-1;-1;-1;-1;-1;-1;-1;-1;-1;-1;-1;9;28;41;73;82;18;69;78;36;7.36;4.09;3.82;2.46;Metta - LU;Riga;0.83;1.75;0.91;1.64;0.67;1.57;91;73;59;27;18;60;60;50;0;0;0;202;24;Y;Y;N;N;N;N;N
61836;1090;63;2017;complete;288;25;-1;87;53,68;1;2;3;4;4;8;3;3;0;0;0;0;4;6;7;5;11;11;14;15;44;56;0;0;0;0;0;0;0;0;0;0;0;0;0;0;0;0;0;0;0;0;0;0;0;0;0;0;0;0;0;0;0;0;0;0;0;0;0;0;0;0;0;0;0;0;0;0;0;0;0;0;0;0;0;0;0;0;0;0;0;0;0;0;0;0;0;0;0;0;0;0;3;0;0;1;2;3;0;2017-10-14 13:00:00;63;0;55;30;15;0;-1;-1;-1;-1;-1;-1;-1;-1;0;0;0;0;0;0;-1;0;0;0;0;0;0;0;-1;-1;-1;-1;-1;-1;-1;1;0;0;-1;-1;-1;-1;-1;-1;-1;-1;-1;-1;-1;-1;-1;15;25;45;75;95;35;70;70;50;10.8;5;4.2;2.7;Rīgas FS;Liepāja;1.83;1.75;2.2;1.8;1.6;1.5;85;75;55;25;5;75;70;50;0;0;0;202;24;Y;Y;Y;N;N;N;Y
61838;1086;1088;2017;complete;288;26;-1;75;72;1;1;2;15;2;17;8;2;3;1;0;1;9;2;15;2;24;4;18;9;65;35;3;2;0;0;0;0;0;0;0;0;0;0;0;0;0;0;0;0;0;0;0;0;0;0;0;0;0;0;0;0;0;0;0;0;0;0;0;0;0;0;0;0;0;0;0;0;0;0;0;0;0;0;0;0;0;0;0;0;0;0;0;0;0;0;0;0;0;0;0;0;2;0;0;1;1;2;0;2017-10-22 11:00:00;-1;0;45;20;0;0;-1;1;-1;-1;-1;-1;-1;-1;1;0;2;2;1;4;-1;0;0;0;0;0;0;0;0;0;0;0;0;0;1;1;0;0;-1;-1;0;0;-1;-1;-1;-1;-1;-1;-1;-1;-1;5;25;55;75;100;35;90;80;50;8.8;5.5;4.5;2.6;Jelgava;Metta - LU;0.92;0.42;0.7;0.4;1.14;0.64;95;75;45;25;0;55;45;30;0;0;0;202;24;Y;Y;N;N;N;N;Y
61839;1089;1090;2017;complete;288;26;-1;;62;0;1;1;7;5;12;0;0;1;6;1;0;4;4;7;11;11;15;17;19;48;52;2;6;0;0;0;0;0;0;0;0;0;0;0;0;0;0;0;0;0;0;0;0;0;0;0;0;0;0;0;0;0;0;0;0;0;0;0;0;0;0;0;0;0;0;0;0;0;0;0;0;0;0;0;0;0;0;0;0;0;0;0;0;0;0;0;0;0;0;0;0;1;0;0;0;1;1;0;2017-10-22 13:00:00;1090;0;35;15;10;0;-1;1;-1;-1;-1;-1;-1;-1;2;4;0;2;6;2;-1;0;0;0;0;0;0;0;0;0;0;0;0;0;1;1;0;0;-1;-1;1;1;-1;-1;-1;-1;-1;-1;-1;-1;-1;0;20;40;75;95;40;65;80;35;11.2;5.2;3;2.3;Riga;Rīgas FS;1.33;1.08;1.5;1;1.64;1.52;100;80;60;25;5;85;50;40;0;0;0;202;24;Y;N;N;N;N;N;N
61840;63;963;2017;complete;288;26;-1;81;45;1;1;2;2;1;3;1;0;4;5;0;0;7;9;2;6;9;15;22;24;47;53;4;5;0;0;0;0;0;0;0;0;0;0;0;0;0;0;0;0;0;0;0;0;0;0;0;0;0;0;0;0;0;0;0;0;0;0;0;0;0;0;0;0;0;0;0;0;0;0;0;0;0;0;0;0;0;0;0;0;0;0;0;0;0;0;0;0;0;0;0;0;2;0;1;1;0;1;1;2017-10-22 15:00:00;-1;0;30;15;10;0;-1;1;-1;-1;-1;-1;-1;-1;1;3;3;2;4;5;-1;0;0;0;0;0;0;0;0;1;0;1;0;0;1;1;0;0;-1;-1;0;0;-1;-1;-1;-1;-1;-1;-1;-1;-1;5;15;35;50;90;15;65;70;35;11;6;4.8;2;Liepāja;Ventspils;1.33;1.42;1.2;1.3;1.57;1.48;95;85;65;50;10;55;45;40;0;0;0;202;24;Y;Y;N;N;N;N;Y
61841;1089;1086;2017;complete;288;27;-1;25,42;57,86;2;2;4;4;3;7;3;2;1;8;0;1;4;5;6;2;10;7;14;22;55;45;1;9;0;0;0;0;0;0;0;0;0;0;0;0;0;0;0;0;0;0;0;0;0;0;0;0;0;0;0;0;0;0;0;0;0;0;0;0;0;0;0;0;0;0;0;0;0;0;0;0;0;0;0;0;0;0;0;0;0;0;0;0;0;0;0;0;0;0;0;0;4;2;0;0;2;2;2;2017-10-28 11:00:00;-1;0;27;5;9;0;-1;1;-1;-1;-1;-1;-1;-1;0;3;1;6;3;7;-1;0;0;0;0;0;0;0;1;0;1;0;0;0;1;1;0;0;-1;-1;0;1;-1;-1;-1;-1;-1;-1;-1;-1;-1;0;14;36;55;91;23;60;69;32;8.73;4.54;3.09;1.96;Riga;Jelgava;1.33;1.5;1.36;1.55;1.57;1.14;100;87;64;46;9;64;36;23;0;0;0;202;24;Y;Y;Y;Y;N;N;Y
61843;1087;63;2017;complete;288;27;-1;48,64;;2;0;2;5;5;10;2;6;0;2;0;0;7;8;4;6;11;14;11;15;46;54;0;2;0;0;0;0;0;0;0;0;0;0;0;0;0;0;0;0;0;0;0;0;0;0;0;0;0;0;0;0;0;0;0;0;0;0;0;0;0;0;0;0;0;0;0;0;0;0;0;0;0;0;0;0;0;0;0;0;0;0;0;0;0;0;0;0;0;0;0;0;2;0;0;2;0;2;0;2017-10-28 11:00:00;1087;0;55;32;18;0;-1;1;-1;-1;-1;-1;-1;-1;0;0;0;2;0;2;-1;0;0;0;0;0;0;0;0;0;0;0;0;0;1;1;0;0;-1;-1;0;0;-1;-1;-1;-1;-1;-1;-1;-1;-1;5;23;41;82;91;32;60;73;55;7.91;5.19;2.55;2.5;Spartaks Jūrmala;Liepāja;1.75;1.75;1.64;1.91;1.82;1.55;96;78;59;18;9;41;32;23;0;0;0;202;24;Y;Y;N;N;N;N;N
61844;1090;963;2017;complete;288;27;-1;32,37;11,40,51,70;2;4;6;5;10;15;3;1;3;4;0;0;7;7;3;6;10;13;16;15;54;46;3;4;0;0;0;0;0;0;0;0;0;0;0;0;0;0;0;0;0;0;0;0;0;0;0;0;0;0;0;0;0;0;0;0;0;0;0;0;0;0;0;0;0;0;0;0;0;0;0;0;0;0;0;0;0;0;0;0;0;0;0;0;0;0;0;0;0;0;0;0;6;2;2;0;2;2;4;2017-10-28 11:00:00;963;0;41;14;18;0;-1;1;-1;-1;-1;-1;-1;-1;1;2;2;2;3;4;-1;0;0;0;0;0;0;0;0;0;0;0;0;0;1;1;0;0;-1;-1;0;0;-1;-1;-1;-1;-1;-1;-1;-1;-1;14;18;36;60;91;18;73;64;41;12.55;4.63;4;2.28;Rīgas FS;Ventspils;1.83;1.42;2;1.27;1.59;1.45;87;82;64;41;9;68;64;50;0;0;0;202;24;Y;Y;Y;Y;Y;Y;Y
61845;963;1087;2017;complete;288;28;-1;18,31;26,37,87;2;3;5;9;7;16;0;3;2;4;1;0;13;7;7;4;20;11;10;19;57;43;4;4;0;0;0;0;0;0;0;0;0;0;0;0;0;0;0;0;0;0;0;0;0;0;0;0;0;0;0;0;0;0;0;0;0;0;0;0;0;0;0;0;0;0;0;0;0;0;0;0;0;0;0;0;0;0;0;0;0;0;0;0;0;0;0;0;0;0;0;0;5;2;2;0;1;1;4;2017-11-04 12:00:00;1087;0;46;18;9;0;-1;1;-1;-1;-1;-1;-1;-1;1;0;2;4;1;6;-1;0;0;0;0;0;0;0;0;0;0;0;0;0;1;1;0;0;-1;-1;0;0;-1;-1;-1;-1;-1;-1;-1;-1;-1;5;18;50;73;91;36;78;78;36;10.36;4.27;3.64;2.41;Ventspils;Spartaks Jūrmala;1.5;2.08;1.64;2;1.52;1.87;96;82;50;27;9;73;59;41;0;0;0;202;24;Y;Y;Y;Y;Y;N;Y
61846;63;1088;2017;complete;288;28;-1;38;;1;0;1;8;3;11;2;1;3;1;0;0;11;7;7;10;18;17;16;10;56;44;3;1;0;0;0;0;0;0;0;0;0;0;0;0;0;0;0;0;0;0;0;0;0;0;0;0;0;0;0;0;0;0;0;0;0;0;0;0;0;0;0;0;0;0;0;0;0;0;0;0;0;0;0;0;0;0;0;0;0;0;0;0;0;0;0;0;0;0;0;0;1;1;0;0;0;0;1;2017-11-04 12:00:00;63;0;36;18;5;0;-1;1;-1;-1;-1;-1;-1;-1;0;0;3;1;0;4;-1;0;0;0;0;0;0;0;0;0;0;0;0;0;1;1;0;0;-1;-1;0;0;-1;-1;-1;-1;-1;-1;-1;-1;-1;5;23;41;64;100;27;69;91;41;8.36;6.09;5.18;2.32;Liepāja;Metta - LU;1.33;0.42;1.18;0.45;1.48;0.65;96;78;60;36;0;64;55;41;0;0;0;202;24;Y;N;N;N;N;N;N
61848;1086;1090;2017;complete;288;28;-1;54;;1;0;1;1;7;8;3;1;4;2;0;0;4;3;2;4;6;7;24;17;45;55;4;2;0;0;0;0;0;0;0;0;0;0;0;0;0;0;0;0;0;0;0;0;0;0;0;0;0;0;0;0;0;0;0;0;0;0;0;0;0;0;0;0;0;0;0;0;0;0;0;0;0;0;0;0;0;0;0;0;0;0;0;0;0;0;0;0;0;0;0;0;1;0;0;1;0;1;0;2017-11-04 12:00:00;1086;0;50;23;9;0;-1;1;-1;-1;-1;-1;-1;-1;3;2;1;0;5;1;-1;0;0;0;0;0;0;0;0;0;0;0;0;0;1;1;0;0;-1;-1;0;0;-1;-1;-1;-1;-1;-1;-1;-1;-1;0;14;46;78;100;36;78;78;41;12.18;5.54;4.72;2.36;Jelgava;Rīgas FS;0.92;1.08;0.73;1.18;1.13;1.52;100;87;55;23;0;68;50;46;0;0;0;202;24;Y;N;N;N;N;N;N
