ID;HOMEID;AWAYID;SEASON;STATUS;ROUNDID;GAME_WEEK;REVISED_GAME_WEEK;HOMEGOALS;AWAYGOALS;HOMEGOALCOUNT;AWAYGOALCOUNT;TOTALGOALCOUNT;TEAM_A_CORNERS;TEAM_B_CORNERS;TOTALCORNERCOUNT;TEAM_A_OFFSIDES;TEAM_B_OFFSIDES;TEAM_A_YELLOW_CARDS;TEAM_B_YELLOW_CARDS;TEAM_A_RED_CARDS;TEAM_B_RED_CARDS;TEAM_A_SHOTSONTARGET;TEAM_B_SHOTSONTARGET;TEAM_A_SHOTSOFFTARGET;TEAM_B_SHOTSOFFTARGET;TEAM_A_SHOTS;TEAM_B_SHOTS;TEAM_A_FOULS;TEAM_B_FOULS;TEAM_A_POSSESSION;TEAM_B_POSSESSION;TEAM_A_CARDS_NUM;TEAM_B_CARDS_NUM;ODDS_FT_1;ODDS_FT_X;ODDS_FT_2;ODDS_FT_OVER05;ODDS_FT_OVER15;ODDS_FT_OVER25;ODDS_FT_OVER35;ODDS_FT_OVER45;ODDS_FT_UNDER05;ODDS_FT_UNDER15;ODDS_FT_UNDER25;ODDS_FT_UNDER35;ODDS_FT_UNDER45;ODDS_BTTS_YES;ODDS_BTTS_NO;ODDS_TEAM_A_CS_YES;ODDS_TEAM_A_CS_NO;ODDS_TEAM_B_CS_YES;ODDS_TEAM_B_CS_NO;ODDS_DOUBLECHANCE_1X;ODDS_DOUBLECHANCE_12;ODDS_DOUBLECHANCE_X2;ODDS_1ST_HALF_RESULT_1;ODDS_1ST_HALF_RESULT_X;ODDS_1ST_HALF_RESULT_2;ODDS_2ND_HALF_RESULT_1;ODDS_2ND_HALF_RESULT_X;ODDS_2ND_HALF_RESULT_2;ODDS_DNB_1;ODDS_DNB_2;ODDS_CORNERS_OVER_75;ODDS_CORNERS_OVER_85;ODDS_CORNERS_OVER_95;ODDS_CORNERS_OVER_105;ODDS_CORNERS_OVER_115;ODDS_CORNERS_UNDER_75;ODDS_CORNERS_UNDER_85;ODDS_CORNERS_UNDER_95;ODDS_CORNERS_UNDER_105;ODDS_CORNERS_UNDER_115;ODDS_CORNERS_1;ODDS_CORNERS_X;ODDS_CORNERS_2;ODDS_TEAM_TO_SCORE_FIRST_1;ODDS_TEAM_TO_SCORE_FIRST_X;ODDS_TEAM_TO_SCORE_FIRST_2;ODDS_WIN_TO_NIL_1;ODDS_WIN_TO_NIL_2;ODDS_1ST_HALF_OVER05;ODDS_1ST_HALF_OVER15;ODDS_1ST_HALF_OVER25;ODDS_1ST_HALF_OVER35;ODDS_1ST_HALF_UNDER05;ODDS_1ST_HALF_UNDER15;ODDS_1ST_HALF_UNDER25;ODDS_1ST_HALF_UNDER35;ODDS_2ND_HALF_OVER05;ODDS_2ND_HALF_OVER15;ODDS_2ND_HALF_OVER25;ODDS_2ND_HALF_OVER35;ODDS_2ND_HALF_UNDER05;ODDS_2ND_HALF_UNDER15;ODDS_2ND_HALF_UNDER25;ODDS_2ND_HALF_UNDER35;ODDS_BTTS_1ST_HALF_YES;ODDS_BTTS_1ST_HALF_NO;ODDS_BTTS_2ND_HALF_YES;ODDS_BTTS_2ND_HALF_NO;OVERALLGOALCOUNT;HT_GOALS_TEAM_A;HT_GOALS_TEAM_B;GOALS_2HG_TEAM_A;GOALS_2HG_TEAM_B;GOALCOUNT_2HG;HTGOALCOUNT;DATE_UNIX;WINNINGTEAM;NO_HOME_AWAY;BTTS_POTENTIAL;BTTS_FHG_POTENTIAL;BTTS_2HG_POTENTIAL;GOALTIMINGDISABLED;CORNER_TIMINGS_RECORDED;CARD_TIMINGS_RECORDED;TEAM_A_FH_CORNERS;TEAM_B_FH_CORNERS;TEAM_A_2H_CORNERS;TEAM_B_2H_CORNERS;CORNER_FH_COUNT;CORNER_2H_COUNT;TEAM_A_FH_CARDS;TEAM_B_FH_CARDS;TEAM_A_2H_CARDS;TEAM_B_2H_CARDS;TOTAL_FH_CARDS;TOTAL_2H_CARDS;ATTACKS_RECORDED;TEAM_A_DANGEROUS_ATTACKS;TEAM_B_DANGEROUS_ATTACKS;TEAM_A_ATTACKS;TEAM_B_ATTACKS;TEAM_A_XG;TEAM_B_XG;TOTAL_XG;TEAM_A_PENALTIES_WON;TEAM_B_PENALTIES_WON;TEAM_A_PENALTY_GOALS;TEAM_B_PENALTY_GOALS;TEAM_A_PENALTY_MISSED;TEAM_B_PENALTY_MISSED;PENS_RECORDED;GOAL_TIMINGS_RECORDED;TEAM_A_0_10_MIN_GOALS;TEAM_B_0_10_MIN_GOALS;TEAM_A_CORNERS_0_10_MIN;TEAM_B_CORNERS_0_10_MIN;TEAM_A_CARDS_0_10_MIN;TEAM_B_CARDS_0_10_MIN;THROWINS_RECORDED;TEAM_A_THROWINS;TEAM_B_THROWINS;FREEKICKS_RECORDED;TEAM_A_FREEKICKS;TEAM_B_FREEKICKS;GOALKICKS_RECORDED;TEAM_A_GOALKICKS;TEAM_B_GOALKICKS;O45_POTENTIAL;O35_POTENTIAL;O25_POTENTIAL;O15_POTENTIAL;O05_POTENTIAL;O15HT_POTENTIAL;O05HT_POTENTIAL;O05_2H_POTENTIAL;O15_2H_POTENTIAL;CORNERS_POTENTIAL;OFFSIDES_POTENTIAL;CARDS_POTENTIAL;AVG_POTENTIAL;HOME_NAME;AWAY_NAME;HOME_PPG;AWAY_PPG;PRE_MATCH_HOME_PPG;PRE_MATCH_AWAY_PPG;PRE_MATCH_TEAMA_OVERALL_PPG;PRE_MATCH_TEAMB_OVERALL_PPG;U45_POTENTIAL;U35_POTENTIAL;U25_POTENTIAL;U15_POTENTIAL;U05_POTENTIAL;CORNERS_O85_POTENTIAL;CORNERS_O95_POTENTIAL;CORNERS_O105_POTENTIAL;TEAM_A_XG_PREMATCH;TEAM_B_XG_PREMATCH;TOTAL_XG_PREMATCH;COMPETITION_ID;MATCHES_COMPLETED_MINIMUM;OVER05;OVER15;OVER25;OVER35;OVER45;OVER55;BTTS
2329432;1091;1087;2021;complete;90288;1;-1;20,65;51;2;1;3;3;8;11;-1;-1;5;1;0;0;5;2;10;15;15;17;-1;-1;37;63;5;1;2.18;3.3;1.61;1.02;1.22;1.75;2.75;5;12;4;2.05;1.4;1.14;1.62;2.2;0;0;0;0;0;0;0;3.4;2.2;2.75;3.1;0;2.5;0;0;0;0;0;0;0;0;0;0;0;0;0;0;0;2.2;0;1.73;0;0;0;0;0;0;0;0;0;0;1.2;1.91;3.75;10;4.33;1.8;1.25;1.06;0;0;0;0;3;1;0;1;1;2;1;2021-03-13 12:00:00;1091;0;0;0;0;0;1;1;1;2;2;6;3;8;2;1;3;0;3;3;1;45;66;86;104;1.62;1.69;3.31;0;0;0;0;0;0;1;1;0;0;0;1;0;1;-1;-1;-1;-1;-1;-1;-1;-1;-1;0;0;0;0;0;0;0;0;0;0;0;0;0;BFC Daugavpils;Spartaks Jūrmala;1.43;0.93;0;0;0;0;0;0;0;0;0;0;0;0;0;0;0;5622;28;Y;Y;Y;N;N;N;Y
2329433;63;1088;2021;complete;90288;1;-1;19,41,54,90;49;4;1;5;7;0;7;-1;-1;1;0;0;0;9;3;10;5;19;8;-1;-1;63;37;1;0;1.02;9;10.5;1.01;1.11;1.36;1.91;3.25;15;6;3.1;1.8;1.33;2.25;1.57;0;0;0;0;0;0;0;1.4;3.2;12;1.3;0;11;0;0;0;0;0;0;0;0;0;0;0;0;0;0;0;1.14;0;5.5;0;0;0;0;0;0;0;0;0;0;1.13;1.62;2.75;6;6;2.2;1.4;1.13;0;0;0;0;5;2;0;2;1;3;2;2021-03-13 13:00:00;63;0;0;0;0;0;1;1;5;0;2;0;5;2;0;0;1;0;0;1;1;66;40;94;79;2.3;1.01;3.31;0;0;0;0;0;0;1;1;0;0;1;0;0;0;-1;-1;-1;-1;-1;-1;-1;-1;-1;0;0;0;0;0;0;0;0;0;0;0;0;0;Liepāja;Metta - LU;1.86;0.5;0;0;0;0;0;0;0;0;0;0;0;0;0;0;0;5622;28;Y;Y;Y;Y;Y;N;Y
2329434;1090;6910;2021;complete;90288;1;-1;3,64;41,51,59;2;3;5;8;4;12;-1;-1;2;3;0;0;8;10;9;7;17;17;-1;-1;54;46;2;3;1.12;4.2;5.3;0;0;1.67;0;0;0;0;2.15;0;0;1.9;1.8;0;0;0;0;0;0;0;1.91;2.4;6;1.63;2.94;6.35;0;0;0;0;0;0;0;0;0;0;0;0;0;0;0;1.3;0;3.75;0;0;0;0;0;0;0;0;0;0;0;0;0;0;0;0;0;0;0;0;0;0;5;1;1;1;2;3;2;2021-03-14 13:00:00;6910;0;0;0;0;0;1;1;1;3;7;1;4;8;1;1;1;2;2;3;1;41;29;73;70;1.92;1.98;3.9;0;0;0;0;0;0;1;1;1;0;0;0;0;0;-1;-1;-1;-1;-1;-1;-1;-1;-1;0;0;0;0;0;0;0;0;0;0;0;0;0;Rīgas FS;Valmiera / BSS;2.29;2.07;0;0;0;0;0;0;0;0;0;0;0;0;0;0;0;5622;28;Y;Y;Y;Y;Y;N;Y
2329435;63;1089;2021;complete;90288;2;-1;;8,90;0;2;2;4;5;9;-1;-1;2;3;0;0;0;4;8;6;8;10;-1;-1;54;46;2;3;2.94;3.6;1.35;1.03;1.3;2.05;3.5;6.5;10;3.4;1.75;1.29;1.1;1.83;1.83;0;0;0;0;0;0;0;4;2.1;2.5;4;0;2.2;0;0;0;0;0;0;0;0;0;0;0;0;0;0;0;2.75;0;1.57;0;0;0;0;0;0;0;0;0;0;1.25;2.1;4.5;13;3.75;1.67;1.18;1.04;0;0;0;0;2;0;1;0;1;1;1;2021-03-19 15:00:00;1089;0;50;0;50;0;1;1;2;4;2;1;6;3;1;1;1;2;2;3;1;64;59;107;95;0.98;1.34;2.32;0;0;0;0;0;0;1;1;0;1;0;1;0;0;-1;-1;-1;-1;-1;-1;-1;-1;-1;50;50;50;50;50;50;50;50;50;7;0;1;2.5;Liepāja;Riga;1.86;1.43;3;0;3;0;0;0;0;0;0;0;0;0;2.3;0;2.3;5622;28;Y;Y;N;N;N;N;N
2329436;6910;1091;2021;complete;90288;2;-1;30,90;32,59;2;2;4;10;1;11;-1;-1;1;2;0;0;6;3;4;0;10;3;-1;-1;72;28;1;2;1.19;3.75;4.17;1.02;1.29;1.85;3.25;5.5;11;3.5;1.95;1.33;1.13;1.83;1.83;0;0;0;0;0;0;0;2.2;2.2;4.75;1.83;0;5;0;0;0;0;0;0;0;0;0;0;0;0;0;0;0;1.36;0;3.4;0;0;0;0;0;0;0;0;0;0;1.22;2;4.33;11;4;1.73;1.2;1.05;0;0;0;0;4;1;1;1;1;2;2;2021-03-19 15:00:00;-1;0;0;0;0;0;1;1;6;0;4;1;6;5;0;0;1;2;0;3;1;120;33;158;73;1.93;0.65;2.58;1;0;1;0;0;0;1;1;0;0;0;0;0;0;-1;-1;-1;-1;-1;-1;-1;-1;-1;0;0;0;0;0;0;0;0;0;0;0;0;0;Valmiera / BSS;BFC Daugavpils;2.36;0.86;0;0;3;3;0;0;0;0;0;0;0;0;0;0;0;5622;28;Y;Y;Y;Y;N;N;Y
2329438;1087;1088;2021;complete;90288;2;-1;62;;1;0;1;7;9;16;-1;-1;1;2;0;0;8;3;10;8;18;11;-1;-1;55;45;1;2;1.15;5.25;4.67;0;1.14;1.44;2.1;3.5;0;5;2.7;1.67;1.29;1.73;2;0;0;0;0;0;0;0;1.73;2.63;6.5;1.57;0;6;0;0;0;0;0;0;0;0;0;0;0;0;0;0;0;1.25;0;3.75;0;0;0;0;0;0;0;0;0;0;1.13;1.62;3;6.5;6;2.2;1.36;1.11;0;0;0;0;1;0;0;1;0;1;0;2021-03-20 13:00:00;1087;0;50;0;50;0;1;1;5;4;2;5;9;7;0;1;1;1;1;2;1;81;68;115;99;2.28;1.4;3.68;0;0;0;0;0;0;1;1;0;0;1;0;0;0;-1;-1;-1;-1;-1;-1;-1;-1;-1;50;50;50;50;50;50;50;50;50;0;0;0;2.5;Spartaks Jūrmala;Metta - LU;1.57;0.5;0;0;0;0;0;0;0;0;0;0;0;0;0;1.01;1.01;5622;28;Y;N;N;N;N;N;N
2329439;1089;1087;2021;complete;90288;3;-1;14,28,73,81,85,89;55;6;1;7;7;7;14;-1;-1;1;2;0;0;10;5;4;6;14;11;-1;-1;60;40;1;2;1.03;5.75;7.75;0;1.14;1.48;2.1;3.5;0;5;2.6;1.67;1.29;1.91;1.8;0;0;0;0;0;0;0;1.62;2.75;8;1.44;0;8;0;0;0;0;0;0;0;0;0;0;0;0;0;0;0;1.22;0;4;0;0;0;0;0;0;0;0;0;0;1.14;1.67;3;6.5;5.5;2.1;1.36;1.11;0;0;0;0;7;2;0;4;1;5;2;2021-04-03 10:00:00;1089;0;50;0;50;0;1;1;3;5;4;2;8;6;0;0;1;2;0;3;1;42;29;72;53;1.88;1.25;3.13;1;0;1;0;0;0;1;1;0;0;0;0;0;0;-1;-1;-1;-1;-1;-1;-1;-1;-1;0;0;50;50;50;0;50;50;50;8;0;1;1.5;Riga;Spartaks Jūrmala;2.14;0.93;0;0;3;1.5;50;50;0;0;0;50;50;50;0;1.69;1.69;5622;28;Y;Y;Y;Y;Y;Y;Y
2329440;1091;1088;2021;complete;90288;3;-1;30,40,64;37,56;3;2;5;3;3;6;-1;-1;3;1;0;0;5;5;5;6;10;11;-1;-1;44;56;3;1;1.22;4.33;4;1.02;1.25;1.8;3;5;12;3.75;2;1.36;1.14;1.91;1.8;0;0;0;0;0;0;0;2;2.3;5.5;1.83;0;4.75;0;0;0;0;0;0;0;0;0;0;0;0;0;0;0;1.33;0;3.4;0;0;0;0;0;0;0;0;0;0;1.2;1.91;4;10;4.33;1.8;1.22;1.06;0;0;0;0;5;2;1;1;1;2;3;2021-04-03 13:00:00;1091;0;75;0;75;0;1;1;3;1;0;2;4;2;0;0;3;1;0;4;1;66;79;95;118;1.46;1.62;3.08;0;0;0;0;0;0;1;1;0;0;3;0;0;0;-1;-1;-1;-1;-1;-1;-1;-1;-1;25;25;75;75;100;25;75;100;75;7.5;0;6;3;BFC Daugavpils;Metta - LU;1.43;0.5;3;0;2;0;75;75;25;25;0;75;75;75;1.62;1.2;2.82;5622;28;Y;Y;Y;Y;Y;N;Y
2329441;1090;63;2021;complete;90288;3;-1;2,45,54,79;;4;0;4;6;6;12;-1;-1;2;6;0;1;11;3;7;5;18;8;-1;-1;54;46;2;7;1.37;3.3;2.7;1.02;1.22;1.85;2.75;5;12;4;1.95;1.4;1.14;1.67;2.1;0;0;0;0;0;0;0;2.4;2.2;4;2.2;0;3.6;0;0;0;0;0;0;0;0;0;0;0;0;0;0;0;1.57;0;2.5;0;0;0;0;0;0;0;0;0;0;1.2;1.91;4;10;4.33;1.8;1.22;1.06;0;0;0;0;4;2;0;2;0;2;2;2021-04-04 12:00:00;1090;0;50;50;50;0;1;1;2;2;4;4;4;8;1;2;1;5;3;6;1;33;16;63;55;2.14;0.83;2.97;0;0;0;0;0;0;1;1;1;0;0;2;0;1;-1;-1;-1;-1;-1;-1;-1;-1;-1;50;50;50;50;50;50;50;50;50;8;0;2;2.5;Rīgas FS;Liepāja;2.29;1.79;0;0;0;1.5;0;0;0;0;0;50;50;50;1.92;0;1.92;5622;28;Y;Y;Y;Y;N;N;N
2329443;63;6910;2021;complete;90288;4;-1;40;32,58;1;2;3;10;6;16;-1;-1;3;5;0;0;2;8;7;7;9;15;-1;-1;60;40;3;5;1.53;3.2;2.25;1.02;1.22;1.73;2.63;4.5;12;4;2.08;1.44;1.17;1.57;2.25;0;0;0;0;0;0;0;2.88;2.2;3.25;2.6;0;3.1;0;0;0;0;0;0;0;0;0;0;0;0;0;0;0;1.8;0;2.2;0;0;0;0;0;0;0;0;0;0;1.2;1.83;3.75;10;4.33;1.83;1.25;1.06;0;0;0;0;3;1;1;0;1;1;2;2021-04-10 12:00:00;6910;0;75;50;75;0;1;1;2;5;8;1;7;9;1;2;2;3;3;5;1;85;62;101;103;1.32;1.95;3.28;0;0;0;0;0;0;1;1;0;0;0;0;0;1;-1;-1;-1;-1;-1;-1;-1;-1;-1;75;75;75;100;100;75;100;100;75;9.5;0;4.5;4.25;Liepāja;Valmiera / BSS;1.86;2.07;1.5;3;1;2;25;25;25;0;0;75;50;50;1.64;1.98;3.62;5622;28;Y;Y;Y;N;N;N;Y
2329444;1088;1089;2021;complete;90288;4;-1;82;84;1;1;2;2;10;12;-1;-1;7;0;0;0;3;11;3;11;6;22;-1;-1;20;80;7;0;16;10;1.01;1.01;1.08;1.29;1.73;2.63;15;7;3.6;2;1.44;3.5;1.29;0;0;0;0;0;0;0;23;3.75;1.25;34;0;1.14;0;0;0;0;0;0;0;0;0;0;0;0;0;0;0;10;0;1.06;0;0;0;0;0;0;0;0;0;0;1.1;1.5;2.5;5;7;2.5;1.5;1.17;0;0;0;0;2;0;0;1;1;2;0;2021-04-10 16:00:00;-1;0;0;0;0;0;1;1;2;2;0;8;4;8;0;0;7;0;0;7;1;43;153;60;178;0.9;3.26;4.16;0;0;0;0;0;0;1;1;0;0;0;0;0;0;-1;-1;-1;-1;-1;-1;-1;-1;-1;0;0;0;50;50;0;50;50;0;5;0;3;1;Metta - LU;Riga;0.93;1.43;0;3;0;3;50;50;50;0;0;50;0;0;0;1.34;1.34;5622;28;Y;Y;N;N;N;N;Y
2329446;1087;1090;2021;complete;90288;4;-1;;49;0;1;1;3;9;12;-1;-1;1;3;0;0;5;3;4;4;9;7;-1;-1;43;57;1;3;5.25;5;1.12;0;1.14;1.48;2.2;3.75;0;5;2.6;1.62;1.25;1.83;1.83;0;0;0;0;0;0;0;7.5;2.63;1.67;6.5;0;1.57;0;0;0;0;0;0;0;0;0;0;0;0;0;0;0;4;0;1.25;0;0;0;0;0;0;0;0;0;0;1.14;1.67;3.25;7;5.5;2.1;1.33;1.1;0;0;0;0;1;0;0;0;1;1;0;2021-04-11 14:00:00;1090;0;0;0;0;0;1;1;0;7;3;2;7;5;0;1;1;2;1;3;1;60;72;109;112;1.36;1.18;2.54;0;0;0;0;0;0;1;1;0;0;0;1;0;0;-1;-1;-1;-1;-1;-1;-1;-1;-1;0;0;0;0;50;0;0;50;0;7;0;1;0.5;Spartaks Jūrmala;Rīgas FS;1.57;2.43;3;0;1;1.5;50;50;50;50;0;50;50;50;2.28;0;2.28;5622;28;Y;N;N;N;N;N;N
2329447;1089;1091;2021;complete;90288;5;-1;3,11,40,89;;4;0;4;6;4;10;-1;-1;2;4;0;0;7;5;6;5;13;10;-1;-1;67;33;2;4;1.07;8;7;0;0;1.44;0;0;0;0;2.7;0;0;2.45;1.52;0;0;0;0;0;0;0;1.4;3;13;1.3;3.75;12;0;0;0;0;0;0;0;0;0;0;0;0;0;0;0;1.13;0;6;0;0;0;0;0;0;0;0;0;0;0;0;0;0;0;0;0;0;0;0;0;0;4;3;0;1;0;1;3;2021-04-17 12:00:00;1089;0;100;50;100;0;1;1;2;3;4;1;5;5;1;2;1;2;3;3;1;81;57;125;86;1.9;1.39;3.3;1;0;1;0;0;0;1;1;1;0;0;1;0;0;-1;-1;-1;-1;-1;-1;-1;-1;-1;50;100;100;100;100;100;100;100;100;8;0;3;5.5;Riga;BFC Daugavpils;2.14;0.86;3;1;2.33;2.33;50;0;0;0;0;100;100;100;1.88;0.65;2.53;5622;28;Y;Y;Y;Y;N;N;N
2329448;1088;1090;2021;complete;90288;5;-1;18,58,90;25,35,53;3;3;6;1;5;6;-1;-1;5;2;0;0;7;8;2;8;9;16;-1;-1;29;71;5;2;10;7;1.01;0;0;1.53;0;0;0;0;2.4;0;0;2.52;1.46;0;0;0;0;0;0;0;10;2.75;1.53;12.5;3.47;1.35;0;0;0;0;0;0;0;0;0;0;0;0;0;0;0;6;0;1.14;0;0;0;0;0;0;0;0;0;0;0;0;0;0;0;0;0;0;0;0;0;0;6;1;2;2;1;3;3;2021-04-18 11:00:00;-1;0;50;0;50;0;1;1;0;0;1;5;0;6;3;2;2;0;5;2;1;34;94;75;143;1.31;2.25;3.56;0;0;0;0;0;0;1;1;0;0;0;0;0;0;-1;-1;-1;-1;-1;-1;-1;-1;-1;0;0;0;50;100;0;0;100;50;11;0;10;1.5;Metta - LU;Rīgas FS;0.93;2.43;1;3;0.25;2;100;100;100;50;0;100;100;100;0.9;1.18;2.08;5622;28;Y;Y;Y;Y;Y;Y;Y
2329450;6910;1087;2021;complete;90288;5;-1;21,34;;2;0;2;5;0;5;-1;-1;3;3;0;0;5;4;6;2;11;6;-1;-1;55;45;3;3;1.17;4.2;4.15;1.01;1.17;1.48;2.38;4.33;15;4.5;2.6;1.53;1.2;1.62;2.2;0;0;0;0;0;0;0;2;2.4;5;1.91;0;4.33;0;0;0;0;0;0;0;0;0;0;0;0;0;0;0;1.4;0;2.88;0;0;0;0;0;0;0;0;0;0;1.17;1.8;3.5;8;5;1.91;1.29;1.08;0;0;0;0;2;2;0;0;0;0;2;2021-04-19 15:00:00;6910;0;100;50;100;0;1;1;3;0;2;0;3;2;1;1;2;2;2;4;1;86;65;124;98;1.67;1.14;2.81;0;0;0;0;0;0;1;1;0;0;0;0;1;0;-1;-1;-1;-1;-1;-1;-1;-1;-1;25;75;100;100;100;75;100;100;100;17.5;0;2.5;4.5;Valmiera / BSS;Spartaks Jūrmala;2.36;0.93;1;0;2.33;0.75;75;25;0;0;0;100;100;100;1.93;1.47;3.4;5622;28;Y;Y;N;N;N;N;N
2329451;698135;1089;2021;complete;90288;1;-1;;5,18,24,49,61,75,81;0;7;7;-1;-1;-1;-1;-1;-1;-1;-1;-1;-1;-1;-1;-1;-1;-1;-1;-1;-1;-1;-1;-1;11;17;1.01;0;1.02;1.08;1.22;1.5;0;12;8.4;3.98;2.5;2.73;1.43;0;0;0;0;0;0;0;29;5.95;1.13;31;8;1.08;0;0;0;0;0;0;0;0;0;0;0;0;0;0;0;4.32;150;1.15;0;0;0;0;0;0;0;0;0;0;0;0;0;0;0;0;0;0;0;0;0;0;7;0;3;0;4;4;3;2021-05-20 14:00:00;1089;0;34;17;17;0;-1;-1;-1;-1;-1;-1;-1;-1;-1;-1;-1;-1;-1;-1;-1;0;0;0;0;0;0;0;0;0;0;0;0;0;1;1;0;1;-1;-1;-1;-1;-1;-1;-1;-1;-1;-1;-1;-1;-1;50;50;67;100;100;67;84;100;67;6.33;0;2.67;3.67;Noah Jūrmala;Riga;0;1.43;0;1.33;0.75;2;50;50;34;0;0;50;34;34;0;1.85;1.85;5622;28;Y;Y;Y;Y;Y;Y;N
2329452;698135;1087;2021;complete;90288;6;-1;;23,43,53,83,86;0;5;5;-1;-1;-1;-1;-1;1;2;0;0;-1;-1;-1;-1;-1;-1;-1;-1;-1;-1;1;2;0;0;0;0;0;0;0;0;0;0;0;0;0;0;0;0;0;0;0;0;0;0;0;0;0;0;0;0;0;0;0;0;0;0;0;0;0;0;0;0;0;0;0;0;0;0;0;0;0;0;0;0;0;0;0;0;0;0;0;0;0;0;0;0;0;0;0;0;5;0;2;0;3;3;2;2021-04-24 14:00:00;1087;0;34;0;34;0;-1;1;-1;-1;-1;-1;-1;-1;1;0;0;2;1;2;-1;0;0;0;0;0;0;0;0;0;0;0;0;0;1;1;0;0;-1;-1;0;0;-1;-1;-1;-1;-1;-1;-1;-1;-1;17;17;34;50;50;34;50;34;34;5;0;2;2;Noah Jūrmala;Spartaks Jūrmala;0;0.93;0;0;0;0.6;34;34;17;0;0;34;34;34;0;1.36;1.36;5622;28;Y;Y;Y;Y;Y;N;N
2329453;1088;6910;2021;complete;90288;6;-1;86;12;1;1;2;-1;-1;-1;-1;-1;3;2;0;0;-1;-1;-1;-1;-1;-1;-1;-1;-1;-1;3;2;0;0;0;0;0;0;0;0;0;0;0;0;0;0;0;0;0;0;0;0;0;0;0;0;0;0;0;0;0;0;0;0;0;0;0;0;0;0;0;0;0;0;0;0;0;0;0;0;0;0;0;0;0;0;0;0;0;0;0;0;0;0;0;0;0;0;0;0;2;0;1;1;0;1;1;2021-04-24 16:00:00;-1;0;100;75;75;0;-1;1;-1;-1;-1;-1;-1;-1;1;1;2;1;2;3;-1;0;0;0;0;0;0;0;1;0;1;0;0;0;1;1;0;0;-1;-1;0;0;-1;-1;-1;-1;-1;-1;-1;-1;-1;50;50;75;100;100;75;75;100;75;6.5;0;10;4;Metta - LU;Valmiera / BSS;0.93;2.07;1;3;0.4;2.5;50;50;25;0;0;75;75;75;1.1;1.97;3.07;5622;28;Y;Y;N;N;N;N;Y
2329454;1089;1090;2021;complete;90288;6;-1;;19,71,83;0;3;3;-1;-1;-1;-1;-1;3;4;0;0;-1;-1;-1;-1;-1;-1;-1;-1;-1;-1;3;4;0;0;0;0;0;0;0;0;0;0;0;0;0;0;0;0;0;0;0;0;0;0;0;0;0;0;0;0;0;0;0;0;0;0;0;0;0;0;0;0;0;0;0;0;0;0;0;0;0;0;0;0;0;0;0;0;0;0;0;0;0;0;0;0;0;0;0;0;3;0;1;0;2;2;1;2021-04-25 14:15:00;1090;0;50;25;50;0;-1;1;-1;-1;-1;-1;-1;-1;1;1;2;3;2;5;-1;0;0;0;0;0;0;0;0;0;0;0;0;0;1;1;0;0;-1;-1;0;0;-1;-1;-1;-1;-1;-1;-1;-1;-1;50;75;75;75;100;75;75;100;50;13.5;0;4;4.5;Riga;Rīgas FS;2.14;2.43;3;2;2.5;1.75;50;25;25;25;0;75;75;50;1.89;1.72;3.61;5622;28;Y;Y;Y;N;N;N;N
2329455;1089;63;2021;complete;90288;9;-1;16,30,42,90;36;4;1;5;5;4;9;-1;-1;1;3;0;0;7;7;7;8;14;15;-1;-1;47;53;1;3;1.24;3.4;3.68;1.03;1.29;1.95;3.25;6;10;3.5;1.85;1.33;1.11;1.8;1.91;0;0;0;0;0;0;0;2.5;2.1;4.33;1.95;0;4.75;0;0;0;0;0;0;0;0;0;0;0;0;0;0;0;1.44;0;3.1;0;0;0;0;0;0;0;0;0;0;1.22;2;4.33;11;4;1.73;1.2;1.05;0;0;0;0;5;3;1;1;0;1;4;2021-05-09 12:00:00;1089;0;17;0;17;0;1;1;2;2;3;2;4;5;0;1;1;2;1;3;1;33;30;60;57;1.61;1.65;3.25;0;0;0;0;0;0;1;1;0;0;0;0;0;0;-1;-1;-1;-1;-1;-1;-1;-1;-1;17;50;84;84;100;50;84;100;67;12.5;0;5.33;3.67;Riga;Liepāja;2.14;1.79;2;2;1.67;1.5;84;50;17;17;0;84;84;59;1.89;1.48;3.37;5622;28;Y;Y;Y;Y;Y;N;Y
2329456;6910;698135;2021;complete;90288;10;-1;68,70;;2;0;2;8;1;9;-1;-1;1;0;0;0;9;2;5;4;14;6;-1;-1;68;32;1;0;1.03;11;13;0;1.03;1.14;1.33;1.73;0;10.5;5.5;3.25;2;1.83;1.83;0;0;0;0;0;0;0;1.25;4.33;12;1.11;0;23;0;0;0;0;0;0;0;0;0;0;0;0;0;0;0;1.07;0;9;0;0;0;0;0;0;0;0;0;0;1.05;1.25;1.83;3.25;11;3.75;1.83;1.33;0;0;0;0;2;0;0;2;0;2;0;2021-05-09 14:00:00;6910;0;75;25;63;0;1;1;4;1;4;0;5;4;1;0;0;0;1;0;1;53;22;97;65;1.9;0.69;2.58;0;0;0;0;0;0;1;1;0;0;0;0;0;0;-1;-1;-1;-1;-1;-1;-1;-1;-1;50;63;75;88;100;88;100;75;63;9.75;0;3.25;4.25;Valmiera / BSS;Noah Jūrmala;2.36;0.21;1.75;0;2;0;50;38;25;13;0;38;38;38;1.89;0.58;2.47;5622;28;Y;Y;N;N;N;N;N
2329457;1088;1087;2021;complete;90288;9;-1;9,54;;2;0;2;3;7;10;-1;-1;3;2;0;0;4;4;3;19;7;23;-1;-1;32;68;3;2;3.03;3.6;1.33;1.02;1.29;1.85;3.25;5.5;11;3.5;1.95;1.33;1.13;1.8;1.91;0;0;0;0;0;0;0;4;2.2;2.5;4;0;2.1;0;0;0;0;0;0;0;0;0;0;0;0;0;0;0;2.75;0;1.5;0;0;0;0;0;0;0;0;0;0;1.22;2;4.33;11;4;1.73;1.2;1.05;0;0;0;0;2;1;0;1;0;1;1;2021-05-09 16:30:00;1088;0;58;13;45;0;1;1;1;4;2;3;5;5;2;0;1;2;2;3;1;22;53;67;97;0.89;2.11;2.99;0;1;0;0;0;1;1;1;1;0;0;0;0;0;-1;-1;-1;-1;-1;-1;-1;-1;-1;33;33;65;100;100;43;88;90;78;7.58;0;6.35;3.63;Metta - LU;Spartaks Jūrmala;0.93;0.93;0.75;0.6;0.43;0.86;68;68;35;0;0;71;71;59;0.9;1.36;2.26;5622;28;Y;Y;N;N;N;N;N
2329459;1089;1088;2021;complete;90288;11;-1;33,44,85;;3;0;3;7;1;8;-1;-1;5;4;0;1;4;0;0;0;4;0;-1;-1;70;30;5;6;1.03;7.5;9;0;1.1;1.33;1.83;3;0;6.5;3.4;1.83;1.36;2.2;1.62;0;0;0;0;0;0;0;1.44;3.1;11;1.36;0;9;0;0;0;0;0;0;0;0;0;0;0;0;0;0;0;1.14;0;5.5;0;0;0;0;0;0;0;0;0;0;1.11;1.57;2.63;5.5;6.5;2.25;1.44;1.14;0;0;0;0;3;2;0;1;0;1;2;2021-05-28 15:00:00;1089;0;55;23;35;0;1;1;2;1;5;0;3;5;4;2;1;3;6;4;1;91;43;0;0;1.17;0.3;1.47;1;0;1;0;0;0;1;1;0;0;0;0;0;1;-1;-1;-1;-1;-1;-1;-1;-1;-1;45;55;88;88;100;55;88;100;68;9.75;0;3.55;3.95;Riga;Metta - LU;2.14;0.5;2.4;0.75;2;0.9;55;45;13;13;0;63;46;29;1.8;1.3;3.1;5622;28;Y;Y;Y;N;N;N;N
2329460;698135;63;2021;complete;90288;12;-1;;17,22,36,70,85;0;5;5;-1;-1;-1;-1;-1;0;1;0;0;-1;-1;-1;-1;-1;-1;-1;-1;-1;-1;0;1;14;13;1.02;0;1.11;1.1;2;3.25;0;6;7;1.73;1.33;1.83;1.83;0;0;0;0;0;0;0;8;2.88;1.57;8.5;0;1.44;0;0;0;0;0;0;0;0;0;0;0;0;0;0;0;4;0;1.22;0;0;0;0;0;0;0;0;0;0;1.13;1.62;2.75;6;6;2.2;1.4;1.13;0;0;0;0;5;0;3;0;2;2;3;2021-05-29 13:00:00;63;0;10;10;0;0;-1;1;-1;-1;-1;-1;-1;-1;0;0;0;1;0;1;-1;0;0;0;0;0;0;0;0;0;0;0;0;0;1;1;0;0;-1;-1;0;0;-1;-1;-1;-1;-1;-1;-1;-1;-1;44;54;80;80;100;54;90;90;70;8;0;4.8;3.9;Noah Jūrmala;Liepāja;0;1.79;0;1.2;0.5;1;57;47;20;20;0;40;30;30;1.45;1.58;3.03;5622;28;Y;Y;Y;Y;Y;N;N
2329462;1090;1091;2021;complete;90288;14;-1;45,61;52;2;1;3;11;1;12;-1;-1;2;1;0;0;9;3;16;5;25;8;-1;-1;68;32;2;1;1.04;6;7.5;1.01;1.14;1.44;2.1;3.5;15;5;2.7;1.67;1.29;2;1.73;0;0;0;0;0;0;0;1.62;2.75;8;1.5;0;7.5;0;0;0;0;0;0;0;0;0;0;0;0;0;0;0;1.2;0;4.5;0;0;0;0;0;0;0;0;0;0;1.14;1.67;3.25;7;5.5;2.1;1.33;1.1;0;0;0;0;3;1;0;1;1;2;1;2021-05-29 17:00:00;1090;0;42;29;42;0;1;1;7;1;4;0;8;4;1;0;1;1;1;2;1;47;26;99;74;2.54;0.91;3.45;0;0;0;0;0;0;1;1;0;0;2;0;0;0;-1;-1;-1;-1;-1;-1;-1;-1;-1;25;71;71;71;100;71;71;100;54;10.67;0;4.08;3.5;Rīgas FS;BFC Daugavpils;2.29;0.86;2.25;1.33;2.44;1.56;75;29;29;29;0;88;71;54;2.09;1.12;3.21;5622;28;Y;Y;Y;N;N;N;Y
2329463;1091;6910;2021;complete;90288;9;-1;77;79,82;1;2;3;6;8;14;-1;-1;1;3;0;0;2;5;0;3;2;8;-1;-1;34;66;1;3;5;4;1.14;0;0;1.93;0;0;0;0;1.88;0;0;2.2;1.62;0;0;0;0;0;0;0;6;2.1;2.1;4.75;0;2;0;0;0;0;0;0;0;0;0;0;0;0;0;0;0;3.2;0;1.44;0;0;0;0;0;0;0;0;0;0;1.29;2.25;5.5;15;3.5;1.57;1.14;1.03;0;0;0;0;3;0;0;1;2;3;0;2021-06-13 11:00:00;6910;0;71;34;38;0;1;1;5;3;1;5;8;6;1;2;0;1;3;1;1;49;86;90;116;0.63;1.48;2.12;0;0;0;0;0;0;1;1;0;0;0;0;0;0;-1;-1;-1;-1;-1;-1;-1;-1;-1;21;21;59;79;100;34;92;88;46;7.66;0;6;2.79;BFC Daugavpils;Valmiera / BSS;1.43;2.07;1.67;1.75;1.4;2;79;79;42;21;0;67;67;42;1.41;1.91;3.32;5622;28;Y;Y;Y;N;N;N;Y
2329464;1090;1088;2021;complete;90288;12;-1;30,36,56;;3;0;3;9;3;12;-1;-1;3;1;0;0;8;2;8;3;16;5;-1;-1;65;35;3;1;1.01;7;11;0;0;0;0;0;0;0;0;0;0;3;1.36;0;0;0;0;0;0;0;1.36;3.1;17;1.29;0;15;0;0;0;0;0;0;0;0;0;0;0;0;0;0;0;1.1;0;7.5;0;0;0;0;0;0;0;0;0;0;1.13;1.62;3;6.5;6;2.2;1.36;1.11;0;0;0;0;3;2;0;1;0;1;2;2021-06-13 16:00:00;1090;0;50;20;50;0;1;1;4;2;5;1;6;6;2;0;1;1;2;2;1;36;19;73;54;1.83;0.6;2.43;0;1;0;0;0;1;1;1;0;0;1;1;0;0;-1;-1;-1;-1;-1;-1;-1;-1;-1;40;50;80;80;100;60;80;100;70;11;0;4.4;3.6;Rīgas FS;Metta - LU;2.29;0.5;2.4;0.6;2.5;0.82;60;50;20;20;0;50;50;50;2.18;1.1;3.28;5622;28;Y;Y;Y;N;N;N;N
2329465;1087;63;2021;complete;90288;14;-1;57;19,59;1;2;3;1;8;9;-1;-1;3;4;0;0;6;7;2;8;8;15;-1;-1;49;51;3;4;2.5;4.2;1.5;0;0;0;0;0;0;0;0;0;0;1.73;2;0;0;0;0;0;0;0;3.6;2.25;2.6;3.4;0;2.25;0;0;0;0;0;0;0;0;0;0;0;0;0;0;0;2.4;0;1.62;0;0;0;0;0;0;0;0;0;0;1.2;2;4;11;4.33;1.73;1.22;1.05;0;0;0;0;3;0;1;1;1;2;1;2021-06-13 13:30:00;63;0;9;9;0;0;1;1;1;4;0;4;5;4;0;1;3;3;1;6;1;50;76;102;121;1.3;1.99;3.28;0;0;0;0;0;0;1;1;0;0;0;0;0;0;-1;-1;-1;-1;-1;-1;-1;-1;-1;17;25;34;34;100;25;58;75;25;12.67;0;3.5;2.09;Spartaks Jūrmala;Liepāja;1.57;1.79;2;1.5;0.82;1.2;84;75;67;67;0;90;80;64;2.03;1.58;3.61;5622;28;Y;Y;Y;N;N;N;Y
2329466;1089;698135;2021;complete;90288;8;-1;90;;1;0;1;-1;-1;-1;-1;-1;1;0;0;0;-1;-1;-1;-1;-1;-1;-1;-1;-1;-1;1;0;1.01;20;15;0;0;0;0;0;0;0;0;0;0;2.4;1.5;0;0;0;0;0;0;30;1.17;5.5;17;1.06;8.9;32;0;0;0;0;0;0;0;0;0;0;0;0;0;0;0;0;0;0;0;0;0;0;0;0;0;0;0;0;0;0;0;0;0;0;0;0;0;0;0;0;1;0;0;1;0;1;0;2021-06-13 13:00:00;1089;0;59;9;42;0;-1;1;-1;-1;-1;-1;-1;-1;0;0;1;0;0;1;-1;0;0;0;0;0;0;0;0;0;0;0;0;0;1;1;0;0;-1;-1;0;0;-1;-1;-1;-1;-1;-1;-1;-1;-1;33;42;84;100;100;50;84;100;75;7.25;0;4.66;3.92;Riga;Noah Jūrmala;2.14;0.21;2.5;1;2.09;0.43;67;59;17;0;0;54;25;13;1.64;0.79;2.43;5622;28;Y;N;N;N;N;N;N
2329467;1091;1087;2021;complete;90288;8;-1;22,79,90;;3;0;3;4;6;10;-1;-1;2;0;0;0;4;0;0;0;4;0;-1;-1;40;60;2;0;2.2;3.25;1.6;1.04;1.33;2.08;3.5;7;9.5;3.25;1.73;1.29;1.08;1.83;1.83;0;0;0;0;0;0;0;3.6;2.1;2.88;3.25;0;2.5;0;0;0;0;0;0;0;0;0;0;0;0;0;0;0;2.3;0;1.73;0;0;0;0;0;0;0;0;0;0;1.25;2.2;5;13;3.75;1.62;1.17;1.04;0;0;0;0;3;1;0;2;0;2;1;2021-05-05 14:00:00;1091;0;59;17;59;0;1;1;2;3;2;3;5;5;0;0;2;0;0;2;-1;0;0;0;0;0;0;0;0;0;0;0;0;0;1;1;0;0;1;1;0;0;-1;-1;-1;-1;-1;-1;-1;-1;-1;42;42;71;84;100;54;84;88;71;8;0;5;3.63;BFC Daugavpils;Spartaks Jūrmala;1.43;0.93;2;0.75;1.4;1;59;59;29;17;0;50;50;50;1.42;1.36;2.78;5622;28;Y;Y;Y;N;N;N;N
2329468;63;1088;2021;complete;90288;15;-1;32,58;;2;0;2;6;4;10;-1;-1;2;4;0;0;4;4;8;3;12;7;-1;-1;63;37;2;4;1.03;6;10;0;0;0;0;0;0;0;0;0;0;2.1;1.67;0;0;0;0;0;0;0;1.62;2.75;8.5;1.44;0;8.5;0;0;0;0;0;0;0;0;0;0;0;0;0;0;0;1.17;0;5;0;0;0;0;0;0;0;0;0;0;1.14;1.73;3.4;8;5.5;2;1.3;1.08;0;0;0;0;2;1;0;1;0;1;1;2021-06-26 14:00:00;63;0;45;17;25;0;1;1;2;2;4;2;4;6;1;1;1;3;2;4;1;71;41;88;71;1.55;1.02;2.57;1;0;1;0;0;0;1;1;0;0;0;0;0;0;-1;-1;-1;-1;-1;-1;-1;-1;-1;25;25;66;83;90;49;83;90;42;8.89;0;4.29;2.87;Liepāja;Metta - LU;1.86;0.5;0.8;0.43;1.33;0.69;76;76;35;17;10;52;42;42;1.39;1;2.39;5622;28;Y;Y;N;N;N;N;N
2329469;1090;6910;2021;complete;90288;15;-1;33;38,80;1;2;3;12;2;14;-1;-1;2;4;0;1;7;4;11;4;18;8;-1;-1;59;41;2;5;1.13;4.5;5;0;0;0;0;0;0;0;0;0;0;1.83;1.83;0;0;0;0;0;0;0;1.91;2.5;6;1.67;0;5.5;0;0;0;0;0;0;0;0;0;0;0;0;0;0;0;1.29;0;3.6;0;0;0;0;0;0;0;0;0;0;1.17;1.8;3.5;8;5;1.91;1.29;1.08;0;0;0;0;3;1;1;0;1;1;2;2021-06-25 17:00:00;6910;0;59;29;36;0;1;1;9;1;3;1;10;4;1;1;1;4;2;5;1;44;30;83;75;1.94;1.01;2.95;0;0;0;0;0;0;1;1;0;0;0;0;0;0;-1;-1;-1;-1;-1;-1;-1;-1;-1;28;40;69;78;100;54;86;84;54;11.46;0;5.75;3.19;Rīgas FS;Valmiera / BSS;2.29;2.07;2.63;1.67;2.62;2;73;61;32;23;0;76;76;66;1.98;1.6;3.58;5622;28;Y;Y;Y;N;N;N;Y
2329470;63;1089;2021;complete;90288;16;-1;14;;1;0;1;4;0;4;-1;-1;2;4;0;1;2;2;4;6;6;8;-1;-1;53;47;2;6;2.4;3.5;1.53;0;0;2;0;0;0;0;1.8;0;0;1.8;1.91;0;0;0;0;0;0;0;3.6;2.1;2.75;3.25;0;2.4;0;0;1.33;1.67;2.14;2.9;3.94;2.9;2.05;1.61;1.33;1.2;0;0;0;2.4;0;1.67;0;0;0;0;0;0;0;0;0;0;1.25;2.1;4.5;13;3.75;1.67;1.18;1.04;0;0;0;0;1;1;0;0;0;0;1;2021-07-01 15:00:00;63;0;59;25;17;0;1;1;2;0;2;0;2;2;1;0;1;5;1;6;1;55;56;113;92;0.93;1.06;1.99;0;0;0;0;0;0;1;1;0;0;0;0;0;0;-1;-1;-1;-1;-1;-1;-1;-1;-1;17;25;50;92;92;42;83;92;42;11.47;0;4;2.92;Liepāja;Riga;1.86;1.43;1.17;1.33;1.46;2.13;83;75;50;9;9;64;45;37;1.42;1.67;3.09;5622;28;Y;N;N;N;N;N;N
2329471;1089;1087;2021;complete;90288;10;-1;72,89;25;2;1;3;-1;-1;-1;-1;-1;2;6;0;1;-1;-1;-1;-1;-1;-1;-1;-1;-1;-1;2;7;0;0;0;0;0;0;0;0;0;0;0;0;0;0;0;0;0;0;0;0;0;0;0;0;0;0;0;0;0;0;0;0;0;0;0;0;0;0;0;0;0;0;0;0;0;0;0;0;0;0;0;0;0;0;0;0;0;0;0;0;0;0;0;0;0;0;0;0;3;0;1;2;0;2;1;2021-05-13 14:00:00;1089;0;42;13;29;0;-1;1;-1;-1;-1;-1;-1;-1;0;2;2;5;2;7;-1;0;0;0;0;0;0;0;0;0;0;0;0;0;1;1;0;0;-1;-1;0;0;-1;-1;-1;-1;-1;-1;-1;-1;-1;42;54;84;100;100;63;100;92;59;11.6;0;3.42;4.21;Riga;Spartaks Jūrmala;2.14;0.93;2.25;0.5;1.86;0.75;59;46;17;0;0;90;74;37;1.8;1.55;3.35;5622;28;Y;Y;Y;N;N;N;Y
2329472;1090;698135;2021;complete;90288;2;-1;10,38,52,61;67,82;4;2;6;5;1;6;-1;-1;2;1;0;0;6;3;7;1;13;4;-1;-1;71;29;2;1;1.01;17;34;0;1.01;1.03;1.14;1.36;0;15;15;5;3;4;1.22;0;0;0;0;0;0;0;1.07;9;41;1.05;0;34;0;0;0;0;0;0;0;0;0;0;0;0;0;0;0;1.02;0;21;0;0;0;0;0;0;0;0;0;0;1.03;1.14;1.5;2.2;17;5.5;2.5;1.62;0;0;0;0;6;2;0;2;2;4;2;2021-04-29 15:00:00;1090;0;25;25;25;0;1;1;2;1;3;0;3;3;1;0;1;1;1;2;1;42;15;89;45;1.55;0.58;2.12;0;0;0;0;0;0;1;1;1;0;0;0;0;0;-1;-1;-1;-1;-1;-1;-1;-1;-1;25;50;50;50;50;50;50;50;50;7;0;2;2.25;Rīgas FS;Noah Jūrmala;2.29;0.21;1.5;0;2;0;25;0;0;0;0;50;50;50;2.03;0;2.03;5622;28;Y;Y;Y;Y;Y;Y;Y
2329473;6910;1089;2021;complete;90288;7;-1;32,76;14;2;1;3;10;4;14;-1;-1;3;2;0;0;10;3;12;6;22;9;-1;-1;55;45;3;2;2.95;3.5;1.32;1.04;1.33;2.05;3.5;6.5;9.5;3.25;1.75;1.29;1.1;1.91;1.8;0;0;0;0;0;0;0;4.33;2.1;2.5;4;0;2.2;0;0;0;0;0;0;0;0;0;0;0;0;0;0;0;2.75;0;1.57;0;0;0;0;0;0;0;0;0;0;1.25;2.2;5;13;3.75;1.62;1.17;1.04;0;0;0;0;3;1;1;1;0;1;2;2021-04-30 15:00:00;6910;0;50;25;50;0;1;1;4;3;6;1;7;7;3;1;0;1;4;1;1;36;21;77;69;2.34;0.94;3.27;1;0;0;0;1;0;1;1;0;0;0;0;0;0;-1;-1;-1;-1;-1;-1;-1;-1;-1;0;25;25;100;100;50;75;75;50;15;0;3.5;2.5;Valmiera / BSS;Riga;2.36;1.43;2;2;2.2;2;100;75;75;0;0;75;50;50;1.8;2.3;4.1;5622;28;Y;Y;Y;N;N;N;Y
2329475;1091;63;2021;complete;90288;6;-1;;88;0;1;1;3;3;6;-1;-1;1;2;0;0;4;4;5;5;9;9;-1;-1;35;65;1;2;4.2;3.5;1.19;1.04;1.3;2;3.4;6.5;9.5;3.4;1.8;1.3;1.1;1.91;1.8;0;0;0;0;0;0;0;5;2.2;2.25;4.75;0;1.91;0;0;0;0;0;0;0;0;0;0;0;0;0;0;0;3;0;1.5;0;0;0;0;0;0;0;0;0;0;1.25;2.1;4.5;13;3.75;1.67;1.18;1.04;0;0;0;0;1;0;0;0;1;1;0;2021-05-01 11:00:00;63;0;50;25;50;0;1;1;0;1;3;2;1;5;1;2;0;0;3;0;1;46;82;78;136;1.18;1.45;2.64;0;0;0;0;0;0;1;1;0;0;0;0;0;0;-1;-1;-1;-1;-1;-1;-1;-1;-1;25;75;100;100;100;75;100;100;100;9;0;11;4;BFC Daugavpils;Liepāja;1.43;1.79;3;0;1.75;0.75;75;25;0;0;0;75;75;75;1.54;0.83;2.37;5622;28;Y;N;N;N;N;N;N
2329476;6910;1090;2021;complete;90288;8;-1;;14;0;1;1;10;4;14;-1;-1;2;5;0;0;6;2;9;8;15;10;-1;-1;49;51;2;5;2.06;3.4;1.68;1.01;1.2;1.7;2.63;4.5;13;4.33;2.1;1.44;1.17;1.57;2.25;0;0;0;0;0;0;0;3.25;2.25;2.75;3;0;2.5;0;0;0;0;0;0;0;0;0;0;0;0;0;0;0;2.1;0;1.73;0;0;0;0;0;0;0;0;0;0;1.18;1.83;3.75;9;4.5;1.83;1.25;1.07;0;0;0;0;1;0;1;0;0;0;1;2021-05-04 15:00:00;1090;0;50;50;33;0;1;1;5;3;5;1;8;6;1;1;1;4;2;5;1;36;26;70;76;1.62;0.96;2.59;0;0;0;0;0;0;1;1;0;0;1;0;0;0;-1;-1;-1;-1;-1;-1;-1;-1;-1;17;33;67;84;100;67;84;84;50;15.33;0;5.33;3.17;Valmiera / BSS;Rīgas FS;2.36;2.43;2.33;2.33;2.33;2.17;84;67;33;17;0;59;59;59;1.98;1.72;3.7;5622;28;Y;N;N;N;N;N;N
2329478;1087;1091;2021;complete;90288;15;-1;58,88;;2;0;2;4;0;4;-1;-1;3;3;0;0;4;2;8;5;12;7;-1;-1;55;45;3;3;1.53;3.5;2.4;0;0;0;0;0;0;0;0;0;0;1.67;2.1;0;0;0;0;0;0;0;2.6;2.25;3.6;2.2;0;3.4;0;0;0;0;0;0;0;0;0;0;0;0;0;0;0;1.62;0;2.38;0;0;0;0;0;0;0;0;0;0;1.18;1.83;3.75;9;4.5;1.83;1.25;1.07;0;0;0;0;2;0;0;2;0;2;0;2021-06-25 13:00:00;1087;0;40;20;40;0;1;1;1;0;3;0;1;3;1;0;2;3;1;5;1;59;56;137;114;1.48;1;2.48;0;0;0;0;0;0;1;1;0;0;0;0;0;0;-1;-1;-1;-1;-1;-1;-1;-1;-1;10;30;50;50;90;30;60;80;40;6.9;0;3.4;2.5;Spartaks Jūrmala;BFC Daugavpils;1.57;0.86;1.8;1;0.92;1.25;90;70;50;50;10;90;68;45;1.85;1.01;2.86;5622;28;Y;Y;N;N;N;N;N
2329479;1088;63;2021;complete;90288;8;-1;;7,72,82;0;3;3;4;9;13;-1;-1;4;1;0;0;2;8;1;14;3;22;-1;-1;30;70;4;1;5.45;4.5;1.12;1.01;1.2;1.65;2.63;4.5;13;4.33;2.2;1.44;1.17;2;1.73;0;0;0;0;0;0;0;6.5;2.5;1.8;6.5;0;1.57;0;0;0;0;0;0;0;0;0;0;0;0;0;0;0;3.75;0;1.25;0;0;0;0;0;0;0;0;0;0;1.18;1.83;3.75;9;4.5;1.83;1.25;1.07;0;0;0;0;3;0;1;0;2;2;1;2021-05-05 15:00:00;63;0;50;17;34;0;1;1;2;5;2;4;7;6;2;0;2;1;2;3;1;20;30;46;80;0.48;2.16;2.64;0;0;0;0;0;0;1;1;0;1;0;1;0;0;-1;-1;-1;-1;-1;-1;-1;-1;-1;17;42;42;75;100;42;59;100;59;6;0;9.5;2.92;Metta - LU;Liepāja;0.93;1.79;1;1.5;0.5;1.2;84;59;59;25;0;50;50;50;1.1;1.14;2.24;5622;28;Y;Y;Y;N;N;N;N
2329480;1091;698135;2021;complete;90288;11;-1;68;11,73;1;2;3;5;1;6;-1;-1;2;6;0;0;3;5;9;2;12;7;-1;-1;58;42;2;6;1.06;4.75;8;1.01;1.17;1.48;2.38;4;15;4.5;2.6;1.53;1.22;1.8;1.91;0;0;0;0;0;0;0;1.83;2.5;6;1.67;0;5.5;0;0;0;0;0;0;0;0;0;0;0;0;0;0;0;1.3;0;3.6;0;0;0;0;0;0;0;0;0;0;1.17;1.8;3.4;8;5;1.91;1.3;1.08;0;0;0;0;3;0;1;1;1;2;1;2021-05-14 14:00:00;698135;0;50;13;50;0;1;1;0;0;5;1;0;6;1;1;1;5;2;6;1;109;40;135;97;1.76;1.09;2.85;0;1;0;1;0;0;1;1;0;0;0;0;0;0;-1;-1;-1;-1;-1;-1;-1;-1;-1;38;38;63;88;100;38;63;100;88;4.25;0;3.25;3.5;BFC Daugavpils;Noah Jūrmala;1.43;0.21;2.25;0;1.67;0;63;63;38;13;0;50;25;13;1.42;0.63;2.05;5622;28;Y;Y;Y;N;N;N;Y
2329482;63;1090;2021;complete;90288;10;-1;21;55,82;1;2;3;1;11;12;-1;-1;3;2;0;0;3;8;1;9;4;17;-1;-1;41;59;3;2;2.85;3.6;1.4;1.02;1.25;1.8;3.25;5.5;11;3.75;2;1.33;1.13;1.83;1.83;0;0;0;0;0;0;0;4.5;2.2;2.3;4.33;0;2;0;0;0;0;0;0;0;0;0;0;0;0;0;0;0;2.88;0;1.5;0;0;0;0;0;0;0;0;0;0;1.22;2;4.33;11;4;1.73;1.2;1.05;0;0;0;0;3;1;0;0;2;2;1;2021-05-14 15:00:00;1090;0;46;29;29;0;1;1;0;5;1;6;5;7;1;0;2;2;1;4;1;41;96;90;123;0.77;2.32;3.09;0;0;0;0;0;0;1;1;0;0;0;0;0;0;-1;-1;-1;-1;-1;-1;-1;-1;-1;29;29;59;75;100;46;88;88;42;13;0;5.5;3.04;Liepāja;Rīgas FS;1.86;2.43;1;2.5;1.29;2.29;71;71;42;25;0;67;50;50;1.53;1.47;3;5622;28;Y;Y;Y;N;N;N;Y
2329483;1090;1087;2021;complete;90288;11;-1;63;;1;0;1;9;10;19;-1;-1;1;2;0;0;12;4;14;12;26;16;-1;-1;58;42;1;2;1.04;6.5;8.7;1.01;1.14;1.44;2.2;3.75;15;5;2.7;1.62;1.25;2.2;1.62;0;0;0;0;0;0;0;1.57;2.75;9;1.4;0;10;0;0;0;0;0;0;0;0;0;0;0;0;0;0;0;1.17;0;5.5;0;0;0;0;0;0;0;0;0;0;1.14;1.73;3.25;7;5.5;2;1.33;1.1;0;0;0;0;1;0;0;1;0;1;0;2021-05-18 15:00:00;1090;0;55;17;48;0;1;1;7;3;2;7;10;9;0;1;1;1;1;2;1;38;26;74;71;2.74;1.48;4.22;1;0;0;0;1;0;1;1;0;0;4;0;0;0;-1;-1;-1;-1;-1;-1;-1;-1;-1;48;65;86;100;100;72;100;93;86;11.93;0;4.43;4.29;Rīgas FS;Spartaks Jūrmala;2.29;0.93;2;0.43;2.38;0.67;52;36;15;0;0;74;74;54;1.87;1.55;3.42;5622;28;Y;N;N;N;N;N;N
2329484;1088;1091;2021;complete;90288;10;-1;;90;0;1;1;3;6;9;-1;-1;4;1;0;0;6;6;3;4;9;10;-1;-1;33;67;4;1;2.68;3.8;1.42;1.02;1.29;1.8;3.25;5.5;12;3.5;2;1.33;1.13;1.83;1.83;0;0;0;0;0;0;0;4;2.2;2.5;3.75;0;2.2;0;0;0;0;0;0;0;0;0;0;0;0;0;0;0;2.5;0;1.57;0;0;0;0;0;0;0;0;0;0;1.22;2;4.33;11;4;1.73;1.2;1.05;0;0;0;0;1;0;0;0;1;1;0;2021-05-19 15:30:00;1091;0;55;35;45;0;1;1;2;2;1;4;4;5;0;0;4;1;0;5;1;13;35;45;82;1.08;1.31;2.39;0;0;0;0;0;0;1;1;0;0;0;0;0;0;-1;-1;-1;-1;-1;-1;-1;-1;-1;10;60;70;100;100;60;90;100;55;5;0;7.4;3.5;Metta - LU;BFC Daugavpils;0.93;0.86;1.2;0.5;0.75;1.43;90;40;30;0;0;88;88;50;0.89;1.02;1.91;5622;28;Y;N;N;N;N;N;N
2329485;6910;63;2021;complete;90288;11;-1;9;;1;0;1;3;13;16;-1;-1;4;1;0;0;5;7;4;5;9;12;-1;-1;40;60;4;1;1.43;3.5;2.6;1.02;1.29;1.9;3.25;6;11;3.5;1.9;1.33;1.11;1.8;1.91;0;0;0;0;0;0;0;2.5;2.2;4;2.2;0;3.75;0;0;0;0;0;0;0;0;0;0;0;0;0;0;0;1.62;0;2.5;0;0;0;0;0;0;0;0;0;0;1.22;2.1;4.33;11;4;1.67;1.2;1.05;0;0;0;0;1;1;0;0;0;0;1;2021-05-19 16:30:00;6910;0;33;33;10;0;1;1;2;4;1;9;6;10;0;1;4;0;1;4;1;70;77;68;53;1.42;1.79;3.21;0;0;0;0;0;0;1;1;1;0;0;0;0;0;-1;-1;-1;-1;-1;-1;-1;-1;-1;13;35;58;78;100;55;78;80;45;14.1;0;5.25;2.83;Valmiera / BSS;Liepāja;2.36;1.79;2;1.5;2.13;1.13;88;65;43;23;0;78;55;55;1.89;1.52;3.41;5622;28;Y;N;N;N;N;N;N
2329486;1087;6910;2021;complete;90288;12;-1;14;;1;0;1;7;3;10;-1;-1;1;4;0;0;9;5;7;5;16;10;-1;-1;53;47;1;4;3.38;4;1.27;1.01;1.2;1.65;2.5;4.33;15;4.33;2.2;1.5;1.2;1.73;2;0;0;0;0;0;0;0;4.75;2.38;2.1;4.75;0;1.83;0;0;0;0;0;0;0;0;0;0;0;0;0;0;0;3;0;1.4;0;0;0;0;0;0;0;0;0;0;1.17;1.83;3.5;9;5;1.83;1.29;1.07;0;0;0;0;1;1;0;0;0;0;1;2021-05-23 11:00:00;1087;0;50;34;17;0;1;1;2;2;5;1;4;6;0;1;1;3;1;4;1;114;113;118;121;2.46;1.8;4.25;1;0;1;0;0;0;1;1;0;0;0;1;0;0;-1;-1;-1;-1;-1;-1;-1;-1;-1;17;17;34;50;100;34;50;100;17;10;0;4.33;2.17;Spartaks Jūrmala;Valmiera / BSS;1.57;2.07;1.5;2.33;0.6;2.22;84;84;67;50;0;100;100;100;1.82;1.97;3.79;5622;28;Y;N;N;N;N;N;N
2329488;1091;1089;2021;complete;90288;12;-1;65;2;1;1;2;2;6;8;-1;-1;2;4;0;0;3;2;3;3;6;5;-1;-1;41;59;2;4;7;5.75;1.07;1.01;1.17;1.57;2.38;4;15;4.5;2.35;1.53;1.22;2.1;1.67;0;0;0;0;0;0;0;8;2.63;1.67;8.5;0;1.5;0;0;0;0;0;0;0;0;0;0;0;0;0;0;0;5;0;1.18;0;0;0;0;0;0;0;0;0;0;1.17;1.8;3.5;8;5;1.91;1.29;1.08;0;0;0;0;2;0;1;1;0;1;1;2021-05-24 15:00:00;-1;0;55;23;43;0;1;1;1;4;1;2;5;3;0;2;2;2;2;4;1;58;76;97;118;1.02;1.02;2.03;0;0;0;0;0;0;1;1;0;1;0;1;0;0;-1;-1;-1;-1;-1;-1;-1;-1;-1;23;23;65;90;100;35;78;100;65;9.93;0;4.27;3.25;BFC Daugavpils;Riga;1.43;1.43;1.8;1.75;1.63;2.11;78;78;35;10;0;70;54;44;1.51;1.85;3.36;5622;28;Y;Y;N;N;N;N;Y
2329489;698135;1088;2021;complete;90288;14;-1;;32,58,73;0;3;3;1;3;4;-1;-1;3;4;0;0;6;5;8;5;14;10;-1;-1;60;40;3;4;3.28;4.5;1.29;0;1.14;1.48;2.1;3.5;0;5;2.6;1.67;1.29;1.5;2.5;0;0;0;0;0;0;0;3.75;2.5;2.2;3.6;0;2;0;0;0;0;0;0;0;0;0;0;0;0;0;0;0;2.5;0;1.5;0;0;0;0;0;0;0;0;0;0;1.13;1.67;3;6.5;6;2.1;1.36;1.11;0;0;0;0;3;0;1;0;2;2;1;2021-05-24 14:00:00;1088;0;34;17;34;0;1;1;1;0;0;3;1;3;1;0;2;4;1;6;1;21;29;66;56;1.45;1.19;2.64;0;0;0;0;0;0;1;1;0;0;0;0;0;0;-1;-1;-1;-1;-1;-1;-1;-1;-1;84;84;84;84;100;84;84;100;84;4;0;2;4.84;Noah Jūrmala;Metta - LU;0;0.5;0;0;0.6;0.67;17;17;17;17;0;17;17;17;0;1.34;1.34;5622;28;Y;Y;Y;N;N;N;N
2329491;1087;698135;2021;complete;90288;13;-1;15,30,35,36,88;39,84;5;2;7;-1;-1;-1;-1;-1;1;2;0;0;-1;-1;-1;-1;-1;-1;-1;-1;-1;-1;1;2;1.17;6.5;10.25;0;0;0;0;0;0;0;0;0;0;0;0;0;0;0;0;0;0;0;0;0;0;0;0;0;0;0;0;0;0;0;0;0;0;0;0;0;0;0;0;0;0;0;0;0;0;0;0;0;0;0;0;0;0;0;0;0;0;0;0;0;0;0;0;0;7;4;1;1;1;2;5;2021-06-17 15:00:00;1087;0;38;0;38;0;-1;1;-1;-1;-1;-1;-1;-1;1;1;0;1;2;1;-1;0;0;0;0;0;0;0;0;1;0;1;0;0;1;1;0;0;-1;-1;0;0;-1;-1;-1;-1;-1;-1;-1;-1;-1;13;13;38;50;100;13;50;88;50;5.5;0;3.25;2.25;Spartaks Jūrmala;Noah Jūrmala;1.57;0.21;1.5;0.75;0.75;0.38;88;88;63;50;0;67;38;25;1.85;0.79;2.64;5622;28;Y;Y;Y;Y;Y;Y;Y
2329492;6910;1088;2021;complete;90288;13;-1;8,74;;2;0;2;9;4;13;-1;-1;1;2;0;0;4;2;5;6;9;8;-1;-1;56;44;1;2;1.09;5.75;6.15;0;0;0;0;0;0;0;0;0;0;2;1.73;0;0;0;0;0;0;0;1.67;2.63;7.5;1.5;0;8;0;0;0;0;0;0;0;0;0;0;0;0;0;0;0;1.25;0;4;0;0;0;0;0;0;0;0;0;0;1.14;1.73;3.4;7;5.5;2;1.3;1.1;0;0;0;0;2;1;0;1;0;1;1;2021-06-17 15:00:00;6910;0;33;25;25;0;1;1;6;2;3;2;8;5;1;0;0;2;1;2;1;52;32;78;59;1.23;0.88;2.1;0;0;0;0;0;0;1;1;1;0;3;0;0;0;-1;-1;-1;-1;-1;-1;-1;-1;-1;17;25;58;75;100;59;83;75;42;10.84;0;4.66;2.75;Valmiera / BSS;Metta - LU;2.36;0.5;2.17;0.5;2.09;0.75;84;75;42;25;0;58;50;50;1.81;1.02;2.83;5622;28;Y;Y;N;N;N;N;N
2329493;1090;1089;2021;complete;90288;13;-1;45,47,90;43;3;1;4;0;4;4;-1;-1;4;1;0;0;5;7;4;9;9;16;-1;-1;48;52;4;1;1.68;3.4;2.07;0;0;0;0;0;0;0;0;0;0;1.62;2.2;0;0;0;0;0;0;0;2.63;2.2;3.6;2.25;0;3.4;0;0;0;0;0;0;0;0;0;0;0;0;0;0;0;1.62;0;2.5;0;0;0;0;0;0;0;0;0;0;1.2;2;4;10;4.33;1.73;1.22;1.06;0;0;0;0;4;1;1;2;0;2;2;2021-06-17 17:00:00;1090;0;55;19;35;0;1;1;0;3;0;1;3;1;2;1;2;0;3;2;1;29;38;82;80;1.14;1.77;2.91;0;0;0;0;0;0;1;1;0;0;0;1;0;0;-1;-1;-1;-1;-1;-1;-1;-1;-1;27;35;62;92;100;54;82;100;54;14.25;0;4.25;3.44;Rīgas FS;Riga;2.29;1.43;2.5;1.6;2.55;2.17;74;65;39;9;0;79;67;67;2.12;1.64;3.76;5622;28;Y;Y;Y;Y;N;N;Y
2329494;63;1091;2021;complete;90288;13;-1;;;0;0;0;6;0;6;-1;-1;1;2;0;0;4;4;11;2;15;6;-1;-1;73;27;1;2;1.14;5.25;4.93;0;0;0;0;0;0;0;0;0;0;1.73;2;0;0;0;0;0;0;0;1.91;2.5;5.5;1.67;0;5.5;0;0;0;0;0;0;0;0;0;0;0;0;0;0;0;1.3;0;3.4;0;0;0;0;0;0;0;0;0;0;1.14;1.67;3.25;7;5.5;2.1;1.33;1.1;0;0;0;0;0;0;0;0;0;0;0;2021-06-21 14:30:00;-1;0;63;25;38;0;1;1;1;0;5;0;1;5;0;2;1;0;2;1;1;49;19;125;61;1.59;0.8;2.39;1;0;0;0;1;0;1;1;0;0;1;0;0;0;-1;-1;-1;-1;-1;-1;-1;-1;-1;13;38;75;88;100;50;88;100;50;8.5;0;4.25;3.13;Liepāja;BFC Daugavpils;1.86;0.86;0.75;1;1.36;1.27;88;63;25;13;0;88;63;50;1.34;1.07;2.41;5622;28;N;N;N;N;N;N;N
2329495;1089;6910;2021;complete;90288;14;-1;10;;1;0;1;3;2;5;-1;-1;3;4;0;0;9;2;5;4;14;6;-1;-1;50;50;3;4;1.49;3.4;2.44;0;0;0;0;0;0;0;0;0;0;1.62;2.2;0;0;0;0;0;0;0;2.3;2.5;3.75;2.3;0;3.6;0;0;0;0;0;0;0;0;0;0;0;0;0;0;0;1.62;0;2.38;0;0;0;0;0;0;0;0;0;0;1.25;2.1;4.5;13;3.75;1.67;1.18;1.04;0;0;0;0;1;1;0;0;0;0;1;2021-06-21 17:00:00;1089;0;62;27;27;0;1;1;1;1;2;1;2;3;1;3;2;1;4;3;1;37;37;73;72;1.78;0.79;2.57;0;0;0;0;0;0;1;1;1;0;0;0;0;0;-1;-1;-1;-1;-1;-1;-1;-1;-1;25;32;73;83;100;49;83;90;42;11.5;0;5.54;3.26;Riga;Valmiera / BSS;2.14;2.07;2.57;2;2;2.17;76;69;27;17;0;88;75;50;1.64;1.8;3.44;5622;28;Y;N;N;N;N;N;N
2329497;6910;1091;2021;complete;90288;16;-1;13,41,86,90;;4;0;4;5;6;11;-1;-1;1;1;0;0;9;2;6;8;15;10;-1;-1;43;57;1;1;1.05;4.5;7.85;0;0;1.95;0;0;0;0;1.85;0;0;2.25;1.57;0;0;0;0;0;0;0;1.91;2.25;7;1.67;0;7;0;0;0;0;0;0;0;0;0;0;0;0;0;0;0;1.29;0;4.5;0;0;0;0;0;0;0;0;0;0;1.22;2.1;4.5;13;4;1.67;1.18;1.04;0;0;0;0;4;2;0;2;0;2;2;2021-07-02 16:30:00;6910;0;31;23;24;0;1;1;2;3;3;3;5;6;0;0;1;1;0;2;1;28;31;64;66;1.78;1;2.77;1;0;1;0;0;0;1;1;0;0;2;0;0;0;-1;-1;-1;-1;-1;-1;-1;-1;-1;0;24;40;69;92;38;68;70;40;9.86;0;4.31;2.24;Valmiera / BSS;BFC Daugavpils;2.36;0.86;2.29;0.83;2.07;1.15;100;77;61;31;9;77;61;52;1.73;1.01;2.74;5622;28;Y;Y;Y;Y;N;N;N
2329498;1090;698135;2021;complete;90288;9;-1;25,42,45,54,87;;5;0;5;-1;-1;-1;-1;-1;2;1;0;0;-1;-1;-1;-1;-1;-1;-1;-1;-1;-1;2;1;0;0;0;0;0;0;0;0;0;0;0;0;0;0;0;0;0;0;0;0;0;0;0;0;0;0;0;0;0;0;0;0;0;0;0;0;0;0;0;0;0;0;0;0;0;0;0;0;0;0;0;0;0;0;0;0;0;0;0;0;0;0;0;0;0;0;0;0;5;3;0;2;0;2;3;2021-06-21 17:00:00;1090;0;59;25;52;0;-1;1;-1;-1;-1;-1;-1;-1;0;0;2;1;0;3;-1;0;0;0;0;0;0;0;1;0;1;0;0;0;1;1;0;0;-1;-1;0;0;-1;-1;-1;-1;-1;-1;-1;-1;-1;35;49;73;83;100;56;73;100;76;7.86;0;4.09;3.76;Rīgas FS;Noah Jūrmala;2.29;0.21;2.57;0.6;2.58;0.33;66;52;27;17;0;52;36;36;1.98;0.79;2.77;5622;28;Y;Y;Y;Y;Y;N;N
2329499;1088;1087;2021;complete;90288;16;-1;;72,89,90;0;3;3;6;7;13;-1;-1;2;2;0;0;6;9;6;15;12;24;-1;-1;42;58;2;2;3.43;3.5;1.27;0;0;1.83;0;0;0;0;1.98;0;0;1.83;1.83;0;0;0;0;0;0;0;4.75;2.2;2.3;4.33;0;2.05;0;0;0;0;0;0;0;0;0;0;0;0;0;0;0;2.88;0;1.5;0;0;0;0;0;0;0;0;0;0;1.22;2;4.33;11;4;1.73;1.2;1.05;0;0;0;0;3;0;0;0;3;3;0;2021-07-04 12:00:00;1087;0;44;9;29;0;1;1;5;3;1;4;8;5;2;2;0;0;4;0;1;37;49;70;92;1.44;2.49;3.93;0;0;0;0;0;0;1;1;0;0;1;0;0;0;-1;-1;-1;-1;-1;-1;-1;-1;-1;21;21;48;86;100;28;78;94;57;8.93;0;6.71;2.96;Metta - LU;Spartaks Jūrmala;0.93;0.93;1;0.38;0.64;1.07;79;79;53;15;0;82;72;45;0.93;1.53;2.46;5622;28;Y;Y;Y;N;N;N;N
2329500;1089;698135;2021;complete;90288;15;-1;89,90;56;2;1;3;-1;-1;-1;-1;-1;3;3;0;0;-1;-1;-1;-1;-1;-1;-1;-1;-1;-1;3;3;0;0;0;0;0;0;0;0;0;0;0;0;0;0;0;0;0;0;0;0;0;0;0;0;0;0;0;0;0;0;0;0;0;0;0;0;0;0;0;0;0;0;0;0;0;0;0;0;0;0;0;0;0;0;0;0;0;0;0;0;0;0;0;0;0;0;0;0;3;0;0;2;1;3;0;2021-06-25 16:00:00;1089;0;44;15;32;0;-1;1;-1;-1;-1;-1;-1;-1;3;1;0;2;4;2;-1;0;0;0;0;0;0;0;0;0;0;0;0;0;1;1;0;0;-1;-1;0;0;-1;-1;-1;-1;-1;-1;-1;-1;-1;38;44;71;79;100;50;78;94;61;6.6;0;3.92;3.69;Riga;Noah Jūrmala;2.14;0.21;2.63;0.5;2.07;0.3;63;57;29;21;0;47;20;10;1.67;0.79;2.46;5622;28;Y;Y;Y;N;N;N;Y
2329501;698135;6910;2021;complete;90288;3;-1;;-1,-1,-1;0;3;3;-1;-1;-1;-1;-1;-1;-1;-1;-1;-1;-1;-1;-1;-1;-1;-1;-1;-1;-1;-1;-1;0;0;0;0;0;0;0;0;0;0;0;0;0;0;0;0;0;0;0;0;0;0;0;0;0;0;0;0;0;0;0;0;0;0;0;0;0;0;0;0;0;0;0;0;0;0;0;0;0;0;0;0;0;0;0;0;0;0;0;0;0;0;0;0;0;0;0;0;3;0;0;0;0;0;0;2021-08-11 14:30:00;6910;0;45;25;23;1;-1;-1;-1;-1;-1;-1;-1;-1;-1;-1;-1;-1;-1;-1;-1;0;0;0;0;0;0;0;-1;-1;-1;-1;-1;-1;-1;-1;-1;-1;-1;-1;-1;-1;-1;-1;-1;-1;-1;-1;-1;-1;-1;35;35;82;88;100;54;80;73;48;5.29;0;5.75;3.53;Noah Jūrmala;Valmiera / BSS;0;2.07;0;1.63;0.19;2.11;66;66;19;13;0;43;43;29;1.45;1.46;2.91;5622;28;Y;Y;Y;N;N;N;N
2329502;698135;1091;2021;complete;90288;4;-1;90;31,36,47,63;1;4;5;-1;-1;-1;-1;-1;5;0;0;0;-1;-1;-1;-1;-1;-1;-1;-1;-1;-1;5;0;0;0;0;0;0;0;0;0;0;0;0;0;0;0;0;0;0;0;0;0;0;0;0;0;0;0;0;0;0;0;0;0;0;0;0;0;0;0;0;0;0;0;0;0;0;0;0;0;0;0;0;0;0;0;0;0;0;0;0;0;0;0;0;0;0;0;0;0;5;0;2;1;2;3;2;2021-07-09 15:00:00;1091;0;15;7;15;0;-1;1;-1;-1;-1;-1;-1;-1;2;0;3;0;2;3;-1;0;0;0;0;0;0;0;0;1;0;1;0;0;1;1;0;0;-1;-1;0;0;-1;-1;-1;-1;-1;-1;-1;-1;-1;38;59;79;86;93;59;79;93;79;3.57;0;3.33;3.79;Noah Jūrmala;BFC Daugavpils;0;0.86;0;0.71;0.27;1.07;63;41;22;15;7;36;29;22;1.45;1.01;2.46;5622;28;Y;Y;Y;Y;Y;N;Y
2329503;63;698135;2021;complete;90288;5;-1;-1,-1,-1;;3;0;3;-1;-1;-1;-1;-1;-1;-1;-1;-1;-1;-1;-1;-1;-1;-1;-1;-1;-1;-1;-1;-1;0;0;0;0;0;0;0;0;0;0;0;0;0;0;0;0;0;0;0;0;0;0;0;0;0;0;0;0;0;0;0;0;0;0;0;0;0;0;0;0;0;0;0;0;0;0;0;0;0;0;0;0;0;0;0;0;0;0;0;0;0;0;0;0;0;0;0;0;3;0;0;0;0;0;0;2021-10-27 11:00:00;63;0;42;20;34;1;-1;-1;-1;-1;-1;-1;-1;-1;-1;-1;-1;-1;-1;-1;-1;0;0;0;0;0;0;0;-1;-1;-1;-1;-1;-1;-1;-1;-1;-1;-1;-1;-1;-1;-1;-1;-1;-1;-1;-1;-1;-1;-1;21;21;71;88;96;38;59;71;42;8.83;0;4.77;3.17;Liepāja;Noah Jūrmala;1.86;0.21;1.67;0.25;1.68;0.12;80;80;30;13;4;63;46;34;1.49;1.24;2.73;5622;28;Y;Y;Y;N;N;N;N
2329504;1088;698135;2021;complete;90288;7;-1;8,20,26,38,48,55,61;;7;0;7;-1;-1;-1;-1;-1;1;2;0;1;-1;-1;-1;-1;-1;-1;-1;-1;-1;-1;1;4;0;0;0;0;0;0;0;0;0;0;0;0;0;0;0;0;0;0;0;0;0;0;0;0;0;0;0;0;0;0;0;0;0;0;0;0;0;0;0;0;0;0;0;0;0;0;0;0;0;0;0;0;0;0;0;0;0;0;0;0;0;0;0;0;0;0;0;0;7;4;0;3;0;3;4;2021-07-13 13:45:00;1088;0;50;14;43;0;-1;1;-1;-1;-1;-1;-1;-1;0;2;1;1;2;2;-1;0;0;0;0;0;0;0;1;0;1;0;0;0;1;1;1;0;-1;-1;0;1;-1;-1;-1;-1;-1;-1;-1;-1;-1;29;29;57;86;100;29;57;100;72;4.17;0;5.86;3.29;Metta - LU;Noah Jūrmala;0.93;0.21;0.86;0.43;0.6;0.25;72;72;43;14;0;58;34;25;1.02;0.79;1.81;5622;28;Y;Y;Y;Y;Y;Y;N
2329505;1091;1090;2021;complete;90288;7;-1;;10,64,71;0;3;3;3;5;8;-1;-1;1;0;1;0;2;6;2;3;4;9;-1;-1;50;50;2;0;14;5.75;1.03;0;0;1.48;0;0;0;0;2.6;0;0;2.25;1.57;0;0;0;0;0;0;0;10;2.75;1.53;10;0;1.36;0;0;0;0;0;0;0;0;0;0;0;0;0;0;0;5.5;0;1.14;21;1.95;0;0;0;0;0;0;0;0;1.14;1.67;3.25;7;5.5;2.1;1.33;1.1;0;0;0;0;3;0;1;0;2;2;1;2021-10-27 11:00:00;1090;0;63;15;48;0;1;1;1;5;2;0;6;2;1;0;1;0;1;1;1;62;83;88;141;0.85;1.6;2.45;0;1;0;1;0;0;1;1;0;1;0;0;0;0;-1;-1;-1;-1;-1;-1;-1;-1;-1;17;21;67;88;100;13;63;84;59;9.88;0;4.81;3.09;BFC Daugavpils;Rīgas FS;1.43;2.43;1.67;2.33;1.28;2.36;83;79;34;13;0;57;52;47;1.22;1.66;2.88;5622;28;Y;Y;Y;N;N;N;N
2329506;63;1087;2021;complete;90288;7;-1;3;8,66;1;2;3;12;6;18;-1;-1;3;2;0;0;5;7;10;4;15;11;-1;-1;56;44;3;2;1.16;4.33;4.58;0;0;1.73;0;0;0;0;2.08;0;0;1.83;1.83;0;0;0;0;0;0;0;1.91;2.38;6;1.8;0;5.5;0;0;0;0;0;0;0;0;0;0;0;0;0;0;0;1.33;0;3.75;0;0;0;0;0;0;0;0;0;0;1.2;1.91;3.75;10;4.33;1.8;1.25;1.06;0;0;0;0;3;1;1;0;1;1;2;2021-08-11 15:00:00;1087;0;45;18;17;0;1;1;6;0;6;0;6;6;3;0;0;2;3;2;1;58;64;101;98;1.72;1.65;3.37;0;0;0;0;0;0;1;1;1;1;0;0;0;0;-1;-1;-1;-1;-1;-1;-1;-1;-1;17;17;60;83;94;39;84;83;43;11.63;0;4.63;2.79;Liepāja;Spartaks Jūrmala;1.86;0.93;1.63;0.6;1.75;1;84;84;40;18;7;76;63;38;1.38;1.57;2.95;5622;28;Y;Y;Y;N;N;N;Y
2329507;698135;1090;2021;complete;90288;16;-1;;-1,-1,-1;0;3;3;-1;-1;-1;-1;-1;-1;-1;-1;-1;-1;-1;-1;-1;-1;-1;-1;-1;-1;-1;-1;-1;0;0;0;0;0;0;0;0;0;0;0;0;0;0;0;0;0;0;0;0;0;0;0;0;0;0;0;0;0;0;0;0;0;0;0;0;0;0;0;0;0;0;0;0;0;0;0;0;0;0;0;0;0;0;0;0;0;0;0;0;0;0;0;0;0;0;0;0;3;0;0;0;0;0;0;2021-09-15 13:00:00;1090;0;34;7;25;1;-1;-1;-1;-1;-1;-1;-1;-1;-1;-1;-1;-1;-1;-1;-1;0;0;0;0;0;0;0;-1;-1;-1;-1;-1;-1;-1;-1;-1;-1;-1;-1;-1;-1;-1;-1;-1;-1;-1;-1;-1;-1;-1;27;27;79;86;100;27;61;68;54;8;0;5.25;3.36;Noah Jūrmala;Rīgas FS;0;2.43;0;2.43;0.15;2.44;73;73;22;15;0;40;40;40;1.45;1.51;2.96;5622;28;Y;Y;Y;N;N;N;N
2329508;1091;1088;2021;complete;90288;17;-1;27,47,58;82;3;1;4;-1;-1;-1;-1;-1;1;2;0;0;-1;-1;-1;-1;-1;-1;-1;-1;-1;-1;1;2;1.67;3.75;4;0;0;1.55;0;0;0;0;2.38;0;0;0;0;0;0;0;0;0;0;0;2.2;2.38;4.33;0;0;0;0;0;0;0;0;0;0;0;0;0;0;0;0;0;0;1.5;0;2.63;0;0;0;0;0;0;0;0;0;0;0;0;0;0;0;0;0;0;0;0;0;0;4;1;0;2;1;3;1;2021-07-17 15:00:00;1091;0;48;14;41;0;-1;1;-1;-1;-1;-1;-1;-1;0;1;1;1;1;2;-1;0;0;0;0;0;0;0;0;0;0;0;0;0;1;1;0;0;-1;-1;0;0;-1;-1;-1;-1;-1;-1;-1;-1;-1;20;20;67;87;100;32;80;100;55;7.09;0;4.79;2.93;BFC Daugavpils;Metta - LU;1.43;0.5;1.43;0.38;1.2;0.75;81;81;34;14;0;47;47;34;1.28;1;2.28;5622;28;Y;Y;Y;Y;N;N;Y
2329509;1087;1089;2021;complete;90288;17;-1;8,45;37,40,61;2;3;5;-1;-1;-1;-1;-1;4;0;1;0;-1;-1;-1;-1;-1;-1;-1;-1;-1;-1;5;0;0;0;0;0;0;0;0;0;0;0;0;0;0;0;0;0;0;0;0;0;0;0;0;0;0;0;0;0;0;0;0;0;0;0;0;0;0;0;0;0;0;0;0;0;0;0;0;0;0;0;0;0;0;0;0;0;0;0;0;0;0;0;0;0;0;0;0;0;5;2;2;0;1;1;4;2021-07-17 15:00:00;1089;0;45;23;24;0;-1;1;-1;-1;-1;-1;-1;-1;2;0;3;0;2;3;-1;0;0;0;0;0;0;0;0;0;0;0;0;0;1;1;1;0;-1;-1;0;0;-1;-1;-1;-1;-1;-1;-1;-1;-1;16;23;38;68;100;30;68;85;47;9.23;0;4.34;2.75;Spartaks Jūrmala;Riga;1.57;1.43;2;1.14;1.2;2;85;77;62;32;0;65;47;37;1.77;1.56;3.33;5622;28;Y;Y;Y;Y;Y;N;Y
2329510;6910;698135;2021;complete;90288;17;-1;-1,-1,-1;;3;0;3;-1;-1;-1;-1;-1;-1;-1;-1;-1;-1;-1;-1;-1;-1;-1;-1;-1;-1;-1;-1;-1;0;0;0;0;0;0;0;0;0;0;0;0;0;0;0;0;0;0;0;0;0;0;0;0;0;0;0;0;0;0;0;0;0;0;0;0;0;0;0;0;0;0;0;0;0;0;0;0;0;0;0;0;0;0;0;0;0;0;0;0;0;0;0;0;0;0;0;0;3;0;0;0;0;0;0;2021-07-18 13:00:00;6910;0;38;19;32;1;-1;-1;-1;-1;-1;-1;-1;-1;-1;-1;-1;-1;-1;-1;-1;0;0;0;0;0;0;0;-1;-1;-1;-1;-1;-1;-1;-1;-1;-1;-1;-1;-1;-1;-1;-1;-1;-1;-1;-1;-1;-1;-1;25;38;57;82;100;50;76;82;63;8.5;0;4.13;3.32;Valmiera / BSS;Noah Jūrmala;2.36;0.21;2.38;0.38;2.13;0.23;75;63;44;19;0;61;38;38;1.73;0.79;2.52;5622;28;Y;Y;Y;N;N;N;N
2329511;1090;63;2021;complete;90288;17;-1;47,87;21;2;1;3;4;4;8;-1;-1;2;5;0;0;7;4;4;9;11;13;-1;-1;57;43;2;5;1.38;3.75;2.82;0;0;0;0;0;0;0;0;0;0;1.67;2.1;0;0;0;0;0;0;0;2.25;2.38;4.33;2;0;4;0;0;0;0;0;0;0;0;0;0;0;0;0;0;0;1.5;0;2.63;0;0;0;0;0;0;0;0;0;0;1.18;1.83;3.75;9;4.5;1.83;1.25;1.07;0;0;0;0;3;0;1;2;0;2;1;2021-09-22 15:00:00;1090;0;43;19;24;0;1;1;3;3;1;1;6;2;1;1;1;4;2;5;1;31;24;75;67;1.41;1.27;2.69;0;0;0;0;0;0;1;1;0;0;1;0;0;0;-1;-1;-1;-1;-1;-1;-1;-1;-1;28;43;76;86;100;56;86;86;57;13.97;0;4.65;3.37;Rīgas FS;Liepāja;2.29;1.79;2.45;1.9;2.47;1.75;72;58;24;15;0;71;59;59;2.01;1.64;3.65;5622;28;Y;Y;Y;N;N;N;Y
2329512;698135;1091;2021;complete;90288;18;-1;;-1,-1,-1;0;3;3;-1;-1;-1;-1;-1;-1;-1;-1;-1;-1;-1;-1;-1;-1;-1;-1;-1;-1;-1;-1;-1;14;8.25;1.09;0;1.08;1.29;1.74;2.7;14;6.5;3.25;2;1.41;2.15;1.62;0;0;0;0;6.5;1.05;0;9.75;3.2;1.37;10.5;4.25;1.3;0;0;0;0;0;0;0;0;0;0;0;0;0;0;0;5.5;14;1.15;0;0;0;0;0;0;0;0;0;0;0;0;0;0;0;0;0;0;0;0;0;0;3;0;0;0;0;0;0;2021-07-24 14:00:00;1091;0;29;7;29;1;-1;-1;-1;-1;-1;-1;-1;-1;-1;-1;-1;-1;-1;-1;-1;0;0;0;0;0;0;0;-1;-1;-1;-1;-1;-1;-1;-1;-1;-1;-1;-1;-1;-1;-1;-1;-1;-1;-1;-1;-1;-1;-1;47;65;82;88;94;65;82;94;82;3.57;0;4;3.94;Noah Jūrmala;BFC Daugavpils;0;0.86;0;1;0.21;1.31;54;35;19;13;7;36;29;22;1.45;1.01;2.46;5622;28;Y;Y;Y;N;N;N;N
2329513;1087;1090;2021;complete;90288;18;-1;47;50,90;1;2;3;-1;-1;-1;-1;-1;2;4;1;0;-1;-1;-1;-1;-1;-1;-1;-1;-1;-1;3;4;6.5;3.75;1.44;0;0;1.55;0;0;0;0;2.38;0;0;0;0;0;0;0;0;0;0;0;6;2.4;1.91;0;0;0;0;0;0;0;0;0;0;0;0;0;0;0;0;0;0;2.88;0;1.44;0;0;0;0;0;0;0;0;0;0;0;0;0;0;0;0;0;0;0;0;0;0;3;0;0;1;2;3;0;2021-07-25 15:00:00;1090;0;42;25;25;0;-1;1;-1;-1;-1;-1;-1;-1;1;1;2;3;2;5;-1;0;0;0;0;0;0;0;1;0;1;0;0;0;1;1;0;0;-1;-1;0;1;-1;-1;-1;-1;-1;-1;-1;-1;-1;25;25;52;59;100;25;69;83;52;11.65;0;5.34;2.83;Spartaks Jūrmala;Rīgas FS;1.57;2.43;1.71;2.6;1.13;2.43;76;76;49;42;0;78;68;58;1.77;1.68;3.45;5622;28;Y;Y;Y;N;N;N;Y
2329514;1088;1089;2021;complete;90288;18;-1;;52;0;1;1;5;5;10;-1;-1;1;2;0;0;9;6;7;3;16;9;-1;-1;45;55;1;2;0;0;0;0;0;0;0;0;0;0;0;0;0;0;0;0;0;0;0;0;0;0;0;0;0;0;0;0;0;0;0;0;0;0;0;0;0;0;0;0;0;0;0;0;0;0;0;0;0;0;0;0;0;0;0;0;0;0;0;0;0;0;0;0;0;0;0;0;1;0;0;0;1;1;0;2021-07-25 17:00:00;1089;0;51;26;19;0;1;1;2;2;3;3;4;6;0;1;1;1;1;2;1;29;29;72;71;1.85;1.2;3.05;0;0;0;0;0;0;1;1;0;0;1;0;0;0;-1;-1;-1;-1;-1;-1;-1;-1;-1;25;32;50;88;100;38;76;94;51;8;0;5.92;3.25;Metta - LU;Riga;0.93;1.43;1.13;1.38;0.71;2.06;75;69;50;13;0;67;50;42;1.02;1.56;2.58;5622;28;Y;N;N;N;N;N;N
2329515;63;6910;2021;complete;90288;18;-1;8,76;29;2;1;3;5;5;10;-1;-1;2;2;1;0;7;4;3;4;10;8;-1;-1;54;46;3;2;1.8;3.3;1.95;0;0;2.2;0;0;0;0;1.65;0;0;2.1;1.67;0;0;0;0;0;0;0;3.1;2;3.6;2.75;0;3.2;0;0;0;0;0;0;0;0;0;0;0;0;0;0;0;1.83;0;2.3;0;0;0;0;0;0;0;0;0;0;1.3;2.5;6;17;3.4;1.5;1.13;1.03;0;0;0;0;3;1;1;1;0;1;2;2021-08-04 15:00:00;63;0;57;29;22;0;1;1;2;1;3;4;3;7;1;2;2;0;3;2;1;63;62;96;97;1.58;1.24;2.82;1;0;1;0;0;0;1;1;1;0;1;0;0;0;-1;-1;-1;-1;-1;-1;-1;-1;-1;14;14;50;71;93;36;86;71;29;9.6;0;5.71;2.43;Liepāja;Valmiera / BSS;1.86;2.07;1.43;1.86;1.67;2.24;86;86;50;29;7;70;63;48;1.35;1.5;2.85;5622;28;Y;Y;Y;N;N;N;Y
2329516;1089;1091;2021;complete;90288;19;-1;7,12,17,58,66,68,70;90;7;1;8;6;7;13;-1;-1;0;0;0;1;13;3;12;2;25;5;-1;-1;68;32;0;2;1.01;6;11;0;0;0;0;0;0;0;0;0;0;1.91;1.8;0;0;0;0;0;0;0;1.57;2.88;8.5;1.4;0;8.5;0;0;0;0;0;0;0;0;0;0;0;0;0;0;0;1.17;0;4.75;0;0;0;0;0;0;0;0;0;0;1.13;1.62;2.75;6;6;2.2;1.4;1.13;0;0;0;0;8;3;0;4;1;5;3;2021-09-15 15:00:00;1089;0;36;11;26;0;1;1;3;4;3;3;7;6;0;1;0;0;1;0;1;114;64;138;99;3.3;1;4.3;0;0;0;0;0;0;1;1;1;0;1;0;0;0;-1;-1;-1;-1;-1;-1;-1;-1;-1;16;35;71;80;96;45;67;81;50;8.35;0;3.93;3.08;Riga;BFC Daugavpils;2.14;0.86;2.67;1;2.16;1.25;85;66;29;20;5;68;52;35;1.67;1.05;2.72;5622;28;Y;Y;Y;Y;Y;Y;Y
2329517;698135;63;2021;complete;90288;19;-1;;-1,-1,-1;0;3;3;-1;-1;-1;-1;-1;-1;-1;-1;-1;-1;-1;-1;-1;-1;-1;-1;-1;-1;-1;-1;-1;0;0;0;0;0;0;0;0;0;0;0;0;0;0;0;0;0;0;0;0;0;0;0;0;0;0;0;0;0;0;0;0;0;0;0;0;0;0;0;0;0;0;0;0;0;0;0;0;0;0;0;0;0;0;0;0;0;0;0;0;0;0;0;0;0;0;0;0;3;0;0;0;0;0;0;2021-08-01 13:00:00;63;0;23;7;17;1;-1;-1;-1;-1;-1;-1;-1;-1;-1;-1;-1;-1;-1;-1;-1;0;0;0;0;0;0;0;-1;-1;-1;-1;-1;-1;-1;-1;-1;-1;-1;-1;-1;-1;-1;-1;-1;-1;-1;-1;-1;-1;-1;48;55;86;86;100;55;85;85;70;8.17;0;4.96;3.91;Noah Jūrmala;Liepāja;0;1.79;0;1.71;0.2;1.57;52;45;15;15;0;42;25;25;1.45;1.64;3.09;5622;28;Y;Y;Y;N;N;N;N
2329518;6910;1087;2021;complete;90288;19;-1;2,56;45;2;1;3;4;5;9;-1;-1;2;4;0;0;4;2;4;5;8;7;-1;-1;51;49;2;4;1.45;4.2;5.5;0;0;1.65;0;0;0;0;2.2;0;0;1.8;1.91;0;0;0;0;0;0;0;2.05;2.4;5;1.8;0;4.75;0;0;0;0;0;0;0;0;0;0;0;0;0;0;0;1.36;0;3.2;0;0;0;0;0;0;0;0;0;0;1.18;1.83;3.75;9;4.5;1.83;1.25;1.07;0;0;0;0;3;1;1;1;0;1;2;2021-07-31 16:00:00;6910;0;28;13;18;0;1;1;1;4;3;1;5;4;0;0;2;4;0;6;1;48;37;72;64;1.13;0.85;1.99;0;0;0;0;0;0;1;1;1;0;0;0;0;0;-1;-1;-1;-1;-1;-1;-1;-1;-1;11;22;56;84;100;39;78;73;50;13.93;0;4.33;2.83;Valmiera / BSS;Spartaks Jūrmala;2.36;0.93;2.44;0.67;2.19;1.06;89;78;45;17;0;87;81;66;1.73;1.69;3.42;5622;28;Y;Y;Y;N;N;N;Y
2329519;1090;1088;2021;complete;90288;19;-1;17,42,84,90;68;4;1;5;5;2;7;-1;-1;2;2;0;0;10;4;9;4;19;8;-1;-1;59;41;2;2;1.01;9;17;0;0;1.36;0;0;0;0;3.1;0;0;2.75;1.4;0;0;0;0;0;0;0;1.36;3.25;15;1.29;0;12;0;0;0;0;0;0;0;0;0;0;0;0;0;0;0;1.11;0;6.5;0;0;0;0;0;0;0;0;0;0;1.11;1.57;2.75;6;6.5;2.25;1.4;1.13;0;0;0;0;5;2;0;2;1;3;2;2021-08-01 17:00:00;1090;0;45;22;33;0;1;1;2;2;3;0;4;3;0;0;2;2;0;4;1;54;27;106;74;2.29;0.99;3.28;0;0;0;0;0;0;1;1;0;0;1;1;0;0;-1;-1;-1;-1;-1;-1;-1;-1;-1;28;45;78;89;100;61;89;100;56;10.88;0;4.66;3.45;Rīgas FS;Metta - LU;2.29;0.5;2.33;0.33;2.47;0.67;73;56;22;11;0;63;63;57;1.97;1;2.97;5622;28;Y;Y;Y;Y;Y;N;Y
2329520;1091;63;2021;complete;90288;20;-1;14;77;1;1;2;4;7;11;-1;-1;1;1;0;0;2;3;2;10;4;13;-1;-1;33;67;1;1;4;3.6;1.22;0;0;1.8;0;0;0;0;2;0;0;1.83;1.83;0;0;0;0;0;0;0;4.75;2.2;2.2;4.5;0;1.95;0;0;0;0;0;0;0;0;0;0;0;0;0;0;0;3;0;1.44;0;0;0;0;0;0;0;0;0;0;1.22;2;4;11;4;1.73;1.22;1.05;0;0;0;0;2;1;0;0;1;1;1;2021-08-15 13:00:00;-1;0;50;14;39;0;1;1;3;3;1;4;6;5;0;1;1;0;1;1;1;57;85;85;117;0.81;1.65;2.46;0;0;0;0;0;0;1;1;0;0;2;0;0;0;-1;-1;-1;-1;-1;-1;-1;-1;-1;19;32;75;82;100;26;75;88;63;10.88;0;4.84;3.07;BFC Daugavpils;Liepāja;1.43;1.79;1.63;1.88;1.41;1.65;82;69;25;19;0;63;47;40;1.28;1.64;2.92;5622;28;Y;Y;N;N;N;N;Y
2329521;1089;1090;2021;complete;90288;20;-1;50;34;1;1;2;1;5;6;-1;-1;4;2;0;1;4;5;5;5;9;10;-1;-1;46;54;4;4;2.2;3.5;1.6;0;0;1.67;0;0;0;0;2.15;0;0;1.57;2.25;0;0;0;0;0;0;0;3.4;2.3;2.63;2.88;0;2.5;0;0;0;0;0;0;0;0;0;0;0;0;0;0;0;2.2;0;1.73;0;0;0;0;0;0;0;0;0;0;1.18;1.83;3.75;9;4.5;1.83;1.25;1.07;0;0;0;0;2;0;1;1;0;1;1;2021-09-29 16:40:00;-1;0;45;12;28;0;1;1;0;4;1;1;4;2;3;2;1;1;5;2;1;27;34;55;66;1.04;1.23;2.27;1;0;1;0;0;0;1;1;0;0;0;1;0;0;-1;-1;-1;-1;-1;-1;-1;-1;-1;19;24;70;76;100;28;65;79;45;12.86;0;5.27;3.17;Riga;Rīgas FS;2.14;2.43;2.45;2.56;2.1;2.52;81;77;30;25;0;69;62;55;1.76;1.51;3.27;5622;28;Y;Y;N;N;N;N;Y
2329522;1088;6910;2021;complete;90288;20;-1;;2,9,38,44;0;4;4;3;7;10;-1;-1;3;0;0;0;6;7;16;13;22;20;-1;-1;42;58;3;0;6;4.75;1.11;0;0;1.67;0;0;0;0;2.15;0;0;2;1.73;0;0;0;0;0;0;0;6.5;2.4;1.83;7;0;1.67;0;0;1.2;1.4;1.73;2.2;2.9;3.9;2.7;1.95;1.57;1.33;0;0;0;4;0;1.29;0;0;0;0;0;0;0;0;0;0;1.18;1.83;3.75;10;4.5;1.83;1.25;1.06;0;0;0;0;4;0;4;0;0;0;4;2021-08-16 14:30:00;6910;0;50;31;24;0;1;1;2;5;1;2;7;3;0;0;3;0;0;3;1;98;116;108;127;2.5;2.58;5.08;0;0;0;0;0;0;1;1;0;2;0;1;0;0;-1;-1;-1;-1;-1;-1;-1;-1;-1;17;17;56;78;100;33;67;84;39;7.72;0;6.83;2.84;Metta - LU;Valmiera / BSS;0.93;2.07;1;1.78;0.63;2.16;84;84;45;22;0;86;79;50;1.14;1.46;2.6;5622;28;Y;Y;Y;Y;N;N;N
2329523;1087;698135;2021;complete;90288;20;-1;-1,-1,-1;;3;0;3;-1;-1;-1;-1;-1;-1;-1;-1;-1;-1;-1;-1;-1;-1;-1;-1;-1;-1;-1;-1;-1;0;0;0;0;0;0;0;0;0;0;0;0;0;0;0;0;0;0;0;0;0;0;0;0;0;0;0;0;0;0;0;0;0;0;0;0;0;0;0;0;0;0;0;0;0;0;0;0;0;0;0;0;0;0;0;0;0;0;0;0;0;0;0;0;0;0;0;0;3;0;0;0;0;0;0;2021-08-16 14:30:00;1087;0;47;19;44;1;-1;-1;-1;-1;-1;-1;-1;-1;-1;-1;-1;-1;-1;-1;-1;0;0;0;0;0;0;0;-1;-1;-1;-1;-1;-1;-1;-1;-1;-1;-1;-1;-1;-1;-1;-1;-1;-1;-1;-1;-1;-1;-1;35;35;64;76;100;35;53;89;64;5.4;0;4.38;3.5;Spartaks Jūrmala;Noah Jūrmala;1.57;0.21;1.5;0.33;1.11;0.18;66;66;36;25;0;57;30;20;1.77;0.79;2.56;5622;28;Y;Y;Y;N;N;N;N
2329524;6910;1089;2021;complete;90288;21;-1;52;9;1;1;2;5;1;6;-1;-1;5;3;0;0;10;5;7;5;17;10;-1;-1;61;39;5;3;1.35;3.8;2.95;0;0;1.65;0;0;0;0;2.2;0;0;1.67;2.1;0;0;0;0;0;0;0;2.3;2.38;4;2;0;4;0;0;0;0;0;0;0;0;0;0;0;0;0;0;0;1.5;0;2.75;3.4;6;0;0;0;0;0;0;0;0;1.17;1.8;3.5;8;5;1.91;1.29;1.08;0;0;0;0;2;0;1;1;0;1;1;2021-10-27 12:00:00;-1;0;42;27;9;0;1;1;2;1;3;0;3;3;1;1;4;2;2;6;1;47;31;103;73;2.11;1.21;3.32;0;0;0;0;0;0;1;1;0;1;1;0;0;0;-1;-1;-1;-1;-1;-1;-1;-1;-1;9;21;46;79;100;38;75;75;29;12.62;0;4.38;2.63;Valmiera / BSS;Riga;2.36;1.43;2.42;1.5;2.28;1.88;92;79;54;21;0;69;54;49;1.68;1.5;3.18;5622;28;Y;Y;N;N;N;N;Y
2329525;1090;1091;2021;complete;90288;21;-1;8,11;;2;0;2;-1;-1;-1;-1;-1;1;1;0;0;-1;-1;-1;-1;-1;-1;-1;-1;-1;-1;1;1;1.02;6;11;0;0;0;0;0;0;0;0;0;0;2.1;1.69;0;0;0;0;0;0;0;1.62;2.75;8;1.43;3.58;8.9;0;0;0;0;0;0;0;0;0;0;0;0;0;0;0;1.17;0;4.75;0;0;0;0;0;0;0;0;0;0;0;0;0;0;0;0;0;0;0;0;0;0;2;2;0;0;0;0;2;2021-08-27 17:00:00;1090;0;47;22;39;0;-1;1;-1;-1;-1;-1;-1;-1;0;0;1;1;0;2;-1;0;0;0;0;0;0;0;0;0;0;0;0;0;1;1;1;0;-1;-1;0;0;-1;-1;-1;-1;-1;-1;-1;-1;-1;26;52;79;84;95;62;73;89;63;9.79;0;3.95;3.4;Rīgas FS;BFC Daugavpils;2.29;0.86;2.4;1.22;2.5;1.39;75;48;22;16;6;69;62;55;2.01;1.01;3.02;5622;28;Y;Y;N;N;N;N;N
2329526;698135;1088;2021;complete;90288;21;-1;;-1,-1,-1;0;3;3;-1;-1;-1;-1;-1;-1;-1;-1;-1;-1;-1;-1;-1;-1;-1;-1;-1;-1;-1;-1;-1;0;0;0;0;0;0;0;0;0;0;0;0;0;0;0;0;0;0;0;0;0;0;0;0;0;0;0;0;0;0;0;0;0;0;0;0;0;0;0;0;0;0;0;0;0;0;0;0;0;0;0;0;0;0;0;0;0;0;0;0;0;0;0;0;0;0;0;0;3;0;0;0;0;0;0;2021-08-28 12:00:00;1088;0;27;5;30;1;-1;-1;-1;-1;-1;-1;-1;-1;-1;-1;-1;-1;-1;-1;-1;0;0;0;0;0;0;0;-1;-1;-1;-1;-1;-1;-1;-1;-1;-1;-1;-1;-1;-1;-1;-1;-1;-1;-1;-1;-1;-1;-1;40;45;85;95;100;50;77;82;57;4.22;0;4.65;3.78;Noah Jūrmala;Metta - LU;0;0.5;0;0.3;0.17;0.6;60;55;15;5;0;22;22;17;1.45;1;2.45;5622;28;Y;Y;Y;N;N;N;N
2329527;63;1087;2021;complete;90288;21;-1;26,38,90;;3;0;3;7;3;10;-1;-1;3;2;0;0;8;4;10;2;18;6;-1;-1;63;37;3;2;1.28;3.8;3.5;0;0;1.75;0;0;0;0;2.05;0;0;1.72;2.05;0;0;0;0;0;0;0;2.1;2.3;5;2;2.6;4.2;0;0;0;0;0;0;0;0;0;0;0;0;0;0;0;1.4;0;3.2;0;0;0;0;0;0;0;0;0;0;0;0;0;0;0;0;0;0;0;0;0;0;3;2;0;1;0;1;2;2021-08-28 14:00:00;63;0;51;26;15;0;1;1;2;0;5;0;2;5;2;0;1;2;2;3;1;74;33;108;74;2.23;0.91;3.13;3;0;2;0;1;0;1;1;0;0;0;0;0;0;-1;-1;-1;-1;-1;-1;-1;-1;-1;15;15;65;85;95;45;86;85;39;12.33;0;4.67;2.81;Liepāja;Spartaks Jūrmala;1.86;0.93;1.44;0.82;1.61;1.2;86;86;36;16;6;78;67;45;1.41;1.58;2.99;5622;28;Y;Y;Y;N;N;N;N
2329528;698135;1089;2021;complete;90288;22;-1;;-1,-1,-1;0;3;3;-1;-1;-1;-1;-1;-1;-1;-1;-1;-1;-1;-1;-1;-1;-1;-1;-1;-1;-1;-1;-1;0;0;0;0;0;0;0;0;0;0;0;0;0;0;0;0;0;0;0;0;0;0;0;0;0;0;0;0;0;0;0;0;0;0;0;0;0;0;0;0;0;0;0;0;0;0;0;0;0;0;0;0;0;0;0;0;0;0;0;0;0;0;0;0;0;0;0;0;3;0;0;0;0;0;0;2021-09-11 11:00:00;1089;0;34;17;16;1;-1;-1;-1;-1;-1;-1;-1;-1;-1;-1;-1;-1;-1;-1;-1;0;0;0;0;0;0;0;-1;-1;-1;-1;-1;-1;-1;-1;-1;-1;-1;-1;-1;-1;-1;-1;-1;-1;-1;-1;-1;-1;-1;33;39;72;89;100;44;67;73;45;5.86;0;4.5;3.56;Noah Jūrmala;Riga;0;1.43;0;1.56;0.16;2.11;67;62;28;11;0;29;22;15;1.45;1.51;2.96;5622;28;Y;Y;Y;N;N;N;N
2329529;1087;1091;2021;complete;90288;22;-1;78,79,82;;3;0;3;12;4;16;-1;-1;1;1;0;0;7;3;13;6;20;9;-1;-1;58;42;1;1;1.52;3.1;2.35;0;0;1.8;0;0;0;0;2;0;0;1.69;2.1;0;0;0;0;0;0;0;2.75;2.1;3.6;2.4;2.52;3.5;0;0;0;0;0;0;0;0;0;0;0;0;0;0;0;1.73;0;2.3;0;0;0;0;0;0;0;0;0;0;0;0;0;0;0;0;0;0;0;0;0;0;3;0;0;3;0;3;0;2021-09-11 13:00:00;1087;0;37;18;36;0;1;1;5;3;7;1;8;8;0;1;1;0;1;1;1;102;83;122;84;2.48;1.37;3.85;0;0;0;0;0;0;1;1;0;0;2;1;0;0;-1;-1;-1;-1;-1;-1;-1;-1;-1;16;31;58;74;95;36;52;74;47;6.97;0;3.92;2.85;Spartaks Jūrmala;BFC Daugavpils;1.57;0.86;1.67;1.1;1.14;1.32;84;69;42;27;5;76;59;42;1.77;1.01;2.78;5622;28;Y;Y;Y;N;N;N;N
2329530;1088;63;2021;complete;90288;22;-1;;27,74,86;0;3;3;1;4;5;-1;-1;5;2;0;1;4;6;3;8;7;14;-1;-1;43;57;5;3;5.3;4.75;1.12;0;0;0;0;0;0;0;0;0;0;1.83;1.83;0;0;0;0;0;0;0;6.5;2.5;1.73;6.5;0;1.57;0;0;0;0;0;0;0;0;0;0;0;0;0;0;0;3.5;0;1.3;0;0;0;0;0;0;0;0;0;0;1.17;1.8;3.5;8;5;1.91;1.29;1.08;0;0;0;0;3;0;1;0;2;2;1;2021-09-12 11:00:00;63;0;32;12;17;0;1;1;1;1;0;3;2;3;1;3;4;0;4;4;1;33;37;68;84;0.97;1.57;2.54;0;0;0;0;0;0;1;1;0;0;1;0;0;0;-1;-1;-1;-1;-1;-1;-1;-1;-1;21;32;59;79;100;32;69;84;47;10.52;0;5.8;3.05;Metta - LU;Liepāja;0.93;1.79;0.9;1.78;0.71;1.68;79;69;42;21;0;87;66;48;1.31;1.65;2.96;5622;28;Y;Y;Y;N;N;N;N
2329531;6910;1090;2021;complete;90288;22;-1;66;42;1;1;2;8;6;14;-1;-1;3;1;0;0;5;3;6;2;11;5;-1;-1;50;50;3;1;2.5;3.5;1.47;0;0;1.85;0;0;0;0;1.95;0;0;1.73;2;0;0;0;0;0;0;0;4;2.2;2.5;3.6;0;2.2;0;0;0;0;0;0;0;0;0;0;0;0;0;0;0;2.5;0;1.57;0;0;0;0;0;0;0;0;0;0;1.22;2;4;11;4;1.73;1.22;1.05;0;0;0;0;2;0;1;1;0;1;1;2021-09-12 13:00:00;-1;0;40;25;22;0;1;1;5;3;3;3;8;6;2;0;1;1;2;2;1;88;42;105;82;1.68;0.84;2.52;0;1;0;1;0;0;1;1;0;0;2;2;0;0;-1;-1;-1;-1;-1;-1;-1;-1;-1;9;19;59;74;100;34;74;72;49;14.36;0;5.33;2.67;Valmiera / BSS;Rīgas FS;2.36;2.43;2.5;2.67;2.2;2.53;92;82;42;27;0;82;71;71;1.67;1.68;3.35;5622;28;Y;Y;N;N;N;N;Y
2329532;1091;6910;2021;complete;90288;23;-1;83;50,54,59,63,80;1;5;6;3;6;9;-1;-1;1;2;0;0;5;8;3;6;8;14;-1;-1;35;65;1;2;4;4.33;1.22;0;0;0;0;0;0;0;0;0;0;1.83;1.9;0;0;0;0;0;0;0;8.5;2.4;1.73;4.75;2.55;1.95;0;0;0;0;0;0;0;0;0;0;0;0;0;0;0;5;0;1.22;0;0;0;0;0;0;0;0;0;0;0;0;0;0;0;0;0;0;0;0;0;0;6;0;0;1;5;6;0;2021-09-26 12:00:00;6910;0;69;28;39;0;1;1;1;4;2;2;5;4;1;2;0;0;3;0;1;48;75;83;110;1.21;1.99;3.19;0;0;0;0;0;0;1;1;0;0;0;0;0;1;-1;-1;-1;-1;-1;-1;-1;-1;-1;11;21;69;85;100;31;79;80;44;8.38;0;5.11;2.85;BFC Daugavpils;Valmiera / BSS;1.43;2.07;1.56;1.9;1.19;2.14;90;79;32;16;0;69;69;44;1.21;1.6;2.81;5622;28;Y;Y;Y;Y;Y;Y;Y
2329533;1089;63;2021;complete;90288;23;-1;;69;0;1;1;7;1;8;-1;-1;4;3;0;0;0;5;7;2;7;7;-1;-1;52;48;4;3;1.3;3.75;3.25;0;0;0;0;0;0;0;0;0;0;1.65;2.15;0;0;0;0;0;0;0;2.3;2.38;4;2.05;2.6;4;0;0;0;0;0;0;0;0;0;0;0;0;0;0;0;1.53;0;2.5;0;0;0;0;0;0;0;0;0;0;0;0;0;0;0;0;0;0;0;0;0;0;1;0;0;0;1;1;0;2021-09-25 13:00:00;63;0;43;10;20;0;1;1;2;1;5;0;3;5;2;2;2;1;4;3;1;28;13;81;61;0.65;0.89;1.55;0;0;0;0;0;0;1;1;0;0;0;0;0;0;-1;-1;-1;-1;-1;-1;-1;-1;-1;24;34;77;81;100;39;81;86;53;12.11;0;4.9;3.4;Riga;Liepāja;2.14;1.79;2.7;1.73;2.2;1.67;76;67;24;19;0;67;47;39;1.94;1.6;3.54;5622;28;Y;N;N;N;N;N;N
2329534;698135;1090;2021;complete;90288;23;-1;;-1,-1,-1;0;3;3;-1;-1;-1;-1;-1;-1;-1;-1;-1;-1;-1;-1;-1;-1;-1;-1;-1;-1;-1;-1;-1;0;0;0;0;0;0;0;0;0;0;0;0;0;0;0;0;0;0;0;0;0;0;0;0;0;0;0;0;0;0;0;0;0;0;0;0;0;0;0;0;0;0;0;0;0;0;0;0;0;0;0;0;0;0;0;0;0;0;0;0;0;0;0;0;0;0;0;0;3;0;0;0;0;0;0;2021-09-26 11:00:00;1090;0;30;7;25;1;-1;-1;-1;-1;-1;-1;-1;-1;-1;-1;-1;-1;-1;-1;-1;0;0;0;0;0;0;0;-1;-1;-1;-1;-1;-1;-1;-1;-1;-1;-1;-1;-1;-1;-1;-1;-1;-1;-1;-1;-1;-1;-1;25;25;82;88;100;25;54;60;48;8;0;5.25;3.33;Noah Jūrmala;Rīgas FS;0;2.43;0;2.5;0.14;2.5;76;76;19;13;0;40;40;40;1.45;1.51;2.96;5622;28;Y;Y;Y;N;N;N;N
2329535;1087;1088;2021;complete;90288;23;-1;85;;1;0;1;6;8;14;-1;-1;1;4;0;0;6;4;7;7;13;11;-1;-1;58;42;1;4;1.2;4.33;4.05;0;0;0;0;0;0;0;0;0;0;1.69;2.05;0;0;0;0;0;0;0;2;2.4;5;1.76;2.92;4.98;0;0;0;0;0;0;0;0;0;0;0;0;0;0;0;1.36;0;3.1;0;0;0;0;0;0;0;0;0;0;0;0;0;0;0;0;0;0;0;0;0;0;1;0;0;1;0;1;0;2021-09-26 13:00:00;1087;0;38;16;37;0;1;1;3;3;3;5;6;8;1;1;0;3;2;3;1;92;80;111;94;1.9;1.55;3.45;0;0;0;0;0;0;1;1;0;0;1;1;0;0;-1;-1;-1;-1;-1;-1;-1;-1;-1;24;28;67;81;100;33;61;86;48;8.89;0;4.51;3.09;Spartaks Jūrmala;Metta - LU;1.57;0.5;1.8;0.55;1.23;0.68;77;72;34;20;0;64;56;42;1.89;1;2.89;5622;28;Y;N;N;N;N;N;N
2329536;698135;6910;2021;complete;90288;24;-1;;-1,-1,-1;0;3;3;-1;-1;-1;-1;-1;-1;-1;-1;-1;-1;-1;-1;-1;-1;-1;-1;-1;-1;-1;-1;-1;0;0;0;0;0;0;0;0;0;0;0;0;0;0;0;0;0;0;0;0;0;0;0;0;0;0;0;0;0;0;0;0;0;0;0;0;0;0;0;0;0;0;0;0;0;0;0;0;0;0;0;0;0;0;0;0;0;0;0;0;0;0;0;0;0;0;0;0;3;0;0;0;0;0;0;2021-10-02 10:00:00;6910;0;36;20;25;1;-1;-1;-1;-1;-1;-1;-1;-1;-1;-1;-1;-1;-1;-1;-1;0;0;0;0;0;0;0;-1;-1;-1;-1;-1;-1;-1;-1;-1;-1;-1;-1;-1;-1;-1;-1;-1;-1;-1;-1;-1;-1;-1;26;30;87;91;100;39;58;53;35;5.78;0;5.25;3.46;Noah Jūrmala;Valmiera / BSS;0;2.07;0;2;0.14;2.18;75;70;14;9;0;45;39;22;1.45;1.65;3.1;5622;28;Y;Y;Y;N;N;N;N
2329537;1087;1089;2021;complete;90288;24;-1;22;76;1;1;2;1;13;14;-1;-1;2;1;0;0;3;7;3;7;6;14;-1;-1;38;62;2;1;4.5;3.8;1.18;0;0;0;0;0;0;0;0;0;0;1.62;2.2;0;0;0;0;0;0;0;5;2.5;1.95;4.75;0;1.8;0;0;0;0;0;0;0;0;0;0;0;0;0;0;0;3;0;1.4;0;0;0;0;0;0;0;0;0;0;1.14;1.73;3.25;7;5.5;2;1.33;1.1;0;0;0;0;2;1;0;0;1;1;1;2021-10-02 10:00:00;-1;0;43;27;21;0;1;1;1;1;0;12;2;12;2;1;0;0;3;0;1;19;47;68;87;0.74;1.71;2.45;0;0;0;0;0;0;1;1;0;0;1;0;0;0;-1;-1;-1;-1;-1;-1;-1;-1;-1;19;24;53;72;100;29;53;81;38;10.57;0;4.25;2.87;Spartaks Jūrmala;Riga;1.57;1.43;1.91;1.7;1.3;2.05;81;76;48;28;0;72;57;43;1.89;1.51;3.4;5622;28;Y;Y;N;N;N;N;Y
2329538;63;1090;2021;complete;90288;24;-1;58;75;1;1;2;2;9;11;-1;-1;6;3;0;0;7;8;4;6;11;14;-1;-1;56;44;6;3;2.35;3.2;1.55;0;0;2;0;0;0;0;1.8;0;0;1.73;2;0;0;0;0;0;0;0;4;2.2;2.6;3.25;0;2.4;0;0;0;0;0;0;0;0;0;0;0;0;0;0;0;2.3;0;1.67;0;0;0;0;0;0;0;0;0;0;1.22;2;4.33;11;4;1.73;1.2;1.05;0;0;0;0;2;0;0;1;1;2;0;2021-10-02 12:00:00;-1;0;50;22;18;0;1;1;0;4;2;5;4;7;2;0;4;3;2;7;1;49;62;106;96;1.55;1.89;3.44;0;0;0;0;0;0;1;1;0;0;0;0;0;0;-1;-1;-1;-1;-1;-1;-1;-1;-1;10;10;60;80;95;30;75;75;30;12.87;0;5.43;2.6;Liepāja;Rīgas FS;1.86;2.43;1.6;2.4;1.73;2.45;90;90;40;20;5;69;64;49;1.5;1.46;2.96;5622;28;Y;Y;N;N;N;N;Y
2329539;1088;1091;2021;complete;90288;24;-1;72,90;19,69;2;2;4;4;3;7;-1;-1;2;2;0;0;6;4;9;4;15;8;-1;-1;52;48;2;2;2.95;3.4;1.36;0;0;1.85;0;0;0;0;1.95;0;0;1.8;1.91;0;0;0;0;0;0;0;4.33;2.2;2.4;3.75;0;2.2;0;0;0;0;0;0;0;0;0;0;0;0;0;0;0;2.6;0;1.57;0;0;0;0;0;0;0;0;0;0;1.22;2;4.33;11;4;1.73;1.2;1.05;0;0;0;0;4;0;1;2;1;3;1;2021-10-02 14:30:00;-1;0;30;9;27;0;1;1;2;2;2;1;4;3;1;1;1;1;2;2;1;34;29;77;67;1.61;1;2.61;1;0;1;0;0;0;1;1;0;0;1;1;0;0;-1;-1;-1;-1;-1;-1;-1;-1;-1;18;35;61;83;96;39;61;83;57;6.33;0;5.09;3.17;Metta - LU;BFC Daugavpils;0.93;0.86;0.82;0.92;0.65;1.14;83;66;39;18;4;78;67;45;1.27;1.05;2.32;5622;28;Y;Y;Y;Y;N;N;Y
2329540;6910;63;2021;complete;90288;25;-1;64;;1;0;1;2;5;7;-1;-1;3;3;0;0;6;3;9;4;15;7;-1;-1;43;57;3;3;1.8;3.3;1.95;0;0;1.98;0;0;0;0;1.83;0;0;1.8;1.91;0;0;0;0;0;0;0;3.1;2.1;3.2;2.75;0;2.88;0;0;0;0;0;0;0;0;0;0;0;0;0;0;0;1.83;0;2.1;3.75;4.8;0;0;0;0;0;0;0;0;1.25;2.1;4.5;13;3.75;1.67;1.18;1.04;0;0;0;0;1;0;0;1;0;1;0;2021-10-16 11:00:00;6910;0;35;20;10;0;1;1;0;2;2;3;2;5;2;2;1;1;4;2;1;55;37;118;101;1.77;0.93;2.7;0;0;0;0;0;0;1;1;0;0;0;0;0;0;-1;-1;-1;-1;-1;-1;-1;-1;-1;9;22;56;79;100;35;79;74;39;13.1;0;4.92;2.64;Valmiera / BSS;Liepāja;2.36;1.79;2.36;1.83;2.22;1.7;92;79;44;22;0;75;55;55;1.67;1.53;3.2;5622;28;Y;N;N;N;N;N;N
2329541;1090;1087;2021;complete;90288;25;-1;19;72;1;1;2;9;2;11;-1;-1;-1;-1;-1;-1;10;3;3;5;13;8;-1;-1;57;43;-1;-1;1.15;4.75;5;0;0;1.44;0;0;0;0;2.7;0;0;1.67;2.1;0;0;0;0;0;0;0;1.8;2.63;6;1.67;0;5;0;0;0;0;0;0;0;0;0;0;0;0;0;0;0;1.33;0;3.25;0;0;0;0;0;0;0;0;0;0;1.13;1.62;3;6.5;6;2.2;1.36;1.11;0;0;0;0;2;1;0;0;1;1;1;2021-10-16 13:00:00;-1;0;50;21;25;0;1;-1;2;0;7;2;2;9;-1;-1;-1;-1;-1;-1;1;46;34;77;71;1.85;0.97;2.82;-1;-1;-1;-1;-1;-1;-1;1;0;0;1;0;-1;-1;-1;-1;-1;-1;-1;-1;-1;-1;-1;25;34;79;92;100;63;88;92;59;12.8;0;4.5;3.42;Rīgas FS;Spartaks Jūrmala;2.29;0.93;2.5;0.75;2.39;1.29;75;67;21;8;0;75;70;55;1.95;1.51;3.46;5622;28;Y;Y;N;N;N;N;Y
2329542;1091;698135;2021;complete;90288;25;-1;-1,-1,-1;;3;0;3;-1;-1;-1;-1;-1;-1;-1;-1;-1;-1;-1;-1;-1;-1;-1;-1;-1;-1;-1;-1;-1;0;0;0;0;0;0;0;0;0;0;0;0;0;0;0;0;0;0;0;0;0;0;0;0;0;0;0;0;0;0;0;0;0;0;0;0;0;0;0;0;0;0;0;0;0;0;0;0;0;0;0;0;0;0;0;0;0;0;0;0;0;0;0;0;0;0;0;0;3;0;0;0;0;0;0;2021-10-17 11:00:00;1091;0;60;12;55;1;-1;-1;-1;-1;-1;-1;-1;-1;-1;-1;-1;-1;-1;-1;-1;0;0;0;0;0;0;0;-1;-1;-1;-1;-1;-1;-1;-1;-1;-1;-1;-1;-1;-1;-1;-1;-1;-1;-1;-1;-1;-1;-1;30;35;75;90;100;25;60;90;70;4.67;0;4.03;3.6;BFC Daugavpils;Noah Jūrmala;1.43;0.21;1.4;0.3;1.13;0.13;70;65;25;10;0;45;22;17;1.21;0.79;2;5622;28;Y;Y;Y;N;N;N;N
2329543;1089;1088;2021;complete;90288;25;-1;11;53;1;1;2;5;7;12;-1;-1;3;2;1;0;5;7;9;9;14;16;-1;-1;51;49;4;2;1.03;6;10;0;0;0;0;0;0;0;0;0;0;2;1.73;0;0;0;0;0;0;0;1.62;2.75;8;1.44;0;8;0;0;0;0;0;0;0;0;0;0;0;0;0;0;0;1.2;0;4.33;2.1;17;0;0;0;0;0;0;0;0;1.13;1.62;3;6.5;6;2.2;1.36;1.11;0;0;0;0;2;1;0;0;1;1;1;2021-10-17 13:00:00;-1;0;42;9;31;0;1;1;1;1;4;6;2;10;2;0;2;2;2;4;1;86;100;114;110;1.85;2.22;4.07;0;0;0;0;0;0;1;1;0;0;0;1;0;0;-1;-1;-1;-1;-1;-1;-1;-1;-1;25;33;67;79;100;42;75;92;42;8.95;0;4.97;3.25;Riga;Metta - LU;2.14;0.5;2.33;0.5;2;0.67;75;67;33;21;0;50;44;33;1.67;1.06;2.73;5622;28;Y;Y;N;N;N;N;Y
2329544;1087;6910;2021;complete;90288;26;-1;60;38,67,79,85;1;4;5;-1;-1;-1;-1;-1;0;1;0;0;-1;-1;-1;-1;-1;-1;-1;-1;-1;-1;0;1;4;3.8;1.22;0;0;1.48;0;0;0;0;2.6;0;0;1.53;2.38;0;0;0;0;0;0;0;4.33;2.5;2.1;4;0;1.91;0;0;0;0;0;0;0;0;0;0;0;0;0;0;0;2.63;0;1.44;11;3.1;0;0;0;0;0;0;0;0;1.14;1.67;3;6.5;5.5;2.1;1.36;1.11;0;0;0;0;5;0;1;1;3;4;1;2021-10-23 11:00:00;6910;0;50;29;29;0;-1;1;-1;-1;-1;-1;-1;-1;0;0;0;1;0;1;-1;0;0;0;0;0;0;0;0;0;0;0;0;0;1;1;0;0;-1;-1;0;0;-1;-1;-1;-1;-1;-1;-1;-1;-1;17;21;63;75;100;30;55;71;34;9.91;0;5;2.88;Spartaks Jūrmala;Valmiera / BSS;1.57;2.07;1.83;2.08;1.28;2.25;83;79;38;25;0;89;77;54;1.75;1.65;3.4;5622;28;Y;Y;Y;Y;Y;N;Y
2329545;1091;1089;2021;complete;90288;26;-1;10,47,57;;3;0;3;2;6;8;-1;-1;2;3;0;0;6;2;2;5;8;7;-1;-1;37;63;2;3;6.25;5.25;1.1;0;0;1.44;0;0;0;0;2.7;0;0;1.83;1.83;0;0;0;0;0;0;0;7.5;2.75;1.62;5.5;0;1.67;0;0;0;0;0;0;0;0;0;0;0;0;0;0;0;3.4;0;1.33;12;2.62;0;0;0;0;0;0;0;0;1.13;1.62;3;6.5;6;2.2;1.36;1.11;0;0;0;0;3;1;0;2;0;2;1;2021-10-23 11:00:00;1091;0;64;20;35;0;1;1;1;2;1;4;3;5;0;1;2;2;1;4;1;55;90;70;120;1.32;1.24;2.56;1;1;1;0;0;1;1;1;1;0;0;0;0;0;-1;-1;-1;-1;-1;-1;-1;-1;-1;18;27;59;87;100;23;69;87;46;9.55;0;4.01;3.05;BFC Daugavpils;Riga;1.43;1.43;1.55;1.64;1.21;1.96;82;73;41;14;0;60;47;36;1.21;1.54;2.75;5622;28;Y;Y;Y;N;N;N;N
2329546;1088;1090;2021;complete;90288;26;-1;38,59;23,33,44,62,77;2;5;7;4;2;6;-1;-1;2;1;0;0;9;10;7;7;16;17;-1;-1;46;54;2;1;5.65;4.75;1.11;0;0;0;0;0;0;0;0;0;0;1.83;1.83;0;0;0;0;0;0;0;7;2.6;1.73;6.5;0;1.62;0;0;1.2;1.36;1.67;2.05;2.8;3.9;2.8;2.05;1.67;1.36;0;0;0;4;0;1.25;15;2.38;0;0;0;0;0;0;0;0;1.17;1.73;3.4;8;5;2;1.3;1.08;0;0;0;0;7;1;3;1;2;3;4;2021-10-20 15:30:00;1090;0;44;10;29;0;1;1;2;0;2;2;2;4;1;1;1;0;2;1;1;85;111;109;123;2.25;2.57;4.82;0;0;0;0;0;0;1;1;0;0;1;0;0;0;-1;-1;-1;-1;-1;-1;-1;-1;-1;13;21;57;83;100;17;61;83;52;10.2;0;6.44;2.91;Metta - LU;Rīgas FS;0.93;2.43;0.83;2.27;0.68;2.33;87;79;44;18;0;71;66;51;1.3;1.53;2.83;5622;28;Y;Y;Y;Y;Y;Y;Y
2329547;63;698135;2021;complete;90288;26;-1;-1,-1,-1;;3;0;3;3;10;13;-1;-1;-1;-1;-1;-1;5;9;2;10;7;19;-1;-1;38;62;-1;-1;5.5;4;1.5;0;0;1.48;0;0;0;0;2.6;0;0;1.57;2.25;0;0;0;0;0;0;0;4.75;2.5;2;4.75;0;1.8;0;0;0;0;0;0;0;0;0;0;0;0;0;0;0;2.88;0;1.4;0;0;0;0;0;0;0;0;0;0;1.14;1.67;3.25;7;5.5;2.1;1.33;1.1;0;0;0;0;3;0;0;0;0;0;0;2021-10-23 11:00:00;63;0;46;20;34;1;1;-1;1;4;2;6;5;8;-1;-1;-1;-1;-1;-1;1;75;106;108;119;1.34;2.59;3.93;-1;-1;-1;-1;-1;-1;-1;-1;-1;-1;0;2;-1;-1;-1;-1;-1;-1;-1;-1;-1;-1;-1;23;23;69;87;96;41;64;78;46;6.82;0;4.77;3.18;Liepāja;Noah Jūrmala;1.86;0.21;1.55;0.27;1.63;0.13;78;78;32;14;5;53;32;18;1.5;0.79;2.29;5622;28;Y;Y;Y;N;N;N;N
2329548;6910;1088;2021;complete;90288;27;-1;20;;1;0;1;8;11;19;-1;-1;3;3;0;0;7;7;11;9;18;16;-1;-1;54;46;3;3;1.03;6.5;10;0;0;0;0;0;0;0;0;0;0;2;1.73;0;0;0;0;0;0;0;1.57;2.75;8.5;1.4;0;8.5;0;0;0;0;0;0;0;0;0;0;0;0;0;0;0;1.17;0;5;1.75;21;0;0;0;0;0;0;0;0;1.14;1.67;3.25;7;5.5;2.1;1.33;1.1;0;0;0;0;1;1;0;0;0;0;1;2021-10-31 11:30:00;6910;0;38;17;21;0;1;1;4;6;4;5;10;9;0;0;3;3;0;6;1;102;94;112;107;2.35;2.17;4.53;0;0;0;0;0;0;1;1;0;0;2;0;0;0;-1;-1;-1;-1;-1;-1;-1;-1;-1;12;23;50;81;100;38;77;81;31;10.58;0;4.92;2.66;Valmiera / BSS;Metta - LU;2.36;0.5;2.31;0.54;2.23;0.65;89;77;50;19;0;65;57;52;1.71;1.16;2.87;5622;28;Y;N;N;N;N;N;N
2329549;1090;1089;2021;complete;90288;27;-1;;;0;0;0;7;3;10;-1;-1;4;4;0;2;6;2;11;5;17;7;-1;-1;62;38;4;6;1.33;3.75;3.1;0;0;1.85;0;0;0;0;1.95;0;0;1.73;2;0;0;0;0;0;0;0;2.25;2.3;4.33;2;0;4;0;0;0;0;0;0;0;0;0;0;0;0;0;0;0;1.5;0;2.75;3.4;8;0;0;0;0;0;0;0;0;1.18;1.83;3.75;10;4.5;1.83;1.25;1.06;0;0;0;0;0;0;0;0;0;0;0;2021-10-31 11:30:00;-1;0;58;24;20;0;1;1;1;2;6;1;3;7;3;2;1;4;5;5;1;34;28;81;75;1.74;0.79;2.53;0;0;0;0;0;0;1;1;0;0;1;0;0;1;-1;-1;-1;-1;-1;-1;-1;-1;-1;23;35;62;89;100;50;85;89;47;12.49;0;4.35;3.2;Rīgas FS;Riga;2.29;1.43;2.38;1.46;2.38;1.85;77;66;39;12;0;57;52;47;1.94;1.47;3.41;5622;28;N;N;N;N;N;N;N
2329550;63;1091;2021;complete;90288;27;-1;19,34,65;69;3;1;4;4;2;6;-1;-1;3;1;0;0;5;3;6;1;11;4;-1;-1;55;45;3;1;1.04;7;11;0;0;0;0;0;0;0;0;0;0;2.5;1.5;0;0;0;0;0;0;0;1.57;2.75;9;1.4;0;9.5;0;0;0;0;0;0;0;0;0;0;0;0;0;0;0;1.14;0;6;1.83;23;0;0;0;0;0;0;0;0;1.17;1.83;3.5;9;5;1.83;1.29;1.07;0;0;0;0;4;2;0;1;1;2;2;2021-10-31 11:30:00;63;0;42;18;30;0;1;1;0;2;4;0;2;4;2;0;1;1;2;2;1;60;61;84;89;1.48;0.91;2.39;0;0;0;0;0;0;1;1;0;0;0;0;0;0;-1;-1;-1;-1;-1;-1;-1;-1;-1;12;27;66;85;92;42;66;73;43;8.78;0;4.31;2.93;Liepāja;BFC Daugavpils;1.86;0.86;1.77;0.92;1.73;1.23;89;73;35;15;8;73;64;46;1.49;1.04;2.53;5622;28;Y;Y;Y;Y;N;N;Y
2329551;698135;1087;2021;complete;90288;27;-1;;-1,-1,-1;0;3;3;-1;-1;-1;-1;-1;-1;-1;-1;-1;-1;-1;-1;-1;-1;-1;-1;-1;-1;-1;-1;-1;0;0;0;0;0;0;0;0;0;0;0;0;0;0;0;0;0;0;0;0;0;0;0;0;0;0;0;0;0;0;0;0;0;0;0;0;0;0;0;0;0;0;0;0;0;0;0;0;0;0;0;0;0;0;0;0;0;0;0;0;0;0;0;0;0;0;0;0;3;0;0;0;0;0;0;2021-10-31 11:30:00;1087;0;27;8;18;1;-1;-1;-1;-1;-1;-1;-1;-1;-1;-1;-1;-1;-1;-1;-1;0;0;0;0;0;0;0;-1;-1;-1;-1;-1;-1;-1;-1;-1;-1;-1;-1;-1;-1;-1;-1;-1;-1;-1;-1;-1;-1;-1;23;23;85;96;100;39;62;65;42;6.55;0;4.67;3.43;Noah Jūrmala;Spartaks Jūrmala;0;0.93;0;0.77;0.12;1.23;77;77;16;4;0;46;41;28;1.45;1.45;2.9;5622;28;Y;Y;Y;N;N;N;N
2329552;1089;6910;2021;complete;90288;28;-1;;;0;0;0;4;5;9;-1;-1;0;2;0;0;4;8;10;3;14;11;-1;-1;48;52;0;2;2.7;3.6;1.41;0;0;0;0;0;0;0;0;0;0;1.62;2.2;0;0;0;0;0;0;0;3.4;2.25;2.63;3.25;0;2.3;0;0;0;0;0;0;0;0;0;0;0;0;0;0;0;2.3;0;1.67;6.5;3.4;0;0;0;0;0;0;0;0;1.18;1.83;3.75;9;4.5;1.83;1.25;1.07;0;0;0;0;0;0;0;0;0;0;0;2021-11-06 11:30:00;-1;0;58;22;30;0;1;1;2;1;2;4;3;6;0;0;0;2;0;2;1;40;34;79;79;1.45;1.5;2.96;0;0;0;0;0;0;1;1;0;0;1;0;0;0;-1;-1;-1;-1;-1;-1;-1;-1;-1;23;31;70;81;100;38;73;77;35;10;0;5.36;3.27;Riga;Valmiera / BSS;2.14;2.07;2.23;2.15;1.81;2.26;77;69;31;19;0;73;61;39;1.69;1.65;3.34;5622;28;N;N;N;N;N;N;N
2329553;1087;63;2021;complete;90288;28;-1;;39;0;1;1;2;5;7;-1;-1;1;3;0;0;7;7;8;4;15;11;-1;-1;43;57;1;3;3.2;4;1.3;0;0;0;0;0;0;0;0;0;0;1.73;2;0;0;0;0;0;0;0;4.5;2.38;2.2;4.33;0;1.91;0;0;0;0;0;0;0;0;0;0;0;0;0;0;0;2.75;0;1.44;7.5;2.88;0;0;0;0;0;0;0;0;1.18;1.83;3.75;9;4.5;1.83;1.25;1.07;0;0;0;0;1;0;1;0;0;0;1;2021-11-06 11:30:00;63;0;39;13;21;0;1;1;1;3;1;2;4;3;1;0;0;3;1;3;1;30;28;75;70;1.65;1.39;3.04;0;0;0;0;0;0;1;1;0;0;1;0;1;0;-1;-1;-1;-1;-1;-1;-1;-1;-1;19;23;58;69;100;19;58;85;46;10.95;0;4.66;2.77;Spartaks Jūrmala;Liepāja;1.57;1.79;1.69;1.69;1.3;1.78;81;77;42;31;0;72;56;50;1.75;1.47;3.22;5622;28;Y;N;N;N;N;N;N
2329554;1088;698135;2021;complete;90288;28;-1;-1,-1,-1;;3;0;3;-1;-1;-1;-1;-1;-1;-1;-1;-1;-1;-1;-1;-1;-1;-1;-1;-1;-1;-1;-1;-1;0;0;0;0;0;0;0;0;0;0;0;0;0;0;0;0;0;0;0;0;0;0;0;0;0;0;0;0;0;0;0;0;0;0;0;0;0;0;0;0;0;0;0;0;0;0;0;0;0;0;0;0;0;0;0;0;0;0;0;0;0;0;0;0;0;0;0;0;3;0;0;0;0;0;0;2021-11-06 11:30:00;1088;0;35;14;41;1;-1;-1;-1;-1;-1;-1;-1;-1;-1;-1;-1;-1;-1;-1;-1;0;0;0;0;0;0;0;-1;-1;-1;-1;-1;-1;-1;-1;-1;-1;-1;-1;-1;-1;-1;-1;-1;-1;-1;-1;-1;-1;-1;27;35;74;89;100;31;54;77;58;6.52;0;5.36;3.62;Metta - LU;Noah Jūrmala;0.93;0.21;0.77;0.23;0.63;0.11;73;66;27;12;0;57;40;26;1.39;1.24;2.63;5622;28;Y;Y;Y;N;N;N;N
2329555;1091;1090;2021;complete;90288;28;-1;;8,44;0;2;2;4;7;11;-1;-1;2;2;0;0;0;4;2;5;2;9;-1;-1;32;68;2;2;15;6;1.02;0;0;0;0;0;0;0;0;0;0;2.25;1.57;0;0;0;0;0;0;0;12;2.88;1.44;12;0;1.33;0;0;0;0;0;0;0;0;0;0;0;0;0;0;0;6;0;1.13;26;1.75;0;0;0;0;0;0;0;0;1.13;1.62;3;6;6;2.2;1.36;1.13;0;0;0;0;2;0;2;0;0;0;2;2021-11-06 11:30:00;1090;0;58;13;43;0;1;1;2;4;2;3;6;5;0;0;2;2;0;4;1;47;78;72;140;0.47;1.43;1.9;0;0;0;0;0;0;1;1;0;1;0;1;0;0;-1;-1;-1;-1;-1;-1;-1;-1;-1;15;19;70;89;100;12;66;85;62;9.67;0;4.56;3.08;BFC Daugavpils;Rīgas FS;1.43;2.43;1.54;2.38;1.19;2.33;85;81;31;12;0;51;46;42;1.19;1.65;2.84;5622;28;Y;Y;N;N;N;N;N
