ID;HOMEID;AWAYID;SEASON;STATUS;ROUNDID;GAME_WEEK;REVISED_GAME_WEEK;HOMEGOALS;AWAYGOALS;HOMEGOALCOUNT;AWAYGOALCOUNT;TOTALGOALCOUNT;TEAM_A_CORNERS;TEAM_B_CORNERS;TOTALCORNERCOUNT;TEAM_A_OFFSIDES;TEAM_B_OFFSIDES;TEAM_A_YELLOW_CARDS;TEAM_B_YELLOW_CARDS;TEAM_A_RED_CARDS;TEAM_B_RED_CARDS;TEAM_A_SHOTSONTARGET;TEAM_B_SHOTSONTARGET;TEAM_A_SHOTSOFFTARGET;TEAM_B_SHOTSOFFTARGET;TEAM_A_SHOTS;TEAM_B_SHOTS;TEAM_A_FOULS;TEAM_B_FOULS;TEAM_A_POSSESSION;TEAM_B_POSSESSION;TEAM_A_CARDS_NUM;TEAM_B_CARDS_NUM;ODDS_FT_1;ODDS_FT_X;ODDS_FT_2;ODDS_FT_OVER05;ODDS_FT_OVER15;ODDS_FT_OVER25;ODDS_FT_OVER35;ODDS_FT_OVER45;ODDS_FT_UNDER05;ODDS_FT_UNDER15;ODDS_FT_UNDER25;ODDS_FT_UNDER35;ODDS_FT_UNDER45;ODDS_BTTS_YES;ODDS_BTTS_NO;ODDS_TEAM_A_CS_YES;ODDS_TEAM_A_CS_NO;ODDS_TEAM_B_CS_YES;ODDS_TEAM_B_CS_NO;ODDS_DOUBLECHANCE_1X;ODDS_DOUBLECHANCE_12;ODDS_DOUBLECHANCE_X2;ODDS_1ST_HALF_RESULT_1;ODDS_1ST_HALF_RESULT_X;ODDS_1ST_HALF_RESULT_2;ODDS_2ND_HALF_RESULT_1;ODDS_2ND_HALF_RESULT_X;ODDS_2ND_HALF_RESULT_2;ODDS_DNB_1;ODDS_DNB_2;ODDS_CORNERS_OVER_75;ODDS_CORNERS_OVER_85;ODDS_CORNERS_OVER_95;ODDS_CORNERS_OVER_105;ODDS_CORNERS_OVER_115;ODDS_CORNERS_UNDER_75;ODDS_CORNERS_UNDER_85;ODDS_CORNERS_UNDER_95;ODDS_CORNERS_UNDER_105;ODDS_CORNERS_UNDER_115;ODDS_CORNERS_1;ODDS_CORNERS_X;ODDS_CORNERS_2;ODDS_TEAM_TO_SCORE_FIRST_1;ODDS_TEAM_TO_SCORE_FIRST_X;ODDS_TEAM_TO_SCORE_FIRST_2;ODDS_WIN_TO_NIL_1;ODDS_WIN_TO_NIL_2;ODDS_1ST_HALF_OVER05;ODDS_1ST_HALF_OVER15;ODDS_1ST_HALF_OVER25;ODDS_1ST_HALF_OVER35;ODDS_1ST_HALF_UNDER05;ODDS_1ST_HALF_UNDER15;ODDS_1ST_HALF_UNDER25;ODDS_1ST_HALF_UNDER35;ODDS_2ND_HALF_OVER05;ODDS_2ND_HALF_OVER15;ODDS_2ND_HALF_OVER25;ODDS_2ND_HALF_OVER35;ODDS_2ND_HALF_UNDER05;ODDS_2ND_HALF_UNDER15;ODDS_2ND_HALF_UNDER25;ODDS_2ND_HALF_UNDER35;ODDS_BTTS_1ST_HALF_YES;ODDS_BTTS_1ST_HALF_NO;ODDS_BTTS_2ND_HALF_YES;ODDS_BTTS_2ND_HALF_NO;OVERALLGOALCOUNT;HT_GOALS_TEAM_A;HT_GOALS_TEAM_B;GOALS_2HG_TEAM_A;GOALS_2HG_TEAM_B;GOALCOUNT_2HG;HTGOALCOUNT;DATE_UNIX;WINNINGTEAM;NO_HOME_AWAY;BTTS_POTENTIAL;BTTS_FHG_POTENTIAL;BTTS_2HG_POTENTIAL;GOALTIMINGDISABLED;CORNER_TIMINGS_RECORDED;CARD_TIMINGS_RECORDED;TEAM_A_FH_CORNERS;TEAM_B_FH_CORNERS;TEAM_A_2H_CORNERS;TEAM_B_2H_CORNERS;CORNER_FH_COUNT;CORNER_2H_COUNT;TEAM_A_FH_CARDS;TEAM_B_FH_CARDS;TEAM_A_2H_CARDS;TEAM_B_2H_CARDS;TOTAL_FH_CARDS;TOTAL_2H_CARDS;ATTACKS_RECORDED;TEAM_A_DANGEROUS_ATTACKS;TEAM_B_DANGEROUS_ATTACKS;TEAM_A_ATTACKS;TEAM_B_ATTACKS;TEAM_A_XG;TEAM_B_XG;TOTAL_XG;TEAM_A_PENALTIES_WON;TEAM_B_PENALTIES_WON;TEAM_A_PENALTY_GOALS;TEAM_B_PENALTY_GOALS;TEAM_A_PENALTY_MISSED;TEAM_B_PENALTY_MISSED;PENS_RECORDED;GOAL_TIMINGS_RECORDED;TEAM_A_0_10_MIN_GOALS;TEAM_B_0_10_MIN_GOALS;TEAM_A_CORNERS_0_10_MIN;TEAM_B_CORNERS_0_10_MIN;TEAM_A_CARDS_0_10_MIN;TEAM_B_CARDS_0_10_MIN;THROWINS_RECORDED;TEAM_A_THROWINS;TEAM_B_THROWINS;FREEKICKS_RECORDED;TEAM_A_FREEKICKS;TEAM_B_FREEKICKS;GOALKICKS_RECORDED;TEAM_A_GOALKICKS;TEAM_B_GOALKICKS;O45_POTENTIAL;O35_POTENTIAL;O25_POTENTIAL;O15_POTENTIAL;O05_POTENTIAL;O15HT_POTENTIAL;O05HT_POTENTIAL;O05_2H_POTENTIAL;O15_2H_POTENTIAL;CORNERS_POTENTIAL;OFFSIDES_POTENTIAL;CARDS_POTENTIAL;AVG_POTENTIAL;HOME_NAME;AWAY_NAME;HOME_PPG;AWAY_PPG;PRE_MATCH_HOME_PPG;PRE_MATCH_AWAY_PPG;PRE_MATCH_TEAMA_OVERALL_PPG;PRE_MATCH_TEAMB_OVERALL_PPG;U45_POTENTIAL;U35_POTENTIAL;U25_POTENTIAL;U15_POTENTIAL;U05_POTENTIAL;CORNERS_O85_POTENTIAL;CORNERS_O95_POTENTIAL;CORNERS_O105_POTENTIAL;TEAM_A_XG_PREMATCH;TEAM_B_XG_PREMATCH;TOTAL_XG_PREMATCH;COMPETITION_ID;MATCHES_COMPLETED_MINIMUM;OVER05;OVER15;OVER25;OVER35;OVER45;OVER55;BTTS
61961;63;1093;2015;complete;290;1;-1;19,53,62;30,87;3;2;5;5;5;10;5;2;2;4;0;0;3;7;5;7;8;14;17;23;41;59;2;4;0;0;0;0;0;0;0;0;0;0;0;0;0;0;0;0;0;0;0;0;0;0;0;0;0;0;0;0;0;0;0;0;0;0;0;0;0;0;0;0;0;0;0;0;0;0;0;0;0;0;0;0;0;0;0;0;0;0;0;0;0;0;0;0;0;0;0;0;5;1;1;2;1;3;2;2015-03-13 17:00:00;63;0;0;0;0;0;-1;1;-1;-1;-1;-1;-1;-1;0;1;2;3;1;5;-1;0;0;0;0;0;0;0;0;0;0;0;0;0;1;1;0;0;-1;-1;0;0;-1;-1;-1;-1;-1;-1;-1;-1;-1;0;0;0;0;0;0;0;0;0;0;0;0;0;Liepāja;Skonto;2.33;1.83;0;0;0;0;0;0;0;0;0;0;0;0;0;0;0;204;24;Y;Y;Y;Y;Y;N;Y
61962;1088;963;2015;complete;290;1;-1;;32,51,90;0;3;3;1;9;10;3;4;1;2;0;0;4;6;4;13;8;19;10;9;40;60;1;2;0;0;0;0;0;0;0;0;0;0;0;0;0;0;0;0;0;0;0;0;0;0;0;0;0;0;0;0;0;0;0;0;0;0;0;0;0;0;0;0;0;0;0;0;0;0;0;0;0;0;0;0;0;0;0;0;0;0;0;0;0;0;0;0;0;0;0;0;3;0;1;0;2;2;1;2015-03-14 12:00:00;963;0;0;0;0;0;-1;1;-1;-1;-1;-1;-1;-1;0;1;1;1;1;2;-1;0;0;0;0;0;0;0;0;1;0;1;0;0;1;1;0;0;-1;-1;0;0;-1;-1;-1;-1;-1;-1;-1;-1;-1;0;0;0;0;0;0;0;0;0;0;0;0;0;Metta - LU;Ventspils;0.58;1.58;0;0;0;0;0;0;0;0;0;0;0;0;0;0;0;204;24;Y;Y;Y;N;N;N;N
61963;1091;1086;2015;complete;290;1;-1;;36;0;1;1;6;3;9;0;2;0;3;0;0;3;6;6;3;9;9;12;18;64;36;0;3;0;0;0;0;0;0;0;0;0;0;0;0;0;0;0;0;0;0;0;0;0;0;0;0;0;0;0;0;0;0;0;0;0;0;0;0;0;0;0;0;0;0;0;0;0;0;0;0;0;0;0;0;0;0;0;0;0;0;0;0;0;0;0;0;0;0;0;0;1;0;1;0;0;0;1;2015-03-14 13:00:00;1086;0;0;0;0;0;-1;1;-1;-1;-1;-1;-1;-1;0;0;0;3;0;3;-1;0;0;0;0;0;0;0;0;0;0;0;0;0;1;1;0;0;-1;-1;0;0;-1;-1;-1;-1;-1;-1;-1;-1;-1;0;0;0;0;0;0;0;0;0;0;0;0;0;BFC Daugavpils;Jelgava;0.67;1.75;0;0;0;0;0;0;0;0;0;0;0;0;0;0;0;204;24;Y;N;N;N;N;N;N
61964;63;1087;2015;complete;290;2;-1;;;0;0;0;7;6;13;2;2;3;1;0;0;4;6;8;5;12;11;16;19;51;49;3;1;0;0;0;0;0;0;0;0;0;0;0;0;0;0;0;0;0;0;0;0;0;0;0;0;0;0;0;0;0;0;0;0;0;0;0;0;0;0;0;0;0;0;0;0;0;0;0;0;0;0;0;0;0;0;0;0;0;0;0;0;0;0;0;0;0;0;0;0;0;0;0;0;0;0;0;2015-03-20 16:00:00;-1;0;50;50;50;0;-1;1;-1;-1;-1;-1;-1;-1;1;0;2;1;1;3;-1;0;0;0;0;0;0;0;0;0;0;0;0;0;1;1;0;0;-1;-1;0;0;-1;-1;-1;-1;-1;-1;-1;-1;-1;50;50;50;50;50;50;50;50;50;5;5;2;2.5;Liepāja;Spartaks Jūrmala;2.33;0.92;3;0;3;0;0;0;0;0;0;50;50;0;0;0;0;204;24;N;N;N;N;N;N;N
61965;1091;1088;2015;complete;290;2;-1;20,80;;2;0;2;7;7;14;1;5;0;3;0;0;9;0;6;4;15;4;9;17;53;47;0;3;0;0;0;0;0;0;0;0;0;0;0;0;0;0;0;0;0;0;0;0;0;0;0;0;0;0;0;0;0;0;0;0;0;0;0;0;0;0;0;0;0;0;0;0;0;0;0;0;0;0;0;0;0;0;0;0;0;0;0;0;0;0;0;0;0;0;0;0;2;1;0;1;0;1;1;2015-03-21 13:00:00;1091;0;0;0;0;0;-1;1;-1;-1;-1;-1;-1;-1;0;2;0;1;2;1;-1;0;0;0;0;0;0;0;0;0;0;0;0;0;1;1;0;0;-1;-1;0;0;-1;-1;-1;-1;-1;-1;-1;-1;-1;0;0;0;0;50;0;50;0;0;6;0;0;0.5;BFC Daugavpils;Metta - LU;0.67;0.42;0;0;0;0;50;50;50;50;0;50;0;0;0;0;0;204;24;Y;Y;N;N;N;N;N
61966;1086;1093;2015;complete;290;2;-1;;;0;0;0;6;3;9;1;3;2;3;1;0;2;3;2;1;4;4;16;13;50;50;4;3;0;0;0;0;0;0;0;0;0;0;0;0;0;0;0;0;0;0;0;0;0;0;0;0;0;0;0;0;0;0;0;0;0;0;0;0;0;0;0;0;0;0;0;0;0;0;0;0;0;0;0;0;0;0;0;0;0;0;0;0;0;0;0;0;0;0;0;0;0;0;0;0;0;0;0;2015-03-21 14:00:00;-1;0;50;50;50;0;-1;1;-1;-1;-1;-1;-1;-1;1;2;2;1;3;3;-1;0;0;0;0;0;0;0;0;0;0;0;0;0;1;1;0;0;-1;-1;0;1;-1;-1;-1;-1;-1;-1;-1;-1;-1;50;50;50;50;50;50;50;50;50;5;2;4;2.5;Jelgava;Skonto;1.67;1.83;0;0;3;0;0;0;0;0;0;50;50;0;0;0;0;204;24;N;N;N;N;N;N;N
61967;1086;63;2015;complete;290;3;-1;52;27,89;1;2;3;3;5;8;1;3;5;2;0;1;2;2;2;1;4;3;25;18;50;50;5;4;0;0;0;0;0;0;0;0;0;0;0;0;0;0;0;0;0;0;0;0;0;0;0;0;0;0;0;0;0;0;0;0;0;0;0;0;0;0;0;0;0;0;0;0;0;0;0;0;0;0;0;0;0;0;0;0;0;0;0;0;0;0;0;0;0;0;0;0;3;0;1;1;1;2;1;2015-04-10 16:00:00;63;0;0;0;0;0;-1;1;-1;-1;-1;-1;-1;-1;2;1;3;2;3;5;-1;0;0;0;0;0;0;0;0;0;0;0;0;0;1;1;0;0;-1;-1;0;0;-1;-1;-1;-1;-1;-1;-1;-1;-1;0;0;0;0;0;0;0;0;0;6;1;4;0;Jelgava;Liepāja;1.67;2;1;0;2;2;50;50;50;50;50;50;0;0;0;0;0;204;24;Y;Y;Y;N;N;N;Y
61968;1087;963;2015;complete;290;3;-1;;25,81;0;2;2;4;6;10;4;5;2;2;1;0;2;0;2;2;4;2;26;32;50;50;3;2;0;0;0;0;0;0;0;0;0;0;0;0;0;0;0;0;0;0;0;0;0;0;0;0;0;0;0;0;0;0;0;0;0;0;0;0;0;0;0;0;0;0;0;0;0;0;0;0;0;0;0;0;0;0;0;0;0;0;0;0;0;0;0;0;0;0;0;0;2;0;1;0;1;1;1;2015-04-12 12:00:00;963;0;0;0;0;0;-1;1;-1;-1;-1;-1;-1;-1;1;2;2;0;3;2;-1;0;0;0;0;0;0;0;0;0;0;0;0;0;1;1;0;0;-1;-1;0;0;-1;-1;-1;-1;-1;-1;-1;-1;-1;0;0;50;50;50;0;50;50;50;9;4;2;1.5;Spartaks Jūrmala;Ventspils;0.83;1.58;0;3;1;3;50;50;0;0;0;50;50;0;0;0;0;204;24;Y;Y;N;N;N;N;N
61969;1088;1093;2015;complete;290;3;-1;;54;0;1;1;3;6;9;1;2;2;2;0;0;3;8;4;2;7;10;22;10;39;61;2;2;0;0;0;0;0;0;0;0;0;0;0;0;0;0;0;0;0;0;0;0;0;0;0;0;0;0;0;0;0;0;0;0;0;0;0;0;0;0;0;0;0;0;0;0;0;0;0;0;0;0;0;0;0;0;0;0;0;0;0;0;0;0;0;0;0;0;0;0;1;0;0;0;1;1;0;2015-04-12 14:00:00;1093;0;25;25;25;0;-1;1;-1;-1;-1;-1;-1;-1;1;1;1;1;2;2;-1;0;0;0;0;0;0;0;0;0;0;0;0;0;1;1;0;0;-1;-1;0;0;-1;-1;-1;-1;-1;-1;-1;-1;-1;25;25;75;75;75;25;75;75;75;5;5.5;4.5;2.75;Metta - LU;Skonto;0.58;1.83;0;0.5;0;0.5;75;75;25;25;25;100;75;0;0;0;0;204;24;Y;N;N;N;N;N;N
61970;1088;63;2015;complete;290;4;-1;90;1,42,71,90;1;4;5;3;7;10;3;3;4;1;0;0;7;3;4;6;11;9;12;13;46;54;4;1;0;0;0;0;0;0;0;0;0;0;0;0;0;0;0;0;0;0;0;0;0;0;0;0;0;0;0;0;0;0;0;0;0;0;0;0;0;0;0;0;0;0;0;0;0;0;0;0;0;0;0;0;0;0;0;0;0;0;0;0;0;0;0;0;0;0;0;0;5;0;2;1;2;3;2;2015-04-17 16:00:00;63;0;50;0;50;0;-1;1;-1;-1;-1;-1;-1;-1;2;0;2;1;2;3;-1;0;0;0;0;0;0;0;0;1;0;1;0;0;1;1;0;1;-1;-1;0;0;-1;-1;-1;-1;-1;-1;-1;-1;-1;0;0;75;75;100;0;75;100;75;7;5;5.5;2.5;Metta - LU;Liepāja;0.58;2;0;3;0;2.33;100;100;25;25;0;50;25;0;0;0;0;204;24;Y;Y;Y;Y;Y;N;Y
61971;1091;963;2015;complete;290;4;-1;82;49;1;1;2;7;3;10;1;4;5;2;0;0;6;4;6;3;12;7;19;22;57;43;5;2;0;0;0;0;0;0;0;0;0;0;0;0;0;0;0;0;0;0;0;0;0;0;0;0;0;0;0;0;0;0;0;0;0;0;0;0;0;0;0;0;0;0;0;0;0;0;0;0;0;0;0;0;0;0;0;0;0;0;0;0;0;0;0;0;0;0;0;0;2;0;0;1;1;2;0;2015-04-18 13:00:00;-1;0;0;0;0;0;-1;1;-1;-1;-1;-1;-1;-1;1;0;4;2;1;6;-1;0;0;0;0;0;0;0;0;0;0;0;0;0;1;1;0;0;-1;-1;0;0;-1;-1;-1;-1;-1;-1;-1;-1;-1;0;0;25;75;100;0;100;75;25;14;5;2;2;BFC Daugavpils;Ventspils;0.67;1.58;1.5;3;1.5;3;100;100;75;25;0;100;75;25;0;0;0;204;24;Y;Y;N;N;N;N;Y
61972;1087;1086;2015;complete;290;4;-1;;;0;0;0;8;5;13;1;1;1;1;0;0;3;4;4;2;7;6;10;17;50;50;1;1;0;0;0;0;0;0;0;0;0;0;0;0;0;0;0;0;0;0;0;0;0;0;0;0;0;0;0;0;0;0;0;0;0;0;0;0;0;0;0;0;0;0;0;0;0;0;0;0;0;0;0;0;0;0;0;0;0;0;0;0;0;0;0;0;0;0;0;0;0;0;0;0;0;0;0;2015-04-19 11:00:00;-1;0;0;0;0;0;-1;1;-1;-1;-1;-1;-1;-1;0;0;1;1;0;2;-1;0;0;0;0;0;0;0;0;0;0;0;0;0;1;1;0;0;-1;-1;0;0;-1;-1;-1;-1;-1;-1;-1;-1;-1;0;0;0;50;100;0;100;50;0;7;6;6;1.5;Spartaks Jūrmala;Jelgava;0.83;1.75;0;3;0.5;1.33;100;100;100;50;0;100;50;0;0;0;0;204;24;N;N;N;N;N;N;N
61973;1088;1086;2015;complete;290;5;-1;18;3;1;1;2;6;6;12;4;5;3;2;0;0;3;4;9;7;12;11;19;11;39;61;3;2;0;0;0;0;0;0;0;0;0;0;0;0;0;0;0;0;0;0;0;0;0;0;0;0;0;0;0;0;0;0;0;0;0;0;0;0;0;0;0;0;0;0;0;0;0;0;0;0;0;0;0;0;0;0;0;0;0;0;0;0;0;0;0;0;0;0;0;0;2;1;1;0;0;0;2;2015-05-01 11:00:00;-1;0;17;0;17;0;-1;1;-1;-1;-1;-1;-1;-1;0;0;3;2;0;5;-1;0;0;0;0;0;0;0;0;0;0;0;0;0;1;1;0;1;-1;-1;0;0;-1;-1;-1;-1;-1;-1;-1;-1;-1;17;17;34;34;75;17;59;50;34;6.33;3.83;4.33;1.75;Metta - LU;Jelgava;0.58;1.75;0;2;0;1.25;84;84;67;67;25;100;59;25;0;0;0;204;24;Y;Y;N;N;N;N;Y
61974;963;1093;2015;complete;290;5;-1;;;0;0;0;7;6;13;2;5;2;4;1;0;7;2;7;4;14;6;20;20;56;44;3;4;0;0;0;0;0;0;0;0;0;0;0;0;0;0;0;0;0;0;0;0;0;0;0;0;0;0;0;0;0;0;0;0;0;0;0;0;0;0;0;0;0;0;0;0;0;0;0;0;0;0;0;0;0;0;0;0;0;0;0;0;0;0;0;0;0;0;0;0;0;0;0;0;0;0;0;2015-05-04 11:00:00;-1;0;17;17;17;0;-1;1;-1;-1;-1;-1;-1;-1;1;1;2;3;2;5;-1;0;0;0;0;0;0;0;0;0;0;0;0;0;1;1;0;0;-1;-1;0;0;-1;-1;-1;-1;-1;-1;-1;-1;-1;17;17;17;17;34;17;17;34;17;4.67;2.33;3;1;Ventspils;Skonto;2;1.83;0;1.33;2.33;1.33;34;34;34;34;17;50;17;0;0;0;0;204;24;N;N;N;N;N;N;N
61975;1087;1091;2015;complete;290;5;-1;76;7;1;1;2;6;3;9;2;3;3;1;0;0;3;7;4;8;7;15;10;24;55;45;3;1;0;0;0;0;0;0;0;0;0;0;0;0;0;0;0;0;0;0;0;0;0;0;0;0;0;0;0;0;0;0;0;0;0;0;0;0;0;0;0;0;0;0;0;0;0;0;0;0;0;0;0;0;0;0;0;0;0;0;0;0;0;0;0;0;0;0;0;0;2;0;1;1;0;1;1;2015-05-04 13:00:00;-1;0;0;0;0;0;-1;1;-1;-1;-1;-1;-1;-1;0;1;3;0;1;3;-1;0;0;0;0;0;0;0;0;0;0;0;0;0;1;1;0;1;-1;-1;0;0;-1;-1;-1;-1;-1;-1;-1;-1;-1;0;0;0;25;25;0;25;25;0;6;2.5;2;0.5;Spartaks Jūrmala;BFC Daugavpils;0.83;0.5;0.5;0;0.67;1.33;50;50;50;25;25;50;50;25;0;0;0;204;24;Y;Y;N;N;N;N;Y
61976;1088;1087;2015;complete;290;6;-1;23;52,68;1;2;3;3;6;9;1;7;4;2;0;0;2;11;4;4;6;15;18;13;41;59;4;2;0;0;0;0;0;0;0;0;0;0;0;0;0;0;0;0;0;0;0;0;0;0;0;0;0;0;0;0;0;0;0;0;0;0;0;0;0;0;0;0;0;0;0;0;0;0;0;0;0;0;0;0;0;0;0;0;0;0;0;0;0;0;0;0;0;0;0;0;3;1;0;0;2;2;1;2015-05-08 16:00:00;1087;0;25;13;13;0;-1;1;-1;-1;-1;-1;-1;-1;2;1;2;1;3;3;-1;0;0;0;0;0;0;0;0;0;0;0;0;0;1;1;0;0;-1;-1;0;0;-1;-1;-1;-1;-1;-1;-1;-1;-1;13;13;25;38;50;25;38;38;25;9.25;4.75;3.5;1.38;Metta - LU;Spartaks Jūrmala;0.58;0.92;0.25;1;0.2;0.75;88;88;75;63;50;100;88;63;0;0;0;204;24;Y;Y;Y;N;N;N;Y
61977;63;963;2015;complete;290;6;-1;;;0;0;0;6;8;14;1;2;2;5;0;0;4;5;3;6;7;11;18;22;51;49;2;5;0;0;0;0;0;0;0;0;0;0;0;0;0;0;0;0;0;0;0;0;0;0;0;0;0;0;0;0;0;0;0;0;0;0;0;0;0;0;0;0;0;0;0;0;0;0;0;0;0;0;0;0;0;0;0;0;0;0;0;0;0;0;0;0;0;0;0;0;0;0;0;0;0;0;0;2015-05-10 14:00:00;-1;0;42;25;42;0;-1;1;-1;-1;-1;-1;-1;-1;0;2;2;3;2;5;-1;0;0;0;0;0;0;0;0;0;0;0;0;0;1;1;0;0;-1;-1;0;0;-1;-1;-1;-1;-1;-1;-1;-1;-1;25;25;42;75;75;25;59;75;59;12;7.83;4.5;2.42;Liepāja;Ventspils;2.33;1.58;2;2.33;2.5;2;75;75;59;25;25;100;100;25;0;0;0;204;24;N;N;N;N;N;N;N
61978;1093;1091;2015;complete;290;6;-1;32,42,66,74;90;4;1;5;5;6;11;4;2;2;3;0;0;6;5;5;3;11;8;22;13;45;55;2;3;0;0;0;0;0;0;0;0;0;0;0;0;0;0;0;0;0;0;0;0;0;0;0;0;0;0;0;0;0;0;0;0;0;0;0;0;0;0;0;0;0;0;0;0;0;0;0;0;0;0;0;0;0;0;0;0;0;0;0;0;0;0;0;0;0;0;0;0;5;2;0;2;1;3;2;2015-05-11 15:00:00;1093;0;50;0;0;0;-1;1;-1;-1;-1;-1;-1;-1;0;2;2;1;2;3;-1;0;0;0;0;0;0;0;0;0;0;0;0;0;1;1;0;0;-1;-1;0;0;-1;-1;-1;-1;-1;-1;-1;-1;-1;0;0;0;50;50;0;50;50;0;3;3;1;1;Skonto;BFC Daugavpils;1.92;0.5;0;1;1.25;1.25;50;50;50;0;0;50;0;0;0;0;0;204;24;Y;Y;Y;Y;Y;N;Y
61979;1087;1093;2015;complete;290;7;-1;35;;1;0;1;4;5;9;1;3;3;3;0;0;4;6;2;3;6;9;15;22;35;65;3;3;0;0;0;0;0;0;0;0;0;0;0;0;0;0;0;0;0;0;0;0;0;0;0;0;0;0;0;0;0;0;0;0;0;0;0;0;0;0;0;0;0;0;0;0;0;0;0;0;0;0;0;0;0;0;0;0;0;0;0;0;0;0;0;0;0;0;0;0;1;1;0;0;0;0;1;2015-05-16 11:00:00;1087;0;29;13;13;0;-1;1;-1;-1;-1;-1;-1;-1;0;1;3;2;1;5;-1;0;0;0;0;0;0;0;0;0;0;0;0;0;1;1;0;0;-1;-1;0;0;-1;-1;-1;-1;-1;-1;-1;-1;-1;13;13;13;46;59;13;46;59;13;11;5.33;5.58;1.42;Spartaks Jūrmala;Skonto;0.83;1.83;0.67;1.25;1.2;1.6;88;88;88;54;42;100;59;29;0;0;0;204;24;Y;N;N;N;N;N;N
61980;963;1086;2015;complete;290;7;-1;;;0;0;0;6;4;10;4;3;1;5;0;0;2;5;4;3;6;8;14;33;60;40;1;5;0;0;0;0;0;0;0;0;0;0;0;0;0;0;0;0;0;0;0;0;0;0;0;0;0;0;0;0;0;0;0;0;0;0;0;0;0;0;0;0;0;0;0;0;0;0;0;0;0;0;0;0;0;0;0;0;0;0;0;0;0;0;0;0;0;0;0;0;0;0;0;0;0;0;0;2015-05-16 13:00:00;-1;0;17;17;0;0;-1;1;-1;-1;-1;-1;-1;-1;0;1;1;4;1;5;-1;0;0;0;0;0;0;0;0;0;0;0;0;0;1;1;0;0;-1;-1;0;0;-1;-1;-1;-1;-1;-1;-1;-1;-1;0;0;0;17;34;17;34;0;0;11.67;4.67;5;0.5;Ventspils;Jelgava;2;1.75;1;1.67;1.8;1.2;100;100;100;84;67;100;84;84;0;0;0;204;24;N;N;N;N;N;N;N
61981;1091;63;2015;complete;290;7;-1;18;76;1;1;2;6;4;10;5;4;3;2;0;1;3;3;5;1;8;4;11;13;51;49;3;4;0;0;0;0;0;0;0;0;0;0;0;0;0;0;0;0;0;0;0;0;0;0;0;0;0;0;0;0;0;0;0;0;0;0;0;0;0;0;0;0;0;0;0;0;0;0;0;0;0;0;0;0;0;0;0;0;0;0;0;0;0;0;0;0;0;0;0;0;2;1;0;0;1;1;1;2015-05-17 14:00:00;-1;0;67;0;67;0;-1;1;-1;-1;-1;-1;-1;-1;1;1;2;2;2;4;-1;0;0;0;0;0;0;0;0;1;0;1;0;0;1;1;0;0;-1;-1;0;0;-1;-1;-1;-1;-1;-1;-1;-1;-1;25;25;50;84;100;25;84;84;67;12.67;3.67;4.17;2.84;BFC Daugavpils;Liepāja;0.67;2;1.33;3;1;2.2;75;75;50;17;0;75;59;17;0;0;0;204;24;Y;Y;N;N;N;N;Y
61982;1086;1091;2015;complete;290;8;-1;2,57;;2;0;2;7;5;12;8;5;3;3;1;0;5;4;2;4;7;8;15;18;46;54;4;3;0;0;0;0;0;0;0;0;0;0;0;0;0;0;0;0;0;0;0;0;0;0;0;0;0;0;0;0;0;0;0;0;0;0;0;0;0;0;0;0;0;0;0;0;0;0;0;0;0;0;0;0;0;0;0;0;0;0;0;0;0;0;0;0;0;0;0;0;2;1;0;1;0;1;1;2015-05-24 12:00:00;1086;0;75;0;50;0;-1;1;-1;-1;-1;-1;-1;-1;4;2;0;1;6;1;-1;0;0;0;0;0;0;0;0;0;0;0;0;0;1;1;1;0;-1;-1;0;0;-1;-1;-1;-1;-1;-1;-1;-1;-1;25;25;50;75;75;25;75;75;50;9;3.5;6.5;2.5;Jelgava;BFC Daugavpils;1.67;0.5;0.5;0.5;1.17;1;75;75;50;25;25;75;25;25;0;0;0;204;24;Y;Y;N;N;N;N;N
61983;1093;63;2015;complete;290;8;-1;26;;1;0;1;2;3;5;0;1;4;3;0;0;2;4;3;6;5;10;12;23;46;54;4;3;0;0;0;0;0;0;0;0;0;0;0;0;0;0;0;0;0;0;0;0;0;0;0;0;0;0;0;0;0;0;0;0;0;0;0;0;0;0;0;0;0;0;0;0;0;0;0;0;0;0;0;0;0;0;0;0;0;0;0;0;0;0;0;0;0;0;0;0;1;1;0;0;0;0;1;2015-05-24 14:00:00;1093;0;100;0;84;0;-1;1;-1;-1;-1;-1;-1;-1;0;0;4;3;0;7;-1;0;0;0;0;0;0;0;0;0;0;0;0;0;1;1;0;0;-1;-1;0;0;-1;-1;-1;-1;-1;-1;-1;-1;-1;67;67;84;100;100;67;100;100;84;10.33;7.33;5;4.17;Skonto;Liepāja;1.92;2;3;2.33;1.33;2;34;34;17;0;0;84;84;50;0;0;0;204;24;Y;N;N;N;N;N;N
61984;963;1088;2015;complete;290;8;-1;12,53;;2;0;2;8;4;12;1;0;3;6;0;1;7;5;4;5;11;10;15;27;65;35;3;7;0;0;0;0;0;0;0;0;0;0;0;0;0;0;0;0;0;0;0;0;0;0;0;0;0;0;0;0;0;0;0;0;0;0;0;0;0;0;0;0;0;0;0;0;0;0;0;0;0;0;0;0;0;0;0;0;0;0;0;0;0;0;0;0;0;0;0;0;2;1;0;1;0;1;1;2015-05-25 16:00:00;963;0;0;0;0;0;-1;1;-1;-1;-1;-1;-1;-1;3;5;0;2;8;2;-1;0;0;0;0;0;0;0;0;0;0;0;0;0;1;1;0;0;-1;-1;0;1;-1;-1;-1;-1;-1;-1;-1;-1;-1;0;0;0;50;50;0;50;50;0;13.5;8;5;1;Ventspils;Metta - LU;2;0.42;1;0;1.67;0.17;100;100;100;50;50;100;100;75;0;0;0;204;24;Y;Y;N;N;N;N;N
61985;1093;1086;2015;complete;290;9;-1;54;;1;0;1;3;10;13;4;2;4;3;0;0;6;3;5;10;11;13;12;14;43;57;4;3;0;0;0;0;0;0;0;0;0;0;0;0;0;0;0;0;0;0;0;0;0;0;0;0;0;0;0;0;0;0;0;0;0;0;0;0;0;0;0;0;0;0;0;0;0;0;0;0;0;0;0;0;0;0;0;0;0;0;0;0;0;0;0;0;0;0;0;0;1;0;0;1;0;1;0;2015-05-29 15:00:00;1093;0;38;13;25;0;-1;1;-1;-1;-1;-1;-1;-1;2;0;2;3;2;5;-1;0;0;0;0;0;0;0;0;0;0;0;0;0;1;1;0;0;-1;-1;0;0;-1;-1;-1;-1;-1;-1;-1;-1;-1;25;25;25;38;75;38;75;25;25;8;4.75;5.75;1.88;Skonto;Jelgava;1.92;1.75;3;1.5;1.57;1.43;75;75;75;63;25;75;63;50;0;0;0;204;24;Y;N;N;N;N;N;N
61986;1087;63;2015;complete;290;9;-1;84;41,86;1;2;3;4;11;15;1;1;3;2;1;0;4;4;8;7;12;11;9;18;48;52;4;2;0;0;0;0;0;0;0;0;0;0;0;0;0;0;0;0;0;0;0;0;0;0;0;0;0;0;0;0;0;0;0;0;0;0;0;0;0;0;0;0;0;0;0;0;0;0;0;0;0;0;0;0;0;0;0;0;0;0;0;0;0;0;0;0;0;0;0;0;3;0;1;1;1;2;1;2015-05-30 13:00:00;63;0;50;0;25;0;-1;1;-1;-1;-1;-1;-1;-1;1;1;3;1;2;4;-1;0;0;0;0;0;0;0;0;0;0;0;0;0;1;1;0;0;-1;-1;1;1;-1;-1;-1;-1;-1;-1;-1;-1;-1;13;13;25;63;88;13;88;63;25;10.25;4.75;5.5;2;Spartaks Jūrmala;Liepāja;0.83;2;1.25;1.75;1.5;1.71;88;88;75;38;13;75;50;13;0;0;0;204;24;Y;Y;Y;N;N;N;Y
61987;1088;1091;2015;complete;290;9;-1;35,52;62;2;1;3;1;12;13;2;1;3;3;0;0;6;8;2;15;8;23;19;12;30;70;3;3;0;0;0;0;0;0;0;0;0;0;0;0;0;0;0;0;0;0;0;0;0;0;0;0;0;0;0;0;0;0;0;0;0;0;0;0;0;0;0;0;0;0;0;0;0;0;0;0;0;0;0;0;0;0;0;0;0;0;0;0;0;0;0;0;0;0;0;0;3;1;0;1;1;2;1;2015-05-31 14:00:00;1088;0;64;10;27;0;-1;1;-1;-1;-1;-1;-1;-1;1;2;2;1;3;3;-1;0;0;0;0;0;0;0;1;0;1;0;0;0;1;1;0;0;-1;-1;0;1;-1;-1;-1;-1;-1;-1;-1;-1;-1;27;27;47;90;100;37;90;90;47;7.87;5.73;5.13;2.9;Metta - LU;BFC Daugavpils;0.58;0.5;0.2;0.33;0.14;0.86;74;74;54;10;0;100;64;44;0;0;0;204;24;Y;Y;Y;N;N;N;Y
61988;1093;1088;2015;complete;290;10;-1;5,13,43,81;;4;0;4;4;6;10;8;1;2;3;0;0;6;5;11;9;17;14;16;18;58;42;2;3;0;0;0;0;0;0;0;0;0;0;0;0;0;0;0;0;0;0;0;0;0;0;0;0;0;0;0;0;0;0;0;0;0;0;0;0;0;0;0;0;0;0;0;0;0;0;0;0;0;0;0;0;0;0;0;0;0;0;0;0;0;0;0;0;0;0;0;0;4;3;0;1;0;1;3;2015-06-05 15:00:00;1093;0;17;0;17;0;-1;1;-1;-1;-1;-1;-1;-1;1;2;1;1;3;2;-1;0;0;0;0;0;0;0;1;0;1;0;0;0;1;1;1;0;-1;-1;0;1;-1;-1;-1;-1;-1;-1;-1;-1;-1;17;17;17;67;100;17;84;84;17;8.83;5.17;8.33;2.17;Skonto;Metta - LU;1.92;0.42;3;0;1.75;0.5;84;84;84;34;0;84;84;84;0;0;0;204;24;Y;Y;Y;Y;N;N;N
61989;963;1087;2015;complete;290;10;-1;26,37;;2;0;2;3;1;4;3;0;2;3;0;0;5;3;5;4;10;7;25;15;58;42;2;3;0;0;0;0;0;0;0;0;0;0;0;0;0;0;0;0;0;0;0;0;0;0;0;0;0;0;0;0;0;0;0;0;0;0;0;0;0;0;0;0;0;0;0;0;0;0;0;0;0;0;0;0;0;0;0;0;0;0;0;0;0;0;0;0;0;0;0;0;2;2;0;0;0;0;2;2015-06-06 13:00:00;963;0;25;0;0;0;-1;1;-1;-1;-1;-1;-1;-1;0;1;2;2;1;4;-1;0;0;0;0;0;0;0;0;0;0;0;0;0;1;1;0;0;-1;-1;0;0;-1;-1;-1;-1;-1;-1;-1;-1;-1;0;0;25;42;42;0;42;42;25;13;6.83;3.83;1.09;Ventspils;Spartaks Jūrmala;2;0.92;1.67;2;1.86;1.29;100;100;75;59;59;100;75;59;0;0;0;204;24;Y;Y;N;N;N;N;N
61990;63;1086;2015;complete;290;10;-1;86,90;47;2;1;3;10;5;15;11;0;3;3;0;0;4;2;4;2;8;4;13;16;54;46;3;3;0;0;0;0;0;0;0;0;0;0;0;0;0;0;0;0;0;0;0;0;0;0;0;0;0;0;0;0;0;0;0;0;0;0;0;0;0;0;0;0;0;0;0;0;0;0;0;0;0;0;0;0;0;0;0;0;0;0;0;0;0;0;0;0;0;0;0;0;3;0;0;2;1;3;0;2015-06-06 15:00:00;63;0;27;27;17;0;-1;1;-1;-1;-1;-1;-1;-1;1;2;2;1;3;3;-1;0;0;0;0;0;0;0;1;0;1;0;0;0;1;1;0;0;-1;-1;0;1;-1;-1;-1;-1;-1;-1;-1;-1;-1;17;17;17;27;47;27;37;27;17;11.6;5.27;5.13;1.24;Liepāja;Jelgava;2.33;1.75;1.67;1.2;1.88;1.25;84;84;84;74;54;100;90;64;0;0;0;204;24;Y;Y;Y;N;N;N;Y
61991;1086;1087;2015;complete;290;11;-1;82;41;1;1;2;8;3;11;5;2;0;4;0;0;5;0;10;8;15;8;15;12;56;44;0;4;0;0;0;0;0;0;0;0;0;0;0;0;0;0;0;0;0;0;0;0;0;0;0;0;0;0;0;0;0;0;0;0;0;0;0;0;0;0;0;0;0;0;0;0;0;0;0;0;0;0;0;0;0;0;0;0;0;0;0;0;0;0;0;0;0;0;0;0;2;0;1;1;0;1;1;2015-06-19 16:00:00;-1;0;33;0;17;0;-1;1;-1;-1;-1;-1;-1;-1;0;2;0;2;2;2;-1;0;0;0;0;0;0;0;0;0;0;0;0;0;1;1;0;0;-1;-1;0;0;-1;-1;-1;-1;-1;-1;-1;-1;-1;0;0;33;67;67;17;67;50;33;9.66;6.33;6.33;1.67;Jelgava;Spartaks Jūrmala;1.67;0.92;1.33;1.33;1.11;1.13;100;100;67;33;33;67;33;33;0;0;0;204;24;Y;Y;N;N;N;N;Y
61992;63;1088;2015;complete;290;11;-1;19,59,89;81;3;1;4;7;3;10;5;0;1;2;0;0;6;3;15;5;21;8;9;12;60;40;1;2;0;0;0;0;0;0;0;0;0;0;0;0;0;0;0;0;0;0;0;0;0;0;0;0;0;0;0;0;0;0;0;0;0;0;0;0;0;0;0;0;0;0;0;0;0;0;0;0;0;0;0;0;0;0;0;0;0;0;0;0;0;0;0;0;0;0;0;0;4;1;0;2;1;3;1;2015-06-20 13:00:00;63;0;25;13;25;0;-1;1;-1;-1;-1;-1;-1;-1;0;0;1;2;0;3;-1;0;0;0;0;0;0;0;0;0;0;0;0;0;1;1;0;0;-1;-1;0;0;-1;-1;-1;-1;-1;-1;-1;-1;-1;13;29;42;75;75;29;63;75;25;12.67;6.75;6.83;2.34;Liepāja;Metta - LU;2.33;0.42;2;0;2;0.44;88;71;59;25;25;100;100;71;0;0;0;204;24;Y;Y;Y;Y;N;N;Y
61993;963;1091;2015;complete;290;11;-1;30,77,87;;3;0;3;6;0;6;4;1;0;1;0;0;8;0;8;4;16;4;18;17;53;47;0;1;0;0;0;0;0;0;0;0;0;0;0;0;0;0;0;0;0;0;0;0;0;0;0;0;0;0;0;0;0;0;0;0;0;0;0;0;0;0;0;0;0;0;0;0;0;0;0;0;0;0;0;0;0;0;0;0;0;0;0;0;0;0;0;0;0;0;0;0;3;1;0;2;0;2;1;2015-06-21 14:00:00;963;0;38;0;25;0;-1;1;-1;-1;-1;-1;-1;-1;0;1;0;0;1;0;-1;0;0;0;0;0;0;0;0;0;0;0;0;0;1;1;0;0;-1;-1;0;0;-1;-1;-1;-1;-1;-1;-1;-1;-1;13;13;25;75;75;25;75;63;25;12.5;5.25;4.75;2;Ventspils;BFC Daugavpils;2;0.5;2;0.25;2;0.75;88;88;75;25;25;88;75;63;0;0;0;204;24;Y;Y;Y;N;N;N;N
61994;1091;1087;2015;complete;290;12;-1;;82;0;1;1;7;4;11;1;9;2;1;0;0;5;4;9;1;14;5;15;7;55;45;2;1;0;0;0;0;0;0;0;0;0;0;0;0;0;0;0;0;0;0;0;0;0;0;0;0;0;0;0;0;0;0;0;0;0;0;0;0;0;0;0;0;0;0;0;0;0;0;0;0;0;0;0;0;0;0;0;0;0;0;0;0;0;0;0;0;0;0;0;0;1;0;0;0;1;1;0;2015-06-26 15:00:00;1087;0;50;0;13;0;-1;1;-1;-1;-1;-1;-1;-1;0;0;2;1;0;3;-1;0;0;0;0;0;0;0;0;0;0;0;0;0;1;1;0;0;-1;-1;0;0;-1;-1;-1;-1;-1;-1;-1;-1;-1;0;0;13;75;88;13;75;63;25;10.5;4.5;4.5;1.75;BFC Daugavpils;Spartaks Jūrmala;0.67;0.92;1.25;1.25;0.67;1.11;100;100;88;25;13;88;63;38;0;0;0;204;24;Y;N;N;N;N;N;N
61995;1086;1088;2015;complete;290;12;-1;90;;1;0;1;11;4;15;2;2;1;1;0;0;8;2;12;2;20;4;11;19;63;37;1;1;0;0;0;0;0;0;0;0;0;0;0;0;0;0;0;0;0;0;0;0;0;0;0;0;0;0;0;0;0;0;0;0;0;0;0;0;0;0;0;0;0;0;0;0;0;0;0;0;0;0;0;0;0;0;0;0;0;0;0;0;0;0;0;0;0;0;0;0;1;0;0;1;0;1;0;2015-06-26 16:00:00;1086;0;38;0;25;0;-1;1;-1;-1;-1;-1;-1;-1;0;0;1;1;0;2;-1;0;0;0;0;0;0;0;0;0;0;0;0;0;1;1;0;0;-1;-1;0;0;-1;-1;-1;-1;-1;-1;-1;-1;-1;0;25;38;88;88;13;88;88;25;11;5.25;7;2.38;Jelgava;Metta - LU;1.67;0.42;1.25;0;1.1;0.4;100;75;63;13;13;88;75;50;0;0;0;204;24;Y;N;N;N;N;N;N
61996;1093;963;2015;complete;290;12;-1;6;48;1;1;2;7;7;14;1;3;3;2;0;0;3;6;10;5;13;11;18;13;49;51;3;2;0;0;0;0;0;0;0;0;0;0;0;0;0;0;0;0;0;0;0;0;0;0;0;0;0;0;0;0;0;0;0;0;0;0;0;0;0;0;0;0;0;0;0;0;0;0;0;0;0;0;0;0;0;0;0;0;0;0;0;0;0;0;0;0;0;0;0;0;2;1;0;0;1;1;1;2015-06-28 14:00:00;-1;0;25;0;25;0;-1;1;-1;-1;-1;-1;-1;-1;1;2;2;0;3;2;-1;0;0;0;0;0;0;0;0;0;0;0;0;0;1;1;1;0;-1;-1;0;0;-1;-1;-1;-1;-1;-1;-1;-1;-1;13;25;38;63;88;25;63;75;38;10;7.75;5.75;2.25;Skonto;Ventspils;1.92;1.58;3;2;1.89;2.11;88;75;63;38;13;88;88;38;0;0;0;204;24;Y;Y;N;N;N;N;Y
61997;963;63;2015;complete;290;13;-1;72,79,84;8,46,65;3;3;6;3;4;7;6;4;4;4;0;0;8;2;6;4;14;6;22;24;62;38;4;4;0;0;0;0;0;0;0;0;0;0;0;0;0;0;0;0;0;0;0;0;0;0;0;0;0;0;0;0;0;0;0;0;0;0;0;0;0;0;0;0;0;0;0;0;0;0;0;0;0;0;0;0;0;0;0;0;0;0;0;0;0;0;0;0;0;0;0;0;6;0;1;3;2;5;1;2015-07-04 16:00:00;-1;0;40;0;30;0;-1;1;-1;-1;-1;-1;-1;-1;2;1;2;3;3;5;-1;0;0;0;0;0;0;0;1;0;1;0;0;0;1;1;0;1;-1;-1;0;1;-1;-1;-1;-1;-1;-1;-1;-1;-1;10;10;40;70;80;20;80;60;40;12;5.2;4.6;2.1;Ventspils;Liepāja;2;2;2.2;2;2;2.1;90;90;60;30;20;60;60;30;0;0;0;204;24;Y;Y;Y;Y;Y;Y;Y
61998;63;1091;2015;complete;290;14;-1;90;47;1;1;2;13;3;16;4;0;2;1;0;0;9;0;10;3;19;3;14;13;66;34;2;1;0;0;0;0;0;0;0;0;0;0;0;0;0;0;0;0;0;0;0;0;0;0;0;0;0;0;0;0;0;0;0;0;0;0;0;0;0;0;0;0;0;0;0;0;0;0;0;0;0;0;0;0;0;0;0;0;0;0;0;0;0;0;0;0;0;0;0;0;2;0;0;1;1;2;0;2015-07-11 13:00:00;-1;0;60;10;50;0;-1;1;-1;-1;-1;-1;-1;-1;0;1;2;0;1;2;-1;0;0;0;0;0;0;0;0;0;0;0;0;0;1;1;0;0;-1;-1;0;0;-1;-1;-1;-1;-1;-1;-1;-1;-1;20;30;60;80;80;20;70;80;60;12.2;7.2;4.4;2.7;Liepāja;BFC Daugavpils;2.33;0.5;2.2;0.2;2;0.6;80;70;40;20;20;90;80;60;0;0;0;204;24;Y;Y;N;N;N;N;Y
61999;1093;1087;2015;complete;290;14;-1;50,70;45;2;1;3;4;2;6;4;0;1;3;0;0;7;4;3;4;10;8;9;16;47;53;1;3;0;0;0;0;0;0;0;0;0;0;0;0;0;0;0;0;0;0;0;0;0;0;0;0;0;0;0;0;0;0;0;0;0;0;0;0;0;0;0;0;0;0;0;0;0;0;0;0;0;0;0;0;0;0;0;0;0;0;0;0;0;0;0;0;0;0;0;0;3;0;1;2;0;2;1;2015-07-12 14:00:00;1093;0;40;0;10;0;-1;1;-1;-1;-1;-1;-1;-1;1;1;0;2;2;2;-1;0;0;0;0;0;0;0;0;1;0;1;0;0;1;1;0;0;-1;-1;0;0;-1;-1;-1;-1;-1;-1;-1;-1;-1;10;20;30;60;90;30;70;70;20;8.2;7.4;5.2;2.1;Skonto;Spartaks Jūrmala;1.92;0.92;2.6;1.6;1.8;1.3;90;80;70;40;10;80;70;60;0;0;0;204;24;Y;Y;Y;N;N;N;Y
62000;1088;963;2015;complete;290;15;-1;;56,57;0;2;2;5;8;13;2;6;3;2;1;0;5;6;3;8;8;14;20;17;39;61;4;2;0;0;0;0;0;0;0;0;0;0;0;0;0;0;0;0;0;0;0;0;0;0;0;0;0;0;0;0;0;0;0;0;0;0;0;0;0;0;0;0;0;0;0;0;0;0;0;0;0;0;0;0;0;0;0;0;0;0;0;0;0;0;0;0;0;0;0;0;2;0;0;0;2;2;0;2015-07-26 14:00:00;963;0;54;9;27;0;-1;1;-1;-1;-1;-1;-1;-1;2;0;2;2;2;4;-1;0;0;0;0;0;0;0;0;0;0;0;0;0;1;1;0;0;-1;-1;0;0;-1;-1;-1;-1;-1;-1;-1;-1;-1;9;9;44;82;90;17;72;82;54;9.43;5.93;5.43;2.32;Metta - LU;Ventspils;0.58;1.58;0.67;1.8;0.36;1.91;92;92;57;19;10;100;84;37;0;0;0;204;24;Y;Y;N;N;N;N;N
62001;63;1093;2015;complete;290;15;-1;42,63;39,90;2;2;4;10;4;14;1;3;2;4;0;0;7;8;4;6;11;14;14;20;50;50;2;4;0;0;0;0;0;0;0;0;0;0;0;0;0;0;0;0;0;0;0;0;0;0;0;0;0;0;0;0;0;0;0;0;0;0;0;0;0;0;0;0;0;0;0;0;0;0;0;0;0;0;0;0;0;0;0;0;0;0;0;0;0;0;0;0;0;0;0;0;4;1;1;1;1;2;2;2015-07-27 16:00:00;-1;0;44;19;44;0;-1;1;-1;-1;-1;-1;-1;-1;0;1;2;3;1;5;-1;0;0;0;0;0;0;0;0;0;0;0;0;0;1;1;0;0;-1;-1;0;0;-1;-1;-1;-1;-1;-1;-1;-1;-1;19;27;35;44;64;19;37;54;44;13;7.67;5.37;1.87;Liepāja;Skonto;2.33;1.83;2;1;1.92;1.91;82;74;65;57;37;100;70;44;0;0;0;204;24;Y;Y;Y;Y;N;N;Y
62002;1086;1091;2015;complete;290;15;-1;67;;1;0;1;7;0;7;6;2;1;1;0;0;7;2;4;5;11;7;14;8;57;43;1;1;0;0;0;0;0;0;0;0;0;0;0;0;0;0;0;0;0;0;0;0;0;0;0;0;0;0;0;0;0;0;0;0;0;0;0;0;0;0;0;0;0;0;0;0;0;0;0;0;0;0;0;0;0;0;0;0;0;0;0;0;0;0;0;0;0;0;0;0;1;0;0;1;0;1;0;2015-07-27 16:00:00;1086;0;54;0;35;0;-1;1;-1;-1;-1;-1;-1;-1;0;0;1;1;0;2;-1;0;0;0;0;0;0;0;0;0;0;0;0;0;1;1;0;0;-1;-1;0;0;-1;-1;-1;-1;-1;-1;-1;-1;-1;9;9;35;80;90;9;72;90;44;11.83;5.4;4.8;2.22;Jelgava;BFC Daugavpils;1.67;0.5;1.6;0.33;1.27;0.64;92;92;65;20;10;82;64;64;0;0;0;204;24;Y;N;N;N;N;N;N
62003;63;1087;2015;complete;290;16;-1;6,35,37,81;17;4;1;5;-1;-1;-1;-1;-1;2;2;0;0;-1;-1;-1;-1;-1;-1;-1;-1;-1;-1;2;2;0;0;0;0;0;0;0;0;0;0;0;0;0;0;0;0;0;0;0;0;0;0;0;0;0;0;0;0;0;0;0;0;0;0;0;0;0;0;0;0;0;0;0;0;0;0;0;0;0;0;0;0;0;0;0;0;0;0;0;0;0;0;0;0;0;0;0;0;5;3;1;1;0;1;4;2015-08-01 15:00:00;63;0;61;15;36;0;-1;1;-1;-1;-1;-1;-1;-1;0;2;2;0;2;2;-1;0;0;0;0;0;0;0;0;0;0;0;0;0;1;1;1;0;-1;-1;0;0;-1;-1;-1;-1;-1;-1;-1;-1;-1;7;22;45;69;77;23;55;69;52;11.96;7.47;4.47;2.2;Liepāja;Spartaks Jūrmala;2.33;0.92;1.86;1.33;1.85;1.18;93;79;55;31;23;84;75;61;0;0;0;204;24;Y;Y;Y;Y;Y;N;Y
62004;1093;1086;2015;complete;290;16;-1;44,88;21,36,45;2;3;5;5;6;11;3;1;4;1;0;0;2;5;1;8;3;13;9;17;51;49;4;1;0;0;0;0;0;0;0;0;0;0;0;0;0;0;0;0;0;0;0;0;0;0;0;0;0;0;0;0;0;0;0;0;0;0;0;0;0;0;0;0;0;0;0;0;0;0;0;0;0;0;0;0;0;0;0;0;0;0;0;0;0;0;0;0;0;0;0;0;5;1;3;1;0;1;4;2015-08-02 15:00:00;1086;0;42;9;17;0;-1;1;-1;-1;-1;-1;-1;-1;0;1;4;0;1;4;-1;0;0;0;0;0;0;0;0;0;0;0;0;0;1;1;0;0;-1;-1;0;0;-1;-1;-1;-1;-1;-1;-1;-1;-1;9;17;34;50;84;25;58;58;25;9.67;5.67;5.5;1.92;Skonto;Jelgava;1.92;1.75;2.67;1;1.83;1.42;92;84;67;50;17;84;75;59;0;0;0;204;24;Y;Y;Y;Y;Y;N;Y
62005;1091;1088;2015;complete;290;16;-1;;;0;0;0;5;1;6;3;5;3;4;0;0;5;4;5;3;10;7;17;19;56;44;3;4;0;0;0;0;0;0;0;0;0;0;0;0;0;0;0;0;0;0;0;0;0;0;0;0;0;0;0;0;0;0;0;0;0;0;0;0;0;0;0;0;0;0;0;0;0;0;0;0;0;0;0;0;0;0;0;0;0;0;0;0;0;0;0;0;0;0;0;0;0;0;0;0;0;0;0;2015-08-03 15:00:00;-1;0;30;0;20;0;-1;1;-1;-1;-1;-1;-1;-1;1;2;2;2;3;4;-1;0;0;0;0;0;0;0;0;0;0;0;0;0;1;1;0;0;-1;-1;0;0;-1;-1;-1;-1;-1;-1;-1;-1;-1;0;20;20;70;100;10;70;90;20;11.4;3.2;5.2;2.1;BFC Daugavpils;Metta - LU;0.67;0.42;1;0;0.58;0.33;100;80;80;30;0;100;90;50;0;0;0;204;24;N;N;N;N;N;N;N
62006;1086;63;2015;complete;290;17;-1;67;90;1;1;2;3;7;10;1;4;5;2;1;0;5;3;7;4;12;7;27;13;50;50;6;2;0;0;0;0;0;0;0;0;0;0;0;0;0;0;0;0;0;0;0;0;0;0;0;0;0;0;0;0;0;0;0;0;0;0;0;0;0;0;0;0;0;0;0;0;0;0;0;0;0;0;0;0;0;0;0;0;0;0;0;0;0;0;0;0;0;0;0;0;2;0;0;1;1;2;0;2015-08-09 15:00:00;-1;0;58;0;42;0;-1;1;-1;-1;-1;-1;-1;-1;2;1;4;1;3;5;-1;0;0;0;0;0;0;0;1;0;1;0;0;0;1;1;0;0;-1;-1;0;0;-1;-1;-1;-1;-1;-1;-1;-1;-1;17;17;42;67;92;9;75;83;42;12.67;6.5;5.5;2.42;Jelgava;Liepāja;1.67;2;1.83;1.83;1.54;1.93;84;84;58;34;9;59;50;34;0;0;0;204;24;Y;Y;N;N;N;N;Y
62007;1087;963;2015;complete;290;17;-1;;;0;0;0;1;5;6;3;3;1;3;0;1;4;5;3;7;7;12;16;26;40;60;1;4;0;0;0;0;0;0;0;0;0;0;0;0;0;0;0;0;0;0;0;0;0;0;0;0;0;0;0;0;0;0;0;0;0;0;0;0;0;0;0;0;0;0;0;0;0;0;0;0;0;0;0;0;0;0;0;0;0;0;0;0;0;0;0;0;0;0;0;0;0;0;0;0;0;0;0;2015-08-09 16:00:00;-1;0;37;0;19;0;-1;1;-1;-1;-1;-1;-1;-1;0;2;1;2;2;3;-1;0;0;0;0;0;0;0;0;0;0;0;0;0;1;1;0;0;-1;-1;0;0;-1;-1;-1;-1;-1;-1;-1;-1;-1;0;0;19;72;82;0;65;72;35;12.03;5.8;5.3;1.72;Spartaks Jūrmala;Ventspils;0.83;1.58;1;2;1.08;2;100;100;82;29;19;100;80;45;0;0;0;204;24;N;N;N;N;N;N;N
62008;1088;1093;2015;complete;290;17;-1;7;38,42,45,69,83;1;5;6;5;6;11;1;1;3;1;0;0;8;5;3;7;11;12;17;17;45;55;3;1;0;0;0;0;0;0;0;0;0;0;0;0;0;0;0;0;0;0;0;0;0;0;0;0;0;0;0;0;0;0;0;0;0;0;0;0;0;0;0;0;0;0;0;0;0;0;0;0;0;0;0;0;0;0;0;0;0;0;0;0;0;0;0;0;0;0;0;0;6;1;3;0;2;2;4;2015-08-10 16:00:00;1093;0;45;24;31;0;-1;1;-1;-1;-1;-1;-1;-1;2;1;1;0;3;1;-1;0;0;0;0;0;0;0;0;1;0;1;0;0;1;1;1;0;-1;-1;0;0;-1;-1;-1;-1;-1;-1;-1;-1;-1;16;24;45;60;84;31;61;68;52;7.97;5.29;6.33;2.27;Metta - LU;Skonto;0.58;1.83;0.57;1;0.38;1.69;85;77;55;41;17;100;61;38;0;0;0;204;24;Y;Y;Y;Y;Y;Y;Y
62009;63;1088;2015;complete;290;18;-1;37,41;;2;0;2;11;1;12;5;2;2;2;0;0;6;2;5;4;11;6;11;11;52;48;2;2;0;0;0;0;0;0;0;0;0;0;0;0;0;0;0;0;0;0;0;0;0;0;0;0;0;0;0;0;0;0;0;0;0;0;0;0;0;0;0;0;0;0;0;0;0;0;0;0;0;0;0;0;0;0;0;0;0;0;0;0;0;0;0;0;0;0;0;0;2;2;0;0;0;0;2;2015-08-15 15:00:00;63;0;46;19;40;0;-1;1;-1;-1;-1;-1;-1;-1;2;0;0;2;2;2;-1;0;0;0;0;0;0;0;0;0;0;0;0;0;1;1;0;0;-1;-1;0;0;-1;-1;-1;-1;-1;-1;-1;-1;-1;13;42;48;71;79;28;59;79;40;12.46;5.67;5.46;2.53;Liepāja;Metta - LU;2.33;0.42;2;0.17;1.87;0.36;88;59;53;29;21;92;92;61;0;0;0;204;24;Y;Y;N;N;N;N;N
62010;1091;963;2015;complete;290;18;-1;46;2;1;1;2;1;6;7;2;4;0;1;0;0;0;11;5;6;5;17;11;20;41;59;0;1;0;0;0;0;0;0;0;0;0;0;0;0;0;0;0;0;0;0;0;0;0;0;0;0;0;0;0;0;0;0;0;0;0;0;0;0;0;0;0;0;0;0;0;0;0;0;0;0;0;0;0;0;0;0;0;0;0;0;0;0;0;0;0;0;0;0;0;0;2;0;1;1;0;1;1;2015-08-15 15:00:00;-1;0;31;0;16;0;-1;1;-1;-1;-1;-1;-1;-1;0;0;0;1;0;1;-1;0;0;0;0;0;0;0;0;0;0;0;0;0;1;1;0;1;-1;-1;0;0;-1;-1;-1;-1;-1;-1;-1;-1;-1;0;0;7;61;77;0;47;69;30;12.9;5.69;4.88;1.45;BFC Daugavpils;Ventspils;0.67;1.58;1;1.86;0.62;1.92;100;100;93;40;23;85;77;38;0;0;0;204;24;Y;Y;N;N;N;N;Y
62011;1086;1087;2015;complete;290;18;-1;29;;1;0;1;5;6;11;5;7;2;3;0;0;8;5;5;4;13;9;30;9;55;45;2;3;0;0;0;0;0;0;0;0;0;0;0;0;0;0;0;0;0;0;0;0;0;0;0;0;0;0;0;0;0;0;0;0;0;0;0;0;0;0;0;0;0;0;0;0;0;0;0;0;0;0;0;0;0;0;0;0;0;0;0;0;0;0;0;0;0;0;0;0;1;1;0;0;0;0;1;2015-08-15 16:00:00;1086;0;50;7;15;0;-1;1;-1;-1;-1;-1;-1;-1;0;1;2;2;1;4;-1;0;0;0;0;0;0;0;0;0;0;0;0;0;1;1;0;0;-1;-1;0;0;-1;-1;-1;-1;-1;-1;-1;-1;-1;7;7;29;64;86;15;57;79;29;10.1;6.14;5.29;1.93;Jelgava;Spartaks Jūrmala;1.67;0.92;1.71;1.14;1.5;1.08;93;93;72;36;14;69;54;47;0;0;0;204;24;Y;N;N;N;N;N;N
62012;1087;1088;2015;complete;290;13;-1;3,80;18,53;2;2;4;-1;-1;-1;-1;-1;2;2;0;0;-1;-1;-1;-1;-1;-1;-1;-1;-1;-1;2;2;0;0;0;0;0;0;0;0;0;0;0;0;0;0;0;0;0;0;0;0;0;0;0;0;0;0;0;0;0;0;0;0;0;0;0;0;0;0;0;0;0;0;0;0;0;0;0;0;0;0;0;0;0;0;0;0;0;0;0;0;0;0;0;0;0;0;0;0;4;1;1;1;1;2;2;2015-08-19 15:00:00;-1;0;24;0;16;0;-1;1;-1;-1;-1;-1;-1;-1;1;0;1;2;1;3;-1;0;0;0;0;0;0;0;0;1;0;1;0;0;1;1;1;0;-1;-1;0;0;-1;-1;-1;-1;-1;-1;-1;-1;-1;0;15;23;61;77;15;69;61;16;8.21;4.14;5.64;1.74;Spartaks Jūrmala;Metta - LU;0.83;0.42;1;0.14;1;0.33;100;86;77;40;24;85;68;45;0;0;0;204;24;Y;Y;Y;Y;N;N;Y
62013;1091;1093;2015;complete;290;13;-1;;;0;0;0;4;2;6;1;0;3;2;0;0;2;4;4;4;6;8;18;16;37;63;3;2;0;0;0;0;0;0;0;0;0;0;0;0;0;0;0;0;0;0;0;0;0;0;0;0;0;0;0;0;0;0;0;0;0;0;0;0;0;0;0;0;0;0;0;0;0;0;0;0;0;0;0;0;0;0;0;0;0;0;0;0;0;0;0;0;0;0;0;0;0;0;0;0;0;0;0;2015-08-19 15:00:00;-1;0;43;22;22;0;-1;1;-1;-1;-1;-1;-1;-1;0;0;3;2;0;5;-1;0;0;0;0;0;0;0;0;0;0;0;0;0;1;1;0;0;-1;-1;0;0;-1;-1;-1;-1;-1;-1;-1;-1;-1;15;22;22;50;79;22;57;64;29;10.57;4.57;4.86;1.93;BFC Daugavpils;Skonto;0.67;1.83;1;1.29;0.64;1.79;86;79;79;50;22;86;57;36;0;0;0;204;24;N;N;N;N;N;N;N
62014;1086;963;2015;complete;290;14;-1;;;0;0;0;-1;-1;-1;-1;-1;3;3;0;0;-1;-1;-1;-1;-1;-1;-1;-1;-1;-1;3;3;0;0;0;0;0;0;0;0;0;0;0;0;0;0;0;0;0;0;0;0;0;0;0;0;0;0;0;0;0;0;0;0;0;0;0;0;0;0;0;0;0;0;0;0;0;0;0;0;0;0;0;0;0;0;0;0;0;0;0;0;0;0;0;0;0;0;0;0;0;0;0;0;0;0;0;2015-08-19 15:00:00;-1;0;38;0;19;0;-1;1;-1;-1;-1;-1;-1;-1;1;1;2;2;2;4;-1;0;0;0;0;0;0;0;0;0;0;0;0;0;1;1;0;0;-1;-1;0;0;-1;-1;-1;-1;-1;-1;-1;-1;-1;0;0;13;63;82;0;50;75;32;12.75;7.51;5.38;1.57;Jelgava;Ventspils;1.67;1.58;1.88;1.75;1.6;1.86;100;100;88;38;19;75;69;44;0;0;0;204;24;N;N;N;N;N;N;N
62015;963;1093;2015;complete;290;19;-1;87;54,60,70;1;3;4;8;4;12;2;1;2;3;0;0;7;6;3;5;10;11;25;18;52;48;2;3;0;0;0;0;0;0;0;0;0;0;0;0;0;0;0;0;0;0;0;0;0;0;0;0;0;0;0;0;0;0;0;0;0;0;0;0;0;0;0;0;0;0;0;0;0;0;0;0;0;0;0;0;0;0;0;0;0;0;0;0;0;0;0;0;0;0;0;0;4;0;0;1;3;4;0;2015-08-23 14:00:00;1093;0;28;19;21;0;-1;1;-1;-1;-1;-1;-1;-1;0;2;2;1;2;3;-1;0;0;0;0;0;0;0;0;1;0;1;0;0;1;1;0;0;-1;-1;0;0;-1;-1;-1;-1;-1;-1;-1;-1;-1;21;28;36;53;65;28;59;50;36;10.13;5.71;5.05;2.15;Ventspils;Skonto;2;1.83;2;1.25;1.8;1.73;79;73;65;48;36;69;50;36;0;0;0;204;24;Y;Y;Y;Y;N;N;Y
62016;1087;1091;2015;complete;290;19;-1;66,77;82;2;1;3;2;2;4;2;2;1;0;0;0;3;6;2;7;5;13;7;11;54;46;1;0;0;0;0;0;0;0;0;0;0;0;0;0;0;0;0;0;0;0;0;0;0;0;0;0;0;0;0;0;0;0;0;0;0;0;0;0;0;0;0;0;0;0;0;0;0;0;0;0;0;0;0;0;0;0;0;0;0;0;0;0;0;0;0;0;0;0;0;0;3;0;0;2;1;3;0;2015-08-23 15:00:00;1087;0;50;7;36;0;-1;1;-1;-1;-1;-1;-1;-1;0;0;1;0;0;1;-1;0;0;0;0;0;0;0;0;0;0;0;0;0;1;1;0;0;-1;-1;0;0;-1;-1;-1;-1;-1;-1;-1;-1;-1;7;14;36;72;86;14;71;79;43;8.64;3.57;4.29;2.14;Spartaks Jūrmala;BFC Daugavpils;0.83;0.5;1;0.29;1;0.67;93;86;64;29;15;77;54;45;0;0;0;204;24;Y;Y;Y;N;N;N;Y
62017;1088;1086;2015;complete;290;19;-1;37,47;43,45,52,79;2;4;6;2;5;7;1;3;4;3;0;0;5;5;1;7;6;12;8;18;38;62;4;3;0;0;0;0;0;0;0;0;0;0;0;0;0;0;0;0;0;0;0;0;0;0;0;0;0;0;0;0;0;0;0;0;0;0;0;0;0;0;0;0;0;0;0;0;0;0;0;0;0;0;0;0;0;0;0;0;0;0;0;0;0;0;0;0;0;0;0;0;6;1;2;1;2;3;3;2015-08-24 16:00:00;1086;0;53;27;20;0;-1;1;-1;-1;-1;-1;-1;-1;2;1;2;2;3;4;-1;0;0;0;0;0;0;0;0;0;0;0;0;0;1;1;0;0;-1;-1;0;0;-1;-1;-1;-1;-1;-1;-1;-1;-1;20;20;46;66;86;34;59;66;45;8.95;4.13;5.57;2.42;Metta - LU;Jelgava;0.58;1.75;0.5;1.29;0.38;1.56;81;81;55;35;15;100;81;61;0;0;0;204;24;Y;Y;Y;Y;Y;Y;Y
62018;1093;1091;2015;complete;290;20;-1;;;0;0;0;10;3;13;3;2;3;2;0;0;7;4;7;3;14;7;14;9;66;34;3;2;0;0;0;0;0;0;0;0;0;0;0;0;0;0;0;0;0;0;0;0;0;0;0;0;0;0;0;0;0;0;0;0;0;0;0;0;0;0;0;0;0;0;0;0;0;0;0;0;0;0;0;0;0;0;0;0;0;0;0;0;0;0;0;0;0;0;0;0;0;0;0;0;0;0;0;2015-08-28 15:30:00;-1;0;60;7;32;0;-1;1;-1;-1;-1;-1;-1;-1;1;1;2;1;2;3;-1;0;0;0;0;0;0;0;0;0;0;0;0;0;1;1;0;0;-1;-1;0;0;-1;-1;-1;-1;-1;-1;-1;-1;-1;21;28;54;80;100;28;75;93;46;8.17;5.43;4.49;2.82;Skonto;BFC Daugavpils;1.92;0.5;2.29;0.25;1.81;0.63;80;73;47;21;0;67;61;54;0;0;0;204;24;N;N;N;N;N;N;N
62019;63;963;2015;complete;290;20;-1;8,27,45;53,81;3;2;5;-1;-1;-1;-1;-1;3;4;0;0;-1;-1;-1;-1;-1;-1;-1;-1;-1;-1;3;4;0;0;0;0;0;0;0;0;0;0;0;0;0;0;0;0;0;0;0;0;0;0;0;0;0;0;0;0;0;0;0;0;0;0;0;0;0;0;0;0;0;0;0;0;0;0;0;0;0;0;0;0;0;0;0;0;0;0;0;0;0;0;0;0;0;0;0;0;5;3;0;0;2;2;3;2015-08-28 16:30:00;63;0;50;17;34;0;-1;1;-1;-1;-1;-1;-1;-1;0;2;3;2;2;5;-1;0;0;0;0;0;0;0;0;0;0;0;0;0;1;1;1;0;-1;-1;0;0;-1;-1;-1;-1;-1;-1;-1;-1;-1;11;22;34;73;73;22;50;67;45;15.13;7;4.67;2.11;Liepāja;Ventspils;2.33;1.58;2.11;1.67;1.94;1.69;89;78;67;28;28;88;88;57;0;0;0;204;24;Y;Y;Y;Y;Y;N;Y
62020;1088;1087;2015;complete;290;20;-1;18,37,60;3,90;3;2;5;2;7;9;3;2;2;2;0;1;3;4;5;7;8;11;11;11;36;64;2;4;0;0;0;0;0;0;0;0;0;0;0;0;0;0;0;0;0;0;0;0;0;0;0;0;0;0;0;0;0;0;0;0;0;0;0;0;0;0;0;0;0;0;0;0;0;0;0;0;0;0;0;0;0;0;0;0;0;0;0;0;0;0;0;0;0;0;0;0;5;2;1;1;1;2;3;2015-08-29 11:00:00;1088;0;59;23;17;0;-1;1;-1;-1;-1;-1;-1;-1;2;2;0;1;4;1;-1;0;0;0;0;0;0;0;0;0;0;0;0;0;1;1;0;1;-1;-1;0;0;-1;-1;-1;-1;-1;-1;-1;-1;-1;23;23;53;76;94;35;77;76;52;7.22;5.25;5.49;2.79;Metta - LU;Spartaks Jūrmala;0.58;0.92;0.44;1;0.35;1.13;78;78;48;25;7;80;62;51;0;0;0;204;24;Y;Y;Y;Y;Y;N;Y
62021;963;1086;2015;complete;290;21;-1;75;43,88;1;2;3;1;4;5;1;7;3;2;0;0;4;6;4;6;8;12;14;16;60;40;3;2;0;0;0;0;0;0;0;0;0;0;0;0;0;0;0;0;0;0;0;0;0;0;0;0;0;0;0;0;0;0;0;0;0;0;0;0;0;0;0;0;0;0;0;0;0;0;0;0;0;0;0;0;0;0;0;0;0;0;0;0;0;0;0;0;0;0;0;0;3;0;1;1;1;2;1;2015-09-11 14:00:00;1086;0;40;19;27;0;-1;1;-1;-1;-1;-1;-1;-1;0;1;3;1;1;4;-1;0;0;0;0;0;0;0;0;0;0;0;0;0;1;1;0;0;-1;-1;0;0;-1;-1;-1;-1;-1;-1;-1;-1;-1;20;27;41;61;73;26;54;54;34;11.36;5.27;4.77;2.34;Ventspils;Jelgava;2;1.75;1.71;1.5;1.59;1.65;81;73;60;40;27;73;66;53;0;0;0;204;24;Y;Y;Y;N;N;N;Y
62022;1091;63;2015;complete;290;21;-1;;17,39,43,50;0;4;4;2;5;7;2;5;3;0;0;0;3;5;5;8;8;13;18;9;35;65;3;0;0;0;0;0;0;0;0;0;0;0;0;0;0;0;0;0;0;0;0;0;0;0;0;0;0;0;0;0;0;0;0;0;0;0;0;0;0;0;0;0;0;0;0;0;0;0;0;0;0;0;0;0;0;0;0;0;0;0;0;0;0;0;0;0;0;0;0;0;4;0;3;0;1;1;3;2015-09-13 11:00:00;63;0;62;0;42;0;-1;1;-1;-1;-1;-1;-1;-1;2;0;1;0;2;1;-1;0;0;0;0;0;0;0;0;1;0;1;0;0;1;1;0;0;-1;-1;0;0;-1;-1;-1;-1;-1;-1;-1;-1;-1;15;15;29;68;88;7;68;75;42;11.24;4.61;4.86;2.2;BFC Daugavpils;Liepāja;0.67;2;1;1.71;0.65;2;86;86;72;32;13;60;54;20;0;0;0;204;24;Y;Y;Y;Y;N;N;N
62023;1087;1093;2015;complete;290;21;-1;32;7,15,78;1;3;4;3;5;8;1;3;2;4;0;0;3;4;2;7;5;11;15;15;41;59;2;4;0;0;0;0;0;0;0;0;0;0;0;0;0;0;0;0;0;0;0;0;0;0;0;0;0;0;0;0;0;0;0;0;0;0;0;0;0;0;0;0;0;0;0;0;0;0;0;0;0;0;0;0;0;0;0;0;0;0;0;0;0;0;0;0;0;0;0;0;4;1;2;0;1;1;3;2015-09-13 13:00:00;1093;0;47;23;36;0;-1;1;-1;-1;-1;-1;-1;-1;1;1;1;3;2;4;-1;0;0;0;0;0;0;0;0;0;0;0;0;0;1;1;0;1;-1;-1;0;0;-1;-1;-1;-1;-1;-1;-1;-1;-1;11;29;41;54;71;23;54;60;41;8.7;3.85;5.14;2.11;Spartaks Jūrmala;Skonto;0.83;1.83;1.25;1.44;1.06;1.76;89;72;60;47;29;80;50;37;0;0;0;204;24;Y;Y;Y;Y;N;N;Y
62024;1093;63;2015;complete;290;22;-1;84;8,59;1;2;3;4;1;5;2;1;4;2;2;0;3;3;2;3;5;6;15;19;60;40;7;2;0;0;0;0;0;0;0;0;0;0;0;0;0;0;0;0;0;0;0;0;0;0;0;0;0;0;0;0;0;0;0;0;0;0;0;0;0;0;0;0;0;0;0;0;0;0;0;0;0;0;0;0;0;0;0;0;0;0;0;0;0;0;0;0;0;0;0;0;3;0;1;1;1;2;1;2015-09-18 16:30:00;63;0;63;7;38;0;-1;1;-1;-1;-1;-1;-1;-1;1;1;5;1;2;6;-1;0;0;0;0;0;0;0;0;0;0;0;0;0;1;1;0;1;-1;-1;0;0;-1;-1;-1;-1;-1;-1;-1;-1;-1;25;38;57;76;94;32;82;82;44;10.75;6.51;5.38;2.94;Skonto;Liepāja;1.92;2;2.13;1.88;1.83;2.06;75;63;44;26;7;63;63;38;0;0;0;204;24;Y;Y;Y;N;N;N;Y
62025;963;1088;2015;complete;290;22;-1;9,35,88;;3;0;3;4;1;5;6;0;2;1;0;0;3;4;4;3;7;7;18;11;53;47;2;1;0;0;0;0;0;0;0;0;0;0;0;0;0;0;0;0;0;0;0;0;0;0;0;0;0;0;0;0;0;0;0;0;0;0;0;0;0;0;0;0;0;0;0;0;0;0;0;0;0;0;0;0;0;0;0;0;0;0;0;0;0;0;0;0;0;0;0;0;3;2;0;1;0;1;2;2015-09-19 11:00:00;963;0;32;7;32;0;-1;1;-1;-1;-1;-1;-1;-1;1;0;1;1;1;2;-1;0;0;0;0;0;0;0;0;0;0;0;0;0;1;1;1;0;-1;-1;0;0;-1;-1;-1;-1;-1;-1;-1;-1;-1;7;32;44;75;82;26;69;69;38;8.96;4.63;5.25;2.44;Ventspils;Metta - LU;2;0.42;1.5;0.25;1.5;0.5;94;69;57;25;19;68;68;48;0;0;0;204;24;Y;Y;Y;N;N;N;N
62026;1091;1086;2015;complete;290;22;-1;;16,73;0;2;2;2;5;7;3;5;0;0;0;0;3;6;3;7;6;13;13;15;46;54;0;0;0;0;0;0;0;0;0;0;0;0;0;0;0;0;0;0;0;0;0;0;0;0;0;0;0;0;0;0;0;0;0;0;0;0;0;0;0;0;0;0;0;0;0;0;0;0;0;0;0;0;0;0;0;0;0;0;0;0;0;0;0;0;0;0;0;0;0;0;2;0;1;0;1;1;1;2015-09-19 13:00:00;1086;0;45;17;22;0;-1;-1;-1;-1;-1;-1;-1;-1;0;0;0;0;0;0;-1;0;0;0;0;0;0;0;0;0;0;0;0;0;1;1;0;0;-1;-1;-1;-1;-1;-1;-1;-1;-1;-1;-1;-1;-1;11;17;28;56;78;22;56;62;22;10.33;4.45;4.67;1.95;BFC Daugavpils;Jelgava;0.67;1.75;0.89;1.67;0.61;1.72;89;84;73;44;22;67;56;39;0;0;0;204;24;Y;Y;N;N;N;N;N
62027;1088;1091;2015;complete;290;23;-1;;20,60;0;2;2;3;3;6;2;4;3;2;0;0;5;0;5;7;10;7;18;17;57;43;3;2;0;0;0;0;0;0;0;0;0;0;0;0;0;0;0;0;0;0;0;0;0;0;0;0;0;0;0;0;0;0;0;0;0;0;0;0;0;0;0;0;0;0;0;0;0;0;0;0;0;0;0;0;0;0;0;0;0;0;0;0;0;0;0;0;0;0;0;0;2;0;1;0;1;1;1;2015-09-25 16:00:00;1091;0;63;20;42;0;-1;1;-1;-1;-1;-1;-1;-1;1;0;2;2;1;4;-1;0;0;0;0;0;0;0;0;1;0;1;0;0;1;1;0;0;-1;-1;0;0;-1;-1;-1;-1;-1;-1;-1;-1;-1;26;26;57;84;95;31;68;90;68;6.88;4.1;4.67;2.97;Metta - LU;BFC Daugavpils;0.58;0.5;0.7;0.33;0.47;0.58;75;75;43;16;6;79;58;48;0;0;0;204;24;Y;Y;N;N;N;N;N
62028;1086;1093;2015;complete;290;23;-1;;-1,-1,-1;0;3;3;5;5;10;2;2;3;4;0;0;6;6;10;3;16;9;21;14;51;49;3;4;0;0;0;0;0;0;0;0;0;0;0;0;0;0;0;0;0;0;0;0;0;0;0;0;0;0;0;0;0;0;0;0;0;0;0;0;0;0;0;0;0;0;0;0;0;0;0;0;0;0;0;0;0;0;0;0;0;0;0;0;0;0;0;0;0;0;0;0;3;0;0;0;0;0;0;2015-09-26 11:00:00;1093;0;42;20;26;1;-1;1;-1;-1;-1;-1;-1;-1;2;3;1;1;5;2;-1;0;0;0;0;0;0;0;0;1;0;1;0;0;1;-1;-1;-1;-1;-1;1;1;-1;-1;-1;-1;-1;-1;-1;-1;-1;10;25;31;47;74;20;47;64;31;10.85;5.41;5.89;1.92;Jelgava;Skonto;1.67;1.83;1.78;1.6;1.79;1.74;90;75;70;53;26;78;57;45;0;0;0;204;24;Y;Y;Y;N;N;N;N
62029;1087;63;2015;complete;290;23;-1;;72,90;0;2;2;3;7;10;0;2;1;0;0;0;5;9;5;10;10;19;17;14;47;53;1;0;0;0;0;0;0;0;0;0;0;0;0;0;0;0;0;0;0;0;0;0;0;0;0;0;0;0;0;0;0;0;0;0;0;0;0;0;0;0;0;0;0;0;0;0;0;0;0;0;0;0;0;0;0;0;0;0;0;0;0;0;0;0;0;0;0;0;0;0;2;0;0;0;2;2;0;2015-09-27 12:00:00;63;0;67;11;50;0;-1;1;-1;-1;-1;-1;-1;-1;0;0;1;0;0;1;-1;0;0;0;0;0;0;0;0;0;0;0;0;0;1;1;0;0;-1;-1;0;0;-1;-1;-1;-1;-1;-1;-1;-1;-1;11;28;56;78;89;22;78;78;50;9.22;4.45;4.66;2.67;Spartaks Jūrmala;Liepāja;0.83;2;1.11;2;1;2.11;89;73;45;22;11;54;41;18;0;0;0;204;24;Y;Y;N;N;N;N;N
62030;1093;1088;2015;complete;290;24;-1;7,37,86;49;3;1;4;4;4;8;6;2;2;4;0;1;5;2;1;11;6;13;13;20;55;45;2;6;0;0;0;0;0;0;0;0;0;0;0;0;0;0;0;0;0;0;0;0;0;0;0;0;0;0;0;0;0;0;0;0;0;0;0;0;0;0;0;0;0;0;0;0;0;0;0;0;0;0;0;0;0;0;0;0;0;0;0;0;0;0;0;0;0;0;0;0;4;2;0;1;1;2;2;2015-10-02 15:00:00;1093;0;39;11;22;0;-1;1;-1;-1;-1;-1;-1;-1;2;2;0;3;4;3;-1;0;0;0;0;0;0;0;1;0;1;0;0;0;1;1;1;0;-1;-1;0;0;-1;-1;-1;-1;-1;-1;-1;-1;-1;11;33;50;73;89;39;78;78;28;8.27;4.78;6.11;2.56;Skonto;Metta - LU;1.92;0.42;1.89;0.22;1.8;0.45;89;67;50;28;11;71;71;53;0;0;0;204;24;Y;Y;Y;Y;N;N;Y
62031;63;1086;2015;complete;290;24;-1;33;;1;0;1;7;4;11;3;2;3;4;0;0;2;3;5;4;7;7;15;17;54;46;3;4;0;0;0;0;0;0;0;0;0;0;0;0;0;0;0;0;0;0;0;0;0;0;0;0;0;0;0;0;0;0;0;0;0;0;0;0;0;0;0;0;0;0;0;0;0;0;0;0;0;0;0;0;0;0;0;0;0;0;0;0;0;0;0;0;0;0;0;0;1;1;0;0;0;0;1;2015-10-02 16:30:00;63;0;60;30;40;0;-1;1;-1;-1;-1;-1;-1;-1;1;1;2;3;2;5;-1;0;0;0;0;0;0;0;0;0;0;0;0;0;1;1;0;0;-1;-1;0;0;-1;-1;-1;-1;-1;-1;-1;-1;-1;25;35;50;70;80;40;60;65;45;13.93;6.1;4.5;2.65;Liepāja;Jelgava;2.33;1.75;2.2;1.8;2.15;1.7;75;65;50;30;20;85;80;63;0;0;0;204;24;Y;N;N;N;N;N;N
62032;963;1087;2015;complete;290;24;-1;5,22,50;90;3;1;4;5;1;6;1;4;0;2;0;0;3;3;4;3;7;6;20;14;55;45;0;2;0;0;0;0;0;0;0;0;0;0;0;0;0;0;0;0;0;0;0;0;0;0;0;0;0;0;0;0;0;0;0;0;0;0;0;0;0;0;0;0;0;0;0;0;0;0;0;0;0;0;0;0;0;0;0;0;0;0;0;0;0;0;0;0;0;0;0;0;4;2;0;1;1;2;2;2015-10-03 12:00:00;963;0;45;11;22;0;-1;1;-1;-1;-1;-1;-1;-1;0;0;0;2;0;2;-1;0;0;0;0;0;0;0;0;0;0;0;0;0;1;1;1;0;-1;-1;0;0;-1;-1;-1;-1;-1;-1;-1;-1;-1;17;22;50;73;84;28;73;67;39;9.49;6.33;4.78;2.5;Ventspils;Spartaks Jūrmala;2;0.92;1.67;0.89;1.58;0.95;84;78;50;28;17;60;47;42;0;0;0;204;24;Y;Y;Y;Y;N;N;Y
62033;963;1091;2015;complete;290;25;-1;35,48,86,90;;4;0;4;9;2;11;3;1;2;3;0;0;9;3;8;2;17;5;20;11;60;40;2;3;0;0;0;0;0;0;0;0;0;0;0;0;0;0;0;0;0;0;0;0;0;0;0;0;0;0;0;0;0;0;0;0;0;0;0;0;0;0;0;0;0;0;0;0;0;0;0;0;0;0;0;0;0;0;0;0;0;0;0;0;0;0;0;0;0;0;0;0;4;1;0;3;0;3;1;2015-10-17 12:00:00;963;0;45;0;40;0;-1;1;-1;-1;-1;-1;-1;-1;1;1;1;2;2;3;-1;0;0;0;0;0;0;0;0;0;0;0;0;0;1;1;0;0;-1;-1;0;0;-1;-1;-1;-1;-1;-1;-1;-1;-1;10;20;50;80;85;20;65;80;50;8.8;5.2;3.7;2.5;Ventspils;BFC Daugavpils;2;0.5;1.8;0.6;1.65;0.7;90;80;50;20;15;50;45;40;0;0;0;204;24;Y;Y;Y;Y;N;N;N
62034;1087;1086;2015;complete;290;25;-1;;90;0;1;1;5;4;9;4;3;2;1;0;0;2;4;5;9;7;13;13;19;45;55;2;1;0;0;0;0;0;0;0;0;0;0;0;0;0;0;0;0;0;0;0;0;0;0;0;0;0;0;0;0;0;0;0;0;0;0;0;0;0;0;0;0;0;0;0;0;0;0;0;0;0;0;0;0;0;0;0;0;0;0;0;0;0;0;0;0;0;0;0;0;1;0;0;0;1;1;0;2015-10-18 11:00:00;1086;0;48;24;29;0;-1;1;-1;-1;-1;-1;-1;-1;2;1;0;0;3;0;-1;0;0;0;0;0;0;0;0;0;0;0;0;0;1;1;0;0;-1;-1;1;0;-1;-1;-1;-1;-1;-1;-1;-1;-1;9;19;38;63;81;24;62;63;34;9.07;4.22;4.55;2.14;Spartaks Jūrmala;Jelgava;0.83;1.75;1;1.64;0.9;1.62;91;81;62;38;19;70;54;39;0;0;0;204;24;Y;N;N;N;N;N;N
62035;1088;63;2015;complete;290;25;-1;;25,47,60,83;0;4;4;6;4;10;0;3;3;0;0;0;4;5;6;6;10;11;15;10;42;58;3;0;0;0;0;0;0;0;0;0;0;0;0;0;0;0;0;0;0;0;0;0;0;0;0;0;0;0;0;0;0;0;0;0;0;0;0;0;0;0;0;0;0;0;0;0;0;0;0;0;0;0;0;0;0;0;0;0;0;0;0;0;0;0;0;0;0;0;0;0;4;0;1;0;3;3;1;2015-10-19 16:00:00;63;0;67;18;48;0;-1;1;-1;-1;-1;-1;-1;-1;0;0;3;0;0;3;-1;0;0;0;0;0;0;0;0;1;0;1;0;0;1;1;0;0;-1;-1;0;0;-1;-1;-1;-1;-1;-1;-1;-1;-1;28;33;62;91;100;33;81;91;72;8.49;4.89;5.2;3.28;Metta - LU;Liepāja;0.58;2;0.64;2.1;0.43;2.19;72;67;38;10;0;66;53;23;0;0;0;204;24;Y;Y;Y;Y;N;N;N
62036;1091;1087;2015;complete;290;26;-1;;2,25;0;2;2;-1;-1;-1;-1;-1;1;1;1;0;-1;-1;-1;-1;-1;-1;-1;-1;-1;-1;2;1;0;0;0;0;0;0;0;0;0;0;0;0;0;0;0;0;0;0;0;0;0;0;0;0;0;0;0;0;0;0;0;0;0;0;0;0;0;0;0;0;0;0;0;0;0;0;0;0;0;0;0;0;0;0;0;0;0;0;0;0;0;0;0;0;0;0;0;0;2;0;2;0;0;0;2;2015-10-24 11:00:00;1087;0;45;10;15;0;-1;1;-1;-1;-1;-1;-1;-1;0;0;2;1;0;3;-1;0;0;0;0;0;0;0;0;0;0;0;0;0;1;1;0;1;-1;-1;0;0;-1;-1;-1;-1;-1;-1;-1;-1;-1;10;20;30;65;85;25;70;70;25;8.7;5.1;4.4;2.1;BFC Daugavpils;Spartaks Jūrmala;0.67;0.92;0.8;0.8;0.67;0.86;90;80;70;35;15;59;42;32;0;0;0;204;24;Y;Y;N;N;N;N;N
62037;1086;1088;2015;complete;290;26;-1;62,68,73;11;3;1;4;7;4;11;3;0;0;1;0;0;8;0;9;6;17;6;14;12;62;38;0;1;0;0;0;0;0;0;0;0;0;0;0;0;0;0;0;0;0;0;0;0;0;0;0;0;0;0;0;0;0;0;0;0;0;0;0;0;0;0;0;0;0;0;0;0;0;0;0;0;0;0;0;0;0;0;0;0;0;0;0;0;0;0;0;0;0;0;0;0;4;0;1;3;0;3;1;2015-10-25 12:00:00;1086;0;30;5;26;0;-1;1;-1;-1;-1;-1;-1;-1;0;0;0;1;0;1;-1;0;0;0;0;0;0;0;0;0;0;0;0;0;1;1;0;0;-1;-1;0;0;-1;-1;-1;-1;-1;-1;-1;-1;-1;0;20;35;65;85;25;60;70;25;9.55;4.6;6;2.05;Jelgava;Metta - LU;1.67;0.42;1.6;0.2;1.68;0.41;100;80;65;35;15;73;67;44;0;0;0;204;24;Y;Y;Y;Y;N;N;Y
62038;1093;963;2015;complete;290;26;-1;;20,80;0;2;2;4;9;13;1;1;2;3;0;0;3;9;5;1;8;10;18;24;47;53;2;3;0;0;0;0;0;0;0;0;0;0;0;0;0;0;0;0;0;0;0;0;0;0;0;0;0;0;0;0;0;0;0;0;0;0;0;0;0;0;0;0;0;0;0;0;0;0;0;0;0;0;0;0;0;0;0;0;0;0;0;0;0;0;0;0;0;0;0;0;2;0;1;0;1;1;1;2015-10-25 13:00:00;963;0;50;5;20;0;-1;1;-1;-1;-1;-1;-1;-1;1;1;1;2;2;3;-1;0;0;0;0;0;0;0;0;0;0;0;0;0;1;1;0;0;-1;-1;0;0;-1;-1;-1;-1;-1;-1;-1;-1;-1;15;25;40;70;80;25;65;75;40;11.3;6.4;5.9;2.3;Skonto;Ventspils;1.92;1.58;2;1.5;1.86;1.71;85;75;60;30;20;68;68;44;0;0;0;204;24;Y;Y;N;N;N;N;N
62039;1091;1093;2015;complete;290;27;-1;46,73;58,85,90;2;3;5;3;4;7;1;2;3;1;0;0;2;8;2;11;4;19;9;9;37;63;3;1;0;0;0;0;0;0;0;0;0;0;0;0;0;0;0;0;0;0;0;0;0;0;0;0;0;0;0;0;0;0;0;0;0;0;0;0;0;0;0;0;0;0;0;0;0;0;0;0;0;0;0;0;0;0;0;0;0;0;0;0;0;0;0;0;0;0;0;0;5;0;0;2;3;5;0;2015-10-31 12:00:00;1093;0;36;20;20;0;-1;1;-1;-1;-1;-1;-1;-1;1;1;2;0;2;2;-1;0;0;0;0;0;0;0;0;1;0;1;0;0;1;1;0;0;-1;-1;0;0;-1;-1;-1;-1;-1;-1;-1;-1;-1;9;27;32;60;78;27;55;60;23;9.34;3.91;5;2.1;BFC Daugavpils;Skonto;0.67;1.83;0.73;1.73;0.64;1.77;91;73;68;41;23;66;48;28;0;0;0;204;24;Y;Y;Y;Y;Y;N;Y
62040;963;63;2015;complete;290;27;-1;9,70,87;60;3;1;4;11;10;21;2;2;1;1;1;0;8;8;7;0;15;8;14;13;47;53;2;1;0;0;0;0;0;0;0;0;0;0;0;0;0;0;0;0;0;0;0;0;0;0;0;0;0;0;0;0;0;0;0;0;0;0;0;0;0;0;0;0;0;0;0;0;0;0;0;0;0;0;0;0;0;0;0;0;0;0;0;0;0;0;0;0;0;0;0;0;4;1;0;2;1;3;1;2015-10-31 12:00:00;963;0;50;0;46;0;-1;1;-1;-1;-1;-1;-1;-1;0;0;2;1;0;3;-1;0;0;0;0;0;0;0;0;0;0;0;0;0;1;1;1;0;-1;-1;0;0;-1;-1;-1;-1;-1;-1;-1;-1;-1;14;36;64;87;91;23;78;82;64;10.72;5.82;4;3;Ventspils;Liepāja;2;2;1.91;2.18;1.77;2.23;87;64;36;14;9;50;50;23;0;0;0;204;24;Y;Y;Y;Y;N;N;Y
62041;1087;1088;2015;complete;290;27;-1;;25,34,40;0;3;3;7;2;9;4;1;1;2;1;1;5;7;8;2;13;9;17;18;58;42;3;4;0;0;0;0;0;0;0;0;0;0;0;0;0;0;0;0;0;0;0;0;0;0;0;0;0;0;0;0;0;0;0;0;0;0;0;0;0;0;0;0;0;0;0;0;0;0;0;0;0;0;0;0;0;0;0;0;0;0;0;0;0;0;0;0;0;0;0;0;3;0;3;0;0;0;3;2015-10-31 12:00:00;1088;0;41;14;27;0;-1;1;-1;-1;-1;-1;-1;-1;1;1;1;2;2;3;-1;0;0;0;0;0;0;0;0;0;0;0;0;0;1;1;0;0;-1;-1;0;1;-1;-1;-1;-1;-1;-1;-1;-1;-1;0;32;46;73;87;32;69;78;36;7.5;3.09;5;2.37;Spartaks Jūrmala;Metta - LU;0.83;0.42;0.91;0.18;0.95;0.39;100;69;55;27;14;70;55;35;0;0;0;204;24;Y;Y;Y;N;N;N;N
62042;1086;963;2015;complete;290;28;-1;;;0;0;0;4;3;7;5;2;2;1;0;0;7;5;6;4;13;9;22;15;50;50;2;1;0;0;0;0;0;0;0;0;0;0;0;0;0;0;0;0;0;0;0;0;0;0;0;0;0;0;0;0;0;0;0;0;0;0;0;0;0;0;0;0;0;0;0;0;0;0;0;0;0;0;0;0;0;0;0;0;0;0;0;0;0;0;0;0;0;0;0;0;0;0;0;0;0;0;0;2015-11-07 12:00:00;-1;0;36;0;15;0;-1;1;-1;-1;-1;-1;-1;-1;1;0;1;1;1;2;-1;0;0;0;0;0;0;0;0;0;0;0;0;0;1;1;0;0;-1;-1;0;0;-1;-1;-1;-1;-1;-1;-1;-1;-1;5;9;23;64;78;5;50;69;32;12.98;5.73;5.37;1.78;Jelgava;Ventspils;1.67;1.58;1.73;1.64;1.74;1.83;96;91;78;36;23;79;74;47;0;0;0;204;24;N;N;N;N;N;N;N
62043;63;1091;2015;complete;290;28;-1;54;;1;0;1;15;1;16;3;0;0;2;0;0;8;2;6;1;14;3;15;13;63;37;0;2;0;0;0;0;0;0;0;0;0;0;0;0;0;0;0;0;0;0;0;0;0;0;0;0;0;0;0;0;0;0;0;0;0;0;0;0;0;0;0;0;0;0;0;0;0;0;0;0;0;0;0;0;0;0;0;0;0;0;0;0;0;0;0;0;0;0;0;0;1;0;0;1;0;1;0;2015-11-07 12:00:00;63;0;55;14;41;0;-1;1;-1;-1;-1;-1;-1;-1;0;1;0;1;1;1;-1;0;0;0;0;0;0;0;0;0;0;0;0;0;1;1;0;0;-1;-1;0;0;-1;-1;-1;-1;-1;-1;-1;-1;-1;18;32;50;78;87;27;64;78;55;11.99;5.27;4.09;2.64;Liepāja;BFC Daugavpils;2.33;0.5;2.27;0.55;2.13;0.61;82;69;50;23;14;82;78;67;0;0;0;204;24;Y;N;N;N;N;N;N
62044;1093;1087;2015;complete;290;28;-1;23,89;77;2;1;3;9;5;14;2;3;1;2;0;0;5;4;14;6;19;10;11;12;57;43;1;2;0;0;0;0;0;0;0;0;0;0;0;0;0;0;0;0;0;0;0;0;0;0;0;0;0;0;0;0;0;0;0;0;0;0;0;0;0;0;0;0;0;0;0;0;0;0;0;0;0;0;0;0;0;0;0;0;0;0;0;0;0;0;0;0;0;0;0;0;3;1;0;1;1;2;1;2015-11-07 12:00:00;1093;0;55;14;23;0;-1;1;-1;-1;-1;-1;-1;-1;0;0;1;2;0;3;-1;0;0;0;0;0;0;0;0;0;0;0;0;0;1;1;0;0;-1;-1;0;0;-1;-1;-1;-1;-1;-1;-1;-1;-1;18;32;50;73;91;41;82;73;36;8.73;6.09;5.45;2.64;Skonto;Spartaks Jūrmala;1.92;0.92;1.82;1;1.83;0.91;82;69;50;27;9;66;54;50;0;0;0;204;24;Y;Y;Y;N;N;N;Y
