ID;HOMEID;AWAYID;SEASON;STATUS;ROUNDID;GAME_WEEK;REVISED_GAME_WEEK;HOMEGOALS;AWAYGOALS;HOMEGOALCOUNT;AWAYGOALCOUNT;TOTALGOALCOUNT;TEAM_A_CORNERS;TEAM_B_CORNERS;TOTALCORNERCOUNT;TEAM_A_OFFSIDES;TEAM_B_OFFSIDES;TEAM_A_YELLOW_CARDS;TEAM_B_YELLOW_CARDS;TEAM_A_RED_CARDS;TEAM_B_RED_CARDS;TEAM_A_SHOTSONTARGET;TEAM_B_SHOTSONTARGET;TEAM_A_SHOTSOFFTARGET;TEAM_B_SHOTSOFFTARGET;TEAM_A_SHOTS;TEAM_B_SHOTS;TEAM_A_FOULS;TEAM_B_FOULS;TEAM_A_POSSESSION;TEAM_B_POSSESSION;TEAM_A_CARDS_NUM;TEAM_B_CARDS_NUM;ODDS_FT_1;ODDS_FT_X;ODDS_FT_2;ODDS_FT_OVER05;ODDS_FT_OVER15;ODDS_FT_OVER25;ODDS_FT_OVER35;ODDS_FT_OVER45;ODDS_FT_UNDER05;ODDS_FT_UNDER15;ODDS_FT_UNDER25;ODDS_FT_UNDER35;ODDS_FT_UNDER45;ODDS_BTTS_YES;ODDS_BTTS_NO;ODDS_TEAM_A_CS_YES;ODDS_TEAM_A_CS_NO;ODDS_TEAM_B_CS_YES;ODDS_TEAM_B_CS_NO;ODDS_DOUBLECHANCE_1X;ODDS_DOUBLECHANCE_12;ODDS_DOUBLECHANCE_X2;ODDS_1ST_HALF_RESULT_1;ODDS_1ST_HALF_RESULT_X;ODDS_1ST_HALF_RESULT_2;ODDS_2ND_HALF_RESULT_1;ODDS_2ND_HALF_RESULT_X;ODDS_2ND_HALF_RESULT_2;ODDS_DNB_1;ODDS_DNB_2;ODDS_CORNERS_OVER_75;ODDS_CORNERS_OVER_85;ODDS_CORNERS_OVER_95;ODDS_CORNERS_OVER_105;ODDS_CORNERS_OVER_115;ODDS_CORNERS_UNDER_75;ODDS_CORNERS_UNDER_85;ODDS_CORNERS_UNDER_95;ODDS_CORNERS_UNDER_105;ODDS_CORNERS_UNDER_115;ODDS_CORNERS_1;ODDS_CORNERS_X;ODDS_CORNERS_2;ODDS_TEAM_TO_SCORE_FIRST_1;ODDS_TEAM_TO_SCORE_FIRST_X;ODDS_TEAM_TO_SCORE_FIRST_2;ODDS_WIN_TO_NIL_1;ODDS_WIN_TO_NIL_2;ODDS_1ST_HALF_OVER05;ODDS_1ST_HALF_OVER15;ODDS_1ST_HALF_OVER25;ODDS_1ST_HALF_OVER35;ODDS_1ST_HALF_UNDER05;ODDS_1ST_HALF_UNDER15;ODDS_1ST_HALF_UNDER25;ODDS_1ST_HALF_UNDER35;ODDS_2ND_HALF_OVER05;ODDS_2ND_HALF_OVER15;ODDS_2ND_HALF_OVER25;ODDS_2ND_HALF_OVER35;ODDS_2ND_HALF_UNDER05;ODDS_2ND_HALF_UNDER15;ODDS_2ND_HALF_UNDER25;ODDS_2ND_HALF_UNDER35;ODDS_BTTS_1ST_HALF_YES;ODDS_BTTS_1ST_HALF_NO;ODDS_BTTS_2ND_HALF_YES;ODDS_BTTS_2ND_HALF_NO;OVERALLGOALCOUNT;HT_GOALS_TEAM_A;HT_GOALS_TEAM_B;GOALS_2HG_TEAM_A;GOALS_2HG_TEAM_B;GOALCOUNT_2HG;HTGOALCOUNT;DATE_UNIX;WINNINGTEAM;NO_HOME_AWAY;BTTS_POTENTIAL;BTTS_FHG_POTENTIAL;BTTS_2HG_POTENTIAL;GOALTIMINGDISABLED;CORNER_TIMINGS_RECORDED;CARD_TIMINGS_RECORDED;TEAM_A_FH_CORNERS;TEAM_B_FH_CORNERS;TEAM_A_2H_CORNERS;TEAM_B_2H_CORNERS;CORNER_FH_COUNT;CORNER_2H_COUNT;TEAM_A_FH_CARDS;TEAM_B_FH_CARDS;TEAM_A_2H_CARDS;TEAM_B_2H_CARDS;TOTAL_FH_CARDS;TOTAL_2H_CARDS;ATTACKS_RECORDED;TEAM_A_DANGEROUS_ATTACKS;TEAM_B_DANGEROUS_ATTACKS;TEAM_A_ATTACKS;TEAM_B_ATTACKS;TEAM_A_XG;TEAM_B_XG;TOTAL_XG;TEAM_A_PENALTIES_WON;TEAM_B_PENALTIES_WON;TEAM_A_PENALTY_GOALS;TEAM_B_PENALTY_GOALS;TEAM_A_PENALTY_MISSED;TEAM_B_PENALTY_MISSED;PENS_RECORDED;GOAL_TIMINGS_RECORDED;TEAM_A_0_10_MIN_GOALS;TEAM_B_0_10_MIN_GOALS;TEAM_A_CORNERS_0_10_MIN;TEAM_B_CORNERS_0_10_MIN;TEAM_A_CARDS_0_10_MIN;TEAM_B_CARDS_0_10_MIN;THROWINS_RECORDED;TEAM_A_THROWINS;TEAM_B_THROWINS;FREEKICKS_RECORDED;TEAM_A_FREEKICKS;TEAM_B_FREEKICKS;GOALKICKS_RECORDED;TEAM_A_GOALKICKS;TEAM_B_GOALKICKS;O45_POTENTIAL;O35_POTENTIAL;O25_POTENTIAL;O15_POTENTIAL;O05_POTENTIAL;O15HT_POTENTIAL;O05HT_POTENTIAL;O05_2H_POTENTIAL;O15_2H_POTENTIAL;CORNERS_POTENTIAL;OFFSIDES_POTENTIAL;CARDS_POTENTIAL;AVG_POTENTIAL;HOME_NAME;AWAY_NAME;HOME_PPG;AWAY_PPG;PRE_MATCH_HOME_PPG;PRE_MATCH_AWAY_PPG;PRE_MATCH_TEAMA_OVERALL_PPG;PRE_MATCH_TEAMB_OVERALL_PPG;U45_POTENTIAL;U35_POTENTIAL;U25_POTENTIAL;U15_POTENTIAL;U05_POTENTIAL;CORNERS_O85_POTENTIAL;CORNERS_O95_POTENTIAL;CORNERS_O105_POTENTIAL;TEAM_A_XG_PREMATCH;TEAM_B_XG_PREMATCH;TOTAL_XG_PREMATCH;COMPETITION_ID;MATCHES_COMPLETED_MINIMUM;OVER05;OVER15;OVER25;OVER35;OVER45;OVER55;BTTS
343347;63;1089;2018;complete;2445;1;-1;90;;1;0;1;5;7;12;3;1;2;2;0;1;4;3;7;4;11;7;17;21;56;44;2;3;0;0;0;0;0;0;0;0;0;0;0;0;0;0;0;0;0;0;0;0;0;0;0;0;0;0;0;0;0;0;0;0;0;0;0;0;0;0;0;0;0;0;0;0;0;0;0;0;0;0;0;0;0;0;0;0;0;0;0;0;0;0;0;0;0;0;0;0;1;0;0;1;0;1;0;2018-03-31 12:00:00;63;0;0;0;0;0;1;1;3;5;2;2;8;4;1;1;1;2;2;3;1;0;0;0;0;1.33;1.03;2.36;0;0;0;0;0;0;1;1;0;0;0;1;0;0;-1;-1;-1;-1;-1;-1;-1;-1;-1;0;0;0;0;0;0;0;0;0;0;0;0;0;Liepāja;Riga;1.64;2.21;0;0;0;0;0;0;0;0;0;0;0;0;0;0;0;1171;28;Y;N;N;N;N;N;N
343348;963;6910;2018;complete;2445;1;-1;36,44,53;82;3;1;4;8;5;13;-1;-1;1;1;0;1;9;5;9;2;18;7;-1;-1;51;49;1;3;0;0;0;0;0;0;0;0;0;0;0;0;0;0;0;0;0;0;0;0;0;0;0;0;0;0;0;0;0;0;0;0;0;0;0;0;0;0;0;0;0;0;0;0;0;0;0;0;0;0;0;0;0;0;0;0;0;0;0;0;0;0;0;0;0;0;0;0;4;2;0;1;1;2;2;2018-03-31 12:00:00;963;0;0;0;0;0;1;1;2;3;6;2;5;8;0;1;1;1;1;2;1;0;0;0;0;2.43;1.18;3.61;1;0;1;0;0;0;1;1;0;0;0;2;0;0;-1;-1;-1;-1;-1;-1;-1;-1;-1;0;0;0;0;0;0;0;0;0;0;0;0;0;Ventspils;Valmiera / BSS;2;0.07;0;0;0;0;0;0;0;0;0;0;0;0;0;0;0;1171;28;Y;Y;Y;Y;N;N;Y
343349;1090;1088;2018;complete;2445;1;-1;32,38,90;80;3;1;4;8;4;12;1;0;2;2;0;0;12;6;10;4;22;10;22;15;58;42;2;2;0;0;0;0;0;0;0;0;0;0;0;0;0;0;0;0;0;0;0;0;0;0;0;0;0;0;0;0;0;0;0;0;0;0;0;0;0;0;0;0;0;0;0;0;0;0;0;0;0;0;0;0;0;0;0;0;0;0;0;0;0;0;0;0;0;0;0;0;4;2;0;1;1;2;2;2018-04-01 10:00:00;1090;0;0;0;0;0;1;1;3;1;5;3;4;8;1;0;1;2;1;3;1;0;0;0;0;2.56;1.22;3.78;0;1;0;1;0;0;1;1;0;0;1;0;0;0;-1;-1;-1;-1;-1;-1;-1;-1;-1;0;0;0;0;0;0;0;0;0;0;0;0;0;Rīgas FS;Metta - LU;1.71;0.79;0;0;0;0;0;0;0;0;0;0;0;0;0;0;0;1171;28;Y;Y;Y;Y;N;N;Y
343350;1086;1087;2018;complete;2445;1;-1;52;;1;0;1;5;2;7;-1;-1;4;3;0;0;2;2;6;2;8;4;-1;-1;51;49;4;3;0;0;0;0;0;0;0;0;0;0;0;0;0;0;0;0;0;0;0;0;0;0;0;0;0;0;0;0;0;0;0;0;0;0;0;0;0;0;0;0;0;0;0;0;0;0;0;0;0;0;0;0;0;0;0;0;0;0;0;0;0;0;0;0;0;0;0;0;1;0;0;1;0;1;0;2018-04-01 14:00:00;1086;0;0;0;0;0;1;1;0;2;5;0;2;5;0;0;4;3;0;7;1;0;0;0;0;1.04;0.79;1.83;0;0;0;0;0;0;1;1;0;0;0;0;0;0;-1;-1;-1;-1;-1;-1;-1;-1;-1;0;0;0;0;0;0;0;0;0;0;0;0;0;Jelgava;Spartaks Jūrmala;1;1.57;0;0;0;0;0;0;0;0;0;0;0;0;0;0;0;1171;28;Y;N;N;N;N;N;N
343351;1086;963;2018;complete;2445;2;-1;;52,84;0;2;2;2;11;13;1;2;5;3;0;0;3;4;0;3;3;7;26;14;40;60;5;3;3.75;3.55;1.77;0;0;0;0;0;0;0;0;0;0;0;0;0;0;0;0;0;0;0;0;0;0;0;0;0;0;0;0;0;0;0;0;0;0;0;0;0;0;0;0;0;0;0;0;0;0;0;0;0;0;0;0;0;0;0;0;0;0;0;0;0;0;0;0;0;2;0;0;0;2;2;0;2018-04-06 16:00:00;963;0;0;0;0;0;1;1;2;2;0;9;4;9;2;2;3;1;4;4;1;0;0;0;0;0.78;1.29;2.06;0;0;0;0;0;0;1;1;0;0;0;1;0;0;-1;-1;-1;-1;-1;-1;-1;-1;-1;0;0;0;0;50;0;0;50;0;5;0;4;0.5;Jelgava;Ventspils;1;2.29;3;0;3;3;50;50;50;50;0;0;0;0;1.04;0;1.04;1171;28;Y;Y;N;N;N;N;N
343352;1087;1088;2018;complete;2445;2;-1;54,70,90;;3;0;3;3;6;9;3;0;0;1;0;0;7;6;12;3;19;9;19;12;51;49;0;1;1.26;4.95;8.5;0;0;0;0;0;0;0;0;0;0;2.1;1.69;0;0;0;0;0;0;0;0;0;0;0;0;0;0;0;0;0;0;0;0;0;0;0;0;0;0;0;0;0;0;0;0;0;0;0;0;0;0;0;0;0;0;0;0;0;0;0;0;0;0;0;0;0;3;0;0;3;0;3;0;2018-04-07 11:30:00;1087;0;50;0;50;0;1;1;2;1;1;5;3;6;0;0;0;1;0;1;1;0;0;0;0;1.93;1.21;3.14;0;0;0;0;0;0;1;1;0;0;2;0;0;0;-1;-1;-1;-1;-1;-1;-1;-1;-1;0;50;50;50;50;50;50;50;50;4;0;2;2;Spartaks Jūrmala;Metta - LU;1.43;0.79;0;0;0;0;50;0;0;0;0;50;50;50;0;1.22;1.22;1171;28;Y;Y;Y;N;N;N;N
343353;1089;1090;2018;complete;2445;2;-1;31;52,70;1;2;3;4;5;9;1;1;0;0;0;0;5;4;3;7;8;11;21;15;47;53;0;0;2.65;2.95;2.55;0;0;0;0;0;0;0;0;0;0;2.1;1.71;0;0;0;0;0;0;0;0;0;0;0;0;0;0;0;0;0;0;0;0;0;0;0;0;0;0;0;0;0;0;0;0;0;0;0;0;0;0;0;0;0;0;0;0;0;0;0;0;0;0;0;0;0;3;1;0;0;2;2;1;2018-04-08 11:00:00;1090;0;0;0;0;0;1;-1;1;1;3;4;2;7;0;0;0;0;0;0;1;0;0;0;0;1.38;1.41;2.79;0;1;0;1;0;0;1;1;0;0;0;0;-1;-1;-1;-1;-1;-1;-1;-1;-1;-1;-1;0;0;0;0;0;0;0;0;0;0;0;0;0;Riga;Rīgas FS;2.36;2.21;0;0;0;3;0;0;0;0;0;0;0;0;0;0;0;1171;28;Y;Y;Y;N;N;N;Y
343354;63;6910;2018;complete;2445;2;-1;3,55,78,83;;4;0;4;6;3;9;12;1;0;2;0;0;10;2;11;3;21;5;13;18;62;38;0;2;1.09;7.5;15.25;0;0;0;0;0;0;0;0;0;0;2.65;1.45;0;0;0;0;0;0;0;0;0;0;0;0;0;0;0;0;0;0;0;0;0;0;0;0;0;0;0;0;0;0;0;0;0;0;0;0;0;0;0;0;0;0;0;0;0;0;0;0;0;0;0;0;0;4;1;0;3;0;3;1;2018-04-08 13:00:00;63;0;50;0;50;0;1;1;2;2;4;1;4;5;0;1;0;1;1;1;1;0;0;0;0;2.66;0.87;3.52;0;0;0;0;0;0;1;1;1;0;0;0;0;0;-1;-1;-1;-1;-1;-1;-1;-1;-1;0;50;50;50;100;50;50;100;50;10;2;5;2.5;Liepāja;Valmiera / BSS;1.64;0.07;3;0;3;0;100;50;50;50;0;100;100;100;1.33;1.18;2.51;1171;28;Y;Y;Y;Y;N;N;N
343355;1088;1089;2018;complete;2445;3;-1;;25;0;1;1;1;7;8;4;1;2;4;0;0;2;8;1;7;3;15;14;23;37;63;2;4;4.7;3.6;1.61;0;0;0;0;0;0;0;0;0;0;0;0;0;0;0;0;0;0;0;0;0;0;0;0;0;0;0;0;0;0;0;0;0;0;0;0;0;0;0;0;0;0;0;0;0;0;0;0;0;0;0;0;0;0;0;0;0;0;0;0;0;0;0;0;0;1;0;1;0;0;0;1;2018-04-13 16:00:00;1089;0;0;0;0;0;1;1;1;3;0;4;4;4;1;0;1;4;1;5;1;0;0;0;0;0.88;2.29;3.17;0;0;0;0;0;0;1;1;0;0;0;0;0;0;-1;-1;-1;-1;-1;-1;-1;-1;-1;0;0;0;0;50;0;0;50;0;7;1;3;0.5;Metta - LU;Riga;0.57;2.21;0;0;0;0;50;50;50;50;0;50;50;50;0;1.03;1.03;1171;28;Y;N;N;N;N;N;N
343356;6910;1087;2018;complete;2445;3;-1;4,88;6,25,27,37;2;4;6;7;7;14;2;1;0;2;0;0;6;6;8;6;14;12;10;17;53;47;0;2;14;5.7;1.16;0;0;0;0;0;0;0;0;0;0;0;0;0;0;0;0;0;0;0;0;0;0;0;0;0;0;0;0;0;0;0;0;0;0;0;0;0;0;0;0;0;0;0;0;0;0;0;0;0;0;0;0;0;0;0;0;0;0;0;0;0;0;0;0;0;6;1;4;1;0;1;5;2018-04-14 10:00:00;1087;0;0;0;0;0;1;1;4;2;3;5;6;8;0;0;0;2;0;2;1;0;0;0;0;1.88;1.58;3.47;0;0;0;0;0;0;1;1;1;1;0;0;0;0;-1;-1;-1;-1;-1;-1;-1;-1;-1;0;0;0;0;50;0;0;50;0;2;0;3;0.5;Valmiera / BSS;Spartaks Jūrmala;0.5;1.57;0;0;0;1.5;50;50;50;50;0;0;0;0;0;0.79;0.79;1171;28;Y;Y;Y;Y;Y;Y;Y
343357;1090;1086;2018;complete;2445;3;-1;32,65,90;;3;0;3;5;5;10;3;5;1;5;0;0;9;2;8;5;17;7;17;22;59;41;1;5;1.67;3.45;4.55;0;0;0;0;0;0;0;0;0;0;0;0;0;0;0;0;0;0;0;0;0;0;0;0;0;0;0;0;0;0;0;0;0;0;0;0;0;0;0;0;0;0;0;0;0;0;0;0;0;0;0;0;0;0;0;0;0;0;0;0;0;0;0;0;0;3;1;0;2;0;2;1;2018-04-14 11:30:00;1090;0;50;0;50;0;1;1;4;2;1;3;6;4;1;3;0;2;4;2;1;0;0;0;0;2.4;1.11;3.51;0;0;0;0;0;0;1;1;0;0;0;0;0;1;-1;-1;-1;-1;-1;-1;-1;-1;-1;0;50;50;50;50;50;50;50;50;8;1;2;2;Rīgas FS;Jelgava;1.71;0.5;3;0;3;1.5;50;0;0;0;0;50;50;50;2.56;0;2.56;1171;28;Y;Y;Y;N;N;N;N
343358;963;63;2018;complete;2445;3;-1;76;59;1;1;2;5;2;7;0;2;2;2;0;0;9;9;7;5;16;14;21;20;47;53;2;2;2.05;3.1;3.25;0;0;0;0;0;0;0;0;0;0;2.1;1.69;0;0;0;0;0;0;0;0;0;0;0;0;0;0;0;0;0;0;0;0;0;0;0;0;0;0;0;0;0;0;0;0;0;0;0;0;0;0;0;0;0;0;0;0;0;0;0;0;0;0;0;0;0;2;0;0;1;1;2;0;2018-04-15 12:00:00;-1;0;50;0;50;0;1;1;2;0;3;2;2;5;0;0;2;2;0;4;1;0;0;0;0;1.89;1.68;3.57;0;1;0;1;0;0;1;1;0;0;1;0;0;0;-1;-1;-1;-1;-1;-1;-1;-1;-1;0;50;50;50;50;50;50;50;50;8;0;1;2;Ventspils;Liepāja;2;2;3;0;3;3;50;0;0;0;0;50;50;50;2.43;0;2.43;1171;28;Y;Y;N;N;N;N;Y
343359;1086;1089;2018;complete;2445;4;-1;;29;0;1;1;6;6;12;0;0;4;1;0;0;3;4;8;6;11;10;25;13;50;50;4;1;5.45;3.25;1.59;0;0;0;0;0;0;0;0;0;0;2.35;1.57;0;0;0;0;0;0;0;0;0;0;0;0;0;0;0;0;0;0;0;0;0;0;0;0;0;0;0;0;0;0;0;0;0;0;0;0;0;0;0;0;0;0;0;0;0;0;0;0;0;0;0;0;0;1;0;1;0;0;0;1;2018-04-21 16:00:00;1089;0;0;0;0;0;1;1;5;4;1;2;9;3;1;1;3;0;2;3;1;0;0;0;0;1.43;1.5;2.93;0;0;0;0;0;0;1;1;0;0;2;0;0;0;-1;-1;-1;-1;-1;-1;-1;-1;-1;0;0;0;25;100;0;25;75;25;10.5;1;8;1.25;Jelgava;Riga;1;2.21;1.5;1.5;1;1;100;100;100;75;0;50;50;50;0.91;1.66;2.57;1171;28;Y;N;N;N;N;N;N
343360;6910;1090;2018;complete;2445;4;-1;;35,47,49,52,62,88;0;6;6;4;4;8;4;2;0;0;0;0;3;8;2;3;5;11;15;12;37;63;0;0;17.5;9.5;1.05;0;0;0;0;0;0;0;0;0;0;0;0;0;0;0;0;0;0;0;0;0;0;0;0;0;0;0;0;0;0;0;0;0;0;0;0;0;0;0;0;0;0;0;0;0;0;0;0;0;0;0;0;0;0;0;0;0;0;0;0;0;0;0;0;0;6;0;1;0;5;5;1;2018-04-22 10:00:00;1090;0;100;50;0;0;1;-1;0;3;4;1;3;5;0;0;0;0;0;0;1;0;0;0;0;0.92;1.83;2.75;-1;-1;-1;-1;-1;-1;-1;1;0;0;0;1;-1;-1;-1;-1;-1;-1;-1;-1;-1;-1;-1;50;50;100;100;100;50;100;100;50;12;3;0;4.5;Valmiera / BSS;Rīgas FS;0.5;2.21;0;3;0;3;50;50;0;0;0;100;50;50;1.88;1.41;3.29;1171;28;Y;Y;Y;Y;Y;Y;N
343361;1087;963;2018;complete;2445;4;-1;19;17,62;1;2;3;7;2;9;2;1;5;4;0;0;2;5;1;7;3;12;20;16;36;64;5;4;3;3;2.2;0;0;0;0;0;0;0;0;0;0;0;0;0;0;0;0;0;0;0;0;0;0;0;0;0;0;0;0;0;0;0;0;0;0;0;0;0;0;0;0;0;0;0;0;0;0;0;0;0;0;0;0;0;0;0;0;0;0;0;0;0;0;0;0;0;3;1;1;0;1;1;2;2018-04-22 12:00:00;963;0;0;0;0;0;1;1;4;1;3;1;5;4;0;1;5;3;1;8;1;0;0;0;0;0.66;1.65;2.31;0;2;0;2;0;0;1;1;0;0;2;0;0;0;-1;-1;-1;-1;-1;-1;-1;-1;-1;0;0;50;100;100;0;0;100;100;14;5;3;2.5;Spartaks Jūrmala;Ventspils;1.43;2.29;3;3;2;2.33;100;100;50;0;0;100;50;50;1.93;1.29;3.22;1171;28;Y;Y;Y;N;N;N;Y
343362;1088;63;2018;complete;2445;4;-1;;45,55,66;0;3;3;3;12;15;0;2;1;0;0;0;2;7;3;7;5;14;12;7;32;68;1;0;8.5;4.8;1.27;0;0;0;0;0;0;0;0;0;0;2.3;1.59;0;0;0;0;0;0;0;0;0;0;0;0;0;0;0;0;0;0;0;0;0;0;0;0;0;0;0;0;0;0;0;0;0;0;0;0;0;0;0;0;0;0;0;0;0;0;0;0;0;0;0;0;0;3;0;1;0;2;2;1;2018-04-23 16:00:00;63;0;50;0;50;0;1;1;2;5;1;7;7;8;1;0;0;0;1;0;1;0;0;0;0;0.78;2.14;2.91;0;0;0;0;0;0;1;1;0;0;0;1;0;0;-1;-1;-1;-1;-1;-1;-1;-1;-1;0;0;0;50;100;0;50;50;50;3;6;4;1.5;Metta - LU;Liepāja;0.57;2;0;1;0;2.33;100;100;100;50;0;0;0;0;0.88;1.68;2.56;1171;28;Y;Y;Y;N;N;N;N
343363;1090;1087;2018;complete;2445;5;-1;;34,77;0;2;2;10;5;15;4;1;0;1;0;0;3;5;8;8;11;13;13;10;61;39;0;1;1.69;3.45;4.35;0;0;0;0;0;0;0;0;0;0;1.91;1.87;0;0;0;0;0;0;0;0;0;0;0;0;0;0;0;0;0;0;0;0;0;0;0;0;0;0;0;0;0;0;0;0;0;0;0;0;0;0;0;0;0;0;0;0;0;0;0;0;0;0;0;0;0;2;0;1;0;1;1;1;2018-04-28 10:00:00;1087;0;50;25;25;0;1;1;1;5;9;0;6;9;0;0;0;1;0;1;1;0;0;0;0;1.69;1.7;3.39;0;0;0;0;0;0;1;1;0;0;0;1;0;0;-1;-1;-1;-1;-1;-1;-1;-1;-1;25;50;75;75;100;50;75;100;50;11;2;4;3.5;Rīgas FS;Spartaks Jūrmala;1.71;1.57;3;1.5;3;1.5;75;50;25;25;0;75;75;50;2.48;1.19;3.67;1171;28;Y;Y;N;N;N;N;N
343364;1088;6910;2018;complete;2445;5;-1;77,87;63,84;2;2;4;8;1;9;1;0;1;1;0;0;7;4;10;5;17;9;13;16;65;35;1;1;1.47;4.1;5.4;0;0;0;0;0;0;0;0;0;0;1.8;2;0;0;0;0;0;0;0;0;0;0;0;0;0;0;0;0;0;0;0;0;0;0;0;0;0;0;0;0;0;0;0;0;0;0;0;0;0;0;0;0;0;0;0;0;0;0;0;0;0;0;0;0;0;4;0;0;2;2;4;0;2018-04-28 12:00:00;-1;0;25;0;25;0;1;1;4;1;4;0;5;4;0;0;1;1;0;2;1;0;0;0;0;2.25;1.17;3.42;1;0;1;0;0;0;1;1;0;0;1;1;0;0;-1;-1;-1;-1;-1;-1;-1;-1;-1;0;50;75;75;100;25;100;75;75;6;2;4;3;Metta - LU;Valmiera / BSS;0.57;0.07;0;0;0;0;100;50;25;25;0;75;50;50;0.83;1.03;1.86;1171;28;Y;Y;Y;Y;N;N;Y
343365;963;1089;2018;complete;2445;5;-1;2;;1;0;1;4;5;9;4;0;2;2;0;0;4;0;3;4;7;4;22;16;50;50;2;2;2;3.05;3.45;0;0;0;0;0;0;0;0;0;0;2.25;1.62;0;0;0;0;0;0;0;0;0;0;0;0;0;0;0;0;0;0;0;0;0;0;0;0;0;0;0;0;0;0;0;0;0;0;0;0;0;0;0;0;0;0;0;0;0;0;0;0;0;0;0;0;0;1;1;0;0;0;0;1;2018-04-29 12:00:00;963;0;50;0;50;0;1;1;1;4;3;1;5;4;0;0;2;2;0;4;1;0;0;0;0;1.02;0.52;1.54;0;0;0;0;0;0;1;1;1;0;1;2;0;0;-1;-1;-1;-1;-1;-1;-1;-1;-1;0;25;25;50;100;25;59;67;50;13.17;0.17;4.17;2;Ventspils;Riga;2;2.21;2;2;2.5;1.5;100;75;75;50;0;59;59;59;2.16;1.61;3.77;1171;28;Y;N;N;N;N;N;N
343366;63;1086;2018;complete;2445;5;-1;1,71,80;51;3;1;4;4;0;4;6;3;1;4;0;0;8;3;5;2;13;5;10;25;56;44;1;4;1.41;3.85;6.85;0;0;0;0;0;0;0;0;0;0;2.15;1.67;0;0;0;0;0;0;0;0;0;0;0;0;0;0;0;0;0;0;0;0;0;0;0;0;0;0;0;0;0;0;0;0;0;0;0;0;0;0;0;0;0;0;0;0;0;0;0;0;0;0;0;0;0;4;1;0;2;1;3;1;2018-04-30 14:00:00;63;0;0;0;0;0;1;1;1;0;3;0;1;3;1;1;0;3;2;3;1;0;0;0;0;1.84;0.98;2.82;0;1;0;1;0;0;1;1;1;0;0;0;0;0;-1;-1;-1;-1;-1;-1;-1;-1;-1;0;25;75;75;100;0;75;100;75;10.5;12.5;6;2.75;Liepāja;Jelgava;1.64;0.5;3;0;2.5;0.75;100;75;25;25;0;100;75;25;1.99;1.11;3.1;1171;28;Y;Y;Y;Y;N;N;Y
343367;1087;63;2018;complete;2445;6;-1;14,41;43,47;2;2;4;5;3;8;2;5;0;0;0;0;6;6;2;10;8;16;21;20;41;59;0;0;2.9;3.15;2.25;0;0;0;0;0;0;0;0;0;0;1.91;1.87;0;0;0;0;0;0;0;0;0;0;0;0;0;0;0;0;0;0;0;0;0;0;0;0;0;0;0;0;0;0;0;0;0;0;0;0;0;0;0;0;0;0;0;0;0;0;0;0;0;0;0;0;0;4;2;1;0;1;1;3;2018-05-04 12:00:00;-1;0;50;25;25;0;1;-1;2;2;3;1;4;4;0;0;0;0;0;0;1;0;0;0;0;1.44;2.29;3.73;-1;-1;-1;-1;-1;-1;-1;1;0;0;0;0;-1;-1;-1;-1;-1;-1;-1;-1;-1;-1;-1;0;0;75;100;100;25;50;100;75;12;4.5;3.5;2.75;Spartaks Jūrmala;Liepāja;1.43;2;1.5;2;1.8;2.6;100;100;25;0;0;75;25;25;1.3;1.91;3.21;1171;28;Y;Y;Y;Y;N;N;Y
343368;1089;6910;2018;complete;2445;6;-1;37,45,58,65,69,74;78;6;1;7;11;6;17;1;1;0;0;0;0;8;2;11;6;19;8;18;15;59;41;0;0;1.09;7.5;16.5;0;0;0;0;0;0;0;0;0;0;2.2;1.65;0;0;0;0;0;0;0;0;0;0;0;0;0;0;0;0;0;0;0;0;0;0;0;0;0;0;0;0;0;0;0;0;0;0;0;0;0;0;0;0;0;0;0;0;0;0;0;0;0;0;0;0;0;7;2;0;4;1;5;2;2018-05-04 14:00:00;1089;0;84;0;34;0;1;-1;4;3;7;3;7;10;0;0;0;0;0;0;1;0;0;0;0;2.3;0.99;3.29;-1;-1;-1;-1;-1;-1;-1;1;0;0;0;0;-1;-1;-1;-1;-1;-1;-1;-1;-1;-1;-1;0;50;100;100;100;17;84;100;100;7;1;2;3.5;Riga;Valmiera / BSS;2.36;0.07;0;0.33;1.2;0.2;100;50;0;0;0;100;17;17;1.38;1.07;2.45;1171;28;Y;Y;Y;Y;Y;Y;Y
343369;963;1090;2018;complete;2445;6;-1;64;51;1;1;2;6;4;10;3;1;3;1;0;0;4;5;8;5;12;10;17;18;53;47;3;1;2.25;3;3;0;0;0;0;0;0;0;0;0;0;2.05;1.77;0;0;0;0;0;0;0;0;0;0;0;0;0;0;0;0;0;0;0;0;0;0;0;0;0;0;0;0;0;0;0;0;0;0;0;0;0;0;0;0;0;0;0;0;0;0;0;0;0;0;0;0;0;2;0;0;1;1;2;0;2018-05-05 12:00:00;-1;0;59;0;34;0;1;1;1;2;5;2;3;7;0;0;3;1;0;4;1;0;0;0;0;1.73;1.44;3.18;0;0;0;0;0;0;1;1;0;0;0;0;0;0;-1;-1;-1;-1;-1;-1;-1;-1;-1;25;42;67;84;100;17;84;84;84;10.17;2.5;1.67;3.42;Ventspils;Rīgas FS;2;2.21;2.33;3;2.6;2.4;75;59;34;17;0;59;17;17;1.78;1.62;3.4;1171;28;Y;Y;N;N;N;N;Y
343370;1086;1088;2018;complete;2445;6;-1;22;6;1;1;2;9;5;14;1;7;2;2;0;0;8;3;15;3;23;6;16;12;61;39;2;2;1.62;3.4;5.05;1.05;1.37;2.15;4;0;0;0;0;0;0;2.25;1.62;0;0;0;0;0;0;0;0;0;0;0;0;0;0;0;0;0;0;0;0;0;0;0;0;0;0;0;0;0;0;0;0;0;0;0;0;0;0;0;0;0;0;0;0;0;0;0;0;0;0;0;0;0;2;1;1;0;0;0;2;2018-05-06 12:00:00;-1;0;25;0;25;0;1;1;3;3;6;2;6;8;1;0;1;2;1;3;1;0;0;0;0;2.37;0.83;3.19;0;0;0;0;0;0;1;1;0;1;0;1;0;0;-1;-1;-1;-1;-1;-1;-1;-1;-1;0;25;50;67;100;25;42;84;67;9.33;0;5.83;2.42;Jelgava;Metta - LU;1;0.79;1;0;0.6;0.2;100;75;50;34;0;84;59;59;1.08;1.21;2.29;1171;28;Y;Y;N;N;N;N;Y
343371;1086;6910;2018;complete;2445;7;-1;10,27,42,73,90;58;5;1;6;8;5;13;3;7;1;1;0;0;9;4;14;6;23;10;17;10;53;47;1;1;1.19;5.7;10.25;1;1.11;1.43;2.1;0;0;0;0;0;0;1.91;1.83;0;0;0;0;0;0;0;0;0;0;0;0;0;0;0;0;0;0;0;0;0;0;0;0;0;0;0;0;0;0;0;0;0;0;0;0;0;0;0;0;0;0;0;0;0;0;0;0;0;0;0;0;0;6;3;0;2;1;3;3;2018-05-11 14:00:00;1086;0;50;13;38;0;1;1;6;1;2;4;7;6;0;0;1;1;0;2;1;0;0;0;0;2.63;1.52;4.15;0;0;0;0;0;0;1;1;1;0;1;0;0;0;-1;-1;-1;-1;-1;-1;-1;-1;-1;13;50;50;75;100;38;63;75;63;9.25;0.5;5.25;3.13;Jelgava;Valmiera / BSS;1;0.07;1;0.25;0.67;0.17;88;50;50;25;0;88;63;63;1.4;1.05;2.45;1171;28;Y;Y;Y;Y;Y;Y;Y
343372;63;1090;2018;complete;2445;7;-1;17,57,64;24,33,48,60,72;3;5;8;7;4;11;3;0;4;3;0;0;7;6;7;4;14;10;14;20;56;44;4;3;2.45;2.95;2.75;1.05;1.36;2.1;3.85;0;0;0;0;0;0;1.95;1.83;0;0;0;0;0;0;0;0;0;0;0;0;0;0;0;0;0;0;0;0;0;0;0;0;0;0;0;0;0;0;0;0;0;0;0;0;0;0;0;0;0;0;0;0;0;0;0;0;0;0;0;0;0;8;1;2;2;3;5;3;2018-05-11 17:30:00;1090;0;50;0;33;0;1;1;4;1;3;3;5;6;2;1;2;2;3;4;1;0;0;0;0;1.9;1.41;3.31;1;0;1;0;0;0;1;1;0;0;0;1;0;0;-1;-1;-1;-1;-1;-1;-1;-1;-1;17;50;67;84;100;0;67;100;84;9.33;8.33;1.33;3.34;Liepāja;Rīgas FS;1.64;2.21;3;2.33;2.33;2.17;84;50;33;17;0;67;33;17;1.94;1.56;3.5;1171;28;Y;Y;Y;Y;Y;Y;Y
343373;1087;1089;2018;complete;2445;7;-1;;83;0;1;1;2;6;8;1;1;3;2;0;0;4;3;4;11;8;14;26;18;49;51;3;2;2.8;2.95;2.4;0;0;0;0;0;0;0;0;0;0;0;0;0;0;0;0;0;0;0;0;0;0;0;0;0;0;0;0;0;0;0;0;0;0;0;0;0;0;0;0;0;0;0;0;0;0;0;0;0;0;0;0;0;0;0;0;0;0;0;0;0;0;0;0;0;1;0;0;0;1;1;0;2018-05-12 12:00:00;1089;0;34;34;0;0;1;1;1;3;1;3;4;4;1;0;2;2;1;4;1;0;0;0;0;1.03;1.29;2.33;0;0;0;0;0;0;1;1;0;0;0;0;0;0;-1;-1;-1;-1;-1;-1;-1;-1;-1;0;17;50;50;100;34;71;63;17;11.25;2.83;4.17;2.17;Spartaks Jūrmala;Riga;1.43;2.21;1.33;1.5;1.67;1.5;100;84;50;50;0;71;25;25;1.35;1.33;2.68;1171;28;Y;N;N;N;N;N;N
343374;1088;963;2018;complete;2445;7;-1;20,33;50,90;2;2;4;2;5;7;1;1;1;2;1;0;5;8;5;14;10;22;16;16;39;61;3;2;13;5.35;1.18;0;0;0;0;0;0;0;0;0;0;0;0;0;0;0;0;0;0;0;0;0;0;0;0;0;0;0;0;0;0;0;0;0;0;0;0;0;0;0;0;0;0;0;0;0;0;0;0;0;0;0;0;0;0;0;0;0;0;0;0;0;0;0;0;0;4;2;0;0;2;2;2;2018-05-12 14:00:00;-1;0;42;25;17;0;1;1;1;2;1;3;3;4;0;0;2;2;0;4;1;0;0;0;0;1.56;2.77;4.33;1;1;1;1;0;0;1;1;0;0;1;0;0;0;-1;-1;-1;-1;-1;-1;-1;-1;-1;0;17;59;84;100;25;59;84;59;10.5;3.17;4.83;2.59;Metta - LU;Ventspils;0.57;2.29;0.33;3;0.33;2.33;100;84;42;17;0;84;42;42;1.3;1.47;2.77;1171;28;Y;Y;Y;Y;N;N;Y
343375;1087;1086;2018;complete;2445;8;-1;62;;1;0;1;3;7;10;11;3;2;2;0;1;3;2;0;5;3;7;21;18;49;51;2;3;1.87;3.1;3.9;1.06;1.43;2.35;4.4;0;0;0;0;0;0;2.2;1.65;0;0;0;0;0;0;0;0;0;0;0;0;0;0;0;0;0;0;0;0;0;0;0;0;0;0;0;0;0;0;0;0;0;0;0;0;0;0;0;0;0;0;0;0;0;0;0;0;0;0;0;0;0;1;0;0;1;0;1;0;2018-05-16 14:00:00;1087;0;50;25;25;0;1;1;0;4;3;3;4;6;1;0;1;3;1;4;1;0;0;0;0;0.83;1.04;1.86;0;0;0;0;0;0;1;1;0;0;0;0;0;0;-1;-1;-1;-1;-1;-1;-1;-1;-1;0;38;88;88;100;25;75;100;63;6.75;6;6.5;3.13;Spartaks Jūrmala;Jelgava;1.43;0.5;1;0;1.43;1;100;63;13;13;0;50;25;0;1.27;1.04;2.31;1171;28;Y;N;N;N;N;N;N
343376;1089;63;2018;complete;2445;8;-1;34,79;49,69;2;2;4;3;8;11;1;3;4;3;0;0;4;5;4;5;8;10;21;12;41;59;4;3;2.5;2.9;2.75;1.05;1.38;2.2;4.05;0;0;0;0;0;0;2;1.77;0;0;0;0;0;0;0;0;0;0;0;0;0;0;0;0;0;0;0;0;0;0;0;0;0;0;0;0;0;0;0;0;0;0;0;0;0;0;0;0;0;0;0;0;0;0;0;0;0;0;0;0;0;4;1;0;1;2;3;1;2018-05-16 16:00:00;-1;0;84;17;42;0;1;1;0;4;3;4;4;7;1;2;3;1;3;4;1;0;0;0;0;1.37;1.55;2.91;1;0;1;0;0;0;1;1;0;0;0;0;0;0;-1;-1;-1;-1;-1;-1;-1;-1;-1;25;42;84;100;100;42;84;100;84;13.17;4;0.67;4;Riga;Liepāja;2.36;2;1.5;1.67;1.71;2;75;59;17;0;0;67;42;42;1.84;2.03;3.87;1171;28;Y;Y;Y;Y;N;N;Y
343377;6910;963;2018;complete;2445;8;-1;88;47,49,86;1;3;4;5;9;14;1;3;0;0;0;0;3;6;5;6;8;12;16;7;32;68;0;0;12.75;9;1.08;1;1.05;1.24;1.67;0;0;0;0;0;0;1.91;1.87;0;0;0;0;0;0;0;0;0;0;0;0;0;0;0;0;0;0;0;0;0;0;0;0;0;0;0;0;0;0;0;0;0;0;0;0;0;0;0;0;0;0;0;0;0;0;0;0;0;0;0;0;0;4;0;0;1;3;4;0;2018-05-16 16:00:00;963;0;59;42;0;0;1;-1;3;7;2;2;10;4;0;0;0;0;0;0;1;0;0;0;0;1.07;1.9;2.97;0;0;0;0;0;0;1;1;0;0;0;1;-1;-1;-1;-1;-1;-1;-1;-1;-1;-1;-1;50;67;84;100;100;59;84;100;59;11.5;4.33;3;4.5;Valmiera / BSS;Ventspils;0.5;2.29;0;2.33;0.14;2.14;50;34;17;0;0;59;42;42;1.4;1.9;3.3;1171;28;Y;Y;Y;Y;N;N;Y
343378;1088;1090;2018;complete;2445;8;-1;;28;0;1;1;5;5;10;1;2;3;1;0;0;2;2;4;7;6;9;14;19;43;57;3;1;10.25;5.6;1.19;1;1.13;1.48;2.2;0;0;0;0;0;0;2;1.8;0;0;0;0;0;0;0;0;0;0;0;0;0;0;0;0;0;0;0;0;0;0;0;0;0;0;0;0;0;0;0;0;0;0;0;0;0;0;0;0;0;0;0;0;0;0;0;0;0;0;0;0;0;1;0;1;0;0;0;1;2018-05-16 17:00:00;1090;0;63;13;38;0;1;1;2;0;3;5;2;8;0;0;3;1;0;4;1;0;0;0;0;0.93;1.36;2.29;0;0;0;0;0;0;1;1;0;0;0;0;0;0;-1;-1;-1;-1;-1;-1;-1;-1;-1;25;50;75;88;100;25;75;88;88;7.75;2.5;2.75;3.88;Metta - LU;Rīgas FS;0.57;2.21;0.5;2.5;0.43;2.29;75;50;25;13;0;63;38;25;1.37;1.52;2.89;1171;28;Y;N;N;N;N;N;N
343379;1088;1087;2018;complete;2445;9;-1;39;45,56,86;1;3;4;5;8;13;1;2;1;0;0;0;2;13;3;11;5;24;8;9;38;62;1;0;5.7;3.95;1.45;1.01;1.19;1.65;2.65;0;0;0;0;0;0;1.87;1.91;0;0;0;0;0;0;0;0;0;0;0;0;0;0;0;0;0;0;0;0;0;0;0;0;0;0;0;0;0;0;0;0;0;0;0;0;0;0;0;0;0;0;0;0;0;0;0;0;0;0;0;0;0;4;1;1;0;2;2;2;2018-05-20 12:00:00;1087;0;37;17;10;0;1;1;1;5;4;3;6;7;0;0;1;0;0;1;1;0;0;0;0;0.97;3.35;4.32;0;0;0;0;0;0;1;1;0;0;0;1;0;0;-1;-1;-1;-1;-1;-1;-1;-1;-1;17;37;47;64;100;27;74;80;30;8.47;1.73;4;2.8;Metta - LU;Spartaks Jūrmala;0.57;1.57;0.4;2;0.38;1.63;84;64;54;37;0;64;54;44;1.28;1.36;2.64;1171;28;Y;Y;Y;Y;N;N;Y
343380;6910;63;2018;complete;2445;9;-1;;41,57;0;2;2;2;11;13;0;3;3;1;0;0;4;14;5;15;9;29;14;11;34;66;3;1;11.5;7.5;1.12;1;1.04;1.2;1.56;0;0;0;0;0;0;1.8;1.95;0;0;0;0;0;0;0;0;0;0;0;0;0;0;0;0;0;0;0;0;0;0;0;0;0;0;0;0;0;0;0;0;0;0;0;0;0;0;0;0;0;0;0;0;0;0;0;0;0;0;0;0;0;2;0;1;0;1;1;1;2018-05-20 14:00:00;63;0;71;29;42;0;1;1;0;9;2;2;9;4;3;0;0;1;3;1;1;0;0;0;0;1.04;3.29;4.34;0;0;0;0;0;0;1;1;0;0;0;2;0;0;-1;-1;-1;-1;-1;-1;-1;-1;-1;34;75;88;100;100;29;71;100;71;11.58;5.33;1.25;4.29;Valmiera / BSS;Liepāja;0.5;2;0;1.5;0.13;1.88;67;25;13;0;0;59;59;59;1.29;1.91;3.2;1171;28;Y;Y;N;N;N;N;N
343381;963;1086;2018;complete;2445;9;-1;;;0;0;0;2;5;7;2;0;2;3;0;0;5;3;4;4;9;7;9;16;67;33;2;3;1.38;3.85;7.25;1.03;1.29;1.95;3.4;0;0;0;0;0;0;0;0;0;0;0;0;0;0;0;0;0;0;0;0;0;0;0;0;0;0;0;0;0;0;0;0;0;0;0;0;0;0;0;0;0;0;0;0;0;0;0;0;0;0;0;0;0;0;0;0;0;0;0;0;0;0;0;0;0;0;0;0;2018-05-21 14:00:00;-1;0;54;0;54;0;1;1;0;2;2;3;2;5;0;1;2;2;1;4;1;0;0;0;0;1.61;0.97;2.57;0;0;0;0;0;0;1;1;0;0;0;2;0;0;-1;-1;-1;-1;-1;-1;-1;-1;-1;0;29;46;71;100;13;59;88;71;9.75;5.17;6;2.46;Ventspils;Jelgava;2;0.5;2;0;2.25;0.88;100;71;54;29;0;71;59;13;1.77;1.04;2.81;1171;28;N;N;N;N;N;N;N
343382;1090;1089;2018;complete;2445;9;-1;66,90;3;2;1;3;9;2;11;6;1;3;1;0;0;6;3;7;6;13;9;17;19;58;42;3;1;2.3;2.9;2.95;1.06;1.4;2.25;4.2;0;0;0;0;0;0;2.05;1.77;0;0;0;0;0;0;0;0;0;0;0;0;0;0;0;0;0;0;0;0;0;0;0;0;0;0;0;0;0;0;0;0;0;0;0;0;0;0;0;0;0;0;0;0;0;0;0;0;0;0;0;0;0;3;0;1;2;0;2;1;2018-05-21 16:00:00;1090;0;17;0;17;0;1;1;5;0;4;2;5;6;2;0;1;1;2;2;1;0;0;0;0;1.97;1.29;3.26;0;0;0;0;0;0;1;1;0;1;1;0;0;0;-1;-1;-1;-1;-1;-1;-1;-1;-1;0;17;34;50;100;17;80;70;34;13.87;3.27;3.4;2;Rīgas FS;Riga;1.71;2.21;2;1.8;2.38;1.63;100;84;67;50;0;80;70;54;2.22;1.33;3.55;1171;28;Y;Y;Y;N;N;N;Y
343383;1087;6910;2018;complete;2445;10;-1;16,35,60;;3;0;3;10;5;15;4;5;1;1;0;0;10;4;13;4;23;8;14;13;-1;-1;1;1;1.04;11.5;16;1;1.05;1.25;1.69;0;0;0;0;0;0;1.91;1.87;0;0;0;0;0;0;0;0;0;0;0;0;0;0;0;0;0;0;0;0;0;0;0;0;0;0;0;0;0;0;0;0;0;0;0;0;0;0;0;0;0;0;0;0;0;0;0;0;0;0;0;0;0;3;2;0;1;0;1;2;2018-05-26 13:00:00;1087;0;60;20;40;0;1;1;8;2;2;3;10;5;1;0;0;1;1;1;1;0;0;0;0;2.73;1.27;4;0;0;0;0;0;0;1;1;0;0;1;0;0;0;-1;-1;-1;-1;-1;-1;-1;-1;-1;20;60;80;80;100;50;60;100;60;8;5.4;3.4;3.7;Spartaks Jūrmala;Valmiera / BSS;1.43;0.07;1.4;0.2;1.78;0.11;80;40;20;20;0;80;40;30;1.18;1.15;2.33;1171;28;Y;Y;Y;N;N;N;N
343384;63;963;2018;complete;2445;10;-1;6;18,59,77,90;1;4;5;1;7;8;3;2;2;3;0;1;6;6;5;2;11;8;12;14;-1;-1;2;5;2.55;3;2.6;1.05;1.36;2.1;3.9;0;0;0;0;0;0;1.95;1.83;0;0;0;0;0;0;0;0;0;0;0;0;0;0;0;0;0;0;0;0;0;0;0;0;0;0;0;0;0;0;0;0;0;0;0;0;0;0;0;0;0;0;0;0;0;0;0;0;0;0;0;0;0;5;1;1;0;3;3;2;2018-05-26 16:30:00;963;0;63;25;38;0;1;1;0;5;1;2;5;3;0;3;2;1;3;3;1;0;0;0;0;1.53;1.2;2.73;0;0;0;0;0;0;1;1;1;0;0;1;0;0;-1;-1;-1;-1;-1;-1;-1;-1;-1;13;63;75;88;100;38;63;100;75;12.25;7.75;4;3.75;Liepāja;Ventspils;1.64;2.29;2.25;2.5;2;2.11;88;38;25;13;0;75;50;50;1.93;1.9;3.83;1171;28;Y;Y;Y;Y;Y;N;Y
343385;1086;1090;2018;complete;2445;10;-1;;10,67;0;2;2;4;6;10;2;3;0;2;0;0;0;4;5;4;5;8;11;10;32;68;0;2;5.45;3.8;1.51;0;0;0;0;0;0;0;0;0;0;0;0;0;0;0;0;0;0;0;0;0;0;0;0;0;0;0;0;0;0;0;0;0;0;0;0;0;0;0;0;0;0;0;0;0;0;0;0;0;0;0;0;0;0;0;0;0;0;0;0;0;0;0;0;0;2;0;1;0;1;1;1;2018-05-27 14:00:00;1090;0;50;20;30;0;1;1;3;0;1;6;3;7;0;1;0;1;1;1;1;0;0;0;0;0.72;1.53;2.25;0;0;0;0;0;0;1;1;0;1;0;0;0;0;-1;-1;-1;-1;-1;-1;-1;-1;-1;30;30;40;70;100;30;70;70;60;10.4;2;4.2;3.2;Jelgava;Rīgas FS;1;2.21;1.4;2.6;0.89;2.44;70;70;60;30;0;80;70;50;1.65;1.49;3.14;1171;28;Y;Y;N;N;N;N;N
343386;1089;1088;2018;complete;2445;10;-1;56;;1;0;1;5;3;8;1;0;1;2;0;0;6;3;5;2;11;5;14;16;64;36;1;2;1.19;5.55;11.25;0;0;0;0;0;0;0;0;0;0;0;0;0;0;0;0;0;0;0;0;0;0;0;0;0;0;0;0;0;0;0;0;0;0;0;0;0;0;0;0;0;0;0;0;0;0;0;0;0;0;0;0;0;0;0;0;0;0;0;0;0;0;0;0;0;1;0;0;1;0;1;0;2018-05-27 16:00:00;1089;0;84;17;50;0;1;1;4;0;1;3;4;4;1;2;0;0;3;0;1;0;0;0;0;1.89;0.89;2.79;0;0;0;0;0;0;1;1;0;0;1;0;0;0;-1;-1;-1;-1;-1;-1;-1;-1;-1;17;50;84;100;100;50;84;84;84;11;3.33;3;3.84;Riga;Metta - LU;2.36;0.79;1.33;0.33;1.44;0.33;84;50;17;0;0;100;67;67;1.68;1.08;2.76;1171;28;Y;N;N;N;N;N;N
343387;963;1087;2018;complete;2445;11;-1;13;19,30;1;2;3;5;5;10;1;0;3;3;0;0;4;7;5;6;9;13;15;18;57;43;3;3;1.95;3.25;3.5;1.04;1.31;2;3.5;0;0;0;0;0;0;1.87;1.91;0;0;0;0;0;0;0;0;0;0;0;0;0;0;0;0;0;0;0;0;0;0;0;0;0;0;0;0;0;0;0;0;0;0;0;0;0;0;0;0;0;0;0;0;0;0;0;0;0;0;0;0;0;3;1;2;0;0;0;3;2018-06-15 14:00:00;1087;0;55;25;30;0;1;1;2;2;3;3;4;6;1;1;2;2;2;4;1;0;0;0;0;1.37;1.66;3.03;0;1;0;1;0;0;1;1;0;0;0;0;0;0;-1;-1;-1;-1;-1;-1;-1;-1;-1;13;35;35;68;90;35;58;80;43;10.5;2.35;3.5;2.53;Ventspils;Spartaks Jūrmala;2;1.57;1.8;2.25;2.2;1.9;88;65;65;33;10;68;58;48;1.74;1.86;3.6;1171;28;Y;Y;Y;N;N;N;Y
343388;1089;1086;2018;complete;2445;11;-1;67;;1;0;1;4;8;12;3;0;1;4;0;1;2;6;2;12;4;18;17;23;53;47;1;5;1.54;3.65;5.45;1.03;1.29;1.95;3.35;0;0;0;0;0;0;2;1.8;0;0;0;0;0;0;0;0;0;0;0;0;0;0;0;0;0;0;0;0;0;0;0;0;0;0;0;0;0;0;0;0;0;0;0;0;0;0;0;0;0;0;0;0;0;0;0;0;0;0;0;0;0;1;0;0;1;0;1;0;2018-06-15 16:00:00;1089;0;50;0;38;0;1;1;3;5;1;3;8;4;0;2;1;3;2;4;1;0;0;0;0;0.59;1.75;2.34;0;0;0;0;0;0;1;1;0;0;3;0;0;0;-1;-1;-1;-1;-1;-1;-1;-1;-1;13;38;63;63;88;13;63;88;63;10;3.75;5;2.88;Riga;Jelgava;2.36;0.5;1.75;0.25;1.6;0.8;88;63;38;38;13;63;50;25;1.74;1.02;2.76;1171;28;Y;N;N;N;N;N;N
343389;1090;6910;2018;complete;2445;11;-1;38,70,78,89;;4;0;4;10;4;14;2;0;2;1;0;0;7;3;8;2;15;5;19;14;56;44;2;1;1.02;12;21.5;0;0;0;0;0;0;0;0;0;0;0;0;0;0;0;0;0;0;0;0;0;0;0;0;0;0;0;0;0;0;0;0;0;0;0;0;0;0;0;0;0;0;0;0;0;0;0;0;0;0;0;0;0;0;0;0;0;0;0;0;0;0;0;0;0;4;1;0;3;0;3;1;2018-06-16 14:00:00;1090;0;59;0;46;0;1;1;5;3;5;1;8;6;1;1;1;0;2;1;1;0;0;0;0;1.99;0.85;2.84;0;0;0;0;0;0;1;1;0;0;1;0;0;0;-1;-1;-1;-1;-1;-1;-1;-1;-1;17;54;88;100;100;46;92;100;79;12.17;5.67;2.83;3.84;Rīgas FS;Valmiera / BSS;1.71;0.07;2.25;0.17;2.5;0.1;84;46;13;0;0;100;84;71;2.16;1.17;3.33;1171;28;Y;Y;Y;Y;N;N;N
343390;1088;63;2018;complete;2445;11;-1;;37,90;0;2;2;5;7;12;0;0;1;0;0;0;4;5;2;11;6;16;11;12;38;62;1;0;7;4.25;1.36;0;0;0;0;0;0;0;0;0;0;0;0;0;0;0;0;0;0;0;0;0;0;0;0;0;0;0;0;0;0;0;0;0;0;0;0;0;0;0;0;0;0;0;0;0;0;0;0;0;0;0;0;0;0;0;0;0;0;0;0;0;0;0;0;0;2;0;1;0;1;1;1;2018-06-16 16:00:00;63;0;55;19;29;0;1;1;2;1;3;6;3;9;1;0;0;0;1;0;1;0;0;0;0;1.06;1.96;3.02;0;0;0;0;0;0;1;1;0;0;1;0;0;0;-1;-1;-1;-1;-1;-1;-1;-1;-1;0;45;64;84;100;27;82;84;64;11.2;4.33;3.03;2.92;Metta - LU;Liepāja;0.57;2;0.33;1.8;0.3;1.8;100;55;37;17;0;64;55;47;1.23;2.19;3.42;1171;28;Y;Y;N;N;N;N;N
343391;63;1086;2018;complete;2445;12;-1;26,64;;2;0;2;6;5;11;2;4;2;1;0;0;7;3;2;4;9;7;16;15;51;49;2;1;1.38;4.3;6.3;1.01;1.2;1.69;2.7;0;0;0;0;0;0;1.95;1.8;0;0;0;0;0;0;0;0;0;0;0;0;0;0;0;0;0;0;0;0;0;0;0;0;0;0;0;0;0;0;0;0;0;0;0;0;0;0;0;0;0;0;0;0;0;0;0;0;0;0;0;0;0;2;1;0;1;0;1;1;2018-06-21 15:00:00;63;0;40;20;30;0;1;1;0;2;6;3;2;9;2;0;0;1;2;1;1;0;0;0;0;1.42;0.96;2.38;0;0;0;0;0;0;1;1;0;0;0;1;0;0;-1;-1;-1;-1;-1;-1;-1;-1;-1;20;50;60;60;90;20;60;90;60;9.6;7.6;5.8;3.1;Liepāja;Jelgava;1.64;0.5;1.8;0.2;1.91;0.73;80;50;40;40;10;60;50;30;1.85;1.17;3.02;1171;28;Y;Y;N;N;N;N;N
343392;1089;963;2018;complete;2445;12;-1;70;;1;0;1;2;4;6;0;2;5;0;0;0;3;6;0;11;3;17;24;11;30;70;5;0;2.45;3;2.7;1.07;1.43;2.35;4.5;0;0;0;0;0;0;2.1;1.71;0;0;0;0;0;0;0;0;0;0;0;0;0;0;0;0;0;0;0;0;0;0;0;0;0;0;0;0;0;0;0;0;0;0;0;0;0;0;0;0;0;0;0;0;0;0;0;0;0;0;0;0;0;1;0;0;1;0;1;0;2018-06-21 17:00:00;1089;0;70;20;30;0;1;1;1;2;1;2;3;3;2;0;3;0;2;3;1;0;0;0;0;0.75;2.24;2.99;0;0;0;0;0;0;1;1;0;0;0;1;0;0;-1;-1;-1;-1;-1;-1;-1;-1;-1;20;50;70;80;100;40;60;100;70;12.2;3.2;4;3.4;Riga;Ventspils;2.36;2.29;2;2.6;1.73;2;80;50;30;20;0;70;50;50;1.51;1.76;3.27;1171;28;Y;N;N;N;N;N;N
343393;1087;1090;2018;complete;2445;12;-1;;63,70;0;2;2;7;1;8;0;3;2;1;0;0;7;4;7;6;14;10;12;17;59;41;2;1;3.1;3.2;2.1;1.04;1.33;2.05;3.7;0;0;0;0;0;0;1.91;1.87;0;0;0;0;0;0;0;0;0;0;0;0;0;0;0;0;0;0;0;0;0;0;0;0;0;0;0;0;0;0;0;0;0;0;0;0;0;0;0;0;0;0;0;0;0;0;0;0;0;0;0;0;0;2;0;0;0;2;2;0;2018-06-22 14:00:00;1090;0;42;25;17;0;1;1;2;1;5;0;3;5;1;0;1;1;1;2;1;0;0;0;0;2.22;1.44;3.66;0;0;0;0;0;0;1;1;0;0;0;0;0;0;-1;-1;-1;-1;-1;-1;-1;-1;-1;17;25;59;75;100;34;67;92;42;9.67;5.33;3;3.09;Spartaks Jūrmala;Rīgas FS;1.43;2.21;1.67;2.67;2;2.55;84;75;42;25;0;75;50;17;1.44;1.5;2.94;1171;28;Y;Y;N;N;N;N;N
343394;6910;1088;2018;complete;2445;12;-1;51;9;1;1;2;7;1;8;0;4;0;1;0;0;5;5;8;3;13;8;19;10;54;46;0;1;5.35;3.6;1.54;1.01;1.19;1.62;2.6;0;0;0;0;0;0;1.77;2.05;0;0;0;0;0;0;0;0;0;0;0;0;0;0;0;0;0;0;0;0;0;0;0;0;0;0;0;0;0;0;0;0;0;0;0;0;0;0;0;0;0;0;0;0;0;0;0;0;0;0;0;0;0;2;0;1;1;0;1;1;2018-06-22 16:00:00;-1;0;50;25;25;0;1;1;3;1;4;0;4;4;0;0;0;1;0;1;1;0;0;0;0;1.92;1.28;3.21;0;0;0;0;0;0;1;1;0;1;1;0;0;0;-1;-1;-1;-1;-1;-1;-1;-1;-1;25;50;63;88;100;38;63;88;50;9;3.5;2.5;3.5;Valmiera / BSS;Metta - LU;0.5;0.79;0;0.25;0.09;0.27;75;50;38;13;0;75;63;63;1.23;1.04;2.27;1171;28;Y;Y;N;N;N;N;Y
343395;1089;1087;2018;complete;2445;14;-1;42;;1;0;1;7;3;10;0;3;2;1;0;1;6;3;8;7;14;10;24;18;47;53;2;2;2.3;3.1;2.85;0;0;0;0;0;0;0;0;0;0;0;0;0;0;0;0;0;0;0;0;0;0;0;0;0;0;0;0;0;0;0;0;0;0;0;0;0;0;0;0;0;0;0;0;0;0;0;0;0;0;0;0;0;0;0;0;0;0;0;0;0;0;0;0;0;1;1;0;0;0;0;1;2018-06-26 16:00:00;1089;0;55;30;17;0;1;1;5;2;2;1;7;3;0;1;2;1;1;3;1;0;0;0;0;1.81;1.37;3.18;0;0;0;0;0;0;1;1;0;0;0;0;0;0;-1;-1;-1;-1;-1;-1;-1;-1;-1;19;37;55;65;100;39;65;90;35;10.23;1.77;3.63;3.02;Riga;Spartaks Jūrmala;2.36;1.57;2.17;2.4;1.83;1.83;82;64;45;35;0;74;65;55;1.38;1.82;3.2;1171;28;Y;N;N;N;N;N;N
343396;1090;963;2018;complete;2445;13;-1;63,69,83;75;3;1;4;3;9;12;0;0;1;1;0;0;5;6;1;7;6;13;16;17;40;60;1;1;2.25;3.15;2.85;1.04;1.33;2.05;3.7;0;0;0;0;0;0;1.91;1.87;0;0;0;0;0;0;0;0;0;0;0;0;0;0;0;0;0;0;0;0;0;0;0;0;0;0;0;0;0;0;0;0;0;0;0;0;0;0;0;0;0;0;0;0;0;0;0;0;0;0;0;0;0;4;0;0;3;1;4;0;2018-06-29 16:00:00;1090;0;54;17;19;0;1;1;1;4;2;5;5;7;0;1;1;0;1;1;1;0;0;0;0;1.21;1.99;3.21;0;0;0;0;0;0;1;1;0;0;0;1;0;0;-1;-1;-1;-1;-1;-1;-1;-1;-1;9;45;74;92;100;35;75;100;74;14.73;5.03;3.93;3.19;Rīgas FS;Ventspils;1.71;2.29;2.4;2.17;2.58;1.83;92;55;27;9;0;75;67;57;2.12;1.84;3.96;1171;28;Y;Y;Y;Y;N;N;Y
343397;6910;1089;2018;complete;2445;13;-1;;17,73;0;2;2;4;5;9;0;0;3;2;1;0;2;4;6;11;8;15;18;17;42;58;4;2;12.5;7.5;1.11;1;1.12;1.43;2.1;0;0;0;0;0;0;2.4;1.54;0;0;0;0;0;0;0;0;0;0;0;0;0;0;0;0;0;0;0;0;0;0;0;0;0;0;0;0;0;0;0;0;0;0;0;0;0;0;0;0;0;0;0;0;0;0;0;0;0;0;0;0;0;2;0;1;0;1;1;1;2018-06-30 14:00:00;1089;0;39;10;10;0;1;1;3;0;1;5;3;6;2;0;2;2;2;4;1;0;0;0;0;0.78;1.47;2.26;0;0;0;0;0;0;1;1;0;0;0;0;0;0;-1;-1;-1;-1;-1;-1;-1;-1;-1;20;30;39;59;100;10;74;75;29;10.5;2.07;2.77;2.67;Valmiera / BSS;Riga;0.5;2.21;0.2;1.5;0.17;1.92;80;70;62;42;0;64;55;55;1.37;1.32;2.69;1171;28;Y;Y;N;N;N;N;N
343398;63;1087;2018;complete;2445;13;-1;84;90;1;1;2;9;8;17;1;0;2;2;0;0;7;3;5;6;12;9;12;16;52;48;2;2;2.1;3.2;3.1;1.03;1.29;1.95;3.4;0;0;0;0;0;0;1.83;1.91;0;0;0;0;0;0;0;0;0;0;0;0;0;0;0;0;0;0;0;0;0;0;0;0;0;0;0;0;0;0;0;0;0;0;0;0;0;0;0;0;0;0;0;0;0;0;0;0;0;0;0;0;0;2;0;0;1;1;2;0;2018-06-30 16:00:00;-1;0;50;42;17;0;1;1;4;6;5;2;10;7;1;0;1;2;1;3;1;0;0;0;0;1.79;1.27;3.06;0;0;0;0;0;0;1;1;0;0;2;3;0;0;-1;-1;-1;-1;-1;-1;-1;-1;-1;25;50;59;75;100;42;83;84;42;9.83;5.83;3.66;3.42;Liepāja;Spartaks Jūrmala;1.64;1.57;2;2;2;1.69;75;50;42;25;0;75;67;50;1.78;1.74;3.52;1171;28;Y;Y;N;N;N;N;Y
343399;1086;1088;2018;complete;2445;13;-1;63;;1;0;1;4;5;9;3;1;1;1;0;0;3;3;8;6;11;9;24;20;57;43;1;1;1.69;3.5;4.35;1.04;1.33;2.05;3.7;0;0;0;0;0;0;2.1;1.71;0;0;0;0;0;0;0;0;0;0;0;0;0;0;0;0;0;0;0;0;0;0;0;0;0;0;0;0;0;0;0;0;0;0;0;0;0;0;0;0;0;0;0;0;0;0;0;0;0;0;0;0;0;1;0;0;1;0;1;0;2018-07-01 14:00:00;1086;0;47;19;19;0;1;1;1;4;3;1;5;4;1;0;0;1;1;1;1;0;0;0;0;1.55;1.17;2.72;0;0;0;0;0;0;1;1;0;0;1;1;0;0;-1;-1;-1;-1;-1;-1;-1;-1;-1;9;19;29;74;100;37;64;74;37;9.47;3.2;4.27;2.37;Jelgava;Metta - LU;1;0.79;1.17;0.4;0.67;0.33;92;82;72;27;0;72;62;54;1.49;1.09;2.58;1171;28;Y;N;N;N;N;N;N
343400;6910;1086;2018;complete;2445;14;-1;78;;1;0;1;2;1;3;5;4;2;4;0;0;5;6;6;6;11;12;14;18;41;59;2;4;8;5.2;1.27;1;1.13;1.48;2.2;0;12;4.8;2.4;1.56;1.21;1.95;1.8;0;0;0;0;0;0;0;0;0;0;0;0;0;0;0;0;0;0;0;0;0;0;0;0;0;0;0;0;0;0;0;0;0;0;0;0;0;0;0;0;0;0;0;0;0;0;0;0;0;0;0;0;0;1;0;0;1;0;1;0;2018-11-10 12:00:00;6910;0;43;16;23;0;1;1;1;1;1;0;2;1;1;3;1;1;4;2;1;0;0;0;0;1.25;1.46;2.71;0;0;0;0;0;0;1;1;0;0;0;0;1;0;-1;-1;-1;-1;-1;-1;-1;-1;-1;27;35;54;85;96;27;74;89;58;7.38;3.77;4.84;3.16;Valmiera / BSS;Jelgava;0.5;0.5;0.31;0.54;0.19;0.78;74;66;46;16;4;54;50;31;1.2;1.22;2.42;1171;28;Y;N;N;N;N;N;N
343401;963;1088;2018;complete;2445;14;-1;52,77,87;26;3;1;4;7;3;10;1;1;1;0;0;0;11;4;12;5;23;9;20;16;62;38;1;0;1.18;5.6;12.25;1.01;1.15;1.53;2.3;0;0;0;0;0;0;2.05;1.71;0;0;0;0;0;0;0;0;0;0;0;0;0;0;0;0;0;0;0;0;0;0;0;0;0;0;0;0;0;0;0;0;0;0;0;0;0;0;0;0;0;0;0;0;0;0;0;0;0;0;0;0;0;4;0;1;3;0;3;1;2018-07-15 12:00:00;963;0;59;17;34;0;1;1;3;1;4;2;4;6;0;0;1;0;0;1;1;0;0;0;0;2.61;1.05;3.66;1;0;1;0;0;0;1;1;0;0;1;0;0;0;-1;-1;-1;-1;-1;-1;-1;-1;-1;0;17;33;67;92;33;50;67;42;9;3.5;3.67;2.09;Ventspils;Metta - LU;2;0.79;1.5;0.33;1.69;0.31;100;83;67;33;9;67;42;25;1.67;1.1;2.77;1171;28;Y;Y;Y;Y;N;N;Y
343402;1087;1086;2018;complete;2445;15;-1;34,55,58,77;90;4;1;5;4;6;10;2;2;3;3;0;0;5;2;3;1;8;3;17;18;49;51;3;3;1.74;3.45;4.1;1.03;1.29;1.95;3.4;0;0;0;0;0;0;1.95;1.8;0;0;0;0;0;0;0;0;0;0;0;0;0;0;0;0;0;0;0;0;0;0;0;0;0;0;0;0;0;0;0;0;0;0;0;0;0;0;0;0;0;0;0;0;0;0;0;0;0;0;0;0;0;5;1;0;3;1;4;1;2018-07-22 14:00:00;1087;0;23;15;9;0;1;1;3;2;1;4;5;5;3;2;0;1;5;1;1;0;0;0;0;1.34;0.87;2.21;0;1;0;1;0;0;1;1;0;0;2;0;1;1;-1;-1;-1;-1;-1;-1;-1;-1;-1;0;16;45;61;92;22;47;92;31;10.29;5.79;5.36;2.13;Spartaks Jūrmala;Jelgava;1.43;0.5;1.43;0.17;1.64;1;100;85;55;40;9;62;48;24;1.55;1.13;2.68;1171;28;Y;Y;Y;Y;Y;N;Y
343403;1088;1090;2018;complete;2445;15;-1;;48,86;0;2;2;5;0;5;-1;-1;1;0;0;0;2;7;11;10;13;17;-1;-1;47;53;1;0;12.5;5.95;1.16;1.01;1.18;1.61;2.55;0;0;0;0;0;0;2.6;1.48;0;0;0;0;0;0;0;0;0;0;0;0;0;0;0;0;0;0;0;0;0;0;0;0;0;0;0;0;0;0;0;0;0;0;0;0;0;0;0;0;0;0;0;0;0;0;0;0;0;0;0;0;0;2;0;0;0;2;2;0;2018-07-22 16:00:00;1090;0;43;14;22;0;1;1;2;0;3;0;2;3;1;0;0;0;1;0;1;0;0;0;0;1.51;2.19;3.69;0;0;0;0;0;0;1;1;0;0;0;0;0;0;-1;-1;-1;-1;-1;-1;-1;-1;-1;15;36;50;79;100;22;79;79;64;8.28;2.85;2.85;3.07;Metta - LU;Rīgas FS;0.57;2.21;0.29;2.71;0.29;2.62;86;64;50;22;0;71;57;29;1.2;1.49;2.69;1171;28;Y;Y;N;N;N;N;N
343404;963;6910;2018;complete;2445;15;-1;4,12,32,52;30;4;1;5;7;3;10;1;1;1;4;0;0;15;4;12;5;27;9;11;17;58;42;1;4;1.05;9.25;18.5;1;1.06;1.27;1.71;0;0;0;0;0;0;2.3;1.59;0;0;0;0;0;0;0;0;0;0;0;0;0;0;0;0;0;0;0;0;0;0;0;0;0;0;0;0;0;0;0;0;0;0;0;0;0;0;0;0;0;0;0;0;0;0;0;0;0;0;0;0;0;5;3;1;1;0;1;4;2018-07-22 14:00:00;963;0;67;14;53;0;1;1;0;1;7;2;1;9;0;1;1;3;1;4;1;0;0;0;0;3.34;1.3;4.64;0;0;0;0;0;0;1;1;1;0;0;0;0;0;-1;-1;-1;-1;-1;-1;-1;-1;-1;19;59;72;86;93;46;73;79;73;9.54;3.43;3.75;3.46;Ventspils;Valmiera / BSS;2;0.07;1.71;0.13;1.79;0.14;82;42;29;15;7;86;66;45;1.81;1.19;3;1171;28;Y;Y;Y;Y;Y;N;Y
343405;63;6910;2018;complete;2445;16;-1;11,19,31,45,79,90;2,54;6;2;8;10;0;10;2;2;2;2;1;0;10;5;10;3;20;8;14;16;70;30;4;2;1.04;9.75;19.75;1;1.05;1.23;1.62;0;0;0;0;0;0;2.25;1.62;0;0;0;0;0;0;0;0;0;0;0;0;0;0;0;0;0;0;0;0;0;0;0;0;0;0;0;0;0;0;0;0;0;0;0;0;0;0;0;0;0;0;0;0;0;0;0;0;0;0;0;0;0;8;4;1;2;1;3;5;2018-07-29 14:00:00;63;0;62;26;50;0;1;1;5;0;5;0;5;5;1;0;2;2;1;4;1;0;0;0;0;2.54;1.11;3.65;0;0;0;0;0;0;1;1;0;1;1;0;0;0;-1;-1;-1;-1;-1;-1;-1;-1;-1;37;73;79;93;100;48;80;100;75;9.54;6.18;3.86;4.19;Liepāja;Valmiera / BSS;1.64;0.07;1.86;0.11;1.92;0.13;64;27;22;7;0;86;68;62;1.78;1.2;2.98;1171;28;Y;Y;Y;Y;Y;Y;Y
343406;1086;963;2018;complete;2445;16;-1;;31,37,90;0;3;3;11;3;14;1;5;0;2;0;0;5;9;3;6;8;15;13;7;47;53;0;2;5.25;3.4;1.59;1.04;1.34;2.1;3.8;0;0;0;0;0;0;2.2;1.65;0;0;0;0;0;0;0;0;0;0;0;0;0;0;0;0;0;0;0;0;0;0;0;0;0;0;0;0;0;0;0;0;0;0;0;0;0;0;0;0;0;0;0;0;0;0;0;0;0;0;0;0;0;3;0;2;0;1;1;2;2018-07-29 15:00:00;963;0;55;27;27;0;1;1;4;3;7;0;7;7;0;2;0;0;2;0;1;0;0;0;0;1.4;2.2;3.6;0;0;0;0;0;0;1;1;0;0;0;1;0;1;-1;-1;-1;-1;-1;-1;-1;-1;-1;20;41;48;75;100;41;53;88;55;12.46;2.95;4.89;2.9;Jelgava;Ventspils;1;2.29;1.63;1.86;0.93;1.87;81;59;52;26;0;73;59;53;1.51;1.86;3.37;1171;28;Y;Y;Y;N;N;N;N
343407;1087;1088;2018;complete;2445;16;-1;21,77,79,89;58,67,71;4;3;7;9;5;14;4;5;0;0;0;0;8;9;11;8;19;17;16;16;52;48;0;0;1.21;5.55;9.5;1.01;1.19;1.62;2.6;0;0;0;0;0;0;2.2;1.67;0;0;0;0;0;0;0;0;0;0;0;0;0;0;0;0;0;0;0;0;0;0;0;0;0;0;0;0;0;0;0;0;0;0;0;0;0;0;0;0;0;0;0;0;0;0;0;0;0;0;0;0;0;7;1;0;3;3;6;1;2018-07-30 15:00:00;1087;0;48;20;14;0;1;-1;4;3;5;2;7;7;0;0;0;0;0;0;1;0;0;0;0;2.43;2.15;4.59;0;0;0;0;0;0;1;1;0;0;1;0;-1;-1;-1;-1;-1;-1;-1;-1;-1;-1;-1;7;27;53;73;100;34;54;93;41;8.99;4.99;3.29;2.59;Spartaks Jūrmala;Metta - LU;1.43;0.79;1.63;0.29;1.73;0.27;94;73;48;27;0;67;41;21;1.52;1.09;2.61;1171;28;Y;Y;Y;Y;Y;Y;Y
343408;1089;1090;2018;complete;2445;16;-1;65;;1;0;1;8;2;10;1;2;0;0;0;0;9;4;12;2;21;6;18;12;64;36;0;0;2.9;3.05;2.25;1.06;1.42;2.3;4.3;0;0;0;0;0;0;2.05;1.71;0;0;0;0;0;0;0;0;0;0;0;0;0;0;0;0;0;0;0;0;0;0;0;0;0;0;0;0;0;0;0;0;0;0;0;0;0;0;0;0;0;0;0;0;0;0;0;0;0;0;0;0;0;1;0;0;1;0;1;0;2018-07-30 17:00:00;1089;0;41;7;27;0;1;-1;5;0;3;2;5;5;0;0;0;0;0;0;1;0;0;0;0;2.76;1.07;3.84;0;0;0;0;0;0;1;1;0;0;1;0;-1;-1;-1;-1;-1;-1;-1;-1;-1;-1;-1;20;27;41;66;100;14;60;87;59;8.77;2.38;2.86;2.91;Riga;Rīgas FS;2.36;2.21;2.29;2.75;2;2.64;81;73;60;35;0;67;54;28;1.44;1.58;3.02;1171;28;Y;N;N;N;N;N;N
343409;6910;1087;2018;complete;2445;17;-1;27,56;8;2;1;3;1;14;15;-1;-1;1;2;0;0;6;9;5;25;11;34;-1;-1;51;49;1;2;12.75;8;1.1;1;1.05;1.23;1.62;0;16.25;7.25;3.55;2.1;1.48;2;1.8;0;0;0;0;0;0;0;0;0;0;0;0;0;0;0;0;0;0;0;0;0;0;0;0;0;0;0;0;0;0;0;0;0;0;0;0;0;0;0;0;0;0;0;0;0;0;0;0;0;0;0;0;0;3;1;1;1;0;1;2;2018-10-03 13:00:00;6910;0;50;25;20;0;1;1;0;5;1;9;5;10;0;0;1;2;0;3;1;0;0;0;0;1.39;3.54;4.93;0;0;0;0;0;0;1;1;0;1;0;0;0;0;-1;-1;-1;-1;-1;-1;-1;-1;-1;30;40;55;80;95;35;75;80;45;9.1;2.9;3.6;3.3;Valmiera / BSS;Spartaks Jūrmala;0.5;1.57;0.1;2;0.09;1.68;70;60;45;20;5;75;65;45;1.18;1.76;2.94;1171;28;Y;Y;Y;N;N;N;Y
343410;1088;1089;2018;complete;2445;17;-1;;11,42;0;2;2;3;5;8;1;0;4;0;0;0;2;9;2;6;4;15;19;16;32;68;4;0;7.5;4.35;1.33;0;0;0;0;0;0;0;0;0;0;0;0;0;0;0;0;0;0;0;0;0;0;0;0;0;0;0;0;0;0;0;0;0;0;0;0;0;0;0;0;0;0;0;0;0;0;0;0;0;0;0;0;0;0;0;0;0;0;0;0;0;0;0;0;0;2;0;2;0;0;0;2;2018-08-12 16:00:00;1089;0;26;7;7;0;1;1;1;4;2;1;5;3;2;0;2;0;2;2;1;0;0;0;0;0.88;2.42;3.3;0;1;0;1;0;0;1;1;0;0;1;1;0;0;-1;-1;-1;-1;-1;-1;-1;-1;-1;0;19;32;52;100;13;73;66;39;9.68;1.45;3.77;2.03;Metta - LU;Riga;0.57;2.21;0.25;1.71;0.25;2.07;100;82;68;48;0;67;47;41;1.24;1.34;2.58;1171;28;Y;Y;N;N;N;N;N
343411;963;63;2018;complete;2445;17;-1;89;;1;0;1;7;6;13;3;2;1;2;0;0;2;3;5;5;7;8;18;19;54;46;1;2;2.6;3.05;2.5;1.04;1.32;2;3.65;0;0;0;0;0;0;1.87;1.91;0;0;0;0;0;0;0;0;0;0;0;0;0;0;0;0;0;0;0;0;0;0;0;0;0;0;0;0;0;0;0;0;0;0;0;0;0;0;0;0;0;0;0;0;0;0;0;0;0;0;0;0;0;1;0;0;1;0;1;0;2018-08-13 15:00:00;963;0;63;21;36;0;1;1;3;3;4;3;6;7;1;0;0;2;1;2;1;0;0;0;0;1.03;1.11;2.15;0;0;0;0;0;0;1;1;0;0;1;2;0;0;-1;-1;-1;-1;-1;-1;-1;-1;-1;7;36;50;88;94;28;73;82;50;12.67;3.88;2.88;2.73;Ventspils;Liepāja;2;2;1.88;2;1.94;2;94;65;50;13;7;71;65;40;2;2.15;4.15;1171;28;Y;N;N;N;N;N;N
343412;1090;1086;2018;complete;2445;17;-1;18;;1;0;1;5;2;7;1;0;2;4;0;0;4;8;8;4;12;12;17;13;62;38;2;4;1.28;5;7.75;1.01;1.18;1.61;2.55;0;0;0;0;0;0;2.05;1.77;0;0;0;0;0;0;0;0;0;0;0;0;0;0;0;0;0;0;0;0;0;0;0;0;0;0;0;0;0;0;0;0;0;0;0;0;0;0;0;0;0;0;0;0;0;0;0;0;0;0;0;0;0;1;1;0;0;0;0;1;2018-08-13 16:00:00;1090;0;40;0;31;0;1;1;3;1;2;1;4;3;1;1;1;3;2;4;1;0;0;0;0;1.35;1.5;2.85;0;0;0;0;0;0;1;1;0;0;0;0;0;0;-1;-1;-1;-1;-1;-1;-1;-1;-1;7;40;63;79;93;9;70;93;63;12.64;5.1;4.93;2.81;Rīgas FS;Jelgava;1.71;0.5;2.5;0.14;2.47;0.88;93;61;37;22;7;86;86;56;1.97;1.1;3.07;1171;28;Y;N;N;N;N;N;N
343413;1089;1086;2018;complete;2445;18;-1;66,83;;2;0;2;4;3;7;0;2;1;4;0;0;7;2;2;2;9;4;13;20;60;40;1;4;1.32;4.55;7.5;0;0;0;0;0;0;0;0;0;0;0;0;0;0;0;0;0;0;0;0;0;0;0;0;0;0;0;0;0;0;0;0;0;0;0;0;0;0;0;0;0;0;0;0;0;0;0;0;0;0;0;0;0;0;0;0;0;0;0;0;0;0;0;0;0;2;0;0;2;0;2;0;2018-10-20 10:00:00;1089;0;32;5;18;0;1;1;1;1;3;2;2;5;1;2;0;2;3;2;1;0;0;0;0;1.69;0.68;2.36;0;0;0;0;0;0;1;1;0;0;1;0;1;0;-1;-1;-1;-1;-1;-1;-1;-1;-1;14;23;45;55;96;9;60;82;50;9.36;3.81;4.91;2.41;Riga;Jelgava;2.36;0.5;2.55;0.36;2.33;0.75;87;78;55;46;5;55;50;23;1.74;1.23;2.97;1171;28;Y;Y;N;N;N;N;N
343414;63;1088;2018;complete;2445;18;-1;;40;0;1;1;8;4;12;1;0;1;2;0;0;6;2;13;3;19;5;15;19;66;34;1;2;1.25;5.15;8.5;1.01;1.17;1.59;2.5;0;0;0;0;0;0;2.1;1.69;0;0;0;0;0;0;0;0;0;0;0;0;0;0;0;0;0;0;0;0;0;0;0;0;0;0;0;0;0;0;0;0;0;0;0;0;0;0;0;0;0;0;0;0;0;0;0;0;0;0;0;0;0;1;0;1;0;0;0;1;2018-08-18 17:00:00;1088;0;63;26;38;0;1;1;3;2;5;2;5;7;1;0;0;2;1;2;1;0;0;0;0;2.03;0.63;2.66;0;0;0;0;0;0;1;1;0;0;1;0;0;0;-1;-1;-1;-1;-1;-1;-1;-1;-1;26;51;57;82;100;32;69;94;63;10;6.25;3.26;3.63;Liepāja;Metta - LU;1.64;0.79;2;0.25;1.87;0.24;76;51;44;19;0;75;57;44;1.88;1.23;3.11;1171;28;Y;N;N;N;N;N;N
343415;6910;1090;2018;complete;2445;18;-1;56,71;21,40,54,90;2;4;6;2;6;8;3;2;4;3;1;0;5;6;2;6;7;12;23;14;31;69;5;3;17;8.5;1.07;1;1.06;1.26;1.71;0;0;0;0;0;0;2.15;1.67;0;0;0;0;0;0;0;0;0;0;0;0;0;0;0;0;0;0;0;0;0;0;0;0;0;0;0;0;0;0;0;0;0;0;0;0;0;0;0;0;0;0;0;0;0;0;0;0;0;0;0;0;0;6;0;2;2;2;4;2;2018-08-19 13:00:00;1090;0;42;14;20;0;1;1;0;4;2;2;4;4;2;1;3;2;3;5;1;0;0;0;0;1.06;1.92;2.98;0;1;0;1;0;0;1;1;0;0;0;1;0;0;-1;-1;-1;-1;-1;-1;-1;-1;-1;28;36;42;89;100;14;70;95;50;8.27;2.61;2.06;3.34;Valmiera / BSS;Rīgas FS;0.5;2.21;0.17;2.44;0.13;2.5;73;64;59;11;0;67;53;31;1.27;1.52;2.79;1171;28;Y;Y;Y;Y;Y;Y;Y
343416;1087;963;2018;complete;2445;18;-1;82;34,58;1;2;3;6;2;8;3;8;2;2;0;1;5;3;10;2;15;5;19;12;55;45;2;4;3.05;3.15;2.15;1.03;1.28;1.91;3.3;0;0;0;0;0;0;1.83;1.95;0;0;0;0;0;0;0;0;0;0;0;0;0;0;0;0;0;0;0;0;0;0;0;0;0;0;0;0;0;0;0;0;0;0;0;0;0;0;0;0;0;0;0;0;0;0;0;0;0;0;0;0;0;3;0;1;1;1;2;1;2018-08-19 15:00:00;963;0;54;24;24;0;1;1;2;1;4;1;3;5;0;0;2;3;0;5;1;0;0;0;0;1.9;0.94;2.84;0;1;0;1;0;0;1;1;0;0;1;0;0;0;-1;-1;-1;-1;-1;-1;-1;-1;-1;18;42;71;83;100;42;53;100;54;11.81;5.22;3.91;3.24;Spartaks Jūrmala;Ventspils;1.43;2.29;1.78;2;1.81;2;83;59;29;18;0;65;47;36;1.62;1.91;3.53;1171;28;Y;Y;Y;N;N;N;Y
343417;963;1089;2018;complete;2445;19;-1;;25;0;1;1;8;7;15;0;0;3;2;1;1;4;5;2;4;6;9;19;14;54;46;4;3;2.4;3.05;2.7;1.07;1.43;2.35;4.5;0;0;0;0;0;0;2.1;1.69;0;0;0;0;0;0;0;0;0;0;0;0;0;0;0;0;0;0;0;0;0;0;0;0;0;0;0;0;0;0;0;0;0;0;0;0;0;0;0;0;0;0;0;0;0;0;0;0;0;0;0;0;0;1;0;1;0;0;0;1;2018-08-24 14:00:00;1089;0;39;11;17;0;1;1;6;2;2;5;8;7;0;2;4;1;2;5;1;0;0;0;0;1.12;1.33;2.46;0;0;0;0;0;0;1;1;0;0;0;0;0;0;-1;-1;-1;-1;-1;-1;-1;-1;-1;6;17;33;56;95;22;67;62;33;11.34;2.12;3.45;2.06;Ventspils;Riga;2;2.21;2;2;2.06;2.18;95;84;67;45;6;73;56;33;1.89;1.52;3.41;1171;28;Y;N;N;N;N;N;N
343418;1086;63;2018;complete;2445;19;-1;;11,56;0;2;2;3;6;9;1;1;2;5;0;0;3;6;7;3;10;9;18;21;54;46;2;5;3.45;3.3;1.91;1.05;1.38;2.2;4.1;0;0;0;0;0;0;2.1;1.71;0;0;0;0;0;0;0;0;0;0;0;0;0;0;0;0;0;0;0;0;0;0;0;0;0;0;0;0;0;0;0;0;0;0;0;0;0;0;0;0;0;0;0;0;0;0;0;0;0;0;0;0;0;2;0;1;0;1;1;1;2018-08-24 14:00:00;63;0;37;17;25;0;1;1;2;1;1;5;3;6;2;2;0;3;4;3;1;0;0;0;0;1.29;1.48;2.76;0;0;0;0;0;0;1;1;0;0;0;0;0;1;-1;-1;-1;-1;-1;-1;-1;-1;-1;10;25;42;78;100;27;71;90;42;13.1;3.83;3.54;2.59;Jelgava;Liepāja;1;2;1.3;1.71;0.78;1.75;90;76;59;22;0;81;76;71;1.42;2;3.42;1171;28;Y;Y;N;N;N;N;N
343419;1090;1087;2018;complete;2445;19;-1;;41;0;1;1;6;3;9;2;2;2;0;0;0;4;7;2;7;6;14;18;12;58;42;2;0;1.65;3.6;4.4;1.03;1.3;1.95;3.45;0;0;0;0;0;0;2;1.77;0;0;0;0;0;0;0;0;0;0;0;0;0;0;0;0;0;0;0;0;0;0;0;0;0;0;0;0;0;0;0;0;0;0;0;0;0;0;0;0;0;0;0;0;0;0;0;0;0;0;0;0;0;1;0;1;0;0;0;1;2018-08-24 16:00:00;1087;0;50;22;22;0;1;1;3;2;3;1;5;4;0;0;2;0;0;2;1;0;0;0;0;1.41;1.67;3.07;0;0;0;0;0;0;1;1;0;0;1;0;0;0;-1;-1;-1;-1;-1;-1;-1;-1;-1;7;36;57;79;100;29;79;79;50;12.57;3.29;3.43;2.86;Rīgas FS;Spartaks Jūrmala;1.71;1.57;2.57;1.86;2.53;1.71;93;64;43;22;0;86;86;64;1.88;1.67;3.55;1171;28;Y;N;N;N;N;N;N
343420;1088;6910;2018;complete;2445;19;-1;38,46;27;2;1;3;8;6;14;0;4;2;7;0;0;7;4;7;5;14;9;17;21;52;48;2;7;1.44;4.15;5.6;1.01;1.16;1.54;2.35;0;0;0;0;0;0;1.71;2.05;0;0;0;0;0;0;0;0;0;0;0;0;0;0;0;0;0;0;0;0;0;0;0;0;0;0;0;0;0;0;0;0;0;0;0;0;0;0;0;0;0;0;0;0;0;0;0;0;0;0;0;0;0;3;1;1;1;0;1;2;2018-08-25 16:00:00;1088;0;52;21;36;0;1;1;7;2;1;4;9;5;1;2;1;5;3;6;1;0;0;0;0;1.9;1.47;3.37;0;0;0;0;0;0;1;1;0;0;1;0;0;0;-1;-1;-1;-1;-1;-1;-1;-1;-1;25;62;72;89;100;52;84;84;68;7.81;2.79;3.89;3.78;Metta - LU;Valmiera / BSS;0.57;0.07;0.22;0.1;0.39;0.12;75;39;28;11;0;78;62;47;1.2;1.19;2.39;1171;28;Y;Y;Y;N;N;N;Y
343421;1089;63;2018;complete;2445;15;-1;17;;1;0;1;3;3;6;1;1;2;4;0;0;3;3;1;4;4;7;9;26;47;53;2;4;1.77;3.3;4.15;1.05;1.38;2.15;4;0;0;0;0;0;0;2.1;1.71;0;0;0;0;0;0;0;0;0;0;0;0;0;0;0;0;0;0;0;0;0;0;0;0;0;0;0;0;0;0;0;0;0;0;0;0;0;0;0;0;0;0;0;0;0;0;0;0;0;0;0;0;0;1;1;0;0;0;0;1;2018-08-28 16:00:00;1089;0;38;7;25;0;1;1;2;1;1;2;3;3;0;1;2;3;1;5;1;0;0;0;0;1.07;1.39;2.46;0;0;0;0;0;0;1;1;0;0;0;0;0;0;-1;-1;-1;-1;-1;-1;-1;-1;-1;7;25;38;63;100;13;63;94;38;12.38;3.25;3.26;2.44;Riga;Liepāja;2.36;2;2.38;1.88;2.22;1.82;94;75;63;38;0;75;63;51;1.61;1.94;3.55;1171;28;Y;N;N;N;N;N;N
343422;963;1090;2018;complete;2445;20;-1;21,87;;2;0;2;5;8;13;1;2;5;3;0;1;4;2;7;2;11;4;20;16;54;46;5;4;2.4;2.95;2.8;1.06;1.4;2.25;4.2;0;0;0;0;0;0;2;1.77;0;0;0;0;0;0;0;0;0;0;0;0;0;0;0;0;0;0;0;0;0;0;0;0;0;0;0;0;0;0;0;0;0;0;0;0;0;0;0;0;0;0;0;0;0;0;0;0;0;0;0;0;0;2;1;0;1;0;1;1;2018-09-01 12:00:00;963;0;50;15;30;0;1;1;4;2;1;6;6;7;1;2;4;2;3;6;1;0;0;0;0;1.35;0.76;2.11;0;0;0;0;0;0;1;1;0;0;1;1;0;1;-1;-1;-1;-1;-1;-1;-1;-1;-1;20;30;40;70;95;25;60;75;55;9.6;2.9;3.1;2.8;Ventspils;Rīgas FS;2;2.21;1.8;2.5;1.95;2.39;80;70;60;30;5;70;60;20;1.82;1.56;3.38;1171;28;Y;Y;N;N;N;N;N
343423;1087;63;2018;complete;2445;20;-1;13,90;12,82;2;2;4;3;7;10;2;3;2;3;0;0;5;6;5;7;10;13;12;12;46;54;2;3;2.45;3.15;2.55;1.03;1.3;1.95;3.45;0;0;0;0;0;0;1.83;1.95;0;0;0;0;0;0;0;0;0;0;0;0;0;0;0;0;0;0;0;0;0;0;0;0;0;0;0;0;0;0;0;0;0;0;0;0;0;0;0;0;0;0;0;0;0;0;0;0;0;0;0;0;0;4;1;1;1;1;2;2;2018-09-01 13:00:00;-1;0;42;16;26;0;1;1;1;3;2;4;4;6;2;1;0;2;3;2;1;0;0;0;0;1.52;1.86;3.37;1;0;1;0;0;0;1;1;0;0;0;2;0;0;-1;-1;-1;-1;-1;-1;-1;-1;-1;10;26;52;79;100;21;69;95;42;12.04;5.31;3.69;2.77;Spartaks Jūrmala;Liepāja;1.43;2;1.6;1.67;1.78;1.72;90;74;49;21;0;64;48;38;1.65;1.88;3.53;1171;28;Y;Y;Y;Y;N;N;Y
343424;1089;6910;2018;complete;2445;20;-1;69,72,82;;3;0;3;4;2;6;4;2;1;2;0;0;8;3;18;4;26;7;7;10;68;32;1;2;1.05;9.5;19.75;1;1.04;1.22;1.61;0;0;0;0;0;0;2.1;1.71;0;0;0;0;0;0;0;0;0;0;0;0;0;0;0;0;0;0;0;0;0;0;0;0;0;0;0;0;0;0;0;0;0;0;0;0;0;0;0;0;0;0;0;0;0;0;0;0;0;0;0;0;0;3;0;0;3;0;3;0;2018-09-01 14:00:00;1089;0;53;18;39;0;1;1;2;1;2;1;3;3;0;1;1;1;1;2;1;0;0;0;0;3.14;1.12;4.26;0;0;0;0;0;0;1;1;0;0;1;1;0;0;-1;-1;-1;-1;-1;-1;-1;-1;-1;28;52;67;67;100;42;74;89;53;9.13;3.09;4.12;3.52;Riga;Valmiera / BSS;2.36;0.07;2.44;0.09;2.26;0.11;72;48;34;34;0;84;69;49;1.55;1.22;2.77;1171;28;Y;Y;Y;N;N;N;N
343425;1088;1086;2018;complete;2445;20;-1;29,50,62;;3;0;3;5;5;10;1;5;0;0;0;0;6;4;4;7;10;11;20;13;44;56;0;0;3.5;3.25;1.95;1.03;1.28;1.91;3.3;0;0;0;0;0;0;1.87;1.91;0;0;0;0;0;0;0;0;0;0;0;0;0;0;0;0;0;0;0;0;0;0;0;0;0;0;0;0;0;0;0;0;0;0;0;0;0;0;0;0;0;0;0;0;0;0;0;0;0;0;0;0;0;3;1;0;2;0;2;1;2018-09-01 16:00:00;1088;0;33;10;18;0;1;-1;5;2;0;3;7;3;0;0;0;0;0;0;1;0;0;0;0;1.38;1.61;2.99;0;0;0;0;0;0;1;1;0;0;2;1;-1;-1;-1;-1;-1;-1;-1;-1;-1;-1;-1;7;28;44;65;94;20;72;73;44;9.25;2.93;5.4;2.37;Metta - LU;Jelgava;0.57;0.5;0.5;0.13;0.53;0.74;94;73;57;35;7;62;57;33;1.27;1.15;2.42;1171;28;Y;Y;Y;N;N;N;N
343426;1087;1089;2018;complete;2445;21;-1;61;42,77,82;1;3;4;3;3;6;8;1;3;0;0;0;5;5;10;6;15;11;12;16;45;55;3;0;3.4;3.35;1.91;1.05;1.36;2.1;3.85;0;0;0;0;0;0;2;1.77;0;0;0;0;0;0;0;0;0;0;0;0;0;0;0;0;0;0;0;0;0;0;0;0;0;0;0;0;0;0;0;0;0;0;0;0;0;0;0;0;0;0;0;0;0;0;0;0;0;0;0;0;0;4;0;1;1;2;3;1;2018-09-15 11:00:00;1089;0;33;14;18;0;1;1;0;1;3;2;1;5;1;0;2;0;1;2;1;0;0;0;0;1.52;1.32;2.84;0;1;0;1;0;0;1;1;0;0;0;0;0;0;-1;-1;-1;-1;-1;-1;-1;-1;-1;9;18;47;61;100;23;72;75;38;11.16;3.59;3.62;2.44;Spartaks Jūrmala;Riga;1.43;2.21;1.55;2.1;1.74;2.3;91;82;54;39;0;67;48;34;1.64;1.5;3.14;1171;28;Y;Y;Y;Y;N;N;Y
343427;6910;1086;2018;complete;2445;21;-1;3;16,25,48,74;1;4;5;0;1;1;2;5;3;4;1;0;3;8;5;7;8;15;17;22;38;62;4;4;5.6;4;1.45;0;0;0;0;0;0;0;0;0;0;0;0;0;0;0;0;0;0;0;0;0;0;0;0;0;0;0;0;0;0;0;0;0;0;0;0;0;0;0;0;0;0;0;0;0;0;0;0;0;0;0;0;0;0;0;0;0;0;0;0;0;0;0;0;0;5;1;2;0;2;2;3;2018-09-15 13:00:00;1086;0;40;7;26;0;1;1;0;0;0;1;0;1;2;3;2;1;5;3;1;0;0;0;0;1.05;1.93;2.98;0;1;0;1;0;0;1;1;1;0;0;0;0;0;-1;-1;-1;-1;-1;-1;-1;-1;-1;27;40;51;78;95;15;77;89;44;9.21;3.87;4.82;3.11;Valmiera / BSS;Jelgava;0.5;0.5;0.14;0.11;0.11;0.7;73;61;50;22;6;62;55;33;1.24;1.2;2.44;1171;28;Y;Y;Y;Y;Y;N;Y
343428;63;1090;2018;complete;2445;21;-1;85;;1;0;1;2;7;9;1;2;2;2;0;0;2;0;0;0;2;0;15;13;46;54;2;2;2.7;3.05;2.45;1.04;1.34;2.05;3.75;0;0;0;0;0;0;1.91;1.87;0;0;0;0;0;0;0;0;0;0;0;0;0;0;0;0;0;0;0;0;0;0;0;0;0;0;0;0;0;0;0;0;0;0;0;0;0;0;0;0;0;0;0;0;0;0;0;0;0;0;0;0;0;1;0;0;1;0;1;0;2018-09-15 15:00:00;63;0;46;21;36;0;1;1;1;2;1;5;3;6;1;1;1;1;2;2;-1;0;0;0;0;0;0;0;0;0;0;0;0;0;1;1;0;0;0;0;0;0;-1;-1;-1;-1;-1;-1;-1;-1;-1;30;42;46;80;100;26;71;90;66;10.31;5.22;3.36;3.54;Liepāja;Rīgas FS;1.64;2.21;1.78;2.27;1.68;2.26;70;59;54;20;0;71;61;37;1.89;1.49;3.38;1171;28;Y;N;N;N;N;N;N
343429;1088;963;2018;complete;2445;21;-1;;25,35;0;2;2;5;9;14;2;3;1;1;0;0;3;8;9;14;12;22;12;13;37;63;1;1;7.75;4.5;1.32;1.02;1.24;1.8;3.05;0;0;0;0;0;0;2.3;1.59;0;0;0;0;0;0;0;0;0;0;0;0;0;0;0;0;0;0;0;0;0;0;0;0;0;0;0;0;0;0;0;0;0;0;0;0;0;0;0;0;0;0;0;0;0;0;0;0;0;0;0;0;0;2;0;2;0;0;0;2;2018-09-15 17:00:00;963;0;52;20;21;0;1;1;1;5;4;4;6;8;0;0;1;1;0;2;1;0;0;0;0;1.5;2.77;4.27;0;0;0;0;0;0;1;1;0;0;0;0;0;0;-1;-1;-1;-1;-1;-1;-1;-1;-1;6;36;67;86;100;40;69;87;61;10.33;3.49;4.06;2.93;Metta - LU;Ventspils;0.57;2.29;0.73;2.11;0.65;2;95;65;34;15;0;60;50;40;1.28;1.8;3.08;1171;28;Y;Y;N;N;N;N;N
343430;6910;963;2018;complete;2445;22;-1;90;13,33,41,64,77,90;1;6;7;3;9;12;2;2;1;3;0;0;4;10;0;4;4;14;11;14;33;67;1;3;0;0;0;0;0;0;0;0;0;0;0;0;0;0;0;0;0;0;0;0;0;0;0;0;0;0;0;0;0;0;0;0;0;0;0;0;0;0;0;0;0;0;0;0;0;0;0;0;0;0;0;0;0;0;0;0;0;0;0;0;0;0;0;0;0;0;0;0;7;0;3;1;3;4;3;2018-09-23 13:00:00;963;0;62;23;28;0;1;1;2;4;1;5;6;6;1;1;0;2;2;2;1;0;0;0;0;0.92;2.23;3.15;0;1;0;1;0;0;1;1;0;0;0;1;0;0;-1;-1;-1;-1;-1;-1;-1;-1;-1;30;52;67;95;100;44;74;95;55;9.98;4.2;4.2;3.62;Valmiera / BSS;Ventspils;0.5;2.29;0.13;2.2;0.1;2.05;70;49;34;5;0;55;44;44;1.22;1.89;3.11;1171;28;Y;Y;Y;Y;Y;Y;Y
343431;1086;1087;2018;complete;2445;22;-1;;;0;0;0;2;11;13;1;2;3;3;0;0;3;5;2;8;5;13;13;6;40;60;3;3;4.2;3.6;1.69;0;0;0;0;0;0;0;0;0;0;0;0;0;0;0;0;0;0;0;0;0;0;0;0;0;0;0;0;0;0;0;0;0;0;0;0;0;0;0;0;0;0;0;0;0;0;0;0;0;0;0;0;0;0;0;0;0;0;0;0;0;0;0;0;0;0;0;0;0;0;0;0;2018-09-23 12:00:00;-1;0;39;28;16;0;1;1;1;2;1;9;3;10;1;0;2;3;1;5;1;0;0;0;0;0.9;1.85;2.75;0;0;0;0;0;0;1;1;0;0;0;0;0;0;-1;-1;-1;-1;-1;-1;-1;-1;-1;16;22;37;68;100;37;74;73;31;10.95;2.36;3.99;2.53;Jelgava;Spartaks Jūrmala;1;1.57;1.18;2;0.81;1.65;85;79;64;33;0;90;74;57;1.4;1.67;3.07;1171;28;N;N;N;N;N;N;N
343432;63;1089;2018;complete;2445;22;-1;;;0;0;0;1;8;9;2;2;5;1;0;0;4;2;3;12;7;14;22;20;47;53;5;1;3.2;3.45;1.91;0;0;0;0;0;0;0;0;0;0;0;0;0;0;0;0;0;0;0;0;0;0;0;0;0;0;0;0;0;0;0;0;0;0;0;0;0;0;0;0;0;0;0;0;0;0;0;0;0;0;0;0;0;0;0;0;0;0;0;0;0;0;0;0;0;0;0;0;0;0;0;0;2018-09-23 15:00:00;-1;0;34;15;25;0;1;1;1;6;0;2;7;2;2;0;3;1;2;4;1;0;0;0;0;1.04;1.4;2.44;0;0;0;0;0;0;1;1;0;0;0;2;0;0;-1;-1;-1;-1;-1;-1;-1;-1;-1;15;30;39;58;100;20;76;73;44;11.35;3.95;3.64;2.71;Liepāja;Riga;1.64;2.21;1.9;2.18;1.75;2.33;85;71;62;43;0;72;53;48;1.89;1.48;3.37;1171;28;N;N;N;N;N;N;N
343433;1090;1088;2018;complete;2445;22;-1;32,40,73;;3;0;3;4;2;6;3;0;3;1;0;0;9;4;11;6;20;10;15;17;62;38;3;1;1.2;5.65;9.5;1.01;1.15;1.53;2.3;0;11.5;4.5;2.25;1.5;1.19;2.05;1.71;0;0;0;0;0;0;0;0;0;0;0;0;0;0;0;0;0;0;0;0;0;0;0;0;0;0;0;0;0;0;0;0;0;0;0;0;0;0;0;0;0;0;0;0;0;0;0;0;0;0;0;0;0;3;2;0;1;0;1;2;2018-09-24 16:00:00;1090;0;47;6;24;0;1;1;1;0;3;2;1;5;1;1;2;0;2;2;1;0;0;0;0;2.72;1.32;4.04;0;0;0;0;0;0;1;1;0;0;0;0;0;0;-1;-1;-1;-1;-1;-1;-1;-1;-1;6;36;54;71;100;18;78;77;54;11;4.38;2.85;2.77;Rīgas FS;Metta - LU;1.71;0.79;2.25;0.56;2.15;0.62;95;65;47;29;0;83;66;54;1.82;1.16;2.98;1171;28;Y;Y;Y;N;N;N;N
343434;1088;1087;2018;complete;2445;23;-1;;65,70,90;0;3;3;5;5;10;0;3;3;1;0;0;3;7;9;11;12;18;13;13;47;53;3;1;5.45;4;1.48;1.01;1.18;1.61;2.5;0;10.75;4.15;2.15;1.43;1.16;1.77;2.05;0;0;0;0;0;0;0;0;0;0;0;0;0;0;0;0;0;0;0;0;0;0;0;0;0;0;0;0;0;0;0;0;0;0;0;0;0;0;0;0;0;0;0;0;0;0;0;0;0;0;0;0;0;3;0;0;0;3;3;0;2018-09-28 16:00:00;1087;0;39;25;10;0;1;1;2;2;3;3;4;6;2;1;1;0;3;1;1;0;0;0;0;1.55;2.35;3.9;0;1;0;1;0;0;1;1;0;0;1;2;0;0;-1;-1;-1;-1;-1;-1;-1;-1;-1;6;24;42;70;95;38;75;62;36;10.36;2.03;3.45;2.4;Metta - LU;Spartaks Jūrmala;0.57;1.57;0.67;1.89;0.59;1.62;95;77;59;31;6;78;68;49;1.3;1.69;2.99;1171;28;Y;Y;Y;N;N;N;N
343435;6910;63;2018;complete;2445;23;-1;;4,67,74;0;3;3;0;10;10;2;5;2;1;0;0;4;15;4;7;8;22;14;12;31;69;2;1;13.5;7.5;1.1;0;0;0;0;0;0;0;0;0;0;0;0;0;0;0;0;0;0;0;0;0;0;0;0;0;0;0;0;0;0;0;0;0;0;0;0;0;0;0;0;0;0;0;0;0;0;0;0;0;0;0;0;0;0;0;0;0;0;0;0;0;0;0;0;0;3;0;1;0;2;2;1;2018-09-29 10:00:00;63;0;54;21;32;0;1;1;0;4;0;6;4;6;1;1;1;0;2;1;1;0;0;0;0;1.14;3.18;4.32;0;1;0;1;0;0;1;1;0;1;0;1;0;0;-1;-1;-1;-1;-1;-1;-1;-1;-1;28;49;54;90;100;32;85;95;48;10.28;3.76;3.89;3.47;Valmiera / BSS;Liepāja;0.5;2;0.11;1.6;0.1;1.71;72;52;47;10;0;63;52;47;1.18;1.87;3.05;1171;28;Y;Y;Y;N;N;N;N
343436;963;1086;2018;complete;2445;23;-1;73,82;;2;0;2;2;3;5;-1;-1;2;3;0;0;4;2;6;2;10;4;-1;-1;48;52;2;3;1.34;4.25;7;1.04;1.32;2;3.6;0;7.75;2.95;1.67;1.22;1.06;2.45;1.51;0;0;0;0;0;0;0;0;0;0;0;0;0;0;0;0;0;0;0;0;0;0;0;0;0;0;0;0;0;0;0;0;0;0;0;0;0;0;0;0;0;0;0;0;0;0;0;0;0;0;0;0;0;2;0;0;2;0;2;0;2018-09-29 12:00:00;963;0;43;14;24;0;1;1;1;2;1;1;3;2;1;1;1;2;2;3;1;0;0;0;0;1.29;0.8;2.09;1;0;1;0;0;0;1;1;0;0;0;0;0;0;-1;-1;-1;-1;-1;-1;-1;-1;-1;15;29;43;62;91;19;67;72;43;10.22;4.06;5.47;2.39;Ventspils;Jelgava;2;0.5;1.91;0.4;2.09;0.82;86;72;57;38;10;71;67;28;1.77;1.27;3.04;1171;28;Y;Y;N;N;N;N;N
343437;1090;1089;2018;complete;2445;23;-1;11;74,83;1;2;3;1;5;6;2;2;2;1;0;0;2;6;4;3;6;9;15;14;39;61;2;1;2.6;3;2.5;1.06;1.43;2.35;4.4;0;6.6;2.55;1.5;1.16;1.03;2.1;1.71;0;0;0;0;0;0;0;0;0;0;0;0;0;0;0;0;0;0;0;0;0;0;0;0;0;0;0;0;0;0;0;0;0;0;0;0;0;0;0;0;0;0;0;0;0;0;0;0;0;0;0;0;0;3;1;0;0;2;2;1;2018-09-29 16:30:00;1089;0;25;0;15;0;1;1;0;2;1;3;2;4;2;0;0;1;2;1;1;0;0;0;0;1.01;1.67;2.68;0;0;0;0;0;0;1;1;0;0;0;0;0;0;-1;-1;-1;-1;-1;-1;-1;-1;-1;0;21;46;60;96;15;82;64;41;12.42;3.11;3.36;2.23;Rīgas FS;Riga;1.71;2.21;2.33;2.08;2.19;2.27;100;80;54;40;4;73;55;49;1.92;1.48;3.4;1171;28;Y;Y;Y;N;N;N;Y
343438;1090;63;2018;complete;2445;14;-1;;49;0;1;1;4;1;5;2;0;2;4;0;0;5;6;5;3;10;9;23;17;56;44;2;4;2.25;3.1;2.9;1.03;1.29;1.95;3.35;0;8.25;3.15;1.74;1.26;1.07;1.83;1.95;0;0;0;0;0;0;0;0;0;0;0;0;0;0;0;0;0;0;0;0;0;0;0;0;0;0;0;0;0;0;0;0;0;0;0;0;0;0;0;0;0;0;0;0;0;0;0;0;0;0;0;0;0;1;0;0;0;1;1;0;2018-10-03 16:00:00;63;0;38;9;24;0;1;1;1;0;3;1;1;4;1;2;1;2;3;3;1;0;0;0;0;1.75;1.56;3.3;0;0;0;0;0;0;1;1;0;0;0;0;0;0;-1;-1;-1;-1;-1;-1;-1;-1;-1;0;29;58;81;100;19;86;86;53;12.92;4.85;3.71;2.68;Rīgas FS;Liepāja;1.71;2;2.1;1.73;2.09;1.77;100;72;43;19;0;72;62;48;1.83;1.99;3.82;1171;28;Y;N;N;N;N;N;N
343439;1087;6910;2018;complete;2445;24;-1;11,48,50,78;;4;0;4;11;2;13;7;3;1;1;0;0;15;3;11;6;26;9;9;10;61;39;1;1;0;0;0;0;0;0;0;0;0;0;0;0;0;0;0;0;0;0;0;0;0;0;0;0;0;0;0;0;0;0;0;0;0;0;0;0;0;0;0;0;0;0;0;0;0;0;0;0;0;0;0;0;0;0;0;0;0;0;0;0;0;0;0;0;0;0;0;0;4;1;0;3;0;3;1;2018-10-07 12:00:00;1087;0;63;29;46;0;1;1;7;1;4;1;8;5;0;0;1;1;0;2;1;0;0;0;0;3.06;0.96;4.02;0;0;0;0;0;0;1;1;0;0;0;0;0;0;-1;-1;-1;-1;-1;-1;-1;-1;-1;30;59;88;92;100;50;75;100;67;8.92;5.58;4.34;4;Spartaks Jūrmala;Valmiera / BSS;1.43;0.07;1.42;0.08;1.61;0.22;71;42;13;9;0;75;59;38;1.63;1.21;2.84;1171;28;Y;Y;Y;Y;N;N;N
343440;1086;1090;2018;complete;2445;24;-1;;2,26,30,82;0;4;4;3;10;13;0;2;2;2;1;0;3;9;1;4;4;13;18;19;41;59;3;2;4.45;3.55;1.67;0;0;0;0;0;0;0;0;0;0;0;0;0;0;0;0;0;0;0;0;0;0;0;0;0;0;0;0;0;0;0;0;0;0;0;0;0;0;0;0;0;0;0;0;0;0;0;0;0;0;0;0;0;0;0;0;0;0;0;0;0;0;0;0;0;4;0;3;0;1;1;3;2018-10-07 10:00:00;1090;0;29;13;21;0;1;1;3;3;0;7;6;7;1;0;2;2;1;4;1;0;0;0;0;0.79;2.03;2.81;0;1;0;1;0;0;1;1;0;1;0;1;0;0;-1;-1;-1;-1;-1;-1;-1;-1;-1;21;21;33;71;96;25;63;84;46;9.83;2.91;3.84;2.67;Jelgava;Rīgas FS;1;2.21;1.17;2.08;0.78;2;79;79;67;29;4;80;63;42;1.36;1.49;2.85;1171;28;Y;Y;Y;Y;N;N;N
343441;1089;1088;2018;complete;2445;24;-1;61,67;30;2;1;3;5;1;6;3;0;3;5;0;1;5;5;10;2;15;7;19;26;64;36;3;6;1.17;6.25;10.5;0;0;0;0;0;0;0;0;0;0;0;0;0;0;0;0;0;0;0;0;0;0;0;0;0;0;0;0;0;0;0;0;0;0;0;0;0;0;0;0;0;0;0;0;0;0;0;0;0;0;0;0;0;0;0;0;0;0;0;0;0;0;0;0;0;3;0;1;2;0;2;1;2018-10-06 12:00:00;1089;0;40;5;20;0;1;1;1;1;4;0;2;4;2;1;1;5;3;6;1;0;0;0;0;2.07;1.24;3.31;1;0;1;0;0;0;1;1;0;0;0;0;0;1;-1;-1;-1;-1;-1;-1;-1;-1;-1;10;25;45;55;100;20;60;80;40;8.9;3.1;2.8;2.55;Riga;Metta - LU;2.36;0.79;2.5;0.5;2.3;0.57;90;75;55;45;0;65;50;35;1.71;1.18;2.89;1171;28;Y;Y;Y;N;N;N;Y
343442;63;963;2018;complete;2445;24;-1;;32;0;1;1;4;1;5;2;1;4;4;0;1;2;3;3;4;5;7;19;21;57;43;4;5;0;0;0;0;0;0;0;0;0;0;0;0;0;0;0;0;0;0;0;0;0;0;0;0;0;0;0;0;0;0;0;0;0;0;0;0;0;0;0;0;0;0;0;0;0;0;0;0;0;0;0;0;0;0;0;0;0;0;0;0;0;0;0;0;0;0;0;0;1;0;1;0;0;0;1;2018-10-07 14:00:00;963;0;55;23;36;0;1;1;1;0;3;1;1;4;1;1;3;4;2;7;1;0;0;0;0;1.02;1.07;2.09;0;0;0;0;0;0;1;1;0;0;0;0;0;0;-1;-1;-1;-1;-1;-1;-1;-1;-1;23;45;59;78;96;41;64;87;60;11.72;5.91;4.54;3.36;Liepāja;Ventspils;1.64;2.29;1.82;2.27;1.83;2.13;78;55;41;23;5;73;55;50;1.81;1.93;3.74;1171;28;Y;N;N;N;N;N;N
343443;1090;6910;2018;complete;2445;25;-1;42,46,65;;3;0;3;15;1;16;7;0;2;0;0;0;11;7;8;0;19;7;13;7;65;35;2;0;1.09;8.25;13;0;0;0;0;0;0;0;0;0;0;0;0;0;0;0;0;0;0;0;0;0;0;0;0;0;0;0;0;0;0;0;0;0;0;0;0;0;0;0;0;0;0;0;0;0;0;0;0;0;0;0;0;0;0;0;0;0;0;0;0;0;0;0;0;0;3;1;0;2;0;2;1;2018-10-19 16:00:00;1090;0;49;16;32;0;1;1;7;1;8;0;8;8;1;0;1;0;1;1;1;0;0;0;0;2.89;1.4;4.29;0;0;0;0;0;0;1;1;0;0;1;0;0;0;-1;-1;-1;-1;-1;-1;-1;-1;-1;19;52;82;87;100;40;84;91;66;9.53;4.51;4.13;3.63;Rīgas FS;Valmiera / BSS;1.71;0.07;1.91;0.08;2.04;0.21;81;48;18;14;0;78;66;54;1.82;1.19;3.01;1171;28;Y;Y;Y;N;N;N;N
343444;1086;1089;2018;complete;2445;25;-1;;17,51,68;0;3;3;4;8;12;2;1;2;0;0;0;2;8;4;8;6;16;22;7;41;59;2;0;5.35;3.7;1.53;1.06;1.42;2.3;4.3;0;0;0;0;0;0;2.4;1.54;0;0;0;0;0;0;0;0;0;0;0;0;0;0;0;0;0;0;0;0;0;0;0;0;0;0;0;0;0;0;0;0;0;0;0;0;0;0;0;0;0;0;0;0;0;0;0;0;0;0;0;0;0;3;0;1;0;2;2;1;2018-08-18 15:00:00;1089;0;23;11;11;0;1;1;0;5;4;3;5;7;2;0;0;0;2;0;1;0;0;0;0;0.7;1.83;2.53;0;1;0;1;0;0;1;1;0;0;0;0;0;0;-1;-1;-1;-1;-1;-1;-1;-1;-1;11;11;23;53;100;29;71;64;23;11.71;1.83;4.32;2.03;Jelgava;Riga;1;2.21;1.44;1.88;0.82;2.13;89;89;78;48;0;76;58;53;1.49;1.48;2.97;1171;28;Y;Y;Y;N;N;N;N
343445;963;1087;2018;complete;2445;25;-1;11;89;1;1;2;10;6;16;1;0;3;4;0;1;12;8;5;5;17;13;21;21;55;45;3;5;1.87;3.25;3.65;1.03;1.28;1.91;3.3;0;8.25;3.2;1.74;1.26;1.08;1.87;1.91;0;0;0;0;0;0;0;0;0;0;0;0;0;0;0;0;0;0;0;0;0;0;0;0;0;0;0;0;0;0;0;0;0;0;0;0;0;0;0;0;0;0;0;0;0;0;0;0;0;0;0;0;0;2;1;0;0;1;1;1;2018-10-20 12:00:00;-1;0;48;27;17;0;1;1;7;4;3;2;11;5;0;0;3;5;0;8;1;0;0;0;0;2.13;1.53;3.66;0;0;0;0;0;0;1;1;0;0;1;0;0;0;-1;-1;-1;-1;-1;-1;-1;-1;-1;9;22;39;66;92;31;61;66;35;11.95;2.26;3.98;2.31;Ventspils;Spartaks Jūrmala;2;1.57;2;1.82;2.17;1.67;92;79;61;35;9;83;75;44;1.73;1.92;3.65;1171;28;Y;Y;N;N;N;N;Y
343446;63;1088;2018;complete;2445;25;-1;;88;0;1;1;8;4;12;3;0;2;1;0;0;5;2;5;2;10;4;16;23;59;41;2;1;1.19;5.45;12;1.01;1.17;1.57;2.45;0;11;4.25;2.15;1.45;1.16;2.35;1.56;0;0;0;0;0;0;0;0;0;0;0;0;0;0;0;0;0;0;0;0;0;0;0;0;0;0;0;0;0;0;0;0;0;0;0;0;0;0;0;0;0;0;0;0;0;0;0;0;0;0;0;0;0;1;0;0;0;1;1;0;2018-10-20 14:00:00;1088;0;49;17;26;0;1;1;5;3;3;1;8;4;1;0;1;1;1;2;1;0;0;0;0;1.66;0.78;2.44;0;0;0;0;0;0;1;1;0;0;1;0;0;0;-1;-1;-1;-1;-1;-1;-1;-1;-1;17;35;49;66;96;26;70;79;48;8.8;4.81;4.06;2.95;Liepāja;Metta - LU;1.64;0.79;1.67;0.45;1.75;0.54;83;66;52;35;4;70;48;39;1.74;1.18;2.92;1171;28;Y;N;N;N;N;N;N
343447;1087;1090;2018;complete;2445;26;-1;;79,85,89,90;0;4;4;3;7;10;4;5;3;1;0;0;4;6;4;5;8;11;17;11;45;55;3;1;2.7;3.15;2.35;1.03;1.29;1.95;3.35;0;8.25;3.15;1.74;1.26;1.07;1.8;1.95;0;0;0;0;0;0;0;0;0;0;0;0;0;0;0;0;0;0;0;0;0;0;0;0;0;0;0;0;0;0;0;0;0;0;0;0;0;0;0;0;0;0;0;0;0;0;0;0;0;0;0;0;0;4;0;0;0;4;4;0;2018-10-28 11:00:00;1090;0;43;16;31;0;1;1;3;5;0;2;8;2;1;0;2;1;1;3;1;0;0;0;0;1.07;1.6;2.67;0;1;0;1;0;0;1;1;0;0;0;1;0;0;-1;-1;-1;-1;-1;-1;-1;-1;-1;19;39;58;81;100;27;66;96;58;10.39;5.39;3.31;3.23;Spartaks Jūrmala;Rīgas FS;1.43;2.21;1.54;2.15;1.64;2.08;81;62;43;19;0;66;50;23;1.74;1.53;3.27;1171;28;Y;Y;Y;Y;N;N;N
343448;1086;63;2018;complete;2445;26;-1;;3,16;0;2;2;3;4;7;2;9;2;1;0;0;6;5;1;0;7;5;15;16;54;46;2;1;4.1;3.4;1.74;1.05;1.36;2.15;3.95;0;7.25;2.75;1.59;1.19;1.05;2.1;1.69;0;0;0;0;0;0;0;0;0;0;0;0;0;0;0;0;0;0;0;0;0;0;0;0;0;0;0;0;0;0;0;0;0;0;0;0;0;0;0;0;0;0;0;0;0;0;0;0;0;0;0;0;0;2;0;2;0;0;0;2;2018-10-28 11:00:00;63;0;28;16;20;0;1;1;1;3;2;1;4;3;0;0;2;1;0;3;1;0;0;0;0;1.6;1.44;3.05;0;0;0;0;0;0;1;1;0;1;1;1;0;0;-1;-1;-1;-1;-1;-1;-1;-1;-1;8;24;40;72;96;28;72;85;37;11.64;3.48;4.54;2.44;Jelgava;Liepāja;1;2;1.08;1.83;0.72;1.68;93;76;60;28;4;80;68;56;1.32;1.96;3.28;1171;28;Y;Y;N;N;N;N;N
343449;6910;1088;2018;complete;2445;26;-1;;63,81;0;2;2;4;7;11;4;4;0;0;0;0;3;4;11;8;14;12;18;16;47;53;0;0;5;3.65;1.57;1.01;1.15;1.53;2.3;0;11.5;4.5;2.25;1.5;1.19;1.62;2.2;0;0;0;0;0;0;0;0;0;0;0;0;0;0;0;0;0;0;0;0;0;0;0;0;0;0;0;0;0;0;0;0;0;0;0;0;0;0;0;0;0;0;0;0;0;0;0;0;0;0;0;0;0;2;0;0;0;2;2;0;2018-10-28 13:00:00;1088;0;57;18;22;0;1;-1;1;1;3;6;2;9;0;0;0;0;0;0;1;0;0;0;0;1.68;1.54;3.21;0;0;0;0;0;0;1;1;0;0;0;0;-1;-1;-1;-1;-1;-1;-1;-1;-1;-1;-1;27;40;62;84;100;35;79;92;49;6.76;2.86;3.4;3.43;Valmiera / BSS;Metta - LU;0.5;0.79;0.36;0.67;0.2;0.64;74;60;39;17;0;66;53;44;1.2;1.15;2.35;1171;28;Y;Y;N;N;N;N;N
343450;1089;963;2018;complete;2445;26;-1;;;0;0;0;6;3;9;1;3;3;4;0;0;9;5;10;5;19;10;24;23;43;57;3;4;2.1;3.15;3.2;1.07;1.44;2.4;4.55;0;6.4;2.45;1.48;1.14;1.02;2.15;1.67;0;0;0;0;0;0;0;0;0;0;0;0;0;0;0;0;0;0;0;0;0;0;0;0;0;0;0;0;0;0;0;0;0;0;0;0;0;0;0;0;0;0;0;0;0;0;0;0;0;0;0;0;0;0;0;0;0;0;0;0;2018-10-28 16:00:00;-1;0;46;9;25;0;1;1;3;1;3;2;4;5;2;1;1;3;3;4;1;0;0;0;0;2.56;1.55;4.11;0;0;0;0;0;0;1;1;0;0;0;0;0;0;-1;-1;-1;-1;-1;-1;-1;-1;-1;13;30;55;67;100;29;59;83;54;10.92;3.83;4.17;2.79;Riga;Ventspils;2.36;2.29;2.58;2.33;2.36;2.12;88;71;46;34;0;54;46;38;1.73;1.85;3.58;1171;28;N;N;N;N;N;N;N
343451;1090;963;2018;complete;2445;27;-1;50;29,34;1;2;3;9;4;13;3;3;6;5;0;1;6;7;9;5;15;12;18;17;56;44;6;6;2;3.15;3.3;1.03;1.29;1.95;3.4;0;8;3.1;1.71;1.25;1.07;1.83;1.91;0;0;0;0;0;0;0;0;0;0;0;0;0;0;0;0;0;0;0;0;0;0;0;0;0;0;0;0;0;0;0;0;0;0;0;0;0;0;0;0;0;0;0;0;0;0;0;0;0;0;0;0;0;3;0;2;1;0;1;2;2018-11-04 12:00:00;963;0;44;8;24;0;1;1;4;3;5;1;7;6;1;0;5;6;1;11;1;0;0;0;0;1.96;1.61;3.58;0;0;0;0;0;0;1;1;0;0;0;1;0;0;-1;-1;-1;-1;-1;-1;-1;-1;-1;8;32;65;76;96;32;73;80;56;12.36;5.29;4.45;2.84;Rīgas FS;Ventspils;1.71;2.29;2;2.23;2.12;2.08;93;69;36;24;4;65;52;48;1.91;1.83;3.74;1171;28;Y;Y;Y;N;N;N;Y
343452;63;1087;2018;complete;2445;27;-1;23;;1;0;1;4;1;5;6;3;2;3;0;1;2;3;1;6;3;9;17;20;51;49;2;4;2;3.2;3.35;1.04;1.34;2.05;3.75;0;7.5;2.85;1.62;1.21;1.05;1.95;1.83;0;0;0;0;0;0;0;0;0;0;0;0;0;0;0;0;0;0;0;0;0;0;0;0;0;0;0;0;0;0;0;0;0;0;0;0;0;0;0;0;0;0;0;0;0;0;0;0;0;0;0;0;0;1;1;0;0;0;0;1;2018-11-04 12:00:00;63;0;44;28;20;0;1;1;2;0;2;1;2;3;0;0;2;4;0;6;1;0;0;0;0;0.76;1.3;2.06;0;0;0;0;0;0;1;1;0;0;1;0;0;0;-1;-1;-1;-1;-1;-1;-1;-1;-1;16;28;40;61;92;28;65;72;36;11.88;4.15;4.38;2.63;Liepāja;Spartaks Jūrmala;1.64;1.57;1.54;1.75;1.73;1.58;85;73;60;40;8;85;69;52;1.73;1.89;3.62;1171;28;Y;N;N;N;N;N;N
343453;6910;1089;2018;complete;2445;27;-1;;24,43;0;2;2;2;2;4;1;5;2;1;0;0;3;8;4;10;7;18;18;16;35;65;2;1;13.75;8.25;1.09;1;1.07;1.29;1.77;0;15;6.45;3.1;1.87;1.37;2.45;1.5;0;0;0;0;0;0;0;0;0;0;0;0;0;0;0;0;0;0;0;0;0;0;0;0;0;0;0;0;0;0;0;0;0;0;0;0;0;0;0;0;0;0;0;0;0;0;0;0;0;0;0;0;0;2;0;2;0;0;0;2;2018-11-04 12:00:00;1089;0;41;13;17;0;1;1;2;1;0;1;3;1;2;1;0;0;3;0;1;0;0;0;0;0.76;2.01;2.76;0;1;0;1;0;0;1;1;0;0;0;0;0;0;-1;-1;-1;-1;-1;-1;-1;-1;-1;21;29;49;73;96;25;80;77;45;8.94;2.35;3.21;2.89;Valmiera / BSS;Riga;0.5;2.21;0.33;2.15;0.19;2.31;79;71;51;27;4;65;48;44;1.24;1.49;2.73;1171;28;Y;Y;N;N;N;N;N
343454;1088;1086;2018;complete;2445;27;-1;71;17,82;1;2;3;1;5;6;1;1;3;2;0;0;3;5;3;6;6;11;19;11;60;40;3;2;2.9;2.95;2.35;1.08;1.48;2.5;4.8;0;6.15;2.35;1.43;1.13;1.02;2.2;1.65;0;0;0;0;0;0;0;0;0;0;0;0;0;0;0;0;0;0;0;0;0;0;0;0;0;0;0;0;0;0;0;0;0;0;0;0;0;0;0;0;0;0;0;0;0;0;0;0;0;0;0;0;0;3;0;1;1;1;2;1;2018-11-04 12:00:00;1086;0;28;12;13;0;1;1;0;4;1;1;4;2;1;0;2;2;1;4;1;0;0;0;0;1.29;1.62;2.91;0;0;0;0;0;0;1;1;0;0;0;1;0;0;-1;-1;-1;-1;-1;-1;-1;-1;-1;9;24;48;76;96;23;68;76;56;8.79;3.18;5.02;2.52;Metta - LU;Jelgava;0.57;0.5;0.62;0.33;0.73;0.69;92;76;52;24;4;60;56;28;1.32;1.18;2.5;1171;28;Y;Y;Y;N;N;N;Y
343455;1086;6910;2018;complete;2445;28;-1;33,75,90;42,73;3;2;5;8;5;13;2;3;2;3;2;1;5;7;7;5;12;12;17;15;51;49;5;5;1.13;6.5;15;1;1.13;1.49;2.25;0;0;0;0;0;0;2.4;1.56;0;0;0;0;0;0;0;0;0;0;0;0;0;0;0;0;0;0;0;0;0;0;0;0;0;0;0;0;0;0;0;0;0;0;0;0;0;0;0;0;0;0;0;0;0;0;0;0;0;0;0;0;0;5;1;1;2;1;3;2;2018-07-15 10:00:00;1086;0;43;7;36;0;1;1;2;5;6;0;7;6;1;2;3;2;3;5;1;0;0;0;0;1.54;1.63;3.17;0;0;0;0;0;0;1;1;0;0;0;2;0;1;-1;-1;-1;-1;-1;-1;-1;-1;-1;22;50;57;79;100;43;72;86;58;9.57;3.15;3.72;3.36;Jelgava;Valmiera / BSS;1;0.07;1.43;0.14;0.85;0.15;79;50;43;22;0;93;71;64;1.5;1.12;2.62;1171;28;Y;Y;Y;Y;Y;N;Y
343456;1089;1087;2018;complete;2445;28;-1;28,55,64,76;17,50,62,88;4;4;8;3;3;6;3;3;4;5;0;0;8;6;4;6;12;12;22;18;58;42;4;5;1.74;3.3;4.25;1.04;1.33;2.05;3.7;0;7.5;2.9;1.65;1.21;1.05;2.05;1.77;0;0;0;0;0;0;0;0;0;0;0;0;0;0;0;0;0;0;0;0;0;0;0;0;0;0;0;0;0;0;0;0;0;0;0;0;0;0;0;0;0;0;0;0;0;0;0;0;0;0;0;0;0;8;1;1;3;3;6;2;2018-11-10 12:00:00;-1;0;39;16;12;0;1;1;1;1;2;2;2;4;0;3;4;2;3;6;1;0;0;0;0;1.51;1.32;2.83;1;0;1;0;0;0;1;1;0;0;0;0;0;0;-1;-1;-1;-1;-1;-1;-1;-1;-1;8;15;38;54;92;20;58;70;35;11.08;2.46;3.92;2.19;Riga;Spartaks Jūrmala;2.36;1.57;2.46;1.62;2.33;1.52;92;85;62;46;8;70;58;39;1.8;1.84;3.64;1171;28;Y;Y;Y;Y;Y;Y;Y
343457;1090;63;2018;complete;2445;28;-1;;70;0;1;1;5;2;7;3;2;2;6;0;1;3;8;7;9;10;17;19;17;49;51;2;7;1.91;3.25;3.65;1.02;1.25;1.83;3.1;0;8.75;3.4;1.83;1.3;1.09;1.77;2;0;0;0;0;0;0;0;0;0;0;0;0;0;0;0;0;0;0;0;0;0;0;0;0;0;0;0;0;0;0;0;0;0;0;0;0;0;0;0;0;0;0;0;0;0;0;0;0;0;0;0;0;0;1;0;0;0;1;1;0;2018-11-10 12:00:00;63;0;35;8;19;0;1;1;0;1;5;1;1;6;0;2;2;5;2;7;1;0;0;0;0;1.1;1.84;2.94;0;0;0;0;0;0;1;1;0;0;0;1;0;0;-1;-1;-1;-1;-1;-1;-1;-1;-1;0;23;54;77;100;23;81;85;46;13;5.54;4.15;2.54;Rīgas FS;Liepāja;1.71;2;1.85;1.92;2.04;1.78;100;77;47;23;0;66;58;46;1.92;1.92;3.84;1171;28;Y;N;N;N;N;N;N
343458;963;1088;2018;complete;2445;28;-1;13,21,26,89;20;4;1;5;6;1;7;2;3;1;1;0;0;9;3;5;0;14;3;14;14;63;37;1;1;1.27;4.8;8.75;1.01;1.16;1.54;2.35;0;11.25;4.4;2.25;1.49;1.18;1.8;1.95;0;0;0;0;0;0;0;0;0;0;0;0;0;0;0;0;0;0;0;0;0;0;0;0;0;0;0;0;0;0;0;0;0;0;0;0;0;0;0;0;0;0;0;0;0;0;0;0;0;0;0;0;0;5;3;1;1;0;1;4;2018-11-10 12:00:00;963;0;50;12;19;0;1;1;1;0;5;1;1;6;0;0;1;1;0;2;1;0;0;0;0;2.13;0.62;2.75;0;1;0;1;0;0;1;1;0;0;1;0;0;0;-1;-1;-1;-1;-1;-1;-1;-1;-1;8;23;39;69;96;23;62;77;42;9.7;2.84;3.77;2.43;Ventspils;Metta - LU;2;0.79;1.92;0.85;2.11;0.7;92;77;62;31;4;73;62;42;1.76;1.18;2.94;1171;28;Y;Y;Y;Y;Y;N;Y
