ID;HOMEID;AWAYID;SEASON;STATUS;ROUNDID;GAME_WEEK;REVISED_GAME_WEEK;HOMEGOALS;AWAYGOALS;HOMEGOALCOUNT;AWAYGOALCOUNT;TOTALGOALCOUNT;TEAM_A_CORNERS;TEAM_B_CORNERS;TOTALCORNERCOUNT;TEAM_A_OFFSIDES;TEAM_B_OFFSIDES;TEAM_A_YELLOW_CARDS;TEAM_B_YELLOW_CARDS;TEAM_A_RED_CARDS;TEAM_B_RED_CARDS;TEAM_A_SHOTSONTARGET;TEAM_B_SHOTSONTARGET;TEAM_A_SHOTSOFFTARGET;TEAM_B_SHOTSOFFTARGET;TEAM_A_SHOTS;TEAM_B_SHOTS;TEAM_A_FOULS;TEAM_B_FOULS;TEAM_A_POSSESSION;TEAM_B_POSSESSION;TEAM_A_CARDS_NUM;TEAM_B_CARDS_NUM;ODDS_FT_1;ODDS_FT_X;ODDS_FT_2;ODDS_FT_OVER05;ODDS_FT_OVER15;ODDS_FT_OVER25;ODDS_FT_OVER35;ODDS_FT_OVER45;ODDS_FT_UNDER05;ODDS_FT_UNDER15;ODDS_FT_UNDER25;ODDS_FT_UNDER35;ODDS_FT_UNDER45;ODDS_BTTS_YES;ODDS_BTTS_NO;ODDS_TEAM_A_CS_YES;ODDS_TEAM_A_CS_NO;ODDS_TEAM_B_CS_YES;ODDS_TEAM_B_CS_NO;ODDS_DOUBLECHANCE_1X;ODDS_DOUBLECHANCE_12;ODDS_DOUBLECHANCE_X2;ODDS_1ST_HALF_RESULT_1;ODDS_1ST_HALF_RESULT_X;ODDS_1ST_HALF_RESULT_2;ODDS_2ND_HALF_RESULT_1;ODDS_2ND_HALF_RESULT_X;ODDS_2ND_HALF_RESULT_2;ODDS_DNB_1;ODDS_DNB_2;ODDS_CORNERS_OVER_75;ODDS_CORNERS_OVER_85;ODDS_CORNERS_OVER_95;ODDS_CORNERS_OVER_105;ODDS_CORNERS_OVER_115;ODDS_CORNERS_UNDER_75;ODDS_CORNERS_UNDER_85;ODDS_CORNERS_UNDER_95;ODDS_CORNERS_UNDER_105;ODDS_CORNERS_UNDER_115;ODDS_CORNERS_1;ODDS_CORNERS_X;ODDS_CORNERS_2;ODDS_TEAM_TO_SCORE_FIRST_1;ODDS_TEAM_TO_SCORE_FIRST_X;ODDS_TEAM_TO_SCORE_FIRST_2;ODDS_WIN_TO_NIL_1;ODDS_WIN_TO_NIL_2;ODDS_1ST_HALF_OVER05;ODDS_1ST_HALF_OVER15;ODDS_1ST_HALF_OVER25;ODDS_1ST_HALF_OVER35;ODDS_1ST_HALF_UNDER05;ODDS_1ST_HALF_UNDER15;ODDS_1ST_HALF_UNDER25;ODDS_1ST_HALF_UNDER35;ODDS_2ND_HALF_OVER05;ODDS_2ND_HALF_OVER15;ODDS_2ND_HALF_OVER25;ODDS_2ND_HALF_OVER35;ODDS_2ND_HALF_UNDER05;ODDS_2ND_HALF_UNDER15;ODDS_2ND_HALF_UNDER25;ODDS_2ND_HALF_UNDER35;ODDS_BTTS_1ST_HALF_YES;ODDS_BTTS_1ST_HALF_NO;ODDS_BTTS_2ND_HALF_YES;ODDS_BTTS_2ND_HALF_NO;OVERALLGOALCOUNT;HT_GOALS_TEAM_A;HT_GOALS_TEAM_B;GOALS_2HG_TEAM_A;GOALS_2HG_TEAM_B;GOALCOUNT_2HG;HTGOALCOUNT;DATE_UNIX;WINNINGTEAM;NO_HOME_AWAY;BTTS_POTENTIAL;BTTS_FHG_POTENTIAL;BTTS_2HG_POTENTIAL;GOALTIMINGDISABLED;CORNER_TIMINGS_RECORDED;CARD_TIMINGS_RECORDED;TEAM_A_FH_CORNERS;TEAM_B_FH_CORNERS;TEAM_A_2H_CORNERS;TEAM_B_2H_CORNERS;CORNER_FH_COUNT;CORNER_2H_COUNT;TEAM_A_FH_CARDS;TEAM_B_FH_CARDS;TEAM_A_2H_CARDS;TEAM_B_2H_CARDS;TOTAL_FH_CARDS;TOTAL_2H_CARDS;ATTACKS_RECORDED;TEAM_A_DANGEROUS_ATTACKS;TEAM_B_DANGEROUS_ATTACKS;TEAM_A_ATTACKS;TEAM_B_ATTACKS;TEAM_A_XG;TEAM_B_XG;TOTAL_XG;TEAM_A_PENALTIES_WON;TEAM_B_PENALTIES_WON;TEAM_A_PENALTY_GOALS;TEAM_B_PENALTY_GOALS;TEAM_A_PENALTY_MISSED;TEAM_B_PENALTY_MISSED;PENS_RECORDED;GOAL_TIMINGS_RECORDED;TEAM_A_0_10_MIN_GOALS;TEAM_B_0_10_MIN_GOALS;TEAM_A_CORNERS_0_10_MIN;TEAM_B_CORNERS_0_10_MIN;TEAM_A_CARDS_0_10_MIN;TEAM_B_CARDS_0_10_MIN;THROWINS_RECORDED;TEAM_A_THROWINS;TEAM_B_THROWINS;FREEKICKS_RECORDED;TEAM_A_FREEKICKS;TEAM_B_FREEKICKS;GOALKICKS_RECORDED;TEAM_A_GOALKICKS;TEAM_B_GOALKICKS;O45_POTENTIAL;O35_POTENTIAL;O25_POTENTIAL;O15_POTENTIAL;O05_POTENTIAL;O15HT_POTENTIAL;O05HT_POTENTIAL;O05_2H_POTENTIAL;O15_2H_POTENTIAL;CORNERS_POTENTIAL;OFFSIDES_POTENTIAL;CARDS_POTENTIAL;AVG_POTENTIAL;HOME_NAME;AWAY_NAME;HOME_PPG;AWAY_PPG;PRE_MATCH_HOME_PPG;PRE_MATCH_AWAY_PPG;PRE_MATCH_TEAMA_OVERALL_PPG;PRE_MATCH_TEAMB_OVERALL_PPG;U45_POTENTIAL;U35_POTENTIAL;U25_POTENTIAL;U15_POTENTIAL;U05_POTENTIAL;CORNERS_O85_POTENTIAL;CORNERS_O95_POTENTIAL;CORNERS_O105_POTENTIAL;TEAM_A_XG_PREMATCH;TEAM_B_XG_PREMATCH;TOTAL_XG_PREMATCH;COMPETITION_ID;MATCHES_COMPLETED_MINIMUM;OVER05;OVER15;OVER25;OVER35;OVER45;OVER55;BTTS
551134;1086;1089;2019;complete;4402;1;-1;;7;0;1;1;3;4;7;-1;-1;2;1;0;0;2;6;4;3;6;9;-1;-1;50;50;2;1;5.1;4.1;1.59;1.02;1.21;1.8;2.94;5.8;13;4;2;1.34;1.12;1.8;2.01;5;1.14;2.37;1.53;2.27;1.21;1.15;5.3;2.34;2.07;5.05;2.67;1.9;0;0;0;0;0;0;0;0;0;0;0;0;0;0;0;2.86;13.5;1.48;9;2.75;0;0;0;0;0;0;0;0;1.33;2.62;6.5;19;3.25;1.44;1.11;1.02;0;0;0;0;1;0;1;0;0;0;1;2019-03-09 11:00:00;1089;0;0;0;0;0;1;1;1;3;2;1;4;3;2;0;0;1;2;1;1;95;83;112;101;1.21;1.59;2.8;0;0;0;0;0;0;1;1;0;1;0;3;0;0;-1;-1;-1;-1;-1;-1;-1;-1;-1;0;0;0;0;0;0;0;0;0;0;0;0;0;Jelgava;Riga;1.13;2;0;0;0;0;0;0;0;0;0;0;0;0;0;0;0;1930;32;Y;N;N;N;N;N;N
551135;1091;1088;2019;complete;4402;1;-1;86;;1;0;1;7;6;13;-1;-1;3;2;1;0;3;3;4;10;7;13;-1;-1;50;50;5;2;0;0;0;0;0;0;0;0;0;0;0;0;0;0;0;0;0;0;0;0;0;0;0;0;0;0;0;0;0;0;0;0;0;0;0;0;0;0;0;0;0;0;0;0;0;0;0;0;0;0;0;0;0;0;0;0;0;0;0;0;0;0;0;0;0;0;0;0;1;0;0;1;0;1;0;2019-03-09 13:00:00;1091;0;0;0;0;0;1;1;4;2;3;4;6;7;1;1;3;1;2;4;1;68;66;106;102;1.15;1.51;2.66;0;0;0;0;0;0;1;1;0;0;1;0;0;0;-1;-1;-1;-1;-1;-1;-1;-1;-1;0;0;0;0;0;0;0;0;0;0;0;0;0;BFC Daugavpils;Metta - LU;1.19;0.63;0;0;0;0;0;0;0;0;0;0;0;0;0;0;0;1930;32;Y;N;N;N;N;N;N
551136;963;1087;2019;complete;4402;1;-1;26,58;86;2;1;3;3;5;8;-1;-1;5;4;0;0;6;5;5;5;11;10;-1;-1;50;50;5;4;1.59;4.2;4.95;1.02;1.25;1.87;3.2;5.5;11;3.75;1.93;1.29;1.12;1.87;1.93;2.2;1.61;5;1.14;1.15;1.21;2.27;2.08;2.33;5.3;1.9;2.67;5.05;0;0;0;0;0;0;0;0;0;0;0;0;0;0;0;1.49;13;2.85;2.62;9;0;0;0;0;0;0;0;0;1.33;2.65;7;19;3.02;1.42;1.1;1.02;0;0;0;0;3;1;0;1;1;2;1;2019-03-10 11:00:00;963;0;0;0;0;0;1;1;2;3;1;2;5;3;0;0;5;4;0;9;1;62;55;87;95;1.56;1.38;2.95;0;0;0;0;0;0;1;1;0;0;0;1;0;0;-1;-1;-1;-1;-1;-1;-1;-1;-1;0;0;0;0;0;0;0;0;0;0;0;0;0;Ventspils;Spartaks Jūrmala;1.94;1;0;0;0;0;0;0;0;0;0;0;0;0;0;0;0;1930;32;Y;Y;Y;N;N;N;Y
551137;1090;63;2019;complete;4402;1;-1;82,89;;2;0;2;5;4;9;-1;-1;4;4;0;0;3;0;6;6;9;6;-1;-1;50;50;4;4;2.1;3.1;3.05;1.03;1.28;2.15;3.25;6;10;3.5;1.66;1.33;1.11;1.72;2;3;1.36;3.75;1.25;1.24;1.24;1.53;2.87;2.1;3.5;2.5;2.5;3.2;0;0;0;0;0;0;0;0;0;0;0;0;0;0;0;1.72;10;2.25;3.75;5.5;0;0;0;0;0;0;0;0;1.4;2.75;8;21;2.75;1.4;1.08;1.01;0;0;0;0;2;0;0;2;0;2;0;2019-03-10 13:00:00;1090;0;0;0;0;0;1;1;2;1;3;3;3;6;1;1;3;3;2;6;1;49;62;83;131;1.14;0.85;1.98;0;0;0;0;0;0;1;1;0;0;1;0;0;0;-1;-1;-1;-1;-1;-1;-1;-1;-1;0;0;0;0;0;0;0;0;0;0;0;0;0;Rīgas FS;Liepāja;2.19;1.06;0;0;0;0;0;0;0;0;0;0;0;0;0;0;0;1930;32;Y;Y;N;N;N;N;N
551138;1088;1089;2019;complete;4402;2;-1;21;40,59;1;2;3;1;9;10;-1;-1;3;2;0;0;2;8;0;4;2;12;-1;-1;50;50;3;2;12;4.2;1.3;1.01;1.22;1.7;2.62;4.5;12;4;2.1;1.44;1.16;2.1;1.66;7.5;1.07;1.8;1.9;3.4;1.22;1.01;8.5;2.4;1.72;9;3;1.5;0;0;0;0;0;0;0;0;0;0;0;0;0;0;0;4.75;12;1.22;21;2.05;0;0;0;0;0;0;0;0;1.33;2.37;6;15;3.25;1.53;1.12;1.03;0;0;0;0;3;1;1;0;1;1;2;2019-03-15 16:00:00;1089;0;0;0;0;0;1;1;1;4;0;5;5;5;1;0;2;2;1;4;1;63;110;89;139;0.73;2.12;2.85;0;0;0;0;0;0;1;1;0;0;0;1;0;0;-1;-1;-1;-1;-1;-1;-1;-1;-1;0;0;0;0;50;0;50;0;0;4;0;1;0.5;Metta - LU;Riga;1;2;0;3;0;3;50;50;50;50;0;0;0;0;0;1.59;1.59;1930;32;Y;Y;Y;N;N;N;Y
551139;1087;1090;2019;complete;4402;2;-1;20,74;2,6,90;2;3;5;2;10;12;-1;-1;2;3;0;0;3;7;2;5;5;12;-1;-1;50;50;2;3;4.2;3.5;1.75;1.04;1.33;2.05;3.75;7;9.5;3.25;1.75;1.25;1.08;1.83;1.83;4.33;1.2;2.1;1.66;1.91;1.25;1.17;4.5;2;2.5;4;2.4;2.2;0;0;0;0;0;0;0;0;0;0;0;0;0;0;0;2.63;9;1.62;7;2.6;0;0;0;0;0;0;0;0;1.4;3;8;15;2.75;1.33;1.06;1.01;0;0;0;0;5;1;2;1;1;2;3;2019-03-16 13:00:00;1090;0;0;0;0;0;1;1;1;4;1;6;5;7;0;1;2;2;1;4;1;56;59;125;115;0.95;1.68;2.63;0;0;0;0;0;0;1;1;0;2;1;1;0;0;-1;-1;-1;-1;-1;-1;-1;-1;-1;0;0;0;0;0;0;0;0;0;0;0;0;0;Spartaks Jūrmala;Rīgas FS;1.75;1.5;0;0;0;3;0;0;0;0;0;0;0;0;0;0;0;1930;32;Y;Y;Y;Y;Y;N;Y
551140;1086;963;2019;complete;4402;2;-1;16,60;81;2;1;3;4;5;9;-1;-1;2;4;0;0;6;3;5;3;11;6;-1;-1;50;50;2;4;4.4;3.5;1.65;1.03;1.3;1.95;3.4;6;10;3.4;1.85;1.3;1.11;1.9;1.8;4.5;1.16;2.25;1.57;1.91;1.19;1.1;5;2.13;2.33;4.5;2.6;2;0;0;0;0;0;0;0;0;0;0;0;0;0;0;0;2.85;8.25;1.57;7.5;2.75;0;0;0;0;0;0;0;0;1.4;2.75;8;21;2.75;1.4;1.08;1.01;0;0;0;0;3;1;0;1;1;2;1;2019-03-16 15:00:00;1086;0;0;0;0;0;1;1;3;0;1;5;3;6;1;2;1;2;3;3;1;75;107;99;114;1.66;1.37;3.02;0;0;0;0;0;0;1;1;0;0;0;0;0;0;-1;-1;-1;-1;-1;-1;-1;-1;-1;0;0;0;0;50;0;50;0;0;3;0;2;0.5;Jelgava;Ventspils;1.13;1;0;0;0;3;50;50;50;50;0;0;0;0;1.21;0;1.21;1930;32;Y;Y;Y;N;N;N;Y
551141;6910;1091;2019;complete;4402;2;-1;45,87;;2;0;2;11;0;11;-1;-1;3;2;0;0;3;0;6;3;9;3;-1;-1;50;50;3;2;2;3.5;3.05;1.02;1.23;1.77;2.9;0;9.5;3.65;1.95;1.34;1.11;1.65;2.1;0;0;0;0;0;0;0;0;0;0;0;0;0;0;0;0;0;0;0;0;0;0;0;0;0;0;0;0;0;0;0;0;0;0;0;0;0;0;0;0;0;0;0;0;0;0;0;0;0;0;0;0;0;2;1;0;1;0;1;1;2019-03-17 13:00:00;6910;0;0;0;0;0;-1;1;-1;-1;-1;-1;-1;-1;2;0;1;2;2;3;1;76;58;131;123;1.34;0.63;1.97;0;0;0;0;0;0;1;1;0;0;-1;-1;0;0;-1;-1;-1;-1;-1;-1;-1;-1;-1;0;0;0;0;0;0;0;0;0;0;0;0;0;Valmiera / BSS;BFC Daugavpils;1.56;0.75;0;0;0;3;0;0;0;0;0;0;0;0;0;0;0;1930;32;Y;Y;N;N;N;N;N
551142;1090;1086;2019;complete;4402;3;-1;45,60;62;2;1;3;8;4;12;1;1;2;2;0;0;5;5;6;2;11;7;16;16;50;50;2;2;1.61;3.85;4.3;1.03;1.27;1.91;3.25;6.4;8.75;3.3;1.8;1.28;1.09;1.91;1.8;2.2;1.61;4.33;1.2;1.22;1.22;2.25;2.3;2.2;4.75;2.05;2.5;4.33;0;0;0;0;0;0;0;0;0;0;0;0;0;0;0;1.44;9.5;3;2.62;6.5;0;0;0;0;0;0;0;0;1.4;3;8;23;2.75;1.36;1.08;1.01;0;0;0;0;3;1;0;1;1;2;1;2019-03-30 13:00:00;1090;0;0;0;0;0;1;1;6;1;2;3;7;5;0;2;2;0;2;2;1;81;83;85;95;1.62;1.39;3.02;0;0;0;0;0;0;1;1;0;0;0;0;0;1;-1;-1;-1;-1;-1;-1;-1;-1;-1;0;0;0;50;50;0;0;50;50;5;0;4;1;Rīgas FS;Jelgava;2.19;1.25;3;0;3;1.5;50;50;50;0;0;50;0;0;1.14;0;1.14;1930;32;Y;Y;Y;N;N;N;Y
551143;63;1087;2019;complete;4402;3;-1;;71;0;1;1;5;8;13;1;0;2;3;0;0;6;2;6;3;12;5;12;20;51;49;2;3;2;3.25;3.25;1.04;1.33;2.05;3.7;8.5;7.75;2.95;1.67;1.22;1.06;1.87;1.8;2.5;1.5;3.75;1.25;1.33;1.33;1.73;2.62;2.05;4;2.4;2.4;3.5;0;0;0;0;0;0;0;0;0;0;0;0;0;0;0;1.67;8.75;2.5;3.1;5.5;0;0;0;0;0;0;0;0;1.44;3.25;9;26;2.62;1.33;1.07;1.01;0;0;0;0;1;0;0;0;1;1;0;2019-03-30 15:00:00;1087;0;50;0;50;0;1;1;4;4;1;4;8;5;0;0;2;3;0;5;1;63;50;95;90;1.63;0.83;2.46;0;0;0;0;0;0;1;1;0;0;1;1;0;0;-1;-1;-1;-1;-1;-1;-1;-1;-1;0;0;50;50;50;0;50;50;50;5;0;4;1.5;Liepāja;Spartaks Jūrmala;1.38;1;0;0;0;0;50;50;0;0;0;0;0;0;0;1.38;1.38;1930;32;Y;N;N;N;N;N;N
551144;1089;6910;2019;complete;4402;3;-1;;32;0;1;1;6;1;7;0;2;2;2;0;0;5;5;7;3;12;8;19;19;62;38;2;2;1.17;6.9;9.25;1.03;1.2;1.73;2.88;5.5;10.5;4;2.08;1.36;1.13;2.5;1.5;1.57;2.25;7.5;1.07;1.03;1.08;4.5;1.62;2.5;10;1.44;3.2;10;0;0;0;0;0;0;0;0;0;0;0;0;0;0;0;1.17;14;5;1.72;15;0;0;0;0;0;0;0;0;1.3;2.63;6;13;3.2;1.44;1.1;1.01;0;0;0;0;1;0;1;0;0;0;1;2019-03-31 11:00:00;6910;0;0;0;0;0;1;1;2;0;4;1;2;5;2;1;0;1;3;1;1;127;64;154;96;2.03;1.32;3.35;0;0;0;0;0;0;1;1;0;0;0;0;0;0;-1;-1;-1;-1;-1;-1;-1;-1;-1;0;0;0;0;0;0;0;0;0;0;0;0;0;Riga;Valmiera / BSS;2.13;1.31;0;0;3;3;0;0;0;0;0;0;0;0;0;0;0;1930;32;Y;N;N;N;N;N;N
551145;963;1088;2019;complete;4402;3;-1;16,56;;2;0;2;8;3;11;2;0;1;2;0;0;8;4;7;5;15;9;22;13;56;44;1;2;1.3;5.05;7;0;0;1.65;0;0;0;0;2.2;0;0;2;1.73;0;0;0;0;1.05;1.14;3.4;0;0;0;1.57;3;7.5;0;0;0;0;0;0;0;0;0;0;0;0;0;0;0;0;0;0;0;0;0;0;0;0;0;0;0;0;1.3;2.38;6;15;3.4;1.53;1.12;1.03;0;0;0;0;2;1;0;1;0;1;1;2019-03-31 13:00:00;963;0;50;0;50;0;1;1;3;1;5;2;4;7;1;1;0;1;2;1;1;93;54;121;107;2.18;1.25;3.43;0;0;0;0;0;0;1;1;0;0;0;0;0;0;-1;-1;-1;-1;-1;-1;-1;-1;-1;0;0;50;50;100;0;50;100;50;9;0;7;2;Ventspils;Metta - LU;1.94;0.63;3;0;1.5;0;100;100;50;50;0;50;50;50;1.56;1.51;3.07;1930;32;Y;Y;N;N;N;N;N
551146;1086;63;2019;complete;4402;4;-1;55;29,88;1;2;3;2;6;8;1;1;3;1;0;0;3;9;1;4;4;13;32;23;45;55;3;1;3.3;3.3;2;1.05;1.35;2.1;3.85;7.5;7.5;2.85;1.62;1.21;1.05;1.91;1.77;3.5;1.28;2.5;1.5;1.72;1.28;1.36;3.85;2.1;2.75;3.6;2.4;2.5;0;0;0;0;1.84;0;0;0;0;2;0;0;0;0;0;2.5;8.5;1.66;5;3.2;0;0;0;0;0;0;0;0;1.38;3.1;8.5;21;2.8;1.32;1.06;1;0;0;0;0;3;0;1;1;1;2;1;2019-04-05 16:00:00;63;0;25;0;25;0;1;1;1;4;1;2;5;3;1;1;2;0;2;2;1;50;69;101;124;0.84;1.96;2.79;1;0;1;0;0;0;1;1;0;0;0;2;0;0;-1;-1;-1;-1;-1;-1;-1;-1;-1;0;0;25;75;100;0;50;75;75;7.5;0;6;2;Jelgava;Liepāja;1.13;1.06;1.5;0;1;0;100;100;75;25;0;75;0;0;1.43;0.85;2.28;1930;32;Y;Y;Y;N;N;N;Y
551147;1088;1090;2019;complete;4402;4;-1;49;6,90;1;2;3;3;3;6;0;2;5;2;1;0;2;5;5;8;7;13;20;18;43;57;6;2;9;5.15;1.24;1.01;1.17;1.61;2.5;4.5;11;4.25;2.15;1.45;1.16;2.15;1.61;7.5;1.07;1.72;2;3.5;1.14;1.02;8.5;2.5;1.67;8;3.2;1.5;0;0;0;0;1.84;0;0;0;0;2;0;0;0;0;0;5.5;12;1.18;19;1.9;0;0;0;0;0;0;0;0;1.3;2.32;5.3;12;3.25;1.54;1.13;1.02;0;0;0;0;3;0;1;1;1;2;1;2019-04-05 16:00:00;1090;0;100;100;50;0;1;1;3;2;0;1;5;1;1;0;5;2;1;7;1;67;110;101;133;1.07;1.97;3.04;1;0;1;0;0;0;1;1;0;1;1;0;0;0;-1;-1;-1;-1;-1;-1;-1;-1;-1;50;50;100;100;100;100;100;100;50;11;0;6;4;Metta - LU;Rīgas FS;1;1.5;0;3;0;3;50;50;0;0;0;100;100;50;0.73;1.68;2.41;1930;32;Y;Y;Y;N;N;N;Y
551148;1091;1089;2019;complete;4402;4;-1;;17;0;1;1;3;9;12;3;2;2;3;0;0;4;3;3;6;7;9;11;16;48;52;2;3;9.5;5.25;1.25;0;0;1.8;0;0;0;0;2;0;0;2.25;1.57;0;0;0;0;4.33;1.12;1.02;0;0;0;9.5;3;1.44;0;0;0;0;0;0;0;0;0;0;0;0;0;0;0;0;0;0;0;0;0;0;0;0;0;0;0;0;1.33;2.5;6.5;17;3.25;1.5;1.11;1.02;0;0;0;0;1;0;1;0;0;0;1;2019-04-06 13:00:00;1089;0;25;25;0;0;1;1;3;1;0;8;4;8;1;1;1;2;2;3;1;50;57;97;100;1.09;1.2;2.29;0;0;0;0;0;0;1;1;0;0;0;0;0;0;-1;-1;-1;-1;-1;-1;-1;-1;-1;0;0;25;25;100;25;50;75;0;13.5;0;6.5;1.5;BFC Daugavpils;Riga;1.19;2;3;3;1.5;2;100;100;75;75;0;75;75;50;1.15;1.85;3;1930;32;Y;N;N;N;N;N;N
551149;6910;963;2019;complete;4402;4;-1;45;67;1;1;2;3;5;8;4;3;1;2;0;0;7;5;4;4;11;9;18;23;52;48;1;2;5.45;4.85;1.38;1.01;1.2;1.65;2.62;4.5;15;4.33;2.2;1.44;1.16;1.57;2.25;5;1.14;2.75;1.4;2.1;1.22;1.28;5.5;2.5;1.83;5;3.2;1.67;0;0;0;0;0;0;0;0;0;0;0;0;0;0;0;2.6;13;1.53;7.5;3.25;0;0;0;0;0;0;0;0;1.22;2.1;4.5;10;3.75;1.67;1.17;1.03;0;0;0;0;2;1;0;0;1;1;1;2019-04-06 15:00:00;-1;0;50;0;50;0;1;1;1;2;2;3;3;5;0;1;1;1;1;2;1;66;61;142;137;1.68;1.38;3.05;1;0;1;0;0;0;1;1;0;0;1;1;0;0;-1;-1;-1;-1;-1;-1;-1;-1;-1;0;0;50;100;100;0;100;100;50;16;0;7;2.5;Valmiera / BSS;Ventspils;1.56;1;3;0;3;2;100;100;50;0;0;100;50;50;1.34;1.37;2.71;1930;32;Y;Y;N;N;N;N;Y
551150;1087;1086;2019;complete;4402;5;-1;87;32,43;1;2;3;7;2;9;0;0;1;1;0;0;2;5;3;3;5;8;19;15;56;44;1;1;1.91;3.55;3.25;1.04;1.3;2.05;3.4;6.5;9;3.4;1.75;1.3;1.1;1.8;1.9;2.75;1.4;3.75;1.25;1.28;1.36;1.72;2.7;2.1;3.75;2.5;2.4;3.25;0;0;0;0;0;0;0;0;0;0;0;0;0;0;0;1.72;10;2.3;3.6;6;0;0;0;0;0;0;0;0;1.44;3.25;9;23;2.62;1.33;1.07;1.01;0;0;0;0;3;0;2;1;0;1;2;2019-04-09 14:00:00;1086;0;100;50;100;0;1;1;0;0;7;2;0;9;0;0;1;1;0;2;1;87;51;144;102;1.1;1.23;2.34;0;1;0;1;0;0;1;1;0;0;0;0;0;0;-1;-1;-1;-1;-1;-1;-1;-1;-1;50;50;100;100;100;50;100;100;100;6;0;4;4;Spartaks Jūrmala;Jelgava;1.75;1.25;0;0;1;0.75;50;50;0;0;0;100;100;100;0.95;1.39;2.34;1930;32;Y;Y;Y;N;N;N;Y
551151;63;1088;2019;complete;4402;5;-1;8,62;56;2;1;3;3;2;5;2;2;1;3;0;0;6;3;4;2;10;5;19;17;53;47;1;3;1.29;5.05;7.5;1.02;1.25;1.75;3;5;11;3.75;2.05;1.36;1.14;2.5;1.5;1.57;2.25;7.5;1.07;1.01;1.14;4.33;1.68;2.65;7.5;1.44;3.1;10;0;0;0;0;0;0;0;0;0;0;0;0;0;0;0;1.16;11;6;1.72;21;0;0;0;0;0;0;0;0;1.33;2.62;6.5;19;3.25;1.44;1.11;1.02;0;0;0;0;3;1;0;1;1;2;1;2019-04-09 16:00:00;63;0;0;0;0;0;1;1;3;2;0;0;5;0;1;1;0;2;2;2;1;73;59;123;110;1.59;0.97;2.55;0;0;0;0;0;0;1;1;1;0;0;2;0;0;-1;-1;-1;-1;-1;-1;-1;-1;-1;0;0;0;25;100;0;25;100;0;9.5;0.5;4;1.25;Liepāja;Metta - LU;1.38;0.63;0;0;1;0;100;100;100;75;0;100;100;100;1.63;1.38;3.01;1930;32;Y;Y;Y;N;N;N;Y
551152;963;1091;2019;complete;4402;5;-1;4;22;1;1;2;6;3;9;3;0;2;2;0;0;11;6;10;3;21;9;12;23;61;39;2;2;1.17;5.9;11.75;1.01;1.18;1.61;2.55;0;10.75;4.2;2.15;1.44;1.16;2.45;1.48;0;0;0;0;1.01;1.11;4.5;0;0;0;1.36;3.4;13;0;0;0;0;0;0;0;0;0;0;0;0;0;0;0;0;0;0;0;0;0;0;0;0;0;0;0;0;1.29;2.38;5.5;15;3.5;1.53;1.14;1.03;0;0;0;0;2;1;1;0;0;0;2;2019-04-10 14:00:00;-1;0;25;0;25;0;1;1;1;1;5;2;2;7;0;2;2;0;2;2;1;38;35;64;47;2.36;1.24;3.59;0;0;0;0;0;0;1;1;1;0;0;1;0;0;-1;-1;-1;-1;-1;-1;-1;-1;-1;0;0;25;100;100;0;100;100;25;5.5;0;5;2.25;Ventspils;BFC Daugavpils;1.94;0.75;3;0;1.75;1;100;100;75;0;0;75;75;75;1.87;0.63;2.5;1930;32;Y;Y;N;N;N;N;Y
551153;6910;1090;2019;complete;4402;5;-1;;18,26;0;2;2;13;8;21;1;2;2;1;0;0;2;5;4;3;6;8;15;17;51;49;2;1;5.75;3.75;1.53;1.01;1.22;1.7;2.62;4.5;12;4;2.1;1.44;1.16;1.72;2;5.5;1.12;2.5;1.5;2.25;1.28;1.14;4.5;2.25;2.2;4.5;2.75;1.9;0;0;0;0;0;0;0;0;0;0;0;0;0;0;0;2.87;12;1.44;9.5;3;0;0;0;0;0;0;0;0;1.33;2.5;6;17;3.25;1.5;1.12;1.02;0;0;0;0;2;0;2;0;0;0;2;2019-04-10 15:00:00;1090;0;75;25;50;0;1;1;9;4;4;4;13;8;0;0;2;1;0;3;1;81;49;147;120;1.12;1.23;2.35;0;0;0;0;0;0;1;1;0;0;0;1;0;0;-1;-1;-1;-1;-1;-1;-1;-1;-1;25;25;50;100;100;25;100;100;50;13.5;2;4.5;3;Valmiera / BSS;Rīgas FS;1.56;1.5;2;3;2.33;3;75;75;50;0;0;50;50;50;1.51;1.82;3.33;1930;32;Y;Y;N;N;N;N;N
551154;1088;1087;2019;complete;4402;6;-1;39,44,63;;3;0;3;3;2;5;4;2;2;6;0;0;5;3;4;5;9;8;20;26;51;49;2;6;4.85;3.65;1.59;1.01;1.25;1.8;2.75;5;12;3.75;2;1.4;1.14;1.72;2;4.5;1.16;2.62;1.44;2.1;1.28;1.22;4.5;2.3;2.1;4;2.62;2.05;0;0;0;0;0;0;0;0;0;0;0;0;0;0;0;2.75;12;1.53;8;3.1;0;0;0;0;0;0;0;0;1.36;2.62;6.5;19;3;1.44;1.11;1.02;0;0;0;0;3;2;0;1;0;1;2;2019-04-14 11:00:00;1088;0;75;25;50;0;1;1;1;1;2;1;2;3;0;2;2;4;2;6;1;57;58;110;115;1.34;1.15;2.49;1;0;1;0;0;0;1;1;0;0;0;0;0;0;-1;-1;-1;-1;-1;-1;-1;-1;-1;0;0;75;75;100;25;75;100;50;8.5;0;8;2.5;Metta - LU;Spartaks Jūrmala;1;1;0;1.5;0;0.75;100;100;25;25;0;50;50;25;0.9;1.11;2.01;1930;32;Y;Y;Y;N;N;N;N
551155;1089;963;2019;complete;4402;6;-1;31,85;;2;0;2;5;6;11;1;3;5;1;1;0;5;2;1;9;6;11;17;18;49;51;6;1;2.1;3.05;3.3;1.08;1.5;2.55;5;9.5;6.15;2.35;1.43;1.13;1.02;2.2;1.59;2.25;1.57;3.25;1.33;1.3;1.36;1.72;2.88;1.91;4.33;2.5;2.25;3.6;0;0;0;0;1.84;0;0;0;0;2;0;0;0;0;0;1.72;7;2.5;3.2;5;0;0;0;0;0;0;0;0;1.53;3.75;11;41;2.37;1.25;1.05;1;0;0;0;0;2;1;0;1;0;1;1;2019-04-14 13:00:00;1089;0;50;0;25;0;1;1;1;0;4;6;1;10;1;1;5;0;2;5;1;73;98;108;134;1.27;1.55;2.81;0;0;0;0;0;0;1;1;0;0;1;0;0;0;-1;-1;-1;-1;-1;-1;-1;-1;-1;0;0;25;50;100;0;100;50;25;11;1;5;1.75;Riga;Ventspils;2.13;1;0;0.5;2.25;1.6;100;100;75;50;0;25;0;0;2.03;1.37;3.4;1930;32;Y;Y;N;N;N;N;N
551156;6910;63;2019;complete;4402;6;-1;42;;1;0;1;4;9;13;1;2;1;3;0;0;4;6;3;3;7;9;18;25;49;51;1;3;4.35;3.45;1.69;1.01;1.2;1.69;2.75;4.5;10.25;3.9;2;1.38;1.13;1.65;2.1;5;1.14;2.62;1.44;2;1.28;1.22;4.4;2.3;2.25;4;2.62;2.05;0;0;0;0;1.84;0;0;0;0;2;0;0;0;0;0;2.62;13;1.53;8;3.25;0;0;0;0;0;0;0;0;1.29;2.44;6;17;3.26;1.49;1.12;1.02;0;0;0;0;1;1;0;0;0;0;1;2019-04-14 13:00:00;6910;0;42;0;25;0;1;1;3;4;1;5;7;6;0;1;1;2;1;3;1;68;77;122;137;1.23;1.56;2.78;0;0;0;0;0;0;1;1;0;0;1;1;0;1;-1;-1;-1;-1;-1;-1;-1;-1;-1;0;0;25;100;100;17;75;84;50;14;1.33;4.5;2.25;Valmiera / BSS;Liepāja;1.56;1.06;1.33;1.5;1.75;1.5;100;100;75;0;0;59;34;34;1.38;1.4;2.78;1930;32;Y;N;N;N;N;N;N
551157;1091;1090;2019;complete;4402;6;-1;;45;0;1;1;2;4;6;0;0;1;3;0;1;3;3;4;7;7;10;13;11;41;59;1;4;7.75;4.8;1.29;1.01;1.21;1.69;2.75;0;10;3.85;2;1.38;1.13;2.15;1.61;0;0;0;0;4.33;1.14;1.02;0;0;0;13;3;1.4;0;0;0;0;0;0;0;0;0;0;0;0;0;0;0;0;0;0;0;0;0;0;0;0;0;0;0;0;1.36;2.75;7;19;3;1.4;1.1;1.02;0;0;0;0;1;0;1;0;0;0;1;2019-04-15 15:00:00;1090;0;34;17;34;0;1;1;1;4;1;0;5;1;1;1;0;3;2;3;1;54;66;97;127;1.05;1.33;2.38;0;0;0;0;0;0;1;1;0;0;0;0;0;0;-1;-1;-1;-1;-1;-1;-1;-1;-1;17;17;34;50;100;34;75;59;34;12;2;5.5;2.17;BFC Daugavpils;Rīgas FS;1.19;1.5;1.5;3;1;3;84;84;67;50;0;84;84;84;1.12;1.62;2.74;1930;32;Y;N;N;N;N;N;N
551158;1087;6910;2019;complete;4402;7;-1;25,90;;2;0;2;4;2;6;1;4;1;6;1;1;11;5;2;2;13;7;20;23;45;55;3;7;2.15;3.6;2.7;1.01;1.22;1.68;2.62;4.5;15;4;2.19;1.44;1.16;1.61;2.2;3.5;1.28;4;1.22;1.5;1.28;1.61;2.87;2.25;3.2;2.6;2.62;2.87;0;0;0;0;0;0;0;0;0;0;0;0;0;0;0;1.72;15;2.1;4.5;5.5;0;0;0;0;0;0;0;0;1.33;2.5;6.5;17;3.25;1.5;1.11;1.02;0;0;0;0;2;1;0;1;0;1;1;2019-04-19 11:00:00;1087;0;50;25;25;0;1;1;2;2;2;0;4;2;0;2;2;5;2;7;1;63;75;119;163;2.05;1.36;3.41;0;0;0;0;0;0;1;1;0;0;0;0;0;0;-1;-1;-1;-1;-1;-1;-1;-1;-1;25;25;50;50;100;50;100;50;25;5.5;1.5;3.5;2.5;Spartaks Jūrmala;Valmiera / BSS;1.75;1.31;0;3;0.6;2;75;75;50;50;0;50;25;25;1.03;1.32;2.35;1930;32;Y;Y;N;N;N;N;N
551159;63;1091;2019;complete;4402;7;-1;35,64;58,73,90;2;3;5;4;4;8;4;2;3;4;0;0;5;4;3;2;8;6;28;22;55;45;3;4;1.47;4.15;5.35;1.01;1.18;1.61;2.55;0;10.75;4.2;2.15;1.44;1.16;1.74;1.95;0;0;0;0;1.14;1.22;2.5;0;0;0;1.83;2.75;4.75;0;0;0;0;0;0;0;0;0;0;0;0;0;0;0;0;0;0;0;0;0;0;0;0;0;0;0;0;1.3;2.38;6;15;3.4;1.53;1.12;1.03;0;0;0;0;5;1;0;1;3;4;1;2019-04-19 13:00:00;1091;0;50;25;25;0;1;1;4;1;0;3;5;3;1;1;2;3;2;5;1;71;59;106;84;1.37;1.09;2.47;0;1;0;1;0;0;1;1;0;0;3;0;0;0;-1;-1;-1;-1;-1;-1;-1;-1;-1;0;0;25;75;100;25;75;75;25;5.5;1;3.5;2;Liepāja;BFC Daugavpils;1.38;0.75;1.5;0.5;1.2;0.8;100;100;75;25;0;75;50;50;1.61;0.93;2.54;1930;32;Y;Y;Y;Y;Y;N;Y
551160;1086;1088;2019;complete;4402;7;-1;53;36,55;1;2;3;6;10;16;2;8;1;1;0;0;7;7;7;8;14;15;16;14;57;43;1;1;1.83;3.5;3.65;1.02;1.23;1.77;2.9;4.5;9.5;3.65;1.95;1.34;1.11;1.71;2;2.75;1.4;4.5;1.16;1.28;1.28;1.9;2.4;2.3;4.05;2.2;2.62;3.75;0;0;0;0;2.18;0;0;0;0;1.69;0;0;0;0;0;1.57;13;2.5;3.4;7;0;0;0;0;0;0;0;0;1.33;2.62;6.5;19;3.25;1.44;1.11;1.02;0;0;0;0;3;0;1;1;1;2;1;2019-04-19 15:00:00;1088;0;50;0;50;0;1;1;2;5;4;5;7;9;1;0;0;1;1;1;1;103;92;133;116;2.12;2.1;4.22;0;0;0;0;0;0;1;1;0;0;0;3;0;0;-1;-1;-1;-1;-1;-1;-1;-1;-1;0;0;50;67;100;0;84;84;50;6.67;0;4.66;2.17;Jelgava;Metta - LU;1.13;0.63;1;0;1.2;0.5;100;100;50;33;0;50;34;34;1.24;1.24;2.48;1930;32;Y;Y;Y;N;N;N;Y
551161;1090;1089;2019;complete;4402;7;-1;39,78,82;68;3;1;4;2;2;4;4;0;4;3;1;0;4;4;1;2;5;6;30;22;49;51;5;3;2.25;3.1;2.85;1.06;1.4;2.25;4.2;8.5;7;2.7;1.56;1.18;1.04;1.95;1.74;2.75;1.4;3.4;1.3;1.4;1.36;1.57;2.95;2;3.7;2.65;2.3;3.4;0;0;0;0;0;0;0;0;0;0;0;0;0;0;0;1.87;8;2.2;4;4.75;0;0;0;0;0;0;0;0;1.45;3.25;9;26;2.55;1.33;1.07;1.01;0;0;0;0;4;1;0;2;1;3;1;2019-04-20 13:00:00;1090;0;42;17;25;0;1;1;1;1;1;1;2;2;1;0;4;3;1;7;1;55;57;118;133;1.01;1.09;2.1;0;0;0;0;0;0;1;1;0;0;0;1;0;0;-1;-1;-1;-1;-1;-1;-1;-1;-1;0;0;42;67;100;17;75;67;50;13.83;0;5;2.09;Rīgas FS;Riga;2.19;2;3;3;3;2.4;100;100;59;34;0;84;59;42;1.38;1.63;3.01;1930;32;Y;Y;Y;Y;N;N;Y
551162;6910;1086;2019;complete;4402;8;-1;;;0;0;0;6;2;8;2;1;5;3;0;0;4;4;3;4;7;8;15;13;56;44;5;3;2.3;3.15;2.8;1.04;1.34;2.1;3.75;6.45;7.75;2.95;1.65;1.22;1.06;1.83;1.83;3;1.36;3.25;1.33;1.44;1.36;1.5;3.2;1.99;3.52;2.75;2.37;3.1;0;0;0;0;0;0;0;0;0;0;0;0;0;0;0;1.9;8.5;2.2;4;4.75;0;0;0;0;0;0;0;0;1.44;3.25;9;23;2.62;1.33;1.07;1.01;0;0;0;0;0;0;0;0;0;0;0;2019-04-23 15:00:00;-1;0;63;0;25;0;1;1;1;0;5;2;1;7;3;3;2;0;6;2;1;82;49;137;137;1.33;1.16;2.49;0;0;0;0;0;0;1;1;0;0;1;0;1;0;-1;-1;-1;-1;-1;-1;-1;-1;-1;0;0;50;88;100;38;100;75;25;10.75;1.75;3.25;2.38;Valmiera / BSS;Jelgava;1.56;1.25;1.75;1.5;1.67;1;100;100;50;13;0;88;63;63;1.34;1.31;2.65;1930;32;N;N;N;N;N;N;N
551163;1091;1087;2019;complete;4402;8;-1;20,27,32,43;7;4;1;5;6;8;14;2;1;3;3;0;0;13;7;1;6;14;13;13;19;45;55;3;3;2.9;3.3;2.15;1.03;1.3;1.95;3.45;0;8.25;3.15;1.74;1.25;1.07;1.8;1.91;0;0;0;0;1.73;1.3;1.36;0;0;0;3.4;2.4;2.4;0;0;0;0;0;0;0;0;0;0;0;0;0;0;0;0;0;0;0;0;0;0;0;0;0;0;0;0;1.4;3;8;23;2.75;1.36;1.08;1.01;0;0;0;0;5;4;1;0;0;0;5;2019-04-23 15:00:00;1091;0;17;0;17;0;1;1;4;5;2;3;9;5;0;0;3;3;0;6;1;59;77;91;110;2.22;1.87;4.09;0;0;0;0;0;0;1;1;0;1;1;1;0;0;-1;-1;-1;-1;-1;-1;-1;-1;-1;0;0;34;34;100;17;67;67;17;9;1;7;1.67;BFC Daugavpils;Spartaks Jūrmala;1.19;1;1;1;1.17;1;100;100;67;67;0;50;50;50;1.1;1.12;2.22;1930;32;Y;Y;Y;Y;Y;N;Y
551164;963;1090;2019;complete;4402;8;-1;45,86;;2;0;2;8;4;12;1;2;3;2;0;0;5;2;0;4;5;6;19;22;51;49;3;2;2.75;3.05;2.35;1.05;1.38;2.2;4.1;7.5;7.25;2.75;1.59;1.19;1.04;1.91;1.77;3.25;1.33;2.62;1.44;1.57;1.36;1.36;4;1.91;2.88;3.5;2.3;2.6;0;0;0;0;0;0;0;0;0;0;0;0;0;0;0;2.3;8;1.8;4.75;4;0;0;0;0;0;0;0;0;1.44;3.2;8.5;34;2.63;1.3;1.05;1;0;0;0;0;2;1;0;1;0;1;1;2019-04-24 14:30:00;963;0;59;29;42;0;1;1;4;0;4;4;4;8;0;2;3;0;2;3;1;55;49;79;87;1.07;0.88;1.95;0;0;0;0;0;0;1;1;0;0;0;0;0;0;-1;-1;-1;-1;-1;-1;-1;-1;-1;13;13;42;88;100;42;100;59;42;11.92;2.08;5.17;2.54;Ventspils;Rīgas FS;1.94;1.5;2.33;3;1.33;3;88;88;59;13;0;59;42;42;2.03;1.55;3.58;1930;32;Y;Y;N;N;N;N;N
551165;1089;63;2019;complete;4402;8;-1;44;;1;0;1;6;6;12;2;1;3;3;0;0;2;4;3;2;5;6;20;16;44;56;3;3;2.05;3.1;3.35;1.07;1.43;2.35;4.45;8.5;6.7;2.55;1.51;1.16;1.03;2.05;1.65;2.37;1.53;3.25;1.33;1.28;1.36;1.66;2.75;1.9;4.5;2.5;2.25;3.6;0;0;0;0;0;0;0;0;0;0;0;0;0;0;0;1.72;7;2.5;3.25;5.5;0;0;0;0;0;0;0;0;1.5;3.5;10;26;2.5;1.28;1.06;1.01;0;0;0;0;1;1;0;0;0;0;1;2019-04-24 15:00:00;1089;0;17;0;17;0;1;1;2;1;4;5;3;9;1;2;2;1;3;3;1;12;19;18;33;0.54;0.79;1.33;0;0;0;0;0;0;1;1;0;0;1;0;0;0;-1;-1;-1;-1;-1;-1;-1;-1;-1;0;0;17;59;100;0;84;59;34;11.83;1.17;6.67;1.75;Riga;Liepāja;2.13;1.06;1.5;1;2;1;100;100;84;42;0;59;42;42;1.65;1.45;3.1;1930;32;Y;N;N;N;N;N;N
551166;1088;6910;2019;complete;4402;9;-1;66;5,19,41,61;1;4;5;2;3;5;1;1;1;0;0;0;6;6;9;5;15;11;11;11;47;53;1;0;2.55;3.5;2.3;1.05;1.3;2;3.25;6.5;8.5;3.2;1.8;1.29;1.08;1.67;2.1;3.25;1.33;3.25;1.33;1.53;1.28;1.5;3.1;2;3.25;2.88;2.4;2.88;0;0;0;0;0;0;0;0;0;0;0;0;0;0;0;2.1;10;1.83;4.33;4.33;0;0;0;0;0;0;0;0;1.36;3;7.5;15;2.88;1.33;1.06;1.01;0;0;0;0;5;0;3;1;1;2;3;2019-04-27 11:00:00;6910;0;34;17;17;0;1;1;0;1;2;2;1;4;1;0;0;0;1;0;1;98;72;106;120;2.07;1.64;3.71;0;0;0;0;0;0;1;1;0;1;0;0;0;0;-1;-1;-1;-1;-1;-1;-1;-1;-1;0;0;50;75;100;34;100;75;17;3.83;4;8.17;2.25;Metta - LU;Valmiera / BSS;1;1.31;1;1.5;0.86;1.57;100;100;50;25;0;17;17;0;1.05;1.34;2.39;1930;32;Y;Y;Y;Y;Y;N;Y
551167;1086;1091;2019;complete;4402;9;-1;72;;1;0;1;4;4;8;2;2;3;2;0;0;2;2;2;4;4;6;24;16;54;46;3;2;2.25;3.45;2.65;0;0;2.05;0;0;0;0;1.75;0;0;1.91;1.8;0;0;0;0;1.36;1.25;1.8;0;0;0;2.3;2.5;3.6;0;0;0;0;0;0;0;0;0;0;0;0;0;0;0;0;0;0;0;0;0;0;0;0;0;0;0;0;1.4;3;8;23;2.75;1.36;1.08;1.01;0;0;0;0;1;0;0;1;0;1;0;2019-04-27 13:00:00;1086;0;71;17;54;0;1;1;4;1;0;3;5;3;0;1;3;1;1;4;1;69;56;109;107;0.9;0.94;1.84;0;0;0;0;0;0;1;1;0;0;1;0;0;0;-1;-1;-1;-1;-1;-1;-1;-1;-1;17;17;54;88;100;17;100;71;54;6.08;0.58;4.67;2.75;Jelgava;BFC Daugavpils;1.13;0.75;0.75;1.33;1;1.43;84;84;46;13;0;59;29;29;1.46;0.99;2.45;1930;32;Y;N;N;N;N;N;N
551168;1087;1089;2019;complete;4402;9;-1;;21,44,45,72;0;4;4;3;1;4;3;3;3;1;1;0;4;5;2;6;6;11;20;24;48;52;4;1;4.6;3.55;1.65;1.03;1.29;1.91;3.35;6.5;8.5;3.2;1.77;1.27;1.08;1.91;1.77;4.5;1.16;2.2;1.61;2.2;1.28;1.14;5;2.1;2.2;4.5;2.5;1.91;0;0;0;0;0;0;0;0;0;0;0;0;0;0;0;3.1;9.5;1.44;8;2.62;0;0;0;0;0;0;0;0;1.36;2.88;7;15;2.88;1.36;1.07;1.01;0;0;0;0;4;0;3;0;1;1;3;2019-04-28 11:00:00;1089;0;59;29;29;0;1;1;1;0;2;1;1;3;1;0;3;1;1;4;1;61;63;133;152;1.12;1.52;2.64;0;0;0;0;0;0;1;1;0;0;0;0;0;0;-1;-1;-1;-1;-1;-1;-1;-1;-1;17;29;59;75;100;46;100;75;29;10.33;0;4.25;2.79;Spartaks Jūrmala;Riga;1.75;2;1;2.25;0.86;2.14;84;71;42;25;0;59;42;29;1.37;1.5;2.87;1930;32;Y;Y;Y;Y;N;N;N
551169;63;963;2019;complete;4402;9;-1;3,26,34,50;;4;0;4;5;10;15;3;0;0;0;0;0;9;3;7;6;16;9;22;22;50;50;0;0;2.35;3.1;2.75;1.03;1.29;1.91;3.35;6.25;8.5;3.2;1.77;1.27;1.08;1.74;1.95;0;0;0;0;1.44;1.36;1.53;0;0;0;2.75;2.5;2.88;0;0;0;0;0;0;0;0;0;0;0;0;0;0;0;0;0;0;0;0;0;0;0;0;0;0;0;0;1.4;2.75;7;21;2.75;1.4;1.1;1.02;0;0;0;0;4;3;0;1;0;1;3;2019-06-20 16:45:00;63;0;57;22;36;0;1;-1;2;7;3;3;9;6;0;0;0;0;0;0;1;70;54;105;110;2.14;1.18;3.32;0;0;0;0;0;0;1;1;1;0;0;0;-1;-1;-1;-1;-1;-1;-1;-1;-1;-1;-1;22;22;57;72;93;22;65;93;50;11.43;4.43;5.57;2.79;Liepāja;Ventspils;1.38;1;1.43;0.57;1.13;1.33;79;79;43;29;7;64;57;50;1.45;1.47;2.92;1930;32;Y;Y;Y;Y;N;N;N
551170;1088;1091;2019;complete;4402;10;-1;;79;0;1;1;8;3;11;1;2;1;1;0;0;6;6;12;5;18;11;23;13;60;40;1;1;2.2;3.25;2.9;1.02;1.23;1.77;2.95;0;9.5;3.6;1.91;1.34;1.11;1.65;2.1;0;0;0;0;1.29;1.3;1.8;0;0;0;2.4;2.5;3.25;0;0;0;0;0;0;0;0;0;0;0;0;0;0;0;0;0;0;0;0;0;0;0;0;0;0;0;0;1.36;2.62;7;19;3;1.44;1.1;1.02;0;0;0;0;1;0;0;0;1;1;0;2019-05-03 14:30:00;1091;0;63;25;38;0;1;1;2;1;6;2;3;8;1;0;0;1;1;1;1;101;76;136;95;2.28;1.66;3.95;0;0;0;0;0;0;1;1;0;0;0;0;0;0;-1;-1;-1;-1;-1;-1;-1;-1;-1;25;25;63;88;100;50;88;88;38;5;1.75;5.5;3;Metta - LU;BFC Daugavpils;1;0.75;0.75;1;0.75;1.25;75;75;38;13;0;38;25;13;1.3;0.97;2.27;1930;32;Y;N;N;N;N;N;N
551171;1089;1086;2019;complete;4402;10;-1;33;42;1;1;2;4;2;6;1;1;2;3;1;0;7;3;3;5;10;8;14;18;54;46;4;3;1.48;3.7;6;1.05;1.36;2.15;3.95;7.5;7.25;2.8;1.61;1.2;1.05;2.3;1.53;1.72;2;4.5;1.16;1.08;1.25;2.75;1.91;2.1;7;1.73;2.6;6.5;0;0;0;0;1.8;0;0;0;0;2.02;0;0;0;0;0;1.33;8;4;2.05;10;0;0;0;0;0;0;0;0;1.4;3.2;8;17;2.75;1.3;1.06;1;0;0;0;0;2;1;1;0;0;0;2;2019-05-03 15:45:00;-1;0;34;0;17;0;1;1;4;0;0;2;4;2;1;1;2;2;2;4;1;75;43;145;123;1.68;1.04;2.72;0;0;0;0;0;0;1;1;0;0;2;0;0;0;-1;-1;-1;-1;-1;-1;-1;-1;-1;0;0;34;50;84;17;84;50;17;8.34;1.67;5.67;1.67;Riga;Jelgava;2.13;1.25;2;1.33;2.25;1.25;100;100;67;50;17;67;50;50;1.28;1.26;2.54;1930;32;Y;Y;N;N;N;N;Y
551172;1087;963;2019;complete;4402;10;-1;41,56,67,82;10,61,76;4;3;7;2;5;7;0;4;5;3;0;1;7;6;3;4;10;10;17;19;51;49;5;4;3.6;3.45;1.83;1.01;1.21;1.71;2.8;5;10;3.8;2;1.37;1.12;1.67;2.05;4.33;1.2;2.75;1.4;1.8;1.28;1.3;4.25;2.25;2.39;3.6;2.5;2.25;0;0;0;0;0;0;0;0;0;0;0;0;0;0;0;2.4;12;1.61;6.5;3.6;0;0;0;0;0;0;0;0;1.3;2.63;6;13;3.2;1.44;1.1;1.01;0;0;0;0;7;1;1;3;2;5;2;2019-05-04 13:00:00;1087;0;59;13;29;0;1;1;1;4;1;1;5;2;4;1;1;3;5;4;1;71;70;132;130;1.65;1.57;3.22;1;1;1;1;0;0;1;1;0;1;0;2;0;1;-1;-1;-1;-1;-1;-1;-1;-1;-1;13;25;54;100;100;38;100;100;29;9.33;2.42;4.83;2.92;Spartaks Jūrmala;Ventspils;1.75;1;0.75;0.33;0.75;1.5;88;75;46;0;0;59;29;29;1.31;1.43;2.74;1930;32;Y;Y;Y;Y;Y;Y;Y
551173;63;1090;2019;complete;4402;10;-1;;;0;0;0;4;8;12;0;1;3;3;1;0;2;4;4;3;6;7;14;10;42;58;5;3;2.75;3.25;2.3;1.05;1.35;2.1;3.85;7.5;7.5;2.85;1.62;1.21;1.05;1.91;1.8;3.25;1.33;2.75;1.4;1.57;1.33;1.4;3.6;1.91;3.2;3.3;2.25;2.7;0;0;0;0;0;0;0;0;0;0;0;0;0;0;0;2.25;9.5;1.72;4.75;3.75;0;0;0;0;0;0;0;0;1.44;3.2;8.5;34;2.63;1.3;1.05;1;0;0;0;0;0;0;0;0;0;0;0;2019-05-04 15:00:00;-1;0;54;10;54;0;1;1;1;3;3;5;4;8;3;3;1;0;6;1;1;50;76;89;121;0.89;1.28;2.17;0;0;0;0;0;0;1;1;0;0;0;0;0;0;-1;-1;-1;-1;-1;-1;-1;-1;-1;27;27;54;74;100;20;84;80;54;9.8;3.33;4.4;2.8;Liepāja;Rīgas FS;1.38;1.5;1;2.4;0.88;2.63;74;74;47;27;0;47;47;47;1.53;1.42;2.95;1930;32;N;N;N;N;N;N;N
551174;1089;1088;2019;complete;4402;11;-1;73,90;74;2;1;3;9;1;10;0;2;3;2;0;0;12;4;7;3;19;7;17;17;67;33;3;2;1.35;4.2;7.25;1.02;1.26;1.83;3.1;5.5;9;3.45;1.83;1.3;1.09;2.1;1.65;1.9;1.8;5.5;1.12;1.08;1.2;2.62;1.87;2.42;6.6;1.66;2.75;7;0;0;0;0;0;0;0;0;0;0;0;0;0;0;0;1.33;10;3.75;2.1;12;0;0;0;0;0;0;0;0;1.33;2.62;6.5;19;3.25;1.44;1.11;1.02;0;0;0;0;3;0;0;2;1;3;0;2019-05-07 15:00:00;1089;0;38;13;25;0;1;1;5;0;4;1;5;5;0;0;3;2;0;5;1;131;53;160;98;2.98;1.11;4.1;0;0;0;0;0;0;1;1;0;0;2;0;0;0;-1;-1;-1;-1;-1;-1;-1;-1;-1;0;0;25;63;100;13;88;63;25;10.5;3.25;5.75;1.88;Riga;Metta - LU;2.13;0.63;1.75;0.75;2.11;0.67;100;100;75;38;0;63;63;63;1.38;1.46;2.84;1930;32;Y;Y;Y;N;N;N;Y
551175;1091;6910;2019;complete;4402;11;-1;80;;1;0;1;4;5;9;3;2;1;1;0;0;3;3;4;8;7;11;18;17;42;58;1;1;2.5;3.2;2.5;1.02;1.26;1.77;3.1;0;9;3.45;1.91;1.3;1.09;1.69;2.05;0;0;0;0;1.57;1.36;1.36;0;0;0;3;2.5;2.62;0;0;0;0;0;0;0;0;0;0;0;0;0;0;0;0;0;0;0;0;0;0;0;0;0;0;0;0;1.4;2.75;7;21;2.75;1.4;1.1;1.02;0;0;0;0;1;0;0;1;0;1;0;2019-05-07 15:00:00;1091;0;29;13;17;0;1;1;2;4;2;1;6;3;0;0;1;1;0;2;1;46;75;111;124;1;1.45;2.45;0;0;0;0;0;0;1;1;0;0;0;0;0;0;-1;-1;-1;-1;-1;-1;-1;-1;-1;29;29;29;46;100;29;88;46;17;6.5;3.33;5.75;2.34;BFC Daugavpils;Valmiera / BSS;1.19;1.31;1.5;2;1.44;1.75;71;71;71;54;0;38;38;38;1.38;1.44;2.82;1930;32;Y;N;N;N;N;N;N
551176;1090;1087;2019;complete;4402;11;-1;;;0;0;0;6;5;11;2;0;4;3;0;0;3;5;8;1;11;6;20;23;50;50;4;3;1.5;3.85;5.35;1.02;1.24;1.8;3.05;5.5;9.25;3.55;1.87;1.32;1.1;1.91;1.77;2.1;1.66;5;1.14;1.11;1.22;2.62;1.91;2.3;6;1.73;2.8;5.5;0;0;0;0;0;0;0;0;0;0;0;0;0;0;0;1.36;11;3.4;2.4;9.5;0;0;0;0;0;0;0;0;1.3;2.63;6;13;3.2;1.44;1.1;1.01;0;0;0;0;0;0;0;0;0;0;0;2019-05-08 15:00:00;-1;0;59;13;46;0;1;1;5;4;1;1;9;2;2;1;2;2;3;4;1;68;65;117;113;1.4;1.21;2.61;0;0;0;0;0;0;1;1;0;0;1;0;0;0;-1;-1;-1;-1;-1;-1;-1;-1;-1;13;29;71;88;100;25;71;88;63;10.75;1.83;7.67;3;Rīgas FS;Spartaks Jūrmala;2.19;1;3;0.75;2.44;1;88;71;29;13;0;59;42;42;1.26;1.31;2.57;1930;32;N;N;N;N;N;N;N
551177;963;1086;2019;complete;4402;11;-1;32;45;1;1;2;10;5;15;2;2;4;3;1;0;5;6;7;5;12;11;16;16;46;54;6;3;1.69;3.5;4.35;1.03;1.28;1.91;3.3;6.5;8.5;3.25;1.77;1.27;1.08;1.87;1.8;2.25;1.57;4.33;1.2;1.2;1.25;2.1;2.25;2.1;5;2;2.5;4.5;0;0;0;0;0;0;0;0;0;0;0;0;0;0;0;1.5;10;2.87;2.75;7;0;0;0;0;0;0;0;0;1.36;2.88;7;15;2.88;1.36;1.07;1.01;0;0;0;0;2;1;1;0;0;0;2;2019-05-08 15:00:00;-1;0;68;23;23;0;1;1;4;1;6;4;5;10;2;0;3;3;2;6;1;64;53;83;78;1.57;1.5;3.06;0;0;0;0;0;0;1;1;0;0;1;0;0;0;-1;-1;-1;-1;-1;-1;-1;-1;-1;0;0;35;88;88;35;88;65;23;8.3;2.15;5.05;2.1;Ventspils;Jelgava;1.94;1.25;2.2;1.25;1.33;1.22;100;100;65;13;13;55;33;33;1.77;1.21;2.98;1930;32;Y;Y;N;N;N;N;Y
551178;1087;63;2019;complete;4402;12;-1;90;;1;0;1;4;10;14;1;7;5;5;0;0;3;5;8;9;11;14;21;15;46;54;5;5;2.75;3.2;2.3;1.04;1.34;2.1;3.75;7.5;7.75;2.95;1.65;1.22;1.06;1.87;1.83;3.4;1.3;2.62;1.44;1.66;1.28;1.4;3.6;2;3;3.25;2.4;2.6;0;0;0;0;1.83;0;0;0;0;1.98;0;0;0;0;0;2.3;9.5;1.72;5;3.7;0;0;0;0;0;0;0;0;1.44;3.25;9;26;2.62;1.33;1.07;1.01;0;0;0;0;1;0;0;1;0;1;0;2019-05-12 14:10:00;1087;0;50;20;30;0;1;1;1;8;3;2;9;5;2;1;3;4;3;7;1;42;33;77;76;1.21;1.47;2.68;0;0;0;0;0;0;1;1;0;0;1;3;0;0;-1;-1;-1;-1;-1;-1;-1;-1;-1;20;30;50;80;100;40;90;80;40;9.4;2;6.4;3;Spartaks Jūrmala;Liepāja;1.75;1.06;1.2;0.8;1;0.89;80;70;50;20;0;50;30;30;1.37;1.31;2.68;1930;32;Y;N;N;N;N;N;N
551179;1086;1090;2019;complete;4402;12;-1;;;0;0;0;2;3;5;1;2;3;2;0;0;0;4;4;5;4;9;19;13;42;58;3;2;3.3;3.55;1.91;1.02;1.26;1.87;3.15;6.5;9;3.4;1.83;1.3;1.09;1.77;1.91;4;1.22;2.5;1.5;1.9;1.22;1.3;4.5;2.1;2.4;3.75;2.5;2.2;0;0;0;0;0;0;0;0;0;0;0;0;0;0;0;2.6;11;1.57;6.5;3.3;0;0;0;0;0;0;0;0;1.4;3;8;21;2.75;1.36;1.08;1.01;0;0;0;0;0;0;0;0;0;0;0;2019-05-12 13:00:00;-1;0;47;9;47;0;1;1;2;1;0;2;3;2;1;0;2;2;1;4;1;19;38;65;63;0.4;1.12;1.52;0;0;0;0;0;0;1;1;0;0;0;0;1;0;-1;-1;-1;-1;-1;-1;-1;-1;-1;9;9;47;64;92;17;82;65;47;9.97;1.6;4.7;2.19;Jelgava;Rīgas FS;1.13;1.5;1.2;2.17;1.2;2.3;92;92;54;37;9;54;44;44;1.35;1.39;2.74;1930;32;N;N;N;N;N;N;N
551180;1088;963;2019;complete;4402;12;-1;52,90;82;2;1;3;2;10;12;0;1;0;3;0;0;0;2;0;0;0;2;14;14;44;56;0;3;4.65;3.95;1.56;1.01;1.15;1.53;2.35;4.33;11.75;4.6;2.3;1.51;1.19;1.62;2.15;6.5;1.1;2.62;1.44;2.5;1.22;1.14;4.5;2.3;2.1;4.5;2.87;1.83;0;0;0;0;1.78;0;0;0;0;2.04;0;0;0;0;0;2.87;17;1.4;10;2.87;0;0;0;0;0;0;0;0;1.28;2.37;5.5;15;3.5;1.53;1.14;1.03;0;0;0;0;3;0;0;2;1;3;0;2019-05-12 15:00:00;1088;0;68;23;45;0;1;1;1;8;1;2;9;3;0;1;0;2;1;2;-1;0;0;0;0;0;0;0;1;0;1;0;0;0;1;1;0;0;0;2;0;0;-1;-1;-1;-1;-1;-1;-1;-1;-1;23;23;65;90;100;43;90;100;45;8.65;3.25;5.35;3.25;Metta - LU;Ventspils;1;1;0.6;0.25;0.6;1.3;78;78;35;10;0;45;33;23;1.5;1.46;2.96;1930;32;Y;Y;Y;N;N;N;Y
551181;6910;1089;2019;complete;4402;12;-1;53;;1;0;1;2;8;10;1;1;0;0;0;0;4;7;2;6;6;13;13;17;39;61;0;0;4.7;3.85;1.57;1.02;1.24;1.8;3.05;6;9.25;3.55;1.87;1.32;1.1;1.87;1.83;4.5;1.16;2.1;1.66;2.37;1.22;1.16;5;2.3;2.1;4.75;2.6;1.9;0;0;0;0;1.78;0;0;0;0;2.04;0;0;0;0;0;3.2;11;1.4;8;2.5;0;0;0;0;0;0;0;0;1.4;2.75;8;21;2.75;1.4;1.08;1.01;0;0;0;0;1;0;0;1;0;1;0;2019-05-13 16:00:00;6910;0;30;10;10;0;1;-1;0;4;2;4;4;6;0;0;0;0;0;0;1;38;97;101;161;0.95;2.02;2.97;-1;-1;-1;-1;-1;-1;-1;1;0;0;0;2;-1;-1;-1;-1;-1;-1;-1;-1;-1;-1;-1;0;20;30;60;90;30;90;50;10;12.4;2;4.4;2;Valmiera / BSS;Riga;1.56;2;1.6;2.4;1.56;2.2;100;80;70;40;10;50;50;40;1.34;1.5;2.84;1930;32;Y;N;N;N;N;N;N
551182;1090;1088;2019;complete;4402;13;-1;51,80;18,90;2;2;4;15;4;19;2;1;3;3;0;0;7;6;7;1;14;7;13;11;60;40;3;3;1.3;4.95;7.5;1.01;1.18;1.62;2.55;4.5;10.75;4.2;2.1;1.43;1.15;2;1.71;1.83;1.83;7.5;1.07;1.06;1.14;3.5;1.81;2.54;6.5;1.53;3;7.5;0;0;0;0;1.85;0;0;0;0;1.97;0;0;0;0;0;1.22;15;4.33;2.05;15;0;0;0;0;0;0;0;0;1.3;2.37;6;15;3.4;1.53;1.12;1.03;0;0;0;0;4;0;1;2;1;3;1;2019-05-17 15:00:00;-1;0;55;0;55;0;1;1;8;3;7;1;11;8;1;1;2;2;2;4;1;96;44;141;104;2.07;1.19;3.27;0;0;0;0;0;0;1;1;0;0;2;0;0;0;-1;-1;-1;-1;-1;-1;-1;-1;-1;0;13;55;78;88;0;55;88;68;9.65;3.7;5.75;2.33;Rīgas FS;Metta - LU;2.19;0.63;2.5;0.6;2.18;0.82;100;88;45;23;13;78;65;55;1.29;1.39;2.68;1930;32;Y;Y;Y;Y;N;N;Y
551183;63;1086;2019;complete;4402;13;-1;68;;1;0;1;4;4;8;5;1;1;2;0;0;4;2;4;4;8;6;20;16;60;40;1;2;2.05;3.25;3.15;1.08;1.5;2.55;5;8.5;6.15;2.35;1.43;1.13;1.02;2.25;1.56;2.2;1.61;3.25;1.33;1.33;1.28;1.8;2.75;1.95;4.33;2.4;2.25;4;0;0;0;0;1.83;0;0;0;0;1.98;0;0;0;0;0;1.66;7;2.6;2.87;4.75;0;0;0;0;0;0;0;0;1.53;3.75;11;26;2.37;1.25;1.05;1.01;0;0;0;0;1;0;0;1;0;1;0;2019-05-17 16:00:00;63;0;65;20;35;0;1;1;3;2;1;2;5;3;0;1;1;1;1;2;1;92;48;129;83;1.46;0.87;2.33;0;0;0;0;0;0;1;1;0;0;0;0;0;0;-1;-1;-1;-1;-1;-1;-1;-1;-1;13;13;45;65;78;30;65;58;35;7;2.75;5.15;2.13;Liepāja;Jelgava;1.38;1.25;1;1.2;0.8;1.18;88;88;55;35;23;55;45;45;1.37;1.27;2.64;1930;32;Y;N;N;N;N;N;N
551184;963;6910;2019;complete;4402;13;-1;59,75;65,71;2;2;4;12;2;14;1;2;1;3;0;0;5;7;7;3;12;10;17;9;59;41;1;3;1.65;3.7;4.35;1.01;1.2;1.69;2.75;5;10.25;3.9;2;1.38;1.13;1.74;1.95;0;0;0;0;1.13;1.2;2.2;2.1;2.3;4.5;1.83;2.75;4.5;0;0;0;0;1.84;0;0;0;0;1.98;0;0;0;0;0;1.44;13;2.88;2.7;9;0;0;0;0;0;0;0;0;1.3;2.5;6;12;3.2;1.5;1.11;1.02;0;0;0;0;4;0;0;2;2;4;0;2019-05-18 15:10:00;-1;0;46;17;21;0;1;1;4;1;8;1;5;9;0;2;1;1;2;2;1;85;55;116;97;1.72;1.52;3.25;2;1;2;1;0;0;1;1;0;0;1;0;0;0;-1;-1;-1;-1;-1;-1;-1;-1;-1;13;13;21;75;100;29;88;71;21;9.25;3.75;5.83;2.21;Ventspils;Valmiera / BSS;1.94;1.31;2;1.5;1.18;1.7;88;88;79;25;0;46;25;25;1.73;1.44;3.17;1930;32;Y;Y;Y;Y;N;N;Y
551185;1089;1091;2019;complete;4402;13;-1;21,41,74,79;;4;0;4;2;6;8;2;2;0;1;0;0;2;7;6;6;8;13;13;14;50;50;0;1;1.13;6.25;15;1.02;1.23;1.77;2.9;5.3;9.5;3.65;1.95;1.34;1.11;3.15;1.29;1.3;3.4;8.5;1.05;1.01;1.1;5.5;1.5;2.62;17;1.3;3.4;19;0;0;0;0;0;0;0;0;0;0;0;0;0;0;0;1.09;11;9;1.4;34;1.31;2.36;6;15;3.13;1.52;1.11;1.02;1.2;2;4;10;4.33;1.72;1.22;1.06;0;0;0;0;4;2;0;2;0;2;2;2019-07-20 15:00:00;1089;0;42;12;24;0;-1;1;-1;-1;-1;-1;-1;-1;0;1;0;0;1;0;1;49;78;90;122;1.01;1.88;2.88;0;0;0;0;0;0;1;1;0;0;-1;-1;0;0;-1;-1;-1;-1;-1;-1;-1;-1;-1;18;18;30;66;95;18;60;72;36;8.56;2.47;5.02;2.37;Riga;BFC Daugavpils;2.13;0.75;1.89;1;2;1.17;82;82;71;35;6;66;53;42;1.66;1.11;2.77;1930;32;Y;Y;Y;Y;N;N;N
551186;1088;63;2019;complete;4402;14;-1;68;11,31;1;2;3;7;1;8;4;6;2;2;0;0;9;5;2;8;11;13;14;23;52;48;2;2;4.6;3.6;1.62;1.03;1.29;1.95;3.4;6;8.25;3.2;1.74;1.26;1.08;1.95;1.74;4.5;1.16;2.1;1.66;2.37;1.22;1.14;5;2.1;2.3;4.5;2.5;2;0;0;0;0;1.84;0;0;0;0;1.98;0;0;0;0;0;3.2;11;1.4;8;2.5;0;0;0;0;0;0;0;0;1.36;2.88;7;15;2.88;1.36;1.07;1.01;0;0;0;0;3;0;2;1;0;1;2;2019-05-21 15:30:00;63;0;50;9;34;0;1;1;3;0;4;1;3;5;2;0;0;2;2;2;1;37;35;63;65;1.59;1.42;3.01;0;0;0;0;0;0;1;1;0;0;0;0;0;0;-1;-1;-1;-1;-1;-1;-1;-1;-1;9;9;50;67;100;25;67;84;42;9.67;3.16;5.84;2.34;Metta - LU;Liepāja;1;1.06;1;0.67;0.83;1;92;92;50;34;0;59;50;42;1.5;1.34;2.84;1930;32;Y;Y;Y;N;N;N;Y
551187;1086;1087;2019;complete;4402;14;-1;;11,68,82;0;3;3;1;8;9;1;0;3;1;0;0;7;8;1;6;8;14;14;14;52;48;3;1;2.4;3.25;2.55;1.05;1.38;2.2;4.05;8;7.25;2.75;1.59;1.19;1.04;1.95;1.74;3;1.36;2.62;1.44;1.53;1.28;1.5;3.4;2;3.1;3.1;2.3;2.75;0;0;0;0;1.83;0;0;0;0;1.98;0;0;0;0;0;2.2;8.5;1.83;4;3.75;0;0;0;0;0;0;0;0;1.44;3.26;10;26;2.58;1.3;1.06;1.01;0;0;0;0;3;0;1;0;2;2;1;2019-05-21 15:30:00;1087;0;45;10;35;0;-1;1;-1;-1;-1;-1;-1;-1;0;1;3;0;1;3;1;51;67;115;113;1.38;1.93;3.31;0;0;0;0;0;0;1;1;0;0;-1;-1;0;0;-1;-1;-1;-1;-1;-1;-1;-1;-1;10;10;55;55;82;20;64;64;35;9.1;1.07;6.13;2.12;Jelgava;Spartaks Jūrmala;1.13;1;1.17;0.8;1.08;1.18;90;90;45;45;19;47;39;39;1.19;1.29;2.48;1930;32;Y;Y;Y;N;N;N;N
551188;1091;963;2019;complete;4402;14;-1;;23,54,62;0;3;3;5;5;10;1;2;2;3;0;0;0;5;6;8;6;13;11;16;51;49;2;3;6.95;4.05;1.38;1.04;1.32;2;3.6;0;8;3.05;1.69;1.24;1.06;2.3;1.54;0;0;0;0;3.5;1.17;1.04;0;0;0;8.5;2.62;1.62;0;0;0;0;0;0;0;0;0;0;0;0;0;0;0;0;0;0;0;0;0;0;0;0;0;0;0;0;1.4;3;8;23;2.75;1.36;1.08;1.01;0;0;0;0;3;0;1;0;2;2;1;2019-05-22 15:00:00;963;0;49;19;30;0;1;1;3;2;2;3;5;5;2;1;0;2;3;2;1;82;71;115;120;0.98;1.69;2.67;0;0;0;0;0;0;1;1;0;0;0;2;1;1;-1;-1;-1;-1;-1;-1;-1;-1;-1;19;19;47;67;100;27;74;75;30;10.2;3.17;5.47;2.7;BFC Daugavpils;Ventspils;1.19;1;1.5;0.2;1.45;1.17;82;82;54;34;0;64;45;45;1.25;1.46;2.71;1930;32;Y;Y;Y;N;N;N;N
551189;1090;6910;2019;complete;4402;14;-1;;30;0;1;1;6;2;8;4;1;3;2;0;0;3;4;7;3;10;7;14;16;65;35;3;2;1.37;3.95;7.25;1.02;1.26;1.83;3.1;5.5;9;3.45;1.83;1.3;1.09;2.1;1.62;1.72;2;6.5;1.1;1.04;1.22;3.25;2;2.15;6.75;1.61;2.75;8;0;0;0;0;1.73;0;0;0;0;2.1;0;0;0;0;0;1.28;9.5;4.5;2;15;0;0;0;0;0;0;0;0;1.36;2.75;7;19;3;1.4;1.1;1.02;0;0;0;0;1;0;1;0;0;0;1;2019-05-22 16:45:00;6910;0;50;0;50;0;1;1;5;1;1;1;6;2;2;0;1;2;2;3;1;106;31;170;100;1.62;0.96;2.58;0;0;0;0;0;0;1;1;0;0;3;0;0;0;-1;-1;-1;-1;-1;-1;-1;-1;-1;10;40;50;70;90;10;60;80;60;9.8;3.8;6.2;2.6;Rīgas FS;Valmiera / BSS;2.19;1.31;2.2;1.4;2.08;1.64;90;60;50;30;10;60;40;40;1.45;1.46;2.91;1930;32;Y;N;N;N;N;N;N
551190;1087;1088;2019;complete;4402;15;-1;4;;1;0;1;3;10;13;2;3;2;2;0;0;4;6;9;15;13;21;16;12;49;51;2;2;1.69;3.75;3.9;1;1.14;1.5;2.25;4.33;12;4.75;2.35;1.54;1.2;1.53;2.3;3;1.36;5;1.14;1.22;1.25;2;2.3;2.38;4.1;2.12;2.71;3.86;0;0;0;0;1.81;0;0;0;0;2.01;0;0;0;0;0;1.53;15;2.5;3.5;8;0;0;0;0;0;0;0;0;1.26;2.33;5.5;15;3.52;1.54;1.13;1.03;0;0;0;0;1;1;0;0;0;0;1;2019-05-25 13:10:00;1087;0;59;17;50;0;1;1;1;3;2;7;4;9;1;2;1;0;3;1;1;42;44;69;73;1.4;2.05;3.45;0;0;0;0;0;0;1;1;1;0;1;0;0;0;-1;-1;-1;-1;-1;-1;-1;-1;-1;17;34;67;83;100;34;75;100;50;8;2.67;5.5;3.17;Spartaks Jūrmala;Metta - LU;1.75;0.63;1.5;0.67;1.33;0.77;84;67;33;17;0;67;58;50;1.35;1.35;2.7;1930;32;Y;N;N;N;N;N;N
551191;63;6910;2019;complete;4402;15;-1;51;;1;0;1;10;2;12;3;0;2;4;0;0;6;3;3;4;9;7;23;18;56;44;2;4;1.74;3.4;4.1;1.05;1.37;2.15;4;7.5;7.25;2.8;1.61;1.2;1.05;2.05;1.67;2.1;1.66;3.75;1.25;1.22;1.29;2.1;2.33;2.13;5;2.1;2.4;4.2;0;0;0;0;0;0;0;0;0;0;0;0;0;0;0;1.57;8.5;2.8;2.62;6.5;0;0;0;0;0;0;0;0;1.4;3.05;8;21;2.74;1.33;1.06;1;0;0;0;0;1;0;0;1;0;1;0;2019-05-26 12:00:00;63;0;37;0;37;0;1;1;9;0;1;2;9;3;1;1;1;3;2;4;1;82;45;123;103;1.59;0.99;2.58;0;0;0;0;0;0;1;1;0;0;3;0;0;0;-1;-1;-1;-1;-1;-1;-1;-1;-1;19;27;37;45;90;9;54;74;37;6.5;4.4;4.9;2.17;Liepāja;Valmiera / BSS;1.38;1.31;1.4;1.67;1.17;1.75;82;74;64;55;10;37;29;29;1.39;1.38;2.77;1930;32;Y;N;N;N;N;N;N
551192;963;1089;2019;complete;4402;15;-1;78;;1;0;1;2;5;7;1;2;0;1;0;0;3;10;4;13;7;23;12;20;45;55;0;1;2.7;3.2;2.3;1.04;1.34;2.1;3.8;7.5;7.5;2.9;1.65;1.21;1.05;1.87;1.8;3.25;1.33;2.75;1.4;1.57;1.28;1.44;3.52;2.07;3.02;3.1;2.37;2.62;0;0;0;0;1.84;0;0;0;0;1.98;0;0;0;0;0;2.25;9;1.8;4.5;3.75;0;0;0;0;0;0;0;0;1.44;3.25;9;26;2.62;1.33;1.07;1.01;0;0;0;0;1;0;0;1;0;1;0;2019-05-26 14:00:00;963;0;50;22;22;0;1;1;0;3;2;2;3;4;0;0;0;1;0;1;1;20;52;48;78;0.8;2.51;3.31;0;0;0;0;0;0;1;1;0;0;0;0;0;0;-1;-1;-1;-1;-1;-1;-1;-1;-1;0;22;43;79;100;36;86;71;22;12.86;2.14;4.86;2.43;Ventspils;Riga;1.94;2;1.86;2.14;1.31;2.08;100;79;57;22;0;57;50;36;1.73;1.63;3.36;1930;32;Y;N;N;N;N;N;N
551193;1090;1091;2019;complete;4402;15;-1;56,61,85;21,46;3;2;5;15;1;16;2;2;1;2;0;0;6;4;12;3;18;7;11;15;67;33;1;2;1.38;4.4;5.95;0;0;2.05;0;0;0;0;1.75;0;0;2.75;1.4;0;0;0;0;1.03;1.14;4;0;0;0;1.5;2.75;10;0;0;0;0;0;0;0;0;0;0;0;0;0;0;0;0;0;0;0;0;0;0;0;0;0;0;0;0;1.4;2.75;8;21;2.75;1.4;1.08;1.02;0;0;0;0;5;0;1;3;1;4;1;2019-05-27 16:00:00;1090;0;45;10;35;0;1;1;7;1;8;0;8;8;0;0;1;2;0;3;1;112;46;164;99;2.37;1.07;3.43;0;0;0;0;0;0;1;1;0;0;3;0;0;0;-1;-1;-1;-1;-1;-1;-1;-1;-1;10;27;35;64;92;10;64;74;44;9.8;3;5.7;2.27;Rīgas FS;BFC Daugavpils;2.19;0.75;1.83;1.4;1.92;1.33;90;74;65;37;9;64;45;45;1.48;1.11;2.59;1930;32;Y;Y;Y;Y;Y;N;Y
551194;6910;1087;2019;complete;4402;16;-1;64;59,70;1;2;3;4;2;6;5;2;2;3;0;0;6;6;4;2;10;8;17;22;52;48;2;3;2.7;3.15;2.35;1.02;1.26;1.83;3.1;6;9;3.45;1.83;1.3;1.09;1.67;2.05;3.75;1.25;3.25;1.33;1.5;1.29;1.36;3.3;2;3.1;3;2.4;2.75;0;0;0;0;1.85;0;0;0;0;1.98;0;0;0;0;0;2;7.5;2.1;5.5;4.33;0;0;0;0;0;0;0;0;1.4;2.88;7.5;15;2.75;1.36;1.06;1.01;0;0;0;0;3;0;0;1;2;3;0;2019-05-31 15:00:00;1087;0;25;9;9;0;-1;1;-1;-1;-1;-1;-1;-1;1;0;1;3;1;4;1;63;67;141;124;1.52;1.42;2.95;1;0;1;0;0;0;1;1;0;0;-1;-1;1;0;-1;-1;-1;-1;-1;-1;-1;-1;-1;9;9;34;59;83;25;67;59;17;12.5;1.66;5.33;1.92;Valmiera / BSS;Spartaks Jūrmala;1.56;1;1.83;1.17;1.62;1.46;92;92;67;42;17;67;59;50;1.27;1.39;2.66;1930;32;Y;Y;Y;N;N;N;Y
551195;1088;1086;2019;complete;4402;16;-1;9,68;85;2;1;3;2;7;9;0;1;6;2;0;0;5;4;5;5;10;9;13;19;44;56;6;2;2.9;3.05;2.25;1.05;1.39;2.2;4.15;7.5;7;2.7;1.57;1.18;1.04;1.95;1.77;3;1.36;2.75;1.4;1.5;1.33;1.33;3.6;1.91;3.2;3.25;2.25;2.8;0;0;0;0;1.83;0;0;0;0;1.98;0;0;0;0;0;2.1;7.5;1.91;4.5;4;0;0;0;0;0;0;0;0;1.5;3.5;9.5;34;2.5;1.25;1.04;1;0;0;0;0;3;1;0;1;1;2;1;2019-05-31 16:30:00;1088;0;69;24;30;0;1;1;2;3;0;4;5;4;1;0;5;2;1;7;1;63;104;80;120;1.44;1.6;3.04;1;1;1;1;0;0;1;1;1;0;1;1;0;0;-1;-1;-1;-1;-1;-1;-1;-1;-1;7;7;60;77;92;54;69;75;30;6.88;2.29;4.47;2.42;Metta - LU;Jelgava;1;1.25;0.86;1;0.71;1;93;93;41;24;9;47;38;31;1.51;1.2;2.71;1930;32;Y;Y;Y;N;N;N;Y
551196;1091;63;2019;complete;4402;16;-1;67;;1;0;1;8;8;16;-1;-1;0;1;0;0;4;3;9;6;13;9;-1;-1;50;50;0;1;3.6;3.5;1.83;0;0;1.8;0;0;0;0;2;0;0;1.91;1.8;0;0;0;0;2.38;1.22;1.14;0;0;0;4.75;2.62;1.91;0;0;0;0;0;0;0;0;0;0;0;0;0;0;0;0;0;0;0;0;0;0;0;0;0;0;0;0;1.36;2.75;7;21;3;1.4;1.1;1.02;0;0;0;0;1;0;0;1;0;1;0;2019-06-01 13:00:00;1091;0;29;7;7;0;1;1;7;2;1;6;9;7;0;0;0;1;0;1;1;56;87;98;112;1.51;1.41;2.92;0;0;0;0;0;0;1;1;0;0;1;0;0;0;-1;-1;-1;-1;-1;-1;-1;-1;-1;7;7;36;50;100;22;71;64;22;9.85;4;6;2;BFC Daugavpils;Liepāja;1.19;1.06;1.29;1;1.23;1.31;93;93;64;50;0;64;50;43;1.21;1.35;2.56;1930;32;Y;N;N;N;N;N;N
551197;1089;1090;2019;complete;4402;16;-1;63,89;;2;0;2;4;8;12;2;2;0;3;0;1;5;0;4;6;9;6;16;16;44;56;0;4;2;3.35;3.15;1.07;1.44;2.4;4.5;8.5;7.5;2.62;1.53;1.16;1.05;2.1;1.66;2.62;1.44;2.75;1.4;1.39;1.35;1.49;3.15;1.97;3.64;2.87;2.25;3.1;0;0;0;0;0;0;0;0;0;0;0;0;0;0;0;2.07;5.9;2.25;3.75;4;0;0;0;0;0;0;0;0;1.53;3.5;11;26;2.37;1.28;1.05;1.01;0;0;0;0;2;0;0;2;0;2;0;2019-06-01 15:00:00;1089;0;35;17;25;0;1;1;1;2;3;6;3;9;0;2;0;2;2;2;1;30;33;67;63;1.14;0.62;1.76;0;0;0;0;0;0;1;1;0;0;1;1;0;0;-1;-1;-1;-1;-1;-1;-1;-1;-1;7;7;25;59;86;25;76;42;25;11.71;1.94;6.03;1.83;Riga;Rīgas FS;2.13;1.5;2;2;1.92;2;93;93;76;42;15;59;59;49;1.7;1.36;3.06;1930;32;Y;Y;N;N;N;N;N
551198;1086;6910;2019;complete;4402;17;-1;;39;0;1;1;2;2;4;4;1;2;5;0;0;4;4;4;0;8;4;20;20;49;51;2;5;2.35;3.15;2.65;1.04;1.31;2;3.5;6.55;8.25;3.1;1.71;1.25;1.07;1.77;1.91;2.5;1.5;3.25;1.33;1.35;1.34;1.55;2.98;1.99;3.84;2.73;2.24;3.5;0;0;0;0;1.92;0;0;0;0;1.92;0;0;1.63;7.82;2.98;1.97;6.15;2.34;3.5;5;0;0;0;0;0;0;0;0;1.51;3.2;9.5;34;2.39;1.3;1.04;1;0;0;0;0;1;0;1;0;0;0;1;2019-06-15 12:00:00;6910;0;36;0;36;0;1;1;0;2;2;0;2;2;1;0;1;5;1;6;1;54;42;90;92;1.18;0.85;2.03;0;0;0;0;0;0;1;1;0;0;0;0;0;0;-1;-1;-1;-1;-1;-1;-1;-1;-1;7;15;43;50;93;7;64;71;43;5.57;2.42;5.14;2.07;Jelgava;Valmiera / BSS;1.13;1.31;1;1.43;0.93;1.5;93;86;57;50;7;43;22;22;1.22;1.32;2.54;1930;32;Y;N;N;N;N;N;N
551199;1090;963;2019;complete;4402;17;-1;42,62,88,90;45;4;1;5;8;5;13;2;3;2;3;0;1;6;4;5;5;11;9;19;17;50;50;2;4;2.01;3.33;3.82;1.05;1.36;2.1;3.75;7;8.5;3;1.7;1.25;1.08;1.95;1.75;2.5;1.5;3.75;1.25;1.3;1.33;1.8;2.7;2.05;3.9;2.4;2.35;3.7;0;0;0;1.7;1.89;0;0;0;2.14;1.93;0;0;1.43;7.44;4.02;1.66;8.5;2.5;3.2;5.8;0;0;0;0;0;0;0;0;1.44;3.25;9;26;2.6;1.33;1.07;1.01;0;0;0;0;5;1;1;3;0;3;2;2019-06-15 13:10:00;1090;0;62;9;54;0;1;1;4;4;4;1;8;5;1;1;1;3;2;4;1;59;61;82;103;1.54;1.3;2.84;2;0;2;0;0;0;1;1;0;0;1;2;0;0;-1;-1;-1;-1;-1;-1;-1;-1;-1;16;30;62;86;93;9;77;86;69;14.14;4;5.97;3.02;Rīgas FS;Ventspils;2.19;1;2;0.67;1.87;1.43;85;70;38;15;7;69;54;45;1.61;1.51;3.12;1930;32;Y;Y;Y;Y;Y;N;Y
551200;63;1089;2019;complete;4402;17;-1;19;23,60;1;2;3;9;5;14;1;2;4;3;0;0;6;2;5;5;11;7;15;28;51;49;4;3;3.55;3.15;1.95;1.08;1.48;2.5;4.8;9.25;6.35;2.45;1.47;1.14;1.02;2.2;1.57;3.4;1.3;2.1;1.66;1.8;1.3;1.28;4.5;1.95;2.65;4.2;2.2;2.4;0;0;0;0;1.83;0;0;0;0;1.98;0;0;3.03;7.58;1.62;2.87;7;1.61;5.5;2.75;0;0;0;0;0;0;0;0;1.5;3.75;11;34;2.4;1.25;1.05;1;0;0;0;0;3;1;1;0;1;1;2;2019-06-15 16:00:00;1089;0;29;7;23;0;1;1;2;5;7;0;7;7;1;1;3;2;2;5;1;73;53;112;100;1.65;0.98;2.62;0;1;0;1;0;0;1;1;0;0;0;2;0;0;-1;-1;-1;-1;-1;-1;-1;-1;-1;9;21;42;42;92;19;54;79;23;10.5;3.38;4.08;2.04;Liepāja;Riga;1.38;2;1.67;1.88;1.21;2;92;79;59;59;9;44;44;32;1.42;1.74;3.16;1930;32;Y;Y;Y;N;N;N;Y
551201;1087;1091;2019;complete;4402;17;-1;47,72,90;;3;0;3;10;4;14;0;1;2;2;0;0;8;6;9;7;17;13;21;12;55;45;2;2;1.59;3.65;4.9;1.04;1.31;2;3.5;6.55;8.25;3.1;1.71;1.25;1.07;2;1.71;0;0;0;0;1.12;1.29;2.38;0;0;0;1.91;2.62;4.75;0;0;0;0;0;0;0;0;0;0;0;0;0;0;0;0;0;0;0;0;0;0;0;0;0;0;0;0;1.36;2.75;7;19;3;1.4;1.1;1.02;0;0;0;0;3;0;0;3;0;3;0;2019-06-16 14:00:00;1087;0;47;23;31;0;1;1;7;2;3;2;9;5;0;0;2;2;0;4;1;46;21;70;70;1.96;1.39;3.35;0;0;0;0;0;0;1;1;0;0;3;0;0;0;-1;-1;-1;-1;-1;-1;-1;-1;-1;31;38;45;69;100;37;77;85;31;6.07;2.03;5.31;2.98;Spartaks Jūrmala;BFC Daugavpils;1.75;0.75;1.71;1.17;1.57;1.36;69;62;55;31;0;62;47;47;1.35;1.1;2.45;1930;32;Y;Y;Y;N;N;N;N
551202;963;63;2019;complete;4402;18;-1;77;31;1;1;2;4;4;8;2;4;3;6;0;0;8;8;6;2;14;10;24;20;52;48;3;6;2.15;3.2;3.05;1.04;1.31;2;3.5;6.5;8.25;3.1;1.71;1.25;1.07;1.8;1.87;3;1.36;3.5;1.28;1.36;1.31;1.59;2.81;2.13;3.66;2.58;2.4;3.4;0;0;0;0;0;0;0;0;0;0;0;0;0;0;0;1.91;7.4;2.28;3.8;4.8;0;0;0;0;0;0;0;0;1.4;2.9;7.5;17;2.75;1.36;1.06;1;0;0;0;0;2;0;1;1;0;1;1;2019-04-28 14:10:00;-1;0;38;13;25;0;1;1;3;2;1;2;5;3;2;2;1;4;4;5;1;31;31;61;53;1.66;1.41;3.08;0;0;0;0;0;0;1;1;0;0;0;0;0;0;-1;-1;-1;-1;-1;-1;-1;-1;-1;0;0;25;75;100;13;88;63;38;12.5;2;5.5;2;Ventspils;Liepāja;1.94;1.06;2.5;0.75;1.57;0.86;100;100;75;25;0;75;50;50;1.79;1.29;3.08;1930;32;Y;Y;N;N;N;N;Y
551203;1091;1086;2019;complete;4402;18;-1;;13,45;0;2;2;4;8;12;-1;-1;4;1;0;0;0;5;4;3;4;8;-1;-1;50;50;4;1;2.2;3.1;3;0;0;2.7;0;0;0;0;1.44;0;0;2.25;1.57;0;0;0;0;1.53;1.36;1.4;0;0;0;3.25;2.2;2.88;0;0;0;0;0;0;0;0;0;0;0;0;0;0;0;0;0;0;0;0;0;0;0;0;0;0;0;0;1.57;3.75;13;19;2.25;1.25;1.04;1.02;0;0;0;0;2;0;2;0;0;0;2;2019-06-21 15:00:00;1086;0;42;21;15;0;1;1;3;2;1;6;5;7;2;1;2;0;3;2;1;77;52;116;89;0.82;1.24;2.06;0;0;0;0;0;0;1;1;0;0;0;0;0;0;-1;-1;-1;-1;-1;-1;-1;-1;-1;7;7;41;55;93;34;67;60;21;8.34;1.88;4.54;2;BFC Daugavpils;Jelgava;1.19;1.25;1.5;0.86;1.27;0.87;94;94;60;46;7;66;46;40;1.25;1.26;2.51;1930;32;Y;Y;N;N;N;N;N
551204;1089;1087;2019;complete;4402;18;-1;15,18,45,49,67,90;59;6;1;7;5;2;7;1;0;2;2;0;0;10;2;8;5;18;7;13;22;51;49;2;2;1.67;3.6;4.25;1.03;1.3;1.95;3.4;6;10;3.4;1.85;1.3;1.11;2.1;1.67;2;1.72;5;1.14;1.12;1.24;2.3;2.13;2.22;5.6;1.83;2.5;5.5;0;0;0;0;0;0;0;0;0;0;0;0;0;0;0;1.4;9.5;3.4;2.4;9;0;0;0;0;0;0;0;0;1.39;2.72;7.5;17;2.76;1.4;1.06;1.01;0;0;0;0;7;3;0;3;1;4;3;2019-06-21 16:00:00;1089;0;38;16;23;0;1;1;1;1;4;1;2;5;0;2;2;0;2;2;1;36;32;68;69;2.09;0.82;2.91;0;0;0;0;0;0;1;1;0;0;1;0;0;0;-1;-1;-1;-1;-1;-1;-1;-1;-1;7;7;44;69;93;23;62;61;38;11.1;1.57;6.29;2.2;Riga;Spartaks Jūrmala;2.13;1;2.17;1.43;2.07;1.67;93;93;56;31;7;62;55;47;1.61;1.4;3.01;1930;32;Y;Y;Y;Y;Y;Y;Y
551205;6910;1088;2019;complete;4402;18;-1;;66,85;0;2;2;8;3;11;0;1;1;1;0;0;3;6;8;2;11;8;18;16;58;42;1;1;1.83;3.4;3.7;1.04;1.33;2.05;3.75;7;9;3.25;1.75;1.25;1.08;1.73;2;2.75;1.4;3.5;1.28;1.36;1.31;1.58;2.84;2.11;3.66;2.5;2.4;3.3;0;0;0;0;0;0;0;0;0;0;0;0;0;0;0;1.8;9;2.25;3.75;5;0;0;0;0;0;0;0;0;1.41;2.8;7.5;17;2.69;1.38;1.06;1.01;0;0;0;0;2;0;0;0;2;2;0;2019-06-21 16:00:00;1088;0;43;0;36;0;1;1;5;2;3;1;7;4;0;1;1;0;1;1;1;88;41;101;78;1.54;1.23;2.76;0;0;0;0;0;0;1;1;0;0;1;0;0;0;-1;-1;-1;-1;-1;-1;-1;-1;-1;0;7;36;64;93;7;64;72;36;11.28;4;4.14;2;Valmiera / BSS;Metta - LU;1.56;0.63;1.57;0.57;1.6;0.87;100;93;65;36;7;72;72;57;1.31;1.45;2.76;1930;32;Y;Y;N;N;N;N;N
551206;963;1087;2019;complete;4402;19;-1;29,31;13,52;2;2;4;11;2;13;2;2;3;3;1;1;7;3;8;3;15;6;16;19;54;46;4;4;2.1;3.4;2.9;1.01;1.2;1.6;2.5;4.33;15;4.33;2.3;1.5;1.2;1.5;2.5;3.4;1.3;4.5;1.16;1.28;1.3;1.8;2.5;2.3;3.5;2.3;2.7;3.3;0;0;0;0;1.74;0;0;0;0;2.1;0;0;1.94;9.96;2.23;1.66;15;2.3;4;7;0;0;0;0;0;0;0;0;1.29;2.38;5.5;12;3.25;1.53;1.13;1.02;0;0;0;0;4;2;1;0;1;1;3;2019-06-25 15:00:00;-1;0;57;19;32;0;-1;1;-1;-1;-1;-1;-1;-1;2;1;2;3;3;5;1;69;35;100;60;1.93;0.85;2.78;0;1;0;1;0;0;1;1;0;0;-1;-1;0;0;-1;-1;-1;-1;-1;-1;-1;-1;-1;13;19;50;82;94;32;69;75;38;11.63;1.88;5.76;2.69;Ventspils;Spartaks Jūrmala;1.94;1;2;1.25;1.25;1.56;88;82;50;19;7;57;44;44;1.61;1.33;2.94;1930;32;Y;Y;Y;Y;N;N;Y
551207;1090;63;2019;complete;4402;19;-1;10;19,85;1;2;3;5;3;8;1;3;1;3;0;0;10;3;12;7;22;10;13;19;56;44;1;3;1.95;3.35;3.4;1.03;1.3;1.95;3.45;6.45;8.25;3.15;1.74;1.26;1.07;1.83;1.87;2.5;1.5;4;1.22;1.29;1.29;1.8;2.6;2.1;4;2.3;2.4;4;0;0;0;0;1.87;0;0;0;0;1.95;0;0;1.64;6.6;3.25;1.62;8.5;2.6;3.1;6;0;0;0;0;0;0;0;0;1.4;3;7.5;17;2.75;1.33;1.06;1.01;0;0;0;0;3;1;1;0;1;1;2;2019-06-25 17:00:00;63;0;51;7;32;0;1;1;2;2;3;1;4;4;1;2;0;1;3;1;1;32;31;76;62;2.31;1.07;3.38;0;0;0;0;0;0;1;1;1;0;0;1;0;0;-1;-1;-1;-1;-1;-1;-1;-1;-1;13;25;44;63;94;13;69;75;50;14.13;4.38;6.13;2.38;Rīgas FS;Liepāja;2.19;1.06;2.13;0.88;1.94;1.25;88;75;57;38;7;69;57;57;1.6;1.36;2.96;1930;32;Y;Y;Y;N;N;N;Y
551208;1091;1088;2019;complete;4402;19;-1;;;0;0;0;6;12;18;2;2;2;2;0;0;2;4;5;6;7;10;19;8;36;64;2;2;2.85;3.25;2.2;1.03;1.27;1.87;3.2;5.95;8.75;3.35;1.8;1.29;1.09;1.71;2;0;0;0;0;1.66;1.33;1.36;0;0;0;3.1;2.5;2.6;0;0;0;0;0;0;0;0;0;0;0;0;0;0;0;0;0;0;0;0;0;0;0;0;0;0;0;0;1.4;2.75;8;21;2.75;1.4;1.08;1.02;0;0;0;0;0;0;0;0;0;0;0;2019-06-26 16:45:00;-1;0;31;6;25;0;1;1;3;6;3;6;9;9;0;1;2;1;1;3;1;56;88;83;128;0.99;1.55;2.55;0;0;0;0;0;0;1;1;0;0;0;0;0;0;-1;-1;-1;-1;-1;-1;-1;-1;-1;6;12;42;60;100;17;65;72;37;9.44;2.67;4.44;2.19;BFC Daugavpils;Metta - LU;1.19;0.63;1.33;0.88;1.19;1;95;89;59;41;0;83;78;66;1.2;1.43;2.63;1930;32;N;N;N;N;N;N;N
551209;1089;1086;2019;complete;4402;19;-1;;90;0;1;1;5;5;10;3;0;2;2;1;0;3;4;6;9;9;13;11;15;48;52;3;2;1.25;5;9.5;1.03;1.28;1.91;3.3;6.15;8.5;3.25;1.77;1.27;1.08;2.6;1.43;1.5;2.5;6.5;1.1;1.03;1.17;3.75;1.72;2.3;10;1.53;2.8;8.5;0;0;0;0;0;0;0;0;0;0;0;0;0;0;0;1.22;10;5;1.66;15;0;0;0;0;0;0;0;0;1.36;2.88;7.5;17;2.88;1.36;1.06;1;0;0;0;0;1;0;0;0;1;1;0;2019-06-26 17:00:00;1086;0;53;20;27;0;1;1;3;2;2;3;5;5;3;2;0;0;5;0;1;34;42;62;72;1.02;1.4;2.43;0;0;0;0;0;0;1;1;0;0;0;0;0;0;-1;-1;-1;-1;-1;-1;-1;-1;-1;7;7;34;73;94;40;73;54;34;9.82;1.75;4.99;2.29;Riga;Jelgava;2.13;1.25;2.29;1.13;2.13;1;93;93;67;27;7;60;48;41;1.67;1.25;2.92;1930;32;Y;N;N;N;N;N;N
551210;1087;1090;2019;complete;4402;20;-1;67;;1;0;1;4;5;9;0;1;2;2;0;0;8;11;9;11;17;22;16;11;48;52;2;2;3.45;3.45;1.91;1.03;1.29;1.95;3.4;6.35;8.25;3.2;1.74;1.26;1.08;1.83;1.83;4.5;1.16;2.25;1.57;2.2;1.25;1.22;5;2.1;2.25;4.5;2.5;2;0;0;0;0;1.68;2.23;0;0;0;2.19;1.66;0;4.21;9.11;1.37;2.8;10;1.53;7.5;2.75;0;0;0;0;0;0;0;0;1.36;2.88;7;15;2.88;1.36;1.07;1.01;0;0;0;0;1;0;0;1;0;1;0;2019-06-29 14:00:00;1087;0;32;19;25;0;1;1;1;2;3;3;3;6;1;1;1;1;2;2;1;67;82;107;123;2.12;2.74;4.86;0;0;0;0;0;0;1;1;0;0;0;2;0;0;-1;-1;-1;-1;-1;-1;-1;-1;-1;19;26;44;69;88;38;69;69;38;10.38;2;5.63;2.57;Spartaks Jūrmala;Rīgas FS;1.75;1.5;1.88;1.75;1.53;1.82;82;76;57;32;13;63;57;57;1.43;1.26;2.69;1930;32;Y;N;N;N;N;N;N
551211;1088;1089;2019;complete;4402;20;-1;;6,62,69,74;0;4;4;7;1;8;0;3;3;0;0;0;8;2;4;7;12;9;13;15;58;42;3;0;5.95;4.4;1.38;1.04;1.28;1.8;2.98;6;9.5;3.26;2;1.33;1.11;2;1.73;5.5;1.12;2;1.72;2.52;1.22;1.09;6.15;2.29;2;1.8;2.62;5.5;0;0;0;0;1.84;0;0;0;0;1.98;0;0;6.94;11.23;1.23;3.4;10;1.36;10;2.3;0;0;0;0;0;0;0;0;1.36;2.62;7;21;2.89;1.43;1.1;1.02;0;0;0;0;4;0;1;0;3;3;1;2019-06-30 16:00:00;1089;0;54;18;31;0;-1;1;-1;-1;-1;-1;-1;-1;1;0;2;0;1;2;1;88;59;124;107;1.96;1.14;3.1;0;0;0;0;0;0;1;1;0;1;-1;-1;0;0;-1;-1;-1;-1;-1;-1;-1;-1;-1;7;18;72;72;100;47;77;89;31;8.94;2.13;4.52;2.67;Metta - LU;Riga;1;2;1.13;2;1;2;94;83;29;29;0;47;41;24;1.5;1.66;3.16;1930;32;Y;Y;Y;Y;N;N;N
551212;6910;1091;2019;complete;4402;20;-1;48;10;1;1;2;4;5;9;0;2;2;2;0;0;7;4;15;2;22;6;11;14;59;41;2;2;1.57;3.8;4.7;0;0;2.08;0;0;0;0;1.73;0;0;1.91;1.8;0;0;0;0;1.29;1.29;1.83;2.1;2.2;5;2.25;2.4;3.75;0;0;0;0;0;0;0;0;0;0;0;0;0;0;0;0;0;0;0;0;0;0;0;0;0;0;0;0;1.44;3.25;9;23;2.62;1.33;1.07;1.01;0;0;0;0;2;0;1;1;0;1;1;2019-06-30 14:10:00;-1;0;34;7;21;0;1;1;2;3;2;2;5;4;1;0;1;2;1;3;1;53;25;76;65;2.25;0.85;3.09;0;0;0;0;0;0;1;1;0;1;0;3;0;0;-1;-1;-1;-1;-1;-1;-1;-1;-1;15;15;28;67;94;14;54;75;34;9.09;2.77;4.02;2.17;Valmiera / BSS;BFC Daugavpils;1.56;0.75;1.38;1;1.5;1.18;86;86;73;34;7;67;60;54;1.34;1.14;2.48;1930;32;Y;Y;N;N;N;N;Y
551213;1086;963;2019;complete;4402;20;-1;51;23,87;1;2;3;7;5;12;0;5;3;1;0;0;6;6;5;5;11;11;18;14;50;50;3;1;2.95;3.6;2;1.06;1.4;2.25;3.84;8;7.5;2.68;1.62;1.21;1.06;1.91;1.8;3.25;1.33;2.62;1.44;1.59;1.32;1.34;3;2.1;3.4;3.25;2.3;2.62;0;0;0;0;1.83;0;0;0;0;2;0;0;3.06;9.22;1.57;2.2;7.5;1.83;4.75;3.6;0;0;0;0;0;0;0;0;1.44;3.04;10;26;2.58;1.33;1.06;1.01;0;0;0;0;3;0;1;1;1;2;1;2019-06-30 16:00:00;963;0;51;13;38;0;1;1;6;2;1;3;8;4;2;0;1;1;2;2;1;65;63;89;88;1.58;1.57;3.15;0;0;0;0;0;0;1;1;0;0;1;0;0;0;-1;-1;-1;-1;-1;-1;-1;-1;-1;13;19;63;75;94;19;82;82;57;9.38;3.01;5.01;2.76;Jelgava;Ventspils;1.13;1;0.88;0.5;1.12;1.24;88;82;38;25;7;57;38;32;1.21;1.43;2.64;1930;32;Y;Y;Y;N;N;N;Y
551214;1089;6910;2019;complete;4402;21;-1;;;0;0;0;6;0;6;1;0;3;3;0;0;8;0;12;2;20;2;13;17;73;27;3;3;1.33;4.85;6.75;1.01;1.16;1.56;2.4;4.2;11.5;4.45;2.25;1.49;1.18;1.87;1.83;0;0;0;0;1.07;1.14;3.5;0;0;0;1.53;3.1;7.5;0;0;0;0;0;0;0;0;0;0;0;0;0;0;0;0;0;0;0;0;0;0;0;0;0;0;0;0;1.29;2.25;5.5;15;3.5;1.57;1.14;1.03;0;0;0;0;0;0;0;0;0;0;0;2019-07-04 16:00:00;-1;0;32;7;25;0;-1;1;-1;-1;-1;-1;-1;-1;0;0;3;3;0;6;1;51;13;89;42;2.18;0.23;2.41;0;0;0;0;0;0;1;1;0;0;-1;-1;0;0;-1;-1;-1;-1;-1;-1;-1;-1;-1;13;19;25;51;100;19;63;63;32;7.88;2.88;5.88;2.19;Riga;Valmiera / BSS;2.13;1.31;2;1.63;2.06;1.47;88;82;75;51;0;51;44;32;1.59;1.26;2.85;1930;32;N;N;N;N;N;N;N
551215;63;1087;2019;complete;4402;21;-1;16,90;24,28;2;2;4;7;2;9;4;1;2;3;0;0;4;5;9;4;13;9;7;19;64;36;2;3;1.67;3.5;4.25;1.03;1.29;1.95;3.4;6.35;8.25;3.2;1.74;1.26;1.08;1.87;1.83;0;0;0;0;1.17;1.33;2.1;0;0;0;2.05;2.5;4.33;0;0;0;0;0;0;0;0;0;0;0;0;0;0;0;0;0;0;0;0;0;0;0;0;0;0;0;0;1.44;3;8;23;2.62;1.36;1.08;1.01;0;0;0;0;4;1;2;1;0;1;3;2019-07-05 16:45:00;-1;0;47;18;29;0;-1;1;-1;-1;-1;-1;-1;-1;2;0;0;3;2;3;1;103;49;143;102;1.85;1.28;3.13;0;0;0;0;0;0;1;1;0;0;-1;-1;0;0;-1;-1;-1;-1;-1;-1;-1;-1;-1;18;29;64;64;89;35;59;83;35;10.17;3.05;5.47;2.74;Liepāja;Spartaks Jūrmala;1.38;1;1.63;1.22;1.35;1.61;83;71;36;36;12;60;54;54;1.54;1.27;2.81;1930;32;Y;Y;Y;Y;N;N;Y
551216;963;1088;2019;complete;4402;21;-1;22,90;70;2;1;3;6;8;14;3;3;3;2;0;0;4;5;4;6;8;11;19;13;51;49;3;2;1.43;4.05;5.7;1.01;1.18;1.62;2.6;4.6;10.75;4.1;2.1;1.43;1.15;1.8;1.91;0;0;0;0;1.1;1.22;2.62;0;0;0;1.73;2.88;5.5;0;0;0;0;0;0;0;0;0;0;0;0;0;0;0;0;0;0;0;0;0;0;0;0;0;0;0;0;1.3;2.38;6;15;3.4;1.53;1.12;1.03;0;0;0;0;3;1;0;1;1;2;1;2019-07-06 14:00:00;963;0;56;17;33;0;1;1;2;5;4;3;7;7;0;0;3;2;0;5;1;66;80;115;120;1.27;1.63;2.9;0;0;0;0;0;0;1;1;0;0;0;0;0;0;-1;-1;-1;-1;-1;-1;-1;-1;-1;0;17;39;78;95;17;67;78;39;12.78;3.44;4.78;2.28;Ventspils;Metta - LU;1.94;0.63;1.89;0.89;1.33;0.94;100;84;62;22;6;78;73;67;1.65;1.44;3.09;1930;32;Y;Y;Y;N;N;N;Y
551217;1090;1086;2019;complete;4402;21;-1;37,82;;2;0;2;8;4;12;2;0;5;3;0;0;5;4;9;10;14;14;20;28;52;48;5;3;1.47;3.9;5.75;1.03;1.3;1.95;3.45;6.45;8.25;3.15;1.74;1.25;1.07;2.1;1.62;0;0;0;0;1.08;1.22;2.75;0;0;0;1.8;2.6;6;0;0;0;0;0;0;0;0;0;0;0;0;0;0;0;0;0;0;0;0;0;0;0;0;0;0;0;0;1.4;3;8;21;2.75;1.36;1.08;1.02;0;0;0;0;2;1;0;1;0;1;1;2019-07-06 16:00:00;1090;0;62;22;33;0;1;1;2;2;6;2;4;8;3;1;2;2;4;4;1;32;35;66;63;1.46;1.41;2.87;0;0;0;0;0;0;1;1;0;0;2;0;0;0;-1;-1;-1;-1;-1;-1;-1;-1;-1;11;22;50;73;89;33;73;67;45;12.11;2.56;4.89;2.45;Rīgas FS;Jelgava;2.19;1.25;1.89;1.33;1.72;1.06;89;78;50;28;11;67;50;45;1.68;1.27;2.95;1930;32;Y;Y;N;N;N;N;N
551218;1091;1089;2019;complete;4402;22;-1;;9,18,55;0;3;3;2;6;8;0;1;4;3;0;0;2;7;6;6;8;13;15;24;50;50;4;3;4.95;3.75;1.56;1.03;1.28;1.91;3.3;0;8.5;3.25;1.77;1.27;1.08;1.87;1.83;0;0;0;0;0;0;0;0;0;0;0;0;0;0;0;0;0;0;0;0;0;0;0;0;0;0;0;0;0;0;0;0;0;0;0;0;0;0;0;0;0;0;0;0;0;0;0;0;0;0;0;0;0;3;0;2;0;1;1;2;2019-05-18 15:30:00;1089;0;27;19;9;0;-1;1;-1;-1;-1;-1;-1;-1;2;0;2;3;2;5;1;0;0;0;0;1.01;1.88;2.88;0;0;0;0;0;0;1;1;0;1;-1;-1;0;0;-1;-1;-1;-1;-1;-1;-1;-1;-1;10;27;35;35;100;27;72;54;9;9.9;2.07;4.07;2.07;BFC Daugavpils;Riga;1.19;2;1.8;2;1.6;2;90;74;65;65;0;65;55;39;1.3;1.59;2.89;1930;32;Y;Y;Y;N;N;N;N
551219;1088;1090;2019;complete;4402;22;-1;79;66;1;1;2;8;7;15;0;2;2;1;0;0;5;6;18;10;23;16;13;13;45;55;2;1;5.1;3.9;1.53;1.02;1.22;1.74;2.85;5.25;9.75;3.7;1.95;1.35;1.12;1.83;1.87;5.5;1.12;2.2;1.61;2.46;1.2;1.12;6.5;2.3;1.91;5;2.75;1.83;0;0;0;0;0;0;0;0;0;0;0;0;0;0;0;3.25;12;1.36;10;2.5;1.32;2.41;6;13;3.1;1.5;1.1;1.01;1.24;2.01;3.94;9;3.86;1.79;1.24;1.06;0;0;0;0;2;0;0;1;1;2;0;2019-07-21 13:00:00;-1;0;45;11;33;0;1;1;4;3;4;4;7;8;0;0;2;1;0;3;1;32;37;61;70;2.02;1.69;3.71;0;0;0;0;0;0;1;1;0;0;0;0;0;0;-1;-1;-1;-1;-1;-1;-1;-1;-1;11;17;56;73;89;33;67;78;45;9.78;2.22;5.23;2.45;Metta - LU;Rīgas FS;1;1.5;1;1.56;0.89;1.79;89;84;45;28;11;56;45;39;1.56;1.43;2.99;1930;32;Y;Y;N;N;N;N;Y
551220;6910;963;2019;complete;4402;22;-1;58,88;;2;0;2;3;6;9;1;0;4;6;1;0;10;3;9;6;19;9;18;16;47;53;5;6;3.05;3.3;2.1;1.03;1.29;1.91;3.35;6.25;8.5;3.2;1.77;1.27;1.08;1.77;1.91;4.33;1.2;3;1.36;1.72;1.28;1.28;3.6;2.2;2.6;3.4;2.6;2.3;0;0;0;0;0;0;0;0;0;0;0;0;0;0;0;2.37;12;1.66;6.5;3.75;1.36;2.62;6.5;19;3;1.44;1.11;1.02;1.2;1.9;4;10;4.33;1.8;1.22;1.06;0;0;0;0;2;0;0;2;0;2;0;2019-09-29 13:00:00;6910;0;52;12;32;0;1;1;2;3;1;3;5;4;2;2;3;4;4;7;1;44;31;72;85;2.21;1.01;3.22;1;0;1;0;0;0;1;1;0;0;1;2;0;0;-1;-1;-1;-1;-1;-1;-1;-1;-1;12;20;47;76;92;24;72;80;48;10.54;3.89;4.77;2.58;Valmiera / BSS;Ventspils;1.56;1;1.5;1.15;1.35;1.59;89;81;53;24;8;65;52;44;1.36;1.55;2.91;1930;32;Y;Y;N;N;N;N;N
551221;1086;63;2019;complete;4402;22;-1;;;0;0;0;3;6;9;3;5;4;2;0;0;2;3;7;12;9;15;19;16;46;54;4;2;3;3.25;2.15;1.04;1.31;2;3.5;6.55;8.25;3.1;1.71;1.25;1.07;1.8;1.87;0;0;0;0;0;0;0;0;0;0;0;0;0;0;0;0;0;0;0;0;0;0;0;0;0;0;0;0;0;0;0;0;0;0;0;0;0;0;0;0;0;0;0;0;0;0;0;0;0;0;0;0;0;0;0;0;0;0;0;0;2019-07-21 15:30:00;-1;0;44;6;28;0;1;1;3;1;0;5;4;5;0;0;4;2;0;6;1;16;44;53;70;0.83;1.47;2.29;0;0;0;0;0;0;1;1;0;0;0;0;0;0;-1;-1;-1;-1;-1;-1;-1;-1;-1;0;0;45;56;95;11;73;73;39;9.11;3.44;5.55;1.95;Jelgava;Liepāja;1.13;1.06;0.78;1.11;1;1.33;100;100;56;44;6;50;33;33;1.25;1.33;2.58;1930;32;N;N;N;N;N;N;N
551222;1087;1086;2019;complete;4402;23;-1;54;28,77;1;2;3;7;5;12;1;1;2;1;0;0;4;6;10;2;14;8;4;2;54;46;2;1;1.69;4.25;3.55;1.02;1.36;2.05;3.75;7;11;3;1.75;1.25;1.08;2;1.89;2.75;1.4;3.4;1.3;1.4;1.2;1.66;2.75;2.1;3.6;2.52;2.39;3.56;0;0;0;0;0;0;0;0;0;0;0;0;0;0;0;1.66;11;2.37;3.4;4.5;1.42;2.8;6.7;17;2.65;1.38;1.07;1.01;1.26;2.23;4.3;11;3.5;1.58;1.18;1.03;0;0;0;0;3;0;1;1;1;2;1;2019-07-27 15:10:00;1086;0;42;21;21;0;1;1;4;1;3;4;5;7;1;1;1;0;2;1;1;43;34;78;71;1.47;1.18;2.65;0;0;0;0;0;0;1;1;0;0;0;0;0;0;-1;-1;-1;-1;-1;-1;-1;-1;-1;11;17;43;69;95;42;69;75;27;8.63;1.27;5.09;2.45;Spartaks Jūrmala;Jelgava;1.75;1.25;2;1.2;1.58;1;89;84;57;32;5;69;47;42;1.51;1.29;2.8;1930;32;Y;Y;Y;N;N;N;Y
551223;963;1091;2019;complete;4402;23;-1;7,65,71;;3;0;3;8;7;15;2;3;1;2;0;0;7;6;8;9;15;15;13;18;55;45;1;2;1.31;4.6;7.75;1.01;1.2;1.6;2.5;4;15;4.33;2.3;1.5;1.22;2;1.72;1.8;1.9;8.5;1.05;1.03;1.12;3.75;1.73;2.5;7;1.53;3.1;7.5;0;0;0;1.46;1.43;1.68;2.27;0;2.57;2.8;2.2;1.64;1.07;16.56;12.91;1.18;15;5;1.95;15;1.3;2.32;6;12;3.2;1.54;1.13;1.02;1.18;1.9;3.17;8.3;4.68;1.88;1.35;1.06;0;0;0;0;3;1;0;2;0;2;1;2019-07-28 14:00:00;963;0;59;24;29;0;1;1;2;2;6;5;4;11;1;2;0;0;3;0;1;68;63;87;87;1.92;1.82;3.74;0;0;0;0;0;0;1;1;1;0;1;0;0;0;-1;-1;-1;-1;-1;-1;-1;-1;-1;11;30;45;85;100;29;75;86;40;10.24;3.24;4.73;2.71;Ventspils;BFC Daugavpils;1.94;0.75;1.91;0.89;1.4;1.11;89;70;56;16;0;66;50;50;1.71;1.19;2.9;1930;32;Y;Y;Y;N;N;N;N
551224;1088;63;2019;complete;4402;23;-1;21,55;37,85,89;2;3;5;1;5;6;1;1;2;3;1;0;7;8;11;4;18;12;12;12;48;52;3;3;3.65;3.8;1.74;1.02;1.28;1.85;3.25;5.5;12;3.5;1.95;1.33;1.12;1.8;1.91;4.33;1.2;2.5;1.5;2;1.2;1.22;4.33;2.2;2.38;4.4;2.55;2.05;0;0;0;1.46;1.74;2.22;0;0;2.57;2.11;1.66;0;3.84;8.96;1.42;2.75;12;1.5;7.5;2.8;1.37;2.62;6.5;13;2.84;1.43;1.08;1.01;1.28;2.14;4.46;10;3.54;1.7;1.2;1.04;0;0;0;0;5;1;1;1;2;3;2;2019-07-28 14:00:00;63;0;55;10;30;0;1;1;0;3;1;2;3;3;1;1;2;2;2;4;1;58;82;82;84;2.04;1.9;3.94;0;2;0;2;0;0;1;1;0;0;0;2;0;0;-1;-1;-1;-1;-1;-1;-1;-1;-1;5;10;55;70;95;30;65;85;40;10;3.6;5.6;2.35;Metta - LU;Liepāja;1;1.06;1;1.1;0.9;1.32;95;90;45;30;5;55;40;35;1.61;1.34;2.95;1930;32;Y;Y;Y;Y;Y;N;Y
551225;1090;6910;2019;complete;4402;23;-1;20;;1;0;1;3;13;16;4;1;2;2;0;0;4;3;10;7;14;10;21;11;49;51;2;2;1.62;3.4;4.95;1.02;1.25;1.8;3;5.5;11;3.75;2;1.36;1.12;2;1.72;2;1.72;6;1.11;1.07;1.2;2.62;2.2;2.2;5.5;1.72;2.75;6;0;0;0;1.45;1.85;2.47;0;0;2.58;1.97;1.5;0;1.28;9.86;6.14;1.33;11;3.6;2.25;10;1.34;2.63;6;13;3;1.44;1.1;1.01;1.23;1.99;3.84;10;3.96;1.8;1.26;1.04;0;0;0;0;1;1;0;0;0;0;1;2019-07-28 16:00:00;1090;0;45;15;35;0;1;1;2;4;1;9;6;10;0;0;2;2;0;4;1;70;88;104;100;1.67;1.48;3.15;0;0;0;0;0;0;1;1;0;0;1;1;0;0;-1;-1;-1;-1;-1;-1;-1;-1;-1;15;35;45;60;90;20;70;70;45;9.8;3.3;6;2.45;Rīgas FS;Valmiera / BSS;2.19;1.31;2;1.5;1.75;1.42;85;65;55;40;10;50;40;40;1.66;1.21;2.87;1930;32;Y;N;N;N;N;N;N
551226;1088;1087;2019;complete;4402;24;-1;72;64;1;1;2;3;3;6;2;2;1;3;0;1;6;4;11;9;17;13;20;29;54;46;1;4;2.96;3.3;2.28;1.04;1.27;1.88;2.93;5.4;8.3;3.34;1.92;1.34;1.12;1.83;2.06;3.75;1.25;3;1.36;1.61;1.29;1.37;3.62;2.19;2.76;3.4;2.54;2.58;0;0;0;1.42;1.78;2.37;0;0;2.84;2.05;1.58;0;2.37;7.82;1.95;2.24;8.3;1.88;6;3.25;1.37;2.58;6.2;17;2.88;1.44;1.09;1.01;1.25;2.1;4.06;10;3.76;1.72;1.23;1.04;0;0;0;0;2;0;0;1;1;2;0;2019-08-03 15:00:00;-1;0;67;24;43;0;1;1;1;1;2;2;2;4;0;1;1;3;1;4;1;33;33;67;81;1.73;1.34;3.07;0;0;0;0;0;0;1;1;0;0;0;0;0;0;-1;-1;-1;-1;-1;-1;-1;-1;-1;19;34;81;86;95;48;72;90;52;8.4;1.61;5.84;3.24;Metta - LU;Spartaks Jūrmala;1;1;0.91;1.2;0.86;1.5;81;67;19;15;5;53;38;34;1.65;1.27;2.92;1930;32;Y;Y;N;N;N;N;Y
551227;6910;63;2019;complete;4402;24;-1;25,58;59;2;1;3;0;7;7;3;6;3;2;0;0;4;7;6;16;10;23;27;14;39;61;3;2;2.8;3.5;2.1;1.06;1.4;2.07;4.33;7.5;8;2.75;1.72;1.2;1.07;2.1;1.67;3.75;1.25;2.2;1.61;1.83;1.25;1.22;3.6;2.1;2.88;4.5;2.3;2.2;0;0;0;1.48;1.92;2.55;0;0;2.64;1.91;1.51;0;4.04;8.93;1.4;2.87;8;1.57;7;2.5;1.46;3.37;8.5;34;2.71;1.31;1.05;1;1.3;2.41;5.95;13;3.38;1.55;1.12;1.02;0;0;0;0;3;1;0;1;1;2;1;2019-08-04 16:00:00;6910;0;39;9;15;0;-1;1;-1;-1;-1;-1;-1;-1;0;2;3;0;2;3;1;35;37;78;93;1.17;2.2;3.37;0;0;0;0;0;0;1;1;0;0;-1;-1;0;2;-1;-1;-1;-1;-1;-1;-1;-1;-1;5;5;24;61;90;19;60;70;25;11.75;3.99;4.89;1.84;Valmiera / BSS;Liepāja;1.56;1.06;1.33;1.27;1.35;1.4;96;96;77;39;10;61;46;40;1.44;1.39;2.83;1930;32;Y;Y;Y;N;N;N;Y
551228;1089;963;2019;complete;4402;24;-1;;;0;0;0;11;0;11;2;2;2;5;1;0;6;4;13;4;19;8;16;19;50;50;3;5;1.54;3.9;4.95;1.02;1.22;1.74;2.85;5.25;9.75;3.7;1.95;1.35;1.12;1.8;1.87;2.2;1.61;5;1.14;1.14;1.2;2.37;2.05;2.25;5.5;1.9;2.62;4.75;0;0;0;1.5;1.94;2.59;0;0;2.59;1.88;1.5;0;1.35;8.37;4.6;1.4;12;3.2;2.5;8.5;1.36;2.75;7;21;3;1.4;1.1;1.01;1.22;2;4.33;11;4;1.72;1.2;1.05;0;0;0;0;0;0;0;0;0;0;0;2019-09-18 15:00:00;-1;0;45;13;31;0;-1;1;-1;-1;-1;-1;-1;-1;2;2;1;3;4;4;1;0;0;0;0;1.92;0.99;2.91;0;0;0;0;0;0;1;1;0;0;-1;-1;0;0;-1;-1;-1;-1;-1;-1;-1;-1;-1;18;26;53;75;96;26;70;84;53;11.16;3.93;5.05;2.85;Riga;Ventspils;2.13;1;2.17;1.18;2.21;1.64;83;74;47;26;4;57;53;39;1.69;1.49;3.18;1930;32;N;N;N;N;N;N;N
551229;1091;1090;2019;complete;4402;24;-1;;81;0;1;1;2;11;13;1;1;3;2;0;0;3;6;7;17;10;23;25;17;32;68;3;2;7.25;4.4;1.32;1.02;1.23;1.77;2.9;5.3;9.5;3.65;1.95;1.34;1.11;2.1;1.62;7;1.08;1.72;2;3.4;1.16;1.04;6;2.38;1.91;8;2.87;1.57;0;0;0;1.45;1.54;1.68;2.38;0;2.58;2.48;2.19;1.58;5.36;12.65;1.23;4.5;11;1.25;15;1.95;1.36;2.62;6.5;19;3;1.44;1.11;1.02;1.2;2;4;11;4.33;1.73;1.22;1.05;0;0;0;0;1;0;0;0;1;1;0;2019-08-05 15:00:00;1090;0;20;10;15;0;1;1;1;7;1;4;8;5;1;1;2;1;2;3;1;34;48;66;84;1.09;2.21;3.3;0;0;0;0;0;0;1;1;0;0;1;2;0;0;-1;-1;-1;-1;-1;-1;-1;-1;-1;10;10;25;50;85;25;55;55;25;10.7;2.1;4.8;1.8;BFC Daugavpils;Rīgas FS;1.19;1.5;1.3;1.5;1.05;1.81;90;90;75;50;15;75;65;60;1.18;1.45;2.63;1930;32;Y;N;N;N;N;N;N
551230;1087;6910;2019;complete;4402;25;-1;45,78,90;;3;0;3;6;3;9;2;4;1;2;0;0;12;5;15;8;27;13;16;12;57;43;1;2;2.1;3.2;3.1;1.04;1.29;1.95;3.4;6;9.5;3.5;1.85;1.3;1.11;1.8;1.91;2.75;1.4;4;1.22;1.25;1.33;1.73;2.62;2.1;4;2.38;2.5;3.4;0;0;0;0;0;0;0;0;0;0;0;0;0;0;0;0;0;0;0;0;1.4;2.75;8;21;2.75;1.4;1.08;1.02;1.22;2.1;4.5;11;4;1.67;1.18;1.05;0;0;0;0;3;1;0;2;0;2;1;2019-08-10 13:00:00;1087;0;34;15;29;0;1;1;2;3;4;0;5;4;0;0;1;2;0;3;1;52;45;82;82;2.9;1.5;4.4;1;0;1;0;0;0;1;1;0;0;0;0;0;0;-1;-1;-1;-1;-1;-1;-1;-1;-1;15;29;44;53;96;29;67;73;34;7.6;2.06;5.71;2.46;Spartaks Jūrmala;Valmiera / BSS;1.75;1.31;1.8;1.36;1.48;1.43;86;72;57;47;5;53;39;39;1.5;1.23;2.73;1930;32;Y;Y;Y;N;N;N;N
551231;1086;1088;2019;complete;4402;25;-1;21;;1;0;1;6;4;10;1;0;3;0;0;0;4;2;5;8;9;10;19;13;47;53;3;0;1.91;3.25;3.5;1.05;1.33;2.1;3.75;7;8.5;3.25;1.7;1.25;1.08;1.83;1.83;2.5;1.5;3.75;1.25;1.29;1.36;1.73;2.75;2.05;4;2.4;2.4;3.6;0;0;0;0;0;0;0;0;0;0;0;0;0;0;0;0;0;0;0;0;1.44;3.25;9;23;2.62;1.33;1.07;1.01;1.25;2.2;5;13;3.75;1.62;1.17;1.04;0;0;0;0;1;1;0;0;0;0;1;2019-08-10 15:00:00;1086;0;45;0;45;0;1;1;3;2;3;2;5;5;3;0;0;0;3;0;1;89;71;81;101;1.49;1.29;2.77;0;0;0;0;0;0;1;1;0;0;2;0;1;0;-1;-1;-1;-1;-1;-1;-1;-1;-1;0;5;50;60;85;0;65;70;55;9.3;3.3;4.6;2;Jelgava;Metta - LU;1.13;0.63;0.8;0.8;1.1;0.86;100;95;50;40;15;70;55;50;1.21;1.46;2.67;1930;32;Y;N;N;N;N;N;N
551232;63;1091;2019;complete;4402;25;-1;89;17,29;1;2;3;10;9;19;1;1;4;2;0;0;6;5;8;11;14;16;18;19;61;39;4;2;1.5;4.1;5;1.02;1.25;2;3;5;12;3.75;1.8;1.36;1.14;2.25;1.57;1.67;2.1;7;1.08;1.04;1.12;3.5;2.05;2.2;5.5;1.53;2.88;8.5;0;0;0;0;0;0;0;0;0;0;0;0;0;0;0;0;0;0;0;0;1.33;2.62;6.5;19;3.25;1.44;1.11;1.02;1.2;2;4;11;4.33;1.73;1.22;1.05;0;0;0;0;3;0;2;1;0;1;2;2019-08-11 14:00:00;1091;0;42;16;21;0;1;1;5;7;5;2;12;7;0;1;4;1;1;5;1;88;70;102;81;1.93;1.86;3.79;0;0;0;0;0;0;1;1;0;0;2;0;0;0;-1;-1;-1;-1;-1;-1;-1;-1;-1;16;32;53;68;95;27;63;90;36;9.37;4.06;4.22;2.62;Liepāja;BFC Daugavpils;1.38;0.75;1.56;0.8;1.33;1;85;69;47;32;6;69;53;53;1.57;1.26;2.83;1930;32;Y;Y;Y;N;N;N;Y
551233;1090;1089;2019;complete;4402;25;-1;32;45,76;1;2;3;1;5;6;2;1;1;2;0;0;3;3;7;8;10;11;14;17;51;49;1;2;2.6;3.4;2.3;1.06;1.44;2.07;4.33;8;8;2.62;1.72;1.2;1.06;2.1;1.67;3.25;1.33;2.5;1.5;1.62;1.29;1.36;3.4;2.05;3;3.4;2.3;2.6;0;0;0;0;0;0;0;0;0;0;0;0;0;0;0;0;0;0;0;0;1.5;3.5;11;0;2.5;1.29;1.05;0;1.3;2.5;6;17;3.4;1.5;1.12;1.02;0;0;0;0;3;1;1;0;1;1;2;2019-08-11 16:00:00;1089;0;43;19;23;0;1;1;1;5;0;0;6;0;0;1;1;1;1;2;1;34;33;73;83;1.09;1.15;2.24;0;0;0;0;0;0;1;1;0;0;1;2;0;0;-1;-1;-1;-1;-1;-1;-1;-1;-1;9;33;58;67;96;29;81;77;38;12.36;3.29;4.61;2.62;Rīgas FS;Riga;2.19;2;2.09;2.1;1.86;2.05;91;67;43;34;5;57;52;42;1.66;1.6;3.26;1930;32;Y;Y;Y;N;N;N;Y
551234;6910;1086;2019;complete;4402;26;-1;27,79,84;42;3;1;4;3;6;9;0;0;2;4;0;1;6;3;2;1;8;4;5;8;53;47;2;5;2.3;3.35;2.6;1.01;1.35;2.07;3.48;6.65;7.5;2.88;1.72;1.25;1.03;1.83;1.87;0;0;0;0;1.57;1.28;1.36;3.5;2.05;2.87;3.44;2.38;2.59;0;0;0;1.49;1.93;2.56;0;0;2.62;1.9;1.51;0;2.13;7.75;2.15;2.25;9.5;1.72;4.75;3.9;1.44;2.88;8;17;2.6;1.36;1.06;1.01;1.29;2.25;4.7;11;3.3;1.57;1.15;1.03;0;0;0;0;4;1;1;2;0;2;2;2019-08-17 13:00:00;6910;0;48;9;24;0;1;1;2;1;1;5;3;6;0;2;2;3;2;5;1;45;33;66;49;1.25;0.7;1.95;0;0;0;0;0;0;1;1;0;0;0;1;0;0;-1;-1;-1;-1;-1;-1;-1;-1;-1;0;0;28;72;91;23;67;67;29;9.86;2.24;4.09;1.9;Valmiera / BSS;Jelgava;1.56;1.25;1.5;1.36;1.36;1.18;100;100;72;29;10;67;53;43;1.41;1.28;2.69;1930;32;Y;Y;Y;Y;N;N;Y
551235;1091;1087;2019;complete;4402;26;-1;51,80;10,38,59;2;3;5;6;3;9;3;1;3;3;0;0;7;5;7;5;14;10;17;12;55;45;3;3;3.5;3.75;1.8;1.04;1.25;1.95;2.83;5.2;9.25;3.48;1.85;1.36;1.07;1.68;2.06;0;0;0;0;1.83;1.22;1.28;4;2.2;2.5;3.92;2.57;2.32;0;0;0;1.44;1.58;2.01;2.85;0;2.74;2.38;1.81;1.42;3.68;9.78;1.43;2.6;11;1.57;6.5;3.2;1.35;2.52;6.5;13;2.93;1.46;1.08;1.01;1.24;2;3.96;10;3.86;1.72;1.24;1.04;0;0;0;0;5;0;2;2;1;3;2;2019-08-17 15:00:00;1087;0;37;18;18;0;1;1;2;3;4;0;5;4;0;0;3;3;0;6;1;84;49;101;79;1.98;1.34;3.31;0;0;0;0;0;0;1;1;0;1;1;1;0;0;-1;-1;-1;-1;-1;-1;-1;-1;-1;14;23;50;59;91;36;60;69;27;8.72;1.64;5.72;2.46;BFC Daugavpils;Spartaks Jūrmala;1.19;1;1.18;1.18;1.09;1.55;87;78;50;41;9;69;55;50;1.17;1.28;2.45;1930;32;Y;Y;Y;Y;Y;N;Y
551236;963;1090;2019;complete;4402;26;-1;8,72,89;;3;0;3;4;5;9;1;1;4;3;0;0;5;2;7;7;12;9;13;13;42;58;4;3;2.3;3.4;2.6;1.02;1.28;1.85;3.25;5.5;11;3.5;1.95;1.33;1.12;1.67;2.1;3.75;1.25;3.25;1.33;1.61;1.25;1.36;3.4;2.2;2.87;3;2.5;2.63;0;0;0;0;1.51;1.91;2.54;0;0;2.46;1.92;1.47;2.33;8.24;2.01;2.2;11;1.72;5;4;1.36;2.55;6.5;15;2.89;1.45;1.08;1.01;1.25;2.07;4.06;10;3.76;1.74;1.23;1.04;0;0;0;0;3;1;0;2;0;2;1;2019-08-18 14:00:00;963;0;47;21;30;0;1;1;3;4;1;1;7;2;2;2;2;1;4;3;1;64;89;122;114;1.58;1.36;2.93;0;0;0;0;0;0;1;1;1;0;1;0;1;0;-1;-1;-1;-1;-1;-1;-1;-1;-1;5;17;34;74;91;26;64;74;39;13.45;3.19;4.94;2.2;Ventspils;Rīgas FS;1.94;1.5;2;1.64;1.48;1.78;96;83;66;27;9;70;61;61;1.73;1.52;3.25;1930;32;Y;Y;Y;N;N;N;N
551237;1089;63;2019;complete;4402;26;-1;82;;1;0;1;1;5;6;5;2;3;1;0;0;5;5;9;7;14;12;11;11;49;51;3;1;1.54;3.8;5;1.02;1.28;1.95;3.4;6;11;3.5;1.85;1.3;1.11;1.83;1.83;2.37;1.53;4.33;1.2;1.2;1.22;2;2.3;2.2;4.5;2.05;2.6;4.33;0;0;0;1.41;1.79;2.36;2.53;0;2.89;2.04;1.59;1.51;1.51;7.87;3.55;1.5;11;2.87;2.87;7;1.4;2.75;8;21;2.75;1.4;1.08;1.01;1.22;2.1;4.5;11;4;1.67;1.18;1.05;0;0;0;0;1;0;0;1;0;1;0;2019-08-18 16:00:00;1089;0;40;14;23;0;1;1;0;3;1;2;3;3;0;0;3;1;0;4;1;37;43;81;88;1.5;1.42;2.92;0;0;0;0;0;0;1;1;0;0;0;0;0;0;-1;-1;-1;-1;-1;-1;-1;-1;-1;9;14;36;59;91;28;64;68;37;10.95;4.13;5.52;2.19;Riga;Liepāja;2.13;1.06;2;1.17;2.1;1.27;91;86;64;41;9;50;42;32;1.59;1.46;3.05;1930;32;Y;N;N;N;N;N;N
551238;1088;6910;2019;complete;4402;27;-1;;;0;0;0;6;6;12;0;5;1;3;0;0;6;8;8;10;14;18;13;15;52;48;1;3;2.75;3.4;2.2;1.02;1.28;1.97;3;6;10;3.5;1.82;1.33;1.11;1.67;2.1;3.25;1.33;3.5;1.28;1.36;1.3;1.53;3.5;2.1;2.88;2.63;2.4;3.1;0;0;0;1.45;1.83;2.46;0;0;2.59;1.98;1.51;0;1.9;7.82;2.54;1.8;10;2.2;3.8;4.4;1.39;2.72;7;15;2.76;1.4;1.07;1.01;1.26;2.21;4.32;10;3.64;1.66;1.21;1.04;0;0;0;0;0;0;0;0;0;0;0;2019-08-25 16:30:00;-1;0;50;13;42;0;1;1;6;3;0;3;9;3;1;2;0;1;3;1;1;35;34;70;80;1.55;1.94;3.49;0;0;0;0;0;0;1;1;0;0;1;1;0;0;-1;-1;-1;-1;-1;-1;-1;-1;-1;13;25;54;67;96;30;67;79;50;6.92;2.58;5.33;2.54;Metta - LU;Valmiera / BSS;1;1.31;0.92;1.25;0.83;1.43;88;75;46;33;4;42;29;25;1.66;1.26;2.92;1930;32;N;N;N;N;N;N;N
551239;63;963;2019;complete;4402;27;-1;83;37,63;1;2;3;3;3;6;0;1;4;3;0;0;4;8;3;6;7;14;13;21;54;46;4;3;2.1;3.25;3.2;1.02;1.22;1.8;2.75;5;12;4;2;1.4;1.14;1.61;2.2;3.25;1.33;4;1.22;1.33;1.3;1.61;2.75;2.2;3.4;2.5;2.6;3.1;0;0;0;1.45;1.84;2.44;0;0;2.75;1.99;1.55;0;1.88;8.21;2.45;1.72;12;2.2;4;6;1.36;2.62;6.5;19;3;1.44;1.11;1.02;1.2;1.91;4;10;4.33;1.8;1.22;1.06;0;0;0;0;3;0;1;1;1;2;1;2019-08-24 16:00:00;963;0;59;21;32;0;1;1;1;2;2;1;3;3;2;0;2;3;2;5;1;33;28;62;54;0.96;1.64;2.6;0;0;0;0;0;0;1;1;0;0;0;0;0;0;-1;-1;-1;-1;-1;-1;-1;-1;-1;16;32;69;80;95;37;75;95;44;12.32;4.62;4.84;3.03;Liepāja;Ventspils;1.38;1;1.4;0.78;1.22;1.55;84;69;31;20;5;74;64;58;1.61;1.45;3.06;1930;32;Y;Y;Y;N;N;N;Y
551240;1086;1091;2019;complete;4402;27;-1;5,58;2,23;2;2;4;8;4;12;0;1;1;1;0;0;8;4;9;1;17;5;11;16;58;42;1;1;1.73;3.75;3.75;1.05;1.4;2;4;7.5;8.5;2.75;1.8;1.22;1.07;2.1;1.81;2.1;1.66;4;1.22;1.2;1.25;2;2.38;2.2;4.5;2.2;2.41;4.42;0;0;0;0;0;0;0;0;0;0;0;0;0;0;0;1.5;8.5;3;2.75;7;1.44;2.93;7.6;17;2.58;1.35;1.05;1.01;1.3;2.29;4.9;13;3.2;1.55;1.14;1.02;0;0;0;0;4;1;2;1;0;1;3;2019-08-25 13:00:00;-1;0;41;5;27;0;1;1;3;2;5;2;5;7;0;0;1;1;0;2;1;28;21;62;55;1.83;0.75;2.58;0;0;0;0;0;0;1;1;1;1;0;0;0;0;-1;-1;-1;-1;-1;-1;-1;-1;-1;9;14;50;64;91;14;73;73;45;7.82;2.63;4.64;2.28;Jelgava;BFC Daugavpils;1.13;0.75;1;1;1.13;1.04;91;87;50;37;9;64;41;37;1.23;1.31;2.54;1930;32;Y;Y;Y;Y;N;N;Y
551241;1087;1089;2019;complete;4402;27;-1;44,71;10,24,29,63;2;4;6;10;1;11;2;2;1;4;0;0;10;7;18;3;28;10;7;14;62;38;1;4;3.6;3.6;1.8;1.02;1.28;1.9;3.25;5.5;11;3.5;1.9;1.33;1.12;1.8;2.11;4.33;1.2;2.5;1.5;1.9;1.28;1.22;4.33;2.2;2.4;4.3;2.64;2.15;0;0;0;1.5;1.95;2.59;0;0;2.6;1.88;1.5;0;3.15;8.28;1.58;2.62;11;1.53;6.35;2.7;1.35;2.52;6.3;17;2.93;1.46;1.08;1.01;1.26;2.06;4.18;10;3.66;1.74;1.22;1.04;0;0;0;0;6;1;3;1;1;2;4;2019-08-25 15:00:00;1089;0;36;23;18;0;1;1;2;0;8;1;2;9;0;2;1;2;2;3;1;50;31;79;71;2.81;1.35;4.16;0;1;0;1;0;0;1;1;0;1;0;0;0;0;-1;-1;-1;-1;-1;-1;-1;-1;-1;9;27;64;69;100;41;78;87;32;9.73;2;4.37;2.78;Spartaks Jūrmala;Riga;1.75;2;1.91;2.18;1.61;2.14;91;73;36;32;0;55;41;32;1.63;1.56;3.19;1930;32;Y;Y;Y;Y;Y;Y;Y
551242;1088;1091;2019;complete;4402;28;-1;74;;1;0;1;7;5;12;4;0;1;2;0;0;6;8;8;8;14;16;12;23;55;45;1;2;2.45;3.4;2.45;1.04;1.27;1.86;2.88;5.2;8.6;3.34;1.94;1.35;1.13;1.7;2.26;3.25;1.33;4;1.22;1.33;1.25;1.61;2.75;2.2;3.4;2.53;2.56;3.46;0;0;0;0;0;0;0;0;0;0;0;0;0;0;0;1.72;12;2.25;4;5.5;1.36;2.55;6;13;2.89;1.45;1.09;1.02;1.24;2.07;3.96;9;3.86;1.74;1.24;1.06;0;0;0;0;1;0;0;1;0;1;0;2019-08-30 14:30:00;1088;0;60;16;36;0;1;1;5;2;2;3;7;5;0;1;1;1;1;2;1;31;39;71;74;1.53;1.85;3.37;1;0;1;0;0;0;1;1;0;0;1;0;0;0;-1;-1;-1;-1;-1;-1;-1;-1;-1;16;28;64;84;96;36;69;92;52;8.25;2.34;4.3;2.89;Metta - LU;BFC Daugavpils;1;0.75;0.92;1;0.83;1.04;84;72;37;16;4;61;48;45;1.65;1.26;2.91;1930;32;Y;N;N;N;N;N;N
551243;63;1090;2019;complete;4402;28;-1;1,23,44;31,49,90;3;3;6;5;6;11;2;2;4;5;0;0;4;5;0;0;4;5;19;22;55;45;4;5;3.4;3.4;1.91;1.04;1.28;1.9;2.98;5.4;8.3;3.26;1.9;1.33;1.12;1.83;2.05;4.33;1.2;2.5;1.5;1.9;1.25;1.2;4.33;2.2;2.4;3.86;2.54;2.25;0;0;0;0;1.52;1.93;2.57;0;0;2.54;1.9;1.51;2.68;7.95;1.76;2.62;10;1.53;7;3.1;1.36;2.58;6.2;15;2.89;1.44;1.09;1.02;1.24;2.06;4;10;3.6;1.68;1.2;1.04;0;0;0;0;6;3;1;0;2;2;4;2019-08-30 17:00:00;-1;0;40;13;26;0;1;1;3;4;2;2;7;4;2;1;2;4;3;6;-1;0;0;0;0;0;0;0;0;1;0;1;0;0;1;1;1;0;0;1;0;0;-1;-1;-1;-1;-1;-1;-1;-1;-1;9;18;45;61;87;27;57;79;35;12.15;3.43;4.97;2.19;Liepāja;Rīgas FS;1.38;1.5;1.27;1.5;1.17;1.71;92;83;56;39;13;70;57;57;1.55;1.51;3.06;1930;32;Y;Y;Y;Y;Y;Y;Y
551244;1087;963;2019;complete;4402;28;-1;;61;0;1;1;2;6;8;0;3;6;3;0;0;4;5;19;12;23;17;17;15;55;45;6;3;2.6;3.5;2.25;1.02;1.19;1.63;2.43;4;10;4.04;2.27;1.48;1.2;1.56;2.58;4.5;1.16;3.5;1.28;1.66;1.25;1.33;3.4;2.3;2.62;3.13;2.7;2.59;0;0;0;1.45;1.83;2.44;0;0;2.6;1.98;1.52;0;2.84;8.64;1.72;2.2;15;1.66;6;4.33;1.29;2.27;5.45;12.5;3.26;1.56;1.14;1.02;1.19;1.89;3.26;7.7;4.5;1.89;1.33;1.08;0;0;0;0;1;0;0;0;1;1;0;2019-08-31 13:00:00;963;0;56;23;42;0;1;1;0;4;2;2;4;4;1;2;5;1;3;6;1;47;40;78;80;2.06;1.71;3.77;0;0;0;0;0;0;1;1;0;0;0;3;0;0;-1;-1;-1;-1;-1;-1;-1;-1;-1;23;32;74;88;100;36;83;96;60;11.07;3.02;5;3.38;Spartaks Jūrmala;Ventspils;1.75;1;1.75;1;1.54;1.61;78;69;27;13;0;73;55;50;1.73;1.47;3.2;1930;32;Y;N;N;N;N;N;N
551245;1086;1089;2019;complete;4402;28;-1;;;0;0;0;3;3;6;1;1;2;0;0;0;2;2;7;6;9;8;17;13;48;52;2;0;7;4.6;1.32;1.03;1.27;1.87;3.2;5.95;8.75;3.35;1.8;1.29;1.09;2.3;1.53;6;1.11;1.72;2;3;1.2;1.03;7.5;2.25;1.9;7;2.72;1.71;0;0;0;1.55;2.07;2.77;0;0;2.45;1.76;1.44;0;6.82;11.19;1.19;4.5;9;1.28;15;1.95;1.39;2.72;6.4;13;2.76;1.4;1.08;1.02;1.24;2.16;4.1;10;3.6;1.62;1.2;1.04;0;0;0;0;0;0;0;0;0;0;0;2019-10-23 12:00:00;-1;0;47;18;25;0;1;1;2;2;1;1;4;2;1;0;1;0;1;1;1;31;31;88;88;0.94;0.88;1.82;0;0;0;0;0;0;1;1;0;0;0;0;0;0;-1;-1;-1;-1;-1;-1;-1;-1;-1;7;22;57;61;93;29;83;72;36;9.64;2.64;4.64;2.5;Jelgava;Riga;1.13;2;1.14;2.14;1.14;2.14;93;79;43;40;7;54;43;33;1.32;1.57;2.89;1930;32;N;N;N;N;N;N;N
551249;1090;1087;2019;complete;4402;29;-1;5,8,28,43,78,84;;6;0;6;10;8;18;3;1;1;1;0;0;19;7;10;8;29;15;16;14;53;47;1;1;1.67;3.8;4;1.02;1.28;1.85;3.25;5.5;12;3.5;1.95;1.33;1.12;1.83;2.06;2.5;1.5;4.5;1.16;1.2;1.22;2;2.25;2.2;4.5;2.12;2.68;4.34;0;0;0;0;1.51;1.92;2.56;0;0;2.45;1.91;1.46;1.34;9.53;5.06;1.44;11;2.87;2.9;7.5;1.34;2.49;6.2;15;2.98;1.47;1.09;1.02;1.25;2.04;4.06;9;3.76;1.77;1.23;1.06;0;0;0;0;6;4;0;2;0;2;4;2019-09-15 15:00:00;1090;0;63;25;38;0;1;1;3;2;7;6;5;13;0;0;1;1;0;2;1;87;50;75;81;3.76;1.79;5.55;0;0;0;0;0;0;1;1;2;0;2;1;0;0;-1;-1;-1;-1;-1;-1;-1;-1;-1;21;38;67;79;92;38;75;79;50;11;2.91;6;3.04;Rīgas FS;Spartaks Jūrmala;2.19;1;1.92;1.33;1.68;1.48;79;63;34;21;8;63;46;46;1.61;1.28;2.89;1930;32;Y;Y;Y;Y;Y;Y;N
551250;1086;1090;2019;complete;4402;30;-1;44;47;1;1;2;6;9;15;0;1;4;1;0;0;6;2;7;4;13;6;15;14;47;53;4;1;5;3.6;1.57;1.04;1.3;2;3.5;6.5;9.5;3.4;1.8;1.28;1.1;1.83;1.83;4.5;1.16;2.1;1.66;2.2;1.25;1.12;5.5;2.2;2.2;4.2;2.4;2.1;0;0;0;1.45;1.83;2.46;0;0;2.59;1.98;1.51;0;3.38;8.52;1.57;2.75;9.5;1.53;8.5;2.5;1.41;2.8;7.5;17;2.69;1.38;1.06;1.01;1.27;2.21;4.5;10;3.4;1.59;1.17;1.04;0;0;0;0;2;1;0;0;1;1;1;2019-09-21 11:00:00;-1;0;37;12;28;0;1;1;1;6;5;3;7;8;0;0;4;1;0;5;1;26;30;71;70;1.43;0.74;2.17;0;0;0;0;0;0;1;1;0;0;0;3;0;0;-1;-1;-1;-1;-1;-1;-1;-1;-1;8;12;41;56;84;16;65;64;44;10.31;2.39;5.12;2.04;Jelgava;Rīgas FS;1.13;1.5;1;1.46;1.12;1.73;93;89;60;44;16;68;48;44;1.28;1.51;2.79;1930;32;Y;Y;N;N;N;N;Y
551251;1087;63;2019;complete;4402;30;-1;20,56,74,83;7,76;4;2;6;2;8;10;3;2;3;3;0;0;7;7;11;8;18;15;21;17;47;53;3;3;2.63;3.6;2.3;1.01;1.22;1.75;2.75;5;13;4;2.05;1.4;1.14;1.66;2.33;3.75;1.25;3.5;1.29;1.57;1.29;1.44;3.25;2.2;2.88;2.97;2.54;2.73;0;0;0;1.45;1.78;2.38;0;0;2.58;2.06;1.58;0;2.21;7.21;2.11;1.91;12;2;4.75;4.75;1.34;2.46;5.5;13;2.98;1.48;1.11;1.02;1.2;1.98;3.5;8;4;1.74;1.25;1.06;0;0;0;0;6;1;1;3;1;4;2;2019-09-21 12:00:00;1087;0;42;19;27;0;1;1;0;1;2;7;1;9;2;2;1;1;4;2;1;40;21;67;52;1.91;1.58;3.49;0;0;0;0;0;0;1;1;0;1;0;0;0;0;-1;-1;-1;-1;-1;-1;-1;-1;-1;16;20;50;62;96;31;66;85;39;10.61;3.62;5.54;2.54;Spartaks Jūrmala;Liepāja;1.75;1.06;1.62;1.08;1.42;1.16;85;81;50;39;4;58;39;39;1.75;1.46;3.21;1930;32;Y;Y;Y;Y;Y;Y;Y
551252;1088;963;2019;complete;4402;30;-1;25,41,90;53,57,82;3;3;6;2;6;8;1;4;1;2;1;0;8;11;4;14;12;25;10;11;35;65;3;2;4.33;3.8;1.62;1.02;1.22;1.75;3.25;5;13;4;2.05;1.4;1.14;1.67;2.1;5;1.14;2.5;1.5;2.1;1.22;1.16;4.75;2.3;2.2;4.2;2.6;2;0;0;0;1.45;1.63;2.03;0;0;2.59;2.29;1.8;0;3.83;9.05;1.42;2.5;13;1.57;8.5;2.87;1.36;2.58;6.5;13;2.89;1.44;1.08;1.01;1.21;2.06;3.7;9;3.9;1.68;1.23;1.05;0;0;0;0;6;2;0;1;3;4;2;2019-09-22 13:00:00;-1;0;61;16;46;0;1;1;1;2;1;4;3;5;1;0;1;2;1;3;1;25;48;60;76;1.5;2.68;4.18;0;0;0;0;0;0;1;1;0;0;0;0;0;0;-1;-1;-1;-1;-1;-1;-1;-1;-1;16;23;66;81;93;31;66;93;58;9.71;3.31;5.04;2.86;Metta - LU;Ventspils;1;1;1.07;1.17;0.88;1.62;85;77;35;19;8;59;51;43;1.64;1.45;3.09;1930;32;Y;Y;Y;Y;Y;Y;Y
551253;6910;1089;2019;complete;4402;30;-1;;39;0;1;1;3;14;17;3;2;3;2;0;0;3;10;5;8;8;18;15;10;39;61;3;2;5.5;3.8;1.5;1.04;1.36;2.1;3.75;7;9;3;1.7;1.25;1.08;2.21;1.74;4.5;1.16;1.83;1.83;2.37;1.22;1.11;6;2.1;2.1;6.05;2.61;1.82;0;0;0;1.45;1.84;2.46;0;0;2.59;1.98;1.51;0;5.38;10.06;1.31;3.1;9;1.44;9;2.2;1.41;2.76;7;17;2.69;1.39;1.07;1.01;1.27;2.21;4.5;11;3.4;1.59;1.17;1.03;0;0;0;0;1;0;1;0;0;0;1;2019-09-22 15:00:00;1089;0;44;21;18;0;1;1;2;6;1;8;8;9;1;0;2;2;1;4;1;29;42;67;85;0.93;2.14;3.06;0;0;0;0;0;0;1;1;0;0;1;1;0;0;-1;-1;-1;-1;-1;-1;-1;-1;-1;4;21;47;70;96;34;74;78;31;9.94;2.7;3.92;2.42;Valmiera / BSS;Riga;1.56;2;1.64;2.25;1.4;2.16;96;79;53;30;5;53;44;31;1.4;1.55;2.95;1930;32;Y;N;N;N;N;N;N
551254;963;6910;2019;complete;4402;31;-1;41,85;20,57;2;2;4;6;1;7;5;1;2;3;0;0;12;7;12;9;24;16;16;18;50;50;2;3;1.61;3.65;4.6;1.01;1.21;1.71;2.8;5.05;10;3.8;2;1.37;1.12;1.74;1.95;0;0;0;0;0;0;0;2.1;2.3;5;0;0;0;0;0;0;0;0;0;0;0;0;0;0;0;0;0;0;0;0;0;0;0;0;0;0;0;0;0;0;0;0;0;0;0;0;0;0;0;0;0;0;0;4;1;1;1;1;2;2;2019-07-21 14:00:00;-1;0;46;15;26;0;-1;1;-1;-1;-1;-1;-1;-1;0;1;2;2;1;4;1;0;0;0;0;2.71;1.77;4.48;0;0;0;0;0;0;1;1;0;0;-1;-1;0;0;-1;-1;-1;-1;-1;-1;-1;-1;-1;6;21;31;62;95;21;68;68;26;9.11;3.04;5.8;2.14;Ventspils;Valmiera / BSS;1.94;1.31;2;1.56;1.42;1.44;95;79;69;39;6;52;41;41;1.61;1.15;2.76;1930;32;Y;Y;Y;Y;N;N;Y
551255;63;1086;2019;complete;4402;31;-1;47,68,76;90;3;1;4;8;4;12;3;1;1;0;0;0;15;9;10;9;25;18;11;11;55;45;1;0;2.7;3.25;2.25;1.04;1.36;2.1;3.75;7;9;3;1.7;1.25;1.08;1.9;1.8;2.5;1.5;3.75;1.25;1.28;1.3;1.8;2.62;2.05;4;2.37;2.4;3.6;0;0;0;0;1.51;1.91;2.55;0;0;2.46;1.92;1.47;1.72;8.32;2.88;1.66;9;2.5;3.25;5.5;1.44;2.89;9;26;2.58;1.36;1.07;1.01;1.25;2.2;5;13;3.75;1.62;1.17;1.04;0;0;0;0;4;0;0;3;1;4;0;2019-09-29 14:00:00;63;0;60;24;24;0;1;1;1;2;7;2;3;9;1;0;0;0;1;0;1;40;34;92;78;2.91;2.01;4.92;0;0;0;0;0;0;1;1;0;0;0;1;0;0;-1;-1;-1;-1;-1;-1;-1;-1;-1;9;21;53;72;92;40;72;81;32;10.29;2.94;5.13;2.49;Liepāja;Jelgava;1.38;1.25;1.25;1.23;1.12;1.12;92;80;48;28;8;72;52;48;1.55;1.17;2.72;1930;32;Y;Y;Y;Y;N;N;Y
551256;1090;1088;2019;complete;4402;31;-1;3,23,27,43,61,75;21;6;1;7;4;3;7;2;3;0;2;0;0;10;4;11;8;21;12;9;13;57;43;0;2;1.32;4.65;6.95;1.01;1.16;1.56;2.4;4.2;11.5;4.45;2.25;1.49;1.18;1.8;1.87;2.1;1.66;7.5;1.07;1.05;1.14;3;1.83;2.5;6;1.61;3;6.5;0;0;0;1.44;1.52;1.57;2.01;0;2.72;2.53;2.4;1.82;1.17;11.37;7.29;1.28;15;3.75;2.3;17;1.28;2.25;5.5;15;3.5;1.57;1.14;1.03;1.17;1.8;3.5;8;5;1.91;1.29;1.08;0;0;0;0;7;4;1;2;0;2;5;2019-09-30 16:00:00;1090;0;48;12;37;0;1;1;1;1;3;2;2;5;0;1;0;1;1;1;1;48;30;91;69;2.37;1.25;3.62;0;1;0;1;0;0;1;1;1;0;0;0;0;0;-1;-1;-1;-1;-1;-1;-1;-1;-1;16;28;56;72;92;16;76;76;56;12.5;3.9;4.37;2.67;Rīgas FS;Metta - LU;2.19;0.63;2;0.67;1.7;0.89;85;73;44;28;8;81;77;69;1.77;1.4;3.17;1930;32;Y;Y;Y;Y;Y;Y;Y
551257;1089;1091;2019;complete;4402;31;-1;68,90;;2;0;2;5;4;9;2;0;0;5;0;0;10;2;7;5;17;7;13;14;67;33;0;5;1.17;6.1;11;1.01;1.16;1.56;2.4;4.2;11.5;4.45;2.25;1.49;1.18;2.35;1.5;1.53;2.37;9;1.04;1.01;1.08;4.5;1.5;2.75;12;1.33;3.5;13;0;0;0;1.42;1.61;2.02;2.76;0;2.86;2.32;1.81;1.44;1.07;15.39;13.93;1.12;15;6.5;1.61;29;1.28;2.19;5;13;3.5;1.6;1.16;1.04;1.14;1.73;3.4;8;5.5;2;1.3;1.08;0;0;0;0;2;0;0;2;0;2;0;2019-09-30 15:00:00;1089;0;35;12;15;0;1;1;2;1;3;3;3;6;0;3;0;2;3;2;1;44;23;90;49;2.09;0.75;2.84;0;0;0;0;0;0;1;1;0;0;0;0;0;0;-1;-1;-1;-1;-1;-1;-1;-1;-1;15;27;43;66;93;27;62;77;38;9.92;3.08;4.46;2.5;Riga;BFC Daugavpils;2.13;0.75;2.08;0.92;2.19;1;85;73;58;35;8;66;58;50;1.71;1.31;3.02;1930;32;Y;Y;N;N;N;N;N
551258;63;1088;2019;complete;4402;32;-1;24,36;64;2;1;3;12;3;15;4;1;3;1;0;0;17;7;12;8;29;15;20;16;53;47;3;1;1.5;4.05;5;1.01;1.18;1.62;2.55;4.55;10.75;4.2;2.1;1.43;1.15;1.74;1.95;2.2;1.61;5.5;1.12;1.1;1.25;2.37;2.05;2.25;5.5;1.83;2.62;5;0;0;0;0;0;0;0;0;0;0;0;0;0;0;0;1.4;11;3.25;2.6;11;1.31;2.21;7;19;3.14;1.59;1.1;1.02;1.18;1.83;3.75;9;4.5;1.83;1.25;1.07;0;0;0;0;3;2;0;0;1;1;2;2019-10-05 11:00:00;63;0;54;16;35;0;1;1;6;2;6;1;8;7;2;1;1;0;3;1;1;42;32;90;77;3.31;1.67;4.98;0;0;0;0;0;0;1;1;0;0;0;0;0;0;-1;-1;-1;-1;-1;-1;-1;-1;-1;15;31;62;69;92;23;66;85;50;11.15;4.08;4.31;2.81;Liepāja;Metta - LU;1.38;0.63;1.38;0.62;1.19;0.86;85;70;39;31;8;77;74;66;1.66;1.39;3.05;1930;32;Y;Y;Y;N;N;N;Y
551259;1086;1087;2019;complete;4402;32;-1;15,27,46,84,90;53,77;5;2;7;2;3;5;1;0;3;4;0;0;9;7;4;9;13;16;18;11;42;58;3;4;2.65;3.1;2.4;1.04;1.31;2;3.55;6.65;8;3.05;1.71;1.24;1.07;1.8;1.91;3.25;1.33;3.25;1.33;1.5;1.33;1.4;3.2;2.1;3.1;2.87;2.4;2.75;0;0;0;0;0;0;0;0;0;0;0;0;0;0;0;2.1;9.5;1.9;4.5;4.33;1.4;2.72;8;23;2.72;1.4;1.08;1.01;1.25;2.16;5;13;3.75;1.62;1.16;1.04;0;0;0;0;7;2;0;3;2;5;2;2019-10-05 11:00:00;1086;0;54;16;35;0;-1;1;-1;-1;-1;-1;-1;-1;2;2;1;2;4;3;1;27;29;64;80;1.64;1.71;3.35;1;1;1;1;0;0;1;1;0;0;-1;-1;0;0;-1;-1;-1;-1;-1;-1;-1;-1;-1;16;27;62;70;89;31;73;74;46;8.61;1.85;5.7;2.73;Jelgava;Spartaks Jūrmala;1.13;1;1;1.23;1.07;1.48;85;73;39;31;12;62;38;35;1.3;1.32;2.62;1930;32;Y;Y;Y;Y;Y;Y;Y
551260;1091;963;2019;complete;4402;32;-1;10;5;1;1;2;5;5;10;3;3;4;4;0;0;2;5;2;9;4;14;15;20;45;55;4;4;3.95;3.4;1.77;1.02;1.24;1.8;3.05;5.55;9.25;3.55;1.87;1.32;1.1;1.77;1.91;5;1.14;2.2;1.61;2.2;1.25;1.12;5.5;2.2;2.1;5;2.6;1.9;0;0;0;0;0;0;0;0;0;0;0;0;0;0;0;2.75;10;1.53;9.5;2.6;1.39;2.69;7;21;2.76;1.41;1.1;1.01;1.22;2.1;4.33;11;4;1.67;1.2;1.05;0;0;0;0;2;1;1;0;0;0;2;2019-10-05 12:00:00;-1;0;40;15;29;0;1;1;1;3;4;2;4;6;1;1;3;3;2;6;1;72;82;107;115;0.92;1.83;2.75;0;0;0;0;0;0;1;1;1;1;0;0;0;0;-1;-1;-1;-1;-1;-1;-1;-1;-1;18;26;51;66;93;34;67;78;44;10.27;3.22;5.47;2.65;BFC Daugavpils;Ventspils;1.19;1;1.08;1.07;0.96;1.54;82;74;49;34;8;75;60;53;1.33;1.51;2.84;1930;32;Y;Y;N;N;N;N;Y
551261;6910;1090;2019;complete;4402;32;-1;90;25,78,83;1;3;4;6;7;13;2;1;2;0;0;0;6;10;9;9;15;19;13;10;46;54;2;0;3.95;3.6;1.74;1.02;1.26;1.87;3.15;5.85;9;3.4;1.83;1.3;1.09;1.83;1.87;5;1.14;2.5;1.5;2;1.25;1.16;4.75;2.2;2.25;4.33;2.62;2;0;0;0;1.46;1.67;2.11;0;0;2.57;2.21;1.74;0;4.2;9.33;1.37;2.5;12;1.61;8.5;3;1.36;2.57;7;19;2.89;1.44;1.1;1.02;1.2;1.83;3.75;10;4.33;1.83;1.25;1.06;0;0;0;0;4;0;1;1;2;3;1;2019-10-05 13:15:00;1090;0;37;11;18;0;1;1;2;5;4;2;7;6;1;0;1;0;1;1;1;40;37;73;72;1.65;2.16;3.81;0;0;0;0;0;0;1;1;0;0;0;2;0;0;-1;-1;-1;-1;-1;-1;-1;-1;-1;7;11;26;67;89;18;60;70;41;11.42;2.83;4.81;2.03;Valmiera / BSS;Rīgas FS;1.56;1.5;1.62;1.43;1.41;1.75;93;89;74;34;11;74;55;51;1.42;1.45;2.87;1930;32;Y;Y;Y;Y;N;N;Y
551262;963;1089;2019;complete;4402;33;-1;71,90;7;2;1;3;3;9;12;1;6;6;3;0;0;6;6;4;4;10;10;18;26;46;54;6;3;3.85;3.2;1.87;1.07;1.43;2.35;4.45;8.5;6.7;2.55;1.51;1.16;1.03;2.2;1.59;3.75;1.25;2.1;1.67;1.91;1.29;1.22;4.75;2;2.5;4.2;2.2;2.3;0;0;0;0;0;0;0;0;0;0;0;0;0;0;0;2.63;7;1.67;5;3;1.51;3.2;9.5;34;2.39;1.3;1.04;1;1.35;2.52;5.3;13;2.93;1.46;1.12;1.02;0;0;0;0;3;0;1;2;0;2;1;2019-10-19 11:00:00;963;0;51;30;22;0;1;1;1;5;2;4;6;6;2;3;4;0;5;4;1;37;42;89;110;1.33;1.37;2.69;0;0;0;0;0;0;1;1;0;1;1;0;0;0;-1;-1;-1;-1;-1;-1;-1;-1;-1;4;26;56;78;100;38;86;82;33;11.95;3.1;4.85;2.67;Ventspils;Riga;1.94;2;2;2.31;1.52;2.22;96;74;44;23;0;59;48;41;1.68;1.59;3.27;1930;32;Y;Y;Y;N;N;N;Y
551263;1090;1091;2019;complete;4402;33;-1;23,80;;2;0;2;5;3;8;9;1;3;0;0;0;11;4;9;2;20;6;15;16;64;36;3;0;1.31;4.8;7.5;1.02;1.25;1.75;3;5;12;3.75;2.05;1.36;1.14;2.2;1.62;1.8;1.91;6.5;1.1;1.06;1.14;3.25;1.83;2.38;7;1.57;2.88;7;0;0;0;0;0;0;0;0;0;0;0;0;0;0;0;1.25;12;4.2;2;13;1.34;2.49;6.5;15;2.98;1.47;1.08;1.01;1.23;1.99;3.9;9;3.7;1.73;1.21;1.05;0;0;0;0;2;1;0;1;0;1;1;2019-10-19 13:00:00;1090;0;50;22;22;0;1;1;2;3;3;0;5;3;1;0;2;0;1;2;1;46;22;88;81;2.36;0.83;3.19;0;0;0;0;0;0;1;1;0;0;0;0;0;0;-1;-1;-1;-1;-1;-1;-1;-1;-1;22;36;57;79;97;33;75;86;50;11.07;3.35;4.57;3;Rīgas FS;BFC Daugavpils;2.19;0.75;2.07;0.86;1.79;0.96;79;64;43;21;4;72;57;57;1.82;1.27;3.09;1930;32;Y;Y;N;N;N;N;N
551264;1087;1088;2019;complete;4402;33;-1;56,66;15,81;2;2;4;11;8;19;2;2;3;2;0;0;6;7;13;10;19;17;17;15;51;49;3;2;1.74;3.6;3.85;1.01;1.2;1.6;2.5;4.33;15;4.33;2.3;1.5;1.2;1.57;2.25;2.75;1.4;5.5;1.12;1.2;1.2;2.1;2.2;2.38;4.33;2;2.8;4;0;0;0;0;0;0;0;0;0;0;0;0;0;0;0;1.5;15;2.63;3.25;8.5;1.29;2.19;5.5;11;3.26;1.6;1.13;1.02;1.17;1.79;3.2;7.5;4.4;1.92;1.3;1.07;0;0;0;0;4;0;1;2;1;3;1;2019-10-20 11:00:00;-1;0;47;18;36;0;1;1;3;5;8;3;8;11;0;0;3;2;0;5;1;42;40;69;71;1.91;1.85;3.76;0;0;0;0;0;0;1;1;0;0;0;4;0;0;-1;-1;-1;-1;-1;-1;-1;-1;-1;22;29;61;71;97;29;71;86;54;9.78;2.79;4.5;3;Spartaks Jūrmala;Metta - LU;1.75;0.63;1.71;0.57;1.43;0.83;79;72;40;29;4;79;68;57;1.76;1.41;3.17;1930;32;Y;Y;Y;Y;N;N;Y
551265;63;6910;2019;complete;4402;33;-1;14,54;40,82,90;2;3;5;2;7;9;2;0;3;1;0;0;5;7;9;10;14;17;11;13;58;42;3;1;2.05;3.4;3.05;1.02;1.23;1.77;2.9;5.3;9.5;3.65;1.95;1.34;1.11;1.67;2.05;2.75;1.4;4.33;1.2;1.25;1.25;1.8;2.4;2.25;4;2.2;2.6;3.6;0;0;0;1.43;1.67;2.1;0;0;2.8;2.21;1.74;0;1.49;8.96;3.1;1.7;11;2.3;3.75;6;1.36;2.62;7;19;3;1.44;1.1;1.02;1.2;2;4;11;4.33;1.73;1.22;1.05;0;0;0;0;5;1;1;1;2;3;2;2019-10-20 14:00:00;6910;0;47;18;29;0;1;1;1;3;1;4;4;5;1;0;2;1;1;3;1;41;34;82;75;1.53;1.8;3.33;1;0;1;0;0;0;1;1;0;0;0;0;0;0;-1;-1;-1;-1;-1;-1;-1;-1;-1;11;33;54;57;90;32;64;75;36;9.79;4.29;5.28;2.47;Liepāja;Valmiera / BSS;1.38;1.31;1.5;1.21;1.25;1.36;90;68;47;43;11;61;50;50;1.79;1.32;3.11;1930;32;Y;Y;Y;Y;Y;N;Y
551266;6910;1087;2019;complete;4402;34;-1;5,76,90;;3;0;3;5;9;14;3;3;1;1;0;1;7;9;4;7;11;16;11;12;42;58;1;3;2.25;3.3;2.75;1.02;1.24;1.8;3;5.45;9.25;3.55;1.91;1.33;1.11;1.67;2.05;0;0;0;0;1.4;1.3;1.62;2.88;2.2;3.25;0;0;0;0;0;0;0;0;0;0;0;0;0;0;0;0;0;0;0;0;0;0;0;0;0;0;0;0;0;0;0;0;0;0;0;0;0;0;0;0;0;0;0;3;1;0;2;0;2;1;2019-10-27 12:00:00;6910;0;54;14;32;0;-1;1;-1;-1;-1;-1;-1;-1;1;0;0;2;1;2;1;28;38;66;76;1.39;1.91;3.3;0;0;0;0;0;0;1;1;1;0;-1;-1;0;0;-1;-1;-1;-1;-1;-1;-1;-1;-1;18;32;54;79;93;36;68;79;50;9.36;2.36;5.43;2.93;Valmiera / BSS;Spartaks Jūrmala;1.56;1;1.5;1.14;1.41;1.41;82;68;46;22;7;64;43;40;1.44;1.35;2.79;1930;32;Y;Y;Y;N;N;N;N
551267;1088;1086;2019;complete;4402;34;-1;;17,39,45;0;3;3;10;3;13;-1;-1;-1;-1;-1;-1;3;11;7;5;10;16;-1;-1;50;50;-1;-1;3.05;3.5;2;1.01;1.18;1.62;2.55;4.55;10.75;4.2;2.1;1.43;1.15;1.56;2.25;4;1.22;2.75;1.4;1.73;1.3;1.3;3.75;2.1;2.62;3.4;2.6;2.4;0;0;0;0;0;0;0;0;0;0;0;0;0;0;0;2.2;11;1.8;6;3.6;1.33;2.41;5.7;15;3.04;1.5;1.1;1.02;1.21;1.93;3.7;8;3.9;1.78;1.24;1.06;0;0;0;0;3;0;3;0;0;0;3;2019-10-30 16:00:00;1086;0;66;17;41;0;1;-1;2;1;8;2;3;10;-1;-1;-1;-1;-1;-1;1;53;60;106;113;1.23;2.22;3.45;0;0;0;0;0;0;1;1;0;0;1;1;-1;-1;-1;-1;-1;-1;-1;-1;-1;-1;-1;10;21;55;80;93;38;66;82;48;8.63;1.92;4.62;2.61;Metta - LU;Jelgava;1;1.25;1.07;1.14;0.83;1.14;90;80;45;21;7;63;45;38;1.63;1.23;2.86;1930;32;Y;Y;Y;N;N;N;N
551268;1091;63;2019;complete;4402;34;-1;86;;1;0;1;2;6;8;1;1;4;1;0;0;5;2;5;9;10;11;18;14;35;65;4;1;3.85;3.45;1.77;1.03;1.3;1.95;3.45;6.45;8.25;3.15;1.74;1.26;1.07;1.91;1.8;0;0;0;0;1.8;1.25;1.25;4;2.2;2.5;0;0;0;0;0;0;0;0;0;0;0;0;0;0;0;0;0;0;0;0;0;0;0;0;0;0;0;0;0;0;0;0;0;0;0;0;0;0;0;0;0;0;0;1;0;0;1;0;1;0;2019-10-27 12:00:00;1091;0;40;21;22;0;1;1;1;1;1;5;2;6;2;0;2;1;2;3;1;30;32;66;72;1.2;1.07;2.27;0;0;0;0;0;0;1;1;0;0;0;0;0;0;-1;-1;-1;-1;-1;-1;-1;-1;-1;14;18;40;54;93;36;64;68;29;10.65;3.92;5.43;2.22;BFC Daugavpils;Liepāja;1.19;1.06;1.07;1;0.93;1.21;86;83;61;47;7;68;54;43;1.3;1.47;2.77;1930;32;Y;N;N;N;N;N;N
551269;1089;1090;2019;complete;4402;34;-1;60;22;1;1;2;4;2;6;1;1;3;5;0;2;4;3;5;4;9;7;15;21;51;49;3;8;2.1;3.1;3.15;1.05;1.37;2.15;4;7.5;7.25;2.8;1.61;1.2;1.05;1.95;1.74;2.62;1.44;3.75;1.25;1.3;1.3;1.67;2.75;2.1;3.75;2.41;2.44;3.68;0;0;0;0;0;0;0;0;0;0;0;0;0;0;0;1.73;9;2.4;3.4;5.5;1.4;2.72;6.7;15;2.72;1.4;1.07;1.02;1.26;2.17;4.3;10;3.5;1.61;1.18;1.04;0;0;0;0;2;0;1;1;0;1;1;2019-10-30 17:00:00;-1;0;31;10;21;0;1;1;2;1;2;1;3;3;0;4;3;3;4;6;1;27;22;68;59;1.05;0.82;1.86;0;0;0;0;0;0;1;1;0;0;0;0;0;0;-1;-1;-1;-1;-1;-1;-1;-1;-1;14;21;31;62;87;21;55;69;45;12.17;3.06;4.69;2.24;Riga;Rīgas FS;2.13;1.5;2.14;1.53;2.1;1.83;87;80;69;38;14;69;59;52;1.73;1.5;3.23;1930;32;Y;Y;N;N;N;N;Y
551270;1086;6910;2019;complete;4402;35;-1;;;0;0;0;7;4;11;2;3;3;3;0;0;3;0;6;5;9;5;17;13;63;37;3;3;2.4;3.1;2.65;1.04;1.34;2.05;3.75;7;7.75;2.95;1.67;1.22;1.06;1.83;1.83;3;1.36;3.25;1.33;1.44;1.3;1.5;3.1;2.05;3.4;2.85;2.36;3.1;0;0;0;0;0;0;0;0;0;0;0;0;0;0;0;1.91;8;2.1;4;4.33;1.4;2.89;7.2;17;2.7;1.36;1.06;1.01;1.28;2.27;4.6;11;3.3;1.56;1.16;1.03;0;0;0;0;0;0;0;0;0;0;0;2019-11-03 12:00:00;-1;0;40;14;33;0;1;1;3;2;4;2;5;6;2;0;1;3;2;4;1;73;51;154;103;1.33;0.7;2.02;0;0;0;0;0;0;1;1;0;0;0;0;1;0;-1;-1;-1;-1;-1;-1;-1;-1;-1;10;23;44;50;84;20;70;60;40;7.6;2.8;5.2;2.17;Jelgava;Valmiera / BSS;1.13;1.31;1.13;1.33;1.2;1.47;90;77;57;50;17;53;33;30;1.3;1.35;2.65;1930;32;N;N;N;N;N;N;N
551271;1090;963;2019;complete;4402;35;-1;24,90;21;2;1;3;9;3;12;6;4;1;0;0;0;8;4;3;8;11;12;10;5;60;40;1;0;2.05;3.35;3.05;1.01;1.2;1.67;2.7;4.85;10.25;3.95;2.05;1.39;1.14;1.59;2.2;2.75;1.4;4.5;1.16;1.2;1.3;1.83;2.3;2.2;4.5;2.24;2.62;3.72;0;0;0;0;0;0;0;0;0;0;0;0;0;0;0;1.73;10;2.3;3.4;1.9;1.36;2.41;5.7;13;2.9;1.5;1.1;1.02;1.21;1.94;3.7;8;3.9;1.77;1.24;1.06;0;0;0;0;3;1;1;1;0;1;2;2019-11-03 12:00:00;1090;0;57;24;34;0;1;1;6;2;3;1;8;4;1;0;0;0;1;0;1;53;27;87;67;1.64;1.23;2.87;0;0;0;0;0;0;1;1;0;0;3;0;0;0;-1;-1;-1;-1;-1;-1;-1;-1;-1;24;34;60;84;93;33;80;84;57;12.2;4.8;5.47;3.14;Rīgas FS;Ventspils;2.19;1;2.13;1.07;1.81;1.57;77;67;40;17;7;64;53;47;1.85;1.53;3.38;1930;32;Y;Y;Y;N;N;N;Y
551272;63;1089;2019;complete;4402;35;-1;89,90;73,86;2;2;4;5;8;13;-1;-1;1;2;1;0;6;4;5;8;11;12;-1;-1;50;50;3;2;3.05;3.25;2.05;1.03;1.3;1.95;3.45;6.45;8.25;3.15;1.74;1.26;1.07;1.8;1.91;3.75;1.25;2.62;1.44;1.67;1.29;1.33;4;2.1;2.62;4.04;2.42;2.3;0;0;0;0;0;0;0;0;0;0;0;0;0;0;0;2.3;9.5;1.73;5.5;3.4;1.42;2.8;6.9;15;2.65;1.38;1.07;1.02;1.27;2.21;4.4;10;3.4;1.59;1.17;1.04;0;0;0;0;4;0;0;2;2;4;0;2019-11-03 12:00:00;-1;0;54;27;23;0;1;1;2;4;3;4;6;7;1;1;1;1;2;2;1;45;69;91;99;1.44;1.54;2.98;0;0;0;0;0;0;1;1;0;0;1;0;1;0;-1;-1;-1;-1;-1;-1;-1;-1;-1;14;34;67;67;93;44;74;83;34;11.54;3.93;4.47;2.8;Liepāja;Riga;1.38;2;1.4;2.07;1.17;2.07;87;67;34;34;7;60;54;47;1.77;1.53;3.3;1930;32;Y;Y;Y;Y;N;N;Y
551273;1087;1091;2019;complete;4402;35;-1;58,78;;2;0;2;9;7;16;2;1;3;2;1;0;8;4;8;5;16;9;13;19;57;43;5;2;1.62;3.8;4.35;1.01;1.17;1.61;2.5;4.4;11;4.25;2.15;1.45;1.16;1.62;2.1;2.62;1.44;5.5;1.12;1.14;1.2;2.2;2.2;2.38;4.5;1.96;2.77;4.44;0;0;0;0;0;0;0;0;0;0;0;0;0;0;0;1.44;13;2.8;3;1.77;1.3;2.29;5.1;12;3.2;1.55;1.13;1.03;1.18;1.85;3.3;7.5;4.3;1.85;1.29;1.07;0;0;0;0;2;0;0;2;0;2;0;2019-11-03 12:00:00;1087;0;44;20;27;0;1;1;5;4;4;3;9;7;0;1;4;1;1;5;1;41;33;87;84;1.87;1.09;2.96;0;0;0;0;0;0;1;1;0;0;0;2;0;0;-1;-1;-1;-1;-1;-1;-1;-1;-1;20;34;57;77;100;34;70;93;47;9.26;2.27;4.8;3;Spartaks Jūrmala;BFC Daugavpils;1.75;0.75;1.67;0.8;1.37;1;80;67;43;24;0;73;53;50;1.77;1.24;3.01;1930;32;Y;Y;N;N;N;N;N
551274;963;63;2019;complete;4402;36;-1;;64;0;1;1;11;6;17;8;3;2;3;0;0;7;8;13;8;20;16;11;13;53;47;2;3;1.49;4.3;4.95;1.01;1.16;1.57;2.45;4.2;11.25;4.4;2.25;1.48;1.18;1.71;2;2.25;1.57;6.5;1.1;1.1;1.22;2.62;2.38;2.2;4.33;1.72;2.87;5;0;0;0;0;0;0;0;0;0;0;0;0;0;0;0;1.33;13;3.4;2.6;11;1.3;2.37;6;15;3.4;1.53;1.12;1.03;1.18;1.83;3.75;9;4.5;1.83;1.25;1.07;0;0;0;0;1;0;0;0;1;1;0;2019-11-09 12:00:00;63;0;57;24;27;0;1;1;6;2;5;4;8;9;1;2;1;1;3;2;1;43;39;103;99;2.06;1.85;3.92;0;0;0;0;0;0;1;1;0;0;0;0;0;0;-1;-1;-1;-1;-1;-1;-1;-1;-1;7;17;47;73;97;27;74;84;40;12.2;4.33;5.8;2.44;Ventspils;Liepāja;1.94;1.06;2.07;0.93;1.52;1.16;94;84;54;27;4;60;43;40;1.65;1.44;3.09;1930;32;Y;N;N;N;N;N;N
551275;6910;1088;2019;complete;4402;36;-1;14,20,24;38,45,49;3;3;6;9;6;15;2;1;1;2;0;0;10;7;6;11;16;18;8;10;49;51;1;2;1.31;4.75;7.5;1.01;1.17;1.59;2.5;4.35;11;4.3;2.2;1.47;1.17;1.91;1.77;2.1;1.66;8.5;1.05;1.03;1.14;3.5;1.66;2.6;8;1.44;3.2;8.5;0;0;0;0;0;0;0;0;0;0;0;0;0;0;0;1.2;17;4.75;2;19;1.28;2.25;5.5;15;3.5;1.57;1.14;1.03;1.14;1.8;3.4;8;5.5;1.9;1.3;1.08;0;0;0;0;6;3;2;0;1;1;5;2019-11-09 12:00:00;-1;0;47;7;30;0;1;1;3;3;6;3;6;9;0;0;1;2;0;3;1;49;24;84;83;2.06;1.8;3.86;0;0;0;0;0;0;1;1;0;0;0;0;0;0;-1;-1;-1;-1;-1;-1;-1;-1;-1;7;20;47;73;93;13;70;77;54;10.27;3.47;3.93;2.47;Valmiera / BSS;Metta - LU;1.56;0.63;1.6;0.6;1.45;0.81;94;80;54;27;7;80;70;60;1.44;1.44;2.88;1930;32;Y;Y;Y;Y;Y;Y;Y
551276;1091;1086;2019;complete;4402;36;-1;43,48;37,90;2;2;4;4;13;17;0;3;1;0;0;0;6;8;7;9;13;17;14;16;37;63;1;0;3.1;3.2;2.1;1.03;1.29;1.95;3.4;6.35;8.25;3.2;1.74;1.26;1.08;1.8;1.91;3.75;1.25;2.62;1.44;1.8;1.3;1.28;4;2.1;2.6;3.4;2.4;2.5;0;0;0;0;0;0;0;0;0;0;0;0;0;0;0;2.4;9.5;1.66;6;3.4;1.4;3;8;21;2.75;1.36;1.08;1.01;1.25;2.1;4.5;13;3.75;1.66;1.18;1.04;0;0;0;0;4;1;1;1;1;2;2;2019-11-09 12:00:00;-1;0;44;20;20;0;1;1;3;5;1;8;8;9;0;0;1;0;0;1;1;37;36;68;78;1.51;1.89;3.39;0;0;0;0;0;0;1;1;0;0;0;1;0;0;-1;-1;-1;-1;-1;-1;-1;-1;-1;7;17;40;64;93;40;67;64;27;9;1.87;5.02;2.2;BFC Daugavpils;Jelgava;1.19;1.25;1.2;1.27;0.97;1.19;94;84;60;37;7;80;60;50;1.29;1.29;2.58;1930;32;Y;Y;Y;Y;N;N;Y
551277;1089;1087;2019;complete;4402;36;-1;18,55,74,76;82;4;1;5;1;3;4;3;2;3;2;0;0;10;6;2;5;12;11;19;16;49;51;3;2;1.71;3.65;3.85;1;1.15;1.53;2.3;4;11.75;4.65;2.3;1.53;1.19;1.54;2.3;3;1.36;6;1.11;1.14;1.25;2;1.95;2.4;5.5;2;2.75;4;0;0;0;0;0;0;0;0;0;0;0;0;0;0;0;1.5;15;2.62;3.4;9.5;1.28;2.25;5.5;15;3.5;1.57;1.14;1.03;1.16;1.72;3.4;8;5;2;1.3;1.08;0;0;0;0;5;1;0;3;1;4;1;2019-11-09 12:00:00;1089;0;44;14;27;0;1;1;0;1;1;2;1;3;0;1;3;1;1;4;1;33;19;77;68;1.7;1.26;2.95;0;0;0;0;0;0;1;1;0;0;0;0;0;0;-1;-1;-1;-1;-1;-1;-1;-1;-1;23;34;54;74;90;37;63;77;50;10.2;2.66;5.53;2.97;Riga;Spartaks Jūrmala;2.13;1;2.07;1.07;2.03;1.42;77;67;47;27;10;57;44;37;1.69;1.39;3.08;1930;32;Y;Y;Y;Y;Y;N;Y
725536;963;1086;2019;complete;4402;29;-1;13;53;1;1;2;4;5;9;1;3;6;4;0;0;5;2;6;2;11;4;22;21;43;57;6;4;1.83;3.2;4.35;1.02;1.2;1.8;2.62;4.5;12;4.33;2;1.44;1.17;1.67;2.1;2.62;1.44;5;1.14;1.17;1.33;2;2.25;2.25;4.5;2;2.62;4.33;0;0;0;1.42;1.78;2.34;0;0;2.83;2.05;1.6;0;1.28;10.82;4.95;1.57;12;2.5;3.2;8.5;1.33;2.5;6;17;3.25;1.5;1.12;1.02;1.2;1.86;3.44;7.7;4.36;1.92;1.3;1.08;0;0;0;0;2;1;0;0;1;1;1;2019-09-14 11:00:00;-1;0;60;28;28;0;1;1;3;3;1;2;6;3;1;1;5;3;2;8;1;18;8;21;29;1.16;0.45;1.62;1;0;1;0;0;0;1;1;0;0;3;0;0;0;-1;-1;-1;-1;-1;-1;-1;-1;-1;0;16;48;84;96;37;80;76;40;11.27;2.43;5.02;2.43;Ventspils;Jelgava;1.94;1.25;2.08;1.25;1.67;1.13;100;85;52;17;4;72;52;48;1.72;1.23;2.95;1930;32;Y;Y;N;N;N;N;Y
725537;1091;6910;2019;complete;4402;29;-1;21,90;4,65;2;2;4;7;6;13;2;3;3;1;0;0;8;5;16;9;24;14;14;20;54;46;3;1;3.05;3.05;2.19;1.03;1.28;1.95;3.25;6;9.5;3.5;1.85;1.33;1.11;1.72;2;3.75;1.25;3;1.36;1.61;1.33;1.3;3.6;2.1;2.87;3.2;2.5;2.5;0;0;0;1.44;1.61;2.05;0;0;2.73;2.32;1.79;0;2.24;7.98;2.03;2.3;9.5;1.72;6;4;1.4;2.75;8;21;2.75;1.4;1.08;1.01;1.22;2;4.33;11;4;1.73;1.2;1.05;0;0;0;0;4;1;1;1;1;2;2;2019-09-14 13:00:00;-1;0;20;8;16;0;1;1;5;3;2;3;8;5;2;0;1;1;2;2;1;39;33;78;75;2.34;1.47;3.82;0;0;0;0;0;0;1;1;0;1;0;1;0;0;-1;-1;-1;-1;-1;-1;-1;-1;-1;13;20;32;40;89;24;60;56;24;7.81;2.85;5.35;1.93;BFC Daugavpils;Valmiera / BSS;1.19;1.31;1.08;1.23;1;1.42;88;80;68;60;12;65;49;45;1.24;1.31;2.55;1930;32;Y;Y;Y;Y;N;N;Y
725538;1089;1088;2019;complete;4402;29;-1;36,55,59,76,90;;5;0;5;10;2;12;3;0;1;1;0;0;13;3;12;6;25;9;16;11;60;40;1;1;1.16;7.5;11;1.03;1.28;1.96;3.25;5.5;11;3.5;1.84;1.33;1.12;3.4;1.3;1.36;3;7;1.08;1.03;1.08;4.33;1.61;2.5;11;1.44;3;12;0;0;0;1.45;1.83;2.45;0;0;2.6;1.98;1.51;0;1.11;13.95;12.78;1.11;11;8;1.5;15;1.36;2.75;7;19;3;1.4;1.1;1.02;1.26;2.18;4.18;10;3.66;1.66;1.22;1.04;0;0;0;0;5;1;0;4;0;4;1;2019-09-14 14:45:00;1089;0;36;5;32;0;1;1;4;1;6;1;5;7;1;1;0;0;2;0;1;50;21;86;59;2.84;0.93;3.77;0;0;0;0;0;0;1;1;0;0;1;0;0;0;-1;-1;-1;-1;-1;-1;-1;-1;-1;5;14;36;60;91;14;60;69;46;10.55;3.55;4.46;2.14;Riga;Metta - LU;2.13;0.63;2.09;0.73;2.17;0.92;96;87;64;41;9;68;68;50;1.59;1.44;3.03;1930;32;Y;Y;Y;Y;Y;N;N
