ID;HOMEID;AWAYID;SEASON;STATUS;ROUNDID;GAME_WEEK;REVISED_GAME_WEEK;HOMEGOALS;AWAYGOALS;HOMEGOALCOUNT;AWAYGOALCOUNT;TOTALGOALCOUNT;TEAM_A_CORNERS;TEAM_B_CORNERS;TOTALCORNERCOUNT;TEAM_A_OFFSIDES;TEAM_B_OFFSIDES;TEAM_A_YELLOW_CARDS;TEAM_B_YELLOW_CARDS;TEAM_A_RED_CARDS;TEAM_B_RED_CARDS;TEAM_A_SHOTSONTARGET;TEAM_B_SHOTSONTARGET;TEAM_A_SHOTSOFFTARGET;TEAM_B_SHOTSOFFTARGET;TEAM_A_SHOTS;TEAM_B_SHOTS;TEAM_A_FOULS;TEAM_B_FOULS;TEAM_A_POSSESSION;TEAM_B_POSSESSION;TEAM_A_CARDS_NUM;TEAM_B_CARDS_NUM;ODDS_FT_1;ODDS_FT_X;ODDS_FT_2;ODDS_FT_OVER05;ODDS_FT_OVER15;ODDS_FT_OVER25;ODDS_FT_OVER35;ODDS_FT_OVER45;ODDS_FT_UNDER05;ODDS_FT_UNDER15;ODDS_FT_UNDER25;ODDS_FT_UNDER35;ODDS_FT_UNDER45;ODDS_BTTS_YES;ODDS_BTTS_NO;ODDS_TEAM_A_CS_YES;ODDS_TEAM_A_CS_NO;ODDS_TEAM_B_CS_YES;ODDS_TEAM_B_CS_NO;ODDS_DOUBLECHANCE_1X;ODDS_DOUBLECHANCE_12;ODDS_DOUBLECHANCE_X2;ODDS_1ST_HALF_RESULT_1;ODDS_1ST_HALF_RESULT_X;ODDS_1ST_HALF_RESULT_2;ODDS_2ND_HALF_RESULT_1;ODDS_2ND_HALF_RESULT_X;ODDS_2ND_HALF_RESULT_2;ODDS_DNB_1;ODDS_DNB_2;ODDS_CORNERS_OVER_75;ODDS_CORNERS_OVER_85;ODDS_CORNERS_OVER_95;ODDS_CORNERS_OVER_105;ODDS_CORNERS_OVER_115;ODDS_CORNERS_UNDER_75;ODDS_CORNERS_UNDER_85;ODDS_CORNERS_UNDER_95;ODDS_CORNERS_UNDER_105;ODDS_CORNERS_UNDER_115;ODDS_CORNERS_1;ODDS_CORNERS_X;ODDS_CORNERS_2;ODDS_TEAM_TO_SCORE_FIRST_1;ODDS_TEAM_TO_SCORE_FIRST_X;ODDS_TEAM_TO_SCORE_FIRST_2;ODDS_WIN_TO_NIL_1;ODDS_WIN_TO_NIL_2;ODDS_1ST_HALF_OVER05;ODDS_1ST_HALF_OVER15;ODDS_1ST_HALF_OVER25;ODDS_1ST_HALF_OVER35;ODDS_1ST_HALF_UNDER05;ODDS_1ST_HALF_UNDER15;ODDS_1ST_HALF_UNDER25;ODDS_1ST_HALF_UNDER35;ODDS_2ND_HALF_OVER05;ODDS_2ND_HALF_OVER15;ODDS_2ND_HALF_OVER25;ODDS_2ND_HALF_OVER35;ODDS_2ND_HALF_UNDER05;ODDS_2ND_HALF_UNDER15;ODDS_2ND_HALF_UNDER25;ODDS_2ND_HALF_UNDER35;ODDS_BTTS_1ST_HALF_YES;ODDS_BTTS_1ST_HALF_NO;ODDS_BTTS_2ND_HALF_YES;ODDS_BTTS_2ND_HALF_NO;OVERALLGOALCOUNT;HT_GOALS_TEAM_A;HT_GOALS_TEAM_B;GOALS_2HG_TEAM_A;GOALS_2HG_TEAM_B;GOALCOUNT_2HG;HTGOALCOUNT;DATE_UNIX;WINNINGTEAM;NO_HOME_AWAY;BTTS_POTENTIAL;BTTS_FHG_POTENTIAL;BTTS_2HG_POTENTIAL;GOALTIMINGDISABLED;CORNER_TIMINGS_RECORDED;CARD_TIMINGS_RECORDED;TEAM_A_FH_CORNERS;TEAM_B_FH_CORNERS;TEAM_A_2H_CORNERS;TEAM_B_2H_CORNERS;CORNER_FH_COUNT;CORNER_2H_COUNT;TEAM_A_FH_CARDS;TEAM_B_FH_CARDS;TEAM_A_2H_CARDS;TEAM_B_2H_CARDS;TOTAL_FH_CARDS;TOTAL_2H_CARDS;ATTACKS_RECORDED;TEAM_A_DANGEROUS_ATTACKS;TEAM_B_DANGEROUS_ATTACKS;TEAM_A_ATTACKS;TEAM_B_ATTACKS;TEAM_A_XG;TEAM_B_XG;TOTAL_XG;TEAM_A_PENALTIES_WON;TEAM_B_PENALTIES_WON;TEAM_A_PENALTY_GOALS;TEAM_B_PENALTY_GOALS;TEAM_A_PENALTY_MISSED;TEAM_B_PENALTY_MISSED;PENS_RECORDED;GOAL_TIMINGS_RECORDED;TEAM_A_0_10_MIN_GOALS;TEAM_B_0_10_MIN_GOALS;TEAM_A_CORNERS_0_10_MIN;TEAM_B_CORNERS_0_10_MIN;TEAM_A_CARDS_0_10_MIN;TEAM_B_CARDS_0_10_MIN;THROWINS_RECORDED;TEAM_A_THROWINS;TEAM_B_THROWINS;FREEKICKS_RECORDED;TEAM_A_FREEKICKS;TEAM_B_FREEKICKS;GOALKICKS_RECORDED;TEAM_A_GOALKICKS;TEAM_B_GOALKICKS;O45_POTENTIAL;O35_POTENTIAL;O25_POTENTIAL;O15_POTENTIAL;O05_POTENTIAL;O15HT_POTENTIAL;O05HT_POTENTIAL;O05_2H_POTENTIAL;O15_2H_POTENTIAL;CORNERS_POTENTIAL;OFFSIDES_POTENTIAL;CARDS_POTENTIAL;AVG_POTENTIAL;HOME_NAME;AWAY_NAME;HOME_PPG;AWAY_PPG;PRE_MATCH_HOME_PPG;PRE_MATCH_AWAY_PPG;PRE_MATCH_TEAMA_OVERALL_PPG;PRE_MATCH_TEAMB_OVERALL_PPG;U45_POTENTIAL;U35_POTENTIAL;U25_POTENTIAL;U15_POTENTIAL;U05_POTENTIAL;CORNERS_O85_POTENTIAL;CORNERS_O95_POTENTIAL;CORNERS_O105_POTENTIAL;TEAM_A_XG_PREMATCH;TEAM_B_XG_PREMATCH;TOTAL_XG_PREMATCH;COMPETITION_ID;MATCHES_COMPLETED_MINIMUM;OVER05;OVER15;OVER25;OVER35;OVER45;OVER55;BTTS
61849;63;1087;2016;complete;289;1;-1;74;59,79;1;2;3;3;10;13;0;2;4;4;0;0;6;3;7;7;13;10;12;23;54;46;4;4;0;0;0;0;0;0;0;0;0;0;0;0;0;0;0;0;0;0;0;0;0;0;0;0;0;0;0;0;0;0;0;0;0;0;0;0;0;0;0;0;0;0;0;0;0;0;0;0;0;0;0;0;0;0;0;0;0;0;0;0;0;0;0;0;0;0;0;0;3;0;0;1;2;3;0;2016-03-11 16:00:00;1087;0;0;0;0;0;-1;1;-1;-1;-1;-1;-1;-1;2;1;2;3;3;5;-1;0;0;0;0;0;0;0;0;0;0;0;0;0;1;1;0;0;-1;-1;0;0;-1;-1;-1;-1;-1;-1;-1;-1;-1;0;0;0;0;0;0;0;0;0;0;0;0;0;Liepāja;Spartaks Jūrmala;1.43;1.86;0;0;0;0;0;0;0;0;0;0;0;0;0;0;0;203;28;Y;Y;Y;N;N;N;Y
61850;963;1089;2016;complete;289;1;-1;57;47;1;1;2;4;6;10;2;3;1;3;0;0;8;4;6;6;14;10;21;18;52;48;1;3;0;0;0;0;0;0;0;0;0;0;0;0;0;0;0;0;0;0;0;0;0;0;0;0;0;0;0;0;0;0;0;0;0;0;0;0;0;0;0;0;0;0;0;0;0;0;0;0;0;0;0;0;0;0;0;0;0;0;0;0;0;0;0;0;0;0;0;0;2;0;0;1;1;2;0;2016-03-12 12:00:00;-1;0;0;0;0;0;-1;1;-1;-1;-1;-1;-1;-1;0;1;1;2;1;3;-1;0;0;0;0;0;0;0;0;0;0;0;0;0;1;1;0;0;-1;-1;0;0;-1;-1;-1;-1;-1;-1;-1;-1;-1;0;0;0;0;0;0;0;0;0;0;0;0;0;Ventspils;Riga;1.93;0.86;0;0;0;0;0;0;0;0;0;0;0;0;0;0;0;203;28;Y;Y;N;N;N;N;Y
61851;1086;1090;2016;complete;289;1;-1;4,51,64,74;;4;0;4;9;4;13;3;0;0;2;0;0;8;3;5;6;13;9;14;12;54;46;0;2;0;0;0;0;0;0;0;0;0;0;0;0;0;0;0;0;0;0;0;0;0;0;0;0;0;0;0;0;0;0;0;0;0;0;0;0;0;0;0;0;0;0;0;0;0;0;0;0;0;0;0;0;0;0;0;0;0;0;0;0;0;0;0;0;0;0;0;0;4;1;0;3;0;3;1;2016-03-12 14:00:00;1086;0;0;0;0;0;-1;1;-1;-1;-1;-1;-1;-1;0;0;0;2;0;2;-1;0;0;0;0;0;0;0;0;0;0;0;0;0;1;1;1;0;-1;-1;0;0;-1;-1;-1;-1;-1;-1;-1;-1;-1;0;0;0;0;0;0;0;0;0;0;0;0;0;Jelgava;Rīgas FS;2.36;0.93;0;0;0;0;0;0;0;0;0;0;0;0;0;0;0;203;28;Y;Y;Y;Y;N;N;N
61852;1088;1091;2016;complete;289;1;-1;28,33;22;2;1;3;3;7;10;0;1;2;2;0;0;3;4;4;7;7;11;16;17;50;50;2;2;0;0;0;0;0;0;0;0;0;0;0;0;0;0;0;0;0;0;0;0;0;0;0;0;0;0;0;0;0;0;0;0;0;0;0;0;0;0;0;0;0;0;0;0;0;0;0;0;0;0;0;0;0;0;0;0;0;0;0;0;0;0;0;0;0;0;0;0;3;2;1;0;0;0;3;2016-03-13 12:00:00;1088;0;0;0;0;0;-1;1;-1;-1;-1;-1;-1;-1;1;1;1;1;2;2;-1;0;0;0;0;0;0;0;0;0;0;0;0;0;1;1;0;0;-1;-1;0;1;-1;-1;-1;-1;-1;-1;-1;-1;-1;0;0;0;0;0;0;0;0;0;0;0;0;0;Metta - LU;BFC Daugavpils;1.43;0.14;0;0;0;0;0;0;0;0;0;0;0;0;0;0;0;203;28;Y;Y;Y;N;N;N;Y
61853;1087;1091;2016;complete;289;2;-1;49,87,90;;3;0;3;-1;-1;-1;-1;-1;2;3;0;0;-1;-1;-1;-1;-1;-1;-1;-1;-1;-1;2;3;0;0;0;0;0;0;0;0;0;0;0;0;0;0;0;0;0;0;0;0;0;0;0;0;0;0;0;0;0;0;0;0;0;0;0;0;0;0;0;0;0;0;0;0;0;0;0;0;0;0;0;0;0;0;0;0;0;0;0;0;0;0;0;0;0;0;0;0;3;0;0;3;0;3;0;2016-03-19 11:00:00;1087;0;50;50;0;0;-1;1;-1;-1;-1;-1;-1;-1;0;0;2;3;0;5;-1;0;0;0;0;0;0;0;1;0;1;0;0;0;1;1;0;0;-1;-1;0;0;-1;-1;-1;-1;-1;-1;-1;-1;-1;0;0;50;50;50;50;50;0;0;7;1;2;1.5;Spartaks Jūrmala;BFC Daugavpils;2.07;0.14;0;0;3;0;50;50;0;0;0;50;50;0;0;0;0;203;28;Y;Y;Y;N;N;N;N
61854;1090;1088;2016;complete;289;2;-1;36,40,47;12,81;3;2;5;6;11;17;0;3;3;4;0;1;3;2;4;6;7;8;16;16;58;42;3;5;0;0;0;0;0;0;0;0;0;0;0;0;0;0;0;0;0;0;0;0;0;0;0;0;0;0;0;0;0;0;0;0;0;0;0;0;0;0;0;0;0;0;0;0;0;0;0;0;0;0;0;0;0;0;0;0;0;0;0;0;0;0;0;0;0;0;0;0;5;2;1;1;1;2;3;2016-03-19 13:00:00;1090;0;0;0;0;0;-1;1;-1;-1;-1;-1;-1;-1;2;1;1;4;3;5;-1;0;0;0;0;0;0;0;0;0;0;0;0;0;1;1;0;0;-1;-1;0;0;-1;-1;-1;-1;-1;-1;-1;-1;-1;0;0;0;0;0;0;0;0;0;0;0;0;0;Rīgas FS;Metta - LU;1.57;0.71;0;0;0;3;0;0;0;0;0;0;0;0;0;0;0;203;28;Y;Y;Y;Y;Y;N;Y
61855;963;63;2016;complete;289;2;-1;21,52;59,85;2;2;4;8;7;15;2;2;4;1;1;0;2;6;2;2;4;8;21;19;42;58;5;1;0;0;0;0;0;0;0;0;0;0;0;0;0;0;0;0;0;0;0;0;0;0;0;0;0;0;0;0;0;0;0;0;0;0;0;0;0;0;0;0;0;0;0;0;0;0;0;0;0;0;0;0;0;0;0;0;0;0;0;0;0;0;0;0;0;0;0;0;4;1;0;1;2;3;1;2016-03-20 11:00:00;-1;0;50;0;50;0;-1;1;-1;-1;-1;-1;-1;-1;2;0;3;1;2;4;-1;0;0;0;0;0;0;0;0;0;0;0;0;0;1;1;0;0;-1;-1;1;0;-1;-1;-1;-1;-1;-1;-1;-1;-1;0;0;0;50;50;0;0;50;50;4;2;1;1;Ventspils;Liepāja;1.93;1.57;1;0;1;0;50;50;50;0;0;50;50;0;0;0;0;203;28;Y;Y;Y;Y;N;N;Y
61856;1089;1086;2016;complete;289;2;-1;78;90;1;1;2;-1;-1;-1;-1;-1;2;3;0;0;-1;-1;-1;-1;-1;-1;-1;-1;-1;-1;2;3;0;0;0;0;0;0;0;0;0;0;0;0;0;0;0;0;0;0;0;0;0;0;0;0;0;0;0;0;0;0;0;0;0;0;0;0;0;0;0;0;0;0;0;0;0;0;0;0;0;0;0;0;0;0;0;0;0;0;0;0;0;0;0;0;0;0;0;0;2;0;0;1;1;2;0;2016-03-20 13:00:00;-1;0;0;0;0;0;-1;1;-1;-1;-1;-1;-1;-1;1;2;1;1;3;2;-1;0;0;0;0;0;0;0;0;0;0;0;0;0;1;1;0;0;-1;-1;0;0;-1;-1;-1;-1;-1;-1;-1;-1;-1;0;0;0;0;0;0;0;0;0;0;0;0;0;Riga;Jelgava;1.71;1.29;0;0;1;3;0;0;0;0;0;0;0;0;0;0;0;203;28;Y;Y;N;N;N;N;Y
61857;963;1087;2016;complete;289;3;-1;9,58;24;2;1;3;3;4;7;1;1;0;3;0;0;4;5;9;4;13;9;11;19;48;52;0;3;0;0;0;0;0;0;0;0;0;0;0;0;0;0;0;0;0;0;0;0;0;0;0;0;0;0;0;0;0;0;0;0;0;0;0;0;0;0;0;0;0;0;0;0;0;0;0;0;0;0;0;0;0;0;0;0;0;0;0;0;0;0;0;0;0;0;0;0;3;1;1;1;0;1;2;2016-04-02 11:00:00;963;0;100;0;100;0;-1;1;-1;-1;-1;-1;-1;-1;0;1;0;2;1;2;-1;0;0;0;0;0;0;0;0;0;0;0;0;0;1;1;1;0;-1;-1;0;0;-1;-1;-1;-1;-1;-1;-1;-1;-1;0;25;75;100;100;0;25;100;100;16;4;7;3;Ventspils;Spartaks Jūrmala;1.93;1.86;1;3;1;3;100;75;25;0;0;100;100;75;0;0;0;203;28;Y;Y;Y;N;N;N;Y
61858;1088;1089;2016;complete;289;3;-1;90;;1;0;1;5;11;16;3;7;5;2;0;0;5;3;4;8;9;11;21;8;35;65;5;2;0;0;0;0;0;0;0;0;0;0;0;0;0;0;0;0;0;0;0;0;0;0;0;0;0;0;0;0;0;0;0;0;0;0;0;0;0;0;0;0;0;0;0;0;0;0;0;0;0;0;0;0;0;0;0;0;0;0;0;0;0;0;0;0;0;0;0;0;1;0;0;1;0;1;0;2016-04-02 13:00:00;1088;0;100;50;50;0;-1;1;-1;-1;-1;-1;-1;-1;3;1;2;1;4;3;-1;0;0;0;0;0;0;0;0;0;0;0;0;0;1;1;0;0;-1;-1;0;0;-1;-1;-1;-1;-1;-1;-1;-1;-1;0;0;50;100;100;50;50;50;50;9;3;5;2.5;Metta - LU;Riga;1.43;0.86;3;1;1.5;1;100;100;50;0;0;100;100;0;0;0;0;203;28;Y;N;N;N;N;N;N
61859;1091;1090;2016;complete;289;3;-1;67;;1;0;1;5;4;9;1;2;2;5;0;0;7;3;6;6;13;9;18;18;51;49;2;5;0;0;0;0;0;0;0;0;0;0;0;0;0;0;0;0;0;0;0;0;0;0;0;0;0;0;0;0;0;0;0;0;0;0;0;0;0;0;0;0;0;0;0;0;0;0;0;0;0;0;0;0;0;0;0;0;0;0;0;0;0;0;0;0;0;0;0;0;1;0;0;1;0;1;0;2016-04-03 12:00:00;1091;0;0;0;0;0;-1;1;-1;-1;-1;-1;-1;-1;1;1;1;4;2;5;-1;0;0;0;0;0;0;0;0;0;0;0;0;0;1;1;0;0;-1;-1;0;0;-1;-1;-1;-1;-1;-1;-1;-1;-1;0;50;50;50;50;0;50;50;50;4;0;2;2;BFC Daugavpils;Rīgas FS;0.64;0.93;0;0;0;1.5;50;0;0;0;0;50;50;50;0;0;0;203;28;Y;N;N;N;N;N;N
61860;1086;63;2016;complete;289;3;-1;;55;0;1;1;6;7;13;7;3;2;1;0;0;3;2;8;5;11;7;19;16;54;46;2;1;0;0;0;0;0;0;0;0;0;0;0;0;0;0;0;0;0;0;0;0;0;0;0;0;0;0;0;0;0;0;0;0;0;0;0;0;0;0;0;0;0;0;0;0;0;0;0;0;0;0;0;0;0;0;0;0;0;0;0;0;0;0;0;0;0;0;0;0;1;0;0;0;1;1;0;2016-04-04 15:00:00;63;0;50;0;50;0;-1;1;-1;-1;-1;-1;-1;-1;0;0;2;1;0;3;-1;0;0;0;0;0;0;0;0;0;0;0;0;0;1;1;0;0;-1;-1;0;0;-1;-1;-1;-1;-1;-1;-1;-1;-1;0;100;100;100;100;0;100;100;100;16;5;1;4;Jelgava;Liepāja;2.36;1.57;3;1;2;0.5;100;0;0;0;0;100;100;100;0;0;0;203;28;Y;N;N;N;N;N;N
61861;1091;963;2016;complete;289;4;-1;;24,30,51,67,90;0;5;5;-1;-1;-1;-1;-1;1;1;0;0;-1;-1;-1;-1;-1;-1;-1;-1;-1;-1;1;1;0;0;0;0;0;0;0;0;0;0;0;0;0;0;0;0;0;0;0;0;0;0;0;0;0;0;0;0;0;0;0;0;0;0;0;0;0;0;0;0;0;0;0;0;0;0;0;0;0;0;0;0;0;0;0;0;0;0;0;0;0;0;0;0;0;0;0;0;5;0;2;0;3;3;2;2016-04-16 11:00:00;963;0;0;0;0;0;-1;1;-1;-1;-1;-1;-1;-1;1;0;0;1;1;1;-1;0;0;0;0;0;0;0;0;0;0;0;0;0;1;1;0;0;-1;-1;0;0;-1;-1;-1;-1;-1;-1;-1;-1;-1;0;0;0;0;50;0;0;50;0;5;1;2;0.5;BFC Daugavpils;Ventspils;0.64;1.71;3;0;1;1.67;50;50;50;50;0;50;0;0;0;0;0;203;28;Y;Y;Y;Y;Y;N;N
61862;1087;1086;2016;complete;289;4;-1;35,63,69;;3;0;3;2;2;4;5;4;1;3;0;0;0;4;6;2;6;6;19;16;38;62;1;3;0;0;0;0;0;0;0;0;0;0;0;0;0;0;0;0;0;0;0;0;0;0;0;0;0;0;0;0;0;0;0;0;0;0;0;0;0;0;0;0;0;0;0;0;0;0;0;0;0;0;0;0;0;0;0;0;0;0;0;0;0;0;0;0;0;0;0;0;3;1;0;2;0;2;1;2016-04-16 13:00:00;1087;0;50;0;50;0;-1;1;-1;-1;-1;-1;-1;-1;0;2;1;1;2;2;-1;0;0;0;0;0;0;0;0;0;0;0;0;0;1;1;0;0;-1;-1;0;0;-1;-1;-1;-1;-1;-1;-1;-1;-1;0;0;50;100;100;0;0;100;100;0;0;5;2.5;Spartaks Jūrmala;Jelgava;2.07;1.29;3;1;2;1.33;100;100;50;0;0;0;0;0;0;0;0;203;28;Y;Y;Y;N;N;N;N
61863;1089;1090;2016;complete;289;4;-1;;;0;0;0;7;6;13;6;0;1;1;0;0;2;2;7;3;9;5;18;13;55;45;1;1;0;0;0;0;0;0;0;0;0;0;0;0;0;0;0;0;0;0;0;0;0;0;0;0;0;0;0;0;0;0;0;0;0;0;0;0;0;0;0;0;0;0;0;0;0;0;0;0;0;0;0;0;0;0;0;0;0;0;0;0;0;0;0;0;0;0;0;0;0;0;0;0;0;0;0;2016-04-17 12:00:00;-1;0;50;0;50;0;-1;1;-1;-1;-1;-1;-1;-1;0;0;1;1;0;2;-1;0;0;0;0;0;0;0;0;0;0;0;0;0;1;1;0;0;-1;-1;0;0;-1;-1;-1;-1;-1;-1;-1;-1;-1;0;25;25;75;100;0;25;100;75;4;0;5.5;2.25;Riga;Rīgas FS;1.71;0.93;1;0;0.67;1;100;75;75;25;0;50;25;25;0;0;0;203;28;N;N;N;N;N;N;N
61864;1088;63;2016;complete;289;4;-1;;81,90;0;2;2;4;7;11;5;4;2;4;1;0;2;2;2;6;4;8;13;14;31;69;4;4;0;0;0;0;0;0;0;0;0;0;0;0;0;0;0;0;0;0;0;0;0;0;0;0;0;0;0;0;0;0;0;0;0;0;0;0;0;0;0;0;0;0;0;0;0;0;0;0;0;0;0;0;0;0;0;0;0;0;0;0;0;0;0;0;0;0;0;0;2;0;0;0;2;2;0;2016-04-17 13:00:00;63;0;50;25;25;0;-1;1;-1;-1;-1;-1;-1;-1;2;1;1;3;3;4;-1;0;0;0;0;0;0;0;0;1;0;1;0;0;1;1;0;0;-1;-1;0;0;-1;-1;-1;-1;-1;-1;-1;-1;-1;0;25;50;50;100;25;50;75;25;11;4;4.5;2.25;Metta - LU;Liepāja;1.43;1.57;3;2;2;1.33;100;75;50;50;0;100;100;75;0;0;0;203;28;Y;Y;N;N;N;N;N
61865;963;1086;2016;complete;289;5;-1;30;;1;0;1;10;7;17;4;0;1;2;0;0;7;0;2;6;9;6;14;20;54;46;1;2;0;0;0;0;0;0;0;0;0;0;0;0;0;0;0;0;0;0;0;0;0;0;0;0;0;0;0;0;0;0;0;0;0;0;0;0;0;0;0;0;0;0;0;0;0;0;0;0;0;0;0;0;0;0;0;0;0;0;0;0;0;0;0;0;0;0;0;0;1;1;0;0;0;0;1;2016-04-22 14:30:00;963;0;75;17;59;0;-1;1;-1;-1;-1;-1;-1;-1;0;0;1;2;0;3;-1;0;0;0;0;0;0;0;0;0;0;0;0;0;1;1;0;0;-1;-1;0;0;-1;-1;-1;-1;-1;-1;-1;-1;-1;0;17;59;100;100;17;59;100;84;7;3.17;5;2.75;Ventspils;Jelgava;1.93;1.29;1.67;0.5;2;1;100;84;42;0;0;34;34;17;0;0;0;203;28;Y;N;N;N;N;N;N
61866;1091;1089;2016;complete;289;5;-1;;38,70;0;2;2;4;5;9;2;2;1;1;0;0;4;5;9;3;13;8;18;20;42;58;1;1;0;0;0;0;0;0;0;0;0;0;0;0;0;0;0;0;0;0;0;0;0;0;0;0;0;0;0;0;0;0;0;0;0;0;0;0;0;0;0;0;0;0;0;0;0;0;0;0;0;0;0;0;0;0;0;0;0;0;0;0;0;0;0;0;0;0;0;0;2;0;1;0;1;1;1;2016-04-23 13:00:00;1089;0;25;0;25;0;-1;1;-1;-1;-1;-1;-1;-1;0;0;1;1;0;2;-1;0;0;0;0;0;0;0;0;0;0;0;0;0;1;1;0;0;-1;-1;0;0;-1;-1;-1;-1;-1;-1;-1;-1;-1;25;25;25;50;100;25;25;100;50;13.5;5;4;2.25;BFC Daugavpils;Riga;0.64;0.86;1.5;0.5;0.75;0.75;75;75;75;50;0;100;50;25;0;0;0;203;28;Y;Y;N;N;N;N;N
61867;1088;1087;2016;complete;289;5;-1;;15;0;1;1;1;9;10;1;2;5;1;0;0;3;4;3;3;6;7;20;16;38;62;5;1;0;0;0;0;0;0;0;0;0;0;0;0;0;0;0;0;0;0;0;0;0;0;0;0;0;0;0;0;0;0;0;0;0;0;0;0;0;0;0;0;0;0;0;0;0;0;0;0;0;0;0;0;0;0;0;0;0;0;0;0;0;0;0;0;0;0;0;0;1;0;1;0;0;0;1;2016-04-23 15:00:00;1087;0;67;42;25;0;-1;1;-1;-1;-1;-1;-1;-1;0;0;5;1;0;6;-1;0;0;0;0;0;0;0;0;0;0;0;0;0;1;1;0;0;-1;-1;0;0;-1;-1;-1;-1;-1;-1;-1;-1;-1;0;0;67;84;100;42;42;84;42;11;4.17;7.17;2.5;Metta - LU;Spartaks Jūrmala;1.43;1.86;2;1.5;1.5;2.25;100;100;34;17;0;75;75;59;0;0;0;203;28;Y;N;N;N;N;N;N
61868;1090;63;2016;complete;289;5;-1;75;;1;0;1;9;4;13;3;1;3;2;0;0;2;4;3;11;5;15;17;12;38;62;3;2;0;0;0;0;0;0;0;0;0;0;0;0;0;0;0;0;0;0;0;0;0;0;0;0;0;0;0;0;0;0;0;0;0;0;0;0;0;0;0;0;0;0;0;0;0;0;0;0;0;0;0;0;0;0;0;0;0;0;0;0;0;0;0;0;0;0;0;0;1;0;0;1;0;1;0;2016-04-24 13:00:00;1090;0;67;50;67;0;-1;1;-1;-1;-1;-1;-1;-1;1;0;2;2;1;4;-1;0;0;0;0;0;0;0;0;0;0;0;0;0;1;1;0;0;-1;-1;0;0;-1;-1;-1;-1;-1;-1;-1;-1;-1;50;67;67;84;100;50;67;100;84;13;3;5;3.67;Rīgas FS;Liepāja;1.57;1.57;3;2.33;1;1.75;50;34;34;17;0;100;100;100;0;0;0;203;28;Y;N;N;N;N;N;N
61869;1087;1090;2016;complete;289;6;-1;39,86;;2;0;2;5;6;11;6;1;2;1;0;0;5;2;3;2;8;4;14;20;52;48;2;1;0;0;0;0;0;0;0;0;0;0;0;0;0;0;0;0;0;0;0;0;0;0;0;0;0;0;0;0;0;0;0;0;0;0;0;0;0;0;0;0;0;0;0;0;0;0;0;0;0;0;0;0;0;0;0;0;0;0;0;0;0;0;0;0;0;0;0;0;2;1;0;1;0;1;1;2016-04-30 10:00:00;1087;0;0;0;0;0;-1;1;-1;-1;-1;-1;-1;-1;1;0;1;1;1;2;-1;0;0;0;0;0;0;0;0;0;0;0;0;0;1;1;0;0;-1;-1;0;0;-1;-1;-1;-1;-1;-1;-1;-1;-1;0;17;67;67;84;0;42;84;67;6.67;2.67;4.17;2.34;Spartaks Jūrmala;Rīgas FS;2.07;0.93;3;0.33;2.4;1.4;100;84;34;34;17;50;34;34;0;0;0;203;28;Y;Y;N;N;N;N;N
61870;1086;1091;2016;complete;289;6;-1;37,41,75;34;3;1;4;10;1;11;3;4;1;1;0;0;4;2;7;4;11;6;21;13;65;35;1;1;0;0;0;0;0;0;0;0;0;0;0;0;0;0;0;0;0;0;0;0;0;0;0;0;0;0;0;0;0;0;0;0;0;0;0;0;0;0;0;0;0;0;0;0;0;0;0;0;0;0;0;0;0;0;0;0;0;0;0;0;0;0;0;0;0;0;0;0;4;2;1;1;0;1;3;2016-04-30 12:00:00;1086;0;25;25;0;0;-1;1;-1;-1;-1;-1;-1;-1;0;1;1;0;1;1;-1;0;0;0;0;0;0;0;0;0;0;0;0;0;1;1;0;0;-1;-1;0;0;-1;-1;-1;-1;-1;-1;-1;-1;-1;0;25;75;75;100;25;50;75;50;14.5;5;3.5;2.75;Jelgava;BFC Daugavpils;2.36;0.14;1.5;0;0.8;0.6;100;75;25;25;0;100;100;50;0;0;0;203;28;Y;Y;Y;Y;N;N;Y
61871;963;1088;2016;complete;289;6;-1;4,78;;2;0;2;7;6;13;4;1;2;4;0;0;8;0;4;5;12;5;14;16;56;44;2;4;0;0;0;0;0;0;0;0;0;0;0;0;0;0;0;0;0;0;0;0;0;0;0;0;0;0;0;0;0;0;0;0;0;0;0;0;0;0;0;0;0;0;0;0;0;0;0;0;0;0;0;0;0;0;0;0;0;0;0;0;0;0;0;0;0;0;0;0;2;1;0;1;0;1;1;2016-04-30 14:00:00;963;0;88;63;75;0;-1;1;-1;-1;-1;-1;-1;-1;1;1;1;3;2;4;-1;0;0;0;0;0;0;0;0;0;0;0;0;0;1;1;1;0;-1;-1;0;0;-1;-1;-1;-1;-1;-1;-1;-1;-1;50;63;75;88;100;63;88;88;75;17.25;5.25;6.75;3.75;Ventspils;Metta - LU;1.93;0.71;2;0;2.2;1.2;50;38;25;13;0;88;88;75;0;0;0;203;28;Y;Y;N;N;N;N;N
61872;63;1089;2016;complete;289;6;-1;1,15,62;;3;0;3;4;2;6;0;3;1;0;0;0;0;2;5;10;5;12;10;15;47;53;1;0;0;0;0;0;0;0;0;0;0;0;0;0;0;0;0;0;0;0;0;0;0;0;0;0;0;0;0;0;0;0;0;0;0;0;0;0;0;0;0;0;0;0;0;0;0;0;0;0;0;0;0;0;0;0;0;0;0;0;0;0;0;0;0;0;0;0;0;0;3;2;0;1;0;1;2;2016-04-30 16:00:00;63;0;67;0;67;0;-1;1;-1;-1;-1;-1;-1;-1;0;0;1;0;0;1;-1;0;0;0;0;0;0;0;0;0;0;0;0;0;1;1;1;0;-1;-1;0;0;-1;-1;-1;-1;-1;-1;-1;-1;-1;0;0;50;84;100;0;17;100;67;10.33;4;6;2.34;Liepāja;Riga;1.43;0.86;0;1.33;1.4;1.2;100;100;50;17;0;100;84;67;0;0;0;203;28;Y;Y;Y;N;N;N;N
61873;1089;1087;2016;complete;289;7;-1;;;0;0;0;2;5;7;2;3;1;0;0;0;6;4;3;4;9;8;11;10;58;42;1;0;0;0;0;0;0;0;0;0;0;0;0;0;0;0;0;0;0;0;0;0;0;0;0;0;0;0;0;0;0;0;0;0;0;0;0;0;0;0;0;0;0;0;0;0;0;0;0;0;0;0;0;0;0;0;0;0;0;0;0;0;0;0;0;0;0;0;0;0;0;0;0;0;0;0;0;2016-05-08 12:00:00;-1;0;59;17;42;0;-1;1;-1;-1;-1;-1;-1;-1;1;0;0;0;1;0;-1;0;0;0;0;0;0;0;0;0;0;0;0;0;1;1;0;0;-1;-1;1;0;-1;-1;-1;-1;-1;-1;-1;-1;-1;0;0;34;59;75;17;34;59;42;14.67;4.17;4.17;1.67;Riga;Spartaks Jūrmala;1.71;1.86;1;2;1;2.5;100;100;67;42;25;84;84;67;0;0;0;203;28;N;N;N;N;N;N;N
61874;1090;963;2016;complete;289;7;-1;89;62,80;1;2;3;3;11;14;2;3;3;0;0;0;5;4;2;5;7;9;12;20;44;56;3;0;0;0;0;0;0;0;0;0;0;0;0;0;0;0;0;0;0;0;0;0;0;0;0;0;0;0;0;0;0;0;0;0;0;0;0;0;0;0;0;0;0;0;0;0;0;0;0;0;0;0;0;0;0;0;0;0;0;0;0;0;0;0;0;0;0;0;0;0;3;0;0;1;2;3;0;2016-05-08 14:00:00;963;0;25;25;25;0;-1;1;-1;-1;-1;-1;-1;-1;1;0;2;0;1;2;-1;0;0;0;0;0;0;0;0;0;0;0;0;0;1;1;0;0;-1;-1;1;0;-1;-1;-1;-1;-1;-1;-1;-1;-1;75;75;75;75;100;75;75;100;75;7.5;0.5;4;4;Rīgas FS;Ventspils;1.57;1.71;3;3;1.17;2.33;25;25;25;25;0;50;50;50;0;0;0;203;28;Y;Y;Y;N;N;N;Y
61875;1088;1086;2016;complete;289;7;-1;15,32,63;;3;0;3;4;8;12;2;5;0;3;0;1;3;6;3;8;6;14;17;22;41;59;0;4;0;0;0;0;0;0;0;0;0;0;0;0;0;0;0;0;0;0;0;0;0;0;0;0;0;0;0;0;0;0;0;0;0;0;0;0;0;0;0;0;0;0;0;0;0;0;0;0;0;0;0;0;0;0;0;0;0;0;0;0;0;0;0;0;0;0;0;0;3;2;0;1;0;1;2;2016-05-08 16:00:00;1088;0;29;13;17;0;-1;1;-1;-1;-1;-1;-1;-1;0;0;0;4;0;4;-1;0;0;0;0;0;0;0;0;0;0;0;0;0;1;1;0;0;-1;-1;0;0;-1;-1;-1;-1;-1;-1;-1;-1;-1;0;0;29;59;100;13;59;59;46;7.75;3.25;6.67;1.88;Metta - LU;Jelgava;1.43;1.29;1.5;0.33;1;1.17;100;100;71;42;0;75;75;50;0;0;0;203;28;Y;Y;Y;N;N;N;N
61876;1091;63;2016;complete;289;7;-1;;27,35,51;0;3;3;10;6;16;0;1;0;1;0;0;10;7;6;4;16;11;15;8;44;56;0;1;0;0;0;0;0;0;0;0;0;0;0;0;0;0;0;0;0;0;0;0;0;0;0;0;0;0;0;0;0;0;0;0;0;0;0;0;0;0;0;0;0;0;0;0;0;0;0;0;0;0;0;0;0;0;0;0;0;0;0;0;0;0;0;0;0;0;0;0;3;0;2;0;1;1;2;2016-05-09 15:00:00;63;0;13;0;13;0;-1;1;-1;-1;-1;-1;-1;-1;0;0;0;1;0;1;-1;0;0;0;0;0;0;0;0;0;0;0;0;0;1;1;0;0;-1;-1;0;0;-1;-1;-1;-1;-1;-1;-1;-1;-1;17;29;29;59;100;17;46;100;42;10.75;3.17;3.33;2.34;BFC Daugavpils;Liepāja;0.64;1.57;1;1.75;0.5;1.67;84;71;71;42;0;100;50;50;0;0;0;203;28;Y;Y;Y;N;N;N;N
61877;1089;963;2016;complete;289;8;-1;33;3;1;1;2;1;4;5;6;2;1;0;0;0;0;3;7;7;7;10;12;18;49;51;1;0;0;0;0;0;0;0;0;0;0;0;0;0;0;0;0;0;0;0;0;0;0;0;0;0;0;0;0;0;0;0;0;0;0;0;0;0;0;0;0;0;0;0;0;0;0;0;0;0;0;0;0;0;0;0;0;0;0;0;0;0;0;0;0;0;0;0;0;0;2;1;1;0;0;0;2;2016-05-13 15:00:00;-1;0;42;0;42;0;-1;1;-1;-1;-1;-1;-1;-1;1;0;0;0;1;0;-1;0;0;0;0;0;0;0;0;0;0;0;0;0;1;1;0;1;-1;-1;0;0;-1;-1;-1;-1;-1;-1;-1;-1;-1;25;25;50;67;67;25;25;67;67;15.5;3.33;1.83;2.34;Riga;Ventspils;1.71;1.71;1;3;1;2.43;75;75;50;34;34;75;75;75;0;0;0;203;28;Y;Y;N;N;N;N;Y
61878;1090;1086;2016;complete;289;8;-1;7;;1;0;1;4;12;16;1;2;3;0;0;0;0;3;2;5;2;8;16;14;30;70;3;0;0;0;0;0;0;0;0;0;0;0;0;0;0;0;0;0;0;0;0;0;0;0;0;0;0;0;0;0;0;0;0;0;0;0;0;0;0;0;0;0;0;0;0;0;0;0;0;0;0;0;0;0;0;0;0;0;0;0;0;0;0;0;0;0;0;0;0;0;1;1;0;0;0;0;1;2016-05-14 12:00:00;1090;0;46;17;46;0;-1;1;-1;-1;-1;-1;-1;-1;2;0;1;0;2;1;-1;0;0;0;0;0;0;0;0;0;0;0;0;0;1;1;1;0;-1;-1;0;0;-1;-1;-1;-1;-1;-1;-1;-1;-1;17;17;59;71;100;29;54;88;59;11.67;3.67;6;2.63;Rīgas FS;Jelgava;1.57;1.29;2;0.25;1;1;84;84;42;29;0;84;84;84;0;0;0;203;28;Y;N;N;N;N;N;N
61879;1087;63;2016;complete;289;8;-1;;74;0;1;1;7;3;10;4;2;1;2;0;0;2;5;11;6;13;11;20;11;51;49;1;2;0;0;0;0;0;0;0;0;0;0;0;0;0;0;0;0;0;0;0;0;0;0;0;0;0;0;0;0;0;0;0;0;0;0;0;0;0;0;0;0;0;0;0;0;0;0;0;0;0;0;0;0;0;0;0;0;0;0;0;0;0;0;0;0;0;0;0;0;1;0;0;0;1;1;0;2016-05-14 14:00:00;63;0;10;0;10;0;-1;1;-1;-1;-1;-1;-1;-1;0;0;1;2;0;3;-1;0;0;0;0;0;0;0;0;0;0;0;0;0;1;1;0;0;-1;-1;0;0;-1;-1;-1;-1;-1;-1;-1;-1;-1;0;10;54;80;100;10;54;100;54;9.7;5.53;3.47;2.44;Spartaks Jūrmala;Liepāja;2.07;1.57;3;2;2.29;1.86;100;90;47;20;0;75;75;75;0;0;0;203;28;Y;N;N;N;N;N;N
61880;1091;1088;2016;complete;289;8;-1;;90;0;1;1;4;8;12;1;6;2;1;0;0;2;6;6;12;8;18;17;6;41;59;2;1;0;0;0;0;0;0;0;0;0;0;0;0;0;0;0;0;0;0;0;0;0;0;0;0;0;0;0;0;0;0;0;0;0;0;0;0;0;0;0;0;0;0;0;0;0;0;0;0;0;0;0;0;0;0;0;0;0;0;0;0;0;0;0;0;0;0;0;0;1;0;0;0;1;1;0;2016-05-15 13:00:00;1088;0;25;25;25;0;-1;1;-1;-1;-1;-1;-1;-1;0;0;2;1;0;3;-1;0;0;0;0;0;0;0;0;0;0;0;0;0;1;1;0;0;-1;-1;0;0;-1;-1;-1;-1;-1;-1;-1;-1;-1;38;38;50;88;100;50;88;100;38;14.83;2.5;5.5;3.13;BFC Daugavpils;Metta - LU;0.64;0.71;0.75;0;0.43;1.29;63;63;50;13;0;100;67;67;0;0;0;203;28;Y;N;N;N;N;N;N
61881;963;63;2016;complete;289;9;-1;59,83;;2;0;2;5;5;10;2;1;4;2;0;0;4;2;6;3;10;5;23;15;52;48;4;2;0;0;0;0;0;0;0;0;0;0;0;0;0;0;0;0;0;0;0;0;0;0;0;0;0;0;0;0;0;0;0;0;0;0;0;0;0;0;0;0;0;0;0;0;0;0;0;0;0;0;0;0;0;0;0;0;0;0;0;0;0;0;0;0;0;0;0;0;2;0;0;2;0;2;0;2016-05-26 15:30:00;963;0;39;10;29;0;-1;1;-1;-1;-1;-1;-1;-1;1;0;3;2;1;5;-1;0;0;0;0;0;0;0;0;0;0;0;0;0;1;1;0;0;-1;-1;0;0;-1;-1;-1;-1;-1;-1;-1;-1;-1;0;19;37;65;100;19;57;90;37;12.07;4.77;3.63;2.2;Ventspils;Liepāja;1.93;1.57;2.2;2.17;2.25;2;100;82;64;35;0;90;90;72;0;0;0;203;28;Y;Y;N;N;N;N;N
61882;1091;1087;2016;complete;289;9;-1;;40,58;0;2;2;3;7;10;0;1;1;1;0;0;3;5;3;6;6;11;7;18;42;58;1;1;0;0;0;0;0;0;0;0;0;0;0;0;0;0;0;0;0;0;0;0;0;0;0;0;0;0;0;0;0;0;0;0;0;0;0;0;0;0;0;0;0;0;0;0;0;0;0;0;0;0;0;0;0;0;0;0;0;0;0;0;0;0;0;0;0;0;0;0;2;0;1;0;1;1;1;2016-05-27 15:00:00;1087;0;25;13;13;0;-1;1;-1;-1;-1;-1;-1;-1;1;1;0;0;2;0;-1;0;0;0;0;0;0;0;0;0;0;0;0;0;1;1;0;0;-1;-1;0;0;-1;-1;-1;-1;-1;-1;-1;-1;-1;10;10;45;55;88;33;55;75;23;12.75;2.6;3.2;2.08;BFC Daugavpils;Spartaks Jūrmala;0.64;1.86;0.6;1.75;0.38;2;90;90;55;45;13;75;50;38;0;0;0;203;28;Y;Y;N;N;N;N;N
61883;1088;1090;2016;complete;289;9;-1;40;51;1;1;2;5;5;10;7;2;3;0;0;0;3;7;4;10;7;17;15;16;38;62;3;0;0;0;0;0;0;0;0;0;0;0;0;0;0;0;0;0;0;0;0;0;0;0;0;0;0;0;0;0;0;0;0;0;0;0;0;0;0;0;0;0;0;0;0;0;0;0;0;0;0;0;0;0;0;0;0;0;0;0;0;0;0;0;0;0;0;0;0;0;2;1;0;0;1;1;1;2016-05-28 11:00:00;-1;0;10;10;0;0;-1;1;-1;-1;-1;-1;-1;-1;0;0;3;0;0;3;-1;0;0;0;0;0;0;0;0;0;0;0;0;0;1;1;0;0;-1;-1;0;0;-1;-1;-1;-1;-1;-1;-1;-1;-1;0;13;33;55;88;20;55;68;23;8.4;2.95;5.45;1.88;Metta - LU;Rīgas FS;1.43;0.93;1.8;0.25;1.5;1.25;100;88;68;45;13;100;88;68;0;0;0;203;28;Y;Y;N;N;N;N;Y
61884;1086;1089;2016;complete;289;9;-1;69,85;13;2;1;3;4;4;8;3;3;3;3;0;0;4;3;7;2;11;5;16;19;51;49;3;3;0;0;0;0;0;0;0;0;0;0;0;0;0;0;0;0;0;0;0;0;0;0;0;0;0;0;0;0;0;0;0;0;0;0;0;0;0;0;0;0;0;0;0;0;0;0;0;0;0;0;0;0;0;0;0;0;0;0;0;0;0;0;0;0;0;0;0;0;3;0;1;2;0;2;1;2016-05-28 12:00:00;1086;0;29;17;13;0;-1;1;-1;-1;-1;-1;-1;-1;2;1;1;2;3;3;-1;0;0;0;0;0;0;0;1;1;1;1;0;0;1;1;0;0;-1;-1;0;0;-1;-1;-1;-1;-1;-1;-1;-1;-1;0;34;46;71;100;29;59;100;29;14.33;8.08;2.5;2.5;Jelgava;Riga;2.36;0.86;2;1;0.88;1;100;67;54;29;0;88;75;63;0;0;0;203;28;Y;Y;Y;N;N;N;Y
61885;1087;963;2016;complete;289;10;-1;70,75,86,90,90;19;5;1;6;3;5;8;4;1;4;3;0;2;3;4;2;5;5;9;16;13;64;36;4;6;0;0;0;0;0;0;0;0;0;0;0;0;0;0;0;0;0;0;0;0;0;0;0;0;0;0;0;0;0;0;0;0;0;0;0;0;0;0;0;0;0;0;0;0;0;0;0;0;0;0;0;0;0;0;0;0;0;0;0;0;0;0;0;0;0;0;0;0;6;0;1;5;0;5;1;2016-06-10 16:00:00;1087;0;34;17;17;0;-1;1;-1;-1;-1;-1;-1;-1;0;1;4;4;1;8;-1;0;0;0;0;0;0;0;1;0;1;0;0;0;1;1;0;0;-1;-1;0;0;-1;-1;-1;-1;-1;-1;-1;-1;-1;17;17;59;88;100;34;59;84;59;12.17;4.83;1.83;2.79;Spartaks Jūrmala;Ventspils;2.07;1.71;2.25;2.33;2.11;2.33;84;84;42;13;0;59;59;42;0;0;0;203;28;Y;Y;Y;Y;Y;Y;Y
61886;1089;1088;2016;complete;289;10;-1;43,51;81;2;1;3;6;8;14;2;2;0;4;0;0;4;5;5;3;9;8;16;10;54;46;0;4;0;0;0;0;0;0;0;0;0;0;0;0;0;0;0;0;0;0;0;0;0;0;0;0;0;0;0;0;0;0;0;0;0;0;0;0;0;0;0;0;0;0;0;0;0;0;0;0;0;0;0;0;0;0;0;0;0;0;0;0;0;0;0;0;0;0;0;0;3;1;0;1;1;2;1;2016-06-11 11:00:00;1089;0;42;29;29;0;-1;1;-1;-1;-1;-1;-1;-1;0;0;0;4;0;4;-1;0;0;0;0;0;0;0;0;0;0;0;0;0;1;1;0;0;-1;-1;0;0;-1;-1;-1;-1;-1;-1;-1;-1;-1;17;17;17;59;75;29;46;63;29;11.66;6.58;4.58;1.84;Riga;Metta - LU;1.71;0.71;1;1;0.89;1.44;84;84;84;42;25;67;67;67;0;0;0;203;28;Y;Y;Y;N;N;N;Y
61887;63;1086;2016;complete;289;10;-1;;71;0;1;1;1;5;6;2;1;3;3;1;1;0;0;5;7;5;7;18;20;60;40;4;4;0;0;0;0;0;0;0;0;0;0;0;0;0;0;0;0;0;0;0;0;0;0;0;0;0;0;0;0;0;0;0;0;0;0;0;0;0;0;0;0;0;0;0;0;0;0;0;0;0;0;0;0;0;0;0;0;0;0;0;0;0;0;0;0;0;0;0;0;1;0;0;0;1;1;0;2016-06-11 16:00:00;1086;0;35;0;35;0;-1;1;-1;-1;-1;-1;-1;-1;1;1;3;3;2;6;-1;0;0;0;0;0;0;0;0;0;0;0;0;0;1;1;0;0;-1;-1;0;0;-1;-1;-1;-1;-1;-1;-1;-1;-1;0;0;70;80;100;35;65;80;45;10.75;2;4.9;2.5;Liepāja;Jelgava;1.43;1.29;1.5;0.2;1.78;1.11;100;100;30;20;0;63;63;63;0;0;0;203;28;Y;N;N;N;N;N;N
61888;1090;1091;2016;complete;289;10;-1;;;0;0;0;12;5;17;4;1;2;1;0;0;11;7;6;1;17;8;15;18;61;39;2;1;0;0;0;0;0;0;0;0;0;0;0;0;0;0;0;0;0;0;0;0;0;0;0;0;0;0;0;0;0;0;0;0;0;0;0;0;0;0;0;0;0;0;0;0;0;0;0;0;0;0;0;0;0;0;0;0;0;0;0;0;0;0;0;0;0;0;0;0;0;0;0;0;0;0;0;2016-06-12 15:00:00;-1;0;59;46;25;0;-1;1;-1;-1;-1;-1;-1;-1;0;0;2;1;0;3;-1;0;0;0;0;0;0;0;0;0;0;0;0;0;1;1;0;0;-1;-1;0;0;-1;-1;-1;-1;-1;-1;-1;-1;-1;13;29;75;75;100;46;59;71;42;9.5;2.83;5;2.92;Rīgas FS;BFC Daugavpils;1.57;0.14;2.25;0;1.22;0.33;88;71;25;25;0;100;100;75;0;0;0;203;28;N;N;N;N;N;N;N
61889;63;1088;2016;complete;289;11;-1;24,38,72;;3;0;3;13;3;16;4;3;1;1;0;0;5;5;5;7;10;12;17;8;52;48;1;1;0;0;0;0;0;0;0;0;0;0;0;0;0;0;0;0;0;0;0;0;0;0;0;0;0;0;0;0;0;0;0;0;0;0;0;0;0;0;0;0;0;0;0;0;0;0;0;0;0;0;0;0;0;0;0;0;0;0;0;0;0;0;0;0;0;0;0;0;3;2;0;1;0;1;2;2016-06-17 15:00:00;63;0;42;13;42;0;-1;1;-1;-1;-1;-1;-1;-1;1;0;0;1;1;1;-1;0;0;0;0;0;0;0;0;0;0;0;0;0;1;1;0;0;-1;-1;0;0;-1;-1;-1;-1;-1;-1;-1;-1;-1;13;13;59;71;100;29;54;100;42;10.92;3.67;6.5;2.54;Liepāja;Metta - LU;1.43;0.71;1;0.75;1.6;1.3;88;88;42;29;0;67;67;67;0;0;0;203;28;Y;Y;Y;N;N;N;N
61890;1086;1087;2016;complete;289;11;-1;;74;0;1;1;4;4;8;1;2;0;2;0;0;4;2;2;4;6;6;11;12;58;42;0;2;0;0;0;0;0;0;0;0;0;0;0;0;0;0;0;0;0;0;0;0;0;0;0;0;0;0;0;0;0;0;0;0;0;0;0;0;0;0;0;0;0;0;0;0;0;0;0;0;0;0;0;0;0;0;0;0;0;0;0;0;0;0;0;0;0;0;0;0;1;0;0;0;1;1;0;2016-06-18 13:00:00;1087;0;45;23;10;0;-1;1;-1;-1;-1;-1;-1;-1;0;0;0;2;0;2;-1;0;0;0;0;0;0;0;0;0;0;0;0;0;1;1;0;0;-1;-1;0;0;-1;-1;-1;-1;-1;-1;-1;-1;-1;0;25;58;68;90;23;68;80;35;14.25;5.8;3.3;2.4;Jelgava;Spartaks Jūrmala;2.36;1.86;2.25;2;1.3;2.2;100;75;43;33;10;68;68;48;0;0;0;203;28;Y;N;N;N;N;N;N
61891;963;1091;2016;complete;289;11;-1;8,23,50;;3;0;3;3;0;3;1;1;2;2;0;0;10;4;5;1;15;5;22;10;60;40;2;2;0;0;0;0;0;0;0;0;0;0;0;0;0;0;0;0;0;0;0;0;0;0;0;0;0;0;0;0;0;0;0;0;0;0;0;0;0;0;0;0;0;0;0;0;0;0;0;0;0;0;0;0;0;0;0;0;0;0;0;0;0;0;0;0;0;0;0;0;3;2;0;1;0;1;2;2016-06-18 15:00:00;963;0;50;34;17;0;-1;1;-1;-1;-1;-1;-1;-1;0;1;2;1;1;3;-1;0;0;0;0;0;0;0;1;0;1;0;0;0;1;1;1;0;-1;-1;0;0;-1;-1;-1;-1;-1;-1;-1;-1;-1;0;21;54;79;88;34;59;67;38;10.5;3.75;3.92;2.42;Ventspils;BFC Daugavpils;1.93;0.14;2.33;0.25;2.1;0.4;100;79;46;21;13;92;92;59;0;0;0;203;28;Y;Y;Y;N;N;N;N
61892;1090;1089;2016;complete;289;11;-1;74;53;1;1;2;6;4;10;2;1;3;2;0;0;6;7;3;4;9;11;12;18;55;45;3;2;0;0;0;0;0;0;0;0;0;0;0;0;0;0;0;0;0;0;0;0;0;0;0;0;0;0;0;0;0;0;0;0;0;0;0;0;0;0;0;0;0;0;0;0;0;0;0;0;0;0;0;0;0;0;0;0;0;0;0;0;0;0;0;0;0;0;0;0;2;0;0;1;1;2;0;2016-06-19 15:00:00;-1;0;40;10;30;0;-1;1;-1;-1;-1;-1;-1;-1;2;1;1;1;3;2;-1;0;0;0;0;0;0;0;0;0;0;0;0;0;1;1;0;0;-1;-1;1;0;-1;-1;-1;-1;-1;-1;-1;-1;-1;10;10;40;60;90;20;50;80;40;12.4;5.6;4.6;2.1;Rīgas FS;Riga;1.57;0.86;2;0.8;1.2;1.1;90;90;60;40;10;80;70;60;0;0;0;203;28;Y;Y;N;N;N;N;Y
61893;1086;963;2016;complete;289;12;-1;8,14,76,78;2,48,85;4;3;7;2;2;4;3;1;3;2;0;0;4;3;2;4;6;7;17;13;49;51;3;2;0;0;0;0;0;0;0;0;0;0;0;0;0;0;0;0;0;0;0;0;0;0;0;0;0;0;0;0;0;0;0;0;0;0;0;0;0;0;0;0;0;0;0;0;0;0;0;0;0;0;0;0;0;0;0;0;0;0;0;0;0;0;0;0;0;0;0;0;7;2;1;2;2;4;3;2016-06-22 16:00:00;1086;0;58;23;13;0;-1;1;-1;-1;-1;-1;-1;-1;0;0;3;2;0;5;-1;0;0;0;0;0;0;0;1;1;1;1;0;0;1;1;1;1;-1;-1;0;0;-1;-1;-1;-1;-1;-1;-1;-1;-1;25;45;68;80;100;35;68;88;58;13.27;4.65;2.95;3.3;Jelgava;Ventspils;2.36;1.71;1.8;1.75;1.18;2.18;75;55;33;20;0;47;47;47;0;0;0;203;28;Y;Y;Y;Y;Y;Y;Y
61894;1087;1088;2016;complete;289;12;-1;24,34,52,60;79;4;1;5;4;3;7;2;1;0;2;0;0;4;0;10;5;14;5;14;17;56;44;0;2;0;0;0;0;0;0;0;0;0;0;0;0;0;0;0;0;0;0;0;0;0;0;0;0;0;0;0;0;0;0;0;0;0;0;0;0;0;0;0;0;0;0;0;0;0;0;0;0;0;0;0;0;0;0;0;0;0;0;0;0;0;0;0;0;0;0;0;0;5;2;0;2;1;3;2;2016-06-25 16:00:00;1087;0;30;10;20;0;-1;1;-1;-1;-1;-1;-1;-1;0;2;0;0;2;0;-1;0;0;0;0;0;0;0;0;0;0;0;0;0;1;1;0;0;-1;-1;0;0;-1;-1;-1;-1;-1;-1;-1;-1;-1;20;20;60;80;100;20;70;100;50;11.45;6.6;5;2.9;Spartaks Jūrmala;Metta - LU;2.07;0.71;2.4;0.6;2.27;1.18;80;80;40;20;0;75;75;63;0;0;0;203;28;Y;Y;Y;Y;Y;N;Y
61895;1089;1091;2016;complete;289;12;-1;51,73;;2;0;2;8;2;10;3;0;0;2;0;0;7;2;8;3;15;5;10;11;67;33;0;2;0;0;0;0;0;0;0;0;0;0;0;0;0;0;0;0;0;0;0;0;0;0;0;0;0;0;0;0;0;0;0;0;0;0;0;0;0;0;0;0;0;0;0;0;0;0;0;0;0;0;0;0;0;0;0;0;0;0;0;0;0;0;0;0;0;0;0;0;2;0;0;2;0;2;0;2016-06-26 14:00:00;1089;0;50;30;20;0;-1;1;-1;-1;-1;-1;-1;-1;0;1;0;1;1;1;-1;0;0;0;0;0;0;0;0;0;0;0;0;0;1;1;0;0;-1;-1;0;0;-1;-1;-1;-1;-1;-1;-1;-1;-1;0;10;50;70;70;40;50;50;30;7.25;4.2;2.8;2;Riga;BFC Daugavpils;1.71;0.14;1.4;0.2;1.09;0.36;100;90;50;30;30;63;63;50;0;0;0;203;28;Y;Y;N;N;N;N;N
61896;63;1090;2016;complete;289;12;-1;8,14,63;52;3;1;4;3;4;7;7;1;1;1;0;0;4;5;5;6;9;11;24;18;48;52;1;1;0;0;0;0;0;0;0;0;0;0;0;0;0;0;0;0;0;0;0;0;0;0;0;0;0;0;0;0;0;0;0;0;0;0;0;0;0;0;0;0;0;0;0;0;0;0;0;0;0;0;0;0;0;0;0;0;0;0;0;0;0;0;0;0;0;0;0;0;4;2;0;1;1;2;2;2016-06-26 16:00:00;63;0;23;0;13;0;-1;1;-1;-1;-1;-1;-1;-1;0;0;1;1;0;2;-1;0;0;0;0;0;0;0;0;0;0;0;0;0;1;1;1;0;-1;-1;0;0;-1;-1;-1;-1;-1;-1;-1;-1;-1;0;10;48;68;90;25;55;90;23;10.25;2.5;4.3;2.15;Liepāja;Rīgas FS;1.43;0.93;1.5;0.4;1.73;1.18;100;90;53;33;10;75;65;55;0;0;0;203;28;Y;Y;Y;Y;N;N;Y
61897;1089;63;2016;complete;289;13;-1;;;0;0;0;5;7;12;4;7;3;2;0;0;6;6;6;8;12;14;21;15;44;56;3;2;0;0;0;0;0;0;0;0;0;0;0;0;0;0;0;0;0;0;0;0;0;0;0;0;0;0;0;0;0;0;0;0;0;0;0;0;0;0;0;0;0;0;0;0;0;0;0;0;0;0;0;0;0;0;0;0;0;0;0;0;0;0;0;0;0;0;0;0;0;0;0;0;0;0;0;2016-07-01 15:00:00;-1;0;32;9;24;0;-1;1;-1;-1;-1;-1;-1;-1;1;0;2;2;1;4;-1;0;0;0;0;0;0;0;0;0;0;0;0;0;1;1;0;0;-1;-1;1;0;-1;-1;-1;-1;-1;-1;-1;-1;-1;0;7;23;62;84;16;31;75;47;10.37;5;2.69;1.75;Riga;Liepāja;1.71;1.57;1.67;1.86;1.25;1.83;100;93;77;38;17;80;80;56;0;0;0;203;28;N;N;N;N;N;N;N
61898;63;1091;2016;complete;289;14;-1;25;;1;0;1;7;2;9;2;2;2;0;0;0;4;2;7;0;11;2;21;9;67;33;2;0;0;0;0;0;0;0;0;0;0;0;0;0;0;0;0;0;0;0;0;0;0;0;0;0;0;0;0;0;0;0;0;0;0;0;0;0;0;0;0;0;0;0;0;0;0;0;0;0;0;0;0;0;0;0;0;0;0;0;0;0;0;0;0;0;0;0;0;0;1;1;0;0;0;0;1;2016-07-08 15:00:00;63;0;37;17;20;0;-1;1;-1;-1;-1;-1;-1;-1;0;0;2;0;0;2;-1;0;0;0;0;0;0;0;0;0;0;0;0;0;1;1;0;0;-1;-1;0;0;-1;-1;-1;-1;-1;-1;-1;-1;-1;0;19;74;82;92;55;55;84;37;7.8;3.6;4.03;2.65;Liepāja;BFC Daugavpils;1.43;0.14;1.8;0.17;1.77;0.33;100;82;27;19;9;60;60;40;0;0;0;203;28;Y;N;N;N;N;N;N
61899;1087;1089;2016;complete;289;14;-1;90;;1;0;1;6;4;10;0;0;3;2;0;0;6;4;8;2;14;6;11;12;56;44;3;2;0;0;0;0;0;0;0;0;0;0;0;0;0;0;0;0;0;0;0;0;0;0;0;0;0;0;0;0;0;0;0;0;0;0;0;0;0;0;0;0;0;0;0;0;0;0;0;0;0;0;0;0;0;0;0;0;0;0;0;0;0;0;0;0;0;0;0;0;1;0;0;1;0;1;0;2016-07-10 14:00:00;1087;0;42;0;25;0;-1;1;-1;-1;-1;-1;-1;-1;0;0;3;2;0;5;-1;0;0;0;0;0;0;0;0;0;0;0;0;0;1;1;0;0;-1;-1;0;0;-1;-1;-1;-1;-1;-1;-1;-1;-1;17;17;50;83;100;17;59;100;59;9.53;6.5;3.5;2.75;Spartaks Jūrmala;Riga;2.07;0.86;2.5;0.83;2.33;1.23;84;84;50;17;0;54;45;19;0;0;0;203;28;Y;N;N;N;N;N;N
61900;1086;1088;2016;complete;289;14;-1;32,60;;2;0;2;12;2;14;5;1;2;3;0;0;11;3;4;1;15;4;8;13;60;40;2;3;0;0;0;0;0;0;0;0;0;0;0;0;0;0;0;0;0;0;0;0;0;0;0;0;0;0;0;0;0;0;0;0;0;0;0;0;0;0;0;0;0;0;0;0;0;0;0;0;0;0;0;0;0;0;0;0;0;0;0;0;0;0;0;0;0;0;0;0;2;1;0;1;0;1;1;2016-07-10 14:00:00;1086;0;50;25;34;0;-1;1;-1;-1;-1;-1;-1;-1;0;1;2;2;1;4;-1;0;0;0;0;0;0;0;1;0;1;0;0;0;1;1;0;0;-1;-1;0;0;-1;-1;-1;-1;-1;-1;-1;-1;-1;25;42;67;75;100;42;75;100;50;12.33;6;4.33;3.25;Jelgava;Metta - LU;2.36;0.71;2;0.5;1.33;1.08;75;59;33;25;0;67;67;67;0;0;0;203;28;Y;Y;N;N;N;N;N
61901;963;1090;2016;complete;289;14;-1;;38;0;1;1;11;7;18;0;1;1;1;0;0;6;2;6;5;12;7;11;15;58;42;1;1;0;0;0;0;0;0;0;0;0;0;0;0;0;0;0;0;0;0;0;0;0;0;0;0;0;0;0;0;0;0;0;0;0;0;0;0;0;0;0;0;0;0;0;0;0;0;0;0;0;0;0;0;0;0;0;0;0;0;0;0;0;0;0;0;0;0;0;0;1;0;1;0;0;0;1;2016-07-10 16:00:00;1090;0;38;7;23;0;-1;1;-1;-1;-1;-1;-1;-1;0;1;1;0;1;1;-1;0;0;0;0;0;0;0;0;0;0;0;0;0;1;1;0;0;-1;-1;0;0;-1;-1;-1;-1;-1;-1;-1;-1;-1;0;24;38;77;92;23;69;85;38;10.54;3.29;3.81;2.3;Ventspils;Rīgas FS;1.93;0.93;2.43;0.33;2;1.08;100;77;62;24;9;77;69;47;0;0;0;203;28;Y;N;N;N;N;N;N
61902;1088;1091;2016;complete;289;15;-1;27,42;72,83;2;2;4;4;5;9;5;3;2;1;1;0;6;7;2;8;8;15;16;10;41;59;3;1;0;0;0;0;0;0;0;0;0;0;0;0;0;0;0;0;0;0;0;0;0;0;0;0;0;0;0;0;0;0;0;0;0;0;0;0;0;0;0;0;0;0;0;0;0;0;0;0;0;0;0;0;0;0;0;0;0;0;0;0;0;0;0;0;0;0;0;0;4;2;0;0;2;2;2;2016-07-23 16:00:00;-1;0;31;23;0;0;-1;1;-1;-1;-1;-1;-1;-1;0;0;3;1;0;4;-1;0;0;0;0;0;0;0;0;0;0;0;0;0;1;1;0;0;-1;-1;0;0;-1;-1;-1;-1;-1;-1;-1;-1;-1;0;7;45;69;93;38;62;62;23;6.5;4.14;4.74;2.15;Metta - LU;BFC Daugavpils;1.43;0.14;1.67;0.14;1;0.31;100;93;55;31;7;92;84;42;0;0;0;203;28;Y;Y;Y;Y;N;N;Y
61903;1089;963;2016;complete;289;15;-1;90;42,78;1;2;3;6;4;10;1;2;2;1;0;0;8;3;3;10;11;13;12;16;48;52;2;1;0;0;0;0;0;0;0;0;0;0;0;0;0;0;0;0;0;0;0;0;0;0;0;0;0;0;0;0;0;0;0;0;0;0;0;0;0;0;0;0;0;0;0;0;0;0;0;0;0;0;0;0;0;0;0;0;0;0;0;0;0;0;0;0;0;0;0;0;3;0;1;1;1;2;1;2016-07-24 14:00:00;963;0;62;27;35;0;-1;1;-1;-1;-1;-1;-1;-1;0;0;2;1;0;3;-1;0;0;0;0;0;0;0;0;1;0;1;0;0;1;1;0;0;-1;-1;0;0;-1;-1;-1;-1;-1;-1;-1;-1;-1;30;30;47;79;79;37;55;62;62;10.33;4.34;2.94;2.95;Riga;Ventspils;1.71;1.71;1.57;1.4;1.14;1.85;70;70;53;22;22;46;46;38;0;0;0;203;28;Y;Y;Y;N;N;N;Y
61904;63;1087;2016;complete;289;15;-1;3,48,85,88;39,45,74;4;3;7;2;8;10;1;3;2;4;1;2;4;8;4;4;8;12;12;20;52;48;4;8;0;0;0;0;0;0;0;0;0;0;0;0;0;0;0;0;0;0;0;0;0;0;0;0;0;0;0;0;0;0;0;0;0;0;0;0;0;0;0;0;0;0;0;0;0;0;0;0;0;0;0;0;0;0;0;0;0;0;0;0;0;0;0;0;0;0;0;0;7;1;2;3;1;4;3;2016-07-24 15:00:00;63;0;33;9;25;0;-1;1;-1;-1;-1;-1;-1;-1;0;2;3;4;2;7;-1;0;0;0;0;0;0;0;0;0;0;0;0;0;1;1;1;0;-1;-1;0;0;-1;-1;-1;-1;-1;-1;-1;-1;-1;0;9;50;59;92;34;59;75;25;11.67;4.33;4;2.09;Liepāja;Spartaks Jūrmala;1.43;1.86;2;2.17;1.86;2.38;100;92;50;42;9;50;42;25;0;0;0;203;28;Y;Y;Y;Y;Y;Y;Y
61905;1086;1090;2016;complete;289;15;-1;28,84;;2;0;2;10;3;13;2;2;4;2;0;0;3;3;10;5;13;8;23;13;55;45;4;2;0;0;0;0;0;0;0;0;0;0;0;0;0;0;0;0;0;0;0;0;0;0;0;0;0;0;0;0;0;0;0;0;0;0;0;0;0;0;0;0;0;0;0;0;0;0;0;0;0;0;0;0;0;0;0;0;0;0;0;0;0;0;0;0;0;0;0;0;2;1;0;1;0;1;1;2016-07-25 16:00:00;1086;0;36;15;14;0;-1;1;-1;-1;-1;-1;-1;-1;3;1;1;1;4;2;-1;0;0;0;0;0;0;0;0;0;0;0;0;0;1;1;0;0;-1;-1;0;0;-1;-1;-1;-1;-1;-1;-1;-1;-1;7;36;43;64;93;22;71;86;36;11.85;4.57;3.14;2.57;Jelgava;Rīgas FS;2.36;0.93;2.14;0.71;1.46;1.23;93;64;57;36;7;72;64;57;0;0;0;203;28;Y;Y;N;N;N;N;N
61906;1087;1091;2016;complete;289;16;-1;38,47,88,90;23;4;1;5;7;3;10;4;2;1;1;0;0;3;3;6;6;9;9;11;10;51;49;1;1;0;0;0;0;0;0;0;0;0;0;0;0;0;0;0;0;0;0;0;0;0;0;0;0;0;0;0;0;0;0;0;0;0;0;0;0;0;0;0;0;0;0;0;0;0;0;0;0;0;0;0;0;0;0;0;0;0;0;0;0;0;0;0;0;0;0;0;0;5;1;1;3;0;3;2;2016-07-30 14:00:00;1087;0;34;13;7;0;-1;1;-1;-1;-1;-1;-1;-1;1;1;0;0;2;0;-1;0;0;0;0;0;0;0;0;1;0;1;0;0;1;1;0;0;-1;-1;0;0;-1;-1;-1;-1;-1;-1;-1;-1;-1;15;27;60;73;94;32;60;82;48;7.64;4.24;3.36;2.75;Spartaks Jūrmala;BFC Daugavpils;2.07;0.14;2.57;0.25;2.21;0.36;86;73;41;27;7;68;54;23;0;0;0;203;28;Y;Y;Y;Y;Y;N;Y
61907;63;963;2016;complete;289;16;-1;9,69;6,32,71;2;3;5;7;6;13;1;3;1;2;1;0;3;4;4;8;7;12;18;14;49;51;3;2;0;0;0;0;0;0;0;0;0;0;0;0;0;0;0;0;0;0;0;0;0;0;0;0;0;0;0;0;0;0;0;0;0;0;0;0;0;0;0;0;0;0;0;0;0;0;0;0;0;0;0;0;0;0;0;0;0;0;0;0;0;0;0;0;0;0;0;0;5;1;2;1;1;2;3;2016-07-30 16:00:00;963;0;63;24;47;0;-1;1;-1;-1;-1;-1;-1;-1;0;1;2;1;1;3;-1;0;0;0;0;0;0;0;0;1;0;1;0;0;1;1;1;1;-1;-1;0;0;-1;-1;-1;-1;-1;-1;-1;-1;-1;32;40;77;86;100;54;77;85;63;9.91;3.62;4.1;3.74;Liepāja;Ventspils;1.43;1.71;2.14;1.67;1.93;1.93;68;61;23;15;0;49;42;25;0;0;0;203;28;Y;Y;Y;Y;Y;N;Y
61908;1090;1088;2016;complete;289;16;-1;33,48,55;;3;0;3;7;0;7;8;2;2;5;0;1;7;0;13;4;20;4;13;17;62;38;2;7;0;0;0;0;0;0;0;0;0;0;0;0;0;0;0;0;0;0;0;0;0;0;0;0;0;0;0;0;0;0;0;0;0;0;0;0;0;0;0;0;0;0;0;0;0;0;0;0;0;0;0;0;0;0;0;0;0;0;0;0;0;0;0;0;0;0;0;0;3;1;0;2;0;2;1;2016-08-01 16:00:00;1090;0;47;16;47;0;-1;1;-1;-1;-1;-1;-1;-1;0;2;2;4;2;6;-1;0;0;0;0;0;0;0;1;0;1;0;0;0;1;1;0;0;-1;-1;0;0;-1;-1;-1;-1;-1;-1;-1;-1;-1;23;23;45;68;92;30;60;84;47;12.53;4.43;5.69;2.5;Rīgas FS;Metta - LU;1.57;0.71;1.83;0.43;1.14;1;77;77;55;32;9;93;93;85;0;0;0;203;28;Y;Y;Y;N;N;N;N
61909;963;1087;2016;complete;289;17;-1;;78;0;1;1;5;3;8;2;5;1;1;1;0;5;4;8;2;13;6;12;8;51;49;3;1;0;0;0;0;0;0;0;0;0;0;0;0;0;0;0;0;0;0;0;0;0;0;0;0;0;0;0;0;0;0;0;0;0;0;0;0;0;0;0;0;0;0;0;0;0;0;0;0;0;0;0;0;0;0;0;0;0;0;0;0;0;0;0;0;0;0;0;0;1;0;0;0;1;1;0;2016-08-05 15:00:00;1087;0;41;21;27;0;-1;1;-1;-1;-1;-1;-1;-1;0;0;2;1;0;3;-1;0;0;0;0;0;0;0;0;0;0;0;0;0;1;1;0;0;-1;-1;0;0;-1;-1;-1;-1;-1;-1;-1;-1;-1;7;14;41;66;93;27;66;73;34;13.09;4;4.71;2.34;Ventspils;Spartaks Jūrmala;1.93;1.86;2.13;1.86;2;2.27;93;87;60;34;7;66;66;32;0;0;0;203;28;Y;N;N;N;N;N;N
61910;1088;1089;2016;complete;289;17;-1;36;57;1;1;2;2;13;15;2;1;0;2;0;0;5;5;1;10;6;15;11;13;34;66;0;2;0;0;0;0;0;0;0;0;0;0;0;0;0;0;0;0;0;0;0;0;0;0;0;0;0;0;0;0;0;0;0;0;0;0;0;0;0;0;0;0;0;0;0;0;0;0;0;0;0;0;0;0;0;0;0;0;0;0;0;0;0;0;0;0;0;0;0;0;2;1;0;0;1;1;1;2016-08-06 16:00:00;-1;0;43;7;15;0;-1;1;-1;-1;-1;-1;-1;-1;0;1;0;1;1;1;-1;0;0;0;0;0;0;0;1;0;1;0;0;0;1;1;0;0;-1;-1;0;0;-1;-1;-1;-1;-1;-1;-1;-1;-1;0;7;36;71;100;29;57;86;36;8.85;6;5;2.15;Metta - LU;Riga;1.43;0.86;1.57;0.71;0.93;1.07;100;93;64;29;0;86;72;29;0;0;0;203;28;Y;Y;N;N;N;N;Y
61911;1091;1090;2016;complete;289;17;-1;;86;0;1;1;2;3;5;0;5;3;1;0;0;8;5;3;3;11;8;16;21;40;60;3;1;0;0;0;0;0;0;0;0;0;0;0;0;0;0;0;0;0;0;0;0;0;0;0;0;0;0;0;0;0;0;0;0;0;0;0;0;0;0;0;0;0;0;0;0;0;0;0;0;0;0;0;0;0;0;0;0;0;0;0;0;0;0;0;0;0;0;0;0;1;0;0;0;1;1;0;2016-08-08 15:00:00;1090;0;13;0;7;0;-1;1;-1;-1;-1;-1;-1;-1;1;0;2;1;1;3;-1;0;0;0;0;0;0;0;0;0;0;0;0;0;1;1;0;0;-1;-1;0;0;-1;-1;-1;-1;-1;-1;-1;-1;-1;9;21;29;65;94;23;71;88;21;10.08;1.63;2.8;2.17;BFC Daugavpils;Rīgas FS;0.64;0.93;0.5;0.63;0.33;1.27;92;79;71;36;7;94;68;52;0;0;0;203;28;Y;N;N;N;N;N;N
61912;1086;63;2016;complete;289;17;-1;13,69,83;73,75;3;2;5;4;3;7;5;1;3;2;0;0;3;3;5;10;8;13;24;14;55;45;3;2;0;0;0;0;0;0;0;0;0;0;0;0;0;0;0;0;0;0;0;0;0;0;0;0;0;0;0;0;0;0;0;0;0;0;0;0;0;0;0;0;0;0;0;0;0;0;0;0;0;0;0;0;0;0;0;0;0;0;0;0;0;0;0;0;0;0;0;0;5;1;0;2;2;4;1;2016-08-08 15:00:00;1086;0;26;13;13;0;-1;1;-1;-1;-1;-1;-1;-1;1;1;2;1;2;3;-1;0;0;0;0;0;0;0;1;0;1;0;0;0;1;1;0;0;-1;-1;0;0;-1;-1;-1;-1;-1;-1;-1;-1;-1;7;26;38;63;94;19;50;94;38;12.88;6.01;3.76;2.38;Jelgava;Liepāja;2.36;1.57;2.25;1.75;1.57;1.81;94;76;63;38;7;82;82;69;0;0;0;203;28;Y;Y;Y;Y;Y;N;Y
61913;1087;1086;2016;complete;289;18;-1;;;0;0;0;2;4;6;2;2;2;2;0;0;2;0;6;5;8;5;11;9;47;53;2;2;0;0;0;0;0;0;0;0;0;0;0;0;0;0;0;0;0;0;0;0;0;0;0;0;0;0;0;0;0;0;0;0;0;0;0;0;0;0;0;0;0;0;0;0;0;0;0;0;0;0;0;0;0;0;0;0;0;0;0;0;0;0;0;0;0;0;0;0;0;0;0;0;0;0;0;2016-08-13 13:00:00;-1;0;28;7;15;0;-1;1;-1;-1;-1;-1;-1;-1;0;2;2;0;2;2;-1;0;0;0;0;0;0;0;0;0;0;0;0;0;1;1;0;0;-1;-1;0;0;-1;-1;-1;-1;-1;-1;-1;-1;-1;19;19;48;63;100;21;65;84;48;11.66;4.83;4.42;2.54;Spartaks Jūrmala;Jelgava;2.07;1.29;2.63;0.67;2.31;1.67;82;82;53;38;0;59;59;37;0;0;0;203;28;N;N;N;N;N;N;N
61914;963;1091;2016;complete;289;18;-1;24,52;;2;0;2;5;3;8;1;0;3;2;0;0;3;5;5;4;8;9;22;18;47;53;3;2;0;0;0;0;0;0;0;0;0;0;0;0;0;0;0;0;0;0;0;0;0;0;0;0;0;0;0;0;0;0;0;0;0;0;0;0;0;0;0;0;0;0;0;0;0;0;0;0;0;0;0;0;0;0;0;0;0;0;0;0;0;0;0;0;0;0;0;0;2;1;0;1;0;1;1;2016-08-13 15:00:00;963;0;39;22;11;0;-1;1;-1;-1;-1;-1;-1;-1;0;0;3;2;0;5;-1;0;0;0;0;0;0;0;0;0;0;0;0;0;1;1;0;0;-1;-1;0;0;-1;-1;-1;-1;-1;-1;-1;-1;-1;6;22;50;73;95;39;67;73;39;9.35;3.44;3.55;2.45;Ventspils;BFC Daugavpils;1.93;0.14;1.89;0.22;1.88;0.31;95;78;50;28;6;78;65;35;0;0;0;203;28;Y;Y;N;N;N;N;N
61915;63;1088;2016;complete;289;18;-1;48,82;22,76,90;2;3;5;4;5;9;1;1;2;2;0;0;5;2;6;3;11;5;8;9;65;35;2;2;0;0;0;0;0;0;0;0;0;0;0;0;0;0;0;0;0;0;0;0;0;0;0;0;0;0;0;0;0;0;0;0;0;0;0;0;0;0;0;0;0;0;0;0;0;0;0;0;0;0;0;0;0;0;0;0;0;0;0;0;0;0;0;0;0;0;0;0;5;0;1;2;2;4;1;2016-08-13 17:30:00;1088;0;44;19;44;0;-1;1;-1;-1;-1;-1;-1;-1;1;0;1;2;1;3;-1;0;0;0;0;0;0;0;0;0;0;0;0;0;1;1;0;0;-1;-1;0;0;-1;-1;-1;-1;-1;-1;-1;-1;-1;25;32;69;82;100;51;82;94;50;10.13;4.51;5.88;3.19;Liepāja;Metta - LU;1.43;0.71;1.88;0.38;1.71;0.94;75;69;32;19;0;69;63;57;0;0;0;203;28;Y;Y;Y;Y;Y;N;Y
61916;1089;1090;2016;complete;289;18;-1;73;;1;0;1;1;2;3;2;0;3;0;0;0;5;3;5;7;10;10;14;13;46;54;3;0;0;0;0;0;0;0;0;0;0;0;0;0;0;0;0;0;0;0;0;0;0;0;0;0;0;0;0;0;0;0;0;0;0;0;0;0;0;0;0;0;0;0;0;0;0;0;0;0;0;0;0;0;0;0;0;0;0;0;0;0;0;0;0;0;0;0;0;0;1;0;0;1;0;1;0;2016-08-14 15:00:00;1089;0;36;7;25;0;-1;1;-1;-1;-1;-1;-1;-1;1;0;2;0;1;2;-1;0;0;0;0;0;0;0;0;0;0;0;0;0;1;1;0;0;-1;-1;0;0;-1;-1;-1;-1;-1;-1;-1;-1;-1;0;11;24;60;76;12;53;64;36;9.67;4.44;2.81;1.7;Riga;Rīgas FS;1.71;0.93;1.38;0.89;1.06;1.38;100;89;77;41;25;75;69;50;0;0;0;203;28;Y;N;N;N;N;N;N
61917;1090;63;2016;complete;289;19;-1;90;2;1;1;2;1;4;5;1;2;2;1;0;0;3;3;5;5;8;8;13;21;57;43;2;1;0;0;0;0;0;0;0;0;0;0;0;0;0;0;0;0;0;0;0;0;0;0;0;0;0;0;0;0;0;0;0;0;0;0;0;0;0;0;0;0;0;0;0;0;0;0;0;0;0;0;0;0;0;0;0;0;0;0;0;0;0;0;0;0;0;0;0;0;2;0;1;1;0;1;1;2016-08-19 15:30:00;-1;0;33;7;33;0;-1;1;-1;-1;-1;-1;-1;-1;1;0;1;1;1;2;-1;0;0;0;0;0;0;0;0;0;0;0;0;0;1;1;0;1;-1;-1;0;0;-1;-1;-1;-1;-1;-1;-1;-1;-1;13;18;38;57;88;13;38;80;51;12.15;5.3;4.6;2.13;Rīgas FS;Liepāja;1.57;1.57;2;1.56;1.29;1.61;88;82;62;44;13;88;88;69;0;0;0;203;28;Y;Y;N;N;N;N;Y
61918;1088;1087;2016;complete;289;19;-1;55;4,23,48;1;3;4;4;4;8;1;2;5;1;0;0;4;4;2;4;6;8;17;17;44;56;5;1;0;0;0;0;0;0;0;0;0;0;0;0;0;0;0;0;0;0;0;0;0;0;0;0;0;0;0;0;0;0;0;0;0;0;0;0;0;0;0;0;0;0;0;0;0;0;0;0;0;0;0;0;0;0;0;0;0;0;0;0;0;0;0;0;0;0;0;0;4;0;2;1;1;2;2;2016-08-19 16:00:00;1087;0;44;19;13;0;-1;1;-1;-1;-1;-1;-1;-1;1;0;4;1;1;5;-1;0;0;0;0;0;0;0;0;0;0;0;0;0;1;1;0;1;-1;-1;0;0;-1;-1;-1;-1;-1;-1;-1;-1;-1;7;13;38;63;94;32;63;75;25;9.75;5.51;5.25;2.25;Metta - LU;Spartaks Jūrmala;1.43;1.86;1.5;2;1.06;2.24;94;88;63;38;7;75;69;32;0;0;0;203;28;Y;Y;Y;Y;N;N;Y
61919;1086;963;2016;complete;289;19;-1;4,13;;2;0;2;1;6;7;4;2;4;1;0;0;3;3;3;7;6;10;22;12;47;53;4;1;0;0;0;0;0;0;0;0;0;0;0;0;0;0;0;0;0;0;0;0;0;0;0;0;0;0;0;0;0;0;0;0;0;0;0;0;0;0;0;0;0;0;0;0;0;0;0;0;0;0;0;0;0;0;0;0;0;0;0;0;0;0;0;0;0;0;0;0;2;2;0;0;0;0;2;2016-08-20 13:00:00;1086;0;65;33;40;0;-1;1;-1;-1;-1;-1;-1;-1;2;0;2;1;2;3;-1;0;0;0;0;0;0;0;0;0;0;0;0;0;1;1;1;0;-1;-1;0;0;-1;-1;-1;-1;-1;-1;-1;-1;-1;40;51;71;89;100;40;82;93;65;12.11;5.13;3.71;3.83;Jelgava;Ventspils;2.36;1.71;2.33;1.86;1.63;1.94;61;50;29;11;0;53;53;45;0;0;0;203;28;Y;Y;N;N;N;N;N
61920;1091;1089;2016;complete;289;19;-1;5,39;50,78;2;2;4;1;4;5;3;5;3;1;0;0;5;9;4;5;9;14;16;19;32;68;3;1;0;0;0;0;0;0;0;0;0;0;0;0;0;0;0;0;0;0;0;0;0;0;0;0;0;0;0;0;0;0;0;0;0;0;0;0;0;0;0;0;0;0;0;0;0;0;0;0;0;0;0;0;0;0;0;0;0;0;0;0;0;0;0;0;0;0;0;0;4;2;0;0;2;2;2;2016-08-20 15:00:00;-1;0;25;0;13;0;-1;1;-1;-1;-1;-1;-1;-1;0;1;3;0;1;3;-1;0;0;0;0;0;0;0;0;0;0;0;0;0;1;1;1;0;-1;-1;0;0;-1;-1;-1;-1;-1;-1;-1;-1;-1;7;7;27;66;100;21;54;100;26;10.8;2.93;3.31;2.07;BFC Daugavpils;Riga;0.64;0.86;0.43;0.75;0.29;1.18;93;93;73;34;0;79;57;29;0;0;0;203;28;Y;Y;Y;Y;N;N;Y
61921;1091;1086;2016;complete;289;13;-1;;;0;0;0;2;12;14;0;3;0;0;0;0;0;7;5;10;5;17;6;14;31;69;0;0;0;0;0;0;0;0;0;0;0;0;0;0;0;0;0;0;0;0;0;0;0;0;0;0;0;0;0;0;0;0;0;0;0;0;0;0;0;0;0;0;0;0;0;0;0;0;0;0;0;0;0;0;0;0;0;0;0;0;0;0;0;0;0;0;0;0;0;0;0;0;0;0;0;0;0;2016-08-24 14:00:00;-1;0;14;0;7;0;-1;-1;-1;-1;-1;-1;-1;-1;0;0;0;0;0;0;-1;0;0;0;0;0;0;0;0;0;0;0;0;0;1;1;0;0;-1;-1;-1;-1;-1;-1;-1;-1;-1;-1;-1;-1;-1;7;13;34;53;93;26;60;79;27;10.47;2.61;4.2;1.98;BFC Daugavpils;Jelgava;0.64;1.29;0.5;0.71;0.33;1.71;94;88;67;48;7;61;47;40;0;0;0;203;28;N;N;N;N;N;N;N
61922;1090;1087;2016;complete;289;13;-1;;28,47;0;2;2;7;9;16;2;6;0;0;0;0;3;5;7;6;10;11;10;9;55;45;0;0;0;0;0;0;0;0;0;0;0;0;0;0;0;0;0;0;0;0;0;0;0;0;0;0;0;0;0;0;0;0;0;0;0;0;0;0;0;0;0;0;0;0;0;0;0;0;0;0;0;0;0;0;0;0;0;0;0;0;0;0;0;0;0;0;0;0;0;0;2;0;1;0;1;1;1;2016-08-24 16:00:00;1087;0;47;18;36;0;-1;-1;-1;-1;-1;-1;-1;-1;0;0;0;0;0;0;-1;0;0;0;0;0;0;0;0;0;0;0;0;0;1;1;0;0;-1;-1;-1;-1;-1;-1;-1;-1;-1;-1;-1;-1;-1;12;18;41;60;89;23;53;77;42;12;4.96;4.96;2.29;Rīgas FS;Spartaks Jūrmala;1.57;1.86;1.88;2.11;1.28;2.28;89;83;60;41;12;60;60;37;0;0;0;203;28;Y;Y;N;N;N;N;N
61923;1088;963;2016;complete;289;13;-1;70;15;1;1;2;4;11;15;1;0;1;2;0;0;3;5;4;4;7;9;23;15;38;62;1;2;0;0;0;0;0;0;0;0;0;0;0;0;0;0;0;0;0;0;0;0;0;0;0;0;0;0;0;0;0;0;0;0;0;0;0;0;0;0;0;0;0;0;0;0;0;0;0;0;0;0;0;0;0;0;0;0;0;0;0;0;0;0;0;0;0;0;0;0;2;0;1;1;0;1;1;2016-08-24 16:00:00;-1;0;66;25;31;0;-1;1;-1;-1;-1;-1;-1;-1;0;2;1;0;2;1;-1;0;0;0;0;0;0;0;0;0;0;0;0;0;1;1;0;0;-1;-1;0;0;-1;-1;-1;-1;-1;-1;-1;-1;-1;25;36;60;89;100;54;83;77;54;8.99;4.52;4.63;3.29;Metta - LU;Ventspils;1.43;1.71;1.33;1.63;1;1.83;75;64;41;11;0;66;61;37;0;0;0;203;28;Y;Y;N;N;N;N;Y
61924;1089;63;2016;complete;289;20;-1;;88;0;1;1;2;4;6;2;5;3;2;0;0;0;6;9;6;9;12;18;12;43;57;3;2;0;0;0;0;0;0;0;0;0;0;0;0;0;0;0;0;0;0;0;0;0;0;0;0;0;0;0;0;0;0;0;0;0;0;0;0;0;0;0;0;0;0;0;0;0;0;0;0;0;0;0;0;0;0;0;0;0;0;0;0;0;0;0;0;0;0;0;0;1;0;0;0;1;1;0;2016-08-26 15:00:00;63;0;37;6;27;0;-1;1;-1;-1;-1;-1;-1;-1;1;1;2;1;2;3;-1;0;0;0;0;0;0;0;0;0;0;0;0;0;1;1;0;0;-1;-1;1;1;-1;-1;-1;-1;-1;-1;-1;-1;-1;5;10;26;58;79;11;37;73;42;9.8;5.18;3.24;1.77;Riga;Liepāja;1.71;1.57;1.56;1.5;1.17;1.58;95;90;74;42;22;72;72;49;0;0;0;203;28;Y;N;N;N;N;N;N
61925;1086;1091;2016;complete;289;20;-1;28,74;;2;0;2;12;3;15;6;1;1;3;0;0;10;2;5;4;15;6;21;10;63;37;1;3;0;0;0;0;0;0;0;0;0;0;0;0;0;0;0;0;0;0;0;0;0;0;0;0;0;0;0;0;0;0;0;0;0;0;0;0;0;0;0;0;0;0;0;0;0;0;0;0;0;0;0;0;0;0;0;0;0;0;0;0;0;0;0;0;0;0;0;0;2;1;0;1;0;1;1;2016-08-28 12:00:00;1086;0;40;25;10;0;-1;1;-1;-1;-1;-1;-1;-1;1;0;0;3;1;3;-1;0;0;0;0;0;0;0;0;0;0;0;0;0;1;1;0;0;-1;-1;0;0;-1;-1;-1;-1;-1;-1;-1;-1;-1;15;35;55;80;95;40;75;80;40;9.31;4.9;3.7;2.9;Jelgava;BFC Daugavpils;2.36;0.14;2.4;0.2;1.67;0.37;85;65;45;20;5;64;53;36;0;0;0;203;28;Y;Y;N;N;N;N;N
61926;1087;1090;2016;complete;289;20;-1;2,58;52;2;1;3;9;6;15;1;2;6;1;0;0;3;3;5;7;8;10;22;14;51;49;6;1;0;0;0;0;0;0;0;0;0;0;0;0;0;0;0;0;0;0;0;0;0;0;0;0;0;0;0;0;0;0;0;0;0;0;0;0;0;0;0;0;0;0;0;0;0;0;0;0;0;0;0;0;0;0;0;0;0;0;0;0;0;0;0;0;0;0;0;0;3;1;0;1;1;2;1;2016-08-28 14:00:00;1087;0;27;6;11;0;-1;1;-1;-1;-1;-1;-1;-1;1;1;5;0;2;5;-1;0;0;0;0;0;0;0;0;1;0;1;0;0;1;1;1;0;-1;-1;0;0;-1;-1;-1;-1;-1;-1;-1;-1;-1;17;27;38;59;90;16;58;85;38;8.9;4.29;3.18;2.35;Spartaks Jūrmala;Rīgas FS;2.07;0.93;2.44;0.8;2.32;1.21;84;74;62;42;11;60;55;32;0;0;0;203;28;Y;Y;Y;N;N;N;Y
61927;963;1088;2016;complete;289;20;-1;34,84;;2;0;2;11;1;12;1;3;0;2;0;0;9;4;16;2;25;6;10;14;62;38;0;2;0;0;0;0;0;0;0;0;0;0;0;0;0;0;0;0;0;0;0;0;0;0;0;0;0;0;0;0;0;0;0;0;0;0;0;0;0;0;0;0;0;0;0;0;0;0;0;0;0;0;0;0;0;0;0;0;0;0;0;0;0;0;0;0;0;0;0;0;2;1;0;1;0;1;1;2016-08-28 14:00:00;963;0;37;11;32;0;-1;1;-1;-1;-1;-1;-1;-1;0;1;0;1;1;1;-1;0;0;0;0;0;0;0;0;0;0;0;0;0;1;1;0;0;-1;-1;0;0;-1;-1;-1;-1;-1;-1;-1;-1;-1;17;22;49;80;100;27;80;90;43;11.21;4.12;5.42;2.66;Ventspils;Metta - LU;1.93;0.71;2;0.67;1.79;1;84;79;52;21;0;69;64;54;0;0;0;203;28;Y;Y;N;N;N;N;N
61928;1088;1086;2016;complete;289;21;-1;;39;0;1;1;6;7;13;1;1;2;3;0;0;2;11;6;6;8;17;14;19;-1;-1;2;3;0;0;0;0;0;0;0;0;0;0;0;0;0;0;0;0;0;0;0;0;0;0;0;0;0;0;0;0;0;0;0;0;0;0;0;0;0;0;0;0;0;0;0;0;0;0;0;0;0;0;0;0;0;0;0;0;0;0;0;0;0;0;0;0;0;0;0;0;1;0;1;0;0;0;1;2016-09-10 12:00:00;1086;0;37;5;12;0;-1;1;-1;-1;-1;-1;-1;-1;1;0;1;3;1;4;-1;0;0;0;0;0;0;0;0;0;0;0;0;0;1;1;0;0;-1;-1;0;0;-1;-1;-1;-1;-1;-1;-1;-1;-1;0;10;33;59;88;27;65;65;28;10.74;4.7;5.05;1.89;Metta - LU;Jelgava;1.43;1.29;1.3;0.75;0.95;1.74;100;90;68;42;13;74;69;54;0;0;0;203;28;Y;N;N;N;N;N;N
61929;1091;63;2016;complete;289;21;-1;;77;0;1;1;2;10;12;0;8;2;0;0;0;2;11;2;9;4;20;13;10;31;69;2;0;0;0;0;0;0;0;0;0;0;0;0;0;0;0;0;0;0;0;0;0;0;0;0;0;0;0;0;0;0;0;0;0;0;0;0;0;0;0;0;0;0;0;0;0;0;0;0;0;0;0;0;0;0;0;0;0;0;0;0;0;0;0;0;0;0;0;0;0;1;0;0;0;1;1;0;2016-09-10 14:00:00;63;0;19;0;9;0;-1;1;-1;-1;-1;-1;-1;-1;0;0;2;0;0;2;-1;0;0;0;0;0;0;0;0;1;0;1;0;0;1;1;0;0;-1;-1;0;0;-1;-1;-1;-1;-1;-1;-1;-1;-1;10;20;30;56;90;21;46;90;29;9.06;3.31;3.26;2.06;BFC Daugavpils;Liepāja;0.64;1.57;0.56;1.64;0.35;1.65;90;80;70;45;10;74;62;47;0;0;0;203;28;Y;N;N;N;N;N;N
61930;1090;963;2016;complete;289;21;-1;;21,34,40;0;3;3;4;7;11;1;3;1;0;0;0;2;11;8;12;10;23;14;16;40;60;1;0;0;0;0;0;0;0;0;0;0;0;0;0;0;0;0;0;0;0;0;0;0;0;0;0;0;0;0;0;0;0;0;0;0;0;0;0;0;0;0;0;0;0;0;0;0;0;0;0;0;0;0;0;0;0;0;0;0;0;0;0;0;0;0;0;0;0;0;0;3;0;3;0;0;0;3;2016-09-10 16:00:00;963;0;61;22;39;0;-1;1;-1;-1;-1;-1;-1;-1;1;0;0;0;1;0;-1;0;0;0;0;0;0;0;0;0;0;0;0;0;1;1;0;0;-1;-1;0;0;-1;-1;-1;-1;-1;-1;-1;-1;-1;28;28;50;84;95;34;73;78;56;12.24;4;4;3;Rīgas FS;Ventspils;1.57;1.71;1.67;1.56;1.15;1.85;73;73;50;17;6;64;64;53;0;0;0;203;28;Y;Y;Y;N;N;N;N
61931;1089;1087;2016;complete;289;21;-1;41;54;1;1;2;5;1;6;3;3;3;1;0;0;7;4;5;7;12;11;13;15;48;52;3;1;0;0;0;0;0;0;0;0;0;0;0;0;0;0;0;0;0;0;0;0;0;0;0;0;0;0;0;0;0;0;0;0;0;0;0;0;0;0;0;0;0;0;0;0;0;0;0;0;0;0;0;0;0;0;0;0;0;0;0;0;0;0;0;0;0;0;0;0;2;1;0;0;1;1;1;2016-09-11 12:00:00;-1;0;40;15;30;0;-1;1;-1;-1;-1;-1;-1;-1;1;0;2;1;1;3;-1;0;0;0;0;0;0;0;0;0;0;0;0;0;1;1;0;0;-1;-1;0;0;-1;-1;-1;-1;-1;-1;-1;-1;-1;5;10;30;55;80;20;45;70;35;10.52;5.4;3.7;1.9;Riga;Spartaks Jūrmala;1.71;1.86;1.4;2.2;1.11;2.35;95;90;70;45;20;53;53;27;0;0;0;203;28;Y;Y;N;N;N;N;Y
61932;1090;1086;2016;complete;289;22;-1;63;;1;0;1;3;7;10;3;2;2;4;0;0;4;4;5;14;9;18;12;15;39;61;2;4;0;0;0;0;0;0;0;0;0;0;0;0;0;0;0;0;0;0;0;0;0;0;0;0;0;0;0;0;0;0;0;0;0;0;0;0;0;0;0;0;0;0;0;0;0;0;0;0;0;0;0;0;0;0;0;0;0;0;0;0;0;0;0;0;0;0;0;0;1;0;0;1;0;1;0;2016-09-16 16:30:00;1090;0;26;5;21;0;-1;1;-1;-1;-1;-1;-1;-1;1;0;1;4;1;5;-1;0;0;0;0;0;0;0;1;0;1;0;0;0;1;1;0;0;-1;-1;0;0;-1;-1;-1;-1;-1;-1;-1;-1;-1;5;5;31;52;84;16;58;57;31;13.03;4.29;4.53;1.77;Rīgas FS;Jelgava;1.57;1.29;1.5;1;1.1;1.8;95;95;69;49;16;72;72;67;0;0;0;203;28;Y;N;N;N;N;N;N
61933;963;1089;2016;complete;289;22;-1;59;;1;0;1;4;4;8;4;5;3;2;0;0;4;2;6;2;10;4;23;11;48;52;3;2;0;0;0;0;0;0;0;0;0;0;0;0;0;0;0;0;0;0;0;0;0;0;0;0;0;0;0;0;0;0;0;0;0;0;0;0;0;0;0;0;0;0;0;0;0;0;0;0;0;0;0;0;0;0;0;0;0;0;0;0;0;0;0;0;0;0;0;0;1;0;0;1;0;1;0;2016-09-17 12:30:00;963;0;42;5;20;0;-1;1;-1;-1;-1;-1;-1;-1;1;0;2;2;1;4;-1;0;0;0;0;0;0;0;0;0;0;0;0;0;1;1;0;0;-1;-1;0;0;-1;-1;-1;-1;-1;-1;-1;-1;-1;0;10;30;76;100;20;65;91;36;12.44;4.6;3.78;2.16;Ventspils;Riga;1.93;0.86;2.09;0.78;1.9;1.1;100;90;70;25;0;66;60;34;0;0;0;203;28;Y;N;N;N;N;N;N
61934;1087;63;2016;complete;289;22;-1;;;0;0;0;5;12;17;2;3;2;2;0;0;2;5;5;5;7;10;14;16;39;61;2;2;0;0;0;0;0;0;0;0;0;0;0;0;0;0;0;0;0;0;0;0;0;0;0;0;0;0;0;0;0;0;0;0;0;0;0;0;0;0;0;0;0;0;0;0;0;0;0;0;0;0;0;0;0;0;0;0;0;0;0;0;0;0;0;0;0;0;0;0;0;0;0;0;0;0;0;2016-09-17 14:00:00;-1;0;33;5;19;0;-1;1;-1;-1;-1;-1;-1;-1;2;0;0;2;2;2;-1;0;0;0;0;0;0;0;0;0;0;0;0;0;1;1;0;0;-1;-1;0;0;-1;-1;-1;-1;-1;-1;-1;-1;-1;19;24;43;60;91;14;47;91;47;10.58;5.78;3.87;2.41;Spartaks Jūrmala;Liepāja;2.07;1.57;2.5;1.75;2.29;1.71;81;77;58;40;9;66;66;40;0;0;0;203;28;N;N;N;N;N;N;N
61935;1091;1088;2016;complete;289;22;-1;40,66,70;6,27,85;3;3;6;4;10;14;2;3;3;2;0;0;4;12;7;7;11;19;16;11;51;49;3;2;0;0;0;0;0;0;0;0;0;0;0;0;0;0;0;0;0;0;0;0;0;0;0;0;0;0;0;0;0;0;0;0;0;0;0;0;0;0;0;0;0;0;0;0;0;0;0;0;0;0;0;0;0;0;0;0;0;0;0;0;0;0;0;0;0;0;0;0;6;1;2;2;1;3;3;2016-09-18 11:00:00;-1;0;25;5;20;0;-1;1;-1;-1;-1;-1;-1;-1;1;1;2;1;2;3;-1;0;0;0;0;0;0;0;1;1;1;1;0;0;1;1;0;1;-1;-1;0;0;-1;-1;-1;-1;-1;-1;-1;-1;-1;20;25;45;70;95;30;70;95;35;8.37;2.9;4.6;2.55;BFC Daugavpils;Metta - LU;0.64;0.71;0.5;0.6;0.33;0.9;80;75;55;30;5;79;63;57;0;0;0;203;28;Y;Y;Y;Y;Y;Y;Y
61936;63;963;2016;complete;289;23;-1;;;0;0;0;5;8;13;4;3;2;1;0;0;0;0;0;0;0;0;18;18;48;52;2;1;0;0;0;0;0;0;0;0;0;0;0;0;0;0;0;0;0;0;0;0;0;0;0;0;0;0;0;0;0;0;0;0;0;0;0;0;0;0;0;0;0;0;0;0;0;0;0;0;0;0;0;0;0;0;0;0;0;0;0;0;0;0;0;0;0;0;0;0;0;0;0;0;0;0;0;2016-09-23 17:00:00;-1;0;63;26;48;0;-1;1;-1;-1;-1;-1;-1;-1;1;0;1;1;1;2;-1;0;0;0;0;0;0;0;0;0;0;0;0;0;1;1;0;0;-1;-1;0;0;-1;-1;-1;-1;-1;-1;-1;-1;-1;37;42;74;89;100;58;84;80;58;11.11;3.6;3.94;3.68;Liepāja;Ventspils;1.43;1.71;1.67;1.7;1.68;1.95;64;58;26;11;0;62;50;39;0;0;0;203;28;N;N;N;N;N;N;N
61937;1091;1087;2016;complete;289;23;-1;12,34;11;2;1;3;2;8;10;1;5;2;2;0;1;0;0;0;0;0;0;9;12;-1;-1;2;4;0;0;0;0;0;0;0;0;0;0;0;0;0;0;0;0;0;0;0;0;0;0;0;0;0;0;0;0;0;0;0;0;0;0;0;0;0;0;0;0;0;0;0;0;0;0;0;0;0;0;0;0;0;0;0;0;0;0;0;0;0;0;0;0;0;0;0;0;3;2;1;0;0;0;3;2016-09-24 11:00:00;1091;0;32;14;18;0;-1;1;-1;-1;-1;-1;-1;-1;1;0;1;3;1;4;-1;0;0;0;0;0;0;0;0;0;0;0;0;0;1;1;0;0;-1;-1;0;0;-1;-1;-1;-1;-1;-1;-1;-1;-1;14;23;36;60;91;32;60;87;27;9.52;3.46;3.64;2.36;BFC Daugavpils;Spartaks Jūrmala;0.64;1.86;0.55;2.09;0.36;2.23;87;78;64;41;9;63;53;34;0;0;0;203;28;Y;Y;Y;N;N;N;Y
61938;1088;1090;2016;complete;289;23;-1;17;72;1;1;2;7;7;14;0;5;1;1;0;0;7;5;5;8;12;13;18;12;47;53;1;1;0;0;0;0;0;0;0;0;0;0;0;0;0;0;0;0;0;0;0;0;0;0;0;0;0;0;0;0;0;0;0;0;0;0;0;0;0;0;0;0;0;0;0;0;0;0;0;0;0;0;0;0;0;0;0;0;0;0;0;0;0;0;0;0;0;0;0;0;2;1;0;0;1;1;1;2016-09-24 13:00:00;-1;0;41;5;14;0;-1;1;-1;-1;-1;-1;-1;-1;1;0;0;1;1;1;-1;0;0;0;0;0;0;0;0;0;0;0;0;0;1;1;0;0;-1;-1;0;0;-1;-1;-1;-1;-1;-1;-1;-1;-1;0;18;32;64;96;23;73;78;27;8.37;4;4.09;2.09;Metta - LU;Rīgas FS;1.43;0.93;1.18;0.73;0.91;1.18;100;82;69;36;5;82;73;55;0;0;0;203;28;Y;Y;N;N;N;N;Y
61939;1086;1089;2016;complete;289;23;-1;90;;1;0;1;5;5;10;2;3;1;1;0;0;8;4;8;3;16;7;13;16;52;48;1;1;0;0;0;0;0;0;0;0;0;0;0;0;0;0;0;0;0;0;0;0;0;0;0;0;0;0;0;0;0;0;0;0;0;0;0;0;0;0;0;0;0;0;0;0;0;0;0;0;0;0;0;0;0;0;0;0;0;0;0;0;0;0;0;0;0;0;0;0;1;0;0;1;0;1;0;2016-09-25 11:00:00;1086;0;43;9;19;0;-1;1;-1;-1;-1;-1;-1;-1;1;1;0;0;2;0;-1;0;0;0;0;0;0;0;0;0;0;0;0;0;1;1;0;0;-1;-1;0;0;-1;-1;-1;-1;-1;-1;-1;-1;-1;9;23;38;76;100;24;66;96;38;12.43;6.82;3.89;2.55;Jelgava;Riga;2.36;0.86;2.45;0.7;1.71;1.05;91;77;63;24;0;58;53;38;0;0;0;203;28;Y;N;N;N;N;N;N
61940;63;1086;2016;complete;289;24;-1;45;36,44,86;1;3;4;4;6;10;4;3;3;2;0;0;5;8;5;8;10;16;15;26;50;50;3;2;0;0;0;0;0;0;0;0;0;0;0;0;0;0;0;0;0;0;0;0;0;0;0;0;0;0;0;0;0;0;0;0;0;0;0;0;0;0;0;0;0;0;0;0;0;0;0;0;0;0;0;0;0;0;0;0;0;0;0;0;0;0;0;0;0;0;0;0;4;1;2;0;1;1;3;2016-09-30 17:00:00;1086;0;30;10;30;0;-1;1;-1;-1;-1;-1;-1;-1;0;1;3;1;1;4;-1;0;0;0;0;0;0;0;0;0;0;0;0;0;1;1;0;0;-1;-1;0;0;-1;-1;-1;-1;-1;-1;-1;-1;-1;15;20;45;50;85;30;60;65;35;12.01;4.1;4.9;2.25;Liepāja;Jelgava;1.43;1.29;1.6;0.9;1.65;1.77;85;80;55;50;15;69;59;48;0;0;0;203;28;Y;Y;Y;Y;N;N;Y
61941;1087;963;2016;complete;289;24;-1;;77;0;1;1;3;5;8;1;1;3;1;0;0;2;3;1;6;3;9;20;16;43;57;3;1;0;0;0;0;0;0;0;0;0;0;0;0;0;0;0;0;0;0;0;0;0;0;0;0;0;0;0;0;0;0;0;0;0;0;0;0;0;0;0;0;0;0;0;0;0;0;0;0;0;0;0;0;0;0;0;0;0;0;0;0;0;0;0;0;0;0;0;0;1;0;0;0;1;1;0;2016-10-01 11:00:00;963;0;50;18;27;0;-1;1;-1;-1;-1;-1;-1;-1;0;0;3;1;0;4;-1;0;0;0;0;0;0;0;0;0;0;0;0;0;1;1;0;0;-1;-1;0;0;-1;-1;-1;-1;-1;-1;-1;-1;-1;32;32;60;78;87;37;69;73;55;11.4;4.37;3.63;3.05;Spartaks Jūrmala;Ventspils;2.07;1.71;2.36;1.64;2.13;1.91;69;69;41;23;14;60;60;40;0;0;0;203;28;Y;N;N;N;N;N;N
61942;1090;1091;2016;complete;289;24;-1;90,90;;2;0;2;11;3;14;7;3;0;0;0;0;6;3;10;5;16;8;13;9;59;41;0;0;0;0;0;0;0;0;0;0;0;0;0;0;0;0;0;0;0;0;0;0;0;0;0;0;0;0;0;0;0;0;0;0;0;0;0;0;0;0;0;0;0;0;0;0;0;0;0;0;0;0;0;0;0;0;0;0;0;0;0;0;0;0;0;0;0;0;0;0;2;0;0;2;0;2;0;2016-10-01 11:00:00;1090;0;36;18;14;0;-1;-1;-1;-1;-1;-1;-1;-1;0;0;0;0;0;0;-1;0;0;0;0;0;0;0;0;0;0;0;0;0;1;1;0;0;-1;-1;-1;-1;-1;-1;-1;-1;-1;-1;-1;-1;-1;9;18;46;73;91;32;64;73;36;8.74;3.72;3.82;2.37;Rīgas FS;BFC Daugavpils;1.57;0.14;1.64;0.18;1.17;0.48;91;82;55;27;9;81;71;47;0;0;0;203;28;Y;Y;N;N;N;N;N
61943;1089;1088;2016;complete;289;24;-1;71,74;27;2;1;3;10;1;11;1;1;3;3;0;0;12;6;17;3;29;9;13;16;65;35;3;3;0;0;0;0;0;0;0;0;0;0;0;0;0;0;0;0;0;0;0;0;0;0;0;0;0;0;0;0;0;0;0;0;0;0;0;0;0;0;0;0;0;0;0;0;0;0;0;0;0;0;0;0;0;0;0;0;0;0;0;0;0;0;0;0;0;0;0;0;3;0;1;2;0;2;1;2016-10-01 13:00:00;1089;0;45;14;36;0;-1;1;-1;-1;-1;-1;-1;-1;1;0;2;3;1;5;-1;0;0;0;0;0;0;0;0;1;0;1;0;0;1;1;0;0;-1;-1;0;0;-1;-1;-1;-1;-1;-1;-1;-1;-1;18;18;41;73;87;23;64;82;46;9.48;5.09;4.73;2.41;Riga;Metta - LU;1.71;0.71;1.36;0.64;1;0.91;82;82;59;27;14;66;62;52;0;0;0;203;28;Y;Y;Y;N;N;N;Y
61944;1088;63;2016;complete;289;25;-1;57,68,88;64;3;1;4;2;9;11;3;2;2;2;0;1;8;8;2;14;10;22;15;11;38;62;2;3;0;0;0;0;0;0;0;0;0;0;0;0;0;0;0;0;0;0;0;0;0;0;0;0;0;0;0;0;0;0;0;0;0;0;0;0;0;0;0;0;0;0;0;0;0;0;0;0;0;0;0;0;0;0;0;0;0;0;0;0;0;0;0;0;0;0;0;0;4;0;0;3;1;4;0;2016-10-15 13:00:00;1088;0;41;4;12;0;-1;1;-1;-1;-1;-1;-1;-1;0;1;2;2;1;4;-1;0;0;0;0;0;0;0;0;0;0;0;0;0;1;1;0;0;-1;-1;0;0;-1;-1;-1;-1;-1;-1;-1;-1;-1;4;16;28;61;93;21;57;80;28;10.16;5.41;4.27;2.01;Metta - LU;Liepāja;1.43;1.57;1.17;1.69;0.88;1.58;96;84;72;40;8;85;80;60;0;0;0;203;28;Y;Y;Y;Y;N;N;Y
61945;1086;1087;2016;complete;289;25;-1;42,63;;2;0;2;5;1;6;3;5;1;1;0;0;9;4;10;3;19;7;14;18;54;46;1;1;0;0;0;0;0;0;0;0;0;0;0;0;0;0;0;0;0;0;0;0;0;0;0;0;0;0;0;0;0;0;0;0;0;0;0;0;0;0;0;0;0;0;0;0;0;0;0;0;0;0;0;0;0;0;0;0;0;0;0;0;0;0;0;0;0;0;0;0;2;1;0;1;0;1;1;2016-10-16 10:00:00;1086;0;42;21;21;0;-1;1;-1;-1;-1;-1;-1;-1;0;1;1;0;1;1;-1;0;0;0;0;0;0;0;0;0;0;0;0;0;1;1;0;0;-1;-1;0;0;-1;-1;-1;-1;-1;-1;-1;-1;-1;13;25;42;71;96;29;71;84;29;12.58;6.59;4.17;2.63;Jelgava;Spartaks Jūrmala;2.36;1.86;2.5;1.92;1.83;2.04;88;75;58;29;4;54;54;34;0;0;0;203;28;Y;Y;N;N;N;N;N
61946;1091;963;2016;complete;289;25;-1;;2,26,34,77;0;4;4;1;4;5;4;3;1;2;0;0;4;8;1;5;5;13;12;20;39;61;1;2;0;0;0;0;0;0;0;0;0;0;0;0;0;0;0;0;0;0;0;0;0;0;0;0;0;0;0;0;0;0;0;0;0;0;0;0;0;0;0;0;0;0;0;0;0;0;0;0;0;0;0;0;0;0;0;0;0;0;0;0;0;0;0;0;0;0;0;0;4;0;3;0;1;1;3;2016-10-16 11:00:00;963;0;42;21;21;0;-1;1;-1;-1;-1;-1;-1;-1;1;1;0;1;2;1;-1;0;0;0;0;0;0;0;0;1;0;1;0;0;1;1;0;1;-1;-1;0;0;-1;-1;-1;-1;-1;-1;-1;-1;-1;25;29;50;71;92;46;67;75;38;9.82;2.42;3.09;2.84;BFC Daugavpils;Ventspils;0.64;1.71;0.75;1.75;0.46;1.96;75;71;50;30;8;69;60;45;0;0;0;203;28;Y;Y;Y;Y;N;N;N
61947;1090;1089;2016;complete;289;25;-1;;;0;0;0;2;12;14;2;5;2;3;0;0;4;11;8;10;12;21;14;11;46;54;2;3;0;0;0;0;0;0;0;0;0;0;0;0;0;0;0;0;0;0;0;0;0;0;0;0;0;0;0;0;0;0;0;0;0;0;0;0;0;0;0;0;0;0;0;0;0;0;0;0;0;0;0;0;0;0;0;0;0;0;0;0;0;0;0;0;0;0;0;0;0;0;0;0;0;0;0;2016-10-16 13:00:00;-1;0;39;4;22;0;-1;1;-1;-1;-1;-1;-1;-1;2;2;0;1;4;1;-1;0;0;0;0;0;0;0;0;0;0;0;0;0;1;1;0;0;-1;-1;0;0;-1;-1;-1;-1;-1;-1;-1;-1;-1;4;9;30;66;96;18;48;88;39;11.72;5.83;3.73;2.04;Rīgas FS;Riga;1.57;0.86;1.75;0.64;1.25;1.09;96;92;70;35;4;74;69;43;0;0;0;203;28;N;N;N;N;N;N;N
61948;1089;1086;2016;complete;289;16;-1;90;;1;0;1;5;4;9;3;3;1;2;0;0;4;4;11;10;15;14;15;15;44;56;1;2;0;0;0;0;0;0;0;0;0;0;0;0;0;0;0;0;0;0;0;0;0;0;0;0;0;0;0;0;0;0;0;0;0;0;0;0;0;0;0;0;0;0;0;0;0;0;0;0;0;0;0;0;0;0;0;0;0;0;0;0;0;0;0;0;0;0;0;0;1;0;0;1;0;1;0;2016-10-19 16:00:00;1089;0;34;9;17;0;-1;1;-1;-1;-1;-1;-1;-1;1;0;0;2;1;2;-1;0;0;0;0;0;0;0;0;0;0;0;0;0;1;1;0;0;-1;-1;1;0;-1;-1;-1;-1;-1;-1;-1;-1;-1;0;5;26;47;79;13;49;61;30;11.82;4.58;4.28;1.57;Riga;Jelgava;1.71;1.29;1.5;1.09;1.08;1.88;100;96;74;53;22;63;63;43;0;0;0;203;28;Y;N;N;N;N;N;N
61949;63;1090;2016;complete;289;26;-1;;31;0;1;1;4;0;4;3;0;1;2;0;0;4;4;12;5;16;9;13;9;58;42;1;2;0;0;0;0;0;0;0;0;0;0;0;0;0;0;0;0;0;0;0;0;0;0;0;0;0;0;0;0;0;0;0;0;0;0;0;0;0;0;0;0;0;0;0;0;0;0;0;0;0;0;0;0;0;0;0;0;0;0;0;0;0;0;0;0;0;0;0;0;1;0;1;0;0;0;1;2016-10-21 16:30:00;1090;0;44;14;31;0;-1;1;-1;-1;-1;-1;-1;-1;0;1;1;1;1;2;-1;0;0;0;0;0;0;0;0;0;0;0;0;0;1;1;0;0;-1;-1;0;0;-1;-1;-1;-1;-1;-1;-1;-1;-1;14;31;49;66;92;32;70;83;35;9.57;4.11;3.78;2.6;Liepāja;Rīgas FS;1.43;0.93;1.45;0.75;1.52;1.24;87;69;51;35;9;74;61;47;0;0;0;203;28;Y;N;N;N;N;N;N
61950;1087;1088;2016;complete;289;26;-1;7,56;;2;0;2;2;2;4;4;2;1;2;0;0;4;0;3;8;7;8;12;16;49;51;1;2;0;0;0;0;0;0;0;0;0;0;0;0;0;0;0;0;0;0;0;0;0;0;0;0;0;0;0;0;0;0;0;0;0;0;0;0;0;0;0;0;0;0;0;0;0;0;0;0;0;0;0;0;0;0;0;0;0;0;0;0;0;0;0;0;0;0;0;0;2;1;0;1;0;1;1;2016-10-22 10:00:00;1087;0;42;13;30;0;-1;1;-1;-1;-1;-1;-1;-1;0;0;1;2;0;3;-1;0;0;0;0;0;0;0;0;0;0;0;0;0;1;1;1;0;-1;-1;0;0;-1;-1;-1;-1;-1;-1;-1;-1;-1;29;29;59;75;92;25;71;92;54;9.65;4.75;5.25;2.92;Spartaks Jūrmala;Metta - LU;2.07;0.71;2.17;0.58;1.96;0.96;71;71;42;25;9;69;65;51;0;0;0;203;28;Y;Y;N;N;N;N;N
61951;963;1086;2016;complete;289;26;-1;89;73,90;1;2;3;5;2;7;5;6;4;4;1;0;7;7;3;4;10;11;16;20;54;46;6;4;0;0;0;0;0;0;0;0;0;0;0;0;0;0;0;0;0;0;0;0;0;0;0;0;0;0;0;0;0;0;0;0;0;0;0;0;0;0;0;0;0;0;0;0;0;0;0;0;0;0;0;0;0;0;0;0;0;0;0;0;0;0;0;0;0;0;0;0;3;0;0;1;2;3;0;2016-10-22 12:00:00;1086;0;21;8;13;0;-1;1;-1;-1;-1;-1;-1;-1;1;0;4;4;1;8;-1;0;0;0;0;0;0;0;1;0;1;0;0;0;1;1;0;0;-1;-1;0;0;-1;-1;-1;-1;-1;-1;-1;-1;-1;0;8;25;50;92;17;59;71;21;13.06;4.08;4.5;1.75;Ventspils;Jelgava;1.93;1.29;2.17;1;2;1.8;100;92;75;50;9;66;61;44;0;0;0;203;28;Y;Y;Y;N;N;N;Y
61952;1089;1091;2016;complete;289;26;-1;14,45,52;;3;0;3;6;2;8;3;0;0;1;0;0;10;2;10;5;20;7;9;5;62;38;0;1;0;0;0;0;0;0;0;0;0;0;0;0;0;0;0;0;0;0;0;0;0;0;0;0;0;0;0;0;0;0;0;0;0;0;0;0;0;0;0;0;0;0;0;0;0;0;0;0;0;0;0;0;0;0;0;0;0;0;0;0;0;0;0;0;0;0;0;0;3;2;0;1;0;1;2;2016-10-23 12:00:00;1089;0;40;17;12;0;-1;1;-1;-1;-1;-1;-1;-1;0;0;0;1;0;1;-1;0;0;0;0;0;0;0;0;0;0;0;0;0;1;1;0;0;-1;-1;0;0;-1;-1;-1;-1;-1;-1;-1;-1;-1;4;13;37;69;85;25;53;72;40;7.92;4.04;3.27;2.06;Riga;BFC Daugavpils;1.71;0.14;1.62;0.17;1.16;0.44;96;88;64;32;16;70;57;35;0;0;0;203;28;Y;Y;Y;N;N;N;N
61953;63;1089;2016;complete;289;27;-1;61,90;38,79;2;2;4;5;2;7;5;0;2;2;0;0;8;3;7;5;15;8;16;16;61;39;2;2;0;0;0;0;0;0;0;0;0;0;0;0;0;0;0;0;0;0;0;0;0;0;0;0;0;0;0;0;0;0;0;0;0;0;0;0;0;0;0;0;0;0;0;0;0;0;0;0;0;0;0;0;0;0;0;0;0;0;0;0;0;0;0;0;0;0;0;0;4;0;1;2;1;3;1;2016-10-29 11:00:00;-1;0;46;13;30;0;-1;1;-1;-1;-1;-1;-1;-1;0;1;2;1;1;3;-1;0;0;0;0;0;0;0;0;0;0;0;0;0;1;1;0;0;-1;-1;0;0;-1;-1;-1;-1;-1;-1;-1;-1;-1;13;25;46;63;92;34;59;84;38;10.92;5.59;4.16;2.46;Liepāja;Riga;1.43;0.86;1.33;0.67;1.46;1.23;88;75;54;38;8;67;54;29;0;0;0;203;28;Y;Y;Y;Y;N;N;Y
61954;1090;1087;2016;complete;289;27;-1;;6,82;0;2;2;3;10;13;5;2;2;0;0;0;2;7;4;14;6;21;18;13;53;47;2;0;0;0;0;0;0;0;0;0;0;0;0;0;0;0;0;0;0;0;0;0;0;0;0;0;0;0;0;0;0;0;0;0;0;0;0;0;0;0;0;0;0;0;0;0;0;0;0;0;0;0;0;0;0;0;0;0;0;0;0;0;0;0;0;0;0;0;0;0;2;0;1;0;1;1;1;2016-10-29 11:00:00;1087;0;39;16;23;0;-1;1;-1;-1;-1;-1;-1;-1;1;0;1;0;1;1;-1;0;0;0;0;0;0;0;0;0;0;0;0;0;1;1;0;1;-1;-1;0;0;-1;-1;-1;-1;-1;-1;-1;-1;-1;8;12;35;66;89;23;58;73;31;11.39;5.85;4.08;2.15;Rīgas FS;Spartaks Jūrmala;1.57;1.86;1.69;1.77;1.31;2;92;89;66;35;12;66;66;42;0;0;0;203;28;Y;Y;N;N;N;N;N
61955;1088;963;2016;complete;289;27;-1;15,45;60;2;1;3;1;9;10;5;4;3;3;0;0;3;7;2;6;5;13;15;17;35;65;3;3;0;0;0;0;0;0;0;0;0;0;0;0;0;0;0;0;0;0;0;0;0;0;0;0;0;0;0;0;0;0;0;0;0;0;0;0;0;0;0;0;0;0;0;0;0;0;0;0;0;0;0;0;0;0;0;0;0;0;0;0;0;0;0;0;0;0;0;0;3;2;0;0;1;1;2;2016-10-29 11:00:00;1088;0;58;16;23;0;-1;1;-1;-1;-1;-1;-1;-1;0;1;3;2;1;5;-1;0;0;0;0;0;0;0;0;0;0;0;0;0;1;1;0;0;-1;-1;0;0;-1;-1;-1;-1;-1;-1;-1;-1;-1;16;31;50;81;96;43;77;73;39;10;4.15;4;2.85;Metta - LU;Ventspils;1.43;1.71;1.31;1.85;0.92;1.92;85;70;50;19;4;71;68;52;0;0;0;203;28;Y;Y;Y;N;N;N;Y
61956;1091;1086;2016;complete;289;27;-1;;55;0;1;1;1;13;14;1;7;0;0;0;0;0;10;4;10;4;20;12;11;30;70;0;0;0;0;0;0;0;0;0;0;0;0;0;0;0;0;0;0;0;0;0;0;0;0;0;0;0;0;0;0;0;0;0;0;0;0;0;0;0;0;0;0;0;0;0;0;0;0;0;0;0;0;0;0;0;0;0;0;0;0;0;0;0;0;0;0;0;0;0;0;1;0;0;0;1;1;0;2016-10-29 11:00:00;1086;0;23;12;12;0;-1;-1;-1;-1;-1;-1;-1;-1;0;0;0;0;0;0;-1;0;0;0;0;0;0;0;0;0;0;0;0;0;1;1;0;0;-1;-1;-1;-1;-1;-1;-1;-1;-1;-1;-1;-1;-1;8;20;39;50;89;31;54;74;23;9.66;3.38;4.16;2.08;BFC Daugavpils;Jelgava;0.64;1.29;0.69;1.15;0.42;1.85;93;81;62;50;12;71;58;42;0;0;0;203;28;Y;N;N;N;N;N;N
61957;1086;1088;2016;complete;289;28;-1;50;19,90;1;2;3;9;2;11;3;1;1;1;0;0;5;4;16;3;21;7;11;13;61;39;1;1;0;0;0;0;0;0;0;0;0;0;0;0;0;0;0;0;0;0;0;0;0;0;0;0;0;0;0;0;0;0;0;0;0;0;0;0;0;0;0;0;0;0;0;0;0;0;0;0;0;0;0;0;0;0;0;0;0;0;0;0;0;0;0;0;0;0;0;0;3;0;1;1;1;2;1;2016-11-05 12:00:00;1088;0;39;15;27;0;-1;1;-1;-1;-1;-1;-1;-1;0;0;1;1;0;2;-1;0;0;0;0;0;0;0;0;0;0;0;0;0;1;1;0;0;-1;-1;0;0;-1;-1;-1;-1;-1;-1;-1;-1;-1;23;31;50;85;100;27;85;96;43;11.08;5.85;4.84;3;Jelgava;Metta - LU;2.36;0.71;2.54;0.54;1.89;1;77;69;50;16;0;66;62;58;0;0;0;203;28;Y;Y;Y;N;N;N;Y
61958;963;1090;2016;complete;289;28;-1;19;23;1;1;2;8;2;10;1;3;2;1;0;0;6;4;7;2;13;6;25;21;53;47;2;1;0;0;0;0;0;0;0;0;0;0;0;0;0;0;0;0;0;0;0;0;0;0;0;0;0;0;0;0;0;0;0;0;0;0;0;0;0;0;0;0;0;0;0;0;0;0;0;0;0;0;0;0;0;0;0;0;0;0;0;0;0;0;0;0;0;0;0;0;2;1;1;0;0;0;2;2016-11-05 12:00:00;-1;0;31;4;19;0;-1;1;-1;-1;-1;-1;-1;-1;0;1;2;0;1;2;-1;0;0;0;0;0;0;0;0;0;0;0;0;0;1;1;0;0;-1;-1;0;0;-1;-1;-1;-1;-1;-1;-1;-1;-1;0;12;27;62;96;12;66;81;27;10.61;3.85;3.76;1.97;Ventspils;Rīgas FS;1.93;0.93;2;0.92;1.85;1.26;100;89;73;39;4;62;58;46;0;0;0;203;28;Y;Y;N;N;N;N;Y
61959;1087;1089;2016;complete;289;28;-1;;-1,-1,-1;0;3;3;-1;-1;-1;-1;-1;-1;-1;-1;-1;-1;-1;-1;-1;-1;-1;-1;-1;-1;-1;-1;-1;0;0;0;0;0;0;0;0;0;0;0;0;0;0;0;0;0;0;0;0;0;0;0;0;0;0;0;0;0;0;0;0;0;0;0;0;0;0;0;0;0;0;0;0;0;0;0;0;0;0;0;0;0;0;0;0;0;0;0;0;0;0;0;0;0;0;0;0;3;0;0;0;0;0;0;2016-11-05 12:00:00;1089;0;39;4;19;1;-1;-1;-1;-1;-1;-1;-1;-1;-1;-1;-1;-1;-1;-1;-1;0;0;0;0;0;0;0;-1;-1;-1;-1;-1;-1;-1;-1;-1;-1;-1;-1;-1;-1;-1;-1;-1;-1;-1;-1;-1;-1;-1;12;19;39;62;89;15;50;89;42;10.43;5.54;4;2.23;Spartaks Jūrmala;Riga;2.07;0.86;2.23;0.69;2.04;1.22;89;81;62;38;12;56;52;24;0;0;0;203;28;Y;Y;Y;N;N;N;N
61960;63;1091;2016;complete;289;28;-1;34;;1;0;1;10;0;10;6;0;0;1;0;0;8;2;11;1;19;3;16;9;73;27;0;1;0;0;0;0;0;0;0;0;0;0;0;0;0;0;0;0;0;0;0;0;0;0;0;0;0;0;0;0;0;0;0;0;0;0;0;0;0;0;0;0;0;0;0;0;0;0;0;0;0;0;0;0;0;0;0;0;0;0;0;0;0;0;0;0;0;0;0;0;1;1;0;0;0;0;1;2016-11-05 12:30:00;63;0;43;23;23;0;-1;1;-1;-1;-1;-1;-1;-1;0;0;0;1;0;1;-1;0;0;0;0;0;0;0;0;0;0;0;0;0;1;1;0;0;-1;-1;0;0;-1;-1;-1;-1;-1;-1;-1;-1;-1;16;35;62;77;92;46;73;77;42;7.77;3.93;3.77;2.89;Liepāja;BFC Daugavpils;1.43;0.14;1.31;0.15;1.44;0.41;85;66;39;23;8;69;52;32;0;0;0;203;28;Y;N;N;N;N;N;N
