ID;HOMEID;AWAYID;SEASON;STATUS;ROUNDID;GAME_WEEK;REVISED_GAME_WEEK;HOMEGOALS;AWAYGOALS;HOMEGOALCOUNT;AWAYGOALCOUNT;TOTALGOALCOUNT;TEAM_A_CORNERS;TEAM_B_CORNERS;TOTALCORNERCOUNT;TEAM_A_OFFSIDES;TEAM_B_OFFSIDES;TEAM_A_YELLOW_CARDS;TEAM_B_YELLOW_CARDS;TEAM_A_RED_CARDS;TEAM_B_RED_CARDS;TEAM_A_SHOTSONTARGET;TEAM_B_SHOTSONTARGET;TEAM_A_SHOTSOFFTARGET;TEAM_B_SHOTSOFFTARGET;TEAM_A_SHOTS;TEAM_B_SHOTS;TEAM_A_FOULS;TEAM_B_FOULS;TEAM_A_POSSESSION;TEAM_B_POSSESSION;TEAM_A_CARDS_NUM;TEAM_B_CARDS_NUM;ODDS_FT_1;ODDS_FT_X;ODDS_FT_2;ODDS_FT_OVER05;ODDS_FT_OVER15;ODDS_FT_OVER25;ODDS_FT_OVER35;ODDS_FT_OVER45;ODDS_FT_UNDER05;ODDS_FT_UNDER15;ODDS_FT_UNDER25;ODDS_FT_UNDER35;ODDS_FT_UNDER45;ODDS_BTTS_YES;ODDS_BTTS_NO;ODDS_TEAM_A_CS_YES;ODDS_TEAM_A_CS_NO;ODDS_TEAM_B_CS_YES;ODDS_TEAM_B_CS_NO;ODDS_DOUBLECHANCE_1X;ODDS_DOUBLECHANCE_12;ODDS_DOUBLECHANCE_X2;ODDS_1ST_HALF_RESULT_1;ODDS_1ST_HALF_RESULT_X;ODDS_1ST_HALF_RESULT_2;ODDS_2ND_HALF_RESULT_1;ODDS_2ND_HALF_RESULT_X;ODDS_2ND_HALF_RESULT_2;ODDS_DNB_1;ODDS_DNB_2;ODDS_CORNERS_OVER_75;ODDS_CORNERS_OVER_85;ODDS_CORNERS_OVER_95;ODDS_CORNERS_OVER_105;ODDS_CORNERS_OVER_115;ODDS_CORNERS_UNDER_75;ODDS_CORNERS_UNDER_85;ODDS_CORNERS_UNDER_95;ODDS_CORNERS_UNDER_105;ODDS_CORNERS_UNDER_115;ODDS_CORNERS_1;ODDS_CORNERS_X;ODDS_CORNERS_2;ODDS_TEAM_TO_SCORE_FIRST_1;ODDS_TEAM_TO_SCORE_FIRST_X;ODDS_TEAM_TO_SCORE_FIRST_2;ODDS_WIN_TO_NIL_1;ODDS_WIN_TO_NIL_2;ODDS_1ST_HALF_OVER05;ODDS_1ST_HALF_OVER15;ODDS_1ST_HALF_OVER25;ODDS_1ST_HALF_OVER35;ODDS_1ST_HALF_UNDER05;ODDS_1ST_HALF_UNDER15;ODDS_1ST_HALF_UNDER25;ODDS_1ST_HALF_UNDER35;ODDS_2ND_HALF_OVER05;ODDS_2ND_HALF_OVER15;ODDS_2ND_HALF_OVER25;ODDS_2ND_HALF_OVER35;ODDS_2ND_HALF_UNDER05;ODDS_2ND_HALF_UNDER15;ODDS_2ND_HALF_UNDER25;ODDS_2ND_HALF_UNDER35;ODDS_BTTS_1ST_HALF_YES;ODDS_BTTS_1ST_HALF_NO;ODDS_BTTS_2ND_HALF_YES;ODDS_BTTS_2ND_HALF_NO;OVERALLGOALCOUNT;HT_GOALS_TEAM_A;HT_GOALS_TEAM_B;GOALS_2HG_TEAM_A;GOALS_2HG_TEAM_B;GOALCOUNT_2HG;HTGOALCOUNT;DATE_UNIX;WINNINGTEAM;NO_HOME_AWAY;BTTS_POTENTIAL;BTTS_FHG_POTENTIAL;BTTS_2HG_POTENTIAL;GOALTIMINGDISABLED;CORNER_TIMINGS_RECORDED;CARD_TIMINGS_RECORDED;TEAM_A_FH_CORNERS;TEAM_B_FH_CORNERS;TEAM_A_2H_CORNERS;TEAM_B_2H_CORNERS;CORNER_FH_COUNT;CORNER_2H_COUNT;TEAM_A_FH_CARDS;TEAM_B_FH_CARDS;TEAM_A_2H_CARDS;TEAM_B_2H_CARDS;TOTAL_FH_CARDS;TOTAL_2H_CARDS;ATTACKS_RECORDED;TEAM_A_DANGEROUS_ATTACKS;TEAM_B_DANGEROUS_ATTACKS;TEAM_A_ATTACKS;TEAM_B_ATTACKS;TEAM_A_XG;TEAM_B_XG;TOTAL_XG;TEAM_A_PENALTIES_WON;TEAM_B_PENALTIES_WON;TEAM_A_PENALTY_GOALS;TEAM_B_PENALTY_GOALS;TEAM_A_PENALTY_MISSED;TEAM_B_PENALTY_MISSED;PENS_RECORDED;GOAL_TIMINGS_RECORDED;TEAM_A_0_10_MIN_GOALS;TEAM_B_0_10_MIN_GOALS;TEAM_A_CORNERS_0_10_MIN;TEAM_B_CORNERS_0_10_MIN;TEAM_A_CARDS_0_10_MIN;TEAM_B_CARDS_0_10_MIN;THROWINS_RECORDED;TEAM_A_THROWINS;TEAM_B_THROWINS;FREEKICKS_RECORDED;TEAM_A_FREEKICKS;TEAM_B_FREEKICKS;GOALKICKS_RECORDED;TEAM_A_GOALKICKS;TEAM_B_GOALKICKS;O45_POTENTIAL;O35_POTENTIAL;O25_POTENTIAL;O15_POTENTIAL;O05_POTENTIAL;O15HT_POTENTIAL;O05HT_POTENTIAL;O05_2H_POTENTIAL;O15_2H_POTENTIAL;CORNERS_POTENTIAL;OFFSIDES_POTENTIAL;CARDS_POTENTIAL;AVG_POTENTIAL;HOME_NAME;AWAY_NAME;HOME_PPG;AWAY_PPG;PRE_MATCH_HOME_PPG;PRE_MATCH_AWAY_PPG;PRE_MATCH_TEAMA_OVERALL_PPG;PRE_MATCH_TEAMB_OVERALL_PPG;U45_POTENTIAL;U35_POTENTIAL;U25_POTENTIAL;U15_POTENTIAL;U05_POTENTIAL;CORNERS_O85_POTENTIAL;CORNERS_O95_POTENTIAL;CORNERS_O105_POTENTIAL;TEAM_A_XG_PREMATCH;TEAM_B_XG_PREMATCH;TOTAL_XG_PREMATCH;COMPETITION_ID;MATCHES_COMPLETED_MINIMUM;OVER05;OVER15;OVER25;OVER35;OVER45;OVER55;BTTS
62253;1097;1088;2013;complete;292;1;-1;40,52,68,86;;4;0;4;-1;-1;-1;-1;-1;1;2;0;0;-1;-1;-1;-1;-1;-1;-1;-1;-1;-1;1;2;0;0;0;0;0;0;0;0;0;0;0;0;0;0;0;0;0;0;0;0;0;0;0;0;0;0;0;0;0;0;0;0;0;0;0;0;0;0;0;0;0;0;0;0;0;0;0;0;0;0;0;0;0;0;0;0;0;0;0;0;0;0;0;0;0;0;0;0;4;1;0;3;0;3;1;2013-03-29 17:00:00;1097;0;0;0;0;0;-1;1;-1;-1;-1;-1;-1;-1;1;2;0;0;3;0;-1;0;0;0;0;0;0;0;0;0;0;0;0;0;1;1;0;0;-1;-1;0;0;-1;-1;-1;-1;-1;-1;-1;-1;-1;0;0;0;0;0;0;0;0;0;0;0;0;0;Liepājas Metalurgs;Metta - LU;1.62;0.79;0;0;0;0;0;0;0;0;0;0;0;0;0;0;0;206;27;Y;Y;Y;Y;N;N;N
62254;990;1095;2013;complete;292;1;-1;;;0;0;0;-1;-1;-1;-1;-1;1;2;0;0;-1;-1;-1;-1;-1;-1;-1;-1;-1;-1;1;2;0;0;0;0;0;0;0;0;0;0;0;0;0;0;0;0;0;0;0;0;0;0;0;0;0;0;0;0;0;0;0;0;0;0;0;0;0;0;0;0;0;0;0;0;0;0;0;0;0;0;0;0;0;0;0;0;0;0;0;0;0;0;0;0;0;0;0;0;0;0;0;0;0;0;0;2013-03-30 12:00:00;-1;0;0;0;0;0;-1;1;-1;-1;-1;-1;-1;-1;1;1;0;1;2;1;-1;0;0;0;0;0;0;0;0;0;0;0;0;0;1;1;0;0;-1;-1;1;0;-1;-1;-1;-1;-1;-1;-1;-1;-1;0;0;0;0;0;0;0;0;0;0;0;0;0;Daugava Daugavpils;Daugava Rīga;1.79;2.07;0;0;0;0;0;0;0;0;0;0;0;0;0;0;0;206;27;N;N;N;N;N;N;N
62255;963;1086;2013;complete;292;1;-1;21,37,68,85;;4;0;4;-1;-1;-1;-1;-1;1;3;0;0;-1;-1;-1;-1;-1;-1;-1;-1;-1;-1;1;3;0;0;0;0;0;0;0;0;0;0;0;0;0;0;0;0;0;0;0;0;0;0;0;0;0;0;0;0;0;0;0;0;0;0;0;0;0;0;0;0;0;0;0;0;0;0;0;0;0;0;0;0;0;0;0;0;0;0;0;0;0;0;0;0;0;0;0;0;4;2;0;2;0;2;2;2013-03-30 14:00:00;963;0;0;0;0;0;-1;1;-1;-1;-1;-1;-1;-1;1;1;0;2;2;2;-1;0;0;0;0;0;0;0;1;0;1;0;0;0;1;1;0;0;-1;-1;0;0;-1;-1;-1;-1;-1;-1;-1;-1;-1;0;0;0;0;0;0;0;0;0;0;0;0;0;Ventspils;Jelgava;2.57;0.71;0;0;0;0;0;0;0;0;0;0;0;0;0;0;0;206;27;Y;Y;Y;Y;N;N;N
62256;1087;1096;2013;complete;292;1;-1;70,90;57,90;2;2;4;-1;-1;-1;-1;-1;3;1;1;0;-1;-1;-1;-1;-1;-1;-1;-1;-1;-1;5;1;0;0;0;0;0;0;0;0;0;0;0;0;0;0;0;0;0;0;0;0;0;0;0;0;0;0;0;0;0;0;0;0;0;0;0;0;0;0;0;0;0;0;0;0;0;0;0;0;0;0;0;0;0;0;0;0;0;0;0;0;0;0;0;0;0;0;0;0;4;0;0;2;2;4;0;2013-03-31 10:00:00;-1;0;0;0;0;0;-1;1;-1;-1;-1;-1;-1;-1;1;1;3;0;2;3;-1;0;0;0;0;0;0;0;0;0;0;0;0;0;1;1;0;0;-1;-1;0;0;-1;-1;-1;-1;-1;-1;-1;-1;-1;0;0;0;0;0;0;0;0;0;0;0;0;0;Spartaks Jūrmala;Ilūkstes NSS;0.64;0.62;0;0;0;0;0;0;0;0;0;0;0;0;0;0;0;206;27;Y;Y;Y;Y;N;N;Y
62257;1093;1094;2013;complete;292;1;-1;;;0;0;0;-1;-1;-1;-1;-1;0;3;0;0;-1;-1;-1;-1;-1;-1;-1;-1;-1;-1;0;3;0;0;0;0;0;0;0;0;0;0;0;0;0;0;0;0;0;0;0;0;0;0;0;0;0;0;0;0;0;0;0;0;0;0;0;0;0;0;0;0;0;0;0;0;0;0;0;0;0;0;0;0;0;0;0;0;0;0;0;0;0;0;0;0;0;0;0;0;0;0;0;0;0;0;0;2013-03-31 13:00:00;-1;0;0;0;0;0;-1;1;-1;-1;-1;-1;-1;-1;0;2;0;1;2;1;-1;0;0;0;0;0;0;0;0;0;0;0;0;0;1;1;0;0;-1;-1;0;0;-1;-1;-1;-1;-1;-1;-1;-1;-1;0;0;0;0;0;0;0;0;0;0;0;0;0;Skonto;FC Jūrmala;2.07;1.07;0;0;0;0;0;0;0;0;0;0;0;0;0;0;0;206;27;N;N;N;N;N;N;N
62258;1088;1087;2013;complete;292;2;-1;;73;0;1;1;-1;-1;-1;-1;-1;2;2;0;0;-1;-1;-1;-1;-1;-1;-1;-1;-1;-1;2;2;0;0;0;0;0;0;0;0;0;0;0;0;0;0;0;0;0;0;0;0;0;0;0;0;0;0;0;0;0;0;0;0;0;0;0;0;0;0;0;0;0;0;0;0;0;0;0;0;0;0;0;0;0;0;0;0;0;0;0;0;0;0;0;0;0;0;0;0;1;0;0;0;1;1;0;2013-04-05 16:00:00;1087;0;0;0;0;0;-1;1;-1;-1;-1;-1;-1;-1;2;0;0;2;2;2;-1;0;0;0;0;0;0;0;0;0;0;0;0;0;1;1;0;0;-1;-1;0;0;-1;-1;-1;-1;-1;-1;-1;-1;-1;0;0;0;0;0;0;0;0;0;0;0;0;0;Metta - LU;Spartaks Jūrmala;0.62;1.23;0;0;0;1;0;0;0;0;0;0;0;0;0;0;0;206;27;Y;N;N;N;N;N;N
62259;963;990;2013;complete;292;2;-1;49,79,85,90;16,30,77;4;3;7;-1;-1;-1;-1;-1;2;4;0;0;-1;-1;-1;-1;-1;-1;-1;-1;-1;-1;2;4;0;0;0;0;0;0;0;0;0;0;0;0;0;0;0;0;0;0;0;0;0;0;0;0;0;0;0;0;0;0;0;0;0;0;0;0;0;0;0;0;0;0;0;0;0;0;0;0;0;0;0;0;0;0;0;0;0;0;0;0;0;0;0;0;0;0;0;0;7;0;2;4;1;5;2;2013-04-06 11:00:00;963;0;0;0;0;0;-1;1;-1;-1;-1;-1;-1;-1;0;1;2;3;1;5;-1;0;0;0;0;0;0;0;1;1;1;1;0;0;1;1;0;0;-1;-1;0;0;-1;-1;-1;-1;-1;-1;-1;-1;-1;0;50;50;50;50;50;50;50;50;0;0;1;2;Ventspils;Daugava Daugavpils;2.57;2.08;3;0;3;1;50;0;0;0;0;0;0;0;0;0;0;206;27;Y;Y;Y;Y;Y;Y;Y
62260;1086;1094;2013;complete;292;2;-1;;78;0;1;1;-1;-1;-1;-1;-1;2;1;0;0;-1;-1;-1;-1;-1;-1;-1;-1;-1;-1;2;1;0;0;0;0;0;0;0;0;0;0;0;0;0;0;0;0;0;0;0;0;0;0;0;0;0;0;0;0;0;0;0;0;0;0;0;0;0;0;0;0;0;0;0;0;0;0;0;0;0;0;0;0;0;0;0;0;0;0;0;0;0;0;0;0;0;0;0;0;1;0;0;0;1;1;0;2013-04-06 13:00:00;1094;0;0;0;0;0;-1;1;-1;-1;-1;-1;-1;-1;1;0;1;1;1;2;-1;0;0;0;0;0;0;0;0;0;0;0;0;0;1;1;0;0;-1;-1;0;0;-1;-1;-1;-1;-1;-1;-1;-1;-1;0;0;0;0;0;0;0;0;0;0;0;3;0;Jelgava;FC Jūrmala;1;1.07;0;1;0;1;50;50;50;50;50;0;0;0;0;0;0;206;27;Y;N;N;N;N;N;N
62261;1093;1096;2013;complete;292;2;-1;12,27,36,42,66;;5;0;5;-1;-1;-1;-1;-1;2;3;0;0;-1;-1;-1;-1;-1;-1;-1;-1;-1;-1;2;3;0;0;0;0;0;0;0;0;0;0;0;0;0;0;0;0;0;0;0;0;0;0;0;0;0;0;0;0;0;0;0;0;0;0;0;0;0;0;0;0;0;0;0;0;0;0;0;0;0;0;0;0;0;0;0;0;0;0;0;0;0;0;0;0;0;0;0;0;5;4;0;1;0;1;4;2013-04-07 11:00:00;1093;0;50;0;50;0;-1;1;-1;-1;-1;-1;-1;-1;0;1;2;2;1;4;-1;0;0;0;0;0;0;0;0;0;0;0;0;0;1;1;0;0;-1;-1;0;0;-1;-1;-1;-1;-1;-1;-1;-1;-1;0;50;50;50;50;0;0;50;50;0;0;1;2;Skonto;Ilūkstes NSS;2.07;0.62;1;1;1;1;100;50;50;50;50;0;0;0;0;0;0;206;27;Y;Y;Y;Y;Y;N;N
62262;1095;1097;2013;complete;292;2;-1;1,51;48;2;1;3;-1;-1;-1;-1;-1;3;1;0;0;-1;-1;-1;-1;-1;-1;-1;-1;-1;-1;3;1;0;0;0;0;0;0;0;0;0;0;0;0;0;0;0;0;0;0;0;0;0;0;0;0;0;0;0;0;0;0;0;0;0;0;0;0;0;0;0;0;0;0;0;0;0;0;0;0;0;0;0;0;0;0;0;0;0;0;0;0;0;0;0;0;0;0;0;0;3;1;0;1;1;2;1;2013-04-07 14:15:00;1095;0;0;0;0;0;-1;1;-1;-1;-1;-1;-1;-1;1;0;2;1;1;3;-1;0;0;0;0;0;0;0;1;0;1;0;0;0;1;1;1;0;-1;-1;0;0;-1;-1;-1;-1;-1;-1;-1;-1;-1;0;0;0;0;0;0;0;0;0;0;0;0;0;Daugava Rīga;Liepājas Metalurgs;1.46;1.36;0;0;1;3;0;0;0;0;0;0;0;0;0;0;0;206;27;Y;Y;Y;N;N;N;Y
62263;1094;1096;2013;complete;292;3;-1;62;86;1;1;2;-1;-1;-1;-1;-1;2;3;0;2;-1;-1;-1;-1;-1;-1;-1;-1;-1;-1;2;5;0;0;0;0;0;0;0;0;0;0;0;0;0;0;0;0;0;0;0;0;0;0;0;0;0;0;0;0;0;0;0;0;0;0;0;0;0;0;0;0;0;0;0;0;0;0;0;0;0;0;0;0;0;0;0;0;0;0;0;0;0;0;0;0;0;0;0;0;2;0;0;1;1;2;0;2013-04-12 13:00:00;-1;0;25;0;25;0;-1;1;-1;-1;-1;-1;-1;-1;0;1;2;4;1;6;-1;0;0;0;0;0;0;0;0;1;0;1;0;0;1;1;0;0;-1;-1;0;0;-1;-1;-1;-1;-1;-1;-1;-1;-1;25;50;50;50;50;25;25;50;25;0;0;2;2.25;FC Jūrmala;Ilūkstes NSS;0.85;0.62;0;0.5;2;0.5;25;0;0;0;0;0;0;0;0;0;0;206;27;Y;Y;N;N;N;N;Y
62264;1093;1088;2013;complete;292;3;-1;21,42,49,90;;4;0;4;-1;-1;-1;-1;-1;4;4;0;1;-1;-1;-1;-1;-1;-1;-1;-1;-1;-1;4;6;0;0;0;0;0;0;0;0;0;0;0;0;0;0;0;0;0;0;0;0;0;0;0;0;0;0;0;0;0;0;0;0;0;0;0;0;0;0;0;0;0;0;0;0;0;0;0;0;0;0;0;0;0;0;0;0;0;0;0;0;0;0;0;0;0;0;0;0;4;2;0;2;0;2;2;2013-04-12 16:00:00;1093;0;0;0;0;0;-1;1;-1;-1;-1;-1;-1;-1;2;2;2;3;4;5;-1;0;0;0;0;0;0;0;0;0;0;0;0;0;1;1;0;0;-1;-1;0;0;-1;-1;-1;-1;-1;-1;-1;-1;-1;25;75;75;75;75;25;75;75;50;0;0;3;3.25;Skonto;Metta - LU;2.07;0.79;2;0;2;0;75;25;25;25;25;0;0;0;0;0;0;206;27;Y;Y;Y;Y;N;N;N
62265;1097;963;2013;complete;292;3;-1;5,71,83;46;3;1;4;-1;-1;-1;-1;-1;6;2;0;0;-1;-1;-1;-1;-1;-1;-1;-1;-1;-1;6;2;0;0;0;0;0;0;0;0;0;0;0;0;0;0;0;0;0;0;0;0;0;0;0;0;0;0;0;0;0;0;0;0;0;0;0;0;0;0;0;0;0;0;0;0;0;0;0;0;0;0;0;0;0;0;0;0;0;0;0;0;0;0;0;0;0;0;0;0;4;1;0;2;1;3;1;2013-04-13 11:00:00;1097;0;0;0;0;0;-1;1;-1;-1;-1;-1;-1;-1;1;2;5;0;3;5;-1;0;0;0;0;0;0;0;0;0;0;0;0;0;1;1;1;0;-1;-1;0;0;-1;-1;-1;-1;-1;-1;-1;-1;-1;0;50;50;50;50;0;50;50;50;0;0;1;2;Liepājas Metalurgs;Ventspils;1.62;2.38;3;0;1.5;3;50;0;0;0;0;0;0;0;0;0;0;206;27;Y;Y;Y;Y;N;N;Y
62266;990;1086;2013;complete;292;3;-1;20,75;56;2;1;3;-1;-1;-1;-1;-1;3;4;0;0;-1;-1;-1;-1;-1;-1;-1;-1;-1;-1;3;4;0;0;0;0;0;0;0;0;0;0;0;0;0;0;0;0;0;0;0;0;0;0;0;0;0;0;0;0;0;0;0;0;0;0;0;0;0;0;0;0;0;0;0;0;0;0;0;0;0;0;0;0;0;0;0;0;0;0;0;0;0;0;0;0;0;0;0;0;3;1;0;1;1;2;1;2013-04-13 13:00:00;990;0;0;0;0;0;-1;1;-1;-1;-1;-1;-1;-1;0;2;3;2;2;5;-1;0;0;0;0;0;0;0;1;0;1;0;0;0;1;1;0;0;-1;-1;0;0;-1;-1;-1;-1;-1;-1;-1;-1;-1;0;50;50;50;50;50;50;50;50;0;0;4;2;Daugava Daugavpils;Jelgava;1.79;0.71;1;0;0.5;0;100;50;50;50;50;0;0;0;0;0;0;206;27;Y;Y;Y;N;N;N;Y
62267;1087;1095;2013;complete;292;3;-1;;88;0;1;1;-1;-1;-1;-1;-1;2;4;1;1;-1;-1;-1;-1;-1;-1;-1;-1;-1;-1;4;6;0;0;0;0;0;0;0;0;0;0;0;0;0;0;0;0;0;0;0;0;0;0;0;0;0;0;0;0;0;0;0;0;0;0;0;0;0;0;0;0;0;0;0;0;0;0;0;0;0;0;0;0;0;0;0;0;0;0;0;0;0;0;0;0;0;0;0;0;1;0;0;0;1;1;0;2013-04-14 13:00:00;1095;0;50;0;50;0;-1;1;-1;-1;-1;-1;-1;-1;0;2;3;3;2;6;-1;0;0;0;0;0;0;0;0;0;0;0;0;0;1;1;0;0;-1;-1;0;0;-1;-1;-1;-1;-1;-1;-1;-1;-1;0;50;50;50;50;0;0;50;50;0;0;7;2;Spartaks Jūrmala;Daugava Rīga;0.64;2.07;1;1;2;2;100;50;50;50;50;0;0;0;0;0;0;206;27;Y;N;N;N;N;N;N
62268;1095;1093;2013;complete;292;4;-1;;;0;0;0;-1;-1;-1;-1;-1;2;2;0;0;-1;-1;-1;-1;-1;-1;-1;-1;-1;-1;2;2;0;0;0;0;0;0;0;0;0;0;0;0;0;0;0;0;0;0;0;0;0;0;0;0;0;0;0;0;0;0;0;0;0;0;0;0;0;0;0;0;0;0;0;0;0;0;0;0;0;0;0;0;0;0;0;0;0;0;0;0;0;0;0;0;0;0;0;0;0;0;0;0;0;0;0;2013-04-19 16:00:00;-1;0;50;0;50;0;-1;1;-1;-1;-1;-1;-1;-1;0;1;2;1;1;3;-1;0;0;0;0;0;0;0;0;0;0;0;0;0;1;1;0;0;-1;-1;0;0;-1;-1;-1;-1;-1;-1;-1;-1;-1;0;0;50;50;50;0;50;50;50;0;0;3;1.5;Daugava Rīga;Skonto;1.46;2.54;3;0;2.33;2.33;50;50;0;0;0;0;0;0;0;0;0;206;27;N;N;N;N;N;N;N
62269;963;1087;2013;complete;292;4;-1;44;;1;0;1;-1;-1;-1;-1;-1;0;2;0;0;-1;-1;-1;-1;-1;-1;-1;-1;-1;-1;0;2;0;0;0;0;0;0;0;0;0;0;0;0;0;0;0;0;0;0;0;0;0;0;0;0;0;0;0;0;0;0;0;0;0;0;0;0;0;0;0;0;0;0;0;0;0;0;0;0;0;0;0;0;0;0;0;0;0;0;0;0;0;0;0;0;0;0;0;0;1;1;0;0;0;0;1;2013-04-20 10:00:00;963;0;25;0;25;0;-1;1;-1;-1;-1;-1;-1;-1;0;0;0;2;0;2;-1;0;0;0;0;0;0;0;0;0;0;0;0;0;1;1;0;0;-1;-1;0;0;-1;-1;-1;-1;-1;-1;-1;-1;-1;25;50;50;50;100;50;50;100;50;0;0;3.5;3.25;Ventspils;Spartaks Jūrmala;2.57;1.23;3;3;2;1.33;75;50;50;50;0;0;0;0;0;0;0;206;27;Y;N;N;N;N;N;N
62270;1086;1096;2013;complete;292;4;-1;14,79;54,63;2;2;4;-1;-1;-1;-1;-1;2;3;0;0;-1;-1;-1;-1;-1;-1;-1;-1;-1;-1;2;3;0;0;0;0;0;0;0;0;0;0;0;0;0;0;0;0;0;0;0;0;0;0;0;0;0;0;0;0;0;0;0;0;0;0;0;0;0;0;0;0;0;0;0;0;0;0;0;0;0;0;0;0;0;0;0;0;0;0;0;0;0;0;0;0;0;0;0;0;4;1;0;1;2;3;1;2013-04-20 16:00:00;-1;0;34;0;34;0;-1;1;-1;-1;-1;-1;-1;-1;0;2;2;1;2;3;-1;0;0;0;0;0;0;0;0;0;0;0;0;0;1;1;0;0;-1;-1;0;1;-1;-1;-1;-1;-1;-1;-1;-1;-1;17;34;34;50;100;17;17;100;34;0;0;5;2.34;Jelgava;Ilūkstes NSS;1;0.62;0;0.67;0;0.67;84;67;67;50;0;0;0;0;0;0;0;206;27;Y;Y;Y;Y;N;N;Y
62271;990;1097;2013;complete;292;4;-1;78;90;1;1;2;-1;-1;-1;-1;-1;1;2;0;0;-1;-1;-1;-1;-1;-1;-1;-1;-1;-1;1;2;0;0;0;0;0;0;0;0;0;0;0;0;0;0;0;0;0;0;0;0;0;0;0;0;0;0;0;0;0;0;0;0;0;0;0;0;0;0;0;0;0;0;0;0;0;0;0;0;0;0;0;0;0;0;0;0;0;0;0;0;0;0;0;0;0;0;0;0;2;0;0;1;1;2;0;2013-04-21 11:00:00;-1;0;75;0;75;0;-1;1;-1;-1;-1;-1;-1;-1;0;0;1;2;0;3;-1;0;0;0;0;0;0;0;0;0;0;0;0;0;1;1;0;0;-1;-1;0;0;-1;-1;-1;-1;-1;-1;-1;-1;-1;0;0;75;75;75;0;75;75;75;0;0;3;2.25;Daugava Daugavpils;Liepājas Metalurgs;1.79;1.36;2;0;1.33;2;100;100;25;25;25;0;0;0;0;0;0;206;27;Y;Y;N;N;N;N;Y
62272;1088;1094;2013;complete;292;4;-1;72;90,90;1;2;3;-1;-1;-1;-1;-1;1;3;0;0;-1;-1;-1;-1;-1;-1;-1;-1;-1;-1;1;3;0;0;0;0;0;0;0;0;0;0;0;0;0;0;0;0;0;0;0;0;0;0;0;0;0;0;0;0;0;0;0;0;0;0;0;0;0;0;0;0;0;0;0;0;0;0;0;0;0;0;0;0;0;0;0;0;0;0;0;0;0;0;0;0;0;0;0;0;3;0;0;1;2;3;0;2013-04-21 14:00:00;1094;0;0;0;0;0;-1;1;-1;-1;-1;-1;-1;-1;1;2;0;1;3;1;-1;0;0;0;0;0;0;0;0;0;0;0;0;0;1;1;0;0;-1;-1;0;0;-1;-1;-1;-1;-1;-1;-1;-1;-1;0;0;0;0;75;0;0;75;0;0;0;4;0.75;Metta - LU;FC Jūrmala;0.62;1.07;0;2;0;1.67;100;100;100;100;25;0;0;0;0;0;0;206;27;Y;Y;Y;N;N;N;Y
62273;1097;1086;2013;complete;292;5;-1;33,39,61;;3;0;3;-1;-1;-1;-1;-1;1;2;0;0;-1;-1;-1;-1;-1;-1;-1;-1;-1;-1;1;2;0;0;0;0;0;0;0;0;0;0;0;0;0;0;0;0;0;0;0;0;0;0;0;0;0;0;0;0;0;0;0;0;0;0;0;0;0;0;0;0;0;0;0;0;0;0;0;0;0;0;0;0;0;0;0;0;0;0;0;0;0;0;0;0;0;0;0;0;3;2;0;1;0;1;2;2013-04-26 15:00:00;1097;0;50;0;50;0;-1;1;-1;-1;-1;-1;-1;-1;0;0;1;2;0;3;-1;0;0;0;0;0;0;0;0;0;0;0;0;0;1;1;0;0;-1;-1;0;0;-1;-1;-1;-1;-1;-1;-1;-1;-1;0;75;100;100;100;25;100;100;100;0;0;7;3.75;Liepājas Metalurgs;Jelgava;1.62;0.71;3;0;1.75;0.25;100;25;0;0;0;0;0;0;0;0;0;206;27;Y;Y;Y;N;N;N;N
62274;1093;963;2013;complete;292;5;-1;10,35,77;;3;0;3;-1;-1;-1;-1;-1;2;4;0;1;-1;-1;-1;-1;-1;-1;-1;-1;-1;-1;2;5;0;0;0;0;0;0;0;0;0;0;0;0;0;0;0;0;0;0;0;0;0;0;0;0;0;0;0;0;0;0;0;0;0;0;0;0;0;0;0;0;0;0;0;0;0;0;0;0;0;0;0;0;0;0;0;0;0;0;0;0;0;0;0;0;0;0;0;0;3;2;0;1;0;1;2;2013-04-27 11:00:00;1093;0;50;0;50;0;-1;1;-1;-1;-1;-1;-1;-1;1;2;1;3;3;4;-1;0;0;0;0;0;0;0;1;0;1;0;0;0;1;1;1;0;-1;-1;0;1;-1;-1;-1;-1;-1;-1;-1;-1;-1;17;84;84;84;84;34;84;84;67;0;0;4;3.5;Skonto;Ventspils;2.07;2.38;2.33;0;2;2.25;84;17;17;17;17;0;0;0;0;0;0;206;27;Y;Y;Y;N;N;N;N
62275;1094;1095;2013;complete;292;5;-1;;5,16,52,81,87;0;5;5;-1;-1;-1;-1;-1;2;1;0;0;-1;-1;-1;-1;-1;-1;-1;-1;-1;-1;2;1;0;0;0;0;0;0;0;0;0;0;0;0;0;0;0;0;0;0;0;0;0;0;0;0;0;0;0;0;0;0;0;0;0;0;0;0;0;0;0;0;0;0;0;0;0;0;0;0;0;0;0;0;0;0;0;0;0;0;0;0;0;0;0;0;0;0;0;0;5;0;2;0;3;3;2;2013-04-27 14:30:00;1095;0;50;0;50;0;-1;1;-1;-1;-1;-1;-1;-1;0;0;2;1;0;3;-1;0;0;0;0;0;0;0;0;0;0;0;0;0;1;1;0;1;-1;-1;0;0;-1;-1;-1;-1;-1;-1;-1;-1;-1;0;0;0;50;75;0;0;75;50;0;0;6;1.25;FC Jūrmala;Daugava Rīga;0.85;2.07;1;2;2;2;100;100;100;50;25;0;0;0;0;0;0;206;27;Y;Y;Y;Y;Y;N;N
62276;1087;990;2013;complete;292;5;-1;;15,63;0;2;2;-1;-1;-1;-1;-1;2;5;0;0;-1;-1;-1;-1;-1;-1;-1;-1;-1;-1;2;5;0;0;0;0;0;0;0;0;0;0;0;0;0;0;0;0;0;0;0;0;0;0;0;0;0;0;0;0;0;0;0;0;0;0;0;0;0;0;0;0;0;0;0;0;0;0;0;0;0;0;0;0;0;0;0;0;0;0;0;0;0;0;0;0;0;0;0;0;2;0;1;0;1;1;1;2013-04-28 13:00:00;990;0;75;0;75;0;-1;1;-1;-1;-1;-1;-1;-1;1;3;1;2;4;3;-1;0;0;0;0;0;0;0;0;0;0;0;0;0;1;1;0;0;-1;-1;0;0;-1;-1;-1;-1;-1;-1;-1;-1;-1;50;75;75;75;100;50;50;100;75;0;0;8.5;4.75;Spartaks Jūrmala;Daugava Daugavpils;0.64;2.08;0.5;0;1;1.25;50;25;25;25;0;0;0;0;0;0;0;206;27;Y;Y;N;N;N;N;N
62277;1096;1088;2013;complete;292;5;-1;85;63;1;1;2;-1;-1;-1;-1;-1;2;2;0;0;-1;-1;-1;-1;-1;-1;-1;-1;-1;-1;2;2;0;0;0;0;0;0;0;0;0;0;0;0;0;0;0;0;0;0;0;0;0;0;0;0;0;0;0;0;0;0;0;0;0;0;0;0;0;0;0;0;0;0;0;0;0;0;0;0;0;0;0;0;0;0;0;0;0;0;0;0;0;0;0;0;0;0;0;0;2;0;0;1;1;2;0;2013-04-29 14:00:00;-1;0;0;0;0;0;-1;1;-1;-1;-1;-1;-1;-1;1;1;1;1;2;2;-1;0;0;0;0;0;0;0;0;0;0;0;0;0;1;1;0;0;-1;-1;0;0;-1;-1;-1;-1;-1;-1;-1;-1;-1;0;50;50;50;50;25;50;50;50;0;0;4;2;Ilūkstes NSS;Metta - LU;0.29;0.79;0;0;0.75;0;50;0;0;0;0;0;0;0;0;0;0;206;27;Y;Y;N;N;N;N;Y
62278;963;1094;2013;complete;292;6;-1;15,86,90;;3;0;3;-1;-1;-1;-1;-1;1;2;0;0;-1;-1;-1;-1;-1;-1;-1;-1;-1;-1;1;2;0;0;0;0;0;0;0;0;0;0;0;0;0;0;0;0;0;0;0;0;0;0;0;0;0;0;0;0;0;0;0;0;0;0;0;0;0;0;0;0;0;0;0;0;0;0;0;0;0;0;0;0;0;0;0;0;0;0;0;0;0;0;0;0;0;0;0;0;3;1;0;2;0;2;1;2013-05-10 15:00:00;963;0;33;0;33;0;-1;1;-1;-1;-1;-1;-1;-1;0;0;1;2;0;3;-1;0;0;0;0;0;0;0;0;0;0;0;0;0;1;1;0;0;-1;-1;0;0;-1;-1;-1;-1;-1;-1;-1;-1;-1;17;34;50;50;84;34;50;67;50;0;0;3.33;2.67;Ventspils;FC Jūrmala;2.57;1.07;3;2.33;1.8;1.6;84;67;50;50;17;0;0;0;0;0;0;206;27;Y;Y;Y;N;N;N;N
62279;1095;1096;2013;complete;292;6;-1;23,25,57,66;;4;0;4;-1;-1;-1;-1;-1;0;2;0;0;-1;-1;-1;-1;-1;-1;-1;-1;-1;-1;0;2;0;0;0;0;0;0;0;0;0;0;0;0;0;0;0;0;0;0;0;0;0;0;0;0;0;0;0;0;0;0;0;0;0;0;0;0;0;0;0;0;0;0;0;0;0;0;0;0;0;0;0;0;0;0;0;0;0;0;0;0;0;0;0;0;0;0;0;0;4;2;0;2;0;2;2;2013-05-10 16:00:00;1095;0;63;0;63;0;-1;1;-1;-1;-1;-1;-1;-1;0;1;0;1;1;1;-1;0;0;0;0;0;0;0;0;0;0;0;0;0;1;1;0;0;-1;-1;0;0;-1;-1;-1;-1;-1;-1;-1;-1;-1;13;38;63;75;75;13;50;75;63;0;0;5.5;2.63;Daugava Rīga;Ilūkstes NSS;1.46;0.62;2;0.75;2.2;0.8;88;63;38;25;25;0;0;0;0;0;0;206;27;Y;Y;Y;Y;N;N;N
62280;1086;1088;2013;complete;292;6;-1;79;;1;0;1;-1;-1;-1;-1;-1;2;1;0;0;-1;-1;-1;-1;-1;-1;-1;-1;-1;-1;2;1;0;0;0;0;0;0;0;0;0;0;0;0;0;0;0;0;0;0;0;0;0;0;0;0;0;0;0;0;0;0;0;0;0;0;0;0;0;0;0;0;0;0;0;0;0;0;0;0;0;0;0;0;0;0;0;0;0;0;0;0;0;0;0;0;0;0;0;0;1;0;0;1;0;1;0;2013-05-11 11:00:00;1086;0;42;0;42;0;-1;1;-1;-1;-1;-1;-1;-1;0;0;2;1;0;3;-1;0;0;0;0;0;0;0;0;0;0;0;0;0;1;1;0;0;-1;-1;0;0;-1;-1;-1;-1;-1;-1;-1;-1;-1;0;59;59;75;100;17;59;100;75;0;0;5.33;2.92;Jelgava;Metta - LU;1;0.79;0.5;0.33;0.2;0.2;100;42;42;25;0;0;0;0;0;0;0;206;27;Y;N;N;N;N;N;N
62281;990;1093;2013;complete;292;6;-1;42;36,56,71,81;1;4;5;-1;-1;-1;-1;-1;3;4;0;0;-1;-1;-1;-1;-1;-1;-1;-1;-1;-1;3;4;0;0;0;0;0;0;0;0;0;0;0;0;0;0;0;0;0;0;0;0;0;0;0;0;0;0;0;0;0;0;0;0;0;0;0;0;0;0;0;0;0;0;0;0;0;0;0;0;0;0;0;0;0;0;0;0;0;0;0;0;0;0;0;0;0;0;0;0;5;1;1;0;3;3;2;2013-05-11 13:00:00;1093;0;34;0;34;0;-1;1;-1;-1;-1;-1;-1;-1;2;3;1;1;5;2;-1;0;0;0;0;0;0;0;1;0;1;0;0;0;1;1;0;0;-1;-1;0;1;-1;-1;-1;-1;-1;-1;-1;-1;-1;0;0;17;34;34;0;17;34;34;0;0;3.67;0.84;Daugava Daugavpils;Skonto;1.79;2.54;1.67;1;1.6;2.2;100;100;84;67;67;0;0;0;0;0;0;206;27;Y;Y;Y;Y;Y;N;Y
62282;1097;1087;2013;complete;292;6;-1;72;56,90;1;2;3;-1;-1;-1;-1;-1;2;3;0;0;-1;-1;-1;-1;-1;-1;-1;-1;-1;-1;2;3;0;0;0;0;0;0;0;0;0;0;0;0;0;0;0;0;0;0;0;0;0;0;0;0;0;0;0;0;0;0;0;0;0;0;0;0;0;0;0;0;0;0;0;0;0;0;0;0;0;0;0;0;0;0;0;0;0;0;0;0;0;0;0;0;0;0;0;0;3;0;0;1;2;3;0;2013-05-12 16:00:00;1087;0;17;0;17;0;-1;1;-1;-1;-1;-1;-1;-1;0;1;2;2;1;4;-1;0;0;0;0;0;0;0;0;0;0;0;0;0;1;1;0;0;-1;-1;0;0;-1;-1;-1;-1;-1;-1;-1;-1;-1;0;34;50;50;100;17;75;75;34;0;0;4.67;2.34;Liepājas Metalurgs;Spartaks Jūrmala;1.62;1.23;3;1.5;2;0.8;100;67;50;50;0;0;0;0;0;0;0;206;27;Y;Y;Y;N;N;N;Y
62283;1095;963;2013;complete;292;7;-1;;44;0;1;1;-1;-1;-1;-1;-1;2;2;1;0;-1;-1;-1;-1;-1;-1;-1;-1;-1;-1;4;2;0;0;0;0;0;0;0;0;0;0;0;0;0;0;0;0;0;0;0;0;0;0;0;0;0;0;0;0;0;0;0;0;0;0;0;0;0;0;0;0;0;0;0;0;0;0;0;0;0;0;0;0;0;0;0;0;0;0;0;0;0;0;0;0;0;0;0;0;1;0;1;0;0;0;1;2013-05-14 16:00:00;963;0;42;0;42;0;-1;1;-1;-1;-1;-1;-1;-1;1;0;2;2;1;4;-1;0;0;0;0;0;0;0;0;0;0;0;0;0;1;1;0;0;-1;-1;0;0;-1;-1;-1;-1;-1;-1;-1;-1;-1;0;42;84;84;84;42;84;84;59;0;0;5.17;2.92;Daugava Rīga;Ventspils;1.46;2.38;2.33;0;2.33;2;100;59;17;17;17;0;0;0;0;0;0;206;27;Y;N;N;N;N;N;N
62284;1088;990;2013;complete;292;7;-1;87;6,22;1;2;3;-1;-1;-1;-1;-1;1;3;0;0;-1;-1;-1;-1;-1;-1;-1;-1;-1;-1;1;3;0;0;0;0;0;0;0;0;0;0;0;0;0;0;0;0;0;0;0;0;0;0;0;0;0;0;0;0;0;0;0;0;0;0;0;0;0;0;0;0;0;0;0;0;0;0;0;0;0;0;0;0;0;0;0;0;0;0;0;0;0;0;0;0;0;0;0;0;3;0;2;1;0;1;2;2013-05-15 16:00:00;990;0;50;0;50;0;-1;1;-1;-1;-1;-1;-1;-1;0;0;1;3;0;4;-1;0;0;0;0;0;0;0;0;0;0;0;0;0;1;1;0;1;-1;-1;0;0;-1;-1;-1;-1;-1;-1;-1;-1;-1;25;25;50;75;100;25;50;100;50;0;0;6;3.25;Metta - LU;Daugava Daugavpils;0.62;2.08;0;1.5;0.17;1.33;75;75;50;25;0;0;0;0;0;0;0;206;27;Y;Y;Y;N;N;N;Y
62285;1096;1097;2013;complete;292;7;-1;35;39,77;1;2;3;-1;-1;-1;-1;-1;2;2;0;2;-1;-1;-1;-1;-1;-1;-1;-1;-1;-1;2;4;0;0;0;0;0;0;0;0;0;0;0;0;0;0;0;0;0;0;0;0;0;0;0;0;0;0;0;0;0;0;0;0;0;0;0;0;0;0;0;0;0;0;0;0;0;0;0;0;0;0;0;0;0;0;0;0;0;0;0;0;0;0;0;0;0;0;0;0;3;1;1;0;1;1;2;2013-05-15 16:00:00;1097;0;100;0;100;0;-1;1;-1;-1;-1;-1;-1;-1;0;0;2;4;0;6;-1;0;0;0;0;0;0;0;0;2;0;2;0;0;1;1;0;0;-1;-1;0;0;-1;-1;-1;-1;-1;-1;-1;-1;-1;0;0;25;100;100;0;25;100;100;0;0;3.5;2.25;Ilūkstes NSS;Liepājas Metalurgs;0.29;1.36;1;0.5;0.67;1.67;100;100;75;0;0;0;0;0;0;0;0;206;27;Y;Y;Y;N;N;N;Y
62286;1093;1086;2013;complete;292;7;-1;78;29;1;1;2;-1;-1;-1;-1;-1;3;2;0;1;-1;-1;-1;-1;-1;-1;-1;-1;-1;-1;3;4;0;0;0;0;0;0;0;0;0;0;0;0;0;0;0;0;0;0;0;0;0;0;0;0;0;0;0;0;0;0;0;0;0;0;0;0;0;0;0;0;0;0;0;0;0;0;0;0;0;0;0;0;0;0;0;0;0;0;0;0;0;0;0;0;0;0;0;0;2;0;1;1;0;1;1;2013-05-16 16:00:00;-1;0;17;0;17;0;-1;1;-1;-1;-1;-1;-1;-1;2;2;1;1;4;2;-1;0;0;0;0;0;0;0;0;0;0;0;0;0;1;1;0;0;-1;-1;0;0;-1;-1;-1;-1;-1;-1;-1;-1;-1;13;42;88;88;88;71;88;88;46;0;0;5;3.17;Skonto;Jelgava;2.07;0.71;2.5;0;2.33;0.67;88;59;13;13;13;0;0;0;0;0;0;206;27;Y;Y;N;N;N;N;Y
62287;1094;1087;2013;complete;292;7;-1;;87;0;1;1;-1;-1;-1;-1;-1;1;0;0;0;-1;-1;-1;-1;-1;-1;-1;-1;-1;-1;1;0;0;0;0;0;0;0;0;0;0;0;0;0;0;0;0;0;0;0;0;0;0;0;0;0;0;0;0;0;0;0;0;0;0;0;0;0;0;0;0;0;0;0;0;0;0;0;0;0;0;0;0;0;0;0;0;0;0;0;0;0;0;0;0;0;0;0;0;0;1;0;0;0;1;1;0;2013-05-16 16:00:00;1087;0;42;0;42;0;-1;1;-1;-1;-1;-1;-1;-1;0;0;1;0;0;1;-1;0;0;0;0;0;0;0;0;0;0;0;0;0;1;1;0;0;-1;-1;0;0;-1;-1;-1;-1;-1;-1;-1;-1;-1;25;25;42;67;100;25;42;84;67;0;0;4.33;2.59;FC Jūrmala;Spartaks Jūrmala;0.85;1.23;0.5;2;1.33;1.17;75;75;59;34;0;0;0;0;0;0;0;206;27;Y;N;N;N;N;N;N
62288;1088;1095;2013;complete;292;8;-1;42;48,86;1;2;3;-1;-1;-1;-1;-1;4;2;0;0;-1;-1;-1;-1;-1;-1;-1;-1;-1;-1;4;2;0;0;0;0;0;0;0;0;0;0;0;0;0;0;0;0;0;0;0;0;0;0;0;0;0;0;0;0;0;0;0;0;0;0;0;0;0;0;0;0;0;0;0;0;0;0;0;0;0;0;0;0;0;0;0;0;0;0;0;0;0;0;0;0;0;0;0;0;3;1;0;0;2;2;1;2013-05-19 16:00:00;1095;0;34;0;17;0;-1;1;-1;-1;-1;-1;-1;-1;2;1;2;1;3;3;-1;0;0;0;0;0;0;0;0;0;0;0;0;0;1;1;0;0;-1;-1;0;0;-1;-1;-1;-1;-1;-1;-1;-1;-1;17;17;50;50;84;33;33;84;33;0;0;4.33;2.17;Metta - LU;Daugava Rīga;0.62;2.07;0;2.33;0.14;2;84;84;50;50;17;0;0;0;0;0;0;206;27;Y;Y;Y;N;N;N;Y
62289;1087;1086;2013;complete;292;8;-1;2,22,29,57;14,90;4;2;6;-1;-1;-1;-1;-1;2;1;0;0;-1;-1;-1;-1;-1;-1;-1;-1;-1;-1;2;1;0;0;0;0;0;0;0;0;0;0;0;0;0;0;0;0;0;0;0;0;0;0;0;0;0;0;0;0;0;0;0;0;0;0;0;0;0;0;0;0;0;0;0;0;0;0;0;0;0;0;0;0;0;0;0;0;0;0;0;0;0;0;0;0;0;0;0;0;6;3;1;1;1;2;4;2013-05-20 16:00:00;1087;0;42;0;29;0;-1;1;-1;-1;-1;-1;-1;-1;0;0;2;1;0;3;-1;0;0;0;0;0;0;0;0;0;0;0;0;0;1;1;1;0;-1;-1;0;0;-1;-1;-1;-1;-1;-1;-1;-1;-1;0;29;54;84;100;25;67;100;42;0;0;6.92;2.67;Spartaks Jūrmala;Jelgava;0.64;0.71;0.33;0.25;1.43;0.71;100;71;46;17;0;0;0;0;0;0;0;206;27;Y;Y;Y;Y;Y;Y;Y
62290;1094;990;2013;complete;292;8;-1;;76;0;1;1;-1;-1;-1;-1;-1;0;1;0;0;-1;-1;-1;-1;-1;-1;-1;-1;-1;-1;0;1;0;0;0;0;0;0;0;0;0;0;0;0;0;0;0;0;0;0;0;0;0;0;0;0;0;0;0;0;0;0;0;0;0;0;0;0;0;0;0;0;0;0;0;0;0;0;0;0;0;0;0;0;0;0;0;0;0;0;0;0;0;0;0;0;0;0;0;0;1;0;0;0;1;1;0;2013-05-21 16:00:00;990;0;50;0;33;0;-1;1;-1;-1;-1;-1;-1;-1;0;0;0;1;0;1;-1;0;0;0;0;0;0;0;0;0;0;0;0;0;1;1;0;0;-1;-1;0;0;-1;-1;-1;-1;-1;-1;-1;-1;-1;33;33;50;84;100;50;67;100;50;0;0;5.67;3.34;FC Jūrmala;Daugava Daugavpils;0.85;2.08;0.33;2;1.14;1.57;67;67;50;17;0;0;0;0;0;0;0;206;27;Y;N;N;N;N;N;N
62291;1086;1095;2013;complete;292;9;-1;;22,55,90;0;3;3;4;4;8;0;1;1;2;0;0;6;7;5;8;11;15;23;20;53;47;1;2;0;0;0;0;0;0;0;0;0;0;0;0;0;0;0;0;0;0;0;0;0;0;0;0;0;0;0;0;0;0;0;0;0;0;0;0;0;0;0;0;0;0;0;0;0;0;0;0;0;0;0;0;0;0;0;0;0;0;0;0;0;0;0;0;0;0;0;0;3;0;1;0;2;2;1;2013-05-31 16:00:00;1095;0;29;0;17;0;-1;1;-1;-1;-1;-1;-1;-1;0;0;1;2;0;3;-1;0;0;0;0;0;0;0;0;0;0;0;0;0;1;1;0;0;-1;-1;0;0;-1;-1;-1;-1;-1;-1;-1;-1;-1;13;29;42;42;88;13;42;88;42;0;0;4.75;2.13;Jelgava;Daugava Rīga;1;2.07;1.33;2.5;0.63;2.13;88;71;59;59;13;0;0;0;0;0;0;206;27;Y;Y;Y;N;N;N;N
62292;990;1096;2013;complete;292;9;-1;19,43,50,55,74;;5;0;5;-1;-1;-1;-1;-1;2;0;0;0;-1;-1;-1;-1;-1;-1;-1;-1;-1;-1;2;0;0;0;0;0;0;0;0;0;0;0;0;0;0;0;0;0;0;0;0;0;0;0;0;0;0;0;0;0;0;0;0;0;0;0;0;0;0;0;0;0;0;0;0;0;0;0;0;0;0;0;0;0;0;0;0;0;0;0;0;0;0;0;0;0;0;0;0;0;5;2;0;3;0;3;2;2013-05-31 16:00:00;990;0;68;13;55;0;-1;1;-1;-1;-1;-1;-1;-1;0;0;2;0;0;2;-1;0;0;0;0;0;0;0;0;0;0;0;0;0;1;1;0;0;-1;-1;0;0;-1;-1;-1;-1;-1;-1;-1;-1;-1;23;53;65;88;88;33;55;88;78;0;0;4.8;3.15;Daugava Daugavpils;Ilūkstes NSS;1.79;0.62;1.25;0.6;1.75;0.57;78;48;35;13;13;0;0;0;0;0;0;206;27;Y;Y;Y;Y;Y;N;N
62293;1087;1093;2013;complete;292;9;-1;10;26,35;1;2;3;1;8;9;0;4;1;5;0;0;5;6;2;9;7;15;23;18;51;49;1;5;0;0;0;0;0;0;0;0;0;0;0;0;0;0;0;0;0;0;0;0;0;0;0;0;0;0;0;0;0;0;0;0;0;0;0;0;0;0;0;0;0;0;0;0;0;0;0;0;0;0;0;0;0;0;0;0;0;0;0;0;0;0;0;0;0;0;0;0;3;1;2;0;0;0;3;2013-06-01 14:00:00;1093;0;50;38;25;0;-1;1;-1;-1;-1;-1;-1;-1;1;2;0;3;3;3;-1;0;0;0;0;0;0;0;0;0;0;0;0;0;1;1;1;0;-1;-1;0;0;-1;-1;-1;-1;-1;-1;-1;-1;-1;38;50;50;63;75;38;50;75;50;0;0;6.25;2.88;Spartaks Jūrmala;Skonto;0.64;2.54;1;2;1.63;2.14;63;50;50;38;25;0;0;0;0;0;0;206;27;Y;Y;Y;N;N;N;Y
62294;963;1088;2013;complete;292;9;-1;50,55,62,75;;4;0;4;10;2;12;1;0;0;0;0;0;8;11;8;4;16;15;14;19;49;51;0;0;0;0;0;0;0;0;0;0;0;0;0;0;0;0;0;0;0;0;0;0;0;0;0;0;0;0;0;0;0;0;0;0;0;0;0;0;0;0;0;0;0;0;0;0;0;0;0;0;0;0;0;0;0;0;0;0;0;0;0;0;0;0;0;0;0;0;0;0;4;0;0;4;0;4;0;2013-06-01 16:00:00;963;0;25;0;25;0;-1;-1;-1;-1;-1;-1;-1;-1;0;0;0;0;0;0;-1;0;0;0;0;0;0;0;0;0;0;0;0;0;1;1;0;0;-1;-1;-1;-1;-1;-1;-1;-1;-1;-1;-1;-1;-1;13;50;63;75;100;38;75;88;75;0;0;3.75;3.25;Ventspils;Metta - LU;2.57;0.79;3;0.25;2.14;0.13;88;50;38;25;0;0;0;0;0;0;0;206;27;Y;Y;Y;Y;N;N;N
62295;1097;1094;2013;complete;292;9;-1;35,48;;2;0;2;7;1;8;8;3;4;2;0;0;9;3;11;4;20;7;14;15;52;48;4;2;0;0;0;0;0;0;0;0;0;0;0;0;0;0;0;0;0;0;0;0;0;0;0;0;0;0;0;0;0;0;0;0;0;0;0;0;0;0;0;0;0;0;0;0;0;0;0;0;0;0;0;0;0;0;0;0;0;0;0;0;0;0;0;0;0;0;0;0;2;1;0;1;0;1;1;2013-06-01 16:00:00;1097;0;38;0;38;0;-1;1;-1;-1;-1;-1;-1;-1;2;1;2;1;3;3;-1;0;0;0;0;0;0;0;1;0;1;0;0;0;1;1;0;0;-1;-1;0;0;-1;-1;-1;-1;-1;-1;-1;-1;-1;0;25;75;75;88;13;50;88;63;0;0;4.75;2.63;Liepājas Metalurgs;FC Jūrmala;1.62;1.07;2.25;1.75;1.86;1;100;75;25;25;13;0;0;0;0;0;0;206;27;Y;Y;N;N;N;N;N
62296;1095;990;2013;complete;292;10;-1;;81;0;1;1;8;7;15;4;1;3;3;1;0;6;3;10;6;16;9;10;17;47;53;5;3;0;0;0;0;0;0;0;0;0;0;0;0;0;0;0;0;0;0;0;0;0;0;0;0;0;0;0;0;0;0;0;0;0;0;0;0;0;0;0;0;0;0;0;0;0;0;0;0;0;0;0;0;0;0;0;0;0;0;0;0;0;0;0;0;0;0;0;0;1;0;0;0;1;1;0;2013-06-14 16:00:00;990;0;38;0;25;0;-1;1;-1;-1;-1;-1;-1;-1;0;2;4;1;2;5;-1;0;0;0;0;0;0;0;0;0;0;0;0;0;1;1;0;0;-1;-1;0;0;-1;-1;-1;-1;-1;-1;-1;-1;-1;13;25;50;63;88;38;75;75;38;0;0;5.5;2.63;Daugava Rīga;Daugava Daugavpils;1.46;2.08;1.75;2.25;2.22;1.89;88;75;50;38;13;0;0;0;0;0;0;206;27;Y;N;N;N;N;N;N
62297;1086;963;2013;complete;292;10;-1;17;42,77;1;2;3;1;3;4;1;6;1;0;0;0;4;8;6;6;10;14;21;13;52;48;1;0;0;0;0;0;0;0;0;0;0;0;0;0;0;0;0;0;0;0;0;0;0;0;0;0;0;0;0;0;0;0;0;0;0;0;0;0;0;0;0;0;0;0;0;0;0;0;0;0;0;0;0;0;0;0;0;0;0;0;0;0;0;0;0;0;0;0;0;0;3;1;1;0;1;1;2;2013-06-15 13:00:00;963;0;29;0;29;0;-1;1;-1;-1;-1;-1;-1;-1;0;0;1;0;0;1;-1;0;0;0;0;0;0;0;0;1;0;1;0;0;1;1;0;0;-1;-1;0;0;-1;-1;-1;-1;-1;-1;-1;-1;-1;0;29;59;59;100;17;75;84;42;4;0;4.75;2.46;Jelgava;Ventspils;1;2.38;1;1;0.56;2.25;100;71;42;42;0;0;0;0;0;0;0;206;27;Y;Y;Y;N;N;N;Y
62298;1097;1088;2013;complete;292;10;-1;;;0;0;0;10;3;13;4;2;4;1;0;0;6;3;3;1;9;4;16;26;49;51;4;1;0;0;0;0;0;0;0;0;0;0;0;0;0;0;0;0;0;0;0;0;0;0;0;0;0;0;0;0;0;0;0;0;0;0;0;0;0;0;0;0;0;0;0;0;0;0;0;0;0;0;0;0;0;0;0;0;0;0;0;0;0;0;0;0;0;0;0;0;0;0;0;0;0;0;0;2013-06-15 15:00:00;-1;0;30;0;30;0;-1;1;-1;-1;-1;-1;-1;-1;3;1;1;0;4;1;-1;0;0;0;0;0;0;0;0;0;0;0;0;0;1;1;0;0;-1;-1;0;0;-1;-1;-1;-1;-1;-1;-1;-1;-1;0;50;70;90;100;20;60;100;70;9;0;5;3.1;Liepājas Metalurgs;Metta - LU;1.62;0.79;2.4;0.2;2;0.11;100;50;30;10;0;50;50;50;0;0;0;206;27;N;N;N;N;N;N;N
62299;1096;1087;2013;complete;292;10;-1;7;26,55,78;1;3;4;-1;-1;-1;-1;-1;2;1;0;0;-1;-1;-1;-1;-1;-1;-1;-1;-1;-1;2;1;0;0;0;0;0;0;0;0;0;0;0;0;0;0;0;0;0;0;0;0;0;0;0;0;0;0;0;0;0;0;0;0;0;0;0;0;0;0;0;0;0;0;0;0;0;0;0;0;0;0;0;0;0;0;0;0;0;0;0;0;0;0;0;0;0;0;0;0;4;1;1;0;2;2;2;2013-06-16 12:00:00;1087;0;63;25;38;0;-1;1;-1;-1;-1;-1;-1;-1;2;1;0;0;3;0;-1;0;0;0;0;0;0;0;0;0;0;0;0;0;1;1;1;0;-1;-1;0;0;-1;-1;-1;-1;-1;-1;-1;-1;-1;0;0;38;63;100;25;38;88;38;0;0;3.75;2;Ilūkstes NSS;Spartaks Jūrmala;0.29;1.23;0.5;2.25;0.5;1.44;100;100;63;38;0;0;0;0;0;0;0;206;27;Y;Y;Y;Y;N;N;Y
62300;1094;1093;2013;complete;292;10;-1;;27,42,54,62,70;0;5;5;1;7;8;2;1;1;0;0;0;4;5;2;17;6;22;15;21;53;47;1;0;0;0;0;0;0;0;0;0;0;0;0;0;0;0;0;0;0;0;0;0;0;0;0;0;0;0;0;0;0;0;0;0;0;0;0;0;0;0;0;0;0;0;0;0;0;0;0;0;0;0;0;0;0;0;0;0;0;0;0;0;0;0;0;0;0;0;0;0;5;0;2;0;3;3;2;2013-06-16 16:00:00;1093;0;46;34;13;0;-1;1;-1;-1;-1;-1;-1;-1;0;0;1;0;0;1;-1;0;0;0;0;0;0;0;0;1;0;1;0;0;1;1;0;0;-1;-1;0;0;-1;-1;-1;-1;-1;-1;-1;-1;-1;29;29;46;59;84;46;46;67;42;8;0;4.92;2.46;FC Jūrmala;Skonto;0.85;2.54;0.25;2.33;0.89;2.25;71;71;54;42;17;50;0;0;0;0;0;206;27;Y;Y;Y;Y;Y;N;N
62301;1097;1095;2013;complete;292;11;-1;;10,15;0;2;2;3;5;8;0;1;1;0;0;0;2;5;5;12;7;17;17;14;51;49;1;0;0;0;0;0;0;0;0;0;0;0;0;0;0;0;0;0;0;0;0;0;0;0;0;0;0;0;0;0;0;0;0;0;0;0;0;0;0;0;0;0;0;0;0;0;0;0;0;0;0;0;0;0;0;0;0;0;0;0;0;0;0;0;0;0;0;0;0;0;2;0;2;0;0;0;2;2013-06-20 16:00:00;1095;0;27;0;17;0;-1;1;-1;-1;-1;-1;-1;-1;1;0;0;0;1;0;-1;0;0;0;0;0;0;0;0;0;0;0;0;0;1;1;0;1;-1;-1;0;0;-1;-1;-1;-1;-1;-1;-1;-1;-1;10;27;64;72;82;19;64;82;55;12.5;0.73;5.6;2.54;Liepājas Metalurgs;Daugava Rīga;1.62;2.07;2.17;2.6;1.89;2;90;74;37;29;19;25;25;25;0;0;0;206;27;Y;Y;N;N;N;N;N
62302;1094;1086;2013;complete;292;11;-1;45,47,53,68;35,90;4;2;6;3;7;10;4;3;1;5;0;0;0;3;7;11;7;14;11;25;48;52;1;5;0;0;0;0;0;0;0;0;0;0;0;0;0;0;0;0;0;0;0;0;0;0;0;0;0;0;0;0;0;0;0;0;0;0;0;0;0;0;0;0;0;0;0;0;0;0;0;0;0;0;0;0;0;0;0;0;0;0;0;0;0;0;0;0;0;0;0;0;6;1;1;3;1;4;2;2013-06-20 16:00:00;1094;0;40;10;30;0;-1;1;-1;-1;-1;-1;-1;-1;1;3;0;2;4;2;-1;0;0;0;0;0;0;0;0;0;0;0;0;0;1;1;0;0;-1;-1;0;1;-1;-1;-1;-1;-1;-1;-1;-1;-1;30;40;60;80;100;50;70;100;60;1;0;4;3.2;FC Jūrmala;Jelgava;0.85;0.71;0.2;0.2;0.8;0.5;70;60;40;20;0;0;0;0;0;0;0;206;27;Y;Y;Y;Y;Y;Y;Y
62303;1096;1093;2013;complete;292;11;-1;20;28,33,35,52,73,76,81;1;7;8;-1;-1;-1;-1;-1;2;2;0;1;-1;-1;-1;-1;-1;-1;-1;-1;-1;-1;2;3;0;0;0;0;0;0;0;0;0;0;0;0;0;0;0;0;0;0;0;0;0;0;0;0;0;0;0;0;0;0;0;0;0;0;0;0;0;0;0;0;0;0;0;0;0;0;0;0;0;0;0;0;0;0;0;0;0;0;0;0;0;0;0;0;0;0;0;0;8;1;3;0;4;4;4;2013-06-20 16:00:00;1093;0;75;59;17;0;-1;1;-1;-1;-1;-1;-1;-1;0;0;2;3;0;5;-1;0;0;0;0;0;0;0;0;0;0;0;0;0;1;1;0;0;-1;-1;0;0;-1;-1;-1;-1;-1;-1;-1;-1;-1;25;42;71;88;88;71;71;75;59;7.5;0;4.75;3.13;Ilūkstes NSS;Skonto;0.29;2.54;0.33;2.5;0.44;2.33;75;59;29;13;13;25;0;0;0;0;0;206;27;Y;Y;Y;Y;Y;Y;Y
62304;1087;1088;2013;complete;292;11;-1;52,64,78,90;;4;0;4;4;8;12;3;1;2;3;0;0;7;4;5;3;12;7;13;14;47;53;2;3;0;0;0;0;0;0;0;0;0;0;0;0;0;0;0;0;0;0;0;0;0;0;0;0;0;0;0;0;0;0;0;0;0;0;0;0;0;0;0;0;0;0;0;0;0;0;0;0;0;0;0;0;0;0;0;0;0;0;0;0;0;0;0;0;0;0;0;0;4;0;0;4;0;4;0;2013-06-21 16:00:00;1087;0;39;20;29;0;-1;1;-1;-1;-1;-1;-1;-1;1;1;1;2;2;3;-1;0;0;0;0;0;0;0;1;0;1;0;0;0;1;1;0;0;-1;-1;0;0;-1;-1;-1;-1;-1;-1;-1;-1;-1;10;45;55;74;92;29;47;82;54;3.5;0;4.8;2.85;Spartaks Jūrmala;Metta - LU;0.64;0.79;0.8;0.33;1.6;0.2;90;55;45;27;9;100;50;50;0;0;0;206;27;Y;Y;Y;Y;N;N;N
62305;990;963;2013;complete;292;11;-1;;13;0;1;1;3;5;8;1;2;1;2;0;0;6;5;4;8;10;13;16;15;49;51;1;2;0;0;0;0;0;0;0;0;0;0;0;0;0;0;0;0;0;0;0;0;0;0;0;0;0;0;0;0;0;0;0;0;0;0;0;0;0;0;0;0;0;0;0;0;0;0;0;0;0;0;0;0;0;0;0;0;0;0;0;0;0;0;0;0;0;0;0;0;1;0;1;0;0;0;1;2013-06-21 16:00:00;963;0;55;23;33;0;-1;1;-1;-1;-1;-1;-1;-1;1;1;0;1;2;1;-1;0;0;0;0;0;0;0;0;0;0;0;0;0;1;1;0;0;-1;-1;0;0;-1;-1;-1;-1;-1;-1;-1;-1;-1;20;33;68;78;90;45;80;78;53;3;0;4.25;2.88;Daugava Daugavpils;Ventspils;1.79;2.38;1.6;1.5;2;2.33;80;68;33;23;10;0;0;0;0;0;0;206;27;Y;N;N;N;N;N;N
62306;1096;1094;2013;complete;292;12;-1;;23,71;0;2;2;-1;-1;-1;-1;-1;2;1;0;0;-1;-1;-1;-1;-1;-1;-1;-1;-1;-1;2;1;0;0;0;0;0;0;0;0;0;0;0;0;0;0;0;0;0;0;0;0;0;0;0;0;0;0;0;0;0;0;0;0;0;0;0;0;0;0;0;0;0;0;0;0;0;0;0;0;0;0;0;0;0;0;0;0;0;0;0;0;0;0;0;0;0;0;0;0;2;0;1;0;1;1;1;2013-06-26 15:00:00;1094;0;60;38;23;0;-1;1;-1;-1;-1;-1;-1;-1;1;0;1;1;1;2;-1;0;0;0;0;0;0;0;0;0;0;0;0;0;1;1;0;0;-1;-1;0;0;-1;-1;-1;-1;-1;-1;-1;-1;-1;13;25;58;80;90;38;58;90;58;1;0;4.2;3.03;Ilūkstes NSS;FC Jūrmala;0.29;1.07;0.25;1.4;0.4;1;88;75;43;20;10;0;0;0;0;0;0;206;27;Y;Y;N;N;N;N;N
62307;1088;1093;2013;complete;292;12;-1;;20,22;0;2;2;6;8;14;1;0;4;6;0;1;4;3;3;6;7;9;17;18;50;50;4;7;0;0;0;0;0;0;0;0;0;0;0;0;0;0;0;0;0;0;0;0;0;0;0;0;0;0;0;0;0;0;0;0;0;0;0;0;0;0;0;0;0;0;0;0;0;0;0;0;0;0;0;0;0;0;0;0;0;0;0;0;0;0;0;0;0;0;0;0;2;0;2;0;0;0;2;2013-06-26 15:00:00;1093;0;68;30;13;0;-1;1;-1;-1;-1;-1;-1;-1;1;2;3;5;3;8;-1;0;0;0;0;0;0;0;0;0;0;0;0;0;1;1;0;0;-1;-1;0;0;-1;-1;-1;-1;-1;-1;-1;-1;-1;30;30;78;78;90;53;65;80;55;7.5;0;4.8;3.35;Metta - LU;Skonto;0.62;2.54;0;2.6;0.18;2.4;70;70;23;23;10;25;0;0;0;0;0;206;27;Y;Y;N;N;N;N;N
62308;963;1097;2013;complete;292;12;-1;37,82;12,48;2;2;4;5;3;8;1;1;1;2;0;1;9;5;6;2;15;7;14;20;49;51;1;4;0;0;0;0;0;0;0;0;0;0;0;0;0;0;0;0;0;0;0;0;0;0;0;0;0;0;0;0;0;0;0;0;0;0;0;0;0;0;0;0;0;0;0;0;0;0;0;0;0;0;0;0;0;0;0;0;0;0;0;0;0;0;0;0;0;0;0;0;4;1;1;1;1;2;2;2013-06-26 16:00:00;-1;0;60;17;44;0;-1;1;-1;-1;-1;-1;-1;-1;0;2;1;1;2;2;-1;0;0;0;0;0;0;0;2;0;2;0;0;0;1;1;0;0;-1;-1;0;0;-1;-1;-1;-1;-1;-1;-1;-1;-1;10;30;74;90;100;37;74;90;74;10;0;3.13;3.24;Ventspils;Liepājas Metalurgs;2.57;1.36;3;1.33;2.4;1.7;90;70;27;10;0;50;50;50;0;0;0;206;27;Y;Y;Y;Y;N;N;Y
62309;1087;1095;2013;complete;292;12;-1;;;0;0;0;3;8;11;4;2;1;4;0;0;3;10;4;12;7;22;16;22;51;49;1;4;0;0;0;0;0;0;0;0;0;0;0;0;0;0;0;0;0;0;0;0;0;0;0;0;0;0;0;0;0;0;0;0;0;0;0;0;0;0;0;0;0;0;0;0;0;0;0;0;0;0;0;0;0;0;0;0;0;0;0;0;0;0;0;0;0;0;0;0;0;0;0;0;0;0;0;2013-06-26 16:00:00;-1;0;34;17;17;0;-1;1;-1;-1;-1;-1;-1;-1;0;0;1;4;0;5;-1;0;0;0;0;0;0;0;0;0;0;0;0;0;1;1;0;0;-1;-1;0;0;-1;-1;-1;-1;-1;-1;-1;-1;-1;17;34;59;75;92;33;59;75;50;7;0;4.84;2.83;Spartaks Jūrmala;Daugava Rīga;0.64;2.07;1.17;2.67;1.73;2.09;83;67;42;25;9;50;25;25;0;0;0;206;27;N;N;N;N;N;N;N
62310;1086;990;2013;complete;292;12;-1;;34,69,81;0;3;3;3;9;12;4;3;1;2;0;0;4;3;3;3;7;6;14;18;52;48;1;2;0;0;0;0;0;0;0;0;0;0;0;0;0;0;0;0;0;0;0;0;0;0;0;0;0;0;0;0;0;0;0;0;0;0;0;0;0;0;0;0;0;0;0;0;0;0;0;0;0;0;0;0;0;0;0;0;0;0;0;0;0;0;0;0;0;0;0;0;3;0;1;0;2;2;1;2013-06-27 16:00:00;990;0;40;10;20;0;-1;1;-1;-1;-1;-1;-1;-1;1;0;0;2;1;2;-1;0;0;0;0;0;0;0;0;0;0;0;0;0;1;1;0;0;-1;-1;0;0;-1;-1;-1;-1;-1;-1;-1;-1;-1;10;20;50;60;100;30;60;100;30;9.5;0;4.8;2.6;Jelgava;Daugava Daugavpils;1;2.08;0.8;2.4;0.45;1.82;90;80;50;40;0;50;50;50;0;0;0;206;27;Y;Y;Y;N;N;N;N
62311;1094;1088;2013;complete;292;13;-1;4;7,88;1;2;3;5;9;14;6;2;3;1;0;0;3;4;3;7;6;11;12;19;52;48;3;1;0;0;0;0;0;0;0;0;0;0;0;0;0;0;0;0;0;0;0;0;0;0;0;0;0;0;0;0;0;0;0;0;0;0;0;0;0;0;0;0;0;0;0;0;0;0;0;0;0;0;0;0;0;0;0;0;0;0;0;0;0;0;0;0;0;0;0;0;3;1;1;0;1;1;2;2013-07-13 11:00:00;1088;0;24;9;24;0;-1;1;-1;-1;-1;-1;-1;-1;2;0;1;1;2;2;-1;0;0;0;0;0;0;0;0;1;0;1;0;0;1;1;1;1;-1;-1;0;0;-1;-1;-1;-1;-1;-1;-1;-1;-1;25;54;54;69;93;32;40;93;69;6.33;0.19;3.31;3.02;FC Jūrmala;Metta - LU;0.85;0.79;0.67;0.29;1.17;0.17;75;47;47;31;7;75;75;50;0;0;0;206;27;Y;Y;Y;N;N;N;Y
62312;1096;1086;2013;complete;292;13;-1;4,65;76;2;1;3;-1;-1;-1;-1;-1;3;2;0;0;-1;-1;-1;-1;-1;-1;-1;-1;-1;-1;3;2;0;0;0;0;0;0;0;0;0;0;0;0;0;0;0;0;0;0;0;0;0;0;0;0;0;0;0;0;0;0;0;0;0;0;0;0;0;0;0;0;0;0;0;0;0;0;0;0;0;0;0;0;0;0;0;0;0;0;0;0;0;0;0;0;0;0;0;0;3;1;0;1;1;2;1;2013-07-13 13:00:00;1096;0;74;47;35;0;-1;1;-1;-1;-1;-1;-1;-1;1;1;2;1;2;3;-1;0;0;0;0;0;0;0;0;0;0;0;0;0;1;1;1;0;-1;-1;0;0;-1;-1;-1;-1;-1;-1;-1;-1;-1;27;45;72;100;100;64;90;100;64;7;0;5.17;3.9;Ilūkstes NSS;Jelgava;0.29;0.71;0.2;0.17;0.36;0.42;74;55;29;0;0;50;50;0;0;0;0;206;27;Y;Y;Y;N;N;N;Y
62313;1093;1095;2013;complete;292;13;-1;3,12,45,63,90;;5;0;5;3;4;7;4;0;4;4;0;0;2;7;5;10;7;17;28;23;52;48;4;4;0;0;0;0;0;0;0;0;0;0;0;0;0;0;0;0;0;0;0;0;0;0;0;0;0;0;0;0;0;0;0;0;0;0;0;0;0;0;0;0;0;0;0;0;0;0;0;0;0;0;0;0;0;0;0;0;0;0;0;0;0;0;0;0;0;0;0;0;5;3;0;2;0;2;3;2013-07-14 13:00:00;1093;0;17;0;0;0;-1;1;-1;-1;-1;-1;-1;-1;3;2;1;2;5;3;-1;0;0;0;0;0;0;0;1;0;1;0;0;0;1;1;1;0;-1;-1;0;0;-1;-1;-1;-1;-1;-1;-1;-1;-1;17;27;52;69;76;45;69;69;32;5.67;0;4.63;2.4;Skonto;Daugava Rīga;2.07;2.07;2.2;2.43;2.45;2;83;73;49;32;25;17;17;17;0;0;0;206;27;Y;Y;Y;Y;Y;N;N
62314;1087;963;2013;complete;292;13;-1;5,9;52,59,69;2;3;5;3;6;9;3;5;3;1;0;0;2;2;6;11;8;13;15;16;50;50;3;1;0;0;0;0;0;0;0;0;0;0;0;0;0;0;0;0;0;0;0;0;0;0;0;0;0;0;0;0;0;0;0;0;0;0;0;0;0;0;0;0;0;0;0;0;0;0;0;0;0;0;0;0;0;0;0;0;0;0;0;0;0;0;0;0;0;0;0;0;5;2;0;0;3;3;2;2013-07-14 16:00:00;963;0;42;25;25;0;-1;1;-1;-1;-1;-1;-1;-1;0;0;3;1;0;4;-1;0;0;0;0;0;0;0;0;0;0;0;0;0;1;1;2;0;-1;-1;0;0;-1;-1;-1;-1;-1;-1;-1;-1;-1;7;32;59;66;93;35;72;66;32;6.67;1.43;4.63;2.63;Spartaks Jūrmala;Ventspils;0.64;2.38;1.14;1.8;1.67;2.27;93;69;42;35;7;50;34;34;0;0;0;206;27;Y;Y;Y;Y;Y;N;Y
62315;1095;1094;2013;complete;292;14;-1;36;;1;0;1;5;1;6;2;5;3;3;0;0;4;3;6;7;10;10;14;20;50;50;3;3;0;0;0;0;0;0;0;0;0;0;0;0;0;0;0;0;0;0;0;0;0;0;0;0;0;0;0;0;0;0;0;0;0;0;0;0;0;0;0;0;0;0;0;0;0;0;0;0;0;0;0;0;0;0;0;0;0;0;0;0;0;0;0;0;0;0;0;0;1;1;0;0;0;0;1;2013-07-26 16:00:00;1095;0;19;0;19;0;-1;1;-1;-1;-1;-1;-1;-1;2;2;1;1;4;2;-1;0;0;0;0;0;0;0;1;0;1;0;0;0;1;1;0;0;-1;-1;0;0;-1;-1;-1;-1;-1;-1;-1;-1;-1;0;10;37;54;82;10;55;72;37;9;0;4.8;1.82;Daugava Rīga;FC Jūrmala;1.46;1.07;1.4;1.67;1.85;1.08;100;90;64;47;19;50;50;50;0;0;0;206;27;Y;N;N;N;N;N;N
62316;1088;1096;2013;complete;292;14;-1;;;0;0;0;-1;-1;-1;-1;-1;0;2;0;0;-1;-1;-1;-1;-1;-1;-1;-1;-1;-1;0;2;0;0;0;0;0;0;0;0;0;0;0;0;0;0;0;0;0;0;0;0;0;0;0;0;0;0;0;0;0;0;0;0;0;0;0;0;0;0;0;0;0;0;0;0;0;0;0;0;0;0;0;0;0;0;0;0;0;0;0;0;0;0;0;0;0;0;0;0;0;0;0;0;0;0;0;2013-07-27 12:00:00;-1;0;55;0;35;0;-1;1;-1;-1;-1;-1;-1;-1;0;0;0;2;0;2;-1;0;0;0;0;0;0;0;0;0;0;0;0;0;1;1;0;0;-1;-1;0;0;-1;-1;-1;-1;-1;-1;-1;-1;-1;17;42;72;90;100;45;64;90;62;6;0;4.73;3.2;Metta - LU;Ilūkstes NSS;0.62;0.62;0;0.5;0.38;0.58;84;59;29;10;0;50;50;50;0;0;0;206;27;N;N;N;N;N;N;N
62317;963;1093;2013;complete;292;14;-1;;;0;0;0;3;5;8;0;2;4;3;0;0;7;4;6;1;13;5;22;24;53;47;4;3;0;0;0;0;0;0;0;0;0;0;0;0;0;0;0;0;0;0;0;0;0;0;0;0;0;0;0;0;0;0;0;0;0;0;0;0;0;0;0;0;0;0;0;0;0;0;0;0;0;0;0;0;0;0;0;0;0;0;0;0;0;0;0;0;0;0;0;0;0;0;0;0;0;0;0;2013-07-28 14:00:00;-1;0;42;34;17;0;-1;1;-1;-1;-1;-1;-1;-1;1;1;3;2;2;5;-1;0;0;0;0;0;0;0;0;0;0;0;0;0;1;1;0;0;-1;-1;0;0;-1;-1;-1;-1;-1;-1;-1;-1;-1;34;59;75;83;92;67;83;67;67;15.17;0;4.33;3.83;Ventspils;Skonto;2.57;2.54;2.67;2.67;2.33;2.5;67;42;25;17;9;59;42;42;0;0;0;206;27;N;N;N;N;N;N;N
62318;990;1087;2013;complete;292;14;-1;10,24,80;41,44;3;2;5;6;4;10;7;4;2;2;0;0;6;5;12;4;18;9;21;15;53;47;2;2;0;0;0;0;0;0;0;0;0;0;0;0;0;0;0;0;0;0;0;0;0;0;0;0;0;0;0;0;0;0;0;0;0;0;0;0;0;0;0;0;0;0;0;0;0;0;0;0;0;0;0;0;0;0;0;0;0;0;0;0;0;0;0;0;0;0;0;0;5;2;2;1;0;1;4;2013-07-28 16:00:00;990;0;45;19;27;0;-1;1;-1;-1;-1;-1;-1;-1;1;0;1;2;1;3;-1;0;0;0;0;0;0;0;0;0;0;0;0;0;1;1;1;0;-1;-1;0;0;-1;-1;-1;-1;-1;-1;-1;-1;-1;17;27;45;54;92;27;54;74;54;3;0;3.43;2.34;Daugava Daugavpils;Spartaks Jūrmala;1.79;1.23;1.33;2.4;1.92;1.54;84;74;55;47;9;0;0;0;0;0;0;206;27;Y;Y;Y;Y;Y;N;Y
62319;1086;1097;2013;complete;292;14;-1;6,20;20,45;2;2;4;6;8;14;1;1;2;0;0;0;9;4;5;7;14;11;22;16;50;50;2;0;0;0;0;0;0;0;0;0;0;0;0;0;0;0;0;0;0;0;0;0;0;0;0;0;0;0;0;0;0;0;0;0;0;0;0;0;0;0;0;0;0;0;0;0;0;0;0;0;0;0;0;0;0;0;0;0;0;0;0;0;0;0;0;0;0;0;0;0;4;2;2;0;0;0;4;2013-07-29 16:00:00;-1;0;67;34;46;0;-1;1;-1;-1;-1;-1;-1;-1;1;0;1;0;1;1;-1;0;0;0;0;0;0;0;0;0;0;0;0;0;1;1;1;0;-1;-1;0;0;-1;-1;-1;-1;-1;-1;-1;-1;-1;0;21;71;84;100;34;71;100;63;5.67;0;4.25;2.75;Jelgava;Liepājas Metalurgs;1;1.36;0.67;1.25;0.38;1.64;100;79;29;17;0;17;17;17;0;0;0;206;27;Y;Y;Y;Y;N;N;Y
62320;1088;1086;2013;complete;292;15;-1;;;0;0;0;9;8;17;2;5;2;3;0;0;3;8;7;9;10;17;13;16;49;51;2;3;0;0;0;0;0;0;0;0;0;0;0;0;0;0;0;0;0;0;0;0;0;0;0;0;0;0;0;0;0;0;0;0;0;0;0;0;0;0;0;0;0;0;0;0;0;0;0;0;0;0;0;0;0;0;0;0;0;0;0;0;0;0;0;0;0;0;0;0;0;0;0;0;0;0;0;2013-08-02 16:00:00;-1;0;61;15;37;0;-1;1;-1;-1;-1;-1;-1;-1;1;2;1;1;3;2;-1;0;0;0;0;0;0;0;0;0;0;0;0;0;1;1;0;0;-1;-1;0;0;-1;-1;-1;-1;-1;-1;-1;-1;-1;15;22;68;84;92;45;75;84;52;13;0;5;2.93;Metta - LU;Jelgava;0.62;0.71;0.17;0.14;0.43;0.43;86;79;32;17;9;100;100;50;0;0;0;206;27;N;N;N;N;N;N;N
62321;1093;990;2013;complete;292;15;-1;;;0;0;0;7;2;9;1;1;1;2;0;0;4;3;7;4;11;7;16;22;48;52;1;2;0;0;0;0;0;0;0;0;0;0;0;0;0;0;0;0;0;0;0;0;0;0;0;0;0;0;0;0;0;0;0;0;0;0;0;0;0;0;0;0;0;0;0;0;0;0;0;0;0;0;0;0;0;0;0;0;0;0;0;0;0;0;0;0;0;0;0;0;0;0;0;0;0;0;0;2013-08-03 14:00:00;-1;0;25;0;9;0;-1;1;-1;-1;-1;-1;-1;-1;0;1;1;1;1;2;-1;0;0;0;0;0;0;0;0;0;0;0;0;0;1;1;0;0;-1;-1;0;0;-1;-1;-1;-1;-1;-1;-1;-1;-1;25;34;59;75;92;50;75;92;33;11;0;5.5;3;Skonto;Daugava Daugavpils;2.07;2.08;2.33;2.5;2.38;2;75;67;42;25;9;50;50;50;0;0;0;206;27;N;N;N;N;N;N;N
62322;1096;1095;2013;complete;292;15;-1;11,83;19,44,73,78,90;2;5;7;-1;-1;-1;-1;-1;1;1;0;0;-1;-1;-1;-1;-1;-1;-1;-1;-1;-1;1;1;0;0;0;0;0;0;0;0;0;0;0;0;0;0;0;0;0;0;0;0;0;0;0;0;0;0;0;0;0;0;0;0;0;0;0;0;0;0;0;0;0;0;0;0;0;0;0;0;0;0;0;0;0;0;0;0;0;0;0;0;0;0;0;0;0;0;0;0;7;1;2;1;3;4;3;2013-08-04 14:00:00;1095;0;48;25;17;0;-1;1;-1;-1;-1;-1;-1;-1;1;0;0;1;1;1;-1;0;0;0;0;0;0;0;1;1;1;1;0;0;1;1;0;0;-1;-1;0;0;-1;-1;-1;-1;-1;-1;-1;-1;-1;21;29;59;82;88;44;73;82;59;5.25;0;4.8;3.03;Ilūkstes NSS;Daugava Rīga;0.29;2.07;0.67;2.13;0.62;1.93;79;71;42;19;13;13;13;13;0;0;0;206;27;Y;Y;Y;Y;Y;Y;Y
62323;1087;1097;2013;complete;292;15;-1;42;14,52;1;2;3;3;2;5;6;2;1;1;0;0;5;8;12;10;17;18;19;13;48;52;1;1;0;0;0;0;0;0;0;0;0;0;0;0;0;0;0;0;0;0;0;0;0;0;0;0;0;0;0;0;0;0;0;0;0;0;0;0;0;0;0;0;0;0;0;0;0;0;0;0;0;0;0;0;0;0;0;0;0;0;0;0;0;0;0;0;0;0;0;0;3;1;1;0;1;1;2;2013-08-04 16:00:00;1097;0;75;43;43;0;-1;1;-1;-1;-1;-1;-1;-1;1;1;0;0;2;0;-1;0;0;0;0;0;0;0;0;0;0;0;0;0;1;1;0;0;-1;-1;0;0;-1;-1;-1;-1;-1;-1;-1;-1;-1;13;45;72;88;94;49;65;78;55;8.25;0.55;4.7;3.17;Spartaks Jūrmala;Liepājas Metalurgs;0.64;1.36;1;1.2;1.43;1.58;88;55;29;13;7;75;50;50;0;0;0;206;27;Y;Y;Y;N;N;N;Y
62324;1086;1087;2013;complete;292;16;-1;79;61,90;1;2;3;6;3;9;3;2;1;1;0;0;5;4;7;7;12;11;17;9;48;52;1;1;0;0;0;0;0;0;0;0;0;0;0;0;0;0;0;0;0;0;0;0;0;0;0;0;0;0;0;0;0;0;0;0;0;0;0;0;0;0;0;0;0;0;0;0;0;0;0;0;0;0;0;0;0;0;0;0;0;0;0;0;0;0;0;0;0;0;0;0;3;0;0;1;2;3;0;2013-08-09 16:00:00;1087;0;47;31;16;0;-1;1;-1;-1;-1;-1;-1;-1;1;0;0;1;1;1;-1;0;0;0;0;0;0;0;0;0;0;0;0;0;1;1;0;0;-1;-1;0;0;-1;-1;-1;-1;-1;-1;-1;-1;-1;9;31;61;61;100;31;61;85;38;7.5;0.26;3.24;2.61;Jelgava;Spartaks Jūrmala;1;1.23;0.71;2;0.47;1.33;92;69;40;40;0;75;75;25;0;0;0;206;27;Y;Y;Y;N;N;N;Y
62325;1095;1088;2013;complete;292;16;-1;59;45;1;1;2;11;1;12;2;3;2;1;0;0;4;0;6;4;10;4;13;18;50;50;2;1;0;0;0;0;0;0;0;0;0;0;0;0;0;0;0;0;0;0;0;0;0;0;0;0;0;0;0;0;0;0;0;0;0;0;0;0;0;0;0;0;0;0;0;0;0;0;0;0;0;0;0;0;0;0;0;0;0;0;0;0;0;0;0;0;0;0;0;0;2;0;1;1;0;1;1;2013-08-09 16:00:00;-1;0;21;7;15;0;-1;1;-1;-1;-1;-1;-1;-1;1;0;1;1;1;2;-1;0;0;0;0;0;0;0;0;1;0;1;0;0;1;1;0;0;-1;-1;0;0;-1;-1;-1;-1;-1;-1;-1;-1;-1;0;34;48;54;86;21;53;69;48;12;0.46;4.83;2.21;Daugava Rīga;Metta - LU;1.46;0.79;1.67;0.63;2;0.47;100;67;53;46;15;75;75;75;0;0;0;206;27;Y;Y;N;N;N;N;Y
62326;1097;1093;2013;complete;292;16;-1;;47,66,69,75,89;0;5;5;4;4;8;0;4;2;3;1;0;3;7;3;11;6;18;16;11;47;53;4;3;0;0;0;0;0;0;0;0;0;0;0;0;0;0;0;0;0;0;0;0;0;0;0;0;0;0;0;0;0;0;0;0;0;0;0;0;0;0;0;0;0;0;0;0;0;0;0;0;0;0;0;0;0;0;0;0;0;0;0;0;0;0;0;0;0;0;0;0;5;0;0;0;5;5;0;2013-08-10 11:00:00;1093;0;36;22;15;0;-1;1;-1;-1;-1;-1;-1;-1;1;1;2;2;2;4;-1;0;0;0;0;0;0;0;0;0;0;0;0;0;1;1;0;0;-1;-1;0;1;-1;-1;-1;-1;-1;-1;-1;-1;-1;22;36;57;79;79;50;71;57;43;13.67;1.71;6.14;2.93;Liepājas Metalurgs;Skonto;1.62;2.54;1.86;2.43;1.69;2.29;79;64;43;22;22;42;29;29;0;0;0;206;27;Y;Y;Y;Y;Y;N;N
62327;990;1094;2013;complete;292;16;-1;79;;1;0;1;12;1;13;6;3;4;3;0;0;7;5;7;3;14;8;20;23;48;52;4;3;0;0;0;0;0;0;0;0;0;0;0;0;0;0;0;0;0;0;0;0;0;0;0;0;0;0;0;0;0;0;0;0;0;0;0;0;0;0;0;0;0;0;0;0;0;0;0;0;0;0;0;0;0;0;0;0;0;0;0;0;0;0;0;0;0;0;0;0;1;0;0;1;0;1;0;2013-08-10 16:00:00;990;0;36;15;22;0;-1;1;-1;-1;-1;-1;-1;-1;1;1;3;2;2;5;-1;0;0;0;0;0;0;0;0;0;0;0;0;0;1;1;0;0;-1;-1;0;0;-1;-1;-1;-1;-1;-1;-1;-1;-1;22;22;43;64;86;22;64;71;43;5.5;0.86;4;2.36;Daugava Daugavpils;FC Jūrmala;1.79;1.07;1.57;1.43;1.93;1;79;79;57;36;14;25;25;0;0;0;0;206;27;Y;N;N;N;N;N;N
62328;963;1096;2013;complete;292;16;-1;20,41,60,87;4;4;1;5;-1;-1;-1;-1;-1;0;3;0;0;-1;-1;-1;-1;-1;-1;-1;-1;-1;-1;0;3;0;0;0;0;0;0;0;0;0;0;0;0;0;0;0;0;0;0;0;0;0;0;0;0;0;0;0;0;0;0;0;0;0;0;0;0;0;0;0;0;0;0;0;0;0;0;0;0;0;0;0;0;0;0;0;0;0;0;0;0;0;0;0;0;0;0;0;0;5;2;1;2;0;2;3;2013-08-13 15:00:00;963;0;36;7;36;0;-1;1;-1;-1;-1;-1;-1;-1;0;2;0;1;2;1;-1;0;0;0;0;0;0;0;2;0;2;0;0;0;1;1;0;1;-1;-1;0;0;-1;-1;-1;-1;-1;-1;-1;-1;-1;22;64;71;79;86;43;64;79;71;6;0;3.58;3.36;Ventspils;Ilūkstes NSS;2.57;0.62;2.43;0.57;2.23;0.57;79;36;29;22;14;17;17;17;0;0;0;206;27;Y;Y;Y;Y;Y;N;Y
62329;1095;1086;2013;complete;292;17;-1;17;;1;0;1;1;4;5;6;3;1;3;0;1;0;0;7;5;7;5;14;21;52;48;1;4;0;0;0;0;0;0;0;0;0;0;0;0;0;0;0;0;0;0;0;0;0;0;0;0;0;0;0;0;0;0;0;0;0;0;0;0;0;0;0;0;0;0;0;0;0;0;0;0;0;0;0;0;0;0;0;0;0;0;0;0;0;0;0;0;0;0;0;0;1;1;0;0;0;0;1;2013-08-16 16:00:00;1095;0;46;13;32;0;-1;1;-1;-1;-1;-1;-1;-1;1;0;0;4;1;4;-1;0;0;0;0;0;0;0;0;0;0;0;0;0;1;1;0;0;-1;-1;0;0;-1;-1;-1;-1;-1;-1;-1;-1;-1;13;26;52;66;87;32;80;73;46;15.5;0.82;5.71;2.55;Daugava Rīga;Jelgava;1.46;0.71;1.57;0.25;1.94;0.44;88;75;48;35;14;84;84;59;0;0;0;206;27;Y;N;N;N;N;N;N
62330;1088;963;2013;complete;292;17;-1;;39,69;0;2;2;2;11;13;1;1;4;1;0;0;5;7;2;11;7;18;23;9;49;51;4;1;0;0;0;0;0;0;0;0;0;0;0;0;0;0;0;0;0;0;0;0;0;0;0;0;0;0;0;0;0;0;0;0;0;0;0;0;0;0;0;0;0;0;0;0;0;0;0;0;0;0;0;0;0;0;0;0;0;0;0;0;0;0;0;0;0;0;0;0;2;0;1;0;1;1;1;2013-08-17 13:00:00;963;0;47;9;16;0;-1;1;-1;-1;-1;-1;-1;-1;1;1;3;0;2;3;-1;0;0;0;0;0;0;0;0;0;0;0;0;0;1;1;0;0;-1;-1;0;0;-1;-1;-1;-1;-1;-1;-1;-1;-1;9;17;55;62;86;40;72;62;31;12.17;1.38;4;2.27;Metta - LU;Ventspils;0.62;2.38;0.29;2;0.5;2.29;92;84;45;38;15;67;50;50;0;0;0;206;27;Y;Y;N;N;N;N;N
62331;1093;1087;2013;complete;292;17;-1;38,75,89;5;3;1;4;4;2;6;5;0;3;4;0;1;6;2;8;8;14;10;14;14;49;51;3;5;0;0;0;0;0;0;0;0;0;0;0;0;0;0;0;0;0;0;0;0;0;0;0;0;0;0;0;0;0;0;0;0;0;0;0;0;0;0;0;0;0;0;0;0;0;0;0;0;0;0;0;0;0;0;0;0;0;0;0;0;0;0;0;0;0;0;0;0;4;1;1;2;0;2;2;2013-08-18 13:00:00;1093;0;36;15;15;0;-1;1;-1;-1;-1;-1;-1;-1;1;2;2;3;3;5;-1;0;0;0;0;0;0;0;0;0;0;0;0;0;1;1;0;1;-1;-1;0;0;-1;-1;-1;-1;-1;-1;-1;-1;-1;22;36;57;64;86;43;57;79;36;8.5;0.14;3.86;2.64;Skonto;Spartaks Jūrmala;2.07;1.23;2.14;2.14;2.33;1.44;79;64;43;36;15;75;25;0;0;0;0;206;27;Y;Y;Y;Y;N;N;Y
62332;1096;990;2013;complete;292;17;-1;;2,73;0;2;2;-1;-1;-1;-1;-1;1;1;0;0;-1;-1;-1;-1;-1;-1;-1;-1;-1;-1;1;1;0;0;0;0;0;0;0;0;0;0;0;0;0;0;0;0;0;0;0;0;0;0;0;0;0;0;0;0;0;0;0;0;0;0;0;0;0;0;0;0;0;0;0;0;0;0;0;0;0;0;0;0;0;0;0;0;0;0;0;0;0;0;0;0;0;0;0;0;2;0;1;0;1;1;1;2013-08-18 15:00:00;990;0;58;29;29;0;-1;1;-1;-1;-1;-1;-1;-1;0;0;1;1;0;2;-1;0;0;0;0;0;0;0;0;1;0;1;0;0;1;1;0;1;-1;-1;0;0;-1;-1;-1;-1;-1;-1;-1;-1;-1;22;29;57;79;93;43;72;93;50;6;0;4.86;3.29;Ilūkstes NSS;Daugava Daugavpils;0.29;2.08;0.57;2.29;0.53;2;79;72;43;22;7;50;34;34;0;0;0;206;27;Y;Y;N;N;N;N;N
62333;1094;1097;2013;complete;292;17;-1;41,72,78;69;3;1;4;3;3;6;7;1;1;1;0;0;4;0;7;4;11;4;11;12;48;52;1;1;0;0;0;0;0;0;0;0;0;0;0;0;0;0;0;0;0;0;0;0;0;0;0;0;0;0;0;0;0;0;0;0;0;0;0;0;0;0;0;0;0;0;0;0;0;0;0;0;0;0;0;0;0;0;0;0;0;0;0;0;0;0;0;0;0;0;0;0;4;1;0;2;1;3;1;2013-08-18 15:00:00;1094;0;72;48;40;0;-1;1;-1;-1;-1;-1;-1;-1;1;0;0;1;1;1;-1;0;0;0;0;0;0;0;0;0;0;0;0;0;1;1;0;0;-1;-1;0;0;-1;-1;-1;-1;-1;-1;-1;-1;-1;22;38;70;86;100;62;70;92;54;7.33;1.31;3.43;3.23;FC Jūrmala;Liepājas Metalurgs;0.85;1.36;0.57;1.5;0.93;1.57;79;62;30;15;0;50;50;33;0;0;0;206;27;Y;Y;Y;Y;N;N;Y
62334;1093;1097;2013;complete;292;8;-1;16,35;;2;0;2;9;2;11;0;0;0;2;0;0;12;2;8;11;20;13;15;16;51;49;0;2;0;0;0;0;0;0;0;0;0;0;0;0;0;0;0;0;0;0;0;0;0;0;0;0;0;0;0;0;0;0;0;0;0;0;0;0;0;0;0;0;0;0;0;0;0;0;0;0;0;0;0;0;0;0;0;0;0;0;0;0;0;0;0;0;0;0;0;0;2;2;0;0;0;0;2;2013-08-21 15:00:00;1093;0;63;35;29;0;-1;1;-1;-1;-1;-1;-1;-1;0;2;0;0;2;0;-1;0;0;0;0;0;0;0;0;0;0;0;0;0;1;1;0;0;-1;-1;0;0;-1;-1;-1;-1;-1;-1;-1;-1;-1;13;47;75;88;88;60;81;81;48;8.67;0.92;4.24;3.09;Skonto;Liepājas Metalurgs;2.07;1.36;2.25;1.29;2.38;1.47;88;54;26;13;13;29;13;13;0;0;0;206;27;Y;Y;N;N;N;N;N
62335;990;1088;2013;complete;292;18;-1;69,75,88;;3;0;3;11;3;14;2;6;2;2;0;0;10;5;8;3;18;8;13;13;49;51;2;2;0;0;0;0;0;0;0;0;0;0;0;0;0;0;0;0;0;0;0;0;0;0;0;0;0;0;0;0;0;0;0;0;0;0;0;0;0;0;0;0;0;0;0;0;0;0;0;0;0;0;0;0;0;0;0;0;0;0;0;0;0;0;0;0;0;0;0;0;3;0;0;3;0;3;0;2013-08-23 15:00:00;990;0;42;18;18;0;-1;1;-1;-1;-1;-1;-1;-1;1;0;1;2;1;3;-1;0;0;0;0;0;0;0;0;0;0;0;0;0;1;1;0;0;-1;-1;0;0;-1;-1;-1;-1;-1;-1;-1;-1;-1;19;41;53;71;89;30;54;82;53;11.6;1.57;4.02;2.71;Daugava Daugavpils;Metta - LU;1.79;0.79;1.75;0.67;2.06;0.47;82;60;47;30;12;84;84;67;0;0;0;206;27;Y;Y;Y;N;N;N;N
62336;963;1095;2013;complete;292;18;-1;44,52;49;2;1;3;6;7;13;3;2;0;3;0;0;7;7;4;7;11;14;20;13;48;52;0;3;0;0;0;0;0;0;0;0;0;0;0;0;0;0;0;0;0;0;0;0;0;0;0;0;0;0;0;0;0;0;0;0;0;0;0;0;0;0;0;0;0;0;0;0;0;0;0;0;0;0;0;0;0;0;0;0;0;0;0;0;0;0;0;0;0;0;0;0;3;1;0;1;1;2;1;2013-08-24 14:00:00;963;0;30;18;18;0;-1;1;-1;-1;-1;-1;-1;-1;0;1;0;2;1;2;-1;0;0;0;0;0;0;0;0;0;0;0;0;0;1;1;0;0;-1;-1;0;0;-1;-1;-1;-1;-1;-1;-1;-1;-1;29;48;66;71;83;47;71;71;66;11.25;0;3.57;3.2;Ventspils;Daugava Rīga;2.57;2.07;2.5;2.22;2.33;2;71;53;35;29;18;29;29;29;0;0;0;206;27;Y;Y;Y;N;N;N;Y
62337;1086;1093;2013;complete;292;18;-1;;33,48,53;0;3;3;3;2;5;0;4;3;1;0;0;3;2;4;4;7;6;24;29;50;50;3;1;0;0;0;0;0;0;0;0;0;0;0;0;0;0;0;0;0;0;0;0;0;0;0;0;0;0;0;0;0;0;0;0;0;0;0;0;0;0;0;0;0;0;0;0;0;0;0;0;0;0;0;0;0;0;0;0;0;0;0;0;0;0;0;0;0;0;0;0;3;0;1;0;2;2;1;2013-08-25 12:00:00;1093;0;44;32;13;0;-1;1;-1;-1;-1;-1;-1;-1;0;1;3;0;1;3;-1;0;0;0;0;0;0;0;0;0;0;0;0;0;1;1;0;0;-1;-1;0;0;-1;-1;-1;-1;-1;-1;-1;-1;-1;25;38;69;75;88;44;63;69;50;10.4;1.75;4.88;3.13;Jelgava;Skonto;1;2.54;0.63;2.5;0.41;2.41;75;63;32;25;13;50;30;30;0;0;0;206;27;Y;Y;Y;N;N;N;N
62338;1087;1094;2013;complete;292;18;-1;;;0;0;0;5;10;15;4;5;3;2;0;0;3;5;7;6;10;11;17;18;48;52;3;2;0;0;0;0;0;0;0;0;0;0;0;0;0;0;0;0;0;0;0;0;0;0;0;0;0;0;0;0;0;0;0;0;0;0;0;0;0;0;0;0;0;0;0;0;0;0;0;0;0;0;0;0;0;0;0;0;0;0;0;0;0;0;0;0;0;0;0;0;0;0;0;0;0;0;0;2013-08-25 15:00:00;-1;0;35;17;18;0;-1;1;-1;-1;-1;-1;-1;-1;2;2;1;0;4;1;-1;0;0;0;0;0;0;0;0;0;0;0;0;0;1;1;0;0;-1;-1;0;0;-1;-1;-1;-1;-1;-1;-1;-1;-1;11;22;46;64;89;22;53;77;35;3.8;2.08;4.58;2.37;Spartaks Jūrmala;FC Jūrmala;0.64;1.07;0.89;1.25;1.35;1.06;89;78;54;36;12;57;37;37;0;0;0;206;27;N;N;N;N;N;N;N
62339;1096;1097;2013;complete;292;18;-1;59;9,78,90;1;3;4;-1;-1;-1;-1;-1;-1;-1;-1;-1;-1;-1;-1;-1;-1;-1;-1;-1;-1;-1;-1;-1;0;0;0;0;0;0;0;0;0;0;0;0;0;0;0;0;0;0;0;0;0;0;0;0;0;0;0;0;0;0;0;0;0;0;0;0;0;0;0;0;0;0;0;0;0;0;0;0;0;0;0;0;0;0;0;0;0;0;0;0;0;0;0;0;0;0;0;0;4;0;1;1;2;3;1;2013-08-26 15:00:00;1097;0;82;50;44;0;-1;-1;-1;-1;-1;-1;-1;-1;-1;-1;-1;-1;-1;-1;-1;0;0;0;0;0;0;0;0;0;0;0;0;0;1;1;0;1;-1;-1;-1;-1;-1;-1;-1;-1;-1;-1;-1;-1;-1;13;38;69;100;100;57;88;88;57;3.6;0;3.76;3.51;Ilūkstes NSS;Liepājas Metalurgs;0.29;1.36;0.5;1.13;0.5;1.38;88;63;32;0;0;20;20;20;0;0;0;206;27;Y;Y;Y;Y;N;N;Y
62340;963;1086;2013;complete;292;19;-1;51,90;;2;0;2;10;4;14;4;3;2;2;0;0;7;2;10;5;17;7;9;11;49;51;2;2;0;0;0;0;0;0;0;0;0;0;0;0;0;0;0;0;0;0;0;0;0;0;0;0;0;0;0;0;0;0;0;0;0;0;0;0;0;0;0;0;0;0;0;0;0;0;0;0;0;0;0;0;0;0;0;0;0;0;0;0;0;0;0;0;0;0;0;0;2;0;0;2;0;2;0;2013-08-30 14:00:00;963;0;50;22;39;0;-1;1;-1;-1;-1;-1;-1;-1;2;1;0;1;3;1;-1;0;0;0;0;0;0;0;1;0;1;0;0;0;1;1;0;0;-1;-1;0;0;-1;-1;-1;-1;-1;-1;-1;-1;-1;22;45;73;78;89;44;84;78;67;12.33;0.56;4.11;3.28;Ventspils;Jelgava;2.57;0.71;2.56;0.22;2.38;0.39;78;56;28;22;11;59;59;42;0;0;0;206;27;Y;Y;N;N;N;N;N
62341;990;1095;2013;complete;292;19;-1;;54;0;1;1;3;3;6;3;1;3;2;0;0;3;4;8;4;11;8;18;15;51;49;3;2;0;0;0;0;0;0;0;0;0;0;0;0;0;0;0;0;0;0;0;0;0;0;0;0;0;0;0;0;0;0;0;0;0;0;0;0;0;0;0;0;0;0;0;0;0;0;0;0;0;0;0;0;0;0;0;0;0;0;0;0;0;0;0;0;0;0;0;0;1;0;0;0;1;1;0;2013-08-30 15:00:00;1095;0;37;16;21;0;-1;1;-1;-1;-1;-1;-1;-1;1;1;2;1;2;3;-1;0;0;0;0;0;0;0;0;0;0;0;0;0;1;1;0;0;-1;-1;0;0;-1;-1;-1;-1;-1;-1;-1;-1;-1;32;32;58;69;85;37;63;74;58;13.6;1.32;4.61;2.84;Daugava Daugavpils;Daugava Rīga;1.79;2.07;1.89;2;2.12;1.89;69;69;42;32;16;58;58;45;0;0;0;206;27;Y;N;N;N;N;N;N
62342;1088;1097;2013;complete;292;19;-1;;39,56,77;0;3;3;8;6;14;0;6;2;1;0;0;7;5;3;7;10;12;13;11;52;48;2;1;0;0;0;0;0;0;0;0;0;0;0;0;0;0;0;0;0;0;0;0;0;0;0;0;0;0;0;0;0;0;0;0;0;0;0;0;0;0;0;0;0;0;0;0;0;0;0;0;0;0;0;0;0;0;0;0;0;0;0;0;0;0;0;0;0;0;0;0;3;0;1;0;2;2;1;2013-08-31 11:00:00;1097;0;64;22;35;0;-1;1;-1;-1;-1;-1;-1;-1;1;0;1;1;1;2;-1;0;0;0;0;0;0;0;0;0;0;0;0;0;1;1;0;0;-1;-1;0;0;-1;-1;-1;-1;-1;-1;-1;-1;-1;0;22;58;82;88;41;70;71;41;9.27;0;4.13;2.49;Metta - LU;Liepājas Metalurgs;0.62;1.36;0.25;1.33;0.44;1.47;100;78;43;19;13;70;70;70;0;0;0;206;27;Y;Y;Y;N;N;N;N
62343;1087;1096;2013;complete;292;19;-1;16,76;9,21,23,26;2;4;6;-1;-1;-1;-1;-1;2;4;1;0;-1;-1;-1;-1;-1;-1;-1;-1;-1;-1;4;4;0;0;0;0;0;0;0;0;0;0;0;0;0;0;0;0;0;0;0;0;0;0;0;0;0;0;0;0;0;0;0;0;0;0;0;0;0;0;0;0;0;0;0;0;0;0;0;0;0;0;0;0;0;0;0;0;0;0;0;0;0;0;0;0;0;0;0;0;6;1;4;1;0;1;5;2013-08-31 12:00:00;1096;0;50;22;29;0;-1;1;-1;-1;-1;-1;-1;-1;2;1;1;3;3;4;-1;0;0;0;0;0;0;0;0;0;0;0;0;0;1;1;0;1;-1;-1;0;0;-1;-1;-1;-1;-1;-1;-1;-1;-1;29;58;68;79;84;45;57;79;58;3.17;0.6;4.78;3.22;Spartaks Jūrmala;Ilūkstes NSS;0.64;0.62;0.9;0.5;1.33;0.47;72;43;33;22;17;42;25;25;0;0;0;206;27;Y;Y;Y;Y;Y;Y;Y
62344;1093;1094;2013;complete;292;19;-1;34,45,58,68,72;;5;0;5;11;3;14;2;0;1;1;0;0;9;2;15;2;24;4;18;7;51;49;1;1;0;0;0;0;0;0;0;0;0;0;0;0;0;0;0;0;0;0;0;0;0;0;0;0;0;0;0;0;0;0;0;0;0;0;0;0;0;0;0;0;0;0;0;0;0;0;0;0;0;0;0;0;0;0;0;0;0;0;0;0;0;0;0;0;0;0;0;0;5;2;0;3;0;3;2;2013-08-31 15:00:00;1093;0;17;6;6;0;-1;1;-1;-1;-1;-1;-1;-1;0;0;1;1;0;2;-1;0;0;0;0;0;0;0;0;0;0;0;0;0;1;1;0;0;-1;-1;0;0;-1;-1;-1;-1;-1;-1;-1;-1;-1;11;22;39;61;78;34;61;67;28;9;1.78;4.33;2.11;Skonto;FC Jūrmala;2.07;1.07;2.33;1.22;2.44;1.06;89;78;61;39;22;50;38;38;0;0;0;206;27;Y;Y;Y;Y;Y;N;N
62345;1088;1087;2013;complete;292;20;-1;40,64;;2;0;2;5;6;11;3;1;2;3;0;0;2;9;7;9;9;18;12;15;49;51;2;3;0;0;0;0;0;0;0;0;0;0;0;0;0;0;0;0;0;0;0;0;0;0;0;0;0;0;0;0;0;0;0;0;0;0;0;0;0;0;0;0;0;0;0;0;0;0;0;0;0;0;0;0;0;0;0;0;0;0;0;0;0;0;0;0;0;0;0;0;2;1;0;1;0;1;1;2013-09-13 16:00:00;1088;0;48;19;18;0;-1;1;-1;-1;-1;-1;-1;-1;1;1;1;2;2;3;-1;0;0;0;0;0;0;0;0;0;0;0;0;0;1;1;0;0;-1;-1;0;0;-1;-1;-1;-1;-1;-1;-1;-1;-1;7;19;54;65;89;30;53;78;42;9.25;0.02;4.22;2.32;Metta - LU;Spartaks Jūrmala;0.62;1.23;0.22;1.88;0.42;1.26;94;82;47;36;11;84;67;50;0;0;0;206;27;Y;Y;N;N;N;N;N
62346;1086;1094;2013;complete;292;20;-1;48,90;81,89;2;2;4;6;7;13;3;6;0;3;0;0;7;3;4;1;11;4;17;9;52;48;0;3;0;0;0;0;0;0;0;0;0;0;0;0;0;0;0;0;0;0;0;0;0;0;0;0;0;0;0;0;0;0;0;0;0;0;0;0;0;0;0;0;0;0;0;0;0;0;0;0;0;0;0;0;0;0;0;0;0;0;0;0;0;0;0;0;0;0;0;0;4;0;0;2;2;4;0;2013-09-14 11:00:00;-1;0;27;11;16;0;-1;1;-1;-1;-1;-1;-1;-1;0;1;0;2;1;2;-1;0;0;0;0;0;0;0;0;0;0;0;0;0;1;1;0;0;-1;-1;0;0;-1;-1;-1;-1;-1;-1;-1;-1;-1;5;16;54;64;90;16;59;80;43;7.03;1.77;3.77;2.29;Jelgava;FC Jūrmala;1;1.07;0.56;1.1;0.37;1;95;84;46;36;10;55;47;47;0;0;0;206;27;Y;Y;Y;Y;N;N;Y
62347;963;990;2013;complete;292;20;-1;;;0;0;0;5;1;6;1;2;1;1;0;0;7;5;8;3;15;8;12;10;49;51;1;1;0;0;0;0;0;0;0;0;0;0;0;0;0;0;0;0;0;0;0;0;0;0;0;0;0;0;0;0;0;0;0;0;0;0;0;0;0;0;0;0;0;0;0;0;0;0;0;0;0;0;0;0;0;0;0;0;0;0;0;0;0;0;0;0;0;0;0;0;0;0;0;0;0;0;0;2013-09-15 10:00:00;-1;0;33;10;22;0;-1;1;-1;-1;-1;-1;-1;-1;0;0;1;1;0;2;-1;0;0;0;0;0;0;0;0;0;0;0;0;0;1;1;0;0;-1;-1;0;0;-1;-1;-1;-1;-1;-1;-1;-1;-1;17;32;54;72;89;33;67;84;53;12.8;0.4;3.73;2.84;Ventspils;Daugava Daugavpils;2.57;2.08;2.6;2.38;2.41;2;84;69;47;29;12;80;64;64;0;0;0;206;27;N;N;N;N;N;N;N
62348;1096;1093;2013;complete;292;20;-1;;26,75;0;2;2;-1;-1;-1;-1;-1;2;3;0;0;-1;-1;-1;-1;-1;-1;-1;-1;-1;-1;2;3;0;0;0;0;0;0;0;0;0;0;0;0;0;0;0;0;0;0;0;0;0;0;0;0;0;0;0;0;0;0;0;0;0;0;0;0;0;0;0;0;0;0;0;0;0;0;0;0;0;0;0;0;0;0;0;0;0;0;0;0;0;0;0;0;0;0;0;0;2;0;1;0;1;1;1;2013-09-15 12:00:00;1093;0;56;39;22;0;-1;1;-1;-1;-1;-1;-1;-1;1;1;1;2;2;3;-1;0;0;0;0;0;0;0;0;0;0;0;0;0;1;1;0;0;-1;-1;0;0;-1;-1;-1;-1;-1;-1;-1;-1;-1;33;44;67;89;89;50;78;78;62;5.67;0.33;4.99;3.67;Ilūkstes NSS;Skonto;0.29;2.54;0.44;2.56;0.61;2.47;67;56;33;11;11;17;9;9;0;0;0;206;27;Y;Y;N;N;N;N;N
62349;1095;1097;2013;complete;292;20;-1;17,78;7,80;2;2;4;4;1;5;2;0;3;2;0;1;8;3;7;3;15;6;15;13;50;50;3;4;0;0;0;0;0;0;0;0;0;0;0;0;0;0;0;0;0;0;0;0;0;0;0;0;0;0;0;0;0;0;0;0;0;0;0;0;0;0;0;0;0;0;0;0;0;0;0;0;0;0;0;0;0;0;0;0;0;0;0;0;0;0;0;0;0;0;0;0;4;1;1;1;1;2;2;2013-09-16 16:00:00;-1;0;53;20;32;0;-1;1;-1;-1;-1;-1;-1;-1;0;1;3;2;1;5;-1;0;0;0;0;0;0;0;1;0;1;0;0;0;1;1;0;1;-1;-1;0;0;-1;-1;-1;-1;-1;-1;-1;-1;-1;0;27;53;69;94;32;83;65;43;10.25;1.95;4.28;2.42;Daugava Rīga;Liepājas Metalurgs;1.46;1.36;1.75;1.5;1.95;1.56;100;74;48;32;7;50;50;50;0;0;0;206;27;Y;Y;Y;Y;N;N;Y
62350;1093;1088;2013;complete;292;21;-1;25,58;62,66;2;2;4;9;2;11;6;1;1;1;0;0;5;3;7;5;12;8;20;6;47;53;1;1;0;0;0;0;0;0;0;0;0;0;0;0;0;0;0;0;0;0;0;0;0;0;0;0;0;0;0;0;0;0;0;0;0;0;0;0;0;0;0;0;0;0;0;0;0;0;0;0;0;0;0;0;0;0;0;0;0;0;0;0;0;0;0;0;0;0;0;0;4;1;0;1;2;3;1;2013-09-20 16:00:00;-1;0;25;10;5;0;-1;1;-1;-1;-1;-1;-1;-1;1;0;0;1;1;1;-1;0;0;0;0;0;0;0;0;0;0;0;0;0;1;1;0;0;-1;-1;0;0;-1;-1;-1;-1;-1;-1;-1;-1;-1;15;45;60;80;85;45;60;80;50;11.13;1.7;3.9;2.85;Skonto;Metta - LU;2.07;0.79;2.4;0.6;2.5;0.55;85;55;40;20;15;80;70;70;0;0;0;206;27;Y;Y;Y;Y;N;N;Y
62351;1097;963;2013;complete;292;21;-1;;12;0;1;1;4;9;13;0;4;0;2;0;0;2;8;2;10;4;18;15;15;50;50;0;2;0;0;0;0;0;0;0;0;0;0;0;0;0;0;0;0;0;0;0;0;0;0;0;0;0;0;0;0;0;0;0;0;0;0;0;0;0;0;0;0;0;0;0;0;0;0;0;0;0;0;0;0;0;0;0;0;0;0;0;0;0;0;0;0;0;0;0;0;1;0;1;0;0;0;1;2013-09-21 11:00:00;963;0;34;7;20;0;-1;1;-1;-1;-1;-1;-1;-1;0;0;0;2;0;2;-1;0;0;0;0;0;0;0;0;0;0;0;0;0;1;1;0;0;-1;-1;0;0;-1;-1;-1;-1;-1;-1;-1;-1;-1;14;34;60;80;94;34;82;73;40;12.25;2.57;4.74;2.8;Liepājas Metalurgs;Ventspils;1.62;2.38;1.63;2.14;1.53;2.33;87;67;41;21;7;38;25;25;0;0;0;206;27;Y;N;N;N;N;N;N
62352;1094;1096;2013;complete;292;21;-1;;;0;0;0;-1;-1;-1;-1;-1;3;1;1;0;-1;-1;-1;-1;-1;-1;-1;-1;-1;-1;4;1;0;0;0;0;0;0;0;0;0;0;0;0;0;0;0;0;0;0;0;0;0;0;0;0;0;0;0;0;0;0;0;0;0;0;0;0;0;0;0;0;0;0;0;0;0;0;0;0;0;0;0;0;0;0;0;0;0;0;0;0;0;0;0;0;0;0;0;0;0;0;0;0;0;0;0;2013-09-21 13:00:00;-1;0;53;24;36;0;-1;1;-1;-1;-1;-1;-1;-1;2;0;2;1;2;3;-1;0;0;0;0;0;0;0;0;0;0;0;0;0;1;1;0;0;-1;-1;0;0;-1;-1;-1;-1;-1;-1;-1;-1;-1;41;64;71;82;95;53;65;95;65;3;0.88;3.94;3.64;FC Jūrmala;Ilūkstes NSS;0.85;0.62;0.88;0.78;1;0.58;60;36;30;18;6;25;25;13;0;0;0;206;27;N;N;N;N;N;N;N
62353;990;1086;2013;complete;292;21;-1;;;0;0;0;12;5;17;4;4;1;2;0;0;9;4;6;3;15;7;16;17;51;49;1;2;0;0;0;0;0;0;0;0;0;0;0;0;0;0;0;0;0;0;0;0;0;0;0;0;0;0;0;0;0;0;0;0;0;0;0;0;0;0;0;0;0;0;0;0;0;0;0;0;0;0;0;0;0;0;0;0;0;0;0;0;0;0;0;0;0;0;0;0;0;0;0;0;0;0;0;2013-09-22 10:00:00;-1;0;45;20;30;0;-1;1;-1;-1;-1;-1;-1;-1;0;0;1;2;0;3;-1;0;0;0;0;0;0;0;0;0;0;0;0;0;1;1;0;0;-1;-1;0;0;-1;-1;-1;-1;-1;-1;-1;-1;-1;25;30;55;70;90;35;65;80;55;12.75;2.2;5.2;2.8;Daugava Daugavpils;Jelgava;1.79;0.71;1.7;0.2;1.95;0.4;75;70;45;30;10;68;68;45;0;0;0;206;27;N;N;N;N;N;N;N
62354;1095;1087;2013;complete;292;21;-1;;;0;0;0;10;0;10;2;0;0;1;0;0;6;2;11;6;17;8;10;16;50;50;0;1;0;0;0;0;0;0;0;0;0;0;0;0;0;0;0;0;0;0;0;0;0;0;0;0;0;0;0;0;0;0;0;0;0;0;0;0;0;0;0;0;0;0;0;0;0;0;0;0;0;0;0;0;0;0;0;0;0;0;0;0;0;0;0;0;0;0;0;0;0;0;0;0;0;0;0;2013-09-22 16:00:00;-1;0;45;22;22;0;-1;1;-1;-1;-1;-1;-1;-1;0;0;0;1;0;1;-1;0;0;0;0;0;0;0;0;0;0;0;0;0;1;1;0;0;-1;-1;0;0;-1;-1;-1;-1;-1;-1;-1;-1;-1;6;28;45;56;95;28;67;73;39;9.55;1.55;4.67;2.28;Daugava Rīga;Spartaks Jūrmala;1.46;1.23;1.67;1.67;1.9;1.2;95;73;56;45;6;58;45;33;0;0;0;206;27;N;N;N;N;N;N;N
62355;1094;963;2013;complete;292;15;-1;;20,75;0;2;2;0;9;9;0;6;0;0;0;0;0;9;4;14;4;23;9;13;47;53;0;0;0;0;0;0;0;0;0;0;0;0;0;0;0;0;0;0;0;0;0;0;0;0;0;0;0;0;0;0;0;0;0;0;0;0;0;0;0;0;0;0;0;0;0;0;0;0;0;0;0;0;0;0;0;0;0;0;0;0;0;0;0;0;0;0;0;0;0;0;2;0;1;0;1;1;1;2013-09-25 12:00:00;963;0;41;18;23;0;-1;-1;-1;-1;-1;-1;-1;-1;0;0;0;0;0;0;-1;0;0;0;0;0;0;0;0;0;0;0;0;0;1;1;0;0;-1;-1;-1;-1;-1;-1;-1;-1;-1;-1;-1;-1;-1;23;35;53;65;95;41;78;76;41;9.8;3.44;3.55;2.75;FC Jūrmala;Ventspils;0.85;2.38;0.89;2.25;1;2.37;78;66;47;36;6;55;45;33;0;0;0;206;27;Y;Y;N;N;N;N;N
62356;1097;990;2013;complete;292;13;-1;5,29;53,61;2;2;4;7;9;16;5;2;1;4;0;0;3;7;9;8;12;15;7;22;49;51;1;4;0;0;0;0;0;0;0;0;0;0;0;0;0;0;0;0;0;0;0;0;0;0;0;0;0;0;0;0;0;0;0;0;0;0;0;0;0;0;0;0;0;0;0;0;0;0;0;0;0;0;0;0;0;0;0;0;0;0;0;0;0;0;0;0;0;0;0;0;4;2;0;0;2;2;2;2013-09-25 15:00:00;-1;0;22;0;17;0;-1;1;-1;-1;-1;-1;-1;-1;0;2;1;2;2;3;-1;0;0;0;0;0;0;0;0;0;0;0;0;0;1;1;1;0;-1;-1;0;0;-1;-1;-1;-1;-1;-1;-1;-1;-1;11;22;45;67;84;22;62;73;33;10.35;1.11;5;2.39;Liepājas Metalurgs;Daugava Daugavpils;1.62;2.08;1.44;2.22;1.45;1.9;89;78;56;33;17;58;45;45;0;0;0;206;27;Y;Y;Y;Y;N;N;Y
62357;963;1087;2013;complete;292;22;-1;37,54,75;;3;0;3;10;2;12;1;5;2;1;0;0;4;3;9;1;13;4;16;15;49;51;2;1;0;0;0;0;0;0;0;0;0;0;0;0;0;0;0;0;0;0;0;0;0;0;0;0;0;0;0;0;0;0;0;0;0;0;0;0;0;0;0;0;0;0;0;0;0;0;0;0;0;0;0;0;0;0;0;0;0;0;0;0;0;0;0;0;0;0;0;0;3;1;0;2;0;2;1;2013-09-28 12:00:00;963;0;43;24;24;0;-1;1;-1;-1;-1;-1;-1;-1;1;0;1;1;1;2;-1;0;0;0;0;0;0;0;0;0;0;0;0;0;1;1;0;0;-1;-1;0;0;-1;-1;-1;-1;-1;-1;-1;-1;-1;14;38;57;67;86;33;57;77;57;9.5;0.65;3.09;2.7;Ventspils;Spartaks Jūrmala;2.57;1.23;2.45;1.6;2.4;1.19;86;63;43;34;14;65;55;35;0;0;0;206;27;Y;Y;Y;N;N;N;N
62358;990;1097;2013;complete;292;22;-1;48;;1;0;1;5;3;8;6;2;2;1;0;0;7;4;8;1;15;5;16;14;53;47;2;1;0;0;0;0;0;0;0;0;0;0;0;0;0;0;0;0;0;0;0;0;0;0;0;0;0;0;0;0;0;0;0;0;0;0;0;0;0;0;0;0;0;0;0;0;0;0;0;0;0;0;0;0;0;0;0;0;0;0;0;0;0;0;0;0;0;0;0;0;1;0;0;1;0;1;0;2013-09-29 10:00:00;990;0;59;32;37;0;-1;1;-1;-1;-1;-1;-1;-1;0;1;2;0;1;2;-1;0;0;0;0;0;0;0;0;0;0;0;0;0;1;1;0;0;-1;-1;0;0;-1;-1;-1;-1;-1;-1;-1;-1;-1;14;36;64;78;91;41;68;78;55;11.4;2.28;4.09;2.82;Daugava Daugavpils;Liepājas Metalurgs;1.79;1.36;1.64;1.45;1.86;1.43;87;64;37;23;9;55;55;47;0;0;0;206;27;Y;N;N;N;N;N;N
62359;1086;1096;2013;complete;292;22;-1;49,73,90;52;3;1;4;-1;-1;-1;-1;-1;3;0;0;0;-1;-1;-1;-1;-1;-1;-1;-1;-1;-1;3;0;0;0;0;0;0;0;0;0;0;0;0;0;0;0;0;0;0;0;0;0;0;0;0;0;0;0;0;0;0;0;0;0;0;0;0;0;0;0;0;0;0;0;0;0;0;0;0;0;0;0;0;0;0;0;0;0;0;0;0;0;0;0;0;0;0;0;0;0;4;0;0;3;1;4;0;2013-09-29 12:00:00;1086;0;50;20;30;0;-1;1;-1;-1;-1;-1;-1;-1;1;0;2;0;1;2;-1;0;0;0;0;0;0;0;0;0;0;0;0;0;1;1;0;0;-1;-1;1;0;-1;-1;-1;-1;-1;-1;-1;-1;-1;20;50;75;80;90;35;60;85;60;4.14;0;3.9;3.2;Jelgava;Ilūkstes NSS;1;0.62;0.6;0.8;0.43;0.6;80;50;25;20;10;29;22;22;0;0;0;206;27;Y;Y;Y;Y;N;N;Y
62360;1095;1093;2013;complete;292;22;-1;;14,19;0;2;2;-1;-1;-1;-1;-1;3;2;0;0;-1;-1;-1;-1;-1;-1;-1;-1;-1;-1;3;2;0;0;0;0;0;0;0;0;0;0;0;0;0;0;0;0;0;0;0;0;0;0;0;0;0;0;0;0;0;0;0;0;0;0;0;0;0;0;0;0;0;0;0;0;0;0;0;0;0;0;0;0;0;0;0;0;0;0;0;0;0;0;0;0;0;0;0;0;2;0;2;0;0;0;2;2013-09-30 16:00:00;1093;0;30;20;10;0;-1;1;-1;-1;-1;-1;-1;-1;1;1;2;1;2;3;-1;0;0;0;0;0;0;0;0;0;0;0;0;0;1;1;0;0;-1;-1;0;0;-1;-1;-1;-1;-1;-1;-1;-1;-1;20;30;45;60;80;35;70;55;40;12.17;2.5;5.4;2.5;Daugava Rīga;Skonto;1.46;2.54;1.6;2.6;1.86;2.43;80;70;55;40;20;42;34;25;0;0;0;206;27;Y;Y;N;N;N;N;N
62361;1088;1094;2013;complete;292;22;-1;;15;0;1;1;8;3;11;3;3;0;0;0;0;5;2;6;5;11;7;16;9;47;53;0;0;0;0;0;0;0;0;0;0;0;0;0;0;0;0;0;0;0;0;0;0;0;0;0;0;0;0;0;0;0;0;0;0;0;0;0;0;0;0;0;0;0;0;0;0;0;0;0;0;0;0;0;0;0;0;0;0;0;0;0;0;0;0;0;0;0;0;0;0;1;0;1;0;0;0;1;2013-09-30 16:00:00;1094;0;24;0;14;0;-1;-1;-1;-1;-1;-1;-1;-1;0;0;0;0;0;0;-1;0;0;0;0;0;0;0;0;0;0;0;0;0;1;1;0;0;-1;-1;-1;-1;-1;-1;-1;-1;-1;-1;-1;-1;-1;5;9;38;63;81;15;53;72;33;9.83;1.75;4.38;1.95;Metta - LU;FC Jūrmala;0.62;1.07;0.5;1.09;0.57;0.95;96;91;62;38;19;84;84;84;0;0;0;206;27;Y;N;N;N;N;N;N
62362;1097;1086;2013;complete;292;23;-1;;;0;0;0;10;4;14;1;0;0;0;0;0;0;6;9;6;9;12;17;21;48;52;0;0;0;0;0;0;0;0;0;0;0;0;0;0;0;0;0;0;0;0;0;0;0;0;0;0;0;0;0;0;0;0;0;0;0;0;0;0;0;0;0;0;0;0;0;0;0;0;0;0;0;0;0;0;0;0;0;0;0;0;0;0;0;0;0;0;0;0;0;0;0;0;0;0;0;0;0;2013-10-04 16:00:00;-1;0;38;9;28;0;-1;-1;-1;-1;-1;-1;-1;-1;0;0;0;0;0;0;-1;0;0;0;0;0;0;0;0;0;0;0;0;0;1;1;0;0;-1;-1;-1;-1;-1;-1;-1;-1;-1;-1;-1;-1;-1;14;34;58;77;86;33;72;72;53;11.43;2.39;5.31;2.77;Liepājas Metalurgs;Jelgava;1.62;0.71;1.4;0.27;1.36;0.55;86;67;43;24;14;65;65;55;0;0;0;206;27;N;N;N;N;N;N;N
62363;1093;963;2013;complete;292;23;-1;67;66;1;1;2;3;5;8;3;0;7;3;0;2;3;9;4;7;7;16;29;21;52;48;7;5;0;0;0;0;0;0;0;0;0;0;0;0;0;0;0;0;0;0;0;0;0;0;0;0;0;0;0;0;0;0;0;0;0;0;0;0;0;0;0;0;0;0;0;0;0;0;0;0;0;0;0;0;0;0;0;0;0;0;0;0;0;0;0;0;0;0;0;0;2;0;0;1;1;2;0;2013-10-05 11:00:00;-1;0;30;10;10;0;-1;1;-1;-1;-1;-1;-1;-1;2;2;5;3;4;8;-1;0;0;0;0;0;0;0;0;0;0;0;0;0;1;1;0;0;-1;-1;0;1;-1;-1;-1;-1;-1;-1;-1;-1;-1;19;39;54;75;91;49;91;70;34;14.34;3.51;3.58;2.77;Skonto;Ventspils;2.07;2.38;2.27;2.33;2.45;2.43;81;62;46;26;9;67;42;42;0;0;0;206;27;Y;Y;N;N;N;N;Y
62364;1087;990;2013;complete;292;23;-1;;38,71;0;2;2;1;6;7;3;2;2;1;0;0;6;8;4;5;10;13;21;18;52;48;2;1;0;0;0;0;0;0;0;0;0;0;0;0;0;0;0;0;0;0;0;0;0;0;0;0;0;0;0;0;0;0;0;0;0;0;0;0;0;0;0;0;0;0;0;0;0;0;0;0;0;0;0;0;0;0;0;0;0;0;0;0;0;0;0;0;0;0;0;0;2;0;1;0;1;1;1;2013-10-05 12:00:00;990;0;43;18;14;0;-1;1;-1;-1;-1;-1;-1;-1;1;0;1;1;1;2;-1;0;0;0;0;0;0;0;0;0;0;0;0;0;1;1;0;0;-1;-1;0;0;-1;-1;-1;-1;-1;-1;-1;-1;-1;19;33;52;67;81;38;58;77;33;8.77;1.76;5.15;2.7;Spartaks Jūrmala;Daugava Daugavpils;0.64;2.08;0.82;2.1;1.14;1.91;82;68;48;34;19;82;55;55;0;0;0;206;27;Y;Y;N;N;N;N;N
62365;1096;1088;2013;complete;292;23;-1;54;30,38;1;2;3;-1;-1;-1;-1;-1;0;1;0;0;-1;-1;-1;-1;-1;-1;-1;-1;-1;-1;0;1;0;0;0;0;0;0;0;0;0;0;0;0;0;0;0;0;0;0;0;0;0;0;0;0;0;0;0;0;0;0;0;0;0;0;0;0;0;0;0;0;0;0;0;0;0;0;0;0;0;0;0;0;0;0;0;0;0;0;0;0;0;0;0;0;0;0;0;0;3;0;2;1;0;1;2;2013-10-05 12:00:00;1088;0;53;25;29;0;-1;1;-1;-1;-1;-1;-1;-1;0;0;0;1;0;1;-1;0;0;0;0;0;0;0;0;0;0;0;0;0;1;1;0;0;-1;-1;0;0;-1;-1;-1;-1;-1;-1;-1;-1;-1;10;43;62;91;96;29;68;96;62;4;0;3.71;3.26;Ilūkstes NSS;Metta - LU;0.29;0.79;0.4;0.64;0.57;0.55;90;58;38;9;5;50;50;50;0;0;0;206;27;Y;Y;Y;N;N;N;Y
62366;1094;1095;2013;complete;292;23;-1;;57,65,80,87;0;4;4;1;6;7;0;4;2;0;0;0;2;9;1;5;3;14;12;13;51;49;2;0;0;0;0;0;0;0;0;0;0;0;0;0;0;0;0;0;0;0;0;0;0;0;0;0;0;0;0;0;0;0;0;0;0;0;0;0;0;0;0;0;0;0;0;0;0;0;0;0;0;0;0;0;0;0;0;0;0;0;0;0;0;0;0;0;0;0;0;0;4;0;0;0;4;4;0;2013-10-06 11:00:00;1095;0;34;15;24;0;-1;1;-1;-1;-1;-1;-1;-1;1;0;1;0;1;1;-1;0;0;0;0;0;0;0;0;2;0;2;0;0;1;1;0;0;-1;-1;0;0;-1;-1;-1;-1;-1;-1;-1;-1;-1;29;34;53;67;86;38;62;82;53;7.57;1.58;3.95;2.82;FC Jūrmala;Daugava Rīga;0.85;2.07;0.8;2.09;1.05;1.77;72;67;48;33;14;47;37;27;0;0;0;206;27;Y;Y;Y;Y;N;N;N
62367;1096;963;2013;complete;292;8;-1;53;11,33,40,48,69,87,90;1;7;8;-1;-1;-1;-1;-1;4;2;0;0;-1;-1;-1;-1;-1;-1;-1;-1;-1;-1;4;2;0;0;0;0;0;0;0;0;0;0;0;0;0;0;0;0;0;0;0;0;0;0;0;0;0;0;0;0;0;0;0;0;0;0;0;0;0;0;0;0;0;0;0;0;0;0;0;0;0;0;0;0;0;0;0;0;0;0;0;0;0;0;0;0;0;0;0;0;8;0;3;1;4;5;3;2013-10-14 12:00:00;963;0;57;23;28;0;-1;1;-1;-1;-1;-1;-1;-1;2;0;2;2;2;4;-1;0;0;0;0;0;0;0;0;4;0;4;0;0;1;1;0;0;-1;-1;0;0;-1;-1;-1;-1;-1;-1;-1;-1;-1;14;28;52;85;100;38;91;85;43;6.86;1.1;3.7;3.02;Ilūkstes NSS;Ventspils;0.29;2.38;0.36;2.2;0.55;2.36;86;72;48;15;0;29;15;15;0;0;0;206;27;Y;Y;Y;Y;Y;Y;Y
62368;1097;1087;2013;complete;292;24;-1;5,43,49,63,78,85;;6;0;6;6;3;9;2;2;2;3;0;1;7;3;9;8;16;11;17;25;47;53;2;5;0;0;0;0;0;0;0;0;0;0;0;0;0;0;0;0;0;0;0;0;0;0;0;0;0;0;0;0;0;0;0;0;0;0;0;0;0;0;0;0;0;0;0;0;0;0;0;0;0;0;0;0;0;0;0;0;0;0;0;0;0;0;0;0;0;0;0;0;6;2;0;4;0;4;2;2013-10-18 16:00:00;1097;0;36;14;18;0;-1;1;-1;-1;-1;-1;-1;-1;2;1;0;3;3;3;-1;0;0;0;0;0;0;0;0;0;0;0;0;0;1;1;1;0;-1;-1;0;0;-1;-1;-1;-1;-1;-1;-1;-1;-1;9;32;55;69;87;27;60;73;45;9.26;1.91;4.09;2.5;Liepājas Metalurgs;Spartaks Jūrmala;1.62;1.23;1.36;1.45;1.35;1.09;91;69;45;32;14;70;62;45;0;0;0;206;27;Y;Y;Y;Y;Y;Y;N
62369;990;1093;2013;complete;292;24;-1;;;0;0;0;6;6;12;1;1;2;2;0;0;3;2;2;3;5;5;23;20;48;52;2;2;0;0;0;0;0;0;0;0;0;0;0;0;0;0;0;0;0;0;0;0;0;0;0;0;0;0;0;0;0;0;0;0;0;0;0;0;0;0;0;0;0;0;0;0;0;0;0;0;0;0;0;0;0;0;0;0;0;0;0;0;0;0;0;0;0;0;0;0;0;0;0;0;0;0;0;2013-10-19 11:00:00;-1;0;30;22;9;0;-1;1;-1;-1;-1;-1;-1;-1;1;1;1;1;2;2;-1;0;0;0;0;0;0;0;0;0;0;0;0;0;1;1;0;0;-1;-1;0;0;-1;-1;-1;-1;-1;-1;-1;-1;-1;31;31;49;66;83;40;58;65;44;13.1;2.91;5.08;2.72;Daugava Daugavpils;Skonto;1.79;2.54;1.75;2.64;1.96;2.39;70;70;52;34;18;45;37;30;0;0;0;206;27;N;N;N;N;N;N;N
62370;1086;1088;2013;complete;292;24;-1;86;72;1;1;2;6;2;8;2;2;0;0;0;0;4;3;9;3;13;6;11;13;51;49;0;0;0;0;0;0;0;0;0;0;0;0;0;0;0;0;0;0;0;0;0;0;0;0;0;0;0;0;0;0;0;0;0;0;0;0;0;0;0;0;0;0;0;0;0;0;0;0;0;0;0;0;0;0;0;0;0;0;0;0;0;0;0;0;0;0;0;0;0;0;2;0;0;1;1;2;0;2013-10-19 12:00:00;-1;0;49;13;27;0;-1;-1;-1;-1;-1;-1;-1;-1;0;0;0;0;0;0;-1;0;0;0;0;0;0;0;0;1;0;1;0;0;1;1;0;0;-1;-1;-1;-1;-1;-1;-1;-1;-1;-1;-1;-1;-1;0;39;75;83;96;22;53;92;61;8.14;1.56;3.39;2.92;Jelgava;Metta - LU;1;0.79;0.82;0.83;0.57;0.65;100;61;26;18;4;79;72;72;0;0;0;206;27;Y;Y;N;N;N;N;Y
62371;963;1094;2013;complete;292;24;-1;2,9,32,41,55,89;76;6;1;7;4;0;4;7;0;0;3;0;0;6;4;11;1;17;5;17;14;47;53;0;3;0;0;0;0;0;0;0;0;0;0;0;0;0;0;0;0;0;0;0;0;0;0;0;0;0;0;0;0;0;0;0;0;0;0;0;0;0;0;0;0;0;0;0;0;0;0;0;0;0;0;0;0;0;0;0;0;0;0;0;0;0;0;0;0;0;0;0;0;7;4;0;2;1;3;4;2013-10-20 11:00:00;963;0;25;9;21;0;-1;1;-1;-1;-1;-1;-1;-1;0;0;0;3;0;3;-1;0;0;0;0;0;0;0;0;0;0;0;0;0;1;1;2;0;-1;-1;0;0;-1;-1;-1;-1;-1;-1;-1;-1;-1;13;30;50;63;83;21;59;71;54;10.71;2.17;3.17;2.46;Ventspils;FC Jūrmala;2.57;1.07;2.5;1.25;2.39;1;88;71;50;38;17;64;64;64;0;0;0;206;27;Y;Y;Y;Y;Y;Y;Y
62372;1095;1096;2013;complete;292;24;-1;20,28,38,47,49,71,90;57;7;1;8;-1;-1;-1;-1;-1;1;0;0;1;-1;-1;-1;-1;-1;-1;-1;-1;-1;-1;1;2;0;0;0;0;0;0;0;0;0;0;0;0;0;0;0;0;0;0;0;0;0;0;0;0;0;0;0;0;0;0;0;0;0;0;0;0;0;0;0;0;0;0;0;0;0;0;0;0;0;0;0;0;0;0;0;0;0;0;0;0;0;0;0;0;0;0;0;0;8;3;0;4;1;5;3;2013-10-21 12:00:00;1095;0;41;14;27;0;-1;1;-1;-1;-1;-1;-1;-1;1;1;0;0;2;0;-1;0;0;0;0;0;0;0;0;0;0;0;0;0;1;1;0;0;-1;-1;0;0;-1;-1;-1;-1;-1;-1;-1;-1;-1;18;46;50;64;82;36;64;64;46;6.5;0.18;4.54;2.64;Daugava Rīga;Ilūkstes NSS;1.46;0.62;1.45;0.73;1.83;0.52;82;55;50;37;18;25;25;17;0;0;0;206;27;Y;Y;Y;Y;Y;Y;Y
62373;1093;1097;2013;complete;292;25;-1;24,71;78;2;1;3;4;11;15;6;0;2;3;0;0;6;2;6;7;12;9;15;10;53;47;2;3;0;0;0;0;0;0;0;0;0;0;0;0;0;0;0;0;0;0;0;0;0;0;0;0;0;0;0;0;0;0;0;0;0;0;0;0;0;0;0;0;0;0;0;0;0;0;0;0;0;0;0;0;0;0;0;0;0;0;0;0;0;0;0;0;0;0;0;0;3;1;0;1;1;2;1;2013-10-25 16:00:00;1093;0;54;25;34;0;-1;1;-1;-1;-1;-1;-1;-1;0;0;2;3;0;5;-1;0;0;0;0;0;0;0;0;0;0;0;0;0;1;1;0;0;-1;-1;0;0;-1;-1;-1;-1;-1;-1;-1;-1;-1;13;46;67;88;92;54;79;79;54;10.07;2.08;4.24;3.04;Skonto;Liepājas Metalurgs;2.07;1.36;2.17;1.33;2.33;1.42;88;54;34;13;9;48;41;41;0;0;0;206;27;Y;Y;Y;N;N;N;Y
62374;1087;1086;2013;complete;292;25;-1;64;37,75,88;1;3;4;3;9;12;2;2;2;2;0;1;2;7;4;3;6;10;14;15;47;53;2;3;0;0;0;0;0;0;0;0;0;0;0;0;0;0;0;0;0;0;0;0;0;0;0;0;0;0;0;0;0;0;0;0;0;0;0;0;0;0;0;0;0;0;0;0;0;0;0;0;0;0;0;0;0;0;0;0;0;0;0;0;0;0;0;0;0;0;0;0;4;0;1;1;2;3;1;2013-10-26 11:00:00;1086;0;46;25;25;0;-1;1;-1;-1;-1;-1;-1;-1;0;1;2;2;1;4;-1;0;0;0;0;0;0;0;0;1;0;1;0;0;1;1;0;0;-1;-1;0;0;-1;-1;-1;-1;-1;-1;-1;-1;-1;21;34;54;71;79;38;63;71;42;8.19;2.5;5.17;2.75;Spartaks Jūrmala;Jelgava;0.64;0.71;0.75;0.33;1.04;0.58;79;67;46;29;21;77;63;55;0;0;0;206;27;Y;Y;Y;Y;N;N;Y
62375;1094;990;2013;complete;292;25;-1;;19,29,65;0;3;3;3;6;9;3;9;0;1;0;0;2;6;4;1;6;7;14;18;52;48;0;1;0;0;0;0;0;0;0;0;0;0;0;0;0;0;0;0;0;0;0;0;0;0;0;0;0;0;0;0;0;0;0;0;0;0;0;0;0;0;0;0;0;0;0;0;0;0;0;0;0;0;0;0;0;0;0;0;0;0;0;0;0;0;0;0;0;0;0;0;3;0;2;0;1;1;2;2013-10-27 12:00:00;990;0;32;9;18;0;-1;1;-1;-1;-1;-1;-1;-1;0;0;0;1;0;1;-1;0;0;0;0;0;0;0;0;0;0;0;0;0;1;1;0;0;-1;-1;0;0;-1;-1;-1;-1;-1;-1;-1;-1;-1;18;32;46;69;87;32;60;87;41;7.84;1.82;4;2.64;FC Jūrmala;Daugava Daugavpils;0.85;2.08;0.73;2.18;0.96;1.92;82;69;55;32;14;59;42;34;0;0;0;206;27;Y;Y;Y;N;N;N;N
62376;1096;963;2013;complete;292;25;-1;;29,46,66,84,90;0;5;5;-1;-1;-1;-1;-1;2;0;0;0;-1;-1;-1;-1;-1;-1;-1;-1;-1;-1;2;0;0;0;0;0;0;0;0;0;0;0;0;0;0;0;0;0;0;0;0;0;0;0;0;0;0;0;0;0;0;0;0;0;0;0;0;0;0;0;0;0;0;0;0;0;0;0;0;0;0;0;0;0;0;0;0;0;0;0;0;0;0;0;0;0;0;0;0;0;5;0;1;0;4;4;1;2013-10-27 12:00:00;963;0;60;21;35;0;-1;1;-1;-1;-1;-1;-1;-1;0;0;2;0;0;2;-1;0;0;0;0;0;0;0;0;1;0;1;0;0;1;1;0;0;-1;-1;0;0;-1;-1;-1;-1;-1;-1;-1;-1;-1;22;35;56;87;100;43;92;87;47;6.86;0.82;3.91;3.46;Ilūkstes NSS;Ventspils;0.29;2.38;0.33;2.27;0.5;2.42;79;66;44;14;0;29;15;15;0;0;0;206;27;Y;Y;Y;Y;Y;N;N
62377;1088;1095;2013;complete;292;25;-1;;78,88;0;2;2;2;15;17;4;0;2;0;0;0;4;7;4;11;8;18;16;13;38;62;2;0;0;0;0;0;0;0;0;0;0;0;0;0;0;0;0;0;0;0;0;0;0;0;0;0;0;0;0;0;0;0;0;0;0;0;0;0;0;0;0;0;0;0;0;0;0;0;0;0;0;0;0;0;0;0;0;0;0;0;0;0;0;0;0;0;0;0;0;0;2;0;0;0;2;2;0;2013-10-28 17:00:00;1095;0;26;4;13;0;-1;1;-1;-1;-1;-1;-1;-1;0;0;2;0;0;2;-1;0;0;0;0;0;0;0;0;0;0;0;0;0;1;1;0;0;-1;-1;0;0;-1;-1;-1;-1;-1;-1;-1;-1;-1;13;17;47;66;83;26;61;70;43;11.62;0.95;4.25;2.33;Metta - LU;Daugava Rīga;0.62;2.07;0.45;2.17;0.67;1.88;88;84;53;35;18;65;65;65;0;0;0;206;27;Y;Y;N;N;N;N;N
62378;1087;1093;2013;complete;292;26;-1;;7,47,71;0;3;3;1;7;8;2;3;2;2;1;0;3;9;2;8;5;17;10;18;30;70;4;2;0;0;0;0;0;0;0;0;0;0;0;0;0;0;0;0;0;0;0;0;0;0;0;0;0;0;0;0;0;0;0;0;0;0;0;0;0;0;0;0;0;0;0;0;0;0;0;0;0;0;0;0;0;0;0;0;0;0;0;0;0;0;0;0;0;0;0;0;3;0;1;0;2;2;1;2013-11-02 12:00:00;1093;0;40;28;12;0;-1;1;-1;-1;-1;-1;-1;-1;2;0;1;2;2;3;-1;0;0;0;0;0;0;0;0;0;0;0;0;0;1;1;0;1;-1;-1;1;0;-1;-1;-1;-1;-1;-1;-1;-1;-1;28;40;56;76;80;44;65;64;40;8.59;2.46;5.38;3;Spartaks Jūrmala;Skonto;0.64;2.54;0.69;2.5;1;2.36;72;61;44;24;20;59;40;40;0;0;0;206;27;Y;Y;Y;N;N;N;N
62379;1086;1095;2013;complete;292;26;-1;90;;1;0;1;2;8;10;7;3;2;3;0;0;2;5;6;8;8;13;16;10;48;52;2;3;0;0;0;0;0;0;0;0;0;0;0;0;0;0;0;0;0;0;0;0;0;0;0;0;0;0;0;0;0;0;0;0;0;0;0;0;0;0;0;0;0;0;0;0;0;0;0;0;0;0;0;0;0;0;0;0;0;0;0;0;0;0;0;0;0;0;0;0;1;0;0;1;0;1;0;2013-11-02 12:00:00;1086;0;41;13;29;0;-1;1;-1;-1;-1;-1;-1;-1;2;1;0;2;3;2;-1;0;0;0;0;0;0;0;1;0;1;0;0;0;1;1;0;0;-1;-1;0;0;-1;-1;-1;-1;-1;-1;-1;-1;-1;12;32;65;76;93;24;52;85;65;10.88;1.29;3.58;2.85;Jelgava;Daugava Rīga;1;2.07;0.83;2.23;0.68;1.92;89;68;36;24;8;44;38;38;0;0;0;206;27;Y;N;N;N;N;N;N
62380;963;1088;2013;complete;292;26;-1;9,28,75;;3;0;3;10;2;12;7;1;1;1;0;0;7;5;11;2;18;7;8;21;66;34;1;1;0;0;0;0;0;0;0;0;0;0;0;0;0;0;0;0;0;0;0;0;0;0;0;0;0;0;0;0;0;0;0;0;0;0;0;0;0;0;0;0;0;0;0;0;0;0;0;0;0;0;0;0;0;0;0;0;0;0;0;0;0;0;0;0;0;0;0;0;3;2;0;1;0;1;2;2013-11-02 12:00:00;963;0;42;12;27;0;-1;1;-1;-1;-1;-1;-1;-1;1;0;0;1;1;1;-1;0;0;0;0;0;0;0;0;0;0;0;0;0;1;1;1;0;-1;-1;0;0;-1;-1;-1;-1;-1;-1;-1;-1;-1;12;42;66;81;89;31;58;85;70;10.38;1.92;2.7;3.04;Ventspils;Metta - LU;2.57;0.79;2.54;0.85;2.44;0.64;89;58;35;19;12;69;69;69;0;0;0;206;27;Y;Y;Y;N;N;N;N
62381;990;1096;2013;complete;292;26;-1;20,52,60,79,80,88;28;6;1;7;-1;-1;-1;-1;-1;1;2;0;0;-1;-1;-1;-1;-1;-1;-1;-1;-1;-1;1;2;0;0;0;0;0;0;0;0;0;0;0;0;0;0;0;0;0;0;0;0;0;0;0;0;0;0;0;0;0;0;0;0;0;0;0;0;0;0;0;0;0;0;0;0;0;0;0;0;0;0;0;0;0;0;0;0;0;0;0;0;0;0;0;0;0;0;0;0;7;1;1;5;0;5;2;2013-11-02 12:00:00;990;0;45;16;29;0;-1;1;-1;-1;-1;-1;-1;-1;1;1;0;1;2;1;-1;0;0;0;0;0;0;0;1;0;1;0;0;0;1;1;0;0;-1;-1;0;0;-1;-1;-1;-1;-1;-1;-1;-1;-1;33;49;57;65;80;37;48;76;53;7.25;0.92;4.25;3;Daugava Daugavpils;Ilūkstes NSS;1.79;0.62;1.69;0.67;1.96;0.48;68;51;44;36;20;32;32;25;0;0;0;206;27;Y;Y;Y;Y;Y;Y;Y
62382;1097;1094;2013;complete;292;26;-1;39,43,59;;3;0;3;-1;-1;-1;-1;-1;-1;-1;-1;-1;-1;-1;-1;-1;-1;-1;-1;-1;-1;-1;-1;-1;0;0;0;0;0;0;0;0;0;0;0;0;0;0;0;0;0;0;0;0;0;0;0;0;0;0;0;0;0;0;0;0;0;0;0;0;0;0;0;0;0;0;0;0;0;0;0;0;0;0;0;0;0;0;0;0;0;0;0;0;0;0;0;0;0;0;0;0;3;2;0;1;0;1;2;2013-11-02 12:00:00;1097;0;24;0;20;0;-1;-1;-1;-1;-1;-1;-1;-1;-1;-1;-1;-1;-1;-1;-1;0;0;0;0;0;0;0;0;0;0;0;0;0;1;1;0;0;-1;-1;-1;-1;-1;-1;-1;-1;-1;-1;-1;-1;-1;16;33;48;65;84;24;61;68;44;9.63;2.87;4.25;2.57;Liepājas Metalurgs;FC Jūrmala;1.62;1.07;1.5;1.15;1.36;0.92;84;68;52;36;16;63;57;57;0;0;0;206;27;Y;Y;Y;N;N;N;N
62383;1088;990;2013;complete;292;27;-1;26;;1;0;1;-1;-1;-1;-1;-1;2;4;0;1;-1;-1;-1;-1;-1;-1;-1;-1;-1;-1;2;6;0;0;0;0;0;0;0;0;0;0;0;0;0;0;0;0;0;0;0;0;0;0;0;0;0;0;0;0;0;0;0;0;0;0;0;0;0;0;0;0;0;0;0;0;0;0;0;0;0;0;0;0;0;0;0;0;0;0;0;0;0;0;0;0;0;0;0;0;1;1;0;0;0;0;1;2013-11-09 12:00:00;1088;0;25;0;8;0;-1;1;-1;-1;-1;-1;-1;-1;0;1;2;4;1;6;-1;0;0;0;0;0;0;0;0;0;0;0;0;0;1;1;0;0;-1;-1;0;0;-1;-1;-1;-1;-1;-1;-1;-1;-1;4;9;38;67;83;25;63;75;29;11.42;2;4.33;2.08;Metta - LU;Daugava Daugavpils;0.62;2.08;0.42;2.25;0.62;2;96;92;63;33;17;86;72;72;0;0;0;206;27;Y;N;N;N;N;N;N
62384;1095;963;2013;complete;292;27;-1;;43;0;1;1;-1;-1;-1;-1;-1;2;3;0;0;-1;-1;-1;-1;-1;-1;-1;-1;-1;-1;2;3;0;0;0;0;0;0;0;0;0;0;0;0;0;0;0;0;0;0;0;0;0;0;0;0;0;0;0;0;0;0;0;0;0;0;0;0;0;0;0;0;0;0;0;0;0;0;0;0;0;0;0;0;0;0;0;0;0;0;0;0;0;0;0;0;0;0;0;0;1;0;1;0;0;0;1;2013-11-09 12:00:00;963;0;38;8;25;0;-1;1;-1;-1;-1;-1;-1;-1;0;0;2;3;0;5;-1;0;0;0;0;0;0;0;0;0;0;0;0;0;1;1;0;0;-1;-1;0;0;-1;-1;-1;-1;-1;-1;-1;-1;-1;17;29;42;63;92;33;84;63;38;13.36;2.58;4.08;2.67;Daugava Rīga;Ventspils;1.46;2.38;1.58;2.33;1.85;2.46;84;71;59;38;9;54;40;31;0;0;0;206;27;Y;N;N;N;N;N;N
62385;1093;1086;2013;complete;292;27;-1;;13,83;0;2;2;-1;-1;-1;-1;-1;3;1;0;0;-1;-1;-1;-1;-1;-1;-1;-1;-1;-1;3;1;0;0;0;0;0;0;0;0;0;0;0;0;0;0;0;0;0;0;0;0;0;0;0;0;0;0;0;0;0;0;0;0;0;0;0;0;0;0;0;0;0;0;0;0;0;0;0;0;0;0;0;0;0;0;0;0;0;0;0;0;0;0;0;0;0;0;0;0;2;0;1;0;1;1;1;2013-11-09 12:00:00;1086;0;42;12;31;0;-1;1;-1;-1;-1;-1;-1;-1;0;0;3;1;0;4;-1;0;0;0;0;0;0;0;0;0;0;0;0;0;1;1;0;0;-1;-1;0;0;-1;-1;-1;-1;-1;-1;-1;-1;-1;19;39;58;77;81;43;73;73;54;12.11;2.77;5;2.81;Skonto;Jelgava;2.07;0.71;2.23;0.54;2.38;0.77;81;62;42;23;19;75;68;61;0;0;0;206;27;Y;Y;N;N;N;N;N
62386;1094;1087;2013;complete;292;27;-1;63,66;33;2;1;3;10;3;13;0;1;3;2;0;2;2;0;8;3;10;3;13;20;57;43;3;6;0;0;0;0;0;0;0;0;0;0;0;0;0;0;0;0;0;0;0;0;0;0;0;0;0;0;0;0;0;0;0;0;0;0;0;0;0;0;0;0;0;0;0;0;0;0;0;0;0;0;0;0;0;0;0;0;0;0;0;0;0;0;0;0;0;0;0;0;3;0;1;2;0;2;1;2013-11-09 12:00:00;1094;0;38;21;21;0;-1;1;-1;-1;-1;-1;-1;-1;0;0;3;4;0;7;-1;0;0;0;0;0;0;0;0;0;0;0;0;0;1;1;0;0;-1;-1;0;0;-1;-1;-1;-1;-1;-1;-1;-1;-1;21;38;58;71;92;38;58;88;50;5.15;2.17;3.59;2.88;FC Jūrmala;Spartaks Jūrmala;0.85;1.23;0.67;1.33;0.88;0.96;79;63;42;29;8;72;43;22;0;0;0;206;27;Y;Y;Y;N;N;N;Y
62387;1096;1097;2013;complete;292;27;-1;81,83;2,26,44,51,59,66,70,74,84,87;2;10;12;-1;-1;-1;-1;-1;-1;-1;-1;-1;-1;-1;-1;-1;-1;-1;-1;-1;-1;-1;-1;-1;0;0;0;0;0;0;0;0;0;0;0;0;0;0;0;0;0;0;0;0;0;0;0;0;0;0;0;0;0;0;0;0;0;0;0;0;0;0;0;0;0;0;0;0;0;0;0;0;0;0;0;0;0;0;0;0;0;0;0;0;0;0;0;0;0;0;0;0;12;0;3;2;7;9;3;2013-11-09 12:00:00;1097;0;73;35;46;0;-1;-1;-1;-1;-1;-1;-1;-1;-1;-1;-1;-1;-1;-1;-1;0;0;0;0;0;0;0;1;0;1;0;0;0;1;1;0;1;-1;-1;-1;-1;-1;-1;-1;-1;-1;-1;-1;-1;-1;16;42;73;96;100;46;89;93;62;4.33;0;3.92;3.58;Ilūkstes NSS;Liepājas Metalurgs;0.29;1.36;0.31;1.23;0.46;1.42;85;58;27;4;0;22;22;22;0;0;0;206;27;Y;Y;Y;Y;Y;Y;Y
