ID;HOMEID;AWAYID;SEASON;STATUS;ROUNDID;GAME_WEEK;REVISED_GAME_WEEK;HOMEGOALS;AWAYGOALS;HOMEGOALCOUNT;AWAYGOALCOUNT;TOTALGOALCOUNT;TEAM_A_CORNERS;TEAM_B_CORNERS;TOTALCORNERCOUNT;TEAM_A_OFFSIDES;TEAM_B_OFFSIDES;TEAM_A_YELLOW_CARDS;TEAM_B_YELLOW_CARDS;TEAM_A_RED_CARDS;TEAM_B_RED_CARDS;TEAM_A_SHOTSONTARGET;TEAM_B_SHOTSONTARGET;TEAM_A_SHOTSOFFTARGET;TEAM_B_SHOTSOFFTARGET;TEAM_A_SHOTS;TEAM_B_SHOTS;TEAM_A_FOULS;TEAM_B_FOULS;TEAM_A_POSSESSION;TEAM_B_POSSESSION;TEAM_A_CARDS_NUM;TEAM_B_CARDS_NUM;ODDS_FT_1;ODDS_FT_X;ODDS_FT_2;ODDS_FT_OVER05;ODDS_FT_OVER15;ODDS_FT_OVER25;ODDS_FT_OVER35;ODDS_FT_OVER45;ODDS_FT_UNDER05;ODDS_FT_UNDER15;ODDS_FT_UNDER25;ODDS_FT_UNDER35;ODDS_FT_UNDER45;ODDS_BTTS_YES;ODDS_BTTS_NO;ODDS_TEAM_A_CS_YES;ODDS_TEAM_A_CS_NO;ODDS_TEAM_B_CS_YES;ODDS_TEAM_B_CS_NO;ODDS_DOUBLECHANCE_1X;ODDS_DOUBLECHANCE_12;ODDS_DOUBLECHANCE_X2;ODDS_1ST_HALF_RESULT_1;ODDS_1ST_HALF_RESULT_X;ODDS_1ST_HALF_RESULT_2;ODDS_2ND_HALF_RESULT_1;ODDS_2ND_HALF_RESULT_X;ODDS_2ND_HALF_RESULT_2;ODDS_DNB_1;ODDS_DNB_2;ODDS_CORNERS_OVER_75;ODDS_CORNERS_OVER_85;ODDS_CORNERS_OVER_95;ODDS_CORNERS_OVER_105;ODDS_CORNERS_OVER_115;ODDS_CORNERS_UNDER_75;ODDS_CORNERS_UNDER_85;ODDS_CORNERS_UNDER_95;ODDS_CORNERS_UNDER_105;ODDS_CORNERS_UNDER_115;ODDS_CORNERS_1;ODDS_CORNERS_X;ODDS_CORNERS_2;ODDS_TEAM_TO_SCORE_FIRST_1;ODDS_TEAM_TO_SCORE_FIRST_X;ODDS_TEAM_TO_SCORE_FIRST_2;ODDS_WIN_TO_NIL_1;ODDS_WIN_TO_NIL_2;ODDS_1ST_HALF_OVER05;ODDS_1ST_HALF_OVER15;ODDS_1ST_HALF_OVER25;ODDS_1ST_HALF_OVER35;ODDS_1ST_HALF_UNDER05;ODDS_1ST_HALF_UNDER15;ODDS_1ST_HALF_UNDER25;ODDS_1ST_HALF_UNDER35;ODDS_2ND_HALF_OVER05;ODDS_2ND_HALF_OVER15;ODDS_2ND_HALF_OVER25;ODDS_2ND_HALF_OVER35;ODDS_2ND_HALF_UNDER05;ODDS_2ND_HALF_UNDER15;ODDS_2ND_HALF_UNDER25;ODDS_2ND_HALF_UNDER35;ODDS_BTTS_1ST_HALF_YES;ODDS_BTTS_1ST_HALF_NO;ODDS_BTTS_2ND_HALF_YES;ODDS_BTTS_2ND_HALF_NO;OVERALLGOALCOUNT;HT_GOALS_TEAM_A;HT_GOALS_TEAM_B;GOALS_2HG_TEAM_A;GOALS_2HG_TEAM_B;GOALCOUNT_2HG;HTGOALCOUNT;DATE_UNIX;WINNINGTEAM;NO_HOME_AWAY;BTTS_POTENTIAL;BTTS_FHG_POTENTIAL;BTTS_2HG_POTENTIAL;GOALTIMINGDISABLED;CORNER_TIMINGS_RECORDED;CARD_TIMINGS_RECORDED;TEAM_A_FH_CORNERS;TEAM_B_FH_CORNERS;TEAM_A_2H_CORNERS;TEAM_B_2H_CORNERS;CORNER_FH_COUNT;CORNER_2H_COUNT;TEAM_A_FH_CARDS;TEAM_B_FH_CARDS;TEAM_A_2H_CARDS;TEAM_B_2H_CARDS;TOTAL_FH_CARDS;TOTAL_2H_CARDS;ATTACKS_RECORDED;TEAM_A_DANGEROUS_ATTACKS;TEAM_B_DANGEROUS_ATTACKS;TEAM_A_ATTACKS;TEAM_B_ATTACKS;TEAM_A_XG;TEAM_B_XG;TOTAL_XG;TEAM_A_PENALTIES_WON;TEAM_B_PENALTIES_WON;TEAM_A_PENALTY_GOALS;TEAM_B_PENALTY_GOALS;TEAM_A_PENALTY_MISSED;TEAM_B_PENALTY_MISSED;PENS_RECORDED;GOAL_TIMINGS_RECORDED;TEAM_A_0_10_MIN_GOALS;TEAM_B_0_10_MIN_GOALS;TEAM_A_CORNERS_0_10_MIN;TEAM_B_CORNERS_0_10_MIN;TEAM_A_CARDS_0_10_MIN;TEAM_B_CARDS_0_10_MIN;THROWINS_RECORDED;TEAM_A_THROWINS;TEAM_B_THROWINS;FREEKICKS_RECORDED;TEAM_A_FREEKICKS;TEAM_B_FREEKICKS;GOALKICKS_RECORDED;TEAM_A_GOALKICKS;TEAM_B_GOALKICKS;O45_POTENTIAL;O35_POTENTIAL;O25_POTENTIAL;O15_POTENTIAL;O05_POTENTIAL;O15HT_POTENTIAL;O05HT_POTENTIAL;O05_2H_POTENTIAL;O15_2H_POTENTIAL;CORNERS_POTENTIAL;OFFSIDES_POTENTIAL;CARDS_POTENTIAL;AVG_POTENTIAL;HOME_NAME;AWAY_NAME;HOME_PPG;AWAY_PPG;PRE_MATCH_HOME_PPG;PRE_MATCH_AWAY_PPG;PRE_MATCH_TEAMA_OVERALL_PPG;PRE_MATCH_TEAMB_OVERALL_PPG;U45_POTENTIAL;U35_POTENTIAL;U25_POTENTIAL;U15_POTENTIAL;U05_POTENTIAL;CORNERS_O85_POTENTIAL;CORNERS_O95_POTENTIAL;CORNERS_O105_POTENTIAL;TEAM_A_XG_PREMATCH;TEAM_B_XG_PREMATCH;TOTAL_XG_PREMATCH;COMPETITION_ID;MATCHES_COMPLETED_MINIMUM;OVER05;OVER15;OVER25;OVER35;OVER45;OVER55;BTTS
1280993;671309;686782;2021;complete;70594;1;-1;;;0;0;0;3;5;8;-1;-1;-1;-1;-1;-1;-1;-1;-1;-1;-1;-1;-1;-1;-1;-1;-1;-1;5;4.33;1.44;0;0;0;0;0;0;0;0;0;0;0;0;0;0;0;0;0;0;0;4.75;2.63;1.91;0;0;0;0;0;0;0;0;0;0;0;0;0;0;0;0;0;0;3;0;1.36;0;0;0;0;0;0;0;0;0;0;0;0;0;0;0;0;0;0;0;0;0;0;0;0;0;0;0;0;0;2021-07-03 13:00:00;-1;0;0;0;0;0;1;-1;1;3;2;2;4;4;-1;-1;-1;-1;-1;-1;1;48;30;0;0;0;0;0;0;0;0;0;0;0;1;1;0;0;0;2;-1;-1;-1;-1;-1;-1;-1;-1;-1;-1;-1;0;0;0;0;0;0;0;0;0;0;0;0;0;Albatroz;Dinamo Rīga;1.38;1;0;0;0;0;0;0;0;0;0;0;0;0;0;0;0;6029;14;N;N;N;N;N;N;N
1280994;7056;7048;2021;complete;70594;1;-1;17,90;19,46,85;2;3;5;3;7;10;-1;-1;-1;-1;-1;-1;6;6;9;2;15;8;-1;-1;50;50;-1;-1;2.05;3.75;1.62;0;0;0;0;0;0;0;0;0;0;1.45;2.55;0;0;0;0;0;0;0;3;2.4;2.75;2.9;2.8;2.4;0;0;0;0;0;0;0;0;0;0;0;0;0;0;0;2.05;0;1.73;0;0;0;0;0;0;0;0;0;0;0;0;0;0;0;0;0;0;0;0;0;0;5;1;1;1;2;3;2;2021-07-04 15:00:00;7048;0;0;0;0;0;1;-1;0;4;3;3;4;6;-1;-1;-1;-1;-1;-1;1;56;47;78;85;1.77;1.27;3.04;-1;-1;-1;-1;-1;-1;-1;1;0;0;0;0;-1;-1;-1;-1;-1;-1;-1;-1;-1;-1;-1;0;0;0;0;0;0;0;0;0;0;0;0;0;Rēzekne / BJSS;Super Nova;2;1.8;0;0;0;0;0;0;0;0;0;0;0;0;0;0;0;6029;13;Y;Y;Y;Y;Y;N;Y
1280995;7051;7058;2021;complete;70594;1;-1;48;4;1;1;2;-1;-1;-1;-1;-1;-1;-1;-1;-1;-1;-1;-1;-1;-1;-1;-1;-1;-1;-1;-1;-1;5.5;5;1.09;0;0;1.55;0;0;0;0;2.38;0;0;1.88;1.85;0;0;0;0;0;0;0;5.5;2.5;1.91;6.75;3.1;1.55;0;0;0;0;0;0;0;0;0;0;0;0;0;0;0;2.88;0;1.44;0;0;0;0;0;0;0;0;0;0;0;0;0;0;0;0;0;0;0;0;0;0;2;0;1;1;0;1;1;2021-07-03 10:00:00;-1;0;0;0;0;0;-1;-1;-1;-1;-1;-1;-1;-1;-1;-1;-1;-1;-1;-1;-1;0;0;0;0;0;0;0;-1;-1;-1;-1;-1;-1;-1;1;0;1;-1;-1;-1;-1;-1;-1;-1;-1;-1;-1;-1;-1;-1;0;0;0;0;0;0;0;0;0;0;0;0;0;Tukums;Auda;1.83;1.8;0;0;0;0;0;0;0;0;0;0;0;0;0;0;0;6029;13;Y;Y;N;N;N;N;Y
1280996;7057;686783;2021;complete;70594;1;-1;4,26,48,77,82;;5;0;5;6;10;16;-1;-1;-1;-1;-1;-1;6;5;2;7;8;12;-1;-1;50;50;-1;-1;1.54;3.75;2.3;0;0;0;1.93;0;0;0;0;1.78;0;1.4;2.85;0;0;0;0;0;0;0;2.38;2.6;3.4;2.48;2.91;2.83;0;0;0;0;0;0;0;0;0;0;0;0;0;0;0;1.62;0;2.25;0;0;0;0;0;0;0;0;0;0;0;0;0;0;0;0;0;0;0;0;0;0;5;2;0;3;0;3;2;2021-07-03 16:00:00;7057;0;0;0;0;0;1;-1;4;6;2;4;10;6;-1;-1;-1;-1;-1;-1;1;39;49;82;101;1.21;1.47;2.68;-1;-1;-1;-1;-1;-1;-1;1;1;0;1;1;-1;-1;-1;-1;-1;-1;-1;-1;-1;-1;-1;0;0;0;0;0;0;0;0;0;0;0;0;0;Smiltene;Saldus SS / Leevon;1;0.71;0;0;0;0;0;0;0;0;0;0;0;0;0;0;0;6029;14;Y;Y;Y;Y;Y;N;N
1280997;7050;7055;2021;complete;70594;1;-1;12,22,62;;3;0;3;4;3;7;-1;-1;-1;-1;-1;-1;7;3;9;2;16;5;-1;-1;50;50;-1;-1;1.28;4;3.1;0;0;0;0;0;0;0;0;0;0;1.5;2.51;0;0;0;0;0;0;0;2.1;2.6;4;1.9;3;4.32;0;0;0;0;0;0;0;0;0;0;0;0;0;0;0;1.44;0;2.63;0;0;0;0;0;0;0;0;0;0;0;0;0;0;0;0;0;0;0;0;0;0;3;2;0;1;0;1;2;2021-07-03 12:00:00;7050;0;0;0;0;0;1;-1;2;2;2;1;4;3;-1;-1;-1;-1;-1;-1;1;84;59;113;89;2.1;0.96;3.06;-1;-1;-1;-1;-1;-1;-1;1;0;0;1;0;-1;-1;-1;-1;-1;-1;-1;-1;-1;-1;-1;0;0;0;0;0;0;0;0;0;0;0;0;0;Grobiņa;JDFS Alberts;1.43;0.78;0;0;0;0;0;0;0;0;0;0;0;0;0;0;0;6029;14;Y;Y;Y;N;N;N;N
1280998;7050;671309;2021;complete;70594;2;-1;59;90;1;1;2;3;5;8;-1;-1;-1;-1;-1;-1;3;5;3;5;6;10;-1;-1;50;50;-1;-1;1.57;4.5;3.9;0;0;1.45;0;0;0;0;2.68;0;0;0;0;0;0;0;0;0;0;0;2.05;2.63;4.33;0;0;0;0;0;0;0;0;0;0;0;0;0;0;0;0;0;0;1.4;0;2.75;0;0;0;0;0;0;0;0;0;0;0;0;0;0;0;0;0;0;0;0;0;0;2;0;0;1;1;2;0;2021-07-10 12:00:00;-1;0;0;0;0;0;1;-1;3;0;0;5;3;5;-1;-1;-1;-1;-1;-1;1;62;89;95;133;1.04;1.63;2.68;-1;-1;-1;-1;-1;-1;-1;1;0;0;2;0;-1;-1;-1;-1;-1;-1;-1;-1;-1;-1;-1;0;0;50;50;50;50;50;50;0;4;0;0;1.5;Grobiņa;Albatroz;1.43;1.33;3;0;3;1;50;50;0;0;0;0;0;0;2.1;0;2.1;6029;14;Y;Y;N;N;N;N;Y
1280999;7055;7057;2021;complete;70594;2;-1;16;21;1;1;2;7;4;11;-1;-1;-1;-1;-1;-1;5;5;5;3;10;8;-1;-1;50;50;-1;-1;1.91;4.2;2.8;1.01;1.1;1.4;2.05;3.22;25.5;5.35;2.85;1.7;1.24;1.44;2.6;0;0;0;0;1.36;1.2;1.73;2.4;2.6;3.25;2.2;2.95;3.05;0;0;0;0;0;0;0;0;0;0;0;0;0;0;0;1.62;0;2.2;0;0;1.2;2.05;4.28;0;4;1.69;1.15;0;1.1;1.57;2.88;6.5;5.8;2.2;1.33;1.07;0;0;0;0;2;1;1;0;0;0;2;2021-07-10 12:00:00;-1;0;0;0;0;0;1;-1;6;1;1;3;7;4;-1;-1;-1;-1;-1;-1;1;63;32;128;88;1.45;1.1;2.55;-1;-1;-1;-1;-1;-1;-1;1;0;0;0;0;-1;-1;-1;-1;-1;-1;-1;-1;-1;-1;-1;0;0;0;0;0;0;0;0;0;0;0;0;0;JDFS Alberts;Smiltene;1;0.44;0;0;0;3;0;0;0;0;0;0;0;0;0;0;0;6029;14;Y;Y;N;N;N;N;Y
1281000;7058;7056;2021;complete;70594;2;-1;38,42,62,66;;4;0;4;8;0;8;-1;-1;-1;-1;-1;-1;5;0;6;4;11;4;-1;-1;57;43;-1;-1;1.06;9.5;18;0;1.05;1.22;1.55;2.2;46;7.95;4.2;2.31;1.6;1.88;1.82;0;0;0;0;1.01;1.04;7.5;1.3;3.75;12;1.22;4.5;12;0;0;0;0;0;0;0;0;0;0;0;0;0;0;0;1.11;0;6.5;0;0;1.14;1.66;3.12;0;4.9;2.09;1.27;0;1.06;1.36;2.13;4.5;8;2.89;1.64;1.14;0;0;0;0;4;2;0;2;0;2;2;2021-07-10 12:00:00;7058;0;0;0;0;0;1;-1;6;0;2;0;6;2;-1;-1;-1;-1;-1;-1;1;87;56;97;92;1.67;0.67;2.34;-1;-1;-1;-1;-1;-1;-1;1;0;0;0;0;-1;-1;-1;-1;-1;-1;-1;-1;-1;-1;-1;0;0;0;0;0;0;0;0;0;0;0;0;0;Auda;Rēzekne / BJSS;2.75;0.83;0;0;1;0;0;0;0;0;0;0;0;0;0;0;0;6029;13;Y;Y;Y;Y;N;N;N
1281001;686783;7051;2021;complete;70594;2;-1;;10;0;1;1;0;9;9;-1;-1;-1;-1;-1;-1;-1;-1;-1;-1;-1;-1;-1;-1;-1;-1;-1;-1;0;0;0;0;0;0;0;0;0;0;0;0;0;0;0;0;0;0;0;0;0;0;0;0;0;0;0;0;0;0;0;0;0;0;0;0;0;0;0;0;0;0;0;0;0;0;0;0;0;0;0;0;0;0;0;0;0;0;0;0;0;0;0;0;0;0;0;0;1;0;1;0;0;0;1;2021-07-10 16:00:00;7051;0;0;0;0;0;-1;-1;-1;-1;-1;-1;-1;-1;-1;-1;-1;-1;-1;-1;1;0;0;0;0;0;0;0;-1;-1;-1;-1;-1;-1;-1;1;0;1;-1;-1;-1;-1;-1;-1;-1;-1;-1;-1;-1;-1;-1;0;0;0;0;0;0;0;0;0;0;0;0;0;Saldus SS / Leevon;Tukums;1.14;2.13;0;0;0;1;0;0;0;0;0;0;0;0;0;0;0;6029;14;Y;N;N;N;N;N;N
1281002;7048;686782;2021;complete;70594;2;-1;9,51;58;2;1;3;-1;-1;-1;-1;-1;-1;-1;-1;-1;-1;-1;-1;-1;-1;-1;-1;-1;-1;-1;-1;-1;2.95;4;1.95;1.01;1.11;1.44;2.25;3.54;21;4.98;2.59;1.57;1.21;1.52;2.4;0;0;0;0;1.9;1.19;1.22;4.1;2.4;2.2;3.8;2.9;1.95;0;0;0;0;0;0;0;0;0;0;0;0;0;0;0;0;0;0;0;0;1.23;2.13;4.54;0;3.7;1.64;1.14;0;1.12;1.66;3.03;7.5;5.3;2.09;1.33;1.06;0;0;0;0;3;1;0;1;1;2;1;2021-07-11 16:00:00;7048;0;0;0;0;0;-1;-1;-1;-1;-1;-1;-1;-1;-1;-1;-1;-1;-1;-1;-1;0;0;0;0;0;0;0;-1;-1;-1;-1;-1;-1;-1;1;1;0;-1;-1;-1;-1;-1;-1;-1;-1;-1;-1;-1;-1;-1;0;0;0;0;0;0;0;0;0;5;0;0;0;Super Nova;Dinamo Rīga;1.75;1;0;1;3;1;50;50;50;50;50;0;0;0;0;0;0;6029;13;Y;Y;Y;N;N;N;Y
1281003;7051;7055;2021;complete;70594;3;-1;29,50;69;2;1;3;-1;-1;-1;-1;-1;-1;-1;-1;-1;-1;-1;-1;-1;-1;-1;-1;-1;-1;-1;-1;-1;1.6;4;3.92;1.02;1.16;1.6;2.55;4.4;15.75;4.08;2.2;1.45;1.14;1.7;2.05;0;0;0;0;1.2;1.2;2.1;2.2;2.4;4.33;1.95;2.8;4.1;0;0;0;0;0;0;0;0;0;0;0;0;0;0;0;1.44;0;2.88;0;0;1.28;2.42;5.25;0;3.3;1.44;1.1;0;1.16;1.82;3.56;9;4.6;1.89;1.25;1.04;0;0;0;0;3;1;0;1;1;2;1;2021-07-24 11:00:00;7051;0;50;0;0;0;-1;-1;-1;-1;-1;-1;-1;-1;-1;-1;-1;-1;-1;-1;-1;0;0;0;0;0;0;0;-1;-1;-1;-1;-1;-1;-1;1;0;0;-1;-1;-1;-1;-1;-1;-1;-1;-1;-1;-1;-1;-1;0;0;50;100;100;50;100;100;0;3;0;0;2.5;Tukums;JDFS Alberts;1.83;0.78;1;0;2;0.5;100;100;50;0;0;0;0;0;0;0.96;0.96;6029;14;Y;Y;Y;N;N;N;Y
1281004;7050;7057;2021;complete;70594;3;-1;88;13,20;1;2;3;12;4;16;-1;-1;-1;-1;-1;-1;6;4;14;9;20;13;-1;-1;50;50;-1;-1;1.5;4.1;4.56;1.01;1.11;1.5;2.38;3.52;20.5;5;2.5;1.52;1.21;1.62;2.15;0;0;0;0;1.14;1.2;2.38;1.95;2.5;4.75;1.78;2.95;4.5;0;0;0;0;0;0;0;0;0;0;0;0;0;0;0;1.36;0;3.1;0;0;1.23;2.11;4.52;0;3.7;1.65;1.14;0;1.12;1.66;3.03;7.5;5.3;2.09;1.33;1.06;0;0;0;0;3;0;2;1;0;1;2;2021-07-24 13:00:00;7057;0;75;50;25;0;1;-1;8;1;4;3;9;7;-1;-1;-1;-1;-1;-1;1;70;53;73;62;2.17;1.48;3.65;-1;-1;-1;-1;-1;-1;-1;1;0;0;1;1;-1;-1;-1;-1;-1;-1;-1;-1;-1;-1;-1;0;0;25;100;100;75;75;50;25;7.5;0;0;2.25;Grobiņa;Smiltene;1.43;0.44;2;1;2;2;100;100;75;0;0;50;50;50;1.57;1.1;2.67;6029;14;Y;Y;Y;N;N;N;Y
1281005;671309;7048;2021;complete;70594;3;-1;27,48,73,88,90;;5;0;5;-1;-1;-1;-1;-1;-1;-1;-1;-1;-1;-1;-1;-1;-1;-1;-1;-1;-1;-1;-1;-1;1.79;4;1.91;1.02;1.14;1.55;2.26;4.04;15;5;2.38;1.57;1.2;1.53;2.35;0;0;0;0;1.5;1.2;1.5;2.88;2.4;3;2.5;2.7;2.88;0;0;0;0;0;0;0;0;0;0;0;0;0;0;0;1.8;0;2;0;0;1.25;2.25;5.2;0;3.64;1.57;1.13;0;1.14;1.73;3.4;8;5;1.91;1.25;1.05;0;0;0;0;5;1;0;4;0;4;1;2021-07-24 15:00:00;671309;0;50;50;50;0;-1;-1;-1;-1;-1;-1;-1;-1;-1;-1;-1;-1;-1;-1;-1;0;0;0;0;0;0;0;-1;-1;-1;-1;-1;-1;-1;1;0;0;-1;-1;-1;-1;-1;-1;-1;-1;-1;-1;-1;-1;-1;50;50;50;50;50;50;50;50;50;10;0;0;2.5;Albatroz;Super Nova;1.38;1.8;1;3;1;3;50;50;50;50;50;50;50;0;0;1.27;1.27;6029;13;Y;Y;Y;Y;Y;N;N
1281006;686782;7058;2021;complete;70594;3;-1;;46,46;0;2;2;0;3;3;-1;-1;-1;-1;-1;-1;0;4;0;2;0;6;-1;-1;50;50;-1;-1;2.3;4;1.5;1.01;1.11;1.5;2.15;3.52;21.5;5;2.5;1.63;1.21;1.53;2.35;0;0;0;0;1.73;1.2;1.36;3.4;2.5;2.5;3.2;2.8;2.25;0;0;0;0;0;0;0;0;0;0;0;0;0;0;0;2.25;0;1.62;0;0;1.23;2.12;4.54;0;3.7;1.64;1.14;0;1.12;1.65;3.02;7.5;5.3;2.11;1.34;1.06;0;0;0;0;2;0;0;0;2;2;0;2021-07-24 15:00:00;7058;0;50;0;0;0;1;-1;0;2;0;1;2;1;-1;-1;-1;-1;-1;-1;1;28;43;59;69;0.21;0.97;1.19;-1;-1;-1;-1;-1;-1;-1;1;0;0;0;0;-1;-1;-1;-1;-1;-1;-1;-1;-1;-1;-1;0;0;0;50;50;0;50;50;0;0;0;0;1;Dinamo Rīga;Auda;0.71;1.8;0;1;0.5;2;50;50;50;0;0;0;0;0;0;0;0;6029;13;Y;Y;N;N;N;N;N
1281007;7056;686783;2021;complete;70594;3;-1;7;;1;0;1;8;4;12;-1;-1;-1;-1;-1;-1;3;4;5;6;8;10;-1;-1;50;50;-1;-1;1.28;4.33;3.1;1.01;1.11;1.48;2.16;3.54;21.5;4.98;2.6;1.62;1.21;1.55;2.3;0;0;0;0;1.3;1.2;1.83;2.1;2.5;4;1.9;2.85;4;0;0;0;0;0;0;0;0;0;0;0;0;0;0;0;1.44;0;2.63;0;0;1.23;2.13;4.54;0;3.7;1.64;1.14;0;1.12;1.66;3.02;7;5.3;2.1;1.33;1.06;0;0;0;0;1;1;0;0;0;0;1;2021-07-24 15:00:00;7056;0;50;50;50;0;1;-1;7;0;1;4;7;5;-1;-1;-1;-1;-1;-1;1;57;58;91;99;1.13;1.34;2.47;-1;-1;-1;-1;-1;-1;-1;1;1;0;3;0;-1;-1;-1;-1;-1;-1;-1;-1;-1;-1;-1;100;100;100;100;100;100;100;100;100;13;0;0;5;Rēzekne / BJSS;Saldus SS / Leevon;2;0.71;0;0;0;0;0;0;0;0;0;100;100;50;1.77;1.47;3.24;6029;14;Y;N;N;N;N;N;N
1281008;7050;7051;2021;complete;70594;13;-1;;40,67,74;0;3;3;3;5;8;-1;-1;-1;-1;-1;-1;0;9;4;6;4;15;-1;-1;50;50;-1;-1;3.54;3.94;1.84;1.02;1.17;1.55;2.45;4.12;16;4.4;2.31;1.5;1.2;1.55;2.3;0;0;0;0;1.72;1.24;1.27;3.8;2.3;2.4;3.5;2.75;2.15;0;0;0;0;0;0;0;0;0;0;0;0;0;0;0;2.4;0;1.57;0;0;1.27;2.32;4.84;0;3.4;1.54;1.13;0;1.14;1.77;3.3;8;5;1.94;1.27;1.05;0;0;0;0;3;0;1;0;2;2;1;2021-10-09 12:00:00;7051;0;55;9;37;0;1;-1;3;1;0;4;4;4;-1;-1;-1;-1;-1;-1;1;66;78;134;105;0.75;2.14;2.89;-1;-1;-1;-1;-1;-1;-1;1;0;0;1;0;-1;-1;-1;-1;-1;-1;-1;-1;-1;-1;-1;19;27;47;65;100;47;65;74;37;12.25;0;0;2.67;Grobiņa;Tukums;1.43;2.13;1.4;1.83;1.33;1.83;82;74;54;35;0;75;38;25;1.74;1.33;3.07;6029;14;Y;Y;Y;N;N;N;N
1281009;7055;7056;2021;complete;70594;4;-1;20,34,45,79;75;4;1;5;9;7;16;-1;-1;-1;-1;-1;-1;10;8;9;2;19;10;-1;-1;50;50;-1;-1;1.95;4.3;2.8;1.01;1.14;1.48;2.25;3.1;22.5;4.85;2.6;1.58;1.32;1.45;2.5;0;0;0;0;1.36;1.17;1.73;2.4;2.5;3.25;2.2;2.95;3.05;0;0;0;0;0;0;0;0;0;0;0;0;0;0;0;1.62;15;2.25;0;0;1.22;2.18;4.4;0;3.8;1.58;1.17;0;1.11;1.67;3.3;7.5;5.5;2;1.25;1.06;0;0;0;0;5;3;0;1;1;2;3;2021-08-04 12:00:00;7055;0;50;50;0;0;1;-1;6;1;3;6;7;9;-1;-1;-1;-1;-1;-1;1;82;56;144;127;2.5;1.61;4.11;-1;-1;-1;-1;-1;-1;-1;1;0;0;0;0;-1;-1;-1;-1;-1;-1;-1;-1;-1;-1;-1;0;50;50;100;100;100;100;50;50;7;0;0;3;JDFS Alberts;Rēzekne / BJSS;1;0.83;1;0;0.33;1;100;50;50;0;0;50;50;50;1.45;0.67;2.12;6029;14;Y;Y;Y;Y;Y;N;Y
1281010;7058;7048;2021;complete;70594;4;-1;12,24,38,47,84;;5;0;5;2;7;9;-1;-1;-1;-1;-1;-1;6;0;3;3;9;3;-1;-1;50;50;-1;-1;1.13;6;4.7;1.01;1.11;1.4;2.02;2.8;21;5.45;2.88;1.71;1.38;1.62;2.15;2.38;1.53;8;1.05;1.08;1.11;3.4;1.62;2.88;7;1.58;3.2;5.75;0;0;0;0;0;0;0;0;0;0;0;0;0;0;0;1.25;0;3.6;2.5;10;1.19;2.04;3.9;0;4.2;1.68;1.2;0;1.09;1.62;3.1;7;6.1;2.1;1.3;1.06;0;0;0;0;5;3;0;2;0;2;3;2021-08-04 15:00:00;7058;0;25;25;25;0;1;-1;2;2;0;5;4;5;-1;-1;-1;-1;-1;-1;1;60;37;96;87;1.43;0.47;1.9;-1;-1;-1;-1;-1;-1;-1;1;0;0;1;0;-1;-1;-1;-1;-1;-1;-1;-1;-1;-1;-1;50;100;100;100;100;75;100;100;100;15;0;0;4.5;Auda;Super Nova;2.75;1.8;3;1.5;2.33;2;50;0;0;0;0;50;50;0;1.67;1.27;2.94;6029;13;Y;Y;Y;Y;Y;N;N
1281011;671309;7057;2021;complete;70594;4;-1;25,48,90,90,90;70,83;5;2;7;14;3;17;-1;-1;-1;-1;-1;-1;-1;-1;-1;-1;-1;-1;-1;-1;-1;-1;-1;-1;0;0;0;0;0;0;0;0;0;0;0;0;0;0;0;0;0;0;0;0;0;0;0;0;0;0;0;0;0;0;0;0;0;0;0;0;0;0;0;0;0;0;0;0;0;0;0;0;0;0;0;0;0;0;0;0;0;0;0;0;0;0;0;0;0;0;0;0;7;1;0;4;2;6;1;2021-08-04 15:00:00;671309;0;50;25;0;0;-1;-1;-1;-1;-1;-1;-1;-1;-1;-1;-1;-1;-1;-1;1;0;0;0;0;0;0;0;-1;-1;-1;-1;-1;-1;-1;1;0;0;-1;-1;-1;-1;-1;-1;-1;-1;-1;-1;-1;-1;-1;25;25;50;75;75;50;75;50;25;7;0;0;2.5;Albatroz;Smiltene;1.38;0.44;2;2;1.67;2.33;75;75;50;25;25;50;50;50;0;1.29;1.29;6029;14;Y;Y;Y;Y;Y;Y;Y
1281012;686782;686783;2021;complete;70594;4;-1;;63;0;1;1;5;3;8;-1;-1;-1;-1;-1;-1;-1;-1;-1;-1;-1;-1;-1;-1;-1;-1;-1;-1;0;0;0;0;0;0;0;0;0;0;0;0;0;0;0;0;0;0;0;0;0;0;0;0;0;0;0;0;0;0;0;0;0;0;0;0;0;0;0;0;0;0;0;0;0;0;0;0;0;0;0;0;0;0;0;0;0;0;0;0;0;0;0;0;0;0;0;0;1;0;0;0;1;1;0;2021-08-04 15:00:00;686783;0;0;0;0;0;-1;-1;-1;-1;-1;-1;-1;-1;-1;-1;-1;-1;-1;-1;-1;0;0;0;0;0;0;0;-1;-1;-1;-1;-1;-1;-1;1;0;0;-1;-1;-1;-1;-1;-1;-1;-1;-1;-1;-1;-1;-1;25;25;25;75;100;25;50;75;75;7;0;0;2.5;Dinamo Rīga;Saldus SS / Leevon;0.71;0.71;0;0;0.33;0;75;75;75;25;0;50;50;50;0.21;1.4;1.61;6029;14;Y;N;N;N;N;N;N
1281013;7055;686782;2021;complete;70594;5;-1;68;11,73,75;1;3;4;-1;-1;-1;-1;-1;-1;-1;-1;-1;-1;-1;-1;-1;-1;-1;-1;-1;-1;-1;-1;-1;2.2;3.4;2.75;1.03;1.21;1.72;2.55;4.78;12.75;3.9;2.02;1.45;1.15;1.58;2.25;0;0;0;0;1.36;1.29;1.57;3.2;2.25;2.88;2.95;2.6;2.5;0;0;0;0;0;0;0;0;0;0;0;0;0;0;0;1.95;0;1.95;0;0;1.31;2.45;5.8;0;3.1;1.48;1.1;0;1.18;0;0;0;4.3;0;0;0;0;0;0;0;4;0;1;1;2;3;1;2021-08-14 12:00:00;686782;0;75;25;50;0;-1;-1;-1;-1;-1;-1;-1;-1;-1;-1;-1;-1;-1;-1;-1;0;0;0;0;0;0;0;-1;-1;-1;-1;-1;-1;-1;1;0;0;-1;-1;-1;-1;-1;-1;-1;-1;-1;-1;-1;-1;-1;25;25;50;75;75;50;75;50;50;13;0;0;2.5;JDFS Alberts;Dinamo Rīga;1;1;2;0.5;1;0.25;75;75;50;25;25;50;50;50;1.97;0;1.97;6029;14;Y;Y;Y;Y;N;N;Y
1281014;7056;7050;2021;complete;70594;5;-1;90;7,68;1;2;3;10;3;13;-1;-1;-1;-1;-1;-1;2;3;0;0;2;3;-1;-1;50;50;-1;-1;2.75;4;2;0;1.09;1.35;1.83;2.6;0;6.25;3.1;1.91;1.43;1.32;3.05;0;0;0;0;1.67;1.2;1.36;3.1;2.63;2.5;2.9;3;2.25;0;0;0;0;0;0;0;0;0;0;0;0;0;0;0;1.91;0;1.8;0;0;1.17;1.92;4;0;4.4;1.78;1.2;0;1.08;1.48;0;0;6.4;2.35;0;0;0;0;0;0;3;0;1;1;1;2;1;2021-08-14 13:00:00;7050;0;25;25;25;0;1;-1;2;2;8;1;4;9;-1;-1;-1;-1;-1;-1;1;85;55;105;78;0.89;0.8;1.69;-1;-1;-1;-1;-1;-1;-1;1;0;1;0;0;-1;-1;-1;-1;-1;-1;-1;-1;-1;-1;-1;75;75;75;75;100;25;50;25;25;5.5;0;0;4.5;Rēzekne / BJSS;Grobiņa;2;1.29;1.5;0;0.75;1;25;25;25;25;0;50;50;25;1.45;0;1.45;6029;14;Y;Y;Y;N;N;N;Y
1281015;671309;7058;2021;complete;70594;5;-1;;;0;0;0;3;2;5;-1;-1;-1;-1;-1;-1;5;3;5;9;10;12;-1;-1;50;50;-1;-1;3.75;3.75;1.73;1.01;1.11;1.4;1.92;2.8;24;5.7;2.85;1.82;1.38;1.4;2.7;0;0;0;0;1.91;1.22;1.25;3.6;2.6;2.25;3.6;2.9;2;0;0;0;0;0;0;0;0;0;0;0;0;0;0;0;2.2;0;1.67;0;0;1.19;2;4.4;0;4.2;1.72;1.17;0;1.09;1.54;0;0;6.1;2.26;0;0;0;0;0;0;0;0;0;0;0;0;0;2021-08-14 13:00:00;-1;0;42;0;17;0;1;-1;1;2;2;0;3;2;-1;-1;-1;-1;-1;-1;1;87;57;134;106;1.62;1.38;3;0;0;0;0;0;0;1;1;0;0;0;1;-1;-1;-1;-1;-1;-1;-1;-1;-1;-1;-1;34;34;34;84;84;0;59;84;59;11.5;0;0;3;Albatroz;Auda;1.38;1.8;2.33;2;2;2.5;67;67;67;17;17;25;25;25;0;0.97;0.97;6029;13;N;N;N;N;N;N;N
1281016;7051;7057;2021;complete;70594;5;-1;81,88;;2;0;2;-1;-1;-1;-1;-1;-1;-1;-1;-1;-1;-1;-1;-1;-1;-1;-1;-1;-1;-1;-1;-1;0;0;0;0;0;0;0;0;0;0;0;0;0;0;0;0;0;0;0;0;0;0;0;0;0;0;0;0;0;0;0;0;0;0;0;0;0;0;0;0;0;0;0;0;0;0;0;0;0;0;0;0;0;0;0;0;0;0;0;0;0;0;0;0;0;0;0;0;2;0;0;2;0;2;0;2021-08-14 14:00:00;7051;0;84;17;42;0;-1;-1;-1;-1;-1;-1;-1;-1;-1;-1;-1;-1;-1;-1;-1;0;0;0;0;0;0;0;-1;-1;-1;-1;-1;-1;-1;1;0;0;-1;-1;-1;-1;-1;-1;-1;-1;-1;-1;-1;-1;-1;33;33;67;100;100;34;84;67;33;3.67;0;0;3.84;Tukums;Smiltene;1.83;0.44;2.33;1.33;2.5;1.75;67;67;33;0;0;50;50;50;0;1.29;1.29;6029;14;Y;Y;N;N;N;N;N
1281017;686783;7048;2021;complete;70594;5;-1;22,58;14,65,68;2;3;5;-1;-1;-1;-1;-1;-1;-1;-1;-1;-1;-1;-1;-1;-1;-1;-1;-1;-1;-1;-1;-1;4;4;1.62;0;0;1.4;1.93;0;0;0;2.85;1.81;0;0;0;0;0;0;0;0;0;0;4;2.63;2.1;0;0;0;0;0;0;0;0;0;0;0;0;0;0;0;0;0;0;2.3;0;1.57;0;0;0;0;0;0;0;0;0;0;0;0;0;0;0;0;0;0;0;0;0;0;5;1;1;1;2;3;2;2021-08-14 13:00:00;7048;0;17;17;17;0;-1;-1;-1;-1;-1;-1;-1;-1;-1;-1;-1;-1;-1;-1;-1;0;0;0;0;0;0;0;-1;-1;-1;-1;-1;-1;-1;1;0;0;-1;-1;-1;-1;-1;-1;-1;-1;-1;-1;-1;-1;-1;50;50;50;50;100;34;100;50;50;7;0;0;3;Saldus SS / Leevon;Super Nova;1.14;1.8;0;1;0.75;1.5;50;50;50;50;0;100;25;0;0;0.87;0.87;6029;13;Y;Y;Y;Y;Y;N;Y
1281018;7050;686782;2021;complete;70594;6;-1;44;;1;0;1;-1;-1;-1;-1;-1;-1;-1;-1;-1;-1;-1;-1;-1;-1;-1;-1;-1;-1;-1;-1;-1;2.45;3.6;2.05;1.01;1.14;1.53;2.21;3.6;15;4.76;2.4;1.59;1.23;1.45;2.6;0;0;0;0;1.65;1.23;1.37;3.2;2.5;2.5;2.95;2.8;2.35;0;0;0;0;0;0;0;0;0;0;0;0;0;0;0;2;0;1.8;0;0;1.24;2.2;4.54;0;3.6;1.57;1.15;0;1.13;1.67;3.3;7.5;5.1;2;1.25;1.05;0;0;0;0;1;1;0;0;0;0;1;2021-09-08 14:00:00;7050;0;59;0;42;0;-1;-1;-1;-1;-1;-1;-1;-1;-1;-1;-1;-1;-1;-1;-1;0;0;0;0;0;0;0;-1;-1;-1;-1;-1;-1;-1;1;0;0;-1;-1;-1;-1;-1;-1;-1;-1;-1;-1;-1;-1;-1;0;13;59;88;88;34;71;88;42;12.33;0;0;2.46;Grobiņa;Dinamo Rīga;1.43;1;1.33;1.75;1.17;1.43;100;88;42;13;13;42;42;42;1.77;1.22;2.99;6029;14;Y;N;N;N;N;N;N
1281019;7058;686783;2021;complete;70594;6;-1;-1,-1;;2;0;2;-1;-1;-1;-1;-1;-1;-1;-1;-1;-1;-1;-1;-1;-1;-1;-1;-1;-1;-1;-1;-1;1.01;11;8.75;0;1.02;1.14;1.38;1.87;0;9.75;5.5;2.85;1.84;1.72;2;0;0;0;0;1.01;1.01;6.25;1.25;4.33;13;1.18;5.25;13;0;0;0;0;0;0;0;0;0;0;0;0;0;0;0;1.1;0;7;0;0;0;1.5;0;0;0;2.35;0;0;0;0;0;0;0;0;0;0;0;0;0;0;2;0;0;0;0;0;0;2021-08-18 16:00:00;7058;0;0;0;0;1;-1;-1;-1;-1;-1;-1;-1;-1;-1;-1;-1;-1;-1;-1;-1;0;0;0;0;0;0;0;-1;-1;-1;-1;-1;-1;-1;-1;-1;-1;-1;-1;-1;-1;-1;-1;-1;-1;-1;-1;-1;-1;-1;42;67;67;67;100;67;84;84;67;10.67;0;0;3.42;Auda;Saldus SS / Leevon;2.75;0.71;3;1;2.2;0.6;59;34;34;34;0;59;34;34;1.55;1.4;2.95;6029;13;Y;Y;N;N;N;N;N
1281020;671309;7051;2021;complete;70594;6;-1;;86;0;1;1;5;4;9;-1;-1;-1;-1;-1;-1;7;6;8;7;15;13;-1;-1;50;50;-1;-1;2.25;3.5;1.52;1.02;1.15;1.57;2.24;3.5;17.5;4.77;2.35;1.58;1.26;1.5;2.4;0;0;0;0;1.69;1.26;1.32;3.1;2.4;2.63;3.15;2.7;2.3;0;0;0;0;0;0;0;0;0;0;0;0;0;0;0;2.1;0;1.8;0;0;1.25;2.18;4.7;0;3.6;1.58;1.15;0;1.13;1.67;3.3;8;5.1;2;1.25;1.05;0;0;0;0;1;0;0;0;1;1;0;2021-08-25 15:00:00;7051;0;13;0;13;0;1;-1;2;2;3;2;4;5;-1;-1;-1;-1;-1;-1;1;71;69;117;134;1.95;1.75;3.7;-1;-1;-1;-1;-1;-1;-1;1;0;0;0;0;-1;-1;-1;-1;-1;-1;-1;-1;-1;-1;-1;25;25;25;25;75;0;75;25;25;15.67;0;0;2;Albatroz;Tukums;1.38;2.13;2;3;1.8;2.6;75;75;75;75;25;67;17;17;1.62;0;1.62;6029;14;Y;N;N;N;N;N;N
1281021;7056;7057;2021;complete;70594;6;-1;66,74;14;2;1;3;11;1;12;-1;-1;-1;-1;-1;-1;7;2;8;1;15;3;-1;-1;50;50;-1;-1;1.91;3.7;2.65;1.01;1.1;1.33;1.83;2.8;21;5.8;3.4;1.98;1.38;1.32;3.15;0;0;0;0;1.36;1.2;1.67;2.5;2.63;3;2.25;3;2.9;0;0;0;0;0;0;0;0;0;0;0;0;0;0;0;1.67;0;2.1;0;0;1.16;1.87;3.94;0;4.6;1.83;1.2;0;1.07;1.5;2.7;6;6.8;2.3;1.36;1.08;0;0;0;0;3;0;1;2;0;2;1;2021-08-21 13:00:00;7056;0;71;29;46;0;1;-1;4;0;7;0;4;7;-1;-1;-1;-1;-1;-1;1;76;39;111;81;1.99;0.62;2.61;-1;-1;-1;-1;-1;-1;-1;1;0;0;1;0;-1;-1;-1;-1;-1;-1;-1;-1;-1;-1;-1;29;29;59;84;100;42;88;71;59;10.67;0;0;3.25;Rēzekne / BJSS;Smiltene;2;0.44;1;1;0.6;1.4;71;71;42;17;0;100;100;84;1.26;1.29;2.55;6029;14;Y;Y;Y;N;N;N;Y
1281022;7048;7055;2021;complete;70594;6;-1;27;70,84;1;2;3;1;3;4;-1;-1;-1;-1;-1;-1;2;2;1;0;3;2;-1;-1;50;50;-1;-1;1.7;4.5;1.95;0;1.11;1.3;1.8;3.08;0;5.55;3.5;2;1.32;1.35;2.9;0;0;0;0;1.45;1.18;1.55;2.6;2.75;2.75;2.4;3;2.7;0;0;0;0;0;0;0;0;0;0;0;0;0;0;0;1.73;17;2;0;0;1.19;2.04;4.14;0;4.2;1.69;1.19;0;1.09;1.55;0;0;6.1;2.24;0;0;0;0;0;0;3;1;0;0;2;2;1;2021-08-22 16:00:00;7055;0;75;0;75;0;1;-1;1;3;0;0;4;0;-1;-1;-1;-1;-1;-1;1;25;15;38;25;0.51;0.38;0.89;-1;-1;-1;-1;-1;-1;-1;1;0;0;1;2;-1;-1;-1;-1;-1;-1;-1;-1;-1;-1;-1;0;0;100;100;100;25;100;100;75;3;0;0;3;Super Nova;JDFS Alberts;1.75;0.78;3;0;1.8;0.8;100;100;0;0;0;0;0;0;0;0.96;0.96;6029;13;Y;Y;Y;N;N;N;Y
1281024;7056;7051;2021;complete;70594;7;-1;11,26,66,90;79;4;1;5;4;5;9;-1;-1;-1;-1;-1;-1;5;4;4;6;9;10;-1;-1;50;50;-1;-1;8.07;5.53;1.18;1.01;1.12;1.4;2.12;3;24;5.3;2.73;1.65;1.33;1.88;1.82;0;0;0;0;3.15;1.1;1.05;8;2.88;1.57;8;3.4;1.42;0;0;0;0;0;0;0;0;0;0;0;0;0;0;0;4.33;0;1.22;0;0;1.21;2.05;4.14;0;3.9;1.66;1.19;0;1.11;1.57;3;7;5.5;2.1;1.3;1.06;0;0;0;0;5;2;0;2;1;3;2;2021-08-28 12:00:00;7056;0;38;13;25;0;1;-1;2;4;2;1;6;3;-1;-1;-1;-1;-1;-1;1;55;79;101;107;1.32;1.49;2.81;-1;-1;-1;-1;-1;-1;-1;1;0;0;1;1;-1;-1;-1;-1;-1;-1;-1;-1;-1;-1;-1;13;13;38;38;100;13;75;63;38;14.5;0;0;2;Rēzekne / BJSS;Tukums;2;2.13;1.5;3;1;2.67;88;88;63;63;0;100;50;38;1.44;1.75;3.19;6029;14;Y;Y;Y;Y;Y;N;Y
1281025;671309;686783;2021;complete;70594;7;-1;;;0;0;0;-1;-1;-1;-1;-1;-1;-1;-1;-1;-1;-1;-1;-1;-1;-1;-1;-1;-1;-1;-1;-1;1.25;5;9;0;0;1.6;0;0;0;0;2.2;0;0;0;0;0;0;0;0;0;0;0;0;0;0;0;0;0;0;0;0;0;0;0;0;0;0;0;0;0;0;0;0;0;0;0;0;0;0;0;0;0;0;0;0;0;0;0;0;0;0;0;0;0;0;0;0;0;0;0;0;0;0;0;0;2021-08-28 13:00:00;-1;0;10;0;10;0;-1;-1;-1;-1;-1;-1;-1;-1;-1;-1;-1;-1;-1;-1;-1;0;0;0;0;0;0;0;0;0;0;0;0;0;1;1;0;0;-1;-1;-1;-1;-1;-1;-1;-1;-1;-1;-1;-1;-1;33;33;33;45;80;13;45;55;33;11.92;0;0;2.43;Albatroz;Saldus SS / Leevon;1.38;0.71;1.6;0.75;1.5;0.5;68;68;68;55;20;59;46;46;1.79;1.4;3.19;6029;14;N;N;N;N;N;N;N
1281026;686782;7057;2021;complete;70594;7;-1;41,43,76;28;3;1;4;-1;-1;-1;-1;-1;-1;-1;-1;-1;-1;-1;-1;-1;-1;-1;-1;-1;-1;-1;-1;-1;1.3;4;3.2;0;0;1.6;0;0;0;0;2.2;0;0;0;0;0;0;0;0;0;0;0;0;0;0;0;0;0;0;0;0;0;0;0;0;0;0;0;0;0;0;0;0;0;0;0;0;0;0;0;0;0;0;0;0;0;0;0;0;0;0;0;0;0;0;0;0;0;4;2;1;1;0;1;3;2021-08-28 15:00:00;686782;0;40;10;10;0;-1;-1;-1;-1;-1;-1;-1;-1;-1;-1;-1;-1;-1;-1;-1;0;0;0;0;0;0;0;-1;-1;-1;-1;-1;-1;-1;1;0;0;-1;-1;-1;-1;-1;-1;-1;-1;-1;-1;-1;-1;-1;10;10;30;75;100;20;40;90;55;5.5;0;0;2.45;Dinamo Rīga;Smiltene;0.71;0.44;0;0.8;0.8;1.17;90;90;70;25;0;50;50;50;0.21;1.07;1.28;6029;14;Y;Y;Y;Y;N;N;Y
1281027;7048;7050;2021;complete;70594;7;-1;26,88;83;2;1;3;6;6;12;-1;-1;-1;-1;-1;-1;3;2;0;0;3;2;-1;-1;50;50;-1;-1;2.93;3.85;2.05;1.02;1.16;1.55;2.32;3.5;18;4.55;2.32;1.54;1.25;1.5;2.4;0;0;0;0;1.7;1.22;1.36;3.3;2.3;2.6;3;2.8;2.35;0;0;0;0;0;0;0;0;0;0;0;0;0;0;0;2.1;0;1.73;0;0;1.25;2.24;4.6;0;3.6;1.55;1.16;0;1.14;1.67;3.4;8;4.9;1.91;1.25;1.05;0;0;0;0;3;1;0;1;1;2;1;2021-08-29 11:30:00;7048;0;75;0;75;0;1;-1;3;1;3;5;4;8;-1;-1;-1;-1;-1;-1;1;52;43;0;0;0.76;0.57;1.33;-1;-1;-1;-1;-1;-1;-1;1;0;0;0;1;-1;-1;-1;-1;-1;-1;-1;-1;-1;-1;-1;25;25;100;100;100;0;75;75;75;4;0;0;3.75;Super Nova;Grobiņa;1.75;1.29;1.5;1.5;1.5;1.4;75;75;0;0;0;50;50;50;0.51;0.8;1.31;6029;13;Y;Y;Y;N;N;N;Y
1281028;7051;686782;2021;complete;70594;8;-1;;7,49;0;2;2;8;7;15;-1;-1;-1;-1;-1;-1;0;4;3;4;3;8;-1;-1;50;50;-1;-1;1.95;3.5;3.2;1.03;1.21;1.69;2.67;4.7;13.25;3.93;2.04;1.42;1.15;1.62;2.15;0;0;0;0;1.28;1.25;1.68;2.5;2.2;3.7;2.25;2.65;3.4;0;0;0;0;0;0;0;0;0;0;0;0;0;0;0;1.67;12;2.4;0;0;1.3;2.43;5.25;0;3.2;1.45;1.11;0;1.17;1.83;4;10;4.4;1.73;1.17;1.03;0;0;0;0;2;0;1;0;1;1;1;2021-09-04 12:00:00;686782;0;59;0;50;0;1;-1;5;1;3;6;6;9;-1;-1;-1;-1;-1;-1;1;74;60;89;89;0.73;1.22;1.95;-1;-1;-1;-1;-1;-1;-1;1;0;1;2;0;-1;-1;-1;-1;-1;-1;-1;-1;-1;-1;-1;13;29;59;84;84;0;59;71;59;5;0;0;2.79;Tukums;Dinamo Rīga;1.83;1;2.5;1.33;2.29;1.17;88;71;42;17;17;0;0;0;0;0;0;6029;14;Y;Y;N;N;N;N;N
1281029;7050;7058;2021;complete;70594;8;-1;53;10,24,27,46,71;1;5;6;8;2;10;-1;-1;-1;-1;-1;-1;6;10;3;4;9;14;-1;-1;50;50;-1;-1;4.5;4.5;1.5;1.01;1.11;1.38;2.02;3.1;19;5.3;2.81;1.71;1.3;1.48;2.45;0;0;0;0;2.23;1.19;1.17;4.5;2.75;1.95;4.25;3.05;1.8;0;0;0;0;0;0;0;0;0;0;0;0;0;0;0;2.63;0;1.44;0;0;1.19;2.06;4;0;4.2;1.71;1.19;0;1.12;1.62;3;7;5.5;2.1;1.3;1.06;0;0;0;0;6;0;3;1;2;3;3;2021-09-29 13:00:00;7058;0;38;0;13;0;1;-1;5;1;3;1;6;4;-1;-1;-1;-1;-1;-1;1;90;59;112;83;1.64;2.01;3.65;-1;-1;-1;-1;-1;-1;-1;1;0;1;0;1;-1;-1;-1;-1;-1;-1;-1;-1;-1;-1;-1;0;0;25;63;75;25;50;63;25;8.83;0;0;1.63;Grobiņa;Auda;1.43;1.8;1.75;1.5;1.5;2.2;100;100;75;38;25;17;17;17;1.77;1.18;2.95;6029;13;Y;Y;Y;Y;Y;Y;Y
1281030;7056;671309;2021;complete;70594;8;-1;24,82;59;2;1;3;-1;-1;-1;-1;-1;-1;-1;-1;-1;-1;-1;-1;-1;-1;-1;-1;-1;-1;-1;-1;-1;0;0;0;0;0;0;0;0;0;0;0;0;0;0;0;0;0;0;0;0;0;0;0;0;0;0;0;0;0;0;0;0;0;0;0;0;0;0;0;0;0;0;0;0;0;0;0;0;0;0;0;0;0;0;0;0;0;0;0;0;0;0;0;0;0;0;0;0;3;1;0;1;1;2;1;2021-09-04 13:00:00;7056;0;90;10;80;0;-1;-1;-1;-1;-1;-1;-1;-1;-1;-1;-1;-1;-1;-1;-1;0;0;0;0;0;0;0;-1;-1;-1;-1;-1;-1;-1;1;0;0;-1;-1;-1;-1;-1;-1;-1;-1;-1;-1;-1;-1;-1;20;20;40;90;100;20;50;90;90;12.2;0;0;2.7;Rēzekne / BJSS;Albatroz;2;1.33;1.8;1;1.29;1.43;80;80;60;10;0;50;40;30;1.42;1.63;3.05;6029;14;Y;Y;Y;N;N;N;Y
1281031;686783;7055;2021;complete;70594;8;-1;;;0;0;0;2;5;7;-1;-1;-1;-1;-1;-1;-1;-1;-1;-1;-1;-1;-1;-1;-1;-1;-1;-1;3.75;3.75;1.75;0;0;1.7;0;0;0;0;2.1;0;0;0;0;0;0;0;0;0;0;0;4;2.3;2.3;0;0;0;0;0;0;0;0;0;0;0;0;0;0;0;0;0;0;2.6;0;1.57;0;0;0;0;0;0;0;0;0;0;0;0;0;0;0;0;0;0;0;0;0;0;0;0;0;0;0;0;0;2021-09-04 15:00:00;-1;0;63;25;38;0;1;-1;0;3;2;2;3;4;-1;-1;-1;-1;-1;-1;1;2;5;100;96;0;0;0;0;0;0;0;0;0;1;1;0;0;0;0;-1;-1;-1;-1;-1;-1;-1;-1;-1;-1;-1;25;38;75;75;100;38;100;75;63;3;0;0;3.13;Saldus SS / Leevon;JDFS Alberts;1.14;0.78;0;0.75;0.57;1;75;63;25;25;0;50;0;0;0;0.67;0.67;6029;14;N;N;N;N;N;N;N
1281032;7048;7057;2021;complete;70594;8;-1;10,14,30,37,47,64,81,85;;8;0;8;12;3;15;-1;-1;-1;-1;-1;-1;9;0;0;0;9;0;-1;-1;50;50;-1;-1;1.53;4.33;4.33;1.01;1.11;1.45;2.03;3.15;20;5.25;2.68;1.7;1.29;1.53;2.43;0;0;0;0;1.25;1.15;1.8;2;2.6;4.5;1.82;3;4.46;0;0;0;0;0;0;0;0;0;0;0;0;0;0;0;1.4;0;2.88;0;0;1.25;2.05;4.1;0;3.5;1.66;1.18;0;1.11;1.59;2.78;7;6;2.16;1.35;1.06;0;0;0;0;8;4;0;4;0;4;4;2021-09-05 14:00:00;7048;0;92;17;42;0;1;-1;3;2;9;1;5;10;-1;-1;-1;-1;-1;-1;1;52;31;0;0;1.55;0.22;1.77;-1;-1;-1;-1;-1;-1;-1;1;1;0;0;0;-1;-1;-1;-1;-1;-1;-1;-1;-1;-1;-1;9;17;84;100;100;25;92;92;75;6.5;0;0;3.25;Super Nova;Smiltene;1.75;0.44;2;0.67;1.71;1;92;84;17;0;0;75;75;75;0.64;1.07;1.71;6029;13;Y;Y;Y;Y;Y;Y;N
1281033;7058;7057;2021;complete;70594;9;-1;13,40,45,48,53,57,68;;7;0;7;-1;-1;-1;-1;-1;-1;-1;-1;-1;-1;-1;-1;-1;-1;-1;-1;-1;-1;-1;-1;-1;1.1;8.25;13;0;1.05;1.22;1.53;2.12;0;7.8;4.2;2.34;1.64;1.65;2.1;0;0;0;0;1.01;1.04;6.5;1.4;3.5;9.5;0;0;0;0;0;0;0;0;0;0;0;0;0;0;0;0;0;0;1.17;0;5;0;0;1.11;1.7;3;0;5.5;2.07;1.32;0;1.04;0;0;0;8.4;0;0;0;0;0;0;0;7;3;0;4;0;4;3;2021-09-11 12:00:00;7058;0;48;15;7;0;-1;-1;-1;-1;-1;-1;-1;-1;-1;-1;-1;-1;-1;-1;-1;0;0;0;0;0;0;0;-1;-1;-1;-1;-1;-1;-1;1;0;0;-1;-1;-1;-1;-1;-1;-1;-1;-1;-1;-1;-1;-1;27;59;73;100;100;54;81;81;66;8;0;0;3.95;Auda;Smiltene;2.75;0.44;3;0.57;2.43;0.88;73;41;27;0;0;75;50;50;1.55;0.85;2.4;6029;13;Y;Y;Y;Y;Y;Y;N
1281034;686782;7056;2021;complete;70594;9;-1;25,28;48,66;2;2;4;5;9;14;-1;-1;-1;-1;-1;-1;5;6;5;5;10;11;-1;-1;50;50;-1;-1;1.65;3.75;3.45;1.02;1.15;1.53;2.29;3.8;18.25;4.54;2.4;1.55;1.21;1.57;2.34;0;0;0;0;1.22;1.2;2.03;2.27;2.5;4.32;2.03;2.9;3.96;0;0;0;0;0;0;0;0;0;0;0;0;0;0;0;0;0;0;0;0;1.25;2.27;4.7;0;3.6;1.57;1.14;0;1.13;1.72;3.15;0;5.1;2;1.29;0;0;0;0;0;4;2;0;0;2;2;2;2021-09-11 12:00:00;-1;0;42;17;25;0;1;-1;0;4;0;5;4;5;-1;-1;-1;-1;-1;-1;1;51;52;92;99;1.35;1.5;2.85;-1;-1;-1;-1;-1;-1;-1;1;0;0;0;1;-1;-1;-1;-1;-1;-1;-1;-1;-1;-1;-1;25;67;67;84;100;67;67;100;67;6;0;0;3.42;Dinamo Rīga;Rēzekne / BJSS;0.71;0.83;1;0;1.25;1.5;75;34;34;17;0;25;25;25;0.21;1.14;1.35;6029;14;Y;Y;Y;Y;N;N;Y
1281035;671309;7055;2021;complete;70594;9;-1;;;0;0;0;7;1;8;-1;-1;-1;-1;-1;-1;0;0;5;3;5;3;-1;-1;50;50;-1;-1;1.47;4.3;4;1.02;1.19;1.62;2.53;4.24;17.5;4;2.25;1.46;1.17;1.7;2;0;0;0;0;1.17;1.14;2.38;2;2.5;4.75;1.82;2.9;4.5;0;0;0;0;0;0;0;0;0;0;0;0;0;0;0;1.36;0;3.2;0;0;1.27;2.41;5.1;0;3.4;1.5;1.12;0;1.15;0;0;0;4.7;0;0;0;0;0;0;0;0;0;0;0;0;0;0;2021-09-11 13:00:00;-1;0;39;0;19;0;1;-1;5;1;2;0;6;2;-1;-1;-1;-1;-1;-1;1;66;28;92;73;0.8;0.4;1.2;0;0;0;0;0;0;1;1;0;0;0;0;-1;-1;-1;-1;-1;-1;-1;-1;-1;-1;-1;17;27;57;57;65;10;57;65;47;9.92;0;0;2.39;Albatroz;JDFS Alberts;1.38;0.78;1.5;0.8;1.25;1;84;74;44;44;35;25;13;13;1.79;0.67;2.46;6029;14;N;N;N;N;N;N;N
1281036;686783;7050;2021;complete;70594;9;-1;7;31,90;1;2;3;5;5;10;-1;-1;-1;-1;-1;-1;3;8;4;4;7;12;-1;-1;50;50;-1;-1;3.6;4.1;1.73;0;0;1.6;0;0;0;0;2.2;0;0;0;0;0;0;0;0;0;0;0;4;2.4;2.25;0;0;0;0;0;0;0;0;0;0;0;0;0;0;0;0;0;0;2.6;0;1.5;0;0;0;0;0;0;0;0;0;0;0;0;0;0;0;0;0;0;0;0;0;0;3;1;1;0;1;1;2;2021-09-11 17:00:00;7050;0;50;17;67;0;1;-1;4;3;1;2;7;3;-1;-1;-1;-1;-1;-1;1;55;63;96;93;1.06;1.77;2.83;-1;-1;-1;-1;-1;-1;-1;1;1;0;1;0;-1;-1;-1;-1;-1;-1;-1;-1;-1;-1;-1;33;33;67;67;84;17;67;50;50;5.5;0;0;3;Saldus SS / Leevon;Grobiņa;1.14;1.29;0.33;1;0.63;1.43;67;67;34;34;17;75;50;50;0;0.68;0.68;6029;14;Y;Y;Y;N;N;N;Y
1281037;7048;7051;2021;complete;70594;9;-1;62,71;52,87;2;2;4;-1;-1;-1;-1;-1;-1;-1;-1;-1;-1;-1;-1;-1;-1;-1;-1;-1;-1;-1;-1;-1;2.4;3.75;2.3;1.01;1.11;1.38;1.94;2.8;25;5.3;2.81;1.76;1.38;1.38;2.8;0;0;0;0;1.53;1.22;1.49;2.75;2.6;2.75;2.65;2.9;2.55;0;0;0;0;0;0;0;0;0;0;0;0;0;0;0;1.8;0;1.95;0;0;1.19;2.06;4;0;4.2;1.71;1.19;0;1.09;1.56;2.7;0;6.1;2.22;1.37;0;0;0;0;0;4;0;0;2;2;4;0;2021-09-12 14:00:00;-1;0;54;0;42;0;-1;-1;-1;-1;-1;-1;-1;-1;-1;-1;-1;-1;-1;-1;-1;0;0;0;0;0;0;0;-1;-1;-1;-1;-1;-1;-1;1;0;0;-1;-1;-1;-1;-1;-1;-1;-1;-1;-1;-1;-1;-1;29;29;67;67;100;29;84;84;67;12.33;0;0;3.29;Super Nova;Tukums;1.75;2.13;2.25;2;1.88;2;71;71;34;34;0;84;34;34;0.94;1.62;2.56;6029;13;Y;Y;Y;Y;N;N;Y
1281038;686782;671309;2021;complete;70594;10;-1;28;3,11,82,88;1;4;5;1;7;8;-1;-1;-1;-1;-1;-1;2;6;0;3;2;9;-1;-1;45;55;-1;-1;1.82;3.2;1.82;1.07;1.44;2.25;3.8;7.3;7.75;2.6;1.62;1.22;1.06;2;1.75;0;0;0;0;1.45;1.3;1.45;3.25;2.05;3.25;2.9;2.35;2.9;0;0;0;0;0;0;0;0;0;0;0;0;0;0;0;2.05;8;2.05;0;0;1.48;3.24;7.8;0;2.47;1.28;1.05;0;1.32;2.4;6;18;3.1;1.44;1.08;1.01;0;0;0;0;5;1;2;0;2;2;3;2021-10-20 11:00:00;671309;0;55;21;46;0;1;-1;1;4;0;3;5;3;-1;-1;-1;-1;-1;-1;1;51;69;80;87;0.65;1.49;2.13;-1;-1;-1;-1;-1;-1;-1;1;0;1;0;0;-1;-1;-1;-1;-1;-1;-1;-1;-1;-1;-1;10;35;45;74;82;27;45;72;55;11.67;0;0;2.55;Dinamo Rīga;Albatroz;0.71;1.33;0.83;1;0.92;1.23;90;65;55;27;19;59;42;42;0.8;1.61;2.41;6029;14;Y;Y;Y;Y;Y;N;Y
1281039;7058;7051;2021;complete;70594;10;-1;17;37;1;1;2;7;4;11;-1;-1;-1;-1;-1;-1;2;2;3;3;5;5;-1;-1;50;50;-1;-1;1.42;4.7;4.3;1.01;1.17;1.55;2.6;3.9;20.5;4.24;2.32;1.45;1.2;1.7;2.05;0;0;0;0;1.14;1.13;2.5;1.91;2.6;5;1.72;3;4.7;0;0;0;0;0;0;0;0;0;0;0;0;0;0;0;1.3;0;3.4;0;0;1.25;2.34;4.84;0;3.6;1.53;1.13;0;1.14;0;0;0;4.9;0;0;0;0;0;0;0;2;1;1;0;0;0;2;2021-09-18 12:00:00;-1;0;35;0;25;0;1;-1;1;3;6;1;4;7;-1;-1;-1;-1;-1;-1;1;65;42;111;84;0.94;0.77;1.71;-1;-1;-1;-1;-1;-1;-1;1;0;0;1;0;-1;-1;-1;-1;-1;-1;-1;-1;-1;-1;-1;33;65;65;75;100;43;65;78;65;11;0;0;3.58;Auda;Tukums;2.75;2.13;3;1.75;2.5;1.89;68;35;35;25;0;75;0;0;1.55;1.62;3.17;6029;13;Y;Y;N;N;N;N;Y
1281040;686783;7057;2021;complete;70594;10;-1;4,16,17,89;77;4;1;5;2;2;4;-1;-1;-1;-1;-1;-1;-1;-1;-1;-1;-1;-1;-1;-1;-1;-1;-1;-1;2.25;4.5;2.25;0;0;0;0;0;0;0;0;0;0;0;0;0;0;0;0;0;0;0;0;0;0;0;0;0;0;0;0;0;0;0;0;0;0;0;0;0;0;0;0;0;0;0;0;0;0;0;0;0;0;0;0;0;0;0;0;0;0;0;0;0;0;0;0;0;5;3;0;1;1;2;3;2021-09-18 14:00:00;686783;0;57;38;19;0;-1;-1;-1;-1;-1;-1;-1;-1;-1;-1;-1;-1;-1;-1;1;0;0;0;0;0;0;0;-1;-1;-1;-1;-1;-1;-1;1;1;0;-1;-1;-1;-1;-1;-1;-1;-1;-1;-1;-1;-1;-1;32;38;63;75;88;57;82;69;44;5.33;0;0;3.38;Saldus SS / Leevon;Smiltene;1.14;0.44;0.25;0.5;0.56;0.78;69;63;38;25;13;84;67;50;1.06;0.85;1.91;6029;14;Y;Y;Y;Y;Y;N;Y
1281041;7055;7050;2021;complete;70594;10;-1;-1;-1;1;1;2;-1;-1;-1;-1;-1;-1;-1;-1;-1;-1;-1;-1;-1;-1;-1;-1;-1;-1;-1;-1;-1;2.25;4.2;2.25;1.01;1.16;1.5;2.35;3.4;21.5;4.4;2.41;1.53;1.27;1.52;2.35;0;0;0;0;1.5;1.18;1.5;2.88;2.5;2.88;2.6;2.9;2.6;0;0;0;0;0;0;0;0;0;0;0;0;0;0;0;1.91;0;1.91;0;0;1.24;2.29;4.84;0;3.6;1.55;1.13;0;1.13;1.67;3.3;8;5.1;2;1.25;1.05;0;0;0;0;2;0;0;0;0;0;0;2021-09-19 12:00:00;-1;0;88;33;67;1;-1;-1;-1;-1;-1;-1;-1;-1;-1;-1;-1;-1;-1;-1;-1;0;0;0;0;0;0;0;-1;-1;-1;-1;-1;-1;-1;-1;-1;-1;-1;-1;-1;-1;-1;-1;-1;-1;-1;-1;-1;-1;-1;29;46;84;100;100;46;88;71;59;12.67;0;0;3.71;JDFS Alberts;Grobiņa;1;1.29;1.33;1.5;1;1.63;71;54;17;0;0;100;100;84;1.97;1.05;3.02;6029;14;Y;Y;N;N;N;N;Y
1281042;7048;7056;2021;complete;70594;10;-1;;49,59,90;0;3;3;4;4;8;-1;-1;-1;-1;-1;-1;2;6;2;5;4;11;-1;-1;50;50;-1;-1;1.75;4.6;3.1;0;1.08;1.27;1.75;2.4;31;6.5;3.41;1.97;1.5;1.35;3;0;0;0;0;1.32;1.15;1.82;2.2;2.75;3.4;2;3.2;3.2;0;0;0;0;0;0;0;0;0;0;0;0;0;0;0;1.53;0;2.38;0;0;1.15;1.89;3.5;0;4.7;1.84;1.24;0;1.06;1.4;2.38;5;7.3;2.62;1.5;1.12;0;0;0;0;3;0;0;0;3;3;0;2021-09-19 13:00:00;7056;0;74;0;47;0;1;-1;4;0;0;4;4;4;-1;-1;-1;-1;-1;-1;1;46;65;84;93;0.74;1.58;2.32;-1;-1;-1;-1;-1;-1;-1;1;0;0;0;0;-1;-1;-1;-1;-1;-1;-1;-1;-1;-1;-1;27;70;100;100;100;60;90;100;100;11.66;0;0;4.27;Super Nova;Rēzekne / BJSS;1.75;0.83;2;0.33;1.78;1.44;74;30;0;0;0;67;67;67;0.94;1.26;2.2;6029;13;Y;Y;Y;N;N;N;N
1281043;7056;7058;2021;complete;70594;11;-1;;;0;0;0;-1;-1;-1;-1;-1;-1;-1;-1;-1;-1;-1;-1;-1;-1;-1;-1;-1;-1;-1;-1;-1;7.78;5.5;1.22;0;0;0;2;0;0;0;0;1.74;0;0;0;0;0;0;0;2.9;1.11;1.07;0;0;0;0;0;0;0;0;0;0;0;0;0;0;0;0;0;0;0;0;0;0;0;0;0;0;0;0;0;0;0;0;0;0;0;0;0;0;0;0;0;0;0;0;0;0;0;0;0;0;0;0;0;2021-09-25 12:00:00;-1;0;58;9;34;0;-1;-1;-1;-1;-1;-1;-1;-1;-1;-1;-1;-1;-1;-1;-1;0;0;0;0;0;0;0;0;0;0;0;0;0;1;1;0;0;-1;-1;-1;-1;-1;-1;-1;-1;-1;-1;-1;-1;-1;17;17;42;75;84;17;67;75;58;9.7;0;0;2.33;Rēzekne / BJSS;Auda;2;1.8;2;1.67;1.6;2.33;84;84;59;25;17;50;40;30;1.42;1.18;2.6;6029;13;N;N;N;N;N;N;N
1281044;686782;7048;2021;complete;70594;11;-1;71;27,49,83;1;3;4;10;4;14;-1;-1;-1;-1;-1;-1;2;4;0;0;2;4;-1;-1;54;46;-1;-1;2.13;3.9;2.6;1.02;1.16;1.6;2.36;4;15;4.4;2.3;1.52;1.19;1.53;2.44;0;0;0;0;1.45;1.22;1.56;2.75;2.38;3;2.5;2.7;2.88;0;0;0;0;0;0;0;0;0;0;0;0;0;0;0;1.8;13;2.05;0;0;1.26;2.28;4.84;0;3.5;1.55;1.13;0;1.14;1.76;3.3;8;4.9;1.95;1.27;1.05;0;0;0;0;4;0;1;1;2;3;1;2021-10-06 12:00:00;7048;0;50;38;25;0;1;-1;5;3;5;1;8;6;-1;-1;-1;-1;-1;-1;1;77;57;87;84;0.83;0.95;1.78;-1;-1;-1;-1;-1;-1;-1;1;0;0;1;0;-1;-1;-1;-1;-1;-1;-1;-1;-1;-1;-1;50;75;75;88;100;63;75;100;75;10.33;0;0;3.88;Dinamo Rīga;Super Nova;0.71;1.8;1;1.5;1.1;1.55;50;25;25;13;0;67;42;17;0.78;0.87;1.65;6029;13;Y;Y;Y;Y;N;N;Y
1281045;671309;7050;2021;complete;70594;11;-1;46;66;1;1;2;-1;-1;-1;-1;-1;-1;-1;-1;-1;-1;-1;-1;-1;-1;-1;-1;-1;-1;-1;-1;-1;1.55;3.85;2.2;0;0;0;2.3;0;0;0;0;1.56;0;0;0;0;0;0;0;1.35;1.22;1.62;0;0;0;0;0;0;0;0;0;0;0;0;0;0;0;0;0;0;0;0;0;0;0;0;0;0;0;0;0;0;0;0;0;0;0;0;0;0;0;0;0;0;0;0;0;0;2;0;0;1;1;2;0;2021-09-25 13:00:00;-1;0;47;17;41;0;-1;-1;-1;-1;-1;-1;-1;-1;-1;-1;-1;-1;-1;-1;-1;0;0;0;0;0;0;0;-1;-1;-1;-1;-1;-1;-1;1;0;0;-1;-1;-1;-1;-1;-1;-1;-1;-1;-1;-1;-1;-1;25;25;55;65;72;10;45;52;35;11.07;0;0;2.63;Albatroz;Grobiņa;1.38;1.29;1.43;1.4;1.22;1.56;76;76;46;36;29;70;60;44;1.46;1.05;2.51;6029;14;Y;Y;N;N;N;N;Y
1281046;7057;7055;2021;complete;70594;11;-1;31;20;1;1;2;-1;-1;-1;-1;-1;-1;-1;-1;-1;-1;-1;-1;-1;-1;-1;-1;-1;-1;-1;-1;-1;2.3;3.7;2.35;0;0;0;2.15;0;0;0;0;1.64;0;0;0;0;0;0;0;1.45;1.23;1.48;0;0;0;0;0;0;0;0;0;0;0;0;0;0;0;0;0;0;0;0;0;0;0;0;0;0;0;0;0;0;0;0;0;0;0;0;0;0;0;0;0;0;0;0;0;0;2;1;1;0;0;0;2;2021-09-25 13:00:00;-1;0;25;0;9;0;-1;-1;-1;-1;-1;-1;-1;-1;-1;-1;-1;-1;-1;-1;-1;0;0;0;0;0;0;0;-1;-1;-1;-1;-1;-1;-1;1;0;0;-1;-1;-1;-1;-1;-1;-1;-1;-1;-1;-1;-1;-1;50;59;84;84;84;59;84;84;75;9;0;0;3.59;Smiltene;JDFS Alberts;1;0.78;3;0.83;0.7;1;50;42;17;17;17;50;50;50;1.21;0.58;1.79;6029;14;Y;Y;N;N;N;N;Y
1281047;7051;686783;2021;complete;70594;11;-1;;;0;0;0;-1;-1;-1;-1;-1;-1;-1;-1;-1;-1;-1;-1;-1;-1;-1;-1;-1;-1;-1;-1;-1;1.46;4.1;4.97;0;0;0;2.2;0;0;0;0;1.61;0;0;0;0;0;0;0;0;0;0;0;0;0;0;0;0;0;0;0;0;0;0;0;0;0;0;0;0;0;0;0;0;0;0;0;0;0;0;0;0;0;0;0;0;0;0;0;0;0;0;0;0;0;0;0;0;0;0;0;0;0;0;0;2021-09-25 14:00:00;-1;0;20;0;13;0;-1;-1;-1;-1;-1;-1;-1;-1;-1;-1;-1;-1;-1;-1;-1;0;0;0;0;0;0;0;0;0;0;0;0;0;1;1;0;0;-1;-1;-1;-1;-1;-1;-1;-1;-1;-1;-1;-1;-1;20;20;30;70;90;10;50;60;30;13.67;0;0;2.4;Tukums;Saldus SS / Leevon;1.83;0.71;2;0.8;1.8;0.8;80;80;70;30;10;84;84;84;0.73;1.4;2.13;6029;14;N;N;N;N;N;N;N
1281048;7058;686782;2021;complete;70594;12;-1;49,53,90;;3;0;3;9;5;14;-1;-1;-1;-1;-1;-1;4;0;0;0;4;0;-1;-1;47;53;-1;-1;1.4;4.5;5.75;1.01;1.14;1.5;2.28;3.5;20.5;4.7;2.5;1.57;1.24;1.67;2.14;0;0;0;0;1.11;1.16;2.65;1.91;2.6;5;1.69;3.1;5.15;0;0;0;0;0;0;0;0;0;0;0;0;0;0;0;1.33;0;3.25;0;0;1.23;2.2;4.4;0;3.7;1.62;1.16;0;1.12;1.67;3;7;5.3;2.05;1.3;1.06;0;0;0;0;3;0;0;3;0;3;0;2021-10-03 11:00:00;7058;0;37;10;20;0;1;-1;4;0;5;0;4;5;-1;-1;-1;-1;-1;-1;1;60;66;98;92;0.98;0.49;1.47;-1;-1;-1;-1;-1;-1;-1;1;0;0;1;0;-1;-1;-1;-1;-1;-1;-1;-1;-1;-1;-1;17;44;54;80;90;34;82;64;54;11.67;0;0;3;Auda;Dinamo Rīga;2.75;1;2.67;1.4;2.27;1.22;84;57;47;20;10;59;42;42;1.35;1.22;2.57;6029;13;Y;Y;Y;N;N;N;N
1281049;686783;7056;2021;complete;70594;12;-1;4;23;1;1;2;-1;-1;-1;-1;-1;-1;-1;-1;-1;-1;-1;-1;-1;-1;-1;-1;-1;-1;-1;-1;-1;3.42;3.8;1.87;0;0;1.5;2.18;0;0;0;2.5;1.61;0;0;0;0;0;0;0;0;0;0;3.6;2.5;2.3;0;0;0;0;0;0;0;0;0;0;0;0;0;0;0;0;0;0;2.2;0;1.67;0;0;0;0;0;0;0;0;0;0;0;0;0;0;0;0;0;0;0;0;0;0;2;1;1;0;0;0;2;2021-10-02 11:00:00;-1;0;55;20;33;0;-1;-1;-1;-1;-1;-1;-1;-1;-1;-1;-1;-1;-1;-1;-1;0;0;0;0;0;0;0;-1;-1;-1;-1;-1;-1;-1;1;1;0;-1;-1;-1;-1;-1;-1;-1;-1;-1;-1;-1;-1;-1;33;58;80;80;90;68;78;80;70;7.25;0;0;3.4;Saldus SS / Leevon;Rēzekne / BJSS;1.14;0.83;0.8;1;0.82;1.55;68;43;20;20;10;50;38;25;1.06;1.34;2.4;6029;14;Y;Y;N;N;N;N;Y
1281050;7055;7051;2021;complete;70594;12;-1;;54;0;1;1;-1;-1;-1;-1;-1;-1;-1;-1;-1;-1;-1;-1;-1;-1;-1;-1;-1;-1;-1;-1;-1;3.55;3.75;1.78;0;0;0;0;0;0;0;0;0;0;0;0;0;0;0;0;0;0;0;0;0;0;0;0;0;0;0;0;0;0;0;0;0;0;0;0;0;0;0;0;0;0;0;0;0;0;0;0;0;0;0;0;0;0;0;0;0;0;0;0;0;0;0;0;0;1;0;0;0;1;1;0;2021-10-02 12:00:00;7051;0;80;27;54;0;-1;-1;-1;-1;-1;-1;-1;-1;-1;-1;-1;-1;-1;-1;-1;0;0;0;0;0;0;0;-1;-1;-1;-1;-1;-1;-1;1;0;0;-1;-1;-1;-1;-1;-1;-1;-1;-1;-1;-1;-1;-1;23;45;45;80;100;45;68;55;45;13.5;0;0;2.93;JDFS Alberts;Tukums;1;2.13;1.25;1.6;1;1.73;78;55;55;20;0;100;63;63;1.97;1.33;3.3;6029;14;Y;N;N;N;N;N;N
1281051;7057;7050;2021;complete;70594;12;-1;42,52;9,74;2;2;4;4;7;11;-1;-1;-1;-1;-1;-1;3;3;0;0;3;3;-1;-1;46;54;-1;-1;3.66;3.6;1.82;1.02;1.13;1.5;2.1;3.5;18.75;4.84;2.5;1.67;1.24;1.5;2.51;0;0;0;0;1.85;1.23;1.23;4.32;2.45;2.32;3.7;2.85;2.13;0;0;0;0;0;0;0;0;0;0;0;0;0;0;0;0;0;0;0;0;1.25;2.19;4.4;0;3.6;1.63;1.16;0;1.14;1.66;2.97;0;4.9;2.05;1.31;0;0;0;0;0;4;1;1;1;1;2;2;2021-10-02 13:00:00;-1;0;67;38;38;0;1;-1;2;5;2;2;7;4;-1;-1;-1;-1;-1;-1;1;67;77;90;103;0.89;0.97;1.86;-1;-1;-1;-1;-1;-1;-1;1;0;1;0;0;-1;-1;-1;-1;-1;-1;-1;-1;-1;-1;-1;34;34;59;100;100;59;75;59;50;10.67;0;0;3.34;Smiltene;Grobiņa;1;1.29;2;1.33;0.73;1.36;67;67;42;0;0;100;100;84;1.21;1.05;2.26;6029;14;Y;Y;Y;Y;N;N;Y
1281052;7048;671309;2021;complete;70594;12;-1;;;0;0;0;3;9;12;-1;-1;-1;-1;-1;-1;0;7;13;4;13;11;-1;-1;50;50;-1;-1;2;3.5;3.05;1.02;1.15;1.55;2.2;3.8;16.75;4.54;2.32;1.62;1.21;1.48;2.57;0;0;0;0;1.32;1.26;1.69;2.6;2.38;3.4;2.32;2.75;3.26;0;0;0;0;0;0;0;0;0;0;0;0;0;0;0;1.67;0;2.25;0;0;1.25;2.27;4.7;0;3.6;1.57;1.14;0;1.14;1.73;3.24;7.5;4.9;1.99;1.28;1.06;0;0;0;0;0;0;0;0;0;0;0;2021-10-03 12:00:00;-1;0;84;0;75;0;1;-1;2;6;1;3;8;4;-1;-1;-1;-1;-1;-1;1;57;65;100;113;1.24;1.66;2.9;0;0;0;0;0;0;1;1;0;0;2;2;-1;-1;-1;-1;-1;-1;-1;-1;-1;-1;-1;9;17;75;100;100;9;59;100;100;10.75;0;0;3.25;Super Nova;Albatroz;1.75;1.33;1.67;0.5;1.6;1.2;92;84;25;0;0;25;25;25;0.89;1.63;2.52;6029;13;N;N;N;N;N;N;N
1281053;7056;7055;2021;complete;70594;13;-1;69,89;;2;0;2;7;5;12;-1;-1;-1;-1;-1;-1;3;0;0;0;3;0;-1;-1;54;46;-1;-1;1.55;3.74;5.1;1.02;1.17;1.62;2.6;4.1;14;4.24;2.25;1.45;1.18;1.6;2.2;0;0;0;0;1.11;1.2;2.25;2.25;2.38;4.33;1.95;2.75;4.1;0;0;0;0;0;0;0;0;0;0;0;0;0;0;0;1.5;13;2.75;0;0;1.27;2.32;4.84;0;3.4;1.54;1.13;0;1.15;1.79;3.4;9;4.7;1.91;1.26;1.04;0;0;0;0;2;0;0;2;0;2;0;2021-10-09 11:00:00;7056;0;64;14;36;0;1;-1;4;2;3;3;6;6;-1;-1;-1;-1;-1;-1;1;59;54;94;95;0.84;0.41;1.24;-1;-1;-1;-1;-1;-1;-1;1;0;0;0;1;-1;-1;-1;-1;-1;-1;-1;-1;-1;-1;-1;15;22;64;71;79;29;79;64;57;10.2;0;0;2.5;Rēzekne / BJSS;JDFS Alberts;2;0.78;1.86;0.86;1.5;0.92;86;79;36;29;22;50;40;30;1.42;0.58;2;6029;14;Y;Y;N;N;N;N;N
1281054;686783;686782;2021;complete;70594;13;-1;14,21,46;;3;0;3;-1;-1;-1;-1;-1;-1;-1;-1;-1;-1;-1;-1;-1;-1;-1;-1;-1;-1;-1;-1;-1;2.85;3.5;2.1;0;0;0;0;0;0;0;0;0;0;0;0;0;0;0;0;0;0;0;0;0;0;0;0;0;0;0;0;0;0;0;0;0;0;0;0;0;0;0;0;0;0;0;0;0;0;0;0;0;0;0;0;0;0;0;0;0;0;0;0;0;0;0;0;0;3;2;0;1;0;1;2;2021-10-09 12:00:00;686783;0;50;25;33;0;-1;-1;-1;-1;-1;-1;-1;-1;-1;-1;-1;-1;-1;-1;-1;0;0;0;0;0;0;0;-1;-1;-1;-1;-1;-1;-1;1;0;0;-1;-1;-1;-1;-1;-1;-1;-1;-1;-1;-1;-1;-1;17;25;50;67;83;34;75;59;42;7.92;0;0;2.42;Saldus SS / Leevon;Dinamo Rīga;1.14;1;0.83;1.17;0.83;1;84;75;50;33;17;59;46;34;1.06;0.86;1.92;6029;14;Y;Y;Y;N;N;N;N
1281055;7051;7050;2021;complete;70594;13;-1;-1,-1,-1,-1,-1,-1;;6;0;6;-1;-1;-1;-1;-1;-1;-1;-1;-1;-1;-1;-1;-1;-1;-1;-1;-1;-1;-1;-1;-1;1.55;4.5;2.2;1.01;1.16;1.57;2.33;3.5;20.5;4.53;2.35;1.54;1.26;1.52;2.35;0;0;0;0;1.36;1.17;1.73;2.25;2.5;3.75;2.25;2.9;3.05;0;0;0;0;0;0;0;0;0;0;0;0;0;0;0;1.5;0;2.5;0;0;1.25;2.26;4.5;0;3.6;1.54;1.16;0;1.13;1.71;3.3;8;5.1;2.01;1.25;1.05;0;0;0;0;6;0;0;0;0;0;0;2021-08-04 15:00:00;7051;0;50;0;25;1;-1;-1;-1;-1;-1;-1;-1;-1;-1;-1;-1;-1;-1;-1;-1;0;0;0;0;0;0;0;-1;-1;-1;-1;-1;-1;-1;-1;-1;-1;-1;-1;-1;-1;-1;-1;-1;-1;-1;-1;-1;-1;-1;0;0;25;50;50;0;50;50;25;0;0;0;1.25;Tukums;Grobiņa;1.83;1.29;2;0;2.33;1.33;50;50;25;0;0;0;0;0;0;0;0;6029;14;Y;Y;Y;Y;Y;Y;N
1281056;7057;671309;2021;complete;70594;13;-1;25,87;24,30,65,67;2;4;6;3;6;9;-1;-1;-1;-1;-1;-1;4;5;2;7;6;12;-1;-1;50;50;-1;-1;3.16;3.74;1.93;1.02;1.19;1.65;2.7;4.24;13;4;2.2;1.42;1.17;1.58;2.25;0;0;0;0;1.73;1.2;1.29;3.6;2.38;2.5;3.3;2.7;2.25;0;0;0;0;0;0;0;0;0;0;0;0;0;0;0;2.1;0;1.73;0;0;1.28;2.41;5.1;0;3.3;1.5;1.12;0;1.14;1.8;3.74;9;5;1.83;1.2;1.04;0;0;0;0;6;1;2;1;2;3;3;2021-10-09 13:00:00;671309;0;67;34;50;0;1;-1;2;4;1;2;6;3;-1;-1;-1;-1;-1;-1;1;39;60;62;61;0.94;1.53;2.48;-1;-1;-1;-1;-1;-1;-1;1;0;0;0;0;-1;-1;-1;-1;-1;-1;-1;-1;-1;-1;-1;17;34;50;84;84;50;67;67;67;12;0;0;2.67;Smiltene;Albatroz;1;1.33;1.67;0.67;0.75;1.18;84;67;50;17;17;75;75;75;1.05;1.65;2.7;6029;14;Y;Y;Y;Y;Y;Y;Y
1281058;7058;671309;2021;complete;70594;14;-1;-1,-1;;2;0;2;-1;-1;-1;-1;-1;-1;-1;-1;-1;-1;-1;-1;-1;-1;-1;-1;-1;-1;-1;-1;-1;1.5;4;5;0;0;0;0;0;0;0;0;0;0;0;0;0;0;0;0;0;0;0;0;0;0;0;0;0;0;0;0;0;0;0;0;0;0;0;0;0;0;0;0;0;0;0;0;0;0;0;0;0;0;0;0;0;0;0;0;0;0;0;0;0;0;0;0;0;2;0;0;0;0;0;0;2021-10-16 11:00:00;7058;0;52;21;38;1;-1;-1;-1;-1;-1;-1;-1;-1;-1;-1;-1;-1;-1;-1;-1;0;0;0;0;0;0;0;-1;-1;-1;-1;-1;-1;-1;-1;-1;-1;-1;-1;-1;-1;-1;-1;-1;-1;-1;-1;-1;-1;-1;27;41;61;88;88;41;61;73;73;13.17;0;0;3.31;Auda;Albatroz;2.75;1.33;2.71;1.25;2.33;1.33;73;59;40;13;13;71;42;42;1.25;1.61;2.86;6029;13;Y;Y;N;N;N;N;N
1281059;686782;7055;2021;complete;70594;14;-1;;;0;0;0;-1;-1;-1;-1;-1;-1;-1;-1;-1;-1;-1;-1;-1;-1;-1;-1;-1;-1;-1;-1;-1;2.05;3.5;2.81;1.03;1.21;1.67;2.64;4.63;13.75;3.97;2.08;1.43;1.16;1.6;2.2;0;0;0;0;1.32;1.25;1.62;2.5;2.3;3.5;2.3;2.65;3.2;0;0;0;0;0;0;0;0;0;0;0;0;0;0;0;1.67;12;2.3;0;0;1.3;2.47;5.3;0;3.2;1.48;1.11;0;1.17;1.87;3.2;10;4.4;1.83;1.29;1.04;0;0;0;0;0;0;0;0;0;0;0;2021-10-16 11:00:00;-1;0;55;17;17;0;-1;-1;-1;-1;-1;-1;-1;-1;-1;-1;-1;-1;-1;-1;-1;0;0;0;0;0;0;0;0;0;0;0;0;0;1;1;0;0;-1;-1;-1;-1;-1;-1;-1;-1;-1;-1;-1;-1;-1;0;37;55;78;88;33;62;82;55;8.4;0;0;2.57;Dinamo Rīga;JDFS Alberts;0.71;0.78;0.8;0.75;0.92;0.85;100;64;45;23;13;35;35;35;0.8;0.54;1.34;6029;14;N;N;N;N;N;N;N
1281060;7057;7051;2021;complete;70594;14;-1;36;8,31,35,42,63,80;1;6;7;4;7;11;-1;-1;-1;-1;-1;-1;2;10;3;4;5;14;-1;-1;50;50;-1;-1;5;4;1.5;0;0;0;0;0;0;0;0;0;0;0;0;0;0;0;0;0;0;0;5;2.63;1.83;0;0;0;0;0;0;0;0;0;0;0;0;0;0;0;0;0;0;0;0;0;0;0;0;0;0;0;0;0;0;0;0;0;0;0;0;0;0;0;0;0;0;0;7;1;4;0;2;2;5;2021-10-16 12:00:00;7051;0;59;45;40;0;1;-1;0;4;4;3;4;7;-1;-1;-1;-1;-1;-1;1;30;72;71;94;0.68;2.1;2.78;-1;-1;-1;-1;-1;-1;-1;1;0;1;0;0;-1;-1;-1;-1;-1;-1;-1;-1;-1;-1;-1;32;52;59;79;100;65;79;73;59;9.73;0;0;3.34;Smiltene;Tukums;1;2.13;1.25;2;0.69;1.92;68;48;41;22;0;90;44;44;1.02;1.54;2.56;6029;14;Y;Y;Y;Y;Y;Y;Y
1281061;7050;7056;2021;complete;70594;14;-1;-1,-1,-1;;3;0;3;-1;-1;-1;-1;-1;-1;-1;-1;-1;-1;-1;-1;-1;-1;-1;-1;-1;-1;-1;-1;-1;2.53;3.7;2.15;1.02;1.19;1.63;2.56;4.4;15.5;4;2.15;1.45;1.16;1.58;2.25;0;0;0;0;1.57;1.2;1.4;3.1;2.38;2.75;2.9;2.7;2.45;0;0;0;0;0;0;0;0;0;0;0;0;0;0;0;1.91;0;1.91;0;0;1.3;2.44;5.3;0;3.24;1.49;1.11;0;1.17;1.82;3.5;9.5;4.5;1.88;1.24;1.04;0;0;0;0;3;0;0;0;0;0;0;2021-10-16 13:00:00;7050;0;55;10;27;1;-1;-1;-1;-1;-1;-1;-1;-1;-1;-1;-1;-1;-1;-1;-1;0;0;0;0;0;0;0;-1;-1;-1;-1;-1;-1;-1;-1;-1;-1;-1;-1;-1;-1;-1;-1;-1;-1;-1;-1;-1;-1;-1;19;39;74;92;100;65;82;82;65;11;0;0;3.3;Grobiņa;Rēzekne / BJSS;1.43;0.83;1.17;1;1.23;1.62;82;62;27;9;0;45;45;35;1.54;1.34;2.88;6029;14;Y;Y;Y;N;N;N;N
1281062;7048;686783;2021;complete;70594;14;-1;34,78;;2;0;2;-1;-1;-1;-1;-1;-1;-1;-1;-1;-1;-1;-1;-1;-1;-1;-1;-1;-1;-1;-1;-1;1.75;3.74;3.8;0;0;1.8;0;0;0;0;2;0;0;0;0;0;0;0;0;0;0;0;2.2;2.38;4.5;0;0;0;0;0;0;0;0;0;0;0;0;0;0;0;0;0;0;1.44;0;2.88;0;0;0;0;0;0;0;0;0;0;0;0;0;0;0;0;0;0;0;0;0;0;2;1;0;1;0;1;1;2021-10-17 12:00:00;7048;0;29;0;22;0;-1;-1;-1;-1;-1;-1;-1;-1;-1;-1;-1;-1;-1;-1;-1;0;0;0;0;0;0;0;-1;-1;-1;-1;-1;-1;-1;1;0;0;-1;-1;-1;-1;-1;-1;-1;-1;-1;-1;-1;-1;-1;16;23;52;60;77;16;45;60;52;10.87;0;0;2.47;Super Nova;Saldus SS / Leevon;1.75;0.71;1.57;0.83;1.67;1;85;77;49;41;24;64;64;64;0.96;1.4;2.36;6029;13;Y;Y;N;N;N;N;N
1281069;7058;7055;2021;complete;70594;7;-1;50,65,90;19;3;1;4;-1;-1;-1;-1;-1;-1;-1;-1;-1;-1;-1;-1;-1;-1;-1;-1;-1;-1;-1;-1;-1;1.4;4;6.8;0;0;0;2.2;0;0;0;0;1.61;0;0;0;0;0;0;0;0;0;0;0;0;0;0;0;0;0;0;0;0;0;0;0;0;0;0;0;0;0;0;0;0;0;0;0;0;0;0;0;0;0;0;0;0;0;0;0;0;0;0;0;0;0;0;0;0;4;0;1;3;0;3;1;2021-08-28 12:00:00;7058;0;34;0;17;0;-1;-1;-1;-1;-1;-1;-1;-1;-1;-1;-1;-1;-1;-1;-1;0;0;0;0;0;0;0;-1;-1;-1;-1;-1;-1;-1;1;0;0;-1;-1;-1;-1;-1;-1;-1;-1;-1;-1;-1;-1;-1;17;34;84;100;100;50;84;84;67;8;0;0;3.34;Auda;JDFS Alberts;2.75;0.78;3;1;2.33;1.17;84;67;17;0;0;25;0;0;1.55;0.67;2.22;6029;13;Y;Y;Y;Y;N;N;Y
