ID;HOMEID;AWAYID;SEASON;STATUS;ROUNDID;GAME_WEEK;REVISED_GAME_WEEK;HOMEGOALS;AWAYGOALS;HOMEGOALCOUNT;AWAYGOALCOUNT;TOTALGOALCOUNT;TEAM_A_CORNERS;TEAM_B_CORNERS;TOTALCORNERCOUNT;TEAM_A_OFFSIDES;TEAM_B_OFFSIDES;TEAM_A_YELLOW_CARDS;TEAM_B_YELLOW_CARDS;TEAM_A_RED_CARDS;TEAM_B_RED_CARDS;TEAM_A_SHOTSONTARGET;TEAM_B_SHOTSONTARGET;TEAM_A_SHOTSOFFTARGET;TEAM_B_SHOTSOFFTARGET;TEAM_A_SHOTS;TEAM_B_SHOTS;TEAM_A_FOULS;TEAM_B_FOULS;TEAM_A_POSSESSION;TEAM_B_POSSESSION;TEAM_A_CARDS_NUM;TEAM_B_CARDS_NUM;ODDS_FT_1;ODDS_FT_X;ODDS_FT_2;ODDS_FT_OVER05;ODDS_FT_OVER15;ODDS_FT_OVER25;ODDS_FT_OVER35;ODDS_FT_OVER45;ODDS_FT_UNDER05;ODDS_FT_UNDER15;ODDS_FT_UNDER25;ODDS_FT_UNDER35;ODDS_FT_UNDER45;ODDS_BTTS_YES;ODDS_BTTS_NO;ODDS_TEAM_A_CS_YES;ODDS_TEAM_A_CS_NO;ODDS_TEAM_B_CS_YES;ODDS_TEAM_B_CS_NO;ODDS_DOUBLECHANCE_1X;ODDS_DOUBLECHANCE_12;ODDS_DOUBLECHANCE_X2;ODDS_1ST_HALF_RESULT_1;ODDS_1ST_HALF_RESULT_X;ODDS_1ST_HALF_RESULT_2;ODDS_2ND_HALF_RESULT_1;ODDS_2ND_HALF_RESULT_X;ODDS_2ND_HALF_RESULT_2;ODDS_DNB_1;ODDS_DNB_2;ODDS_CORNERS_OVER_75;ODDS_CORNERS_OVER_85;ODDS_CORNERS_OVER_95;ODDS_CORNERS_OVER_105;ODDS_CORNERS_OVER_115;ODDS_CORNERS_UNDER_75;ODDS_CORNERS_UNDER_85;ODDS_CORNERS_UNDER_95;ODDS_CORNERS_UNDER_105;ODDS_CORNERS_UNDER_115;ODDS_CORNERS_1;ODDS_CORNERS_X;ODDS_CORNERS_2;ODDS_TEAM_TO_SCORE_FIRST_1;ODDS_TEAM_TO_SCORE_FIRST_X;ODDS_TEAM_TO_SCORE_FIRST_2;ODDS_WIN_TO_NIL_1;ODDS_WIN_TO_NIL_2;ODDS_1ST_HALF_OVER05;ODDS_1ST_HALF_OVER15;ODDS_1ST_HALF_OVER25;ODDS_1ST_HALF_OVER35;ODDS_1ST_HALF_UNDER05;ODDS_1ST_HALF_UNDER15;ODDS_1ST_HALF_UNDER25;ODDS_1ST_HALF_UNDER35;ODDS_2ND_HALF_OVER05;ODDS_2ND_HALF_OVER15;ODDS_2ND_HALF_OVER25;ODDS_2ND_HALF_OVER35;ODDS_2ND_HALF_UNDER05;ODDS_2ND_HALF_UNDER15;ODDS_2ND_HALF_UNDER25;ODDS_2ND_HALF_UNDER35;ODDS_BTTS_1ST_HALF_YES;ODDS_BTTS_1ST_HALF_NO;ODDS_BTTS_2ND_HALF_YES;ODDS_BTTS_2ND_HALF_NO;OVERALLGOALCOUNT;HT_GOALS_TEAM_A;HT_GOALS_TEAM_B;GOALS_2HG_TEAM_A;GOALS_2HG_TEAM_B;GOALCOUNT_2HG;HTGOALCOUNT;DATE_UNIX;WINNINGTEAM;NO_HOME_AWAY;BTTS_POTENTIAL;BTTS_FHG_POTENTIAL;BTTS_2HG_POTENTIAL;GOALTIMINGDISABLED;CORNER_TIMINGS_RECORDED;CARD_TIMINGS_RECORDED;TEAM_A_FH_CORNERS;TEAM_B_FH_CORNERS;TEAM_A_2H_CORNERS;TEAM_B_2H_CORNERS;CORNER_FH_COUNT;CORNER_2H_COUNT;TEAM_A_FH_CARDS;TEAM_B_FH_CARDS;TEAM_A_2H_CARDS;TEAM_B_2H_CARDS;TOTAL_FH_CARDS;TOTAL_2H_CARDS;ATTACKS_RECORDED;TEAM_A_DANGEROUS_ATTACKS;TEAM_B_DANGEROUS_ATTACKS;TEAM_A_ATTACKS;TEAM_B_ATTACKS;TEAM_A_XG;TEAM_B_XG;TOTAL_XG;TEAM_A_PENALTIES_WON;TEAM_B_PENALTIES_WON;TEAM_A_PENALTY_GOALS;TEAM_B_PENALTY_GOALS;TEAM_A_PENALTY_MISSED;TEAM_B_PENALTY_MISSED;PENS_RECORDED;GOAL_TIMINGS_RECORDED;TEAM_A_0_10_MIN_GOALS;TEAM_B_0_10_MIN_GOALS;TEAM_A_CORNERS_0_10_MIN;TEAM_B_CORNERS_0_10_MIN;TEAM_A_CARDS_0_10_MIN;TEAM_B_CARDS_0_10_MIN;THROWINS_RECORDED;TEAM_A_THROWINS;TEAM_B_THROWINS;FREEKICKS_RECORDED;TEAM_A_FREEKICKS;TEAM_B_FREEKICKS;GOALKICKS_RECORDED;TEAM_A_GOALKICKS;TEAM_B_GOALKICKS;O45_POTENTIAL;O35_POTENTIAL;O25_POTENTIAL;O15_POTENTIAL;O05_POTENTIAL;O15HT_POTENTIAL;O05HT_POTENTIAL;O05_2H_POTENTIAL;O15_2H_POTENTIAL;CORNERS_POTENTIAL;OFFSIDES_POTENTIAL;CARDS_POTENTIAL;AVG_POTENTIAL;HOME_NAME;AWAY_NAME;HOME_PPG;AWAY_PPG;PRE_MATCH_HOME_PPG;PRE_MATCH_AWAY_PPG;PRE_MATCH_TEAMA_OVERALL_PPG;PRE_MATCH_TEAMB_OVERALL_PPG;U45_POTENTIAL;U35_POTENTIAL;U25_POTENTIAL;U15_POTENTIAL;U05_POTENTIAL;CORNERS_O85_POTENTIAL;CORNERS_O95_POTENTIAL;CORNERS_O105_POTENTIAL;TEAM_A_XG_PREMATCH;TEAM_B_XG_PREMATCH;TOTAL_XG_PREMATCH;COMPETITION_ID;MATCHES_COMPLETED_MINIMUM;OVER05;OVER15;OVER25;OVER35;OVER45;OVER55;BTTS
352344;7052;1091;2017;complete;2522;1;-1;;-1,-1;0;2;2;-1;-1;-1;-1;-1;-1;-1;-1;-1;-1;-1;-1;-1;-1;-1;-1;-1;-1;-1;-1;-1;0;0;0;0;0;0;0;0;0;0;0;0;0;0;0;0;0;0;0;0;0;0;0;0;0;0;0;0;0;0;0;0;0;0;0;0;0;0;0;0;0;0;0;0;0;0;0;0;0;0;0;0;0;0;0;0;0;0;0;0;0;0;0;0;0;0;0;0;2;0;0;0;0;0;0;2017-04-14 12:00:00;1091;0;0;0;0;1;-1;-1;-1;-1;-1;-1;-1;-1;-1;-1;-1;-1;-1;-1;-1;0;0;0;0;0;0;0;-1;-1;-1;-1;-1;-1;-1;-1;-1;-1;-1;-1;-1;-1;-1;-1;-1;-1;-1;-1;-1;-1;-1;0;0;0;0;0;0;0;0;0;0;0;0;0;Staiceles Bebri;BFC Daugavpils;0.36;2;0;0;0;0;0;0;0;0;0;0;0;0;0;0;0;1213;22;Y;Y;N;N;N;N;N
352345;7053;7056;2017;complete;2522;1;-1;29,90;22,43,79,86;2;4;6;6;3;9;-1;-1;3;2;1;0;8;8;11;6;19;14;-1;-1;50;50;5;2;0;0;0;0;0;0;0;0;0;0;0;0;0;0;0;0;0;0;0;0;0;0;0;0;0;0;0;0;0;0;0;0;0;0;0;0;0;0;0;0;0;0;0;0;0;0;0;0;0;0;0;0;0;0;0;0;0;0;0;0;0;0;0;0;0;0;0;0;6;1;2;1;2;3;3;2017-04-15 11:00:00;7056;0;0;0;0;0;-1;1;-1;-1;-1;-1;-1;-1;3;2;1;0;5;1;-1;0;0;0;0;0;0;0;0;0;0;0;0;0;1;1;0;0;-1;-1;2;0;-1;-1;-1;-1;-1;-1;-1;-1;-1;0;0;0;0;0;0;0;0;0;0;0;0;0;RTU;Rēzekne / BJSS;1.36;1.36;0;0;0;0;0;0;0;0;0;0;0;0;0;0;0;1213;22;Y;Y;Y;Y;Y;Y;Y
352346;7058;7049;2017;complete;2522;1;-1;33,41,80;45;3;1;4;11;6;17;-1;-1;3;0;0;0;9;4;11;6;20;10;-1;-1;50;50;3;0;0;0;0;0;0;0;0;0;0;0;0;0;0;0;0;0;0;0;0;0;0;0;0;0;0;0;0;0;0;0;0;0;0;0;0;0;0;0;0;0;0;0;0;0;0;0;0;0;0;0;0;0;0;0;0;0;0;0;0;0;0;0;0;0;0;0;0;0;4;2;1;1;0;1;3;2017-04-15 11:00:00;7058;0;0;0;0;0;-1;1;-1;-1;-1;-1;-1;-1;0;0;3;0;0;3;-1;0;0;0;0;0;0;0;0;0;0;0;0;0;1;1;0;0;-1;-1;0;0;-1;-1;-1;-1;-1;-1;-1;-1;-1;0;0;0;0;0;0;0;0;0;0;0;0;0;Auda;Preilu BJSS;1.27;0.09;0;0;0;0;0;0;0;0;0;0;0;0;0;0;0;1213;22;Y;Y;Y;Y;N;N;Y
352347;7057;7050;2017;complete;2522;1;-1;;-1,-1;0;2;2;-1;-1;-1;-1;-1;-1;-1;-1;-1;-1;-1;-1;-1;-1;-1;-1;-1;-1;-1;-1;-1;0;0;0;0;0;0;0;0;0;0;0;0;0;0;0;0;0;0;0;0;0;0;0;0;0;0;0;0;0;0;0;0;0;0;0;0;0;0;0;0;0;0;0;0;0;0;0;0;0;0;0;0;0;0;0;0;0;0;0;0;0;0;0;0;0;0;0;0;2;0;0;0;0;0;0;2017-04-15 12:00:00;7050;0;0;0;0;1;-1;-1;-1;-1;-1;-1;-1;-1;-1;-1;-1;-1;-1;-1;-1;0;0;0;0;0;0;0;-1;-1;-1;-1;-1;-1;-1;-1;-1;-1;-1;-1;-1;-1;-1;-1;-1;-1;-1;-1;-1;-1;-1;0;0;0;0;0;0;0;0;0;0;0;0;0;Smiltene;Grobiņa;1.36;1.73;0;0;0;0;0;0;0;0;0;0;0;0;0;0;0;1213;22;Y;Y;N;N;N;N;N
352348;7060;7055;2017;complete;2522;1;-1;48,51,75;;3;0;3;9;1;10;-1;-1;1;2;0;0;6;5;9;2;15;7;-1;-1;50;50;1;2;0;0;0;0;0;0;0;0;0;0;0;0;0;0;0;0;0;0;0;0;0;0;0;0;0;0;0;0;0;0;0;0;0;0;0;0;0;0;0;0;0;0;0;0;0;0;0;0;0;0;0;0;0;0;0;0;0;0;0;0;0;0;0;0;0;0;0;0;3;0;0;3;0;3;0;2017-04-17 16:00:00;7060;0;0;0;0;0;-1;1;-1;-1;-1;-1;-1;-1;0;1;1;1;1;2;-1;0;0;0;0;0;0;0;0;0;0;0;0;0;1;1;0;0;-1;-1;0;0;-1;-1;-1;-1;-1;-1;-1;-1;-1;0;0;0;0;0;0;0;0;0;0;0;0;0;Progress / AFA Olaine;JDFS Alberts;2.36;1.27;0;0;0;0;0;0;0;0;0;0;0;0;0;0;0;1213;22;Y;Y;Y;N;N;N;N
352349;7058;7050;2017;complete;2522;2;-1;-1;-1,-1;1;2;3;-1;-1;-1;-1;-1;-1;-1;-1;-1;-1;-1;-1;-1;-1;-1;-1;-1;-1;-1;-1;-1;0;0;0;0;0;0;0;0;0;0;0;0;0;0;0;0;0;0;0;0;0;0;0;0;0;0;0;0;0;0;0;0;0;0;0;0;0;0;0;0;0;0;0;0;0;0;0;0;0;0;0;0;0;0;0;0;0;0;0;0;0;0;0;0;0;0;0;0;3;0;0;0;0;0;0;2017-04-22 11:00:00;7050;0;50;50;0;1;-1;-1;-1;-1;-1;-1;-1;-1;-1;-1;-1;-1;-1;-1;-1;0;0;0;0;0;0;0;-1;-1;-1;-1;-1;-1;-1;-1;-1;-1;-1;-1;-1;-1;-1;-1;-1;-1;-1;-1;-1;-1;-1;0;50;50;100;100;50;50;50;0;11;0;3;3;Auda;Grobiņa;1.27;1.73;3;3;3;3;100;50;50;0;0;50;50;50;0;0;0;1213;22;Y;Y;Y;N;N;N;Y
352350;7057;6910;2017;complete;2522;2;-1;-1;-1,-1,-1,-1,-1,-1;1;6;7;-1;-1;-1;-1;-1;-1;-1;-1;-1;-1;-1;-1;-1;-1;-1;-1;-1;-1;-1;-1;-1;0;0;0;0;0;0;0;0;0;0;0;0;0;0;0;0;0;0;0;0;0;0;0;0;0;0;0;0;0;0;0;0;0;0;0;0;0;0;0;0;0;0;0;0;0;0;0;0;0;0;0;0;0;0;0;0;0;0;0;0;0;0;0;0;0;0;0;0;7;0;0;0;0;0;0;2017-04-22 11:00:00;6910;0;0;0;0;1;-1;-1;-1;-1;-1;-1;-1;-1;-1;-1;-1;-1;-1;-1;-1;0;0;0;0;0;0;0;-1;-1;-1;-1;-1;-1;-1;-1;-1;-1;-1;-1;-1;-1;-1;-1;-1;-1;-1;-1;-1;-1;-1;0;0;0;50;50;0;0;0;0;0;0;0;1;Smiltene;Valmiera / BSS;1.36;2.64;0;0;0;0;50;50;50;0;0;0;0;0;0;0;0;1213;22;Y;Y;Y;Y;Y;Y;Y
352351;7055;7049;2017;complete;2522;2;-1;-1,-1,-1;;3;0;3;-1;-1;-1;-1;-1;-1;-1;-1;-1;-1;-1;-1;-1;-1;-1;-1;-1;-1;-1;-1;-1;0;0;0;0;0;0;0;0;0;0;0;0;0;0;0;0;0;0;0;0;0;0;0;0;0;0;0;0;0;0;0;0;0;0;0;0;0;0;0;0;0;0;0;0;0;0;0;0;0;0;0;0;0;0;0;0;0;0;0;0;0;0;0;0;0;0;0;0;3;0;0;0;0;0;0;2017-04-22 12:00:00;7055;0;50;50;0;1;-1;-1;-1;-1;-1;-1;-1;-1;-1;-1;-1;-1;-1;-1;-1;0;0;0;0;0;0;0;-1;-1;-1;-1;-1;-1;-1;-1;-1;-1;-1;-1;-1;-1;-1;-1;-1;-1;-1;-1;-1;-1;-1;0;50;50;50;50;50;50;50;0;6;0;0;2;JDFS Alberts;Preilu BJSS;1.27;0.09;0;0;0;0;50;0;0;0;0;50;50;50;0;0;0;1213;22;Y;Y;Y;N;N;N;N
352352;7056;7052;2017;complete;2522;2;-1;-1,-1,-1;;3;0;3;-1;-1;-1;-1;-1;-1;-1;-1;-1;-1;-1;-1;-1;-1;-1;-1;-1;-1;-1;-1;-1;0;0;0;0;0;0;0;0;0;0;0;0;0;0;0;0;0;0;0;0;0;0;0;0;0;0;0;0;0;0;0;0;0;0;0;0;0;0;0;0;0;0;0;0;0;0;0;0;0;0;0;0;0;0;0;0;0;0;0;0;0;0;0;0;0;0;0;0;3;0;0;0;0;0;0;2017-04-23 12:00:00;7056;0;0;0;0;1;-1;-1;-1;-1;-1;-1;-1;-1;-1;-1;-1;-1;-1;-1;-1;0;0;0;0;0;0;0;-1;-1;-1;-1;-1;-1;-1;-1;-1;-1;-1;-1;-1;-1;-1;-1;-1;-1;-1;-1;-1;-1;-1;0;0;0;0;0;0;0;0;0;0;0;0;0;Rēzekne / BJSS;Staiceles Bebri;1.18;0.09;0;0;3;0;0;0;0;0;0;0;0;0;0;0;0;1213;22;Y;Y;Y;N;N;N;N
352353;7060;7051;2017;complete;2522;2;-1;-1,-1;;2;0;2;3;10;13;-1;-1;-1;-1;-1;-1;5;8;3;3;8;11;-1;-1;50;50;-1;-1;0;0;0;0;0;0;0;0;0;0;0;0;0;0;0;0;0;0;0;0;0;0;0;0;0;0;0;0;0;0;0;0;0;0;0;0;0;0;0;0;0;0;0;0;0;0;0;0;0;0;0;0;0;0;0;0;0;0;0;0;0;0;0;0;0;0;0;0;2;0;0;0;0;0;0;2017-04-24 16:00:00;7060;0;0;0;0;1;-1;-1;-1;-1;-1;-1;-1;-1;-1;-1;-1;-1;-1;-1;-1;0;0;0;0;0;0;0;-1;-1;-1;-1;-1;-1;-1;-1;-1;-1;-1;-1;-1;-1;-1;-1;-1;-1;-1;-1;-1;-1;-1;0;0;50;50;50;0;0;50;50;9;0;1;1.5;Progress / AFA Olaine;Tukums;2.36;1.45;3;0;3;0;50;50;0;0;0;50;50;0;0;0;0;1213;22;Y;Y;N;N;N;N;N
352354;7058;7057;2017;complete;2522;3;-1;74,83;65;2;1;3;4;2;6;-1;-1;4;5;0;0;4;5;7;5;11;10;-1;-1;50;50;4;5;0;0;0;0;0;0;0;0;0;0;0;0;0;0;0;0;0;0;0;0;0;0;0;0;0;0;0;0;0;0;0;0;0;0;0;0;0;0;0;0;0;0;0;0;0;0;0;0;0;0;0;0;0;0;0;0;0;0;0;0;0;0;0;0;0;0;0;0;3;0;0;2;1;3;0;2017-04-29 11:00:00;7058;0;50;50;0;0;-1;1;-1;-1;-1;-1;-1;-1;0;0;4;5;0;9;-1;0;0;0;0;0;0;0;0;0;0;0;0;0;1;1;0;0;-1;-1;0;0;-1;-1;-1;-1;-1;-1;-1;-1;-1;0;25;50;50;50;25;25;25;0;11;0;3;1.75;Auda;Smiltene;1.27;1;1.5;0;1.5;0;50;25;0;0;0;50;50;50;0;0;0;1213;22;Y;Y;Y;N;N;N;Y
352355;6910;1091;2017;complete;2522;3;-1;-1;;1;0;1;-1;-1;-1;-1;-1;-1;-1;-1;-1;-1;-1;-1;-1;-1;-1;-1;-1;-1;-1;-1;-1;0;0;0;0;0;0;0;0;0;0;0;0;0;0;0;0;0;0;0;0;0;0;0;0;0;0;0;0;0;0;0;0;0;0;0;0;0;0;0;0;0;0;0;0;0;0;0;0;0;0;0;0;0;0;0;0;0;0;0;0;0;0;0;0;0;0;0;0;1;0;0;0;0;0;0;2017-04-29 12:00:00;6910;0;0;0;0;1;-1;-1;-1;-1;-1;-1;-1;-1;-1;-1;-1;-1;-1;-1;-1;0;0;0;0;0;0;0;-1;-1;-1;-1;-1;-1;-1;-1;-1;-1;-1;-1;-1;-1;-1;-1;-1;-1;-1;-1;-1;-1;-1;0;0;0;50;50;0;0;0;0;0;0;0;1;Valmiera / BSS;BFC Daugavpils;2.64;2;0;3;3;3;50;50;50;0;0;0;0;0;0;0;0;1213;22;Y;N;N;N;N;N;N
352356;7055;7050;2017;complete;2522;3;-1;;;0;0;0;2;14;16;-1;-1;-1;-1;-1;-1;8;10;5;12;13;22;-1;-1;50;50;-1;-1;0;0;0;0;0;0;0;0;0;0;0;0;0;0;0;0;0;0;0;0;0;0;0;0;0;0;0;0;0;0;0;0;0;0;0;0;0;0;0;0;0;0;0;0;0;0;0;0;0;0;0;0;0;0;0;0;0;0;0;0;0;0;0;0;0;0;0;0;0;0;0;0;0;0;0;2017-04-29 12:00:00;-1;0;25;0;0;0;-1;-1;-1;-1;-1;-1;-1;-1;-1;-1;-1;-1;-1;-1;-1;0;0;0;0;0;0;0;0;0;0;0;0;0;1;1;0;0;-1;-1;-1;-1;-1;-1;-1;-1;-1;-1;-1;-1;-1;0;0;75;100;100;0;0;0;0;0;0;0;2.75;JDFS Alberts;Grobiņa;1.27;1.73;3;3;1.5;3;100;100;25;0;0;0;0;0;0;0;0;1213;22;N;N;N;N;N;N;N
352357;7051;7049;2017;complete;2522;3;-1;-1,-1,-1;-1;3;1;4;-1;-1;-1;-1;-1;-1;-1;-1;-1;-1;-1;-1;-1;-1;-1;-1;-1;-1;-1;-1;-1;0;0;0;0;0;0;0;0;0;0;0;0;0;0;0;0;0;0;0;0;0;0;0;0;0;0;0;0;0;0;0;0;0;0;0;0;0;0;0;0;0;0;0;0;0;0;0;0;0;0;0;0;0;0;0;0;0;0;0;0;0;0;0;0;0;0;0;0;4;0;0;0;0;0;0;2017-04-29 12:00:00;7051;0;25;50;0;1;-1;-1;-1;-1;-1;-1;-1;-1;-1;-1;-1;-1;-1;-1;-1;0;0;0;0;0;0;0;-1;-1;-1;-1;-1;-1;-1;-1;-1;-1;-1;-1;-1;-1;-1;-1;-1;-1;-1;-1;-1;-1;-1;0;25;50;50;50;25;25;25;0;6;0;0;1.75;Tukums;Preilu BJSS;1.55;0.09;0;0;0;0;50;25;0;0;0;50;50;50;0;0;0;1213;22;Y;Y;Y;Y;N;N;Y
352358;7053;7060;2017;complete;2522;3;-1;-1;;1;0;1;-1;-1;-1;-1;-1;-1;-1;-1;-1;-1;-1;-1;-1;-1;-1;-1;-1;-1;-1;-1;-1;0;0;0;0;0;0;0;0;0;0;0;0;0;0;0;0;0;0;0;0;0;0;0;0;0;0;0;0;0;0;0;0;0;0;0;0;0;0;0;0;0;0;0;0;0;0;0;0;0;0;0;0;0;0;0;0;0;0;0;0;0;0;0;0;0;0;0;0;1;0;0;0;0;0;0;2017-04-29 15:00:00;7053;0;50;50;50;1;-1;-1;-1;-1;-1;-1;-1;-1;-1;-1;-1;-1;-1;-1;-1;0;0;0;0;0;0;0;-1;-1;-1;-1;-1;-1;-1;-1;-1;-1;-1;-1;-1;-1;-1;-1;-1;-1;-1;-1;-1;-1;-1;50;50;50;50;50;50;50;50;50;6;0;5;3;RTU;Progress / AFA Olaine;1.36;2;0;0;0;3;0;0;0;0;0;50;0;0;0;0;0;1213;22;Y;N;N;N;N;N;N
352359;7058;7055;2017;complete;2522;4;-1;55,76,78,89;38;4;1;5;7;2;9;-1;-1;1;2;0;0;11;3;8;3;19;6;-1;-1;50;50;1;2;0;0;0;0;0;0;0;0;0;0;0;0;0;0;0;0;0;0;0;0;0;0;0;0;0;0;0;0;0;0;0;0;0;0;0;0;0;0;0;0;0;0;0;0;0;0;0;0;0;0;0;0;0;0;0;0;0;0;0;0;0;0;0;0;0;0;0;0;5;0;1;4;0;4;1;2017-05-06 11:00:00;7058;0;50;25;25;0;-1;1;-1;-1;-1;-1;-1;-1;0;0;1;2;0;3;-1;0;0;0;0;0;0;0;0;0;0;0;0;0;1;1;0;0;-1;-1;0;0;-1;-1;-1;-1;-1;-1;-1;-1;-1;0;17;100;100;100;17;17;84;67;8.5;0;5.5;3.17;Auda;JDFS Alberts;1.27;1.27;2;0;2;1.33;100;84;0;0;0;75;75;25;0;0;0;1213;22;Y;Y;Y;Y;Y;N;Y
352360;7053;7049;2017;complete;2522;4;-1;18,22,31,40,46,68;;6;0;6;10;2;12;-1;-1;-1;-1;-1;-1;12;8;15;10;27;18;-1;-1;50;50;-1;-1;0;0;0;0;0;0;0;0;0;0;0;0;0;0;0;0;0;0;0;0;0;0;0;0;0;0;0;0;0;0;0;0;0;0;0;0;0;0;0;0;0;0;0;0;0;0;0;0;0;0;0;0;0;0;0;0;0;0;0;0;0;0;0;0;0;0;0;0;6;4;0;2;0;2;4;2017-05-06 11:00:00;7053;0;59;100;50;0;-1;-1;-1;-1;-1;-1;-1;-1;-1;-1;-1;-1;-1;-1;-1;0;0;0;0;0;0;0;-1;-1;-1;-1;-1;-1;-1;1;0;0;-1;-1;-1;-1;-1;-1;-1;-1;-1;-1;-1;-1;-1;25;59;75;75;100;42;42;42;25;12;0;5;3.59;RTU;Preilu BJSS;1.36;0.09;1.5;0;1.5;0;75;42;25;25;0;100;50;50;0;0;0;1213;22;Y;Y;Y;Y;Y;Y;N
352361;7051;7050;2017;complete;2522;4;-1;69;21,32,72,75;1;4;5;6;5;11;-1;-1;-1;-1;-1;-1;4;9;10;5;14;14;-1;-1;50;50;-1;-1;0;0;0;0;0;0;0;0;0;0;0;0;0;0;0;0;0;0;0;0;0;0;0;0;0;0;0;0;0;0;0;0;0;0;0;0;0;0;0;0;0;0;0;0;0;0;0;0;0;0;0;0;0;0;0;0;0;0;0;0;0;0;0;0;0;0;0;0;5;0;2;1;2;3;2;2017-05-06 12:00:00;7050;0;67;0;0;0;-1;-1;-1;-1;-1;-1;-1;-1;-1;-1;-1;-1;-1;-1;-1;0;0;0;0;0;0;0;-1;-1;-1;-1;-1;-1;-1;1;0;0;-1;-1;-1;-1;-1;-1;-1;-1;-1;-1;-1;-1;-1;0;50;67;84;84;0;0;0;0;14;0;0;2.84;Tukums;Grobiņa;1.55;1.73;3;2.33;1.5;2.33;100;50;34;17;17;50;50;50;0;0;0;1213;22;Y;Y;Y;Y;Y;N;Y
352362;7060;7052;2017;complete;2522;4;-1;32,41,65;16;3;1;4;7;0;7;-1;-1;3;4;0;0;11;2;8;0;19;2;-1;-1;50;50;3;4;0;0;0;0;0;0;0;0;0;0;0;0;0;0;0;0;0;0;0;0;0;0;0;0;0;0;0;0;0;0;0;0;0;0;0;0;0;0;0;0;0;0;0;0;0;0;0;0;0;0;0;0;0;0;0;0;0;0;0;0;0;0;0;0;0;0;0;0;4;2;1;1;0;1;3;2017-05-06 15:00:00;7060;0;0;0;0;0;-1;1;-1;-1;-1;-1;-1;-1;1;2;2;2;3;4;-1;0;0;0;0;0;0;0;0;0;0;0;0;0;1;1;0;0;-1;-1;0;0;-1;-1;-1;-1;-1;-1;-1;-1;-1;0;0;75;100;100;0;0;25;25;6;0;1;2.75;Progress / AFA Olaine;Staiceles Bebri;2.36;0.09;3;0;2;0;100;100;25;0;0;50;50;25;0;0;0;1213;22;Y;Y;Y;Y;N;N;Y
352363;7056;6910;2017;complete;2522;4;-1;;-1,-1,-1,-1;0;4;4;-1;-1;-1;-1;-1;-1;-1;-1;-1;-1;-1;-1;-1;-1;-1;-1;-1;-1;-1;-1;-1;0;0;0;0;0;0;0;0;0;0;0;0;0;0;0;0;0;0;0;0;0;0;0;0;0;0;0;0;0;0;0;0;0;0;0;0;0;0;0;0;0;0;0;0;0;0;0;0;0;0;0;0;0;0;0;0;0;0;0;0;0;0;0;0;0;0;0;0;4;0;0;0;0;0;0;2017-05-07 12:00:00;6910;0;50;0;0;1;-1;-1;-1;-1;-1;-1;-1;-1;-1;-1;-1;-1;-1;-1;-1;0;0;0;0;0;0;0;-1;-1;-1;-1;-1;-1;-1;-1;-1;-1;-1;-1;-1;-1;-1;-1;-1;-1;-1;-1;-1;-1;-1;50;50;100;100;100;0;0;0;0;0;0;0;5;Rēzekne / BJSS;Valmiera / BSS;1.18;2.64;3;3;3;3;50;50;0;0;0;0;0;0;0;0;0;1213;22;Y;Y;Y;Y;N;N;N
352364;7057;1091;2017;complete;2522;4;-1;11;;1;0;1;3;3;6;-1;-1;3;3;0;0;4;4;2;6;6;10;-1;-1;45;55;3;3;0;0;0;0;0;0;0;0;0;0;0;0;0;0;0;0;0;0;0;0;0;0;0;0;0;0;0;0;0;0;0;0;0;0;0;0;0;0;0;0;0;0;0;0;0;0;0;0;0;0;0;0;0;0;0;0;0;0;0;0;0;0;0;0;0;0;0;0;1;1;0;0;0;0;1;2017-05-07 12:00:00;7057;0;25;0;0;0;-1;1;-1;-1;-1;-1;-1;-1;0;2;3;1;2;4;-1;0;0;0;0;0;0;0;0;0;0;0;0;0;1;1;0;0;-1;-1;0;0;-1;-1;-1;-1;-1;-1;-1;-1;-1;25;25;25;75;100;0;0;0;0;0;0;0;3;Smiltene;BFC Daugavpils;1.36;2;0;1.5;0;1.5;75;75;75;25;0;0;0;0;0;0;0;1213;22;Y;N;N;N;N;N;N
352365;7053;7050;2017;complete;2522;5;-1;;21,26;0;2;2;4;4;8;-1;-1;0;3;0;0;7;6;8;9;15;15;-1;-1;50;50;0;3;0;0;0;0;0;0;0;0;0;0;0;0;0;0;0;0;0;0;0;0;0;0;0;0;0;0;0;0;0;0;0;0;0;0;0;0;0;0;0;0;0;0;0;0;0;0;0;0;0;0;0;0;0;0;0;0;0;0;0;0;0;0;0;0;0;0;0;0;2;0;2;0;0;0;2;2017-05-13 11:00:00;7050;0;42;25;50;0;-1;1;-1;-1;-1;-1;-1;-1;0;0;0;3;0;3;-1;0;0;0;0;0;0;0;0;0;0;0;0;0;1;1;0;0;-1;-1;0;0;-1;-1;-1;-1;-1;-1;-1;-1;-1;46;46;59;71;88;46;46;46;46;17.5;0;5;3.42;RTU;Grobiņa;1.36;1.73;2;2.5;2;2.5;54;54;42;29;13;100;75;75;0;0;0;1213;22;Y;Y;N;N;N;N;N
352366;7051;7058;2017;complete;2522;5;-1;83;90;1;1;2;12;6;18;-1;-1;2;1;0;0;7;5;2;5;9;10;-1;-1;50;50;2;1;0;0;0;0;0;0;0;0;0;0;0;0;0;0;0;0;0;0;0;0;0;0;0;0;0;0;0;0;0;0;0;0;0;0;0;0;0;0;0;0;0;0;0;0;0;0;0;0;0;0;0;0;0;0;0;0;0;0;0;0;0;0;0;0;0;0;0;0;2;0;0;1;1;2;0;2017-05-13 13:00:00;-1;0;50;0;50;0;-1;1;-1;-1;-1;-1;-1;-1;0;0;2;1;0;3;-1;0;0;0;0;0;0;0;0;0;0;0;0;0;1;1;0;0;-1;-1;0;0;-1;-1;-1;-1;-1;-1;-1;-1;-1;25;50;50;50;50;25;25;25;25;6;0;0;2.25;Tukums;Auda;1.55;0.82;1.5;0;1;2.25;25;0;0;0;0;50;50;50;0;0;0;1213;22;Y;Y;N;N;N;N;Y
352367;7057;7055;2017;complete;2522;5;-1;89;12;1;1;2;9;5;14;-1;-1;3;2;0;0;9;10;6;5;15;15;-1;-1;50;50;3;2;0;0;0;0;0;0;0;0;0;0;0;0;0;0;0;0;0;0;0;0;0;0;0;0;0;0;0;0;0;0;0;0;0;0;0;0;0;0;0;0;0;0;0;0;0;0;0;0;0;0;0;0;0;0;0;0;0;0;0;0;0;0;0;0;0;0;0;0;2;0;1;1;0;1;1;2017-05-14 11:00:00;-1;0;42;0;0;0;-1;1;-1;-1;-1;-1;-1;-1;1;1;2;1;2;3;-1;0;0;0;0;0;0;0;0;0;0;0;0;0;1;1;0;0;-1;-1;0;0;-1;-1;-1;-1;-1;-1;-1;-1;-1;42;42;67;84;100;0;42;50;50;4.5;0;5;3.67;Smiltene;JDFS Alberts;1.36;1.27;1;0;0.75;1;59;59;34;17;0;50;25;0;0;0;0;1213;22;Y;Y;N;N;N;N;Y
352368;7052;7049;2017;complete;2522;5;-1;-1;;1;0;1;-1;-1;-1;-1;-1;-1;-1;-1;-1;-1;-1;-1;-1;-1;-1;-1;-1;-1;-1;-1;-1;0;0;0;0;0;0;0;0;0;0;0;0;0;0;0;0;0;0;0;0;0;0;0;0;0;0;0;0;0;0;0;0;0;0;0;0;0;0;0;0;0;0;0;0;0;0;0;0;0;0;0;0;0;0;0;0;0;0;0;0;0;0;0;0;0;0;0;0;1;0;0;0;0;0;0;2017-05-14 13:00:00;7052;0;25;25;0;1;-1;-1;-1;-1;-1;-1;-1;-1;-1;-1;-1;-1;-1;-1;-1;0;0;0;0;0;0;0;-1;-1;-1;-1;-1;-1;-1;-1;-1;-1;-1;-1;-1;-1;-1;-1;-1;-1;-1;-1;-1;-1;-1;13;38;50;100;100;25;25;25;13;4;0;0;3.13;Staiceles Bebri;Preilu BJSS;0.36;0.09;0;0;0;0;88;63;50;0;0;50;50;50;0;0;0;1213;22;Y;N;N;N;N;N;N
352369;1091;7056;2017;complete;2522;5;-1;;;0;0;0;8;9;17;-1;-1;-1;-1;-1;-1;9;5;6;2;15;7;-1;-1;48;52;-1;-1;0;0;0;0;0;0;0;0;0;0;0;0;0;0;0;0;0;0;0;0;0;0;0;0;0;0;0;0;0;0;0;0;0;0;0;0;0;0;0;0;0;0;0;0;0;0;0;0;0;0;0;0;0;0;0;0;0;0;0;0;0;0;0;0;0;0;0;0;0;0;0;0;0;0;0;2017-05-14 15:00:00;-1;0;50;50;50;0;-1;-1;-1;-1;-1;-1;-1;-1;-1;-1;-1;-1;-1;-1;-1;0;0;0;0;0;0;0;0;0;0;0;0;0;1;1;0;0;-1;-1;-1;-1;-1;-1;-1;-1;-1;-1;-1;-1;-1;50;50;50;50;50;50;50;50;50;3;0;2;3;BFC Daugavpils;Rēzekne / BJSS;2.27;1.36;0;3;1;2;0;0;0;0;0;50;0;0;0;0;0;1213;22;N;N;N;N;N;N;N
352370;7058;7053;2017;complete;2522;6;-1;29,42;5,20,56,76;2;4;6;5;4;9;-1;-1;3;0;0;0;7;10;9;7;16;17;-1;-1;50;50;3;0;0;0;0;0;0;0;0;0;0;0;0;0;0;0;0;0;0;0;0;0;0;0;0;0;0;0;0;0;0;0;0;0;0;0;0;0;0;0;0;0;0;0;0;0;0;0;0;0;0;0;0;0;0;0;0;0;0;0;0;0;0;0;0;0;0;0;0;0;6;2;2;0;2;2;4;2017-05-20 11:00:00;7053;0;50;17;17;0;-1;1;-1;-1;-1;-1;-1;-1;0;0;3;0;0;3;-1;0;0;0;0;0;0;0;0;0;0;0;0;0;1;1;0;1;-1;-1;0;0;-1;-1;-1;-1;-1;-1;-1;-1;-1;13;25;50;50;50;13;25;38;25;7.33;0;2.67;1.88;Auda;RTU;1.27;0.82;2.25;0;2;1.5;38;25;0;0;0;34;17;17;0;0;0;1213;22;Y;Y;Y;Y;Y;Y;Y
352371;7055;7051;2017;complete;2522;6;-1;;50;0;1;1;2;12;14;-1;-1;2;1;0;0;4;7;1;11;5;18;-1;-1;50;50;2;1;0;0;0;0;0;0;0;0;0;0;0;0;0;0;0;0;0;0;0;0;0;0;0;0;0;0;0;0;0;0;0;0;0;0;0;0;0;0;0;0;0;0;0;0;0;0;0;0;0;0;0;0;0;0;0;0;0;0;0;0;0;0;0;0;0;0;0;0;1;0;0;0;1;1;0;2017-05-20 12:00:00;7051;0;0;0;0;0;-1;1;-1;-1;-1;-1;-1;-1;0;0;2;1;0;3;-1;0;0;0;0;0;0;0;0;0;0;0;0;0;1;1;0;0;-1;-1;0;0;-1;-1;-1;-1;-1;-1;-1;-1;-1;0;0;25;75;75;0;0;0;0;12;0;0;1.75;JDFS Alberts;Tukums;1.27;1.45;2;0;1;1;100;100;75;25;25;100;100;100;0;0;0;1213;22;Y;N;N;N;N;N;N
352372;7050;7052;2017;complete;2522;6;-1;51,64;22;2;1;3;14;2;16;-1;-1;3;2;0;0;18;4;14;2;32;6;-1;-1;50;50;3;2;0;0;0;0;0;0;0;0;0;0;0;0;0;0;0;0;0;0;0;0;0;0;0;0;0;0;0;0;0;0;0;0;0;0;0;0;0;0;0;0;0;0;0;0;0;0;0;0;0;0;0;0;0;0;0;0;0;0;0;0;0;0;0;0;0;0;0;0;3;0;1;2;0;2;1;2017-05-21 12:00:00;7050;0;25;50;0;0;-1;1;-1;-1;-1;-1;-1;-1;1;0;2;2;1;4;-1;0;0;0;0;0;0;0;0;0;0;0;0;0;1;1;0;0;-1;-1;0;0;-1;-1;-1;-1;-1;-1;-1;-1;-1;0;25;50;50;50;25;25;25;0;0;0;4;1.75;Grobiņa;Staiceles Bebri;2.27;0.09;0;0;2.6;0.75;50;25;0;0;0;0;0;0;0;0;0;1213;22;Y;Y;Y;N;N;N;Y
352373;7060;6910;2017;complete;2522;6;-1;-1;-1;1;1;2;-1;-1;-1;-1;-1;-1;-1;-1;-1;-1;-1;-1;-1;-1;-1;-1;-1;-1;-1;-1;-1;0;0;0;0;0;0;0;0;0;0;0;0;0;0;0;0;0;0;0;0;0;0;0;0;0;0;0;0;0;0;0;0;0;0;0;0;0;0;0;0;0;0;0;0;0;0;0;0;0;0;0;0;0;0;0;0;0;0;0;0;0;0;0;0;0;0;0;0;2;0;0;0;0;0;0;2017-05-21 15:00:00;-1;0;42;25;0;1;-1;-1;-1;-1;-1;-1;-1;-1;-1;-1;-1;-1;-1;-1;-1;0;0;0;0;0;0;0;-1;-1;-1;-1;-1;-1;-1;-1;-1;-1;-1;-1;-1;-1;-1;-1;-1;-1;-1;-1;-1;-1;-1;25;67;84;100;100;17;17;34;17;6.33;0;2;4.25;Progress / AFA Olaine;Valmiera / BSS;2.36;2.64;3;3;2.25;3;75;34;17;0;0;34;34;17;0;0;0;1213;22;Y;Y;N;N;N;N;Y
352374;7057;7056;2017;complete;2522;6;-1;-1,-1,-1,-1;-1,-1;4;2;6;-1;-1;-1;-1;-1;-1;-1;-1;-1;-1;-1;-1;-1;-1;-1;-1;-1;-1;-1;-1;-1;0;0;0;0;0;0;0;0;0;0;0;0;0;0;0;0;0;0;0;0;0;0;0;0;0;0;0;0;0;0;0;0;0;0;0;0;0;0;0;0;0;0;0;0;0;0;0;0;0;0;0;0;0;0;0;0;0;0;0;0;0;0;0;0;0;0;0;0;6;0;0;0;0;0;0;2017-05-21 15:30:00;7057;0;50;25;25;1;-1;-1;-1;-1;-1;-1;-1;-1;-1;-1;-1;-1;-1;-1;-1;0;0;0;0;0;0;0;-1;-1;-1;-1;-1;-1;-1;-1;-1;-1;-1;-1;-1;-1;-1;-1;-1;-1;-1;-1;-1;-1;-1;38;38;38;63;75;25;50;38;25;12;0;5;3;Smiltene;Rēzekne / BJSS;1.36;1.36;1;2;0.8;1.75;63;63;63;38;25;75;50;50;0;0;0;1213;22;Y;Y;Y;Y;Y;Y;Y
352375;1091;7060;2017;complete;2522;7;-1;62;71,88;1;2;3;1;1;2;-1;-1;2;1;0;0;8;6;9;2;17;8;-1;-1;60;40;2;1;0;0;0;0;0;0;0;0;0;0;0;0;0;0;0;0;0;0;0;0;0;0;0;0;0;0;0;0;0;0;0;0;0;0;0;0;0;0;0;0;0;0;0;0;0;0;0;0;0;0;0;0;0;0;0;0;0;0;0;0;0;0;0;0;0;0;0;0;3;0;0;1;2;3;0;2017-05-27 11:00:00;7060;0;0;0;0;0;-1;1;-1;-1;-1;-1;-1;-1;1;1;1;0;2;1;-1;0;0;0;0;0;0;0;0;0;0;0;0;0;1;1;0;0;-1;-1;0;1;-1;-1;-1;-1;-1;-1;-1;-1;-1;0;0;0;0;50;0;0;0;0;8;0;0;0.5;BFC Daugavpils;Progress / AFA Olaine;2.27;2;1;0;1;2;100;100;100;100;50;50;50;50;0;0;0;1213;22;Y;Y;Y;N;N;N;Y
352376;7051;7057;2017;complete;2522;7;-1;14,16,34,55;;4;0;4;8;3;11;-1;-1;3;3;0;0;13;2;14;6;27;8;-1;-1;50;50;3;3;0;0;0;0;0;0;0;0;0;0;0;0;0;0;0;0;0;0;0;0;0;0;0;0;0;0;0;0;0;0;0;0;0;0;0;0;0;0;0;0;0;0;0;0;0;0;0;0;0;0;0;0;0;0;0;0;0;0;0;0;0;0;0;0;0;0;0;0;4;3;0;1;0;1;3;2017-05-27 12:00:00;7051;0;100;0;100;0;-1;1;-1;-1;-1;-1;-1;-1;2;2;1;1;4;2;-1;0;0;0;0;0;0;0;0;0;0;0;0;0;1;1;0;0;-1;-1;0;0;-1;-1;-1;-1;-1;-1;-1;-1;-1;17;34;84;100;100;17;17;84;84;11;0;7;3.34;Tukums;Smiltene;1.55;1;1.33;0;1.4;1.17;84;67;17;0;0;50;50;50;0;0;0;1213;22;Y;Y;Y;Y;N;N;N
352377;7053;7055;2017;complete;2522;7;-1;-1,-1,-1;-1;3;1;4;7;2;9;-1;-1;-1;-1;-1;-1;11;4;8;6;19;10;-1;-1;50;50;-1;-1;0;0;0;0;0;0;0;0;0;0;0;0;0;0;0;0;0;0;0;0;0;0;0;0;0;0;0;0;0;0;0;0;0;0;0;0;0;0;0;0;0;0;0;0;0;0;0;0;0;0;0;0;0;0;0;0;0;0;0;0;0;0;0;0;0;0;0;0;4;0;0;0;0;0;0;2017-05-27 13:00:00;7053;0;46;17;17;1;-1;-1;-1;-1;-1;-1;-1;-1;-1;-1;-1;-1;-1;-1;-1;0;0;0;0;0;0;0;-1;-1;-1;-1;-1;-1;-1;-1;-1;-1;-1;-1;-1;-1;-1;-1;-1;-1;-1;-1;-1;-1;-1;42;42;59;88;100;38;71;75;59;9.34;0;4.5;3.54;RTU;JDFS Alberts;1.36;1.27;1.5;0.33;1.8;0.83;59;59;42;13;0;84;50;33;0;0;0;1213;22;Y;Y;Y;Y;N;N;Y
352378;7052;7058;2017;complete;2522;7;-1;11,60;24,37,40,61,74,89;2;6;8;5;7;12;-1;-1;3;0;0;0;6;12;4;12;10;24;-1;-1;50;50;3;0;0;0;0;0;0;0;0;0;0;0;0;0;0;0;0;0;0;0;0;0;0;0;0;0;0;0;0;0;0;0;0;0;0;0;0;0;0;0;0;0;0;0;0;0;0;0;0;0;0;0;0;0;0;0;0;0;0;0;0;0;0;0;0;0;0;0;0;0;8;1;3;1;3;4;4;2017-05-28 13:00:00;7058;0;50;0;50;0;-1;1;-1;-1;-1;-1;-1;-1;0;0;3;0;0;3;-1;0;0;0;0;0;0;0;0;0;0;0;0;0;1;1;0;0;-1;-1;0;0;-1;-1;-1;-1;-1;-1;-1;-1;-1;0;0;0;75;100;0;0;50;50;6;0;1;1.75;Staiceles Bebri;Auda;0.36;0.82;1.5;1;0.6;1.67;100;100;100;25;0;50;50;50;0;0;0;1213;22;Y;Y;Y;Y;Y;Y;Y
352379;6910;7049;2017;complete;2522;7;-1;18,34,39,83;21;4;1;5;3;5;8;-1;-1;2;1;0;0;7;4;5;2;12;6;-1;-1;50;50;2;1;0;0;0;0;0;0;0;0;0;0;0;0;0;0;0;0;0;0;0;0;0;0;0;0;0;0;0;0;0;0;0;0;0;0;0;0;0;0;0;0;0;0;0;0;0;0;0;0;0;0;0;0;0;0;0;0;0;0;0;0;0;0;0;0;0;0;0;0;5;3;1;1;0;1;4;2017-05-28 14:00:00;6910;0;20;25;0;0;-1;1;-1;-1;-1;-1;-1;-1;1;1;1;0;2;1;-1;0;0;0;0;0;0;0;0;0;0;0;0;0;1;1;0;0;-1;-1;0;0;-1;-1;-1;-1;-1;-1;-1;-1;-1;10;30;40;40;100;20;20;20;10;4;0;0;2.3;Valmiera / BSS;Preilu BJSS;2.64;0.09;3;0;2.5;0;90;70;60;60;0;50;50;50;0;0;0;1213;22;Y;Y;Y;Y;Y;N;Y
352380;7051;7053;2017;complete;2522;8;-1;21,81,88;70;3;1;4;6;2;8;-1;-1;1;0;0;0;9;5;6;3;15;8;-1;-1;50;50;1;0;0;0;0;0;0;0;0;0;0;0;0;0;0;0;0;0;0;0;0;0;0;0;0;0;0;0;0;0;0;0;0;0;0;0;0;0;0;0;0;0;0;0;0;0;0;0;0;0;0;0;0;0;0;0;0;0;0;0;0;0;0;0;0;0;0;0;0;0;4;1;0;2;1;3;1;2017-06-03 12:00:00;7051;0;88;50;34;0;-1;1;-1;-1;-1;-1;-1;-1;0;0;1;0;0;1;-1;0;0;0;0;0;0;0;0;0;0;0;0;0;1;1;0;0;-1;-1;0;0;-1;-1;-1;-1;-1;-1;-1;-1;-1;63;88;88;100;100;75;75;88;75;12.67;0;2.5;4.88;Tukums;RTU;1.55;0.82;1.75;3;1.67;2;38;13;13;0;0;100;50;50;0;0;0;1213;22;Y;Y;Y;Y;N;N;Y
352381;7055;7052;2017;complete;2522;8;-1;34,66;;2;0;2;9;3;12;-1;-1;1;1;0;0;8;5;15;7;23;12;-1;-1;50;50;1;1;0;0;0;0;0;0;0;0;0;0;0;0;0;0;0;0;0;0;0;0;0;0;0;0;0;0;0;0;0;0;0;0;0;0;0;0;0;0;0;0;0;0;0;0;0;0;0;0;0;0;0;0;0;0;0;0;0;0;0;0;0;0;0;0;0;0;0;0;2;1;0;1;0;1;1;2017-06-03 13:00:00;7055;0;34;25;0;0;-1;1;-1;-1;-1;-1;-1;-1;1;0;0;1;1;1;-1;0;0;0;0;0;0;0;0;0;0;0;0;0;1;1;0;0;-1;-1;0;0;-1;-1;-1;-1;-1;-1;-1;-1;-1;0;17;67;67;84;17;34;50;17;3;0;5;2.33;JDFS Alberts;Staiceles Bebri;1.27;0.09;1.33;0;0.71;0.5;100;84;34;34;17;75;75;75;0;0;0;1213;22;Y;Y;N;N;N;N;N
352382;7050;6910;2017;complete;2522;8;-1;31,62,88;27,38,52;3;3;6;4;7;11;-1;-1;3;3;0;0;6;6;3;9;9;15;-1;-1;50;50;3;3;0;0;0;0;0;0;0;0;0;0;0;0;0;0;0;0;0;0;0;0;0;0;0;0;0;0;0;0;0;0;0;0;0;0;0;0;0;0;0;0;0;0;0;0;0;0;0;0;0;0;0;0;0;0;0;0;0;0;0;0;0;0;0;0;0;0;0;0;6;1;2;2;1;3;3;2017-06-03 14:00:00;-1;0;84;0;0;0;-1;1;-1;-1;-1;-1;-1;-1;0;0;3;3;0;6;-1;0;0;0;0;0;0;0;0;0;0;0;0;0;1;1;0;0;-1;-1;0;0;-1;-1;-1;-1;-1;-1;-1;-1;-1;17;34;84;100;100;0;50;50;50;14;0;3;3.67;Grobiņa;Valmiera / BSS;2.27;2.64;3;2.33;2.67;2.6;84;67;17;0;0;50;50;50;0;0;0;1213;22;Y;Y;Y;Y;Y;Y;Y
352383;7049;1091;2017;complete;2522;8;-1;;-1,-1,-1,-1,-1;0;5;5;1;10;11;-1;-1;-1;-1;-1;-1;5;14;0;5;5;19;-1;-1;-1;-1;-1;-1;0;0;0;0;0;0;0;0;0;0;0;0;0;0;0;0;0;0;0;0;0;0;0;0;0;0;0;0;0;0;0;0;0;0;0;0;0;0;0;0;0;0;0;0;0;0;0;0;0;0;0;0;0;0;0;0;0;0;0;0;0;0;0;0;0;0;0;0;5;0;0;0;0;0;0;2017-06-03 15:00:00;1091;0;0;0;0;1;-1;-1;-1;-1;-1;-1;-1;-1;-1;-1;-1;-1;-1;-1;-1;0;0;0;0;0;0;0;-1;-1;-1;-1;-1;-1;-1;-1;-1;-1;-1;-1;-1;-1;-1;-1;-1;-1;-1;-1;-1;-1;-1;0;0;0;17;50;0;17;0;0;3;0;3;0.67;Preilu BJSS;BFC Daugavpils;1.18;2;0;1;0;0.8;50;50;50;34;0;0;0;0;0;0;0;1213;22;Y;Y;Y;Y;Y;N;N
352384;7060;7056;2017;complete;2522;8;-1;78;44;1;1;2;9;2;11;-1;-1;2;1;0;0;12;6;14;1;26;7;-1;-1;50;50;2;1;0;0;0;0;0;0;0;0;0;0;0;0;0;0;0;0;0;0;0;0;0;0;0;0;0;0;0;0;0;0;0;0;0;0;0;0;0;0;0;0;0;0;0;0;0;0;0;0;0;0;0;0;0;0;0;0;0;0;0;0;0;0;0;0;0;0;0;0;2;0;1;1;0;1;1;2017-06-04 15:00:00;-1;0;59;50;25;0;-1;1;-1;-1;-1;-1;-1;-1;1;0;1;1;1;2;-1;0;0;0;0;0;0;0;0;0;0;0;0;0;1;1;0;0;-1;-1;0;0;-1;-1;-1;-1;-1;-1;-1;-1;-1;34;46;59;84;84;29;29;42;29;12.33;0;4;3.38;Progress / AFA Olaine;Rēzekne / BJSS;2.36;1.36;2.5;1.33;2.17;1.4;67;54;42;17;17;84;59;42;0;0;0;1213;22;Y;Y;N;N;N;N;Y
352385;7056;7049;2017;complete;2522;9;-1;3,13,77,90;28,62;4;2;6;7;7;14;-1;-1;2;2;0;0;7;9;8;5;15;14;-1;-1;50;50;2;2;0;0;0;0;0;0;0;0;0;0;0;0;0;0;0;0;0;0;0;0;0;0;0;0;0;0;0;0;0;0;0;0;0;0;0;0;0;0;0;0;0;0;0;0;0;0;0;0;0;0;0;0;0;0;0;0;0;0;0;0;0;0;0;0;0;0;0;0;6;2;1;2;1;3;3;2017-06-10 11:00:00;7056;0;25;34;0;0;-1;1;-1;-1;-1;-1;-1;-1;2;0;0;2;2;2;-1;0;0;0;0;0;0;0;0;0;0;0;0;0;1;1;1;0;-1;-1;0;0;-1;-1;-1;-1;-1;-1;-1;-1;-1;17;59;92;92;100;25;25;25;9;4.33;0;0.5;3.67;Rēzekne / BJSS;Preilu BJSS;1.18;0.09;1.5;0;1.33;0;84;42;9;9;0;34;34;34;0;0;0;1213;22;Y;Y;Y;Y;Y;Y;Y
352386;6910;7058;2017;complete;2522;9;-1;7,50,73,85;;4;0;4;6;11;17;-1;-1;4;1;0;1;5;0;0;0;5;0;-1;-1;50;50;4;3;0;0;0;0;0;0;0;0;0;0;0;0;0;0;0;0;0;0;0;0;0;0;0;0;0;0;0;0;0;0;0;0;0;0;0;0;0;0;0;0;0;0;0;0;0;0;0;0;0;0;0;0;0;0;0;0;0;0;0;0;0;0;0;0;0;0;0;0;4;1;0;3;0;3;1;2017-06-10 12:00:00;6910;0;75;75;50;0;-1;1;-1;-1;-1;-1;-1;-1;1;1;3;1;2;4;-1;0;0;0;0;0;0;0;0;0;0;0;0;0;1;1;1;0;-1;-1;0;0;-1;-1;-1;-1;-1;-1;-1;-1;-1;50;50;50;75;100;50;50;75;50;9.5;0;2.5;4;Valmiera / BSS;Auda;2.64;0.82;3;2;2.33;1.86;50;50;50;25;0;50;50;50;0;0;0;1213;22;Y;Y;Y;Y;N;N;N
352387;7052;7051;2017;complete;2522;9;-1;56;15,27,89;1;3;4;2;7;9;-1;-1;0;2;0;0;3;12;1;13;4;25;-1;-1;50;50;0;2;0;0;0;0;0;0;0;0;0;0;0;0;0;0;0;0;0;0;0;0;0;0;0;0;0;0;0;0;0;0;0;0;0;0;0;0;0;0;0;0;0;0;0;0;0;0;0;0;0;0;0;0;0;0;0;0;0;0;0;0;0;0;0;0;0;0;0;0;4;0;2;1;1;2;2;2017-06-10 12:00:00;7051;0;17;50;50;0;-1;1;-1;-1;-1;-1;-1;-1;0;0;0;2;0;2;-1;0;0;0;0;0;0;0;0;0;0;0;0;0;1;1;0;0;-1;-1;0;0;-1;-1;-1;-1;-1;-1;-1;-1;-1;17;17;17;59;100;17;17;42;17;16;0;4;2.59;Staiceles Bebri;Tukums;0.36;1.45;1;1.5;0.43;1.86;84;84;84;42;0;100;100;100;0;0;0;1213;22;Y;Y;Y;Y;N;N;Y
352388;7053;7057;2017;complete;2522;9;-1;;90;0;1;1;5;4;9;-1;-1;4;2;1;0;5;6;4;4;9;10;-1;-1;50;50;6;2;0;0;0;0;0;0;0;0;0;0;0;0;0;0;0;0;0;0;0;0;0;0;0;0;0;0;0;0;0;0;0;0;0;0;0;0;0;0;0;0;0;0;0;0;0;0;0;0;0;0;0;0;0;0;0;0;0;0;0;0;0;0;0;0;0;0;0;0;1;0;0;0;1;1;0;2017-06-10 14:00:00;7057;0;45;17;42;0;-1;1;-1;-1;-1;-1;-1;-1;3;1;2;1;4;3;-1;0;0;0;0;0;0;0;0;0;0;0;0;0;1;1;0;0;-1;-1;0;0;-1;-1;-1;-1;-1;-1;-1;-1;-1;20;55;80;90;100;55;55;70;45;9.25;0;6.5;3.65;RTU;Smiltene;1.36;1;1.8;0;1.71;1;80;45;20;10;0;63;38;38;0;0;0;1213;22;Y;N;N;N;N;N;N
352389;7057;7060;2017;complete;2522;10;-1;;-1,-1,-1,-1;0;4;4;-1;-1;-1;-1;-1;-1;-1;-1;-1;-1;-1;-1;-1;-1;-1;-1;-1;-1;-1;-1;-1;0;0;0;0;0;0;0;0;0;0;0;0;0;0;0;0;0;0;0;0;0;0;0;0;0;0;0;0;0;0;0;0;0;0;0;0;0;0;0;0;0;0;0;0;0;0;0;0;0;0;0;0;0;0;0;0;0;0;0;0;0;0;0;0;0;0;0;0;4;0;0;0;0;0;0;2017-06-17 11:00:00;7060;0;55;0;50;1;-1;-1;-1;-1;-1;-1;-1;-1;-1;-1;-1;-1;-1;-1;-1;0;0;0;0;0;0;0;-1;-1;-1;-1;-1;-1;-1;-1;-1;-1;-1;-1;-1;-1;-1;-1;-1;-1;-1;-1;-1;-1;-1;20;20;45;65;100;0;20;35;25;7;0;4;2.8;Smiltene;Progress / AFA Olaine;1.36;2;1.4;1.5;1.25;2;80;80;55;35;0;25;25;25;0;0;0;1213;22;Y;Y;Y;Y;N;N;N
352390;7058;1091;2017;complete;2522;10;-1;-1;-1;1;1;2;3;3;6;-1;-1;-1;-1;-1;-1;3;3;3;11;6;14;-1;-1;40;60;-1;-1;0;0;0;0;0;0;0;0;0;0;0;0;0;0;0;0;0;0;0;0;0;0;0;0;0;0;0;0;0;0;0;0;0;0;0;0;0;0;0;0;0;0;0;0;0;0;0;0;0;0;0;0;0;0;0;0;0;0;0;0;0;0;0;0;0;0;0;0;2;0;0;0;0;0;0;2017-06-17 13:00:00;-1;0;50;25;13;1;-1;-1;-1;-1;-1;-1;-1;-1;-1;-1;-1;-1;-1;-1;-1;0;0;0;0;0;0;0;-1;-1;-1;-1;-1;-1;-1;-1;-1;-1;-1;-1;-1;-1;-1;-1;-1;-1;-1;-1;-1;-1;-1;33;43;63;75;100;20;43;40;30;13.25;0;5.75;3.23;Auda;BFC Daugavpils;1.27;2;1.8;1.5;1.63;1.17;68;58;38;25;0;63;38;38;0;0;0;1213;22;Y;Y;N;N;N;N;Y
352391;7055;6910;2017;complete;2522;10;-1;;17,41,78;0;3;3;3;13;16;-1;-1;2;0;1;0;6;14;7;13;13;27;-1;-1;50;50;4;0;0;0;0;0;0;0;0;0;0;0;0;0;0;0;0;0;0;0;0;0;0;0;0;0;0;0;0;0;0;0;0;0;0;0;0;0;0;0;0;0;0;0;0;0;0;0;0;0;0;0;0;0;0;0;0;0;0;0;0;0;0;0;0;0;0;0;0;0;3;0;2;0;1;1;2;2017-06-17 14:00:00;6910;0;38;50;50;0;-1;1;-1;-1;-1;-1;-1;-1;0;0;3;0;0;3;-1;0;0;0;0;0;0;0;0;0;0;0;0;0;1;1;0;0;-1;-1;0;0;-1;-1;-1;-1;-1;-1;-1;-1;-1;25;38;50;75;88;13;25;38;13;11.33;0;4.5;3.13;JDFS Alberts;Valmiera / BSS;1.27;2.64;1.75;2;1;2.43;75;63;50;25;13;100;100;100;0;0;0;1213;22;Y;Y;Y;N;N;N;N
352392;7050;7056;2017;complete;2522;10;-1;5,6,8,57,60;13,23,88;5;3;8;1;5;6;-1;-1;2;1;0;0;8;7;8;4;16;11;-1;-1;50;50;2;1;0;0;0;0;0;0;0;0;0;0;0;0;0;0;0;0;0;0;0;0;0;0;0;0;0;0;0;0;0;0;0;0;0;0;0;0;0;0;0;0;0;0;0;0;0;0;0;0;0;0;0;0;0;0;0;0;0;0;0;0;0;0;0;0;0;0;0;0;8;3;2;2;1;3;5;2017-06-17 14:00:00;7050;0;88;42;42;0;-1;1;-1;-1;-1;-1;-1;-1;0;0;2;1;0;3;-1;0;0;0;0;0;0;0;0;0;0;0;0;0;1;1;3;0;-1;-1;0;0;-1;-1;-1;-1;-1;-1;-1;-1;-1;50;50;75;88;88;38;75;75;63;13.67;0;4.5;4;Grobiņa;Rēzekne / BJSS;2.27;1.36;2;1.25;2.43;1.57;50;50;25;13;13;100;84;84;0;0;0;1213;22;Y;Y;Y;Y;Y;Y;Y
352393;7053;7052;2017;complete;2522;10;-1;-1,-1;;2;0;2;19;3;22;-1;-1;-1;-1;-1;-1;14;0;26;7;40;7;-1;-1;50;50;-1;-1;0;0;0;0;0;0;0;0;0;0;0;0;0;0;0;0;0;0;0;0;0;0;0;0;0;0;0;0;0;0;0;0;0;0;0;0;0;0;0;0;0;0;0;0;0;0;0;0;0;0;0;0;0;0;0;0;0;0;0;0;0;0;0;0;0;0;0;0;2;0;0;0;0;0;0;2017-06-18 14:00:00;7053;0;42;29;13;1;-1;-1;-1;-1;-1;-1;-1;-1;-1;-1;-1;-1;-1;-1;-1;0;0;0;0;0;0;0;-1;-1;-1;-1;-1;-1;-1;-1;-1;-1;-1;-1;-1;-1;-1;-1;-1;-1;-1;-1;-1;-1;-1;17;38;63;84;100;38;63;63;29;8.07;0;6;3.17;RTU;Staiceles Bebri;1.36;0.09;1.5;0;1.5;0.38;84;63;38;17;0;74;44;44;0;0;0;1213;22;Y;Y;N;N;N;N;N
352394;7060;7049;2017;complete;2522;11;-1;71,86,89;;3;0;3;8;9;17;-1;-1;2;1;0;0;6;10;8;8;14;18;-1;-1;50;50;2;1;0;0;0;0;0;0;0;0;0;0;0;0;0;0;0;0;0;0;0;0;0;0;0;0;0;0;0;0;0;0;0;0;0;0;0;0;0;0;0;0;0;0;0;0;0;0;0;0;0;0;0;0;0;0;0;0;0;0;0;0;0;0;0;0;0;0;0;0;3;0;0;3;0;3;0;2017-07-12 16:00:00;7060;0;59;54;13;0;-1;1;-1;-1;-1;-1;-1;-1;0;1;2;0;1;2;-1;0;0;0;0;0;0;0;0;0;0;0;0;0;1;1;0;0;-1;-1;0;0;-1;-1;-1;-1;-1;-1;-1;-1;-1;22;46;63;93;100;39;49;59;25;12;0;3;3.37;Progress / AFA Olaine;Preilu BJSS;2.36;0.09;2.2;0;2.13;0;79;55;37;7;0;75;75;63;0;0;0;1213;22;Y;Y;Y;N;N;N;N
352395;6910;7051;2017;complete;2522;11;-1;;;0;0;0;15;5;20;-1;-1;-1;-1;-1;-1;6;2;9;2;15;4;-1;-1;50;50;-1;-1;0;0;0;0;0;0;0;0;0;0;0;0;0;0;0;0;0;0;0;0;0;0;0;0;0;0;0;0;0;0;0;0;0;0;0;0;0;0;0;0;0;0;0;0;0;0;0;0;0;0;0;0;0;0;0;0;0;0;0;0;0;0;0;0;0;0;0;0;0;0;0;0;0;0;0;2017-07-15 13:00:00;-1;0;33;25;25;0;-1;-1;-1;-1;-1;-1;-1;-1;-1;-1;-1;-1;-1;-1;-1;0;0;0;0;0;0;0;0;0;0;0;0;0;1;1;0;0;-1;-1;-1;-1;-1;-1;-1;-1;-1;-1;-1;-1;-1;17;50;50;67;100;33;50;67;33;14.17;0;4.5;2.83;Valmiera / BSS;Tukums;2.64;1.45;3;2;2.5;2;84;50;50;33;0;75;59;59;0;0;0;1213;22;N;N;N;N;N;N;N
352396;7055;1091;2017;complete;2522;11;-1;29;8,21,62;1;3;4;1;6;7;-1;-1;1;1;0;0;6;18;2;12;8;30;-1;-1;43;57;1;1;0;0;0;0;0;0;0;0;0;0;0;0;0;0;0;0;0;0;0;0;0;0;0;0;0;0;0;0;0;0;0;0;0;0;0;0;0;0;0;0;0;0;0;0;0;0;0;0;0;0;0;0;0;0;0;0;0;0;0;0;0;0;0;0;0;0;0;0;4;1;2;0;1;1;3;2017-07-15 14:00:00;1091;0;10;0;0;0;-1;1;-1;-1;-1;-1;-1;-1;0;0;1;1;0;2;-1;0;0;0;0;0;0;0;0;0;0;0;0;0;1;1;0;1;-1;-1;0;0;-1;-1;-1;-1;-1;-1;-1;-1;-1;10;10;30;60;90;10;30;30;0;9.33;0;5.33;2;JDFS Alberts;BFC Daugavpils;1.27;2;1.4;1.4;0.89;1.14;90;90;70;40;10;67;67;67;0;0;0;1213;22;Y;Y;Y;Y;N;N;Y
352397;7052;7057;2017;complete;2522;11;-1;;;0;0;0;-1;-1;-1;-1;-1;-1;-1;-1;-1;-1;-1;-1;-1;-1;-1;-1;-1;-1;-1;-1;-1;0;0;0;0;0;0;0;0;0;0;0;0;0;0;0;0;0;0;0;0;0;0;0;0;0;0;0;0;0;0;0;0;0;0;0;0;0;0;0;0;0;0;0;0;0;0;0;0;0;0;0;0;0;0;0;0;0;0;0;0;0;0;0;0;0;0;0;0;0;0;0;0;0;0;0;2017-07-16 13:00:00;-1;0;42;25;67;0;-1;-1;-1;-1;-1;-1;-1;-1;-1;-1;-1;-1;-1;-1;-1;0;0;0;0;0;0;0;0;0;0;0;0;0;1;1;0;0;-1;-1;-1;-1;-1;-1;-1;-1;-1;-1;-1;-1;-1;13;42;59;71;100;42;42;75;42;6.5;0;4.83;3.21;Staiceles Bebri;Smiltene;0.36;1;0.75;1;0.33;1.11;88;59;42;29;0;84;42;42;0;0;0;1213;22;N;N;N;N;N;N;N
352398;7056;7058;2017;complete;2522;11;-1;24,44;90;2;1;3;5;5;10;-1;-1;4;1;0;0;6;7;13;3;19;10;-1;-1;50;50;4;1;0;0;0;0;0;0;0;0;0;0;0;0;0;0;0;0;0;0;0;0;0;0;0;0;0;0;0;0;0;0;0;0;0;0;0;0;0;0;0;0;0;0;0;0;0;0;0;0;0;0;0;0;0;0;0;0;0;0;0;0;0;0;0;0;0;0;0;0;3;2;0;0;1;1;2;2017-07-16 14:00:00;7056;0;50;67;84;0;-1;1;-1;-1;-1;-1;-1;-1;0;0;4;1;0;5;-1;0;0;0;0;0;0;0;0;0;0;0;0;0;1;1;0;0;-1;-1;0;0;-1;-1;-1;-1;-1;-1;-1;-1;-1;33;67;84;100;100;33;50;67;67;15;0;3.33;4.5;Rēzekne / BJSS;Auda;1.18;0.82;2;1.33;1.38;1.56;67;33;17;0;0;100;100;100;0;0;0;1213;22;Y;Y;Y;N;N;N;Y
352399;7050;7049;2017;complete;2522;26;-1;16,21,29,36,46,62,64,68,74,85,87;71,88;11;2;13;9;5;14;-1;-1;0;1;0;0;18;7;12;7;30;14;-1;-1;50;50;0;1;0;0;0;0;0;0;0;0;0;0;0;0;0;0;0;0;0;0;0;0;0;0;0;0;0;0;0;0;0;0;0;0;0;0;0;0;0;0;0;0;0;0;0;0;0;0;0;0;0;0;0;0;0;0;0;0;0;0;0;0;0;0;0;0;0;0;0;0;13;4;0;7;2;9;4;2017-07-19 15:00:00;7050;0;75;64;44;0;-1;1;-1;-1;-1;-1;-1;-1;0;1;0;0;1;0;-1;0;0;0;0;0;0;0;0;0;0;0;0;0;1;1;0;0;-1;-1;0;0;-1;-1;-1;-1;-1;-1;-1;-1;-1;53;65;94;94;100;59;75;82;69;12.13;0;3.67;4.84;Grobiņa;Preilu BJSS;2.27;0.09;2.33;0;2.5;0;48;36;7;7;0;74;74;74;0;0;0;1213;22;Y;Y;Y;Y;Y;Y;Y
352400;7051;1091;2017;complete;2522;12;-1;5,9,61,71;43;4;1;5;5;5;10;-1;-1;2;2;0;0;6;7;6;6;12;13;-1;-1;40;60;2;2;0;0;0;0;0;0;0;0;0;0;0;0;0;0;0;0;0;0;0;0;0;0;0;0;0;0;0;0;0;0;0;0;0;0;0;0;0;0;0;0;0;0;0;0;0;0;0;0;0;0;0;0;0;0;0;0;0;0;0;0;0;0;0;0;0;0;0;0;5;2;1;2;0;2;3;2017-07-22 12:00:00;7051;0;57;25;38;0;-1;1;-1;-1;-1;-1;-1;-1;1;2;1;0;3;1;-1;0;0;0;0;0;0;0;0;0;0;0;0;0;1;1;2;0;-1;-1;0;0;-1;-1;-1;-1;-1;-1;-1;-1;-1;19;57;57;84;100;29;47;49;30;13.5;0;4;3.15;Tukums;BFC Daugavpils;1.55;2;2;1.67;1.89;1.38;82;44;44;17;0;50;50;50;0;0;0;1213;22;Y;Y;Y;Y;Y;N;Y
352401;7055;7056;2017;complete;2522;12;-1;40;84;1;1;2;7;13;20;-1;-1;2;4;0;0;7;9;8;8;15;17;-1;-1;50;50;2;4;0;0;0;0;0;0;0;0;0;0;0;0;0;0;0;0;0;0;0;0;0;0;0;0;0;0;0;0;0;0;0;0;0;0;0;0;0;0;0;0;0;0;0;0;0;0;0;0;0;0;0;0;0;0;0;0;0;0;0;0;0;0;0;0;0;0;0;0;2;1;0;0;1;1;1;2017-07-22 13:00:00;-1;0;49;35;25;0;-1;1;-1;-1;-1;-1;-1;-1;1;1;1;3;2;4;-1;0;0;0;0;0;0;0;0;0;0;0;0;0;1;1;0;0;-1;-1;0;0;-1;-1;-1;-1;-1;-1;-1;-1;-1;30;39;55;74;82;37;55;64;20;8.15;0;3.33;3.29;JDFS Alberts;Rēzekne / BJSS;1.27;1.36;1.17;1;0.8;1.56;70;62;45;27;19;78;65;65;0;0;0;1213;22;Y;Y;N;N;N;N;Y
352402;7050;7060;2017;complete;2522;12;-1;41,56,63,73;83;4;1;5;6;10;16;-1;-1;1;3;0;0;10;3;5;7;15;10;-1;-1;50;50;1;3;0;0;0;0;0;0;0;0;0;0;0;0;0;0;0;0;0;0;0;0;0;0;0;0;0;0;0;0;0;0;0;0;0;0;0;0;0;0;0;0;0;0;0;0;0;0;0;0;0;0;0;0;0;0;0;0;0;0;0;0;0;0;0;0;0;0;0;0;5;1;0;3;1;4;1;2017-07-22 13:00:00;7050;0;67;25;88;0;-1;1;-1;-1;-1;-1;-1;-1;0;1;1;2;1;3;-1;0;0;0;0;0;0;0;0;0;0;0;0;0;1;1;0;0;-1;-1;0;0;-1;-1;-1;-1;-1;-1;-1;-1;-1;38;54;84;84;100;38;50;67;67;8;0;3;5.09;Grobiņa;Progress / AFA Olaine;2.27;2;2.5;2;2.56;2.22;63;46;17;17;0;38;38;38;0;0;0;1213;22;Y;Y;Y;Y;Y;N;Y
352403;7049;7057;2017;complete;2522;12;-1;30;25,56,73;1;3;4;4;2;6;-1;-1;1;0;0;0;9;7;8;5;17;12;-1;-1;50;50;1;0;0;0;0;0;0;0;0;0;0;0;0;0;0;0;0;0;0;0;0;0;0;0;0;0;0;0;0;0;0;0;0;0;0;0;0;0;0;0;0;0;0;0;0;0;0;0;0;0;0;0;0;0;0;0;0;0;0;0;0;0;0;0;0;0;0;0;0;0;4;1;1;0;2;2;2;2017-07-22 13:00:00;7057;0;13;0;13;0;-1;1;-1;-1;-1;-1;-1;-1;0;0;1;0;0;1;-1;0;0;0;0;0;0;0;0;0;0;0;0;0;1;1;0;0;-1;-1;0;0;-1;-1;-1;-1;-1;-1;-1;-1;-1;50;63;75;75;88;13;13;38;13;4;0;3.33;3.5;Preilu BJSS;Smiltene;1.18;1;0;1;0;1.1;50;38;25;25;13;84;67;67;0;0;0;1213;22;Y;Y;Y;Y;N;N;Y
352404;7053;6910;2017;complete;2522;12;-1;68,70;12,47,76,86,90;2;5;7;6;7;13;-1;-1;1;2;0;0;9;14;5;14;14;28;-1;-1;50;50;1;2;0;0;0;0;0;0;0;0;0;0;0;0;0;0;0;0;0;0;0;0;0;0;0;0;0;0;0;0;0;0;0;0;0;0;0;0;0;0;0;0;0;0;0;0;0;0;0;0;0;0;0;0;0;0;0;0;0;0;0;0;0;0;0;0;0;0;0;0;7;0;1;2;4;6;1;2017-07-23 15:00:00;6910;0;45;38;38;0;-1;1;-1;-1;-1;-1;-1;-1;0;0;1;2;0;3;-1;0;0;0;0;0;0;0;0;0;0;0;0;0;1;1;0;0;-1;-1;0;0;-1;-1;-1;-1;-1;-1;-1;-1;-1;35;52;62;86;100;42;42;42;25;18.5;0;5.17;3.77;RTU;Valmiera / BSS;1.36;2.64;1.71;2.2;1.67;2.33;66;49;39;15;0;92;67;67;0;0;0;1213;22;Y;Y;Y;Y;Y;Y;Y
352405;1091;7053;2017;complete;2522;13;-1;6,21,60,67,82,87,90;44;7;1;8;5;3;8;-1;-1;1;2;0;0;10;4;5;4;15;8;-1;-1;53;47;1;2;0;0;0;0;0;0;0;0;0;0;0;0;0;0;0;0;0;0;0;0;0;0;0;0;0;0;0;0;0;0;0;0;0;0;0;0;0;0;0;0;0;0;0;0;0;0;0;0;0;0;0;0;0;0;0;0;0;0;0;0;0;0;0;0;0;0;0;0;8;2;1;5;0;5;3;2017-07-29 14:00:00;1091;0;75;25;50;0;-1;1;-1;-1;-1;-1;-1;-1;1;0;0;2;1;2;-1;0;0;0;0;0;0;0;0;0;0;0;0;0;1;1;1;0;-1;-1;0;0;-1;-1;-1;-1;-1;-1;-1;-1;-1;25;50;75;75;75;25;50;75;75;7.5;0;2;3.25;BFC Daugavpils;RTU;2.27;0.82;0.5;1.5;1.22;1.5;75;50;25;25;25;50;25;25;0;0;0;1213;22;Y;Y;Y;Y;Y;Y;Y
352406;6910;7052;2017;complete;2522;13;-1;14,45,47,55,62;;5;0;5;17;1;18;-1;-1;0;1;0;0;6;0;0;0;6;0;-1;-1;50;50;0;1;0;0;0;0;0;0;0;0;0;0;0;0;0;0;0;0;0;0;0;0;0;0;0;0;0;0;0;0;0;0;0;0;0;0;0;0;0;0;0;0;0;0;0;0;0;0;0;0;0;0;0;0;0;0;0;0;0;0;0;0;0;0;0;0;0;0;0;0;5;2;0;3;0;3;2;2017-07-29 14:00:00;6910;0;33;33;0;0;-1;1;-1;-1;-1;-1;-1;-1;0;0;0;1;0;1;-1;0;0;0;0;0;0;0;0;0;0;0;0;0;1;1;0;0;-1;-1;0;0;-1;-1;-1;-1;-1;-1;-1;-1;-1;13;35;55;75;88;23;55;55;23;10;0;5.33;2.65;Valmiera / BSS;Staiceles Bebri;2.64;0.09;2.5;0;2.4;0.4;88;65;45;25;13;71;71;71;0;0;0;1213;22;Y;Y;Y;Y;Y;N;N
352407;7060;7058;2017;complete;2522;13;-1;62;;1;0;1;5;8;13;-1;-1;1;3;0;0;8;7;10;5;18;12;-1;-1;50;50;1;3;0;0;0;0;0;0;0;0;0;0;0;0;0;0;0;0;0;0;0;0;0;0;0;0;0;0;0;0;0;0;0;0;0;0;0;0;0;0;0;0;0;0;0;0;0;0;0;0;0;0;0;0;0;0;0;0;0;0;0;0;0;0;0;0;0;0;0;0;1;0;0;1;0;1;0;2017-07-29 15:00:00;7060;0;63;25;25;0;-1;1;-1;-1;-1;-1;-1;-1;0;1;1;2;1;3;-1;0;0;0;0;0;0;0;0;0;0;0;0;0;1;1;0;0;-1;-1;0;0;-1;-1;-1;-1;-1;-1;-1;-1;-1;13;34;63;100;100;34;54;84;54;14.45;0;3.25;3.46;Progress / AFA Olaine;Auda;2.36;0.82;2.33;1;2;1.4;88;67;38;0;0;90;90;68;0;0;0;1213;22;Y;N;N;N;N;N;N
352408;7056;7051;2017;complete;2522;13;-1;;12,45,55,60;0;4;4;8;6;14;-1;-1;4;0;3;1;2;12;1;12;3;24;-1;-1;50;50;10;2;0;0;0;0;0;0;0;0;0;0;0;0;0;0;0;0;0;0;0;0;0;0;0;0;0;0;0;0;0;0;0;0;0;0;0;0;0;0;0;0;0;0;0;0;0;0;0;0;0;0;0;0;0;0;0;0;0;0;0;0;0;0;0;0;0;0;0;0;4;0;2;0;2;2;2;2017-07-30 12:00:00;7051;0;38;25;42;0;-1;1;-1;-1;-1;-1;-1;-1;5;1;2;0;6;2;-1;0;0;0;0;0;0;0;0;0;0;0;0;0;1;1;0;0;-1;-1;0;0;-1;-1;-1;-1;-1;-1;-1;-1;-1;13;38;63;75;88;38;38;50;25;14.5;0;4.5;2.88;Rēzekne / BJSS;Tukums;1.18;1.45;2.25;1.75;1.5;2;88;63;38;25;13;100;88;63;0;0;0;1213;22;Y;Y;Y;Y;N;N;N
352409;7049;7050;2017;complete;2522;13;-1;45,64,90;56,78;3;2;5;0;9;9;-1;-1;1;2;0;0;5;11;10;11;15;22;-1;-1;50;50;1;2;0;0;0;0;0;0;0;0;0;0;0;0;0;0;0;0;0;0;0;0;0;0;0;0;0;0;0;0;0;0;0;0;0;0;0;0;0;0;0;0;0;0;0;0;0;0;0;0;0;0;0;0;0;0;0;0;0;0;0;0;0;0;0;0;0;0;0;0;5;1;0;2;2;4;1;2017-07-30 14:00:00;7049;0;45;50;17;0;-1;1;-1;-1;-1;-1;-1;-1;0;1;1;1;1;2;-1;0;0;0;0;0;0;0;0;0;0;0;0;0;1;1;0;0;-1;-1;0;0;-1;-1;-1;-1;-1;-1;-1;-1;-1;35;60;70;90;90;45;45;35;35;10.17;0;4;3.45;Preilu BJSS;Grobiņa;1.18;1.73;0;2.6;0;2.6;65;40;30;10;10;59;59;59;0;0;0;1213;22;Y;Y;Y;Y;Y;N;Y
352410;7049;7058;2017;complete;2522;14;-1;58;62;1;1;2;6;6;12;-1;-1;1;3;0;0;2;2;0;0;2;2;-1;-1;50;50;1;3;0;0;0;0;0;0;0;0;0;0;0;0;0;0;0;0;0;0;0;0;0;0;0;0;0;0;0;0;0;0;0;0;0;0;0;0;0;0;0;0;0;0;0;0;0;0;0;0;0;0;0;0;0;0;0;0;0;0;0;0;0;0;0;0;0;0;0;0;2;0;0;1;1;2;0;2017-08-05 11:00:00;-1;0;64;35;45;0;-1;1;-1;-1;-1;-1;-1;-1;0;2;1;1;2;2;-1;0;0;0;0;0;0;0;0;0;0;0;0;0;1;1;0;0;-1;-1;0;0;-1;-1;-1;-1;-1;-1;-1;-1;-1;44;70;80;90;100;37;64;84;64;9.07;0;2.6;4.14;Preilu BJSS;Auda;1.18;0.82;1;0.8;0.25;1.27;57;30;20;10;0;84;67;57;0;0;0;1213;22;Y;Y;N;N;N;N;Y
352411;1091;7052;2017;complete;2522;14;-1;8,38,47,54,65,85;;6;0;6;17;3;20;-1;-1;1;2;0;0;14;2;21;0;35;2;-1;-1;53;47;1;2;0;0;0;0;0;0;0;0;0;0;0;0;0;0;0;0;0;0;0;0;0;0;0;0;0;0;0;0;0;0;0;0;0;0;0;0;0;0;0;0;0;0;0;0;0;0;0;0;0;0;0;0;0;0;0;0;0;0;0;0;0;0;0;0;0;0;0;0;6;2;0;4;0;4;2;2017-08-05 13:00:00;1091;0;50;29;17;0;-1;1;-1;-1;-1;-1;-1;-1;1;0;0;2;1;2;-1;0;0;0;0;0;0;0;0;0;0;0;0;0;1;1;1;0;-1;-1;0;0;-1;-1;-1;-1;-1;-1;-1;-1;-1;25;33;67;84;84;33;50;67;50;6.47;0;3.5;3.42;BFC Daugavpils;Staiceles Bebri;2.27;0.09;1.33;0;1.4;0.36;75;67;33;17;17;57;57;57;0;0;0;1213;22;Y;Y;Y;Y;Y;Y;N
352412;7050;7057;2017;complete;2522;14;-1;5,7,17,81,90;39;5;1;6;2;4;6;-1;-1;5;4;0;0;10;8;10;6;20;14;-1;-1;50;50;5;4;0;0;0;0;0;0;0;0;0;0;0;0;0;0;0;0;0;0;0;0;0;0;0;0;0;0;0;0;0;0;0;0;0;0;0;0;0;0;0;0;0;0;0;0;0;0;0;0;0;0;0;0;0;0;0;0;0;0;0;0;0;0;0;0;0;0;0;0;6;3;1;2;0;2;4;2017-08-05 13:00:00;7050;0;70;30;50;0;-1;1;-1;-1;-1;-1;-1;-1;2;1;3;3;3;6;-1;0;0;0;0;0;0;0;0;0;0;0;0;0;1;1;2;0;-1;-1;0;0;-1;-1;-1;-1;-1;-1;-1;-1;-1;40;60;80;80;90;50;70;90;70;9.55;0;4.3;4.7;Grobiņa;Smiltene;2.27;1;2.6;1.4;2.36;1.27;60;40;20;20;10;65;53;53;0;0;0;1213;22;Y;Y;Y;Y;Y;Y;Y
352413;7055;7060;2017;complete;2522;14;-1;37;19,42,57,61,84;1;5;6;0;4;4;-1;-1;1;1;0;0;5;13;5;6;10;19;-1;-1;50;50;1;1;0;0;0;0;0;0;0;0;0;0;0;0;0;0;0;0;0;0;0;0;0;0;0;0;0;0;0;0;0;0;0;0;0;0;0;0;0;0;0;0;0;0;0;0;0;0;0;0;0;0;0;0;0;0;0;0;0;0;0;0;0;0;0;0;0;0;0;0;6;1;2;0;3;3;3;2017-08-05 14:00:00;7060;0;40;9;50;0;-1;1;-1;-1;-1;-1;-1;-1;0;0;1;1;0;2;-1;0;0;0;0;0;0;0;0;0;0;0;0;0;1;1;0;0;-1;-1;0;0;-1;-1;-1;-1;-1;-1;-1;-1;-1;13;32;59;73;93;15;41;61;25;9.5;0;4;2.7;JDFS Alberts;Progress / AFA Olaine;1.27;2;1.14;1.5;0.82;2.09;88;68;41;27;7;67;67;67;0;0;0;1213;22;Y;Y;Y;Y;Y;Y;Y
352414;7056;7053;2017;complete;2522;14;-1;-1,-1,-1;-1;3;1;4;-1;-1;-1;-1;-1;-1;-1;-1;-1;-1;-1;-1;-1;-1;-1;-1;-1;-1;-1;-1;-1;0;0;0;0;0;0;0;0;0;0;0;0;0;0;0;0;0;0;0;0;0;0;0;0;0;0;0;0;0;0;0;0;0;0;0;0;0;0;0;0;0;0;0;0;0;0;0;0;0;0;0;0;0;0;0;0;0;0;0;0;0;0;0;0;0;0;0;0;4;0;0;0;0;0;0;2017-08-05 15:00:00;7056;0;70;50;33;1;-1;-1;-1;-1;-1;-1;-1;-1;-1;-1;-1;-1;-1;-1;-1;0;0;0;0;0;0;0;-1;-1;-1;-1;-1;-1;-1;-1;-1;-1;-1;-1;-1;-1;-1;-1;-1;-1;-1;-1;-1;-1;-1;44;80;100;100;100;64;80;80;70;9.67;0;6;5;Rēzekne / BJSS;RTU;1.18;0.82;1.8;1;1.36;1.36;57;20;0;0;0;67;50;34;0;0;0;1213;22;Y;Y;Y;Y;N;N;Y
352415;7050;7058;2017;complete;2522;15;-1;72,82,88;90;3;1;4;5;4;9;-1;-1;3;2;0;0;8;4;8;11;16;15;-1;-1;50;50;3;2;0;0;0;0;0;0;0;0;0;0;0;0;0;0;0;0;0;0;0;0;0;0;0;0;0;0;0;0;0;0;0;0;0;0;0;0;0;0;0;0;0;0;0;0;0;0;0;0;0;0;0;0;0;0;0;0;0;0;0;0;0;0;0;0;0;0;0;0;4;0;0;3;1;4;0;2017-08-12 11:00:00;7050;0;84;34;59;0;-1;1;-1;-1;-1;-1;-1;-1;1;1;2;1;2;3;-1;0;0;0;0;0;0;0;0;0;0;0;0;0;1;1;0;0;-1;-1;0;0;-1;-1;-1;-1;-1;-1;-1;-1;-1;50;58;75;92;100;50;75;100;84;13.17;0;4.16;5.08;Grobiņa;Auda;2.27;0.82;2.67;0.83;2.42;1.25;50;42;25;9;0;84;84;75;0;0;0;1213;22;Y;Y;Y;Y;N;N;Y
352416;7049;7055;2017;complete;2522;15;-1;;41;0;1;1;11;4;15;-1;-1;0;1;0;0;9;4;12;4;21;8;-1;-1;56;44;0;1;0;0;0;0;0;0;0;0;0;0;0;0;0;0;0;0;0;0;0;0;0;0;0;0;0;0;0;0;0;0;0;0;0;0;0;0;0;0;0;0;0;0;0;0;0;0;0;0;0;0;0;0;0;0;0;0;0;0;0;0;0;0;0;0;0;0;0;0;1;0;1;0;0;0;1;2017-08-12 11:00:00;7055;0;75;17;34;0;-1;1;-1;-1;-1;-1;-1;-1;0;0;0;1;0;1;1;89;46;115;90;2.59;1.13;3.71;0;0;0;0;0;0;1;1;0;0;-1;-1;0;0;-1;-1;-1;-1;-1;-1;-1;-1;-1;38;63;75;100;100;13;50;75;63;5.25;0;3;3.75;Preilu BJSS;JDFS Alberts;1.18;1.27;1;0.25;0.31;0.75;63;38;25;0;0;88;50;38;0;0;0;1213;22;Y;N;N;N;N;N;N
352417;6910;7057;2017;complete;2522;15;-1;12,16,19,54;35,57;4;2;6;7;2;9;-1;-1;3;1;0;0;5;3;0;0;5;3;-1;-1;50;50;3;1;0;0;0;0;0;0;0;0;0;0;0;0;0;0;0;0;0;0;0;0;0;0;0;0;0;0;0;0;0;0;0;0;0;0;0;0;0;0;0;0;0;0;0;0;0;0;0;0;0;0;0;0;0;0;0;0;0;0;0;0;0;0;0;0;0;0;0;0;6;3;1;1;1;2;4;2017-08-12 13:00:00;6910;0;35;29;9;0;-1;1;-1;-1;-1;-1;-1;-1;2;0;1;1;2;2;-1;0;0;0;0;0;0;0;0;0;0;0;0;0;1;1;0;0;-1;-1;0;0;-1;-1;-1;-1;-1;-1;-1;-1;-1;29;55;64;64;82;45;55;72;45;13.25;0;4.8;3;Valmiera / BSS;Smiltene;2.64;1;2.6;1.17;2.45;1.17;72;45;37;37;19;58;48;48;0;0;0;1213;22;Y;Y;Y;Y;Y;Y;Y
352418;7051;7060;2017;complete;2522;15;-1;;66,68,90;0;3;3;6;3;9;-1;-1;1;1;0;0;0;8;14;6;14;14;-1;-1;50;50;1;1;0;0;0;0;0;0;0;0;0;0;0;0;0;0;0;0;0;0;0;0;0;0;0;0;0;0;0;0;0;0;0;0;0;0;0;0;0;0;0;0;0;0;0;0;0;0;0;0;0;0;0;0;0;0;0;0;0;0;0;0;0;0;0;0;0;0;0;0;3;0;0;0;3;3;0;2017-08-12 14:00:00;7060;0;72;27;64;0;-1;1;-1;-1;-1;-1;-1;-1;0;1;1;0;1;1;-1;0;0;0;0;0;0;0;0;0;0;0;0;0;1;1;0;0;-1;-1;0;0;-1;-1;-1;-1;-1;-1;-1;-1;-1;37;72;82;90;100;35;54;72;64;12.4;0;3.67;3.9;Tukums;Progress / AFA Olaine;1.55;2;2.17;1.8;2.09;2.17;64;29;19;10;0;57;57;47;0;0;0;1213;22;Y;Y;Y;N;N;N;N
352419;7053;1091;2017;complete;2522;26;-1;;-1,-1;0;2;2;-1;-1;-1;-1;-1;-1;-1;-1;-1;-1;-1;-1;-1;-1;-1;-1;-1;-1;-1;-1;-1;0;0;0;0;0;0;0;0;0;0;0;0;0;0;0;0;0;0;0;0;0;0;0;0;0;0;0;0;0;0;0;0;0;0;0;0;0;0;0;0;0;0;0;0;0;0;0;0;0;0;0;0;0;0;0;0;0;0;0;0;0;0;0;0;0;0;0;0;2;0;0;0;0;0;0;2017-08-13 14:00:00;1091;0;41;44;20;1;-1;-1;-1;-1;-1;-1;-1;-1;-1;-1;-1;-1;-1;-1;-1;0;0;0;0;0;0;0;-1;-1;-1;-1;-1;-1;-1;-1;-1;-1;-1;-1;-1;-1;-1;-1;-1;-1;-1;-1;-1;-1;-1;34;47;47;73;100;34;47;40;26;13.54;0;5;3.25;RTU;BFC Daugavpils;1.36;2;1.5;1.43;1.25;1.55;67;54;54;27;0;63;42;32;0;0;0;1213;22;Y;Y;N;N;N;N;N
352420;7050;7055;2017;complete;2522;16;-1;10;;1;0;1;9;8;17;-1;-1;3;2;0;0;6;3;11;4;17;7;-1;-1;50;50;3;2;0;0;0;0;0;0;0;0;0;0;0;0;0;0;0;0;0;0;0;0;0;0;0;0;0;0;0;0;0;0;0;0;0;0;0;0;0;0;0;0;0;0;0;0;0;0;0;0;0;0;0;0;0;0;0;0;0;0;0;0;0;0;0;0;0;0;0;0;1;1;0;0;0;0;1;2017-08-19 11:00:00;7050;0;80;22;36;0;-1;1;-1;-1;-1;-1;-1;-1;1;1;2;1;2;3;-1;0;0;0;0;0;0;0;0;0;0;0;0;0;1;1;1;0;-1;-1;0;0;-1;-1;-1;-1;-1;-1;-1;-1;-1;46;63;80;90;100;29;73;80;70;8.66;0;4.18;4.72;Grobiņa;JDFS Alberts;2.27;1.27;2.71;0.8;2.46;0.92;55;37;20;10;0;86;59;49;0;1.13;1.13;1213;22;Y;N;N;N;N;N;N
352421;7049;7051;2017;complete;2522;16;-1;9,44;;2;0;2;3;13;16;-1;-1;1;2;0;0;3;0;0;0;3;0;-1;-1;50;50;1;2;0;0;0;0;0;0;0;0;0;0;0;0;0;0;0;0;0;0;0;0;0;0;0;0;0;0;0;0;0;0;0;0;0;0;0;0;0;0;0;0;0;0;0;0;0;0;0;0;0;0;0;0;0;0;0;0;0;0;0;0;0;0;0;0;0;0;0;0;2;2;0;0;0;0;2;2017-08-19 12:00:00;7049;0;40;13;38;0;-1;1;-1;-1;-1;-1;-1;-1;0;1;1;1;1;2;-1;0;0;0;0;0;0;0;0;0;0;0;0;0;1;1;1;0;-1;-1;0;0;-1;-1;-1;-1;-1;-1;-1;-1;-1;20;50;50;70;90;30;50;60;50;12.4;0;2.42;2.8;Preilu BJSS;Tukums;1.18;1.45;0.8;2;0.29;1.92;80;50;50;30;10;90;70;70;2.59;0;2.59;1213;22;Y;Y;N;N;N;N;N
352422;1091;6910;2017;complete;2522;16;-1;-1;-1,-1;1;2;3;-1;-1;-1;-1;-1;-1;-1;-1;-1;-1;-1;-1;-1;-1;-1;-1;-1;-1;-1;-1;-1;0;0;0;0;0;0;0;0;0;0;0;0;0;0;0;0;0;0;0;0;0;0;0;0;0;0;0;0;0;0;0;0;0;0;0;0;0;0;0;0;0;0;0;0;0;0;0;0;0;0;0;0;0;0;0;0;0;0;0;0;0;0;0;0;0;0;0;0;3;0;0;0;0;0;0;2017-08-19 13:00:00;6910;0;59;29;46;1;-1;-1;-1;-1;-1;-1;-1;-1;-1;-1;-1;-1;-1;-1;-1;0;0;0;0;0;0;0;-1;-1;-1;-1;-1;-1;-1;-1;-1;-1;-1;-1;-1;-1;-1;-1;-1;-1;-1;-1;-1;-1;-1;50;59;79;88;88;42;50;63;54;16.75;0;3;4.54;BFC Daugavpils;Valmiera / BSS;2.27;2.64;1.75;2.33;1.67;2.5;50;42;21;13;13;75;75;75;0;0;0;1213;22;Y;Y;Y;N;N;N;Y
352423;7057;7058;2017;complete;2522;16;-1;-1;-1;1;1;2;0;0;0;-1;-1;-1;-1;-1;-1;0;0;0;0;0;0;-1;-1;50;50;-1;-1;0;0;0;0;0;0;0;0;0;0;0;0;0;0;0;0;0;0;0;0;0;0;0;0;0;0;0;0;0;0;0;0;0;0;0;0;0;0;0;0;0;0;0;0;0;0;0;0;0;0;0;0;0;0;0;0;0;0;0;0;0;0;0;0;0;0;0;0;2;0;0;0;0;0;0;2017-08-19 14:00:00;-1;0;61;7;29;1;-1;-1;-1;-1;-1;-1;-1;-1;-1;-1;-1;-1;-1;-1;-1;0;0;0;0;0;0;0;-1;-1;-1;-1;-1;-1;-1;-1;-1;-1;-1;-1;-1;-1;-1;-1;-1;-1;-1;-1;-1;-1;-1;24;47;54;85;100;15;38;59;36;12.71;0;4.86;3.55;Smiltene;Auda;1.36;0.82;1.17;0.71;1.08;1.15;77;54;47;16;0;75;68;61;0;0;0;1213;22;Y;Y;N;N;N;N;Y
352424;7052;7056;2017;complete;2522;15;-1;-1;-1,-1;1;2;3;-1;-1;-1;-1;-1;-1;-1;-1;-1;-1;-1;-1;-1;-1;-1;-1;-1;-1;-1;-1;-1;0;0;0;0;0;0;0;0;0;0;0;0;0;0;0;0;0;0;0;0;0;0;0;0;0;0;0;0;0;0;0;0;0;0;0;0;0;0;0;0;0;0;0;0;0;0;0;0;0;0;0;0;0;0;0;0;0;0;0;0;0;0;0;0;0;0;0;0;3;0;0;0;0;0;0;2017-08-19 15:00:00;7056;0;62;37;54;1;-1;-1;-1;-1;-1;-1;-1;-1;-1;-1;-1;-1;-1;-1;-1;0;0;0;0;0;0;0;-1;-1;-1;-1;-1;-1;-1;-1;-1;-1;-1;-1;-1;-1;-1;-1;-1;-1;-1;-1;-1;-1;-1;35;45;45;72;82;37;54;54;37;9.9;0;3.5;3.5;Staiceles Bebri;Rēzekne / BJSS;0.36;1.36;0.8;1;0.33;1.5;65;55;55;29;19;90;55;55;0;0;0;1213;22;Y;Y;Y;N;N;N;Y
352425;7060;7053;2017;complete;2522;16;-1;7,22,33,83;20;4;1;5;9;9;18;-1;-1;1;2;0;0;5;2;0;0;5;2;-1;-1;50;50;1;2;0;0;0;0;0;0;0;0;0;0;0;0;0;0;0;0;0;0;0;0;0;0;0;0;0;0;0;0;0;0;0;0;0;0;0;0;0;0;0;0;0;0;0;0;0;0;0;0;0;0;0;0;0;0;0;0;0;0;0;0;0;0;0;0;0;0;0;0;5;3;1;1;0;1;4;2017-08-19 15:00:00;7060;0;72;44;17;0;-1;1;-1;-1;-1;-1;-1;-1;0;1;1;1;1;2;-1;0;0;0;0;0;0;0;0;0;0;0;0;0;1;1;1;0;-1;-1;0;0;-1;-1;-1;-1;-1;-1;-1;-1;-1;25;57;72;93;100;32;52;73;52;9.83;0;2.47;3.97;Progress / AFA Olaine;RTU;2.36;0.82;2.43;0.75;2.23;1.15;75;43;29;7;0;58;42;34;0;0;0;1213;22;Y;Y;Y;Y;Y;N;Y
352426;6910;7056;2017;complete;2522;17;-1;35,47,52,60,71;22,81,87;5;3;8;9;7;16;-1;-1;2;4;1;0;6;4;0;0;6;4;-1;-1;50;50;4;4;0;0;0;0;0;0;0;0;0;0;0;0;0;0;0;0;0;0;0;0;0;0;0;0;0;0;0;0;0;0;0;0;0;0;0;0;0;0;0;0;0;0;0;0;0;0;0;0;0;0;0;0;0;0;0;0;0;0;0;0;0;0;0;0;0;0;0;0;8;1;1;4;2;6;2;2017-08-26 12:00:00;6910;0;60;40;30;0;-1;1;-1;-1;-1;-1;-1;-1;2;2;1;2;4;3;-1;0;0;0;0;0;0;0;0;0;0;0;0;0;1;1;0;0;-1;-1;0;0;-1;-1;-1;-1;-1;-1;-1;-1;-1;47;55;62;77;85;40;62;62;40;16;0;4.25;3.68;Valmiera / BSS;Rēzekne / BJSS;2.64;1.36;2.67;1.29;2.54;1.62;54;45;38;24;16;80;60;60;0;0;0;1213;22;Y;Y;Y;Y;Y;Y;Y
352427;7055;7058;2017;complete;2522;17;-1;76;;1;0;1;5;7;12;-1;-1;2;3;0;0;8;5;5;14;13;19;-1;-1;50;50;2;3;0;0;0;0;0;0;0;0;0;0;0;0;0;0;0;0;0;0;0;0;0;0;0;0;0;0;0;0;0;0;0;0;0;0;0;0;0;0;0;0;0;0;0;0;0;0;0;0;0;0;0;0;0;0;0;0;0;0;0;0;0;0;0;0;0;0;0;0;1;0;0;1;0;1;0;2017-08-26 12:00:00;7055;0;57;22;29;0;-1;1;-1;-1;-1;-1;-1;-1;1;0;1;3;1;4;-1;0;0;0;0;0;0;0;0;0;0;0;0;0;1;1;0;0;-1;-1;0;0;-1;-1;-1;-1;-1;-1;-1;-1;-1;13;32;50;82;94;32;51;82;38;9.31;0;3.69;2.94;JDFS Alberts;Auda;1.27;0.82;1;0.75;0.86;1.14;88;69;50;19;7;80;73;67;0;0;0;1213;22;Y;N;N;N;N;N;N
352428;7049;7053;2017;complete;2522;17;-1;17,45;12;2;1;3;5;6;11;-1;-1;0;2;0;0;10;5;12;12;22;17;-1;-1;50;50;0;2;0;0;0;0;0;0;0;0;0;0;0;0;0;0;0;0;0;0;0;0;0;0;0;0;0;0;0;0;0;0;0;0;0;0;0;0;0;0;0;0;0;0;0;0;0;0;0;0;0;0;0;0;0;0;0;0;0;0;0;0;0;0;0;0;0;0;0;0;3;2;1;0;0;0;3;2017-08-26 13:00:00;7049;0;75;48;33;0;-1;1;-1;-1;-1;-1;-1;-1;0;1;0;1;1;1;-1;0;0;0;0;0;0;0;0;0;0;0;0;0;1;1;0;0;-1;-1;0;0;-1;-1;-1;-1;-1;-1;-1;-1;-1;47;75;75;92;100;47;74;65;55;8.67;0;1.8;4.29;Preilu BJSS;RTU;1.18;0.82;1.17;0.6;0.47;1.07;54;25;25;9;0;67;46;46;2.59;0;2.59;1213;22;Y;Y;Y;N;N;N;Y
352429;1091;7057;2017;complete;2522;17;-1;17,40,62;;3;0;3;7;1;8;-1;-1;3;2;0;0;9;2;11;6;20;8;-1;-1;47;53;3;2;0;0;0;0;0;0;0;0;0;0;0;0;0;0;0;0;0;0;0;0;0;0;0;0;0;0;0;0;0;0;0;0;0;0;0;0;0;0;0;0;0;0;0;0;0;0;0;0;0;0;0;0;0;0;0;0;0;0;0;0;0;0;0;0;0;0;0;0;3;2;0;1;0;1;2;2017-08-26 13:00:00;1091;0;59;34;27;0;-1;1;-1;-1;-1;-1;-1;-1;1;2;2;0;3;2;-1;0;0;0;0;0;0;0;0;0;0;0;0;0;1;1;0;0;-1;-1;0;0;-1;-1;-1;-1;-1;-1;-1;-1;-1;35;49;76;76;83;49;49;73;59;10.58;0;3.83;3.72;BFC Daugavpils;Smiltene;2.27;1;1.4;1;1.54;1.07;66;52;25;25;17;50;34;34;0;0;0;1213;22;Y;Y;Y;N;N;N;N
352430;7050;7051;2017;complete;2522;17;-1;11,23,34,51;13,18,33,54,75;4;5;9;10;6;16;-1;-1;4;3;1;1;10;9;6;3;16;12;-1;-1;50;50;6;5;0;0;0;0;0;0;0;0;0;0;0;0;0;0;0;0;0;0;0;0;0;0;0;0;0;0;0;0;0;0;0;0;0;0;0;0;0;0;0;0;0;0;0;0;0;0;0;0;0;0;0;0;0;0;0;0;0;0;0;0;0;0;0;0;0;0;0;0;9;3;3;1;2;3;6;2017-08-26 14:00:00;7051;0;53;19;42;0;-1;1;-1;-1;-1;-1;-1;-1;2;1;3;3;3;6;-1;0;0;0;0;0;0;0;0;0;0;0;0;0;1;1;0;0;-1;-1;0;0;-1;-1;-1;-1;-1;-1;-1;-1;-1;32;54;61;78;92;50;69;69;61;15.08;0;4.25;3.96;Grobiņa;Tukums;2.27;1.45;2.75;1.67;2.5;1.77;69;46;40;23;9;88;73;73;0;0;0;1213;22;Y;Y;Y;Y;Y;Y;Y
352431;7052;7060;2017;complete;2522;17;-1;;-1;0;1;1;-1;-1;-1;-1;-1;-1;-1;-1;-1;-1;-1;-1;-1;-1;-1;-1;-1;-1;-1;-1;-1;0;0;0;0;0;0;0;0;0;0;0;0;0;0;0;0;0;0;0;0;0;0;0;0;0;0;0;0;0;0;0;0;0;0;0;0;0;0;0;0;0;0;0;0;0;0;0;0;0;0;0;0;0;0;0;0;0;0;0;0;0;0;0;0;0;0;0;0;1;0;0;0;0;0;0;2017-08-27 13:00:00;7060;0;50;29;59;1;-1;-1;-1;-1;-1;-1;-1;-1;-1;-1;-1;-1;-1;-1;-1;0;0;0;0;0;0;0;-1;-1;-1;-1;-1;-1;-1;-1;-1;-1;-1;-1;-1;-1;-1;-1;-1;-1;-1;-1;-1;-1;-1;25;42;67;75;92;25;33;50;50;8;0;3;3.34;Staiceles Bebri;Progress / AFA Olaine;0.36;2;0.67;2;0.31;2.29;75;59;34;25;9;75;38;38;0;0;0;1213;22;Y;N;N;N;N;N;N
352432;7056;1091;2017;complete;2522;18;-1;;40;0;1;1;3;1;4;-1;-1;2;2;0;0;0;7;7;8;7;15;-1;-1;56;44;2;2;0;0;0;0;0;0;0;0;0;0;0;0;0;0;0;0;0;0;0;0;0;0;0;0;0;0;0;0;0;0;0;0;0;0;0;0;0;0;0;0;0;0;0;0;0;0;0;0;0;0;0;0;0;0;0;0;0;0;0;0;0;0;0;0;0;0;0;0;1;0;1;0;0;0;1;2017-09-02 11:00:00;1091;0;44;50;17;0;-1;1;-1;-1;-1;-1;-1;-1;1;0;1;2;1;3;-1;0;0;0;0;0;0;0;0;0;0;0;0;0;1;1;0;0;-1;-1;0;0;-1;-1;-1;-1;-1;-1;-1;-1;-1;21;53;69;88;100;38;44;38;23;12.07;0;7.33;3.38;Rēzekne / BJSS;BFC Daugavpils;1.18;2;2;1.63;1.5;1.64;79;48;32;13;0;70;70;44;0;0;0;1213;22;Y;N;N;N;N;N;N
352433;7049;7052;2017;complete;2522;18;-1;4,45,54,63,79;;5;0;5;5;9;14;-1;-1;1;1;0;0;11;7;4;8;15;15;-1;-1;50;50;1;1;0;0;0;0;0;0;0;0;0;0;0;0;0;0;0;0;0;0;0;0;0;0;0;0;0;0;0;0;0;0;0;0;0;0;0;0;0;0;0;0;0;0;0;0;0;0;0;0;0;0;0;0;0;0;0;0;0;0;0;0;0;0;0;0;0;0;0;0;5;2;0;3;0;3;2;2017-09-02 12:00:00;7049;0;43;27;17;0;-1;1;-1;-1;-1;-1;-1;-1;1;0;0;1;1;1;1;57;60;96;97;2.13;1.87;4;0;0;0;0;0;0;1;1;1;0;-1;-1;0;0;-1;-1;-1;-1;-1;-1;-1;-1;-1;29;43;64;93;100;43;71;57;43;6.29;0;2.67;3.36;Preilu BJSS;Staiceles Bebri;1.18;0.09;1.43;0;0.63;0.29;71;57;36;7;0;85;77;77;2.59;0;2.59;1213;22;Y;Y;Y;Y;Y;N;N
352434;7058;7051;2017;complete;2522;18;-1;45,72;28,50,54;2;3;5;2;5;7;-1;-1;2;1;1;0;5;6;2;13;7;19;-1;-1;50;50;4;1;0;0;0;0;0;0;0;0;0;0;0;0;0;0;0;0;0;0;0;0;0;0;0;0;0;0;0;0;0;0;0;0;0;0;0;0;0;0;0;0;0;0;0;0;0;0;0;0;0;0;0;0;0;0;0;0;0;0;0;0;0;0;0;0;0;0;0;0;5;1;1;1;2;3;2;2017-09-02 12:00:00;7051;0;65;34;29;0;-1;1;-1;-1;-1;-1;-1;-1;0;0;3;1;0;4;-1;0;0;0;0;0;0;0;0;0;0;0;0;0;1;1;0;0;-1;-1;0;0;-1;-1;-1;-1;-1;-1;-1;-1;-1;24;47;63;86;93;45;54;62;47;14.43;0;5.15;3.49;Auda;Tukums;1.27;1.45;1.67;1.86;1.07;1.86;77;54;37;15;7;80;53;53;0;0;0;1213;22;Y;Y;Y;Y;Y;N;Y
352435;7055;7057;2017;complete;2522;18;-1;-1;-1,-1;1;2;3;-1;-1;-1;-1;-1;-1;-1;-1;-1;-1;-1;-1;-1;-1;-1;-1;-1;-1;-1;-1;-1;0;0;0;0;0;0;0;0;0;0;0;0;0;0;0;0;0;0;0;0;0;0;0;0;0;0;0;0;0;0;0;0;0;0;0;0;0;0;0;0;0;0;0;0;0;0;0;0;0;0;0;0;0;0;0;0;0;0;0;0;0;0;0;0;0;0;0;0;3;0;0;0;0;0;0;2017-09-02 13:00:00;7057;0;42;32;13;1;-1;-1;-1;-1;-1;-1;-1;-1;-1;-1;-1;-1;-1;-1;-1;0;0;0;0;0;0;0;-1;-1;-1;-1;-1;-1;-1;-1;-1;-1;-1;-1;-1;-1;-1;-1;-1;-1;-1;-1;-1;-1;-1;18;36;60;71;89;48;60;83;31;6.2;0;4.29;2.91;JDFS Alberts;Smiltene;1.27;1;1.22;0.88;1;1;82;64;41;29;12;59;45;45;0;0;0;1213;22;Y;Y;Y;N;N;N;Y
352436;7053;7058;2017;complete;2522;19;-1;8,11;26,56,89;2;3;5;4;3;7;-1;-1;3;3;0;0;5;6;8;2;13;8;-1;-1;50;50;3;3;0;0;0;0;0;0;0;0;0;0;0;0;0;0;0;0;0;0;0;0;0;0;0;0;0;0;0;0;0;0;0;0;0;0;0;0;0;0;0;0;0;0;0;0;0;0;0;0;0;0;0;0;0;0;0;0;0;0;0;0;0;0;0;0;0;0;0;0;5;2;1;0;2;2;3;2017-09-09 11:00:00;7058;0;50;17;45;0;-1;1;-1;-1;-1;-1;-1;-1;1;1;2;2;2;4;-1;0;0;0;0;0;0;0;0;0;0;0;0;0;1;1;1;0;-1;-1;0;0;-1;-1;-1;-1;-1;-1;-1;-1;-1;22;39;44;78;100;28;39;67;45;14.14;0;5;3.22;RTU;Auda;1.36;0.82;1.33;0.67;1;1;78;62;56;22;0;88;61;55;0;0;0;1213;22;Y;Y;Y;Y;Y;N;Y
352437;7056;7057;2017;complete;2522;19;-1;-1,-1;-1,-1;2;2;4;-1;-1;-1;-1;-1;-1;-1;-1;-1;-1;-1;-1;-1;-1;-1;-1;-1;-1;-1;-1;-1;0;0;0;0;0;0;0;0;0;0;0;0;0;0;0;0;0;0;0;0;0;0;0;0;0;0;0;0;0;0;0;0;0;0;0;0;0;0;0;0;0;0;0;0;0;0;0;0;0;0;0;0;0;0;0;0;0;0;0;0;0;0;0;0;0;0;0;0;4;0;0;0;0;0;0;2017-09-09 12:00:00;-1;0;50;32;25;1;-1;-1;-1;-1;-1;-1;-1;-1;-1;-1;-1;-1;-1;-1;-1;0;0;0;0;0;0;0;-1;-1;-1;-1;-1;-1;-1;-1;-1;-1;-1;-1;-1;-1;-1;-1;-1;-1;-1;-1;-1;-1;-1;18;51;82;82;95;50;57;61;37;8.32;0;6.93;3.45;Rēzekne / BJSS;Smiltene;1.18;1;1.71;1.11;1.4;1.13;82;50;18;18;6;59;45;32;0;0;0;1213;22;Y;Y;Y;Y;N;N;Y
352438;7052;7050;2017;complete;2522;19;-1;-1;-1,-1,-1,-1,-1;1;5;6;-1;-1;-1;-1;-1;-1;-1;-1;-1;-1;-1;-1;-1;-1;-1;-1;-1;-1;-1;-1;-1;0;0;0;0;0;0;0;0;0;0;0;0;0;0;0;0;0;0;0;0;0;0;0;0;0;0;0;0;0;0;0;0;0;0;0;0;0;0;0;0;0;0;0;0;0;0;0;0;0;0;0;0;0;0;0;0;0;0;0;0;0;0;0;0;0;0;0;0;6;0;0;0;0;0;0;2017-09-09 12:00:00;7050;0;47;17;59;1;-1;-1;-1;-1;-1;-1;-1;-1;-1;-1;-1;-1;-1;-1;-1;0;0;0;0;0;0;0;-1;-1;-1;-1;-1;-1;-1;-1;-1;-1;-1;-1;-1;-1;-1;-1;-1;-1;-1;-1;-1;-1;-1;24;31;47;70;85;31;40;31;31;11.5;0;4;2.77;Staiceles Bebri;Grobiņa;0.36;1.73;0.57;2.17;0.27;2.33;77;69;54;30;16;88;50;50;0;0;0;1213;22;Y;Y;Y;Y;Y;Y;Y
352439;7051;7055;2017;complete;2522;19;-1;;86;0;1;1;4;5;9;-1;-1;4;0;0;0;6;5;16;4;22;9;-1;-1;50;50;4;0;0;0;0;0;0;0;0;0;0;0;0;0;0;0;0;0;0;0;0;0;0;0;0;0;0;0;0;0;0;0;0;0;0;0;0;0;0;0;0;0;0;0;0;0;0;0;0;0;0;0;0;0;0;0;0;0;0;0;0;0;0;0;0;0;0;0;0;0;1;0;0;0;1;1;0;2017-09-10 13:00:00;7055;0;61;9;25;0;-1;1;-1;-1;-1;-1;-1;-1;1;0;3;0;1;3;-1;0;0;0;0;0;0;0;0;0;0;0;0;0;1;1;0;0;-1;-1;0;0;-1;-1;-1;-1;-1;-1;-1;-1;-1;23;52;68;84;100;22;62;68;52;10.84;0;3.6;3.27;Tukums;JDFS Alberts;1.55;1.27;1.86;0.67;1.93;0.94;77;48;32;17;0;92;67;50;0;1.13;1.13;1213;22;Y;N;N;N;N;N;N
352440;6910;7060;2017;complete;2522;19;-1;-1;;1;0;1;-1;-1;-1;-1;-1;-1;-1;-1;-1;-1;-1;-1;-1;-1;-1;-1;-1;-1;-1;-1;-1;0;0;0;0;0;0;0;0;0;0;0;0;0;0;0;0;0;0;0;0;0;0;0;0;0;0;0;0;0;0;0;0;0;0;0;0;0;0;0;0;0;0;0;0;0;0;0;0;0;0;0;0;0;0;0;0;0;0;0;0;0;0;0;0;0;0;0;0;1;0;0;0;0;0;0;2017-09-10 14:30:00;6910;0;43;38;42;1;-1;-1;-1;-1;-1;-1;-1;-1;-1;-1;-1;-1;-1;-1;-1;0;0;0;0;0;0;0;-1;-1;-1;-1;-1;-1;-1;-1;-1;-1;-1;-1;-1;-1;-1;-1;-1;-1;-1;-1;-1;-1;-1;43;57;71;71;93;36;50;64;57;14;0;4.1;3.72;Valmiera / BSS;Progress / AFA Olaine;2.64;2;2.71;2.14;2.57;2.33;57;43;29;29;7;67;46;46;0;0;0;1213;22;Y;N;N;N;N;N;N
352441;7058;7052;2017;complete;2522;20;-1;-1,-1,-1,-1,-1;-1;5;1;6;-1;-1;-1;-1;-1;-1;-1;-1;-1;-1;-1;-1;-1;-1;-1;-1;-1;-1;-1;-1;-1;0;0;0;0;0;0;0;0;0;0;0;0;0;0;0;0;0;0;0;0;0;0;0;0;0;0;0;0;0;0;0;0;0;0;0;0;0;0;0;0;0;0;0;0;0;0;0;0;0;0;0;0;0;0;0;0;0;0;0;0;0;0;0;0;0;0;0;0;6;0;0;0;0;0;0;2017-09-16 11:00:00;7058;0;63;39;20;1;-1;-1;-1;-1;-1;-1;-1;-1;-1;-1;-1;-1;-1;-1;-1;0;0;0;0;0;0;0;-1;-1;-1;-1;-1;-1;-1;-1;-1;-1;-1;-1;-1;-1;-1;-1;-1;-1;-1;-1;-1;-1;-1;41;54;81;100;100;47;66;73;54;8.33;0;4.83;3.88;Auda;Staiceles Bebri;1.27;0.09;1.43;0;1.12;0.25;60;47;20;0;0;68;52;52;0;1.87;1.87;1213;22;Y;Y;Y;Y;Y;Y;Y
352442;7049;6910;2017;complete;2522;20;-1;65,66;16,35,58,88,90;2;5;7;4;12;16;-1;-1;1;1;1;0;3;6;0;0;3;6;-1;-1;50;50;3;1;0;0;0;0;0;0;0;0;0;0;0;0;0;0;0;0;0;0;0;0;0;0;0;0;0;0;0;0;0;0;0;0;0;0;0;0;0;0;0;0;0;0;0;0;0;0;0;0;0;0;0;0;0;0;0;0;0;0;0;0;0;0;0;0;0;0;0;0;7;0;2;2;3;5;2;2017-09-16 12:00:00;6910;0;61;31;48;0;-1;1;-1;-1;-1;-1;-1;-1;1;0;1;1;1;2;-1;0;0;0;0;0;0;0;0;0;0;0;0;0;1;1;0;0;-1;-1;0;0;-1;-1;-1;-1;-1;-1;-1;-1;-1;41;54;75;94;100;40;59;47;40;13.38;0;2.38;3.98;Preilu BJSS;Valmiera / BSS;1.18;2.64;1.63;2.43;0.76;2.6;60;47;26;7;0;94;88;88;2.36;0;2.36;1213;22;Y;Y;Y;Y;Y;Y;Y
352443;7057;7051;2017;complete;2522;20;-1;-1;;1;0;1;-1;-1;-1;-1;-1;-1;-1;-1;-1;-1;-1;-1;-1;-1;-1;-1;-1;-1;-1;-1;-1;0;0;0;0;0;0;0;0;0;0;0;0;0;0;0;0;0;0;0;0;0;0;0;0;0;0;0;0;0;0;0;0;0;0;0;0;0;0;0;0;0;0;0;0;0;0;0;0;0;0;0;0;0;0;0;0;0;0;0;0;0;0;0;0;0;0;0;0;1;0;0;0;0;0;0;2017-09-16 12:00:00;7057;0;48;15;22;1;-1;-1;-1;-1;-1;-1;-1;-1;-1;-1;-1;-1;-1;-1;-1;0;0;0;0;0;0;0;-1;-1;-1;-1;-1;-1;-1;-1;-1;-1;-1;-1;-1;-1;-1;-1;-1;-1;-1;-1;-1;-1;-1;27;47;47;81;94;32;46;39;25;12;0;5.17;3.41;Smiltene;Tukums;1.36;1.45;1.14;2;1.12;1.81;73;54;54;20;7;61;54;54;0;0;0;1213;22;Y;N;N;N;N;N;N
352444;7055;7053;2017;complete;2522;20;-1;22,58;19;2;1;3;6;5;11;-1;-1;0;3;0;1;6;5;8;9;14;14;-1;-1;50;50;0;5;0;0;0;0;0;0;0;0;0;0;0;0;0;0;0;0;0;0;0;0;0;0;0;0;0;0;0;0;0;0;0;0;0;0;0;0;0;0;0;0;0;0;0;0;0;0;0;0;0;0;0;0;0;0;0;0;0;0;0;0;0;0;0;0;0;0;0;0;3;1;1;1;0;1;2;2017-09-16 13:00:00;7055;0;70;53;10;0;-1;1;-1;-1;-1;-1;-1;-1;0;2;0;2;2;2;-1;0;0;0;0;0;0;0;0;0;0;0;0;0;1;1;0;0;-1;-1;0;1;-1;-1;-1;-1;-1;-1;-1;-1;-1;30;52;75;85;95;49;67;69;30;8.43;0;3.06;3.75;JDFS Alberts;RTU;1.27;0.82;1.1;0.5;1.06;0.94;70;49;25;15;5;68;58;58;0;0;0;1213;22;Y;Y;Y;N;N;N;Y
352445;7060;1091;2017;complete;2522;20;-1;;-1;0;1;1;-1;-1;-1;-1;-1;-1;-1;-1;-1;-1;-1;-1;-1;-1;-1;-1;-1;-1;-1;-1;-1;0;0;0;0;0;0;0;0;0;0;0;0;0;0;0;0;0;0;0;0;0;0;0;0;0;0;0;0;0;0;0;0;0;0;0;0;0;0;0;0;0;0;0;0;0;0;0;0;0;0;0;0;0;0;0;0;0;0;0;0;0;0;0;0;0;0;0;0;1;0;0;0;0;0;0;2017-09-16 15:00:00;1091;0;42;42;0;1;-1;-1;-1;-1;-1;-1;-1;-1;-1;-1;-1;-1;-1;-1;-1;0;0;0;0;0;0;0;-1;-1;-1;-1;-1;-1;-1;-1;-1;-1;-1;-1;-1;-1;-1;-1;-1;-1;-1;-1;-1;-1;-1;18;29;42;78;100;24;41;49;18;11.81;0;3.67;2.66;Progress / AFA Olaine;BFC Daugavpils;2.36;2;2.5;1.78;2.19;1.73;83;71;59;23;0;60;60;44;0;0;0;1213;22;Y;N;N;N;N;N;N
352446;7053;7051;2017;complete;2522;21;-1;19,67,83;72;3;1;4;3;11;14;-1;-1;3;3;1;0;4;2;0;0;4;2;-1;-1;50;50;5;3;0;0;0;0;0;0;0;0;0;0;0;0;0;0;0;0;0;0;0;0;0;0;0;0;0;0;0;0;0;0;0;0;0;0;0;0;0;0;0;0;0;0;0;0;0;0;0;0;0;0;0;0;0;0;0;0;0;0;0;0;0;0;0;0;0;0;0;0;4;1;0;2;1;3;1;2017-09-23 11:00:00;7053;0;37;31;38;0;-1;1;-1;-1;-1;-1;-1;-1;0;0;4;3;0;7;-1;0;0;0;0;0;0;0;0;0;0;0;0;0;1;1;0;0;-1;-1;0;0;-1;-1;-1;-1;-1;-1;-1;-1;-1;31;47;47;74;95;48;53;53;42;15.63;0;5.17;3.36;RTU;Tukums;1.36;1.45;1.2;1.78;0.88;1.71;69;53;53;27;6;82;57;57;0;0;0;1213;22;Y;Y;Y;Y;N;N;Y
352447;1091;7049;2017;complete;2522;21;-1;21,83,89;;3;0;3;9;4;13;-1;-1;1;0;0;0;8;7;6;6;14;13;-1;-1;49;51;1;0;0;0;0;0;0;0;0;0;0;0;0;0;0;0;0;0;0;0;0;0;0;0;0;0;0;0;0;0;0;0;0;0;0;0;0;0;0;0;0;0;0;0;0;0;0;0;0;0;0;0;0;0;0;0;0;0;0;0;0;0;0;0;0;0;0;0;0;0;3;1;0;2;0;2;1;2017-09-23 11:00:00;1091;0;53;35;27;0;-1;1;-1;-1;-1;-1;-1;-1;1;0;0;0;1;0;-1;0;0;0;0;0;0;0;0;0;0;0;0;0;1;1;0;0;-1;-1;0;0;-1;-1;-1;-1;-1;-1;-1;-1;-1;39;50;86;86;92;53;53;67;47;13.27;0;2.75;4.42;BFC Daugavpils;Preilu BJSS;2.27;0.09;1.67;0;1.81;0.72;62;50;14;14;9;62;62;62;0;0;0;1213;22;Y;Y;Y;N;N;N;N
352448;6910;7050;2017;complete;2522;21;-1;-1,-1,-1,-1,-1;-1;5;1;6;-1;-1;-1;-1;-1;-1;-1;-1;-1;-1;-1;-1;-1;-1;-1;-1;-1;-1;-1;-1;-1;0;0;0;0;0;0;0;0;0;0;0;0;0;0;0;0;0;0;0;0;0;0;0;0;0;0;0;0;0;0;0;0;0;0;0;0;0;0;0;0;0;0;0;0;0;0;0;0;0;0;0;0;0;0;0;0;0;0;0;0;0;0;0;0;0;0;0;0;6;0;0;0;0;0;0;2017-09-23 13:00:00;6910;0;48;25;42;1;-1;-1;-1;-1;-1;-1;-1;-1;-1;-1;-1;-1;-1;-1;-1;0;0;0;0;0;0;0;-1;-1;-1;-1;-1;-1;-1;-1;-1;-1;-1;-1;-1;-1;-1;-1;-1;-1;-1;-1;-1;-1;-1;47;53;60;75;87;40;53;46;40;17.5;0;5.1;3.52;Valmiera / BSS;Grobiņa;2.64;1.73;2.75;2.29;2.63;2.38;54;48;41;26;14;79;59;59;0;0;0;1213;22;Y;Y;Y;Y;Y;Y;Y
352449;7052;7055;2017;complete;2522;21;-1;;-1;0;1;1;-1;-1;-1;-1;-1;-1;-1;-1;-1;-1;-1;-1;-1;-1;-1;-1;-1;-1;-1;-1;-1;0;0;0;0;0;0;0;0;0;0;0;0;0;0;0;0;0;0;0;0;0;0;0;0;0;0;0;0;0;0;0;0;0;0;0;0;0;0;0;0;0;0;0;0;0;0;0;0;0;0;0;0;0;0;0;0;0;0;0;0;0;0;0;0;0;0;0;0;1;0;0;0;0;0;0;2017-09-24 13:00:00;7055;0;47;17;34;1;-1;-1;-1;-1;-1;-1;-1;-1;-1;-1;-1;-1;-1;-1;-1;0;0;0;0;0;0;0;-1;-1;-1;-1;-1;-1;-1;-1;-1;-1;-1;-1;-1;-1;-1;-1;-1;-1;-1;-1;-1;-1;-1;20;34;47;60;94;13;41;41;27;7.36;0;3;2.78;Staiceles Bebri;JDFS Alberts;0.36;1.27;0.5;1;0.24;1.17;81;67;54;41;7;100;54;47;0;1.13;1.13;1213;22;Y;N;N;N;N;N;N
352450;7056;7060;2017;complete;2522;21;-1;;-1,-1;0;2;2;-1;-1;-1;-1;-1;-1;-1;-1;-1;-1;-1;-1;-1;-1;-1;-1;-1;-1;-1;-1;-1;0;0;0;0;0;0;0;0;0;0;0;0;0;0;0;0;0;0;0;0;0;0;0;0;0;0;0;0;0;0;0;0;0;0;0;0;0;0;0;0;0;0;0;0;0;0;0;0;0;0;0;0;0;0;0;0;0;0;0;0;0;0;0;0;0;0;0;0;2;0;0;0;0;0;0;2017-09-24 14:00:00;7060;0;44;25;38;1;-1;-1;-1;-1;-1;-1;-1;-1;-1;-1;-1;-1;-1;-1;-1;0;0;0;0;0;0;0;-1;-1;-1;-1;-1;-1;-1;-1;-1;-1;-1;-1;-1;-1;-1;-1;-1;-1;-1;-1;-1;-1;-1;19;51;76;76;100;26;38;44;38;10.25;0;6;3.32;Rēzekne / BJSS;Progress / AFA Olaine;1.18;2;1.63;1.88;1.38;2.06;82;51;26;26;0;63;50;38;0;0;0;1213;22;Y;Y;N;N;N;N;N
352451;7058;6910;2017;complete;2522;22;-1;-1;-1,-1,-1,-1,-1;1;5;6;-1;-1;-1;-1;-1;-1;-1;-1;-1;-1;-1;-1;-1;-1;-1;-1;-1;-1;-1;-1;-1;0;0;0;0;0;0;0;0;0;0;0;0;0;0;0;0;0;0;0;0;0;0;0;0;0;0;0;0;0;0;0;0;0;0;0;0;0;0;0;0;0;0;0;0;0;0;0;0;0;0;0;0;0;0;0;0;0;0;0;0;0;0;0;0;0;0;0;0;6;0;0;0;0;0;0;2017-09-30 12:00:00;6910;0;88;43;58;1;-1;-1;-1;-1;-1;-1;-1;-1;-1;-1;-1;-1;-1;-1;-1;0;0;0;0;0;0;0;-1;-1;-1;-1;-1;-1;-1;-1;-1;-1;-1;-1;-1;-1;-1;-1;-1;-1;-1;-1;-1;-1;-1;50;63;88;100;100;38;50;57;44;15.08;0;4.5;4.57;Auda;Valmiera / BSS;1.27;2.64;1.63;2.5;1.22;2.65;50;38;13;0;0;75;59;59;0;0;0;1213;22;Y;Y;Y;Y;Y;Y;Y
352452;7057;7053;2017;complete;2522;22;-1;-1,-1;-1,-1,-1,-1;2;4;6;-1;-1;-1;-1;-1;-1;-1;-1;-1;-1;-1;-1;-1;-1;-1;-1;-1;-1;-1;-1;-1;0;0;0;0;0;0;0;0;0;0;0;0;0;0;0;0;0;0;0;0;0;0;0;0;0;0;0;0;0;0;0;0;0;0;0;0;0;0;0;0;0;0;0;0;0;0;0;0;0;0;0;0;0;0;0;0;0;0;0;0;0;0;0;0;0;0;0;0;6;0;0;0;0;0;0;2017-09-30 12:00:00;7053;0;75;42;9;1;-1;-1;-1;-1;-1;-1;-1;-1;-1;-1;-1;-1;-1;-1;-1;0;0;0;0;0;0;0;-1;-1;-1;-1;-1;-1;-1;-1;-1;-1;-1;-1;-1;-1;-1;-1;-1;-1;-1;-1;-1;-1;-1;34;55;69;88;100;36;56;42;22;8.83;0;4.83;3.92;Smiltene;RTU;1.36;0.82;1.38;0.43;1.22;1;66;46;32;13;0;50;42;42;0;0;0;1213;22;Y;Y;Y;Y;Y;Y;Y
352453;7051;7052;2017;complete;2522;22;-1;-1;-1;1;1;2;-1;-1;-1;-1;-1;-1;-1;-1;-1;-1;-1;-1;-1;-1;-1;-1;-1;-1;-1;-1;-1;0;0;0;0;0;0;0;0;0;0;0;0;0;0;0;0;0;0;0;0;0;0;0;0;0;0;0;0;0;0;0;0;0;0;0;0;0;0;0;0;0;0;0;0;0;0;0;0;0;0;0;0;0;0;0;0;0;0;0;0;0;0;0;0;0;0;0;0;2;0;0;0;0;0;0;2017-09-30 12:00:00;-1;0;48;16;22;1;-1;-1;-1;-1;-1;-1;-1;-1;-1;-1;-1;-1;-1;-1;-1;0;0;0;0;0;0;0;-1;-1;-1;-1;-1;-1;-1;-1;-1;-1;-1;-1;-1;-1;-1;-1;-1;-1;-1;-1;-1;-1;-1;35;60;77;94;100;41;59;78;54;9.71;0;4;3.75;Tukums;Staiceles Bebri;1.55;0.09;1.63;0;1.61;0.22;66;41;24;7;0;86;72;65;0;1.87;1.87;1213;22;Y;Y;N;N;N;N;Y
352454;7049;7056;2017;complete;2522;22;-1;-1;-1,-1,-1;1;3;4;-1;-1;-1;-1;-1;-1;-1;-1;-1;-1;-1;-1;-1;-1;-1;-1;-1;-1;-1;-1;-1;0;0;0;0;0;0;0;0;0;0;0;0;0;0;0;0;0;0;0;0;0;0;0;0;0;0;0;0;0;0;0;0;0;0;0;0;0;0;0;0;0;0;0;0;0;0;0;0;0;0;0;0;0;0;0;0;0;0;0;0;0;0;0;0;0;0;0;0;4;0;0;0;0;0;0;2017-09-30 13:00:00;7056;0;72;38;44;1;-1;-1;-1;-1;-1;-1;-1;-1;-1;-1;-1;-1;-1;-1;-1;0;0;0;0;0;0;0;-1;-1;-1;-1;-1;-1;-1;-1;-1;-1;-1;-1;-1;-1;-1;-1;-1;-1;-1;-1;-1;-1;-1;47;53;65;89;94;47;71;60;47;10.83;0;3.4;4.08;Preilu BJSS;Rēzekne / BJSS;1.18;1.36;1.44;1.13;0.68;1.29;53;47;36;12;7;86;73;73;2.36;0;2.36;1213;22;Y;Y;Y;Y;N;N;Y
352455;7050;1091;2017;complete;2522;22;-1;54;67,80;1;2;3;5;0;5;-1;-1;3;3;2;0;8;8;10;8;18;16;-1;-1;55;45;7;3;0;0;0;0;0;0;0;0;0;0;0;0;0;0;0;0;0;0;0;0;0;0;0;0;0;0;0;0;0;0;0;0;0;0;0;0;0;0;0;0;0;0;0;0;0;0;0;0;0;0;0;0;0;0;0;0;0;0;0;0;0;0;0;0;0;0;0;0;3;0;0;1;2;3;0;2017-10-01 12:00:00;1091;0;60;47;34;0;-1;1;-1;-1;-1;-1;-1;-1;0;3;5;0;3;5;-1;0;0;0;0;0;0;0;0;0;0;0;0;0;1;1;0;0;-1;-1;0;0;-1;-1;-1;-1;-1;-1;-1;-1;-1;44;54;60;75;100;38;65;55;50;11.34;0;4.89;4.26;Grobiņa;BFC Daugavpils;2.27;2;2.44;1.9;2.24;1.88;57;46;41;26;0;56;50;42;0;0;0;1213;22;Y;Y;Y;N;N;N;Y
352456;7052;7053;2017;complete;2522;23;-1;-1;-1,-1,-1;1;3;4;-1;-1;-1;-1;-1;-1;-1;-1;-1;-1;-1;-1;-1;-1;-1;-1;-1;-1;-1;-1;-1;0;0;0;0;0;0;0;0;0;0;0;0;0;0;0;0;0;0;0;0;0;0;0;0;0;0;0;0;0;0;0;0;0;0;0;0;0;0;0;0;0;0;0;0;0;0;0;0;0;0;0;0;0;0;0;0;0;0;0;0;0;0;0;0;0;0;0;0;4;0;0;0;0;0;0;2017-10-07 11:00:00;7053;0;72;58;42;1;-1;-1;-1;-1;-1;-1;-1;-1;-1;-1;-1;-1;-1;-1;-1;0;0;0;0;0;0;0;-1;-1;-1;-1;-1;-1;-1;-1;-1;-1;-1;-1;-1;-1;-1;-1;-1;-1;-1;-1;-1;-1;-1;36;54;72;78;95;43;49;43;30;8.33;0;3.33;3.89;Staiceles Bebri;RTU;0.36;0.82;0.44;0.75;0.26;1.11;64;46;28;22;6;84;50;50;0;0;0;1213;22;Y;Y;Y;Y;N;N;Y
352457;6910;7055;2017;complete;2522;23;-1;;;0;0;0;9;3;12;-1;-1;-1;-1;-1;-1;8;6;9;6;17;12;-1;-1;50;50;-1;-1;0;0;0;0;0;0;0;0;0;0;0;0;0;0;0;0;0;0;0;0;0;0;0;0;0;0;0;0;0;0;0;0;0;0;0;0;0;0;0;0;0;0;0;0;0;0;0;0;0;0;0;0;0;0;0;0;0;0;0;0;0;0;0;0;0;0;0;0;0;0;0;0;0;0;0;2017-10-07 11:00:00;-1;0;41;25;17;0;-1;-1;-1;-1;-1;-1;-1;-1;-1;-1;-1;-1;-1;-1;-1;0;0;0;0;0;0;0;0;0;0;0;0;0;1;1;0;0;-1;-1;-1;-1;-1;-1;-1;-1;-1;-1;-1;-1;-1;35;46;53;59;95;22;53;53;35;13.36;0;4.1;3.13;Valmiera / BSS;JDFS Alberts;2.64;1.27;2.78;1.25;2.67;1.26;66;54;48;42;6;92;62;55;0;1.13;1.13;1213;22;N;N;N;N;N;N;N
352458;1091;7058;2017;complete;2522;23;-1;-1,-1,-1,-1;;4;0;4;-1;-1;-1;-1;-1;-1;-1;-1;-1;-1;-1;-1;-1;-1;-1;-1;-1;-1;-1;-1;-1;0;0;0;0;0;0;0;0;0;0;0;0;0;0;0;0;0;0;0;0;0;0;0;0;0;0;0;0;0;0;0;0;0;0;0;0;0;0;0;0;0;0;0;0;0;0;0;0;0;0;0;0;0;0;0;0;0;0;0;0;0;0;0;0;0;0;0;0;4;0;0;0;0;0;0;2017-10-07 12:00:00;1091;0;57;20;31;1;-1;-1;-1;-1;-1;-1;-1;-1;-1;-1;-1;-1;-1;-1;-1;0;0;0;0;0;0;0;-1;-1;-1;-1;-1;-1;-1;-1;-1;-1;-1;-1;-1;-1;-1;-1;-1;-1;-1;-1;-1;-1;-1;25;35;68;83;93;37;49;81;59;13.53;0;3.71;3.46;BFC Daugavpils;Auda;2.27;0.82;1.86;0.9;1.94;1.16;76;66;32;17;7;65;60;55;0;0;0;1213;22;Y;Y;Y;Y;N;N;N
352459;7056;7050;2017;complete;2522;23;-1;-1;-1,-1;1;2;3;-1;-1;-1;-1;-1;-1;-1;-1;-1;-1;-1;-1;-1;-1;-1;-1;-1;-1;-1;-1;-1;0;0;0;0;0;0;0;0;0;0;0;0;0;0;0;0;0;0;0;0;0;0;0;0;0;0;0;0;0;0;0;0;0;0;0;0;0;0;0;0;0;0;0;0;0;0;0;0;0;0;0;0;0;0;0;0;0;0;0;0;0;0;0;0;0;0;0;0;3;0;0;0;0;0;0;2017-10-07 13:00:00;7050;0;54;13;38;1;-1;-1;-1;-1;-1;-1;-1;-1;-1;-1;-1;-1;-1;-1;-1;0;0;0;0;0;0;0;-1;-1;-1;-1;-1;-1;-1;-1;-1;-1;-1;-1;-1;-1;-1;-1;-1;-1;-1;-1;-1;-1;-1;31;53;71;89;94;29;41;29;24;13.75;0;7;3.54;Rēzekne / BJSS;Grobiņa;1.18;1.73;1.44;2;1.39;2.11;70;47;30;12;7;75;63;50;0;0;0;1213;22;Y;Y;Y;N;N;N;Y
352460;7060;7057;2017;complete;2522;23;-1;-1,-1;;2;0;2;-1;-1;-1;-1;-1;-1;-1;-1;-1;-1;-1;-1;-1;-1;-1;-1;-1;-1;-1;-1;-1;0;0;0;0;0;0;0;0;0;0;0;0;0;0;0;0;0;0;0;0;0;0;0;0;0;0;0;0;0;0;0;0;0;0;0;0;0;0;0;0;0;0;0;0;0;0;0;0;0;0;0;0;0;0;0;0;0;0;0;0;0;0;0;0;0;0;0;0;2;0;0;0;0;0;0;2017-10-07 15:00:00;7060;0;52;36;13;1;-1;-1;-1;-1;-1;-1;-1;-1;-1;-1;-1;-1;-1;-1;-1;0;0;0;0;0;0;0;-1;-1;-1;-1;-1;-1;-1;-1;-1;-1;-1;-1;-1;-1;-1;-1;-1;-1;-1;-1;-1;-1;-1;16;36;62;79;95;36;42;69;31;9.71;0;4.1;2.98;Progress / AFA Olaine;Smiltene;2.36;1;2.22;1.1;2.11;1.16;85;64;38;21;5;65;50;43;0;0;0;1213;22;Y;Y;N;N;N;N;N
352461;1091;7055;2017;complete;2522;24;-1;18,41,76;;3;0;3;13;3;16;-1;-1;1;0;0;0;7;2;14;4;21;6;-1;-1;64;36;1;0;0;0;0;0;0;0;0;0;0;0;0;0;0;0;0;0;0;0;0;0;0;0;0;0;0;0;0;0;0;0;0;0;0;0;0;0;0;0;0;0;0;0;0;0;0;0;0;0;0;0;0;0;0;0;0;0;0;0;0;0;0;0;0;0;0;0;0;0;3;2;0;1;0;1;2;2017-10-14 10:00:00;1091;0;36;9;9;0;-1;1;-1;-1;-1;-1;-1;-1;0;0;1;0;0;1;-1;0;0;0;0;0;0;0;0;0;0;0;0;0;1;1;0;0;-1;-1;0;0;-1;-1;-1;-1;-1;-1;-1;-1;-1;18;30;61;66;89;19;47;54;36;11.58;0;3.1;2.88;BFC Daugavpils;JDFS Alberts;2.27;1.27;2;1.22;2;1.25;82;71;40;35;12;75;57;50;0;1.13;1.13;1213;22;Y;Y;Y;N;N;N;N
352462;7049;7060;2017;complete;2522;24;-1;-1;-1,-1,-1,-1;1;4;5;-1;-1;-1;-1;-1;-1;-1;-1;-1;-1;-1;-1;-1;-1;-1;-1;-1;-1;-1;-1;-1;0;0;0;0;0;0;0;0;0;0;0;0;0;0;0;0;0;0;0;0;0;0;0;0;0;0;0;0;0;0;0;0;0;0;0;0;0;0;0;0;0;0;0;0;0;0;0;0;0;0;0;0;0;0;0;0;0;0;0;0;0;0;0;0;0;0;0;0;5;0;0;0;0;0;0;2017-10-14 11:00:00;7060;0;47;25;44;1;-1;-1;-1;-1;-1;-1;-1;-1;-1;-1;-1;-1;-1;-1;-1;0;0;0;0;0;0;0;-1;-1;-1;-1;-1;-1;-1;-1;-1;-1;-1;-1;-1;-1;-1;-1;-1;-1;-1;-1;-1;-1;-1;31;47;63;79;100;31;46;47;47;8.83;0;2.5;3.35;Preilu BJSS;Progress / AFA Olaine;1.18;2;1.3;2;0.65;2.16;69;54;37;22;0;70;52;52;2.36;0;2.36;1213;22;Y;Y;Y;Y;Y;N;Y
352463;7057;7052;2017;complete;2522;24;-1;-1,-1,-1,-1;-1,-1,-1;4;3;7;-1;-1;-1;-1;-1;-1;-1;-1;-1;-1;-1;-1;-1;-1;-1;-1;-1;-1;-1;-1;-1;0;0;0;0;0;0;0;0;0;0;0;0;0;0;0;0;0;0;0;0;0;0;0;0;0;0;0;0;0;0;0;0;0;0;0;0;0;0;0;0;0;0;0;0;0;0;0;0;0;0;0;0;0;0;0;0;0;0;0;0;0;0;0;0;0;0;0;0;7;0;0;0;0;0;0;2017-10-14 11:00:00;7057;0;48;9;0;1;-1;-1;-1;-1;-1;-1;-1;-1;-1;-1;-1;-1;-1;-1;-1;0;0;0;0;0;0;0;-1;-1;-1;-1;-1;-1;-1;-1;-1;-1;-1;-1;-1;-1;-1;-1;-1;-1;-1;-1;-1;-1;-1;37;47;57;89;100;20;41;36;20;7;0;4.83;3.62;Smiltene;Staiceles Bebri;1.36;0.09;1.22;0.1;1.1;0.25;64;53;43;11;0;60;60;60;0;1.87;1.87;1213;22;Y;Y;Y;Y;Y;Y;Y
352464;7051;6910;2017;complete;2522;24;-1;;-1,-1;0;2;2;-1;-1;-1;-1;-1;-1;-1;-1;-1;-1;-1;-1;-1;-1;-1;-1;-1;-1;-1;-1;-1;0;0;0;0;0;0;0;0;0;0;0;0;0;0;0;0;0;0;0;0;0;0;0;0;0;0;0;0;0;0;0;0;0;0;0;0;0;0;0;0;0;0;0;0;0;0;0;0;0;0;0;0;0;0;0;0;0;0;0;0;0;0;0;0;0;0;0;0;2;0;0;0;0;0;0;2017-10-14 12:00:00;6910;0;73;20;59;1;-1;-1;-1;-1;-1;-1;-1;-1;-1;-1;-1;-1;-1;-1;-1;0;0;0;0;0;0;0;-1;-1;-1;-1;-1;-1;-1;-1;-1;-1;-1;-1;-1;-1;-1;-1;-1;-1;-1;-1;-1;-1;-1;39;62;78;95;100;33;44;61;45;16.46;0;3.67;4.17;Tukums;Valmiera / BSS;1.55;2.64;1.56;2.56;1.58;2.58;61;39;22;6;0;93;79;72;0;0;0;1213;22;Y;Y;N;N;N;N;N
352465;7058;7056;2017;complete;2522;24;-1;-1;-1,-1,-1,-1;1;4;5;-1;-1;-1;-1;-1;-1;-1;-1;-1;-1;-1;-1;-1;-1;-1;-1;-1;-1;-1;-1;-1;0;0;0;0;0;0;0;0;0;0;0;0;0;0;0;0;0;0;0;0;0;0;0;0;0;0;0;0;0;0;0;0;0;0;0;0;0;0;0;0;0;0;0;0;0;0;0;0;0;0;0;0;0;0;0;0;0;0;0;0;0;0;0;0;0;0;0;0;5;0;0;0;0;0;0;2017-10-14 12:30:00;7056;0;95;55;45;1;-1;-1;-1;-1;-1;-1;-1;-1;-1;-1;-1;-1;-1;-1;-1;0;0;0;0;0;0;0;-1;-1;-1;-1;-1;-1;-1;-1;-1;-1;-1;-1;-1;-1;-1;-1;-1;-1;-1;-1;-1;-1;-1;50;62;78;95;95;33;50;56;39;11.83;0;5.4;4.39;Auda;Rēzekne / BJSS;1.27;1.36;1.44;1.33;1.1;1.32;50;39;22;6;6;67;42;42;0;0;0;1213;22;Y;Y;Y;Y;Y;N;Y
352466;7050;7053;2017;complete;2522;18;-1;-1,-1,-1;-1;3;1;4;-1;-1;-1;-1;-1;-1;-1;-1;-1;-1;-1;-1;-1;-1;-1;-1;-1;-1;-1;-1;-1;0;0;0;0;0;0;0;0;0;0;0;0;0;0;0;0;0;0;0;0;0;0;0;0;0;0;0;0;0;0;0;0;0;0;0;0;0;0;0;0;0;0;0;0;0;0;0;0;0;0;0;0;0;0;0;0;0;0;0;0;0;0;0;0;0;0;0;0;4;0;0;0;0;0;0;2017-10-15 12:00:00;7050;0;95;62;44;1;-1;-1;-1;-1;-1;-1;-1;-1;-1;-1;-1;-1;-1;-1;-1;0;0;0;0;0;0;0;-1;-1;-1;-1;-1;-1;-1;-1;-1;-1;-1;-1;-1;-1;-1;-1;-1;-1;-1;-1;-1;-1;-1;52;74;95;95;100;53;74;73;62;11.33;0;5.13;5.29;Grobiņa;RTU;2.27;0.82;2.2;1;2.16;1.2;48;26;5;5;0;69;55;55;0;0;0;1213;22;Y;Y;Y;Y;N;N;Y
352467;7056;7055;2017;complete;2522;25;-1;-1;-1,-1,-1,-1,-1;1;5;6;-1;-1;-1;-1;-1;-1;-1;-1;-1;-1;-1;-1;-1;-1;-1;-1;-1;-1;-1;-1;-1;0;0;0;0;0;0;0;0;0;0;0;0;0;0;0;0;0;0;0;0;0;0;0;0;0;0;0;0;0;0;0;0;0;0;0;0;0;0;0;0;0;0;0;0;0;0;0;0;0;0;0;0;0;0;0;0;0;0;0;0;0;0;0;0;0;0;0;0;6;0;0;0;0;0;0;2017-10-21 11:00:00;7055;0;40;13;13;1;-1;-1;-1;-1;-1;-1;-1;-1;-1;-1;-1;-1;-1;-1;-1;0;0;0;0;0;0;0;-1;-1;-1;-1;-1;-1;-1;-1;-1;-1;-1;-1;-1;-1;-1;-1;-1;-1;-1;-1;-1;-1;-1;10;35;60;70;95;20;45;40;20;9.42;0;5.79;2.75;Rēzekne / BJSS;JDFS Alberts;1.18;1.27;1.3;1.1;1.4;1.19;90;65;40;30;5;88;71;53;0;1.13;1.13;1213;22;Y;Y;Y;Y;Y;Y;Y
352468;1091;7051;2017;complete;2522;25;-1;10,22,35,39,68,70,81,83;;8;0;8;5;5;10;-1;-1;1;1;0;1;12;3;9;3;21;6;-1;-1;53;47;1;3;0;0;0;0;0;0;0;0;0;0;0;0;0;0;0;0;0;0;0;0;0;0;0;0;0;0;0;0;0;0;0;0;0;0;0;0;0;0;0;0;0;0;0;0;0;0;0;0;0;0;0;0;0;0;0;0;0;0;0;0;0;0;0;0;0;0;0;0;8;4;0;4;0;4;4;2017-10-21 11:00:00;1091;0;37;20;32;0;-1;1;-1;-1;-1;-1;-1;-1;0;0;1;2;0;3;-1;0;0;0;0;0;0;0;0;0;0;0;0;0;1;1;1;0;-1;-1;0;0;-1;-1;-1;-1;-1;-1;-1;-1;-1;21;42;70;80;90;47;58;64;47;16.9;0;3.79;3.44;BFC Daugavpils;Tukums;2.27;1.45;2.11;1.6;2.05;1.5;79;59;31;21;11;73;68;68;0;0;0;1213;22;Y;Y;Y;Y;Y;Y;N
352469;6910;7053;2017;complete;2522;25;-1;-1,-1,-1,-1;-1,-1,-1;4;3;7;-1;-1;-1;-1;-1;-1;-1;-1;-1;-1;-1;-1;-1;-1;-1;-1;-1;-1;-1;-1;-1;0;0;0;0;0;0;0;0;0;0;0;0;0;0;0;0;0;0;0;0;0;0;0;0;0;0;0;0;0;0;0;0;0;0;0;0;0;0;0;0;0;0;0;0;0;0;0;0;0;0;0;0;0;0;0;0;0;0;0;0;0;0;0;0;0;0;0;0;7;0;0;0;0;0;0;2017-10-21 11:00:00;6910;0;70;63;23;1;-1;-1;-1;-1;-1;-1;-1;-1;-1;-1;-1;-1;-1;-1;-1;0;0;0;0;0;0;0;-1;-1;-1;-1;-1;-1;-1;-1;-1;-1;-1;-1;-1;-1;-1;-1;-1;-1;-1;-1;-1;-1;-1;45;70;80;80;90;45;55;50;35;14.26;0;4.43;4.15;Valmiera / BSS;RTU;2.64;0.82;2.6;0.9;2.6;1.14;55;30;20;20;10;77;61;61;0;0;0;1213;22;Y;Y;Y;Y;Y;Y;Y
352470;7057;7049;2017;complete;2522;25;-1;-1;-1;1;1;2;-1;-1;-1;-1;-1;-1;-1;-1;-1;-1;-1;-1;-1;-1;-1;-1;-1;-1;-1;-1;-1;0;0;0;0;0;0;0;0;0;0;0;0;0;0;0;0;0;0;0;0;0;0;0;0;0;0;0;0;0;0;0;0;0;0;0;0;0;0;0;0;0;0;0;0;0;0;0;0;0;0;0;0;0;0;0;0;0;0;0;0;0;0;0;0;0;0;0;0;2;0;0;0;0;0;0;2017-10-21 11:00:00;-1;0;55;22;15;1;-1;-1;-1;-1;-1;-1;-1;-1;-1;-1;-1;-1;-1;-1;-1;0;0;0;0;0;0;0;-1;-1;-1;-1;-1;-1;-1;-1;-1;-1;-1;-1;-1;-1;-1;-1;-1;-1;-1;-1;-1;-1;-1;40;55;70;85;100;25;40;40;25;9.43;0;3.83;4.3;Smiltene;Preilu BJSS;1.36;0.09;1.4;0;1.19;0.62;60;45;30;15;0;60;60;60;0;0;0;1213;22;Y;Y;N;N;N;N;Y
352471;7060;7050;2017;complete;2522;25;-1;-1,-1,-1,-1,-1;;5;0;5;-1;-1;-1;-1;-1;-1;-1;-1;-1;-1;-1;-1;-1;-1;-1;-1;-1;-1;-1;-1;-1;0;0;0;0;0;0;0;0;0;0;0;0;0;0;0;0;0;0;0;0;0;0;0;0;0;0;0;0;0;0;0;0;0;0;0;0;0;0;0;0;0;0;0;0;0;0;0;0;0;0;0;0;0;0;0;0;0;0;0;0;0;0;0;0;0;0;0;0;5;0;0;0;0;0;0;2017-10-21 11:00:00;7060;0;54;17;25;1;-1;-1;-1;-1;-1;-1;-1;-1;-1;-1;-1;-1;-1;-1;-1;0;0;0;0;0;0;0;-1;-1;-1;-1;-1;-1;-1;-1;-1;-1;-1;-1;-1;-1;-1;-1;-1;-1;-1;-1;-1;-1;-1;27;32;54;85;95;21;32;41;21;15.14;0;4.17;3.03;Progress / AFA Olaine;Grobiņa;2.36;1.73;2.3;2.11;2.2;2.2;73;68;47;16;6;81;68;61;0;0;0;1213;22;Y;Y;Y;Y;Y;N;N
352472;1091;7050;2017;complete;2522;9;-1;-1,-1,-1,-1;;4;0;4;-1;-1;-1;-1;-1;-1;-1;-1;-1;-1;-1;-1;-1;-1;-1;-1;-1;-1;-1;-1;-1;0;0;0;0;0;0;0;0;0;0;0;0;0;0;0;0;0;0;0;0;0;0;0;0;0;0;0;0;0;0;0;0;0;0;0;0;0;0;0;0;0;0;0;0;0;0;0;0;0;0;0;0;0;0;0;0;0;0;0;0;0;0;0;0;0;0;0;0;4;0;0;0;0;0;0;2017-10-28 11:00:00;1091;0;45;7;32;1;-1;-1;-1;-1;-1;-1;-1;-1;-1;-1;-1;-1;-1;-1;-1;0;0;0;0;0;0;0;-1;-1;-1;-1;-1;-1;-1;-1;-1;-1;-1;-1;-1;-1;-1;-1;-1;-1;-1;-1;-1;-1;-1;40;45;80;90;90;35;45;45;35;16.13;0;3.93;3.9;BFC Daugavpils;Grobiņa;2.27;1.73;2.2;1.9;2.1;2.1;60;55;20;10;10;69;57;50;0;0;0;1213;22;Y;Y;Y;Y;N;N;N
352473;7058;7060;2017;complete;2522;26;-1;;;0;0;0;-1;-1;-1;-1;-1;-1;-1;-1;-1;-1;-1;-1;-1;-1;-1;-1;-1;-1;-1;-1;-1;0;0;0;0;0;0;0;0;0;0;0;0;0;0;0;0;0;0;0;0;0;0;0;0;0;0;0;0;0;0;0;0;0;0;0;0;0;0;0;0;0;0;0;0;0;0;0;0;0;0;0;0;0;0;0;0;0;0;0;0;0;0;0;0;0;0;0;0;0;0;0;0;0;0;0;2017-10-28 11:00:00;-1;0;70;43;45;0;-1;-1;-1;-1;-1;-1;-1;-1;-1;-1;-1;-1;-1;-1;-1;0;0;0;0;0;0;0;0;0;0;0;0;0;1;1;0;0;-1;-1;-1;-1;-1;-1;-1;-1;-1;-1;-1;-1;-1;45;55;75;85;100;20;30;45;40;9.83;0;4.5;3.8;Auda;Progress / AFA Olaine;1.27;2;1.3;2.1;1.05;2.24;55;45;25;15;0;50;21;21;0;0;0;1213;22;N;N;N;N;N;N;N
352474;7051;7056;2017;complete;2522;26;-1;-1,-1;-1;2;1;3;-1;-1;-1;-1;-1;-1;-1;-1;-1;-1;-1;-1;-1;-1;-1;-1;-1;-1;-1;-1;-1;0;0;0;0;0;0;0;0;0;0;0;0;0;0;0;0;0;0;0;0;0;0;0;0;0;0;0;0;0;0;0;0;0;0;0;0;0;0;0;0;0;0;0;0;0;0;0;0;0;0;0;0;0;0;0;0;0;0;0;0;0;0;0;0;0;0;0;0;3;0;0;0;0;0;0;2017-10-28 11:00:00;7051;0;75;32;47;1;-1;-1;-1;-1;-1;-1;-1;-1;-1;-1;-1;-1;-1;-1;-1;0;0;0;0;0;0;0;-1;-1;-1;-1;-1;-1;-1;-1;-1;-1;-1;-1;-1;-1;-1;-1;-1;-1;-1;-1;-1;-1;-1;35;55;65;90;95;30;45;60;40;13.21;0;4.57;3.8;Tukums;Rēzekne / BJSS;1.55;1.36;1.4;1.5;1.43;1.33;65;45;35;10;5;85;62;55;0;0;0;1213;22;Y;Y;Y;N;N;N;Y
352475;7052;6910;2017;complete;2522;26;-1;;-1,-1,-1,-1,-1,-1;0;6;6;-1;-1;-1;-1;-1;-1;-1;-1;-1;-1;-1;-1;-1;-1;-1;-1;-1;-1;-1;-1;-1;0;0;0;0;0;0;0;0;0;0;0;0;0;0;0;0;0;0;0;0;0;0;0;0;0;0;0;0;0;0;0;0;0;0;0;0;0;0;0;0;0;0;0;0;0;0;0;0;0;0;0;0;0;0;0;0;0;0;0;0;0;0;0;0;0;0;0;0;6;0;0;0;0;0;0;2017-10-28 11:00:00;6910;0;60;29;71;1;-1;-1;-1;-1;-1;-1;-1;-1;-1;-1;-1;-1;-1;-1;-1;0;0;0;0;0;0;0;-1;-1;-1;-1;-1;-1;-1;-1;-1;-1;-1;-1;-1;-1;-1;-1;-1;-1;-1;-1;-1;-1;-1;35;50;65;80;95;25;30;30;25;13.25;0;3;3.85;Staiceles Bebri;Valmiera / BSS;0.36;2.64;0.4;2.6;0.24;2.62;65;50;35;20;5;100;75;75;0;0;0;1213;22;Y;Y;Y;Y;Y;Y;N
