ID;HOMEID;AWAYID;SEASON;STATUS;ROUNDID;GAME_WEEK;REVISED_GAME_WEEK;HOMEGOALS;AWAYGOALS;HOMEGOALCOUNT;AWAYGOALCOUNT;TOTALGOALCOUNT;TEAM_A_CORNERS;TEAM_B_CORNERS;TOTALCORNERCOUNT;TEAM_A_OFFSIDES;TEAM_B_OFFSIDES;TEAM_A_YELLOW_CARDS;TEAM_B_YELLOW_CARDS;TEAM_A_RED_CARDS;TEAM_B_RED_CARDS;TEAM_A_SHOTSONTARGET;TEAM_B_SHOTSONTARGET;TEAM_A_SHOTSOFFTARGET;TEAM_B_SHOTSOFFTARGET;TEAM_A_SHOTS;TEAM_B_SHOTS;TEAM_A_FOULS;TEAM_B_FOULS;TEAM_A_POSSESSION;TEAM_B_POSSESSION;TEAM_A_CARDS_NUM;TEAM_B_CARDS_NUM;ODDS_FT_1;ODDS_FT_X;ODDS_FT_2;ODDS_FT_OVER05;ODDS_FT_OVER15;ODDS_FT_OVER25;ODDS_FT_OVER35;ODDS_FT_OVER45;ODDS_FT_UNDER05;ODDS_FT_UNDER15;ODDS_FT_UNDER25;ODDS_FT_UNDER35;ODDS_FT_UNDER45;ODDS_BTTS_YES;ODDS_BTTS_NO;ODDS_TEAM_A_CS_YES;ODDS_TEAM_A_CS_NO;ODDS_TEAM_B_CS_YES;ODDS_TEAM_B_CS_NO;ODDS_DOUBLECHANCE_1X;ODDS_DOUBLECHANCE_12;ODDS_DOUBLECHANCE_X2;ODDS_1ST_HALF_RESULT_1;ODDS_1ST_HALF_RESULT_X;ODDS_1ST_HALF_RESULT_2;ODDS_2ND_HALF_RESULT_1;ODDS_2ND_HALF_RESULT_X;ODDS_2ND_HALF_RESULT_2;ODDS_DNB_1;ODDS_DNB_2;ODDS_CORNERS_OVER_75;ODDS_CORNERS_OVER_85;ODDS_CORNERS_OVER_95;ODDS_CORNERS_OVER_105;ODDS_CORNERS_OVER_115;ODDS_CORNERS_UNDER_75;ODDS_CORNERS_UNDER_85;ODDS_CORNERS_UNDER_95;ODDS_CORNERS_UNDER_105;ODDS_CORNERS_UNDER_115;ODDS_CORNERS_1;ODDS_CORNERS_X;ODDS_CORNERS_2;ODDS_TEAM_TO_SCORE_FIRST_1;ODDS_TEAM_TO_SCORE_FIRST_X;ODDS_TEAM_TO_SCORE_FIRST_2;ODDS_WIN_TO_NIL_1;ODDS_WIN_TO_NIL_2;ODDS_1ST_HALF_OVER05;ODDS_1ST_HALF_OVER15;ODDS_1ST_HALF_OVER25;ODDS_1ST_HALF_OVER35;ODDS_1ST_HALF_UNDER05;ODDS_1ST_HALF_UNDER15;ODDS_1ST_HALF_UNDER25;ODDS_1ST_HALF_UNDER35;ODDS_2ND_HALF_OVER05;ODDS_2ND_HALF_OVER15;ODDS_2ND_HALF_OVER25;ODDS_2ND_HALF_OVER35;ODDS_2ND_HALF_UNDER05;ODDS_2ND_HALF_UNDER15;ODDS_2ND_HALF_UNDER25;ODDS_2ND_HALF_UNDER35;ODDS_BTTS_1ST_HALF_YES;ODDS_BTTS_1ST_HALF_NO;ODDS_BTTS_2ND_HALF_YES;ODDS_BTTS_2ND_HALF_NO;OVERALLGOALCOUNT;HT_GOALS_TEAM_A;HT_GOALS_TEAM_B;GOALS_2HG_TEAM_A;GOALS_2HG_TEAM_B;GOALCOUNT_2HG;HTGOALCOUNT;DATE_UNIX;WINNINGTEAM;NO_HOME_AWAY;BTTS_POTENTIAL;BTTS_FHG_POTENTIAL;BTTS_2HG_POTENTIAL;GOALTIMINGDISABLED;CORNER_TIMINGS_RECORDED;CARD_TIMINGS_RECORDED;TEAM_A_FH_CORNERS;TEAM_B_FH_CORNERS;TEAM_A_2H_CORNERS;TEAM_B_2H_CORNERS;CORNER_FH_COUNT;CORNER_2H_COUNT;TEAM_A_FH_CARDS;TEAM_B_FH_CARDS;TEAM_A_2H_CARDS;TEAM_B_2H_CARDS;TOTAL_FH_CARDS;TOTAL_2H_CARDS;ATTACKS_RECORDED;TEAM_A_DANGEROUS_ATTACKS;TEAM_B_DANGEROUS_ATTACKS;TEAM_A_ATTACKS;TEAM_B_ATTACKS;TEAM_A_XG;TEAM_B_XG;TOTAL_XG;TEAM_A_PENALTIES_WON;TEAM_B_PENALTIES_WON;TEAM_A_PENALTY_GOALS;TEAM_B_PENALTY_GOALS;TEAM_A_PENALTY_MISSED;TEAM_B_PENALTY_MISSED;PENS_RECORDED;GOAL_TIMINGS_RECORDED;TEAM_A_0_10_MIN_GOALS;TEAM_B_0_10_MIN_GOALS;TEAM_A_CORNERS_0_10_MIN;TEAM_B_CORNERS_0_10_MIN;TEAM_A_CARDS_0_10_MIN;TEAM_B_CARDS_0_10_MIN;THROWINS_RECORDED;TEAM_A_THROWINS;TEAM_B_THROWINS;FREEKICKS_RECORDED;TEAM_A_FREEKICKS;TEAM_B_FREEKICKS;GOALKICKS_RECORDED;TEAM_A_GOALKICKS;TEAM_B_GOALKICKS;O45_POTENTIAL;O35_POTENTIAL;O25_POTENTIAL;O15_POTENTIAL;O05_POTENTIAL;O15HT_POTENTIAL;O05HT_POTENTIAL;O05_2H_POTENTIAL;O15_2H_POTENTIAL;CORNERS_POTENTIAL;OFFSIDES_POTENTIAL;CARDS_POTENTIAL;AVG_POTENTIAL;HOME_NAME;AWAY_NAME;HOME_PPG;AWAY_PPG;PRE_MATCH_HOME_PPG;PRE_MATCH_AWAY_PPG;PRE_MATCH_TEAMA_OVERALL_PPG;PRE_MATCH_TEAMB_OVERALL_PPG;U45_POTENTIAL;U35_POTENTIAL;U25_POTENTIAL;U15_POTENTIAL;U05_POTENTIAL;CORNERS_O85_POTENTIAL;CORNERS_O95_POTENTIAL;CORNERS_O105_POTENTIAL;TEAM_A_XG_PREMATCH;TEAM_B_XG_PREMATCH;TOTAL_XG_PREMATCH;COMPETITION_ID;MATCHES_COMPLETED_MINIMUM;OVER05;OVER15;OVER25;OVER35;OVER45;OVER55;BTTS
352212;1091;7048;2018;complete;2521;1;-1;-1,-1,-1;;3;0;3;-1;-1;-1;-1;-1;-1;-1;-1;-1;-1;-1;-1;-1;-1;-1;-1;-1;-1;-1;-1;-1;0;0;0;0;0;0;0;0;0;0;0;0;0;0;0;0;0;0;0;0;0;0;0;0;0;0;0;0;0;0;0;0;0;0;0;0;0;0;0;0;0;0;0;0;0;0;0;0;0;0;0;0;0;0;0;0;0;0;0;0;0;0;0;0;0;0;0;0;3;0;0;0;0;0;0;2018-04-21 11:00:00;1091;0;0;0;0;1;-1;-1;-1;-1;-1;-1;-1;-1;-1;-1;-1;-1;-1;-1;-1;0;0;0;0;0;0;0;-1;-1;-1;-1;-1;-1;-1;-1;-1;-1;-1;-1;-1;-1;-1;-1;-1;-1;-1;-1;-1;-1;-1;0;0;0;0;0;0;0;0;0;0;0;0;0;BFC Daugavpils;Super Nova;2.77;2.08;0;0;0;0;0;0;0;0;0;0;0;0;0;0;0;1212;25;Y;Y;Y;N;N;N;N
352213;7051;7057;2018;complete;2521;1;-1;-1,-1,-1,-1;;4;0;4;-1;-1;-1;-1;-1;-1;-1;-1;-1;-1;-1;-1;-1;-1;-1;-1;-1;-1;-1;-1;-1;0;0;0;0;0;0;0;0;0;0;0;0;0;0;0;0;0;0;0;0;0;0;0;0;0;0;0;0;0;0;0;0;0;0;0;0;0;0;0;0;0;0;0;0;0;0;0;0;0;0;0;0;0;0;0;0;0;0;0;0;0;0;0;0;0;0;0;0;4;0;0;0;0;0;0;2018-04-21 12:00:00;7051;0;0;0;0;1;-1;-1;-1;-1;-1;-1;-1;-1;-1;-1;-1;-1;-1;-1;-1;0;0;0;0;0;0;0;-1;-1;-1;-1;-1;-1;-1;-1;-1;-1;-1;-1;-1;-1;-1;-1;-1;-1;-1;-1;-1;-1;-1;0;0;0;0;0;0;0;0;0;0;0;0;0;Tukums;Smiltene;2;1.18;0;0;0;0;0;0;0;0;0;0;0;0;0;0;0;1212;22;Y;Y;Y;Y;N;N;N
352214;7053;7058;2018;complete;2521;1;-1;-1;-1,-1,-1;1;3;4;-1;-1;-1;-1;-1;-1;-1;-1;-1;-1;-1;-1;-1;-1;-1;-1;-1;-1;-1;-1;-1;0;0;0;0;0;0;0;0;0;0;0;0;0;0;0;0;0;0;0;0;0;0;0;0;0;0;0;0;0;0;0;0;0;0;0;0;0;0;0;0;0;0;0;0;0;0;0;0;0;0;0;0;0;0;0;0;0;0;0;0;0;0;0;0;0;0;0;0;4;0;0;0;0;0;0;2018-04-21 13:00:00;7058;0;0;0;0;1;-1;-1;-1;-1;-1;-1;-1;-1;-1;-1;-1;-1;-1;-1;-1;0;0;0;0;0;0;0;-1;-1;-1;-1;-1;-1;-1;-1;-1;-1;-1;-1;-1;-1;-1;-1;-1;-1;-1;-1;-1;-1;-1;0;0;0;0;0;0;0;0;0;0;0;0;0;RTU;Auda;1.18;1.73;0;0;0;0;0;0;0;0;0;0;0;0;0;0;0;1212;22;Y;Y;Y;Y;N;N;Y
352215;7056;7054;2018;complete;2521;1;-1;-1,-1,-1,-1,-1;-1;5;1;6;-1;-1;-1;-1;-1;-1;-1;-1;-1;-1;-1;-1;-1;-1;-1;-1;-1;-1;-1;-1;-1;0;0;0;0;0;0;0;0;0;0;0;0;0;0;0;0;0;0;0;0;0;0;0;0;0;0;0;0;0;0;0;0;0;0;0;0;0;0;0;0;0;0;0;0;0;0;0;0;0;0;0;0;0;0;0;0;0;0;0;0;0;0;0;0;0;0;0;0;6;0;0;0;0;0;0;2018-04-21 15:30:00;7056;0;0;0;0;1;-1;-1;-1;-1;-1;-1;-1;-1;-1;-1;-1;-1;-1;-1;-1;0;0;0;0;0;0;0;-1;-1;-1;-1;-1;-1;-1;-1;-1;-1;-1;-1;-1;-1;-1;-1;-1;-1;-1;-1;-1;-1;-1;0;0;0;0;0;0;0;0;0;0;0;0;0;Rēzekne / BJSS;Balvu;2.08;0.64;0;0;0;0;0;0;0;0;0;0;0;0;0;0;0;1212;22;Y;Y;Y;Y;Y;Y;Y
352216;7055;7050;2018;complete;2521;1;-1;-1,-1,-1;-1,-1;3;2;5;-1;-1;-1;-1;-1;-1;-1;-1;-1;-1;-1;-1;-1;-1;-1;-1;-1;-1;-1;-1;-1;0;0;0;0;0;0;0;0;0;0;0;0;0;0;0;0;0;0;0;0;0;0;0;0;0;0;0;0;0;0;0;0;0;0;0;0;0;0;0;0;0;0;0;0;0;0;0;0;0;0;0;0;0;0;0;0;0;0;0;0;0;0;0;0;0;0;0;0;5;0;0;0;0;0;0;2018-04-22 12:00:00;7055;0;0;0;0;1;-1;-1;-1;-1;-1;-1;-1;-1;-1;-1;-1;-1;-1;-1;-1;0;0;0;0;0;0;0;-1;-1;-1;-1;-1;-1;-1;-1;-1;-1;-1;-1;-1;-1;-1;-1;-1;-1;-1;-1;-1;-1;-1;0;0;0;0;0;0;0;0;0;0;0;0;0;JDFS Alberts;Grobiņa;1.27;0.73;0;0;0;0;0;0;0;0;0;0;0;0;0;0;0;1212;22;Y;Y;Y;Y;Y;N;Y
352217;7058;7055;2018;complete;2521;2;-1;11,30,55,90;74;4;1;5;5;4;9;-1;-1;0;4;0;0;8;3;6;3;14;6;-1;-1;50;50;0;4;2.2;3.95;2.4;0;0;0;0;0;0;0;0;0;0;0;0;0;0;0;0;0;0;0;0;0;0;0;0;0;0;0;0;0;0;0;0;0;0;0;0;0;0;0;0;0;0;0;0;0;0;0;0;0;0;0;0;0;0;0;0;0;0;0;0;0;0;0;0;0;5;2;0;2;1;3;2;2018-04-28 11:00:00;7058;0;0;0;0;0;1;1;1;1;4;3;2;7;0;2;0;2;2;2;1;0;0;0;0;1.94;1.2;3.14;0;0;0;0;0;0;1;1;0;0;0;1;0;0;-1;-1;-1;-1;-1;-1;-1;-1;-1;0;0;0;0;0;0;0;0;0;0;0;0;0;Auda;JDFS Alberts;1.64;1.27;0;0;3;3;0;0;0;0;0;0;0;0;0;0;0;1212;22;Y;Y;Y;Y;Y;N;Y
352218;7052;7051;2018;complete;2521;2;-1;;-1,-1,-1,-1;0;4;4;-1;-1;-1;-1;-1;-1;-1;-1;-1;-1;-1;-1;-1;-1;-1;-1;-1;-1;-1;-1;-1;0;0;0;0;0;0;0;0;0;0;0;0;0;0;0;0;0;0;0;0;0;0;0;0;0;0;0;0;0;0;0;0;0;0;0;0;0;0;0;0;0;0;0;0;0;0;0;0;0;0;0;0;0;0;0;0;0;0;0;0;0;0;0;0;0;0;0;0;4;0;0;0;0;0;0;2018-04-28 11:00:00;7051;0;0;0;0;1;-1;-1;-1;-1;-1;-1;-1;-1;-1;-1;-1;-1;-1;-1;-1;0;0;0;0;0;0;0;-1;-1;-1;-1;-1;-1;-1;-1;-1;-1;-1;-1;-1;-1;-1;-1;-1;-1;-1;-1;-1;-1;-1;0;0;0;0;0;0;0;0;0;0;0;0;0;Staiceles Bebri;Tukums;0.45;2.08;0;0;0;3;0;0;0;0;0;0;0;0;0;0;0;1212;22;Y;Y;Y;Y;N;N;N
352219;7050;1091;2018;complete;2521;2;-1;-1,-1;-1,-1,-1,-1;2;4;6;-1;-1;-1;-1;-1;-1;-1;-1;-1;-1;-1;-1;-1;-1;-1;-1;-1;-1;-1;-1;-1;0;0;0;0;0;0;0;0;0;0;0;0;0;0;0;0;0;0;0;0;0;0;0;0;0;0;0;0;0;0;0;0;0;0;0;0;0;0;0;0;0;0;0;0;0;0;0;0;0;0;0;0;0;0;0;0;0;0;0;0;0;0;0;0;0;0;0;0;6;0;0;0;0;0;0;2018-04-28 12:00:00;1091;0;0;0;0;1;-1;-1;-1;-1;-1;-1;-1;-1;-1;-1;-1;-1;-1;-1;-1;0;0;0;0;0;0;0;-1;-1;-1;-1;-1;-1;-1;-1;-1;-1;-1;-1;-1;-1;-1;-1;-1;-1;-1;-1;-1;-1;-1;0;0;0;0;0;0;0;0;0;0;0;0;0;Grobiņa;BFC Daugavpils;1.09;2.58;0;0;0;3;0;0;0;0;0;0;0;0;0;0;0;1212;22;Y;Y;Y;Y;Y;Y;Y
352220;7056;7049;2018;complete;2521;2;-1;-1,-1,-1,-1;;4;0;4;-1;-1;-1;-1;-1;-1;-1;-1;-1;-1;-1;-1;-1;-1;-1;-1;-1;-1;-1;-1;-1;0;0;0;0;0;0;0;0;0;0;0;0;0;0;0;0;0;0;0;0;0;0;0;0;0;0;0;0;0;0;0;0;0;0;0;0;0;0;0;0;0;0;0;0;0;0;0;0;0;0;0;0;0;0;0;0;0;0;0;0;0;0;0;0;0;0;0;0;4;0;0;0;0;0;0;2018-04-28 13:00:00;7056;0;50;0;0;1;-1;-1;-1;-1;-1;-1;-1;-1;-1;-1;-1;-1;-1;-1;-1;0;0;0;0;0;0;0;-1;-1;-1;-1;-1;-1;-1;-1;-1;-1;-1;-1;-1;-1;-1;-1;-1;-1;-1;-1;-1;-1;-1;50;50;50;50;50;0;0;0;0;0;0;0;3;Rēzekne / BJSS;Preilu BJSS;2.08;0.82;3;0;3;0;0;0;0;0;0;0;0;0;0;0;0;1212;22;Y;Y;Y;Y;N;N;N
352221;7054;7053;2018;complete;2521;2;-1;-1;-1,-1,-1,-1,-1,-1,-1;1;7;8;-1;-1;-1;-1;-1;-1;-1;-1;-1;-1;-1;-1;-1;-1;-1;-1;-1;-1;-1;-1;-1;0;0;0;0;0;0;0;0;0;0;0;0;0;0;0;0;0;0;0;0;0;0;0;0;0;0;0;0;0;0;0;0;0;0;0;0;0;0;0;0;0;0;0;0;0;0;0;0;0;0;0;0;0;0;0;0;0;0;0;0;0;0;0;0;0;0;0;0;8;0;0;0;0;0;0;2018-04-28 14:00:00;7053;0;0;0;0;1;-1;-1;-1;-1;-1;-1;-1;-1;-1;-1;-1;-1;-1;-1;-1;0;0;0;0;0;0;0;-1;-1;-1;-1;-1;-1;-1;-1;-1;-1;-1;-1;-1;-1;-1;-1;-1;-1;-1;-1;-1;-1;-1;0;0;0;0;0;0;0;0;0;0;0;0;0;Balvu;RTU;0.45;2;0;0;0;0;0;0;0;0;0;0;0;0;0;0;0;1212;22;Y;Y;Y;Y;Y;Y;Y
352222;7048;7057;2018;complete;2521;2;-1;77;;1;0;1;7;9;16;-1;-1;5;2;0;0;6;4;7;5;13;9;-1;-1;50;50;5;2;1.17;5.85;10.75;0;0;0;0;0;0;0;0;0;0;0;0;0;0;0;0;0;0;0;0;0;0;0;0;0;0;0;0;0;0;0;0;0;0;0;0;0;0;0;0;0;0;0;0;0;0;0;0;0;0;0;0;0;0;0;0;0;0;0;0;0;0;0;0;0;1;0;0;1;0;1;0;2018-04-29 16:00:00;7048;0;0;0;0;0;1;1;4;5;3;4;9;7;1;0;4;2;1;6;1;0;0;0;0;1.84;1.19;3.03;0;0;0;0;0;0;1;1;0;0;1;0;1;0;-1;-1;-1;-1;-1;-1;-1;-1;-1;0;50;50;50;50;0;0;0;0;0;0;0;2;Super Nova;Smiltene;2.62;1.18;0;0;0;0;50;0;0;0;0;0;0;0;0;0;0;1212;22;Y;N;N;N;N;N;N
352223;7057;7050;2018;complete;2521;3;-1;28,45,55,59,67;15,38,90;5;3;8;3;13;16;-1;-1;1;1;0;0;6;5;3;8;9;13;-1;-1;50;50;1;1;3.4;4.45;1.65;0;0;0;0;0;0;0;0;0;0;0;0;0;0;0;0;0;0;0;0;0;0;0;0;0;0;0;0;0;0;0;0;0;0;0;0;0;0;0;0;0;0;0;0;0;0;0;0;0;0;0;0;0;0;0;0;0;0;0;0;0;0;0;0;0;8;2;2;3;1;4;4;2018-05-05 12:00:00;7057;0;50;0;0;0;1;1;2;1;1;12;3;13;1;0;0;1;1;1;1;0;0;0;0;1.3;1.83;3.13;0;0;0;0;0;0;1;1;0;0;0;0;0;0;-1;-1;-1;-1;-1;-1;-1;-1;-1;50;50;50;50;50;0;0;0;0;0;0;0;2.5;Smiltene;Grobiņa;1.82;0.73;0;0;0;0;0;0;0;0;0;0;0;0;0;0;0;1212;22;Y;Y;Y;Y;Y;Y;Y
352224;7056;7052;2018;complete;2521;3;-1;-1,-1,-1,-1;;4;0;4;-1;-1;-1;-1;-1;-1;-1;-1;-1;-1;-1;-1;-1;-1;-1;-1;-1;-1;-1;-1;-1;0;0;0;0;0;0;0;0;0;0;0;0;0;0;0;0;0;0;0;0;0;0;0;0;0;0;0;0;0;0;0;0;0;0;0;0;0;0;0;0;0;0;0;0;0;0;0;0;0;0;0;0;0;0;0;0;0;0;0;0;0;0;0;0;0;0;0;0;4;0;0;0;0;0;0;2018-05-05 13:00:00;7056;0;25;0;0;1;-1;-1;-1;-1;-1;-1;-1;-1;-1;-1;-1;-1;-1;-1;-1;0;0;0;0;0;0;0;-1;-1;-1;-1;-1;-1;-1;-1;-1;-1;-1;-1;-1;-1;-1;-1;-1;-1;-1;-1;-1;-1;-1;25;50;50;50;50;0;0;0;0;0;0;0;2.5;Rēzekne / BJSS;Staiceles Bebri;2.08;0.45;3;0;3;0;25;0;0;0;0;0;0;0;0;0;0;1212;22;Y;Y;Y;Y;N;N;N
352225;7054;7055;2018;complete;2521;3;-1;-1;-1;1;1;2;-1;-1;-1;-1;-1;-1;-1;-1;-1;-1;-1;-1;-1;-1;-1;-1;-1;-1;-1;-1;-1;0;0;0;0;0;0;0;0;0;0;0;0;0;0;0;0;0;0;0;0;0;0;0;0;0;0;0;0;0;0;0;0;0;0;0;0;0;0;0;0;0;0;0;0;0;0;0;0;0;0;0;0;0;0;0;0;0;0;0;0;0;0;0;0;0;0;0;0;2;0;0;0;0;0;0;2018-05-05 13:00:00;-1;0;100;0;50;1;-1;-1;-1;-1;-1;-1;-1;-1;-1;-1;-1;-1;-1;-1;-1;0;0;0;0;0;0;0;-1;-1;-1;-1;-1;-1;-1;-1;-1;-1;-1;-1;-1;-1;-1;-1;-1;-1;-1;-1;-1;-1;-1;100;100;100;100;100;50;50;50;50;4;0;4;6.5;Balvu;JDFS Alberts;0.45;1.27;0;0;0;1.5;0;0;0;0;0;50;0;0;0;1.2;1.2;1212;22;Y;Y;N;N;N;N;Y
352226;7053;7049;2018;complete;2521;3;-1;-1;-1,-1;1;2;3;-1;-1;-1;-1;-1;-1;-1;-1;-1;-1;-1;-1;-1;-1;-1;-1;-1;-1;-1;-1;-1;0;0;0;0;0;0;0;0;0;0;0;0;0;0;0;0;0;0;0;0;0;0;0;0;0;0;0;0;0;0;0;0;0;0;0;0;0;0;0;0;0;0;0;0;0;0;0;0;0;0;0;0;0;0;0;0;0;0;0;0;0;0;0;0;0;0;0;0;3;0;0;0;0;0;0;2018-05-05 15:30:00;7049;0;50;0;0;1;-1;-1;-1;-1;-1;-1;-1;-1;-1;-1;-1;-1;-1;-1;-1;0;0;0;0;0;0;0;-1;-1;-1;-1;-1;-1;-1;-1;-1;-1;-1;-1;-1;-1;-1;-1;-1;-1;-1;-1;-1;-1;-1;0;100;100;100;100;0;0;0;0;0;0;0;4;RTU;Preilu BJSS;1.18;0.82;0;0;1.5;0;100;0;0;0;0;0;0;0;0;0;0;1212;22;Y;Y;Y;N;N;N;Y
352227;7048;7051;2018;complete;2521;3;-1;-1;;1;0;1;-1;-1;-1;-1;-1;-1;-1;-1;-1;-1;-1;-1;-1;-1;-1;-1;-1;-1;-1;-1;-1;0;0;0;0;0;0;0;0;0;0;0;0;0;0;0;0;0;0;0;0;0;0;0;0;0;0;0;0;0;0;0;0;0;0;0;0;0;0;0;0;0;0;0;0;0;0;0;0;0;0;0;0;0;0;0;0;0;0;0;0;0;0;0;0;0;0;0;0;1;0;0;0;0;0;0;2018-05-05 15:00:00;7048;0;0;0;0;1;-1;-1;-1;-1;-1;-1;-1;-1;-1;-1;-1;-1;-1;-1;-1;0;0;0;0;0;0;0;-1;-1;-1;-1;-1;-1;-1;-1;-1;-1;-1;-1;-1;-1;-1;-1;-1;-1;-1;-1;-1;-1;-1;0;50;50;50;100;0;0;50;0;7;0;5;2.5;Super Nova;Tukums;2.62;2.08;3;3;1.5;3;100;50;50;50;0;50;50;50;1.84;0;1.84;1212;25;Y;N;N;N;N;N;N
352228;1091;7058;2018;complete;2521;3;-1;11,42,64,72,82,86;;6;0;6;8;0;8;-1;-1;1;0;0;0;8;5;5;6;13;11;-1;-1;50;50;1;0;1.32;5.25;6;0;0;0;0;0;0;0;0;0;0;0;0;0;0;0;0;0;0;0;0;0;0;0;0;0;0;0;0;0;0;0;0;0;0;0;0;0;0;0;0;0;0;0;0;0;0;0;0;0;0;0;0;0;0;0;0;0;0;0;0;0;0;0;0;0;6;2;0;4;0;4;2;2018-05-06 11:00:00;1091;0;50;0;0;0;1;1;6;0;2;0;6;2;0;0;1;0;0;1;1;79;52;98;94;1.95;1.42;3.37;0;0;0;0;0;0;1;1;0;0;0;0;0;0;-1;-1;-1;-1;-1;-1;-1;-1;-1;0;50;100;100;100;0;0;0;0;0;0;0;3.5;BFC Daugavpils;Auda;2.77;1.73;3;3;3;3;100;50;0;0;0;0;0;0;0;0;0;1212;22;Y;Y;Y;Y;Y;Y;N
352229;7058;7057;2018;complete;2521;4;-1;22;37,45,63;1;3;4;2;1;3;-1;-1;2;2;0;0;4;5;5;5;9;10;-1;-1;50;50;2;2;2.35;3.55;2.4;0;0;0;0;0;0;0;0;0;0;0;0;0;0;0;0;0;0;0;0;0;0;0;0;0;0;0;0;0;0;0;0;0;0;0;0;0;0;0;0;0;0;0;0;0;0;0;0;0;0;0;0;0;0;0;0;0;0;0;0;0;0;0;0;0;4;1;2;0;1;1;3;2018-05-12 11:00:00;7057;0;50;0;50;0;1;1;1;1;1;0;2;1;1;1;1;1;2;2;1;0;0;0;0;1.37;1.33;2.7;0;0;0;0;0;0;1;1;0;0;0;0;0;0;-1;-1;-1;-1;-1;-1;-1;-1;-1;50;75;75;75;100;50;50;75;50;14;0;2;3.75;Auda;Smiltene;1.64;1.18;3;0;2;1;50;25;25;25;0;100;50;50;1.94;1.19;3.13;1212;22;Y;Y;Y;Y;N;N;Y
352230;7055;7049;2018;complete;2521;4;-1;9,69;80;2;1;3;6;9;15;-1;-1;4;1;1;0;5;7;11;6;16;13;-1;-1;50;50;6;1;1.32;5.85;5.05;0;0;0;0;0;0;0;0;0;0;0;0;0;0;0;0;0;0;0;0;0;0;0;0;0;0;0;0;0;0;0;0;0;0;0;0;0;0;0;0;0;0;0;0;0;0;0;0;0;0;0;0;0;0;0;0;0;0;0;0;0;0;0;0;0;3;1;0;1;1;2;1;2018-05-12 11:00:00;7055;0;75;0;0;0;1;1;3;3;3;6;6;9;0;0;5;1;0;6;1;71;96;113;141;1.87;2.01;3.88;0;0;0;0;0;0;1;1;1;0;0;1;0;0;-1;-1;-1;-1;-1;-1;-1;-1;-1;50;75;100;100;100;0;0;0;0;0;0;0;4.25;JDFS Alberts;Preilu BJSS;1.27;0.82;3;1.5;1.33;1.5;50;25;0;0;0;0;0;0;0;0;0;1212;22;Y;Y;Y;N;N;N;Y
352231;7051;7050;2018;complete;2521;4;-1;19,79;;2;0;2;7;1;8;-1;-1;1;1;0;0;5;5;11;4;16;9;-1;-1;50;50;1;1;1.83;4.55;2.8;0;0;0;0;0;0;0;0;0;0;0;0;0;0;0;0;0;0;0;0;0;0;0;0;0;0;0;0;0;0;0;0;0;0;0;0;0;0;0;0;0;0;0;0;0;0;0;0;0;0;0;0;0;0;0;0;0;0;0;0;0;0;0;0;0;2;1;0;1;0;1;1;2018-05-12 12:00:00;7051;0;50;50;50;0;1;1;5;1;2;0;6;2;0;0;1;1;0;2;1;0;0;0;0;1.98;1.31;3.29;0;0;0;0;0;0;1;1;0;0;1;0;0;0;-1;-1;-1;-1;-1;-1;-1;-1;-1;50;100;100;100;100;25;25;25;25;13;0;1;5.25;Tukums;Grobiņa;2;0.73;3;0;2;0;50;0;0;0;0;50;50;50;0;1.83;1.83;1212;22;Y;Y;N;N;N;N;N
352232;7056;7053;2018;complete;2521;4;-1;-1,-1,-1;;3;0;3;2;8;10;-1;-1;-1;-1;-1;-1;5;9;3;9;8;18;-1;-1;50;50;-1;-1;2.2;4.4;2.25;0;0;1.35;1.83;0;0;0;2.95;1.91;0;0;0;0;0;0;0;1.51;1.14;1.51;2.85;2.71;2.56;0;0;0;0;0;0;0;0;0;0;0;0;0;0;0;0;0;0;0;0;0;0;0;0;0;0;0;0;0;0;0;0;1.82;0;0;0;1.86;0;0;0;0;0;0;3;0;0;0;0;0;0;2018-05-12 13:00:00;7056;0;67;0;0;1;1;-1;2;4;0;4;6;4;-1;-1;-1;-1;-1;-1;1;0;0;0;0;1.37;2.37;3.74;-1;-1;-1;-1;-1;-1;-1;-1;-1;-1;0;0;-1;-1;-1;-1;-1;-1;-1;-1;-1;-1;-1;67;100;100;100;100;0;0;0;0;0;0;0;6.34;Rēzekne / BJSS;RTU;2.08;2;3;3;3;1;34;0;0;0;0;0;0;0;0;0;0;1212;22;Y;Y;Y;N;N;N;N
352233;7052;7048;2018;complete;2521;4;-1;-1,-1;-1;2;1;3;-1;-1;-1;-1;-1;-1;-1;-1;-1;-1;-1;-1;-1;-1;-1;-1;-1;-1;-1;-1;-1;0;0;0;0;0;0;0;0;0;0;0;0;0;0;0;0;0;0;0;0;0;0;0;0;0;0;0;0;0;0;0;0;0;0;0;0;0;0;0;0;0;0;0;0;0;0;0;0;0;0;0;0;0;0;0;0;0;0;0;0;0;0;0;0;0;0;0;0;3;0;0;0;0;0;0;2018-05-12 14:00:00;7052;0;0;0;0;1;-1;-1;-1;-1;-1;-1;-1;-1;-1;-1;-1;-1;-1;-1;-1;0;0;0;0;0;0;0;-1;-1;-1;-1;-1;-1;-1;-1;-1;-1;-1;-1;-1;-1;-1;-1;-1;-1;-1;-1;-1;-1;-1;0;50;100;100;100;0;0;0;0;0;0;0;3.5;Staiceles Bebri;Super Nova;0.45;2.08;0;0;0;2;100;50;0;0;0;0;0;0;0;0;0;1212;22;Y;Y;Y;N;N;N;Y
352234;7054;1091;2018;complete;2521;4;-1;;-1,-1,-1,-1,-1,-1,-1,-1,-1,-1,-1,-1,-1,-1,-1;0;15;15;-1;-1;-1;-1;-1;-1;-1;-1;-1;-1;-1;-1;-1;-1;-1;-1;-1;-1;-1;-1;-1;0;0;0;0;0;0;0;0;0;0;0;0;0;0;0;0;0;0;0;0;0;0;0;0;0;0;0;0;0;0;0;0;0;0;0;0;0;0;0;0;0;0;0;0;0;0;0;0;0;0;0;0;0;0;0;0;0;0;0;0;0;0;0;0;0;0;0;0;15;0;0;0;0;0;0;2018-05-12 14:00:00;1091;0;100;0;0;1;-1;-1;-1;-1;-1;-1;-1;-1;-1;-1;-1;-1;-1;-1;-1;0;0;0;0;0;0;0;-1;-1;-1;-1;-1;-1;-1;-1;-1;-1;-1;-1;-1;-1;-1;-1;-1;-1;-1;-1;-1;-1;-1;75;75;75;100;100;0;0;0;0;0;0;0;5.5;Balvu;BFC Daugavpils;0.45;2.58;0.5;3;0.33;3;25;25;25;0;0;0;0;0;0;0;0;1212;22;Y;Y;Y;Y;Y;Y;N
352235;7057;7054;2018;complete;2521;5;-1;-1,-1,-1,-1,-1,-1;-1;6;1;7;-1;-1;-1;-1;-1;-1;-1;-1;-1;-1;-1;-1;-1;-1;-1;-1;-1;-1;-1;-1;-1;0;0;0;0;0;0;0;0;0;0;0;0;0;0;0;0;0;0;0;0;0;0;0;0;0;0;0;0;0;0;0;0;0;0;0;0;0;0;0;0;0;0;0;0;0;0;0;0;0;0;0;0;0;0;0;0;0;0;0;0;0;0;0;0;0;0;0;0;7;0;0;0;0;0;0;2018-05-19 11:00:00;7057;0;100;50;50;1;-1;-1;-1;-1;-1;-1;-1;-1;-1;-1;-1;-1;-1;-1;-1;0;0;0;0;0;0;0;-1;-1;-1;-1;-1;-1;-1;-1;-1;-1;-1;-1;-1;-1;-1;-1;-1;-1;-1;-1;-1;-1;-1;100;100;100;100;100;50;50;50;50;3;0;1;7;Smiltene;Balvu;1.82;0.64;3;0;1.5;0.25;0;0;0;0;0;50;50;50;1.3;0;1.3;1212;22;Y;Y;Y;Y;Y;Y;Y
352236;7058;7051;2018;complete;2521;5;-1;16;46,48,49;1;3;4;0;13;13;-1;-1;4;2;0;0;2;6;4;5;6;11;-1;-1;50;50;4;2;4.35;4.15;1.53;0;0;0;1.92;0;0;0;0;1.82;0;0;0;0;0;0;0;2.18;1.15;1.14;4.5;2.63;1.97;0;0;0;0;0;0;0;0;0;0;0;0;0;0;0;0;0;0;0;0;0;0;0;0;0;0;0;0;0;0;0;0;1.89;0;0;0;1.79;0;0;0;0;0;0;4;1;0;0;3;3;1;2018-05-19 11:00:00;7051;0;50;25;25;0;1;1;0;5;0;8;5;8;1;1;3;1;2;4;1;0;0;0;0;0.8;1.59;2.39;0;0;0;0;0;0;1;1;0;0;0;1;0;0;-1;-1;-1;-1;-1;-1;-1;-1;-1;25;75;75;75;100;50;50;50;25;3.5;0;1;3.5;Auda;Tukums;1.64;2.08;1.5;1.5;1.5;2.25;75;25;25;25;0;25;0;0;1.66;0;1.66;1212;22;Y;Y;Y;Y;N;N;Y
352237;7055;7056;2018;complete;2521;5;-1;-1,-1;-1;2;1;3;3;5;8;-1;-1;-1;-1;-1;-1;2;2;0;0;2;2;-1;-1;50;50;-1;-1;2.25;3.7;2.4;0;0;0;0;2.38;0;0;0;0;1.54;0;0;0;0;0;0;1.41;1.19;1.54;2.6;2.61;2.91;0;0;0;0;0;0;0;0;0;0;0;0;0;0;0;0;0;0;0;0;0;0;0;0;0;0;0;0;0;0;0;0;1.64;0;0;0;2.1;0;0;0;0;0;0;3;0;0;0;0;0;0;2018-05-19 13:00:00;7055;0;50;0;50;1;1;-1;3;5;0;0;8;0;-1;-1;-1;-1;-1;-1;1;0;0;0;0;0.36;0.43;0.79;-1;-1;-1;-1;-1;-1;-1;-1;-1;-1;0;2;-1;-1;-1;-1;-1;-1;-1;-1;-1;-1;-1;25;25;50;50;50;0;25;25;25;6;0;6;2;JDFS Alberts;Rēzekne / BJSS;1.27;1.08;3;0;1.75;3;25;25;0;0;0;50;50;50;1.87;0;1.87;1212;22;Y;Y;Y;N;N;N;Y
352238;7053;7052;2018;complete;2521;5;-1;14,19,24,40,42,45,51,63,72,81,90;35;11;1;12;14;4;18;-1;-1;1;4;0;0;19;4;8;2;27;6;-1;-1;50;50;1;4;1.24;5.85;7;0;0;0;0;0;0;0;0;0;0;0;0;0;0;0;0;0;0;0;0;0;0;0;0;0;0;0;0;0;0;0;0;0;0;0;0;0;0;0;0;0;0;0;0;0;0;0;0;0;0;0;0;0;0;0;0;0;0;0;0;0;0;0;0;0;12;6;1;5;0;5;7;2018-05-19 14:00:00;7053;0;50;0;0;0;1;1;8;1;6;3;9;9;0;1;1;3;1;4;1;0;0;0;0;3.92;1.07;4.99;0;0;0;0;0;0;1;1;0;0;5;0;0;0;-1;-1;-1;-1;-1;-1;-1;-1;-1;0;75;100;100;100;0;0;0;0;0;0;0;3.75;RTU;Staiceles Bebri;1.18;0.45;0;0;0.75;1;100;25;0;0;0;0;0;0;0;0;0;1212;22;Y;Y;Y;Y;Y;Y;Y
352239;7049;1091;2018;complete;2521;5;-1;;17,61,69,79,86,90;0;6;6;3;5;8;-1;-1;1;0;1;0;4;10;4;8;8;18;-1;-1;50;50;3;0;0;0;0;0;0;0;0;0;0;0;0;0;0;0;0;0;0;0;0;0;0;0;0;0;0;0;0;0;0;0;0;0;0;0;0;0;0;0;0;0;0;0;0;0;0;0;0;0;0;0;0;0;0;0;0;0;0;0;0;0;0;0;0;0;0;0;0;0;6;0;1;0;5;5;1;2018-05-20 14:00:00;1091;0;25;0;0;0;1;1;3;2;0;3;5;3;1;0;1;0;1;1;1;41;63;93;118;1.09;2.29;3.38;0;0;0;0;0;0;1;1;0;0;1;1;0;0;-1;-1;-1;-1;-1;-1;-1;-1;-1;50;50;50;50;50;0;0;0;0;0;0;0;5.25;Preilu BJSS;BFC Daugavpils;0;2.58;0;3;1;3;0;0;0;0;0;0;0;0;0;0;0;1212;22;Y;Y;Y;Y;Y;Y;N
352240;7048;7050;2018;complete;2521;5;-1;10,12,33,45,66,69,85,90;82;8;1;9;10;2;12;-1;-1;2;3;0;0;12;6;9;8;21;14;-1;-1;50;50;2;3;0;0;0;0;0;0;0;0;0;0;0;0;0;0;0;0;0;0;0;0;0;0;0;0;0;0;0;0;0;0;0;0;0;0;0;0;0;0;0;0;0;0;0;0;0;0;0;0;0;0;0;0;0;0;0;0;0;0;0;0;0;0;0;0;0;0;0;0;9;4;0;4;1;5;4;2018-05-20 14:00:00;7048;0;34;25;25;0;1;1;4;1;6;1;5;7;1;2;1;1;3;2;1;0;0;0;0;2.73;1.67;4.39;0;0;0;0;0;0;1;1;1;0;0;1;0;0;-1;-1;-1;-1;-1;-1;-1;-1;-1;34;34;34;50;100;17;34;59;17;14;0;6;3;Super Nova;Grobiņa;2.62;0.73;3;0;1.5;0;67;67;67;50;0;75;75;75;1.84;1.57;3.41;1212;22;Y;Y;Y;Y;Y;Y;Y
352241;7058;7048;2018;complete;2521;6;-1;;8,50,84,88;0;4;4;3;5;8;-1;-1;4;2;0;0;4;6;4;7;8;13;-1;-1;50;50;4;2;3.7;3.95;1.67;0;0;0;0;0;0;0;0;0;0;0;0;0;0;0;0;0;0;0;0;0;0;0;0;0;0;0;0;0;0;0;0;0;0;0;0;0;0;0;0;0;0;0;0;0;0;0;0;0;0;0;0;0;0;0;0;0;0;0;0;0;0;0;0;0;4;0;1;0;3;3;1;2018-05-26 11:00:00;7048;0;75;17;17;0;1;1;3;2;0;3;5;3;2;1;2;1;3;3;1;0;0;0;0;1.22;1.68;2.9;0;0;0;0;0;0;1;1;0;1;1;0;0;0;-1;-1;-1;-1;-1;-1;-1;-1;-1;17;50;100;100;100;34;50;50;34;2.33;0;2;3.67;Auda;Super Nova;1.64;2.08;1;0;1.2;1.8;84;50;0;0;0;34;17;17;1.37;0;1.37;1212;22;Y;Y;Y;Y;N;N;N
352242;7052;7050;2018;complete;2521;6;-1;-1;-1,-1,-1,-1;1;4;5;-1;-1;-1;-1;-1;-1;-1;-1;-1;-1;-1;-1;-1;-1;-1;-1;-1;-1;-1;-1;-1;0;0;0;0;0;0;0;0;0;0;0;0;0;0;0;0;0;0;0;0;0;0;0;0;0;0;0;0;0;0;0;0;0;0;0;0;0;0;0;0;0;0;0;0;0;0;0;0;0;0;0;0;0;0;0;0;0;0;0;0;0;0;0;0;0;0;0;0;5;0;0;0;0;0;0;2018-05-26 13:00:00;7050;0;63;17;34;1;-1;-1;-1;-1;-1;-1;-1;-1;-1;-1;-1;-1;-1;-1;-1;0;0;0;0;0;0;0;-1;-1;-1;-1;-1;-1;-1;-1;-1;-1;-1;-1;-1;-1;-1;-1;-1;-1;-1;-1;-1;-1;-1;38;63;88;100;100;25;38;38;25;5.33;0;1.67;4.75;Staiceles Bebri;Grobiņa;0.45;0.73;1.5;0;0.75;0;63;38;13;0;0;34;34;34;0;1.6;1.6;1212;22;Y;Y;Y;Y;Y;N;Y
352243;7053;7055;2018;complete;2521;6;-1;56,90;30,83;2;2;4;11;0;11;-1;-1;1;2;0;0;9;3;6;4;15;7;-1;-1;50;50;1;2;1.51;5.3;3.65;0;0;1.3;0;0;0;0;3.25;0;0;0;0;0;0;0;0;0;0;0;2.01;2.93;3.68;0;0;0;0;0;0;0;0;0;0;0;0;0;0;0;0;0;0;0;0;0;0;0;0;0;0;0;0;0;0;0;0;0;0;0;0;0;0;0;0;0;0;0;4;0;1;2;1;3;1;2018-05-26 13:00:00;-1;0;100;50;50;0;1;1;3;0;8;0;3;8;0;0;1;2;0;3;1;114;38;159;97;2.41;0.94;3.34;0;0;0;0;0;0;1;1;0;0;0;0;0;0;-1;-1;-1;-1;-1;-1;-1;-1;-1;42;59;75;100;100;42;42;42;42;18;0;5;4.92;RTU;JDFS Alberts;1.18;1.27;1;0.5;1.2;2;59;42;25;0;0;100;50;50;3.92;1.2;5.12;1212;22;Y;Y;Y;Y;N;N;Y
352244;7054;7051;2018;complete;2521;6;-1;;-1;0;1;1;0;18;18;-1;-1;-1;-1;-1;-1;-1;-1;-1;-1;-1;-1;-1;-1;-1;-1;-1;-1;0;0;0;0;0;0;0;0;0;0;0;0;0;0;0;0;0;0;0;0;0;0;0;0;0;0;0;0;0;0;0;0;0;0;0;0;0;0;0;0;0;0;0;0;0;0;0;0;0;0;0;0;0;0;0;0;0;0;0;0;0;0;0;0;0;0;0;0;1;0;0;0;0;0;0;2018-05-26 12:00:00;7051;0;50;0;0;1;-1;-1;-1;-1;-1;-1;-1;-1;-1;-1;-1;-1;-1;-1;1;0;0;0;0;0;0;0;-1;-1;-1;-1;-1;-1;-1;-1;-1;-1;-1;-1;-1;-1;-1;-1;-1;-1;-1;-1;-1;-1;-1;34;67;67;84;100;0;17;17;17;13;0;2;5.67;Balvu;Tukums;0.45;2.08;0.33;2;0.2;2.4;67;33;33;17;0;50;50;50;0;1.59;1.59;1212;22;Y;N;N;N;N;N;N
352245;7056;1091;2018;complete;2521;6;-1;59;3;1;1;2;1;8;9;-1;-1;1;0;0;0;4;5;3;13;7;18;-1;-1;50;50;1;0;7;5.8;1.24;0;0;0;0;0;0;0;0;0;0;0;0;0;0;0;0;0;0;0;0;0;0;0;0;0;0;0;0;0;0;0;0;0;0;0;0;0;0;0;0;0;0;0;0;0;0;0;0;0;0;0;0;0;0;0;0;0;0;0;0;0;0;0;0;0;2;0;1;1;0;1;1;2018-05-26 14:00:00;-1;0;29;0;0;0;1;1;0;6;1;2;6;3;1;0;0;0;1;0;1;0;0;0;0;1;2.29;3.29;0;0;0;0;0;0;1;1;0;1;0;1;0;0;-1;-1;-1;-1;-1;-1;-1;-1;-1;63;88;100;100;100;0;17;17;17;7;0;0;6.63;Rēzekne / BJSS;BFC Daugavpils;2.08;2.58;3;3;2.4;3;38;13;0;0;0;50;50;0;1.37;2.29;3.66;1212;25;Y;Y;N;N;N;N;Y
352246;7049;7057;2018;complete;2521;6;-1;;30,34,39,67;0;4;4;9;5;14;-1;-1;2;0;0;0;2;7;3;5;5;12;-1;-1;50;50;2;0;0;0;0;0;0;0;0;0;0;0;0;0;0;0;0;0;0;0;0;0;0;0;0;0;0;0;0;0;0;0;0;0;0;0;0;0;0;0;0;0;0;0;0;0;0;0;0;0;0;0;0;0;0;0;0;0;0;0;0;0;0;0;0;0;0;0;0;0;4;0;3;0;1;1;3;2018-05-27 11:00:00;7057;0;17;25;0;0;1;1;3;4;6;1;7;7;1;0;1;0;1;1;1;0;0;0;0;1.13;1.57;2.7;0;0;0;0;0;0;1;1;0;0;1;2;1;0;-1;-1;-1;-1;-1;-1;-1;-1;-1;50;84;84;84;100;17;67;84;50;8;0;5;4.5;Preilu BJSS;Smiltene;0;1.18;0;1;0.75;1.8;50;17;17;17;0;25;25;25;1.09;1.26;2.35;1212;22;Y;Y;Y;Y;N;N;N
352247;7050;7058;2018;complete;2521;7;-1;;12,90;0;2;2;11;3;14;-1;-1;2;0;0;0;3;5;10;7;13;12;-1;-1;50;50;2;0;2.6;3.6;2.2;0;0;1.25;0;0;0;0;3.55;0;0;0;0;0;0;0;0;0;0;0;0;0;0;0;0;0;0;0;0;0;0;0;0;0;0;0;0;0;0;0;0;0;0;0;0;0;0;0;0;0;0;0;0;0;0;0;0;0;0;0;0;0;0;0;0;0;2;0;1;0;1;1;1;2018-06-02 12:00:00;7058;0;75;0;0;0;1;1;4;1;7;2;5;9;0;0;2;0;0;2;1;0;0;0;0;1.79;1.6;3.39;0;0;0;0;0;0;1;1;0;0;2;1;0;0;-1;-1;-1;-1;-1;-1;-1;-1;-1;75;100;100;100;100;25;25;25;25;0;0;0;5.5;Grobiņa;Auda;1.09;1.73;0;1.5;0.5;1;25;0;0;0;0;0;0;0;0;1.42;1.42;1212;22;Y;Y;N;N;N;N;N
352248;7055;7052;2018;complete;2521;7;-1;-1;-1;1;1;2;-1;-1;-1;-1;-1;-1;-1;-1;-1;-1;-1;-1;-1;-1;-1;-1;-1;-1;-1;-1;-1;0;0;0;0;0;0;0;0;0;0;0;0;0;0;0;0;0;0;0;0;0;0;0;0;0;0;0;0;0;0;0;0;0;0;0;0;0;0;0;0;0;0;0;0;0;0;0;0;0;0;0;0;0;0;0;0;0;0;0;0;0;0;0;0;0;0;0;0;2;0;0;0;0;0;0;2018-06-02 09:00:00;-1;0;75;50;50;1;-1;-1;-1;-1;-1;-1;-1;-1;-1;-1;-1;-1;-1;-1;-1;0;0;0;0;0;0;0;-1;-1;-1;-1;-1;-1;-1;-1;-1;-1;-1;-1;-1;-1;-1;-1;-1;-1;-1;-1;-1;-1;-1;42;67;100;100;100;25;42;42;42;8.5;0;10;5.84;JDFS Alberts;Staiceles Bebri;1.27;0.45;3;0;1.83;0.6;59;34;0;0;0;75;75;75;1.12;1.07;2.19;1212;22;Y;Y;N;N;N;N;Y
352249;1091;7053;2018;complete;2521;7;-1;59;51,67,71,82,89;1;5;6;7;3;10;-1;-1;2;2;0;0;3;10;6;6;9;16;-1;-1;50;50;2;2;1.28;5.65;6.05;0;0;0;0;0;0;0;0;0;0;0;0;0;0;0;0;0;0;0;0;0;0;0;0;0;0;0;0;0;0;0;0;0;0;0;0;0;0;0;0;0;0;0;0;0;0;0;0;0;0;0;0;0;0;0;0;0;0;0;0;0;0;0;0;0;6;0;0;1;5;6;0;2018-06-02 14:00:00;7053;0;25;0;0;0;1;1;4;1;3;2;5;5;0;0;2;2;0;4;1;69;58;109;108;1.28;2.13;3.41;0;0;0;0;0;0;1;1;0;0;1;0;0;0;-1;-1;-1;-1;-1;-1;-1;-1;-1;50;50;100;100;100;25;25;25;25;16;0;1;5;BFC Daugavpils;RTU;2.77;2;3;1.5;2.67;1.17;50;50;0;0;0;50;50;0;1.95;2.37;4.32;1212;22;Y;Y;Y;Y;Y;Y;Y
352250;7057;7056;2018;complete;2521;7;-1;-1,-1;-1,-1;2;2;4;-1;-1;-1;-1;-1;-1;-1;-1;-1;-1;-1;-1;-1;-1;-1;-1;-1;-1;-1;-1;-1;0;0;0;0;0;0;0;0;0;0;0;0;0;0;0;0;0;0;0;0;0;0;0;0;0;0;0;0;0;0;0;0;0;0;0;0;0;0;0;0;0;0;0;0;0;0;0;0;0;0;0;0;0;0;0;0;0;0;0;0;0;0;0;0;0;0;0;0;4;0;0;0;0;0;0;2018-06-02 14:00:00;-1;0;100;50;50;1;-1;-1;-1;-1;-1;-1;-1;-1;-1;-1;-1;-1;-1;-1;-1;0;0;0;0;0;0;0;-1;-1;-1;-1;-1;-1;-1;-1;-1;-1;-1;-1;-1;-1;-1;-1;-1;-1;-1;-1;-1;-1;-1;50;50;100;100;100;25;25;25;25;8;0;1;5.25;Smiltene;Rēzekne / BJSS;1.82;1.08;3;0;2;2.17;50;50;0;0;0;50;50;50;1.3;0.43;1.73;1212;22;Y;Y;Y;Y;N;N;Y
352251;7051;7049;2018;complete;2521;7;-1;2,45,64,82,86;51;5;1;6;10;2;12;-1;-1;1;1;0;0;10;6;4;3;14;9;-1;-1;50;50;1;1;1.14;7;9.75;0;0;0;0;0;0;0;0;0;0;0;0;0;0;0;0;0;0;0;0;0;0;0;0;0;0;0;0;0;0;0;0;0;0;0;0;0;0;0;0;0;0;0;0;0;0;0;0;0;0;0;0;0;0;0;0;0;0;0;0;0;0;0;0;0;6;2;0;3;1;4;2;2018-06-02 14:00:00;7051;0;34;0;50;0;1;1;6;0;4;2;6;6;0;0;1;1;0;2;1;0;0;0;0;2.03;1.26;3.29;0;0;0;0;0;0;1;1;1;0;1;0;0;0;-1;-1;-1;-1;-1;-1;-1;-1;-1;0;42;75;100;100;0;42;42;17;16;0;2;3.17;Tukums;Preilu BJSS;2;0.82;3;1;2.5;0.6;100;59;25;0;0;50;50;50;1.98;2.01;3.99;1212;22;Y;Y;Y;Y;Y;Y;Y
352252;7054;7048;2018;complete;2521;7;-1;;17,35,50,85;0;4;4;5;12;17;-1;-1;0;2;0;0;4;7;5;13;9;20;-1;-1;50;50;0;2;17.25;9.25;1.04;0;0;0;0;0;0;0;0;0;0;0;0;0;0;0;0;0;0;0;0;0;0;0;0;0;0;0;0;0;0;0;0;0;0;0;0;0;0;0;0;0;0;0;0;0;0;0;0;0;0;0;0;0;0;0;0;0;0;0;0;0;0;0;0;0;4;0;2;0;2;2;2;2018-06-02 14:00:00;7048;0;42;0;0;0;1;1;1;6;4;6;7;10;0;1;0;1;1;1;1;0;0;0;0;1.17;2.46;3.63;0;0;0;0;0;0;1;1;0;0;0;2;0;0;-1;-1;-1;-1;-1;-1;-1;-1;-1;25;42;75;88;100;0;17;17;17;5;0;2;4.92;Balvu;Super Nova;0.45;2.08;0.25;1;0.17;2;75;59;25;13;0;50;50;50;0;1.68;1.68;1212;22;Y;Y;Y;Y;N;N;N
352253;7055;1091;2018;complete;2521;8;-1;-1;-1,-1;1;2;3;2;7;9;-1;-1;-1;-1;-1;-1;-1;-1;-1;-1;-1;-1;-1;-1;-1;-1;-1;-1;6.75;4.7;1.32;0;0;0;0;0;0;0;0;0;0;0;0;0;0;0;0;0;0;0;0;0;0;0;0;0;0;0;0;0;0;0;0;0;0;0;0;0;0;0;0;0;0;0;0;0;0;0;0;0;0;0;0;0;0;0;0;0;0;0;0;0;0;0;0;0;3;0;0;0;0;0;0;2018-06-09 13:00:00;1091;0;75;0;50;1;1;-1;2;6;0;1;8;1;-1;-1;-1;-1;-1;-1;1;19;41;0;0;0;0;0;-1;-1;-1;-1;-1;-1;-1;-1;-1;-1;0;2;-1;-1;-1;-1;-1;-1;-1;-1;-1;-1;-1;50;50;75;100;100;0;38;38;25;11;0;6;5.25;JDFS Alberts;BFC Daugavpils;1.27;2.58;2.5;2.5;1.71;2.29;50;50;25;0;0;50;25;25;1.12;2.29;3.41;1212;22;Y;Y;Y;N;N;N;Y
352254;7054;7050;2018;complete;2521;8;-1;;;0;0;0;-1;-1;-1;-1;-1;-1;-1;-1;-1;-1;-1;-1;-1;-1;-1;-1;-1;-1;-1;-1;-1;3.9;4.5;1.56;0;0;0;0;0;0;0;0;0;0;0;0;0;0;0;0;0;0;0;0;0;0;0;0;0;0;0;0;0;0;0;0;0;0;0;0;0;0;0;0;0;0;0;0;0;0;0;0;0;0;0;0;0;0;0;0;0;0;0;0;0;0;0;0;0;0;0;0;0;0;0;0;2018-06-09 14:00:00;-1;0;60;17;34;0;-1;-1;-1;-1;-1;-1;-1;-1;-1;-1;-1;-1;-1;-1;-1;0;0;0;0;0;0;0;0;0;0;0;0;0;1;1;0;0;-1;-1;-1;-1;-1;-1;-1;-1;-1;-1;-1;-1;-1;60;70;70;90;100;30;40;40;30;7.83;0;1.67;5.9;Balvu;Grobiņa;0.45;0.73;0.2;0.6;0.14;0.43;40;30;30;10;0;84;84;84;1.17;1.6;2.77;1212;22;N;N;N;N;N;N;N
352255;7051;7056;2018;complete;2521;8;-1;7,55,71;24,78;3;2;5;8;3;11;-1;-1;2;4;0;0;4;4;7;4;11;8;-1;-1;50;50;2;4;1.65;4.25;3.55;0;0;1.3;1.78;0;0;0;3.2;1.97;0;0;0;0;0;0;0;0;0;0;2.17;2.63;3.7;0;0;0;0;0;0;0;0;0;0;0;0;0;0;0;0;0;0;0;0;0;0;0;0;0;0;0;0;0;0;0;0;1.79;0;0;0;1.89;0;0;0;0;0;0;5;1;1;2;1;3;2;2018-06-09 14:00:00;7051;0;67;0;25;0;1;1;3;2;5;1;5;6;1;1;1;3;2;4;1;0;0;0;0;1.54;1.18;2.73;0;0;0;0;0;0;1;1;1;0;1;0;0;0;-1;-1;-1;-1;-1;-1;-1;-1;-1;17;59;84;100;100;17;34;34;17;13.5;0;1;3.75;Tukums;Rēzekne / BJSS;2;1.08;3;0.5;2.57;2;84;42;17;0;0;25;25;25;2.01;0.43;2.44;1212;25;Y;Y;Y;Y;Y;N;Y
352256;7049;7048;2018;complete;2521;8;-1;;11,15,40,41,79,90;0;6;6;1;4;5;-1;-1;2;5;1;0;3;11;4;7;7;18;-1;-1;50;50;4;5;8.25;6.9;1.17;0;0;0;0;0;0;0;0;0;0;0;0;0;0;0;0;0;0;0;0;0;0;0;0;0;0;0;0;0;0;0;0;0;0;0;0;0;0;0;0;0;0;0;0;0;0;0;0;0;0;0;0;0;0;0;0;0;0;0;0;0;0;0;0;0;6;0;4;0;2;2;4;2018-06-10 11:00:00;7048;0;13;0;0;0;1;1;1;2;0;2;3;2;2;1;1;4;3;5;1;0;0;0;0;1.06;2.34;3.4;0;0;0;0;0;0;1;1;0;0;1;0;0;0;-1;-1;-1;-1;-1;-1;-1;-1;-1;25;75;100;100;100;38;75;75;50;14.5;0;4.5;4.25;Preilu BJSS;Super Nova;0;2.08;0;1.5;0.5;2.14;75;25;0;0;0;50;50;50;1.11;2.07;3.18;1212;22;Y;Y;Y;Y;Y;Y;N
352257;7052;7058;2018;complete;2521;8;-1;-1;-1;1;1;2;-1;-1;-1;-1;-1;-1;-1;-1;-1;-1;-1;-1;-1;-1;-1;-1;-1;-1;-1;-1;-1;0;0;0;0;0;0;0;0;0;0;0;0;0;0;0;0;0;0;0;0;0;0;0;0;0;0;0;0;0;0;0;0;0;0;0;0;0;0;0;0;0;0;0;0;0;0;0;0;0;0;0;0;0;0;0;0;0;0;0;0;0;0;0;0;0;0;0;0;2;0;0;0;0;0;0;2018-06-10 15:00:00;-1;0;50;0;0;1;-1;-1;-1;-1;-1;-1;-1;-1;-1;-1;-1;-1;-1;-1;-1;0;0;0;0;0;0;0;-1;-1;-1;-1;-1;-1;-1;-1;-1;-1;-1;-1;-1;-1;-1;-1;-1;-1;-1;-1;-1;-1;-1;33;67;84;100;100;17;34;34;17;1.5;0;0;4;Staiceles Bebri;Auda;0.45;1.73;1;2;0.67;1.29;67;33;17;0;0;25;25;25;0;1.51;1.51;1212;22;Y;Y;N;N;N;N;Y
352258;7049;7052;2018;complete;2521;1;-1;;83;0;1;1;10;3;13;-1;-1;1;2;0;1;2;4;16;8;18;12;-1;-1;58;42;1;4;1.59;4.4;3.8;0;0;0;0;0;0;0;0;0;0;0;0;0;0;0;0;0;0;0;0;0;0;0;0;0;0;0;0;0;0;0;0;0;0;0;0;0;0;0;0;0;0;0;0;0;0;0;0;0;0;0;0;0;0;0;0;0;0;0;0;0;0;0;0;0;1;0;0;0;1;1;0;2018-07-09 14:00:00;7052;0;34;50;0;0;1;1;8;2;2;1;10;3;0;1;1;2;1;3;1;81;60;113;85;1.86;1.47;3.33;0;0;0;0;0;0;1;1;0;0;1;1;0;0;-1;-1;-1;-1;-1;-1;-1;-1;-1;50;84;84;100;100;50;67;67;50;8.33;0;7;5.67;Preilu BJSS;Staiceles Bebri;0;0.45;0;0.33;0.43;0.71;50;17;17;0;0;67;67;67;1.1;1.07;2.17;1212;22;Y;N;N;N;N;N;N
352259;7055;7057;2018;complete;2521;9;-1;15,35,42,58,71,87,89;49,63;7;2;9;7;6;13;-1;-1;4;3;0;0;10;7;6;11;16;18;-1;-1;50;50;4;3;2.2;4.45;2.25;0;0;0;0;0;0;0;0;0;0;0;0;0;0;0;0;0;0;0;0;0;0;0;0;0;0;0;0;0;0;0;0;0;0;0;0;0;0;0;0;0;0;0;0;0;0;0;0;0;0;0;0;0;0;0;0;0;0;0;0;0;0;0;0;0;9;3;0;4;2;6;3;2018-07-14 10:00:00;7055;0;63;17;50;0;1;1;3;3;4;3;6;7;2;1;2;2;3;4;1;0;0;0;0;2.1;2.09;4.19;0;0;0;0;0;0;1;1;0;0;0;0;0;0;-1;-1;-1;-1;-1;-1;-1;-1;-1;10;48;78;88;100;25;35;48;10;8.67;0;7.33;3.23;JDFS Alberts;Smiltene;1.27;1.18;2;1.5;1.5;1.86;90;53;23;13;0;67;50;50;1.12;1.36;2.48;1212;22;Y;Y;Y;Y;Y;Y;Y
352260;7053;7051;2018;complete;2521;9;-1;31;15,44,66;1;3;4;10;4;14;-1;-1;2;0;1;0;8;5;10;3;18;8;-1;-1;50;50;4;0;1.49;4.95;4.25;1;1.05;1.23;1.62;2.45;34;8.5;3.55;2.1;1.5;1.34;3.1;0;0;0;0;0;0;0;0;0;0;0;0;0;0;0;0;0;0;0;0;0;0;0;0;0;0;0;0;1.57;34;2.4;0;0;0;0;0;0;0;0;0;0;0;0;0;0;0;0;0;0;0;0;0;0;4;1;2;0;1;1;3;2018-07-14 14:00:00;7051;0;63;25;25;0;1;1;6;1;4;3;7;7;1;0;2;0;1;2;1;0;0;0;0;2.63;1.4;4.03;0;0;0;0;0;0;1;1;0;0;2;0;0;0;-1;-1;-1;-1;-1;-1;-1;-1;-1;13;63;75;75;100;13;38;38;38;28;0;3;4.13;RTU;Tukums;1.18;2.08;1;2.25;1.43;2.63;88;38;25;25;0;100;100;100;3.16;1.59;4.75;1212;22;Y;Y;Y;Y;N;N;Y
352261;1091;7052;2018;complete;2521;9;-1;28,48,57,62,69,72,85,90;;8;0;8;9;1;10;-1;-1;1;4;0;0;15;4;9;3;24;7;-1;-1;50;50;1;4;0;0;0;1;1.02;1.16;1.45;0;0;0;0;0;0;2.3;1.59;0;0;0;0;0;0;0;0;0;0;0;0;0;0;0;0;0;0;0;0;0;0;0;0;0;0;0;0;0;0;0;0;0;0;0;0;0;0;0;0;0;0;0;0;0;0;0;0;0;0;0;0;0;8;1;0;7;0;7;1;2018-07-14 14:00:00;1091;0;42;25;25;0;1;1;6;1;3;0;7;3;1;1;0;3;2;3;1;0;0;0;0;3.26;0.86;4.12;0;0;0;0;0;0;1;1;0;0;1;0;0;0;-1;-1;-1;-1;-1;-1;-1;-1;-1;46;59;75;88;100;29;29;59;46;11;0;5.5;4.88;BFC Daugavpils;Staiceles Bebri;2.77;0.45;2;1;2.38;1;54;42;25;13;0;75;75;50;1.62;1.27;2.89;1212;22;Y;Y;Y;Y;Y;Y;N
352262;7050;7049;2018;complete;2521;9;-1;16,20,27,28,90;35,74;5;2;7;4;8;12;-1;-1;2;0;0;0;9;12;10;11;19;23;-1;-1;50;50;2;0;1.51;4.8;4.1;1;1.04;1.21;1.59;0;0;0;0;0;0;1.32;3.25;0;0;0;0;0;0;0;0;0;0;0;0;0;0;0;0;0;0;0;0;0;0;0;0;0;0;0;0;0;0;0;0;0;0;0;0;0;0;0;0;0;0;0;0;0;0;0;0;0;0;0;0;0;7;4;1;1;1;2;5;2018-07-14 14:00:00;7050;0;63;0;50;0;1;1;2;2;2;6;4;8;1;0;1;0;1;1;1;0;0;0;0;2.18;2.79;4.98;0;0;0;0;0;0;1;1;0;0;0;2;0;0;-1;-1;-1;-1;-1;-1;-1;-1;-1;38;50;75;100;100;13;50;50;25;16.5;0;3;4;Grobiņa;Preilu BJSS;1.09;0.82;0;0.75;0.5;0.38;63;50;25;0;0;100;100;100;1.79;1.63;3.42;1212;22;Y;Y;Y;Y;Y;Y;Y
352263;7048;7056;2018;complete;2521;9;-1;77,81,86,90;20,43;4;2;6;10;7;17;-1;-1;4;2;0;1;5;3;0;0;5;3;-1;-1;50;50;4;4;1.5;4.95;3.95;0;0;0;0;0;0;0;0;0;0;0;0;0;0;0;0;0;0;0;0;0;0;0;0;0;0;0;0;0;0;0;0;0;0;0;0;0;0;0;0;0;0;0;0;0;0;0;0;0;0;0;0;0;0;0;0;0;0;0;0;0;0;0;0;0;6;0;2;4;0;4;2;2018-07-14 15:00:00;7048;0;67;50;75;0;1;1;7;6;3;1;13;4;1;0;3;3;1;6;-1;0;0;0;0;0;0;0;0;0;0;0;0;0;1;1;0;0;3;1;0;0;-1;-1;-1;-1;-1;-1;-1;-1;-1;33;50;67;67;100;33;33;50;33;12.5;0;7.5;3.84;Super Nova;Rēzekne / BJSS;2.62;1.08;3;0.33;2.25;1.75;67;50;34;34;0;75;75;75;2.28;0.8;3.08;1212;25;Y;Y;Y;Y;Y;Y;Y
352264;7058;7054;2018;complete;2521;9;-1;2,13,45,54,64,65,90;16,68;7;2;9;12;3;15;-1;-1;3;3;0;0;22;10;9;4;31;14;-1;-1;50;50;3;3;1.03;10.25;17.5;0;0;0;0;0;0;0;0;0;0;0;0;0;0;0;0;0;0;0;0;0;0;0;0;0;0;0;0;0;0;0;0;0;0;0;0;0;0;0;0;0;0;0;0;0;0;0;0;0;0;0;0;0;0;0;0;0;0;0;0;0;0;0;0;0;9;3;1;4;1;5;4;2018-07-15 11:00:00;7058;0;88;13;13;0;-1;1;-1;-1;-1;-1;-1;-1;2;1;1;2;3;3;-1;0;0;0;0;0;0;0;0;0;0;0;0;0;1;1;1;0;-1;-1;0;1;-1;-1;-1;-1;-1;-1;-1;-1;-1;63;100;100;100;100;25;50;50;38;2.5;0;2.5;5.38;Auda;Balvu;1.64;0.64;0.75;0;1.25;0.25;38;0;0;0;0;25;13;13;1.33;0;1.33;1212;22;Y;Y;Y;Y;Y;Y;Y
352265;7052;7054;2018;complete;2521;10;-1;2,53;33,60,70;2;3;5;5;2;7;-1;-1;3;4;0;0;8;5;5;1;13;6;-1;-1;50;50;3;4;1.14;7;9.25;0;0;0;0;0;0;0;0;0;0;0;0;0;0;0;0;0;0;0;0;0;0;0;0;0;0;0;0;0;0;0;0;0;0;0;0;0;0;0;0;0;0;0;0;0;0;0;0;0;0;0;0;0;0;0;0;0;0;0;0;0;0;0;0;0;5;1;1;1;2;3;2;2018-07-20 16:00:00;7054;0;88;50;50;0;1;1;3;1;2;1;4;3;1;2;2;2;3;4;1;0;0;0;0;1.95;1.13;3.08;0;0;0;0;0;0;1;1;1;0;1;0;0;0;-1;-1;-1;-1;-1;-1;-1;-1;-1;63;75;88;100;100;17;17;17;17;3;0;3;5.42;Staiceles Bebri;Balvu;0.45;0.64;1;0;0.89;0.22;38;25;13;0;0;50;50;50;0;0;0;1212;22;Y;Y;Y;Y;Y;N;Y
352266;7053;7048;2018;complete;2521;10;-1;10,33;51,83;2;2;4;3;5;8;-1;-1;4;3;0;0;6;8;5;15;11;23;-1;-1;50;50;4;3;0;0;0;0;0;0;0;0;0;0;0;0;0;0;0;0;0;0;0;0;0;0;0;0;0;0;0;0;0;0;0;0;0;0;0;0;0;0;0;0;0;0;0;0;0;0;0;0;0;0;0;0;0;0;0;0;0;0;0;0;0;0;0;0;0;0;0;0;4;2;0;0;2;2;2;2018-07-21 12:00:00;-1;0;60;34;17;0;1;1;1;2;2;3;3;5;2;1;2;2;3;4;1;0;0;0;0;1.32;2.27;3.59;0;0;0;0;0;0;1;1;1;0;1;0;0;0;-1;-1;-1;-1;-1;-1;-1;-1;-1;20;70;100;100;100;40;60;60;50;18.67;0;5;4.7;RTU;Super Nova;1.18;2.08;0.8;1.8;1.25;2.33;80;30;0;0;0;67;67;67;2.99;2.16;5.15;1212;22;Y;Y;Y;Y;N;N;Y
352267;7055;7051;2018;complete;2521;10;-1;;90;0;1;1;4;8;12;-1;-1;0;2;0;0;6;6;3;12;9;18;-1;-1;50;50;0;2;2.95;4.4;1.8;0;0;0;0;0;0;0;0;0;0;0;0;0;0;0;0;0;0;0;0;0;0;0;0;0;0;0;0;0;0;0;0;0;0;0;0;0;0;0;0;0;0;0;0;0;0;0;0;0;0;0;0;0;0;0;0;0;0;0;0;0;0;0;0;0;1;0;0;0;1;1;0;2018-07-21 13:00:00;7051;0;70;25;50;0;1;1;1;5;3;3;6;6;0;0;0;2;0;2;1;0;0;0;0;1.5;2.4;3.9;0;0;0;0;0;0;1;1;0;0;0;0;0;0;-1;-1;-1;-1;-1;-1;-1;-1;-1;17;47;72;80;100;19;37;37;27;16.17;0;6;3.49;JDFS Alberts;Tukums;1.27;2.08;2.17;2.4;1.67;2.67;84;54;29;20;0;88;75;75;1.45;1.5;2.95;1212;22;Y;N;N;N;N;N;N
352268;7056;7050;2018;complete;2521;10;-1;9,29,35;19;3;1;4;12;3;15;-1;-1;0;1;0;0;7;4;14;1;21;5;-1;-1;50;50;0;1;1.71;4.45;3.2;0;0;1.32;1.91;3.15;0;0;3.15;1.81;1.32;1.38;2.8;0;0;0;0;0;0;0;2.18;2.8;3.55;0;0;0;0;0;0;0;0;0;0;0;0;0;0;0;0;0;0;0;0;0;0;0;0;0;0;0;0;0;0;0;0;0;0;0;0;0;0;0;0;0;0;0;4;3;1;0;0;0;4;2018-07-21 15:00:00;7056;0;54;13;25;0;1;1;5;2;7;1;7;8;0;0;0;1;0;1;1;0;0;0;0;2.44;0.84;3.28;0;0;0;0;0;0;1;1;1;0;2;0;0;0;-1;-1;-1;-1;-1;-1;-1;-1;-1;44;64;74;92;92;17;35;35;17;6.83;0;2.67;4.32;Rēzekne / BJSS;Grobiņa;2.08;0.73;2.6;0.67;1.56;0.78;57;37;27;9;9;84;59;34;1.18;1.6;2.78;1212;22;Y;Y;Y;Y;N;N;Y
352269;1091;7057;2018;complete;2521;10;-1;8,32,58,64;;4;0;4;5;1;6;-1;-1;2;2;0;0;7;0;13;2;20;2;-1;-1;50;50;2;2;1.17;6.85;8;0;0;0;0;0;0;0;0;0;0;0;0;0;0;0;0;0;0;0;0;0;0;0;0;0;0;0;0;0;0;0;0;0;0;0;0;0;0;0;0;0;0;0;0;0;0;0;0;0;0;0;0;0;0;0;0;0;0;0;0;0;0;0;0;0;4;2;0;2;0;2;2;2018-07-21 15:00:00;1091;0;33;13;29;0;1;1;2;0;3;1;2;4;0;0;2;2;0;4;1;0;0;0;0;2.48;0.27;2.75;0;0;0;0;0;0;1;1;1;0;1;0;0;0;-1;-1;-1;-1;-1;-1;-1;-1;-1;48;78;90;90;100;43;55;78;48;13.25;0;3.08;5.08;BFC Daugavpils;Smiltene;2.77;1.18;2.25;1.2;2.44;1.63;53;23;10;10;0;71;71;38;2.16;1.55;3.71;1212;22;Y;Y;Y;Y;N;N;N
352270;7049;7058;2018;complete;2521;10;-1;45,73;2,88,90;2;3;5;5;4;9;-1;-1;0;3;0;0;10;6;2;5;12;11;-1;-1;48;52;0;3;5;5;1.38;0;0;0;0;0;0;0;0;0;0;0;0;0;0;0;0;0;0;0;0;0;0;0;0;0;0;0;0;0;0;0;0;0;0;0;0;0;0;0;0;0;0;0;0;0;0;0;0;0;0;0;0;0;0;0;0;0;0;0;0;0;0;0;0;0;5;1;1;1;2;3;2;2018-07-22 11:00:00;7058;0;25;0;0;0;1;1;4;2;1;2;6;3;0;1;0;2;1;2;1;54;78;109;122;1.85;1.68;3.54;0;0;0;0;0;0;1;1;0;1;0;0;0;0;-1;-1;-1;-1;-1;-1;-1;-1;-1;38;63;63;88;100;38;63;75;38;7.25;0;2.5;3.88;Preilu BJSS;Auda;0;1.73;0;1.75;0.33;1.44;63;38;38;13;0;50;50;50;1.29;1.51;2.8;1212;22;Y;Y;Y;Y;Y;N;Y
352271;7051;1091;2018;complete;2521;11;-1;-1;;1;0;1;-1;-1;-1;-1;-1;-1;-1;-1;-1;-1;-1;-1;-1;-1;-1;-1;-1;-1;-1;-1;-1;0;0;0;0;0;0;0;0;0;0;0;0;0;0;0;0;0;0;0;0;0;0;0;0;0;0;0;0;0;0;0;0;0;0;0;0;0;0;0;0;0;0;0;0;0;0;0;0;0;0;0;0;0;0;0;0;0;0;0;0;0;0;0;0;0;0;0;0;1;0;0;0;0;0;0;2018-07-28 13:00:00;7051;0;55;17;34;1;-1;-1;-1;-1;-1;-1;-1;-1;-1;-1;-1;-1;-1;-1;-1;0;0;0;0;0;0;0;-1;-1;-1;-1;-1;-1;-1;-1;-1;-1;-1;-1;-1;-1;-1;-1;-1;-1;-1;-1;-1;-1;-1;55;68;78;100;100;25;58;58;35;15;0;1.33;5.33;Tukums;BFC Daugavpils;2;2.58;3;2.6;2.7;2.5;45;33;23;0;0;67;34;34;1.85;2.29;4.14;1212;25;Y;N;N;N;N;N;N
352272;7050;7053;2018;complete;2521;11;-1;1,90;21,24,45,88;2;4;6;4;1;5;-1;-1;2;3;0;0;7;9;6;15;13;24;-1;-1;47;53;2;3;9.75;4.8;1.23;1.01;1.11;1.4;2.07;3.45;23;6;2.7;1.7;1.28;1.72;2.1;0;0;0;0;0;0;0;7.5;2.8;1.62;4.5;3.1;1.72;0;0;0;0;0;0;0;0;0;0;0;0;0;0;0;0;0;0;0;0;0;0;0;0;0;0;0;0;1.2;2.08;4.65;10;4.25;1.69;1.17;1.03;0;0;0;0;6;1;3;1;1;2;4;2018-07-28 13:00:00;7053;0;67;25;75;0;1;1;3;0;1;1;3;2;2;0;0;3;2;3;1;27;49;130;140;1.52;2.5;4.03;0;0;0;0;0;0;1;1;1;0;2;0;0;0;-1;-1;-1;-1;-1;-1;-1;-1;-1;67;67;84;100;100;17;34;50;33;13;0;4;5.34;Grobiņa;RTU;1.09;2;1;2;0.7;1.22;33;33;17;0;0;100;100;50;1.99;2.25;4.24;1212;22;Y;Y;Y;Y;Y;Y;Y
352273;7058;7056;2018;complete;2521;11;-1;84;16,36,59,65;1;4;5;3;6;9;-1;-1;2;0;0;0;6;9;5;7;11;16;-1;-1;50;50;2;0;2;3.75;2.85;0;0;1.35;0;0;0;0;2.95;0;0;0;0;0;0;0;0;0;0;0;0;0;0;0;0;0;0;0;0;0;0;0;0;0;0;0;0;0;0;0;0;0;0;0;0;0;0;0;0;0;0;0;0;0;0;0;0;0;0;0;0;0;0;0;0;0;5;0;2;1;2;3;2;2018-07-28 13:00:00;7056;0;90;45;45;0;1;1;1;4;2;2;5;4;1;0;1;0;1;1;1;67;72;123;128;1.61;2.16;3.77;0;0;0;0;0;0;1;1;0;0;0;2;0;0;-1;-1;-1;-1;-1;-1;-1;-1;-1;45;88;100;100;100;55;75;75;65;9.4;0;6.6;4.85;Auda;Rēzekne / BJSS;1.64;1.08;1.2;0.25;1.6;1.7;55;13;0;0;0;64;54;54;1.33;0.8;2.13;1212;22;Y;Y;Y;Y;Y;N;Y
352274;7048;7055;2018;complete;2521;11;-1;-1;;1;0;1;-1;-1;-1;-1;-1;-1;-1;-1;-1;-1;-1;-1;-1;-1;-1;-1;-1;-1;-1;-1;-1;1.38;5.05;5;0;0;0;0;0;0;0;0;0;0;0;0;0;0;0;0;0;0;0;0;0;0;0;0;0;0;0;0;0;0;0;0;0;0;0;0;0;0;0;0;0;0;0;0;0;0;0;0;0;0;0;0;0;0;0;0;0;0;0;0;0;0;0;0;0;1;0;0;0;0;0;0;2018-07-28 14:00:00;7048;0;75;0;67;1;-1;-1;-1;-1;-1;-1;-1;-1;-1;-1;-1;-1;-1;-1;-1;0;0;0;0;0;0;0;-1;-1;-1;-1;-1;-1;-1;-1;-1;-1;-1;-1;-1;-1;-1;-1;-1;-1;-1;-1;-1;-1;-1;42;59;59;75;100;42;59;71;59;11;0;6.67;3.96;Super Nova;JDFS Alberts;2.62;1.27;3;0.67;2.2;1.5;59;42;42;25;0;100;75;75;2.28;1.07;3.35;1212;22;Y;N;N;N;N;N;N
352275;7054;7049;2018;complete;2521;11;-1;88;2,33,36,77,83;1;5;6;8;8;16;-1;-1;1;1;0;0;2;8;1;10;3;18;-1;-1;50;50;1;1;2.35;3.95;2.25;0;0;0;0;0;0;0;0;0;0;0;0;0;0;0;0;0;0;0;0;0;0;0;0;0;0;0;0;0;0;0;0;0;0;0;0;0;0;0;0;0;0;0;0;0;0;0;0;0;0;0;0;0;0;0;0;0;0;0;0;0;0;0;0;0;6;0;3;1;2;3;3;2018-07-28 14:00:00;7049;0;57;17;50;0;1;1;6;4;2;4;10;6;0;0;1;1;0;2;1;42;72;117;126;0.66;2.22;2.87;0;0;0;0;0;0;1;1;0;1;1;0;0;0;-1;-1;-1;-1;-1;-1;-1;-1;-1;37;55;75;84;92;29;39;39;39;8.83;0;0.67;4.8;Balvu;Preilu BJSS;0.45;0.82;0.33;0.6;0.5;0.3;64;45;25;17;9;100;100;100;1.17;2.02;3.19;1212;22;Y;Y;Y;Y;Y;Y;Y
352276;7050;7055;2018;complete;2521;12;-1;;14,69;0;2;2;9;5;14;-1;-1;2;1;0;0;4;4;12;4;16;8;-1;-1;60;40;2;1;3.1;4;1.87;1;1.08;1.32;1.83;0;0;0;0;0;0;1.36;3;0;0;0;0;0;0;0;0;0;0;0;0;0;0;0;0;0;0;0;0;0;0;0;0;0;0;0;0;0;0;0;0;0;0;0;0;0;0;0;0;0;0;0;0;0;0;0;0;0;0;0;0;0;2;0;1;0;1;1;1;2018-08-03 15:30:00;7055;0;75;34;84;0;1;1;1;2;8;3;3;11;1;0;1;1;1;2;1;85;42;118;83;1.9;1.09;3;0;0;0;0;0;0;1;1;0;0;0;0;0;0;-1;-1;-1;-1;-1;-1;-1;-1;-1;50;63;63;88;100;38;63;63;50;8.33;0;5;4.13;Grobiņa;JDFS Alberts;1.09;1.27;0.75;0.5;0.64;1.36;50;38;38;13;0;84;59;59;1.83;1.07;2.9;1212;22;Y;Y;N;N;N;N;N
352277;7058;7053;2018;complete;2521;12;-1;56,81;65;2;1;3;1;15;16;-1;-1;3;2;0;0;5;10;4;20;9;30;-1;-1;27;73;3;2;8;5.4;1.22;1.01;1.04;1.25;1.54;2.3;41;9.5;3.55;2.37;1.57;1.36;2.88;0;0;0;0;0;0;0;6;3;1.62;5.5;3.6;1.53;0;0;0;0;0;0;0;0;0;0;0;0;0;0;0;3.1;51;1.33;0;0;0;0;0;0;0;0;0;0;1.13;1.7;3.32;7;5.4;2.08;1.3;1.07;0;0;0;0;3;0;0;2;1;3;0;2018-08-04 11:00:00;7058;0;79;42;75;0;1;1;0;7;1;8;7;9;1;1;2;1;2;3;1;51;133;67;134;1.29;3.53;4.82;0;0;0;0;0;0;1;1;0;0;0;3;0;0;-1;-1;-1;-1;-1;-1;-1;-1;-1;63;88;100;100;100;46;63;75;67;8.17;0;5;5.46;Auda;RTU;1.64;2;1;2.25;1.45;1.4;38;13;0;0;0;67;50;17;1.39;2.33;3.72;1212;22;Y;Y;Y;N;N;N;Y
352278;7057;7051;2018;complete;2521;12;-1;;37,58,84;0;3;3;3;2;5;-1;-1;1;3;0;0;3;5;1;3;4;8;-1;-1;50;50;1;3;3.4;4.4;1.67;0;0;0;0;0;0;0;0;0;0;0;0;0;0;0;0;0;0;0;0;0;0;0;0;0;0;0;0;0;0;0;0;0;0;0;0;0;0;0;0;0;0;0;0;0;0;0;0;0;0;0;0;0;0;0;0;0;0;0;0;0;0;0;0;0;3;0;1;0;2;2;1;2018-08-04 15:00:00;7051;0;54;42;25;0;1;1;1;2;2;0;3;2;1;0;0;3;1;3;1;56;51;139;145;0.89;1.25;2.14;0;0;0;0;0;0;1;1;0;0;0;1;0;0;-1;-1;-1;-1;-1;-1;-1;-1;-1;25;63;75;75;100;21;42;50;34;16.25;0;2.83;4;Smiltene;Tukums;1.82;2.08;2.5;2.5;1.6;2.73;75;38;25;25;0;100;100;100;1.64;1.8;3.44;1212;22;Y;Y;Y;N;N;N;N
352279;7052;7049;2018;complete;2521;12;-1;;3,39,42,53,89,90;0;6;6;5;5;10;-1;-1;3;3;1;0;6;11;4;6;10;17;-1;-1;50;50;5;3;5.75;5.05;1.32;0;0;0;0;0;0;0;0;0;0;0;0;0;0;0;0;0;0;0;0;0;0;0;0;0;0;0;0;0;0;0;0;0;0;0;0;0;0;0;0;0;0;0;0;0;0;0;0;0;0;0;0;0;0;0;0;0;0;0;0;0;0;0;0;0;6;0;3;0;3;3;3;2018-08-04 14:00:00;7049;0;82;63;100;0;1;1;1;3;4;2;4;6;0;0;4;3;0;7;1;59;87;92;142;1.48;2.48;3.96;0;0;0;0;0;0;1;1;0;1;0;0;0;0;-1;-1;-1;-1;-1;-1;-1;-1;-1;45;64;90;100;100;35;44;44;44;11.75;0;3.75;4.32;Staiceles Bebri;Preilu BJSS;0.45;0.82;0.8;1;0.73;0.55;55;37;10;0;0;50;50;50;1.95;2.07;4.02;1212;22;Y;Y;Y;Y;Y;Y;N
352280;7054;7056;2018;complete;2521;12;-1;73;6,18,21,23,25,33,38,41,44,52,59,80,84,89;1;14;15;0;10;10;-1;-1;1;0;0;0;7;20;1;12;8;32;-1;-1;50;50;1;0;15.75;11.75;1.03;0;0;0;0;0;0;0;0;0;0;0;0;0;0;0;0;0;0;0;0;0;0;0;0;0;0;0;0;0;0;0;0;0;0;0;0;0;0;0;0;0;0;0;0;0;0;0;0;0;0;0;0;0;0;0;0;0;0;0;0;0;0;0;0;0;15;0;9;1;5;6;9;2018-08-04 14:00:00;7056;0;72;17;50;0;1;1;0;4;0;6;4;6;1;0;0;0;1;0;1;31;94;96;135;1.23;4.08;5.31;0;0;0;0;0;0;1;1;0;1;0;1;0;0;-1;-1;-1;-1;-1;-1;-1;-1;-1;52;69;79;86;93;45;45;45;45;9.58;0;3.17;4.87;Balvu;Rēzekne / BJSS;0.45;1.08;0.29;0.8;0.45;1.82;49;32;22;15;7;88;75;75;0.91;1.26;2.17;1212;22;Y;Y;Y;Y;Y;Y;Y
352281;7048;1091;2018;complete;2521;12;-1;68;9,72;1;2;3;10;4;14;-1;-1;2;1;0;0;7;6;4;3;11;9;-1;-1;58;42;2;1;2.2;3.95;2.35;0;0;0;0;0;0;0;0;0;0;0;0;0;0;0;0;0;0;0;0;0;0;0;0;0;0;0;0;0;0;0;0;0;0;0;0;0;0;0;0;0;0;0;0;0;0;0;0;0;0;0;0;0;0;0;0;0;0;0;0;0;0;0;0;0;3;0;1;1;1;2;1;2018-09-02 09:30:00;1091;0;47;13;25;0;1;1;4;2;6;2;6;8;2;0;0;1;2;1;1;110;82;120;114;1.98;1.59;3.56;0;0;0;0;0;0;1;1;0;1;0;1;0;0;-1;-1;-1;-1;-1;-1;-1;-1;-1;45;54;61;68;100;32;47;55;40;17;0;4.5;4.62;Super Nova;BFC Daugavpils;2.62;2.58;2.67;2.29;2.29;2.43;55;47;40;32;0;88;63;63;2.64;2.41;5.05;1212;25;Y;Y;Y;N;N;N;Y
352282;7055;7058;2018;complete;2521;13;-1;34;5,74;1;2;3;11;5;16;-1;-1;2;3;0;0;4;7;12;10;16;17;-1;-1;52;48;2;3;2.15;4.45;2.3;0;0;0;0;0;0;0;0;0;0;0;0;0;0;0;0;0;0;0;0;0;0;0;0;0;0;0;0;0;0;0;0;0;0;0;0;0;0;0;0;0;0;0;0;0;0;0;0;0;0;0;0;0;0;0;0;0;0;0;0;0;0;0;0;0;3;1;1;0;1;1;2;2018-08-11 11:00:00;7058;0;73;17;50;0;1;1;4;3;7;2;7;9;2;1;0;2;3;2;1;112;94;120;134;2.09;2.24;4.33;0;0;0;0;0;0;1;1;0;1;1;2;0;0;-1;-1;-1;-1;-1;-1;-1;-1;-1;35;45;66;93;100;27;45;52;35;6.73;0;4.33;3.76;JDFS Alberts;Auda;1.27;1.73;1.86;2;1.5;1.58;66;56;35;7;0;74;47;47;1.46;1.57;3.03;1212;22;Y;Y;Y;N;N;N;Y
352283;7057;7048;2018;complete;2521;13;-1;-1;-1,-1,-1,-1,-1,-1;1;6;7;-1;-1;-1;-1;-1;-1;-1;-1;-1;-1;-1;-1;-1;-1;-1;-1;-1;-1;-1;-1;-1;3.45;4.15;1.69;0;0;0;0;0;0;0;0;0;0;0;0;0;0;0;0;0;0;0;0;0;0;0;0;0;0;0;0;0;0;0;0;0;0;0;0;0;0;0;0;0;0;0;0;0;0;0;0;0;0;0;0;0;0;0;0;0;0;0;0;0;0;0;0;0;7;0;0;0;0;0;0;2018-08-11 13:00:00;7048;0;47;17;17;1;-1;-1;-1;-1;-1;-1;-1;-1;-1;-1;-1;-1;-1;-1;-1;0;0;0;0;0;0;0;-1;-1;-1;-1;-1;-1;-1;-1;-1;-1;-1;-1;-1;-1;-1;-1;-1;-1;-1;-1;-1;-1;-1;29;64;100;100;100;35;64;64;64;11.17;0;4.33;4.5;Smiltene;Super Nova;1.82;2.08;2;1.67;1.45;2.27;72;37;0;0;0;46;46;46;1.39;2.19;3.58;1212;22;Y;Y;Y;Y;Y;Y;Y
352284;7053;7054;2018;complete;2521;13;-1;-1,-1,-1,-1,-1,-1,-1,-1,-1;-1;9;1;10;-1;-1;-1;-1;-1;-1;-1;-1;-1;-1;-1;-1;-1;-1;-1;-1;-1;-1;-1;-1;-1;1.03;9.75;19;0;0;0;0;0;0;0;0;0;0;0;0;0;0;0;0;0;0;0;0;0;0;0;0;0;0;0;0;0;0;0;0;0;0;0;0;0;0;0;0;0;0;0;0;0;0;0;0;0;0;0;0;0;0;0;0;0;0;0;0;0;0;0;0;0;10;0;0;0;0;0;0;2018-08-11 13:00:00;7053;0;100;75;63;1;-1;-1;-1;-1;-1;-1;-1;-1;-1;-1;-1;-1;-1;-1;-1;0;0;0;0;0;0;0;-1;-1;-1;-1;-1;-1;-1;-1;-1;-1;-1;-1;-1;-1;-1;-1;-1;-1;-1;-1;-1;-1;-1;59;92;100;100;100;50;59;59;50;12;0;6;5.96;RTU;Balvu;1.18;0.64;0.83;0.75;1.27;0.42;42;9;0;0;0;63;63;63;2.57;1.13;3.7;1212;22;Y;Y;Y;Y;Y;Y;Y
352285;7051;7052;2018;complete;2521;13;-1;-1,-1,-1,-1;;4;0;4;13;1;14;-1;-1;-1;-1;-1;-1;-1;-1;-1;-1;-1;-1;-1;-1;-1;-1;-1;-1;1.05;12.25;11;0;0;0;0;0;0;0;0;0;0;0;0;0;0;0;0;0;0;0;0;0;0;0;0;0;0;0;0;0;0;0;0;0;0;0;0;0;0;0;0;0;0;0;0;0;0;0;0;0;0;0;0;0;0;0;0;0;0;0;0;0;0;0;0;0;4;0;0;0;0;0;0;2018-08-11 14:00:00;7051;0;37;29;34;1;-1;-1;-1;-1;-1;-1;-1;-1;-1;-1;-1;-1;-1;-1;1;0;0;0;0;0;0;0;-1;-1;-1;-1;-1;-1;-1;-1;-1;-1;-1;-1;-1;-1;-1;-1;-1;-1;-1;-1;-1;-1;-1;37;55;64;82;100;29;55;64;45;11.08;0;6.58;4.3;Tukums;Staiceles Bebri;2;0.45;3;0.67;2.75;0.67;64;45;37;19;0;84;84;71;1.85;0.95;2.8;1212;22;Y;Y;Y;Y;N;N;N
352286;1091;7050;2018;complete;2521;13;-1;17,18,32,42,49,51,67,76,83;;9;0;9;11;6;17;-1;-1;0;3;0;0;17;2;8;2;25;4;-1;-1;50;50;0;3;1.01;12.75;17.75;0;0;0;0;0;0;0;0;0;0;0;0;0;0;0;0;0;0;0;0;0;0;0;0;0;0;0;0;0;0;0;0;0;0;0;0;0;0;0;0;0;0;0;0;0;0;0;0;0;0;0;0;0;0;0;0;0;0;0;0;0;0;0;0;0;9;4;0;5;0;5;4;2018-08-11 14:00:00;1091;0;46;20;33;0;1;1;5;6;6;0;11;6;0;1;0;2;1;2;1;89;34;99;76;3.39;0.65;4.04;0;0;0;0;0;0;1;1;0;0;3;0;0;0;-1;-1;-1;-1;-1;-1;-1;-1;-1;59;76;86;93;93;42;59;62;55;12;0;3;5.06;BFC Daugavpils;Grobiņa;2.77;0.73;2.4;0.57;2.27;0.58;42;25;15;7;7;63;63;38;2.24;1.41;3.65;1212;22;Y;Y;Y;Y;Y;Y;N
352287;7049;7056;2018;complete;2521;13;-1;;7,35,55,75,83,90;0;6;6;3;7;10;-1;-1;1;2;0;0;2;15;7;21;9;36;-1;-1;50;50;1;2;5.65;5.55;1.32;0;0;0;0;0;0;0;0;0;0;0;0;0;0;0;0;0;0;0;0;0;0;0;0;0;0;0;0;0;0;0;0;0;0;0;0;0;0;0;0;0;0;0;0;0;0;0;0;0;0;0;0;0;0;0;0;0;0;0;0;0;0;0;0;0;6;0;2;0;4;4;2;2018-08-11 14:00:00;7056;0;60;23;48;0;1;1;1;4;2;3;5;5;0;0;1;2;0;3;1;35;83;103;145;0.97;3.91;4.88;0;0;0;0;0;0;1;1;0;1;0;0;0;0;-1;-1;-1;-1;-1;-1;-1;-1;-1;64;82;90;90;100;64;74;84;64;11.8;0;4;5.37;Preilu BJSS;Rēzekne / BJSS;0;1.08;0;1.17;0.75;1.92;37;19;10;10;0;70;50;40;1.4;1.96;3.36;1212;22;Y;Y;Y;Y;Y;Y;N
352288;7058;1091;2018;complete;2521;14;-1;;7,32,35,45,54,67;0;6;6;5;6;11;-1;-1;1;3;0;0;0;14;10;7;10;21;-1;-1;48;52;1;3;11;5.9;1.16;0;0;0;0;0;0;0;0;0;0;0;0;0;0;0;0;0;0;0;0;0;0;0;0;0;0;0;0;0;0;0;0;0;0;0;0;0;0;0;0;0;0;0;0;0;0;0;0;0;0;0;0;0;0;0;0;0;0;0;0;0;0;0;0;0;6;0;4;0;2;2;4;2018-08-18 11:00:00;1091;0;68;15;29;0;1;1;3;4;2;2;7;4;1;0;0;3;1;3;1;32;47;60;85;0.86;2.64;3.5;0;0;0;0;0;0;1;1;0;1;1;1;0;0;-1;-1;-1;-1;-1;-1;-1;-1;-1;47;68;84;92;100;29;60;67;52;10.38;0;2.57;5.18;Auda;BFC Daugavpils;1.64;2.58;1.29;2.17;1.69;2.33;54;32;17;9;0;69;22;22;1.37;2.29;3.66;1212;22;Y;Y;Y;Y;Y;Y;N
352289;7050;7057;2018;complete;2521;14;-1;52,54,83,90;14,33,44,66,88;4;5;9;4;7;11;-1;-1;2;0;0;0;6;6;0;5;6;11;-1;-1;51;49;2;0;2.05;4.45;2.45;0;0;0;0;0;0;0;0;0;0;0;0;0;0;0;0;0;0;0;0;0;0;0;0;0;0;0;0;0;0;0;0;0;0;0;0;0;0;0;0;0;0;0;0;0;0;0;0;0;0;0;0;0;0;0;0;0;0;0;0;0;0;0;0;0;9;0;3;4;2;6;3;2018-08-18 12:00:00;7057;0;47;35;35;0;1;1;1;3;3;4;4;7;1;0;1;0;1;1;1;14;24;45;47;0.9;1.28;2.19;0;0;0;0;0;0;1;1;0;0;0;0;0;0;-1;-1;-1;-1;-1;-1;-1;-1;-1;39;72;72;92;100;54;74;82;37;11.4;0;3.8;4.47;Grobiņa;Smiltene;1.09;1.18;0.6;1;0.54;1.33;62;29;29;9;0;68;68;68;1.85;1.29;3.14;1212;22;Y;Y;Y;Y;Y;Y;Y
352290;7055;7054;2018;complete;2521;14;-1;-1;-1;1;1;2;9;4;13;-1;-1;-1;-1;-1;-1;-1;-1;-1;-1;-1;-1;-1;-1;-1;-1;-1;-1;0;0;0;0;0;0;0;0;0;0;0;0;0;0;0;0;0;0;0;0;0;0;0;0;0;0;0;0;0;0;0;0;0;0;0;0;0;0;0;0;0;0;0;0;0;0;0;0;0;0;0;0;0;0;0;0;0;0;0;0;0;0;0;0;0;0;0;0;2;0;0;0;0;0;0;2018-08-18 13:00:00;-1;0;94;63;75;1;-1;-1;-1;-1;-1;-1;-1;-1;-1;-1;-1;-1;-1;-1;1;0;0;0;0;0;0;0;-1;-1;-1;-1;-1;-1;-1;-1;-1;-1;-1;-1;-1;-1;-1;-1;-1;-1;-1;-1;-1;-1;-1;63;63;88;94;100;33;39;45;33;8;0;6.5;5.52;JDFS Alberts;Balvu;1.27;0.64;1.63;0.6;1.38;0.38;38;38;13;7;0;67;59;59;1.58;1.13;2.71;1212;22;Y;Y;N;N;N;N;Y
352291;7052;7056;2018;complete;2521;14;-1;;-1,-1,-1;0;3;3;-1;-1;-1;-1;-1;-1;-1;-1;-1;-1;-1;-1;-1;-1;-1;-1;-1;-1;-1;-1;-1;0;0;0;0;0;0;0;0;0;0;0;0;0;0;0;0;0;0;0;0;0;0;0;0;0;0;0;0;0;0;0;0;0;0;0;0;0;0;0;0;0;0;0;0;0;0;0;0;0;0;0;0;0;0;0;0;0;0;0;0;0;0;0;0;0;0;0;0;3;0;0;0;0;0;0;2018-08-18 14:00:00;7056;0;77;35;55;1;-1;-1;-1;-1;-1;-1;-1;-1;-1;-1;-1;-1;-1;-1;-1;0;0;0;0;0;0;0;-1;-1;-1;-1;-1;-1;-1;-1;-1;-1;-1;-1;-1;-1;-1;-1;-1;-1;-1;-1;-1;-1;-1;61;77;92;100;100;52;52;52;52;11.33;0;6;5.23;Staiceles Bebri;Rēzekne / BJSS;0.45;1.08;0.67;1.43;0.62;2;40;24;9;0;0;67;59;17;1.72;2.35;4.07;1212;22;Y;Y;Y;N;N;N;N
352292;7051;7048;2018;complete;2521;14;-1;;-1;0;1;1;-1;-1;-1;-1;-1;-1;-1;-1;-1;-1;-1;-1;-1;-1;-1;-1;-1;-1;-1;-1;-1;2.5;4.3;2.05;0;0;0;0;0;0;0;0;0;0;0;0;0;0;0;0;0;0;0;0;0;0;0;0;0;0;0;0;0;0;0;0;0;0;0;0;0;0;0;0;0;0;0;0;0;0;0;0;0;0;0;0;0;0;0;0;0;0;0;0;0;0;0;0;0;1;0;0;0;0;0;0;2018-08-18 14:00:00;7048;0;38;17;34;1;-1;-1;-1;-1;-1;-1;-1;-1;-1;-1;-1;-1;-1;-1;-1;0;0;0;0;0;0;0;-1;-1;-1;-1;-1;-1;-1;-1;-1;-1;-1;-1;-1;-1;-1;-1;-1;-1;-1;-1;-1;-1;-1;31;69;84;92;100;38;54;54;45;16;0;4.33;4.05;Tukums;Super Nova;2;2.08;3;1.86;2.77;2.33;69;31;17;9;0;50;50;50;1.85;2.19;4.04;1212;25;Y;N;N;N;N;N;N
352293;7049;7053;2018;complete;2521;14;-1;;12,65,69,88;0;4;4;0;15;15;-1;-1;3;3;1;0;3;14;5;9;8;23;-1;-1;50;50;5;3;8.75;7.25;1.14;0;0;0;0;0;0;0;0;0;0;0;0;0;0;0;0;0;0;0;0;0;0;0;0;0;0;0;0;0;0;0;0;0;0;0;0;0;0;0;0;0;0;0;0;0;0;0;0;0;0;0;0;0;0;0;0;0;0;0;0;0;0;0;0;0;4;0;1;0;3;3;1;2018-08-19 14:00:00;7053;0;49;25;59;0;1;1;0;6;0;9;6;9;3;3;1;0;6;1;1;26;111;79;126;0.91;3.22;4.13;0;0;0;0;0;0;1;1;0;0;0;2;0;0;-1;-1;-1;-1;-1;-1;-1;-1;-1;64;72;92;92;100;44;52;80;64;11.92;0;4.16;4.94;Preilu BJSS;RTU;0;2;0;1.8;0.69;1.42;37;29;9;9;0;71;63;29;1.33;2.63;3.96;1212;22;Y;Y;Y;Y;N;N;N
352294;7057;7058;2018;complete;2521;15;-1;15,22,35,46,53,73,81;;7;0;7;5;6;11;-1;-1;1;2;0;0;12;4;8;5;20;9;-1;-1;50;50;1;2;2.35;4.5;2.1;0;0;0;0;0;0;0;0;0;0;0;0;0;0;0;0;0;0;0;0;0;0;0;0;0;0;0;0;0;0;0;0;0;0;0;0;0;0;0;0;0;0;0;0;0;0;0;0;0;0;0;0;0;0;0;0;0;0;0;0;0;0;0;0;0;7;3;0;4;0;4;3;2018-08-25 15:00:00;7057;0;67;42;29;0;1;1;3;1;2;5;4;7;0;1;1;1;1;2;1;62;82;127;149;2.55;1.46;4.01;0;0;0;0;0;0;1;1;0;0;1;0;0;0;-1;-1;-1;-1;-1;-1;-1;-1;-1;42;59;84;100;100;34;59;59;42;7.67;0;2.83;4.5;Smiltene;Auda;1.82;1.73;1.67;2.17;1.46;1.57;59;42;17;0;0;71;59;59;1.39;1.74;3.13;1212;22;Y;Y;Y;Y;Y;Y;N
352295;7049;7055;2018;complete;2521;15;-1;;25,47,58,69,84;0;5;5;9;5;14;-1;-1;3;3;0;0;5;9;8;6;13;15;-1;-1;50;50;3;3;3.5;4.35;1.65;1;1.09;1.37;1.95;0;0;0;0;0;0;1.43;2.7;0;0;0;0;0;0;0;0;0;0;0;0;0;0;0;0;0;0;0;0;0;0;0;0;0;0;0;0;0;0;0;0;0;0;0;0;0;0;0;0;0;0;0;0;0;0;0;0;0;0;0;0;0;5;0;1;0;4;4;1;2018-08-25 11:00:00;7055;0;37;7;41;0;1;1;2;2;7;3;4;10;1;1;2;2;2;4;1;78;62;135;89;1.74;2.02;3.76;0;0;0;0;0;0;1;1;0;0;1;0;0;0;-1;-1;-1;-1;-1;-1;-1;-1;-1;39;63;63;83;100;39;73;80;56;7.43;0;4.62;3.69;Preilu BJSS;JDFS Alberts;0;1.27;0;1;0.64;1.36;62;37;37;17;0;86;62;55;1.27;1.08;2.35;1212;22;Y;Y;Y;Y;Y;N;N
352296;7050;7051;2018;complete;2521;15;-1;;-1,-1,-1,-1,-1;0;5;5;2;6;8;-1;-1;-1;-1;-1;-1;-1;-1;-1;-1;-1;-1;-1;-1;-1;-1;-1;-1;0;0;0;0;0;0;0;0;0;0;0;0;0;0;0;0;0;0;0;0;0;0;0;0;0;0;0;0;0;0;0;0;0;0;0;0;0;0;0;0;0;0;0;0;0;0;0;0;0;0;0;0;0;0;0;0;0;0;0;0;0;0;0;0;0;0;0;0;5;0;0;0;0;0;0;2018-08-25 14:00:00;7051;0;48;33;30;1;-1;-1;-1;-1;-1;-1;-1;-1;-1;-1;-1;-1;-1;-1;1;0;0;0;0;0;0;0;-1;-1;-1;-1;-1;-1;-1;-1;-1;-1;-1;-1;-1;-1;-1;-1;-1;-1;-1;-1;-1;-1;-1;34;55;62;79;100;32;63;70;40;15.4;0;3.75;3.95;Grobiņa;Tukums;1.09;2.08;0.5;2.57;0.5;2.57;67;45;38;22;0;80;80;80;1.66;1.66;3.32;1212;22;Y;Y;Y;Y;Y;N;N
352297;1091;7054;2018;complete;2521;15;-1;-1,-1,-1,-1,-1,-1,-1,-1,-1,-1,-1,-1,-1;;13;0;13;16;0;16;-1;-1;-1;-1;-1;-1;-1;-1;-1;-1;-1;-1;-1;-1;-1;-1;-1;-1;0;0;0;0;0;0;0;0;0;0;0;0;0;0;0;0;0;0;0;0;0;0;0;0;0;0;0;0;0;0;0;0;0;0;0;0;0;0;0;0;0;0;0;0;0;0;0;0;0;0;0;0;0;0;0;0;0;0;0;0;0;0;0;0;0;0;0;0;13;0;0;0;0;0;0;2018-08-25 14:00:00;1091;0;59;50;60;1;-1;-1;-1;-1;-1;-1;-1;-1;-1;-1;-1;-1;-1;-1;1;0;0;0;0;0;0;0;-1;-1;-1;-1;-1;-1;-1;-1;-1;-1;-1;-1;-1;-1;-1;-1;-1;-1;-1;-1;-1;-1;-1;75;83;92;100;100;42;50;58;58;11;0;4.7;6.25;BFC Daugavpils;Balvu;2.77;0.64;2.5;0.67;2.38;0.43;25;17;9;0;0;64;64;44;2.47;1.13;3.6;1212;22;Y;Y;Y;Y;Y;Y;N
352298;7053;7056;2018;complete;2521;15;-1;;;0;0;0;-1;-1;-1;-1;-1;-1;-1;-1;-1;-1;-1;-1;-1;-1;-1;-1;-1;-1;-1;-1;-1;1.91;4.35;2.7;0;0;0;0;2.46;0;0;0;0;1.51;0;0;0;0;0;0;0;0;0;2.13;2.85;3.44;0;0;0;0;0;0;0;0;0;0;0;0;0;0;0;0;0;0;0;0;0;0;0;0;0;0;0;0;0;0;0;0;1.68;0;0;0;2.03;0;0;0;0;0;0;0;0;0;0;0;0;0;2018-08-25 14:00:00;-1;0;88;35;43;0;-1;-1;-1;-1;-1;-1;-1;-1;-1;-1;-1;-1;-1;-1;-1;0;0;0;0;0;0;0;0;0;0;0;0;0;1;1;0;0;-1;-1;-1;-1;-1;-1;-1;-1;-1;-1;-1;-1;-1;46;81;100;100;100;53;60;60;53;15.83;0;4.5;5.87;RTU;Rēzekne / BJSS;1.18;1.08;1.14;1.63;1.54;2.07;55;20;0;0;0;79;71;54;2.57;2.35;4.92;1212;22;N;N;N;N;N;N;N
352299;7048;7052;2018;complete;2521;15;-1;43,83;14,59;2;2;4;15;3;18;-1;-1;3;5;0;0;9;5;18;6;27;11;-1;-1;50;50;3;5;1.01;18;18.25;0;0;0;0;0;0;0;0;0;0;0;0;0;0;0;0;0;0;0;0;0;0;0;0;0;0;0;0;0;0;0;0;0;0;0;0;0;0;0;0;0;0;0;0;0;0;0;0;0;0;0;0;0;0;0;0;0;0;0;0;0;0;0;0;0;4;1;1;1;1;2;2;2018-08-26 15:00:00;-1;0;35;13;17;0;1;1;7;2;8;1;9;9;1;2;2;3;3;5;1;144;43;168;89;3.36;1.36;4.72;0;0;0;0;0;0;1;1;0;0;4;0;0;0;-1;-1;-1;-1;-1;-1;-1;-1;-1;35;49;56;63;100;27;42;59;42;11.4;0;8.92;4.23;Super Nova;Staiceles Bebri;2.62;0.45;3;0.57;2.38;0.57;66;52;45;37;0;100;100;90;2.28;0.95;3.23;1212;22;Y;Y;Y;Y;N;N;Y
352300;7053;7057;2018;complete;2521;8;-1;-1,-1,-1,-1,-1;;5;0;5;-1;-1;-1;-1;-1;-1;-1;-1;-1;-1;-1;-1;-1;-1;-1;-1;-1;-1;-1;-1;-1;0;0;0;0;0;0;0;0;0;0;0;0;0;0;0;0;0;0;0;0;0;0;0;0;0;0;0;0;0;0;0;0;0;0;0;0;0;0;0;0;0;0;0;0;0;0;0;0;0;0;0;0;0;0;0;0;0;0;0;0;0;0;0;0;0;0;0;0;5;0;0;0;0;0;0;2018-09-01 14:00:00;7053;0;66;29;27;1;-1;-1;-1;-1;-1;-1;-1;-1;-1;-1;-1;-1;-1;-1;-1;0;0;0;0;0;0;0;-1;-1;-1;-1;-1;-1;-1;-1;-1;-1;-1;-1;-1;-1;-1;-1;-1;-1;-1;-1;-1;-1;-1;27;81;87;87;94;55;61;68;41;14.33;0;4;5.07;RTU;Smiltene;1.18;1.18;1.13;1.29;1.5;1.57;73;20;14;14;7;71;71;71;2.57;1.29;3.86;1212;22;Y;Y;Y;Y;Y;N;N
352301;7049;7054;2018;complete;2521;22;-1;;-1;0;1;1;-1;-1;-1;-1;-1;-1;-1;-1;-1;-1;-1;-1;-1;-1;-1;-1;-1;-1;-1;-1;-1;0;0;0;0;0;0;0;0;0;0;0;0;0;0;0;0;0;0;0;0;0;0;0;0;0;0;0;0;0;0;0;0;0;0;0;0;0;0;0;0;0;0;0;0;0;0;0;0;0;0;0;0;0;0;0;0;0;0;0;0;0;0;0;0;0;0;0;0;1;0;0;0;0;0;0;2018-09-01 14:00:00;7054;0;50;57;57;1;-1;-1;-1;-1;-1;-1;-1;-1;-1;-1;-1;-1;-1;-1;-1;0;0;0;0;0;0;0;-1;-1;-1;-1;-1;-1;-1;-1;-1;-1;-1;-1;-1;-1;-1;-1;-1;-1;-1;-1;-1;-1;-1;75;87;87;94;100;40;59;65;52;7.25;0;5.88;6.03;Preilu BJSS;Balvu;0;0.64;0;0.57;0.6;0.4;26;14;14;7;0;75;69;63;1.33;1.13;2.46;1212;22;Y;N;N;N;N;N;N
352302;7050;7048;2018;complete;2521;16;-1;;-1,-1,-1,-1,-1,-1,-1,-1,-1;0;9;9;0;9;9;-1;-1;-1;-1;-1;-1;-1;-1;-1;-1;-1;-1;-1;-1;-1;-1;-1;-1;0;0;0;0;0;0;0;0;0;0;0;0;0;0;0;0;0;0;0;0;0;0;0;0;0;0;0;0;0;0;0;0;0;0;0;0;0;0;0;0;0;0;0;0;0;0;0;0;0;0;0;0;0;0;0;0;0;0;0;0;0;0;0;0;0;0;0;0;9;0;0;0;0;0;0;2018-09-08 12:00:00;7048;0;48;20;30;1;-1;-1;-1;-1;-1;-1;-1;-1;-1;-1;-1;-1;-1;-1;1;0;0;0;0;0;0;0;-1;-1;-1;-1;-1;-1;-1;-1;-1;-1;-1;-1;-1;-1;-1;-1;-1;-1;-1;-1;-1;-1;-1;48;67;80;94;100;41;61;61;47;12.17;0;5;4.65;Grobiņa;Super Nova;1.09;2.08;0.43;2;0.47;2.13;52;34;21;7;0;46;46;46;1.66;2.19;3.85;1212;22;Y;Y;Y;Y;Y;Y;N
352303;7056;7055;2018;complete;2521;16;-1;8,11,44,62;23,64,72;4;3;7;8;4;12;-1;-1;3;2;0;0;12;7;11;4;23;11;-1;-1;50;50;3;2;1.51;5.35;3.65;0;0;0;0;0;0;0;0;0;0;0;0;0;0;0;0;0;0;0;0;0;0;0;0;0;0;0;0;0;0;0;0;0;0;0;0;0;0;0;0;0;0;0;0;0;0;0;0;0;0;0;0;0;0;0;0;0;0;0;0;0;0;0;0;0;7;3;1;1;2;3;4;2018-09-08 13:00:00;7056;0;50;25;25;0;1;1;4;1;4;3;5;7;0;0;3;2;0;5;1;93;49;133;80;2.96;1.54;4.5;0;0;0;0;0;0;1;1;1;0;2;0;0;0;-1;-1;-1;-1;-1;-1;-1;-1;-1;25;59;67;92;100;17;50;42;25;8.5;0;3;3.5;Rēzekne / BJSS;JDFS Alberts;2.08;1.27;2.67;1.33;2;1.47;75;42;34;9;0;100;71;54;1.6;1.31;2.91;1212;22;Y;Y;Y;Y;Y;Y;Y
352304;7054;7057;2018;complete;2521;16;-1;-1;-1,-1;1;2;3;2;6;8;-1;-1;-1;-1;-1;-1;-1;-1;-1;-1;-1;-1;-1;-1;-1;-1;-1;-1;0;0;0;0;0;0;0;0;0;0;0;0;0;0;0;0;0;0;0;0;0;0;0;0;0;0;0;0;0;0;0;0;0;0;0;0;0;0;0;0;0;0;0;0;0;0;0;0;0;0;0;0;0;0;0;0;0;0;0;0;0;0;0;0;0;0;0;0;3;0;0;0;0;0;0;2018-09-08 13:00:00;7057;0;44;9;42;1;-1;-1;-1;-1;-1;-1;-1;-1;-1;-1;-1;-1;-1;-1;1;0;0;0;0;0;0;0;-1;-1;-1;-1;-1;-1;-1;-1;-1;-1;-1;-1;-1;-1;-1;-1;-1;-1;-1;-1;-1;-1;-1;44;76;76;82;94;51;51;57;38;8.08;0;2.17;5.69;Balvu;Smiltene;0.45;1.18;0.25;1.13;0.56;1.47;57;26;26;19;7;84;84;71;1.02;1.29;2.31;1212;22;Y;Y;Y;N;N;N;Y
352305;7052;7053;2018;complete;2521;16;-1;;-1,-1,-1,-1,-1,-1;0;6;6;-1;-1;-1;-1;-1;-1;-1;-1;-1;-1;-1;-1;-1;-1;-1;-1;-1;-1;-1;-1;-1;0;0;0;0;0;0;0;0;0;0;0;0;0;0;0;0;0;0;0;0;0;0;0;0;0;0;0;0;0;0;0;0;0;0;0;0;0;0;0;0;0;0;0;0;0;0;0;0;0;0;0;0;0;0;0;0;0;0;0;0;0;0;0;0;0;0;0;0;6;0;0;0;0;0;0;2018-09-08 14:00:00;7053;0;62;38;63;1;-1;-1;-1;-1;-1;-1;-1;-1;-1;-1;-1;-1;-1;-1;-1;0;0;0;0;0;0;0;-1;-1;-1;-1;-1;-1;-1;-1;-1;-1;-1;-1;-1;-1;-1;-1;-1;-1;-1;-1;-1;-1;-1;47;62;93;100;100;23;31;48;48;13.4;0;6.5;4.5;Staiceles Bebri;RTU;0.45;2;0.57;2;0.6;1.6;54;38;7;0;0;65;65;20;1.72;2.75;4.47;1212;22;Y;Y;Y;Y;Y;Y;N
352306;7051;7058;2018;complete;2521;16;-1;30,36,58;24,72;3;2;5;6;3;9;-1;-1;2;3;0;0;9;5;12;2;21;7;-1;-1;50;50;2;3;1.19;6.8;7.25;0;0;1.2;1.52;0;0;0;4;2.43;0;0;0;0;0;0;0;0;0;0;1.49;3.48;6.55;0;0;0;0;0;0;0;0;0;0;0;0;0;0;0;0;0;0;0;0;0;0;0;0;0;0;0;0;0;0;0;0;1.62;0;0;0;2.13;0;0;0;0;0;0;5;2;1;1;1;2;3;2018-09-08 14:00:00;7051;0;43;37;44;0;1;1;3;1;3;2;4;5;1;1;1;2;2;3;1;93;44;149;106;2.63;1.12;3.75;0;0;0;0;0;0;1;1;0;0;0;0;0;0;-1;-1;-1;-1;-1;-1;-1;-1;-1;36;57;64;86;100;43;57;57;36;13.1;0;2.93;3.72;Tukums;Auda;2;1.73;2.57;1.86;2.6;1.47;64;43;36;15;0;78;68;68;1.85;1.68;3.53;1212;22;Y;Y;Y;Y;Y;N;Y
352307;1091;7049;2018;complete;2521;16;-1;-1;;1;0;1;11;3;14;-1;-1;-1;-1;-1;-1;-1;-1;-1;-1;-1;-1;-1;-1;-1;-1;-1;-1;0;0;0;0;0;0;0;0;0;0;0;0;0;0;0;0;0;0;0;0;0;0;0;0;0;0;0;0;0;0;0;0;0;0;0;0;0;0;0;0;0;0;0;0;0;0;0;0;0;0;0;0;0;0;0;0;0;0;0;0;0;0;0;0;0;0;0;0;1;0;0;0;0;0;0;2018-09-09 14:00:00;1091;0;43;10;50;1;-1;-1;-1;-1;-1;-1;-1;-1;-1;-1;-1;-1;-1;-1;1;0;0;0;0;0;0;0;-1;-1;-1;-1;-1;-1;-1;-1;-1;-1;-1;-1;-1;-1;-1;-1;-1;-1;-1;-1;-1;-1;-1;64;79;100;100;100;50;64;71;71;15.73;0;2.4;6;BFC Daugavpils;Preilu BJSS;2.77;0.82;2.57;1.29;2.47;0.56;36;22;0;0;0;84;84;57;2.47;2.15;4.62;1212;22;Y;N;N;N;N;N;N
352308;7050;7052;2018;complete;2521;17;-1;5,24,83,85;10,36,63;4;3;7;3;4;7;-1;-1;1;2;0;0;9;5;4;2;13;7;-1;-1;50;50;1;2;1.53;5.25;3.6;0;0;0;0;0;0;0;0;0;0;0;0;0;0;0;0;0;0;0;0;0;0;0;0;0;0;0;0;0;0;0;0;0;0;0;0;0;0;0;0;0;0;0;0;0;0;0;0;0;0;0;0;0;0;0;0;0;0;0;0;0;0;0;0;0;7;2;2;2;1;3;4;2018-09-15 13:00:00;7050;0;44;40;40;0;1;1;2;3;1;1;5;2;0;1;1;1;1;2;1;59;43;112;90;1.88;1.11;2.99;0;0;0;0;0;0;1;1;1;1;0;1;0;0;-1;-1;-1;-1;-1;-1;-1;-1;-1;50;69;75;94;100;32;57;63;44;7.36;0;7.2;5.25;Grobiņa;Staiceles Bebri;1.09;0.45;0.38;0.63;0.44;0.56;50;32;25;7;0;86;79;70;1.66;1.03;2.69;1212;22;Y;Y;Y;Y;Y;Y;Y
352309;7057;7049;2018;complete;2521;17;-1;7,31,41;48,90;3;2;5;5;1;6;-1;-1;1;1;0;0;8;5;7;5;15;10;-1;-1;50;50;1;1;1.06;8.75;14.75;0;0;0;0;0;0;0;0;0;0;0;0;0;0;0;0;0;0;0;0;0;0;0;0;0;0;0;0;0;0;0;0;0;0;0;0;0;0;0;0;0;0;0;0;0;0;0;0;0;0;0;0;0;0;0;0;0;0;0;0;0;0;0;0;0;5;3;0;0;2;2;3;2018-09-15 13:00:00;7057;0;60;23;53;0;1;1;2;1;3;0;3;3;0;0;1;1;0;2;1;62;43;116;99;1.96;1.3;3.26;0;0;0;0;0;0;1;1;1;0;0;0;0;0;-1;-1;-1;-1;-1;-1;-1;-1;-1;54;67;94;94;100;40;60;60;60;10.58;0;2.45;5.04;Smiltene;Preilu BJSS;1.82;0.82;1.86;1.13;1.56;0.53;47;34;7;7;0;88;88;79;1.68;2.15;3.83;1212;22;Y;Y;Y;Y;Y;N;Y
352310;7055;7053;2018;complete;2521;17;-1;;17,34,60,90;0;4;4;5;10;15;-1;-1;5;1;0;0;0;12;3;12;3;24;-1;-1;50;50;5;1;9;6.7;1.16;0;0;0;0;0;0;0;0;0;0;0;0;0;0;0;0;0;0;0;0;0;0;0;0;0;0;0;0;0;0;0;0;0;0;0;0;0;0;0;0;0;0;0;0;0;0;0;0;0;0;0;0;0;0;0;0;0;0;0;0;0;0;0;0;0;4;0;2;0;2;2;2;2018-09-15 13:00:00;7053;0;73;25;63;0;1;1;3;8;2;2;11;4;1;0;4;1;1;5;1;43;108;91;114;0.51;3.12;3.63;0;0;0;0;0;0;1;1;0;0;3;0;0;0;-1;-1;-1;-1;-1;-1;-1;-1;-1;40;47;84;95;100;18;31;51;40;14.4;0;5.5;4.29;JDFS Alberts;RTU;1.27;2;1.56;2.14;1.38;1.69;61;54;17;6;0;83;76;56;1.58;2.75;4.33;1212;22;Y;Y;Y;Y;N;N;N
352311;7051;7054;2018;complete;2521;17;-1;-1,-1,-1,-1,-1;;5;0;5;-1;-1;-1;-1;-1;-1;-1;-1;-1;-1;-1;-1;-1;-1;-1;-1;-1;-1;-1;-1;-1;0;0;0;0;0;0;0;0;0;0;0;0;0;0;0;0;0;0;0;0;0;0;0;0;0;0;0;0;0;0;0;0;0;0;0;0;0;0;0;0;0;0;0;0;0;0;0;0;0;0;0;0;0;0;0;0;0;0;0;0;0;0;0;0;0;0;0;0;5;0;0;0;0;0;0;2018-09-15 14:00:00;7051;0;57;75;88;1;-1;-1;-1;-1;-1;-1;-1;-1;-1;-1;-1;-1;-1;-1;-1;0;0;0;0;0;0;0;-1;-1;-1;-1;-1;-1;-1;-1;-1;-1;-1;-1;-1;-1;-1;-1;-1;-1;-1;-1;-1;-1;-1;57;69;69;82;100;32;38;38;32;11.05;0;5;5.07;Tukums;Balvu;2;0.64;2.63;0.88;2.63;0.53;44;32;32;19;0;78;68;68;2.05;1.13;3.18;1212;22;Y;Y;Y;Y;Y;N;N
352312;1091;7056;2018;complete;2521;17;-1;-1,-1,-1,-1;-1,-1;4;2;6;-1;-1;-1;-1;-1;-1;-1;-1;-1;-1;-1;-1;-1;-1;-1;-1;-1;-1;-1;-1;-1;0;0;0;0;0;0;0;0;0;0;0;0;0;0;0;0;0;0;0;0;0;0;0;0;0;0;0;0;0;0;0;0;0;0;0;0;0;0;0;0;0;0;0;0;0;0;0;0;0;0;0;0;0;0;0;0;0;0;0;0;0;0;0;0;0;0;0;0;6;0;0;0;0;0;0;2018-09-15 14:00:00;1091;0;40;9;35;1;-1;-1;-1;-1;-1;-1;-1;-1;-1;-1;-1;-1;-1;-1;-1;0;0;0;0;0;0;0;-1;-1;-1;-1;-1;-1;-1;-1;-1;-1;-1;-1;-1;-1;-1;-1;-1;-1;-1;-1;-1;-1;-1;60;71;89;89;95;47;53;60;60;15.9;0;3.2;5.74;BFC Daugavpils;Rēzekne / BJSS;2.77;1.08;2.63;1.56;2.5;2.06;41;29;12;12;6;77;69;38;2.47;2.35;4.82;1212;25;Y;Y;Y;Y;Y;Y;Y
352313;7048;7058;2018;complete;2521;17;-1;-1,-1,-1;;3;0;3;-1;-1;-1;-1;-1;-1;-1;-1;-1;-1;-1;-1;-1;-1;-1;-1;-1;-1;-1;-1;-1;1.11;7.25;11.25;0;0;0;0;0;0;0;0;0;0;0;0;0;0;0;0;0;0;0;0;0;0;0;0;0;0;0;0;0;0;0;0;0;0;0;0;0;0;0;0;0;0;0;0;0;0;0;0;0;0;0;0;0;0;0;0;0;0;0;0;0;0;0;0;0;3;0;0;0;0;0;0;2018-09-15 15:00:00;7048;0;60;35;47;1;-1;-1;-1;-1;-1;-1;-1;-1;-1;-1;-1;-1;-1;-1;-1;0;0;0;0;0;0;0;-1;-1;-1;-1;-1;-1;-1;-1;-1;-1;-1;-1;-1;-1;-1;-1;-1;-1;-1;-1;-1;-1;-1;40;53;66;79;100;53;66;73;54;13.9;0;5.03;3.91;Super Nova;Auda;2.62;1.73;2.29;1.63;2.19;1.38;61;48;34;22;0;92;75;75;2.48;1.59;4.07;1212;22;Y;Y;Y;N;N;N;N
352314;7058;7050;2018;complete;2521;18;-1;35,37,51;;3;0;3;8;2;10;-1;-1;-1;-1;-1;-1;16;5;17;3;33;8;-1;-1;51;49;-1;-1;1.43;4.95;4.5;1.01;1.06;1.27;1.59;2.7;34;1.02;2.9;2.1;1.38;1.35;2.6;0;0;0;0;0;0;0;1.4;2.66;4.8;0;0;0;0;0;0;0;0;0;0;0;0;0;0;0;0;0;0;1.33;34;3.2;0;0;0;0;0;0;0;0;0;0;0;1.5;0;0;0;1.02;0;0;0;0;0;0;3;2;0;1;0;1;2;2018-09-22 11:00:00;7058;0;69;29;42;0;1;-1;3;1;5;1;4;6;-1;-1;-1;-1;-1;-1;1;57;32;86;68;3.59;1.09;4.68;-1;-1;-1;-1;-1;-1;-1;1;0;0;0;1;-1;-1;-1;-1;-1;-1;-1;-1;-1;-1;-1;57;82;88;94;94;57;76;75;63;8.88;0;4.18;5.13;Auda;Grobiņa;1.64;0.73;1.13;0.5;1.29;0.59;44;19;13;7;7;78;65;65;1.3;1.26;2.56;1212;22;Y;Y;Y;N;N;N;N
352315;7052;7055;2018;complete;2521;18;-1;;-1;0;1;1;-1;-1;-1;-1;-1;-1;-1;-1;-1;-1;-1;-1;-1;-1;-1;-1;-1;-1;-1;-1;-1;0;0;0;0;0;0;0;0;0;0;0;0;0;0;0;0;0;0;0;0;0;0;0;0;0;0;0;0;0;0;0;0;0;0;0;0;0;0;0;0;0;0;0;0;0;0;0;0;0;0;0;0;0;0;0;0;0;0;0;0;0;0;0;0;0;0;0;0;1;0;0;0;0;0;0;2018-09-22 14:00:00;7055;0;54;35;55;1;-1;-1;-1;-1;-1;-1;-1;-1;-1;-1;-1;-1;-1;-1;-1;0;0;0;0;0;0;0;-1;-1;-1;-1;-1;-1;-1;-1;-1;-1;-1;-1;-1;-1;-1;-1;-1;-1;-1;-1;-1;-1;-1;47;60;73;93;100;27;48;48;41;8.6;0;6.4;3.98;Staiceles Bebri;JDFS Alberts;0.45;1.27;0.5;1.14;0.53;1.29;54;41;28;7;0;75;65;40;1.72;1.36;3.08;1212;22;Y;N;N;N;N;N;N
352316;7053;1091;2018;complete;2521;18;-1;;-1;0;1;1;-1;-1;-1;-1;-1;-1;-1;-1;-1;-1;-1;-1;-1;-1;-1;-1;-1;-1;-1;-1;-1;0;0;0;0;0;0;0;0;0;0;0;0;0;0;0;0;0;0;0;0;0;0;0;0;0;0;0;0;0;0;0;0;0;0;0;0;0;0;0;0;0;0;0;0;0;0;0;0;0;0;0;0;0;0;0;0;0;0;0;0;0;0;0;0;0;0;0;0;1;0;0;0;0;0;0;2018-09-22 14:00:00;1091;0;64;20;23;1;-1;-1;-1;-1;-1;-1;-1;-1;-1;-1;-1;-1;-1;-1;-1;0;0;0;0;0;0;0;-1;-1;-1;-1;-1;-1;-1;-1;-1;-1;-1;-1;-1;-1;-1;-1;-1;-1;-1;-1;-1;-1;-1;42;64;82;89;95;23;47;47;36;15.5;0;3.5;5.18;RTU;BFC Daugavpils;1.18;2.58;1.33;2.38;1.76;2.53;59;36;18;12;6;78;58;58;2.57;2.2;4.77;1212;22;Y;N;N;N;N;N;N
352317;7056;7057;2018;complete;2521;18;-1;-1,-1,-1,-1,-1,-1;;6;0;6;-1;-1;-1;-1;-1;-1;-1;-1;-1;-1;-1;-1;-1;-1;-1;-1;-1;-1;-1;-1;-1;0;0;0;0;0;0;0;0;0;0;0;0;0;0;0;0;0;0;0;0;0;0;0;0;0;0;0;0;0;0;0;0;0;0;0;0;0;0;0;0;0;0;0;0;0;0;0;0;0;0;0;0;0;0;0;0;0;0;0;0;0;0;0;0;0;0;0;0;6;0;0;0;0;0;0;2018-09-22 14:00:00;7056;0;51;42;33;1;-1;-1;-1;-1;-1;-1;-1;-1;-1;-1;-1;-1;-1;-1;-1;0;0;0;0;0;0;0;-1;-1;-1;-1;-1;-1;-1;-1;-1;-1;-1;-1;-1;-1;-1;-1;-1;-1;-1;-1;-1;-1;-1;31;75;88;95;100;43;50;48;24;10.75;0;2.83;4.54;Rēzekne / BJSS;Smiltene;2.08;1.18;2.71;1.33;1.94;1.65;69;26;13;6;0;79;66;54;1.94;1.29;3.23;1212;22;Y;Y;Y;Y;Y;Y;N
352318;7049;7051;2018;complete;2521;18;-1;;-1,-1,-1;0;3;3;-1;-1;-1;-1;-1;-1;-1;-1;-1;-1;-1;-1;-1;-1;-1;-1;-1;-1;-1;-1;-1;0;0;0;0;0;0;0;0;0;0;0;0;0;0;0;0;0;0;0;0;0;0;0;0;0;0;0;0;0;0;0;0;0;0;0;0;0;0;0;0;0;0;0;0;0;0;0;0;0;0;0;0;0;0;0;0;0;0;0;0;0;0;0;0;0;0;0;0;3;0;0;0;0;0;0;2018-09-22 13:00:00;7051;0;18;19;7;1;-1;-1;-1;-1;-1;-1;-1;-1;-1;-1;-1;-1;-1;-1;-1;0;0;0;0;0;0;0;-1;-1;-1;-1;-1;-1;-1;-1;-1;-1;-1;-1;-1;-1;-1;-1;-1;-1;-1;-1;-1;-1;-1;35;64;71;71;100;29;58;70;46;13.5;0;4.13;3.55;Preilu BJSS;Tukums;0;2.08;0;2.63;0.5;2.65;66;36;30;30;0;71;65;59;1.33;1.66;2.99;1212;22;Y;Y;Y;N;N;N;N
352319;7048;7054;2018;complete;2521;18;-1;-1,-1,-1,-1,-1,-1,-1;-1;7;1;8;-1;-1;-1;-1;-1;-1;-1;-1;-1;-1;-1;-1;-1;-1;-1;-1;-1;-1;-1;-1;-1;0;0;0;0;0;0;0;0;0;0;0;0;0;0;0;0;0;0;0;0;0;0;0;0;0;0;0;0;0;0;0;0;0;0;0;0;0;0;0;0;0;0;0;0;0;0;0;0;0;0;0;0;0;0;0;0;0;0;0;0;0;0;0;0;0;0;0;0;8;0;0;0;0;0;0;2018-09-22 15:00:00;7048;0;59;60;80;1;-1;-1;-1;-1;-1;-1;-1;-1;-1;-1;-1;-1;-1;-1;-1;0;0;0;0;0;0;0;-1;-1;-1;-1;-1;-1;-1;-1;-1;-1;-1;-1;-1;-1;-1;-1;-1;-1;-1;-1;-1;-1;-1;52;58;71;76;100;30;36;43;36;12.65;0;6.7;4.97;Super Nova;Balvu;2.62;0.64;2.38;0.78;2.24;0.5;49;43;30;25;0;88;88;88;2.48;1.13;3.61;1212;22;Y;Y;Y;Y;Y;Y;Y
352320;7058;7052;2018;complete;2521;19;-1;37,41,59,73;;4;0;4;10;9;19;-1;-1;1;4;0;0;10;4;6;6;16;10;-1;-1;54;46;1;4;1.19;6.8;7.25;0;0;0;0;0;0;0;0;0;0;0;0;0;0;0;0;0;0;0;0;0;0;0;0;0;0;0;0;0;0;0;0;0;0;0;0;0;0;0;0;0;0;0;0;0;0;0;0;0;0;0;0;0;0;0;0;0;0;0;0;0;0;0;0;0;4;2;0;2;0;2;2;2018-09-29 11:00:00;7058;0;56;36;39;0;1;1;6;5;4;4;11;8;0;0;1;4;0;5;1;92;68;107;94;2.37;1.4;3.77;0;0;0;0;0;0;1;1;0;0;0;0;0;0;-1;-1;-1;-1;-1;-1;-1;-1;-1;39;73;89;95;100;50;73;84;67;7.04;0;7.05;4.89;Auda;Staiceles Bebri;1.64;0.45;1.33;0.56;1.39;0.5;62;28;11;6;0;82;71;58;1.58;1.04;2.62;1212;22;Y;Y;Y;Y;N;N;N
352321;7050;7054;2018;complete;2521;19;-1;-1,-1,-1,-1,-1,-1;-1;6;1;7;10;2;12;-1;-1;-1;-1;-1;-1;11;7;10;8;21;15;-1;-1;50;50;-1;-1;1.56;4.75;3.65;0;0;0;0;0;0;0;0;0;0;0;0;0;0;0;0;0;0;0;0;0;0;0;0;0;0;0;0;0;0;0;0;0;0;0;0;0;0;0;0;0;0;0;0;0;0;0;0;0;0;0;0;0;0;0;0;0;0;0;0;0;0;0;0;0;7;0;0;0;0;0;0;2018-09-29 13:00:00;7050;0;63;75;84;1;1;-1;7;1;3;1;8;4;-1;-1;-1;-1;-1;-1;1;107;57;135;111;2.86;1.85;4.71;-1;-1;-1;-1;-1;-1;-1;-1;-1;-1;1;0;-1;-1;-1;-1;-1;-1;-1;-1;-1;-1;-1;79;79;79;95;100;32;44;44;32;6.88;0;5.33;6.25;Grobiņa;Balvu;1.09;0.64;0.67;0.7;0.56;0.47;21;21;21;5;0;69;63;63;1.7;1.13;2.83;1212;22;Y;Y;Y;Y;Y;Y;Y
352322;7057;7053;2018;complete;2521;19;-1;-1,-1,-1;-1,-1,-1;3;3;6;-1;-1;-1;-1;-1;-1;-1;-1;-1;-1;-1;-1;-1;-1;-1;-1;-1;-1;-1;-1;-1;0;0;0;0;0;0;0;0;0;0;0;0;0;0;0;0;0;0;0;0;0;0;0;0;0;0;0;0;0;0;0;0;0;0;0;0;0;0;0;0;0;0;0;0;0;0;0;0;0;0;0;0;0;0;0;0;0;0;0;0;0;0;0;0;0;0;0;0;6;0;0;0;0;0;0;2018-09-29 13:00:00;-1;0;57;20;40;1;-1;-1;-1;-1;-1;-1;-1;-1;-1;-1;-1;-1;-1;-1;-1;0;0;0;0;0;0;0;-1;-1;-1;-1;-1;-1;-1;-1;-1;-1;-1;-1;-1;-1;-1;-1;-1;-1;-1;-1;-1;-1;-1;57;75;100;100;100;32;51;63;63;13.47;0;3.4;5.25;Smiltene;RTU;1.82;2;2;2.25;1.56;1.67;44;25;0;0;0;72;72;55;1.74;2.81;4.55;1212;22;Y;Y;Y;Y;Y;Y;Y
352323;1091;7055;2018;complete;2521;19;-1;23,55,72,83;;4;0;4;11;2;13;-1;-1;1;2;0;0;11;2;5;1;16;3;-1;-1;50;50;1;2;1.04;10.5;14.75;0;0;0;0;0;0;0;0;0;0;0;0;0;0;0;0;0;0;0;0;0;0;0;0;0;0;0;0;0;0;0;0;0;0;0;0;0;0;0;0;0;0;0;0;0;0;0;0;0;0;0;0;0;0;0;0;0;0;0;0;0;0;0;0;0;4;1;0;3;0;3;1;2018-09-29 13:00:00;1091;0;36;10;40;0;1;1;5;1;6;1;6;7;0;1;1;1;1;2;1;108;26;130;80;2.56;0.53;3.09;0;0;0;0;0;0;1;1;0;0;1;0;0;0;-1;-1;-1;-1;-1;-1;-1;-1;-1;53;64;70;82;100;29;54;60;53;13.17;0;3.6;4.8;BFC Daugavpils;JDFS Alberts;2.77;1.27;2.67;1.38;2.56;1.39;48;36;31;18;0;86;76;62;2.47;1.36;3.83;1212;22;Y;Y;Y;Y;N;N;N
352324;7056;7051;2018;complete;2521;19;-1;58,74;15;2;1;3;5;9;14;-1;-1;3;1;0;0;4;7;2;8;6;15;-1;-1;50;50;3;1;2.95;4.3;1.8;0;0;0;0;0;0;0;0;0;0;0;0;0;0;0;0;0;0;0;0;0;0;0;0;0;0;0;0;0;0;0;0;0;0;0;0;0;0;0;0;0;0;0;0;0;0;0;0;0;0;0;0;0;0;0;0;0;0;0;0;0;0;0;0;0;3;0;1;2;0;2;1;2018-09-29 13:00:00;7056;0;36;46;17;0;1;1;3;2;2;7;5;9;1;0;2;1;1;3;1;65;81;102;114;1.14;2.02;3.16;0;0;0;0;0;0;1;1;0;0;0;0;0;0;-1;-1;-1;-1;-1;-1;-1;-1;-1;25;60;78;84;100;18;36;35;18;14.25;0;3.08;3.7;Rēzekne / BJSS;Tukums;2.08;2.08;2.75;2.67;2;2.67;76;41;23;17;0;84;71;59;1.94;1.66;3.6;1212;25;Y;Y;Y;N;N;N;Y
352325;7048;7049;2018;complete;2521;19;-1;-1,-1,-1;-1,-1;3;2;5;-1;-1;-1;-1;-1;-1;-1;-1;-1;-1;-1;-1;-1;-1;-1;-1;-1;-1;-1;-1;-1;0;0;0;0;0;0;0;0;0;0;0;0;0;0;0;0;0;0;0;0;0;0;0;0;0;0;0;0;0;0;0;0;0;0;0;0;0;0;0;0;0;0;0;0;0;0;0;0;0;0;0;0;0;0;0;0;0;0;0;0;0;0;0;0;0;0;0;0;5;0;0;0;0;0;0;2018-09-29 15:00:00;7048;0;62;19;64;1;-1;-1;-1;-1;-1;-1;-1;-1;-1;-1;-1;-1;-1;-1;-1;0;0;0;0;0;0;0;-1;-1;-1;-1;-1;-1;-1;-1;-1;-1;-1;-1;-1;-1;-1;-1;-1;-1;-1;-1;-1;-1;-1;45;56;78;78;100;45;56;62;56;15.54;0;4.37;4.28;Super Nova;Preilu BJSS;2.62;0.82;2.44;1;2.28;0.47;56;45;22;22;0;93;93;86;2.48;2.01;4.49;1212;22;Y;Y;Y;Y;Y;N;Y
352326;7054;7058;2018;complete;2521;20;-1;;-1,-1,-1,-1,-1;0;5;5;-1;-1;-1;-1;-1;-1;-1;-1;-1;-1;-1;-1;-1;-1;-1;-1;-1;-1;-1;-1;-1;0;0;0;0;0;0;0;0;0;0;0;0;0;0;0;0;0;0;0;0;0;0;0;0;0;0;0;0;0;0;0;0;0;0;0;0;0;0;0;0;0;0;0;0;0;0;0;0;0;0;0;0;0;0;0;0;0;0;0;0;0;0;0;0;0;0;0;0;5;0;0;0;0;0;0;2018-10-06 11:00:00;7058;0;56;25;42;1;-1;-1;-1;-1;-1;-1;-1;-1;-1;-1;-1;-1;-1;-1;-1;0;0;0;0;0;0;0;-1;-1;-1;-1;-1;-1;-1;-1;-1;-1;-1;-1;-1;-1;-1;-1;-1;-1;-1;-1;-1;-1;-1;44;56;73;89;95;45;50;50;39;6.5;0;2.5;5.06;Balvu;Auda;0.45;1.73;0.22;1.44;0.45;1.47;56;44;28;11;6;82;65;55;1.02;1.59;2.61;1212;22;Y;Y;Y;Y;Y;N;N
352327;7057;7055;2018;complete;2521;20;-1;-1,-1,-1,-1,-1,-1;-1,-1,-1;6;3;9;-1;-1;-1;-1;-1;-1;-1;-1;-1;-1;-1;-1;-1;-1;-1;-1;-1;-1;-1;-1;-1;0;0;0;0;0;0;0;0;0;0;0;0;0;0;0;0;0;0;0;0;0;0;0;0;0;0;0;0;0;0;0;0;0;0;0;0;0;0;0;0;0;0;0;0;0;0;0;0;0;0;0;0;0;0;0;0;0;0;0;0;0;0;0;0;0;0;0;0;9;0;0;0;0;0;0;2018-10-06 11:00:00;7057;0;56;19;35;1;-1;-1;-1;-1;-1;-1;-1;-1;-1;-1;-1;-1;-1;-1;-1;0;0;0;0;0;0;0;-1;-1;-1;-1;-1;-1;-1;-1;-1;-1;-1;-1;-1;-1;-1;-1;-1;-1;-1;-1;-1;-1;-1;50;67;78;89;100;28;62;62;56;8.13;0;3.53;4.5;Smiltene;JDFS Alberts;1.82;1.27;1.89;1.22;1.53;1.32;50;33;22;11;0;80;72;72;1.74;1.22;2.96;1212;22;Y;Y;Y;Y;Y;Y;Y
352328;7051;7053;2018;complete;2521;20;-1;89;27,70;1;2;3;13;4;17;-1;-1;2;2;0;0;10;6;15;6;25;12;-1;-1;51;49;2;2;0;0;0;0;0;0;0;0;0;0;0;0;0;0;0;0;0;0;0;0;0;0;0;0;0;0;0;0;0;0;0;0;0;0;0;0;0;0;0;0;0;0;0;0;0;0;0;0;0;0;0;0;0;0;0;0;0;0;0;0;0;0;0;0;0;0;0;0;3;0;1;1;1;2;1;2018-10-06 11:00:00;7053;0;45;35;68;0;1;1;6;2;7;2;8;9;0;2;2;0;2;2;1;97;61;106;108;2.96;1.62;4.58;0;0;0;0;0;0;1;1;0;0;2;1;0;0;-1;-1;-1;-1;-1;-1;-1;-1;-1;50;73;84;89;100;28;39;50;45;17.47;0;3.7;4.39;Tukums;RTU;2;2;2.67;2.11;2.53;1.63;50;28;17;11;0;82;72;55;2.05;2.81;4.86;1212;22;Y;Y;Y;N;N;N;Y
352329;7052;1091;2018;complete;2521;20;-1;;-1,-1,-1,-1,-1;0;5;5;-1;-1;-1;-1;-1;-1;-1;-1;-1;-1;-1;-1;-1;-1;-1;-1;-1;-1;-1;-1;-1;0;0;0;0;0;0;0;0;0;0;0;0;0;0;0;0;0;0;0;0;0;0;0;0;0;0;0;0;0;0;0;0;0;0;0;0;0;0;0;0;0;0;0;0;0;0;0;0;0;0;0;0;0;0;0;0;0;0;0;0;0;0;0;0;0;0;0;0;5;0;0;0;0;0;0;2018-10-06 13:00:00;1091;0;44;25;38;1;-1;-1;-1;-1;-1;-1;-1;-1;-1;-1;-1;-1;-1;-1;-1;0;0;0;0;0;0;0;-1;-1;-1;-1;-1;-1;-1;-1;-1;-1;-1;-1;-1;-1;-1;-1;-1;-1;-1;-1;-1;-1;-1;44;50;73;84;100;17;33;33;28;11;0;5;4.34;Staiceles Bebri;BFC Daugavpils;0.45;2.58;0.44;2.44;0.47;2.58;56;50;28;17;0;65;45;20;1.72;2.2;3.92;1212;22;Y;Y;Y;Y;Y;N;N
352330;7056;7048;2018;complete;2521;20;-1;73,85;51,58,71,78,87,90;2;6;8;3;2;5;-1;-1;4;2;0;0;4;8;4;7;8;15;-1;-1;50;50;4;2;0;0;0;0;0;0;0;0;0;0;0;0;0;0;0;0;0;0;0;0;0;0;0;0;0;0;0;0;0;0;0;0;0;0;0;0;0;0;0;0;0;0;0;0;0;0;0;0;0;0;0;0;0;0;0;0;0;0;0;0;0;0;0;0;0;0;0;0;8;0;0;2;6;8;0;2018-10-06 13:00:00;7048;0;45;25;13;0;1;1;2;1;1;1;3;2;1;1;3;1;2;4;1;72;59;129;101;1.32;1.93;3.25;0;0;0;0;0;0;1;1;0;0;1;0;0;0;-1;-1;-1;-1;-1;-1;-1;-1;-1;33;67;89;95;100;28;44;39;33;12.6;0;4.75;4.45;Rēzekne / BJSS;Super Nova;2.08;2.08;2.78;2.11;2.05;2.32;67;33;11;6;0;70;50;40;1.78;2.19;3.97;1212;25;Y;Y;Y;Y;Y;Y;Y
352331;7049;7050;2018;complete;2521;20;-1;77;20,90;1;2;3;3;8;11;-1;-1;2;3;0;0;6;7;7;4;13;11;-1;-1;50;50;2;3;0;0;0;0;0;0;0;0;0;0;0;0;0;0;0;0;0;0;0;0;0;0;0;0;0;0;0;0;0;0;0;0;0;0;0;0;0;0;0;0;0;0;0;0;0;0;0;0;0;0;0;0;0;0;0;0;0;0;0;0;0;0;0;0;0;0;0;0;3;0;1;1;1;2;1;2018-10-07 13:00:00;7050;0;33;21;21;0;1;1;1;4;2;4;5;6;1;1;1;2;2;3;1;76;51;144;80;1.8;1.55;3.35;0;0;0;0;0;0;1;1;0;0;0;0;0;0;-1;-1;-1;-1;-1;-1;-1;-1;-1;53;69;79;85;95;48;69;68;47;9.5;0;4.18;4.55;Preilu BJSS;Grobiņa;0;0.73;0;0.44;0.45;0.68;47;32;21;16;6;79;73;59;1.33;1.23;2.56;1212;22;Y;Y;Y;N;N;N;Y
352332;7054;7052;2018;complete;2521;21;-1;5,75;;2;0;2;7;15;22;-1;-1;1;1;0;0;4;2;5;11;9;13;-1;-1;50;50;1;1;2.4;4.9;2;0;0;0;0;0;0;0;0;0;0;0;0;0;0;0;0;0;0;0;0;0;0;0;0;0;0;0;0;0;0;0;0;0;0;0;0;0;0;0;0;0;0;0;0;0;0;0;0;0;0;0;0;0;0;0;0;0;0;0;0;0;0;0;0;0;2;1;0;1;0;1;1;2018-10-13 11:00:00;7054;0;45;22;40;0;1;1;3;7;4;8;10;12;1;1;0;0;2;0;1;49;97;71;110;1.2;1.66;2.86;0;0;0;0;0;0;1;1;1;0;0;2;0;0;-1;-1;-1;-1;-1;-1;-1;-1;-1;40;65;75;85;95;35;45;50;45;6.5;0;5.24;5.4;Balvu;Staiceles Bebri;0.45;0.45;0.2;0.5;0.43;0.45;60;35;25;15;5;84;84;68;1.02;1.1;2.12;1212;22;Y;Y;N;N;N;N;N
352333;7058;7049;2018;complete;2521;21;-1;12,53,60;;3;0;3;8;6;14;-1;-1;2;1;0;0;16;5;9;4;25;9;-1;-1;50;50;2;1;0;0;0;0;0;0;0;0;0;0;0;0;0;0;0;0;0;0;0;0;0;0;0;0;0;0;0;0;0;0;0;0;0;0;0;0;0;0;0;0;0;0;0;0;0;0;0;0;0;0;0;0;0;0;0;0;0;0;0;0;0;0;0;0;0;0;0;0;3;1;0;2;0;2;1;2018-10-13 11:00:00;7058;0;65;19;54;0;1;1;2;4;6;2;6;8;1;1;1;0;2;1;1;75;43;90;93;3.22;1.24;4.46;0;0;0;0;0;0;1;1;0;0;0;2;0;0;-1;-1;-1;-1;-1;-1;-1;-1;-1;50;75;95;95;100;60;75;80;70;10.04;0;3.39;4.65;Auda;Preilu BJSS;1.64;0.82;1.5;0.9;1.55;0.43;50;25;5;5;0;83;73;61;1.67;2.01;3.68;1212;22;Y;Y;Y;N;N;N;N
352334;7050;7056;2018;complete;2521;21;-1;13,54;89;2;1;3;10;5;15;-1;-1;1;0;0;0;4;7;9;8;13;15;-1;-1;50;50;1;0;14.25;8.5;1.07;0;0;0;0;0;0;0;0;0;0;0;0;0;0;0;0;0;0;0;0;0;0;0;0;0;0;0;0;0;0;0;0;0;0;0;0;0;0;0;0;0;0;0;0;0;0;0;0;0;0;0;0;0;0;0;0;0;0;0;0;0;0;0;0;0;3;1;0;1;1;2;1;2018-10-13 11:00:00;7050;0;65;34;59;0;1;1;4;4;6;1;8;7;0;0;1;0;0;1;1;94;99;105;121;1.78;2.15;3.92;0;0;0;0;0;0;1;1;0;0;2;2;0;0;-1;-1;-1;-1;-1;-1;-1;-1;-1;70;75;85;95;95;45;55;55;45;11.55;0;3.83;5.65;Grobiņa;Rēzekne / BJSS;1.09;1.08;0.9;1.4;0.8;1.95;30;25;15;5;5;75;62;45;1.86;2.35;4.21;1212;22;Y;Y;Y;N;N;N;Y
352335;7048;7053;2018;complete;2521;21;-1;44,70,86;;3;0;3;6;7;13;-1;-1;3;3;0;0;14;5;18;3;32;8;-1;-1;50;50;3;3;1.24;5.45;7.75;0;0;0;0;0;0;0;0;0;0;0;0;0;0;0;0;0;0;0;0;0;0;0;0;0;0;0;0;0;0;0;0;0;0;0;0;0;0;0;0;0;0;0;0;0;0;0;0;0;0;0;0;0;0;0;0;0;0;0;0;0;0;0;0;0;3;1;0;2;0;2;1;2018-10-13 11:00:00;7048;0;60;19;64;0;1;1;1;6;5;1;7;6;2;0;1;3;2;4;1;124;81;120;110;3.87;1.45;5.31;0;0;0;0;0;0;1;1;0;0;0;1;0;0;-1;-1;-1;-1;-1;-1;-1;-1;-1;45;60;85;85;100;25;40;55;50;18.4;0;5.37;4.5;Super Nova;RTU;2.62;2;2.5;2.2;2.35;1.7;55;40;15;15;0;93;93;79;2.48;2.64;5.12;1212;22;Y;Y;Y;N;N;N;N
352336;7051;7055;2018;complete;2521;21;-1;-1;-1,-1,-1;1;3;4;-1;-1;-1;-1;-1;-1;-1;-1;-1;-1;-1;-1;-1;-1;-1;-1;-1;-1;-1;-1;-1;0;0;0;0;0;0;0;0;0;0;0;0;0;0;0;0;0;0;0;0;0;0;0;0;0;0;0;0;0;0;0;0;0;0;0;0;0;0;0;0;0;0;0;0;0;0;0;0;0;0;0;0;0;0;0;0;0;0;0;0;0;0;0;0;0;0;0;0;4;0;0;0;0;0;0;2018-10-13 11:00:00;7055;0;45;29;65;1;-1;-1;-1;-1;-1;-1;-1;-1;-1;-1;-1;-1;-1;-1;-1;0;0;0;0;0;0;0;-1;-1;-1;-1;-1;-1;-1;-1;-1;-1;-1;-1;-1;-1;-1;-1;-1;-1;-1;-1;-1;-1;-1;40;60;65;80;100;25;55;55;45;12.83;0;3.93;3.8;Tukums;JDFS Alberts;2;1.27;2.4;1.1;2.4;1.25;60;40;35;20;0;92;75;75;2.23;1.22;3.45;1212;22;Y;Y;Y;Y;N;N;Y
352337;7057;1091;2018;complete;2521;21;-1;72;4,22,56,63,71,76;1;6;7;4;11;15;-1;-1;2;0;1;0;3;14;4;10;7;24;-1;-1;50;50;4;0;15.25;10.25;1.04;0;0;0;0;0;0;0;0;0;0;0;0;0;0;0;0;0;0;0;0;0;0;0;0;0;0;0;0;0;0;0;0;0;0;0;0;0;0;0;0;0;0;0;0;0;0;0;0;0;0;0;0;0;0;0;0;0;0;0;0;0;0;0;0;0;7;0;2;1;4;5;2;2018-10-13 11:00:00;1091;0;55;10;23;0;1;1;2;6;2;5;8;7;2;0;1;0;2;1;1;29;102;94;153;0.88;3.23;4.1;0;0;0;0;0;0;1;1;0;1;0;2;0;0;-1;-1;-1;-1;-1;-1;-1;-1;-1;60;65;85;90;100;20;45;45;40;10.8;0;2.2;5.35;Smiltene;BFC Daugavpils;1.82;2.58;2;2.5;1.6;2.6;40;35;15;10;0;70;50;50;1.74;2.2;3.94;1212;22;Y;Y;Y;Y;Y;Y;Y
352338;7057;7052;2018;complete;2521;22;-1;45,70,73;;3;0;3;8;3;11;-1;-1;2;3;0;3;7;0;8;3;15;3;-1;-1;50;50;2;9;1.29;5.75;5.65;0;0;0;0;0;0;0;0;0;0;0;0;0;0;0;0;0;0;0;0;0;0;0;0;0;0;0;0;0;0;0;0;0;0;0;0;0;0;0;0;0;0;0;0;0;0;0;0;0;0;0;0;0;0;0;0;0;0;0;0;0;0;0;0;0;3;1;0;2;0;2;1;2018-07-28 14:00:00;7057;0;70;67;50;0;1;1;5;3;3;0;8;3;1;5;1;1;6;2;1;74;27;124;60;1.98;0.39;2.37;0;0;0;0;0;0;1;1;0;0;1;2;1;0;-1;-1;-1;-1;-1;-1;-1;-1;-1;54;80;80;90;100;27;37;47;37;5.67;0;5;5.87;Smiltene;Staiceles Bebri;1.82;0.45;2.33;0.8;1.44;0.8;47;20;20;10;0;100;100;84;1.3;1.13;2.43;1212;22;Y;Y;Y;N;N;N;N
352339;7053;7050;2018;complete;2521;22;-1;-1,-1;-1,-1;2;2;4;12;5;17;-1;-1;-1;-1;-1;-1;-1;-1;-1;-1;-1;-1;-1;-1;-1;-1;-1;-1;0;0;0;0;0;0;0;0;0;0;0;0;0;0;0;0;0;0;0;0;0;0;0;0;0;0;0;0;0;0;0;0;0;0;0;0;0;0;0;0;0;0;0;0;0;0;0;0;0;0;0;0;0;0;0;0;0;0;0;0;0;0;0;0;0;0;0;0;4;0;0;0;0;0;0;2018-10-21 11:00:00;-1;0;65;33;29;1;-1;-1;-1;-1;-1;-1;-1;-1;-1;-1;-1;-1;-1;-1;1;0;0;0;0;0;0;0;-1;-1;-1;-1;-1;-1;-1;-1;-1;-1;-1;-1;-1;-1;-1;-1;-1;-1;-1;-1;-1;-1;-1;40;65;80;85;90;40;55;50;35;14.5;0;4.5;4.75;RTU;Grobiņa;1.18;0.73;1.2;0.7;1.62;0.9;60;35;20;15;10;81;81;73;2.57;1.28;3.85;1212;22;Y;Y;Y;Y;N;N;Y
352340;7055;7048;2018;complete;2521;22;-1;;-1,-1,-1,-1,-1,-1,-1,-1;0;8;8;4;8;12;-1;-1;-1;-1;-1;-1;2;10;3;9;5;19;-1;-1;39;61;-1;-1;0;0;0;0;0;0;0;0;0;0;0;0;0;0;0;0;0;0;0;0;0;0;0;0;0;0;0;0;0;0;0;0;0;0;0;0;0;0;0;0;0;0;0;0;0;0;0;0;0;0;0;0;0;0;0;0;0;0;0;0;0;0;0;0;0;0;0;0;8;0;0;0;0;0;0;2018-10-21 11:00:00;7048;0;60;10;30;1;1;-1;3;3;1;5;6;6;-1;-1;-1;-1;-1;-1;1;57;79;83;90;0.87;2.46;3.33;-1;-1;-1;-1;-1;-1;-1;-1;-1;-1;1;0;-1;-1;-1;-1;-1;-1;-1;-1;-1;-1;-1;30;50;80;90;100;30;40;50;40;12.05;0;6.2;4.2;JDFS Alberts;Super Nova;1.27;2.08;1.4;2.2;1.33;2.38;70;50;20;10;0;61;46;46;1.41;2.14;3.55;1212;22;Y;Y;Y;Y;Y;Y;N
352341;7052;7057;2018;complete;2521;22;-1;-1;-1;1;1;2;-1;-1;-1;-1;-1;-1;-1;-1;-1;-1;-1;-1;-1;-1;-1;-1;-1;-1;-1;-1;-1;0;0;0;0;0;0;0;0;0;0;0;0;0;0;0;0;0;0;0;0;0;0;0;0;0;0;0;0;0;0;0;0;0;0;0;0;0;0;0;0;0;0;0;0;0;0;0;0;0;0;0;0;0;0;0;0;0;0;0;0;0;0;0;0;0;0;0;0;2;0;0;0;0;0;0;2018-10-21 11:00:00;-1;0;40;34;42;1;-1;-1;-1;-1;-1;-1;-1;-1;-1;-1;-1;-1;-1;-1;-1;0;0;0;0;0;0;0;-1;-1;-1;-1;-1;-1;-1;-1;-1;-1;-1;-1;-1;-1;-1;-1;-1;-1;-1;-1;-1;-1;-1;45;70;85;90;100;35;35;40;25;10;0;5.5;4.45;Staiceles Bebri;Smiltene;0.45;1.18;0.4;1.2;0.43;1.52;55;30;15;10;0;54;54;29;1.72;1.29;3.01;1212;22;Y;Y;N;N;N;N;Y
352342;1091;7051;2018;complete;2521;22;-1;18,20,43,72,90;;5;0;5;3;3;6;-1;-1;1;1;0;0;11;6;8;2;19;8;-1;-1;50;50;1;1;1.19;5.8;9;0;0;0;0;0;0;0;0;0;0;0;0;0;0;0;0;0;0;0;0;0;0;0;0;0;0;0;0;0;0;0;0;0;0;0;0;0;0;0;0;0;0;0;0;0;0;0;0;0;0;0;0;0;0;0;0;0;0;0;0;0;0;0;0;0;5;3;0;2;0;2;3;2018-10-21 11:00:00;1091;0;25;10;9;0;1;1;1;1;2;2;2;4;1;1;0;0;2;0;1;99;42;114;87;2.68;1.24;3.91;0;0;0;0;0;0;1;1;0;0;0;1;0;0;-1;-1;-1;-1;-1;-1;-1;-1;-1;35;60;80;80;100;20;45;55;45;18.32;0;2.77;4.45;BFC Daugavpils;Tukums;2.77;2.08;2.7;2.4;2.62;2.29;65;40;20;20;0;73;73;61;2.49;1.73;4.22;1212;25;Y;Y;Y;Y;Y;N;N
352343;7056;7058;2018;complete;2521;22;-1;;-1;0;1;1;8;2;10;-1;-1;-1;-1;-1;-1;-1;-1;-1;-1;-1;-1;-1;-1;-1;-1;-1;-1;0;0;0;0;0;0;0;0;0;0;0;0;0;0;0;0;0;0;0;0;0;0;0;0;0;0;0;0;0;0;0;0;0;0;0;0;0;0;0;0;0;0;0;0;0;0;0;0;0;0;0;0;0;0;0;0;0;0;0;0;0;0;0;0;0;0;0;0;1;0;0;0;0;0;0;2018-10-21 11:00:00;7058;0;55;45;37;1;-1;-1;-1;-1;-1;-1;-1;-1;-1;-1;-1;-1;-1;-1;1;0;0;0;0;0;0;0;-1;-1;-1;-1;-1;-1;-1;-1;-1;-1;-1;-1;-1;-1;-1;-1;-1;-1;-1;-1;-1;-1;-1;45;65;85;100;100;35;50;50;35;8.67;0;4.03;4.45;Rēzekne / BJSS;Auda;2.08;1.73;2.5;1.6;1.86;1.62;55;35;15;0;0;83;59;50;1.7;1.59;3.29;1212;22;Y;N;N;N;N;N;N
519560;1091;7056;2018;complete;4003;1;-1;7,40,47,65,72;30;5;1;6;8;6;14;-1;-1;1;2;0;0;10;3;19;4;29;7;-1;-1;54;46;1;2;0;0;0;0;0;0;0;0;0;0;0;0;0;0;0;0;0;0;0;0;0;0;0;0;0;0;0;0;0;0;0;0;0;0;0;0;0;0;0;0;0;0;0;0;0;0;0;0;0;0;0;0;0;0;0;0;0;0;0;0;0;0;0;0;0;0;0;0;6;2;1;3;0;3;3;2018-10-27 10:00:00;1091;0;46;7;36;0;1;1;4;3;4;3;7;7;1;1;0;1;2;1;1;0;0;0;0;2.88;0.81;3.69;0;0;0;0;0;0;1;1;1;0;0;0;0;1;-1;-1;-1;-1;-1;-1;-1;-1;-1;60;73;91;91;96;41;55;60;60;15.14;0;2.81;5.5;BFC Daugavpils;Rēzekne / BJSS;2.77;1.08;2.73;1.27;2.64;1.77;41;27;9;9;5;77;69;44;2.51;2.32;4.83;1212;25;Y;Y;Y;Y;Y;Y;Y
519561;7048;7051;2018;complete;4003;1;-1;-1,-1,-1;;3;0;3;-1;-1;-1;-1;-1;-1;-1;-1;-1;-1;-1;-1;-1;-1;-1;-1;-1;-1;-1;-1;-1;0;0;0;0;0;0;0;0;0;0;0;0;0;0;0;0;0;0;0;0;0;0;0;0;0;0;0;0;0;0;0;0;0;0;0;0;0;0;0;0;0;0;0;0;0;0;0;0;0;0;0;0;0;0;0;0;0;0;0;0;0;0;0;0;0;0;0;0;3;0;0;0;0;0;0;2018-10-27 15:00:00;7048;0;41;17;25;1;-1;-1;-1;-1;-1;-1;-1;-1;-1;-1;-1;-1;-1;-1;-1;0;0;0;0;0;0;0;-1;-1;-1;-1;-1;-1;-1;-1;-1;-1;-1;-1;-1;-1;-1;-1;-1;-1;-1;-1;-1;-1;-1;27;45;73;73;100;23;45;55;41;17.55;0;4.67;3.55;Super Nova;Tukums;2.62;2.08;2.55;2.18;2.41;2.18;73;55;27;27;0;82;82;82;2.76;1.65;4.41;1212;25;Y;Y;Y;N;N;N;N
519562;7056;7051;2018;complete;4003;2;-1;-1;-1,-1,-1;1;3;4;-1;-1;-1;-1;-1;-1;-1;-1;-1;-1;-1;-1;-1;-1;-1;-1;-1;-1;-1;-1;-1;0;0;0;0;0;0;0;0;0;0;0;0;0;0;0;0;0;0;0;0;0;0;0;0;0;0;0;0;0;0;0;0;0;0;0;0;0;0;0;0;0;0;0;0;0;0;0;0;0;0;0;0;0;0;0;0;0;0;0;0;0;0;0;0;0;0;0;0;4;0;0;0;0;0;0;2018-11-03 12:00:00;7051;0;40;29;20;1;-1;-1;-1;-1;-1;-1;-1;-1;-1;-1;-1;-1;-1;-1;-1;0;0;0;0;0;0;0;-1;-1;-1;-1;-1;-1;-1;-1;-1;-1;-1;-1;-1;-1;-1;-1;-1;-1;-1;-1;-1;-1;-1;27;53;79;83;100;18;39;43;30;13.45;0;3.7;3.72;Rēzekne / BJSS;Tukums;2.08;2.08;2.27;2;1.7;2.09;74;47;22;17;0;75;67;53;1.7;1.65;3.35;1212;25;Y;Y;Y;Y;N;N;Y
519563;1091;7048;2018;complete;4003;2;-1;-1,-1,-1,-1;;4;0;4;-1;-1;-1;-1;-1;-1;-1;-1;-1;-1;-1;-1;-1;-1;-1;-1;-1;-1;-1;-1;-1;0;0;0;0;0;0;0;0;0;0;0;0;0;0;0;0;0;0;0;0;0;0;0;0;0;0;0;0;0;0;0;0;0;0;0;0;0;0;0;0;0;0;0;0;0;0;0;0;0;0;0;0;0;0;0;0;0;0;0;0;0;0;0;0;0;0;0;0;4;0;0;0;0;0;0;2018-11-03 12:00:00;1091;0;31;7;17;1;-1;-1;-1;-1;-1;-1;-1;-1;-1;-1;-1;-1;-1;-1;-1;0;0;0;0;0;0;0;-1;-1;-1;-1;-1;-1;-1;-1;-1;-1;-1;-1;-1;-1;-1;-1;-1;-1;-1;-1;-1;-1;-1;56;78;92;92;100;35;47;56;56;15.33;0;3.93;5.55;BFC Daugavpils;Super Nova;2.77;2.08;2.75;2.27;2.65;2.43;44;22;9;9;0;57;50;40;2.56;2.19;4.75;1212;25;Y;Y;Y;Y;N;N;N
519564;7048;7056;2018;complete;4003;3;-1;-1,-1,-1,-1,-1,-1;-1,-1,-1;6;3;9;-1;-1;-1;-1;-1;-1;-1;-1;-1;-1;-1;-1;-1;-1;-1;-1;-1;-1;-1;-1;-1;0;0;0;0;0;0;0;0;0;0;0;0;0;0;0;0;0;0;0;0;0;0;0;0;0;0;0;0;0;0;0;0;0;0;0;0;0;0;0;0;0;0;0;0;0;0;0;0;0;0;0;0;0;0;0;0;0;0;0;0;0;0;0;0;0;0;0;0;9;0;0;0;0;0;0;2018-11-11 12:00:00;7048;0;63;21;50;1;-1;-1;-1;-1;-1;-1;-1;-1;-1;-1;-1;-1;-1;-1;-1;0;0;0;0;0;0;0;-1;-1;-1;-1;-1;-1;-1;-1;-1;-1;-1;-1;-1;-1;-1;-1;-1;-1;-1;-1;-1;-1;-1;46;55;84;84;96;38;50;54;50;15.8;0;4.88;4.55;Super Nova;Rēzekne / BJSS;2.62;1.08;2.58;1.17;2.33;1.63;55;46;17;17;4;94;88;75;2.76;2.1;4.86;1212;25;Y;Y;Y;Y;Y;Y;Y
519565;7051;1091;2018;complete;4003;3;-1;-1;-1,-1;1;2;3;-1;-1;-1;-1;-1;-1;-1;-1;-1;-1;-1;-1;-1;-1;-1;-1;-1;-1;-1;-1;-1;0;0;0;0;0;0;0;0;0;0;0;0;0;0;0;0;0;0;0;0;0;0;0;0;0;0;0;0;0;0;0;0;0;0;0;0;0;0;0;0;0;0;0;0;0;0;0;0;0;0;0;0;0;0;0;0;0;0;0;0;0;0;0;0;0;0;0;0;3;0;0;0;0;0;0;2018-11-11 12:00:00;1091;0;45;20;60;1;-1;-1;-1;-1;-1;-1;-1;-1;-1;-1;-1;-1;-1;-1;-1;0;0;0;0;0;0;0;-1;-1;-1;-1;-1;-1;-1;-1;-1;-1;-1;-1;-1;-1;-1;-1;-1;-1;-1;-1;-1;-1;-1;46;60;73;82;100;23;45;45;36;16.33;0;2.4;4.32;Tukums;BFC Daugavpils;2;2.58;2.18;2.55;2.13;2.67;55;41;27;18;0;83;59;59;2.23;2.41;4.64;1212;25;Y;Y;Y;N;N;N;Y
