ID;HOMEID;AWAYID;SEASON;STATUS;ROUNDID;GAME_WEEK;REVISED_GAME_WEEK;HOMEGOALS;AWAYGOALS;HOMEGOALCOUNT;AWAYGOALCOUNT;TOTALGOALCOUNT;TEAM_A_CORNERS;TEAM_B_CORNERS;TOTALCORNERCOUNT;TEAM_A_OFFSIDES;TEAM_B_OFFSIDES;TEAM_A_YELLOW_CARDS;TEAM_B_YELLOW_CARDS;TEAM_A_RED_CARDS;TEAM_B_RED_CARDS;TEAM_A_SHOTSONTARGET;TEAM_B_SHOTSONTARGET;TEAM_A_SHOTSOFFTARGET;TEAM_B_SHOTSOFFTARGET;TEAM_A_SHOTS;TEAM_B_SHOTS;TEAM_A_FOULS;TEAM_B_FOULS;TEAM_A_POSSESSION;TEAM_B_POSSESSION;TEAM_A_CARDS_NUM;TEAM_B_CARDS_NUM;ODDS_FT_1;ODDS_FT_X;ODDS_FT_2;ODDS_FT_OVER05;ODDS_FT_OVER15;ODDS_FT_OVER25;ODDS_FT_OVER35;ODDS_FT_OVER45;ODDS_FT_UNDER05;ODDS_FT_UNDER15;ODDS_FT_UNDER25;ODDS_FT_UNDER35;ODDS_FT_UNDER45;ODDS_BTTS_YES;ODDS_BTTS_NO;ODDS_TEAM_A_CS_YES;ODDS_TEAM_A_CS_NO;ODDS_TEAM_B_CS_YES;ODDS_TEAM_B_CS_NO;ODDS_DOUBLECHANCE_1X;ODDS_DOUBLECHANCE_12;ODDS_DOUBLECHANCE_X2;ODDS_1ST_HALF_RESULT_1;ODDS_1ST_HALF_RESULT_X;ODDS_1ST_HALF_RESULT_2;ODDS_2ND_HALF_RESULT_1;ODDS_2ND_HALF_RESULT_X;ODDS_2ND_HALF_RESULT_2;ODDS_DNB_1;ODDS_DNB_2;ODDS_CORNERS_OVER_75;ODDS_CORNERS_OVER_85;ODDS_CORNERS_OVER_95;ODDS_CORNERS_OVER_105;ODDS_CORNERS_OVER_115;ODDS_CORNERS_UNDER_75;ODDS_CORNERS_UNDER_85;ODDS_CORNERS_UNDER_95;ODDS_CORNERS_UNDER_105;ODDS_CORNERS_UNDER_115;ODDS_CORNERS_1;ODDS_CORNERS_X;ODDS_CORNERS_2;ODDS_TEAM_TO_SCORE_FIRST_1;ODDS_TEAM_TO_SCORE_FIRST_X;ODDS_TEAM_TO_SCORE_FIRST_2;ODDS_WIN_TO_NIL_1;ODDS_WIN_TO_NIL_2;ODDS_1ST_HALF_OVER05;ODDS_1ST_HALF_OVER15;ODDS_1ST_HALF_OVER25;ODDS_1ST_HALF_OVER35;ODDS_1ST_HALF_UNDER05;ODDS_1ST_HALF_UNDER15;ODDS_1ST_HALF_UNDER25;ODDS_1ST_HALF_UNDER35;ODDS_2ND_HALF_OVER05;ODDS_2ND_HALF_OVER15;ODDS_2ND_HALF_OVER25;ODDS_2ND_HALF_OVER35;ODDS_2ND_HALF_UNDER05;ODDS_2ND_HALF_UNDER15;ODDS_2ND_HALF_UNDER25;ODDS_2ND_HALF_UNDER35;ODDS_BTTS_1ST_HALF_YES;ODDS_BTTS_1ST_HALF_NO;ODDS_BTTS_2ND_HALF_YES;ODDS_BTTS_2ND_HALF_NO;OVERALLGOALCOUNT;HT_GOALS_TEAM_A;HT_GOALS_TEAM_B;GOALS_2HG_TEAM_A;GOALS_2HG_TEAM_B;GOALCOUNT_2HG;HTGOALCOUNT;DATE_UNIX;WINNINGTEAM;NO_HOME_AWAY;BTTS_POTENTIAL;BTTS_FHG_POTENTIAL;BTTS_2HG_POTENTIAL;GOALTIMINGDISABLED;CORNER_TIMINGS_RECORDED;CARD_TIMINGS_RECORDED;TEAM_A_FH_CORNERS;TEAM_B_FH_CORNERS;TEAM_A_2H_CORNERS;TEAM_B_2H_CORNERS;CORNER_FH_COUNT;CORNER_2H_COUNT;TEAM_A_FH_CARDS;TEAM_B_FH_CARDS;TEAM_A_2H_CARDS;TEAM_B_2H_CARDS;TOTAL_FH_CARDS;TOTAL_2H_CARDS;ATTACKS_RECORDED;TEAM_A_DANGEROUS_ATTACKS;TEAM_B_DANGEROUS_ATTACKS;TEAM_A_ATTACKS;TEAM_B_ATTACKS;TEAM_A_XG;TEAM_B_XG;TOTAL_XG;TEAM_A_PENALTIES_WON;TEAM_B_PENALTIES_WON;TEAM_A_PENALTY_GOALS;TEAM_B_PENALTY_GOALS;TEAM_A_PENALTY_MISSED;TEAM_B_PENALTY_MISSED;PENS_RECORDED;GOAL_TIMINGS_RECORDED;TEAM_A_0_10_MIN_GOALS;TEAM_B_0_10_MIN_GOALS;TEAM_A_CORNERS_0_10_MIN;TEAM_B_CORNERS_0_10_MIN;TEAM_A_CARDS_0_10_MIN;TEAM_B_CARDS_0_10_MIN;THROWINS_RECORDED;TEAM_A_THROWINS;TEAM_B_THROWINS;FREEKICKS_RECORDED;TEAM_A_FREEKICKS;TEAM_B_FREEKICKS;GOALKICKS_RECORDED;TEAM_A_GOALKICKS;TEAM_B_GOALKICKS;O45_POTENTIAL;O35_POTENTIAL;O25_POTENTIAL;O15_POTENTIAL;O05_POTENTIAL;O15HT_POTENTIAL;O05HT_POTENTIAL;O05_2H_POTENTIAL;O15_2H_POTENTIAL;CORNERS_POTENTIAL;OFFSIDES_POTENTIAL;CARDS_POTENTIAL;AVG_POTENTIAL;HOME_NAME;AWAY_NAME;HOME_PPG;AWAY_PPG;PRE_MATCH_HOME_PPG;PRE_MATCH_AWAY_PPG;PRE_MATCH_TEAMA_OVERALL_PPG;PRE_MATCH_TEAMB_OVERALL_PPG;U45_POTENTIAL;U35_POTENTIAL;U25_POTENTIAL;U15_POTENTIAL;U05_POTENTIAL;CORNERS_O85_POTENTIAL;CORNERS_O95_POTENTIAL;CORNERS_O105_POTENTIAL;TEAM_A_XG_PREMATCH;TEAM_B_XG_PREMATCH;TOTAL_XG_PREMATCH;COMPETITION_ID;MATCHES_COMPLETED_MINIMUM;OVER05;OVER15;OVER25;OVER35;OVER45;OVER55;BTTS
556520;7055;7050;2019;complete;4483;1;-1;-1;-1,-1;1;2;3;-1;-1;-1;-1;-1;-1;-1;-1;-1;-1;-1;-1;-1;-1;-1;-1;-1;-1;-1;-1;-1;0;0;0;0;0;0;0;0;0;0;0;0;0;0;0;0;0;0;0;0;0;0;0;0;0;0;0;0;0;0;0;0;0;0;0;0;0;0;0;0;0;0;0;0;0;0;0;0;0;0;0;0;0;0;0;0;0;0;0;0;0;0;0;0;0;0;0;0;3;0;0;0;0;0;0;2019-04-06 11:00:00;7050;0;0;0;0;1;-1;-1;-1;-1;-1;-1;-1;-1;-1;-1;-1;-1;-1;-1;-1;0;0;0;0;0;0;0;-1;-1;-1;-1;-1;-1;-1;-1;-1;-1;-1;-1;-1;-1;-1;-1;-1;-1;-1;-1;-1;-1;-1;0;0;0;0;0;0;0;0;0;0;0;0;0;JDFS Alberts;Grobiņa;1.79;0.43;0;0;0;0;0;0;0;0;0;0;0;0;0;0;0;1943;27;Y;Y;Y;N;N;N;Y
556521;7057;7058;2019;complete;4483;1;-1;-1,-1;-1,-1;2;2;4;-1;-1;-1;-1;-1;-1;-1;-1;-1;-1;-1;-1;-1;-1;-1;-1;-1;-1;-1;-1;-1;0;0;0;0;0;0;0;0;0;0;0;0;0;0;0;0;0;0;0;0;0;0;0;0;0;0;0;0;0;0;0;0;0;0;0;0;0;0;0;0;0;0;0;0;0;0;0;0;0;0;0;0;0;0;0;0;0;0;0;0;0;0;0;0;0;0;0;0;4;0;0;0;0;0;0;2019-04-06 11:00:00;-1;0;0;0;0;1;-1;-1;-1;-1;-1;-1;-1;-1;-1;-1;-1;-1;-1;-1;-1;0;0;0;0;0;0;0;-1;-1;-1;-1;-1;-1;-1;-1;-1;-1;-1;-1;-1;-1;-1;-1;-1;-1;-1;-1;-1;-1;-1;0;0;0;0;0;0;0;0;0;0;0;0;0;Smiltene;Auda;2.07;1.14;0;0;0;0;0;0;0;0;0;0;0;0;0;0;0;1943;27;Y;Y;Y;Y;N;N;Y
556522;11588;7056;2019;complete;4483;1;-1;;-1;0;1;1;-1;-1;-1;-1;-1;-1;-1;-1;-1;-1;-1;-1;-1;-1;-1;-1;-1;-1;-1;-1;-1;0;0;0;0;0;0;0;0;0;0;0;0;0;0;0;0;0;0;0;0;0;0;0;0;0;0;0;0;0;0;0;0;0;0;0;0;0;0;0;0;0;0;0;0;0;0;0;0;0;0;0;0;0;0;0;0;0;0;0;0;0;0;0;0;0;0;0;0;1;0;0;0;0;0;0;2019-04-06 11:00:00;7056;0;0;0;0;1;-1;-1;-1;-1;-1;-1;-1;-1;-1;-1;-1;-1;-1;-1;-1;0;0;0;0;0;0;0;-1;-1;-1;-1;-1;-1;-1;-1;-1;-1;-1;-1;-1;-1;-1;-1;-1;-1;-1;-1;-1;-1;-1;0;0;0;0;0;0;0;0;0;0;0;0;0;Dinamo Rīga / Staicele;Rēzekne / BJSS;0.93;1.21;0;0;0;0;0;0;0;0;0;0;0;0;0;0;0;1943;27;Y;N;N;N;N;N;N
556523;7051;7054;2019;complete;4483;1;-1;-1;;1;0;1;-1;-1;-1;-1;-1;-1;-1;-1;-1;-1;-1;-1;-1;-1;-1;-1;-1;-1;-1;-1;-1;0;0;0;0;0;0;0;0;0;0;0;0;0;0;0;0;0;0;0;0;0;0;0;0;0;0;0;0;0;0;0;0;0;0;0;0;0;0;0;0;0;0;0;0;0;0;0;0;0;0;0;0;0;0;0;0;0;0;0;0;0;0;0;0;0;0;0;0;1;0;0;0;0;0;0;2019-04-06 12:00:00;7051;0;0;0;0;1;-1;-1;-1;-1;-1;-1;-1;-1;-1;-1;-1;-1;-1;-1;-1;0;0;0;0;0;0;0;-1;-1;-1;-1;-1;-1;-1;-1;-1;-1;-1;-1;-1;-1;-1;-1;-1;-1;-1;-1;-1;-1;-1;0;0;0;0;0;0;0;0;0;0;0;0;0;Tukums;Balvu;3;0.07;0;0;0;0;0;0;0;0;0;0;0;0;0;0;0;1943;27;Y;N;N;N;N;N;N
556524;7048;11587;2019;complete;4483;1;-1;-1;;1;0;1;-1;-1;-1;-1;-1;-1;-1;-1;-1;-1;-1;-1;-1;-1;-1;-1;-1;-1;-1;-1;-1;0;0;0;0;0;0;0;0;0;0;0;0;0;0;0;0;0;0;0;0;0;0;0;0;0;0;0;0;0;0;0;0;0;0;0;0;0;0;0;0;0;0;0;0;0;0;0;0;0;0;0;0;0;0;0;0;0;0;0;0;0;0;0;0;0;0;0;0;1;0;0;0;0;0;0;2019-04-06 16:00:00;7048;0;0;0;0;1;-1;-1;-1;-1;-1;-1;-1;-1;-1;-1;-1;-1;-1;-1;-1;0;0;0;0;0;0;0;-1;-1;-1;-1;-1;-1;-1;-1;-1;-1;-1;-1;-1;-1;-1;-1;-1;-1;-1;-1;-1;-1;-1;0;0;0;0;0;0;0;0;0;0;0;0;0;Super Nova;New Project;2.36;0.43;0;0;0;0;0;0;0;0;0;0;0;0;0;0;0;1943;27;Y;N;N;N;N;N;N
556525;7054;7055;2019;complete;4483;2;-1;-1;-1,-1,-1;1;3;4;-1;-1;-1;-1;-1;-1;-1;-1;-1;-1;-1;-1;-1;-1;-1;-1;-1;-1;-1;-1;-1;0;0;0;0;0;0;0;0;0;0;0;0;0;0;0;0;0;0;0;0;0;0;0;0;0;0;0;0;0;0;0;0;0;0;0;0;0;0;0;0;0;0;0;0;0;0;0;0;0;0;0;0;0;0;0;0;0;0;0;0;0;0;0;0;0;0;0;0;4;0;0;0;0;0;0;2019-04-13 11:00:00;7055;0;0;0;0;1;-1;-1;-1;-1;-1;-1;-1;-1;-1;-1;-1;-1;-1;-1;-1;0;0;0;0;0;0;0;-1;-1;-1;-1;-1;-1;-1;-1;-1;-1;-1;-1;-1;-1;-1;-1;-1;-1;-1;-1;-1;-1;-1;0;0;0;0;0;0;0;0;0;0;0;0;0;Balvu;JDFS Alberts;0.31;1.85;0;0;0;0;0;0;0;0;0;0;0;0;0;0;0;1943;27;Y;Y;Y;Y;N;N;Y
556526;7057;11588;2019;complete;4483;2;-1;-1,-1,-1;;3;0;3;-1;-1;-1;-1;-1;-1;-1;-1;-1;-1;-1;-1;-1;-1;-1;-1;-1;-1;-1;-1;-1;0;0;0;0;0;0;0;0;0;0;0;0;0;0;0;0;0;0;0;0;0;0;0;0;0;0;0;0;0;0;0;0;0;0;0;0;0;0;0;0;0;0;0;0;0;0;0;0;0;0;0;0;0;0;0;0;0;0;0;0;0;0;0;0;0;0;0;0;3;0;0;0;0;0;0;2019-04-13 11:00:00;7057;0;50;0;0;1;-1;-1;-1;-1;-1;-1;-1;-1;-1;-1;-1;-1;-1;-1;-1;0;0;0;0;0;0;0;-1;-1;-1;-1;-1;-1;-1;-1;-1;-1;-1;-1;-1;-1;-1;-1;-1;-1;-1;-1;-1;-1;-1;0;50;50;50;50;0;0;0;0;0;0;0;2;Smiltene;Dinamo Rīga / Staicele;2.07;0.46;1;0;1;0;50;0;0;0;0;0;0;0;0;0;0;1943;27;Y;Y;Y;N;N;N;N
556527;11587;7051;2019;complete;4483;2;-1;-1;-1,-1;1;2;3;-1;-1;-1;-1;-1;-1;-1;-1;-1;-1;-1;-1;-1;-1;-1;-1;-1;-1;-1;-1;-1;0;0;0;0;0;0;0;0;0;0;0;0;0;0;0;0;0;0;0;0;0;0;0;0;0;0;0;0;0;0;0;0;0;0;0;0;0;0;0;0;0;0;0;0;0;0;0;0;0;0;0;0;0;0;0;0;0;0;0;0;0;0;0;0;0;0;0;0;3;0;0;0;0;0;0;2019-04-13 13:00:00;7051;0;0;0;0;1;-1;-1;-1;-1;-1;-1;-1;-1;-1;-1;-1;-1;-1;-1;-1;0;0;0;0;0;0;0;-1;-1;-1;-1;-1;-1;-1;-1;-1;-1;-1;-1;-1;-1;-1;-1;-1;-1;-1;-1;-1;-1;-1;0;0;0;0;0;0;0;0;0;0;0;0;0;New Project;Tukums;1.08;2.46;0;0;0;3;0;0;0;0;0;0;0;0;0;0;0;1943;27;Y;Y;Y;N;N;N;Y
556528;7048;7056;2019;complete;4483;2;-1;-1;;1;0;1;-1;-1;-1;-1;-1;-1;-1;-1;-1;-1;-1;-1;-1;-1;-1;-1;-1;-1;-1;-1;-1;0;0;0;0;0;0;0;0;0;0;0;0;0;0;0;0;0;0;0;0;0;0;0;0;0;0;0;0;0;0;0;0;0;0;0;0;0;0;0;0;0;0;0;0;0;0;0;0;0;0;0;0;0;0;0;0;0;0;0;0;0;0;0;0;0;0;0;0;1;0;0;0;0;0;0;2019-04-13 16:00:00;7048;0;0;0;0;1;-1;-1;-1;-1;-1;-1;-1;-1;-1;-1;-1;-1;-1;-1;-1;0;0;0;0;0;0;0;-1;-1;-1;-1;-1;-1;-1;-1;-1;-1;-1;-1;-1;-1;-1;-1;-1;-1;-1;-1;-1;-1;-1;0;0;0;0;100;0;0;0;0;0;0;0;1;Super Nova;Rēzekne / BJSS;2.36;1.21;3;3;3;3;100;100;100;100;0;0;0;0;0;0;0;1943;27;Y;N;N;N;N;N;N
556529;7058;7050;2019;complete;4483;2;-1;-1,-1,-1;-1;3;1;4;-1;-1;-1;-1;-1;-1;-1;-1;-1;-1;-1;-1;-1;-1;-1;-1;-1;-1;-1;-1;-1;0;0;0;0;0;0;0;0;0;0;0;0;0;0;0;0;0;0;0;0;0;0;0;0;0;0;0;0;0;0;0;0;0;0;0;0;0;0;0;0;0;0;0;0;0;0;0;0;0;0;0;0;0;0;0;0;0;0;0;0;0;0;0;0;0;0;0;0;4;0;0;0;0;0;0;2019-04-14 12:00:00;7058;0;50;0;0;1;-1;-1;-1;-1;-1;-1;-1;-1;-1;-1;-1;-1;-1;-1;-1;0;0;0;0;0;0;0;-1;-1;-1;-1;-1;-1;-1;-1;-1;-1;-1;-1;-1;-1;-1;-1;-1;-1;-1;-1;-1;-1;-1;0;0;50;50;50;0;0;0;0;0;0;0;1.5;Auda;Grobiņa;2.23;0.43;0;3;1;3;50;50;0;0;0;0;0;0;0;0;0;1943;27;Y;Y;Y;Y;N;N;Y
556530;7051;7056;2019;complete;4483;3;-1;-1,-1,-1,-1,-1;;5;0;5;-1;-1;-1;-1;-1;-1;-1;-1;-1;-1;-1;-1;-1;-1;-1;-1;-1;-1;-1;-1;-1;0;0;0;0;0;0;0;0;0;0;0;0;0;0;0;0;0;0;0;0;0;0;0;0;0;0;0;0;0;0;0;0;0;0;0;0;0;0;0;0;0;0;0;0;0;0;0;0;0;0;0;0;0;0;0;0;0;0;0;0;0;0;0;0;0;0;0;0;5;0;0;0;0;0;0;2019-04-20 11:00:00;7051;0;0;0;0;1;-1;-1;-1;-1;-1;-1;-1;-1;-1;-1;-1;-1;-1;-1;-1;0;0;0;0;0;0;0;-1;-1;-1;-1;-1;-1;-1;-1;-1;-1;-1;-1;-1;-1;-1;-1;-1;-1;-1;-1;-1;-1;-1;0;0;0;0;100;0;0;0;0;0;0;0;1;Tukums;Rēzekne / BJSS;3;1.21;3;1.5;3;1.5;100;100;100;100;0;0;0;0;0;0;0;1943;27;Y;Y;Y;Y;Y;N;N
556531;7050;7054;2019;complete;4483;3;-1;-1,-1,-1,-1,-1,-1,-1,-1,-1;-1;9;1;10;-1;-1;-1;-1;-1;-1;-1;-1;-1;-1;-1;-1;-1;-1;-1;-1;-1;-1;-1;-1;-1;0;0;0;0;0;0;0;0;0;0;0;0;0;0;0;0;0;0;0;0;0;0;0;0;0;0;0;0;0;0;0;0;0;0;0;0;0;0;0;0;0;0;0;0;0;0;0;0;0;0;0;0;0;0;0;0;0;0;0;0;0;0;0;0;0;0;0;0;10;0;0;0;0;0;0;2019-04-20 12:00:00;7050;0;0;0;0;1;-1;-1;-1;-1;-1;-1;-1;-1;-1;-1;-1;-1;-1;-1;-1;0;0;0;0;0;0;0;-1;-1;-1;-1;-1;-1;-1;-1;-1;-1;-1;-1;-1;-1;-1;-1;-1;-1;-1;-1;-1;-1;-1;0;0;0;0;50;0;0;0;0;0;0;0;0.5;Grobiņa;Balvu;1.85;0.07;0;0;1.5;0;50;50;50;50;0;0;0;0;0;0;0;1943;27;Y;Y;Y;Y;Y;Y;Y
556532;11588;7058;2019;complete;4483;3;-1;-1;-1,-1;1;2;3;-1;-1;-1;-1;-1;-1;-1;-1;-1;-1;-1;-1;-1;-1;-1;-1;-1;-1;-1;-1;-1;0;0;0;0;0;0;0;0;0;0;0;0;0;0;0;0;0;0;0;0;0;0;0;0;0;0;0;0;0;0;0;0;0;0;0;0;0;0;0;0;0;0;0;0;0;0;0;0;0;0;0;0;0;0;0;0;0;0;0;0;0;0;0;0;0;0;0;0;3;0;0;0;0;0;0;2019-04-20 15:00:00;7058;0;50;0;0;1;-1;-1;-1;-1;-1;-1;-1;-1;-1;-1;-1;-1;-1;-1;-1;0;0;0;0;0;0;0;-1;-1;-1;-1;-1;-1;-1;-1;-1;-1;-1;-1;-1;-1;-1;-1;-1;-1;-1;-1;-1;-1;-1;0;50;50;50;100;0;0;0;0;0;0;0;2.5;Dinamo Rīga / Staicele;Auda;0.93;1.14;0;1;0;2;100;50;50;50;0;0;0;0;0;0;0;1943;27;Y;Y;Y;N;N;N;Y
556533;7048;7057;2019;complete;4483;3;-1;37,72,86;;3;0;3;6;4;10;-1;-1;2;5;0;0;6;2;6;3;12;5;-1;-1;50;50;2;5;1.17;7;9;0;0;1.22;0;0;0;0;4.2;0;0;0;0;0;0;0;0;1.04;1.08;4.5;0;0;0;0;0;0;0;0;0;0;0;0;0;0;0;0;0;0;0;0;0;0;0;0;0;0;0;0;0;0;0;0;0;0;0;0;0;0;0;0;0;0;0;0;0;0;3;1;0;2;0;2;1;2019-04-20 16:00:00;7048;0;0;0;0;0;1;1;4;2;2;2;6;4;2;2;0;3;4;3;1;65;55;137;136;1.66;0.88;2.54;0;0;0;0;0;0;1;1;0;0;2;1;0;0;-1;-1;-1;-1;-1;-1;-1;-1;-1;0;0;0;0;50;0;0;0;0;0;0;0;0.5;Super Nova;Smiltene;2.36;1.85;3;0;3;2;50;50;50;50;0;0;0;0;0;0;0;1943;27;Y;Y;Y;N;N;N;N
556534;7057;7051;2019;complete;4483;4;-1;-1,-1;-1,-1,-1,-1,-1;2;5;7;-1;-1;-1;-1;-1;-1;-1;-1;-1;-1;-1;-1;-1;-1;-1;-1;-1;-1;-1;-1;-1;0;0;0;0;0;0;0;0;0;0;0;0;0;0;0;0;0;0;0;0;0;0;0;0;0;0;0;0;0;0;0;0;0;0;0;0;0;0;0;0;0;0;0;0;0;0;0;0;0;0;0;0;0;0;0;0;0;0;0;0;0;0;0;0;0;0;0;0;7;0;0;0;0;0;0;2019-04-27 10:00:00;7051;0;75;0;0;1;-1;-1;-1;-1;-1;-1;-1;-1;-1;-1;-1;-1;-1;-1;-1;0;0;0;0;0;0;0;-1;-1;-1;-1;-1;-1;-1;-1;-1;-1;-1;-1;-1;-1;-1;-1;-1;-1;-1;-1;-1;-1;-1;0;25;100;100;100;0;0;0;0;0;0;0;3.25;Smiltene;Tukums;2.07;2.46;2;3;1.33;3;100;75;0;0;0;0;0;0;0;0;0;1943;27;Y;Y;Y;Y;Y;Y;Y
556535;7058;7054;2019;complete;4483;4;-1;-1,-1,-1,-1,-1,-1;-1,-1;6;2;8;-1;-1;-1;-1;-1;-1;-1;-1;-1;-1;-1;-1;-1;-1;-1;-1;-1;-1;-1;-1;-1;0;0;0;0;0;0;0;0;0;0;0;0;0;0;0;0;0;0;0;0;0;0;0;0;0;0;0;0;0;0;0;0;0;0;0;0;0;0;0;0;0;0;0;0;0;0;0;0;0;0;0;0;0;0;0;0;0;0;0;0;0;0;0;0;0;0;0;0;8;0;0;0;0;0;0;2019-04-27 11:00:00;7058;0;75;0;0;1;-1;-1;-1;-1;-1;-1;-1;-1;-1;-1;-1;-1;-1;-1;-1;0;0;0;0;0;0;0;-1;-1;-1;-1;-1;-1;-1;-1;-1;-1;-1;-1;-1;-1;-1;-1;-1;-1;-1;-1;-1;-1;-1;25;75;75;75;100;0;0;0;0;0;0;0;4.75;Auda;Balvu;2.23;0.07;3;0;2.33;0;75;25;25;25;0;0;0;0;0;0;0;1943;27;Y;Y;Y;Y;Y;Y;Y
556536;7056;7055;2019;complete;4483;4;-1;21,80,90;;3;0;3;5;5;10;-1;-1;2;1;0;0;8;4;4;3;12;7;-1;-1;50;50;2;1;1.46;6.5;3.72;0;0;1.29;0;0;0;0;3.6;0;0;0;0;0;0;0;0;1.25;1.1;2.62;0;0;0;0;0;0;0;0;0;0;0;0;0;0;0;0;0;0;0;0;0;0;0;0;0;0;0;0;0;0;0;0;0;0;0;0;0;0;0;0;0;0;0;0;0;0;3;1;0;2;0;2;1;2019-04-27 12:00:00;7056;0;50;0;0;0;1;1;3;4;2;1;7;3;1;0;1;1;1;2;1;60;60;103;110;1.75;1.17;2.92;0;0;0;0;0;0;1;1;0;0;0;0;0;0;-1;-1;-1;-1;-1;-1;-1;-1;-1;0;50;50;50;50;0;0;0;0;0;0;0;2;Rēzekne / BJSS;JDFS Alberts;2;1.85;0;3;1;1.5;50;0;0;0;0;0;0;0;0;0;0;1943;27;Y;Y;Y;N;N;N;N
556537;11587;7050;2019;complete;4483;4;-1;-1,-1,-1,-1,-1,-1;;6;0;6;-1;-1;-1;-1;-1;-1;-1;-1;-1;-1;-1;-1;-1;-1;-1;-1;-1;-1;-1;-1;-1;0;0;0;0;0;0;0;0;0;0;0;0;0;0;0;0;0;0;0;0;0;0;0;0;0;0;0;0;0;0;0;0;0;0;0;0;0;0;0;0;0;0;0;0;0;0;0;0;0;0;0;0;0;0;0;0;0;0;0;0;0;0;0;0;0;0;0;0;6;0;0;0;0;0;0;2019-04-27 14:30:00;11587;0;100;0;0;1;-1;-1;-1;-1;-1;-1;-1;-1;-1;-1;-1;-1;-1;-1;-1;0;0;0;0;0;0;0;-1;-1;-1;-1;-1;-1;-1;-1;-1;-1;-1;-1;-1;-1;-1;-1;-1;-1;-1;-1;-1;-1;-1;0;25;100;100;100;0;0;0;0;0;0;0;3.25;New Project;Grobiņa;1.08;0.43;0;1.5;0;2;100;75;0;0;0;0;0;0;0;0;0;1943;27;Y;Y;Y;Y;Y;Y;N
556538;11588;7048;2019;complete;4483;4;-1;;-1,-1,-1,-1,-1;0;5;5;-1;-1;-1;-1;-1;-1;-1;-1;-1;-1;-1;-1;-1;-1;-1;-1;-1;-1;-1;-1;-1;0;0;0;0;0;0;0;0;0;0;0;0;0;0;0;0;0;0;0;0;0;0;0;0;0;0;0;0;0;0;0;0;0;0;0;0;0;0;0;0;0;0;0;0;0;0;0;0;0;0;0;0;0;0;0;0;0;0;0;0;0;0;0;0;0;0;0;0;5;0;0;0;0;0;0;2019-04-27 15:00:00;7048;0;25;0;0;1;-1;-1;-1;-1;-1;-1;-1;-1;-1;-1;-1;-1;-1;-1;-1;0;0;0;0;0;0;0;-1;-1;-1;-1;-1;-1;-1;-1;-1;-1;-1;-1;-1;-1;-1;-1;-1;-1;-1;-1;-1;-1;-1;0;0;25;25;50;0;0;0;0;0;0;0;1;Dinamo Rīga / Staicele;Super Nova;0.93;1.77;0;0;0;3;50;50;25;25;0;0;0;0;0;0;0;1943;27;Y;Y;Y;Y;Y;N;N
556539;7055;11587;2019;complete;4483;3;-1;-1,-1,-1;-1,-1;3;2;5;-1;-1;-1;-1;-1;-1;-1;-1;-1;-1;-1;-1;-1;-1;-1;-1;-1;-1;-1;-1;-1;3;5;1.73;0;0;1.25;0;0;0;0;4;0;0;0;0;0;0;0;0;2;1.14;1.36;0;0;0;0;0;0;0;0;0;0;0;0;0;0;0;0;0;0;0;0;0;0;0;0;0;0;0;0;0;0;0;0;0;0;0;0;0;0;0;0;0;0;0;0;0;0;5;0;0;0;0;0;0;2019-05-01 13:00:00;7055;0;50;0;0;1;-1;-1;-1;-1;-1;-1;-1;-1;-1;-1;-1;-1;-1;-1;-1;0;0;0;0;0;0;0;-1;-1;-1;-1;-1;-1;-1;-1;-1;-1;-1;-1;-1;-1;-1;-1;-1;-1;-1;-1;-1;-1;-1;0;0;50;50;100;0;0;0;0;0;0;0;2;JDFS Alberts;New Project;1.79;0.43;0;0;1;1;100;100;50;50;0;0;0;0;0;0;0;1943;27;Y;Y;Y;Y;Y;N;Y
556540;7057;7055;2019;complete;4483;5;-1;-1,-1,-1;-1,-1,-1;3;3;6;-1;-1;-1;-1;-1;-1;-1;-1;-1;-1;-1;-1;-1;-1;-1;-1;-1;-1;-1;-1;-1;0;0;0;0;0;0;0;0;0;0;0;0;0;0;0;0;0;0;0;0;0;0;0;0;0;0;0;0;0;0;0;0;0;0;0;0;0;0;0;0;0;0;0;0;0;0;0;0;0;0;0;0;0;0;0;0;0;0;0;0;0;0;0;0;0;0;0;0;6;0;0;0;0;0;0;2019-05-04 11:00:00;-1;0;59;0;0;1;-1;-1;-1;-1;-1;-1;-1;-1;-1;-1;-1;-1;-1;-1;-1;0;0;0;0;0;0;0;-1;-1;-1;-1;-1;-1;-1;-1;-1;-1;-1;-1;-1;-1;-1;-1;-1;-1;-1;-1;-1;-1;-1;17;59;100;100;100;0;25;25;25;5;0;1;4.09;Smiltene;JDFS Alberts;2.07;1.85;1.33;1.5;1;1.5;84;42;0;0;0;50;50;0;0;1.17;1.17;1943;27;Y;Y;Y;Y;Y;Y;Y
556541;7051;11588;2019;complete;4483;5;-1;-1,-1,-1,-1;-1;4;1;5;7;0;7;-1;-1;-1;-1;-1;-1;-1;-1;-1;-1;-1;-1;-1;-1;-1;-1;-1;-1;0;0;0;0;0;0;0;0;0;0;0;0;0;0;0;0;0;0;0;0;0;0;0;0;0;0;0;0;0;0;0;0;0;0;0;0;0;0;0;0;0;0;0;0;0;0;0;0;0;0;0;0;0;0;0;0;0;0;0;0;0;0;0;0;0;0;0;0;5;0;0;0;0;0;0;2019-05-04 12:00:00;7051;0;0;0;0;1;-1;-1;-1;-1;-1;-1;-1;-1;-1;-1;-1;-1;-1;-1;1;0;0;0;0;0;0;0;-1;-1;-1;-1;-1;-1;-1;-1;-1;-1;-1;-1;-1;-1;-1;-1;-1;-1;-1;-1;-1;-1;-1;25;25;75;75;100;0;0;0;0;0;0;0;3;Tukums;Dinamo Rīga / Staicele;3;0.46;3;0;3;0;75;75;25;25;0;0;0;0;0;0;0;1943;27;Y;Y;Y;Y;Y;N;Y
556542;7054;11587;2019;complete;4483;5;-1;-1,-1;-1;2;1;3;2;8;10;-1;-1;-1;-1;-1;-1;-1;-1;-1;-1;-1;-1;-1;-1;-1;-1;-1;-1;0;0;0;0;0;0;0;0;0;0;0;0;0;0;0;0;0;0;0;0;0;0;0;0;0;0;0;0;0;0;0;0;0;0;0;0;0;0;0;0;0;0;0;0;0;0;0;0;0;0;0;0;0;0;0;0;0;0;0;0;0;0;0;0;0;0;0;0;3;0;0;0;0;0;0;2019-05-04 12:00:00;7054;0;75;0;0;1;-1;-1;-1;-1;-1;-1;-1;-1;-1;-1;-1;-1;-1;-1;1;0;0;0;0;0;0;0;-1;-1;-1;-1;-1;-1;-1;-1;-1;-1;-1;-1;-1;-1;-1;-1;-1;-1;-1;-1;-1;-1;-1;25;75;75;75;100;0;0;0;0;0;0;0;3.5;Balvu;New Project;0.31;0.43;0;0;0;0.75;75;25;25;25;0;0;0;0;0;0;0;1943;27;Y;Y;Y;N;N;N;Y
556543;7056;7050;2019;complete;4483;14;-1;7,15,27,55,90;;5;0;5;5;2;7;-1;-1;1;2;0;1;15;3;10;3;25;6;-1;-1;50;50;1;4;1.33;5.5;5.5;0;0;1.18;0;0;0;0;4.5;0;0;0;0;0;0;0;0;1.12;1.12;3.25;0;0;0;0;0;0;0;0;0;0;0;0;0;0;0;0;0;0;0;0;0;0;0;0;0;0;0;0;0;0;0;0;0;0;0;0;0;0;0;0;0;0;0;0;0;0;5;3;0;2;0;2;3;2019-05-04 13:00:00;7056;0;34;0;0;0;1;1;4;0;1;2;4;3;1;1;0;2;2;2;1;84;47;140;115;3.23;0.95;4.18;0;0;0;0;0;0;1;1;1;0;2;0;0;1;-1;-1;-1;-1;-1;-1;-1;-1;-1;17;34;100;100;100;0;50;50;50;5;0;2;3.67;Rēzekne / BJSS;Grobiņa;2;0.43;3;1;1.5;1.5;84;67;0;0;0;50;50;0;1.75;0;1.75;1943;27;Y;Y;Y;Y;Y;N;N
556544;7048;7058;2019;complete;4483;5;-1;28;;1;0;1;8;2;10;-1;-1;2;1;0;0;4;2;7;3;11;5;-1;-1;50;50;2;1;1.2;6.5;8;1;1.04;1.18;1.48;2.2;41;9.5;4.5;2.5;1.62;1.44;2.63;0;0;0;0;1.06;1.1;4.33;1.5;3.25;7.5;1.4;4;6.5;0;0;0;0;0;0;0;0;0;0;0;0;0;0;0;1.22;51;3.6;0;0;0;0;0;0;0;0;0;0;1.13;1.62;3.2;6.5;5.5;2.2;1.3;1.08;0;0;0;0;1;1;0;0;0;0;1;2019-05-04 15:00:00;7048;0;50;0;0;0;1;1;4;0;4;2;4;6;1;0;1;1;1;2;1;74;26;95;74;1.51;0.65;2.16;0;0;0;0;0;0;1;1;0;0;2;0;0;0;-1;-1;-1;-1;-1;-1;-1;-1;-1;0;25;67;67;100;0;17;17;17;6;0;2;2.59;Super Nova;Auda;2.36;1.14;3;2;3;2.5;100;75;34;34;0;50;50;0;1.66;0;1.66;1943;27;Y;N;N;N;N;N;N
556545;7058;11587;2019;complete;4483;6;-1;18;;1;0;1;1;0;1;-1;-1;-1;-1;-1;-1;2;0;0;0;2;0;-1;-1;50;50;-1;-1;1.58;5.65;3.32;0;0;1.29;0;0;0;0;3.6;0;0;0;0;0;0;0;0;1.3;1.12;2.38;0;0;0;0;0;0;0;0;0;0;0;0;0;0;0;0;0;0;0;0;0;0;0;0;0;0;0;0;0;0;0;0;0;0;0;0;0;0;0;0;0;0;0;0;0;0;1;1;0;0;0;0;1;2019-05-11 11:00:00;7058;0;84;0;0;0;-1;-1;-1;-1;-1;-1;-1;-1;-1;-1;-1;-1;-1;-1;1;14;7;0;0;0.36;0.05;0.41;-1;-1;-1;-1;-1;-1;-1;1;0;0;-1;-1;-1;-1;-1;-1;-1;-1;-1;-1;-1;-1;-1;42;67;84;84;100;0;0;0;0;8;0;0;4.5;Auda;New Project;2.23;0.43;3;0;2;0.6;59;34;17;17;0;50;50;0;0;0;0;1943;27;Y;N;N;N;N;N;N
556546;7057;7050;2019;complete;4483;6;-1;-1,-1,-1,-1,-1,-1;-1,-1;6;2;8;2;0;2;-1;-1;-1;-1;-1;-1;2;0;0;0;2;0;-1;-1;50;50;-1;-1;1.5;6;3.5;0;0;1.12;0;0;0;0;6;0;0;0;0;0;0;0;0;1.29;1.11;2.5;0;0;0;0;0;0;0;0;0;0;0;0;0;0;0;0;0;0;0;0;0;0;0;0;0;0;0;0;0;0;0;0;0;0;0;0;0;0;0;0;0;0;0;0;0;0;8;0;0;0;0;0;0;2019-05-11 11:00:00;7057;0;63;0;0;1;1;-1;2;0;0;0;2;0;-1;-1;-1;-1;-1;-1;1;18;0;19;1;0.4;0;0.4;-1;-1;-1;-1;-1;-1;-1;-1;-1;-1;2;0;-1;-1;-1;-1;-1;-1;-1;-1;-1;-1;-1;50;75;100;100;100;13;13;13;13;2;0;4;4.75;Smiltene;Grobiņa;2.07;0.43;1.25;0.75;1;1.2;50;25;0;0;0;0;0;0;0;0.95;0.95;1943;27;Y;Y;Y;Y;Y;Y;Y
556547;7056;7054;2019;complete;4483;6;-1;-1,-1,-1,-1,-1,-1;;6;0;6;5;1;6;-1;-1;-1;-1;-1;-1;-1;-1;-1;-1;-1;-1;-1;-1;-1;-1;-1;-1;0;0;0;0;0;0;0;0;0;0;0;0;0;0;0;0;0;0;0;0;0;0;0;0;0;0;0;0;0;0;0;0;0;0;0;0;0;0;0;0;0;0;0;0;0;0;0;0;0;0;0;0;0;0;0;0;0;0;0;0;0;0;0;0;0;0;0;0;6;0;0;0;0;0;0;2019-05-11 13:00:00;7056;0;34;0;0;1;-1;-1;-1;-1;-1;-1;-1;-1;-1;-1;-1;-1;-1;-1;1;0;0;0;0;0;0;0;-1;-1;-1;-1;-1;-1;-1;-1;-1;-1;-1;-1;-1;-1;-1;-1;-1;-1;-1;-1;-1;-1;-1;59;59;84;84;100;25;50;50;50;5;0;1.5;5.17;Rēzekne / BJSS;Balvu;2;0.07;3;0;1.8;0.6;42;42;17;17;0;25;25;0;2.49;0;2.49;1943;27;Y;Y;Y;Y;Y;Y;N
556548;11588;7055;2019;complete;4483;6;-1;-1;-1,-1,-1;1;3;4;1;4;5;-1;-1;-1;-1;-1;-1;0;7;4;3;4;10;-1;-1;50;50;-1;-1;0;0;0;0;0;0;0;0;0;0;0;0;0;0;0;0;0;0;0;0;0;0;0;0;0;0;0;0;0;0;0;0;0;0;0;0;0;0;0;0;0;0;0;0;0;0;0;0;0;0;0;0;0;0;0;0;0;0;0;0;0;0;0;0;0;0;0;0;4;0;0;0;0;0;0;2019-05-11 15:00:00;7055;0;50;0;0;1;1;-1;1;4;0;0;5;0;-1;-1;-1;-1;-1;-1;1;41;41;68;59;0.56;1.41;1.97;-1;-1;-1;-1;-1;-1;-1;-1;-1;-1;0;0;-1;-1;-1;-1;-1;-1;-1;-1;-1;-1;-1;33;50;84;84;100;0;17;17;17;5;0;1;3.67;Dinamo Rīga / Staicele;JDFS Alberts;0.93;1.85;0;1.33;0;1.4;67;50;17;17;0;50;50;0;0;1.17;1.17;1943;27;Y;Y;Y;Y;N;N;Y
556549;7048;7051;2019;complete;4483;6;-1;;70;0;1;1;7;5;12;-1;-1;4;4;0;0;2;4;4;4;6;8;-1;-1;50;50;4;4;1.44;4.5;5;0;0;1.44;0;0;0;0;2.7;0;0;0;0;0;0;0;0;0;0;0;0;0;0;0;0;0;0;0;0;0;0;0;0;0;0;0;0;0;0;0;0;0;0;0;0;0;0;0;0;0;0;0;0;0;0;0;0;0;0;0;0;0;0;0;0;0;1;0;0;0;1;1;0;2019-05-11 15:00:00;7051;0;50;0;0;0;1;1;4;3;3;2;7;5;2;1;2;3;3;5;1;65;53;116;101;1;1.18;2.18;0;0;0;0;0;0;1;1;0;0;0;0;1;0;-1;-1;-1;-1;-1;-1;-1;-1;-1;25;25;63;63;100;0;25;13;13;7;0;2;3.25;Super Nova;Tukums;2.36;2.46;3;3;3;3;75;75;38;38;0;50;50;0;1.58;0;1.58;1943;27;Y;N;N;N;N;N;N
556550;11587;7056;2019;complete;4483;7;-1;-1;-1;1;1;2;-1;-1;-1;-1;-1;-1;-1;-1;-1;-1;-1;-1;-1;-1;-1;-1;-1;-1;-1;-1;-1;0;0;0;0;0;0;0;0;0;0;0;0;0;0;0;0;0;0;0;0;0;0;0;0;0;0;0;0;0;0;0;0;0;0;0;0;0;0;0;0;0;0;0;0;0;0;0;0;0;0;0;0;0;0;0;0;0;0;0;0;0;0;0;0;0;0;0;0;2;0;0;0;0;0;0;2019-05-19 12:00:00;-1;0;25;0;0;1;-1;-1;-1;-1;-1;-1;-1;-1;-1;-1;-1;-1;-1;-1;-1;0;0;0;0;0;0;0;-1;-1;-1;-1;-1;-1;-1;-1;-1;-1;-1;-1;-1;-1;-1;-1;-1;-1;-1;-1;-1;-1;-1;42;42;67;67;100;0;0;0;0;0;0;0;3.42;New Project;Rēzekne / BJSS;1.08;1.21;1.5;1;0.5;2;59;59;34;34;0;0;0;0;0;0;0;1943;27;Y;Y;N;N;N;N;Y
556551;7050;11588;2019;complete;4483;7;-1;-1,-1,-1;-1;3;1;4;-1;-1;-1;-1;-1;-1;-1;-1;-1;-1;-1;-1;-1;-1;-1;-1;-1;-1;-1;-1;-1;0;0;0;0;0;0;0;0;0;0;0;0;0;0;0;0;0;0;0;0;0;0;0;0;0;0;0;0;0;0;0;0;0;0;0;0;0;0;0;0;0;0;0;0;0;0;0;0;0;0;0;0;0;0;0;0;0;0;0;0;0;0;0;0;0;0;0;0;4;0;0;0;0;0;0;2019-05-18 12:00:00;7050;0;75;0;0;1;-1;-1;-1;-1;-1;-1;-1;-1;-1;-1;-1;-1;-1;-1;-1;0;0;0;0;0;0;0;-1;-1;-1;-1;-1;-1;-1;-1;-1;-1;-1;-1;-1;-1;-1;-1;-1;-1;-1;-1;-1;-1;-1;75;75;100;100;100;0;0;0;0;0;0;0;7;Grobiņa;Dinamo Rīga / Staicele;1.85;0.46;3;0;1;0;25;25;0;0;0;0;0;0;0;0;0;1943;27;Y;Y;Y;Y;N;N;Y
556552;7055;7048;2019;complete;4483;7;-1;54,57;63;2;1;3;6;8;14;-1;-1;1;1;0;0;3;2;0;0;3;2;-1;-1;50;50;1;1;6.5;5.25;1.3;0;0;1.4;0;0;0;0;2.88;0;0;0;0;0;0;0;0;3.4;1.14;1.1;0;0;0;0;0;0;0;0;0;0;0;0;0;0;0;0;0;0;0;0;0;0;0;0;0;0;0;0;0;0;0;0;0;0;0;0;0;0;0;0;0;0;0;0;0;0;3;0;0;2;1;3;0;2019-05-18 13:00:00;7055;0;50;0;0;0;1;1;3;7;3;1;10;4;1;1;0;0;2;0;1;48;74;0;0;0.73;0.78;1.51;0;0;0;0;0;0;1;1;0;0;1;1;0;0;-1;-1;-1;-1;-1;-1;-1;-1;-1;75;75;100;100;100;0;0;0;0;0;0;0;4.5;JDFS Alberts;Super Nova;1.79;1.77;1.5;3;1.67;2.5;25;25;0;0;0;0;0;0;0;0;0;1943;27;Y;Y;Y;N;N;N;Y
556553;7054;7057;2019;complete;4483;7;-1;-1;-1,-1,-1,-1,-1,-1;1;6;7;0;6;6;-1;-1;-1;-1;-1;-1;-1;-1;-1;-1;-1;-1;-1;-1;-1;-1;-1;-1;0;0;0;0;0;0;0;0;0;0;0;0;0;0;0;0;0;0;0;0;0;0;0;0;0;0;0;0;0;0;0;0;0;0;0;0;0;0;0;0;0;0;0;0;0;0;0;0;0;0;0;0;0;0;0;0;0;0;0;0;0;0;0;0;0;0;0;0;7;0;0;0;0;0;0;2019-05-18 15:00:00;7057;0;50;0;0;1;-1;-1;-1;-1;-1;-1;-1;-1;-1;-1;-1;-1;-1;-1;1;0;0;0;0;0;0;0;-1;-1;-1;-1;-1;-1;-1;-1;-1;-1;-1;-1;-1;-1;-1;-1;-1;-1;-1;-1;-1;-1;-1;0;25;100;100;100;0;50;50;50;6;0;5;3.25;Balvu;Smiltene;0.31;1.85;1.5;0;0.5;1.33;100;75;0;0;0;100;100;0;0;0.88;0.88;1943;27;Y;Y;Y;Y;Y;Y;Y
556554;7051;7058;2019;complete;4483;7;-1;-1,-1,-1;;3;0;3;2;0;2;-1;-1;-1;-1;-1;-1;0;0;2;2;2;2;-1;-1;50;50;-1;-1;1.19;6.3;7.75;0;0;1.29;0;0;0;0;3.6;0;0;0;0;0;0;0;0;1.06;1.1;4.33;0;0;0;0;0;0;0;0;0;0;0;0;0;0;0;0;0;0;0;0;0;0;0;0;0;0;0;0;0;0;0;0;0;0;0;0;0;0;0;0;0;0;0;0;0;0;3;0;0;0;0;0;0;2019-05-19 13:00:00;7051;0;50;0;0;1;1;-1;2;0;0;0;2;0;-1;-1;-1;-1;-1;-1;1;22;4;29;15;0.29;0.16;0.44;-1;-1;-1;-1;-1;-1;-1;-1;-1;-1;0;0;-1;-1;-1;-1;-1;-1;-1;-1;-1;-1;-1;34;50;67;67;100;0;17;0;0;9;0;1;3.17;Tukums;Auda;3;1.14;3;1.33;3;2.17;67;50;33;33;0;50;50;0;0;0.65;0.65;1943;27;Y;Y;Y;N;N;N;N
556555;7058;7056;2019;complete;4483;8;-1;-1,-1;-1,-1;2;2;4;1;0;1;-1;-1;-1;-1;-1;-1;0;2;0;1;0;3;-1;-1;50;50;-1;-1;1.91;5.25;2.5;0;0;1.33;0;0;0;0;3.4;0;0;0;0;0;0;0;0;1.5;1.14;1.8;0;0;0;0;0;0;0;0;0;0;0;0;0;0;0;0;0;0;0;0;0;0;0;0;0;0;0;0;0;0;0;0;0;0;0;0;0;0;0;0;0;0;0;0;0;0;4;0;0;0;0;0;0;2019-05-25 12:00:00;-1;0;46;0;0;1;1;-1;1;0;0;0;1;0;-1;-1;-1;-1;-1;-1;1;2;10;6;26;0.02;0.4;0.42;-1;-1;-1;-1;-1;-1;-1;-1;-1;-1;1;0;-1;-1;-1;-1;-1;-1;-1;-1;-1;-1;-1;29;46;46;59;100;0;17;0;0;1;0;0;3.29;Auda;Rēzekne / BJSS;2.23;1.21;3;1;1.86;1.86;71;54;54;42;0;0;0;0;0.36;0;0.36;1943;27;Y;Y;Y;Y;N;N;Y
556556;7057;11587;2019;complete;4483;8;-1;-1,-1,-1;-1;3;1;4;-1;-1;-1;-1;-1;-1;-1;-1;-1;-1;-1;-1;-1;-1;-1;-1;-1;-1;-1;-1;-1;0;0;0;0;0;0;0;0;0;0;0;0;0;0;0;0;0;0;0;0;0;0;0;0;0;0;0;0;0;0;0;0;0;0;0;0;0;0;0;0;0;0;0;0;0;0;0;0;0;0;0;0;0;0;0;0;0;0;0;0;0;0;0;0;0;0;0;0;4;0;0;0;0;0;0;2019-05-25 13:00:00;7057;0;65;0;0;1;-1;-1;-1;-1;-1;-1;-1;-1;-1;-1;-1;-1;-1;-1;-1;0;0;0;0;0;0;0;-1;-1;-1;-1;-1;-1;-1;-1;-1;-1;-1;-1;-1;-1;-1;-1;-1;-1;-1;-1;-1;-1;-1;43;53;75;75;100;0;13;0;0;6;0;0;4.05;Smiltene;New Project;2.07;0.43;1.6;0;1.57;0.57;58;48;25;25;0;25;25;0;0.4;0.05;0.45;1943;27;Y;Y;Y;Y;N;N;Y
556557;7051;7055;2019;complete;4483;8;-1;-1,-1,-1,-1;;4;0;4;-1;-1;-1;-1;-1;-1;-1;-1;-1;-1;-1;-1;-1;-1;-1;-1;-1;-1;-1;-1;-1;0;0;0;0;0;0;0;0;0;0;0;0;0;0;0;0;0;0;0;0;0;0;0;0;0;0;0;0;0;0;0;0;0;0;0;0;0;0;0;0;0;0;0;0;0;0;0;0;0;0;0;0;0;0;0;0;0;0;0;0;0;0;0;0;0;0;0;0;4;0;0;0;0;0;0;2019-05-25 14:00:00;7051;0;50;0;0;1;-1;-1;-1;-1;-1;-1;-1;-1;-1;-1;-1;-1;-1;-1;-1;0;0;0;0;0;0;0;-1;-1;-1;-1;-1;-1;-1;-1;-1;-1;-1;-1;-1;-1;-1;-1;-1;-1;-1;-1;-1;-1;-1;38;63;88;88;100;0;13;13;13;9;0;1;3.88;Tukums;JDFS Alberts;3;1.85;3;1.75;3;1.86;63;38;13;13;0;25;25;0;0.29;1.29;1.58;1943;27;Y;Y;Y;Y;N;N;N
556558;11588;7054;2019;complete;4483;8;-1;-1,-1,-1,-1;;4;0;4;-1;-1;-1;-1;-1;-1;-1;-1;-1;-1;-1;-1;-1;-1;-1;-1;-1;-1;-1;-1;-1;0;0;0;0;0;0;0;0;0;0;0;0;0;0;0;0;0;0;0;0;0;0;0;0;0;0;0;0;0;0;0;0;0;0;0;0;0;0;0;0;0;0;0;0;0;0;0;0;0;0;0;0;0;0;0;0;0;0;0;0;0;0;0;0;0;0;0;0;4;0;0;0;0;0;0;2019-05-25 15:00:00;11588;0;50;0;0;1;-1;-1;-1;-1;-1;-1;-1;-1;-1;-1;-1;-1;-1;-1;-1;0;0;0;0;0;0;0;-1;-1;-1;-1;-1;-1;-1;-1;-1;-1;-1;-1;-1;-1;-1;-1;-1;-1;-1;-1;-1;-1;-1;50;63;75;75;100;0;0;0;0;2;0;0;4.75;Dinamo Rīga / Staicele;Balvu;0.93;0.07;0;0;0;0.43;50;38;25;25;0;0;0;0;0.56;0;0.56;1943;27;Y;Y;Y;Y;N;N;N
556559;7048;7050;2019;complete;4483;8;-1;-1,-1,-1,-1,-1;;5;0;5;-1;-1;-1;-1;-1;-1;-1;-1;-1;-1;-1;-1;-1;-1;-1;-1;-1;-1;-1;-1;-1;0;0;0;0;0;0;0;0;0;0;0;0;0;0;0;0;0;0;0;0;0;0;0;0;0;0;0;0;0;0;0;0;0;0;0;0;0;0;0;0;0;0;0;0;0;0;0;0;0;0;0;0;0;0;0;0;0;0;0;0;0;0;0;0;0;0;0;0;5;0;0;0;0;0;0;2019-05-26 15:00:00;7048;0;30;0;0;1;-1;-1;-1;-1;-1;-1;-1;-1;-1;-1;-1;-1;-1;-1;-1;0;0;0;0;0;0;0;-1;-1;-1;-1;-1;-1;-1;-1;-1;-1;-1;-1;-1;-1;-1;-1;-1;-1;-1;-1;-1;-1;-1;30;40;60;60;100;10;30;30;20;8;0;6.67;3.3;Super Nova;Grobiņa;2.36;0.43;2.4;0.6;2.14;1.29;70;60;40;40;0;50;50;17;1.39;0.47;1.86;1943;27;Y;Y;Y;Y;Y;N;N
556560;7055;7058;2019;complete;4483;9;-1;-1,-1,-1;;3;0;3;-1;-1;-1;-1;-1;-1;-1;-1;-1;-1;-1;-1;-1;-1;-1;-1;-1;-1;-1;-1;-1;0;0;0;0;0;0;0;0;0;0;0;0;0;0;0;0;0;0;0;0;0;0;0;0;0;0;0;0;0;0;0;0;0;0;0;0;0;0;0;0;0;0;0;0;0;0;0;0;0;0;0;0;0;0;0;0;0;0;0;0;0;0;0;0;0;0;0;0;3;0;0;0;0;0;0;2019-06-01 12:00:00;7055;0;75;0;50;1;-1;-1;-1;-1;-1;-1;-1;-1;-1;-1;-1;-1;-1;-1;-1;0;0;0;0;0;0;0;-1;-1;-1;-1;-1;-1;-1;-1;-1;-1;-1;-1;-1;-1;-1;-1;-1;-1;-1;-1;-1;-1;-1;17;29;88;88;100;0;13;17;17;7;0;2;3.21;JDFS Alberts;Auda;1.79;1.14;2;1;1.63;1.75;84;71;13;13;0;75;75;50;0.73;0.41;1.14;1943;27;Y;Y;Y;N;N;N;N
556561;7051;7050;2019;complete;4483;9;-1;-1,-1,-1,-1,-1,-1,-1,-1,-1;;9;0;9;2;0;2;-1;-1;-1;-1;-1;-1;3;0;3;0;6;0;-1;-1;50;50;-1;-1;1.02;21;26;0;0;1.07;0;0;0;0;9;0;0;0;0;0;0;0;0;1;1;11;0;0;0;0;0;0;0;0;0;0;0;0;0;0;0;0;0;0;0;0;0;0;0;0;0;0;0;0;0;0;0;0;0;0;0;0;0;0;0;0;0;0;0;0;0;0;9;0;0;0;0;0;0;2019-06-01 12:00:00;7051;0;35;0;0;1;1;-1;2;0;0;0;2;0;-1;-1;-1;-1;-1;-1;1;19;1;20;9;0.72;0.01;0.73;-1;-1;-1;-1;-1;-1;-1;-1;-1;-1;1;0;-1;-1;-1;-1;-1;-1;-1;-1;-1;-1;-1;54;72;90;90;100;9;9;9;9;5.5;0;4;4.39;Tukums;Grobiņa;3;0.43;3;0.5;3;1.13;47;29;10;10;0;0;0;0;0.29;0.47;0.76;1943;27;Y;Y;Y;Y;Y;Y;N
556562;7056;7057;2019;complete;4483;9;-1;-1;-1,-1;1;2;3;-1;-1;-1;-1;-1;-1;-1;-1;-1;-1;-1;-1;-1;-1;-1;-1;-1;-1;-1;-1;-1;0;0;0;0;0;0;0;0;0;0;0;0;0;0;0;0;0;0;0;0;0;0;0;0;0;0;0;0;0;0;0;0;0;0;0;0;0;0;0;0;0;0;0;0;0;0;0;0;0;0;0;0;0;0;0;0;0;0;0;0;0;0;0;0;0;0;0;0;3;0;0;0;0;0;0;2019-06-01 13:00:00;7057;0;25;0;0;1;-1;-1;-1;-1;-1;-1;-1;-1;-1;-1;-1;-1;-1;-1;-1;0;0;0;0;0;0;0;-1;-1;-1;-1;-1;-1;-1;-1;-1;-1;-1;-1;-1;-1;-1;-1;-1;-1;-1;-1;-1;-1;-1;59;59;100;100;100;17;59;59;59;10;0;6.5;4.84;Rēzekne / BJSS;Smiltene;2;1.85;3;1.5;1.75;1.75;42;42;0;0;0;42;42;0;2.49;0.88;3.37;1943;27;Y;Y;Y;N;N;N;Y
556563;7054;7048;2019;complete;4483;9;-1;;;0;0;0;-1;-1;-1;-1;-1;-1;-1;-1;-1;-1;-1;-1;-1;-1;-1;-1;-1;-1;-1;-1;-1;0;0;0;0;0;0;0;0;0;0;0;0;0;0;0;0;0;0;0;0;0;0;0;0;0;0;0;0;0;0;0;0;0;0;0;0;0;0;0;0;0;0;0;0;0;0;0;0;0;0;0;0;0;0;0;0;0;0;0;0;0;0;0;0;0;0;0;0;0;0;0;0;0;0;0;2019-06-01 14:00:00;-1;0;75;0;50;0;-1;-1;-1;-1;-1;-1;-1;-1;-1;-1;-1;-1;-1;-1;-1;0;0;0;0;0;0;0;0;0;0;0;0;0;1;1;0;0;-1;-1;-1;-1;-1;-1;-1;-1;-1;-1;-1;-1;-1;42;59;100;100;100;0;0;25;25;9;0;1;4.34;Balvu;Super Nova;0.31;1.77;1;1.5;0.38;2.25;59;42;0;0;0;75;75;50;0;0.78;0.78;1943;27;N;N;N;N;N;N;N
556564;11587;11588;2019;complete;4483;9;-1;-1,-1,-1,-1;;4;0;4;0;0;0;-1;-1;-1;-1;-1;-1;0;0;3;0;3;0;-1;-1;50;50;-1;-1;1.8;4.5;3;0;0;0;0;0;0;0;0;0;0;0;0;0;0;0;0;1.36;1.17;1.91;0;0;0;0;0;0;0;0;0;0;0;0;0;0;0;0;0;0;0;0;0;0;0;0;0;0;0;0;0;0;0;0;0;0;0;0;0;0;0;0;0;0;0;0;0;0;4;0;0;0;0;0;0;2019-06-01 14:00:00;11587;0;67;0;0;1;1;-1;0;0;0;0;0;0;-1;-1;-1;-1;-1;-1;1;10;1;13;3;0.26;0.01;0.27;-1;-1;-1;-1;-1;-1;-1;-1;-1;-1;0;0;-1;-1;-1;-1;-1;-1;-1;-1;-1;-1;-1;33;50;84;100;100;0;0;0;0;0;0;0;3.84;New Project;Dinamo Rīga / Staicele;1.08;0.46;1.33;0;0.5;0.38;67;50;17;0;0;0;0;0;0;0;0;1943;27;Y;Y;Y;Y;N;N;N
556565;7058;7057;2019;complete;4483;10;-1;-1;-1,-1;1;2;3;1;0;1;-1;-1;-1;-1;-1;-1;-1;-1;-1;-1;-1;-1;-1;-1;-1;-1;-1;-1;2.7;3.95;2;0;0;1.25;0;0;0;0;4;0;0;0;0;0;0;0;0;1.73;1.22;1.4;0;0;0;0;0;0;0;0;0;0;0;0;0;0;0;0;0;0;0;0;0;0;0;0;0;0;0;0;0;0;0;0;0;0;0;0;0;0;0;0;0;0;0;0;0;0;3;0;0;0;0;0;0;2019-06-08 11:00:00;7057;0;71;0;0;1;1;-1;1;0;0;0;1;0;-1;-1;-1;-1;-1;-1;1;5;2;0;0;0;0;0;-1;-1;-1;-1;-1;-1;-1;-1;-1;-1;1;0;-1;-1;-1;-1;-1;-1;-1;-1;-1;-1;-1;29;54;88;88;100;0;29;17;17;6;0;5;4.29;Auda;Smiltene;2.23;1.85;2.5;2;1.56;1.89;71;46;13;13;0;25;25;0;0.19;0.88;1.07;1943;27;Y;Y;Y;N;N;N;Y
556566;11587;7048;2019;complete;4483;10;-1;;;0;0;0;-1;-1;-1;-1;-1;-1;-1;-1;-1;-1;-1;-1;-1;-1;-1;-1;-1;-1;-1;-1;-1;0;0;0;0;0;0;0;0;0;0;0;0;0;0;0;0;0;0;0;0;0;0;0;0;0;0;0;0;0;0;0;0;0;0;0;0;0;0;0;0;0;0;0;0;0;0;0;0;0;0;0;0;0;0;0;0;0;0;0;0;0;0;0;0;0;0;0;0;0;0;0;0;0;0;0;2019-06-08 12:00:00;-1;0;42;0;25;0;-1;-1;-1;-1;-1;-1;-1;-1;-1;-1;-1;-1;-1;-1;-1;0;0;0;0;0;0;0;0;0;0;0;0;0;1;1;0;0;-1;-1;-1;-1;-1;-1;-1;-1;-1;-1;-1;-1;-1;29;42;71;84;84;0;0;17;17;8;0;1;3.21;New Project;Super Nova;1.08;1.77;1.75;1.33;0.78;2.11;71;59;29;17;17;50;50;50;0.26;0.78;1.04;1943;27;N;N;N;N;N;N;N
556567;7054;7051;2019;complete;4483;10;-1;;-1,-1,-1,-1,-1;0;5;5;-1;-1;-1;-1;-1;-1;-1;-1;-1;-1;-1;-1;-1;-1;-1;-1;-1;-1;-1;-1;-1;0;0;0;0;0;0;0;0;0;0;0;0;0;0;0;0;0;0;0;0;0;0;0;0;0;0;0;0;0;0;0;0;0;0;0;0;0;0;0;0;0;0;0;0;0;0;0;0;0;0;0;0;0;0;0;0;0;0;0;0;0;0;0;0;0;0;0;0;5;0;0;0;0;0;0;2019-06-08 12:00:00;7051;0;71;0;0;1;-1;-1;-1;-1;-1;-1;-1;-1;-1;-1;-1;-1;-1;-1;-1;0;0;0;0;0;0;0;-1;-1;-1;-1;-1;-1;-1;-1;-1;-1;-1;-1;-1;-1;-1;-1;-1;-1;-1;-1;-1;-1;-1;29;42;71;71;88;0;0;17;0;6;0;4;3.59;Balvu;Tukums;0.31;2.46;1;3;0.44;3;71;59;29;29;13;75;75;50;0;1.18;1.18;1943;27;Y;Y;Y;Y;Y;N;N
556568;7050;7055;2019;complete;4483;10;-1;14;73,76;1;2;3;8;7;15;-1;-1;6;3;1;0;4;7;9;5;13;12;-1;-1;50;50;8;3;3.3;4.5;1.67;0;0;1.12;0;0;0;0;6;0;0;0;0;0;0;0;0;2.1;1.17;1.3;0;0;0;0;0;0;0;0;0;0;0;0;0;0;0;0;0;0;0;0;0;0;0;0;0;0;0;0;0;0;0;0;0;0;0;0;0;0;0;0;0;0;0;0;0;0;3;1;0;0;2;2;1;2019-06-08 11:00:00;7055;0;80;0;0;0;1;1;4;6;4;1;10;5;2;1;5;2;3;7;1;73;81;86;103;1.62;1.83;3.45;0;0;0;0;0;0;1;1;0;0;0;1;1;0;-1;-1;-1;-1;-1;-1;-1;-1;-1;35;90;100;100;100;0;10;10;10;4.5;0;1;5.6;Grobiņa;JDFS Alberts;1.85;1.85;3;1.4;1;1.78;65;10;0;0;0;25;25;0;0;1.29;1.29;1943;27;Y;Y;Y;N;N;N;Y
556569;7056;11588;2019;complete;4483;10;-1;-1,-1,-1;-1;3;1;4;-1;-1;-1;-1;-1;-1;-1;-1;-1;-1;-1;-1;-1;-1;-1;-1;-1;-1;-1;-1;-1;1.03;11.25;15.75;0;0;1.07;0;0;0;0;9;0;0;0;0;0;0;0;0;1;1.01;13;0;0;0;0;0;0;0;0;0;0;0;0;0;0;0;0;0;0;0;0;0;0;0;0;0;0;0;0;0;0;0;0;0;0;0;0;0;0;0;0;0;0;0;0;0;0;4;0;0;0;0;0;0;2019-06-08 13:00:00;7056;0;38;0;0;1;-1;-1;-1;-1;-1;-1;-1;-1;-1;-1;-1;-1;-1;-1;-1;0;0;0;0;0;0;0;-1;-1;-1;-1;-1;-1;-1;-1;-1;-1;-1;-1;-1;-1;-1;-1;-1;-1;-1;-1;-1;-1;-1;38;63;100;100;100;13;25;25;25;5;0;1.5;4.13;Rēzekne / BJSS;Dinamo Rīga / Staicele;2;0.46;2.25;0;1.56;0.33;63;38;0;0;0;17;17;0;2.49;0.01;2.5;1943;27;Y;Y;Y;Y;N;N;Y
556570;7050;7058;2019;complete;4483;11;-1;72;33,36;1;2;3;14;1;15;-1;-1;2;4;0;0;11;4;11;5;22;9;-1;-1;50;50;2;4;4.45;4.95;1.43;0;0;1.22;0;0;0;0;4.2;0;0;0;0;0;0;0;0;2.62;1.14;1.17;0;0;0;0;0;0;0;0;0;0;0;0;0;0;0;0;0;0;0;0;0;0;0;0;0;0;0;0;0;0;0;0;0;0;0;0;0;0;0;0;0;0;0;0;0;0;3;0;2;1;0;1;2;2019-07-06 12:00:00;7058;0;70;0;0;0;1;1;5;1;9;0;6;9;0;2;2;2;2;4;1;99;42;139;105;2.87;1.16;4.03;0;0;0;0;0;0;1;1;0;0;2;0;0;0;-1;-1;-1;-1;-1;-1;-1;-1;-1;17;44;90;90;100;0;27;17;17;9;0;9;4.24;Grobiņa;Auda;1.85;1.14;2;0.8;0.9;1.4;84;57;10;10;0;75;75;50;1.62;0.41;2.03;1943;27;Y;Y;Y;N;N;N;Y
556571;7051;11587;2019;complete;4483;11;-1;-1;;1;0;1;1;0;1;-1;-1;-1;-1;-1;-1;0;0;0;2;0;2;-1;-1;50;50;-1;-1;1.07;10;11.5;0;0;1.14;0;0;0;0;5.5;0;0;0;0;0;0;0;0;1;1.02;9;0;0;0;0;0;0;0;0;0;0;0;0;0;0;0;0;0;0;0;0;0;0;0;0;0;0;0;0;0;0;0;0;0;0;0;0;0;0;0;0;0;0;0;0;0;0;1;0;0;0;0;0;0;2019-07-06 14:00:00;7051;0;39;0;0;1;1;-1;1;0;0;0;1;0;-1;-1;-1;-1;-1;-1;1;7;2;10;10;0.05;0.14;0.19;-1;-1;-1;-1;-1;-1;-1;-1;-1;-1;1;0;-1;-1;-1;-1;-1;-1;-1;-1;-1;-1;-1;35;54;72;72;100;0;10;0;0;7.67;0;0;3.65;Tukums;New Project;3;0.43;3;0;3;0.8;65;47;29;29;0;25;25;0;0.5;0.05;0.55;1943;27;Y;N;N;N;N;N;N
556572;11588;7057;2019;complete;4483;11;-1;;-1,-1,-1,-1;0;4;4;-1;-1;-1;-1;-1;-1;-1;-1;-1;-1;-1;-1;-1;-1;-1;-1;-1;-1;-1;-1;-1;0;0;0;0;0;0;0;0;0;0;0;0;0;0;0;0;0;0;0;0;0;0;0;0;0;0;0;0;0;0;0;0;0;0;0;0;0;0;0;0;0;0;0;0;0;0;0;0;0;0;0;0;0;0;0;0;0;0;0;0;0;0;0;0;0;0;0;0;4;0;0;0;0;0;0;2019-07-06 16:00:00;7057;0;58;0;0;1;-1;-1;-1;-1;-1;-1;-1;-1;-1;-1;-1;-1;-1;-1;-1;0;0;0;0;0;0;0;-1;-1;-1;-1;-1;-1;-1;-1;-1;-1;-1;-1;-1;-1;-1;-1;-1;-1;-1;-1;-1;-1;-1;23;43;90;90;100;0;13;13;13;4.33;0;5;3.7;Dinamo Rīga / Staicele;Smiltene;0.93;1.85;0.6;2.25;0.3;2;78;58;10;10;0;17;17;0;0.56;0.88;1.44;1943;27;Y;Y;Y;Y;N;N;N
556573;7058;11588;2019;complete;4483;12;-1;5,23,32,34,50,55,83;;7;0;7;10;2;12;-1;-1;0;2;0;0;8;0;0;0;8;0;-1;-1;50;50;0;2;1.13;8;13;1.01;1.09;1.43;2.1;3.58;13;5.85;2.75;1.63;1.24;2.34;1.66;0;0;0;0;1.01;1.04;6.5;1.51;3;8.9;1.28;4.02;12.5;0;0;0;0;0;0;0;0;0;0;0;0;0;0;0;1.1;20;6.5;0;0;1.22;2.08;4.48;10.5;3.75;1.65;1.16;1.03;0;1.63;3.06;0;0;2.11;1.32;0;0;0;0;0;7;4;0;3;0;3;4;2019-07-20 11:00:00;7058;0;70;0;0;0;1;1;7;0;3;2;7;5;0;1;0;1;1;1;1;68;46;0;0;1.53;0.32;1.85;0;0;0;0;0;0;1;1;1;0;1;0;0;0;-1;-1;-1;-1;-1;-1;-1;-1;-1;20;70;90;90;100;0;10;0;0;1;0;0;4;Auda;Dinamo Rīga / Staicele;2.23;0.46;2;0;1.55;0.27;80;30;10;10;0;0;0;0;0.19;0.01;0.2;1943;27;Y;Y;Y;Y;Y;Y;N
556574;7054;7050;2019;complete;4483;12;-1;-1;-1,-1,-1;1;3;4;-1;-1;-1;-1;-1;-1;-1;-1;-1;-1;-1;-1;-1;-1;-1;-1;-1;-1;-1;-1;-1;0;0;0;0;0;0;0;0;0;0;0;0;0;0;0;0;0;0;0;0;0;0;0;0;0;0;0;0;0;0;0;0;0;0;0;0;0;0;0;0;0;0;0;0;0;0;0;0;0;0;0;0;0;0;0;0;0;0;0;0;0;0;0;0;0;0;0;0;4;0;0;0;0;0;0;2019-07-20 12:00:00;7050;0;52;0;0;1;-1;-1;-1;-1;-1;-1;-1;-1;-1;-1;-1;-1;-1;-1;-1;0;0;0;0;0;0;0;-1;-1;-1;-1;-1;-1;-1;-1;-1;-1;-1;-1;-1;-1;-1;-1;-1;-1;-1;-1;-1;-1;-1;56;73;90;90;90;7;7;7;7;1.67;0;4;4.76;Balvu;Grobiņa;0.31;0.43;0.8;0.43;0.4;0.82;45;27;10;10;10;25;25;0;0;0.32;0.32;1943;27;Y;Y;Y;Y;N;N;Y
556575;7056;7051;2019;complete;4483;12;-1;81;44;1;1;2;2;9;11;-1;-1;4;2;0;0;2;4;3;4;5;8;-1;-1;50;50;4;2;7.5;5;1.3;1;1.06;1.24;1.69;2.39;15;9;3.94;2.14;1.56;1.37;3.07;0;0;0;0;3.24;1.13;1.06;5.35;3;1.69;5.35;3.6;1.55;0;0;0;0;0;0;0;0;0;0;0;0;0;0;0;3.25;41;1.3;0;0;1.15;1.73;3.46;7.5;4.7;2;1.26;1.06;1.06;1.36;2.25;4.5;7.3;2.8;1.53;1.14;0;0;0;0;2;0;1;1;0;1;1;2019-07-20 12:00:00;-1;0;45;0;0;0;1;1;1;7;1;2;8;3;1;0;3;2;1;5;1;43;78;95;113;0.78;1.36;2.14;0;0;0;0;0;0;1;1;0;0;0;3;0;0;-1;-1;-1;-1;-1;-1;-1;-1;-1;45;55;88;88;100;10;20;33;20;10;0;5.5;4.1;Rēzekne / BJSS;Tukums;2;2.46;2.4;3;1.7;3;55;45;13;13;0;67;67;50;2.49;1.18;3.67;1943;27;Y;Y;N;N;N;N;Y
556576;7057;7048;2019;complete;4483;12;-1;-1,-1,-1;-1;3;1;4;-1;-1;-1;-1;-1;-1;-1;-1;-1;-1;-1;-1;-1;-1;-1;-1;-1;-1;-1;-1;-1;0;0;0;0;0;0;0;0;0;0;0;0;0;0;0;0;0;0;0;0;0;0;0;0;0;0;0;0;0;0;0;0;0;0;0;0;0;0;0;0;0;0;0;0;0;0;0;0;0;0;0;0;0;0;0;0;0;0;0;0;0;0;0;0;0;0;0;0;4;0;0;0;0;0;0;2019-07-20 14:00:00;7057;0;54;0;17;1;-1;-1;-1;-1;-1;-1;-1;-1;-1;-1;-1;-1;-1;-1;-1;0;0;0;0;0;0;0;-1;-1;-1;-1;-1;-1;-1;-1;-1;-1;-1;-1;-1;-1;-1;-1;-1;-1;-1;-1;-1;-1;-1;38;54;75;75;75;0;0;13;13;10;0;1;3.67;Smiltene;Super Nova;2.07;1.77;1.83;1.25;2.09;2;63;46;25;25;25;50;50;50;0.4;0.78;1.18;1943;27;Y;Y;Y;Y;N;N;Y
556577;11587;7055;2019;complete;4483;12;-1;;-1,-1;0;2;2;0;0;0;-1;-1;-1;-1;-1;-1;-1;-1;-1;-1;-1;-1;-1;-1;-1;-1;-1;-1;2.7;3.75;2.1;0;0;0;0;0;0;0;0;0;0;0;0;0;0;0;0;0;0;0;0;0;0;0;0;0;0;0;0;0;0;0;0;0;0;0;0;0;0;0;0;0;0;0;0;0;0;0;0;0;0;0;0;0;0;0;0;0;0;0;0;0;0;0;0;0;2;0;0;0;0;0;0;2019-07-20 14:00:00;7055;0;54;0;0;1;1;-1;0;0;0;0;0;0;-1;-1;-1;-1;-1;-1;-1;0;0;0;0;0;0;0;-1;-1;-1;-1;-1;-1;-1;-1;-1;-1;0;0;-1;-1;-1;-1;-1;-1;-1;-1;-1;-1;-1;19;54;80;90;90;0;17;17;17;5.33;0;2;3.5;New Project;JDFS Alberts;1.08;1.85;1.6;1.67;0.73;1.9;82;47;20;10;10;34;34;17;0.26;1.47;1.73;1943;27;Y;Y;N;N;N;N;N
556578;7054;7058;2019;complete;4483;13;-1;-1;-1,-1;1;2;3;-1;-1;-1;-1;-1;-1;-1;-1;-1;-1;-1;-1;-1;-1;-1;-1;-1;-1;-1;-1;-1;0;0;0;0;0;0;0;0;0;0;0;0;0;0;0;0;0;0;0;0;0;0;0;0;0;0;0;0;0;0;0;0;0;0;0;0;0;0;0;0;0;0;0;0;0;0;0;0;0;0;0;0;0;0;0;0;0;0;0;0;0;0;0;0;0;0;0;0;3;0;0;0;0;0;0;2019-07-27 12:00:00;7058;0;59;0;0;1;-1;-1;-1;-1;-1;-1;-1;-1;-1;-1;-1;-1;-1;-1;-1;0;0;0;0;0;0;0;-1;-1;-1;-1;-1;-1;-1;-1;-1;-1;-1;-1;-1;-1;-1;-1;-1;-1;-1;-1;-1;-1;-1;17;42;83;83;92;9;17;9;0;2;0;2.5;3.33;Balvu;Auda;0.31;1.14;0.67;1.17;0.36;1.67;84;58;17;17;9;59;59;17;0;0.66;0.66;1943;27;Y;Y;Y;N;N;N;Y
556579;7050;11587;2019;complete;4483;13;-1;3,20,36;84;3;1;4;0;4;4;-1;-1;0;3;0;0;6;3;2;8;8;11;-1;-1;50;50;0;3;1.67;4.33;3.5;0;0;1.33;0;0;0;0;3.4;0;0;0;0;0;0;0;0;1.25;1.17;2;0;0;0;0;0;0;0;0;0;0;0;0;0;0;0;0;0;0;0;0;0;0;0;0;0;0;0;0;0;0;0;0;0;0;0;0;0;0;0;0;0;0;0;0;0;0;4;3;0;0;1;1;3;2019-07-27 12:00:00;7050;0;75;0;0;0;-1;1;-1;-1;-1;-1;-1;-1;0;0;0;3;0;3;1;85;62;103;81;1.54;1.35;2.89;0;0;0;0;0;0;1;1;1;0;-1;-1;0;0;-1;-1;-1;-1;-1;-1;-1;-1;-1;21;42;75;75;100;13;34;25;13;13.67;0;5;3.75;Grobiņa;New Project;1.85;0.43;1.5;0;1;0.67;79;59;25;25;0;67;67;50;2.25;0.1;2.35;1943;27;Y;Y;Y;Y;N;N;Y
556580;7055;7056;2019;complete;4483;13;-1;-1,-1,-1,-1;-1;4;1;5;-1;-1;-1;-1;-1;-1;-1;-1;-1;-1;-1;-1;-1;-1;-1;-1;-1;-1;-1;-1;-1;0;0;0;0;0;0;0;0;0;0;0;0;0;0;0;0;0;0;0;0;0;0;0;0;0;0;0;0;0;0;0;0;0;0;0;0;0;0;0;0;0;0;0;0;0;0;0;0;0;0;0;0;0;0;0;0;0;0;0;0;0;0;0;0;0;0;0;0;5;0;0;0;0;0;0;2019-07-27 11:00:00;7055;0;58;0;50;1;-1;-1;-1;-1;-1;-1;-1;-1;-1;-1;-1;-1;-1;-1;-1;0;0;0;0;0;0;0;-1;-1;-1;-1;-1;-1;-1;-1;-1;-1;-1;-1;-1;-1;-1;-1;-1;-1;-1;-1;-1;-1;-1;23;33;70;80;100;0;0;13;13;6;0;1;3.05;JDFS Alberts;Rēzekne / BJSS;1.79;1.21;2.25;1;2;1.64;78;68;30;20;0;50;50;50;0.73;0.4;1.13;1943;27;Y;Y;Y;Y;Y;N;Y
556581;7051;7057;2019;complete;4483;13;-1;-1,-1,-1,-1,-1;;5;0;5;-1;-1;-1;-1;-1;-1;-1;-1;-1;-1;-1;-1;-1;-1;-1;-1;-1;-1;-1;-1;-1;0;0;0;0;0;0;0;0;0;0;0;0;0;0;0;0;0;0;0;0;0;0;0;0;0;0;0;0;0;0;0;0;0;0;0;0;0;0;0;0;0;0;0;0;0;0;0;0;0;0;0;0;0;0;0;0;0;0;0;0;0;0;0;0;0;0;0;0;5;0;0;0;0;0;0;2019-07-27 14:00:00;7051;0;37;0;0;1;-1;-1;-1;-1;-1;-1;-1;-1;-1;-1;-1;-1;-1;-1;-1;0;0;0;0;0;0;0;-1;-1;-1;-1;-1;-1;-1;-1;-1;-1;-1;-1;-1;-1;-1;-1;-1;-1;-1;-1;-1;-1;-1;32;49;86;86;100;0;10;10;10;6.33;0;5;4;Tukums;Smiltene;3;1.85;3;2.4;2.83;2.17;69;52;15;15;0;17;17;0;0.35;0.88;1.23;1943;27;Y;Y;Y;Y;Y;N;N
556582;11588;7048;2019;complete;4483;13;-1;;-1,-1,-1;0;3;3;-1;-1;-1;-1;-1;-1;-1;-1;-1;-1;-1;-1;-1;-1;-1;-1;-1;-1;-1;-1;-1;0;0;0;0;0;0;0;0;0;0;0;0;0;0;0;0;0;0;0;0;0;0;0;0;0;0;0;0;0;0;0;0;0;0;0;0;0;0;0;0;0;0;0;0;0;0;0;0;0;0;0;0;0;0;0;0;0;0;0;0;0;0;0;0;0;0;0;0;3;0;0;0;0;0;0;2019-07-27 16:00:00;7048;0;37;0;17;1;-1;-1;-1;-1;-1;-1;-1;-1;-1;-1;-1;-1;-1;-1;-1;0;0;0;0;0;0;0;-1;-1;-1;-1;-1;-1;-1;-1;-1;-1;-1;-1;-1;-1;-1;-1;-1;-1;-1;-1;-1;-1;-1;19;54;72;72;80;0;0;10;10;9;0;1;2.95;Dinamo Rīga / Staicele;Super Nova;0.93;1.77;0.5;1;0.25;1.82;82;47;29;29;20;50;50;50;0.56;0.78;1.34;1943;27;Y;Y;Y;N;N;N;N
556583;7058;7048;2019;complete;4483;14;-1;-1,-1,-1;-1;3;1;4;-1;-1;-1;-1;-1;-1;-1;-1;-1;-1;-1;-1;-1;-1;-1;-1;-1;-1;-1;-1;-1;0;0;0;0;0;0;0;0;0;0;0;0;0;0;0;0;0;0;0;0;0;0;0;0;0;0;0;0;0;0;0;0;0;0;0;0;0;0;0;0;0;0;0;0;0;0;0;0;0;0;0;0;0;0;0;0;0;0;0;0;0;0;0;0;0;0;0;0;4;0;0;0;0;0;0;2019-08-03 11:00:00;7058;0;50;0;17;1;-1;-1;-1;-1;-1;-1;-1;-1;-1;-1;-1;-1;-1;-1;-1;0;0;0;0;0;0;0;-1;-1;-1;-1;-1;-1;-1;-1;-1;-1;-1;-1;-1;-1;-1;-1;-1;-1;-1;-1;-1;-1;-1;25;50;75;75;84;9;17;17;17;11.25;0;1;3.5;Auda;Super Nova;2.23;1.77;2.17;1.33;1.77;1.92;75;50;25;25;17;63;63;63;0.64;0.78;1.42;1943;27;Y;Y;Y;Y;N;N;Y
556584;7050;7056;2019;complete;4483;5;-1;15,37,61,65,67,83;63,84;6;2;8;2;7;9;-1;-1;0;2;0;0;10;5;8;6;18;11;-1;-1;50;50;0;2;1.4;5;5.25;0;0;0;0;0;0;0;0;0;0;0;0;0;0;0;0;1.12;1.12;2.62;0;0;0;0;0;0;0;0;0;0;0;0;0;0;0;0;0;0;0;0;0;0;0;0;0;0;0;0;0;0;0;0;0;0;0;0;0;0;0;0;0;0;0;0;0;0;8;2;0;4;2;6;2;2019-08-03 13:00:00;7050;0;75;0;0;0;1;1;2;5;0;2;7;2;0;1;0;1;1;1;1;70;76;94;112;2.33;1.6;3.93;0;0;0;0;0;0;1;1;0;0;1;0;0;0;-1;-1;-1;-1;-1;-1;-1;-1;-1;27;55;75;84;100;20;30;30;10;7.33;0;3.33;3.9;Grobiņa;Rēzekne / BJSS;1.85;1.21;1.8;0.83;1.15;1.5;74;45;25;17;0;34;34;34;2.01;0.4;2.41;1943;27;Y;Y;Y;Y;Y;Y;Y
556585;7055;7057;2019;complete;4483;14;-1;-1,-1;-1,-1,-1;2;3;5;-1;-1;-1;-1;-1;-1;-1;-1;-1;-1;-1;-1;-1;-1;-1;-1;-1;-1;-1;-1;-1;0;0;0;0;0;0;0;0;0;0;0;0;0;0;0;0;0;0;0;0;0;0;0;0;0;0;0;0;0;0;0;0;0;0;0;0;0;0;0;0;0;0;0;0;0;0;0;0;0;0;0;0;0;0;0;0;0;0;0;0;0;0;0;0;0;0;0;0;5;0;0;0;0;0;0;2019-08-03 14:00:00;7057;0;65;0;50;1;-1;-1;-1;-1;-1;-1;-1;-1;-1;-1;-1;-1;-1;-1;-1;0;0;0;0;0;0;0;-1;-1;-1;-1;-1;-1;-1;-1;-1;-1;-1;-1;-1;-1;-1;-1;-1;-1;-1;-1;-1;-1;-1;37;45;100;100;100;0;9;19;19;9.33;0;6;3.99;JDFS Alberts;Smiltene;1.79;1.85;2.4;2;2.08;2;64;55;0;0;0;67;67;50;0.73;0.88;1.61;1943;27;Y;Y;Y;Y;Y;N;Y
556586;11588;7051;2019;complete;4483;14;-1;;;0;0;0;-1;-1;-1;-1;-1;-1;-1;-1;-1;-1;-1;-1;-1;-1;-1;-1;-1;-1;-1;-1;-1;0;0;0;0;0;0;0;0;0;0;0;0;0;0;0;0;0;0;0;0;0;0;0;0;0;0;0;0;0;0;0;0;0;0;0;0;0;0;0;0;0;0;0;0;0;0;0;0;0;0;0;0;0;0;0;0;0;0;0;0;0;0;0;0;0;0;0;0;0;0;0;0;0;0;0;2019-08-03 15:30:00;-1;0;45;0;0;0;-1;-1;-1;-1;-1;-1;-1;-1;-1;-1;-1;-1;-1;-1;-1;0;0;0;0;0;0;0;0;0;0;0;0;0;1;1;0;0;-1;-1;-1;-1;-1;-1;-1;-1;-1;-1;-1;-1;-1;27;49;73;83;100;0;10;20;0;8;0;3;3.52;Dinamo Rīga / Staicele;Tukums;0.93;2.46;0.43;2.6;0.23;2.85;73;52;27;17;0;50;50;50;0.56;1.27;1.83;1943;27;N;N;N;N;N;N;N
556587;11587;7054;2019;complete;4483;14;-1;-1,-1;-1;2;1;3;-1;-1;-1;-1;-1;-1;-1;-1;-1;-1;-1;-1;-1;-1;-1;-1;-1;-1;-1;-1;-1;1.57;4;4.33;0;0;1.2;0;0;0;0;4.4;0;0;0;0;0;0;0;0;1.17;1.2;2.2;0;0;0;0;0;0;0;0;0;0;0;0;0;0;0;0;0;0;0;0;0;0;0;0;0;0;0;0;0;0;0;0;0;0;0;0;0;0;0;0;0;0;0;0;0;0;3;0;0;0;0;0;0;2019-08-04 13:00:00;11587;0;37;0;0;1;-1;-1;-1;-1;-1;-1;-1;-1;-1;-1;-1;-1;-1;-1;-1;0;0;0;0;0;0;0;-1;-1;-1;-1;-1;-1;-1;-1;-1;-1;-1;-1;-1;-1;-1;-1;-1;-1;-1;-1;-1;-1;-1;39;57;65;82;92;0;0;0;0;1;0;0;4.32;New Project;Balvu;1.08;0.07;1.33;0;0.62;0.33;62;44;35;19;9;0;0;0;0.26;0;0.26;1943;27;Y;Y;Y;N;N;N;Y
556588;11587;7058;2019;complete;4483;15;-1;;-1;0;1;1;0;0;0;-1;-1;-1;-1;-1;-1;-1;-1;-1;-1;-1;-1;-1;-1;-1;-1;-1;-1;5;4.5;1.44;1.01;1.11;1.44;2.08;3.5;20;6;2.7;1.67;1.25;1.57;2.52;0;0;0;0;2.5;1.14;1.12;5;2.62;1.91;4.42;3.1;1.82;0;0;0;0;0;0;0;0;0;0;0;0;0;0;0;2.88;20;1.4;0;0;1.26;2.13;4.62;11;3.66;1.7;1.19;1.03;1.11;1.57;3;6.5;5.5;2.1;1.3;1.06;0;0;0;0;1;0;0;0;0;0;0;2019-08-10 15:00:00;7058;0;50;0;0;1;1;-1;0;0;0;0;0;0;-1;-1;-1;-1;-1;-1;-1;0;0;0;0;0;0;0;-1;-1;-1;-1;-1;-1;-1;-1;-1;-1;0;0;-1;-1;-1;-1;-1;-1;-1;-1;-1;-1;-1;7;22;72;86;93;7;15;7;0;1;0;2.5;2.86;New Project;Auda;1.08;1.14;1.57;1.43;0.79;1.86;93;79;29;14;7;34;34;17;0.26;0.66;0.92;1943;27;Y;N;N;N;N;N;N
556589;7050;7057;2019;complete;4483;15;-1;38,66;;2;0;2;4;13;17;-1;-1;5;3;0;0;6;3;4;10;10;13;-1;-1;50;50;5;3;4.33;4.2;1.55;1.01;1.09;1.22;1.61;2.65;14;7.1;4.2;2.29;1.47;1.3;3.48;0;0;0;0;2.25;1.2;1.17;3.75;2.88;2;3.72;3.1;1.93;0;0;0;0;0;0;0;0;0;0;0;0;0;0;0;2.4;26;1.53;0;0;1.13;2;4;9.5;5.1;1.8;1.2;1.04;1.04;1.44;2.62;5.5;8.4;2.4;1.4;1.1;0;0;0;0;2;1;0;1;0;1;1;2019-08-10 13:00:00;7050;0;79;0;13;0;1;1;2;8;2;5;10;7;2;1;3;2;3;5;1;65;103;94;109;1.52;1.77;3.29;0;0;0;0;0;0;1;1;0;0;1;1;0;0;-1;-1;-1;-1;-1;-1;-1;-1;-1;38;62;100;100;100;25;41;41;24;9.33;0;7.5;4.81;Grobiņa;Smiltene;1.85;1.85;2;2.14;1.29;2.07;62;38;0;0;0;54;42;25;2.09;0.88;2.97;1943;27;Y;Y;N;N;N;N;N
556590;7051;7048;2019;complete;4483;15;-1;-1,-1;-1;2;1;3;-1;-1;-1;-1;-1;-1;-1;-1;-1;-1;-1;-1;-1;-1;-1;-1;-1;-1;-1;-1;-1;0;0;0;0;0;0;0;0;0;0;0;0;0;0;0;0;0;0;0;0;0;0;0;0;0;0;0;0;0;0;0;0;0;0;0;0;0;0;0;0;0;0;0;0;0;0;0;0;0;0;0;0;0;0;0;0;0;0;0;0;0;0;0;0;0;0;0;0;3;0;0;0;0;0;0;2019-08-10 14:00:00;7051;0;28;0;17;1;-1;-1;-1;-1;-1;-1;-1;-1;-1;-1;-1;-1;-1;-1;-1;0;0;0;0;0;0;0;-1;-1;-1;-1;-1;-1;-1;-1;-1;-1;-1;-1;-1;-1;-1;-1;-1;-1;-1;-1;-1;-1;-1;32;53;73;73;86;0;0;7;7;11;0;1;3.42;Tukums;Super Nova;3;1.77;3;1.14;2.71;1.77;68;48;27;27;15;50;50;50;0.35;0.78;1.13;1943;27;Y;Y;Y;N;N;N;Y
556591;7054;7056;2019;complete;4483;15;-1;;-1,-1;0;2;2;-1;-1;-1;-1;-1;-1;-1;-1;-1;-1;-1;-1;-1;-1;-1;-1;-1;-1;-1;-1;-1;0;0;0;0;0;0;0;0;0;0;0;0;0;0;0;0;0;0;0;0;0;0;0;0;0;0;0;0;0;0;0;0;0;0;0;0;0;0;0;0;0;0;0;0;0;0;0;0;0;0;0;0;0;0;0;0;0;0;0;0;0;0;0;0;0;0;0;0;2;0;0;0;0;0;0;2019-08-10 15:00:00;7056;0;64;0;50;1;-1;-1;-1;-1;-1;-1;-1;-1;-1;-1;-1;-1;-1;-1;-1;0;0;0;0;0;0;0;-1;-1;-1;-1;-1;-1;-1;-1;-1;-1;-1;-1;-1;-1;-1;-1;-1;-1;-1;-1;-1;-1;-1;36;57;72;79;93;7;7;7;7;4.5;0;2;3.71;Balvu;Rēzekne / BJSS;0.31;1.21;0.57;0.71;0.31;1.38;64;43;29;22;7;50;25;0;0;1;1;1943;27;Y;Y;N;N;N;N;N
556592;7055;11588;2019;complete;4483;15;-1;-1;;1;0;1;-1;-1;-1;-1;-1;-1;-1;-1;-1;-1;-1;-1;-1;-1;-1;-1;-1;-1;-1;-1;-1;1.17;7;9;1;1.08;1.3;1.76;2.68;34;6.6;3.5;1.95;1.42;1.72;2.23;0;0;0;0;1.04;1.07;4.33;1.53;3.2;7;1.41;3.96;8.6;0;0;0;0;0;0;0;0;0;0;0;0;0;0;0;1.2;34;4.2;0;0;1.18;1.98;3.54;8.5;4.3;1.83;1.26;1.05;1.07;1.5;2.55;0;6.8;2.44;1.47;0;0;0;0;0;1;0;0;0;0;0;0;2019-08-10 15:00:00;7055;0;67;0;50;1;-1;-1;-1;-1;-1;-1;-1;-1;-1;-1;-1;-1;-1;-1;-1;0;0;0;0;0;0;0;-1;-1;-1;-1;-1;-1;-1;-1;-1;-1;-1;-1;-1;-1;-1;-1;-1;-1;-1;-1;-1;-1;-1;42;67;100;100;100;9;9;17;17;7;0;3;4.25;JDFS Alberts;Dinamo Rīga / Staicele;1.79;0.46;2;0;1.92;0.29;59;34;0;0;0;75;75;75;0.73;0.16;0.89;1943;27;Y;N;N;N;N;N;N
556593;7058;7051;2019;complete;4483;16;-1;-1;-1,-1,-1,-1,-1,-1,-1;1;7;8;-1;-1;-1;-1;-1;-1;-1;-1;-1;-1;-1;-1;-1;-1;-1;-1;-1;-1;-1;-1;-1;0;0;0;0;0;0;0;0;0;0;0;0;0;0;0;0;0;0;0;0;0;0;0;0;0;0;0;0;0;0;0;0;0;0;0;0;0;0;0;0;0;0;0;0;0;0;0;0;0;0;0;0;0;0;0;0;0;0;0;0;0;0;0;0;0;0;0;0;8;0;0;0;0;0;0;2019-08-17 12:00:00;7051;0;61;0;0;1;-1;-1;-1;-1;-1;-1;-1;-1;-1;-1;-1;-1;-1;-1;-1;0;0;0;0;0;0;0;-1;-1;-1;-1;-1;-1;-1;-1;-1;-1;-1;-1;-1;-1;-1;-1;-1;-1;-1;-1;-1;-1;-1;31;52;68;77;92;7;23;24;7;10.25;0;3;3.72;Auda;Tukums;2.23;2.46;2.29;2.33;1.93;2.73;69;48;32;24;9;63;63;63;0.64;1.27;1.91;1943;27;Y;Y;Y;Y;Y;Y;Y
556594;7055;7048;2019;complete;4483;16;-1;-1,-1;-1,-1,-1,-1,-1,-1,-1;2;7;9;0;5;5;-1;-1;-1;-1;-1;-1;2;4;0;0;2;4;-1;-1;50;50;-1;-1;2.1;5.4;2.2;1.02;1.14;1.5;2.36;3.94;15;5;2.5;1.54;1.21;1.5;2.74;0;0;0;0;1.53;1.11;1.62;2.62;2.5;3;2.42;2.75;3.09;0;0;0;0;0;0;0;0;0;0;0;0;0;0;0;1.73;15;2.1;0;0;1.28;2.3;5.7;12.5;3.56;1.6;1.13;1.02;1.11;1.67;3.4;8;5;2;1.25;1.05;0;0;0;0;9;0;0;0;0;0;0;2019-08-17 13:00:00;7048;0;61;0;67;1;1;-1;0;5;0;0;5;0;-1;-1;-1;-1;-1;-1;1;17;30;0;0;0.38;0.74;1.12;-1;-1;-1;-1;-1;-1;-1;-1;-1;-1;0;1;-1;-1;-1;-1;-1;-1;-1;-1;-1;-1;-1;28;41;81;81;88;0;0;14;14;14;0;2;3.16;JDFS Alberts;Super Nova;1.79;1.77;2.14;1;2;1.64;73;60;20;20;13;100;100;100;0.73;0.78;1.51;1943;27;Y;Y;Y;Y;Y;Y;Y
556595;7057;7054;2019;complete;4483;16;-1;-1,-1,-1,-1,-1,-1,-1;-1;7;1;8;-1;-1;-1;-1;-1;-1;-1;-1;-1;-1;-1;-1;-1;-1;-1;-1;-1;-1;-1;-1;-1;0;0;0;0;0;0;0;0;0;0;0;0;0;0;0;0;0;0;0;0;0;0;0;0;0;0;0;0;0;0;0;0;0;0;0;0;0;0;0;0;0;0;0;0;0;0;0;0;0;0;0;0;0;0;0;0;0;0;0;0;0;0;0;0;0;0;0;0;8;0;0;0;0;0;0;2019-08-17 13:00:00;7057;0;68;0;0;1;-1;-1;-1;-1;-1;-1;-1;-1;-1;-1;-1;-1;-1;-1;-1;0;0;0;0;0;0;0;-1;-1;-1;-1;-1;-1;-1;-1;-1;-1;-1;-1;-1;-1;-1;-1;-1;-1;-1;-1;-1;-1;-1;47;77;92;92;100;0;0;0;0;3;0;0;5.24;Smiltene;Balvu;2.07;0.07;2;0;1.93;0.29;54;24;9;9;0;0;0;0;0.4;0;0.4;1943;27;Y;Y;Y;Y;Y;Y;Y
556596;7056;11587;2019;complete;4483;16;-1;14,22,33,40,57,64,72,74,88;;9;0;9;10;3;13;-1;-1;2;6;0;0;16;0;18;3;34;3;-1;-1;50;50;2;6;1.56;5.4;3.35;1.01;1.12;1.44;2.2;3.5;20;5.5;2.7;1.62;1.25;1.58;2.52;0;0;0;0;1.14;1.11;2.62;2;2.62;4.33;1.75;3;4.42;0;0;0;0;0;0;0;0;0;0;0;0;0;0;0;1.4;20;2.88;0;0;1.24;2.23;5.2;11;3.86;1.64;1.15;1.03;1.08;1.57;3.1;7;6;2.1;1.3;1.06;0;0;0;0;10;5;0;5;0;5;5;2019-08-17 13:00:00;7056;0;54;0;0;0;1;1;3;2;7;1;5;8;1;4;1;2;5;3;1;106;28;121;76;4.01;0.4;4.41;0;0;0;0;0;0;1;1;0;0;1;2;0;0;-1;-1;-1;-1;-1;-1;-1;-1;-1;24;47;70;79;100;16;40;32;17;7.25;0;5.33;3.27;Rēzekne / BJSS;New Project;2;0.43;2.17;0;1.5;0.73;77;54;30;22;0;38;38;13;1.92;0.51;2.43;1943;27;Y;Y;Y;Y;Y;Y;N
556597;11588;7050;2019;complete;4483;16;-1;-1,-1,-1,-1,-1,-1;-1;6;1;7;-1;-1;-1;-1;-1;-1;-1;-1;-1;-1;-1;-1;-1;-1;-1;-1;-1;-1;-1;-1;-1;0;0;0;0;0;0;0;0;0;0;0;0;0;0;0;0;0;0;0;0;0;0;0;0;0;0;0;0;0;0;0;0;0;0;0;0;0;0;0;0;0;0;0;0;0;0;0;0;0;0;0;0;0;0;0;0;0;0;0;0;0;0;0;0;0;0;0;0;7;0;0;0;0;0;0;2019-08-17 15:00:00;11588;0;38;0;0;1;-1;-1;-1;-1;-1;-1;-1;-1;-1;-1;-1;-1;-1;-1;-1;0;0;0;0;0;0;0;-1;-1;-1;-1;-1;-1;-1;-1;-1;-1;-1;-1;-1;-1;-1;-1;-1;-1;-1;-1;-1;-1;-1;38;69;88;88;94;7;7;7;7;1.67;0;4;4.25;Dinamo Rīga / Staicele;Grobiņa;0.93;0.43;0.5;0.75;0.27;1.4;63;32;13;13;7;0;0;0;0.56;0.32;0.88;1943;27;Y;Y;Y;Y;Y;Y;Y
556598;11587;7057;2019;complete;4483;17;-1;-1;-1,-1,-1,-1,-1;1;5;6;-1;-1;-1;-1;-1;-1;-1;-1;-1;-1;-1;-1;-1;-1;-1;-1;-1;-1;-1;-1;-1;0;0;0;0;0;0;0;0;0;0;0;0;0;0;0;0;0;0;0;0;0;0;0;0;0;0;0;0;0;0;0;0;0;0;0;0;0;0;0;0;0;0;0;0;0;0;0;0;0;0;0;0;0;0;0;0;0;0;0;0;0;0;0;0;0;0;0;0;6;0;0;0;0;0;0;2019-08-24 12:00:00;7057;0;44;0;0;1;-1;-1;-1;-1;-1;-1;-1;-1;-1;-1;-1;-1;-1;-1;-1;0;0;0;0;0;0;0;-1;-1;-1;-1;-1;-1;-1;-1;-1;-1;-1;-1;-1;-1;-1;-1;-1;-1;-1;-1;-1;-1;-1;26;38;69;88;94;0;13;13;7;5.75;0;4;3.32;New Project;Smiltene;1.08;1.85;1.38;1.88;0.69;2;76;63;32;13;7;25;25;13;0.26;1.32;1.58;1943;27;Y;Y;Y;Y;Y;Y;Y
556599;7056;7058;2019;complete;4483;17;-1;-1,-1,-1,-1;-1,-1;4;2;6;-1;-1;-1;-1;-1;-1;-1;-1;-1;-1;-1;-1;-1;-1;-1;-1;-1;-1;-1;-1;-1;2;4.33;2.63;1;1.06;1.29;1.63;2.66;15;8.3;3.6;2.25;1.46;1.25;3.92;0;0;0;0;1.4;1.17;1.67;2.5;2.75;2.88;2.27;3.1;2.87;0;0;0;0;0;0;0;0;0;0;0;0;0;0;0;1.67;31;2;0;0;1.14;1.85;3.5;7.5;5;1.95;1.25;1.06;1.05;1.36;2.3;4.5;8;2.7;1.5;1.12;0;0;0;0;6;0;0;0;0;0;0;2019-08-24 13:00:00;7056;0;47;0;0;1;-1;-1;-1;-1;-1;-1;-1;-1;-1;-1;-1;-1;-1;-1;-1;0;0;0;0;0;0;0;-1;-1;-1;-1;-1;-1;-1;-1;-1;-1;-1;-1;-1;-1;-1;-1;-1;-1;-1;-1;-1;-1;-1;22;35;81;88;100;21;41;35;22;6.4;0;4.75;3.67;Rēzekne / BJSS;Auda;2;1.14;2.29;1.63;1.6;1.81;79;66;20;13;0;64;64;37;2.44;0.66;3.1;1943;27;Y;Y;Y;Y;Y;Y;Y
556600;7054;11588;2019;complete;4483;17;-1;-1,-1;-1,-1,-1,-1;2;4;6;-1;-1;-1;-1;-1;-1;-1;-1;-1;-1;-1;-1;-1;-1;-1;-1;-1;-1;-1;-1;-1;0;0;0;0;0;0;0;0;0;0;0;0;0;0;0;0;0;0;0;0;0;0;0;0;0;0;0;0;0;0;0;0;0;0;0;0;0;0;0;0;0;0;0;0;0;0;0;0;0;0;0;0;0;0;0;0;0;0;0;0;0;0;0;0;0;0;0;0;6;0;0;0;0;0;0;2019-08-24 13:00:00;11588;0;53;0;0;1;-1;-1;-1;-1;-1;-1;-1;-1;-1;-1;-1;-1;-1;-1;-1;0;0;0;0;0;0;0;-1;-1;-1;-1;-1;-1;-1;-1;-1;-1;-1;-1;-1;-1;-1;-1;-1;-1;-1;-1;-1;-1;-1;27;61;81;87;94;7;7;7;7;2;0;2;3.75;Balvu;Dinamo Rīga / Staicele;0.31;0.46;0.5;0;0.27;0.44;73;40;20;14;7;50;50;25;0;0.16;0.16;1943;27;Y;Y;Y;Y;Y;Y;Y
556601;7055;7051;2019;complete;4483;17;-1;;-1,-1,-1;0;3;3;-1;-1;-1;-1;-1;-1;-1;-1;-1;-1;-1;-1;-1;-1;-1;-1;-1;-1;-1;-1;-1;0;0;0;0;0;0;0;0;0;0;0;0;0;0;0;0;0;0;0;0;0;0;0;0;0;0;0;0;0;0;0;0;0;0;0;0;0;0;0;0;0;0;0;0;0;0;0;0;0;0;0;0;0;0;0;0;0;0;0;0;0;0;0;0;0;0;0;0;3;0;0;0;0;0;0;2019-08-24 14:00:00;7051;0;66;0;50;1;-1;-1;-1;-1;-1;-1;-1;-1;-1;-1;-1;-1;-1;-1;-1;0;0;0;0;0;0;0;-1;-1;-1;-1;-1;-1;-1;-1;-1;-1;-1;-1;-1;-1;-1;-1;-1;-1;-1;-1;-1;-1;-1;47;47;73;80;93;0;7;21;7;10;0;4;3.98;JDFS Alberts;Tukums;1.79;2.46;1.88;2.43;1.87;2.75;54;54;28;21;7;75;75;75;0.56;1.27;1.83;1943;27;Y;Y;Y;N;N;N;N
556602;7050;7048;2019;complete;4483;17;-1;;16,20,22,55,58,70,75;0;7;7;3;7;10;-1;-1;2;1;0;0;2;11;3;10;5;21;-1;-1;50;50;2;1;10;8;1.13;1;1.02;1.8;1.3;1.73;91;12;2;3.2;2;1.4;2.75;0;0;0;0;5;1.05;1.03;6.5;3.75;1.44;8;4.5;1.3;0;0;0;0;0;0;0;0;0;0;0;0;0;0;0;3.75;91;1.2;0;0;1.09;1.51;2.66;5.7;6.9;2.52;1.46;1.13;1.02;1.2;1.8;3.24;13;3.74;1.83;1.25;0;0;0;0;7;0;3;0;4;4;3;2019-08-25 13:00:00;7048;0;71;0;27;0;1;1;2;4;1;3;6;4;2;1;0;0;3;0;1;57;100;89;121;0.88;2.81;3.68;0;0;0;0;0;0;1;1;0;0;1;1;0;0;-1;-1;-1;-1;-1;-1;-1;-1;-1;26;51;82;89;89;22;36;41;20;12.1;0;4;4.15;Grobiņa;Super Nova;1.85;1.77;2.14;1.22;1.31;1.73;75;50;18;11;11;65;55;55;1.98;0.76;2.74;1943;27;Y;Y;Y;Y;Y;Y;N
556603;7055;7054;2019;complete;4483;11;-1;-1;-1;1;1;2;-1;-1;-1;-1;-1;-1;-1;-1;-1;-1;-1;-1;-1;-1;-1;-1;-1;-1;-1;-1;-1;0;0;0;0;0;0;0;0;0;0;0;0;0;0;0;0;0;0;0;0;0;0;0;0;0;0;0;0;0;0;0;0;0;0;0;0;0;0;0;0;0;0;0;0;0;0;0;0;0;0;0;0;0;0;0;0;0;0;0;0;0;0;0;0;0;0;0;0;2;0;0;0;0;0;0;2019-08-31 14:00:00;-1;0;62;0;50;1;-1;-1;-1;-1;-1;-1;-1;-1;-1;-1;-1;-1;-1;-1;-1;0;0;0;0;0;0;0;-1;-1;-1;-1;-1;-1;-1;-1;-1;-1;-1;-1;-1;-1;-1;-1;-1;-1;-1;-1;-1;-1;-1;51;58;88;88;100;0;0;6;6;4;0;1;4.91;JDFS Alberts;Balvu;1.79;0.07;1.67;0;1.75;0.25;50;43;13;13;0;25;25;25;0.56;0;0.56;1943;27;Y;Y;N;N;N;N;Y
556604;7056;7048;2019;complete;4483;11;-1;-1,-1;-1,-1,-1;2;3;5;-1;-1;-1;-1;-1;-1;-1;-1;-1;-1;-1;-1;-1;-1;-1;-1;-1;-1;-1;-1;-1;0;0;0;0;0;0;0;0;0;0;0;0;0;0;0;0;0;0;0;0;0;0;0;0;0;0;0;0;0;0;0;0;0;0;0;0;0;0;0;0;0;0;0;0;0;0;0;0;0;0;0;0;0;0;0;0;0;0;0;0;0;0;0;0;0;0;0;0;5;0;0;0;0;0;0;2019-08-31 13:00:00;7048;0;50;0;13;1;-1;-1;-1;-1;-1;-1;-1;-1;-1;-1;-1;-1;-1;-1;-1;0;0;0;0;0;0;0;-1;-1;-1;-1;-1;-1;-1;-1;-1;-1;-1;-1;-1;-1;-1;-1;-1;-1;-1;-1;-1;-1;-1;40;57;84;90;90;18;30;35;29;12.07;0;3.25;4.34;Rēzekne / BJSS;Super Nova;2;1.77;2.38;1.4;1.69;1.81;60;44;17;10;10;64;64;37;2.44;1.44;3.88;1943;27;Y;Y;Y;Y;Y;N;Y
556605;7058;7055;2019;complete;4483;18;-1;-1,-1;-1,-1;2;2;4;-1;-1;-1;-1;-1;-1;-1;-1;-1;-1;-1;-1;-1;-1;-1;-1;-1;-1;-1;-1;-1;0;0;0;0;0;0;0;0;0;0;0;0;0;0;0;0;0;0;0;0;0;0;0;0;0;0;0;0;0;0;0;0;0;0;0;0;0;0;0;0;0;0;0;0;0;0;0;0;0;0;0;0;0;0;0;0;0;0;0;0;0;0;0;0;0;0;0;0;4;0;0;0;0;0;0;2019-09-07 11:00:00;-1;0;66;0;0;1;-1;-1;-1;-1;-1;-1;-1;-1;-1;-1;-1;-1;-1;-1;-1;0;0;0;0;0;0;0;-1;-1;-1;-1;-1;-1;-1;-1;-1;-1;-1;-1;-1;-1;-1;-1;-1;-1;-1;-1;-1;-1;-1;26;66;87;94;100;7;27;21;21;8.58;0;2;4.3;Auda;JDFS Alberts;2.23;1.85;2;1.86;1.71;1.71;75;34;14;7;0;46;46;29;0.64;1.47;2.11;1943;27;Y;Y;Y;Y;N;N;Y
556606;7050;7051;2019;complete;4483;18;-1;;-1;0;1;1;1;7;8;-1;-1;-1;-1;-1;-1;-1;-1;-1;-1;-1;-1;-1;-1;-1;-1;-1;-1;0;0;0;0;0;0;0;0;0;0;0;0;0;0;0;0;0;0;0;0;0;0;0;0;0;0;0;0;0;0;0;0;0;0;0;0;0;0;0;0;0;0;0;0;0;0;0;0;0;0;0;0;0;0;0;0;0;0;0;0;0;0;0;0;0;0;0;0;1;0;0;0;0;0;0;2019-09-07 12:00:00;7051;0;63;0;9;1;-1;-1;-1;-1;-1;-1;-1;-1;-1;-1;-1;-1;-1;-1;1;40;89;93;133;0;0;0;-1;-1;-1;-1;-1;-1;-1;-1;-1;-1;-1;-1;-1;-1;-1;-1;-1;-1;-1;-1;-1;-1;-1;38;51;76;88;94;25;44;50;19;12.17;0;5.83;4.38;Grobiņa;Tukums;1.85;2.46;1.88;2.5;1.24;2.76;63;51;26;13;7;92;84;75;1.79;1.27;3.06;1943;27;Y;N;N;N;N;N;N
556607;11588;11587;2019;complete;4483;18;-1;-1,-1,-1;-1;3;1;4;-1;-1;-1;-1;-1;-1;-1;-1;-1;-1;-1;-1;-1;-1;-1;-1;-1;-1;-1;-1;-1;0;0;0;0;0;0;0;0;0;0;0;0;0;0;0;0;0;0;0;0;0;0;0;0;0;0;0;0;0;0;0;0;0;0;0;0;0;0;0;0;0;0;0;0;0;0;0;0;0;0;0;0;0;0;0;0;0;0;0;0;0;0;0;0;0;0;0;0;4;0;0;0;0;0;0;2019-09-07 14:00:00;11588;0;42;0;0;1;-1;-1;-1;-1;-1;-1;-1;-1;-1;-1;-1;-1;-1;-1;-1;0;0;0;0;0;0;0;-1;-1;-1;-1;-1;-1;-1;-1;-1;-1;-1;-1;-1;-1;-1;-1;-1;-1;-1;-1;-1;-1;-1;24;53;71;71;95;13;19;13;7;4;0;4.5;3.54;Dinamo Rīga / Staicele;New Project;0.93;0.43;0.78;0;0.59;0.65;77;47;30;30;6;20;20;10;0.56;0.49;1.05;1943;27;Y;Y;Y;Y;N;N;Y
556608;7057;7056;2019;complete;4483;18;-1;-1,-1;-1,-1,-1;2;3;5;-1;-1;-1;-1;-1;-1;-1;-1;-1;-1;-1;-1;-1;-1;-1;-1;-1;-1;-1;-1;-1;0;0;0;0;0;0;0;0;0;0;0;0;0;0;0;0;0;0;0;0;0;0;0;0;0;0;0;0;0;0;0;0;0;0;0;0;0;0;0;0;0;0;0;0;0;0;0;0;0;0;0;0;0;0;0;0;0;0;0;0;0;0;0;0;0;0;0;0;5;0;0;0;0;0;0;2019-09-07 13:00:00;7056;0;69;0;50;1;-1;-1;-1;-1;-1;-1;-1;-1;-1;-1;-1;-1;-1;-1;-1;0;0;0;0;0;0;0;-1;-1;-1;-1;-1;-1;-1;-1;-1;-1;-1;-1;-1;-1;-1;-1;-1;-1;-1;-1;-1;-1;-1;44;69;75;88;100;7;7;7;7;5.5;0;2;4.5;Smiltene;Rēzekne / BJSS;2.07;1.21;2.13;1;2.06;1.59;57;32;25;13;0;25;0;0;0.4;1;1.4;1943;27;Y;Y;Y;Y;Y;N;Y
556609;7048;7054;2019;complete;4483;18;-1;-1,-1,-1,-1,-1;-1;5;1;6;-1;-1;-1;-1;-1;-1;-1;-1;-1;-1;-1;-1;-1;-1;-1;-1;-1;-1;-1;-1;-1;0;0;0;0;0;0;0;0;0;0;0;0;0;0;0;0;0;0;0;0;0;0;0;0;0;0;0;0;0;0;0;0;0;0;0;0;0;0;0;0;0;0;0;0;0;0;0;0;0;0;0;0;0;0;0;0;0;0;0;0;0;0;0;0;0;0;0;0;6;0;0;0;0;0;0;2019-09-07 15:30:00;7048;0;32;0;0;1;-1;-1;-1;-1;-1;-1;-1;-1;-1;-1;-1;-1;-1;-1;-1;0;0;0;0;0;0;0;-1;-1;-1;-1;-1;-1;-1;-1;-1;-1;-1;-1;-1;-1;-1;-1;-1;-1;-1;-1;-1;-1;-1;34;40;54;61;100;0;17;17;9;8;0;2.67;3.63;Super Nova;Balvu;2.36;0.07;2.5;0.13;1.88;0.29;67;61;46;40;0;50;50;17;1.39;0;1.39;1943;27;Y;Y;Y;Y;Y;Y;Y
556615;7054;7055;2019;complete;4483;20;-1;-1;-1,-1,-1,-1,-1,-1;1;6;7;-1;-1;-1;-1;-1;-1;-1;-1;-1;-1;-1;-1;-1;-1;-1;-1;-1;-1;-1;-1;-1;0;0;0;0;0;0;0;0;0;0;0;0;0;0;0;0;0;0;0;0;0;0;0;0;0;0;0;0;0;0;0;0;0;0;0;0;0;0;0;0;0;0;0;0;0;0;0;0;0;0;0;0;0;0;0;0;0;0;0;0;0;0;0;0;0;0;0;0;7;0;0;0;0;0;0;2019-09-21 11:00:00;7055;0;65;0;0;1;-1;-1;-1;-1;-1;-1;-1;-1;-1;-1;-1;-1;-1;-1;-1;0;0;0;0;0;0;0;-1;-1;-1;-1;-1;-1;-1;-1;-1;-1;-1;-1;-1;-1;-1;-1;-1;-1;-1;-1;-1;-1;-1;23;60;83;95;95;0;13;13;13;6.33;0;2;3.77;Balvu;JDFS Alberts;0.31;1.85;0.44;1.75;0.26;1.74;78;41;18;6;6;59;59;17;0;1.47;1.47;1943;27;Y;Y;Y;Y;Y;Y;Y
556616;7057;11588;2019;complete;4483;20;-1;-1,-1,-1,-1,-1;-1,-1;5;2;7;-1;-1;-1;-1;-1;-1;-1;-1;-1;-1;-1;-1;-1;-1;-1;-1;-1;-1;-1;-1;-1;1.08;9;17;0;0;1.25;1.89;0;0;0;4;1.91;0;0;0;0;0;0;0;1.01;1.04;6.5;1.34;3.6;11;0;0;0;0;0;0;0;0;0;0;0;0;0;0;0;0;0;0;0;0;0;0;0;0;0;0;0;0;0;0;0;0;0;0;0;0;0;0;0;0;0;0;0;7;0;0;0;0;0;0;2019-09-21 13:00:00;7057;0;70;0;0;1;-1;-1;-1;-1;-1;-1;-1;-1;-1;-1;-1;-1;-1;-1;-1;0;0;0;0;0;0;0;-1;-1;-1;-1;-1;-1;-1;-1;-1;-1;-1;-1;-1;-1;-1;-1;-1;-1;-1;-1;-1;-1;-1;44;78;94;94;100;7;7;7;7;3;0;2;4.73;Smiltene;Dinamo Rīga / Staicele;2.07;0.46;2;0.38;2;0.68;57;23;7;7;0;25;25;25;0.4;0.16;0.56;1943;27;Y;Y;Y;Y;Y;Y;Y
556617;11587;7051;2019;complete;4483;20;-1;;-1,-1,-1,-1;0;4;4;-1;-1;-1;-1;-1;-1;-1;-1;-1;-1;-1;-1;-1;-1;-1;-1;-1;-1;-1;-1;-1;0;0;0;0;0;0;0;0;0;0;0;0;0;0;0;0;0;0;0;0;0;0;0;0;0;0;0;0;0;0;0;0;0;0;0;0;0;0;0;0;0;0;0;0;0;0;0;0;0;0;0;0;0;0;0;0;0;0;0;0;0;0;0;0;0;0;0;0;4;0;0;0;0;0;0;2019-09-21 12:00:00;7051;0;44;0;0;1;-1;-1;-1;-1;-1;-1;-1;-1;-1;-1;-1;-1;-1;-1;-1;0;0;0;0;0;0;0;-1;-1;-1;-1;-1;-1;-1;-1;-1;-1;-1;-1;-1;-1;-1;-1;-1;-1;-1;-1;-1;-1;-1;28;33;56;73;89;0;6;11;0;7;0;3;3.17;New Project;Tukums;1.08;2.46;1.22;2.56;0.58;2.79;73;67;44;28;11;34;34;34;0.26;1.27;1.53;1943;27;Y;Y;Y;Y;N;N;N
556618;7056;7048;2019;complete;4483;20;-1;-1,-1;-1,-1,-1,-1,-1,-1,-1;2;7;9;-1;-1;-1;-1;-1;-1;-1;-1;-1;-1;-1;-1;-1;-1;-1;-1;-1;-1;-1;-1;-1;0;0;0;0;0;0;0;0;0;0;0;0;0;0;0;0;0;0;0;0;0;0;0;0;0;0;0;0;0;0;0;0;0;0;0;0;0;0;0;0;0;0;0;0;0;0;0;0;0;0;0;0;0;0;0;0;0;0;0;0;0;0;0;0;0;0;0;0;9;0;0;0;0;0;0;2019-09-21 12:00:00;7048;0;56;0;13;1;-1;-1;-1;-1;-1;-1;-1;-1;-1;-1;-1;-1;-1;-1;-1;0;0;0;0;0;0;0;-1;-1;-1;-1;-1;-1;-1;-1;-1;-1;-1;-1;-1;-1;-1;-1;-1;-1;-1;-1;-1;-1;-1;46;61;86;91;91;16;27;31;26;12.07;0;3.25;4.4;Rēzekne / BJSS;Super Nova;2;1.77;2.11;1.55;1.74;2;54;39;15;9;9;64;64;37;2.44;1.44;3.88;1943;27;Y;Y;Y;Y;Y;Y;Y
556619;7058;7050;2019;complete;4483;20;-1;-1,-1,-1;-1;3;1;4;-1;-1;-1;-1;-1;-1;-1;-1;-1;-1;-1;-1;-1;-1;-1;-1;-1;-1;-1;-1;-1;0;0;0;0;0;0;0;0;0;0;0;0;0;0;0;0;0;0;0;0;0;0;0;0;0;0;0;0;0;0;0;0;0;0;0;0;0;0;0;0;0;0;0;0;0;0;0;0;0;0;0;0;0;0;0;0;0;0;0;0;0;0;0;0;0;0;0;0;4;0;0;0;0;0;0;2019-09-22 11:00:00;7058;0;69;0;0;1;-1;-1;-1;-1;-1;-1;-1;-1;-1;-1;-1;-1;-1;-1;-1;0;0;0;0;0;0;0;-1;-1;-1;-1;-1;-1;-1;-1;-1;-1;-1;-1;-1;-1;-1;-1;-1;-1;-1;-1;-1;-1;-1;52;84;95;95;100;11;16;11;11;3.92;0;4;5.29;Auda;Grobiņa;2.23;0.43;1.89;0.6;1.58;1.11;49;16;6;6;0;13;13;13;0.64;0.32;0.96;1943;27;Y;Y;Y;Y;N;N;Y
556620;7050;7054;2019;complete;4483;21;-1;-1,-1,-1,-1,-1,-1,-1;-1,-1;7;2;9;-1;-1;-1;-1;-1;-1;-1;-1;-1;-1;-1;-1;-1;-1;-1;-1;-1;-1;-1;-1;-1;0;0;0;0;0;0;0;0;0;0;0;0;0;0;0;0;0;0;0;0;0;0;0;0;0;0;0;0;0;0;0;0;0;0;0;0;0;0;0;0;0;0;0;0;0;0;0;0;0;0;0;0;0;0;0;0;0;0;0;0;0;0;0;0;0;0;0;0;9;0;0;0;0;0;0;2019-09-28 12:00:00;7050;0;64;0;9;1;-1;-1;-1;-1;-1;-1;-1;-1;-1;-1;-1;-1;-1;-1;-1;0;0;0;0;0;0;0;-1;-1;-1;-1;-1;-1;-1;-1;-1;-1;-1;-1;-1;-1;-1;-1;-1;-1;-1;-1;-1;-1;-1;42;58;74;85;100;22;34;34;17;5.57;0;2.83;4.79;Grobiņa;Balvu;1.85;0.07;1.67;0.1;1.05;0.25;59;42;26;16;0;36;29;22;1.79;0;1.79;1943;27;Y;Y;Y;Y;Y;Y;Y
556621;11588;7058;2019;complete;4483;21;-1;-1,-1;-1,-1,-1,-1;2;4;6;-1;-1;-1;-1;-1;-1;-1;-1;-1;-1;-1;-1;-1;-1;-1;-1;-1;-1;-1;-1;-1;0;0;0;0;0;0;0;0;0;0;0;0;0;0;0;0;0;0;0;0;0;0;0;0;0;0;0;0;0;0;0;0;0;0;0;0;0;0;0;0;0;0;0;0;0;0;0;0;0;0;0;0;0;0;0;0;0;0;0;0;0;0;0;0;0;0;0;0;6;0;0;0;0;0;0;2019-09-28 13:30:00;7058;0;53;0;0;1;-1;-1;-1;-1;-1;-1;-1;-1;-1;-1;-1;-1;-1;-1;-1;0;0;0;0;0;0;0;-1;-1;-1;-1;-1;-1;-1;-1;-1;-1;-1;-1;-1;-1;-1;-1;-1;-1;-1;-1;-1;-1;-1;14;42;81;81;96;5;10;5;0;2;0;2.5;3.28;Dinamo Rīga / Staicele;Auda;0.93;1.14;0.91;1.3;0.65;1.65;86;58;19;19;5;34;34;17;0.56;0.66;1.22;1943;27;Y;Y;Y;Y;Y;Y;Y
556622;7055;11587;2019;complete;4483;21;-1;-1;-1,-1,-1;1;3;4;-1;-1;-1;-1;-1;-1;-1;-1;-1;-1;-1;-1;-1;-1;-1;-1;-1;-1;-1;-1;-1;0;0;0;0;0;0;0;0;0;0;0;0;0;0;0;0;0;0;0;0;0;0;0;0;0;0;0;0;0;0;0;0;0;0;0;0;0;0;0;0;0;0;0;0;0;0;0;0;0;0;0;0;0;0;0;0;0;0;0;0;0;0;0;0;0;0;0;0;4;0;0;0;0;0;0;2019-09-28 13:00:00;11587;0;62;0;50;1;-1;-1;-1;-1;-1;-1;-1;-1;-1;-1;-1;-1;-1;-1;-1;0;0;0;0;0;0;0;-1;-1;-1;-1;-1;-1;-1;-1;-1;-1;-1;-1;-1;-1;-1;-1;-1;-1;-1;-1;-1;-1;-1;38;53;76;81;100;10;15;15;10;6;0;5.5;4.09;JDFS Alberts;New Project;1.79;0.43;1.73;0;1.8;0.55;63;48;24;20;0;45;45;35;0.56;0.49;1.05;1943;27;Y;Y;Y;Y;N;N;Y
556623;7048;7057;2019;complete;4483;21;-1;;-1,-1,-1;0;3;3;-1;-1;-1;-1;-1;-1;-1;-1;-1;-1;-1;-1;-1;-1;-1;-1;-1;-1;-1;-1;-1;0;0;0;0;0;0;0;0;0;0;0;0;0;0;0;0;0;0;0;0;0;0;0;0;0;0;0;0;0;0;0;0;0;0;0;0;0;0;0;0;0;0;0;0;0;0;0;0;0;0;0;0;0;0;0;0;0;0;0;0;0;0;0;0;0;0;0;0;3;0;0;0;0;0;0;2019-09-29 12:00:00;7057;0;35;0;0;1;-1;-1;-1;-1;-1;-1;-1;-1;-1;-1;-1;-1;-1;-1;-1;0;0;0;0;0;0;0;-1;-1;-1;-1;-1;-1;-1;-1;-1;-1;-1;-1;-1;-1;-1;-1;-1;-1;-1;-1;-1;-1;-1;41;47;70;75;100;0;24;24;12;12.75;0;6.67;3.68;Super Nova;Smiltene;2.36;1.85;2.63;2;2.05;2.05;60;54;31;25;0;75;75;29;1.39;1.32;2.71;1943;27;Y;Y;Y;N;N;N;N
556624;7051;7056;2019;complete;4483;21;-1;-1,-1,-1,-1,-1;;5;0;5;-1;-1;-1;-1;-1;-1;-1;-1;-1;-1;-1;-1;-1;-1;-1;-1;-1;-1;-1;-1;-1;0;0;0;0;0;0;0;0;0;0;0;0;0;0;0;0;0;0;0;0;0;0;0;0;0;0;0;0;0;0;0;0;0;0;0;0;0;0;0;0;0;0;0;0;0;0;0;0;0;0;0;0;0;0;0;0;0;0;0;0;0;0;0;0;0;0;0;0;5;0;0;0;0;0;0;2019-09-29 12:00:00;7051;0;40;0;50;1;-1;-1;-1;-1;-1;-1;-1;-1;-1;-1;-1;-1;-1;-1;-1;0;0;0;0;0;0;0;-1;-1;-1;-1;-1;-1;-1;-1;-1;-1;-1;-1;-1;-1;-1;-1;-1;-1;-1;-1;-1;-1;-1;40;55;65;75;100;5;5;5;5;6.5;0;2;3.7;Tukums;Rēzekne / BJSS;3;1.21;3;1.4;2.8;1.65;60;45;35;25;0;25;0;0;0.35;1;1.35;1943;27;Y;Y;Y;Y;Y;N;N
556625;7058;7054;2019;complete;4483;22;-1;-1,-1,-1,-1,-1,-1,-1,-1;;8;0;8;-1;-1;-1;-1;-1;-1;-1;-1;-1;-1;-1;-1;-1;-1;-1;-1;-1;-1;-1;-1;-1;0;0;0;0;0;0;0;0;0;0;0;0;0;0;0;0;0;0;0;0;0;0;0;0;0;0;0;0;0;0;0;0;0;0;0;0;0;0;0;0;0;0;0;0;0;0;0;0;0;0;0;0;0;0;0;0;0;0;0;0;0;0;0;0;0;0;0;0;8;0;0;0;0;0;0;2019-10-05 11:00:00;7058;0;72;0;0;1;-1;-1;-1;-1;-1;-1;-1;-1;-1;-1;-1;-1;-1;-1;-1;0;0;0;0;0;0;0;-1;-1;-1;-1;-1;-1;-1;-1;-1;-1;-1;-1;-1;-1;-1;-1;-1;-1;-1;-1;-1;-1;-1;43;72;82;86;100;5;10;5;5;4.25;0;0;4.99;Auda;Balvu;2.23;0.07;2;0.09;1.71;0.24;58;28;19;14;0;13;13;13;0.64;0;0.64;1943;27;Y;Y;Y;Y;Y;Y;N
556626;7056;7055;2019;complete;4483;22;-1;-1,-1;-1,-1;2;2;4;-1;-1;-1;-1;-1;-1;-1;-1;-1;-1;-1;-1;-1;-1;-1;-1;-1;-1;-1;-1;-1;0;0;0;0;0;0;0;0;0;0;0;0;0;0;0;0;0;0;0;0;0;0;0;0;0;0;0;0;0;0;0;0;0;0;0;0;0;0;0;0;0;0;0;0;0;0;0;0;0;0;0;0;0;0;0;0;0;0;0;0;0;0;0;0;0;0;0;0;4;0;0;0;0;0;0;2019-10-05 12:00:00;-1;0;64;0;0;1;-1;-1;-1;-1;-1;-1;-1;-1;-1;-1;-1;-1;-1;-1;-1;0;0;0;0;0;0;0;-1;-1;-1;-1;-1;-1;-1;-1;-1;-1;-1;-1;-1;-1;-1;-1;-1;-1;-1;-1;-1;-1;-1;41;69;90;100;100;10;31;31;26;10.73;0;4.25;4.71;Rēzekne / BJSS;JDFS Alberts;2;1.85;1.9;1.89;1.57;1.71;59;32;11;0;0;64;64;37;2.44;1.47;3.91;1943;27;Y;Y;Y;Y;N;N;Y
556627;11587;7050;2019;complete;4483;22;-1;-1,-1,-1,-1,-1,-1,-1,-1;-1;8;1;9;-1;-1;-1;-1;-1;-1;-1;-1;-1;-1;-1;-1;-1;-1;-1;-1;-1;-1;-1;-1;-1;0;0;0;0;0;0;0;0;0;0;0;0;0;0;0;0;0;0;0;0;0;0;0;0;0;0;0;0;0;0;0;0;0;0;0;0;0;0;0;0;0;0;0;0;0;0;0;0;0;0;0;0;0;0;0;0;0;0;0;0;0;0;0;0;0;0;0;0;9;0;0;0;0;0;0;2019-10-05 12:00:00;11587;0;52;0;0;1;-1;-1;-1;-1;-1;-1;-1;-1;-1;-1;-1;-1;-1;-1;-1;0;0;0;0;0;0;0;-1;-1;-1;-1;-1;-1;-1;-1;-1;-1;-1;-1;-1;-1;-1;-1;-1;-1;-1;-1;-1;-1;-1;42;66;80;90;95;5;5;5;5;0.67;0;4;4.37;New Project;Grobiņa;1.08;0.43;1.1;0.55;0.67;1.14;58;35;20;10;5;0;0;0;0.26;0.32;0.58;1943;27;Y;Y;Y;Y;Y;Y;Y
556628;7057;7051;2019;complete;4483;22;-1;-1;-1,-1,-1,-1;1;4;5;-1;-1;-1;-1;-1;-1;-1;-1;-1;-1;-1;-1;-1;-1;-1;-1;-1;-1;-1;-1;-1;0;0;0;0;0;0;0;0;0;0;0;0;0;0;0;0;0;0;0;0;0;0;0;0;0;0;0;0;0;0;0;0;0;0;0;0;0;0;0;0;0;0;0;0;0;0;0;0;0;0;0;0;0;0;0;0;0;0;0;0;0;0;0;0;0;0;0;0;5;0;0;0;0;0;0;2019-10-05 12:00:00;7051;0;66;0;0;1;-1;-1;-1;-1;-1;-1;-1;-1;-1;-1;-1;-1;-1;-1;-1;0;0;0;0;0;0;0;-1;-1;-1;-1;-1;-1;-1;-1;-1;-1;-1;-1;-1;-1;-1;-1;-1;-1;-1;-1;-1;-1;-1;43;61;80;85;95;0;5;10;0;9;0;3;4.38;Smiltene;Tukums;2.07;2.46;2.09;2.6;2.1;2.81;58;39;20;15;5;34;34;34;0.4;1.27;1.67;1943;27;Y;Y;Y;Y;Y;N;Y
556629;7048;11588;2019;complete;4483;22;-1;-1,-1,-1,-1,-1;-1;5;1;6;-1;-1;-1;-1;-1;-1;-1;-1;-1;-1;-1;-1;-1;-1;-1;-1;-1;-1;-1;-1;-1;2.45;2.9;2.7;1.01;1.14;1.5;2.25;3.3;13.5;5;2.4;1.57;1.28;2.15;1.51;2.05;1.57;13;1.04;1.28;1.25;1.45;3.1;1.9;3.8;2.88;2.1;3.4;0;0;1.2;1.36;1.72;2.15;2.8;3.9;2.7;2;1.6;1.36;0;0;0;1.87;5.95;2.3;2.45;6.6;1.19;2.05;4.4;9.75;3.7;1.61;1.13;1;1.12;1.65;2.95;6;5.25;2.1;1.35;1.1;0;0;0;0;6;0;0;0;0;0;0;2019-10-05 15:00:00;7048;0;34;0;0;1;-1;-1;-1;-1;-1;-1;-1;-1;-1;-1;-1;-1;-1;-1;-1;0;0;0;0;0;0;0;-1;-1;-1;-1;-1;-1;-1;-1;-1;-1;-1;-1;-1;-1;-1;-1;-1;-1;-1;-1;-1;-1;-1;39;56;73;73;100;6;17;17;11;8;0;4.67;3.84;Super Nova;Dinamo Rīga / Staicele;2.36;0.46;2.33;0.33;1.95;0.62;62;45;28;28;0;75;75;42;1.39;0.16;1.55;1943;27;Y;Y;Y;Y;Y;Y;Y
556630;7051;11588;2019;complete;4483;23;-1;-1,-1,-1,-1,-1;;5;0;5;-1;-1;-1;-1;-1;-1;-1;-1;-1;-1;-1;-1;-1;-1;-1;-1;-1;-1;-1;-1;-1;0;0;0;0;0;0;0;0;0;0;0;0;0;0;0;0;0;0;0;0;0;0;0;0;0;0;0;0;0;0;0;0;0;0;0;0;0;0;0;0;0;0;0;0;0;0;0;0;0;0;0;0;0;0;0;0;0;0;0;0;0;0;0;0;0;0;0;0;5;0;0;0;0;0;0;2019-10-12 11:00:00;7051;0;39;0;0;1;-1;-1;-1;-1;-1;-1;-1;-1;-1;-1;-1;-1;-1;-1;-1;0;0;0;0;0;0;0;-1;-1;-1;-1;-1;-1;-1;-1;-1;-1;-1;-1;-1;-1;-1;-1;-1;-1;-1;-1;-1;-1;-1;48;68;82;82;100;5;5;5;5;4;0;2;4.26;Tukums;Dinamo Rīga / Staicele;3;0.46;3;0.3;2.82;0.59;53;33;19;19;0;25;25;25;0.35;0.16;0.51;1943;27;Y;Y;Y;Y;Y;N;N
556631;7055;7057;2019;complete;4483;23;-1;-1,-1;-1;2;1;3;-1;-1;-1;-1;-1;-1;-1;-1;-1;-1;-1;-1;-1;-1;-1;-1;-1;-1;-1;-1;-1;0;0;0;0;0;0;0;0;0;0;0;0;0;0;0;0;0;0;0;0;0;0;0;0;0;0;0;0;0;0;0;0;0;0;0;0;0;0;0;0;0;0;0;0;0;0;0;0;0;0;0;0;0;0;0;0;0;0;0;0;0;0;0;0;0;0;0;0;3;0;0;0;0;0;0;2019-10-12 11:00:00;7055;0;63;0;50;1;-1;-1;-1;-1;-1;-1;-1;-1;-1;-1;-1;-1;-1;-1;-1;0;0;0;0;0;0;0;-1;-1;-1;-1;-1;-1;-1;-1;-1;-1;-1;-1;-1;-1;-1;-1;-1;-1;-1;-1;-1;-1;-1;41;50;87;96;100;0;10;14;9;8.75;0;5;4.14;JDFS Alberts;Smiltene;1.79;1.85;1.58;2.1;1.68;2;59;50;14;4;0;50;50;38;0.56;1.32;1.88;1943;27;Y;Y;Y;N;N;N;Y
556632;7054;11587;2019;complete;4483;23;-1;-1;-1,-1;1;2;3;-1;-1;-1;-1;-1;-1;-1;-1;-1;-1;-1;-1;-1;-1;-1;-1;-1;-1;-1;-1;-1;0;0;0;0;0;0;0;0;0;0;0;0;0;0;0;0;0;0;0;0;0;0;0;0;0;0;0;0;0;0;0;0;0;0;0;0;0;0;0;0;0;0;0;0;0;0;0;0;0;0;0;0;0;0;0;0;0;0;0;0;0;0;0;0;0;0;0;0;3;0;0;0;0;0;0;2019-10-12 11:00:00;11587;0;63;0;0;1;-1;-1;-1;-1;-1;-1;-1;-1;-1;-1;-1;-1;-1;-1;-1;0;0;0;0;0;0;0;-1;-1;-1;-1;-1;-1;-1;-1;-1;-1;-1;-1;-1;-1;-1;-1;-1;-1;-1;-1;-1;-1;-1;34;62;77;82;95;9;14;9;5;4;0;4.5;4.05;Balvu;New Project;0.31;0.43;0.4;0.27;0.23;0.77;67;38;24;19;5;45;45;10;0;0.49;0.49;1943;27;Y;Y;Y;N;N;N;Y
556634;7050;7056;2019;complete;4483;23;-1;-1,-1,-1;-1,-1;3;2;5;-1;-1;-1;-1;-1;-1;-1;-1;-1;-1;-1;-1;-1;-1;-1;-1;-1;-1;-1;-1;-1;0;0;0;0;0;0;0;0;0;0;0;0;0;0;0;0;0;0;0;0;0;0;0;0;0;0;0;0;0;0;0;0;0;0;0;0;0;0;0;0;0;0;0;0;0;0;0;0;0;0;0;0;0;0;0;0;0;0;0;0;0;0;0;0;0;0;0;0;5;0;0;0;0;0;0;2019-10-12 13:00:00;7050;0;63;0;59;1;-1;-1;-1;-1;-1;-1;-1;-1;-1;-1;-1;-1;-1;-1;-1;0;0;0;0;0;0;0;-1;-1;-1;-1;-1;-1;-1;-1;-1;-1;-1;-1;-1;-1;-1;-1;-1;-1;-1;-1;-1;-1;-1;43;62;72;86;100;25;35;35;20;8.07;0;4.83;4.46;Grobiņa;Rēzekne / BJSS;1.85;1.21;1.8;1.27;1.09;1.55;58;38;28;14;0;61;29;22;1.79;1;2.79;1943;27;Y;Y;Y;Y;Y;N;Y
556635;7048;7058;2019;complete;4483;23;-1;-1,-1,-1,-1,-1;;5;0;5;-1;-1;-1;-1;-1;-1;-1;-1;-1;-1;-1;-1;-1;-1;-1;-1;-1;-1;-1;-1;-1;0;0;0;0;0;0;0;0;0;0;0;0;0;0;0;0;0;0;0;0;0;0;0;0;0;0;0;0;0;0;0;0;0;0;0;0;0;0;0;0;0;0;0;0;0;0;0;0;0;0;0;0;0;0;0;0;0;0;0;0;0;0;0;0;0;0;0;0;5;0;0;0;0;0;0;2019-10-13 11:00:00;7048;0;42;0;0;1;-1;-1;-1;-1;-1;-1;-1;-1;-1;-1;-1;-1;-1;-1;-1;0;0;0;0;0;0;0;-1;-1;-1;-1;-1;-1;-1;-1;-1;-1;-1;-1;-1;-1;-1;-1;-1;-1;-1;-1;-1;-1;-1;29;34;71;71;100;5;19;15;5;8;0;5.17;3.34;Super Nova;Auda;2.36;1.14;2.4;1.45;2;1.77;71;67;29;29;0;84;84;33;1.39;0.66;2.05;1943;27;Y;Y;Y;Y;Y;N;N
556636;7058;11587;2019;complete;4483;24;-1;-1,-1;-1;2;1;3;-1;-1;-1;-1;-1;-1;-1;-1;-1;-1;-1;-1;-1;-1;-1;-1;-1;-1;-1;-1;-1;0;0;0;0;0;0;0;0;0;0;0;0;0;0;0;0;0;0;0;0;0;0;0;0;0;0;0;0;0;0;0;0;0;0;0;0;0;0;0;0;0;0;0;0;0;0;0;0;0;0;0;0;0;0;0;0;0;0;0;0;0;0;0;0;0;0;0;0;3;0;0;0;0;0;0;2019-10-19 11:00:00;7058;0;66;0;0;1;-1;-1;-1;-1;-1;-1;-1;-1;-1;-1;-1;-1;-1;-1;-1;0;0;0;0;0;0;0;-1;-1;-1;-1;-1;-1;-1;-1;-1;-1;-1;-1;-1;-1;-1;-1;-1;-1;-1;-1;-1;-1;-1;31;70;83;83;100;13;22;13;9;6.25;0;4.5;4.46;Auda;New Project;2.23;0.43;2.09;0.5;1.7;0.87;70;30;17;17;0;33;33;23;0.64;0.49;1.13;1943;27;Y;Y;Y;N;N;N;Y
556637;7057;7050;2019;complete;4483;24;-1;-1,-1,-1,-1,-1;;5;0;5;-1;-1;-1;-1;-1;-1;-1;-1;-1;-1;-1;-1;-1;-1;-1;-1;-1;-1;-1;-1;-1;0;0;0;0;0;0;0;0;0;0;0;0;0;0;0;0;0;0;0;0;0;0;0;0;0;0;0;0;0;0;0;0;0;0;0;0;0;0;0;0;0;0;0;0;0;0;0;0;0;0;0;0;0;0;0;0;0;0;0;0;0;0;0;0;0;0;0;0;5;0;0;0;0;0;0;2019-10-19 11:00:00;7057;0;80;0;0;1;-1;-1;-1;-1;-1;-1;-1;-1;-1;-1;-1;-1;-1;-1;-1;0;0;0;0;0;0;0;-1;-1;-1;-1;-1;-1;-1;-1;-1;-1;-1;-1;-1;-1;-1;-1;-1;-1;-1;-1;-1;-1;-1;63;88;100;100;100;4;4;4;4;2.67;0;4;5.63;Smiltene;Grobiņa;2.07;0.43;1.92;0.5;1.91;1.17;38;13;0;0;0;0;0;0;0.4;0.32;0.72;1943;27;Y;Y;Y;Y;Y;N;N
556639;7048;7051;2019;complete;4483;24;-1;-1,-1,-1;-1,-1;3;2;5;-1;-1;-1;-1;-1;-1;-1;-1;-1;-1;-1;-1;-1;-1;-1;-1;-1;-1;-1;-1;-1;0;0;0;0;0;0;0;0;0;0;0;0;0;0;0;0;0;0;0;0;0;0;0;0;0;0;0;0;0;0;0;0;0;0;0;0;0;0;0;0;0;0;0;0;0;0;0;0;0;0;0;0;0;0;0;0;0;0;0;0;0;0;0;0;0;0;0;0;5;0;0;0;0;0;0;2019-10-19 11:00:00;7048;0;32;0;0;1;-1;-1;-1;-1;-1;-1;-1;-1;-1;-1;-1;-1;-1;-1;-1;0;0;0;0;0;0;0;-1;-1;-1;-1;-1;-1;-1;-1;-1;-1;-1;-1;-1;-1;-1;-1;-1;-1;-1;-1;-1;-1;-1;41;45;64;69;96;0;14;18;5;14;0;5.67;3.55;Super Nova;Tukums;2.36;2.46;2.45;2.64;2.04;2.83;60;55;36;32;5;84;84;50;1.39;1.27;2.66;1943;27;Y;Y;Y;Y;Y;N;Y
556640;7056;7054;2019;complete;4483;24;-1;-1,-1,-1,-1,-1;-1,-1;5;2;7;-1;-1;-1;-1;-1;-1;-1;-1;-1;-1;-1;-1;-1;-1;-1;-1;-1;-1;-1;-1;-1;0;0;0;0;0;0;0;0;0;0;0;0;0;0;0;0;0;0;0;0;0;0;0;0;0;0;0;0;0;0;0;0;0;0;0;0;0;0;0;0;0;0;0;0;0;0;0;0;0;0;0;0;0;0;0;0;0;0;0;0;0;0;0;0;0;0;0;0;7;0;0;0;0;0;0;2019-10-19 13:00:00;7056;0;61;0;0;1;-1;-1;-1;-1;-1;-1;-1;-1;-1;-1;-1;-1;-1;-1;-1;0;0;0;0;0;0;0;-1;-1;-1;-1;-1;-1;-1;-1;-1;-1;-1;-1;-1;-1;-1;-1;-1;-1;-1;-1;-1;-1;-1;57;70;83;92;100;9;18;18;14;6.4;0;2.25;5.34;Rēzekne / BJSS;Balvu;2;0.07;1.82;0.08;1.48;0.22;44;30;17;9;0;30;30;20;2.44;0;2.44;1943;27;Y;Y;Y;Y;Y;Y;Y
556641;11588;7055;2019;complete;4483;24;-1;;-1,-1;0;2;2;-1;-1;-1;-1;-1;-1;-1;-1;-1;-1;-1;-1;-1;-1;-1;-1;-1;-1;-1;-1;-1;0;0;0;0;0;0;0;0;0;0;0;0;0;0;0;0;0;0;0;0;0;0;0;0;0;0;0;0;0;0;0;0;0;0;0;0;0;0;0;0;0;0;0;0;0;0;0;0;0;0;0;0;0;0;0;0;0;0;0;0;0;0;0;0;0;0;0;0;2;0;0;0;0;0;0;2019-10-19 15:00:00;7055;0;60;0;0;1;-1;-1;-1;-1;-1;-1;-1;-1;-1;-1;-1;-1;-1;-1;-1;0;0;0;0;0;0;0;-1;-1;-1;-1;-1;-1;-1;-1;-1;-1;-1;-1;-1;-1;-1;-1;-1;-1;-1;-1;-1;-1;-1;23;69;87;92;96;0;10;10;10;6.33;0;2;3.93;Dinamo Rīga / Staicele;JDFS Alberts;0.93;1.85;0.83;1.8;0.57;1.74;78;32;14;9;4;34;34;17;0.56;1.47;2.03;1943;27;Y;Y;N;N;N;N;N
556642;7051;7058;2019;complete;4483;25;-1;-1;;1;0;1;-1;-1;-1;-1;-1;-1;-1;-1;-1;-1;-1;-1;-1;-1;-1;-1;-1;-1;-1;-1;-1;0;0;0;0;0;0;0;0;0;0;0;0;0;0;0;0;0;0;0;0;0;0;0;0;0;0;0;0;0;0;0;0;0;0;0;0;0;0;0;0;0;0;0;0;0;0;0;0;0;0;0;0;0;0;0;0;0;0;0;0;0;0;0;0;0;0;0;0;1;0;0;0;0;0;0;2019-10-26 11:00:00;7051;0;38;0;0;1;-1;-1;-1;-1;-1;-1;-1;-1;-1;-1;-1;-1;-1;-1;-1;0;0;0;0;0;0;0;-1;-1;-1;-1;-1;-1;-1;-1;-1;-1;-1;-1;-1;-1;-1;-1;-1;-1;-1;-1;-1;-1;-1;38;46;79;79;100;4;9;4;0;4;0;2.5;3.67;Tukums;Auda;3;1.14;3;1.33;2.71;1.75;63;55;21;21;0;34;34;17;0.35;0.66;1.01;1943;27;Y;N;N;N;N;N;N
556643;7054;7057;2019;complete;4483;25;-1;-1;-1,-1,-1,-1;1;4;5;-1;-1;-1;-1;-1;-1;-1;-1;-1;-1;-1;-1;-1;-1;-1;-1;-1;-1;-1;-1;-1;0;0;0;0;0;0;0;0;0;0;0;0;0;0;0;0;0;0;0;0;0;0;0;0;0;0;0;0;0;0;0;0;0;0;0;0;0;0;0;0;0;0;0;0;0;0;0;0;0;0;0;0;0;0;0;0;0;0;0;0;0;0;0;0;0;0;0;0;5;0;0;0;0;0;0;2019-10-26 11:00:00;7057;0;64;0;0;1;-1;-1;-1;-1;-1;-1;-1;-1;-1;-1;-1;-1;-1;-1;-1;0;0;0;0;0;0;0;-1;-1;-1;-1;-1;-1;-1;-1;-1;-1;-1;-1;-1;-1;-1;-1;-1;-1;-1;-1;-1;-1;-1;36;50;87;96;96;0;9;9;5;6.75;0;4;4;Balvu;Smiltene;0.31;1.85;0.36;1.91;0.21;1.96;64;50;14;5;5;50;50;13;0;1.32;1.32;1943;27;Y;Y;Y;Y;Y;N;Y
556645;7048;7055;2019;complete;4483;25;-1;;-1,-1,-1;0;3;3;-1;-1;-1;-1;-1;-1;-1;-1;-1;-1;-1;-1;-1;-1;-1;-1;-1;-1;-1;-1;-1;0;0;0;0;0;0;0;0;0;0;0;0;0;0;0;0;0;0;0;0;0;0;0;0;0;0;0;0;0;0;0;0;0;0;0;0;0;0;0;0;0;0;0;0;0;0;0;0;0;0;0;0;0;0;0;0;0;0;0;0;0;0;0;0;0;0;0;0;3;0;0;0;0;0;0;2019-10-27 12:00:00;7055;0;45;0;0;1;-1;-1;-1;-1;-1;-1;-1;-1;-1;-1;-1;-1;-1;-1;-1;0;0;0;0;0;0;0;-1;-1;-1;-1;-1;-1;-1;-1;-1;-1;-1;-1;-1;-1;-1;-1;-1;-1;-1;-1;-1;-1;-1;34;57;75;84;100;0;18;18;13;12.33;0;4.67;3.79;Super Nova;JDFS Alberts;2.36;1.85;2.5;1.91;2.08;1.79;66;43;26;17;0;84;84;33;1.39;1.47;2.86;1943;27;Y;Y;Y;N;N;N;N
556646;7050;11588;2019;complete;4483;25;-1;-1,-1,-1,-1,-1,-1;;6;0;6;-1;-1;-1;-1;-1;-1;-1;-1;-1;-1;-1;-1;-1;-1;-1;-1;-1;-1;-1;-1;-1;0;0;0;0;0;0;0;0;0;0;0;0;0;0;0;0;0;0;0;0;0;0;0;0;0;0;0;0;0;0;0;0;0;0;0;0;0;0;0;0;0;0;0;0;0;0;0;0;0;0;0;0;0;0;0;0;0;0;0;0;0;0;0;0;0;0;0;0;6;0;0;0;0;0;0;2019-10-27 12:00:00;7050;0;64;0;9;1;-1;-1;-1;-1;-1;-1;-1;-1;-1;-1;-1;-1;-1;-1;-1;0;0;0;0;0;0;0;-1;-1;-1;-1;-1;-1;-1;-1;-1;-1;-1;-1;-1;-1;-1;-1;-1;-1;-1;-1;-1;-1;-1;50;73;87;91;100;23;32;32;18;5.57;0;4.83;4.91;Grobiņa;Dinamo Rīga / Staicele;1.85;0.46;1.91;0.27;1.13;0.54;50;27;14;9;0;61;54;47;1.79;0.16;1.95;1943;27;Y;Y;Y;Y;Y;Y;N
556647;11587;7056;2019;complete;4483;25;-1;;-1;0;1;1;-1;-1;-1;-1;-1;-1;-1;-1;-1;-1;-1;-1;-1;-1;-1;-1;-1;-1;-1;-1;-1;0;0;0;0;0;0;0;0;0;0;0;0;0;0;0;0;0;0;0;0;0;0;0;0;0;0;0;0;0;0;0;0;0;0;0;0;0;0;0;0;0;0;0;0;0;0;0;0;0;0;0;0;0;0;0;0;0;0;0;0;0;0;0;0;0;0;0;0;1;0;0;0;0;0;0;2019-10-27 14:00:00;7056;0;52;0;50;1;-1;-1;-1;-1;-1;-1;-1;-1;-1;-1;-1;-1;-1;-1;-1;0;0;0;0;0;0;0;-1;-1;-1;-1;-1;-1;-1;-1;-1;-1;-1;-1;-1;-1;-1;-1;-1;-1;-1;-1;-1;-1;-1;39;56;66;83;96;4;4;4;4;3.5;0;2;3.78;New Project;Rēzekne / BJSS;1.08;1.21;1.27;1.17;0.83;1.54;62;44;35;18;5;25;0;0;0.26;1;1.26;1943;27;Y;N;N;N;N;N;N
556648;7058;7056;2019;complete;4483;26;-1;-1,-1,-1,-1,-1;-1,-1;5;2;7;-1;-1;-1;-1;-1;-1;-1;-1;-1;-1;-1;-1;-1;-1;-1;-1;-1;-1;-1;-1;-1;0;0;0;0;0;0;0;0;0;0;0;0;0;0;0;0;0;0;0;0;0;0;0;0;0;0;0;0;0;0;0;0;0;0;0;0;0;0;0;0;0;0;0;0;0;0;0;0;0;0;0;0;0;0;0;0;0;0;0;0;0;0;0;0;0;0;0;0;7;0;0;0;0;0;0;2019-11-02 12:00:00;7058;0;65;0;50;1;-1;-1;-1;-1;-1;-1;-1;-1;-1;-1;-1;-1;-1;-1;-1;0;0;0;0;0;0;0;-1;-1;-1;-1;-1;-1;-1;-1;-1;-1;-1;-1;-1;-1;-1;-1;-1;-1;-1;-1;-1;-1;-1;40;69;77;85;100;8;13;8;8;6.75;0;2;4.26;Auda;Rēzekne / BJSS;2.23;1.21;2.17;1.31;1.68;1.6;61;32;23;16;0;38;13;13;0.64;1;1.64;1943;27;Y;Y;Y;Y;Y;Y;Y
556650;7057;11587;2019;complete;4483;26;-1;-1,-1,-1;;3;0;3;-1;-1;-1;-1;-1;-1;-1;-1;-1;-1;-1;-1;-1;-1;-1;-1;-1;-1;-1;-1;-1;0;0;0;0;0;0;0;0;0;0;0;0;0;0;0;0;0;0;0;0;0;0;0;0;0;0;0;0;0;0;0;0;0;0;0;0;0;0;0;0;0;0;0;0;0;0;0;0;0;0;0;0;0;0;0;0;0;0;0;0;0;0;0;0;0;0;0;0;3;0;0;0;0;0;0;2019-11-02 12:00:00;7057;0;74;0;0;1;-1;-1;-1;-1;-1;-1;-1;-1;-1;-1;-1;-1;-1;-1;-1;0;0;0;0;0;0;0;-1;-1;-1;-1;-1;-1;-1;-1;-1;-1;-1;-1;-1;-1;-1;-1;-1;-1;-1;-1;-1;-1;-1;43;70;89;89;100;8;12;8;4;5;0;4.5;4.58;Smiltene;New Project;2.07;0.43;2;0.46;2;0.8;58;31;12;12;0;20;20;10;0.4;0.49;0.89;1943;27;Y;Y;Y;N;N;N;N
556651;11588;7054;2019;complete;4483;26;-1;-1,-1,-1,-1,-1,-1,-1;-1;7;1;8;-1;-1;-1;-1;-1;-1;-1;-1;-1;-1;-1;-1;-1;-1;-1;-1;-1;-1;-1;-1;-1;0;0;0;0;0;0;0;0;0;0;0;0;0;0;0;0;0;0;0;0;0;0;0;0;0;0;0;0;0;0;0;0;0;0;0;0;0;0;0;0;0;0;0;0;0;0;0;0;0;0;0;0;0;0;0;0;0;0;0;0;0;0;0;0;0;0;0;0;8;0;0;0;0;0;0;2019-11-02 12:00:00;11588;0;54;0;0;1;-1;-1;-1;-1;-1;-1;-1;-1;-1;-1;-1;-1;-1;-1;-1;0;0;0;0;0;0;0;-1;-1;-1;-1;-1;-1;-1;-1;-1;-1;-1;-1;-1;-1;-1;-1;-1;-1;-1;-1;-1;-1;-1;43;66;77;85;96;0;0;0;0;2;0;0;4.62;Dinamo Rīga / Staicele;Balvu;0.93;0.07;0.77;0.08;0.52;0.2;58;35;23;15;4;0;0;0;0.56;0;0.56;1943;27;Y;Y;Y;Y;Y;Y;Y
556652;7048;7050;2019;complete;4483;26;-1;-1,-1,-1,-1,-1,-1,-1,-1,-1,-1,-1;;11;0;11;-1;-1;-1;-1;-1;-1;-1;-1;-1;-1;-1;-1;-1;-1;-1;-1;-1;-1;-1;-1;-1;0;0;0;0;0;0;0;0;0;0;0;0;0;0;0;0;0;0;0;0;0;0;0;0;0;0;0;0;0;0;0;0;0;0;0;0;0;0;0;0;0;0;0;0;0;0;0;0;0;0;0;0;0;0;0;0;0;0;0;0;0;0;0;0;0;0;0;0;11;0;0;0;0;0;0;2019-11-02 12:00:00;7048;0;43;0;0;1;-1;-1;-1;-1;-1;-1;-1;-1;-1;-1;-1;-1;-1;-1;-1;0;0;0;0;0;0;0;-1;-1;-1;-1;-1;-1;-1;-1;-1;-1;-1;-1;-1;-1;-1;-1;-1;-1;-1;-1;-1;-1;-1;58;69;85;85;100;4;12;12;8;7.67;0;6.67;4.74;Super Nova;Grobiņa;2.36;0.43;2.31;0.46;2;1.2;43;31;16;16;0;50;50;17;1.39;0.32;1.71;1943;27;Y;Y;Y;Y;Y;Y;N
556653;7051;7055;2019;complete;4483;26;-1;-1;;1;0;1;-1;-1;-1;-1;-1;-1;-1;-1;-1;-1;-1;-1;-1;-1;-1;-1;-1;-1;-1;-1;-1;0;0;0;0;0;0;0;0;0;0;0;0;0;0;0;0;0;0;0;0;0;0;0;0;0;0;0;0;0;0;0;0;0;0;0;0;0;0;0;0;0;0;0;0;0;0;0;0;0;0;0;0;0;0;0;0;0;0;0;0;0;0;0;0;0;0;0;0;1;0;0;0;0;0;0;2019-11-02 12:00:00;7051;0;37;0;0;1;-1;-1;-1;-1;-1;-1;-1;-1;-1;-1;-1;-1;-1;-1;-1;0;0;0;0;0;0;0;-1;-1;-1;-1;-1;-1;-1;-1;-1;-1;-1;-1;-1;-1;-1;-1;-1;-1;-1;-1;-1;-1;-1;32;56;76;85;100;0;9;9;9;8.33;0;2;3.76;Tukums;JDFS Alberts;3;1.85;3;2;2.72;1.84;69;44;24;16;0;34;34;17;0.35;1.47;1.82;1943;27;Y;N;N;N;N;N;N
556654;7055;7058;2019;complete;4483;27;-1;-1,-1,-1,-1;-1,-1;4;2;6;-1;-1;-1;-1;-1;-1;-1;-1;-1;-1;-1;-1;-1;-1;-1;-1;-1;-1;-1;-1;-1;0;0;0;0;0;0;0;0;0;0;0;0;0;0;0;0;0;0;0;0;0;0;0;0;0;0;0;0;0;0;0;0;0;0;0;0;0;0;0;0;0;0;0;0;0;0;0;0;0;0;0;0;0;0;0;0;0;0;0;0;0;0;0;0;0;0;0;0;6;0;0;0;0;0;0;2019-11-10 12:00:00;7055;0;66;0;50;1;-1;-1;-1;-1;-1;-1;-1;-1;-1;-1;-1;-1;-1;-1;-1;0;0;0;0;0;0;0;-1;-1;-1;-1;-1;-1;-1;-1;-1;-1;-1;-1;-1;-1;-1;-1;-1;-1;-1;-1;-1;-1;-1;31;39;81;85;100;4;8;8;4;4;0;3.5;3.66;JDFS Alberts;Auda;1.79;1.14;1.69;1.23;1.77;1.73;70;62;19;16;0;59;59;42;0.56;0.66;1.22;1943;27;Y;Y;Y;Y;Y;Y;Y
556655;7050;7051;2019;complete;4483;27;-1;-1,-1,-1;-1,-1,-1,-1,-1,-1,-1,-1;3;8;11;-1;-1;-1;-1;-1;-1;-1;-1;-1;-1;-1;-1;-1;-1;-1;-1;-1;-1;-1;-1;-1;0;0;0;0;0;0;0;0;0;0;0;0;0;0;0;0;0;0;0;0;0;0;0;0;0;0;0;0;0;0;0;0;0;0;0;0;0;0;0;0;0;0;0;0;0;0;0;0;0;0;0;0;0;0;0;0;0;0;0;0;0;0;0;0;0;0;0;0;11;0;0;0;0;0;0;2019-11-10 12:00:00;7051;0;59;0;9;1;-1;-1;-1;-1;-1;-1;-1;-1;-1;-1;-1;-1;-1;-1;-1;0;0;0;0;0;0;0;-1;-1;-1;-1;-1;-1;-1;-1;-1;-1;-1;-1;-1;-1;-1;-1;-1;-1;-1;-1;-1;-1;-1;46;59;75;84;96;17;29;34;13;11.57;0;5.83;4.42;Grobiņa;Tukums;1.85;2.46;2;2.42;1.15;2.73;54;42;25;17;4;69;62;55;1.79;1.27;3.06;1943;27;Y;Y;Y;Y;Y;Y;Y
556656;7054;7048;2019;complete;4483;27;-1;;-1,-1;0;2;2;-1;-1;-1;-1;-1;-1;-1;-1;-1;-1;-1;-1;-1;-1;-1;-1;-1;-1;-1;-1;-1;0;0;0;0;0;0;0;0;0;0;0;0;0;0;0;0;0;0;0;0;0;0;0;0;0;0;0;0;0;0;0;0;0;0;0;0;0;0;0;0;0;0;0;0;0;0;0;0;0;0;0;0;0;0;0;0;0;0;0;0;0;0;0;0;0;0;0;0;2;0;0;0;0;0;0;2019-11-10 12:00:00;7048;0;67;0;13;1;-1;-1;-1;-1;-1;-1;-1;-1;-1;-1;-1;-1;-1;-1;-1;0;0;0;0;0;0;0;-1;-1;-1;-1;-1;-1;-1;-1;-1;-1;-1;-1;-1;-1;-1;-1;-1;-1;-1;-1;-1;-1;-1;42;58;83;88;88;4;4;9;9;7.67;0;1;4.21;Balvu;Super Nova;0.31;1.77;0.33;1.67;0.19;2.04;58;42;17;13;13;59;59;17;0;1.44;1.44;1943;27;Y;Y;N;N;N;N;N
556658;11587;11588;2019;complete;4483;27;-1;;-1,-1,-1;0;3;3;-1;-1;-1;-1;-1;-1;-1;-1;-1;-1;-1;-1;-1;-1;-1;-1;-1;-1;-1;-1;-1;0;0;0;0;0;0;0;0;0;0;0;0;0;0;0;0;0;0;0;0;0;0;0;0;0;0;0;0;0;0;0;0;0;0;0;0;0;0;0;0;0;0;0;0;0;0;0;0;0;0;0;0;0;0;0;0;0;0;0;0;0;0;0;0;0;0;0;0;3;0;0;0;0;0;0;2019-11-10 12:00:00;11588;0;46;0;0;1;-1;-1;-1;-1;-1;-1;-1;-1;-1;-1;-1;-1;-1;-1;-1;0;0;0;0;0;0;0;-1;-1;-1;-1;-1;-1;-1;-1;-1;-1;-1;-1;-1;-1;-1;-1;-1;-1;-1;-1;-1;-1;-1;42;63;75;84;96;4;4;4;4;1;0;2;4.13;New Project;Dinamo Rīga / Staicele;1.08;0.46;1.17;0.25;0.77;0.62;59;38;25;17;4;25;25;25;0.26;0.16;0.42;1943;27;Y;Y;Y;N;N;N;N
556659;7056;7057;2019;complete;4483;27;-1;-1,-1,-1,-1,-1,-1,-1,-1;-1;8;1;9;-1;-1;-1;-1;-1;-1;-1;-1;-1;-1;-1;-1;-1;-1;-1;-1;-1;-1;-1;-1;-1;0;0;0;0;0;0;0;0;0;0;0;0;0;0;0;0;0;0;0;0;0;0;0;0;0;0;0;0;0;0;0;0;0;0;0;0;0;0;0;0;0;0;0;0;0;0;0;0;0;0;0;0;0;0;0;0;0;0;0;0;0;0;0;0;0;0;0;0;9;0;0;0;0;0;0;2019-11-10 12:00:00;7056;0;63;0;0;1;-1;-1;-1;-1;-1;-1;-1;-1;-1;-1;-1;-1;-1;-1;-1;0;0;0;0;0;0;0;-1;-1;-1;-1;-1;-1;-1;-1;-1;-1;-1;-1;-1;-1;-1;-1;-1;-1;-1;-1;-1;-1;-1;50;63;92;100;100;9;25;25;17;11.15;0;6.25;4.71;Rēzekne / BJSS;Smiltene;2;1.85;1.92;2;1.54;2.04;50;38;8;0;0;55;55;33;2.44;1.32;3.76;1943;27;Y;Y;Y;Y;Y;Y;Y
726095;7055;7050;2019;complete;4483;19;-1;-1,-1,-1,-1,-1,-1;-1;6;1;7;-1;-1;-1;-1;-1;-1;-1;-1;-1;-1;-1;-1;-1;-1;-1;-1;-1;-1;-1;-1;-1;0;0;0;0;0;0;0;0;0;0;0;0;0;0;0;0;0;0;0;0;0;0;0;0;0;0;0;0;0;0;0;0;0;0;0;0;0;0;0;0;0;0;0;0;0;0;0;0;0;0;0;0;0;0;0;0;0;0;0;0;0;0;0;0;0;0;0;0;7;0;0;0;0;0;0;2019-09-14 12:00:00;7055;0;63;0;50;1;-1;-1;-1;-1;-1;-1;-1;-1;-1;-1;-1;-1;-1;-1;-1;0;0;0;0;0;0;0;-1;-1;-1;-1;-1;-1;-1;-1;-1;-1;-1;-1;-1;-1;-1;-1;-1;-1;-1;-1;-1;-1;-1;54;65;90;95;100;6;6;11;11;3.67;0;5;4.79;JDFS Alberts;Grobiņa;1.79;0.43;1.6;0.67;1.67;1.17;47;36;10;5;0;25;25;25;0.56;0.32;0.88;1943;27;Y;Y;Y;Y;Y;Y;Y
726096;7057;7058;2019;complete;4483;19;-1;-1,-1;-1;2;1;3;-1;-1;-1;-1;-1;-1;-1;-1;-1;-1;-1;-1;-1;-1;-1;-1;-1;-1;-1;-1;-1;0;0;0;0;0;0;0;0;0;0;0;0;0;0;0;0;0;0;0;0;0;0;0;0;0;0;0;0;0;0;0;0;0;0;0;0;0;0;0;0;0;0;0;0;0;0;0;0;0;0;0;0;0;0;0;0;0;0;0;0;0;0;0;0;0;0;0;0;3;0;0;0;0;0;0;2019-09-14 13:00:00;7057;0;73;0;0;1;-1;-1;-1;-1;-1;-1;-1;-1;-1;-1;-1;-1;-1;-1;-1;0;0;0;0;0;0;0;-1;-1;-1;-1;-1;-1;-1;-1;-1;-1;-1;-1;-1;-1;-1;-1;-1;-1;-1;-1;-1;-1;-1;34;56;89;89;100;6;11;6;0;3;0;2.5;4.22;Smiltene;Auda;2.07;1.14;1.89;1.44;1.94;1.67;67;45;11;11;0;34;34;17;0.4;0.66;1.06;1943;27;Y;Y;Y;N;N;N;Y
726097;11588;7056;2019;complete;4483;19;-1;-1;-1,-1,-1;1;3;4;-1;-1;-1;-1;-1;-1;-1;-1;-1;-1;-1;-1;-1;-1;-1;-1;-1;-1;-1;-1;-1;0;0;0;0;0;0;0;0;0;0;0;0;0;0;0;0;0;0;0;0;0;0;0;0;0;0;0;0;0;0;0;0;0;0;0;0;0;0;0;0;0;0;0;0;0;0;0;0;0;0;0;0;0;0;0;0;0;0;0;0;0;0;0;0;0;0;0;0;4;0;0;0;0;0;0;2019-09-14 13:00:00;7056;0;48;0;50;1;-1;-1;-1;-1;-1;-1;-1;-1;-1;-1;-1;-1;-1;-1;-1;0;0;0;0;0;0;0;-1;-1;-1;-1;-1;-1;-1;-1;-1;-1;-1;-1;-1;-1;-1;-1;-1;-1;-1;-1;-1;-1;-1;32;58;68;79;95;6;6;6;6;4.5;0;2;3.59;Dinamo Rīga / Staicele;Rēzekne / BJSS;0.93;1.21;1;1.22;0.72;1.67;68;42;32;21;5;25;0;0;0.56;1;1.56;1943;27;Y;Y;Y;Y;N;N;Y
726098;7051;7054;2019;complete;4483;19;-1;-1;;1;0;1;-1;-1;-1;-1;-1;-1;-1;-1;-1;-1;-1;-1;-1;-1;-1;-1;-1;-1;-1;-1;-1;0;0;0;0;0;0;0;0;0;0;0;0;0;0;0;0;0;0;0;0;0;0;0;0;0;0;0;0;0;0;0;0;0;0;0;0;0;0;0;0;0;0;0;0;0;0;0;0;0;0;0;0;0;0;0;0;0;0;0;0;0;0;0;0;0;0;0;0;1;0;0;0;0;0;0;2019-09-14 14:00:00;7051;0;45;0;0;1;-1;-1;-1;-1;-1;-1;-1;-1;-1;-1;-1;-1;-1;-1;-1;0;0;0;0;0;0;0;-1;-1;-1;-1;-1;-1;-1;-1;-1;-1;-1;-1;-1;-1;-1;-1;-1;-1;-1;-1;-1;-1;-1;50;62;78;84;100;0;0;0;0;4;0;0;4.67;Tukums;Balvu;3;0.07;3;0.11;2.78;0.28;50;39;22;17;0;0;0;0;0.35;0;0.35;1943;27;Y;N;N;N;N;N;N
726099;7048;11587;2019;complete;4483;19;-1;-1,-1,-1,-1,-1,-1,-1;;7;0;7;-1;-1;-1;-1;-1;-1;-1;-1;-1;-1;-1;-1;-1;-1;-1;-1;-1;-1;-1;-1;-1;1.03;12;19;0;0;0;0;0;0;0;0;0;0;0;0;0;0;0;0;0;0;0;0;0;0;0;0;0;0;0;0;0;0;0;0;0;0;0;0;0;0;0;0;0;0;0;0;0;0;0;0;0;0;0;0;0;0;0;0;0;0;0;0;0;0;0;0;0;7;0;0;0;0;0;0;2019-09-14 15:00:00;7048;0;35;0;0;1;-1;-1;-1;-1;-1;-1;-1;-1;-1;-1;-1;-1;-1;-1;-1;0;0;0;0;0;0;0;-1;-1;-1;-1;-1;-1;-1;-1;-1;-1;-1;-1;-1;-1;-1;-1;-1;-1;-1;-1;-1;-1;-1;26;43;55;55;100;11;31;26;13;10;0;7.17;3.12;Super Nova;New Project;2.36;0.43;2.57;0;1.94;0.61;75;58;45;45;0;70;70;27;1.39;0.49;1.88;1943;27;Y;Y;Y;Y;Y;Y;N
