ID;HOMEID;AWAYID;SEASON;STATUS;ROUNDID;GAME_WEEK;REVISED_GAME_WEEK;HOMEGOALS;AWAYGOALS;HOMEGOALCOUNT;AWAYGOALCOUNT;TOTALGOALCOUNT;TEAM_A_CORNERS;TEAM_B_CORNERS;TOTALCORNERCOUNT;TEAM_A_OFFSIDES;TEAM_B_OFFSIDES;TEAM_A_YELLOW_CARDS;TEAM_B_YELLOW_CARDS;TEAM_A_RED_CARDS;TEAM_B_RED_CARDS;TEAM_A_SHOTSONTARGET;TEAM_B_SHOTSONTARGET;TEAM_A_SHOTSOFFTARGET;TEAM_B_SHOTSOFFTARGET;TEAM_A_SHOTS;TEAM_B_SHOTS;TEAM_A_FOULS;TEAM_B_FOULS;TEAM_A_POSSESSION;TEAM_B_POSSESSION;TEAM_A_CARDS_NUM;TEAM_B_CARDS_NUM;ODDS_FT_1;ODDS_FT_X;ODDS_FT_2;ODDS_FT_OVER05;ODDS_FT_OVER15;ODDS_FT_OVER25;ODDS_FT_OVER35;ODDS_FT_OVER45;ODDS_FT_UNDER05;ODDS_FT_UNDER15;ODDS_FT_UNDER25;ODDS_FT_UNDER35;ODDS_FT_UNDER45;ODDS_BTTS_YES;ODDS_BTTS_NO;ODDS_TEAM_A_CS_YES;ODDS_TEAM_A_CS_NO;ODDS_TEAM_B_CS_YES;ODDS_TEAM_B_CS_NO;ODDS_DOUBLECHANCE_1X;ODDS_DOUBLECHANCE_12;ODDS_DOUBLECHANCE_X2;ODDS_1ST_HALF_RESULT_1;ODDS_1ST_HALF_RESULT_X;ODDS_1ST_HALF_RESULT_2;ODDS_2ND_HALF_RESULT_1;ODDS_2ND_HALF_RESULT_X;ODDS_2ND_HALF_RESULT_2;ODDS_DNB_1;ODDS_DNB_2;ODDS_CORNERS_OVER_75;ODDS_CORNERS_OVER_85;ODDS_CORNERS_OVER_95;ODDS_CORNERS_OVER_105;ODDS_CORNERS_OVER_115;ODDS_CORNERS_UNDER_75;ODDS_CORNERS_UNDER_85;ODDS_CORNERS_UNDER_95;ODDS_CORNERS_UNDER_105;ODDS_CORNERS_UNDER_115;ODDS_CORNERS_1;ODDS_CORNERS_X;ODDS_CORNERS_2;ODDS_TEAM_TO_SCORE_FIRST_1;ODDS_TEAM_TO_SCORE_FIRST_X;ODDS_TEAM_TO_SCORE_FIRST_2;ODDS_WIN_TO_NIL_1;ODDS_WIN_TO_NIL_2;ODDS_1ST_HALF_OVER05;ODDS_1ST_HALF_OVER15;ODDS_1ST_HALF_OVER25;ODDS_1ST_HALF_OVER35;ODDS_1ST_HALF_UNDER05;ODDS_1ST_HALF_UNDER15;ODDS_1ST_HALF_UNDER25;ODDS_1ST_HALF_UNDER35;ODDS_2ND_HALF_OVER05;ODDS_2ND_HALF_OVER15;ODDS_2ND_HALF_OVER25;ODDS_2ND_HALF_OVER35;ODDS_2ND_HALF_UNDER05;ODDS_2ND_HALF_UNDER15;ODDS_2ND_HALF_UNDER25;ODDS_2ND_HALF_UNDER35;ODDS_BTTS_1ST_HALF_YES;ODDS_BTTS_1ST_HALF_NO;ODDS_BTTS_2ND_HALF_YES;ODDS_BTTS_2ND_HALF_NO;OVERALLGOALCOUNT;HT_GOALS_TEAM_A;HT_GOALS_TEAM_B;GOALS_2HG_TEAM_A;GOALS_2HG_TEAM_B;GOALCOUNT_2HG;HTGOALCOUNT;DATE_UNIX;WINNINGTEAM;NO_HOME_AWAY;BTTS_POTENTIAL;BTTS_FHG_POTENTIAL;BTTS_2HG_POTENTIAL;GOALTIMINGDISABLED;CORNER_TIMINGS_RECORDED;CARD_TIMINGS_RECORDED;TEAM_A_FH_CORNERS;TEAM_B_FH_CORNERS;TEAM_A_2H_CORNERS;TEAM_B_2H_CORNERS;CORNER_FH_COUNT;CORNER_2H_COUNT;TEAM_A_FH_CARDS;TEAM_B_FH_CARDS;TEAM_A_2H_CARDS;TEAM_B_2H_CARDS;TOTAL_FH_CARDS;TOTAL_2H_CARDS;ATTACKS_RECORDED;TEAM_A_DANGEROUS_ATTACKS;TEAM_B_DANGEROUS_ATTACKS;TEAM_A_ATTACKS;TEAM_B_ATTACKS;TEAM_A_XG;TEAM_B_XG;TOTAL_XG;TEAM_A_PENALTIES_WON;TEAM_B_PENALTIES_WON;TEAM_A_PENALTY_GOALS;TEAM_B_PENALTY_GOALS;TEAM_A_PENALTY_MISSED;TEAM_B_PENALTY_MISSED;PENS_RECORDED;GOAL_TIMINGS_RECORDED;TEAM_A_0_10_MIN_GOALS;TEAM_B_0_10_MIN_GOALS;TEAM_A_CORNERS_0_10_MIN;TEAM_B_CORNERS_0_10_MIN;TEAM_A_CARDS_0_10_MIN;TEAM_B_CARDS_0_10_MIN;THROWINS_RECORDED;TEAM_A_THROWINS;TEAM_B_THROWINS;FREEKICKS_RECORDED;TEAM_A_FREEKICKS;TEAM_B_FREEKICKS;GOALKICKS_RECORDED;TEAM_A_GOALKICKS;TEAM_B_GOALKICKS;O45_POTENTIAL;O35_POTENTIAL;O25_POTENTIAL;O15_POTENTIAL;O05_POTENTIAL;O15HT_POTENTIAL;O05HT_POTENTIAL;O05_2H_POTENTIAL;O15_2H_POTENTIAL;CORNERS_POTENTIAL;OFFSIDES_POTENTIAL;CARDS_POTENTIAL;AVG_POTENTIAL;HOME_NAME;AWAY_NAME;HOME_PPG;AWAY_PPG;PRE_MATCH_HOME_PPG;PRE_MATCH_AWAY_PPG;PRE_MATCH_TEAMA_OVERALL_PPG;PRE_MATCH_TEAMB_OVERALL_PPG;U45_POTENTIAL;U35_POTENTIAL;U25_POTENTIAL;U15_POTENTIAL;U05_POTENTIAL;CORNERS_O85_POTENTIAL;CORNERS_O95_POTENTIAL;CORNERS_O105_POTENTIAL;TEAM_A_XG_PREMATCH;TEAM_B_XG_PREMATCH;TOTAL_XG_PREMATCH;COMPETITION_ID;MATCHES_COMPLETED_MINIMUM;OVER05;OVER15;OVER25;OVER35;OVER45;OVER55;BTTS
272391;5064;5074;2017/2018;complete;1757;1;-1;81;20,57,59,85;1;4;5;0;0;0;3;2;3;0;0;0;0;0;0;0;0;0;24;11;24;76;3;0;0;0;0;0;0;0;0;0;0;0;0;0;0;0;0;0;0;0;0;0;0;0;0;0;0;0;0;0;0;0;0;0;0;0;0;0;0;0;0;0;0;0;0;0;0;0;0;0;0;0;0;0;0;0;0;0;0;0;0;0;0;0;0;0;0;0;0;0;5;0;1;1;3;4;1;2017-08-10 16:00:00;5074;0;0;0;0;0;-1;1;-1;-1;-1;-1;-1;-1;1;0;2;0;1;2;-1;0;0;0;0;0;0;0;0;0;0;0;0;0;1;1;0;0;-1;-1;0;0;-1;-1;-1;-1;-1;-1;-1;-1;-1;0;0;0;0;0;0;0;0;0;0;0;0;0;Al Fateh;Al Taawon;1.2;1;0;0;0;0;0;0;0;0;0;0;0;0;0;0;0;916;19;Y;Y;Y;Y;Y;N;Y
272392;5066;5071;2017/2018;complete;1757;1;-1;37,78;31;2;1;3;9;0;9;3;2;2;6;0;0;12;5;19;2;31;7;14;24;63;37;2;6;0;0;0;0;0;0;0;0;0;0;0;0;0;0;0;0;0;0;0;0;0;0;0;0;0;0;0;0;0;0;0;0;0;0;0;0;0;0;0;0;0;0;0;0;0;0;0;0;0;0;0;0;0;0;0;0;0;0;0;0;0;0;0;0;0;0;0;0;3;1;1;1;0;1;2;2017-08-10 17:55:00;5066;0;0;0;0;0;-1;1;-1;-1;-1;-1;-1;-1;1;2;1;4;3;5;-1;0;0;0;0;0;0;0;1;2;1;1;0;1;1;1;0;0;-1;-1;0;1;-1;-1;-1;-1;-1;-1;-1;-1;-1;0;0;0;0;0;0;0;0;0;0;0;0;0;Al Hilal;Al Feiha;2.4;1;0;0;0;0;0;0;0;0;0;0;0;0;0;0;0;916;19;Y;Y;Y;N;N;N;Y
272393;5068;5075;2017/2018;complete;1757;1;-1;55,84;22;2;1;3;2;3;5;0;4;1;2;0;0;7;7;12;2;19;9;8;14;55;45;1;2;0;0;0;0;0;0;0;0;0;0;0;0;0;0;0;0;0;0;0;0;0;0;0;0;0;0;0;0;0;0;0;0;0;0;0;0;0;0;0;0;0;0;0;0;0;0;0;0;0;0;0;0;0;0;0;0;0;0;0;0;0;0;0;0;0;0;0;0;3;0;1;2;0;2;1;2017-08-11 16:00:00;5068;0;0;0;0;0;-1;1;-1;-1;-1;-1;-1;-1;0;0;1;2;0;3;-1;0;0;0;0;0;0;0;1;0;1;0;0;0;1;1;0;0;-1;-1;0;0;-1;-1;-1;-1;-1;-1;-1;-1;-1;0;0;0;0;0;0;0;0;0;0;0;0;0;Al Quadisiya;Al Raed;1.2;0.56;0;0;0;0;0;0;0;0;0;0;0;0;0;0;0;916;19;Y;Y;Y;N;N;N;Y
272394;5070;5073;2017/2018;complete;1757;1;-1;88;8,68,89;1;3;4;7;2;9;4;1;2;1;0;0;11;5;10;6;21;11;11;9;61;39;2;1;0;0;0;0;0;0;0;0;0;0;0;0;0;0;0;0;0;0;0;0;0;0;0;0;0;0;0;0;0;0;0;0;0;0;0;0;0;0;0;0;0;0;0;0;0;0;0;0;0;0;0;0;0;0;0;0;0;0;0;0;0;0;0;0;0;0;0;0;4;0;1;1;2;3;1;2017-08-11 17:55:00;5073;0;0;0;0;0;-1;1;-1;-1;-1;-1;-1;-1;0;1;2;0;1;2;-1;0;0;0;0;0;0;0;0;0;0;0;0;0;1;1;0;1;-1;-1;0;0;-1;-1;-1;-1;-1;-1;-1;-1;-1;0;0;0;0;0;0;0;0;0;0;0;0;0;Al Ittihad;Al Batin;0.89;1.4;0;0;0;0;0;0;0;0;0;0;0;0;0;0;0;916;19;Y;Y;Y;Y;N;N;Y
272395;5065;5062;2017/2018;complete;1757;1;-1;58,68;56;2;1;3;2;0;2;2;1;2;2;0;0;7;7;3;2;10;9;7;11;52;48;2;2;0;0;0;0;0;0;0;0;0;0;0;0;0;0;0;0;0;0;0;0;0;0;0;0;0;0;0;0;0;0;0;0;0;0;0;0;0;0;0;0;0;0;0;0;0;0;0;0;0;0;0;0;0;0;0;0;0;0;0;0;0;0;0;0;0;0;0;0;3;0;0;2;1;3;0;2017-08-11 17:55:00;5065;0;0;0;0;0;-1;1;-1;-1;-1;-1;-1;-1;1;2;1;0;3;1;-1;0;0;0;0;0;0;0;0;0;0;0;0;0;1;1;0;0;-1;-1;0;0;-1;-1;-1;-1;-1;-1;-1;-1;-1;0;0;0;0;0;0;0;0;0;0;0;0;0;Al Ittifaq;Al Ahli;1.25;1.7;0;0;0;0;0;0;0;0;0;0;0;0;0;0;0;916;19;Y;Y;Y;N;N;N;Y
272396;5067;5063;2017/2018;complete;1757;1;-1;82;22,90;1;2;3;7;2;9;0;1;2;0;0;0;12;6;11;7;23;13;16;16;62;38;2;0;0;0;0;0;0;0;0;0;0;0;0;0;0;0;0;0;0;0;0;0;0;0;0;0;0;0;0;0;0;0;0;0;0;0;0;0;0;0;0;0;0;0;0;0;0;0;0;0;0;0;0;0;0;0;0;0;0;0;0;0;0;0;0;0;0;0;0;0;3;0;1;1;1;2;1;2017-08-12 16:10:00;5063;0;0;0;0;0;-1;1;-1;-1;-1;-1;-1;-1;0;0;2;0;0;2;-1;0;0;0;0;0;0;0;0;0;0;0;0;0;1;1;0;0;-1;-1;0;0;-1;-1;-1;-1;-1;-1;-1;-1;-1;0;0;0;0;0;0;0;0;0;0;0;0;0;Al Shabab;Ohod;1.11;0.75;0;0;0;0;0;0;0;0;0;0;0;0;0;0;0;916;19;Y;Y;Y;N;N;N;Y
272397;5072;5069;2017/2018;complete;1757;1;-1;69;19,23,34;1;3;4;9;2;11;1;2;1;3;1;0;7;5;8;3;15;8;12;23;55;45;3;3;0;0;0;0;0;0;0;0;0;0;0;0;0;0;0;0;0;0;0;0;0;0;0;0;0;0;0;0;0;0;0;0;0;0;0;0;0;0;0;0;0;0;0;0;0;0;0;0;0;0;0;0;0;0;0;0;0;0;0;0;0;0;0;0;0;0;0;0;4;0;3;1;0;1;3;2017-08-12 17:55:00;5069;0;0;0;0;0;-1;1;-1;-1;-1;-1;-1;-1;1;0;1;3;1;4;-1;0;0;0;0;0;0;0;0;0;0;0;0;0;1;1;0;0;-1;-1;0;0;-1;-1;-1;-1;-1;-1;-1;-1;-1;0;0;0;0;0;0;0;0;0;0;0;0;0;Al Faisaly;Al Nassr;1.56;1.2;0;0;0;0;0;0;0;0;0;0;0;0;0;0;0;916;19;Y;Y;Y;Y;N;N;Y
272398;5074;5066;2017/2018;complete;1757;2;-1;26,35,45;14,21,38,56;3;4;7;5;6;11;3;0;2;5;0;0;6;6;0;4;6;10;14;12;42;58;2;5;0;0;0;0;0;0;0;0;0;0;0;0;0;0;0;0;0;0;0;0;0;0;0;0;0;0;0;0;0;0;0;0;0;0;0;0;0;0;0;0;0;0;0;0;0;0;0;0;0;0;0;0;0;0;0;0;0;0;0;0;0;0;0;0;0;0;0;0;7;3;3;0;1;1;6;2017-08-15 17:50:00;5066;0;0;0;0;0;-1;1;-1;-1;-1;-1;-1;-1;0;1;2;4;1;6;-1;0;0;0;0;0;0;0;0;0;0;0;0;0;1;1;0;0;-1;-1;0;0;-1;-1;-1;-1;-1;-1;-1;-1;-1;0;0;0;0;0;0;0;0;0;0;0;0;0;Al Taawon;Al Hilal;1.8;2;0;0;3;3;0;0;0;0;0;0;0;0;0;0;0;916;19;Y;Y;Y;Y;Y;Y;Y
272399;5075;5072;2017/2018;complete;1757;2;-1;45,84;25,75,82;2;3;5;8;9;17;1;2;1;0;0;0;3;6;4;6;7;12;13;8;51;49;1;0;0;0;0;0;0;0;0;0;0;0;0;0;0;0;0;0;0;0;0;0;0;0;0;0;0;0;0;0;0;0;0;0;0;0;0;0;0;0;0;0;0;0;0;0;0;0;0;0;0;0;0;0;0;0;0;0;0;0;0;0;0;0;0;0;0;0;0;0;5;1;1;1;2;3;2;2017-08-17 16:20:00;5072;0;0;0;0;0;-1;1;-1;-1;-1;-1;-1;-1;0;0;1;0;0;1;-1;0;0;0;0;0;0;0;0;0;0;0;0;0;1;1;0;0;-1;-1;0;0;-1;-1;-1;-1;-1;-1;-1;-1;-1;0;0;0;0;0;0;0;0;0;0;0;0;0;Al Raed;Al Faisaly;0.8;1.7;0;0;0;0;0;0;0;0;0;0;0;0;0;0;0;916;19;Y;Y;Y;Y;Y;N;Y
272400;5062;5064;2017/2018;complete;1757;2;-1;28,37,42,69;;4;0;4;5;2;7;6;2;0;3;0;0;7;6;8;3;15;9;11;9;66;34;0;3;0;0;0;0;0;0;0;0;0;0;0;0;0;0;0;0;0;0;0;0;0;0;0;0;0;0;0;0;0;0;0;0;0;0;0;0;0;0;0;0;0;0;0;0;0;0;0;0;0;0;0;0;0;0;0;0;0;0;0;0;0;0;0;0;0;0;0;0;4;3;0;1;0;1;3;2017-08-17 17:50:00;5062;0;0;0;0;0;-1;1;-1;-1;-1;-1;-1;-1;0;1;0;2;1;2;-1;0;0;0;0;0;0;0;1;0;1;0;0;0;1;1;0;0;-1;-1;0;0;-1;-1;-1;-1;-1;-1;-1;-1;-1;0;0;0;0;0;0;0;0;0;0;0;0;0;Al Ahli;Al Fateh;2.56;1.44;0;0;0;0;0;0;0;0;0;0;0;0;0;0;0;916;19;Y;Y;Y;Y;N;N;N
272401;5073;5063;2017/2018;complete;1757;2;-1;36,60;;2;0;2;8;4;12;3;4;2;1;0;0;6;4;3;3;9;7;17;13;55;45;2;1;0;0;0;0;0;0;0;0;0;0;0;0;0;0;0;0;0;0;0;0;0;0;0;0;0;0;0;0;0;0;0;0;0;0;0;0;0;0;0;0;0;0;0;0;0;0;0;0;0;0;0;0;0;0;0;0;0;0;0;0;0;0;0;0;0;0;0;0;2;1;0;1;0;1;1;2017-08-18 16:15:00;5073;0;50;0;50;0;-1;1;-1;-1;-1;-1;-1;-1;2;1;0;0;3;0;-1;0;0;0;0;0;0;0;0;0;0;0;0;0;1;1;0;0;-1;-1;0;0;-1;-1;-1;-1;-1;-1;-1;-1;-1;0;0;50;50;50;0;50;50;50;2;1;0;1.5;Al Batin;Ohod;0.78;0.75;0;3;3;3;50;50;0;0;0;50;0;0;0;0;0;916;19;Y;Y;N;N;N;N;N
272402;5069;5065;2017/2018;complete;1757;2;-1;15,51;65,90;2;2;4;5;8;13;2;1;3;1;0;0;7;10;10;9;17;19;14;15;50;50;3;1;0;0;0;0;0;0;0;0;0;0;0;0;0;0;0;0;0;0;0;0;0;0;0;0;0;0;0;0;0;0;0;0;0;0;0;0;0;0;0;0;0;0;0;0;0;0;0;0;0;0;0;0;0;0;0;0;0;0;0;0;0;0;0;0;0;0;0;0;4;1;0;1;2;3;1;2017-08-18 17:50:00;-1;0;0;0;0;0;-1;1;-1;-1;-1;-1;-1;-1;1;0;2;1;1;3;-1;0;0;0;0;0;0;0;1;1;1;0;0;1;1;1;0;0;-1;-1;0;0;-1;-1;-1;-1;-1;-1;-1;-1;-1;0;0;0;0;0;0;0;0;0;0;0;0;0;Al Nassr;Al Ittifaq;2;0.91;0;0;3;3;0;0;0;0;0;0;0;0;0;0;0;916;19;Y;Y;Y;Y;N;N;Y
272403;5067;5068;2017/2018;complete;1757;2;-1;8,17,90,90;35;4;1;5;2;4;6;1;2;2;1;0;0;10;7;9;10;19;17;12;14;47;53;2;1;0;0;0;0;0;0;0;0;0;0;0;0;0;0;0;0;0;0;0;0;0;0;0;0;0;0;0;0;0;0;0;0;0;0;0;0;0;0;0;0;0;0;0;0;0;0;0;0;0;0;0;0;0;0;0;0;0;0;0;0;0;0;0;0;0;0;0;0;5;2;1;2;0;2;3;2017-08-19 16:05:00;5067;0;50;0;50;0;-1;1;-1;-1;-1;-1;-1;-1;1;0;1;1;1;2;-1;0;0;0;0;0;0;0;0;0;0;0;0;0;1;1;1;0;-1;-1;0;0;-1;-1;-1;-1;-1;-1;-1;-1;-1;0;0;50;50;50;0;50;50;50;7;0;2;1.5;Al Shabab;Al Quadisiya;1.11;0.56;0;0;0;3;50;50;0;0;0;50;0;0;0;0;0;916;19;Y;Y;Y;Y;Y;N;Y
272404;5071;5070;2017/2018;complete;1757;2;-1;35,60;30,71,83,84,88;2;5;7;3;12;15;4;0;2;2;0;0;4;11;5;8;9;19;18;5;42;58;2;2;0;0;0;0;0;0;0;0;0;0;0;0;0;0;0;0;0;0;0;0;0;0;0;0;0;0;0;0;0;0;0;0;0;0;0;0;0;0;0;0;0;0;0;0;0;0;0;0;0;0;0;0;0;0;0;0;0;0;0;0;0;0;0;0;0;0;0;0;7;1;1;1;4;5;2;2017-08-19 17:50:00;5070;0;0;0;0;0;-1;1;-1;-1;-1;-1;-1;-1;2;0;0;2;2;2;-1;0;0;0;0;0;0;0;0;1;0;1;0;0;1;1;0;0;-1;-1;0;0;-1;-1;-1;-1;-1;-1;-1;-1;-1;0;0;0;0;0;0;0;0;0;0;0;0;0;Al Feiha;Al Ittihad;1.7;1.9;0;0;0;0;0;0;0;0;0;0;0;0;0;0;0;916;19;Y;Y;Y;Y;Y;Y;Y
272405;5065;5068;2017/2018;complete;1757;3;-1;60;6,90;1;2;3;6;4;10;1;0;2;3;0;0;11;11;1;2;12;13;18;13;58;42;2;3;0;0;0;0;0;0;0;0;0;0;0;0;0;0;0;0;0;0;0;0;0;0;0;0;0;0;0;0;0;0;0;0;0;0;0;0;0;0;0;0;0;0;0;0;0;0;0;0;0;0;0;0;0;0;0;0;0;0;0;0;0;0;0;0;0;0;0;0;3;0;1;1;1;2;1;2017-09-14 17:25:00;5068;0;100;50;50;0;-1;1;-1;-1;-1;-1;-1;-1;1;1;1;2;2;3;-1;0;0;0;0;0;0;0;1;0;1;0;0;0;1;1;0;1;-1;-1;0;0;-1;-1;-1;-1;-1;-1;-1;-1;-1;50;50;100;100;100;50;50;100;100;6;4;3;4;Al Ittifaq;Al Quadisiya;1.25;0.56;3;0;2;1.5;50;50;0;0;0;0;0;0;0;0;0;916;19;Y;Y;Y;N;N;N;Y
272406;5064;5075;2017/2018;complete;1757;3;-1;37;;1;0;1;12;7;19;1;4;1;3;0;0;6;4;7;4;13;8;18;14;54;46;1;3;0;0;0;0;0;0;0;0;0;0;0;0;0;0;0;0;0;0;0;0;0;0;0;0;0;0;0;0;0;0;0;0;0;0;0;0;0;0;0;0;0;0;0;0;0;0;0;0;0;0;0;0;0;0;0;0;0;0;0;0;0;0;0;0;0;0;0;0;1;1;0;0;0;0;1;2017-09-15 15:25:00;5064;0;100;0;50;0;-1;1;-1;-1;-1;-1;-1;-1;0;1;1;2;1;3;-1;0;0;0;0;0;0;0;0;0;0;0;0;0;1;1;0;0;-1;-1;0;0;-1;-1;-1;-1;-1;-1;-1;-1;-1;50;50;100;100;100;0;100;100;100;3;7;5;4;Al Fateh;Al Raed;1.2;0.56;0;0;0;0;50;50;0;0;0;0;0;0;0;0;0;916;19;Y;N;N;N;N;N;N
272407;5067;5073;2017/2018;complete;1757;3;-1;90;60,85;1;2;3;7;10;17;3;0;1;2;0;0;12;7;7;7;19;14;16;14;49;51;1;2;0;0;0;0;0;0;0;0;0;0;0;0;0;0;0;0;0;0;0;0;0;0;0;0;0;0;0;0;0;0;0;0;0;0;0;0;0;0;0;0;0;0;0;0;0;0;0;0;0;0;0;0;0;0;0;0;0;0;0;0;0;0;0;0;0;0;0;0;3;0;0;1;2;3;0;2017-09-15 15:40:00;5073;0;100;25;75;0;-1;1;-1;-1;-1;-1;-1;-1;0;0;1;2;0;3;-1;0;0;0;0;0;0;0;0;0;0;0;0;0;1;1;0;0;-1;-1;0;0;-1;-1;-1;-1;-1;-1;-1;-1;-1;25;75;100;100;100;25;100;100;100;6.5;1.5;3;4;Al Shabab;Al Batin;1.11;1.4;1.5;3;1.5;3;75;25;0;0;0;75;0;0;0;0;0;916;19;Y;Y;Y;N;N;N;Y
272408;5072;5070;2017/2018;complete;1757;3;-1;49,68;18;2;1;3;4;8;12;1;3;0;2;0;0;8;5;4;6;12;11;16;10;47;53;0;2;0;0;0;0;0;0;0;0;0;0;0;0;0;0;0;0;0;0;0;0;0;0;0;0;0;0;0;0;0;0;0;0;0;0;0;0;0;0;0;0;0;0;0;0;0;0;0;0;0;0;0;0;0;0;0;0;0;0;0;0;0;0;0;0;0;0;0;0;3;0;1;2;0;2;1;2017-09-15 17:25:00;5072;0;100;50;50;0;-1;1;-1;-1;-1;-1;-1;-1;0;0;0;2;0;2;-1;0;0;0;0;0;0;0;1;1;1;0;0;1;1;1;0;0;-1;-1;0;0;-1;-1;-1;-1;-1;-1;-1;-1;-1;50;100;100;100;100;100;100;100;50;21;1;5;5.5;Al Faisaly;Al Ittihad;1.56;1.9;0;3;1.5;1.5;50;0;0;0;0;100;100;100;0;0;0;916;19;Y;Y;Y;N;N;N;Y
272409;5071;5074;2017/2018;complete;1757;3;-1;65;87;1;1;2;0;0;0;1;1;6;3;0;0;0;0;0;0;0;0;19;19;50;50;6;3;0;0;0;0;0;0;0;0;0;0;0;0;0;0;0;0;0;0;0;0;0;0;0;0;0;0;0;0;0;0;0;0;0;0;0;0;0;0;0;0;0;0;0;0;0;0;0;0;0;0;0;0;0;0;0;0;0;0;0;0;0;0;0;0;0;0;0;0;2;0;0;1;1;2;0;2017-09-16 15:40:00;-1;0;100;50;100;0;-1;1;-1;-1;-1;-1;-1;-1;1;1;5;2;2;7;-1;0;0;0;0;0;0;0;0;0;0;0;0;0;1;1;0;0;-1;-1;0;0;-1;-1;-1;-1;-1;-1;-1;-1;-1;100;100;100;100;100;50;100;100;100;3;6;2;6;Al Feiha;Al Taawon;1.7;1;0;3;0;1.5;0;0;0;0;0;50;50;50;0;0;0;916;19;Y;Y;N;N;N;N;Y
272410;5066;5063;2017/2018;complete;1757;3;-1;61;;1;0;1;3;1;4;0;1;2;3;0;0;2;0;0;0;2;0;17;12;63;37;2;3;0;0;0;0;0;0;0;0;0;0;0;0;0;0;0;0;0;0;0;0;0;0;0;0;0;0;0;0;0;0;0;0;0;0;0;0;0;0;0;0;0;0;0;0;0;0;0;0;0;0;0;0;0;0;0;0;0;0;0;0;0;0;0;0;0;0;0;0;1;0;0;1;0;1;0;2017-09-16 17:25:00;5066;0;75;50;25;0;-1;1;-1;-1;-1;-1;-1;-1;0;1;2;2;1;4;-1;0;0;0;0;0;0;0;0;0;0;0;0;0;1;1;0;0;-1;-1;0;0;-1;-1;-1;-1;-1;-1;-1;-1;-1;0;0;75;100;100;50;100;100;25;12;5.5;2.5;2.75;Al Hilal;Ohod;2.4;0.75;3;1.5;3;1.5;100;100;25;0;0;100;25;25;0;0;0;916;19;Y;N;N;N;N;N;N
272411;5062;5069;2017/2018;complete;1757;3;-1;8;84;1;1;2;5;4;9;-1;-1;3;2;0;0;9;8;6;5;15;13;-1;-1;49;51;3;2;0;0;0;0;0;0;0;0;0;0;0;0;0;0;0;0;0;0;0;0;0;0;0;0;0;0;0;0;0;0;0;0;0;0;0;0;0;0;0;0;0;0;0;0;0;0;0;0;0;0;0;0;0;0;0;0;0;0;0;0;0;0;0;0;0;0;0;0;2;1;0;0;1;1;1;2017-09-17 17:25:00;-1;0;50;0;0;0;-1;1;-1;-1;-1;-1;-1;-1;2;1;1;1;3;2;-1;0;0;0;0;0;0;0;0;0;0;0;0;0;1;1;1;0;-1;-1;0;0;-1;-1;-1;-1;-1;-1;-1;-1;-1;0;100;100;100;100;100;100;100;0;7;8;3;4;Al Ahli;Al Nassr;2.56;1.2;3;3;1.5;2;100;0;0;0;0;50;50;50;0;0;0;916;19;Y;Y;N;N;N;N;Y
272412;5070;5066;2017/2018;complete;1757;4;-1;12;45;1;1;2;6;3;9;3;1;3;1;0;0;5;11;6;5;11;16;14;15;36;64;3;1;0;0;0;0;0;0;0;0;0;0;0;0;0;0;0;0;0;0;0;0;0;0;0;0;0;0;0;0;0;0;0;0;0;0;0;0;0;0;0;0;0;0;0;0;0;0;0;0;0;0;0;0;0;0;0;0;0;0;0;0;0;0;0;0;0;0;0;0;2;1;1;0;0;0;2;2017-09-21 17:20:00;-1;0;100;50;50;0;-1;1;-1;-1;-1;-1;-1;-1;1;0;2;1;1;3;-1;0;0;0;0;0;0;0;0;0;0;0;0;0;1;1;0;0;-1;-1;0;0;-1;-1;-1;-1;-1;-1;-1;-1;-1;50;100;100;100;100;50;100;100;50;13;4;7;5.5;Al Ittihad;Al Hilal;0.89;2;0;3;1;3;50;0;0;0;0;100;50;50;0;0;0;916;19;Y;Y;N;N;N;N;Y
272413;5073;5062;2017/2018;complete;1757;4;-1;22;18,90;1;2;3;6;9;15;1;1;4;2;0;0;4;6;0;6;4;12;14;16;38;62;4;2;0;0;0;0;0;0;0;0;0;0;0;0;0;0;0;0;0;0;0;0;0;0;0;0;0;0;0;0;0;0;0;0;0;0;0;0;0;0;0;0;0;0;0;0;0;0;0;0;0;0;0;0;0;0;0;0;0;0;0;0;0;0;0;0;0;0;0;0;3;1;1;0;1;1;2;2017-09-22 15:35:00;5062;0;50;0;50;0;-1;1;-1;-1;-1;-1;-1;-1;2;1;2;1;3;3;-1;0;0;0;0;0;0;0;0;0;0;0;0;0;1;1;0;0;-1;-1;1;0;-1;-1;-1;-1;-1;-1;-1;-1;-1;0;0;50;100;100;0;50;100;50;8;4;4;2.5;Al Batin;Al Ahli;0.78;1.7;3;0;3;1.33;100;100;50;0;0;50;50;50;0;0;0;916;19;Y;Y;Y;N;N;N;Y
272414;5063;5064;2017/2018;complete;1757;4;-1;;43,60;0;2;2;2;4;6;0;3;1;3;0;1;7;6;5;6;12;12;13;15;55;45;1;4;0;0;0;0;0;0;0;0;0;0;0;0;0;0;0;0;0;0;0;0;0;0;0;0;0;0;0;0;0;0;0;0;0;0;0;0;0;0;0;0;0;0;0;0;0;0;0;0;0;0;0;0;0;0;0;0;0;0;0;0;0;0;0;0;0;0;0;0;2;0;1;0;1;1;1;2017-09-22 16:00:00;5064;0;0;0;0;0;-1;1;-1;-1;-1;-1;-1;-1;1;2;0;2;3;2;-1;0;0;0;0;0;0;0;0;0;0;0;0;0;1;1;0;0;-1;-1;0;0;-1;-1;-1;-1;-1;-1;-1;-1;-1;0;50;50;50;50;50;50;50;0;2;2;3;2;Ohod;Al Fateh;0.82;1.44;0;0;1;1;50;0;0;0;0;0;0;0;0;0;0;916;19;Y;Y;N;N;N;N;N
272415;5069;5071;2017/2018;complete;1757;4;-1;51,61;19,58;2;2;4;4;9;13;3;3;2;0;0;0;6;9;11;8;17;17;9;17;60;40;2;0;0;0;0;0;0;0;0;0;0;0;0;0;0;0;0;0;0;0;0;0;0;0;0;0;0;0;0;0;0;0;0;0;0;0;0;0;0;0;0;0;0;0;0;0;0;0;0;0;0;0;0;0;0;0;0;0;0;0;0;0;0;0;0;0;0;0;0;0;4;0;1;2;1;3;1;2017-09-22 17:20:00;-1;0;100;50;50;0;-1;1;-1;-1;-1;-1;-1;-1;1;0;1;0;1;1;-1;0;0;0;0;0;0;0;0;0;0;0;0;0;1;1;0;0;-1;-1;0;0;-1;-1;-1;-1;-1;-1;-1;-1;-1;0;50;100;100;100;50;100;100;50;5;4;9;3.5;Al Nassr;Al Feiha;2;1;1;0;1.67;0.33;100;50;0;0;0;100;50;50;0;0;0;916;19;Y;Y;Y;Y;N;N;Y
272416;5065;5067;2017/2018;complete;1757;4;-1;35,57;37,40,89;2;3;5;5;6;11;1;1;1;1;0;0;11;10;4;4;15;14;7;16;59;41;1;1;0;0;0;0;0;0;0;0;0;0;0;0;0;0;0;0;0;0;0;0;0;0;0;0;0;0;0;0;0;0;0;0;0;0;0;0;0;0;0;0;0;0;0;0;0;0;0;0;0;0;0;0;0;0;0;0;0;0;0;0;0;0;0;0;0;0;0;0;5;1;2;1;1;2;3;2017-09-23 15:15:00;5067;0;50;0;50;0;-1;1;-1;-1;-1;-1;-1;-1;1;0;0;1;1;1;-1;0;0;0;0;0;0;0;0;0;0;0;0;0;1;1;0;0;-1;-1;0;0;-1;-1;-1;-1;-1;-1;-1;-1;-1;0;0;50;50;50;0;25;50;50;4;1.5;2;1.5;Al Ittifaq;Al Shabab;1.25;1.5;1.5;0;1.33;1;50;50;0;0;0;25;25;0;0;0;0;916;19;Y;Y;Y;Y;Y;N;Y
272417;5068;5072;2017/2018;complete;1757;4;-1;64;49;1;1;2;5;1;6;0;1;3;2;0;0;5;3;11;4;16;7;19;25;59;41;3;2;0;0;0;0;0;0;0;0;0;0;0;0;0;0;0;0;0;0;0;0;0;0;0;0;0;0;0;0;0;0;0;0;0;0;0;0;0;0;0;0;0;0;0;0;0;0;0;0;0;0;0;0;0;0;0;0;0;0;0;0;0;0;0;0;0;0;0;0;2;0;0;1;1;2;0;2017-09-23 15:15:00;-1;0;100;50;50;0;-1;1;-1;-1;-1;-1;-1;-1;2;0;1;2;2;3;-1;0;0;0;0;0;0;0;1;1;1;1;0;0;1;1;0;0;-1;-1;0;0;-1;-1;-1;-1;-1;-1;-1;-1;-1;50;50;100;100;100;50;100;100;100;11;2;1;4;Al Quadisiya;Al Faisaly;1.2;1.7;3;3;2;2;50;50;0;0;0;50;50;50;0;0;0;916;19;Y;Y;N;N;N;N;Y
272418;5075;5074;2017/2018;complete;1757;4;-1;11,54;22,74;2;2;4;7;2;9;3;3;4;4;0;0;6;5;4;4;10;9;14;14;47;53;4;4;0;0;0;0;0;0;0;0;0;0;0;0;0;0;0;0;0;0;0;0;0;0;0;0;0;0;0;0;0;0;0;0;0;0;0;0;0;0;0;0;0;0;0;0;0;0;0;0;0;0;0;0;0;0;0;0;0;0;0;0;0;0;0;0;0;0;0;0;4;1;1;1;1;2;2;2017-09-23 17:20:00;-1;0;100;50;100;0;-1;1;-1;-1;-1;-1;-1;-1;2;1;2;3;3;5;-1;0;0;0;0;0;0;0;1;1;1;1;0;0;1;1;0;0;-1;-1;1;1;-1;-1;-1;-1;-1;-1;-1;-1;-1;75;75;75;100;100;50;75;100;100;8;2.5;2.5;4.25;Al Raed;Al Taawon;0.8;1;0;2;0;1.33;25;25;25;0;0;50;50;50;0;0;0;916;19;Y;Y;Y;Y;N;N;Y
272419;5073;5064;2017/2018;complete;1757;5;-1;;;0;0;0;4;2;6;1;3;0;2;0;0;2;6;3;3;5;9;15;23;60;40;0;2;0;0;0;0;0;0;0;0;0;0;0;0;0;0;0;0;0;0;0;0;0;0;0;0;0;0;0;0;0;0;0;0;0;0;0;0;0;0;0;0;0;0;0;0;0;0;0;0;0;0;0;0;0;0;0;0;0;0;0;0;0;0;0;0;0;0;0;0;0;0;0;0;0;0;0;2017-09-28 15:30:00;-1;0;25;25;0;0;-1;1;-1;-1;-1;-1;-1;-1;0;0;0;2;0;2;-1;0;0;0;0;0;0;0;0;0;0;0;0;0;1;1;0;0;-1;-1;0;0;-1;-1;-1;-1;-1;-1;-1;-1;-1;0;25;50;100;100;50;100;100;0;10;4.5;6.5;2.75;Al Batin;Al Fateh;0.78;1.44;1.5;1.5;2.25;1.5;100;75;50;0;0;50;50;50;0;0;0;916;19;N;N;N;N;N;N;N
272420;5074;5070;2017/2018;complete;1757;5;-1;47;19,52;1;2;3;8;4;12;2;2;0;1;0;0;3;4;12;6;15;10;9;10;60;40;0;1;0;0;0;0;0;0;0;0;0;0;0;0;0;0;0;0;0;0;0;0;0;0;0;0;0;0;0;0;0;0;0;0;0;0;0;0;0;0;0;0;0;0;0;0;0;0;0;0;0;0;0;0;0;0;0;0;0;0;0;0;0;0;0;0;0;0;0;0;3;0;1;1;1;2;1;2017-09-28 17:15:00;5070;0;100;75;25;0;-1;1;-1;-1;-1;-1;-1;-1;0;1;0;0;1;0;-1;0;0;0;0;0;0;0;0;0;0;0;0;0;1;1;0;0;-1;-1;0;0;-1;-1;-1;-1;-1;-1;-1;-1;-1;75;75;100;100;100;75;100;100;50;15;4.5;4;6;Al Taawon;Al Ittihad;1.8;1.9;0;1.5;1.25;1;25;25;0;0;0;100;100;100;0;0;0;916;19;Y;Y;Y;N;N;N;Y
272421;5071;5063;2017/2018;complete;1757;5;-1;56;;1;0;1;6;5;11;1;0;1;3;0;0;6;2;7;8;13;10;14;16;54;46;1;3;0;0;0;0;0;0;0;0;0;0;0;0;0;0;0;0;0;0;0;0;0;0;0;0;0;0;0;0;0;0;0;0;0;0;0;0;0;0;0;0;0;0;0;0;0;0;0;0;0;0;0;0;0;0;0;0;0;0;0;0;0;0;0;0;0;0;0;0;1;0;0;1;0;1;0;2017-09-29 15:30:00;5071;0;67;25;67;0;-1;1;-1;-1;-1;-1;-1;-1;1;0;0;3;1;3;-1;0;0;0;0;0;0;0;0;0;0;0;0;0;1;1;0;0;-1;-1;0;0;-1;-1;-1;-1;-1;-1;-1;-1;-1;25;25;42;84;100;25;59;100;67;3.83;4.5;5.33;3.25;Al Feiha;Ohod;1.7;0.75;0.5;1;0.5;0.75;75;75;59;17;0;59;42;42;0;0;0;916;19;Y;N;N;N;N;N;N
272422;5067;5069;2017/2018;complete;1757;5;-1;;67;0;1;1;6;6;12;1;1;1;1;1;0;10;13;9;8;19;21;14;14;37;63;2;1;0;0;0;0;0;0;0;0;0;0;0;0;0;0;0;0;0;0;0;0;0;0;0;0;0;0;0;0;0;0;0;0;0;0;0;0;0;0;0;0;0;0;0;0;0;0;0;0;0;0;0;0;0;0;0;0;0;0;0;0;0;0;0;0;0;0;0;0;1;0;0;0;1;1;0;2017-09-29 17:15:00;5069;0;100;17;34;0;-1;1;-1;-1;-1;-1;-1;-1;2;0;0;1;2;1;-1;0;0;0;0;0;0;0;0;0;0;0;0;0;1;1;0;0;-1;-1;0;0;-1;-1;-1;-1;-1;-1;-1;-1;-1;17;42;75;100;100;42;84;100;50;8.33;1.83;4.17;3.34;Al Shabab;Al Nassr;1.11;1.2;1;2;1.5;1.5;84;59;25;0;0;84;42;42;0;0;0;916;19;Y;N;N;N;N;N;N
272423;5072;5065;2017/2018;complete;1757;5;-1;14,60,90;;3;0;3;3;10;13;0;2;2;0;0;0;5;3;1;8;6;11;16;13;39;61;2;0;0;0;0;0;0;0;0;0;0;0;0;0;0;0;0;0;0;0;0;0;0;0;0;0;0;0;0;0;0;0;0;0;0;0;0;0;0;0;0;0;0;0;0;0;0;0;0;0;0;0;0;0;0;0;0;0;0;0;0;0;0;0;0;0;0;0;0;0;3;1;0;2;0;2;1;2017-09-30 15:30:00;5072;0;100;0;50;0;-1;1;-1;-1;-1;-1;-1;-1;2;0;0;0;2;0;-1;0;0;0;0;0;0;0;0;0;0;0;0;0;1;1;0;0;-1;-1;0;0;-1;-1;-1;-1;-1;-1;-1;-1;-1;0;75;100;100;100;25;100;100;75;14.5;2;2.5;3.75;Al Faisaly;Al Ittifaq;1.56;0.91;1.5;1;1.75;1;100;25;0;0;0;100;100;100;0;0;0;916;19;Y;Y;Y;N;N;N;N
272424;5066;5068;2017/2018;complete;1757;5;-1;12,59;51;2;1;3;6;4;10;1;0;3;1;0;0;6;11;13;7;19;18;19;12;62;38;3;1;0;0;0;0;0;0;0;0;0;0;0;0;0;0;0;0;0;0;0;0;0;0;0;0;0;0;0;0;0;0;0;0;0;0;0;0;0;0;0;0;0;0;0;0;0;0;0;0;0;0;0;0;0;0;0;0;0;0;0;0;0;0;0;0;0;0;0;0;3;1;0;1;1;2;1;2017-09-30 17:15:00;5066;0;75;50;25;0;-1;1;-1;-1;-1;-1;-1;-1;1;1;2;0;2;2;-1;0;0;0;0;0;0;0;0;0;0;0;0;0;1;1;0;0;-1;-1;0;1;-1;-1;-1;-1;-1;-1;-1;-1;-1;25;25;75;75;100;50;75;100;50;10;2.5;4;3;Al Hilal;Al Quadisiya;2.4;0.56;3;1.5;2.5;1.75;75;75;25;25;0;50;25;0;0;0;0;916;19;Y;Y;Y;N;N;N;Y
272425;5062;5075;2017/2018;complete;1757;5;-1;3,46,57,63,90;71,77,90;5;3;8;5;5;10;1;0;0;2;0;1;13;10;5;9;18;19;7;7;59;41;0;3;0;0;0;0;0;0;0;0;0;0;0;0;0;0;0;0;0;0;0;0;0;0;0;0;0;0;0;0;0;0;0;0;0;0;0;0;0;0;0;0;0;0;0;0;0;0;0;0;0;0;0;0;0;0;0;0;0;0;0;0;0;0;0;0;0;0;0;0;8;1;0;4;3;7;1;2017-09-30 17:15:00;5062;0;50;0;0;0;-1;1;-1;-1;-1;-1;-1;-1;0;1;0;2;1;2;-1;0;0;0;0;0;0;0;1;1;1;1;0;0;1;1;1;0;-1;-1;0;1;-1;-1;-1;-1;-1;-1;-1;-1;-1;0;25;50;75;100;25;100;75;25;10;6.5;4;2.5;Al Ahli;Al Raed;2.56;0.56;2;0;1.75;0.25;100;75;50;25;0;50;25;25;0;0;0;916;19;Y;Y;Y;Y;Y;Y;Y
272426;5064;5068;2017/2018;complete;1757;6;-1;56,70;90;2;1;3;7;5;12;0;2;4;3;1;0;6;10;7;7;13;17;18;13;44;56;5;3;0;0;0;0;0;0;0;0;0;0;0;0;0;0;0;0;0;0;0;0;0;0;0;0;0;0;0;0;0;0;0;0;0;0;0;0;0;0;0;0;0;0;0;0;0;0;0;0;0;0;0;0;0;0;0;0;0;0;0;0;0;0;0;0;0;0;0;0;3;0;0;2;1;3;0;2017-10-13 14:55:00;5064;0;75;17;59;0;-1;1;-1;-1;-1;-1;-1;-1;2;1;3;2;3;5;-1;0;0;0;0;0;0;0;0;0;0;0;0;0;1;1;0;0;-1;-1;0;0;-1;-1;-1;-1;-1;-1;-1;-1;-1;42;42;75;75;100;17;100;75;75;10;2.67;3.67;3.34;Al Fateh;Al Quadisiya;1.2;0.56;1.5;1;1.4;1.4;59;59;25;25;0;59;59;25;0;0;0;916;19;Y;Y;Y;N;N;N;Y
272427;5070;5063;2017/2018;complete;1757;6;-1;10,52;11,22;2;2;4;8;5;13;2;3;3;3;0;1;11;12;4;5;15;17;10;18;58;42;3;5;0;0;0;0;0;0;0;0;0;0;0;0;0;0;0;0;0;0;0;0;0;0;0;0;0;0;0;0;0;0;0;0;0;0;0;0;0;0;0;0;0;0;0;0;0;0;0;0;0;0;0;0;0;0;0;0;0;0;0;0;0;0;0;0;0;0;0;0;4;1;2;1;0;1;3;2017-10-13 17:00:00;-1;0;63;25;38;0;-1;1;-1;-1;-1;-1;-1;-1;1;2;2;2;3;4;-1;0;0;0;0;0;0;0;0;1;0;1;0;0;1;1;1;0;-1;-1;0;0;-1;-1;-1;-1;-1;-1;-1;-1;-1;0;25;38;75;100;25;75;75;38;9.5;5;4.25;2.38;Al Ittihad;Ohod;0.89;0.75;0.5;0.75;1.4;0.6;100;75;63;25;0;88;25;25;0;0;0;916;19;Y;Y;Y;Y;N;N;Y
272428;5065;5073;2017/2018;complete;1757;6;-1;12;35,61,69;1;3;4;1;4;5;2;1;3;3;0;0;4;3;7;2;11;5;15;15;48;52;3;3;0;0;0;0;0;0;0;0;0;0;0;0;0;0;0;0;0;0;0;0;0;0;0;0;0;0;0;0;0;0;0;0;0;0;0;0;0;0;0;0;0;0;0;0;0;0;0;0;0;0;0;0;0;0;0;0;0;0;0;0;0;0;0;0;0;0;0;0;4;1;1;0;2;2;2;2017-10-14 14:55:00;5073;0;100;17;100;0;-1;1;-1;-1;-1;-1;-1;-1;1;0;2;3;1;5;-1;0;0;0;0;0;0;0;0;0;0;0;0;0;1;1;0;0;-1;-1;1;0;-1;-1;-1;-1;-1;-1;-1;-1;-1;17;42;100;100;100;17;59;100;100;10.33;1.83;3.17;3.59;Al Ittifaq;Al Batin;1.25;1.4;1;3;0.8;2;84;59;0;0;0;84;59;42;0;0;0;916;19;Y;Y;Y;Y;N;N;Y
272429;5067;5062;2017/2018;complete;1757;6;-1;8,86;3,11,24,61,84;2;5;7;6;6;12;1;1;1;2;0;0;12;12;11;5;23;17;10;17;51;49;1;2;0;0;0;0;0;0;0;0;0;0;0;0;0;0;0;0;0;0;0;0;0;0;0;0;0;0;0;0;0;0;0;0;0;0;0;0;0;0;0;0;0;0;0;0;0;0;0;0;0;0;0;0;0;0;0;0;0;0;0;0;0;0;0;0;0;0;0;0;7;1;3;1;2;3;4;2017-10-14 17:00:00;5062;0;88;38;50;0;-1;1;-1;-1;-1;-1;-1;-1;1;0;0;2;1;2;-1;0;0;0;0;0;0;0;1;1;0;1;1;0;1;1;1;1;-1;-1;0;0;-1;-1;-1;-1;-1;-1;-1;-1;-1;13;13;88;88;100;38;50;100;63;10;2.25;3.75;3;Al Shabab;Al Ahli;1.11;1.7;0.75;1.5;1.2;2;88;88;13;13;0;63;50;50;0;0;0;916;19;Y;Y;Y;Y;Y;Y;Y
272430;5072;5071;2017/2018;complete;1757;6;-1;41,59;90;2;1;3;3;17;20;2;3;4;2;0;0;0;7;6;9;6;16;23;21;35;65;4;2;0;0;0;0;0;0;0;0;0;0;0;0;0;0;0;0;0;0;0;0;0;0;0;0;0;0;0;0;0;0;0;0;0;0;0;0;0;0;0;0;0;0;0;0;0;0;0;0;0;0;0;0;0;0;0;0;0;0;0;0;0;0;0;0;0;0;0;0;3;1;0;1;1;2;1;2017-10-14 17:00:00;5072;0;84;25;25;0;-1;1;-1;-1;-1;-1;-1;-1;0;0;4;2;0;6;-1;0;0;0;0;0;0;0;0;0;0;0;0;0;1;1;0;0;-1;-1;0;0;-1;-1;-1;-1;-1;-1;-1;-1;-1;0;42;100;100;100;42;100;100;59;9.83;3.17;4.67;3.42;Al Faisaly;Al Feiha;1.56;1;2;0.5;2;1;100;59;0;0;0;100;75;75;0;0;0;916;19;Y;Y;Y;N;N;N;Y
272431;5069;5074;2017/2018;complete;1757;6;-1;38,51;43;2;1;3;4;3;7;1;2;2;1;0;0;7;5;8;2;15;7;18;19;49;51;2;1;0;0;0;0;0;0;0;0;0;0;0;0;0;0;0;0;0;0;0;0;0;0;0;0;0;0;0;0;0;0;0;0;0;0;0;0;0;0;0;0;0;0;0;0;0;0;0;0;0;0;0;0;0;0;0;0;0;0;0;0;0;0;0;0;0;0;0;0;3;1;1;1;0;1;2;2017-10-15 17:00:00;5069;0;100;17;100;0;-1;1;-1;-1;-1;-1;-1;-1;1;1;1;0;2;1;-1;0;0;0;0;0;0;0;0;0;0;0;0;0;1;1;0;0;-1;-1;0;1;-1;-1;-1;-1;-1;-1;-1;-1;-1;17;84;84;100;100;17;84;100;100;5.17;4.5;4.83;3.84;Al Nassr;Al Taawon;2;1;1;1.67;1.8;1;84;17;17;0;0;67;50;50;0;0;0;916;19;Y;Y;Y;N;N;N;Y
272432;5068;5071;2017/2018;complete;1757;7;-1;44;58;1;1;2;4;2;6;2;0;1;3;0;0;3;8;9;5;12;13;17;15;56;44;1;3;0;0;0;0;0;0;0;0;0;0;0;0;0;0;0;0;0;0;0;0;0;0;0;0;0;0;0;0;0;0;0;0;0;0;0;0;0;0;0;0;0;0;0;0;0;0;0;0;0;0;0;0;0;0;0;0;0;0;0;0;0;0;0;0;0;0;0;0;2;1;0;0;1;1;1;2017-10-19 14:50:00;-1;0;100;17;59;0;-1;1;-1;-1;-1;-1;-1;-1;0;1;1;2;1;3;-1;0;0;0;0;0;0;0;0;0;0;0;0;0;1;1;0;0;-1;-1;0;0;-1;-1;-1;-1;-1;-1;-1;-1;-1;0;17;75;100;100;17;75;100;84;12.17;2.67;4.67;2.92;Al Quadisiya;Al Feiha;1.2;1;2;0.33;1.17;0.83;100;84;25;0;0;50;34;34;0;0;0;916;19;Y;Y;N;N;N;N;Y
272433;5075;5067;2017/2018;complete;1757;7;-1;51,60;5,14;2;2;4;10;5;15;4;0;0;4;0;0;4;3;2;9;6;12;9;18;55;45;0;4;0;0;0;0;0;0;0;0;0;0;0;0;0;0;0;0;0;0;0;0;0;0;0;0;0;0;0;0;0;0;0;0;0;0;0;0;0;0;0;0;0;0;0;0;0;0;0;0;0;0;0;0;0;0;0;0;0;0;0;0;0;0;0;0;0;0;0;0;4;0;2;2;0;2;2;2017-10-19 15:10:00;-1;0;100;100;100;0;-1;1;-1;-1;-1;-1;-1;-1;0;2;0;2;2;2;-1;0;0;0;0;0;0;0;0;0;0;0;0;0;1;1;0;1;-1;-1;0;0;-1;-1;-1;-1;-1;-1;-1;-1;-1;75;100;100;100;100;100;100;100;100;13.5;3;3.5;4.75;Al Raed;Al Shabab;0.8;1.5;0.5;3;0.2;1;25;0;0;0;0;100;75;75;0;0;0;916;19;Y;Y;Y;Y;N;N;Y
272434;5063;5069;2017/2018;complete;1757;7;-1;27,45;70,85;2;2;4;0;17;17;0;0;2;1;0;0;4;6;2;4;6;10;10;18;33;67;2;1;0;0;0;0;0;0;0;0;0;0;0;0;0;0;0;0;0;0;0;0;0;0;0;0;0;0;0;0;0;0;0;0;0;0;0;0;0;0;0;0;0;0;0;0;0;0;0;0;0;0;0;0;0;0;0;0;0;0;0;0;0;0;0;0;0;0;0;0;4;2;0;0;2;2;2;2017-10-19 16:55:00;-1;0;34;0;0;0;-1;1;-1;-1;-1;-1;-1;-1;1;0;1;1;1;2;-1;0;0;0;0;0;0;0;0;0;0;0;0;0;1;1;0;0;-1;-1;0;0;-1;-1;-1;-1;-1;-1;-1;-1;-1;0;17;17;84;100;17;84;100;0;6;0.67;3;2.17;Ohod;Al Nassr;0.82;1.2;0;2.33;0.67;2;100;84;84;17;0;50;34;34;0;0;0;916;19;Y;Y;Y;Y;N;N;Y
272435;5064;5065;2017/2018;complete;1757;7;-1;90;86;1;1;2;3;2;5;0;0;2;3;0;0;2;2;14;14;16;16;10;9;55;45;2;3;0;0;0;0;0;1.85;0;0;0;0;0;0;0;0;0;0;0;0;0;0;0;0;0;0;0;0;0;0;0;0;0;0;0;0;0;0;0;0;0;0;0;0;0;0;0;0;0;0;0;0;0;0;0;0;0;0;0;0;0;0;0;0;0;0;0;0;0;0;2;0;0;1;1;2;0;2017-10-20 14:50:00;-1;0;59;0;59;0;-1;1;-1;-1;-1;-1;-1;-1;2;2;0;1;4;1;-1;0;0;0;0;0;0;0;0;1;0;1;0;0;1;1;0;0;-1;-1;0;0;-1;-1;-1;-1;-1;-1;-1;-1;-1;17;42;84;84;100;0;84;84;84;15.33;2.83;3.5;3.25;Al Fateh;Al Ittifaq;1.2;0.91;2;0.5;1.67;0.67;84;59;17;17;0;84;84;84;0;0;0;916;19;Y;Y;N;N;N;N;Y
272436;5074;5072;2017/2018;complete;1757;7;-1;88;;1;0;1;4;4;8;4;1;1;4;0;0;5;7;5;1;10;8;17;21;60;40;1;4;0;0;0;0;0;1.75;0;0;0;0;0;0;0;0;0;0;0;0;0;0;0;0;0;0;0;0;0;0;0;0;0;0;0;0;0;0;0;0;0;0;0;0;0;0;0;0;0;0;0;0;0;0;0;0;0;0;0;0;0;0;0;0;0;0;0;0;0;0;1;0;0;1;0;1;0;2017-10-20 16:55:00;5074;0;100;50;75;0;-1;1;-1;-1;-1;-1;-1;-1;0;1;1;3;1;4;-1;0;0;0;0;0;0;0;0;0;0;0;0;0;1;1;0;0;-1;-1;0;0;-1;-1;-1;-1;-1;-1;-1;-1;-1;50;50;75;100;100;50;75;100;75;11.5;4;2;4.25;Al Taawon;Al Faisaly;1.8;1.7;0;2;0.83;2.17;50;50;25;0;0;75;75;75;0;0;0;916;19;Y;N;N;N;N;N;N
272437;5066;5073;2017/2018;complete;1757;7;-1;62,90;70;2;1;3;12;1;13;5;0;0;4;0;0;7;10;14;7;21;17;9;13;68;32;0;4;0;0;0;0;0;1.5;0;0;0;0;0;0;0;0;0;0;0;0;0;0;0;0;0;0;0;0;0;0;0;0;0;0;0;0;0;0;0;0;0;0;0;0;0;0;0;0;0;0;0;0;0;0;0;0;0;0;0;0;0;0;0;0;0;0;0;0;0;0;3;0;0;2;1;3;0;2017-10-21 16:55:00;5066;0;84;33;50;0;-1;1;-1;-1;-1;-1;-1;-1;0;0;0;4;0;4;-1;0;0;0;0;0;0;0;1;0;0;0;1;0;1;1;0;0;-1;-1;0;0;-1;-1;-1;-1;-1;-1;-1;-1;-1;0;34;84;84;100;33;67;100;67;11.33;2;4.33;3;Al Hilal;Al Batin;2.4;1.4;3;3;2.6;2.17;100;67;17;17;0;67;33;17;0;0;0;916;19;Y;Y;Y;N;N;N;Y
272438;5062;5070;2017/2018;complete;1757;7;-1;50,56,90;;3;0;3;5;3;8;6;2;2;2;0;0;7;6;4;5;11;11;14;10;49;51;2;2;0;0;0;0;0;1.47;0;0;0;0;0;0;0;0;0;0;0;0;0;0;0;0;0;0;0;0;0;0;0;0;0;0;0;0;0;0;0;0;0;0;0;0;0;0;0;0;0;0;0;0;0;0;0;0;0;0;0;0;0;0;0;0;0;0;0;0;0;0;3;0;0;3;0;3;0;2017-10-21 16:55:00;5062;0;84;17;50;0;-1;1;-1;-1;-1;-1;-1;-1;0;0;2;2;0;4;-1;0;0;0;0;0;0;0;0;0;0;0;0;0;1;1;0;0;-1;-1;0;0;-1;-1;-1;-1;-1;-1;-1;-1;-1;33;50;84;100;100;33;100;100;67;13;3.67;2.67;4.5;Al Ahli;Al Ittihad;2.56;1.9;2.33;2;2.17;1.33;67;50;17;0;0;84;67;50;0;0;0;916;19;Y;Y;Y;N;N;N;N
272439;5071;5065;2017/2018;complete;1757;8;-1;70;65,72;1;2;3;5;2;7;1;0;1;1;0;0;8;7;4;4;12;11;9;9;57;43;1;1;0;0;0;0;0;0;0;0;0;0;0;0;0;0;0;0;0;0;0;0;0;0;0;0;0;0;0;0;0;0;0;0;0;0;0;0;0;0;0;0;0;0;0;0;0;0;0;0;0;0;0;0;0;0;0;0;0;0;0;0;0;0;0;0;0;0;0;0;3;0;0;1;2;3;0;2017-10-25 15:05:00;5065;0;67;17;67;0;-1;1;-1;-1;-1;-1;-1;-1;0;0;1;1;0;2;-1;0;0;0;0;0;0;0;0;0;0;0;0;0;1;1;0;0;-1;-1;0;0;-1;-1;-1;-1;-1;-1;-1;-1;-1;17;33;50;84;100;17;50;100;84;9.67;3;4.33;3.17;Al Feiha;Al Ittifaq;1.7;0.91;1.33;0.67;0.86;0.71;84;67;50;17;0;67;67;67;0;0;0;916;19;Y;Y;Y;N;N;N;Y
272440;5070;5068;2017/2018;complete;1757;8;-1;;;0;0;0;16;4;20;1;2;1;2;0;0;12;8;10;8;22;16;13;10;64;36;1;2;0;0;0;0;0;0;0;0;0;0;0;0;0;0;0;0;0;0;0;0;0;0;0;0;0;0;0;0;0;0;0;0;0;0;0;0;0;0;0;0;0;0;0;0;0;0;0;0;0;0;0;0;0;0;0;0;0;0;0;0;0;0;0;0;0;0;0;0;0;0;0;0;0;0;0;2017-10-25 16:50:00;-1;0;100;46;54;0;-1;1;-1;-1;-1;-1;-1;-1;0;0;1;2;0;3;-1;0;0;0;0;0;0;0;0;0;0;0;0;0;1;1;0;0;-1;-1;0;0;-1;-1;-1;-1;-1;-1;-1;-1;-1;13;46;84;100;100;46;88;84;67;11.25;4;4.67;3.42;Al Ittihad;Al Quadisiya;0.89;0.56;0.67;0.75;1.14;1.14;88;54;17;0;0;88;54;29;0;0;0;916;19;N;N;N;N;N;N;N
272441;5073;5075;2017/2018;complete;1757;8;-1;2;13,19,30,42,67;1;5;6;3;1;4;0;2;1;1;0;0;4;6;5;5;9;11;10;16;57;43;1;1;0;0;0;0;0;0;0;0;0;0;0;0;0;0;0;0;0;0;0;0;0;0;0;0;0;0;0;0;0;0;0;0;0;0;0;0;0;0;0;0;0;0;0;0;0;0;0;0;0;0;0;0;0;0;0;0;0;0;0;0;0;0;0;0;0;0;0;0;6;1;4;0;1;1;5;2017-10-26 15:00:00;5075;0;50;17;17;0;-1;1;-1;-1;-1;-1;-1;-1;0;0;1;1;0;2;-1;0;0;0;0;0;0;0;0;1;0;1;0;0;1;1;1;0;-1;-1;0;0;-1;-1;-1;-1;-1;-1;-1;-1;-1;17;17;50;67;84;17;84;67;34;11;4.34;4.67;2.84;Al Batin;Al Raed;0.78;0.56;1.33;0;1.86;0.33;84;84;50;33;17;67;67;50;0;0;0;916;19;Y;Y;Y;Y;Y;Y;Y
272442;5072;5062;2017/2018;complete;1757;8;-1;68;59,84;1;2;3;5;5;10;1;4;3;0;0;0;7;7;3;4;10;11;15;17;45;55;3;0;0;0;0;0;0;0;0;0;0;0;0;0;0;0;0;0;0;0;0;0;0;0;0;0;0;0;0;0;0;0;0;0;0;0;0;0;0;0;0;0;0;0;0;0;0;0;0;0;0;0;0;0;0;0;0;0;0;0;0;0;0;0;0;0;0;0;0;0;3;0;0;1;2;3;0;2017-10-26 16:50:00;5062;0;88;34;46;0;-1;1;-1;-1;-1;-1;-1;-1;0;0;3;0;0;3;-1;0;0;0;0;0;0;0;0;1;0;1;0;0;1;1;0;0;-1;-1;0;0;-1;-1;-1;-1;-1;-1;-1;-1;-1;17;29;100;100;100;46;84;100;71;9.75;2;4.25;3.79;Al Faisaly;Al Ahli;1.56;1.7;2.25;2;1.86;2.29;84;71;0;0;0;84;84;84;0;0;0;916;19;Y;Y;Y;N;N;N;Y
272443;5069;5066;2017/2018;complete;1757;8;-1;2;45,64;1;2;3;4;7;11;2;2;3;1;0;0;5;12;1;4;6;16;8;12;33;67;3;1;0;0;0;0;0;0;0;0;0;0;0;0;0;0;0;0;0;0;0;0;0;0;0;0;0;0;0;0;0;0;0;0;0;0;0;0;0;0;0;0;0;0;0;0;0;0;0;0;0;0;0;0;0;0;0;0;0;0;0;0;0;0;0;0;0;0;0;0;3;1;1;0;1;1;2;2017-10-26 16:50:00;5066;0;100;67;34;0;-1;1;-1;-1;-1;-1;-1;-1;0;1;3;0;1;3;-1;0;0;0;0;0;0;0;1;1;1;1;0;0;1;1;1;0;-1;-1;0;1;-1;-1;-1;-1;-1;-1;-1;-1;-1;25;59;75;100;100;67;100;75;34;8.83;2.5;5.33;4.09;Al Nassr;Al Hilal;2;2;1.67;2;1.86;2.67;75;42;25;0;0;84;59;59;0;0;0;916;19;Y;Y;Y;N;N;N;Y
272444;5067;5064;2017/2018;complete;1757;8;-1;69;45;1;1;2;6;9;15;2;1;1;2;0;0;11;9;8;7;19;16;8;10;58;42;1;2;0;0;0;0;0;0;0;0;0;0;0;0;0;0;0;0;0;0;0;0;0;0;0;0;0;0;0;0;0;0;0;0;0;0;0;0;0;0;0;0;0;0;0;0;0;0;0;0;0;0;0;0;0;0;0;0;0;0;0;0;0;0;0;0;0;0;0;0;2;0;1;1;0;1;1;2017-10-27 15:00:00;-1;0;40;20;30;0;-1;1;-1;-1;-1;-1;-1;-1;0;0;1;2;0;3;-1;0;0;0;0;0;0;0;0;0;0;0;0;0;1;1;0;0;-1;-1;0;0;-1;-1;-1;-1;-1;-1;-1;-1;-1;20;37;57;74;84;37;64;84;40;8.27;3.87;4.6;2.9;Al Shabab;Al Fateh;1.11;1.44;0.6;1.33;1;1.57;80;64;44;27;17;40;30;30;0;0;0;916;19;Y;Y;N;N;N;N;Y
272445;5074;5063;2017/2018;complete;1757;8;-1;3,50,62;60;3;1;4;7;9;16;1;3;1;0;0;0;5;6;5;6;10;12;15;18;54;46;1;0;0;0;0;0;0;0;0;0;0;0;0;0;0;0;0;0;0;0;0;0;0;0;0;0;0;0;0;0;0;0;0;0;0;0;0;0;0;0;0;0;0;0;0;0;0;0;0;0;0;0;0;0;0;0;0;0;0;0;0;0;0;0;0;0;0;0;0;0;4;1;0;2;1;3;1;2017-10-27 16:50:00;5074;0;54;27;27;0;-1;1;-1;-1;-1;-1;-1;-1;0;0;1;0;0;1;-1;0;0;0;0;0;0;0;0;0;0;0;0;0;1;1;1;0;-1;-1;0;0;-1;-1;-1;-1;-1;-1;-1;-1;-1;17;27;54;64;100;27;64;100;27;9.07;4.8;3.4;2.94;Al Taawon;Ohod;1.8;0.75;1;0.8;1.14;0.71;84;74;47;37;0;74;64;64;0;0;0;916;19;Y;Y;Y;Y;N;N;Y
272446;5065;5075;2017/2018;complete;1757;9;-1;31,38;;2;0;2;1;11;12;2;3;3;0;0;0;5;9;6;21;11;30;18;12;44;56;3;0;0;0;0;0;0;0;0;0;0;0;0;0;0;0;0;0;0;0;0;0;0;0;0;0;0;0;0;0;0;0;0;0;0;0;0;0;0;0;0;0;0;0;0;0;0;0;0;0;0;0;0;0;0;0;0;0;0;0;0;0;0;0;0;0;0;0;0;0;2;2;0;0;0;0;2;2017-10-31 14:35:00;5065;0;88;38;50;0;-1;1;-1;-1;-1;-1;-1;-1;1;0;2;0;1;2;-1;0;0;0;0;0;0;0;0;0;0;0;0;0;1;1;0;0;-1;-1;0;0;-1;-1;-1;-1;-1;-1;-1;-1;-1;38;50;88;88;100;38;88;88;75;7.5;4;4.25;4.13;Al Ittifaq;Al Raed;1.25;0.56;0.75;0.75;1;0.71;63;50;13;13;0;50;50;25;0;0;0;916;19;Y;Y;N;N;N;N;N
272447;5062;5071;2017/2018;complete;1757;9;-1;44;87;1;1;2;12;4;16;3;1;1;3;0;0;5;7;3;3;8;10;9;15;59;41;1;3;0;0;0;0;0;0;0;0;0;0;0;0;0;0;0;0;0;0;0;0;0;0;0;0;0;0;0;0;0;0;0;0;0;0;0;0;0;0;0;0;0;0;0;0;0;0;0;0;0;0;0;0;0;0;0;0;0;0;0;0;0;0;0;0;0;0;0;0;2;1;0;0;1;1;1;2017-10-31 16:45:00;-1;0;75;13;38;0;-1;1;-1;-1;-1;-1;-1;-1;0;1;1;2;1;3;-1;0;0;0;0;0;0;0;0;0;0;0;0;0;1;1;0;0;-1;-1;0;0;-1;-1;-1;-1;-1;-1;-1;-1;-1;13;38;75;100;100;25;88;100;50;12;5;4;3.63;Al Ahli;Al Feiha;2.56;1;2.5;0.5;2.38;0.75;88;63;25;0;0;63;38;25;0;0;0;916;19;Y;Y;N;N;N;N;Y
272448;5068;5074;2017/2018;complete;1757;9;-1;65;;1;0;1;3;5;8;2;3;4;1;0;0;6;4;3;2;9;6;18;15;46;54;4;1;0;0;0;0;0;0;0;0;0;0;0;0;0;0;0;0;0;0;0;0;0;0;0;0;0;0;0;0;0;0;0;0;0;0;0;0;0;0;0;0;0;0;0;0;0;0;0;0;0;0;0;0;0;0;0;0;0;0;0;0;0;0;0;0;0;0;0;0;1;0;0;1;0;1;0;2017-11-01 14:35:00;5068;0;100;25;54;0;-1;1;-1;-1;-1;-1;-1;-1;2;0;2;1;2;3;-1;0;0;0;0;0;0;0;0;0;0;0;0;0;1;1;0;0;-1;-1;1;0;-1;-1;-1;-1;-1;-1;-1;-1;-1;13;25;54;100;100;25;71;100;71;4.92;2.67;3.67;2.92;Al Quadisiya;Al Taawon;1.2;1;1.67;1.25;1.13;1.38;88;75;46;0;0;13;0;0;0;0;0;916;19;Y;N;N;N;N;N;N
272449;5064;5070;2017/2018;complete;1757;9;-1;76;53,90;1;2;3;2;8;10;1;1;2;2;0;0;7;11;13;7;20;18;11;5;48;52;2;2;0;0;0;0;0;0;0;0;0;0;0;0;0;0;0;0;0;0;0;0;0;0;0;0;0;0;0;0;0;0;0;0;0;0;0;0;0;0;0;0;0;0;0;0;0;0;0;0;0;0;0;0;0;0;0;0;0;0;0;0;0;0;0;0;0;0;0;0;3;0;0;1;2;3;0;2017-11-01 16:45:00;5070;0;75;13;63;0;-1;1;-1;-1;-1;-1;-1;-1;0;2;2;0;2;2;-1;0;0;0;0;0;0;0;1;0;0;0;1;0;1;1;0;0;-1;-1;0;0;-1;-1;-1;-1;-1;-1;-1;-1;-1;25;25;75;88;100;13;63;88;88;12.25;2.75;4.5;3.38;Al Fateh;Al Ittihad;1.2;1.9;1.75;1.5;1.5;1.13;75;75;25;13;0;63;63;63;0;0;0;916;19;Y;Y;Y;N;N;N;Y
272450;5066;5067;2017/2018;complete;1757;9;-1;47;68;1;1;2;9;0;9;3;1;1;2;0;0;13;7;14;12;27;19;9;15;63;37;1;2;0;0;0;0;0;0;0;0;0;0;0;0;0;0;0;0;0;0;0;0;0;0;0;0;0;0;0;0;0;0;0;0;0;0;0;0;0;0;0;0;0;0;0;0;0;0;0;0;0;0;0;0;0;0;0;0;0;0;0;0;0;0;0;0;0;0;0;0;2;0;0;1;1;2;0;2017-11-01 16:45:00;-1;0;88;38;50;0;-1;1;-1;-1;-1;-1;-1;-1;0;0;1;2;0;3;-1;0;0;0;0;0;0;0;0;0;0;0;0;0;1;1;0;0;-1;-1;0;0;-1;-1;-1;-1;-1;-1;-1;-1;-1;25;50;88;88;100;63;75;100;75;13;2.75;4.25;3.5;Al Hilal;Al Shabab;2.4;1.5;3;2;2.71;1;75;50;13;13;0;88;75;63;0;0;0;916;19;Y;Y;N;N;N;N;Y
272451;5063;5072;2017/2018;complete;1757;9;-1;36;19,42,48;1;3;4;2;5;7;1;3;4;3;0;0;5;3;3;1;8;4;17;12;44;56;4;3;0;0;0;0;0;0;0;0;0;0;0;0;0;0;0;0;0;0;0;0;0;0;0;0;0;0;0;0;0;0;0;0;0;0;0;0;0;0;0;0;0;0;0;0;0;0;0;0;0;0;0;0;0;0;0;0;0;0;0;0;0;0;0;0;0;0;0;0;4;1;2;0;1;1;3;2017-11-04 16:45:00;5072;0;59;17;34;0;-1;1;-1;-1;-1;-1;-1;-1;0;1;4;2;1;6;-1;0;0;0;0;0;0;0;0;1;0;1;0;0;1;1;0;0;-1;-1;0;0;-1;-1;-1;-1;-1;-1;-1;-1;-1;17;42;42;84;100;42;67;100;59;5.67;1.33;3.5;2.84;Ohod;Al Faisaly;0.82;1.7;0.5;1.33;0.63;1.63;84;59;59;17;0;42;42;42;0;0;0;916;19;Y;Y;Y;Y;N;N;Y
272452;5068;5073;2017/2018;complete;1757;10;-1;;;0;0;0;10;4;14;4;0;1;1;0;0;8;9;6;4;14;13;9;6;59;41;1;1;0;0;0;0;0;0;0;0;0;0;0;0;0;0;0;0;0;0;0;0;0;0;0;0;0;0;0;0;0;0;0;0;0;0;0;0;0;0;0;0;0;0;0;0;0;0;0;0;0;0;0;0;0;0;0;0;0;0;0;0;0;0;0;0;0;0;0;0;0;0;0;0;0;0;0;2017-11-16 14:30:00;-1;0;88;13;50;0;-1;1;-1;-1;-1;-1;-1;-1;1;0;0;1;1;1;-1;0;0;0;0;0;0;0;0;0;0;0;0;0;1;1;0;0;-1;-1;0;0;-1;-1;-1;-1;-1;-1;-1;-1;-1;0;25;63;88;100;13;50;100;75;7.75;1.5;4.75;2.75;Al Quadisiya;Al Batin;1.2;1.4;2;2.25;1.33;1.63;100;75;38;13;0;38;25;25;0;0;0;916;19;N;N;N;N;N;N;N
272453;5063;5065;2017/2018;complete;1757;10;-1;17;;1;0;1;6;3;9;3;0;2;3;0;0;4;4;7;7;11;11;15;9;50;50;2;3;0;0;0;0;0;0;0;0;0;0;0;0;0;0;0;0;0;0;0;0;0;0;0;0;0;0;0;0;0;0;0;0;0;0;0;0;0;0;0;0;0;0;0;0;0;0;0;0;0;0;0;0;0;0;0;0;0;0;0;0;0;0;0;0;0;0;0;0;1;1;0;0;0;0;1;2017-11-16 16:40:00;5063;0;71;17;38;0;-1;1;-1;-1;-1;-1;-1;-1;2;1;0;2;3;2;-1;0;0;0;0;0;0;0;0;0;0;0;0;0;1;1;0;0;-1;-1;0;1;-1;-1;-1;-1;-1;-1;-1;-1;-1;0;46;71;100;100;34;75;100;67;6.83;1.08;3.58;3.17;Ohod;Al Ittifaq;0.82;0.91;0.33;1.25;0.56;1.22;100;54;29;0;0;42;42;42;0;0;0;916;19;Y;N;N;N;N;N;N
272454;5075;5069;2017/2018;complete;1757;10;-1;;45,58,69,81,87;0;5;5;0;4;4;9;0;1;1;0;0;5;13;10;17;15;30;13;13;45;55;1;1;0;0;0;0;0;0;0;0;0;0;0;0;0;0;0;0;0;0;0;0;0;0;0;0;0;0;0;0;0;0;0;0;0;0;0;0;0;0;0;0;0;0;0;0;0;0;0;0;0;0;0;0;0;0;0;0;0;0;0;0;0;0;0;0;0;0;0;0;5;0;1;0;4;4;1;2017-11-17 16:40:00;5069;0;88;34;34;0;-1;1;-1;-1;-1;-1;-1;-1;1;0;0;1;1;1;-1;0;0;0;0;0;0;0;0;1;0;1;0;0;1;1;0;0;-1;-1;0;0;-1;-1;-1;-1;-1;-1;-1;-1;-1;17;75;75;88;100;75;88;100;63;15.58;3.17;3.42;3.54;Al Raed;Al Nassr;0.8;1.2;0.67;2;0.63;1.63;84;25;25;13;0;100;71;71;0;0;0;916;19;Y;Y;Y;Y;Y;N;N
272455;5070;5067;2017/2018;complete;1757;10;-1;52;73;1;1;2;8;5;13;5;0;1;2;0;0;12;6;7;7;19;13;11;9;56;44;1;2;0;0;0;0;0;0;0;0;0;0;0;0;0;0;0;0;0;0;0;0;0;0;0;0;0;0;0;0;0;0;0;0;0;0;0;0;0;0;0;0;0;0;0;0;0;0;0;0;0;0;0;0;0;0;0;0;0;0;0;0;0;0;0;0;0;0;0;0;2;0;0;1;1;2;0;2017-11-17 16:40:00;-1;0;88;42;46;0;-1;1;-1;-1;-1;-1;-1;-1;0;1;1;1;1;2;-1;0;0;0;0;0;0;0;0;0;0;0;0;0;1;1;0;0;-1;-1;0;1;-1;-1;-1;-1;-1;-1;-1;-1;-1;17;59;59;88;88;59;71;75;63;12.92;3.17;4.58;3.09;Al Ittihad;Al Shabab;0.89;1.5;0.75;1.67;1.33;1;84;42;42;13;13;100;59;59;0;0;0;916;19;Y;Y;N;N;N;N;Y
272456;5071;5064;2017/2018;complete;1757;10;-1;20;3,14,60;1;3;4;5;7;12;5;2;0;1;0;0;8;3;5;4;13;7;7;15;61;39;0;1;0;0;0;0;0;0;0;0;0;0;0;0;0;0;0;0;0;0;0;0;0;0;0;0;0;0;0;0;0;0;0;0;0;0;0;0;0;0;0;0;0;0;0;0;0;0;0;0;0;0;0;0;0;0;0;0;0;0;0;0;0;0;0;0;0;0;0;0;4;1;2;0;1;1;3;2017-11-18 14:50:00;5064;0;50;13;38;0;-1;1;-1;-1;-1;-1;-1;-1;0;0;0;1;0;1;-1;0;0;0;0;0;0;0;1;0;1;0;0;0;1;1;0;1;-1;-1;0;0;-1;-1;-1;-1;-1;-1;-1;-1;-1;13;25;38;75;88;25;50;88;38;7.75;4;5.25;2.63;Al Feiha;Al Fateh;1.7;1.44;1;1.25;0.78;1.33;88;75;63;25;13;38;38;38;0;0;0;916;19;Y;Y;Y;Y;N;N;Y
272457;5074;5062;2017/2018;complete;1757;10;-1;63;3;1;1;2;4;4;8;1;2;1;3;0;0;5;2;1;3;6;5;12;16;53;47;1;3;0;0;0;0;0;0;0;0;0;0;0;0;0;0;0;0;0;0;0;0;0;0;0;0;0;0;0;0;0;0;0;0;0;0;0;0;0;0;0;0;0;0;0;0;0;0;0;0;0;0;0;0;0;0;0;0;0;0;0;0;0;0;0;0;0;0;0;0;2;0;1;1;0;1;1;2017-11-19 16:40:00;-1;0;88;38;63;0;-1;1;-1;-1;-1;-1;-1;-1;0;2;1;1;2;2;-1;0;0;0;0;0;0;0;1;0;0;0;1;0;1;1;0;1;-1;-1;0;0;-1;-1;-1;-1;-1;-1;-1;-1;-1;25;38;88;88;100;38;63;100;63;11;4.25;2.5;3.88;Al Taawon;Al Ahli;1.8;1.7;1.5;2.25;1.22;2.22;75;63;13;13;0;75;75;63;0;0;0;916;19;Y;Y;N;N;N;N;Y
272458;5071;5067;2017/2018;complete;1757;11;-1;30,47,79;49;3;1;4;5;2;7;1;3;2;4;0;0;5;3;6;2;11;5;15;11;49;51;2;4;0;0;0;0;0;0;0;0;0;0;0;0;0;0;0;0;0;0;0;0;0;0;0;0;0;0;0;0;0;0;0;0;0;0;0;0;0;0;0;0;0;0;0;0;0;0;0;0;0;0;0;0;0;0;0;0;0;0;0;0;0;0;0;0;0;0;0;0;4;1;0;2;1;3;1;2017-11-23 14:45:00;5071;0;90;33;68;0;-1;1;-1;-1;-1;-1;-1;-1;1;1;1;3;2;4;-1;0;0;0;0;0;0;0;0;0;0;0;0;0;1;1;0;0;-1;-1;0;0;-1;-1;-1;-1;-1;-1;-1;-1;-1;23;45;55;90;100;45;45;100;80;7.8;2.9;4.25;3.33;Al Feiha;Al Shabab;1.7;1.5;0.8;1.5;0.7;1;78;55;45;10;0;80;68;68;0;0;0;916;19;Y;Y;Y;Y;N;N;Y
272459;5075;5063;2017/2018;complete;1757;11;-1;33,59;54,62;2;2;4;7;3;10;3;1;3;2;0;0;3;8;1;2;4;10;15;13;54;46;3;2;0;0;0;0;0;0;0;0;0;0;0;0;0;0;0;0;0;0;0;0;0;0;0;0;0;0;0;0;0;0;0;0;0;0;0;0;0;0;0;0;0;0;0;0;0;0;0;0;0;0;0;0;0;0;0;0;0;0;0;0;0;0;0;0;0;0;0;0;4;1;0;1;2;3;1;2017-11-23 14:50:00;-1;0;63;34;42;0;-1;1;-1;-1;-1;-1;-1;-1;1;0;2;2;1;4;-1;0;0;0;0;0;0;0;0;0;0;0;0;0;1;1;0;0;-1;-1;0;0;-1;-1;-1;-1;-1;-1;-1;-1;-1;25;67;75;84;100;46;84;100;67;10.58;6.25;3.5;3.5;Al Raed;Ohod;0.8;0.75;0.5;0.67;0.56;0.8;75;34;25;17;0;79;59;59;0;0;0;916;19;Y;Y;Y;Y;N;N;Y
272460;5069;5070;2017/2018;complete;1757;11;-1;17;;1;0;1;11;5;16;2;4;3;3;0;0;12;5;4;5;16;10;21;18;49;51;3;3;0;0;0;0;0;0;0;0;0;0;0;0;0;0;0;0;0;0;0;0;0;0;0;0;0;0;0;0;0;0;0;0;0;0;0;0;0;0;0;0;0;0;0;0;0;0;0;0;0;0;0;0;0;0;0;0;0;0;0;0;0;0;0;0;0;0;0;0;1;1;0;0;0;0;1;2017-11-23 16:40:00;5069;0;90;35;55;0;-1;1;-1;-1;-1;-1;-1;-1;0;1;3;2;1;5;-1;0;0;0;0;0;0;0;0;0;0;0;0;0;1;1;0;0;-1;-1;0;0;-1;-1;-1;-1;-1;-1;-1;-1;-1;10;35;100;100;100;35;80;100;75;11.25;3.6;4.3;3.65;Al Nassr;Al Ittihad;2;1.9;1.25;1.8;1.78;1.3;90;65;0;0;0;78;78;68;0;0;0;916;19;Y;N;N;N;N;N;N
272461;5062;5068;2017/2018;complete;1757;11;-1;34,86,90;;3;0;3;9;4;13;0;0;0;1;0;0;4;2;3;2;7;4;12;11;52;48;0;1;0;0;0;0;0;0;0;0;0;0;0;0;0;0;0;0;0;0;0;0;0;0;0;0;0;0;0;0;0;0;0;0;0;0;0;0;0;0;0;0;0;0;0;0;0;0;0;0;0;0;0;0;0;0;0;0;0;0;0;0;0;0;0;0;0;0;0;0;3;1;0;2;0;2;1;2017-11-24 16:40:00;5062;0;70;10;40;0;-1;1;-1;-1;-1;-1;-1;-1;0;0;0;1;0;1;-1;0;0;0;0;0;0;0;0;0;0;0;0;0;1;1;0;0;-1;-1;0;0;-1;-1;-1;-1;-1;-1;-1;-1;-1;20;30;70;90;90;20;70;90;60;10.6;4.2;3.2;3.3;Al Ahli;Al Quadisiya;2.56;0.56;2.2;0.8;2.1;1.3;80;70;30;10;10;70;60;30;0;0;0;916;19;Y;Y;Y;N;N;N;N
272462;5073;5074;2017/2018;complete;1757;11;-1;90;51;1;1;2;8;5;13;0;2;3;2;0;0;6;6;4;5;10;11;21;16;48;52;3;2;2.2;3.25;2.9;0;0;0;0;0;0;0;0;0;0;0;0;0;0;0;0;0;0;0;0;0;0;0;0;0;0;0;0;0;0;0;0;0;0;0;0;0;0;0;0;0;0;0;0;0;0;0;0;0;0;0;0;0;0;0;0;0;0;0;0;0;0;0;0;0;2;0;0;1;1;2;0;2017-11-25 12:05:00;-1;0;65;45;30;0;-1;1;-1;-1;-1;-1;-1;-1;2;0;1;2;2;3;-1;0;0;0;0;0;0;0;1;0;0;0;1;0;1;1;0;0;-1;-1;0;0;-1;-1;-1;-1;-1;-1;-1;-1;-1;23;33;55;78;88;45;68;88;30;7.25;3.45;3.55;2.88;Al Batin;Al Taawon;0.78;1;1;1;1.56;1.2;78;68;45;23;13;35;25;25;0;0;0;916;19;Y;Y;N;N;N;N;Y
272463;5064;5072;2017/2018;complete;1757;11;-1;;24,46,57,77,89;0;5;5;4;3;7;1;2;3;2;0;0;10;9;17;5;27;14;11;13;55;45;3;2;2.3;3.3;2.8;0;0;0;0;0;0;0;0;0;0;0;0;0;0;0;0;0;0;0;0;0;0;0;0;0;0;0;0;0;0;0;0;0;0;0;0;0;0;0;0;0;0;0;0;0;0;0;0;0;0;0;0;0;0;0;0;0;0;0;0;0;0;0;0;0;5;0;1;0;4;4;1;2017-11-25 14:30:00;5072;0;78;25;65;0;-1;1;-1;-1;-1;-1;-1;-1;1;0;2;2;1;4;-1;0;0;0;0;0;0;0;0;0;0;0;0;0;1;1;0;0;-1;-1;0;0;-1;-1;-1;-1;-1;-1;-1;-1;-1;23;35;55;78;100;25;45;90;65;9.55;2.75;4.85;2.9;Al Fateh;Al Faisaly;1.2;1.7;1.4;1.75;1.5;1.78;78;65;45;23;0;43;43;33;0;0;0;916;19;Y;Y;Y;Y;Y;N;N
272464;5075;5071;2017/2018;complete;1757;12;-1;67,90;;2;0;2;0;5;5;9;2;1;1;0;0;5;3;4;7;9;10;11;14;39;61;1;1;0;0;0;0;0;1.47;0;0;0;0;0;0;0;0;0;0;0;0;0;0;0;0;0;0;0;0;0;0;0;0;0;0;0;0;0;0;0;0;0;0;0;0;0;0;0;0;0;0;0;0;0;0;0;0;0;0;0;0;0;0;0;0;0;0;0;0;0;0;2;0;0;2;0;2;0;2017-11-29 14:50:00;5075;0;90;30;50;0;-1;1;-1;-1;-1;-1;-1;-1;0;1;1;0;1;1;-1;0;0;0;0;0;0;0;0;0;0;0;0;0;1;1;0;0;-1;-1;0;0;-1;-1;-1;-1;-1;-1;-1;-1;-1;20;60;80;100;100;40;100;100;70;12.8;5.8;4.6;3.6;Al Raed;Al Feiha;0.8;1;0.6;0.6;0.6;0.91;80;40;20;0;0;80;60;50;0;0;0;916;19;Y;Y;N;N;N;N;N
272465;5069;5064;2017/2018;complete;1757;12;-1;27,35,77;51;3;1;4;5;4;9;3;0;0;2;0;0;13;5;19;9;32;14;6;11;61;39;0;2;0;0;0;0;0;1.64;0;0;0;0;0;0;0;0;0;0;0;0;0;0;0;0;0;0;0;0;0;0;0;0;0;0;0;0;0;0;0;0;0;0;0;0;0;0;0;0;0;0;0;0;0;0;0;0;0;0;0;0;0;0;0;0;0;0;0;0;0;0;4;2;0;1;1;2;2;2017-11-29 16:40:00;5069;0;60;30;20;0;-1;1;-1;-1;-1;-1;-1;-1;0;2;0;0;2;0;-1;0;0;0;0;0;0;0;0;0;0;0;0;0;1;1;0;0;-1;-1;0;0;-1;-1;-1;-1;-1;-1;-1;-1;-1;0;40;60;80;90;40;90;80;20;10.4;4.2;5;2.7;Al Nassr;Al Fateh;2;1.44;1.6;1.6;1.9;1.36;100;60;40;20;10;60;60;60;0;0;0;916;19;Y;Y;Y;Y;N;N;Y
272466;5072;5073;2017/2018;complete;1757;12;-1;;5;0;1;1;14;4;18;5;2;5;4;0;0;9;10;8;1;17;11;16;11;61;39;5;4;0;0;0;0;0;1.85;0;0;0;0;0;0;0;0;0;0;0;0;0;0;0;0;0;0;0;0;0;0;0;0;0;0;0;0;0;0;0;0;0;0;0;0;0;0;0;0;0;0;0;0;0;0;0;0;0;0;0;0;0;0;0;0;0;0;0;0;0;0;1;0;1;0;0;0;1;2017-11-30 14:45:00;5073;0;80;10;50;0;-1;1;-1;-1;-1;-1;-1;-1;0;1;5;3;1;8;-1;0;0;0;0;0;0;0;0;0;0;0;0;0;1;1;0;1;-1;-1;0;1;-1;-1;-1;-1;-1;-1;-1;-1;-1;0;30;90;90;90;20;60;90;80;9;1.4;4.6;3;Al Faisaly;Al Batin;1.56;1.4;1.8;2;1.9;1.5;100;70;10;10;10;90;80;70;0;0;0;916;19;Y;N;N;N;N;N;N
272467;5067;5074;2017/2018;complete;1757;12;-1;17,33;80;2;1;3;0;4;4;1;2;1;4;0;0;6;6;2;5;8;11;16;13;41;59;1;4;0;0;0;0;0;1.8;0;0;0;0;0;0;0;0;0;0;0;0;0;0;0;0;0;0;0;0;0;0;0;0;0;0;0;0;0;0;0;0;0;0;0;0;0;0;0;0;0;0;0;0;0;0;0;0;0;0;0;0;0;0;0;0;0;0;0;0;0;0;3;2;0;0;1;1;2;2017-11-30 14:45:00;5067;0;83;33;59;0;-1;1;-1;-1;-1;-1;-1;-1;0;0;1;4;0;5;-1;0;0;0;0;0;0;0;0;0;0;0;0;0;1;1;0;0;-1;-1;0;0;-1;-1;-1;-1;-1;-1;-1;-1;-1;25;33;59;83;100;33;59;100;67;8.17;3.5;3.33;3.17;Al Shabab;Al Taawon;1.11;1;0.67;1;0.91;1.18;75;67;42;17;0;58;42;42;0;0;0;916;19;Y;Y;Y;N;N;N;Y
272468;5065;5070;2017/2018;complete;1757;12;-1;5;55,90;1;2;3;3;7;10;2;0;4;6;0;0;11;8;10;8;21;16;13;15;45;55;4;6;0;0;0;0;0;1.66;0;0;0;0;0;0;0;0;0;0;0;0;0;0;0;0;0;0;0;0;0;0;0;0;0;0;0;0;0;0;0;0;0;0;0;0;0;0;0;0;0;0;0;0;0;0;0;0;0;0;0;0;0;0;0;0;0;0;0;0;0;0;3;1;0;0;2;2;1;2017-11-30 16:40:00;5070;0;74;29;55;0;-1;1;-1;-1;-1;-1;-1;-1;1;1;3;5;2;8;-1;0;0;0;0;0;0;0;0;1;0;1;0;0;1;1;1;0;-1;-1;0;0;-1;-1;-1;-1;-1;-1;-1;-1;-1;19;29;82;92;100;39;74;82;82;9.67;3.6;4.2;3.37;Al Ittifaq;Al Ittihad;1.25;1.9;1.2;1.5;1.1;1.18;82;72;19;9;0;72;72;54;0;0;0;916;19;Y;Y;Y;N;N;N;Y
272469;5063;5068;2017/2018;complete;1757;12;-1;35,45;89;2;1;3;2;5;7;1;0;4;2;0;0;3;0;0;2;3;2;4;1;32;68;4;2;0;0;0;0;0;1.82;0;0;0;0;0;0;0;0;0;0;0;0;0;0;0;0;0;0;0;0;0;0;0;0;0;0;0;0;0;0;0;0;0;0;0;0;0;0;0;0;0;0;0;0;0;0;0;0;0;0;0;0;0;0;0;0;0;0;0;0;0;0;3;2;0;0;1;1;2;2017-12-01 15:15:00;5063;0;59;21;25;0;-1;1;-1;-1;-1;-1;-1;-1;1;0;3;2;1;5;-1;0;0;0;0;0;0;0;1;0;1;0;0;0;1;1;0;0;-1;-1;0;0;-1;-1;-1;-1;-1;-1;-1;-1;-1;9;34;67;79;92;34;84;79;54;6.67;2;4.08;2.79;Ohod;Al Quadisiya;0.82;0.56;1;0.67;0.82;1.18;92;67;34;21;9;67;54;38;0;0;0;916;19;Y;Y;Y;N;N;N;Y
272470;5066;5062;2017/2018;complete;1757;12;-1;68,76;;2;0;2;5;4;9;1;1;0;1;0;0;9;3;7;10;16;13;11;9;51;49;0;1;0;0;0;0;0;1.7;0;0;0;0;0;0;0;0;0;0;0;0;0;0;0;0;0;0;0;0;0;0;0;0;0;0;0;0;0;0;0;0;0;0;0;0;0;0;0;0;0;0;0;0;0;0;0;0;0;0;0;0;0;0;0;0;0;0;0;0;0;0;2;0;0;2;0;2;0;2017-12-01 17:00:00;5066;0;90;30;60;0;-1;1;-1;-1;-1;-1;-1;-1;0;0;0;1;0;1;-1;0;0;0;0;0;0;0;0;0;0;0;0;0;1;1;0;0;-1;-1;0;0;-1;-1;-1;-1;-1;-1;-1;-1;-1;10;10;70;90;100;30;50;100;60;12.6;4.2;3.4;3;Al Hilal;Al Ahli;2.4;1.7;2.6;2;2.5;2.18;90;90;30;10;0;70;50;30;0;0;0;916;19;Y;Y;N;N;N;N;N
272471;5073;5069;2017/2018;complete;1757;9;-1;34;42;1;1;2;4;3;7;5;4;2;3;0;0;9;7;4;3;13;10;16;13;45;55;2;3;2.39;3.39;2.5;0;0;1.75;0;0;0;0;0;0;0;0;0;0;0;0;0;0;0;0;0;0;0;0;0;0;0;0;0;0;0;0;0;0;0;0;0;0;0;0;0;0;0;0;0;0;0;0;0;0;0;0;0;0;0;0;0;0;0;0;0;0;0;0;0;0;2;1;1;0;0;0;2;2017-12-04 14:40:00;-1;0;60;20;10;0;-1;1;-1;-1;-1;-1;-1;-1;2;0;0;3;2;3;-1;0;0;0;0;0;0;0;0;1;0;1;0;0;1;1;0;0;-1;-1;0;0;-1;-1;-1;-1;-1;-1;-1;-1;-1;20;40;50;80;90;40;70;90;30;12.4;1.4;3.6;2.9;Al Batin;Al Nassr;0.78;1.2;1;2.2;1.64;2;80;60;50;20;10;70;60;60;0;0;0;916;19;Y;Y;N;N;N;N;Y
272472;5075;5066;2017/2018;complete;1757;6;-1;;7,43,57;0;3;3;6;4;10;2;1;1;0;0;0;0;8;11;8;11;16;9;6;35;65;1;0;0;0;0;0;0;0;0;0;0;0;0;0;0;0;0;0;0;0;0;0;0;0;0;0;0;0;0;0;0;0;0;0;0;0;0;0;0;0;0;0;0;0;0;0;0;0;0;0;0;0;0;0;0;0;0;0;0;0;0;0;0;0;0;0;0;0;0;0;3;0;2;0;1;1;2;2017-12-05 16:40:00;5066;0;84;67;25;0;-1;1;-1;-1;-1;-1;-1;-1;0;0;1;0;0;1;-1;0;0;0;0;0;0;0;0;1;0;1;0;0;1;1;0;1;-1;-1;0;0;-1;-1;-1;-1;-1;-1;-1;-1;-1;33;58;75;100;100;75;92;84;50;10.66;5.83;4;4;Al Raed;Al Hilal;0.8;2;1;2.33;0.82;2.56;67;42;25;0;0;84;59;50;0;0;0;916;19;Y;Y;Y;N;N;N;N
272473;5067;5072;2017/2018;complete;1757;13;-1;;37;0;1;1;8;6;14;1;0;1;0;0;0;10;3;13;3;23;6;5;6;51;49;1;0;1.83;3.95;3.1;0;0;0;0;0;0;0;0;0;0;0;0;0;0;0;0;0;0;0;0;0;0;0;0;0;0;0;0;0;0;0;0;0;0;0;0;0;0;0;0;0;0;0;0;0;0;0;0;0;0;0;0;0;0;0;0;0;0;0;0;0;0;0;0;0;1;0;1;0;0;0;1;2017-12-08 14:45:00;5072;0;73;35;42;0;-1;1;-1;-1;-1;-1;-1;-1;0;0;1;0;0;1;-1;0;0;0;0;0;0;0;0;0;0;0;0;0;1;1;0;0;-1;-1;0;0;-1;-1;-1;-1;-1;-1;-1;-1;-1;35;45;66;83;100;42;66;100;59;9.26;3.09;3.63;3.42;Al Shabab;Al Faisaly;1.11;1.7;1;2;1.08;1.73;66;56;35;17;0;46;39;39;0;0;0;916;19;Y;N;N;N;N;N;N
272474;5071;5073;2017/2018;complete;1757;13;-1;30,74;;2;0;2;6;2;8;2;0;2;1;0;0;4;3;1;1;5;4;19;10;42;58;2;1;2.3;3.3;2.7;0;0;0;0;0;0;0;0;0;0;0;0;0;0;0;0;0;0;0;0;0;0;0;0;0;0;0;0;0;0;0;0;0;0;0;0;0;0;0;0;0;0;0;0;0;0;0;0;0;0;0;0;0;0;0;0;0;0;0;0;0;0;0;0;0;2;1;0;1;0;1;1;2017-12-09 12:10:00;5071;0;75;25;59;0;-1;1;-1;-1;-1;-1;-1;-1;1;0;1;1;1;2;-1;0;0;0;0;0;0;0;0;0;0;0;0;0;1;1;0;0;-1;-1;0;0;-1;-1;-1;-1;-1;-1;-1;-1;-1;9;42;67;75;92;25;50;84;67;8.17;2.84;4.5;3;Al Feiha;Al Batin;1.7;1.4;1.17;2.17;0.83;1.58;92;59;33;25;9;67;59;59;0;0;0;916;19;Y;Y;N;N;N;N;N
272475;5070;5075;2017/2018;complete;1757;13;-1;34,90;69;2;1;3;6;6;12;5;1;1;2;0;0;10;9;8;9;18;18;9;11;53;47;1;2;1.59;4.05;4.55;0;0;0;0;0;0;0;0;0;0;0;0;0;0;0;0;0;0;0;0;0;0;0;0;0;0;0;0;0;0;0;0;0;0;0;0;0;0;0;0;0;0;0;0;0;0;0;0;0;0;0;0;0;0;0;0;0;0;0;0;0;0;0;0;0;3;1;0;1;1;2;1;2017-12-09 16:40:00;5070;0;70;30;30;0;-1;1;-1;-1;-1;-1;-1;-1;1;1;0;1;2;1;-1;0;0;0;0;0;0;0;0;0;0;0;0;0;1;1;0;0;-1;-1;0;0;-1;-1;-1;-1;-1;-1;-1;-1;-1;20;40;50;80;90;40;80;60;40;14.4;5.6;3.8;3.2;Al Ittihad;Al Raed;0.89;0.56;0.8;0.6;1.33;0.75;80;60;50;20;10;80;60;50;0;0;0;916;19;Y;Y;Y;N;N;N;Y
272476;5068;5069;2017/2018;complete;1757;13;-1;9,19,60;67,74;3;2;5;5;6;11;1;1;2;5;0;1;7;7;3;6;10;13;11;13;47;53;2;7;3.25;3.4;2;0;0;0;0;0;0;0;0;0;0;0;0;0;0;0;0;0;0;0;0;0;0;0;0;0;0;0;0;0;0;0;0;0;0;0;0;0;0;0;0;0;0;0;0;0;0;0;0;0;0;0;0;0;0;0;0;0;0;0;0;0;0;0;0;0;5;2;0;1;2;3;2;2017-12-09 16:40:00;5068;0;64;9;10;0;-1;1;-1;-1;-1;-1;-1;-1;0;2;2;4;2;6;-1;0;0;0;0;0;0;0;0;1;0;1;0;0;1;1;1;0;-1;-1;0;0;-1;-1;-1;-1;-1;-1;-1;-1;-1;9;25;35;72;90;25;62;82;37;10.8;2.6;3.83;2.3;Al Quadisiya;Al Nassr;1.2;1.2;1.8;2;1.08;1.92;92;75;65;29;10;44;35;35;0;0;0;916;19;Y;Y;Y;Y;Y;N;Y
272477;5074;5065;2017/2018;complete;1757;13;-1;33,77,90,90;;4;0;4;4;5;9;1;1;1;2;0;0;9;6;9;7;18;13;17;11;46;54;1;2;1.83;3.5;3.75;0;0;0;0;0;0;0;0;0;0;0;0;0;0;0;0;0;0;0;0;0;0;0;0;0;0;0;0;0;0;0;0;0;0;0;0;0;0;0;0;0;0;0;0;0;0;0;0;0;0;0;0;0;0;0;0;0;0;0;0;0;0;0;0;0;4;1;0;3;0;3;1;2017-12-10 14:50:00;5074;0;70;10;50;0;-1;1;-1;-1;-1;-1;-1;-1;1;0;0;2;1;2;-1;0;0;0;0;0;0;0;1;0;1;0;0;0;1;1;0;0;-1;-1;0;0;-1;-1;-1;-1;-1;-1;-1;-1;-1;10;30;60;80;100;10;70;90;60;10.6;2.8;2.6;3;Al Taawon;Al Ittifaq;1.8;0.91;1.4;1;1.08;1;90;70;40;20;0;60;50;50;0;0;0;916;19;Y;Y;Y;Y;N;N;N
272478;5064;5066;2017/2018;complete;1757;13;-1;;;0;0;0;3;12;15;1;4;3;3;1;0;3;10;0;11;3;21;13;14;21;79;5;3;7.25;4.7;1.34;0;0;0;0;0;0;0;0;0;0;0;0;0;0;0;0;0;0;0;0;0;0;0;0;0;0;0;0;0;0;0;0;0;0;0;0;0;0;0;0;0;0;0;0;0;0;0;0;0;0;0;0;0;0;0;0;0;0;0;0;0;0;0;0;0;0;0;0;0;0;0;0;2017-12-10 16:40:00;-1;0;71;38;34;0;-1;1;-1;-1;-1;-1;-1;-1;0;0;4;3;0;7;-1;0;0;0;0;0;0;0;0;0;0;0;0;0;1;1;0;0;-1;-1;0;0;-1;-1;-1;-1;-1;-1;-1;-1;-1;29;29;71;92;100;50;75;79;42;9.67;2;4.42;3.46;Al Fateh;Al Hilal;1.2;2;1.17;2.5;1.25;2.6;71;71;29;9;0;75;63;42;0;0;0;916;19;N;N;N;N;N;N;N
272479;5063;5062;2017/2018;complete;1757;13;-1;12,77;50,70;2;2;4;4;9;13;2;4;1;5;0;0;3;7;4;4;7;11;16;13;30;70;1;5;5.9;4.1;1.45;0;0;0;0;0;0;0;0;0;0;0;0;0;0;0;0;0;0;0;0;0;0;0;0;0;0;0;0;0;0;0;0;0;0;0;0;0;0;0;0;0;0;0;0;0;0;0;0;0;0;0;0;0;0;0;0;0;0;0;0;0;0;0;0;0;4;1;0;1;2;3;1;2017-12-10 16:40:00;-1;0;72;27;25;0;-1;1;-1;-1;-1;-1;-1;-1;1;2;0;3;3;3;-1;0;0;0;0;0;0;0;0;0;0;0;0;0;1;1;0;0;-1;-1;1;0;-1;-1;-1;-1;-1;-1;-1;-1;-1;9;29;64;90;100;47;75;90;44;7.07;2.67;4.27;3.07;Ohod;Al Ahli;0.82;1.7;1.4;1.67;1;2;92;72;37;10;0;54;35;27;0;0;0;916;19;Y;Y;Y;Y;N;N;Y
272480;5075;5068;2017/2018;complete;1757;14;-1;51;77;1;1;2;5;3;8;2;0;1;2;0;0;9;2;9;5;18;7;19;9;49;51;1;2;0;0;0;0;0;0;0;0;0;0;0;0;0;0;0;0;0;0;0;0;0;0;0;0;0;0;0;0;0;0;0;0;0;0;0;0;0;0;0;0;0;0;0;0;0;0;0;0;0;0;0;0;0;0;0;0;0;0;0;0;0;0;0;0;0;0;0;0;2;0;0;1;1;2;0;2017-12-14 14:55:00;-1;0;64;22;43;0;-1;1;-1;-1;-1;-1;-1;-1;0;0;1;2;0;3;-1;0;0;0;0;0;0;0;0;0;0;0;0;0;1;1;0;0;-1;-1;0;0;-1;-1;-1;-1;-1;-1;-1;-1;-1;22;43;86;93;93;43;79;93;79;9.72;5.29;3.43;3.36;Al Raed;Al Quadisiya;0.8;0.56;0.86;0.57;0.69;1.23;79;58;14;7;7;71;64;36;0;0;0;916;19;Y;Y;N;N;N;N;Y
272481;5069;5072;2017/2018;complete;1757;14;-1;88;43;1;1;2;6;4;10;4;3;0;2;0;0;4;2;8;5;12;7;16;15;60;40;0;2;0;0;0;0;0;0;0;0;0;0;0;0;0;0;0;0;0;0;0;0;0;0;0;0;0;0;0;0;0;0;0;0;0;0;0;0;0;0;0;0;0;0;0;0;0;0;0;0;0;0;0;0;0;0;0;0;0;0;0;0;0;0;0;0;0;0;0;0;2;0;1;1;0;1;1;2017-12-14 16:40:00;-1;0;67;33;42;0;-1;1;-1;-1;-1;-1;-1;-1;0;0;0;2;0;2;-1;0;0;0;0;0;0;0;0;0;0;0;0;0;1;1;0;0;-1;-1;0;0;-1;-1;-1;-1;-1;-1;-1;-1;-1;17;50;67;75;100;42;84;83;50;10.17;3.67;4;3.09;Al Nassr;Al Faisaly;2;1.7;1.83;2.17;1.77;1.83;84;50;34;25;0;58;50;50;0;0;0;916;19;Y;Y;N;N;N;N;Y
272482;5063;5067;2017/2018;complete;1757;14;-1;;55,90;0;2;2;4;5;9;1;2;2;4;0;0;3;7;6;12;9;19;12;18;43;57;2;4;3.05;3.2;2.15;0;0;0;0;0;0;0;0;0;0;0;0;0;0;0;0;0;0;0;0;0;0;0;0;0;0;0;0;0;0;0;0;0;0;0;0;0;0;0;0;0;0;0;0;0;0;0;0;0;0;0;0;0;0;0;0;0;0;0;0;0;0;0;0;0;2;0;0;0;2;2;0;2017-12-15 15:15:00;5067;0;84;19;49;0;-1;1;-1;-1;-1;-1;-1;-1;0;1;2;3;1;5;-1;0;0;0;0;0;0;0;0;1;0;1;0;0;1;1;0;0;-1;-1;0;0;-1;-1;-1;-1;-1;-1;-1;-1;-1;10;55;64;92;100;45;80;92;67;6.27;2.17;4.93;3.2;Ohod;Al Shabab;0.82;1.5;1.33;1.2;1;1;90;45;37;9;0;65;47;47;0;0;0;916;19;Y;Y;N;N;N;N;N
272483;5062;5065;2017/2018;complete;1757;14;-1;5,48,63,84;35;4;1;5;7;2;9;1;2;3;3;0;0;9;4;9;7;18;11;20;14;65;35;3;3;1.25;5.25;9;0;0;0;0;0;0;0;0;0;0;0;0;0;0;0;0;0;0;0;0;0;0;0;0;0;0;0;0;0;0;0;0;0;0;0;0;0;0;0;0;0;0;0;0;0;0;0;0;0;0;0;0;0;0;0;0;0;0;0;0;0;0;0;0;0;5;1;1;3;0;3;2;2017-12-15 16:40:00;5062;0;50;0;34;0;-1;1;-1;-1;-1;-1;-1;-1;2;2;1;1;4;2;-1;0;0;0;0;0;0;0;0;0;0;0;0;0;1;1;1;0;-1;-1;0;0;-1;-1;-1;-1;-1;-1;-1;-1;-1;9;33;67;92;100;9;75;92;67;11.83;3.17;2.67;3.25;Al Ahli;Al Ittifaq;2.56;0.91;2.33;0.83;1.92;0.92;92;67;33;9;0;67;42;33;0;0;0;916;19;Y;Y;Y;Y;Y;N;Y
272484;5074;5064;2017/2018;complete;1757;14;-1;;;0;0;0;9;3;12;1;1;1;3;0;0;5;2;10;3;15;5;11;17;62;38;1;3;1.8;3.5;3.95;0;0;0;0;0;0;0;0;0;0;0;0;0;0;0;0;0;0;0;0;0;0;0;0;0;0;0;0;0;0;0;0;0;0;0;0;0;0;0;0;0;0;0;0;0;0;0;0;0;0;0;0;0;0;0;0;0;0;0;0;0;0;0;0;0;0;0;0;0;0;0;0;2017-12-16 12:15:00;-1;0;59;17;25;0;-1;1;-1;-1;-1;-1;-1;-1;1;0;0;3;1;3;-1;0;0;0;0;0;0;0;0;0;0;0;0;0;1;1;0;0;-1;-1;0;0;-1;-1;-1;-1;-1;-1;-1;-1;-1;9;50;59;83;92;34;83;92;34;10;3.83;3.33;3.09;Al Taawon;Al Fateh;1.8;1.44;1.67;1.33;1.23;1.23;92;50;42;17;9;59;42;42;0;0;0;916;19;N;N;N;N;N;N;N
272485;5073;5070;2017/2018;complete;1757;14;-1;21;30,84;1;2;3;7;5;12;0;4;3;0;0;0;5;8;3;7;8;15;16;8;47;53;3;0;3.45;3.45;1.91;0;0;0;0;0;0;0;0;0;0;0;0;0;0;0;0;0;0;0;0;0;0;0;0;0;0;0;0;0;0;0;0;0;0;0;0;0;0;0;0;0;0;0;0;0;0;0;0;0;0;0;0;0;0;0;0;0;0;0;0;0;0;0;0;0;3;1;1;0;1;1;2;2017-12-16 14:45:00;5070;0;69;32;30;0;-1;1;-1;-1;-1;-1;-1;-1;1;0;2;0;1;2;-1;0;0;0;0;0;0;0;1;0;0;0;1;0;1;1;0;0;-1;-1;0;0;-1;-1;-1;-1;-1;-1;-1;-1;-1;16;16;60;85;92;32;69;77;52;12.21;3.38;4.57;2.9;Al Batin;Al Ittihad;0.78;1.9;1;1.71;1.46;1.46;85;85;41;16;9;68;68;54;0;0;0;916;19;Y;Y;Y;N;N;N;Y
272486;5071;5066;2017/2018;complete;1757;14;-1;51,82;63;2;1;3;7;5;12;3;4;2;1;0;0;10;5;13;24;23;29;14;13;33;67;2;1;7.25;4.45;1.35;0;0;0;0;0;0;0;0;0;0;0;0;0;0;0;0;0;0;0;0;0;0;0;0;0;0;0;0;0;0;0;0;0;0;0;0;0;0;0;0;0;0;0;0;0;0;0;0;0;0;0;0;0;0;0;0;0;0;0;0;0;0;0;0;0;3;0;0;2;1;3;0;2017-12-17 16:40:00;5071;0;66;45;29;0;-1;1;-1;-1;-1;-1;-1;-1;0;0;2;1;0;3;-1;0;0;0;0;0;0;0;0;0;0;0;0;0;1;1;0;0;-1;-1;0;0;-1;-1;-1;-1;-1;-1;-1;-1;-1;17;32;59;83;90;55;69;80;29;10.69;3.74;4;3.15;Al Feiha;Al Hilal;1.7;2;1.43;2.2;1;2.45;83;69;42;17;10;72;62;52;0;0;0;916;19;Y;Y;Y;N;N;N;Y
272487;5072;5075;2017/2018;complete;1757;15;-1;54,90;81,88;2;2;4;4;3;7;4;2;3;2;0;0;6;4;6;6;12;10;18;24;50;50;3;2;1.87;3.45;3.7;1.01;1.15;1.53;2.3;0;0;0;0;0;0;1.56;2.4;0;0;0;0;0;0;0;0;0;0;0;0;0;0;0;0;0;0;0;0;0;0;0;0;0;0;0;0;0;0;0;0;0;0;0;0;0;0;0;0;0;0;0;0;0;0;0;0;0;0;0;0;0;4;0;0;2;2;4;0;2017-12-21 14:55:00;-1;0;67;9;33;0;-1;1;-1;-1;-1;-1;-1;-1;1;1;2;1;2;3;-1;0;0;0;0;0;0;0;0;0;0;0;0;0;1;1;0;0;-1;-1;0;1;-1;-1;-1;-1;-1;-1;-1;-1;-1;17;25;75;83;100;25;92;75;59;11.83;4;4.66;3.33;Al Faisaly;Al Raed;1.56;0.56;1.5;0.5;1.77;0.71;84;75;25;17;0;84;84;67;0;0;0;916;19;Y;Y;Y;Y;N;N;Y
272488;5068;5067;2017/2018;complete;1757;15;-1;86;49,82;1;2;3;6;7;13;0;1;0;0;0;0;6;5;6;5;12;10;8;27;57;43;0;0;2.3;3.3;2.75;1.02;1.22;1.74;2.85;0;0;0;0;0;0;1.67;2.15;0;0;0;0;0;0;0;0;0;0;0;0;0;0;0;0;0;0;0;0;0;0;0;0;0;0;0;0;0;0;0;0;0;0;0;0;0;0;0;0;0;0;0;0;0;0;0;0;0;0;0;0;0;3;0;0;1;2;3;0;2017-12-21 16:45:00;5067;0;75;9;50;0;-1;-1;-1;-1;-1;-1;-1;-1;0;0;0;0;0;0;-1;0;0;0;0;0;0;0;0;0;0;0;0;0;1;1;0;0;-1;-1;-1;-1;-1;-1;-1;-1;-1;-1;-1;-1;-1;17;34;42;84;92;25;50;92;75;8.66;2.67;4.83;2.67;Al Quadisiya;Al Shabab;1.2;1.5;2;1.5;1.21;1.14;83;67;59;17;9;58;42;42;0;0;0;916;19;Y;Y;Y;N;N;N;Y
272489;5063;5073;2017/2018;complete;1757;15;-1;82;72;1;1;2;8;2;10;3;2;3;5;0;0;8;7;5;4;13;11;16;12;50;50;3;5;2.4;3.25;2.65;0;0;0;0;0;0;0;0;0;0;0;0;0;0;0;0;0;0;0;0;0;0;0;0;0;0;0;0;0;0;0;0;0;0;0;0;0;0;0;0;0;0;0;0;0;0;0;0;0;0;0;0;0;0;0;0;0;0;0;0;0;0;0;0;0;2;0;0;1;1;2;0;2017-12-22 12:40:00;-1;0;57;14;29;0;-1;1;-1;-1;-1;-1;-1;-1;1;0;2;5;1;7;-1;0;0;0;0;0;0;0;0;0;0;0;0;0;1;1;0;0;-1;-1;0;0;-1;-1;-1;-1;-1;-1;-1;-1;-1;0;36;57;79;93;29;72;79;50;6.72;1.71;4.58;2.65;Ohod;Al Batin;0.82;1.4;1.14;1.86;0.93;1.36;100;64;43;22;7;64;43;43;0;0;0;916;19;Y;Y;N;N;N;N;Y
272490;5065;5069;2017/2018;complete;1757;15;-1;41,53,70;56,72;3;2;5;3;8;11;6;7;3;1;0;0;5;5;4;6;9;11;17;9;37;63;3;1;3.45;3.75;1.83;0;0;0;0;0;0;0;0;0;0;0;0;0;0;0;0;0;0;0;0;0;0;0;0;0;0;0;0;0;0;0;0;0;0;0;0;0;0;0;0;0;0;0;0;0;0;0;0;0;0;0;0;0;0;0;0;0;0;0;0;0;0;0;0;0;5;1;0;2;2;4;1;2017-12-22 17:30:00;5065;0;77;24;32;0;-1;1;-1;-1;-1;-1;-1;-1;1;0;2;1;1;3;-1;0;0;0;0;0;0;0;0;0;0;0;0;0;1;1;0;0;-1;-1;0;0;-1;-1;-1;-1;-1;-1;-1;-1;-1;23;45;70;93;100;54;85;85;63;9;2.67;5.07;3.31;Al Ittifaq;Al Nassr;1.25;1.2;1;1.71;0.85;1.71;77;55;30;7;0;69;62;45;0;0;0;916;19;Y;Y;Y;Y;Y;N;Y
272491;5064;5062;2017/2018;complete;1757;15;-1;18;9,31,38;1;3;4;4;2;6;0;1;1;4;0;0;4;6;9;2;13;8;13;13;53;47;1;4;4.55;4.05;1.59;0;0;0;0;0;0;0;0;0;0;0;0;0;0;0;0;0;0;0;0;0;0;0;0;0;0;0;0;0;0;0;0;0;0;0;0;0;0;0;0;0;0;0;0;0;0;0;0;0;0;0;0;0;0;0;0;0;0;0;0;0;0;0;0;0;4;1;3;0;0;0;4;2017-12-23 16:45:00;5062;0;72;15;57;0;-1;1;-1;-1;-1;-1;-1;-1;0;2;1;2;2;3;-1;0;0;0;0;0;0;0;2;0;1;0;1;0;1;1;0;1;-1;-1;0;0;-1;-1;-1;-1;-1;-1;-1;-1;-1;22;29;64;86;93;15;50;86;71;9.72;3;5.14;3.07;Al Fateh;Al Ahli;1.2;1.7;1.14;1.57;1.21;2;79;71;36;15;7;64;57;43;0;0;0;916;19;Y;Y;Y;Y;N;N;Y
272492;5066;5074;2017/2018;complete;1757;15;-1;55;;1;0;1;8;4;12;3;1;1;2;0;0;11;6;14;10;25;16;13;18;63;37;1;2;1.39;4.65;6;0;0;0;0;0;0;0;0;0;0;0;0;0;0;0;0;0;0;0;0;0;0;0;0;0;0;0;0;0;0;0;0;0;0;0;0;0;0;0;0;0;0;0;0;0;0;0;0;0;0;0;0;0;0;0;0;0;0;0;0;0;0;0;0;0;1;0;0;1;0;1;0;2017-12-24 16:45:00;5066;0;77;23;54;0;-1;1;-1;-1;-1;-1;-1;-1;1;0;0;2;1;2;-1;0;0;0;0;0;0;0;0;0;0;0;0;0;1;1;0;0;-1;-1;0;0;-1;-1;-1;-1;-1;-1;-1;-1;-1;7;15;54;85;100;30;45;100;62;10.04;4.31;3.47;2.6;Al Hilal;Al Taawon;2.4;1;2.67;0.86;2.25;1.21;93;86;47;16;0;56;24;16;0;0;0;916;19;Y;N;N;N;N;N;N
272493;5070;5071;2017/2018;complete;1757;15;-1;;74;0;1;1;6;5;11;2;0;2;5;0;0;7;5;10;14;17;19;12;16;56;44;2;5;1.74;4.15;3.55;0;0;0;0;0;0;0;0;0;0;0;0;0;0;0;0;0;0;0;0;0;0;0;0;0;0;0;0;0;0;0;0;0;0;0;0;0;0;0;0;0;0;0;0;0;0;0;0;0;0;0;0;0;0;0;0;0;0;0;0;0;0;0;0;0;1;0;0;0;1;1;0;2017-12-24 16:45:00;5071;0;83;25;42;0;-1;1;-1;-1;-1;-1;-1;-1;0;2;2;3;2;5;-1;0;0;0;0;0;0;0;0;0;0;0;0;0;1;1;0;0;-1;-1;0;0;-1;-1;-1;-1;-1;-1;-1;-1;-1;0;25;50;92;92;25;75;84;50;14.67;5.16;4.33;2.59;Al Ittihad;Al Feiha;0.89;1;1.17;0.5;1.57;1.14;100;75;50;9;9;84;59;59;0;0;0;916;19;Y;N;N;N;N;N;N
272494;5073;5067;2017/2018;complete;1757;16;-1;;17;0;1;1;6;2;8;0;3;4;3;0;0;5;5;6;5;11;10;15;23;53;47;4;3;0;0;0;0;0;0;0;0;0;0;0;0;0;0;0;0;0;0;0;0;0;0;0;0;0;0;0;0;0;0;0;0;0;0;0;0;0;0;0;0;0;0;0;0;0;0;0;0;0;0;0;0;0;0;0;0;0;0;0;0;0;0;0;0;0;0;0;0;1;0;1;0;0;0;1;2017-12-27 14:50:00;5067;0;79;36;43;0;-1;1;-1;-1;-1;-1;-1;-1;1;0;3;3;1;6;-1;0;0;0;0;0;0;0;0;0;0;0;0;0;1;1;0;0;-1;-1;0;0;-1;-1;-1;-1;-1;-1;-1;-1;-1;14;29;50;93;93;43;57;86;57;10;2.57;4.57;2.86;Al Batin;Al Shabab;0.78;1.5;0.86;1.71;1.33;1.27;86;72;50;7;7;72;57;57;0;0;0;916;19;Y;N;N;N;N;N;N
272495;5068;5065;2017/2018;complete;1757;16;-1;36;3,85;1;2;3;0;3;3;3;0;2;4;0;0;5;4;3;3;8;7;8;22;53;47;2;4;2.25;3.25;2.85;0;0;0;0;0;0;0;0;0;0;1.77;2;0;0;0;0;0;0;0;0;0;0;0;0;0;0;0;0;0;0;0;0;0;0;0;0;0;0;0;0;0;0;0;0;0;0;0;0;0;0;0;0;0;0;0;0;0;0;0;0;0;0;0;0;0;3;1;1;0;1;1;2;2018-02-21 17:20:00;5065;0;73;5;45;0;-1;1;-1;-1;-1;-1;-1;-1;1;1;1;3;2;4;-1;0;0;0;0;0;0;0;0;0;0;0;0;0;1;1;0;1;-1;-1;0;0;-1;-1;-1;-1;-1;-1;-1;-1;-1;18;33;55;83;94;18;60;89;72;8.9;2.13;3.75;2.82;Al Quadisiya;Al Ittifaq;1.2;0.91;1.5;0.7;1;0.94;83;68;45;18;7;54;39;39;0;0;0;916;19;Y;Y;Y;N;N;N;Y
272496;5063;5066;2017/2018;complete;1757;16;-1;88;11,51,85,86;1;4;5;2;5;7;2;0;1;2;0;0;6;7;3;3;9;10;11;17;26;74;1;2;0;0;0;0;0;0;0;0;0;0;0;0;0;0;0;0;0;0;0;0;0;0;0;0;0;0;0;0;0;0;0;0;0;0;0;0;0;0;0;0;0;0;0;0;0;0;0;0;0;0;0;0;0;0;0;0;0;0;0;0;0;0;0;0;0;0;0;0;5;0;1;1;3;4;1;2017-12-28 12:45:00;5066;0;65;32;21;0;-1;1;-1;-1;-1;-1;-1;-1;0;0;1;2;0;3;-1;0;0;0;0;0;0;0;0;1;0;1;0;0;1;1;0;0;-1;-1;0;0;-1;-1;-1;-1;-1;-1;-1;-1;-1;9;28;59;86;92;53;71;78;34;9.67;3.38;4.21;2.88;Ohod;Al Hilal;0.82;2;1.13;1.83;0.93;2.31;92;73;42;15;9;82;61;46;0;0;0;916;19;Y;Y;Y;Y;Y;N;Y
272497;5075;5064;2017/2018;complete;1757;16;-1;44,45;19,82;2;2;4;7;1;8;6;0;2;1;0;0;6;11;12;6;18;17;12;18;52;48;2;1;2.3;3.3;2.75;1.02;1.25;1.83;3.1;0;0;0;0;0;0;1.74;2.05;0;0;0;0;0;0;0;0;0;0;0;0;0;0;0;0;0;0;0;0;0;0;0;0;0;0;0;0;0;0;0;0;0;0;0;0;0;0;0;0;0;0;0;0;0;0;0;0;0;0;0;0;0;4;2;1;0;1;1;3;2017-12-28 12:20:00;-1;0;53;20;32;0;-1;1;-1;-1;-1;-1;-1;-1;1;1;1;0;2;1;-1;0;0;0;0;0;0;0;0;1;0;1;0;0;1;1;0;0;-1;-1;0;1;-1;-1;-1;-1;-1;-1;-1;-1;-1;13;53;59;86;86;47;73;86;51;9.81;5.84;3.93;2.96;Al Raed;Al Fateh;0.8;1.44;0.88;1.29;0.73;1.13;88;48;41;15;15;60;47;34;0;0;0;916;19;Y;Y;Y;Y;N;N;Y
272498;5070;5072;2017/2018;complete;1757;16;-1;12,32,64;17,51,59;3;3;6;3;4;7;2;0;1;0;0;0;12;6;10;3;22;9;14;10;52;48;1;0;0;0;0;0;0;0;0;0;0;0;0;0;0;0;0;0;0;0;0;0;0;0;0;0;0;0;0;0;0;0;0;0;0;0;0;0;0;0;0;0;0;0;0;0;0;0;0;0;0;0;0;0;0;0;0;0;0;0;0;0;0;0;0;0;0;0;0;0;6;2;1;1;2;3;3;2017-12-28 17:20:00;-1;0;64;29;36;0;-1;1;-1;-1;-1;-1;-1;-1;1;0;0;0;1;0;-1;0;0;0;0;0;0;0;1;1;1;0;0;1;1;1;0;0;-1;-1;0;0;-1;-1;-1;-1;-1;-1;-1;-1;-1;15;36;43;71;93;29;64;79;43;12.71;4.85;3.72;2.58;Al Ittihad;Al Faisaly;0.89;1.7;1;2;1.47;1.71;86;64;57;29;7;72;57;50;0;0;0;916;19;Y;Y;Y;Y;Y;Y;Y
272499;5074;5071;2017/2018;complete;1757;16;-1;26,33,55,68;;4;0;4;2;8;10;1;2;3;2;0;0;13;11;9;16;22;27;14;15;43;57;3;2;1.8;3.6;3.7;1.02;1.24;1.8;3;0;0;0;0;0;0;1.8;2;0;0;0;0;0;0;0;0;0;0;0;0;0;0;0;0;0;0;0;0;0;0;0;0;0;0;0;0;0;0;0;0;0;0;0;0;0;0;0;0;0;0;0;0;0;0;0;0;0;0;0;0;0;4;2;0;2;0;2;2;2017-12-29 12:20:00;5074;0;64;14;29;0;-1;1;-1;-1;-1;-1;-1;-1;0;0;3;2;0;5;-1;0;0;0;0;0;0;0;0;1;0;0;0;1;1;1;0;0;-1;-1;0;0;-1;-1;-1;-1;-1;-1;-1;-1;-1;7;29;50;79;93;14;71;93;43;11.86;3.43;3.86;2.72;Al Taawon;Al Feiha;1.8;1;1.57;0.86;1.13;1.27;93;72;50;22;7;71;57;57;0;0;0;916;19;Y;Y;Y;Y;N;N;N
272500;5069;5062;2017/2018;complete;1757;16;-1;36,61,76;59;3;1;4;5;7;12;1;1;1;3;0;0;16;4;6;8;22;12;7;4;43;57;1;3;2.7;3.4;2.25;1;1.13;1.49;2.25;0;0;0;0;0;0;1.49;2.55;0;0;0;0;0;0;0;0;0;0;0;0;0;0;0;0;0;0;0;0;0;0;0;0;0;0;0;0;0;0;0;0;0;0;0;0;0;0;0;0;0;0;0;0;0;0;0;0;0;0;0;0;0;4;1;0;2;1;3;1;2017-12-29 16:50:00;5069;0;87;34;47;0;-1;1;-1;-1;-1;-1;-1;-1;0;0;1;3;0;4;-1;0;0;0;0;0;0;0;0;0;0;0;0;0;1;1;0;0;-1;-1;0;0;-1;-1;-1;-1;-1;-1;-1;-1;-1;7;41;73;93;100;41;82;87;53;10.45;4.31;4.24;3.25;Al Nassr;Al Ahli;2;1.7;1.71;1.75;1.6;2.07;94;60;27;7;0;75;61;48;0;0;0;916;19;Y;Y;Y;Y;N;N;Y
272501;5072;5066;2017/2018;complete;1757;10;-1;32;73;1;1;2;4;10;14;1;1;1;3;0;0;6;6;3;9;9;15;15;19;32;68;1;3;0;0;0;0;0;0;0;0;0;0;0;0;0;0;0;0;0;0;0;0;0;0;0;0;0;0;0;0;0;0;0;0;0;0;0;0;0;0;0;0;0;0;0;0;0;0;0;0;0;0;0;0;0;0;0;0;0;0;0;0;0;0;0;0;0;0;0;0;2;1;0;0;1;1;1;2018-01-01 16:50:00;-1;0;71;22;36;0;-1;1;-1;-1;-1;-1;-1;-1;0;1;1;2;1;3;-1;0;0;0;0;0;0;0;0;1;0;1;0;0;1;1;0;0;-1;-1;0;0;-1;-1;-1;-1;-1;-1;-1;-1;-1;15;29;79;86;93;36;71;79;50;12;3.71;4.72;3.15;Al Faisaly;Al Hilal;1.56;2;1.43;2;1.67;2.36;86;71;22;14;7;86;79;64;0;0;0;916;19;Y;Y;N;N;N;N;Y
272502;5066;5065;2017/2018;complete;1757;11;-1;45;49;1;1;2;12;0;12;2;0;1;3;0;0;10;8;12;3;22;11;10;13;67;33;1;3;0;0;0;0;0;0;0;0;0;0;0;0;0;0;0;0;0;0;0;0;0;0;0;0;0;0;0;0;0;0;0;0;0;0;0;0;0;0;0;0;0;0;0;0;0;0;0;0;0;0;0;0;0;0;0;0;0;0;0;0;0;0;0;0;0;0;0;0;2;1;0;0;1;1;1;2018-01-08 16:55:00;-1;0;57;14;43;0;-1;1;-1;-1;-1;-1;-1;-1;1;1;0;2;2;2;-1;0;0;0;0;0;0;0;0;0;0;0;0;0;1;1;0;0;-1;-1;0;0;-1;-1;-1;-1;-1;-1;-1;-1;-1;7;22;57;79;100;14;50;93;72;12;3.15;3.15;2.64;Al Hilal;Al Ittifaq;2.4;0.91;2.71;0.71;2.27;1;93;79;43;22;0;79;36;29;0;0;0;916;19;Y;Y;N;N;N;N;Y
272503;5064;5063;2017/2018;complete;1757;17;-1;;;0;0;0;7;1;8;0;1;0;2;0;0;4;5;7;4;11;9;15;13;64;36;0;2;1.91;3.45;3.5;0;0;0;0;0;0;0;0;0;0;0;0;0;0;0;0;0;0;0;0;0;0;0;0;0;0;0;0;0;0;0;0;0;0;0;0;0;0;0;0;0;0;0;0;0;0;0;0;0;0;0;0;0;0;0;0;0;0;0;0;0;0;0;0;0;0;0;0;0;0;0;0;2018-01-11 12:10:00;-1;0;60;14;47;0;-1;1;-1;-1;-1;-1;-1;-1;0;1;0;1;1;1;-1;0;0;0;0;0;0;0;0;0;0;0;0;0;1;1;0;0;-1;-1;0;0;-1;-1;-1;-1;-1;-1;-1;-1;-1;13;41;60;73;94;14;61;82;53;8.52;2.74;4.75;2.8;Al Fateh;Ohod;1.2;0.75;1;0.71;1.13;0.88;88;60;41;27;7;68;61;48;0;0;0;916;19;N;N;N;N;N;N;N
272504;5071;5069;2017/2018;complete;1757;17;-1;23;;1;0;1;2;4;6;2;2;0;1;0;0;4;5;6;7;10;12;17;12;39;61;0;1;3.45;3.45;1.91;0;0;0;0;0;0;0;0;0;0;0;0;0;0;0;0;0;0;0;0;0;0;0;0;0;0;0;0;0;0;0;0;0;0;0;0;0;0;0;0;0;0;0;0;0;0;0;0;0;0;0;0;0;0;0;0;0;0;0;0;0;0;0;0;0;1;1;0;0;0;0;1;2018-01-11 17:00:00;5071;0;75;19;44;0;-1;1;-1;-1;-1;-1;-1;-1;0;1;0;0;1;0;-1;0;0;0;0;0;0;0;0;0;0;0;0;0;1;1;0;0;-1;-1;0;0;-1;-1;-1;-1;-1;-1;-1;-1;-1;26;51;63;88;100;38;69;94;57;10.88;4;4.38;3.38;Al Feiha;Al Nassr;1.7;1.2;1.63;1.5;1.19;1.69;76;51;38;13;0;63;57;57;0;0;0;916;19;Y;N;N;N;N;N;N
272505;5074;5075;2017/2018;complete;1757;17;-1;5,88;6,35;2;2;4;7;6;13;2;4;2;3;0;1;4;7;11;3;15;10;13;15;60;40;2;4;1.8;3.65;3.65;0;0;0;0;0;0;0;0;0;0;0;0;0;0;0;0;0;0;0;0;0;0;0;0;0;0;0;0;0;0;0;0;0;0;0;0;0;0;0;0;0;0;0;0;0;0;0;0;0;0;0;0;0;0;0;0;0;0;0;0;0;0;0;0;0;4;1;2;1;0;1;3;2018-01-12 15:15:00;-1;0;61;14;34;0;-1;1;-1;-1;-1;-1;-1;-1;1;1;1;3;2;4;-1;0;0;0;0;0;0;0;1;0;1;0;0;0;1;1;1;1;-1;-1;0;1;-1;-1;-1;-1;-1;-1;-1;-1;-1;21;47;67;81;94;27;81;80;54;10.52;4.04;3.11;3.5;Al Taawon;Al Raed;1.8;0.56;1.75;0.57;1.25;0.75;80;54;34;20;7;66;60;47;0;0;0;916;19;Y;Y;Y;Y;N;N;Y
272506;5062;5073;2017/2018;complete;1757;17;-1;2,22,26,42,82;;5;0;5;9;7;16;6;3;0;0;0;0;12;4;0;4;12;8;8;9;59;41;0;0;1.34;4.9;6.8;0;0;0;0;0;0;0;0;0;0;0;0;0;0;0;0;0;0;0;0;0;0;0;0;0;0;0;0;0;0;0;0;0;0;0;0;0;0;0;0;0;0;0;0;0;0;0;0;0;0;0;0;0;0;0;0;0;0;0;0;0;0;0;0;0;5;4;0;1;0;1;4;2018-01-12 17:00:00;5062;0;60;14;32;0;-1;-1;-1;-1;-1;-1;-1;-1;0;0;0;0;0;0;-1;0;0;0;0;0;0;0;1;0;1;0;0;0;1;1;1;0;-1;-1;-1;-1;-1;-1;-1;-1;-1;-1;-1;-1;-1;15;34;61;88;94;21;68;88;60;10.49;3.04;3.92;3.12;Al Ahli;Al Batin;2.56;1.4;2.43;1.75;1.94;1.25;86;66;40;13;7;73;53;40;0;0;0;916;19;Y;Y;Y;Y;Y;N;N
272507;5072;5068;2017/2018;complete;1757;17;-1;70,82;;2;0;2;2;3;5;1;0;2;1;0;0;3;4;7;8;10;12;18;14;46;54;2;1;2.1;3.4;2.9;0;0;0;0;0;0;0;0;0;0;0;0;0;0;0;0;0;0;0;0;0;0;0;0;0;0;0;0;0;0;0;0;0;0;0;0;0;0;0;0;0;0;0;0;0;0;0;0;0;0;0;0;0;0;0;0;0;0;0;0;0;0;0;0;0;2;0;0;2;0;2;0;2018-01-13 12:25:00;5072;0;75;7;44;0;-1;1;-1;-1;-1;-1;-1;-1;2;0;0;1;2;1;-1;0;0;0;0;0;0;0;0;0;0;0;0;0;1;1;0;0;-1;-1;0;0;-1;-1;-1;-1;-1;-1;-1;-1;-1;7;19;75;88;94;19;69;88;69;9.88;2.63;4.51;2.82;Al Faisaly;Al Quadisiya;1.56;0.56;1.38;0.63;1.63;1.13;94;82;25;13;7;76;76;57;0;0;0;916;19;Y;Y;N;N;N;N;N
272508;5066;5070;2017/2018;complete;1757;17;-1;57;63;1;1;2;9;8;17;1;2;3;1;0;0;13;12;12;6;25;18;10;11;56;44;3;1;1.57;3.95;4.55;0;0;0;0;0;0;0;0;0;0;0;0;0;0;0;0;0;0;0;0;0;0;0;0;0;0;0;0;0;0;0;0;0;0;0;0;0;0;0;0;0;0;0;0;0;0;0;0;0;0;0;0;0;0;0;0;0;0;0;0;0;0;0;0;0;2;0;0;1;1;2;0;2018-01-13 17:00:00;-1;0;69;19;38;0;-1;1;-1;-1;-1;-1;-1;-1;0;0;3;1;0;4;-1;0;0;0;0;0;0;0;0;0;0;0;0;0;1;1;0;0;-1;-1;0;0;-1;-1;-1;-1;-1;-1;-1;-1;-1;7;7;63;82;100;19;57;94;63;14.5;4.25;3.5;2.69;Al Hilal;Al Ittihad;2.4;1.9;2.5;1.88;2.19;1.44;94;94;38;19;0;88;69;51;0;0;0;916;19;Y;Y;N;N;N;N;Y
272509;5067;5065;2017/2018;complete;1757;17;-1;55,85,90;27;3;1;4;5;8;13;1;0;0;3;0;0;12;6;8;6;20;12;6;6;51;49;0;3;1.91;3.35;3.5;0;0;0;0;0;0;0;0;0;0;0;0;0;0;0;0;0;0;0;0;0;0;0;0;0;0;0;0;0;0;0;0;0;0;0;0;0;0;0;0;0;0;0;0;0;0;0;0;0;0;0;0;0;0;0;0;0;0;0;0;0;0;0;0;0;4;0;1;3;0;3;1;2018-01-14 15:05:00;5067;0;69;19;38;0;-1;1;-1;-1;-1;-1;-1;-1;0;2;0;1;2;1;-1;0;0;0;0;0;0;0;0;0;0;0;0;0;1;1;0;0;-1;-1;0;0;-1;-1;-1;-1;-1;-1;-1;-1;-1;19;32;63;82;100;26;75;88;63;9.25;2;3.38;3.07;Al Shabab;Al Ittifaq;1.11;0.91;0.88;0.75;1.38;1;82;69;38;19;0;75;51;51;0;0;0;916;19;Y;Y;Y;Y;N;N;Y
272510;5063;5071;2017/2018;complete;1757;18;-1;31,50;4,59,66;2;3;5;5;7;12;4;0;2;2;0;0;4;7;6;2;10;9;14;12;45;55;2;2;0;0;0;0;0;0;0;0;0;0;0;0;0;0;0;0;0;0;0;0;0;0;0;0;0;0;0;0;0;0;0;0;0;0;0;0;0;0;0;0;0;0;0;0;0;0;0;0;0;0;0;0;0;0;0;0;0;0;0;0;0;0;0;0;0;0;0;0;5;1;1;1;2;3;2;2018-03-06 16:10:00;5071;0;62;12;28;0;-1;1;-1;-1;-1;-1;-1;-1;1;1;1;1;2;2;-1;0;0;0;0;0;0;0;1;0;1;0;0;0;1;1;0;1;-1;-1;0;0;-1;-1;-1;-1;-1;-1;-1;-1;-1;5;33;50;84;100;28;73;95;50;9.85;3.33;4.95;2.72;Ohod;Al Feiha;0.82;1;0.9;0.75;0.83;1.28;95;68;50;17;0;68;52;35;0;0;0;916;19;Y;Y;Y;Y;Y;N;Y
272511;5065;5072;2017/2018;complete;1757;18;-1;;;0;0;0;4;3;7;4;2;2;3;0;0;3;2;5;4;8;6;15;17;50;50;2;3;0;0;0;0;0;0;0;0;0;0;0;0;0;0;0;0;0;0;0;0;0;0;0;0;0;0;0;0;0;0;0;0;0;0;0;0;0;0;0;0;0;0;0;0;0;0;0;0;0;0;0;0;0;0;0;0;0;0;0;0;0;0;0;0;0;0;0;0;0;0;0;0;0;0;0;2018-03-06 15:25:00;-1;0;77;31;51;0;-1;1;-1;-1;-1;-1;-1;-1;1;1;1;2;2;3;-1;0;0;0;0;0;0;0;0;0;0;0;0;0;1;1;0;0;-1;-1;0;0;-1;-1;-1;-1;-1;-1;-1;-1;-1;31;50;71;89;100;38;82;88;71;7.22;4.18;4.13;3.45;Al Ittifaq;Al Faisaly;1.25;1.7;1.29;1.78;1.06;1.67;69;51;29;11;0;52;52;33;0;0;0;916;19;N;N;N;N;N;N;N
272512;5070;5074;2017/2018;complete;1757;18;-1;5,62;9,13,39,77,90;2;5;7;9;5;14;2;1;1;2;0;0;7;10;7;3;14;13;12;16;57;43;1;2;0;0;0;0;0;0;0;0;0;0;0;0;0;0;0;0;0;0;0;0;0;0;0;0;0;0;0;0;0;0;0;0;0;0;0;0;0;0;0;0;0;0;0;0;0;0;0;0;0;0;0;0;0;0;0;0;0;0;0;0;0;0;0;0;0;0;0;0;7;1;3;1;2;3;4;2018-03-05 17:30:00;5074;0;75;32;50;0;-1;1;-1;-1;-1;-1;-1;-1;0;0;1;2;0;3;-1;0;0;0;0;0;0;0;0;0;0;0;0;0;1;1;1;1;-1;-1;0;0;-1;-1;-1;-1;-1;-1;-1;-1;-1;13;32;50;75;94;38;57;88;50;10.38;5;3.88;2.69;Al Ittihad;Al Taawon;0.89;1;1;0.75;1.5;1.33;88;69;50;25;7;63;44;44;0;0;0;916;19;Y;Y;Y;Y;Y;Y;Y
272513;5075;5062;2017/2018;complete;1757;18;-1;;60,65,76;0;3;3;4;5;9;2;0;1;1;0;0;3;6;9;5;12;11;11;12;45;55;1;1;3.55;3.75;1.83;1.01;1.12;1.43;2.1;0;0;0;0;0;0;1.49;2.55;0;0;0;0;0;0;0;0;0;0;0;0;0;0;0;0;0;0;0;0;0;0;0;0;0;0;0;0;0;0;0;0;0;0;0;0;0;0;0;0;0;0;0;0;0;0;0;0;0;0;0;0;0;3;0;0;0;3;3;0;2018-03-16 17:30:00;5062;0;78;33;50;0;-1;1;-1;-1;-1;-1;-1;-1;1;0;0;1;1;1;-1;0;0;0;0;0;0;0;0;0;0;0;0;0;1;1;0;0;-1;-1;0;0;-1;-1;-1;-1;-1;-1;-1;-1;-1;17;56;78;100;100;45;73;95;73;10.67;6.11;4;3.62;Al Raed;Al Ahli;0.8;1.7;0.89;1.56;0.72;2.06;84;45;22;0;0;62;50;33;0;0;0;916;19;Y;Y;Y;N;N;N;N
272514;5069;5067;2017/2018;complete;1757;18;-1;83;;1;0;1;2;5;7;2;2;0;2;0;0;11;8;20;10;31;18;6;7;47;53;0;2;1.77;3.7;3.9;1.01;1.18;1.62;2.55;0;0;0;0;0;0;1.67;2.15;0;0;0;0;0;0;0;0;0;0;0;0;0;0;0;0;0;0;0;0;0;0;0;0;0;0;0;0;0;0;0;0;0;0;0;0;0;0;0;0;0;0;0;0;0;0;0;0;0;0;0;0;0;1;0;0;1;0;1;0;2018-03-07 17:30:00;5069;0;83;24;53;0;-1;1;-1;-1;-1;-1;-1;-1;0;0;0;2;0;2;-1;0;0;0;0;0;0;0;0;0;0;0;0;0;1;1;0;0;-1;-1;0;0;-1;-1;-1;-1;-1;-1;-1;-1;-1;11;47;66;89;100;36;78;89;70;9.39;3.81;4.42;3.12;Al Nassr;Al Shabab;2;1.5;1.88;1.67;1.5;1.39;89;53;35;12;0;78;60;54;0;0;0;916;19;Y;N;N;N;N;N;N
272515;5064;5073;2017/2018;complete;1757;18;-1;20,73,82,85,90;2,42;5;2;7;12;2;14;1;1;0;1;0;0;6;4;11;4;17;8;6;11;62;38;0;1;0;0;0;0;0;0;0;0;0;0;0;0;0;0;0;0;0;0;0;0;0;0;0;0;0;0;0;0;0;0;0;0;0;0;0;0;0;0;0;0;0;0;0;0;0;0;0;0;0;0;0;0;0;0;0;0;0;0;0;0;0;0;0;0;0;0;0;0;7;1;2;4;0;4;3;2018-03-06 15:25:00;5064;0;56;11;44;0;-1;1;-1;-1;-1;-1;-1;-1;0;0;0;1;0;1;-1;0;0;0;0;0;0;0;0;0;0;0;0;0;1;1;0;1;-1;-1;0;0;-1;-1;-1;-1;-1;-1;-1;-1;-1;17;33;56;73;84;17;50;67;56;8.67;1.78;4.77;2.62;Al Fateh;Al Batin;1.2;1.4;1;1.56;1.22;1.17;84;67;44;28;17;61;56;45;0;0;0;916;19;Y;Y;Y;Y;Y;Y;Y
272516;5068;5066;2017/2018;complete;1757;18;-1;;36;0;1;1;6;4;10;4;3;4;2;0;0;6;7;13;17;19;24;9;22;47;53;4;2;6.05;4.45;1.41;1;1.16;1.54;2.35;0;0;0;0;0;0;1.77;2.05;0;0;0;0;0;0;0;0;0;0;0;0;0;0;0;0;0;0;0;0;0;0;0;0;0;0;0;0;0;0;0;0;0;0;0;0;0;0;0;0;0;0;0;0;0;0;0;0;0;0;0;0;0;1;0;1;0;0;0;1;2018-03-16 17:30:00;5066;0;77;25;35;0;-1;1;-1;-1;-1;-1;-1;-1;1;0;3;2;1;5;-1;0;0;0;0;0;0;0;0;1;0;0;0;1;1;1;0;0;-1;-1;0;0;-1;-1;-1;-1;-1;-1;-1;-1;-1;24;24;60;83;89;42;66;82;41;10.5;2.96;3.78;2.9;Al Quadisiya;Al Hilal;1.2;2;1.33;1.88;0.94;2.17;77;77;41;18;12;61;54;48;0;0;0;916;19;Y;N;N;N;N;N;N
272517;5073;5065;2017/2018;complete;1757;19;-1;90;67;1;1;2;4;4;8;0;4;0;1;0;0;7;4;3;5;10;9;14;11;54;46;0;1;0;0;0;0;0;0;0;0;0;0;0;0;0;0;0;0;0;0;0;0;0;0;0;0;0;0;0;0;0;0;0;0;0;0;0;0;0;0;0;0;0;0;0;0;0;0;0;0;0;0;0;0;0;0;0;0;0;0;0;0;0;0;0;0;0;0;0;0;2;0;0;1;1;2;0;2018-01-26 12:30:00;-1;0;65;31;23;0;-1;1;-1;-1;-1;-1;-1;-1;0;0;0;1;0;1;-1;0;0;0;0;0;0;0;0;0;0;0;0;0;1;1;0;0;-1;-1;0;0;-1;-1;-1;-1;-1;-1;-1;-1;-1;12;29;53;82;94;31;77;76;46;10.19;1.92;4.49;2.75;Al Batin;Al Ittifaq;0.78;0.91;0.75;0.67;1.18;0.94;89;72;48;18;7;64;47;47;0;0;0;916;19;Y;Y;N;N;N;N;Y
272518;5071;5072;2017/2018;complete;1757;19;-1;24,77;84,86;2;2;4;5;2;7;1;5;3;1;0;0;4;3;7;5;11;8;13;13;46;54;3;1;0;0;0;0;0;0;0;0;0;0;0;0;0;0;0;0;0;0;0;0;0;0;0;0;0;0;0;0;0;0;0;0;0;0;0;0;0;0;0;0;0;0;0;0;0;0;0;0;0;0;0;0;0;0;0;0;0;0;0;0;0;0;0;0;0;0;0;0;4;1;0;1;2;3;1;2018-01-26 15:20:00;-1;0;65;30;47;0;-1;1;-1;-1;-1;-1;-1;-1;2;0;1;1;2;2;-1;0;0;0;0;0;0;0;0;0;0;0;0;0;1;1;0;0;-1;-1;0;0;-1;-1;-1;-1;-1;-1;-1;-1;-1;25;42;53;77;100;30;66;89;53;8.83;3.72;3.41;3.13;Al Feiha;Al Faisaly;1.7;1.7;1.78;1.88;1.29;1.71;76;59;47;24;0;41;41;35;0;0;0;916;19;Y;Y;Y;Y;N;N;Y
272519;5066;5075;2017/2018;complete;1757;19;-1;52,79;13;2;1;3;15;5;20;7;0;2;2;0;0;2;4;6;6;8;10;15;20;60;40;2;2;0;0;0;0;0;0;0;0;0;0;0;0;0;0;0;0;0;0;0;0;0;0;0;0;0;0;0;0;0;0;0;0;0;0;0;0;0;0;0;0;0;0;0;0;0;0;0;0;0;0;0;0;0;0;0;0;0;0;0;0;0;0;0;0;0;0;0;0;3;0;1;2;0;2;1;2018-01-26 17:10:00;5066;0;71;18;41;0;-1;1;-1;-1;-1;-1;-1;-1;2;1;0;1;3;1;-1;0;0;0;0;0;0;0;0;0;0;0;0;0;1;1;0;0;-1;-1;0;0;-1;-1;-1;-1;-1;-1;-1;-1;-1;13;25;54;83;100;25;61;88;53;13.36;4.61;3.57;3;Al Hilal;Al Raed;2.4;0.56;2.33;0.63;2.12;0.76;88;75;46;18;0;76;60;47;0;0;0;916;19;Y;Y;Y;N;N;N;Y
272520;5062;5067;2017/2018;complete;1757;19;-1;40,87,90;12,14;3;2;5;2;3;5;2;3;3;4;0;0;7;10;2;5;9;15;17;13;58;42;3;4;0;0;0;0;0;0;0;0;0;0;0;0;0;0;0;0;0;0;0;0;0;0;0;0;0;0;0;0;0;0;0;0;0;0;0;0;0;0;0;0;0;0;0;0;0;0;0;0;0;0;0;0;0;0;0;0;0;0;0;0;0;0;0;0;0;0;0;0;5;1;2;2;0;2;3;2018-01-26 17:10:00;5062;0;63;13;38;0;-1;1;-1;-1;-1;-1;-1;-1;2;2;1;2;4;3;-1;0;0;0;0;0;0;0;1;0;1;0;0;0;1;1;0;0;-1;-1;0;1;-1;-1;-1;-1;-1;-1;-1;-1;-1;26;44;63;94;100;32;69;94;69;11.13;4.13;3.63;3.44;Al Ahli;Al Shabab;2.56;1.5;2.5;1.88;2;1.47;76;57;38;7;0;75;50;44;0;0;0;916;19;Y;Y;Y;Y;Y;N;Y
272521;5074;5069;2017/2018;complete;1757;19;-1;67;;1;0;1;6;8;14;2;3;2;1;0;0;4;6;3;3;7;9;13;14;41;59;2;1;1.74;4.2;4.3;0;0;0;0;0;0;0;0;0;0;0;0;0;0;0;0;0;0;0;0;0;0;0;0;0;0;0;0;0;0;0;0;0;0;0;0;0;0;0;0;0;0;0;0;0;0;0;0;0;0;0;0;0;0;0;0;0;0;0;0;0;0;0;0;0;1;0;0;1;0;1;0;2018-01-27 12:40:00;5074;0;62;17;22;0;-1;1;-1;-1;-1;-1;-1;-1;0;0;2;1;0;3;-1;0;0;0;0;0;0;0;0;0;0;0;0;0;1;1;0;0;-1;-1;0;0;-1;-1;-1;-1;-1;-1;-1;-1;-1;22;56;62;78;95;39;84;84;44;11.56;3.56;3.55;3.22;Al Taawon;Al Nassr;1.8;1.2;1.67;1.33;1.24;1.59;78;44;39;22;6;73;62;56;0;0;0;916;19;Y;N;N;N;N;N;N
272522;5068;5064;2017/2018;complete;1757;19;-1;81;22,26,32,57;1;4;5;1;5;6;0;1;2;2;0;0;5;3;6;4;11;7;13;17;49;51;2;2;0;0;0;0;0;0;0;0;0;0;0;0;0;0;0;0;0;0;0;0;0;0;0;0;0;0;0;0;0;0;0;0;0;0;0;0;0;0;0;0;0;0;0;0;0;0;0;0;0;0;0;0;0;0;0;0;0;0;0;0;0;0;0;0;0;0;0;0;5;0;3;1;1;2;3;2018-01-27 15:00:00;5064;0;61;13;28;0;-1;1;-1;-1;-1;-1;-1;-1;0;1;2;1;1;3;-1;0;0;0;0;0;0;0;0;1;0;0;0;1;1;1;0;0;-1;-1;0;0;-1;-1;-1;-1;-1;-1;-1;-1;-1;7;32;47;73;81;32;59;81;35;9;2.79;3.96;2.4;Al Quadisiya;Al Fateh;1.2;1.44;1.71;1.25;1.06;1.12;93;68;54;27;20;47;41;41;0;0;0;916;19;Y;Y;Y;Y;Y;N;Y
272523;5063;5070;2017/2018;complete;1757;19;-1;;80;0;1;1;6;4;10;4;2;2;3;0;0;7;5;13;4;20;9;16;10;47;53;2;3;0;0;0;0;0;0;0;0;0;0;0;0;0;0;0;0;0;0;0;0;0;0;0;0;0;0;0;0;0;0;0;0;0;0;0;0;0;0;0;0;0;0;0;0;0;0;0;0;0;0;0;0;0;0;0;0;0;0;0;0;0;0;0;0;0;0;0;0;1;0;0;0;1;1;0;2018-01-27 17:10:00;5070;0;73;17;39;0;-1;1;-1;-1;-1;-1;-1;-1;1;2;1;1;3;2;-1;0;0;0;0;0;0;0;0;0;0;0;0;0;1;1;0;0;-1;-1;0;0;-1;-1;-1;-1;-1;-1;-1;-1;-1;11;28;67;89;100;28;73;89;67;10;3.44;4.33;3.06;Ohod;Al Ittihad;0.82;1.9;1;1.78;0.88;1.41;89;73;33;11;0;73;61;45;0;0;0;916;19;Y;N;N;N;N;N;N
