ID;HOMEID;AWAYID;SEASON;STATUS;ROUNDID;GAME_WEEK;REVISED_GAME_WEEK;HOMEGOALS;AWAYGOALS;HOMEGOALCOUNT;AWAYGOALCOUNT;TOTALGOALCOUNT;TEAM_A_CORNERS;TEAM_B_CORNERS;TOTALCORNERCOUNT;TEAM_A_OFFSIDES;TEAM_B_OFFSIDES;TEAM_A_YELLOW_CARDS;TEAM_B_YELLOW_CARDS;TEAM_A_RED_CARDS;TEAM_B_RED_CARDS;TEAM_A_SHOTSONTARGET;TEAM_B_SHOTSONTARGET;TEAM_A_SHOTSOFFTARGET;TEAM_B_SHOTSOFFTARGET;TEAM_A_SHOTS;TEAM_B_SHOTS;TEAM_A_FOULS;TEAM_B_FOULS;TEAM_A_POSSESSION;TEAM_B_POSSESSION;TEAM_A_CARDS_NUM;TEAM_B_CARDS_NUM;ODDS_FT_1;ODDS_FT_X;ODDS_FT_2;ODDS_FT_OVER05;ODDS_FT_OVER15;ODDS_FT_OVER25;ODDS_FT_OVER35;ODDS_FT_OVER45;ODDS_FT_UNDER05;ODDS_FT_UNDER15;ODDS_FT_UNDER25;ODDS_FT_UNDER35;ODDS_FT_UNDER45;ODDS_BTTS_YES;ODDS_BTTS_NO;ODDS_TEAM_A_CS_YES;ODDS_TEAM_A_CS_NO;ODDS_TEAM_B_CS_YES;ODDS_TEAM_B_CS_NO;ODDS_DOUBLECHANCE_1X;ODDS_DOUBLECHANCE_12;ODDS_DOUBLECHANCE_X2;ODDS_1ST_HALF_RESULT_1;ODDS_1ST_HALF_RESULT_X;ODDS_1ST_HALF_RESULT_2;ODDS_2ND_HALF_RESULT_1;ODDS_2ND_HALF_RESULT_X;ODDS_2ND_HALF_RESULT_2;ODDS_DNB_1;ODDS_DNB_2;ODDS_CORNERS_OVER_75;ODDS_CORNERS_OVER_85;ODDS_CORNERS_OVER_95;ODDS_CORNERS_OVER_105;ODDS_CORNERS_OVER_115;ODDS_CORNERS_UNDER_75;ODDS_CORNERS_UNDER_85;ODDS_CORNERS_UNDER_95;ODDS_CORNERS_UNDER_105;ODDS_CORNERS_UNDER_115;ODDS_CORNERS_1;ODDS_CORNERS_X;ODDS_CORNERS_2;ODDS_TEAM_TO_SCORE_FIRST_1;ODDS_TEAM_TO_SCORE_FIRST_X;ODDS_TEAM_TO_SCORE_FIRST_2;ODDS_WIN_TO_NIL_1;ODDS_WIN_TO_NIL_2;ODDS_1ST_HALF_OVER05;ODDS_1ST_HALF_OVER15;ODDS_1ST_HALF_OVER25;ODDS_1ST_HALF_OVER35;ODDS_1ST_HALF_UNDER05;ODDS_1ST_HALF_UNDER15;ODDS_1ST_HALF_UNDER25;ODDS_1ST_HALF_UNDER35;ODDS_2ND_HALF_OVER05;ODDS_2ND_HALF_OVER15;ODDS_2ND_HALF_OVER25;ODDS_2ND_HALF_OVER35;ODDS_2ND_HALF_UNDER05;ODDS_2ND_HALF_UNDER15;ODDS_2ND_HALF_UNDER25;ODDS_2ND_HALF_UNDER35;ODDS_BTTS_1ST_HALF_YES;ODDS_BTTS_1ST_HALF_NO;ODDS_BTTS_2ND_HALF_YES;ODDS_BTTS_2ND_HALF_NO;OVERALLGOALCOUNT;HT_GOALS_TEAM_A;HT_GOALS_TEAM_B;GOALS_2HG_TEAM_A;GOALS_2HG_TEAM_B;GOALCOUNT_2HG;HTGOALCOUNT;DATE_UNIX;WINNINGTEAM;NO_HOME_AWAY;BTTS_POTENTIAL;BTTS_FHG_POTENTIAL;BTTS_2HG_POTENTIAL;GOALTIMINGDISABLED;CORNER_TIMINGS_RECORDED;CARD_TIMINGS_RECORDED;TEAM_A_FH_CORNERS;TEAM_B_FH_CORNERS;TEAM_A_2H_CORNERS;TEAM_B_2H_CORNERS;CORNER_FH_COUNT;CORNER_2H_COUNT;TEAM_A_FH_CARDS;TEAM_B_FH_CARDS;TEAM_A_2H_CARDS;TEAM_B_2H_CARDS;TOTAL_FH_CARDS;TOTAL_2H_CARDS;ATTACKS_RECORDED;TEAM_A_DANGEROUS_ATTACKS;TEAM_B_DANGEROUS_ATTACKS;TEAM_A_ATTACKS;TEAM_B_ATTACKS;TEAM_A_XG;TEAM_B_XG;TOTAL_XG;TEAM_A_PENALTIES_WON;TEAM_B_PENALTIES_WON;TEAM_A_PENALTY_GOALS;TEAM_B_PENALTY_GOALS;TEAM_A_PENALTY_MISSED;TEAM_B_PENALTY_MISSED;PENS_RECORDED;GOAL_TIMINGS_RECORDED;TEAM_A_0_10_MIN_GOALS;TEAM_B_0_10_MIN_GOALS;TEAM_A_CORNERS_0_10_MIN;TEAM_B_CORNERS_0_10_MIN;TEAM_A_CARDS_0_10_MIN;TEAM_B_CARDS_0_10_MIN;THROWINS_RECORDED;TEAM_A_THROWINS;TEAM_B_THROWINS;FREEKICKS_RECORDED;TEAM_A_FREEKICKS;TEAM_B_FREEKICKS;GOALKICKS_RECORDED;TEAM_A_GOALKICKS;TEAM_B_GOALKICKS;O45_POTENTIAL;O35_POTENTIAL;O25_POTENTIAL;O15_POTENTIAL;O05_POTENTIAL;O15HT_POTENTIAL;O05HT_POTENTIAL;O05_2H_POTENTIAL;O15_2H_POTENTIAL;CORNERS_POTENTIAL;OFFSIDES_POTENTIAL;CARDS_POTENTIAL;AVG_POTENTIAL;HOME_NAME;AWAY_NAME;HOME_PPG;AWAY_PPG;PRE_MATCH_HOME_PPG;PRE_MATCH_AWAY_PPG;PRE_MATCH_TEAMA_OVERALL_PPG;PRE_MATCH_TEAMB_OVERALL_PPG;U45_POTENTIAL;U35_POTENTIAL;U25_POTENTIAL;U15_POTENTIAL;U05_POTENTIAL;CORNERS_O85_POTENTIAL;CORNERS_O95_POTENTIAL;CORNERS_O105_POTENTIAL;TEAM_A_XG_PREMATCH;TEAM_B_XG_PREMATCH;TOTAL_XG_PREMATCH;COMPETITION_ID;MATCHES_COMPLETED_MINIMUM;OVER05;OVER15;OVER25;OVER35;OVER45;OVER55;BTTS
830317;138;132;2020;complete;55253;1;-1;45;;1;0;1;7;4;11;-1;-1;2;4;0;0;3;3;2;6;5;9;-1;-1;59;41;2;4;1.23;5.2;9.75;1;1.15;1.53;2.3;4;11.75;4.65;2.3;1.53;1.19;1.95;1.74;0;0;0;0;1.04;1.08;4.33;1.57;3;7.5;1.4;3.4;7;0;0;0;1.53;1.98;2.67;0;0;2.4;1.83;1.42;0;0;0;0;1.22;23;4.33;2.1;21;1.2;2.1;4.5;10;4;1.67;1.17;1.03;1.1;1.61;2.88;7;5.8;2.17;1.37;1.08;0;0;0;0;1;1;0;0;0;0;1;2020-02-28 13:00:00;138;0;0;0;0;0;1;1;2;1;5;3;3;8;2;2;0;2;4;2;1;33;32;78;61;0.77;1.01;1.78;0;0;0;0;0;0;1;1;0;0;0;0;0;1;-1;-1;-1;-1;-1;-1;-1;-1;-1;0;0;0;0;0;0;0;0;0;0;0;0;0;Johor Darul Ta'zim;Kedah;2.67;1.67;0;0;0;0;0;0;0;0;0;0;0;0;0;0;0;3693;11;Y;N;N;N;N;N;N
830318;9466;180;2020;complete;55253;1;-1;;28,90;0;2;2;4;6;10;-1;-1;2;2;0;0;6;10;6;6;12;16;-1;-1;45;55;2;2;3.35;3.35;1.95;1.01;1.18;1.61;2.55;4.45;10.75;4.2;2.15;1.44;1.16;1.54;2.25;0;0;0;0;1.67;1.29;1.3;3.4;2.3;2.6;0;0;0;0;0;0;0;0;0;0;0;0;0;0;0;0;0;0;0;0;0;0;0;0;0;0;0;0;0;0;0;0;0;0;0;0;0;0;0;0;0;0;0;2;0;1;0;1;1;1;2020-02-29 13:00:00;180;0;0;0;0;0;1;1;1;2;3;4;3;7;1;2;1;0;3;1;1;25;39;57;72;1.36;1.99;3.34;0;0;0;0;0;0;1;1;0;0;0;0;0;0;-1;-1;-1;-1;-1;-1;-1;-1;-1;0;0;0;0;0;0;0;0;0;0;0;0;0;UiTM;Melaka United;1.67;1.17;0;0;0;0;0;0;0;0;0;0;0;0;0;0;0;3693;11;Y;Y;N;N;N;N;N
830319;129;140;2020;complete;55253;1;-1;20;27,89;1;2;3;8;2;10;-1;-1;1;2;0;0;5;5;13;3;18;8;-1;-1;58;42;1;2;1.83;3.4;3.75;1.01;1.2;1.69;2.75;4.9;10.25;3.9;2;1.38;1.13;1.62;2.1;0;0;0;0;1.22;1.29;1.83;2.38;2.3;4;3.12;2.46;2.62;0;0;0;0;1.95;0;0;0;0;1.85;0;0;0;0;0;1.57;12;2.5;3.4;8;1.31;2.46;5.3;12;3.14;1.48;1.12;1.03;1.18;1.95;3.5;7.5;4.3;1.76;1.25;1.07;0;0;0;0;3;1;1;0;1;1;2;2020-02-29 13:00:00;140;0;0;0;0;0;1;1;3;1;5;1;4;6;0;0;1;2;0;3;1;35;22;81;72;1.74;1.02;2.76;0;0;0;0;0;0;1;1;0;0;2;0;0;0;-1;-1;-1;-1;-1;-1;-1;-1;-1;0;0;0;0;0;0;0;0;0;0;0;0;0;Pahang;Selangor;1.67;1.67;0;0;0;0;0;0;0;0;0;0;0;0;0;0;0;3693;11;Y;Y;Y;N;N;N;Y
830320;139;130;2020;complete;55253;1;-1;18;41,52,80;1;3;4;7;11;18;-1;-1;3;5;0;0;5;8;7;13;12;21;-1;-1;54;46;3;5;1.95;3.25;3.4;1.01;1.21;1.69;2.75;5;10;3.85;2;1.38;1.13;1.61;2.15;0;0;0;0;1.3;1.3;1.67;2.6;2.3;3.5;0;0;0;0;0;0;0;0;0;0;0;0;0;0;0;0;0;0;0;0;0;0;0;0;0;0;0;0;0;0;0;0;0;0;0;0;0;0;0;0;0;0;0;4;1;1;0;2;2;2;2020-02-29 13:00:00;130;0;0;0;0;0;1;1;5;7;2;4;12;6;2;3;1;2;5;3;1;25;29;53;65;1.28;2.08;3.37;0;1;0;1;0;0;1;1;0;0;3;3;0;0;-1;-1;-1;-1;-1;-1;-1;-1;-1;0;0;0;0;0;0;0;0;0;0;0;0;0;Terengganu;Perak;1.67;1.5;0;0;0;0;0;0;0;0;0;0;0;0;0;0;0;3693;11;Y;Y;Y;Y;N;N;Y
830321;131;9463;2020;complete;55253;1;-1;;;0;0;0;3;9;12;-1;-1;2;1;0;0;3;8;3;4;6;12;-1;-1;41;59;2;1;3.9;3.7;1.71;1.01;1.21;1.69;2.75;5;10;3.85;2;1.38;1.13;1.67;2.05;0;0;0;0;1.91;1.3;1.2;4.33;2.25;2.3;3.75;2.63;2.1;0;0;0;0;1.98;0;0;0;0;1.83;0;0;0;0;0;2.5;11;1.57;7.5;3.4;1.3;2.63;6;13;3.2;1.44;1.1;1.01;1.19;1.96;3.6;10;4.2;1.75;1.24;1.03;0;0;0;0;0;0;0;0;0;0;0;2020-03-01 13:00:00;-1;0;0;0;0;0;1;1;1;5;2;4;6;6;1;0;1;1;1;2;1;12;40;65;72;0.69;1.61;2.29;0;0;0;0;0;0;1;1;0;0;0;0;0;0;-1;-1;-1;-1;-1;-1;-1;-1;-1;0;0;0;0;0;0;0;0;0;0;0;0;0;PDRM;Sabah;0.33;0.33;0;0;0;0;0;0;0;0;0;0;0;0;0;0;0;3693;11;N;N;N;N;N;N;N
830322;136;9469;2020;complete;55253;1;-1;47;74;1;1;2;4;4;8;-1;-1;1;1;0;0;4;4;4;2;8;6;-1;-1;50;50;1;1;2.2;3.4;3;0;0;1.7;0;0;0;0;2.1;0;0;0;0;0;0;0;0;1.36;1.3;1.62;2.75;2.25;3.25;0;0;0;0;0;0;0;0;0;0;0;0;0;0;0;0;0;0;0;0;0;0;0;0;0;0;0;0;0;0;0;0;0;0;0;0;0;0;0;0;0;0;0;2;0;0;1;1;2;0;2020-03-01 13:00:00;-1;0;0;0;0;0;1;1;1;1;3;3;2;6;0;0;1;1;0;2;1;46;50;69;67;1.12;1.02;2.14;0;0;0;0;0;0;1;1;0;0;1;0;0;0;-1;-1;-1;-1;-1;-1;-1;-1;-1;0;0;0;0;0;0;0;0;0;0;0;0;0;FELDA United;MISC;1.17;1;0;0;0;0;0;0;0;0;0;0;0;0;0;0;0;3693;11;Y;Y;N;N;N;N;Y
830323;9469;129;2020;complete;55253;2;-1;12,59,90;15,51;3;2;5;2;2;4;-1;-1;2;1;0;0;9;8;3;6;12;14;-1;-1;43;57;2;1;2.9;3.35;2.15;1.01;1.17;1.6;2.46;3.8;13.5;4.32;2.3;1.47;1.22;1.53;2.43;0;0;0;0;1.67;1.25;1.33;3.25;2.38;2.62;3.14;2.65;2.46;0;0;0;0;2;0;0;0;0;1.8;0;0;0;0;0;2.12;15.75;1.76;6;4.4;1.28;2.29;4.7;12;3.34;1.55;1.15;1.03;1.14;1.84;3.1;7.5;4.9;1.86;1.32;1.07;0;0;0;0;5;1;1;2;1;3;2;2020-03-06 13:00:00;9469;0;0;0;0;0;1;1;1;2;1;0;3;1;1;0;1;1;1;2;1;27;46;74;95;1.59;1.78;3.36;0;1;0;1;0;0;1;1;0;0;0;0;0;0;-1;-1;-1;-1;-1;-1;-1;-1;-1;0;0;0;0;0;0;0;0;0;0;0;0;0;MISC;Pahang;1.6;0.6;0;0;1;0;0;0;0;0;0;0;0;0;0;0;0;3693;11;Y;Y;Y;Y;Y;N;Y
830324;180;131;2020;complete;55253;2;-1;17,71,90;81;3;1;4;5;2;7;-1;-1;1;1;0;0;9;2;4;2;13;4;-1;-1;61;39;1;1;1.34;4.85;6.55;1.01;1.11;1.4;2.22;3.56;16;5.6;2.88;1.66;1.24;1.7;2.1;0;0;0;0;1.04;1.14;3.4;1.67;2.75;7;1.64;3.13;5.8;0;0;1.22;1.44;1.93;2.3;3.2;3.7;2.5;1.88;1.53;1.29;0;0;0;1.3;20;3.5;2.5;15;1.23;2.11;4;10;3.7;1.65;1.2;1.04;1.11;1.71;2.7;6;5.5;2.02;1.41;1.11;0;0;0;0;4;1;0;2;1;3;1;2020-03-06 13:00:00;180;0;0;0;0;0;1;1;2;1;3;1;3;4;0;1;1;0;1;1;1;47;33;83;73;1.79;0.64;2.43;0;0;0;0;0;0;1;1;0;0;1;0;0;0;-1;-1;-1;-1;-1;-1;-1;-1;-1;0;0;0;0;0;0;0;0;0;0;0;0;0;Melaka United;PDRM;1.4;0;0;0;3;1;0;0;0;0;0;0;0;0;0;0;0;3693;11;Y;Y;Y;Y;N;N;Y
830325;9463;136;2020;complete;55253;2;-1;12,38,77;73;3;1;4;8;1;9;-1;-1;3;2;0;0;5;3;2;3;7;6;-1;-1;50;50;3;2;2.25;3.25;2.8;1.01;1.21;1.69;2.75;5;10;3.85;2;1.38;1.13;1.57;2.2;0;0;0;0;1.44;1.25;1.57;2.88;2.3;3.1;2.57;2.55;3.12;0;0;0;0;0;0;0;0;0;0;0;0;0;0;0;1.8;13;2.1;4.5;5.5;1.31;2.44;5.2;13;3.14;1.49;1.12;1.02;1.18;1.94;3.5;8;4.3;1.77;1.26;1.06;0;0;0;0;4;2;0;1;1;2;2;2020-03-07 12:15:00;9463;0;0;0;0;0;1;1;6;0;2;1;6;3;2;0;1;2;2;3;1;51;50;96;116;1.17;0.97;2.14;0;0;0;0;0;0;1;1;0;0;1;0;0;0;-1;-1;-1;-1;-1;-1;-1;-1;-1;0;0;0;0;0;0;0;0;0;0;0;0;0;Sabah;FELDA United;1.4;0.4;0;0;1;1;0;0;0;0;0;0;0;0;0;0;0;3693;11;Y;Y;Y;Y;N;N;Y
830326;132;139;2020;complete;55253;2;-1;19,22,61;2,64,81,84;3;4;7;3;7;10;-1;-1;2;3;0;0;12;12;2;3;14;15;-1;-1;44;56;2;3;1.54;3.95;4.8;1.01;1.18;1.62;2.55;4.55;10.75;4.2;2.1;1.43;1.15;1.71;2;0;0;0;0;1.12;1.2;2.38;2.05;2.4;4.75;1.87;2.79;4.78;0;0;0;0;0;0;0;0;0;0;0;0;0;0;0;1.44;15.75;2.89;2.8;10;1.28;2.33;5.1;12;3.34;1.53;1.13;1.03;1.17;1.85;3.4;7.5;4.4;1.85;1.28;1.07;0;0;0;0;7;2;1;1;3;4;3;2020-03-07 13:00:00;139;0;0;0;0;0;1;1;1;3;2;4;4;6;0;2;2;1;2;3;1;35;34;65;77;1.97;2.03;4;0;0;0;0;0;0;1;1;0;1;0;1;0;0;-1;-1;-1;-1;-1;-1;-1;-1;-1;0;0;0;0;0;0;0;0;0;0;0;0;0;Kedah;Terengganu;2.4;1.8;0;0;0;0;0;0;0;0;0;0;0;0;0;0;0;3693;11;Y;Y;Y;Y;Y;Y;Y
830327;140;130;2020;complete;55253;2;-1;31;9;1;1;2;4;5;9;-1;-1;1;1;0;0;4;4;3;9;7;13;-1;-1;52;48;1;1;2;3.4;3.2;1.01;1.21;1.69;2.75;5;10;3.85;2;1.38;1.13;1.62;2.15;0;0;0;0;1.33;1.25;1.73;2.6;2.3;3.4;2.39;2.56;3.4;0;0;0;0;0;0;0;0;0;0;0;0;0;0;0;1.74;10.75;2.29;4.2;6;1.31;2.46;5.5;13;3.14;1.48;1.11;1.02;1.19;1.96;3.6;8;4.2;1.75;1.24;1.06;0;0;0;0;2;1;1;0;0;0;2;2020-03-07 13:00:00;-1;0;50;50;0;0;1;1;4;2;0;3;6;3;0;1;1;0;1;1;1;38;29;72;71;1;1.31;2.31;0;0;0;0;0;0;1;1;0;1;1;0;0;1;-1;-1;-1;-1;-1;-1;-1;-1;-1;0;50;50;50;50;50;50;50;50;11;0;5;2;Selangor;Perak;1.4;1.5;0;3;3;3;50;0;0;0;0;50;50;50;0;2.08;2.08;3693;11;Y;Y;N;N;N;N;Y
830328;138;9466;2020;complete;55253;2;-1;9,69;19;2;1;3;4;3;7;-1;-1;2;2;0;0;3;2;0;0;3;2;-1;-1;65;35;2;2;1.11;7;15.25;1;1.1;1.39;2;3.25;13.75;5.55;2.7;1.69;1.28;2.3;1.53;0;0;0;0;1.01;1.06;5.5;1.5;3;9.5;1.36;3.72;10.5;0;0;0;0;0;0;0;0;0;0;0;0;0;0;0;1.15;21;5.3;1.83;31;1.22;2.04;4;9;3.8;1.69;1.2;1.05;1.1;1.66;2.65;6;5.8;2.09;1.42;1.11;0;0;0;0;3;1;1;1;0;1;2;2020-03-07 13:00:00;138;0;0;0;0;0;1;1;2;2;2;1;4;3;1;1;1;1;2;2;1;72;54;0;0;0.9;0.64;1.54;0;0;0;0;0;0;1;1;1;0;1;0;0;0;-1;-1;-1;-1;-1;-1;-1;-1;-1;0;0;0;0;50;0;50;0;0;7;0;2;0.5;Johor Darul Ta'zim;UiTM;2.67;1.4;3;0;3;0;50;50;50;50;0;50;50;50;0.77;0;0.77;3693;11;Y;Y;Y;N;N;N;Y
830329;131;138;2020;complete;55253;3;-1;;85;0;1;1;3;12;15;-1;-1;4;2;0;0;2;14;2;8;4;22;-1;-1;37;63;4;2;7.5;5;1.29;1;1.14;1.5;2.25;3.9;12;4.75;2.35;1.54;1.2;1.87;1.83;0;0;0;0;4;1.11;1.03;7.5;2.88;1.62;7.25;3.3;1.48;0;0;1.25;1.5;1.83;2.38;3.2;3.5;2.38;1.83;1.5;1.29;0;0;0;4;23;1.24;18;2.3;1.24;2.02;4.2;9;3.6;1.71;1.19;1.05;1.11;1.64;2.75;6.5;5.5;2.12;1.39;1.1;0;0;0;0;1;0;0;0;1;1;0;2020-03-10 13:00:00;138;0;0;0;0;0;1;1;1;6;2;6;7;8;1;0;3;2;1;5;1;19;41;74;83;0.54;2.66;3.2;0;0;0;0;0;0;1;1;0;0;0;1;0;0;-1;-1;-1;-1;-1;-1;-1;-1;-1;0;0;0;0;0;0;0;0;0;3;0;2;0;PDRM;Johor Darul Ta'zim;0.33;2.6;1;0;0.5;3;50;50;50;50;50;50;50;50;0.69;0;0.69;3693;11;Y;N;N;N;N;N;N
830330;129;9463;2020;complete;55253;3;-1;21,50;;2;0;2;3;6;9;-1;-1;1;2;0;0;6;0;5;3;11;3;-1;-1;53;47;1;2;1.53;3.9;5.1;1.01;1.18;1.61;2.55;4.45;10.75;4.2;2.15;1.44;1.16;1.67;2.05;0;0;0;0;1.12;1.22;2.25;2.1;2.4;4.5;1.93;2.76;4.48;0;0;1.25;1.5;1.88;2.38;3.2;3.5;2.38;1.93;1.5;1.29;0;0;0;1.44;13;2.88;2.88;10;1.28;2.34;4.9;11;3.34;1.53;1.14;1.03;1.16;1.85;3.2;7.5;4.6;1.85;1.3;1.07;0;0;0;0;2;1;0;1;0;1;1;2020-03-10 13:00:00;129;0;50;50;0;0;1;1;2;2;1;4;4;5;0;1;1;1;1;2;1;26;32;88;82;1.31;0.43;1.75;1;0;1;0;0;0;1;1;0;0;0;0;0;0;-1;-1;-1;-1;-1;-1;-1;-1;-1;0;0;50;50;50;50;50;50;0;17;0;2;1.5;Pahang;Sabah;1.67;0.33;0;1;0;2;100;100;50;50;50;100;100;50;1.74;1.61;3.35;3693;11;Y;Y;N;N;N;N;N
830331;9466;132;2020;complete;55253;3;-1;82;30;1;1;2;4;9;13;-1;-1;3;0;0;0;10;8;7;9;17;17;-1;-1;45;55;3;0;3.4;3.5;1.87;1.01;1.14;1.53;2.26;3.74;15;4.84;2.4;1.55;1.22;1.6;2.28;0;0;0;0;2.38;1.22;1.14;4.5;2.5;2.05;4.16;2.84;1.96;0;0;0;0;0;0;0;0;0;0;0;0;0;0;0;2.61;18.25;1.5;9;3.5;1.25;2.16;4.2;11;3.6;1.62;1.18;1.03;1.12;1.74;2.8;6.5;5.3;1.98;1.38;1.1;0;0;0;0;2;0;1;1;0;1;1;2020-03-11 13:00:00;-1;0;0;0;0;0;1;1;2;4;2;5;6;7;1;0;2;0;1;2;1;36;38;58;73;2.02;1.9;3.93;0;0;0;0;0;0;1;1;0;0;0;1;0;0;-1;-1;-1;-1;-1;-1;-1;-1;-1;0;0;0;50;100;0;100;50;0;8;0;6;1.5;UiTM;Kedah;1.67;1.67;0;0;0;0;100;100;100;50;0;100;100;50;1.36;1.01;2.37;3693;11;Y;Y;N;N;N;N;Y
830332;136;180;2020;complete;55253;3;-1;7,15,63;81,88;3;2;5;4;7;11;-1;-1;2;1;0;0;6;8;4;6;10;14;-1;-1;44;56;2;1;2.7;3.4;2.25;1.01;1.18;1.62;2.55;4;13;4.2;2.25;1.44;1.2;1.53;2.38;0;0;0;0;1.25;1.29;1.83;2.4;2.38;3.6;2.4;2.63;3.25;0;0;0;0;1.88;0;0;0;0;1.93;0;0;0;0;0;1.73;13;2.2;4.2;6.5;1.3;2.5;6;12;3.2;1.5;1.11;1.02;1.16;1.87;3.2;7.5;4.6;1.83;1.3;1.07;0;0;0;0;5;2;0;1;2;3;2;2020-03-11 13:00:00;136;0;50;0;50;0;1;1;2;3;2;4;5;6;0;0;2;1;0;3;1;25;44;80;94;1.24;1.76;3;0;0;0;0;0;0;1;1;1;0;0;1;0;0;-1;-1;-1;-1;-1;-1;-1;-1;-1;0;0;0;100;100;0;50;100;50;10;0;3;2;FELDA United;Melaka United;1.17;1.17;1;3;0.5;3;100;100;100;0;0;50;50;0;1.12;1.99;3.11;3693;11;Y;Y;Y;Y;Y;N;Y
830333;130;9469;2020;complete;55253;3;-1;24,63;;2;0;2;3;7;10;-1;-1;2;1;0;0;5;2;4;4;9;6;-1;-1;54;46;2;1;1.67;3.7;4.1;1.01;1.17;1.62;2.44;4;13;4.38;2.25;1.48;1.2;1.63;2.22;0;0;0;0;1.17;1.25;2.2;2.2;2.38;4.33;1.95;2.76;4.4;0;0;0;0;2;0;0;0;0;1.8;0;0;0;0;0;1.48;16;2.73;3;10;1.3;2.29;4.9;11;3.2;1.55;1.14;1.03;1.16;1.83;3.2;7;4.6;1.87;1.3;1.08;0;0;0;0;2;1;0;1;0;1;1;2020-03-11 13:00:00;130;0;50;0;50;0;1;1;2;1;1;6;3;7;0;1;2;0;1;2;1;46;43;71;65;1.25;0.83;2.08;0;0;0;0;0;0;1;1;0;0;0;1;0;0;-1;-1;-1;-1;-1;-1;-1;-1;-1;0;0;0;50;50;0;0;50;50;4;0;1;1;Perak;MISC;1.8;1;0;1;2;2;50;50;50;0;0;0;0;0;0;1.02;1.02;3693;11;Y;Y;N;N;N;N;N
830334;139;140;2020;complete;55253;3;-1;43,64,90;39,52,70;3;3;6;5;5;10;-1;-1;2;2;1;0;8;9;12;4;20;13;-1;-1;57;43;3;2;2.3;3.45;2.6;1.01;1.13;1.5;2.2;3.54;15;5;2.5;1.58;1.24;1.4;2.75;0;0;0;0;1.4;1.25;1.53;2.75;2.4;3;2.6;2.8;2.75;0;0;0;0;1.9;0;0;0;0;1.9;0;0;0;0;0;1.83;15;1.91;5.5;6;1.25;2.25;5;10.5;3.5;1.57;1.14;1.03;1.13;1.72;2.9;6;5.1;2;1.36;1.11;0;0;0;0;6;1;1;2;2;4;2;2020-03-11 13:00:00;-1;0;100;100;0;0;1;1;3;2;2;3;5;5;0;2;3;0;2;3;1;38;32;63;63;2.08;1.68;3.76;1;0;1;0;0;0;1;1;0;0;1;0;0;1;-1;-1;-1;-1;-1;-1;-1;-1;-1;0;50;100;100;100;100;100;100;50;9;0;5;3.5;Terengganu;Selangor;1.67;1.67;0;3;1.5;2;100;50;0;0;0;100;100;50;1.28;1.02;2.3;3693;11;Y;Y;Y;Y;Y;Y;Y
830335;9463;130;2020;complete;55253;4;-1;5,27;17,80;2;2;4;-1;-1;-1;-1;-1;4;3;0;0;-1;-1;-1;-1;-1;-1;-1;-1;-1;-1;4;3;3.3;3.6;1.87;1.03;1.14;1.33;2.15;3.56;12;4.84;3.4;1.61;1.24;1.44;2.58;0;0;0;0;2.2;1.25;1.13;3.25;3.2;2.05;3.3;2.74;2.29;0;0;1.3;1.6;2.1;2.8;3.9;3.1;2.15;1.67;1.36;1.2;0;0;0;2.88;21;1.4;8;4.5;1.29;2.16;4.7;10.5;3.26;1.62;1.15;1.02;1.13;1.68;3.04;7.5;5.05;2.06;1.33;1.06;0;0;0;0;4;2;1;0;1;1;3;2020-03-14 12:15:00;-1;0;100;50;50;0;-1;1;-1;-1;-1;-1;-1;-1;3;1;1;2;4;3;-1;0;0;0;0;0;0;0;0;0;0;0;0;0;1;1;1;0;-1;-1;0;0;-1;-1;-1;-1;-1;-1;-1;-1;-1;0;75;75;100;100;100;100;75;75;16;0;6;3.5;Sabah;Perak;1.4;1.5;3;2;1.33;2.33;100;25;25;0;0;100;25;25;1.17;1.7;2.87;3693;11;Y;Y;Y;Y;N;N;Y
830336;9469;139;2020;complete;55253;4;-1;;31,73;0;2;2;4;2;6;-1;-1;1;0;0;0;0;3;0;0;0;3;-1;-1;50;50;1;0;2.15;3.3;2.88;1.01;1.08;1.36;1.95;3.04;18;6.3;3.1;1.85;1.34;1.43;2.62;0;0;0;0;1.36;1.3;1.62;2.75;2.6;2.88;2.5;2.76;2.91;0;0;0;0;1.98;0;0;0;0;1.83;0;0;0;0;0;1.8;19.25;2.02;5.5;7;1.2;2.12;3.7;10;3.74;1.64;1.23;1.03;1.09;1.71;2.76;6.5;6.1;2.02;1.39;1.06;0;0;0;0;2;0;1;0;1;1;1;2020-08-22 13:00:00;139;0;100;100;100;0;1;1;1;0;3;2;1;5;1;0;0;0;1;0;-1;0;0;0;0;0;0;0;0;0;0;0;0;0;1;1;0;0;0;0;0;0;-1;-1;-1;-1;-1;-1;-1;-1;-1;100;100;100;100;100;100;100;100;100;9;0;5;6;MISC;Terengganu;1.6;1.8;3;3;1.33;1.33;0;0;0;0;0;50;50;0;1.59;2.03;3.62;3693;11;Y;Y;N;N;N;N;N
830337;180;129;2020;complete;55253;4;-1;;67;0;1;1;-1;-1;-1;-1;-1;3;2;0;0;-1;-1;-1;-1;-1;-1;-1;-1;-1;-1;3;2;2.5;3.5;2.35;1;1.15;1.53;2.3;4;11.75;4.65;2.3;1.53;1.19;1.48;2.45;0;0;0;0;1.62;1.3;1.33;3.2;2.38;2.75;2.9;2.68;2.58;0;0;0;0;1.98;0;0;0;0;1.83;0;0;0;0;0;2;17.25;1.83;5.5;5.5;1.26;2.23;4.95;10;3.48;1.58;1.14;1.04;1.15;1.79;3.4;7;4.75;1.92;1.27;1.08;0;0;0;0;1;0;0;0;1;1;0;2020-03-14 13:00:00;129;0;100;50;100;0;-1;1;-1;-1;-1;-1;-1;-1;2;1;1;1;3;2;-1;0;0;0;0;0;0;0;0;0;0;0;0;0;1;1;0;0;-1;-1;0;0;-1;-1;-1;-1;-1;-1;-1;-1;-1;50;100;100;100;100;50;100;100;100;7;0;2;4.5;Melaka United;Pahang;1.4;0.6;3;0;2;1;50;0;0;0;0;0;0;0;1.79;1.78;3.57;3693;11;Y;N;N;N;N;N;N
830338;138;136;2020;complete;55253;4;-1;21;51;1;1;2;-1;-1;-1;-1;-1;2;3;0;0;-1;-1;-1;-1;-1;-1;-1;-1;-1;-1;2;3;1.16;6.15;12;1;1.09;1.37;1.95;3.15;14;5.75;2.8;1.74;1.3;1.87;1.83;0;0;0;0;1.03;1.1;4.33;1.57;3;7;1.43;3.58;8.1;0;0;0;0;0;0;0;0;0;0;0;0;0;0;0;1.22;25;4.1;2;31;1.19;1.96;3.92;9;4.2;1.75;1.21;1.05;1.08;1.6;2.8;6;6.4;2.19;1.38;1.11;0;0;0;0;2;1;0;0;1;1;1;2020-03-14 13:00:00;-1;0;75;25;50;0;-1;1;-1;-1;-1;-1;-1;-1;0;1;2;2;1;4;-1;0;0;0;0;0;0;0;0;0;0;0;0;0;1;1;0;0;-1;-1;0;0;-1;-1;-1;-1;-1;-1;-1;-1;-1;0;50;75;75;100;75;100;75;50;6.5;0;4;3;Johor Darul Ta'zim;FELDA United;2.67;0.4;3;0;3;1.33;100;50;25;25;0;75;25;25;0.84;0.97;1.81;3693;11;Y;Y;N;N;N;N;Y
830339;132;140;2020;complete;55253;4;-1;26,45;;2;0;2;-1;-1;-1;-1;-1;3;3;0;0;-1;-1;-1;-1;-1;-1;-1;-1;-1;-1;3;3;1.83;3.55;3.45;1;1.14;1.5;2.25;3.9;12;4.75;2.35;1.54;1.2;1.49;2.4;3.35;1.21;0;0;1.25;1.22;1.83;2.38;2.5;3.6;2.21;2.78;3.42;0;0;0;0;0;0;0;0;0;0;0;0;0;0;0;1.65;19;2.25;4;8;1.24;2.14;4.65;11;3.64;1.63;1.16;1.03;1.13;1.72;3.2;6.5;5.05;2;1.3;1.1;0;0;0;0;2;2;0;0;0;0;2;2020-03-15 13:00:00;132;0;100;100;75;0;-1;1;-1;-1;-1;-1;-1;-1;1;1;2;2;2;4;-1;0;0;0;0;0;0;0;0;0;0;0;0;0;1;1;0;0;-1;-1;0;0;-1;-1;-1;-1;-1;-1;-1;-1;-1;75;75;100;100;100;100;100;100;75;6.5;0;4;5.75;Kedah;Selangor;2.4;1.67;0;2;0.33;1.67;25;25;0;0;0;100;100;0;1.97;1.35;3.32;3693;11;Y;Y;N;N;N;N;N
830340;9466;131;2020;complete;55253;4;-1;12,45,83;90;3;1;4;-1;-1;-1;-1;-1;2;0;0;0;-1;-1;-1;-1;-1;-1;-1;-1;-1;-1;2;0;1.8;3.65;3.55;1;1.13;1.48;2.2;3.75;12.5;4.95;2.45;1.57;1.22;1.47;2.5;3.15;1.24;0;0;1.33;1.25;1.67;2.6;2.3;3.4;2.05;2.88;3.7;0;0;0;0;0;0;0;0;0;0;0;0;0;0;0;1.58;22;2.35;4.5;9;1.19;1.95;3.92;10;4.15;1.76;1.21;1.04;1.12;1.67;3.04;7.5;5.3;2.07;1.33;1.07;0;0;0;0;4;2;0;1;1;2;2;2020-03-15 13:00:00;9466;0;75;0;50;0;-1;1;-1;-1;-1;-1;-1;-1;1;0;1;0;1;1;-1;0;0;0;0;0;0;0;1;0;1;0;0;0;1;1;0;0;-1;-1;0;0;-1;-1;-1;-1;-1;-1;-1;-1;-1;0;50;50;100;100;0;100;100;50;6;0;3.5;3;UiTM;PDRM;1.67;0;0.5;0;0.33;0.33;100;50;50;0;0;50;50;25;1.69;0.64;2.33;3693;11;Y;Y;Y;Y;N;N;Y
830341;129;138;2020;complete;55253;5;-1;40,45;5,15,35;2;3;5;1;4;5;-1;-1;4;3;0;0;5;4;1;10;6;14;-1;-1;39;61;4;3;3.1;3.25;1.95;1.01;1.18;1.57;2.6;3.9;13.5;4.14;2.35;1.44;1.21;1.57;2.25;0;0;0;0;2.5;1.2;1.13;3.5;2.3;2.6;4.68;2.75;1.9;0;0;0;0;0;0;0;0;0;0;0;0;0;0;0;3.1;14;1.5;9;3.25;1.29;2.5;6;12;3.25;1.5;1.13;1.02;1.15;1.87;3.2;7.5;4.7;1.83;1.31;1.07;0;0;0;0;5;2;3;0;0;0;5;2020-08-28 13:00:00;138;0;25;25;0;0;1;1;1;2;0;2;3;2;3;1;1;2;4;3;1;18;30;48;65;0.86;1.38;2.24;0;0;0;0;0;0;1;1;0;1;0;1;0;0;-1;-1;-1;-1;-1;-1;-1;-1;-1;0;0;25;50;100;25;50;100;0;17.5;0;3;1.75;Pahang;Johor Darul Ta'zim;1.67;2.6;1.5;3;1.5;2.5;100;100;75;50;0;100;75;50;1.52;2.66;4.18;3693;11;Y;Y;Y;Y;Y;N;Y
830342;139;9463;2020;complete;55253;5;-1;12,43,71,84;;4;0;4;2;2;4;-1;-1;1;1;0;0;7;5;5;4;12;9;-1;-1;49;51;1;1;1.56;3.35;5.15;1.01;1.15;1.53;2.4;4.04;14;4.7;2.4;1.57;1.19;1.62;2.23;0;0;0;0;1.12;1.18;2.34;2.02;2.46;4.98;1.85;2.86;4.72;0;0;0;0;0;0;0;0;0;0;0;0;0;0;0;1.44;15;2.8;3.1;10;1.27;2.23;4.6;11;3.4;1.58;1.16;1.02;1.14;1.79;3;8.5;4.9;1.92;1.33;1.04;0;0;0;0;4;2;0;2;0;2;2;2020-08-29 13:00:00;139;0;50;50;25;0;1;1;1;0;1;2;1;3;0;1;1;0;1;1;1;29;30;59;76;1.45;1.14;2.6;0;0;0;0;0;0;1;1;0;0;1;0;0;0;-1;-1;-1;-1;-1;-1;-1;-1;-1;25;50;50;75;75;50;75;75;50;13.5;0;4.5;3;Terengganu;Sabah;1.67;0.33;0.5;0.5;1.75;1.25;75;50;50;25;25;100;75;50;1.68;1.02;2.7;3693;11;Y;Y;Y;Y;N;N;N
830343;131;132;2020;complete;55253;5;-1;;29,36;0;2;2;9;10;19;-1;-1;3;1;0;0;3;9;8;6;11;15;-1;-1;42;58;3;1;5.4;3.9;1.43;1.01;1.15;1.57;2.35;4.1;13.5;4.58;2.35;1.51;1.19;1.67;2.14;0;0;0;0;2.44;1.17;1.1;5.25;2.48;1.97;4.96;2.89;1.8;0;0;0;0;0;0;0;0;0;0;0;0;0;0;0;2.88;15;1.44;11;3;1.28;2.23;4.7;11;3.3;1.58;1.15;1.02;1.14;1.79;3.1;8.5;4.9;1.92;1.32;1.05;0;0;0;0;2;0;2;0;0;0;2;2020-08-29 13:00:00;132;0;25;0;0;0;1;1;2;6;7;4;8;11;1;0;2;1;1;3;1;38;38;52;61;1.17;1.84;3.02;0;0;0;0;0;0;1;1;0;0;1;1;0;0;-1;-1;-1;-1;-1;-1;-1;-1;-1;0;0;0;25;75;0;50;50;0;9.5;0;5;1;PDRM;Kedah;0.33;1.67;0.5;0.5;0.25;1;100;100;100;75;25;100;100;100;0.61;1.46;2.07;3693;11;Y;Y;N;N;N;N;N
830344;136;9466;2020;complete;55253;5;-1;;38;0;1;1;3;6;9;-1;-1;3;3;0;0;4;5;3;8;7;13;-1;-1;52;48;3;3;1.69;3.65;3.65;1.01;1.14;1.57;2.31;3.94;15;4.7;2.35;1.53;1.2;1.6;2.2;0;0;0;0;1.14;1.22;2.1;2.4;2.38;3.75;2;2.8;3.75;0;0;0;0;0;0;0;0;0;0;0;0;0;0;0;1.53;15;2.5;3.6;9;1.25;2.25;5.5;11;3.5;1.57;1.13;1.02;1.13;1.77;2.9;7;5.1;1.94;1.36;1.08;0;0;0;0;1;0;1;0;0;0;1;2020-08-28 13:00:00;9466;0;100;50;50;0;1;1;1;5;2;1;6;3;1;0;2;3;1;5;1;21;26;72;73;0.88;1.36;2.24;0;0;0;0;0;0;1;1;0;0;0;1;0;0;-1;-1;-1;-1;-1;-1;-1;-1;-1;25;25;75;100;100;75;75;100;50;7;0;3.5;3.25;FELDA United;UiTM;1.17;1.4;2;0;1.25;1;75;75;25;0;0;25;25;25;1.18;0.64;1.82;3693;11;Y;N;N;N;N;N;N
830346;140;9469;2020;complete;55253;5;-1;;;0;0;0;0;1;1;-1;-1;-1;-1;-1;-1;4;2;4;1;8;3;-1;-1;74;26;-1;-1;1.61;3.6;4.2;1.01;1.17;1.57;2.43;3.8;13.5;4.4;2.35;1.48;1.22;1.63;2.22;0;0;0;0;1.17;1.21;2.07;2.19;2.36;4.52;2.01;2.72;4.2;0;0;0;0;0;0;0;0;0;0;0;0;0;0;0;1.5;14;2.63;3.3;9;1.28;2.34;4.7;12;3.34;1.53;1.15;1.02;1.14;1.85;3.1;8.5;4.9;1.85;1.32;1.04;0;0;0;0;0;0;0;0;0;0;0;2020-08-29 13:00:00;-1;0;75;50;25;0;1;-1;0;1;0;0;1;0;-1;-1;-1;-1;-1;-1;1;29;12;61;36;1;0.42;1.42;0;0;0;0;0;0;1;1;0;0;0;0;-1;-1;-1;-1;-1;-1;-1;-1;-1;-1;-1;0;0;0;100;100;50;75;50;25;9.5;0;2;2;Selangor;MISC;1.4;1;1;0.5;1.25;1;100;100;100;0;0;75;25;0;1;0.93;1.93;3693;11;N;N;N;N;N;N;N
830347;9463;140;2020;complete;55253;6;-1;65;72,81;1;2;3;-1;-1;-1;-1;-1;-1;-1;-1;-1;-1;-1;-1;-1;-1;-1;-1;-1;-1;-1;-1;-1;2.95;3.35;2;1.01;1.17;1.6;2.47;3.6;14.5;4.34;2.3;1.47;1.25;1.53;2.44;0;0;0;0;1.69;1.24;1.3;3.5;2.4;2.5;3.32;2.66;2.36;0;0;1.3;1.55;2;2.63;3.65;3.3;2.32;1.8;1.44;1.25;0;0;0;2.3;15;1.62;0;0;1.28;2.29;4.5;11;3.34;1.55;1.17;1.03;1.13;1.84;3;7;5.1;1.86;1.35;1.08;0;0;0;0;3;0;0;1;2;3;0;2020-09-04 12:15:00;140;0;84;59;42;0;-1;-1;-1;-1;-1;-1;-1;-1;-1;-1;-1;-1;-1;-1;-1;0;0;0;0;0;0;0;-1;-1;-1;-1;-1;-1;-1;1;0;0;-1;-1;-1;-1;-1;-1;-1;-1;-1;-1;-1;-1;-1;17;67;84;100;100;100;100;84;42;11.5;0;5.83;3.84;Sabah;Selangor;1.4;1.67;2;1.33;1;1.2;84;34;17;0;0;100;50;0;1.17;1.35;2.52;3693;11;Y;Y;Y;N;N;N;Y
830348;132;9469;2020;complete;55253;6;-1;-1,-1;-1;2;1;3;-1;-1;-1;-1;-1;-1;-1;-1;-1;-1;-1;-1;-1;-1;-1;-1;-1;-1;-1;-1;-1;1.52;3.85;4.3;1.02;1.19;1.68;2.75;5.2;14;4.35;2.14;1.4;1.14;1.64;2.15;0;0;0;0;1.16;1.22;2.08;2.2;2.33;4.6;2;2.7;4.4;0;0;0;0;0;0;0;0;0;0;0;0;0;0;0;0;0;0;0;0;1.27;2.5;6.25;11;3.4;1.47;1.1;1.03;1.16;1.87;3.3;8;4.6;1.83;1.29;1.06;0;0;0;0;3;0;0;0;0;0;0;2020-09-05 13:00:00;132;0;42;25;42;1;-1;-1;-1;-1;-1;-1;-1;-1;-1;-1;-1;-1;-1;-1;-1;0;0;0;0;0;0;0;-1;-1;-1;-1;-1;-1;-1;-1;-1;-1;-1;-1;-1;-1;-1;-1;-1;-1;-1;-1;-1;-1;-1;25;25;25;84;84;50;67;59;42;7;0;3.5;2.92;Kedah;MISC;2.4;1;1.5;0.67;1.4;1;75;75;75;17;17;67;67;0;1.97;0.76;2.73;3693;11;Y;Y;Y;N;N;N;Y
830349;180;139;2020;complete;55253;6;-1;61;;1;0;1;-1;-1;-1;-1;-1;-1;-1;-1;-1;-1;-1;-1;-1;-1;-1;-1;-1;-1;-1;-1;-1;2.05;3.45;2.85;1.02;1.15;1.53;2.28;3.85;17.25;4.67;2.4;1.56;1.22;1.5;2.45;0;0;0;0;1.28;1.25;1.68;2.4;2.4;3.5;2.2;2.75;3.3;0;0;1.27;1.5;1.93;2.48;3.4;3.45;2.43;1.88;1.48;1.28;0;0;0;1.62;15;2.3;4.2;7;1.28;2.21;4.7;11;3.28;1.59;1.15;1.03;1.14;1.78;3.1;6.5;4.9;1.93;1.32;1.1;0;0;0;0;1;0;0;1;0;1;0;2020-09-04 13:00:00;180;0;50;25;50;0;-1;-1;-1;-1;-1;-1;-1;-1;-1;-1;-1;-1;-1;-1;-1;0;0;0;0;0;0;0;-1;-1;-1;-1;-1;-1;-1;1;0;0;-1;-1;-1;-1;-1;-1;-1;-1;-1;-1;-1;-1;-1;25;50;50;75;100;25;75;100;50;9.5;0;3.5;3.5;Melaka United;Terengganu;1.4;1.8;1.5;3;1.8;2;75;50;50;25;0;25;25;0;1.79;2.03;3.82;3693;11;Y;N;N;N;N;N;N
830350;138;130;2020;complete;55253;6;-1;22,36,45,45,63,79,84;;7;0;7;-1;-1;-1;-1;-1;-1;-1;-1;-1;-1;-1;-1;-1;-1;-1;-1;-1;-1;-1;-1;-1;1.43;4.3;4.95;1.01;1.13;1.5;2.14;3.3;15;5.2;2.5;1.63;1.28;1.77;2;0;0;0;0;1.05;1.14;3.4;1.73;2.62;6.5;1.6;3.4;5.8;0;0;0;0;0;0;0;0;0;0;0;0;0;0;0;1.22;15;4.33;2.8;12;1.25;2.12;4.18;11;3.6;1.65;1.18;1.03;1.12;1.66;2.8;7;5.3;2.08;1.38;1.08;0;0;0;0;7;4;0;3;0;3;4;2020-09-04 13:00:00;138;0;84;67;0;0;-1;-1;-1;-1;-1;-1;-1;-1;-1;-1;-1;-1;-1;-1;-1;0;0;0;0;0;0;0;-1;-1;-1;-1;-1;-1;-1;1;0;0;-1;-1;-1;-1;-1;-1;-1;-1;-1;-1;-1;-1;-1;0;34;50;84;100;67;100;67;17;13.5;0;5;2.67;Johor Darul Ta'zim;Perak;2.67;1.5;2.33;1.67;2.6;1.6;100;67;50;17;0;75;50;50;0.84;1.7;2.54;3693;11;Y;Y;Y;Y;Y;Y;N
830351;9466;129;2020;complete;55253;6;-1;-1;;1;0;1;-1;-1;-1;-1;-1;-1;-1;-1;-1;-1;-1;-1;-1;-1;-1;-1;-1;-1;-1;-1;-1;3.5;3.75;1.75;1.01;1.13;1.53;2.43;4.04;15;5.15;2.31;1.56;1.19;1.53;2.43;0;0;0;0;1.85;1.22;1.25;3.82;2.38;2.38;3.58;2.73;2.19;0;0;0;0;0;0;0;0;0;0;0;0;0;0;0;0;0;0;0;0;1.25;2.23;4.2;10;3.6;1.58;1.18;1.04;1.12;1.79;2.8;7;5.3;1.92;1.38;1.08;0;0;0;0;1;0;0;0;0;0;0;2020-09-05 13:00:00;9466;0;59;25;42;1;-1;-1;-1;-1;-1;-1;-1;-1;-1;-1;-1;-1;-1;-1;-1;0;0;0;0;0;0;0;-1;-1;-1;-1;-1;-1;-1;-1;-1;-1;-1;-1;-1;-1;-1;-1;-1;-1;-1;-1;-1;-1;-1;25;42;42;75;100;42;75;100;42;6;0;3.83;2.84;UiTM;Pahang;1.67;0.6;1.33;1.5;1.4;1.2;75;59;59;25;0;50;50;25;1.69;1.78;3.47;3693;11;Y;N;N;N;N;N;N
830352;131;136;2020;complete;55253;6;-1;-1;-1;1;1;2;-1;-1;-1;-1;-1;-1;-1;-1;-1;-1;-1;-1;-1;-1;-1;-1;-1;-1;-1;-1;-1;2.73;3.55;1.99;1.01;1.15;1.54;2.4;4.35;16;5.1;2.4;1.5;1.19;1.47;2.55;0;0;0;0;1.7;1.23;1.3;3.55;2.38;2.55;3.3;2.75;2.35;0;0;0;0;0;0;0;0;0;0;0;0;0;0;0;0;0;0;0;0;1.24;2.3;5.6;11;3.7;1.55;1.12;1.03;1.12;1.8;2.8;7;5.3;1.9;1.38;1.08;0;0;0;0;2;0;0;0;0;0;0;2020-09-05 13:00:00;-1;0;50;0;25;1;-1;-1;-1;-1;-1;-1;-1;-1;-1;-1;-1;-1;-1;-1;-1;0;0;0;0;0;0;0;-1;-1;-1;-1;-1;-1;-1;-1;-1;-1;-1;-1;-1;-1;-1;-1;-1;-1;-1;-1;-1;-1;-1;0;25;25;67;84;42;67;67;25;6;0;5.5;2;PDRM;FELDA United;0.33;0.4;0.33;0.5;0.2;1;100;75;75;34;17;100;50;50;0.8;0.97;1.77;3693;11;Y;Y;N;N;N;N;Y
830353;136;132;2020;complete;55253;7;-1;45;48,66;1;2;3;-1;-1;-1;-1;-1;-1;-1;-1;-1;-1;-1;-1;-1;-1;-1;-1;-1;-1;-1;-1;-1;3.4;3.6;1.77;1.01;1.19;1.66;2.61;3.8;13.5;4.04;2.15;1.42;1.22;1.62;2.25;0;0;0;0;1.72;1.2;1.2;3.98;2.43;2.32;3.68;2.9;2.09;0;0;0;0;0;0;0;0;0;0;0;0;0;0;0;2.3;13;1.62;7.5;3.75;1.28;2.28;4.7;12;3.3;1.56;1.15;1.02;1.14;1.76;3.1;0;4.9;1.95;1.32;0;0;0;0;0;3;1;0;0;2;2;1;2020-09-12 13:00:00;132;0;50;0;34;0;-1;-1;-1;-1;-1;-1;-1;-1;-1;-1;-1;-1;-1;-1;-1;0;0;0;0;0;0;0;-1;-1;-1;-1;-1;-1;-1;1;0;0;-1;-1;-1;-1;-1;-1;-1;-1;-1;-1;-1;-1;-1;17;17;17;67;100;33;84;50;34;11.34;0;3.67;2.17;FELDA United;Kedah;1.17;1.67;1.33;1.33;1;1.67;84;84;84;33;0;84;67;67;1.08;1.59;2.67;3693;11;Y;Y;Y;N;N;N;Y
830354;129;131;2020;complete;55253;7;-1;37,74;83;2;1;3;-1;-1;-1;-1;-1;-1;-1;-1;-1;-1;-1;-1;-1;-1;-1;-1;-1;-1;-1;-1;-1;1.23;5.2;7.75;1.01;1.16;1.57;2.48;4.14;13.5;4.5;2.35;1.54;1.18;2;1.78;0;0;0;0;1.05;1.1;2.6;1.72;2.7;6.9;1.53;3.4;6.7;0;0;0;0;0;0;0;0;0;0;0;0;0;0;0;1.25;17;4;2.1;18;1.27;2.22;4.5;11;3.4;1.59;1.17;1.02;1.13;1.72;3;0;5.1;2;1.35;0;0;0;0;0;3;1;0;1;1;2;1;2020-09-12 13:00:00;129;0;84;34;50;0;-1;-1;-1;-1;-1;-1;-1;-1;-1;-1;-1;-1;-1;-1;-1;0;0;0;0;0;0;0;-1;-1;-1;-1;-1;-1;-1;1;0;0;-1;-1;-1;-1;-1;-1;-1;-1;-1;-1;-1;-1;-1;17;67;84;100;100;59;100;84;50;6;0;2.5;3.67;Pahang;PDRM;1.67;0;1;0;1;0.33;84;34;17;0;0;34;17;0;1.3;0.64;1.94;3693;11;Y;Y;Y;N;N;N;Y
830355;130;9466;2020;complete;55253;7;-1;4;;1;0;1;-1;-1;-1;-1;-1;-1;-1;-1;-1;-1;-1;-1;-1;-1;-1;-1;-1;-1;-1;-1;-1;1.8;3.6;3.3;1.01;1.22;1.72;2.62;4.5;13;4;2.07;1.44;1.16;1.73;2.04;0;0;0;0;1.24;1.23;1.78;2.41;2.32;3.88;2.25;2.66;3.54;0;0;0;0;0;0;0;0;0;0;0;0;0;0;0;1.67;13;2.37;3.6;7.5;1.28;2.32;4.7;12;3.34;1.54;1.15;1.03;1.14;1.85;3.1;8;4.9;1.85;1.32;1.06;0;0;0;0;1;1;0;0;0;0;1;2020-09-11 13:00:00;130;0;25;25;0;0;-1;-1;-1;-1;-1;-1;-1;-1;-1;-1;-1;-1;-1;-1;-1;0;0;0;0;0;0;0;-1;-1;-1;-1;-1;-1;-1;1;1;0;-1;-1;-1;-1;-1;-1;-1;-1;-1;-1;-1;-1;-1;0;0;25;50;100;25;75;75;0;7.5;0;4.5;1.75;Perak;UiTM;1.8;1.4;1.5;1.5;1.33;1.67;100;100;75;50;0;50;25;0;1.29;1;2.29;3693;11;Y;N;N;N;N;N;N
830356;139;138;2020;complete;55253;7;-1;;6;0;1;1;-1;-1;-1;-1;-1;-1;-1;-1;-1;-1;-1;-1;-1;-1;-1;-1;-1;-1;-1;-1;-1;4.9;4.05;1.47;1.01;1.14;1.44;2;3.4;15;5;2.7;1.72;1.3;1.72;2.08;0;0;0;0;2.55;1.15;1.09;4.84;2.5;2.04;4.62;3;1.82;0;0;0;0;0;0;0;0;0;0;0;0;0;0;0;2.88;18;1.4;12;3;1.28;2.28;4.7;9;3.3;1.56;1.15;1.05;1.14;1.76;3.1;6.5;4.9;1.95;1.32;1.1;0;0;0;0;1;0;1;0;0;0;1;2020-09-11 13:00:00;138;0;59;59;17;0;-1;-1;-1;-1;-1;-1;-1;-1;-1;-1;-1;-1;-1;-1;-1;0;0;0;0;0;0;0;-1;-1;-1;-1;-1;-1;-1;1;0;1;-1;-1;-1;-1;-1;-1;-1;-1;-1;-1;-1;-1;-1;42;75;75;75;100;75;75;75;50;12.67;0;4.83;3.84;Terengganu;Johor Darul Ta'zim;1.67;2.6;1.33;3;1.67;2.67;59;25;25;25;0;59;59;42;1.61;2.02;3.63;3693;11;Y;N;N;N;N;N;N
830357;140;180;2020;complete;55253;7;-1;40;39;1;1;2;-1;-1;-1;-1;-1;-1;-1;-1;-1;-1;-1;-1;-1;-1;-1;-1;-1;-1;-1;-1;-1;1.91;3.5;3.1;1.01;1.16;1.57;2.25;4;15;4.5;2.35;1.57;1.22;1.67;2.15;0;0;0;0;1.28;1.25;1.68;2.53;2.31;3.64;2.36;2.65;3.32;0;0;0;0;0;0;0;0;0;0;0;0;0;0;0;1.73;14;2.2;4.5;6.5;1.28;2.32;4.7;12;3.34;1.54;1.15;1.03;1.14;1.85;3.1;7.5;4.9;1.85;1.32;1.07;0;0;0;0;2;1;1;0;0;0;2;2020-09-11 13:00:00;-1;0;42;25;17;0;-1;-1;-1;-1;-1;-1;-1;-1;-1;-1;-1;-1;-1;-1;-1;0;0;0;0;0;0;0;-1;-1;-1;-1;-1;-1;-1;1;0;0;-1;-1;-1;-1;-1;-1;-1;-1;-1;-1;-1;-1;-1;17;17;17;59;75;42;59;50;17;7.67;0;2.33;1.84;Selangor;Melaka United;1.4;1.17;1;2;1.5;2;84;84;84;42;25;59;34;17;1;1.77;2.77;3693;11;Y;Y;N;N;N;N;Y
830358;9469;9463;2020;complete;55253;7;-1;53;88;1;1;2;-1;-1;-1;-1;-1;-1;-1;-1;-1;-1;-1;-1;-1;-1;-1;-1;-1;-1;-1;-1;-1;1.83;4;3.1;1.01;1.16;1.65;2.68;4.6;13.5;4.5;2.2;1.47;1.15;1.55;2.3;0;0;0;0;1.27;1.23;1.75;2.4;2.37;3.6;2.28;2.63;3.52;0;0;0;0;0;0;0;0;0;0;0;0;0;0;0;1.62;14;2.4;3.75;8;1.29;2.36;4.7;12;3.3;1.52;1.15;1.02;1.14;1.88;3.1;0;4.9;1.82;1.32;0;0;0;0;0;2;0;0;1;1;2;0;2020-09-12 13:00:00;-1;0;25;25;25;0;-1;-1;-1;-1;-1;-1;-1;-1;-1;-1;-1;-1;-1;-1;-1;0;0;0;0;0;0;0;-1;-1;-1;-1;-1;-1;-1;1;0;0;-1;-1;-1;-1;-1;-1;-1;-1;-1;-1;-1;-1;-1;25;42;42;84;84;42;84;84;42;8.67;0;2.83;2.75;MISC;Sabah;1.6;0.33;1.5;0.33;0.83;0.83;75;59;59;17;17;34;17;17;1.59;1.06;2.65;3693;11;Y;Y;N;N;N;N;Y
830359;132;9463;2020;complete;55253;8;-1;26,71,75;28;3;1;4;5;9;14;-1;-1;2;2;0;0;5;5;6;5;11;10;-1;-1;58;42;2;2;1.34;4.5;6.5;1.01;1.2;2.05;2.63;4;13;3.98;1.74;1.41;1.21;1.65;2.1;0;0;0;0;1.14;1.2;2.1;2.1;2.3;4.5;1.91;2.75;4.33;0;0;0;0;0;0;0;0;0;0;0;0;0;0;0;1.44;13;2.8;3;9.5;1.3;2.41;4.78;12;3.2;1.5;1.14;1.03;1.15;1.92;3.2;7.5;4.7;1.79;1.3;1.07;0;0;0;0;4;1;1;2;0;2;2;2020-09-21 13:00:00;132;0;46;25;38;0;1;1;1;2;4;7;3;11;0;0;2;2;0;4;1;59;52;100;73;1.48;1.36;2.83;0;0;0;0;0;0;1;1;0;0;1;0;0;0;-1;-1;-1;-1;-1;-1;-1;-1;-1;17;29;46;88;88;46;59;54;42;8.67;0;3.83;3;Kedah;Sabah;2.4;0.33;2;0.5;1.86;0.86;84;71;54;13;13;84;67;17;1.97;1.06;3.03;3693;11;Y;Y;Y;Y;N;N;Y
830360;180;9469;2020;complete;55253;8;-1;;;0;0;0;-1;-1;-1;-1;-1;-1;-1;-1;-1;-1;-1;-1;-1;-1;-1;-1;-1;-1;-1;-1;-1;1.62;3.45;4.4;1.06;1.4;2.2;4;7;8;2.75;1.65;1.22;1.08;2.15;1.62;0;0;0;0;1.15;1.25;2.01;2.25;2.1;5;2;2.5;4.5;0;0;0;0;0;0;0;0;0;0;0;0;0;0;0;1.53;8.5;2.88;2.75;8;1.4;2.89;6.65;17;2.72;1.36;1.08;1.01;1.3;2.25;4.68;12;3.2;1.57;1.15;1.03;0;0;0;0;0;0;0;0;0;0;0;2020-09-20 13:00:00;-1;0;42;0;33;0;-1;-1;-1;-1;-1;-1;-1;-1;-1;-1;-1;-1;-1;-1;-1;0;0;0;0;0;0;0;0;0;0;0;0;0;1;1;0;0;-1;-1;-1;-1;-1;-1;-1;-1;-1;-1;-1;-1;-1;0;17;29;54;88;0;29;75;29;9;0;3;1.88;Melaka United;MISC;1.4;1;2;0.5;1.86;0.86;100;84;71;46;13;17;17;0;1.79;0.76;2.55;3693;11;N;N;N;N;N;N;N
830361;138;140;2020;complete;55253;8;-1;49,64,67,72,75;81;5;1;6;4;2;6;-1;-1;3;2;1;0;7;2;3;1;10;3;-1;-1;50;50;5;2;1.44;3.9;5.3;1.01;1.22;1.7;2.8;4.8;11;3.74;2.1;1.37;1.15;1.85;1.87;0;0;0;0;1.11;1.22;2.38;2;2.3;5.5;1.8;2.75;5;0;0;0;1.88;0;0;0;0;1.93;0;0;0;0;0;0;1.4;12;3.25;2.5;11;1.33;2.63;6;13;3;1.44;1.1;1.01;1.19;1.98;3.6;0;4.2;1.74;1.24;0;0;0;0;0;7;1;0;5;1;6;1;2020-09-19 13:00:00;138;0;63;38;25;0;1;1;3;1;1;1;4;2;1;1;3;1;2;4;1;37;22;90;79;1.4;0.5;1.9;0;0;0;0;0;0;1;1;0;0;0;0;0;0;-1;-1;-1;-1;-1;-1;-1;-1;-1;25;25;63;88;100;63;88;75;38;9;0;4.33;3.38;Johor Darul Ta'zim;Selangor;2.67;1.67;2.5;1.75;2.71;1.43;75;75;38;13;0;75;75;25;0.84;1.35;2.19;3693;11;Y;Y;Y;Y;Y;Y;Y
830362;9466;139;2020;complete;55253;8;-1;4,60;38;2;1;3;5;7;12;-1;-1;3;4;1;0;4;5;12;6;16;11;-1;-1;50;50;5;4;2.6;3.2;2.25;1.01;1.25;1.85;3.03;4.9;10.5;3.48;1.95;1.32;1.14;1.7;2.05;0;0;0;0;1.5;1.33;1.4;3.2;2.1;3;3.1;2.5;2.6;0;0;0;0;1.95;0;0;0;0;1.85;0;0;0;0;0;2.25;10;1.72;5.5;4.33;1.36;2.75;6.5;15;2.88;1.4;1.08;1.01;1.2;2.06;3.7;0;4;1.68;1.23;0;0;0;0;0;3;1;1;1;0;1;2;2020-09-19 13:00:00;9466;0;42;17;33;0;1;1;2;2;3;5;4;8;1;1;3;3;2;6;1;82;62;114;91;1.88;1.49;3.37;0;0;0;0;0;0;1;1;1;0;1;0;0;0;-1;-1;-1;-1;-1;-1;-1;-1;-1;17;29;29;71;100;29;71;88;29;8.5;0;3.83;2.79;UiTM;Terengganu;1.67;1.8;1.75;2;1.43;1.43;84;71;71;29;0;75;75;25;1.69;2.03;3.72;3693;11;Y;Y;Y;N;N;N;Y
830363;131;130;2020;complete;55253;8;-1;;55,87;0;2;2;8;6;14;-1;-1;1;3;0;0;2;6;2;2;4;8;-1;-1;50;50;1;3;3.6;3.45;1.77;1.03;1.28;1.8;3;5;10;3.5;2;1.36;1.14;1.83;1.93;0;0;0;0;1.82;1.24;1.24;4.24;2.21;2.42;3.8;2.53;2.25;0;0;0;0;0;0;0;0;0;0;0;0;0;0;0;2.4;11;1.67;7;3.6;1.33;2.58;5.95;12;3.02;1.44;1.1;1.02;1.2;2.03;4.04;9;4;1.7;1.2;1.05;0;0;0;0;2;0;0;0;2;2;0;2020-09-20 13:00:00;130;0;50;38;0;0;1;1;5;5;3;1;10;4;1;2;0;1;3;1;1;47;62;95;105;0.75;1.38;2.13;0;0;0;0;0;0;1;1;0;0;1;0;1;0;-1;-1;-1;-1;-1;-1;-1;-1;-1;13;38;38;75;88;63;63;50;25;13;0;6;2.75;PDRM;Perak;0.33;1.5;0.5;1.25;0.29;1.57;88;63;63;25;13;100;75;75;0.8;1.7;2.5;3693;11;Y;Y;N;N;N;N;N
830364;136;129;2020;complete;55253;8;-1;-1,-1;-1;2;1;3;5;6;11;-1;-1;-1;-1;-1;-1;6;9;3;5;9;14;-1;-1;45;55;-1;-1;2.95;3.4;2;1.02;1.25;1.8;3;5;11;3.75;2;1.36;1.14;1.65;2.1;0;0;0;0;1.64;1.26;1.32;3.6;2.15;2.65;3.2;2.6;2.4;0;0;0;0;0;0;0;0;0;0;0;0;0;0;0;2.1;11;1.8;6;4.2;1.33;2.55;5.9;13;3.04;1.45;1.1;1.01;1.18;2;3.94;9;4.3;1.72;1.21;1.05;0;0;0;0;3;0;0;0;0;0;0;2020-09-20 13:00:00;136;0;54;25;50;1;1;-1;2;4;3;2;6;5;-1;-1;-1;-1;-1;-1;1;56;48;105;106;1.4;1.87;3.27;-1;-1;-1;-1;-1;-1;-1;-1;-1;-1;0;1;-1;-1;-1;-1;-1;-1;-1;-1;-1;-1;-1;29;29;42;54;100;29;54;71;54;5.67;0;3.5;2.54;FELDA United;Pahang;1.17;0.6;1;1;0.86;1.29;71;71;59;46;0;34;17;17;1.08;1.78;2.86;3693;11;Y;Y;Y;N;N;N;Y
830365;9463;180;2020;complete;55253;9;-1;25,65,72;16,45;3;2;5;6;1;7;-1;-1;4;0;0;0;6;3;5;4;11;7;-1;-1;50;50;4;0;3;3.25;2.05;1.01;1.21;1.8;2.54;4.3;12;4;2;1.45;1.18;1.6;2.27;0;0;0;0;1.45;1.25;1.53;2.6;2.3;3.5;2.47;2.7;3.09;0;0;0;0;0;0;0;0;0;0;0;0;0;0;0;1.8;11;2.1;4.33;6;1.33;2.42;5.15;13;3;1.5;1.13;1.02;1.17;1.88;3.4;7;4.4;1.82;1.27;1.08;0;0;0;0;5;1;2;2;0;2;3;2020-09-27 12:15:00;9463;0;75;29;46;0;1;1;3;0;3;1;3;4;0;0;4;0;0;4;1;50;44;79;83;1.48;0.98;2.45;1;0;1;0;0;0;1;1;0;0;2;0;0;0;-1;-1;-1;-1;-1;-1;-1;-1;-1;13;46;63;88;100;59;71;88;46;13.67;0;4.83;3.09;Sabah;Melaka United;1.4;1.17;1.33;1.75;0.75;1.75;88;54;38;13;0;84;34;17;1.17;1.77;2.94;3693;11;Y;Y;Y;Y;Y;N;Y
830366;129;132;2020;complete;55253;9;-1;41,46;15;2;1;3;4;3;7;-1;-1;-1;-1;-1;-1;5;3;3;5;8;8;-1;-1;49;51;-1;-1;2.3;3.2;2.55;1;1.18;1.65;2.6;4.6;10;3.8;2;1.37;1.12;1.53;2.35;0;0;0;0;1.43;1.25;1.5;3;2.25;3.1;2.65;2.6;2.8;0;0;0;0;0;0;0;0;0;0;0;0;0;0;0;1.91;12;2;5;5.5;1.3;2.41;5.45;12;3.2;1.5;1.1;1.02;1.17;1.92;3.68;9;4.4;1.79;1.24;1.07;0;0;0;0;3;1;1;1;0;1;2;2020-09-26 13:00:00;129;0;63;25;13;0;1;-1;0;1;4;2;1;6;-1;-1;-1;-1;-1;-1;1;57;56;75;76;1.27;1.12;2.39;-1;-1;-1;-1;-1;-1;-1;1;0;0;0;1;-1;-1;-1;-1;-1;-1;-1;-1;-1;-1;-1;13;13;50;88;100;38;100;63;25;11.67;0;3.67;2.63;Pahang;Kedah;1.67;1.67;1.5;1.75;1.13;2;88;88;50;13;0;84;67;50;1.3;1.59;2.89;3693;11;Y;Y;Y;N;N;N;Y
830367;130;136;2020;complete;55253;9;-1;17,48,53,69,86;62;5;1;6;5;6;11;-1;-1;-1;-1;-1;-1;6;2;2;3;8;5;-1;-1;46;54;-1;-1;1.43;4.1;5.2;1.01;1.15;1.58;2.35;4.04;13.5;4.6;2.39;1.51;1.19;1.73;2.06;0;0;0;0;1.14;1.18;2.25;2.08;2.42;4.8;1.9;2.81;4.54;0;0;0;0;0;0;0;0;0;0;0;0;0;0;0;1.4;15;3.1;3;11;1.28;2.27;4.7;12;3.3;1.56;1.15;1.02;1.14;1.82;3.1;7.5;4.9;1.88;1.32;1.07;0;0;0;0;6;1;0;4;1;5;1;2020-09-25 13:00:00;130;0;50;0;25;0;1;-1;3;4;2;2;7;4;-1;-1;-1;-1;-1;-1;1;45;69;98;110;1.26;0.97;2.23;-1;-1;-1;-1;-1;-1;-1;1;0;0;2;0;-1;-1;-1;-1;-1;-1;-1;-1;-1;-1;-1;0;17;17;67;100;17;67;67;17;4;0;4.5;2;Perak;FELDA United;1.8;0.4;2;0.67;1.75;1.13;100;84;84;34;0;75;25;0;1.29;0.97;2.26;3693;11;Y;Y;Y;Y;Y;Y;Y
830368;139;131;2020;complete;55253;9;-1;8,26,45,75;;4;0;4;6;1;7;-1;-1;-1;-1;-1;-1;5;0;0;0;5;0;-1;-1;58;42;-1;-1;1.33;4.5;6.05;1.01;1.14;1.53;2.24;3.74;14;4.84;2.5;1.56;1.22;1.8;1.97;0;0;0;0;1.08;1.15;2.65;1.9;2.49;5.7;1.73;2.92;5.5;0;0;0;0;0;0;0;0;0;0;0;0;0;0;0;1.3;15;3.75;2.5;13;1.27;2.27;5;12;3.4;1.56;1.11;1.02;1.14;1.82;3.42;7.5;4.9;1.88;1.27;1.07;0;0;0;0;4;3;0;1;0;1;3;2020-09-25 13:00:00;139;0;75;25;63;0;1;-1;2;0;4;1;2;5;-1;-1;-1;-1;-1;-1;1;52;27;115;89;1.06;0.22;1.27;-1;-1;-1;-1;-1;-1;-1;1;1;0;1;0;-1;-1;-1;-1;-1;-1;-1;-1;-1;-1;-1;13;71;88;88;100;54;100;88;88;6.67;0;2.83;3.71;Terengganu;PDRM;1.67;0;1;0;1.25;0.25;88;29;13;13;0;34;34;17;1.61;0.64;2.25;3693;11;Y;Y;Y;Y;N;N;N
830369;140;9466;2020;complete;55253;9;-1;25,45,90;49,59,62;3;3;6;3;11;14;-1;-1;-1;-1;-1;-1;6;5;4;4;10;9;-1;-1;55;45;-1;-1;2;3.3;3.05;1.01;1.19;1.67;2.7;4.8;9.75;3.65;1.95;1.34;1.11;1.7;2.05;0;0;0;0;1.37;1.3;1.53;2.87;2.2;3.25;2.35;2.6;3.2;0;0;0;0;0;0;0;0;0;0;0;0;0;0;0;1.73;11;2.2;4;6;1.3;2.54;5.7;13;3;1.41;1.11;1.01;1.12;1.91;3.84;7;5.3;1.8;1.22;1.1;0;0;0;0;6;2;0;1;3;4;2;2020-09-26 13:00:00;-1;0;50;50;0;0;1;-1;1;4;2;7;5;9;-1;-1;-1;-1;-1;-1;1;65;60;108;92;1.53;1.36;2.88;-1;-1;-1;-1;-1;-1;-1;1;0;0;0;0;-1;-1;-1;-1;-1;-1;-1;-1;-1;-1;-1;0;0;17;50;84;50;84;17;0;6.5;0;3.5;1.5;Selangor;UiTM;1.4;1.4;1;1;1.25;1.63;100;100;84;50;17;50;0;0;1;1;2;3693;11;Y;Y;Y;Y;Y;Y;Y
830370;9469;138;2020;complete;55253;9;-1;38,45;36,45;2;2;4;3;8;11;-1;-1;-1;-1;-1;-1;4;9;3;1;7;10;-1;-1;37;63;-1;-1;8.25;5;1.23;1.01;1.13;1.47;2.33;3.72;15;5;2.6;1.61;1.22;2.13;1.68;0;0;0;0;3.58;1.1;1.01;8;2.6;1.66;7.6;3.16;1.53;0;0;0;0;0;0;0;0;0;0;0;0;0;0;0;4;17;1.25;19;2;1.28;2.27;4.7;12;3.3;1.56;1.15;1.02;1.14;1.82;3.1;7;4.9;1.88;1.32;1.08;0;0;0;0;4;2;2;0;0;0;4;2020-09-25 13:00:00;-1;0;50;33;34;0;1;-1;2;2;1;6;4;7;-1;-1;-1;-1;-1;-1;1;33;78;76;106;0.97;1.83;2.8;-1;-1;-1;-1;-1;-1;-1;1;0;0;0;1;-1;-1;-1;-1;-1;-1;-1;-1;-1;-1;-1;33;33;33;67;100;33;67;67;34;11;0;4;2.67;MISC;Johor Darul Ta'zim;1.6;2.6;1.33;3;0.88;2.75;67;67;67;34;0;25;25;25;1.59;2.02;3.61;3693;11;Y;Y;Y;Y;N;N;Y
830371;132;180;2020;complete;55253;10;-1;19;;1;0;1;7;12;19;-1;-1;-1;-1;-1;-1;4;5;7;8;11;13;-1;-1;50;50;-1;-1;1.47;4.15;4.75;1;1.09;1.39;2;3.3;13;5.05;2.55;1.62;1.24;1.48;2.3;0;0;0;0;1.23;1.22;1.87;2.3;2.4;3.75;2.17;2.69;3.7;0;0;0;0;0;0;0;0;0;0;0;0;0;0;0;1.53;15;2.5;0;0;1.27;2.29;4.5;0;3.4;1.55;1.17;0;1.15;1.84;3.1;0;4.7;1.86;1.31;0;0;0;0;0;1;1;0;0;0;0;1;2020-10-05 13:00:00;132;0;68;54;27;0;1;-1;3;8;4;4;11;8;-1;-1;-1;-1;-1;-1;1;49;76;87;97;1.33;1.72;3.05;-1;-1;-1;-1;-1;-1;-1;1;0;0;2;0;-1;-1;-1;-1;-1;-1;-1;-1;-1;-1;-1;33;45;58;90;100;68;78;65;45;8.5;0;3.33;3.5;Kedah;Melaka United;2.4;1.17;2.25;1.4;1.78;1.56;68;55;43;10;0;75;75;38;1.72;1.57;3.29;3693;11;Y;N;N;N;N;N;N
830372;138;9463;2020;complete;55253;10;-1;38,57,81,84;74;4;1;5;7;3;10;-1;-1;-1;-1;-1;-1;5;2;1;0;6;2;-1;-1;65;35;-1;-1;1.07;7.75;13.5;1.01;1.08;1.3;1.9;2.84;19;6.6;3.5;1.9;1.36;2;1.77;0;0;0;0;1.01;1.07;5;1.4;3.2;12;1.34;4.2;9.1;0;0;0;0;0;0;0;0;0;0;0;0;0;0;0;1.12;19;6;2.05;34;1.17;1.88;3.4;8;4.4;1.82;1.27;1.05;1.08;1.52;2.48;5;6.4;2.36;1.48;1.14;0;0;0;0;5;1;0;3;1;4;1;2020-10-02 13:00:00;138;0;50;20;20;0;1;-1;4;1;3;2;5;5;-1;-1;-1;-1;-1;-1;1;52;13;102;76;1.12;0.38;1.49;-1;-1;-1;-1;-1;-1;-1;1;0;0;1;0;-1;-1;-1;-1;-1;-1;-1;-1;-1;-1;-1;20;40;50;80;90;40;80;80;50;11.5;0;4.25;3.2;Johor Darul Ta'zim;Sabah;2.67;0.33;2.6;0.4;2.56;1;80;60;50;20;10;54;42;42;1.02;1.13;2.15;3693;11;Y;Y;Y;Y;Y;N;Y
830373;9466;9469;2020;complete;55253;10;-1;45,75;46,48,66,79;2;4;6;7;5;12;-1;-1;-1;-1;-1;-1;6;9;3;0;9;9;-1;-1;45;55;-1;-1;1.8;3.6;3.6;1.01;1.17;1.63;2.46;3.9;13;4.32;2.25;1.47;1.21;1.56;2.36;0;0;0;0;1.23;1.22;1.87;2.3;2.4;3.75;2.17;2.69;3.7;0;0;0;0;0;0;0;0;0;0;0;0;0;0;0;1.53;12;2.5;4.25;6;1.27;2.29;4.5;11;3.4;1.55;1.17;1.03;1.15;1.84;3.1;7;4.7;1.86;1.31;1.08;0;0;0;0;6;1;0;1;4;5;1;2020-10-02 13:00:00;9469;0;50;13;25;0;1;-1;6;3;1;2;9;3;-1;-1;-1;-1;-1;-1;1;65;52;96;106;1.46;1.58;3.05;-1;-1;-1;-1;-1;-1;-1;1;0;0;0;1;-1;-1;-1;-1;-1;-1;-1;-1;-1;-1;-1;0;10;30;70;80;20;50;60;20;8.33;0;4;1.9;UiTM;MISC;1.67;1;2;0.6;1.56;0.89;100;90;70;30;20;67;67;34;1.75;0.76;2.51;3693;11;Y;Y;Y;Y;Y;Y;Y
830374;131;140;2020;complete;55253;10;-1;;19,26,33,69,74,80,83;0;7;7;6;6;12;-1;-1;2;1;0;0;3;11;4;5;7;16;-1;-1;38;62;2;1;3.5;3.6;1.74;1;1.14;1.51;2.3;3.95;11.25;4.3;2.2;1.48;1.16;1.5;2.25;0;0;0;0;2;1.2;1.2;4.33;2.4;2.1;3.9;2.78;2.05;0;0;0;0;0;0;0;0;0;0;0;0;0;0;0;2.75;13;1.5;8;3.75;1.25;2.21;4.3;10;3.6;1.59;1.18;1.04;1.14;1.78;3;7;4.9;1.93;1.33;1.08;0;0;0;0;7;0;3;0;4;4;3;2020-10-03 13:00:00;140;0;50;20;30;0;1;1;1;4;5;2;5;7;1;0;1;1;1;2;1;29;68;81;113;0.87;2.27;3.14;0;0;0;0;0;0;1;1;0;0;1;1;0;0;-1;-1;-1;-1;-1;-1;-1;-1;-1;20;20;40;80;90;40;50;60;40;8.75;0;4.75;2.8;PDRM;Selangor;0.33;1.67;0.4;1.4;0.22;1.22;80;80;60;20;10;84;84;50;0.79;1.07;1.86;3693;11;Y;Y;Y;Y;Y;Y;N
830375;136;139;2020;complete;55253;10;-1;;5,38,65;0;3;3;7;5;12;-1;-1;2;2;0;0;2;4;2;3;4;7;-1;-1;57;43;2;2;2.2;3.25;2.7;1;1.16;1.57;2.45;4.25;10.5;4;2.1;1.42;1.14;1.49;2.25;0;0;0;0;1.47;1.25;1.47;3.2;2.3;2.75;2.77;2.62;2.79;0;0;0;0;0;0;0;0;0;0;0;0;0;0;0;2.1;13;1.8;5;5.5;1.28;2.34;4.7;12;3.34;1.53;1.15;1.03;1.16;1.85;3.3;7.5;4.6;1.85;1.29;1.07;0;0;0;0;3;0;2;0;1;1;2;2020-10-03 13:00:00;139;0;65;25;38;0;1;1;4;2;3;3;6;6;0;1;2;1;1;3;1;71;45;71;69;0.91;1.05;1.96;0;0;0;0;0;0;1;1;0;1;0;1;0;0;-1;-1;-1;-1;-1;-1;-1;-1;-1;23;23;55;78;100;35;68;80;43;9.33;0;4.33;3.03;FELDA United;Terengganu;1.17;1.8;1.4;1.5;1;1.44;78;78;45;23;0;71;59;42;1.16;1.76;2.92;3693;11;Y;Y;Y;N;N;N;N
830376;129;130;2020;complete;55253;10;-1;8,27,41;48,85;3;2;5;0;4;4;-1;-1;4;5;0;0;4;4;0;0;4;4;-1;-1;49;51;4;5;2.25;3.2;2.65;1;1.18;1.65;2.6;4.6;10;3.8;2;1.37;1.12;1.53;2.2;0;0;0;0;1.32;1.25;1.64;2.75;2.25;3.4;2.46;2.58;3.24;0;0;0;0;0;0;0;0;0;0;0;0;0;0;0;1.72;11;2.2;4.33;5.75;1.3;2.41;4.9;12;3.2;1.5;1.14;1.03;1.17;1.92;3.4;8;4.4;1.79;1.27;1.06;0;0;0;0;6;3;0;0;3;3;3;2020-10-03 13:00:00;-1;0;70;60;10;0;1;1;0;2;0;2;2;2;1;2;3;3;3;6;1;29;41;99;107;0.76;0.85;1.61;0;0;0;0;0;0;1;1;1;0;0;0;0;0;-1;-1;-1;-1;-1;-1;-1;-1;-1;20;40;70;100;100;70;90;80;40;11.33;0;5;3.5;Pahang;Perak;1.67;1.5;1.8;1.6;1.33;1.89;80;60;30;0;0;75;46;34;1.29;1.59;2.88;3693;11;Y;Y;Y;Y;Y;Y;Y
830377;9463;9466;2020;complete;55253;11;-1;;-1,-1,-1;0;3;3;-1;-1;-1;-1;-1;-1;-1;-1;-1;-1;-1;-1;-1;-1;-1;-1;-1;-1;-1;-1;-1;0;0;0;0;0;0;0;0;0;0;0;0;0;0;0;0;0;0;0;0;0;0;0;0;0;0;0;0;0;0;0;0;0;0;0;0;0;0;0;0;0;0;0;0;0;0;0;0;0;0;0;0;0;0;0;0;0;0;0;0;0;0;0;0;0;0;0;0;3;0;0;0;0;0;0;2020-10-31 13:00:00;9466;0;75;38;38;1;-1;-1;-1;-1;-1;-1;-1;-1;-1;-1;-1;-1;-1;-1;-1;0;0;0;0;0;0;0;-1;-1;-1;-1;-1;-1;-1;-1;-1;-1;-1;-1;-1;-1;-1;-1;-1;-1;-1;-1;-1;-1;-1;25;50;75;75;100;63;88;75;50;13.67;0;6.17;3.38;Sabah;UiTM;1.4;1.4;1.75;1;0.9;1.4;75;50;25;25;0;59;17;17;1.32;1.12;2.44;3693;11;Y;Y;Y;N;N;N;N
830379;139;129;2020;complete;55253;11;-1;16,82;13;2;1;3;10;2;12;-1;-1;-1;-1;-1;-1;3;2;0;0;3;2;-1;-1;58;42;-1;-1;1.91;3.5;3.05;1.01;1.12;1.48;2.1;3.4;15;5.2;2.65;1.64;1.26;1.5;2.51;0;0;0;0;1.47;1.24;1.48;2.93;2.34;3;2.72;2.68;2.77;0;0;0;0;0;0;0;0;0;0;0;0;0;0;0;1.91;17.25;1.92;0;0;1.25;2.23;4.3;9;3.6;1.58;1.18;1.05;1.14;1.79;3;6;4.9;1.92;1.33;1.11;0;0;0;0;3;1;1;1;0;1;2;2020-10-11 13:00:00;139;0;45;45;35;0;1;-1;5;1;5;1;6;6;-1;-1;-1;-1;-1;-1;1;56;32;86;75;0.81;0.51;1.32;-1;-1;-1;-1;-1;-1;-1;1;0;0;0;0;-1;-1;-1;-1;-1;-1;-1;-1;-1;-1;-1;23;53;65;65;100;53;63;65;43;9;0;3.83;3.15;Terengganu;Pahang;1.67;0.6;1.4;0.75;1.6;1.3;78;48;35;35;0;50;50;38;1.47;1.82;3.29;3693;11;Y;Y;Y;N;N;N;Y
830380;140;136;2020;complete;55253;11;-1;13,45,62,70,78,88;33;6;1;7;1;1;2;-1;-1;-1;-1;-1;-1;0;0;0;2;0;2;-1;-1;58;42;-1;-1;1.37;4.15;5.8;1;1.12;1.47;2.2;3.7;12;4.6;2.35;1.53;1.19;1.59;2.1;0;0;0;0;1.1;1.16;2.49;1.94;2.52;5.3;1.78;2.94;5;0;0;0;0;0;0;0;0;0;0;0;0;0;0;0;1.4;18.25;2.98;2.5;15;1.24;2.17;4.2;10;3.6;1.61;1.19;1.04;1.13;1.75;2.9;7;5.1;1.96;1.35;1.08;0;0;0;0;7;2;1;4;0;4;3;2020-10-10 13:00:00;140;0;88;25;46;0;1;-1;1;1;0;0;2;0;-1;-1;-1;-1;-1;-1;1;6;10;10;10;0.05;0.2;0.24;-1;-1;-1;-1;-1;-1;-1;1;0;0;1;1;-1;-1;-1;-1;-1;-1;-1;-1;-1;-1;-1;25;38;38;88;88;50;75;50;38;5.83;0;3.5;3;Selangor;FELDA United;1.4;0.4;1;0.5;1.4;0.9;75;63;63;13;13;84;42;42;1.18;0.97;2.15;3693;11;Y;Y;Y;Y;Y;Y;Y
830381;9469;131;2020;complete;55253;11;-1;42,55,66,71;81;4;1;5;5;6;11;-1;-1;-1;-1;-1;-1;12;8;2;4;14;12;-1;-1;57;43;-1;-1;1.24;5.2;7.25;1;1.09;1.38;2;3.25;13;5.1;2.6;1.65;1.25;1.65;2;0;0;0;0;1.06;1.13;2.94;1.78;2.67;6;1.63;3.15;5.75;0;0;0;0;0;0;0;0;0;0;0;0;0;0;0;1.33;20.5;3.3;3;12;1.21;2.07;3.9;9;3.9;1.67;1.21;1.05;1.11;1.67;2.75;6.5;5.5;2.07;1.4;1.1;0;0;0;0;5;1;0;3;1;4;1;2020-10-10 13:00:00;9469;0;75;25;63;0;1;-1;2;2;3;4;4;7;-1;-1;-1;-1;-1;-1;1;55;51;92;83;2.12;1.69;3.81;-1;-1;-1;-1;-1;-1;-1;1;0;0;1;1;-1;-1;-1;-1;-1;-1;-1;-1;-1;-1;-1;13;63;75;100;100;50;88;88;63;4.5;0;2;3.5;MISC;PDRM;1.6;0;1.25;0;1.1;0.2;88;38;25;0;0;17;17;17;1.28;0.43;1.71;3693;11;Y;Y;Y;Y;Y;N;Y
830382;180;138;2020;complete;55253;11;-1;;70,74,79,84,90;0;5;5;4;4;8;-1;-1;-1;-1;-1;-1;4;9;2;6;6;15;-1;-1;37;63;-1;-1;5.4;4.25;1.38;1;1.1;1.42;2.1;3.45;12.5;4.85;2.45;1.57;1.22;1.57;2.1;0;0;0;0;2.59;1.15;1.09;5.3;2.58;1.9;5.1;3.02;1.74;0;0;0;0;1.98;0;0;0;0;1.83;0;0;0;0;0;3.04;19.5;1.38;11;3;1.21;2.11;3.8;10;3.9;1.65;1.22;1.04;1.11;1.7;2.7;6.5;5.5;2.03;1.41;1.1;0;0;0;0;5;0;0;0;5;5;0;2020-10-10 13:00:00;138;0;38;25;13;0;1;-1;3;2;1;2;5;3;-1;-1;-1;-1;-1;-1;1;44;58;81;89;0.98;1.99;2.98;-1;-1;-1;-1;-1;-1;-1;1;0;0;0;0;-1;-1;-1;-1;-1;-1;-1;-1;-1;-1;-1;13;38;38;38;88;25;50;50;13;13;0;4.5;2.13;Melaka United;Johor Darul Ta'zim;1.4;2.6;1.75;2.5;1.4;2.6;88;63;63;63;13;34;34;34;1.79;1.95;3.74;3693;11;Y;Y;Y;Y;Y;N;N
1062703;130;180;2020;complete;55253;5;-1;;52;0;1;1;3;4;7;-1;-1;2;1;0;0;5;6;8;9;13;15;-1;-1;47;53;2;1;1.71;3.7;4.88;1.01;1.15;1.53;2.3;4.1;13.5;4.54;2.4;1.55;1.19;1.57;2.25;0;0;0;0;1.14;1.25;2.2;2.1;2.5;4.33;2;2.8;4;0;0;0;0;0;0;0;0;0;0;0;0;0;0;0;1.44;15;2.75;3.5;9;1.25;2.25;5.5;11;3.5;1.57;1.13;1.02;1.14;1.8;3.1;6.5;4.9;1.9;1.32;1.1;0;0;0;0;1;0;0;0;1;1;0;2020-08-28 13:00:00;180;0;25;0;25;0;1;1;2;2;1;2;4;3;0;0;2;1;0;3;1;23;28;67;78;1.34;1.57;2.91;0;0;0;0;0;0;1;1;0;0;0;0;0;0;-1;-1;-1;-1;-1;-1;-1;-1;-1;25;25;25;100;100;25;100;100;25;9.5;0;3.5;2.75;Perak;Melaka United;1.8;1.17;3;1.5;2;1.5;75;75;75;0;0;100;100;25;1.25;1.88;3.13;3693;11;Y;N;N;N;N;N;N
1142890;130;132;2020;complete;55253;11;-1;42,45;28,31,63;2;3;5;9;5;14;-1;-1;-1;-1;-1;-1;4;4;5;4;9;8;-1;-1;52;48;-1;-1;2.5;3.4;2.4;1.01;1.16;1.53;2.37;4.1;12.5;4.44;2.4;1.5;1.19;1.57;2.34;0;0;0;0;1.44;1.26;1.48;2.96;2.24;3.15;2.68;2.66;2.84;0;0;0;0;0;0;0;0;0;0;0;0;0;0;0;1.83;15;2.05;5;5.25;1.29;2.27;4.68;12;3.3;1.56;1.15;1.03;1.16;1.79;3.3;7.5;4.6;1.92;1.29;1.07;0;0;0;0;5;2;2;0;1;1;4;2020-10-11 13:00:00;132;0;43;10;13;0;1;-1;3;1;6;4;4;10;-1;-1;-1;-1;-1;-1;1;58;45;96;84;1.27;1.12;2.39;-1;-1;-1;-1;-1;-1;-1;1;0;0;0;0;-1;-1;-1;-1;-1;-1;-1;-1;-1;-1;-1;13;13;33;65;100;20;88;68;23;10.17;0;3.67;2.35;Perak;Kedah;1.8;1.67;2.25;1.4;1.8;1.9;88;88;68;35;0;71;71;54;1.28;1.47;2.75;3693;11;Y;Y;Y;Y;Y;N;Y
