ID;HOMEID;AWAYID;SEASON;STATUS;ROUNDID;GAME_WEEK;REVISED_GAME_WEEK;HOMEGOALS;AWAYGOALS;HOMEGOALCOUNT;AWAYGOALCOUNT;TOTALGOALCOUNT;TEAM_A_CORNERS;TEAM_B_CORNERS;TOTALCORNERCOUNT;TEAM_A_OFFSIDES;TEAM_B_OFFSIDES;TEAM_A_YELLOW_CARDS;TEAM_B_YELLOW_CARDS;TEAM_A_RED_CARDS;TEAM_B_RED_CARDS;TEAM_A_SHOTSONTARGET;TEAM_B_SHOTSONTARGET;TEAM_A_SHOTSOFFTARGET;TEAM_B_SHOTSOFFTARGET;TEAM_A_SHOTS;TEAM_B_SHOTS;TEAM_A_FOULS;TEAM_B_FOULS;TEAM_A_POSSESSION;TEAM_B_POSSESSION;TEAM_A_CARDS_NUM;TEAM_B_CARDS_NUM;ODDS_FT_1;ODDS_FT_X;ODDS_FT_2;ODDS_FT_OVER05;ODDS_FT_OVER15;ODDS_FT_OVER25;ODDS_FT_OVER35;ODDS_FT_OVER45;ODDS_FT_UNDER05;ODDS_FT_UNDER15;ODDS_FT_UNDER25;ODDS_FT_UNDER35;ODDS_FT_UNDER45;ODDS_BTTS_YES;ODDS_BTTS_NO;ODDS_TEAM_A_CS_YES;ODDS_TEAM_A_CS_NO;ODDS_TEAM_B_CS_YES;ODDS_TEAM_B_CS_NO;ODDS_DOUBLECHANCE_1X;ODDS_DOUBLECHANCE_12;ODDS_DOUBLECHANCE_X2;ODDS_1ST_HALF_RESULT_1;ODDS_1ST_HALF_RESULT_X;ODDS_1ST_HALF_RESULT_2;ODDS_2ND_HALF_RESULT_1;ODDS_2ND_HALF_RESULT_X;ODDS_2ND_HALF_RESULT_2;ODDS_DNB_1;ODDS_DNB_2;ODDS_CORNERS_OVER_75;ODDS_CORNERS_OVER_85;ODDS_CORNERS_OVER_95;ODDS_CORNERS_OVER_105;ODDS_CORNERS_OVER_115;ODDS_CORNERS_UNDER_75;ODDS_CORNERS_UNDER_85;ODDS_CORNERS_UNDER_95;ODDS_CORNERS_UNDER_105;ODDS_CORNERS_UNDER_115;ODDS_CORNERS_1;ODDS_CORNERS_X;ODDS_CORNERS_2;ODDS_TEAM_TO_SCORE_FIRST_1;ODDS_TEAM_TO_SCORE_FIRST_X;ODDS_TEAM_TO_SCORE_FIRST_2;ODDS_WIN_TO_NIL_1;ODDS_WIN_TO_NIL_2;ODDS_1ST_HALF_OVER05;ODDS_1ST_HALF_OVER15;ODDS_1ST_HALF_OVER25;ODDS_1ST_HALF_OVER35;ODDS_1ST_HALF_UNDER05;ODDS_1ST_HALF_UNDER15;ODDS_1ST_HALF_UNDER25;ODDS_1ST_HALF_UNDER35;ODDS_2ND_HALF_OVER05;ODDS_2ND_HALF_OVER15;ODDS_2ND_HALF_OVER25;ODDS_2ND_HALF_OVER35;ODDS_2ND_HALF_UNDER05;ODDS_2ND_HALF_UNDER15;ODDS_2ND_HALF_UNDER25;ODDS_2ND_HALF_UNDER35;ODDS_BTTS_1ST_HALF_YES;ODDS_BTTS_1ST_HALF_NO;ODDS_BTTS_2ND_HALF_YES;ODDS_BTTS_2ND_HALF_NO;OVERALLGOALCOUNT;HT_GOALS_TEAM_A;HT_GOALS_TEAM_B;GOALS_2HG_TEAM_A;GOALS_2HG_TEAM_B;GOALCOUNT_2HG;HTGOALCOUNT;DATE_UNIX;WINNINGTEAM;NO_HOME_AWAY;BTTS_POTENTIAL;BTTS_FHG_POTENTIAL;BTTS_2HG_POTENTIAL;GOALTIMINGDISABLED;CORNER_TIMINGS_RECORDED;CARD_TIMINGS_RECORDED;TEAM_A_FH_CORNERS;TEAM_B_FH_CORNERS;TEAM_A_2H_CORNERS;TEAM_B_2H_CORNERS;CORNER_FH_COUNT;CORNER_2H_COUNT;TEAM_A_FH_CARDS;TEAM_B_FH_CARDS;TEAM_A_2H_CARDS;TEAM_B_2H_CARDS;TOTAL_FH_CARDS;TOTAL_2H_CARDS;ATTACKS_RECORDED;TEAM_A_DANGEROUS_ATTACKS;TEAM_B_DANGEROUS_ATTACKS;TEAM_A_ATTACKS;TEAM_B_ATTACKS;TEAM_A_XG;TEAM_B_XG;TOTAL_XG;TEAM_A_PENALTIES_WON;TEAM_B_PENALTIES_WON;TEAM_A_PENALTY_GOALS;TEAM_B_PENALTY_GOALS;TEAM_A_PENALTY_MISSED;TEAM_B_PENALTY_MISSED;PENS_RECORDED;GOAL_TIMINGS_RECORDED;TEAM_A_0_10_MIN_GOALS;TEAM_B_0_10_MIN_GOALS;TEAM_A_CORNERS_0_10_MIN;TEAM_B_CORNERS_0_10_MIN;TEAM_A_CARDS_0_10_MIN;TEAM_B_CARDS_0_10_MIN;THROWINS_RECORDED;TEAM_A_THROWINS;TEAM_B_THROWINS;FREEKICKS_RECORDED;TEAM_A_FREEKICKS;TEAM_B_FREEKICKS;GOALKICKS_RECORDED;TEAM_A_GOALKICKS;TEAM_B_GOALKICKS;O45_POTENTIAL;O35_POTENTIAL;O25_POTENTIAL;O15_POTENTIAL;O05_POTENTIAL;O15HT_POTENTIAL;O05HT_POTENTIAL;O05_2H_POTENTIAL;O15_2H_POTENTIAL;CORNERS_POTENTIAL;OFFSIDES_POTENTIAL;CARDS_POTENTIAL;AVG_POTENTIAL;HOME_NAME;AWAY_NAME;HOME_PPG;AWAY_PPG;PRE_MATCH_HOME_PPG;PRE_MATCH_AWAY_PPG;PRE_MATCH_TEAMA_OVERALL_PPG;PRE_MATCH_TEAMB_OVERALL_PPG;U45_POTENTIAL;U35_POTENTIAL;U25_POTENTIAL;U15_POTENTIAL;U05_POTENTIAL;CORNERS_O85_POTENTIAL;CORNERS_O95_POTENTIAL;CORNERS_O105_POTENTIAL;TEAM_A_XG_PREMATCH;TEAM_B_XG_PREMATCH;TOTAL_XG_PREMATCH;COMPETITION_ID;MATCHES_COMPLETED_MINIMUM;OVER05;OVER15;OVER25;OVER35;OVER45;OVER55;BTTS
297851;5612;5613;2018;complete;1948;1;-1;49;;1;0;1;4;4;8;-1;-1;2;2;0;0;4;2;13;7;17;9;-1;-1;54;46;2;2;0;0;0;0;0;0;0;0;0;0;0;0;0;0;0;0;0;0;0;0;0;0;0;0;0;0;0;0;0;0;0;0;0;0;0;0;0;0;0;0;0;0;0;0;0;0;0;0;0;0;0;0;0;0;0;0;0;0;0;0;0;0;0;0;0;0;0;0;1;0;0;1;0;1;0;2018-02-03 08:45:00;5612;0;0;0;0;0;1;1;1;3;3;1;4;4;1;1;1;1;2;2;1;0;0;0;0;1.66;0.93;2.59;0;0;0;0;0;0;1;1;0;0;0;0;0;0;-1;-1;-1;-1;-1;-1;-1;-1;-1;0;0;0;0;0;0;0;0;0;0;0;0;0;PKNP;Negeri Sembilan;1.09;0.36;0;0;0;0;0;0;0;0;0;0;0;0;0;0;0;992;22;Y;N;N;N;N;N;N
297852;139;181;2018;complete;1948;1;-1;37,73;40,67;2;2;4;4;2;6;-1;-1;3;0;0;0;8;5;8;2;16;7;-1;-1;47;53;3;0;0;0;0;0;0;0;0;0;0;0;0;0;0;0;0;0;0;0;0;0;0;0;0;0;0;0;0;0;0;0;0;0;0;0;0;0;0;0;0;0;0;0;0;0;0;0;0;0;0;0;0;0;0;0;0;0;0;0;0;0;0;0;0;0;0;0;0;0;4;1;1;1;1;2;2;2018-02-03 13:00:00;-1;0;0;0;0;0;1;1;2;1;2;1;3;3;1;0;2;0;1;2;1;0;0;0;0;1.85;0.95;2.8;1;0;1;0;0;0;1;1;0;0;0;0;0;0;-1;-1;-1;-1;-1;-1;-1;-1;-1;0;0;0;0;0;0;0;0;0;0;0;0;0;Terengganu;PKNS;2.09;1;0;0;0;0;0;0;0;0;0;0;0;0;0;0;0;992;22;Y;Y;Y;Y;N;N;Y
297853;138;132;2018;complete;1948;1;-1;28,57;14;2;1;3;-1;-1;-1;-1;-1;0;2;0;0;-1;-1;-1;-1;-1;-1;-1;-1;-1;-1;0;2;0;0;0;0;0;0;0;0;0;0;0;0;0;0;0;0;0;0;0;0;0;0;0;0;0;0;0;0;0;0;0;0;0;0;0;0;0;0;0;0;0;0;0;0;0;0;0;0;0;0;0;0;0;0;0;0;0;0;0;0;0;0;0;0;0;0;0;0;3;1;1;1;0;1;2;2018-02-03 13:00:00;138;0;0;0;0;0;-1;1;-1;-1;-1;-1;-1;-1;0;1;0;1;1;1;-1;0;0;0;0;0;0;0;0;0;0;0;0;0;1;1;0;0;-1;-1;0;0;-1;-1;-1;-1;-1;-1;-1;-1;-1;0;0;0;0;0;0;0;0;0;0;0;0;0;Johor Darul Ta'zim;Kedah;3;1.64;0;0;0;0;0;0;0;0;0;0;0;0;0;0;0;992;22;Y;Y;Y;N;N;N;Y
297854;180;137;2018;complete;1948;1;-1;11,30;1;2;1;3;4;10;14;-1;-1;1;1;0;0;4;5;5;10;9;15;-1;-1;51;49;1;1;0;0;0;0;0;0;0;0;0;0;0;0;0;0;0;0;0;0;0;0;0;0;0;0;0;0;0;0;0;0;0;0;0;0;0;0;0;0;0;0;0;0;0;0;0;0;0;0;0;0;0;0;0;0;0;0;0;0;0;0;0;0;0;0;0;0;0;0;3;2;1;0;0;0;3;2018-02-03 13:00:00;180;0;0;0;0;0;1;1;3;1;1;9;4;10;0;0;1;1;0;2;1;0;0;0;0;1.26;1.77;3.03;1;0;1;0;0;0;1;1;0;1;1;0;0;0;-1;-1;-1;-1;-1;-1;-1;-1;-1;0;0;0;0;0;0;0;0;0;0;0;0;0;Melaka United;Kelantan;1.55;0.36;0;0;0;0;0;0;0;0;0;0;0;0;0;0;0;992;22;Y;Y;Y;N;N;N;Y
297855;129;130;2018;complete;1948;1;-1;;;0;0;0;2;4;6;-1;-1;0;1;0;0;2;2;6;12;8;14;-1;-1;56;44;0;1;1.57;3.85;4.6;0;0;0;0;0;0;0;0;0;0;1.65;2.2;0;0;0;0;0;0;0;0;0;0;0;0;0;0;0;0;0;0;0;0;0;0;0;0;0;0;0;0;0;0;0;0;0;0;0;0;0;0;0;0;0;0;0;0;0;0;0;0;0;0;0;0;0;0;0;0;0;0;0;0;2018-02-04 13:00:00;-1;0;0;0;0;0;1;1;2;2;0;2;4;2;0;1;0;0;1;0;1;0;0;0;0;0.92;1.28;2.2;0;0;0;0;0;0;1;1;0;0;1;0;0;0;-1;-1;-1;-1;-1;-1;-1;-1;-1;0;0;0;0;0;0;0;0;0;0;0;0;0;Pahang;Perak;1.73;1.36;0;0;0;0;0;0;0;0;0;0;0;0;0;0;0;992;22;N;N;N;N;N;N;N
297856;5614;140;2018;complete;1948;1;-1;;15,90;0;2;2;5;3;8;-1;-1;2;1;0;0;3;4;16;4;19;8;-1;-1;52;48;2;1;2.55;3.4;2.35;0;0;0;0;0;0;0;0;0;0;1.59;2.3;0;0;0;0;0;0;0;0;0;0;0;0;0;0;0;0;0;0;0;0;0;0;0;0;0;0;0;0;0;0;0;0;0;0;0;0;0;0;0;0;0;0;0;0;0;0;0;0;0;0;0;0;0;2;0;1;0;1;1;1;2018-02-04 13:00:00;140;0;0;0;0;0;1;1;3;2;2;1;5;3;0;1;2;0;1;2;1;0;0;0;0;2.02;1.22;3.24;0;0;0;0;0;0;1;1;0;0;0;0;0;0;-1;-1;-1;-1;-1;-1;-1;-1;-1;0;0;0;0;0;0;0;0;0;0;0;0;0;Kuala Lumpur;Selangor;1.82;0.73;0;0;0;0;0;0;0;0;0;0;0;0;0;0;0;992;22;Y;Y;N;N;N;N;N
297857;140;180;2018;complete;1948;2;-1;8,54,67,90;30;4;1;5;1;5;6;-1;-1;2;0;0;0;6;5;6;3;12;8;-1;-1;51;49;2;0;1.91;3.6;3.2;0;0;0;0;0;0;0;0;0;0;0;0;0;0;0;0;0;0;0;0;0;0;0;0;0;0;0;0;0;0;0;0;0;0;0;0;0;0;0;0;0;0;0;0;0;0;0;0;0;0;0;0;0;0;0;0;0;0;0;0;0;0;0;0;0;5;1;1;3;0;3;2;2018-02-07 13:00:00;140;0;0;0;0;0;1;1;1;1;0;4;2;4;2;0;0;0;2;0;1;0;0;0;0;1.55;1.36;2.91;0;0;0;0;0;0;1;1;1;0;1;0;0;0;-1;-1;-1;-1;-1;-1;-1;-1;-1;0;0;0;0;0;0;0;0;0;0;0;0;0;Selangor;Melaka United;1.73;1.27;0;0;3;3;0;0;0;0;0;0;0;0;0;0;0;992;22;Y;Y;Y;Y;Y;N;Y
297858;138;5612;2018;complete;1948;2;-1;43,57,90;;3;0;3;5;2;7;-1;-1;0;1;0;0;10;0;9;3;19;3;-1;-1;66;34;0;1;1.34;4.85;6.25;0;0;0;0;0;0;0;0;0;0;0;0;0;0;0;0;0;0;0;0;0;0;0;0;0;0;0;0;0;0;0;0;0;0;0;0;0;0;0;0;0;0;0;0;0;0;0;0;0;0;0;0;0;0;0;0;0;0;0;0;0;0;0;0;0;3;1;0;2;0;2;1;2018-02-06 13:00:00;138;0;50;50;0;0;1;1;0;0;5;2;0;7;0;1;0;0;1;0;1;0;0;0;0;2.22;0.37;2.6;0;0;0;0;0;0;1;1;0;0;0;0;0;0;-1;-1;-1;-1;-1;-1;-1;-1;-1;0;0;50;50;50;50;50;50;0;0;0;0;1.5;Johor Darul Ta'zim;PKNP;3;1.18;3;0;3;3;50;50;0;0;0;0;0;0;0;0;0;992;22;Y;Y;Y;N;N;N;N
297859;137;139;2018;complete;1948;2;-1;39;1;1;1;2;4;4;8;-1;-1;2;2;0;0;3;4;6;7;9;11;-1;-1;54;46;2;2;2.4;3.6;2.4;0;0;0;0;0;0;0;0;0;0;0;0;0;0;0;0;0;0;0;0;0;0;0;0;0;0;0;0;0;0;0;0;0;0;0;0;0;0;0;0;0;0;0;0;0;0;0;0;0;0;0;0;0;0;0;0;0;0;0;0;0;0;0;0;0;2;1;1;0;0;0;2;2018-02-06 13:00:00;-1;0;0;0;0;0;1;1;2;0;2;4;2;6;0;2;2;0;2;2;1;0;0;0;0;1.09;1.25;2.34;1;0;1;0;0;0;1;1;0;1;0;0;0;0;-1;-1;-1;-1;-1;-1;-1;-1;-1;0;0;0;0;0;0;0;0;0;0;0;0;0;Kelantan;Terengganu;1.27;1;0;0;0;1;0;0;0;0;0;0;0;0;0;0;0;992;22;Y;Y;N;N;N;N;Y
297860;5613;5614;2018;complete;1948;2;-1;12,32;;2;0;2;1;7;8;-1;-1;2;1;0;0;4;11;5;9;9;20;-1;-1;43;57;2;1;2.25;3.5;2.6;0;0;0;0;0;0;0;0;0;0;0;0;0;0;0;0;0;0;0;0;0;0;0;0;0;0;0;0;0;0;0;0;0;0;0;0;0;0;0;0;0;0;0;0;0;0;0;0;0;0;0;0;0;0;0;0;0;0;0;0;0;0;0;0;0;2;2;0;0;0;0;2;2018-02-07 13:00:00;5613;0;0;0;0;0;1;1;1;3;0;4;4;4;0;0;2;1;0;3;1;0;0;0;0;1.15;2.42;3.57;0;0;0;0;0;0;1;1;0;0;0;0;0;0;-1;-1;-1;-1;-1;-1;-1;-1;-1;0;0;0;0;0;0;0;0;0;0;0;0;0;Negeri Sembilan;Kuala Lumpur;1;0.36;0;0;0;0;0;0;0;0;0;0;0;0;0;0;0;992;22;Y;Y;N;N;N;N;N
297861;181;129;2018;complete;1948;2;-1;90;;1;0;1;6;9;15;-1;-1;1;2;0;0;4;5;8;12;12;17;-1;-1;43;57;1;2;2.6;3.6;2.2;0;0;0;0;0;0;0;0;0;0;0;0;0;0;0;0;0;0;0;0;0;0;0;0;0;0;0;0;0;0;0;0;0;0;0;0;0;0;0;0;0;0;0;0;0;0;0;0;0;0;0;0;0;0;0;0;0;0;0;0;0;0;0;0;0;1;0;0;1;0;1;0;2018-02-07 13:00:00;181;0;0;0;0;0;1;1;4;6;2;3;10;5;0;1;1;1;1;2;1;0;0;0;0;1.25;1.67;2.92;0;0;0;0;0;0;1;1;0;0;2;1;0;0;-1;-1;-1;-1;-1;-1;-1;-1;-1;0;0;0;0;0;0;0;0;0;0;0;0;0;PKNS;Pahang;2.18;1.36;0;0;1;1;0;0;0;0;0;0;0;0;0;0;0;992;22;Y;N;N;N;N;N;N
297862;132;130;2018;complete;1948;2;-1;80;21,87,90;1;3;4;4;4;8;-1;-1;4;4;1;0;4;8;5;2;9;10;-1;-1;64;36;5;4;1.91;3.6;3.2;0;0;0;0;0;0;0;0;0;0;0;0;0;0;0;0;0;0;0;0;0;0;0;0;0;0;0;0;0;0;0;0;0;0;0;0;0;0;0;0;0;0;0;0;0;0;0;0;0;0;0;0;0;0;0;0;0;0;0;0;0;0;0;0;0;4;0;1;1;2;3;1;2018-02-07 13:00:00;130;0;0;0;0;0;1;1;4;0;0;4;4;4;1;2;4;2;3;6;1;0;0;0;0;1;1.3;2.3;1;0;1;0;0;0;1;1;0;0;1;0;0;0;-1;-1;-1;-1;-1;-1;-1;-1;-1;0;0;0;0;0;0;0;0;0;4;0;1;0;Kedah;Perak;1.27;1.36;0;1;0;1;50;50;50;50;50;0;0;0;0;1.28;1.28;992;22;Y;Y;Y;Y;N;N;Y
297863;139;140;2018;complete;1948;3;-1;33,60,66,68;89;4;1;5;4;6;10;-1;-1;1;2;0;0;9;5;13;6;22;11;-1;-1;44;56;1;2;2.25;3.5;2.6;0;0;0;0;0;0;0;0;0;0;0;0;0;0;0;0;0;0;0;0;0;0;0;0;0;0;0;0;0;0;0;0;0;0;0;0;0;0;0;0;0;0;0;0;0;0;0;0;0;0;0;0;0;0;0;0;0;0;0;0;0;0;0;0;0;5;1;0;3;1;4;1;2018-02-10 13:00:00;139;0;50;50;50;0;1;1;2;1;2;5;3;7;0;0;1;2;0;3;1;0;0;0;0;2.59;1.53;4.12;0;0;0;0;0;0;1;1;0;0;0;0;0;0;-1;-1;-1;-1;-1;-1;-1;-1;-1;0;50;50;100;100;50;100;100;50;7;0;4;3;Terengganu;Selangor;2.09;0.73;1;3;1;3;100;50;50;0;0;0;0;0;1.85;1.22;3.07;992;22;Y;Y;Y;Y;Y;N;Y
297864;129;137;2018;complete;1948;3;-1;13,54,87;;3;0;3;6;7;13;-1;-1;0;1;0;0;9;3;10;2;19;5;-1;-1;54;46;0;1;1.19;6;9.75;0;0;0;0;0;0;0;0;0;0;0;0;0;0;0;0;0;0;0;0;0;0;0;0;0;0;0;0;0;0;0;0;0;0;0;0;0;0;0;0;0;0;0;0;0;0;0;0;0;0;0;0;0;0;0;0;0;0;0;0;0;0;0;0;0;3;1;0;2;0;2;1;2018-02-10 13:00:00;129;0;50;50;0;0;1;1;3;2;3;5;5;8;0;1;0;0;1;0;1;0;0;0;0;2.12;0.75;2.87;0;0;0;0;0;0;1;1;0;0;0;1;0;0;-1;-1;-1;-1;-1;-1;-1;-1;-1;0;0;50;50;50;50;50;0;0;12;0;1;1.5;Pahang;Kelantan;1.73;0.36;1;0;0.5;0.5;100;100;50;50;50;50;50;50;0.92;1.77;2.69;992;22;Y;Y;Y;N;N;N;N
297865;130;181;2018;complete;1948;3;-1;;2,63;0;2;2;-1;-1;-1;-1;-1;2;3;0;0;-1;-1;-1;-1;-1;-1;-1;-1;-1;-1;2;3;0;0;0;0;0;0;0;0;0;0;0;0;0;0;0;0;0;0;0;0;0;0;0;0;0;0;0;0;0;0;0;0;0;0;0;0;0;0;0;0;0;0;0;0;0;0;0;0;0;0;0;0;0;0;0;0;0;0;0;0;0;0;0;0;0;0;0;0;2;0;1;0;1;1;1;2018-02-10 13:00:00;181;0;50;50;50;0;-1;1;-1;-1;-1;-1;-1;-1;1;1;1;2;2;3;-1;0;0;0;0;0;0;0;0;0;0;0;0;0;1;1;0;1;-1;-1;0;0;-1;-1;-1;-1;-1;-1;-1;-1;-1;0;50;50;50;50;50;50;50;50;2;0;0;2;Perak;PKNS;1.91;1;0;1;2;2;50;0;0;0;0;0;0;0;0;0.95;0.95;992;22;Y;Y;N;N;N;N;N
297866;5614;138;2018;complete;1948;3;-1;45;;1;0;1;0;7;7;-1;-1;3;1;0;0;4;8;2;11;6;19;-1;-1;31;69;3;1;5.1;4.1;1.49;0;0;0;0;0;0;0;0;0;0;0;0;0;0;0;0;0;0;0;0;0;0;0;0;0;0;0;0;0;0;0;0;0;0;0;0;0;0;0;0;0;0;0;0;0;0;0;0;0;0;0;0;0;0;0;0;0;0;0;0;0;0;0;0;0;1;1;0;0;0;0;1;2018-02-10 13:00:00;5614;0;0;0;0;0;1;1;0;4;0;3;4;3;1;1;2;0;2;2;1;0;0;0;0;0.77;1.96;2.72;0;0;0;0;0;0;1;1;0;0;0;1;0;0;-1;-1;-1;-1;-1;-1;-1;-1;-1;0;0;0;50;50;0;50;50;0;5;0;2;1;Kuala Lumpur;Johor Darul Ta'zim;1.82;2.36;0;0;0;3;50;50;50;0;0;0;0;0;2.02;0;2.02;992;22;Y;N;N;N;N;N;N
297867;5612;132;2018;complete;1948;3;-1;;85;0;1;1;9;10;19;-1;-1;0;1;0;0;2;4;9;14;11;18;-1;-1;44;56;0;1;0;0;0;0;0;0;0;0;0;0;0;0;0;0;0;0;0;0;0;0;0;0;0;0;0;0;0;0;0;0;0;0;0;0;0;0;0;0;0;0;0;0;0;0;0;0;0;0;0;0;0;0;0;0;0;0;0;0;0;0;0;0;0;0;0;0;0;0;1;0;0;0;1;1;0;2018-02-11 08:45:00;132;0;50;50;0;0;1;1;5;4;4;6;9;10;0;1;0;0;1;0;1;0;0;0;0;1.06;1.68;2.74;0;0;0;0;0;0;1;1;0;0;2;1;0;0;-1;-1;-1;-1;-1;-1;-1;-1;-1;0;0;50;50;100;50;50;100;0;4;0;4;2;PKNP;Kedah;1.09;1.64;3;0;1.5;0;100;100;50;50;0;0;0;0;1.66;0;1.66;992;22;Y;N;N;N;N;N;N
297868;180;5613;2018;complete;1948;3;-1;32,40,71;;3;0;3;4;6;10;-1;-1;0;1;0;0;10;5;9;6;19;11;-1;-1;54;46;0;1;0;0;0;0;0;0;0;0;0;0;0;0;0;0;0;0;0;0;0;0;0;0;0;0;0;0;0;0;0;0;0;0;0;0;0;0;0;0;0;0;0;0;0;0;0;0;0;0;0;0;0;0;0;0;0;0;0;0;0;0;0;0;0;0;0;0;0;0;3;2;0;1;0;1;2;2018-02-11 13:00:00;180;0;50;50;0;0;1;1;3;2;1;4;5;5;0;0;0;1;0;1;1;0;0;0;0;2.31;1.33;3.64;0;0;0;0;0;0;1;1;0;0;0;0;0;0;-1;-1;-1;-1;-1;-1;-1;-1;-1;0;0;50;50;100;50;50;50;0;8;0;3;2;Melaka United;Negeri Sembilan;1.55;0.36;3;0;1.5;1.5;100;100;50;50;0;50;50;50;1.26;0.93;2.19;992;22;Y;Y;Y;N;N;N;N
297869;140;129;2018;complete;1948;4;-1;38;7,49,71;1;3;4;2;7;9;-1;-1;3;2;0;0;4;7;5;5;9;12;-1;-1;51;49;3;2;2.2;3.5;2.65;0;0;0;0;0;0;0;0;0;0;0;0;0;0;0;0;0;0;0;0;0;0;0;0;0;0;0;0;0;0;0;0;0;0;0;0;0;0;0;0;0;0;0;0;0;0;0;0;0;0;0;0;0;0;0;0;0;0;0;0;0;0;0;0;0;4;1;1;0;2;2;2;2018-02-24 13:00:00;129;0;50;50;0;0;1;1;0;4;2;3;4;5;0;2;3;0;2;3;1;0;0;0;0;1.24;1.6;2.84;1;1;1;1;0;0;1;1;0;1;0;0;0;0;-1;-1;-1;-1;-1;-1;-1;-1;-1;50;50;50;50;100;50;50;100;50;10;0;4;3;Selangor;Pahang;1.73;1.36;3;0;2;1.33;50;50;50;50;0;50;50;50;1.55;1.67;3.22;992;22;Y;Y;Y;Y;N;N;Y
297870;5613;139;2018;complete;1948;4;-1;74;14,85;1;2;3;4;5;9;-1;-1;1;2;0;0;4;11;9;8;13;19;-1;-1;52;48;1;2;2.4;3.6;2.4;0;0;0;0;0;0;0;0;0;0;0;0;0;0;0;0;0;0;0;0;0;0;0;0;0;0;0;0;0;0;0;0;0;0;0;0;0;0;0;0;0;0;0;0;0;0;0;0;0;0;0;0;0;0;0;0;0;0;0;0;0;0;0;0;0;3;0;1;1;1;2;1;2018-02-23 13:00:00;139;0;50;50;0;0;1;1;1;3;3;2;4;5;1;1;0;1;2;1;1;0;0;0;0;1.67;2.5;4.17;0;0;0;0;0;0;1;1;0;0;1;1;0;1;-1;-1;-1;-1;-1;-1;-1;-1;-1;0;0;0;100;100;100;100;0;0;5;0;4;2;Negeri Sembilan;Terengganu;1;1;3;1;1;1.67;100;100;100;0;0;0;0;0;1.15;1.25;2.4;992;22;Y;Y;Y;N;N;N;Y
297871;132;181;2018;complete;1948;4;-1;17,41;;2;0;2;2;6;8;-1;-1;0;2;0;0;9;3;12;10;21;13;-1;-1;53;47;0;2;1.65;3.75;4.25;1;1.14;1.51;2.3;0;0;0;0;0;0;1.59;2.3;0;0;0;0;0;0;0;0;0;0;0;0;0;0;0;0;0;0;0;0;0;0;0;0;0;0;0;0;0;0;0;0;0;0;0;0;0;0;0;0;0;0;0;0;0;0;0;0;0;0;0;0;0;2;2;0;0;0;0;2;2018-06-26 13:00:00;132;0;60;40;20;0;1;1;2;2;0;4;4;4;0;1;0;1;1;1;1;0;0;0;0;2.36;1.35;3.71;0;0;0;0;0;0;1;1;0;0;0;2;0;0;-1;-1;-1;-1;-1;-1;-1;-1;-1;15;41;67;100;100;47;100;88;48;9.57;0;3.32;3.3;Kedah;PKNS;1.27;1;1.43;1;1.69;1.44;86;59;34;0;0;43;29;29;1.66;1.59;3.25;992;22;Y;Y;N;N;N;N;N
297872;137;130;2018;complete;1948;4;-1;68,77,88;22,69;3;2;5;4;2;6;-1;-1;3;1;0;0;8;7;7;8;15;15;-1;-1;52;48;3;1;2.65;3.35;2.3;0;0;0;0;0;0;0;0;0;0;0;0;0;0;0;0;0;0;0;0;0;0;0;0;0;0;0;0;0;0;0;0;0;0;0;0;0;0;0;0;0;0;0;0;0;0;0;0;0;0;0;0;0;0;0;0;0;0;0;0;0;0;0;0;0;5;0;1;3;1;4;1;2018-02-24 13:00:00;137;0;75;50;25;0;1;1;4;2;0;0;6;0;0;0;3;1;0;4;1;0;0;0;0;2.14;1.99;4.13;0;0;0;0;0;0;1;1;0;0;4;0;0;0;-1;-1;-1;-1;-1;-1;-1;-1;-1;0;25;25;75;75;50;75;25;25;8;0;4.5;2;Kelantan;Perak;1.27;1.36;1;2;0.33;1.33;100;75;75;25;25;0;0;0;1.09;1.29;2.38;992;22;Y;Y;Y;Y;Y;N;Y
297873;138;180;2018;complete;1948;4;-1;13,21,35;;3;0;3;6;4;10;-1;-1;2;3;0;0;7;3;7;3;14;6;-1;-1;53;47;2;3;1.27;5.2;7.5;0;0;0;0;0;0;0;0;0;0;0;0;0;0;0;0;0;0;0;0;0;0;0;0;0;0;0;0;0;0;0;0;0;0;0;0;0;0;0;0;0;0;0;0;0;0;0;0;0;0;0;0;0;0;0;0;0;0;0;0;0;0;0;0;0;3;3;0;0;0;0;3;2018-02-24 13:00:00;138;0;75;75;0;0;1;1;1;1;5;3;2;8;2;2;0;1;4;1;1;0;0;0;0;1.71;0.75;2.46;0;0;0;0;0;0;1;1;0;0;0;0;1;0;-1;-1;-1;-1;-1;-1;-1;-1;-1;50;50;100;100;100;75;100;100;75;10;0;0;4;Johor Darul Ta'zim;Melaka United;3;1.27;3;0;2;2;50;50;0;0;0;0;0;0;2.22;1.36;3.58;992;22;Y;Y;Y;N;N;N;N
297874;5612;5614;2018;complete;1948;4;-1;65,79;81;2;1;3;1;6;7;-1;-1;2;0;0;0;3;3;7;9;10;12;-1;-1;46;54;2;0;2.2;3.4;2.7;1.01;1.2;1.69;2.7;0;0;0;0;0;0;1.65;2.2;0;0;0;0;0;0;0;0;0;0;0;0;0;0;0;0;0;0;0;0;0;0;0;0;0;0;0;0;0;0;0;0;0;0;0;0;0;0;0;0;0;0;0;0;0;0;0;0;0;0;0;0;0;3;0;0;2;1;3;0;2018-02-25 08:45:00;5612;0;0;0;0;0;1;1;0;5;1;1;5;2;1;0;1;0;1;1;1;0;0;0;0;1.12;1.18;2.3;0;0;0;0;0;0;1;1;0;0;0;1;0;0;-1;-1;-1;-1;-1;-1;-1;-1;-1;0;0;0;50;100;50;50;50;0;13.5;0;2;1.5;PKNP;Kuala Lumpur;1.09;0.36;1.5;0;1;1;100;100;100;50;0;25;25;25;1.36;2.42;3.78;992;22;Y;Y;Y;N;N;N;Y
297875;181;137;2018;complete;1948;5;-1;40;;1;0;1;3;3;6;-1;-1;1;2;0;0;9;8;6;6;15;14;-1;-1;50;50;1;2;1.87;3.65;3.4;0;0;0;0;0;0;0;0;0;0;1.57;2.35;0;0;0;0;0;0;0;0;0;0;0;0;0;0;0;0;0;0;0;0;0;0;0;0;0;0;0;0;0;0;0;0;0;0;0;0;0;0;0;0;0;0;0;0;0;0;0;0;0;0;0;0;0;1;1;0;0;0;0;1;2018-03-09 13:00:00;181;0;50;50;25;0;1;1;3;0;0;3;3;3;0;0;1;2;0;3;1;0;0;0;0;1.99;1.84;3.83;0;0;0;0;0;0;1;1;0;0;0;0;0;0;-1;-1;-1;-1;-1;-1;-1;-1;-1;25;25;75;75;100;50;75;75;50;12;0;1.5;3.5;PKNS;Kelantan;2.18;0.36;1.5;0;1.75;1;75;75;25;25;0;75;75;75;1.17;1.26;2.43;992;22;Y;N;N;N;N;N;N
297876;139;138;2018;complete;1948;5;-1;;30;0;1;1;3;1;4;-1;-1;3;1;0;0;0;3;10;5;10;8;-1;-1;48;52;3;1;3.55;3.7;1.77;0;0;0;0;0;0;0;0;0;0;0;0;0;0;0;0;0;0;0;0;0;0;0;0;0;0;0;0;0;0;0;0;0;0;0;0;0;0;0;0;0;0;0;0;0;0;0;0;0;0;0;0;0;0;0;0;0;0;0;0;0;0;0;0;0;1;0;1;0;0;0;1;2018-03-10 13:00:00;138;0;50;25;50;0;1;1;1;1;2;0;2;2;3;0;0;1;3;1;1;0;0;0;0;0.85;0.86;1.72;0;0;0;0;0;0;1;1;0;0;0;0;0;0;-1;-1;-1;-1;-1;-1;-1;-1;-1;25;50;50;50;100;25;100;50;50;11;0;3;2.75;Terengganu;Johor Darul Ta'zim;2.09;2.36;2;0;2;2.25;75;50;50;50;0;25;25;0;2.22;1.96;4.18;992;22;Y;N;N;N;N;N;N
297877;129;5613;2018;complete;1948;5;-1;27,45,66,89;;4;0;4;10;4;14;-1;-1;0;1;0;0;8;0;12;6;20;6;-1;-1;59;41;0;1;1.43;4.3;5.55;0;0;0;0;0;0;0;0;0;0;0;0;0;0;0;0;0;0;0;0;0;0;0;0;0;0;0;0;0;0;0;0;0;0;0;0;0;0;0;0;0;0;0;0;0;0;0;0;0;0;0;0;0;0;0;0;0;0;0;0;0;0;0;0;0;4;2;0;2;0;2;2;2018-03-10 13:00:00;129;0;0;0;0;0;1;1;6;2;4;2;8;6;0;0;0;1;0;1;1;0;0;0;0;2.17;0.51;2.68;0;0;0;0;0;0;1;1;0;0;1;2;0;0;-1;-1;-1;-1;-1;-1;-1;-1;-1;0;0;50;50;75;25;50;75;25;9;0;1.5;1.75;Pahang;Negeri Sembilan;1.73;0.36;2;0;1.75;0.75;100;100;50;50;25;50;50;25;1.52;1.13;2.65;992;22;Y;Y;Y;Y;N;N;N
297878;5614;132;2018;complete;1948;5;-1;3,62,82,90;11,50,90;4;3;7;2;5;7;-1;-1;2;0;0;0;6;8;3;11;9;19;-1;-1;44;56;2;0;3.55;3.6;1.83;0;0;0;0;0;0;0;0;0;0;0;0;0;0;0;0;0;0;0;0;0;0;0;0;0;0;0;0;0;0;0;0;0;0;0;0;0;0;0;0;0;0;0;0;0;0;0;0;0;0;0;0;0;0;0;0;0;0;0;0;0;0;0;0;0;7;1;1;3;2;5;2;2018-03-10 13:00:00;5614;0;34;34;17;0;1;1;0;1;2;4;1;6;0;0;2;0;0;2;1;0;0;0;0;1.38;2.49;3.88;1;0;1;0;0;0;1;1;1;0;0;1;0;0;-1;-1;-1;-1;-1;-1;-1;-1;-1;17;17;34;59;100;34;84;75;17;10;0;4.83;2.59;Kuala Lumpur;Kedah;1.82;1.64;1.5;2;0.75;1.5;84;84;67;42;0;25;25;25;1.39;1.98;3.37;992;22;Y;Y;Y;Y;Y;Y;Y
297879;130;140;2018;complete;1948;5;-1;23,35,45;;3;0;3;7;1;8;-1;-1;2;2;0;1;7;0;12;6;19;6;-1;-1;48;52;2;3;1.77;3.65;3.65;0;0;0;0;0;0;0;0;0;0;1.67;2.15;0;0;0;0;0;0;0;0;0;0;0;0;0;0;0;0;0;0;0;0;0;0;0;0;0;0;0;0;0;0;0;0;0;0;0;0;0;0;0;0;0;0;0;0;0;0;0;0;0;0;0;0;0;3;3;0;0;0;0;3;2018-03-11 13:00:00;130;0;25;0;25;0;1;1;4;0;3;1;4;4;1;1;1;2;2;3;1;0;0;0;0;1.94;0.59;2.53;0;0;0;0;0;0;1;1;0;0;1;0;0;0;-1;-1;-1;-1;-1;-1;-1;-1;-1;25;25;25;100;100;0;100;100;25;4.5;0;3.5;2.75;Perak;Selangor;1.91;0.73;0;1.5;1;1.5;75;75;75;0;0;25;25;0;0;1.37;1.37;992;22;Y;Y;Y;N;N;N;N
297880;180;5612;2018;complete;1948;5;-1;14,86;;2;0;2;3;13;16;-1;-1;1;2;0;0;6;3;5;7;11;10;-1;-1;51;49;1;2;1.69;3.7;4;0;0;0;0;0;0;0;0;0;0;1.65;2.2;0;0;0;0;0;0;0;0;0;0;0;0;0;0;0;0;0;0;0;0;0;0;0;0;0;0;0;0;0;0;0;0;0;0;0;0;0;0;0;0;0;0;0;0;0;0;0;0;0;0;0;0;0;2;1;0;1;0;1;1;2018-03-11 13:00:00;180;0;25;25;0;0;1;1;2;5;1;8;7;9;0;2;1;0;2;1;1;0;0;0;0;1.51;1.39;2.9;0;0;0;0;0;0;1;1;0;0;0;2;0;1;-1;-1;-1;-1;-1;-1;-1;-1;-1;0;0;100;100;100;50;100;75;50;6;0;1.5;3;Melaka United;PKNP;1.55;1.18;3;0;1.5;1.5;100;100;0;0;0;50;50;25;1.79;0.37;2.16;992;22;Y;Y;N;N;N;N;N
297881;132;137;2018;complete;1948;6;-1;26;56,60;1;2;3;10;3;13;-1;-1;1;1;0;0;11;6;7;4;18;10;-1;-1;48;52;1;1;1.17;5.95;11.25;1;1.08;1.33;1.87;0;0;0;0;0;0;1.8;2;0;0;0;0;0;0;0;0;0;0;0;0;0;0;0;0;0;0;0;0;0;0;0;0;0;0;0;0;0;0;0;0;0;0;0;0;0;0;0;0;0;0;0;0;0;0;0;0;0;0;0;0;0;3;1;0;0;2;2;1;2018-06-05 14:00:00;137;0;42;25;10;0;1;1;3;2;7;1;5;8;0;0;1;1;0;2;1;0;0;0;0;2.17;1.23;3.4;1;0;1;0;0;0;1;1;0;0;2;0;0;0;-1;-1;-1;-1;-1;-1;-1;-1;-1;17;45;59;93;100;49;100;79;45;10.03;0;3.43;3.3;Kedah;Kelantan;1.27;0.36;1.4;0.14;1.62;0.62;83;56;42;7;0;66;46;46;1.5;1.58;3.08;992;22;Y;Y;Y;N;N;N;Y
297882;138;129;2018;complete;1948;6;-1;18;;1;0;1;-1;-1;-1;-1;-1;2;6;0;1;-1;-1;-1;-1;-1;-1;-1;-1;-1;-1;2;7;1.26;5.15;8.5;1.01;1.21;1.69;2.75;0;0;0;0;0;0;2.05;1.71;0;0;0;0;0;0;0;0;0;0;0;0;0;0;0;0;0;0;0;0;0;0;0;0;0;0;0;0;0;0;0;0;0;0;0;0;0;0;0;0;0;0;0;0;0;0;0;0;0;0;0;0;0;1;1;0;0;0;0;1;2018-06-08 14:00:00;138;0;41;24;9;0;-1;1;-1;-1;-1;-1;-1;-1;1;3;1;4;4;5;-1;0;0;0;0;0;0;0;0;0;0;0;0;0;1;1;0;0;-1;-1;0;1;-1;-1;-1;-1;-1;-1;-1;-1;-1;0;25;62;92;100;31;85;93;47;12;0;2.5;2.79;Johor Darul Ta'zim;Pahang;3;1.36;3;1.67;2.46;1.85;100;75;38;9;0;59;33;17;1.76;1.49;3.25;992;22;Y;N;N;N;N;N;N
297883;140;181;2018;complete;1948;6;-1;7,60;43;2;1;3;1;10;11;-1;-1;2;1;0;0;6;12;6;9;12;21;-1;-1;43;57;2;1;1.83;3.6;3.55;1.01;1.17;1.59;2.5;0;0;0;0;0;0;1.59;2.3;0;0;0;0;0;0;0;0;0;0;0;0;0;0;0;0;0;0;0;0;0;0;0;0;0;0;0;0;0;0;0;0;0;0;0;0;0;0;0;0;0;0;0;0;0;0;0;0;0;0;0;0;0;3;1;1;1;0;1;2;2018-06-06 14:00:00;140;0;77;47;38;0;1;1;1;6;0;4;7;4;1;0;1;1;1;2;1;0;0;0;0;1.57;2.57;4.14;0;0;0;0;0;0;1;1;1;0;0;1;1;0;-1;-1;-1;-1;-1;-1;-1;-1;-1;7;45;77;100;100;54;93;84;61;8.11;0;3.69;3.29;Selangor;PKNS;1.73;1;1.57;0.83;1.17;1.46;93;55;24;0;0;39;32;32;1.64;1.39;3.03;992;22;Y;Y;Y;N;N;N;Y
297884;5612;139;2018;complete;1948;6;-1;52,61;30;2;1;3;4;6;10;-1;-1;1;1;0;0;6;2;6;4;12;6;-1;-1;51;49;1;1;2.75;3.4;2.2;1.01;1.21;1.71;2.8;0;0;0;0;0;0;1.67;2.15;0;0;0;0;0;0;0;0;0;0;0;0;0;0;0;0;0;0;0;0;0;0;0;0;0;0;0;0;0;0;0;0;0;0;0;0;0;0;0;0;0;0;0;0;0;0;0;0;0;0;0;0;0;3;0;1;2;0;2;1;2018-06-05 14:00:00;5612;0;50;17;17;0;1;1;2;2;2;4;4;6;0;0;1;1;0;2;1;0;0;0;0;1.44;0.71;2.16;1;0;1;0;0;0;1;1;0;0;0;0;0;0;-1;-1;-1;-1;-1;-1;-1;-1;-1;9;9;59;75;100;33;67;83;42;9.67;0;3.5;2.5;PKNP;Terengganu;1.09;1;1.5;1.67;1.17;1.62;92;92;42;25;0;67;33;25;1.2;1.69;2.89;992;22;Y;Y;Y;N;N;N;Y
297885;5613;130;2018;complete;1948;6;-1;90;73;1;1;2;4;12;16;-1;-1;2;1;0;0;5;10;3;5;8;15;-1;-1;45;55;2;1;3.4;3.65;1.87;1.01;1.16;1.54;2.35;0;0;0;0;0;0;1.56;2.35;0;0;0;0;0;0;0;0;0;0;0;0;0;0;0;0;0;0;0;0;0;0;0;0;0;0;0;0;0;0;0;0;0;0;0;0;0;0;0;0;0;0;0;0;0;0;0;0;0;0;0;0;0;2;0;0;1;1;2;0;2018-06-06 14:00:00;-1;0;62;0;38;0;1;1;1;4;3;8;5;11;0;1;2;0;1;2;1;0;0;0;0;1.19;2.06;3.25;0;0;0;0;0;0;1;1;0;0;0;1;0;0;-1;-1;-1;-1;-1;-1;-1;-1;-1;7;31;62;93;93;32;93;85;47;7.67;0;3.26;2.86;Negeri Sembilan;Perak;1;1.36;1.17;1.43;0.85;1.77;93;69;38;7;7;38;23;16;1.53;1.54;3.07;992;22;Y;Y;N;N;N;N;Y
297886;5614;180;2018;complete;1948;6;-1;43,48,71;6,23,34,76;3;4;7;2;1;3;-1;-1;1;2;0;0;12;8;9;5;21;13;-1;-1;58;42;1;2;1.71;3.75;3.85;1.01;1.16;1.54;2.35;0;0;0;0;0;0;1.59;2.3;0;0;0;0;0;0;0;0;0;0;0;0;0;0;0;0;0;0;0;0;0;0;0;0;0;0;0;0;0;0;0;0;0;0;0;0;0;0;0;0;0;0;0;0;0;0;0;0;0;0;0;0;0;7;1;3;2;1;3;4;2018-06-05 14:00:00;180;0;36;36;7;0;1;1;0;1;2;0;1;2;0;1;1;1;1;2;1;0;0;0;0;2.62;1.79;4.41;1;0;1;0;0;0;1;1;0;1;0;1;0;0;-1;-1;-1;-1;-1;-1;-1;-1;-1;22;29;50;79;93;43;72;71;43;7.86;0;3;2.93;Kuala Lumpur;Melaka United;1.82;1.27;2.29;0.57;1.23;1.08;79;72;50;22;7;58;50;36;1.62;1.07;2.69;992;22;Y;Y;Y;Y;Y;Y;Y
297887;130;138;2018;complete;1948;7;-1;72;76,84;1;2;3;4;3;7;-1;-1;1;4;0;0;3;7;3;4;6;11;-1;-1;41;59;1;4;4.3;4;1.59;1.01;1.18;1.61;2.55;0;0;0;0;0;0;1.69;2.1;0;0;0;0;0;0;0;0;0;0;0;0;0;0;0;0;0;0;0;0;0;0;0;0;0;0;0;0;0;0;0;0;0;0;0;0;0;0;0;0;0;0;0;0;0;0;0;0;0;0;0;0;0;3;0;0;1;2;3;0;2018-07-10 13:00:00;138;0;32;25;13;0;1;1;2;1;2;2;3;4;0;2;1;2;2;3;1;0;0;0;0;1.07;1.6;2.66;0;0;0;0;0;0;1;1;0;0;2;0;0;0;-1;-1;-1;-1;-1;-1;-1;-1;-1;13;32;57;69;88;38;76;69;38;11.45;0;2.88;2.69;Perak;Johor Darul Ta'zim;1.91;2.36;2.38;2.13;1.82;2.59;88;69;44;32;13;48;21;14;1.88;1.89;3.77;992;22;Y;Y;Y;N;N;N;Y
297888;180;132;2018;complete;1948;7;-1;34,38,62,85;52;4;1;5;3;7;10;-1;-1;0;2;0;0;6;7;2;6;8;13;-1;-1;36;64;0;2;3.9;3.8;1.69;1;1.13;1.47;2.2;0;0;0;0;0;0;1.54;2.4;0;0;0;0;0;0;0;0;0;0;0;0;0;0;0;0;0;0;0;0;0;0;0;0;0;0;0;0;0;0;0;0;0;0;0;0;0;0;0;0;0;0;0;0;0;0;0;0;0;0;0;0;0;5;2;0;2;1;3;2;2018-07-10 13:00:00;180;0;64;41;23;0;1;1;1;3;2;4;4;6;0;0;0;2;0;2;1;0;0;0;0;1.15;1.72;2.86;0;1;0;1;0;0;1;1;0;0;1;3;0;0;-1;-1;-1;-1;-1;-1;-1;-1;-1;18;29;71;89;100;53;95;82;42;9.21;0;2.55;3.35;Melaka United;Kedah;1.55;1.64;1.25;1.89;1.18;1.76;83;71;29;11;0;59;53;40;1.37;1.7;3.07;992;22;Y;Y;Y;Y;Y;N;Y
297889;129;5612;2018;complete;1948;7;-1;;;0;0;0;6;11;17;-1;-1;2;3;0;0;6;7;5;11;11;18;-1;-1;63;37;2;3;1.43;4.05;5.8;0;0;0;0;0;0;0;0;0;0;0;0;0;0;0;0;0;0;0;0;0;0;0;0;0;0;0;0;0;0;0;0;0;0;0;0;0;0;0;0;0;0;0;0;0;0;0;0;0;0;0;0;0;0;0;0;0;0;0;0;0;0;0;0;0;0;0;0;0;0;0;0;2018-07-11 13:00:00;-1;0;54;12;36;0;1;1;4;7;2;4;11;6;0;0;2;3;0;5;1;0;0;0;0;1.31;1.83;3.14;0;0;0;0;0;0;1;1;0;0;0;2;0;0;-1;-1;-1;-1;-1;-1;-1;-1;-1;7;23;53;89;95;23;60;95;65;11.06;0;2.96;2.78;Pahang;PKNP;1.73;1.18;1.67;0.75;1.65;1.13;94;78;47;11;6;83;71;48;1.56;1.38;2.94;992;22;N;N;N;N;N;N;N
297890;137;140;2018;complete;1948;7;-1;35,86;78;2;1;3;4;9;13;-1;-1;2;1;0;0;3;2;5;2;8;4;-1;-1;45;55;2;1;3.2;3.65;1.91;0;0;0;0;0;0;0;0;0;0;0;0;0;0;0;0;0;0;0;0;0;0;0;0;0;0;0;0;0;0;0;0;0;0;0;0;0;0;0;0;0;0;0;0;0;0;0;0;0;0;0;0;0;0;0;0;0;0;0;0;0;0;0;0;0;3;1;0;1;1;2;1;2018-07-11 13:00:00;137;0;53;13;41;0;1;1;0;3;4;6;3;10;0;0;2;1;0;3;1;0;0;0;0;0.96;0.61;1.57;0;0;0;0;0;0;1;1;0;0;0;1;0;0;-1;-1;-1;-1;-1;-1;-1;-1;-1;20;34;54;94;100;40;80;75;55;8;0;3.09;3.07;Kelantan;Selangor;1.27;0.73;0.88;0.71;0.65;1.25;81;66;47;7;0;30;23;7;1.45;1.17;2.62;992;22;Y;Y;Y;N;N;N;Y
297891;139;5614;2018;complete;1948;7;-1;38,53,90;34;3;1;4;6;3;9;-1;-1;0;1;0;0;8;3;8;8;16;11;-1;-1;51;49;0;1;1.62;3.85;4.25;1;1.1;1.38;2;0;0;0;0;0;0;1.48;2.6;0;0;0;0;0;0;0;0;0;0;0;0;0;0;0;0;0;0;0;0;0;0;0;0;0;0;0;0;0;0;0;0;0;0;0;0;0;0;0;0;0;0;0;0;0;0;0;0;0;0;0;0;0;4;1;1;2;0;2;2;2018-07-10 13:00:00;139;0;65;30;41;0;1;1;1;1;5;2;2;7;0;1;0;0;1;0;1;0;0;0;0;1.85;1.08;2.93;0;0;0;0;0;0;1;1;0;0;0;0;0;0;-1;-1;-1;-1;-1;-1;-1;-1;-1;36;54;72;89;100;49;83;89;66;9.81;0;4.1;3.63;Terengganu;Kuala Lumpur;2.09;0.36;1.89;0.38;1.59;1.18;64;47;29;11;0;41;29;23;1.62;1.52;3.14;992;22;Y;Y;Y;Y;N;N;Y
297892;181;5613;2018;complete;1948;7;-1;11,25,31,47,90;22,45,50;5;3;8;8;4;12;-1;-1;1;2;0;0;13;4;9;17;22;21;-1;-1;50;50;1;2;1.57;3.8;4.7;0;0;0;0;0;0;0;0;0;0;0;0;0;0;0;0;0;0;0;0;0;0;0;0;0;0;0;0;0;0;0;0;0;0;0;0;0;0;0;0;0;0;0;0;0;0;0;0;0;0;0;0;0;0;0;0;0;0;0;0;0;0;0;0;0;8;3;2;2;1;3;5;2018-07-11 13:00:00;181;0;42;24;25;0;1;1;2;0;6;4;2;10;1;1;0;1;2;1;1;0;0;0;0;2.54;1.87;4.41;0;0;0;0;0;0;1;1;0;0;0;0;0;0;-1;-1;-1;-1;-1;-1;-1;-1;-1;24;36;47;76;94;41;71;82;53;8.01;0;2.44;2.93;PKNS;Negeri Sembilan;2.18;0.36;1.88;0.44;1.35;0.71;77;65;54;25;7;57;50;38;1.47;0.96;2.43;992;22;Y;Y;Y;Y;Y;Y;Y
297893;132;140;2018;complete;1948;8;-1;4,45,65,83;;4;0;4;7;8;15;-1;-1;3;1;0;0;6;2;13;11;19;13;-1;-1;43;57;3;1;1.91;3.75;3.1;0;0;0;0;0;0;0;0;0;0;0;0;0;0;0;0;0;0;0;0;0;0;0;0;0;0;0;0;0;0;0;0;0;0;0;0;0;0;0;0;0;0;0;0;0;0;0;0;0;0;0;0;0;0;0;0;0;0;0;0;0;0;0;0;0;4;2;0;2;0;2;2;2018-04-13 13:00:00;132;0;67;0;67;0;1;1;2;1;5;7;3;12;1;1;2;0;2;2;1;0;0;0;0;2.08;1.4;3.48;0;0;0;0;0;0;1;1;1;0;1;0;0;0;-1;-1;-1;-1;-1;-1;-1;-1;-1;17;67;84;100;100;17;100;84;67;7.33;0;7;3.67;Kedah;Selangor;1.27;0.73;0;1;1.2;1.2;84;34;17;0;0;17;17;0;1;1.11;2.11;992;22;Y;Y;Y;Y;N;N;N
297894;180;139;2018;complete;1948;8;-1;;27,76,81;0;3;3;3;6;9;-1;-1;0;3;0;0;5;8;7;6;12;14;-1;-1;52;48;0;3;2.3;3.6;2.5;0;0;0;0;0;0;0;0;0;0;0;0;0;0;0;0;0;0;0;0;0;0;0;0;0;0;0;0;0;0;0;0;0;0;0;0;0;0;0;0;0;0;0;0;0;0;0;0;0;0;0;0;0;0;0;0;0;0;0;0;0;0;0;0;0;3;0;1;0;2;2;1;2018-04-13 13:00:00;139;0;67;42;25;0;1;1;2;2;1;4;4;5;0;2;0;1;2;1;1;0;0;0;0;1.4;1.76;3.16;0;0;0;0;0;0;1;1;0;0;0;0;0;0;-1;-1;-1;-1;-1;-1;-1;-1;-1;0;0;59;100;100;59;100;59;25;8.17;0;2.67;2.59;Melaka United;Terengganu;1.55;1;3;2;1.8;1.6;100;100;42;0;0;75;50;34;1.7;1.88;3.58;992;22;Y;Y;Y;N;N;N;N
297895;5613;137;2018;complete;1948;8;-1;8;90;1;1;2;5;8;13;-1;-1;2;1;0;0;4;12;9;10;13;22;-1;-1;43;57;2;1;2.5;3.45;2.4;0;0;0;0;0;0;0;0;0;0;0;0;0;0;0;0;0;0;0;0;0;0;0;0;0;0;0;0;0;0;0;0;0;0;0;0;0;0;0;0;0;0;0;0;0;0;0;0;0;0;0;0;0;0;0;0;0;0;0;0;0;0;0;0;0;2;1;0;0;1;1;1;2018-04-14 13:00:00;-1;0;42;17;25;0;1;1;1;7;4;1;8;5;0;1;2;0;1;2;1;0;0;0;0;1.5;2.86;4.36;0;0;0;0;0;0;1;1;1;0;0;2;0;0;-1;-1;-1;-1;-1;-1;-1;-1;-1;0;0;59;84;100;42;100;42;42;9.17;0;2.83;2.42;Negeri Sembilan;Kelantan;1;0.36;1.5;0;0.6;0.8;100;100;42;17;0;59;34;34;1.41;1.45;2.86;992;22;Y;Y;N;N;N;N;Y
297896;138;181;2018;complete;1948;8;-1;14,50,66;;3;0;3;5;2;7;-1;-1;2;1;0;0;9;4;4;0;13;4;-1;-1;59;41;2;1;1.34;4.6;6.4;0;0;0;0;0;0;0;0;0;0;0;0;0;0;0;0;0;0;0;0;0;0;0;0;0;0;0;0;0;0;0;0;0;0;0;0;0;0;0;0;0;0;0;0;0;0;0;0;0;0;0;0;0;0;0;0;0;0;0;0;0;0;0;0;0;3;1;0;2;0;2;1;2018-04-14 13:00:00;138;0;42;42;25;0;1;1;4;1;1;1;5;2;0;0;2;1;0;3;1;0;0;0;0;1.69;0.65;2.34;0;0;0;0;0;0;1;1;0;0;0;0;0;0;-1;-1;-1;-1;-1;-1;-1;-1;-1;0;25;75;100;100;59;100;84;42;7.5;0;2.17;3;Johor Darul Ta'zim;PKNS;3;1;3;2;2.4;2;100;75;25;0;0;25;25;0;1.97;0.95;2.92;992;22;Y;Y;Y;N;N;N;N
297897;5612;130;2018;complete;1948;8;-1;81;20,24;1;2;3;4;5;9;-1;-1;3;0;0;0;3;5;9;10;12;15;-1;-1;48;52;3;0;3;3.4;2.05;1.02;1.24;1.8;3.05;0;0;0;0;0;0;1.74;2.05;0;0;0;0;0;0;0;0;0;0;0;0;0;0;0;0;0;0;0;0;0;0;0;0;0;0;0;0;0;0;0;0;0;0;0;0;0;0;0;0;0;0;0;0;0;0;0;0;0;0;0;0;0;3;0;2;1;0;1;2;2018-04-15 13:00:00;130;0;50;0;50;0;1;1;2;2;2;3;4;5;1;0;2;0;1;2;1;0;0;0;0;1.2;1.51;2.71;0;0;0;0;0;0;1;1;0;0;0;0;0;0;-1;-1;-1;-1;-1;-1;-1;-1;-1;17;34;50;50;84;0;34;84;50;8;0;3.33;2.34;PKNP;Perak;1.09;1.36;2;1.33;1.2;1.4;84;67;50;50;17;17;17;17;1.28;1.52;2.8;992;22;Y;Y;Y;N;N;N;Y
297898;5614;129;2018;complete;1948;8;-1;10,39;13,60;2;2;4;3;14;17;-1;-1;0;1;0;0;5;8;5;11;10;19;-1;-1;40;60;0;1;3.2;3.5;1.95;1.01;1.19;1.62;2.6;0;0;0;0;0;0;1.62;2.25;0;0;0;0;0;0;0;0;0;0;0;0;0;0;0;0;0;0;0;0;0;0;0;0;0;0;0;0;0;0;0;0;0;0;0;0;0;0;0;0;0;0;0;0;0;0;0;0;0;0;0;0;0;4;2;1;0;1;1;3;2018-04-15 13:00:00;-1;0;42;42;17;0;1;1;1;8;2;6;9;8;0;0;0;1;0;1;1;0;0;0;0;1.32;2.28;3.6;0;0;0;0;0;0;1;1;1;0;1;1;0;0;-1;-1;-1;-1;-1;-1;-1;-1;-1;17;42;42;59;100;42;75;84;42;10.33;0;4.33;2.92;Kuala Lumpur;Pahang;1.82;1.36;2;1.5;1.2;2;84;59;59;42;0;50;25;25;1.39;1.63;3.02;992;22;Y;Y;Y;Y;N;N;Y
297899;140;5613;2018;complete;1948;9;-1;35,56;64;2;1;3;3;4;7;-1;-1;3;0;0;0;7;6;7;8;14;14;-1;-1;47;53;3;0;1.8;3.35;3.9;0;0;0;0;0;0;0;0;0;0;1.65;2.2;0;0;0;0;0;0;0;0;0;0;0;0;0;0;0;0;0;0;0;0;0;0;0;0;0;0;0;0;0;0;0;0;0;0;0;0;0;0;0;0;0;0;0;0;0;0;0;0;0;0;0;0;0;3;1;0;1;1;2;1;2018-04-28 13:00:00;140;0;50;50;0;0;1;1;2;1;1;3;3;4;2;0;1;0;2;1;1;0;0;0;0;1.73;1.65;3.38;0;0;0;0;0;0;1;1;0;0;0;0;1;0;-1;-1;-1;-1;-1;-1;-1;-1;-1;25;67;84;84;100;84;84;100;67;6.17;0;3.83;3.59;Selangor;Negeri Sembilan;1.73;0.36;1.5;0;1;0.67;75;34;17;17;0;59;34;17;1.39;0.92;2.31;992;22;Y;Y;Y;N;N;N;Y
297900;139;132;2018;complete;1948;9;-1;44;64;1;1;2;4;2;6;-1;-1;2;2;0;0;4;5;5;2;9;7;-1;-1;44;56;2;2;2.05;3.5;3;1;1.14;1.49;2.25;0;0;0;0;0;0;1.5;2.55;0;0;0;0;0;0;0;0;0;0;0;0;0;0;0;0;0;0;0;0;0;0;0;0;0;0;0;0;0;0;0;0;0;0;0;0;0;0;0;0;0;0;0;0;0;0;0;0;0;0;0;0;0;2;1;0;0;1;1;1;2018-04-27 13:00:00;-1;0;71;54;59;0;1;1;2;1;2;1;3;3;2;0;0;2;2;2;1;0;0;0;0;1.13;0.96;2.09;0;0;0;0;0;0;1;1;0;0;0;1;0;0;-1;-1;-1;-1;-1;-1;-1;-1;-1;42;59;71;71;100;54;88;84;59;10.34;0;4.08;3.92;Terengganu;Kedah;2.09;1.64;1.33;1.5;1.83;1.5;59;42;29;29;0;33;33;17;1.76;2.15;3.91;992;22;Y;Y;N;N;N;N;Y
297901;181;5612;2018;complete;1948;9;-1;90;42;1;1;2;5;6;11;-1;-1;0;2;0;0;5;6;10;11;15;17;-1;-1;62;38;0;2;1.65;3.8;4.15;1.01;1.17;1.57;2.45;0;0;0;0;0;0;1.65;2.2;0;0;0;0;0;0;0;0;0;0;0;0;0;0;0;0;0;0;0;0;0;0;0;0;0;0;0;0;0;0;0;0;0;0;0;0;0;0;0;0;0;0;0;0;0;0;0;0;0;0;0;0;0;2;0;1;1;0;1;1;2018-04-27 13:00:00;-1;0;17;17;17;0;1;1;2;3;3;3;5;6;0;1;0;1;1;1;1;0;0;0;0;1.54;1.76;3.3;0;0;0;0;0;0;1;1;0;0;1;0;0;0;-1;-1;-1;-1;-1;-1;-1;-1;-1;17;17;42;67;100;17;84;84;42;10.83;0;2.17;2.75;PKNS;PKNP;2.18;1.18;2;0;1.67;1;84;84;59;34;0;42;42;42;1.44;0.88;2.32;992;22;Y;Y;N;N;N;N;Y
297902;130;5614;2018;complete;1948;9;-1;27,65,73;;3;0;3;5;4;9;-1;-1;0;3;0;0;10;3;13;3;23;6;-1;-1;57;43;0;3;1.57;3.75;4.85;0;0;0;0;0;0;0;0;0;0;1.74;2.05;0;0;0;0;0;0;0;0;0;0;0;0;0;0;0;0;0;0;0;0;0;0;0;0;0;0;0;0;0;0;0;0;0;0;0;0;0;0;0;0;0;0;0;0;0;0;0;0;0;0;0;0;0;3;1;0;2;0;2;1;2018-04-29 13:00:00;130;0;25;0;25;0;1;1;1;2;4;2;3;6;0;2;0;1;2;1;1;0;0;0;0;2.5;0.84;3.35;1;0;1;0;0;0;1;1;0;0;0;0;0;0;-1;-1;-1;-1;-1;-1;-1;-1;-1;0;0;50;100;100;50;75;50;25;13.5;0;2.5;2.5;Perak;Kuala Lumpur;1.91;0.36;1.5;0;1.67;1.17;100;100;50;0;0;0;0;0;1.94;1.8;3.74;992;22;Y;Y;Y;N;N;N;N
297903;137;138;2018;complete;1948;9;-1;12;37,83;1;2;3;3;2;5;-1;-1;1;3;0;0;2;4;3;7;5;11;-1;-1;51;49;1;3;5.9;4.7;1.36;0;0;0;0;0;0;0;0;0;0;0;0;0;0;0;0;0;0;0;0;0;0;0;0;0;0;0;0;0;0;0;0;0;0;0;0;0;0;0;0;0;0;0;0;0;0;0;0;0;0;0;0;0;0;0;0;0;0;0;0;0;0;0;0;0;3;1;1;0;1;1;2;2018-04-28 13:00:00;138;0;50;25;25;0;1;1;2;2;1;0;4;1;1;1;0;2;2;2;1;0;0;0;0;0.93;1.54;2.47;0;1;0;1;0;0;1;1;0;0;1;0;0;0;-1;-1;-1;-1;-1;-1;-1;-1;-1;25;25;25;50;100;25;100;25;25;8;0;3.5;2.25;Kelantan;Johor Darul Ta'zim;1.27;2.36;2;1.5;0.83;2.5;75;75;75;50;0;0;0;0;1.61;1.41;3.02;992;22;Y;Y;Y;N;N;N;Y
297904;129;180;2018;complete;1948;9;-1;72,90;;2;0;2;1;9;10;-1;-1;3;1;0;0;8;5;5;5;13;10;-1;-1;54;46;3;1;1.35;4.55;6.4;0;0;0;0;0;0;0;0;0;0;1.67;2.15;0;0;0;0;0;0;0;0;0;0;0;0;0;0;0;0;0;0;0;0;0;0;0;0;0;0;0;0;0;0;0;0;0;0;0;0;0;0;0;0;0;0;0;0;0;0;0;0;0;0;0;0;0;2;0;0;2;0;2;0;2018-04-28 13:00:00;129;0;25;25;0;0;1;1;0;8;1;1;8;2;1;0;2;1;1;3;1;0;0;0;0;1.66;1.25;2.91;0;0;0;0;0;0;1;1;0;0;0;2;0;0;-1;-1;-1;-1;-1;-1;-1;-1;-1;25;42;84;84;84;67;84;59;59;10.5;0;1.5;3.17;Pahang;Melaka United;1.73;1.27;2.33;0;1.83;1.5;75;59;17;17;17;59;59;34;1.74;1.06;2.8;992;22;Y;Y;N;N;N;N;N
297905;139;129;2018;complete;1948;10;-1;73;38,53,90;1;3;4;6;3;9;-1;-1;2;2;0;0;8;6;5;7;13;13;-1;-1;55;45;2;2;2.6;3.35;2.35;0;0;0;0;0;0;0;0;0;0;1.61;2.25;0;0;0;0;0;0;0;0;0;0;0;0;0;0;0;0;0;0;0;0;0;0;0;0;0;0;0;0;0;0;0;0;0;0;0;0;0;0;0;0;0;0;0;0;0;0;0;0;0;0;0;0;0;4;0;1;1;2;3;1;2018-05-01 13:00:00;129;0;71;46;25;0;1;1;5;2;1;1;7;2;0;0;2;2;0;4;1;0;0;0;0;1.66;1.41;3.07;1;0;1;0;0;0;1;1;0;0;1;1;0;0;-1;-1;-1;-1;-1;-1;-1;-1;-1;13;59;59;71;100;46;84;88;42;13.75;0;3.92;3;Terengganu;Pahang;2.09;1.36;1.25;1.33;1.71;2;88;42;42;29;0;63;46;34;1.61;1.85;3.46;992;22;Y;Y;Y;Y;N;N;Y
297906;138;140;2018;complete;1948;10;-1;61,69;;2;0;2;6;3;9;-1;-1;2;2;0;0;8;4;6;1;14;5;-1;-1;66;34;2;2;1.2;5.85;9;0;0;0;0;0;0;0;0;0;0;1.71;2.05;0;0;0;0;0;0;0;0;0;0;0;0;0;0;0;0;0;0;0;0;0;0;0;0;0;0;0;0;0;0;0;0;0;0;0;0;0;0;0;0;0;0;0;0;0;0;0;0;0;0;0;0;0;2;0;0;2;0;2;0;2018-05-02 13:00:00;138;0;25;13;13;0;1;1;2;3;4;0;5;4;1;1;1;1;2;2;1;0;0;0;0;1.73;0.73;2.46;0;0;0;0;0;0;1;1;0;0;0;0;0;0;-1;-1;-1;-1;-1;-1;-1;-1;-1;13;25;88;100;100;50;100;75;50;9.83;0;2.75;3.25;Johor Darul Ta'zim;Selangor;3;0.73;3;0.75;2.57;1.29;88;75;13;0;0;42;42;13;1.88;1.18;3.06;992;22;Y;Y;N;N;N;N;N
297907;132;5613;2018;complete;1948;10;-1;2,27,31;4,48,87;3;3;6;6;3;9;-1;-1;1;2;0;0;10;5;9;3;19;8;-1;-1;58;42;1;2;1.33;5;6.4;0;0;0;0;0;0;0;0;0;0;1.67;2.15;0;0;0;0;0;0;0;0;0;0;0;0;0;0;0;0;0;0;0;0;0;0;0;0;0;0;0;0;0;0;0;0;0;0;0;0;0;0;0;0;0;0;0;0;0;0;0;0;0;0;0;0;0;6;3;1;0;2;2;4;2018-05-01 13:00:00;-1;0;38;0;38;0;1;1;3;3;3;0;6;3;0;0;1;2;0;3;1;0;0;0;0;2.16;1;3.16;1;1;1;1;0;0;1;1;1;1;1;1;0;0;-1;-1;-1;-1;-1;-1;-1;-1;-1;0;63;88;88;100;50;88;100;75;10;0;5;3.38;Kedah;Negeri Sembilan;1.27;0.36;1.5;0;1.43;0.57;100;38;13;13;0;50;50;38;1.54;1.1;2.64;992;22;Y;Y;Y;Y;Y;Y;Y
297908;5612;137;2018;complete;1948;10;-1;26,30;;2;0;2;7;5;12;-1;-1;0;2;0;0;9;4;3;3;12;7;-1;-1;36;64;0;2;2.2;3.4;2.7;0;0;0;0;0;0;0;0;0;0;1.65;2.2;0;0;0;0;0;0;0;0;0;0;0;0;0;0;0;0;0;0;0;0;0;0;0;0;0;0;0;0;0;0;0;0;0;0;0;0;0;0;0;0;0;0;0;0;0;0;0;0;0;0;0;0;0;2;2;0;0;0;0;2;2018-05-02 13:00:00;5612;0;50;13;13;0;1;1;3;1;4;4;4;8;0;0;0;2;0;2;1;0;0;0;0;1.58;1.01;2.59;0;0;0;0;0;0;1;1;0;0;0;1;0;0;-1;-1;-1;-1;-1;-1;-1;-1;-1;0;0;50;63;100;25;63;75;25;11.5;0;3;2.13;PKNP;Kelantan;1.09;0.36;1.5;0.25;1;0.71;100;100;50;38;0;63;50;50;1.26;1.8;3.06;992;22;Y;Y;N;N;N;N;N
297909;5614;181;2018;complete;1948;10;-1;10,45;45;2;1;3;4;4;8;-1;-1;2;2;0;0;9;5;8;18;17;23;-1;-1;37;63;2;2;2.2;3.45;2.7;0;0;0;0;0;0;0;0;0;0;1.65;2.2;0;0;0;0;0;0;0;0;0;0;0;0;0;0;0;0;0;0;0;0;0;0;0;0;0;0;0;0;0;0;0;0;0;0;0;0;0;0;0;0;0;0;0;0;0;0;0;0;0;0;0;0;0;3;2;1;0;0;0;3;2018-05-02 13:00:00;5614;0;42;42;29;0;1;1;3;1;1;3;4;4;0;0;2;2;0;4;1;0;0;0;0;2.04;2.25;4.29;0;0;0;0;0;0;1;1;1;0;2;0;0;0;-1;-1;-1;-1;-1;-1;-1;-1;-1;13;42;59;88;100;42;100;88;46;4.5;0;3.08;3.25;Kuala Lumpur;PKNS;1.82;1;1.75;1.33;1;1.57;88;59;42;13;0;13;13;13;1.37;0.8;2.17;992;22;Y;Y;Y;N;N;N;Y
297910;180;130;2018;complete;1948;10;-1;79;45,56;1;2;3;8;6;14;-1;-1;1;2;1;0;6;10;3;8;9;18;-1;-1;51;49;3;2;3.15;3.4;2;0;0;0;0;0;0;0;0;0;0;1.69;2.1;0;0;0;0;0;0;0;0;0;0;0;0;0;0;0;0;0;0;0;0;0;0;0;0;0;0;0;0;0;0;0;0;0;0;0;0;0;0;0;0;0;0;0;0;0;0;0;0;0;0;0;0;0;3;0;1;1;1;2;1;2018-05-02 13:00:00;130;0;50;13;25;0;1;1;3;5;5;1;8;6;1;0;1;2;1;3;1;0;0;0;0;1.29;2.14;3.44;0;1;0;1;0;0;1;1;0;0;0;1;0;0;-1;-1;-1;-1;-1;-1;-1;-1;-1;13;25;75;88;88;38;88;75;38;7.25;0;2;2.88;Melaka United;Perak;1.55;1.36;2.25;1.75;1.29;1.86;88;75;25;13;13;63;38;25;1.62;1.52;3.14;992;22;Y;Y;Y;N;N;N;Y
297911;5613;138;2018;complete;1948;11;-1;;6,38,63,74;0;4;4;6;2;8;-1;-1;2;1;0;0;0;10;6;6;6;16;-1;-1;39;61;2;1;8;4.85;1.29;0;0;0;0;0;0;0;0;0;0;1.95;1.83;0;0;0;0;0;0;0;0;0;0;0;0;0;0;0;0;0;0;0;0;0;0;0;0;0;0;0;0;0;0;0;0;0;0;0;0;0;0;0;0;0;0;0;0;0;0;0;0;0;0;0;0;0;4;0;2;0;2;2;2;2018-05-05 13:00:00;138;0;50;17;17;0;1;1;4;2;2;0;6;2;1;0;1;1;1;2;1;0;0;0;0;0.67;2.04;2.71;0;2;0;2;0;0;1;1;0;1;2;0;0;0;-1;-1;-1;-1;-1;-1;-1;-1;-1;0;0;33;67;100;33;100;50;17;6.66;0;3.34;2;Negeri Sembilan;Johor Darul Ta'zim;1;2.36;1.33;2;0.63;2.63;100;100;67;34;0;34;17;17;1.44;1.45;2.89;992;22;Y;Y;Y;Y;N;N;N
297912;140;5612;2018;complete;1948;11;-1;54;90;1;1;2;6;7;13;-1;-1;1;1;0;0;4;5;9;7;13;12;-1;-1;52;48;1;1;1.77;3.55;3.8;1.01;1.22;1.71;2.85;0;0;0;0;0;0;1.74;2.05;0;0;0;0;0;0;0;0;0;0;0;0;0;0;0;0;0;0;0;0;0;0;0;0;0;0;0;0;0;0;0;0;0;0;0;0;0;0;0;0;0;0;0;0;0;0;0;0;0;0;0;0;0;2;0;0;1;1;2;0;2018-05-06 13:00:00;-1;0;67;34;17;0;1;1;1;4;2;3;5;5;1;0;0;1;1;1;1;0;0;0;0;1.51;1.48;3;0;0;0;0;0;0;1;1;0;0;0;0;0;0;-1;-1;-1;-1;-1;-1;-1;-1;-1;17;34;67;100;100;34;100;100;67;9;0;4.34;3.17;Selangor;PKNP;1.73;1.18;2;0.33;1.13;1.25;84;67;34;0;0;50;34;34;1.51;1.17;2.68;992;22;Y;Y;N;N;N;N;Y
297913;130;139;2018;complete;1948;11;-1;5,13,38;11,79;3;2;5;5;4;9;-1;-1;1;1;0;0;8;4;9;3;17;7;-1;-1;50;50;1;1;1.87;3.45;3.5;1.01;1.19;1.62;2.6;0;0;0;0;0;0;1.65;2.2;0;0;0;0;0;0;0;0;0;0;0;0;0;0;0;0;0;0;0;0;0;0;0;0;0;0;0;0;0;0;0;0;0;0;0;0;0;0;0;0;0;0;0;0;0;0;0;0;0;0;0;0;0;5;3;1;0;1;1;4;2018-05-06 13:00:00;130;0;34;17;17;0;1;1;3;2;2;2;5;4;1;0;0;1;1;1;1;0;0;0;0;1.97;1.01;2.98;1;1;1;1;0;0;1;1;1;0;0;0;0;0;-1;-1;-1;-1;-1;-1;-1;-1;-1;0;0;67;100;100;33;100;67;50;11;0;3.66;2.67;Perak;Terengganu;1.91;1;2;2.33;2;1.5;100;100;33;0;0;59;0;0;2.22;1.84;4.06;992;22;Y;Y;Y;Y;Y;N;Y
297914;129;132;2018;complete;1948;11;-1;11,40;18,51;2;2;4;7;3;10;-1;-1;1;3;0;0;8;5;2;2;10;7;-1;-1;54;46;1;3;1.95;3.45;3.25;0;0;0;0;0;0;0;0;0;0;1.51;2.45;0;0;0;0;0;0;0;0;0;0;0;0;0;0;0;0;0;0;0;0;0;0;0;0;0;0;0;0;0;0;0;0;0;0;0;0;0;0;0;0;0;0;0;0;0;0;0;0;0;0;0;0;0;4;2;1;0;1;1;3;2018-05-05 13:00:00;-1;0;40;30;20;0;1;1;5;1;2;2;6;4;0;1;1;2;1;3;1;0;0;0;0;1.53;1;2.53;0;0;0;0;0;0;1;1;0;0;1;0;0;0;-1;-1;-1;-1;-1;-1;-1;-1;-1;20;33;55;78;88;43;65;88;58;10.25;0;2.55;3.13;Pahang;Kedah;1.73;1.64;2.5;1.4;2.13;1.38;80;68;45;23;13;50;50;38;1.72;1.85;3.57;992;22;Y;Y;Y;Y;N;N;Y
297915;137;5614;2018;complete;1948;11;-1;10,17,69,89;80,90;4;2;6;1;5;6;-1;-1;0;1;0;0;5;4;14;10;19;14;-1;-1;54;46;0;1;1.95;3.6;3.15;0;0;0;0;0;0;0;0;0;0;1.56;2.35;0;0;0;0;0;0;0;0;0;0;0;0;0;0;0;0;0;0;0;0;0;0;0;0;0;0;0;0;0;0;0;0;0;0;0;0;0;0;0;0;0;0;0;0;0;0;0;0;0;0;0;0;0;6;2;0;2;2;4;2;2018-05-05 13:00:00;137;0;67;34;33;0;1;1;0;3;1;2;3;3;0;1;0;0;1;0;1;0;0;0;0;1.81;1.47;3.27;0;0;0;0;0;0;1;1;1;0;0;0;0;0;-1;-1;-1;-1;-1;-1;-1;-1;-1;17;17;67;100;100;50;84;67;50;9.34;0;3.33;3;Kelantan;Kuala Lumpur;1.27;0.36;1.33;0;0.63;1.25;84;84;33;0;0;17;0;0;1.39;1.48;2.87;992;22;Y;Y;Y;Y;Y;Y;Y
297916;181;180;2018;complete;1948;11;-1;69,80;;2;0;2;6;5;11;-1;-1;1;0;0;0;11;7;5;4;16;11;-1;-1;51;49;1;0;1.87;3.75;3.25;0;0;0;0;0;0;0;0;0;0;1.48;2.55;0;0;0;0;0;0;0;0;0;0;0;0;0;0;0;0;0;0;0;0;0;0;0;0;0;0;0;0;0;0;0;0;0;0;0;0;0;0;0;0;0;0;0;0;0;0;0;0;0;0;0;0;0;2;0;0;2;0;2;0;2018-05-05 13:00:00;181;0;42;29;13;0;1;1;3;3;3;2;6;5;0;0;1;0;0;1;1;0;0;0;0;2.21;1.56;3.76;0;0;0;0;0;0;1;1;0;0;1;0;0;0;-1;-1;-1;-1;-1;-1;-1;-1;-1;29;29;46;75;100;46;71;71;46;9.75;0;1.83;3.04;PKNS;Melaka United;2.18;1.27;1.75;0;1.38;1.13;71;71;54;25;0;59;59;25;1.47;1.12;2.59;992;22;Y;Y;N;N;N;N;N
297917;140;138;2018;complete;1948;12;-1;14,16;3,68;2;2;4;3;4;7;-1;-1;1;1;0;0;3;7;4;9;7;16;-1;-1;41;59;1;1;5.25;4.15;1.48;0;0;0;0;0;0;0;0;0;0;0;0;0;0;0;0;0;0;0;0;0;0;0;0;0;0;0;0;0;0;0;0;0;0;0;0;0;0;0;0;0;0;0;0;0;0;0;0;0;0;0;0;0;0;0;0;0;0;0;0;0;0;0;0;0;4;2;1;0;1;1;3;2018-05-12 13:00:00;-1;0;63;38;25;0;1;1;3;1;0;3;4;3;0;1;1;0;1;1;1;0;0;0;0;1.06;1.92;2.97;0;0;0;0;0;0;1;1;0;1;0;0;0;0;-1;-1;-1;-1;-1;-1;-1;-1;-1;13;38;63;75;100;50;88;75;63;6;0;3.75;2.88;Selangor;Johor Darul Ta'zim;1.73;2.36;1.75;2.25;1.11;2.67;88;63;38;25;0;25;13;13;1.51;1.6;3.11;992;22;Y;Y;Y;Y;N;N;Y
297918;130;180;2018;complete;1948;12;-1;;;0;0;0;9;2;11;-1;-1;2;3;0;0;8;2;4;2;12;4;-1;-1;51;49;2;3;1.26;5.1;8.25;0;0;0;0;0;0;0;0;0;0;0;0;0;0;0;0;0;0;0;0;0;0;0;0;0;0;0;0;0;0;0;0;0;0;0;0;0;0;0;0;0;0;0;0;0;0;0;0;0;0;0;0;0;0;0;0;0;0;0;0;0;0;0;0;0;0;0;0;0;0;0;0;2018-05-12 13:00:00;-1;0;25;25;0;0;1;1;3;2;6;0;5;6;0;2;2;1;2;3;1;0;0;0;0;1.71;0.58;2.29;0;0;0;0;0;0;1;1;0;0;1;0;0;0;-1;-1;-1;-1;-1;-1;-1;-1;-1;25;25;63;100;100;50;75;75;50;11.42;0;2.25;3.13;Perak;Melaka United;1.91;1.27;2.25;0;2.11;1;75;75;38;0;0;71;38;13;2.14;1.23;3.37;992;22;N;N;N;N;N;N;N
297919;137;5612;2018;complete;1948;12;-1;74;61,83;1;2;3;7;3;10;-1;-1;1;1;0;0;2;5;10;8;12;13;-1;-1;66;34;1;1;2.1;3.5;2.9;1.01;1.19;1.65;2.65;0;0;0;0;0;0;1.61;2.25;0;0;0;0;0;0;0;0;0;0;0;0;0;0;0;0;0;0;0;0;0;0;0;0;0;0;0;0;0;0;0;0;0;0;0;0;0;0;0;0;0;0;0;0;0;0;0;0;0;0;0;0;0;3;0;0;1;2;3;0;2018-05-11 13:00:00;5612;0;75;25;38;0;1;1;5;3;2;0;8;2;0;0;1;1;0;2;1;0;0;0;0;1.04;1.37;2.41;0;0;0;0;0;0;1;1;0;0;2;1;0;0;-1;-1;-1;-1;-1;-1;-1;-1;-1;25;25;50;100;100;38;88;88;50;10;0;3;3.13;Kelantan;PKNP;1.27;1.18;1.75;0.5;0.89;1.22;75;75;50;0;0;38;38;38;1.49;1.25;2.74;992;22;Y;Y;Y;N;N;N;Y
297920;129;139;2018;complete;1948;12;-1;;63;0;1;1;8;2;10;-1;-1;0;5;0;0;5;3;10;6;15;9;-1;-1;54;46;0;5;1.69;3.95;3.85;1.01;1.15;1.53;2.3;0;0;0;0;0;0;1.59;2.3;0;0;0;0;0;0;0;0;0;0;0;0;0;0;0;0;0;0;0;0;0;0;0;0;0;0;0;0;0;0;0;0;0;0;0;0;0;0;0;0;0;0;0;0;0;0;0;0;0;0;0;0;0;1;0;0;0;1;1;0;2018-05-11 13:00:00;139;0;48;35;13;0;1;1;4;0;4;2;4;6;0;2;0;3;2;3;1;0;0;0;0;1.58;0.98;2.57;0;0;0;0;0;0;1;1;0;0;1;0;0;0;-1;-1;-1;-1;-1;-1;-1;-1;-1;13;33;68;90;90;45;80;78;55;9.95;0;2.8;2.93;Pahang;Terengganu;1.73;1;2.2;1.75;2;1.33;88;68;33;10;10;78;40;20;1.68;1.63;3.31;992;22;Y;N;N;N;N;N;N
297921;5613;132;2018;complete;1948;12;-1;76;8,16;1;2;3;4;3;7;-1;-1;2;0;0;0;7;10;6;4;13;14;-1;-1;57;43;2;0;4.25;4.05;1.59;0;0;0;0;0;0;0;0;0;0;0;0;0;0;0;0;0;0;0;0;0;0;0;0;0;0;0;0;0;0;0;0;0;0;0;0;0;0;0;0;0;0;0;0;0;0;0;0;0;0;0;0;0;0;0;0;0;0;0;0;0;0;0;0;0;3;0;2;1;0;1;2;2018-05-13 13:00:00;132;0;67;34;29;0;1;1;2;2;2;1;4;3;0;0;2;0;0;2;1;0;0;0;0;1.68;1.84;3.53;0;0;0;0;0;0;1;1;0;1;1;0;0;0;-1;-1;-1;-1;-1;-1;-1;-1;-1;17;38;59;92;100;59;92;88;42;9;0;3.75;3.38;Negeri Sembilan;Kedah;1;1.64;1;1.33;0.56;1.33;84;63;42;9;0;45;33;23;1.25;1.68;2.93;992;22;Y;Y;Y;N;N;N;Y
297922;181;5614;2018;complete;1948;12;-1;10,38,51;6,90;3;2;5;5;2;7;-1;-1;1;1;0;0;6;8;7;11;13;19;-1;-1;54;46;1;1;1.71;3.75;3.8;0;0;0;0;0;0;0;0;0;0;0;0;0;0;0;0;0;0;0;0;0;0;0;0;0;0;0;0;0;0;0;0;0;0;0;0;0;0;0;0;0;0;0;0;0;0;0;0;0;0;0;0;0;0;0;0;0;0;0;0;0;0;0;0;0;5;2;1;1;1;2;3;2018-05-13 13:00:00;181;0;45;10;35;0;1;1;4;0;1;2;4;3;1;1;0;0;2;0;1;0;0;0;0;1.53;2.08;3.61;2;0;2;0;0;0;1;1;1;1;0;0;0;0;-1;-1;-1;-1;-1;-1;-1;-1;-1;23;23;48;80;100;35;68;78;58;9.7;0;1.85;3.05;PKNS;Kuala Lumpur;2.18;0.36;2;0;1.56;1.11;78;78;53;20;0;43;30;30;1.61;1.48;3.09;992;22;Y;Y;Y;Y;Y;N;Y
297923;138;5613;2018;complete;1948;13;-1;33,76;;2;0;2;6;1;7;-1;-1;0;2;0;0;9;0;5;0;14;0;-1;-1;62;38;0;2;1.07;9;15.5;1;1.08;1.33;1.87;0;0;0;0;0;0;2.75;1.43;0;0;0;0;0;0;0;0;0;0;0;0;0;0;0;0;0;0;0;0;0;0;0;0;0;0;0;0;0;0;0;0;0;0;0;0;0;0;0;0;0;0;0;0;0;0;0;0;0;0;0;0;0;2;1;0;1;0;1;1;2018-05-23 14:00:00;138;0;30;20;10;0;1;1;4;1;2;0;5;2;0;1;0;1;1;1;1;0;0;0;0;1.85;0.12;1.98;0;0;0;0;0;0;1;1;0;0;0;0;0;0;-1;-1;-1;-1;-1;-1;-1;-1;-1;10;20;80;90;100;50;80;90;60;9.7;0;2.4;3.1;Johor Darul Ta'zim;Negeri Sembilan;3;0.36;3;0.2;2.5;0.5;90;80;20;10;0;55;33;10;1.84;1.08;2.92;992;22;Y;Y;N;N;N;N;N
297924;132;129;2018;complete;1948;13;-1;45,89;;2;0;2;4;3;7;-1;-1;1;2;0;0;3;2;4;6;7;8;-1;-1;44;56;1;2;2.15;3.65;2.65;1;1.12;1.44;2.15;0;0;0;0;0;0;1.45;2.65;0;0;0;0;0;0;0;0;0;0;0;0;0;0;0;0;0;0;0;0;0;0;0;0;0;0;0;0;0;0;0;0;0;0;0;0;0;0;0;0;0;0;0;0;0;0;0;0;0;0;0;0;0;2;1;0;1;0;1;1;2018-05-22 14:00:00;132;0;71;42;29;0;1;1;4;2;0;1;6;1;0;1;1;1;1;2;1;0;0;0;0;0.8;0.87;1.67;0;0;0;0;0;0;1;1;0;0;1;1;0;0;-1;-1;-1;-1;-1;-1;-1;-1;-1;17;88;88;88;100;59;88;100;75;13.92;0;4.75;3.96;Kedah;Pahang;1.27;1.36;1.33;1.75;1.5;1.8;84;13;13;13;0;84;42;42;1.75;1.74;3.49;992;22;Y;Y;N;N;N;N;N
297925;5612;140;2018;complete;1948;13;-1;;39,82;0;2;2;5;3;8;-1;-1;1;2;0;0;7;13;7;5;14;18;-1;-1;51;49;1;2;2.45;3.45;2.4;1.01;1.18;1.62;2.55;0;0;0;0;0;0;1.59;2.3;0;0;0;0;0;0;0;0;0;0;0;0;0;0;0;0;0;0;0;0;0;0;0;0;0;0;0;0;0;0;0;0;0;0;0;0;0;0;0;0;0;0;0;0;0;0;0;0;0;0;0;0;0;2;0;1;0;1;1;1;2018-07-26 13:00:00;140;0;60;5;40;0;1;1;4;2;1;1;6;2;1;0;0;2;1;2;1;0;0;0;0;1.78;2.37;4.15;0;0;0;0;0;0;1;1;0;0;2;0;0;0;-1;-1;-1;-1;-1;-1;-1;-1;-1;10;25;65;85;100;25;65;85;60;10;0;3.2;2.85;PKNP;Selangor;1.09;0.73;1.2;0.5;1.1;1.05;90;75;35;15;0;55;45;30;1.29;1.22;2.51;992;22;Y;Y;N;N;N;N;N
297926;180;181;2018;complete;1948;13;-1;16;43;1;1;2;7;6;13;-1;-1;1;1;0;1;6;6;2;7;8;13;-1;-1;43;57;1;2;2.5;3.4;2.4;1.01;1.16;1.56;2.4;0;0;0;0;0;0;1.54;2.4;0;0;0;0;0;0;0;0;0;0;0;0;0;0;0;0;0;0;0;0;0;0;0;0;0;0;0;0;0;0;0;0;0;0;0;0;0;0;0;0;0;0;0;0;0;0;0;0;0;0;0;0;0;2;1;1;0;0;0;2;2018-05-23 14:00:00;-1;0;45;35;23;0;1;1;3;1;4;5;4;9;0;1;1;1;1;2;1;0;0;0;0;1.18;1.67;2.85;0;0;0;0;0;0;1;1;0;0;1;0;0;0;-1;-1;-1;-1;-1;-1;-1;-1;-1;0;13;78;100;100;45;100;78;45;7.07;0;2.5;2.9;Melaka United;PKNS;1.55;1;1.8;1;1;1.7;100;88;23;0;0;50;40;30;1.56;1.28;2.84;992;22;Y;Y;N;N;N;N;Y
297927;139;130;2018;complete;1948;13;-1;26,52;;2;0;2;4;3;7;-1;-1;3;1;0;0;7;3;4;11;11;14;-1;-1;49;51;3;1;2.5;3.6;2.3;1.01;1.18;1.61;2.5;0;0;0;0;0;0;1.57;2.35;0;0;0;0;0;0;0;0;0;0;0;0;0;0;0;0;0;0;0;0;0;0;0;0;0;0;0;0;0;0;0;0;0;0;0;0;0;0;0;0;0;0;0;0;0;0;0;0;0;0;0;0;0;2;1;0;1;0;1;1;2018-05-22 14:00:00;139;0;80;10;60;0;1;1;2;2;2;1;4;3;2;1;1;0;3;1;1;0;0;0;0;1.38;1.34;2.72;1;0;1;0;0;0;1;1;0;0;0;1;0;0;-1;-1;-1;-1;-1;-1;-1;-1;-1;20;50;70;80;90;20;90;80;60;8.4;0;3.8;3.1;Terengganu;Perak;2.09;1.36;1;2;1.5;2;80;50;30;20;10;40;20;10;1.62;1.64;3.26;992;22;Y;Y;N;N;N;N;N
297928;5614;137;2018;complete;1948;13;-1;4,10,23,78,86;16;5;1;6;4;3;7;-1;-1;3;2;0;0;9;6;8;1;17;7;-1;-1;43;57;3;2;2.05;3.4;3;1.01;1.17;1.59;2.5;0;0;0;0;0;0;1.57;2.35;0;0;0;0;0;0;0;0;0;0;0;0;0;0;0;0;0;0;0;0;0;0;0;0;0;0;0;0;0;0;0;0;0;0;0;0;0;0;0;0;0;0;0;0;0;0;0;0;0;0;0;0;0;6;3;1;2;0;2;4;2018-05-22 14:00:00;5614;0;50;40;10;0;1;1;3;0;1;3;3;4;2;0;1;2;2;3;1;0;0;0;0;2.13;1.25;3.38;0;0;0;0;0;0;1;1;2;0;2;0;0;0;-1;-1;-1;-1;-1;-1;-1;-1;-1;10;20;50;80;100;50;100;50;20;9.4;0;3.2;2.8;Kuala Lumpur;Kelantan;1.82;0.36;2;0.2;1;0.8;90;80;50;20;0;50;50;50;1.51;1.64;3.15;992;22;Y;Y;Y;Y;Y;Y;Y
297929;137;5613;2018;complete;1948;14;-1;;17,38;0;2;2;-1;-1;-1;-1;-1;1;3;0;0;-1;-1;-1;-1;-1;-1;-1;-1;-1;-1;1;3;1.77;3.65;3.65;1.01;1.17;1.59;2.5;0;0;0;0;0;0;1.61;2.25;0;0;0;0;0;0;0;0;0;0;0;0;0;0;0;0;0;0;0;0;0;0;0;0;0;0;0;0;0;0;0;0;0;0;0;0;0;0;0;0;0;0;0;0;0;0;0;0;0;0;0;0;0;2;0;2;0;0;0;2;2018-05-26 14:00:00;5613;0;67;29;39;0;-1;1;-1;-1;-1;-1;-1;-1;0;1;1;2;1;3;-1;0;0;0;0;0;0;0;0;1;0;1;0;0;1;1;0;0;-1;-1;0;0;-1;-1;-1;-1;-1;-1;-1;-1;-1;29;37;74;92;100;55;82;90;55;7.47;0;2.73;3.49;Kelantan;Negeri Sembilan;1.27;0.36;1.4;0.17;0.73;0.45;72;64;27;9;0;35;27;9;1.4;0.92;2.32;992;22;Y;Y;N;N;N;N;N
297930;140;132;2018;complete;1948;14;-1;70;28,52;1;2;3;9;5;14;-1;-1;2;1;0;0;8;6;10;8;18;14;-1;-1;53;47;2;1;3.05;3.6;2;1.01;1.17;1.57;2.45;0;0;0;0;0;0;1.57;2.3;0;0;0;0;0;0;0;0;0;0;0;0;0;0;0;0;0;0;0;0;0;0;0;0;0;0;0;0;0;0;0;0;0;0;0;0;0;0;0;0;0;0;0;0;0;0;0;0;0;0;0;0;0;3;0;1;1;1;2;1;2018-05-26 14:00:00;132;0;93;59;35;0;1;1;4;2;5;3;6;8;0;0;2;1;0;3;1;0;0;0;0;2.18;1.66;3.85;0;0;0;0;0;0;1;1;0;0;2;0;0;0;-1;-1;-1;-1;-1;-1;-1;-1;-1;25;52;76;93;100;66;83;100;55;7.67;0;3.71;3.73;Selangor;Kedah;1.73;1.64;1.6;1.57;1.1;1.64;76;49;25;7;0;37;27;19;1.42;1.71;3.13;992;22;Y;Y;Y;N;N;N;Y
297931;130;5612;2018;complete;1948;14;-1;9,76,84,90;34,60,68;4;3;7;7;2;9;-1;-1;1;3;0;0;12;5;7;2;19;7;-1;-1;62;38;1;3;1.45;4.1;5.5;1.01;1.15;1.53;2.35;0;0;0;0;0;0;1.67;2.15;0;0;0;0;0;0;0;0;0;0;0;0;0;0;0;0;0;0;0;0;0;0;0;0;0;0;0;0;0;0;0;0;0;0;0;0;0;0;0;0;0;0;0;0;0;0;0;0;0;0;0;0;0;7;1;1;3;2;5;2;2018-05-26 14:00:00;130;0;40;10;20;0;1;1;3;0;4;2;3;6;1;0;0;3;1;3;1;0;0;0;0;2.29;0.99;3.28;1;0;1;0;0;0;1;1;1;0;0;0;0;0;-1;-1;-1;-1;-1;-1;-1;-1;-1;10;10;50;90;90;20;70;80;40;12.7;0;2.8;2.5;Perak;PKNP;1.91;1.18;2;1;1.82;1.4;90;90;50;10;10;78;53;43;2.03;1.27;3.3;992;22;Y;Y;Y;Y;Y;Y;Y
297932;139;180;2018;complete;1948;14;-1;61;;1;0;1;13;3;16;-1;-1;2;0;0;0;4;2;9;4;13;6;-1;-1;53;47;2;0;1.59;3.95;4.3;1;1.14;1.49;2.25;0;0;0;0;0;0;1.59;2.3;0;0;0;0;0;0;0;0;0;0;0;0;0;0;0;0;0;0;0;0;0;0;0;0;0;0;0;0;0;0;0;0;0;0;0;0;0;0;0;0;0;0;0;0;0;0;0;0;0;0;0;0;0;1;0;0;1;0;1;0;2018-05-26 14:00:00;139;0;44;19;25;0;1;1;8;1;5;2;9;7;1;0;1;0;1;1;1;0;0;0;0;1.43;0.72;2.15;0;0;0;0;0;0;1;1;0;0;2;0;1;0;-1;-1;-1;-1;-1;-1;-1;-1;-1;19;35;45;82;90;29;70;72;55;9.17;0;3.73;2.7;Terengganu;Melaka United;2.09;1.27;1.33;0.2;1.64;1;82;65;55;19;10;57;49;20;1.58;1.1;2.68;992;22;Y;N;N;N;N;N;N
297933;181;138;2018;complete;1948;14;-1;;;0;0;0;2;14;16;-1;-1;2;2;0;0;3;9;0;16;3;25;-1;-1;25;75;2;2;5.1;4.05;1.5;0;0;0;0;0;0;0;0;0;0;0;0;0;0;0;0;0;0;0;0;0;0;0;0;0;0;0;0;0;0;0;0;0;0;0;0;0;0;0;0;0;0;0;0;0;0;0;0;0;0;0;0;0;0;0;0;0;0;0;0;0;0;0;0;0;0;0;0;0;0;0;0;2018-05-27 14:00:00;-1;0;45;37;17;0;1;1;1;3;1;11;4;12;0;1;2;1;1;3;1;0;0;0;0;0.67;2.59;3.26;0;0;0;0;0;0;1;1;0;0;0;0;0;0;-1;-1;-1;-1;-1;-1;-1;-1;-1;17;37;47;64;100;47;84;72;35;7.53;0;2.07;2.8;PKNS;Johor Darul Ta'zim;2.18;2.36;2.17;2;1.64;2.55;84;64;54;37;0;25;25;25;1.6;1.66;3.26;992;22;N;N;N;N;N;N;N
297934;129;5614;2018;complete;1948;14;-1;8,41,53,89;;4;0;4;9;5;14;-1;-1;1;3;0;0;8;4;5;4;13;8;-1;-1;59;41;1;3;1.47;4.15;5.3;1;1.13;1.49;2.25;0;0;0;0;0;0;1.62;2.25;0;0;0;0;0;0;0;0;0;0;0;0;0;0;0;0;0;0;0;0;0;0;0;0;0;0;0;0;0;0;0;0;0;0;0;0;0;0;0;0;0;0;0;0;0;0;0;0;0;0;0;0;0;4;2;0;2;0;2;2;2018-05-25 14:00:00;129;0;39;19;30;0;1;1;3;0;6;5;3;11;0;0;1;3;0;4;1;0;0;0;0;1.67;1.01;2.68;0;0;0;0;0;0;1;1;1;0;0;0;0;0;-1;-1;-1;-1;-1;-1;-1;-1;-1;20;37;65;84;92;47;65;82;65;10.47;0;1.87;3.07;Pahang;Kuala Lumpur;1.73;0.36;1.83;0;1.64;1.18;80;64;35;17;9;52;42;17;1.66;1.6;3.26;992;22;Y;Y;Y;Y;N;N;N
297935;138;130;2018;complete;1948;15;-1;5,84;;2;0;2;6;4;10;-1;-1;1;1;0;0;7;5;2;6;9;11;-1;-1;61;39;1;1;1.27;5;8.25;1.01;1.15;1.53;2.3;0;0;0;0;0;0;1.87;1.91;0;0;0;0;0;0;0;0;0;0;0;0;0;0;0;0;0;0;0;0;0;0;0;0;0;0;0;0;0;0;0;0;0;0;0;0;0;0;0;0;0;0;0;0;0;0;0;0;0;0;0;0;0;2;1;0;1;0;1;1;2018-06-02 14:00:00;138;0;42;9;25;0;1;1;0;0;6;4;0;10;1;0;0;1;1;1;1;0;0;0;0;1.33;1.24;2.58;1;0;1;0;0;0;1;1;1;0;0;0;0;0;-1;-1;-1;-1;-1;-1;-1;-1;-1;9;17;67;92;92;25;83;83;50;9.6;0;2.5;2.75;Johor Darul Ta'zim;Perak;3;1.36;3;1.67;2.42;1.92;92;84;33;9;9;37;19;9;1.84;1.59;3.43;992;22;Y;Y;N;N;N;N;N
297936;5613;181;2018;complete;1948;15;-1;35,61,69;73;3;1;4;2;3;5;-1;-1;2;3;0;0;13;6;8;5;21;11;-1;-1;51;49;2;3;3.4;3.3;1.95;1.01;1.21;1.71;2.8;0;0;0;0;0;0;1.69;2.1;0;0;0;0;0;0;0;0;0;0;0;0;0;0;0;0;0;0;0;0;0;0;0;0;0;0;0;0;0;0;0;0;0;0;0;0;0;0;0;0;0;0;0;0;0;0;0;0;0;0;0;0;0;4;1;0;2;1;3;1;2018-06-03 14:00:00;5613;0;60;30;20;0;1;1;1;1;1;2;2;3;1;1;1;2;2;3;1;0;0;0;0;2.51;1.45;3.96;2;0;2;0;0;0;1;1;0;0;0;0;0;0;-1;-1;-1;-1;-1;-1;-1;-1;-1;0;20;60;100;100;60;100;70;40;7.5;0;3.4;2.8;Negeri Sembilan;PKNS;1;1;0.8;1;0.67;1.58;100;80;40;0;0;33;23;23;1.34;1.38;2.72;992;22;Y;Y;Y;Y;N;N;Y
297937;5614;139;2018;complete;1948;15;-1;45,46,81;;3;0;3;2;10;12;-1;-1;1;0;0;0;7;9;6;16;13;25;-1;-1;41;59;1;0;2.85;3.5;2.1;1.01;1.19;1.65;2.65;0;0;0;0;0;0;1.61;2.25;0;0;0;0;0;0;0;0;0;0;0;0;0;0;0;0;0;0;0;0;0;0;0;0;0;0;0;0;0;0;0;0;0;0;0;0;0;0;0;0;0;0;0;0;0;0;0;0;0;0;0;0;0;3;1;0;2;0;2;1;2018-06-02 14:00:00;5614;0;64;54;19;0;1;1;0;7;2;3;7;5;0;0;1;0;0;1;1;0;0;0;0;1.7;2.65;4.35;0;0;0;0;0;0;1;1;0;0;0;1;0;0;-1;-1;-1;-1;-1;-1;-1;-1;-1;27;35;64;82;100;54;90;74;37;7.2;0;4.6;3.32;Kuala Lumpur;Terengganu;1.82;1;2.17;2;1.08;1.75;74;65;37;19;0;49;19;9;1.61;1.5;3.11;992;22;Y;Y;Y;N;N;N;N
297938;5612;129;2018;complete;1948;15;-1;3;75,90;1;2;3;2;2;4;-1;-1;1;0;0;0;2;3;2;4;4;7;-1;-1;50;50;1;0;3.6;3.55;1.83;1.01;1.19;1.67;2.65;0;0;0;0;0;0;1.67;2.15;0;0;0;0;0;0;0;0;0;0;0;0;0;0;0;0;0;0;0;0;0;0;0;0;0;0;0;0;0;0;0;0;0;0;0;0;0;0;0;0;0;0;0;0;0;0;0;0;0;0;0;0;0;3;1;0;0;2;2;1;2018-06-02 14:00:00;129;0;50;20;20;0;1;1;1;1;1;1;2;2;1;0;0;0;1;0;1;0;0;0;0;0.6;1.09;1.69;0;0;0;0;0;0;1;1;1;0;1;0;0;0;-1;-1;-1;-1;-1;-1;-1;-1;-1;0;30;50;70;100;40;60;90;30;12.2;0;3.2;2.5;PKNP;Pahang;1.09;1.36;1.8;1.4;1.27;1.75;100;70;50;30;0;70;40;40;1.32;1.57;2.89;992;22;Y;Y;Y;N;N;N;Y
297939;132;180;2018;complete;1948;15;-1;;43,90;0;2;2;2;7;9;-1;-1;0;1;0;0;6;5;6;7;12;12;-1;-1;53;47;0;1;1.29;4.9;7.75;1;1.14;1.49;2.25;0;0;0;0;0;0;1.8;2;0;0;0;0;0;0;0;0;0;0;0;0;0;0;0;0;0;0;0;0;0;0;0;0;0;0;0;0;0;0;0;0;0;0;0;0;0;0;0;0;0;0;0;0;0;0;0;0;0;0;0;0;0;2;0;1;0;1;1;1;2018-06-01 14:00:00;180;0;34;21;13;0;1;1;0;2;2;5;2;7;0;0;0;1;0;1;1;0;0;0;0;1.47;1.29;2.76;0;0;0;0;0;0;1;1;0;0;0;1;0;0;-1;-1;-1;-1;-1;-1;-1;-1;-1;21;46;54;84;92;42;67;84;63;9.92;0;3.67;3.09;Kedah;Melaka United;1.27;1.27;1.75;0.17;1.75;0.92;79;54;46;17;9;67;54;38;1.51;1.04;2.55;992;22;Y;Y;N;N;N;N;N
297940;140;137;2018;complete;1948;15;-1;31,36,38,82;;4;0;4;9;2;11;-1;-1;1;1;0;0;7;5;13;7;20;12;-1;-1;53;47;1;1;1.48;4.2;5.15;1;1.13;1.48;2.2;0;0;0;0;0;0;1.61;2.25;0;0;0;0;0;0;0;0;0;0;0;0;0;0;0;0;0;0;0;0;0;0;0;0;0;0;0;0;0;0;0;0;0;0;0;0;0;0;0;0;0;0;0;0;0;0;0;0;0;0;0;0;0;4;3;0;1;0;1;3;2018-06-01 14:00:00;140;0;75;42;25;0;1;1;4;1;5;1;5;6;0;0;1;1;0;2;1;0;0;0;0;2.18;1.55;3.73;0;0;0;0;0;0;1;1;0;0;0;0;0;0;-1;-1;-1;-1;-1;-1;-1;-1;-1;17;34;67;92;100;50;92;75;58;10;0;3.5;3.17;Selangor;Kelantan;1.73;0.36;1.33;0.17;1;0.67;83;67;34;9;0;59;50;50;1.55;1.58;3.13;992;22;Y;Y;Y;Y;N;N;N
297941;137;132;2018;complete;1948;16;-1;;45;0;1;1;-1;-1;-1;-1;-1;2;2;1;0;-1;-1;-1;-1;-1;-1;-1;-1;-1;-1;3;2;6.1;4.7;1.35;1;1.12;1.45;2.15;0;0;0;0;0;0;1.62;2.15;0;0;0;0;0;0;0;0;0;0;0;0;0;0;0;0;0;0;0;0;0;0;0;0;0;0;0;0;0;0;0;0;0;0;0;0;0;0;0;0;0;0;0;0;0;0;0;0;0;0;0;0;0;1;0;1;0;0;0;1;2018-06-08 14:00:00;132;0;86;42;44;0;-1;1;-1;-1;-1;-1;-1;-1;1;1;2;1;2;3;-1;0;0;0;0;0;0;0;0;0;0;0;0;0;1;1;0;0;-1;-1;0;0;-1;-1;-1;-1;-1;-1;-1;-1;-1;29;36;71;94;100;65;86;84;44;8.51;0;2.96;3.63;Kelantan;Kedah;1.27;1.64;1.17;1.75;0.79;1.5;71;65;29;7;0;32;32;15;1.4;1.7;3.1;992;22;Y;N;N;N;N;N;N
297942;130;5613;2018;complete;1948;16;-1;55,84;;2;0;2;7;3;10;-1;-1;2;1;0;0;7;0;6;5;13;5;-1;-1;56;44;2;1;1.26;5.2;8;1;1.13;1.48;2.2;0;0;0;0;0;0;1.87;1.91;0;0;0;0;0;0;0;0;0;0;0;0;0;0;0;0;0;0;0;0;0;0;0;0;0;0;0;0;0;0;0;0;0;0;0;0;0;0;0;0;0;0;0;0;0;0;0;0;0;0;0;0;0;2;0;0;2;0;2;0;2018-06-09 14:00:00;130;0;31;24;16;0;1;1;2;2;5;1;4;6;1;0;1;1;1;2;1;0;0;0;0;1.61;0.51;2.12;0;0;0;0;0;0;1;1;0;0;0;1;0;0;-1;-1;-1;-1;-1;-1;-1;-1;-1;24;31;62;85;92;54;85;77;38;10.27;0;2.9;3.17;Perak;Negeri Sembilan;1.91;0.36;2.17;0.57;1.71;0.86;77;69;38;16;9;65;27;19;2.08;0.92;3;992;22;Y;Y;N;N;N;N;N
297943;129;138;2018;complete;1948;16;-1;86;33,90;1;2;3;4;5;9;-1;-1;4;3;0;0;6;5;1;9;7;14;-1;-1;43;57;4;3;4.05;3.65;1.69;1.01;1.2;1.67;2.7;0;0;0;0;0;0;1.71;2.1;0;0;0;0;0;0;0;0;0;0;0;0;0;0;0;0;0;0;0;0;0;0;0;0;0;0;0;0;0;0;0;0;0;0;0;0;0;0;0;0;0;0;0;0;0;0;0;0;0;0;0;0;0;3;0;1;1;1;2;1;2018-06-12 14:00:00;138;0;24;24;0;0;1;1;1;3;3;2;4;5;3;1;1;2;4;3;1;0;0;0;0;1.28;1.73;3.01;0;1;0;1;0;0;1;1;0;0;0;0;0;0;-1;-1;-1;-1;-1;-1;-1;-1;-1;0;38;54;61;85;47;70;68;37;11.14;0;2.21;2.37;Pahang;Johor Darul Ta'zim;1.73;2.36;2;1.83;1.71;2.5;100;62;47;40;16;52;52;30;1.66;1.82;3.48;992;22;Y;Y;Y;N;N;N;Y
297944;139;5612;2018;complete;1948;16;-1;68,71;79;2;1;3;8;3;11;-1;-1;2;1;0;0;6;7;8;2;14;9;-1;-1;58;42;2;1;1.65;3.75;4.2;1.01;1.15;1.53;2.3;0;0;0;0;0;0;1.61;2.25;0;0;0;0;0;0;0;0;0;0;0;0;0;0;0;0;0;0;0;0;0;0;0;0;0;0;0;0;0;0;0;0;0;0;0;0;0;0;0;0;0;0;0;0;0;0;0;0;0;0;0;0;0;3;0;0;2;1;3;0;2018-06-09 14:00:00;139;0;62;16;47;0;1;1;6;2;2;1;8;3;1;1;1;0;2;1;1;0;0;0;0;2.01;1.57;3.58;0;0;0;0;0;0;1;1;0;0;0;1;0;0;-1;-1;-1;-1;-1;-1;-1;-1;-1;16;30;47;86;100;16;77;93;55;10.93;0;3.96;2.94;Terengganu;PKNP;2.09;1.18;1.57;0.83;1.5;1.31;85;70;54;15;0;63;48;32;1.55;1.23;2.78;992;22;Y;Y;Y;N;N;N;Y
297945;181;140;2018;complete;1948;16;-1;18,90;79,89;2;2;4;1;2;3;-1;-1;1;1;0;0;6;10;7;6;13;16;-1;-1;44;56;1;1;2;3.4;3.15;1.01;1.21;1.71;2.8;0;0;0;0;0;0;1.69;2.1;0;0;0;0;0;0;0;0;0;0;0;0;0;0;0;0;0;0;0;0;0;0;0;0;0;0;0;0;0;0;0;0;0;0;0;0;0;0;0;0;0;0;0;0;0;0;0;0;0;0;0;0;0;4;1;0;1;2;3;1;2018-06-10 14:00:00;-1;0;32;15;25;0;1;1;0;0;1;2;0;3;0;1;1;0;1;1;1;0;0;0;0;1.47;1.98;3.45;0;0;0;0;0;0;1;1;0;0;0;0;0;0;-1;-1;-1;-1;-1;-1;-1;-1;-1;25;35;45;79;93;35;69;76;52;8.2;0;2.66;2.89;PKNS;Selangor;2.18;0.73;2;0.6;1.36;1.31;76;66;56;22;7;59;49;39;1.47;1.09;2.56;992;22;Y;Y;Y;Y;N;N;Y
297946;180;5614;2018;complete;1948;16;-1;5,42;30,56,64,83;2;4;6;4;3;7;-1;-1;1;3;0;1;4;9;6;4;10;13;-1;-1;50;50;1;4;2;3.55;3.05;1;1.12;1.45;2.15;0;0;0;0;0;0;1.48;2.6;0;0;0;0;0;0;0;0;0;0;0;0;0;0;0;0;0;0;0;0;0;0;0;0;0;0;0;0;0;0;0;0;0;0;0;0;0;0;0;0;0;0;0;0;0;0;0;0;0;0;0;0;0;6;2;1;0;3;3;3;2018-06-09 14:00:00;5614;0;50;25;34;0;1;1;1;1;3;2;2;5;0;1;1;3;1;4;1;0;0;0;0;1.25;1.75;3;0;1;0;1;0;0;1;1;1;0;1;1;0;0;-1;-1;-1;-1;-1;-1;-1;-1;-1;17;25;75;100;100;59;92;75;58;9.66;0;2.5;3.25;Melaka United;Kuala Lumpur;1.55;0.36;1.67;0;1.21;1.14;84;75;25;0;0;67;50;42;1.49;1.5;2.99;992;22;Y;Y;Y;Y;Y;Y;Y
297947;140;130;2018;complete;1948;17;-1;82;43;1;1;2;7;6;13;-1;-1;3;2;0;0;5;3;10;7;15;10;-1;-1;51;49;3;2;2.2;3.4;2.75;1.01;1.2;1.69;2.7;0;0;0;0;0;0;1.65;2.2;0;0;0;0;0;0;0;0;0;0;0;0;0;0;0;0;0;0;0;0;0;0;0;0;0;0;0;0;0;0;0;0;0;0;0;0;0;0;0;0;0;0;0;0;0;0;0;0;0;0;0;0;0;2;0;1;1;0;1;1;2018-06-19 13:00:00;-1;0;76;25;44;0;1;1;3;2;4;4;5;8;1;0;2;2;1;4;1;0;0;0;0;1.68;1.19;2.87;0;0;0;0;0;0;1;1;0;0;1;0;1;0;-1;-1;-1;-1;-1;-1;-1;-1;-1;13;38;69;94;94;38;82;94;57;9.25;0;3.26;3.07;Selangor;Perak;1.73;1.36;1.75;1.38;1.29;1.8;88;63;32;7;7;57;44;38;1.63;1.61;3.24;992;22;Y;Y;N;N;N;N;Y
297948;137;181;2018;complete;1948;17;-1;;4,87;0;2;2;5;1;6;-1;-1;0;2;0;0;5;6;11;8;16;14;-1;-1;62;38;0;2;2.9;3.5;2.05;1.01;1.16;1.54;2.35;0;0;0;0;0;0;1.54;2.4;0;0;0;0;0;0;0;0;0;0;0;0;0;0;0;0;0;0;0;0;0;0;0;0;0;0;0;0;0;0;0;0;0;0;0;0;0;0;0;0;0;0;0;0;0;0;0;0;0;0;0;0;0;2;0;1;0;1;1;1;2018-06-19 13:00:00;181;0;71;43;36;0;1;1;0;0;5;1;0;6;0;0;0;2;0;2;1;0;0;0;0;1.68;1.56;3.24;0;0;0;0;0;0;1;1;0;1;0;0;0;0;-1;-1;-1;-1;-1;-1;-1;-1;-1;15;29;64;93;100;57;93;64;43;8.3;0;3.28;3.07;Kelantan;PKNS;1.27;1;1;0.71;0.73;1.33;86;71;36;7;0;27;27;17;1.4;1.59;2.99;992;22;Y;Y;N;N;N;N;N
297949;5613;129;2018;complete;1948;17;-1;83;7,65,72;1;3;4;9;4;13;-1;-1;2;1;0;0;8;9;6;7;14;16;-1;-1;43;57;2;1;4.25;4;1.61;1;1.14;1.51;2.3;0;0;0;0;0;0;1.62;2.25;0;0;0;0;0;0;0;0;0;0;0;0;0;0;0;0;0;0;0;0;0;0;0;0;0;0;0;0;0;0;0;0;0;0;0;0;0;0;0;0;0;0;0;0;0;0;0;0;0;0;0;0;0;4;0;1;1;2;3;1;2018-06-19 13:00:00;129;0;64;15;29;0;1;1;5;1;4;3;6;7;0;0;2;1;0;3;1;0;0;0;0;1.78;1.99;3.77;0;0;0;0;0;0;1;1;0;1;1;0;0;0;-1;-1;-1;-1;-1;-1;-1;-1;-1;0;36;57;86;100;36;86;86;50;10.04;0;4.15;2.79;Negeri Sembilan;Pahang;1;1.36;1.14;1.43;0.8;1.6;100;64;43;15;0;55;31;31;1.48;1.49;2.97;992;22;Y;Y;Y;Y;N;N;Y
297950;132;5614;2018;complete;1948;17;-1;14,26,32;45,88;3;2;5;6;2;8;-1;-1;0;2;0;0;10;6;6;7;16;13;-1;-1;55;45;0;2;1.42;4.7;5.25;1;1.09;1.37;1.95;0;0;0;0;0;0;1.56;2.4;0;0;0;0;0;0;0;0;0;0;0;0;0;0;0;0;0;0;0;0;0;0;0;0;0;0;0;0;0;0;0;0;0;0;0;0;0;0;0;0;0;0;0;0;0;0;0;0;0;0;0;0;0;5;3;1;0;1;1;4;2018-06-20 13:00:00;132;0;54;23;30;0;1;1;4;1;2;1;5;3;0;0;0;2;0;2;1;0;0;0;0;1.93;1.43;3.35;0;0;0;0;0;0;1;1;0;0;0;0;0;0;-1;-1;-1;-1;-1;-1;-1;-1;-1;30;54;77;100;100;52;93;93;77;10.07;0;3.69;3.82;Kedah;Kuala Lumpur;1.27;0.36;1.17;0.43;1.6;1.27;70;47;24;0;0;48;24;24;1.61;1.54;3.15;992;22;Y;Y;Y;Y;Y;N;Y
297951;138;139;2018;complete;1948;17;-1;8,35;;2;0;2;8;3;11;-1;-1;0;1;1;0;4;0;0;0;4;0;-1;-1;66;34;2;1;1.18;5.85;10.75;1;1.14;1.49;2.25;0;0;0;0;0;0;2.15;1.67;0;0;0;0;0;0;0;0;0;0;0;0;0;0;0;0;0;0;0;0;0;0;0;0;0;0;0;0;0;0;0;0;0;0;0;0;0;0;0;0;0;0;0;0;0;0;0;0;0;0;0;0;0;2;2;0;0;0;0;2;2018-06-20 13:00:00;138;0;35;21;7;0;1;1;6;0;2;3;6;5;0;1;1;0;1;1;-1;0;0;0;0;0;0;0;0;0;0;0;0;0;1;1;1;0;1;0;0;0;-1;-1;-1;-1;-1;-1;-1;-1;-1;7;7;61;87;100;27;87;81;48;10.96;0;3.13;2.62;Johor Darul Ta'zim;Terengganu;3;1;3;1.43;2.53;1.6;93;93;40;14;0;68;38;7;1.76;1.55;3.31;992;22;Y;Y;N;N;N;N;N
297952;5612;180;2018;complete;1948;17;-1;57;65,90;1;2;3;9;3;12;-1;-1;1;1;0;0;2;3;7;7;9;10;-1;-1;51;49;1;1;1.87;3.55;3.35;1.01;1.18;1.62;2.55;0;0;0;0;0;0;1.62;2.25;0;0;0;0;0;0;0;0;0;0;0;0;0;0;0;0;0;0;0;0;0;0;0;0;0;0;0;0;0;0;0;0;0;0;0;0;0;0;0;0;0;0;0;0;0;0;0;0;0;0;0;0;0;3;0;0;1;2;3;0;2018-06-19 13:00:00;180;0;41;13;14;0;1;1;5;1;4;2;6;6;1;1;0;0;2;0;1;0;0;0;0;1.07;1.11;2.18;0;0;0;0;0;0;1;1;0;0;5;0;0;0;-1;-1;-1;-1;-1;-1;-1;-1;-1;13;13;48;73;94;34;54;81;47;8.93;0;2.54;2.52;PKNP;Melaka United;1.09;1.27;1.71;0.88;1.21;1.13;88;88;53;27;7;66;53;34;1.24;1.16;2.4;992;22;Y;Y;Y;N;N;N;Y
297953;130;137;2018;complete;1948;18;-1;70;;1;0;1;6;0;6;-1;-1;0;2;0;0;2;0;6;3;8;3;-1;-1;53;47;0;2;1.32;4.85;6.5;1;1.13;1.48;2.2;0;0;0;0;0;0;1.69;2.1;0;0;0;0;0;0;0;0;0;0;0;0;0;0;0;0;0;0;0;0;0;0;0;0;0;0;0;0;0;0;0;0;0;0;0;0;0;0;0;0;0;0;0;0;0;0;0;0;0;0;0;0;0;1;0;0;1;0;1;0;2018-06-26 13:00:00;130;0;40;27;7;0;1;1;3;0;3;0;3;3;0;2;0;0;2;0;1;0;0;0;0;1.16;0.36;1.52;1;0;1;0;0;0;1;1;0;0;1;0;0;0;-1;-1;-1;-1;-1;-1;-1;-1;-1;21;27;60;87;93;47;86;67;41;11.8;0;2.81;3.07;Perak;Kelantan;1.91;0.36;2.29;0.5;1.75;0.69;80;73;41;14;7;79;54;46;2;1.53;3.53;992;22;Y;N;N;N;N;N;N
297954;139;5613;2018;complete;1948;18;-1;32,57,66;44,45;3;2;5;4;10;14;-1;-1;2;2;0;0;9;5;5;12;14;17;-1;-1;48;52;2;2;1.62;3.8;4.35;1;1.14;1.51;2.3;0;0;0;0;0;0;1.57;2.3;0;0;0;0;0;0;0;0;0;0;0;0;0;0;0;0;0;0;0;0;0;0;0;0;0;0;0;0;0;0;0;0;0;0;0;0;0;0;0;0;0;0;0;0;0;0;0;0;0;0;0;0;0;5;1;2;2;0;2;3;2018-06-27 13:00:00;139;0;44;13;32;0;1;1;1;4;3;6;5;9;0;0;2;2;0;4;1;0;0;0;0;1.73;1.67;3.4;1;0;1;0;0;0;1;1;0;0;1;1;0;0;-1;-1;-1;-1;-1;-1;-1;-1;-1;13;32;50;82;100;32;75;88;50;9.32;0;3.75;2.82;Terengganu;Negeri Sembilan;2.09;0.36;1.75;0.5;1.5;0.75;88;69;50;19;0;54;41;20;1.61;0.86;2.47;992;22;Y;Y;Y;Y;Y;N;Y
297955;129;140;2018;complete;1948;18;-1;49;62;1;1;2;3;5;8;-1;-1;3;2;0;0;3;3;6;3;9;6;-1;-1;61;39;3;2;1.62;3.9;4.2;1;1.14;1.51;2.3;0;0;0;0;0;0;1.59;2.3;0;0;0;0;0;0;0;0;0;0;0;0;0;0;0;0;0;0;0;0;0;0;0;0;0;0;0;0;0;0;0;0;0;0;0;0;0;0;0;0;0;0;0;0;0;0;0;0;0;0;0;0;0;2;0;0;1;1;2;0;2018-06-26 13:00:00;-1;0;29;7;23;0;1;1;3;3;0;2;6;2;3;1;0;1;4;1;1;0;0;0;0;1.08;0.77;1.85;0;0;0;0;0;0;1;1;0;0;0;3;0;0;-1;-1;-1;-1;-1;-1;-1;-1;-1;9;44;65;88;94;36;73;86;65;9.71;0;2.8;2.98;Pahang;Selangor;1.73;0.73;1.75;0.67;1.69;1.27;92;57;36;13;7;69;54;28;1.62;1.24;2.86;992;22;Y;Y;N;N;N;N;Y
297956;5614;5612;2018;complete;1948;18;-1;23;81;1;1;2;4;8;12;-1;-1;3;2;0;0;3;6;12;14;15;20;-1;-1;48;52;3;2;1.71;3.85;3.8;1;1.11;1.43;2.1;0;0;0;0;0;0;1.49;2.55;0;0;0;0;0;0;0;0;0;0;0;0;0;0;0;0;0;0;0;0;0;0;0;0;0;0;0;0;0;0;0;0;0;0;0;0;0;0;0;0;0;0;0;0;0;0;0;0;0;0;0;0;0;2;1;0;0;1;1;1;2018-06-27 13:00:00;-1;0;67;39;41;0;1;1;2;5;2;3;7;5;0;1;3;1;1;4;1;0;0;0;0;1.57;2.07;3.64;0;0;0;0;0;0;1;1;0;0;0;0;0;0;-1;-1;-1;-1;-1;-1;-1;-1;-1;26;32;66;94;100;39;79;88;61;7.89;0;3.32;3.64;Kuala Lumpur;PKNP;1.82;1.18;2;0.71;1.19;1.13;75;68;34;7;0;56;48;41;1.75;1.28;3.03;992;22;Y;Y;N;N;N;N;Y
297957;181;132;2018;complete;1948;18;-1;32,47,90;35,57,70,90;3;4;7;1;5;6;-1;-1;0;4;0;0;5;10;2;10;7;20;-1;-1;45;55;0;4;0;0;0;0;0;0;0;0;0;0;0;0;0;0;0;0;0;0;0;0;0;0;0;0;0;0;0;0;0;0;0;0;0;0;0;0;0;0;0;0;0;0;0;0;0;0;0;0;0;0;0;0;0;0;0;0;0;0;0;0;0;0;0;0;0;0;0;0;7;1;1;2;3;5;2;2018-02-25 13:00:00;132;0;25;25;0;0;1;1;0;3;1;2;3;3;0;0;0;4;0;4;1;0;0;0;0;1.08;2.27;3.35;0;1;0;1;0;0;1;1;0;0;0;0;0;0;-1;-1;-1;-1;-1;-1;-1;-1;-1;0;0;25;25;100;25;25;100;0;16;0;2.5;1.5;PKNS;Kedah;2.18;1.64;3;1.5;2.33;1;100;100;75;75;0;100;100;100;1.25;1.68;2.93;992;22;Y;Y;Y;Y;Y;Y;Y
297958;180;138;2018;complete;1948;18;-1;;41,54,65,90;0;4;4;3;4;7;-1;-1;0;1;0;0;3;9;3;13;6;22;-1;-1;28;72;0;1;5.95;4.3;1.4;1;1.14;1.5;2.25;0;0;0;0;0;0;1.65;2.2;0;0;0;0;0;0;0;0;0;0;0;0;0;0;0;0;0;0;0;0;0;0;0;0;0;0;0;0;0;0;0;0;0;0;0;0;0;0;0;0;0;0;0;0;0;0;0;0;0;0;0;0;0;4;0;1;0;3;3;1;2018-06-26 13:00:00;138;0;50;36;14;0;1;1;3;3;0;1;6;1;0;0;0;1;0;1;1;0;0;0;0;0.76;2.5;3.26;0;0;0;0;0;0;1;1;0;0;1;1;0;0;-1;-1;-1;-1;-1;-1;-1;-1;-1;7;22;64;79;93;50;93;64;36;9.71;0;2.71;2.72;Melaka United;Johor Darul Ta'zim;1.55;2.36;1.43;2;1.25;2.56;93;79;36;22;7;58;43;36;1.46;1.81;3.27;992;22;Y;Y;Y;Y;N;N;N
297959;130;129;2018;complete;1948;19;-1;25;17;1;1;2;4;4;8;-1;-1;2;2;0;0;6;5;10;7;16;12;-1;-1;44;56;2;2;2.15;3.65;2.7;0;0;0;0;0;0;0;0;0;0;0;0;0;0;0;0;0;0;0;0;0;0;0;0;0;0;0;0;0;0;0;0;0;0;0;0;0;0;0;0;0;0;0;0;0;0;0;0;0;0;0;0;0;0;0;0;0;0;0;0;0;0;0;0;0;2;1;1;0;0;0;2;2018-07-14 13:00:00;-1;0;48;24;24;0;1;1;3;1;1;3;4;4;1;1;1;1;2;2;1;0;0;0;0;1.86;1.52;3.38;0;0;0;0;0;0;1;1;0;0;1;0;0;1;-1;-1;-1;-1;-1;-1;-1;-1;-1;11;36;60;77;95;29;72;83;47;12.25;0;3.35;2.89;Perak;Pahang;1.91;1.36;2.11;1.63;1.72;1.61;89;64;41;24;6;67;34;28;1.78;1.56;3.34;992;22;Y;Y;N;N;N;N;Y
297960;181;139;2018;complete;1948;19;-1;16,38,66,79;;4;0;4;2;8;10;-1;-1;1;0;0;0;7;7;6;7;13;14;-1;-1;46;54;1;0;2.1;3.65;2.8;0;0;0;0;0;0;0;0;0;0;0;0;0;0;0;0;0;0;0;0;0;0;0;0;0;0;0;0;0;0;0;0;0;0;0;0;0;0;0;0;0;0;0;0;0;0;0;0;0;0;0;0;0;0;0;0;0;0;0;0;0;0;0;0;0;4;2;0;2;0;2;2;2018-07-14 13:00:00;181;0;53;29;29;0;1;1;2;4;0;4;6;4;0;0;1;0;0;1;1;0;0;0;0;1.7;1.75;3.45;1;0;1;0;0;0;1;1;0;0;0;1;0;0;-1;-1;-1;-1;-1;-1;-1;-1;-1;23;29;54;78;95;36;78;77;53;9.11;0;2.77;3.04;PKNS;Terengganu;2.18;1;2;1.25;1.44;1.67;78;72;47;23;6;72;53;41;1.59;1.55;3.14;992;22;Y;Y;Y;Y;N;N;N
297961;137;180;2018;complete;1948;19;-1;11;90;1;1;2;1;1;2;-1;-1;0;1;0;0;5;2;9;4;14;6;-1;-1;45;55;0;1;2.3;3.65;2.5;0;0;0;0;0;0;0;0;0;0;0;0;0;0;0;0;0;0;0;0;0;0;0;0;0;0;0;0;0;0;0;0;0;0;0;0;0;0;0;0;0;0;0;0;0;0;0;0;0;0;0;0;0;0;0;0;0;0;0;0;0;0;0;0;0;2;1;0;0;1;1;1;2018-07-14 13:00:00;-1;0;50;22;33;0;1;1;0;1;1;0;1;1;0;1;0;0;1;0;1;0;0;0;0;1.5;0.79;2.29;0;0;0;0;0;0;1;1;0;0;0;0;0;0;-1;-1;-1;-1;-1;-1;-1;-1;-1;22;22;50;84;95;39;67;73;50;8.33;0;2.66;2.89;Kelantan;Melaka United;1.27;1.27;1.11;1.11;0.78;1.28;78;78;50;17;6;54;48;29;1.38;1.16;2.54;992;22;Y;Y;N;N;N;N;Y
297962;132;138;2018;complete;1948;19;-1;79;22,39;1;2;3;3;0;3;-1;-1;3;3;1;1;2;5;1;5;3;10;-1;-1;44;56;4;4;3.2;3.5;1.95;1.01;1.19;1.65;2.65;0;0;0;0;0;0;1.62;2.25;0;0;0;0;0;0;0;0;0;0;0;0;0;0;0;0;0;0;0;0;0;0;0;0;0;0;0;0;0;0;0;0;0;0;0;0;0;0;0;0;0;0;0;0;0;0;0;0;0;0;0;0;0;3;0;2;1;0;1;2;2018-07-13 13:00:00;138;0;47;24;18;0;1;1;2;0;1;0;2;1;1;1;3;3;2;6;1;0;0;0;0;0.46;1.18;1.64;1;0;1;0;0;0;1;1;0;0;1;0;0;0;-1;-1;-1;-1;-1;-1;-1;-1;-1;13;42;65;84;95;42;89;78;47;9.8;0;3.27;3.03;Kedah;Johor Darul Ta'zim;1.27;2.36;1.63;2.22;1.67;2.61;88;59;36;17;6;36;18;18;1.75;1.86;3.61;992;22;Y;Y;Y;N;N;N;Y
297963;140;5614;2018;complete;1948;19;-1;13,36,62;6,20,47;3;3;6;7;1;8;-1;-1;0;2;0;1;14;5;4;11;18;16;-1;-1;62;38;0;4;1.56;3.85;4.75;1;1.11;1.41;2.05;0;0;0;0;0;0;1.5;2.5;0;0;0;0;0;0;0;0;0;0;0;0;0;0;0;0;0;0;0;0;0;0;0;0;0;0;0;0;0;0;0;0;0;0;0;0;0;0;0;0;0;0;0;0;0;0;0;0;0;0;0;0;0;6;2;2;1;1;2;4;2018-07-15 13:00:00;-1;0;78;44;33;0;1;1;2;0;5;1;2;6;0;1;0;2;1;2;1;0;0;0;0;2.45;1.6;4.05;1;0;1;0;0;0;1;1;0;1;1;0;0;0;-1;-1;-1;-1;-1;-1;-1;-1;-1;28;56;84;100;100;67;89;95;67;8.67;0;3.78;3.78;Selangor;Kuala Lumpur;1.73;0.36;1.67;0.33;1.18;1.11;73;45;17;0;0;50;34;34;1.63;1.47;3.1;992;22;Y;Y;Y;Y;Y;Y;Y
297964;5613;5612;2018;complete;1948;19;-1;79;65,84;1;2;3;6;8;14;-1;-1;2;3;0;0;6;8;8;7;14;15;-1;-1;52;48;2;3;2.4;3.6;2.4;0;0;0;0;0;0;0;0;0;0;0;0;0;0;0;0;0;0;0;0;0;0;0;0;0;0;0;0;0;0;0;0;0;0;0;0;0;0;0;0;0;0;0;0;0;0;0;0;0;0;0;0;0;0;0;0;0;0;0;0;0;0;0;0;0;3;0;0;1;2;3;0;2018-07-14 13:00:00;5612;0;71;6;47;0;1;1;2;3;4;5;5;9;0;0;2;3;0;5;1;0;0;0;0;1.55;1.76;3.31;0;0;0;0;0;0;1;1;0;0;0;2;0;0;-1;-1;-1;-1;-1;-1;-1;-1;-1;6;25;54;95;95;25;72;89;60;10.49;0;3.66;2.84;Negeri Sembilan;PKNP;1;1.18;1;0.78;0.67;1.12;95;76;47;6;6;70;58;53;1.52;1.43;2.95;992;22;Y;Y;Y;N;N;N;Y
297965;5612;181;2018;complete;1948;20;-1;;5;0;1;1;11;4;15;-1;-1;3;1;1;1;9;6;10;1;19;7;-1;-1;55;45;4;3;2.2;3.4;2.8;1.01;1.16;1.56;2.4;0;0;0;0;0;0;1.54;2.4;0;0;0;0;0;0;0;0;0;0;0;0;0;0;0;0;0;0;0;0;0;0;0;0;0;0;0;0;0;0;0;0;0;0;0;0;0;0;0;0;0;0;0;0;0;0;0;0;0;0;0;0;0;1;0;1;0;0;0;1;2018-07-18 13:00:00;181;0;60;22;24;0;1;1;5;1;6;3;6;9;1;1;3;1;2;4;1;0;0;0;0;2.14;1.1;3.24;0;0;0;0;0;0;1;1;0;1;1;0;0;0;-1;-1;-1;-1;-1;-1;-1;-1;-1;0;11;60;88;100;41;75;78;42;9.25;0;3.03;2.58;PKNP;PKNS;1.09;1;1.5;0.89;1.22;1.53;100;89;41;13;0;44;38;32;1.22;1.56;2.78;992;22;Y;N;N;N;N;N;N
297966;5613;140;2018;complete;1948;20;-1;12,18,74;14;3;1;4;4;6;10;-1;-1;2;2;0;0;5;7;4;5;9;12;-1;-1;43;57;2;2;2.85;3.65;2.05;1;1.14;1.49;2.25;0;0;0;0;0;0;1.49;2.55;0;0;0;0;0;0;0;0;0;0;0;0;0;0;0;0;0;0;0;0;0;0;0;0;0;0;0;0;0;0;0;0;0;0;0;0;0;0;0;0;0;0;0;0;0;0;0;0;0;0;0;0;0;4;2;1;1;0;1;3;2018-07-18 13:00:00;5613;0;64;0;53;0;1;1;3;1;1;5;4;6;1;1;1;1;2;2;1;0;0;0;0;1.13;1.62;2.75;1;0;1;0;0;0;1;1;0;0;1;1;0;0;-1;-1;-1;-1;-1;-1;-1;-1;-1;7;36;65;100;100;29;77;89;71;9.19;0;3.52;3.07;Negeri Sembilan;Selangor;1;0.73;0.89;0.63;0.63;1.17;94;65;36;0;0;53;41;35;1.52;1.1;2.62;992;22;Y;Y;Y;Y;N;N;Y
297967;138;137;2018;complete;1948;20;-1;51,56,80,87;;4;0;4;14;0;14;-1;-1;-1;-1;-1;-1;16;2;10;5;26;7;-1;-1;72;28;-1;-1;1.1;7.5;14.25;1;1.07;1.3;1.8;0;0;0;0;0;0;1.91;1.87;0;0;0;0;0;0;0;0;0;0;0;0;0;0;0;0;0;0;0;0;0;0;0;0;0;0;0;0;0;0;0;0;0;0;0;0;0;0;0;0;0;0;0;0;0;0;0;0;0;0;0;0;0;4;0;0;4;0;4;0;2018-07-20 13:00:00;138;0;28;17;0;0;1;-1;7;0;7;0;7;7;-1;-1;-1;-1;-1;-1;1;0;0;0;0;3.23;0.7;3.92;1;0;1;0;0;0;1;1;0;0;3;0;-1;-1;-1;-1;-1;-1;-1;-1;-1;-1;-1;6;11;50;84;100;39;89;67;33;10.56;0;2.66;2.56;Johor Darul Ta'zim;Kelantan;3;0.36;3;0.44;2.63;0.79;95;89;50;17;0;62;55;41;1.76;1.4;3.16;992;22;Y;Y;Y;Y;N;N;N
297968;132;139;2018;complete;1948;20;-1;44;62;1;1;2;9;7;16;-1;-1;-1;-1;-1;-1;8;7;6;5;14;12;-1;-1;52;48;-1;-1;1.87;3.6;3.4;1;1.13;1.49;2.25;0;0;0;0;0;0;1.51;2.5;0;0;0;0;0;0;0;0;0;0;0;0;0;0;0;0;0;0;0;0;0;0;0;0;0;0;0;0;0;0;0;0;0;0;0;0;0;0;0;0;0;0;0;0;0;0;0;0;0;0;0;0;0;2;1;0;0;1;1;1;2018-07-17 13:00:00;-1;0;50;22;11;0;1;-1;2;1;7;6;3;13;-1;-1;-1;-1;-1;-1;1;0;0;0;0;1.69;1.45;3.14;0;0;0;0;0;0;1;1;0;0;0;1;-1;-1;-1;-1;-1;-1;-1;-1;-1;-1;-1;17;33;67;95;100;50;95;84;50;10.22;0;3.34;3.17;Kedah;Terengganu;1.27;1;1.44;1.11;1.58;1.58;84;67;33;6;0;67;39;22;1.6;1.58;3.18;992;22;Y;Y;N;N;N;N;Y
297969;180;129;2018;complete;1948;20;-1;15,25;8,45;2;2;4;5;4;9;-1;-1;2;1;0;0;5;8;7;8;12;16;-1;-1;38;62;2;1;3.05;3.35;2.05;1;1.14;1.5;2.25;0;0;0;0;0;0;1.51;2.5;0;0;0;0;0;0;0;0;0;0;0;0;0;0;0;0;0;0;0;0;0;0;0;0;0;0;0;0;0;0;0;0;0;0;0;0;0;0;0;0;0;0;0;0;0;0;0;0;0;0;0;0;0;4;2;2;0;0;0;4;2018-07-18 13:00:00;-1;0;62;33;22;0;1;1;2;1;3;3;3;6;1;0;1;1;1;2;1;0;0;0;0;1.43;1.95;3.37;0;0;0;0;0;0;1;1;0;1;1;0;0;0;-1;-1;-1;-1;-1;-1;-1;-1;-1;11;39;67;89;100;45;95;78;50;10.08;0;2.89;3.11;Melaka United;Pahang;1.55;1.36;1.44;1.56;1.26;1.58;89;62;33;11;0;71;53;41;1.35;1.55;2.9;992;22;Y;Y;Y;Y;N;N;Y
297970;5614;130;2018;complete;1948;20;-1;46;7,11,17,36,90;1;5;6;5;3;8;-1;-1;3;2;0;0;9;7;7;12;16;19;-1;-1;42;58;3;2;2.95;3.95;1.95;1;1.12;1.43;2.1;0;0;0;0;0;0;1.47;2.6;0;0;0;0;0;0;0;0;0;0;0;0;0;0;0;0;0;0;0;0;0;0;0;0;0;0;0;0;0;0;0;0;0;0;0;0;0;0;0;0;0;0;0;0;0;0;0;0;0;0;0;0;0;6;0;4;1;1;2;4;2018-07-18 13:00:00;130;0;67;28;33;0;1;1;2;0;3;3;2;6;1;2;2;0;3;2;1;0;0;0;0;1.98;2.12;4.1;0;1;0;1;0;0;1;1;0;1;0;0;1;0;-1;-1;-1;-1;-1;-1;-1;-1;-1;22;33;56;89;95;34;89;84;44;8;0;3.33;3.23;Kuala Lumpur;Perak;1.82;1.36;1.89;1.33;1.11;1.68;78;67;45;11;6;45;39;33;1.73;1.56;3.29;992;22;Y;Y;Y;Y;Y;Y;Y
297971;130;132;2018;complete;1948;21;-1;;;0;0;0;8;4;12;-1;-1;2;0;0;0;10;4;6;10;16;14;-1;-1;59;41;2;0;1.49;4.6;4.55;1.01;1.15;1.53;2.3;0;0;0;0;0;0;1.61;2.25;0;0;0;0;0;0;0;0;0;0;0;0;0;0;0;0;0;0;0;0;0;0;0;0;0;0;0;0;0;0;0;0;0;0;0;0;0;0;0;0;0;0;0;0;0;0;0;0;0;0;0;0;0;0;0;0;0;0;0;0;2018-07-22 13:00:00;-1;0;60;35;30;0;1;1;3;2;5;2;5;7;1;0;1;0;1;1;1;0;0;0;0;2.11;1.36;3.47;0;0;0;0;0;0;1;1;0;0;1;0;0;0;-1;-1;-1;-1;-1;-1;-1;-1;-1;25;30;60;80;95;50;75;80;40;11;0;3;3.2;Perak;Kedah;1.91;1.64;2;1.7;1.75;1.55;75;70;40;20;5;53;36;18;1.79;1.7;3.49;992;22;N;N;N;N;N;N;N
297972;129;181;2018;complete;1948;21;-1;26;;1;0;1;3;6;9;-1;-1;2;1;0;0;10;5;6;7;16;12;-1;-1;51;49;2;1;1.65;3.85;4.15;1.01;1.17;1.57;2.45;0;0;0;0;0;0;1.67;2.2;0;0;0;0;0;0;0;0;0;0;0;0;0;0;0;0;0;0;0;0;0;0;0;0;0;0;0;0;0;0;0;0;0;0;0;0;0;0;0;0;0;0;0;0;0;0;0;0;0;0;0;0;0;1;1;0;0;0;0;1;2018-07-21 13:00:00;129;0;40;25;20;0;1;1;2;5;1;1;7;2;1;1;1;0;2;1;1;0;0;0;0;1.96;1.45;3.41;0;0;0;0;0;0;1;1;0;0;1;1;0;0;-1;-1;-1;-1;-1;-1;-1;-1;-1;0;25;50;80;90;40;75;70;45;9.82;0;3.3;2.45;Pahang;PKNS;1.73;1;1.6;1.1;1.55;1.6;100;75;50;20;10;57;52;37;1.53;1.51;3.04;992;22;Y;N;N;N;N;N;N
297973;180;140;2018;complete;1948;21;-1;50,84,90;26,70;3;2;5;4;3;7;-1;-1;1;2;0;0;8;4;8;12;16;16;-1;-1;45;55;1;2;2;3.45;3.05;1;1.13;1.47;2.2;0;0;0;0;0;0;1.48;2.55;0;0;0;0;0;0;0;0;0;0;0;0;0;0;0;0;0;0;0;0;0;0;0;0;0;0;0;0;0;0;0;0;0;0;0;0;0;0;0;0;0;0;0;0;0;0;0;0;0;0;0;0;0;5;0;1;3;1;4;1;2018-07-21 13:00:00;180;0;58;26;32;0;1;1;1;1;3;2;2;5;0;1;1;1;1;2;1;0;0;0;0;1.95;1.77;3.72;0;0;0;0;0;0;1;1;0;0;0;1;0;0;-1;-1;-1;-1;-1;-1;-1;-1;-1;16;42;74;100;100;47;89;80;59;9.18;0;2.57;3.36;Melaka United;Selangor;1.55;0.73;1.4;0.56;1.25;1.11;85;58;27;0;0;68;52;31;1.35;1.16;2.51;992;22;Y;Y;Y;Y;Y;N;Y
297974;5614;5613;2018;complete;1948;21;-1;43,88;44;2;1;3;6;5;11;-1;-1;3;1;0;0;6;8;7;9;13;17;-1;-1;46;54;3;1;2.05;3.55;2.9;1;1.08;1.33;1.87;0;0;0;0;0;0;1.36;3;0;0;0;0;0;0;0;0;0;0;0;0;0;0;0;0;0;0;0;0;0;0;0;0;0;0;0;0;0;0;0;0;0;0;0;0;0;0;0;0;0;0;0;0;0;0;0;0;0;0;0;0;0;3;1;1;1;0;1;2;2018-07-22 13:00:00;5614;0;55;40;25;0;1;1;3;2;3;3;5;6;2;0;1;1;2;2;1;0;0;0;0;1.71;2.09;3.8;0;0;0;0;0;0;1;1;0;0;0;0;0;0;-1;-1;-1;-1;-1;-1;-1;-1;-1;35;45;65;90;100;60;90;85;55;7.43;0;3.6;3.85;Kuala Lumpur;Negeri Sembilan;1.82;0.36;1.7;0.4;1.05;0.75;65;55;35;10;0;49;43;32;1.75;1.07;2.82;992;22;Y;Y;Y;N;N;N;Y
297975;5612;138;2018;complete;1948;21;-1;79;74,76;1;2;3;3;4;7;-1;-1;1;1;0;0;5;6;3;5;8;11;-1;-1;36;64;1;1;7.5;4.85;1.3;1;1.14;1.5;2.25;0;0;0;0;0;0;1.87;1.91;0;0;0;0;0;0;0;0;0;0;0;0;0;0;0;0;0;0;0;0;0;0;0;0;0;0;0;0;0;0;0;0;0;0;0;0;0;0;0;0;0;0;0;0;0;0;0;0;0;0;0;0;0;3;0;0;1;2;3;0;2018-07-23 13:00:00;138;0;53;10;21;0;1;1;1;3;2;1;4;3;1;1;0;0;2;0;1;0;0;0;0;1.06;1.5;2.56;0;0;0;0;0;0;1;1;0;0;0;3;0;0;-1;-1;-1;-1;-1;-1;-1;-1;-1;0;15;63;69;95;31;68;74;42;9.87;0;3.66;2.41;PKNP;Johor Darul Ta'zim;1.09;2.36;1.33;2.3;1.16;2.65;100;85;37;32;5;44;33;27;1.32;1.79;3.11;992;22;Y;Y;Y;N;N;N;Y
297976;139;137;2018;complete;1948;21;-1;44,54;;2;0;2;8;3;11;-1;-1;2;1;0;0;13;0;12;8;25;8;-1;-1;58;42;2;1;1.39;4.4;5.9;1;1.12;1.45;2.15;0;0;0;0;0;0;1.67;2.15;0;0;0;0;0;0;0;0;0;0;0;0;0;0;0;0;0;0;0;0;0;0;0;0;0;0;0;0;0;0;0;0;0;0;0;0;0;0;0;0;0;0;0;0;0;0;0;0;0;0;0;0;0;2;1;0;1;0;1;1;2018-07-23 13:00:00;139;0;55;25;20;0;1;1;4;3;4;0;7;4;1;0;1;1;1;2;1;0;0;0;0;2.79;0.68;3.48;0;0;0;0;0;0;1;1;0;0;0;2;0;0;-1;-1;-1;-1;-1;-1;-1;-1;-1;15;40;60;80;100;35;80;80;50;9.7;0;3.44;3;Terengganu;Kelantan;2.09;0.36;2;0.4;1.55;0.75;85;60;40;20;0;65;55;50;1.65;1.33;2.98;992;22;Y;Y;N;N;N;N;N
297977;5613;180;2018;complete;1948;22;-1;90;49,64,66;1;3;4;5;7;12;-1;-1;2;0;0;0;10;9;7;8;17;17;-1;-1;49;51;2;0;2.45;3.55;2.35;1;1.14;1.51;2.3;0;0;0;0;0;0;1.54;2.4;0;0;0;0;0;0;0;0;0;0;0;0;0;0;0;0;0;0;0;0;0;0;0;0;0;0;0;0;0;0;0;0;0;0;0;0;0;0;0;0;0;0;0;0;0;0;0;0;0;0;0;0;0;4;0;0;1;3;4;0;2018-07-28 13:00:00;180;0;60;15;35;0;1;1;2;5;3;2;7;5;0;0;2;0;0;2;1;0;0;0;0;2.14;2.04;4.18;0;0;0;0;0;0;1;1;0;0;0;1;0;0;-1;-1;-1;-1;-1;-1;-1;-1;-1;10;30;55;90;95;35;65;85;55;8.5;0;3.1;2.9;Negeri Sembilan;Melaka United;1;1.27;1.1;1.1;0.71;1.33;90;70;45;10;5;65;55;40;1.48;1.12;2.6;992;22;Y;Y;Y;Y;N;N;Y
297978;138;5614;2018;complete;1948;22;-1;15,48;;2;0;2;3;2;5;-1;-1;1;2;0;0;9;5;15;0;24;5;-1;-1;69;31;1;2;1.13;7.5;11.25;1;1.07;1.28;1.74;0;0;0;0;0;0;1.8;1.95;0;0;0;0;0;0;0;0;0;0;0;0;0;0;0;0;0;0;0;0;0;0;0;0;0;0;0;0;0;0;0;0;0;0;0;0;0;0;0;0;0;0;0;0;0;0;0;0;0;0;0;0;0;2;1;0;1;0;1;1;2018-07-28 13:00:00;138;0;40;30;20;0;1;1;1;1;2;1;2;3;1;0;0;2;1;2;1;0;0;0;0;2.53;0.77;3.29;0;0;0;0;0;0;1;1;0;0;0;0;0;0;-1;-1;-1;-1;-1;-1;-1;-1;-1;25;40;70;95;100;55;85;80;60;10.8;0;3.22;3.45;Johor Darul Ta'zim;Kuala Lumpur;3;0.36;3;0.4;2.67;1.14;75;60;30;5;0;47;30;18;1.97;1.49;3.46;992;22;Y;Y;N;N;N;N;N
297979;132;5612;2018;complete;1948;22;-1;50;24,33,64;1;3;4;6;4;10;-1;-1;0;1;0;0;4;8;3;2;7;10;-1;-1;57;43;0;1;1.57;4;4.4;1;1.13;1.47;2.2;0;0;0;0;0;0;1.59;2.3;0;0;0;0;0;0;0;0;0;0;0;0;0;0;0;0;0;0;0;0;0;0;0;0;0;0;0;0;0;0;0;0;0;0;0;0;0;0;0;0;0;0;0;0;0;0;0;0;0;0;0;0;0;4;0;2;1;1;2;2;2018-07-29 13:00:00;5612;0;65;15;30;0;1;1;2;2;4;2;4;6;0;0;0;1;0;1;1;0;0;0;0;0.87;1.36;2.23;0;0;0;0;0;0;1;1;0;0;0;0;0;0;-1;-1;-1;-1;-1;-1;-1;-1;-1;15;25;55;95;95;30;75;90;50;11.6;0;3.57;3;Kedah;PKNP;1.27;1.18;1.4;1;1.52;1.05;85;75;45;5;5;70;55;50;1.61;1.46;3.07;992;22;Y;Y;Y;Y;N;N;Y
297980;181;130;2018;complete;1948;22;-1;3,40,79,90;11;4;1;5;1;6;7;-1;-1;3;2;0;0;8;9;3;13;11;22;-1;-1;37;63;3;2;3.55;3.6;1.83;1;1.13;1.47;2.2;0;0;0;0;0;0;1.51;2.5;0;0;0;0;0;0;0;0;0;0;0;0;0;0;0;0;0;0;0;0;0;0;0;0;0;0;0;0;0;0;0;0;0;0;0;0;0;0;0;0;0;0;0;0;0;0;0;0;0;0;0;0;0;5;2;1;2;0;2;3;2018-07-28 13:00:00;181;0;60;15;45;0;1;1;0;2;1;4;2;5;2;0;1;2;2;3;1;0;0;0;0;1.56;2.44;3.99;0;0;0;0;0;0;1;1;1;0;0;1;0;0;-1;-1;-1;-1;-1;-1;-1;-1;-1;25;40;50;80;90;30;75;85;55;8.8;0;2.4;3.15;PKNS;Perak;2.18;1.36;2.1;1.5;1.52;1.71;75;60;50;20;10;55;50;40;1.6;1.62;3.22;992;22;Y;Y;Y;Y;Y;N;Y
297981;140;139;2018;complete;1948;22;-1;72,90;;2;0;2;10;1;11;-1;-1;0;1;0;0;12;7;19;6;31;13;-1;-1;61;39;0;1;2.25;3.55;2.6;1;1.12;1.43;2.1;0;0;0;0;0;0;1.44;2.7;0;0;0;0;0;0;0;0;0;0;0;0;0;0;0;0;0;0;0;0;0;0;0;0;0;0;0;0;0;0;0;0;0;0;0;0;0;0;0;0;0;0;0;0;0;0;0;0;0;0;0;0;0;2;0;0;2;0;2;0;2018-07-29 13:00:00;140;0;70;35;25;0;1;1;7;0;3;1;7;4;0;0;0;1;0;1;1;0;0;0;0;3.23;1.65;4.88;0;0;0;0;0;0;1;1;0;0;1;0;0;0;-1;-1;-1;-1;-1;-1;-1;-1;-1;15;35;70;95;100;50;90;90;55;10.3;0;3.47;3.2;Selangor;Terengganu;1.73;1;1.6;1.1;1.14;1.62;85;65;30;5;0;75;55;40;1.72;1.56;3.28;992;22;Y;Y;N;N;N;N;N
297982;137;129;2018;complete;1948;22;-1;42,77;65;2;1;3;3;5;8;-1;-1;1;1;0;0;3;4;5;5;8;9;-1;-1;37;63;1;1;3.95;3.4;1.77;1;1.09;1.35;1.91;0;0;0;0;0;0;1.4;2.85;0;0;0;0;0;0;0;0;0;0;0;0;0;0;0;0;0;0;0;0;0;0;0;0;0;0;0;0;0;0;0;0;0;0;0;0;0;0;0;0;0;0;0;0;0;0;0;0;0;0;0;0;0;3;1;0;1;1;2;1;2018-07-29 13:00:00;137;0;70;30;30;0;1;1;2;2;1;3;4;4;1;1;0;0;2;0;1;0;0;0;0;0.95;1.16;2.11;0;0;0;0;0;0;1;1;0;0;0;0;0;1;-1;-1;-1;-1;-1;-1;-1;-1;-1;10;35;55;85;100;40;90;70;40;9.19;0;3.3;2.9;Kelantan;Pahang;1.27;1.36;1.1;1.5;0.71;1.62;90;65;45;15;0;46;29;23;1.39;1.6;2.99;992;22;Y;Y;Y;N;N;N;Y
