ID;HOMEID;AWAYID;SEASON;STATUS;ROUNDID;GAME_WEEK;REVISED_GAME_WEEK;HOMEGOALS;AWAYGOALS;HOMEGOALCOUNT;AWAYGOALCOUNT;TOTALGOALCOUNT;TEAM_A_CORNERS;TEAM_B_CORNERS;TOTALCORNERCOUNT;TEAM_A_OFFSIDES;TEAM_B_OFFSIDES;TEAM_A_YELLOW_CARDS;TEAM_B_YELLOW_CARDS;TEAM_A_RED_CARDS;TEAM_B_RED_CARDS;TEAM_A_SHOTSONTARGET;TEAM_B_SHOTSONTARGET;TEAM_A_SHOTSOFFTARGET;TEAM_B_SHOTSOFFTARGET;TEAM_A_SHOTS;TEAM_B_SHOTS;TEAM_A_FOULS;TEAM_B_FOULS;TEAM_A_POSSESSION;TEAM_B_POSSESSION;TEAM_A_CARDS_NUM;TEAM_B_CARDS_NUM;ODDS_FT_1;ODDS_FT_X;ODDS_FT_2;ODDS_FT_OVER05;ODDS_FT_OVER15;ODDS_FT_OVER25;ODDS_FT_OVER35;ODDS_FT_OVER45;ODDS_FT_UNDER05;ODDS_FT_UNDER15;ODDS_FT_UNDER25;ODDS_FT_UNDER35;ODDS_FT_UNDER45;ODDS_BTTS_YES;ODDS_BTTS_NO;ODDS_TEAM_A_CS_YES;ODDS_TEAM_A_CS_NO;ODDS_TEAM_B_CS_YES;ODDS_TEAM_B_CS_NO;ODDS_DOUBLECHANCE_1X;ODDS_DOUBLECHANCE_12;ODDS_DOUBLECHANCE_X2;ODDS_1ST_HALF_RESULT_1;ODDS_1ST_HALF_RESULT_X;ODDS_1ST_HALF_RESULT_2;ODDS_2ND_HALF_RESULT_1;ODDS_2ND_HALF_RESULT_X;ODDS_2ND_HALF_RESULT_2;ODDS_DNB_1;ODDS_DNB_2;ODDS_CORNERS_OVER_75;ODDS_CORNERS_OVER_85;ODDS_CORNERS_OVER_95;ODDS_CORNERS_OVER_105;ODDS_CORNERS_OVER_115;ODDS_CORNERS_UNDER_75;ODDS_CORNERS_UNDER_85;ODDS_CORNERS_UNDER_95;ODDS_CORNERS_UNDER_105;ODDS_CORNERS_UNDER_115;ODDS_CORNERS_1;ODDS_CORNERS_X;ODDS_CORNERS_2;ODDS_TEAM_TO_SCORE_FIRST_1;ODDS_TEAM_TO_SCORE_FIRST_X;ODDS_TEAM_TO_SCORE_FIRST_2;ODDS_WIN_TO_NIL_1;ODDS_WIN_TO_NIL_2;ODDS_1ST_HALF_OVER05;ODDS_1ST_HALF_OVER15;ODDS_1ST_HALF_OVER25;ODDS_1ST_HALF_OVER35;ODDS_1ST_HALF_UNDER05;ODDS_1ST_HALF_UNDER15;ODDS_1ST_HALF_UNDER25;ODDS_1ST_HALF_UNDER35;ODDS_2ND_HALF_OVER05;ODDS_2ND_HALF_OVER15;ODDS_2ND_HALF_OVER25;ODDS_2ND_HALF_OVER35;ODDS_2ND_HALF_UNDER05;ODDS_2ND_HALF_UNDER15;ODDS_2ND_HALF_UNDER25;ODDS_2ND_HALF_UNDER35;ODDS_BTTS_1ST_HALF_YES;ODDS_BTTS_1ST_HALF_NO;ODDS_BTTS_2ND_HALF_YES;ODDS_BTTS_2ND_HALF_NO;OVERALLGOALCOUNT;HT_GOALS_TEAM_A;HT_GOALS_TEAM_B;GOALS_2HG_TEAM_A;GOALS_2HG_TEAM_B;GOALCOUNT_2HG;HTGOALCOUNT;DATE_UNIX;WINNINGTEAM;NO_HOME_AWAY;BTTS_POTENTIAL;BTTS_FHG_POTENTIAL;BTTS_2HG_POTENTIAL;GOALTIMINGDISABLED;CORNER_TIMINGS_RECORDED;CARD_TIMINGS_RECORDED;TEAM_A_FH_CORNERS;TEAM_B_FH_CORNERS;TEAM_A_2H_CORNERS;TEAM_B_2H_CORNERS;CORNER_FH_COUNT;CORNER_2H_COUNT;TEAM_A_FH_CARDS;TEAM_B_FH_CARDS;TEAM_A_2H_CARDS;TEAM_B_2H_CARDS;TOTAL_FH_CARDS;TOTAL_2H_CARDS;ATTACKS_RECORDED;TEAM_A_DANGEROUS_ATTACKS;TEAM_B_DANGEROUS_ATTACKS;TEAM_A_ATTACKS;TEAM_B_ATTACKS;TEAM_A_XG;TEAM_B_XG;TOTAL_XG;TEAM_A_PENALTIES_WON;TEAM_B_PENALTIES_WON;TEAM_A_PENALTY_GOALS;TEAM_B_PENALTY_GOALS;TEAM_A_PENALTY_MISSED;TEAM_B_PENALTY_MISSED;PENS_RECORDED;GOAL_TIMINGS_RECORDED;TEAM_A_0_10_MIN_GOALS;TEAM_B_0_10_MIN_GOALS;TEAM_A_CORNERS_0_10_MIN;TEAM_B_CORNERS_0_10_MIN;TEAM_A_CARDS_0_10_MIN;TEAM_B_CARDS_0_10_MIN;THROWINS_RECORDED;TEAM_A_THROWINS;TEAM_B_THROWINS;FREEKICKS_RECORDED;TEAM_A_FREEKICKS;TEAM_B_FREEKICKS;GOALKICKS_RECORDED;TEAM_A_GOALKICKS;TEAM_B_GOALKICKS;O45_POTENTIAL;O35_POTENTIAL;O25_POTENTIAL;O15_POTENTIAL;O05_POTENTIAL;O15HT_POTENTIAL;O05HT_POTENTIAL;O05_2H_POTENTIAL;O15_2H_POTENTIAL;CORNERS_POTENTIAL;OFFSIDES_POTENTIAL;CARDS_POTENTIAL;AVG_POTENTIAL;HOME_NAME;AWAY_NAME;HOME_PPG;AWAY_PPG;PRE_MATCH_HOME_PPG;PRE_MATCH_AWAY_PPG;PRE_MATCH_TEAMA_OVERALL_PPG;PRE_MATCH_TEAMB_OVERALL_PPG;U45_POTENTIAL;U35_POTENTIAL;U25_POTENTIAL;U15_POTENTIAL;U05_POTENTIAL;CORNERS_O85_POTENTIAL;CORNERS_O95_POTENTIAL;CORNERS_O105_POTENTIAL;TEAM_A_XG_PREMATCH;TEAM_B_XG_PREMATCH;TOTAL_XG_PREMATCH;COMPETITION_ID;MATCHES_COMPLETED_MINIMUM;OVER05;OVER15;OVER25;OVER35;OVER45;OVER55;BTTS
537476;5614;129;2019;complete;4272;1;-1;48;24,52,90;1;3;4;2;12;14;-1;-1;1;0;0;0;3;13;2;11;5;24;-1;-1;42;58;1;0;3;3.55;1.95;1.02;1.15;1.54;2.21;4.3;15;5.1;2.45;1.56;1.19;1.46;2.55;0;0;0;0;1.67;1.17;1.23;3.54;2.35;2.52;3.25;2.75;2.38;0;0;0;0;0;0;0;0;0;0;0;0;0;0;0;2.1;15;1.73;7;4;0;0;0;0;0;0;0;0;1.22;2.17;5.5;11;3.8;1.62;1.12;1.02;0;0;0;0;4;0;1;1;2;3;1;2019-02-01 13:00:00;129;0;0;0;0;0;1;1;2;3;0;9;5;9;1;0;0;0;1;0;1;31;48;66;70;0.76;2.76;3.51;0;0;0;0;0;0;1;1;0;0;0;0;1;0;-1;-1;-1;-1;-1;-1;-1;-1;-1;0;0;0;0;0;0;0;0;0;0;0;0;0;Kuala Lumpur;Pahang;1.18;1.64;0;0;0;0;0;0;0;0;0;0;0;0;0;0;0;1859;22;Y;Y;Y;Y;N;N;Y
537477;139;181;2019;complete;4272;1;-1;89;65;1;1;2;9;2;11;-1;-1;1;3;0;0;10;4;10;5;20;9;-1;-1;54;46;1;3;2.15;3.8;2.88;1.02;1.15;1.5;2.25;4;15;4.75;2.5;1.6;1.22;1.43;2.45;0;0;0;0;1.32;1.19;1.5;2.64;2.36;3.3;2.46;2.66;3.1;0;0;0;0;0;0;0;0;0;0;0;0;0;0;0;1.8;12.25;2;4.4;6;0;0;0;0;0;0;0;0;1.22;2.17;5.5;11;3.8;1.62;1.12;1.03;0;0;0;0;2;0;0;1;1;2;0;2019-02-01 13:00:00;-1;0;0;0;0;0;1;1;4;0;5;2;4;7;0;1;1;2;1;3;1;46;24;64;47;2.28;1.02;3.3;0;0;0;0;0;0;1;1;0;0;1;0;0;0;-1;-1;-1;-1;-1;-1;-1;-1;-1;0;0;0;0;0;0;0;0;0;0;0;0;0;Terengganu;PKNS;1.55;0.73;0;0;0;0;0;0;0;0;0;0;0;0;0;0;0;1859;22;Y;Y;N;N;N;N;Y
537478;138;130;2019;complete;4272;1;-1;40;;1;0;1;8;0;8;-1;-1;1;3;0;0;7;2;12;1;19;3;-1;-1;63;37;1;3;1.28;4.95;7.5;1.02;1.17;1.65;2.75;5;11;4.5;2.2;1.4;1.14;1.95;1.85;0;0;0;0;1.04;1.08;2.7;1.68;2.64;7.6;1.55;3.08;7.4;0;0;0;0;0;0;0;0;0;0;0;0;0;0;0;1.36;15.25;3.28;0;0;0;0;0;0;0;0;0;0;1.26;2.45;6.1;12;3.5;1.48;1.11;1.02;0;0;0;0;1;1;0;0;0;0;1;2019-02-02 13:00:00;138;0;0;0;0;0;1;1;6;0;2;0;6;2;0;0;1;3;0;4;1;50;11;76;36;2.04;0.41;2.45;0;0;0;0;0;0;1;1;0;0;0;0;0;0;-1;-1;-1;-1;-1;-1;-1;-1;-1;0;0;0;0;0;0;0;0;0;0;0;0;0;Johor Darul Ta'zim;Perak;2.55;1.36;0;0;0;0;0;0;0;0;0;0;0;0;0;0;0;1859;22;Y;N;N;N;N;N;N
537479;180;9469;2019;complete;4272;1;-1;36,44;58;2;1;3;3;5;8;-1;-1;2;1;0;0;4;3;5;6;9;9;-1;-1;53;47;2;1;0;0;0;0;0;0;0;0;0;0;0;0;0;0;0;0;0;0;0;0;0;0;0;0;0;0;0;0;0;0;0;0;0;0;0;0;0;0;0;0;0;0;0;0;0;0;0;0;0;0;0;0;0;0;0;0;0;0;0;0;0;0;0;0;0;0;0;0;3;2;0;0;1;1;2;2019-02-02 13:00:00;180;0;0;0;0;0;1;1;3;4;0;1;7;1;1;1;1;0;2;1;1;40;46;60;61;1.14;1.11;2.24;0;0;0;0;0;0;1;1;0;0;0;3;0;0;-1;-1;-1;-1;-1;-1;-1;-1;-1;0;0;0;0;0;0;0;0;0;0;0;0;0;Melaka United;MISC;1.73;0.91;0;0;0;0;0;0;0;0;0;0;0;0;0;0;0;1859;22;Y;Y;Y;N;N;N;Y
537480;5612;132;2019;complete;4272;1;-1;;67,87;0;2;2;5;6;11;-1;-1;-1;-1;-1;-1;3;6;7;6;10;12;-1;-1;50;50;-1;-1;2.25;3.4;2.6;1.03;1.18;1.62;2.48;4.5;10.5;4.5;2.25;1.45;1.17;1.56;2.43;0;0;0;0;1.3;1.19;1.51;2.84;2.26;3.22;2.57;2.52;3.14;0;0;0;0;0;0;0;0;0;0;0;0;0;0;0;1.84;15.25;2.02;0;0;0;0;0;0;0;0;0;0;1.25;2.29;6.25;0;3.56;1.55;1.1;0;0;0;0;0;2;0;0;0;2;2;0;2019-02-02 13:00:00;132;0;0;0;0;0;1;-1;2;3;3;3;5;6;-1;-1;-1;-1;-1;-1;1;0;0;0;0;1.04;1.33;2.37;-1;-1;-1;-1;-1;-1;-1;1;0;0;0;1;-1;-1;-1;-1;-1;-1;-1;-1;-1;-1;-1;0;0;0;0;0;0;0;0;0;0;0;0;0;PKNP;Kedah;1;1;0;0;0;0;0;0;0;0;0;0;0;0;0;0;0;1859;22;Y;Y;N;N;N;N;N
537481;140;136;2019;complete;4272;1;-1;41;70;1;1;2;9;4;13;-1;-1;0;3;0;0;9;4;11;13;20;17;-1;-1;61;39;0;3;1.61;4;4.1;1.02;1.16;1.54;2.23;4.5;15;4.9;2.45;1.55;1.18;1.58;2.38;0;0;0;0;1.19;1.19;2.15;2.08;2.49;4.5;1.94;2.8;4.3;0;0;0;0;0;0;0;0;0;0;0;0;0;0;0;1.52;19;2.54;3.25;8;0;0;0;0;0;0;0;0;1.23;2.19;5.6;12;3.74;1.6;1.12;1.02;0;0;0;0;2;1;0;0;1;1;1;2019-02-03 13:00:00;-1;0;0;0;0;0;1;1;4;2;5;2;6;7;0;1;0;2;1;2;1;59;57;78;74;2.31;1.76;4.06;0;0;0;0;0;0;1;1;0;0;3;0;0;0;-1;-1;-1;-1;-1;-1;-1;-1;-1;0;0;0;0;0;0;0;0;0;0;0;0;0;Selangor;FELDA United;1.91;0.55;0;0;0;0;0;0;0;0;0;0;0;0;0;0;0;1859;22;Y;Y;N;N;N;N;Y
537482;138;5614;2019;complete;4272;2;-1;45,52,59,89;77;4;1;5;8;0;8;-1;-1;-1;-1;-1;-1;11;3;10;3;21;6;-1;-1;68;32;-1;-1;1.14;6.35;12;1.01;1.11;1.44;2.2;3.5;15;6;2.7;1.62;1.25;2.62;1.44;0;0;0;0;1.03;1.03;4.1;1.44;2.8;11;1.36;3.2;11;0;0;0;0;0;0;0;0;0;0;0;0;0;0;0;1.14;19;5;1.62;21;0;0;0;0;0;0;0;0;1.25;2.25;5.5;11;3.75;1.57;1.13;1.02;0;0;0;0;5;1;0;3;1;4;1;2019-02-08 13:00:00;138;0;0;0;0;0;1;-1;3;0;5;0;3;5;-1;-1;-1;-1;-1;-1;1;43;30;66;61;2.39;0.81;3.2;-1;-1;-1;-1;-1;-1;-1;1;0;0;1;0;-1;-1;-1;-1;-1;-1;-1;-1;-1;-1;-1;0;0;0;0;50;0;50;0;0;8;0;1;0.5;Johor Darul Ta'zim;Kuala Lumpur;2.55;0.09;3;0;3;0;50;50;50;50;0;0;0;0;2.04;0;2.04;1859;22;Y;Y;Y;Y;Y;N;Y
537483;130;132;2019;complete;4272;2;-1;18;21;1;1;2;10;5;15;-1;-1;-1;-1;-1;-1;2;2;7;3;9;5;-1;-1;67;33;-1;-1;2;3.55;2.95;1.03;1.17;1.68;2.63;5;10;4.5;2.16;1.44;1.14;1.57;2.3;0;0;0;0;1.25;1.17;1.61;2.62;2.15;3.6;2.38;2.5;3.3;0;0;0;0;0;0;0;0;0;0;0;0;0;0;0;1.67;12;2.3;3.9;6;0;0;0;0;0;0;0;0;1.3;2.39;6;12;3.2;1.51;1.1;1.02;0;0;0;0;2;1;1;0;0;0;2;2019-02-08 13:00:00;-1;0;0;0;0;0;1;-1;7;1;3;4;8;7;-1;-1;-1;-1;-1;-1;1;38;20;48;52;0.98;0.61;1.58;-1;-1;-1;-1;-1;-1;-1;1;0;0;1;0;-1;-1;-1;-1;-1;-1;-1;-1;-1;-1;-1;0;0;0;50;50;0;0;50;50;6;0;0;1;Perak;Kedah;1.64;1;0;3;0;3;50;50;50;0;0;50;50;50;0;1.33;1.33;1859;22;Y;Y;N;N;N;N;Y
537484;129;139;2019;complete;4272;2;-1;13,51,90;;3;0;3;10;2;12;-1;-1;-1;-1;-1;-1;11;5;8;3;19;8;-1;-1;60;40;-1;-1;1.91;3.5;3.35;1.01;1.18;1.62;2.55;5.2;10.75;4.2;2.1;1.43;1.15;1.54;2.3;0;0;0;0;1.2;1.16;1.65;2.4;2.28;4;2.24;2.55;3.76;0;0;0;0;0;0;0;0;0;0;0;0;0;0;0;1.65;15.5;2.3;3.6;7;0;0;0;0;0;0;0;0;1.27;2.5;6.25;12;3.4;1.46;1.1;1.02;0;0;0;0;3;1;0;2;0;2;1;2019-02-09 13:00:00;129;0;0;0;0;0;1;-1;4;0;6;2;4;8;-1;-1;-1;-1;-1;-1;1;49;24;73;67;2.31;1.03;3.35;-1;-1;-1;-1;-1;-1;-1;1;0;0;1;0;-1;-1;-1;-1;-1;-1;-1;-1;-1;-1;-1;0;0;0;0;0;0;0;0;0;0;0;0;0;Pahang;Terengganu;2.27;1.18;0;0;3;1;0;0;0;0;0;0;0;0;0;0;0;1859;22;Y;Y;Y;N;N;N;N
537485;9469;140;2019;complete;4272;2;-1;80;90;1;1;2;4;4;8;-1;-1;-1;-1;-1;-1;7;7;6;9;13;16;-1;-1;50;50;-1;-1;2.9;3.55;2.05;1.01;1.15;1.54;2.35;0;11.5;4.5;2.3;1.5;1.18;1.5;2.4;0;0;0;0;0;0;0;0;0;0;0;0;0;0;0;0;0;0;0;0;0;0;0;0;0;0;0;0;0;0;0;0;0;0;0;0;0;0;0;0;0;0;0;0;0;0;0;0;0;0;0;0;0;2;0;0;1;1;2;0;2019-02-09 13:00:00;-1;0;0;0;0;0;-1;-1;-1;-1;-1;-1;-1;-1;-1;-1;-1;-1;-1;-1;-1;0;0;0;0;0;0;0;-1;-1;-1;-1;-1;-1;-1;1;0;0;-1;-1;-1;-1;-1;-1;-1;-1;-1;-1;-1;-1;-1;0;0;0;0;0;0;0;0;0;0;0;0;0;MISC;Selangor;1.45;1.45;0;0;0;1;0;0;0;0;0;0;0;0;0;0;0;1859;22;Y;Y;N;N;N;N;Y
537486;181;180;2019;complete;4272;2;-1;;25;0;1;1;5;10;15;-1;-1;-1;-1;-1;-1;3;5;14;7;17;12;-1;-1;49;51;-1;-1;2.25;3.25;2.75;1.01;1.18;1.62;2.55;0;10.75;4.2;2.1;1.43;1.15;1.53;2.3;0;0;0;0;0;0;0;0;0;0;0;0;0;0;0;0;0;0;0;0;0;0;0;0;0;0;0;0;0;0;0;0;0;0;0;0;0;0;0;0;0;0;0;0;0;0;0;0;0;0;0;0;0;1;0;1;0;0;0;1;2019-02-09 13:00:00;180;0;0;0;0;0;1;-1;3;4;2;6;7;8;-1;-1;-1;-1;-1;-1;1;50;37;66;61;1.63;1.37;3.01;-1;-1;-1;-1;-1;-1;-1;1;0;0;1;2;-1;-1;-1;-1;-1;-1;-1;-1;-1;-1;-1;0;0;0;0;0;0;0;0;0;0;0;0;0;PKNS;Melaka United;1.18;1.27;0;0;1;3;0;0;0;0;0;0;0;0;0;0;0;1859;22;Y;N;N;N;N;N;N
537487;136;5612;2019;complete;4272;2;-1;68;36;1;1;2;3;3;6;-1;-1;-1;-1;-1;-1;4;7;1;7;5;14;-1;-1;50;50;-1;-1;2.2;3.3;2.85;1.02;1.23;1.77;2.9;6;9.5;3.65;1.95;1.34;1.11;1.65;2.1;0;0;0;0;1.26;1.19;1.57;2.69;2.18;3.64;2.5;2.5;3.3;0;0;0;0;0;0;0;0;0;0;0;0;0;0;0;1.8;10;2.2;3.8;5.5;0;0;0;0;0;0;0;0;1.31;2.57;6.5;13;3.15;1.44;1.08;1.01;0;0;0;0;2;0;1;1;0;1;1;2019-02-10 13:00:00;-1;0;0;0;0;0;1;-1;1;2;2;1;3;3;-1;-1;-1;-1;-1;-1;1;21;40;69;87;0.76;1.66;2.42;-1;-1;-1;-1;-1;-1;-1;1;0;0;0;1;-1;-1;-1;-1;-1;-1;-1;-1;-1;-1;-1;0;0;0;0;0;0;0;0;0;0;0;0;0;FELDA United;PKNP;1.18;0.45;0;0;1;0;0;0;0;0;0;0;0;0;0;0;0;1859;22;Y;Y;N;N;N;N;Y
537488;5614;130;2019;complete;4272;3;-1;21,44,65;4,29,85;3;3;6;5;11;16;-1;-1;5;4;1;1;4;6;5;10;9;16;-1;-1;38;62;7;5;4.05;3.55;1.71;1.02;1.22;1.74;2.85;5.5;9.75;3.7;1.95;1.35;1.12;1.69;2;0;0;0;0;1.87;1.17;1.13;4.75;2.1;2.3;4.2;2.5;2.05;0;0;0;0;0;0;0;0;0;0;0;0;0;0;0;2.5;11;1.57;8;2.9;0;0;0;0;0;0;0;0;1.33;2.63;6;12;3;1.44;1.1;1.02;0;0;0;0;6;2;2;1;1;2;4;2019-04-23 13:00:00;-1;0;55;23;23;0;1;1;3;6;2;5;9;7;3;1;3;4;4;7;1;53;66;77;72;1.23;1.9;3.13;1;1;1;1;0;0;1;1;0;1;0;1;0;0;-1;-1;-1;-1;-1;-1;-1;-1;-1;10;20;30;55;88;33;55;63;33;7.6;0;4.67;2.03;Kuala Lumpur;Perak;1.18;1.36;1.2;0.75;0.78;1;90;80;70;45;13;75;75;53;1.26;0.98;2.24;1859;22;Y;Y;Y;Y;Y;Y;Y
537489;139;138;2019;complete;4272;3;-1;7,89;62,68;2;2;4;8;9;17;-1;-1;-1;-1;-1;-1;5;7;10;7;15;14;-1;-1;45;55;-1;-1;5.85;4;1.44;1.01;1.19;1.65;2.65;5.5;10.5;4.05;2.1;1.42;1.14;1.8;1.87;0;0;0;0;2.35;1.13;1.03;5.5;2.3;2;5;2.75;1.8;0;0;1.25;1.5;1.85;2.4;3.3;3.6;2.4;1.85;1.5;1.29;0;0;0;3.25;12;1.4;11;2.5;0;0;0;0;0;0;0;0;1.3;2.63;6;13;3.2;1.44;1.1;1.01;0;0;0;0;4;1;0;1;2;3;1;2019-02-15 13:00:00;-1;0;50;0;50;0;1;-1;2;3;6;6;5;12;-1;-1;-1;-1;-1;-1;1;28;28;46;48;1.49;1.57;3.06;-1;-1;-1;-1;-1;-1;-1;1;1;0;0;1;-1;-1;-1;-1;-1;-1;-1;-1;-1;-1;-1;0;0;0;50;50;0;0;50;50;9;0;1;1;Terengganu;Johor Darul Ta'zim;1.55;2.27;1;0;0.5;3;50;50;50;0;0;50;50;50;2.28;0;2.28;1859;22;Y;Y;Y;Y;N;N;Y
537490;180;129;2019;complete;4272;3;-1;90;5;1;1;2;3;5;8;-1;-1;2;4;0;1;9;6;1;10;10;16;-1;-1;51;49;2;5;2.9;3.5;2.1;0;0;0;0;0;0;0;0;0;0;0;0;0;0;0;0;0;0;0;0;0;0;0;0;0;0;0;0;0;0;0;0;0;0;0;0;0;0;0;0;0;0;0;0;0;0;0;0;0;0;0;0;0;0;0;0;0;0;0;0;0;0;0;0;0;2;0;1;1;0;1;1;2019-02-16 13:00:00;-1;0;100;0;50;0;1;1;1;2;2;3;3;5;0;1;2;4;1;6;1;47;44;70;56;1.6;1.74;3.34;1;0;1;0;0;0;1;1;0;1;0;0;0;0;-1;-1;-1;-1;-1;-1;-1;-1;-1;0;50;100;100;100;50;100;100;50;15;0;2;3.5;Melaka United;Pahang;1.73;1.64;3;3;3;3;100;50;0;0;0;50;50;50;1.14;2.76;3.9;1859;22;Y;Y;N;N;N;N;Y
537491;5612;9469;2019;complete;4272;3;-1;29,52;45,74,82;2;3;5;6;6;12;-1;-1;3;3;0;0;5;6;6;3;11;9;-1;-1;47;53;3;3;0;0;0;0;0;0;0;0;0;0;0;0;0;0;0;0;0;0;0;0;0;0;0;0;0;0;0;0;0;0;0;0;0;0;0;0;0;0;0;0;0;0;0;0;0;0;0;0;0;0;0;0;0;0;0;0;0;0;0;0;0;0;0;0;0;0;0;0;5;1;1;1;2;3;2;2019-02-16 13:00:00;9469;0;50;0;0;0;-1;1;-1;-1;-1;-1;-1;-1;0;1;3;2;1;5;1;37;43;45;53;1.3;1.29;2.6;0;0;0;0;0;0;1;1;0;0;-1;-1;0;0;-1;-1;-1;-1;-1;-1;-1;-1;-1;0;0;50;100;100;50;50;100;50;10;0;1;2.5;PKNP;MISC;1;0.91;0;0;0.5;0.5;100;100;50;0;0;50;50;50;1.04;1.11;2.15;1859;22;Y;Y;Y;Y;Y;N;Y
537492;132;136;2019;complete;4272;3;-1;17,42,54,74;;4;0;4;8;2;10;-1;-1;-1;-1;-1;-1;17;4;1;0;18;4;-1;-1;60;40;-1;-1;1.62;3.85;4.25;1.02;1.17;1.49;2.42;4.1;12;4.5;2.38;1.55;1.18;1.68;2.19;0;0;0;0;1.1;1.16;2.63;1.85;2.57;5.7;1.71;2.96;5.5;0;0;0;0;1.84;0;0;0;0;1.98;0;0;0;0;0;1.4;19.5;2.95;3;9;0;0;0;0;0;0;0;0;1.3;2.19;5.5;12;3.4;1.6;1.12;1.02;0;0;0;0;4;2;0;2;0;2;2;2019-02-16 13:00:00;132;0;50;0;0;0;1;-1;3;1;5;1;4;6;-1;-1;-1;-1;-1;-1;1;46;13;88;53;2.65;0.63;3.29;-1;-1;-1;-1;-1;-1;-1;1;0;0;1;1;-1;-1;-1;-1;-1;-1;-1;-1;-1;-1;-1;0;0;0;50;50;0;50;50;0;4;0;3;1;Kedah;FELDA United;2.09;0.55;0;1;2;1;50;50;50;0;0;50;50;50;0;1.76;1.76;1859;22;Y;Y;Y;Y;N;N;N
537493;140;181;2019;complete;4272;3;-1;;27,50,79,90;0;4;4;9;3;12;-1;-1;-1;-1;-1;-1;7;12;11;4;18;16;-1;-1;54;46;-1;-1;1.83;3.6;3.4;1.01;1.15;1.54;2.35;4.2;11.5;4.5;2.3;1.5;1.18;1.53;2.3;0;0;0;0;1.16;1.16;1.87;2.26;2.38;4.15;2.1;2.66;3.96;0;0;0;0;1.94;0;0;0;0;1.88;0;0;0;0;0;1.59;17.5;2.39;3.8;0;0;0;0;0;0;0;0;0;1.23;2.19;5.4;11;3.74;1.6;1.13;1.03;0;0;0;0;4;0;1;0;3;3;1;2019-02-17 13:00:00;181;0;100;0;50;0;1;-1;4;3;5;0;7;5;-1;-1;-1;-1;-1;-1;1;58;36;67;68;2.03;2.1;4.14;-1;-1;-1;-1;-1;-1;-1;1;0;0;2;1;-1;-1;-1;-1;-1;-1;-1;-1;-1;-1;-1;0;0;0;100;100;0;50;100;50;11;0;3;2;Selangor;PKNS;1.91;0.73;1;1;1;0.5;100;100;100;0;0;100;100;100;2.31;1.02;3.33;1859;22;Y;Y;Y;Y;N;N;N
537494;9469;132;2019;complete;4272;4;-1;;7,41;0;2;2;0;1;1;-1;-1;3;1;0;0;3;6;5;6;8;12;-1;-1;54;46;3;1;2.85;3.35;2.15;1.01;1.18;1.61;2.55;0;10.75;4.2;2.15;1.44;1.16;1.51;2.35;0;0;0;0;0;0;0;0;0;0;0;0;0;0;0;0;0;0;0;0;0;0;0;0;0;0;0;0;0;0;0;0;0;0;0;0;0;0;0;0;0;0;0;0;0;0;0;0;0;0;0;0;0;2;0;2;0;0;0;2;2019-02-22 13:00:00;132;0;75;25;50;0;1;1;0;0;0;1;0;1;2;0;1;1;2;2;1;54;50;75;71;1.11;1.54;2.64;0;0;0;0;0;0;1;1;0;1;0;0;0;0;-1;-1;-1;-1;-1;-1;-1;-1;-1;0;0;0;100;100;25;25;75;75;9.5;0;0;2;MISC;Kedah;1.45;1;1;2;1.33;2.33;100;100;100;0;0;50;50;50;0;0.97;0.97;1859;22;Y;Y;N;N;N;N;N
537495;5614;139;2019;complete;4272;4;-1;;69;0;1;1;3;7;10;-1;-1;-1;-1;-1;-1;5;10;6;16;11;26;-1;-1;51;49;-1;-1;3;3.55;2;1.01;1.17;1.59;2.5;5.5;11;4.3;2.2;1.47;1.17;1.54;2.25;0;0;0;0;1.74;1.16;1.2;3.3;2.2;2.88;3;2.6;2.5;0;0;0;0;1.9;0;0;0;0;1.93;0;0;0;0;0;2;12;1.83;6;4;0;0;0;0;0;0;0;0;1.3;2.63;6;12;3.2;1.44;1.1;1.02;0;0;0;0;1;0;0;0;1;1;0;2019-02-22 13:00:00;139;0;50;0;50;0;1;-1;2;2;1;5;4;6;-1;-1;-1;-1;-1;-1;1;40;50;71;66;1.33;2.68;4.02;-1;-1;-1;-1;-1;-1;-1;1;0;0;0;1;-1;-1;-1;-1;-1;-1;-1;-1;-1;-1;-1;0;50;100;100;100;0;100;100;100;4;0;1;3.5;Kuala Lumpur;Terengganu;1.18;1.18;0;0;0;0.67;100;50;0;0;0;100;100;100;0.76;1.03;1.79;1859;22;Y;N;N;N;N;N;N
537496;130;136;2019;complete;4272;4;-1;71;44;1;1;2;6;2;8;-1;-1;1;4;0;0;4;4;11;8;15;12;-1;-1;58;42;1;4;1.59;3.8;4.6;1.01;1.19;1.65;2.65;5.1;10.5;4.05;2.1;1.42;1.14;1.69;2;0;0;0;0;1.08;1.15;2.1;1.95;2.44;5.5;1.79;2.8;5.3;0;0;0;0;1.86;0;0;0;0;1.96;0;0;0;0;0;1.44;15.75;2.88;3;8;0;0;0;0;0;0;0;0;1.27;2.34;6.1;13;3.4;1.53;1.11;1.02;0;0;0;0;2;0;1;1;0;1;1;2019-02-23 13:00:00;-1;0;75;50;0;0;1;1;3;0;3;2;3;5;0;1;1;3;1;4;1;48;32;64;40;1.57;1.26;2.83;1;0;1;0;0;0;1;1;0;0;2;0;0;0;-1;-1;-1;-1;-1;-1;-1;-1;-1;0;25;25;100;100;75;100;50;25;13;0;3;2.5;Perak;FELDA United;1.64;0.55;1;0.5;0.5;0.67;100;75;75;0;0;100;100;75;0.98;1.2;2.18;1859;22;Y;Y;N;N;N;N;Y
537497;181;5612;2019;complete;4272;4;-1;2;;1;0;1;4;7;11;-1;-1;-1;-1;-1;-1;7;7;4;16;11;23;-1;-1;43;57;-1;-1;1.65;3.8;4.15;1.01;1.18;1.61;2.55;4.7;10.75;4.2;2.15;1.44;1.16;1.62;2.1;0;0;0;0;1.15;1.19;1.77;2.23;2.28;4.6;2.07;2.55;4.35;0;0;0;0;1.92;0;0;0;0;1.92;0;0;0;0;0;1.56;14.5;2.53;2.9;9;0;0;0;0;0;0;0;0;1.27;2.36;5.8;12;3.4;1.52;1.11;1.02;0;0;0;0;1;1;0;0;0;0;1;2019-02-23 13:00:00;181;0;50;0;0;0;1;-1;1;5;3;2;6;5;-1;-1;-1;-1;-1;-1;1;27;53;37;63;1.37;2.31;3.68;0;0;0;0;0;0;1;1;1;0;0;0;-1;-1;-1;-1;-1;-1;-1;-1;-1;-1;-1;0;0;0;50;100;0;100;50;0;8;0;0;1.5;PKNS;PKNP;1.18;0.45;0;1;1.33;0.33;100;100;100;50;0;50;50;50;1.63;1.66;3.29;1859;22;Y;N;N;N;N;N;N
537498;138;180;2019;complete;4272;4;-1;35,42;74;2;1;3;2;4;6;-1;-1;1;2;0;0;6;3;3;4;9;7;-1;-1;68;32;1;2;1.27;5.15;7.5;1;1.12;1.43;2.1;0;13;5.2;2.55;1.62;1.24;1.69;2;0;0;0;0;0;0;0;0;0;0;0;0;0;0;0;0;0;0;0;0;0;0;0;0;0;0;0;0;0;0;0;0;0;0;0;0;0;0;0;0;0;0;0;0;0;0;0;0;0;0;0;0;0;3;2;0;0;1;1;2;2019-02-23 13:00:00;138;0;25;0;25;0;1;1;0;3;2;1;3;3;0;2;1;0;2;1;1;45;25;78;47;1.32;0.83;2.15;0;0;0;0;0;0;1;1;0;0;0;1;0;0;-1;-1;-1;-1;-1;-1;-1;-1;-1;25;25;25;25;100;0;100;25;25;18;0;1;2;Johor Darul Ta'zim;Melaka United;2.55;1.27;3;3;2.33;2.33;75;75;75;75;0;50;50;50;2.22;1.37;3.59;1859;22;Y;Y;Y;N;N;N;Y
537499;129;140;2019;complete;4272;4;-1;34;62;1;1;2;2;5;7;-1;-1;4;1;1;0;7;7;4;8;11;15;-1;-1;57;43;5;1;1.54;3.8;5;1.01;1.19;1.67;2.65;5;10.5;4;2.05;1.41;1.14;1.71;2;0;0;0;0;1.13;1.21;2.32;1.99;2.38;5.5;1.83;2.71;5.25;0;0;0;0;1.84;0;0;0;0;1.98;0;0;0;0;0;1.45;14.5;2.89;2.8;10;0;0;0;0;0;0;0;0;1.28;2.39;6;13;3.34;1.51;1.11;1.02;0;0;0;0;2;1;0;0;1;1;1;2019-02-24 13:00:00;-1;0;50;0;50;0;1;1;2;3;0;2;5;2;1;0;4;1;1;5;1;28;36;84;72;1.39;1.69;3.09;0;0;0;0;0;0;1;1;0;0;0;0;0;0;-1;-1;-1;-1;-1;-1;-1;-1;-1;0;0;50;100;100;0;50;100;100;14;0;0;2.5;Pahang;Selangor;2.27;1.45;3;1;2.33;0.67;100;100;50;0;0;50;50;50;2.31;0;2.31;1859;22;Y;Y;N;N;N;N;Y
537500;139;130;2019;complete;4272;5;-1;90;72;1;1;2;5;6;11;-1;-1;-1;-1;-1;-1;3;4;10;7;13;11;-1;-1;49;51;-1;-1;2.25;3.5;2.6;1;1.14;1.51;2.3;4.1;12;4.7;2.35;1.53;1.2;1.47;2.45;3.9;1.17;0;0;1.49;1.24;1.46;2.71;2.36;3.2;2.71;2.61;2.83;0;0;0;0;0;0;0;0;0;0;0;0;0;0;0;1.81;19;2;4.6;4.75;0;0;0;0;0;0;0;0;1.23;2.14;5.4;10;3.75;1.63;1.13;1.01;0;0;0;0;2;0;0;1;1;2;0;2019-03-01 13:00:00;-1;0;50;0;50;0;1;-1;2;4;2;2;6;4;-1;-1;-1;-1;-1;-1;1;33;29;56;48;1.26;1.18;2.44;-1;-1;-1;-1;-1;-1;-1;1;0;0;1;0;-1;-1;-1;-1;-1;-1;-1;-1;-1;-1;-1;0;25;25;50;100;0;75;50;50;8.5;0;4;2;Terengganu;Perak;1.55;1.36;1;0;1.25;0.67;100;75;75;50;0;50;50;50;1.89;0.41;2.3;1859;22;Y;Y;N;N;N;N;Y
537501;140;138;2019;complete;4272;5;-1;33,45;7,14,42,69;2;4;6;4;2;6;-1;-1;-1;-1;-1;-1;8;6;10;3;18;9;-1;-1;48;52;-1;-1;5;4.1;1.5;1;1.13;1.47;2.2;4;12.5;5;2.45;1.59;1.23;1.57;2.2;6.35;1.06;0;0;2.18;1.21;1.16;4.85;2.43;2.05;4.65;2.73;1.91;0;0;0;0;0;0;0;0;0;0;0;0;0;0;0;2.63;18.75;1.49;7.75;2.75;0;0;0;0;0;0;0;0;1.23;2.12;5.25;9.5;3.75;1.64;1.13;1.01;0;0;0;0;6;2;3;0;1;1;5;2019-03-01 13:00:00;138;0;75;0;50;0;1;-1;3;1;1;1;4;2;-1;-1;-1;-1;-1;-1;1;52;52;65;68;2.06;1.36;3.42;-1;-1;-1;-1;-1;-1;-1;1;0;1;0;0;-1;-1;-1;-1;-1;-1;-1;-1;-1;-1;-1;0;75;75;100;100;0;100;100;75;18;0;0;3.5;Selangor;Johor Darul Ta'zim;1.91;2.27;0.5;1;0.75;2.5;100;25;25;0;0;100;100;100;2.17;1.57;3.74;1859;22;Y;Y;Y;Y;Y;Y;Y
537502;5612;129;2019;complete;4272;5;-1;;2,50,73;0;3;3;5;11;16;-1;-1;-1;-1;-1;-1;11;7;8;3;19;10;-1;-1;52;48;-1;-1;3.25;3.45;1.95;1.01;1.19;1.67;2.65;4.75;10.5;4;2.05;1.41;1.14;1.61;2.15;0;0;0;0;1.69;1.19;1.19;4;2.25;2.44;3.76;2.52;2.26;0;0;0;0;1.84;0;0;0;0;1.98;0;0;0;0;0;2.31;14.25;1.66;6.5;3.7;0;0;0;0;0;0;0;0;1.26;2.5;6.4;15;3.5;1.46;1.1;1.02;0;0;0;0;3;0;1;0;2;2;1;2019-03-02 13:00:00;129;0;75;25;50;0;1;-1;3;5;2;6;8;8;-1;-1;-1;-1;-1;-1;1;34;25;46;36;2.2;1.3;3.5;-1;-1;-1;-1;-1;-1;-1;1;0;1;1;0;-1;-1;-1;-1;-1;-1;-1;-1;-1;-1;-1;25;50;50;100;100;25;75;100;75;14;0;5.5;3.25;PKNP;Pahang;1;1.64;0;2;0.25;2;75;50;50;0;0;75;75;75;1.17;2.25;3.42;1859;22;Y;Y;Y;N;N;N;N
537503;132;181;2019;complete;4272;5;-1;;;0;0;0;8;2;10;-1;-1;-1;-1;-1;-1;8;2;4;1;12;3;-1;-1;54;46;-1;-1;1.87;3.55;3.4;1.01;1.19;1.65;2.65;5;10.5;4.05;2.1;1.42;1.14;1.59;2.2;0;0;0;0;1.14;1.14;1.91;2.16;2.41;4.4;2.1;2.7;3.75;0;0;0;0;1.84;0;0;0;0;1.98;0;0;0;0;0;1.57;13;2.5;3.3;7;0;0;0;0;0;0;0;0;1.27;2.39;6;12;3.4;1.51;1.11;1.02;0;0;0;0;0;0;0;0;0;0;0;2019-03-02 13:00:00;-1;0;25;0;25;0;1;-1;4;0;4;2;4;6;-1;-1;-1;-1;-1;-1;1;30;22;78;60;1.54;0.5;2.04;0;0;0;0;0;0;1;1;0;0;1;0;-1;-1;-1;-1;-1;-1;-1;-1;-1;-1;-1;0;75;75;100;100;50;75;100;100;10.5;0;3;3.5;Kedah;PKNS;2.09;0.73;3;2;2.5;1.75;100;25;25;0;0;100;100;50;2.65;1.56;4.21;1859;22;N;N;N;N;N;N;N
537504;136;9469;2019;complete;4272;5;-1;30;;1;0;1;4;4;8;-1;-1;-1;-1;-1;-1;0;3;6;8;6;11;-1;-1;42;58;-1;-1;0;0;0;0;0;0;0;0;0;0;0;0;0;0;0;0;0;0;0;0;0;0;0;0;0;0;0;0;0;0;0;0;0;0;0;0;0;0;0;0;0;0;0;0;0;0;0;0;0;0;0;0;0;0;0;0;0;0;0;0;0;0;0;0;0;0;0;0;1;1;0;0;0;0;1;2019-03-02 13:00:00;136;0;100;25;25;0;-1;-1;-1;-1;-1;-1;-1;-1;-1;-1;-1;-1;-1;-1;1;21;31;68;83;0.54;1.13;1.67;-1;-1;-1;-1;-1;-1;-1;1;0;0;-1;-1;-1;-1;-1;-1;-1;-1;-1;-1;-1;-1;-1;25;25;50;100;100;50;100;100;25;8.5;0;2;3;FELDA United;MISC;1.18;0.91;1;1.5;0.75;1;75;75;50;0;0;25;25;25;0.76;1.2;1.96;1859;22;Y;N;N;N;N;N;N
537505;180;5614;2019;complete;4272;5;-1;14,16;;2;0;2;5;3;8;-1;-1;1;3;0;0;10;5;10;8;20;13;-1;-1;50;50;1;3;1.49;4.1;5.15;1.01;1.16;1.57;2.45;0;11.25;4.4;2.25;1.48;1.18;1.69;2;0;0;0;0;0;0;0;0;0;0;0;0;0;0;0;0;0;0;0;0;0;0;0;0;0;0;0;0;0;0;0;0;0;0;0;0;0;0;0;0;0;0;0;0;0;0;0;0;0;0;0;0;0;2;2;0;0;0;0;2;2019-03-03 13:00:00;180;0;100;0;50;0;1;1;4;1;1;2;5;3;0;1;1;2;1;3;1;45;47;61;66;2.27;1.5;3.78;0;0;0;0;0;0;1;1;0;0;0;0;0;0;-1;-1;-1;-1;-1;-1;-1;-1;-1;50;50;75;100;100;25;100;100;50;3;0;2;3.75;Melaka United;Kuala Lumpur;1.73;0.09;2;0;1.75;0;50;50;25;0;0;0;0;0;1.37;0.81;2.18;1859;22;Y;Y;N;N;N;N;N
537506;129;132;2019;complete;4272;6;-1;86;;1;0;1;5;5;10;-1;-1;-1;-1;-1;-1;7;6;14;8;21;14;-1;-1;56;44;-1;-1;2.2;3.5;2.7;1.01;1.21;1.69;2.75;5.5;10;3.85;2;1.38;1.13;1.61;2.15;0;0;0;0;1.4;1.29;1.57;3;2.1;3.2;2.7;2.4;3;0;0;0;0;0;0;0;0;0;0;0;0;0;0;0;1.82;13.5;2.08;4.6;4.8;0;0;0;0;0;0;0;0;1.28;2.44;6.75;15;3.34;1.49;1.09;1.02;0;0;0;0;1;0;0;1;0;1;0;2019-03-08 13:00:00;129;0;42;17;0;0;1;-1;4;2;1;3;6;4;-1;-1;-1;-1;-1;-1;1;48;38;79;74;2.15;1.58;3.73;-1;-1;-1;-1;-1;-1;-1;1;0;0;1;0;-1;-1;-1;-1;-1;-1;-1;-1;-1;-1;-1;0;0;25;100;100;34;84;67;42;10;0;6;2.25;Pahang;Kedah;2.27;1;2;2.33;2.2;2.2;100;100;75;0;0;59;59;59;1.85;1.16;3.01;1859;22;Y;N;N;N;N;N;N
537507;130;9469;2019;complete;4272;6;-1;39;;1;0;1;4;1;5;-1;-1;3;4;0;0;2;0;2;4;4;4;-1;-1;54;46;3;4;1.67;3.7;4.15;1.01;1.19;1.67;2.65;0;10.5;4;2.05;1.41;1.14;1.65;2.05;0;0;0;0;0;0;0;0;0;0;0;0;0;0;0;0;0;0;0;0;0;0;0;0;0;0;0;0;0;0;0;0;0;0;0;0;0;0;0;0;0;0;0;0;0;0;0;0;0;0;0;0;0;1;1;0;0;0;0;1;2019-03-09 13:00:00;130;0;84;42;17;0;1;1;2;1;2;0;3;2;0;3;3;1;3;4;1;45;35;93;91;0.73;0.52;1.25;1;0;1;0;0;0;1;1;0;0;0;0;0;0;-1;-1;-1;-1;-1;-1;-1;-1;-1;17;17;34;84;100;59;100;59;17;13;0;3;2.5;Perak;MISC;1.64;0.91;1;1;0.75;0.8;84;84;67;17;0;42;42;42;1.27;1.18;2.45;1859;22;Y;N;N;N;N;N;N
537508;181;136;2019;complete;4272;6;-1;23,47;;2;0;2;13;5;18;-1;-1;0;2;0;0;12;5;7;5;19;10;-1;-1;52;48;0;2;1.83;3.45;3.65;1.01;1.22;1.74;2.85;5.75;9.75;3.75;1.95;1.36;1.12;1.67;2.05;2.6;1.37;0;0;1.17;1.19;1.74;2.41;2.21;4.2;2.24;2.47;3.94;0;0;0;0;0;0;0;0;0;0;0;0;0;0;0;1.64;13.5;2.38;3.1;5.75;0;0;0;0;0;0;0;0;1.3;1.99;6.75;12.25;3.2;1.73;1.09;0;0;0;0;0;2;1;0;1;0;1;1;2019-03-09 13:00:00;181;0;34;0;0;0;1;1;8;1;5;4;9;9;0;1;0;1;1;1;1;43;48;60;56;2.34;1.32;3.66;0;0;0;0;0;0;1;1;0;0;2;0;0;0;-1;-1;-1;-1;-1;-1;-1;-1;-1;0;17;17;50;100;17;100;50;17;7.17;0;3.5;1.84;PKNS;FELDA United;1.18;0.55;1.5;0.67;1.6;1.2;100;84;84;50;0;84;84;67;1.5;1.22;2.72;1859;22;Y;Y;N;N;N;N;N
537509;138;5612;2019;complete;4272;6;-1;27,36,42;;3;0;3;3;3;6;-1;-1;0;2;0;1;8;2;6;5;14;7;-1;-1;63;37;0;4;1.17;6;11.5;1.01;1.17;1.59;2.5;4.3;11;4.3;2.2;1.47;1.17;2.2;1.59;1.59;2.05;0;0;1.02;1.04;3.8;1.48;3.14;9;1.37;3.8;8.9;0;0;0;0;1.99;0;0;0;0;1.83;0;0;0;0;0;1.22;23;4.15;1.69;11.5;0;0;0;0;0;0;0;0;1.25;2.27;5.25;10.5;3.56;1.56;1.13;0;0;0;0;0;3;3;0;0;0;0;3;2019-03-09 13:00:00;138;0;59;0;17;0;1;1;0;2;3;1;2;4;0;2;0;1;2;1;1;49;22;80;45;1.8;0.74;2.54;2;0;2;0;0;0;1;1;0;0;0;0;0;0;-1;-1;-1;-1;-1;-1;-1;-1;-1;17;17;34;59;100;17;100;59;17;11;0;1;2.25;Johor Darul Ta'zim;PKNP;2.55;0.45;3;0.5;2.6;0.2;84;84;67;42;0;25;25;25;1.92;1.99;3.91;1859;22;Y;Y;Y;N;N;N;N
537510;139;180;2019;complete;4272;6;-1;24,42,74;;3;0;3;3;8;11;-1;-1;2;2;0;0;7;6;6;6;13;12;-1;-1;47;53;2;2;2.15;3.45;2.85;1.01;1.19;1.65;2.65;0;10.5;4.05;2.1;1.42;1.14;1.57;2.25;0;0;0;0;0;0;0;0;0;0;0;0;0;0;0;0;0;0;0;0;0;0;0;0;0;0;0;0;0;0;0;0;0;0;0;0;0;0;0;0;0;0;0;0;0;0;0;0;0;0;0;0;0;3;2;0;1;0;1;2;2019-03-09 13:00:00;139;0;75;0;50;0;1;1;3;2;0;6;5;6;0;1;2;1;1;3;1;44;21;61;56;1.62;1.33;2.95;0;0;0;0;0;0;1;1;0;0;0;0;0;0;-1;-1;-1;-1;-1;-1;-1;-1;-1;0;17;42;75;100;25;67;75;50;14.33;0;3;2.34;Terengganu;Melaka United;1.55;1.27;1;1.5;1.2;2;100;84;59;25;0;75;75;75;1.68;1.1;2.78;1859;22;Y;Y;Y;N;N;N;N
537511;5614;140;2019;complete;4272;6;-1;5,38;67,71,76;2;3;5;6;6;12;-1;-1;-1;-1;-1;-1;6;6;4;4;10;10;-1;-1;42;58;-1;-1;2.65;3.6;2.2;1.01;1.15;1.54;2.35;4.5;11.5;4.5;2.3;1.5;1.18;1.5;2.35;4.75;1.12;0;0;1.71;1.15;1.22;3.45;2.38;2.54;3.26;2.67;2.36;0;0;0;0;0;0;0;0;0;0;0;0;0;0;0;2.13;18.5;1.72;5.7;3.55;0;0;0;0;0;0;0;0;1.23;2.19;5.75;11;3.74;1.6;1.12;1.02;0;0;0;0;5;2;0;0;3;3;2;2019-03-10 13:00:00;140;0;75;0;50;0;1;-1;2;3;4;3;5;7;-1;-1;-1;-1;-1;-1;1;49;52;70;68;1.4;1.42;2.83;-1;-1;-1;-1;-1;-1;-1;1;1;0;0;2;-1;-1;-1;-1;-1;-1;-1;-1;-1;-1;-1;0;25;25;75;100;0;50;100;50;7;0;2;2.25;Kuala Lumpur;Selangor;1.18;1.45;0;1;0;0.6;100;75;75;25;0;50;50;25;1.05;1.69;2.74;1859;22;Y;Y;Y;Y;Y;N;Y
537512;180;130;2019;complete;4272;7;-1;;;0;0;0;6;2;8;-1;-1;5;2;0;0;5;4;7;3;12;7;-1;-1;54;46;5;2;2.15;3.4;2.85;1.01;1.19;1.65;2.65;0;10.5;4.05;2.1;1.42;1.14;1.56;2.25;0;0;0;0;1.4;1.3;1.62;0;0;0;2.5;2.75;2.88;0;0;0;0;0;0;0;0;0;0;0;0;0;0;0;0;0;0;0;0;0;0;0;0;0;0;0;0;1.36;2.5;6;15;3;1.5;1.12;1.03;0;0;0;0;0;0;0;0;0;0;0;2019-03-29 13:00:00;-1;0;59;0;25;0;1;1;4;1;2;1;5;3;1;0;4;2;1;6;1;39;37;52;59;1.38;0.99;2.37;0;0;0;0;0;0;1;1;0;0;2;0;0;0;-1;-1;-1;-1;-1;-1;-1;-1;-1;0;0;17;75;100;34;75;59;25;6.67;0;4.67;1.92;Melaka United;Perak;1.73;1.36;2.33;0.5;1.67;1.2;100;100;84;25;0;25;25;25;1.67;0.8;2.47;1859;22;N;N;N;N;N;N;N
537513;140;139;2019;complete;4272;7;-1;56;;1;0;1;4;4;8;-1;-1;0;2;0;0;5;4;10;13;15;17;-1;-1;42;58;0;2;1.67;3.85;4;1;1.15;1.53;2.3;4.5;11.75;4.65;2.3;1.53;1.19;1.56;2.25;0;0;0;0;1.4;1.29;1.67;2.63;2.3;3.4;2.4;2.7;3.1;0;0;0;0;0;0;0;0;0;0;0;0;0;0;0;1.73;13;2.1;4.6;5.5;0;0;0;0;0;0;0;0;1.29;2.5;5.5;12;3.25;1.5;1.13;1.02;0;0;0;0;1;0;0;1;0;1;0;2019-03-29 13:00:00;140;0;34;17;0;0;1;1;2;1;2;3;3;5;0;0;0;2;0;2;1;47;65;76;119;1.63;1.82;3.46;0;0;0;0;0;0;1;1;0;0;0;1;0;0;-1;-1;-1;-1;-1;-1;-1;-1;-1;17;34;59;75;100;17;75;100;42;11.83;0;0;3;Selangor;Terengganu;1.91;1.18;0.33;1.5;1;1.5;84;67;42;25;0;84;84;59;2.13;1.86;3.99;1859;22;Y;N;N;N;N;N;N
537514;5612;5614;2019;complete;4272;7;-1;7,32,63,90;;4;0;4;5;0;5;-1;-1;1;2;0;2;5;4;11;2;16;6;-1;-1;60;40;1;6;1.74;3.85;3.6;1.01;1.17;1.61;2.5;4.8;11;4.25;2.15;1.45;1.16;1.61;2.15;0;0;0;0;1.22;1.25;2;2.3;2.3;4.2;2.15;2.75;3.8;0;0;0;0;1.84;0;0;0;0;1.98;0;0;0;0;0;1.57;13;2.5;4.2;5.8;0;0;0;0;0;0;0;0;1.24;2.32;5.8;12;3.65;1.54;1.11;1.02;0;0;0;0;4;2;0;2;0;2;2;2019-03-30 13:00:00;5612;0;42;17;42;0;-1;1;-1;-1;-1;-1;-1;-1;0;1;1;3;1;4;1;49;34;58;40;1.7;0.9;2.6;0;0;0;0;0;0;1;1;1;0;-1;-1;0;0;-1;-1;-1;-1;-1;-1;-1;-1;-1;42;42;59;100;100;42;84;75;75;6.83;0;6;3.42;PKNP;Kuala Lumpur;1;0.09;0;0;0.17;0;59;59;42;0;0;50;50;50;1.51;1.16;2.67;1859;22;Y;Y;Y;Y;N;N;N
537515;132;138;2019;complete;4272;7;-1;31;10;1;1;2;-1;-1;-1;-1;-1;-1;-1;-1;-1;-1;-1;-1;-1;-1;-1;-1;-1;-1;-1;-1;-1;4.3;3.55;1.69;1.01;1.18;1.61;2.55;5;10.75;4.2;2.15;1.44;1.16;1.61;2.15;0;0;0;0;2.1;1.25;1.22;4.5;2.3;2.2;4;2.7;2;0;0;0;0;0;0;0;0;0;0;0;0;0;0;0;2.63;13;1.53;10;2.75;0;0;0;0;0;0;0;0;1.29;2.5;6;12;3.25;1.5;1.11;1.02;0;0;0;0;2;1;1;0;0;0;2;2019-03-29 13:00:00;-1;0;50;25;25;0;-1;-1;-1;-1;-1;-1;-1;-1;-1;-1;-1;-1;-1;-1;-1;0;0;0;0;0;0;0;-1;-1;-1;-1;-1;-1;-1;1;0;1;-1;-1;-1;-1;-1;-1;-1;-1;-1;-1;-1;-1;-1;25;75;75;75;75;50;75;75;50;13.5;0;0;3.5;Kedah;Johor Darul Ta'zim;2.09;2.27;2;2;1.83;2.67;75;25;25;25;25;75;75;25;2.1;1.47;3.57;1859;22;Y;Y;N;N;N;N;Y
537516;136;129;2019;complete;4272;7;-1;49;45,64,90;1;3;4;8;7;15;-1;-1;1;0;0;0;5;7;3;11;8;18;-1;-1;42;58;1;0;3.6;3.75;1.77;1.01;1.21;1.71;2.8;5.5;10;3.8;2;1.37;1.12;1.69;2;0;0;0;0;2;1.25;1.22;3.75;2.2;2.5;3.6;2.6;2.25;0;0;0;0;0;0;0;0;0;0;0;0;0;0;0;2.3;11;1.67;7;3.3;0;0;0;0;0;0;0;0;1.3;2.63;6;12;3.2;1.44;1.1;1.02;0;0;0;0;4;0;1;1;2;3;1;2019-03-30 13:00:00;129;0;59;0;17;0;1;1;2;3;6;4;5;10;1;0;0;0;1;0;1;16;34;59;71;0.98;1.87;2.84;0;0;0;0;0;0;1;1;0;0;0;2;0;0;-1;-1;-1;-1;-1;-1;-1;-1;-1;0;17;34;75;100;0;100;75;34;12.83;0;2.5;2.25;FELDA United;Pahang;1.18;1.64;2;2.33;1;2.33;100;84;67;25;0;34;34;34;0.65;1.93;2.58;1859;22;Y;Y;Y;Y;N;N;Y
537517;9469;181;2019;complete;4272;7;-1;-1;;1;0;1;3;6;9;-1;-1;-1;-1;-1;-1;4;2;10;5;14;7;-1;-1;43;57;-1;-1;3.7;3.4;1.83;1.02;1.22;1.74;2.85;0;9.75;3.7;1.95;1.35;1.12;1.67;2.05;0;0;0;0;1.8;1.3;1.25;0;0;0;0;0;0;0;0;0;0;0;0;0;0;0;0;0;0;0;0;0;0;0;0;0;0;0;0;0;0;0;0;0;0;0;0;0;0;0;0;0;0;0;0;0;0;1;0;0;0;0;0;0;2019-03-30 13:00:00;9469;0;42;0;42;1;1;-1;2;4;1;2;6;3;-1;-1;-1;-1;-1;-1;1;46;53;83;101;1.49;0.98;2.47;-1;-1;-1;-1;-1;-1;-1;-1;-1;-1;0;3;-1;-1;-1;-1;-1;-1;-1;-1;-1;-1;-1;0;17;17;84;84;25;42;59;59;4.33;0;6;2;MISC;PKNS;1.45;0.73;0.5;1.67;0.67;1.83;100;84;84;17;17;50;50;34;1.11;1.21;2.32;1859;22;Y;N;N;N;N;N;N
537518;130;181;2019;complete;4272;8;-1;39,52;22,56;2;2;4;9;3;12;-1;-1;0;3;0;0;10;6;12;5;22;11;-1;-1;57;43;0;3;2.35;3.2;2.65;1.05;1.29;2;3.25;6.5;8.5;3.25;1.8;1.29;1.08;1.67;2.1;0;0;0;0;1.33;1.29;1.53;2.88;2;3.6;2.63;2.4;3.25;0;0;0;0;0;0;0;0;0;0;0;0;0;0;0;1.83;9;2.1;3.8;5;0;0;0;0;0;0;0;0;1.36;2.88;7;15;2.88;1.36;1.07;1.01;0;0;0;0;4;1;1;1;1;2;2;2019-04-07 13:00:00;-1;0;46;17;17;0;1;1;5;1;4;2;6;6;0;2;0;1;2;1;1;55;50;67;58;2.47;1.47;3.94;0;0;0;0;0;0;1;1;0;0;1;0;0;0;-1;-1;-1;-1;-1;-1;-1;-1;-1;0;13;13;59;88;17;63;42;25;9.92;0;5;1.71;Perak;PKNS;1.64;0.73;1.67;1.25;1.17;1.57;100;88;88;42;13;67;54;42;1.09;1.15;2.24;1859;22;Y;Y;Y;Y;N;N;Y
537519;129;9469;2019;complete;4272;8;-1;49;33;1;1;2;17;4;21;-1;-1;5;2;0;0;10;4;11;1;21;5;-1;-1;67;33;5;2;1.35;4.9;5.9;0;0;1.53;2.27;0;0;0;2.4;1.56;0;0;0;0;0;0;0;1.12;1.2;2.62;0;0;0;0;0;0;0;0;0;0;0;0;0;0;0;0;0;0;0;0;0;0;0;0;0;0;0;0;0;0;0;0;0;0;0;0;0;0;0;0;0;0;0;0;0;0;2;0;1;1;0;1;1;2019-04-07 13:00:00;-1;0;42;13;13;0;1;1;7;1;10;3;8;13;1;1;4;1;2;5;1;44;12;85;58;2.34;0.69;3.03;0;0;0;0;0;0;1;1;0;0;0;0;0;0;-1;-1;-1;-1;-1;-1;-1;-1;-1;13;13;42;59;100;25;84;75;29;9.67;0;7.67;2.25;Pahang;MISC;2.27;0.91;2.33;0.75;2.43;1;88;88;59;42;0;46;46;29;1.95;1.01;2.96;1859;22;Y;Y;N;N;N;N;Y
537520;138;136;2019;complete;4272;8;-1;88,90,90;90;3;1;4;17;1;18;-1;-1;1;4;0;3;16;3;9;2;25;5;-1;-1;72;28;1;10;1.17;5.85;12.25;1.01;1.17;1.57;2.45;4.2;11.25;4.35;2.2;1.48;1.17;2.35;1.5;0;0;0;0;1.01;1.12;4.5;1.55;2.7;9;1.4;3.1;11;0;0;0;0;0;0;0;0;0;0;0;0;0;0;0;1.19;21;4.65;1.73;1.75;0;0;0;0;0;0;0;0;1.22;2.14;5.25;12;3.8;1.63;1.13;1.02;0;0;0;0;4;0;0;3;1;4;0;2019-04-05 13:00:00;138;0;50;0;13;0;1;1;10;1;7;0;11;7;0;2;1;5;2;6;1;56;9;74;25;3.08;0.59;3.67;0;0;0;0;0;0;1;1;0;0;3;0;0;0;-1;-1;-1;-1;-1;-1;-1;-1;-1;13;25;50;88;100;38;100;75;25;8.5;0;3.67;2.75;Johor Darul Ta'zim;FELDA United;2.55;0.55;3;0.5;2.43;0.86;88;75;50;13;0;38;38;25;1.89;1.24;3.13;1859;22;Y;Y;Y;Y;N;N;Y
537521;5614;132;2019;complete;4272;8;-1;10,49;32;2;1;3;4;10;14;-1;-1;-1;-1;-1;-1;5;4;5;5;10;9;-1;-1;47;53;-1;-1;5;4.15;1.5;1.02;1.13;1.44;2.03;3.75;12;5.5;2.7;1.67;1.22;1.5;2.5;0;0;0;0;2.1;1.25;1.2;5;2.3;2.1;4.5;2.8;1.83;0;0;0;0;0;0;0;0;0;0;0;0;0;0;0;2.8;17;1.44;8.5;3.75;0;0;0;0;0;0;0;0;1.2;2.04;5;10.5;4.05;1.69;1.14;1.03;0;0;0;0;3;1;1;1;0;1;2;2019-04-06 13:00:00;5614;0;46;13;17;0;-1;-1;-1;-1;-1;-1;-1;-1;-1;-1;-1;-1;-1;-1;1;51;78;102;108;1.36;1.42;2.77;-1;-1;-1;-1;-1;-1;-1;1;1;0;-1;-1;-1;-1;-1;-1;-1;-1;-1;-1;-1;-1;-1;17;34;34;71;100;42;59;75;46;7.92;0;2;2.54;Kuala Lumpur;Kedah;1.18;1;0;1.75;0;1.71;84;67;67;29;0;88;88;59;1.16;1.26;2.42;1859;22;Y;Y;Y;N;N;N;Y
537522;139;5612;2019;complete;4272;8;-1;73;45,46;1;2;3;8;4;12;-1;-1;-1;-1;-1;-1;9;4;5;10;14;14;-1;-1;60;40;-1;-1;1.57;4;4.5;1.02;2.4;1.7;2.21;4.8;15;1.42;2.13;1.56;1.16;1.63;2.16;0;0;0;0;1.22;1.22;2.1;2.01;2.47;4.95;1.93;2.8;4.5;0;0;0;0;0;0;0;0;0;0;0;0;0;0;0;1.48;18.75;2.66;3.1;9.5;0;0;0;0;0;0;0;0;1.23;2.17;6;13;3.74;1.61;1.11;1.04;0;0;0;0;3;0;1;1;1;2;1;2019-04-06 13:00:00;5612;0;54;0;38;0;1;-1;4;1;4;3;5;7;-1;-1;-1;-1;-1;-1;1;35;33;60;49;1.76;1.39;3.15;-1;-1;-1;-1;-1;-1;-1;1;0;0;1;0;-1;-1;-1;-1;-1;-1;-1;-1;-1;-1;-1;0;13;42;84;100;29;75;67;38;10.58;0;5.5;2.38;Terengganu;PKNP;1.55;0.45;1.5;0.33;1.29;0.57;100;88;59;17;0;67;67;67;1.66;1.57;3.23;1859;22;Y;Y;Y;N;N;N;Y
537523;180;140;2019;complete;4272;8;-1;19,53,70;7,25,87,90;3;4;7;3;6;9;-1;-1;-1;-1;-1;-1;7;8;6;4;13;12;-1;-1;49;51;-1;-1;2.25;3.55;2.6;0;0;1.62;0;0;0;0;2.25;0;0;1.62;2.2;0;0;0;0;1.36;1.29;1.73;0;0;0;2.3;2.75;3;0;0;0;0;0;0;0;0;0;0;0;0;0;0;0;0;0;0;0;0;0;0;0;0;0;0;0;0;1.3;2.25;5.5;13;3.4;1.57;1.14;1.04;0;0;0;0;7;1;2;2;2;4;3;2019-04-06 13:00:00;140;0;75;0;17;0;1;-1;2;2;1;4;4;5;-1;-1;-1;-1;-1;-1;1;38;32;64;59;1.58;1.55;3.13;-1;-1;-1;-1;-1;-1;-1;1;0;1;0;0;-1;-1;-1;-1;-1;-1;-1;-1;-1;-1;-1;17;17;29;88;88;42;71;75;34;9.25;0;3.5;2.38;Melaka United;Selangor;1.73;1.45;2;1.67;1.57;1.29;84;84;71;13;13;17;17;17;1.6;1.56;3.16;1859;22;Y;Y;Y;Y;Y;Y;Y
537524;140;130;2019;complete;4272;9;-1;39;35;1;1;2;2;8;10;-1;-1;3;6;1;0;5;5;7;5;12;10;-1;-1;39;61;5;6;2.35;3.35;2.55;1.01;1.18;1.62;2.55;5;10.75;4.2;2.1;1.43;1.15;1.51;2.35;0;0;0;0;1.44;1.29;1.53;2.91;2.26;3.14;2.71;2.52;2.95;0;0;0;0;0;0;0;0;0;0;0;0;0;0;0;1.87;15.5;1.98;5;4.75;0;0;0;0;0;0;0;0;1.25;2.29;6;12;3.56;1.55;1.11;1.02;0;0;0;0;2;1;1;0;0;0;2;2019-04-12 13:00:00;-1;0;42;13;17;0;1;1;1;3;1;5;4;6;0;1;4;5;1;9;1;42;52;70;68;1.41;1.35;2.76;0;0;0;0;0;0;1;1;0;0;0;2;0;0;-1;-1;-1;-1;-1;-1;-1;-1;-1;13;25;25;54;84;13;54;67;29;9.17;0;2.5;2.13;Selangor;Perak;1.91;1.36;1;0.67;1.5;1.14;88;75;75;46;17;42;42;42;2.01;0.86;2.87;1859;22;Y;Y;N;N;N;N;Y
537525;5612;180;2019;complete;4272;9;-1;65;;1;0;1;1;9;10;-1;-1;0;4;0;0;8;2;5;7;13;9;-1;-1;44;56;0;4;2.3;3.35;2.65;1.01;1.19;1.65;2.65;0;10.5;4.05;2.1;1.42;1.14;1.56;2.25;0;0;0;0;0;0;0;0;0;0;0;0;0;0;0;0;0;0;0;0;0;0;0;0;0;0;0;0;0;0;0;0;0;0;0;0;0;0;0;0;0;0;0;0;0;0;0;0;0;0;0;0;0;1;0;0;1;0;1;0;2019-04-13 13:00:00;5612;0;29;13;13;0;1;1;1;4;0;5;5;5;0;0;0;4;0;4;1;39;43;50;56;1.65;1.02;2.67;0;0;0;0;0;0;1;1;0;0;0;2;0;0;-1;-1;-1;-1;-1;-1;-1;-1;-1;13;25;71;84;100;59;88;84;50;12.58;0;4;2.92;PKNP;Melaka United;1;1.27;0.75;1;0.88;1.38;88;75;29;17;0;71;71;71;1.56;1.18;2.74;1859;22;Y;N;N;N;N;N;N
537526;132;139;2019;complete;4272;9;-1;24,32,72;;3;0;3;1;3;4;-1;-1;1;1;0;0;10;2;4;6;14;8;-1;-1;52;48;1;1;1.91;3.6;3.2;1.01;1.18;1.62;2.6;5;10.75;4.1;2.1;1.43;1.15;1.59;2.2;0;0;0;0;1.29;1.25;1.8;2.5;2.28;3.76;2.32;2.55;3.54;0;0;0;0;0;0;0;0;0;0;0;0;0;0;0;1.7;15.5;2.21;3.8;6.5;0;0;0;0;0;0;0;0;1.27;2.36;6;12;3.4;1.52;1.11;1.02;0;0;0;0;3;2;0;1;0;1;2;2019-04-12 13:00:00;132;0;17;17;0;0;1;1;1;1;0;2;2;2;0;1;1;0;1;1;1;35;37;74;67;1.84;0.92;2.75;0;0;0;0;0;0;1;1;0;0;1;0;0;0;-1;-1;-1;-1;-1;-1;-1;-1;-1;0;17;33;50;84;34;50;67;33;12.33;0;2;1.84;Kedah;Terengganu;2.09;1.18;1.67;1;1.5;1.13;100;84;67;50;17;84;84;17;2.1;1.85;3.95;1859;22;Y;Y;Y;N;N;N;N
537527;136;5614;2019;complete;4272;9;-1;34;57;1;1;2;7;0;7;-1;-1;0;1;0;0;10;4;5;10;15;14;-1;-1;52;48;0;1;1.87;3.5;3.45;1.01;1.18;1.61;2.55;4.5;10.75;4.2;2.15;1.44;1.16;1.56;2.25;0;0;0;0;1.22;1.21;1.61;2.44;2.3;3.84;2.1;2.75;3.6;0;0;0;0;1.84;0;0;0;0;1.98;0;0;0;0;0;1.62;12;2.4;0;0;0;0;0;0;0;0;0;0;1.24;2.23;6;12;3.64;1.58;1.11;1.02;0;0;0;0;2;1;0;0;1;1;1;2019-04-13 13:00:00;-1;0;50;0;33;0;-1;1;-1;-1;-1;-1;-1;-1;0;0;0;1;0;1;1;25;31;85;92;1.83;1.39;3.22;0;0;0;0;0;0;1;1;0;0;-1;-1;0;0;-1;-1;-1;-1;-1;-1;-1;-1;-1;17;50;50;84;100;34;100;67;50;6;0;5.5;3;FELDA United;Kuala Lumpur;1.18;0.09;1.33;0;0.75;0.43;84;50;50;17;0;17;17;17;0.76;1.07;1.83;1859;22;Y;Y;N;N;N;N;Y
537528;9469;138;2019;complete;4272;9;-1;;26;0;1;1;3;4;7;-1;-1;2;3;0;0;3;7;7;11;10;18;-1;-1;39;61;2;3;6.1;4.45;1.37;1.01;1.16;1.56;2.4;0;11.5;4.45;2.25;1.49;1.18;1.8;1.91;0;0;0;0;3;1.2;1.07;0;0;0;0;0;0;0;0;0;0;0;0;0;0;0;0;0;0;0;0;0;0;0;0;0;0;0;0;0;0;0;0;0;0;0;0;0;0;0;0;0;0;0;0;0;0;1;0;1;0;0;0;1;2019-04-13 13:00:00;138;0;67;34;42;0;1;1;1;3;2;1;4;3;0;1;2;2;1;4;1;25;34;46;50;1.02;1.86;2.88;0;0;0;0;0;0;1;1;0;0;0;0;0;0;-1;-1;-1;-1;-1;-1;-1;-1;-1;17;34;34;84;100;50;67;50;33;7.83;0;3;2.84;MISC;Johor Darul Ta'zim;1.45;2.27;1.33;1.67;1;2.5;84;67;67;17;0;42;25;25;1.3;1.47;2.77;1859;22;Y;N;N;N;N;N;N
537529;181;129;2019;complete;4272;9;-1;13;24,75;1;2;3;3;12;15;-1;-1;-1;-1;-1;-1;4;13;4;8;8;21;-1;-1;39;61;-1;-1;2.65;3.3;2.3;1.01;1.2;1.69;2.75;5;10.25;3.9;2;1.38;1.13;1.57;2.2;4.25;1.13;0;0;1.67;1.33;1.36;3.44;2.28;2.66;3;2.63;2.5;0;0;0;0;0;1.97;0;0;0;0;1.85;0;0;0;0;2;11;1.91;5.35;3.9;0;0;0;0;0;0;0;0;1.24;2.25;6;12;3.64;1.57;1.11;1.02;0;0;0;0;3;1;1;0;1;1;2;2019-04-14 13:00:00;129;0;38;0;25;0;1;-1;3;6;0;6;9;6;-1;-1;-1;-1;-1;-1;1;44;53;58;65;1.1;2.6;3.7;-1;-1;-1;-1;-1;-1;-1;1;0;0;0;0;-1;-1;-1;-1;-1;-1;-1;-1;-1;-1;-1;0;25;38;67;100;0;100;67;38;16.08;0;1.67;2.29;PKNS;Pahang;1.18;1.64;2;2.5;1.5;2.25;100;75;63;34;0;88;88;88;1.78;1.91;3.69;1859;22;Y;Y;Y;N;N;N;Y
537530;130;129;2019;complete;4272;10;-1;;55;0;1;1;5;3;8;-1;-1;-1;-1;-1;-1;4;5;4;7;8;12;-1;-1;53;47;-1;-1;3.15;3.25;2.05;1.02;1.26;1.83;3.1;6;9;3.45;1.83;1.3;1.09;1.69;2;0;0;0;0;1.73;1.25;1.25;3.75;2.1;2.7;3.6;2.4;2.38;0;0;0;0;0;0;0;0;0;0;0;0;0;0;0;2.3;10;1.73;6;3.6;0;0;0;0;0;0;0;0;1.36;2.75;6.5;15;2.88;1.4;1.08;1.01;0;0;0;0;1;0;0;0;1;1;0;2019-04-20 13:00:00;129;0;78;35;33;0;1;-1;3;2;2;1;5;3;-1;-1;-1;-1;-1;-1;1;40;36;49;52;1.07;1.36;2.43;-1;-1;-1;-1;-1;-1;-1;1;0;0;1;1;-1;-1;-1;-1;-1;-1;-1;-1;-1;-1;-1;0;33;53;88;100;35;100;75;43;16.65;0;3;2.73;Perak;Pahang;1.64;1.64;1.5;2.6;1.13;2.33;100;68;48;13;0;65;65;65;1.44;2.05;3.49;1859;22;Y;N;N;N;N;N;N
537531;138;181;2019;complete;4272;10;-1;8,13,85;48;3;1;4;11;1;12;-1;-1;-1;-1;-1;-1;13;6;17;2;30;8;-1;-1;62;38;-1;-1;1.22;5.25;9.75;1.01;1.17;1.59;2.5;4.05;11;4.3;2.2;1.47;1.17;2.15;1.61;0;0;0;0;1.02;1.11;3.72;1.6;2.71;9;1.48;3.16;8.8;0;0;0;0;1.94;0;0;0;0;1.88;0;0;0;0;0;1.25;17.75;4.05;1.91;17;0;0;0;0;0;0;0;0;1.25;2.27;5;12;3.56;1.56;1.14;1.02;0;0;0;0;4;2;0;1;1;2;2;2019-04-20 13:00:00;138;0;50;13;45;0;1;-1;7;1;4;0;8;4;-1;-1;-1;-1;-1;-1;1;50;30;61;57;3.14;1.14;4.28;-1;-1;-1;-1;-1;-1;-1;1;1;0;4;0;-1;-1;-1;-1;-1;-1;-1;-1;-1;-1;-1;10;40;60;70;90;30;60;60;50;10.8;0;3.75;2.7;Johor Darul Ta'zim;PKNS;2.55;0.73;3;1.2;2.56;1.33;90;60;40;30;10;60;50;40;2.13;1.21;3.34;1859;22;Y;Y;Y;Y;N;N;Y
537532;5614;9469;2019;complete;4272;10;-1;50;;1;0;1;3;8;11;-1;-1;-1;-1;-1;-1;5;6;6;12;11;18;-1;-1;44;56;-1;-1;2.15;3.35;2.85;1.01;1.21;1.71;2.8;0;10;3.8;2;1.37;1.12;1.61;2.15;0;0;0;0;0;0;0;0;0;0;0;0;0;0;0;0;0;0;0;0;0;0;0;0;0;0;0;0;0;0;0;0;0;0;0;0;0;0;0;0;0;0;0;0;0;0;0;0;0;0;0;0;0;1;0;0;1;0;1;0;2019-04-20 13:00:00;5614;0;68;23;23;0;1;-1;2;2;1;6;4;7;-1;-1;-1;-1;-1;-1;1;54;52;69;71;1.43;1.92;3.35;-1;-1;-1;-1;-1;-1;-1;1;0;0;0;0;-1;-1;-1;-1;-1;-1;-1;-1;-1;-1;-1;23;35;58;68;100;45;88;80;35;7.75;0;3.5;2.83;Kuala Lumpur;MISC;1.18;0.91;0.75;0.8;0.5;0.89;78;65;43;33;0;70;70;58;1.21;0.95;2.16;1859;22;Y;N;N;N;N;N;N
537533;139;136;2019;complete;4272;10;-1;50,90;90;2;1;3;5;5;10;-1;-1;3;1;0;0;7;4;8;9;15;13;-1;-1;51;49;3;1;1.62;3.7;4.4;1.01;1.18;1.61;2.55;3.9;10.75;4.2;2.15;1.44;1.16;1.62;2.1;0;0;0;0;1.12;1.25;2.5;2;2.3;5;1.8;2.88;5;0;0;0;0;0;0;0;0;0;0;0;0;0;0;0;1.4;14;3.1;3.4;7.5;0;0;0;0;0;0;0;0;1.29;2.5;6;12;3.25;1.5;1.11;1.02;0;0;0;0;3;0;0;2;1;3;0;2019-04-19 13:00:00;139;0;70;0;50;0;1;1;2;0;3;5;2;8;2;1;1;0;3;1;1;30;32;53;51;1.65;1.33;2.97;0;0;0;0;0;0;1;1;0;0;1;0;0;0;-1;-1;-1;-1;-1;-1;-1;-1;-1;0;30;50;100;100;20;70;100;60;9.4;0;6.25;2.8;Terengganu;FELDA United;1.55;0.55;1.2;0.4;1;0.78;100;70;50;0;0;90;90;80;1.68;1.11;2.79;1859;22;Y;Y;Y;N;N;N;Y
537534;180;132;2019;complete;4272;10;-1;49;;1;0;1;7;4;11;-1;-1;-1;-1;-1;-1;3;5;7;11;10;16;-1;-1;48;52;-1;-1;2.55;3.15;2.45;1.02;1.24;1.8;3;0;9.25;3.55;1.91;1.33;1.11;1.62;2.1;0;0;0;0;0;0;0;0;0;0;0;0;0;0;0;0;0;0;0;0;0;0;0;0;0;0;0;0;0;0;0;0;0;0;0;0;0;0;0;0;0;0;0;0;0;0;0;0;0;0;0;0;0;1;0;0;1;0;1;0;2019-04-21 13:00:00;180;0;50;30;10;0;1;-1;1;4;6;0;5;6;-1;-1;-1;-1;-1;-1;1;31;33;57;57;1.06;1.59;2.65;-1;-1;-1;-1;-1;-1;-1;1;0;0;0;0;-1;-1;-1;-1;-1;-1;-1;-1;-1;-1;-1;10;10;30;80;90;60;70;60;20;9.4;0;3.5;2.4;Melaka United;Kedah;1.73;1;1.6;1.4;1.22;1.67;90;90;70;20;10;50;40;30;1.59;1.29;2.88;1859;22;Y;N;N;N;N;N;N
537535;140;5612;2019;complete;4272;10;-1;14,79;78;2;1;3;6;5;11;-1;-1;-1;-1;-1;-1;8;5;4;9;12;14;-1;-1;52;48;-1;-1;1.83;3.5;3.5;1.01;1.2;1.67;2.7;4.65;10.25;3.95;2.05;1.39;1.14;1.61;2.15;0;0;0;0;1.28;1.28;1.71;2.56;2.19;3.88;2.38;2.45;3.62;0;0;0;0;0;0;0;0;0;0;0;0;0;0;0;1.7;13.75;2.25;3.6;6.5;0;0;0;0;0;0;0;0;1.28;2.41;5.5;15;3.34;1.5;1.12;1.02;0;0;0;0;3;1;0;1;1;2;1;2019-04-20 13:00:00;140;0;55;20;13;0;1;-1;3;1;3;4;4;7;-1;-1;-1;-1;-1;-1;1;60;52;77;76;1.75;1.6;3.35;-1;-1;-1;-1;-1;-1;-1;1;0;0;0;1;-1;-1;-1;-1;-1;-1;-1;-1;-1;-1;-1;10;20;45;78;100;33;90;65;23;9.85;0;5.67;2.63;Selangor;PKNP;1.91;0.45;1;1;1.44;1.11;90;80;55;23;0;55;55;45;1.89;1.53;3.42;1859;22;Y;Y;Y;N;N;N;Y
537536;5612;130;2019;complete;4272;11;-1;;13,30,56,86;0;4;4;4;4;8;-1;-1;-1;-1;-1;-1;7;8;7;3;14;11;-1;-1;61;39;-1;-1;2.9;3.1;2.25;1.05;1.26;1.95;3.28;6.35;7.75;3.34;1.83;1.27;1.03;1.78;2.04;0;0;0;0;1.54;1.22;1.25;3.6;2.1;2.8;3.48;2.36;2.54;0;0;0;0;0;0;0;0;0;0;0;0;0;0;0;2.21;11;1.78;5;3.9;0;0;0;0;0;0;0;0;1.35;2.73;7.5;17;2.94;1.4;1.07;1.01;0;0;0;0;4;0;2;0;2;2;2;2019-04-27 13:00:00;130;0;40;30;30;0;1;-1;2;2;2;2;4;4;-1;-1;-1;-1;-1;-1;1;51;40;68;53;1.74;1.54;3.27;-1;-1;-1;-1;-1;-1;-1;1;0;0;1;0;-1;-1;-1;-1;-1;-1;-1;-1;-1;-1;-1;20;30;40;70;90;40;60;70;60;9.8;0;5.33;2.6;PKNP;Perak;1;1.36;1.2;0.8;1;1;80;70;60;30;10;70;70;50;1.58;1.17;2.75;1859;22;Y;Y;Y;Y;N;N;N
537537;132;140;2019;complete;4272;11;-1;41;18;1;1;2;7;4;11;-1;-1;2;3;0;0;8;4;1;6;9;10;-1;-1;54;46;2;3;1.71;3.7;3.95;1.01;1.18;1.61;2.55;4.25;10.75;4.2;2.15;1.44;1.16;1.65;2.1;0;0;0;0;1.14;1.25;2.25;2.12;2.34;4.85;2.05;2.6;4;0;0;0;0;0;0;0;0;0;0;0;0;0;0;0;1.51;15.75;2.64;3.2;8.5;0;0;0;0;0;0;0;0;1.25;2.27;5.5;13;3.56;1.56;1.12;1.02;0;0;0;0;2;1;1;0;0;0;2;2019-04-26 13:00:00;-1;0;63;25;25;0;1;1;5;3;2;1;8;3;0;2;2;1;2;3;1;24;27;81;62;1.31;1.11;2.42;0;0;0;0;0;0;1;1;0;0;2;1;0;0;-1;-1;-1;-1;-1;-1;-1;-1;-1;25;38;50;88;88;63;75;75;50;10.92;0;2;3.13;Kedah;Selangor;2.09;1.45;2;2;1.5;1.6;75;63;50;13;13;59;46;13;2.01;1.55;3.56;1859;22;Y;Y;N;N;N;N;Y
537538;136;180;2019;complete;4272;11;-1;62;15;1;1;2;3;7;10;-1;-1;2;4;0;0;3;6;5;9;8;15;-1;-1;48;52;2;4;2.25;3.45;2.7;1.01;1.17;1.61;2.5;0;11;4.25;2.15;1.45;1.16;1.53;2.35;0;0;0;0;1.57;1.3;1.44;0;0;0;0;0;0;0;0;0;0;0;0;0;0;0;0;0;0;0;0;0;0;0;0;0;0;0;0;0;0;0;0;0;0;0;0;0;0;0;0;0;0;0;0;0;0;2;0;1;1;0;1;1;2019-04-26 13:00:00;-1;0;50;0;13;0;1;1;1;1;2;6;2;8;0;1;2;3;1;5;1;27;27;67;62;0.92;1.56;2.47;0;0;0;0;0;0;1;1;0;0;0;0;0;0;-1;-1;-1;-1;-1;-1;-1;-1;-1;0;13;38;63;100;25;88;75;13;13.25;0;3.17;2.13;FELDA United;Melaka United;1.18;1.27;1.25;0.75;0.7;1.4;100;88;63;38;0;50;50;38;1.03;1.14;2.17;1859;22;Y;Y;N;N;N;N;Y
537539;9469;139;2019;complete;4272;11;-1;36;67,79;1;2;3;3;5;8;-1;-1;-1;-1;-1;-1;5;10;8;14;13;24;-1;-1;50;50;-1;-1;2.9;3.2;2.2;0;0;0;0;0;0;0;0;0;0;0;0;0;0;0;0;0;0;0;0;0;0;0;0;0;0;0;0;0;0;0;0;0;0;0;0;0;0;0;0;0;0;0;0;0;0;0;0;0;0;0;0;0;0;0;0;0;0;0;0;0;0;0;0;0;3;1;0;0;2;2;1;2019-04-27 13:00:00;139;0;13;0;17;0;1;-1;2;1;1;4;3;5;-1;-1;-1;-1;-1;-1;1;29;46;57;57;1.38;2.53;3.9;-1;-1;-1;-1;-1;-1;-1;1;0;0;0;0;-1;-1;-1;-1;-1;-1;-1;-1;-1;-1;-1;0;0;25;50;100;25;50;63;25;6.5;0;4;1.75;MISC;Terengganu;1.45;1.18;1;0.75;0.8;1.2;100;100;75;50;0;38;25;13;1.21;1.61;2.82;1859;22;Y;Y;Y;N;N;N;Y
537540;181;5614;2019;complete;4272;11;-1;2,31,79;42,82;3;2;5;1;5;6;-1;-1;-1;-1;-1;-1;7;9;6;7;13;16;-1;-1;51;49;-1;-1;1.57;3.7;4.9;1.01;1.25;1.93;3.28;5.35;9;3.42;1.85;1.27;1.07;1.88;1.92;0;0;0;0;1.08;1.18;2;2.2;2.16;5.35;2;2.45;5.1;0;0;0;0;1.94;0;0;0;0;1.88;0;0;0;0;0;1.51;11.25;2.83;2.7;8.5;0;0;0;0;0;0;0;0;1.34;2.73;6.5;15;2.99;1.4;1.1;1.02;0;0;0;0;5;2;1;1;1;2;3;2019-04-27 13:00:00;181;0;38;13;13;0;1;-1;0;2;1;3;2;4;-1;-1;-1;-1;-1;-1;1;55;64;74;75;1.7;2.09;3.8;-1;-1;-1;-1;-1;-1;-1;1;1;0;0;2;-1;-1;-1;-1;-1;-1;-1;-1;-1;-1;-1;13;25;38;75;100;38;100;63;25;7;0;3.33;2.5;PKNS;Kuala Lumpur;1.18;0.09;1.5;0.25;1.2;0.8;88;75;63;25;0;50;50;50;1.61;1.15;2.76;1859;22;Y;Y;Y;Y;Y;N;Y
537541;129;138;2019;complete;4272;11;-1;36;5;1;1;2;2;2;4;-1;-1;3;2;0;1;3;5;3;6;6;11;-1;-1;53;47;3;4;2.95;3.3;2.1;1.01;1.2;1.69;2.75;4.75;10.25;3.9;2;1.38;1.13;1.59;2.2;0;0;0;0;1.55;1.28;1.36;3.7;2.05;2.75;3.2;2.38;2.5;0;0;0;0;0;0;0;0;0;0;0;0;0;0;0;2.13;13.75;1.78;5.8;4;0;0;0;0;0;0;0;0;1.28;2.41;6.5;15;3.34;1.5;1.1;1.02;0;0;0;0;2;1;1;0;0;0;2;2019-04-28 13:00:00;-1;0;63;25;13;0;1;1;2;0;0;2;2;2;0;3;3;0;3;3;1;18;15;70;75;0.73;1.16;1.89;0;0;0;0;0;0;1;1;0;1;0;0;0;0;-1;-1;-1;-1;-1;-1;-1;-1;-1;13;25;38;75;100;25;88;75;25;13.5;0;8;2.63;Pahang;Johor Darul Ta'zim;2.27;2.27;2;2;2.4;2.6;88;75;63;25;0;54;54;42;2.05;1.6;3.65;1859;22;Y;Y;N;N;N;N;Y
537542;181;130;2019;complete;4272;12;-1;4,42,52;11,49,80;3;3;6;2;3;5;-1;-1;4;2;0;0;5;6;2;3;7;9;-1;-1;47;53;4;2;2.55;3.4;2.35;1.02;1.24;1.8;3;5.5;9.25;3.55;1.91;1.33;1.11;1.67;2.05;3.45;1.2;0;0;1.52;1.28;1.43;3.24;2.21;2.91;2.88;2.5;2.75;0;0;0;0;0;0;0;0;0;0;0;0;0;0;0;2;11;1.91;4;5.8;0;0;0;0;0;0;0;0;1.31;2.55;6.5;13;3.2;1.46;1.08;1.01;0;0;0;0;6;2;1;1;2;3;3;2019-05-03 13:00:00;-1;0;45;37;27;0;1;1;1;2;1;1;3;2;2;0;2;2;2;4;1;36;50;57;57;1.05;1.35;2.4;0;0;0;0;0;0;1;1;1;0;0;0;1;0;-1;-1;-1;-1;-1;-1;-1;-1;-1;19;27;37;64;92;45;84;55;35;10.37;0;4;2.45;PKNS;Perak;1.18;1.36;1.8;1.17;1.36;1.18;82;74;64;37;9;65;65;57;1.63;1.23;2.86;1859;22;Y;Y;Y;Y;Y;Y;Y
537543;9469;129;2019;complete;4272;12;-1;30,56;;2;0;2;2;6;8;-1;-1;-1;-1;-1;-1;4;6;5;5;9;11;-1;-1;37;63;-1;-1;5.65;3.9;1.47;1.02;1.24;1.8;3;0;9.25;3.55;1.91;1.33;1.11;1.91;1.77;0;0;0;0;0;0;0;0;0;0;0;0;0;0;0;0;0;0;0;0;0;0;0;0;0;0;0;0;0;0;0;0;0;0;0;0;0;0;0;0;0;0;0;0;0;0;0;0;0;0;0;0;0;2;1;0;1;0;1;1;2019-05-04 13:00:00;9469;0;54;9;29;0;1;-1;2;3;0;3;5;3;-1;-1;-1;-1;-1;-1;1;52;55;70;70;1.22;1.51;2.73;-1;-1;-1;-1;-1;-1;-1;1;0;0;0;0;-1;-1;-1;-1;-1;-1;-1;-1;-1;-1;-1;0;17;44;72;100;19;72;70;45;10.93;0;4.17;2.32;MISC;Pahang;1.45;1.64;0.8;2.67;0.73;2.27;100;84;57;29;0;44;34;34;1.25;1.94;3.19;1859;22;Y;Y;N;N;N;N;N
537544;136;138;2019;complete;4272;12;-1;;38,62;0;2;2;1;6;7;-1;-1;-1;-1;-1;-1;3;6;4;6;7;12;-1;-1;35;65;-1;-1;7.75;4.9;1.29;1.01;1.16;1.57;2.45;4.5;11.25;4.4;2.25;1.48;1.18;1.95;1.74;6.65;1.03;0;0;3.1;1.14;1.05;6.7;2.62;1.74;6.5;3.1;1.57;0;0;0;0;0;0;0;0;0;0;0;0;0;0;0;3.75;15;1.25;15;2.15;0;0;0;0;0;0;0;0;1.25;2.28;5.5;12;3.5;1.56;1.13;1.02;0;0;0;0;2;0;1;0;1;1;1;2019-05-04 13:00:00;138;0;80;30;20;0;1;-1;1;5;0;1;6;1;-1;-1;-1;-1;-1;-1;1;20;32;68;95;0.8;1.42;2.22;-1;-1;-1;-1;-1;-1;-1;1;0;0;1;1;-1;-1;-1;-1;-1;-1;-1;-1;-1;-1;-1;10;30;30;80;100;30;100;60;20;9.25;0;4.5;2.6;FELDA United;Johor Darul Ta'zim;1.18;2.27;1.2;1.8;0.73;2.45;90;70;70;20;0;33;33;23;1;1.49;2.49;1859;22;Y;Y;N;N;N;N;N
537545;132;5614;2019;complete;4272;12;-1;22,42,67,80,90;45,78;5;2;7;3;4;7;-1;-1;1;4;0;0;12;3;3;6;15;9;-1;-1;60;40;1;4;1.34;4.95;5.95;1;1.12;1.43;2.1;3.34;13;5.2;2.55;1.62;1.24;1.69;2;2.25;1.48;0;0;1.06;1.14;2.88;1.83;2.4;6;1.62;3;5.5;0;0;0;0;0;0;0;0;0;0;0;0;0;0;0;1.33;15;3.4;2.25;12;0;0;0;0;0;0;0;0;1.26;2.09;5;10.5;3.52;1.66;1.14;1.03;0;0;0;0;7;2;1;3;1;4;3;2019-05-03 13:00:00;132;0;50;30;20;0;1;1;1;2;2;2;3;4;0;2;1;2;2;3;1;39;25;71;52;2.06;0.96;3.02;0;0;0;0;0;0;1;1;0;0;0;0;0;0;-1;-1;-1;-1;-1;-1;-1;-1;-1;20;40;50;90;90;70;90;60;40;7.6;0;4.83;2.9;Kedah;Kuala Lumpur;2.09;0.09;1.8;0.2;1.45;0.73;80;60;50;10;10;38;38;13;1.83;1.34;3.17;1859;22;Y;Y;Y;Y;Y;Y;Y
537546;5612;139;2019;complete;4272;12;-1;22,35;30,68;2;2;4;8;4;12;-1;-1;-1;-1;-1;-1;7;4;10;9;17;13;-1;-1;49;51;-1;-1;2.7;3.3;2.25;1.02;1.23;1.77;2.95;5;9.5;3.6;1.91;1.34;1.11;1.65;2.1;3.45;1.2;0;0;1.56;1.27;1.41;3.3;2.28;2.75;2.88;2.6;2.63;0;0;0;0;0;0;0;0;0;0;0;0;0;0;0;2;12;1.83;5.5;4.2;0;0;0;0;0;0;0;0;1.28;2.43;6;12;3.38;1.5;1.11;1.02;0;0;0;0;4;2;1;0;1;1;3;2019-05-04 13:00:00;-1;0;19;9;9;0;1;-1;3;2;5;2;5;7;-1;-1;-1;-1;-1;-1;1;52;52;61;58;1.93;1.47;3.39;-1;-1;-1;-1;-1;-1;-1;1;0;0;0;0;-1;-1;-1;-1;-1;-1;-1;-1;-1;-1;-1;9;25;64;72;100;35;64;100;62;8.53;0;2.83;2.69;PKNP;Terengganu;1;1.18;1;1.2;0.91;1.36;92;75;37;29;0;54;54;35;1.61;1.8;3.41;1859;22;Y;Y;Y;Y;N;N;Y
537547;140;180;2019;complete;4272;12;-1;31;60;1;1;2;6;3;9;-1;-1;-1;-1;-1;-1;8;5;5;4;13;9;-1;-1;52;48;-1;-1;1.95;3.7;3.05;1.01;1.18;1.62;2.6;0;10.75;4.1;2.1;1.43;1.15;1.56;2.25;0;0;0;0;1.4;1.29;1.67;0;0;0;0;0;0;0;0;0;0;0;0;0;0;0;0;0;0;0;0;0;0;0;0;0;0;0;0;0;0;0;0;0;0;0;0;0;0;0;0;0;0;0;0;0;0;2;1;0;0;1;1;1;2019-05-04 13:00:00;-1;0;54;17;9;0;1;-1;3;1;3;2;4;5;-1;-1;-1;-1;-1;-1;1;53;50;71;69;1.76;1.28;3.04;-1;-1;-1;-1;-1;-1;-1;1;0;0;1;1;-1;-1;-1;-1;-1;-1;-1;-1;-1;-1;-1;9;17;45;72;100;37;82;82;17;13.27;0;4.67;2.5;Selangor;Melaka United;1.91;1.27;1.33;0.8;1.55;1.36;92;84;55;29;0;74;74;45;1.86;1.22;3.08;1859;22;Y;Y;N;N;N;N;Y
537548;130;5612;2019;complete;4272;13;-1;7,29,71;38;3;1;4;3;2;5;-1;-1;-1;-1;-1;-1;6;6;3;7;9;13;-1;-1;42;58;-1;-1;1.44;4.15;5.6;1.02;1.23;1.77;2.95;5.5;9.5;3.6;1.91;1.34;1.11;1.87;1.83;0;0;0;0;1.12;1.22;2.38;2.07;2.38;4.95;1.83;2.7;5;0;0;0;1.63;2.1;0;0;0;2.24;1.73;0;0;0;0;0;1.4;11;3.1;2.7;8.5;0;0;0;0;0;0;0;0;1.28;2.44;6;13;3.36;1.49;1.1;1.01;0;0;0;0;4;2;1;1;0;1;3;2019-05-14 14:00:00;130;0;60;20;30;0;1;-1;3;2;0;0;5;0;-1;-1;-1;-1;-1;-1;1;35;47;48;52;1.24;1.57;2.81;-1;-1;-1;-1;-1;-1;-1;1;1;0;0;0;-1;-1;-1;-1;-1;-1;-1;-1;-1;-1;-1;0;10;40;70;100;30;90;60;30;11.2;0;5.33;2.2;Perak;PKNP;1.64;0.45;1.2;0.8;1.17;0.92;100;90;60;30;0;50;50;50;1.36;1.54;2.9;1859;22;Y;Y;Y;Y;N;N;Y
537549;140;132;2019;complete;4272;13;-1;34,44,57;64;3;1;4;5;4;9;-1;-1;2;2;0;0;8;7;8;12;16;19;-1;-1;50;50;2;2;2.25;3.3;2.75;1.01;1.2;1.67;2.7;5.65;10.25;3.95;2.05;1.39;1.14;1.57;2.25;0;0;0;0;1.44;1.33;1.53;2.97;2.16;3.28;2.75;2.43;3.04;0;0;0;0;1.83;0;0;0;0;1.98;0;0;0;0;0;2.02;7.7;2.09;4.33;4.75;0;0;0;0;0;0;0;0;1.35;2.76;7;15;2.97;1.4;1.07;1.01;0;0;0;0;4;2;0;1;1;2;2;2019-05-15 14:00:00;140;0;52;31;7;0;1;1;3;2;2;2;5;4;1;2;1;0;3;1;1;49;51;64;67;1.91;2.05;3.96;0;0;0;0;0;0;1;1;0;0;1;0;0;0;-1;-1;-1;-1;-1;-1;-1;-1;-1;7;15;30;77;100;40;68;77;23;10.88;0;2.67;2.35;Selangor;Kedah;1.91;1;1.29;1.17;1.5;1.58;93;86;70;24;0;77;70;55;1.85;1.34;3.19;1859;22;Y;Y;Y;Y;N;N;Y
537550;180;136;2019;complete;4272;13;-1;4,25,35,36,53,90;;6;0;6;4;6;10;-1;-1;3;5;0;0;15;6;8;11;23;17;-1;-1;49;51;3;5;1.5;3.8;5.55;1.02;1.24;1.8;3;0;9.25;3.55;1.91;1.33;1.11;1.83;1.83;0;0;0;0;1.17;1.25;2.25;0;0;0;0;0;0;0;0;0;0;0;0;0;0;0;0;0;0;0;0;0;0;0;0;0;0;0;0;0;0;0;0;0;0;0;0;0;0;0;0;0;0;0;0;0;0;6;4;0;2;0;2;4;2019-05-15 14:00:00;180;0;59;9;25;0;1;1;1;1;3;5;2;8;1;0;2;5;1;7;1;34;36;56;54;2.73;1.74;4.47;0;0;0;0;0;0;1;1;1;0;0;0;0;0;-1;-1;-1;-1;-1;-1;-1;-1;-1;9;25;42;84;92;34;67;84;34;7.67;0;6.5;2.67;Melaka United;FELDA United;1.73;0.55;1.83;0.33;1.33;0.67;92;75;59;17;9;58;50;34;1.51;1.15;2.66;1859;22;Y;Y;Y;Y;Y;Y;N
537551;139;9469;2019;complete;4272;13;-1;11,18,19;49,57,58,77,80;3;5;8;4;4;8;-1;-1;-1;-1;-1;-1;7;8;3;3;10;11;-1;-1;50;50;-1;-1;1.71;3.5;4.1;1.01;1.22;1.74;2.85;0;9.75;3.75;1.95;1.36;1.12;1.69;2;0;0;0;0;1.17;1.29;2.2;0;0;0;1.95;2.75;4.33;0;0;0;0;0;0;0;0;0;0;0;0;0;0;0;0;0;0;0;0;0;0;0;0;0;0;0;0;1.36;2.62;6;17;3;1.44;1.12;1.02;0;0;0;0;8;3;0;0;5;5;3;2019-05-14 14:00:00;9469;0;67;9;50;0;1;-1;2;1;2;3;3;5;-1;-1;-1;-1;-1;-1;1;30;30;45;47;1.33;1.47;2.8;-1;-1;-1;-1;-1;-1;-1;1;0;0;1;1;-1;-1;-1;-1;-1;-1;-1;-1;-1;-1;-1;9;17;50;75;100;25;67;84;50;11;0;4.5;2.5;Terengganu;MISC;1.55;0.91;1.5;0.67;1.33;0.92;92;83;50;25;0;75;75;67;1.68;1.11;2.79;1859;22;Y;Y;Y;Y;Y;Y;Y
537552;5614;181;2019;complete;4272;13;-1;28,57;3;2;1;3;6;9;15;-1;-1;-1;-1;-1;-1;5;7;9;11;14;18;-1;-1;47;53;-1;-1;2.6;3.45;2.3;1;1.15;1.53;2.3;3.56;11.75;4.65;2.3;1.53;1.19;1.48;2.45;0;0;0;0;1.57;1.29;1.5;3.13;2.39;2.73;2.88;2.7;2.5;0;0;0;0;1.83;0;0;0;0;1.98;0;0;0;0;0;2;13;1.83;5.8;4.2;0;0;0;0;0;0;0;0;1.26;2.18;5.5;11;3.52;1.61;1.13;1.02;0;0;0;0;3;1;1;1;0;1;2;2019-05-14 14:00:00;5614;0;59;27;47;0;1;-1;3;4;3;5;7;8;-1;-1;-1;-1;-1;-1;1;52;65;76;81;1.6;2.09;3.69;-1;-1;-1;-1;-1;-1;-1;1;0;1;0;1;-1;-1;-1;-1;-1;-1;-1;-1;-1;-1;-1;17;50;59;67;92;42;59;84;59;6.66;0;7;2.92;Kuala Lumpur;PKNS;1.18;0.73;1.17;1;0.67;1.33;84;50;42;33;9;100;92;75;1.25;1.2;2.45;1859;22;Y;Y;Y;N;N;N;Y
537553;138;129;2019;complete;4272;13;-1;69,90;;2;0;2;10;3;13;-1;-1;-1;-1;-1;-1;11;5;8;3;19;8;-1;-1;53;47;-1;-1;1.61;3.8;4.45;1.01;1.18;1.62;2.55;5;10.75;4.2;2.1;1.43;1.15;1.69;2.05;0;0;0;0;1.14;1.22;2.5;2.1;2.43;4.6;1.91;2.7;4.33;0;0;0;1.59;2.13;0;0;0;2.29;1.7;0;0;0;0;0;1.44;13;2.88;2.8;9.5;0;0;0;0;0;0;0;0;1.28;2.29;6;12;3.4;1.56;1.1;1.02;0;0;0;0;2;0;0;2;0;2;0;2019-05-14 14:00:00;138;0;62;7;40;0;1;-1;5;0;5;3;5;8;-1;-1;-1;-1;-1;-1;1;46;36;70;59;2.29;1.12;3.41;-1;-1;-1;-1;-1;-1;-1;1;0;0;3;0;-1;-1;-1;-1;-1;-1;-1;-1;-1;-1;-1;9;40;70;85;100;32;85;84;47;16.17;0;2.42;3.02;Johor Darul Ta'zim;Pahang;2.55;1.64;3;2.29;2.5;2.08;92;61;30;16;0;45;45;45;2.29;1.88;4.17;1859;22;Y;Y;N;N;N;N;N
537554;129;130;2019;complete;4272;14;-1;;;0;0;0;2;3;5;-1;-1;-1;-1;-1;-1;5;7;8;7;13;14;-1;-1;59;41;-1;-1;1.65;3.7;4.25;1.01;1.21;1.69;2.75;5.5;10;3.85;2;1.38;1.13;1.71;2;2.35;1.43;0;0;1.14;1.25;2.25;2.23;2.32;4.45;2;2.63;4;0;0;0;0;1.76;0;0;0;0;2.06;0;0;0;0;0;1.5;11;2.75;2.75;6.65;0;0;0;0;0;0;0;0;1.29;2.49;6;12.5;3.3;1.48;1.1;1.02;0;0;0;0;0;0;0;0;0;0;0;2019-05-19 14:00:00;-1;0;59;32;22;0;1;-1;0;0;2;3;0;5;-1;-1;-1;-1;-1;-1;1;41;40;74;70;1.47;1.66;3.12;0;0;0;0;0;0;1;1;0;0;0;0;-1;-1;-1;-1;-1;-1;-1;-1;-1;-1;-1;15;22;32;76;93;39;76;69;39;12.06;0;7.93;2.5;Pahang;Perak;2.27;1.36;1.8;1.14;1.92;1.31;86;79;69;25;7;52;52;35;1.78;1.25;3.03;1859;22;N;N;N;N;N;N;N
537555;181;138;2019;complete;4272;14;-1;30;17,60;1;2;3;1;7;8;-1;-1;-1;-1;-1;-1;3;12;1;5;4;17;-1;-1;29;71;-1;-1;6.75;4.6;1.33;1.01;1.16;1.56;2.4;3.9;11.5;4.45;2.25;1.49;1.18;1.83;1.87;6.45;1.03;0;0;3.25;1.17;1.08;6.15;2.58;1.8;6;2.75;1.67;0;0;0;0;0;0;0;0;0;0;0;0;0;0;0;3.65;11.75;1.3;12;2.5;0;0;0;0;0;0;0;0;1.29;2.26;4.75;11;3.5;1.57;1.15;1.03;0;0;0;0;3;1;1;0;1;1;2;2019-05-17 14:00:00;138;0;59;50;25;0;1;-1;1;2;0;5;3;5;-1;-1;-1;-1;-1;-1;1;24;46;45;57;0.64;2.23;2.87;-1;-1;-1;-1;-1;-1;-1;1;0;0;0;0;-1;-1;-1;-1;-1;-1;-1;-1;-1;-1;-1;25;33;42;75;100;50;100;59;25;9.27;0;5.5;2.92;PKNS;Johor Darul Ta'zim;1.18;2.27;1.67;2;1.23;2.54;75;67;59;25;0;44;44;44;1.53;1.47;3;1859;22;Y;Y;Y;N;N;N;Y
537556;9469;5614;2019;complete;4272;14;-1;90;;1;0;1;5;1;6;-1;-1;-1;-1;-1;-1;7;3;5;11;12;14;-1;-1;48;52;-1;-1;1.69;3.8;3.9;1;1.14;1.51;2.3;0;12;4.7;2.35;1.53;1.2;1.54;2.3;0;0;0;0;1.22;1.22;2.1;0;0;0;0;0;0;0;0;0;0;0;0;0;0;0;0;0;0;0;0;0;0;0;0;0;0;0;0;0;0;0;0;0;0;0;0;0;0;0;0;0;0;0;0;0;0;1;0;0;1;0;1;0;2019-05-17 14:00:00;9469;0;50;17;35;0;1;-1;3;0;2;1;3;3;-1;-1;-1;-1;-1;-1;1;39;43;51;61;1.52;1.4;2.92;-1;-1;-1;-1;-1;-1;-1;1;0;0;0;0;-1;-1;-1;-1;-1;-1;-1;-1;-1;-1;-1;25;34;42;84;100;42;84;67;50;4.5;0;6;3;MISC;Kuala Lumpur;1.45;0.09;1.17;0.17;1.08;0.85;75;67;58;17;0;9;0;0;1.24;1.28;2.52;1859;22;Y;N;N;N;N;N;N
537557;136;139;2019;complete;4272;14;-1;89;83;1;1;2;4;6;10;-1;-1;-1;-1;-1;-1;8;7;5;9;13;16;-1;-1;40;60;-1;-1;2.55;3.4;2.35;1.01;1.17;1.61;2.5;3.74;11;4.25;2.15;1.45;1.16;1.51;2.35;0;0;0;0;1.53;1.29;1.5;3.08;2.38;2.79;2.75;2.7;2.63;0;0;0;0;0;2.1;0;0;0;0;1.73;0;0;0;0;1.91;13;1.91;5.5;4.8;0;0;0;0;0;0;0;0;1.26;2.22;5.5;11;3.52;1.59;1.13;1.02;0;0;0;0;2;0;0;1;1;2;0;2019-05-18 14:00:00;-1;0;50;9;9;0;1;-1;2;6;2;0;8;2;-1;-1;-1;-1;-1;-1;1;24;34;71;100;1.56;1.75;3.31;-1;-1;-1;-1;-1;-1;-1;1;0;0;0;0;-1;-1;-1;-1;-1;-1;-1;-1;-1;-1;-1;0;17;42;75;100;17;84;92;25;8.5;0;2.5;2.34;FELDA United;Terengganu;1.18;1.18;1;1.17;0.62;1.23;100;83;58;25;0;42;42;25;0.97;1.74;2.71;1859;22;Y;Y;N;N;N;N;Y
537558;132;180;2019;complete;4272;14;-1;59,71;31;2;1;3;6;1;7;-1;-1;-1;-1;-1;-1;10;4;3;2;13;6;-1;-1;58;42;-1;-1;1.87;3.5;3.4;1.01;1.2;1.67;2.7;0;10.25;3.95;2.05;1.39;1.14;1.59;2.15;0;0;0;0;1.3;1.25;1.83;0;0;0;0;0;0;0;0;0;0;0;0;0;0;0;0;0;0;0;0;0;0;0;0;0;0;0;0;0;0;0;0;0;0;0;0;0;0;0;0;0;0;0;0;0;0;3;0;1;2;0;2;1;2019-05-18 14:00:00;132;0;50;25;9;0;1;-1;4;0;2;1;4;3;-1;-1;-1;-1;-1;-1;1;31;18;87;50;1.75;0.79;2.54;-1;-1;-1;-1;-1;-1;-1;1;0;0;2;0;-1;-1;-1;-1;-1;-1;-1;-1;-1;-1;-1;9;17;42;75;92;58;83;67;17;12.23;0;4.33;2.5;Kedah;Melaka United;2.09;1.27;2;0.83;1.46;1.46;92;84;59;25;9;72;64;27;1.88;1.23;3.11;1859;22;Y;Y;Y;N;N;N;Y
537559;5612;140;2019;complete;4272;14;-1;47;29;1;1;2;5;7;12;-1;-1;-1;-1;-1;-1;4;4;7;2;11;6;-1;-1;42;58;-1;-1;2.7;3.6;2.15;1.01;1.15;1.54;2.35;3.56;11.5;4.5;2.3;1.5;1.18;1.5;2.4;0;0;0;0;1.67;1.25;1.44;3.28;2.39;2.62;2.98;2.71;2.49;0;0;0;0;1.93;0;0;0;0;1.9;0;0;0;0;0;2.14;10.25;1.86;7;3.8;0;0;0;0;0;0;0;0;1.25;2.18;5;10.5;3.5;1.61;1.14;1.02;0;0;0;0;2;0;1;1;0;1;1;2019-05-18 14:00:00;-1;0;65;35;27;0;1;-1;4;4;1;3;8;4;-1;-1;-1;-1;-1;-1;1;39;47;51;55;1.25;1;2.25;-1;-1;-1;-1;-1;-1;-1;1;0;0;0;0;-1;-1;-1;-1;-1;-1;-1;-1;-1;-1;-1;27;49;56;93;100;59;76;90;66;9.86;0;3.33;3.45;PKNP;Selangor;1;1.45;1;1.8;0.85;1.62;73;52;45;7;0;66;56;49;1.65;1.44;3.09;1859;22;Y;Y;N;N;N;N;Y
537560;130;180;2019;complete;4272;15;-1;18,57;23,45,74;2;3;5;5;5;10;-1;-1;-1;-1;-1;-1;9;7;11;5;20;12;-1;-1;53;47;-1;-1;2;3.35;3.2;1.02;1.24;1.8;3.05;0;9.25;3.55;1.87;1.32;1.1;1.69;2;0;0;0;0;1.36;1.33;1.67;0;0;0;0;0;0;0;0;0;0;0;0;0;0;0;0;0;0;0;0;0;0;0;0;0;0;0;0;0;0;0;0;0;0;0;0;0;0;0;0;0;0;0;0;0;0;5;1;2;1;1;2;3;2019-05-25 14:00:00;180;0;62;25;9;0;1;-1;1;3;4;2;4;6;-1;-1;-1;-1;-1;-1;1;39;44;54;54;2.16;1.56;3.72;-1;-1;-1;-1;-1;-1;-1;1;0;0;0;2;-1;-1;-1;-1;-1;-1;-1;-1;-1;-1;-1;0;17;38;69;100;40;85;77;16;12.17;0;4.33;2.24;Perak;Melaka United;1.64;1.27;1.5;0.71;1.29;1.36;100;84;62;31;0;52;45;31;1.34;1.17;2.51;1859;22;Y;Y;Y;Y;Y;N;Y
537561;139;140;2019;complete;4272;15;-1;90;;1;0;1;3;1;4;-1;-1;-1;-1;-1;-1;7;5;13;2;20;7;-1;-1;55;45;-1;-1;2.7;3.5;2.2;1;1.11;1.43;2.1;3.26;13;5.25;2.55;1.65;1.25;1.4;2.65;0;0;0;0;1.57;1.29;1.44;3.08;2.49;2.64;2.75;2.8;2.5;0;0;0;0;1.71;2.23;0;0;0;2.12;1.63;0;0;0;0;1.91;13;1.91;5.8;5.5;0;0;0;0;0;0;0;0;1.22;2.05;4.5;10;3.75;1.69;1.17;1.03;0;0;0;0;1;0;0;1;0;1;0;2019-05-24 14:00:00;139;0;93;17;52;0;1;-1;1;0;2;1;1;3;-1;-1;-1;-1;-1;-1;1;44;29;63;54;2.06;1;3.06;-1;-1;-1;-1;-1;-1;-1;1;0;0;1;0;-1;-1;-1;-1;-1;-1;-1;-1;-1;-1;-1;24;31;52;100;100;40;70;92;68;11.33;0;4;3.45;Terengganu;Selangor;1.55;1.45;1.29;1.67;1.21;1.57;77;69;48;0;0;77;68;61;1.63;1.35;2.98;1859;22;Y;N;N;N;N;N;N
537562;5614;5612;2019;complete;4272;15;-1;12,15,17,90;83;4;1;5;1;4;5;-1;-1;2;0;0;0;8;6;5;10;13;16;-1;-1;35;65;2;0;2.05;3.55;2.95;1.01;1.15;1.53;2.35;4.5;11.75;4.6;2.3;1.51;1.19;1.49;2.4;3.75;1.17;0;0;1.53;1.29;1.5;2.88;2.25;3.1;2.7;2.63;2.8;0;0;0;1.62;2.14;0;0;0;2.25;1.69;0;0;0;0;0;1.83;13;2;4.75;5.5;0;0;0;0;0;0;0;0;1.29;2.5;6;13;3.25;1.5;1.11;1.02;0;0;0;0;5;3;0;1;1;2;3;2019-05-26 14:00:00;5614;0;69;30;31;0;1;1;0;2;1;2;2;3;0;0;2;0;0;2;1;23;46;41;60;1.54;1.75;3.29;1;0;1;0;0;0;1;1;0;0;0;0;0;0;-1;-1;-1;-1;-1;-1;-1;-1;-1;15;30;69;77;100;45;86;84;38;8.14;0;8;2.98;Kuala Lumpur;PKNP;1.18;0.45;1.43;0.67;0.79;0.86;86;70;31;23;0;75;75;68;1.3;1.55;2.85;1859;22;Y;Y;Y;Y;Y;N;Y
537563;138;132;2019;complete;4272;15;-1;33,87;;2;0;2;5;0;5;-1;-1;1;5;0;0;7;0;19;6;26;6;-1;-1;66;34;1;5;1.19;5.55;11;1.01;1.18;1.62;2.55;5;10.75;4.2;2.1;1.43;1.15;2.2;1.57;1.69;1.87;0;0;1.03;1.14;3.75;1.62;2.5;9;1.44;3.25;8.5;0;0;0;1.78;2.21;0;0;0;2.04;1.65;0;0;0;0;0;1.2;15;4.5;1.91;17;0;0;0;0;0;0;0;0;1.29;2.5;6;13;3.25;1.5;1.11;1.02;0;0;0;0;2;1;0;1;0;1;1;2019-05-26 14:00:00;138;0;50;15;29;0;-1;1;-1;-1;-1;-1;-1;-1;0;3;1;2;3;3;1;65;21;90;46;2.58;0.53;3.12;0;0;0;0;0;0;1;1;0;0;-1;-1;0;1;-1;-1;-1;-1;-1;-1;-1;-1;-1;7;29;50;79;100;50;64;71;43;13.43;0;2.25;2.64;Johor Darul Ta'zim;Kedah;2.55;1;3;1;2.57;1.57;93;72;50;22;0;65;57;50;2.29;1.44;3.73;1859;22;Y;Y;N;N;N;N;N
537564;129;136;2019;complete;4272;15;-1;14,72,88;28;3;1;4;5;8;13;-1;-1;0;1;0;0;9;6;7;6;16;12;-1;-1;50;50;0;1;1.5;4;6;1.01;1.17;1.8;2.31;3.66;15;4.3;2;1.53;1.28;1.69;2.04;0;0;0;0;1.1;1.22;2.62;1.93;2.51;5.3;1.77;2.91;5.1;0;0;1.28;1.49;1.73;2.2;2.72;3.72;2.63;2;1.71;1.46;1.27;9.2;5.27;1.44;9.9;3.24;2.5;13;1.29;2.21;4.52;12;3.26;1.59;1.2;1.03;1.21;1.79;3.2;7.4;4.5;1.92;1.35;1.09;0;0;0;0;4;1;1;2;0;2;2;2019-07-17 13:00:00;129;0;47;6;21;0;-1;1;-1;-1;-1;-1;-1;-1;0;0;0;1;0;1;1;0;0;0;0;1.92;1.4;3.32;0;0;0;0;0;0;1;1;0;0;-1;-1;0;0;-1;-1;-1;-1;-1;-1;-1;-1;-1;11;21;31;84;95;27;69;79;42;10.57;0;8.19;2.46;Pahang;FELDA United;2.27;0.55;2.11;0.6;1.85;0.8;90;80;69;16;6;62;62;37;1.86;1.32;3.18;1859;22;Y;Y;Y;Y;N;N;Y
537565;181;9469;2019;complete;4272;15;-1;50,53,73;;3;0;3;3;3;6;-1;-1;-1;-1;-1;-1;6;6;4;7;10;13;-1;-1;46;54;-1;-1;1.95;3.45;3.25;1.01;1.2;1.69;2.75;0;10.25;3.9;2;1.38;1.13;1.59;2.2;0;0;0;0;1.29;1.3;1.8;0;0;0;0;0;0;0;0;0;0;0;0;0;0;0;0;0;0;0;0;0;0;0;0;0;0;0;0;0;0;0;0;0;0;0;0;0;0;0;0;0;0;0;0;0;0;3;0;0;3;0;3;0;2019-05-25 14:00:00;181;0;57;36;22;0;1;-1;0;0;3;3;0;6;-1;-1;-1;-1;-1;-1;1;57;49;72;73;1.46;1.59;3.05;-1;-1;-1;-1;-1;-1;-1;1;0;0;0;0;-1;-1;-1;-1;-1;-1;-1;-1;-1;-1;-1;29;29;50;64;100;50;93;71;29;8.71;0;4.5;3;PKNS;MISC;1.18;0.91;1.43;1;1.14;1.21;71;71;50;36;0;50;50;50;1.41;1.16;2.57;1859;22;Y;Y;Y;N;N;N;N
537566;9469;130;2019;complete;4272;16;-1;;19;0;1;1;5;3;8;-1;-1;-1;-1;-1;-1;2;5;12;10;14;15;-1;-1;53;47;-1;-1;2.55;3.05;2.55;1.02;1.26;1.87;3.15;5.85;9;3.4;1.83;1.3;1.09;1.67;2.05;0;0;0;0;1.53;1.29;1.5;0;0;0;0;0;0;0;0;0;0;0;0;0;0;0;0;0;0;0;0;0;0;0;0;0;0;0;0;0;0;0;0;0;0;0;0;0;0;0;0;0;0;0;0;0;0;1;0;1;0;0;0;1;2019-06-14 13:00:00;130;0;40;19;28;0;1;-1;1;2;4;1;3;5;-1;-1;-1;-1;-1;-1;1;57;50;77;75;1.43;1.65;3.08;-1;-1;-1;-1;-1;-1;-1;1;0;0;1;0;-1;-1;-1;-1;-1;-1;-1;-1;-1;-1;-1;13;19;26;60;88;32;60;54;40;7.49;0;6.1;2.17;MISC;Perak;1.45;1.36;1.43;1.13;1.13;1.2;88;82;75;41;13;26;19;13;1.29;1.3;2.59;1859;22;Y;N;N;N;N;N;N
537567;136;181;2019;complete;4272;16;-1;4,45,48,51,55;15,60,72,82;5;4;9;4;8;12;-1;-1;-1;-1;-1;-1;9;7;4;5;13;12;-1;-1;45;55;-1;-1;2.9;3.35;2.15;1.01;1.18;1.62;2.6;4.6;10.75;4.1;2.1;1.43;1.15;1.53;2.3;0;0;0;0;1.67;1.29;1.36;3.6;2.31;2.54;3.26;2.63;2.39;0;0;0;0;0;0;0;0;0;0;0;0;2.6;7.5;1.88;2.28;9.3;1.79;5.8;4;0;0;0;0;0;0;0;0;1.3;2.5;6;12;3.2;1.5;1.11;1.02;0;0;0;0;9;2;1;3;3;6;3;2019-06-14 13:00:00;136;0;64;17;40;0;1;-1;4;1;0;7;5;7;-1;-1;-1;-1;-1;-1;1;28;38;70;94;1.65;1.53;3.18;-1;-1;-1;-1;-1;-1;-1;1;1;0;0;0;-1;-1;-1;-1;-1;-1;-1;-1;-1;-1;-1;0;29;36;79;93;22;72;79;43;8;0;4;2.36;FELDA United;PKNS;1.18;0.73;1;0.86;0.64;1.27;100;72;65;22;7;72;65;43;1.05;1.33;2.38;1859;22;Y;Y;Y;Y;Y;Y;Y
537568;132;129;2019;complete;4272;16;-1;;;0;0;0;2;6;8;-1;-1;-1;-1;-1;-1;4;5;0;6;4;11;-1;-1;47;53;-1;-1;2.4;3.35;2.5;1.02;1.24;1.8;3;5.45;9.25;3.55;1.91;1.33;1.11;1.67;2.05;0;0;0;0;1.4;1.3;1.57;2.88;2.1;3.4;2.6;2.4;3.1;0;0;0;0;1.87;0;0;0;0;1.95;0;0;1.85;7.27;2.72;1.83;10;2.1;4.2;5;0;0;0;0;0;0;0;0;1.33;2.75;6.5;13;3;1.4;1.08;1.01;0;0;0;0;0;0;0;0;0;0;0;2019-06-14 13:00:00;-1;0;54;28;20;0;1;-1;2;2;0;4;4;4;-1;-1;-1;-1;-1;-1;1;24;39;65;62;0.72;1.32;2.04;0;0;0;0;0;0;1;1;0;0;1;1;-1;-1;-1;-1;-1;-1;-1;-1;-1;-1;-1;7;27;54;87;93;42;81;79;47;12.88;0;3;2.82;Kedah;Pahang;2.09;1.64;2.14;2;1.47;1.86;93;73;47;14;7;57;57;40;1.86;1.78;3.64;1859;22;N;N;N;N;N;N;N
537569;5612;138;2019;complete;4272;16;-1;15;5;1;1;2;2;7;9;-1;-1;-1;-1;-1;-1;4;6;3;8;7;14;-1;-1;35;65;-1;-1;8;5.6;1.24;1;1.14;1.49;2.25;3.85;12.25;4.8;2.4;1.56;1.21;1.95;1.77;0;0;0;0;3.5;1.12;1.07;7.2;2.7;1.68;7.5;3.3;1.44;0;0;0;0;0;0;0;0;0;0;0;0;8.18;10.55;1.13;4.2;18;1.22;17;2.05;0;0;0;0;0;0;0;0;1.25;2.16;5.5;11;3.5;1.62;1.13;1.02;0;0;0;0;2;1;1;0;0;0;2;2019-06-14 13:00:00;-1;0;55;41;14;0;1;-1;2;2;0;5;4;5;-1;-1;-1;-1;-1;-1;1;37;39;51;48;0.99;1.58;2.56;-1;-1;-1;-1;-1;-1;-1;1;0;1;0;0;-1;-1;-1;-1;-1;-1;-1;-1;-1;-1;-1;14;40;53;87;100;54;88;79;39;9.88;0;4.83;3;PKNP;Johor Darul Ta'zim;1;2.27;1;2.14;0.8;2.6;87;61;48;14;0;46;46;40;1.6;1.6;3.2;1859;22;Y;Y;N;N;N;N;Y
537570;140;5614;2019;complete;4272;16;-1;37,90;59;2;1;3;5;2;7;-1;-1;-1;-1;-1;-1;10;6;5;6;15;12;-1;-1;59;41;-1;-1;1.45;4.6;4.85;1.02;1.14;1.5;2.23;3.48;12;5;2.5;1.64;1.25;1.62;2.2;0;0;0;0;1.17;1.17;2.5;1.91;2.4;5;1.73;2.88;5;0;0;0;0;0;0;0;0;0;0;0;0;0;0;0;1.4;15;3;2.9;10;0;0;0;0;0;0;0;0;1.25;2.12;5.5;11;3.5;1.64;1.13;1.02;0;0;0;0;3;1;0;1;1;2;1;2019-06-15 13:00:00;140;0;66;27;34;0;1;-1;1;1;4;1;2;5;-1;-1;-1;-1;-1;-1;1;55;42;69;66;2.04;1.48;3.51;-1;-1;-1;-1;-1;-1;-1;1;0;0;1;0;-1;-1;-1;-1;-1;-1;-1;-1;-1;-1;-1;28;48;54;87;100;48;87;87;48;7.49;0;5.25;3.36;Selangor;Kuala Lumpur;1.91;0.09;1.5;0.14;1.47;0.93;73;53;47;14;0;38;25;19;1.86;1.29;3.15;1859;22;Y;Y;Y;N;N;N;Y
537571;180;139;2019;complete;4272;16;-1;17,30,49;41,72,82;3;3;6;5;7;12;-1;-1;-1;-1;-1;-1;6;9;6;9;12;18;-1;-1;44;56;-1;-1;1.8;3.65;3.55;0;0;1.62;0;0;0;0;2.25;0;0;0;0;0;0;0;0;1.36;1.25;1.8;0;0;0;0;0;0;0;0;0;0;0;0;0;0;0;0;0;0;0;0;0;0;0;0;0;0;0;0;0;0;0;0;0;0;0;0;0;0;0;0;0;0;0;0;0;0;6;2;1;1;2;3;3;2019-06-15 13:00:00;-1;0;43;14;14;0;1;-1;5;4;0;3;9;3;-1;-1;-1;-1;-1;-1;1;45;36;65;60;1.5;2.02;3.51;-1;-1;-1;-1;-1;-1;-1;1;0;0;2;0;-1;-1;-1;-1;-1;-1;-1;-1;-1;-1;-1;15;22;50;71;93;43;64;86;36;8.86;0;4.1;2.72;Melaka United;Terengganu;1.73;1.18;2;1.14;1.47;1.33;86;79;50;29;7;50;43;22;1.68;1.74;3.42;1859;22;Y;Y;Y;Y;Y;Y;Y
537572;130;139;2019;complete;4272;17;-1;34,69,77;88;3;1;4;7;3;10;-1;-1;-1;-1;-1;-1;9;7;18;5;27;12;-1;-1;62;38;-1;-1;2.05;3.45;3;1.01;1.19;1.67;2.65;4.75;10.5;4;2.05;1.41;1.14;1.59;2.2;0;0;0;0;1.25;1.29;1.83;2.38;2.33;3.94;2.1;2.63;3.75;0;0;1.25;1.5;1.83;2.5;3.5;3.5;2.38;1.83;1.44;1.25;1.62;7.81;3.04;1.62;14;2.4;3.8;7.5;0;0;0;0;0;0;0;0;1.33;2.23;5.5;11;3.04;1.58;1.13;1.02;0;0;0;0;4;1;0;2;1;3;1;2019-06-18 13:00:00;130;0;61;41;27;0;1;-1;3;2;4;1;5;5;-1;-1;-1;-1;-1;-1;1;58;29;63;41;2.73;1.45;4.18;-1;-1;-1;-1;-1;-1;-1;1;0;0;1;0;-1;-1;-1;-1;-1;-1;-1;-1;-1;-1;-1;14;34;53;73;100;48;75;86;40;10.75;0;2.83;2.8;Perak;Terengganu;1.64;1.18;1.29;1.13;1.31;1.31;87;66;48;27;0;53;53;34;1.46;1.78;3.24;1859;22;Y;Y;Y;Y;N;N;Y
537573;5614;180;2019;complete;4272;17;-1;;43;0;1;1;4;2;6;-1;-1;-1;-1;-1;-1;3;6;13;16;16;22;-1;-1;46;54;-1;-1;2.25;3.1;2.9;1;1.13;1.49;2.25;3.8;12.25;4.9;2.4;1.57;1.22;1.42;2.6;0;0;0;0;1.5;1.3;1.53;0;0;0;0;0;0;0;0;0;0;0;0;0;0;0;0;0;0;0;0;0;0;0;0;0;0;0;0;0;0;0;0;0;0;0;0;0;0;0;0;0;0;0;0;0;0;1;0;1;0;0;0;1;2019-06-19 13:00:00;180;0;69;26;26;0;1;-1;1;1;3;1;2;4;-1;-1;-1;-1;-1;-1;1;54;55;76;74;1.6;2.19;3.79;-1;-1;-1;-1;-1;-1;-1;1;0;0;0;0;-1;-1;-1;-1;-1;-1;-1;-1;-1;-1;-1;26;32;63;75;100;51;82;94;38;9.63;0;6.33;3;Kuala Lumpur;Melaka United;1.18;1.27;1.63;1;0.88;1.44;76;69;38;25;0;82;76;50;1.33;1.22;2.55;1859;22;Y;N;N;N;N;N;N
537574;138;140;2019;complete;4272;17;-1;10,12,61;41,89;3;2;5;6;1;7;-1;-1;-1;-1;-1;-1;10;4;8;5;18;9;-1;-1;54;46;-1;-1;1.2;5.75;9.5;1;1.1;1.4;2;3.3;13.5;5.5;2.7;1.69;1.27;1.87;1.83;0;0;0;0;1.03;1.12;4.33;1.59;2.91;7.5;1.4;3.6;8;0;0;1.33;1.6;2.05;2.7;3.9;2.9;2.15;1.67;1.4;1.2;1.1;13.36;10.65;1.17;23;4.5;0;0;0;0;0;0;0;0;0;0;1.2;1.99;4.5;10;4;1.73;1.17;1.03;0;0;0;0;5;2;1;1;1;2;3;2019-06-19 13:00:00;138;0;68;15;34;0;1;-1;3;0;3;1;3;4;-1;-1;-1;-1;-1;-1;1;45;32;78;62;2.15;1.08;3.24;-1;-1;-1;-1;-1;-1;-1;1;1;0;3;0;-1;-1;-1;-1;-1;-1;-1;-1;-1;-1;-1;21;34;46;87;100;41;73;81;47;12.71;0;2.8;3;Johor Darul Ta'zim;Selangor;2.55;1.45;3;1.43;2.5;1.56;80;67;55;14;0;48;41;41;2.33;1.3;3.63;1859;22;Y;Y;Y;Y;Y;N;Y
537575;129;5612;2019;complete;4272;17;-1;20,31;;2;0;2;5;3;8;-1;-1;-1;-1;-1;-1;10;4;8;2;18;6;-1;-1;59;41;-1;-1;1.23;5.45;8.75;1.01;1.15;1.54;2.35;4.1;11.5;4.5;2.3;1.5;1.18;2;1.69;0;0;0;0;1.07;1.14;3.25;1.81;2.56;6.15;1.57;3.1;6;0;0;1.22;1.44;1.83;2.3;3.2;3.7;2.5;1.83;1.53;1.29;1.15;10.73;7.9;1.29;17;3.6;2.3;15;0;0;0;0;0;0;0;0;1.25;2.23;5.5;11;3.5;1.58;1.13;1.02;0;0;0;0;2;2;0;0;0;0;2;2019-06-18 13:00:00;129;0;61;16;22;0;1;-1;2;3;3;0;5;3;-1;-1;-1;-1;-1;-1;1;41;45;57;60;2.12;0.99;3.11;-1;-1;-1;-1;-1;-1;-1;1;0;0;1;0;-1;-1;-1;-1;-1;-1;-1;-1;-1;-1;-1;7;15;44;77;92;30;84;69;30;10.33;0;6.33;2.34;Pahang;PKNP;2.27;0.45;1.67;0.57;1.8;0.81;93;86;56;24;9;47;47;38;1.73;1.58;3.31;1859;22;Y;Y;N;N;N;N;N
537576;181;132;2019;complete;4272;17;-1;53,64;10,71,90;2;3;5;5;7;12;-1;-1;-1;-1;-1;-1;3;8;14;5;17;13;-1;-1;51;49;-1;-1;2.35;3.35;2.6;1.01;1.15;1.53;2.35;4.05;11.75;4.6;2.3;1.51;1.19;1.47;2.45;0;0;0;0;1.53;1.3;1.5;3.13;2.28;2.88;2.88;2.62;2.67;0;0;1.25;1.5;1.83;2.38;3.5;3.5;2.38;1.83;1.5;1.25;2.14;7.64;2.12;2.04;9.2;1.98;5.8;4.5;0;0;0;0;0;0;0;0;1.29;2.38;5.5;12;3.25;1.53;1.13;1.02;0;0;0;0;5;0;1;2;2;4;1;2019-06-18 13:00:00;132;0;44;38;19;0;1;-1;3;2;2;5;5;7;-1;-1;-1;-1;-1;-1;1;48;41;76;70;1.62;1.67;3.3;-1;-1;-1;-1;-1;-1;-1;1;0;1;0;2;-1;-1;-1;-1;-1;-1;-1;-1;-1;-1;-1;13;19;44;75;100;50;76;75;32;8.38;0;4.67;2.57;PKNS;Kedah;1.18;1;1.63;0.88;1.19;1.44;88;82;57;25;0;63;57;50;1.41;1.33;2.74;1859;22;Y;Y;Y;Y;Y;N;Y
537577;9469;136;2019;complete;4272;17;-1;45;;1;0;1;5;2;7;-1;-1;-1;-1;-1;-1;5;2;11;5;16;7;-1;-1;46;54;-1;-1;1.8;3.6;3.6;0;0;1.8;0;0;0;0;2;0;0;0;0;0;0;0;0;1.29;1.25;1.83;0;0;0;0;0;0;0;0;0;0;0;0;0;0;0;0;0;0;0;0;0;0;0;0;0;0;0;0;0;0;0;0;0;0;0;0;0;0;0;0;0;0;0;0;0;0;1;1;0;0;0;0;1;2019-06-18 13:00:00;9469;0;41;0;22;0;1;-1;2;1;3;1;3;4;-1;-1;-1;-1;-1;-1;1;41;40;54;57;1.65;0.87;2.52;-1;-1;-1;-1;-1;-1;-1;1;0;0;1;0;-1;-1;-1;-1;-1;-1;-1;-1;-1;-1;-1;7;22;35;75;100;21;67;75;41;6.7;0;6.67;2.46;MISC;FELDA United;1.45;0.55;1.25;0.29;1.06;0.8;93;79;66;25;0;50;43;22;1.31;1.23;2.54;1859;22;Y;N;N;N;N;N;N
537578;136;130;2019;complete;4272;18;-1;81,82;22,34,53;2;3;5;3;8;11;-1;-1;-1;-1;-1;-1;6;10;8;5;14;15;-1;-1;53;47;-1;-1;3.6;3.86;1.91;1.03;1.18;1.65;2.35;5;10.5;4.2;2.2;1.51;1.14;1.55;2.29;0;0;0;0;1.83;1.25;1.29;3.8;2.38;2.38;3.58;2.71;2.19;0;0;0;0;0;0;0;0;0;0;0;0;0;0;0;2.46;9.6;1.69;6.5;3.75;0;0;0;0;0;0;0;0;1.29;2.25;6;12;3.26;1.57;1.11;1.02;0;0;0;0;5;0;2;2;1;3;2;2019-06-25 13:00:00;130;0;60;23;36;0;1;-1;3;1;0;7;4;7;-1;-1;-1;-1;-1;-1;1;29;33;73;76;1.51;1.88;3.4;-1;-1;-1;-1;-1;-1;-1;1;0;0;1;1;-1;-1;-1;-1;-1;-1;-1;-1;-1;-1;-1;18;29;29;72;89;29;78;66;41;8.69;0;4.6;2.72;FELDA United;Perak;1.18;1.36;1.25;1.33;0.75;1.41;83;71;71;29;11;42;42;24;1.13;1.34;2.47;1859;22;Y;Y;Y;Y;Y;N;Y
537579;132;9469;2019;complete;4272;18;-1;15,49,76;60,66;3;2;5;4;6;10;-1;-1;-1;-1;-1;-1;7;4;2;3;9;7;-1;-1;51;49;-1;-1;1.54;3.9;4.85;1.01;1.2;1.67;2.7;4.85;10.25;3.95;2.05;1.39;1.14;1.74;1.95;0;0;0;0;1.17;1.25;2.25;0;0;0;0;0;0;0;0;0;0;0;0;0;0;0;0;0;0;0;0;0;0;0;0;0;0;0;0;0;0;0;0;0;0;0;0;0;0;0;0;0;0;0;0;0;0;5;1;0;2;2;4;1;2019-06-26 13:00:00;132;0;50;26;13;0;1;-1;2;0;2;6;2;8;-1;-1;-1;-1;-1;-1;1;24;20;67;48;1.24;0.87;2.1;-1;-1;-1;-1;-1;-1;-1;1;0;0;1;0;-1;-1;-1;-1;-1;-1;-1;-1;-1;-1;-1;19;25;50;69;88;51;75;63;38;9.38;0;3.83;2.82;Kedah;MISC;2.09;0.91;2;0.88;1.53;1.18;82;75;50;32;13;41;41;26;1.7;1.22;2.92;1859;22;Y;Y;Y;Y;Y;N;Y
537580;5612;181;2019;complete;4272;18;-1;47,76;33,82;2;2;4;7;11;18;-1;-1;-1;-1;-1;-1;12;8;9;8;21;16;-1;-1;51;49;-1;-1;2.71;3.86;2.32;1.02;1.17;1.57;2.31;4;11;4.3;2.35;1.53;1.14;1.49;2.44;0;0;0;0;1.57;1.25;1.44;3.08;2.35;2.82;2.79;2.68;2.67;0;0;0;0;0;0;0;0;0;0;0;0;0;0;0;2.04;9.8;1.95;5.5;4.8;0;0;0;0;0;0;0;0;1.29;2.21;5;12;3.25;1.59;1.14;1.02;0;0;0;0;4;0;1;2;1;3;1;2019-06-25 13:00:00;-1;0;54;38;34;0;1;-1;3;5;4;6;8;10;-1;-1;-1;-1;-1;-1;1;53;39;57;51;2.53;1.84;4.37;-1;-1;-1;-1;-1;-1;-1;1;0;0;0;1;-1;-1;-1;-1;-1;-1;-1;-1;-1;-1;-1;12;47;60;82;94;53;71;82;60;8.81;0;4.33;3.19;PKNP;PKNS;1;0.73;1;0.75;0.76;1.12;89;53;41;18;7;89;78;66;1.53;1.35;2.88;1859;22;Y;Y;Y;Y;N;N;Y
537581;140;129;2019;complete;4272;18;-1;30,36,43,46,86;68,77;5;2;7;3;2;5;-1;-1;-1;-1;-1;-1;9;6;6;9;15;15;-1;-1;46;54;-1;-1;2.95;3.48;2.31;1.04;1.25;1.8;2.83;5.5;9.5;3.48;2;1.36;1.13;1.57;2.25;0;0;0;0;1.57;1.3;1.4;3.4;2.1;2.88;3.1;2.4;2.6;0;0;0;0;0;0;0;0;0;0;0;0;0;0;0;2.1;10;1.83;5;4.2;0;0;0;0;0;0;0;0;1.35;2.52;6;13;2.93;1.46;1.1;1.01;0;0;0;0;7;3;0;2;2;4;3;2019-06-25 13:00:00;140;0;61;17;28;0;1;-1;0;0;3;2;0;5;-1;-1;-1;-1;-1;-1;1;54;39;63;65;1.96;1.64;3.6;-1;-1;-1;-1;-1;-1;-1;1;0;0;0;0;-1;-1;-1;-1;-1;-1;-1;-1;-1;-1;-1;6;28;50;84;95;22;78;89;44;12.78;0;3.42;2.67;Selangor;Pahang;1.91;1.64;1.67;1.89;1.47;1.88;95;73;50;17;6;62;50;45;1.88;1.73;3.61;1859;22;Y;Y;Y;Y;Y;Y;Y
537582;180;138;2019;complete;4272;18;-1;84;6,27;1;2;3;0;3;3;-1;-1;-1;-1;-1;-1;2;7;2;3;4;10;-1;-1;37;63;-1;-1;4.5;3.95;1.57;1.01;1.16;1.56;2.4;4.2;11.5;4.45;2.25;1.49;1.18;1.62;2.1;0;0;0;0;2.5;1.2;1.17;0;0;0;0;0;0;0;0;0;0;0;0;0;0;0;0;0;0;0;0;0;0;0;0;0;0;0;0;0;0;0;0;0;0;0;0;0;0;0;0;0;0;0;0;0;0;3;0;2;1;0;1;2;2019-06-26 13:00:00;138;0;63;44;19;0;-1;-1;-1;-1;-1;-1;-1;-1;-1;-1;-1;-1;-1;-1;1;32;38;53;61;0.63;1.39;2.02;-1;-1;-1;-1;-1;-1;-1;1;0;1;-1;-1;-1;-1;-1;-1;-1;-1;-1;-1;-1;-1;-1;26;32;44;82;94;63;88;63;26;9.79;0;6.1;3.07;Melaka United;Johor Darul Ta'zim;1.73;2.27;1.88;2;1.53;2.53;76;69;57;19;7;40;26;20;1.66;1.6;3.26;1859;22;Y;Y;Y;N;N;N;Y
537583;139;5614;2019;complete;4272;18;-1;37,76,83;41;3;1;4;6;8;14;-1;-1;-1;-1;-1;-1;9;5;9;7;18;12;-1;-1;53;47;-1;-1;1.53;4.15;4.7;1;1.13;1.48;2.2;3.75;12.5;4.95;2.45;1.57;1.22;1.54;2.25;2.8;1.31;0;0;1.17;1.17;2.5;2.01;2.57;4.6;1.8;3;4.5;0;0;1.22;1.44;1.73;2.2;3.1;3.7;2.5;1.95;1.57;1.3;0;0;0;1.4;21;2.8;3.2;10;0;0;0;0;0;0;0;0;1.29;2.03;5;10;3.26;1.7;1.14;1.03;0;0;0;0;4;1;1;2;0;2;2;2019-06-26 13:00:00;139;0;69;13;57;0;1;-1;1;5;5;3;6;8;-1;-1;-1;-1;-1;-1;1;33;28;48;49;1.99;1.3;3.3;-1;-1;-1;-1;-1;-1;-1;1;0;0;0;3;-1;-1;-1;-1;-1;-1;-1;-1;-1;-1;-1;26;38;63;88;100;38;69;94;69;7.51;0;5.5;3.44;Terengganu;Kuala Lumpur;1.55;0.09;1.5;0.13;1.24;0.82;76;63;38;13;0;38;38;32;1.68;1.32;3;1859;22;Y;Y;Y;Y;N;N;Y
537584;130;138;2019;complete;4272;19;-1;;36,48,90;0;3;3;4;1;5;-1;-1;-1;-1;-1;-1;7;5;12;2;19;7;-1;-1;46;54;-1;-1;4.2;3.7;1.67;1;1.15;1.53;2.3;4;11.75;4.65;2.3;1.53;1.19;1.56;2.25;0;0;0;0;2;1.29;1.22;0;0;0;0;0;0;0;0;0;0;0;0;0;0;0;0;0;0;0;0;0;0;0;0;0;0;0;0;0;0;0;0;0;0;0;0;0;0;0;0;0;0;0;0;0;0;3;0;1;0;2;2;1;2019-07-06 13:00:00;138;0;77;53;25;0;1;-1;0;0;4;1;0;5;-1;-1;-1;-1;-1;-1;1;49;33;61;50;2.03;1.03;3.06;-1;-1;-1;-1;-1;-1;-1;1;0;0;0;0;-1;-1;-1;-1;-1;-1;-1;-1;-1;-1;-1;12;36;47;82;100;59;94;66;25;11.13;0;4.83;2.83;Perak;Johor Darul Ta'zim;1.64;2.27;1.5;2.11;1.5;2.56;89;64;53;18;0;38;32;19;1.62;1.57;3.19;1859;22;Y;Y;Y;N;N;N;N
537585;129;5614;2019;complete;4272;19;-1;57,90;;2;0;2;8;0;8;-1;-1;-1;-1;-1;-1;9;3;12;2;21;5;-1;-1;67;33;-1;-1;1.25;5.4;8;1;1.12;1.45;2.15;3.65;12.75;5.05;2.5;1.61;1.23;1.83;1.87;0;0;0;0;1.04;1.12;3.75;0;0;0;0;0;0;0;0;0;0;0;0;0;0;0;0;0;0;0;0;0;0;0;0;0;0;0;0;0;0;0;0;0;0;0;0;0;0;0;0;0;0;0;0;0;0;2;0;0;2;0;2;0;2019-07-06 13:00:00;129;0;55;24;22;0;-1;-1;-1;-1;-1;-1;-1;-1;-1;-1;-1;-1;-1;-1;1;40;13;98;73;2.24;0.63;2.87;-1;-1;-1;-1;-1;-1;-1;1;0;0;-1;-1;-1;-1;-1;-1;-1;-1;-1;-1;-1;-1;-1;17;28;41;80;93;43;80;73;41;8.7;0;7.83;2.69;Pahang;Kuala Lumpur;2.27;0.09;1.86;0.11;1.76;0.78;84;72;60;20;7;27;27;20;1.79;1.32;3.11;1859;22;Y;Y;N;N;N;N;N
537586;181;139;2019;complete;4272;19;-1;84;35,88;1;2;3;4;5;9;-1;-1;-1;-1;-1;-1;9;7;6;10;15;17;-1;-1;49;51;-1;-1;1.91;3.8;3.1;1;1.09;1.36;1.95;3.05;14.25;5.9;2.85;1.77;1.31;1.36;2.85;0;0;0;0;1.36;1.29;1.73;0;0;0;0;0;0;0;0;0;0;0;0;0;0;0;0;0;0;0;0;0;0;0;0;0;0;0;0;0;0;0;0;0;0;0;0;0;0;0;0;0;0;0;0;0;0;3;0;1;1;1;2;1;2019-07-05 13:00:00;139;0;56;33;33;0;1;-1;0;2;4;3;2;7;-1;-1;-1;-1;-1;-1;1;48;41;72;63;1.92;1.85;3.77;-1;-1;-1;-1;-1;-1;-1;1;0;0;0;1;-1;-1;-1;-1;-1;-1;-1;-1;-1;-1;-1;22;33;67;78;100;39;78;89;50;8.67;0;3.5;3.11;PKNS;Terengganu;1.18;1.18;1.44;1;1.11;1.33;78;67;33;22;0;62;62;45;1.44;1.74;3.18;1859;22;Y;Y;Y;N;N;N;Y
537587;9469;180;2019;complete;4272;19;-1;13;38,45;1;2;3;2;4;6;-1;-1;-1;-1;-1;-1;4;5;5;1;9;6;-1;-1;52;48;-1;-1;2.5;3.5;2.35;1.01;1.21;1.69;2.75;5;10;3.85;2;1.38;1.13;1.61;2.15;0;0;0;0;1.53;1.29;1.5;0;0;0;0;0;0;0;0;0;0;0;0;0;0;0;0;0;0;0;0;0;0;0;0;0;0;0;0;0;0;0;0;0;0;0;0;0;0;0;0;0;0;0;0;0;0;3;1;2;0;0;0;3;2019-07-06 13:00:00;180;0;39;6;12;0;1;-1;0;2;2;2;2;4;-1;-1;-1;-1;-1;-1;1;68;66;109;97;1.35;1.21;2.56;-1;-1;-1;-1;-1;-1;-1;1;0;0;0;1;-1;-1;-1;-1;-1;-1;-1;-1;-1;-1;-1;6;6;28;56;100;22;78;61;22;8.77;0;5.5;1.95;MISC;Melaka United;1.45;1.27;1.44;1.22;1.11;1.44;95;95;73;45;0;39;28;11;1.35;1.33;2.68;1859;22;Y;Y;Y;N;N;N;Y
537588;136;140;2019;complete;4272;19;-1;64;44,51;1;2;3;2;4;6;-1;-1;-1;-1;-1;-1;3;7;7;10;10;17;-1;-1;44;56;-1;-1;3.4;3.75;1.8;0;0;1.53;0;0;0;0;2.4;0;0;0;0;0;0;0;0;1.83;1.25;1.29;0;0;0;0;0;0;0;0;0;0;0;0;0;0;0;0;0;0;0;0;0;0;0;0;0;0;0;0;0;0;0;0;0;0;0;0;0;0;0;0;0;0;0;0;0;0;3;0;1;1;1;2;1;2019-07-07 13:00:00;140;0;83;25;41;0;1;-1;0;2;2;2;2;4;-1;-1;-1;-1;-1;-1;1;61;63;98;88;1.29;2.01;3.3;-1;-1;-1;-1;-1;-1;-1;1;0;0;0;0;-1;-1;-1;-1;-1;-1;-1;-1;-1;-1;-1;30;36;36;89;100;36;82;89;47;8.36;0;3;3.24;FELDA United;Selangor;1.18;1.45;1.11;1.25;0.71;1.56;71;65;65;12;0;53;47;36;1.17;1.26;2.43;1859;22;Y;Y;Y;N;N;N;Y
537589;132;5612;2019;complete;4272;19;-1;51;81;1;1;2;14;7;21;-1;-1;-1;-1;-1;-1;9;6;4;2;13;8;-1;-1;63;37;-1;-1;1.33;4.8;6.5;1;1.15;1.53;2.3;4;11.75;4.65;2.3;1.53;1.19;1.77;1.91;0;0;0;0;1.1;1.17;3;0;0;0;0;0;0;0;0;0;0;0;0;0;0;0;0;0;0;0;0;0;0;0;0;0;0;0;0;0;0;0;0;0;0;0;0;0;0;0;0;0;0;0;0;0;0;2;0;0;1;1;2;0;2019-07-05 13:00:00;-1;0;60;23;30;0;1;-1;9;3;5;4;12;9;-1;-1;-1;-1;-1;-1;1;34;16;58;46;1.69;1.04;2.73;-1;-1;-1;-1;-1;-1;-1;1;0;0;2;0;-1;-1;-1;-1;-1;-1;-1;-1;-1;-1;-1;18;29;60;83;89;53;89;60;41;8.76;0;3.33;2.89;Kedah;PKNP;2.09;0.45;2.11;0.5;1.61;0.78;83;71;41;18;11;44;44;26;1.64;1.5;3.14;1859;22;Y;Y;N;N;N;N;Y
537590;130;140;2019;complete;4272;20;-1;42,45,62;29,45;3;2;5;3;5;8;-1;-1;1;2;0;0;5;5;13;5;18;10;-1;-1;55;45;1;2;2;3.6;3;1.01;1.16;1.56;2.4;4.2;11.5;4.45;2.25;1.49;1.18;1.51;2.35;0;0;0;0;1.33;1.25;1.73;0;0;0;0;0;0;0;0;1.33;1.67;2.15;2.8;3.9;2.9;2.05;1.6;1.36;1.2;0;0;0;0;0;0;4.2;6.5;1.3;2.19;5.5;11;3.2;1.6;1.13;1.02;0;1.78;0;0;0;1.93;0;0;0;0;0;0;5;2;2;1;0;1;4;2019-07-10 13:00:00;130;0;78;39;39;0;1;1;2;2;1;3;4;4;0;2;1;0;2;1;1;62;47;72;55;1.92;1.32;3.24;1;0;1;0;0;0;1;1;0;0;1;0;0;0;-1;-1;-1;-1;-1;-1;-1;-1;-1;22;39;50;84;100;44;84;84;50;10.11;0;3.33;3.06;Perak;Selangor;1.64;1.45;1.33;1.44;1.42;1.63;78;62;50;17;0;44;39;28;1.66;1.36;3.02;1859;22;Y;Y;Y;Y;Y;N;Y
537591;180;5612;2019;complete;4272;20;-1;41,59;13;2;1;3;6;4;10;-1;-1;-1;-1;-1;-1;9;8;5;4;14;12;-1;-1;53;47;-1;-1;1.35;4.4;6.8;1.01;1.16;1.57;2.45;4.2;11.25;4.4;2.25;1.48;1.18;1.71;2;0;0;0;0;1.07;1.2;2.62;0;0;0;0;0;0;0;0;0;0;0;0;0;0;0;0;0;0;0;0;0;0;0;0;0;0;0;0;0;0;0;0;0;0;0;0;0;0;0;0;0;0;0;0;0;0;3;1;1;1;0;1;2;2019-07-09 13:00:00;180;0;62;17;33;0;1;-1;3;0;3;4;3;7;-1;-1;-1;-1;-1;-1;1;32;40;53;62;1.74;1.6;3.34;-1;-1;-1;-1;-1;-1;-1;1;0;0;0;0;-1;-1;-1;-1;-1;-1;-1;-1;-1;-1;-1;22;28;56;84;95;56;84;73;39;8.22;0;4.6;3.06;Melaka United;PKNP;1.73;0.45;1.67;0.56;1.53;0.79;78;73;44;17;6;44;39;33;1.54;1.45;2.99;1859;22;Y;Y;Y;N;N;N;Y
537592;139;132;2019;complete;4272;20;-1;33,90;4,45;2;2;4;7;2;9;-1;-1;-1;-1;-1;-1;11;4;8;5;19;9;-1;-1;63;37;-1;-1;2.55;3.35;2.35;1.01;1.19;1.67;2.65;4.75;10.5;4;2.05;1.41;1.14;1.56;2.25;0;0;0;0;1.53;1.29;1.36;0;0;0;0;0;0;0;0;0;0;0;0;0;0;0;0;0;0;0;0;0;0;0;0;0;0;0;0;0;0;0;0;0;0;0;0;0;0;0;0;0;0;0;0;0;0;4;1;2;1;0;1;3;2019-07-09 13:00:00;-1;0;61;17;39;0;1;-1;3;2;4;0;5;4;-1;-1;-1;-1;-1;-1;1;37;19;52;37;2.22;0.98;3.2;-1;-1;-1;-1;-1;-1;-1;1;0;1;1;2;-1;-1;-1;-1;-1;-1;-1;-1;-1;-1;-1;11;28;50;84;100;39;62;89;56;10.34;0;4.67;2.89;Terengganu;Kedah;1.55;1;1.67;1.11;1.42;1.58;89;73;50;17;0;78;73;62;1.72;1.37;3.09;1859;22;Y;Y;Y;Y;N;N;Y
537593;5614;136;2019;complete;4272;20;-1;;41,64;0;2;2;5;5;10;-1;-1;4;2;0;0;8;11;8;5;16;16;-1;-1;47;53;4;2;2.05;3.6;2.9;1;1.12;1.45;2.15;3.65;12.75;5.05;2.5;1.61;1.23;1.43;2.6;0;0;0;0;1.36;1.25;1.73;0;0;0;0;0;0;0;0;1.22;1.44;1.83;2.38;3.2;3.7;2.5;1.83;1.5;1.29;0;0;0;0;0;0;0;0;1.25;2.25;5.5;11;3.5;1.57;1.13;1.02;0;1.74;0;0;0;1.98;0;0;0;0;0;0;2;0;1;0;1;1;1;2019-07-10 13:00:00;136;0;59;17;29;0;1;1;2;2;3;3;4;6;0;0;4;2;0;6;1;61;48;74;72;2;2.12;4.12;0;0;0;0;0;0;1;1;0;0;1;0;0;0;-1;-1;-1;-1;-1;-1;-1;-1;-1;23;41;59;78;100;41;77;89;47;7.16;0;7.5;3.11;Kuala Lumpur;FELDA United;1.18;0.55;1.44;0.25;0.74;0.67;78;60;42;23;0;77;77;53;1.36;1.19;2.55;1859;22;Y;Y;N;N;N;N;N
537594;138;9469;2019;complete;4272;20;-1;;64;0;1;1;5;6;11;-1;-1;-1;-1;-1;-1;5;3;11;10;16;13;-1;-1;50;50;-1;-1;1.15;6.4;12.5;0;1.13;1.57;2.11;3.75;11.75;4.95;2.35;1.63;1.17;2.11;1.65;0;0;0;0;1.02;1.08;4.5;1.45;3.08;11;1.41;3.46;9.3;0;0;1.25;1.5;1.83;2.38;3.2;3.5;2.38;1.83;1.5;1.29;0;0;0;1.16;12;5.5;0;0;1.22;2.25;0;11;3.75;1.57;0;1.02;0;1.72;0;0;0;2;0;0;0;0;0;0;1;0;0;0;1;1;0;2019-07-16 13:00:00;9469;0;53;11;32;0;-1;-1;-1;-1;-1;-1;-1;-1;-1;-1;-1;-1;-1;-1;1;0;0;0;0;1.62;1.21;2.83;-1;-1;-1;-1;-1;-1;-1;1;0;0;-1;-1;-1;-1;-1;-1;-1;-1;-1;-1;-1;-1;-1;26;37;64;80;100;37;79;79;53;11.98;0;3.3;3.21;Johor Darul Ta'zim;MISC;2.55;0.91;3;0.7;2.6;1;74;63;37;21;0;42;42;32;2.31;1.11;3.42;1859;22;Y;N;N;N;N;N;N
537595;129;181;2019;complete;4272;20;-1;30,42,89;60,66;3;2;5;9;4;13;-1;-1;-1;-1;-1;-1;11;7;5;4;16;11;-1;-1;56;44;-1;-1;1.35;4.35;6.8;1.01;1.17;1.57;2.45;4.25;11.25;4.35;2.2;1.48;1.17;1.77;1.91;0;0;0;0;1.07;1.17;3.25;0;0;0;0;0;0;0;0;0;0;0;0;0;0;0;0;0;0;0;0;0;0;0;0;0;0;0;0;0;0;0;0;0;0;0;0;0;0;0;0;0;0;0;0;0;0;5;2;0;1;2;3;2;2019-07-09 13:00:00;129;0;53;26;32;0;1;-1;3;1;6;3;4;9;-1;-1;-1;-1;-1;-1;1;29;22;90;76;1.99;1.35;3.34;-1;-1;-1;-1;-1;-1;-1;1;0;0;0;0;-1;-1;-1;-1;-1;-1;-1;-1;-1;-1;-1;6;28;40;77;89;35;65;71;46;11.38;0;7.33;2.6;Pahang;PKNS;2.27;0.73;2;0.78;1.83;1.05;95;72;61;24;12;69;64;52;1.84;1.41;3.25;1859;22;Y;Y;Y;Y;Y;N;Y
537596;132;130;2019;complete;4272;21;-1;40,45,89,90;28,79;4;2;6;3;5;8;-1;-1;-1;-1;-1;-1;6;9;6;5;12;14;-1;-1;51;49;-1;-1;2;3.25;3.25;0;0;1.6;0;0;0;0;2.3;0;0;1.47;2.25;0;0;0;0;1.3;1.3;1.73;0;0;0;0;0;0;0;0;0;0;0;0;0;0;0;0;0;0;0;0;0;0;0;0;0;0;1.32;2.25;0;0;3.1;1.57;0;0;0;1.77;0;0;0;1.94;0;0;0;0;0;0;6;2;1;2;1;3;3;2019-07-13 13:00:00;132;0;55;30;35;0;1;-1;2;2;1;3;4;4;-1;-1;-1;-1;-1;-1;1;46;47;58;62;1.5;1.85;3.35;-1;-1;-1;-1;-1;-1;-1;1;0;0;0;0;-1;-1;-1;-1;-1;-1;-1;-1;-1;-1;-1;25;35;45;70;80;50;70;55;50;10.69;0;4.93;2.75;Kedah;Perak;2.09;1.36;2;1.5;1.55;1.5;75;65;55;30;20;48;48;26;1.64;1.39;3.03;1859;22;Y;Y;Y;Y;Y;Y;Y
537597;5612;136;2019;complete;4272;21;-1;81;53;1;1;2;7;7;14;-1;-1;-1;-1;-1;-1;14;9;12;3;26;12;-1;-1;52;48;-1;-1;2;3.3;3.25;0;0;1.6;0;0;0;0;2.3;0;0;1.55;2.3;0;0;0;0;1.25;1.29;1.73;0;0;0;0;0;0;0;0;0;0;0;0;0;0;0;0;0;0;0;0;0;0;0;0;0;0;1.29;2.23;5.5;11;3.26;1.58;1.13;1.02;0;1.81;0;0;0;1.89;0;0;0;0;0;0;2;0;0;1;1;2;0;2019-07-13 13:00:00;-1;0;47;15;21;0;1;-1;1;3;6;4;4;10;-1;-1;-1;-1;-1;-1;1;39;20;96;73;2.89;1.54;4.43;-1;-1;-1;-1;-1;-1;-1;1;0;0;0;0;-1;-1;-1;-1;-1;-1;-1;-1;-1;-1;-1;11;42;52;90;100;36;79;90;52;8.36;0;5.19;3;PKNP;FELDA United;1;0.55;1;0.56;0.75;0.79;90;59;48;11;0;79;74;47;1.63;1.29;2.92;1859;22;Y;Y;N;N;N;N;Y
537598;140;9469;2019;complete;4272;21;-1;42,56,60;;3;0;3;9;1;10;-1;-1;-1;-1;-1;-1;11;0;12;6;23;6;-1;-1;65;35;-1;-1;1.83;3.4;3.7;0;0;1.53;0;0;0;0;2.4;0;0;1.53;2.35;0;0;0;0;1.2;1.22;1.91;0;0;0;0;0;0;0;0;0;1.63;2.2;0;0;0;2.29;1.68;0;0;1.96;13.76;2.08;0;0;0;0;0;1.25;2.12;5.5;11;3.5;1.64;1.13;1.02;0;1.69;0;0;0;2.04;0;0;0;0;0;0;3;1;0;2;0;2;1;2019-07-13 13:00:00;140;0;68;16;31;0;1;-1;7;0;2;1;7;3;-1;-1;-1;-1;-1;-1;1;40;21;77;60;2.5;0.54;3.04;-1;-1;-1;-1;-1;-1;-1;1;0;0;0;0;-1;-1;-1;-1;-1;-1;-1;-1;-1;-1;-1;27;37;58;79;100;37;84;84;47;9.86;0;4.25;3.31;Selangor;MISC;1.91;0.91;1.8;0.78;1.55;1.05;74;64;42;22;0;52;42;32;1.89;1.18;3.07;1859;22;Y;Y;Y;N;N;N;N
537599;180;181;2019;complete;4272;21;-1;54;80;1;1;2;3;3;6;-1;-1;-1;-1;-1;-1;4;4;12;3;16;7;-1;-1;50;50;-1;-1;1.62;3.75;4.35;1.02;1.13;1.41;2.04;3.08;12;5.5;2.64;1.76;1.31;1.4;2.75;0;0;0;0;1.22;1.25;1.83;2.38;2.3;3.7;2.05;2.75;3.7;0;0;1.34;1.58;1.85;2.38;3.06;3.26;2.38;1.95;1.61;1.38;1.55;7.5;2.83;1.62;17;2.3;3.8;8.5;1.22;1.99;5;10;3.75;1.73;1.14;1.03;1.17;1.63;2.8;5.95;5.1;2.14;1.43;1.13;0;0;0;0;2;0;0;1;1;2;0;2019-07-16 13:00:00;-1;0;65;32;44;0;-1;-1;-1;-1;-1;-1;-1;-1;-1;-1;-1;-1;-1;-1;1;0;0;0;0;1.56;0.97;2.53;-1;-1;-1;-1;-1;-1;-1;1;0;0;-1;-1;-1;-1;-1;-1;-1;-1;-1;-1;-1;-1;-1;25;45;65;80;90;60;75;80;50;9.1;0;5.6;3.45;Melaka United;PKNS;1.73;0.73;1.8;0.7;1.6;1;75;55;35;20;10;75;65;50;1.56;1.4;2.96;1859;22;Y;Y;N;N;N;N;Y
537600;139;129;2019;complete;4272;21;-1;42;51;1;1;2;3;8;11;-1;-1;-1;-1;-1;-1;4;5;8;7;12;12;-1;-1;49;51;-1;-1;2.95;3.6;2;1.01;1.15;1.54;2.35;4.1;11.5;4.5;2.3;1.5;1.18;1.5;2.4;0;0;0;0;0;0;0;0;0;0;0;0;0;0;0;0;0;0;0;0;0;0;0;0;0;0;0;0;0;0;0;0;0;0;2.03;0;0;0;1.7;0;0;0;1.66;0;0;0;2.09;0;0;0;0;0;0;2;1;0;0;1;1;1;2019-07-12 13:00:00;-1;0;65;15;40;0;1;-1;1;3;2;5;4;7;-1;-1;-1;-1;-1;-1;1;37;40;53;52;1.3;1.39;2.69;-1;-1;-1;-1;-1;-1;-1;1;0;0;0;1;-1;-1;-1;-1;-1;-1;-1;-1;-1;-1;-1;10;35;60;85;95;30;65;95;60;12.5;0;3.67;3.1;Terengganu;Pahang;1.55;1.64;1.6;1.7;1.4;1.89;90;65;40;15;5;65;60;55;1.77;1.72;3.49;1859;22;Y;Y;N;N;N;N;Y
537601;5614;138;2019;complete;4272;21;-1;;15,28,61,70;0;4;4;6;1;7;-1;-1;-1;-1;-1;-1;11;11;4;6;15;17;-1;-1;38;62;-1;-1;5.7;5.55;1.33;0;0;1.5;0;0;0;0;2.5;0;0;2.15;1.62;0;0;0;0;3.75;1.11;1.04;0;0;0;0;0;0;0;0;0;1.74;0;0;0;0;2.09;0;0;0;9.31;12.57;1.16;0;0;0;0;0;1.29;2.14;5;10.5;3.26;1.63;1.14;1.02;0;1.74;0;0;0;1.98;0;0;0;0;0;0;4;0;2;0;2;2;2;2019-07-13 13:00:00;138;0;65;40;20;0;1;-1;2;1;4;0;3;4;-1;-1;-1;-1;-1;-1;1;39;42;59;57;1.99;2.14;4.13;-1;-1;-1;-1;-1;-1;-1;1;0;0;0;0;-1;-1;-1;-1;-1;-1;-1;-1;-1;-1;-1;20;30;55;80;100;55;90;75;30;8.46;0;7;2.95;Kuala Lumpur;Johor Darul Ta'zim;1.18;2.27;1.3;2.2;0.7;2.58;80;70;45;20;0;51;46;36;1.43;1.51;2.94;1859;22;Y;Y;Y;Y;N;N;N
537602;130;5614;2019;complete;4272;22;-1;31,67;76;2;1;3;11;6;17;-1;-1;-1;-1;-1;-1;9;3;7;8;16;11;-1;-1;54;46;-1;-1;1.83;3.7;3.45;1;1.1;1.38;2;3.25;13.75;5.65;2.75;1.71;1.29;1.39;2.7;0;0;0;0;1.22;1.2;2.03;2.19;2.55;3.92;2.02;2.94;3.72;0;0;0;1.67;2;0;0;0;2.1;1.73;0;0;0;0;0;1.44;21;2.63;3.7;9.5;1.23;1.95;4.2;9;4.2;1.76;1.23;1.05;1.11;1.63;2.8;6;6.6;2.14;1.38;1.11;0;0;0;0;3;1;0;1;1;2;1;2019-07-21 13:00:00;130;0;65;40;35;0;1;-1;2;3;9;3;5;12;-1;-1;-1;-1;-1;-1;1;49;38;74;59;1.99;1.18;3.16;-1;-1;-1;-1;-1;-1;-1;1;0;0;1;1;-1;-1;-1;-1;-1;-1;-1;-1;-1;-1;-1;25;50;60;85;100;50;85;85;55;7.9;0;4.75;3.3;Perak;Kuala Lumpur;1.64;0.09;1.5;0.1;1.43;0.67;75;50;40;15;0;25;25;15;1.69;1.25;2.94;1859;22;Y;Y;Y;N;N;N;Y
537603;138;139;2019;complete;4272;22;-1;31,36,45;24,65,79;3;3;6;10;3;13;-1;-1;-1;-1;-1;-1;10;6;21;6;31;12;-1;-1;62;38;-1;-1;1.27;5;8;1;1.11;1.43;2.1;3.5;13;5.25;2.55;1.65;1.25;1.74;1.95;0;0;0;0;1.01;1.07;3.05;1.65;2.88;6.55;1.5;3.5;6.5;0;0;1.38;1.64;2;2.47;3.32;3.03;2.31;1.8;1.54;1.33;0;0;0;1.25;26;3.75;2.38;15;1.17;1.92;4;9.5;4.5;1.79;1.2;1.04;1.14;1.58;2.69;5.15;5.7;2.23;1.41;1.16;0;0;0;0;6;3;1;0;2;2;4;2019-07-19 13:00:00;-1;0;55;15;40;0;1;-1;4;1;6;2;5;8;-1;-1;-1;-1;-1;-1;1;48;22;71;38;2.98;1.33;4.31;-1;-1;-1;-1;-1;-1;-1;1;0;0;3;0;-1;-1;-1;-1;-1;-1;-1;-1;-1;-1;-1;15;35;65;80;100;35;70;90;55;12.1;0;2.3;3;Johor Darul Ta'zim;Terengganu;2.55;1.18;2.7;1.2;2.48;1.38;85;65;35;20;0;55;50;35;2.24;1.75;3.99;1859;22;Y;Y;Y;Y;Y;Y;Y
537604;129;180;2019;complete;4272;22;-1;1,40,69,90;58;4;1;5;2;2;4;-1;-1;-1;-1;-1;-1;11;5;6;6;17;11;-1;-1;56;44;-1;-1;1.44;4.25;5.4;1.01;1.18;1.61;2.55;4.45;10.75;4.2;2.15;1.44;1.16;1.71;2;0;0;0;0;1.19;1.22;2;2.21;2.5;3.95;2.04;2.88;3.74;0;0;0;0;0;0;0;0;0;0;0;0;0;0;0;1.5;13.5;2.5;3.5;10;1.25;2.06;5;10.5;3.5;1.68;1.14;1.03;1.11;1.68;2.75;5.75;6;2.06;1.4;1.12;0;0;0;0;5;2;0;2;1;3;2;2019-07-20 13:00:00;129;0;55;20;10;0;1;-1;2;2;0;0;4;0;-1;-1;-1;-1;-1;-1;1;44;39;81;80;2.16;1.33;3.49;-1;-1;-1;-1;-1;-1;-1;1;1;0;1;0;-1;-1;-1;-1;-1;-1;-1;-1;-1;-1;-1;10;15;40;75;95;40;80;70;30;11.8;0;6.25;2.35;Pahang;Melaka United;2.27;1.27;2.2;1.4;1.9;1.57;90;85;60;25;5;55;50;30;1.87;1.31;3.18;1859;22;Y;Y;Y;Y;Y;N;Y
537605;181;140;2019;complete;4272;22;-1;3,77;40,43,52;2;3;5;4;8;12;-1;-1;-1;-1;-1;-1;8;10;3;9;11;19;-1;-1;40;60;-1;-1;3;3.6;2;1.01;1.13;1.41;2.07;3.14;20;6.1;2.64;1.74;1.3;1.32;3.66;0;0;0;0;1.85;1.22;1.29;3.54;2.55;2.32;3.36;2.88;2.19;0;0;1.34;1.58;1.88;2.38;3.06;3.26;2.38;1.93;1.61;1.38;0;0;0;2.28;15.5;1.66;7.5;4.2;1.25;1.94;4.34;10;4;1.77;1.22;1.04;1.12;1.65;2.85;5.5;6.3;2.11;1.43;1.13;0;0;0;0;5;1;2;1;1;2;3;2019-07-20 13:00:00;140;0;75;40;40;0;1;-1;2;4;2;4;6;6;-1;-1;-1;-1;-1;-1;1;48;59;70;68;1.6;2.31;3.91;-1;-1;-1;-1;-1;-1;-1;1;1;0;0;4;-1;-1;-1;-1;-1;-1;-1;-1;-1;-1;-1;35;35;60;85;100;45;85;85;50;8.4;0;4;3.3;PKNS;Selangor;1.18;1.45;1.3;1.3;1;1.62;65;65;40;15;0;50;40;40;1.48;1.35;2.83;1859;22;Y;Y;Y;Y;Y;N;Y
537606;9469;5612;2019;complete;4272;22;-1;75;;1;0;1;4;7;11;-1;-1;-1;-1;-1;-1;5;4;5;10;10;14;-1;-1;49;51;-1;-1;2.55;4;2.1;1.03;1.19;1.63;2.43;4.5;10;4.1;2.25;1.48;1.17;1.5;2.5;0;0;0;0;1.57;1.22;1.4;3.1;2.2;3;2.8;2.63;2.63;0;0;0;0;2;0;0;0;0;1.8;0;0;0;0;0;1.91;13;1.91;5.75;4.8;1.29;2.27;6;12;3.26;1.56;1.11;1.02;1.16;1.84;3.3;7.5;5.2;1.86;1.33;1.07;0;0;0;0;1;0;0;1;0;1;0;2019-07-21 13:00:00;9469;0;50;16;26;0;1;-1;3;2;1;5;5;6;-1;-1;-1;-1;-1;-1;1;25;41;39;52;1.16;1.45;2.61;-1;-1;-1;-1;-1;-1;-1;1;0;0;0;0;-1;-1;-1;-1;-1;-1;-1;-1;-1;-1;-1;5;10;40;70;100;35;80;55;30;7.4;0;4.5;2.25;MISC;PKNP;1.45;0.45;1.3;0.5;1.1;0.76;95;90;60;30;0;30;25;20;1.35;1.47;2.82;1859;22;Y;N;N;N;N;N;N
537607;136;132;2019;complete;4272;22;-1;6,32,85,90,90;78;5;1;6;7;5;12;-1;-1;-1;-1;-1;-1;11;2;7;5;18;7;-1;-1;41;59;-1;-1;2;3.7;2.95;1;1.14;1.51;2.3;3.95;12;4.7;2.35;1.53;1.2;1.49;2.4;0;0;0;0;1.48;1.25;1.5;2.84;2.36;3.04;2.72;2.7;2.87;0;0;0;0;1.73;0;0;0;0;2;0;0;0;0;0;1.83;14;2;5;5.5;1.29;2.19;5.15;11;3.44;1.6;1.16;1.03;1.16;1.78;3.3;7;5.2;1.93;1.33;1.08;0;0;0;0;6;2;0;3;1;4;2;2019-07-21 13:00:00;136;0;65;20;35;0;1;-1;2;2;5;3;4;8;-1;-1;-1;-1;-1;-1;1;32;26;78;99;2.13;0.79;2.92;-1;-1;-1;-1;-1;-1;-1;1;1;0;0;0;-1;-1;-1;-1;-1;-1;-1;-1;-1;-1;-1;15;30;40;85;100;35;80;85;40;8.3;0;3.67;2.9;FELDA United;Kedah;1.18;1;1;1.1;0.76;1.62;85;70;60;15;0;65;55;40;1.18;1.33;2.51;1859;22;Y;Y;Y;Y;Y;Y;Y
