ID;HOMEID;AWAYID;SEASON;STATUS;ROUNDID;GAME_WEEK;REVISED_GAME_WEEK;HOMEGOALS;AWAYGOALS;HOMEGOALCOUNT;AWAYGOALCOUNT;TOTALGOALCOUNT;TEAM_A_CORNERS;TEAM_B_CORNERS;TOTALCORNERCOUNT;TEAM_A_OFFSIDES;TEAM_B_OFFSIDES;TEAM_A_YELLOW_CARDS;TEAM_B_YELLOW_CARDS;TEAM_A_RED_CARDS;TEAM_B_RED_CARDS;TEAM_A_SHOTSONTARGET;TEAM_B_SHOTSONTARGET;TEAM_A_SHOTSOFFTARGET;TEAM_B_SHOTSOFFTARGET;TEAM_A_SHOTS;TEAM_B_SHOTS;TEAM_A_FOULS;TEAM_B_FOULS;TEAM_A_POSSESSION;TEAM_B_POSSESSION;TEAM_A_CARDS_NUM;TEAM_B_CARDS_NUM;ODDS_FT_1;ODDS_FT_X;ODDS_FT_2;ODDS_FT_OVER05;ODDS_FT_OVER15;ODDS_FT_OVER25;ODDS_FT_OVER35;ODDS_FT_OVER45;ODDS_FT_UNDER05;ODDS_FT_UNDER15;ODDS_FT_UNDER25;ODDS_FT_UNDER35;ODDS_FT_UNDER45;ODDS_BTTS_YES;ODDS_BTTS_NO;ODDS_TEAM_A_CS_YES;ODDS_TEAM_A_CS_NO;ODDS_TEAM_B_CS_YES;ODDS_TEAM_B_CS_NO;ODDS_DOUBLECHANCE_1X;ODDS_DOUBLECHANCE_12;ODDS_DOUBLECHANCE_X2;ODDS_1ST_HALF_RESULT_1;ODDS_1ST_HALF_RESULT_X;ODDS_1ST_HALF_RESULT_2;ODDS_2ND_HALF_RESULT_1;ODDS_2ND_HALF_RESULT_X;ODDS_2ND_HALF_RESULT_2;ODDS_DNB_1;ODDS_DNB_2;ODDS_CORNERS_OVER_75;ODDS_CORNERS_OVER_85;ODDS_CORNERS_OVER_95;ODDS_CORNERS_OVER_105;ODDS_CORNERS_OVER_115;ODDS_CORNERS_UNDER_75;ODDS_CORNERS_UNDER_85;ODDS_CORNERS_UNDER_95;ODDS_CORNERS_UNDER_105;ODDS_CORNERS_UNDER_115;ODDS_CORNERS_1;ODDS_CORNERS_X;ODDS_CORNERS_2;ODDS_TEAM_TO_SCORE_FIRST_1;ODDS_TEAM_TO_SCORE_FIRST_X;ODDS_TEAM_TO_SCORE_FIRST_2;ODDS_WIN_TO_NIL_1;ODDS_WIN_TO_NIL_2;ODDS_1ST_HALF_OVER05;ODDS_1ST_HALF_OVER15;ODDS_1ST_HALF_OVER25;ODDS_1ST_HALF_OVER35;ODDS_1ST_HALF_UNDER05;ODDS_1ST_HALF_UNDER15;ODDS_1ST_HALF_UNDER25;ODDS_1ST_HALF_UNDER35;ODDS_2ND_HALF_OVER05;ODDS_2ND_HALF_OVER15;ODDS_2ND_HALF_OVER25;ODDS_2ND_HALF_OVER35;ODDS_2ND_HALF_UNDER05;ODDS_2ND_HALF_UNDER15;ODDS_2ND_HALF_UNDER25;ODDS_2ND_HALF_UNDER35;ODDS_BTTS_1ST_HALF_YES;ODDS_BTTS_1ST_HALF_NO;ODDS_BTTS_2ND_HALF_YES;ODDS_BTTS_2ND_HALF_NO;OVERALLGOALCOUNT;HT_GOALS_TEAM_A;HT_GOALS_TEAM_B;GOALS_2HG_TEAM_A;GOALS_2HG_TEAM_B;GOALCOUNT_2HG;HTGOALCOUNT;DATE_UNIX;WINNINGTEAM;NO_HOME_AWAY;BTTS_POTENTIAL;BTTS_FHG_POTENTIAL;BTTS_2HG_POTENTIAL;GOALTIMINGDISABLED;CORNER_TIMINGS_RECORDED;CARD_TIMINGS_RECORDED;TEAM_A_FH_CORNERS;TEAM_B_FH_CORNERS;TEAM_A_2H_CORNERS;TEAM_B_2H_CORNERS;CORNER_FH_COUNT;CORNER_2H_COUNT;TEAM_A_FH_CARDS;TEAM_B_FH_CARDS;TEAM_A_2H_CARDS;TEAM_B_2H_CARDS;TOTAL_FH_CARDS;TOTAL_2H_CARDS;ATTACKS_RECORDED;TEAM_A_DANGEROUS_ATTACKS;TEAM_B_DANGEROUS_ATTACKS;TEAM_A_ATTACKS;TEAM_B_ATTACKS;TEAM_A_XG;TEAM_B_XG;TOTAL_XG;TEAM_A_PENALTIES_WON;TEAM_B_PENALTIES_WON;TEAM_A_PENALTY_GOALS;TEAM_B_PENALTY_GOALS;TEAM_A_PENALTY_MISSED;TEAM_B_PENALTY_MISSED;PENS_RECORDED;GOAL_TIMINGS_RECORDED;TEAM_A_0_10_MIN_GOALS;TEAM_B_0_10_MIN_GOALS;TEAM_A_CORNERS_0_10_MIN;TEAM_B_CORNERS_0_10_MIN;TEAM_A_CARDS_0_10_MIN;TEAM_B_CARDS_0_10_MIN;THROWINS_RECORDED;TEAM_A_THROWINS;TEAM_B_THROWINS;FREEKICKS_RECORDED;TEAM_A_FREEKICKS;TEAM_B_FREEKICKS;GOALKICKS_RECORDED;TEAM_A_GOALKICKS;TEAM_B_GOALKICKS;O45_POTENTIAL;O35_POTENTIAL;O25_POTENTIAL;O15_POTENTIAL;O05_POTENTIAL;O15HT_POTENTIAL;O05HT_POTENTIAL;O05_2H_POTENTIAL;O15_2H_POTENTIAL;CORNERS_POTENTIAL;OFFSIDES_POTENTIAL;CARDS_POTENTIAL;AVG_POTENTIAL;HOME_NAME;AWAY_NAME;HOME_PPG;AWAY_PPG;PRE_MATCH_HOME_PPG;PRE_MATCH_AWAY_PPG;PRE_MATCH_TEAMA_OVERALL_PPG;PRE_MATCH_TEAMB_OVERALL_PPG;U45_POTENTIAL;U35_POTENTIAL;U25_POTENTIAL;U15_POTENTIAL;U05_POTENTIAL;CORNERS_O85_POTENTIAL;CORNERS_O95_POTENTIAL;CORNERS_O105_POTENTIAL;TEAM_A_XG_PREMATCH;TEAM_B_XG_PREMATCH;TOTAL_XG_PREMATCH;COMPETITION_ID;MATCHES_COMPLETED_MINIMUM;OVER05;OVER15;OVER25;OVER35;OVER45;OVER55;BTTS
4287;138;132;2017;complete;25;1;-1;40;63;1;1;2;-1;-1;-1;-1;-1;4;3;1;0;-1;-1;-1;-1;-1;-1;-1;-1;-1;-1;5;3;0;0;0;0;0;0;0;0;0;0;0;0;0;0;0;0;0;0;0;0;0;0;0;0;0;0;0;0;0;0;0;0;0;0;0;0;0;0;0;0;0;0;0;0;0;0;0;0;0;0;0;0;0;0;0;0;0;0;0;0;0;0;0;0;0;0;0;0;2;1;0;0;1;1;1;2017-01-20 13:00:00;-1;0;0;0;0;0;-1;1;-1;-1;-1;-1;-1;-1;3;2;2;1;5;3;-1;0;0;0;0;0;0;0;1;0;1;0;0;0;1;1;0;0;-1;-1;0;1;-1;-1;-1;-1;-1;-1;-1;-1;-1;0;0;0;0;0;0;0;0;0;0;0;0;0;Johor Darul Ta'zim;Kedah;2.64;1.27;0;0;0;0;0;0;0;0;0;0;0;0;0;0;0;15;22;Y;Y;N;N;N;N;Y
4288;136;181;2017;complete;25;1;-1;67;;1;0;1;-1;-1;-1;-1;-1;0;1;0;0;-1;-1;-1;-1;-1;-1;-1;-1;-1;-1;0;1;0;0;0;0;0;0;0;0;0;0;0;0;0;0;0;0;0;0;0;0;0;0;0;0;0;0;0;0;0;0;0;0;0;0;0;0;0;0;0;0;0;0;0;0;0;0;0;0;0;0;0;0;0;0;0;0;0;0;0;0;0;0;0;0;0;0;0;0;1;0;0;1;0;1;0;2017-01-21 13:00:00;136;0;0;0;0;0;-1;1;-1;-1;-1;-1;-1;-1;0;0;0;1;0;1;-1;0;0;0;0;0;0;0;0;0;0;0;0;0;1;1;0;0;-1;-1;0;0;-1;-1;-1;-1;-1;-1;-1;-1;-1;0;0;0;0;0;0;0;0;0;0;0;0;0;FELDA United;PKNS;2.09;1.18;0;0;0;0;0;0;0;0;0;0;0;0;0;0;0;15;22;Y;N;N;N;N;N;N
4289;140;133;2017;complete;25;1;-1;35,45;;2;0;2;-1;-1;-1;-1;-1;4;2;0;0;-1;-1;-1;-1;-1;-1;-1;-1;-1;-1;4;2;0;0;0;0;0;0;0;0;0;0;0;0;0;0;0;0;0;0;0;0;0;0;0;0;0;0;0;0;0;0;0;0;0;0;0;0;0;0;0;0;0;0;0;0;0;0;0;0;0;0;0;0;0;0;0;0;0;0;0;0;0;0;0;0;0;0;0;0;2;2;0;0;0;0;2;2017-01-21 13:00:00;140;0;0;0;0;0;-1;1;-1;-1;-1;-1;-1;-1;1;1;3;1;2;4;-1;0;0;0;0;0;0;0;0;0;0;0;0;0;1;1;0;0;-1;-1;0;0;-1;-1;-1;-1;-1;-1;-1;-1;-1;0;0;0;0;0;0;0;0;0;0;0;0;0;Selangor;Pulau Pinang;1.82;0.73;0;0;0;0;0;0;0;0;0;0;0;0;0;0;0;15;22;Y;Y;N;N;N;N;N
4290;130;129;2017;complete;25;1;-1;68;57;1;1;2;-1;-1;-1;-1;-1;3;0;0;0;-1;-1;-1;-1;-1;-1;-1;-1;-1;-1;3;0;0;0;0;0;0;0;0;0;0;0;0;0;0;0;0;0;0;0;0;0;0;0;0;0;0;0;0;0;0;0;0;0;0;0;0;0;0;0;0;0;0;0;0;0;0;0;0;0;0;0;0;0;0;0;0;0;0;0;0;0;0;0;0;0;0;0;0;0;2;0;0;1;1;2;0;2017-01-21 13:00:00;-1;0;0;0;0;0;-1;1;-1;-1;-1;-1;-1;-1;2;0;1;0;2;1;-1;0;0;0;0;0;0;0;0;0;0;0;0;0;1;1;0;0;-1;-1;1;0;-1;-1;-1;-1;-1;-1;-1;-1;-1;0;0;0;0;0;0;0;0;0;0;0;0;0;Perak;Pahang;1.73;1.73;0;0;0;0;0;0;0;0;0;0;0;0;0;0;0;15;22;Y;Y;N;N;N;N;Y
4291;134;135;2017;complete;25;1;-1;50;80;1;1;2;-1;-1;-1;-1;-1;0;1;0;0;-1;-1;-1;-1;-1;-1;-1;-1;-1;-1;0;1;0;0;0;0;0;0;0;0;0;0;0;0;0;0;0;0;0;0;0;0;0;0;0;0;0;0;0;0;0;0;0;0;0;0;0;0;0;0;0;0;0;0;0;0;0;0;0;0;0;0;0;0;0;0;0;0;0;0;0;0;0;0;0;0;0;0;0;0;2;0;0;1;1;2;0;2017-01-21 13:00:00;-1;0;0;0;0;0;-1;1;-1;-1;-1;-1;-1;-1;0;0;0;1;0;1;-1;0;0;0;0;0;0;0;0;0;0;0;0;0;1;1;0;0;-1;-1;0;0;-1;-1;-1;-1;-1;-1;-1;-1;-1;0;0;0;0;0;0;0;0;0;0;0;0;0;PBDKT T-Team;Sarawak;1.64;1;0;0;0;0;0;0;0;0;0;0;0;0;0;0;0;15;22;Y;Y;N;N;N;N;Y
4292;181;137;2017;complete;25;2;-1;45;20,22,49;1;3;4;-1;-1;-1;-1;-1;1;2;0;0;-1;-1;-1;-1;-1;-1;-1;-1;-1;-1;1;2;0;0;0;0;0;0;0;0;0;0;0;0;0;0;0;0;0;0;0;0;0;0;0;0;0;0;0;0;0;0;0;0;0;0;0;0;0;0;0;0;0;0;0;0;0;0;0;0;0;0;0;0;0;0;0;0;0;0;0;0;0;0;0;0;0;0;0;0;4;1;2;0;1;1;3;2017-01-27 08:45:00;137;0;0;0;0;0;-1;1;-1;-1;-1;-1;-1;-1;1;0;0;2;1;2;-1;0;0;0;0;0;0;0;0;0;0;0;0;0;1;1;0;0;-1;-1;0;0;-1;-1;-1;-1;-1;-1;-1;-1;-1;0;0;0;0;0;0;0;0;0;0;0;0;0;PKNS;Kelantan;1.09;1.73;0;0;0;0;0;0;0;0;0;0;0;0;0;0;0;15;22;Y;Y;Y;Y;N;N;Y
4293;132;135;2017;complete;25;2;-1;22,71,72;10,26;3;2;5;-1;-1;-1;-1;-1;2;1;0;0;-1;-1;-1;-1;-1;-1;-1;-1;-1;-1;2;1;0;0;0;0;0;0;0;0;0;0;0;0;0;0;0;0;0;0;0;0;0;0;0;0;0;0;0;0;0;0;0;0;0;0;0;0;0;0;0;0;0;0;0;0;0;0;0;0;0;0;0;0;0;0;0;0;0;0;0;0;0;0;0;0;0;0;0;0;5;1;2;2;0;2;3;2017-01-27 13:00:00;132;0;50;0;50;0;-1;1;-1;-1;-1;-1;-1;-1;1;1;1;0;2;1;-1;0;0;0;0;0;0;0;0;0;0;0;0;0;1;1;0;1;-1;-1;0;0;-1;-1;-1;-1;-1;-1;-1;-1;-1;0;0;0;50;50;0;0;50;50;0;0;1;1;Kedah;Sarawak;1.91;1;0;1;1;1;50;50;50;0;0;0;0;0;0;0;0;15;22;Y;Y;Y;Y;Y;N;Y
4294;129;134;2017;complete;25;2;-1;14,55,66,74,85;;5;0;5;-1;-1;-1;-1;-1;2;1;0;0;-1;-1;-1;-1;-1;-1;-1;-1;-1;-1;2;1;0;0;0;0;0;0;0;0;0;0;0;0;0;0;0;0;0;0;0;0;0;0;0;0;0;0;0;0;0;0;0;0;0;0;0;0;0;0;0;0;0;0;0;0;0;0;0;0;0;0;0;0;0;0;0;0;0;0;0;0;0;0;0;0;0;0;0;0;5;1;0;4;0;4;1;2017-01-27 13:00:00;129;0;0;0;0;0;-1;1;-1;-1;-1;-1;-1;-1;1;0;1;1;1;2;-1;0;0;0;0;0;0;0;0;0;0;0;0;0;1;1;0;0;-1;-1;0;0;-1;-1;-1;-1;-1;-1;-1;-1;-1;0;0;0;0;0;0;0;0;0;0;0;0;0;Pahang;PBDKT T-Team;1.91;0.73;0;0;1;1;0;0;0;0;0;0;0;0;0;0;0;15;22;Y;Y;Y;Y;Y;N;N
4295;133;130;2017;complete;25;2;-1;;78;0;1;1;-1;-1;-1;-1;-1;2;3;0;0;-1;-1;-1;-1;-1;-1;-1;-1;-1;-1;2;3;0;0;0;0;0;0;0;0;0;0;0;0;0;0;0;0;0;0;0;0;0;0;0;0;0;0;0;0;0;0;0;0;0;0;0;0;0;0;0;0;0;0;0;0;0;0;0;0;0;0;0;0;0;0;0;0;0;0;0;0;0;0;0;0;0;0;0;0;1;0;0;0;1;1;0;2017-01-27 13:00:00;130;0;0;0;0;0;-1;1;-1;-1;-1;-1;-1;-1;0;0;2;3;0;5;-1;0;0;0;0;0;0;0;0;0;0;0;0;0;1;1;0;0;-1;-1;0;0;-1;-1;-1;-1;-1;-1;-1;-1;-1;0;0;0;0;0;0;0;0;0;0;0;0;0;Pulau Pinang;Perak;0.36;1.36;0;0;0;1;0;0;0;0;0;0;0;0;0;0;0;15;22;Y;N;N;N;N;N;N
4296;140;180;2017;complete;25;2;-1;81;69;1;1;2;-1;-1;-1;-1;-1;3;0;0;0;-1;-1;-1;-1;-1;-1;-1;-1;-1;-1;3;0;0;0;0;0;0;0;0;0;0;0;0;0;0;0;0;0;0;0;0;0;0;0;0;0;0;0;0;0;0;0;0;0;0;0;0;0;0;0;0;0;0;0;0;0;0;0;0;0;0;0;0;0;0;0;0;0;0;0;0;0;0;0;0;0;0;0;0;0;2;0;0;1;1;2;0;2017-01-27 13:00:00;-1;0;0;0;0;0;-1;1;-1;-1;-1;-1;-1;-1;0;0;3;0;0;3;-1;0;0;0;0;0;0;0;0;0;0;0;0;0;1;1;0;0;-1;-1;0;0;-1;-1;-1;-1;-1;-1;-1;-1;-1;0;0;0;50;50;50;50;0;0;0;0;4;1;Selangor;Melaka United;1.82;1.09;3;0;3;0;50;50;50;0;0;0;0;0;0;0;0;15;22;Y;Y;N;N;N;N;Y
4297;138;136;2017;complete;25;2;-1;27,62,65;23;3;1;4;-1;-1;-1;-1;-1;2;3;0;1;-1;-1;-1;-1;-1;-1;-1;-1;-1;-1;2;4;0;0;0;0;0;0;0;0;0;0;0;0;0;0;0;0;0;0;0;0;0;0;0;0;0;0;0;0;0;0;0;0;0;0;0;0;0;0;0;0;0;0;0;0;0;0;0;0;0;0;0;0;0;0;0;0;0;0;0;0;0;0;0;0;0;0;0;0;4;1;1;2;0;2;2;2017-01-27 13:00:00;138;0;50;0;0;0;-1;1;-1;-1;-1;-1;-1;-1;0;1;2;3;1;5;-1;0;0;0;0;0;0;0;0;0;0;0;0;0;1;1;0;0;-1;-1;0;0;-1;-1;-1;-1;-1;-1;-1;-1;-1;0;0;0;50;50;0;50;50;0;0;0;5;1;Johor Darul Ta'zim;FELDA United;2.64;1.45;1;0;1;3;50;50;50;0;0;0;0;0;0;0;0;15;22;Y;Y;Y;Y;N;N;Y
4298;181;140;2017;complete;25;3;-1;20,25,43,47,58;1,28,55;5;3;8;-1;-1;-1;-1;-1;3;2;0;1;-1;-1;-1;-1;-1;-1;-1;-1;-1;-1;3;3;0;0;0;0;0;0;0;0;0;0;0;0;0;0;0;0;0;0;0;0;0;0;0;0;0;0;0;0;0;0;0;0;0;0;0;0;0;0;0;0;0;0;0;0;0;0;0;0;0;0;0;0;0;0;0;0;0;0;0;0;0;0;0;0;0;0;0;0;8;3;2;2;1;3;5;2017-02-04 08:45:00;181;0;50;50;0;0;-1;1;-1;-1;-1;-1;-1;-1;3;1;0;2;4;2;-1;0;0;0;0;0;0;0;0;0;0;0;0;0;1;1;0;1;-1;-1;0;0;-1;-1;-1;-1;-1;-1;-1;-1;-1;0;50;50;50;50;50;50;50;0;0;0;1;2;PKNS;Selangor;1.09;1.18;0;0;0;2;50;0;0;0;0;0;0;0;0;0;0;15;22;Y;Y;Y;Y;Y;Y;Y
4299;135;129;2017;complete;25;3;-1;;24;0;1;1;-1;-1;-1;-1;-1;4;3;0;0;-1;-1;-1;-1;-1;-1;-1;-1;-1;-1;4;3;0;0;0;0;0;0;0;0;0;0;0;0;0;0;0;0;0;0;0;0;0;0;0;0;0;0;0;0;0;0;0;0;0;0;0;0;0;0;0;0;0;0;0;0;0;0;0;0;0;0;0;0;0;0;0;0;0;0;0;0;0;0;0;0;0;0;0;0;1;0;1;0;0;0;1;2017-02-04 12:15:00;129;0;50;0;50;0;-1;1;-1;-1;-1;-1;-1;-1;1;0;3;3;1;6;-1;0;0;0;0;0;0;0;0;0;0;0;0;0;1;1;0;0;-1;-1;0;0;-1;-1;-1;-1;-1;-1;-1;-1;-1;0;0;0;50;50;0;0;50;50;0;0;0;1;Sarawak;Pahang;0.91;1.73;0;1;0.5;2;50;50;50;0;0;0;0;0;0;0;0;15;22;Y;N;N;N;N;N;N
4300;136;132;2017;complete;25;3;-1;58;24;1;1;2;-1;-1;-1;-1;-1;3;3;0;0;-1;-1;-1;-1;-1;-1;-1;-1;-1;-1;3;3;0;0;0;0;0;0;0;0;0;0;0;0;0;0;0;0;0;0;0;0;0;0;0;0;0;0;0;0;0;0;0;0;0;0;0;0;0;0;0;0;0;0;0;0;0;0;0;0;0;0;0;0;0;0;0;0;0;0;0;0;0;0;0;0;0;0;0;0;2;0;1;1;0;1;1;2017-02-04 13:00:00;-1;0;50;0;0;0;-1;1;-1;-1;-1;-1;-1;-1;2;3;1;0;5;1;-1;0;0;0;0;0;0;0;0;0;0;0;0;0;1;1;0;0;-1;-1;0;0;-1;-1;-1;-1;-1;-1;-1;-1;-1;0;0;0;50;100;0;50;100;0;0;0;3;1.5;FELDA United;Kedah;2.09;1.27;3;1;1.5;2;100;100;100;50;0;0;0;0;0;0;0;15;22;Y;Y;N;N;N;N;Y
4301;130;180;2017;complete;25;3;-1;31,64,90;43,79;3;2;5;-1;-1;-1;-1;-1;1;1;0;0;-1;-1;-1;-1;-1;-1;-1;-1;-1;-1;1;1;0;0;0;0;0;0;0;0;0;0;0;0;0;0;0;0;0;0;0;0;0;0;0;0;0;0;0;0;0;0;0;0;0;0;0;0;0;0;0;0;0;0;0;0;0;0;0;0;0;0;0;0;0;0;0;0;0;0;0;0;0;0;0;0;0;0;0;0;5;1;1;2;1;3;2;2017-02-04 13:00:00;130;0;100;0;100;0;-1;1;-1;-1;-1;-1;-1;-1;0;1;1;0;1;1;-1;0;0;0;0;0;0;0;0;0;0;0;0;0;1;1;0;0;-1;-1;0;0;-1;-1;-1;-1;-1;-1;-1;-1;-1;0;0;0;100;100;0;0;100;100;0;0;3;2;Perak;Melaka United;1.73;1.09;1;1;2;1;100;100;100;0;0;0;0;0;0;0;0;15;22;Y;Y;Y;Y;Y;N;Y
4302;134;133;2017;complete;25;3;-1;71;;1;0;1;-1;-1;-1;-1;-1;3;2;0;0;-1;-1;-1;-1;-1;-1;-1;-1;-1;-1;3;2;0;0;0;0;0;0;0;0;0;0;0;0;0;0;0;0;0;0;0;0;0;0;0;0;0;0;0;0;0;0;0;0;0;0;0;0;0;0;0;0;0;0;0;0;0;0;0;0;0;0;0;0;0;0;0;0;0;0;0;0;0;0;0;0;0;0;0;0;1;0;0;1;0;1;0;2017-02-04 13:00:00;134;0;50;0;50;0;-1;1;-1;-1;-1;-1;-1;-1;0;1;3;1;1;4;-1;0;0;0;0;0;0;0;0;0;0;0;0;0;1;1;0;0;-1;-1;0;0;-1;-1;-1;-1;-1;-1;-1;-1;-1;0;0;0;100;100;50;50;50;50;0;0;2;2;PBDKT T-Team;Pulau Pinang;1.64;0.73;1;0;0.5;0;100;100;100;0;0;0;0;0;0;0;0;15;22;Y;N;N;N;N;N;N
4303;181;130;2017;complete;25;4;-1;45,47,85;;3;0;3;6;3;9;-1;-1;2;2;0;0;5;3;11;10;16;13;-1;-1;50;50;2;2;0;0;0;0;0;0;0;0;0;0;0;0;0;0;0;0;0;0;0;0;0;0;0;0;0;0;0;0;0;0;0;0;0;0;0;0;0;0;0;0;0;0;0;0;0;0;0;0;0;0;0;0;0;0;0;0;0;0;0;0;0;0;0;0;0;0;0;0;3;1;0;2;0;2;1;2017-02-11 08:45:00;181;0;50;50;25;0;-1;1;-1;-1;-1;-1;-1;-1;1;1;1;1;2;2;-1;0;0;0;0;0;0;0;0;0;0;0;0;0;1;1;0;0;-1;-1;0;0;-1;-1;-1;-1;-1;-1;-1;-1;-1;25;50;50;50;100;50;50;100;25;0;0;5;3.5;PKNS;Perak;1.09;1.36;1.5;3;1;2.33;75;50;50;50;0;0;0;0;0;0;0;15;22;Y;Y;Y;N;N;N;N
4304;132;129;2017;complete;25;4;-1;45,67,75,90;89;4;1;5;3;2;5;-1;-1;2;1;0;0;9;3;9;9;18;12;-1;-1;52;48;2;1;0;0;0;0;0;0;0;0;0;0;0;0;0;0;0;0;0;0;0;0;0;0;0;0;0;0;0;0;0;0;0;0;0;0;0;0;0;0;0;0;0;0;0;0;0;0;0;0;0;0;0;0;0;0;0;0;0;0;0;0;0;0;0;0;0;0;0;0;5;1;0;3;1;4;1;2017-02-11 13:00:00;132;0;75;50;25;0;-1;1;-1;-1;-1;-1;-1;-1;1;1;1;0;2;1;-1;0;0;0;0;0;0;0;0;0;0;0;0;0;1;1;0;0;-1;-1;0;1;-1;-1;-1;-1;-1;-1;-1;-1;-1;50;50;50;75;100;50;75;75;75;0;0;3.5;3.25;Kedah;Pahang;1.91;1.73;3;2;1.67;2.33;50;50;50;25;0;0;0;0;0;0;0;15;22;Y;Y;Y;Y;Y;N;Y
4305;133;135;2017;complete;25;4;-1;;72;0;1;1;12;2;14;-1;-1;1;0;0;0;8;7;10;3;18;10;-1;-1;53;47;1;0;0;0;0;0;0;0;0;0;0;0;0;0;0;0;0;0;0;0;0;0;0;0;0;0;0;0;0;0;0;0;0;0;0;0;0;0;0;0;0;0;0;0;0;0;0;0;0;0;0;0;0;0;0;0;0;0;0;0;0;0;0;0;0;0;0;0;0;0;1;0;0;0;1;1;0;2017-02-11 13:00:00;135;0;50;25;25;0;-1;1;-1;-1;-1;-1;-1;-1;0;0;1;0;0;1;-1;0;0;0;0;0;0;0;0;0;0;0;0;0;1;1;0;0;-1;-1;0;0;-1;-1;-1;-1;-1;-1;-1;-1;-1;25;25;25;50;100;25;25;100;50;0;0;3;2.25;Pulau Pinang;Sarawak;0.36;1;0;0.5;0;0.33;75;75;75;50;0;0;0;0;0;0;0;15;22;Y;N;N;N;N;N;N
4306;180;134;2017;complete;25;4;-1;48;5,15;1;2;3;6;2;8;-1;-1;0;1;0;0;9;6;18;3;27;9;-1;-1;59;41;0;1;0;0;0;0;0;0;0;0;0;0;0;0;0;0;0;0;0;0;0;0;0;0;0;0;0;0;0;0;0;0;0;0;0;0;0;0;0;0;0;0;0;0;0;0;0;0;0;0;0;0;0;0;0;0;0;0;0;0;0;0;0;0;0;0;0;0;0;0;3;0;2;1;0;1;2;2017-02-11 13:00:00;134;0;0;0;0;0;-1;1;-1;-1;-1;-1;-1;-1;0;0;0;1;0;1;-1;0;0;0;0;0;0;0;0;0;0;0;0;0;1;1;0;1;-1;-1;0;0;-1;-1;-1;-1;-1;-1;-1;-1;-1;50;50;50;50;50;0;50;50;50;0;0;1;2.5;Melaka United;PBDKT T-Team;1.09;0.73;0;0;0.5;1.33;0;0;0;0;0;0;0;0;0;0;0;15;22;Y;Y;Y;N;N;N;Y
4307;138;140;2017;complete;25;4;-1;;;0;0;0;10;0;10;-1;-1;1;4;0;0;7;0;11;3;18;3;-1;-1;71;29;1;4;0;0;0;0;0;0;0;0;0;0;0;0;0;0;0;0;0;0;0;0;0;0;0;0;0;0;0;0;0;0;0;0;0;0;0;0;0;0;0;0;0;0;0;0;0;0;0;0;0;0;0;0;0;0;0;0;0;0;0;0;0;0;0;0;0;0;0;0;0;0;0;0;0;0;0;2017-02-11 13:00:00;-1;0;100;75;50;0;-1;1;-1;-1;-1;-1;-1;-1;0;1;1;3;1;4;-1;0;0;0;0;0;0;0;0;0;0;0;0;0;1;1;0;0;-1;-1;0;0;-1;-1;-1;-1;-1;-1;-1;-1;-1;50;75;75;100;100;75;100;100;75;0;0;6.5;5.5;Johor Darul Ta'zim;Selangor;2.64;1.18;2;0;2;1.33;50;25;25;0;0;0;0;0;0;0;0;15;22;N;N;N;N;N;N;N
4308;136;137;2017;complete;25;4;-1;45;34,90;1;2;3;7;6;13;-1;-1;1;2;0;0;4;7;9;5;13;12;-1;-1;52;48;1;2;0;0;0;0;0;0;0;0;0;0;0;0;0;0;0;0;0;0;0;0;0;0;0;0;0;0;0;0;0;0;0;0;0;0;0;0;0;0;0;0;0;0;0;0;0;0;0;0;0;0;0;0;0;0;0;0;0;0;0;0;0;0;0;0;0;0;0;0;3;1;1;0;1;1;2;2017-02-11 13:00:00;137;0;75;50;0;0;-1;1;-1;-1;-1;-1;-1;-1;0;0;1;2;0;3;-1;0;0;0;0;0;0;0;0;0;0;0;0;0;1;1;0;0;-1;-1;0;0;-1;-1;-1;-1;-1;-1;-1;-1;-1;0;50;50;75;100;50;75;100;0;0;0;3.5;2.75;FELDA United;Kelantan;2.09;1.73;2;3;1.33;3;100;50;50;25;0;0;0;0;0;0;0;15;22;Y;Y;Y;N;N;N;Y
4309;140;136;2017;complete;25;5;-1;29,43,45;84;3;1;4;5;6;11;-1;-1;1;2;0;0;6;10;6;9;12;19;-1;-1;41;59;1;2;0;0;0;0;0;0;0;0;0;0;0;0;0;0;0;0;0;0;0;0;0;0;0;0;0;0;0;0;0;0;0;0;0;0;0;0;0;0;0;0;0;0;0;0;0;0;0;0;0;0;0;0;0;0;0;0;0;0;0;0;0;0;0;0;0;0;0;0;4;3;0;0;1;1;3;2017-02-17 13:00:00;140;0;75;50;25;0;-1;1;-1;-1;-1;-1;-1;-1;1;2;0;0;3;0;-1;0;0;0;0;0;0;0;0;0;0;0;0;0;1;1;0;0;-1;-1;0;0;-1;-1;-1;-1;-1;-1;-1;-1;-1;0;50;50;100;100;75;75;75;75;0;0;7.5;3;Selangor;FELDA United;1.82;1.45;2;0;1.25;1;100;50;50;0;0;0;0;0;0;0;0;15;22;Y;Y;Y;Y;N;N;Y
4310;135;180;2017;complete;25;5;-1;;14;0;1;1;5;4;9;-1;-1;-1;-1;-1;-1;6;3;9;7;15;10;-1;-1;63;37;-1;-1;0;0;0;0;0;0;0;0;0;0;0;0;0;0;0;0;0;0;0;0;0;0;0;0;0;0;0;0;0;0;0;0;0;0;0;0;0;0;0;0;0;0;0;0;0;0;0;0;0;0;0;0;0;0;0;0;0;0;0;0;0;0;0;0;0;0;0;0;1;0;1;0;0;0;1;2017-02-18 12:15:00;180;0;50;25;50;0;-1;-1;-1;-1;-1;-1;-1;-1;-1;-1;-1;-1;-1;-1;-1;0;0;0;0;0;0;0;0;0;0;0;0;0;1;1;0;0;-1;-1;-1;-1;-1;-1;-1;-1;-1;-1;-1;-1;-1;25;25;25;50;100;25;75;50;50;0;0;4.5;2.25;Sarawak;Melaka United;0.91;1.09;0;0.5;1;0.33;75;75;75;50;0;0;0;0;0;0;0;15;22;Y;N;N;N;N;N;N
4311;137;132;2017;complete;25;5;-1;;82;0;1;1;2;8;10;-1;-1;1;1;0;0;7;10;4;5;11;15;-1;-1;43;57;1;1;0;0;0;0;0;0;0;0;0;0;0;0;0;0;0;0;0;0;0;0;0;0;0;0;0;0;0;0;0;0;0;0;0;0;0;0;0;0;0;0;0;0;0;0;0;0;0;0;0;0;0;0;0;0;0;0;0;0;0;0;0;0;0;0;0;0;0;0;1;0;0;0;1;1;0;2017-02-18 13:00:00;132;0;50;0;0;0;-1;1;-1;-1;-1;-1;-1;-1;0;1;1;0;1;1;-1;0;0;0;0;0;0;0;0;1;0;1;0;0;1;1;0;0;-1;-1;0;0;-1;-1;-1;-1;-1;-1;-1;-1;-1;0;0;0;50;50;0;50;50;0;0;0;3;1;Kelantan;Kedah;0.55;1.27;0;1;3;2;50;50;50;0;0;0;0;0;0;0;0;15;22;Y;N;N;N;N;N;N
4312;130;138;2017;complete;25;5;-1;8,75;10;2;1;3;5;2;7;-1;-1;1;0;0;0;8;2;8;7;16;9;-1;-1;32;68;1;0;0;0;0;0;0;0;0;0;0;0;0;0;0;0;0;0;0;0;0;0;0;0;0;0;0;0;0;0;0;0;0;0;0;0;0;0;0;0;0;0;0;0;0;0;0;0;0;0;0;0;0;0;0;0;0;0;0;0;0;0;0;0;0;0;0;0;0;0;3;1;1;1;0;1;2;2017-02-18 13:00:00;130;0;50;25;50;0;-1;1;-1;-1;-1;-1;-1;-1;0;0;1;0;0;1;-1;0;0;0;0;0;0;0;0;0;0;0;0;0;1;1;1;1;-1;-1;0;0;-1;-1;-1;-1;-1;-1;-1;-1;-1;25;25;25;50;50;25;25;50;50;0;0;2;1.75;Perak;Johor Darul Ta'zim;1.73;1.82;2;0;1.75;1.67;25;25;25;0;0;0;0;0;0;0;0;15;22;Y;Y;Y;N;N;N;Y
4313;134;181;2017;complete;25;5;-1;10,45;79,90;2;2;4;2;9;11;-1;-1;2;2;0;0;3;6;5;9;8;15;-1;-1;49;51;2;2;0;0;0;0;0;0;0;0;0;0;0;0;0;0;0;0;0;0;0;0;0;0;0;0;0;0;0;0;0;0;0;0;0;0;0;0;0;0;0;0;0;0;0;0;0;0;0;0;0;0;0;0;0;0;0;0;0;0;0;0;0;0;0;0;0;0;0;0;4;2;0;0;2;2;2;2017-02-18 13:00:00;-1;0;25;0;25;0;-1;1;-1;-1;-1;-1;-1;-1;0;0;2;2;0;4;-1;0;0;0;0;0;0;0;0;0;0;0;0;0;1;1;1;0;-1;-1;0;0;-1;-1;-1;-1;-1;-1;-1;-1;-1;0;0;0;25;100;0;0;100;25;0;0;2.5;1.25;PBDKT T-Team;PKNS;1.64;1.18;2;0;1.75;1.5;100;100;100;75;0;0;0;0;0;0;0;15;22;Y;Y;Y;Y;N;N;Y
4314;129;133;2017;complete;25;5;-1;16,25,66,73,85,86;31;6;1;7;3;2;5;-1;-1;1;1;0;0;12;3;7;2;19;5;-1;-1;54;46;1;1;0;0;0;0;0;0;0;0;0;0;0;0;0;0;0;0;0;0;0;0;0;0;0;0;0;0;0;0;0;0;0;0;0;0;0;0;0;0;0;0;0;0;0;0;0;0;0;0;0;0;0;0;0;0;0;0;0;0;0;0;0;0;0;0;0;0;0;0;7;2;1;4;0;4;3;2017-02-18 13:00:00;129;0;0;0;0;0;-1;1;-1;-1;-1;-1;-1;-1;1;1;0;0;2;0;-1;0;0;0;0;0;0;0;0;0;0;0;0;0;1;1;0;0;-1;-1;0;0;-1;-1;-1;-1;-1;-1;-1;-1;-1;50;50;50;75;100;25;75;75;50;0;0;4;3.25;Pahang;Pulau Pinang;1.91;0.73;3;0;1.75;0;50;50;50;25;0;0;0;0;0;0;0;15;22;Y;Y;Y;Y;Y;Y;Y
4315;137;180;2017;complete;25;1;-1;;59,90;0;2;2;5;3;8;-1;-1;1;0;0;0;7;4;6;7;13;11;-1;-1;54;46;1;0;0;0;0;0;0;0;0;0;0;0;0;0;0;0;0;0;0;0;0;0;0;0;0;0;0;0;0;0;0;0;0;0;0;0;0;0;0;0;0;0;0;0;0;0;0;0;0;0;0;0;0;0;0;0;0;0;0;0;0;0;0;0;0;0;0;0;0;0;2;0;0;0;2;2;0;2017-02-21 13:00:00;180;0;34;17;34;0;-1;1;-1;-1;-1;-1;-1;-1;0;0;1;0;0;1;-1;0;0;0;0;0;0;0;0;0;0;0;0;0;1;1;0;0;-1;-1;0;0;-1;-1;-1;-1;-1;-1;-1;-1;-1;17;17;17;34;100;17;34;84;34;6;0;1.5;1.84;Kelantan;Melaka United;0.55;1.09;0;1.33;2;1;84;84;84;67;0;100;50;0;0;0;0;15;22;Y;Y;N;N;N;N;N
4316;181;135;2017;complete;25;6;-1;55,90;18,60,63;2;3;5;10;3;13;-1;-1;1;2;0;0;7;11;11;5;18;16;-1;-1;52;48;1;2;0;0;0;0;0;0;0;0;0;0;0;0;0;0;0;0;0;0;0;0;0;0;0;0;0;0;0;0;0;0;0;0;0;0;0;0;0;0;0;0;0;0;0;0;0;0;0;0;0;0;0;0;0;0;0;0;0;0;0;0;0;0;0;0;0;0;0;0;5;0;1;2;2;4;1;2017-02-25 08:45:00;135;0;67;50;33;0;-1;1;-1;-1;-1;-1;-1;-1;1;1;0;1;2;1;-1;0;0;0;0;0;0;0;0;0;0;0;0;0;1;1;0;0;-1;-1;0;0;-1;-1;-1;-1;-1;-1;-1;-1;-1;33;50;67;84;100;50;67;100;67;8;0;2.67;3.84;PKNS;Sarawak;1.09;1;2;1.33;1.4;0.8;67;50;34;17;0;100;50;50;0;0;0;15;22;Y;Y;Y;Y;Y;N;Y
4317;132;133;2017;complete;25;6;-1;21,75,86;19;3;1;4;3;0;3;-1;-1;2;0;1;0;5;2;3;1;8;3;-1;-1;65;35;4;0;0;0;0;0;0;0;0;0;0;0;0;0;0;0;0;0;0;0;0;0;0;0;0;0;0;0;0;0;0;0;0;0;0;0;0;0;0;0;0;0;0;0;0;0;0;0;0;0;0;0;0;0;0;0;0;0;0;0;0;0;0;0;0;0;0;0;0;0;4;1;1;2;0;2;2;2017-02-25 13:00:00;132;0;67;42;25;0;-1;1;-1;-1;-1;-1;-1;-1;2;0;1;0;2;1;-1;0;0;0;0;0;0;0;0;0;0;0;0;0;1;1;0;0;-1;-1;0;0;-1;-1;-1;-1;-1;-1;-1;-1;-1;67;67;67;84;100;59;84;84;67;5;0;3.67;4.17;Kedah;Pulau Pinang;1.91;0.73;3;0;2.2;0;34;34;34;17;0;0;0;0;0;0;0;15;22;Y;Y;Y;Y;N;N;Y
4318;180;129;2017;complete;25;6;-1;90;21,43,57;1;3;4;5;5;10;-1;-1;-1;-1;-1;-1;6;9;5;7;11;16;-1;-1;51;49;-1;-1;0;0;0;0;0;0;0;0;0;0;0;0;0;0;0;0;0;0;0;0;0;0;0;0;0;0;0;0;0;0;0;0;0;0;0;0;0;0;0;0;0;0;0;0;0;0;0;0;0;0;0;0;0;0;0;0;0;0;0;0;0;0;0;0;0;0;0;0;4;0;2;1;1;2;2;2017-02-25 13:00:00;129;0;84;0;34;0;-1;-1;-1;-1;-1;-1;-1;-1;-1;-1;-1;-1;-1;-1;-1;0;0;0;0;0;0;0;0;0;0;0;0;0;1;1;0;0;-1;-1;-1;-1;-1;-1;-1;-1;-1;-1;-1;-1;-1;17;17;67;84;100;50;84;84;34;8;0;1.33;2.84;Melaka United;Pahang;1.09;1.73;0;1.33;1.4;2;84;84;34;17;0;0;0;0;0;0;0;15;22;Y;Y;Y;Y;N;N;Y
4319;138;134;2017;complete;25;6;-1;10,31,40;;3;0;3;7;0;7;-1;-1;0;2;0;0;4;0;0;0;4;0;-1;-1;77;23;0;2;0;0;0;0;0;0;0;0;0;0;0;0;0;0;0;0;0;0;0;0;0;0;0;0;0;0;0;0;0;0;0;0;0;0;0;0;0;0;0;0;0;0;0;0;0;0;0;0;0;0;0;0;0;0;0;0;0;0;0;0;0;0;0;0;0;0;0;0;3;3;0;0;0;0;3;2017-02-25 13:00:00;138;0;59;17;0;0;-1;1;-1;-1;-1;-1;-1;-1;0;0;0;2;0;2;-1;0;0;0;0;0;0;0;0;0;0;0;0;0;1;1;1;0;-1;-1;0;0;-1;-1;-1;-1;-1;-1;-1;-1;-1;25;42;67;84;84;42;84;84;42;12;0;3.67;3;Johor Darul Ta'zim;PBDKT T-Team;2.64;0.73;1.67;1.5;1.25;1.6;75;59;34;17;17;50;50;0;0;0;0;15;22;Y;Y;Y;N;N;N;N
4320;136;130;2017;complete;25;6;-1;67,68;13,51;2;2;4;9;3;12;-1;-1;1;1;0;0;8;4;7;7;15;11;-1;-1;58;42;1;1;0;0;0;0;0;0;0;0;0;0;0;0;0;0;0;0;0;0;0;0;0;0;0;0;0;0;0;0;0;0;0;0;0;0;0;0;0;0;0;0;0;0;0;0;0;0;0;0;0;0;0;0;0;0;0;0;0;0;0;0;0;0;0;0;0;0;0;0;4;0;1;2;1;3;1;2017-02-25 13:00:00;-1;0;34;17;0;0;-1;1;-1;-1;-1;-1;-1;-1;1;0;0;1;1;1;-1;0;0;0;0;0;0;0;0;0;0;0;0;0;1;1;0;0;-1;-1;0;0;-1;-1;-1;-1;-1;-1;-1;-1;-1;0;0;42;59;100;17;59;100;25;10;0;3.83;2;FELDA United;Perak;2.09;1.36;1.33;1.5;0.8;2;100;100;59;42;0;100;50;50;0;0;0;15;22;Y;Y;Y;Y;N;N;Y
4321;137;140;2017;complete;25;6;-1;;4,63;0;2;2;4;10;14;-1;-1;0;2;0;0;4;8;10;4;14;12;-1;-1;60;40;0;2;0;0;0;0;0;0;0;0;0;0;0;0;0;0;0;0;0;0;0;0;0;0;0;0;0;0;0;0;0;0;0;0;0;0;0;0;0;0;0;0;0;0;0;0;0;0;0;0;0;0;0;0;0;0;0;0;0;0;0;0;0;0;0;0;0;0;0;0;2;0;1;0;1;1;1;2017-02-25 13:00:00;140;0;25;25;25;0;-1;1;-1;-1;-1;-1;-1;-1;0;2;0;0;2;0;-1;0;0;0;0;0;0;0;0;0;0;0;0;0;1;1;0;1;-1;-1;0;0;-1;-1;-1;-1;-1;-1;-1;-1;-1;25;25;25;50;75;25;25;75;50;3.5;0;4.5;2.75;Kelantan;Selangor;0.55;1.18;0;0.5;1.5;1.6;75;75;75;50;25;75;75;0;0;0;0;15;22;Y;Y;N;N;N;N;N
4322;135;138;2017;complete;25;7;-1;;9,70;0;2;2;-1;-1;-1;-1;-1;2;1;0;0;-1;-1;-1;-1;-1;-1;-1;-1;-1;-1;2;1;0;0;0;0;0;0;0;0;0;0;0;0;0;0;0;0;0;0;0;0;0;0;0;0;0;0;0;0;0;0;0;0;0;0;0;0;0;0;0;0;0;0;0;0;0;0;0;0;0;0;0;0;0;0;0;0;0;0;0;0;0;0;0;0;0;0;0;0;2;0;1;0;1;1;1;2017-02-28 12:15:00;138;0;50;50;0;0;-1;1;-1;-1;-1;-1;-1;-1;1;0;1;1;1;2;-1;0;0;0;0;0;0;0;0;0;0;0;0;0;1;1;0;1;-1;-1;0;0;-1;-1;-1;-1;-1;-1;-1;-1;-1;0;0;50;50;100;50;100;50;0;7;0;4;2;Sarawak;Johor Darul Ta'zim;0.91;1.82;0;0;1.17;1.6;100;100;50;50;0;50;0;0;0;0;0;15;22;Y;Y;N;N;N;N;N
4323;129;181;2017;complete;25;7;-1;19,58,70;;3;0;3;6;4;10;-1;-1;3;1;0;0;8;5;3;6;11;11;-1;-1;53;47;3;1;0;0;0;0;0;0;0;0;0;0;0;0;0;0;0;0;0;0;0;0;0;0;0;0;0;0;0;0;0;0;0;0;0;0;0;0;0;0;0;0;0;0;0;0;0;0;0;0;0;0;0;0;0;0;0;0;0;0;0;0;0;0;0;0;0;0;0;0;3;1;0;2;0;2;1;2017-02-28 13:00:00;129;0;50;25;0;0;-1;1;-1;-1;-1;-1;-1;-1;0;0;3;1;0;4;-1;0;0;0;0;0;0;0;0;0;0;0;0;0;1;1;0;0;-1;-1;0;0;-1;-1;-1;-1;-1;-1;-1;-1;-1;50;75;75;75;100;50;75;100;75;12;0;3;4.25;Pahang;PKNS;1.91;1.18;3;0.5;2.17;1.17;50;25;25;25;0;50;50;50;0;0;0;15;22;Y;Y;Y;N;N;N;N
4324;140;132;2017;complete;25;7;-1;90;81;1;1;2;1;3;4;-1;-1;1;3;0;0;4;4;5;7;9;11;-1;-1;36;64;1;3;0;0;0;0;0;0;0;0;0;0;0;0;0;0;0;0;0;0;0;0;0;0;0;0;0;0;0;0;0;0;0;0;0;0;0;0;0;0;0;0;0;0;0;0;0;0;0;0;0;0;0;0;0;0;0;0;0;0;0;0;0;0;0;0;0;0;0;0;2;0;0;1;1;2;0;2017-03-01 13:00:00;-1;0;67;0;17;0;-1;1;-1;-1;-1;-1;-1;-1;0;1;1;2;1;3;-1;0;0;0;0;0;0;0;0;0;0;0;0;0;1;1;0;0;-1;-1;0;0;-1;-1;-1;-1;-1;-1;-1;-1;-1;0;17;17;84;100;34;67;84;17;13;0;5;2.17;Selangor;Kedah;1.82;1.27;2.33;1.67;1.83;2.33;100;84;84;17;0;100;100;50;0;0;0;15;22;Y;Y;N;N;N;N;Y
4325;130;137;2017;complete;25;7;-1;18,90;38,83,88,90;2;4;6;5;2;7;-1;-1;2;1;0;0;8;10;8;6;16;16;-1;-1;52;48;2;1;0;0;0;0;0;0;0;0;0;0;0;0;0;0;0;0;0;0;0;0;0;0;0;0;0;0;0;0;0;0;0;0;0;0;0;0;0;0;0;0;0;0;0;0;0;0;0;0;0;0;0;0;0;0;0;0;0;0;0;0;0;0;0;0;0;0;0;0;6;1;1;1;3;4;2;2017-03-01 13:00:00;137;0;100;84;34;0;-1;1;-1;-1;-1;-1;-1;-1;1;0;1;1;1;2;-1;0;0;0;0;0;0;0;0;0;0;0;0;0;1;1;0;0;-1;-1;0;0;-1;-1;-1;-1;-1;-1;-1;-1;-1;17;42;84;100;100;84;84;100;34;11;0;3.67;3.42;Perak;Kelantan;1.73;1.73;2.33;3;1.83;1.2;84;59;17;0;0;50;50;50;0;0;0;15;22;Y;Y;Y;Y;Y;Y;Y
4326;134;136;2017;complete;25;7;-1;;;0;0;0;3;9;12;-1;-1;0;1;0;1;4;5;7;5;11;10;-1;-1;51;49;0;2;0;0;0;0;0;0;0;0;0;0;0;0;0;0;0;0;0;0;0;0;0;0;0;0;0;0;0;0;0;0;0;0;0;0;0;0;0;0;0;0;0;0;0;0;0;0;0;0;0;0;0;0;0;0;0;0;0;0;0;0;0;0;0;0;0;0;0;0;0;0;0;0;0;0;0;2017-03-01 13:00:00;-1;0;84;25;17;0;-1;1;-1;-1;-1;-1;-1;-1;0;0;0;2;0;2;-1;0;0;0;0;0;0;0;0;0;0;0;0;0;1;1;0;0;-1;-1;0;0;-1;-1;-1;-1;-1;-1;-1;-1;-1;0;67;67;84;100;67;67;100;59;8;0;4.67;3.17;PBDKT T-Team;FELDA United;1.64;1.45;1.67;0;1.33;0.83;100;34;34;17;0;100;100;100;0;0;0;15;22;N;N;N;N;N;N;N
4327;133;180;2017;complete;25;7;-1;88;6;1;1;2;3;9;12;-1;-1;3;1;0;0;4;5;7;5;11;10;-1;-1;51;49;3;1;0;0;0;0;0;0;0;0;0;0;0;0;0;0;0;0;0;0;0;0;0;0;0;0;0;0;0;0;0;0;0;0;0;0;0;0;0;0;0;0;0;0;0;0;0;0;0;0;0;0;0;0;0;0;0;0;0;0;0;0;0;0;0;0;0;0;0;0;2;0;1;1;0;1;1;2017-03-01 13:00:00;-1;0;25;13;25;0;-1;1;-1;-1;-1;-1;-1;-1;0;0;3;1;0;4;-1;0;0;0;0;0;0;0;0;0;0;0;0;0;1;1;0;1;-1;-1;0;0;-1;-1;-1;-1;-1;-1;-1;-1;-1;13;13;13;38;100;13;25;88;38;15.5;0;1.83;1.75;Pulau Pinang;Melaka United;0.36;1.09;0;1.75;0;1.17;88;88;88;63;0;75;50;50;0;0;0;15;22;Y;Y;N;N;N;N;Y
4328;138;129;2017;complete;25;8;-1;30,36,56;15,68;3;2;5;5;2;7;-1;-1;2;2;0;0;5;4;6;2;11;6;-1;-1;56;44;2;2;0;0;0;0;0;0;0;0;0;0;0;0;0;0;0;0;0;0;0;0;0;0;0;0;0;0;0;0;0;0;0;0;0;0;0;0;0;0;0;0;0;0;0;0;0;0;0;0;0;0;0;0;0;0;0;0;0;0;0;0;0;0;0;0;0;0;0;0;5;2;1;1;1;2;3;2017-03-03 13:00:00;138;0;63;13;38;0;-1;1;-1;-1;-1;-1;-1;-1;0;1;2;1;1;3;-1;0;0;0;0;0;0;0;0;0;0;0;0;0;1;1;0;0;-1;-1;0;0;-1;-1;-1;-1;-1;-1;-1;-1;-1;13;38;50;75;88;38;75;63;50;12;0;3.33;2.63;Johor Darul Ta'zim;Pahang;2.64;1.73;2;1.75;1.83;2.29;88;63;50;25;13;50;50;0;0;0;0;15;22;Y;Y;Y;Y;Y;N;Y
4329;181;133;2017;complete;25;8;-1;28;53;1;1;2;1;8;9;-1;-1;2;0;0;0;5;6;6;15;11;21;-1;-1;49;51;2;0;0;0;0;0;0;0;0;0;0;0;0;0;0;0;0;0;0;0;0;0;0;0;0;0;0;0;0;0;0;0;0;0;0;0;0;0;0;0;0;0;0;0;0;0;0;0;0;0;0;0;0;0;0;0;0;0;0;0;0;0;0;0;0;0;0;0;0;0;2;1;0;0;1;1;1;2017-03-04 08:45:00;-1;0;63;50;25;0;-1;1;-1;-1;-1;-1;-1;-1;1;0;1;0;1;1;-1;0;0;0;0;0;0;0;0;0;0;0;0;0;1;1;0;0;-1;-1;0;0;-1;-1;-1;-1;-1;-1;-1;-1;-1;38;63;75;88;100;63;88;88;63;9;0;3;4.25;PKNS;Pulau Pinang;1.09;0.73;1.5;0;1;0.14;63;38;25;13;0;50;25;25;0;0;0;15;22;Y;Y;N;N;N;N;Y
4330;132;180;2017;complete;25;8;-1;34,49,79,90;;4;0;4;5;2;7;-1;-1;2;3;0;0;6;0;2;2;8;2;-1;-1;57;43;2;3;0;0;0;0;0;0;0;0;0;0;0;0;0;0;0;0;0;0;0;0;0;0;0;0;0;0;0;0;0;0;0;0;0;0;0;0;0;0;0;0;0;0;0;0;0;0;0;0;0;0;0;0;0;0;0;0;0;0;0;0;0;0;0;0;0;0;0;0;4;1;0;3;0;3;1;2017-03-04 13:00:00;132;0;80;44;37;0;-1;1;-1;-1;-1;-1;-1;-1;0;1;2;2;1;4;-1;0;0;0;0;0;0;0;0;0;0;0;0;0;1;1;0;0;-1;-1;0;0;-1;-1;-1;-1;-1;-1;-1;-1;-1;44;60;60;90;100;44;80;90;80;8.33;0;3.17;3.54;Kedah;Melaka United;1.91;1.09;3;1.6;2.14;1.14;57;40;40;10;0;34;17;17;0;0;0;15;22;Y;Y;Y;Y;N;N;N
4331;136;135;2017;complete;25;8;-1;53,70;;2;0;2;7;6;13;-1;-1;1;1;0;0;6;9;6;10;12;19;-1;-1;58;42;1;1;0;0;0;0;0;0;0;0;0;0;0;0;0;0;0;0;0;0;0;0;0;0;0;0;0;0;0;0;0;0;0;0;0;0;0;0;0;0;0;0;0;0;0;0;0;0;0;0;0;0;0;0;0;0;0;0;0;0;0;0;0;0;0;0;0;0;0;0;2;0;0;2;0;2;0;2017-03-04 13:00:00;136;0;75;25;38;0;-1;1;-1;-1;-1;-1;-1;-1;0;0;1;1;0;2;-1;0;0;0;0;0;0;0;0;0;0;0;0;0;1;1;0;0;-1;-1;0;0;-1;-1;-1;-1;-1;-1;-1;-1;-1;25;38;50;75;100;25;63;100;50;10.5;0;2.25;2.88;FELDA United;Sarawak;2.09;1;1.25;1.75;0.86;1;75;63;50;25;0;100;100;100;0;0;0;15;22;Y;Y;N;N;N;N;N
4332;137;134;2017;complete;25;8;-1;7,69,76,83;46,90;4;2;6;6;5;11;-1;-1;1;0;0;0;8;5;0;6;8;11;-1;-1;48;52;1;0;0;0;0;0;0;0;0;0;0;0;0;0;0;0;0;0;0;0;0;0;0;0;0;0;0;0;0;0;0;0;0;0;0;0;0;0;0;0;0;0;0;0;0;0;0;0;0;0;0;0;0;0;0;0;0;0;0;0;0;0;0;0;0;0;0;0;0;0;6;1;0;3;2;5;1;2017-03-04 13:00:00;137;0;17;0;0;0;-1;1;-1;-1;-1;-1;-1;-1;0;0;1;0;0;1;-1;0;0;0;0;0;0;0;0;0;0;0;0;0;1;1;1;0;-1;-1;0;0;-1;-1;-1;-1;-1;-1;-1;-1;-1;17;17;50;84;100;34;67;84;33;4.67;0;2;2.67;Kelantan;PBDKT T-Team;0.55;0.73;0;1;1.5;1.29;84;84;50;17;0;34;34;17;0;0;0;15;22;Y;Y;Y;Y;Y;Y;Y
4333;140;130;2017;complete;25;8;-1;;67;0;1;1;8;3;11;-1;-1;2;1;1;0;3;6;4;6;7;12;-1;-1;47;53;3;1;0;0;0;0;0;0;0;0;0;0;0;0;0;0;0;0;0;0;0;0;0;0;0;0;0;0;0;0;0;0;0;0;0;0;0;0;0;0;0;0;0;0;0;0;0;0;0;0;0;0;0;0;0;0;0;0;0;0;0;0;0;0;0;0;0;0;0;0;1;0;0;0;1;1;0;2017-03-04 13:00:00;130;0;54;0;42;0;-1;1;-1;-1;-1;-1;-1;-1;2;0;1;1;2;2;-1;0;0;0;0;0;0;0;0;1;0;1;0;0;1;1;0;0;-1;-1;0;0;-1;-1;-1;-1;-1;-1;-1;-1;-1;0;29;46;84;100;25;59;88;59;6;0;4.25;2.59;Selangor;Perak;1.82;1.36;2;1.33;1.71;1.57;100;71;54;17;0;75;50;50;0;0;0;15;22;Y;N;N;N;N;N;N
4334;132;181;2017;complete;25;9;-1;37;29;1;1;2;5;0;5;-1;-1;3;4;0;0;5;3;2;0;7;3;-1;-1;66;34;3;4;0;0;0;0;0;0;0;0;0;0;0;0;0;0;0;0;0;0;0;0;0;0;0;0;0;0;0;0;0;0;0;0;0;0;0;0;0;0;0;0;0;0;0;0;0;0;0;0;0;0;0;0;0;0;0;0;0;0;0;0;0;0;0;0;0;0;0;0;2;1;1;0;0;0;2;2017-04-08 13:00:00;-1;0;54;25;13;0;-1;1;-1;-1;-1;-1;-1;-1;1;3;2;1;4;3;-1;0;0;0;0;0;0;0;0;0;0;0;0;0;1;1;0;0;-1;-1;1;1;-1;-1;-1;-1;-1;-1;-1;-1;-1;25;67;84;84;100;42;84;100;84;10.17;0;3.83;3.59;Kedah;PKNS;1.91;1.18;3;0.33;2.25;1;75;34;17;17;0;50;50;25;0;0;0;15;22;Y;Y;N;N;N;N;Y
4335;137;129;2017;complete;25;9;-1;16;60,62;1;2;3;3;5;8;-1;-1;1;3;0;0;5;6;4;15;9;21;-1;-1;40;60;1;3;0;0;0;0;0;0;0;0;0;0;0;0;0;0;0;0;0;0;0;0;0;0;0;0;0;0;0;0;0;0;0;0;0;0;0;0;0;0;0;0;0;0;0;0;0;0;0;0;0;0;0;0;0;0;0;0;0;0;0;0;0;0;0;0;0;0;0;0;3;1;0;0;2;2;1;2017-04-08 13:00:00;129;0;53;10;53;0;-1;1;-1;-1;-1;-1;-1;-1;1;1;0;2;2;2;-1;0;0;0;0;0;0;0;0;0;0;0;0;0;1;1;0;0;-1;-1;0;0;-1;-1;-1;-1;-1;-1;-1;-1;-1;33;43;43;78;100;20;65;90;65;7.25;0;2.25;3.08;Kelantan;Pahang;0.55;1.73;0.75;1.4;1.71;2;68;58;58;23;0;54;54;25;0;0;0;15;22;Y;Y;Y;N;N;N;Y
4336;140;135;2017;complete;25;9;-1;22,49;83;2;1;3;6;8;14;-1;-1;1;1;0;0;8;9;6;5;14;14;-1;-1;47;53;1;1;0;0;0;0;0;0;0;0;0;0;0;0;0;0;0;0;0;0;0;0;0;0;0;0;0;0;0;0;0;0;0;0;0;0;0;0;0;0;0;0;0;0;0;0;0;0;0;0;0;0;0;0;0;0;0;0;0;0;0;0;0;0;0;0;0;0;0;0;3;1;0;1;1;2;1;2017-04-08 13:00:00;140;0;60;10;40;0;-1;1;-1;-1;-1;-1;-1;-1;1;0;0;1;1;1;-1;0;0;0;0;0;0;0;0;0;0;0;0;0;1;1;0;0;-1;-1;0;0;-1;-1;-1;-1;-1;-1;-1;-1;-1;20;30;30;80;100;30;40;90;60;8.34;0;3.4;2.6;Selangor;Sarawak;1.82;1;1.6;1.4;1.5;0.88;80;70;70;20;0;84;84;84;0;0;0;15;22;Y;Y;Y;N;N;N;Y
4337;130;134;2017;complete;25;9;-1;13,90;49,72;2;2;4;7;5;12;-1;-1;1;2;0;0;10;10;12;6;22;16;-1;-1;57;43;1;2;0;0;0;0;0;0;0;0;0;0;0;0;0;0;0;0;0;0;0;0;0;0;0;0;0;0;0;0;0;0;0;0;0;0;0;0;0;0;0;0;0;0;0;0;0;0;0;0;0;0;0;0;0;0;0;0;0;0;0;0;0;0;0;0;0;0;0;0;4;1;0;1;2;3;1;2017-04-08 13:00:00;-1;0;75;38;50;0;-1;1;-1;-1;-1;-1;-1;-1;0;2;1;0;2;1;-1;0;0;0;0;0;0;0;0;0;0;0;0;0;1;1;0;0;-1;-1;0;0;-1;-1;-1;-1;-1;-1;-1;-1;-1;50;50;88;100;100;63;88;88;63;7.33;0;2.75;4.13;Perak;PBDKT T-Team;1.73;0.73;1.75;0.75;1.75;1.13;50;50;13;0;0;17;17;17;0;0;0;15;22;Y;Y;Y;Y;N;N;Y
4338;138;180;2017;complete;25;9;-1;7,18,23,34,47,59,81;;7;0;7;2;3;5;-1;-1;2;3;0;0;8;3;3;5;11;8;-1;-1;57;43;2;3;0;0;0;0;0;0;0;0;0;0;0;0;0;0;0;0;0;0;0;0;0;0;0;0;0;0;0;0;0;0;0;0;0;0;0;0;0;0;0;0;0;0;0;0;0;0;0;0;0;0;0;0;0;0;0;0;0;0;0;0;0;0;0;0;0;0;0;0;7;4;0;3;0;3;4;2017-04-09 13:00:00;138;0;55;29;27;0;-1;1;-1;-1;-1;-1;-1;-1;1;1;1;2;2;3;-1;0;0;0;0;0;0;0;1;0;1;0;0;0;1;1;1;0;-1;-1;0;0;-1;-1;-1;-1;-1;-1;-1;-1;-1;19;37;47;82;90;39;74;72;54;11.83;0;3;2.74;Johor Darul Ta'zim;Melaka United;2.64;1.09;2.2;1.33;2;1;82;64;54;19;10;42;29;13;0;0;0;15;22;Y;Y;Y;Y;Y;Y;N
4339;136;133;2017;complete;25;9;-1;;78;0;1;1;7;2;9;-1;-1;2;1;0;1;2;7;9;8;11;15;-1;-1;57;43;2;3;0;0;0;0;0;0;0;0;0;0;0;0;0;0;0;0;0;0;0;0;0;0;0;0;0;0;0;0;0;0;0;0;0;0;0;0;0;0;0;0;0;0;0;0;0;0;0;0;0;0;0;0;0;0;0;0;0;0;0;0;0;0;0;0;0;0;0;0;1;0;0;0;1;1;0;2017-04-09 13:00:00;133;0;60;30;10;0;-1;1;-1;-1;-1;-1;-1;-1;0;0;2;2;0;4;-1;0;0;0;0;0;0;0;0;0;0;0;0;0;1;1;0;0;-1;-1;0;0;-1;-1;-1;-1;-1;-1;-1;-1;-1;10;30;40;80;100;40;70;90;40;11;0;2.2;2.8;FELDA United;Pulau Pinang;2.09;0.73;1.6;0.2;1.13;0.25;90;70;60;20;0;67;50;50;0;0;0;15;22;Y;N;N;N;N;N;N
4340;137;138;2017;complete;25;3;-1;5,15;20,29,30;2;3;5;3;2;5;-1;-1;2;1;1;0;10;6;5;5;15;11;-1;-1;51;49;4;1;0;0;0;0;0;0;0;0;0;0;0;0;0;0;0;0;0;0;0;0;0;0;0;0;0;0;0;0;0;0;0;0;0;0;0;0;0;0;0;0;0;0;0;0;0;0;0;0;0;0;0;0;0;0;0;0;0;0;0;0;0;0;0;0;0;0;0;0;5;2;3;0;0;0;5;2017-04-12 13:00:00;138;0;45;25;10;0;-1;1;-1;-1;-1;-1;-1;-1;0;1;3;0;1;3;-1;0;0;0;0;0;0;0;0;1;0;1;0;0;1;1;1;0;-1;-1;0;0;-1;-1;-1;-1;-1;-1;-1;-1;-1;10;10;45;90;100;25;80;100;30;6;0;1.3;2.65;Kelantan;Johor Darul Ta'zim;0.55;1.82;0.6;1.5;1.5;2.13;90;90;55;10;0;30;30;20;0;0;0;15;22;Y;Y;Y;Y;Y;N;Y
4341;135;130;2017;complete;25;10;-1;9,22,50;17,20,73;3;3;6;-1;-1;-1;-1;-1;1;2;0;0;-1;-1;-1;-1;-1;-1;-1;-1;-1;-1;1;2;0;0;0;0;0;0;0;0;0;0;0;0;0;0;0;0;0;0;0;0;0;0;0;0;0;0;0;0;0;0;0;0;0;0;0;0;0;0;0;0;0;0;0;0;0;0;0;0;0;0;0;0;0;0;0;0;0;0;0;0;0;0;0;0;0;0;0;0;6;2;2;1;1;2;4;2017-04-15 12:15:00;-1;0;13;0;13;0;-1;1;-1;-1;-1;-1;-1;-1;0;0;1;2;0;3;-1;0;0;0;0;0;0;0;0;0;0;0;0;0;1;1;1;0;-1;-1;0;0;-1;-1;-1;-1;-1;-1;-1;-1;-1;0;13;25;42;100;0;75;67;25;8;0;4.75;1.79;Sarawak;Perak;0.91;1.36;0;1.75;0.78;1.67;100;88;75;59;0;100;34;34;0;0;0;15;22;Y;Y;Y;Y;Y;Y;Y
4342;134;132;2017;complete;25;10;-1;10,37,45,60,64;;5;0;5;4;8;12;-1;-1;1;2;0;1;8;6;5;6;13;12;-1;-1;37;63;1;4;0;0;0;0;0;0;0;0;0;0;0;0;0;0;0;0;0;0;0;0;0;0;0;0;0;0;0;0;0;0;0;0;0;0;0;0;0;0;0;0;0;0;0;0;0;0;0;0;0;0;0;0;0;0;0;0;0;0;0;0;0;0;0;0;0;0;0;0;5;3;0;2;0;2;3;2017-04-15 13:00:00;134;0;63;0;25;0;-1;1;-1;-1;-1;-1;-1;-1;1;1;0;2;2;2;-1;0;0;0;0;0;0;0;0;0;0;0;0;0;1;1;1;0;-1;-1;0;0;-1;-1;-1;-1;-1;-1;-1;-1;-1;0;13;13;63;88;13;38;88;38;8;0;3.75;1.75;PBDKT T-Team;Kedah;1.64;1.27;1.5;1.5;1.11;2.11;100;88;88;38;13;75;75;50;0;0;0;15;22;Y;Y;Y;Y;Y;N;N
4343;129;140;2017;complete;25;10;-1;11,88;6,66;2;2;4;8;2;10;-1;-1;1;2;0;0;4;3;10;3;14;6;-1;-1;51;49;1;2;0;0;0;0;0;0;0;0;0;0;0;0;0;0;0;0;0;0;0;0;0;0;0;0;0;0;0;0;0;0;0;0;0;0;0;0;0;0;0;0;0;0;0;0;0;0;0;0;0;0;0;0;0;0;0;0;0;0;0;0;0;0;0;0;0;0;0;0;4;1;1;1;1;2;2;2017-04-15 13:00:00;-1;0;33;33;17;0;-1;1;-1;-1;-1;-1;-1;-1;0;0;1;2;0;3;-1;0;0;0;0;0;0;0;0;0;0;0;0;0;1;1;0;1;-1;-1;0;0;-1;-1;-1;-1;-1;-1;-1;-1;-1;50;50;67;84;84;33;84;84;67;9.5;0;5;4.17;Pahang;Selangor;1.91;1.18;3;1.33;2.11;1.67;50;50;34;17;17;75;75;25;0;0;0;15;22;Y;Y;Y;Y;N;N;Y
4344;133;137;2017;complete;25;10;-1;35;19,25,57,78,90;1;5;6;4;2;6;-1;-1;2;1;0;0;10;8;5;4;15;12;-1;-1;49;51;2;1;0;0;0;0;0;0;0;0;0;0;0;0;0;0;0;0;0;0;0;0;0;0;0;0;0;0;0;0;0;0;0;0;0;0;0;0;0;0;0;0;0;0;0;0;0;0;0;0;0;0;0;0;0;0;0;0;0;0;0;0;0;0;0;0;0;0;0;0;6;1;2;0;3;3;3;2017-04-15 13:00:00;137;0;67;50;17;0;-1;1;-1;-1;-1;-1;-1;-1;1;1;1;0;2;1;-1;0;0;0;0;0;0;0;0;0;0;0;0;0;1;1;0;0;-1;-1;0;0;-1;-1;-1;-1;-1;-1;-1;-1;-1;17;34;50;67;100;50;67;100;17;11.5;0;3.67;2.83;Pulau Pinang;Kelantan;0.36;1.73;0.33;3;0.56;1.33;84;67;50;34;0;75;75;75;0;0;0;15;22;Y;Y;Y;Y;Y;Y;Y
4345;180;136;2017;complete;25;10;-1;82;90;1;1;2;7;9;16;-1;-1;3;2;0;0;5;4;4;5;9;9;-1;-1;50;50;3;2;0;0;0;0;0;0;0;0;0;0;0;0;0;0;0;0;0;0;0;0;0;0;0;0;0;0;0;0;0;0;0;0;0;0;0;0;0;0;0;0;0;0;0;0;0;0;0;0;0;0;0;0;0;0;0;0;0;0;0;0;0;0;0;0;0;0;0;0;2;0;0;1;1;2;0;2017-04-15 13:00:00;-1;0;84;17;25;0;-1;1;-1;-1;-1;-1;-1;-1;2;1;1;1;3;2;-1;0;0;0;0;0;0;0;0;0;0;0;0;0;1;1;0;0;-1;-1;0;0;-1;-1;-1;-1;-1;-1;-1;-1;-1;0;59;84;84;84;84;84;84;42;13;0;2.67;3.09;Melaka United;FELDA United;1.09;1.45;0;0.33;0.89;1;100;42;17;17;17;75;75;50;0;0;0;15;22;Y;Y;N;N;N;N;Y
4346;138;181;2017;complete;25;10;-1;35,55;33;2;1;3;5;4;9;-1;-1;1;3;0;0;8;5;9;5;17;10;-1;-1;72;28;1;3;0;0;0;0;0;0;0;0;0;0;0;0;0;0;0;0;0;0;0;0;0;0;0;0;0;0;0;0;0;0;0;0;0;0;0;0;0;0;0;0;0;0;0;0;0;0;0;0;0;0;0;0;0;0;0;0;0;0;0;0;0;0;0;0;0;0;0;0;3;1;1;1;0;1;2;2017-04-15 13:00:00;138;0;50;29;9;0;-1;1;-1;-1;-1;-1;-1;-1;0;2;1;1;2;2;-1;0;0;0;0;0;0;0;1;0;1;0;0;0;1;1;0;0;-1;-1;0;0;-1;-1;-1;-1;-1;-1;-1;-1;-1;17;38;59;79;92;59;79;71;50;10.33;0;4;3;Johor Darul Ta'zim;PKNS;2.64;1.18;2.33;0.5;2.22;1;84;63;42;21;9;46;46;17;0;0;0;15;22;Y;Y;Y;N;N;N;Y
4347;135;137;2017;complete;25;11;-1;;;0;0;0;5;3;8;-1;-1;0;1;0;0;8;0;11;3;19;3;-1;-1;45;55;0;1;0;0;0;0;0;0;0;0;0;0;0;0;0;0;0;0;0;0;0;0;0;0;0;0;0;0;0;0;0;0;0;0;0;0;0;0;0;0;0;0;0;0;0;0;0;0;0;0;0;0;0;0;0;0;0;0;0;0;0;0;0;0;0;0;0;0;0;0;0;0;0;0;0;0;0;2017-04-26 12:15:00;-1;0;63;63;25;0;-1;1;-1;-1;-1;-1;-1;-1;0;0;0;1;0;1;-1;0;0;0;0;0;0;0;0;0;0;0;0;0;1;1;0;0;-1;-1;0;0;-1;-1;-1;-1;-1;-1;-1;-1;-1;38;50;63;75;100;63;100;75;38;8.33;0;3.83;3.63;Sarawak;Kelantan;0.91;1.73;0.25;3;0.8;1.5;63;50;38;25;0;67;17;17;0;0;0;15;22;N;N;N;N;N;N;N
4348;130;132;2017;complete;25;11;-1;61;71;1;1;2;2;10;12;-1;-1;2;2;0;0;7;6;11;9;18;15;-1;-1;39;61;2;2;0;0;0;0;0;0;0;0;0;0;0;0;0;0;0;0;0;0;0;0;0;0;0;0;0;0;0;0;0;0;0;0;0;0;0;0;0;0;0;0;0;0;0;0;0;0;0;0;0;0;0;0;0;0;0;0;0;0;0;0;0;0;0;0;0;0;0;0;2;0;0;1;1;2;0;2017-04-26 13:00:00;-1;0;80;30;50;0;-1;1;-1;-1;-1;-1;-1;-1;1;1;1;1;2;2;-1;0;0;0;0;0;0;0;0;0;0;0;0;0;1;1;0;0;-1;-1;0;0;-1;-1;-1;-1;-1;-1;-1;-1;-1;30;40;50;90;100;40;70;100;60;12;0;4.4;3.2;Perak;Kedah;1.73;1.27;1.6;1.2;1.6;1.9;70;60;50;10;0;50;50;33;0;0;0;15;22;Y;Y;N;N;N;N;Y
4349;134;140;2017;complete;25;11;-1;89;;1;0;1;1;1;2;-1;-1;-1;-1;-1;-1;5;8;6;3;11;11;-1;-1;56;44;-1;-1;0;0;0;0;0;0;0;0;0;0;0;0;0;0;0;0;0;0;0;0;0;0;0;0;0;0;0;0;0;0;0;0;0;0;0;0;0;0;0;0;0;0;0;0;0;0;0;0;0;0;0;0;0;0;0;0;0;0;0;0;0;0;0;0;0;0;0;0;1;0;0;1;0;1;0;2017-04-26 13:00:00;134;0;45;25;35;0;-1;-1;-1;-1;-1;-1;-1;-1;-1;-1;-1;-1;-1;-1;-1;0;0;0;0;0;0;0;0;0;0;0;0;0;1;1;0;0;-1;-1;-1;-1;-1;-1;-1;-1;-1;-1;-1;-1;-1;23;45;45;68;78;45;58;78;55;7;0;3.95;2.95;PBDKT T-Team;Selangor;1.64;1.18;1.8;1.25;1.3;1.6;78;55;55;33;23;100;100;67;0;0;0;15;22;Y;N;N;N;N;N;N
4350;133;138;2017;complete;25;11;-1;40;6,25;1;2;3;1;3;4;-1;-1;0;2;0;0;7;3;1;4;8;7;-1;-1;37;63;0;2;0;0;0;0;0;0;0;0;0;0;0;0;0;0;0;0;0;0;0;0;0;0;0;0;0;0;0;0;0;0;0;0;0;0;0;0;0;0;0;0;0;0;0;0;0;0;0;0;0;0;0;0;0;0;0;0;0;0;0;0;0;0;0;0;0;0;0;0;3;1;2;0;0;0;3;2017-04-26 13:00:00;138;0;59;46;0;0;-1;1;-1;-1;-1;-1;-1;-1;0;1;0;1;1;1;-1;0;0;0;0;0;0;0;1;0;1;0;0;0;1;1;0;1;-1;-1;0;0;-1;-1;-1;-1;-1;-1;-1;-1;-1;29;29;46;75;100;46;75;84;13;8.33;0;2.67;2.92;Pulau Pinang;Johor Darul Ta'zim;0.36;1.82;0.25;2;0.5;2.3;71;71;54;25;0;34;34;34;0;0;0;15;22;Y;Y;Y;N;N;N;Y
4351;180;181;2017;complete;25;11;-1;33,43;36,41;2;2;4;2;2;4;-1;-1;3;4;0;0;5;4;9;2;14;6;-1;-1;54;46;3;4;0;0;0;0;0;0;0;0;0;0;0;0;0;0;0;0;0;0;0;0;0;0;0;0;0;0;0;0;0;0;0;0;0;0;0;0;0;0;0;0;0;0;0;0;0;0;0;0;0;0;0;0;0;0;0;0;0;0;0;0;0;0;0;0;0;0;0;0;4;2;2;0;0;0;4;2017-04-26 13:00:00;-1;0;80;20;34;0;-1;1;-1;-1;-1;-1;-1;-1;1;1;2;3;2;5;-1;0;0;0;0;0;0;0;0;0;0;0;0;0;1;1;0;0;-1;-1;0;0;-1;-1;-1;-1;-1;-1;-1;-1;-1;0;27;64;90;100;64;74;90;54;10.25;0;3.7;2.8;Melaka United;PKNS;1.09;1.18;0.33;0.4;0.9;0.9;100;74;37;10;0;71;59;29;0;0;0;15;22;Y;Y;Y;Y;N;N;Y
4352;129;136;2017;complete;25;11;-1;20;24;1;1;2;8;1;9;-1;-1;0;1;0;0;5;2;5;4;10;6;-1;-1;56;44;0;1;0;0;0;0;0;0;0;0;0;0;0;0;0;0;0;0;0;0;0;0;0;0;0;0;0;0;0;0;0;0;0;0;0;0;0;0;0;0;0;0;0;0;0;0;0;0;0;0;0;0;0;0;0;0;0;0;0;0;0;0;0;0;0;0;0;0;0;0;2;1;1;0;0;0;2;2017-04-26 13:00:00;-1;0;63;38;25;0;-1;1;-1;-1;-1;-1;-1;-1;0;1;0;0;1;0;-1;0;0;0;0;0;0;0;0;0;0;0;0;0;1;1;0;0;-1;-1;0;0;-1;-1;-1;-1;-1;-1;-1;-1;-1;25;63;75;88;88;50;75;88;75;13.67;0;4.25;3.63;Pahang;FELDA United;1.91;1.45;2.5;0.5;2;1;75;38;25;13;13;84;84;50;0;0;0;15;22;Y;Y;N;N;N;N;Y
4353;180;138;2017;complete;25;12;-1;88;59;1;1;2;3;4;7;-1;-1;2;3;0;0;5;6;3;9;8;15;-1;-1;32;68;2;3;0;0;0;0;0;0;0;0;0;0;0;0;0;0;0;0;0;0;0;0;0;0;0;0;0;0;0;0;0;0;0;0;0;0;0;0;0;0;0;0;0;0;0;0;0;0;0;0;0;0;0;0;0;0;0;0;0;0;0;0;0;0;0;0;0;0;0;0;2;0;0;1;1;2;0;2017-05-06 13:00:00;-1;0;88;50;25;0;-1;1;-1;-1;-1;-1;-1;-1;0;0;2;3;0;5;-1;0;0;0;0;0;0;0;0;0;0;0;0;0;1;1;0;0;-1;-1;0;0;-1;-1;-1;-1;-1;-1;-1;-1;-1;13;38;75;100;100;75;88;63;25;7.33;0;3;3.25;Melaka United;Johor Darul Ta'zim;1.09;1.82;0.5;2.25;0.91;2.36;88;63;25;0;0;25;25;13;0;0;0;15;22;Y;Y;N;N;N;N;Y
4354;129;137;2017;complete;25;12;-1;70,78;18,73,79;2;3;5;4;2;6;-1;-1;1;1;0;0;6;4;9;5;15;9;-1;-1;56;44;1;1;0;0;0;0;0;0;0;0;0;0;0;0;0;0;0;0;0;0;0;0;0;0;0;0;0;0;0;0;0;0;0;0;0;0;0;0;0;0;0;0;0;0;0;0;0;0;0;0;0;0;0;0;0;0;0;0;0;0;0;0;0;0;0;0;0;0;0;0;5;0;1;2;2;4;1;2017-05-06 13:00:00;137;0;70;70;20;0;-1;1;-1;-1;-1;-1;-1;-1;0;0;1;1;0;2;-1;0;0;0;0;0;0;0;0;0;0;0;0;0;1;1;0;0;-1;-1;0;0;-1;-1;-1;-1;-1;-1;-1;-1;-1;40;60;80;90;90;70;90;80;60;9.5;0;2.8;4;Pahang;Kelantan;1.91;1.73;2.2;2.6;1.91;1.45;60;40;20;10;10;50;38;13;0;0;0;15;22;Y;Y;Y;Y;Y;N;Y
4355;134;130;2017;complete;25;12;-1;9,72,76;;3;0;3;4;8;12;-1;-1;0;3;0;0;6;5;4;12;10;17;-1;-1;42;58;0;3;0;0;0;0;0;0;0;0;0;0;0;0;0;0;0;0;0;0;0;0;0;0;0;0;0;0;0;0;0;0;0;0;0;0;0;0;0;0;0;0;0;0;0;0;0;0;0;0;0;0;0;0;0;0;0;0;0;0;0;0;0;0;0;0;0;0;0;0;3;1;0;2;0;2;1;2017-05-06 13:00:00;134;0;37;10;29;0;-1;1;-1;-1;-1;-1;-1;-1;0;1;0;2;1;2;-1;0;0;0;0;0;0;0;0;0;0;0;0;0;1;1;1;0;-1;-1;0;0;-1;-1;-1;-1;-1;-1;-1;-1;-1;19;37;47;55;92;27;47;92;55;5.5;0;3;2.59;PBDKT T-Team;Perak;1.64;1.36;2;1.6;1.45;1.55;82;64;54;45;9;88;71;71;0;0;0;15;22;Y;Y;Y;N;N;N;N
4356;133;136;2017;complete;25;12;-1;54;17,89;1;2;3;6;2;8;-1;-1;2;1;0;0;6;3;5;7;11;10;-1;-1;51;49;2;1;0;0;0;0;0;0;0;0;0;0;0;0;0;0;0;0;0;0;0;0;0;0;0;0;0;0;0;0;0;0;0;0;0;0;0;0;0;0;0;0;0;0;0;0;0;0;0;0;0;0;0;0;0;0;0;0;0;0;0;0;0;0;0;0;0;0;0;0;3;0;1;1;1;2;1;2017-05-07 14:00:00;136;0;70;40;10;0;-1;1;-1;-1;-1;-1;-1;-1;0;0;2;1;0;3;-1;0;0;0;0;0;0;0;0;0;0;0;0;0;1;1;0;0;-1;-1;0;0;-1;-1;-1;-1;-1;-1;-1;-1;-1;10;30;40;70;90;50;60;70;30;11.25;0;3.8;2.5;Pulau Pinang;FELDA United;0.36;1.45;0.2;0.6;0.45;1;90;70;60;30;10;75;63;63;0;0;0;15;22;Y;Y;Y;N;N;N;Y
4357;135;140;2017;complete;25;12;-1;33;44;1;1;2;5;11;16;-1;-1;-1;-1;-1;-1;4;5;4;7;8;12;-1;-1;39;61;-1;-1;0;0;0;0;0;0;0;0;0;0;0;0;0;0;0;0;0;0;0;0;0;0;0;0;0;0;0;0;0;0;0;0;0;0;0;0;0;0;0;0;0;0;0;0;0;0;0;0;0;0;0;0;0;0;0;0;0;0;0;0;0;0;0;0;0;0;0;0;2;1;1;0;0;0;2;2017-05-09 12:15:00;-1;0;30;30;30;0;-1;-1;-1;-1;-1;-1;-1;-1;-1;-1;-1;-1;-1;-1;-1;0;0;0;0;0;0;0;0;0;0;0;0;0;1;1;0;0;-1;-1;-1;-1;-1;-1;-1;-1;-1;-1;-1;-1;-1;20;30;30;50;80;30;70;60;30;8.25;0;4.5;2.5;Sarawak;Selangor;0.91;1.18;0.4;1;0.82;1.45;80;70;70;50;20;63;38;13;0;0;0;15;22;Y;Y;N;N;N;N;Y
4358;181;132;2017;complete;25;12;-1;13,60,89,90;5,16,23,90;4;4;8;7;4;11;-1;-1;3;1;0;0;8;12;5;8;13;20;-1;-1;52;48;3;1;0;0;0;0;0;0;0;0;0;0;0;0;0;0;0;0;0;0;0;0;0;0;0;0;0;0;0;0;0;0;0;0;0;0;0;0;0;0;0;0;0;0;0;0;0;0;0;0;0;0;0;0;0;0;0;0;0;0;0;0;0;0;0;0;0;0;0;0;8;1;3;3;1;4;4;2017-05-09 13:00:00;-1;0;74;20;37;0;-1;1;-1;-1;-1;-1;-1;-1;1;0;2;1;1;3;-1;0;0;0;0;0;0;0;0;0;0;0;0;0;1;1;0;1;-1;-1;0;0;-1;-1;-1;-1;-1;-1;-1;-1;-1;29;39;49;92;100;29;75;100;55;12.92;0;4.47;3.37;PKNS;Kedah;1.09;1.27;1.4;1.17;0.91;1.82;72;62;52;9;0;88;54;42;0;0;0;15;22;Y;Y;Y;Y;Y;Y;Y
4359;181;138;2017;complete;25;13;-1;;78;0;1;1;2;8;10;-1;-1;3;0;0;0;5;6;10;10;15;16;-1;-1;40;60;3;0;0;0;0;0;0;0;0;0;0;0;0;0;0;0;0;0;0;0;0;0;0;0;0;0;0;0;0;0;0;0;0;0;0;0;0;0;0;0;0;0;0;0;0;0;0;0;0;0;0;0;0;0;0;0;0;0;0;0;0;0;0;0;0;0;0;0;0;0;1;0;0;0;1;1;0;2017-05-24 13:00:00;138;0;82;55;35;0;-1;1;-1;-1;-1;-1;-1;-1;1;0;2;0;1;2;-1;0;0;0;0;0;0;0;0;0;0;0;0;0;1;1;0;0;-1;-1;0;0;-1;-1;-1;-1;-1;-1;-1;-1;-1;35;44;72;100;100;55;90;80;44;8.75;0;3.4;4;PKNS;Johor Darul Ta'zim;1.09;1.82;1.33;2;0.92;2.25;65;57;29;0;0;50;25;25;0;0;0;15;22;Y;N;N;N;N;N;N
4360;132;134;2017;complete;25;13;-1;12,14,45;;3;0;3;3;2;5;-1;-1;0;1;0;0;5;2;4;2;9;4;-1;-1;53;47;0;1;0;0;0;0;0;0;0;0;0;0;0;0;0;0;0;0;0;0;0;0;0;0;0;0;0;0;0;0;0;0;0;0;0;0;0;0;0;0;0;0;0;0;0;0;0;0;0;0;0;0;0;0;0;0;0;0;0;0;0;0;0;0;0;0;0;0;0;0;3;3;0;0;0;0;3;2017-05-24 13:00:00;132;0;70;30;30;0;-1;1;-1;-1;-1;-1;-1;-1;0;0;0;1;0;1;-1;0;0;0;0;0;0;0;0;0;0;0;0;0;1;1;0;0;-1;-1;0;0;-1;-1;-1;-1;-1;-1;-1;-1;-1;40;70;90;100;100;50;100;80;70;7;0;3.8;4.1;Kedah;PBDKT T-Team;1.91;0.73;2.6;0.8;1.75;1.58;60;30;10;0;0;25;25;25;0;0;0;15;22;Y;Y;Y;N;N;N;N
4361;130;135;2017;complete;25;13;-1;;;0;0;0;3;2;5;-1;-1;1;2;0;0;9;4;4;7;13;11;-1;-1;56;44;1;2;0;0;0;0;0;0;0;0;0;0;0;0;0;0;0;0;0;0;0;0;0;0;0;0;0;0;0;0;0;0;0;0;0;0;0;0;0;0;0;0;0;0;0;0;0;0;0;0;0;0;0;0;0;0;0;0;0;0;0;0;0;0;0;0;0;0;0;0;0;0;0;0;0;0;0;2017-05-24 13:00:00;-1;0;84;34;67;0;-1;1;-1;-1;-1;-1;-1;-1;0;1;1;1;1;2;-1;0;0;0;0;0;0;0;0;0;0;0;0;0;1;1;0;0;-1;-1;0;0;-1;-1;-1;-1;-1;-1;-1;-1;-1;33;42;59;92;100;34;59;100;83;9.5;0;2.67;3.34;Perak;Sarawak;1.73;1;1.5;1.17;1.42;0.83;67;59;42;9;0;75;75;75;0;0;0;15;22;N;N;N;N;N;N;N
4362;140;129;2017;complete;25;13;-1;;74,83;0;2;2;3;6;9;-1;-1;2;0;1;0;5;5;4;10;9;15;-1;-1;45;55;4;0;0;0;0;0;0;0;0;0;0;0;0;0;0;0;0;0;0;0;0;0;0;0;0;0;0;0;0;0;0;0;0;0;0;0;0;0;0;0;0;0;0;0;0;0;0;0;0;0;0;0;0;0;0;0;0;0;0;0;0;0;0;0;0;0;0;0;0;0;2;0;0;0;2;2;0;2017-05-24 13:00:00;129;0;75;9;59;0;-1;1;-1;-1;-1;-1;-1;-1;0;0;3;0;0;3;-1;0;0;0;0;0;0;0;0;0;0;0;0;0;1;1;0;0;-1;-1;0;0;-1;-1;-1;-1;-1;-1;-1;-1;-1;17;34;50;83;100;33;67;83;67;8.5;0;3.97;2.83;Selangor;Pahang;1.82;1.73;1.83;1.67;1.42;1.75;84;67;50;17;0;50;50;38;0;0;0;15;22;Y;Y;N;N;N;N;N
4363;137;133;2017;complete;25;13;-1;27,55;24,89;2;2;4;-1;-1;-1;-1;-1;1;2;0;0;-1;-1;-1;-1;-1;-1;-1;-1;-1;-1;1;2;0;0;0;0;0;0;0;0;0;0;0;0;0;0;0;0;0;0;0;0;0;0;0;0;0;0;0;0;0;0;0;0;0;0;0;0;0;0;0;0;0;0;0;0;0;0;0;0;0;0;0;0;0;0;0;0;0;0;0;0;0;0;0;0;0;0;0;0;4;1;1;1;1;2;2;2017-05-24 13:00:00;-1;0;50;25;9;0;-1;1;-1;-1;-1;-1;-1;-1;0;0;1;2;0;3;-1;0;0;0;0;0;0;0;0;0;0;0;0;0;1;1;0;0;-1;-1;0;0;-1;-1;-1;-1;-1;-1;-1;-1;-1;25;33;42;75;100;34;67;83;42;6.83;0;2.66;3;Kelantan;Pulau Pinang;0.55;0.73;0.5;0.67;1.58;0.42;75;67;59;25;0;50;25;17;0;0;0;15;22;Y;Y;Y;Y;N;N;Y
4364;136;180;2017;complete;25;13;-1;29,33,85;;3;0;3;11;7;18;-1;-1;2;2;0;0;6;3;6;4;12;7;-1;-1;54;46;2;2;0;0;0;0;0;0;0;0;0;0;0;0;0;0;0;0;0;0;0;0;0;0;0;0;0;0;0;0;0;0;0;0;0;0;0;0;0;0;0;0;0;0;0;0;0;0;0;0;0;0;0;0;0;0;0;0;0;0;0;0;0;0;0;0;0;0;0;0;3;2;0;1;0;1;2;2017-05-24 13:00:00;136;0;47;16;23;0;-1;1;-1;-1;-1;-1;-1;-1;0;1;2;1;1;3;-1;0;0;0;0;0;0;0;1;0;1;0;0;0;1;1;0;0;-1;-1;0;0;-1;-1;-1;-1;-1;-1;-1;-1;-1;15;30;38;77;100;23;61;93;52;11.7;0;2.66;2.73;FELDA United;Melaka United;2.09;1.09;1.33;1.14;1.17;0.92;86;70;62;24;0;70;48;48;0;0;0;15;22;Y;Y;Y;N;N;N;N
4365;181;180;2017;complete;25;14;-1;70;50;1;1;2;5;8;13;-1;-1;1;1;0;1;9;9;7;8;16;17;-1;-1;44;56;1;3;0;0;0;0;0;0;0;0;0;0;0;0;0;0;0;0;0;0;0;0;0;0;0;0;0;0;0;0;0;0;0;0;0;0;0;0;0;0;0;0;0;0;0;0;0;0;0;0;0;0;0;0;0;0;0;0;0;0;0;0;0;0;0;0;0;0;0;0;2;0;0;1;1;2;0;2017-07-01 13:00:00;-1;0;55;28;34;0;-1;1;-1;-1;-1;-1;-1;-1;0;1;1;1;1;2;-1;0;0;0;0;0;0;0;1;0;1;0;0;0;1;1;0;0;-1;-1;0;0;-1;-1;-1;-1;-1;-1;-1;-1;-1;34;48;61;87;100;41;81;94;60;9.87;0;3.57;3.84;PKNS;Melaka United;1.09;1.09;1.14;1;0.85;0.85;66;53;40;14;0;75;47;37;0;0;0;15;22;Y;Y;N;N;N;N;Y
4366;132;130;2017;complete;25;14;-1;59,85;30,47,73;2;3;5;5;4;9;-1;-1;2;3;0;0;4;6;5;8;9;14;-1;-1;63;37;2;3;0;0;0;0;0;0;0;0;0;0;0;0;0;0;0;0;0;0;0;0;0;0;0;0;0;0;0;0;0;0;0;0;0;0;0;0;0;0;0;0;0;0;0;0;0;0;0;0;0;0;0;0;0;0;0;0;0;0;0;0;0;0;0;0;0;0;0;0;5;0;1;2;2;4;1;2017-07-01 13:00:00;130;0;50;34;25;0;-1;1;-1;-1;-1;-1;-1;-1;1;1;1;2;2;3;-1;0;0;0;0;0;0;0;0;0;0;0;0;0;1;1;0;0;-1;-1;0;1;-1;-1;-1;-1;-1;-1;-1;-1;-1;25;50;75;84;100;42;84;84;67;8.05;0;4.17;3.42;Kedah;Perak;1.91;1.36;2.67;1.33;1.85;1.38;75;50;25;17;0;50;38;38;0;0;0;15;22;Y;Y;Y;Y;Y;N;Y
4367;140;134;2017;complete;25;14;-1;53,54,83,84;72,89;4;2;6;4;3;7;-1;-1;2;0;0;0;12;5;6;10;18;15;-1;-1;50;50;2;0;0;0;0;0;0;0;0;0;0;0;0;0;0;0;0;0;0;0;0;0;0;0;0;0;0;0;0;0;0;0;0;0;0;0;0;0;0;0;0;0;0;0;0;0;0;0;0;0;0;0;0;0;0;0;0;0;0;0;0;0;0;0;0;0;0;0;0;0;6;0;0;4;2;6;0;2017-07-01 13:00:00;140;0;54;0;38;0;-1;1;-1;-1;-1;-1;-1;-1;1;0;1;0;1;1;-1;0;0;0;0;0;0;0;0;0;0;0;0;0;1;1;0;0;-1;-1;0;0;-1;-1;-1;-1;-1;-1;-1;-1;-1;17;32;65;93;100;40;72;77;54;7.4;0;3.6;3.15;Selangor;PBDKT T-Team;1.82;0.73;1.57;0.67;1.31;1.46;84;68;36;7;0;60;50;50;0;0;0;15;22;Y;Y;Y;Y;Y;Y;Y
4368;137;135;2017;complete;25;14;-1;;22,35;0;2;2;-1;-1;-1;-1;-1;1;1;0;0;-1;-1;-1;-1;-1;-1;-1;-1;-1;-1;1;1;0;0;0;0;0;0;0;0;0;0;0;0;0;0;0;0;0;0;0;0;0;0;0;0;0;0;0;0;0;0;0;0;0;0;0;0;0;0;0;0;0;0;0;0;0;0;0;0;0;0;0;0;0;0;0;0;0;0;0;0;0;0;0;0;0;0;0;0;2;0;2;0;0;0;2;2017-07-01 13:00:00;135;0;57;22;36;0;-1;1;-1;-1;-1;-1;-1;-1;0;0;1;1;0;2;-1;0;0;0;0;0;0;0;0;0;0;0;0;0;1;1;0;0;-1;-1;0;0;-1;-1;-1;-1;-1;-1;-1;-1;-1;29;36;50;79;93;22;57;86;64;8.03;0;2.43;2.93;Kelantan;Sarawak;0.55;1;0.57;1.14;1.54;0.85;71;64;50;22;7;65;65;57;0;0;0;15;22;Y;Y;N;N;N;N;N
4369;136;129;2017;complete;25;14;-1;5,88;1;2;1;3;6;6;12;-1;-1;2;1;0;0;5;2;2;6;7;8;-1;-1;51;49;2;1;0;0;0;0;0;0;0;0;0;0;0;0;0;0;0;0;0;0;0;0;0;0;0;0;0;0;0;0;0;0;0;0;0;0;0;0;0;0;0;0;0;0;0;0;0;0;0;0;0;0;0;0;0;0;0;0;0;0;0;0;0;0;0;0;0;0;0;0;3;1;1;1;0;1;2;2017-07-01 13:00:00;136;0;57;14;36;0;-1;1;-1;-1;-1;-1;-1;-1;0;1;2;0;1;2;-1;0;0;0;0;0;0;0;0;0;0;0;0;0;1;1;1;1;-1;-1;0;0;-1;-1;-1;-1;-1;-1;-1;-1;-1;15;29;50;79;100;29;64;93;58;12.2;0;2.93;2.72;FELDA United;Pahang;2.09;1.73;1.57;1.86;1.31;1.85;86;72;50;22;0;70;50;40;0;0;0;15;22;Y;Y;Y;N;N;N;Y
4370;138;133;2017;complete;25;14;-1;44,83;;2;0;2;5;4;9;-1;-1;1;1;0;0;6;4;10;1;16;5;-1;-1;56;44;1;1;0;0;0;0;0;0;0;0;0;0;0;0;0;0;0;0;0;0;0;0;0;0;0;0;0;0;0;0;0;0;0;0;0;0;0;0;0;0;0;0;0;0;0;0;0;0;0;0;0;0;0;0;0;0;0;0;0;0;0;0;0;0;0;0;0;0;0;0;2;1;0;1;0;1;1;2017-07-01 13:00:00;138;0;57;43;14;0;-1;1;-1;-1;-1;-1;-1;-1;1;1;0;0;2;0;-1;0;0;0;0;0;0;0;0;0;0;0;0;0;1;1;0;0;-1;-1;1;0;-1;-1;-1;-1;-1;-1;-1;-1;-1;22;43;57;79;93;64;79;79;43;8.8;0;3.29;3.22;Johor Darul Ta'zim;Pulau Pinang;2.64;0.73;2.43;0.71;2.31;0.46;79;57;43;22;7;45;10;0;0;0;0;15;22;Y;Y;N;N;N;N;N
4371;135;136;2017;complete;25;15;-1;70;10,35,55;1;3;4;6;1;7;-1;-1;1;3;1;0;2;4;0;0;2;4;-1;-1;-1;-1;3;3;0;0;0;0;0;0;0;0;0;0;0;0;0;0;0;0;0;0;0;0;0;0;0;0;0;0;0;0;0;0;0;0;0;0;0;0;0;0;0;0;0;0;0;0;0;0;0;0;0;0;0;0;0;0;0;0;0;0;0;0;0;0;0;0;0;0;0;0;4;0;2;1;1;2;2;2017-07-11 12:15:00;136;0;58;33;25;0;-1;1;-1;-1;-1;-1;-1;-1;0;0;2;3;0;5;-1;0;0;0;0;0;0;0;0;0;0;0;0;0;1;1;0;1;-1;-1;0;0;-1;-1;-1;-1;-1;-1;-1;-1;-1;9;25;34;67;83;42;75;50;34;10.4;0;3.75;2.25;Sarawak;FELDA United;0.91;1.45;0.5;1;1;1.43;92;75;67;34;17;74;47;47;0;0;0;15;22;Y;Y;Y;Y;N;N;Y
4372;180;132;2017;complete;25;15;-1;10,31;15,41,56,90;2;4;6;3;3;6;-1;-1;2;2;0;0;8;9;11;4;19;13;-1;-1;43;57;2;2;0;0;0;0;0;0;0;0;0;0;0;0;0;0;0;0;0;0;0;0;0;0;0;0;0;0;0;0;0;0;0;0;0;0;0;0;0;0;0;0;0;0;0;0;0;0;0;0;0;0;0;0;0;0;0;0;0;0;0;0;0;0;0;0;0;0;0;0;6;2;2;0;2;2;4;2017-07-11 13:00:00;132;0;86;17;52;0;-1;1;-1;-1;-1;-1;-1;-1;0;2;2;0;2;2;-1;0;0;0;0;0;0;0;0;0;0;0;0;0;1;1;1;0;-1;-1;0;1;-1;-1;-1;-1;-1;-1;-1;-1;-1;15;35;45;93;100;45;59;90;59;11.2;0;4.43;3.07;Melaka United;Kedah;1.09;1.27;0.6;1.14;0.86;1.71;86;66;56;7;0;60;60;40;0;0;0;15;22;Y;Y;Y;Y;Y;Y;Y
4373;133;181;2017;complete;25;15;-1;;53,80;0;2;2;9;6;15;-1;-1;1;1;0;0;4;6;6;3;10;9;-1;-1;55;45;1;1;0;0;0;0;0;0;0;0;0;0;0;0;0;0;0;0;0;0;0;0;0;0;0;0;0;0;0;0;0;0;0;0;0;0;0;0;0;0;0;0;0;0;0;0;0;0;0;0;0;0;0;0;0;0;0;0;0;0;0;0;0;0;0;0;0;0;0;0;2;0;0;0;2;2;0;2017-07-11 13:00:00;181;0;67;42;9;0;-1;1;-1;-1;-1;-1;-1;-1;0;1;1;0;1;1;-1;0;0;0;0;0;0;0;0;0;0;0;0;0;1;1;0;0;-1;-1;0;0;-1;-1;-1;-1;-1;-1;-1;-1;-1;9;25;59;75;100;50;75;75;33;9;0;4.17;2.75;Pulau Pinang;PKNS;0.36;1.18;0.17;0.5;0.43;0.86;92;75;42;25;0;50;40;30;0;0;0;15;22;Y;Y;N;N;N;N;N
4374;129;138;2017;complete;25;15;-1;;2,86;0;2;2;5;2;7;-1;-1;1;3;0;0;2;3;6;4;8;7;-1;-1;48;52;1;3;0;0;0;0;0;0;0;0;0;0;0;0;0;0;0;0;0;0;0;0;0;0;0;0;0;0;0;0;0;0;0;0;0;0;0;0;0;0;0;0;0;0;0;0;0;0;0;0;0;0;0;0;0;0;0;0;0;0;0;0;0;0;0;0;0;0;0;0;2;0;1;0;1;1;1;2017-07-11 13:00:00;138;0;67;50;25;0;-1;1;-1;-1;-1;-1;-1;-1;0;1;1;2;1;3;-1;0;0;0;0;0;0;0;0;0;0;0;0;0;1;1;0;1;-1;-1;0;0;-1;-1;-1;-1;-1;-1;-1;-1;-1;34;42;67;92;100;50;84;75;50;9.6;0;2.5;3.5;Pahang;Johor Darul Ta'zim;1.91;1.82;1.83;2.17;1.71;2.36;67;58;34;9;0;40;30;0;0;0;0;15;22;Y;Y;N;N;N;N;N
4375;134;137;2017;complete;25;15;-1;80,84,87;63;3;1;4;4;2;6;-1;-1;1;0;0;0;8;4;10;4;18;8;-1;-1;50;50;1;0;0;0;0;0;0;0;0;0;0;0;0;0;0;0;0;0;0;0;0;0;0;0;0;0;0;0;0;0;0;0;0;0;0;0;0;0;0;0;0;0;0;0;0;0;0;0;0;0;0;0;0;0;0;0;0;0;0;0;0;0;0;0;0;0;0;0;0;0;4;0;0;3;1;4;0;2017-07-11 13:00:00;134;0;56;34;24;0;-1;1;-1;-1;-1;-1;-1;-1;1;0;0;0;1;0;-1;0;0;0;0;0;0;0;0;0;0;0;0;0;1;1;0;0;-1;-1;0;0;-1;-1;-1;-1;-1;-1;-1;-1;-1;32;48;63;70;85;48;63;85;54;5.8;0;2.33;3.15;PBDKT T-Team;Kelantan;1.64;1.73;2.14;2.67;1.36;1.43;68;52;37;30;16;50;50;50;0;0;0;15;22;Y;Y;Y;Y;N;N;Y
4376;130;140;2017;complete;25;15;-1;;63;0;1;1;8;2;10;-1;-1;2;9;0;1;8;3;0;0;8;3;-1;-1;-1;-1;2;11;0;0;0;0;0;0;0;0;0;0;0;0;0;0;0;0;0;0;0;0;0;0;0;0;0;0;0;0;0;0;0;0;0;0;0;0;0;0;0;0;0;0;0;0;0;0;0;0;0;0;0;0;0;0;0;0;0;0;0;0;0;0;0;0;0;0;0;0;1;0;0;0;1;1;0;2017-07-11 13:00:00;140;0;68;47;52;0;-1;1;-1;-1;-1;-1;-1;-1;1;2;1;8;3;9;-1;0;0;0;0;0;0;0;0;0;0;0;0;0;1;1;0;0;-1;-1;0;0;-1;-1;-1;-1;-1;-1;-1;-1;-1;23;38;45;77;85;47;62;77;52;9.2;0;4.32;2.99;Perak;Selangor;1.73;1.18;1.43;1;1.5;1.43;77;62;55;24;16;60;60;40;0;0;0;15;22;Y;N;N;N;N;N;N
4377;132;140;2017;complete;25;16;-1;30;16;1;1;2;9;3;12;-1;-1;2;2;0;0;8;3;13;1;21;4;-1;-1;59;41;2;2;0;0;0;0;0;0;0;0;0;0;0;0;0;0;0;0;0;0;0;0;0;0;0;0;0;0;0;0;0;0;0;0;0;0;0;0;0;0;0;0;0;0;0;0;0;0;0;0;0;0;0;0;0;0;0;0;0;0;0;0;0;0;0;0;0;0;0;0;2;1;1;0;0;0;2;2017-07-15 13:00:00;-1;0;57;43;29;0;-1;1;-1;-1;-1;-1;-1;-1;0;0;2;2;0;4;-1;0;0;0;0;0;0;0;0;0;0;0;0;0;1;1;0;0;-1;-1;0;0;-1;-1;-1;-1;-1;-1;-1;-1;-1;29;50;58;79;93;50;79;71;50;8.33;0;6.54;3.29;Kedah;Selangor;1.91;1.18;2.29;1.29;1.8;1.53;72;50;43;22;7;50;42;17;0;0;0;15;22;Y;Y;N;N;N;N;Y
4378;137;130;2017;complete;25;16;-1;;29,80;0;2;2;2;4;6;-1;-1;1;2;0;0;2;3;8;5;10;8;-1;-1;57;43;1;2;0;0;0;0;0;0;0;0;0;0;0;0;0;0;0;0;0;0;0;0;0;0;0;0;0;0;0;0;0;0;0;0;0;0;0;0;0;0;0;0;0;0;0;0;0;0;0;0;0;0;0;0;0;0;0;0;0;0;0;0;0;0;0;0;0;0;0;0;2;0;1;0;1;1;1;2017-07-15 13:00:00;130;0;47;20;34;0;-1;1;-1;-1;-1;-1;-1;-1;1;0;0;2;1;2;-1;0;0;0;0;0;0;0;0;0;0;0;0;0;1;1;0;0;-1;-1;0;0;-1;-1;-1;-1;-1;-1;-1;-1;-1;27;41;61;80;100;26;73;88;61;8.03;0;3.39;3.21;Kelantan;Perak;0.55;1.36;0.5;1.57;1.33;1.4;73;60;40;21;0;75;55;47;0;0;0;15;22;Y;Y;N;N;N;N;N
4379;136;134;2017;complete;25;16;-1;24,47,59,79,89;42;5;1;6;4;8;12;-1;-1;0;2;0;0;11;3;6;9;17;12;-1;-1;54;46;0;2;0;0;0;0;0;0;0;0;0;0;0;0;0;0;0;0;0;0;0;0;0;0;0;0;0;0;0;0;0;0;0;0;0;0;0;0;0;0;0;0;0;0;0;0;0;0;0;0;0;0;0;0;0;0;0;0;0;0;0;0;0;0;0;0;0;0;0;0;6;1;1;4;0;4;2;2017-07-15 13:00:00;136;0;54;13;28;0;-1;1;-1;-1;-1;-1;-1;-1;0;0;0;2;0;2;-1;0;0;0;0;0;0;0;0;0;0;0;0;0;1;1;0;0;-1;-1;0;0;-1;-1;-1;-1;-1;-1;-1;-1;-1;22;35;75;88;100;41;75;86;41;10.66;0;2.5;3.34;FELDA United;PBDKT T-Team;2.09;0.73;1.75;0.57;1.53;1.47;79;66;25;13;0;67;58;58;0;0;0;15;22;Y;Y;Y;Y;Y;Y;Y
4380;138;135;2017;complete;25;16;-1;12,75,78;64;3;1;4;8;3;11;-1;-1;0;1;0;0;11;9;8;3;19;12;-1;-1;62;38;0;1;0;0;0;0;0;0;0;0;0;0;0;0;0;0;0;0;0;0;0;0;0;0;0;0;0;0;0;0;0;0;0;0;0;0;0;0;0;0;0;0;0;0;0;0;0;0;0;0;0;0;0;0;0;0;0;0;0;0;0;0;0;0;0;0;0;0;0;0;4;1;0;2;1;3;1;2017-07-15 13:00:00;138;0;50;26;26;0;-1;1;-1;-1;-1;-1;-1;-1;0;0;0;1;0;1;-1;0;0;0;0;0;0;0;0;0;0;0;0;0;1;1;0;0;-1;-1;0;0;-1;-1;-1;-1;-1;-1;-1;-1;-1;25;32;51;82;88;44;69;75;51;9.87;0;2.88;2.88;Johor Darul Ta'zim;Sarawak;2.64;1;2.5;1.38;2.4;0.93;75;69;51;19;13;65;49;40;0;0;0;15;22;Y;Y;Y;Y;N;N;Y
4381;181;129;2017;complete;25;16;-1;82;36,63,71;1;3;4;5;3;8;-1;-1;3;0;0;0;10;6;6;8;16;14;-1;-1;-1;-1;3;0;0;0;0;0;0;0;0;0;0;0;0;0;0;0;0;0;0;0;0;0;0;0;0;0;0;0;0;0;0;0;0;0;0;0;0;0;0;0;0;0;0;0;0;0;0;0;0;0;0;0;0;0;0;0;0;0;0;0;0;0;0;0;0;0;0;0;0;0;4;0;1;1;2;3;1;2017-07-15 13:00:00;129;0;75;32;50;0;-1;1;-1;-1;-1;-1;-1;-1;2;0;1;0;2;1;-1;0;0;0;0;0;0;0;0;0;0;0;0;0;1;1;0;0;-1;-1;0;0;-1;-1;-1;-1;-1;-1;-1;-1;-1;32;44;63;88;100;38;75;94;69;9.5;0;3.43;3.63;PKNS;Pahang;1.09;1.73;1.13;1.63;1;1.6;69;57;38;13;0;75;50;34;0;0;0;15;22;Y;Y;Y;Y;N;N;Y
4382;180;133;2017;complete;25;16;-1;36,89;5,54,61;2;3;5;4;8;12;-1;-1;2;3;0;0;11;3;6;9;17;12;-1;-1;54;46;2;3;0;0;0;0;0;0;0;0;0;0;0;0;0;0;0;0;0;0;0;0;0;0;0;0;0;0;0;0;0;0;0;0;0;0;0;0;0;0;0;0;0;0;0;0;0;0;0;0;0;0;0;0;0;0;0;0;0;0;0;0;0;0;0;0;0;0;0;0;5;1;1;1;2;3;2;2017-07-15 13:00:00;133;0;75;36;32;0;-1;1;-1;-1;-1;-1;-1;-1;1;1;1;2;2;3;-1;0;0;0;0;0;0;0;2;0;2;0;0;0;1;1;0;1;-1;-1;0;0;-1;-1;-1;-1;-1;-1;-1;-1;-1;15;44;53;88;100;59;71;86;53;7.53;0;3.38;3.19;Melaka United;Pulau Pinang;1.09;0.73;0.5;0.63;0.8;0.4;86;57;48;13;0;47;17;9;0;0;0;15;22;Y;Y;Y;Y;Y;N;Y
4383;135;181;2017;complete;25;17;-1;;69;0;1;1;8;6;14;-1;-1;1;2;0;0;2;2;1;3;3;5;-1;-1;54;46;1;2;0;0;0;0;0;0;0;0;0;0;0;0;0;0;0;0;0;0;0;0;0;0;0;0;0;0;0;0;0;0;0;0;0;0;0;0;0;0;0;0;0;0;0;0;0;0;0;0;0;0;0;0;0;0;0;0;0;0;0;0;0;0;0;0;0;0;0;0;1;0;0;0;1;1;0;2017-07-22 12:15:00;181;0;50;36;15;0;-1;1;-1;-1;-1;-1;-1;-1;1;0;0;2;1;2;-1;0;0;0;0;0;0;0;0;0;0;0;0;0;1;1;0;0;-1;-1;0;0;-1;-1;-1;-1;-1;-1;-1;-1;-1;7;29;43;72;93;50;79;57;36;9.42;0;4.29;2.5;Sarawak;PKNS;0.91;1.18;0.43;0.86;0.88;0.94;93;71;57;29;7;59;38;29;0;0;0;15;22;Y;N;N;N;N;N;N
4384;133;132;2017;complete;25;17;-1;;62,74;0;2;2;2;4;6;-1;-1;1;1;0;0;5;9;8;3;13;12;-1;-1;40;60;1;1;0;0;0;0;0;0;0;0;0;0;0;0;0;0;0;0;0;0;0;0;0;0;0;0;0;0;0;0;0;0;0;0;0;0;0;0;0;0;0;0;0;0;0;0;0;0;0;0;0;0;0;0;0;0;0;0;0;0;0;0;0;0;0;0;0;0;0;0;2;0;0;0;2;2;0;2017-07-22 13:00:00;132;0;66;27;26;0;-1;1;-1;-1;-1;-1;-1;-1;0;1;1;0;1;1;-1;0;0;0;0;0;0;0;0;0;0;0;0;0;1;1;0;0;-1;-1;0;0;-1;-1;-1;-1;-1;-1;-1;-1;-1;26;26;41;80;100;34;60;93;53;11.83;0;3.95;3.04;Pulau Pinang;Kedah;0.36;1.27;0.14;1.38;0.56;1.75;75;75;60;21;0;59;59;50;0;0;0;15;22;Y;Y;N;N;N;N;N
4385;129;180;2017;complete;25;17;-1;5,53;;2;0;2;9;7;16;-1;-1;1;1;0;0;9;4;8;9;17;13;-1;-1;57;43;1;1;0;0;0;0;0;0;0;0;0;0;0;0;0;0;0;0;0;0;0;0;0;0;0;0;0;0;0;0;0;0;0;0;0;0;0;0;0;0;0;0;0;0;0;0;0;0;0;0;0;0;0;0;0;0;0;0;0;0;0;0;0;0;0;0;0;0;0;0;2;1;0;1;0;1;1;2017-07-22 13:00:00;129;0;51;27;31;0;-1;1;-1;-1;-1;-1;-1;-1;1;1;0;0;2;0;-1;0;0;0;0;0;0;0;0;0;0;0;0;0;1;1;1;0;-1;-1;0;0;-1;-1;-1;-1;-1;-1;-1;-1;-1;33;45;58;95;100;38;84;88;69;10.81;0;2.92;3.56;Pahang;Melaka United;1.91;1.09;1.57;1;1.69;0.75;68;55;43;6;0;54;38;22;0;0;0;15;22;Y;Y;N;N;N;N;N
4386;134;138;2017;complete;25;17;-1;84;23,40,44,59,77,81;1;6;7;2;6;8;-1;-1;-1;-1;-1;-1;4;11;4;16;8;27;-1;-1;40;60;-1;-1;0;0;0;0;0;0;0;0;0;0;0;0;0;0;0;0;0;0;0;0;0;0;0;0;0;0;0;0;0;0;0;0;0;0;0;0;0;0;0;0;0;0;0;0;0;0;0;0;0;0;0;0;0;0;0;0;0;0;0;0;0;0;0;0;0;0;0;0;7;0;3;1;3;4;3;2017-07-22 13:00:00;138;0;48;22;20;0;-1;-1;-1;-1;-1;-1;-1;-1;-1;-1;-1;-1;-1;-1;-1;0;0;0;0;0;0;0;1;0;1;0;0;0;1;1;0;0;-1;-1;-1;-1;-1;-1;-1;-1;-1;-1;-1;-1;-1;14;26;47;75;94;34;55;80;39;6.5;0;2.43;2.54;PBDKT T-Team;Johor Darul Ta'zim;1.64;1.82;2.25;2.29;1.38;2.44;87;75;54;26;7;42;42;34;0;0;0;15;22;Y;Y;Y;Y;Y;Y;Y
4387;130;136;2017;complete;25;17;-1;12;;1;0;1;0;4;4;-1;-1;4;4;0;0;4;2;10;6;14;8;-1;-1;43;57;4;4;0;0;0;0;0;0;0;0;0;0;0;0;0;0;0;0;0;0;0;0;0;0;0;0;0;0;0;0;0;0;0;0;0;0;0;0;0;0;0;0;0;0;0;0;0;0;0;0;0;0;0;0;0;0;0;0;0;0;0;0;0;0;0;0;0;0;0;0;1;1;0;0;0;0;1;2017-07-22 13:00:00;130;0;81;34;53;0;-1;1;-1;-1;-1;-1;-1;-1;2;2;2;2;4;4;-1;0;0;0;0;0;0;0;1;0;1;0;0;0;1;1;0;0;-1;-1;0;0;-1;-1;-1;-1;-1;-1;-1;-1;-1;13;41;54;81;87;48;61;80;60;9.67;0;3.77;2.8;Perak;FELDA United;1.73;1.45;1.25;1.29;1.5;1.63;88;60;47;20;14;59;50;42;0;0;0;15;22;Y;N;N;N;N;N;N
4388;140;137;2017;complete;25;17;-1;20;;1;0;1;1;5;6;-1;-1;3;2;0;0;4;8;3;12;7;20;-1;-1;37;63;3;2;0;0;0;0;0;0;0;0;0;0;0;0;0;0;0;0;0;0;0;0;0;0;0;0;0;0;0;0;0;0;0;0;0;0;0;0;0;0;0;0;0;0;0;0;0;0;0;0;0;0;0;0;0;0;0;0;0;0;0;0;0;0;0;0;0;0;0;0;1;1;0;0;0;0;1;2017-07-22 13:00:00;140;0;75;29;47;0;-1;1;-1;-1;-1;-1;-1;-1;0;0;3;2;0;5;-1;0;0;0;0;0;0;0;0;0;0;0;0;0;1;1;0;0;-1;-1;0;0;-1;-1;-1;-1;-1;-1;-1;-1;-1;28;48;62;87;93;41;55;87;60;7.33;0;3.52;3.38;Selangor;Kelantan;1.82;1.73;1.75;2.29;1.5;1.25;73;52;39;14;7;42;34;34;0;0;0;15;22;Y;N;N;N;N;N;N
4389;132;137;2017;complete;25;18;-1;8,48,60,71,87;;5;0;5;7;1;8;-1;-1;2;4;0;0;12;0;15;4;27;4;-1;-1;62;38;2;4;0;0;0;0;0;0;0;0;0;0;0;0;0;0;0;0;0;0;0;0;0;0;0;0;0;0;0;0;0;0;0;0;0;0;0;0;0;0;0;0;0;0;0;0;0;0;0;0;0;0;0;0;0;0;0;0;0;0;0;0;0;0;0;0;0;0;0;0;5;1;0;4;0;4;1;2017-07-26 13:00:00;132;0;75;50;32;0;-1;1;-1;-1;-1;-1;-1;-1;0;2;2;2;2;4;-1;0;0;0;0;0;0;0;0;0;0;0;0;0;1;1;1;0;-1;-1;0;0;-1;-1;-1;-1;-1;-1;-1;-1;-1;38;63;75;88;94;57;88;69;57;7.85;0;3.38;3.69;Kedah;Kelantan;1.91;1.73;2.13;2;1.82;1.18;63;38;25;13;7;22;14;14;0;0;0;15;22;Y;Y;Y;Y;Y;N;N
4390;136;140;2017;complete;25;18;-1;40,44,76;45;3;1;4;4;3;7;-1;-1;2;0;0;0;7;4;5;10;12;14;-1;-1;51;49;2;0;0;0;0;0;0;0;0;0;0;0;0;0;0;0;0;0;0;0;0;0;0;0;0;0;0;0;0;0;0;0;0;0;0;0;0;0;0;0;0;0;0;0;0;0;0;0;0;0;0;0;0;0;0;0;0;0;0;0;0;0;0;0;0;0;0;0;0;0;4;2;1;1;0;1;3;2017-07-26 13:00:00;136;0;53;42;18;0;-1;1;-1;-1;-1;-1;-1;-1;0;0;2;0;0;2;-1;0;0;0;0;0;0;0;0;0;0;0;0;0;1;1;0;0;-1;-1;0;0;-1;-1;-1;-1;-1;-1;-1;-1;-1;12;24;41;71;94;47;65;82;29;11.43;0;5.33;2.64;FELDA United;Selangor;2.09;1.18;1.89;1.25;1.53;1.59;89;77;60;30;7;93;86;65;0;0;0;15;22;Y;Y;Y;Y;N;N;Y
4391;138;130;2017;complete;25;18;-1;47,60;45;2;1;3;8;1;9;-1;-1;1;3;0;0;13;5;9;2;22;7;-1;-1;65;35;1;3;0;0;0;0;0;0;0;0;0;0;0;0;0;0;0;0;0;0;0;0;0;0;0;0;0;0;0;0;0;0;0;0;0;0;0;0;0;0;0;0;0;0;0;0;0;0;0;0;0;0;0;0;0;0;0;0;0;0;0;0;0;0;0;0;0;0;0;0;3;0;1;2;0;2;1;2017-07-26 13:00:00;138;0;47;23;30;0;-1;1;-1;-1;-1;-1;-1;-1;0;2;1;1;2;2;-1;0;0;0;0;0;0;0;0;0;0;0;0;0;1;1;0;0;-1;-1;0;0;-1;-1;-1;-1;-1;-1;-1;-1;-1;24;41;65;82;95;35;82;89;54;10.17;0;3.69;3.23;Johor Darul Ta'zim;Perak;2.64;1.36;2.56;1.75;2.47;1.59;77;60;36;18;6;70;40;32;0;0;0;15;22;Y;Y;Y;N;N;N;Y
4392;181;134;2017;complete;25;18;-1;35,42;67;2;1;3;5;4;9;-1;-1;2;0;0;0;11;5;2;7;13;12;-1;-1;41;59;2;0;0;0;0;0;0;0;0;0;0;0;0;0;0;0;0;0;0;0;0;0;0;0;0;0;0;0;0;0;0;0;0;0;0;0;0;0;0;0;0;0;0;0;0;0;0;0;0;0;0;0;0;0;0;0;0;0;0;0;0;0;0;0;0;0;0;0;0;0;3;2;0;0;1;1;2;2017-07-26 13:00:00;181;0;71;23;47;0;-1;1;-1;-1;-1;-1;-1;-1;1;0;1;0;1;1;-1;0;0;0;0;0;0;0;0;0;0;0;0;0;1;1;0;0;-1;-1;0;0;-1;-1;-1;-1;-1;-1;-1;-1;-1;42;60;84;95;100;42;83;88;65;8.71;0;3.24;4.31;PKNS;PBDKT T-Team;1.09;0.73;1;0.5;1.06;1.29;59;41;17;6;0;65;50;43;0;0;0;15;22;Y;Y;Y;N;N;N;Y
4393;180;135;2017;complete;25;18;-1;31,35,39,90;23,29;4;2;6;7;7;14;-1;-1;0;3;0;0;13;11;5;1;18;12;-1;-1;45;55;0;3;0;0;0;0;0;0;0;0;0;0;0;0;0;0;0;0;0;0;0;0;0;0;0;0;0;0;0;0;0;0;0;0;0;0;0;0;0;0;0;0;0;0;0;0;0;0;0;0;0;0;0;0;0;0;0;0;0;0;0;0;0;0;0;0;0;0;0;0;6;3;2;1;0;1;5;2017-07-26 13:00:00;180;0;78;27;51;0;-1;1;-1;-1;-1;-1;-1;-1;0;1;0;2;1;2;-1;0;0;0;0;0;0;0;0;0;0;0;0;0;1;1;0;0;-1;-1;0;0;-1;-1;-1;-1;-1;-1;-1;-1;-1;26;45;58;89;95;47;64;82;69;8.29;0;3.11;3.19;Melaka United;Sarawak;1.09;1;0.43;1.22;0.71;0.82;75;55;43;11;6;63;63;56;0;0;0;15;22;Y;Y;Y;Y;Y;Y;Y
4394;133;129;2017;complete;25;18;-1;8,65;;2;0;2;4;8;12;-1;-1;1;1;0;0;7;5;6;7;13;12;-1;-1;42;58;1;1;0;0;0;0;0;0;0;0;0;0;0;0;0;0;0;0;0;0;0;0;0;0;0;0;0;0;0;0;0;0;0;0;0;0;0;0;0;0;0;0;0;0;0;0;0;0;0;0;0;0;0;0;0;0;0;0;0;0;0;0;0;0;0;0;0;0;0;0;2;1;0;1;0;1;1;2017-07-26 13:00:00;133;0;64;24;35;0;-1;1;-1;-1;-1;-1;-1;-1;1;0;0;1;1;1;-1;0;0;0;0;0;0;0;0;0;0;0;0;0;1;1;1;0;-1;-1;1;0;-1;-1;-1;-1;-1;-1;-1;-1;-1;18;29;53;82;100;29;64;89;64;9.43;0;2.75;2.86;Pulau Pinang;Pahang;0.36;1.73;0.13;1.78;0.53;1.76;83;72;48;18;0;43;36;29;0;0;0;15;22;Y;Y;N;N;N;N;N
4395;135;133;2017;complete;25;19;-1;51,72;;2;0;2;4;9;13;-1;-1;3;1;0;1;3;0;0;0;3;0;-1;-1;41;59;3;3;0;0;0;0;0;0;0;0;0;0;0;0;0;0;0;0;0;0;0;0;0;0;0;0;0;0;0;0;0;0;0;0;0;0;0;0;0;0;0;0;0;0;0;0;0;0;0;0;0;0;0;0;0;0;0;0;0;0;0;0;0;0;0;0;0;0;0;0;2;0;0;2;0;2;0;2017-08-05 12:15:00;135;0;47;35;24;0;-1;1;-1;-1;-1;-1;-1;-1;0;0;3;2;0;5;-1;0;0;0;0;0;0;0;0;0;0;0;0;0;1;1;0;0;-1;-1;0;0;-1;-1;-1;-1;-1;-1;-1;-1;-1;18;35;35;64;94;47;77;70;35;9.8;0;3.39;2.62;Sarawak;Pulau Pinang;0.91;0.73;0.38;0.89;0.78;0.67;83;66;66;36;7;64;29;29;0;0;0;15;22;Y;Y;N;N;N;N;N
4396;129;132;2017;complete;25;19;-1;65,80;78;2;1;3;3;2;5;-1;-1;4;3;0;0;9;5;10;6;19;11;-1;-1;47;53;4;3;0;0;0;0;0;0;0;0;0;0;0;0;0;0;0;0;0;0;0;0;0;0;0;0;0;0;0;0;0;0;0;0;0;0;0;0;0;0;0;0;0;0;0;0;0;0;0;0;0;0;0;0;0;0;0;0;0;0;0;0;0;0;0;0;0;0;0;0;3;0;0;2;1;3;0;2017-08-05 13:00:00;129;0;59;30;29;0;-1;1;-1;-1;-1;-1;-1;-1;2;2;2;1;4;3;-1;0;0;0;0;0;0;0;0;0;0;0;0;0;1;1;0;0;-1;-1;0;0;-1;-1;-1;-1;-1;-1;-1;-1;-1;36;42;48;95;100;36;78;94;65;11.85;0;3.47;3.54;Pahang;Kedah;1.91;1.27;1.75;1.56;1.67;1.89;65;59;53;6;0;57;50;29;0;0;0;15;22;Y;Y;Y;N;N;N;Y
4397;134;180;2017;complete;25;19;-1;33;50,61,70,74,89;1;5;6;9;8;17;-1;-1;-1;-1;-1;-1;3;7;5;6;8;13;-1;-1;52;48;-1;-1;0;0;0;0;0;0;0;0;0;0;0;0;0;0;0;0;0;0;0;0;0;0;0;0;0;0;0;0;0;0;0;0;0;0;0;0;0;0;0;0;0;0;0;0;0;0;0;0;0;0;0;0;0;0;0;0;0;0;0;0;0;0;0;0;0;0;0;0;6;1;0;0;5;5;1;2017-08-05 13:00:00;180;0;42;5;32;0;-1;-1;-1;-1;-1;-1;-1;-1;-1;-1;-1;-1;-1;-1;-1;0;0;0;0;0;0;0;0;0;0;0;0;0;1;1;0;0;-1;-1;-1;-1;-1;-1;-1;-1;-1;-1;-1;-1;-1;21;37;48;79;95;32;57;90;64;8.24;0;2.56;3;PBDKT T-Team;Melaka United;1.64;1.09;2;0.9;1.22;0.83;79;63;52;22;6;60;54;54;0;0;0;15;22;Y;Y;Y;Y;Y;Y;Y
4398;130;181;2017;complete;25;19;-1;55,59;;2;0;2;5;3;8;-1;-1;1;0;0;0;6;5;8;4;14;9;-1;-1;47;53;1;0;0;0;0;0;0;0;0;0;0;0;0;0;0;0;0;0;0;0;0;0;0;0;0;0;0;0;0;0;0;0;0;0;0;0;0;0;0;0;0;0;0;0;0;0;0;0;0;0;0;0;0;0;0;0;0;0;0;0;0;0;0;0;0;0;0;0;0;0;2;0;0;2;0;2;0;2017-08-05 13:00:00;130;0;59;36;28;0;-1;1;-1;-1;-1;-1;-1;-1;0;0;1;0;0;1;-1;0;0;0;0;0;0;0;0;0;0;0;0;0;1;1;0;0;-1;-1;0;0;-1;-1;-1;-1;-1;-1;-1;-1;-1;11;29;47;71;95;42;60;77;47;8.72;0;4.14;2.59;Perak;PKNS;1.73;1.18;1.44;1.13;1.5;1.17;89;71;53;29;6;57;50;36;0;0;0;15;22;Y;Y;N;N;N;N;N
4399;140;138;2017;complete;25;19;-1;59,77;39;2;1;3;4;5;9;-1;-1;0;2;0;0;6;8;2;7;8;15;-1;-1;40;60;0;2;0;0;0;0;0;0;0;0;0;0;0;0;0;0;0;0;0;0;0;0;0;0;0;0;0;0;0;0;0;0;0;0;0;0;0;0;0;0;0;0;0;0;0;0;0;0;0;0;0;0;0;0;0;0;0;0;0;0;0;0;0;0;0;0;0;0;0;0;3;0;1;2;0;2;1;2017-08-05 13:00:00;140;0;60;19;35;0;-1;1;-1;-1;-1;-1;-1;-1;0;1;0;1;1;1;-1;0;0;0;0;0;0;0;0;0;0;0;0;0;1;1;0;0;-1;-1;0;0;-1;-1;-1;-1;-1;-1;-1;-1;-1;18;24;42;83;100;36;60;77;41;7.86;0;3.87;2.85;Selangor;Johor Darul Ta'zim;1.82;1.82;1.89;2.38;1.5;2.5;82;77;59;18;0;36;29;22;0;0;0;15;22;Y;Y;Y;N;N;N;Y
4400;137;136;2017;complete;25;19;-1;26;25;1;1;2;-1;-1;-1;-1;-1;2;1;0;0;-1;-1;-1;-1;-1;-1;-1;-1;-1;-1;2;1;0;0;0;0;0;0;0;0;0;0;0;0;0;0;0;0;0;0;0;0;0;0;0;0;0;0;0;0;0;0;0;0;0;0;0;0;0;0;0;0;0;0;0;0;0;0;0;0;0;0;0;0;0;0;0;0;0;0;0;0;0;0;0;0;0;0;0;0;2;1;1;0;0;0;2;2017-08-05 13:00:00;-1;0;60;24;30;0;-1;1;-1;-1;-1;-1;-1;-1;1;0;1;1;1;2;-1;0;0;0;0;0;0;0;0;0;0;0;0;0;1;1;0;0;-1;-1;0;0;-1;-1;-1;-1;-1;-1;-1;-1;-1;11;36;47;82;94;42;77;71;47;8.14;0;3.6;2.75;Kelantan;FELDA United;0.55;1.45;0.44;1.13;1.11;1.61;89;65;53;18;7;50;43;36;0;0;0;15;22;Y;Y;N;N;N;N;Y
4401;132;136;2017;complete;25;20;-1;21;1,19,49;1;3;4;4;2;6;-1;-1;1;2;0;0;6;5;4;1;10;6;-1;-1;57;43;1;2;0;0;0;0;0;0;0;0;0;0;0;0;0;0;0;0;0;0;0;0;0;0;0;0;0;0;0;0;0;0;0;0;0;0;0;0;0;0;0;0;0;0;0;0;0;0;0;0;0;0;0;0;0;0;0;0;0;0;0;0;0;0;0;0;0;0;0;0;4;1;2;0;1;1;3;2017-09-20 13:00:00;136;0;73;39;28;0;-1;1;-1;-1;-1;-1;-1;-1;1;1;0;1;2;1;-1;0;0;0;0;0;0;0;0;0;0;0;0;0;1;1;0;1;-1;-1;0;0;-1;-1;-1;-1;-1;-1;-1;-1;-1;22;50;61;89;95;56;89;62;56;9.57;0;4.33;3.17;Kedah;FELDA United;1.91;1.45;2.22;1.11;1.79;1.58;78;50;39;11;6;41;28;28;0;0;0;15;22;Y;Y;Y;Y;N;N;Y
4402;138;137;2017;complete;25;20;-1;20,37,56;;3;0;3;3;6;9;-1;-1;1;1;0;0;9;0;12;4;21;4;-1;-1;58;42;1;1;0;0;0;0;0;0;0;0;0;0;0;0;0;0;0;0;0;0;0;0;0;0;0;0;0;0;0;0;0;0;0;0;0;0;0;0;0;0;0;0;0;0;0;0;0;0;0;0;0;0;0;0;0;0;0;0;0;0;0;0;0;0;0;0;0;0;0;0;3;2;0;1;0;1;2;2017-09-20 13:00:00;138;0;64;37;27;0;-1;1;-1;-1;-1;-1;-1;-1;0;1;1;0;1;1;-1;0;0;0;0;0;0;0;0;0;0;0;0;0;1;1;0;0;-1;-1;0;0;-1;-1;-1;-1;-1;-1;-1;-1;-1;32;54;74;84;90;47;84;79;53;9.13;0;3.06;3.54;Johor Darul Ta'zim;Kelantan;2.64;1.73;2.6;1.78;2.37;1.11;68;47;26;16;11;38;19;13;0;0;0;15;22;Y;Y;Y;N;N;N;N
4403;140;181;2017;complete;25;20;-1;34;25,64;1;2;3;5;3;8;-1;-1;1;2;0;0;3;5;14;14;17;19;-1;-1;55;45;1;2;0;0;0;0;0;0;0;0;0;0;0;0;0;0;0;0;0;0;0;0;0;0;0;0;0;0;0;0;0;0;0;0;0;0;0;0;0;0;0;0;0;0;0;0;0;0;0;0;0;0;0;0;0;0;0;0;0;0;0;0;0;0;0;0;0;0;0;0;3;1;1;0;1;1;2;2017-09-20 13:00:00;181;0;52;17;20;0;-1;1;-1;-1;-1;-1;-1;-1;0;0;1;2;0;3;-1;0;0;0;0;0;0;0;0;0;0;0;0;0;1;1;0;0;-1;-1;0;0;-1;-1;-1;-1;-1;-1;-1;-1;-1;5;21;42;79;100;32;53;79;52;8.25;0;4.2;2.52;Selangor;PKNS;1.82;1.18;2;1;1.58;1.11;95;79;58;21;0;63;44;38;0;0;0;15;22;Y;Y;Y;N;N;N;Y
4404;180;130;2017;complete;25;20;-1;30,72,83;50;3;1;4;2;3;5;-1;-1;1;3;0;0;9;6;6;14;15;20;-1;-1;48;52;1;3;0;0;0;0;0;0;0;0;0;0;0;0;0;0;0;0;0;0;0;0;0;0;0;0;0;0;0;0;0;0;0;0;0;0;0;0;0;0;0;0;0;0;0;0;0;0;0;0;0;0;0;0;0;0;0;0;0;0;0;0;0;0;0;0;0;0;0;0;4;1;0;2;1;3;1;2017-09-20 13:00:00;180;0;72;31;42;0;-1;1;-1;-1;-1;-1;-1;-1;0;1;1;2;1;3;-1;0;0;0;0;0;0;0;0;0;0;0;0;0;1;1;0;0;-1;-1;0;0;-1;-1;-1;-1;-1;-1;-1;-1;-1;30;48;71;89;100;43;77;94;65;8.34;0;3.93;3.56;Melaka United;Perak;1.09;1.36;0.75;1.56;0.95;1.58;71;53;29;11;0;68;47;41;0;0;0;15;22;Y;Y;Y;Y;N;N;Y
4405;133;134;2017;complete;25;20;-1;;28,58;0;2;2;12;2;14;-1;-1;0;1;0;0;0;3;17;10;17;13;-1;-1;48;52;0;1;0;0;0;0;0;0;0;0;0;0;0;0;0;0;0;0;0;0;0;0;0;0;0;0;0;0;0;0;0;0;0;0;0;0;0;0;0;0;0;0;0;0;0;0;0;0;0;0;0;0;0;0;0;0;0;0;0;0;0;0;0;0;0;0;0;0;0;0;2;0;1;0;1;1;1;2017-09-20 13:00:00;134;0;56;17;22;0;-1;1;-1;-1;-1;-1;-1;-1;0;0;0;1;0;1;-1;0;0;0;0;0;0;0;0;0;0;0;0;0;1;1;0;0;-1;-1;0;0;-1;-1;-1;-1;-1;-1;-1;-1;-1;28;34;67;89;100;39;73;84;50;8.76;0;2.44;3.39;Pulau Pinang;PBDKT T-Team;0.36;0.73;0.44;0.44;0.63;1.16;73;67;34;11;0;50;44;44;0;0;0;15;22;Y;Y;N;N;N;N;N
4406;129;135;2017;complete;25;20;-1;23,28,42;;3;0;3;5;8;13;-1;-1;2;1;0;0;5;3;9;12;14;15;-1;-1;51;49;2;1;0;0;0;0;0;0;0;0;0;0;0;0;0;0;0;0;0;0;0;0;0;0;0;0;0;0;0;0;0;0;0;0;0;0;0;0;0;0;0;0;0;0;0;0;0;0;0;0;0;0;0;0;0;0;0;0;0;0;0;0;0;0;0;0;0;0;0;0;3;3;0;0;0;0;3;2017-09-20 13:00:00;129;0;58;27;37;0;-1;1;-1;-1;-1;-1;-1;-1;0;0;2;1;0;3;-1;0;0;0;0;0;0;0;0;0;0;0;0;0;1;1;0;0;-1;-1;0;0;-1;-1;-1;-1;-1;-1;-1;-1;-1;32;42;59;90;95;32;75;85;64;10.18;0;2.86;3.34;Pahang;Sarawak;1.91;1;1.89;1.1;1.74;0.89;69;58;42;10;5;68;62;50;0;0;0;15;22;Y;Y;Y;N;N;N;N
4407;135;132;2017;complete;25;21;-1;54,58,64,77;8,45;4;2;6;4;5;9;-1;-1;3;4;0;1;5;3;0;0;5;3;-1;-1;47;53;3;6;0;0;0;0;0;0;0;0;0;0;0;0;0;0;0;0;0;0;0;0;0;0;0;0;0;0;0;0;0;0;0;0;0;0;0;0;0;0;0;0;0;0;0;0;0;0;0;0;0;0;0;0;0;0;0;0;0;0;0;0;0;0;0;0;0;0;0;0;6;0;2;4;0;4;2;2017-09-27 12:15:00;135;0;52;21;31;0;-1;1;-1;-1;-1;-1;-1;-1;1;0;2;5;1;7;-1;0;0;0;0;0;0;0;0;0;0;0;0;0;1;1;0;1;-1;-1;0;0;-1;-1;-1;-1;-1;-1;-1;-1;-1;21;26;31;73;95;32;59;78;52;10.75;0;4.3;2.71;Sarawak;Kedah;0.91;1.27;0.67;1.4;0.85;1.7;80;74;69;27;6;59;50;44;0;0;0;15;22;Y;Y;Y;Y;Y;Y;Y
4408;134;129;2017;complete;25;21;-1;;79;0;1;1;4;8;12;-1;-1;1;1;0;0;4;6;4;5;8;11;-1;-1;45;55;1;1;0;0;0;0;0;0;0;0;0;0;0;0;0;0;0;0;0;0;0;0;0;0;0;0;0;0;0;0;0;0;0;0;0;0;0;0;0;0;0;0;0;0;0;0;0;0;0;0;0;0;0;0;0;0;0;0;0;0;0;0;0;0;0;0;0;0;0;0;1;0;0;0;1;1;0;2017-09-27 13:00:00;129;0;60;10;40;0;-1;1;-1;-1;-1;-1;-1;-1;0;0;1;1;0;2;-1;0;0;0;0;0;0;0;0;0;0;0;0;0;1;1;0;0;-1;-1;0;0;-1;-1;-1;-1;-1;-1;-1;-1;-1;25;45;60;80;95;30;65;90;70;8.26;0;2.22;3.2;PBDKT T-Team;Pahang;1.64;1.73;1.8;1.6;1.25;1.8;75;55;40;20;5;57;51;44;0;0;0;15;22;Y;N;N;N;N;N;N
4409;130;133;2017;complete;25;21;-1;24;;1;0;1;4;2;6;-1;-1;1;0;0;0;2;0;2;3;4;3;-1;-1;47;53;1;0;0;0;0;0;0;0;0;0;0;0;0;0;0;0;0;0;0;0;0;0;0;0;0;0;0;0;0;0;0;0;0;0;0;0;0;0;0;0;0;0;0;0;0;0;0;0;0;0;0;0;0;0;0;0;0;0;0;0;0;0;0;0;0;0;0;0;0;0;1;1;0;0;0;0;1;2017-09-27 13:00:00;130;0;55;35;35;0;-1;1;-1;-1;-1;-1;-1;-1;0;0;1;0;0;1;-1;0;0;0;0;0;0;0;0;0;0;0;0;0;1;1;0;0;-1;-1;0;0;-1;-1;-1;-1;-1;-1;-1;-1;-1;20;35;40;75;95;40;60;85;55;9.09;0;3.5;2.8;Perak;Pulau Pinang;1.73;0.73;1.6;0.8;1.5;0.6;80;65;60;25;5;55;34;27;0;0;0;15;22;Y;N;N;N;N;N;N
4410;180;140;2017;complete;25;21;-1;5,42;57;2;1;3;5;9;14;-1;-1;2;2;0;0;8;5;5;15;13;20;-1;-1;52;48;2;2;0;0;0;0;0;0;0;0;0;0;0;0;0;0;0;0;0;0;0;0;0;0;0;0;0;0;0;0;0;0;0;0;0;0;0;0;0;0;0;0;0;0;0;0;0;0;0;0;0;0;0;0;0;0;0;0;0;0;0;0;0;0;0;0;0;0;0;0;3;2;0;0;1;1;2;2017-09-27 13:00:00;180;0;78;50;39;0;-1;1;-1;-1;-1;-1;-1;-1;0;1;2;1;1;3;-1;0;0;0;0;0;0;0;0;0;0;0;0;0;1;1;1;0;-1;-1;0;0;-1;-1;-1;-1;-1;-1;-1;-1;-1;22;50;56;84;95;62;73;78;45;8.33;0;5.06;3.34;Melaka United;Selangor;1.09;1.18;1;1.11;1.05;1.5;78;50;45;17;6;60;60;36;0;0;0;15;22;Y;Y;Y;N;N;N;Y
4411;137;181;2017;complete;25;21;-1;;;0;0;0;-1;-1;-1;-1;-1;-1;-1;-1;-1;-1;-1;-1;-1;-1;-1;-1;-1;-1;-1;-1;-1;0;0;0;0;0;0;0;0;0;0;0;0;0;0;0;0;0;0;0;0;0;0;0;0;0;0;0;0;0;0;0;0;0;0;0;0;0;0;0;0;0;0;0;0;0;0;0;0;0;0;0;0;0;0;0;0;0;0;0;0;0;0;0;0;0;0;0;0;0;0;0;0;0;0;0;2017-09-27 13:00:00;-1;0;50;35;10;0;-1;-1;-1;-1;-1;-1;-1;-1;-1;-1;-1;-1;-1;-1;-1;0;0;0;0;0;0;0;0;0;0;0;0;0;1;1;0;0;-1;-1;-1;-1;-1;-1;-1;-1;-1;-1;-1;-1;-1;10;25;45;85;100;45;70;75;40;7.68;0;3.3;2.7;Kelantan;PKNS;0.55;1.18;0.5;1.2;1.05;1.2;90;75;55;15;0;50;44;31;0;0;0;15;22;N;N;N;N;N;N;N
4412;136;138;2017;complete;25;21;-1;27,45,64;39,57;3;2;5;2;8;10;-1;-1;1;3;0;1;7;12;5;13;12;25;-1;-1;42;58;1;5;0;0;0;0;0;0;0;0;0;0;0;0;0;0;0;0;0;0;0;0;0;0;0;0;0;0;0;0;0;0;0;0;0;0;0;0;0;0;0;0;0;0;0;0;0;0;0;0;0;0;0;0;0;0;0;0;0;0;0;0;0;0;0;0;0;0;0;0;5;2;1;1;1;2;3;2017-09-28 13:00:00;136;0;64;37;16;0;-1;1;-1;-1;-1;-1;-1;-1;0;2;1;2;2;3;-1;0;0;0;0;0;0;0;0;0;0;0;0;0;1;1;0;0;-1;-1;0;0;-1;-1;-1;-1;-1;-1;-1;-1;-1;16;26;58;85;100;47;74;89;32;10.88;0;2.9;3.01;FELDA United;Johor Darul Ta'zim;2.09;1.82;2;2.11;1.65;2.4;84;74;42;16;0;57;44;38;0;0;0;15;22;Y;Y;Y;Y;Y;N;Y
4413;132;138;2017;complete;25;22;-1;;;0;0;0;0;1;1;-1;-1;0;1;0;0;4;3;0;6;4;9;-1;-1;45;55;0;1;0;0;0;0;0;0;0;0;0;0;0;0;0;0;0;0;0;0;0;0;0;0;0;0;0;0;0;0;0;0;0;0;0;0;0;0;0;0;0;0;0;0;0;0;0;0;0;0;0;0;0;0;0;0;0;0;0;0;0;0;0;0;0;0;0;0;0;0;0;0;0;0;0;0;0;2017-10-28 13:00:00;-1;0;70;45;25;0;-1;1;-1;-1;-1;-1;-1;-1;0;0;0;1;0;1;-1;0;0;0;0;0;0;0;0;0;0;0;0;0;1;1;0;0;-1;-1;0;0;-1;-1;-1;-1;-1;-1;-1;-1;-1;35;50;70;95;100;55;90;75;50;9.33;0;3.89;3.6;Kedah;Johor Darul Ta'zim;1.91;1.82;2;1.9;1.62;2.29;65;50;30;5;0;28;17;6;0;0;0;15;22;N;N;N;N;N;N;N
4414;181;136;2017;complete;25;22;-1;23,90;50,73,90,90;2;4;6;3;7;10;-1;-1;2;1;0;0;7;11;8;7;15;18;-1;-1;45;55;2;1;0;0;0;0;0;0;0;0;0;0;0;0;0;0;0;0;0;0;0;0;0;0;0;0;0;0;0;0;0;0;0;0;0;0;0;0;0;0;0;0;0;0;0;0;0;0;0;0;0;0;0;0;0;0;0;0;0;0;0;0;0;0;0;0;0;0;0;0;6;1;0;1;4;5;1;2017-10-28 13:00:00;136;0;80;35;40;0;-1;1;-1;-1;-1;-1;-1;-1;1;1;1;0;2;1;-1;0;0;0;0;0;0;0;0;0;0;0;0;0;1;1;0;0;-1;-1;0;0;-1;-1;-1;-1;-1;-1;-1;-1;-1;15;45;60;85;95;50;80;80;50;9.38;0;4.3;3.3;PKNS;FELDA United;1.09;1.45;1.2;1.3;1.19;1.71;85;55;40;15;5;69;44;38;0;0;0;15;22;Y;Y;Y;Y;Y;Y;Y
4415;180;137;2017;complete;25;22;-1;30;75,81,88;1;3;4;4;10;14;-1;-1;1;0;0;0;5;11;6;14;11;25;-1;-1;45;55;1;0;0;0;0;0;0;0;0;0;0;0;0;0;0;0;0;0;0;0;0;0;0;0;0;0;0;0;0;0;0;0;0;0;0;0;0;0;0;0;0;0;0;0;0;0;0;0;0;0;0;0;0;0;0;0;0;0;0;0;0;0;0;0;0;0;0;0;0;0;4;1;0;0;3;3;1;2017-10-28 13:00:00;137;0;80;40;40;0;-1;1;-1;-1;-1;-1;-1;-1;1;0;0;0;1;0;-1;0;0;0;0;0;0;0;0;0;0;0;0;0;1;1;0;0;-1;-1;0;0;-1;-1;-1;-1;-1;-1;-1;-1;-1;35;60;80;90;95;60;80;85;55;7.62;0;3.17;3.8;Melaka United;Kelantan;1.09;1.73;1.2;1.6;1.14;1.05;65;40;20;10;5;36;31;26;0;0;0;15;22;Y;Y;Y;Y;N;N;Y
4416;133;140;2017;complete;25;22;-1;49;26,51,62;1;3;4;6;2;8;-1;-1;0;2;0;0;2;4;7;7;9;11;-1;-1;48;52;0;2;0;0;0;0;0;0;0;0;0;0;0;0;0;0;0;0;0;0;0;0;0;0;0;0;0;0;0;0;0;0;0;0;0;0;0;0;0;0;0;0;0;0;0;0;0;0;0;0;0;0;0;0;0;0;0;0;0;0;0;0;0;0;0;0;0;0;0;0;4;0;1;1;2;3;1;2017-10-28 13:00:00;140;0;50;35;15;0;-1;1;-1;-1;-1;-1;-1;-1;0;0;0;2;0;2;-1;0;0;0;0;0;0;0;0;0;0;0;0;0;1;1;0;0;-1;-1;0;0;-1;-1;-1;-1;-1;-1;-1;-1;-1;10;20;35;75;95;40;65;80;30;10.45;0;4.55;2.55;Pulau Pinang;Selangor;0.36;1.18;0.4;1;0.57;1.43;90;80;65;25;5;67;67;50;0;0;0;15;22;Y;Y;Y;Y;N;N;Y
4417;129;130;2017;complete;25;22;-1;24;79;1;1;2;6;5;11;-1;-1;1;1;0;0;2;2;11;8;13;10;-1;-1;49;51;1;1;0;0;0;0;0;0;0;0;0;0;0;0;0;0;0;0;0;0;0;0;0;0;0;0;0;0;0;0;0;0;0;0;0;0;0;0;0;0;0;0;0;0;0;0;0;0;0;0;0;0;0;0;0;0;0;0;0;0;0;0;0;0;0;0;0;0;0;0;2;1;0;0;1;1;1;2017-10-28 13:00:00;-1;0;50;20;35;0;-1;1;-1;-1;-1;-1;-1;-1;0;0;1;1;0;2;-1;0;0;0;0;0;0;0;0;0;0;0;0;0;1;1;0;0;-1;-1;0;0;-1;-1;-1;-1;-1;-1;-1;-1;-1;25;40;70;90;100;25;85;90;65;9.3;0;3.9;3.4;Pahang;Perak;1.91;1.36;2;1.4;1.86;1.57;75;60;30;10;0;66;41;30;0;0;0;15;22;Y;Y;N;N;N;N;Y
4418;135;134;2017;complete;25;22;-1;;;0;0;0;10;1;11;-1;-1;1;0;0;0;2;0;9;2;11;2;-1;-1;48;52;1;0;0;0;0;0;0;0;0;0;0;0;0;0;0;0;0;0;0;0;0;0;0;0;0;0;0;0;0;0;0;0;0;0;0;0;0;0;0;0;0;0;0;0;0;0;0;0;0;0;0;0;0;0;0;0;0;0;0;0;0;0;0;0;0;0;0;0;0;0;0;0;0;0;0;0;0;2017-10-28 13:00:00;-1;0;50;15;25;0;-1;1;-1;-1;-1;-1;-1;-1;0;0;1;0;0;1;-1;0;0;0;0;0;0;0;0;0;0;0;0;0;1;1;0;0;-1;-1;0;0;-1;-1;-1;-1;-1;-1;-1;-1;-1;30;40;60;80;95;45;80;70;45;8.73;0;3.13;3.3;Sarawak;PBDKT T-Team;0.91;0.73;0.9;0.7;0.95;1.19;70;60;40;20;5;64;44;44;0;0;0;15;22;N;N;N;N;N;N;N
