ID;HOMEID;AWAYID;SEASON;STATUS;ROUNDID;GAME_WEEK;REVISED_GAME_WEEK;HOMEGOALS;AWAYGOALS;HOMEGOALCOUNT;AWAYGOALCOUNT;TOTALGOALCOUNT;TEAM_A_CORNERS;TEAM_B_CORNERS;TOTALCORNERCOUNT;TEAM_A_OFFSIDES;TEAM_B_OFFSIDES;TEAM_A_YELLOW_CARDS;TEAM_B_YELLOW_CARDS;TEAM_A_RED_CARDS;TEAM_B_RED_CARDS;TEAM_A_SHOTSONTARGET;TEAM_B_SHOTSONTARGET;TEAM_A_SHOTSOFFTARGET;TEAM_B_SHOTSOFFTARGET;TEAM_A_SHOTS;TEAM_B_SHOTS;TEAM_A_FOULS;TEAM_B_FOULS;TEAM_A_POSSESSION;TEAM_B_POSSESSION;TEAM_A_CARDS_NUM;TEAM_B_CARDS_NUM;ODDS_FT_1;ODDS_FT_X;ODDS_FT_2;ODDS_FT_OVER05;ODDS_FT_OVER15;ODDS_FT_OVER25;ODDS_FT_OVER35;ODDS_FT_OVER45;ODDS_FT_UNDER05;ODDS_FT_UNDER15;ODDS_FT_UNDER25;ODDS_FT_UNDER35;ODDS_FT_UNDER45;ODDS_BTTS_YES;ODDS_BTTS_NO;ODDS_TEAM_A_CS_YES;ODDS_TEAM_A_CS_NO;ODDS_TEAM_B_CS_YES;ODDS_TEAM_B_CS_NO;ODDS_DOUBLECHANCE_1X;ODDS_DOUBLECHANCE_12;ODDS_DOUBLECHANCE_X2;ODDS_1ST_HALF_RESULT_1;ODDS_1ST_HALF_RESULT_X;ODDS_1ST_HALF_RESULT_2;ODDS_2ND_HALF_RESULT_1;ODDS_2ND_HALF_RESULT_X;ODDS_2ND_HALF_RESULT_2;ODDS_DNB_1;ODDS_DNB_2;ODDS_CORNERS_OVER_75;ODDS_CORNERS_OVER_85;ODDS_CORNERS_OVER_95;ODDS_CORNERS_OVER_105;ODDS_CORNERS_OVER_115;ODDS_CORNERS_UNDER_75;ODDS_CORNERS_UNDER_85;ODDS_CORNERS_UNDER_95;ODDS_CORNERS_UNDER_105;ODDS_CORNERS_UNDER_115;ODDS_CORNERS_1;ODDS_CORNERS_X;ODDS_CORNERS_2;ODDS_TEAM_TO_SCORE_FIRST_1;ODDS_TEAM_TO_SCORE_FIRST_X;ODDS_TEAM_TO_SCORE_FIRST_2;ODDS_WIN_TO_NIL_1;ODDS_WIN_TO_NIL_2;ODDS_1ST_HALF_OVER05;ODDS_1ST_HALF_OVER15;ODDS_1ST_HALF_OVER25;ODDS_1ST_HALF_OVER35;ODDS_1ST_HALF_UNDER05;ODDS_1ST_HALF_UNDER15;ODDS_1ST_HALF_UNDER25;ODDS_1ST_HALF_UNDER35;ODDS_2ND_HALF_OVER05;ODDS_2ND_HALF_OVER15;ODDS_2ND_HALF_OVER25;ODDS_2ND_HALF_OVER35;ODDS_2ND_HALF_UNDER05;ODDS_2ND_HALF_UNDER15;ODDS_2ND_HALF_UNDER25;ODDS_2ND_HALF_UNDER35;ODDS_BTTS_1ST_HALF_YES;ODDS_BTTS_1ST_HALF_NO;ODDS_BTTS_2ND_HALF_YES;ODDS_BTTS_2ND_HALF_NO;OVERALLGOALCOUNT;HT_GOALS_TEAM_A;HT_GOALS_TEAM_B;GOALS_2HG_TEAM_A;GOALS_2HG_TEAM_B;GOALCOUNT_2HG;HTGOALCOUNT;DATE_UNIX;WINNINGTEAM;NO_HOME_AWAY;BTTS_POTENTIAL;BTTS_FHG_POTENTIAL;BTTS_2HG_POTENTIAL;GOALTIMINGDISABLED;CORNER_TIMINGS_RECORDED;CARD_TIMINGS_RECORDED;TEAM_A_FH_CORNERS;TEAM_B_FH_CORNERS;TEAM_A_2H_CORNERS;TEAM_B_2H_CORNERS;CORNER_FH_COUNT;CORNER_2H_COUNT;TEAM_A_FH_CARDS;TEAM_B_FH_CARDS;TEAM_A_2H_CARDS;TEAM_B_2H_CARDS;TOTAL_FH_CARDS;TOTAL_2H_CARDS;ATTACKS_RECORDED;TEAM_A_DANGEROUS_ATTACKS;TEAM_B_DANGEROUS_ATTACKS;TEAM_A_ATTACKS;TEAM_B_ATTACKS;TEAM_A_XG;TEAM_B_XG;TOTAL_XG;TEAM_A_PENALTIES_WON;TEAM_B_PENALTIES_WON;TEAM_A_PENALTY_GOALS;TEAM_B_PENALTY_GOALS;TEAM_A_PENALTY_MISSED;TEAM_B_PENALTY_MISSED;PENS_RECORDED;GOAL_TIMINGS_RECORDED;TEAM_A_0_10_MIN_GOALS;TEAM_B_0_10_MIN_GOALS;TEAM_A_CORNERS_0_10_MIN;TEAM_B_CORNERS_0_10_MIN;TEAM_A_CARDS_0_10_MIN;TEAM_B_CARDS_0_10_MIN;THROWINS_RECORDED;TEAM_A_THROWINS;TEAM_B_THROWINS;FREEKICKS_RECORDED;TEAM_A_FREEKICKS;TEAM_B_FREEKICKS;GOALKICKS_RECORDED;TEAM_A_GOALKICKS;TEAM_B_GOALKICKS;O45_POTENTIAL;O35_POTENTIAL;O25_POTENTIAL;O15_POTENTIAL;O05_POTENTIAL;O15HT_POTENTIAL;O05HT_POTENTIAL;O05_2H_POTENTIAL;O15_2H_POTENTIAL;CORNERS_POTENTIAL;OFFSIDES_POTENTIAL;CARDS_POTENTIAL;AVG_POTENTIAL;HOME_NAME;AWAY_NAME;HOME_PPG;AWAY_PPG;PRE_MATCH_HOME_PPG;PRE_MATCH_AWAY_PPG;PRE_MATCH_TEAMA_OVERALL_PPG;PRE_MATCH_TEAMB_OVERALL_PPG;U45_POTENTIAL;U35_POTENTIAL;U25_POTENTIAL;U15_POTENTIAL;U05_POTENTIAL;CORNERS_O85_POTENTIAL;CORNERS_O95_POTENTIAL;CORNERS_O105_POTENTIAL;TEAM_A_XG_PREMATCH;TEAM_B_XG_PREMATCH;TOTAL_XG_PREMATCH;COMPETITION_ID;MATCHES_COMPLETED_MINIMUM;OVER05;OVER15;OVER25;OVER35;OVER45;OVER55;BTTS
2023;138;140;2016;complete;18;1;-1;45;60;1;1;2;-1;-1;-1;-1;-1;1;1;0;0;-1;-1;-1;-1;-1;-1;-1;-1;-1;-1;1;1;0;0;0;0;0;0;0;0;0;0;0;0;0;0;0;0;0;0;0;0;0;0;0;0;0;0;0;0;0;0;0;0;0;0;0;0;0;0;0;0;0;0;0;0;0;0;0;0;0;0;0;0;0;0;0;0;0;0;0;0;0;0;0;0;0;0;0;0;2;1;0;0;1;1;1;2016-02-13 13:00:00;-1;0;0;0;0;0;-1;1;-1;-1;-1;-1;-1;-1;0;1;1;0;1;1;-1;0;0;0;0;0;0;0;0;0;0;0;0;0;1;1;0;0;-1;-1;0;0;-1;-1;-1;-1;-1;-1;-1;-1;-1;0;0;0;0;0;0;0;0;0;0;0;0;0;Johor Darul Ta'zim;Selangor;2.82;1.18;0;0;0;0;0;0;0;0;0;0;0;0;0;0;0;8;22;Y;Y;N;N;N;N;Y
2024;129;134;2016;complete;18;1;-1;20,90;71,89;2;2;4;-1;-1;-1;-1;-1;2;1;1;0;-1;-1;-1;-1;-1;-1;-1;-1;-1;-1;3;1;0;0;0;0;0;0;0;0;0;0;0;0;0;0;0;0;0;0;0;0;0;0;0;0;0;0;0;0;0;0;0;0;0;0;0;0;0;0;0;0;0;0;0;0;0;0;0;0;0;0;0;0;0;0;0;0;0;0;0;0;0;0;0;0;0;0;0;0;4;1;0;1;2;3;1;2016-02-13 13:00:00;-1;0;0;0;0;0;-1;1;-1;-1;-1;-1;-1;-1;3;1;0;0;4;0;-1;0;0;0;0;0;0;0;0;0;0;0;0;0;1;1;0;0;-1;-1;0;0;-1;-1;-1;-1;-1;-1;-1;-1;-1;0;0;0;0;0;0;0;0;0;0;0;0;0;Pahang;PBDKT T-Team;1;1;0;0;0;0;0;0;0;0;0;0;0;0;0;0;0;8;22;Y;Y;Y;Y;N;N;Y
2025;139;133;2016;complete;18;1;-1;25;;1;0;1;-1;-1;-1;-1;-1;1;1;0;0;-1;-1;-1;-1;-1;-1;-1;-1;-1;-1;1;1;0;0;0;0;0;0;0;0;0;0;0;0;0;0;0;0;0;0;0;0;0;0;0;0;0;0;0;0;0;0;0;0;0;0;0;0;0;0;0;0;0;0;0;0;0;0;0;0;0;0;0;0;0;0;0;0;0;0;0;0;0;0;0;0;0;0;0;0;1;1;0;0;0;0;1;2016-02-13 13:00:00;139;0;0;0;0;0;-1;1;-1;-1;-1;-1;-1;-1;0;0;1;1;0;2;-1;0;0;0;0;0;0;0;0;0;0;0;0;0;1;1;0;0;-1;-1;0;0;-1;-1;-1;-1;-1;-1;-1;-1;-1;0;0;0;0;0;0;0;0;0;0;0;0;0;Terengganu;Pulau Pinang;1.18;0.82;0;0;0;0;0;0;0;0;0;0;0;0;0;0;0;8;22;Y;N;N;N;N;N;N
2026;136;132;2016;complete;18;1;-1;65,69;;2;0;2;-1;-1;-1;-1;-1;4;2;0;0;-1;-1;-1;-1;-1;-1;-1;-1;-1;-1;4;2;0;0;0;0;0;0;0;0;0;0;0;0;0;0;0;0;0;0;0;0;0;0;0;0;0;0;0;0;0;0;0;0;0;0;0;0;0;0;0;0;0;0;0;0;0;0;0;0;0;0;0;0;0;0;0;0;0;0;0;0;0;0;0;0;0;0;0;0;2;0;0;2;0;2;0;2016-02-13 13:00:00;136;0;0;0;0;0;-1;1;-1;-1;-1;-1;-1;-1;2;1;2;1;3;3;-1;0;0;0;0;0;0;0;1;0;1;0;0;0;1;1;0;0;-1;-1;1;0;-1;-1;-1;-1;-1;-1;-1;-1;-1;0;0;0;0;0;0;0;0;0;0;0;0;0;FELDA United;Kedah;2.18;1;0;0;0;0;0;0;0;0;0;0;0;0;0;0;0;8;22;Y;Y;N;N;N;N;N
2027;131;135;2016;complete;18;1;-1;77;;1;0;1;-1;-1;-1;-1;-1;1;0;0;0;-1;-1;-1;-1;-1;-1;-1;-1;-1;-1;1;0;0;0;0;0;0;0;0;0;0;0;0;0;0;0;0;0;0;0;0;0;0;0;0;0;0;0;0;0;0;0;0;0;0;0;0;0;0;0;0;0;0;0;0;0;0;0;0;0;0;0;0;0;0;0;0;0;0;0;0;0;0;0;0;0;0;0;0;0;1;0;0;1;0;1;0;2016-02-13 13:00:00;131;0;0;0;0;0;-1;1;-1;-1;-1;-1;-1;-1;0;0;1;0;0;1;-1;0;0;0;0;0;0;0;0;0;0;0;0;0;1;1;0;0;-1;-1;0;0;-1;-1;-1;-1;-1;-1;-1;-1;-1;0;0;0;0;0;0;0;0;0;0;0;0;0;PDRM;Sarawak;1.18;1;0;0;0;0;0;0;0;0;0;0;0;0;0;0;0;8;22;Y;N;N;N;N;N;N
2028;130;137;2016;complete;18;1;-1;;;0;0;0;-1;-1;-1;-1;-1;0;2;0;0;-1;-1;-1;-1;-1;-1;-1;-1;-1;-1;0;2;0;0;0;0;0;0;0;0;0;0;0;0;0;0;0;0;0;0;0;0;0;0;0;0;0;0;0;0;0;0;0;0;0;0;0;0;0;0;0;0;0;0;0;0;0;0;0;0;0;0;0;0;0;0;0;0;0;0;0;0;0;0;0;0;0;0;0;0;0;0;0;0;0;0;0;2016-02-13 13:00:00;-1;0;0;0;0;0;-1;1;-1;-1;-1;-1;-1;-1;0;1;0;1;1;1;-1;0;0;0;0;0;0;0;0;0;0;0;0;0;1;1;0;0;-1;-1;0;0;-1;-1;-1;-1;-1;-1;-1;-1;-1;0;0;0;0;0;0;0;0;0;0;0;0;0;Perak;Kelantan;1.36;1.09;0;0;0;0;0;0;0;0;0;0;0;0;0;0;0;8;22;N;N;N;N;N;N;N
2029;135;136;2016;complete;18;2;-1;78;51,86;1;2;3;-1;-1;-1;-1;-1;0;3;0;0;-1;-1;-1;-1;-1;-1;-1;-1;-1;-1;0;3;0;0;0;0;0;0;0;0;0;0;0;0;0;0;0;0;0;0;0;0;0;0;0;0;0;0;0;0;0;0;0;0;0;0;0;0;0;0;0;0;0;0;0;0;0;0;0;0;0;0;0;0;0;0;0;0;0;0;0;0;0;0;0;0;0;0;0;0;3;0;0;1;2;3;0;2016-02-16 12:15:00;136;0;0;0;0;0;-1;1;-1;-1;-1;-1;-1;-1;0;1;0;2;1;2;-1;0;0;0;0;0;0;0;1;0;1;0;0;0;1;1;0;0;-1;-1;0;0;-1;-1;-1;-1;-1;-1;-1;-1;-1;0;0;0;0;0;0;0;0;0;0;0;0;0;Sarawak;FELDA United;1.18;1.73;0;0;0;3;0;0;0;0;0;0;0;0;0;0;0;8;22;Y;Y;Y;N;N;N;Y
2030;130;140;2016;complete;18;2;-1;;8;0;1;1;-1;-1;-1;-1;-1;2;4;0;0;-1;-1;-1;-1;-1;-1;-1;-1;-1;-1;2;4;0;0;0;0;0;0;0;0;0;0;0;0;0;0;0;0;0;0;0;0;0;0;0;0;0;0;0;0;0;0;0;0;0;0;0;0;0;0;0;0;0;0;0;0;0;0;0;0;0;0;0;0;0;0;0;0;0;0;0;0;0;0;0;0;0;0;0;0;1;0;1;0;0;0;1;2016-02-16 13:00:00;140;0;50;0;0;0;-1;1;-1;-1;-1;-1;-1;-1;1;1;1;3;2;4;-1;0;0;0;0;0;0;0;0;1;0;1;0;0;1;1;0;1;-1;-1;1;0;-1;-1;-1;-1;-1;-1;-1;-1;-1;0;0;0;50;50;0;50;50;0;0;0;1;1;Perak;Selangor;1.36;1.18;1;1;1;1;100;100;100;50;50;0;0;0;0;0;0;8;22;Y;N;N;N;N;N;N
2031;137;131;2016;complete;18;2;-1;65;;1;0;1;-1;-1;-1;-1;-1;1;2;0;0;-1;-1;-1;-1;-1;-1;-1;-1;-1;-1;1;2;0;0;0;0;0;0;0;0;0;0;0;0;0;0;0;0;0;0;0;0;0;0;0;0;0;0;0;0;0;0;0;0;0;0;0;0;0;0;0;0;0;0;0;0;0;0;0;0;0;0;0;0;0;0;0;0;0;0;0;0;0;0;0;0;0;0;0;0;1;0;0;1;0;1;0;2016-02-16 13:00:00;137;0;0;0;0;0;-1;1;-1;-1;-1;-1;-1;-1;0;1;1;1;1;2;-1;0;0;0;0;0;0;0;0;0;0;0;0;0;1;1;0;0;-1;-1;0;0;-1;-1;-1;-1;-1;-1;-1;-1;-1;0;0;0;0;0;0;0;0;0;0;0;0;0;Kelantan;PDRM;1.55;0.73;0;0;1;3;0;0;0;0;0;0;0;0;0;0;0;8;22;Y;N;N;N;N;N;N
2032;132;139;2016;complete;18;2;-1;43;;1;0;1;-1;-1;-1;-1;-1;-1;-1;-1;-1;-1;-1;-1;-1;-1;-1;-1;-1;-1;-1;-1;-1;0;0;0;0;0;0;0;0;0;0;0;0;0;0;0;0;0;0;0;0;0;0;0;0;0;0;0;0;0;0;0;0;0;0;0;0;0;0;0;0;0;0;0;0;0;0;0;0;0;0;0;0;0;0;0;0;0;0;0;0;0;0;0;0;0;0;0;0;1;1;0;0;0;0;1;2016-02-16 13:00:00;132;0;0;0;0;0;-1;-1;-1;-1;-1;-1;-1;-1;-1;-1;-1;-1;-1;-1;-1;0;0;0;0;0;0;0;0;0;0;0;0;0;1;1;0;0;-1;-1;-1;-1;-1;-1;-1;-1;-1;-1;-1;-1;-1;0;0;0;0;0;0;0;0;0;0;0;0;0;Kedah;Terengganu;2.64;0.55;0;0;0;3;0;0;0;0;0;0;0;0;0;0;0;8;22;Y;N;N;N;N;N;N
2033;133;129;2016;complete;18;2;-1;3,9,62,87;90;4;1;5;-1;-1;-1;-1;-1;2;4;0;1;-1;-1;-1;-1;-1;-1;-1;-1;-1;-1;2;5;0;0;0;0;0;0;0;0;0;0;0;0;0;0;0;0;0;0;0;0;0;0;0;0;0;0;0;0;0;0;0;0;0;0;0;0;0;0;0;0;0;0;0;0;0;0;0;0;0;0;0;0;0;0;0;0;0;0;0;0;0;0;0;0;0;0;0;0;5;2;0;2;1;3;2;2016-02-16 13:00:00;133;0;0;0;0;0;-1;1;-1;-1;-1;-1;-1;-1;1;1;1;4;2;5;-1;0;0;0;0;0;0;0;0;0;0;0;0;0;1;1;2;0;-1;-1;0;1;-1;-1;-1;-1;-1;-1;-1;-1;-1;0;0;0;0;0;0;0;0;0;0;0;0;0;Pulau Pinang;Pahang;1.18;0.91;0;0;0;1;0;0;0;0;0;0;0;0;0;0;0;8;22;Y;Y;Y;Y;Y;N;Y
2034;134;138;2016;complete;18;2;-1;;28,59;0;2;2;-1;-1;-1;-1;-1;1;1;0;0;-1;-1;-1;-1;-1;-1;-1;-1;-1;-1;1;1;0;0;0;0;0;0;0;0;0;0;0;0;0;0;0;0;0;0;0;0;0;0;0;0;0;0;0;0;0;0;0;0;0;0;0;0;0;0;0;0;0;0;0;0;0;0;0;0;0;0;0;0;0;0;0;0;0;0;0;0;0;0;0;0;0;0;0;0;2;0;1;0;1;1;1;2016-02-16 13:00:00;138;0;0;0;0;0;-1;1;-1;-1;-1;-1;-1;-1;0;0;1;1;0;2;-1;0;0;0;0;0;0;0;0;0;0;0;0;0;1;1;0;0;-1;-1;0;0;-1;-1;-1;-1;-1;-1;-1;-1;-1;0;0;0;0;0;0;0;0;0;0;0;0;0;PBDKT T-Team;Johor Darul Ta'zim;1.45;2.45;0;0;1;1;0;0;0;0;0;0;0;0;0;0;0;8;22;Y;Y;N;N;N;N;N
2035;137;135;2016;complete;18;3;-1;43,63;8,72;2;2;4;-1;-1;-1;-1;-1;3;1;0;0;-1;-1;-1;-1;-1;-1;-1;-1;-1;-1;3;1;0;0;0;0;0;0;0;0;0;0;0;0;0;0;0;0;0;0;0;0;0;0;0;0;0;0;0;0;0;0;0;0;0;0;0;0;0;0;0;0;0;0;0;0;0;0;0;0;0;0;0;0;0;0;0;0;0;0;0;0;0;0;0;0;0;0;0;0;4;1;1;1;1;2;2;2016-02-26 13:00:00;-1;0;0;0;0;0;-1;1;-1;-1;-1;-1;-1;-1;0;0;3;1;0;4;-1;0;0;0;0;0;0;0;0;0;0;0;0;0;1;1;0;1;-1;-1;0;0;-1;-1;-1;-1;-1;-1;-1;-1;-1;0;0;0;0;100;0;0;100;0;0;0;1;1;Kelantan;Sarawak;1.55;1;3;0;2;0;100;100;100;100;0;0;0;0;0;0;0;8;22;Y;Y;Y;Y;N;N;Y
2036;129;140;2016;complete;18;3;-1;13;37,45,67;1;3;4;-1;-1;-1;-1;-1;-1;-1;-1;-1;-1;-1;-1;-1;-1;-1;-1;-1;-1;-1;-1;-1;0;0;0;0;0;0;0;0;0;0;0;0;0;0;0;0;0;0;0;0;0;0;0;0;0;0;0;0;0;0;0;0;0;0;0;0;0;0;0;0;0;0;0;0;0;0;0;0;0;0;0;0;0;0;0;0;0;0;0;0;0;0;0;0;0;0;0;0;4;1;2;0;1;1;3;2016-02-27 13:00:00;140;0;75;0;50;0;-1;-1;-1;-1;-1;-1;-1;-1;-1;-1;-1;-1;-1;-1;-1;0;0;0;0;0;0;0;0;0;0;0;0;0;1;1;0;0;-1;-1;-1;-1;-1;-1;-1;-1;-1;-1;-1;-1;-1;0;50;50;75;100;0;100;75;50;0;0;5.5;2.75;Pahang;Selangor;1;1.18;1;2;0.5;2;100;50;50;25;0;0;0;0;0;0;0;8;22;Y;Y;Y;Y;N;N;Y
2037;139;138;2016;complete;18;3;-1;;28,33;0;2;2;-1;-1;-1;-1;-1;0;1;0;0;-1;-1;-1;-1;-1;-1;-1;-1;-1;-1;0;1;0;0;0;0;0;0;0;0;0;0;0;0;0;0;0;0;0;0;0;0;0;0;0;0;0;0;0;0;0;0;0;0;0;0;0;0;0;0;0;0;0;0;0;0;0;0;0;0;0;0;0;0;0;0;0;0;0;0;0;0;0;0;0;0;0;0;0;0;2;0;2;0;0;0;2;2016-02-27 13:00:00;138;0;0;0;0;0;-1;1;-1;-1;-1;-1;-1;-1;0;0;0;1;0;1;-1;0;0;0;0;0;0;0;0;0;0;0;0;0;1;1;0;0;-1;-1;0;0;-1;-1;-1;-1;-1;-1;-1;-1;-1;0;0;0;50;100;0;100;50;0;0;0;2;1.5;Terengganu;Johor Darul Ta'zim;1.18;2.45;3;3;1.5;2;100;100;100;50;0;0;0;0;0;0;0;8;22;Y;Y;N;N;N;N;N
2038;136;134;2016;complete;18;3;-1;31,77;;2;0;2;-1;-1;-1;-1;-1;1;1;0;0;-1;-1;-1;-1;-1;-1;-1;-1;-1;-1;1;1;0;0;0;0;0;0;0;0;0;0;0;0;0;0;0;0;0;0;0;0;0;0;0;0;0;0;0;0;0;0;0;0;0;0;0;0;0;0;0;0;0;0;0;0;0;0;0;0;0;0;0;0;0;0;0;0;0;0;0;0;0;0;0;0;0;0;0;0;2;1;0;1;0;1;1;2016-02-27 13:00:00;136;0;50;0;50;0;-1;1;-1;-1;-1;-1;-1;-1;1;0;0;1;1;1;-1;0;0;0;0;0;0;0;0;0;0;0;0;0;1;1;0;0;-1;-1;1;0;-1;-1;-1;-1;-1;-1;-1;-1;-1;0;50;50;100;100;0;50;100;100;0;0;5;3;FELDA United;PBDKT T-Team;2.18;1;3;1;3;0.5;100;50;50;0;0;0;0;0;0;0;0;8;22;Y;Y;N;N;N;N;N
2039;131;133;2016;complete;18;3;-1;65,70;2,81;2;2;4;-1;-1;-1;-1;-1;3;3;0;0;-1;-1;-1;-1;-1;-1;-1;-1;-1;-1;3;3;0;0;0;0;0;0;0;0;0;0;0;0;0;0;0;0;0;0;0;0;0;0;0;0;0;0;0;0;0;0;0;0;0;0;0;0;0;0;0;0;0;0;0;0;0;0;0;0;0;0;0;0;0;0;0;0;0;0;0;0;0;0;0;0;0;0;0;0;4;0;1;2;1;3;1;2016-02-27 13:00:00;-1;0;0;0;0;0;-1;1;-1;-1;-1;-1;-1;-1;2;2;1;1;4;2;-1;0;0;0;0;0;0;0;1;0;1;0;0;0;1;1;0;1;-1;-1;0;0;-1;-1;-1;-1;-1;-1;-1;-1;-1;0;0;0;0;100;0;50;50;0;0;0;2;1;PDRM;Pulau Pinang;1.18;0.82;3;0;1.5;1.5;100;100;100;100;0;0;0;0;0;0;0;8;22;Y;Y;Y;Y;N;N;Y
2040;130;132;2016;complete;18;3;-1;;;0;0;0;-1;-1;-1;-1;-1;1;4;0;0;-1;-1;-1;-1;-1;-1;-1;-1;-1;-1;1;4;0;0;0;0;0;0;0;0;0;0;0;0;0;0;0;0;0;0;0;0;0;0;0;0;0;0;0;0;0;0;0;0;0;0;0;0;0;0;0;0;0;0;0;0;0;0;0;0;0;0;0;0;0;0;0;0;0;0;0;0;0;0;0;0;0;0;0;0;0;0;0;0;0;0;0;2016-02-27 13:00:00;-1;0;0;0;0;0;-1;1;-1;-1;-1;-1;-1;-1;0;1;1;3;1;4;-1;0;0;0;0;0;0;0;0;0;0;0;0;0;1;1;0;0;-1;-1;0;0;-1;-1;-1;-1;-1;-1;-1;-1;-1;0;0;0;50;75;0;25;50;50;0;0;3;1.25;Perak;Kedah;1.36;1;0.5;0;0.5;1.5;100;100;100;50;25;0;0;0;0;0;0;8;22;N;N;N;N;N;N;N
2041;140;135;2016;complete;18;4;-1;25,28,56,67;7,76;4;2;6;-1;-1;-1;-1;-1;0;1;0;0;-1;-1;-1;-1;-1;-1;-1;-1;-1;-1;0;1;0;0;0;0;0;0;0;0;0;0;0;0;0;0;0;0;0;0;0;0;0;0;0;0;0;0;0;0;0;0;0;0;0;0;0;0;0;0;0;0;0;0;0;0;0;0;0;0;0;0;0;0;0;0;0;0;0;0;0;0;0;0;0;0;0;0;0;0;6;2;1;2;1;3;3;2016-03-01 13:00:00;140;0;25;25;25;0;-1;1;-1;-1;-1;-1;-1;-1;0;0;0;1;0;1;-1;0;0;0;0;0;0;0;0;0;0;0;0;0;1;1;0;1;-1;-1;0;0;-1;-1;-1;-1;-1;-1;-1;-1;-1;0;25;25;25;50;25;25;50;25;0;0;0.5;1.25;Selangor;Sarawak;1.36;1;0;0.5;2.33;0.33;50;25;25;25;0;0;0;0;0;0;0;8;22;Y;Y;Y;Y;Y;Y;Y
2042;132;137;2016;complete;18;4;-1;68,82;30;2;1;3;-1;-1;-1;-1;-1;0;1;0;0;-1;-1;-1;-1;-1;-1;-1;-1;-1;-1;0;1;0;0;0;0;0;0;0;0;0;0;0;0;0;0;0;0;0;0;0;0;0;0;0;0;0;0;0;0;0;0;0;0;0;0;0;0;0;0;0;0;0;0;0;0;0;0;0;0;0;0;0;0;0;0;0;0;0;0;0;0;0;0;0;0;0;0;0;0;3;0;1;2;0;2;1;2016-03-01 13:00:00;132;0;0;0;0;0;-1;1;-1;-1;-1;-1;-1;-1;0;0;0;1;0;1;-1;0;0;0;0;0;0;0;0;0;0;0;0;0;1;1;0;0;-1;-1;0;0;-1;-1;-1;-1;-1;-1;-1;-1;-1;0;0;0;0;50;0;50;0;0;0;0;2;0.5;Kedah;Kelantan;2.64;1.09;3;1;1.33;1.67;100;100;100;100;50;0;0;0;0;0;0;8;22;Y;Y;Y;N;N;N;Y
2043;133;130;2016;complete;18;4;-1;20;45;1;1;2;-1;-1;-1;-1;-1;2;3;0;0;-1;-1;-1;-1;-1;-1;-1;-1;-1;-1;2;3;0;0;0;0;0;0;0;0;0;0;0;0;0;0;0;0;0;0;0;0;0;0;0;0;0;0;0;0;0;0;0;0;0;0;0;0;0;0;0;0;0;0;0;0;0;0;0;0;0;0;0;0;0;0;0;0;0;0;0;0;0;0;0;0;0;0;0;0;2;1;1;0;0;0;2;2016-03-01 13:00:00;-1;0;50;0;50;0;-1;1;-1;-1;-1;-1;-1;-1;1;0;1;3;1;4;-1;0;0;0;0;0;0;0;0;0;0;0;0;0;1;1;0;0;-1;-1;0;0;-1;-1;-1;-1;-1;-1;-1;-1;-1;50;50;50;50;50;50;50;50;50;0;0;2;2.5;Pulau Pinang;Perak;1.18;1.18;3;0;1.33;0.67;0;0;0;0;0;0;0;0;0;0;0;8;22;Y;Y;N;N;N;N;Y
2044;134;131;2016;complete;18;4;-1;71;34;1;1;2;-1;-1;-1;-1;-1;2;3;0;0;-1;-1;-1;-1;-1;-1;-1;-1;-1;-1;2;3;0;0;0;0;0;0;0;0;0;0;0;0;0;0;0;0;0;0;0;0;0;0;0;0;0;0;0;0;0;0;0;0;0;0;0;0;0;0;0;0;0;0;0;0;0;0;0;0;0;0;0;0;0;0;0;0;0;0;0;0;0;0;0;0;0;0;0;0;2;0;1;1;0;1;1;2016-03-01 13:00:00;-1;0;0;0;0;0;-1;1;-1;-1;-1;-1;-1;-1;1;1;1;2;2;3;-1;0;0;0;0;0;0;0;0;1;0;1;0;0;1;1;0;0;-1;-1;0;0;-1;-1;-1;-1;-1;-1;-1;-1;-1;0;0;0;50;100;0;50;100;0;0;0;3;1.5;PBDKT T-Team;PDRM;1.45;0.73;0;0;0.33;1.33;100;100;100;50;0;0;0;0;0;0;0;8;22;Y;Y;N;N;N;N;Y
2045;138;136;2016;complete;18;4;-1;50,83;29;2;1;3;-1;-1;-1;-1;-1;2;3;0;1;-1;-1;-1;-1;-1;-1;-1;-1;-1;-1;2;4;0;0;0;0;0;0;0;0;0;0;0;0;0;0;0;0;0;0;0;0;0;0;0;0;0;0;0;0;0;0;0;0;0;0;0;0;0;0;0;0;0;0;0;0;0;0;0;0;0;0;0;0;0;0;0;0;0;0;0;0;0;0;0;0;0;0;0;0;3;0;1;2;0;2;1;2016-03-01 13:00:00;138;0;100;0;50;0;-1;1;-1;-1;-1;-1;-1;-1;2;2;0;2;4;2;-1;0;0;0;0;0;0;0;0;0;0;0;0;0;1;1;0;0;-1;-1;0;1;-1;-1;-1;-1;-1;-1;-1;-1;-1;0;0;50;100;100;0;50;100;50;0;0;4;2.5;Johor Darul Ta'zim;FELDA United;2.82;1.73;1;3;2.33;3;100;100;50;0;0;0;0;0;0;0;0;8;22;Y;Y;Y;N;N;N;Y
2046;129;139;2016;complete;18;4;-1;49;14,25;1;2;3;-1;-1;-1;-1;-1;1;3;0;0;-1;-1;-1;-1;-1;-1;-1;-1;-1;-1;1;3;0;0;0;0;0;0;0;0;0;0;0;0;0;0;0;0;0;0;0;0;0;0;0;0;0;0;0;0;0;0;0;0;0;0;0;0;0;0;0;0;0;0;0;0;0;0;0;0;0;0;0;0;0;0;0;0;0;0;0;0;0;0;0;0;0;0;0;0;3;0;2;1;0;1;2;2016-03-01 13:00:00;139;0;50;25;25;0;-1;1;-1;-1;-1;-1;-1;-1;1;0;0;3;1;3;-1;0;0;0;0;0;0;0;0;0;0;0;0;0;1;1;0;0;-1;-1;1;0;-1;-1;-1;-1;-1;-1;-1;-1;-1;0;50;50;50;100;25;100;50;25;0;0;3;2.5;Pahang;Terengganu;1;0.55;0.5;0;0.33;1;100;50;50;50;0;0;0;0;0;0;0;8;22;Y;Y;Y;N;N;N;Y
2047;139;140;2016;complete;18;5;-1;45,80,88;46;3;1;4;-1;-1;-1;-1;-1;1;0;0;0;-1;-1;-1;-1;-1;-1;-1;-1;-1;-1;1;0;0;0;0;0;0;0;0;0;0;0;0;0;0;0;0;0;0;0;0;0;0;0;0;0;0;0;0;0;0;0;0;0;0;0;0;0;0;0;0;0;0;0;0;0;0;0;0;0;0;0;0;0;0;0;0;0;0;0;0;0;0;0;0;0;0;0;0;0;4;1;0;2;1;3;1;2016-03-11 13:00:00;139;0;34;17;0;0;-1;1;-1;-1;-1;-1;-1;-1;0;0;1;0;0;1;-1;0;0;0;0;0;0;0;0;0;0;0;0;0;1;1;0;0;-1;-1;0;0;-1;-1;-1;-1;-1;-1;-1;-1;-1;0;17;17;59;100;42;100;34;0;0;0;3;1.92;Terengganu;Selangor;1.18;1.18;1.5;2.33;1.5;2.5;100;84;84;42;0;0;0;0;0;0;0;8;22;Y;Y;Y;Y;N;N;Y
2048;135;132;2016;complete;18;5;-1;90;84;1;1;2;-1;-1;-1;-1;-1;1;0;0;0;-1;-1;-1;-1;-1;-1;-1;-1;-1;-1;1;0;0;0;0;0;0;0;0;0;0;0;0;0;0;0;0;0;0;0;0;0;0;0;0;0;0;0;0;0;0;0;0;0;0;0;0;0;0;0;0;0;0;0;0;0;0;0;0;0;0;0;0;0;0;0;0;0;0;0;0;0;0;0;0;0;0;0;0;0;2;0;0;1;1;2;0;2016-03-12 12:15:00;-1;0;50;0;50;0;-1;1;-1;-1;-1;-1;-1;-1;1;0;0;0;1;0;-1;0;0;0;0;0;0;0;0;0;0;0;0;0;1;1;0;0;-1;-1;0;0;-1;-1;-1;-1;-1;-1;-1;-1;-1;0;0;50;75;75;0;0;75;75;0;0;3;2;Sarawak;Kedah;1.18;1;0;0.5;0.25;1.75;100;100;50;25;25;0;0;0;0;0;0;8;22;Y;Y;N;N;N;N;Y
2049;136;129;2016;complete;18;5;-1;36,82;;2;0;2;-1;-1;-1;-1;-1;0;3;0;0;-1;-1;-1;-1;-1;-1;-1;-1;-1;-1;0;3;0;0;0;0;0;0;0;0;0;0;0;0;0;0;0;0;0;0;0;0;0;0;0;0;0;0;0;0;0;0;0;0;0;0;0;0;0;0;0;0;0;0;0;0;0;0;0;0;0;0;0;0;0;0;0;0;0;0;0;0;0;0;0;0;0;0;0;0;2;1;0;1;0;1;1;2016-03-12 13:00:00;136;0;50;0;50;0;-1;1;-1;-1;-1;-1;-1;-1;0;0;0;3;0;3;-1;0;0;0;0;0;0;0;0;0;0;0;0;0;1;1;0;0;-1;-1;0;0;-1;-1;-1;-1;-1;-1;-1;-1;-1;50;50;50;100;100;50;75;100;75;0;0;7.5;3.5;FELDA United;Pahang;2.18;0.91;3;0;2.25;0.25;50;50;50;0;0;0;0;0;0;0;0;8;22;Y;Y;N;N;N;N;N
2050;137;133;2016;complete;18;5;-1;5,35,71;82;3;1;4;-1;-1;-1;-1;-1;2;1;0;0;-1;-1;-1;-1;-1;-1;-1;-1;-1;-1;2;1;0;0;0;0;0;0;0;0;0;0;0;0;0;0;0;0;0;0;0;0;0;0;0;0;0;0;0;0;0;0;0;0;0;0;0;0;0;0;0;0;0;0;0;0;0;0;0;0;0;0;0;0;0;0;0;0;0;0;0;0;0;0;0;0;0;0;0;0;4;2;0;1;1;2;2;2016-03-12 13:00:00;137;0;50;25;50;0;-1;1;-1;-1;-1;-1;-1;-1;1;1;1;0;2;1;-1;0;0;0;0;0;0;0;0;0;0;0;0;0;1;1;1;0;-1;-1;0;0;-1;-1;-1;-1;-1;-1;-1;-1;-1;0;50;50;50;100;25;75;75;50;0;0;4;2.5;Kelantan;Pulau Pinang;1.55;0.82;2;0.5;1.25;1.25;100;50;50;50;0;0;0;0;0;0;0;8;22;Y;Y;Y;Y;N;N;Y
2051;130;134;2016;complete;18;5;-1;;;0;0;0;-1;-1;-1;-1;-1;0;1;0;0;-1;-1;-1;-1;-1;-1;-1;-1;-1;-1;0;1;0;0;0;0;0;0;0;0;0;0;0;0;0;0;0;0;0;0;0;0;0;0;0;0;0;0;0;0;0;0;0;0;0;0;0;0;0;0;0;0;0;0;0;0;0;0;0;0;0;0;0;0;0;0;0;0;0;0;0;0;0;0;0;0;0;0;0;0;0;0;0;0;0;0;0;2016-03-13 13:00:00;-1;0;25;0;25;0;-1;1;-1;-1;-1;-1;-1;-1;0;1;0;0;1;0;-1;0;0;0;0;0;0;0;0;0;0;0;0;0;1;1;0;0;-1;-1;0;0;-1;-1;-1;-1;-1;-1;-1;-1;-1;0;25;25;50;67;0;67;50;25;0;0;2;1.67;Perak;PBDKT T-Team;1.36;1;0.67;0.5;0.75;0.5;100;75;75;50;34;0;0;0;0;0;0;8;22;N;N;N;N;N;N;N
2052;131;138;2016;complete;18;5;-1;;49,77;0;2;2;-1;-1;-1;-1;-1;2;0;0;0;-1;-1;-1;-1;-1;-1;-1;-1;-1;-1;2;0;0;0;0;0;0;0;0;0;0;0;0;0;0;0;0;0;0;0;0;0;0;0;0;0;0;0;0;0;0;0;0;0;0;0;0;0;0;0;0;0;0;0;0;0;0;0;0;0;0;0;0;0;0;0;0;0;0;0;0;0;0;0;0;0;0;0;0;0;2;0;0;0;2;2;0;2016-03-13 13:00:00;138;0;25;0;25;0;-1;1;-1;-1;-1;-1;-1;-1;1;0;1;0;1;1;-1;0;0;0;0;0;0;0;0;1;0;1;0;0;1;1;0;0;-1;-1;0;0;-1;-1;-1;-1;-1;-1;-1;-1;-1;0;25;25;75;100;25;75;75;25;0;0;3;2.25;PDRM;Johor Darul Ta'zim;1.18;2.45;2;3;1.25;2.5;100;75;75;25;0;0;0;0;0;0;0;8;22;Y;Y;N;N;N;N;N
2053;139;136;2016;complete;18;6;-1;25;27,67,71,78;1;4;5;-1;-1;-1;-1;-1;4;4;0;0;-1;-1;-1;-1;-1;-1;-1;-1;-1;-1;4;4;0;0;0;0;0;0;0;0;0;0;0;0;0;0;0;0;0;0;0;0;0;0;0;0;0;0;0;0;0;0;0;0;0;0;0;0;0;0;0;0;0;0;0;0;0;0;0;0;0;0;0;0;0;0;0;0;0;0;0;0;0;0;0;0;0;0;0;0;5;1;1;0;3;3;2;2016-04-04 13:00:00;136;0;67;0;42;0;-1;1;-1;-1;-1;-1;-1;-1;1;2;3;2;3;5;-1;0;0;0;0;0;0;0;0;0;0;0;0;0;1;1;0;0;-1;-1;0;0;-1;-1;-1;-1;-1;-1;-1;-1;-1;0;17;67;84;100;17;75;67;67;0;0;4.17;2.67;Terengganu;FELDA United;1.18;1.73;2;1.5;1.8;2.4;100;84;34;17;0;0;0;0;0;0;0;8;22;Y;Y;Y;Y;Y;N;Y
2054;140;132;2016;complete;18;6;-1;31,31;8,67;2;2;4;-1;-1;-1;-1;-1;4;1;0;0;-1;-1;-1;-1;-1;-1;-1;-1;-1;-1;4;1;0;0;0;0;0;0;0;0;0;0;0;0;0;0;0;0;0;0;0;0;0;0;0;0;0;0;0;0;0;0;0;0;0;0;0;0;0;0;0;0;0;0;0;0;0;0;0;0;0;0;0;0;0;0;0;0;0;0;0;0;0;0;0;0;0;0;0;0;4;2;1;0;1;1;3;2016-04-05 13:00:00;-1;0;67;50;67;0;-1;1;-1;-1;-1;-1;-1;-1;1;0;3;1;1;4;-1;0;0;0;0;0;0;0;0;1;0;1;0;0;1;1;0;1;-1;-1;0;0;-1;-1;-1;-1;-1;-1;-1;-1;-1;50;50;50;84;84;50;50;84;84;0;0;2;3.67;Selangor;Kedah;1.36;1;3;0.67;2;1.6;50;50;50;17;17;0;0;0;0;0;0;8;22;Y;Y;Y;Y;N;N;Y
2055;133;135;2016;complete;18;6;-1;26;59,90;1;2;3;-1;-1;-1;-1;-1;1;5;0;0;-1;-1;-1;-1;-1;-1;-1;-1;-1;-1;1;5;0;0;0;0;0;0;0;0;0;0;0;0;0;0;0;0;0;0;0;0;0;0;0;0;0;0;0;0;0;0;0;0;0;0;0;0;0;0;0;0;0;0;0;0;0;0;0;0;0;0;0;0;0;0;0;0;0;0;0;0;0;0;0;0;0;0;0;0;3;1;0;0;2;2;1;2016-04-05 13:00:00;135;0;84;59;59;0;-1;1;-1;-1;-1;-1;-1;-1;0;1;1;4;1;5;-1;0;0;0;0;0;0;0;0;0;0;0;0;0;1;1;0;0;-1;-1;0;0;-1;-1;-1;-1;-1;-1;-1;-1;-1;42;59;59;84;100;84;84;75;59;0;0;2.67;3.59;Pulau Pinang;Sarawak;1.18;1;2;0.33;1;0.4;59;42;42;17;0;0;0;0;0;0;0;8;22;Y;Y;Y;N;N;N;Y
2056;134;137;2016;complete;18;6;-1;21,38,49,73;29,40;4;2;6;-1;-1;-1;-1;-1;0;3;0;0;-1;-1;-1;-1;-1;-1;-1;-1;-1;-1;0;3;0;0;0;0;0;0;0;0;0;0;0;0;0;0;0;0;0;0;0;0;0;0;0;0;0;0;0;0;0;0;0;0;0;0;0;0;0;0;0;0;0;0;0;0;0;0;0;0;0;0;0;0;0;0;0;0;0;0;0;0;0;0;0;0;0;0;0;0;6;2;2;2;0;2;4;2016-04-05 13:00:00;134;0;50;0;0;0;-1;1;-1;-1;-1;-1;-1;-1;0;1;0;2;1;2;-1;0;0;0;0;0;0;0;0;0;0;0;0;0;1;1;0;0;-1;-1;0;0;-1;-1;-1;-1;-1;-1;-1;-1;-1;0;0;25;75;75;0;75;75;25;0;0;3;1.75;PBDKT T-Team;Kelantan;1.45;1.09;0.5;0.5;0.6;1.6;100;100;75;25;25;0;0;0;0;0;0;8;22;Y;Y;Y;Y;Y;Y;Y
2057;138;130;2016;complete;18;6;-1;48,53;18;2;1;3;-1;-1;-1;-1;-1;3;2;0;0;-1;-1;-1;-1;-1;-1;-1;-1;-1;-1;3;2;0;0;0;0;0;0;0;0;0;0;0;0;0;0;0;0;0;0;0;0;0;0;0;0;0;0;0;0;0;0;0;0;0;0;0;0;0;0;0;0;0;0;0;0;0;0;0;0;0;0;0;0;0;0;0;0;0;0;0;0;0;0;0;0;0;0;0;0;3;0;1;2;0;2;1;2016-04-05 13:00:00;138;0;100;50;0;0;-1;1;-1;-1;-1;-1;-1;-1;1;1;2;1;2;3;-1;0;0;0;0;0;0;0;1;0;1;0;0;0;1;1;0;0;-1;-1;0;0;-1;-1;-1;-1;-1;-1;-1;-1;-1;0;0;25;100;100;50;100;50;25;0;0;4.5;2.25;Johor Darul Ta'zim;Perak;2.82;1.18;2;1;2.6;0.8;100;100;75;0;0;0;0;0;0;0;0;8;22;Y;Y;Y;N;N;N;Y
2058;129;131;2016;complete;18;6;-1;;40,77;0;2;2;-1;-1;-1;-1;-1;2;0;0;0;-1;-1;-1;-1;-1;-1;-1;-1;-1;-1;2;0;0;0;0;0;0;0;0;0;0;0;0;0;0;0;0;0;0;0;0;0;0;0;0;0;0;0;0;0;0;0;0;0;0;0;0;0;0;0;0;0;0;0;0;0;0;0;0;0;0;0;0;0;0;0;0;0;0;0;0;0;0;0;0;0;0;0;0;0;2;0;1;0;1;1;1;2016-04-05 13:00:00;131;0;75;17;17;0;-1;1;-1;-1;-1;-1;-1;-1;1;0;1;0;1;1;-1;0;0;0;0;0;0;0;0;1;0;1;0;0;1;1;0;0;-1;-1;0;0;-1;-1;-1;-1;-1;-1;-1;-1;-1;0;34;50;75;100;34;75;100;17;0;0;4.5;2.59;Pahang;PDRM;1;0.73;0.33;0.5;0.2;1;100;67;50;25;0;0;0;0;0;0;0;8;22;Y;Y;N;N;N;N;N
2059;136;140;2016;complete;18;7;-1;10,75,78;71;3;1;4;-1;-1;-1;-1;-1;1;3;0;0;-1;-1;-1;-1;-1;-1;-1;-1;-1;-1;1;3;0;0;0;0;0;0;0;0;0;0;0;0;0;0;0;0;0;0;0;0;0;0;0;0;0;0;0;0;0;0;0;0;0;0;0;0;0;0;0;0;0;0;0;0;0;0;0;0;0;0;0;0;0;0;0;0;0;0;0;0;0;0;0;0;0;0;0;0;4;1;0;2;1;3;1;2016-04-08 13:00:00;136;0;38;13;13;0;-1;1;-1;-1;-1;-1;-1;-1;0;0;1;3;0;4;-1;0;0;0;0;0;0;0;0;0;0;0;0;0;1;1;1;0;-1;-1;0;0;-1;-1;-1;-1;-1;-1;-1;-1;-1;0;25;25;88;100;13;84;88;29;0;0;3.34;2.38;FELDA United;Selangor;2.18;1.18;3;1.75;2.5;1.83;100;75;75;13;0;0;0;0;0;0;0;8;22;Y;Y;Y;Y;N;N;Y
2060;137;138;2016;complete;18;7;-1;54,68;11,53;2;2;4;-1;-1;-1;-1;-1;4;1;0;0;-1;-1;-1;-1;-1;-1;-1;-1;-1;-1;4;1;0;0;0;0;0;0;0;0;0;0;0;0;0;0;0;0;0;0;0;0;0;0;0;0;0;0;0;0;0;0;0;0;0;0;0;0;0;0;0;0;0;0;0;0;0;0;0;0;0;0;0;0;0;0;0;0;0;0;0;0;0;0;0;0;0;0;0;0;4;0;1;2;1;3;1;2016-04-08 13:00:00;-1;0;34;17;34;0;-1;1;-1;-1;-1;-1;-1;-1;2;0;2;1;2;3;-1;0;0;0;0;0;0;0;0;0;0;0;0;0;1;1;0;0;-1;-1;0;0;-1;-1;-1;-1;-1;-1;-1;-1;-1;0;34;34;84;100;50;67;84;50;0;0;2.67;2.5;Kelantan;Johor Darul Ta'zim;1.55;2.45;2.33;3;1.33;2.67;100;67;67;17;0;0;0;0;0;0;0;8;22;Y;Y;Y;Y;N;N;Y
2061;135;134;2016;complete;18;7;-1;;55,69;0;2;2;-1;-1;-1;-1;-1;2;2;0;0;-1;-1;-1;-1;-1;-1;-1;-1;-1;-1;2;2;0;0;0;0;0;0;0;0;0;0;0;0;0;0;0;0;0;0;0;0;0;0;0;0;0;0;0;0;0;0;0;0;0;0;0;0;0;0;0;0;0;0;0;0;0;0;0;0;0;0;0;0;0;0;0;0;0;0;0;0;0;0;0;0;0;0;0;0;2;0;0;0;2;2;0;2016-04-09 12:15:00;134;0;67;0;67;0;-1;1;-1;-1;-1;-1;-1;-1;0;0;2;2;0;4;-1;0;0;0;0;0;0;0;0;0;0;0;0;0;1;1;0;0;-1;-1;0;0;-1;-1;-1;-1;-1;-1;-1;-1;-1;0;17;42;84;84;0;34;84;67;0;0;1.5;2.25;Sarawak;PBDKT T-Team;1.18;1;0.5;0.67;0.83;1;100;84;59;17;17;0;0;0;0;0;0;8;22;Y;Y;N;N;N;N;N
2062;130;129;2016;complete;18;7;-1;9,58,77;14,43,70,90;3;4;7;-1;-1;-1;-1;-1;1;0;0;0;-1;-1;-1;-1;-1;-1;-1;-1;-1;-1;1;0;0;0;0;0;0;0;0;0;0;0;0;0;0;0;0;0;0;0;0;0;0;0;0;0;0;0;0;0;0;0;0;0;0;0;0;0;0;0;0;0;0;0;0;0;0;0;0;0;0;0;0;0;0;0;0;0;0;0;0;0;0;0;0;0;0;0;0;0;7;1;2;2;2;4;3;2016-04-09 13:00:00;129;0;25;0;25;0;-1;1;-1;-1;-1;-1;-1;-1;1;0;0;0;1;0;-1;0;0;0;0;0;0;0;0;0;0;0;0;0;1;1;1;0;-1;-1;0;0;-1;-1;-1;-1;-1;-1;-1;-1;-1;25;25;25;50;63;25;63;50;25;0;0;4.75;1.88;Perak;Pahang;1.36;0.91;0.75;0;0.67;0.17;75;75;75;50;38;0;0;0;0;0;0;8;22;Y;Y;Y;Y;Y;Y;Y
2063;132;133;2016;complete;18;7;-1;25,61;30,87;2;2;4;-1;-1;-1;-1;-1;1;2;0;0;-1;-1;-1;-1;-1;-1;-1;-1;-1;-1;1;2;0;0;0;0;0;0;0;0;0;0;0;0;0;0;0;0;0;0;0;0;0;0;0;0;0;0;0;0;0;0;0;0;0;0;0;0;0;0;0;0;0;0;0;0;0;0;0;0;0;0;0;0;0;0;0;0;0;0;0;0;0;0;0;0;0;0;0;0;4;1;1;1;1;2;2;2016-04-09 13:00:00;-1;0;59;0;34;0;-1;1;-1;-1;-1;-1;-1;-1;0;1;1;1;1;2;-1;0;0;0;0;0;0;0;0;0;0;0;0;0;1;1;0;0;-1;-1;0;0;-1;-1;-1;-1;-1;-1;-1;-1;-1;0;34;59;59;100;17;100;59;59;0;0;1.67;2.5;Kedah;Pulau Pinang;2.64;0.82;3;0.33;1.5;0.83;100;67;42;42;0;0;0;0;0;0;0;8;22;Y;Y;Y;Y;N;N;Y
2064;131;139;2016;complete;18;7;-1;6,72,89;31;3;1;4;-1;-1;-1;-1;-1;1;1;1;1;-1;-1;-1;-1;-1;-1;-1;-1;-1;-1;3;3;0;0;0;0;0;0;0;0;0;0;0;0;0;0;0;0;0;0;0;0;0;0;0;0;0;0;0;0;0;0;0;0;0;0;0;0;0;0;0;0;0;0;0;0;0;0;0;0;0;0;0;0;0;0;0;0;0;0;0;0;0;0;0;0;0;0;0;0;4;1;1;2;0;2;2;2016-04-10 13:00:00;131;0;42;0;17;0;-1;1;-1;-1;-1;-1;-1;-1;1;1;1;1;2;2;-1;0;0;0;0;0;0;0;0;0;0;0;0;0;1;1;1;0;-1;-1;0;0;-1;-1;-1;-1;-1;-1;-1;-1;-1;0;17;42;59;100;25;67;75;34;0;0;5;2.17;PDRM;Terengganu;1.18;0.55;1.33;1.5;1.33;1.5;100;84;59;42;0;0;0;0;0;0;0;8;22;Y;Y;Y;Y;N;N;Y
2065;139;130;2016;complete;18;8;-1;28,86;25,54,64;2;3;5;-1;-1;-1;-1;-1;3;2;0;0;-1;-1;-1;-1;-1;-1;-1;-1;-1;-1;3;2;0;0;0;0;0;0;0;0;0;0;0;0;0;0;0;0;0;0;0;0;0;0;0;0;0;0;0;0;0;0;0;0;0;0;0;0;0;0;0;0;0;0;0;0;0;0;0;0;0;0;0;0;0;0;0;0;0;0;0;0;0;0;0;0;0;0;0;0;5;1;1;1;2;3;2;2016-04-19 13:00:00;130;0;75;38;13;0;-1;1;-1;-1;-1;-1;-1;-1;0;1;3;1;1;4;-1;0;0;0;0;0;0;0;1;0;1;0;0;0;1;1;0;0;-1;-1;0;0;-1;-1;-1;-1;-1;-1;-1;-1;-1;13;25;50;88;100;50;100;50;50;0;0;4;2.75;Terengganu;Perak;1.18;1.18;1.5;0.5;1.29;0.57;88;75;50;13;0;0;0;0;0;0;0;8;22;Y;Y;Y;Y;Y;N;Y
2066;140;133;2016;complete;18;8;-1;17;;1;0;1;-1;-1;-1;-1;-1;1;3;0;0;-1;-1;-1;-1;-1;-1;-1;-1;-1;-1;1;3;0;0;0;0;0;0;0;0;0;0;0;0;0;0;0;0;0;0;0;0;0;0;0;0;0;0;0;0;0;0;0;0;0;0;0;0;0;0;0;0;0;0;0;0;0;0;0;0;0;0;0;0;0;0;0;0;0;0;0;0;0;0;0;0;0;0;0;0;1;1;0;0;0;0;1;2016-04-20 13:00:00;140;0;88;63;63;0;-1;1;-1;-1;-1;-1;-1;-1;1;2;0;1;3;1;-1;0;0;0;0;0;0;0;0;0;0;0;0;0;1;1;0;0;-1;-1;0;0;-1;-1;-1;-1;-1;-1;-1;-1;-1;25;88;88;88;100;75;100;88;63;0;0;3.75;4.13;Selangor;Pulau Pinang;1.36;0.82;2;0.5;1.57;0.86;75;13;13;13;0;0;0;0;0;0;0;8;22;Y;N;N;N;N;N;N
2067;134;132;2016;complete;18;8;-1;10,66,78,83;43;4;1;5;-1;-1;-1;-1;-1;0;1;0;0;-1;-1;-1;-1;-1;-1;-1;-1;-1;-1;0;1;0;0;0;0;0;0;0;0;0;0;0;0;0;0;0;0;0;0;0;0;0;0;0;0;0;0;0;0;0;0;0;0;0;0;0;0;0;0;0;0;0;0;0;0;0;0;0;0;0;0;0;0;0;0;0;0;0;0;0;0;0;0;0;0;0;0;0;0;5;1;1;3;0;3;2;2016-04-20 13:00:00;134;0;59;29;13;0;-1;1;-1;-1;-1;-1;-1;-1;0;0;0;1;0;1;-1;0;0;0;0;0;0;0;0;0;0;0;0;0;1;1;1;0;-1;-1;0;0;-1;-1;-1;-1;-1;-1;-1;-1;-1;17;29;29;88;88;29;63;88;42;0;0;2.75;2.67;PBDKT T-Team;Kedah;1.45;1;1.33;0.75;1.29;1.43;84;71;71;13;13;0;0;0;0;0;0;8;22;Y;Y;Y;Y;Y;N;Y
2068;129;137;2016;complete;18;8;-1;14,45,48,90;10,56,78;4;3;7;-1;-1;-1;-1;-1;1;2;0;0;-1;-1;-1;-1;-1;-1;-1;-1;-1;-1;1;2;0;0;0;0;0;0;0;0;0;0;0;0;0;0;0;0;0;0;0;0;0;0;0;0;0;0;0;0;0;0;0;0;0;0;0;0;0;0;0;0;0;0;0;0;0;0;0;0;0;0;0;0;0;0;0;0;0;0;0;0;0;0;0;0;0;0;0;0;7;2;1;2;2;4;3;2016-04-20 13:00:00;129;0;71;29;13;0;-1;1;-1;-1;-1;-1;-1;-1;0;0;1;2;0;3;-1;0;0;0;0;0;0;0;0;1;0;1;0;0;1;1;0;1;-1;-1;0;0;-1;-1;-1;-1;-1;-1;-1;-1;-1;17;42;71;84;84;42;84;84;46;0;0;4;3.13;Pahang;Kelantan;1;1.09;0.25;0.33;0.57;1.29;84;59;29;17;17;0;0;0;0;0;0;8;22;Y;Y;Y;Y;Y;Y;Y
2069;136;131;2016;complete;18;8;-1;21,27,88,90;;4;0;4;-1;-1;-1;-1;-1;0;3;0;0;-1;-1;-1;-1;-1;-1;-1;-1;-1;-1;0;3;0;0;0;0;0;0;0;0;0;0;0;0;0;0;0;0;0;0;0;0;0;0;0;0;0;0;0;0;0;0;0;0;0;0;0;0;0;0;0;0;0;0;0;0;0;0;0;0;0;0;0;0;0;0;0;0;0;0;0;0;0;0;0;0;0;0;0;0;4;2;0;2;0;2;2;2016-04-20 13:00:00;136;0;29;0;13;0;-1;1;-1;-1;-1;-1;-1;-1;0;2;0;1;2;1;-1;0;0;0;0;0;0;0;0;0;0;0;0;0;1;1;0;0;-1;-1;0;0;-1;-1;-1;-1;-1;-1;-1;-1;-1;0;13;13;84;100;0;71;100;25;0;0;3.17;2.09;FELDA United;PDRM;2.18;0.73;3;1.33;2.57;1.57;100;88;88;17;0;0;0;0;0;0;0;8;22;Y;Y;Y;Y;N;N;N
2070;138;135;2016;complete;18;8;-1;5,35,36,41,45;14,60;5;2;7;-1;-1;-1;-1;-1;0;1;0;0;-1;-1;-1;-1;-1;-1;-1;-1;-1;-1;0;1;0;0;0;0;0;0;0;0;0;0;0;0;0;0;0;0;0;0;0;0;0;0;0;0;0;0;0;0;0;0;0;0;0;0;0;0;0;0;0;0;0;0;0;0;0;0;0;0;0;0;0;0;0;0;0;0;0;0;0;0;0;0;0;0;0;0;0;0;7;5;1;0;1;1;6;2016-04-20 13:00:00;138;0;88;25;25;0;-1;1;-1;-1;-1;-1;-1;-1;0;0;0;1;0;1;-1;0;0;0;0;0;0;0;0;0;0;0;0;0;1;1;1;0;-1;-1;0;0;-1;-1;-1;-1;-1;-1;-1;-1;-1;13;25;71;88;100;25;88;100;71;0;0;3.75;3.09;Johor Darul Ta'zim;Sarawak;2.82;1;2.33;1;2.43;0.71;88;75;29;13;0;0;0;0;0;0;0;8;22;Y;Y;Y;Y;Y;Y;Y
2071;135;129;2016;complete;18;9;-1;29;55;1;1;2;-1;-1;-1;-1;-1;1;0;0;0;-1;-1;-1;-1;-1;-1;-1;-1;-1;-1;1;0;0;0;0;0;0;0;0;0;0;0;0;0;0;0;0;0;0;0;0;0;0;0;0;0;0;0;0;0;0;0;0;0;0;0;0;0;0;0;0;0;0;0;0;0;0;0;0;0;0;0;0;0;0;0;0;0;0;0;0;0;0;0;0;0;0;0;0;0;2;1;0;0;1;1;1;2016-04-23 12:15:00;-1;0;67;17;67;0;-1;1;-1;-1;-1;-1;-1;-1;1;0;0;0;1;0;-1;0;0;0;0;0;0;0;0;0;0;0;0;0;1;1;0;0;-1;-1;0;0;-1;-1;-1;-1;-1;-1;-1;-1;-1;34;34;50;100;100;34;50;100;84;0;0;3.67;3.5;Sarawak;Pahang;1.18;0.91;0.33;1;0.63;0.88;67;67;50;0;0;0;0;0;0;0;0;8;22;Y;Y;N;N;N;N;Y
2072;131;140;2016;complete;18;9;-1;;;0;0;0;-1;-1;-1;-1;-1;3;1;0;1;-1;-1;-1;-1;-1;-1;-1;-1;-1;-1;3;3;0;0;0;0;0;0;0;0;0;0;0;0;0;0;0;0;0;0;0;0;0;0;0;0;0;0;0;0;0;0;0;0;0;0;0;0;0;0;0;0;0;0;0;0;0;0;0;0;0;0;0;0;0;0;0;0;0;0;0;0;0;0;0;0;0;0;0;0;0;0;0;0;0;0;0;2016-04-23 13:00:00;-1;0;65;23;33;0;-1;1;-1;-1;-1;-1;-1;-1;1;1;2;1;2;3;-1;0;0;0;0;0;0;0;0;0;0;0;0;0;1;1;0;0;-1;-1;0;0;-1;-1;-1;-1;-1;-1;-1;-1;-1;0;55;55;78;100;23;75;90;58;0;0;4.25;2.88;PDRM;Selangor;1.18;1.18;1.75;1.4;1.38;1.75;100;45;45;23;0;0;0;0;0;0;0;8;22;N;N;N;N;N;N;N
2073;137;139;2016;complete;18;9;-1;14,63,88;;3;0;3;-1;-1;-1;-1;-1;1;0;0;0;-1;-1;-1;-1;-1;-1;-1;-1;-1;-1;1;0;0;0;0;0;0;0;0;0;0;0;0;0;0;0;0;0;0;0;0;0;0;0;0;0;0;0;0;0;0;0;0;0;0;0;0;0;0;0;0;0;0;0;0;0;0;0;0;0;0;0;0;0;0;0;0;0;0;0;0;0;0;0;0;0;0;0;0;0;3;1;0;2;0;2;1;2016-04-23 13:00:00;137;0;71;29;38;0;-1;1;-1;-1;-1;-1;-1;-1;1;0;0;0;1;0;-1;0;0;0;0;0;0;0;0;0;0;0;0;0;1;1;0;0;-1;-1;0;0;-1;-1;-1;-1;-1;-1;-1;-1;-1;0;54;71;71;100;59;88;84;54;0;0;5.5;2.96;Kelantan;Terengganu;1.55;0.55;2;1;1.13;1.13;100;46;29;29;0;0;0;0;0;0;0;8;22;Y;Y;Y;N;N;N;N
2074;132;138;2016;complete;18;9;-1;2;45;1;1;2;-1;-1;-1;-1;-1;1;4;0;0;-1;-1;-1;-1;-1;-1;-1;-1;-1;-1;1;4;0;0;0;0;0;0;0;0;0;0;0;0;0;0;0;0;0;0;0;0;0;0;0;0;0;0;0;0;0;0;0;0;0;0;0;0;0;0;0;0;0;0;0;0;0;0;0;0;0;0;0;0;0;0;0;0;0;0;0;0;0;0;0;0;0;0;0;0;2;1;1;0;0;0;2;2016-04-23 13:00:00;-1;0;46;17;29;0;-1;1;-1;-1;-1;-1;-1;-1;1;2;0;2;3;2;-1;0;0;0;0;0;0;0;0;1;0;1;0;0;1;1;1;0;-1;-1;0;0;-1;-1;-1;-1;-1;-1;-1;-1;-1;0;29;46;84;100;29;88;71;59;0;0;1.25;2.59;Kedah;Johor Darul Ta'zim;2.64;2.45;2.33;2.5;1.25;2.5;100;71;54;17;0;0;0;0;0;0;0;8;22;Y;Y;N;N;N;N;Y
2075;130;136;2016;complete;18;9;-1;12,76,80;23,33;3;2;5;-1;-1;-1;-1;-1;1;1;0;0;-1;-1;-1;-1;-1;-1;-1;-1;-1;-1;1;1;0;0;0;0;0;0;0;0;0;0;0;0;0;0;0;0;0;0;0;0;0;0;0;0;0;0;0;0;0;0;0;0;0;0;0;0;0;0;0;0;0;0;0;0;0;0;0;0;0;0;0;0;0;0;0;0;0;0;0;0;0;0;0;0;0;0;0;0;5;1;2;2;0;2;3;2016-04-24 13:00:00;130;0;60;27;27;0;-1;1;-1;-1;-1;-1;-1;-1;0;0;1;1;0;2;-1;0;0;0;0;0;0;0;0;0;0;0;0;0;1;1;0;0;-1;-1;0;0;-1;-1;-1;-1;-1;-1;-1;-1;-1;27;27;60;60;70;27;54;60;60;0;0;4.47;2.64;Perak;FELDA United;1.36;1.73;0.6;2;0.88;2.63;74;74;40;40;30;0;0;0;0;0;0;8;22;Y;Y;Y;Y;Y;N;Y
2076;133;134;2016;complete;18;9;-1;67,74;31,40,87;2;3;5;-1;-1;-1;-1;-1;1;1;0;0;-1;-1;-1;-1;-1;-1;-1;-1;-1;-1;1;1;0;0;0;0;0;0;0;0;0;0;0;0;0;0;0;0;0;0;0;0;0;0;0;0;0;0;0;0;0;0;0;0;0;0;0;0;0;0;0;0;0;0;0;0;0;0;0;0;0;0;0;0;0;0;0;0;0;0;0;0;0;0;0;0;0;0;0;0;5;0;2;2;1;3;2;2016-04-24 13:00:00;134;0;63;17;29;0;-1;1;-1;-1;-1;-1;-1;-1;0;1;1;0;1;1;-1;0;0;0;0;0;0;0;0;0;0;0;0;0;1;1;0;0;-1;-1;0;0;-1;-1;-1;-1;-1;-1;-1;-1;-1;17;29;46;88;88;34;75;71;59;0;0;2.92;2.67;Pulau Pinang;PBDKT T-Team;1.18;1;1.33;1.25;0.75;1.5;84;71;54;13;13;0;0;0;0;0;0;8;22;Y;Y;Y;Y;Y;N;Y
2077;131;130;2016;complete;18;10;-1;60,87;3,90;2;2;4;-1;-1;-1;-1;-1;1;0;0;0;-1;-1;-1;-1;-1;-1;-1;-1;-1;-1;1;0;0;0;0;0;0;0;0;0;0;0;0;0;0;0;0;0;0;0;0;0;0;0;0;0;0;0;0;0;0;0;0;0;0;0;0;0;0;0;0;0;0;0;0;0;0;0;0;0;0;0;0;0;0;0;0;0;0;0;0;0;0;0;0;0;0;0;0;0;4;0;1;2;1;3;1;2016-05-04 13:00:00;-1;0;70;44;27;0;-1;1;-1;-1;-1;-1;-1;-1;1;0;0;0;1;0;-1;0;0;0;0;0;0;0;0;0;0;0;0;0;1;1;0;1;-1;-1;0;0;-1;-1;-1;-1;-1;-1;-1;-1;-1;17;37;54;80;90;44;70;74;64;0;0;4.73;2.77;PDRM;Perak;1.18;1.18;1.6;1.33;1.33;1.11;84;64;47;20;10;0;0;0;0;0;0;8;22;Y;Y;Y;Y;N;N;Y
2078;129;132;2016;complete;18;10;-1;64;26;1;1;2;-1;-1;-1;-1;-1;0;1;0;0;-1;-1;-1;-1;-1;-1;-1;-1;-1;-1;0;1;0;0;0;0;0;0;0;0;0;0;0;0;0;0;0;0;0;0;0;0;0;0;0;0;0;0;0;0;0;0;0;0;0;0;0;0;0;0;0;0;0;0;0;0;0;0;0;0;0;0;0;0;0;0;0;0;0;0;0;0;0;0;0;0;0;0;0;0;2;0;1;1;0;1;1;2016-05-04 13:00:00;-1;0;70;40;30;0;-1;1;-1;-1;-1;-1;-1;-1;0;0;0;1;0;1;-1;0;0;0;0;0;0;0;0;0;0;0;0;0;1;1;0;0;-1;-1;0;0;-1;-1;-1;-1;-1;-1;-1;-1;-1;20;50;60;90;90;50;70;90;50;0;0;3.35;3.3;Pahang;Kedah;1;1;0.8;0.6;0.89;1.22;80;50;40;10;10;0;0;0;0;0;0;8;22;Y;Y;N;N;N;N;Y
2079;140;134;2016;complete;18;10;-1;55,90;54;2;1;3;-1;-1;-1;-1;-1;1;1;0;0;-1;-1;-1;-1;-1;-1;-1;-1;-1;-1;1;1;0;0;0;0;0;0;0;0;0;0;0;0;0;0;0;0;0;0;0;0;0;0;0;0;0;0;0;0;0;0;0;0;0;0;0;0;0;0;0;0;0;0;0;0;0;0;0;0;0;0;0;0;0;0;0;0;0;0;0;0;0;0;0;0;0;0;0;0;3;0;0;2;1;3;0;2016-05-04 13:00:00;140;0;54;34;37;0;-1;1;-1;-1;-1;-1;-1;-1;0;1;1;0;1;1;-1;0;0;0;0;0;0;0;0;0;0;0;0;0;1;1;0;0;-1;-1;0;0;-1;-1;-1;-1;-1;-1;-1;-1;-1;27;54;54;74;90;44;80;74;47;0;0;2.87;3.14;Selangor;PBDKT T-Team;1.36;1;2.33;1.6;1.67;1.67;74;47;47;27;10;0;0;0;0;0;0;8;22;Y;Y;Y;N;N;N;Y
2080;139;135;2016;complete;18;10;-1;13,51,70;17,45;3;2;5;-1;-1;-1;-1;-1;1;0;0;0;-1;-1;-1;-1;-1;-1;-1;-1;-1;-1;1;0;0;0;0;0;0;0;0;0;0;0;0;0;0;0;0;0;0;0;0;0;0;0;0;0;0;0;0;0;0;0;0;0;0;0;0;0;0;0;0;0;0;0;0;0;0;0;0;0;0;0;0;0;0;0;0;0;0;0;0;0;0;0;0;0;0;0;0;0;5;1;2;2;0;2;3;2016-05-04 13:00:00;139;0;70;50;40;0;-1;1;-1;-1;-1;-1;-1;-1;1;0;0;0;1;0;-1;0;0;0;0;0;0;0;0;0;0;0;0;0;1;1;0;0;-1;-1;0;0;-1;-1;-1;-1;-1;-1;-1;-1;-1;40;60;70;80;100;60;90;80;60;0;0;3.4;3.8;Terengganu;Sarawak;1.18;1;1.2;0.8;1;0.67;60;40;30;20;0;0;0;0;0;0;0;8;22;Y;Y;Y;Y;Y;N;Y
2081;136;137;2016;complete;18;10;-1;42,51;;2;0;2;-1;-1;-1;-1;-1;1;3;0;0;-1;-1;-1;-1;-1;-1;-1;-1;-1;-1;1;3;0;0;0;0;0;0;0;0;0;0;0;0;0;0;0;0;0;0;0;0;0;0;0;0;0;0;0;0;0;0;0;0;0;0;0;0;0;0;0;0;0;0;0;0;0;0;0;0;0;0;0;0;0;0;0;0;0;0;0;0;0;0;0;0;0;0;0;0;2;1;0;1;0;1;1;2016-05-04 13:00:00;136;0;48;25;23;0;-1;1;-1;-1;-1;-1;-1;-1;0;1;1;2;1;3;-1;0;0;0;0;0;0;0;0;0;0;0;0;0;1;1;0;0;-1;-1;0;0;-1;-1;-1;-1;-1;-1;-1;-1;-1;25;45;58;88;88;35;78;88;68;0;0;3.2;3.4;FELDA United;Kelantan;2.18;1.09;3;0.25;2.33;1.33;75;55;43;13;13;0;0;0;0;0;0;8;22;Y;Y;N;N;N;N;N
2082;138;133;2016;complete;18;10;-1;90;;1;0;1;-1;-1;-1;-1;-1;0;3;0;0;-1;-1;-1;-1;-1;-1;-1;-1;-1;-1;0;3;0;0;0;0;0;0;0;0;0;0;0;0;0;0;0;0;0;0;0;0;0;0;0;0;0;0;0;0;0;0;0;0;0;0;0;0;0;0;0;0;0;0;0;0;0;0;0;0;0;0;0;0;0;0;0;0;0;0;0;0;0;0;0;0;0;0;0;0;1;0;0;1;0;1;0;2016-05-06 13:00:00;138;0;80;23;30;0;-1;1;-1;-1;-1;-1;-1;-1;0;0;0;3;0;3;-1;0;0;0;0;0;0;0;0;0;0;0;0;0;1;1;0;0;-1;-1;0;0;-1;-1;-1;-1;-1;-1;-1;-1;-1;13;43;68;80;100;33;100;80;55;0;0;3.5;3.28;Johor Darul Ta'zim;Pulau Pinang;2.82;0.82;2.5;0.4;2.33;0.67;88;58;33;20;0;0;0;0;0;0;0;8;22;Y;N;N;N;N;N;N
2083;135;130;2016;complete;18;11;-1;10,49,81;25,71;3;2;5;-1;-1;-1;-1;-1;2;1;0;0;-1;-1;-1;-1;-1;-1;-1;-1;-1;-1;2;1;0;0;0;0;0;0;0;0;0;0;0;0;0;0;0;0;0;0;0;0;0;0;0;0;0;0;0;0;0;0;0;0;0;0;0;0;0;0;0;0;0;0;0;0;0;0;0;0;0;0;0;0;0;0;0;0;0;0;0;0;0;0;0;0;0;0;0;0;5;1;1;2;1;3;2;2016-05-18 12:15:00;135;0;88;25;50;0;-1;1;-1;-1;-1;-1;-1;-1;0;0;2;1;0;3;-1;0;0;0;0;0;0;0;0;1;0;1;0;0;1;1;1;0;-1;-1;0;0;-1;-1;-1;-1;-1;-1;-1;-1;-1;13;25;50;100;100;25;63;88;75;0;0;2.75;2.88;Sarawak;Perak;1.18;1.18;0.5;1.25;0.6;1.1;88;75;50;0;0;0;0;0;0;0;0;8;22;Y;Y;Y;Y;Y;N;Y
2084;140;137;2016;complete;18;11;-1;;;0;0;0;-1;-1;-1;-1;-1;0;1;0;1;-1;-1;-1;-1;-1;-1;-1;-1;-1;-1;0;3;0;0;0;0;0;0;0;0;0;0;0;0;0;0;0;0;0;0;0;0;0;0;0;0;0;0;0;0;0;0;0;0;0;0;0;0;0;0;0;0;0;0;0;0;0;0;0;0;0;0;0;0;0;0;0;0;0;0;0;0;0;0;0;0;0;0;0;0;0;0;0;0;0;0;0;2016-05-18 13:00:00;-1;0;68;45;35;0;-1;1;-1;-1;-1;-1;-1;-1;0;1;0;1;1;1;-1;0;0;0;0;0;0;0;0;0;0;0;0;0;1;1;0;0;-1;-1;0;0;-1;-1;-1;-1;-1;-1;-1;-1;-1;33;45;68;78;90;45;78;78;55;0;0;3.7;3.55;Selangor;Kelantan;1.36;1.09;2.5;0.2;1.8;1.2;68;55;33;23;10;0;0;0;0;0;0;8;22;N;N;N;N;N;N;N
2085;132;131;2016;complete;18;11;-1;2,21;;2;0;2;-1;-1;-1;-1;-1;1;2;0;0;-1;-1;-1;-1;-1;-1;-1;-1;-1;-1;1;2;0;0;0;0;0;0;0;0;0;0;0;0;0;0;0;0;0;0;0;0;0;0;0;0;0;0;0;0;0;0;0;0;0;0;0;0;0;0;0;0;0;0;0;0;0;0;0;0;0;0;0;0;0;0;0;0;0;0;0;0;0;0;0;0;0;0;0;0;2;2;0;0;0;0;2;2016-05-18 13:00:00;132;0;50;25;13;0;-1;1;-1;-1;-1;-1;-1;-1;0;0;1;2;0;3;-1;0;0;0;0;0;0;0;0;0;0;0;0;0;1;1;1;0;-1;-1;0;0;-1;-1;-1;-1;-1;-1;-1;-1;-1;0;25;38;75;100;38;88;75;38;0;0;2.67;2.38;Kedah;PDRM;2.64;0.73;2;1;1.2;1.3;100;75;63;25;0;0;0;0;0;0;0;8;22;Y;Y;N;N;N;N;N
2086;133;136;2016;complete;18;11;-1;90;31,59;1;2;3;-1;-1;-1;-1;-1;2;1;0;0;-1;-1;-1;-1;-1;-1;-1;-1;-1;-1;2;1;0;0;0;0;0;0;0;0;0;0;0;0;0;0;0;0;0;0;0;0;0;0;0;0;0;0;0;0;0;0;0;0;0;0;0;0;0;0;0;0;0;0;0;0;0;0;0;0;0;0;0;0;0;0;0;0;0;0;0;0;0;0;0;0;0;0;0;0;3;0;1;1;1;2;1;2016-05-18 13:00:00;136;0;100;38;38;0;-1;1;-1;-1;-1;-1;-1;-1;1;0;1;1;1;2;-1;0;0;0;0;0;0;0;0;0;0;0;0;0;1;1;0;0;-1;-1;0;0;-1;-1;-1;-1;-1;-1;-1;-1;-1;50;50;88;100;100;63;88;88;88;0;0;4.5;3.88;Pulau Pinang;FELDA United;1.18;1.73;1;1.5;0.6;2.4;50;50;13;0;0;0;0;0;0;0;0;8;22;Y;Y;Y;N;N;N;Y
2087;134;139;2016;complete;18;11;-1;;;0;0;0;-1;-1;-1;-1;-1;1;2;0;0;-1;-1;-1;-1;-1;-1;-1;-1;-1;-1;1;2;0;0;0;0;0;0;0;0;0;0;0;0;0;0;0;0;0;0;0;0;0;0;0;0;0;0;0;0;0;0;0;0;0;0;0;0;0;0;0;0;0;0;0;0;0;0;0;0;0;0;0;0;0;0;0;0;0;0;0;0;0;0;0;0;0;0;0;0;0;0;0;0;0;0;0;2016-05-18 13:00:00;-1;0;63;38;0;0;-1;1;-1;-1;-1;-1;-1;-1;0;1;1;1;1;2;-1;0;0;0;0;0;0;0;0;0;0;0;0;0;1;1;0;0;-1;-1;0;0;-1;-1;-1;-1;-1;-1;-1;-1;-1;25;38;63;88;100;50;100;88;50;0;0;2.75;3.25;PBDKT T-Team;Terengganu;1.45;0.55;1.75;0.75;1.5;1.2;75;63;38;13;0;0;0;0;0;0;0;8;22;N;N;N;N;N;N;N
2088;138;129;2016;complete;18;11;-1;55,63,66;;3;0;3;-1;-1;-1;-1;-1;1;1;0;0;-1;-1;-1;-1;-1;-1;-1;-1;-1;-1;1;1;0;0;0;0;0;0;0;0;0;0;0;0;0;0;0;0;0;0;0;0;0;0;0;0;0;0;0;0;0;0;0;0;0;0;0;0;0;0;0;0;0;0;0;0;0;0;0;0;0;0;0;0;0;0;0;0;0;0;0;0;0;0;0;0;0;0;0;0;3;0;0;3;0;3;0;2016-05-18 13:00:00;138;0;78;23;25;0;-1;1;-1;-1;-1;-1;-1;-1;0;0;1;1;0;2;-1;0;0;0;0;0;0;0;1;0;1;0;0;0;1;1;0;0;-1;-1;0;0;-1;-1;-1;-1;-1;-1;-1;-1;-1;35;35;55;90;100;35;90;100;45;0;0;3.2;3.6;Johor Darul Ta'zim;Pahang;2.82;0.91;2.6;1;2.4;0.9;65;65;45;10;0;0;0;0;0;0;0;8;22;Y;Y;Y;N;N;N;N
2089;137;140;2016;complete;18;12;-1;10,60;16,21,36,50,89;2;5;7;-1;-1;-1;-1;-1;1;2;1;0;-1;-1;-1;-1;-1;-1;-1;-1;-1;-1;3;2;0;0;0;0;0;0;0;0;0;0;0;0;0;0;0;0;0;0;0;0;0;0;0;0;0;0;0;0;0;0;0;0;0;0;0;0;0;0;0;0;0;0;0;0;0;0;0;0;0;0;0;0;0;0;0;0;0;0;0;0;0;0;0;0;0;0;0;0;7;1;3;1;2;3;4;2016-05-21 13:00:00;140;0;64;19;47;0;-1;1;-1;-1;-1;-1;-1;-1;0;1;2;1;1;3;-1;0;0;0;0;0;0;0;0;0;0;0;0;0;1;1;1;0;-1;-1;0;0;-1;-1;-1;-1;-1;-1;-1;-1;-1;0;55;65;74;92;29;82;84;57;0;0;4.4;2.85;Kelantan;Selangor;1.55;1.18;2.2;1.33;1.18;1.73;100;45;35;27;9;0;0;0;0;0;0;8;22;Y;Y;Y;Y;Y;Y;Y
2090;130;135;2016;complete;18;12;-1;;32,66,70;0;3;3;-1;-1;-1;-1;-1;3;1;0;0;-1;-1;-1;-1;-1;-1;-1;-1;-1;-1;3;1;0;0;0;0;0;0;0;0;0;0;0;0;0;0;0;0;0;0;0;0;0;0;0;0;0;0;0;0;0;0;0;0;0;0;0;0;0;0;0;0;0;0;0;0;0;0;0;0;0;0;0;0;0;0;0;0;0;0;0;0;0;0;0;0;0;0;0;0;3;0;1;0;2;2;1;2016-05-21 13:00:00;135;0;58;50;25;0;-1;1;-1;-1;-1;-1;-1;-1;3;1;0;0;4;0;-1;0;0;0;0;0;0;0;0;0;0;0;0;0;1;1;0;0;-1;-1;0;0;-1;-1;-1;-1;-1;-1;-1;-1;-1;42;50;58;58;75;50;67;67;50;0;0;2.16;3.25;Perak;Sarawak;1.36;1;1;0.67;1;0.82;59;50;42;42;25;0;0;0;0;0;0;8;22;Y;Y;Y;N;N;N;N
2091;131;132;2016;complete;18;12;-1;43;90;1;1;2;-1;-1;-1;-1;-1;3;3;0;0;-1;-1;-1;-1;-1;-1;-1;-1;-1;-1;3;3;0;0;0;0;0;0;0;0;0;0;0;0;0;0;0;0;0;0;0;0;0;0;0;0;0;0;0;0;0;0;0;0;0;0;0;0;0;0;0;0;0;0;0;0;0;0;0;0;0;0;0;0;0;0;0;0;0;0;0;0;0;0;0;0;0;0;0;0;2;1;0;0;1;1;1;2016-05-21 13:00:00;-1;0;59;25;25;0;-1;1;-1;-1;-1;-1;-1;-1;0;1;3;2;1;5;-1;0;0;0;0;0;0;0;0;0;0;0;0;0;1;1;0;0;-1;-1;0;0;-1;-1;-1;-1;-1;-1;-1;-1;-1;9;42;42;75;83;25;50;83;59;0;0;3.67;2.5;PDRM;Kedah;1.18;1;1.5;0.67;1.18;1.36;92;59;59;25;17;0;0;0;0;0;0;8;22;Y;Y;N;N;N;N;Y
2092;136;133;2016;complete;18;12;-1;7,81;45,65;2;2;4;-1;-1;-1;-1;-1;0;4;0;0;-1;-1;-1;-1;-1;-1;-1;-1;-1;-1;0;4;0;0;0;0;0;0;0;0;0;0;0;0;0;0;0;0;0;0;0;0;0;0;0;0;0;0;0;0;0;0;0;0;0;0;0;0;0;0;0;0;0;0;0;0;0;0;0;0;0;0;0;0;0;0;0;0;0;0;0;0;0;0;0;0;0;0;0;0;4;1;1;1;1;2;2;2016-05-21 13:00:00;-1;0;34;9;34;0;-1;1;-1;-1;-1;-1;-1;-1;0;0;0;4;0;4;-1;0;0;0;0;0;0;0;0;1;0;1;0;0;1;1;1;0;-1;-1;0;0;-1;-1;-1;-1;-1;-1;-1;-1;-1;0;42;42;75;100;25;83;84;50;0;0;3.34;2.59;FELDA United;Pulau Pinang;2.18;0.82;3;0.33;2.45;0.55;100;59;59;25;0;0;0;0;0;0;0;8;22;Y;Y;Y;Y;N;N;Y
2093;139;134;2016;complete;18;12;-1;5,90;65;2;1;3;-1;-1;-1;-1;-1;2;1;0;0;-1;-1;-1;-1;-1;-1;-1;-1;-1;-1;2;1;0;0;0;0;0;0;0;0;0;0;0;0;0;0;0;0;0;0;0;0;0;0;0;0;0;0;0;0;0;0;0;0;0;0;0;0;0;0;0;0;0;0;0;0;0;0;0;0;0;0;0;0;0;0;0;0;0;0;0;0;0;0;0;0;0;0;0;0;3;1;0;1;1;2;1;2016-05-21 13:00:00;139;0;59;25;42;0;-1;1;-1;-1;-1;-1;-1;-1;1;1;1;0;2;1;-1;0;0;0;0;0;0;0;1;0;1;0;0;0;1;1;1;0;-1;-1;0;0;-1;-1;-1;-1;-1;-1;-1;-1;-1;34;50;59;83;92;42;75;75;67;0;0;2.84;3.17;Terengganu;PBDKT T-Team;1.18;1;1.5;1.33;1.18;1.45;67;50;42;17;9;0;0;0;0;0;0;8;22;Y;Y;Y;N;N;N;Y
2094;129;138;2016;complete;18;12;-1;;7,29,34,48,55,77;0;6;6;-1;-1;-1;-1;-1;2;3;0;0;-1;-1;-1;-1;-1;-1;-1;-1;-1;-1;2;3;0;0;0;0;0;0;0;0;0;0;0;0;0;0;0;0;0;0;0;0;0;0;0;0;0;0;0;0;0;0;0;0;0;0;0;0;0;0;0;0;0;0;0;0;0;0;0;0;0;0;0;0;0;0;0;0;0;0;0;0;0;0;0;0;0;0;0;0;6;0;3;0;3;3;3;2016-05-21 13:00:00;138;0;62;27;27;0;-1;1;-1;-1;-1;-1;-1;-1;1;1;1;2;2;3;-1;0;0;0;0;0;0;0;0;0;0;0;0;0;1;1;0;1;-1;-1;0;0;-1;-1;-1;-1;-1;-1;-1;-1;-1;9;35;44;100;100;45;90;80;37;0;0;2.8;3.04;Pahang;Johor Darul Ta'zim;1;2.45;0.83;2.2;0.82;2.45;92;65;57;0;0;0;0;0;0;0;0;8;22;Y;Y;Y;Y;Y;Y;N
2095;139;137;2016;complete;18;14;-1;7;3,45,59,63,75,85;1;6;7;-1;-1;-1;-1;-1;1;1;1;0;-1;-1;-1;-1;-1;-1;-1;-1;-1;-1;3;1;0;0;0;0;0;0;0;0;0;0;0;0;0;0;0;0;0;0;0;0;0;0;0;0;0;0;0;0;0;0;0;0;0;0;0;0;0;0;0;0;0;0;0;0;0;0;0;0;0;0;0;0;0;0;0;0;0;0;0;0;0;0;0;0;0;0;0;0;7;1;2;0;4;4;3;2016-07-15 13:00:00;137;0;61;38;30;0;-1;1;-1;-1;-1;-1;-1;-1;1;1;1;0;2;1;-1;0;0;0;0;0;0;0;0;1;0;1;0;0;1;1;1;1;-1;-1;1;0;-1;-1;-1;-1;-1;-1;-1;-1;-1;38;45;61;77;84;45;84;69;61;0;0;4.04;3.29;Terengganu;Kelantan;1.18;1.09;1.71;0.33;1.33;1.08;62;55;40;24;17;0;0;0;0;0;0;8;22;Y;Y;Y;Y;Y;Y;Y
2096;140;131;2016;complete;18;14;-1;52,90;28;2;1;3;-1;-1;-1;-1;-1;0;3;0;0;-1;-1;-1;-1;-1;-1;-1;-1;-1;-1;0;3;0;0;0;0;0;0;0;0;0;0;0;0;0;0;0;0;0;0;0;0;0;0;0;0;0;0;0;0;0;0;0;0;0;0;0;0;0;0;0;0;0;0;0;0;0;0;0;0;0;0;0;0;0;0;0;0;0;0;0;0;0;0;0;0;0;0;0;0;3;0;1;2;0;2;1;2016-07-16 13:00:00;140;0;40;20;20;0;-1;1;-1;-1;-1;-1;-1;-1;0;0;0;3;0;3;-1;0;0;0;0;0;0;0;0;0;0;0;0;0;1;1;0;0;-1;-1;0;0;-1;-1;-1;-1;-1;-1;-1;-1;-1;10;30;40;70;90;40;70;70;30;0;0;3.2;2.5;Selangor;PDRM;1.36;0.73;2.2;0.8;1.83;1.17;90;70;60;30;10;0;0;0;0;0;0;8;22;Y;Y;Y;N;N;N;Y
2097;136;130;2016;complete;18;14;-1;24,28;86;2;1;3;-1;-1;-1;-1;-1;2;2;0;0;-1;-1;-1;-1;-1;-1;-1;-1;-1;-1;2;2;0;0;0;0;0;0;0;0;0;0;0;0;0;0;0;0;0;0;0;0;0;0;0;0;0;0;0;0;0;0;0;0;0;0;0;0;0;0;0;0;0;0;0;0;0;0;0;0;0;0;0;0;0;0;0;0;0;0;0;0;0;0;0;0;0;0;0;0;3;2;0;0;1;1;2;2016-07-16 13:00:00;136;0;65;37;45;0;-1;1;-1;-1;-1;-1;-1;-1;1;1;1;1;2;2;-1;0;0;0;0;0;0;0;0;0;0;0;0;0;1;1;0;0;-1;-1;0;0;-1;-1;-1;-1;-1;-1;-1;-1;-1;20;52;62;100;100;45;93;90;69;0;0;2.6;3.33;FELDA United;Perak;2.18;1.18;2.71;1;2.33;0.92;80;49;39;0;0;0;0;0;0;0;0;8;22;Y;Y;Y;N;N;N;Y
2098;129;135;2016;complete;18;14;-1;37,74;;2;0;2;-1;-1;-1;-1;-1;0;1;0;0;-1;-1;-1;-1;-1;-1;-1;-1;-1;-1;0;1;0;0;0;0;0;0;0;0;0;0;0;0;0;0;0;0;0;0;0;0;0;0;0;0;0;0;0;0;0;0;0;0;0;0;0;0;0;0;0;0;0;0;0;0;0;0;0;0;0;0;0;0;0;0;0;0;0;0;0;0;0;0;0;0;0;0;0;0;2;1;0;1;0;1;1;2016-07-16 13:00:00;129;0;71;43;29;0;-1;1;-1;-1;-1;-1;-1;-1;0;0;0;1;0;1;-1;0;0;0;0;0;0;0;0;0;0;0;0;0;1;1;0;0;-1;-1;0;0;-1;-1;-1;-1;-1;-1;-1;-1;-1;36;57;79;93;100;57;93;100;57;0;0;2.79;4.07;Pahang;Sarawak;1;1;0.71;1;0.75;1;64;43;22;7;0;0;0;0;0;0;0;8;22;Y;Y;N;N;N;N;N
2099;138;132;2016;complete;18;14;-1;27,41,66,80,85;;5;0;5;-1;-1;-1;-1;-1;1;1;0;0;-1;-1;-1;-1;-1;-1;-1;-1;-1;-1;1;1;0;0;0;0;0;0;0;0;0;0;0;0;0;0;0;0;0;0;0;0;0;0;0;0;0;0;0;0;0;0;0;0;0;0;0;0;0;0;0;0;0;0;0;0;0;0;0;0;0;0;0;0;0;0;0;0;0;0;0;0;0;0;0;0;0;0;0;0;5;2;0;3;0;3;2;2016-07-16 13:00:00;138;0;69;23;7;0;-1;1;-1;-1;-1;-1;-1;-1;1;0;0;1;1;1;-1;0;0;0;0;0;0;0;0;0;0;0;0;0;1;1;0;0;-1;-1;0;0;-1;-1;-1;-1;-1;-1;-1;-1;-1;16;23;48;85;93;23;62;93;47;0;0;2.88;2.8;Johor Darul Ta'zim;Kedah;2.82;1;2.67;0.71;2.5;1.33;85;77;52;16;7;0;0;0;0;0;0;8;22;Y;Y;Y;Y;Y;N;N
2100;134;133;2016;complete;18;14;-1;19,64,82;36,59,67,85;3;4;7;-1;-1;-1;-1;-1;1;2;0;0;-1;-1;-1;-1;-1;-1;-1;-1;-1;-1;1;2;0;0;0;0;0;0;0;0;0;0;0;0;0;0;0;0;0;0;0;0;0;0;0;0;0;0;0;0;0;0;0;0;0;0;0;0;0;0;0;0;0;0;0;0;0;0;0;0;0;0;0;0;0;0;0;0;0;0;0;0;0;0;0;0;0;0;0;0;7;1;1;2;3;5;2;2016-07-16 13:00:00;133;0;59;35;29;0;-1;1;-1;-1;-1;-1;-1;-1;1;2;0;0;3;0;-1;0;0;0;0;0;0;0;1;0;1;0;0;0;1;1;0;0;-1;-1;0;0;-1;-1;-1;-1;-1;-1;-1;-1;-1;20;49;49;69;90;42;83;76;49;0;0;3.23;2.86;PBDKT T-Team;Pulau Pinang;1.45;0.82;1.6;0.43;1.33;0.58;80;52;52;32;10;0;0;0;0;0;0;8;22;Y;Y;Y;Y;Y;Y;Y
2101;135;138;2016;complete;18;15;-1;78;22,70;1;2;3;-1;-1;-1;-1;-1;0;3;0;0;-1;-1;-1;-1;-1;-1;-1;-1;-1;-1;0;3;0;0;0;0;0;0;0;0;0;0;0;0;0;0;0;0;0;0;0;0;0;0;0;0;0;0;0;0;0;0;0;0;0;0;0;0;0;0;0;0;0;0;0;0;0;0;0;0;0;0;0;0;0;0;0;0;0;0;0;0;0;0;0;0;0;0;0;0;3;0;1;1;1;2;1;2016-07-22 12:15:00;138;0;57;19;39;0;-1;1;-1;-1;-1;-1;-1;-1;0;1;0;2;1;2;-1;0;0;0;0;0;0;0;0;0;0;0;0;0;1;1;0;0;-1;-1;0;0;-1;-1;-1;-1;-1;-1;-1;-1;-1;19;27;37;100;100;35;62;84;65;0;0;2.87;2.9;Sarawak;Johor Darul Ta'zim;1.18;2.45;1;2.33;0.92;2.54;82;74;64;0;0;0;0;0;0;0;0;8;22;Y;Y;Y;N;N;N;Y
2102;133;140;2016;complete;18;15;-1;26;33;1;1;2;-1;-1;-1;-1;-1;2;2;0;0;-1;-1;-1;-1;-1;-1;-1;-1;-1;-1;2;2;0;0;0;0;0;0;0;0;0;0;0;0;0;0;0;0;0;0;0;0;0;0;0;0;0;0;0;0;0;0;0;0;0;0;0;0;0;0;0;0;0;0;0;0;0;0;0;0;0;0;0;0;0;0;0;0;0;0;0;0;0;0;0;0;0;0;0;0;2;1;1;0;0;0;2;2016-07-23 13:00:00;-1;0;86;25;52;0;-1;1;-1;-1;-1;-1;-1;-1;1;2;1;0;3;1;-1;0;0;0;0;0;0;0;0;0;0;0;0;0;1;1;0;0;-1;-1;0;0;-1;-1;-1;-1;-1;-1;-1;-1;-1;27;49;69;86;93;45;93;76;62;0;0;3.77;3.37;Pulau Pinang;Selangor;1.18;1.18;0.8;1.57;0.77;1.92;73;52;32;15;7;0;0;0;0;0;0;8;22;Y;Y;N;N;N;N;Y
2103;132;134;2016;complete;18;15;-1;50;;1;0;1;-1;-1;-1;-1;-1;0;1;0;0;-1;-1;-1;-1;-1;-1;-1;-1;-1;-1;0;1;0;0;0;0;0;0;0;0;0;0;0;0;0;0;0;0;0;0;0;0;0;0;0;0;0;0;0;0;0;0;0;0;0;0;0;0;0;0;0;0;0;0;0;0;0;0;0;0;0;0;0;0;0;0;0;0;0;0;0;0;0;0;0;0;0;0;0;0;1;0;0;1;0;1;0;2016-07-23 13:00:00;132;0;59;20;39;0;-1;1;-1;-1;-1;-1;-1;-1;0;0;0;1;0;1;-1;0;0;0;0;0;0;0;0;0;0;0;0;0;1;1;0;0;-1;-1;0;0;-1;-1;-1;-1;-1;-1;-1;-1;-1;7;25;49;83;93;37;79;63;56;0;0;1.89;2.56;Kedah;PBDKT T-Team;2.64;1;2.2;1.14;1.23;1.23;93;76;52;17;7;0;0;0;0;0;0;8;22;Y;N;N;N;N;N;N
2104;137;129;2016;complete;18;15;-1;;;0;0;0;-1;-1;-1;-1;-1;1;3;0;0;-1;-1;-1;-1;-1;-1;-1;-1;-1;-1;1;3;0;0;0;0;0;0;0;0;0;0;0;0;0;0;0;0;0;0;0;0;0;0;0;0;0;0;0;0;0;0;0;0;0;0;0;0;0;0;0;0;0;0;0;0;0;0;0;0;0;0;0;0;0;0;0;0;0;0;0;0;0;0;0;0;0;0;0;0;0;0;0;0;0;0;0;2016-07-23 13:00:00;-1;0;64;27;54;0;-1;1;-1;-1;-1;-1;-1;-1;0;2;1;1;2;2;-1;0;0;0;0;0;0;0;0;0;0;0;0;0;1;1;0;0;-1;-1;0;0;-1;-1;-1;-1;-1;-1;-1;-1;-1;29;54;72;92;100;45;82;100;72;0;0;4.13;3.82;Kelantan;Pahang;1.55;0.91;1.83;0.8;1.23;0.92;72;47;29;9;0;0;0;0;0;0;0;8;22;N;N;N;N;N;N;N
2105;130;139;2016;complete;18;15;-1;26,77;;2;0;2;-1;-1;-1;-1;-1;0;2;0;0;-1;-1;-1;-1;-1;-1;-1;-1;-1;-1;0;2;0;0;0;0;0;0;0;0;0;0;0;0;0;0;0;0;0;0;0;0;0;0;0;0;0;0;0;0;0;0;0;0;0;0;0;0;0;0;0;0;0;0;0;0;0;0;0;0;0;0;0;0;0;0;0;0;0;0;0;0;0;0;0;0;0;0;0;0;2;1;0;1;0;1;1;2016-07-23 13:00:00;130;0;35;25;7;0;-1;1;-1;-1;-1;-1;-1;-1;0;2;0;0;2;0;-1;0;0;0;0;0;0;0;0;0;0;0;0;0;1;1;0;0;-1;-1;0;0;-1;-1;-1;-1;-1;-1;-1;-1;-1;15;25;52;52;69;35;69;52;42;0;0;3.14;2.25;Perak;Terengganu;1.36;0.55;0.86;0.8;0.85;1.23;86;76;49;49;32;0;0;0;0;0;0;8;22;Y;Y;N;N;N;N;N
2106;131;136;2016;complete;18;15;-1;75;24,34;1;2;3;-1;-1;-1;-1;-1;0;1;0;0;-1;-1;-1;-1;-1;-1;-1;-1;-1;-1;0;1;0;0;0;0;0;0;0;0;0;0;0;0;0;0;0;0;0;0;0;0;0;0;0;0;0;0;0;0;0;0;0;0;0;0;0;0;0;0;0;0;0;0;0;0;0;0;0;0;0;0;0;0;0;0;0;0;0;0;0;0;0;0;0;0;0;0;0;0;3;0;2;1;0;1;2;2016-07-23 13:00:00;136;0;79;27;35;0;-1;1;-1;-1;-1;-1;-1;-1;0;0;0;1;0;1;-1;0;0;0;0;0;0;0;0;0;0;0;0;0;1;1;0;0;-1;-1;0;0;-1;-1;-1;-1;-1;-1;-1;-1;-1;20;42;72;86;93;27;69;93;79;0;0;4.89;3.12;PDRM;FELDA United;1.18;1.73;1.43;1.8;1.08;2.38;80;59;29;15;7;0;0;0;0;0;0;8;22;Y;Y;Y;N;N;N;Y
2107;140;136;2016;complete;18;16;-1;59;3,67;1;2;3;-1;-1;-1;-1;-1;2;0;0;0;-1;-1;-1;-1;-1;-1;-1;-1;-1;-1;2;0;0;0;0;0;0;0;0;0;0;0;0;0;0;0;0;0;0;0;0;0;0;0;0;0;0;0;0;0;0;0;0;0;0;0;0;0;0;0;0;0;0;0;0;0;0;0;0;0;0;0;0;0;0;0;0;0;0;0;0;0;0;0;0;0;0;0;0;0;3;0;1;1;1;2;1;2016-07-26 13:00:00;136;0;84;33;33;0;-1;1;-1;-1;-1;-1;-1;-1;1;0;1;0;1;1;-1;0;0;0;0;0;0;0;0;0;0;0;0;0;1;1;0;1;-1;-1;0;0;-1;-1;-1;-1;-1;-1;-1;-1;-1;25;33;84;84;92;42;75;84;67;0;0;3.33;3.25;Selangor;FELDA United;1.36;1.73;2.33;2;1.86;2.43;75;67;17;17;9;0;0;0;0;0;0;8;22;Y;Y;Y;N;N;N;Y
2108;129;130;2016;complete;18;16;-1;31;29,74;1;2;3;-1;-1;-1;-1;-1;3;1;1;0;-1;-1;-1;-1;-1;-1;-1;-1;-1;-1;5;1;0;0;0;0;0;0;0;0;0;0;0;0;0;0;0;0;0;0;0;0;0;0;0;0;0;0;0;0;0;0;0;0;0;0;0;0;0;0;0;0;0;0;0;0;0;0;0;0;0;0;0;0;0;0;0;0;0;0;0;0;0;0;0;0;0;0;0;0;3;1;1;0;1;1;2;2016-07-26 13:00:00;130;0;82;38;38;0;-1;1;-1;-1;-1;-1;-1;-1;1;0;3;1;1;4;-1;0;0;0;0;0;0;0;0;0;0;0;0;0;1;1;0;0;-1;-1;0;0;-1;-1;-1;-1;-1;-1;-1;-1;-1;29;50;73;100;100;59;100;92;53;0;0;2.96;3.71;Pahang;Perak;1;1.18;1;0.83;0.93;1;71;50;28;0;0;0;0;0;0;0;0;8;22;Y;Y;Y;N;N;N;Y
2109;138;137;2016;complete;18;16;-1;47;;1;0;1;-1;-1;-1;-1;-1;2;2;0;0;-1;-1;-1;-1;-1;-1;-1;-1;-1;-1;2;2;0;0;0;0;0;0;0;0;0;0;0;0;0;0;0;0;0;0;0;0;0;0;0;0;0;0;0;0;0;0;0;0;0;0;0;0;0;0;0;0;0;0;0;0;0;0;0;0;0;0;0;0;0;0;0;0;0;0;0;0;0;0;0;0;0;0;0;0;1;0;0;1;0;1;0;2016-07-26 13:00:00;138;0;57;29;7;0;-1;1;-1;-1;-1;-1;-1;-1;1;0;1;2;1;3;-1;0;0;0;0;0;0;0;0;0;0;0;0;0;1;1;0;0;-1;-1;0;0;-1;-1;-1;-1;-1;-1;-1;-1;-1;36;36;64;79;86;36;71;86;57;0;0;3.28;3.5;Johor Darul Ta'zim;Kelantan;2.82;1.09;2.71;0.71;2.57;1.21;64;64;36;22;15;0;0;0;0;0;0;8;22;Y;N;N;N;N;N;N
2110;134;135;2016;complete;18;16;-1;16;43,68;1;2;3;-1;-1;-1;-1;-1;4;2;1;0;-1;-1;-1;-1;-1;-1;-1;-1;-1;-1;5;2;0;0;0;0;0;0;0;0;0;0;0;0;0;0;0;0;0;0;0;0;0;0;0;0;0;0;0;0;0;0;0;0;0;0;0;0;0;0;0;0;0;0;0;0;0;0;0;0;0;0;0;0;0;0;0;0;0;0;0;0;0;0;0;0;0;0;0;0;3;1;1;0;1;1;2;2016-07-26 13:00:00;135;0;65;50;21;0;-1;1;-1;-1;-1;-1;-1;-1;0;0;5;2;0;7;-1;0;0;0;0;0;0;0;0;0;0;0;0;0;1;1;0;0;-1;-1;0;0;-1;-1;-1;-1;-1;-1;-1;-1;-1;44;50;63;86;92;50;86;92;57;0;0;2.08;3.78;PBDKT T-Team;Sarawak;1.45;1;1.33;0.88;1.14;0.86;57;50;38;15;9;0;0;0;0;0;0;8;22;Y;Y;Y;N;N;N;Y
2111;133;132;2016;complete;18;16;-1;24,36,47;14,76;3;2;5;-1;-1;-1;-1;-1;1;3;0;1;-1;-1;-1;-1;-1;-1;-1;-1;-1;-1;1;4;0;0;0;0;0;0;0;0;0;0;0;0;0;0;0;0;0;0;0;0;0;0;0;0;0;0;0;0;0;0;0;0;0;0;0;0;0;0;0;0;0;0;0;0;0;0;0;0;0;0;0;0;0;0;0;0;0;0;0;0;0;0;0;0;0;0;0;0;5;2;1;1;1;2;3;2016-07-26 13:00:00;133;0;82;29;32;0;-1;1;-1;-1;-1;-1;-1;-1;1;1;0;3;2;3;-1;0;0;0;0;0;0;0;0;0;0;0;0;0;1;1;0;0;-1;-1;0;0;-1;-1;-1;-1;-1;-1;-1;-1;-1;29;36;53;94;94;53;82;78;59;0;0;3.3;3.04;Pulau Pinang;Kedah;1.18;1;0.83;0.63;0.79;1.36;71;65;48;7;7;0;0;0;0;0;0;8;22;Y;Y;Y;Y;Y;N;Y
2112;139;131;2016;complete;18;16;-1;;58,67;0;2;2;-1;-1;-1;-1;-1;1;0;0;0;-1;-1;-1;-1;-1;-1;-1;-1;-1;-1;1;0;0;0;0;0;0;0;0;0;0;0;0;0;0;0;0;0;0;0;0;0;0;0;0;0;0;0;0;0;0;0;0;0;0;0;0;0;0;0;0;0;0;0;0;0;0;0;0;0;0;0;0;0;0;0;0;0;0;0;0;0;0;0;0;0;0;0;0;0;2;0;0;0;2;2;0;2016-07-27 13:00:00;131;0;54;25;19;0;-1;1;-1;-1;-1;-1;-1;-1;1;0;0;0;1;0;-1;0;0;0;0;0;0;0;0;0;0;0;0;0;1;1;0;0;-1;-1;0;0;-1;-1;-1;-1;-1;-1;-1;-1;-1;25;40;54;86;100;48;92;79;54;0;0;4.05;3.17;Terengganu;PDRM;1.18;0.73;1.5;0.67;1.14;1;75;61;46;15;0;0;0;0;0;0;0;8;22;Y;Y;N;N;N;N;N
2113;135;139;2016;complete;18;13;-1;3,56;22;2;1;3;-1;-1;-1;-1;-1;1;3;0;0;-1;-1;-1;-1;-1;-1;-1;-1;-1;-1;1;3;0;0;0;0;0;0;0;0;0;0;0;0;0;0;0;0;0;0;0;0;0;0;0;0;0;0;0;0;0;0;0;0;0;0;0;0;0;0;0;0;0;0;0;0;0;0;0;0;0;0;0;0;0;0;0;0;0;0;0;0;0;0;0;0;0;0;0;0;3;1;1;1;0;1;2;2016-08-03 12:15:00;135;0;58;17;34;0;-1;1;-1;-1;-1;-1;-1;-1;0;1;1;2;1;3;-1;0;0;0;0;0;0;0;1;0;1;0;0;0;1;1;1;0;-1;-1;0;0;-1;-1;-1;-1;-1;-1;-1;-1;-1;9;17;50;84;92;25;67;84;58;0;0;3;2.5;Sarawak;Terengganu;1.18;0.55;0.83;0.67;1;1.07;92;83;50;17;9;0;0;0;0;0;0;8;22;Y;Y;Y;N;N;N;Y
2114;134;140;2016;complete;18;13;-1;37;;1;0;1;-1;-1;-1;-1;-1;1;1;0;0;-1;-1;-1;-1;-1;-1;-1;-1;-1;-1;1;1;0;0;0;0;0;0;0;0;0;0;0;0;0;0;0;0;0;0;0;0;0;0;0;0;0;0;0;0;0;0;0;0;0;0;0;0;0;0;0;0;0;0;0;0;0;0;0;0;0;0;0;0;0;0;0;0;0;0;0;0;0;0;0;0;0;0;0;0;1;1;0;0;0;0;1;2016-08-03 13:00:00;134;0;73;48;26;0;-1;1;-1;-1;-1;-1;-1;-1;0;0;1;1;0;2;-1;0;0;0;0;0;0;0;0;0;0;0;0;0;1;1;0;0;-1;-1;0;0;-1;-1;-1;-1;-1;-1;-1;-1;-1;28;47;54;81;87;48;87;75;41;0;0;3.57;3.29;PBDKT T-Team;Selangor;1.45;1.18;1.14;1.5;1.07;1.73;73;54;47;20;14;0;0;0;0;0;0;8;22;Y;N;N;N;N;N;N
2115;133;138;2016;complete;18;13;-1;68;12;1;1;2;-1;-1;-1;-1;-1;1;2;0;0;-1;-1;-1;-1;-1;-1;-1;-1;-1;-1;1;2;0;0;0;0;0;0;0;0;0;0;0;0;0;0;0;0;0;0;0;0;0;0;0;0;0;0;0;0;0;0;0;0;0;0;0;0;0;0;0;0;0;0;0;0;0;0;0;0;0;0;0;0;0;0;0;0;0;0;0;0;0;0;0;0;0;0;0;0;2;0;1;1;0;1;1;2016-08-03 13:00:00;-1;0;72;29;43;0;-1;1;-1;-1;-1;-1;-1;-1;1;0;0;2;1;2;-1;0;0;0;0;0;0;0;0;0;0;0;0;0;1;1;0;0;-1;-1;0;0;-1;-1;-1;-1;-1;-1;-1;-1;-1;29;36;57;100;100;57;93;71;64;0;0;3.43;3.29;Pulau Pinang;Johor Darul Ta'zim;1.18;2.45;1.14;2.43;0.93;2.6;72;64;43;0;0;0;0;0;0;0;0;8;22;Y;Y;N;N;N;N;Y
2116;132;129;2016;complete;18;13;-1;31;;1;0;1;-1;-1;-1;-1;-1;1;2;0;0;-1;-1;-1;-1;-1;-1;-1;-1;-1;-1;1;2;0;0;0;0;0;0;0;0;0;0;0;0;0;0;0;0;0;0;0;0;0;0;0;0;0;0;0;0;0;0;0;0;0;0;0;0;0;0;0;0;0;0;0;0;0;0;0;0;0;0;0;0;0;0;0;0;0;0;0;0;0;0;0;0;0;0;0;0;1;1;0;0;0;0;1;2016-08-03 13:00:00;132;0;50;25;25;0;-1;1;-1;-1;-1;-1;-1;-1;0;1;1;1;1;2;-1;0;0;0;0;0;0;0;1;0;1;0;0;0;1;1;0;0;-1;-1;0;0;-1;-1;-1;-1;-1;-1;-1;-1;-1;17;25;42;75;92;42;75;67;42;0;0;2.6;2.67;Kedah;Pahang;2.64;0.91;2.33;0.83;1.27;0.87;84;75;59;25;9;0;0;0;0;0;0;8;22;Y;N;N;N;N;N;N
2117;137;136;2016;complete;18;13;-1;77;9;1;1;2;-1;-1;-1;-1;-1;3;3;0;0;-1;-1;-1;-1;-1;-1;-1;-1;-1;-1;3;3;0;0;0;0;0;0;0;0;0;0;0;0;0;0;0;0;0;0;0;0;0;0;0;0;0;0;0;0;0;0;0;0;0;0;0;0;0;0;0;0;0;0;0;0;0;0;0;0;0;0;0;0;0;0;0;0;0;0;0;0;0;0;0;0;0;0;0;0;2;0;1;1;0;1;1;2016-08-03 13:00:00;-1;0;79;29;50;0;-1;1;-1;-1;-1;-1;-1;-1;0;0;3;3;0;6;-1;0;0;0;0;0;0;0;0;0;0;0;0;0;1;1;0;1;-1;-1;0;0;-1;-1;-1;-1;-1;-1;-1;-1;-1;22;43;86;86;93;43;79;93;79;0;0;4.14;3.43;Kelantan;FELDA United;1.55;1.73;1.71;2.14;1.13;2.47;79;57;15;15;7;0;0;0;0;0;0;8;22;Y;Y;N;N;N;N;Y
2118;130;131;2016;complete;18;13;-1;48;;1;0;1;-1;-1;-1;-1;-1;4;3;0;0;-1;-1;-1;-1;-1;-1;-1;-1;-1;-1;4;3;0;0;0;0;0;0;0;0;0;0;0;0;0;0;0;0;0;0;0;0;0;0;0;0;0;0;0;0;0;0;0;0;0;0;0;0;0;0;0;0;0;0;0;0;0;0;0;0;0;0;0;0;0;0;0;0;0;0;0;0;0;0;0;0;0;0;0;0;1;0;0;1;0;1;0;2016-08-03 13:00:00;130;0;27;13;7;0;-1;1;-1;-1;-1;-1;-1;-1;2;2;2;1;4;3;-1;0;0;0;0;0;0;0;0;0;0;0;0;0;1;1;0;0;-1;-1;0;0;-1;-1;-1;-1;-1;-1;-1;-1;-1;13;20;34;68;82;27;67;68;41;0;0;2.86;2.27;Perak;PDRM;1.36;0.73;1.13;1;1.13;1.13;88;81;67;32;19;0;0;0;0;0;0;8;22;Y;N;N;N;N;N;N
2119;135;133;2016;complete;18;17;-1;;14,83;0;2;2;-1;-1;-1;-1;-1;1;2;0;0;-1;-1;-1;-1;-1;-1;-1;-1;-1;-1;1;2;0;0;0;0;0;0;0;0;0;0;0;0;0;0;0;0;0;0;0;0;0;0;0;0;0;0;0;0;0;0;0;0;0;0;0;0;0;0;0;0;0;0;0;0;0;0;0;0;0;0;0;0;0;0;0;0;0;0;0;0;0;0;0;0;0;0;0;0;2;0;1;0;1;1;1;2016-08-06 12:15:00;133;0;75;34;60;0;-1;1;-1;-1;-1;-1;-1;-1;1;0;0;2;1;2;-1;0;0;0;0;0;0;0;0;0;0;0;0;0;1;1;0;0;-1;-1;0;0;-1;-1;-1;-1;-1;-1;-1;-1;-1;14;39;60;82;100;40;73;88;67;0;0;3.38;3.06;Sarawak;Pulau Pinang;1.18;0.82;1.14;0.75;1.13;0.94;87;62;41;19;0;0;0;0;0;0;0;8;22;Y;Y;N;N;N;N;N
2120;132;140;2016;complete;18;17;-1;47;;1;0;1;-1;-1;-1;-1;-1;-1;-1;-1;-1;-1;-1;-1;-1;-1;-1;-1;-1;-1;-1;-1;-1;0;0;0;0;0;0;0;0;0;0;0;0;0;0;0;0;0;0;0;0;0;0;0;0;0;0;0;0;0;0;0;0;0;0;0;0;0;0;0;0;0;0;0;0;0;0;0;0;0;0;0;0;0;0;0;0;0;0;0;0;0;0;0;0;0;0;0;0;1;0;0;1;0;1;0;2016-08-06 13:00:00;132;0;55;31;24;0;-1;-1;-1;-1;-1;-1;-1;-1;-1;-1;-1;-1;-1;-1;-1;0;0;0;0;0;0;0;0;0;0;0;0;0;1;1;0;0;-1;-1;-1;-1;-1;-1;-1;-1;-1;-1;-1;-1;-1;6;29;37;62;95;38;88;50;31;0;0;2.67;2.39;Kedah;Selangor;2.64;1.18;2.43;1.33;1.38;1.63;95;71;64;38;6;0;0;0;0;0;0;8;22;Y;N;N;N;N;N;N
2121;137;134;2016;complete;18;17;-1;66,90;;2;0;2;-1;-1;-1;-1;-1;2;2;0;0;-1;-1;-1;-1;-1;-1;-1;-1;-1;-1;2;2;0;0;0;0;0;0;0;0;0;0;0;0;0;0;0;0;0;0;0;0;0;0;0;0;0;0;0;0;0;0;0;0;0;0;0;0;0;0;0;0;0;0;0;0;0;0;0;0;0;0;0;0;0;0;0;0;0;0;0;0;0;0;0;0;0;0;0;0;2;0;0;2;0;2;0;2016-08-06 13:00:00;137;0;57;13;50;0;-1;1;-1;-1;-1;-1;-1;-1;0;1;2;1;1;3;-1;0;0;0;0;0;0;0;0;0;0;0;0;0;1;1;0;0;-1;-1;0;0;-1;-1;-1;-1;-1;-1;-1;-1;-1;13;38;57;75;88;26;63;88;63;0;0;3.38;2.82;Kelantan;PBDKT T-Team;1.55;1;1.63;1;1.13;1.19;88;63;44;25;13;0;0;0;0;0;0;8;22;Y;Y;N;N;N;N;N
2122;130;138;2016;complete;18;17;-1;;16;0;1;1;-1;-1;-1;-1;-1;2;4;0;0;-1;-1;-1;-1;-1;-1;-1;-1;-1;-1;2;4;0;0;0;0;0;0;0;0;0;0;0;0;0;0;0;0;0;0;0;0;0;0;0;0;0;0;0;0;0;0;0;0;0;0;0;0;0;0;0;0;0;0;0;0;0;0;0;0;0;0;0;0;0;0;0;0;0;0;0;0;0;0;0;0;0;0;0;0;1;0;1;0;0;0;1;2016-08-06 13:00:00;138;0;36;18;18;0;-1;1;-1;-1;-1;-1;-1;-1;1;2;1;2;3;3;-1;0;0;0;0;0;0;0;0;0;0;0;0;0;1;1;0;0;-1;-1;0;0;-1;-1;-1;-1;-1;-1;-1;-1;-1;18;24;36;72;84;30;72;66;42;0;0;3.21;2.5;Perak;Johor Darul Ta'zim;1.36;2.45;1.33;2.25;1.25;2.5;83;77;65;28;17;0;0;0;0;0;0;8;22;Y;N;N;N;N;N;N
2123;131;129;2016;complete;18;17;-1;71;;1;0;1;-1;-1;-1;-1;-1;2;0;0;0;-1;-1;-1;-1;-1;-1;-1;-1;-1;-1;2;0;0;0;0;0;0;0;0;0;0;0;0;0;0;0;0;0;0;0;0;0;0;0;0;0;0;0;0;0;0;0;0;0;0;0;0;0;0;0;0;0;0;0;0;0;0;0;0;0;0;0;0;0;0;0;0;0;0;0;0;0;0;0;0;0;0;0;0;0;1;0;0;1;0;1;0;2016-08-06 13:00:00;131;0;53;14;27;0;-1;1;-1;-1;-1;-1;-1;-1;1;0;1;0;1;1;-1;0;0;0;0;0;0;0;0;0;0;0;0;0;1;1;0;0;-1;-1;0;0;-1;-1;-1;-1;-1;-1;-1;-1;-1;15;34;47;73;87;27;67;80;47;0;0;4;2.68;PDRM;Pahang;1.18;0.91;1.25;0.71;1.06;0.81;86;67;54;27;14;0;0;0;0;0;0;8;22;Y;N;N;N;N;N;N
2124;136;139;2016;complete;18;17;-1;71,88;8,61;2;2;4;-1;-1;-1;-1;-1;2;1;0;0;-1;-1;-1;-1;-1;-1;-1;-1;-1;-1;2;1;0;0;0;0;0;0;0;0;0;0;0;0;0;0;0;0;0;0;0;0;0;0;0;0;0;0;0;0;0;0;0;0;0;0;0;0;0;0;0;0;0;0;0;0;0;0;0;0;0;0;0;0;0;0;0;0;0;0;0;0;0;0;0;0;0;0;0;0;4;0;1;2;1;3;1;2016-08-06 13:00:00;-1;0;41;21;13;0;-1;1;-1;-1;-1;-1;-1;-1;1;0;1;1;1;2;-1;0;0;0;0;0;0;0;0;0;0;0;0;0;1;1;0;1;-1;-1;0;0;-1;-1;-1;-1;-1;-1;-1;-1;-1;0;26;54;86;93;41;87;86;40;0;0;3.3;2.59;FELDA United;Terengganu;2.18;0.55;2.75;0.57;2.38;1;100;75;47;15;7;0;0;0;0;0;0;8;22;Y;Y;Y;Y;N;N;Y
2125;140;139;2016;complete;18;18;-1;83;64;1;1;2;-1;-1;-1;-1;-1;1;1;0;0;-1;-1;-1;-1;-1;-1;-1;-1;-1;-1;1;1;0;0;0;0;0;0;0;0;0;0;0;0;0;0;0;0;0;0;0;0;0;0;0;0;0;0;0;0;0;0;0;0;0;0;0;0;0;0;0;0;0;0;0;0;0;0;0;0;0;0;0;0;0;0;0;0;0;0;0;0;0;0;0;0;0;0;0;0;2;0;0;1;1;2;0;2016-08-16 13:00:00;-1;0;61;27;28;0;-1;1;-1;-1;-1;-1;-1;-1;1;1;0;0;2;0;-1;0;0;0;0;0;0;0;0;0;0;0;0;0;1;1;0;0;-1;-1;0;0;-1;-1;-1;-1;-1;-1;-1;-1;-1;7;27;67;73;87;34;80;73;48;0;0;3.14;2.68;Selangor;Terengganu;1.36;0.55;2;0.63;1.53;1;93;73;34;27;14;0;0;0;0;0;0;8;22;Y;Y;N;N;N;N;Y
2126;129;136;2016;complete;18;18;-1;;40,44,48;0;3;3;-1;-1;-1;-1;-1;1;2;0;0;-1;-1;-1;-1;-1;-1;-1;-1;-1;-1;1;2;0;0;0;0;0;0;0;0;0;0;0;0;0;0;0;0;0;0;0;0;0;0;0;0;0;0;0;0;0;0;0;0;0;0;0;0;0;0;0;0;0;0;0;0;0;0;0;0;0;0;0;0;0;0;0;0;0;0;0;0;0;0;0;0;0;0;0;0;3;0;2;0;1;1;2;2016-08-16 13:00:00;136;0;84;29;30;0;-1;1;-1;-1;-1;-1;-1;-1;0;1;1;1;1;2;-1;0;0;0;0;0;0;0;0;0;0;0;0;0;1;1;0;0;-1;-1;0;0;-1;-1;-1;-1;-1;-1;-1;-1;-1;24;35;78;100;100;47;94;100;54;0;0;3.88;3.53;Pahang;FELDA United;1;1.73;0.89;2;0.76;2.29;77;66;23;0;0;0;0;0;0;0;0;8;22;Y;Y;Y;N;N;N;N
2127;138;131;2016;complete;18;18;-1;6,10,45,85;;4;0;4;-1;-1;-1;-1;-1;2;3;0;0;-1;-1;-1;-1;-1;-1;-1;-1;-1;-1;2;3;0;0;0;0;0;0;0;0;0;0;0;0;0;0;0;0;0;0;0;0;0;0;0;0;0;0;0;0;0;0;0;0;0;0;0;0;0;0;0;0;0;0;0;0;0;0;0;0;0;0;0;0;0;0;0;0;0;0;0;0;0;0;0;0;0;0;0;0;4;3;0;1;0;1;3;2016-08-16 13:00:00;138;0;38;7;0;0;-1;1;-1;-1;-1;-1;-1;-1;1;2;1;1;3;2;-1;0;0;0;0;0;0;0;0;0;0;0;0;0;1;1;2;0;-1;-1;0;0;-1;-1;-1;-1;-1;-1;-1;-1;-1;13;19;44;75;100;25;63;94;44;0;0;3.25;2.63;Johor Darul Ta'zim;PDRM;2.82;0.73;2.75;0.88;2.53;1.18;88;82;57;25;0;0;0;0;0;0;0;8;22;Y;Y;Y;Y;N;N;N
2128;134;130;2016;complete;18;18;-1;;;0;0;0;-1;-1;-1;-1;-1;2;2;0;0;-1;-1;-1;-1;-1;-1;-1;-1;-1;-1;2;2;0;0;0;0;0;0;0;0;0;0;0;0;0;0;0;0;0;0;0;0;0;0;0;0;0;0;0;0;0;0;0;0;0;0;0;0;0;0;0;0;0;0;0;0;0;0;0;0;0;0;0;0;0;0;0;0;0;0;0;0;0;0;0;0;0;0;0;0;0;0;0;0;0;0;0;2016-08-16 13:00:00;-1;0;82;54;28;0;-1;1;-1;-1;-1;-1;-1;-1;2;1;0;1;3;1;-1;0;0;0;0;0;0;0;0;0;0;0;0;0;1;1;0;0;-1;-1;0;0;-1;-1;-1;-1;-1;-1;-1;-1;-1;34;41;68;88;94;61;94;81;48;0;0;2.95;3.41;PBDKT T-Team;Perak;1.45;1.18;1.38;1.14;1.12;1.18;67;60;32;13;7;0;0;0;0;0;0;8;22;N;N;N;N;N;N;N
2129;133;137;2016;complete;18;18;-1;20,45;7,18,77;2;3;5;-1;-1;-1;-1;-1;2;1;0;0;-1;-1;-1;-1;-1;-1;-1;-1;-1;-1;2;1;0;0;0;0;0;0;0;0;0;0;0;0;0;0;0;0;0;0;0;0;0;0;0;0;0;0;0;0;0;0;0;0;0;0;0;0;0;0;0;0;0;0;0;0;0;0;0;0;0;0;0;0;0;0;0;0;0;0;0;0;0;0;0;0;0;0;0;0;5;2;2;0;1;1;4;2016-08-16 13:00:00;137;0;75;38;32;0;-1;1;-1;-1;-1;-1;-1;-1;0;0;2;1;0;3;-1;0;0;0;0;0;0;0;0;0;0;0;0;0;1;1;0;1;-1;-1;0;0;-1;-1;-1;-1;-1;-1;-1;-1;-1;38;38;57;82;88;51;82;75;57;0;0;3.63;3.32;Pulau Pinang;Kelantan;1.18;1.09;1.13;0.63;1.06;1.24;63;63;44;19;13;0;0;0;0;0;0;8;22;Y;Y;Y;Y;Y;N;Y
2130;132;135;2016;complete;18;18;-1;64,72;51;2;1;3;-1;-1;-1;-1;-1;1;0;0;0;-1;-1;-1;-1;-1;-1;-1;-1;-1;-1;1;0;0;0;0;0;0;0;0;0;0;0;0;0;0;0;0;0;0;0;0;0;0;0;0;0;0;0;0;0;0;0;0;0;0;0;0;0;0;0;0;0;0;0;0;0;0;0;0;0;0;0;0;0;0;0;0;0;0;0;0;0;0;0;0;0;0;0;0;0;3;0;0;2;1;3;0;2016-08-16 13:00:00;132;0;53;41;18;0;-1;1;-1;-1;-1;-1;-1;-1;0;0;1;0;0;1;-1;0;0;0;0;0;0;0;1;0;1;0;0;0;1;1;0;0;-1;-1;0;0;-1;-1;-1;-1;-1;-1;-1;-1;-1;17;29;52;70;100;47;82;75;41;0;0;2;2.83;Kedah;Sarawak;2.64;1;2.5;1.11;1.47;1.06;84;72;49;31;0;0;0;0;0;0;0;8;22;Y;Y;Y;N;N;N;Y
2131;135;140;2016;complete;18;19;-1;40;76;1;1;2;-1;-1;-1;-1;-1;3;1;0;1;-1;-1;-1;-1;-1;-1;-1;-1;-1;-1;3;3;0;0;0;0;0;0;0;0;0;0;0;0;0;0;0;0;0;0;0;0;0;0;0;0;0;0;0;0;0;0;0;0;0;0;0;0;0;0;0;0;0;0;0;0;0;0;0;0;0;0;0;0;0;0;0;0;0;0;0;0;0;0;0;0;0;0;0;0;2;1;0;0;1;1;1;2016-08-24 12:15:00;-1;0;68;28;40;0;-1;1;-1;-1;-1;-1;-1;-1;0;1;3;1;1;4;-1;0;0;0;0;0;0;0;0;0;0;0;0;0;1;1;0;0;-1;-1;0;0;-1;-1;-1;-1;-1;-1;-1;-1;-1;12;27;45;80;95;28;72;80;47;0;0;3;2.68;Sarawak;Selangor;1.18;1.18;1;1.2;1;1.5;89;74;55;20;5;0;0;0;0;0;0;8;22;Y;Y;N;N;N;N;Y
2132;137;132;2016;complete;18;19;-1;70;20,90;1;2;3;-1;-1;-1;-1;-1;2;1;0;0;-1;-1;-1;-1;-1;-1;-1;-1;-1;-1;2;1;0;0;0;0;0;0;0;0;0;0;0;0;0;0;0;0;0;0;0;0;0;0;0;0;0;0;0;0;0;0;0;0;0;0;0;0;0;0;0;0;0;0;0;0;0;0;0;0;0;0;0;0;0;0;0;0;0;0;0;0;0;0;0;0;0;0;0;0;3;0;1;1;1;2;1;2016-08-24 13:00:00;132;0;62;28;33;0;-1;1;-1;-1;-1;-1;-1;-1;1;1;1;0;2;1;-1;0;0;0;0;0;0;0;0;0;0;0;0;0;1;1;0;0;-1;-1;0;0;-1;-1;-1;-1;-1;-1;-1;-1;-1;22;44;50;84;89;39;67;89;62;0;0;4.11;3;Kelantan;Kedah;1.55;1;1.78;0.56;1.33;1.56;78;56;50;17;11;0;0;0;0;0;0;8;22;Y;Y;Y;N;N;N;Y
2133;130;133;2016;complete;18;19;-1;28,38,70,82;57;4;1;5;-1;-1;-1;-1;-1;-1;-1;-1;-1;-1;-1;-1;-1;-1;-1;-1;-1;-1;-1;-1;-1;0;0;0;0;0;0;0;0;0;0;0;0;0;0;0;0;0;0;0;0;0;0;0;0;0;0;0;0;0;0;0;0;0;0;0;0;0;0;0;0;0;0;0;0;0;0;0;0;0;0;0;0;0;0;0;0;0;0;0;0;0;0;0;0;0;0;0;0;5;2;0;2;1;3;2;2016-08-24 13:00:00;130;0;38;27;33;0;-1;-1;-1;-1;-1;-1;-1;-1;-1;-1;-1;-1;-1;-1;-1;0;0;0;0;0;0;0;0;1;0;1;0;0;1;1;0;0;-1;-1;-1;-1;-1;-1;-1;-1;-1;-1;-1;-1;-1;16;38;43;54;85;32;75;64;43;0;0;3.73;2.56;Perak;Pulau Pinang;1.36;0.82;1.2;1;1.17;1;85;62;57;47;15;0;0;0;0;0;0;8;22;Y;Y;Y;Y;Y;N;Y
2134;131;134;2016;complete;18;19;-1;83;15,42;1;2;3;-1;-1;-1;-1;-1;2;2;1;0;-1;-1;-1;-1;-1;-1;-1;-1;-1;-1;3;2;0;0;0;0;0;0;0;0;0;0;0;0;0;0;0;0;0;0;0;0;0;0;0;0;0;0;0;0;0;0;0;0;0;0;0;0;0;0;0;0;0;0;0;0;0;0;0;0;0;0;0;0;0;0;0;0;0;0;0;0;0;0;0;0;0;0;0;0;3;0;2;1;0;1;2;2016-08-24 13:00:00;134;0;50;6;33;0;-1;1;-1;-1;-1;-1;-1;-1;1;0;2;2;1;4;-1;0;0;0;0;0;0;0;0;0;0;0;0;0;1;1;0;0;-1;-1;0;0;-1;-1;-1;-1;-1;-1;-1;-1;-1;6;28;44;73;89;17;50;89;56;0;0;3.22;2.39;PDRM;PBDKT T-Team;1.18;1;1.44;0.89;1.11;1.11;95;73;56;28;11;0;0;0;0;0;0;8;22;Y;Y;Y;N;N;N;Y
2135;136;138;2016;complete;18;19;-1;38,44;30,36,60;2;3;5;-1;-1;-1;-1;-1;3;3;1;0;-1;-1;-1;-1;-1;-1;-1;-1;-1;-1;4;3;0;0;0;0;0;0;0;0;0;0;0;0;0;0;0;0;0;0;0;0;0;0;0;0;0;0;0;0;0;0;0;0;0;0;0;0;0;0;0;0;0;0;0;0;0;0;0;0;0;0;0;0;0;0;0;0;0;0;0;0;0;0;0;0;0;0;0;0;5;2;2;0;1;1;4;2016-08-24 13:00:00;138;0;44;11;28;0;-1;1;-1;-1;-1;-1;-1;-1;2;1;2;2;3;4;-1;0;0;0;0;0;0;0;0;1;0;1;0;0;1;1;0;0;-1;-1;1;0;-1;-1;-1;-1;-1;-1;-1;-1;-1;6;33;45;95;100;33;89;84;50;0;0;3.33;2.84;FELDA United;Johor Darul Ta'zim;2.18;2.45;2.56;2.33;2.33;2.56;95;67;56;6;0;0;0;0;0;0;0;8;22;Y;Y;Y;Y;Y;N;Y
2136;139;129;2016;complete;18;19;-1;88;82;1;1;2;-1;-1;-1;-1;-1;0;1;0;0;-1;-1;-1;-1;-1;-1;-1;-1;-1;-1;0;1;0;0;0;0;0;0;0;0;0;0;0;0;0;0;0;0;0;0;0;0;0;0;0;0;0;0;0;0;0;0;0;0;0;0;0;0;0;0;0;0;0;0;0;0;0;0;0;0;0;0;0;0;0;0;0;0;0;0;0;0;0;0;0;0;0;0;0;0;2;0;0;1;1;2;0;2016-08-24 13:00:00;-1;0;53;29;29;0;-1;1;-1;-1;-1;-1;-1;-1;0;0;0;1;0;1;-1;0;0;0;0;0;0;0;1;0;1;0;0;0;1;1;0;0;-1;-1;0;0;-1;-1;-1;-1;-1;-1;-1;-1;-1;35;41;53;76;94;41;76;77;58;0;0;3.53;3.21;Terengganu;Pahang;1.18;0.91;1.33;0.63;1;0.72;66;60;48;25;7;0;0;0;0;0;0;8;22;Y;Y;N;N;N;N;Y
2137;138;139;2016;complete;18;20;-1;30,83,85;;3;0;3;3;3;6;-1;-1;2;1;0;0;6;4;7;4;13;8;-1;-1;61;39;2;1;0;0;0;0;0;0;0;0;0;0;0;0;0;0;0;0;0;0;0;0;0;0;0;0;0;0;0;0;0;0;0;0;0;0;0;0;0;0;0;0;0;0;0;0;0;0;0;0;0;0;0;0;0;0;0;0;0;0;0;0;0;0;0;0;0;0;0;0;3;1;0;2;0;2;1;2016-09-09 13:00:00;138;0;50;17;11;0;-1;1;-1;-1;-1;-1;-1;-1;0;0;2;1;0;3;-1;0;0;0;0;0;0;0;2;0;2;0;0;0;1;1;0;0;-1;-1;0;0;-1;-1;-1;-1;-1;-1;-1;-1;-1;11;28;62;78;95;33;73;89;44;0;0;3.21;2.83;Johor Darul Ta'zim;Terengganu;2.82;0.55;2.78;0.67;2.58;1;89;73;39;22;6;0;0;0;0;0;0;8;22;Y;Y;Y;N;N;N;N
2138;135;137;2016;complete;18;20;-1;1;41;1;1;2;5;6;11;-1;-1;-1;-1;-1;-1;3;3;4;8;7;11;-1;-1;47;53;-1;-1;0;0;0;0;0;0;0;0;0;0;0;0;0;0;0;0;0;0;0;0;0;0;0;0;0;0;0;0;0;0;0;0;0;0;0;0;0;0;0;0;0;0;0;0;0;0;0;0;0;0;0;0;0;0;0;0;0;0;0;0;0;0;0;0;0;0;0;0;2;1;1;0;0;0;2;2016-09-10 12:15:00;-1;0;67;33;28;0;-1;-1;-1;-1;-1;-1;-1;-1;-1;-1;-1;-1;-1;-1;-1;0;0;0;0;0;0;0;0;0;0;0;0;0;1;1;1;0;-1;-1;-1;-1;-1;-1;-1;-1;-1;-1;-1;-1;-1;28;28;50;84;89;33;67;89;50;0;0;3.22;3.06;Sarawak;Kelantan;1.18;1.09;1;0.89;1;1.26;73;73;50;17;11;0;0;0;0;0;0;8;22;Y;Y;N;N;N;N;Y
2139;140;129;2016;complete;18;20;-1;;33;0;1;1;9;5;14;-1;-1;-1;-1;-1;-1;7;5;4;3;11;8;-1;-1;51;49;-1;-1;0;0;0;0;0;0;0;0;0;0;0;0;0;0;0;0;0;0;0;0;0;0;0;0;0;0;0;0;0;0;0;0;0;0;0;0;0;0;0;0;0;0;0;0;0;0;0;0;0;0;0;0;0;0;0;0;0;0;0;0;0;0;0;0;0;0;0;0;1;0;1;0;0;0;1;2016-09-10 13:00:00;129;0;60;18;42;0;-1;-1;-1;-1;-1;-1;-1;-1;-1;-1;-1;-1;-1;-1;-1;0;0;0;0;0;0;0;0;0;0;0;0;0;1;1;0;0;-1;-1;-1;-1;-1;-1;-1;-1;-1;-1;-1;-1;-1;18;24;48;71;89;24;60;77;54;0;0;2.8;2.66;Selangor;Pahang;1.36;0.91;1.88;0.67;1.47;0.74;83;77;53;29;12;0;0;0;0;0;0;8;22;Y;N;N;N;N;N;N
2140;134;136;2016;complete;18;20;-1;29,68,75;51,71;3;2;5;6;7;13;-1;-1;2;3;0;0;8;6;7;4;15;10;-1;-1;47;53;2;3;0;0;0;0;0;0;0;0;0;0;0;0;0;0;0;0;0;0;0;0;0;0;0;0;0;0;0;0;0;0;0;0;0;0;0;0;0;0;0;0;0;0;0;0;0;0;0;0;0;0;0;0;0;0;0;0;0;0;0;0;0;0;0;0;0;0;0;0;5;1;0;2;2;4;1;2016-09-10 13:00:00;134;0;73;33;22;0;-1;1;-1;-1;-1;-1;-1;-1;2;2;0;1;4;1;-1;0;0;0;0;0;0;0;1;0;1;0;0;0;1;1;0;0;-1;-1;0;0;-1;-1;-1;-1;-1;-1;-1;-1;-1;28;28;67;84;89;44;84;84;50;0;0;3.55;3.11;PBDKT T-Team;FELDA United;1.45;1.73;1.33;2.11;1.21;2.21;73;73;34;17;11;0;0;0;0;0;0;8;22;Y;Y;Y;Y;Y;N;Y
2141;133;131;2016;complete;18;20;-1;32;22;1;1;2;-1;-1;-1;-1;-1;1;5;0;0;-1;-1;-1;-1;-1;-1;-1;-1;-1;-1;1;5;0;0;0;0;0;0;0;0;0;0;0;0;0;0;0;0;0;0;0;0;0;0;0;0;0;0;0;0;0;0;0;0;0;0;0;0;0;0;0;0;0;0;0;0;0;0;0;0;0;0;0;0;0;0;0;0;0;0;0;0;0;0;0;0;0;0;0;0;2;1;1;0;0;0;2;2016-09-10 13:00:00;-1;0;61;22;22;0;-1;1;-1;-1;-1;-1;-1;-1;0;1;1;4;1;5;-1;0;0;0;0;0;0;0;0;0;0;0;0;0;1;1;0;0;-1;-1;0;0;-1;-1;-1;-1;-1;-1;-1;-1;-1;22;33;50;89;100;50;84;84;45;0;0;3.67;2.95;Pulau Pinang;PDRM;1.18;0.73;1;0.78;0.95;1.05;78;67;50;11;0;0;0;0;0;0;0;8;22;Y;Y;N;N;N;N;Y
2142;132;130;2016;complete;18;20;-1;7,59,85;82;3;1;4;3;1;4;-1;-1;2;1;0;0;5;6;7;5;12;11;-1;-1;57;43;2;1;0;0;0;0;0;0;0;0;0;0;0;0;0;0;0;0;0;0;0;0;0;0;0;0;0;0;0;0;0;0;0;0;0;0;0;0;0;0;0;0;0;0;0;0;0;0;0;0;0;0;0;0;0;0;0;0;0;0;0;0;0;0;0;0;0;0;0;0;4;1;0;2;1;3;1;2016-09-10 13:00:00;132;0;66;36;30;0;-1;1;-1;-1;-1;-1;-1;-1;0;1;2;0;1;2;-1;0;0;0;0;0;0;0;0;0;0;0;0;0;1;1;1;0;-1;-1;0;0;-1;-1;-1;-1;-1;-1;-1;-1;-1;13;25;54;72;94;48;78;66;42;0;0;2.34;2.57;Kedah;Perak;2.64;1.18;2.56;1.13;1.63;1.26;88;76;46;29;7;0;0;0;0;0;0;8;22;Y;Y;Y;Y;N;N;Y
2143;131;137;2016;complete;18;21;-1;39;30,77;1;2;3;3;7;10;-1;-1;1;0;0;0;5;4;6;8;11;12;-1;-1;48;52;1;0;0;0;0;0;0;0;0;0;0;0;0;0;0;0;0;0;0;0;0;0;0;0;0;0;0;0;0;0;0;0;0;0;0;0;0;0;0;0;0;0;0;0;0;0;0;0;0;0;0;0;0;0;0;0;0;0;0;0;0;0;0;0;0;0;0;0;0;0;3;1;1;0;1;1;2;2016-09-23 13:00:00;137;0;60;30;15;0;-1;1;-1;-1;-1;-1;-1;-1;1;0;0;0;1;0;-1;0;0;0;0;0;0;0;0;0;0;0;0;0;1;1;0;0;-1;-1;0;0;-1;-1;-1;-1;-1;-1;-1;-1;-1;20;35;50;70;85;40;65;80;40;6;0;4.1;2.85;PDRM;Kelantan;1.18;1.09;1.3;0.9;1.05;1.25;80;65;50;30;15;50;50;50;0;0;0;8;22;Y;Y;Y;N;N;N;Y
2144;140;130;2016;complete;18;21;-1;;48;0;1;1;3;7;10;-1;-1;3;3;1;0;4;5;4;8;8;13;-1;-1;45;55;4;3;0;0;0;0;0;0;0;0;0;0;0;0;0;0;0;0;0;0;0;0;0;0;0;0;0;0;0;0;0;0;0;0;0;0;0;0;0;0;0;0;0;0;0;0;0;0;0;0;0;0;0;0;0;0;0;0;0;0;0;0;0;0;0;0;0;0;0;0;1;0;0;0;1;1;0;2016-09-24 13:00:00;130;0;78;33;44;0;-1;1;-1;-1;-1;-1;-1;-1;1;1;3;2;2;5;-1;0;0;0;0;0;0;0;0;0;0;0;0;0;1;1;0;0;-1;-1;0;0;-1;-1;-1;-1;-1;-1;-1;-1;-1;17;33;67;78;89;39;78;73;56;10;0;2.69;2.89;Selangor;Perak;1.36;1.18;1.67;1;1.4;1.2;84;67;33;22;11;50;50;50;0;0;0;8;22;Y;N;N;N;N;N;N
2145;136;135;2016;complete;18;21;-1;18,53,90;23,39,43;3;3;6;12;2;14;-1;-1;1;1;0;0;11;6;5;4;16;10;-1;-1;59;41;1;1;0;0;0;0;0;0;0;0;0;0;0;0;0;0;0;0;0;0;0;0;0;0;0;0;0;0;0;0;0;0;0;0;0;0;0;0;0;0;0;0;0;0;0;0;0;0;0;0;0;0;0;0;0;0;0;0;0;0;0;0;0;0;0;0;0;0;0;0;6;1;3;2;0;2;4;2016-09-24 13:00:00;-1;0;60;35;30;0;-1;1;-1;-1;-1;-1;-1;-1;0;0;1;1;0;2;-1;0;0;0;0;0;0;0;0;0;0;0;0;0;1;1;0;0;-1;-1;0;0;-1;-1;-1;-1;-1;-1;-1;-1;-1;20;45;70;95;100;45;85;100;55;0;0;2.7;3.45;FELDA United;Sarawak;2.18;1;2.3;1;2.1;1;80;55;30;5;0;0;0;0;0;0;0;8;22;Y;Y;Y;Y;Y;Y;Y
2146;139;132;2016;complete;18;21;-1;;13,63,80;0;3;3;7;4;11;-1;-1;1;0;0;0;3;4;8;13;11;17;-1;-1;40;60;1;0;0;0;0;0;0;0;0;0;0;0;0;0;0;0;0;0;0;0;0;0;0;0;0;0;0;0;0;0;0;0;0;0;0;0;0;0;0;0;0;0;0;0;0;0;0;0;0;0;0;0;0;0;0;0;0;0;0;0;0;0;0;0;0;0;0;0;0;0;3;0;1;0;2;2;1;2016-09-24 13:00:00;132;0;70;35;35;0;-1;1;-1;-1;-1;-1;-1;-1;0;0;1;0;0;1;-1;0;0;0;0;0;0;0;0;0;0;0;0;0;1;1;0;0;-1;-1;0;0;-1;-1;-1;-1;-1;-1;-1;-1;-1;35;45;55;90;95;45;75;85;70;0;0;3.4;3.3;Terengganu;Kedah;1.18;1;1.3;0.8;0.95;1.7;65;55;45;10;5;0;0;0;0;0;0;8;22;Y;Y;Y;N;N;N;N
2147;129;133;2016;complete;18;21;-1;12;;1;0;1;6;5;11;-1;-1;3;2;0;1;6;4;5;7;11;11;-1;-1;56;44;3;4;0;0;0;0;0;0;0;0;0;0;0;0;0;0;0;0;0;0;0;0;0;0;0;0;0;0;0;0;0;0;0;0;0;0;0;0;0;0;0;0;0;0;0;0;0;0;0;0;0;0;0;0;0;0;0;0;0;0;0;0;0;0;0;0;0;0;0;0;1;1;0;0;0;0;1;2016-09-24 13:00:00;129;0;60;30;40;0;-1;1;-1;-1;-1;-1;-1;-1;1;0;2;3;1;5;-1;0;0;0;0;0;0;0;0;0;0;0;0;0;1;1;0;0;-1;-1;0;0;-1;-1;-1;-1;-1;-1;-1;-1;-1;20;50;65;85;100;55;95;90;45;0;0;4;3.45;Pahang;Pulau Pinang;1;0.82;0.8;0.9;0.85;0.95;80;50;35;15;0;0;0;0;0;0;0;8;22;Y;N;N;N;N;N;N
2148;138;134;2016;complete;18;21;-1;6,26,34,45,61;43;5;1;6;5;7;12;-1;-1;1;0;0;0;15;6;5;11;20;17;-1;-1;55;45;1;0;0;0;0;0;0;0;0;0;0;0;0;0;0;0;0;0;0;0;0;0;0;0;0;0;0;0;0;0;0;0;0;0;0;0;0;0;0;0;0;0;0;0;0;0;0;0;0;0;0;0;0;0;0;0;0;0;0;0;0;0;0;0;0;0;0;0;0;0;6;4;1;1;0;1;5;2016-09-24 13:00:00;138;0;45;5;20;0;-1;1;-1;-1;-1;-1;-1;-1;0;0;1;0;0;1;-1;0;0;0;0;0;0;0;0;0;0;0;0;0;1;1;1;0;-1;-1;0;0;-1;-1;-1;-1;-1;-1;-1;-1;-1;15;25;60;80;95;25;60;95;55;3;0;2.7;2.85;Johor Darul Ta'zim;PBDKT T-Team;2.82;1;2.8;1.1;2.6;1.3;85;75;40;20;5;0;0;0;0;0;0;8;22;Y;Y;Y;Y;Y;Y;Y
2149;132;136;2016;complete;18;22;-1;82;;1;0;1;3;1;4;-1;-1;0;2;0;0;4;2;7;5;11;7;-1;-1;-1;-1;0;2;0;0;0;0;0;0;0;0;0;0;0;0;0;0;0;0;0;0;0;0;0;0;0;0;0;0;0;0;0;0;0;0;0;0;0;0;0;0;0;0;0;0;0;0;0;0;0;0;0;0;0;0;0;0;0;0;0;0;0;0;0;0;0;0;0;0;0;0;1;0;0;1;0;1;0;2016-10-21 13:00:00;132;0;70;20;35;0;-1;1;-1;-1;-1;-1;-1;-1;0;0;0;2;0;2;-1;0;0;0;0;0;0;0;0;0;0;0;0;0;1;1;0;0;-1;-1;0;0;-1;-1;-1;-1;-1;-1;-1;-1;-1;15;25;65;80;100;35;80;80;55;10;0;3.08;2.85;Kedah;FELDA United;2.64;1.73;2.6;1.9;1.76;2.05;85;75;35;20;0;50;50;50;0;0;0;8;22;Y;N;N;N;N;N;N
2150;140;138;2016;complete;18;22;-1;70;64,77;1;2;3;4;10;14;-1;-1;4;3;0;0;0;0;0;0;0;0;-1;-1;-1;-1;4;3;0;0;0;0;0;0;0;0;0;0;0;0;0;0;0;0;0;0;0;0;0;0;0;0;0;0;0;0;0;0;0;0;0;0;0;0;0;0;0;0;0;0;0;0;0;0;0;0;0;0;0;0;0;0;0;0;0;0;0;0;0;0;0;0;0;0;0;0;3;0;0;1;2;3;0;2016-10-22 13:00:00;138;0;55;20;30;0;-1;1;-1;-1;-1;-1;-1;-1;0;0;4;3;0;7;-1;0;0;0;0;0;0;0;0;0;0;0;0;0;1;1;0;0;-1;-1;0;0;-1;-1;-1;-1;-1;-1;-1;-1;-1;15;25;45;75;95;30;75;70;45;6;0;3.64;2.65;Selangor;Johor Darul Ta'zim;1.36;2.45;1.5;2.4;1.33;2.62;85;75;55;25;5;50;50;25;0;0;0;8;22;Y;Y;Y;N;N;N;Y
2151;134;129;2016;complete;18;22;-1;83;27;1;1;2;-1;-1;-1;-1;-1;1;0;0;0;-1;-1;-1;-1;-1;-1;-1;-1;-1;-1;1;0;0;0;0;0;0;0;0;0;0;0;0;0;0;0;0;0;0;0;0;0;0;0;0;0;0;0;0;0;0;0;0;0;0;0;0;0;0;0;0;0;0;0;0;0;0;0;0;0;0;0;0;0;0;0;0;0;0;0;0;0;0;0;0;0;0;0;0;0;2;0;1;1;0;1;1;2016-10-22 13:00:00;-1;0;50;25;25;0;-1;1;-1;-1;-1;-1;-1;-1;0;0;1;0;0;1;-1;0;0;0;0;0;0;0;0;0;0;0;0;0;1;1;0;0;-1;-1;0;0;-1;-1;-1;-1;-1;-1;-1;-1;-1;30;30;40;65;85;30;70;70;40;11;0;3.17;2.75;PBDKT T-Team;Pahang;1.45;0.91;1.5;0.9;1.24;0.95;70;70;60;35;15;100;100;100;0;0;0;8;22;Y;Y;N;N;N;N;Y
2152;133;139;2016;complete;18;22;-1;89;;1;0;1;15;6;21;-1;-1;2;2;0;0;10;6;12;10;22;16;-1;-1;53;47;2;2;0;0;0;0;0;0;0;0;0;0;0;0;0;0;0;0;0;0;0;0;0;0;0;0;0;0;0;0;0;0;0;0;0;0;0;0;0;0;0;0;0;0;0;0;0;0;0;0;0;0;0;0;0;0;0;0;0;0;0;0;0;0;0;0;0;0;0;0;1;0;0;1;0;1;0;2016-10-22 13:00:00;133;0;75;35;30;0;-1;1;-1;-1;-1;-1;-1;-1;0;1;2;1;1;3;-1;0;0;0;0;0;0;0;0;0;0;0;0;0;1;1;0;0;-1;-1;0;0;-1;-1;-1;-1;-1;-1;-1;-1;-1;20;30;60;90;95;50;90;75;50;3;0;3.28;2.95;Pulau Pinang;Terengganu;1.18;0.55;1;0.6;0.9;0.9;80;70;40;10;5;0;0;0;0;0;0;8;22;Y;N;N;N;N;N;N
2153;135;131;2016;complete;18;22;-1;45,86;27;2;1;3;6;10;16;-1;-1;3;2;0;0;0;0;0;0;0;0;-1;-1;-1;-1;3;2;0;0;0;0;0;0;0;0;0;0;0;0;0;0;0;0;0;0;0;0;0;0;0;0;0;0;0;0;0;0;0;0;0;0;0;0;0;0;0;0;0;0;0;0;0;0;0;0;0;0;0;0;0;0;0;0;0;0;0;0;0;0;0;0;0;0;0;0;3;1;1;1;0;1;2;2016-10-22 13:00:00;135;0;55;20;20;0;-1;1;-1;-1;-1;-1;-1;-1;0;1;3;1;1;4;-1;0;0;0;0;0;0;0;0;0;0;0;0;0;1;1;0;0;-1;-1;0;0;-1;-1;-1;-1;-1;-1;-1;-1;-1;5;15;35;90;100;35;70;85;40;5;0;3.62;2.45;Sarawak;PDRM;1.18;0.73;1;0.8;1;1;95;85;65;10;0;50;50;50;0;0;0;8;22;Y;Y;Y;N;N;N;Y
2154;137;130;2016;complete;18;22;-1;38,90;53,65;2;2;4;-1;-1;-1;-1;-1;2;1;1;1;-1;-1;-1;-1;-1;-1;-1;-1;-1;-1;4;3;0;0;0;0;0;0;0;0;0;0;0;0;0;0;0;0;0;0;0;0;0;0;0;0;0;0;0;0;0;0;0;0;0;0;0;0;0;0;0;0;0;0;0;0;0;0;0;0;0;0;0;0;0;0;0;0;0;0;0;0;0;0;0;0;0;0;0;0;4;1;0;1;2;3;1;2016-10-22 13:00:00;-1;0;70;30;45;0;-1;1;-1;-1;-1;-1;-1;-1;1;0;2;2;1;4;-1;0;0;0;0;0;0;0;1;0;1;0;0;0;1;1;0;0;-1;-1;0;0;-1;-1;-1;-1;-1;-1;-1;-1;-1;15;40;65;80;90;40;75;85;60;4;0;3.9;3;Kelantan;Perak;1.55;1.18;1.6;1.2;1.33;1.29;85;60;35;20;10;25;25;0;0;0;0;8;22;Y;Y;Y;Y;N;N;Y
