ID;HOMEID;AWAYID;SEASON;STATUS;ROUNDID;GAME_WEEK;REVISED_GAME_WEEK;HOMEGOALS;AWAYGOALS;HOMEGOALCOUNT;AWAYGOALCOUNT;TOTALGOALCOUNT;TEAM_A_CORNERS;TEAM_B_CORNERS;TOTALCORNERCOUNT;TEAM_A_OFFSIDES;TEAM_B_OFFSIDES;TEAM_A_YELLOW_CARDS;TEAM_B_YELLOW_CARDS;TEAM_A_RED_CARDS;TEAM_B_RED_CARDS;TEAM_A_SHOTSONTARGET;TEAM_B_SHOTSONTARGET;TEAM_A_SHOTSOFFTARGET;TEAM_B_SHOTSOFFTARGET;TEAM_A_SHOTS;TEAM_B_SHOTS;TEAM_A_FOULS;TEAM_B_FOULS;TEAM_A_POSSESSION;TEAM_B_POSSESSION;TEAM_A_CARDS_NUM;TEAM_B_CARDS_NUM;ODDS_FT_1;ODDS_FT_X;ODDS_FT_2;ODDS_FT_OVER05;ODDS_FT_OVER15;ODDS_FT_OVER25;ODDS_FT_OVER35;ODDS_FT_OVER45;ODDS_FT_UNDER05;ODDS_FT_UNDER15;ODDS_FT_UNDER25;ODDS_FT_UNDER35;ODDS_FT_UNDER45;ODDS_BTTS_YES;ODDS_BTTS_NO;ODDS_TEAM_A_CS_YES;ODDS_TEAM_A_CS_NO;ODDS_TEAM_B_CS_YES;ODDS_TEAM_B_CS_NO;ODDS_DOUBLECHANCE_1X;ODDS_DOUBLECHANCE_12;ODDS_DOUBLECHANCE_X2;ODDS_1ST_HALF_RESULT_1;ODDS_1ST_HALF_RESULT_X;ODDS_1ST_HALF_RESULT_2;ODDS_2ND_HALF_RESULT_1;ODDS_2ND_HALF_RESULT_X;ODDS_2ND_HALF_RESULT_2;ODDS_DNB_1;ODDS_DNB_2;ODDS_CORNERS_OVER_75;ODDS_CORNERS_OVER_85;ODDS_CORNERS_OVER_95;ODDS_CORNERS_OVER_105;ODDS_CORNERS_OVER_115;ODDS_CORNERS_UNDER_75;ODDS_CORNERS_UNDER_85;ODDS_CORNERS_UNDER_95;ODDS_CORNERS_UNDER_105;ODDS_CORNERS_UNDER_115;ODDS_CORNERS_1;ODDS_CORNERS_X;ODDS_CORNERS_2;ODDS_TEAM_TO_SCORE_FIRST_1;ODDS_TEAM_TO_SCORE_FIRST_X;ODDS_TEAM_TO_SCORE_FIRST_2;ODDS_WIN_TO_NIL_1;ODDS_WIN_TO_NIL_2;ODDS_1ST_HALF_OVER05;ODDS_1ST_HALF_OVER15;ODDS_1ST_HALF_OVER25;ODDS_1ST_HALF_OVER35;ODDS_1ST_HALF_UNDER05;ODDS_1ST_HALF_UNDER15;ODDS_1ST_HALF_UNDER25;ODDS_1ST_HALF_UNDER35;ODDS_2ND_HALF_OVER05;ODDS_2ND_HALF_OVER15;ODDS_2ND_HALF_OVER25;ODDS_2ND_HALF_OVER35;ODDS_2ND_HALF_UNDER05;ODDS_2ND_HALF_UNDER15;ODDS_2ND_HALF_UNDER25;ODDS_2ND_HALF_UNDER35;ODDS_BTTS_1ST_HALF_YES;ODDS_BTTS_1ST_HALF_NO;ODDS_BTTS_2ND_HALF_YES;ODDS_BTTS_2ND_HALF_NO;OVERALLGOALCOUNT;HT_GOALS_TEAM_A;HT_GOALS_TEAM_B;GOALS_2HG_TEAM_A;GOALS_2HG_TEAM_B;GOALCOUNT_2HG;HTGOALCOUNT;DATE_UNIX;WINNINGTEAM;NO_HOME_AWAY;BTTS_POTENTIAL;BTTS_FHG_POTENTIAL;BTTS_2HG_POTENTIAL;GOALTIMINGDISABLED;CORNER_TIMINGS_RECORDED;CARD_TIMINGS_RECORDED;TEAM_A_FH_CORNERS;TEAM_B_FH_CORNERS;TEAM_A_2H_CORNERS;TEAM_B_2H_CORNERS;CORNER_FH_COUNT;CORNER_2H_COUNT;TEAM_A_FH_CARDS;TEAM_B_FH_CARDS;TEAM_A_2H_CARDS;TEAM_B_2H_CARDS;TOTAL_FH_CARDS;TOTAL_2H_CARDS;ATTACKS_RECORDED;TEAM_A_DANGEROUS_ATTACKS;TEAM_B_DANGEROUS_ATTACKS;TEAM_A_ATTACKS;TEAM_B_ATTACKS;TEAM_A_XG;TEAM_B_XG;TOTAL_XG;TEAM_A_PENALTIES_WON;TEAM_B_PENALTIES_WON;TEAM_A_PENALTY_GOALS;TEAM_B_PENALTY_GOALS;TEAM_A_PENALTY_MISSED;TEAM_B_PENALTY_MISSED;PENS_RECORDED;GOAL_TIMINGS_RECORDED;TEAM_A_0_10_MIN_GOALS;TEAM_B_0_10_MIN_GOALS;TEAM_A_CORNERS_0_10_MIN;TEAM_B_CORNERS_0_10_MIN;TEAM_A_CARDS_0_10_MIN;TEAM_B_CARDS_0_10_MIN;THROWINS_RECORDED;TEAM_A_THROWINS;TEAM_B_THROWINS;FREEKICKS_RECORDED;TEAM_A_FREEKICKS;TEAM_B_FREEKICKS;GOALKICKS_RECORDED;TEAM_A_GOALKICKS;TEAM_B_GOALKICKS;O45_POTENTIAL;O35_POTENTIAL;O25_POTENTIAL;O15_POTENTIAL;O05_POTENTIAL;O15HT_POTENTIAL;O05HT_POTENTIAL;O05_2H_POTENTIAL;O15_2H_POTENTIAL;CORNERS_POTENTIAL;OFFSIDES_POTENTIAL;CARDS_POTENTIAL;AVG_POTENTIAL;HOME_NAME;AWAY_NAME;HOME_PPG;AWAY_PPG;PRE_MATCH_HOME_PPG;PRE_MATCH_AWAY_PPG;PRE_MATCH_TEAMA_OVERALL_PPG;PRE_MATCH_TEAMB_OVERALL_PPG;U45_POTENTIAL;U35_POTENTIAL;U25_POTENTIAL;U15_POTENTIAL;U05_POTENTIAL;CORNERS_O85_POTENTIAL;CORNERS_O95_POTENTIAL;CORNERS_O105_POTENTIAL;TEAM_A_XG_PREMATCH;TEAM_B_XG_PREMATCH;TOTAL_XG_PREMATCH;COMPETITION_ID;MATCHES_COMPLETED_MINIMUM;OVER05;OVER15;OVER25;OVER35;OVER45;OVER55;BTTS
557395;2223;2246;2019;complete;4494;1;-1;7,68;;2;0;2;4;7;11;-1;-1;4;2;0;0;6;13;2;6;8;19;-1;-1;50;50;4;2;0;0;0;0;0;0;0;0;0;0;0;0;0;0;0;0;0;0;0;0;0;0;0;0;0;0;0;0;0;0;0;0;0;0;0;0;0;0;0;0;0;0;0;0;0;0;0;0;0;0;0;0;0;0;0;0;0;0;0;0;0;0;0;0;0;0;0;0;2;1;0;1;0;1;1;2019-04-06 21:00:00;2223;0;0;0;0;0;-1;1;-1;-1;-1;-1;-1;-1;1;2;3;0;3;3;1;0;0;0;0;1.14;2.42;3.56;0;0;0;0;0;0;1;1;1;0;-1;-1;0;0;-1;-1;-1;-1;-1;-1;-1;-1;-1;0;0;0;0;0;0;0;0;0;0;0;0;0;San Antonio Unido;General Velásquez;1.62;0.75;0;0;0;0;0;0;0;0;0;0;0;0;0;0;0;1951;25;Y;Y;N;N;N;N;N
557396;2221;2242;2019;complete;4494;1;-1;25,55;81;2;1;3;-1;-1;-1;-1;-1;2;2;0;0;-1;-1;-1;-1;-1;-1;-1;-1;-1;-1;2;2;0;0;0;0;0;0;0;0;0;0;0;0;0;0;0;0;0;0;0;0;0;0;0;0;0;0;0;0;0;0;0;0;0;0;0;0;0;0;0;0;0;0;0;0;0;0;0;0;0;0;0;0;0;0;0;0;0;0;0;0;0;0;0;0;0;0;0;0;3;1;0;1;1;2;1;2019-04-06 21:00:00;2221;0;0;0;0;0;-1;1;-1;-1;-1;-1;-1;-1;1;2;1;0;3;1;-1;0;0;0;0;0;0;0;0;1;0;1;0;0;1;1;0;0;-1;-1;0;0;-1;-1;-1;-1;-1;-1;-1;-1;-1;0;0;0;0;0;0;0;0;0;0;0;0;0;Deportes Vallenar;Colina;2.38;0.75;0;0;0;0;0;0;0;0;0;0;0;0;0;0;0;1951;24;Y;Y;Y;N;N;N;Y
557397;2236;2237;2019;complete;4494;1;-1;81;57;1;1;2;9;3;12;-1;-1;3;3;1;1;2;4;7;4;9;8;-1;-1;50;50;4;5;0;0;0;0;0;0;0;0;0;0;0;0;0;0;0;0;0;0;0;0;0;0;0;0;0;0;0;0;0;0;0;0;0;0;0;0;0;0;0;0;0;0;0;0;0;0;0;0;0;0;0;0;0;0;0;0;0;0;0;0;0;0;0;0;0;0;0;0;2;0;0;1;1;2;0;2019-04-07 20:00:00;-1;0;0;0;0;0;-1;1;-1;-1;-1;-1;-1;-1;2;1;2;3;3;5;1;0;0;0;0;1.1;1.02;2.11;0;1;0;1;0;0;1;1;0;0;-1;-1;0;0;-1;-1;-1;-1;-1;-1;-1;-1;-1;0;0;0;0;0;0;0;0;0;0;0;0;0;Fernández Vial;Lautaro de Buin ;1.54;0.77;0;0;0;0;0;0;0;0;0;0;0;0;0;0;0;1951;25;Y;Y;N;N;N;N;Y
557398;2204;2225;2019;complete;4494;1;-1;;;0;0;0;1;5;6;-1;-1;3;4;0;1;2;4;9;5;11;9;-1;-1;50;50;3;6;0;0;0;0;0;0;0;0;0;0;0;0;0;0;0;0;0;0;0;0;0;0;0;0;0;0;0;0;0;0;0;0;0;0;0;0;0;0;0;0;0;0;0;0;0;0;0;0;0;0;0;0;0;0;0;0;0;0;0;0;0;0;0;0;0;0;0;0;0;0;0;0;0;0;0;2019-04-07 20:00:00;-1;0;0;0;0;0;-1;1;-1;-1;-1;-1;-1;-1;0;0;3;5;0;8;1;0;0;0;0;1.19;1.27;2.46;0;0;0;0;0;0;1;1;0;0;-1;-1;0;0;-1;-1;-1;-1;-1;-1;-1;-1;-1;0;0;0;0;0;0;0;0;0;0;0;0;0;Iberia;Recoleta;1.14;1.36;0;0;0;0;0;0;0;0;0;0;0;0;0;0;0;1951;26;N;N;N;N;N;N;N
557399;2219;2218;2019;complete;4494;1;-1;;10,18,72,75,84;0;5;5;6;9;15;-1;-1;2;0;0;0;5;10;7;5;12;15;-1;-1;50;50;2;0;0;0;0;0;0;0;0;0;0;0;0;0;0;0;0;0;0;0;0;0;0;0;0;0;0;0;0;0;0;0;0;0;0;0;0;0;0;0;0;0;0;0;0;0;0;0;0;0;0;0;0;0;0;0;0;0;0;0;0;0;0;0;0;0;0;0;0;0;5;0;2;0;3;3;2;2019-04-07 20:00:00;2218;0;0;0;0;0;-1;1;-1;-1;-1;-1;-1;-1;0;0;2;0;0;2;1;0;0;0;0;1.29;1.93;3.22;0;1;0;1;0;0;1;1;0;1;-1;-1;0;0;-1;-1;-1;-1;-1;-1;-1;-1;-1;0;0;0;0;0;0;0;0;0;0;0;0;0;Independiente;Colchagua;1.67;1.79;0;0;0;0;0;0;0;0;0;0;0;0;0;0;0;1951;25;Y;Y;Y;Y;Y;N;N
557400;2225;2198;2019;complete;4494;2;-1;66;38;1;1;2;3;4;7;-1;-1;1;4;1;0;10;10;4;4;14;14;-1;-1;50;50;3;4;0;0;0;0;0;0;0;0;0;0;0;0;0;0;0;0;0;0;0;0;0;0;0;0;0;0;0;0;0;0;0;0;0;0;0;0;0;0;0;0;0;0;0;0;0;0;0;0;0;0;0;0;0;0;0;0;0;0;0;0;0;0;0;0;0;0;0;0;2;0;1;1;0;1;1;2019-04-13 20:00:00;-1;0;0;0;0;0;-1;1;-1;-1;-1;-1;-1;-1;0;1;2;3;1;5;1;0;0;0;0;1.86;1.85;3.71;0;0;0;0;0;0;1;1;0;0;-1;-1;0;0;-1;-1;-1;-1;-1;-1;-1;-1;-1;0;0;0;0;0;0;0;0;0;0;0;0;0;Recoleta;San Marcos;1.25;1.77;0;0;1;0;0;0;0;0;0;0;0;0;0;0;0;1951;26;Y;Y;N;N;N;N;Y
557401;2218;2221;2019;complete;4494;2;-1;30,64,90;80;3;1;4;3;7;10;-1;-1;2;3;0;1;7;10;4;3;11;13;-1;-1;50;50;2;4;0;0;0;0;0;0;0;0;0;0;0;0;0;0;0;0;0;0;0;0;0;0;0;0;0;0;0;0;0;0;0;0;0;0;0;0;0;0;0;0;0;0;0;0;0;0;0;0;0;0;0;0;0;0;0;0;0;0;0;0;0;0;0;0;0;0;0;0;4;1;0;2;1;3;1;2019-04-14 19:30:00;2218;0;0;0;0;0;-1;1;-1;-1;-1;-1;-1;-1;1;2;1;2;3;3;1;0;0;0;0;1.4;1.78;3.18;0;0;0;0;0;0;1;1;0;0;-1;-1;0;0;-1;-1;-1;-1;-1;-1;-1;-1;-1;0;0;0;0;0;0;0;0;0;0;0;0;0;Colchagua;Deportes Vallenar;1.42;0.77;0;0;3;3;0;0;0;0;0;0;0;0;0;0;0;1951;26;Y;Y;Y;Y;N;N;Y
557402;2242;2236;2019;complete;4494;2;-1;4,12,36,90;21,26,82;4;3;7;7;8;15;-1;-1;3;2;1;2;11;6;7;4;18;10;-1;-1;50;50;5;6;0;0;0;0;0;0;0;0;0;0;0;0;0;0;0;0;0;0;0;0;0;0;0;0;0;0;0;0;0;0;0;0;0;0;0;0;0;0;0;0;0;0;0;0;0;0;0;0;0;0;0;0;0;0;0;0;0;0;0;0;0;0;0;0;0;0;0;0;7;3;2;1;1;2;5;2019-04-14 20:00:00;2242;0;0;0;0;0;-1;1;-1;-1;-1;-1;-1;-1;2;0;2;4;2;6;1;0;0;0;0;2.22;1.38;3.6;0;1;0;1;0;0;1;1;1;0;-1;-1;0;0;-1;-1;-1;-1;-1;-1;-1;-1;-1;0;0;0;0;0;0;0;0;0;0;0;0;0;Colina;Fernández Vial;1.83;1.17;0;0;0;1;0;0;0;0;0;0;0;0;0;0;0;1951;24;Y;Y;Y;Y;Y;Y;Y
557403;2237;2223;2019;complete;4494;2;-1;39;90;1;1;2;6;8;14;-1;-1;2;0;0;0;5;6;14;8;19;14;-1;-1;50;50;2;0;0;0;0;0;0;0;0;0;0;0;0;0;0;0;0;0;0;0;0;0;0;0;0;0;0;0;0;0;0;0;0;0;0;0;0;0;0;0;0;0;0;0;0;0;0;0;0;0;0;0;0;0;0;0;0;0;0;0;0;0;0;0;0;0;0;0;0;0;2;1;0;0;1;1;1;2019-04-14 20:00:00;-1;0;0;0;0;0;-1;1;-1;-1;-1;-1;-1;-1;0;0;2;0;0;2;1;0;0;0;0;1.81;1.51;3.32;0;0;0;0;0;0;1;1;0;0;-1;-1;0;0;-1;-1;-1;-1;-1;-1;-1;-1;-1;0;0;0;0;0;0;0;0;0;0;0;0;0;Lautaro de Buin ;San Antonio Unido;1.25;0.92;0;0;1;3;0;0;0;0;0;0;0;0;0;0;0;1951;25;Y;Y;N;N;N;N;Y
557404;2246;2204;2019;complete;4494;2;-1;;;0;0;0;8;6;14;-1;-1;1;4;0;1;9;7;9;5;18;12;-1;-1;50;50;1;5;0;0;0;0;0;0;0;0;0;0;0;0;0;0;0;0;0;0;0;0;0;0;0;0;0;0;0;0;0;0;0;0;0;0;0;0;0;0;0;0;0;0;0;0;0;0;0;0;0;0;0;0;0;0;0;0;0;0;0;0;0;0;0;0;0;0;0;0;0;0;0;0;0;0;0;2019-04-14 20:00:00;-1;0;0;0;0;0;-1;1;-1;-1;-1;-1;-1;-1;1;3;0;2;4;2;1;0;0;0;0;2.04;1.44;3.47;0;0;0;0;0;0;1;1;0;0;-1;-1;0;0;-1;-1;-1;-1;-1;-1;-1;-1;-1;0;0;0;0;0;0;0;0;0;0;0;0;0;General Velásquez;Iberia;1.64;1.17;0;0;0;1;0;0;0;0;0;0;0;0;0;0;0;1951;26;N;N;N;N;N;N;N
557405;2223;2225;2019;complete;4494;3;-1;76;32,74;1;2;3;5;4;9;-1;-1;2;2;1;0;4;4;5;3;9;7;-1;-1;50;50;3;2;0;0;0;0;0;0;0;0;0;0;0;0;0;0;0;0;0;0;0;0;0;0;0;0;0;0;0;0;0;0;0;0;0;0;0;0;0;0;0;0;0;0;0;0;0;0;0;0;0;0;0;0;0;0;0;0;0;0;0;0;0;0;0;0;0;0;0;0;3;0;1;1;1;2;1;2019-04-20 20:00:00;2225;0;0;0;0;0;-1;1;-1;-1;-1;-1;-1;-1;1;0;2;2;1;4;1;0;0;0;0;1.45;1.12;2.57;0;0;0;0;0;0;1;1;0;0;-1;-1;0;0;-1;-1;-1;-1;-1;-1;-1;-1;-1;0;0;0;50;50;0;50;50;0;9;0;10;1;San Antonio Unido;Recoleta;1.62;1.36;3;1;2;1;100;100;100;50;50;50;50;50;1.14;1.27;2.41;1951;25;Y;Y;Y;N;N;N;Y
557406;2221;2237;2019;complete;4494;3;-1;19,72,85;;3;0;3;5;5;10;-1;-1;2;1;0;1;6;2;8;4;14;6;-1;-1;50;50;2;2;0;0;0;0;0;0;0;0;0;0;0;0;0;0;0;0;0;0;0;0;0;0;0;0;0;0;0;0;0;0;0;0;0;0;0;0;0;0;0;0;0;0;0;0;0;0;0;0;0;0;0;0;0;0;0;0;0;0;0;0;0;0;0;0;0;0;0;0;3;1;0;2;0;2;1;2019-04-20 22:00:00;2221;0;100;0;100;0;-1;1;-1;-1;-1;-1;-1;-1;1;1;1;1;2;2;1;0;0;0;0;1.74;1.03;2.78;0;0;0;0;0;0;1;1;0;0;-1;-1;1;0;-1;-1;-1;-1;-1;-1;-1;-1;-1;0;0;50;100;100;0;50;100;100;3;0;7;2.5;Deportes Vallenar;Lautaro de Buin ;2.38;0.77;3;1;1.5;1;100;100;50;0;0;50;50;50;0;1.02;1.02;1951;25;Y;Y;Y;N;N;N;N
557407;2246;2218;2019;complete;4494;3;-1;21,90;38,63;2;2;4;3;8;11;-1;-1;5;3;0;0;12;5;8;5;20;10;-1;-1;50;50;5;3;0;0;0;0;0;0;0;0;0;0;0;0;0;0;0;0;0;0;0;0;0;0;0;0;0;0;0;0;0;0;0;0;0;0;0;0;0;0;0;0;0;0;0;0;0;0;0;0;0;0;0;0;0;0;0;0;0;0;0;0;0;0;0;0;0;0;0;0;4;1;1;1;1;2;2;2019-04-21 20:00:00;-1;0;0;0;0;0;-1;1;-1;-1;-1;-1;-1;-1;0;2;5;1;2;6;1;0;0;0;0;2.46;1.24;3.69;0;0;0;0;0;0;1;1;0;0;-1;-1;0;0;-1;-1;-1;-1;-1;-1;-1;-1;-1;50;50;50;50;50;50;50;50;50;17;0;1;2.5;General Velásquez;Colchagua;1.64;1.79;1;3;0.5;3;50;50;50;50;50;100;100;100;2.04;1.93;3.97;1951;26;Y;Y;Y;Y;N;N;Y
557408;2198;2219;2019;complete;4494;3;-1;6;;1;0;1;3;7;10;-1;-1;3;3;0;0;2;0;2;0;4;0;-1;-1;50;50;3;3;0;0;0;0;0;0;0;0;0;0;0;0;0;0;0;0;0;0;0;0;0;0;0;0;0;0;0;0;0;0;0;0;0;0;0;0;0;0;0;0;0;0;0;0;0;0;0;0;0;0;0;0;0;0;0;0;0;0;0;0;0;0;0;0;0;0;0;0;1;1;0;0;0;0;1;2019-04-21 20:00:00;2198;0;0;0;0;0;-1;1;-1;-1;-1;-1;-1;-1;1;1;2;2;2;4;1;0;0;0;0;0.77;0.38;1.15;0;0;0;0;0;0;1;1;1;0;-1;-1;0;0;-1;-1;-1;-1;-1;-1;-1;-1;-1;0;0;0;0;0;0;0;0;0;0;0;0;0;San Marcos;Independiente;2.23;0.77;0;0;1;0;0;0;0;0;0;0;0;0;0;0;0;1951;25;Y;N;N;N;N;N;N
557409;2204;2242;2019;complete;4494;3;-1;;68;0;1;1;5;4;9;-1;-1;2;1;0;0;6;2;4;5;10;7;-1;-1;50;50;2;1;0;0;0;0;0;0;0;0;0;0;0;0;0;0;0;0;0;0;0;0;0;0;0;0;0;0;0;0;0;0;0;0;0;0;0;0;0;0;0;0;0;0;0;0;0;0;0;0;0;0;0;0;0;0;0;0;0;0;0;0;0;0;0;0;0;0;0;0;1;0;0;0;1;1;0;2019-04-21 20:00:00;2242;0;50;0;50;0;-1;1;-1;-1;-1;-1;-1;-1;1;1;1;0;2;1;1;0;0;0;0;1.4;0.85;2.24;0;0;0;0;0;0;1;1;0;0;-1;-1;0;0;-1;-1;-1;-1;-1;-1;-1;-1;-1;0;0;50;50;50;0;50;50;50;1;0;5;1.5;Iberia;Colina;1.14;0.75;1;0;1;1.5;100;100;50;50;50;0;0;0;1.19;0;1.19;1951;24;Y;N;N;N;N;N;N
557410;2242;2223;2019;complete;4494;4;-1;43;30,55,70;1;3;4;4;3;7;-1;-1;2;5;0;0;7;5;6;4;13;9;-1;-1;50;50;2;5;0;0;0;0;0;0;0;0;0;0;0;0;0;0;0;0;0;0;0;0;0;0;0;0;0;0;0;0;0;0;0;0;0;0;0;0;0;0;0;0;0;0;0;0;0;0;0;0;0;0;0;0;0;0;0;0;0;0;0;0;0;0;0;0;0;0;0;0;4;1;1;0;2;2;2;2019-04-27 19:00:00;2223;0;100;50;50;0;-1;1;-1;-1;-1;-1;-1;-1;0;0;2;5;0;7;1;0;0;0;0;1.77;1.22;2.99;0;0;0;0;0;0;1;1;0;0;-1;-1;0;0;-1;-1;-1;-1;-1;-1;-1;-1;-1;50;50;50;100;100;50;100;100;50;15;0;5;4.5;Colina;San Antonio Unido;1.83;0.92;3;1;2;1.33;50;50;50;0;0;100;100;100;2.22;1.51;3.73;1951;24;Y;Y;Y;Y;N;N;Y
557411;2237;2198;2019;complete;4494;4;-1;66;19,43,60;1;3;4;4;2;6;-1;-1;3;0;0;0;9;6;8;5;17;11;-1;-1;50;50;3;0;0;0;0;0;0;0;0;0;0;0;0;0;0;0;0;0;0;0;0;0;0;0;0;0;0;0;0;0;0;0;0;0;0;0;0;0;0;0;0;0;0;0;0;0;0;0;0;0;0;0;0;0;0;0;0;0;0;0;0;0;0;0;0;0;0;0;0;0;4;0;2;1;1;2;2;2019-04-28 16:00:00;2198;0;100;0;0;0;-1;1;-1;-1;-1;-1;-1;-1;1;0;2;0;1;2;1;0;0;0;0;1.87;1.35;3.22;0;0;0;0;0;0;1;1;0;0;-1;-1;0;0;-1;-1;-1;-1;-1;-1;-1;-1;-1;0;0;0;100;100;0;100;100;0;10;0;6;2;Lautaro de Buin ;San Marcos;1.25;1.77;1;1;0.67;2;100;100;100;0;0;50;50;50;1.81;1.85;3.66;1951;25;Y;Y;Y;Y;N;N;Y
557412;2218;2204;2019;complete;4494;4;-1;;40,45,59;0;3;3;10;8;18;-1;-1;1;1;0;0;7;11;6;4;13;15;-1;-1;50;50;1;1;0;0;0;0;0;0;0;0;0;0;0;0;0;0;0;0;0;0;0;0;0;0;0;0;0;0;0;0;0;0;0;0;0;0;0;0;0;0;0;0;0;0;0;0;0;0;0;0;0;0;0;0;0;0;0;0;0;0;0;0;0;0;0;0;0;0;0;0;3;0;2;0;1;1;2;2019-04-28 19:30:00;2204;0;50;0;50;0;-1;1;-1;-1;-1;-1;-1;-1;0;0;1;1;0;2;1;0;0;0;0;1.59;1.98;3.58;0;0;0;0;0;0;1;1;0;0;-1;-1;0;0;-1;-1;-1;-1;-1;-1;-1;-1;-1;0;50;50;50;50;0;50;50;50;9;0;7;2;Colchagua;Iberia;1.42;1.17;3;1;2.33;0.67;100;50;50;50;50;100;100;50;1.4;1.44;2.84;1951;26;Y;Y;Y;N;N;N;N
557413;2236;2246;2019;complete;4494;4;-1;88;50;1;1;2;8;2;10;-1;-1;2;1;0;0;6;5;3;4;9;9;-1;-1;50;50;2;1;0;0;0;0;0;0;0;0;0;0;0;0;0;0;0;0;0;0;0;0;0;0;0;0;0;0;0;0;0;0;0;0;0;0;0;0;0;0;0;0;0;0;0;0;0;0;0;0;0;0;0;0;0;0;0;0;0;0;0;0;0;0;0;0;0;0;0;0;2;0;0;1;1;2;0;2019-04-28 20:00:00;-1;0;50;0;50;0;-1;1;-1;-1;-1;-1;-1;-1;0;0;2;1;0;3;1;0;0;0;0;1.37;1.2;2.58;1;0;1;0;0;0;1;1;0;0;-1;-1;0;0;-1;-1;-1;-1;-1;-1;-1;-1;-1;0;0;0;100;100;0;50;100;50;16;0;6;2;Fernández Vial;General Velásquez;1.54;0.75;1;0;0.5;0.67;100;100;100;0;0;100;100;100;1.1;2.42;3.52;1951;25;Y;Y;N;N;N;N;Y
557414;2219;2221;2019;complete;4494;4;-1;27,56;5;2;1;3;6;4;10;-1;-1;1;0;0;0;8;3;8;9;16;12;-1;-1;50;50;1;0;0;0;0;0;0;0;0;0;0;0;0;0;0;0;0;0;0;0;0;0;0;0;0;0;0;0;0;0;0;0;0;0;0;0;0;0;0;0;0;0;0;0;0;0;0;0;0;0;0;0;0;0;0;0;0;0;0;0;0;0;0;0;0;0;0;0;0;0;3;1;1;1;0;1;2;2019-04-28 20:00:00;2219;0;50;0;50;0;-1;1;-1;-1;-1;-1;-1;-1;0;0;1;0;0;1;1;0;0;0;0;1.84;1.18;3.02;0;0;0;0;0;0;1;1;0;1;-1;-1;0;0;-1;-1;-1;-1;-1;-1;-1;-1;-1;50;100;100;100;100;50;100;100;100;13;0;6;4.5;Independiente;Deportes Vallenar;1.67;0.77;0;0;0;2;50;0;0;0;0;100;100;50;1.29;1.78;3.07;1951;25;Y;Y;Y;N;N;N;Y
557415;2225;2237;2019;complete;4494;5;-1;7;67;1;1;2;6;5;11;-1;-1;2;2;0;1;8;7;4;2;12;9;-1;-1;50;50;2;4;0;0;0;0;0;0;0;0;0;0;0;0;0;0;0;0;0;0;0;0;0;0;0;0;0;0;0;0;0;0;0;0;0;0;0;0;0;0;0;0;0;0;0;0;0;0;0;0;0;0;0;0;0;0;0;0;0;0;0;0;0;0;0;0;0;0;0;0;2;1;0;0;1;1;1;2019-05-04 20:00:00;-1;0;75;0;25;0;-1;1;-1;-1;-1;-1;-1;-1;1;2;1;1;3;2;1;0;0;0;0;1.63;1.36;2.99;0;0;0;0;0;0;1;1;1;0;-1;-1;0;0;-1;-1;-1;-1;-1;-1;-1;-1;-1;0;0;25;100;100;0;75;100;50;7;0;6.5;2.25;Recoleta;Lautaro de Buin ;1.25;0.77;1;0.5;1.67;0.5;100;100;75;0;0;50;50;25;1.86;1.03;2.89;1951;25;Y;Y;N;N;N;N;Y
557416;2223;2218;2019;complete;4494;5;-1;;35,38,73,83;0;4;4;3;5;8;-1;-1;2;2;0;0;8;9;4;7;12;16;-1;-1;50;50;2;2;0;0;0;0;0;0;0;0;0;0;0;0;0;0;0;0;0;0;0;0;0;0;0;0;0;0;0;0;0;0;0;0;0;0;0;0;0;0;0;0;0;0;0;0;0;0;0;0;0;0;0;0;0;0;0;0;0;0;0;0;0;0;0;0;0;0;0;0;4;0;2;0;2;2;2;2019-05-04 20:00:00;2218;0;50;25;50;0;-1;1;-1;-1;-1;-1;-1;-1;2;1;0;1;3;1;1;0;0;0;0;1.71;2.06;3.77;0;0;0;0;0;0;1;1;0;0;-1;-1;0;0;-1;-1;-1;-1;-1;-1;-1;-1;-1;25;50;75;100;100;50;100;100;75;13;0;5;3.5;San Antonio Unido;Colchagua;1.62;1.79;1.5;2;1.75;1.75;75;50;25;0;0;100;75;75;1.29;1.58;2.87;1951;25;Y;Y;Y;Y;N;N;N
557417;2198;2236;2019;complete;4494;5;-1;48;;1;0;1;7;6;13;-1;-1;0;1;0;0;2;0;2;5;4;5;-1;-1;50;50;0;1;1.57;3.55;4.8;0;0;0;0;0;0;0;0;0;0;0;0;0;0;0;0;0;0;0;0;0;0;0;0;0;0;0;0;0;0;0;0;0;0;0;0;0;0;0;0;0;0;0;0;0;0;0;0;0;0;0;0;0;0;0;0;0;0;0;0;0;0;0;0;0;1;0;0;1;0;1;0;2019-05-05 20:00:00;2198;0;50;50;50;0;-1;1;-1;-1;-1;-1;-1;-1;0;0;0;1;0;1;1;0;0;0;0;0.76;0.68;1.43;0;0;0;0;0;0;1;1;0;0;-1;-1;0;0;-1;-1;-1;-1;-1;-1;-1;-1;-1;50;50;50;50;100;50;100;50;50;11;0;9;4;San Marcos;Fernández Vial;2.23;1.17;3;0;2.33;0.67;50;50;50;50;0;100;100;50;0.77;1.38;2.15;1951;25;Y;N;N;N;N;N;N
557418;2246;2242;2019;complete;4494;5;-1;21,23,57;44;3;1;4;1;3;4;-1;-1;1;1;0;0;7;13;8;5;15;18;-1;-1;50;50;1;1;2;3.2;3.15;1.03;1.27;1.91;3.25;0;8.75;3.3;1.8;1.28;1.09;1.74;1.95;0;0;0;0;0;0;0;0;0;0;0;0;0;0;0;0;0;0;0;0;0;0;0;0;0;0;0;0;0;0;0;0;0;0;0;0;0;0;0;0;0;0;0;0;0;0;0;0;0;0;0;0;0;4;2;1;1;0;1;3;2019-05-05 20:00:00;2246;0;50;25;50;0;-1;1;-1;-1;-1;-1;-1;-1;0;0;1;1;0;2;1;0;0;0;0;1.64;2.21;3.85;0;0;0;0;0;0;1;1;0;0;-1;-1;0;0;-1;-1;-1;-1;-1;-1;-1;-1;-1;0;25;50;50;75;25;50;75;50;9.5;0;4.5;2;General Velásquez;Colina;1.64;0.75;1;1.5;0.75;1.5;100;75;50;50;25;100;50;50;2.25;0.85;3.1;1951;24;Y;Y;Y;Y;N;N;Y
557419;2204;2219;2019;complete;4494;5;-1;60,77;63,87;2;2;4;7;5;12;-1;-1;3;4;0;0;7;6;7;2;14;8;-1;-1;50;50;3;4;1.67;3.7;3.95;0;0;0;0;0;0;0;0;0;0;0;0;0;0;0;0;0;0;0;0;0;0;0;0;0;0;0;0;0;0;0;0;0;0;0;0;0;0;0;0;0;0;0;0;0;0;0;0;0;0;0;0;0;0;0;0;0;0;0;0;0;0;0;0;0;4;0;0;2;2;4;0;2019-05-05 20:00:00;-1;0;0;0;0;0;-1;1;-1;-1;-1;-1;-1;-1;1;2;2;2;3;4;1;0;0;0;0;1.77;1.32;3.09;1;0;1;0;0;0;1;1;0;0;-1;-1;0;0;-1;-1;-1;-1;-1;-1;-1;-1;-1;0;0;0;0;75;0;50;25;0;10;0;5.5;0.75;Iberia;Independiente;1.14;0.77;0.5;0;1.25;1;100;100;100;100;25;75;50;0;1.29;0.38;1.67;1951;25;Y;Y;Y;Y;N;N;Y
557420;2242;2198;2019;complete;4494;6;-1;88;40,57;1;2;3;11;3;14;-1;-1;2;3;0;0;6;9;10;5;16;14;-1;-1;50;50;2;3;0;0;0;0;0;0;0;0;0;0;0;0;0;0;0;0;0;0;0;0;0;0;0;0;0;0;0;0;0;0;0;0;0;0;0;0;0;0;0;0;0;0;0;0;0;0;0;0;0;0;0;0;0;0;0;0;0;0;0;0;0;0;0;0;0;0;0;0;3;0;1;1;1;2;1;2019-05-11 20:00:00;2198;0;100;50;50;0;-1;1;-1;-1;-1;-1;-1;-1;0;0;2;3;0;5;1;0;0;0;0;1.64;1.69;3.33;0;0;0;0;0;0;1;1;0;0;-1;-1;0;0;-1;-1;-1;-1;-1;-1;-1;-1;-1;25;75;75;100;100;75;100;100;75;8.5;0;5.5;4.25;Colina;San Marcos;1.83;1.77;1.5;2;1.2;2.5;75;25;25;0;0;25;25;25;2;1.6;3.6;1951;24;Y;Y;Y;N;N;N;Y
557421;2221;2204;2019;complete;4494;6;-1;61,75;36;2;1;3;4;3;7;-1;-1;1;2;0;0;7;5;12;5;19;10;-1;-1;50;50;1;2;0;0;0;0;0;0;0;0;0;0;0;0;0;0;0;0;0;0;0;0;0;0;0;0;0;0;0;0;0;0;0;0;0;0;0;0;0;0;0;0;0;0;0;0;0;0;0;0;0;0;0;0;0;0;0;0;0;0;0;0;0;0;0;0;0;0;0;0;3;0;1;2;0;2;1;2019-05-11 22:00:00;2221;0;25;0;25;0;-1;1;-1;-1;-1;-1;-1;-1;0;1;1;1;1;2;1;0;0;0;0;2.25;1.26;3.52;0;0;0;0;0;0;1;1;0;0;-1;-1;0;0;-1;-1;-1;-1;-1;-1;-1;-1;-1;0;0;75;75;75;25;75;75;50;12;0;5;2.25;Deportes Vallenar;Iberia;2.38;1.17;3;2;1.5;1.2;100;100;25;25;25;100;100;50;1.74;1.71;3.45;1951;26;Y;Y;Y;N;N;N;Y
557422;2218;2225;2019;complete;4494;6;-1;18,38;89;2;1;3;1;7;8;-1;-1;5;3;1;0;6;11;5;8;11;19;-1;-1;50;50;6;3;0;0;0;0;0;0;0;0;0;0;0;0;0;0;0;0;0;0;0;0;0;0;0;0;0;0;0;0;0;0;0;0;0;0;0;0;0;0;0;0;0;0;0;0;0;0;0;0;0;0;0;0;0;0;0;0;0;0;0;0;0;0;0;0;0;0;0;0;3;2;0;0;1;1;2;2019-05-11 22:00:00;2218;0;50;0;50;0;-1;1;-1;-1;-1;-1;-1;-1;2;3;4;0;5;4;1;0;0;0;0;1.28;2.3;3.58;0;0;0;0;0;0;1;1;0;0;-1;-1;0;0;-1;-1;-1;-1;-1;-1;-1;-1;-1;0;25;75;75;75;25;75;75;50;11;0;5.5;2.5;Colchagua;Recoleta;1.42;1.36;1.5;2;2;1.5;100;75;25;25;25;75;50;25;1.5;1.2;2.7;1951;26;Y;Y;Y;N;N;N;Y
557423;2219;2246;2019;complete;4494;6;-1;47,73;56,67,72,78;2;4;6;2;5;7;-1;-1;3;0;0;0;5;14;9;11;14;25;-1;-1;50;50;3;0;0;0;0;0;0;0;0;0;0;0;0;0;0;0;0;0;0;0;0;0;0;0;0;0;0;0;0;0;0;0;0;0;0;0;0;0;0;0;0;0;0;0;0;0;0;0;0;0;0;0;0;0;0;0;0;0;0;0;0;0;0;0;0;0;0;0;0;0;6;0;0;2;4;6;0;2019-05-12 19:45:00;2246;0;50;25;25;0;-1;1;-1;-1;-1;-1;-1;-1;1;0;2;0;1;2;1;0;0;0;0;1.35;2.79;4.14;0;0;0;0;0;0;1;1;0;0;-1;-1;1;0;-1;-1;-1;-1;-1;-1;-1;-1;-1;25;25;50;100;100;50;75;100;50;10.5;0;3;3;Independiente;General Velásquez;1.67;0.75;1.5;0.5;1;1.2;75;75;50;0;0;100;100;50;1.57;1.81;3.38;1951;25;Y;Y;Y;Y;Y;Y;Y
557424;2236;2223;2019;complete;4494;6;-1;74;;1;0;1;7;3;10;-1;-1;3;3;0;1;6;0;11;6;17;6;-1;-1;50;50;3;5;2.25;3.15;2.75;0;0;0;0;0;0;0;0;0;0;0;0;0;0;0;0;0;0;0;0;0;0;0;0;0;0;0;0;0;0;0;0;0;0;0;0;0;0;0;0;0;0;0;0;0;0;0;0;0;0;0;0;0;0;0;0;0;0;0;0;0;0;0;0;0;1;0;0;1;0;1;0;2019-05-14 00:00:00;2236;0;100;25;50;0;-1;1;-1;-1;-1;-1;-1;-1;2;1;1;3;3;4;1;0;0;0;0;1.77;0.5;2.28;0;0;0;0;0;0;1;1;0;0;-1;-1;0;0;-1;-1;-1;-1;-1;-1;-1;-1;-1;0;25;25;100;100;25;50;100;75;14;0;5.5;2.5;Fernández Vial;San Antonio Unido;1.54;0.92;1;2;0.5;1.4;100;75;75;0;0;75;75;50;1.23;1.37;2.6;1951;25;Y;N;N;N;N;N;N
557425;2225;2236;2019;complete;4494;7;-1;;14;0;1;1;5;0;5;-1;-1;2;3;0;0;8;2;8;0;16;2;-1;-1;50;50;2;3;1.65;3.45;4.4;0;0;0;0;0;0;0;0;0;0;0;0;0;0;0;0;0;0;0;0;0;0;0;0;0;0;0;0;0;0;0;0;0;0;0;0;0;0;0;0;0;0;0;0;0;0;0;0;0;0;0;0;0;0;0;0;0;0;0;0;0;0;0;0;0;1;0;1;0;0;0;1;2019-05-19 19:00:00;2236;0;75;25;25;0;-1;1;-1;-1;-1;-1;-1;-1;0;2;2;1;2;3;1;0;0;0;0;1.89;0.45;2.33;0;0;0;0;0;0;1;1;0;0;-1;-1;0;0;-1;-1;-1;-1;-1;-1;-1;-1;-1;25;25;25;75;100;25;75;100;25;11.5;0;6;3;Recoleta;Fernández Vial;1.25;1.17;1;0;1.2;1;75;75;75;25;0;75;75;75;1.75;1.03;2.78;1951;25;Y;N;N;N;N;N;N
557426;2223;2219;2019;complete;4494;7;-1;;;0;0;0;7;4;11;-1;-1;1;2;0;0;7;8;7;4;14;12;-1;-1;50;50;1;2;1.91;3.35;3.35;0;0;0;0;0;0;0;0;0;0;0;0;0;0;0;0;0;0;0;0;0;0;0;0;0;0;0;0;0;0;0;0;0;0;0;0;0;0;0;0;0;0;0;0;0;0;0;0;0;0;0;0;0;0;0;0;0;0;0;0;0;0;0;0;0;0;0;0;0;0;0;0;2019-05-18 20:00:00;-1;0;42;0;42;0;-1;1;-1;-1;-1;-1;-1;-1;0;1;1;1;1;2;1;0;0;0;0;1.63;1.59;3.22;0;0;0;0;0;0;1;1;0;0;-1;-1;0;0;-1;-1;-1;-1;-1;-1;-1;-1;-1;0;42;59;75;100;17;75;75;59;10;0;6.5;2.75;San Antonio Unido;Independiente;1.62;0.77;1;0.5;1.17;0.8;100;59;42;25;0;84;67;42;1.43;0.85;2.28;1951;25;N;N;N;N;N;N;N
557427;2246;2221;2019;complete;4494;7;-1;55,61;8,35;2;2;4;11;2;13;-1;-1;1;2;0;0;12;10;7;4;19;14;-1;-1;50;50;1;2;1.59;3.9;4.2;0;0;0;0;0;0;0;0;0;0;0;0;0;0;0;0;0;0;0;0;0;0;0;0;0;0;0;0;0;0;0;0;0;0;0;0;0;0;0;0;0;0;0;0;0;0;0;0;0;0;0;0;0;0;0;0;0;0;0;0;0;0;0;0;0;4;0;2;2;0;2;2;2019-05-19 20:00:00;-1;0;84;59;42;0;-1;1;-1;-1;-1;-1;-1;-1;0;0;1;2;0;3;1;0;0;0;0;2.37;1.82;4.19;0;0;0;0;0;0;1;1;0;1;-1;-1;0;0;-1;-1;-1;-1;-1;-1;-1;-1;-1;0;59;84;84;84;59;84;84;42;9.5;0;4.33;3.09;General Velásquez;Deportes Vallenar;1.64;0.77;1.67;0;1.5;1.8;100;42;17;17;17;84;84;34;2.04;1.48;3.52;1951;26;Y;Y;Y;Y;N;N;Y
557428;2237;2242;2019;complete;4494;7;-1;2,35,83,90;12,82;4;2;6;6;7;13;-1;-1;1;1;0;2;11;5;5;4;16;9;-1;-1;50;50;1;4;2.25;3.35;2.6;0;0;0;0;0;0;0;0;0;0;0;0;0;0;0;0;0;0;0;0;0;0;0;0;0;0;0;0;0;0;0;0;0;0;0;0;0;0;0;0;0;0;0;0;0;0;0;0;0;0;0;0;0;0;0;0;0;0;0;0;0;0;0;0;0;6;2;1;2;1;3;3;2019-05-17 20:00:00;2237;0;84;17;42;0;-1;1;-1;-1;-1;-1;-1;-1;1;0;0;3;1;3;1;0;0;0;0;1.93;1.11;3.04;1;1;1;1;0;0;1;1;1;0;-1;-1;0;0;-1;-1;-1;-1;-1;-1;-1;-1;-1;0;42;59;84;100;42;84;100;42;8.5;0;3.83;2.84;Lautaro de Buin ;Colina;1.25;0.75;0.5;1;0.6;1;100;59;42;17;0;50;25;25;1.84;1.53;3.37;1951;24;Y;Y;Y;Y;Y;Y;Y
557429;2198;2218;2019;complete;4494;7;-1;13,34,89;30;3;1;4;6;6;12;-1;-1;1;1;0;0;4;3;7;2;11;5;-1;-1;50;50;1;1;1.8;3.35;3.7;0;0;0;0;0;0;0;0;0;0;0;0;0;0;0;0;0;0;0;0;0;0;0;0;0;0;0;0;0;0;0;0;0;0;0;0;0;0;0;0;0;0;0;0;0;0;0;0;0;0;0;0;0;0;0;0;0;0;0;0;0;0;0;0;0;4;2;1;1;0;1;3;2019-05-19 20:00:00;2198;0;17;17;17;0;-1;1;-1;-1;-1;-1;-1;-1;1;1;0;0;2;0;1;0;0;0;0;1.42;0.98;2.4;0;0;0;0;0;0;1;1;0;0;-1;-1;0;0;-1;-1;-1;-1;-1;-1;-1;-1;-1;17;50;50;50;100;50;75;75;50;12.33;0;3.17;2.67;San Marcos;Colchagua;2.23;1.79;3;2.33;2.6;2.17;84;50;50;50;0;84;84;59;0.77;1.74;2.51;1951;26;Y;Y;Y;Y;N;N;Y
557430;2242;2225;2019;complete;4494;8;-1;;10,23,40,44;0;4;4;2;2;4;-1;-1;1;1;1;0;4;8;6;3;10;11;-1;-1;50;50;3;1;2.25;3.1;2.8;1.03;1.28;1.91;3.3;0;8.5;3.25;1.77;1.27;1.08;1.71;2;0;0;0;0;0;0;0;0;0;0;0;0;0;0;0;0;0;0;0;0;0;0;0;0;0;0;0;0;0;0;0;0;0;0;0;0;0;0;0;0;0;0;0;0;0;0;0;0;0;0;0;0;0;4;0;4;0;0;0;4;2019-05-25 19:00:00;2225;0;84;34;50;0;-1;1;-1;-1;-1;-1;-1;-1;0;1;2;0;1;2;1;0;0;0;0;1.25;1.59;2.84;0;0;0;0;0;0;1;1;0;1;-1;-1;0;0;-1;-1;-1;-1;-1;-1;-1;-1;-1;17;34;84;84;84;50;84;84;67;12.66;0;6.67;3.34;Colina;Recoleta;1.83;1.36;1;1.33;0.86;1;84;67;17;17;17;50;34;34;1.88;1.56;3.44;1951;24;Y;Y;Y;Y;N;N;N
557431;2221;2198;2019;complete;4494;8;-1;72;11;1;1;2;4;5;9;-1;-1;1;2;0;0;4;5;11;5;15;10;-1;-1;50;50;1;2;2.35;3.15;2.6;0;0;0;0;0;0;0;0;0;0;0;0;0;0;0;0;0;0;0;0;0;0;0;0;0;0;0;0;0;0;0;0;0;0;0;0;0;0;0;0;0;0;0;0;0;0;0;0;0;0;0;0;0;0;0;0;0;0;0;0;0;0;0;0;0;2;0;1;1;0;1;1;2019-05-25 22:00:00;-1;0;84;0;50;0;-1;1;-1;-1;-1;-1;-1;-1;1;0;0;2;1;2;1;0;0;0;0;1.84;1.35;3.19;1;0;1;0;0;0;1;1;0;0;-1;-1;0;0;-1;-1;-1;-1;-1;-1;-1;-1;-1;0;17;84;100;100;17;100;100;84;7.5;0;4;3;Deportes Vallenar;San Marcos;2.38;1.77;3;2.33;1.67;2.67;100;84;17;0;0;42;42;17;2;1.63;3.63;1951;26;Y;Y;N;N;N;N;Y
557432;2218;2236;2019;complete;4494;8;-1;44;24,38;1;2;3;14;5;19;-1;-1;0;3;0;1;10;5;11;4;21;9;-1;-1;50;50;0;4;1.74;3.4;3.85;0;0;0;0;0;0;0;0;0;0;0;0;0;0;0;0;0;0;0;0;0;0;0;0;0;0;0;0;0;0;0;0;0;0;0;0;0;0;0;0;0;0;0;0;0;0;0;0;0;0;0;0;0;0;0;0;0;0;0;0;0;0;0;0;0;3;1;2;0;0;0;3;2019-05-25 22:00:00;2236;0;50;17;33;0;-1;1;-1;-1;-1;-1;-1;-1;0;0;0;4;0;4;1;0;0;0;0;2.33;1.12;3.45;0;0;0;0;0;0;1;1;0;0;-1;-1;0;0;-1;-1;-1;-1;-1;-1;-1;-1;-1;17;33;67;67;100;50;84;84;33;9.34;0;6.33;3.17;Colchagua;Fernández Vial;1.42;1.17;2;1;1.86;1.33;84;67;34;34;0;67;67;50;1.43;0.83;2.26;1951;25;Y;Y;Y;N;N;N;Y
557433;2204;2223;2019;complete;4494;8;-1;28;54;1;1;2;7;5;12;-1;-1;2;1;0;1;5;6;8;5;13;11;-1;-1;50;50;2;3;2.15;2.95;3.05;0;0;0;0;0;0;0;0;0;0;0;0;0;0;0;0;0;0;0;0;0;0;0;0;0;0;0;0;0;0;0;0;0;0;0;0;0;0;0;0;0;0;0;0;0;0;0;0;0;0;0;0;0;0;0;0;0;0;0;0;0;0;0;0;0;2;1;0;0;1;1;1;2019-05-26 20:00:00;-1;0;50;17;17;0;-1;1;-1;-1;-1;-1;-1;-1;1;0;1;2;1;3;1;0;0;0;0;1.56;1.47;3.03;0;0;0;0;0;0;1;1;0;0;-1;-1;0;0;-1;-1;-1;-1;-1;-1;-1;-1;-1;0;33;33;50;84;17;34;84;33;9;0;6;2;Iberia;San Antonio Unido;1.14;0.92;0.67;1.33;1;1.14;100;67;67;50;17;67;50;33;1.45;1.08;2.53;1951;25;Y;Y;N;N;N;N;Y
557434;2219;2237;2019;complete;4494;8;-1;44;67,90;1;2;3;5;9;14;-1;-1;0;0;1;0;7;9;6;6;13;15;-1;-1;50;50;2;0;2.35;3.25;2.5;0;0;0;0;0;0;0;0;0;0;0;0;0;0;0;0;0;0;0;0;0;0;0;0;0;0;0;0;0;0;0;0;0;0;0;0;0;0;0;0;0;0;0;0;0;0;0;0;0;0;0;0;0;0;0;0;0;0;0;0;0;0;0;0;0;3;1;0;0;2;2;1;2019-05-26 19:45:00;2237;0;67;17;33;0;-1;1;-1;-1;-1;-1;-1;-1;0;0;1;0;0;1;1;0;0;0;0;1.73;2.07;3.8;0;0;0;0;0;0;1;1;0;0;-1;-1;0;0;-1;-1;-1;-1;-1;-1;-1;-1;-1;34;34;67;100;100;34;67;100;67;9;0;5.67;3.5;Independiente;Lautaro de Buin ;1.67;0.77;1;0.67;0.83;1;67;67;34;0;0;84;84;50;1.49;1.14;2.63;1951;25;Y;Y;Y;N;N;N;Y
557435;2225;2219;2019;complete;4494;9;-1;12,13,23,60,63,77,80,89;;8;0;8;3;3;6;-1;-1;1;3;0;0;18;2;7;1;25;3;-1;-1;50;50;1;3;1.87;3.3;3.5;1.02;1.26;1.83;3.1;5.75;9;3.45;1.83;1.3;1.09;1.71;2;0;0;0;0;0;0;0;0;0;0;0;0;0;0;0;0;0;0;0;0;0;0;0;0;0;0;0;0;0;0;0;0;0;0;0;0;0;0;0;0;0;0;0;0;0;0;0;0;0;0;0;0;0;8;3;0;5;0;5;3;2019-06-02 19:00:00;2225;0;50;0;17;0;-1;1;-1;-1;-1;-1;-1;-1;0;3;1;0;3;1;1;0;0;0;0;3.15;0.47;3.63;0;0;0;0;0;0;1;1;0;0;-1;-1;0;1;-1;-1;-1;-1;-1;-1;-1;-1;-1;0;17;17;50;84;0;67;50;17;10;0;5.33;1.67;Recoleta;Independiente;1.25;0.77;0.67;0.67;1.29;0.71;100;84;84;50;17;67;67;50;1.79;1.1;2.89;1951;25;Y;Y;Y;Y;Y;Y;N
557436;2223;2221;2019;complete;4494;9;-1;37,65,68,80;50,90;4;2;6;6;5;11;-1;-1;2;2;0;0;13;10;8;5;21;15;-1;-1;50;50;2;2;2.4;3.15;2.55;1.03;1.29;1.95;3.4;6.35;8.25;3.2;1.74;1.26;1.08;1.77;1.95;0;0;0;0;0;0;0;0;0;0;0;0;0;0;0;0;0;0;0;0;0;0;0;0;0;0;0;0;0;0;0;0;0;0;0;0;0;0;0;0;0;0;0;0;0;0;0;0;0;0;0;0;0;6;1;0;3;2;5;1;2019-06-02 16:00:00;2223;0;63;17;29;0;1;1;1;1;5;4;2;9;0;0;2;2;0;4;1;0;0;0;0;2.57;1.83;4.4;0;0;0;0;0;0;1;1;0;0;0;0;0;0;-1;-1;-1;-1;-1;-1;-1;-1;-1;0;46;75;88;88;46;88;88;59;9.08;0;4.5;2.96;San Antonio Unido;Deportes Vallenar;1.62;0.77;1;0.33;1.13;1.57;100;54;25;13;13;88;75;42;1.48;1.59;3.07;1951;25;Y;Y;Y;Y;Y;Y;Y
557437;2198;2246;2019;complete;4494;9;-1;71;;1;0;1;4;3;7;-1;-1;2;1;0;1;2;2;1;2;3;4;-1;-1;50;50;2;3;1.43;4.2;5.45;1.01;1.17;1.57;2.45;4.25;11.25;4.35;2.2;1.48;1.17;1.74;1.95;0;0;0;0;1.12;1.17;2.62;0;0;0;0;0;0;0;0;0;0;0;0;0;0;0;0;0;0;0;0;0;0;0;0;0;0;0;0;0;0;0;0;0;0;0;0;0;0;0;0;0;0;0;0;0;0;1;0;0;1;0;1;0;2019-06-26 20:00:00;2198;0;43;13;20;0;1;1;2;0;2;3;2;5;1;0;1;2;1;3;1;46;48;112;120;0.68;0.76;1.44;0;0;0;0;0;0;1;1;0;0;1;0;0;0;-1;-1;-1;-1;-1;-1;-1;-1;-1;10;23;33;75;100;23;55;88;33;10.8;0;3.9;2.5;San Marcos;General Velásquez;2.23;0.75;3;0.8;2.6;1.3;90;78;68;25;0;68;68;45;1.3;1.76;3.06;1951;26;Y;N;N;N;N;N;N
557438;2237;2218;2019;complete;4494;9;-1;51,80;14,24,85,89;2;4;6;5;6;11;-1;-1;5;4;1;0;10;13;10;6;20;19;-1;-1;49;51;7;4;2.65;3.35;2.2;0;0;0;0;0;0;0;0;0;0;0;0;0;0;0;0;0;0;0;0;0;0;0;0;0;0;0;0;0;0;0;0;0;0;0;0;0;0;0;0;0;0;0;0;0;0;0;0;0;0;0;0;0;0;0;0;0;0;0;0;0;0;0;0;0;8;0;3;2;3;5;3;2019-06-19 19:00:00;2218;0;75;50;38;0;1;1;3;5;2;1;8;3;2;3;4;1;5;5;1;35;37;64;53;2.2;2.36;4.57;0;0;0;0;0;0;1;1;0;0;1;1;0;0;-1;-1;-1;-1;-1;-1;-1;-1;-1;38;88;88;100;100;88;100;88;63;11.75;0;3;4.38;Lautaro de Buin ;Colchagua;1.25;1.79;1.75;1.75;1.33;1.78;63;13;13;0;0;75;75;75;1.95;1.55;3.5;1951;25;Y;Y;Y;Y;Y;Y;Y
557439;2236;2204;2019;complete;4494;9;-1;;25;0;1;1;3;3;6;-1;-1;1;1;0;0;4;6;5;7;9;13;-1;-1;50;50;1;1;2.1;3.2;3;1.03;1.27;1.91;3.25;6.05;8.75;3.3;1.8;1.28;1.09;1.71;2;0;0;0;0;0;0;0;0;0;0;0;0;0;0;0;0;0;0;0;0;0;0;0;0;0;0;0;0;0;0;0;0;0;0;0;0;0;0;0;0;0;0;0;0;0;0;0;0;0;0;0;0;0;1;0;1;0;0;0;1;2019-06-02 22:00:00;2204;0;50;0;34;0;-1;1;-1;-1;-1;-1;-1;-1;1;0;0;1;1;1;1;0;0;0;0;1.16;1.52;2.68;0;0;0;0;0;0;1;1;0;0;-1;-1;0;0;-1;-1;-1;-1;-1;-1;-1;-1;-1;0;0;34;67;84;17;34;84;50;13.67;0;5.67;1.84;Fernández Vial;Iberia;1.54;1.17;1.67;1.33;1.57;1;100;100;67;33;17;84;84;50;1.41;1.56;2.97;1951;25;Y;N;N;N;N;N;N
557440;2221;2225;2019;complete;4494;10;-1;26,73;;2;0;2;3;3;6;-1;-1;2;1;0;0;4;0;2;8;6;8;-1;-1;50;50;2;1;2.1;3.4;2.85;0;0;1.65;0;0;0;0;2.2;0;0;0;0;0;0;0;0;1.4;1.3;1.67;0;0;0;0;0;0;0;0;0;0;0;0;0;0;0;0;0;0;0;0;0;0;0;0;0;0;0;0;0;0;0;0;0;0;0;0;0;0;0;0;0;0;0;0;0;0;2;1;0;1;0;1;1;2019-06-27 00:00:00;2221;0;60;10;20;0;1;1;1;2;2;1;3;3;0;0;2;1;0;3;1;51;59;95;87;1.04;0.94;1.97;0;0;0;0;0;0;1;1;0;0;1;1;0;0;-1;-1;-1;-1;-1;-1;-1;-1;-1;0;10;70;80;90;30;80;80;40;8.55;0;4.6;2.5;Deportes Vallenar;Recoleta;2.38;1.36;2.6;1.4;1.4;1.5;100;90;30;20;10;48;13;0;1.91;1.49;3.4;1951;26;Y;Y;N;N;N;N;N
557441;2218;2242;2019;complete;4494;10;-1;24,34;76;2;1;3;5;4;9;-1;-1;-1;-1;-1;-1;4;4;5;5;9;9;-1;-1;50;50;-1;-1;1.71;3.45;3.95;0;0;0;0;0;0;0;0;0;0;0;0;0;0;0;0;0;0;0;0;0;0;0;0;0;0;0;0;0;0;0;0;0;0;0;0;0;0;0;0;0;0;0;0;0;0;0;0;0;0;0;0;0;0;0;0;0;0;0;0;0;0;0;0;0;3;2;0;0;1;1;2;2019-06-08 22:00:00;2218;0;75;38;38;0;-1;-1;-1;-1;-1;-1;-1;-1;-1;-1;-1;-1;-1;-1;1;0;0;0;0;1.3;1.37;2.68;0;0;0;0;0;0;1;1;0;0;-1;-1;-1;-1;-1;-1;-1;-1;-1;-1;-1;-1;-1;13;38;88;88;100;63;88;88;38;11.67;0;4.25;3.38;Colchagua;Colina;1.42;0.75;1.5;0.75;1.63;0.75;88;63;13;13;0;71;54;42;1.65;1.39;3.04;1951;24;Y;Y;Y;N;N;N;Y
557442;2204;2198;2019;complete;4494;10;-1;68,82;6,37,73,79;2;4;6;10;7;17;-1;-1;2;3;0;1;8;8;9;3;17;11;-1;-1;50;50;2;4;2.45;3.15;2.45;0;0;0;0;0;0;0;0;0;0;0;0;0;0;0;0;0;0;0;0;0;0;0;0;0;0;0;0;0;0;0;0;0;0;0;0;0;0;0;0;0;0;0;0;0;0;0;0;0;0;0;0;0;0;0;0;0;0;0;0;0;0;0;0;0;6;0;2;2;2;4;2;2019-06-09 20:00:00;2198;0;75;0;38;0;-1;1;-1;-1;-1;-1;-1;-1;1;1;1;3;2;4;1;0;0;0;0;2.1;1.57;3.67;0;0;0;0;0;0;1;1;0;1;-1;-1;0;0;-1;-1;-1;-1;-1;-1;-1;-1;-1;0;25;38;75;88;13;63;88;38;8.5;0;4.75;2.25;Iberia;San Marcos;1.14;1.77;0.75;2;1.25;2.43;100;75;63;25;13;63;38;38;1.48;1.56;3.04;1951;26;Y;Y;Y;Y;Y;Y;Y
557443;2246;2237;2019;complete;4494;10;-1;83,90;15;2;1;3;2;4;6;-1;-1;3;2;0;0;6;10;3;5;9;15;-1;-1;50;50;3;2;1.8;3.4;3.7;0;0;0;0;0;0;0;0;0;0;0;0;0;0;0;0;0;0;0;0;0;0;0;0;0;0;0;0;0;0;0;0;0;0;0;0;0;0;0;0;0;0;0;0;0;0;0;0;0;0;0;0;0;0;0;0;0;0;0;0;0;0;0;0;0;3;0;1;2;0;2;1;2019-06-09 19:30:00;2246;0;75;25;25;0;-1;1;-1;-1;-1;-1;-1;-1;2;2;1;0;4;1;1;0;0;0;0;1.18;1.84;3.02;0;0;0;0;0;0;1;1;0;0;-1;-1;1;1;-1;-1;-1;-1;-1;-1;-1;-1;-1;0;38;63;88;88;38;75;88;63;11.25;0;4.75;2.75;General Velásquez;Lautaro de Buin ;1.64;0.77;1.5;1.25;1.43;1.29;100;63;38;13;13;88;88;75;2.12;1.37;3.49;1951;25;Y;Y;Y;N;N;N;Y
557444;2219;2236;2019;complete;4494;10;-1;52,85,86;;3;0;3;-1;-1;-1;-1;-1;2;2;0;1;-1;-1;-1;-1;-1;-1;-1;-1;-1;-1;2;3;0;0;0;0;0;0;0;0;0;0;0;0;0;0;0;0;0;0;0;0;0;0;0;0;0;0;0;0;0;0;0;0;0;0;0;0;0;0;0;0;0;0;0;0;0;0;0;0;0;0;0;0;0;0;0;0;0;0;0;0;0;0;0;0;0;0;0;0;3;0;0;3;0;3;0;2019-06-09 19:45:00;2219;0;63;38;25;0;-1;1;-1;-1;-1;-1;-1;-1;1;0;1;3;1;4;-1;0;0;0;0;0;0;0;0;0;0;0;0;0;1;1;0;0;-1;-1;1;0;-1;-1;-1;-1;-1;-1;-1;-1;-1;38;38;75;75;100;50;75;75;50;9.5;0;5.5;3.63;Independiente;Fernández Vial;1.67;1.17;0.75;1.5;0.63;1.38;63;63;25;25;0;75;75;63;1.55;0.91;2.46;1951;25;Y;Y;Y;N;N;N;N
557445;2242;2219;2019;complete;4494;11;-1;74,78,83;87;3;1;4;4;3;7;-1;-1;3;3;1;0;11;4;3;8;14;12;-1;-1;50;50;5;3;2.2;3.25;2.75;1;1.13;1.48;2.2;3.75;12.5;4.95;2.45;1.57;1.22;1.42;2.65;0;0;0;0;0;0;0;0;0;0;0;0;0;0;0;0;0;0;0;0;0;0;0;0;0;0;0;0;0;0;0;0;0;0;0;0;0;0;0;0;0;0;0;0;0;0;0;0;0;0;0;0;0;4;0;0;3;1;4;0;2019-06-15 19:00:00;2242;0;50;25;38;0;-1;1;-1;-1;-1;-1;-1;-1;1;1;3;2;2;5;1;0;0;0;0;1.86;1.27;3.13;0;0;0;0;0;0;1;1;0;0;-1;-1;0;0;-1;-1;-1;-1;-1;-1;-1;-1;-1;25;63;75;75;88;50;75;63;63;10.75;0;6;3.88;Colina;Independiente;1.83;0.77;0.75;0.5;0.67;0.89;75;38;25;25;13;63;63;50;1.72;0.94;2.66;1951;24;Y;Y;Y;Y;N;N;Y
557446;2237;2204;2019;complete;4494;11;-1;9,11,17,29;14,28;4;2;6;3;9;12;-1;-1;0;0;0;1;12;11;6;6;18;17;-1;-1;50;50;0;2;2.3;3.15;2.7;1.03;1.27;1.91;3.25;6.05;8.75;3.3;1.8;1.28;1.09;1.71;2;0;0;0;0;0;0;0;0;0;0;0;0;0;0;0;0;0;0;0;0;0;0;0;0;0;0;0;0;0;0;0;0;0;0;0;0;0;0;0;0;0;0;0;0;0;0;0;0;0;0;0;0;0;6;4;2;0;0;0;6;2019-06-16 19:30:00;2237;0;63;17;34;0;-1;1;-1;-1;-1;-1;-1;-1;0;0;0;1;0;1;1;0;0;0;0;2.18;2.05;4.23;0;0;0;0;0;0;1;1;1;0;-1;-1;0;0;-1;-1;-1;-1;-1;-1;-1;-1;-1;17;34;59;75;88;46;88;75;46;10.33;0;4.25;2.88;Lautaro de Buin ;Iberia;1.25;1.17;1.33;1.75;1.13;1.11;84;67;42;25;13;59;59;59;1.87;1.55;3.42;1951;25;Y;Y;Y;Y;Y;Y;Y
557447;2225;2246;2019;complete;4494;11;-1;30,36;52;2;1;3;1;7;8;-1;-1;6;5;0;0;3;6;7;5;10;11;-1;-1;50;50;6;5;1.8;3.35;3.75;1.02;1.24;1.8;3;5.45;9.25;3.55;1.91;1.33;1.11;1.71;2;0;0;0;0;0;0;0;0;0;0;0;0;0;0;0;0;0;0;0;0;0;0;0;0;0;0;0;0;0;0;0;0;0;0;0;0;0;0;0;0;0;0;0;0;0;0;0;0;0;0;0;0;0;3;2;0;0;1;1;2;2019-06-15 19:00:00;2225;0;59;0;34;0;-1;1;-1;-1;-1;-1;-1;-1;1;1;5;4;2;9;1;0;0;0;0;1.12;1.42;2.54;0;0;0;0;0;0;1;1;0;0;-1;-1;0;0;-1;-1;-1;-1;-1;-1;-1;-1;-1;29;29;29;88;100;13;67;88;46;8.92;0;3;3.29;Recoleta;General Velásquez;1.25;0.75;1.25;1.33;1.5;1.63;71;71;71;13;0;46;46;29;2.13;2.14;4.27;1951;26;Y;Y;Y;N;N;N;Y
557448;2223;2198;2019;complete;4494;11;-1;;6,37,59,84;0;4;4;5;3;8;-1;-1;2;1;0;0;7;9;4;4;11;13;-1;-1;50;50;2;1;2.6;3.2;2.35;1.02;1.26;1.87;3.15;5.85;9;3.4;1.83;1.3;1.09;1.69;2;0;0;0;0;0;0;0;0;0;0;0;0;0;0;0;0;0;0;0;0;0;0;0;0;0;0;0;0;0;0;0;0;0;0;0;0;0;0;0;0;0;0;0;0;0;0;0;0;0;0;0;0;0;4;0;2;0;2;2;2;2019-06-15 20:00:00;2198;0;70;0;50;0;-1;1;-1;-1;-1;-1;-1;-1;2;0;0;1;2;1;1;0;0;0;0;1.47;1.72;3.19;0;0;0;0;0;0;1;1;0;1;-1;-1;0;0;-1;-1;-1;-1;-1;-1;-1;-1;-1;20;40;60;90;90;30;90;90;60;9.2;0;5;3.2;San Antonio Unido;San Marcos;1.62;1.77;1.4;2.2;1.33;2.5;80;60;40;10;10;70;50;50;1.7;1.56;3.26;1951;25;Y;Y;Y;Y;N;N;N
557449;2236;2221;2019;complete;4494;11;-1;7,73;58;2;1;3;6;5;11;-1;-1;2;2;0;0;5;9;8;2;13;11;-1;-1;50;50;2;2;2;3.2;3.2;1.01;1.22;1.74;2.85;5.15;9.75;3.75;1.95;1.36;1.12;1.61;2.15;0;0;0;0;0;0;0;0;0;0;0;0;0;0;0;0;0;0;0;0;0;0;0;0;0;0;0;0;0;0;0;0;0;0;0;0;0;0;0;0;0;0;0;0;0;0;0;0;0;0;0;0;0;3;1;0;1;1;2;1;2019-06-16 20:00:00;2236;0;75;13;50;0;-1;1;-1;-1;-1;-1;-1;-1;1;1;1;1;2;2;1;0;0;0;0;1.46;1.7;3.16;0;0;0;0;0;0;1;1;1;0;-1;-1;0;0;-1;-1;-1;-1;-1;-1;-1;-1;-1;13;38;50;75;100;25;63;88;63;11.25;0;4.5;2.88;Fernández Vial;Deportes Vallenar;1.54;0.77;1.25;0.25;1.22;1.38;88;63;50;25;0;88;88;38;1.35;1.65;3;1951;25;Y;Y;Y;N;N;N;Y
579965;2242;2246;2019;complete;4494;12;-1;4,55;;2;0;2;5;8;13;-1;-1;2;2;0;1;7;2;8;7;15;9;-1;-1;39;61;2;4;2.25;3.3;2.6;1.01;1.19;1.65;2.65;4.7;10.5;4.05;2.1;1.42;1.14;1.56;2.25;0;0;0;0;0;0;0;0;0;0;0;0;0;0;0;0;0;0;0;0;0;0;0;0;0;0;0;0;0;0;0;0;0;0;0;0;0;0;0;0;0;0;0;0;0;0;0;0;0;0;0;0;0;2;1;0;1;0;1;1;2019-06-22 19:00:00;2242;0;78;20;55;0;1;1;2;2;3;6;4;9;0;2;2;1;2;3;1;29;36;54;60;1.64;0.97;2.61;0;0;0;0;0;0;1;1;1;0;1;0;0;0;-1;-1;-1;-1;-1;-1;-1;-1;-1;23;53;75;100;100;43;65;90;65;10.85;0;5.4;3.83;Colina;General Velásquez;1.83;0.75;1.2;1;0.9;1.44;78;48;25;0;0;45;45;33;1.75;1.96;3.71;1951;24;Y;Y;N;N;N;N;N
579966;2221;2223;2019;complete;4494;12;-1;55;;1;0;1;6;3;9;-1;-1;4;0;0;0;5;4;10;6;15;10;-1;-1;50;50;4;0;1.91;3.3;3.4;1.01;1.21;1.71;2.8;5.05;10;3.8;2;1.37;1.12;1.62;2.1;0;0;0;0;1.29;1.3;1.8;0;0;0;0;0;0;0;0;0;0;0;0;0;0;0;0;0;0;0;0;0;0;0;0;0;0;0;0;0;0;0;0;0;0;0;0;0;0;0;0;0;0;0;0;0;0;1;0;0;1;0;1;0;2019-06-22 22:00:00;2221;0;75;13;13;0;1;1;2;0;4;3;2;7;1;0;3;0;1;3;1;72;58;104;121;1.82;1.34;3.16;0;0;0;0;0;0;1;1;0;0;0;0;0;0;-1;-1;-1;-1;-1;-1;-1;-1;-1;0;13;50;88;100;13;88;100;50;9.08;0;4.75;2.5;Deportes Vallenar;San Antonio Unido;2.38;0.92;2.5;1.25;1.22;1.2;100;88;50;13;0;71;54;25;1.94;1.18;3.12;1951;25;Y;N;N;N;N;N;N
579967;2219;2225;2019;complete;4494;12;-1;45,90;2;2;1;3;3;1;4;-1;-1;5;1;0;0;6;4;3;6;9;10;-1;-1;54;46;5;1;3.2;3.25;2;1.02;1.22;1.74;2.85;5.25;9.75;3.7;1.95;1.35;1.12;1.65;2.1;0;0;0;0;1.8;1.33;1.3;0;0;0;0;0;0;0;0;0;0;0;0;0;0;0;0;0;0;0;0;0;0;0;0;0;0;0;0;0;0;0;0;0;0;0;0;0;0;0;0;0;0;0;0;0;0;3;1;1;1;0;1;2;2019-06-23 19:45:00;2219;0;55;10;23;0;1;1;3;1;0;0;4;0;1;0;4;1;1;5;1;48;35;59;53;1.33;1.16;2.49;0;0;0;0;0;0;1;1;0;1;0;0;0;0;-1;-1;-1;-1;-1;-1;-1;-1;-1;20;33;88;88;88;45;68;75;53;9.25;0;5;3.25;Independiente;Recoleta;1.67;1.36;1.2;1.75;0.8;1.67;80;68;13;13;13;50;38;25;1.55;1.57;3.12;1951;25;Y;Y;Y;N;N;N;Y
579968;2198;2237;2019;complete;4494;12;-1;50,70;;2;0;2;4;3;7;-1;-1;2;2;0;0;11;4;7;8;18;12;-1;-1;57;43;2;2;1.62;3.6;4.4;1.02;1.25;1.83;3.05;5.65;9;3.5;1.87;1.31;1.1;1.77;1.91;0;0;0;0;1.2;1.25;2.1;0;0;0;0;0;0;0;0;0;0;0;0;0;0;0;0;0;0;0;0;0;0;0;0;0;0;0;0;0;0;0;0;0;0;0;0;0;0;0;0;0;0;0;0;0;0;2;0;0;2;0;2;0;2019-06-23 20:00:00;2198;0;57;17;10;0;1;1;3;0;1;3;3;4;0;0;2;2;0;4;1;49;24;57;33;2.25;1.2;3.45;1;0;1;0;0;0;1;1;0;0;1;0;0;0;-1;-1;-1;-1;-1;-1;-1;-1;-1;0;17;47;67;100;17;74;84;40;10.53;0;3.93;2.3;San Marcos;Lautaro de Buin ;2.23;0.77;3;1;2.56;1.2;100;84;54;34;0;90;90;64;0.98;1.46;2.44;1951;25;Y;Y;N;N;N;N;N
579969;2204;2218;2019;complete;4494;12;-1;;;0;0;0;5;6;11;-1;-1;3;2;1;1;9;11;12;9;21;20;-1;-1;55;45;5;4;2.35;3.15;2.6;1.02;1.25;1.83;3.05;5.65;9;3.5;1.87;1.31;1.1;1.67;2.05;0;0;0;0;1.4;1.33;1.57;0;0;0;0;0;0;0;0;0;0;0;0;0;0;0;0;0;0;0;0;0;0;0;0;0;0;0;0;0;0;0;0;0;0;0;0;0;0;0;0;0;0;0;0;0;0;0;0;0;0;0;0;0;2019-06-23 20:00:00;-1;0;60;20;40;0;1;1;2;4;3;2;6;5;1;1;3;2;2;5;1;34;30;56;46;2.19;2.23;4.42;0;0;0;0;0;0;1;1;0;0;0;2;0;1;-1;-1;-1;-1;-1;-1;-1;-1;-1;30;70;70;80;90;60;70;90;60;12.8;0;4.4;3.8;Iberia;Colchagua;1.14;1.79;0.6;2;1;1.9;70;30;30;20;10;80;70;70;1.6;1.71;3.31;1951;26;N;N;N;N;N;N;N
579970;2225;2204;2019;complete;4494;13;-1;6,59;35,80;2;2;4;2;3;5;-1;-1;3;5;0;1;4;4;5;7;9;11;-1;-1;54;46;3;7;1.65;3.75;4.5;0;0;2.05;0;0;0;0;1.75;0;0;0;0;0;0;0;0;1.17;1.25;2.2;0;0;0;0;0;0;0;0;0;0;0;0;0;0;0;0;0;0;0;0;0;0;0;0;0;0;0;0;0;0;0;0;0;0;0;0;0;0;0;0;0;0;0;0;0;0;4;1;1;1;1;2;2;2019-06-30 19:00:00;-1;0;50;10;0;0;1;1;1;3;1;0;4;1;1;1;2;5;2;7;1;75;73;118;122;1.4;1.51;2.91;0;0;0;0;0;0;1;1;1;0;1;1;0;0;-1;-1;-1;-1;-1;-1;-1;-1;-1;20;20;50;70;90;40;90;60;20;9.4;0;5;2.9;Recoleta;Iberia;1.25;1.17;1.6;1.4;1.36;1;80;80;50;30;10;40;40;40;1.93;1.65;3.58;1951;26;Y;Y;Y;Y;N;N;Y
579971;2236;2242;2019;complete;4494;13;-1;65;;1;0;1;11;3;14;-1;-1;2;3;0;0;9;3;12;4;21;7;-1;-1;56;44;2;3;2.1;3.3;3.2;0;0;0;0;0;0;0;0;0;0;0;0;0;0;0;0;1.36;1.33;1.67;0;0;0;0;0;0;0;0;0;0;0;0;0;0;0;0;0;0;0;0;0;0;0;0;0;0;0;0;0;0;0;0;0;0;0;0;0;0;0;0;0;0;0;0;0;0;1;0;0;1;0;1;0;2019-06-29 22:00:00;2236;0;70;20;50;0;1;1;8;2;3;1;10;4;0;0;2;3;0;5;1;98;53;119;116;2.65;1.05;3.7;0;0;0;0;0;0;1;1;0;0;1;0;0;0;-1;-1;-1;-1;-1;-1;-1;-1;-1;10;20;50;70;100;30;60;90;50;11.1;0;4.4;2.6;Fernández Vial;Colina;1.54;0.75;1.6;0.6;1.4;1.09;90;80;50;30;0;78;53;33;1.37;1.39;2.76;1951;24;Y;N;N;N;N;N;N
579972;2237;2221;2019;complete;4494;13;-1;16,85;88;2;1;3;4;1;5;-1;-1;1;2;0;0;5;4;4;4;9;8;-1;-1;37;63;1;2;2.38;3.5;2.5;0;0;1.62;0;0;0;0;2.25;0;0;0;0;0;0;0;0;1.5;1.29;1.53;0;0;0;0;0;0;0;0;0;0;0;0;0;0;0;0;0;0;0;0;0;0;0;0;0;0;0;0;0;0;0;0;0;0;0;0;0;0;0;0;0;0;0;0;0;0;3;1;0;1;1;2;1;2019-07-01 20:00:00;2237;0;100;30;60;0;1;1;2;0;2;1;2;3;0;2;1;0;2;1;1;46;65;95;114;1.26;1.27;2.52;0;0;0;0;0;0;1;1;0;0;1;0;0;0;-1;-1;-1;-1;-1;-1;-1;-1;-1;40;70;90;100;100;60;100;90;70;9.4;0;4.6;4.6;Lautaro de Buin ;Deportes Vallenar;1.25;0.77;1.4;0.2;1.09;1.55;60;30;10;0;0;90;90;70;2;1.66;3.66;1951;25;Y;Y;Y;N;N;N;Y
579973;2218;2198;2019;complete;4494;13;-1;;81;0;1;1;7;4;11;-1;-1;2;5;1;0;2;4;8;8;10;12;-1;-1;51;49;4;5;2.38;3.4;2.7;0;0;1.8;0;0;0;0;2;0;0;0;0;0;0;0;0;1.44;1.3;1.53;0;0;0;0;0;0;0;0;0;0;0;0;0;0;0;0;0;0;0;0;0;0;0;0;0;0;0;0;0;0;0;0;0;0;0;0;0;0;0;0;0;0;0;0;0;0;1;0;0;0;1;1;0;2019-06-30 19:30:00;2198;0;82;10;35;0;1;1;0;3;7;1;3;8;1;3;2;2;4;4;1;30;35;41;45;0.98;1.28;2.26;0;0;0;0;0;0;1;1;0;0;0;0;0;0;-1;-1;-1;-1;-1;-1;-1;-1;-1;9;35;84;100;100;65;100;90;44;10.6;0;4.58;3.35;Colchagua;San Marcos;1.42;1.77;1.8;2.33;1.82;2.64;92;65;17;0;0;65;47;37;1.58;1.59;3.17;1951;26;Y;N;N;N;N;N;N
579974;2246;2219;2019;complete;4494;13;-1;53;36,61;1;2;3;4;5;9;-1;-1;1;1;0;0;11;6;3;4;14;10;-1;-1;54;46;1;1;1.67;4;4;0;0;1.8;0;0;0;0;2;0;0;0;0;0;0;0;0;1.22;1.22;2.1;0;0;0;0;0;0;0;0;0;0;0;0;0;0;0;0;0;0;0;0;0;0;0;0;0;0;0;0;0;0;0;0;0;0;0;0;0;0;0;0;0;0;0;0;0;0;3;0;1;1;1;2;1;2019-06-30 19:30:00;2219;0;60;20;30;0;1;1;1;1;3;4;2;7;1;1;0;0;2;0;1;34;29;54;44;1.89;1.26;3.15;0;0;0;0;0;0;1;1;0;0;0;1;0;0;-1;-1;-1;-1;-1;-1;-1;-1;-1;10;60;70;70;80;40;60;70;60;9.4;0;5.2;3.2;General Velásquez;Independiente;1.64;0.77;1.8;0.4;1.18;1;90;40;30;30;20;60;60;50;1.94;1.01;2.95;1951;25;Y;Y;Y;N;N;N;Y
579975;2242;2218;2019;complete;4494;14;-1;41,56;3,79;2;2;4;9;9;18;-1;-1;2;3;0;0;4;7;1;1;5;8;-1;-1;43;57;2;3;2.55;3.35;2.3;0;0;1.65;0;0;0;0;2.2;0;0;0;0;0;0;0;0;1.5;1.3;1.57;0;0;0;0;0;0;0;0;0;0;0;0;0;0;0;0;0;0;0;0;0;0;0;0;0;0;0;0;0;0;0;0;0;0;0;0;0;0;0;0;0;0;0;0;0;0;4;1;1;1;1;2;2;2019-07-06 19:00:00;-1;0;59;33;42;0;1;1;6;3;3;6;9;9;0;1;2;2;1;4;1;20;25;31;30;0.74;1.17;1.91;0;0;0;0;0;0;1;1;0;1;2;1;0;0;-1;-1;-1;-1;-1;-1;-1;-1;-1;25;75;83;92;92;67;83;83;67;12.17;0;5.5;4.09;Colina;Colchagua;1.83;1.79;1.5;1.83;1;1.67;75;25;17;9;9;67;67;67;1.73;1.8;3.53;1951;24;Y;Y;Y;Y;N;N;Y
579976;2223;2236;2019;complete;4494;14;-1;;;0;0;0;5;7;12;-1;-1;-1;-1;-1;-1;2;7;5;6;7;13;-1;-1;51;49;-1;-1;2.65;3.1;2.35;1.04;1.31;2;3.55;6.65;8;3.05;1.71;1.24;1.07;1.83;1.87;0;0;0;0;1.5;1.33;1.5;0;0;0;0;0;0;0;0;0;0;0;0;0;0;0;0;0;0;0;0;0;0;0;0;0;0;0;0;0;0;0;0;0;0;0;0;0;0;0;0;0;0;0;0;0;0;0;0;0;0;0;0;0;2019-07-06 20:00:00;-1;0;37;20;27;0;1;-1;3;2;2;5;5;7;-1;-1;-1;-1;-1;-1;1;60;71;133;117;1.03;1.83;2.86;0;0;0;0;0;0;1;1;0;0;1;0;-1;-1;-1;-1;-1;-1;-1;-1;-1;-1;-1;19;35;64;72;92;37;72;72;54;9.75;0;5.73;3.09;San Antonio Unido;Fernández Vial;1.62;1.17;1.17;1.2;1.09;1.55;82;65;37;29;9;71;63;63;1.66;0.91;2.57;1951;25;N;N;N;N;N;N;N
579977;2221;2246;2019;complete;4494;14;-1;45,90;30,73;2;2;4;3;2;5;-1;-1;2;2;1;2;5;4;11;3;16;7;-1;-1;50;50;4;6;1.95;3.3;3.3;1.02;1.24;1.8;3.05;5.55;9.25;3.55;1.87;1.32;1.1;1.69;2;0;0;0;0;1.3;1.3;1.73;0;0;0;0;0;0;0;0;0;0;0;0;0;0;0;0;0;0;0;0;0;0;0;0;0;0;0;0;0;0;0;0;0;0;0;0;0;0;0;0;0;0;0;0;0;0;4;1;1;1;1;2;2;2019-07-06 22:00:00;-1;0;50;0;25;0;1;1;2;1;1;1;3;2;1;2;2;2;3;4;1;83;23;120;86;1.96;0.9;2.86;0;0;0;0;0;0;1;1;0;0;0;0;0;1;-1;-1;-1;-1;-1;-1;-1;-1;-1;9;9;42;83;100;9;67;100;42;9.73;0;4.5;2.5;Deportes Vallenar;General Velásquez;2.38;0.75;2.67;0.67;1.42;1.08;92;92;59;17;0;55;35;17;1.74;1.59;3.33;1951;26;Y;Y;Y;Y;N;N;Y
579978;2219;2204;2019;complete;4494;14;-1;;;0;0;0;9;3;12;-1;-1;3;3;0;0;7;5;9;4;16;9;-1;-1;51;49;3;3;2.5;3.15;2.5;1.02;1.24;1.8;3;5.45;9.25;3.55;1.91;1.33;1.11;1.65;2.1;0;0;0;0;1.5;1.36;1.5;0;0;0;0;0;0;0;0;0;0;0;0;0;0;0;0;0;0;0;0;0;0;0;0;0;0;0;0;0;0;0;0;0;0;0;0;0;0;0;0;0;0;0;0;0;0;0;0;0;0;0;0;0;2019-07-07 19:45:00;-1;0;59;33;17;0;1;1;4;0;5;3;4;8;2;1;1;2;3;3;1;41;29;60;49;1.79;1.13;2.91;0;0;0;0;0;0;1;1;0;0;2;0;1;0;-1;-1;-1;-1;-1;-1;-1;-1;-1;25;33;84;84;92;50;75;75;50;9.73;0;5.5;3.33;Independiente;Iberia;1.67;1.17;1.5;1.33;1.17;1;75;67;17;17;9;55;55;45;1.51;1.63;3.14;1951;25;N;N;N;N;N;N;N
579979;2198;2225;2019;complete;4494;14;-1;65;56,73;1;2;3;4;3;7;-1;-1;2;2;0;0;3;3;3;0;6;3;-1;-1;50;50;2;2;2.1;3.35;3.1;1.02;1.24;1.8;3.05;5.55;9.25;3.55;1.87;1.32;1.1;1.67;2.05;0;0;0;0;1.14;1.36;2.1;0;0;0;0;0;0;0;0;0;0;0;0;0;0;0;0;0;0;0;0;0;0;0;0;0;0;0;0;0;0;0;0;0;0;0;0;0;0;0;0;0;0;0;0;0;0;3;0;0;1;2;3;0;2019-07-07 16:30:00;2225;0;35;19;9;0;1;1;1;3;3;0;4;3;0;0;2;2;0;4;1;43;50;89;95;0.91;0.77;1.68;0;1;0;1;0;0;1;1;0;0;0;0;0;0;-1;-1;-1;-1;-1;-1;-1;-1;-1;0;19;44;62;92;35;62;74;19;8.47;0;3.93;2.15;San Marcos;Recoleta;2.23;1.36;3;1.17;2.67;1.33;100;82;57;39;9;39;30;20;1.18;1.4;2.58;1951;26;Y;Y;Y;N;N;N;Y
579980;2225;2221;2019;complete;4494;15;-1;12,55;90;2;1;3;3;4;7;-1;-1;2;2;0;1;5;8;5;7;10;15;-1;-1;49;51;2;4;1.22;5.85;10.5;1.01;1.16;1.54;2.4;4.15;12.5;4.7;2.35;1.53;1.2;2.15;1.62;0;0;0;0;1.12;1.2;2.38;0;0;0;0;0;0;0;0;0;0;0;0;0;0;0;0;0;0;0;0;0;0;0;0;0;0;0;0;0;0;0;0;0;0;0;0;0;0;0;0;0;0;0;0;0;0;3;1;0;1;1;2;1;2019-07-13 19:00:00;2225;0;84;17;42;0;1;1;0;1;3;3;1;6;2;2;0;1;4;1;1;77;111;105;139;1.54;2.31;3.85;0;0;0;0;0;0;1;1;0;0;0;0;0;0;-1;-1;-1;-1;-1;-1;-1;-1;-1;17;42;75;92;100;42;100;92;58;7.33;0;4.83;3.58;Recoleta;Deportes Vallenar;1.25;0.77;1.5;0.17;1.46;1.38;83;59;25;9;0;50;50;34;1.84;1.6;3.44;1951;26;Y;Y;Y;N;N;N;Y
579981;2236;2198;2019;complete;4494;15;-1;20,66;;2;0;2;1;4;5;-1;-1;2;5;0;0;4;5;10;4;14;9;-1;-1;57;43;2;5;2.5;3.4;2.5;0;0;1.8;0;0;0;0;2;0;0;0;0;0;0;0;0;1.5;1.3;1.5;0;0;0;0;0;0;0;0;0;0;0;0;0;0;0;0;0;0;0;0;0;0;0;0;0;0;0;0;0;0;0;0;0;0;0;0;0;0;0;0;0;0;0;0;0;0;2;1;0;1;0;1;1;2019-07-13 22:00:00;2236;0;61;0;47;0;1;1;0;2;1;2;2;3;2;2;0;3;4;3;1;42;42;88;75;1.47;1.22;2.69;0;0;0;0;0;0;1;1;0;0;0;0;0;0;-1;-1;-1;-1;-1;-1;-1;-1;-1;7;22;37;68;100;22;60;92;54;11.33;0;5.04;2.41;Fernández Vial;San Marcos;1.54;1.77;1.83;2.43;1.5;2.46;93;79;63;32;0;70;63;47;1.58;1.54;3.12;1951;25;Y;Y;N;N;N;N;N
579982;2218;2219;2019;complete;4494;15;-1;10,22,37,45,74;24,71,90;5;3;8;10;10;20;-1;-1;0;2;0;0;11;6;5;11;16;17;-1;-1;47;53;0;2;1.73;3.5;4;0;0;1.6;0;0;0;0;2.3;0;0;0;0;0;0;0;0;1.2;1.25;1.91;0;0;0;0;0;0;0;0;0;0;0;0;0;0;0;0;0;0;0;0;0;0;0;0;0;0;0;0;0;0;0;0;0;0;0;0;0;0;0;0;0;0;0;0;0;0;8;4;1;1;2;3;5;2019-07-13 22:00:00;2218;0;59;9;34;0;1;1;8;5;2;5;13;7;0;1;0;1;1;1;1;32;38;41;52;2;1.76;3.75;0;1;0;1;0;0;1;1;1;0;1;2;0;0;-1;-1;-1;-1;-1;-1;-1;-1;-1;9;34;75;75;92;42;67;75;42;11.17;0;5.27;3.08;Colchagua;Independiente;1.42;0.77;1.5;0.83;1.62;1.15;92;67;25;25;9;75;59;42;1.48;1.05;2.53;1951;25;Y;Y;Y;Y;Y;Y;Y
579983;2246;2223;2019;complete;4494;15;-1;2,90;59;2;1;3;9;3;12;-1;-1;4;4;0;2;11;6;6;4;17;10;-1;-1;58;42;4;6;2;3.25;3.15;1.02;1.26;1.83;3.1;5.75;9;3.45;1.83;1.3;1.09;1.71;2;0;0;0;0;1.33;1.29;1.67;0;0;0;0;0;0;0;0;0;0;0;0;0;0;0;0;0;0;0;0;0;0;0;0;0;0;0;0;0;0;0;0;0;0;0;0;0;0;0;0;0;0;0;0;0;0;3;1;0;1;1;2;1;2019-07-14 19:30:00;2246;0;72;27;17;0;1;1;5;2;4;1;7;5;3;1;1;5;4;6;1;29;28;50;42;2.04;1.25;3.29;1;0;1;0;0;0;1;1;1;0;0;1;0;0;-1;-1;-1;-1;-1;-1;-1;-1;-1;0;35;52;72;92;35;72;92;44;9.23;0;4.6;2.5;General Velásquez;San Antonio Unido;1.64;0.92;1.5;1;1.08;1.08;100;65;49;29;9;74;55;45;1.93;1.21;3.14;1951;25;Y;Y;Y;N;N;N;Y
579984;2204;2237;2019;complete;4494;15;-1;58,89;;2;0;2;3;3;6;-1;-1;2;1;0;2;7;3;6;1;13;4;-1;-1;50;50;2;4;2.15;3.25;2.8;1.02;1.25;1.83;3.05;5.65;9;3.5;1.87;1.31;1.1;1.69;2.05;0;0;0;0;1.36;1.3;1.57;0;0;0;0;0;0;0;0;0;0;0;0;0;0;0;0;0;0;0;0;0;0;0;0;0;0;0;0;0;0;0;0;0;0;0;0;0;0;0;0;0;0;0;0;0;0;2;0;0;2;0;2;0;2019-07-14 20:00:00;2204;0;59;0;25;0;1;1;0;2;3;1;2;4;0;0;2;3;0;5;1;47;40;110;96;1.66;0.77;2.42;1;0;1;0;0;0;1;1;0;0;0;0;0;0;-1;-1;-1;-1;-1;-1;-1;-1;-1;9;17;42;75;84;9;50;84;58;10.66;0;5.33;2.34;Iberia;Lautaro de Buin ;1.14;0.77;0.67;0.83;1;1.25;92;84;59;25;17;75;67;59;1.7;1.42;3.12;1951;25;Y;Y;N;N;N;N;N
579985;2223;2204;2019;complete;4494;16;-1;14,62,83;30;3;1;4;6;10;16;-1;-1;3;2;0;1;4;7;4;2;8;9;-1;-1;50;50;3;4;2.35;3.15;2.65;0;0;0;0;0;0;0;0;0;0;0;0;0;0;0;0;0;0;0;0;0;0;0;0;0;0;0;0;0;0;0;0;0;0;0;0;0;0;0;0;0;0;0;0;0;0;0;0;0;0;0;0;0;0;0;0;0;0;0;0;0;0;0;0;0;4;1;1;2;0;2;2;2019-07-20 20:00:00;2223;0;36;15;22;0;1;1;4;5;2;5;9;7;1;1;2;2;2;4;1;46;75;102;148;1.13;1.62;2.75;1;0;1;0;0;0;1;1;0;0;1;1;0;0;-1;-1;-1;-1;-1;-1;-1;-1;-1;14;36;57;64;71;36;71;57;43;10;0;5.33;2.57;San Antonio Unido;Iberia;1.62;1.17;1.14;1.29;1;1.14;86;64;43;36;29;64;57;57;1.57;1.56;3.13;1951;25;Y;Y;Y;Y;N;N;Y
579986;2221;2218;2019;complete;4494;16;-1;33;;1;0;1;4;2;6;-1;-1;4;1;1;0;3;2;7;2;10;4;-1;-1;50;50;5;1;2.25;3.35;2.6;0;0;0;0;0;0;0;0;0;0;0;0;0;0;0;0;0;0;0;0;0;0;0;0;0;0;0;0;0;0;0;0;0;0;0;0;0;0;0;0;0;0;0;0;0;0;0;0;0;0;0;0;0;0;0;0;0;0;0;0;0;0;0;0;0;1;1;0;0;0;0;1;2019-07-20 22:00:00;2221;0;57;29;36;0;1;1;4;1;0;1;5;1;2;0;3;1;2;4;1;55;45;95;81;1.24;0.73;1.97;0;0;0;0;0;0;1;1;0;0;0;1;0;0;-1;-1;-1;-1;-1;-1;-1;-1;-1;15;50;72;86;93;50;86;93;64;11.17;0;4.72;3.36;Deportes Vallenar;Colchagua;2.38;1.79;2.43;1.71;1.29;1.71;86;50;29;14;7;68;52;43;1.77;1.71;3.48;1951;26;Y;N;N;N;N;N;N
579987;2237;2225;2019;complete;4494;16;-1;;50,62,73;0;3;3;6;5;11;-1;-1;4;0;0;0;3;7;10;6;13;13;-1;-1;47;53;4;0;2.45;3.3;2.45;1.01;1.21;1.71;2.8;5.05;10;3.8;2;1.37;1.12;1.61;2.15;0;0;0;0;1.5;1.29;1.44;0;0;0;0;0;0;0;0;0;0;0;0;0;0;0;0;0;0;0;0;0;0;0;0;0;0;0;0;0;0;0;0;0;0;0;0;0;0;0;0;0;0;0;0;0;0;3;0;0;0;3;3;0;2019-07-24 19:30:00;2225;0;79;24;48;0;1;1;3;5;3;0;8;3;2;0;2;0;2;2;1;69;90;128;110;1.54;1.96;3.5;0;0;0;0;0;0;1;1;0;0;1;2;0;0;-1;-1;-1;-1;-1;-1;-1;-1;-1;25;41;77;93;93;55;86;77;48;8.24;0;4.62;3.7;Lautaro de Buin ;Recoleta;1.25;1.36;1.67;1.43;1.15;1.57;75;60;23;7;7;41;34;34;1.88;1.31;3.19;1951;25;Y;Y;Y;N;N;N;N
579988;2219;2242;2019;complete;4494;16;-1;59,63;39;2;1;3;2;3;5;-1;-1;4;1;0;2;10;4;6;4;16;8;-1;-1;50;50;4;5;1.91;3.35;3.35;0;0;0;0;0;0;0;0;0;0;0;0;0;0;0;0;0;0;0;0;0;0;0;0;0;0;0;0;0;0;0;0;0;0;0;0;0;0;0;0;0;0;0;0;0;0;0;0;0;0;0;0;0;0;0;0;0;0;0;0;0;0;0;0;0;3;0;1;2;0;2;1;2019-07-21 19:45:00;2219;0;62;31;24;0;1;1;1;1;1;2;2;3;2;1;2;2;3;4;1;41;28;55;51;2;0.99;2.98;0;0;0;0;0;0;1;1;0;0;0;0;0;0;-1;-1;-1;-1;-1;-1;-1;-1;-1;23;31;77;77;93;47;62;93;45;9.37;0;4.77;3.15;Independiente;Colina;1.67;0.75;1.43;0.5;1.07;1;77;69;24;24;7;74;54;45;1.56;1.32;2.88;1951;24;Y;Y;Y;N;N;N;Y
579989;2246;2236;2019;complete;4494;16;-1;28,56,73,76;79;4;1;5;3;5;8;-1;-1;3;2;0;0;10;6;4;5;14;11;-1;-1;47;53;3;2;2.05;3.15;3.1;0;0;0;0;0;0;0;0;0;0;0;0;0;0;0;0;0;0;0;0;0;0;0;0;0;0;0;0;0;0;0;0;0;0;0;0;0;0;0;0;0;0;0;0;0;0;0;0;0;0;0;0;0;0;0;0;0;0;0;0;0;0;0;0;0;5;1;0;3;1;4;1;2019-07-21 19:30:00;2246;0;60;31;30;0;1;1;2;1;1;4;3;5;1;1;2;1;2;3;1;39;30;55;49;1.86;1.33;3.18;1;0;1;0;0;0;1;1;0;0;0;0;0;0;-1;-1;-1;-1;-1;-1;-1;-1;-1;9;30;68;68;85;38;68;68;52;10.63;0;5.69;2.75;General Velásquez;Fernández Vial;1.64;1.17;1.71;1.17;1.21;1.62;92;70;32;32;16;76;69;69;1.94;1.09;3.03;1951;25;Y;Y;Y;Y;Y;N;Y
579990;2242;2221;2019;complete;4494;17;-1;20;38,63;1;2;3;10;8;18;-1;-1;2;3;0;0;6;6;9;7;15;13;-1;-1;52;48;2;3;2.45;3.45;2.35;0;0;1.44;0;0;0;0;2.7;0;0;0;0;0;0;0;0;1.5;1.25;1.44;0;0;0;0;0;0;0;0;0;0;0;0;0;0;0;0;0;0;0;0;0;0;0;0;0;0;0;0;0;0;0;0;0;0;0;0;0;0;0;0;0;0;0;0;0;0;3;1;1;0;1;1;2;2019-07-27 19:00:00;2221;0;86;29;64;0;1;1;3;3;7;5;6;12;0;1;2;2;1;4;1;99;83;116;88;2.08;1.83;3.91;0;1;0;1;0;0;1;1;0;0;1;0;0;0;-1;-1;-1;-1;-1;-1;-1;-1;-1;14;57;93;100;100;43;93;93;79;10;0;5.29;3.86;Colina;Deportes Vallenar;1.83;0.77;1.43;0.14;0.93;1.4;86;43;7;0;0;64;64;50;1.59;1.7;3.29;1951;24;Y;Y;Y;N;N;N;Y
579991;2236;2219;2019;complete;4494;17;-1;89;90;1;1;2;10;2;12;-1;-1;1;4;0;1;9;6;17;8;26;14;-1;-1;60;40;1;6;1.75;3.5;4.2;0;0;2.05;0;0;0;0;1.75;0;0;0;0;0;0;0;0;1.2;1.25;1.91;0;0;0;0;0;0;0;0;0;0;0;0;0;0;0;0;0;0;0;0;0;0;0;0;0;0;0;0;0;0;0;0;0;0;0;0;0;0;0;0;0;0;0;0;0;0;2;0;0;1;1;2;0;2019-07-27 23:00:00;-1;0;50;7;50;0;1;1;6;1;4;1;7;5;1;2;0;3;3;3;1;106;68;113;84;3.02;1.79;4.81;0;0;0;0;0;0;1;1;0;0;1;1;0;0;-1;-1;-1;-1;-1;-1;-1;-1;-1;15;29;43;64;93;15;50;79;57;11.72;0;4.86;2.86;Fernández Vial;Independiente;1.54;0.77;2;0.71;1.5;1.2;86;72;58;36;7;71;64;43;1.57;1.15;2.72;1951;25;Y;Y;N;N;N;N;Y
579992;2218;2237;2019;complete;4494;17;-1;32;21,83;1;2;3;6;2;8;-1;-1;2;1;0;0;5;3;4;5;9;8;-1;-1;55;45;2;1;1.45;4;6;0;0;1.68;0;0;0;0;2.15;0;0;0;0;0;0;0;0;1.1;1.2;2.5;2;2.5;4.75;0;0;0;0;0;0;0;0;0;0;0;0;0;0;0;0;0;0;0;0;0;0;0;0;0;0;0;0;0;0;0;0;0;0;0;0;0;0;0;0;0;0;0;3;1;1;0;1;1;2;2019-07-28 19:30:00;2237;0;64;15;22;0;1;1;3;0;3;2;3;5;1;0;1;1;1;2;1;71;50;125;106;1.44;1.09;2.53;0;0;0;0;0;0;1;1;0;0;0;0;0;0;-1;-1;-1;-1;-1;-1;-1;-1;-1;7;15;65;93;100;36;72;93;58;11.71;0;4.88;3;Colchagua;Lautaro de Buin ;1.42;0.77;1.71;0.71;1.6;1.07;93;86;36;7;0;72;64;50;1.56;1.33;2.89;1951;25;Y;Y;Y;N;N;N;Y
579993;2204;2246;2019;complete;4494;17;-1;37;16;1;1;2;6;5;11;-1;-1;3;2;1;0;6;6;2;3;8;9;-1;-1;50;50;4;2;1.95;3.3;3.3;0;0;1.85;0;0;0;0;1.95;0;0;0;0;0;0;0;0;1.33;1.3;1.67;2.63;2.2;3.5;0;0;0;0;0;0;0;0;0;0;0;0;0;0;0;0;0;0;0;0;0;0;0;0;0;0;0;0;0;0;0;0;0;0;0;0;0;0;0;0;0;0;0;2;1;1;0;0;0;2;2019-07-28 20:00:00;-1;0;50;7;36;0;1;1;1;4;5;1;5;6;2;0;2;2;2;4;1;46;41;111;116;1.27;1.3;2.57;0;0;0;0;0;0;1;1;0;0;0;0;0;0;-1;-1;-1;-1;-1;-1;-1;-1;-1;14;29;36;72;86;22;43;86;43;10.29;0;5.71;2.5;Iberia;General Velásquez;1.14;0.75;1;0.71;1.07;1.33;86;71;64;29;15;57;50;43;1.69;1.5;3.19;1951;26;Y;Y;N;N;N;N;Y
579994;2198;2223;2019;complete;4494;17;-1;53,87;;2;0;2;5;0;5;-1;-1;1;3;0;1;5;2;1;4;6;6;-1;-1;50;50;1;5;1.5;3.8;6;0;0;1.9;0;0;0;0;1.9;0;0;0;0;0;0;0;0;1.06;1.22;2.75;2.05;2.25;5.5;0;0;0;0;0;0;0;0;0;0;0;0;0;0;0;0;0;0;0;0;0;0;0;0;0;0;0;0;0;0;0;0;0;0;0;0;0;0;0;0;0;0;0;2;0;0;2;0;2;0;2019-07-28 20:00:00;2198;0;50;17;17;0;-1;1;-1;-1;-1;-1;-1;-1;0;2;1;2;2;3;1;45;35;104;109;1.07;0.79;1.86;0;0;0;0;0;0;1;1;0;0;-1;-1;0;0;-1;-1;-1;-1;-1;-1;-1;-1;-1;0;17;33;59;100;17;50;92;33;8.84;0;4.84;2.09;San Marcos;San Antonio Unido;2.23;0.92;2.5;0.83;2.29;1.14;100;83;67;42;0;67;59;42;1.13;1.22;2.35;1951;25;Y;Y;N;N;N;N;N
579995;2225;2218;2019;complete;4494;18;-1;;28,90,90;0;3;3;6;3;9;-1;-1;0;2;0;0;10;10;5;4;15;14;-1;-1;52;48;0;2;1.91;3.5;3.15;1;1.13;1.47;2.2;3.7;12.5;5;2.45;1.59;1.23;1.44;2.55;0;0;0;0;1.3;1.25;1.73;0;0;0;0;0;0;0;0;0;0;0;0;0;0;0;0;0;0;0;0;0;0;0;0;0;0;0;0;0;0;0;0;0;0;0;0;0;0;0;0;0;0;0;0;0;0;3;0;1;0;2;2;1;2019-08-03 19:00:00;2218;0;61;26;34;0;1;1;1;3;5;0;4;5;0;2;0;0;2;0;1;32;28;57;56;1.87;1.78;3.65;0;0;0;0;0;0;1;1;0;0;0;0;0;1;-1;-1;-1;-1;-1;-1;-1;-1;-1;20;52;66;81;94;59;94;81;53;9.67;0;4.96;3.52;Recoleta;Colchagua;1.25;1.79;1.71;1.5;1.67;1.5;81;48;34;20;7;45;45;45;1.8;1.59;3.39;1951;26;Y;Y;Y;N;N;N;N
579996;2223;2242;2019;complete;4494;18;-1;21,49,61;;3;0;3;4;4;8;-1;-1;0;1;0;0;9;0;4;6;13;6;-1;-1;46;54;0;1;1.57;3.65;4.65;1.01;1.21;1.71;2.8;5.05;10;3.8;2;1.37;1.12;1.74;1.95;0;0;0;0;1.14;1.25;2;0;0;0;0;0;0;0;0;0;0;0;0;0;0;0;0;0;0;0;0;0;0;0;0;0;0;0;0;0;0;0;0;0;0;0;0;0;0;0;0;0;0;0;0;0;0;3;1;0;2;0;2;1;2019-08-03 20:00:00;2223;0;55;21;27;0;1;1;1;0;3;4;1;7;0;1;0;0;1;0;1;75;80;146;189;2;0.99;2.99;0;0;0;0;0;0;1;1;0;0;0;0;0;0;-1;-1;-1;-1;-1;-1;-1;-1;-1;14;40;67;73;88;41;73;88;53;9.13;0;5.1;2.94;San Antonio Unido;Colina;1.62;0.75;1.38;0.43;1.07;0.87;87;61;34;27;13;71;48;48;1.52;1.26;2.78;1951;24;Y;Y;Y;N;N;N;N
579997;2221;2236;2019;complete;4494;18;-1;45;;1;0;1;1;6;7;-1;-1;2;2;0;1;4;3;7;4;11;7;-1;-1;50;50;2;3;1.83;3.45;3.5;1.02;1.26;1.87;3.15;5.85;9;3.4;1.83;1.3;1.09;1.8;1.87;0;0;0;0;1.2;1.25;1.91;0;0;0;0;0;0;0;0;0;0;0;0;0;0;0;0;0;0;0;0;0;0;0;0;0;0;0;0;0;0;0;0;0;0;0;0;0;0;0;0;0;0;0;0;0;0;1;1;0;0;0;0;1;2019-08-03 22:00:00;2221;0;47;21;27;0;1;1;0;4;1;2;4;3;1;2;1;1;3;2;1;76;55;115;99;1.53;1.06;2.59;1;0;1;0;0;0;1;1;0;0;0;0;0;1;-1;-1;-1;-1;-1;-1;-1;-1;-1;15;21;54;66;93;21;73;73;47;9.31;0;5.8;2.62;Deportes Vallenar;Fernández Vial;2.38;1.17;2.5;1;1.5;1.47;86;80;47;34;7;55;41;34;1.7;1.13;2.83;1951;25;Y;N;N;N;N;N;N
579998;2237;2219;2019;complete;4494;18;-1;75;52,83;1;2;3;2;5;7;-1;-1;0;3;0;1;4;5;2;2;6;7;-1;-1;55;45;0;5;2.05;3.55;2.85;1;1.14;1.5;2.25;3.9;12;4.75;2.35;1.54;1.2;1.47;2.45;0;0;0;0;1.36;1.25;1.67;0;0;0;0;0;0;0;0;0;0;0;0;0;0;0;0;0;0;0;0;0;0;0;0;0;0;0;0;0;0;0;0;0;0;0;0;0;0;0;0;0;0;0;0;0;0;3;0;0;1;2;3;0;2019-08-03 21:00:00;2219;0;75;21;60;0;1;1;1;2;1;3;3;4;0;1;0;3;1;3;1;28;18;43;37;0.86;0.92;1.78;0;0;0;0;0;0;1;1;0;0;0;0;0;0;-1;-1;-1;-1;-1;-1;-1;-1;-1;34;54;75;88;94;41;68;81;73;9.74;0;5.57;4.16;Lautaro de Buin ;Independiente;1.25;0.77;1.43;0.75;1.2;1.19;66;47;26;13;7;73;67;61;1.83;1.23;3.06;1951;25;Y;Y;Y;N;N;N;Y
579999;2198;2204;2019;complete;4494;18;-1;13;51;1;1;2;4;2;6;-1;-1;2;4;1;0;5;2;6;1;11;3;-1;-1;50;50;3;4;1.4;3.8;7.5;0;0;1.98;0;0;0;0;1.83;0;0;0;0;0;0;0;0;1.07;1.22;2.5;2;2.25;6.5;0;0;0;0;0;0;0;0;0;0;0;0;0;0;0;0;0;0;0;0;0;0;0;0;0;0;0;0;0;0;0;0;0;0;0;0;0;0;0;0;0;0;0;2;1;0;0;1;1;1;2019-08-04 20:00:00;-1;0;40;26;14;0;1;1;2;1;2;1;3;3;1;0;2;4;1;6;1;48;38;101;100;1.4;0.62;2.02;0;0;0;0;0;0;1;1;0;0;0;0;1;0;-1;-1;-1;-1;-1;-1;-1;-1;-1;7;26;46;60;88;32;52;68;41;10.34;0;4.7;2.32;San Marcos;Iberia;2.23;1.17;2.57;1.13;2.33;1.06;94;75;55;41;13;53;53;46;1.12;1.56;2.68;1951;26;Y;Y;N;N;N;N;Y
580000;2242;2237;2019;complete;4494;19;-1;47,50,58,85;4,80;4;2;6;3;5;8;-1;-1;2;1;0;1;8;3;6;4;14;7;-1;-1;56;44;2;3;2.15;3.55;2.65;0;0;1.53;0;0;0;0;2.4;0;0;0;0;0;0;0;0;1.4;1.25;1.62;2.75;2.4;3;0;0;0;0;0;0;0;0;0;0;0;0;0;0;0;0;0;0;0;0;0;0;0;0;0;0;0;0;0;0;0;0;0;0;0;0;0;0;0;0;0;0;0;6;0;1;4;1;5;1;2019-08-10 19:00:00;2242;0;69;32;32;0;1;1;0;1;3;4;1;7;1;0;1;2;1;3;1;78;66;145;118;2.02;1.14;3.16;0;0;0;0;0;0;1;1;0;1;0;1;0;0;-1;-1;-1;-1;-1;-1;-1;-1;-1;7;32;69;100;100;38;76;94;69;10.75;0;5.38;3.19;Colina;Lautaro de Buin ;1.83;0.77;1.25;1;0.81;1.13;94;69;32;0;0;57;57;51;1.65;1.3;2.95;1951;24;Y;Y;Y;Y;Y;Y;Y
580001;2236;2225;2019;complete;4494;19;-1;71;25,55,58;1;3;4;4;5;9;-1;-1;3;0;1;0;2;4;4;3;6;7;-1;-1;52;48;4;0;2.2;2.9;3.2;0;0;2.2;0;0;0;0;1.65;0;0;0;0;0;0;0;0;1.33;1.36;1.57;2.88;2;3.75;0;0;0;0;0;0;0;0;0;0;0;0;0;0;0;0;0;0;0;0;0;0;0;0;0;0;0;0;0;0;0;0;0;0;0;0;0;0;0;0;0;0;0;4;0;1;1;2;3;1;2019-08-10 23:00:00;2225;0;50;7;38;0;1;1;2;3;2;2;5;4;0;0;4;0;0;4;1;64;50;118;116;1;1.1;2.09;0;0;0;0;0;0;1;1;0;0;0;1;0;0;-1;-1;-1;-1;-1;-1;-1;-1;-1;0;7;44;76;94;19;51;82;44;10.63;0;4.13;2.19;Fernández Vial;Recoleta;1.54;1.36;1.88;1.63;1.38;1.56;100;94;57;26;7;50;44;32;1.75;1.39;3.14;1951;25;Y;Y;Y;Y;N;N;Y
580002;2219;2223;2019;complete;4494;19;-1;45;;1;0;1;3;6;9;-1;-1;1;2;0;0;6;12;2;4;8;16;-1;-1;50;50;1;2;2.15;3.5;2.75;0;0;1.65;0;0;0;0;2.2;0;0;0;0;0;0;0;0;1.36;1.25;1.62;2.75;2.3;3.1;0;0;0;0;0;0;0;0;0;0;0;0;0;0;0;0;0;0;0;0;0;0;0;0;0;0;0;0;0;0;0;0;0;0;0;0;0;0;0;0;0;0;0;1;1;0;0;0;0;1;2019-08-11 19:45:00;2219;0;60;20;14;0;1;1;3;1;0;5;4;5;1;0;0;2;1;2;1;34;62;74;98;1.18;2.3;3.47;0;0;0;0;0;0;1;1;0;0;0;0;0;0;-1;-1;-1;-1;-1;-1;-1;-1;-1;13;20;59;80;94;26;60;94;53;8.28;0;6.18;2.7;Independiente;San Antonio Unido;1.67;0.92;1.63;0.71;1.29;1.19;88;81;42;21;7;64;57;43;1.62;1.16;2.78;1951;25;Y;N;N;N;N;N;N
580003;2246;2198;2019;complete;4494;19;-1;;;0;0;0;9;0;9;-1;-1;1;3;0;0;5;3;4;1;9;4;-1;-1;50;50;1;3;2.5;3.4;2.38;0;0;1.75;0;0;0;0;2.05;0;0;0;0;0;0;0;0;1.5;1.29;1.44;3;2.25;3;0;0;0;0;0;0;0;0;0;0;0;0;0;0;0;0;0;0;0;0;0;0;0;0;0;0;0;0;0;0;0;0;0;0;0;0;0;0;0;0;0;0;0;0;0;0;0;0;0;0;2019-08-11 19:30:00;-1;0;76;13;44;0;-1;1;-1;-1;-1;-1;-1;-1;0;1;1;2;1;3;1;72;27;116;71;1.45;0.67;2.12;0;0;0;0;0;0;1;1;0;0;-1;-1;0;0;-1;-1;-1;-1;-1;-1;-1;-1;-1;13;44;69;88;94;38;88;94;63;9.13;0;5.38;3.13;General Velásquez;San Marcos;1.64;1.77;1.88;2.13;1.31;2.25;88;57;32;13;7;57;44;44;1.93;1.5;3.43;1951;26;N;N;N;N;N;N;N
580004;2204;2221;2019;complete;4494;19;-1;81,90;61;2;1;3;7;6;13;-1;-1;0;0;0;1;5;4;3;4;8;8;-1;-1;50;50;0;2;2.3;3.4;2.7;0;0;2.05;0;0;0;0;1.75;0;0;0;0;0;0;0;0;1.4;1.29;1.53;3;2.1;3.4;0;0;0;0;0;0;0;0;0;0;0;0;0;0;0;0;0;0;0;0;0;0;0;0;0;0;0;0;0;0;0;0;0;0;0;0;0;0;0;0;0;0;0;3;0;0;2;1;3;0;2019-08-11 20:00:00;2204;0;75;19;44;0;1;1;2;4;5;2;6;7;0;0;0;1;0;1;1;49;44;97;99;1.22;1.11;2.33;0;0;0;0;0;0;1;1;0;0;0;1;0;0;-1;-1;-1;-1;-1;-1;-1;-1;-1;13;32;63;82;88;32;69;82;57;10;0;5.26;2.88;Iberia;Deportes Vallenar;1.14;0.77;1;0.5;1.06;1.59;88;69;38;19;13;75;69;57;1.64;1.72;3.36;1951;26;Y;Y;Y;N;N;N;Y
580007;2237;2236;2019;complete;4494;20;-1;;11,17,43,64;0;4;4;3;1;4;-1;-1;3;2;0;1;3;3;7;0;10;3;-1;-1;46;54;3;4;2.15;3.3;2.85;1.01;1.21;1.69;2.75;5;10;3.85;2;1.38;1.13;1.59;2.15;0;0;0;0;1.5;1.33;1.5;3.1;2.2;3.1;0;0;0;0;0;0;0;0;0;0;0;0;0;0;0;0;0;0;0;0;0;0;0;0;0;0;0;0;0;0;0;0;0;0;0;0;0;0;0;0;0;0;0;4;0;3;0;1;1;3;2019-08-17 19:30:00;2236;0;63;25;44;0;1;1;2;1;1;0;3;1;1;0;2;3;1;5;1;16;7;20;14;0.95;0.45;1.4;0;0;0;0;0;0;1;1;0;0;0;1;0;0;-1;-1;-1;-1;-1;-1;-1;-1;-1;32;38;69;75;94;38;69;69;57;9.79;0;5.39;3.51;Lautaro de Buin ;Fernández Vial;1.25;1.17;1.25;0.88;1.06;1.29;69;63;32;25;7;60;60;60;1.71;1.12;2.83;1951;25;Y;Y;Y;Y;N;N;N
681535;2225;2223;2019;complete;4494;20;-1;;35;0;1;1;3;4;7;-1;-1;1;0;0;0;5;6;10;7;15;13;-1;-1;54;46;1;0;1.53;3.8;5.5;0;0;1.8;0;0;0;0;2;0;0;0;0;0;0;0;0;1.11;1.22;2.25;2.1;2.3;4.75;0;0;0;0;0;0;0;0;0;0;0;0;0;0;0;0;0;0;0;0;0;0;0;0;0;0;0;0;0;0;0;0;0;0;0;0;0;0;0;0;0;0;0;1;0;1;0;0;0;1;2019-08-17 19:00:00;2223;0;57;13;19;0;1;1;2;1;1;3;3;4;0;0;1;0;0;1;1;89;73;147;131;1.95;1.78;3.72;0;0;0;0;0;0;1;1;0;0;0;0;0;0;-1;-1;-1;-1;-1;-1;-1;-1;-1;7;19;44;76;100;26;82;88;44;7.51;0;5.63;2.63;Recoleta;San Antonio Unido;1.25;0.92;1.5;0.63;1.65;1.12;94;82;57;26;0;50;32;26;1.81;1.3;3.11;1951;25;Y;N;N;N;N;N;N
681536;2221;2219;2019;complete;4494;20;-1;35;;1;0;1;4;2;6;-1;-1;2;3;0;0;12;5;11;12;23;17;-1;-1;50;50;2;3;1.75;3.4;4.33;0;0;1.73;0;0;0;0;2.08;0;0;0;0;0;0;0;0;1.17;1.29;1.91;2.3;2.3;4;0;0;0;0;0;0;0;0;0;0;0;0;0;0;0;0;0;0;0;0;0;0;0;0;0;0;0;0;0;0;0;0;0;0;0;0;0;0;0;0;0;0;0;1;1;0;0;0;0;1;2019-08-17 22:00:00;2221;0;56;11;45;0;1;1;2;1;2;1;3;3;0;2;2;1;2;3;1;76;54;109;115;2.83;1.82;4.65;0;0;0;0;0;0;1;1;0;0;0;0;0;0;-1;-1;-1;-1;-1;-1;-1;-1;-1;11;28;56;73;95;17;67;78;61;8.64;0;5.78;2.95;Deportes Vallenar;Independiente;2.38;0.77;2.56;1;1.5;1.39;89;73;45;28;6;53;35;22;1.68;1.19;2.87;1951;25;Y;N;N;N;N;N;N
681537;2218;2246;2019;complete;4494;20;-1;48,62;31,70;2;2;4;2;3;5;-1;-1;3;1;0;0;8;8;7;4;15;12;-1;-1;47;53;3;1;2;3.5;3.2;0;0;1.67;0;0;0;0;2.15;0;0;0;0;0;0;0;0;1.33;1.25;1.67;2.6;2.3;3.4;0;0;0;0;0;0;0;0;0;0;0;0;0;0;0;0;0;0;0;0;0;0;0;0;0;0;0;0;0;0;0;0;0;0;0;0;0;0;0;0;0;0;0;4;0;1;2;1;3;1;2019-08-18 19:30:00;-1;0;69;32;32;0;1;1;1;1;1;2;2;3;1;1;2;0;2;2;1;40;38;50;56;1.79;1.59;3.37;0;0;0;0;0;0;1;1;0;0;0;1;0;0;-1;-1;-1;-1;-1;-1;-1;-1;-1;13;25;63;88;100;57;76;88;32;11.88;0;5.02;3.13;Colchagua;General Velásquez;1.42;0.75;1.5;0.75;1.59;1.29;88;75;38;13;0;63;57;44;1.54;1.47;3.01;1951;26;Y;Y;Y;Y;N;N;Y
681538;2198;2242;2019;complete;4494;20;-1;;;0;0;0;3;3;6;-1;-1;1;2;0;1;0;0;2;2;2;2;-1;-1;50;50;1;3;1.3;5;8;0;0;1.7;0;0;0;0;2.1;0;0;0;0;0;0;0;0;1.06;1.14;3.4;1.73;2.5;7;0;0;0;0;0;0;0;0;0;0;0;0;0;0;0;0;0;0;0;0;0;0;0;0;0;0;0;0;0;0;0;0;0;0;0;0;0;0;0;0;0;0;0;0;0;0;0;0;0;0;2019-08-18 20:00:00;-1;0;51;19;19;0;1;1;3;1;0;2;4;2;0;2;1;1;2;2;1;22;19;32;53;0.29;0.27;0.56;0;0;0;0;0;0;1;1;0;0;1;0;0;1;-1;-1;-1;-1;-1;-1;-1;-1;-1;7;19;50;69;100;26;57;94;44;8.63;0;4.18;2.5;San Marcos;Colina;2.23;0.75;2.38;0.38;2.18;0.94;94;82;50;32;0;48;34;27;1.16;1.22;2.38;1951;24;N;N;N;N;N;N;N
681539;2223;2237;2019;complete;4494;21;-1;70;81;1;1;2;11;5;16;-1;-1;2;1;0;0;3;5;3;6;6;11;-1;-1;50;50;2;1;1.62;3.75;4.5;0;0;1.65;0;0;0;0;2.2;0;0;0;0;0;0;0;0;1.14;1.22;2.1;2.2;2.38;4.33;0;0;0;0;0;0;0;0;0;0;0;0;0;0;0;0;0;0;0;0;0;0;0;0;0;0;0;0;0;0;0;0;0;0;0;0;0;0;0;0;0;0;0;2;0;0;1;1;2;0;2019-08-24 19:30:00;-1;0;50;11;22;0;1;1;7;2;4;3;9;7;0;1;2;0;1;2;1;48;47;108;93;0.95;1.39;2.34;0;0;0;0;0;0;1;1;0;0;0;1;0;0;-1;-1;-1;-1;-1;-1;-1;-1;-1;11;28;62;89;89;22;73;89;73;9.33;0;4.69;2.89;San Antonio Unido;Lautaro de Buin ;1.62;0.77;1.56;0.89;1.22;1;89;73;39;11;11;56;50;45;1.57;1.28;2.85;1951;25;Y;Y;N;N;N;N;Y
681540;2242;2204;2019;complete;4494;21;-1;58;;1;0;1;9;9;18;-1;-1;2;2;0;0;9;9;6;6;15;15;-1;-1;47;53;2;2;2.4;3.2;2.6;0;0;1.75;0;0;0;0;2.05;0;0;0;0;0;0;0;0;1.44;1.33;1.5;3;2.25;3.1;0;0;0;0;0;0;0;0;0;0;0;0;0;0;0;0;0;0;0;0;0;0;0;0;0;0;0;0;0;0;0;0;0;0;0;0;0;0;0;0;0;0;0;1;0;0;1;0;1;0;2019-08-24 19:30:00;2242;0;67;39;34;0;1;1;6;3;3;6;9;9;0;0;2;2;0;4;1;37;35;68;53;1.84;1.82;3.66;0;0;0;0;0;0;1;1;0;0;0;0;0;0;-1;-1;-1;-1;-1;-1;-1;-1;-1;17;50;73;84;89;50;84;73;50;11.33;0;6;3.34;Colina;Iberia;1.83;1.17;1.44;1.11;0.94;1.17;84;50;28;17;11;56;56;56;1.69;1.46;3.15;1951;24;Y;N;N;N;N;N;N
681541;2246;2225;2019;complete;4494;21;-1;34,35,51;;3;0;3;0;9;9;-1;-1;2;3;1;0;8;4;5;11;13;15;-1;-1;44;56;4;3;2.5;3.2;2.5;0;0;1.73;0;0;0;0;2.08;0;0;0;0;0;0;0;0;1.44;1.33;1.44;3;2.25;3;0;0;0;0;0;0;0;0;0;0;0;0;0;0;0;0;0;0;0;0;0;0;0;0;0;0;0;0;0;0;0;0;0;0;0;0;0;0;0;0;0;0;0;4;2;0;1;1;2;2;2019-08-24 19:30:00;2246;0;67;17;39;0;-1;1;-1;-1;-1;-1;-1;-1;1;0;2;3;1;5;1;25;43;42;48;1.55;1.53;3.08;0;0;0;0;0;0;1;1;0;0;-1;-1;0;0;-1;-1;-1;-1;-1;-1;-1;-1;-1;6;33;78;84;84;33;73;78;56;9.45;0;4;2.84;General Velásquez;Recoleta;1.64;1.36;1.78;1.78;1.28;1.56;95;67;22;17;17;50;28;28;1.88;1.36;3.24;1951;26;Y;Y;Y;Y;N;N;Y
681542;2236;2218;2019;complete;4494;21;-1;24;17,64;1;2;3;11;2;13;-1;-1;3;2;0;0;10;6;7;7;17;13;-1;-1;56;44;3;2;2.38;3.25;2.63;0;0;1.62;0;0;0;0;2.25;0;0;0;0;0;0;0;0;1.4;1.3;1.5;2.88;2.3;3;0;0;0;0;0;0;0;0;0;0;0;0;0;0;0;0;0;0;0;0;0;0;0;0;0;0;0;0;0;0;0;0;0;0;0;0;0;0;0;0;0;0;0;3;1;1;0;1;1;2;2019-08-24 19:30:00;2218;0;50;17;45;0;1;1;4;1;7;1;5;8;3;0;0;2;3;2;1;44;35;60;62;2.08;1.49;3.57;0;0;0;0;0;0;1;1;0;0;1;1;1;0;-1;-1;-1;-1;-1;-1;-1;-1;-1;11;39;50;73;95;34;67;84;62;12.56;0;4.55;2.84;Fernández Vial;Colchagua;1.54;1.79;1.67;1.67;1.39;1.56;89;61;50;28;6;78;67;56;1.67;1.61;3.28;1951;25;Y;Y;Y;N;N;N;Y
681543;2219;2198;2019;complete;4494;21;-1;;17;0;1;1;9;8;17;-1;-1;3;3;0;0;2;8;5;8;7;16;-1;-1;50;50;3;3;2.9;3.4;2.1;0;0;1.8;0;0;0;0;2;0;0;0;0;0;0;0;0;1.62;1.29;1.36;3.4;2.25;2.75;0;0;0;0;0;0;0;0;0;0;0;0;0;0;0;0;0;0;0;0;0;0;0;0;0;0;0;0;0;0;0;0;0;0;0;0;0;0;0;0;0;0;0;1;0;1;0;0;0;1;2019-08-24 19:30:00;2198;0;56;11;22;0;1;1;3;6;6;2;9;8;0;0;3;3;0;6;1;50;49;95;83;0.95;1.92;2.87;0;0;0;0;0;0;1;1;0;0;1;1;0;0;-1;-1;-1;-1;-1;-1;-1;-1;-1;17;28;61;78;89;33;73;84;50;8.06;0;5.56;2.84;Independiente;San Marcos;1.67;1.77;1.78;2;1.32;2.11;84;73;39;22;11;60;42;36;1.56;1.41;2.97;1951;25;Y;N;N;N;N;N;N
688533;2198;2221;2019;complete;4494;22;-1;;90;0;1;1;5;8;13;-1;-1;3;1;0;0;0;2;3;2;3;4;-1;-1;50;50;3;1;1.62;3.75;4.5;0;0;1.95;0;0;0;0;1.85;0;0;0;0;0;0;0;0;1.14;1.22;2.1;2.25;2.2;4.75;0;0;0;0;0;0;0;0;0;0;0;0;0;0;0;0;0;0;0;0;0;0;0;0;0;0;0;0;0;0;0;0;0;0;0;0;0;0;0;0;0;0;0;1;0;0;0;1;1;0;2019-09-01 19:30:00;2221;0;67;17;39;0;1;1;2;2;3;6;4;9;2;1;1;0;3;1;1;38;55;94;106;0.48;0.8;1.29;0;0;0;0;0;0;1;1;0;0;0;0;0;0;-1;-1;-1;-1;-1;-1;-1;-1;-1;6;22;61;78;95;22;61;89;56;9.11;0;4;2.67;San Marcos;Deportes Vallenar;2.23;0.77;2.22;0.44;2.16;1.58;95;78;39;22;6;56;56;39;1.06;1.65;2.71;1951;26;Y;N;N;N;N;N;N
688534;2204;2236;2019;complete;4494;22;-1;34,75,86;84,90;3;2;5;5;4;9;-1;-1;1;1;0;0;6;5;4;9;10;14;-1;-1;50;50;1;1;2;3.25;3.25;0;0;2.05;0;0;0;0;1.75;0;0;0;0;0;0;0;0;1.3;1.3;1.67;2.75;2.1;3.6;0;0;0;0;0;0;0;0;0;0;0;0;0;0;0;0;0;0;0;0;0;0;0;0;0;0;0;0;0;0;0;0;0;0;0;0;0;0;0;0;0;0;0;5;1;0;2;2;4;1;2019-09-01 19:30:00;2204;0;45;17;28;0;1;1;1;1;4;3;2;7;0;1;1;0;1;1;1;47;58;111;139;1.4;1.67;3.07;0;0;0;0;0;0;1;1;0;0;0;1;0;0;-1;-1;-1;-1;-1;-1;-1;-1;-1;17;28;45;62;84;28;50;62;39;10.42;0;5.81;2.5;Iberia;Fernández Vial;1.14;1.17;1.22;1.11;1.11;1.32;84;73;56;39;17;64;59;59;1.59;1.04;2.63;1951;25;Y;Y;Y;Y;Y;N;Y
688535;2218;2223;2019;complete;4494;22;-1;37,85;16,47,79;2;3;5;7;10;17;-1;-1;0;1;0;0;5;12;9;4;14;16;-1;-1;49;51;0;1;1.85;3.5;3.4;0;0;1.67;0;0;0;0;2.15;0;0;0;0;0;0;0;0;1.29;1.25;1.8;2.5;2.3;3.6;0;0;0;0;0;0;0;0;0;0;0;0;0;0;0;0;0;0;0;0;0;0;0;0;0;0;0;0;0;0;0;0;0;0;0;0;0;0;0;0;0;0;0;5;1;1;1;2;3;2;2019-09-01 19:30:00;2223;0;61;22;22;0;1;1;3;6;4;4;9;8;0;0;0;1;0;1;1;37;32;54;50;1.49;2.07;3.56;1;0;1;0;0;0;1;1;0;0;0;1;0;0;-1;-1;-1;-1;-1;-1;-1;-1;-1;6;22;56;73;100;39;78;84;33;10.33;0;5.14;2.73;Colchagua;San Antonio Unido;1.42;0.92;1.44;0.89;1.63;1.21;95;78;45;28;0;67;50;39;1.57;1.35;2.92;1951;25;Y;Y;Y;Y;Y;N;Y
688536;2225;2242;2019;complete;4494;22;-1;;2,44;0;2;2;5;0;5;-1;-1;2;3;1;0;2;5;5;2;7;7;-1;-1;52;48;3;3;1.73;3.5;4;0;0;1.6;0;0;0;0;2.3;0;0;0;0;0;0;0;0;1.2;1.25;1.91;2.3;2.38;4;0;0;0;0;0;0;0;0;0;0;0;0;0;0;0;0;0;0;0;0;0;0;0;0;0;0;0;0;0;0;0;0;0;0;0;0;0;0;0;0;0;0;0;2;0;2;0;0;0;2;2019-09-01 19:30:00;2242;0;56;17;22;0;-1;1;-1;-1;-1;-1;-1;-1;3;1;0;2;4;2;1;44;41;68;64;0.9;1.09;1.99;0;0;0;0;0;0;1;1;0;1;-1;-1;0;0;-1;-1;-1;-1;-1;-1;-1;-1;-1;11;22;62;73;95;33;84;84;44;7.44;0;4.72;2.84;Recoleta;Colina;1.25;0.75;1.33;0.44;1.47;1.05;89;78;39;28;6;36;18;18;1.82;1.11;2.93;1951;24;Y;Y;N;N;N;N;N
688537;2237;2246;2019;complete;4494;22;-1;43;;1;0;1;5;2;7;-1;-1;1;1;0;0;7;6;6;6;13;12;-1;-1;47;53;1;1;2.4;3.25;2.6;0;0;1.65;0;0;0;0;2.2;0;0;0;0;0;0;0;0;1.44;1.3;1.5;2.88;2.3;3;0;0;0;0;0;0;0;0;0;0;0;0;0;0;0;0;0;0;0;0;0;0;0;0;0;0;0;0;0;0;0;0;0;0;0;0;0;0;0;0;0;0;0;1;1;0;0;0;0;1;2019-09-01 19:30:00;2237;0;73;22;50;0;1;1;2;0;3;2;2;5;1;1;0;0;2;0;1;31;25;44;43;1.53;1.35;2.88;0;0;0;0;0;0;1;1;0;0;0;0;0;0;-1;-1;-1;-1;-1;-1;-1;-1;-1;22;45;67;95;100;45;73;89;56;9;0;5;3.61;Lautaro de Buin ;General Velásquez;1.25;0.75;1.11;0.78;1;1.37;78;56;34;6;0;50;50;45;1.62;1.48;3.1;1951;25;Y;N;N;N;N;N;N
714569;2242;2237;2019;complete;52564;1;-1;65,73;80;2;1;3;6;5;11;-1;-1;2;3;0;0;9;8;3;4;12;12;-1;-1;59;41;2;3;2.05;3.6;3;0;0;1.67;0;0;0;0;2.15;0;0;0;0;0;0;0;0;1.33;1.25;1.67;2.62;2.38;3.2;0;0;0;0;0;0;0;0;0;0;0;0;0;0;0;0;0;0;0;0;0;0;0;0;0;0;0;0;0;0;0;0;0;0;0;0;0;0;0;0;0;0;0;3;0;0;2;1;3;0;2019-09-07 19:30:00;2242;0;70;25;40;0;1;1;1;1;5;4;2;9;0;1;2;2;1;4;1;33;28;59;48;1.62;1.51;3.14;1;1;1;1;0;0;1;1;0;0;0;0;0;0;-1;-1;-1;-1;-1;-1;-1;-1;-1;15;35;65;95;100;30;70;95;70;10.8;0;5.1;3.3;Colina;Lautaro de Buin ;1.83;0.77;1.6;0.9;1.15;1.1;85;65;35;5;0;55;55;50;1.71;1.29;3;1951;24;Y;Y;Y;N;N;N;Y
714570;2236;2219;2019;complete;52564;1;-1;43,47;60;2;1;3;5;5;10;-1;-1;2;3;1;1;6;3;3;3;9;6;-1;-1;48;52;3;4;1.75;3.5;4.2;0;0;1.85;0;0;0;0;1.95;0;0;0;0;0;0;0;0;1.2;1.25;1.91;2.3;2.25;4.33;0;0;0;0;0;0;0;0;0;0;0;0;0;0;0;0;0;0;0;0;0;0;0;0;0;0;0;0;0;0;0;0;0;0;0;0;0;0;0;0;0;0;0;3;1;0;1;1;2;1;2019-09-07 21:30:00;2236;0;60;10;55;0;1;1;2;4;3;1;6;4;1;0;2;4;1;6;1;53;49;115;127;1.38;0.96;2.35;0;0;0;0;0;0;1;1;0;0;0;0;1;0;-1;-1;-1;-1;-1;-1;-1;-1;-1;10;25;45;70;95;15;50;80;60;11.6;0;5.6;2.75;Fernández Vial;Independiente;1.54;0.77;1.5;0.9;1.25;1.25;90;75;55;30;5;70;60;45;1.71;1.26;2.97;1951;25;Y;Y;Y;N;N;N;Y
714571;2221;2218;2019;complete;52563;1;-1;65;38;1;1;2;7;3;10;-1;-1;1;0;1;0;7;5;10;5;17;10;-1;-1;50;50;3;0;2.1;3.4;3.1;0;0;1.75;0;0;0;0;2.05;0;0;0;0;0;0;0;0;1.36;1.3;1.67;2.75;2.25;3.25;0;0;0;0;0;0;0;0;0;0;0;0;0;0;0;0;0;0;0;0;0;0;0;0;0;0;0;0;0;0;0;0;0;0;0;0;0;0;0;0;0;0;0;2;0;1;1;0;1;1;2019-09-07 22:00:00;-1;0;45;25;25;0;1;1;5;3;2;0;8;2;1;0;1;0;1;1;1;66;53;117;109;2.04;1.37;3.41;0;0;0;0;0;0;1;1;0;0;0;0;0;0;-1;-1;-1;-1;-1;-1;-1;-1;-1;10;35;60;70;95;40;90;75;50;9.38;0;4.7;2.85;Deportes Vallenar;Colchagua;2.38;1.79;2.6;1.8;1.65;1.55;90;65;40;30;5;57;41;35;1.8;1.6;3.4;1951;26;Y;Y;N;N;N;N;Y
714572;2204;2198;2019;complete;52563;1;-1;40,90;13,45;2;2;4;6;11;17;-1;-1;1;1;1;1;6;5;0;7;6;12;-1;-1;50;50;3;3;2.5;3.15;2.5;1.05;1.38;2.2;4.15;7.75;7;2.75;1.57;1.18;1.04;1.95;1.74;0;0;0;0;1.44;1.33;1.44;3.25;2;3.25;0;0;0;0;0;0;0;0;0;0;0;0;0;0;0;0;0;0;0;0;0;0;0;0;0;0;0;0;0;0;0;0;0;0;0;0;0;0;0;0;0;0;0;4;1;2;1;0;1;3;2019-09-08 19:00:00;-1;0;55;5;35;0;1;1;1;9;5;2;10;7;0;1;2;1;1;3;1;47;51;108;97;1.15;1.48;2.63;0;0;0;0;0;0;1;1;0;0;0;2;0;0;-1;-1;-1;-1;-1;-1;-1;-1;-1;15;30;40;70;85;25;60;75;45;9.6;0;5.4;2.5;Iberia;San Marcos;1.14;1.77;1.4;2.1;1.2;2.05;85;70;60;30;15;70;50;50;1.58;1.46;3.04;1951;26;Y;Y;Y;Y;N;N;Y
714573;2246;2225;2019;complete;52563;1;-1;26,31;;2;0;2;2;3;5;-1;-1;1;2;0;0;8;3;8;8;16;11;-1;-1;48;52;1;2;2.1;3.3;2.9;1.02;1.22;1.74;2.85;5.25;9.75;3.7;1.95;1.35;1.12;1.62;2.1;0;0;0;0;1.36;1.3;1.67;2.75;2.2;3.4;0;0;0;0;0;0;0;0;0;0;0;0;0;0;0;0;0;0;0;0;0;0;0;0;0;0;0;0;0;0;0;0;0;0;0;0;0;0;0;0;0;0;0;2;2;0;0;0;0;2;2019-09-08 19:30:00;2246;0;70;15;45;0;1;1;1;1;1;2;2;3;0;1;1;1;1;2;1;39;42;62;60;1.84;1.2;3.05;0;0;0;0;0;0;1;1;0;0;0;0;0;0;-1;-1;-1;-1;-1;-1;-1;-1;-1;5;40;80;85;85;40;75;80;60;9.4;0;4.3;2.95;General Velásquez;Recoleta;1.64;1.36;1.9;1.6;1.3;1.4;95;60;20;15;15;55;25;25;1.85;1.37;3.22;1951;26;Y;Y;N;N;N;N;N
714575;2237;2236;2019;complete;52564;2;-1;29;50;1;1;2;8;2;10;-1;-1;1;1;2;0;5;7;6;3;11;10;-1;-1;46;54;5;1;2.63;3.4;2.38;0;0;1.7;0;0;0;0;2.1;0;0;0;0;0;0;0;0;1.5;1.29;1.4;3;2.3;2.88;0;0;0;0;0;0;0;0;0;0;0;0;0;0;0;0;0;0;0;0;0;0;0;0;0;0;0;0;0;0;0;0;0;0;0;0;0;0;0;0;0;0;0;2;1;0;0;1;1;1;2019-09-15 18:30:00;-1;0;55;20;40;0;1;1;4;1;4;1;5;5;0;0;3;1;0;4;1;87;98;122;139;1.68;1.84;3.52;0;1;0;1;0;0;1;1;0;0;0;1;0;0;-1;-1;-1;-1;-1;-1;-1;-1;-1;30;45;70;75;95;40;75;70;50;9.07;0;5.2;3.5;Lautaro de Buin ;Fernández Vial;1.25;1.17;1.3;1;1.05;1.33;70;55;30;25;5;53;47;47;1.61;1.11;2.72;1951;25;Y;Y;N;N;N;N;Y
714576;2198;2221;2019;complete;52563;2;-1;58,68;;2;0;2;5;4;9;-1;-1;4;2;1;0;3;0;3;4;6;4;-1;-1;50;50;5;2;1.7;3.5;4.5;0;0;2.2;0;0;0;0;1.65;0;0;0;0;0;0;0;0;1.14;1.25;2;2.38;2.1;4.5;0;0;0;0;0;0;0;0;0;0;0;0;0;0;0;0;0;0;0;0;0;0;0;0;0;0;0;0;0;0;0;0;0;0;0;0;0;0;0;0;0;0;0;2;0;0;2;0;2;0;2019-09-15 20:00:00;2198;0;60;15;35;0;1;1;4;2;1;2;6;3;1;1;4;1;2;5;1;52;41;107;99;0.98;0.56;1.54;0;0;0;0;0;0;1;1;0;0;0;0;0;0;-1;-1;-1;-1;-1;-1;-1;-1;-1;5;20;55;70;95;20;55;90;50;9.5;0;4;2.5;San Marcos;Deportes Vallenar;2.23;0.77;2;0.7;2;1.62;95;80;45;30;5;60;60;45;1;1.56;2.56;1951;26;Y;Y;N;N;N;N;N
714577;2218;2246;2019;complete;52563;2;-1;;;0;0;0;7;6;13;-1;-1;0;3;0;0;3;3;8;11;11;14;-1;-1;49;51;0;3;1.91;3.3;3.75;0;0;1.57;0;0;0;0;2.35;0;0;0;0;0;0;0;0;1.25;1.33;1.8;2.3;2.4;3.75;0;0;0;0;0;0;0;0;0;0;0;0;0;0;0;0;0;0;0;0;0;0;0;0;0;0;0;0;0;0;0;0;0;0;0;0;0;0;0;0;0;0;0;0;0;0;0;0;0;0;2019-09-15 19:00:00;-1;0;70;30;40;0;1;1;5;1;2;5;6;7;0;2;0;1;2;1;1;98;80;146;145;1.62;1.68;3.3;0;0;0;0;0;0;1;1;0;0;1;0;0;0;-1;-1;-1;-1;-1;-1;-1;-1;-1;15;35;65;85;100;50;80;85;40;10.9;0;4.5;3.2;Colchagua;General Velásquez;1.42;0.75;1.3;0.7;1.52;1.38;85;65;35;15;0;55;50;40;1.56;1.47;3.03;1951;26;N;N;N;N;N;N;N
714578;2219;2223;2019;complete;52564;2;-1;49;;1;0;1;2;4;6;-1;-1;3;2;0;0;5;11;9;5;14;16;-1;-1;45;55;3;2;2.45;3.5;2.5;0;0;1.85;0;0;0;0;1.95;0;0;0;0;0;0;0;0;1.5;1.29;1.53;3;2.25;3.1;0;0;0;0;0;0;0;0;0;0;0;0;0;0;0;0;0;0;0;0;0;0;0;0;0;0;0;0;0;0;0;0;0;0;0;0;0;0;0;0;0;0;0;1;0;0;1;0;1;0;2019-09-15 19:00:00;2219;0;50;20;15;0;1;1;2;1;0;3;3;3;1;1;2;1;2;3;1;50;60;108;106;1.6;2.21;3.81;0;0;0;0;0;0;1;1;0;0;0;1;0;1;-1;-1;-1;-1;-1;-1;-1;-1;-1;15;20;50;65;95;25;70;75;45;9.5;0;5.3;2.5;Independiente;San Antonio Unido;1.67;0.92;1.6;1.1;1.19;1.3;85;80;50;35;5;69;53;42;1.5;1.42;2.92;1951;25;Y;N;N;N;N;N;N
714579;2223;2237;2019;complete;52564;3;-1;68;;1;0;1;4;4;8;-1;-1;3;1;0;0;4;3;8;3;12;6;-1;-1;54;46;3;1;1.69;3.3;4.45;1.02;1.23;1.77;2.95;5.4;9.5;3.6;1.91;1.34;1.11;1.71;2;0;0;0;0;1.14;1.3;2.1;2.2;2.25;4.75;0;0;0;0;0;0;0;0;0;0;0;0;0;0;0;0;0;0;0;0;0;0;0;0;0;0;0;0;0;0;0;0;0;0;0;0;0;0;0;0;0;0;0;1;0;0;1;0;1;0;2019-09-28 20:00:00;2223;0;57;10;33;0;1;1;2;1;2;3;3;5;1;0;2;1;1;3;1;39;27;80;72;1.32;0.79;2.11;0;0;0;0;0;0;1;1;0;0;0;0;0;0;-1;-1;-1;-1;-1;-1;-1;-1;-1;10;25;58;90;90;20;63;90;76;10.05;0;4.56;2.81;San Antonio Unido;Lautaro de Buin ;1.62;0.77;1.5;0.82;1.24;1.05;91;76;43;10;10;63;58;53;1.51;1.31;2.82;1951;25;Y;N;N;N;N;N;N
714580;2236;2242;2019;complete;52564;3;-1;45;40;1;1;2;9;3;12;-1;-1;-1;-1;-1;-1;6;4;12;2;18;6;-1;-1;62;38;-1;-1;1.91;3.3;3.3;1.01;1.22;1.74;2.85;5.15;9.75;3.75;1.95;1.36;1.12;1.62;2.1;0;0;0;0;1.29;1.33;1.8;2.5;2.3;3.6;0;0;0;0;0;0;0;0;0;0;0;0;0;0;0;0;0;0;0;0;0;0;0;0;0;0;0;0;0;0;0;0;0;0;0;0;0;0;0;0;0;0;0;2;1;1;0;0;0;2;2019-09-28 21:00:00;-1;0;57;15;38;0;1;-1;3;1;6;2;4;8;-1;-1;-1;-1;-1;-1;1;55;27;97;71;1.95;0.86;2.81;0;0;0;0;0;0;1;1;0;0;1;0;-1;-1;-1;-1;-1;-1;-1;-1;-1;-1;-1;5;15;48;72;95;25;63;86;48;10.26;0;5.01;2.39;Fernández Vial;Colina;1.54;0.75;1.64;0.7;1.32;1.24;95;86;52;29;5;63;48;34;1.68;1.1;2.78;1951;24;Y;Y;N;N;N;N;Y
714581;2204;2218;2019;complete;52563;3;-1;40;58,89;1;2;3;5;4;9;-1;-1;0;2;0;0;7;5;6;8;13;13;-1;-1;50;50;0;2;2.35;3.1;2.65;1.02;1.22;1.74;2.85;5.25;9.75;3.7;1.95;1.35;1.12;1.61;2.15;0;0;0;0;1.4;1.33;1.53;2.88;2.25;3.1;0;0;0;0;0;0;0;0;0;0;0;0;0;0;0;0;0;0;0;0;0;0;0;0;0;0;0;0;0;0;0;0;0;0;0;0;0;0;0;0;0;0;0;3;1;0;0;2;2;1;2019-09-29 19:00:00;2218;0;60;27;32;0;1;1;1;3;4;1;4;5;0;1;0;1;1;1;1;54;43;114;128;1.71;1.5;3.2;0;0;0;0;0;0;1;1;0;0;0;2;0;1;-1;-1;-1;-1;-1;-1;-1;-1;-1;18;46;59;78;87;46;68;78;50;11;0;4.45;3.05;Iberia;Colchagua;1.14;1.79;1.36;1.73;1.27;1.5;82;55;41;23;14;82;69;64;1.54;1.58;3.12;1951;26;Y;Y;Y;N;N;N;Y
714582;2246;2221;2019;complete;52563;3;-1;;8;0;1;1;4;2;6;-1;-1;3;3;0;1;9;5;7;6;16;11;-1;-1;50;50;3;4;1.87;3.35;3.45;1.03;1.28;1.91;3.3;6.15;8.5;3.25;1.77;1.27;1.08;1.8;1.91;0;0;0;0;1.25;1.25;1.8;2.5;2.2;3.75;0;0;0;0;0;0;0;0;0;0;0;0;0;0;0;0;0;0;0;0;0;0;0;0;0;0;0;0;0;0;0;0;0;0;0;0;0;0;0;0;0;0;0;1;0;1;0;0;0;1;2019-09-29 19:30:00;2221;0;78;18;50;0;1;1;2;1;2;1;3;3;1;2;2;2;3;4;1;43;24;59;49;1.94;1.21;3.16;0;0;0;0;0;0;1;1;0;1;1;0;0;0;-1;-1;-1;-1;-1;-1;-1;-1;-1;9;36;78;87;91;36;78;87;69;9.64;0;4.45;3.05;General Velásquez;Deportes Vallenar;1.64;0.77;2;0.64;1.36;1.55;91;64;23;14;9;73;55;46;1.85;1.47;3.32;1951;26;Y;N;N;N;N;N;N
714583;2198;2225;2019;complete;52563;3;-1;49,58;;2;0;2;4;10;14;-1;-1;2;3;1;1;3;2;2;5;5;7;-1;-1;50;50;4;5;1.8;3.2;3.95;0;0;2;0;0;0;0;1.8;0;0;0;0;0;0;0;0;1.2;1.3;1.83;2.38;2.2;4.5;0;0;0;0;0;0;0;0;0;0;0;0;0;0;0;0;0;0;0;0;0;0;0;0;0;0;0;0;0;0;0;0;0;0;0;0;0;0;0;0;0;0;0;2;0;0;2;0;2;0;2019-10-01 00:00:00;2198;0;41;9;23;0;1;1;3;3;1;7;6;8;1;2;2;2;3;4;1;38;53;89;87;0.81;0.97;1.78;0;0;0;0;0;0;1;1;0;0;1;0;0;0;-1;-1;-1;-1;-1;-1;-1;-1;-1;0;18;46;73;91;27;50;78;41;8.82;0;4;2.28;San Marcos;Recoleta;2.23;1.36;2.09;1.45;2.05;1.27;100;82;55;27;9;41;23;18;1;1.36;2.36;1951;26;Y;Y;N;N;N;N;N
721315;2221;2204;2019;complete;52563;4;-1;;;0;0;0;2;4;6;-1;-1;-1;-1;-1;-1;3;3;6;10;9;13;-1;-1;50;50;-1;-1;1.8;3.25;4;0;0;1.95;0;0;0;0;1.85;0;0;0;0;0;0;0;0;1.2;1.3;1.83;2.4;2.2;4.33;0;0;0;0;0;0;0;0;0;0;0;0;0;0;0;0;0;0;0;0;0;0;0;0;0;0;0;0;0;0;0;0;0;0;0;0;0;0;0;0;0;0;0;0;0;0;0;0;0;0;2019-10-05 21:00:00;-1;0;50;18;18;0;1;-1;0;2;2;2;2;4;-1;-1;-1;-1;-1;-1;1;41;45;137;134;1.1;1.37;2.47;0;0;0;0;0;0;1;1;0;0;0;0;-1;-1;-1;-1;-1;-1;-1;-1;-1;-1;-1;5;18;46;64;91;23;82;69;36;9.46;0;5.73;2.27;Deportes Vallenar;Iberia;2.38;1.17;2.45;1.18;1.61;1.22;96;82;55;36;9;52;42;32;1.83;1.48;3.31;1951;26;N;N;N;N;N;N;N
721316;2242;2223;2019;complete;52564;4;-1;16,36,52;22,90;3;2;5;2;14;16;-1;-1;2;1;0;0;7;6;4;7;11;13;-1;-1;37;63;2;1;2;3.25;3.05;1.02;1.23;1.77;2.9;5.3;9.5;3.65;1.95;1.34;1.11;1.65;2.1;0;0;0;0;1.33;1.29;1.67;2.62;2.25;3.5;0;0;0;0;0;0;0;0;0;0;0;0;0;0;0;0;0;0;0;0;0;0;0;0;0;0;0;0;0;0;0;0;0;0;0;0;0;0;0;0;0;0;0;5;2;1;1;1;2;3;2019-10-06 18:30:00;2242;0;59;27;37;0;1;1;2;5;0;9;7;9;0;0;2;1;0;3;1;46;61;83;86;1.52;1.68;3.2;0;0;0;0;0;0;1;1;0;0;2;0;0;0;-1;-1;-1;-1;-1;-1;-1;-1;-1;14;37;55;73;100;32;69;87;50;10.81;0;5.28;2.91;Colina;San Antonio Unido;1.83;0.92;1.73;1;1.23;1.32;87;64;46;27;0;64;55;50;1.7;1.49;3.19;1951;24;Y;Y;Y;Y;Y;N;Y
721317;2237;2219;2019;complete;52564;4;-1;32;68;1;1;2;6;2;8;-1;-1;1;0;0;0;5;2;3;4;8;6;-1;-1;44;56;1;0;2.15;3.2;2.85;1.02;1.24;1.8;3.05;5.55;9.25;3.55;1.87;1.32;1.1;1.67;2.05;0;0;0;0;1.36;1.3;1.62;2.75;2.2;3.4;0;0;0;0;0;0;0;0;0;0;0;0;0;0;0;0;0;0;0;0;0;0;0;0;0;0;0;0;0;0;0;0;0;0;0;0;0;0;0;0;0;0;0;2;1;0;0;1;1;1;2019-10-06 20:00:00;-1;0;69;14;55;0;1;1;2;0;4;2;2;6;1;0;0;0;1;0;1;74;101;117;142;1.4;1.26;2.66;0;0;0;0;0;0;1;1;0;0;1;0;0;0;-1;-1;-1;-1;-1;-1;-1;-1;-1;23;41;69;82;96;32;69;78;64;9.37;0;5.72;3.59;Lautaro de Buin ;Independiente;1.25;0.77;1.27;0.82;1;1.27;78;60;32;18;5;60;55;41;1.62;1.23;2.85;1951;25;Y;Y;N;N;N;N;Y
721318;2218;2225;2019;complete;52563;4;-1;65,90;42;2;1;3;6;4;10;-1;-1;3;4;0;0;9;8;3;7;12;15;-1;-1;57;43;3;4;1.74;3.45;3.9;1.02;1.23;1.77;2.9;5.3;9.5;3.65;1.95;1.34;1.11;1.69;2;0;0;0;0;1.2;1.29;1.91;2.3;2.2;4.33;0;0;0;0;0;0;0;0;0;0;0;0;0;0;0;0;0;0;0;0;0;0;0;0;0;0;0;0;0;0;0;0;0;0;0;0;0;0;0;0;0;0;0;3;0;1;2;0;2;1;2019-10-06 19:00:00;2218;0;62;22;35;0;1;1;1;1;5;3;2;8;2;1;1;3;3;4;1;44;43;71;63;1.7;1.81;3.51;0;0;0;0;0;0;1;1;0;0;0;0;0;0;-1;-1;-1;-1;-1;-1;-1;-1;-1;9;31;75;87;92;53;75;79;43;11.3;0;3.97;3.06;Colchagua;Recoleta;1.42;1.36;1.27;1.33;1.57;1.22;91;70;26;13;9;58;41;36;1.57;1.33;2.9;1951;26;Y;Y;Y;N;N;N;Y
721319;2246;2198;2019;complete;52563;4;-1;;;0;0;0;6;2;8;-1;-1;2;3;0;1;9;6;7;1;16;7;-1;-1;52;48;2;4;2.5;3;2.55;1.04;1.32;2;3.6;6.8;8;3;1.69;1.23;1.06;1.8;1.91;0;0;0;0;1.44;1.3;1.44;3.2;2.1;3.2;0;0;0;0;0;0;0;0;0;0;0;0;0;0;0;0;0;0;0;0;0;0;0;0;0;0;0;0;0;0;0;0;0;0;0;0;0;0;0;0;0;0;0;0;0;0;0;0;0;0;2019-10-06 19:30:00;-1;0;61;13;35;0;1;1;1;2;5;0;3;5;1;3;1;1;4;2;1;45;26;74;44;1.96;1.05;3.01;0;0;0;0;0;0;1;1;0;0;0;0;0;0;-1;-1;-1;-1;-1;-1;-1;-1;-1;9;39;56;74;87;39;83;75;47;9.31;0;5.33;2.7;General Velásquez;San Marcos;1.64;1.77;1.83;2;1.3;2.09;92;61;44;26;13;61;39;39;1.85;1.46;3.31;1951;26;N;N;N;N;N;N;N
721320;2225;2221;2019;complete;52563;5;-1;8,16,55;59,82;3;2;5;2;8;10;-1;-1;6;0;1;0;6;7;2;7;8;14;-1;-1;33;67;7;0;2.15;3.05;3.05;1.04;1.33;2.05;3.65;6.85;7.75;3;1.69;1.23;1.06;1.8;1.87;0;0;0;0;1.36;1.33;1.67;2.88;2.1;3.5;0;0;0;0;0;0;0;0;0;0;0;0;0;0;0;0;0;0;0;0;0;0;0;0;0;0;0;0;0;0;0;0;0;0;0;0;0;0;0;0;0;0;0;5;2;0;1;2;3;2;2019-10-12 18:00:00;2225;0;65;13;39;0;1;1;0;7;2;1;7;3;3;0;4;0;3;4;1;0;0;0;0;1.2;1.78;2.98;0;1;0;1;0;0;1;1;1;0;0;2;0;0;-1;-1;-1;-1;-1;-1;-1;-1;-1;9;22;65;83;100;31;88;83;56;8.85;0;4.69;2.96;Recoleta;Deportes Vallenar;1.25;0.77;1.09;0.83;1.17;1.58;92;79;35;18;0;51;43;34;1.76;1.45;3.21;1951;26;Y;Y;Y;Y;Y;N;Y
721321;2223;2236;2019;complete;52564;5;-1;;90;0;1;1;4;4;8;-1;-1;1;3;0;1;0;2;6;3;6;5;-1;-1;50;50;1;4;2.3;3.1;2.75;0;0;2.1;0;0;0;0;1.7;0;0;0;0;0;0;0;0;1.5;1.33;1.5;3.2;2.1;3.2;0;0;0;0;0;0;0;0;0;0;0;0;0;0;0;0;0;0;0;0;0;0;0;0;0;0;0;0;0;0;0;0;0;0;0;0;0;0;0;0;0;0;0;1;0;0;0;1;1;0;2019-10-12 20:00:00;2236;0;41;14;27;0;-1;1;-1;-1;-1;-1;-1;-1;0;1;1;3;1;4;1;0;0;0;0;0.9;1.04;1.93;0;0;0;0;0;0;1;1;0;0;-1;-1;0;0;-1;-1;-1;-1;-1;-1;-1;-1;-1;18;36;55;69;87;27;69;73;50;9.85;0;5;2.78;San Antonio Unido;Fernández Vial;1.62;1.17;1.64;1;1.26;1.3;82;64;45;32;14;62;53;48;1.49;1.18;2.67;1951;25;Y;N;N;N;N;N;N
721322;2219;2242;2019;complete;52564;5;-1;76;43;1;1;2;6;4;10;-1;-1;3;1;0;0;5;7;6;6;11;13;-1;-1;50;50;3;1;2.15;3.5;2.7;1.01;1.18;1.62;2.55;4.55;10.75;4.2;2.1;1.43;1.15;1.56;2.25;0;0;0;0;1.36;1.3;1.67;2.75;2.3;3.2;0;0;0;0;0;0;0;0;0;0;0;0;0;0;0;0;0;0;0;0;0;0;0;0;0;0;0;0;0;0;0;0;0;0;0;0;0;0;0;0;0;0;0;2;0;1;1;0;1;1;2019-10-13 20:00:00;-1;0;50;23;14;0;1;1;2;2;4;2;4;6;1;0;2;1;1;3;1;44;34;65;69;1.36;1.55;2.91;0;0;0;0;0;0;1;1;0;0;0;0;0;0;-1;-1;-1;-1;-1;-1;-1;-1;-1;14;18;60;69;91;36;69;73;41;8.1;0;5.2;2.6;Independiente;Colina;1.67;0.75;1.73;0.73;1.26;1.3;87;82;41;32;9;55;40;35;1.51;1.08;2.59;1951;24;Y;Y;N;N;N;N;Y
721323;2204;2246;2019;complete;52563;5;-1;62,87;40,68;2;2;4;5;3;8;-1;-1;1;2;0;0;4;7;10;3;14;10;-1;-1;50;50;1;2;2.3;3;2.8;1.05;1.38;2.2;4.15;7.75;7;2.75;1.57;1.18;1.04;1.95;1.77;0;0;0;0;1.4;1.36;1.53;3.1;2;3.4;0;0;0;0;0;0;0;0;0;0;0;0;0;0;0;0;0;0;0;0;0;0;0;0;0;0;0;0;0;0;0;0;0;0;0;0;0;0;0;0;0;0;0;4;0;1;2;1;3;1;2019-10-13 19:00:00;-1;0;61;18;35;0;1;1;5;1;0;2;6;2;1;0;0;2;1;2;1;70;56;106;109;1.67;1.53;3.2;0;0;0;0;0;0;1;1;0;0;1;0;0;0;-1;-1;-1;-1;-1;-1;-1;-1;-1;13;30;43;74;87;26;57;74;43;10.13;0;4.8;2.56;Iberia;General Velásquez;1.14;0.75;1.25;0.73;1.21;1.29;87;70;57;26;13;64;52;47;1.55;1.49;3.04;1951;26;Y;Y;Y;Y;N;N;Y
721324;2198;2218;2019;complete;52563;5;-1;90;;1;0;1;6;7;13;-1;-1;2;1;0;0;4;3;4;3;8;6;-1;-1;50;50;2;1;1.87;3.25;3.5;1.03;1.28;1.91;3.3;6.15;8.5;3.25;1.77;1.27;1.08;1.8;1.91;0;0;0;0;1.22;1.29;1.8;2.4;2.2;4.33;0;0;0;0;0;0;0;0;0;0;0;0;0;0;0;0;0;0;0;0;0;0;0;0;0;0;0;0;0;0;0;0;0;0;0;0;0;0;0;0;0;0;0;1;0;0;1;0;1;0;2019-10-13 19:00:00;2198;0;42;21;17;0;1;1;3;3;3;4;6;7;1;1;1;0;2;1;1;53;49;103;99;1.18;0.95;2.13;0;0;0;0;0;0;1;1;0;0;1;0;0;0;-1;-1;-1;-1;-1;-1;-1;-1;-1;9;29;46;71;92;33;59;83;50;9.75;0;4.25;2.59;San Marcos;Colchagua;2.23;1.79;2.17;1.83;2.04;1.63;92;71;54;30;8;67;55;46;0.98;1.57;2.55;1951;26;Y;N;N;N;N;N;N
721325;2223;2219;2019;complete;52564;6;-1;37,55,68;19,50;3;2;5;2;4;6;-1;-1;1;2;1;1;7;4;3;5;10;9;-1;-1;50;50;2;4;2;3.2;3.25;1.04;1.31;2;3.55;6.7;8;3.05;1.71;1.24;1.07;1.87;1.83;0;0;0;0;1.17;1.36;1.73;2.38;2.1;5;0;0;0;0;0;0;0;0;0;0;0;0;0;0;0;0;0;0;0;0;0;0;0;0;0;0;0;0;0;0;0;0;0;0;0;0;0;0;0;0;0;0;0;5;1;1;2;1;3;2;2019-11-22 18:30:00;2223;0;50;8;42;0;1;1;0;3;2;1;3;3;0;0;2;3;0;5;1;0;0;0;0;1.74;1.48;3.22;0;0;0;0;0;0;1;1;0;0;0;0;0;0;-1;-1;-1;-1;-1;-1;-1;-1;-1;13;33;54;71;88;21;58;79;63;9.75;0;5.09;2.88;San Antonio Unido;Independiente;1.62;0.77;1.5;0.83;1.21;1.25;88;67;46;29;13;58;50;42;1.44;1.23;2.67;1951;25;Y;Y;Y;Y;Y;N;Y
721326;2236;2237;2019;complete;52564;6;-1;71;62;1;1;2;8;5;13;-1;-1;1;2;0;1;5;5;2;3;7;8;-1;-1;53;47;1;4;1.41;3.9;6.05;1.02;1.24;1.8;3.05;5.55;9.25;3.55;1.87;1.32;1.1;2;1.71;0;0;0;0;1.07;1.25;2.62;1.95;2.3;6;0;0;0;0;0;0;0;0;0;0;0;0;0;0;0;0;0;0;0;0;0;0;0;0;0;0;0;0;0;0;0;0;0;0;0;0;0;0;0;0;0;0;0;2;0;0;1;1;2;0;2019-10-19 20:00:00;-1;0;67;13;42;0;1;1;2;4;6;1;6;7;0;1;1;2;1;3;1;39;29;73;75;1.08;1.07;2.15;0;0;0;0;0;0;1;1;0;0;0;1;0;0;-1;-1;-1;-1;-1;-1;-1;-1;-1;4;8;42;84;100;13;54;92;63;11.42;0;4.78;2.42;Fernández Vial;Lautaro de Buin ;1.54;0.77;1.58;0.75;1.38;1;96;92;59;17;0;67;63;46;1.7;1.27;2.97;1951;25;Y;Y;N;N;N;N;Y
721327;2221;2198;2019;complete;52563;6;-1;2,13;90;2;1;3;2;10;12;-1;-1;1;2;0;0;7;9;4;8;11;17;-1;-1;50;50;1;2;2.7;3.1;2.5;0;0;2.35;0;0;0;0;1.57;0;0;0;0;0;0;0;0;1.5;1.36;1.44;3.4;2;3.25;0;0;0;0;0;0;0;0;0;0;0;0;0;0;0;0;0;0;0;0;0;0;0;0;0;0;0;0;0;0;0;0;0;0;0;0;0;0;0;0;0;0;0;3;2;0;0;1;1;2;2019-10-19 23:00:00;2221;0;46;8;21;0;1;1;2;5;0;5;7;5;1;1;0;1;2;1;1;56;91;111;117;1.6;2.36;3.95;0;0;0;0;0;0;1;1;1;0;0;0;1;0;-1;-1;-1;-1;-1;-1;-1;-1;-1;4;21;38;63;88;21;79;71;33;8.33;0;5.63;2.17;Deportes Vallenar;San Marcos;2.38;1.77;2.33;1.92;1.52;2.08;96;80;63;38;13;47;30;21;1.76;1.43;3.19;1951;26;Y;Y;Y;N;N;N;Y
721328;2204;2225;2019;complete;52563;6;-1;32,34;16,38,45,57,58,90;2;6;8;4;7;11;-1;-1;3;0;2;0;5;12;2;2;7;14;-1;-1;50;50;6;0;2.1;3.3;3;0;0;1.7;0;0;0;0;2.1;0;0;0;0;0;0;0;0;1.33;1.3;1.62;2.75;2.3;3.25;0;0;0;0;0;0;0;0;0;0;0;0;0;0;0;0;0;0;0;0;0;0;0;0;0;0;0;0;0;0;0;0;0;0;0;0;0;0;0;0;0;0;0;8;2;3;0;3;3;5;2019-11-12 19:00:00;2225;0;62;12;35;0;1;1;3;5;1;2;8;3;1;0;4;0;1;4;1;0;0;0;0;1.09;2.04;3.12;0;0;0;0;0;0;1;1;0;0;0;0;0;0;-1;-1;-1;-1;-1;-1;-1;-1;-1;8;31;62;85;89;31;62;77;54;10.23;0;4.46;2.77;Iberia;Recoleta;1.14;1.36;1.23;1.23;1.2;1.24;93;70;39;16;12;62;39;35;1.56;1.36;2.92;1951;26;Y;Y;Y;Y;Y;Y;Y
721329;2246;2218;2019;complete;52563;6;-1;23;41,48,62,90;1;4;5;4;4;8;-1;-1;1;1;2;2;5;6;2;3;7;9;-1;-1;50;50;5;4;2.3;3.2;2.75;0;0;1.85;0;0;0;0;1.95;0;0;0;0;0;0;0;0;1.4;1.3;1.53;3;2.2;3.1;0;0;0;0;0;0;0;0;0;0;0;0;0;0;0;0;0;0;0;0;0;0;0;0;0;0;0;0;0;0;0;0;0;0;0;0;0;0;0;0;0;0;0;5;1;1;0;3;3;2;2019-11-22 20:30:00;2218;0;58;23;31;0;1;1;1;3;3;1;4;4;1;0;2;3;1;5;1;0;0;0;0;1.21;1.42;2.63;0;1;0;1;0;0;1;1;0;0;0;0;1;0;-1;-1;-1;-1;-1;-1;-1;-1;-1;12;42;66;73;85;46;81;74;54;10.15;0;4.23;2.89;General Velásquez;Colchagua;1.64;1.79;1.77;1.69;1.28;1.56;89;58;35;27;16;70;50;47;1.86;1.52;3.38;1951;26;Y;Y;Y;Y;Y;N;Y
726131;2225;2204;2019;complete;52563;2;-1;50;24,58;1;2;3;9;3;12;-1;-1;3;2;0;1;10;6;7;6;17;12;-1;-1;52;48;3;4;1.8;3.4;3.75;0;0;1.85;0;0;0;0;1.95;0;0;0;0;0;0;0;0;1.22;1.29;1.83;2.4;2.2;4;0;0;0;0;0;0;0;0;0;0;0;0;0;0;0;0;0;0;0;0;0;0;0;0;0;0;0;0;0;0;0;0;0;0;0;0;0;0;0;0;0;0;0;3;0;1;1;1;2;1;2019-09-14 15:00:00;2204;0;50;20;15;0;1;1;4;1;5;2;5;7;1;2;2;1;3;3;1;41;23;61;51;2.06;1.34;3.4;0;0;0;0;0;0;1;1;0;0;1;0;0;0;-1;-1;-1;-1;-1;-1;-1;-1;-1;10;25;50;70;90;40;85;65;35;9.3;0;5.4;2.65;Recoleta;Iberia;1.25;1.17;1.2;1;1.33;1.19;90;75;50;30;10;40;35;35;1.73;1.5;3.23;1951;26;Y;Y;Y;N;N;N;Y
