ID;HOMEID;AWAYID;SEASON;STATUS;ROUNDID;GAME_WEEK;REVISED_GAME_WEEK;HOMEGOALS;AWAYGOALS;HOMEGOALCOUNT;AWAYGOALCOUNT;TOTALGOALCOUNT;TEAM_A_CORNERS;TEAM_B_CORNERS;TOTALCORNERCOUNT;TEAM_A_OFFSIDES;TEAM_B_OFFSIDES;TEAM_A_YELLOW_CARDS;TEAM_B_YELLOW_CARDS;TEAM_A_RED_CARDS;TEAM_B_RED_CARDS;TEAM_A_SHOTSONTARGET;TEAM_B_SHOTSONTARGET;TEAM_A_SHOTSOFFTARGET;TEAM_B_SHOTSOFFTARGET;TEAM_A_SHOTS;TEAM_B_SHOTS;TEAM_A_FOULS;TEAM_B_FOULS;TEAM_A_POSSESSION;TEAM_B_POSSESSION;TEAM_A_CARDS_NUM;TEAM_B_CARDS_NUM;ODDS_FT_1;ODDS_FT_X;ODDS_FT_2;ODDS_FT_OVER05;ODDS_FT_OVER15;ODDS_FT_OVER25;ODDS_FT_OVER35;ODDS_FT_OVER45;ODDS_FT_UNDER05;ODDS_FT_UNDER15;ODDS_FT_UNDER25;ODDS_FT_UNDER35;ODDS_FT_UNDER45;ODDS_BTTS_YES;ODDS_BTTS_NO;ODDS_TEAM_A_CS_YES;ODDS_TEAM_A_CS_NO;ODDS_TEAM_B_CS_YES;ODDS_TEAM_B_CS_NO;ODDS_DOUBLECHANCE_1X;ODDS_DOUBLECHANCE_12;ODDS_DOUBLECHANCE_X2;ODDS_1ST_HALF_RESULT_1;ODDS_1ST_HALF_RESULT_X;ODDS_1ST_HALF_RESULT_2;ODDS_2ND_HALF_RESULT_1;ODDS_2ND_HALF_RESULT_X;ODDS_2ND_HALF_RESULT_2;ODDS_DNB_1;ODDS_DNB_2;ODDS_CORNERS_OVER_75;ODDS_CORNERS_OVER_85;ODDS_CORNERS_OVER_95;ODDS_CORNERS_OVER_105;ODDS_CORNERS_OVER_115;ODDS_CORNERS_UNDER_75;ODDS_CORNERS_UNDER_85;ODDS_CORNERS_UNDER_95;ODDS_CORNERS_UNDER_105;ODDS_CORNERS_UNDER_115;ODDS_CORNERS_1;ODDS_CORNERS_X;ODDS_CORNERS_2;ODDS_TEAM_TO_SCORE_FIRST_1;ODDS_TEAM_TO_SCORE_FIRST_X;ODDS_TEAM_TO_SCORE_FIRST_2;ODDS_WIN_TO_NIL_1;ODDS_WIN_TO_NIL_2;ODDS_1ST_HALF_OVER05;ODDS_1ST_HALF_OVER15;ODDS_1ST_HALF_OVER25;ODDS_1ST_HALF_OVER35;ODDS_1ST_HALF_UNDER05;ODDS_1ST_HALF_UNDER15;ODDS_1ST_HALF_UNDER25;ODDS_1ST_HALF_UNDER35;ODDS_2ND_HALF_OVER05;ODDS_2ND_HALF_OVER15;ODDS_2ND_HALF_OVER25;ODDS_2ND_HALF_OVER35;ODDS_2ND_HALF_UNDER05;ODDS_2ND_HALF_UNDER15;ODDS_2ND_HALF_UNDER25;ODDS_2ND_HALF_UNDER35;ODDS_BTTS_1ST_HALF_YES;ODDS_BTTS_1ST_HALF_NO;ODDS_BTTS_2ND_HALF_YES;ODDS_BTTS_2ND_HALF_NO;OVERALLGOALCOUNT;HT_GOALS_TEAM_A;HT_GOALS_TEAM_B;GOALS_2HG_TEAM_A;GOALS_2HG_TEAM_B;GOALCOUNT_2HG;HTGOALCOUNT;DATE_UNIX;WINNINGTEAM;NO_HOME_AWAY;BTTS_POTENTIAL;BTTS_FHG_POTENTIAL;BTTS_2HG_POTENTIAL;GOALTIMINGDISABLED;CORNER_TIMINGS_RECORDED;CARD_TIMINGS_RECORDED;TEAM_A_FH_CORNERS;TEAM_B_FH_CORNERS;TEAM_A_2H_CORNERS;TEAM_B_2H_CORNERS;CORNER_FH_COUNT;CORNER_2H_COUNT;TEAM_A_FH_CARDS;TEAM_B_FH_CARDS;TEAM_A_2H_CARDS;TEAM_B_2H_CARDS;TOTAL_FH_CARDS;TOTAL_2H_CARDS;ATTACKS_RECORDED;TEAM_A_DANGEROUS_ATTACKS;TEAM_B_DANGEROUS_ATTACKS;TEAM_A_ATTACKS;TEAM_B_ATTACKS;TEAM_A_XG;TEAM_B_XG;TOTAL_XG;TEAM_A_PENALTIES_WON;TEAM_B_PENALTIES_WON;TEAM_A_PENALTY_GOALS;TEAM_B_PENALTY_GOALS;TEAM_A_PENALTY_MISSED;TEAM_B_PENALTY_MISSED;PENS_RECORDED;GOAL_TIMINGS_RECORDED;TEAM_A_0_10_MIN_GOALS;TEAM_B_0_10_MIN_GOALS;TEAM_A_CORNERS_0_10_MIN;TEAM_B_CORNERS_0_10_MIN;TEAM_A_CARDS_0_10_MIN;TEAM_B_CARDS_0_10_MIN;THROWINS_RECORDED;TEAM_A_THROWINS;TEAM_B_THROWINS;FREEKICKS_RECORDED;TEAM_A_FREEKICKS;TEAM_B_FREEKICKS;GOALKICKS_RECORDED;TEAM_A_GOALKICKS;TEAM_B_GOALKICKS;O45_POTENTIAL;O35_POTENTIAL;O25_POTENTIAL;O15_POTENTIAL;O05_POTENTIAL;O15HT_POTENTIAL;O05HT_POTENTIAL;O05_2H_POTENTIAL;O15_2H_POTENTIAL;CORNERS_POTENTIAL;OFFSIDES_POTENTIAL;CARDS_POTENTIAL;AVG_POTENTIAL;HOME_NAME;AWAY_NAME;HOME_PPG;AWAY_PPG;PRE_MATCH_HOME_PPG;PRE_MATCH_AWAY_PPG;PRE_MATCH_TEAMA_OVERALL_PPG;PRE_MATCH_TEAMB_OVERALL_PPG;U45_POTENTIAL;U35_POTENTIAL;U25_POTENTIAL;U15_POTENTIAL;U05_POTENTIAL;CORNERS_O85_POTENTIAL;CORNERS_O95_POTENTIAL;CORNERS_O105_POTENTIAL;TEAM_A_XG_PREMATCH;TEAM_B_XG_PREMATCH;TOTAL_XG_PREMATCH;COMPETITION_ID;MATCHES_COMPLETED_MINIMUM;OVER05;OVER15;OVER25;OVER35;OVER45;OVER55;BTTS
1103969;2225;2223;2020;complete;60183;1;-1;66;32,74;1;2;3;-1;-1;-1;-1;-1;2;2;0;0;-1;-1;-1;-1;-1;-1;-1;-1;-1;-1;2;2;0;0;0;0;0;0;0;0;0;0;0;0;0;0;0;0;0;0;0;0;0;0;0;0;0;0;0;0;0;0;0;0;0;0;0;0;0;0;0;0;0;0;0;0;0;0;0;0;0;0;0;0;0;0;0;0;0;0;0;0;0;0;0;0;0;0;0;0;3;0;1;1;1;2;1;2020-09-16 15:00:00;2223;0;0;0;0;0;-1;1;-1;-1;-1;-1;-1;-1;1;1;1;1;2;2;-1;0;0;0;0;0;0;0;1;0;1;0;0;0;1;1;0;0;-1;-1;0;0;-1;-1;-1;-1;-1;-1;-1;-1;-1;0;0;0;0;0;0;0;0;0;0;0;0;0;Recoleta;San Antonio Unido;1.27;0.91;0;0;0;0;0;0;0;0;0;0;0;0;0;0;0;5012;22;Y;Y;Y;N;N;N;Y
1103970;2236;2204;2020;complete;60183;1;-1;28,68;62;2;1;3;3;3;6;-1;-1;1;1;0;0;5;6;5;1;10;7;-1;-1;51;49;1;1;2.15;3.25;2.9;0;0;2.15;0;0;0;0;1.66;0;0;0;0;0;0;0;0;0;0;0;2.87;2.05;3.6;0;0;0;0;0;0;0;0;0;0;0;0;0;0;0;0;0;0;1.8;0;2.37;0;0;0;0;0;0;0;0;0;0;0;0;0;0;0;0;0;0;0;0;0;0;3;1;0;1;1;2;1;2020-09-16 19:00:00;2236;0;0;0;0;0;1;1;0;1;3;2;1;5;0;0;1;1;0;2;1;47;35;88;81;1.33;1.12;2.45;0;0;0;0;0;0;1;1;0;0;0;1;0;0;-1;-1;-1;-1;-1;-1;-1;-1;-1;0;0;0;0;0;0;0;0;0;0;0;0;0;Fernández Vial;Iberia;2.09;1.91;0;0;0;0;0;0;0;0;0;0;0;0;0;0;0;5012;22;Y;Y;Y;N;N;N;Y
1103971;2218;2213;2020;complete;60183;1;-1;60;26,72;1;2;3;2;8;10;-1;-1;3;3;0;1;8;8;3;3;11;11;-1;-1;52;48;3;4;1.91;3.4;3.3;0;0;1.8;0;0;0;0;2;0;0;0;0;0;0;0;0;0;0;0;2.6;2.2;3.75;0;0;0;0;0;0;0;0;0;0;0;0;0;0;0;0;0;0;1.66;0;2.4;0;0;0;0;0;0;0;0;0;0;0;0;0;0;0;0;0;0;0;0;0;0;3;0;1;1;1;2;1;2020-09-16 20:00:00;2213;0;0;0;0;0;1;1;0;5;2;3;5;5;2;1;1;3;3;4;1;23;24;48;50;1.42;1.43;2.84;1;0;1;0;0;0;1;1;0;0;0;1;0;0;-1;-1;-1;-1;-1;-1;-1;-1;-1;0;0;0;0;0;0;0;0;0;0;0;0;0;Colchagua;Concepción;1.18;1.09;0;0;0;0;0;0;0;0;0;0;0;0;0;0;0;5012;22;Y;Y;Y;N;N;N;Y
1103972;2228;2246;2020;complete;60183;1;-1;90;18;1;1;2;6;7;13;-1;-1;0;2;0;0;6;9;7;6;13;15;-1;-1;52;48;0;2;3.2;3.05;2;1.02;1.29;1.95;3.45;6.25;8;3;1.69;1.22;1.05;1.8;1.83;0;0;0;0;0;0;0;0;0;0;0;0;0;0;0;0;0;0;0;0;0;0;0;0;0;0;0;0;0;0;0;0;0;0;0;0;0;0;0;0;0;0;0;0;0;0;0;0;0;0;0;0;0;2;0;1;1;0;1;1;2020-12-09 21:00:00;-1;0;64;27;29;0;1;1;2;3;4;4;5;8;0;0;0;2;0;2;1;0;0;0;0;1.44;1.84;3.28;0;0;0;0;0;0;1;1;0;0;1;0;0;0;-1;-1;-1;-1;-1;-1;-1;-1;-1;20;37;47;64;100;45;84;64;47;8.35;0;4.33;2.77;Deportes Linares;General Velásquez;0.82;1.91;0.6;1.33;0.7;1.17;80;64;54;37;0;55;45;45;1.3;1.39;2.69;5012;22;Y;Y;N;N;N;N;Y
1103973;2242;2219;2020;complete;60183;1;-1;57;53;1;1;2;3;2;5;-1;-1;3;3;0;0;4;5;4;10;8;15;-1;-1;52;48;3;3;2.2;3.25;2.88;0;0;0;0;0;0;0;0;0;0;0;0;0;0;0;0;0;0;0;2.87;2.2;3.25;0;0;0;0;0;0;0;0;0;0;0;0;0;0;0;0;0;0;1.8;0;2.2;0;0;0;0;0;0;0;0;0;0;0;0;0;0;0;0;0;0;0;0;0;0;2;0;0;1;1;2;0;2020-09-17 15:00:00;-1;0;0;0;0;0;1;1;3;1;0;1;4;1;2;1;1;2;3;3;1;64;67;107;98;1.26;1.78;3.03;1;1;1;1;0;0;1;1;0;0;1;0;0;0;-1;-1;-1;-1;-1;-1;-1;-1;-1;0;0;0;0;0;0;0;0;0;0;0;0;0;Colina;Independiente;1.18;1;0;0;0;0;0;0;0;0;0;0;0;0;0;0;0;5012;22;Y;Y;N;N;N;N;Y
1103974;2221;2237;2020;complete;60183;1;-1;;;0;0;0;-1;-1;-1;-1;-1;0;3;0;0;-1;-1;-1;-1;-1;-1;-1;-1;-1;-1;0;3;0;0;0;0;0;0;0;0;0;0;0;0;0;0;0;0;0;0;0;0;0;0;0;0;0;0;0;0;0;0;0;0;0;0;0;0;0;0;0;0;0;0;0;0;0;0;0;0;0;0;0;0;0;0;0;0;0;0;0;0;0;0;0;0;0;0;0;0;0;0;0;0;0;0;0;2020-09-17 15:00:00;-1;0;0;0;0;0;-1;1;-1;-1;-1;-1;-1;-1;0;1;0;2;1;2;-1;0;0;0;0;0;0;0;0;0;0;0;0;0;1;1;0;0;-1;-1;0;0;-1;-1;-1;-1;-1;-1;-1;-1;-1;0;0;0;0;0;0;0;0;0;0;0;0;0;Deportes Vallenar;Lautaro de Buin ;1.36;2;0;0;0;0;0;0;0;0;0;0;0;0;0;0;0;5012;22;N;N;N;N;N;N;N
1103975;2204;2225;2020;complete;60183;2;-1;;-1,-1;0;2;2;-1;-1;-1;-1;-1;-1;-1;-1;-1;-1;-1;-1;-1;-1;-1;-1;-1;-1;-1;-1;-1;0;0;0;0;0;0;0;0;0;0;0;0;0;0;0;0;0;0;0;0;0;0;0;0;0;0;0;0;0;0;0;0;0;0;0;0;0;0;0;0;0;0;0;0;0;0;0;0;0;0;0;0;0;0;0;0;0;0;0;0;0;0;0;0;0;0;0;0;2;0;0;0;0;0;0;2020-09-23 19:00:00;2225;0;0;0;0;1;-1;-1;-1;-1;-1;-1;-1;-1;-1;-1;-1;-1;-1;-1;-1;0;0;0;0;0;0;0;-1;-1;-1;-1;-1;-1;-1;-1;-1;-1;-1;-1;-1;-1;-1;-1;-1;-1;-1;-1;-1;-1;-1;0;0;0;0;0;0;0;0;0;0;0;0;0;Iberia;Recoleta;0.64;2.09;0;0;0;0;0;0;0;0;0;0;0;0;0;0;0;5012;22;Y;Y;N;N;N;N;N
1103976;2237;2236;2020;complete;60183;2;-1;11,52;78;2;1;3;2;9;11;-1;-1;2;3;0;1;5;9;2;5;7;14;-1;-1;51;49;2;5;2.7;3.15;2.2;1.01;1.25;1.83;3.1;5.55;8.5;3.25;1.77;1.27;1.07;1.67;1.95;0;0;0;0;0;0;0;3.4;2.2;2.87;0;0;0;0;0;0;0;0;0;0;0;0;0;0;0;0;0;0;2;0;1.95;0;0;0;0;0;0;0;0;0;0;0;0;0;0;0;0;0;0;0;0;0;0;3;1;0;1;1;2;1;2020-09-25 15:00:00;2237;0;0;0;0;0;1;1;2;2;0;7;4;7;0;1;2;3;1;5;1;43;62;66;69;1.1;1.95;3.06;0;0;0;0;0;0;1;1;0;0;0;0;0;0;-1;-1;-1;-1;-1;-1;-1;-1;-1;0;0;0;0;0;0;0;0;0;0;0;0;0;Lautaro de Buin ;Fernández Vial;2.27;2;0;0;1;3;0;0;0;0;0;0;0;0;0;0;0;5012;22;Y;Y;Y;N;N;N;Y
1103977;2223;2242;2020;complete;60183;2;-1;90;67;1;1;2;6;2;8;-1;-1;3;2;0;0;5;5;14;4;19;9;-1;-1;51;49;3;2;1.87;3.25;3.25;1.01;1.2;1.71;2.8;4.95;9.5;3.6;1.91;1.33;1.1;1.61;2.05;0;0;0;0;0;0;0;2.5;2.25;3.75;0;0;0;0;0;0;0;0;0;0;0;0;0;0;0;0;0;0;1.61;0;2.4;0;0;0;0;0;0;0;0;0;0;0;0;0;0;0;0;0;0;0;0;0;0;2;0;0;1;1;2;0;2020-09-25 16:00:00;-1;0;0;0;0;0;1;1;2;0;4;2;2;6;1;1;2;1;2;3;1;90;50;113;114;2.19;1.29;3.48;0;0;0;0;0;0;1;1;0;0;2;0;0;0;-1;-1;-1;-1;-1;-1;-1;-1;-1;0;0;0;0;0;0;0;0;0;0;0;0;0;San Antonio Unido;Colina;1.64;1.09;0;0;3;1;0;0;0;0;0;0;0;0;0;0;0;5012;22;Y;Y;N;N;N;N;Y
1103978;2219;2218;2020;complete;60183;2;-1;;80;0;1;1;4;4;8;-1;-1;2;2;0;0;3;4;4;7;7;11;-1;-1;46;54;2;2;2.95;3.2;2;1.01;1.2;1.71;2.8;4.95;9.5;3.6;1.91;1.33;1.1;1.61;2.05;0;0;0;0;0;0;0;3.4;2.3;2.6;0;0;0;0;0;0;0;0;0;0;0;0;0;0;0;0;0;0;2.05;0;1.8;0;0;0;0;0;0;0;0;0;0;0;0;0;0;0;0;0;0;0;0;0;0;1;0;0;0;1;1;0;2020-09-25 18:00:00;2218;0;0;0;0;0;1;1;2;3;2;1;5;3;1;0;1;2;1;3;1;33;33;64;60;0.89;1.21;2.11;0;0;0;0;0;0;1;1;0;0;0;0;0;0;-1;-1;-1;-1;-1;-1;-1;-1;-1;0;0;0;0;0;0;0;0;0;0;0;0;0;Independiente;Colchagua;1.55;1.45;0;0;1;0;0;0;0;0;0;0;0;0;0;0;0;5012;22;Y;N;N;N;N;N;N
1103979;2246;2221;2020;complete;60183;2;-1;;;0;0;0;5;4;9;-1;-1;3;2;0;0;4;3;5;1;9;4;-1;-1;46;54;3;2;2.15;3.15;2.75;0;0;2.05;0;0;0;0;1.75;0;0;0;0;0;0;0;0;0;0;0;3;2.05;3.4;0;0;0;0;0;0;0;0;0;0;0;0;0;0;0;0;0;0;1.8;0;2.25;0;0;0;0;0;0;0;0;0;0;0;0;0;0;0;0;0;0;0;0;0;0;0;0;0;0;0;0;0;2020-09-26 15:00:00;-1;0;0;0;0;0;1;1;4;3;1;1;7;2;1;2;2;0;3;2;1;49;34;90;67;1.21;0.72;1.92;0;0;0;0;0;0;1;1;0;0;0;1;0;0;-1;-1;-1;-1;-1;-1;-1;-1;-1;0;0;0;0;0;0;0;0;0;0;0;0;0;General Velásquez;Deportes Vallenar;1.09;0.73;0;0;0;1;0;0;0;0;0;0;0;0;0;0;0;5012;22;N;N;N;N;N;N;N
1103980;2213;2228;2020;complete;60183;2;-1;;62;0;1;1;9;2;11;-1;-1;3;3;0;0;2;2;9;4;11;6;-1;-1;51;49;3;3;1.8;3.3;3.8;0;0;1.83;0;0;0;0;1.83;0;0;0;0;0;0;0;0;0;0;0;0;0;0;0;0;0;0;0;0;0;0;0;0;0;0;0;0;0;0;0;0;0;0;0;0;0;0;0;0;0;0;0;0;0;0;0;0;0;0;0;0;0;0;0;0;0;1;0;0;0;1;1;0;2020-10-21 18:30:00;2228;0;25;0;25;0;1;1;3;1;6;1;4;7;0;1;3;2;1;5;1;0;0;0;0;1.23;0.69;1.92;0;0;0;0;0;0;1;1;0;0;0;1;0;0;-1;-1;-1;-1;-1;-1;-1;-1;-1;0;0;25;75;100;25;25;75;50;7.5;0;3;2;Concepción;Deportes Linares;0.82;0.82;0.5;0;0.8;0;100;100;75;25;0;75;0;0;1.38;1.57;2.95;5012;22;Y;N;N;N;N;N;N
1103981;2225;2237;2020;complete;60183;3;-1;;15,17,68;0;3;3;6;2;8;-1;-1;2;1;1;0;4;6;5;3;9;9;-1;-1;49;51;3;1;1.43;3.9;5.3;1;1.13;1.49;2.25;3.8;11.75;4.5;2.3;1.5;1.18;1.59;2.1;0;0;0;0;0;0;0;2;2.5;4.75;0;0;0;0;0;0;0;0;0;0;0;0;0;0;0;0;0;0;1.4;0;3;0;0;0;0;0;0;0;0;0;0;0;0;0;0;0;0;0;0;0;0;0;0;3;0;2;0;1;1;2;2020-09-29 15:00:00;2237;0;50;0;50;0;1;1;5;1;1;1;6;2;0;0;3;1;0;4;1;78;63;121;130;1.42;1.46;2.88;0;0;0;0;0;0;1;1;0;0;1;0;0;0;-1;-1;-1;-1;-1;-1;-1;-1;-1;0;0;50;50;50;0;50;50;50;0;0;5;1.5;Recoleta;Lautaro de Buin ;1.27;2;0;1;1.5;2;100;100;50;50;50;0;0;0;0;0;0;5012;22;Y;Y;Y;N;N;N;N
1103982;2242;2213;2020;complete;60183;3;-1;33,37,89;11,26;3;2;5;3;6;9;-1;-1;2;1;0;0;6;7;6;6;12;13;-1;-1;54;46;2;1;2.42;3.4;2.5;0;0;1.65;0;0;0;0;2.2;0;0;0;0;0;0;0;0;0;0;0;3;2.3;3;0;0;0;0;0;0;0;0;0;0;0;0;0;0;0;0;0;0;1.83;0;2.05;0;0;0;0;0;0;0;0;0;0;0;0;0;0;0;0;0;0;0;0;0;0;5;2;2;1;0;1;4;2020-09-30 15:00:00;2242;0;100;0;100;0;1;1;2;4;1;2;6;3;2;0;0;1;2;1;1;71;72;113;99;1.69;1.83;3.52;0;0;0;0;0;0;1;1;0;0;1;0;0;0;-1;-1;-1;-1;-1;-1;-1;-1;-1;0;0;50;100;100;0;50;100;100;11;0;7;2.5;Colina;Concepción;1.18;1.09;1;3;1;3;100;100;50;0;0;50;50;0;1.26;1.43;2.69;5012;22;Y;Y;Y;Y;Y;N;Y
1103983;2204;2219;2020;complete;60183;3;-1;;;0;0;0;6;4;10;-1;-1;4;3;0;0;5;6;6;4;11;10;-1;-1;46;54;4;3;1.77;3.3;3.55;1.01;1.2;1.69;2.75;4.9;9.5;3.65;1.91;1.34;1.1;1.62;2;0;0;0;0;0;0;0;2.37;2.3;4;0;0;0;0;0;0;0;0;0;0;0;0;0;0;0;0;0;0;1.57;0;2.6;0;0;0;0;0;0;0;0;0;0;0;0;0;0;0;0;0;0;0;0;0;0;0;0;0;0;0;0;0;2020-09-29 19:00:00;-1;0;50;0;50;0;1;1;2;1;4;3;3;7;3;0;1;3;3;4;1;53;36;96;75;1.43;1.31;2.75;0;0;0;0;0;0;1;1;0;0;0;0;2;0;-1;-1;-1;-1;-1;-1;-1;-1;-1;0;0;0;100;100;0;0;50;50;2;0;3;2;Iberia;Independiente;0.64;1;0;1;0;0.5;100;100;100;0;0;0;0;0;0;1.78;1.78;5012;22;N;N;N;N;N;N;N
1103984;2236;2223;2020;complete;60183;3;-1;54;;1;0;1;7;3;10;-1;-1;4;3;0;0;5;4;5;2;10;6;-1;-1;56;44;4;3;1.95;3.15;3.15;1.02;1.29;1.95;3.45;6.2;7.75;3;1.67;1.22;1.05;1.8;1.8;0;0;0;0;0;0;0;2.62;2.1;3.75;0;0;0;0;0;0;0;0;0;0;0;0;0;0;0;0;0;0;1.66;0;2.4;0;0;0;0;0;0;0;0;0;0;0;0;0;0;0;0;0;0;0;0;0;0;1;0;0;1;0;1;0;2020-09-30 21:00:00;2236;0;100;0;100;0;1;1;4;2;3;1;6;4;0;0;4;3;0;7;1;50;32;88;82;1.35;0.9;2.25;0;0;0;0;0;0;1;1;0;0;0;0;0;0;-1;-1;-1;-1;-1;-1;-1;-1;-1;0;0;100;100;100;0;100;100;100;3;0;3;3;Fernández Vial;San Antonio Unido;2.09;0.91;3;3;1.5;2;100;100;0;0;0;0;0;0;1.33;0;1.33;5012;22;Y;N;N;N;N;N;N
1103985;2218;2246;2020;complete;60183;3;-1;82;;1;0;1;-1;-1;-1;-1;-1;2;0;0;0;-1;-1;-1;-1;-1;-1;-1;-1;-1;-1;2;0;0;0;0;0;0;0;0;0;0;0;0;0;0;0;0;0;0;0;0;0;0;0;0;0;0;0;0;0;0;0;0;0;0;0;0;0;0;0;0;0;0;0;0;0;0;0;0;0;0;0;0;0;0;0;0;0;0;0;0;0;0;0;0;0;0;0;0;0;1;0;0;1;0;1;0;2020-09-30 14:00:00;2218;0;50;0;50;0;-1;1;-1;-1;-1;-1;-1;-1;1;0;1;0;1;1;-1;0;0;0;0;0;0;0;0;0;0;0;0;0;1;1;0;0;-1;-1;0;0;-1;-1;-1;-1;-1;-1;-1;-1;-1;0;0;50;50;50;0;50;50;50;2;0;3;1.5;Colchagua;General Velásquez;1.18;1.91;0;0;1.5;1;50;50;0;0;0;50;50;0;1.42;0;1.42;5012;22;Y;N;N;N;N;N;N
1103986;2221;2228;2020;complete;60183;3;-1;-1;;1;0;1;-1;-1;-1;-1;-1;-1;-1;-1;-1;-1;-1;-1;-1;-1;-1;-1;-1;-1;-1;-1;-1;2.3;3.25;2.45;1;1.16;1.61;2.55;4.4;10.5;3.95;2.05;1.4;1.13;1.51;2.2;0;0;0;0;0;0;0;0;0;0;0;0;0;0;0;0;0;0;0;0;0;0;0;0;0;0;0;0;0;0;0;0;0;0;0;0;0;0;0;0;0;0;0;0;0;0;0;0;0;0;0;0;0;1;0;0;0;0;0;0;2020-09-30 15:00:00;2221;0;0;0;0;1;-1;-1;-1;-1;-1;-1;-1;-1;-1;-1;-1;-1;-1;-1;-1;0;0;0;0;0;0;0;-1;-1;-1;-1;-1;-1;-1;-1;-1;-1;-1;-1;-1;-1;-1;-1;-1;-1;-1;-1;-1;-1;-1;0;0;0;0;0;0;0;0;0;0;0;0;0;Deportes Vallenar;Deportes Linares;1.36;0.82;1;0;1;0;50;50;50;50;50;0;0;0;0;0;0;5012;22;Y;N;N;N;N;N;N
1103987;2237;2223;2020;complete;60183;4;-1;81;;1;0;1;6;5;11;-1;-1;1;3;0;0;6;2;1;3;7;5;-1;-1;56;44;1;3;2.55;3.1;2.3;1.02;1.28;1.95;3.35;6.1;8;3;1.69;1.23;1.05;1.74;1.87;0;0;0;0;0;0;0;3.2;2.1;3.1;0;0;0;0;0;0;0;0;0;0;0;0;0;0;0;0;0;0;2.1;0;1.9;0;0;0;0;0;0;0;0;0;0;0;0;0;0;0;0;0;0;0;0;0;0;1;0;0;1;0;1;0;2020-10-06 15:00:00;2237;0;75;0;75;0;1;1;2;3;4;2;5;6;1;1;0;2;2;2;1;54;39;87;62;1.26;0.74;2;0;0;0;0;0;0;1;1;0;0;0;1;0;0;-1;-1;-1;-1;-1;-1;-1;-1;-1;0;0;75;75;100;0;75;100;75;5;0;4.5;2.5;Lautaro de Buin ;San Antonio Unido;2.27;0.91;3;1.5;2.33;1.33;100;100;25;25;0;100;100;50;1.1;0.9;2;5012;22;Y;N;N;N;N;N;N
1103988;2221;2218;2020;complete;60183;4;-1;;;0;0;0;-1;-1;-1;-1;-1;3;2;0;0;-1;-1;-1;-1;-1;-1;-1;-1;-1;-1;3;2;0;0;0;0;0;0;0;0;0;0;0;0;0;0;0;0;0;0;0;0;0;0;0;0;0;0;0;0;0;0;0;0;0;0;0;0;0;0;0;0;0;0;0;0;0;0;0;0;0;0;0;0;0;0;0;0;0;0;0;0;0;0;0;0;0;0;0;0;0;0;0;0;0;0;0;2020-10-05 15:00:00;-1;0;0;0;0;0;-1;1;-1;-1;-1;-1;-1;-1;1;0;2;2;1;4;-1;0;0;0;0;0;0;0;0;0;0;0;0;0;1;1;0;0;-1;-1;0;0;-1;-1;-1;-1;-1;-1;-1;-1;-1;0;0;0;0;75;0;0;50;0;4;0;2;0.75;Deportes Vallenar;Colchagua;1.36;1.45;2;3;1.67;2;100;100;100;100;25;0;0;0;0;1.21;1.21;5012;22;N;N;N;N;N;N;N
1103989;2213;2236;2020;complete;60183;4;-1;;51,90;0;2;2;2;4;6;-1;-1;2;2;1;1;3;11;8;8;11;19;-1;-1;44;56;4;3;2.3;3.15;2.55;1.02;1.26;1.87;3.25;5.85;8.25;3.1;1.71;1.25;1.06;1.74;1.87;0;0;0;0;0;0;0;2.87;2.1;3.4;0;0;0;0;0;0;0;0;0;0;0;0;0;0;0;0;0;0;1.8;0;2.25;0;0;0;0;0;0;0;0;0;0;0;0;0;0;0;0;0;0;0;0;0;0;2;0;0;0;2;2;0;2020-10-04 18:30:00;2236;0;50;0;50;0;1;1;2;0;0;4;2;4;1;0;2;3;1;5;1;41;53;87;97;1.21;2.35;3.55;0;0;0;0;0;0;1;1;0;0;1;0;0;0;-1;-1;-1;-1;-1;-1;-1;-1;-1;0;0;50;50;50;0;50;50;50;9;0;5;1.5;Concepción;Fernández Vial;0.82;2;0;0;1.5;2;50;50;0;0;0;50;50;50;0;1.95;1.95;5012;22;Y;Y;N;N;N;N;N
1103990;2246;2242;2020;complete;60183;4;-1;58;63;1;1;2;2;1;3;-1;-1;1;3;0;0;3;2;7;6;10;8;-1;-1;47;53;1;3;2.15;3.2;2.7;1.01;1.2;1.69;2.75;4.9;9.5;3.65;1.91;1.34;1.1;1.57;2.1;0;0;0;0;0;0;0;2.75;2.25;3.25;0;0;0;0;0;0;0;0;0;0;0;0;0;0;0;0;0;0;1.8;0;2.1;0;0;0;0;0;0;0;0;0;0;0;0;0;0;0;0;0;0;0;0;0;0;2;0;0;1;1;2;0;2020-10-04 15:00:00;-1;0;50;0;50;0;1;1;1;1;1;0;2;1;0;2;1;1;2;2;1;69;87;120;132;1.35;1.28;2.63;0;0;0;0;0;0;1;1;0;0;0;0;0;0;-1;-1;-1;-1;-1;-1;-1;-1;-1;0;0;0;50;50;0;0;50;50;7;0;5;1;General Velásquez;Colina;1.09;1.09;1;1;0.5;1.67;100;100;100;50;50;50;0;0;1.21;1.29;2.5;5012;22;Y;Y;N;N;N;N;Y
1103991;2228;2204;2020;complete;60183;4;-1;85;38,65;1;2;3;-1;-1;-1;-1;-1;2;0;0;0;-1;-1;-1;-1;-1;-1;-1;-1;-1;-1;2;0;2.98;3.26;2.26;0;0;2;0;0;0;0;1.72;0;0;0;0;0;0;0;0;0;0;0;0;0;0;0;0;0;0;0;0;0;0;0;0;0;0;0;0;0;0;0;0;0;0;0;0;0;0;0;0;0;0;0;0;0;0;0;0;0;0;0;0;0;0;0;0;0;3;0;1;1;1;2;1;2020-10-05 21:00:00;2204;0;50;0;50;0;-1;1;-1;-1;-1;-1;-1;-1;2;0;0;0;2;0;-1;0;0;0;0;0;0;0;1;1;1;1;0;0;1;1;0;0;-1;-1;0;0;-1;-1;-1;-1;-1;-1;-1;-1;-1;0;0;50;50;50;0;50;50;50;3;0;1;1.5;Deportes Linares;Iberia;0.82;1.91;0;0;0;0.33;50;50;0;0;0;0;0;0;0;1.12;1.12;5012;22;Y;Y;Y;N;N;N;Y
1103992;2219;2225;2020;complete;60183;4;-1;90;29,33,35,42;1;4;5;7;1;8;-1;-1;2;1;1;1;6;6;6;6;12;12;-1;-1;54;46;4;3;3.1;3.25;2.05;0;0;0;0;0;0;0;0;0;0;0;0;0;0;0;0;0;0;0;0;0;0;0;0;0;0;0;0;0;0;0;0;0;0;0;0;0;0;0;0;0;0;0;0;0;0;0;0;0;0;0;0;0;0;0;0;0;0;0;0;0;0;0;0;0;5;0;4;1;0;1;4;2020-10-03 19:00:00;2225;0;0;0;0;0;1;1;3;0;4;1;3;5;2;1;1;1;3;2;1;49;35;82;71;1.53;1.43;2.96;0;0;0;0;0;0;1;1;0;0;1;0;0;0;-1;-1;-1;-1;-1;-1;-1;-1;-1;0;0;0;50;100;0;0;50;0;4;0;2;1.5;Independiente;Recoleta;1.55;2.09;0;3;0.67;1;100;100;100;50;0;0;0;0;0.89;0;0.89;5012;22;Y;Y;Y;Y;Y;N;Y
1103993;2219;2213;2020;complete;60183;5;-1;33;;1;0;1;2;6;8;-1;-1;2;1;0;0;3;4;7;8;10;12;-1;-1;45;55;2;1;2.75;3.2;2.1;1.01;1.19;1.67;2.7;4.8;9.75;3.65;1.95;1.34;1.11;1.57;2.1;0;0;0;0;0;0;0;3.4;2.25;2.62;0;0;0;0;0;0;0;0;0;0;0;0;0;0;0;0;0;0;2.25;0;1.72;0;0;0;0;0;0;0;0;0;0;0;0;0;0;0;0;0;0;0;0;0;0;1;1;0;0;0;0;1;2020-10-09 18:00:00;2219;0;75;25;25;0;1;1;0;1;2;5;1;7;1;0;1;1;1;2;1;35;31;61;66;1.09;1.26;2.35;0;0;0;0;0;0;1;1;0;0;0;0;0;0;-1;-1;-1;-1;-1;-1;-1;-1;-1;50;50;75;75;100;50;75;100;25;12.5;0;5.5;3.5;Independiente;Concepción;1.55;1.09;0;1.5;0.5;1;50;50;25;25;0;50;25;0;1.21;1.63;2.84;5012;22;Y;N;N;N;N;N;N
1103994;2236;2246;2020;complete;60183;5;-1;17;1,73,81;1;3;4;7;1;8;-1;-1;3;4;0;0;4;4;1;4;5;8;-1;-1;58;42;3;4;1.61;3.6;4.05;1.02;1.26;1.87;3.2;5.75;8.5;3.15;1.74;1.25;1.07;1.83;1.77;0;0;0;0;0;0;0;2.62;2.1;4;0;0;0;0;0;0;0;0;0;0;0;0;0;0;0;0;0;0;1.66;0;2.5;0;0;0;0;0;0;0;0;0;0;0;0;0;0;0;0;0;0;0;0;0;0;4;1;1;0;2;2;2;2020-10-08 15:00:00;2246;0;25;0;25;0;1;1;4;1;3;0;5;3;0;2;3;2;2;5;1;57;38;102;74;1.02;1.06;2.08;0;0;0;0;0;0;1;1;0;1;0;0;0;0;-1;-1;-1;-1;-1;-1;-1;-1;-1;0;0;25;25;100;0;25;100;25;5;0;2.5;1.5;Fernández Vial;General Velásquez;2.09;1.91;3;0;2.25;0.67;100;100;75;75;0;25;25;0;1.34;0;1.34;5012;22;Y;Y;Y;Y;N;N;Y
1103995;2242;2218;2020;complete;60183;5;-1;20;51,55;1;2;3;9;3;12;-1;-1;2;1;1;0;6;6;3;10;9;16;-1;-1;55;45;4;1;2.75;3.4;2.05;1;1.15;1.54;2.4;4.1;11;4.15;2.15;1.44;1.15;1.49;2.3;0;0;0;0;0;0;0;3.2;2.37;2.62;0;0;0;0;0;0;0;0;0;0;0;0;0;0;0;0;0;0;1.95;0;1.9;0;0;0;0;0;0;0;0;0;0;0;0;0;0;0;0;0;0;0;0;0;0;3;1;0;0;2;2;1;2020-10-09 16:00:00;2218;0;50;25;25;0;1;1;4;3;5;0;7;5;1;0;2;1;1;3;1;85;68;105;102;1.6;1.92;3.52;0;1;0;1;0;0;1;1;0;0;1;1;0;0;-1;-1;-1;-1;-1;-1;-1;-1;-1;25;25;25;50;75;25;25;75;25;7;0;4.5;2;Colina;Colchagua;1.18;1.45;2;2;1.5;1.75;75;75;75;50;25;25;0;0;1.48;1.21;2.69;5012;22;Y;Y;Y;N;N;N;Y
1103996;2225;2221;2020;complete;60183;5;-1;31,50,57,76,88;81;5;1;6;8;6;14;-1;-1;3;3;0;0;11;10;7;4;18;14;-1;-1;50;50;3;3;2;3.05;3.1;1.03;1.3;2;3.5;6.4;7.75;2.9;1.65;1.21;1.05;1.8;1.8;0;0;0;0;0;0;0;2.88;2.1;3.5;0;0;0;0;0;0;0;0;0;0;0;0;0;0;0;0;0;0;1.8;0;2.3;0;0;0;0;0;0;0;0;0;0;0;0;0;0;0;0;0;0;0;0;0;0;6;1;0;4;1;5;1;2020-10-10 15:00:00;2225;0;25;0;25;0;1;1;8;2;0;4;10;4;1;2;2;1;3;3;1;35;37;71;62;2.15;1.85;4;0;0;0;0;0;0;1;1;0;0;5;2;0;0;-1;-1;-1;-1;-1;-1;-1;-1;-1;0;0;50;50;50;25;50;50;25;10;0;4.5;1.5;Recoleta;Deportes Vallenar;1.27;0.73;0;1;1.5;1.5;100;100;50;50;50;50;0;0;1.42;0.72;2.14;5012;22;Y;Y;Y;Y;Y;Y;Y
1103997;2223;2228;2020;complete;60183;5;-1;6,20,90;;3;0;3;5;4;9;-1;-1;3;0;0;0;8;2;7;12;15;14;-1;-1;51;49;3;0;1.71;3.2;3.95;1.03;1.3;2;3.5;6.4;7.75;2.9;1.65;1.21;1.05;1.91;1.71;0;0;0;0;0;0;0;0;0;0;0;0;0;0;0;0;0;0;0;0;0;0;0;0;0;0;0;0;0;0;0;0;0;0;0;0;0;0;0;0;0;0;0;0;0;0;0;0;0;0;0;0;0;3;2;0;1;0;1;2;2020-10-11 15:00:00;2223;0;50;0;50;0;1;1;2;3;3;1;5;4;0;0;3;0;0;3;1;0;0;0;0;1.91;1.57;3.47;1;0;1;0;0;0;1;1;1;0;1;0;0;0;-1;-1;-1;-1;-1;-1;-1;-1;-1;0;0;0;50;100;0;0;50;50;6;0;3;1.5;San Antonio Unido;Deportes Linares;1.64;0.82;1;0;1;0;100;100;100;50;0;0;0;0;2.19;0;2.19;5012;22;Y;Y;Y;N;N;N;N
1103998;2204;2237;2020;complete;60183;5;-1;37;41,62;1;2;3;1;4;5;-1;-1;3;4;0;1;2;3;7;3;9;6;-1;-1;42;58;3;5;2.55;3.1;2.3;1.02;1.28;1.91;3.35;6.05;8;3.05;1.69;1.23;1.06;1.74;1.87;0;0;0;0;0;0;0;3.2;2.1;3;0;0;0;0;0;0;0;0;0;0;0;0;0;0;0;0;0;0;1.95;0;2;0;0;0;0;0;0;0;0;0;0;0;0;0;0;0;0;0;0;0;0;0;0;3;1;1;0;1;1;2;2020-10-10 19:00:00;2237;0;0;0;0;0;1;1;1;4;0;0;5;0;1;0;2;5;1;7;1;35;41;91;79;0.97;0.89;1.86;0;0;0;0;0;0;1;1;0;0;0;2;0;0;-1;-1;-1;-1;-1;-1;-1;-1;-1;0;0;25;50;50;25;25;25;0;8;0;6;1.25;Iberia;Lautaro de Buin ;0.64;2;0.5;2;1;2.5;100;100;75;50;50;50;50;0;1.43;1.46;2.89;5012;22;Y;Y;Y;N;N;N;Y
1103999;2228;2242;2020;complete;60183;6;-1;;31;0;1;1;7;6;13;-1;-1;1;3;0;0;3;4;6;10;9;14;-1;-1;47;53;1;3;2.7;3.3;2.1;1;1.16;1.61;2.55;4.4;10.5;3.95;2.05;1.4;1.13;1.53;2.2;0;0;0;0;0;0;0;0;0;0;0;0;0;0;0;0;0;0;0;0;0;0;0;0;0;0;0;0;0;0;0;0;0;0;0;0;0;0;0;0;0;0;0;0;0;0;0;0;0;0;0;0;0;1;0;1;0;0;0;1;2020-10-15 21:00:00;2242;0;100;0;100;0;1;1;4;5;3;1;9;4;1;0;0;3;1;3;1;0;0;0;0;1.17;1.61;2.78;0;0;0;0;0;0;1;1;0;0;1;0;0;0;-1;-1;-1;-1;-1;-1;-1;-1;-1;0;0;50;100;100;0;50;100;100;1.5;0;4.5;2.5;Deportes Linares;Colina;0.82;1.09;0;1;0;1.2;100;100;50;0;0;0;0;0;0;1.29;1.29;5012;22;Y;N;N;N;N;N;N
1104000;2218;2204;2020;complete;60183;6;-1;70;;1;0;1;4;3;7;-1;-1;3;2;0;0;4;8;5;11;9;19;-1;-1;41;59;3;2;1.74;3.5;3.5;1;1.15;1.56;2.4;4.15;10.75;4.1;2.15;1.43;1.15;1.51;2.2;0;0;0;0;0;0;0;2.4;2.38;3.75;0;0;0;0;0;0;0;0;0;0;0;0;0;0;0;0;0;0;1.62;0;2.38;0;0;0;0;0;0;0;0;0;0;0;0;0;0;0;0;0;0;0;0;0;0;1;0;0;1;0;1;0;2020-10-14 18:00:00;2218;0;75;0;75;0;1;1;2;2;2;1;4;3;1;1;2;1;2;3;1;25;46;57;72;1.03;2.08;3.11;0;0;0;0;0;0;1;1;0;0;0;0;0;0;-1;-1;-1;-1;-1;-1;-1;-1;-1;0;0;75;75;100;0;75;100;75;5;0;3;2.5;Colchagua;Iberia;1.18;1.91;1.5;1.5;2;0.8;100;100;25;25;0;50;50;0;1.42;1.12;2.54;5012;22;Y;N;N;N;N;N;N
1104001;2213;2225;2020;complete;60183;6;-1;62;79;1;1;2;5;4;9;-1;-1;2;2;0;0;4;5;10;3;14;8;-1;-1;49;51;2;2;3.1;3.4;1.87;1;1.14;1.53;2.35;4;11.25;4.25;2.2;1.47;1.16;1.48;2.3;0;0;0;0;0;0;0;3.25;2.4;2.5;0;0;0;0;0;0;0;0;0;0;0;0;0;0;0;0;0;0;2;0;1.8;0;0;0;0;0;0;0;0;0;0;0;0;0;0;0;0;0;0;0;0;0;0;2;0;0;1;1;2;0;2020-10-14 15:30:00;-1;0;25;0;0;0;1;1;2;1;3;3;3;6;0;1;2;1;1;3;1;53;28;93;78;1.55;1.07;2.61;1;0;1;0;0;0;1;1;0;0;0;0;0;0;-1;-1;-1;-1;-1;-1;-1;-1;-1;25;25;25;100;100;25;25;75;50;3;0;7;2.75;Concepción;Recoleta;0.82;2.09;0;3;0.75;1.8;75;75;75;0;0;0;0;0;1.21;1.43;2.64;5012;22;Y;Y;N;N;N;N;Y
1104002;2237;2219;2020;complete;60183;6;-1;24,36;;2;0;2;3;8;11;-1;-1;1;4;0;0;5;3;4;2;9;5;-1;-1;51;49;1;4;1.56;3.55;4.45;1.01;1.22;1.77;2.95;5.25;9;3.4;1.83;1.3;1.09;1.74;1.83;0;0;0;0;0;0;0;2.2;2.25;4.5;0;0;0;0;0;0;0;0;0;0;0;0;0;0;0;0;0;0;1.44;0;2.88;0;0;0;0;0;0;0;0;0;0;0;0;0;0;0;0;0;0;0;0;0;0;2;2;0;0;0;0;2;2020-10-14 15:00:00;2237;0;50;0;50;0;1;1;1;2;2;6;3;8;0;2;1;2;2;3;1;47;65;77;84;1.26;1;2.26;0;0;0;0;0;0;1;1;0;0;1;0;0;0;-1;-1;-1;-1;-1;-1;-1;-1;-1;0;0;25;50;75;0;25;75;50;7;0;4.5;1.5;Lautaro de Buin ;Independiente;2.27;1;3;1;2.6;1;100;100;75;50;25;75;75;50;1.18;1.55;2.73;5012;22;Y;Y;N;N;N;N;N
1104003;2246;2223;2020;complete;60183;6;-1;49;70;1;1;2;7;11;18;-1;-1;2;2;0;0;6;6;6;6;12;12;-1;-1;55;45;2;2;2.35;3.5;2.3;1;1.17;1.61;2.55;4.45;10.25;3.9;2.05;1.38;1.13;1.54;2.2;0;0;0;0;0;0;0;2.63;2.2;3.75;0;0;0;0;0;0;0;0;0;0;0;0;0;0;0;0;0;0;1.67;0;2.4;0;0;0;0;0;0;0;0;0;0;0;0;0;0;0;0;0;0;0;0;0;0;2;0;0;1;1;2;0;2020-10-15 15:00:00;-1;0;42;0;42;0;1;1;0;6;7;5;6;12;1;1;1;1;2;2;1;31;23;59;59;1.4;1.34;2.74;0;0;0;0;0;0;1;1;0;0;0;0;0;0;-1;-1;-1;-1;-1;-1;-1;-1;-1;0;0;17;42;75;0;17;75;42;7.5;0;4.67;1.34;General Velásquez;San Antonio Unido;1.09;0.91;1;1;1.25;1.4;100;100;84;59;25;75;50;25;1.28;0.82;2.1;5012;22;Y;Y;N;N;N;N;Y
1104004;2221;2236;2020;complete;60183;6;-1;34,84;45;2;1;3;-1;-1;-1;-1;-1;2;1;0;0;-1;-1;-1;-1;-1;-1;-1;-1;-1;-1;2;1;0;0;0;0;0;0;0;0;0;0;0;0;0;0;0;0;0;0;0;0;0;0;0;0;0;0;0;0;0;0;0;0;0;0;0;0;0;0;0;0;0;0;0;0;0;0;0;0;0;0;0;0;0;0;0;0;0;0;0;0;0;0;0;0;0;0;0;0;3;1;1;1;0;1;2;2020-10-15 18:00:00;2221;0;25;0;25;0;-1;1;-1;-1;-1;-1;-1;-1;1;1;1;0;2;1;-1;0;0;0;0;0;0;0;0;0;0;0;0;0;1;1;0;0;-1;-1;0;0;-1;-1;-1;-1;-1;-1;-1;-1;-1;0;0;25;50;67;0;25;50;50;6.5;0;5.5;1.42;Deportes Vallenar;Fernández Vial;1.36;2;1.67;1.5;1.2;1.8;100;100;75;50;34;25;25;25;0;2.15;2.15;5012;22;Y;Y;Y;N;N;N;Y
1104005;2219;2228;2020;complete;60183;7;-1;55;90;1;1;2;2;1;3;-1;-1;2;2;0;0;6;3;6;7;12;10;-1;-1;51;49;2;2;2;3.3;3.25;1.01;1.18;1.7;2.65;4.65;10;3.75;1.7;1.36;1.11;1.56;2.15;0;0;0;0;0;0;0;0;0;0;0;0;0;0;0;0;0;0;0;0;0;0;0;0;0;0;0;0;0;0;0;0;0;0;0;0;0;0;0;0;0;0;0;0;0;0;0;0;0;0;0;0;0;2;0;0;1;1;2;0;2020-10-27 21:00:00;-1;0;17;0;0;0;1;1;1;1;1;0;2;1;1;2;1;0;3;1;1;0;0;0;0;1.44;0.99;2.42;0;0;0;0;0;0;1;1;0;0;0;0;0;0;-1;-1;-1;-1;-1;-1;-1;-1;-1;17;17;33;33;100;33;50;67;0;7.33;0;4.17;2;Independiente;Deportes Linares;1.55;0.82;1;1;0.83;0.6;84;84;67;67;0;50;25;25;1.17;1.13;2.3;5012;22;Y;Y;N;N;N;N;Y
1104006;2242;2237;2020;complete;60183;7;-1;77,80;10,33,37,70;2;4;6;5;5;10;-1;-1;5;1;0;1;6;6;3;4;9;10;-1;-1;57;43;5;2;2.7;3.1;2.2;1.01;1.25;1.83;3.05;5.5;8.75;3.3;1.8;1.27;1.08;1.67;2;0;0;0;0;0;0;0;3;2.25;3;0;0;0;0;0;0;0;0;0;0;0;0;0;0;0;0;0;0;1.83;0;2;0;0;0;0;0;0;0;0;0;0;0;0;0;0;0;0;0;0;0;0;0;0;6;0;3;2;1;3;3;2020-10-28 15:00:00;2237;0;67;33;17;0;1;1;0;3;5;2;3;7;2;1;3;1;3;4;1;29;28;65;63;1.2;1.25;2.46;0;1;0;1;0;0;1;1;0;1;0;2;0;0;-1;-1;-1;-1;-1;-1;-1;-1;-1;17;17;67;84;84;50;67;84;34;8;0;6;2.67;Colina;Lautaro de Buin ;1.18;2;1.33;2.33;1.5;2.67;84;84;33;17;17;34;17;17;1.52;1.18;2.7;5012;22;Y;Y;Y;Y;Y;Y;Y
1104007;2204;2213;2020;complete;60183;7;-1;;;0;0;0;-1;-1;-1;-1;-1;3;1;0;0;-1;-1;-1;-1;-1;-1;-1;-1;-1;-1;3;1;0;0;0;0;0;0;0;0;0;0;0;0;0;0;0;0;0;0;0;0;0;0;0;0;0;0;0;0;0;0;0;0;0;0;0;0;0;0;0;0;0;0;0;0;0;0;0;0;0;0;0;0;0;0;0;0;0;0;0;0;0;0;0;0;0;0;0;0;0;0;0;0;0;0;0;2020-10-27 19:00:00;-1;0;50;42;17;0;-1;1;-1;-1;-1;-1;-1;-1;1;0;2;1;1;3;-1;0;0;0;0;0;0;0;0;0;0;0;0;0;1;1;0;0;-1;-1;0;0;-1;-1;-1;-1;-1;-1;-1;-1;-1;17;17;50;67;84;33;67;50;17;10.17;0;5.5;2.34;Iberia;Concepción;0.64;1.09;0.33;1;0.67;0.67;84;84;50;33;17;59;42;0;1.2;1.51;2.71;5012;22;N;N;N;N;N;N;N
1104008;2225;2246;2020;complete;60183;7;-1;23,38,44;77;3;1;4;2;10;12;-1;-1;1;3;0;0;8;9;4;7;12;16;-1;-1;49;51;1;3;1.71;3.55;3.5;1;1.16;1.57;2.45;4.25;10.5;4;2.1;1.42;1.14;1.56;2.15;0;0;0;0;0;0;0;2.3;2.38;4;0;0;0;0;0;0;0;0;0;0;0;0;0;0;0;0;0;0;1.57;0;2.6;0;0;0;0;0;0;0;0;0;0;0;0;0;0;0;0;0;0;0;0;0;0;4;3;0;0;1;1;3;2020-10-27 15:00:00;2225;0;59;25;34;0;1;1;0;2;2;8;2;10;1;3;0;0;4;0;1;34;37;78;63;1.57;1.9;3.47;0;1;0;1;0;0;1;1;0;0;0;0;0;0;-1;-1;-1;-1;-1;-1;-1;-1;-1;17;42;75;75;100;42;75;100;59;8;0;4.67;3.25;Recoleta;General Velásquez;1.27;1.91;1;1.5;1.67;1.2;84;59;25;25;0;25;25;25;1.79;1.06;2.85;5012;22;Y;Y;Y;Y;N;N;Y
1104009;2223;2221;2020;complete;60183;7;-1;;;0;0;0;-1;-1;-1;-1;-1;3;3;1;0;-1;-1;-1;-1;-1;-1;-1;-1;-1;-1;4;3;0;0;0;0;0;0;0;0;0;0;0;0;0;0;0;0;0;0;0;0;0;0;0;0;0;0;0;0;0;0;0;0;0;0;0;0;0;0;0;0;0;0;0;0;0;0;0;0;0;0;0;0;0;0;0;0;0;0;0;0;0;0;0;0;0;0;0;0;0;0;0;0;0;0;0;2020-10-27 15:00:00;-1;0;50;0;50;0;-1;1;-1;-1;-1;-1;-1;-1;2;1;2;2;3;4;-1;0;0;0;0;0;0;0;0;0;0;0;0;0;1;1;0;0;-1;-1;0;0;-1;-1;-1;-1;-1;-1;-1;-1;-1;25;25;50;75;75;25;50;75;50;10.5;0;5.5;2.75;San Antonio Unido;Deportes Vallenar;1.64;0.73;2;0.5;1.33;1.5;75;75;50;25;25;75;25;25;2.05;1.28;3.33;5012;22;N;N;N;N;N;N;N
1104010;2236;2218;2020;complete;60183;7;-1;;51,75;0;2;2;3;2;5;-1;-1;1;4;0;0;4;7;11;8;15;15;-1;-1;48;52;1;4;2.25;3.15;2.6;1.01;1.2;1.71;2.8;4.95;9.5;3.6;1.91;1.33;1.1;1.57;2.1;0;0;0;0;0;0;0;3;2.1;3.25;0;0;0;0;0;0;0;0;0;0;0;0;0;0;0;0;0;0;1.83;0;2.1;0;0;0;0;0;0;0;0;0;0;0;0;0;0;0;0;0;0;0;0;0;0;2;0;0;0;2;2;0;2020-10-27 15:00:00;2218;0;50;17;17;0;1;1;1;2;2;0;3;2;0;2;1;2;2;3;1;50;35;89;74;1.59;1.69;3.27;0;0;0;0;0;0;1;1;0;0;0;1;0;0;-1;-1;-1;-1;-1;-1;-1;-1;-1;0;17;50;50;84;17;50;84;50;9.17;0;4.34;2;Fernández Vial;Colchagua;2.09;1.45;2;2.33;1.5;2.17;100;84;50;50;17;42;42;25;1.23;1.56;2.79;5012;22;Y;Y;N;N;N;N;N
1104011;2218;2225;2020;complete;60183;8;-1;38;55,88;1;2;3;5;4;9;-1;-1;4;2;1;0;4;7;3;5;7;12;-1;-1;44;56;6;2;1.71;3.5;3.7;1;1.17;1.62;2.6;4.55;10.25;3.9;2.05;1.38;1.12;1.61;2.1;0;0;0;0;0;0;0;2.3;2.38;4;0;0;0;0;0;0;0;0;0;0;0;0;0;0;0;0;0;0;1.53;0;2.63;0;0;0;0;0;0;0;0;0;0;0;0;0;0;0;0;0;0;0;0;0;0;3;1;0;0;2;2;1;2020-11-01 15:00:00;2225;0;50;0;42;0;1;1;2;2;3;2;4;5;1;1;4;1;2;5;1;36;41;69;81;0.99;1.55;2.53;0;0;0;0;0;0;1;1;0;0;0;1;0;0;-1;-1;-1;-1;-1;-1;-1;-1;-1;17;17;33;67;100;17;33;84;33;5.5;0;5.17;2.34;Colchagua;Recoleta;1.18;2.09;2;2.33;2.29;1.86;84;84;67;34;0;50;25;0;1.22;1.25;2.47;5012;22;Y;Y;Y;N;N;N;Y
1104012;2223;2204;2020;complete;60183;8;-1;53;35,38,47,56,65,80;1;6;7;7;8;15;-1;-1;4;3;1;0;6;13;3;7;9;20;-1;-1;45;55;6;3;2.05;3.3;2.9;1.01;1.21;1.74;2.9;5;9.5;3.5;1.91;1.31;1.1;1.62;2.05;0;0;0;0;0;0;0;2.75;2.25;3.4;0;0;0;0;0;0;0;0;0;0;0;0;0;0;0;0;0;0;1.73;0;2.2;0;0;0;0;0;0;0;0;0;0;0;0;0;0;0;0;0;0;0;0;0;0;7;0;2;1;4;5;2;2020-11-01 15:00:00;2204;0;50;0;50;0;1;1;6;2;1;6;8;7;1;1;4;2;2;6;1;50;79;103;110;1.36;2.74;4.09;0;0;0;0;0;0;1;1;0;0;1;0;0;0;-1;-1;-1;-1;-1;-1;-1;-1;-1;0;0;50;67;84;17;50;84;50;8.5;0;4.33;2;San Antonio Unido;Iberia;1.64;1.91;1.67;1;1.29;0.71;100;100;50;33;17;25;0;0;2.05;1.6;3.65;5012;22;Y;Y;Y;Y;Y;Y;Y
1104013;2246;2219;2020;complete;60183;8;-1;80,90;49;2;1;3;7;4;11;-1;-1;2;4;0;0;4;3;6;7;10;10;-1;-1;49;51;2;4;2;3.2;3.1;0;0;2;0;0;0;0;1.8;0;0;0;0;0;0;0;0;0;0;0;2.75;2.1;3.75;0;0;0;0;0;0;0;0;0;0;0;0;0;0;0;0;0;0;1.73;0;2.4;0;0;0;0;0;0;0;0;0;0;0;0;0;0;0;0;0;0;0;0;0;0;3;0;0;2;1;3;0;2020-10-31 15:00:00;2246;0;50;0;50;0;1;1;5;1;2;3;6;5;1;2;1;2;3;3;1;89;63;121;116;1.56;1.31;2.87;0;1;0;1;0;0;1;1;0;0;0;1;1;0;-1;-1;-1;-1;-1;-1;-1;-1;-1;0;0;0;67;67;17;17;50;50;9.34;0;5.33;1.33;General Velásquez;Independiente;1.09;1;1;0.67;1;0.86;100;100;100;33;33;67;50;33;1.32;1.36;2.68;5012;22;Y;Y;Y;N;N;N;Y
1104014;2237;2213;2020;complete;60183;8;-1;4,62;49;2;1;3;3;5;8;-1;-1;2;4;0;1;7;7;6;5;13;12;-1;-1;55;45;2;6;1.74;3;4.3;1.02;1.26;1.91;3.25;6;8.5;3.15;1.74;1.25;1.07;1.77;1.87;0;0;0;0;0;0;0;2.3;2.2;4.33;0;0;0;0;0;0;0;0;0;0;0;0;0;0;0;0;0;0;1.53;0;2.75;0;0;0;0;0;0;0;0;0;0;0;0;0;0;0;0;0;0;0;0;0;0;3;1;0;1;1;2;1;2020-11-01 15:00:00;2237;0;42;13;29;0;1;1;2;2;1;3;4;4;1;3;1;2;4;3;1;27;36;57;58;1.5;1.5;3.01;0;0;0;0;0;0;1;1;1;0;0;0;0;0;-1;-1;-1;-1;-1;-1;-1;-1;-1;13;13;42;59;88;29;71;59;29;10.34;0;3.08;2.13;Lautaro de Buin ;Concepción;2.27;1.09;3;1;2.71;0.71;88;88;59;42;13;84;67;50;1.21;1.51;2.72;5012;22;Y;Y;Y;N;N;N;Y
1104015;2228;2236;2020;complete;60183;8;-1;59;11,22,42,62;1;4;5;2;11;13;-1;-1;1;0;1;0;5;9;5;7;10;16;-1;-1;51;49;3;0;1.59;3.55;4.35;1.01;1.22;1.77;2.9;5.25;9.25;3.45;1.87;1.3;1.09;1.74;1.87;0;0;0;0;0;0;0;0;0;0;0;0;0;0;0;0;0;0;0;0;0;0;0;0;0;0;0;0;0;0;0;0;0;0;0;0;0;0;0;0;0;0;0;0;0;0;0;0;0;0;0;0;0;6;0;3;1;2;3;3;2020-11-01 15:00:00;2236;0;59;17;42;0;1;1;1;8;1;3;9;4;0;0;2;0;0;2;1;0;0;0;0;1.33;2.15;3.49;0;0;0;0;0;0;1;1;0;0;0;2;0;0;-1;-1;-1;-1;-1;-1;-1;-1;-1;0;0;59;75;100;17;84;75;59;13.5;0;4.5;2.34;Deportes Linares;Fernández Vial;0.82;2;0;1;0.67;1.29;100;100;42;25;0;75;75;75;1.17;2.15;3.32;5012;22;Y;Y;Y;Y;Y;Y;Y
1104016;2221;2242;2020;complete;60183;8;-1;37,41,66;8,90;3;2;5;2;6;8;-1;-1;2;0;0;0;6;6;5;5;11;11;-1;-1;42;58;2;0;2.15;3.4;2.65;1.01;1.19;1.67;2.7;4.75;10;3.75;2;1.35;1.11;1.57;2.15;0;0;0;0;0;0;0;3;2.25;3;0;0;0;0;0;0;0;0;0;0;0;0;0;0;0;0;0;0;1.83;0;2.05;0;0;0;0;0;0;0;0;0;0;0;0;0;0;0;0;0;0;0;0;0;0;5;2;1;1;1;2;3;2020-11-02 15:00:00;2221;0;46;17;34;0;1;1;1;3;1;3;4;4;1;0;1;0;1;1;1;35;49;62;77;1.37;1.47;2.83;0;1;0;1;0;0;1;1;0;1;0;0;0;0;-1;-1;-1;-1;-1;-1;-1;-1;-1;0;0;13;46;75;13;29;46;34;3;0;4.34;1.34;Deportes Vallenar;Colina;1.36;1.09;2;1.67;1.43;1.29;100;100;88;54;25;17;17;17;0;1.4;1.4;5012;22;Y;Y;Y;Y;Y;N;Y
1104017;2242;2236;2020;complete;60183;9;-1;;20,41,73;0;3;3;16;5;21;-1;-1;3;2;0;0;8;9;2;4;10;13;-1;-1;63;37;3;2;2.5;3.5;2.2;1;1.17;1.61;2.55;4.4;10.5;3.95;2.1;1.4;1.13;1.54;2.2;0;0;0;0;0;0;0;3.1;2.3;2.88;0;0;0;0;0;0;0;0;0;0;0;0;0;0;0;0;0;0;2.1;0;1.8;0;0;0;0;0;0;0;0;0;0;0;0;0;0;0;0;0;0;0;0;0;0;3;0;2;0;1;1;2;2020-11-06 15:00:00;2236;0;88;25;50;0;1;1;6;3;10;2;9;12;1;0;2;2;1;4;1;47;30;67;58;1.53;1.66;3.19;0;0;0;0;0;0;1;1;0;0;1;2;0;0;-1;-1;-1;-1;-1;-1;-1;-1;-1;38;38;75;100;100;50;75;100;75;13;0;5.75;3.75;Colina;Fernández Vial;1.18;2;1;1.5;1.13;1.5;63;63;25;0;0;71;59;46;1.44;2.15;3.59;5012;22;Y;Y;Y;N;N;N;N
1104018;2218;2237;2020;complete;60183;9;-1;;19,57;0;2;2;4;4;8;-1;-1;3;2;1;0;6;7;8;8;14;15;-1;-1;46;54;5;2;2.4;3;2.6;1.01;1.24;1.8;3;5.5;9;3.35;1.83;1.29;1.08;1.62;2.05;0;0;0;0;0;0;0;3;2.2;3.1;0;0;0;0;0;0;0;0;0;0;0;0;0;0;0;0;0;0;1.83;0;2.1;0;0;0;0;0;0;0;0;0;0;0;0;0;0;0;0;0;0;0;0;0;0;2;0;1;0;1;1;1;2020-11-05 15:00:00;2237;0;50;13;25;0;1;1;3;3;1;1;6;2;1;1;3;1;2;4;1;33;41;57;78;1.54;1.73;3.27;0;0;0;0;0;0;1;1;0;0;1;1;0;0;-1;-1;-1;-1;-1;-1;-1;-1;-1;13;13;63;63;88;38;63;88;38;7.34;0;6.25;2.5;Colchagua;Lautaro de Buin ;1.18;2;1.5;2.5;2;2.75;88;88;38;38;13;50;33;0;1.14;1.2;2.34;5012;22;Y;Y;N;N;N;N;N
1104019;2213;2246;2020;complete;60183;9;-1;85;71;1;1;2;5;6;11;-1;-1;4;2;0;0;4;6;6;3;10;9;-1;-1;54;46;4;2;2.55;2.95;2.45;1.04;1.36;2.2;4;7.25;7;2.65;1.54;1.16;1.03;1.91;1.71;0;0;0;0;0;0;0;3.2;2;3.4;0;0;0;0;0;0;0;0;0;0;0;0;0;0;0;0;0;0;1.91;0;2.2;0;0;0;0;0;0;0;0;0;0;0;0;0;0;0;0;0;0;0;0;0;0;2;0;0;1;1;2;0;2020-11-05 16:00:00;-1;0;50;17;17;0;1;1;1;5;4;1;6;5;0;0;4;2;0;6;1;44;36;75;84;1.23;1.26;2.49;0;0;0;0;0;0;1;1;0;0;0;0;0;0;-1;-1;-1;-1;-1;-1;-1;-1;-1;0;34;34;67;100;34;34;100;50;10.83;0;5.33;2.34;Concepción;General Velásquez;0.82;1.91;0.33;1;0.63;1.29;100;67;67;33;0;59;42;42;1.33;1.48;2.81;5012;22;Y;Y;N;N;N;N;Y
1104020;2204;2221;2020;complete;60183;9;-1;40;2,47;1;2;3;5;3;8;-1;-1;4;4;0;0;11;5;3;4;14;9;-1;-1;52;48;4;4;2.7;3;2.3;1.04;1.34;2.15;3.85;7;7.25;2.75;1.57;1.17;1.03;1.87;1.74;0;0;0;0;1.53;1.31;1.37;3.4;2;3.1;3.2;2.15;2.88;0;0;0;0;0;0;0;0;0;0;0;0;0;0;0;2;7.5;2.05;4.5;3.8;1.43;3.22;8;17;2.62;1.34;1.06;1.01;1.33;2.38;5;11;3.24;1.54;1.14;1.03;0;0;0;0;3;1;1;0;1;1;2;2020-11-06 15:00:00;2221;0;29;17;17;0;1;1;3;0;2;3;3;5;2;2;2;2;4;4;1;45;28;82;49;1.98;1.12;3.1;0;0;0;0;0;0;1;1;0;1;0;0;1;0;-1;-1;-1;-1;-1;-1;-1;-1;-1;17;17;29;42;42;13;29;29;17;8.5;0;6;1.63;Iberia;Deportes Vallenar;0.64;0.73;0.5;0.67;1;1.63;84;84;71;59;59;75;50;25;1.2;1.28;2.48;5012;22;Y;Y;Y;N;N;N;Y
1104021;2225;2228;2020;complete;60183;9;-1;90;;1;0;1;10;3;13;-1;-1;0;1;1;0;5;2;6;5;11;7;-1;-1;50;50;2;1;1.35;4.1;6.1;1.01;1.18;1.7;2.65;4.65;10.25;3.8;1.7;1.36;1.11;1.91;1.71;0;0;0;0;0;0;0;0;0;0;0;0;0;0;0;0;0;0;0;0;0;0;0;0;0;0;0;0;0;0;0;0;0;0;0;0;0;0;0;0;0;0;0;0;0;0;0;0;0;0;0;0;0;1;0;0;1;0;1;0;2020-11-05 20:00:00;2225;0;50;0;42;0;1;1;5;2;5;1;7;6;0;0;1;1;0;2;1;0;0;0;0;1.69;0.98;2.67;0;0;0;0;0;0;1;1;0;0;2;0;0;0;-1;-1;-1;-1;-1;-1;-1;-1;-1;13;25;63;75;100;38;63;88;38;7.66;0;3.92;2.88;Recoleta;Deportes Linares;1.27;0.82;1.5;1;2;0.57;88;75;38;25;0;67;50;50;1.71;1.08;2.79;5012;22;Y;N;N;N;N;N;N
1104022;2219;2223;2020;complete;60183;9;-1;40,47;45;2;1;3;2;2;4;-1;-1;3;2;0;1;6;5;5;6;11;11;-1;-1;52;48;3;3;2.6;3.2;2.41;1.04;1.35;2.02;3.9;7;7.25;2.7;2.02;1.17;1.03;1.87;1.77;0;0;0;0;0;0;0;3.25;2.1;3.1;0;0;0;0;0;0;0;0;0;0;0;0;0;0;0;0;0;0;1.95;0;2.05;0;0;0;0;0;0;0;0;0;0;0;0;0;0;0;0;0;0;0;0;0;0;3;1;1;1;0;1;2;2020-11-05 21:00:00;2219;0;50;0;38;0;1;1;0;1;2;1;1;3;2;0;1;3;2;4;1;28;33;73;60;1.32;1.28;2.6;0;0;0;0;0;0;1;1;0;0;0;0;0;0;-1;-1;-1;-1;-1;-1;-1;-1;-1;13;13;25;50;100;13;38;88;38;10.08;0;5;2;Independiente;San Antonio Unido;1.55;0.91;1;1;0.75;1.13;88;88;75;50;0;50;50;34;1.24;0.99;2.23;5012;22;Y;Y;Y;N;N;N;Y
1104023;2242;2225;2020;complete;60183;10;-1;37,47;17,36,69,75;2;4;6;3;4;7;-1;-1;3;2;0;0;6;8;4;8;10;16;-1;-1;42;58;3;2;3;3.15;2.05;1.01;1.24;1.8;3.05;5.5;9;3.35;1.8;1.28;1.08;1.67;2;0;0;0;0;0;0;0;3.6;2.25;2.6;0;0;0;0;0;0;0;0;0;0;0;0;0;0;0;0;0;0;2.1;0;1.8;0;0;0;0;0;0;0;0;0;0;0;0;0;0;0;0;0;0;0;0;0;0;7;2;2;1;2;3;4;2020-11-10 15:00:00;2225;0;78;10;37;0;1;1;1;2;2;2;3;4;0;0;3;2;0;5;1;48;86;109;120;1.41;2.19;3.6;0;0;0;0;0;0;1;1;0;0;0;1;0;0;-1;-1;-1;-1;-1;-1;-1;-1;-1;33;33;65;100;100;43;65;88;55;10.2;0;5.73;3.4;Colina;Recoleta;1.18;2.09;0.8;2.5;1;2.11;68;68;35;0;0;74;30;20;1.46;1.35;2.81;5012;22;Y;Y;Y;Y;Y;Y;Y
1104024;2221;2213;2020;complete;60183;10;-1;;;0;0;0;-1;-1;-1;-1;-1;1;2;0;0;-1;-1;-1;-1;-1;-1;-1;-1;-1;-1;1;2;0;0;0;0;0;0;0;0;0;0;0;0;0;0;0;0;0;0;0;0;0;0;0;0;0;0;0;0;0;0;0;0;0;0;0;0;0;0;0;0;0;0;0;0;0;0;0;0;0;0;0;0;0;0;0;0;0;0;0;0;0;0;0;0;0;0;0;0;0;0;0;0;0;0;0;2020-11-11 15:00:00;-1;0;50;35;33;0;-1;1;-1;-1;-1;-1;-1;-1;1;2;0;0;3;0;-1;0;0;0;0;0;0;0;0;0;0;0;0;0;1;1;0;0;-1;-1;0;0;-1;-1;-1;-1;-1;-1;-1;-1;-1;20;20;50;50;70;30;60;50;30;8.25;0;4.35;2.1;Deportes Vallenar;Concepción;1.36;1.09;2.2;0.8;1.78;0.67;80;80;50;50;30;25;13;0;1.37;1.5;2.87;5012;22;N;N;N;N;N;N;N
1104025;2228;2237;2020;complete;60183;10;-1;61;23,50;1;2;3;5;4;9;-1;-1;1;1;0;0;5;11;9;2;14;13;-1;-1;49;51;1;1;6.25;3.75;1.38;1.01;1.19;1.69;2.75;4.85;9.5;3.65;1.95;1.34;1.1;1.8;1.83;0;0;0;0;0;0;0;0;0;0;0;0;0;0;0;0;0;0;0;0;0;0;0;0;0;0;0;0;0;0;0;0;0;0;0;0;0;0;0;0;0;0;0;0;0;0;0;0;0;0;0;0;0;3;0;1;1;1;2;1;2020-12-16 21:00:00;2237;0;59;17;25;0;1;1;3;4;2;0;7;2;0;0;1;1;0;2;1;0;0;0;0;1.44;1.88;3.32;0;0;0;0;0;0;1;1;0;0;1;2;0;0;-1;-1;-1;-1;-1;-1;-1;-1;-1;25;33;59;75;92;42;92;75;42;6.8;0;4.34;3;Deportes Linares;Lautaro de Buin ;0.82;2;0.67;2.17;0.75;2.46;75;67;42;25;9;40;40;30;1.33;1.26;2.59;5012;22;Y;Y;Y;N;N;N;Y
1104026;2246;2204;2020;complete;60183;10;-1;;12,82;0;2;2;7;4;11;-1;-1;3;3;1;0;6;5;8;5;14;10;-1;-1;45;55;5;3;2.35;3;2.6;1.02;1.26;1.91;3.25;6;8.5;3.15;1.74;1.25;1.07;1.71;1.95;0;0;0;0;1.41;1.28;1.48;2.75;2.1;3.75;2.8;2.25;3.1;0;0;0;0;2;0;0;0;0;1.8;0;0;0;0;0;1.73;8.25;2.38;4.25;4.75;1.4;3;7;15;2.85;1.37;1.08;1.02;1.29;2.2;4.5;10;3.5;1.62;1.17;1.04;0;0;0;0;2;0;1;0;1;1;1;2020-11-11 15:00:00;2204;0;75;0;75;0;1;1;1;1;6;3;2;9;1;1;3;2;2;5;1;32;38;64;71;1.53;1.26;2.79;0;0;0;0;0;0;1;1;0;0;0;1;0;0;-1;-1;-1;-1;-1;-1;-1;-1;-1;13;13;50;75;88;13;38;88;75;9.92;0;3.5;2.63;General Velásquez;Iberia;1.09;1.91;1.5;1.5;1.25;0.89;88;88;50;25;13;54;42;42;1.38;1.98;3.36;5012;22;Y;Y;N;N;N;N;N
1104027;2223;2218;2020;complete;60183;10;-1;53,64;68;2;1;3;2;4;6;-1;-1;4;3;0;0;5;4;6;9;11;13;-1;-1;44;56;4;3;2.5;3.2;2.5;1.01;1.22;1.8;2.9;5.25;9.25;3.45;2;1.3;1.09;1.62;2.05;0;0;0;0;1.43;1.27;1.47;3.1;2.2;3.1;2.88;2.3;2.9;0;0;0;0;0;0;0;0;0;0;0;0;0;0;0;1.95;10;1.95;4.4;4.8;1.33;2.74;6.5;15;3;1.41;1.1;1.02;1.25;2.05;4.32;9;3.74;1.7;1.2;1.05;0;0;0;0;3;0;0;2;1;3;0;2020-11-10 21:00:00;2223;0;38;0;25;0;1;1;1;3;1;1;4;2;1;1;3;2;2;5;1;52;76;122;122;1.43;1.65;3.09;0;0;0;0;0;0;1;1;0;0;1;1;0;0;-1;-1;-1;-1;-1;-1;-1;-1;-1;13;13;38;63;75;25;38;75;50;9;0;6.25;2.25;San Antonio Unido;Colchagua;1.64;1.45;1.25;2.5;1;1.78;88;88;63;38;25;50;33;33;1.82;1.61;3.43;5012;22;Y;Y;Y;N;N;N;Y
1104028;2236;2219;2020;complete;60183;10;-1;7,51,74;66;3;1;4;4;5;9;-1;-1;1;2;0;0;5;7;5;5;10;12;-1;-1;39;61;1;2;1.83;3.25;3.5;1.02;1.27;1.91;3.3;6;8.25;3.1;1.71;1.25;1.06;1.8;1.83;0;0;0;0;0;0;0;2;2.3;5.5;0;0;0;0;0;0;0;0;0;0;0;0;0;0;0;0;0;0;1.4;0;3.25;0;0;0;0;0;0;0;0;0;0;0;0;0;0;0;0;0;0;0;0;0;0;4;1;0;2;1;3;1;2020-11-24 13:30:00;2236;0;50;13;38;0;1;1;2;1;2;4;3;6;0;1;1;1;1;2;1;22;32;49;60;1.14;1.48;2.61;0;0;0;0;0;0;1;1;1;0;0;0;0;1;-1;-1;-1;-1;-1;-1;-1;-1;-1;0;13;38;75;88;25;38;75;63;9.5;0;5.75;2.13;Fernández Vial;Independiente;2.09;1;1.5;0.5;1.6;1.2;100;88;63;25;13;50;50;25;1.32;1.35;2.67;5012;22;Y;Y;Y;Y;N;N;Y
1104029;2237;2246;2020;complete;60183;11;-1;3;19;1;1;2;2;6;8;-1;-1;1;3;0;0;3;5;4;8;7;13;-1;-1;60;40;1;3;1.6;3.6;4.8;1.01;1.2;1.75;2.8;4.9;9.75;3.65;1.95;1.34;1.1;1.74;1.91;0;0;0;0;1.16;1.22;2.06;2.2;2.25;4.75;1.97;2.5;4.68;0;0;0;0;0;0;0;0;0;0;0;0;0;0;0;1.44;9.5;2.88;2.75;9;1.33;2.63;6;13;3.2;1.45;1.11;1.02;1.25;2.05;4.32;9;3.74;1.7;1.2;1.05;0;0;0;0;2;1;1;0;0;0;2;2020-11-15 19:00:00;-1;0;63;13;38;0;1;1;0;2;2;4;2;6;1;1;0;2;2;2;1;38;39;75;61;0.93;1.45;2.38;0;0;0;0;0;0;1;1;1;0;0;0;0;1;-1;-1;-1;-1;-1;-1;-1;-1;-1;0;25;50;75;100;38;63;88;50;9.17;0;3.75;2.5;Lautaro de Buin ;General Velásquez;2.27;1.91;3;1;2.78;1.11;100;75;50;25;0;71;71;71;1.28;1.41;2.69;5012;22;Y;Y;N;N;N;N;Y
1104030;2219;2221;2020;complete;60183;11;-1;14,70;6;2;1;3;2;5;7;-1;-1;3;1;0;1;9;4;11;9;20;13;-1;-1;49;51;3;3;3.4;3.3;1.95;1.02;1.28;1.95;3.35;6;8.25;3.05;1.75;1.24;1.06;1.83;1.8;0;0;0;0;0;0;0;4;2.1;2.63;0;0;0;0;0;0;0;0;0;0;0;0;0;0;0;0;0;0;2.2;0;1.8;0;0;0;0;0;0;0;0;0;0;0;0;0;0;0;0;0;0;0;0;0;0;3;1;1;1;0;1;2;2020-11-15 19:00:00;2219;0;55;23;23;0;1;1;1;4;1;1;5;2;1;1;2;1;2;3;1;41;29;65;56;2.18;1.31;3.48;0;0;0;0;0;0;1;1;0;1;0;2;0;0;-1;-1;-1;-1;-1;-1;-1;-1;-1;23;23;45;55;75;33;55;65;23;7.73;0;5.6;2.33;Independiente;Deportes Vallenar;1.55;0.73;1.4;1.25;1;1.7;78;78;55;45;25;34;17;17;1.26;1.23;2.49;5012;22;Y;Y;Y;N;N;N;Y
1104031;2218;2228;2020;complete;60183;11;-1;;13,74,85;0;3;3;9;5;14;-1;-1;0;1;0;0;4;7;7;7;11;14;-1;-1;49;51;0;1;1.56;3.75;4.25;1.01;1.21;1.74;2.85;5;9.75;3.55;1.91;1.32;1.1;1.74;1.91;0;0;0;0;0;0;0;0;0;0;0;0;0;0;0;0;0;0;0;0;0;0;0;0;0;0;0;0;0;0;0;0;0;0;0;0;0;0;0;0;0;0;0;0;0;0;0;0;0;0;0;0;0;3;0;1;0;2;2;1;2020-12-23 21:00:00;2228;0;30;7;17;0;1;1;4;3;5;2;7;7;0;0;0;1;0;1;1;0;0;0;0;1.26;1.61;2.86;0;0;0;0;0;0;1;1;0;0;1;0;0;0;-1;-1;-1;-1;-1;-1;-1;-1;-1;0;7;30;52;92;16;44;84;23;7.7;0;4.73;1.81;Colchagua;Deportes Linares;1.18;0.82;1;0.83;1.43;0.64;100;93;70;48;9;74;37;29;1.45;0.95;2.4;5012;22;Y;Y;Y;N;N;N;N
1104032;2213;2223;2020;complete;60183;11;-1;;;0;0;0;6;1;7;-1;-1;2;1;1;0;6;2;3;4;9;6;-1;-1;51;49;4;1;2.38;3.3;2.53;0;0;2.02;0;0;0;0;1.74;0;0;0;0;0;0;0;0;0;0;0;3.1;2.1;3.1;0;0;0;0;0;0;0;0;0;0;0;0;0;0;0;0;0;0;1.91;0;2.1;0;0;0;0;0;0;0;0;0;0;0;0;0;0;0;0;0;0;0;0;0;0;0;0;0;0;0;0;0;2020-11-16 19:00:00;-1;0;55;10;45;0;1;1;4;0;2;1;4;3;2;0;1;1;2;2;1;41;30;87;69;1.29;0.74;2.03;0;0;0;0;0;0;1;1;0;0;0;0;0;0;-1;-1;-1;-1;-1;-1;-1;-1;-1;0;0;20;68;100;10;20;100;58;10.5;0;5.85;1.88;Concepción;San Antonio Unido;0.82;0.91;0.5;0.8;0.7;1.2;100;100;80;33;0;75;63;50;1.3;1.07;2.37;5012;22;N;N;N;N;N;N;N
1104033;2225;2236;2020;complete;60183;11;-1;28,49;45,57;2;2;4;2;8;10;-1;-1;3;3;0;1;4;12;2;2;6;14;-1;-1;58;42;3;4;1.91;3.7;2.9;1;1.15;1.56;2.45;4.15;11;4.15;2.15;1.43;1.15;1.51;2.25;0;0;0;0;0;0;0;2.3;2.38;4;0;0;0;0;0;0;0;0;0;0;0;0;0;0;0;0;0;0;1.53;0;2.5;0;0;0;0;0;0;0;0;0;0;0;0;0;0;0;0;0;0;0;0;0;0;4;1;1;1;1;2;2;2020-11-15 14:00:00;-1;0;60;10;40;0;1;1;1;2;1;6;3;7;2;1;1;3;3;4;1;34;36;58;59;0.91;1.98;2.89;1;0;1;0;0;0;1;1;0;0;0;0;0;0;-1;-1;-1;-1;-1;-1;-1;-1;-1;20;30;80;90;100;50;80;100;50;13.75;0;4.4;3.4;Recoleta;Fernández Vial;1.27;2;1.8;1.8;2.2;1.67;80;70;20;10;0;75;75;75;1.71;2.03;3.74;5012;22;Y;Y;Y;Y;N;N;Y
1104034;2204;2242;2020;complete;60183;11;-1;;46,49;0;2;2;2;3;5;-1;-1;3;2;0;0;0;5;10;3;10;8;-1;-1;56;44;3;2;2.05;3.3;2.9;1;1.16;1.63;2.5;4.35;10.75;4;2.17;1.41;1.14;1.51;2.25;0;0;0;0;0;0;0;2.63;2.3;3.4;0;0;0;0;0;0;0;0;0;0;0;0;0;0;0;0;0;0;1.67;0;2.25;0;0;0;0;0;0;0;0;0;0;0;0;0;0;0;0;0;0;0;0;0;0;2;0;0;0;2;2;0;2020-11-18 20:00:00;2242;0;58;38;38;0;1;1;1;2;1;1;3;2;2;1;1;1;3;2;1;44;39;79;64;0.95;1.14;2.09;0;0;0;0;0;0;1;1;0;0;1;0;0;0;-1;-1;-1;-1;-1;-1;-1;-1;-1;13;13;33;68;80;33;45;58;38;7.75;0;5.5;2.05;Iberia;Colina;0.64;1.09;0.4;1.25;1.1;0.9;88;88;68;33;20;29;29;13;1.46;1.41;2.87;5012;22;Y;Y;N;N;N;N;N
1153991;2246;2218;2020;complete;60183;12;-1;73;24,37;1;2;3;11;1;12;-1;-1;0;3;0;0;11;5;15;6;26;11;-1;-1;57;43;0;3;2.95;2.9;2.2;1.04;1.34;2.15;3.9;7;7.25;2.7;1.57;1.17;1.03;1.87;1.77;0;0;0;0;0;0;0;3.25;1.95;3.4;0;0;0;0;0;0;0;0;0;0;0;0;0;0;0;0;0;0;1.95;0;2.2;0;0;0;0;0;0;0;0;0;0;0;0;0;0;0;0;0;0;0;0;0;0;3;0;2;1;0;1;2;2020-12-01 13:00:00;2218;0;50;0;40;0;1;1;1;0;10;1;1;11;0;1;0;2;1;2;1;39;25;68;65;2.68;1.23;3.9;0;0;0;0;0;0;1;1;0;0;0;0;0;0;-1;-1;-1;-1;-1;-1;-1;-1;-1;0;0;30;70;80;0;20;80;60;8.85;0;5;1.8;General Velásquez;Colchagua;1.09;1.45;1.2;2;1.1;1.6;100;100;70;30;20;53;43;43;1.41;1.62;3.03;5012;22;Y;Y;Y;N;N;N;Y
1153992;2225;2242;2020;complete;60183;12;-1;18;40,71;1;2;3;3;3;6;-1;-1;1;3;1;0;6;6;6;6;12;12;-1;-1;59;41;3;3;1.48;3.75;5;1.01;1.21;1.74;2.85;5;9.5;3.55;1.91;1.32;1.1;1.8;1.8;0;0;0;0;0;0;0;2.1;2.3;5;0;0;0;0;0;0;0;0;0;0;0;0;0;0;0;0;0;0;1.4;0;3.1;0;0;0;0;0;0;0;0;0;0;0;0;0;0;0;0;0;0;0;0;0;0;3;1;1;0;1;1;2;2020-12-01 13:00:00;2242;0;64;19;55;0;1;1;2;1;1;2;3;3;0;0;2;3;0;5;1;33;27;67;59;1.42;1.37;2.79;0;0;0;0;0;0;1;1;0;0;1;0;0;0;-1;-1;-1;-1;-1;-1;-1;-1;-1;19;35;52;82;100;35;62;90;65;9.2;0;4.33;2.95;Recoleta;Colina;1.27;1.09;1.67;1.6;2.09;1.09;82;65;49;19;0;50;50;40;1.55;1.36;2.91;5012;22;Y;Y;Y;N;N;N;Y
1153993;2223;2219;2020;complete;60183;12;-1;35,90;;2;0;2;6;10;16;-1;-1;3;2;0;0;6;4;5;8;11;12;-1;-1;43;57;3;2;1.91;3.1;3.8;0;0;2.38;0;0;0;0;1.53;0;0;0;0;0;0;0;0;0;0;0;2.88;1.95;4;0;0;0;0;0;0;0;0;0;0;0;0;0;0;0;0;0;0;1.8;0;2.5;0;0;0;0;0;0;0;0;0;0;0;0;0;0;0;0;0;0;0;0;0;0;2;1;0;1;0;1;1;2020-12-01 21:00:00;2223;0;60;0;60;0;1;1;3;3;3;7;6;10;1;2;2;0;3;2;1;48;84;101;110;1.47;1.65;3.11;0;0;0;0;0;0;1;1;0;0;0;1;0;0;-1;-1;-1;-1;-1;-1;-1;-1;-1;10;20;50;80;80;30;40;70;60;9.6;0;7.2;2.6;San Antonio Unido;Independiente;1.64;1;1.6;0.4;1.18;1.09;90;80;50;20;20;65;43;33;1.72;1.37;3.09;5012;22;Y;Y;N;N;N;N;N
1153994;2228;2213;2020;complete;60183;12;-1;33;16,39,77,85;1;4;5;1;6;7;-1;-1;2;1;0;0;5;11;5;6;10;17;-1;-1;50;50;2;1;2.38;3.1;2.7;1.04;1.35;1.57;3.9;7;7.25;2.7;2.25;1.17;1.03;1.91;1.74;0;0;0;0;0;0;0;0;0;0;0;0;0;0;0;0;0;0;0;0;0;0;0;0;0;0;0;0;0;0;0;0;0;0;0;0;0;0;0;0;0;0;0;0;0;0;0;0;0;0;0;0;0;5;1;2;0;2;2;3;2020-12-02 21:00:00;2213;0;59;9;50;0;1;1;0;3;1;3;3;4;0;1;2;0;1;2;1;0;0;0;0;1.17;2.14;3.31;0;0;0;0;0;0;1;1;0;0;0;1;0;0;-1;-1;-1;-1;-1;-1;-1;-1;-1;25;25;59;59;84;25;84;59;50;10.75;0;4.5;2.67;Deportes Linares;Concepción;0.82;1.09;0;0.83;0.5;0.73;75;75;42;42;17;75;63;50;1.25;1.5;2.75;5012;22;Y;Y;Y;Y;Y;N;Y
1153995;2236;2237;2020;complete;60183;12;-1;64,84,90;2;3;1;4;5;2;7;-1;-1;4;2;0;1;5;4;6;3;11;7;-1;-1;53;47;4;3;2.6;3.25;2.25;0;0;1.85;0;0;0;0;1.95;0;0;0;0;0;0;0;0;0;0;0;3.2;2.2;3;0;0;0;0;0;0;0;0;0;0;0;0;0;0;0;0;0;0;1.91;0;2;0;0;0;0;0;0;0;0;0;0;0;0;0;0;0;0;0;0;0;0;0;0;4;0;1;3;0;3;1;2020-12-02 13:00:00;2236;0;50;20;30;0;1;1;1;0;4;2;1;6;0;2;4;1;2;5;1;44;35;80;72;1.36;0.98;2.34;0;0;0;0;0;0;1;1;0;1;0;0;0;0;-1;-1;-1;-1;-1;-1;-1;-1;-1;10;30;60;80;90;40;70;90;50;8.55;0;4.6;2.8;Fernández Vial;Lautaro de Buin ;2.09;2;1.8;2.6;1.73;2.6;90;70;40;20;10;33;23;0;1.28;1.33;2.61;5012;22;Y;Y;Y;Y;N;N;Y
1153996;2221;2204;2020;complete;60183;12;-1;87;45;1;1;2;-1;-1;-1;-1;-1;3;3;0;0;-1;-1;-1;-1;-1;-1;-1;-1;-1;-1;3;3;0;0;0;0;0;0;0;0;0;0;0;0;0;0;0;0;0;0;0;0;0;0;0;0;0;0;0;0;0;0;0;0;0;0;0;0;0;0;0;0;0;0;0;0;0;0;0;0;0;0;0;0;0;0;0;0;0;0;0;0;0;0;0;0;0;0;0;0;2;0;1;1;0;1;1;2020-12-02 20:00:00;-1;0;47;20;40;0;-1;1;-1;-1;-1;-1;-1;-1;3;0;0;3;3;3;-1;0;0;0;0;0;0;0;1;1;1;1;0;0;1;1;0;0;-1;-1;0;0;-1;-1;-1;-1;-1;-1;-1;-1;-1;19;19;47;57;75;27;57;67;39;6.5;0;3.4;2.35;Deportes Vallenar;Iberia;1.36;1.91;2;1.8;1.55;1;82;82;54;44;25;25;25;25;1.37;1.8;3.17;5012;22;Y;Y;N;N;N;N;Y
1153997;2242;2246;2020;complete;60183;13;-1;;40;0;1;1;4;5;9;-1;-1;1;2;0;0;5;5;4;6;9;11;-1;-1;52;48;1;2;2.4;3.2;2.55;1.03;1.27;1.95;3;6;10;3.4;1.75;1.34;1.11;1.7;2.05;0;0;0;0;1.44;1.26;1.48;3;2.2;3.1;2.75;2.5;2.88;0;0;1.29;1.54;1.98;2.6;3.55;3.35;2.35;1.83;1.45;1.26;0;0;0;1.83;9.75;2.1;4.2;5.2;1.31;2.62;7.5;15;3.16;1.43;1.07;1.02;1.21;2;4;10;3.9;1.73;1.2;1.05;0;0;0;0;1;0;1;0;0;0;1;2020-12-05 21:00:00;2246;0;82;37;35;0;1;1;2;2;2;3;4;5;0;1;1;1;1;2;1;26;30;66;65;1.11;1.26;2.37;0;0;0;0;0;0;1;1;0;0;0;0;0;0;-1;-1;-1;-1;-1;-1;-1;-1;-1;25;45;62;90;100;64;72;90;54;12.25;0;5.73;3.47;Colina;General Velásquez;1.18;1.91;0.67;1;1.25;1;75;55;39;10;0;59;50;42;1.45;1.42;2.87;5012;22;Y;N;N;N;N;N;N
1153998;2228;2221;2020;complete;60183;13;-1;7;;1;0;1;1;7;8;-1;-1;2;4;0;0;9;4;3;11;12;15;-1;-1;47;53;2;4;3.35;3.15;1.91;1.02;1.26;1.91;3.25;6;8.5;3.15;1.74;1.25;1.07;1.74;1.91;0;0;0;0;0;0;0;0;0;0;0;0;0;0;0;0;0;0;0;0;0;0;0;0;0;0;0;0;0;0;0;0;0;0;0;0;0;0;0;0;0;0;0;0;0;0;0;0;0;0;0;0;0;1;1;0;0;0;0;1;2020-12-06 13:00:00;2228;0;68;33;35;0;1;1;0;4;1;3;4;4;1;1;1;3;2;4;1;0;0;0;0;1.54;1.48;3.01;0;0;0;0;0;0;1;1;1;0;0;0;0;0;-1;-1;-1;-1;-1;-1;-1;-1;-1;35;35;68;68;80;45;80;68;48;7.83;0;5;3.08;Deportes Linares;Deportes Vallenar;0.82;0.73;0;1;0.44;1.5;65;65;33;33;20;59;46;46;1.22;1.25;2.47;5012;22;Y;N;N;N;N;N;N
1153999;2213;2219;2020;complete;60183;13;-1;90;29,46,74,81;1;4;5;4;3;7;-1;-1;4;3;0;0;7;5;4;4;11;9;-1;-1;54;46;4;3;2.1;3.2;2.9;1.03;1.31;2;3.55;6.5;7.75;2.9;1.65;1.21;1.05;1.8;1.8;0;0;0;0;0;0;0;2.88;2.1;3.6;0;0;0;0;0;0;0;0;0;0;0;0;0;0;0;0;0;0;1.73;0;2.38;0;0;0;0;0;0;0;0;0;0;0;0;0;0;0;0;0;0;0;0;0;0;5;0;1;1;3;4;1;2020-12-06 20:00:00;2219;0;45;0;45;0;1;1;1;2;3;1;3;4;2;2;2;1;4;3;1;44;34;93;72;1.51;1.17;2.68;0;0;0;0;0;0;1;1;0;0;0;1;0;0;-1;-1;-1;-1;-1;-1;-1;-1;-1;0;9;17;72;82;9;25;74;55;10.9;0;6.4;1.79;Concepción;Independiente;0.82;1;0.6;0.33;0.92;1;100;92;84;29;19;72;54;45;1.3;1.42;2.72;5012;22;Y;Y;Y;Y;Y;N;Y
1154000;2218;2223;2020;complete;60183;13;-1;;1,81;0;2;2;6;3;9;-1;-1;1;2;0;0;5;7;14;6;19;13;-1;-1;64;36;1;2;1.95;2.95;3.4;1.02;1.28;1.95;3.35;6;8.25;3.05;1.71;1.24;1.06;1.74;1.87;0;0;0;0;1.26;1.28;1.7;2.63;2.1;3.75;2.5;2.38;3.6;0;0;0;0;1.85;0;0;0;0;1.95;0;0;0;0;0;1.67;9;2.4;0;5.8;1.38;3.03;6.5;15;2.9;1.27;1.08;1.02;1.25;2.1;4.33;10;3.6;1.65;1.18;1.04;0;0;0;0;2;0;1;0;1;1;1;2020-12-06 21:00:00;2223;0;45;9;27;0;1;1;3;3;3;0;6;3;1;0;0;2;1;2;1;47;26;81;54;1.88;1.49;3.38;0;0;0;0;0;0;1;1;0;1;0;1;0;0;-1;-1;-1;-1;-1;-1;-1;-1;-1;0;0;37;55;92;9;47;92;37;8.15;0;6.13;1.84;Colchagua;San Antonio Unido;1.18;0.91;1.2;0.83;1.73;1.33;100;100;64;45;9;55;43;20;1.24;1;2.24;5012;22;Y;Y;N;N;N;N;N
1154001;2237;2225;2020;complete;60183;13;-1;90;;1;0;1;1;6;7;-1;-1;2;1;1;0;3;4;9;5;12;9;-1;-1;51;49;3;1;2.15;3.05;2.9;1.04;1.34;2.15;3.85;7;7.25;2.75;1.57;1.17;1.03;1.87;1.74;0;0;0;0;0;0;0;2.88;2.05;3.75;0;0;0;0;0;0;0;0;0;0;0;0;0;0;0;0;0;0;1.73;0;2.4;0;0;0;0;0;0;0;0;0;0;0;0;0;0;0;0;0;0;0;0;0;0;1;0;0;1;0;1;0;2020-12-07 13:00:00;2237;0;70;23;45;0;1;1;1;3;0;3;4;3;2;1;1;0;3;1;1;52;69;88;95;1.34;1.35;2.69;0;0;0;0;0;0;1;1;0;0;0;2;1;0;-1;-1;-1;-1;-1;-1;-1;-1;-1;20;20;50;90;100;40;70;70;50;6.45;0;3.65;3;Lautaro de Buin ;Recoleta;2.27;2.09;2.6;2.6;2.36;1.92;80;80;50;10;0;55;30;30;1.21;1.56;2.77;5012;22;Y;N;N;N;N;N;N
1154002;2204;2236;2020;complete;60183;13;-1;;45,69,90;0;3;3;7;7;14;-1;-1;1;3;0;0;3;6;9;2;12;8;-1;-1;63;37;1;3;2.6;3.2;2.28;0;0;1.71;0;0;0;0;2.02;0;0;0;0;0;0;0;0;0;0;0;3.1;2.25;2.88;0;0;0;0;0;0;0;0;0;0;0;0;0;0;0;0;0;0;1.91;0;2;0;0;0;0;0;0;0;0;0;0;0;0;0;0;0;0;0;0;0;0;0;0;3;0;1;0;2;2;1;2020-12-08 13:00:00;2236;0;50;37;25;0;1;1;3;4;4;3;7;7;0;0;1;3;0;4;1;67;43;104;61;1.45;1.24;2.69;0;0;0;0;0;0;1;1;0;0;0;0;0;0;-1;-1;-1;-1;-1;-1;-1;-1;-1;9;17;58;84;84;50;58;75;42;10.9;0;5.9;2.59;Iberia;Fernández Vial;0.64;2;0.33;1.67;1;1.83;92;84;42;17;17;53;53;30;1.33;2.02;3.35;5012;22;Y;Y;Y;N;N;N;N
1154003;2237;2242;2020;complete;60183;14;-1;4,19,90;;3;0;3;4;7;11;-1;-1;4;4;0;0;8;11;4;7;12;18;-1;-1;47;53;4;4;1.56;4;3.95;1.01;1.2;1.69;2.8;4.9;9.75;3.65;1.95;1.33;1.1;1.74;1.91;2.4;1.5;5;1.13;1.19;1.19;2.1;2.2;2.25;4.75;1.93;2.62;4.44;0;0;0;1.65;2.12;2.88;0;0;2.14;1.66;1.37;0;0;0;0;1.44;10;3;2.9;9;1.35;2.65;7;21;3.1;1.48;1.09;1.02;1.18;2.05;4.14;9;4.3;1.68;1.19;1.05;0;0;0;0;3;2;0;1;0;1;2;2020-12-12 13:00:00;2237;0;59;25;42;0;1;1;3;2;1;5;5;6;3;2;1;2;5;3;1;24;31;53;54;1.49;2.12;3.61;0;0;0;0;0;0;1;1;1;0;0;1;0;1;-1;-1;-1;-1;-1;-1;-1;-1;-1;9;9;33;75;100;33;59;75;50;6.33;0;3.84;2.25;Lautaro de Buin ;Colina;2.27;1.09;2.67;1.83;2.42;1.15;92;92;67;25;0;34;34;34;1.23;1.36;2.59;5012;22;Y;Y;Y;N;N;N;N
1154004;2246;2213;2020;complete;60183;14;-1;45,90;28;2;1;3;5;1;6;-1;-1;2;3;1;1;6;9;9;6;15;15;-1;-1;55;45;3;4;2.3;3.05;2.65;1.03;1.35;2.15;3.9;7.25;7;2.7;1.56;1.17;1.03;1.91;1.74;0;0;0;0;1.43;1.31;1.47;3;2;3.75;2.88;2.3;3.1;0;0;0;0;0;0;0;0;0;0;0;0;0;0;0;1.8;7.25;2.38;3.8;4.5;1.49;3.3;10;41;2.6;1.31;1.05;1.01;1.28;2.5;5.5;0;3;1.48;1.11;0;0;0;0;0;3;1;1;1;0;1;2;2020-12-13 13:00:00;2246;0;62;15;40;0;1;1;3;1;2;0;4;2;1;2;2;2;3;4;1;34;26;64;65;1.61;1.76;3.37;1;0;1;0;0;0;1;1;0;0;0;1;0;1;-1;-1;-1;-1;-1;-1;-1;-1;-1;15;15;45;70;77;23;52;70;47;12.7;0;4.46;2.22;General Velásquez;Concepción;1.09;1.09;1;1.14;1.15;0.85;86;86;55;30;23;62;44;34;1.62;1.63;3.25;5012;22;Y;Y;Y;N;N;N;Y
1154005;2221;2223;2020;complete;60183;14;-1;46;12;1;1;2;-1;-1;-1;-1;-1;2;3;0;0;-1;-1;-1;-1;-1;-1;-1;-1;-1;-1;2;3;0;0;0;0;0;0;0;0;0;0;0;0;0;0;0;0;0;0;0;0;0;0;0;0;0;0;0;0;0;0;0;0;0;0;0;0;0;0;0;0;0;0;0;0;0;0;0;0;0;0;0;0;0;0;0;0;0;0;0;0;0;0;0;0;0;0;0;0;2;0;1;1;0;1;1;2021-01-13 21:00:00;-1;0;47;27;18;0;-1;1;-1;-1;-1;-1;-1;-1;0;2;2;1;2;3;-1;0;0;0;0;0;0;0;0;0;0;0;0;0;1;1;0;0;-1;-1;0;0;-1;-1;-1;-1;-1;-1;-1;-1;-1;7;7;41;59;76;25;53;70;29;7.13;0;4.36;1.88;Deportes Vallenar;San Antonio Unido;1.36;0.91;1.63;0.89;1.06;1.19;94;94;60;42;25;38;32;25;1.37;1.25;2.62;5012;22;Y;Y;N;N;N;N;Y
1154006;2236;2228;2020;complete;60183;14;-1;;;0;0;0;8;1;9;-1;-1;1;1;0;0;4;2;7;1;11;3;-1;-1;49;51;1;1;1.19;5.75;7.5;1;1.1;1.4;2.05;3.35;13;5;2.55;1.62;1.23;1.77;1.87;0;0;0;0;0;0;0;0;0;0;0;0;0;0;0;0;0;0;0;0;0;0;0;0;0;0;0;0;0;0;0;0;0;0;0;0;0;0;0;0;0;0;0;0;0;0;0;0;0;0;0;0;0;0;0;0;0;0;0;0;2020-12-13 21:00:00;-1;0;44;9;29;0;1;1;2;1;6;0;3;6;0;0;1;1;0;2;1;0;0;0;0;1.37;0.52;1.88;0;0;0;0;0;0;1;1;0;0;0;0;0;0;-1;-1;-1;-1;-1;-1;-1;-1;-1;0;25;44;62;100;19;44;90;52;7.33;0;3.83;2.3;Fernández Vial;Deportes Linares;2.09;0.82;2;0.8;1.92;0.73;100;75;57;39;0;54;34;25;1.3;1.06;2.36;5012;22;N;N;N;N;N;N;N
1154007;2219;2204;2020;complete;60183;14;-1;10;60;1;1;2;1;9;10;-1;-1;2;1;0;0;3;6;4;8;7;14;-1;-1;41;59;2;1;2.3;3.05;2.65;1.01;1.26;1.91;3.25;6;8.5;3.15;1.74;1.25;1.06;1.71;1.91;0;0;0;0;0;0;0;3;2.1;3.25;0;0;0;0;0;0;0;0;0;0;0;0;0;0;0;0;0;0;1.8;0;2.2;0;0;0;0;0;0;0;0;0;0;0;0;0;0;0;0;0;0;0;0;0;0;2;1;0;0;1;1;1;2020-12-13 21:00:00;-1;0;67;17;34;0;1;1;1;5;0;4;6;4;0;0;2;1;0;3;1;30;32;69;66;0.87;1.53;2.41;0;0;0;0;0;0;1;1;1;0;0;0;0;0;-1;-1;-1;-1;-1;-1;-1;-1;-1;17;17;50;75;100;34;75;92;34;7.67;0;4.67;2.75;Independiente;Iberia;1.55;1.91;1.67;1.67;1.15;0.92;83;83;50;25;0;25;25;25;1.41;1.8;3.21;5012;22;Y;Y;N;N;N;N;Y
1154008;2225;2218;2020;complete;60183;14;-1;15,24,66,79;;4;0;4;6;11;17;-1;-1;2;2;0;0;10;5;4;13;14;18;-1;-1;43;57;2;2;1.95;3.5;2.85;1.01;1.19;1.69;2.75;4.8;9.75;3.65;1.95;1.34;1.11;1.61;2.1;0;0;0;0;0;0;0;2.75;2.25;3.4;0;0;0;0;0;0;0;0;0;0;0;0;0;0;0;0;0;0;1.73;0;2.25;0;0;0;0;0;0;0;0;0;0;0;0;0;0;0;0;0;0;0;0;0;0;4;2;0;2;0;2;2;2020-12-13 21:00:00;2225;0;61;15;30;0;1;1;2;5;4;6;7;10;0;1;2;1;1;3;1;26;33;52;57;1.77;1.71;3.48;1;0;1;0;0;0;1;1;0;0;0;1;0;0;-1;-1;-1;-1;-1;-1;-1;-1;-1;7;22;68;77;92;37;60;92;47;7.97;0;4.93;2.72;Recoleta;Colchagua;1.27;1.45;1.43;2.17;1.77;1.58;93;79;32;24;9;54;54;45;1.53;1.54;3.07;5012;22;Y;Y;Y;Y;N;N;N
1157398;2218;2219;2020;complete;60183;15;-1;12,27;44,82;2;2;4;12;8;20;-1;-1;-1;-1;-1;-1;9;10;7;11;16;21;-1;-1;43;57;-1;-1;1.69;3.2;4.25;1.02;1.24;1.83;3.05;5.5;8.5;3.35;1.8;1.28;1.08;1.71;1.91;0;0;0;0;0;0;0;2.63;2.2;3.6;0;0;0;0;0;0;0;0;0;0;0;0;0;0;0;0;0;0;1.67;0;2.38;0;0;0;0;0;0;0;0;0;0;0;0;0;0;0;0;0;0;0;0;0;0;4;2;1;0;1;1;3;2020-12-18 21:00:00;-1;0;45;0;37;0;1;-1;8;2;4;6;10;10;-1;-1;-1;-1;-1;-1;1;31;38;58;71;1.86;2.29;4.15;0;0;0;0;0;0;1;1;0;0;3;0;-1;-1;-1;-1;-1;-1;-1;-1;-1;-1;-1;7;15;38;77;93;7;62;86;45;9.34;0;6.33;2.29;Colchagua;Independiente;1.18;1;1;0.71;1.46;1.14;93;86;62;24;7;66;39;22;1.37;1.38;2.75;5012;22;Y;Y;Y;Y;N;N;Y
1157399;2213;2242;2020;complete;60183;15;-1;64,78,82;25;3;1;4;-1;-1;-1;-1;-1;3;3;0;0;-1;-1;-1;-1;-1;-1;-1;-1;-1;-1;3;3;2.4;3.25;2.47;1.06;1.27;1.77;3.1;6;8;3.4;1.83;1.33;1.11;1.72;2;0;0;0;0;1.42;1.28;1.48;3;2.2;3.2;2.8;2.3;3;0;0;0;0;0;0;0;0;0;0;0;0;0;0;0;1.83;10;2.1;0;0;1.35;2.75;7;15;2.9;1.4;1.08;1.02;1.25;2.1;4.32;9;3.74;1.67;1.2;1.05;0;0;0;0;4;0;1;3;0;3;1;2020-12-20 20:00:00;2213;0;54;15;47;0;-1;1;-1;-1;-1;-1;-1;-1;0;1;3;2;1;5;-1;0;0;0;0;0;0;0;0;0;0;0;0;0;1;1;0;0;-1;-1;0;0;-1;-1;-1;-1;-1;-1;-1;-1;-1;16;16;30;77;92;22;37;85;62;9.17;0;5.93;2.29;Concepción;Colina;0.82;1.09;0.5;1.57;0.79;1.07;85;85;70;24;9;40;31;31;1.33;1.47;2.8;5012;22;Y;Y;Y;Y;N;N;Y
1157400;2228;2225;2020;complete;60183;15;-1;35;4,11,75;1;3;4;3;2;5;-1;-1;2;3;0;0;9;9;8;5;17;14;-1;-1;51;49;2;3;5;3.9;1.45;1;1.2;1.69;2.75;4.9;10.25;3.65;1.95;1.34;1.1;1.8;1.83;0;0;0;0;0;0;0;0;0;0;0;0;0;0;0;0;0;0;0;0;0;0;0;0;0;0;0;0;0;0;0;0;0;0;0;0;0;0;0;0;0;0;0;0;0;0;0;0;0;0;0;0;0;4;1;2;0;1;1;3;2020-12-20 21:00:00;2225;0;69;17;42;0;1;1;1;0;2;2;1;4;1;0;1;3;1;4;1;0;0;0;0;1.92;1.81;3.72;0;0;0;0;0;0;1;1;0;1;0;0;0;0;-1;-1;-1;-1;-1;-1;-1;-1;-1;31;31;54;77;100;31;75;77;54;7.47;0;3.57;3.17;Deportes Linares;Recoleta;0.82;2.09;0.57;2.17;0.69;1.86;69;69;47;23;0;54;25;25;1.35;1.52;2.87;5012;22;Y;Y;Y;Y;N;N;Y
1157401;2204;2246;2020;complete;60183;15;-1;;74;0;1;1;-1;-1;-1;-1;-1;1;1;1;0;-1;-1;-1;-1;-1;-1;-1;-1;-1;-1;3;1;0;0;0;0;0;0;0;0;0;0;0;0;0;0;0;0;0;0;0;0;0;0;0;0;0;0;0;0;0;0;0;0;0;0;0;0;0;0;0;0;0;0;0;0;0;0;0;0;0;0;0;0;0;0;0;0;0;0;0;0;0;0;0;0;0;0;0;0;1;0;0;0;1;1;0;2020-12-20 21:00:00;2246;0;50;31;7;0;-1;1;-1;-1;-1;-1;-1;-1;0;0;2;1;0;3;-1;0;0;0;0;0;0;0;0;0;0;0;0;0;1;1;0;0;-1;-1;0;0;-1;-1;-1;-1;-1;-1;-1;-1;-1;0;15;36;71;86;36;57;64;29;10.03;0;5.29;2.08;Iberia;General Velásquez;0.64;1.91;0.29;1.29;0.93;1.29;100;86;64;29;15;54;45;35;1.36;1.46;2.82;5012;22;Y;N;N;N;N;N;N
1157402;2223;2237;2020;complete;60183;15;-1;43;;1;0;1;2;9;11;-1;-1;3;2;0;1;9;4;4;6;13;10;-1;-1;46;54;3;4;3.35;3.2;1.87;1.08;1.36;1.95;3.1;5.5;6.75;2.7;1.67;1.27;1.11;1.91;1.74;0;0;0;0;1.73;1.27;1.25;4;2.1;2.6;3.8;2.4;2.38;0;0;0;0;0;0;0;0;0;0;0;0;0;0;0;2.3;9;1.8;0;0;1.42;3;7.5;15;2.8;1.33;1.06;1.02;1.25;2.1;4.33;11;3.6;1.65;1.18;1.03;0;0;0;0;1;1;0;0;0;0;1;2021-01-27 21:00:00;2223;0;42;7;29;0;1;1;1;1;1;8;2;9;1;2;2;1;3;3;1;58;88;103;106;1.87;1.55;3.42;0;0;0;0;0;0;1;1;0;0;0;1;0;0;-1;-1;-1;-1;-1;-1;-1;-1;-1;12;18;48;66;89;30;66;78;36;8.86;0;5.35;2.49;San Antonio Unido;Lautaro de Buin ;1.64;2;1.56;2;1.21;2.22;89;82;53;35;12;47;26;19;1.67;1.42;3.09;5012;22;Y;N;N;N;N;N;N
1157403;2236;2221;2020;complete;60183;15;-1;71;;1;0;1;4;4;8;-1;-1;2;2;1;0;5;2;3;5;8;7;-1;-1;48;52;3;2;1.54;3.7;4.35;1.01;1.25;1.87;3.2;5.75;8.75;3.25;1.77;1.25;1.08;1.91;1.74;0;0;0;0;0;0;0;2.1;2.2;6;0;0;0;0;0;0;0;0;0;0;0;0;0;0;0;0;0;0;1.4;0;3.4;0;0;0;0;0;0;0;0;0;0;0;0;0;0;0;0;0;0;0;0;0;0;1;0;0;1;0;1;0;2020-12-22 20:00:00;2236;0;54;24;23;0;1;1;2;3;2;1;5;3;2;1;1;1;3;2;1;46;53;69;81;1.19;0.97;2.16;0;0;0;0;0;0;1;1;0;0;0;2;0;0;-1;-1;-1;-1;-1;-1;-1;-1;-1;9;30;54;61;77;24;62;68;44;10.29;0;5.31;2.37;Fernández Vial;Deportes Vallenar;2.09;0.73;1.86;0.83;1.86;1.38;92;70;47;40;24;42;17;10;1.31;1.29;2.6;5012;22;Y;N;N;N;N;N;N
1157404;2225;2204;2020;complete;60183;16;-1;;18,33,47;0;3;3;7;4;11;-1;-1;1;2;0;0;7;11;8;8;15;19;-1;-1;56;44;1;2;1.5;3.35;5.25;1.01;1.19;1.67;2.7;4.65;9.25;3.7;2;1.36;1.11;1.65;2;0;0;0;0;0;0;0;2;2.38;5.5;0;0;0;0;0;0;0;0;0;0;0;0;0;0;0;0;0;0;1.4;0;3.2;0;0;0;0;0;0;0;0;0;0;0;0;0;0;0;0;0;0;0;0;0;0;3;0;2;0;1;1;2;2020-12-28 21:00:00;2204;0;67;13;41;0;1;1;2;2;5;2;4;7;1;2;0;0;3;0;1;36;27;64;51;1.69;2.15;3.84;0;0;0;0;0;0;1;1;0;0;0;1;0;0;-1;-1;-1;-1;-1;-1;-1;-1;-1;14;32;66;87;100;39;87;100;47;10.69;0;4.24;3.18;Recoleta;Iberia;1.27;1.91;1.63;1.57;1.93;0.87;87;68;35;14;0;66;66;49;1.56;1.75;3.31;5012;22;Y;Y;Y;N;N;N;N
1157405;2246;2228;2020;complete;60183;16;-1;16,27,35,38,72,79;;6;0;6;-1;-1;-1;-1;-1;1;1;0;0;-1;-1;-1;-1;-1;-1;-1;-1;-1;-1;1;1;0;0;0;0;0;0;0;0;0;0;0;0;0;0;0;0;0;0;0;0;0;0;0;0;0;0;0;0;0;0;0;0;0;0;0;0;0;0;0;0;0;0;0;0;0;0;0;0;0;0;0;0;0;0;0;0;0;0;0;0;0;0;0;0;0;0;0;0;6;4;0;2;0;2;4;2020-12-30 21:00:00;2246;0;43;7;30;0;-1;1;-1;-1;-1;-1;-1;-1;0;1;1;0;1;1;-1;0;0;0;0;0;0;0;1;0;1;0;0;0;1;1;0;0;-1;-1;0;0;-1;-1;-1;-1;-1;-1;-1;-1;-1;0;0;36;65;86;22;36;79;36;8.96;0;3.62;1.86;General Velásquez;Deportes Linares;1.09;0.82;1.29;1.14;1.4;0.8;100;100;64;36;14;77;54;54;1.62;1.06;2.68;5012;22;Y;Y;Y;Y;Y;Y;N
1157406;2219;2236;2020;complete;60183;16;-1;;90;0;1;1;6;7;13;-1;-1;3;1;1;0;4;7;7;11;11;18;-1;-1;47;53;4;1;3.95;3.45;1.67;1.01;1.2;1.71;2.8;4.8;9.5;3.6;1.95;1.34;1.11;1.65;2;0;0;0;0;0;0;0;4.33;2.2;2.38;0;0;0;0;0;0;0;0;0;0;0;0;0;0;0;0;0;0;2.4;0;1.67;0;0;0;0;0;0;0;0;0;0;0;0;0;0;0;0;0;0;0;0;0;0;1;0;0;0;1;1;0;2020-12-27 21:00:00;2236;0;64;29;29;0;1;1;3;6;3;1;9;4;2;1;2;0;3;2;1;29;30;53;54;1.18;1.83;3.01;0;0;0;0;0;0;1;1;0;0;0;0;1;0;-1;-1;-1;-1;-1;-1;-1;-1;-1;14;22;65;86;100;50;79;93;43;10.19;0;5.14;2.93;Independiente;Fernández Vial;1.55;2;1.57;1.86;1.13;1.93;86;79;36;15;0;49;49;34;1.33;1.89;3.22;5012;22;Y;N;N;N;N;N;N
1157407;2237;2221;2020;complete;60183;16;-1;35,39,86;63;3;1;4;2;6;8;-1;-1;1;2;1;0;8;4;3;7;11;11;-1;-1;48;52;2;2;1.43;3.9;5.25;0;0;2.05;0;0;0;0;1.75;0;0;0;0;0;0;0;0;0;0;0;1.95;2.25;6.5;0;0;0;0;0;0;0;0;0;0;0;0;0;0;0;0;0;0;1.33;0;3.75;0;0;0;0;0;0;0;0;0;0;0;0;0;0;0;0;0;0;0;0;0;0;4;2;0;1;1;2;2;2020-12-28 13:00:00;2237;0;43;22;22;0;1;1;0;1;2;5;1;7;1;1;1;1;2;2;1;39;63;64;92;1.53;1.43;2.96;0;0;0;0;0;0;1;1;0;0;0;0;0;0;-1;-1;-1;-1;-1;-1;-1;-1;-1;7;7;43;57;86;36;64;64;22;7.83;0;5;2.07;Lautaro de Buin ;Deportes Vallenar;2.27;0.73;2.71;0.71;2.5;1.29;93;93;57;43;15;45;37;37;1.27;1.24;2.51;5012;22;Y;Y;Y;Y;N;N;Y
1157408;2213;2218;2020;complete;60183;16;-1;11,68;23;2;1;3;2;11;13;-1;-1;2;3;0;1;6;7;2;5;8;12;-1;-1;40;60;2;4;2.35;2.7;2.85;1.04;1.3;2.05;3.55;6.5;7.25;2.95;1.62;1.21;1.05;1.69;1.95;0;0;0;0;0;0;0;3.25;2;3.25;0;0;0;0;0;0;0;0;0;0;0;0;0;0;0;0;0;0;2.05;0;2.05;0;0;0;0;0;0;0;0;0;0;0;0;0;0;0;0;0;0;0;0;0;0;3;1;1;1;0;1;2;2020-12-29 20:00:00;2213;0;50;0;29;0;1;1;2;8;0;3;10;3;1;2;1;2;3;3;1;29;54;73;84;1.14;1.64;2.78;1;0;1;0;0;0;1;1;0;0;1;0;0;0;-1;-1;-1;-1;-1;-1;-1;-1;-1;7;22;43;71;86;15;36;86;64;9.34;0;5.86;2.29;Concepción;Colchagua;0.82;1.45;0.86;1.86;0.93;1.33;93;79;57;29;14;50;42;42;1.33;1.57;2.9;5012;22;Y;Y;Y;N;N;N;Y
1157409;2242;2223;2020;complete;60183;16;-1;47,59;12;2;1;3;5;6;11;-1;-1;2;2;0;0;6;7;5;7;11;14;-1;-1;48;52;2;2;2.25;3.3;2.5;1.01;1.21;1.74;2.9;5;9.25;3.55;1.91;1.3;1.1;1.62;2.05;0;0;0;0;0;0;0;3.25;2.2;2.88;0;0;0;0;0;0;0;0;0;0;0;0;0;0;0;0;0;0;1.95;0;1.95;0;0;0;0;0;0;0;0;0;0;0;0;0;0;0;0;0;0;0;0;0;0;3;0;1;2;0;2;1;2020-12-30 21:00:00;2242;0;57;22;36;0;1;1;3;2;2;4;5;6;1;1;1;1;2;2;1;25;39;64;63;1.3;1.65;2.95;0;0;0;0;0;0;1;1;0;0;0;1;0;0;-1;-1;-1;-1;-1;-1;-1;-1;-1;22;22;50;72;93;36;65;86;43;10.31;0;5.29;2.79;Colina;San Antonio Unido;1.18;0.91;0.57;1.14;1;1.46;79;79;50;29;7;69;47;31;1.4;1.08;2.48;5012;22;Y;Y;Y;N;N;N;Y
1160049;2236;2225;2020;complete;60183;17;-1;56,82;67;2;1;3;6;6;12;-1;-1;1;2;0;0;4;6;7;4;11;10;-1;-1;53;47;1;2;1.91;3.15;3.4;1.02;1.25;1.87;3.15;5.75;8.5;3.2;1.77;1.26;1.07;1.69;1.95;0;0;0;0;0;0;0;2.63;2.25;3.4;0;0;0;0;0;0;0;0;0;0;0;0;0;0;0;0;0;0;1.73;0;2.25;0;0;0;0;0;0;0;0;0;0;0;0;0;0;0;0;0;0;0;0;0;0;3;0;0;2;1;3;0;2021-01-04 20:00:00;2236;0;61;23;29;0;1;1;2;3;4;3;5;7;0;2;1;0;2;1;1;58;44;87;79;1.39;1.37;2.77;0;0;0;0;0;0;1;1;0;0;0;1;0;0;-1;-1;-1;-1;-1;-1;-1;-1;-1;15;41;54;75;94;28;54;87;53;8.63;0;4.42;2.91;Fernández Vial;Recoleta;2.09;2.09;2;2.29;2;1.81;86;60;47;26;7;36;7;0;1.29;1.56;2.85;5012;22;Y;Y;Y;N;N;N;Y
1160050;2221;2246;2020;complete;60183;17;-1;22;12,56;1;2;3;-1;-1;-1;-1;-1;4;3;0;1;-1;-1;-1;-1;-1;-1;-1;-1;-1;-1;4;5;0;0;0;0;0;0;0;0;0;0;0;0;0;0;0;0;0;0;0;0;0;0;0;0;0;0;0;0;0;0;0;0;0;0;0;0;0;0;0;0;0;0;0;0;0;0;0;0;0;0;0;0;0;0;0;0;0;0;0;0;0;0;0;0;0;0;0;0;3;1;1;0;1;1;2;2021-01-06 21:00:00;2246;0;53;29;15;0;-1;1;-1;-1;-1;-1;-1;-1;1;1;3;3;2;6;-1;0;0;0;0;0;0;0;0;0;0;0;0;0;1;1;0;0;-1;-1;0;0;-1;-1;-1;-1;-1;-1;-1;-1;-1;7;20;27;53;79;34;53;59;20;7.83;0;3.96;1.85;Deportes Vallenar;General Velásquez;1.36;1.91;1.86;1.5;1.2;1.5;93;81;73;48;22;34;25;25;1.37;1.46;2.83;5012;22;Y;Y;Y;N;N;N;Y
1160051;2223;2213;2020;complete;60183;17;-1;;45;0;1;1;5;2;7;-1;-1;3;2;0;0;5;8;7;5;12;13;-1;-1;55;45;3;2;2.2;3.05;2.85;1.03;1.29;2;3.45;6.25;8;3;1.67;1.22;1.05;1.74;1.91;0;0;0;0;0;0;0;2.88;2.1;3.5;0;0;0;0;0;0;0;0;0;0;0;0;0;0;0;0;0;0;1.8;0;2.25;0;0;0;0;0;0;0;0;0;0;0;0;0;0;0;0;0;0;0;0;0;0;1;0;1;0;0;0;1;2021-01-05 21:00:00;2213;0;57;19;38;0;1;1;1;2;4;0;3;4;0;0;3;2;0;5;1;77;51;103;103;1.66;1.75;3.42;0;0;0;0;0;0;1;1;0;0;0;2;0;0;-1;-1;-1;-1;-1;-1;-1;-1;-1;21;21;57;73;79;36;63;73;44;10.53;0;6.33;2.67;San Antonio Unido;Concepción;1.64;1.09;1.83;1;1.36;1.06;79;79;44;28;21;47;29;20;1.67;1.65;3.32;5012;22;Y;N;N;N;N;N;N
1160052;2219;2237;2020;complete;60183;17;-1;49;;1;0;1;3;6;9;-1;-1;4;0;0;0;4;5;7;13;11;18;-1;-1;31;69;4;0;3.2;3.2;1.95;1.01;1.17;1.61;2.55;4.45;10.25;3.95;2.1;1.4;1.13;1.49;2.3;0;0;0;0;0;0;0;4.75;2.5;2.05;0;0;0;0;0;0;0;0;0;0;0;0;0;0;0;0;0;0;2.63;0;1.5;0;0;0;0;0;0;0;0;0;0;0;0;0;0;0;0;0;0;0;0;0;0;1;0;0;1;0;1;0;2021-01-05 21:00:00;2219;0;60;20;21;0;1;1;1;2;2;4;3;6;3;0;1;0;3;1;1;31;38;63;78;1.2;1.76;2.95;0;0;0;0;0;0;1;1;0;0;0;0;0;0;-1;-1;-1;-1;-1;-1;-1;-1;-1;14;21;55;75;93;41;75;87;28;6.75;0;5.18;2.63;Independiente;Lautaro de Buin ;1.55;2;1.38;2.29;1.06;2.53;87;80;46;26;7;29;21;7;1.31;1.37;2.68;5012;22;Y;N;N;N;N;N;N
1160053;2218;2242;2020;complete;60183;17;-1;41;;1;0;1;4;3;7;-1;-1;4;3;1;0;5;0;7;6;12;6;-1;-1;46;54;5;3;2.45;3.15;2.4;1.01;1.2;1.69;2.8;4.9;9.25;3.6;1.95;1.33;1.1;1.54;2.2;0;0;0;0;0;0;0;3;2.25;3;0;0;0;0;0;0;0;0;0;0;0;0;0;0;0;0;0;0;1.83;0;2.05;0;0;0;0;0;0;0;0;0;0;0;0;0;0;0;0;0;0;0;0;0;0;1;1;0;0;0;0;1;2021-01-05 21:00:00;2218;0;51;19;26;0;1;1;2;2;2;1;4;3;2;1;3;2;3;5;1;40;45;68;79;1.39;0.71;2.11;0;0;0;0;0;0;1;1;0;0;0;1;0;0;-1;-1;-1;-1;-1;-1;-1;-1;-1;7;19;50;82;100;26;69;94;51;10;0;5.36;2.57;Colchagua;Colina;1.18;1.09;0.88;1.38;1.25;1.13;94;82;50;19;0;50;36;29;1.42;1.47;2.89;5012;22;Y;N;N;N;N;N;N
1160054;2204;2228;2020;complete;60183;17;-1;81;;1;0;1;-1;-1;-1;-1;-1;1;1;0;0;-1;-1;-1;-1;-1;-1;-1;-1;-1;-1;1;1;0;0;0;0;0;0;0;0;0;0;0;0;0;0;0;0;0;0;0;0;0;0;0;0;0;0;0;0;0;0;0;0;0;0;0;0;0;0;0;0;0;0;0;0;0;0;0;0;0;0;0;0;0;0;0;0;0;0;0;0;0;0;0;0;0;0;0;0;1;0;0;1;0;1;0;2021-01-05 21:00:00;2204;0;19;15;7;0;-1;1;-1;-1;-1;-1;-1;-1;0;0;1;1;0;2;-1;0;0;0;0;0;0;0;0;0;0;0;0;0;1;1;0;0;-1;-1;0;0;-1;-1;-1;-1;-1;-1;-1;-1;-1;7;7;38;57;82;25;38;69;32;6.87;0;4.29;1.94;Iberia;Deportes Linares;0.64;0.82;0.25;1;1;0.75;94;94;63;44;19;62;45;35;1.36;1.06;2.42;5012;22;Y;N;N;N;N;N;N
1160055;2242;2221;2020;complete;60183;18;-1;22,75;;2;0;2;5;3;8;-1;-1;1;3;0;0;10;4;9;5;19;9;-1;-1;55;45;1;3;2.3;3.05;2.65;1.03;1.25;1.77;2.65;4.35;7.5;3.2;1.87;1.36;1.14;1.62;2.05;0;0;0;0;1.4;1.25;1.4;3.1;2.2;3;2.8;2.5;2.8;0;0;0;0;0;0;0;0;0;0;0;0;0;0;0;1.91;7.75;2.05;4.6;4.6;1.4;2.87;7.5;26;2.7;1.36;1.08;1.02;1.2;1.95;3.9;9.5;4.2;1.8;1.22;1.06;0;0;0;0;2;1;0;1;0;1;1;2021-01-09 13:00:00;2242;0;63;25;32;0;1;1;3;1;2;2;4;4;0;1;1;2;1;3;1;35;27;80;62;2.15;1.05;3.19;0;0;0;0;0;0;1;1;0;0;1;1;0;0;-1;-1;-1;-1;-1;-1;-1;-1;-1;26;32;63;69;88;44;76;76;44;11;0;5.76;3;Colina;Deportes Vallenar;1.18;0.73;0.88;0.63;1.06;1.13;76;69;38;32;13;52;32;26;1.39;1.27;2.66;5012;22;Y;Y;N;N;N;N;N
1160056;2228;2223;2020;complete;60183;18;-1;4,49,60;;3;0;3;6;10;16;-1;-1;2;2;0;0;8;8;12;10;20;18;-1;-1;48;52;2;2;3.55;3.25;1.8;1.04;1.29;1.8;2.8;4.45;7;3;1.8;1.34;1.13;1.77;1.87;0;0;0;0;0;0;0;0;0;0;0;0;0;0;0;0;0;0;0;0;0;0;0;0;0;0;0;0;0;0;0;0;0;0;0;0;0;0;0;0;0;0;0;0;0;0;0;0;0;0;0;0;0;3;1;0;2;0;2;1;2021-01-09 21:00:00;2228;0;63;19;32;0;1;1;4;2;2;8;6;10;0;1;2;1;1;3;1;0;0;0;0;2.04;1.88;3.92;0;0;0;0;0;0;1;1;1;0;0;1;0;0;-1;-1;-1;-1;-1;-1;-1;-1;-1;13;19;51;69;94;26;75;82;44;8;0;3.88;2.51;Deportes Linares;San Antonio Unido;0.82;0.91;0.5;1;0.71;1.27;88;82;51;32;7;64;50;43;1.43;1.16;2.59;5012;22;Y;Y;Y;N;N;N;N
1160057;2213;2204;2020;complete;60183;18;-1;47;7,23;1;2;3;6;3;9;-1;-1;3;3;0;0;8;5;4;4;12;9;-1;-1;51;49;3;3;2.15;3.15;2.8;1.06;1.38;2.05;3.3;5.5;6.5;2.6;1.62;1.25;1.08;1.91;1.74;0;0;0;0;1.38;1.33;1.62;3;2.1;3.4;2.7;2.38;3.25;0;0;0;0;0;0;0;0;0;0;0;0;0;0;0;1.8;8.5;2.25;0;0;1.42;3;7;15;2.8;1.33;1.07;1.02;1.29;2.25;4.75;10;3.4;1.57;1.15;1.04;0;0;0;0;3;0;2;1;0;1;2;2021-01-10 20:00:00;2204;0;63;7;38;0;1;1;3;1;3;2;4;5;1;1;2;2;2;4;1;45;36;88;75;1.65;1.18;2.83;1;0;1;0;0;0;1;1;0;1;0;0;0;0;-1;-1;-1;-1;-1;-1;-1;-1;-1;13;19;44;82;94;19;63;94;51;9.88;0;5.13;2.63;Concepción;Iberia;0.82;1.91;1.13;1.75;1.18;1.12;88;82;57;19;7;62;55;47;1.31;1.81;3.12;5012;22;Y;Y;Y;N;N;N;Y
1160058;2225;2219;2020;complete;60183;18;-1;;2,67,83;0;3;3;9;9;18;-1;-1;1;2;0;0;6;13;8;5;14;18;-1;-1;59;41;1;2;1.87;3.4;3.15;1.01;1.19;1.61;2.4;3.75;9;3.65;2.1;1.45;1.19;1.54;2.2;0;0;0;0;1.28;1.29;1.8;2.63;2.38;3.2;2.38;2.6;3.4;0;0;1.36;1.66;2.14;2.9;0;2.95;2.12;1.64;1.37;0;0;0;0;1.73;9.25;2.1;0;0;1.29;2.45;5.25;12;3.5;1.54;1.13;1.03;1.18;1.85;3.6;7;4.33;1.85;1.25;1.07;0;0;0;0;3;0;1;0;2;2;1;2021-01-10 21:00:00;2219;0;60;18;42;0;1;1;5;5;4;4;10;8;0;0;1;2;0;3;1;27;32;70;55;1.5;2.27;3.76;0;0;0;0;0;0;1;1;0;1;1;0;0;0;-1;-1;-1;-1;-1;-1;-1;-1;-1;12;41;70;89;94;46;76;88;47;11;0;5.22;3.1;Recoleta;Independiente;1.27;1;1.44;0.75;1.71;1.18;89;60;31;12;7;75;69;57;1.58;1.5;3.08;5012;22;Y;Y;Y;N;N;N;N
1160059;2237;2218;2020;complete;60183;18;-1;90;83;1;1;2;5;3;8;-1;-1;1;2;0;0;9;5;6;11;15;16;-1;-1;56;44;1;2;1.37;4.25;5.25;1.01;1.27;1.69;2.7;4.15;9;3.1;1.95;1.36;1.15;1.87;1.77;0;0;0;0;1.1;1.18;2.41;2.1;2.38;4.75;1.85;2.7;5.25;0;0;0;0;0;0;0;0;0;0;0;0;0;0;0;1.4;9.25;3.2;2.5;11;1.31;2.5;5.5;13;3.3;1.51;1.13;1.02;1.2;1.95;3.8;8;4;1.75;1.22;1.05;0;0;0;0;2;0;0;1;1;2;0;2021-01-10 23:00:00;-1;0;50;13;26;0;1;1;3;3;2;0;6;2;1;1;0;1;2;1;1;60;36;87;80;2.01;1.62;3.62;0;0;0;0;0;0;1;1;0;0;0;0;0;0;-1;-1;-1;-1;-1;-1;-1;-1;-1;0;13;57;75;94;44;63;82;44;8.02;0;4.63;2.38;Lautaro de Buin ;Colchagua;2.27;1.45;2.75;1.63;2.38;1.35;100;88;44;25;7;54;54;54;1.3;1.58;2.88;5012;22;Y;Y;N;N;N;N;Y
1160060;2246;2236;2020;complete;60183;18;-1;;42;0;1;1;5;4;9;-1;-1;1;2;0;0;6;7;6;5;12;12;-1;-1;45;55;1;2;2.75;3.2;2.15;1.03;1.24;1.71;2.55;4.05;7.75;3.3;1.95;1.4;1.16;1.61;2.1;0;0;0;0;1.57;1.28;1.37;3.2;2.25;2.75;3.09;2.38;2.65;0;0;1.29;1.54;1.97;2.6;3.55;3.35;2.35;1.79;1.45;1.26;0;0;0;1.95;8;1.91;0;0;1.33;2.65;6;13;3.2;1.48;1.11;1.02;1.25;1.95;4;8;3.74;1.75;1.22;1.06;0;0;0;0;1;0;1;0;0;0;1;2021-01-10 21:00:00;2236;0;57;19;38;0;1;1;2;3;3;1;5;4;1;2;0;0;3;0;1;34;35;65;80;1.42;1.5;2.92;0;0;0;0;0;0;1;1;0;0;0;0;0;0;-1;-1;-1;-1;-1;-1;-1;-1;-1;13;19;63;88;94;44;63;94;57;13.58;0;4.51;2.88;General Velásquez;Fernández Vial;1.09;2;1.5;2;1.59;2.06;88;82;38;13;7;79;72;64;1.62;1.88;3.5;5012;22;Y;N;N;N;N;N;N
1160061;2219;2242;2020;complete;60183;19;-1;76,90;;2;0;2;4;4;8;-1;-1;2;2;0;2;8;2;4;4;12;6;-1;-1;55;45;2;5;2.15;3.05;2.9;1.04;1.29;1.87;2.9;4.6;7.25;3;1.77;1.31;1.12;1.71;1.95;0;0;0;0;0;0;0;2.4;2.2;4;0;0;0;0;0;0;0;0;0;0;0;0;0;0;0;0;0;0;1.57;0;2.63;0;0;0;0;0;0;0;0;0;0;0;0;0;0;0;0;0;0;0;0;0;0;2;0;0;2;0;2;0;2021-01-15 22:00:00;2219;0;56;22;22;0;1;1;1;2;3;2;3;5;1;1;1;3;2;4;1;52;33;96;76;1.7;0.77;2.46;1;0;1;0;0;0;1;1;0;0;0;0;0;0;-1;-1;-1;-1;-1;-1;-1;-1;-1;11;17;39;67;100;33;62;84;34;7.1;0;5.45;2.34;Independiente;Colina;1.55;1.09;1.56;1.22;1.28;1.17;89;84;62;33;0;29;24;18;1.3;1.37;2.67;5012;22;Y;Y;N;N;N;N;N
1160062;2204;2218;2020;complete;60183;19;-1;29;90;1;1;2;3;8;11;-1;-1;1;3;0;0;7;6;4;3;11;9;-1;-1;50;50;1;3;1.91;3.15;3.3;1.04;1.3;1.87;2.9;4.7;7.25;2.95;1.77;1.3;1.11;1.74;1.87;0;0;0;0;0;0;0;2.3;2.25;4.33;0;0;0;0;0;0;0;0;0;0;0;0;0;0;0;0;0;0;1.5;0;2.75;0;0;0;0;0;0;0;0;0;0;0;0;0;0;0;0;0;0;0;0;0;0;2;1;0;0;1;1;1;2021-01-15 21:00:00;-1;0;39;18;11;0;1;1;3;3;0;5;6;5;1;1;0;2;2;2;1;41;48;95;97;1.49;1.34;2.83;0;0;0;0;0;0;1;1;0;0;0;1;0;0;-1;-1;-1;-1;-1;-1;-1;-1;-1;0;6;45;67;84;28;39;78;39;9.08;0;5.31;2;Iberia;Colchagua;0.64;1.45;0.56;1.56;1.22;1.33;100;95;56;33;17;45;45;35;1.36;1.58;2.94;5012;22;Y;Y;N;N;N;N;Y
1160063;2236;2213;2020;complete;60183;19;-1;16,90;6;2;1;3;11;2;13;-1;-1;4;3;0;0;7;3;8;2;15;5;-1;-1;55;45;4;3;1.61;3.4;4.35;1.07;1.33;1.91;3;5.25;7;2.8;1.71;1.29;1.12;1.95;1.69;0;0;0;0;1.04;1.28;2.38;1.73;2.6;7;1.9;2.48;6;0;0;0;0;0;0;0;0;0;0;0;0;0;0;0;1.2;7.5;4.75;2.75;8;1.36;2.83;8;29;3.01;1.4;1.06;1.01;1.2;1.95;3.84;14;3.94;1.75;1.22;1.02;0;0;0;0;3;1;1;1;0;1;2;2021-01-30 20:00:00;2236;0;56;22;28;0;1;1;7;0;4;2;7;6;0;2;4;1;2;5;1;72;35;96;62;1.95;0.78;2.74;0;0;0;0;0;0;1;1;0;1;2;0;0;1;-1;-1;-1;-1;-1;-1;-1;-1;-1;11;28;56;62;84;22;61;73;50;10.08;0;4.55;2.39;Fernández Vial;Concepción;2.09;1.09;2.11;1.22;2;1.11;89;73;44;39;17;37;18;6;1.3;1.67;2.97;5012;22;Y;Y;Y;N;N;N;Y
1160064;2237;2228;2020;complete;60183;19;-1;48,59;40,52;2;2;4;7;7;14;-1;-1;1;3;0;0;4;6;5;5;9;11;-1;-1;49;51;1;3;1.3;4.95;8.69;1.01;1.22;1.57;2.5;3.95;9.5;3.45;2.28;1.41;1.17;2;1.65;0;0;0;0;0;0;0;0;0;0;0;0;0;0;0;0;0;0;0;0;0;0;0;0;0;0;0;0;0;0;0;0;0;0;0;0;0;0;0;0;0;0;0;0;0;0;0;0;0;0;0;0;0;4;0;1;2;1;3;1;2021-01-16 21:00:00;-1;0;34;6;29;0;1;1;3;5;4;2;8;6;1;0;0;3;1;3;1;0;0;0;0;1.27;1.41;2.68;0;0;0;0;0;0;1;1;0;0;0;2;0;0;-1;-1;-1;-1;-1;-1;-1;-1;-1;6;11;39;61;95;33;50;78;39;5.78;0;3.14;2.17;Lautaro de Buin ;Deportes Linares;2.27;0.82;2.56;0.89;2.29;0.83;95;89;62;39;6;64;47;47;1.38;1.06;2.44;5012;22;Y;Y;Y;Y;N;N;Y
1160065;2221;2225;2020;complete;60183;19;-1;;11,47,76;0;3;3;-1;-1;-1;-1;-1;2;1;0;0;-1;-1;-1;-1;-1;-1;-1;-1;-1;-1;2;1;0;0;0;0;0;0;0;0;0;0;0;0;0;0;0;0;0;0;0;0;0;0;0;0;0;0;0;0;0;0;0;0;0;0;0;0;0;0;0;0;0;0;0;0;0;0;0;0;0;0;0;0;0;0;0;0;0;0;0;0;0;0;0;0;0;0;0;0;3;0;1;0;2;2;1;2021-01-17 21:00:00;2225;0;66;34;28;0;-1;1;-1;-1;-1;-1;-1;-1;1;0;1;1;1;2;-1;0;0;0;0;0;0;0;0;0;0;0;0;0;1;1;0;0;-1;-1;0;0;-1;-1;-1;-1;-1;-1;-1;-1;-1;18;25;48;72;84;36;53;72;31;5.86;0;4.27;2.58;Deportes Vallenar;Recoleta;1.36;2.09;1.56;2;1.06;1.61;82;76;53;29;17;22;7;7;1.37;1.54;2.91;5012;22;Y;Y;Y;N;N;N;N
1160066;2223;2246;2020;complete;60183;19;-1;;90;0;1;1;6;1;7;-1;-1;1;1;0;0;4;7;9;5;13;12;-1;-1;57;43;1;1;2.5;2.87;2.75;1.08;1.43;2.4;3.7;6;6;2.45;1.5;1.19;1.06;2;1.67;0;0;0;0;1.43;1.36;1.5;3.25;1.91;3.4;3.1;2.15;3.2;0;0;0;0;0;0;0;0;0;0;0;0;0;0;0;1.95;7;2.2;3.9;4.33;1.53;3.4;11;41;2.5;1.29;1.05;1.01;1.36;2.6;5.5;13;2.9;1.44;1.11;1.02;0;0;0;0;1;0;0;0;1;1;0;2021-01-17 21:00:00;2246;0;55;17;27;0;1;1;6;1;0;0;7;0;1;1;0;0;2;0;1;88;67;111;96;1.74;1.73;3.47;0;0;0;0;0;0;1;1;0;0;1;0;0;0;-1;-1;-1;-1;-1;-1;-1;-1;-1;7;18;38;69;93;37;62;75;33;11;0;6.15;2.4;San Antonio Unido;General Velásquez;1.64;1.91;1.57;1.67;1.18;1.5;93;82;62;31;7;59;42;42;1.67;1.46;3.13;5012;22;Y;N;N;N;N;N;N
1170734;2242;2204;2020;complete;60183;20;-1;47,90;37,41,46,90;2;4;6;9;5;14;-1;-1;2;2;0;0;9;6;6;4;15;10;-1;-1;61;39;2;2;2.45;3.1;2.45;0;0;2.08;0;0;0;0;1.73;0;0;0;0;0;0;0;0;0;0;0;3.2;2.05;3.25;0;0;0;0;0;0;0;0;0;0;0;0;0;0;0;0;0;0;1.91;0;2.1;0;0;0;0;0;0;0;0;0;0;0;0;0;0;0;0;0;0;0;0;0;0;6;0;2;2;2;4;2;2021-01-22 13:00:00;2204;0;67;11;33;0;1;1;2;4;7;1;6;8;1;0;1;2;1;3;1;88;52;96;88;2.2;1.43;3.64;0;1;0;1;0;0;1;1;0;0;0;0;0;0;-1;-1;-1;-1;-1;-1;-1;-1;-1;22;22;62;89;100;39;89;95;45;10.75;0;4.67;3.23;Colina;Iberia;1.18;1.91;1.11;1.89;1.11;1.21;78;78;39;11;0;69;51;38;1.47;1.72;3.19;5012;22;Y;Y;Y;Y;Y;Y;Y
1170735;2213;2237;2020;complete;60183;20;-1;;58;0;1;1;2;6;8;-1;-1;3;4;1;0;3;5;3;8;6;13;-1;-1;42;58;5;4;3.4;3.2;1.87;1.08;1.33;1.91;2.9;4.9;7;2.8;1.71;1.31;1.13;1.83;1.8;0;0;0;0;0;0;0;4.75;2.1;2.38;0;0;0;0;0;0;0;0;0;0;0;0;0;0;0;0;0;0;2.6;0;1.67;0;0;0;0;0;0;0;0;0;0;0;0;0;0;0;0;0;0;0;0;0;0;1;0;0;0;1;1;0;2021-02-02 21:00:00;2237;0;56;11;28;0;1;1;1;3;1;3;4;4;3;0;1;4;3;5;1;35;55;72;94;0.85;1.57;2.42;0;0;0;0;0;0;1;1;0;0;0;1;0;0;-1;-1;-1;-1;-1;-1;-1;-1;-1;11;22;50;73;89;28;61;84;45;9.38;0;5.55;2.5;Concepción;Lautaro de Buin ;0.82;2;1;1.78;1.05;2.11;89;78;50;28;11;57;32;26;1.35;1.44;2.79;5012;22;Y;N;N;N;N;N;N
1170736;2228;2219;2020;complete;60183;20;-1;;;0;0;0;3;4;7;-1;-1;2;3;0;0;6;4;5;11;11;15;-1;-1;53;47;2;3;2.4;3.2;2.6;1.04;1.32;2;2.95;4.85;7.25;2.85;1.72;1.3;1.1;1.83;1.8;0;0;0;0;0;0;0;0;0;0;0;0;0;0;0;0;0;0;0;0;0;0;0;0;0;0;0;0;0;0;0;0;0;0;0;0;0;0;0;0;0;0;0;0;0;0;0;0;0;0;0;0;0;0;0;0;0;0;0;0;2021-01-20 21:00:00;-1;0;62;17;39;0;1;1;1;2;2;2;3;4;1;2;1;1;3;2;1;0;0;0;0;1.35;1.49;2.84;0;0;0;0;0;0;1;1;0;0;1;0;0;1;-1;-1;-1;-1;-1;-1;-1;-1;-1;17;33;62;84;95;28;84;78;56;9.77;0;4.55;2.95;Deportes Linares;Independiente;0.82;1;0.78;1;0.84;1.37;84;67;39;17;6;71;59;53;1.51;1.58;3.09;5012;22;N;N;N;N;N;N;N
1170737;2223;2236;2020;complete;60183;20;-1;2;;1;0;1;3;14;17;-1;-1;2;3;0;0;6;3;7;3;13;6;-1;-1;34;66;2;3;3.25;3.6;1.91;1.04;1.31;1.91;2.95;4.7;7;2.9;1.8;1.29;1.11;1.83;1.8;0;0;0;0;1.88;1.2;1.2;3.75;2.2;2.5;4.2;2.38;2.15;0;0;0;0;0;0;0;0;0;0;0;0;0;0;0;2.25;9;1.73;0;0;1.38;2.9;6.5;15;2.9;1.36;1.08;1.02;1.22;2.1;4;10;3.8;1.67;1.2;1.04;0;0;0;0;1;1;0;0;0;0;1;2021-01-20 21:00:00;2223;0;41;11;36;0;1;1;2;8;1;6;10;7;2;3;0;0;5;0;1;52;97;111;120;1.62;1.3;2.92;1;0;1;0;0;0;1;1;1;0;0;0;0;0;-1;-1;-1;-1;-1;-1;-1;-1;-1;12;18;53;71;94;35;64;82;47;12.17;0;5.71;2.64;San Antonio Unido;Fernández Vial;1.64;2;1.38;2.11;1.11;2.11;89;83;48;30;7;66;52;46;1.68;1.83;3.51;5012;22;Y;N;N;N;N;N;N
1170738;2246;2225;2020;complete;60183;20;-1;64;42,78;1;2;3;3;1;4;-1;-1;3;3;0;0;8;5;9;8;17;13;-1;-1;49;51;3;3;2.35;3.15;2.55;1.02;1.25;1.71;2.6;4.05;8;3.3;1.91;1.38;1.16;1.59;2.1;0;0;0;0;0;0;0;2.63;2.2;3.6;0;0;0;0;0;0;0;0;0;0;0;0;0;0;0;0;0;0;1.67;0;2.38;0;0;0;0;0;0;0;0;0;0;0;0;0;0;0;0;0;0;0;0;0;0;3;0;1;1;1;2;1;2021-01-21 21:00:00;2225;0;62;18;36;0;1;1;2;0;1;1;2;2;1;1;2;2;2;4;1;32;34;73;80;1.86;1.42;3.28;0;0;0;0;0;0;1;1;0;0;1;0;0;0;-1;-1;-1;-1;-1;-1;-1;-1;-1;17;22;56;84;95;33;56;84;50;9.99;0;4;2.89;General Velásquez;Recoleta;1.09;2.09;1.33;2.11;1.58;1.68;84;78;45;17;6;59;32;32;1.59;1.54;3.13;5012;22;Y;Y;Y;N;N;N;Y
1170739;2218;2221;2020;complete;60183;20;-1;4,46,62,78;;4;0;4;4;3;7;-1;-1;1;0;0;0;10;6;8;6;18;12;-1;-1;54;46;1;0;1.83;3.1;3.65;1.06;1.38;2.1;3.35;5.75;6.25;2.6;1.61;1.24;1.08;2;1.65;0;0;0;0;0;0;0;2.4;2;5;0;0;0;0;0;0;0;0;0;0;0;0;0;0;0;0;0;0;1.53;0;3.2;0;0;0;0;0;0;0;0;0;0;0;0;0;0;0;0;0;0;0;0;0;0;4;1;0;3;0;3;1;2021-01-22 21:00:00;2218;0;39;17;17;0;1;1;1;3;3;0;4;3;0;0;1;0;0;1;1;46;27;74;57;2.16;1.37;3.53;0;0;0;0;0;0;1;1;1;0;0;1;0;0;-1;-1;-1;-1;-1;-1;-1;-1;-1;6;17;44;62;89;22;73;78;28;10.5;0;6.02;2.22;Colchagua;Deportes Vallenar;1.18;0.73;1.11;0.56;1.32;1;95;84;56;39;11;44;26;19;1.42;1.24;2.66;5012;22;Y;Y;Y;Y;N;N;N
1170740;2204;2223;2020;complete;60183;21;-1;;;0;0;0;10;3;13;-1;-1;2;3;0;0;5;2;8;2;13;4;-1;-1;61;39;2;3;2;3.2;3;1.07;1.32;1.87;2.9;4.75;7.25;2.85;1.74;1.31;1.13;1.77;1.87;0;0;0;0;1.32;1.26;1.64;2.75;2.1;3.75;2.55;2.43;3.5;0;0;0;0;0;0;0;0;0;0;0;0;0;0;0;1.73;9;2.4;3.7;5.75;1.35;3;8.5;17;2.88;1.32;1.06;1.01;1.25;2.25;5;15;3.5;1.53;1.11;1.02;0;0;0;0;0;0;0;0;0;0;0;2021-02-06 21:00:00;-1;0;40;16;10;0;1;1;5;2;5;1;7;6;1;3;1;0;4;1;1;51;27;68;45;1.53;0.59;2.12;0;0;0;0;0;0;1;1;0;0;3;0;0;1;-1;-1;-1;-1;-1;-1;-1;-1;-1;0;0;35;65;85;15;50;80;30;9.13;0;4.86;1.85;Iberia;San Antonio Unido;0.64;0.91;0.6;0.9;1.3;1.3;100;100;65;35;15;63;57;42;1.38;1.25;2.63;5012;22;N;N;N;N;N;N;N
1170741;2236;2242;2020;complete;60183;21;-1;68;88;1;1;2;2;3;5;-1;-1;2;4;0;0;4;6;2;2;6;8;-1;-1;52;48;2;4;1.5;3.8;5.5;0;0;2.2;0;0;0;0;1.6;0;0;0;0;0;0;0;0;0;0;0;1.95;2.4;5.5;0;0;0;0;0;0;0;0;0;0;0;0;0;0;0;0;0;0;1.36;0;3.4;0;0;0;0;0;0;0;0;0;0;0;0;0;0;0;0;0;0;0;0;0;0;2;0;0;1;1;2;0;2021-02-08 21:00:00;-1;0;55;20;30;0;1;1;0;1;2;2;1;4;1;1;1;3;2;4;1;41;34;69;65;0.96;1.17;2.13;0;0;0;0;0;0;1;1;0;0;0;0;1;0;-1;-1;-1;-1;-1;-1;-1;-1;-1;5;25;50;75;95;25;55;85;60;9.69;0;5.1;2.5;Fernández Vial;Colina;2.09;1.09;2.2;1.1;2.05;1.05;95;75;50;25;5;36;26;21;1.37;1.31;2.68;5012;22;Y;Y;N;N;N;N;Y
1170742;2246;2237;2020;complete;60183;21;-1;84;13,33;1;2;3;13;1;14;-1;-1;-1;-1;-1;-1;2;3;0;0;2;3;-1;-1;57;43;-1;-1;3.27;3.73;2.04;1.07;1.36;2.05;3.15;5.5;7.25;2.65;1.74;1.27;1.11;2;1.67;0;0;0;0;0;0;0;5;2.2;2.2;0;0;0;0;0;0;0;0;0;0;0;0;0;0;0;0;0;0;2.75;0;1.53;0;0;0;0;0;0;0;0;0;0;0;0;0;0;0;0;0;0;0;0;0;0;3;0;2;1;0;1;2;2021-02-08 21:00:00;2237;0;50;10;30;0;1;-1;4;1;9;0;5;9;-1;-1;-1;-1;-1;-1;-1;0;0;0;0;0;0;0;0;0;0;0;0;0;1;1;0;0;0;1;-1;-1;-1;-1;-1;-1;-1;-1;-1;-1;-1;10;15;50;70;90;30;65;80;40;10.45;0;4.6;2.45;General Velásquez;Lautaro de Buin ;1.09;2;1.2;1.9;1.5;2.15;90;85;50;30;10;56;33;28;1.62;1.45;3.07;5012;22;Y;Y;Y;N;N;N;Y
1170743;2225;2213;2020;complete;60183;21;-1;25,90;70,75;2;2;4;2;9;11;-1;-1;1;2;0;0;5;6;7;8;12;14;-1;-1;45;55;1;2;2.2;3.2;2.65;1.06;1.27;1.74;2.55;4.05;8;3.15;1.87;1.39;1.17;1.62;2.05;0;0;0;0;1.34;1.26;1.61;2.75;2.25;3.4;2.55;2.55;3.25;0;0;0;0;2;0;0;0;0;1.8;0;0;0;0;0;1.73;11;2.2;4.2;5.5;1.29;2.63;6.75;13;3.2;1.42;1.08;1.02;1.17;1.91;4.2;11;4.5;1.73;1.17;1.02;0;0;0;0;4;1;0;1;2;3;1;2021-02-06 21:00:00;-1;0;55;30;25;0;1;1;2;3;0;6;5;6;0;0;1;2;0;3;1;24;30;47;55;1.28;1.51;2.79;0;0;0;0;0;0;1;1;0;0;0;0;0;0;-1;-1;-1;-1;-1;-1;-1;-1;-1;15;30;75;75;90;50;85;80;40;10.39;0;4.6;2.9;Recoleta;Concepción;1.27;1.09;1.3;1.1;1.75;1;85;70;25;25;10;58;52;40;1.57;1.56;3.13;5012;22;Y;Y;Y;Y;N;N;Y
1170744;2228;2218;2020;complete;60183;21;-1;6;90;1;1;2;3;3;6;-1;-1;1;1;0;1;5;5;5;7;10;12;-1;-1;49;51;1;3;2.05;3.3;2.85;1.06;1.29;1.77;2.65;4.4;7.75;3;1.83;1.36;1.15;1.71;1.95;0;0;0;0;0;0;0;0;0;0;0;0;0;0;0;0;0;0;0;0;0;0;0;0;0;0;0;0;0;0;0;0;0;0;0;0;0;0;0;0;0;0;0;0;0;0;0;0;0;0;0;0;0;2;1;0;0;1;1;1;2021-02-06 21:00:00;-1;0;60;15;25;0;1;1;2;2;1;1;4;2;0;1;1;1;1;2;1;0;0;0;0;1.17;1.35;2.52;0;0;0;0;0;0;1;1;1;0;0;0;0;0;-1;-1;-1;-1;-1;-1;-1;-1;-1;10;20;55;75;90;30;70;80;50;9;0;4.3;2.55;Deportes Linares;Colchagua;0.82;1.45;0.8;1.5;0.85;1.4;90;80;45;25;10;56;50;50;1.49;1.56;3.05;5012;22;Y;Y;N;N;N;N;Y
1170745;2221;2219;2020;complete;60183;21;-1;43;45;1;1;2;-1;-1;-1;-1;-1;2;2;0;0;-1;-1;-1;-1;-1;-1;-1;-1;-1;-1;2;2;1.27;5;6.5;1.03;1.21;1.59;2.35;3.7;11;3.65;2.05;1.45;1.2;1.95;1.69;0;0;0;0;0;0;0;0;0;0;0;0;0;0;0;0;0;0;0;0;0;0;0;0;0;0;0;0;0;0;0;0;0;0;0;0;0;0;0;0;0;0;0;0;0;0;0;0;0;0;0;0;0;2;1;1;0;0;0;2;2021-02-06 21:00:00;-1;0;50;22;26;0;-1;1;-1;-1;-1;-1;-1;-1;0;2;2;0;2;2;-1;0;0;0;0;0;0;0;1;0;1;0;0;0;1;1;0;0;-1;-1;0;0;-1;-1;-1;-1;-1;-1;-1;-1;-1;10;20;45;70;75;25;60;65;35;7.7;0;5;2.2;Deportes Vallenar;Independiente;1.36;1;1.4;1;0.95;1.35;90;80;55;30;25;35;30;25;1.37;1.57;2.94;5012;22;Y;Y;N;N;N;N;Y
1180442;2219;2246;2020;complete;60183;22;-1;;9,90;0;2;2;2;4;6;-1;-1;2;0;0;0;0;8;7;3;7;11;-1;-1;50;50;2;0;2.25;3.25;2.75;0;0;0;0;0;0;0;0;0;0;0;0;0;0;0;0;0;0;0;0;0;0;0;0;0;0;0;0;0;0;0;0;0;0;0;0;0;0;0;0;0;0;0;0;0;0;0;0;0;0;0;0;0;0;0;0;0;0;0;0;0;0;0;0;0;2;0;1;0;1;1;1;2021-02-13 21:00:00;2246;0;55;25;10;0;1;1;0;3;2;1;3;3;1;0;1;0;1;1;1;36;26;57;52;0.7;1.44;2.14;0;1;0;1;0;0;1;1;0;1;0;1;0;0;-1;-1;-1;-1;-1;-1;-1;-1;-1;5;15;30;60;100;35;55;85;20;8.44;0;5.1;2.1;Independiente;General Velásquez;1.55;1.91;1.7;1.8;1.33;1.43;95;85;70;40;0;44;32;27;1.34;1.5;2.84;5012;22;Y;Y;N;N;N;N;N
1180443;2237;2204;2020;complete;60183;22;-1;85;90;1;1;2;7;3;10;-1;-1;2;1;0;0;2;3;1;9;3;12;-1;-1;52;48;2;1;1.57;3.5;4.45;1.07;1.31;2;3.38;6.5;7.5;3.2;1.8;1.27;1.15;1.88;1.82;0;0;0;0;1.16;1.25;2;2.3;2.2;4.75;2.1;2.6;4.56;0;0;0;0;0;0;0;0;0;0;0;0;0;0;0;1.5;7.25;3;0;0;1.42;2.9;6.9;15;2.8;1.35;1.07;1.02;1.22;2.1;4.3;10;3.8;1.65;1.18;1.04;0;0;0;0;2;0;0;1;1;2;0;2021-02-12 13:30:00;-1;0;65;5;45;0;1;1;3;1;4;2;4;6;2;1;0;0;3;0;1;49;58;90;96;0.7;1.39;2.08;0;0;0;0;0;0;1;1;0;0;2;0;0;0;-1;-1;-1;-1;-1;-1;-1;-1;-1;10;20;55;85;100;40;80;90;45;8.38;0;3.8;2.85;Lautaro de Buin ;Iberia;2.27;1.91;2.4;2;2.19;1.29;90;80;45;15;0;63;57;50;1.37;1.69;3.06;5012;22;Y;Y;N;N;N;N;Y
1180444;2242;2228;2020;complete;60183;22;-1;33,61;44;2;1;3;4;6;10;-1;-1;1;3;0;0;6;3;7;4;13;7;-1;-1;47;53;1;3;0;0;0;0;0;0;0;0;0;0;0;0;0;0;0;0;0;0;0;0;0;0;0;0;0;0;0;0;0;0;0;0;0;0;0;0;0;0;0;0;0;0;0;0;0;0;0;0;0;0;0;0;0;0;0;0;0;0;0;0;0;0;0;0;0;0;0;0;3;1;1;1;0;1;2;2021-02-13 21:00:00;2242;0;45;10;31;0;1;1;1;2;3;4;3;7;0;1;1;2;1;3;1;0;0;0;0;1.59;0.98;2.57;0;0;0;0;0;0;1;1;0;0;0;1;0;0;-1;-1;-1;-1;-1;-1;-1;-1;-1;25;30;55;70;95;35;65;85;50;9.49;0;4.04;3;Colina;Deportes Linares;1.18;0.82;1;0.9;1.05;0.86;75;70;45;30;5;78;54;49;1.55;1.11;2.66;5012;22;Y;Y;Y;N;N;N;Y
1180445;2213;2221;2020;complete;60183;22;-1;;36,87;0;2;2;7;2;9;-1;-1;4;6;2;0;3;6;4;2;7;8;-1;-1;52;48;8;6;1.95;3.2;3.15;1.07;1.33;1.91;3;5;7.25;2.8;1.69;1.29;1.12;1.8;1.8;0;0;0;0;1.29;1.3;1.64;2.88;2.05;3.6;2.63;2.25;3.6;0;0;0;0;0;0;0;0;0;0;0;0;0;0;0;1.8;9;2.3;0;0;1.4;2.62;6;15;2.85;1.42;1.09;1.02;1.3;2.4;5.25;10;3.2;1.5;1.13;1.04;0;0;0;0;2;0;1;0;1;1;1;2021-02-13 21:00:00;2221;0;50;15;25;0;1;1;4;2;3;0;6;3;2;2;4;4;4;8;1;52;38;86;94;1.03;1.21;2.24;0;0;0;0;0;0;1;1;0;0;0;1;0;0;-1;-1;-1;-1;-1;-1;-1;-1;-1;10;25;45;65;85;25;55;80;40;9.12;0;6;2.35;Concepción;Deportes Vallenar;0.82;0.73;0.9;0.5;1;0.95;90;75;55;35;15;39;22;22;1.29;1.25;2.54;5012;22;Y;Y;N;N;N;N;N
1180447;2223;2225;2020;complete;60183;22;-1;76,81,90;36,66,83;3;3;6;12;0;12;-1;-1;1;0;0;0;9;5;12;2;21;7;-1;-1;60;40;1;0;2.62;3.5;2.22;1.05;1.25;1.65;2.5;3.95;8.75;3.3;2.1;1.41;1.18;1.61;2.1;0;0;0;0;1.54;1.26;1.43;3.1;2.25;2.88;2.8;2.62;2.7;0;0;0;0;0;0;0;0;0;0;0;0;0;0;0;1.91;11;2;0;0;1.3;2.5;5.5;13;3.2;1.51;1.11;1.02;1.17;1.83;4;10;4.5;1.8;1.17;1.03;0;0;0;0;6;0;1;3;2;5;1;2021-02-12 21:00:00;-1;0;50;11;37;0;1;1;8;0;4;0;8;4;0;0;1;0;0;1;1;79;35;82;95;2.51;1.06;3.57;0;0;0;0;0;0;1;1;0;0;3;0;0;0;-1;-1;-1;-1;-1;-1;-1;-1;-1;15;20;50;70;95;25;60;75;45;8.17;0;5.31;2.7;San Antonio Unido;Recoleta;1.64;2.09;1.7;2.2;1.29;1.71;85;80;50;30;5;47;29;29;1.69;1.52;3.21;5012;22;Y;Y;Y;Y;Y;Y;Y
1184653;2218;2236;2020;complete;60183;22;-1;;31,90;0;2;2;2;6;8;-1;-1;-1;-1;-1;-1;4;7;13;9;17;16;-1;-1;48;52;-1;-1;2.8;3.4;2.2;1.06;1.29;1.95;3.3;6;8;3.3;1.85;1.29;1.11;1.72;2.08;0;0;0;0;1.62;1.27;1.35;3.4;2.2;2.88;3.24;2.3;2.65;0;0;0;0;0;0;0;0;0;0;0;0;0;0;0;2.25;7.75;1.73;0;0;1.37;3;7;15;2.85;1.37;1.08;1.02;1.29;2.1;4.5;10;3.5;1.67;1.17;1.04;0;0;0;0;2;0;1;0;1;1;1;2021-02-12 13:30:00;2236;0;35;15;20;0;1;-1;0;3;2;3;3;5;-1;-1;-1;-1;-1;-1;1;53;39;72;76;1.73;1.78;3.5;0;0;0;0;0;0;1;1;0;0;0;1;-1;-1;-1;-1;-1;-1;-1;-1;-1;-1;-1;5;20;55;70;100;25;80;85;45;13.23;0;5.29;2.55;Colchagua;Fernández Vial;1.18;2;1.3;1.9;1.38;2;95;80;45;30;0;73;56;45;1.5;1.77;3.27;5012;22;Y;Y;N;N;N;N;N
