ID;HOMEID;AWAYID;SEASON;STATUS;ROUNDID;GAME_WEEK;REVISED_GAME_WEEK;HOMEGOALS;AWAYGOALS;HOMEGOALCOUNT;AWAYGOALCOUNT;TOTALGOALCOUNT;TEAM_A_CORNERS;TEAM_B_CORNERS;TOTALCORNERCOUNT;TEAM_A_OFFSIDES;TEAM_B_OFFSIDES;TEAM_A_YELLOW_CARDS;TEAM_B_YELLOW_CARDS;TEAM_A_RED_CARDS;TEAM_B_RED_CARDS;TEAM_A_SHOTSONTARGET;TEAM_B_SHOTSONTARGET;TEAM_A_SHOTSOFFTARGET;TEAM_B_SHOTSOFFTARGET;TEAM_A_SHOTS;TEAM_B_SHOTS;TEAM_A_FOULS;TEAM_B_FOULS;TEAM_A_POSSESSION;TEAM_B_POSSESSION;TEAM_A_CARDS_NUM;TEAM_B_CARDS_NUM;ODDS_FT_1;ODDS_FT_X;ODDS_FT_2;ODDS_FT_OVER05;ODDS_FT_OVER15;ODDS_FT_OVER25;ODDS_FT_OVER35;ODDS_FT_OVER45;ODDS_FT_UNDER05;ODDS_FT_UNDER15;ODDS_FT_UNDER25;ODDS_FT_UNDER35;ODDS_FT_UNDER45;ODDS_BTTS_YES;ODDS_BTTS_NO;ODDS_TEAM_A_CS_YES;ODDS_TEAM_A_CS_NO;ODDS_TEAM_B_CS_YES;ODDS_TEAM_B_CS_NO;ODDS_DOUBLECHANCE_1X;ODDS_DOUBLECHANCE_12;ODDS_DOUBLECHANCE_X2;ODDS_1ST_HALF_RESULT_1;ODDS_1ST_HALF_RESULT_X;ODDS_1ST_HALF_RESULT_2;ODDS_2ND_HALF_RESULT_1;ODDS_2ND_HALF_RESULT_X;ODDS_2ND_HALF_RESULT_2;ODDS_DNB_1;ODDS_DNB_2;ODDS_CORNERS_OVER_75;ODDS_CORNERS_OVER_85;ODDS_CORNERS_OVER_95;ODDS_CORNERS_OVER_105;ODDS_CORNERS_OVER_115;ODDS_CORNERS_UNDER_75;ODDS_CORNERS_UNDER_85;ODDS_CORNERS_UNDER_95;ODDS_CORNERS_UNDER_105;ODDS_CORNERS_UNDER_115;ODDS_CORNERS_1;ODDS_CORNERS_X;ODDS_CORNERS_2;ODDS_TEAM_TO_SCORE_FIRST_1;ODDS_TEAM_TO_SCORE_FIRST_X;ODDS_TEAM_TO_SCORE_FIRST_2;ODDS_WIN_TO_NIL_1;ODDS_WIN_TO_NIL_2;ODDS_1ST_HALF_OVER05;ODDS_1ST_HALF_OVER15;ODDS_1ST_HALF_OVER25;ODDS_1ST_HALF_OVER35;ODDS_1ST_HALF_UNDER05;ODDS_1ST_HALF_UNDER15;ODDS_1ST_HALF_UNDER25;ODDS_1ST_HALF_UNDER35;ODDS_2ND_HALF_OVER05;ODDS_2ND_HALF_OVER15;ODDS_2ND_HALF_OVER25;ODDS_2ND_HALF_OVER35;ODDS_2ND_HALF_UNDER05;ODDS_2ND_HALF_UNDER15;ODDS_2ND_HALF_UNDER25;ODDS_2ND_HALF_UNDER35;ODDS_BTTS_1ST_HALF_YES;ODDS_BTTS_1ST_HALF_NO;ODDS_BTTS_2ND_HALF_YES;ODDS_BTTS_2ND_HALF_NO;OVERALLGOALCOUNT;HT_GOALS_TEAM_A;HT_GOALS_TEAM_B;GOALS_2HG_TEAM_A;GOALS_2HG_TEAM_B;GOALCOUNT_2HG;HTGOALCOUNT;DATE_UNIX;WINNINGTEAM;NO_HOME_AWAY;BTTS_POTENTIAL;BTTS_FHG_POTENTIAL;BTTS_2HG_POTENTIAL;GOALTIMINGDISABLED;CORNER_TIMINGS_RECORDED;CARD_TIMINGS_RECORDED;TEAM_A_FH_CORNERS;TEAM_B_FH_CORNERS;TEAM_A_2H_CORNERS;TEAM_B_2H_CORNERS;CORNER_FH_COUNT;CORNER_2H_COUNT;TEAM_A_FH_CARDS;TEAM_B_FH_CARDS;TEAM_A_2H_CARDS;TEAM_B_2H_CARDS;TOTAL_FH_CARDS;TOTAL_2H_CARDS;ATTACKS_RECORDED;TEAM_A_DANGEROUS_ATTACKS;TEAM_B_DANGEROUS_ATTACKS;TEAM_A_ATTACKS;TEAM_B_ATTACKS;TEAM_A_XG;TEAM_B_XG;TOTAL_XG;TEAM_A_PENALTIES_WON;TEAM_B_PENALTIES_WON;TEAM_A_PENALTY_GOALS;TEAM_B_PENALTY_GOALS;TEAM_A_PENALTY_MISSED;TEAM_B_PENALTY_MISSED;PENS_RECORDED;GOAL_TIMINGS_RECORDED;TEAM_A_0_10_MIN_GOALS;TEAM_B_0_10_MIN_GOALS;TEAM_A_CORNERS_0_10_MIN;TEAM_B_CORNERS_0_10_MIN;TEAM_A_CARDS_0_10_MIN;TEAM_B_CARDS_0_10_MIN;THROWINS_RECORDED;TEAM_A_THROWINS;TEAM_B_THROWINS;FREEKICKS_RECORDED;TEAM_A_FREEKICKS;TEAM_B_FREEKICKS;GOALKICKS_RECORDED;TEAM_A_GOALKICKS;TEAM_B_GOALKICKS;O45_POTENTIAL;O35_POTENTIAL;O25_POTENTIAL;O15_POTENTIAL;O05_POTENTIAL;O15HT_POTENTIAL;O05HT_POTENTIAL;O05_2H_POTENTIAL;O15_2H_POTENTIAL;CORNERS_POTENTIAL;OFFSIDES_POTENTIAL;CARDS_POTENTIAL;AVG_POTENTIAL;HOME_NAME;AWAY_NAME;HOME_PPG;AWAY_PPG;PRE_MATCH_HOME_PPG;PRE_MATCH_AWAY_PPG;PRE_MATCH_TEAMA_OVERALL_PPG;PRE_MATCH_TEAMB_OVERALL_PPG;U45_POTENTIAL;U35_POTENTIAL;U25_POTENTIAL;U15_POTENTIAL;U05_POTENTIAL;CORNERS_O85_POTENTIAL;CORNERS_O95_POTENTIAL;CORNERS_O105_POTENTIAL;TEAM_A_XG_PREMATCH;TEAM_B_XG_PREMATCH;TOTAL_XG_PREMATCH;COMPETITION_ID;MATCHES_COMPLETED_MINIMUM;OVER05;OVER15;OVER25;OVER35;OVER45;OVER55;BTTS
1244916;2206;689406;2021;complete;68433;1;-1;17,31,70;;3;0;3;-1;-1;-1;-1;-1;-1;-1;-1;-1;-1;-1;-1;-1;-1;-1;-1;-1;-1;-1;-1;-1;0;0;0;0;0;0;0;0;0;0;0;0;0;0;0;0;0;0;0;0;0;0;0;0;0;0;0;0;0;0;0;0;0;0;0;0;0;0;0;0;0;0;0;0;0;0;0;0;0;0;0;0;0;0;0;0;0;0;0;0;0;0;0;0;0;0;0;0;3;2;0;1;0;1;2;2021-05-30 15:00:00;2206;0;0;0;0;0;-1;-1;-1;-1;-1;-1;-1;-1;-1;-1;-1;-1;-1;-1;-1;0;0;0;0;0;0;0;-1;-1;-1;-1;-1;-1;-1;1;0;0;-1;-1;-1;-1;-1;-1;-1;-1;-1;-1;-1;-1;-1;0;0;0;0;0;0;0;0;0;0;0;0;0;Deportes Valdivia;Rodelindo Román;2.18;1.18;0;0;0;0;0;0;0;0;0;0;0;0;0;0;0;5879;22;Y;Y;Y;N;N;N;N
1244917;2204;2213;2021;complete;68433;1;-1;25,62,79,90;6,51;4;2;6;7;4;11;-1;-1;2;2;0;0;6;5;8;3;14;8;-1;-1;59;41;2;2;2;3.25;3.25;0;0;2.15;0;0;0;0;1.67;0;0;1.88;1.82;0;0;0;0;0;0;0;2.75;2.05;3.75;2.57;2.5;3.52;0;0;0;0;0;0;0;0;0;0;0;0;0;0;0;1.73;0;2.5;0;0;0;0;0;0;0;0;0;0;0;0;0;0;0;0;0;0;0;0;0;0;6;1;1;3;1;4;2;2021-05-30 19:00:00;2204;0;0;0;0;0;1;1;2;3;5;1;5;6;1;2;1;0;3;1;1;54;38;89;61;1.69;1.13;2.82;0;1;0;1;0;0;1;1;0;1;0;0;0;0;-1;-1;-1;-1;-1;-1;-1;-1;-1;0;0;0;0;0;0;0;0;0;0;0;0;0;Iberia;Concepción;1.45;1;0;0;0;0;0;0;0;0;0;0;0;0;0;0;0;5879;22;Y;Y;Y;Y;Y;Y;Y
1244918;2223;2235;2021;complete;68433;1;-1;54;90;1;1;2;1;8;9;-1;-1;3;1;0;0;7;5;3;3;10;8;-1;-1;47;53;3;1;1.91;3.2;3.6;0;0;2.05;0;0;0;0;1.75;0;0;0;0;0;0;0;0;0;0;0;2.6;2.1;4;0;0;0;0;0;0;0;0;0;0;0;0;0;0;0;0;0;0;1.67;0;2.6;0;0;0;0;0;0;0;0;0;0;0;0;0;0;0;0;0;0;0;0;0;0;2;0;0;1;1;2;0;2021-05-30 19:00:00;-1;0;0;0;0;0;1;1;1;2;0;6;3;6;1;1;2;0;2;2;1;34;57;76;78;1.37;1.27;2.64;0;0;0;0;0;0;1;1;0;0;0;2;0;0;-1;-1;-1;-1;-1;-1;-1;-1;-1;0;0;0;0;0;0;0;0;0;0;0;0;0;San Antonio Unido;Deportes Limache;1.64;1.36;0;0;0;0;0;0;0;0;0;0;0;0;0;0;0;5879;22;Y;Y;N;N;N;N;Y
1244919;2219;2225;2021;complete;68433;1;-1;;90;0;1;1;5;4;9;-1;-1;2;3;0;0;3;4;3;1;6;5;-1;-1;58;42;2;3;2;3.6;1.73;1.04;1.22;1.7;2.6;4.5;10;4;2.1;1.44;1.17;1.6;2.2;0;0;0;0;1.55;1.25;1.4;3.2;2.3;2.75;3.2;2.4;2.65;0;0;0;0;0;0;0;0;0;0;0;0;0;0;0;2.1;12;1.73;0;0;1.36;2.5;5.5;13;3;1.48;1.13;1.02;1.2;1.91;3.6;7.5;4;1.8;1.25;1.06;0;0;0;0;1;0;0;0;1;1;0;2021-05-30 20:00:00;2225;0;0;0;0;0;1;1;1;4;4;0;5;4;1;2;1;1;3;2;1;43;26;70;47;0.9;0.79;1.69;0;0;0;0;0;0;1;1;0;0;0;1;0;0;-1;-1;-1;-1;-1;-1;-1;-1;-1;0;0;0;0;0;0;0;0;0;0;0;0;0;Independiente;Recoleta;1.64;1.82;0;0;0;0;0;0;0;0;0;0;0;0;0;0;0;5879;22;Y;N;N;N;N;N;N
1244920;2246;2218;2021;complete;68433;1;-1;60;;1;0;1;3;11;14;-1;-1;3;2;1;2;7;3;2;7;9;10;-1;-1;40;60;5;6;2.05;3.55;2.9;1.05;1.25;1.8;2.6;4.45;8.75;3.35;2;1.37;1.15;1.62;2.05;0;0;0;0;0;0;0;2.63;2.25;3.4;0;0;0;0;0;0;0;0;0;0;0;0;0;0;0;0;0;0;1.67;0;2.3;0;0;0;0;0;0;0;0;0;0;0;0;0;0;0;0;0;0;0;0;0;0;2;0;0;2;0;2;0;2021-06-01 19:00:00;2246;0;0;0;0;0;1;1;2;3;1;8;5;9;1;1;3;3;2;6;1;54;89;102;105;1.46;1.48;2.94;0;0;0;0;0;0;1;1;0;0;0;1;0;0;-1;-1;-1;-1;-1;-1;-1;-1;-1;0;0;0;0;0;0;0;0;0;0;0;0;0;General Velásquez;Colchagua;1.64;0.91;0;0;0;0;0;0;0;0;0;0;0;0;0;0;0;5879;22;Y;Y;N;N;N;N;N
1244921;2237;2242;2021;complete;68433;1;-1;;;0;0;0;-1;-1;-1;-1;-1;2;4;0;0;-1;-1;-1;-1;-1;-1;-1;-1;-1;-1;2;4;0;0;0;0;0;0;0;0;0;0;0;0;0;0;0;0;0;0;0;0;0;0;0;0;0;0;0;0;0;0;0;0;0;0;0;0;0;0;0;0;0;0;0;0;0;0;0;0;0;0;0;0;0;0;0;0;0;0;0;0;0;0;0;0;0;0;0;0;0;0;0;0;0;0;0;2021-07-21 15:00:00;-1;0;0;0;0;0;-1;1;-1;-1;-1;-1;-1;-1;1;1;1;3;2;4;-1;0;0;0;0;0;0;0;0;0;0;0;0;0;1;1;0;0;-1;-1;0;0;-1;-1;-1;-1;-1;-1;-1;-1;-1;0;0;0;50;50;0;0;50;50;5;0;2;1;Lautaro de Buin ;Colina;1.73;0.55;0;0;0;1;50;50;50;0;0;0;0;0;0;1.58;1.58;5879;22;N;N;N;N;N;N;N
1244922;689406;2223;2021;complete;68433;2;-1;90;20;1;1;2;-1;-1;-1;-1;-1;2;3;0;0;-1;-1;-1;-1;-1;-1;-1;-1;-1;-1;2;3;2.75;3;2.38;0;0;0;0;0;0;0;0;0;0;0;0;0;0;0;0;0;0;0;0;0;0;0;0;0;0;0;0;0;0;0;0;0;0;0;0;0;0;0;0;0;0;0;0;0;0;0;0;0;0;0;0;0;0;0;0;0;0;0;0;0;0;0;0;0;2;0;1;1;0;1;1;2021-06-05 00:00:00;-1;0;0;0;0;0;-1;1;-1;-1;-1;-1;-1;-1;2;2;0;1;4;1;-1;0;0;0;0;0;0;0;0;0;0;0;0;0;1;1;0;0;-1;-1;1;0;-1;-1;-1;-1;-1;-1;-1;-1;-1;0;0;0;0;0;0;0;0;0;0;0;0;0;Rodelindo Román;San Antonio Unido;1.27;1.09;0;0;0;1;0;0;0;0;0;0;0;0;0;0;0;5879;22;Y;Y;N;N;N;N;Y
1244923;2242;2206;2021;complete;68433;2;-1;31;;1;0;1;7;6;13;-1;-1;-1;-1;-1;-1;2;4;4;7;6;11;-1;-1;48;52;-1;-1;3.1;3.4;2;0;0;1.85;0;0;0;0;1.95;0;0;0;0;0;0;0;0;0;0;0;3.5;2.2;2.63;0;0;0;0;0;0;0;0;0;0;0;0;0;0;0;0;0;0;2.3;0;1.67;0;0;0;0;0;0;0;0;0;0;0;0;0;0;0;0;0;0;0;0;0;0;1;1;0;0;0;0;1;2021-06-05 15:00:00;2242;0;0;0;0;0;1;-1;4;2;3;4;6;7;-1;-1;-1;-1;-1;-1;1;63;81;101;108;0.98;1.56;2.54;-1;-1;-1;-1;-1;-1;-1;1;0;0;0;0;-1;-1;-1;-1;-1;-1;-1;-1;-1;-1;-1;0;0;0;0;0;0;0;0;0;0;0;0;0;Colina;Deportes Valdivia;1.18;0.55;0;0;0;3;0;0;0;0;0;0;0;0;0;0;0;5879;22;Y;N;N;N;N;N;N
1244924;2235;2204;2021;complete;68433;2;-1;;64,83;0;2;2;7;10;17;-1;-1;0;0;1;0;4;5;11;6;15;11;-1;-1;52;48;2;0;2.3;3.4;2.6;0;0;1.8;0;0;0;0;1.9;0;0;0;0;0;0;0;0;0;0;0;2.88;2.2;3.25;0;0;0;0;0;0;0;0;0;0;0;0;0;0;0;0;0;0;1.83;0;2.1;0;0;0;0;0;0;0;0;0;0;0;0;0;0;0;0;0;0;0;0;0;0;2;0;0;0;2;2;0;2021-06-05 19:00:00;2204;0;0;0;0;0;1;1;3;7;4;3;10;7;0;0;1;0;0;1;1;67;61;102;95;1.71;1.49;3.2;0;0;0;0;0;0;1;1;0;0;0;1;0;0;-1;-1;-1;-1;-1;-1;-1;-1;-1;0;0;0;0;0;0;0;0;0;0;0;0;0;Deportes Limache;Iberia;1.82;2.18;0;0;1;3;0;0;0;0;0;0;0;0;0;0;0;5879;22;Y;Y;N;N;N;N;N
1244925;2225;2237;2021;complete;68433;2;-1;12,40,47,67,89;35;5;1;6;6;5;11;-1;-1;-1;-1;-1;-1;9;3;9;8;18;11;-1;-1;40;60;-1;-1;1.75;3.6;3.8;0;0;1.9;0;0;0;0;1.9;0;0;1.78;1.93;0;0;0;0;0;0;0;2.4;2.2;4.33;2.19;2.65;3.96;0;0;0;0;0;0;0;0;0;0;0;0;0;0;0;1.53;0;2.75;0;0;0;0;0;0;0;0;0;0;0;0;0;0;0;0;0;0;0;0;0;0;6;2;1;3;0;3;3;2021-08-19 19:00:00;2225;0;42;25;0;0;1;-1;0;3;6;2;3;8;-1;-1;-1;-1;-1;-1;1;68;58;89;107;2.25;1.33;3.58;-1;-1;-1;-1;-1;-1;-1;1;0;0;0;0;-1;-1;-1;-1;-1;-1;-1;-1;-1;-1;-1;0;0;42;42;100;25;59;84;17;13;0;4;1.84;Recoleta;Lautaro de Buin ;2.55;1.18;3;0;1.88;1;100;100;59;59;0;75;75;50;1.98;1.8;3.78;5879;22;Y;Y;Y;Y;Y;Y;Y
1244926;2218;2219;2021;complete;68433;2;-1;72;45,78,83;1;3;4;5;2;7;-1;-1;2;0;0;0;5;5;4;5;9;10;-1;-1;55;45;2;0;2.25;3.75;2.5;1.03;1.25;1.8;3;5.3;10;3.5;1.9;1.34;1.12;1.68;2.05;0;0;0;0;1.44;1.22;1.55;3;2.2;3.1;2.75;2.55;3.05;0;0;0;0;0;0;0;0;0;0;0;0;0;0;0;1.83;10;2.1;0;0;1.34;2.75;6.2;0;3;1.38;1.09;0;1.2;2;4.5;12;4;1.67;1.14;1.02;0;0;0;0;4;0;1;1;2;3;1;2021-06-06 19:00:00;2219;0;0;0;0;0;1;1;2;2;3;0;4;3;1;0;1;0;1;1;1;45;45;104;100;1.25;1.32;2.57;0;0;0;0;0;0;1;1;0;0;2;0;0;0;-1;-1;-1;-1;-1;-1;-1;-1;-1;0;0;0;0;0;0;0;0;0;0;0;0;0;Colchagua;Independiente;0.73;1.27;0;0;0;0;0;0;0;0;0;0;0;0;0;0;0;5879;22;Y;Y;Y;Y;N;N;Y
1244927;2213;2246;2021;complete;68433;2;-1;9;89;1;1;2;4;6;10;-1;-1;0;0;0;1;8;5;2;3;10;8;-1;-1;52;48;0;1;2.88;3;2.3;1.06;1.42;1.55;4.3;7.3;7;2.67;2.3;1.18;1.06;1.9;1.79;0;0;0;0;1.51;1.31;1.35;3.6;2;3.1;3.1;2.45;2.85;0;0;0;0;0;0;0;0;0;0;0;0;0;0;0;2.3;7;1.83;0;0;1.47;3.1;8;0;2.5;1.32;1.05;0;1.3;2.4;6;18;3.2;1.44;1.08;1.01;0;0;0;0;2;1;0;0;1;1;1;2021-06-06 19:30:00;-1;0;0;0;0;0;1;1;2;1;2;5;3;7;0;0;0;1;0;1;1;45;44;83;68;1.52;1.17;2.69;0;0;0;0;0;0;1;1;1;0;0;0;0;0;-1;-1;-1;-1;-1;-1;-1;-1;-1;0;0;0;0;0;0;0;0;0;0;0;0;0;Concepción;General Velásquez;1.09;1.18;0;0;0;3;0;0;0;0;0;0;0;0;0;0;0;5879;22;Y;Y;N;N;N;N;Y
1244928;2206;2219;2021;complete;68433;3;-1;24,44,83;42;3;1;4;2;5;7;-1;-1;-1;-1;-1;-1;6;2;2;4;8;6;-1;-1;43;57;-1;-1;1.48;3.4;2.5;1.06;1.23;1.95;2.85;5.5;8;3.7;1.85;1.37;1.13;1.73;2.06;0;0;0;0;1.25;1.25;1.78;2.63;2.2;3.75;2.42;2.3;3.74;0;0;0;0;0;0;0;0;0;0;0;0;0;0;0;1.67;10;2.4;0;0;1.32;2.5;5.8;15;3.1;1.47;1.1;1.02;1.17;1.91;4.32;11;4.5;1.73;1.14;1.02;0;0;0;0;4;2;1;1;0;1;3;2021-06-20 16:00:00;2206;0;50;0;50;0;1;-1;2;0;0;5;2;5;-1;-1;-1;-1;-1;-1;1;23;49;54;86;1.09;0.88;1.97;-1;-1;-1;-1;-1;-1;-1;1;0;0;0;0;-1;-1;-1;-1;-1;-1;-1;-1;-1;-1;-1;0;50;100;100;100;50;100;100;50;2;0;0;3.5;Deportes Valdivia;Independiente;2.18;1.27;3;3;1.5;1.5;100;50;0;0;0;0;0;0;0;1.32;1.32;5879;22;Y;Y;Y;Y;N;N;Y
1244929;2223;2213;2021;complete;68433;3;-1;3,90;76;2;1;3;4;4;8;-1;-1;4;1;0;0;4;4;4;5;8;9;-1;-1;42;58;4;1;2.5;3.22;2.82;1.09;1.4;2.15;3.5;6.75;6;2.5;1.62;1.22;1.08;1.95;1.75;0;0;0;0;1.38;1.32;1.5;3.2;2;3.4;2.88;2.25;3.25;0;0;0;0;1.88;0;0;0;0;1.93;0;0;0;0;0;1.91;7.5;2.2;0;0;1.5;3;7.6;0;2.4;1.35;1.06;0;1.3;2.4;5.25;12;3.2;1.5;1.13;1.03;0;0;0;0;3;1;0;1;1;2;1;2021-06-20 20:00:00;2223;0;100;50;100;0;1;1;2;2;2;2;4;4;2;1;2;0;3;2;1;82;82;148;184;1.39;1.47;2.86;0;0;0;0;0;0;1;1;1;0;0;1;0;0;-1;-1;-1;-1;-1;-1;-1;-1;-1;50;50;50;100;100;50;50;100;100;5;0;5;4;San Antonio Unido;Concepción;1.64;1;1;0;1;0.5;50;50;50;0;0;100;50;50;1.37;1.13;2.5;5879;22;Y;Y;Y;N;N;N;Y
1244930;2237;2218;2021;complete;68433;3;-1;45;;1;0;1;3;6;9;-1;-1;-1;-1;-1;-1;5;7;2;6;7;13;-1;-1;58;42;-1;-1;1.29;4.8;6.25;1.02;1.19;1.53;2.3;3.75;13;3.8;2.2;1.48;1.2;1.74;1.87;0;0;0;0;1.06;1.14;2.81;1.91;2.5;5;1.68;3;5.75;0;0;0;0;0;0;0;0;0;0;0;0;0;0;0;1.3;15;3.5;0;0;1.26;2.25;5;11;3.5;1.57;1.13;1.03;1.17;1.8;3.4;9;4.5;1.91;1.29;1.04;0;0;0;0;1;1;0;0;0;0;1;2021-07-29 16:30:00;2237;0;0;0;0;0;1;-1;3;3;0;3;6;3;-1;-1;-1;-1;-1;-1;1;57;62;100;82;1.21;1.75;2.97;-1;-1;-1;-1;-1;-1;-1;1;0;0;0;0;-1;-1;-1;-1;-1;-1;-1;-1;-1;-1;-1;0;17;17;59;75;17;34;59;59;15;0;8;1.67;Lautaro de Buin ;Colchagua;1.73;0.91;2;1;1.33;0.6;100;84;84;42;25;100;25;25;1.52;1.32;2.84;5879;22;Y;N;N;N;N;N;N
1244931;689406;2204;2021;complete;68433;3;-1;;11,63;0;2;2;5;1;6;-1;-1;-1;-1;-1;-1;4;4;7;6;11;10;-1;-1;59;41;-1;-1;2.71;3.05;2.56;1.09;1.39;2.24;3.45;6.5;6;2.55;1.65;1.24;1.08;1.91;1.74;0;0;0;0;0;0;0;3.25;2;3.25;0;0;0;0;0;0;0;0;0;0;0;0;0;0;0;0;0;0;2.2;0;1.91;0;0;0;0;0;0;0;0;0;0;0;0;0;0;0;0;0;0;0;0;0;0;2;0;1;0;1;1;1;2021-06-19 19:00:00;2204;0;50;0;0;0;1;-1;2;1;3;0;3;3;-1;-1;-1;-1;-1;-1;1;68;32;100;61;1.47;1.14;2.61;-1;-1;-1;-1;-1;-1;-1;1;0;0;0;0;-1;-1;-1;-1;-1;-1;-1;-1;-1;-1;-1;0;0;0;100;100;0;50;100;50;10;0;2;2;Rodelindo Román;Iberia;1.27;2.18;1;3;0.5;3;100;100;100;0;0;50;50;50;0;1.49;1.49;5879;22;Y;Y;N;N;N;N;N
1244932;2242;2235;2021;complete;68433;3;-1;;13,86;0;2;2;6;8;14;-1;-1;-1;-1;-1;-1;2;6;7;3;9;9;-1;-1;50;50;-1;-1;2.48;2.9;2.6;1.1;1.42;2.3;3.6;6.75;6;2.45;1.56;1.21;1.08;1.95;1.69;0;0;0;0;0;0;0;0;0;0;0;0;0;0;0;0;0;0;0;0;0;0;0;0;0;0;0;0;0;0;0;0;0;0;0;0;0;0;0;0;0;0;0;0;0;0;0;0;0;0;0;0;0;2;0;1;0;1;1;1;2021-06-20 19:00:00;2235;0;50;0;50;0;-1;-1;-1;-1;-1;-1;-1;-1;-1;-1;-1;-1;-1;-1;1;0;0;0;0;1.34;1.54;2.88;-1;-1;-1;-1;-1;-1;-1;1;0;0;-1;-1;-1;-1;-1;-1;-1;-1;-1;-1;-1;-1;-1;0;0;0;50;100;0;50;50;50;15;0;1;1.5;Colina;Deportes Limache;1.18;1.36;3;1;3;0.5;100;100;100;50;0;100;50;50;0.98;1.27;2.25;5879;22;Y;Y;N;N;N;N;N
1244933;2246;2225;2021;complete;68433;3;-1;;78;0;1;1;7;9;16;-1;-1;-1;-1;-1;-1;5;7;5;6;10;13;-1;-1;51;49;-1;-1;1.91;3.6;3.2;1.03;1.22;1.8;2.88;0;0;3.6;2;1.36;0;1.64;2.12;0;0;0;0;1.29;1.26;1.69;2.6;2.25;3.6;2.5;2.5;3.3;0;0;0;0;0;0;0;0;0;0;0;0;0;0;0;1.62;11;2.4;0;0;1.36;2.5;5.75;0;2.9;1.42;1.1;0;1.22;1.91;3.8;0;3.8;1.73;1.22;0;0;0;0;0;1;0;0;0;1;1;0;2021-06-19 19:00:00;2225;0;0;0;0;0;1;-1;2;5;5;4;7;9;-1;-1;-1;-1;-1;-1;1;59;61;96;78;1.41;1.75;3.16;-1;-1;-1;-1;-1;-1;-1;1;0;0;0;1;-1;-1;-1;-1;-1;-1;-1;-1;-1;-1;-1;0;0;0;50;100;0;0;100;50;7;0;8;1.5;General Velásquez;Recoleta;1.64;1.82;3;3;2;3;100;100;100;50;0;100;50;50;1.46;0.79;2.25;5879;22;Y;N;N;N;N;N;N
1244934;2204;2223;2021;complete;68433;4;-1;53;38,84;1;2;3;6;1;7;-1;-1;-1;-1;-1;-1;5;8;5;4;10;12;-1;-1;58;42;-1;-1;2.2;3.3;2.8;0;1.25;2.05;2.9;5.4;0;3.54;1.75;1.35;1.12;1.7;2.02;0;0;0;0;1.33;1.26;1.61;2.73;2.16;3.64;2.47;0;3.44;0;0;0;0;0;0;0;0;0;0;0;0;0;0;0;0;0;0;0;0;0;2.75;6.1;0;3;1.4;1.09;0;1.2;2;4.14;0;4.04;1.72;1.19;0;0;0;0;0;3;0;1;1;1;2;1;2021-08-29 19:00:00;2223;0;63;25;38;0;1;-1;3;0;3;1;3;4;-1;-1;-1;-1;-1;-1;1;58;55;98;79;1.41;1.71;3.12;-1;-1;-1;-1;-1;-1;-1;1;0;0;0;0;-1;-1;-1;-1;-1;-1;-1;-1;-1;-1;-1;13;25;50;63;100;25;75;75;38;11;0;5;2.63;Iberia;San Antonio Unido;1.45;1.09;1.5;1;2.2;1.5;88;75;50;38;0;100;75;59;1.68;1.07;2.75;5879;22;Y;Y;Y;N;N;N;Y
1244935;2235;2218;2021;complete;68433;4;-1;11,26,48,78;;4;0;4;0;9;9;-1;-1;-1;-1;-1;-1;6;2;4;4;10;6;-1;-1;40;60;-1;-1;2.2;3.4;2.8;0;0;1.9;0;0;0;0;1.9;0;0;0;0;0;0;0;0;0;0;0;0;0;0;0;0;0;0;0;0;0;0;0;0;0;0;0;0;0;0;0;0;0;0;0;0;0;0;0;0;0;0;0;0;0;0;0;0;0;0;0;0;0;0;0;0;0;4;2;0;2;0;2;2;2021-06-28 19:30:00;2235;0;0;0;0;0;1;-1;0;6;0;3;6;3;-1;-1;-1;-1;-1;-1;1;63;85;125;130;1.52;1.15;2.66;-1;-1;-1;-1;-1;-1;-1;1;0;0;0;3;-1;-1;-1;-1;-1;-1;-1;-1;-1;-1;-1;0;0;0;100;100;0;0;100;100;18;0;8;2;Deportes Limache;Colchagua;1.82;0.91;0;0;1.33;0;100;100;100;0;0;100;100;100;1.71;1.48;3.19;5879;22;Y;Y;Y;Y;N;N;N
1244936;2213;2237;2021;complete;68433;4;-1;44,65;31,59;2;2;4;-1;-1;-1;-1;-1;1;4;1;0;-1;-1;-1;-1;-1;-1;-1;-1;-1;-1;2;4;2.63;3.2;2.4;0;0;1.9;0;0;0;0;1.9;0;0;0;0;0;0;0;0;0;0;0;0;0;0;0;0;0;0;0;0;0;0;0;0;0;0;0;0;0;0;0;0;0;0;0;0;0;0;0;0;0;0;0;0;0;0;0;0;0;0;0;0;0;0;0;0;0;4;1;1;1;1;2;2;2021-08-28 22:00:00;-1;0;38;13;0;0;-1;1;-1;-1;-1;-1;-1;-1;0;0;2;4;0;6;-1;0;0;0;0;0;0;0;0;0;0;0;0;0;1;1;0;0;-1;-1;0;0;-1;-1;-1;-1;-1;-1;-1;-1;-1;13;13;25;38;88;13;63;63;25;9.67;0;4;1.88;Concepción;Lautaro de Buin ;1.09;1.18;1.25;0;0.9;1.1;88;88;75;63;13;84;84;50;1.25;1.65;2.9;5879;22;Y;Y;Y;Y;N;N;Y
1244937;2225;2242;2021;complete;68433;4;-1;55,70,75;32,43;3;2;5;8;6;14;-1;-1;0;0;1;1;7;9;8;6;15;15;-1;-1;51;49;2;1;1.53;3.8;5;0;0;1.8;0;0;0;0;2;0;0;0;0;0;0;0;0;0;0;0;2.05;2.3;5;0;0;0;0;0;0;0;0;0;0;0;0;0;0;0;0;0;0;1.4;0;3.1;0;0;0;0;0;0;0;0;0;0;0;0;0;0;0;0;0;0;0;0;0;0;5;0;2;3;0;3;2;2021-08-30 19:00:00;2225;0;38;38;0;0;1;1;6;1;2;5;7;7;0;0;1;1;0;2;1;93;87;127;124;2.11;2.21;4.32;1;0;1;0;0;0;1;1;0;0;0;0;0;0;-1;-1;-1;-1;-1;-1;-1;-1;-1;13;13;38;50;75;38;38;75;25;10.17;0;3;2;Recoleta;Colina;2.55;0.55;3;1.25;2.1;0.9;88;88;63;50;25;54;38;38;1.92;1.3;3.22;5879;22;Y;Y;Y;Y;Y;N;Y
1244938;2206;2246;2021;complete;68433;4;-1;43;;1;0;1;-1;-1;-1;-1;-1;-1;-1;-1;-1;-1;-1;-1;-1;-1;-1;-1;-1;-1;-1;-1;-1;0;0;0;0;0;0;0;0;0;0;0;0;0;0;0;0;0;0;0;0;0;0;0;0;0;0;0;0;0;0;0;0;0;0;0;0;0;0;0;0;0;0;0;0;0;0;0;0;0;0;0;0;0;0;0;0;0;0;0;0;0;0;0;0;0;0;0;0;1;1;0;0;0;0;1;2021-06-26 16:30:00;2206;0;75;25;0;0;-1;-1;-1;-1;-1;-1;-1;-1;-1;-1;-1;-1;-1;-1;-1;0;0;0;0;0;0;0;-1;-1;-1;-1;-1;-1;-1;1;0;0;-1;-1;-1;-1;-1;-1;-1;-1;-1;-1;-1;-1;-1;0;25;50;100;100;50;100;100;0;8;0;1;2.75;Deportes Valdivia;General Velásquez;2.18;1.18;3;1;2;1.33;100;75;50;0;0;50;50;0;1.09;1.17;2.26;5879;22;Y;N;N;N;N;N;N
1244939;2219;689406;2021;complete;68433;4;-1;16,40,51,54,66;;5;0;5;3;6;9;-1;-1;-1;-1;-1;-1;7;2;4;6;11;8;-1;-1;40;60;-1;-1;1.72;3.25;3.95;0;0;1.97;0;0;0;0;1.76;0;0;0;0;0;0;0;0;0;0;0;2.38;2.2;4.5;0;0;0;0;0;0;0;0;0;0;0;0;0;0;0;0;0;0;1.53;0;2.88;0;0;0;0;0;0;0;0;0;0;0;0;0;0;0;0;0;0;0;0;0;0;5;2;0;3;0;3;2;2021-06-27 19:00:00;2219;0;0;0;0;0;1;-1;1;4;2;2;5;4;-1;-1;-1;-1;-1;-1;1;37;67;91;110;1.46;1.14;2.6;-1;-1;-1;-1;-1;-1;-1;1;0;0;1;0;-1;-1;-1;-1;-1;-1;-1;-1;-1;-1;-1;0;0;50;50;100;50;50;100;0;5;0;2;2;Independiente;Rodelindo Román;1.64;1.18;0;0;1;0.33;100;100;50;50;0;50;0;0;0.9;0;0.9;5879;22;Y;Y;Y;Y;Y;N;N
1244940;2237;2235;2021;complete;68433;5;-1;13;90;1;1;2;1;7;8;-1;-1;-1;-1;-1;-1;4;6;3;8;7;14;-1;-1;42;58;-1;-1;1.89;3.4;1.81;1.04;1.23;1.85;3.15;6.25;11.5;3.8;1.95;1.32;1.11;1.67;2.1;0;0;0;0;1.48;1.26;1.45;3.1;2.2;3.1;2.95;2.5;2.85;0;0;0;0;0;0;0;0;0;0;0;0;0;0;0;2.05;9.5;1.83;0;0;1.34;2.55;6.3;15;3;1.44;1.09;1.02;1.2;2;4.1;9;4;1.72;1.19;1.05;0;0;0;0;2;1;0;0;1;1;1;2021-08-11 19:00:00;-1;0;25;0;25;0;1;-1;1;5;0;2;6;2;-1;-1;-1;-1;-1;-1;1;46;89;90;125;1.06;1.95;3.01;-1;-1;-1;-1;-1;-1;-1;1;0;0;0;2;-1;-1;-1;-1;-1;-1;-1;-1;-1;-1;-1;0;0;0;63;75;0;38;63;38;12.92;0;3;1.38;Lautaro de Buin ;Deportes Limache;1.73;1.36;1.75;1.5;1.17;1.88;100;100;100;38;25;100;54;42;1.61;1.39;3;5879;22;Y;Y;N;N;N;N;Y
1244941;2218;2213;2021;complete;68433;5;-1;;;0;0;0;3;2;5;-1;-1;1;4;1;0;0;3;7;9;7;12;-1;-1;54;46;3;4;2.1;3.3;3;1.06;1.29;1.85;2.95;5;7.25;2.9;1.95;1.29;1.11;1.74;1.83;0;0;0;0;0;0;0;2.75;2.2;3.4;0;0;0;0;0;0;0;0;0;0;0;0;0;0;0;0;0;0;1.73;0;2.25;0;0;0;0;0;0;0;0;0;0;0;0;0;0;0;0;0;0;0;0;0;0;1;0;1;0;0;0;1;2021-08-10 19:00:00;2213;0;88;25;75;0;1;1;2;0;1;2;2;3;1;1;1;3;2;4;1;64;60;102;107;0.91;1.41;2.32;0;0;0;0;0;0;1;1;0;0;1;0;0;0;-1;-1;-1;-1;-1;-1;-1;-1;-1;13;29;88;88;100;25;67;88;75;9.42;0;3.5;3.29;Colchagua;Concepción;0.73;1;0;0;0.75;0.71;88;71;13;13;0;59;42;42;1.24;1.22;2.46;5879;22;Y;N;N;N;N;N;N
1244942;689406;2225;2021;complete;68433;5;-1;50;;1;0;1;2;4;6;-1;-1;-1;-1;-1;-1;3;7;6;5;9;12;-1;-1;50;50;-1;-1;4.05;3.78;1.74;1.05;1.25;1.72;2.65;4.45;8.75;3.3;2.12;1.36;1.15;1.74;2;0;0;0;0;1.91;1.25;1.24;4;2.25;2.38;3.8;2.6;2.2;0;0;1.28;1.52;1.95;2.55;3.5;3.4;2.38;1.85;1.47;1.27;0;0;0;2.6;12;1.57;0;0;1.3;2.63;6;13;3.2;1.45;1.11;1.02;1.25;1.91;4;7.5;3.74;1.8;1.22;1.06;0;0;0;0;1;0;0;1;0;1;0;2021-07-04 19:00:00;689406;0;25;0;0;0;1;-1;0;1;2;3;1;5;-1;-1;-1;-1;-1;-1;1;44;78;87;89;1.1;1.81;2.91;-1;-1;-1;-1;-1;-1;-1;1;0;0;0;0;-1;-1;-1;-1;-1;-1;-1;-1;-1;-1;-1;0;0;0;50;100;0;50;100;0;11.5;0;5;1.5;Rodelindo Román;Recoleta;1.27;1.82;0.5;3;0.25;3;100;100;100;50;0;50;25;25;1.47;1.27;2.74;5879;22;Y;N;N;N;N;N;N
1244943;2246;2204;2021;complete;68433;5;-1;;;0;0;0;2;5;7;-1;-1;-1;-1;-1;-1;11;4;6;5;17;9;-1;-1;44;56;-1;-1;2.6;2.9;2.6;1.08;1.35;2.2;3.7;7.5;7;3;1.6;1.24;1.07;1.85;1.91;0;0;0;0;1.44;1.3;1.44;3.2;2.1;3.1;3;2.15;3;0;0;0;0;0;0;0;0;0;0;0;0;0;0;0;2.1;8;1.91;0;0;1.43;2.9;7.2;17;2.65;1.35;1.06;1.01;1.26;2.3;5;11;3.5;1.57;1.14;1.03;0;0;0;0;0;0;0;0;0;0;0;2021-07-03 19:00:00;-1;0;0;0;0;0;1;-1;0;4;2;1;4;3;-1;-1;-1;-1;-1;-1;1;63;59;112;114;2.3;1.29;3.58;0;0;0;0;0;0;1;1;0;0;0;0;-1;-1;-1;-1;-1;-1;-1;-1;-1;-1;-1;0;0;0;75;100;0;25;100;50;10.5;0;5;1.75;General Velásquez;Iberia;1.64;2.18;1.5;3;1;3;100;100;100;25;0;75;75;75;1.43;1.31;2.74;5879;22;N;N;N;N;N;N;N
1244944;2242;2219;2021;complete;68433;5;-1;;;0;0;0;6;3;9;-1;-1;-1;-1;-1;-1;4;8;4;3;8;11;-1;-1;53;47;-1;-1;2.6;3.38;2.46;1.05;1.28;1.9;2.8;4.85;8.25;3.1;1.9;1.32;1.13;1.69;1.95;0;0;0;0;0;0;0;3.1;2.2;3;0;0;0;0;0;0;0;0;0;0;0;0;0;0;0;0;0;0;2.1;0;1.83;0;0;0;0;0;0;0;0;0;0;0;0;0;0;0;0;0;0;0;0;0;0;0;0;0;0;0;0;0;2021-07-04 19:00:00;-1;0;50;25;25;0;1;-1;2;3;4;0;5;4;-1;-1;-1;-1;-1;-1;1;78;74;123;111;1.36;1.79;3.15;0;0;0;0;0;0;1;1;0;0;1;0;-1;-1;-1;-1;-1;-1;-1;-1;-1;-1;-1;0;50;50;75;100;25;100;75;25;10;0;0;2.75;Colina;Independiente;1.18;1.27;1.5;1.5;1.5;1.5;100;50;50;25;0;50;50;50;1.16;1.1;2.26;5879;22;N;N;N;N;N;N;N
1244945;2223;2206;2021;complete;68433;5;-1;7,40;5,29;2;2;4;7;5;12;-1;-1;-1;-1;-1;-1;5;5;4;2;9;7;-1;-1;61;39;-1;-1;2.63;3.25;2.5;1.07;1.34;2.1;3.15;6;7;2.75;1.67;1.26;1.1;1.85;1.91;0;0;0;0;1.49;1.29;1.37;3.2;2.05;3.2;3;2.2;3;0;0;0;0;0;0;0;0;0;0;0;0;0;0;0;2.1;7;1.91;0;0;1.51;2.9;7;17;2.55;1.35;1.06;1.01;1.3;2.3;4.74;11;3.4;1.55;1.16;1.03;0;0;0;0;4;2;2;0;0;0;4;2021-07-04 19:30:00;-1;0;50;0;50;0;1;-1;4;3;3;2;7;5;-1;-1;-1;-1;-1;-1;1;58;60;103;94;1.34;1.23;2.58;-1;-1;-1;-1;-1;-1;-1;1;1;1;0;1;-1;-1;-1;-1;-1;-1;-1;-1;-1;-1;-1;0;0;25;50;100;0;75;50;50;8.5;0;3.5;1.75;San Antonio Unido;Deportes Valdivia;1.64;0.55;2;0;1.67;2.25;100;100;75;50;0;75;50;50;1.38;1.56;2.94;5879;22;Y;Y;Y;Y;N;N;Y
1264196;2213;689406;2021;complete;68433;6;-1;35;;1;0;1;6;5;11;-1;-1;-1;-1;-1;-1;3;0;4;7;7;7;-1;-1;41;59;-1;-1;2.33;3.26;2.9;1.07;1.36;1.73;3.74;7;7.5;3;2;1.25;1.08;1.85;1.91;0;0;0;0;1.35;1.29;1.53;3;2.1;3.4;2.77;2.2;3.36;0;0;0;0;0;0;0;0;0;0;0;0;0;0;0;1.8;9;2.25;0;0;1.5;3;8;17;2.5;1.36;1.06;1.01;1.3;2.3;4.74;11;3.4;1.57;1.16;1.03;0;0;0;0;1;1;0;0;0;0;1;2021-07-11 19:00:00;2213;0;50;0;0;0;1;-1;0;3;6;2;3;8;-1;-1;-1;-1;-1;-1;1;30;49;63;83;0.87;0.8;1.67;-1;-1;-1;-1;-1;-1;-1;1;0;0;0;0;-1;-1;-1;-1;-1;-1;-1;-1;-1;-1;-1;25;25;50;100;100;50;100;100;25;10;0;0;3;Concepción;Rodelindo Román;1.09;1.18;1;0;0.33;0.8;75;75;50;0;0;100;50;0;1.52;1.14;2.66;5879;22;Y;N;N;N;N;N;N
1264197;2246;2235;2021;complete;68433;6;-1;64;71;1;1;2;4;6;10;-1;-1;-1;-1;-1;-1;5;6;2;7;7;13;-1;-1;49;51;-1;-1;2.2;3.3;1.85;1.07;1.29;1.91;3.2;6.5;7.5;3.2;1.81;1.3;1.1;1.8;1.96;0;0;0;0;1.35;1.29;1.55;2.75;2.2;3.5;2.65;2.25;3.42;0;0;0;0;0;0;0;0;0;0;0;0;0;0;0;1.8;9;2.2;0;0;1.44;3;7;15;2.7;1.36;1.08;1.02;1.29;2.2;4.5;10;3.5;1.62;1.17;1.04;0;0;0;0;2;0;0;1;1;2;0;2021-07-10 19:30:00;-1;0;25;0;25;0;1;-1;3;3;1;3;6;4;-1;-1;-1;-1;-1;-1;1;57;57;92;91;1.21;1.65;2.86;-1;-1;-1;-1;-1;-1;-1;1;0;0;0;0;-1;-1;-1;-1;-1;-1;-1;-1;-1;-1;-1;0;0;0;67;84;0;25;84;42;12;0;6;1.5;General Velásquez;Deportes Limache;1.64;1.36;1.33;2;1;1.75;100;100;100;34;17;84;59;59;1.72;1.4;3.12;5879;22;Y;Y;N;N;N;N;Y
1264198;2204;2218;2021;complete;68433;6;-1;;33;0;1;1;-1;-1;-1;-1;-1;-1;-1;-1;-1;-1;-1;-1;-1;-1;-1;-1;-1;-1;-1;-1;-1;0;0;0;0;0;0;0;0;0;0;0;0;0;0;0;0;0;0;0;0;0;0;0;0;0;0;0;0;0;0;0;0;0;0;0;0;0;0;0;0;0;0;0;0;0;0;0;0;0;0;0;0;0;0;0;0;0;0;0;0;0;0;0;0;0;0;0;0;1;0;1;0;0;0;1;2021-07-11 19:00:00;2218;0;50;50;50;0;-1;-1;-1;-1;-1;-1;-1;-1;-1;-1;-1;-1;-1;-1;-1;0;0;0;0;0;0;0;-1;-1;-1;-1;-1;-1;-1;1;0;0;-1;-1;-1;-1;-1;-1;-1;-1;-1;-1;-1;-1;-1;50;75;75;100;100;75;75;100;100;17;0;8;4.5;Iberia;Colchagua;1.45;0.91;3;0;2.5;0;50;25;25;0;0;100;75;75;1.69;1.32;3.01;5879;22;Y;N;N;N;N;N;N
1264199;2223;2242;2021;complete;68433;6;-1;61,66;;2;0;2;2;5;7;-1;-1;3;2;0;0;9;4;9;7;18;11;-1;-1;51;49;3;2;2;3.3;3.3;1.08;1.36;1.7;3.3;6;6.5;2.65;2.05;1.25;1.09;1.87;1.74;0;0;0;0;0;0;0;2.75;2.1;3.75;0;0;0;0;0;0;0;0;0;0;0;0;0;0;0;0;0;0;1.73;0;2.4;0;0;0;0;0;0;0;0;0;0;0;0;0;0;0;0;0;0;0;0;0;0;2;0;0;2;0;2;0;2021-07-11 19:30:00;2223;0;50;17;34;0;1;1;1;3;1;2;4;3;0;0;3;2;0;5;1;93;81;137;156;2.44;1.58;4.01;0;0;0;0;0;0;1;1;0;0;0;0;0;0;-1;-1;-1;-1;-1;-1;-1;-1;-1;0;17;34;50;50;17;34;34;34;4;0;3.5;1.5;San Antonio Unido;Colina;1.64;0.55;1.67;0;1.5;1.33;50;34;17;0;0;34;17;17;1.37;0;1.37;5879;22;Y;Y;N;N;N;N;N
1264201;2206;2225;2021;complete;68433;6;-1;8,77,85;20,68;3;2;5;-1;-1;-1;-1;-1;-1;-1;-1;-1;-1;-1;-1;-1;-1;-1;-1;-1;-1;-1;-1;-1;0;0;0;0;0;0;0;0;0;0;0;0;0;0;0;0;0;0;0;0;0;0;0;0;0;0;0;0;0;0;0;0;0;0;0;0;0;0;0;0;0;0;0;0;0;0;0;0;0;0;0;0;0;0;0;0;0;0;0;0;0;0;0;0;0;0;0;0;5;1;1;2;1;3;2;2021-07-11 16:30:00;2206;0;17;17;0;0;-1;-1;-1;-1;-1;-1;-1;-1;-1;-1;-1;-1;-1;-1;-1;0;0;0;0;0;0;0;-1;-1;-1;-1;-1;-1;-1;1;1;0;-1;-1;-1;-1;-1;-1;-1;-1;-1;-1;-1;-1;-1;0;17;34;34;100;34;50;84;0;7.67;0;3;1.84;Deportes Valdivia;Recoleta;2.18;1.82;3;2;2;2;100;84;67;67;0;34;17;17;1.09;1.45;2.54;5879;22;Y;Y;Y;Y;Y;N;Y
1264202;2235;689406;2021;complete;68433;7;-1;7,18,82,86;90;4;1;5;3;4;7;-1;-1;-1;-1;-1;-1;9;2;5;5;14;7;-1;-1;39;61;-1;-1;2.17;3.2;2.9;1.08;1.37;2.2;3.35;6.25;6.5;2.6;1.61;1.25;1.09;1.87;1.83;0;0;0;0;1.28;1.33;1.6;2.75;2.05;3.75;2.52;2.2;3.84;0;0;0;0;0;0;0;0;0;0;0;0;0;0;0;1.73;6.5;2.5;0;0;1.5;3.4;9;0;2.6;1.3;1.05;0;1.33;2.3;5;11;3.24;1.57;1.14;1.03;0;0;0;0;5;2;0;2;1;3;2;2021-07-25 19:00:00;2235;0;0;0;0;0;1;-1;2;1;1;3;3;4;-1;-1;-1;-1;-1;-1;1;69;78;98;102;2.01;1.15;3.16;-1;-1;-1;-1;-1;-1;-1;1;1;0;0;0;-1;-1;-1;-1;-1;-1;-1;-1;-1;-1;-1;17;42;59;84;100;59;75;84;67;9;0;2;3;Deportes Limache;Rodelindo Román;1.82;1.18;1.5;0;1.6;0.67;84;59;42;17;0;100;50;50;1.61;0.97;2.58;5879;22;Y;Y;Y;Y;Y;N;Y
1264203;2242;2246;2021;complete;68433;7;-1;2;59,86;1;2;3;4;9;13;-1;-1;3;5;0;0;5;13;10;10;15;23;-1;-1;46;54;3;5;2.4;2.88;2.97;0;1.5;2.5;0;0;0;2.4;1.5;0;0;0;0;0;0;0;0;0;0;0;3.25;1.91;3.5;0;0;0;0;0;0;0;0;0;0;0;0;0;0;0;0;0;0;1.91;0;2.3;0;0;0;0;0;0;0;0;0;0;0;0;0;0;0;0;0;0;0;0;0;0;3;1;0;0;2;2;1;2021-07-26 19:00:00;2246;0;25;0;0;0;1;1;1;5;3;4;6;7;0;1;3;4;1;7;1;90;103;112;100;1.94;3.09;5.03;0;0;0;0;0;0;1;1;1;0;1;1;0;0;-1;-1;-1;-1;-1;-1;-1;-1;-1;0;0;0;42;84;0;84;42;0;12.33;0;1;1.25;Colina;General Velásquez;1.18;1.18;1.33;0.5;1;1;100;100;100;59;17;100;84;34;1.23;1.17;2.4;5879;22;Y;Y;Y;N;N;N;Y
1264204;2225;2213;2021;complete;68433;7;-1;45,82;4;2;1;3;7;1;8;-1;-1;-1;-1;-1;-1;9;4;6;4;15;8;-1;-1;52;48;-1;-1;2.17;3.3;2.8;1.07;1.31;1.91;3;5.5;7;2.85;1.8;1.29;1.11;1.68;2.07;0;0;0;0;1.25;1.3;1.68;2.5;2.1;4;2.43;2.43;3.7;0;0;0;0;0;0;0;0;0;0;0;0;0;0;0;1.67;10;2.6;0;0;1.35;2.88;7.5;15;2.88;1.35;1.07;1.02;1.3;2.2;4.33;10;3.4;1.62;1.17;1.04;0;0;0;0;3;1;1;1;0;1;2;2021-07-25 19:00:00;2225;0;50;25;50;0;1;-1;5;1;2;0;6;2;-1;-1;-1;-1;-1;-1;1;70;55;104;103;2.08;1.19;3.27;-1;-1;-1;-1;-1;-1;-1;1;0;1;2;0;-1;-1;-1;-1;-1;-1;-1;-1;-1;-1;-1;25;25;50;50;50;25;50;50;50;4;0;1.5;2.25;Recoleta;Concepción;2.55;1;0;0;1.5;1;25;25;0;0;0;25;25;25;0;1.3;1.3;5879;22;Y;Y;Y;N;N;N;Y
1264206;2218;2223;2021;complete;68433;7;-1;48;53,77;1;2;3;7;5;12;-1;-1;-1;-1;-1;-1;2;3;4;4;6;7;-1;-1;41;59;-1;-1;2.6;3.3;2.31;1.07;1.32;2;3;5.5;7;2.85;1.8;1.29;1.11;1.75;1.98;0;0;0;0;1.47;1.29;1.42;3.25;2.1;3;3.05;2.4;2.88;0;0;0;0;0;0;0;0;0;0;0;0;0;0;0;2.2;9;1.83;0;0;1.36;2.95;8;15;2.85;1.33;1.06;1.02;1.25;2.1;4.33;10;3.6;1.65;1.18;1.04;0;0;0;0;3;0;0;1;2;3;0;2021-07-25 19:00:00;2223;0;100;0;50;0;1;-1;3;3;4;2;6;6;-1;-1;-1;-1;-1;-1;1;43;45;63;74;0.83;0.98;1.81;-1;-1;-1;-1;-1;-1;-1;1;0;0;2;0;-1;-1;-1;-1;-1;-1;-1;-1;-1;-1;-1;0;50;50;100;100;0;100;100;50;5;0;5;3;Colchagua;San Antonio Unido;0.73;1.09;0;1;0.75;1.8;100;50;50;0;0;0;0;0;1.25;0;1.25;5879;22;Y;Y;Y;N;N;N;Y
1264207;2219;2204;2021;complete;68433;7;-1;57,87;20,27,42;2;3;5;7;4;11;-1;-1;0;0;0;1;10;4;12;4;22;8;-1;-1;61;39;0;2;2.44;3.3;2.47;1.07;1.32;2.05;3;5.5;7;2.85;1.7;1.29;1.11;1.87;1.85;0;0;0;0;1.4;1.33;1.44;3.2;2.1;3.2;3;2.25;3.1;0;0;0;0;1.95;0;0;0;0;1.85;0;0;0;0;0;1.91;9;2.1;0;0;1.44;3;7.5;15;2.6;1.36;1.07;1.02;1.29;2.1;4.5;10;3.4;1.65;1.17;1.04;0;0;0;0;5;0;3;2;0;2;3;2021-07-25 19:00:00;2204;0;0;0;0;0;1;1;1;2;6;2;3;8;0;1;0;0;1;0;1;38;22;74;48;2.35;0.94;3.3;0;1;0;1;0;0;1;1;0;0;0;2;0;0;-1;-1;-1;-1;-1;-1;-1;-1;-1;17;17;17;50;84;17;33;84;33;9.33;0;2;1.83;Independiente;Iberia;1.64;2.18;2;2.33;1.67;2;84;84;84;50;17;67;17;17;1.18;1.31;2.49;5879;22;Y;Y;Y;Y;Y;N;Y
1264208;689406;2218;2021;complete;68433;8;-1;75;37,90;1;2;3;5;5;10;-1;-1;-1;-1;-1;-1;10;4;12;4;22;8;-1;-1;59;41;-1;-1;2.25;3.3;2.6;1.05;1.27;2;2.75;4.7;8;3.05;1.8;1.32;1.13;1.7;2.05;0;0;0;0;1.44;1.3;1.57;2.88;2.2;3.25;2.75;2.4;3.1;0;0;0;0;0;0;0;0;0;0;0;0;0;0;0;1.83;9;2.1;0;0;1.38;2.7;6;0;2.8;1.4;1.09;0;1.25;2.1;4;14;3.6;1.67;1.2;1.02;0;0;0;0;3;0;1;1;1;2;1;2021-08-02 19:00:00;2218;0;17;0;0;0;1;-1;1;1;4;4;2;8;-1;-1;-1;-1;-1;-1;1;91;71;115;110;2.74;1.31;4.04;-1;-1;-1;-1;-1;-1;-1;1;0;0;1;0;-1;-1;-1;-1;-1;-1;-1;-1;-1;-1;-1;0;13;13;59;100;13;71;75;25;12.17;0;8;1.84;Rodelindo Román;Colchagua;1.27;0.91;1.33;0.75;0.57;0.5;100;88;88;42;0;50;17;17;1.29;1.46;2.75;5879;22;Y;Y;Y;N;N;N;Y
1264209;2206;2235;2021;complete;68433;8;-1;;;0;0;0;8;7;15;-1;-1;-1;-1;-1;-1;4;5;10;1;14;6;-1;-1;59;41;-1;-1;2;3.4;3.2;1.05;0;1.73;0;0;9;0;2.08;0;0;1.61;2.25;0;0;0;0;0;0;0;2.63;2.3;3.4;2.34;2.7;3.44;0;0;0;0;0;0;0;0;0;0;0;0;0;0;0;1.67;0;2.3;0;0;0;0;0;13;0;0;0;1.02;0;0;0;10;0;0;0;1.03;0;0;0;0;0;0;0;0;0;0;0;2021-07-31 16:30:00;-1;0;59;25;46;0;1;-1;1;4;7;3;5;10;-1;-1;-1;-1;-1;-1;1;56;49;85;66;1.57;1.08;2.65;0;0;0;0;0;0;1;1;0;0;0;2;-1;-1;-1;-1;-1;-1;-1;-1;-1;-1;-1;13;25;38;88;100;38;67;88;46;9.33;0;1;2.63;Deportes Valdivia;Deportes Limache;2.18;1.36;3;1.67;1.86;1.83;88;75;63;13;0;50;34;17;1.09;1.49;2.58;5879;22;N;N;N;N;N;N;N
1264210;2223;2219;2021;complete;68433;8;-1;9,52;45,76,90;2;3;5;5;2;7;-1;-1;2;3;0;0;7;5;9;6;16;11;-1;-1;49;51;2;3;0;0;0;0;0;0;0;0;0;0;0;0;0;0;0;0;0;0;0;0;0;0;0;0;0;0;0;0;0;0;0;0;0;0;0;0;0;0;0;0;0;0;0;0;0;0;0;0;0;0;0;0;0;0;0;0;0;0;0;0;0;0;0;0;0;0;0;0;5;1;1;1;2;3;2;2021-07-31 19:30:00;2219;0;71;29;42;0;1;1;2;2;3;0;4;3;1;2;1;1;3;2;1;72;83;110;98;2.02;1.64;3.66;0;0;0;0;0;0;1;1;1;0;0;1;0;0;-1;-1;-1;-1;-1;-1;-1;-1;-1;0;46;59;84;84;29;59;71;54;6.83;0;3.33;2.71;San Antonio Unido;Independiente;1.64;1.27;2;1.33;2;1.43;100;54;42;17;17;42;13;13;1.64;1.33;2.97;5879;22;Y;Y;Y;Y;Y;N;Y
1264212;2213;2242;2021;complete;68433;8;-1;;;0;0;0;4;4;8;-1;-1;-1;-1;-1;-1;4;3;7;5;11;8;-1;-1;58;42;-1;-1;1.95;3.5;3.2;0;0;1.8;0;0;0;0;2;0;0;0;0;0;0;0;0;0;0;0;2.6;2.25;3.5;0;0;0;0;0;0;0;0;0;0;0;0;0;0;0;0;0;0;1.67;0;2.38;0;0;0;0;0;0;0;0;0;0;0;0;0;0;0;0;0;0;0;0;0;0;0;0;0;0;0;0;0;2021-07-31 19:30:00;-1;0;25;0;0;0;1;-1;1;3;3;1;4;4;-1;-1;-1;-1;-1;-1;1;54;41;91;78;1.37;1.02;2.38;0;0;0;0;0;0;1;1;0;0;0;2;-1;-1;-1;-1;-1;-1;-1;-1;-1;-1;-1;0;0;0;50;75;0;50;50;25;10;0;3;1.25;Concepción;Colina;1.09;0.55;2;0.5;0.8;0.83;100;100;100;50;25;50;50;25;1.2;1.58;2.78;5879;22;N;N;N;N;N;N;N
1264213;2204;2225;2021;complete;68433;8;-1;58;32,90;1;2;3;-1;-1;-1;-1;-1;-1;-1;-1;-1;-1;-1;-1;-1;-1;-1;-1;-1;-1;-1;-1;-1;0;0;0;0;0;0;0;0;0;0;0;0;0;0;0;0;0;0;0;0;0;0;0;0;0;0;0;0;0;0;0;0;0;0;0;0;0;0;0;0;0;0;0;0;0;0;0;0;0;0;0;0;0;0;0;0;0;0;0;0;0;0;0;0;0;0;0;0;3;0;1;1;1;2;1;2021-08-01 19:00:00;2225;0;38;38;38;0;-1;-1;-1;-1;-1;-1;-1;-1;-1;-1;-1;-1;-1;-1;-1;0;0;0;0;0;0;0;-1;-1;-1;-1;-1;-1;-1;1;0;0;-1;-1;-1;-1;-1;-1;-1;-1;-1;-1;-1;-1;-1;38;38;38;38;100;38;63;75;38;12.67;0;5;2.75;Iberia;Recoleta;1.45;1.82;1.5;1.5;2.17;1.8;63;63;63;63;0;84;67;67;1.69;1.45;3.14;5879;22;Y;Y;Y;N;N;N;Y
1264214;2219;2246;2021;complete;68433;9;-1;10,37,45;75;3;1;4;3;2;5;-1;-1;-1;-1;-1;-1;9;3;3;4;12;7;-1;-1;42;58;-1;-1;1.53;3.3;2.38;1.05;1.31;2.1;3.4;5;9;3.2;1.7;1.27;1.14;1.81;1.95;0;0;0;0;1.22;1.22;1.6;2.75;2.1;3.75;2.42;2.55;3.54;0;0;0;0;2;0;0;0;0;1.8;0;0;0;0;0;1.73;11;2.5;0;0;1.38;2.75;7;13;2.8;1.39;1.06;1.02;1.24;2.14;4.6;9;3.6;1.63;1.16;1.05;0;0;0;0;4;3;0;0;1;1;3;2021-08-08 19:00:00;2219;0;46;0;0;0;1;-1;2;1;1;1;3;2;-1;-1;-1;-1;-1;-1;1;26;34;65;77;1.58;0.91;2.48;-1;-1;-1;-1;-1;-1;-1;1;1;0;1;0;-1;-1;-1;-1;-1;-1;-1;-1;-1;-1;-1;25;25;42;59;100;25;75;84;42;12.5;0;4;2.5;Independiente;General Velásquez;1.64;1.18;1.5;1.33;1.63;1.5;75;75;59;42;0;100;67;42;1.57;2.13;3.7;5879;22;Y;Y;Y;Y;N;N;Y
1264215;2225;2223;2021;complete;68433;9;-1;85;;1;0;1;9;4;13;-1;-1;-1;-1;-1;-1;8;2;5;4;13;6;-1;-1;55;45;-1;-1;1.57;3.4;2.25;1.04;1.2;1.67;2.35;3.85;9.25;3.6;2.15;1.43;1.18;1.57;2.25;0;0;0;0;1.27;1.22;1.52;2.6;2.3;3.4;2.5;2.5;3.3;0;0;0;0;1.93;0;0;0;0;1.88;0;0;0;0;0;1.67;12;2.3;0;0;1.3;2.4;5.25;12;3.2;1.5;1.13;1.03;1.22;1.91;3.8;8;3.8;1.8;1.22;1.05;0;0;0;0;1;0;0;1;0;1;0;2021-08-08 19:00:00;2225;0;100;50;25;0;1;-1;5;1;4;3;6;7;-1;-1;-1;-1;-1;-1;1;70;50;91;85;1.88;0.89;2.77;-1;-1;-1;-1;-1;-1;-1;1;0;0;1;1;-1;-1;-1;-1;-1;-1;-1;-1;-1;-1;-1;0;0;75;100;100;50;75;100;25;12;0;3;2.75;Recoleta;San Antonio Unido;2.55;1.09;3;2;2;1.71;100;100;25;0;0;50;50;50;2.08;0.98;3.06;5879;22;Y;N;N;N;N;N;N
1264216;2235;2213;2021;complete;68433;9;-1;44;;1;0;1;7;6;13;-1;-1;-1;-1;-1;-1;4;2;13;4;17;6;-1;-1;50;50;-1;-1;1.8;3.25;4;1.08;1.35;2.1;3.7;7;7;3;1.7;1.24;1.08;2;1.77;0;0;0;0;1.19;1.27;1.87;2.5;2.1;4.33;2.18;2.5;4.28;0;0;0;0;0;0;0;0;0;0;0;0;0;0;0;1.57;7.25;2.75;0;0;1.41;2.8;7.6;17;2.7;1.38;1.05;1.01;1.26;2.4;5;11;3.5;1.5;1.14;1.03;0;0;0;0;1;1;0;0;0;0;1;2021-08-06 19:00:00;2235;0;67;34;50;0;1;-1;4;2;3;4;6;7;-1;-1;-1;-1;-1;-1;1;97;74;142;151;2.06;1.08;3.13;-1;-1;-1;-1;-1;-1;-1;1;0;0;0;0;-1;-1;-1;-1;-1;-1;-1;-1;-1;-1;-1;33;50;84;100;100;67;84;100;84;6.33;0;3.5;3.84;Deportes Limache;Concepción;1.82;1;2;0;1.71;0.83;67;50;17;0;0;50;33;33;1.75;1.26;3.01;5879;22;Y;N;N;N;N;N;N
1264217;2242;689406;2021;complete;68433;9;-1;;62;0;1;1;4;8;12;-1;-1;-1;-1;-1;-1;0;4;8;11;8;15;-1;-1;49;51;-1;-1;1.85;3.2;3.8;1.07;1.36;2.15;3.35;6.25;6.75;2.6;1.67;1.24;1.08;1.91;1.67;0;0;0;0;0;0;0;2.6;2.05;4.33;0;0;0;0;0;0;0;0;0;0;0;0;0;0;0;0;0;0;1.62;0;2.75;0;0;0;0;0;0;0;0;0;0;0;0;0;0;0;0;0;0;0;0;0;0;1;0;0;0;1;1;0;2021-08-09 19:00:00;689406;0;25;0;13;0;1;-1;1;3;3;5;4;8;-1;-1;-1;-1;-1;-1;1;63;97;113;97;0.97;1.92;2.89;-1;-1;-1;-1;-1;-1;-1;1;0;0;0;1;-1;-1;-1;-1;-1;-1;-1;-1;-1;-1;-1;25;25;50;63;88;38;88;63;38;10.75;0;3;2.5;Colina;Rodelindo Román;1.18;1.18;1;0;0.86;0.5;75;75;50;38;13;84;54;54;1.41;1.03;2.44;5879;22;Y;N;N;N;N;N;N
1264219;2218;2206;2021;complete;68433;9;-1;67;82,85;1;2;3;5;4;9;-1;-1;-1;-1;-1;-1;9;5;1;5;10;10;-1;-1;45;55;-1;-1;2.2;3.3;1.6;1.09;1.33;2.05;3.4;6.25;7.5;3;1.75;1.29;1.12;1.8;1.91;0;0;0;0;1.62;1.33;1.38;3.5;2.1;2.88;3.35;2.43;2.63;0;0;0;0;0;0;0;0;0;0;0;0;0;0;0;2.3;9;1.8;0;0;1.36;2.62;6;0;2.9;1.42;1.09;0;0;0;0;0;0;0;0;0;0;0;0;0;3;0;0;1;2;3;0;2021-08-06 22:45:00;2206;0;67;17;50;0;1;-1;3;2;2;2;5;4;-1;-1;-1;-1;-1;-1;1;49;43;92;94;1.62;1.3;2.92;-1;-1;-1;-1;-1;-1;-1;1;0;0;0;1;-1;-1;-1;-1;-1;-1;-1;-1;-1;-1;-1;0;42;67;84;100;17;59;67;67;11;0;2;2.92;Colchagua;Deportes Valdivia;0.73;0.55;0;0.33;0.86;1.75;100;59;34;17;0;75;59;59;1.04;1.21;2.25;5879;22;Y;Y;Y;N;N;N;Y
1264220;2223;2246;2021;complete;68433;10;-1;15,80;45;2;1;3;-1;-1;-1;-1;-1;-1;-1;-1;-1;-1;-1;-1;-1;-1;-1;-1;-1;-1;-1;-1;-1;0;0;0;0;0;0;0;0;0;0;0;0;0;0;0;0;0;0;0;0;0;0;0;0;0;0;0;0;0;0;0;0;0;0;0;0;0;0;0;0;0;0;0;0;0;0;0;0;0;0;0;0;0;0;0;0;0;0;0;0;0;0;0;0;0;0;0;0;3;1;1;1;0;1;2;2021-08-14 19:30:00;2223;0;78;20;30;0;-1;-1;-1;-1;-1;-1;-1;-1;-1;-1;-1;-1;-1;-1;-1;0;0;0;0;0;0;0;-1;-1;-1;-1;-1;-1;-1;1;0;0;-1;-1;-1;-1;-1;-1;-1;-1;-1;-1;-1;-1;-1;10;33;55;88;100;33;80;78;53;9.47;0;6;2.85;San Antonio Unido;General Velásquez;1.64;1.18;1.6;1;1.5;1.33;90;68;45;13;0;54;44;27;1.71;1.72;3.43;5879;22;Y;Y;Y;N;N;N;Y
1264221;2213;2219;2021;complete;68433;10;-1;;57;0;1;1;-1;-1;-1;-1;-1;-1;-1;-1;-1;-1;-1;-1;-1;-1;-1;-1;-1;-1;-1;-1;-1;2.88;3.25;2.25;1.07;1.33;2;3.5;6.5;7.5;3;1.73;1.25;1.1;1.82;1.94;0;0;0;0;1.56;1.27;1.36;3.5;2.1;2.88;3.25;2.43;2.7;0;0;0;0;0;0;0;0;0;0;0;0;0;0;0;2.3;9;1.8;0;0;1.4;2.85;7.3;15;2.75;1.37;1.06;1.02;1.29;2.25;4.75;10;3.4;1.57;1.15;1.04;0;0;0;0;1;0;0;0;1;1;0;2021-08-14 22:00:00;2219;0;54;25;25;0;-1;-1;-1;-1;-1;-1;-1;-1;-1;-1;-1;-1;-1;-1;-1;0;0;0;0;0;0;0;-1;-1;-1;-1;-1;-1;-1;1;0;0;-1;-1;-1;-1;-1;-1;-1;-1;-1;-1;-1;-1;-1;13;38;38;54;71;25;71;54;25;7.67;0;1.5;2.13;Concepción;Independiente;1.09;1.27;1.67;1.75;1;1.78;88;63;63;46;29;46;34;17;1.25;1.41;2.66;5879;22;Y;N;N;N;N;N;N
1264222;2218;2242;2021;complete;68433;10;-1;;57;0;1;1;7;2;9;-1;-1;-1;-1;-1;-1;6;5;5;3;11;8;-1;-1;51;49;-1;-1;2.2;3.05;2.55;0;0;1.95;0;0;0;0;1.85;0;0;0;0;0;0;0;0;0;0;0;3;2.2;3.25;0;0;0;0;0;0;0;0;0;0;0;0;0;0;0;0;0;0;1.83;0;2.2;0;0;0;0;0;0;0;0;0;0;0;0;0;0;0;0;0;0;0;0;0;0;1;0;0;0;1;1;0;2021-08-16 19:00:00;2242;0;38;0;38;0;1;-1;4;0;3;2;4;5;-1;-1;-1;-1;-1;-1;1;77;61;108;106;1.67;1.3;2.98;-1;-1;-1;-1;-1;-1;-1;1;0;0;1;0;-1;-1;-1;-1;-1;-1;-1;-1;-1;-1;-1;0;13;38;54;67;0;25;54;54;9.5;0;5.5;1.71;Colchagua;Colina;0.73;0.55;0;0.67;0.67;0.75;100;88;63;46;34;25;13;13;1.15;1.3;2.45;5879;22;Y;N;N;N;N;N;N
1264223;2204;2206;2021;complete;68433;10;-1;37;;1;0;1;7;2;9;-1;-1;-1;-1;-1;-1;5;0;8;7;13;7;-1;-1;46;54;-1;-1;1.58;3.3;2.23;1.05;1.3;2.08;3.85;8;9.5;3.2;1.73;1.23;1.07;1.82;1.9;0;0;0;0;1.32;1.29;1.58;2.88;2.1;3.5;2.63;2.38;3.45;0;0;0;0;0;0;0;0;0;0;0;0;0;0;0;1.8;8.5;2.25;0;0;1.37;3.1;8.5;15;2.8;1.3;1.05;1.02;1.33;2.4;5.25;11;3;1.5;1.13;1.03;0;0;0;0;1;1;0;0;0;0;1;2021-08-18 19:00:00;2204;0;59;29;46;0;1;-1;4;0;3;2;4;5;-1;-1;-1;-1;-1;-1;1;70;56;89;111;1.67;0.86;2.53;-1;-1;-1;-1;-1;-1;-1;1;0;0;1;0;-1;-1;-1;-1;-1;-1;-1;-1;-1;-1;-1;17;29;59;71;100;29;75;59;59;11.75;0;2;2.92;Iberia;Deportes Valdivia;1.45;0.55;1;1;2;1.89;84;71;42;29;0;100;75;75;1.69;1.23;2.92;5879;22;Y;N;N;N;N;N;N
1264225;2235;2225;2021;complete;68433;10;-1;26,77,90;;3;0;3;6;2;8;-1;-1;-1;-1;-1;-1;5;3;12;7;17;10;-1;-1;43;57;-1;-1;2.25;3.25;2.75;0;1.35;2.1;3.7;6.5;7;2.85;1.7;1.24;1.11;1.87;1.87;0;0;0;0;1.36;1.3;1.51;2.88;2.1;3.6;2.75;2.3;3.3;0;0;0;0;0;0;0;0;0;0;0;0;0;0;0;1.8;7;2.25;0;0;1.43;3.19;7.6;0;2.73;1.33;1.05;0;1.29;2.25;4.75;0;3.3;1.57;1.15;0;0;0;0;0;3;1;0;2;0;2;1;2021-08-15 19:00:00;2235;0;33;10;33;0;1;-1;5;1;1;1;6;2;-1;-1;-1;-1;-1;-1;1;73;78;107;113;1.95;1.41;3.36;-1;-1;-1;-1;-1;-1;-1;1;0;0;1;0;-1;-1;-1;-1;-1;-1;-1;-1;-1;-1;-1;23;35;45;58;100;35;58;88;58;9.92;0;5;2.6;Deportes Limache;Recoleta;1.82;1.82;2.25;1.8;1.78;2.14;78;65;55;43;0;71;42;42;1.82;1.45;3.27;5879;22;Y;Y;Y;N;N;N;N
1264226;2206;2213;2021;complete;68433;11;-1;25,50;6,42;2;2;4;5;7;12;-1;-1;-1;-1;-1;-1;7;3;3;7;10;10;-1;-1;50;50;-1;-1;1.83;3.2;3.15;1.09;1.41;2.3;4.14;7.4;7.25;2.7;1.62;1.19;1.09;2.1;1.7;0;0;0;0;1.24;1.31;1.8;2.6;2.05;4.33;2.35;2.4;4.06;0;0;0;0;0;0;0;0;0;0;0;0;0;0;0;1.67;7.25;2.75;0;0;1.46;3.1;8;17;2.5;1.31;1.04;1.01;1.3;2.4;5.6;12;3.2;1.51;1.11;1.03;0;0;0;0;4;1;2;1;0;1;3;2021-08-23 17:00:00;-1;0;50;40;30;0;1;-1;2;4;3;3;6;6;-1;-1;-1;-1;-1;-1;1;59;73;100;90;1.55;1.37;2.92;-1;-1;-1;-1;-1;-1;-1;1;0;1;1;0;-1;-1;-1;-1;-1;-1;-1;-1;-1;-1;-1;20;30;60;60;90;50;90;60;30;8.4;0;2.33;2.7;Deportes Valdivia;Concepción;2.18;1;2.6;0.6;1.7;0.89;80;70;40;40;10;45;45;45;1.33;1.25;2.58;5879;22;Y;Y;Y;Y;N;N;Y
1264227;2219;2235;2021;complete;68433;11;-1;34,47;64;2;1;3;6;8;14;-1;-1;2;2;0;0;7;10;4;8;11;18;-1;-1;38;62;2;2;1.85;3.2;1.85;1.1;1.43;2.2;3.65;7;7;2.7;1.65;1.25;1.1;1.92;1.81;0;0;0;0;1.44;1.29;1.44;3.25;2.05;3.25;3;2.33;3;0;0;0;0;1.92;0;0;0;0;1.88;0;0;0;0;0;2.05;7;2.05;0;0;1.4;3.25;9.5;17;2.7;1.28;1.05;1.01;1.29;2.3;5;11;3.3;1.55;1.13;1.03;0;0;0;0;3;1;0;1;1;2;1;2021-08-22 19:00:00;2219;0;50;0;20;0;1;1;2;6;4;2;8;6;0;0;2;2;0;4;1;28;38;61;69;1.39;2.1;3.49;0;0;0;0;0;0;1;1;0;0;0;0;0;0;-1;-1;-1;-1;-1;-1;-1;-1;-1;20;30;30;70;90;30;50;90;40;11.7;0;2;2.4;Independiente;Deportes Limache;1.64;1.36;1.8;1.4;1.9;1.9;80;70;70;30;10;78;43;33;1.57;1.5;3.07;5879;22;Y;Y;Y;N;N;N;Y
1264228;2242;2204;2021;complete;68433;11;-1;39,44;11,25,33;2;3;5;5;3;8;-1;-1;-1;-1;-1;-1;6;10;5;7;11;17;-1;-1;45;55;-1;-1;2.65;3.1;2.1;0;0;2.17;0;0;0;0;1.58;0;0;0;0;0;0;0;0;0;0;0;3.6;2.05;2.88;0;0;0;0;0;0;0;2.38;0;0;0;0;0;0;0;0;0;0;2.3;0;1.83;0;0;0;0;0;0;0;0;0;0;0;0;0;0;0;0;0;0;0;0;0;0;5;2;3;0;0;0;5;2021-08-23 16:00:00;2204;0;20;0;0;0;1;-1;1;1;4;2;2;6;-1;-1;-1;-1;-1;-1;1;78;78;156;153;1.69;2.35;4.04;-1;-1;-1;-1;-1;-1;-1;1;0;0;0;0;-1;-1;-1;-1;-1;-1;-1;-1;-1;-1;-1;10;10;20;60;80;10;60;70;30;10;0;4;1.8;Colina;Iberia;1.18;2.18;0.8;2.6;1;2.11;90;90;80;40;20;80;70;70;1.32;1.3;2.62;5879;22;Y;Y;Y;Y;Y;N;Y
1264229;2246;689406;2021;complete;68433;11;-1;23,86;20,49,64,69,77;2;5;7;5;1;6;-1;-1;-1;-1;-1;-1;6;7;7;3;13;10;-1;-1;58;42;-1;-1;1.27;3.4;3.35;1.08;1.36;2.08;3.3;6.5;8.25;3;1.73;1.3;1.11;1.87;1.85;0;0;0;0;1.16;1.27;1.96;2.38;2.1;4.5;2.14;2.45;4.5;0;0;0;0;0;0;0;0;0;0;0;0;0;0;0;1.53;8.75;3;0;0;1.44;3;8;15;2.6;1.33;1.07;1.02;1.25;2.2;4.5;11;3.6;1.6;1.17;1.03;0;0;0;0;7;1;1;1;4;5;2;2021-08-22 19:00:00;689406;0;20;0;20;0;1;-1;2;1;3;0;3;3;-1;-1;-1;-1;-1;-1;1;69;61;104;96;1.74;1.57;3.31;-1;-1;-1;-1;-1;-1;-1;1;0;0;0;0;-1;-1;-1;-1;-1;-1;-1;-1;-1;-1;-1;20;20;30;50;90;30;50;70;40;10.15;0;3.5;2.1;General Velásquez;Rodelindo Román;1.64;1.18;1.6;0.6;1.2;1;80;80;70;50;10;78;65;55;1.6;1.25;2.85;5879;22;Y;Y;Y;Y;Y;Y;Y
1264231;2225;2218;2021;complete;68433;11;-1;10,62;37;2;1;3;4;8;12;-1;-1;-1;-1;-1;-1;5;4;6;3;11;7;-1;-1;45;55;-1;-1;1.3;3.5;3.2;1.06;1.27;1.9;3.1;6;8;3.4;1.9;1.31;1.09;1.85;1.91;0;0;0;0;1.19;1.25;2.05;2.3;2.2;4.5;2.08;2.65;4.28;0;0;0;0;0;0;0;0;0;0;0;0;0;0;0;1.5;8.75;2.88;0;0;1.4;2.65;6.5;15;2.9;1.42;1.08;1.02;1.21;2.05;4.3;10;3.9;1.69;1.18;1.04;0;0;0;0;3;1;1;1;0;1;2;2021-08-23 19:00:00;2225;0;44;34;10;0;1;-1;2;5;2;3;7;5;-1;-1;-1;-1;-1;-1;1;58;79;98;102;1.47;1.3;2.77;-1;-1;-1;-1;-1;-1;-1;1;1;0;0;0;-1;-1;-1;-1;-1;-1;-1;-1;-1;-1;-1;17;27;54;64;100;44;74;80;47;15.08;0;6;2.77;Recoleta;Colchagua;2.55;0.91;3;1.2;2;0.6;84;74;47;37;0;84;59;46;2.07;1.42;3.49;5879;22;Y;Y;Y;N;N;N;Y
1264232;2225;2219;2021;complete;68433;12;-1;-1,-1,-1;-1,-1;3;2;5;6;1;7;-1;-1;-1;-1;-1;-1;10;8;3;7;13;15;-1;-1;50;50;-1;-1;2.15;3.3;2.9;1.05;1.25;1.85;2.65;4.55;8.25;3.15;1.95;1.34;1.13;1.65;1.95;0;0;0;0;0;0;0;2.75;2.2;3.4;0;0;0;0;0;0;0;0;0;0;0;0;0;0;0;0;0;0;1.73;0;2.3;0;0;0;0;0;0;0;0;0;0;0;0;0;0;0;0;0;0;0;0;0;0;5;0;0;0;0;0;0;2021-09-05 18:00:00;2225;0;70;50;20;1;1;-1;3;1;3;0;4;3;-1;-1;-1;-1;-1;-1;1;23;29;47;64;1.68;1.71;3.39;-1;-1;-1;-1;-1;-1;-1;-1;-1;-1;0;0;-1;-1;-1;-1;-1;-1;-1;-1;-1;-1;-1;30;50;70;70;90;60;70;90;40;9.8;0;3.5;3.2;Recoleta;Independiente;2.55;1.27;3;2;2.18;2;70;50;30;30;10;53;40;40;1.96;1.41;3.37;5879;22;Y;Y;Y;Y;Y;N;Y
1264233;689406;2206;2021;complete;68433;12;-1;43;68;1;1;2;11;1;12;-1;-1;3;4;1;0;8;4;5;10;13;14;-1;-1;48;52;5;4;2.4;3.1;2.3;0;0;0;0;0;0;0;0;0;0;0;0;0;0;0;0;0;0;0;2.88;2.2;3.2;0;0;0;0;0;0;0;0;0;0;0;0;0;0;0;0;0;0;1.8;0;2.2;0;0;0;0;0;0;0;0;0;0;0;0;0;0;0;0;0;0;0;0;0;0;3;1;0;1;1;2;1;2021-09-06 18:00:00;689406;0;50;10;20;0;1;1;4;0;7;1;4;8;1;2;3;2;3;5;1;81;86;117;108;1.97;1.78;3.75;0;0;0;0;0;0;1;1;0;0;0;0;0;0;-1;-1;-1;-1;-1;-1;-1;-1;-1;0;10;40;70;100;10;70;70;40;8.7;0;2;2.2;Rodelindo Román;Deportes Valdivia;1.27;0.55;1.4;0.8;1.18;1.64;100;90;60;30;0;75;45;20;1.96;1.16;3.12;5879;22;Y;Y;Y;N;N;N;Y
1264234;2235;2223;2021;complete;68433;12;-1;36,45,75,81;87;4;1;5;4;6;10;-1;-1;2;4;0;0;8;5;12;4;20;9;-1;-1;44;56;2;4;2.05;3.2;3.25;1.07;1.32;2.1;3.1;5.75;6.75;2.75;1.7;1.26;1.1;1.8;1.74;0;0;0;0;0;0;0;2.75;2.1;3.75;0;0;0;0;0;0;0;2.1;0;0;0;0;0;0;0;0;0;0;1.67;0;2.5;0;0;0;0;0;0;0;0;0;0;0;0;0;0;0;0;0;0;0;0;0;0;5;2;0;2;1;3;2;2021-09-05 18:00:00;2235;0;50;10;30;0;1;1;1;1;3;5;2;8;1;1;1;3;2;4;1;74;78;140;156;2.36;1.5;3.86;0;0;0;0;0;0;1;1;0;0;0;1;0;0;-1;-1;-1;-1;-1;-1;-1;-1;-1;10;30;60;80;100;30;70;90;60;7.85;0;5;2.8;Deportes Limache;San Antonio Unido;1.82;1.09;2.4;1.4;1.73;1.64;90;70;40;20;0;68;58;45;1.85;1.23;3.08;5879;22;Y;Y;Y;Y;Y;N;Y
1264235;2218;2246;2021;complete;68433;12;-1;81;;1;0;1;5;5;10;-1;-1;2;2;0;0;6;9;10;8;16;17;-1;-1;48;52;2;2;2.85;2.8;2.15;1.09;1.38;2.05;3.35;6;6;2.5;1.57;1.24;1.08;1.83;1.71;0;0;0;0;0;0;0;3.5;2.1;2.88;0;0;0;0;0;0;0;2.38;0;0;0;0;0;0;0;0;0;0;2.3;0;1.8;0;0;0;0;0;0;0;0;0;0;0;0;0;0;0;0;0;0;0;0;0;0;2;0;0;1;1;2;0;2021-09-05 15:00:00;-1;0;70;10;30;0;1;1;1;1;4;4;2;8;0;0;2;2;0;4;1;48;43;70;80;1.77;2.01;3.78;0;0;0;0;0;0;1;1;0;0;0;0;0;0;-1;-1;-1;-1;-1;-1;-1;-1;-1;0;20;60;70;100;20;70;80;40;11.07;0;5.5;2.5;Colchagua;General Velásquez;0.73;1.18;0;0.8;0.55;1.09;100;80;40;30;0;64;44;27;1.26;1.72;2.98;5879;22;Y;Y;N;N;N;N;Y
1264236;2213;2204;2021;complete;68433;12;-1;;43;0;1;1;2;6;8;-1;-1;2;2;1;0;4;8;6;9;10;17;-1;-1;50;50;4;2;2.8;3.75;2.05;1.07;1.32;2.05;3.1;5.75;7;2.75;1.75;1.26;1.1;1.8;1.77;0;0;0;0;0;0;0;3.6;2.1;2.75;0;0;0;0;0;0;0;2.38;0;0;0;0;0;0;0;0;0;0;2.4;0;1.73;0;0;0;0;0;0;0;0;0;0;0;0;0;0;0;0;0;0;0;0;0;0;1;0;1;0;0;0;1;2021-09-05 17:30:00;2204;0;37;19;10;0;1;1;1;4;1;2;5;3;1;0;2;2;1;4;1;70;67;125;110;1.43;2.12;3.54;0;0;0;0;0;0;1;1;0;0;1;1;0;0;-1;-1;-1;-1;-1;-1;-1;-1;-1;17;27;27;62;82;27;64;64;27;9;0;2;2.14;Concepción;Iberia;1.09;2.18;1.2;2.67;0.91;2;84;74;74;39;19;59;59;42;1.25;1.47;2.72;5879;22;Y;N;N;N;N;N;N
1264238;2204;2235;2021;complete;68433;13;-1;;9,67,70;0;3;3;3;2;5;-1;-1;-1;-1;-1;-1;8;7;7;9;15;16;-1;-1;61;39;-1;-1;2.05;3.4;3;1.06;1.29;1.85;3;0;8;3.4;1.95;1.33;0;1.73;2.06;0;0;0;0;1.26;1.21;1.59;2.63;2.2;3.5;2.4;2.5;3.5;0;0;0;0;0;0;0;0;0;0;0;0;0;0;0;1.67;10;2.38;0;0;1.38;2.7;6;15;2.8;1.4;1.09;1.02;1.22;2;4.2;9;3.8;1.73;1.2;1.05;0;0;0;0;3;0;1;0;2;2;1;2021-09-14 18:00:00;2235;0;64;10;55;0;1;-1;1;0;2;2;1;4;-1;-1;-1;-1;-1;-1;1;66;51;96;83;1.98;1.86;3.84;-1;-1;-1;-1;-1;-1;-1;1;0;1;0;0;-1;-1;-1;-1;-1;-1;-1;-1;-1;-1;-1;10;10;39;72;92;10;75;72;55;14;0;3.5;2.32;Iberia;Deportes Limache;1.45;1.36;1.2;1.17;2.08;1.83;90;90;62;29;9;75;50;42;1.59;1.6;3.19;5879;22;Y;Y;Y;N;N;N;N
1264239;2206;2242;2021;complete;68433;13;-1;15,74,90;;3;0;3;5;11;16;-1;-1;-1;-1;-1;-1;8;6;4;3;12;9;-1;-1;45;55;-1;-1;1.65;3.7;4.88;1.05;1.25;1.98;2.7;4.75;8.25;3.15;1.83;1.33;1.12;1.77;1.8;0;0;0;0;0;0;0;2.1;2.3;5;0;0;0;0;0;0;0;0;0;0;0;0;0;0;0;0;0;0;1.36;0;3.5;0;0;0;0;0;0;0;0;0;0;0;0;0;0;0;0;0;0;0;0;0;0;3;1;0;2;0;2;1;2021-09-12 15:30:00;2206;0;35;25;9;0;1;-1;2;10;3;1;12;4;-1;-1;-1;-1;-1;-1;1;63;65;94;107;1.77;1.47;3.24;-1;-1;-1;-1;-1;-1;-1;1;0;0;0;4;-1;-1;-1;-1;-1;-1;-1;-1;-1;-1;-1;19;35;44;54;72;44;52;64;29;9.25;0;2.33;2.22;Deportes Valdivia;Colina;2.18;0.55;2.33;1;1.5;0.75;82;65;57;47;29;59;46;46;1.4;1.53;2.93;5879;22;Y;Y;Y;N;N;N;N
1264240;2223;689406;2021;complete;68433;13;-1;12;81;1;1;2;2;10;12;-1;-1;4;1;1;1;4;4;6;4;10;8;-1;-1;45;55;6;3;2;3.3;2.75;0;0;1.95;0;0;0;0;1.85;0;0;0;0;0;0;0;0;0;0;0;2.63;2.2;3.6;0;0;0;0;0;0;0;0;0;0;0;0;0;0;0;0;0;0;1.67;0;2.5;0;0;0;0;0;0;0;0;0;0;0;0;0;0;0;0;0;0;0;0;0;0;3;1;0;0;2;2;1;2021-09-13 19:30:00;689406;0;58;34;42;0;1;1;1;4;1;6;5;7;2;1;3;1;3;4;1;56;90;114;143;1.33;1.45;2.78;0;0;0;0;0;0;1;1;0;0;0;0;1;0;-1;-1;-1;-1;-1;-1;-1;-1;-1;34;42;67;84;100;59;75;83;59;8.6;0;3;3.42;San Antonio Unido;Rodelindo Román;1.64;1.18;1.83;1;1.5;1.33;67;59;33;17;0;50;30;30;1.71;1.31;3.02;5879;22;Y;Y;Y;N;N;N;Y
1264241;2246;2213;2021;complete;68433;13;-1;;69;0;1;1;4;7;11;-1;-1;1;3;0;0;7;6;7;9;14;15;-1;-1;52;48;1;3;2.25;3.1;3;0;0;0;0;0;0;0;0;0;0;0;0;0;0;0;0;0;0;0;3;2;3.6;0;0;0;0;0;0;0;0;0;0;0;0;0;0;0;0;0;0;1.8;0;2.38;0;0;0;0;0;0;0;0;0;0;0;0;0;0;0;0;0;0;0;0;0;0;1;0;0;0;1;1;0;2021-09-16 18:00:00;2213;0;50;34;33;0;1;1;2;1;2;6;3;8;0;1;1;2;1;3;1;69;56;102;100;1.87;1.77;3.64;0;0;0;0;0;0;1;1;0;0;0;0;0;0;-1;-1;-1;-1;-1;-1;-1;-1;-1;17;25;42;59;92;34;67;67;42;8.5;0;5.83;2.59;General Velásquez;Concepción;1.64;1;1.33;0.67;1.08;0.83;83;75;58;42;9;59;59;50;1.62;1.27;2.89;5879;22;Y;N;N;N;N;N;N
1264242;2219;2218;2021;complete;68433;13;-1;;34,53;0;2;2;7;3;10;-1;-1;0;1;0;0;8;6;10;3;18;9;-1;-1;59;41;0;1;1.61;3.72;5.25;1.08;1.36;2.05;3.45;7;7;3;1.77;1.27;1.08;2.16;1.64;0;0;0;0;1.09;1.2;2.45;2.05;2.2;6;1.85;2.6;5.8;0;0;1.3;1.55;1.97;2.63;3.65;3.3;2.32;1.77;1.44;1.25;0;0;0;1.36;7.75;4;0;0;1.35;3;8;17;2.88;1.33;1.06;1.01;1.29;2.25;4.75;11;3.4;1.57;1.15;1.03;0;0;0;0;2;0;1;0;1;1;1;2021-09-12 18:00:00;2218;0;42;9;17;0;1;1;3;2;4;1;5;5;0;1;0;0;1;0;1;47;29;91;63;2.03;1.2;3.23;0;0;0;0;0;0;1;1;0;0;0;0;0;0;-1;-1;-1;-1;-1;-1;-1;-1;-1;17;34;59;67;100;42;75;84;50;12.6;0;7.33;2.75;Independiente;Colchagua;1.64;0.91;2;1;1.83;0.58;84;67;42;33;0;90;50;40;1.54;1.4;2.94;5879;22;Y;Y;N;N;N;N;N
1264243;2204;689406;2021;complete;68433;14;-1;;;0;0;0;5;2;7;-1;-1;-1;-1;-1;-1;6;5;7;1;13;6;-1;-1;53;47;-1;-1;1.65;3.2;2.1;1.03;1.25;1.85;3;5.7;10;3.5;1.95;1.34;1.1;1.7;2.1;0;0;0;0;1.33;1.26;1.6;2.75;2.2;3.25;2.52;2.65;3.24;0;0;0;0;0;0;0;0;0;0;0;0;0;0;0;1.73;10;2.25;0;0;1.34;2.55;6.3;15;3;1.44;1.09;1.02;1.2;2;4.1;12;4;1.72;1.19;1.02;0;0;0;0;0;0;0;0;0;0;0;2021-09-27 18:30:00;-1;0;47;16;40;0;1;-1;2;2;3;0;4;3;-1;-1;-1;-1;-1;-1;1;64;50;100;103;1.7;1.1;2.81;0;0;0;0;0;0;1;1;0;0;0;0;-1;-1;-1;-1;-1;-1;-1;-1;-1;-1;-1;30;30;69;69;100;37;93;77;62;11.42;0;5;3.2;Iberia;Rodelindo Román;1.45;1.18;1;1.29;1.92;1.46;70;70;31;31;0;59;38;38;1.69;1.34;3.03;5879;22;N;N;N;N;N;N;N
1264245;2213;2223;2021;complete;68433;14;-1;;71;0;1;1;7;3;10;-1;-1;3;3;0;0;5;2;10;1;15;3;-1;-1;50;50;3;3;2.38;3.28;2.76;0;0;2;0;0;0;0;1.81;0;0;0;0;0;0;0;0;0;0;0;3;2.1;3.25;0;0;0;0;0;0;0;2.38;0;0;0;0;0;0;0;0;0;0;1.83;0;2.2;0;0;0;0;0;0;0;0;0;0;0;0;0;0;0;0;0;0;0;0;0;0;2;0;0;1;1;2;0;2021-09-25 19:00:00;-1;0;58;17;34;0;1;1;4;2;3;1;6;4;0;1;3;2;1;5;1;70;55;105;88;1.8;0.74;2.54;0;0;0;0;0;0;1;1;0;0;1;0;0;0;-1;-1;-1;-1;-1;-1;-1;-1;-1;9;25;42;58;92;25;67;75;34;7.8;0;5.5;2.25;Concepción;San Antonio Unido;1.09;1.09;1;1.17;1;1.38;92;75;58;42;9;65;65;33;1.3;1.28;2.58;5879;22;Y;Y;N;N;N;N;Y
1264246;2219;2206;2021;complete;68433;14;-1;26,73;;2;0;2;3;5;8;-1;-1;2;3;0;0;9;5;2;8;11;13;-1;-1;39;61;2;3;2.08;3.25;3;0;0;2.02;0;0;0;0;1.8;0;0;0;0;0;0;0;0;0;0;0;2.75;2.1;3.6;0;0;0;0;0;0;0;0;0;0;0;0;0;0;0;0;0;0;1.67;0;2.4;0;0;0;0;0;0;0;0;0;0;0;0;0;0;0;0;0;0;0;0;0;0;3;1;0;2;0;2;1;2021-09-25 18:00:00;2219;0;47;9;24;0;1;1;2;2;1;3;4;4;1;2;1;1;3;2;1;33;38;55;74;1.56;1.44;3;0;0;0;0;0;0;1;1;0;0;0;0;0;0;-1;-1;-1;-1;-1;-1;-1;-1;-1;15;30;54;69;100;30;69;75;47;8.84;0;5;2.67;Independiente;Deportes Valdivia;1.64;0.55;1.71;0.67;1.69;1.62;86;70;47;31;0;92;50;42;1.62;1.26;2.88;5879;22;Y;Y;Y;N;N;N;N
1264247;2225;2246;2021;complete;68433;14;-1;34,87;16,74,90;2;3;5;6;6;12;-1;-1;2;0;1;0;9;9;5;6;14;15;-1;-1;60;40;3;0;1.67;3.4;4.6;1.04;1.32;1.91;3.28;5.75;9.5;3.15;1.8;1.32;1.13;1.85;1.87;0;0;0;0;1.13;1.25;2.12;2.2;2.2;5;2.02;2.55;4.8;0;0;0;0;2.38;0;0;0;0;0;0;0;0;0;0;1.44;8.75;3.25;0;0;1.34;2.85;7.5;15;2.9;1.36;1.07;1.02;1.25;2.1;4.33;13;3.6;1.65;1.18;1.02;0;0;0;0;5;1;1;1;2;3;2;2021-09-26 18:00:00;2246;0;83;39;9;0;1;1;3;1;3;5;4;8;3;0;0;0;3;0;1;33;29;60;59;1.75;1.78;3.53;0;0;0;0;0;0;1;1;0;0;0;0;0;0;-1;-1;-1;-1;-1;-1;-1;-1;-1;25;34;67;83;100;50;75;83;33;12.17;0;4.67;3.17;Recoleta;General Velásquez;2.55;1.18;3;0.83;2.15;1;75;67;34;17;0;71;71;46;1.91;1.79;3.7;5879;22;Y;Y;Y;Y;Y;N;Y
1264248;2235;2242;2021;complete;68433;14;-1;28,46,51;67;3;1;4;1;4;5;-1;-1;-1;-1;-1;-1;10;9;7;5;17;14;-1;-1;45;55;-1;-1;1.36;4.2;8;0;0;1.85;0;0;0;0;1.85;0;0;0;0;0;0;0;0;0;0;0;1.95;2.3;6;0;0;0;0;0;0;0;2.2;0;0;0;0;0;0;0;0;0;0;1.3;0;4;0;0;0;0;0;0;0;0;0;0;0;0;0;0;0;0;0;0;0;0;0;0;4;1;0;2;1;3;1;2021-09-26 18:00:00;2235;0;25;0;17;0;1;-1;0;2;1;2;2;3;-1;-1;-1;-1;-1;-1;1;59;82;132;142;2.21;2.11;4.32;-1;-1;-1;-1;-1;-1;-1;1;0;0;0;0;-1;-1;-1;-1;-1;-1;-1;-1;-1;-1;-1;25;34;50;67;84;34;58;75;67;10.1;0;4.33;2.58;Deportes Limache;Colina;1.82;0.55;2.5;0.83;1.92;0.69;75;67;50;34;17;64;45;37;1.93;1.51;3.44;5879;22;Y;Y;Y;Y;N;N;Y
1264250;2246;2206;2021;complete;68433;15;-1;51,58;31;2;1;3;3;1;4;-1;-1;-1;-1;-1;-1;4;3;6;5;10;8;-1;-1;52;48;-1;-1;2.49;3.28;2.63;1.06;1.3;2;3.3;6.5;8;3.2;1.81;1.29;1.1;1.8;1.96;0;0;0;0;1.42;1.29;1.5;3;2.1;3.25;2.8;2.25;3.1;0;0;0;0;2.2;0;0;0;0;0;0;0;0;0;0;1.83;9;2.2;0;0;1.36;3;6;15;2.9;1.36;1.08;1.02;1.29;2.2;4.5;10;3.5;1.62;1.17;1.04;0;0;0;0;3;0;1;2;0;2;1;2021-10-02 19:00:00;2246;0;36;14;29;0;1;-1;1;1;2;0;2;2;-1;-1;-1;-1;-1;-1;1;35;35;63;67;1.16;0.97;2.14;-1;-1;-1;-1;-1;-1;-1;1;0;0;0;0;-1;-1;-1;-1;-1;-1;-1;-1;-1;-1;-1;7;14;36;57;93;14;50;64;50;8.29;0;6.17;2.22;General Velásquez;Deportes Valdivia;1.64;0.55;1.14;0.57;1.14;1.5;93;86;65;43;7;79;57;50;1.66;1.29;2.95;5879;22;Y;Y;Y;N;N;N;Y
1264251;2242;2225;2021;complete;68433;15;-1;69;30,83;1;2;3;6;6;12;-1;-1;-1;-1;-1;-1;4;5;11;8;15;13;-1;-1;61;39;-1;-1;4.2;3.6;1.7;0;0;1.8;0;0;0;0;2;0;0;0;0;0;0;0;0;0;0;0;4.33;2.3;2.3;0;0;0;0;0;0;0;0;0;0;0;0;0;0;0;0;0;0;2.88;0;1.5;0;0;0;0;0;0;0;0;0;0;0;0;0;0;0;0;0;0;0;0;0;0;3;0;1;1;1;2;1;2021-10-03 19:00:00;2225;0;29;14;15;0;1;-1;1;4;5;2;5;7;-1;-1;-1;-1;-1;-1;1;84;71;104;96;1.83;1.68;3.51;-1;-1;-1;-1;-1;-1;-1;1;0;0;0;0;-1;-1;-1;-1;-1;-1;-1;-1;-1;-1;-1;14;14;36;50;86;22;57;65;29;9.69;0;5;2;Colina;Recoleta;1.18;1.82;0.57;1.43;0.64;2;86;86;64;50;14;66;49;49;1.43;1.38;2.81;5879;22;Y;Y;Y;N;N;N;Y
1264252;689406;2219;2021;complete;68433;15;-1;;50,64;0;2;2;7;6;13;-1;-1;-1;-1;-1;-1;6;10;9;12;15;22;-1;-1;54;46;-1;-1;1.75;3.25;1.97;1.03;1.25;1.95;3;5.7;10;3.5;1.85;1.34;1.1;1.64;2.15;0;0;0;0;1.4;1.28;1.5;3;2.2;3.2;2.75;2.5;3.05;0;0;1.29;1.54;1.94;2.6;3.55;3.35;2.35;1.79;1.45;1.26;0;0;0;1.83;9;2.1;0;0;1.32;2.75;7.5;15;3.05;1.38;1.08;1.02;1.2;2;4.1;12;4;1.72;1.19;1.02;0;0;0;0;2;0;0;0;2;2;0;2021-10-04 18:00:00;2219;0;67;20;37;0;1;-1;2;2;5;4;4;9;-1;-1;-1;-1;-1;-1;1;42;39;78;68;1.67;2.36;4.02;-1;-1;-1;-1;-1;-1;-1;1;0;0;0;1;-1;-1;-1;-1;-1;-1;-1;-1;-1;-1;-1;17;34;59;75;92;17;67;84;42;8.4;0;5;2.75;Rodelindo Román;Independiente;1.27;1.27;1.67;1.67;1.43;1.79;84;67;42;25;9;40;30;10;1.97;1.47;3.44;5879;22;Y;Y;N;N;N;N;N
1264253;2218;2235;2021;complete;68433;15;-1;73;26,90;1;2;3;6;2;8;-1;-1;-1;-1;-1;-1;9;10;11;5;20;15;-1;-1;58;42;-1;-1;3.2;3.2;1.95;1.06;1.29;1.86;3;6;8;3.3;1.86;1.33;1.12;1.68;2.07;0;0;0;0;1.68;1.28;1.27;3.75;2.2;2.63;3.6;2.48;2.43;0;0;0;0;2.38;0;0;0;0;0;0;0;0;0;0;2.5;9;1.67;0;0;1.33;2.8;7.5;15;3;1.37;1.07;1.02;1.3;2.2;4.5;10;3.4;1.62;1.17;1.04;0;0;0;0;3;0;1;1;1;2;1;2021-10-02 22:00:00;2235;0;57;0;50;0;1;-1;3;1;3;1;4;4;-1;-1;-1;-1;-1;-1;1;43;42;66;72;2.19;1.95;4.14;-1;-1;-1;-1;-1;-1;-1;1;0;0;0;0;-1;-1;-1;-1;-1;-1;-1;-1;-1;-1;-1;0;7;36;79;93;0;43;86;64;11.57;0;3.5;2.15;Colchagua;Deportes Limache;0.73;1.36;0.57;1.43;0.93;2;100;93;64;22;7;64;43;29;1.5;1.64;3.14;5879;22;Y;Y;Y;N;N;N;Y
1264255;2223;2204;2021;complete;68433;15;-1;43,74,90;75,90,90;3;3;6;5;5;10;-1;-1;-1;-1;-1;-1;4;4;1;1;5;5;-1;-1;42;58;-1;-1;1.78;3.2;1.93;1.07;1.35;2.05;3.25;6;7.5;3;1.75;1.31;1.1;1.8;1.96;0;0;0;0;1.36;1.26;1.4;3.1;2.1;3.2;2.9;2.25;3.05;0;0;0;0;0;0;0;0;0;0;0;0;0;0;0;1.91;8;2.1;0;0;1.37;2.75;6.5;15;2.8;1.4;1.08;1.02;1.3;2.2;0;10;3.4;1.62;1.17;1.04;0;0;0;0;6;1;0;2;3;5;1;2021-10-03 19:30:00;-1;0;58;29;22;0;1;-1;3;2;2;3;5;5;-1;-1;-1;-1;-1;-1;1;38;48;86;107;0.88;0.96;1.84;-1;-1;-1;-1;-1;-1;-1;1;0;0;1;0;-1;-1;-1;-1;-1;-1;-1;-1;-1;-1;-1;22;29;50;86;93;36;71;72;50;8.07;0;4.93;2.79;San Antonio Unido;Iberia;1.64;2.18;1.57;2.71;1.36;1.86;79;71;50;15;7;47;38;38;1.65;1.56;3.21;5879;22;Y;Y;Y;Y;Y;Y;Y
1264256;2213;2218;2021;complete;68433;16;-1;12,35,61;25;3;1;4;3;13;16;-1;-1;4;2;0;0;6;6;6;10;12;16;-1;-1;41;59;4;2;2.3;3.2;2.8;0;0;2.35;0;0;0;0;1.57;0;0;0;0;0;0;0;0;0;0;0;3.1;2;3.5;0;0;0;0;0;0;0;0;0;0;0;0;0;0;0;0;0;0;1.83;0;2.3;0;0;0;0;0;0;0;0;0;0;0;0;0;0;0;0;0;0;0;0;0;0;4;2;1;1;0;1;3;2021-10-11 19:00:00;2213;0;36;14;22;0;1;1;2;5;1;8;7;9;2;1;2;1;3;3;1;55;83;82;106;1.57;2.02;3.6;0;0;0;0;0;0;1;1;0;0;2;1;0;0;-1;-1;-1;-1;-1;-1;-1;-1;-1;0;14;29;57;93;22;72;64;36;11.6;0;5.75;1.93;Concepción;Colchagua;1.09;0.91;1;1.29;0.93;0.87;100;86;72;43;7;80;64;27;1.4;1.36;2.76;5879;22;Y;Y;Y;Y;N;N;Y
1264257;2219;2242;2021;complete;68433;16;-1;85,90;;2;0;2;2;4;6;-1;-1;-1;-1;-1;-1;7;6;4;7;11;13;-1;-1;56;44;-1;-1;1.57;3.5;5;0;0;1.95;0;0;0;0;1.85;0;0;0;0;0;0;0;0;0;0;0;2.2;2.25;5;0;0;0;0;0;0;0;0;0;0;0;0;0;0;0;0;0;0;1.44;0;3.2;0;0;0;0;0;0;0;0;0;0;0;0;0;0;0;0;0;0;0;0;0;0;2;0;0;2;0;2;0;2021-10-10 21:00:00;2219;0;34;0;14;0;1;-1;2;1;0;3;3;3;-1;-1;-1;-1;-1;-1;1;56;47;124;92;1.6;1.58;3.18;-1;-1;-1;-1;-1;-1;-1;1;0;0;0;0;-1;-1;-1;-1;-1;-1;-1;-1;-1;-1;-1;20;34;53;66;86;26;59;86;54;10.19;0;3.53;2.57;Independiente;Colina;1.64;0.55;1.88;0.71;1.87;0.6;81;67;48;34;15;61;38;31;1.61;1.61;3.22;5879;22;Y;Y;N;N;N;N;N
1264258;2225;689406;2021;complete;68433;16;-1;78,86;82;2;1;3;9;5;14;-1;-1;-1;-1;-1;-1;9;5;8;7;17;12;-1;-1;51;49;-1;-1;1.4;3.4;2.7;1.02;1.2;1.8;2.7;4.7;9;4;2;1.4;1.15;1.65;2.14;0;0;0;0;1.23;1.26;1.8;2.4;2.25;3.75;2.28;2.55;3.8;0;0;0;0;1.95;0;0;0;0;1.85;0;0;0;0;0;1.57;12.5;2.63;0;0;1.3;2.65;7;15;3.15;1.41;1.08;1.02;1.22;1.95;3.8;8;3.8;1.75;1.22;1.05;0;0;0;0;3;0;0;2;1;3;0;2021-10-09 19:00:00;2225;0;62;40;21;0;1;-1;7;2;2;3;9;5;-1;-1;-1;-1;-1;-1;1;27;36;64;62;1.89;1.36;3.26;-1;-1;-1;-1;-1;-1;-1;1;0;0;0;0;-1;-1;-1;-1;-1;-1;-1;-1;-1;-1;-1;48;48;75;75;94;61;73;81;47;11.71;0;5.5;3.57;Recoleta;Rodelindo Román;2.55;1.18;2.57;1.25;2.07;1.33;53;53;26;26;7;64;57;57;1.89;1.3;3.19;5879;22;Y;Y;Y;N;N;N;Y
1264259;2204;2246;2021;complete;68433;16;-1;14,16,71;3;3;1;4;-1;-1;-1;-1;-1;2;1;0;0;-1;-1;-1;-1;-1;-1;-1;-1;-1;-1;2;1;0;0;0;0;0;0;0;0;0;0;0;0;0;0;0;0;0;0;0;0;0;0;0;0;0;0;0;0;0;0;0;0;0;0;0;0;0;0;0;0;0;0;0;0;0;0;0;0;0;0;0;0;0;0;0;0;0;0;0;0;0;0;0;0;0;0;0;0;4;2;1;1;0;1;3;2021-10-09 18:30:00;2204;0;65;22;36;0;-1;1;-1;-1;-1;-1;-1;-1;2;0;0;1;2;1;-1;0;0;0;0;0;0;0;0;0;0;0;0;0;1;1;0;1;-1;-1;0;0;-1;-1;-1;-1;-1;-1;-1;-1;-1;14;22;57;72;93;29;86;72;50;11.2;0;4;2.65;Iberia;General Velásquez;1.45;1.18;1;1.14;1.8;1.27;86;79;43;29;7;60;50;30;1.69;1.79;3.48;5879;22;Y;Y;Y;Y;N;N;Y
1264261;2206;2223;2021;complete;68433;16;-1;35,68;86;2;1;3;6;7;13;-1;-1;-1;-1;-1;-1;6;7;4;5;10;12;-1;-1;48;52;-1;-1;1.65;3.4;2.1;1.02;1.2;1.75;2.6;5;11;4.1;2.05;1.43;1.13;1.66;2.17;0;0;0;0;1.5;1.29;1.44;2.88;2.25;3.2;2.62;2.6;3.15;0;0;0;0;0;0;0;0;0;0;0;0;0;0;0;1.8;10;2.2;0;0;1.3;2.4;5.8;15;3.15;1.5;1.1;1.02;1.18;1.9;3.8;10;4.3;1.8;1.22;1.03;0;0;0;0;3;1;0;1;1;2;1;2021-11-18 15:30:00;2206;0;60;25;35;0;1;-1;4;1;2;6;5;8;-1;-1;-1;-1;-1;-1;1;53;76;102;109;1.44;1.8;3.24;-1;-1;-1;-1;-1;-1;-1;1;0;0;2;0;-1;-1;-1;-1;-1;-1;-1;-1;-1;-1;-1;10;30;55;75;95;35;75;85;40;8.82;0;4;2.65;Deportes Valdivia;San Antonio Unido;2.18;1.09;2.1;1.2;1.3;1.35;90;70;45;25;5;75;75;45;1.51;1.26;2.77;5879;22;Y;Y;Y;N;N;N;Y
1264262;689406;2213;2021;complete;68433;17;-1;81;51;1;1;2;16;7;23;-1;-1;0;2;0;0;7;2;11;1;18;3;-1;-1;63;37;0;2;1.8;3.45;3.45;0;0;1.81;0;0;0;0;1.91;0;0;0;0;0;0;0;0;0;0;0;2.4;2.25;4;0;0;0;0;0;0;0;0;0;0;0;0;0;0;0;0;0;0;1.57;0;2.63;0;0;0;0;0;0;0;0;0;0;0;0;0;0;0;0;0;0;0;0;0;0;2;0;0;1;1;2;0;2021-10-16 20:00:00;-1;0;54;19;27;0;1;1;9;4;7;3;13;10;0;2;0;0;2;0;1;96;47;104;91;2.31;0.68;2.99;0;0;0;0;0;0;1;1;0;0;1;0;0;0;-1;-1;-1;-1;-1;-1;-1;-1;-1;7;13;53;75;100;25;80;88;41;10.13;0;6;2.52;Rodelindo Román;Concepción;1.27;1;1.43;0.88;1.25;1.06;94;88;48;26;0;59;59;42;1.92;1.36;3.28;5879;22;Y;Y;N;N;N;N;Y
1264263;2218;2204;2021;complete;68433;17;-1;;64,77;0;2;2;5;3;8;-1;-1;2;2;0;0;3;9;10;10;13;19;-1;-1;46;54;2;2;3.55;3.55;1.75;0;0;1.76;0;0;0;0;1.97;0;0;0;0;0;0;0;0;0;0;0;4;2.25;2.38;0;0;0;0;0;0;0;0;0;0;0;0;0;0;0;0;0;0;2.75;0;1.53;0;0;0;0;0;0;0;0;0;0;0;0;0;0;0;0;0;0;0;0;0;0;3;0;0;1;2;3;0;2021-10-16 22:00:00;2204;0;51;7;38;0;1;1;2;1;3;2;3;5;1;0;1;2;1;3;1;27;43;60;69;1.22;2.13;3.35;0;0;0;0;0;0;1;1;0;0;0;0;0;0;-1;-1;-1;-1;-1;-1;-1;-1;-1;19;26;44;75;94;13;57;76;57;9.76;0;3.33;2.63;Colchagua;Iberia;0.73;2.18;0.5;2.5;0.81;1.88;82;76;57;25;7;50;38;26;1.59;1.49;3.08;5879;22;Y;Y;Y;N;N;N;Y
1264264;2242;2223;2021;complete;68433;17;-1;90;;1;0;1;8;6;14;-1;-1;-1;-1;-1;-1;5;5;6;5;11;10;-1;-1;55;45;-1;-1;2.4;3.3;1.5;1.07;1.29;1.9;3.2;5.75;8.75;3.3;1.9;1.3;1.13;1.73;2;0;0;0;0;1.73;1.3;1.33;3.6;2.2;2.63;3.5;2.5;2.4;0;0;0;0;0;0;0;0;0;0;0;0;0;0;0;2.4;9;1.67;0;0;1.4;2.8;6.5;15;2.7;1.38;1.08;1.02;1.25;2.1;4;10;3.6;1.67;1.2;1.04;0;0;0;0;1;0;0;1;0;1;0;2021-10-19 20:00:00;2242;0;62;14;35;0;1;-1;3;3;5;3;6;8;-1;-1;-1;-1;-1;-1;1;68;56;89;90;1.53;1.39;2.92;-1;-1;-1;-1;-1;-1;-1;1;0;0;1;0;-1;-1;-1;-1;-1;-1;-1;-1;-1;-1;-1;14;21;48;75;94;27;66;75;41;9.05;0;5.33;2.5;Colina;San Antonio Unido;1.18;1.09;0.5;1.14;0.56;1.33;87;80;53;26;7;79;73;48;1.48;1.19;2.67;5879;22;Y;N;N;N;N;N;N
1264265;2225;2206;2021;complete;68433;17;-1;51,68;;2;0;2;7;4;11;-1;-1;1;2;0;0;6;4;8;3;14;7;-1;-1;60;40;1;2;1.7;3.75;4;0;0;1.85;0;0;0;0;1.95;0;0;0;0;0;0;0;0;0;0;0;2.3;2.25;4.33;0;0;0;0;0;0;0;2.1;0;0;0;0;0;0;0;0;0;0;1.5;0;2.88;0;0;0;0;0;0;0;0;0;0;0;0;0;0;0;0;0;0;0;0;0;0;2;0;0;2;0;2;0;2021-10-16 15:30:00;2225;0;69;35;27;0;1;1;3;2;4;2;5;6;1;1;0;1;2;1;1;35;29;76;52;1.56;0.93;2.49;0;0;0;0;0;0;1;1;0;0;1;0;0;0;-1;-1;-1;-1;-1;-1;-1;-1;-1;25;32;76;82;100;38;69;76;57;10.38;0;6;3.19;Recoleta;Deportes Valdivia;2.55;0.55;2.63;0.5;2.13;1.4;75;69;26;19;0;75;57;57;1.89;1.25;3.14;5879;22;Y;Y;N;N;N;N;N
1264267;2235;2246;2021;complete;68433;17;-1;30;26,50;1;2;3;5;4;9;-1;-1;4;2;0;0;6;10;16;10;22;20;-1;-1;53;47;4;2;1.45;4;4.8;0;0;1.66;0;0;0;0;2.12;0;0;0;0;0;0;0;0;0;0;0;1.95;2.4;5.5;0;0;0;0;0;0;0;0;0;0;0;0;0;0;0;0;0;0;1.33;0;3.5;0;0;0;0;0;0;0;0;0;0;0;0;0;0;0;0;0;0;0;0;0;0;4;1;1;0;2;2;2;2021-10-16 20:00:00;2246;0;63;19;32;0;1;1;0;3;5;1;3;6;0;0;4;2;0;6;1;101;70;160;142;2.54;2.47;5.01;0;0;0;0;0;0;1;1;0;0;0;1;0;0;-1;-1;-1;-1;-1;-1;-1;-1;-1;19;44;63;82;100;44;82;88;57;9.73;0;3.8;3.07;Deportes Limache;General Velásquez;1.82;1.18;2.25;1;1.94;1.19;82;57;38;19;0;65;59;33;1.95;1.79;3.74;5879;22;Y;Y;Y;Y;N;N;Y
1264268;2223;2218;2021;complete;68433;18;-1;13,52;58;2;1;3;2;11;13;-1;-1;-1;-1;-1;-1;6;8;3;7;9;15;-1;-1;45;55;-1;-1;1.29;3.6;3.35;1.05;1.24;1.8;2.8;5;9;3.75;2;1.39;1.14;1.8;1.96;0;0;0;0;1.23;1.25;1.95;2.2;2.3;4.5;2.02;2.75;4.28;0;0;0;0;0;0;0;0;0;0;0;0;0;0;0;1.44;13;3;0;0;1.4;2.62;6;13;2.75;1.44;1.11;1.02;1.25;2;4.33;9;3.75;1.73;1.2;1.05;0;0;0;0;3;1;0;1;1;2;1;2021-10-25 20:00:00;2223;0;63;32;32;0;1;-1;2;3;0;8;5;8;-1;-1;-1;-1;-1;-1;1;50;93;95;95;1.36;2.17;3.53;-1;-1;-1;-1;-1;-1;-1;1;0;0;0;0;-1;-1;-1;-1;-1;-1;-1;-1;-1;-1;-1;13;32;63;88;100;38;82;82;57;11.57;0;6.6;3;San Antonio Unido;Colchagua;1.64;0.91;1.5;1.13;1.25;0.76;88;69;38;13;0;79;57;36;1.54;1.46;3;5879;22;Y;Y;Y;N;N;N;Y
1264269;689406;2235;2021;complete;68433;18;-1;;;0;0;0;5;9;14;-1;-1;-1;-1;-1;-1;3;2;9;16;12;18;-1;-1;47;53;-1;-1;2.94;3.36;2.26;1.02;1.27;1.93;3.05;5.5;9.25;3.35;1.88;1.31;1.1;1.68;2.05;0;0;0;0;1.44;1.23;1.35;3.25;2.2;2.88;3.1;2.3;2.7;0;0;0;0;0;0;0;0;0;0;0;0;0;0;0;2.25;9.25;1.8;0;0;1.33;2.8;7.5;15;3;1.37;1.07;1.02;0;0;0;0;0;0;0;0;0;0;0;0;0;0;0;0;0;0;0;2021-10-23 20:00:00;-1;0;63;0;44;0;1;-1;3;1;2;8;4;10;-1;-1;-1;-1;-1;-1;1;80;104;130;122;1.55;2.02;3.57;0;0;0;0;0;0;1;1;0;0;0;0;-1;-1;-1;-1;-1;-1;-1;-1;-1;-1;-1;0;0;38;88;94;0;63;94;63;13.43;0;3.83;2.19;Rodelindo Román;Deportes Limache;1.27;1.36;1.38;1.63;1.24;1.82;100;100;63;13;7;67;61;41;1.97;1.68;3.65;5879;22;N;N;N;N;N;N;N
1264270;2204;2219;2021;complete;68433;18;-1;90;;1;0;1;-1;-1;-1;-1;-1;-1;-1;-1;-1;-1;-1;-1;-1;-1;-1;-1;-1;-1;-1;-1;-1;0;0;0;0;0;0;0;0;0;0;0;0;0;0;0;0;0;0;0;0;0;0;0;0;0;0;0;0;0;0;0;0;0;0;0;0;0;0;0;0;0;0;0;0;0;0;0;0;0;0;0;0;0;0;0;0;0;0;0;0;0;0;0;0;0;0;0;0;1;0;0;1;0;1;0;2021-10-24 19:30:00;2204;0;50;27;34;0;-1;-1;-1;-1;-1;-1;-1;-1;-1;-1;-1;-1;-1;-1;-1;0;0;0;0;0;0;0;-1;-1;-1;-1;-1;-1;-1;1;0;0;-1;-1;-1;-1;-1;-1;-1;-1;-1;-1;-1;-1;-1;19;38;57;69;88;32;69;63;44;8.89;0;4;2.76;Iberia;Independiente;1.45;1.27;1.25;1.63;1.94;1.82;82;63;44;32;13;35;17;17;1.69;1.56;3.25;5879;22;Y;N;N;N;N;N;N
1264271;2246;2242;2021;complete;68433;18;-1;13,40,69;35,76;3;2;5;4;9;13;-1;-1;3;1;0;0;7;5;7;9;14;14;-1;-1;37;63;3;1;1.53;3.9;4.8;1.01;1.23;1.75;3;6.5;10.5;3.6;1.95;1.36;1.1;1.8;1.9;0;0;0;0;1.13;1.19;2.02;2.3;2.3;4;1.91;2.5;5;0;0;0;0;0;0;0;0;0;0;0;0;0;0;0;1.53;10.5;2.75;0;0;1.36;2.64;6.6;15;2.73;1.39;1.08;1.02;1.21;2.05;4.3;9;3.9;1.68;1.18;1.05;0;0;0;0;5;2;1;1;1;2;3;2021-10-24 19:00:00;2246;0;32;7;19;0;1;1;3;3;1;6;6;7;0;1;3;0;1;3;1;27;42;57;76;1.56;1.53;3.1;0;0;0;0;0;0;1;1;0;0;0;0;0;0;-1;-1;-1;-1;-1;-1;-1;-1;-1;13;19;32;57;82;13;38;75;57;9.39;0;5;2.13;General Velásquez;Colina;1.64;0.55;1.38;0.63;1.29;0.71;88;82;69;44;19;53;46;40;1.59;1.61;3.2;5879;22;Y;Y;Y;Y;Y;N;Y
1264272;2213;2225;2021;complete;68433;18;-1;;34;0;1;1;9;9;18;-1;-1;-1;-1;-1;-1;4;5;6;4;10;9;-1;-1;55;45;-1;-1;4;3.9;1.75;1.05;1.25;1.78;2.85;5.5;9;3.65;1.95;1.38;1.14;1.73;2.06;0;0;0;0;1.71;1.21;1.21;4;2.25;2.38;3.75;2.4;2.25;0;0;0;0;0;0;0;0;0;0;0;0;0;0;0;2.63;13;1.53;0;0;1.36;2.62;6;13;3;1.44;1.11;1.02;1.25;2;4;9;3.75;1.73;1.22;1.05;0;0;0;0;1;0;1;0;0;0;1;2021-10-24 19:00:00;2225;0;44;19;32;0;1;-1;1;5;8;4;6;12;-1;-1;-1;-1;-1;-1;1;69;45;106;90;1.41;1.25;2.66;-1;-1;-1;-1;-1;-1;-1;1;0;0;0;2;-1;-1;-1;-1;-1;-1;-1;-1;-1;-1;-1;7;19;38;50;88;19;57;76;38;9;0;5.6;2.01;Concepción;Recoleta;1.09;1.82;1.25;1.63;1.06;2.18;94;82;63;50;13;67;59;42;1.43;1.43;2.86;5879;22;Y;N;N;N;N;N;N
1264274;2242;2213;2021;complete;68433;19;-1;62,70;;2;0;2;2;3;5;-1;-1;1;2;0;0;7;6;4;7;11;13;-1;-1;56;44;1;2;2.5;3.2;2.5;0;0;2.1;0;0;0;0;1.7;0;0;0;0;0;0;0;0;0;0;0;3.2;2.1;3.2;0;0;0;0;0;0;0;0;0;0;0;0;0;0;0;0;0;0;2;0;2;0;0;0;0;0;0;0;0;0;0;0;0;0;0;0;0;0;0;0;0;0;0;2;0;0;2;0;2;0;2021-10-31 20:00:00;2242;0;45;22;22;0;1;1;1;0;1;3;1;4;0;0;1;2;0;3;1;78;70;116;112;1.75;1.75;3.5;0;0;0;0;0;0;1;1;0;0;0;0;0;0;-1;-1;-1;-1;-1;-1;-1;-1;-1;11;17;45;62;95;33;73;67;28;10.11;0;4.4;2.34;Colina;Concepción;1.18;1;0.78;0.89;0.67;1;89;84;56;39;6;67;62;62;1.49;1.28;2.77;5879;22;Y;Y;N;N;N;N;N
1264275;2225;2204;2021;complete;68433;19;-1;22;68;1;1;2;5;4;9;-1;-1;-1;-1;-1;-1;4;3;3;8;7;11;-1;-1;43;57;-1;-1;2.05;3.25;3.1;0;0;2;0;0;0;0;1.8;0;0;1.8;1.97;0;0;0;0;0;0;0;2.75;2.1;3.6;2.7;2.25;3.5;0;0;0;0;0;0;0;0;0;0;0;0;0;0;0;1.73;0;2.4;0;0;0;0;0;0;0;0;0;0;0;0;0;0;0;0;0;0;0;0;0;0;2;1;0;0;1;1;1;2021-10-30 15:30:00;-1;0;61;31;24;0;1;-1;3;1;2;3;4;5;-1;-1;-1;-1;-1;-1;1;54;83;76;102;1.11;1.5;2.62;-1;-1;-1;-1;-1;-1;-1;1;0;0;0;0;-1;-1;-1;-1;-1;-1;-1;-1;-1;-1;-1;39;39;61;84;95;39;62;78;50;11.33;0;3.5;3.28;Recoleta;Iberia;2.55;2.18;2.67;2.56;2.22;2;62;62;39;17;6;61;61;56;1.85;1.56;3.41;5879;22;Y;Y;N;N;N;N;Y
1264276;2219;2223;2021;complete;68433;19;-1;60;19;1;1;2;7;3;10;-1;-1;5;4;0;1;10;8;9;5;19;13;-1;-1;62;38;5;6;2.25;3.25;2.75;0;0;1.75;0;0;0;0;2.05;0;0;0;0;0;0;0;0;0;0;0;2.75;2.3;3.25;0;0;0;0;0;0;0;0;0;0;0;0;0;0;0;0;0;0;1.73;0;2.2;0;0;0;0;0;0;0;0;0;0;0;0;0;0;0;0;0;0;0;0;0;0;3;0;1;1;1;2;1;2021-10-31 20:00:00;2223;0;54;7;31;0;1;1;4;1;3;2;5;5;1;1;4;4;2;8;1;40;25;82;59;2.18;1.56;3.74;0;0;0;0;0;0;1;1;0;0;1;0;1;0;-1;-1;-1;-1;-1;-1;-1;-1;-1;18;29;53;77;100;29;59;100;53;8.5;0;4.53;2.76;Independiente;San Antonio Unido;1.64;1.09;2;1;1.72;1.35;83;71;47;24;0;75;62;34;1.61;1.22;2.83;5879;22;Y;Y;Y;N;N;N;Y
1264277;2235;2206;2021;complete;68433;19;-1;35;20;1;1;2;11;3;14;-1;-1;1;5;0;1;6;3;11;0;17;3;-1;-1;63;37;1;7;1.7;3.5;4.33;0;0;1.85;0;0;0;0;1.95;0;0;0;0;0;0;0;0;0;0;0;2.3;2.25;4.33;0;0;0;0;0;0;0;2.2;0;0;0;0;0;0;0;0;0;0;1.57;0;2.75;0;0;0;0;0;0;0;0;0;0;0;0;0;0;0;0;0;0;0;0;0;0;2;1;1;0;0;0;2;2021-11-01 20:00:00;-1;0;44;11;28;0;1;1;5;2;6;1;7;7;1;3;0;3;4;3;1;127;44;166;107;2.41;0.74;3.15;0;0;0;0;0;0;1;1;0;0;1;0;0;0;-1;-1;-1;-1;-1;-1;-1;-1;-1;11;34;62;78;100;28;73;78;73;7.78;0;5.67;2.83;Deportes Limache;Deportes Valdivia;1.82;0.55;2;0.44;1.78;1.24;89;67;39;22;0;67;39;33;2.02;1.21;3.23;5879;22;Y;Y;N;N;N;N;Y
1264278;2218;689406;2021;complete;68433;19;-1;7,71;;2;0;2;3;4;7;-1;-1;1;2;0;0;6;7;4;7;10;14;-1;-1;55;45;1;2;2.7;3.25;2.3;0;0;1.98;0;0;0;0;1.83;0;0;0;0;0;0;0;0;0;0;0;3.25;2.2;2.88;0;0;0;0;0;0;0;0;0;0;0;0;0;0;0;0;0;0;2.2;0;1.8;0;0;0;0;0;0;0;0;0;0;0;0;0;0;0;0;0;0;0;0;0;0;2;1;0;1;0;1;1;2021-10-31 15:00:00;2218;0;56;6;50;0;1;1;2;1;1;3;3;4;0;1;1;1;1;2;1;66;61;86;82;1.53;1.81;3.34;0;0;0;0;0;0;1;1;1;0;0;1;0;0;-1;-1;-1;-1;-1;-1;-1;-1;-1;17;22;62;73;95;22;50;84;67;10.24;0;5;2.78;Colchagua;Rodelindo Román;0.73;1.18;0.44;1.11;0.72;1.22;84;78;39;28;6;54;36;31;1.55;1.31;2.86;5879;22;Y;Y;N;N;N;N;N
1264279;2223;2225;2021;complete;68433;20;-1;48;29,55;1;2;3;2;7;9;-1;-1;-1;-1;-1;-1;2;3;6;3;8;6;-1;-1;58;42;-1;-1;3.1;3.1;2.04;1.04;1.18;1.64;2.55;4.5;10;4.2;2.15;1.45;1.16;1.52;2.35;0;0;0;0;1.65;1.24;1.32;3.25;2.38;2.6;3.16;2.8;2.39;0;0;0;0;0;0;0;0;0;0;0;0;0;0;0;2.3;12;1.67;0;0;1.28;2.32;5.3;13;3.3;1.54;1.12;1.02;1.16;1.82;3.5;7.5;4.6;1.88;1.25;1.07;0;0;0;0;3;0;1;1;1;2;1;2021-11-08 21:00:00;2225;0;61;22;45;0;1;-1;0;4;2;3;4;5;-1;-1;-1;-1;-1;-1;1;35;56;92;95;0.91;1;1.91;-1;-1;-1;-1;-1;-1;-1;1;0;0;0;1;-1;-1;-1;-1;-1;-1;-1;-1;-1;-1;-1;17;22;61;72;95;22;67;84;61;8.79;0;6.6;2.72;San Antonio Unido;Recoleta;1.64;1.82;1.67;1.78;1.44;2.16;84;78;39;28;6;67;54;48;1.52;1.4;2.92;5879;22;Y;Y;Y;N;N;N;Y
1264280;2213;2235;2021;complete;68433;20;-1;41;72;1;1;2;4;3;7;-1;-1;2;1;0;1;7;5;10;6;17;11;-1;-1;57;43;2;3;1.64;3.4;2.1;1.04;1.3;2.15;3.5;6.5;9;3.2;1.67;1.25;1.08;1.91;1.85;0;0;0;0;1.68;1.25;1.3;2.88;2.05;3.5;2.42;2.25;3.7;0;0;0;0;2.2;0;0;0;0;1.95;0;0;0;0;0;1.73;10;2.4;0;0;1.34;2.95;8;0;2.95;1.34;1.06;0;1.22;2.1;5;14;3.74;1.57;1.12;1.02;0;0;0;0;2;1;0;0;1;1;1;2021-11-23 22:00:00;-1;0;47;11;31;0;1;1;2;2;2;1;4;3;2;2;0;0;4;0;1;77;67;98;96;2.11;1.53;3.64;0;0;0;0;0;0;1;1;0;0;1;0;0;0;-1;-1;-1;-1;-1;-1;-1;-1;-1;0;11;26;62;85;11;59;68;41;11;0;4.1;1.84;Concepción;Deportes Limache;1.09;1.36;1.11;1.4;1.05;1.65;100;89;74;38;16;66;61;42;1.43;1.66;3.09;5879;22;Y;Y;N;N;N;N;Y
1264282;689406;2242;2021;complete;68433;20;-1;;;0;0;0;5;3;8;-1;-1;-1;-1;-1;-1;3;2;5;0;8;2;-1;-1;54;46;-1;-1;2;3.2;3.5;0;0;2.2;0;0;0;0;1.65;0;0;0;0;0;0;0;0;0;0;0;2.63;2.05;4;0;0;0;0;0;0;0;0;0;0;0;0;0;0;0;0;0;0;1.67;0;2.63;0;0;0;0;0;0;0;0;0;0;0;0;0;0;0;0;0;0;0;0;0;0;0;0;0;0;0;0;0;2021-11-06 21:00:00;-1;0;45;6;28;0;1;-1;2;2;3;1;4;4;-1;-1;-1;-1;-1;-1;1;63;39;88;74;1.17;0.56;1.73;0;0;0;0;0;0;1;1;0;0;1;0;-1;-1;-1;-1;-1;-1;-1;-1;-1;-1;-1;11;17;39;73;84;11;50;84;62;12.76;0;4.33;2.22;Rodelindo Román;Colina;1.27;0.55;1.33;0.56;1.16;0.79;89;84;62;28;17;63;57;44;1.92;1.6;3.52;5879;22;N;N;N;N;N;N;N
1264283;2206;2218;2021;complete;68433;20;-1;21,54;5,62;2;2;4;2;4;6;-1;-1;-1;-1;-1;-1;7;4;3;4;10;8;-1;-1;44;56;-1;-1;1.28;3.4;3.3;1.03;1.25;1.8;2.8;5;13;3.6;2;1.38;1.14;1.71;2;0;0;0;0;1.19;1.23;2.05;2.25;2.3;4.33;2.05;2.45;4.4;0;0;0;0;0;0;0;0;0;0;0;0;0;0;0;1.44;13;3;0;0;1.33;2.5;5.5;13;3;1.48;1.11;1.02;1.2;1.91;3.8;9;4;1.8;1.22;1.05;0;0;0;0;4;1;1;1;1;2;2;2021-11-07 15:00:00;-1;0;41;30;18;0;1;-1;0;1;2;3;1;5;-1;-1;-1;-1;-1;-1;1;67;65;109;114;1.61;1.27;2.88;-1;-1;-1;-1;-1;-1;-1;1;0;1;0;0;-1;-1;-1;-1;-1;-1;-1;-1;-1;-1;-1;7;30;60;71;94;42;89;71;35;14.05;0;3;2.6;Deportes Valdivia;Colchagua;2.18;0.91;2.13;1;1.22;0.84;94;71;41;30;7;90;78;65;1.52;1.55;3.07;5879;22;Y;Y;Y;Y;N;N;Y
1264284;2246;2219;2021;complete;68433;20;-1;2,21,88,90;37,85;4;2;6;0;4;4;-1;-1;-1;-1;-1;-1;13;7;9;3;22;10;-1;-1;42;58;-1;-1;1.74;3.4;1.95;1.03;1.25;1.8;2.8;5.25;12;3.6;2;1.38;1.14;1.6;2.2;0;0;0;0;1.41;1.29;1.5;2.88;2.25;3.1;2.7;2.5;3;0;0;1.29;1.54;1.94;2.6;3.55;3.35;2.35;1.79;1.45;1.26;0;0;0;1.8;12;2.1;0;0;1.36;2.62;5.75;13;2.9;1.42;1.1;1.02;1.2;1.91;3.6;8;4;1.8;1.25;1.06;0;0;0;0;6;2;1;2;1;3;3;2021-11-07 20:00:00;2246;0;44;24;29;0;1;-1;0;0;0;4;0;4;-1;-1;-1;-1;-1;-1;1;43;36;67;71;2.6;1.38;3.98;-1;-1;-1;-1;-1;-1;-1;1;1;0;0;0;-1;-1;-1;-1;-1;-1;-1;-1;-1;-1;-1;22;33;39;62;89;28;44;73;45;7.51;0;4.75;2.56;General Velásquez;Independiente;1.64;1.27;1.56;1.44;1.37;1.63;78;67;62;39;11;48;41;35;1.59;1.56;3.15;5879;22;Y;Y;Y;Y;Y;Y;Y
1264286;2242;2218;2021;complete;68433;21;-1;30,66,72,79;16;4;1;5;5;6;11;-1;-1;-1;-1;-1;-1;6;6;6;10;12;16;-1;-1;57;43;-1;-1;1.8;3.25;1.9;1.1;1.42;2.15;4.2;8;6.5;2.65;1.67;1.2;1.06;1.83;1.9;0;0;0;0;1.36;1.29;1.36;3.2;2.05;3.25;2.9;2.38;3.05;0;0;1.25;1.46;2.38;2.35;3.25;3.7;2.55;1.92;1.53;1.3;0;0;0;1.91;7.5;2.2;0;0;1.5;3.3;8;15;2.4;1.29;1.05;1.02;1.3;2.4;5.25;12;3.2;1.5;1.13;1.03;0;0;0;0;5;1;1;3;0;3;2;2021-11-17 21:00:00;2242;0;40;20;20;0;1;-1;1;1;4;5;2;9;-1;-1;-1;-1;-1;-1;1;81;66;121;106;1.77;1.91;3.67;-1;-1;-1;-1;-1;-1;-1;1;0;0;1;0;-1;-1;-1;-1;-1;-1;-1;-1;-1;-1;-1;5;20;45;70;95;30;75;70;40;13.08;0;4.67;2.35;Colina;Colchagua;1.18;0.91;1;1;0.8;0.85;95;80;55;30;5;80;64;52;1.51;1.52;3.03;5879;22;Y;Y;Y;Y;Y;N;Y
1264287;2219;2213;2021;complete;68433;21;-1;24,78;58,71,79;2;3;5;-1;-1;-1;-1;-1;2;2;0;0;-1;-1;-1;-1;-1;-1;-1;-1;-1;-1;2;2;2.2;3.4;2.75;0;1.31;2;3.4;0;0;3.2;1.8;1.27;0;1.78;1.93;0;0;0;0;1.37;1.29;1.57;2.88;2.1;3.4;2.62;2.5;3.17;0;0;0;0;0;0;0;0;0;0;0;0;0;0;0;1.8;0;2.3;0;0;1.38;2.75;7;0;2.8;1.39;1.06;0;1.24;2.14;4.6;0;3.6;1.63;1.16;0;0;0;0;0;5;1;0;1;3;4;1;2021-11-17 21:00:00;2213;0;45;15;25;0;-1;1;-1;-1;-1;-1;-1;-1;0;1;2;1;1;3;-1;0;0;0;0;0;0;0;2;1;2;1;0;0;1;1;0;0;-1;-1;0;0;-1;-1;-1;-1;-1;-1;-1;-1;-1;15;25;55;75;100;35;70;90;50;9.08;0;4.16;2.75;Independiente;Concepción;1.64;1;1.8;0.8;1.55;0.95;85;75;45;25;0;59;47;36;1.67;1.33;3;5879;22;Y;Y;Y;Y;Y;N;Y
1264288;2246;2223;2021;complete;68433;21;-1;19;60;1;1;2;2;6;8;-1;-1;-1;-1;-1;-1;2;4;13;4;15;8;-1;-1;47;53;-1;-1;1.54;3.3;2.3;1.06;1.3;2;3.25;6;8;3.25;1.8;1.3;1.11;1.77;1.93;0;0;0;0;1.31;1.29;1.64;2.63;2.1;3.75;2.5;2.4;3.5;0;0;0;0;0;0;0;0;0;0;0;0;0;0;0;1.67;9;2.5;0;0;1.4;2.8;6.5;15;2.7;1.38;1.08;1.02;1.25;2.2;4.5;10;3.6;1.62;1.17;1.04;0;0;0;0;2;1;0;0;1;1;1;2021-11-13 20:30:00;-1;0;64;21;48;0;1;-1;2;3;0;3;5;3;-1;-1;-1;-1;-1;-1;1;52;65;75;78;1.46;1.25;2.71;-1;-1;-1;-1;-1;-1;-1;1;0;0;1;1;-1;-1;-1;-1;-1;-1;-1;-1;-1;-1;-1;21;26;48;69;95;26;53;90;58;7.68;0;6.75;2.74;General Velásquez;San Antonio Unido;1.64;1.09;1.7;1.22;1.45;1.37;80;74;52;31;5;74;74;44;1.69;1.26;2.95;5879;22;Y;Y;N;N;N;N;Y
1264289;2206;2204;2021;complete;68433;21;-1;29,72;;2;0;2;2;8;10;-1;-1;-1;-1;-1;-1;5;5;5;5;10;10;-1;-1;37;63;-1;-1;1.85;3;1.85;1.08;1.35;2.12;3.7;7;7;3;1.72;1.24;1.08;1.85;1.91;0;0;0;0;1.37;1.27;1.37;3.2;2.05;3.2;3;2.2;3;0;0;0;0;0;0;0;0;0;0;0;0;0;0;0;2.05;8;2.05;0;0;1.41;2.9;7.6;17;2.7;1.36;1.05;1.01;1.26;2.23;5;11;3.5;1.58;1.14;1.03;0;0;0;0;2;1;0;1;0;1;1;2021-11-13 15:00:00;2206;0;47;27;21;0;1;-1;0;4;2;4;4;6;-1;-1;-1;-1;-1;-1;1;49;87;87;117;1.34;1.61;2.95;-1;-1;-1;-1;-1;-1;-1;1;0;0;0;1;-1;-1;-1;-1;-1;-1;-1;-1;-1;-1;-1;21;37;54;74;90;38;80;69;37;9.57;0;1.5;2.79;Deportes Valdivia;Iberia;2.18;2.18;2;2.4;1.21;1.85;80;63;47;27;11;59;54;49;1.53;1.55;3.08;5879;22;Y;Y;N;N;N;N;N
1264290;2225;2235;2021;complete;68433;21;-1;58,74;;2;0;2;4;3;7;-1;-1;-1;-1;-1;-1;7;2;7;7;14;9;-1;-1;54;46;-1;-1;1.4;3.4;2.7;1.05;1.27;1.85;3;5.5;9;3.5;1.95;1.35;1.13;1.75;1.98;0;0;0;0;1.2;1.21;1.7;2.4;2.25;4;2.3;2.4;4;0;0;0;0;0;0;0;0;0;0;0;0;0;0;0;1.53;10;2.75;0;0;1.36;2.62;6;15;2.88;1.42;1.09;1.02;1.22;2;4;9;3.8;1.73;1.2;1.05;0;0;0;0;2;0;0;2;0;2;0;2021-11-14 20:30:00;2225;0;68;22;33;0;-1;-1;-1;-1;-1;-1;-1;-1;-1;-1;-1;-1;-1;-1;1;65;66;89;99;1.84;1.19;3.03;-1;-1;-1;-1;-1;-1;-1;1;0;0;-1;-1;-1;-1;-1;-1;-1;-1;-1;-1;-1;-1;-1;20;20;52;84;89;25;58;84;53;13.03;0;3.5;2.7;Recoleta;Deportes Limache;2.55;1.36;2.5;1.56;2.2;1.74;80;80;49;16;11;74;63;57;1.78;1.71;3.49;5879;22;Y;Y;N;N;N;N;N
1264292;2235;2219;2021;complete;68433;22;-1;42,71,86;29,51,90;3;3;6;7;6;13;-1;-1;-1;-1;-1;-1;7;6;11;10;18;16;-1;-1;50;50;-1;-1;1.33;3.6;3;1.04;1.2;1.73;2.65;4.8;10;4;2.08;1.42;1.14;1.73;2.06;0;0;0;0;1.11;1.18;2;2.25;2.3;4.33;1.97;2.6;4.64;0;0;0;1.57;1.98;2.4;0;0;2.25;1.83;1.5;0;0;0;0;1.44;12;2.88;0;0;1.37;2.59;6;13;2.68;1.41;1.11;1.02;1.22;2;3.8;8;4;1.73;1.22;1.06;0;0;0;0;6;1;1;2;2;4;2;2021-11-29 21:00:00;-1;0;50;27;32;0;1;-1;6;2;1;4;8;5;-1;-1;-1;-1;-1;-1;1;77;62;112;108;2.18;1.88;4.06;-1;-1;-1;-1;-1;-1;-1;1;0;0;1;0;-1;-1;-1;-1;-1;-1;-1;-1;-1;-1;-1;25;50;55;75;95;45;65;75;55;8.28;0;4.25;3.05;Deportes Limache;Independiente;1.82;1.27;1.9;1.3;1.62;1.48;75;50;45;25;5;43;27;22;2.06;1.53;3.59;5879;22;Y;Y;Y;Y;Y;Y;Y
1264293;2204;2242;2021;complete;68433;22;-1;32,90;41;2;1;3;7;10;17;-1;-1;-1;-1;-1;-1;4;4;5;5;9;9;-1;-1;48;52;-1;-1;1.29;3.25;3.5;1.08;1.36;2.1;3.6;7;7;2.95;1.7;1.25;1.08;1.98;1.75;0;0;0;0;1.18;1.31;1.98;2.38;2.1;4.75;2.07;2.3;5.2;0;0;0;0;0;0;0;0;0;0;0;0;0;0;0;1.5;9.25;3.1;0;0;1.41;3.24;7.5;17;2.7;1.33;1.07;1.01;1.33;2.38;5;12;3.24;1.53;1.14;1.03;0;0;0;0;3;1;1;1;0;1;2;2021-11-28 21:00:00;2204;0;40;20;25;0;1;-1;2;5;5;5;7;10;-1;-1;-1;-1;-1;-1;1;64;56;88;93;1.31;1.26;2.57;-1;-1;-1;-1;-1;-1;-1;1;0;0;1;0;-1;-1;-1;-1;-1;-1;-1;-1;-1;-1;-1;20;30;50;60;80;25;60;70;55;11.5;0;4;2.45;Iberia;Colina;1.45;0.55;1.3;0.6;1.76;0.9;80;70;50;40;20;47;33;33;1.82;1.48;3.3;5879;22;Y;Y;Y;N;N;N;Y
1264294;2213;2206;2021;complete;68433;22;-1;14;81;1;1;2;1;4;5;-1;-1;-1;-1;-1;-1;5;5;7;4;12;9;-1;-1;52;48;-1;-1;1.8;3.1;1.91;1.05;1.36;2.1;3.7;7.5;8;2.9;1.7;1.25;1.06;1.85;1.85;0;0;0;0;1.41;1.34;1.51;3.1;2.05;3.4;2.88;2.15;3.2;0;0;0;0;0;0;0;0;0;0;0;0;0;0;0;1.83;8.25;2.2;0;0;1.5;3.24;7;17;2.4;1.33;1.06;1.01;1.25;2.25;5;15;3.5;1.53;1.11;1.02;0;0;0;0;2;1;0;0;1;1;1;2021-11-28 21:00:00;-1;0;50;20;20;0;1;-1;0;0;1;4;0;5;-1;-1;-1;-1;-1;-1;1;44;40;107;101;1.43;1.22;2.65;-1;-1;-1;-1;-1;-1;-1;1;0;0;0;0;-1;-1;-1;-1;-1;-1;-1;-1;-1;-1;-1;0;15;35;65;95;20;70;60;40;8.38;0;6.5;2.1;Concepción;Deportes Valdivia;1.09;0.55;1.1;0.5;1.05;1.38;100;85;65;35;5;72;57;44;1.51;1.16;2.67;5879;22;Y;Y;N;N;N;N;Y
1264295;2218;2225;2021;complete;68433;22;-1;45,73;17,23;2;2;4;8;5;13;-1;-1;1;1;0;0;9;7;11;5;20;12;-1;-1;52;48;1;1;2.75;3.75;1.39;1.05;1.25;1.8;2.9;5.5;9;3.6;2;1.37;1.13;1.73;1.98;0;0;0;0;1.9;1.25;1.23;4;2.25;2.4;4.36;2.38;2.17;0;0;0;0;0;0;0;0;0;0;0;0;0;0;0;2.6;12;1.57;0;0;1.33;2.75;6.2;15;3;1.4;1.1;1.02;1.2;2;4.5;12;4;1.67;1.14;1.02;0;0;0;0;4;1;2;1;0;1;3;2021-11-28 21:00:00;-1;0;50;5;50;0;1;1;5;0;3;5;5;8;0;0;1;1;0;2;1;50;43;76;77;2.24;1.56;3.8;0;1;0;1;0;0;1;1;0;0;1;0;0;0;-1;-1;-1;-1;-1;-1;-1;-1;-1;5;10;50;65;95;5;50;85;60;10.4;0;4.83;2.25;Colchagua;Recoleta;0.73;1.82;0.7;1.9;0.81;2.24;95;90;50;35;5;58;35;30;1.54;1.35;2.89;5879;22;Y;Y;Y;Y;N;N;Y
1264297;689406;2246;2021;complete;68433;22;-1;39;;1;0;1;5;11;16;-1;-1;1;3;0;0;6;7;7;10;13;17;-1;-1;55;45;1;3;2.2;3.6;2.88;0;0;1.53;2.3;0;0;0;2.4;1.57;0;0;0;0;0;0;0;0;0;0;2.63;2.5;3;0;0;0;0;0;0;0;0;0;0;0;0;0;0;0;0;0;0;1.73;0;2.1;0;0;0;0;0;0;0;0;0;0;0;0;0;0;0;0;0;0;0;0;0;0;2;1;0;0;1;1;1;2021-11-25 21:00:00;-1;0;70;25;25;0;1;1;1;5;4;6;6;10;0;2;1;1;2;2;1;72;87;120;120;1.77;2.19;3.96;0;0;0;0;0;0;1;1;0;0;0;2;0;0;-1;-1;-1;-1;-1;-1;-1;-1;-1;10;25;50;80;90;30;70;85;50;12.18;0;4.33;2.6;Rodelindo Román;General Velásquez;1.27;1.18;1.3;1.2;1.24;1.43;90;75;50;20;10;69;62;37;1.84;1.87;3.71;5879;22;Y;Y;N;N;N;N;Y
1284908;2219;2237;2021;complete;68433;6;-1;60;;1;0;1;-1;-1;-1;-1;-1;-1;-1;-1;-1;-1;-1;-1;-1;-1;-1;-1;-1;-1;-1;-1;-1;0;0;0;0;0;0;0;0;0;0;0;0;0;0;0;0;0;0;0;0;0;0;0;0;0;0;0;0;0;0;0;0;0;0;0;0;0;0;0;0;0;0;0;0;0;0;0;0;0;0;0;0;0;0;0;0;0;0;0;0;0;0;0;0;0;0;0;0;1;0;0;1;0;1;0;2021-07-11 19:00:00;2219;0;0;0;0;0;-1;-1;-1;-1;-1;-1;-1;-1;-1;-1;-1;-1;-1;-1;-1;0;0;0;0;0;0;0;-1;-1;-1;-1;-1;-1;-1;1;0;0;-1;-1;-1;-1;-1;-1;-1;-1;-1;-1;-1;-1;-1;25;25;25;25;50;25;25;50;25;4;0;2;1.5;Independiente;Lautaro de Buin ;1.64;1.18;1.5;0;1.4;0;25;25;25;25;0;50;0;0;1.18;0;1.18;5879;22;Y;N;N;N;N;N;N
1294678;2237;2206;2021;complete;68433;7;-1;53,87;;2;0;2;5;4;9;-1;-1;-1;-1;-1;-1;7;4;4;0;11;4;-1;-1;58;42;-1;-1;2.2;3.6;1.62;1.07;1.33;2.08;3.4;6.5;7.5;3;1.73;1.28;1.08;1.8;1.96;0;0;0;0;1.57;1.26;1.34;3.5;2.1;2.88;3.25;2.38;2.7;0;0;0;0;1.93;0;0;0;0;1.88;0;0;0;0;0;2.3;8.5;1.73;0;0;1.38;2.65;7.5;15;2.8;1.42;1.08;1.02;1.25;2.2;4.5;10;3.6;1.62;1.17;1.04;0;0;0;0;2;0;0;2;0;2;0;2021-07-25 16:00:00;2237;0;25;25;0;0;1;-1;2;1;3;3;3;6;-1;-1;-1;-1;-1;-1;1;47;40;77;59;1.52;0.83;2.35;-1;-1;-1;-1;-1;-1;-1;1;0;0;0;1;-1;-1;-1;-1;-1;-1;-1;-1;-1;-1;-1;0;25;25;25;50;25;50;0;0;5.5;0;2;1.25;Lautaro de Buin ;Deportes Valdivia;1.73;0.55;1;0.5;0.5;2.17;100;75;75;75;50;50;50;50;0;1.4;1.4;5879;22;Y;Y;N;N;N;N;N
1294679;2246;2237;2021;complete;68433;8;-1;35;;1;0;1;6;6;12;-1;-1;2;4;0;0;6;8;7;3;13;11;-1;-1;45;55;2;4;3.1;3.1;2.15;1.09;1.42;2.3;3.6;6.75;5.75;2.4;1.6;1.2;1.07;1.95;1.62;0;0;0;0;0;0;0;3.75;2;2.88;0;0;0;0;0;0;0;0;0;0;0;0;0;0;0;0;0;0;2.4;0;1.8;0;0;0;0;0;0;0;0;0;0;0;0;0;0;0;0;0;0;0;0;0;0;1;1;0;0;0;0;1;2021-08-04 19:00:00;2246;0;13;0;13;0;1;1;3;5;3;1;8;4;0;1;2;3;1;5;1;50;59;95;101;1.6;1.69;3.29;0;0;0;0;0;0;1;1;0;0;0;0;0;0;-1;-1;-1;-1;-1;-1;-1;-1;-1;0;0;0;25;88;0;0;88;25;4;0;5;1.13;General Velásquez;Lautaro de Buin ;1.64;1.18;1.25;0;1.29;1.75;100;100;100;75;13;38;38;25;1.59;0;1.59;5879;22;Y;N;N;N;N;N;N
1294680;2237;2204;2021;complete;68433;9;-1;;19,84;0;2;2;9;3;12;-1;-1;-1;-1;-1;-1;10;8;8;5;18;13;-1;-1;57;43;-1;-1;1.91;3.4;1.8;1.08;1.36;2.35;3.3;6;6.25;2.6;1.57;1.24;1.09;1.93;1.83;0;0;0;0;1.4;1.22;1.37;3.25;2;3.25;2.85;2.48;2.9;0;0;0;0;2.4;0;0;0;0;0;0;0;0;0;0;2.2;7;1.91;0;0;1.4;2.85;7.3;17;2.75;1.37;1.06;1.01;1.25;2.18;4.8;11;3.6;1.61;1.15;1.03;0;0;0;0;2;0;1;0;1;1;1;2021-08-08 16:00:00;2204;0;13;0;0;0;1;-1;6;1;3;2;7;5;-1;-1;-1;-1;-1;-1;1;35;34;71;58;2.08;1.62;3.7;-1;-1;-1;-1;-1;-1;-1;1;0;0;1;0;-1;-1;-1;-1;-1;-1;-1;-1;-1;-1;-1;13;13;13;54;71;13;42;54;42;9;0;3;1.63;Lautaro de Buin ;Iberia;1.73;2.18;2.33;2.5;1.4;1.86;88;88;88;46;29;75;25;25;1.37;1.21;2.58;5879;22;Y;Y;N;N;N;N;N
1294681;689406;2237;2021;complete;68433;10;-1;76,87;5;2;1;3;6;4;10;-1;-1;-1;-1;-1;-1;9;7;12;9;21;16;-1;-1;49;51;-1;-1;3.2;3.25;2;0;1.35;1.95;3.25;0;7.75;3.1;1.85;1.3;0;1.83;1.91;0;0;0;0;1.69;1.31;1.29;3.6;2.2;2.63;3.46;2.5;2.47;0;0;0;0;0;0;0;0;0;0;0;0;0;0;0;2.3;8;1.73;0;0;1.41;3.07;6.5;0;2.81;1.35;1.08;0;1.29;2.2;4.5;0;3.4;1.62;1.17;0;0;0;0;0;3;0;1;2;0;2;1;2021-08-15 19:00:00;689406;0;25;0;13;0;1;-1;2;1;4;3;3;7;-1;-1;-1;-1;-1;-1;1;84;59;109;98;2.55;1.92;4.48;-1;-1;-1;-1;-1;-1;-1;1;0;1;0;0;-1;-1;-1;-1;-1;-1;-1;-1;-1;-1;-1;0;0;13;38;100;0;63;75;13;10;0;6;1.5;Rodelindo Román;Lautaro de Buin ;1.27;1.18;1;0;0.78;1.14;100;100;88;63;0;67;67;50;1.77;1.69;3.46;5879;22;Y;Y;Y;N;N;N;Y
1294682;2237;2223;2021;complete;68433;11;-1;11,34,63;36;3;1;4;7;3;10;-1;-1;-1;-1;-1;-1;5;4;6;5;11;9;-1;-1;53;47;-1;-1;2;3.2;1.73;1.08;1.4;2.3;4.1;7.5;7;2.7;1.6;1.19;1.07;1.96;1.8;0;0;0;0;1.44;1.32;1.43;3.25;2.05;3.25;3;2.37;2.9;0;0;0;0;0;0;0;0;0;0;0;0;0;0;0;2.2;7;1.91;0;0;1.45;3;7.9;17;2.55;1.33;1.04;1.01;1.29;2.38;5.5;11;3.3;1.51;1.11;1.03;0;0;0;0;4;2;1;1;0;1;3;2021-08-23 19:00:00;2237;0;44;0;17;0;1;-1;3;2;4;1;5;5;-1;-1;-1;-1;-1;-1;1;55;67;83;96;1.44;1.34;2.78;-1;-1;-1;-1;-1;-1;-1;1;0;0;0;1;-1;-1;-1;-1;-1;-1;-1;-1;-1;-1;-1;0;0;17;64;90;0;47;80;27;9;0;5;1.7;Lautaro de Buin ;San Antonio Unido;1.73;1.09;1.6;1.33;0.89;1.67;100;100;84;37;10;88;63;63;1.47;0.93;2.4;5879;22;Y;Y;Y;Y;N;N;Y
1294683;2242;2237;2021;complete;68433;12;-1;;9,39;0;2;2;5;1;6;-1;-1;1;4;0;0;5;10;7;4;12;14;-1;-1;60;40;1;4;2.25;3.3;2.75;0;0;2.2;0;0;0;0;1.65;0;0;0;0;0;0;0;0;0;0;0;3;2.05;3.5;0;0;0;0;0;0;0;0;0;0;0;0;0;0;0;0;0;0;1.8;0;2.3;0;0;0;0;0;0;0;0;0;0;0;0;0;0;0;0;0;0;0;0;0;0;2;0;2;0;0;0;2;2021-09-05 15:00:00;2237;0;47;29;10;0;1;1;3;0;2;1;3;3;0;0;1;4;0;5;1;84;65;131;107;1.72;2.06;3.78;0;0;0;0;0;0;1;1;0;1;0;0;0;0;-1;-1;-1;-1;-1;-1;-1;-1;-1;19;29;47;55;92;29;74;65;39;10.33;0;7;2.5;Colina;Lautaro de Buin ;1.18;1.18;0.67;0.2;0.82;1.09;82;72;54;45;9;92;84;67;1.38;1.65;3.03;5879;22;Y;Y;N;N;N;N;N
1294684;2237;2225;2021;complete;68433;13;-1;;;0;0;0;9;3;12;-1;-1;-1;-1;-1;-1;7;2;12;7;19;9;-1;-1;65;35;-1;-1;2.5;2.9;2.3;1.06;1.29;1.83;2.85;5;7;2.9;1.74;1.3;1.11;1.67;1.91;0;0;0;0;1.44;1.22;1.36;3.1;2.2;3;2.85;2.55;2.8;0;0;0;0;0;0;0;0;0;0;0;0;0;0;0;2.1;8.5;1.83;0;0;1.41;2.93;6.8;15;2.8;1.38;1.07;1.02;1.22;2.1;4.5;10;3.8;1.66;1.17;1.04;0;0;0;0;0;0;0;0;0;0;0;2021-09-14 20:00:00;-1;0;33;17;17;0;1;-1;4;3;5;0;7;5;-1;-1;-1;-1;-1;-1;1;103;57;168;107;2.44;1.13;3.57;0;0;0;0;0;0;1;1;0;0;0;1;-1;-1;-1;-1;-1;-1;-1;-1;-1;-1;-1;9;17;34;59;92;17;59;84;34;9.75;0;5;2.08;Lautaro de Buin ;Recoleta;1.73;1.82;1.83;1.5;1.25;2.25;92;83;67;42;9;65;33;23;1.46;1.44;2.9;5879;22;N;N;N;N;N;N;N
1294685;2218;2237;2021;complete;68433;14;-1;78,90;;2;0;2;3;2;5;-1;-1;1;2;0;0;10;8;10;3;20;11;-1;-1;47;53;1;2;2.69;3.13;2.53;0;0;2.06;0;0;0;0;1.6;0;0;0;0;0;0;0;0;0;0;0;3.2;2.05;3.25;0;0;0;0;0;0;0;0;0;0;0;0;0;0;0;0;0;0;1.91;0;2.2;0;0;0;0;0;0;0;0;0;0;0;0;0;0;0;0;0;0;0;0;0;0;2;0;0;2;0;2;0;2021-09-25 22:00:00;2218;0;59;17;42;0;1;1;3;0;0;2;3;2;0;0;1;2;0;3;1;67;64;82;83;2.43;1.71;4.15;0;0;0;0;0;0;1;1;0;0;1;0;0;0;-1;-1;-1;-1;-1;-1;-1;-1;-1;9;25;50;67;100;25;58;75;59;9.33;0;6.33;2.58;Colchagua;Lautaro de Buin ;0.73;1.18;0.17;0.67;0.77;1.23;92;75;50;33;0;71;54;34;1.34;1.75;3.09;5879;22;Y;Y;N;N;N;N;N
1294686;2237;2213;2021;complete;68433;15;-1;30,33,86;;3;0;3;1;2;3;-1;-1;-1;-1;-1;-1;6;4;4;7;10;11;-1;-1;53;47;-1;-1;1.72;3.1;2;1.11;1.42;2.35;4;8;6.5;2.62;1.57;1.2;1.06;1.98;1.75;0;0;0;0;1.37;1.3;1.5;3.1;2;3.5;2.88;2.28;3.3;0;0;0;0;0;0;0;0;0;0;0;0;0;0;0;1.91;7.5;2.25;0;0;1.43;3.4;10;0;2.6;1.26;1.04;0;1.36;2.6;5.75;18;2.9;1.44;1.1;1.03;0;0;0;0;3;2;0;1;0;1;2;2021-10-04 21:00:00;2237;0;43;29;15;0;1;-1;1;0;0;2;1;2;-1;-1;-1;-1;-1;-1;1;57;64;123;116;1.48;1.44;2.92;-1;-1;-1;-1;-1;-1;-1;1;0;0;1;0;-1;-1;-1;-1;-1;-1;-1;-1;-1;-1;-1;7;22;36;57;86;29;72;64;22;10.1;0;4.5;2.14;Lautaro de Buin ;Concepción;1.73;1;1.71;1;1.14;1;93;79;65;43;15;70;54;45;1.63;1.34;2.97;5879;22;Y;Y;Y;N;N;N;N
1294687;2235;2237;2021;complete;68433;16;-1;;87;0;1;1;5;3;8;-1;-1;-1;-1;-1;-1;4;5;12;5;16;10;-1;-1;45;55;-1;-1;1.27;3.3;3.35;1.06;1.25;1.95;3.1;5.5;10;3.6;1.85;1.32;1.11;1.73;2;0;0;0;0;1.16;1.27;1.96;2.38;2.2;4.33;2.12;2.5;4.4;0;0;0;0;0;0;0;0;0;0;0;0;0;0;0;1.5;11;2.88;0;0;1.34;2.8;7.5;15;2.95;1.37;1.07;1.02;1.22;2;4;10;3.8;1.73;1.2;1.04;0;0;0;0;1;0;0;0;1;1;0;2021-10-09 20:00:00;2237;0;43;15;29;0;1;-1;3;1;2;2;4;4;-1;-1;-1;-1;-1;-1;1;71;70;100;115;1.8;1.49;3.29;-1;-1;-1;-1;-1;-1;-1;1;0;0;0;1;-1;-1;-1;-1;-1;-1;-1;-1;-1;-1;-1;22;43;57;79;100;43;79;79;72;7.6;0;5.5;3.07;Deportes Limache;Lautaro de Buin ;1.82;1.18;2.57;0.57;2.07;1.27;79;57;43;22;0;59;52;35;1.97;1.74;3.71;5879;22;Y;N;N;N;N;N;N
1294688;2237;2219;2021;complete;68433;17;-1;13,28;;2;0;2;4;4;8;-1;-1;5;1;0;1;6;2;8;6;14;8;-1;-1;55;45;5;3;2.45;3.4;2.45;0;0;1.93;0;0;0;0;1.88;0;0;0;0;0;0;0;0;0;0;0;3.1;2.2;3.1;0;0;0;0;0;0;0;0;0;0;0;0;0;0;0;0;0;0;1.95;0;1.95;0;0;0;0;0;0;0;0;0;0;0;0;0;0;0;0;0;0;0;0;0;0;2;2;0;0;0;0;2;2021-10-17 15:00:00;2237;0;41;23;17;0;1;1;3;0;1;4;3;5;3;1;2;1;4;3;1;65;74;141;131;1.79;1.19;2.98;0;0;0;0;0;0;1;1;0;0;0;0;0;0;-1;-1;-1;-1;-1;-1;-1;-1;-1;15;35;41;67;81;27;53;67;28;8.17;0;3.5;2.38;Lautaro de Buin ;Independiente;1.73;1.27;1.88;1.86;1.38;1.94;86;66;59;34;20;52;30;23;1.61;1.62;3.23;5879;22;Y;Y;N;N;N;N;N
1294689;2206;2237;2021;complete;68433;18;-1;;7;0;1;1;9;5;14;-1;-1;-1;-1;-1;-1;5;6;8;4;13;10;-1;-1;43;57;-1;-1;2.5;3.3;2.7;1.06;1.3;1.85;3.25;5.5;8;3.4;1.85;1.33;1.12;1.7;2.05;0;0;0;0;1.4;1.3;1.55;2.88;2.2;3.25;2.7;2.3;3.1;0;0;0;0;0;0;0;0;0;0;0;0;0;0;0;1.8;10;2.2;0;0;1.36;2.62;6;0;2.88;1.42;1.09;0;1.25;2.1;4.33;0;3.6;1.67;1.18;0;0;0;0;0;1;0;1;0;0;0;1;2021-10-24 15:30:00;2237;0;41;34;14;0;1;-1;3;2;6;3;5;9;-1;-1;-1;-1;-1;-1;1;61;50;77;81;1.61;1.41;3.02;-1;-1;-1;-1;-1;-1;-1;1;0;1;0;1;-1;-1;-1;-1;-1;-1;-1;-1;-1;-1;-1;14;34;55;67;93;48;75;73;40;8.5;0;3.5;2.68;Deportes Valdivia;Lautaro de Buin ;2.18;1.18;2.43;0.88;1.31;1.47;87;66;46;34;7;63;63;54;1.5;1.7;3.2;5879;22;Y;N;N;N;N;N;N
1294690;2237;2246;2021;complete;68433;19;-1;21,50,60;18,24,44;3;3;6;3;5;8;-1;-1;3;3;0;0;6;6;10;7;16;13;-1;-1;65;35;3;3;2.1;3.3;3;0;0;2.08;0;0;0;0;1.73;0;0;0;0;0;0;0;0;0;0;0;2.75;2.1;3.6;0;0;0;0;0;0;0;0;0;0;0;0;0;0;0;0;0;0;1.73;0;2.4;0;0;0;0;0;0;0;0;0;0;0;0;0;0;0;0;0;0;0;0;0;0;6;1;3;2;0;2;4;2021-11-02 20:00:00;-1;0;56;28;11;0;1;1;0;3;3;2;3;5;2;0;1;3;2;4;1;75;60;104;84;1.97;1.67;3.64;0;0;0;0;0;0;1;1;0;0;0;0;0;0;-1;-1;-1;-1;-1;-1;-1;-1;-1;6;28;45;78;89;45;78;73;28;10.21;0;5.33;2.45;Lautaro de Buin ;General Velásquez;1.73;1.18;2;1.22;1.56;1.39;95;73;56;22;11;73;53;29;1.63;1.9;3.53;5879;22;Y;Y;Y;Y;Y;Y;Y
1294691;2204;2237;2021;complete;68433;20;-1;35,38;42,53,60;2;3;5;9;3;12;-1;-1;0;0;1;1;10;6;10;6;20;12;-1;-1;52;48;2;2;1.48;3.25;2.45;1.06;1.37;2.15;3.65;7.25;9;2.85;1.67;1.25;1.09;1.9;1.8;0;0;0;0;1.29;1.27;1.71;2.63;2.1;4;2.45;2.2;3.8;0;0;0;0;0;0;0;0;0;0;0;0;0;0;0;1.62;9;2.63;0;0;1.38;2.8;6;17;2.8;1.38;1.09;1.01;1.33;2.5;5.5;11;3;1.48;1.11;1.03;0;0;0;0;5;2;1;0;2;2;3;2021-11-07 19:30:00;2237;0;39;22;22;0;1;1;3;2;6;1;5;7;0;0;1;1;0;2;1;75;37;95;87;2.49;1.45;3.94;0;0;0;0;0;0;1;1;0;0;1;0;0;0;-1;-1;-1;-1;-1;-1;-1;-1;-1;11;22;45;56;95;28;73;67;44;9.31;0;5.5;2.39;Iberia;Lautaro de Buin ;1.45;1.18;1.44;1.11;1.95;1.53;89;78;56;44;6;49;39;32;1.69;1.66;3.35;5879;22;Y;Y;Y;Y;Y;N;Y
1294692;2237;689406;2021;complete;68433;21;-1;4,72,90;2,31,52,67;3;4;7;7;3;10;-1;-1;0;0;0;1;9;5;5;5;14;10;-1;-1;50;50;0;1;1.68;3;2.06;1.04;1.31;2.5;3.4;7;9;3.2;1.5;1.27;1.07;2.19;1.64;0;0;0;0;1.24;1.27;1.74;3;1.95;4;2.62;2.3;3.58;0;0;0;0;0;0;0;0;0;0;0;0;0;0;0;1.8;9;2.6;0;0;1.38;2.75;7;15;2.8;1.39;1.06;1.02;1.24;2.14;4.6;14;3.6;1.63;1.16;1.02;0;0;0;0;7;1;2;2;2;4;3;2021-11-18 21:00:00;689406;0;35;15;15;0;1;1;3;1;4;2;4;6;0;0;0;1;0;1;1;71;52;144;118;2.04;1.37;3.41;0;0;0;0;0;0;1;1;1;1;0;0;0;0;-1;-1;-1;-1;-1;-1;-1;-1;-1;20;25;45;70;85;40;70;70;35;9.67;0;5.83;2.6;Lautaro de Buin ;Rodelindo Román;1.73;1.18;1.9;1;1.6;1.15;80;75;55;30;15;56;39;33;1.67;1.37;3.04;5879;22;Y;Y;Y;Y;Y;Y;Y
1294693;2223;2237;2021;complete;68433;22;-1;9,33,38,59;19,84,89;4;3;7;5;6;11;-1;-1;3;1;0;1;5;4;3;6;8;10;-1;-1;37;63;3;3;2.39;3.23;2.59;0;0;1.85;0;0;0;0;1.95;0;0;0;0;0;0;0;0;0;0;0;3;2.2;3.1;0;0;0;0;0;0;0;0;0;0;0;0;0;0;0;0;0;0;1.83;0;2.1;0;0;0;0;0;0;0;0;0;0;0;0;0;0;0;0;0;0;0;0;0;0;7;3;1;1;2;3;4;2021-11-27 21:00:00;2223;0;65;30;35;0;1;1;4;1;1;5;5;6;1;0;2;2;1;4;1;36;49;68;87;1.12;1.27;2.39;0;0;0;0;0;0;1;1;1;0;1;0;0;0;-1;-1;-1;-1;-1;-1;-1;-1;-1;20;30;60;80;100;35;75;80;65;6.96;0;6.8;3;San Antonio Unido;Lautaro de Buin ;1.64;1.18;1.5;1.3;1.29;1.52;80;70;40;20;0;65;54;42;1.45;1.63;3.08;5879;22;Y;Y;Y;Y;Y;Y;Y
