ID;HOMEID;AWAYID;SEASON;STATUS;ROUNDID;GAME_WEEK;REVISED_GAME_WEEK;HOMEGOALS;AWAYGOALS;HOMEGOALCOUNT;AWAYGOALCOUNT;TOTALGOALCOUNT;TEAM_A_CORNERS;TEAM_B_CORNERS;TOTALCORNERCOUNT;TEAM_A_OFFSIDES;TEAM_B_OFFSIDES;TEAM_A_YELLOW_CARDS;TEAM_B_YELLOW_CARDS;TEAM_A_RED_CARDS;TEAM_B_RED_CARDS;TEAM_A_SHOTSONTARGET;TEAM_B_SHOTSONTARGET;TEAM_A_SHOTSOFFTARGET;TEAM_B_SHOTSOFFTARGET;TEAM_A_SHOTS;TEAM_B_SHOTS;TEAM_A_FOULS;TEAM_B_FOULS;TEAM_A_POSSESSION;TEAM_B_POSSESSION;TEAM_A_CARDS_NUM;TEAM_B_CARDS_NUM;ODDS_FT_1;ODDS_FT_X;ODDS_FT_2;ODDS_FT_OVER05;ODDS_FT_OVER15;ODDS_FT_OVER25;ODDS_FT_OVER35;ODDS_FT_OVER45;ODDS_FT_UNDER05;ODDS_FT_UNDER15;ODDS_FT_UNDER25;ODDS_FT_UNDER35;ODDS_FT_UNDER45;ODDS_BTTS_YES;ODDS_BTTS_NO;ODDS_TEAM_A_CS_YES;ODDS_TEAM_A_CS_NO;ODDS_TEAM_B_CS_YES;ODDS_TEAM_B_CS_NO;ODDS_DOUBLECHANCE_1X;ODDS_DOUBLECHANCE_12;ODDS_DOUBLECHANCE_X2;ODDS_1ST_HALF_RESULT_1;ODDS_1ST_HALF_RESULT_X;ODDS_1ST_HALF_RESULT_2;ODDS_2ND_HALF_RESULT_1;ODDS_2ND_HALF_RESULT_X;ODDS_2ND_HALF_RESULT_2;ODDS_DNB_1;ODDS_DNB_2;ODDS_CORNERS_OVER_75;ODDS_CORNERS_OVER_85;ODDS_CORNERS_OVER_95;ODDS_CORNERS_OVER_105;ODDS_CORNERS_OVER_115;ODDS_CORNERS_UNDER_75;ODDS_CORNERS_UNDER_85;ODDS_CORNERS_UNDER_95;ODDS_CORNERS_UNDER_105;ODDS_CORNERS_UNDER_115;ODDS_CORNERS_1;ODDS_CORNERS_X;ODDS_CORNERS_2;ODDS_TEAM_TO_SCORE_FIRST_1;ODDS_TEAM_TO_SCORE_FIRST_X;ODDS_TEAM_TO_SCORE_FIRST_2;ODDS_WIN_TO_NIL_1;ODDS_WIN_TO_NIL_2;ODDS_1ST_HALF_OVER05;ODDS_1ST_HALF_OVER15;ODDS_1ST_HALF_OVER25;ODDS_1ST_HALF_OVER35;ODDS_1ST_HALF_UNDER05;ODDS_1ST_HALF_UNDER15;ODDS_1ST_HALF_UNDER25;ODDS_1ST_HALF_UNDER35;ODDS_2ND_HALF_OVER05;ODDS_2ND_HALF_OVER15;ODDS_2ND_HALF_OVER25;ODDS_2ND_HALF_OVER35;ODDS_2ND_HALF_UNDER05;ODDS_2ND_HALF_UNDER15;ODDS_2ND_HALF_UNDER25;ODDS_2ND_HALF_UNDER35;ODDS_BTTS_1ST_HALF_YES;ODDS_BTTS_1ST_HALF_NO;ODDS_BTTS_2ND_HALF_YES;ODDS_BTTS_2ND_HALF_NO;OVERALLGOALCOUNT;HT_GOALS_TEAM_A;HT_GOALS_TEAM_B;GOALS_2HG_TEAM_A;GOALS_2HG_TEAM_B;GOALCOUNT_2HG;HTGOALCOUNT;DATE_UNIX;WINNINGTEAM;NO_HOME_AWAY;BTTS_POTENTIAL;BTTS_FHG_POTENTIAL;BTTS_2HG_POTENTIAL;GOALTIMINGDISABLED;CORNER_TIMINGS_RECORDED;CARD_TIMINGS_RECORDED;TEAM_A_FH_CORNERS;TEAM_B_FH_CORNERS;TEAM_A_2H_CORNERS;TEAM_B_2H_CORNERS;CORNER_FH_COUNT;CORNER_2H_COUNT;TEAM_A_FH_CARDS;TEAM_B_FH_CARDS;TEAM_A_2H_CARDS;TEAM_B_2H_CARDS;TOTAL_FH_CARDS;TOTAL_2H_CARDS;ATTACKS_RECORDED;TEAM_A_DANGEROUS_ATTACKS;TEAM_B_DANGEROUS_ATTACKS;TEAM_A_ATTACKS;TEAM_B_ATTACKS;TEAM_A_XG;TEAM_B_XG;TOTAL_XG;TEAM_A_PENALTIES_WON;TEAM_B_PENALTIES_WON;TEAM_A_PENALTY_GOALS;TEAM_B_PENALTY_GOALS;TEAM_A_PENALTY_MISSED;TEAM_B_PENALTY_MISSED;PENS_RECORDED;GOAL_TIMINGS_RECORDED;TEAM_A_0_10_MIN_GOALS;TEAM_B_0_10_MIN_GOALS;TEAM_A_CORNERS_0_10_MIN;TEAM_B_CORNERS_0_10_MIN;TEAM_A_CARDS_0_10_MIN;TEAM_B_CARDS_0_10_MIN;THROWINS_RECORDED;TEAM_A_THROWINS;TEAM_B_THROWINS;FREEKICKS_RECORDED;TEAM_A_FREEKICKS;TEAM_B_FREEKICKS;GOALKICKS_RECORDED;TEAM_A_GOALKICKS;TEAM_B_GOALKICKS;O45_POTENTIAL;O35_POTENTIAL;O25_POTENTIAL;O15_POTENTIAL;O05_POTENTIAL;O15HT_POTENTIAL;O05HT_POTENTIAL;O05_2H_POTENTIAL;O15_2H_POTENTIAL;CORNERS_POTENTIAL;OFFSIDES_POTENTIAL;CARDS_POTENTIAL;AVG_POTENTIAL;HOME_NAME;AWAY_NAME;HOME_PPG;AWAY_PPG;PRE_MATCH_HOME_PPG;PRE_MATCH_AWAY_PPG;PRE_MATCH_TEAMA_OVERALL_PPG;PRE_MATCH_TEAMB_OVERALL_PPG;U45_POTENTIAL;U35_POTENTIAL;U25_POTENTIAL;U15_POTENTIAL;U05_POTENTIAL;CORNERS_O85_POTENTIAL;CORNERS_O95_POTENTIAL;CORNERS_O105_POTENTIAL;TEAM_A_XG_PREMATCH;TEAM_B_XG_PREMATCH;TOTAL_XG_PREMATCH;COMPETITION_ID;MATCHES_COMPLETED_MINIMUM;OVER05;OVER15;OVER25;OVER35;OVER45;OVER55;BTTS
128974;2223;2217;2017;complete;761;1;-1;;27;0;1;1;7;2;9;-1;-1;2;1;0;2;4;2;4;5;8;7;-1;-1;49;51;2;5;0;0;0;0;0;0;0;0;0;0;0;0;0;0;0;0;0;0;0;0;0;0;0;0;0;0;0;0;0;0;0;0;0;0;0;0;0;0;0;0;0;0;0;0;0;0;0;0;0;0;0;0;0;0;0;0;0;0;0;0;0;0;0;0;0;0;0;0;1;0;1;0;0;0;1;2017-07-29 20:00:00;2217;0;0;0;0;0;-1;1;-1;-1;-1;-1;-1;-1;2;0;0;3;2;3;-1;0;0;0;0;0;0;0;0;1;0;1;0;0;1;1;0;0;-1;-1;0;0;-1;-1;-1;-1;-1;-1;-1;-1;-1;0;0;0;0;0;0;0;0;0;0;0;0;0;San Antonio Unido;Melipilla;1.83;0.83;0;0;0;0;0;0;0;0;0;0;0;0;0;0;0;503;13;Y;N;N;N;N;N;N
128975;2220;2222;2017;complete;761;1;-1;8,89,90;;3;0;3;7;1;8;-1;-1;4;2;0;0;6;3;7;5;13;8;-1;-1;52;48;4;2;0;0;0;0;0;0;0;0;0;0;0;0;0;0;0;0;0;0;0;0;0;0;0;0;0;0;0;0;0;0;0;0;0;0;0;0;0;0;0;0;0;0;0;0;0;0;0;0;0;0;0;0;0;0;0;0;0;0;0;0;0;0;0;0;0;0;0;0;3;1;0;2;0;2;1;2017-07-29 22:00:00;2220;0;0;0;0;0;-1;1;-1;-1;-1;-1;-1;-1;1;1;3;1;2;4;-1;0;0;0;0;0;0;0;0;0;0;0;0;0;1;1;1;0;-1;-1;0;0;-1;-1;-1;-1;-1;-1;-1;-1;-1;0;0;0;0;0;0;0;0;0;0;0;0;0;Malleco Unido;Provincial Osorno;1.14;0.14;0;0;0;0;0;0;0;0;0;0;0;0;0;0;0;503;13;Y;Y;Y;N;N;N;N
128976;2224;2225;2017;complete;761;1;-1;;12,27,59,61,81;0;5;5;-1;-1;-1;-1;-1;4;1;1;0;-1;-1;-1;-1;-1;-1;-1;-1;-1;-1;5;1;0;0;0;0;0;0;0;0;0;0;0;0;0;0;0;0;0;0;0;0;0;0;0;0;0;0;0;0;0;0;0;0;0;0;0;0;0;0;0;0;0;0;0;0;0;0;0;0;0;0;0;0;0;0;0;0;0;0;0;0;0;0;0;0;0;0;0;0;5;0;2;0;3;3;2;2017-07-29 22:00:00;2225;0;0;0;0;0;-1;1;-1;-1;-1;-1;-1;-1;1;1;4;0;2;4;-1;0;0;0;0;0;0;0;0;0;0;0;0;0;1;1;0;0;-1;-1;0;0;-1;-1;-1;-1;-1;-1;-1;-1;-1;0;0;0;0;0;0;0;0;0;0;0;0;0;Deportes Pintana;Recoleta;1.67;1.67;0;0;0;0;0;0;0;0;0;0;0;0;0;0;0;503;13;Y;Y;Y;Y;Y;N;N
128977;2221;2218;2017;complete;761;1;-1;26,77;39;2;1;3;0;0;0;-1;-1;3;2;0;1;0;0;0;0;0;0;-1;-1;51;49;3;3;0;0;0;0;0;0;0;0;0;0;0;0;0;0;0;0;0;0;0;0;0;0;0;0;0;0;0;0;0;0;0;0;0;0;0;0;0;0;0;0;0;0;0;0;0;0;0;0;0;0;0;0;0;0;0;0;0;0;0;0;0;0;0;0;0;0;0;0;3;1;1;1;0;1;2;2017-07-29 23:00:00;2221;0;0;0;0;0;-1;1;-1;-1;-1;-1;-1;-1;2;2;1;1;4;2;-1;0;0;0;0;0;0;0;0;0;0;0;0;0;1;1;0;0;-1;-1;0;0;-1;-1;-1;-1;-1;-1;-1;-1;-1;0;0;0;0;0;0;0;0;0;0;0;0;0;Deportes Vallenar;Colchagua;2.29;1.29;0;0;0;0;0;0;0;0;0;0;0;0;0;0;0;503;12;Y;Y;Y;N;N;N;Y
128978;2219;2214;2017;complete;761;1;-1;23;;1;0;1;5;5;10;-1;-1;2;4;1;0;9;6;9;5;18;11;-1;-1;42;58;4;4;0;0;0;0;0;0;0;0;0;0;0;0;0;0;0;0;0;0;0;0;0;0;0;0;0;0;0;0;0;0;0;0;0;0;0;0;0;0;0;0;0;0;0;0;0;0;0;0;0;0;0;0;0;0;0;0;0;0;0;0;0;0;0;0;0;0;0;0;1;1;0;0;0;0;1;2017-08-02 23:00:00;2219;0;0;0;0;0;-1;1;-1;-1;-1;-1;-1;-1;2;2;1;2;4;3;-1;0;0;0;0;0;0;0;0;0;0;0;0;0;1;1;0;0;-1;-1;0;1;-1;-1;-1;-1;-1;-1;-1;-1;-1;0;0;0;0;0;0;0;0;0;0;0;0;0;Independiente;Naval;2;0.71;0;0;0;0;0;0;0;0;0;0;0;0;0;0;0;503;12;Y;N;N;N;N;N;N
128979;2214;2221;2017;complete;761;2;-1;27;61;1;1;2;1;4;5;-1;-1;1;2;1;1;8;4;4;4;12;8;-1;-1;51;49;3;3;0;0;0;0;0;0;0;0;0;0;0;0;0;0;0;0;0;0;0;0;0;0;0;0;0;0;0;0;0;0;0;0;0;0;0;0;0;0;0;0;0;0;0;0;0;0;0;0;0;0;0;0;0;0;0;0;0;0;0;0;0;0;0;0;0;0;0;0;2;1;0;0;1;1;1;2017-08-05 20:00:00;-1;0;0;0;0;0;-1;1;-1;-1;-1;-1;-1;-1;0;0;2;3;0;5;-1;0;0;0;0;0;0;0;0;0;0;0;0;0;1;1;0;0;-1;-1;0;0;-1;-1;-1;-1;-1;-1;-1;-1;-1;0;0;0;0;0;0;0;0;0;0;0;0;0;Naval;Deportes Vallenar;2.33;1.2;0;0;0;3;0;0;0;0;0;0;0;0;0;0;0;503;12;Y;Y;N;N;N;N;Y
128980;2217;2224;2017;complete;761;2;-1;18;59;1;1;2;4;4;8;-1;-1;2;3;0;0;3;3;4;4;7;7;-1;-1;51;49;2;3;0;0;0;0;0;0;0;0;0;0;0;0;0;0;0;0;0;0;0;0;0;0;0;0;0;0;0;0;0;0;0;0;0;0;0;0;0;0;0;0;0;0;0;0;0;0;0;0;0;0;0;0;0;0;0;0;0;0;0;0;0;0;0;0;0;0;0;0;2;1;0;0;1;1;1;2017-08-06 19:30:00;-1;0;0;0;0;0;-1;1;-1;-1;-1;-1;-1;-1;1;3;1;0;4;1;-1;0;0;0;0;0;0;0;0;0;0;0;0;0;1;1;0;0;-1;-1;0;1;-1;-1;-1;-1;-1;-1;-1;-1;-1;0;0;0;0;0;0;0;0;0;0;0;0;0;Melipilla;Deportes Pintana;1.86;0.86;0;0;3;0;0;0;0;0;0;0;0;0;0;0;0;503;13;Y;Y;N;N;N;N;Y
128981;2218;2216;2017;complete;761;2;-1;;24;0;1;1;8;3;11;-1;-1;3;5;1;0;6;7;5;7;11;14;-1;-1;53;47;5;5;0;0;0;0;0;0;0;0;0;0;0;0;0;0;0;0;0;0;0;0;0;0;0;0;0;0;0;0;0;0;0;0;0;0;0;0;0;0;0;0;0;0;0;0;0;0;0;0;0;0;0;0;0;0;0;0;0;0;0;0;0;0;0;0;0;0;0;0;1;0;1;0;0;0;1;2017-08-06 19:30:00;2216;0;0;0;0;0;-1;1;-1;-1;-1;-1;-1;-1;1;3;3;2;4;5;-1;0;0;0;0;0;0;0;0;0;0;0;0;0;1;1;0;0;-1;-1;0;2;-1;-1;-1;-1;-1;-1;-1;-1;-1;0;0;0;0;0;0;0;0;0;0;0;0;0;Colchagua;Deportes Santa Cruz;1.67;1.5;0;0;0;0;0;0;0;0;0;0;0;0;0;0;0;503;12;Y;N;N;N;N;N;N
128982;2225;2223;2017;complete;761;2;-1;;14,70;0;2;2;2;2;4;-1;-1;2;4;0;0;8;5;6;4;14;9;-1;-1;56;44;2;4;0;0;0;0;0;0;0;0;0;0;0;0;0;0;0;0;0;0;0;0;0;0;0;0;0;0;0;0;0;0;0;0;0;0;0;0;0;0;0;0;0;0;0;0;0;0;0;0;0;0;0;0;0;0;0;0;0;0;0;0;0;0;0;0;0;0;0;0;2;0;1;0;1;1;1;2017-08-06 19:30:00;2223;0;0;0;0;0;-1;1;-1;-1;-1;-1;-1;-1;0;3;2;1;3;3;-1;0;0;0;0;0;0;0;0;0;0;0;0;0;1;1;0;0;-1;-1;0;0;-1;-1;-1;-1;-1;-1;-1;-1;-1;0;0;0;0;0;0;0;0;0;0;0;0;0;Recoleta;San Antonio Unido;1;0.86;0;0;3;0;0;0;0;0;0;0;0;0;0;0;0;503;13;Y;Y;N;N;N;N;N
128983;2222;2219;2017;complete;761;2;-1;;53,74;0;2;2;4;2;6;-1;-1;2;3;1;0;5;5;1;5;6;10;-1;-1;51;49;4;3;0;0;0;0;0;0;0;0;0;0;0;0;0;0;0;0;0;0;0;0;0;0;0;0;0;0;0;0;0;0;0;0;0;0;0;0;0;0;0;0;0;0;0;0;0;0;0;0;0;0;0;0;0;0;0;0;0;0;0;0;0;0;0;0;0;0;0;0;2;0;0;0;2;2;0;2017-08-06 19:30:00;2219;0;0;0;0;0;-1;1;-1;-1;-1;-1;-1;-1;1;3;2;0;4;2;-1;0;0;0;0;0;0;0;0;0;0;0;0;0;1;1;0;0;-1;-1;0;0;-1;-1;-1;-1;-1;-1;-1;-1;-1;0;0;0;0;0;0;0;0;0;0;0;0;0;Provincial Osorno;Independiente;1.83;0.67;0;0;0;3;0;0;0;0;0;0;0;0;0;0;0;503;12;Y;Y;N;N;N;N;N
128984;2223;2214;2017;complete;761;3;-1;3,25,90;;3;0;3;5;4;9;-1;-1;3;3;2;1;11;11;4;2;15;13;-1;-1;46;54;7;4;0;0;0;0;0;0;0;0;0;0;0;0;0;0;0;0;0;0;0;0;0;0;0;0;0;0;0;0;0;0;0;0;0;0;0;0;0;0;0;0;0;0;0;0;0;0;0;0;0;0;0;0;0;0;0;0;0;0;0;0;0;0;0;0;0;0;0;0;3;2;0;1;0;1;2;2017-08-12 20:00:00;2223;0;0;0;0;0;-1;1;-1;-1;-1;-1;-1;-1;1;2;4;2;3;6;-1;0;0;0;0;0;0;0;0;0;0;0;0;0;1;1;1;0;-1;-1;0;0;-1;-1;-1;-1;-1;-1;-1;-1;-1;0;0;0;0;100;0;100;0;0;12;0;6;1;San Antonio Unido;Naval;1.83;0.71;0;0;1.5;0.5;100;100;100;100;0;100;50;0;0;0;0;503;13;Y;Y;Y;N;N;N;N
128985;2220;2218;2017;complete;761;3;-1;78;13,75;1;2;3;-1;-1;-1;-1;-1;0;4;0;0;-1;-1;-1;-1;-1;-1;-1;-1;-1;-1;0;4;0;0;0;0;0;0;0;0;0;0;0;0;0;0;0;0;0;0;0;0;0;0;0;0;0;0;0;0;0;0;0;0;0;0;0;0;0;0;0;0;0;0;0;0;0;0;0;0;0;0;0;0;0;0;0;0;0;0;0;0;0;0;0;0;0;0;0;0;3;0;1;1;1;2;1;2017-08-12 22:00:00;2218;0;50;50;0;0;-1;1;-1;-1;-1;-1;-1;-1;0;3;0;1;3;1;-1;0;0;0;0;0;0;0;0;0;0;0;0;0;1;1;0;0;-1;-1;0;1;-1;-1;-1;-1;-1;-1;-1;-1;-1;0;0;100;100;100;50;100;100;50;7;0;7;3;Malleco Unido;Colchagua;1.14;1.29;3;0;3;0;100;100;0;0;0;0;0;0;0;0;0;503;13;Y;Y;Y;N;N;N;Y
128986;2216;2224;2017;complete;761;3;-1;14;;1;0;1;6;4;10;-1;-1;2;4;0;1;7;4;7;4;14;8;-1;-1;54;46;2;6;0;0;0;0;0;0;0;0;0;0;0;0;0;0;0;0;0;0;0;0;0;0;0;0;0;0;0;0;0;0;0;0;0;0;0;0;0;0;0;0;0;0;0;0;0;0;0;0;0;0;0;0;0;0;0;0;0;0;0;0;0;0;0;0;0;0;0;0;1;1;0;0;0;0;1;2017-08-12 22:30:00;2216;0;50;0;0;0;-1;1;-1;-1;-1;-1;-1;-1;0;3;2;2;3;4;-1;0;0;0;0;0;0;0;0;0;0;0;0;0;1;1;0;0;-1;-1;0;0;-1;-1;-1;-1;-1;-1;-1;-1;-1;0;0;0;50;50;0;50;50;0;4;0;3;1;Deportes Santa Cruz;Deportes Pintana;1.67;0.86;0;1;3;0.5;50;50;50;0;0;0;0;0;0;0;0;503;12;Y;N;N;N;N;N;N
128987;2221;2217;2017;complete;761;3;-1;64;;1;0;1;3;2;5;-1;-1;1;3;1;1;6;4;9;6;15;10;-1;-1;47;53;3;5;0;0;0;0;0;0;0;0;0;0;0;0;0;0;0;0;0;0;0;0;0;0;0;0;0;0;0;0;0;0;0;0;0;0;0;0;0;0;0;0;0;0;0;0;0;0;0;0;0;0;0;0;0;0;0;0;0;0;0;0;0;0;0;0;0;0;0;0;1;0;0;1;0;1;0;2017-08-12 23:00:00;2221;0;50;50;0;0;-1;1;-1;-1;-1;-1;-1;-1;1;0;1;4;1;5;-1;0;0;0;0;0;0;0;0;0;0;0;0;0;1;1;0;0;-1;-1;0;0;-1;-1;-1;-1;-1;-1;-1;-1;-1;0;0;50;50;100;50;100;50;0;2;0;8;2;Deportes Vallenar;Melipilla;2.29;0.83;3;3;2;2;100;100;50;50;0;50;0;0;0;0;0;503;12;Y;N;N;N;N;N;N
128988;2222;2225;2017;complete;761;3;-1;27,53;30;2;1;3;2;7;9;-1;-1;2;3;0;0;3;2;2;2;5;4;-1;-1;48;52;2;3;0;0;0;0;0;0;0;0;0;0;0;0;0;0;0;0;0;0;0;0;0;0;0;0;0;0;0;0;0;0;0;0;0;0;0;0;0;0;0;0;0;0;0;0;0;0;0;0;0;0;0;0;0;0;0;0;0;0;0;0;0;0;0;0;0;0;0;0;3;1;1;1;0;1;2;2017-08-13 18:30:00;2222;0;0;0;0;0;-1;1;-1;-1;-1;-1;-1;-1;2;0;0;3;2;3;-1;0;0;0;0;0;0;0;0;0;0;0;0;0;1;1;0;0;-1;-1;1;0;-1;-1;-1;-1;-1;-1;-1;-1;-1;50;50;50;100;100;50;50;100;100;4;0;5;3.5;Provincial Osorno;Recoleta;1.83;1.67;0;3;0;1.5;50;50;50;0;0;0;0;0;0;0;0;503;13;Y;Y;Y;N;N;N;Y
128989;2223;2220;2017;complete;761;4;-1;57;75;1;1;2;3;3;6;-1;-1;2;2;0;0;5;8;4;6;9;14;-1;-1;50;50;2;2;0;0;0;0;0;0;0;0;0;0;0;0;0;0;0;0;0;0;0;0;0;0;0;0;0;0;0;0;0;0;0;0;0;0;0;0;0;0;0;0;0;0;0;0;0;0;0;0;0;0;0;0;0;0;0;0;0;0;0;0;0;0;0;0;0;0;0;0;2;0;0;1;1;2;0;2017-08-15 19:30:00;-1;0;0;0;0;0;-1;1;-1;-1;-1;-1;-1;-1;1;1;1;1;2;2;-1;0;0;0;0;0;0;0;0;0;0;0;0;0;1;1;0;0;-1;-1;0;0;-1;-1;-1;-1;-1;-1;-1;-1;-1;0;0;25;25;50;25;50;25;0;6;0;4.5;1;San Antonio Unido;Malleco Unido;1.83;1.67;1.5;0;2;1.5;50;50;25;25;0;50;0;0;0;0;0;503;13;Y;Y;N;N;N;N;Y
128990;2224;2221;2017;complete;761;4;-1;;45,68;0;2;2;4;7;11;-1;-1;2;2;1;0;4;10;7;10;11;20;-1;-1;52;48;4;2;0;0;0;0;0;0;0;0;0;0;0;0;0;0;0;0;0;0;0;0;0;0;0;0;0;0;0;0;0;0;0;0;0;0;0;0;0;0;0;0;0;0;0;0;0;0;0;0;0;0;0;0;0;0;0;0;0;0;0;0;0;0;0;0;0;0;0;0;2;0;1;0;1;1;1;2017-08-16 18:00:00;2221;0;50;0;0;0;-1;1;-1;-1;-1;-1;-1;-1;0;1;3;1;1;4;-1;0;0;0;0;0;0;0;0;0;0;0;0;0;1;1;0;0;-1;-1;0;0;-1;-1;-1;-1;-1;-1;-1;-1;-1;50;50;50;100;100;50;100;100;50;4;0;8;3.5;Deportes Pintana;Deportes Vallenar;1.67;1.2;0;1;0.33;2.33;50;50;50;0;0;0;0;0;0;0;0;503;12;Y;Y;N;N;N;N;N
128991;2218;2222;2017;complete;761;4;-1;2,45,88;58,82;3;2;5;1;9;10;-1;-1;2;2;0;0;6;8;3;3;9;11;-1;-1;49;51;2;2;0;0;0;0;0;0;0;0;0;0;0;0;0;0;0;0;0;0;0;0;0;0;0;0;0;0;0;0;0;0;0;0;0;0;0;0;0;0;0;0;0;0;0;0;0;0;0;0;0;0;0;0;0;0;0;0;0;0;0;0;0;0;0;0;0;0;0;0;5;2;0;1;2;3;2;2017-08-16 18:30:00;2218;0;0;0;0;0;-1;1;-1;-1;-1;-1;-1;-1;1;2;1;0;3;1;-1;0;0;0;0;0;0;0;0;0;0;0;0;0;1;1;1;0;-1;-1;0;0;-1;-1;-1;-1;-1;-1;-1;-1;-1;0;0;50;50;100;0;100;50;50;9;0;7;2;Colchagua;Provincial Osorno;1.67;0.14;0;0;1;1;100;100;50;50;0;50;50;50;0;0;0;503;13;Y;Y;Y;Y;Y;N;Y
128992;2225;2219;2017;complete;761;4;-1;24,32;69;2;1;3;5;6;11;-1;-1;3;2;0;1;3;3;9;10;12;13;-1;-1;53;47;3;3;0;0;0;0;0;0;0;0;0;0;0;0;0;0;0;0;0;0;0;0;0;0;0;0;0;0;0;0;0;0;0;0;0;0;0;0;0;0;0;0;0;0;0;0;0;0;0;0;0;0;0;0;0;0;0;0;0;0;0;0;0;0;0;0;0;0;0;0;3;2;0;0;1;1;2;2017-08-16 19:30:00;2225;0;0;0;0;0;-1;1;-1;-1;-1;-1;-1;-1;2;2;1;1;4;2;-1;0;0;0;0;0;0;0;0;0;0;0;0;0;1;1;0;0;-1;-1;0;0;-1;-1;-1;-1;-1;-1;-1;-1;-1;0;0;0;100;100;0;50;100;50;4;0;5;2;Recoleta;Independiente;1;0.67;0;3;1;3;100;100;100;0;0;0;0;0;0;0;0;503;12;Y;Y;Y;N;N;N;Y
128993;2217;2216;2017;complete;761;4;-1;45,85;7,71,74;2;3;5;5;3;8;-1;-1;5;1;1;0;5;7;4;5;9;12;-1;-1;52;48;6;1;0;0;0;0;0;0;0;0;0;0;0;0;0;0;0;0;0;0;0;0;0;0;0;0;0;0;0;0;0;0;0;0;0;0;0;0;0;0;0;0;0;0;0;0;0;0;0;0;0;0;0;0;0;0;0;0;0;0;0;0;0;0;0;0;0;0;0;0;5;1;1;1;2;3;2;2017-08-16 22:00:00;2216;0;50;0;0;0;-1;1;-1;-1;-1;-1;-1;-1;4;0;2;1;4;3;-1;0;0;0;0;0;0;0;0;0;0;0;0;0;1;1;0;1;-1;-1;0;0;-1;-1;-1;-1;-1;-1;-1;-1;-1;0;0;0;50;100;0;100;50;0;7;0;7;1.5;Melipilla;Deportes Santa Cruz;1.86;1.5;1;3;1.33;3;100;100;100;50;0;50;50;50;0;0;0;503;12;Y;Y;Y;Y;Y;N;Y
128994;2216;2222;2017;complete;761;5;-1;67,77;;2;0;2;10;1;11;-1;-1;1;1;0;0;11;5;9;4;20;9;-1;-1;53;47;1;1;0;0;0;0;0;0;0;0;0;0;0;0;0;0;0;0;0;0;0;0;0;0;0;0;0;0;0;0;0;0;0;0;0;0;0;0;0;0;0;0;0;0;0;0;0;0;0;0;0;0;0;0;0;0;0;0;0;0;0;0;0;0;0;0;0;0;0;0;2;0;0;2;0;2;0;2017-08-20 15:00:00;2216;0;25;0;25;0;-1;1;-1;-1;-1;-1;-1;-1;0;1;1;0;1;1;-1;0;0;0;0;0;0;0;0;0;0;0;0;0;1;1;0;0;-1;-1;0;0;-1;-1;-1;-1;-1;-1;-1;-1;-1;25;25;50;50;100;25;100;50;50;11;0;4;2.5;Deportes Santa Cruz;Provincial Osorno;1.67;0.14;3;0;3;0.75;75;75;50;50;0;75;75;0;0;0;0;503;12;Y;Y;N;N;N;N;N
128995;2224;2223;2017;complete;761;5;-1;42,63,90;;3;0;3;0;6;6;-1;-1;1;4;0;1;6;11;6;5;12;16;-1;-1;46;54;1;5;0;0;0;0;0;0;0;0;0;0;0;0;0;0;0;0;0;0;0;0;0;0;0;0;0;0;0;0;0;0;0;0;0;0;0;0;0;0;0;0;0;0;0;0;0;0;0;0;0;0;0;0;0;0;0;0;0;0;0;0;0;0;0;0;0;0;0;0;3;1;0;2;0;2;1;2017-08-20 18:00:00;2224;0;0;0;0;0;-1;1;-1;-1;-1;-1;-1;-1;0;2;1;3;2;4;-1;0;0;0;0;0;0;0;0;0;0;0;0;0;1;1;0;0;-1;-1;0;0;-1;-1;-1;-1;-1;-1;-1;-1;-1;25;25;25;100;100;25;100;100;25;6;0;8.5;2.75;Deportes Pintana;San Antonio Unido;1.67;0.86;0;3;0.25;1.75;75;75;75;0;0;50;50;50;0;0;0;503;13;Y;Y;Y;N;N;N;N
128996;2217;2219;2017;complete;761;5;-1;28,60;;2;0;2;6;9;15;-1;-1;1;1;1;0;10;6;3;4;13;10;-1;-1;51;49;3;1;0;0;0;0;0;0;0;0;0;0;0;0;0;0;0;0;0;0;0;0;0;0;0;0;0;0;0;0;0;0;0;0;0;0;0;0;0;0;0;0;0;0;0;0;0;0;0;0;0;0;0;0;0;0;0;0;0;0;0;0;0;0;0;0;0;0;0;0;2;1;0;1;0;1;1;2017-08-20 18:30:00;2217;0;75;25;25;0;-1;1;-1;-1;-1;-1;-1;-1;0;0;2;1;0;3;-1;0;0;0;0;0;0;0;0;0;0;0;0;0;1;1;0;0;-1;-1;0;0;-1;-1;-1;-1;-1;-1;-1;-1;-1;25;25;50;100;100;50;75;100;50;8.5;0;7;3;Melipilla;Independiente;1.86;0.67;0.5;1.5;1;2;75;75;50;0;0;25;25;25;0;0;0;503;12;Y;Y;N;N;N;N;N
128997;2214;2218;2017;complete;761;5;-1;86;;1;0;1;0;4;4;-1;-1;0;1;0;0;5;3;5;3;10;6;-1;-1;53;47;0;1;0;0;0;0;0;0;0;0;0;0;0;0;0;0;0;0;0;0;0;0;0;0;0;0;0;0;0;0;0;0;0;0;0;0;0;0;0;0;0;0;0;0;0;0;0;0;0;0;0;0;0;0;0;0;0;0;0;0;0;0;0;0;0;0;0;0;0;0;1;0;0;1;0;1;0;2017-08-20 19:00:00;2214;0;100;25;25;0;-1;1;-1;-1;-1;-1;-1;-1;0;1;0;0;1;0;-1;0;0;0;0;0;0;0;0;0;0;0;0;0;1;1;0;0;-1;-1;0;0;-1;-1;-1;-1;-1;-1;-1;-1;-1;0;0;50;100;100;25;100;100;25;1;0;6.5;2.5;Naval;Colchagua;2.33;1.29;1;1.5;0.33;1.5;100;100;50;0;0;0;0;0;0;0;0;503;13;Y;N;N;N;N;N;N
128998;2220;2217;2017;complete;761;6;-1;27,77;13,17;2;2;4;7;2;9;-1;-1;2;5;0;1;8;5;6;2;14;7;-1;-1;53;47;2;6;0;0;0;0;0;0;0;0;0;0;0;0;0;0;0;0;0;0;0;0;0;0;0;0;0;0;0;0;0;0;0;0;0;0;0;0;0;0;0;0;0;0;0;0;0;0;0;0;0;0;0;0;0;0;0;0;0;0;0;0;0;0;0;0;0;0;0;0;4;1;2;1;0;1;3;2017-08-26 21:00:00;-1;0;25;0;25;0;-1;1;-1;-1;-1;-1;-1;-1;2;4;0;2;6;2;-1;0;0;0;0;0;0;0;0;0;0;0;0;0;1;1;0;0;-1;-1;0;0;-1;-1;-1;-1;-1;-1;-1;-1;-1;0;0;50;50;100;0;75;75;50;9;0;7;2;Malleco Unido;Melipilla;1.14;0.83;1.5;1.5;1.75;1.4;100;100;50;50;0;25;0;0;0;0;0;503;13;Y;Y;Y;Y;N;N;Y
128999;2221;2216;2017;complete;761;6;-1;35;28;1;1;2;6;0;6;-1;-1;3;4;0;1;8;3;10;6;18;9;-1;-1;53;47;3;5;0;0;0;0;0;0;0;0;0;0;0;0;0;0;0;0;0;0;0;0;0;0;0;0;0;0;0;0;0;0;0;0;0;0;0;0;0;0;0;0;0;0;0;0;0;0;0;0;0;0;0;0;0;0;0;0;0;0;0;0;0;0;0;0;0;0;0;0;2;1;1;0;0;0;2;2017-08-26 22:00:00;-1;0;50;50;25;0;-1;1;-1;-1;-1;-1;-1;-1;1;1;2;4;2;6;-1;0;0;0;0;0;0;0;0;0;0;0;0;0;1;1;0;0;-1;-1;0;0;-1;-1;-1;-1;-1;-1;-1;-1;-1;25;25;50;50;100;50;75;75;25;4.5;0;6;2.5;Deportes Vallenar;Deportes Santa Cruz;2.29;1.5;3;3;2.5;3;75;75;50;50;0;25;25;25;0;0;0;503;12;Y;Y;N;N;N;N;Y
129000;2218;2225;2017;complete;761;6;-1;9;12,29,45,53,62;1;5;6;-1;-1;-1;-1;-1;3;2;0;0;-1;-1;-1;-1;-1;-1;-1;-1;-1;-1;3;2;0;0;0;0;0;0;0;0;0;0;0;0;0;0;0;0;0;0;0;0;0;0;0;0;0;0;0;0;0;0;0;0;0;0;0;0;0;0;0;0;0;0;0;0;0;0;0;0;0;0;0;0;0;0;0;0;0;0;0;0;0;0;0;0;0;0;0;0;6;1;3;0;2;2;4;2017-08-27 18:30:00;2225;0;50;25;25;0;-1;1;-1;-1;-1;-1;-1;-1;2;1;1;1;3;2;-1;0;0;0;0;0;0;0;0;0;0;0;0;0;1;1;1;0;-1;-1;0;0;-1;-1;-1;-1;-1;-1;-1;-1;-1;50;50;75;75;100;75;100;75;50;11.5;0;5.5;3.5;Colchagua;Recoleta;1.67;1.67;1.5;1.5;1.2;1.2;50;50;25;25;0;100;50;25;0;0;0;503;13;Y;Y;Y;Y;Y;Y;Y
129001;2222;2214;2017;complete;761;6;-1;87;29;1;1;2;3;2;5;-1;-1;2;1;0;2;7;3;3;3;10;6;-1;-1;53;47;2;5;0;0;0;0;0;0;0;0;0;0;0;0;0;0;0;0;0;0;0;0;0;0;0;0;0;0;0;0;0;0;0;0;0;0;0;0;0;0;0;0;0;0;0;0;0;0;0;0;0;0;0;0;0;0;0;0;0;0;0;0;0;0;0;0;0;0;0;0;2;0;1;1;0;1;1;2017-08-27 18:30:00;-1;0;25;25;0;0;-1;1;-1;-1;-1;-1;-1;-1;1;0;1;3;1;4;-1;0;0;0;0;0;0;0;0;0;0;0;0;0;1;1;0;0;-1;-1;0;0;-1;-1;-1;-1;-1;-1;-1;-1;-1;0;0;50;75;100;50;75;75;25;7.5;0;7;2.25;Provincial Osorno;Naval;1.83;0.71;1.5;0;0.6;1;100;100;50;25;0;75;25;0;0;0;0;503;13;Y;Y;N;N;N;N;Y
129002;2219;2224;2017;complete;761;6;-1;39,70;67,76;2;2;4;10;7;17;-1;-1;3;2;1;1;10;9;5;3;15;12;-1;-1;50;50;5;3;0;0;0;0;0;0;0;0;0;0;0;0;0;0;0;0;0;0;0;0;0;0;0;0;0;0;0;0;0;0;0;0;0;0;0;0;0;0;0;0;0;0;0;0;0;0;0;0;0;0;0;0;0;0;0;0;0;0;0;0;0;0;0;0;0;0;0;0;4;1;0;1;2;3;1;2017-08-27 19:00:00;-1;0;25;0;0;0;-1;1;-1;-1;-1;-1;-1;-1;1;0;3;3;1;6;-1;0;0;0;0;0;0;0;0;0;0;0;0;0;1;1;0;0;-1;-1;0;0;-1;-1;-1;-1;-1;-1;-1;-1;-1;0;0;0;25;100;0;100;25;0;9;0;8.5;1.25;Independiente;Deportes Pintana;2;0.86;3;0.5;1.5;0.8;100;100;100;75;0;75;75;0;0;0;0;503;12;Y;Y;Y;Y;N;N;Y
129003;2221;2223;2017;complete;761;7;-1;68;;1;0;1;10;1;11;-1;-1;0;3;0;0;7;3;18;4;25;7;-1;-1;48;52;0;3;0;0;0;0;0;0;0;0;0;0;0;0;0;0;0;0;0;0;0;0;0;0;0;0;0;0;0;0;0;0;0;0;0;0;0;0;0;0;0;0;0;0;0;0;0;0;0;0;0;0;0;0;0;0;0;0;0;0;0;0;0;0;0;0;0;0;0;0;1;0;0;1;0;1;0;2017-09-02 22:00:00;2221;0;34;34;0;0;-1;1;-1;-1;-1;-1;-1;-1;0;2;0;1;2;1;-1;0;0;0;0;0;0;0;0;0;0;0;0;0;1;1;0;0;-1;-1;0;0;-1;-1;-1;-1;-1;-1;-1;-1;-1;0;0;42;84;100;34;84;84;25;7;0;7.5;2.25;Deportes Vallenar;San Antonio Unido;2.29;0.86;2.33;1.5;2.2;1.4;100;100;59;17;0;0;0;0;0;0;0;503;12;Y;N;N;N;N;N;N
129004;2216;2219;2017;complete;761;7;-1;65;76;1;1;2;4;9;13;-1;-1;2;2;1;0;4;9;11;9;15;18;-1;-1;49;51;3;2;0;0;0;0;0;0;0;0;0;0;0;0;0;0;0;0;0;0;0;0;0;0;0;0;0;0;0;0;0;0;0;0;0;0;0;0;0;0;0;0;0;0;0;0;0;0;0;0;0;0;0;0;0;0;0;0;0;0;0;0;0;0;0;0;0;0;0;0;2;0;0;1;1;2;0;2017-09-03 16:00:00;-1;0;17;0;0;0;-1;1;-1;-1;-1;-1;-1;-1;2;1;1;1;3;2;-1;0;0;0;0;0;0;0;0;1;0;1;0;0;1;1;0;0;-1;-1;0;1;-1;-1;-1;-1;-1;-1;-1;-1;-1;0;0;17;75;100;17;59;75;42;13.67;0;3.83;1.92;Deportes Santa Cruz;Independiente;1.67;0.67;3;1;2.6;1.4;100;100;84;25;0;84;84;59;0;0;0;503;12;Y;Y;N;N;N;N;Y
129005;2217;2222;2017;complete;761;7;-1;28;;1;0;1;4;0;4;-1;-1;2;3;1;0;8;8;7;5;15;13;-1;-1;61;39;3;3;0;0;0;0;0;0;0;0;0;0;0;0;0;0;0;0;0;0;0;0;0;0;0;0;0;0;0;0;0;0;0;0;0;0;0;0;0;0;0;0;0;0;0;0;0;0;0;0;0;0;0;0;0;0;0;0;0;0;0;0;0;0;0;0;0;0;0;0;1;1;0;0;0;0;1;2017-09-03 18:30:00;2217;0;54;13;42;0;-1;1;-1;-1;-1;-1;-1;-1;1;2;2;1;3;3;-1;0;0;0;0;0;0;0;0;0;0;0;0;0;1;1;0;0;-1;-1;0;0;-1;-1;-1;-1;-1;-1;-1;-1;-1;29;29;59;100;100;29;84;100;75;8.67;0;5.17;3.17;Melipilla;Provincial Osorno;1.86;0.14;1.75;0;1.57;0.67;71;71;42;0;0;50;50;33;0;0;0;503;13;Y;N;N;N;N;N;N
129006;2214;2225;2017;complete;761;7;-1;66;89;1;1;2;2;5;7;-1;-1;2;3;0;0;3;8;1;8;4;16;-1;-1;46;54;2;3;0;0;0;0;0;0;0;0;0;0;0;0;0;0;0;0;0;0;0;0;0;0;0;0;0;0;0;0;0;0;0;0;0;0;0;0;0;0;0;0;0;0;0;0;0;0;0;0;0;0;0;0;0;0;0;0;0;0;0;0;0;0;0;0;0;0;0;0;2;0;0;1;1;2;0;2017-09-03 19:00:00;-1;0;59;34;0;0;-1;1;-1;-1;-1;-1;-1;-1;1;1;1;2;2;3;-1;0;0;0;0;0;0;0;0;0;0;0;0;0;1;1;0;0;-1;-1;0;0;-1;-1;-1;-1;-1;-1;-1;-1;-1;34;34;50;75;100;50;75;100;34;7.5;0;3.5;3.09;Naval;Recoleta;2.33;1.67;2;2;0.83;1.5;67;67;50;25;0;50;0;0;0;0;0;503;13;Y;Y;N;N;N;N;Y
129007;2224;2220;2017;complete;761;7;-1;44,86;39;2;1;3;1;7;8;-1;-1;3;2;0;0;7;4;1;4;8;8;-1;-1;52;48;3;2;0;0;0;0;0;0;0;0;0;0;0;0;0;0;0;0;0;0;0;0;0;0;0;0;0;0;0;0;0;0;0;0;0;0;0;0;0;0;0;0;0;0;0;0;0;0;0;0;0;0;0;0;0;0;0;0;0;0;0;0;0;0;0;0;0;0;0;0;3;1;1;1;0;1;2;2017-09-03 22:00:00;2224;0;25;0;50;0;-1;1;-1;-1;-1;-1;-1;-1;1;0;2;2;1;4;-1;0;0;0;0;0;0;0;0;0;0;0;0;0;1;1;0;0;-1;-1;0;0;-1;-1;-1;-1;-1;-1;-1;-1;-1;17;17;59;100;100;17;50;75;59;5;0;5.33;2.92;Deportes Pintana;Malleco Unido;1.67;1.67;1;2;0.83;1.6;84;84;42;0;0;25;25;25;0;0;0;503;13;Y;Y;Y;N;N;N;Y
129008;2220;2214;2017;complete;761;8;-1;49;20,90;1;2;3;5;2;7;-1;-1;2;1;1;0;2;3;0;0;2;3;-1;-1;52;48;3;1;0;0;0;0;0;0;0;0;0;0;0;0;0;0;0;0;0;0;0;0;0;0;0;0;0;0;0;0;0;0;0;0;0;0;0;0;0;0;0;0;0;0;0;0;0;0;0;0;0;0;0;0;0;0;0;0;0;0;0;0;0;0;0;0;0;0;0;0;3;0;1;1;1;2;1;2017-09-09 22:00:00;2214;0;59;17;29;0;-1;1;-1;-1;-1;-1;-1;-1;2;1;1;0;3;1;-1;0;0;0;0;0;0;0;0;0;0;0;0;0;1;1;0;0;-1;-1;0;0;-1;-1;-1;-1;-1;-1;-1;-1;-1;0;17;75;88;100;29;100;88;46;10.67;0;5.75;2.79;Malleco Unido;Naval;1.14;0.71;1.33;0.25;1.33;0.86;100;84;25;13;0;59;17;0;0;0;0;503;13;Y;Y;Y;N;N;N;Y
129009;2219;2221;2017;complete;761;8;-1;;;0;0;0;5;4;9;-1;-1;2;2;1;0;4;2;8;6;12;8;-1;-1;51;49;3;2;0;0;0;0;0;0;0;0;0;0;0;0;0;0;0;0;0;0;0;0;0;0;0;0;0;0;0;0;0;0;0;0;0;0;0;0;0;0;0;0;0;0;0;0;0;0;0;0;0;0;0;0;0;0;0;0;0;0;0;0;0;0;0;0;0;0;0;0;0;0;0;0;0;0;0;2017-09-10 18:30:00;-1;0;50;0;25;0;-1;1;-1;-1;-1;-1;-1;-1;2;1;1;1;3;2;-1;0;0;0;0;0;0;0;0;0;0;0;0;0;1;1;0;0;-1;-1;0;0;-1;-1;-1;-1;-1;-1;-1;-1;-1;0;25;25;75;100;0;100;75;25;13;0;7;2.25;Independiente;Deportes Vallenar;2;1.2;2;2;1.33;2.33;100;75;75;25;0;75;75;50;0;0;0;503;12;N;N;N;N;N;N;N
129010;2225;2217;2017;complete;761;8;-1;;;0;0;0;7;0;7;-1;-1;4;5;0;0;2;2;7;6;9;8;-1;-1;50;50;4;5;0;0;0;0;0;0;0;0;0;0;0;0;0;0;0;0;0;0;0;0;0;0;0;0;0;0;0;0;0;0;0;0;0;0;0;0;0;0;0;0;0;0;0;0;0;0;0;0;0;0;0;0;0;0;0;0;0;0;0;0;0;0;0;0;0;0;0;0;0;0;0;0;0;0;0;2017-09-10 18:30:00;-1;0;33;17;0;0;-1;1;-1;-1;-1;-1;-1;-1;3;4;1;1;7;2;-1;0;0;0;0;0;0;0;0;0;0;0;0;0;1;1;0;0;-1;-1;0;0;-1;-1;-1;-1;-1;-1;-1;-1;-1;0;17;50;67;100;33;67;67;0;5.5;0;7.83;2.34;Recoleta;Melipilla;1;0.83;1;1.33;1.43;1.75;100;84;50;34;0;59;25;25;0;0;0;503;13;N;N;N;N;N;N;N
129011;2218;2224;2017;complete;761;8;-1;54,72,88;;3;0;3;2;4;6;-1;-1;2;2;0;1;8;3;5;10;13;13;-1;-1;50;50;2;4;0;0;0;0;0;0;0;0;0;0;0;0;0;0;0;0;0;0;0;0;0;0;0;0;0;0;0;0;0;0;0;0;0;0;0;0;0;0;0;0;0;0;0;0;0;0;0;0;0;0;0;0;0;0;0;0;0;0;0;0;0;0;0;0;0;0;0;0;3;0;0;3;0;3;0;2017-09-10 18:30:00;2218;0;67;17;33;0;-1;1;-1;-1;-1;-1;-1;-1;0;0;2;3;0;5;-1;0;0;0;0;0;0;0;1;0;1;0;0;0;1;1;0;0;-1;-1;0;0;-1;-1;-1;-1;-1;-1;-1;-1;-1;34;50;50;67;100;34;100;67;50;9.5;0;7.33;3.17;Colchagua;Deportes Pintana;1.67;0.86;1;0.67;1;1.14;67;50;50;33;0;84;84;42;0;0;0;503;13;Y;Y;Y;N;N;N;N
129012;2223;2216;2017;complete;761;8;-1;59;47;1;1;2;6;6;12;-1;-1;4;1;1;0;6;6;8;6;14;12;-1;-1;47;53;6;1;0;0;0;0;0;0;0;0;0;0;0;0;0;0;0;0;0;0;0;0;0;0;0;0;0;0;0;0;0;0;0;0;0;0;0;0;0;0;0;0;0;0;0;0;0;0;0;0;0;0;0;0;0;0;0;0;0;0;0;0;0;0;0;0;0;0;0;0;2;0;0;1;1;2;0;2017-09-10 22:30:00;-1;0;50;34;33;0;-1;1;-1;-1;-1;-1;-1;-1;1;0;4;1;1;5;-1;0;0;0;0;0;0;0;0;0;0;0;0;0;1;1;0;0;-1;-1;0;0;-1;-1;-1;-1;-1;-1;-1;-1;-1;17;17;33;67;100;50;84;50;33;7;0;7.34;2.34;San Antonio Unido;Deportes Santa Cruz;1.83;1.5;1.33;2.33;1.17;2.33;84;84;67;33;0;50;17;17;0;0;0;503;12;Y;Y;N;N;N;N;Y
129013;2217;2218;2017;complete;761;9;-1;;48;0;1;1;4;2;6;-1;-1;2;6;0;1;4;2;10;1;14;3;-1;-1;50;50;2;7;0;0;0;0;0;0;0;0;0;0;0;0;0;0;0;0;0;0;0;0;0;0;0;0;0;0;0;0;0;0;0;0;0;0;0;0;0;0;0;0;0;0;0;0;0;0;0;0;0;0;0;0;0;0;0;0;0;0;0;0;0;0;0;0;0;0;0;0;1;0;0;0;1;1;0;2017-09-13 22:00:00;2218;0;64;27;37;0;-1;1;-1;-1;-1;-1;-1;-1;1;2;1;5;3;6;-1;0;0;0;0;0;0;0;0;0;0;0;0;0;1;1;0;0;-1;-1;0;0;-1;-1;-1;-1;-1;-1;-1;-1;-1;10;10;54;74;100;27;84;90;37;6.75;0;6.07;2.47;Melipilla;Colchagua;1.86;1.29;2;1;1.67;1.29;90;90;47;27;0;13;13;13;0;0;0;503;13;Y;N;N;N;N;N;N
129014;2224;2214;2017;complete;761;9;-1;68;45;1;1;2;4;6;10;-1;-1;2;3;0;0;6;9;6;8;12;17;-1;-1;48;52;2;3;0;0;0;0;0;0;0;0;0;0;0;0;0;0;0;0;0;0;0;0;0;0;0;0;0;0;0;0;0;0;0;0;0;0;0;0;0;0;0;0;0;0;0;0;0;0;0;0;0;0;0;0;0;0;0;0;0;0;0;0;0;0;0;0;0;0;0;0;2;0;1;1;0;1;1;2017-09-14 18:00:00;-1;0;43;13;20;0;-1;1;-1;-1;-1;-1;-1;-1;1;0;1;3;1;4;-1;0;0;0;0;0;0;0;0;0;0;0;0;0;1;1;0;0;-1;-1;1;0;-1;-1;-1;-1;-1;-1;-1;-1;-1;13;13;68;90;100;35;100;90;45;4.92;0;6.45;2.83;Deportes Pintana;Naval;1.67;0.71;1.5;0.8;1;1.13;88;88;33;10;0;42;29;17;0;0;0;503;13;Y;Y;N;N;N;N;Y
129015;2216;2220;2017;complete;761;9;-1;1;42,49;1;2;3;6;3;9;-1;-1;0;4;0;0;7;10;8;5;15;15;-1;-1;59;41;0;4;0;0;0;0;0;0;0;0;0;0;0;0;0;0;0;0;0;0;0;0;0;0;0;0;0;0;0;0;0;0;0;0;0;0;0;0;0;0;0;0;0;0;0;0;0;0;0;0;0;0;0;0;0;0;0;0;0;0;0;0;0;0;0;0;0;0;0;0;3;1;1;0;1;1;2;2017-09-14 22:00:00;2220;0;50;25;42;0;-1;1;-1;-1;-1;-1;-1;-1;0;0;0;4;0;4;-1;0;0;0;0;0;0;0;0;0;0;0;0;0;1;1;1;0;-1;-1;0;0;-1;-1;-1;-1;-1;-1;-1;-1;-1;0;0;34;84;100;17;33;67;50;11.67;0;4;2.17;Deportes Santa Cruz;Malleco Unido;1.67;1.67;2.33;1.33;2.14;1.14;100;100;67;17;0;50;50;34;0;0;0;503;12;Y;Y;Y;N;N;N;Y
129016;2221;2222;2017;complete;761;9;-1;24,75;;2;0;2;6;4;10;-1;-1;0;2;0;0;5;2;9;4;14;6;-1;-1;53;47;0;2;0;0;0;0;0;0;0;0;0;0;0;0;0;0;0;0;0;0;0;0;0;0;0;0;0;0;0;0;0;0;0;0;0;0;0;0;0;0;0;0;0;0;0;0;0;0;0;0;0;0;0;0;0;0;0;0;0;0;0;0;0;0;0;0;0;0;0;0;2;1;0;1;0;1;1;2017-09-14 23:00:00;2221;0;38;25;13;0;-1;1;-1;-1;-1;-1;-1;-1;0;1;0;1;1;1;-1;0;0;0;0;0;0;0;0;0;0;0;0;0;1;1;0;0;-1;-1;0;0;-1;-1;-1;-1;-1;-1;-1;-1;-1;13;13;38;63;100;38;63;75;38;7.5;0;4.25;2.25;Deportes Vallenar;Provincial Osorno;2.29;0.14;2.5;0;2.14;0.57;88;88;63;38;0;38;38;25;0;0;0;503;12;Y;Y;N;N;N;N;N
129017;2214;2216;2017;complete;761;10;-1;26;;1;0;1;9;5;14;-1;-1;2;5;0;1;7;7;15;9;22;16;-1;-1;51;49;2;6;0;0;0;0;0;0;0;0;0;0;0;0;0;0;0;0;0;0;0;0;0;0;0;0;0;0;0;0;0;0;0;0;0;0;0;0;0;0;0;0;0;0;0;0;0;0;0;0;0;0;0;0;0;0;0;0;0;0;0;0;0;0;0;0;0;0;0;0;1;1;0;0;0;0;1;2017-09-23 20:00:00;2214;0;71;25;42;0;-1;1;-1;-1;-1;-1;-1;-1;1;1;1;5;2;6;-1;0;0;0;0;0;0;0;0;0;0;0;0;0;1;1;0;0;-1;-1;0;0;-1;-1;-1;-1;-1;-1;-1;-1;-1;13;13;13;71;100;25;54;75;42;4;0;4.67;2.09;Naval;Deportes Santa Cruz;2.33;1.5;1.67;2;1.11;1.88;88;88;88;29;0;25;25;25;0;0;0;503;12;Y;N;N;N;N;N;N
129018;2220;2219;2017;complete;761;10;-1;16,64;74;2;1;3;-1;-1;-1;-1;-1;4;3;1;0;-1;-1;-1;-1;-1;-1;-1;-1;-1;-1;5;3;0;0;0;0;0;0;0;0;0;0;0;0;0;0;0;0;0;0;0;0;0;0;0;0;0;0;0;0;0;0;0;0;0;0;0;0;0;0;0;0;0;0;0;0;0;0;0;0;0;0;0;0;0;0;0;0;0;0;0;0;0;0;0;0;0;0;0;0;3;1;0;1;1;2;1;2017-09-23 22:00:00;2220;0;63;13;38;0;-1;1;-1;-1;-1;-1;-1;-1;1;2;4;1;3;5;-1;0;0;0;0;0;0;0;0;0;0;0;0;0;1;1;0;0;-1;-1;0;0;-1;-1;-1;-1;-1;-1;-1;-1;-1;0;13;63;100;100;25;75;100;63;12.83;0;4.5;2.75;Malleco Unido;Independiente;1.14;0.67;1;1;1.38;1.29;100;88;38;0;0;54;38;38;0;0;0;503;12;Y;Y;Y;N;N;N;Y
129019;2218;2223;2017;complete;761;10;-1;28;;1;0;1;5;8;13;-1;-1;2;2;1;1;6;5;2;5;8;10;-1;-1;45;55;3;4;0;0;0;0;0;0;0;0;0;0;0;0;0;0;0;0;0;0;0;0;0;0;0;0;0;0;0;0;0;0;0;0;0;0;0;0;0;0;0;0;0;0;0;0;0;0;0;0;0;0;0;0;0;0;0;0;0;0;0;0;0;0;0;0;0;0;0;0;1;1;0;0;0;0;1;2017-09-24 18:30:00;2218;0;25;13;13;0;-1;1;-1;-1;-1;-1;-1;-1;1;2;2;1;3;3;-1;0;0;0;0;0;0;0;0;0;0;0;0;0;1;1;0;0;-1;-1;0;0;-1;-1;-1;-1;-1;-1;-1;-1;-1;25;25;54;71;100;25;71;88;54;6.67;0;7;2.88;Colchagua;San Antonio Unido;1.67;0.86;1.5;1;1.5;1.14;75;75;46;29;0;50;50;33;0;0;0;503;13;Y;N;N;N;N;N;N
129020;2222;2224;2017;complete;761;10;-1;38,83;61;2;1;3;3;7;10;-1;-1;1;1;0;0;3;4;5;3;8;7;-1;-1;51;49;1;1;0;0;0;0;0;0;0;0;0;0;0;0;0;0;0;0;0;0;0;0;0;0;0;0;0;0;0;0;0;0;0;0;0;0;0;0;0;0;0;0;0;0;0;0;0;0;0;0;0;0;0;0;0;0;0;0;0;0;0;0;0;0;0;0;0;0;0;0;3;1;0;1;1;2;1;2017-09-24 18:30:00;2222;0;59;17;13;0;-1;1;-1;-1;-1;-1;-1;-1;0;0;1;1;0;2;-1;0;0;0;0;0;0;0;0;0;0;0;0;0;1;1;0;0;-1;-1;0;0;-1;-1;-1;-1;-1;-1;-1;-1;-1;0;13;42;88;100;17;71;88;42;7.75;0;6.67;2.42;Provincial Osorno;Deportes Pintana;1.83;0.86;1.33;0.5;0.5;1;100;88;59;13;0;42;25;13;0;0;0;503;13;Y;Y;Y;N;N;N;Y
129021;2225;2221;2017;complete;761;10;-1;31;;1;0;1;5;0;5;-1;-1;2;2;0;3;7;3;5;3;12;6;-1;-1;54;46;2;7;0;0;0;0;0;0;0;0;0;0;0;0;0;0;0;0;0;0;0;0;0;0;0;0;0;0;0;0;0;0;0;0;0;0;0;0;0;0;0;0;0;0;0;0;0;0;0;0;0;0;0;0;0;0;0;0;0;0;0;0;0;0;0;0;0;0;0;0;1;1;0;0;0;0;1;2017-09-24 19:30:00;2225;0;29;0;0;0;-1;1;-1;-1;-1;-1;-1;-1;0;2;2;3;2;5;-1;0;0;0;0;0;0;0;0;0;0;0;0;0;1;1;0;0;-1;-1;0;0;-1;-1;-1;-1;-1;-1;-1;-1;-1;0;0;25;71;71;13;59;59;0;9.67;0;5.33;1.67;Recoleta;Deportes Vallenar;1;1.2;1;1.67;1.38;2.25;100;100;75;29;29;50;33;33;0;0;0;503;12;Y;N;N;N;N;N;N
129022;2225;2220;2017;complete;761;5;-1;;-1,-1,-1;0;3;3;-1;-1;-1;-1;-1;-1;-1;-1;-1;-1;-1;-1;-1;-1;-1;-1;-1;-1;-1;-1;-1;0;0;0;0;0;0;0;0;0;0;0;0;0;0;0;0;0;0;0;0;0;0;0;0;0;0;0;0;0;0;0;0;0;0;0;0;0;0;0;0;0;0;0;0;0;0;0;0;0;0;0;0;0;0;0;0;0;0;0;0;0;0;0;0;0;0;0;0;3;0;0;0;0;0;0;2017-08-20 19:30:00;2220;0;75;0;50;1;-1;-1;-1;-1;-1;-1;-1;-1;-1;-1;-1;-1;-1;-1;-1;0;0;0;0;0;0;0;-1;-1;-1;-1;-1;-1;-1;-1;-1;-1;-1;-1;-1;-1;-1;-1;-1;-1;-1;-1;-1;-1;-1;0;0;25;100;100;25;50;100;50;6.5;0;4.5;2.25;Recoleta;Malleco Unido;1;1.67;1.5;1;1.5;1.33;100;100;75;0;0;25;25;25;0;0;0;503;13;Y;Y;Y;N;N;N;N
129023;2219;2223;2017;complete;761;9;-1;39,48,71;;3;0;3;3;6;9;-1;-1;5;3;0;0;6;4;12;5;18;9;-1;-1;48;52;5;3;0;0;0;0;0;0;0;0;0;0;0;0;0;0;0;0;0;0;0;0;0;0;0;0;0;0;0;0;0;0;0;0;0;0;0;0;0;0;0;0;0;0;0;0;0;0;0;0;0;0;0;0;0;0;0;0;0;0;0;0;0;0;0;0;0;0;0;0;3;1;0;2;0;2;1;2017-11-01 20:00:00;2219;0;19;0;10;0;-1;1;-1;-1;-1;-1;-1;-1;1;1;4;2;2;6;-1;0;0;0;0;0;0;0;0;0;0;0;0;0;1;1;0;0;-1;-1;0;0;-1;-1;-1;-1;-1;-1;-1;-1;-1;9;19;27;35;80;0;62;54;27;11.13;0;7.17;1.69;Independiente;San Antonio Unido;2;0.86;1.8;1;1.18;1.42;92;82;74;65;20;84;74;64;0;0;0;503;12;Y;Y;Y;N;N;N;N
129024;2216;2225;2017;complete;761;11;-1;;40;0;1;1;8;2;10;-1;-1;5;3;0;1;3;5;8;3;11;8;-1;-1;52;48;5;5;0;0;0;0;0;0;0;0;0;0;0;0;0;0;0;0;0;0;0;0;0;0;0;0;0;0;0;0;0;0;0;0;0;0;0;0;0;0;0;0;0;0;0;0;0;0;0;0;0;0;0;0;0;0;0;0;0;0;0;0;0;0;0;0;0;0;0;0;1;0;1;0;0;0;1;2017-10-01 18:00:00;2225;0;63;38;25;0;-1;1;-1;-1;-1;-1;-1;-1;1;2;4;2;3;6;-1;0;0;0;0;0;0;0;0;0;0;0;0;0;1;1;0;0;-1;-1;0;0;-1;-1;-1;-1;-1;-1;-1;-1;-1;25;25;50;88;100;50;63;88;63;12.5;0;3.75;3;Deportes Santa Cruz;Recoleta;1.67;1.67;1.75;1.75;1.67;1.56;75;75;50;13;0;75;38;25;0;0;0;503;12;Y;N;N;N;N;N;N
129025;2219;2218;2017;complete;761;11;-1;70;;1;0;1;4;7;11;-1;-1;0;0;1;0;3;3;4;9;7;12;-1;-1;42;58;2;0;0;0;0;0;0;0;0;0;0;0;0;0;0;0;0;0;0;0;0;0;0;0;0;0;0;0;0;0;0;0;0;0;0;0;0;0;0;0;0;0;0;0;0;0;0;0;0;0;0;0;0;0;0;0;0;0;0;0;0;0;0;0;0;0;0;0;0;0;1;0;0;1;0;1;0;2017-10-01 18:30:00;2219;0;42;13;29;0;-1;1;-1;-1;-1;-1;-1;-1;0;0;1;0;0;1;-1;0;0;0;0;0;0;0;0;0;0;0;0;0;1;1;0;0;-1;-1;0;0;-1;-1;-1;-1;-1;-1;-1;-1;-1;0;17;42;42;84;13;59;67;29;8.67;0;7.75;1.84;Independiente;Colchagua;2;1.29;1.67;1.5;1.13;1.67;100;84;59;59;17;50;34;17;0;0;0;503;12;Y;N;N;N;N;N;N
129026;2217;2214;2017;complete;761;11;-1;38,71;84;2;1;3;-1;-1;-1;-1;-1;3;2;0;0;-1;-1;-1;-1;-1;-1;-1;-1;-1;-1;3;2;0;0;0;0;0;0;0;0;0;0;0;0;0;0;0;0;0;0;0;0;0;0;0;0;0;0;0;0;0;0;0;0;0;0;0;0;0;0;0;0;0;0;0;0;0;0;0;0;0;0;0;0;0;0;0;0;0;0;0;0;0;0;0;0;0;0;0;0;3;1;0;1;1;2;1;2017-09-01 19:00:00;2217;0;50;17;17;0;-1;1;-1;-1;-1;-1;-1;-1;1;2;2;0;3;2;-1;0;0;0;0;0;0;0;0;0;0;0;0;0;1;1;0;0;-1;-1;0;1;-1;-1;-1;-1;-1;-1;-1;-1;-1;17;17;33;84;100;33;100;84;17;8.67;0;8;2.5;Melipilla;Naval;1.86;0.71;1.33;0.33;1.33;1;84;84;67;17;0;50;33;17;0;0;0;503;13;Y;Y;Y;N;N;N;Y
129027;2221;2220;2017;complete;761;11;-1;-1,-1;-1,-1,-1,-1;2;4;6;-1;-1;-1;-1;-1;-1;-1;-1;-1;-1;-1;-1;-1;-1;-1;-1;-1;-1;-1;-1;-1;0;0;0;0;0;0;0;0;0;0;0;0;0;0;0;0;0;0;0;0;0;0;0;0;0;0;0;0;0;0;0;0;0;0;0;0;0;0;0;0;0;0;0;0;0;0;0;0;0;0;0;0;0;0;0;0;0;0;0;0;0;0;0;0;0;0;0;0;6;0;0;0;0;0;0;2017-09-30 22:00:00;2220;0;58;54;17;1;-1;-1;-1;-1;-1;-1;-1;-1;-1;-1;-1;-1;-1;-1;-1;0;0;0;0;0;0;0;-1;-1;-1;-1;-1;-1;-1;-1;-1;-1;-1;-1;-1;-1;-1;-1;-1;-1;-1;-1;-1;-1;-1;0;0;48;80;100;45;55;78;13;9.33;0;4.47;2.28;Deportes Vallenar;Malleco Unido;2.29;1.67;2.6;1.75;2;1.56;100;100;53;20;0;37;20;10;0;0;0;503;12;Y;Y;Y;Y;Y;Y;Y
129028;2223;2222;2017;complete;761;11;-1;4,15;;2;0;2;6;5;11;-1;-1;2;4;0;0;6;3;9;2;15;5;-1;-1;66;34;2;4;0;0;0;0;0;0;0;0;0;0;0;0;0;0;0;0;0;0;0;0;0;0;0;0;0;0;0;0;0;0;0;0;0;0;0;0;0;0;0;0;0;0;0;0;0;0;0;0;0;0;0;0;0;0;0;0;0;0;0;0;0;0;0;0;0;0;0;0;2;2;0;0;0;0;2;2017-09-30 19:30:00;2223;0;35;0;35;0;-1;1;-1;-1;-1;-1;-1;-1;0;3;2;1;3;3;-1;0;0;0;0;0;0;0;0;0;0;0;0;0;1;1;1;0;-1;-1;0;0;-1;-1;-1;-1;-1;-1;-1;-1;-1;10;10;33;78;100;23;65;78;55;8.25;0;6.25;2.3;San Antonio Unido;Provincial Osorno;1.83;0.14;1.25;0;1;0.78;90;90;68;23;0;68;43;23;0;0;0;503;13;Y;Y;N;N;N;N;N
145801;2224;2218;2017;complete;761;13;-1;-1,-1;;2;0;2;5;7;12;-1;-1;-1;-1;-1;-1;3;5;6;10;9;15;-1;-1;52;48;-1;-1;0;0;0;0;0;0;0;0;0;0;0;0;0;0;0;0;0;0;0;0;0;0;0;0;0;0;0;0;0;0;0;0;0;0;0;0;0;0;0;0;0;0;0;0;0;0;0;0;0;0;0;0;0;0;0;0;0;0;0;0;0;0;0;0;0;0;0;0;2;0;0;0;0;0;0;2017-10-14 18:30:00;2224;0;40;20;10;1;-1;-1;-1;-1;-1;-1;-1;-1;-1;-1;-1;-1;-1;-1;-1;0;0;0;0;0;0;0;-1;-1;-1;-1;-1;-1;-1;-1;-1;-1;-1;-1;-1;-1;-1;-1;-1;-1;-1;-1;-1;-1;-1;10;10;50;70;100;30;70;100;30;5.5;0;6;2.4;Deportes Pintana;Colchagua;1.67;1.29;1.4;1.2;1.09;1.45;90;90;50;30;0;38;38;25;0;0;0;503;13;Y;Y;N;N;N;N;N
145802;2223;2225;2017;complete;761;13;-1;2,90;18;2;1;3;1;1;2;-1;-1;1;3;0;0;4;6;5;7;9;13;-1;-1;52;48;1;3;0;0;0;0;0;0;0;0;0;0;0;0;0;0;0;0;0;0;0;0;0;0;0;0;0;0;0;0;0;0;0;0;0;0;0;0;0;0;0;0;0;0;0;0;0;0;0;0;0;0;0;0;0;0;0;0;0;0;0;0;0;0;0;0;0;0;0;0;3;1;1;1;0;1;2;2017-10-14 19:30:00;2223;0;50;20;30;0;-1;1;-1;-1;-1;-1;-1;-1;1;1;0;2;2;2;-1;0;0;0;0;0;0;0;0;0;0;0;0;0;1;1;1;0;-1;-1;0;1;-1;-1;-1;-1;-1;-1;-1;-1;-1;20;20;40;80;100;50;70;70;50;10.07;0;6.6;2.7;San Antonio Unido;Recoleta;1.83;1.67;1.6;2;1.4;1.55;80;80;60;20;0;74;37;20;0;0;0;503;13;Y;Y;Y;N;N;N;Y
145803;2221;2214;2017;complete;761;13;-1;-1,-1;-1;2;1;3;-1;-1;-1;-1;-1;-1;-1;-1;-1;-1;-1;-1;-1;-1;-1;-1;-1;-1;-1;-1;-1;0;0;0;0;0;0;0;0;0;0;0;0;0;0;0;0;0;0;0;0;0;0;0;0;0;0;0;0;0;0;0;0;0;0;0;0;0;0;0;0;0;0;0;0;0;0;0;0;0;0;0;0;0;0;0;0;0;0;0;0;0;0;0;0;0;0;0;0;3;0;0;0;0;0;0;2017-10-14 22:00:00;2221;0;59;20;17;1;-1;-1;-1;-1;-1;-1;-1;-1;-1;-1;-1;-1;-1;-1;-1;0;0;0;0;0;0;0;-1;-1;-1;-1;-1;-1;-1;-1;-1;-1;-1;-1;-1;-1;-1;-1;-1;-1;-1;-1;-1;-1;-1;9;9;42;75;100;25;75;75;17;8.8;0;4.97;2.42;Deportes Vallenar;Naval;2.29;0.71;2.17;0.83;1.73;1.45;92;92;59;25;0;50;40;10;0;0;0;503;12;Y;Y;Y;N;N;N;Y
145804;2222;2216;2017;complete;761;13;-1;43;50;1;1;2;4;4;8;-1;-1;3;1;0;0;4;4;2;8;6;12;-1;-1;36;64;3;1;0;0;0;0;0;0;0;0;0;0;0;0;0;0;0;0;0;0;0;0;0;0;0;0;0;0;0;0;0;0;0;0;0;0;0;0;0;0;0;0;0;0;0;0;0;0;0;0;0;0;0;0;0;0;0;0;0;0;0;0;0;0;0;0;0;0;0;0;2;1;0;0;1;1;1;2017-10-15 18:30:00;-1;0;60;30;30;0;-1;1;-1;-1;-1;-1;-1;-1;1;0;2;1;1;3;-1;0;0;0;0;0;0;0;0;0;0;0;0;0;1;1;0;0;-1;-1;0;0;-1;-1;-1;-1;-1;-1;-1;-1;-1;10;10;30;70;100;30;70;70;40;6.4;0;6;2.2;Provincial Osorno;Deportes Santa Cruz;1.83;1.5;2;1.6;0.91;1.5;90;90;70;30;0;50;40;30;0;0;0;503;12;Y;Y;N;N;N;N;Y
145805;2217;2220;2017;complete;761;13;-1;-1,-1;-1;2;1;3;-1;-1;-1;-1;-1;-1;-1;-1;-1;-1;-1;-1;-1;-1;-1;-1;-1;-1;-1;-1;-1;0;0;0;0;0;0;0;0;0;0;0;0;0;0;0;0;0;0;0;0;0;0;0;0;0;0;0;0;0;0;0;0;0;0;0;0;0;0;0;0;0;0;0;0;0;0;0;0;0;0;0;0;0;0;0;0;0;0;0;0;0;0;0;0;0;0;0;0;3;0;0;0;0;0;0;2017-10-15 19:00:00;2217;0;65;42;33;1;-1;-1;-1;-1;-1;-1;-1;-1;-1;-1;-1;-1;-1;-1;-1;0;0;0;0;0;0;0;-1;-1;-1;-1;-1;-1;-1;-1;-1;-1;-1;-1;-1;-1;-1;-1;-1;-1;-1;-1;-1;-1;-1;19;19;57;84;100;29;62;72;27;8.93;0;5.84;2.87;Melipilla;Malleco Unido;1.86;1.67;1.67;2;1.36;1.55;82;82;44;17;0;27;10;10;0;0;0;503;13;Y;Y;Y;N;N;N;Y
145806;2225;2218;2017;complete;761;14;-1;;81;0;1;1;4;3;7;-1;-1;4;1;0;0;6;9;6;7;12;16;-1;-1;49;51;4;1;0;0;0;0;0;0;0;0;0;0;0;0;0;0;0;0;0;0;0;0;0;0;0;0;0;0;0;0;0;0;0;0;0;0;0;0;0;0;0;0;0;0;0;0;0;0;0;0;0;0;0;0;0;0;0;0;0;0;0;0;0;0;0;0;0;0;0;0;1;0;0;0;1;1;0;2017-10-18 19:30:00;2218;0;25;10;10;0;-1;1;-1;-1;-1;-1;-1;-1;1;1;3;0;2;3;-1;0;0;0;0;0;0;0;0;0;0;0;0;0;1;1;0;0;-1;-1;0;0;-1;-1;-1;-1;-1;-1;-1;-1;-1;0;0;33;50;92;17;50;58;9;8.4;0;6.2;1.75;Recoleta;Colchagua;1;1.29;1.17;1;1.42;1.33;100;100;67;50;9;30;30;30;0;0;0;503;13;Y;N;N;N;N;N;N
145807;2214;2223;2017;complete;761;14;-1;54,75,84,90;39;4;1;5;5;6;11;-1;-1;1;3;1;1;10;5;2;3;12;8;-1;-1;53;47;3;5;0;0;0;0;0;0;0;0;0;0;0;0;0;0;0;0;0;0;0;0;0;0;0;0;0;0;0;0;0;0;0;0;0;0;0;0;0;0;0;0;0;0;0;0;0;0;0;0;0;0;0;0;0;0;0;0;0;0;0;0;0;0;0;0;0;0;0;0;5;0;1;4;0;4;1;2017-10-18 22:00:00;2214;0;20;0;10;0;-1;1;-1;-1;-1;-1;-1;-1;2;1;0;3;3;3;-1;0;0;0;0;0;0;0;0;0;0;0;0;0;1;1;0;0;-1;-1;0;0;-1;-1;-1;-1;-1;-1;-1;-1;-1;0;0;20;50;100;0;70;70;30;7;0;6.2;1.7;Naval;San Antonio Unido;2.33;0.86;2.2;1.2;1.33;1.55;100;100;80;50;0;50;50;50;0;0;0;503;13;Y;Y;Y;Y;Y;N;Y
145808;2219;2222;2017;complete;761;14;-1;;;0;0;0;10;2;12;-1;-1;1;2;0;0;12;0;8;2;20;2;-1;-1;50;50;1;2;0;0;0;0;0;0;0;0;0;0;0;0;0;0;0;0;0;0;0;0;0;0;0;0;0;0;0;0;0;0;0;0;0;0;0;0;0;0;0;0;0;0;0;0;0;0;0;0;0;0;0;0;0;0;0;0;0;0;0;0;0;0;0;0;0;0;0;0;0;0;0;0;0;0;0;2017-10-18 22:00:00;-1;0;21;0;21;0;-1;1;-1;-1;-1;-1;-1;-1;0;1;1;1;1;2;-1;0;0;0;0;0;0;0;0;0;0;0;0;0;1;1;0;0;-1;-1;0;0;-1;-1;-1;-1;-1;-1;-1;-1;-1;9;21;29;54;88;17;67;59;38;9.33;0;5.83;2;Independiente;Provincial Osorno;2;0.14;2;0;1.2;0.92;92;79;71;46;13;84;71;42;0;0;0;503;12;N;N;N;N;N;N;N
145809;2216;2217;2017;complete;761;14;-1;19,21;64;2;1;3;3;5;8;-1;-1;1;4;0;2;12;5;3;4;15;9;-1;-1;50;50;1;7;0;0;0;0;0;0;0;0;0;0;0;0;0;0;0;0;0;0;0;0;0;0;0;0;0;0;0;0;0;0;0;0;0;0;0;0;0;0;0;0;0;0;0;0;0;0;0;0;0;0;0;0;0;0;0;0;0;0;0;0;0;0;0;0;0;0;0;0;3;2;0;0;1;1;2;2017-10-18 22:00:00;2216;0;30;20;10;0;-1;1;-1;-1;-1;-1;-1;-1;1;2;0;4;3;4;-1;0;0;0;0;0;0;0;1;0;1;0;0;0;1;1;0;0;-1;-1;0;0;-1;-1;-1;-1;-1;-1;-1;-1;-1;0;10;20;40;90;20;50;60;20;8.6;0;7.6;1.6;Deportes Santa Cruz;Melipilla;1.67;0.83;1.4;1;1.45;1.5;100;90;80;60;10;70;40;20;0;0;0;503;12;Y;Y;Y;N;N;N;Y
145810;2220;2224;2017;complete;761;14;-1;;;0;0;0;8;4;12;-1;-1;2;2;0;0;6;3;12;4;18;7;-1;-1;55;45;2;2;0;0;0;0;0;0;0;0;0;0;0;0;0;0;0;0;0;0;0;0;0;0;0;0;0;0;0;0;0;0;0;0;0;0;0;0;0;0;0;0;0;0;0;0;0;0;0;0;0;0;0;0;0;0;0;0;0;0;0;0;0;0;0;0;0;0;0;0;0;0;0;0;0;0;0;2017-10-18 22:00:00;-1;0;59;9;42;0;-1;1;-1;-1;-1;-1;-1;-1;2;2;0;0;4;0;-1;0;0;0;0;0;0;0;0;0;0;0;0;0;1;1;0;0;-1;-1;0;0;-1;-1;-1;-1;-1;-1;-1;-1;-1;0;17;67;75;100;9;92;75;59;11.75;0;6;2.58;Malleco Unido;Deportes Pintana;1.14;0.86;1.17;0.83;1.42;1.25;100;83;34;25;0;50;38;21;0;0;0;503;13;N;N;N;N;N;N;N
145811;2214;2219;2017;complete;761;12;-1;17,83,86;;3;0;3;3;8;11;-1;-1;4;3;0;0;5;8;3;7;8;15;-1;-1;46;54;4;3;0;0;0;0;0;0;0;0;0;0;0;0;0;0;0;0;0;0;0;0;0;0;0;0;0;0;0;0;0;0;0;0;0;0;0;0;0;0;0;0;0;0;0;0;0;0;0;0;0;0;0;0;0;0;0;0;0;0;0;0;0;0;0;0;0;0;0;0;3;1;0;2;0;2;1;2017-10-07 20:00:00;2214;0;55;0;33;0;-1;1;-1;-1;-1;-1;-1;-1;2;1;2;2;3;4;-1;0;0;0;0;0;0;0;0;0;0;0;0;0;1;1;0;0;-1;-1;0;0;-1;-1;-1;-1;-1;-1;-1;-1;-1;0;0;20;75;100;10;55;88;43;9.5;0;4.15;1.95;Naval;Independiente;2.33;0.67;2;0.8;1.3;1.33;100;100;80;25;0;50;50;50;0;0;0;503;12;Y;Y;Y;N;N;N;N
145812;2220;2223;2017;complete;761;12;-1;;8;0;1;1;8;3;11;-1;-1;2;4;0;0;0;2;0;0;0;2;-1;-1;50;50;2;4;0;0;0;0;0;0;0;0;0;0;0;0;0;0;0;0;0;0;0;0;0;0;0;0;0;0;0;0;0;0;0;0;0;0;0;0;0;0;0;0;0;0;0;0;0;0;0;0;0;0;0;0;0;0;0;0;0;0;0;0;0;0;0;0;0;0;0;0;1;0;1;0;0;0;1;2017-10-07 22:00:00;2223;0;40;10;30;0;-1;1;-1;-1;-1;-1;-1;-1;0;1;2;3;1;5;-1;0;0;0;0;0;0;0;0;0;0;0;0;0;1;1;0;1;-1;-1;0;0;-1;-1;-1;-1;-1;-1;-1;-1;-1;0;10;63;75;100;10;88;88;53;10.58;0;6.8;2.48;Malleco Unido;San Antonio Unido;1.14;0.86;1.4;0.75;1.7;1.22;100;90;38;25;0;42;25;25;0;0;0;503;13;Y;N;N;N;N;N;N
145813;2218;2221;2017;complete;761;12;-1;;;0;0;0;8;4;12;-1;-1;2;5;0;1;9;6;7;4;16;10;-1;-1;55;45;2;6;0;0;0;0;0;0;0;0;0;0;0;0;0;0;0;0;0;0;0;0;0;0;0;0;0;0;0;0;0;0;0;0;0;0;0;0;0;0;0;0;0;0;0;0;0;0;0;0;0;0;0;0;0;0;0;0;0;0;0;0;0;0;0;0;0;0;0;0;0;0;0;0;0;0;0;2017-10-08 18:30:00;-1;0;33;10;10;0;-1;1;-1;-1;-1;-1;-1;-1;1;1;1;5;2;6;-1;0;0;0;0;0;0;0;0;0;0;0;0;0;1;1;0;0;-1;-1;0;0;-1;-1;-1;-1;-1;-1;-1;-1;-1;20;20;30;55;88;20;78;55;30;7.75;0;6.5;2.23;Colchagua;Deportes Vallenar;1.67;1.2;1.8;1.25;1.5;1.8;80;80;70;45;13;63;50;38;0;0;0;503;12;N;N;N;N;N;N;N
145814;2222;2217;2017;complete;761;12;-1;62;;1;0;1;3;3;6;-1;-1;3;4;0;2;4;3;4;7;8;10;-1;-1;35;65;3;6;0;0;0;0;0;0;0;0;0;0;0;0;0;0;0;0;0;0;0;0;0;0;0;0;0;0;0;0;0;0;0;0;0;0;0;0;0;0;0;0;0;0;0;0;0;0;0;0;0;0;0;0;0;0;0;0;0;0;0;0;0;0;0;0;0;0;0;0;1;0;0;1;0;1;0;2017-10-08 18:30:00;2222;0;50;25;13;0;-1;1;-1;-1;-1;-1;-1;-1;0;0;3;6;0;9;-1;0;0;0;0;0;0;0;0;0;0;0;0;0;1;1;0;0;-1;-1;0;0;-1;-1;-1;-1;-1;-1;-1;-1;-1;0;13;38;63;88;25;63;75;25;4.5;0;7.5;2;Provincial Osorno;Melipilla;1.83;0.83;1.75;1.25;0.7;1.5;100;88;63;38;13;50;13;0;0;0;0;503;13;Y;N;N;N;N;N;N
145815;2225;2224;2017;complete;761;12;-1;;35;0;1;1;3;4;7;-1;-1;2;3;2;0;5;5;7;8;12;13;-1;-1;54;46;5;3;0;0;0;0;0;0;0;0;0;0;0;0;0;0;0;0;0;0;0;0;0;0;0;0;0;0;0;0;0;0;0;0;0;0;0;0;0;0;0;0;0;0;0;0;0;0;0;0;0;0;0;0;0;0;0;0;0;0;0;0;0;0;0;0;0;0;0;0;1;0;1;0;0;0;1;2017-10-08 19:30:00;2224;0;40;0;20;0;-1;1;-1;-1;-1;-1;-1;-1;1;2;3;1;3;4;-1;0;0;0;0;0;0;0;0;0;0;0;0;0;1;1;0;0;-1;-1;0;0;-1;-1;-1;-1;-1;-1;-1;-1;-1;0;10;50;70;90;10;70;60;30;9.95;0;6.15;2.2;Recoleta;Deportes Pintana;1;0.86;1.4;0.4;1.7;0.9;100;90;50;30;10;43;43;23;0;0;0;503;13;Y;N;N;N;N;N;N
