ID;HOMEID;AWAYID;SEASON;STATUS;ROUNDID;GAME_WEEK;REVISED_GAME_WEEK;HOMEGOALS;AWAYGOALS;HOMEGOALCOUNT;AWAYGOALCOUNT;TOTALGOALCOUNT;TEAM_A_CORNERS;TEAM_B_CORNERS;TOTALCORNERCOUNT;TEAM_A_OFFSIDES;TEAM_B_OFFSIDES;TEAM_A_YELLOW_CARDS;TEAM_B_YELLOW_CARDS;TEAM_A_RED_CARDS;TEAM_B_RED_CARDS;TEAM_A_SHOTSONTARGET;TEAM_B_SHOTSONTARGET;TEAM_A_SHOTSOFFTARGET;TEAM_B_SHOTSOFFTARGET;TEAM_A_SHOTS;TEAM_B_SHOTS;TEAM_A_FOULS;TEAM_B_FOULS;TEAM_A_POSSESSION;TEAM_B_POSSESSION;TEAM_A_CARDS_NUM;TEAM_B_CARDS_NUM;ODDS_FT_1;ODDS_FT_X;ODDS_FT_2;ODDS_FT_OVER05;ODDS_FT_OVER15;ODDS_FT_OVER25;ODDS_FT_OVER35;ODDS_FT_OVER45;ODDS_FT_UNDER05;ODDS_FT_UNDER15;ODDS_FT_UNDER25;ODDS_FT_UNDER35;ODDS_FT_UNDER45;ODDS_BTTS_YES;ODDS_BTTS_NO;ODDS_TEAM_A_CS_YES;ODDS_TEAM_A_CS_NO;ODDS_TEAM_B_CS_YES;ODDS_TEAM_B_CS_NO;ODDS_DOUBLECHANCE_1X;ODDS_DOUBLECHANCE_12;ODDS_DOUBLECHANCE_X2;ODDS_1ST_HALF_RESULT_1;ODDS_1ST_HALF_RESULT_X;ODDS_1ST_HALF_RESULT_2;ODDS_2ND_HALF_RESULT_1;ODDS_2ND_HALF_RESULT_X;ODDS_2ND_HALF_RESULT_2;ODDS_DNB_1;ODDS_DNB_2;ODDS_CORNERS_OVER_75;ODDS_CORNERS_OVER_85;ODDS_CORNERS_OVER_95;ODDS_CORNERS_OVER_105;ODDS_CORNERS_OVER_115;ODDS_CORNERS_UNDER_75;ODDS_CORNERS_UNDER_85;ODDS_CORNERS_UNDER_95;ODDS_CORNERS_UNDER_105;ODDS_CORNERS_UNDER_115;ODDS_CORNERS_1;ODDS_CORNERS_X;ODDS_CORNERS_2;ODDS_TEAM_TO_SCORE_FIRST_1;ODDS_TEAM_TO_SCORE_FIRST_X;ODDS_TEAM_TO_SCORE_FIRST_2;ODDS_WIN_TO_NIL_1;ODDS_WIN_TO_NIL_2;ODDS_1ST_HALF_OVER05;ODDS_1ST_HALF_OVER15;ODDS_1ST_HALF_OVER25;ODDS_1ST_HALF_OVER35;ODDS_1ST_HALF_UNDER05;ODDS_1ST_HALF_UNDER15;ODDS_1ST_HALF_UNDER25;ODDS_1ST_HALF_UNDER35;ODDS_2ND_HALF_OVER05;ODDS_2ND_HALF_OVER15;ODDS_2ND_HALF_OVER25;ODDS_2ND_HALF_OVER35;ODDS_2ND_HALF_UNDER05;ODDS_2ND_HALF_UNDER15;ODDS_2ND_HALF_UNDER25;ODDS_2ND_HALF_UNDER35;ODDS_BTTS_1ST_HALF_YES;ODDS_BTTS_1ST_HALF_NO;ODDS_BTTS_2ND_HALF_YES;ODDS_BTTS_2ND_HALF_NO;OVERALLGOALCOUNT;HT_GOALS_TEAM_A;HT_GOALS_TEAM_B;GOALS_2HG_TEAM_A;GOALS_2HG_TEAM_B;GOALCOUNT_2HG;HTGOALCOUNT;DATE_UNIX;WINNINGTEAM;NO_HOME_AWAY;BTTS_POTENTIAL;BTTS_FHG_POTENTIAL;BTTS_2HG_POTENTIAL;GOALTIMINGDISABLED;CORNER_TIMINGS_RECORDED;CARD_TIMINGS_RECORDED;TEAM_A_FH_CORNERS;TEAM_B_FH_CORNERS;TEAM_A_2H_CORNERS;TEAM_B_2H_CORNERS;CORNER_FH_COUNT;CORNER_2H_COUNT;TEAM_A_FH_CARDS;TEAM_B_FH_CARDS;TEAM_A_2H_CARDS;TEAM_B_2H_CARDS;TOTAL_FH_CARDS;TOTAL_2H_CARDS;ATTACKS_RECORDED;TEAM_A_DANGEROUS_ATTACKS;TEAM_B_DANGEROUS_ATTACKS;TEAM_A_ATTACKS;TEAM_B_ATTACKS;TEAM_A_XG;TEAM_B_XG;TOTAL_XG;TEAM_A_PENALTIES_WON;TEAM_B_PENALTIES_WON;TEAM_A_PENALTY_GOALS;TEAM_B_PENALTY_GOALS;TEAM_A_PENALTY_MISSED;TEAM_B_PENALTY_MISSED;PENS_RECORDED;GOAL_TIMINGS_RECORDED;TEAM_A_0_10_MIN_GOALS;TEAM_B_0_10_MIN_GOALS;TEAM_A_CORNERS_0_10_MIN;TEAM_B_CORNERS_0_10_MIN;TEAM_A_CARDS_0_10_MIN;TEAM_B_CARDS_0_10_MIN;THROWINS_RECORDED;TEAM_A_THROWINS;TEAM_B_THROWINS;FREEKICKS_RECORDED;TEAM_A_FREEKICKS;TEAM_B_FREEKICKS;GOALKICKS_RECORDED;TEAM_A_GOALKICKS;TEAM_B_GOALKICKS;O45_POTENTIAL;O35_POTENTIAL;O25_POTENTIAL;O15_POTENTIAL;O05_POTENTIAL;O15HT_POTENTIAL;O05HT_POTENTIAL;O05_2H_POTENTIAL;O15_2H_POTENTIAL;CORNERS_POTENTIAL;OFFSIDES_POTENTIAL;CARDS_POTENTIAL;AVG_POTENTIAL;HOME_NAME;AWAY_NAME;HOME_PPG;AWAY_PPG;PRE_MATCH_HOME_PPG;PRE_MATCH_AWAY_PPG;PRE_MATCH_TEAMA_OVERALL_PPG;PRE_MATCH_TEAMB_OVERALL_PPG;U45_POTENTIAL;U35_POTENTIAL;U25_POTENTIAL;U15_POTENTIAL;U05_POTENTIAL;CORNERS_O85_POTENTIAL;CORNERS_O95_POTENTIAL;CORNERS_O105_POTENTIAL;TEAM_A_XG_PREMATCH;TEAM_B_XG_PREMATCH;TOTAL_XG_PREMATCH;COMPETITION_ID;MATCHES_COMPLETED_MINIMUM;OVER05;OVER15;OVER25;OVER35;OVER45;OVER55;BTTS
350398;2216;2219;2018;complete;2510;1;-1;17,45,90;41,60,81;3;3;6;-1;-1;-1;-1;-1;3;2;0;1;-1;-1;-1;-1;-1;-1;-1;-1;-1;-1;3;4;0;0;0;0;0;0;0;0;0;0;0;0;0;0;0;0;0;0;0;0;0;0;0;0;0;0;0;0;0;0;0;0;0;0;0;0;0;0;0;0;0;0;0;0;0;0;0;0;0;0;0;0;0;0;0;0;0;0;0;0;0;0;0;0;0;0;0;0;6;2;1;1;2;3;3;2018-04-14 22:00:00;-1;0;0;0;0;0;-1;1;-1;-1;-1;-1;-1;-1;1;2;2;1;3;3;-1;0;0;0;0;0;0;0;0;0;0;0;0;0;1;1;0;0;-1;-1;0;0;-1;-1;-1;-1;-1;-1;-1;-1;-1;0;0;0;0;0;0;0;0;0;0;0;0;0;Deportes Santa Cruz;Independiente;2.33;0.82;0;0;0;0;0;0;0;0;0;0;0;0;0;0;0;1203;21;Y;Y;Y;Y;Y;Y;Y
350399;2218;2204;2018;complete;2510;1;-1;60;3,13;1;2;3;6;5;11;-1;-1;2;3;0;0;6;4;6;1;12;5;-1;-1;57;43;2;3;0;0;0;0;0;0;0;0;0;0;0;0;0;0;0;0;0;0;0;0;0;0;0;0;0;0;0;0;0;0;0;0;0;0;0;0;0;0;0;0;0;0;0;0;0;0;0;0;0;0;0;0;0;0;0;0;0;0;0;0;0;0;0;0;0;0;0;0;3;0;2;1;0;1;2;2018-04-15 18:30:00;2204;0;0;0;0;0;1;1;2;3;4;2;5;6;0;2;2;1;2;3;1;0;0;0;0;1.43;0.8;2.23;0;0;0;0;0;0;1;1;0;1;0;2;0;0;-1;-1;-1;-1;-1;-1;-1;-1;-1;0;0;0;0;0;0;0;0;0;0;0;0;0;Colchagua;Iberia;1.78;1.67;0;0;0;0;0;0;0;0;0;0;0;0;0;0;0;1203;19;Y;Y;Y;N;N;N;Y
350400;2225;2223;2018;complete;2510;1;-1;;76;0;1;1;5;3;8;-1;-1;4;2;0;0;9;13;8;7;17;20;-1;-1;56;44;4;2;0;0;0;0;0;0;0;0;0;0;0;0;0;0;0;0;0;0;0;0;0;0;0;0;0;0;0;0;0;0;0;0;0;0;0;0;0;0;0;0;0;0;0;0;0;0;0;0;0;0;0;0;0;0;0;0;0;0;0;0;0;0;0;0;0;0;0;0;1;0;0;0;1;1;0;2018-04-15 19:00:00;2223;0;0;0;0;0;1;1;3;3;2;0;6;2;2;2;2;0;4;2;1;0;0;0;0;1.92;2.38;4.3;0;0;0;0;0;0;1;1;0;0;0;0;0;0;-1;-1;-1;-1;-1;-1;-1;-1;-1;0;0;0;0;0;0;0;0;0;0;0;0;0;Recoleta;San Antonio Unido;1.09;0.8;0;0;0;0;0;0;0;0;0;0;0;0;0;0;0;1203;20;Y;N;N;N;N;N;N
350401;2236;2246;2018;complete;2510;1;-1;70;73;1;1;2;0;4;4;-1;-1;2;5;2;0;6;10;4;17;10;27;-1;-1;37;63;5;5;0;0;0;0;0;0;0;0;0;0;0;0;0;0;0;0;0;0;0;0;0;0;0;0;0;0;0;0;0;0;0;0;0;0;0;0;0;0;0;0;0;0;0;0;0;0;0;0;0;0;0;0;0;0;0;0;0;0;0;0;0;0;0;0;0;0;0;0;2;0;0;1;1;2;0;2018-04-15 19:30:00;-1;0;0;0;0;0;1;1;0;1;0;3;1;3;3;2;1;3;5;4;1;0;0;0;0;1.23;2.75;3.97;0;0;0;0;0;0;1;1;0;0;0;0;0;0;-1;-1;-1;-1;-1;-1;-1;-1;-1;0;0;0;0;0;0;0;0;0;0;0;0;0;Fernández Vial;General Velásquez;1.5;1.3;0;0;0;0;0;0;0;0;0;0;0;0;0;0;0;1203;20;Y;Y;N;N;N;N;Y
350402;2220;2221;2018;complete;2510;1;-1;19,89;45,76;2;2;4;8;5;13;-1;-1;1;2;0;0;9;8;8;1;17;9;-1;-1;53;47;1;2;2.35;3.3;2.55;1.01;1.19;1.67;2.65;0;0;0;0;0;0;1.61;2.25;0;0;0;0;0;0;0;0;0;0;0;0;0;0;0;0;0;0;0;0;0;0;0;0;0;0;0;0;0;0;0;0;0;0;0;0;0;0;0;0;0;0;0;0;0;0;0;0;0;0;0;0;0;4;1;1;1;1;2;2;2018-06-12 23:00:00;-1;0;59;0;59;0;1;1;2;1;6;4;3;10;1;0;0;2;1;2;1;0;0;0;0;1.95;1.38;3.33;0;0;0;0;0;0;1;1;0;0;0;0;0;0;-1;-1;-1;-1;-1;-1;-1;-1;-1;25;42;59;75;100;0;100;75;59;10.67;0;4.33;3;Malleco Unido;Deportes Vallenar;1;0.9;0.33;0;0.2;0.8;75;59;42;25;0;42;25;25;1.29;1.43;2.72;1203;19;Y;Y;Y;Y;N;N;Y
350403;2223;2216;2018;complete;2510;2;-1;63;;1;0;1;-1;-1;-1;-1;-1;2;2;0;0;-1;-1;-1;-1;-1;-1;-1;-1;-1;-1;2;2;0;0;0;0;0;0;0;0;0;0;0;0;0;0;0;0;0;0;0;0;0;0;0;0;0;0;0;0;0;0;0;0;0;0;0;0;0;0;0;0;0;0;0;0;0;0;0;0;0;0;0;0;0;0;0;0;0;0;0;0;0;0;0;0;0;0;0;0;1;0;0;1;0;1;0;2018-04-21 19:00:00;2223;0;0;0;0;0;-1;1;-1;-1;-1;-1;-1;-1;2;1;0;1;3;1;-1;0;0;0;0;0;0;0;0;0;0;0;0;0;1;1;0;0;-1;-1;0;0;-1;-1;-1;-1;-1;-1;-1;-1;-1;0;0;0;0;0;0;0;0;0;0;0;0;0;San Antonio Unido;Deportes Santa Cruz;1.45;1.75;0;0;3;1;0;0;0;0;0;0;0;0;0;0;0;1203;21;Y;N;N;N;N;N;N
350404;2220;2218;2018;complete;2510;2;-1;71;27,86;1;2;3;5;2;7;-1;-1;2;4;0;0;4;4;7;3;11;7;-1;-1;54;46;2;4;1.8;3.2;3.9;0;0;0;0;0;0;0;0;0;0;0;0;0;0;0;0;0;0;0;0;0;0;0;0;0;0;0;0;0;0;0;0;0;0;0;0;0;0;0;0;0;0;0;0;0;0;0;0;0;0;0;0;0;0;0;0;0;0;0;0;0;0;0;0;0;3;0;1;1;1;2;1;2018-04-21 21:00:00;2218;0;0;0;0;0;1;1;3;1;2;1;4;3;1;2;1;2;3;3;1;0;0;0;0;1.27;0.9;2.17;0;0;0;0;0;0;1;1;0;0;0;0;0;0;-1;-1;-1;-1;-1;-1;-1;-1;-1;0;0;0;0;0;0;0;0;0;0;0;0;0;Malleco Unido;Colchagua;1;0.8;0;0;0;0;0;0;0;0;0;0;0;0;0;0;0;1203;19;Y;Y;Y;N;N;N;Y
350405;2221;2246;2018;complete;2510;2;-1;14,33,82;;3;0;3;-1;-1;-1;-1;-1;1;1;0;0;-1;-1;-1;-1;-1;-1;-1;-1;-1;-1;1;1;1.57;3.2;5.55;0;0;0;0;0;0;0;0;0;0;0;0;0;0;0;0;0;0;0;0;0;0;0;0;0;0;0;0;0;0;0;0;0;0;0;0;0;0;0;0;0;0;0;0;0;0;0;0;0;0;0;0;0;0;0;0;0;0;0;0;0;0;0;0;0;3;2;0;1;0;1;2;2018-04-21 22:00:00;2221;0;50;0;50;0;-1;1;-1;-1;-1;-1;-1;-1;0;0;1;1;0;2;-1;0;0;0;0;0;0;0;0;0;0;0;0;0;1;1;0;0;-1;-1;0;0;-1;-1;-1;-1;-1;-1;-1;-1;-1;0;0;0;50;50;0;0;50;50;4;0;5;1;Deportes Vallenar;General Velásquez;1.78;1.3;0;1;0;1;50;50;50;0;0;0;0;0;0;2.75;2.75;1203;19;Y;Y;Y;N;N;N;N
350406;2204;2219;2018;complete;2510;2;-1;80;;1;0;1;4;10;14;-1;-1;4;2;0;0;6;4;8;8;14;12;-1;-1;47;53;4;2;1.62;3.15;5.25;0;0;0;0;0;0;0;0;0;0;0;0;0;0;0;0;0;0;0;0;0;0;0;0;0;0;0;0;0;0;0;0;0;0;0;0;0;0;0;0;0;0;0;0;0;0;0;0;0;0;0;0;0;0;0;0;0;0;0;0;0;0;0;0;0;1;0;0;1;0;1;0;2018-04-21 22:00:00;2204;0;50;50;50;0;1;1;1;5;3;5;6;8;2;1;2;1;3;3;1;0;0;0;0;1.53;1.28;2.81;0;0;0;0;0;0;1;1;0;0;0;0;0;0;-1;-1;-1;-1;-1;-1;-1;-1;-1;50;50;50;50;50;50;50;50;50;0;0;4;3;Iberia;Independiente;2.09;0.82;0;1;3;1;0;0;0;0;0;0;0;0;0;0;0;1203;20;Y;N;N;N;N;N;N
350407;2236;2225;2018;complete;2510;2;-1;22;48,79;1;2;3;7;2;9;-1;-1;3;3;0;0;6;9;6;15;12;24;-1;-1;44;56;3;3;2.4;3.15;2.6;0;0;0;0;0;0;0;0;0;0;2;1.77;0;0;0;0;0;0;0;0;0;0;0;0;0;0;0;0;0;0;0;0;0;0;0;0;0;0;0;0;0;0;0;0;0;0;0;0;0;0;0;0;0;0;0;0;0;0;0;0;0;0;0;0;0;3;1;0;0;2;2;1;2018-04-22 19:30:00;2225;0;50;0;50;0;1;1;3;0;4;2;3;6;0;1;3;2;1;5;1;0;0;0;0;1.5;2.45;3.95;0;0;0;0;0;0;1;1;0;0;0;0;0;0;-1;-1;-1;-1;-1;-1;-1;-1;-1;0;0;0;50;50;0;0;50;50;0;0;5;1;Fernández Vial;Recoleta;1.5;1.22;1;0;1;0;50;50;50;0;0;0;0;0;1.23;0;1.23;1203;20;Y;Y;Y;N;N;N;Y
350408;2246;2223;2018;complete;2510;3;-1;;;0;0;0;7;2;9;-1;-1;1;3;0;0;4;3;6;5;10;8;-1;-1;51;49;1;3;3.2;3.2;2;0;0;0;0;0;0;0;0;0;0;0;0;0;0;0;0;0;0;0;0;0;0;0;0;0;0;0;0;0;0;0;0;0;0;0;0;0;0;0;0;0;0;0;0;0;0;0;0;0;0;0;0;0;0;0;0;0;0;0;0;0;0;0;0;0;0;0;0;0;0;0;0;2018-05-13 20:00:00;-1;0;0;0;0;0;1;1;1;0;6;2;1;8;1;0;0;3;1;3;1;0;0;0;0;1.4;1.1;2.5;0;0;0;0;0;0;1;1;0;0;0;0;0;0;-1;-1;-1;-1;-1;-1;-1;-1;-1;0;0;0;0;50;0;0;50;0;3;0;2;0.5;General Velásquez;San Antonio Unido;1.6;0.8;0;3;0.5;3;50;50;50;50;0;0;0;0;0;2.38;2.38;1203;20;N;N;N;N;N;N;N
350409;2204;2216;2018;complete;2510;3;-1;45,90;;2;0;2;6;6;12;-1;-1;1;4;0;0;5;6;3;5;8;11;-1;-1;53;47;1;4;1.91;3.2;3.5;0;0;0;0;0;0;0;0;0;0;0;0;0;0;0;0;0;0;0;0;0;0;0;0;0;0;0;0;0;0;0;0;0;0;0;0;0;0;0;0;0;0;0;0;0;0;0;0;0;0;0;0;0;0;0;0;0;0;0;0;0;0;0;0;0;2;1;0;1;0;1;1;2018-05-12 22:00:00;2204;0;0;0;0;0;1;1;2;2;4;4;4;8;1;1;0;3;2;3;1;0;0;0;0;1.21;1.37;2.59;0;0;0;0;0;0;1;1;0;0;1;0;0;0;-1;-1;-1;-1;-1;-1;-1;-1;-1;0;0;0;0;100;0;0;100;0;4;0;6;1;Iberia;Deportes Santa Cruz;2.09;1.75;3;0;3;0.5;100;100;100;100;0;50;50;50;1.53;0;1.53;1203;20;Y;Y;N;N;N;N;N
350410;2219;2236;2018;complete;2510;3;-1;36;87;1;1;2;1;5;6;-1;-1;2;3;1;0;6;2;6;4;12;6;-1;-1;51;49;3;3;1.8;3.2;3.95;0;0;0;0;0;0;0;0;0;0;0;0;0;0;0;0;0;0;0;0;0;0;0;0;0;0;0;0;0;0;0;0;0;0;0;0;0;0;0;0;0;0;0;0;0;0;0;0;0;0;0;0;0;0;0;0;0;0;0;0;0;0;0;0;0;2;1;0;0;1;1;1;2018-05-13 19:30:00;-1;0;0;0;0;0;1;1;0;2;1;3;2;4;1;2;2;1;3;3;1;0;0;0;0;1.82;1.15;2.96;0;0;0;0;0;0;1;1;0;0;0;0;0;0;-1;-1;-1;-1;-1;-1;-1;-1;-1;0;0;0;0;0;0;0;0;0;0;0;0;0;Independiente;Fernández Vial;2;0.6;0;0;0.5;0.5;0;0;0;0;0;0;0;0;0;0;0;1203;20;Y;Y;N;N;N;N;Y
350411;2225;2220;2018;complete;2510;3;-1;44,58;;2;0;2;2;3;5;-1;-1;3;4;0;1;3;4;6;3;9;7;-1;-1;57;43;3;5;1.8;3.2;3.95;0;0;0;0;0;0;0;0;0;0;0;0;0;0;0;0;0;0;0;0;0;0;0;0;0;0;0;0;0;0;0;0;0;0;0;0;0;0;0;0;0;0;0;0;0;0;0;0;0;0;0;0;0;0;0;0;0;0;0;0;0;0;0;0;0;2;1;0;1;0;1;1;2018-05-13 20:00:00;2225;0;0;0;0;0;1;1;0;1;2;2;1;4;1;2;2;3;3;5;1;0;0;0;0;0.99;0.99;1.98;0;0;0;0;0;0;1;1;0;0;0;0;0;0;-1;-1;-1;-1;-1;-1;-1;-1;-1;0;0;0;0;50;0;0;50;0;5;0;4;0.5;Recoleta;Malleco Unido;1.09;0.6;0;0;1.5;0;50;50;50;50;0;0;0;0;1.92;0;1.92;1203;20;Y;Y;N;N;N;N;N
350412;2218;2221;2018;complete;2510;3;-1;12,64,90;49,79;3;2;5;6;6;12;-1;-1;3;1;0;0;7;6;8;5;15;11;-1;-1;46;54;3;1;2.25;3.15;2.75;0;0;0;0;0;0;0;0;0;0;0;0;0;0;0;0;0;0;0;0;0;0;0;0;0;0;0;0;0;0;0;0;0;0;0;0;0;0;0;0;0;0;0;0;0;0;0;0;0;0;0;0;0;0;0;0;0;0;0;0;0;0;0;0;0;5;1;0;2;2;4;1;2018-05-13 19:30:00;2218;0;50;0;0;0;1;1;2;2;4;4;4;8;1;1;2;0;2;2;1;0;0;0;0;1.72;1.39;3.11;0;0;0;0;0;0;1;1;0;0;0;0;0;0;-1;-1;-1;-1;-1;-1;-1;-1;-1;0;0;50;50;50;50;50;50;0;6;0;2;1.5;Colchagua;Deportes Vallenar;1.78;0.9;0;0;1.5;3;50;50;0;0;0;50;50;50;1.43;0;1.43;1203;19;Y;Y;Y;Y;Y;N;Y
350413;2221;2223;2018;complete;2510;4;-1;;;0;0;0;5;6;11;-1;-1;1;2;0;0;5;4;11;7;16;11;-1;-1;53;47;1;2;1.91;3.25;3.45;0;0;0;0;0;0;0;0;0;0;0;0;0;0;0;0;0;0;0;0;0;0;0;0;0;0;0;0;0;0;0;0;0;0;0;0;0;0;0;0;0;0;0;0;0;0;0;0;0;0;0;0;0;0;0;0;0;0;0;0;0;0;0;0;0;0;0;0;0;0;0;0;2018-05-18 23:00:00;-1;0;0;0;0;0;1;1;3;4;2;2;7;4;1;2;0;0;3;0;1;0;0;0;0;1.93;1.44;3.37;0;0;0;0;0;0;1;1;0;0;1;0;0;0;-1;-1;-1;-1;-1;-1;-1;-1;-1;0;0;50;50;75;50;50;75;0;2.5;0;3.5;1.75;Deportes Vallenar;San Antonio Unido;1.78;0.8;3;2;1.5;2.33;100;100;50;50;25;25;0;0;0;1.74;1.74;1203;19;N;N;N;N;N;N;N
350414;2216;2225;2018;complete;2510;4;-1;31,63;13;2;1;3;4;3;7;-1;-1;5;3;0;1;7;4;4;2;11;6;-1;-1;55;45;5;5;2.25;3.2;2.75;0;0;0;0;0;0;0;0;0;0;0;0;0;0;0;0;0;0;0;0;0;0;0;0;0;0;0;0;0;0;0;0;0;0;0;0;0;0;0;0;0;0;0;0;0;0;0;0;0;0;0;0;0;0;0;0;0;0;0;0;0;0;0;0;0;3;1;1;1;0;1;2;2018-05-19 22:00:00;2216;0;100;50;50;0;1;1;1;1;3;2;2;5;1;0;4;4;1;8;1;0;0;0;0;1.53;0.86;2.38;0;0;0;0;0;0;1;1;0;0;1;0;0;0;-1;-1;-1;-1;-1;-1;-1;-1;-1;50;50;100;100;100;50;100;100;100;2;0;6;4.5;Deportes Santa Cruz;Recoleta;2.33;1.22;1;3;0.33;2;50;50;0;0;0;50;0;0;0;2.45;2.45;1203;20;Y;Y;Y;N;N;N;Y
350415;2219;2246;2018;complete;2510;4;-1;65;55;1;1;2;6;2;8;-1;-1;4;2;0;0;4;4;5;5;9;9;-1;-1;53;47;4;2;2.25;3.15;2.75;0;0;0;0;0;0;0;0;0;0;0;0;0;0;0;0;0;0;0;0;0;0;0;0;0;0;0;0;0;0;0;0;0;0;0;0;0;0;0;0;0;0;0;0;0;0;0;0;0;0;0;0;0;0;0;0;0;0;0;0;0;0;0;0;0;2;0;0;1;1;2;0;2018-05-20 19:30:00;-1;0;75;0;25;0;1;1;5;1;1;1;6;2;1;0;3;2;1;5;1;0;0;0;0;1.63;1.39;3.02;0;0;0;0;0;0;1;1;0;0;4;0;0;0;-1;-1;-1;-1;-1;-1;-1;-1;-1;0;0;25;100;100;25;75;100;25;5;0;6;2.25;Independiente;General Velásquez;2;1.3;1;0.5;0.67;0.67;100;100;75;0;0;0;0;0;1.82;2.75;4.57;1203;20;Y;Y;N;N;N;N;Y
350416;2218;2236;2018;complete;2510;4;-1;16,61;21;2;1;3;4;5;9;-1;-1;3;3;0;1;6;5;3;2;9;7;-1;-1;50;50;3;5;2.1;3.2;3;0;0;0;0;0;0;0;0;0;0;0;0;0;0;0;0;0;0;0;0;0;0;0;0;0;0;0;0;0;0;0;0;0;0;0;0;0;0;0;0;0;0;0;0;0;0;0;0;0;0;0;0;0;0;0;0;0;0;0;0;0;0;0;0;0;3;1;1;1;0;1;2;2018-05-20 19:30:00;2218;0;100;0;25;0;1;1;2;2;2;3;4;5;1;1;2;3;2;5;1;0;0;0;0;1.27;1.04;2.32;0;0;0;0;0;0;1;1;0;0;0;1;0;0;-1;-1;-1;-1;-1;-1;-1;-1;-1;25;25;50;100;100;25;100;100;25;11;0;5.5;3;Colchagua;Fernández Vial;1.78;0.6;1.5;1;2;0.67;75;75;50;0;0;50;50;50;1.58;1.15;2.73;1203;19;Y;Y;Y;N;N;N;Y
350417;2220;2204;2018;complete;2510;4;-1;;44,75;0;2;2;7;2;9;-1;-1;2;3;0;0;4;6;6;6;10;12;-1;-1;54;46;2;3;3.15;3.05;2.1;0;0;0;0;0;0;0;0;0;0;0;0;0;0;0;0;0;0;0;0;0;0;0;0;0;0;0;0;0;0;0;0;0;0;0;0;0;0;0;0;0;0;0;0;0;0;0;0;0;0;0;0;0;0;0;0;0;0;0;0;0;0;0;0;0;2;0;1;0;1;1;1;2018-05-20 19:00:00;2204;0;100;0;50;0;1;1;3;1;4;1;4;5;2;2;0;1;4;1;1;0;0;0;0;1.16;1.41;2.56;0;0;0;0;0;0;1;1;0;0;0;0;1;0;-1;-1;-1;-1;-1;-1;-1;-1;-1;0;0;100;100;100;50;100;100;50;10;0;5;3;Malleco Unido;Iberia;1;1.67;0;3;0;3;100;100;0;0;0;50;50;50;1.27;0.8;2.07;1203;20;Y;Y;N;N;N;N;N
350418;2225;2218;2018;complete;2510;5;-1;;6,23,27,34,53,78,87;0;7;7;4;3;7;-1;-1;3;1;1;0;7;14;5;1;12;15;-1;-1;45;55;5;1;2.25;3.15;2.75;0;0;0;0;0;0;0;0;0;0;0;0;0;0;0;0;0;0;0;0;0;0;0;0;0;0;0;0;0;0;0;0;0;0;0;0;0;0;0;0;0;0;0;0;0;0;0;0;0;0;0;0;0;0;0;0;0;0;0;0;0;0;0;0;0;7;0;4;0;3;3;4;2018-05-27 20:00:00;2218;0;50;0;50;0;1;1;2;2;2;1;4;3;4;0;0;1;4;1;1;0;0;0;0;1.49;2.14;3.63;0;0;0;0;0;0;1;1;0;1;1;1;0;0;-1;-1;-1;-1;-1;-1;-1;-1;-1;0;0;50;75;100;0;75;100;50;5.5;0;7.5;2.25;Recoleta;Colchagua;1.09;0.8;1.5;3;1.5;2.25;100;100;50;25;0;0;0;0;1.45;0.9;2.35;1203;19;Y;Y;Y;Y;Y;Y;N
350419;2246;2216;2018;complete;2510;5;-1;;28,42;0;2;2;3;3;6;-1;-1;2;2;0;0;4;9;5;5;9;14;-1;-1;47;53;2;2;0;0;0;0;0;0;0;0;0;0;0;0;0;0;0;0;0;0;0;0;0;0;0;0;0;0;0;0;0;0;0;0;0;0;0;0;0;0;0;0;0;0;0;0;0;0;0;0;0;0;0;0;0;0;0;0;0;0;0;0;0;0;0;0;0;0;0;0;2;0;2;0;0;0;2;2018-05-27 19:30:00;2216;0;0;0;0;0;1;1;0;2;3;1;2;4;0;0;2;2;0;4;1;0;0;0;0;1.26;1.91;3.17;0;0;0;0;0;0;1;1;0;0;0;0;0;0;-1;-1;-1;-1;-1;-1;-1;-1;-1;0;0;0;25;50;0;25;50;0;13;0;4;0.75;General Velásquez;Deportes Santa Cruz;1.6;1.75;1;0;0.75;1;100;100;100;75;50;100;50;50;1.4;1.37;2.77;1203;20;Y;Y;N;N;N;N;N
350420;2223;2219;2018;complete;2510;5;-1;30,50,67;20,53,90;3;3;6;4;2;6;-1;-1;3;2;0;0;10;11;7;5;17;16;-1;-1;47;53;3;2;1.44;4.4;4.9;1.01;1.21;1.69;2.75;0;0;0;0;0;0;1.87;1.91;0;0;0;0;0;0;0;0;0;0;0;0;0;0;0;0;0;0;0;0;0;0;0;0;0;0;0;0;0;0;0;0;0;0;0;0;0;0;0;0;0;0;0;0;0;0;0;0;0;0;0;0;0;6;1;1;2;2;4;2;2018-05-26 19:30:00;-1;0;25;25;25;0;1;1;2;0;2;2;2;4;2;0;1;2;2;3;1;0;0;0;0;2.08;2.01;4.09;0;0;0;0;0;0;1;1;0;0;0;0;0;0;-1;-1;-1;-1;-1;-1;-1;-1;-1;25;25;25;25;100;25;25;100;25;10;0;5;2.25;San Antonio Unido;Independiente;1.45;0.82;3;0.5;2;0.75;75;75;75;75;0;50;50;50;0;1.28;1.28;1203;21;Y;Y;Y;Y;Y;Y;Y
350421;2236;2220;2018;complete;2510;5;-1;45,90;56;2;1;3;12;1;13;-1;-1;1;2;0;1;15;4;13;0;28;4;-1;-1;66;34;1;3;0;0;0;0;0;0;0;0;0;0;0;0;0;0;0;0;0;0;0;0;0;0;0;0;0;0;0;0;0;0;0;0;0;0;0;0;0;0;0;0;0;0;0;0;0;0;0;0;0;0;0;0;0;0;0;0;0;0;0;0;0;0;0;0;0;0;0;0;3;1;0;1;1;2;1;2018-05-27 19:30:00;2236;0;50;0;25;0;1;1;10;0;2;1;10;3;1;2;0;1;3;1;1;0;0;0;0;3.32;0.74;4.05;0;0;0;0;0;0;1;1;0;0;0;0;0;0;-1;-1;-1;-1;-1;-1;-1;-1;-1;0;0;25;100;100;0;75;100;50;6.5;0;9;2.25;Fernández Vial;Malleco Unido;1.5;0.6;0.5;0;0.5;0;100;100;75;0;0;25;0;0;1.36;0.99;2.35;1203;20;Y;Y;Y;N;N;N;Y
350422;2204;2221;2018;complete;2510;5;-1;10;;1;0;1;4;4;8;-1;-1;2;2;0;1;9;7;5;5;14;12;-1;-1;47;53;2;3;0;0;0;0;0;0;0;0;0;0;0;0;0;0;0;0;0;0;0;0;0;0;0;0;0;0;0;0;0;0;0;0;0;0;0;0;0;0;0;0;0;0;0;0;0;0;0;0;0;0;0;0;0;0;0;0;0;0;0;0;0;0;0;0;0;0;0;0;1;1;0;0;0;0;1;2018-05-26 23:00:00;2204;0;50;0;50;0;1;1;1;4;3;0;5;3;1;1;1;2;2;3;1;0;0;0;0;1.82;1.47;3.28;0;0;0;0;0;0;1;1;1;0;0;0;0;0;-1;-1;-1;-1;-1;-1;-1;-1;-1;50;50;50;75;100;0;75;100;50;11;0;3.5;3.25;Iberia;Deportes Vallenar;2.09;0.9;3;0;3;1.33;50;50;50;25;0;100;100;100;1.37;1.39;2.76;1203;19;Y;N;N;N;N;N;N
350423;2220;2223;2018;complete;2510;6;-1;74,81;24,62;2;2;4;5;3;8;-1;-1;1;1;1;0;4;5;11;4;15;9;-1;-1;56;44;3;1;2.85;3.15;2.2;0;0;0;0;0;0;0;0;0;0;0;0;0;0;0;0;0;0;0;0;0;0;0;0;0;0;0;0;0;0;0;0;0;0;0;0;0;0;0;0;0;0;0;0;0;0;0;0;0;0;0;0;0;0;0;0;0;0;0;0;0;0;0;0;0;4;0;1;2;1;3;1;2018-06-02 22:00:00;-1;0;25;0;25;0;1;1;0;1;5;2;1;7;0;0;2;1;0;3;1;0;0;0;0;1.46;1.14;2.6;1;1;1;1;0;0;1;1;0;0;0;0;0;0;-1;-1;-1;-1;-1;-1;-1;-1;-1;0;0;25;50;67;0;50;67;25;9.67;0;4.33;1.42;Malleco Unido;San Antonio Unido;1;0.8;0;1.67;0;1.8;100;100;75;50;34;59;17;17;1.21;1.64;2.85;1203;21;Y;Y;Y;Y;N;N;Y
350424;2204;2225;2018;complete;2510;6;-1;;;0;0;0;7;2;9;-1;-1;2;1;0;0;3;6;7;4;10;10;-1;-1;55;45;2;1;1.31;4.35;7.75;0;0;0;0;0;0;0;0;0;0;0;0;0;0;0;0;0;0;0;0;0;0;0;0;0;0;0;0;0;0;0;0;0;0;0;0;0;0;0;0;0;0;0;0;0;0;0;0;0;0;0;0;0;0;0;0;0;0;0;0;0;0;0;0;0;0;0;0;0;0;0;0;2018-06-02 23:00:00;-1;0;50;25;0;0;1;1;2;1;5;1;3;6;0;0;2;1;0;3;1;0;0;0;0;1.09;1.26;2.35;0;0;0;0;0;0;1;1;0;0;0;0;0;0;-1;-1;-1;-1;-1;-1;-1;-1;-1;0;0;50;67;100;25;84;84;25;7.17;0;6.33;2.17;Iberia;Recoleta;2.09;1.22;3;1.5;3;1.2;100;100;50;34;0;59;34;34;1.52;1.65;3.17;1203;20;N;N;N;N;N;N;N
350425;2218;2246;2018;complete;2510;6;-1;;32,72;0;2;2;5;1;6;-1;-1;1;1;0;0;3;5;8;3;11;8;-1;-1;51;49;1;1;1.71;3.25;4.25;0;0;0;0;0;0;0;0;0;0;0;0;0;0;0;0;0;0;0;0;0;0;0;0;0;0;0;0;0;0;0;0;0;0;0;0;0;0;0;0;0;0;0;0;0;0;0;0;0;0;0;0;0;0;0;0;0;0;0;0;0;0;0;0;0;2;0;1;0;1;1;1;2018-06-03 19:30:00;2246;0;84;17;50;0;1;1;3;1;2;0;4;2;0;1;1;0;1;1;1;0;0;0;0;1.71;1.4;3.11;0;0;0;0;0;0;1;1;0;0;2;0;0;0;-1;-1;-1;-1;-1;-1;-1;-1;-1;17;17;67;100;100;50;67;100;50;8.33;0;5.34;3;Colchagua;General Velásquez;1.78;1.3;2;0.67;2.4;0.6;84;84;34;0;0;50;34;34;1.48;2.07;3.55;1203;19;Y;Y;N;N;N;N;N
350426;2221;2219;2018;complete;2510;6;-1;5,34;32,57,60;2;3;5;6;5;11;-1;-1;0;4;1;1;5;5;7;5;12;10;-1;-1;52;48;2;6;1.87;2.95;4.05;0;0;0;0;0;0;0;0;0;0;0;0;0;0;0;0;0;0;0;0;0;0;0;0;0;0;0;0;0;0;0;0;0;0;0;0;0;0;0;0;0;0;0;0;0;0;0;0;0;0;0;0;0;0;0;0;0;0;0;0;0;0;0;0;0;5;2;1;0;2;2;3;2018-06-02 22:00:00;2219;0;34;34;34;0;1;1;3;1;3;4;4;7;0;2;1;3;2;4;1;0;0;0;0;1.69;1.49;3.18;0;0;0;0;0;0;1;1;1;0;0;0;0;0;-1;-1;-1;-1;-1;-1;-1;-1;-1;34;34;59;59;75;59;59;75;34;11;0;3.67;2.92;Deportes Vallenar;Independiente;1.78;0.82;2;0.67;1;0.8;67;67;42;42;25;75;75;75;1.93;1.65;3.58;1203;19;Y;Y;Y;Y;Y;N;Y
350427;2216;2236;2018;complete;2510;6;-1;74,83;37;2;1;3;4;1;5;-1;-1;2;3;0;1;8;3;4;4;12;7;-1;-1;58;42;2;5;1.91;3.15;3.55;0;0;0;0;0;0;0;0;0;0;0;0;0;0;0;0;0;0;0;0;0;0;0;0;0;0;0;0;0;0;0;0;0;0;0;0;0;0;0;0;0;0;0;0;0;0;0;0;0;0;0;0;0;0;0;0;0;0;0;0;0;0;0;0;0;3;0;1;2;0;2;1;2018-06-02 23:00:00;2216;0;100;75;25;0;1;1;2;1;2;0;3;2;1;0;1;4;1;5;1;0;0;0;0;1.63;0.9;2.53;0;0;0;0;0;0;1;1;0;0;0;1;0;0;-1;-1;-1;-1;-1;-1;-1;-1;-1;25;25;75;100;100;75;100;100;25;9;0;8;3.5;Deportes Santa Cruz;Fernández Vial;2.33;0.6;2;0.5;1.4;1;75;75;25;0;0;25;0;0;1.53;1.1;2.63;1203;20;Y;Y;Y;N;N;N;Y
350428;2246;2225;2018;complete;2510;7;-1;65;24,35;1;2;3;4;3;7;-1;-1;4;5;0;0;6;5;10;3;16;8;-1;-1;56;44;4;5;1.42;3.9;5.9;1.02;1.23;1.77;2.9;0;0;0;0;0;0;1.95;1.83;0;0;0;0;0;0;0;0;0;0;0;0;0;0;0;0;0;0;0;0;0;0;0;0;0;0;0;0;0;0;0;0;0;0;0;0;0;0;0;0;0;0;0;0;0;0;0;0;0;0;0;0;0;3;0;2;1;0;1;2;2018-08-15 19:30:00;2225;0;34;17;9;0;1;1;2;3;2;0;5;2;1;2;3;3;3;6;1;0;0;0;0;1.75;1.03;2.78;0;0;0;0;0;0;1;1;0;0;1;1;0;0;-1;-1;-1;-1;-1;-1;-1;-1;-1;0;9;42;75;83;34;50;67;33;8;0;5.34;2.08;General Velásquez;Recoleta;1.6;1.22;2.17;0.83;1.79;0.86;100;92;58;25;17;67;33;33;1.37;1.43;2.8;1203;20;Y;Y;Y;N;N;N;Y
350429;2223;2218;2018;complete;2510;7;-1;;;0;0;0;1;6;7;-1;-1;3;1;0;0;5;4;4;9;9;13;-1;-1;48;52;3;1;2;3.2;3.2;0;0;0;0;0;0;0;0;0;0;0;0;0;0;0;0;0;0;0;0;0;0;0;0;0;0;0;0;0;0;0;0;0;0;0;0;0;0;0;0;0;0;0;0;0;0;0;0;0;0;0;0;0;0;0;0;0;0;0;0;0;0;0;0;0;0;0;0;0;0;0;0;2018-06-09 19:30:00;-1;0;50;25;50;0;1;1;1;4;0;2;5;2;1;1;2;0;2;2;1;0;0;0;0;1.27;1.45;2.72;0;0;0;0;0;0;1;1;0;0;0;0;0;0;-1;-1;-1;-1;-1;-1;-1;-1;-1;50;50;75;75;100;50;75;100;75;6.5;0;5;4.25;San Antonio Unido;Colchagua;1.45;0.8;2;3;1.67;2;50;50;25;25;0;0;0;0;2.08;1.52;3.6;1203;19;N;N;N;N;N;N;N
350430;2236;2204;2018;complete;2510;7;-1;16;12,73;1;2;3;6;2;8;-1;-1;5;5;0;0;11;6;15;7;26;13;-1;-1;56;44;5;5;3.35;3;2;1.05;1.36;2.15;3.95;0;0;0;0;0;0;2;1.77;0;0;0;0;0;0;0;0;0;0;0;0;0;0;0;0;0;0;0;0;0;0;0;0;0;0;0;0;0;0;0;0;0;0;0;0;0;0;0;0;0;0;0;0;0;0;0;0;0;0;0;0;0;3;1;1;0;1;1;2;2018-06-10 19:30:00;2204;0;75;0;34;0;1;1;4;2;2;0;6;2;1;2;4;3;3;7;1;0;0;0;0;2.74;1.48;4.22;0;0;0;0;0;0;1;1;0;0;1;1;0;0;-1;-1;-1;-1;-1;-1;-1;-1;-1;0;0;59;100;100;25;84;100;50;9.83;0;6;2.59;Fernández Vial;Iberia;1.5;1.67;1.33;3;0.83;2.67;100;100;42;0;0;84;42;42;2.02;1.1;3.12;1203;20;Y;Y;Y;N;N;N;Y
350431;2219;2220;2018;complete;2510;7;-1;62,87;79;2;1;3;4;4;8;-1;-1;5;1;0;1;9;4;3;10;12;14;-1;-1;51;49;5;3;2.2;3.35;2.65;0;0;0;0;0;0;0;0;0;0;0;0;0;0;0;0;0;0;0;0;0;0;0;0;0;0;0;0;0;0;0;0;0;0;0;0;0;0;0;0;0;0;0;0;0;0;0;0;0;0;0;0;0;0;0;0;0;0;0;0;0;0;0;0;0;3;0;0;2;1;3;0;2018-06-20 19:30:00;2219;0;75;0;50;0;1;1;2;2;2;2;4;4;2;0;3;2;2;5;1;0;0;0;0;1.59;1.42;3.01;0;0;0;0;0;0;1;1;0;0;1;0;0;0;-1;-1;-1;-1;-1;-1;-1;-1;-1;0;0;25;100;100;0;75;100;50;5.5;0;7.5;2.25;Independiente;Malleco Unido;2;0.6;1;0;1.17;0.33;100;100;75;0;0;25;25;25;1.72;0.86;2.58;1203;21;Y;Y;Y;N;N;N;Y
350432;2216;2221;2018;complete;2510;7;-1;23,55,56;;3;0;3;4;7;11;-1;-1;1;2;0;0;7;4;7;4;14;8;-1;-1;51;49;1;2;2.05;3.15;3.2;1.04;1.33;2.05;3.7;0;0;0;0;0;0;1.95;1.83;0;0;0;0;0;0;0;0;0;0;0;0;0;0;0;0;0;0;0;0;0;0;0;0;0;0;0;0;0;0;0;0;0;0;0;0;0;0;0;0;0;0;0;0;0;0;0;0;0;0;0;0;0;3;1;0;2;0;2;1;2018-06-30 22:00:00;2216;0;63;38;38;0;1;1;1;1;3;6;2;9;1;1;0;1;2;1;1;0;0;0;0;1.68;0.99;2.68;0;0;0;0;0;0;1;1;0;0;0;1;0;0;-1;-1;-1;-1;-1;-1;-1;-1;-1;25;38;63;63;100;38;75;88;50;10.08;0;4.5;3;Deportes Santa Cruz;Deportes Vallenar;2.33;0.9;2.5;1;1.86;1.38;75;63;38;38;0;42;42;42;1.73;1.42;3.15;1203;19;Y;Y;Y;N;N;N;N
350433;2204;2223;2018;complete;2510;8;-1;86;89;1;1;2;2;6;8;-1;-1;2;2;1;0;3;8;8;9;11;17;-1;-1;46;54;4;2;0;0;0;0;0;0;0;0;0;0;0;0;0;0;0;0;0;0;0;0;0;0;0;0;0;0;0;0;0;0;0;0;0;0;0;0;0;0;0;0;0;0;0;0;0;0;0;0;0;0;0;0;0;0;0;0;0;0;0;0;0;0;0;0;0;0;0;0;2;0;0;1;1;2;0;2018-06-16 22:00:00;-1;0;13;0;13;0;1;1;1;4;1;2;5;3;1;2;2;0;3;2;1;0;0;0;0;1.14;1.89;3.03;0;0;0;0;0;0;1;1;0;0;0;0;0;0;-1;-1;-1;-1;-1;-1;-1;-1;-1;0;13;13;25;63;0;38;50;13;8.75;0;4.25;1.13;Iberia;San Antonio Unido;2.09;0.8;2.5;1.5;2.71;1.57;100;88;88;75;38;63;38;38;1.41;1.52;2.93;1203;20;Y;Y;N;N;N;N;Y
350434;2220;2246;2018;complete;2510;8;-1;47;5,31,56,77;1;4;5;-1;-1;-1;-1;-1;1;1;1;0;-1;-1;-1;-1;-1;-1;-1;-1;-1;-1;3;1;2.5;3.15;2.45;0;0;0;0;0;0;0;0;0;0;0;0;0;0;0;0;0;0;0;0;0;0;0;0;0;0;0;0;0;0;0;0;0;0;0;0;0;0;0;0;0;0;0;0;0;0;0;0;0;0;0;0;0;0;0;0;0;0;0;0;0;0;0;0;0;5;0;2;1;2;3;2;2018-06-30 22:00:00;2246;0;63;13;63;0;-1;1;-1;-1;-1;-1;-1;-1;2;0;0;1;2;1;-1;0;0;0;0;0;0;0;1;0;1;0;0;0;1;1;0;1;-1;-1;0;0;-1;-1;-1;-1;-1;-1;-1;-1;-1;0;25;50;100;100;25;75;100;63;8.58;0;4.25;2.75;Malleco Unido;General Velásquez;1;1.3;0.5;1.25;0.25;1.29;100;75;50;0;0;25;13;13;1.46;1.85;3.31;1203;20;Y;Y;Y;Y;Y;N;Y
350435;2218;2216;2018;complete;2510;8;-1;64;31;1;1;2;6;4;10;-1;-1;3;2;1;1;4;7;6;11;10;18;-1;-1;52;48;5;4;2.45;3.15;2.5;1.02;1.26;1.83;3.1;0;0;0;0;0;0;1.74;2.05;0;0;0;0;0;0;0;0;0;0;0;0;0;0;0;0;0;0;0;0;0;0;0;0;0;0;0;0;0;0;0;0;0;0;0;0;0;0;0;0;0;0;0;0;0;0;0;0;0;0;0;0;0;2;0;1;1;0;1;1;2018-08-15 19:30:00;-1;0;40;16;23;0;1;1;2;1;4;3;3;7;2;2;2;1;4;3;1;0;0;0;0;1.19;1.95;3.14;0;0;0;0;0;0;1;1;0;0;2;0;0;1;-1;-1;-1;-1;-1;-1;-1;-1;-1;16;16;32;62;100;31;77;70;23;11.66;0;4.79;2.25;Colchagua;Deportes Santa Cruz;1.78;1.75;1.5;1.43;1.21;1.93;85;85;68;38;0;75;59;59;1.69;1.58;3.27;1203;19;Y;Y;N;N;N;N;Y
350436;2225;2219;2018;complete;2510;8;-1;36,85;;2;0;2;6;2;8;-1;-1;2;1;0;0;3;6;5;5;8;11;-1;-1;51;49;2;1;0;0;0;0;0;0;0;0;0;0;0;0;0;0;0;0;0;0;0;0;0;0;0;0;0;0;0;0;0;0;0;0;0;0;0;0;0;0;0;0;0;0;0;0;0;0;0;0;0;0;0;0;0;0;0;0;0;0;0;0;0;0;0;0;0;0;0;0;2;1;0;1;0;1;1;2018-06-30 19:00:00;2225;0;38;38;25;0;1;1;2;1;4;1;3;5;1;0;1;1;1;2;1;0;0;0;0;0.91;1.46;2.37;0;0;0;0;0;0;1;1;0;0;0;0;0;0;-1;-1;-1;-1;-1;-1;-1;-1;-1;50;50;50;63;100;50;63;100;50;9.42;0;7;3.63;Recoleta;Independiente;1.09;0.82;0.75;1.25;1;1.43;50;50;50;38;0;34;34;34;1.42;1.59;3.01;1203;20;Y;Y;N;N;N;N;N
350437;2221;2236;2018;complete;2510;8;-1;1,37,56;3;3;1;4;3;5;8;-1;-1;1;4;0;0;9;11;5;11;14;22;-1;-1;47;53;1;4;0;0;0;0;0;0;0;0;0;0;0;0;0;0;0;0;0;0;0;0;0;0;0;0;0;0;0;0;0;0;0;0;0;0;0;0;0;0;0;0;0;0;0;0;0;0;0;0;0;0;0;0;0;0;0;0;0;0;0;0;0;0;0;0;0;0;0;0;4;2;1;1;0;1;3;2018-06-16 23:00:00;2221;0;67;33;0;0;1;1;3;1;0;4;4;4;1;1;0;3;2;3;1;0;0;0;0;1.77;2.63;4.4;0;0;0;0;0;0;1;1;1;1;0;0;0;0;-1;-1;-1;-1;-1;-1;-1;-1;-1;17;17;67;84;84;50;84;84;33;9.17;0;5.66;2.67;Deportes Vallenar;Fernández Vial;1.78;0.6;1.33;0.33;0.83;0.71;84;84;33;17;17;67;50;50;1.81;1.03;2.84;1203;19;Y;Y;Y;Y;N;N;Y
350438;2219;2218;2018;complete;2510;9;-1;17,77,90;63;3;1;4;3;3;6;-1;-1;4;1;0;0;5;5;10;11;15;16;-1;-1;47;53;4;1;2.2;3.25;2.7;1.02;1.24;1.8;3;0;0;0;0;0;0;1.71;2.1;0;0;0;0;0;0;0;0;0;0;0;0;0;0;0;0;0;0;0;0;0;0;0;0;0;0;0;0;0;0;0;0;0;0;0;0;0;0;0;0;0;0;0;0;0;0;0;0;0;0;0;0;0;4;1;0;2;1;3;1;2018-08-01 20:00:00;2219;0;70;30;40;0;1;1;0;1;3;2;1;5;0;1;4;0;1;4;1;0;0;0;0;1.58;1.66;3.24;0;0;0;0;0;0;1;1;0;0;0;0;0;0;-1;-1;-1;-1;-1;-1;-1;-1;-1;30;40;60;90;90;40;60;90;70;7;0;5;3.3;Independiente;Colchagua;2;0.8;2.2;1.4;1.33;1.45;70;60;40;10;10;10;10;10;1.6;1.56;3.16;1203;19;Y;Y;Y;Y;N;N;Y
350439;2223;2236;2018;complete;2510;9;-1;24;17,35,38,51,58;1;5;6;4;6;10;-1;-1;2;1;1;0;7;10;7;9;14;19;-1;-1;48;52;3;1;1.8;3.2;3.9;0;0;0;0;0;0;0;0;0;0;0;0;0;0;0;0;0;0;0;0;0;0;0;0;0;0;0;0;0;0;0;0;0;0;0;0;0;0;0;0;0;0;0;0;0;0;0;0;0;0;0;0;0;0;0;0;0;0;0;0;0;0;0;0;0;6;1;3;0;2;2;4;2018-06-23 19:30:00;2236;0;67;42;17;0;1;1;1;4;3;2;5;5;2;0;1;1;2;2;1;0;0;0;0;1.56;2.16;3.72;0;0;0;0;0;0;1;1;0;0;0;0;0;0;-1;-1;-1;-1;-1;-1;-1;-1;-1;17;29;54;67;84;42;67;84;29;6.5;0;6.92;2.67;San Antonio Unido;Fernández Vial;1.45;0.6;1.67;0.25;1.5;0.63;84;71;46;34;17;13;0;0;1.67;1.43;3.1;1203;20;Y;Y;Y;Y;Y;Y;Y
350440;2246;2204;2018;complete;2510;9;-1;47,69,85,90;;4;0;4;3;3;6;-1;-1;5;5;0;1;11;12;4;4;15;16;-1;-1;51;49;5;6;2.95;3.25;2.1;0;0;0;0;0;0;0;0;0;0;0;0;0;0;0;0;0;0;0;0;0;0;0;0;0;0;0;0;0;0;0;0;0;0;0;0;0;0;0;0;0;0;0;0;0;0;0;0;0;0;0;0;0;0;0;0;0;0;0;0;0;0;0;0;0;4;0;0;4;0;4;0;2018-06-24 19:30:00;2246;0;34;17;0;0;1;1;2;1;1;2;3;3;4;1;1;5;5;6;1;0;0;0;0;1.97;2.14;4.1;0;0;0;0;0;0;1;1;0;0;0;1;0;0;-1;-1;-1;-1;-1;-1;-1;-1;-1;0;0;34;75;75;59;75;50;0;8;0;5.17;1.84;General Velásquez;Iberia;1.6;1.67;0.5;3;1;2.5;100;100;67;25;25;59;17;17;1.33;1.23;2.56;1203;20;Y;Y;Y;Y;N;N;N
350441;2216;2220;2018;complete;2510;9;-1;84;;1;0;1;8;4;12;-1;-1;1;2;0;0;7;2;12;6;19;8;-1;-1;61;39;1;2;1.77;3.3;3.9;0;0;0;0;0;0;0;0;0;0;0;0;0;0;0;0;0;0;0;0;0;0;0;0;0;0;0;0;0;0;0;0;0;0;0;0;0;0;0;0;0;0;0;0;0;0;0;0;0;0;0;0;0;0;0;0;0;0;0;0;0;0;0;0;0;1;0;0;1;0;1;0;2018-06-23 22:00:00;2216;0;84;34;50;0;1;1;3;2;5;2;5;7;1;1;0;1;2;1;1;0;0;0;0;2.03;0.86;2.89;0;0;0;0;0;0;1;1;0;0;1;0;0;0;-1;-1;-1;-1;-1;-1;-1;-1;-1;17;17;84;100;100;34;84;100;67;6.67;0;7;3.34;Deportes Santa Cruz;Malleco Unido;2.33;0.6;2.33;0;1.67;0.29;84;84;17;0;0;17;17;17;1.58;1.05;2.63;1203;21;Y;N;N;N;N;N;N
350442;2225;2221;2018;complete;2510;9;-1;;55;0;1;1;4;4;8;-1;-1;1;1;1;0;2;4;4;7;6;11;-1;-1;63;37;2;1;2;3.3;3.15;1.02;1.23;1.77;2.9;0;0;0;0;0;0;1.71;2.1;0;0;0;0;0;0;0;0;0;0;0;0;0;0;0;0;0;0;0;0;0;0;0;0;0;0;0;0;0;0;0;0;0;0;0;0;0;0;0;0;0;0;0;0;0;0;0;0;0;0;0;0;0;1;0;0;0;1;1;0;2018-06-24 19:00:00;2221;0;34;17;34;0;1;1;3;3;1;1;6;2;0;0;2;1;0;3;1;0;0;0;0;1.28;1.42;2.71;0;0;0;0;0;0;1;1;0;0;0;2;0;0;-1;-1;-1;-1;-1;-1;-1;-1;-1;33;50;50;67;100;33;84;84;50;8.67;0;6;3.33;Recoleta;Deportes Vallenar;1.09;0.9;1;0.33;1.17;1.14;67;50;50;33;0;34;34;34;1.47;1.41;2.88;1203;19;Y;N;N;N;N;N;N
420338;2223;2246;2018;complete;2510;10;-1;66,84;;2;0;2;4;6;10;-1;-1;2;1;0;0;10;5;7;8;17;13;-1;-1;51;49;2;1;2.35;3.2;2.6;0;0;0;0;0;0;0;0;0;0;0;0;0;0;0;0;0;0;0;0;0;0;0;0;0;0;0;0;0;0;0;0;0;0;0;0;0;0;0;0;0;0;0;0;0;0;0;0;0;0;0;0;0;0;0;0;0;0;0;0;0;0;0;0;0;2;0;0;2;0;2;0;2018-07-07 19:30:00;2223;0;55;25;43;0;1;1;2;2;2;4;4;6;1;1;1;0;2;1;1;0;0;0;0;2.05;1.47;3.52;0;0;0;0;0;0;1;1;0;0;1;1;0;0;-1;-1;-1;-1;-1;-1;-1;-1;-1;35;35;45;75;88;45;55;88;55;5.33;0;4.75;3.03;San Antonio Unido;General Velásquez;1.45;1.3;1.25;1.6;1.33;1.5;65;65;55;25;13;17;17;0;1.64;1.85;3.49;1203;20;Y;Y;N;N;N;N;N
420339;2220;2225;2018;complete;2510;10;-1;17,37;15;2;1;3;5;4;9;-1;-1;2;2;0;0;6;5;13;4;19;9;-1;-1;52;48;2;2;2.5;3.35;2.35;0;0;0;0;0;0;0;0;0;0;0;0;0;0;0;0;0;0;0;0;0;0;0;0;0;0;0;0;0;0;0;0;0;0;0;0;0;0;0;0;0;0;0;0;0;0;0;0;0;0;0;0;0;0;0;0;0;0;0;0;0;0;0;0;0;3;2;1;0;0;0;3;2018-07-08 19:30:00;2220;0;74;27;40;0;1;1;5;2;0;2;7;2;0;1;2;1;1;3;1;0;0;0;0;1.89;1.15;3.04;1;0;1;0;0;0;1;1;0;0;1;0;0;0;-1;-1;-1;-1;-1;-1;-1;-1;-1;10;30;74;84;84;37;84;84;57;8.58;0;5.2;2.8;Malleco Unido;Recoleta;1;1.22;0.4;1.33;0.22;1.25;90;70;27;17;17;59;13;13;1.46;1.52;2.98;1203;20;Y;Y;Y;N;N;N;Y
420340;2221;2204;2018;complete;2510;10;-1;5;;1;0;1;2;2;4;-1;-1;1;4;0;0;6;4;3;7;9;11;-1;-1;49;51;1;4;2.4;3.15;2.6;0;0;0;0;0;0;0;0;0;0;0;0;0;0;0;0;0;0;0;0;0;0;0;0;0;0;0;0;0;0;0;0;0;0;0;0;0;0;0;0;0;0;0;0;0;0;0;0;0;0;0;0;0;0;0;0;0;0;0;0;0;0;0;0;0;1;1;0;0;0;0;1;2018-07-07 23:00:00;2221;0;50;38;0;0;1;1;1;0;1;2;1;3;0;1;1;3;1;4;1;0;0;0;0;1.37;1.46;2.83;0;0;0;0;0;0;1;1;1;0;0;0;0;0;-1;-1;-1;-1;-1;-1;-1;-1;-1;13;38;75;88;88;63;75;88;25;7.67;0;5.5;3;Deportes Vallenar;Iberia;1.78;1.67;1.75;2.25;1.22;2.22;88;63;25;13;13;59;46;46;1.8;1.45;3.25;1203;19;Y;N;N;N;N;N;N
420341;2219;2216;2018;complete;2510;10;-1;39,48,75;25,53;3;2;5;3;9;12;-1;-1;0;2;0;0;8;8;4;7;12;15;-1;-1;50;50;0;2;2.6;3.15;2.35;0;0;0;0;0;0;0;0;0;0;0;0;0;0;0;0;0;0;0;0;0;0;0;0;0;0;0;0;0;0;0;0;0;0;0;0;0;0;0;0;0;0;0;0;0;0;0;0;0;0;0;0;0;0;0;0;0;0;0;0;0;0;0;0;0;5;1;1;2;1;3;2;2018-07-08 20:00:00;2219;0;50;0;34;0;1;1;0;4;3;5;4;8;0;0;0;2;0;2;1;0;0;0;0;1.56;1.77;3.32;0;0;0;0;0;0;1;1;0;0;0;1;0;0;-1;-1;-1;-1;-1;-1;-1;-1;-1;0;0;17;84;100;17;50;84;34;8.17;0;6.67;2;Independiente;Deportes Santa Cruz;2;1.75;1.67;1;1.25;2;100;100;84;17;0;25;25;25;1.68;1.64;3.32;1203;21;Y;Y;Y;Y;Y;N;Y
420342;2236;2218;2018;complete;2510;10;-1;36,44,51;16;3;1;4;3;3;6;-1;-1;4;2;0;1;13;8;9;10;22;18;-1;-1;51;49;4;4;2.4;3.25;2.5;0;0;0;0;0;0;0;0;0;0;0;0;0;0;0;0;0;0;0;0;0;0;0;0;0;0;0;0;0;0;0;0;0;0;0;0;0;0;0;0;0;0;0;0;0;0;0;0;0;0;0;0;0;0;0;0;0;0;0;0;0;0;0;0;0;4;2;1;1;0;1;3;2018-07-08 19:00:00;2236;0;67;13;42;0;1;1;1;2;2;1;3;3;1;0;3;3;1;6;1;0;0;0;0;2.62;1.96;4.58;0;0;0;0;0;0;1;1;0;0;0;0;0;0;-1;-1;-1;-1;-1;-1;-1;-1;-1;17;17;71;84;84;29;71;84;71;9.92;0;5.5;3.04;Fernández Vial;Colchagua;1.5;0.8;1;2.33;0.89;1.86;84;84;29;17;17;25;13;13;2.2;1.5;3.7;1203;19;Y;Y;Y;Y;N;N;Y
420343;2223;2221;2018;complete;2510;11;-1;;6;0;1;1;3;5;8;-1;-1;2;1;0;0;14;8;5;3;19;11;-1;-1;54;46;2;1;2.25;3.2;2.75;0;0;0;0;0;0;0;0;0;0;0;0;0;0;0;0;0;0;0;0;0;0;0;0;0;0;0;0;0;0;0;0;0;0;0;0;0;0;0;0;0;0;0;0;0;0;0;0;0;0;0;0;0;0;0;0;0;0;0;0;0;0;0;0;0;1;0;1;0;0;0;1;2018-07-14 19:30:00;2221;0;40;30;30;0;1;1;0;0;3;5;0;8;0;0;2;1;0;3;1;0;0;0;0;2.48;1.43;3.91;0;0;0;0;0;0;1;1;0;1;0;0;0;0;-1;-1;-1;-1;-1;-1;-1;-1;-1;30;40;50;60;90;30;60;80;60;8.45;0;4.4;2.9;San Antonio Unido;Deportes Vallenar;1.45;0.9;1.6;0.8;1.5;1.4;70;60;50;40;10;55;55;30;1.74;1.33;3.07;1203;19;Y;N;N;N;N;N;N
420344;2204;2236;2018;complete;2510;11;-1;45;;1;0;1;5;4;9;-1;-1;2;4;1;2;8;2;4;7;12;9;-1;-1;50;50;4;6;2;3.2;3.2;0;0;0;0;0;0;0;0;0;0;0;0;0;0;0;0;0;0;0;0;0;0;0;0;0;0;0;0;0;0;0;0;0;0;0;0;0;0;0;0;0;0;0;0;0;0;0;0;0;0;0;0;0;0;0;0;0;0;0;0;0;0;0;0;0;1;1;0;0;0;0;1;2018-07-14 16:00:00;2204;0;60;30;10;0;1;1;3;1;2;3;4;5;1;3;2;3;4;5;1;0;0;0;0;1.56;0.98;2.55;0;0;0;0;0;0;1;1;0;0;1;0;0;0;-1;-1;-1;-1;-1;-1;-1;-1;-1;10;20;40;70;90;30;70;80;30;9;0;6.2;2.4;Iberia;Fernández Vial;2.09;0.6;2.2;0.8;2;1.1;90;80;60;30;10;50;30;20;1.36;1.58;2.94;1203;20;Y;N;N;N;N;N;N
420345;2218;2220;2018;complete;2510;11;-1;;33;0;1;1;8;0;8;-1;-1;1;1;1;1;6;2;8;4;14;6;-1;-1;58;42;2;2;1.36;4.35;6.2;0;0;0;0;0;0;0;0;0;0;0;0;0;0;0;0;0;0;0;0;0;0;0;0;0;0;0;0;0;0;0;0;0;0;0;0;0;0;0;0;0;0;0;0;0;0;0;0;0;0;0;0;0;0;0;0;0;0;0;0;0;0;0;0;0;1;0;1;0;0;0;1;2018-07-15 19:30:00;2220;0;63;13;38;0;1;1;3;0;5;0;3;5;0;2;2;0;2;2;1;0;0;0;0;1.67;0.72;2.39;0;0;0;0;0;0;1;1;0;0;1;0;0;0;-1;-1;-1;-1;-1;-1;-1;-1;-1;13;13;63;88;100;25;75;100;38;8.25;0;5.5;2.75;Colchagua;Malleco Unido;1.78;0.6;1.5;0;1.63;0.5;88;88;38;13;0;63;50;50;1.53;1;2.53;1203;19;Y;N;N;N;N;N;N
420346;2246;2219;2018;complete;2510;11;-1;34,55;;2;0;2;6;7;13;-1;-1;2;4;0;1;6;7;6;11;12;18;-1;-1;48;52;2;6;1.87;3.2;3.6;0;0;0;0;0;0;0;0;0;0;0;0;0;0;0;0;0;0;0;0;0;0;0;0;0;0;0;0;0;0;0;0;0;0;0;0;0;0;0;0;0;0;0;0;0;0;0;0;0;0;0;0;0;0;0;0;0;0;0;0;0;0;0;0;0;2;1;0;1;0;1;1;2018-07-16 19:30:00;2246;0;30;30;20;0;1;1;2;3;4;4;5;8;0;1;2;4;1;6;1;0;0;0;0;1.42;1.87;3.3;0;0;0;0;0;0;1;1;0;0;0;0;0;0;-1;-1;-1;-1;-1;-1;-1;-1;-1;30;47;47;74;84;47;57;67;47;9.08;0;5.67;3;General Velásquez;Independiente;1.6;0.82;1.33;1;1.33;1.44;70;54;54;27;17;42;25;25;1.55;1.56;3.11;1203;20;Y;Y;N;N;N;N;N
420347;2225;2216;2018;complete;2510;11;-1;;40;0;1;1;5;4;9;-1;-1;1;2;0;0;8;6;6;6;14;12;-1;-1;50;50;1;2;2.8;3.4;2.1;0;0;0;0;0;0;0;0;0;0;0;0;0;0;0;0;0;0;0;0;0;0;0;0;0;0;0;0;0;0;0;0;0;0;0;0;0;0;0;0;0;0;0;0;0;0;0;0;0;0;0;0;0;0;0;0;0;0;0;0;0;0;0;0;0;1;0;1;0;0;0;1;2018-07-13 19:00:00;2216;0;13;13;13;0;1;1;1;1;4;3;2;7;1;0;0;2;1;2;1;0;0;0;0;1.64;1.42;3.07;0;0;0;0;0;0;1;1;0;0;0;0;0;0;-1;-1;-1;-1;-1;-1;-1;-1;-1;23;23;23;68;100;35;68;88;23;10.2;0;5.7;2.55;Recoleta;Deportes Santa Cruz;1.09;1.75;1.2;0.75;1.11;1.78;78;78;78;33;0;34;34;34;1.32;1.68;3;1203;20;Y;N;N;N;N;N;N
420348;2220;2236;2018;complete;2510;12;-1;;;0;0;0;1;5;6;-1;-1;-1;-1;-1;-1;0;5;5;7;5;12;-1;-1;36;64;-1;-1;2.5;3.25;2.4;1.02;1.23;1.77;2.9;0;0;0;0;0;0;1.69;2.1;0;0;0;0;0;0;0;0;0;0;0;0;0;0;0;0;0;0;0;0;0;0;0;0;0;0;0;0;0;0;0;0;0;0;0;0;0;0;0;0;0;0;0;0;0;0;0;0;0;0;0;0;0;0;0;0;0;0;0;0;2018-07-22 19:30:00;-1;0;83;42;34;0;1;-1;1;2;0;3;3;3;-1;-1;-1;-1;-1;-1;1;0;0;0;0;0.41;1.38;1.78;0;0;0;0;0;0;1;1;0;0;0;0;-1;-1;-1;-1;-1;-1;-1;-1;-1;-1;-1;17;42;75;92;100;50;100;83;50;10.33;0;6.17;3.34;Malleco Unido;Fernández Vial;1;0.6;0.83;0.67;0.73;1;83;59;25;9;0;55;19;10;1.54;1.48;3.02;1203;20;N;N;N;N;N;N;N
420349;2216;2246;2018;complete;2510;12;-1;11,75,84;15,62,82;3;3;6;5;4;9;-1;-1;1;5;0;1;11;6;6;6;17;12;-1;-1;52;48;1;6;0;0;0;0;0;0;0;0;0;0;0;0;0;0;0;0;0;0;0;0;0;0;0;0;0;0;0;0;0;0;0;0;0;0;0;0;0;0;0;0;0;0;0;0;0;0;0;0;0;0;0;0;0;0;0;0;0;0;0;0;0;0;0;0;0;0;0;0;6;1;1;2;2;4;2;2018-07-21 22:00:00;-1;0;55;20;35;0;1;1;5;2;0;2;7;2;0;1;1;5;1;6;1;0;0;0;0;2.07;1.43;3.5;0;0;0;0;0;0;1;1;0;0;1;0;0;0;-1;-1;-1;-1;-1;-1;-1;-1;-1;19;19;57;90;100;37;65;100;64;8.25;0;4.23;2.94;Deportes Santa Cruz;General Velásquez;2.33;1.3;2.6;1.33;1.9;1.5;82;82;44;10;0;38;38;25;1.72;1.75;3.47;1203;20;Y;Y;Y;Y;Y;Y;Y
420350;2221;2218;2018;complete;2510;12;-1;13,45,53,60;41;4;1;5;1;7;8;-1;-1;1;1;0;0;8;6;4;4;12;10;-1;-1;47;53;1;1;0;0;0;0;0;0;0;0;0;0;0;0;0;0;0;0;0;0;0;0;0;0;0;0;0;0;0;0;0;0;0;0;0;0;0;0;0;0;0;0;0;0;0;0;0;0;0;0;0;0;0;0;0;0;0;0;0;0;0;0;0;0;0;0;0;0;0;0;5;2;1;2;0;2;3;2018-07-21 23:00:00;2221;0;45;33;13;0;1;1;1;3;0;4;4;4;1;1;0;0;2;0;1;0;0;0;0;1.62;1.37;2.99;0;0;0;0;0;0;1;1;0;0;0;2;0;0;-1;-1;-1;-1;-1;-1;-1;-1;-1;23;45;68;68;78;55;78;68;35;7.5;0;3.7;3.05;Deportes Vallenar;Colchagua;1.78;0.8;2;1.75;1.55;1.44;78;55;33;33;23;25;25;25;1.69;1.61;3.3;1203;19;Y;Y;Y;Y;Y;N;Y
420351;2219;2223;2018;complete;2510;12;-1;69,74;;2;0;2;0;3;3;-1;-1;2;3;0;0;6;2;6;6;12;8;-1;-1;48;52;2;3;2.35;2.95;2.75;0;0;0;0;0;0;0;0;0;0;0;0;0;0;0;0;0;0;0;0;0;0;0;0;0;0;0;0;0;0;0;0;0;0;0;0;0;0;0;0;0;0;0;0;0;0;0;0;0;0;0;0;0;0;0;0;0;0;0;0;0;0;0;0;0;2;0;0;2;0;2;0;2018-07-22 20:00:00;2219;0;70;13;58;0;1;1;0;1;0;2;1;2;1;2;1;1;3;2;1;0;0;0;0;1.42;0.85;2.26;0;0;0;0;0;0;1;1;0;0;0;0;0;0;-1;-1;-1;-1;-1;-1;-1;-1;-1;13;23;35;70;80;13;35;80;58;7.5;0;5;2.2;Independiente;San Antonio Unido;2;0.8;2;1.4;1.3;1.36;88;78;65;30;20;33;23;23;1.65;1.59;3.24;1203;21;Y;Y;N;N;N;N;N
420352;2225;2204;2018;complete;2510;12;-1;10,64;45,78;2;2;4;4;5;9;-1;-1;4;3;1;2;8;6;3;7;11;13;-1;-1;52;48;6;6;2.85;3.25;2.15;1.02;1.25;1.83;3.1;0;0;0;0;0;0;1.74;2.05;0;0;0;0;0;0;0;0;0;0;0;0;0;0;0;0;0;0;0;0;0;0;0;0;0;0;0;0;0;0;0;0;0;0;0;0;0;0;0;0;0;0;0;0;0;0;0;0;0;0;0;0;0;4;1;1;1;1;2;2;2018-07-22 19:30:00;-1;0;20;10;0;0;1;1;2;2;2;3;4;5;1;1;4;4;2;8;1;0;0;0;0;1.49;1.53;3.02;1;0;1;0;0;0;1;1;1;0;2;0;0;0;-1;-1;-1;-1;-1;-1;-1;-1;-1;9;19;39;65;100;29;74;82;19;7.13;0;7.03;2.47;Recoleta;Iberia;1.09;1.67;1;1.8;1;2.09;92;82;62;35;0;29;10;10;1.37;1.45;2.82;1203;20;Y;Y;Y;Y;N;N;Y
420353;2223;2204;2018;complete;2510;13;-1;14,87;47,90;2;2;4;5;4;9;-1;-1;3;2;0;0;7;5;3;10;10;15;-1;-1;50;50;3;2;0;0;0;0;0;0;0;0;0;0;0;0;0;0;0;0;0;0;0;0;0;0;0;0;0;0;0;0;0;0;0;0;0;0;0;0;0;0;0;0;0;0;0;0;0;0;0;0;0;0;0;0;0;0;0;0;0;0;0;0;0;0;0;0;0;0;0;0;4;1;0;1;2;3;1;2018-07-29 01:00:00;-1;0;42;33;17;0;1;1;3;1;2;3;4;5;2;1;1;1;3;2;1;0;0;0;0;1.49;1.72;3.21;0;0;0;0;0;0;1;1;0;0;0;0;1;1;-1;-1;-1;-1;-1;-1;-1;-1;-1;17;33;50;67;92;42;67;75;42;6.37;0;7;2.75;San Antonio Unido;Iberia;1.45;1.67;1.33;1.67;1.25;2;84;67;50;34;9;45;29;9;1.89;1.47;3.36;1203;20;Y;Y;Y;Y;N;N;Y
420354;2221;2225;2018;complete;2510;13;-1;19,21,49;;3;0;3;6;5;11;-1;-1;2;4;0;2;9;3;7;3;16;6;-1;-1;52;48;2;6;2;3.25;3.2;0;0;0;0;0;0;0;0;0;0;0;0;0;0;0;0;0;0;0;0;0;0;0;0;0;0;0;0;0;0;0;0;0;0;0;0;0;0;0;0;0;0;0;0;0;0;0;0;0;0;0;0;0;0;0;0;0;0;0;0;0;0;0;0;0;3;2;0;1;0;1;2;2018-07-28 23:00:00;2221;0;63;50;0;0;1;1;5;3;1;2;8;3;1;3;1;3;4;4;1;0;0;0;0;2.05;0.98;3.03;0;0;0;0;0;0;1;1;0;0;0;0;0;0;-1;-1;-1;-1;-1;-1;-1;-1;-1;17;25;71;71;79;59;79;59;29;6.15;0;3.92;2.63;Deportes Vallenar;Recoleta;1.78;1.22;2.17;1;1.67;1;84;75;29;29;21;58;20;20;1.68;1.43;3.11;1203;19;Y;Y;Y;N;N;N;N
420355;2218;2219;2018;complete;2510;13;-1;90;;1;0;1;6;5;11;-1;-1;3;0;1;0;11;9;10;9;21;18;-1;-1;52;48;4;0;2.1;3.25;2.95;0;0;0;0;0;0;0;0;0;0;0;0;0;0;0;0;0;0;0;0;0;0;0;0;0;0;0;0;0;0;0;0;0;0;0;0;0;0;0;0;0;0;0;0;0;0;0;0;0;0;0;0;0;0;0;0;0;0;0;0;0;0;0;0;0;1;0;0;1;0;1;0;2018-07-29 19:30:00;2218;0;55;35;27;0;1;1;1;3;5;2;4;7;1;0;3;0;1;3;1;0;0;0;0;2.35;2.04;4.38;0;0;0;0;0;0;1;1;0;0;1;0;0;0;-1;-1;-1;-1;-1;-1;-1;-1;-1;35;35;55;82;100;45;92;90;35;11;0;5.7;3.24;Colchagua;Independiente;1.78;0.82;1.2;0.83;1.3;1.45;65;65;45;19;0;60;50;50;1.56;1.62;3.18;1203;19;Y;N;N;N;N;N;N
420356;2236;2216;2018;complete;2510;13;-1;67;65;1;1;2;7;9;16;-1;-1;4;3;0;0;9;8;11;12;20;20;-1;-1;44;56;4;3;2.6;3.15;2.4;0;0;0;0;0;0;0;0;0;0;0;0;0;0;0;0;0;0;0;0;0;0;0;0;0;0;0;0;0;0;0;0;0;0;0;0;0;0;0;0;0;0;0;0;0;0;0;0;0;0;0;0;0;0;0;0;0;0;0;0;0;0;0;0;0;2;0;0;1;1;2;0;2018-07-29 19:00:00;-1;0;60;30;30;0;1;1;3;4;4;5;7;9;1;2;3;1;3;4;1;0;0;0;0;2.24;2.12;4.35;0;0;0;0;0;0;1;1;0;0;0;2;0;0;-1;-1;-1;-1;-1;-1;-1;-1;-1;10;20;50;80;100;40;80;80;40;11.1;0;6;2.6;Fernández Vial;Deportes Santa Cruz;1.5;1.75;1.4;1.2;1;1.82;90;80;50;20;0;58;35;35;2.28;1.62;3.9;1203;20;Y;Y;N;N;N;N;Y
420357;2246;2220;2018;complete;2510;13;-1;55;;1;0;1;2;6;8;-1;-1;2;1;0;0;2;2;3;3;5;5;-1;-1;51;49;2;1;1.61;3.55;4.5;0;0;0;0;0;0;0;0;0;0;0;0;0;0;0;0;0;0;0;0;0;0;0;0;0;0;0;0;0;0;0;0;0;0;0;0;0;0;0;0;0;0;0;0;0;0;0;0;0;0;0;0;0;0;0;0;0;0;0;0;0;0;0;0;0;1;0;0;1;0;1;0;2018-07-29 19:30:00;2246;0;20;0;20;0;1;1;0;2;2;4;2;6;1;1;1;0;2;1;1;0;0;0;0;0.87;1.03;1.89;0;0;0;0;0;0;1;1;0;0;0;1;0;0;-1;-1;-1;-1;-1;-1;-1;-1;-1;0;13;33;68;88;13;55;65;33;7.15;0;5.5;2;General Velásquez;Malleco Unido;1.6;0.6;1.75;0.6;1.45;0.75;100;88;68;33;13;45;33;33;1.51;0.95;2.46;1203;20;Y;N;N;N;N;N;N
420358;2220;2216;2018;complete;2510;14;-1;;31;0;1;1;8;4;12;-1;-1;0;1;0;0;7;4;8;3;15;7;-1;-1;47;53;0;1;3.7;3.7;1.71;0;0;0;0;0;0;0;0;0;0;0;0;0;0;0;0;0;0;0;0;0;0;0;0;0;0;0;0;0;0;0;0;0;0;0;0;0;0;0;0;0;0;0;0;0;0;0;0;0;0;0;0;0;0;0;0;0;0;0;0;0;0;0;0;0;1;0;1;0;0;0;1;2018-08-04 22:00:00;2216;0;52;23;45;0;1;1;3;2;5;2;5;7;0;1;0;0;1;0;1;0;0;0;0;1.8;0.9;2.69;0;0;0;0;0;0;1;1;0;0;0;0;0;0;-1;-1;-1;-1;-1;-1;-1;-1;-1;16;30;44;77;93;38;77;69;45;11.37;0;4.67;2.59;Malleco Unido;Deportes Santa Cruz;1;1.75;0.86;1.17;0.69;1.75;85;70;56;24;7;65;39;39;1.36;1.72;3.08;1203;21;Y;N;N;N;N;N;N
420359;2204;2218;2018;complete;2510;14;-1;39;32;1;1;2;6;1;7;-1;-1;3;2;0;0;6;4;4;4;10;8;-1;-1;54;46;3;2;0;0;0;0;0;0;0;0;0;0;0;0;0;0;0;0;0;0;0;0;0;0;0;0;0;0;0;0;0;0;0;0;0;0;0;0;0;0;0;0;0;0;0;0;0;0;0;0;0;0;0;0;0;0;0;0;0;0;0;0;0;0;0;0;0;0;0;0;2;1;1;0;0;0;2;2018-08-04 23:00:00;-1;0;42;17;25;0;1;1;3;0;3;1;3;4;2;1;1;1;3;2;1;0;0;0;0;1.31;1.01;2.31;0;0;0;0;0;0;1;1;0;0;0;0;1;0;-1;-1;-1;-1;-1;-1;-1;-1;-1;17;34;42;58;83;25;67;67;42;8.67;0;4.83;2.5;Iberia;Colchagua;2.09;0.8;2.33;1.17;1.92;1.33;84;67;59;42;17;34;17;17;1.39;1.58;2.97;1203;19;Y;Y;N;N;N;N;Y
420360;2219;2221;2018;complete;2510;14;-1;14,21,37,82,90;45,52;5;2;7;6;9;15;-1;-1;2;3;0;0;10;5;5;7;15;12;-1;-1;42;58;2;3;2.3;3.25;2.65;0;0;0;0;0;0;0;0;0;0;0;0;0;0;0;0;0;0;0;0;0;0;0;0;0;0;0;0;0;0;0;0;0;0;0;0;0;0;0;0;0;0;0;0;0;0;0;0;0;0;0;0;0;0;0;0;0;0;0;0;0;0;0;0;0;7;3;1;2;1;3;4;2018-08-05 20:00:00;2219;0;58;17;50;0;1;1;2;5;4;4;7;8;0;1;2;2;1;4;1;0;0;0;0;1.92;1.39;3.31;0;0;0;0;0;0;1;1;0;0;1;1;0;0;-1;-1;-1;-1;-1;-1;-1;-1;-1;17;33;50;75;100;17;67;84;67;8;0;4.67;2.75;Independiente;Deportes Vallenar;2;0.9;2.33;1.17;1.46;1.77;83;67;50;25;0;34;34;34;1.6;1.35;2.95;1203;19;Y;Y;Y;Y;Y;Y;Y
420361;2225;2246;2018;complete;2510;14;-1;19,81;69,73,90;2;3;5;5;5;10;-1;-1;1;0;0;0;7;8;5;7;12;15;-1;-1;45;55;1;0;2.85;3.35;2.1;0;0;0;0;0;0;0;0;0;0;0;0;0;0;0;0;0;0;0;0;0;0;0;0;0;0;0;0;0;0;0;0;0;0;0;0;0;0;0;0;0;0;0;0;0;0;0;0;0;0;0;0;0;0;0;0;0;0;0;0;0;0;0;0;0;5;1;0;1;3;4;1;2018-08-04 20:00:00;2246;0;36;14;36;0;1;1;3;2;2;3;5;5;0;0;1;0;0;1;1;0;0;0;0;1.47;1.77;3.24;0;0;0;0;0;0;1;1;0;0;1;0;0;0;-1;-1;-1;-1;-1;-1;-1;-1;-1;22;29;36;79;100;36;64;93;50;7.69;0;5.72;2.86;Recoleta;General Velásquez;1.09;1.3;1;1.29;0.92;1.58;79;71;64;22;0;35;10;0;1.39;1.69;3.08;1203;20;Y;Y;Y;Y;Y;N;Y
420362;2236;2223;2018;complete;2510;14;-1;29,59,64,70,82,90;8,75;6;2;8;7;3;10;-1;-1;1;4;1;0;14;6;15;5;29;11;-1;-1;57;43;3;4;2.25;3.15;2.7;0;0;0;0;0;0;0;0;0;0;0;0;0;0;0;0;0;0;0;0;0;0;0;0;0;0;0;0;0;0;0;0;0;0;0;0;0;0;0;0;0;0;0;0;0;0;0;0;0;0;0;0;0;0;0;0;0;0;0;0;0;0;0;0;0;8;1;1;5;1;6;2;2018-08-05 19:00:00;2236;0;67;17;42;0;1;1;6;1;1;2;7;3;0;1;2;3;1;5;1;0;0;0;0;3.13;1.43;4.56;0;0;0;0;0;0;1;1;0;1;0;0;0;0;-1;-1;-1;-1;-1;-1;-1;-1;-1;0;17;42;75;84;17;42;84;59;9.66;0;5.84;2.17;Fernández Vial;San Antonio Unido;1.5;0.8;1.33;1.17;1;1.23;100;83;58;25;17;42;25;25;2.27;1.47;3.74;1203;20;Y;Y;Y;Y;Y;Y;Y
420363;2223;2225;2018;complete;2510;15;-1;75;90;1;1;2;7;6;13;-1;-1;2;2;0;0;8;10;9;6;17;16;-1;-1;50;50;2;2;2.1;3.15;3.05;1.03;1.27;1.91;3.25;0;0;0;0;0;0;1.8;2;0;0;0;0;0;0;0;0;0;0;0;0;0;0;0;0;0;0;0;0;0;0;0;0;0;0;0;0;0;0;0;0;0;0;0;0;0;0;0;0;0;0;0;0;0;0;0;0;0;0;0;0;0;2;0;0;1;1;2;0;2018-08-11 19:30:00;-1;0;52;35;15;0;1;1;4;1;3;5;5;8;2;1;0;1;3;1;1;0;0;0;0;1.89;1.9;3.79;0;0;0;0;0;0;1;1;0;0;0;0;0;0;-1;-1;-1;-1;-1;-1;-1;-1;-1;15;22;62;69;83;45;69;66;39;6.7;0;5.97;2.63;San Antonio Unido;Recoleta;1.45;1.22;1.29;0.8;1.14;0.85;86;79;39;32;17;65;27;10;1.82;1.34;3.16;1203;20;Y;Y;N;N;N;N;Y
420364;2216;2218;2018;complete;2510;15;-1;8,53;70;2;1;3;3;4;7;-1;-1;3;6;0;0;4;10;8;6;12;16;-1;-1;44;56;3;6;1.57;3.7;4.65;1.02;1.23;1.77;2.9;0;0;0;0;0;0;1.83;1.95;0;0;0;0;0;0;0;0;0;0;0;0;0;0;0;0;0;0;0;0;0;0;0;0;0;0;0;0;0;0;0;0;0;0;0;0;0;0;0;0;0;0;0;0;0;0;0;0;0;0;0;0;0;3;1;0;1;1;2;1;2018-08-11 23:00:00;2216;0;69;47;31;0;1;1;0;0;3;4;0;7;1;4;2;2;5;4;1;0;0;0;0;1.27;2.09;3.36;0;0;0;0;0;0;1;1;1;0;0;0;0;0;-1;-1;-1;-1;-1;-1;-1;-1;-1;31;45;77;85;93;54;85;86;62;8.57;0;4.17;3.62;Deportes Santa Cruz;Colchagua;2.33;0.8;2.33;1.14;1.85;1.31;69;55;23;16;7;30;20;20;1.79;1.5;3.29;1203;19;Y;Y;Y;N;N;N;Y
420365;2221;2220;2018;complete;2510;15;-1;;40,72,87;0;3;3;4;6;10;-1;-1;1;2;1;0;0;4;6;2;6;6;-1;-1;52;48;3;2;1.43;3.95;5.5;0;0;0;0;0;0;0;0;0;0;0;0;0;0;0;0;0;0;0;0;0;0;0;0;0;0;0;0;0;0;0;0;0;0;0;0;0;0;0;0;0;0;0;0;0;0;0;0;0;0;0;0;0;0;0;0;0;0;0;0;0;0;0;0;0;3;0;1;0;2;2;1;2018-08-11 23:00:00;2220;0;38;22;17;0;1;1;1;2;3;4;3;7;1;1;1;1;2;2;1;0;0;0;0;0.83;1;1.83;0;0;0;0;0;0;1;1;0;0;1;0;1;0;-1;-1;-1;-1;-1;-1;-1;-1;-1;15;22;52;61;93;36;68;77;31;6.83;0;3.96;2.42;Deportes Vallenar;Malleco Unido;1.78;0.6;2.29;0.5;1.64;0.64;86;79;48;40;7;42;42;42;1.74;0.96;2.7;1203;19;Y;Y;Y;N;N;N;N
420366;2219;2204;2018;complete;2510;15;-1;;44,90;0;2;2;4;5;9;-1;-1;2;5;2;0;5;6;4;5;9;11;-1;-1;48;52;5;5;2.15;3.35;2.75;0;0;0;0;0;0;0;0;0;0;0;0;0;0;0;0;0;0;0;0;0;0;0;0;0;0;0;0;0;0;0;0;0;0;0;0;0;0;0;0;0;0;0;0;0;0;0;0;0;0;0;0;0;0;0;0;0;0;0;0;0;0;0;0;0;2;0;1;0;1;1;1;2018-08-12 19:00:00;2204;0;72;29;50;0;1;1;3;4;1;1;7;2;3;1;1;4;4;5;1;0;0;0;0;1.13;1.41;2.53;0;0;0;0;0;0;1;1;0;0;1;1;0;1;-1;-1;-1;-1;-1;-1;-1;-1;-1;15;43;64;93;100;36;72;93;65;6.58;0;7;3.29;Independiente;Iberia;2;1.67;2.43;1.57;1.57;1.86;86;57;36;7;0;43;22;22;1.64;1.5;3.14;1203;20;Y;Y;N;N;N;N;N
420367;2246;2236;2018;complete;2510;15;-1;57,80;;2;0;2;5;11;16;-1;-1;1;3;0;0;5;4;2;8;7;12;-1;-1;47;53;1;3;1.69;3.45;4.2;0;0;0;0;0;0;0;0;0;0;0;0;0;0;0;0;0;0;0;0;0;0;0;0;0;0;0;0;0;0;0;0;0;0;0;0;0;0;0;0;0;0;0;0;0;0;0;0;0;0;0;0;0;0;0;0;0;0;0;0;0;0;0;0;0;2;0;0;2;0;2;0;2018-08-12 19:30:00;2246;0;36;22;0;0;1;1;4;5;1;6;9;7;1;2;0;1;3;1;1;0;0;0;0;1.3;1.65;2.95;0;0;0;0;0;0;1;1;0;0;1;1;1;0;-1;-1;-1;-1;-1;-1;-1;-1;-1;7;25;39;66;83;32;63;66;25;8.63;0;6.4;2.26;General Velásquez;Fernández Vial;1.6;0.6;2;0.71;1.69;1.14;93;76;62;35;17;42;17;10;1.39;1.46;2.85;1203;20;Y;Y;N;N;N;N;N
420368;2204;2220;2018;complete;2510;16;-1;19,48,84;23;3;1;4;3;4;7;-1;-1;4;1;1;2;7;6;2;7;9;13;-1;-1;50;50;6;4;1.57;3.35;5.3;0;0;0;0;0;0;0;0;0;0;0;0;0;0;0;0;0;0;0;0;0;0;0;0;0;0;0;0;0;0;0;0;0;0;0;0;0;0;0;0;0;0;0;0;0;0;0;0;0;0;0;0;0;0;0;0;0;0;0;0;0;0;0;0;0;4;1;1;2;0;2;2;2018-08-19 18:00:00;2204;0;29;7;22;0;1;1;1;2;2;2;3;4;1;1;4;2;2;6;1;0;0;0;0;1.51;1.65;3.16;0;0;0;0;0;0;1;1;0;0;1;0;0;0;-1;-1;-1;-1;-1;-1;-1;-1;-1;0;0;22;50;93;7;57;65;29;8.29;0;5.43;1.65;Iberia;Malleco Unido;2.09;0.6;2.14;0.86;1.93;0.8;100;100;79;50;7;50;36;29;1.38;0.97;2.35;1203;20;Y;Y;Y;Y;N;N;Y
420369;2223;2216;2018;complete;2510;16;-1;70;14,24,86;1;3;4;10;6;16;-1;-1;1;0;0;0;15;12;5;8;20;20;-1;-1;52;48;1;0;0;0;0;0;0;0;0;0;0;0;0;0;0;0;0;0;0;0;0;0;0;0;0;0;0;0;0;0;0;0;0;0;0;0;0;0;0;0;0;0;0;0;0;0;0;0;0;0;0;0;0;0;0;0;0;0;0;0;0;0;0;0;0;0;0;0;0;0;4;0;2;1;1;2;2;2018-08-18 22:00:00;2216;0;44;19;32;0;1;1;6;4;4;2;10;6;0;0;1;0;0;1;1;0;0;0;0;2.61;2.31;4.92;0;0;0;0;0;0;1;1;0;0;0;1;0;0;-1;-1;-1;-1;-1;-1;-1;-1;-1;19;26;26;63;94;25;63;69;44;9.57;0;5;2.38;San Antonio Unido;Deportes Santa Cruz;1.45;1.75;1.25;1.38;1.13;1.87;82;76;76;38;7;72;57;36;1.83;1.63;3.46;1203;21;Y;Y;Y;Y;N;N;Y
420370;2218;2225;2018;complete;2510;16;-1;8,17,38;24;3;1;4;0;4;4;-1;-1;2;4;0;0;7;6;6;6;13;12;-1;-1;43;57;2;4;1.8;3.3;3.8;0;0;0;0;0;0;0;0;0;0;0;0;0;0;0;0;0;0;0;0;0;0;0;0;0;0;0;0;0;0;0;0;0;0;0;0;0;0;0;0;0;0;0;0;0;0;0;0;0;0;0;0;0;0;0;0;0;0;0;0;0;0;0;0;0;4;3;1;0;0;0;4;2018-08-19 18:30:00;2218;0;64;22;14;0;1;1;0;1;0;3;1;3;0;1;2;3;1;5;1;0;0;0;0;1.57;1.45;3.02;0;0;0;0;0;0;1;1;1;0;0;0;0;0;-1;-1;-1;-1;-1;-1;-1;-1;-1;7;7;57;79;93;43;79;79;22;9.43;0;6.29;2.43;Colchagua;Recoleta;1.78;1.22;1.43;1.14;1.2;1;93;93;43;22;7;71;43;36;1.62;1.38;3;1203;19;Y;Y;Y;Y;N;N;Y
420371;2236;2219;2018;complete;2510;16;-1;18,74;26,68;2;2;4;7;7;14;-1;-1;3;3;0;1;6;8;13;10;19;18;-1;-1;57;43;3;4;0;0;0;0;0;0;0;0;0;0;0;0;0;0;0;0;0;0;0;0;0;0;0;0;0;0;0;0;0;0;0;0;0;0;0;0;0;0;0;0;0;0;0;0;0;0;0;0;0;0;0;0;0;0;0;0;0;0;0;0;0;0;0;0;0;0;0;0;4;1;1;1;1;2;2;2018-08-18 19:30:00;-1;0;72;43;43;0;1;1;4;5;3;2;9;5;1;0;2;4;1;6;1;0;0;0;0;2;1.94;3.94;0;0;0;0;0;0;1;1;0;0;1;0;0;0;-1;-1;-1;-1;-1;-1;-1;-1;-1;29;36;57;86;100;43;71;100;57;11.17;0;6.57;3.43;Fernández Vial;Independiente;1.5;0.82;1.57;0.71;1.07;1.47;72;64;43;15;0;62;55;48;2.4;1.69;4.09;1203;20;Y;Y;Y;Y;N;N;Y
420372;2246;2221;2018;complete;2510;16;-1;;;0;0;0;9;6;15;-1;-1;1;4;0;0;2;3;5;5;7;8;-1;-1;53;47;1;4;1.91;3.35;3.35;0;0;0;0;0;0;0;0;0;0;0;0;0;0;0;0;0;0;0;0;0;0;0;0;0;0;0;0;0;0;0;0;0;0;0;0;0;0;0;0;0;0;0;0;0;0;0;0;0;0;0;0;0;0;0;0;0;0;0;0;0;0;0;0;0;0;0;0;0;0;0;0;2018-08-19 19:30:00;-1;0;29;15;22;0;1;1;4;0;5;6;4;11;1;1;0;3;2;3;1;0;0;0;0;1.14;1.25;2.39;0;0;0;0;0;0;1;1;0;0;0;0;0;0;-1;-1;-1;-1;-1;-1;-1;-1;-1;15;29;43;64;93;29;65;71;43;10;0;4.29;2.57;General Velásquez;Deportes Vallenar;1.6;0.9;1.86;1;1.67;1.53;86;72;57;36;7;50;43;43;1.43;1.35;2.78;1203;19;N;N;N;N;N;N;N
420373;2220;2219;2018;complete;2510;17;-1;73,83;42,52;2;2;4;5;6;11;-1;-1;5;5;0;0;5;7;4;3;9;10;-1;-1;49;51;5;5;3.4;3.15;1.95;1.03;1.28;1.91;3.3;0;0;0;0;0;0;1.83;1.91;0;0;0;0;0;0;0;0;0;0;0;0;0;0;0;0;0;0;0;0;0;0;0;0;0;0;0;0;0;0;0;0;0;0;0;0;0;0;0;0;0;0;0;0;0;0;0;0;0;0;0;0;0;4;0;1;2;1;3;1;2018-08-26 19:30:00;-1;0;57;38;44;0;1;1;3;2;2;4;5;6;1;4;4;1;5;5;1;0;0;0;0;1.21;1.36;2.57;0;0;0;0;0;0;1;1;0;0;0;0;0;1;-1;-1;-1;-1;-1;-1;-1;-1;-1;26;44;57;75;94;44;82;82;50;11;0;4.99;3.07;Malleco Unido;Independiente;1;0.82;0.75;0.75;0.75;1.44;76;57;44;25;7;64;50;50;1.42;1.73;3.15;1203;21;Y;Y;Y;Y;N;N;Y
420374;2204;2246;2018;complete;2510;17;-1;66,75;;2;0;2;4;4;8;-1;-1;6;4;0;1;5;5;3;5;8;10;-1;-1;49;51;6;5;0;0;0;0;0;0;0;0;0;0;0;0;0;0;0;0;0;0;0;0;0;0;0;0;0;0;0;0;0;0;0;0;0;0;0;0;0;0;0;0;0;0;0;0;0;0;0;0;0;0;0;0;0;0;0;0;0;0;0;0;0;0;0;0;0;0;0;0;2;0;0;2;0;2;0;2018-08-26 19:30:00;2204;0;51;19;38;0;1;1;1;2;3;2;3;5;2;2;4;3;4;7;1;0;0;0;0;1.16;1.24;2.4;0;0;0;0;0;0;1;1;0;0;0;0;0;1;-1;-1;-1;-1;-1;-1;-1;-1;-1;19;26;32;75;94;32;63;75;50;8.3;0;5.38;2.51;Iberia;General Velásquez;2.09;1.3;2.25;1.5;2;1.63;82;76;69;25;7;50;29;13;1.39;1.7;3.09;1203;20;Y;Y;N;N;N;N;N
420375;2221;2216;2018;complete;2510;17;-1;;47,62;0;2;2;13;0;13;-1;-1;2;1;0;1;7;3;9;4;16;7;-1;-1;51;49;2;3;0;0;0;0;0;0;0;0;0;0;0;0;0;0;0;0;0;0;0;0;0;0;0;0;0;0;0;0;0;0;0;0;0;0;0;0;0;0;0;0;0;0;0;0;0;0;0;0;0;0;0;0;0;0;0;0;0;0;0;0;0;0;0;0;0;0;0;0;2;0;0;0;2;2;0;2018-08-26 19:30:00;2216;0;41;25;17;0;1;1;3;0;10;0;3;10;1;2;1;0;3;1;1;0;0;0;0;2;0.84;2.84;0;0;0;0;0;0;1;1;0;0;1;0;0;0;-1;-1;-1;-1;-1;-1;-1;-1;-1;18;30;49;71;94;48;83;71;36;9.49;0;3.72;2.61;Deportes Vallenar;Deportes Santa Cruz;1.78;1.75;2;1.56;1.5;1.94;82;71;52;29;7;73;66;53;1.61;1.72;3.33;1203;19;Y;Y;N;N;N;N;N
420376;2218;2223;2018;complete;2510;17;-1;6,10;;2;0;2;1;2;3;-1;-1;0;3;0;0;5;3;5;2;10;5;-1;-1;43;57;0;3;1.74;3.45;3.85;1.01;1.19;1.62;2.6;0;0;0;0;0;0;1.67;2.15;0;0;0;0;0;0;0;0;0;0;0;0;0;0;0;0;0;0;0;0;0;0;0;0;0;0;0;0;0;0;0;0;0;0;0;0;0;0;0;0;0;0;0;0;0;0;0;0;0;0;0;0;0;2;2;0;0;0;0;2;2018-08-26 19:30:00;2218;0;53;20;28;0;1;1;1;1;0;1;2;1;0;1;0;2;1;2;1;0;0;0;0;1.19;0.78;1.96;0;0;0;0;0;0;1;1;2;0;0;1;0;0;-1;-1;-1;-1;-1;-1;-1;-1;-1;14;27;40;66;86;26;59;73;35;8.84;0;5.18;2.53;Colchagua;San Antonio Unido;1.78;0.8;1.63;1;1.31;1.06;87;73;61;34;15;53;40;26;1.61;1.46;3.07;1203;19;Y;Y;N;N;N;N;N
420377;2225;2236;2018;complete;2510;17;-1;;;0;0;0;1;6;7;-1;-1;3;3;0;0;0;3;12;5;12;8;-1;-1;51;49;3;3;2.6;3.4;2.25;1.01;1.16;1.54;2.35;0;0;0;0;0;0;1.53;2.45;0;0;0;0;0;0;0;0;0;0;0;0;0;0;0;0;0;0;0;0;0;0;0;0;0;0;0;0;0;0;0;0;0;0;0;0;0;0;0;0;0;0;0;0;0;0;0;0;0;0;0;0;0;0;0;0;0;0;0;0;2018-08-26 19:30:00;-1;0;44;26;13;0;1;1;1;2;0;4;3;4;2;2;1;1;4;2;1;0;0;0;0;1.35;1.47;2.82;0;0;0;0;0;0;1;1;0;0;0;0;0;0;-1;-1;-1;-1;-1;-1;-1;-1;-1;19;32;44;69;94;32;75;82;38;9.63;0;6.86;2.76;Recoleta;Fernández Vial;1.09;0.6;0.88;0.63;0.94;1.06;82;69;57;32;7;44;19;7;1.4;1.49;2.89;1203;20;N;N;N;N;N;N;N
518682;2223;2220;2018;complete;4001;1;-1;65,88;27;2;1;3;2;5;7;-1;-1;0;2;1;0;7;8;6;6;13;14;-1;-1;54;46;2;2;0;0;0;0;0;0;0;0;0;0;0;0;0;0;0;0;0;0;0;0;0;0;0;0;0;0;0;0;0;0;0;0;0;0;0;0;0;0;0;0;0;0;0;0;0;0;0;0;0;0;0;0;0;0;0;0;0;0;0;0;0;0;0;0;0;0;0;0;3;0;1;2;0;2;1;2018-10-13 20:00:00;2223;0;47;18;35;0;1;1;2;3;0;2;5;2;1;0;0;2;1;2;1;0;0;0;0;1.62;1.68;3.31;0;0;0;0;0;0;1;1;0;0;0;1;0;0;-1;-1;-1;-1;-1;-1;-1;-1;-1;11;29;47;65;95;23;60;83;59;8.25;0;5.08;2.57;San Antonio Unido;Malleco Unido;1.45;0.6;1.11;0.75;1;0.76;89;72;53;36;6;51;44;25;1.93;1.05;2.98;1203;21;Y;Y;Y;N;N;N;Y
518683;2236;2225;2018;complete;4001;1;-1;;52;0;1;1;7;2;9;-1;-1;3;2;1;1;4;5;6;3;10;8;-1;-1;47;53;5;4;2.1;2.95;3.25;0;0;0;0;0;0;0;0;0;0;0;0;0;0;0;0;0;0;0;0;0;0;0;0;0;0;0;0;0;0;0;0;0;0;0;0;0;0;0;0;0;0;0;0;0;0;0;0;0;0;0;0;0;0;0;0;0;0;0;0;0;0;0;0;0;1;0;0;0;1;1;0;2018-10-14 19:30:00;2225;0;88;44;38;0;1;1;1;1;6;1;2;7;1;1;3;2;2;5;1;0;0;0;0;1.35;1.09;2.44;0;0;0;0;0;0;1;1;0;0;0;1;0;0;-1;-1;-1;-1;-1;-1;-1;-1;-1;7;26;75;94;94;57;75;82;50;9.76;0;7;3.13;Fernández Vial;Recoleta;1.5;1.22;1.5;1;1.06;0.94;94;76;25;7;7;63;38;32;2.35;1.39;3.74;1203;20;Y;N;N;N;N;N;N
518684;2246;2204;2018;complete;4002;1;-1;21,87;6,31;2;2;4;7;5;12;-1;-1;2;2;0;0;12;10;12;4;24;14;-1;-1;55;45;2;2;2.35;2.95;2.75;0;0;0;0;0;0;0;0;0;0;0;0;0;0;0;0;0;0;0;0;0;0;0;0;0;0;0;0;0;0;0;0;0;0;0;0;0;0;0;0;0;0;0;0;0;0;0;0;0;0;0;0;0;0;0;0;0;0;0;0;0;0;0;0;0;4;1;2;1;0;1;3;2018-10-14 20:30:00;-1;0;32;13;13;0;1;1;4;2;3;3;6;6;1;2;1;0;3;1;1;0;0;0;0;2.62;1.78;4.4;0;0;0;0;0;0;1;1;0;1;1;1;0;0;-1;-1;-1;-1;-1;-1;-1;-1;-1;0;26;44;76;88;32;63;76;32;8.38;0;6.5;2.32;General Velásquez;Iberia;1.6;1.67;1.75;1.75;1.53;2.06;100;76;57;26;13;57;26;26;1.39;1.49;2.88;1203;20;Y;Y;Y;Y;N;N;Y
518685;2219;2216;2018;complete;4002;1;-1;;26;0;1;1;6;4;10;-1;-1;4;2;0;0;5;5;6;6;11;11;-1;-1;55;45;4;2;2.55;3.05;2.45;0;0;0;0;0;0;0;0;0;0;0;0;0;0;0;0;0;0;0;0;0;0;0;0;0;0;0;0;0;0;0;0;0;0;0;0;0;0;0;0;0;0;0;0;0;0;0;0;0;0;0;0;0;0;0;0;0;0;0;0;0;0;0;0;0;1;0;1;0;0;0;1;2018-10-14 20:30:00;2216;0;58;18;47;0;1;1;2;4;4;0;6;4;2;0;2;2;2;4;1;0;0;0;0;1.38;1.3;2.68;0;0;0;0;0;0;1;1;0;0;0;3;0;0;-1;-1;-1;-1;-1;-1;-1;-1;-1;18;29;35;85;100;28;67;85;58;8.38;0;5.43;2.79;Independiente;Deportes Santa Cruz;2;1.75;2.13;1.7;1.41;2;83;72;65;15;0;64;52;46;1.58;1.62;3.2;1203;21;Y;N;N;N;N;N;N
518686;2216;2218;2018;complete;4002;2;-1;29;;1;0;1;3;6;9;-1;-1;2;4;0;1;4;5;5;8;9;13;-1;-1;43;57;2;6;0;0;0;0;0;0;0;0;0;0;0;0;0;0;0;0;0;0;0;0;0;0;0;0;0;0;0;0;0;0;0;0;0;0;0;0;0;0;0;0;0;0;0;0;0;0;0;0;0;0;0;0;0;0;0;0;0;0;0;0;0;0;0;0;0;0;0;0;1;1;0;0;0;0;1;2018-10-20 23:00:00;2216;0;73;41;41;0;1;1;1;2;2;4;3;6;1;2;1;3;3;4;1;0;0;0;0;1.1;1.49;2.59;0;0;0;0;0;0;1;1;0;0;0;1;0;0;-1;-1;-1;-1;-1;-1;-1;-1;-1;27;40;81;87;94;47;87;88;67;8.3;0;4.79;3.54;Deportes Santa Cruz;Colchagua;2.33;0.8;2.43;1;2.06;1.41;73;61;20;14;7;25;17;17;1.7;1.57;3.27;1203;19;Y;N;N;N;N;N;N
518687;2220;2221;2018;complete;4001;2;-1;15,84;27,69;2;2;4;5;8;13;-1;-1;-1;-1;-1;-1;3;7;5;4;8;11;-1;-1;51;49;-1;-1;2.4;3.15;2.6;0;0;0;0;0;0;0;0;0;0;0;0;0;0;0;0;0;0;0;0;0;0;0;0;0;0;0;0;0;0;0;0;0;0;0;0;0;0;0;0;0;0;0;0;0;0;0;0;0;0;0;0;0;0;0;0;0;0;0;0;0;0;0;0;0;4;1;1;1;1;2;2;2018-10-21 19:00:00;-1;0;53;24;47;0;1;-1;1;2;4;6;3;10;-1;-1;-1;-1;-1;-1;1;0;0;0;0;1;1.54;2.54;0;0;0;0;0;0;1;1;0;0;0;0;-1;-1;-1;-1;-1;-1;-1;-1;-1;-1;-1;18;41;59;64;89;29;82;65;53;11.25;0;4.38;2.82;Malleco Unido;Deportes Vallenar;1;0.9;0.78;1;0.72;1.41;82;60;42;36;12;63;51;51;1.39;1.34;2.73;1203;19;Y;Y;Y;Y;N;N;Y
518688;2204;2219;2018;complete;4002;2;-1;32,90;12,28;2;2;4;4;7;11;-1;-1;3;3;1;0;5;8;7;3;12;11;-1;-1;51;49;4;3;1.57;3.75;4.6;1.02;1.23;1.77;2.9;0;9.25;3.55;1.91;1.33;1.11;1.87;1.91;0;0;0;0;0;0;0;0;0;0;0;0;0;0;0;0;0;0;0;0;0;0;0;0;0;0;0;0;0;0;0;0;0;0;0;0;0;0;0;0;0;0;0;0;0;0;0;0;0;0;0;0;0;4;1;2;1;0;1;3;2018-10-21 19:00:00;-1;0;45;33;28;0;1;1;2;5;2;2;7;4;1;1;3;2;2;5;1;0;0;0;0;1.41;1.47;2.88;0;0;0;0;0;0;1;1;0;0;0;2;0;0;-1;-1;-1;-1;-1;-1;-1;-1;-1;17;34;34;67;95;33;67;78;45;10.06;0;6.89;2.56;Iberia;Independiente;2.09;0.82;2.33;0.78;2;1.33;84;67;67;33;6;60;49;49;1.37;1.68;3.05;1203;20;Y;Y;Y;Y;N;N;Y
518689;2225;2223;2018;complete;4001;2;-1;;;0;0;0;1;4;5;-1;-1;3;2;0;0;5;2;6;6;11;8;-1;-1;48;52;3;2;2.1;3.2;3;0;0;0;0;0;0;0;0;0;0;0;0;0;0;0;0;0;0;0;0;0;0;0;0;0;0;0;0;0;0;0;0;0;0;0;0;0;0;0;0;0;0;0;0;0;0;0;0;0;0;0;0;0;0;0;0;0;0;0;0;0;0;0;0;0;0;0;0;0;0;0;0;2018-10-20 19:30:00;-1;0;30;12;30;0;1;1;0;3;1;1;3;2;1;1;2;1;2;3;1;0;0;0;0;1.7;1.26;2.96;0;0;0;0;0;0;1;1;0;0;0;0;0;0;-1;-1;-1;-1;-1;-1;-1;-1;-1;18;29;29;60;82;24;53;71;42;7.5;0;5.5;2.47;Recoleta;San Antonio Unido;1.09;0.8;0.89;0.88;1.06;1.11;83;71;71;41;18;36;18;7;1.39;1.38;2.77;1203;20;N;N;N;N;N;N;N
519629;2223;2221;2018;complete;4001;9;-1;5,29,56,65;19;4;1;5;1;6;7;-1;-1;1;1;0;0;5;4;6;10;11;14;-1;-1;52;48;1;1;2.15;3.2;2.85;1.02;1.26;1.87;3.15;0;9;3.4;1.83;1.3;1.09;1.77;2.05;0;0;0;0;0;0;0;0;0;0;0;0;0;0;0;0;0;0;0;0;0;0;0;0;0;0;0;0;0;0;0;0;0;0;0;0;0;0;0;0;0;0;0;0;0;0;0;0;0;0;0;0;0;5;2;1;2;0;2;3;2018-12-08 20:30:00;2223;0;52;27;42;0;1;1;1;2;0;4;3;4;0;0;1;1;0;2;1;0;0;0;0;1.66;1.98;3.64;0;0;0;0;0;0;1;1;1;0;0;1;0;0;-1;-1;-1;-1;-1;-1;-1;-1;-1;21;42;53;63;90;32;69;74;63;10.44;0;4.43;2.9;San Antonio Unido;Deportes Vallenar;1.45;0.9;1.3;1;1.11;1.39;79;58;47;37;11;62;56;45;1.89;1.36;3.25;1203;19;Y;Y;Y;Y;Y;N;Y
519630;2236;2220;2018;complete;4001;9;-1;31;;1;0;1;3;5;8;-1;-1;2;1;0;0;6;6;7;3;13;9;-1;-1;43;57;2;1;1.87;3.3;3.45;1.02;1.24;1.8;3;0;9.25;3.55;1.91;1.33;1.11;1.74;2.05;0;0;0;0;0;0;0;0;0;0;0;0;0;0;0;0;0;0;0;0;0;0;0;0;0;0;0;0;0;0;0;0;0;0;0;0;0;0;0;0;0;0;0;0;0;0;0;0;0;0;0;0;0;1;1;0;0;0;0;1;2018-12-08 20:30:00;2236;0;67;28;39;0;1;1;1;2;2;3;3;5;1;0;1;1;1;2;1;0;0;0;0;1.51;1.28;2.8;0;0;0;0;0;0;1;1;0;0;0;0;0;0;-1;-1;-1;-1;-1;-1;-1;-1;-1;6;22;62;78;100;28;67;95;62;9.89;0;6.34;2.83;Fernández Vial;Malleco Unido;1.5;0.6;1.33;0.67;1;0.74;95;78;39;22;0;50;39;28;2.24;1.12;3.36;1203;20;Y;N;N;N;N;N;N
519631;2219;2218;2018;complete;4002;9;-1;55;;1;0;1;3;6;9;-1;-1;2;2;1;0;6;10;11;14;17;24;-1;-1;49;51;3;2;1.5;3.7;5.4;0;0;0;0;0;0;0;0;0;0;0;0;0;0;0;0;0;0;0;0;0;0;0;0;0;0;0;0;0;0;0;0;0;0;0;0;0;0;0;0;0;0;0;0;0;0;0;0;0;0;0;0;0;0;0;0;0;0;0;0;0;0;0;0;0;1;0;0;1;0;1;0;2018-12-09 20:30:00;2219;0;67;28;45;0;1;1;0;1;3;5;1;8;1;0;2;2;1;4;1;0;0;0;0;1.81;2.49;4.31;0;0;0;0;0;0;1;1;0;0;0;0;0;0;-1;-1;-1;-1;-1;-1;-1;-1;-1;22;39;56;84;95;33;78;78;62;7.56;0;6.11;3.17;Independiente;Colchagua;2;0.8;1.89;0.89;1.32;1.33;78;62;45;17;6;28;17;11;1.56;1.56;3.12;1203;19;Y;N;N;N;N;N;N
519632;2246;2216;2018;complete;4002;9;-1;90;61;1;1;2;1;4;5;-1;-1;4;2;0;0;5;6;4;8;9;14;-1;-1;49;51;4;2;2.45;3.2;2.45;1.03;1.3;1.95;3.45;0;8.25;3.15;1.74;1.25;1.07;1.83;1.95;0;0;0;0;0;0;0;0;0;0;0;0;0;0;0;0;0;0;0;0;0;0;0;0;0;0;0;0;0;0;0;0;0;0;0;0;0;0;0;0;0;0;0;0;0;0;0;0;0;0;0;0;0;2;0;0;1;1;2;0;2018-12-08 20:30:00;-1;0;29;10;14;0;1;1;0;4;1;0;4;1;1;1;3;1;2;4;1;0;0;0;0;1.36;1.72;3.08;0;0;0;0;0;0;1;1;0;0;0;2;0;0;-1;-1;-1;-1;-1;-1;-1;-1;-1;5;20;26;66;89;30;59;66;29;10.01;0;4.49;2.05;General Velásquez;Deportes Santa Cruz;1.6;1.75;1.67;1.82;1.5;2.11;96;80;75;35;11;73;62;52;1.53;1.59;3.12;1203;20;Y;Y;N;N;N;N;Y
519633;2225;2236;2018;complete;4001;10;-1;9;;1;0;1;3;3;6;-1;-1;1;3;1;0;5;2;5;8;10;10;-1;-1;44;56;3;3;1.69;3.35;4.25;1.02;1.24;1.8;3.05;0;9.25;3.55;1.87;1.32;1.1;1.8;1.95;0;0;0;0;0;0;0;0;0;0;0;0;0;0;0;0;0;0;0;0;0;0;0;0;0;0;0;0;0;0;0;0;0;0;0;0;0;0;0;0;0;0;0;0;0;0;0;0;0;0;0;0;0;1;1;0;0;0;0;1;2018-12-15 20:30:00;2225;0;38;22;10;0;1;1;2;1;1;2;3;3;1;1;1;2;2;3;1;0;0;0;0;1.24;1.13;2.37;0;0;0;0;0;0;1;1;1;0;0;1;0;0;-1;-1;-1;-1;-1;-1;-1;-1;-1;16;26;37;59;79;27;64;69;32;9.03;0;6.75;2.32;Recoleta;Fernández Vial;1.09;0.6;0.9;0.67;1.05;1.11;85;74;63;42;21;37;16;6;1.43;1.48;2.91;1203;20;Y;N;N;N;N;N;N
519634;2220;2223;2018;complete;4001;10;-1;27,90;;2;0;2;2;3;5;-1;-1;1;0;0;0;5;6;2;4;7;10;-1;-1;48;52;1;0;2.25;3.2;2.75;0;0;0;0;0;0;0;0;0;0;0;0;0;0;0;0;0;0;0;0;0;0;0;0;0;0;0;0;0;0;0;0;0;0;0;0;0;0;0;0;0;0;0;0;0;0;0;0;0;0;0;0;0;0;0;0;0;0;0;0;0;0;0;0;0;2;1;0;1;0;1;1;2018-12-15 20:30:00;2220;0;52;21;47;0;1;1;1;1;1;2;2;3;0;0;1;0;0;1;1;0;0;0;0;1.09;1.31;2.39;0;0;0;0;0;0;1;1;0;0;0;0;0;0;-1;-1;-1;-1;-1;-1;-1;-1;-1;11;36;46;68;79;31;62;63;52;9;0;4.69;2.56;Malleco Unido;San Antonio Unido;1;0.8;0.8;0.89;0.7;1.2;90;64;54;32;22;50;33;28;1.35;1.36;2.71;1203;21;Y;Y;N;N;N;N;N
519635;2216;2219;2018;complete;4002;10;-1;74;83;1;1;2;6;9;15;-1;-1;2;1;0;0;5;7;7;8;12;15;-1;-1;52;48;2;1;1.57;3.6;4.7;1.01;1.2;1.69;2.75;0;10.25;3.9;2;1.38;1.13;1.77;2;0;0;0;0;0;0;0;0;0;0;0;0;0;0;0;0;0;0;0;0;0;0;0;0;0;0;0;0;0;0;0;0;0;0;0;0;0;0;0;0;0;0;0;0;0;0;0;0;0;0;0;0;0;2;0;0;1;1;2;0;2018-12-15 21:00:00;-1;0;62;44;39;0;1;1;2;4;4;5;6;9;2;1;0;0;3;0;1;0;0;0;0;1.34;1.74;3.08;0;0;0;0;0;0;1;1;0;0;0;2;1;0;-1;-1;-1;-1;-1;-1;-1;-1;-1;28;43;68;78;100;44;84;94;57;10.1;0;5.55;3.38;Deportes Santa Cruz;Independiente;2.33;0.82;2.5;0.8;2.05;1.4;73;58;33;23;0;68;54;54;1.62;1.66;3.28;1203;21;Y;Y;N;N;N;N;Y
519636;2204;2246;2018;complete;4002;10;-1;56;68;1;1;2;1;4;5;-1;-1;3;1;0;0;8;5;4;8;12;13;-1;-1;47;53;3;1;1.91;3.25;3.4;1.02;1.26;1.87;3.15;0;9;3.4;1.83;1.3;1.09;1.77;2;0;0;0;0;0;0;0;0;0;0;0;0;0;0;0;0;0;0;0;0;0;0;0;0;0;0;0;0;0;0;0;0;0;0;0;0;0;0;0;0;0;0;0;0;0;0;0;0;0;0;0;0;0;2;0;0;1;1;2;0;2018-12-15 20:30:00;-1;0;48;21;33;0;1;1;0;2;1;2;2;3;1;0;2;1;1;3;1;0;0;0;0;1.62;1.47;3.09;0;0;0;0;0;0;1;1;0;0;0;0;0;0;-1;-1;-1;-1;-1;-1;-1;-1;-1;17;27;32;80;95;32;58;80;54;8.21;0;6.04;2.56;Iberia;General Velásquez;2.09;1.3;2.2;1.33;1.95;1.47;84;74;68;20;5;47;30;15;1.37;1.64;3.01;1203;20;Y;Y;N;N;N;N;Y
