ID;HOMEID;AWAYID;SEASON;STATUS;ROUNDID;GAME_WEEK;REVISED_GAME_WEEK;HOMEGOALS;AWAYGOALS;HOMEGOALCOUNT;AWAYGOALCOUNT;TOTALGOALCOUNT;TEAM_A_CORNERS;TEAM_B_CORNERS;TOTALCORNERCOUNT;TEAM_A_OFFSIDES;TEAM_B_OFFSIDES;TEAM_A_YELLOW_CARDS;TEAM_B_YELLOW_CARDS;TEAM_A_RED_CARDS;TEAM_B_RED_CARDS;TEAM_A_SHOTSONTARGET;TEAM_B_SHOTSONTARGET;TEAM_A_SHOTSOFFTARGET;TEAM_B_SHOTSOFFTARGET;TEAM_A_SHOTS;TEAM_B_SHOTS;TEAM_A_FOULS;TEAM_B_FOULS;TEAM_A_POSSESSION;TEAM_B_POSSESSION;TEAM_A_CARDS_NUM;TEAM_B_CARDS_NUM;ODDS_FT_1;ODDS_FT_X;ODDS_FT_2;ODDS_FT_OVER05;ODDS_FT_OVER15;ODDS_FT_OVER25;ODDS_FT_OVER35;ODDS_FT_OVER45;ODDS_FT_UNDER05;ODDS_FT_UNDER15;ODDS_FT_UNDER25;ODDS_FT_UNDER35;ODDS_FT_UNDER45;ODDS_BTTS_YES;ODDS_BTTS_NO;ODDS_TEAM_A_CS_YES;ODDS_TEAM_A_CS_NO;ODDS_TEAM_B_CS_YES;ODDS_TEAM_B_CS_NO;ODDS_DOUBLECHANCE_1X;ODDS_DOUBLECHANCE_12;ODDS_DOUBLECHANCE_X2;ODDS_1ST_HALF_RESULT_1;ODDS_1ST_HALF_RESULT_X;ODDS_1ST_HALF_RESULT_2;ODDS_2ND_HALF_RESULT_1;ODDS_2ND_HALF_RESULT_X;ODDS_2ND_HALF_RESULT_2;ODDS_DNB_1;ODDS_DNB_2;ODDS_CORNERS_OVER_75;ODDS_CORNERS_OVER_85;ODDS_CORNERS_OVER_95;ODDS_CORNERS_OVER_105;ODDS_CORNERS_OVER_115;ODDS_CORNERS_UNDER_75;ODDS_CORNERS_UNDER_85;ODDS_CORNERS_UNDER_95;ODDS_CORNERS_UNDER_105;ODDS_CORNERS_UNDER_115;ODDS_CORNERS_1;ODDS_CORNERS_X;ODDS_CORNERS_2;ODDS_TEAM_TO_SCORE_FIRST_1;ODDS_TEAM_TO_SCORE_FIRST_X;ODDS_TEAM_TO_SCORE_FIRST_2;ODDS_WIN_TO_NIL_1;ODDS_WIN_TO_NIL_2;ODDS_1ST_HALF_OVER05;ODDS_1ST_HALF_OVER15;ODDS_1ST_HALF_OVER25;ODDS_1ST_HALF_OVER35;ODDS_1ST_HALF_UNDER05;ODDS_1ST_HALF_UNDER15;ODDS_1ST_HALF_UNDER25;ODDS_1ST_HALF_UNDER35;ODDS_2ND_HALF_OVER05;ODDS_2ND_HALF_OVER15;ODDS_2ND_HALF_OVER25;ODDS_2ND_HALF_OVER35;ODDS_2ND_HALF_UNDER05;ODDS_2ND_HALF_UNDER15;ODDS_2ND_HALF_UNDER25;ODDS_2ND_HALF_UNDER35;ODDS_BTTS_1ST_HALF_YES;ODDS_BTTS_1ST_HALF_NO;ODDS_BTTS_2ND_HALF_YES;ODDS_BTTS_2ND_HALF_NO;OVERALLGOALCOUNT;HT_GOALS_TEAM_A;HT_GOALS_TEAM_B;GOALS_2HG_TEAM_A;GOALS_2HG_TEAM_B;GOALCOUNT_2HG;HTGOALCOUNT;DATE_UNIX;WINNINGTEAM;NO_HOME_AWAY;BTTS_POTENTIAL;BTTS_FHG_POTENTIAL;BTTS_2HG_POTENTIAL;GOALTIMINGDISABLED;CORNER_TIMINGS_RECORDED;CARD_TIMINGS_RECORDED;TEAM_A_FH_CORNERS;TEAM_B_FH_CORNERS;TEAM_A_2H_CORNERS;TEAM_B_2H_CORNERS;CORNER_FH_COUNT;CORNER_2H_COUNT;TEAM_A_FH_CARDS;TEAM_B_FH_CARDS;TEAM_A_2H_CARDS;TEAM_B_2H_CARDS;TOTAL_FH_CARDS;TOTAL_2H_CARDS;ATTACKS_RECORDED;TEAM_A_DANGEROUS_ATTACKS;TEAM_B_DANGEROUS_ATTACKS;TEAM_A_ATTACKS;TEAM_B_ATTACKS;TEAM_A_XG;TEAM_B_XG;TOTAL_XG;TEAM_A_PENALTIES_WON;TEAM_B_PENALTIES_WON;TEAM_A_PENALTY_GOALS;TEAM_B_PENALTY_GOALS;TEAM_A_PENALTY_MISSED;TEAM_B_PENALTY_MISSED;PENS_RECORDED;GOAL_TIMINGS_RECORDED;TEAM_A_0_10_MIN_GOALS;TEAM_B_0_10_MIN_GOALS;TEAM_A_CORNERS_0_10_MIN;TEAM_B_CORNERS_0_10_MIN;TEAM_A_CARDS_0_10_MIN;TEAM_B_CARDS_0_10_MIN;THROWINS_RECORDED;TEAM_A_THROWINS;TEAM_B_THROWINS;FREEKICKS_RECORDED;TEAM_A_FREEKICKS;TEAM_B_FREEKICKS;GOALKICKS_RECORDED;TEAM_A_GOALKICKS;TEAM_B_GOALKICKS;O45_POTENTIAL;O35_POTENTIAL;O25_POTENTIAL;O15_POTENTIAL;O05_POTENTIAL;O15HT_POTENTIAL;O05HT_POTENTIAL;O05_2H_POTENTIAL;O15_2H_POTENTIAL;CORNERS_POTENTIAL;OFFSIDES_POTENTIAL;CARDS_POTENTIAL;AVG_POTENTIAL;HOME_NAME;AWAY_NAME;HOME_PPG;AWAY_PPG;PRE_MATCH_HOME_PPG;PRE_MATCH_AWAY_PPG;PRE_MATCH_TEAMA_OVERALL_PPG;PRE_MATCH_TEAMB_OVERALL_PPG;U45_POTENTIAL;U35_POTENTIAL;U25_POTENTIAL;U15_POTENTIAL;U05_POTENTIAL;CORNERS_O85_POTENTIAL;CORNERS_O95_POTENTIAL;CORNERS_O105_POTENTIAL;TEAM_A_XG_PREMATCH;TEAM_B_XG_PREMATCH;TOTAL_XG_PREMATCH;COMPETITION_ID;MATCHES_COMPLETED_MINIMUM;OVER05;OVER15;OVER25;OVER35;OVER45;OVER55;BTTS
129449;2223;2231;2013/2014;complete;767;1;-1;2,44,80;20;3;1;4;-1;-1;-1;-1;-1;0;3;1;1;-1;-1;-1;-1;-1;-1;-1;-1;-1;-1;2;5;0;0;0;0;0;0;0;0;0;0;0;0;0;0;0;0;0;0;0;0;0;0;0;0;0;0;0;0;0;0;0;0;0;0;0;0;0;0;0;0;0;0;0;0;0;0;0;0;0;0;0;0;0;0;0;0;0;0;0;0;0;0;0;0;0;0;0;0;4;2;1;1;0;1;3;2013-08-31 19:30:00;2223;0;0;0;0;0;-1;1;-1;-1;-1;-1;-1;-1;0;3;1;1;3;2;-1;0;0;0;0;0;0;0;0;0;0;0;0;0;1;1;1;0;-1;-1;0;3;-1;-1;-1;-1;-1;-1;-1;-1;-1;0;0;0;0;0;0;0;0;0;0;0;0;0;San Antonio Unido;Unión Española II;2.82;1;0;0;0;0;0;0;0;0;0;0;0;0;0;0;0;506;22;Y;Y;Y;Y;N;N;Y
129450;2211;2230;2013/2014;complete;767;1;-1;90;;1;0;1;-1;-1;-1;-1;-1;1;2;0;0;-1;-1;-1;-1;-1;-1;-1;-1;-1;-1;1;2;0;0;0;0;0;0;0;0;0;0;0;0;0;0;0;0;0;0;0;0;0;0;0;0;0;0;0;0;0;0;0;0;0;0;0;0;0;0;0;0;0;0;0;0;0;0;0;0;0;0;0;0;0;0;0;0;0;0;0;0;0;0;0;0;0;0;0;0;1;0;0;1;0;1;0;2013-08-31 22:00:00;2211;0;0;0;0;0;-1;1;-1;-1;-1;-1;-1;-1;1;2;0;0;3;0;-1;0;0;0;0;0;0;0;0;0;0;0;0;0;1;1;0;0;-1;-1;1;2;-1;-1;-1;-1;-1;-1;-1;-1;-1;0;0;0;0;0;0;0;0;0;0;0;0;0;Puerto Montt;Ñublense II;2.45;0.09;0;0;0;0;0;0;0;0;0;0;0;0;0;0;0;506;22;Y;N;N;N;N;N;N
129451;2220;2228;2013/2014;complete;767;1;-1;;90;0;1;1;-1;-1;-1;-1;-1;2;3;0;0;-1;-1;-1;-1;-1;-1;-1;-1;-1;-1;2;3;0;0;0;0;0;0;0;0;0;0;0;0;0;0;0;0;0;0;0;0;0;0;0;0;0;0;0;0;0;0;0;0;0;0;0;0;0;0;0;0;0;0;0;0;0;0;0;0;0;0;0;0;0;0;0;0;0;0;0;0;0;0;0;0;0;0;0;0;1;0;0;0;1;1;0;2013-09-01 19:30:00;2228;0;0;0;0;0;-1;1;-1;-1;-1;-1;-1;-1;2;3;0;0;5;0;-1;0;0;0;0;0;0;0;0;0;0;0;0;0;1;1;0;0;-1;-1;2;3;-1;-1;-1;-1;-1;-1;-1;-1;-1;0;0;0;0;0;0;0;0;0;0;0;0;0;Malleco Unido;Deportes Linares;1.55;1.09;0;0;0;0;0;0;0;0;0;0;0;0;0;0;0;506;22;Y;N;N;N;N;N;N
129452;2226;2204;2013/2014;complete;767;1;-1;11,24,45;1,22,38,51,62;3;5;8;-1;-1;-1;-1;-1;2;2;0;0;-1;-1;-1;-1;-1;-1;-1;-1;-1;-1;2;2;0;0;0;0;0;0;0;0;0;0;0;0;0;0;0;0;0;0;0;0;0;0;0;0;0;0;0;0;0;0;0;0;0;0;0;0;0;0;0;0;0;0;0;0;0;0;0;0;0;0;0;0;0;0;0;0;0;0;0;0;0;0;0;0;0;0;0;0;8;3;3;0;2;2;6;2013-09-01 19:30:00;2204;0;0;0;0;0;-1;1;-1;-1;-1;-1;-1;-1;2;2;0;0;4;0;-1;0;0;0;0;0;0;0;0;1;0;1;0;0;1;1;0;1;-1;-1;2;2;-1;-1;-1;-1;-1;-1;-1;-1;-1;0;0;0;0;0;0;0;0;0;0;0;0;0;Trasandino;Iberia;1.91;1.91;0;0;0;0;0;0;0;0;0;0;0;0;0;0;0;506;22;Y;Y;Y;Y;Y;Y;Y
129453;2233;2206;2013/2014;complete;767;1;-1;52,60;15,56;2;2;4;-1;-1;-1;-1;-1;1;1;1;0;-1;-1;-1;-1;-1;-1;-1;-1;-1;-1;3;1;0;0;0;0;0;0;0;0;0;0;0;0;0;0;0;0;0;0;0;0;0;0;0;0;0;0;0;0;0;0;0;0;0;0;0;0;0;0;0;0;0;0;0;0;0;0;0;0;0;0;0;0;0;0;0;0;0;0;0;0;0;0;0;0;0;0;0;0;4;0;1;2;1;3;1;2013-09-01 21:00:00;-1;0;0;0;0;0;-1;1;-1;-1;-1;-1;-1;-1;2;1;0;0;3;0;-1;0;0;0;0;0;0;0;0;0;0;0;0;0;1;1;0;0;-1;-1;1;1;-1;-1;-1;-1;-1;-1;-1;-1;-1;0;0;0;0;0;0;0;0;0;0;0;0;0;Audax Italiano II;Deportes Valdivia;1.45;1;0;0;0;0;0;0;0;0;0;0;0;0;0;0;0;506;22;Y;Y;Y;Y;N;N;Y
129454;2232;2217;2013/2014;complete;767;1;-1;73;78;1;1;2;-1;-1;-1;-1;-1;2;3;0;0;-1;-1;-1;-1;-1;-1;-1;-1;-1;-1;2;3;0;0;0;0;0;0;0;0;0;0;0;0;0;0;0;0;0;0;0;0;0;0;0;0;0;0;0;0;0;0;0;0;0;0;0;0;0;0;0;0;0;0;0;0;0;0;0;0;0;0;0;0;0;0;0;0;0;0;0;0;0;0;0;0;0;0;0;0;2;0;0;1;1;2;0;2013-09-03 19:30:00;-1;0;0;0;0;0;-1;1;-1;-1;-1;-1;-1;-1;2;3;0;0;5;0;-1;0;0;0;0;0;0;0;0;0;0;0;0;0;1;1;0;0;-1;-1;2;3;-1;-1;-1;-1;-1;-1;-1;-1;-1;0;0;0;0;0;0;0;0;0;0;0;0;0;Colo-Colo II;Melipilla;0.73;1.36;0;0;0;0;0;0;0;0;0;0;0;0;0;0;0;506;22;Y;Y;N;N;N;N;Y
129455;2228;2233;2013/2014;complete;767;2;-1;56;49,50,90;1;3;4;-1;-1;-1;-1;-1;2;4;0;0;-1;-1;-1;-1;-1;-1;-1;-1;-1;-1;2;4;0;0;0;0;0;0;0;0;0;0;0;0;0;0;0;0;0;0;0;0;0;0;0;0;0;0;0;0;0;0;0;0;0;0;0;0;0;0;0;0;0;0;0;0;0;0;0;0;0;0;0;0;0;0;0;0;0;0;0;0;0;0;0;0;0;0;0;0;4;0;0;1;3;4;0;2013-09-14 20:00:00;2233;0;0;0;0;0;-1;1;-1;-1;-1;-1;-1;-1;2;4;0;0;6;0;-1;0;0;0;0;0;0;0;0;1;0;1;0;0;1;1;0;0;-1;-1;2;4;-1;-1;-1;-1;-1;-1;-1;-1;-1;0;0;0;0;0;0;0;0;0;0;0;0;0;Deportes Linares;Audax Italiano II;1.91;1.18;0;0;3;1;0;0;0;0;0;0;0;0;0;0;0;506;22;Y;Y;Y;Y;N;N;Y
129456;2206;2211;2013/2014;complete;767;2;-1;;45,76;0;2;2;-1;-1;-1;-1;-1;2;2;1;1;-1;-1;-1;-1;-1;-1;-1;-1;-1;-1;4;3;0;0;0;0;0;0;0;0;0;0;0;0;0;0;0;0;0;0;0;0;0;0;0;0;0;0;0;0;0;0;0;0;0;0;0;0;0;0;0;0;0;0;0;0;0;0;0;0;0;0;0;0;0;0;0;0;0;0;0;0;0;0;0;0;0;0;0;0;2;0;1;0;1;1;1;2013-09-14 21:00:00;2211;0;0;0;0;0;-1;1;-1;-1;-1;-1;-1;-1;2;2;1;1;4;2;-1;0;0;0;0;0;0;0;0;0;0;0;0;0;1;1;0;0;-1;-1;2;2;-1;-1;-1;-1;-1;-1;-1;-1;-1;0;0;0;0;0;0;0;0;0;0;0;0;0;Deportes Valdivia;Puerto Montt;2;1.73;0;0;1;3;0;0;0;0;0;0;0;0;0;0;0;506;22;Y;Y;N;N;N;N;N
129457;2217;2220;2013/2014;complete;767;2;-1;;;0;0;0;-1;-1;-1;-1;-1;2;1;0;1;-1;-1;-1;-1;-1;-1;-1;-1;-1;-1;2;2;0;0;0;0;0;0;0;0;0;0;0;0;0;0;0;0;0;0;0;0;0;0;0;0;0;0;0;0;0;0;0;0;0;0;0;0;0;0;0;0;0;0;0;0;0;0;0;0;0;0;0;0;0;0;0;0;0;0;0;0;0;0;0;0;0;0;0;0;0;0;0;0;0;0;0;2013-09-14 23:00:00;-1;0;0;0;0;0;-1;1;-1;-1;-1;-1;-1;-1;2;1;0;1;3;1;-1;0;0;0;0;0;0;0;0;0;0;0;0;0;1;1;0;0;-1;-1;2;1;-1;-1;-1;-1;-1;-1;-1;-1;-1;0;0;0;0;0;0;0;0;0;0;0;0;0;Melipilla;Malleco Unido;1.82;1;0;0;1;0;0;0;0;0;0;0;0;0;0;0;0;506;22;N;N;N;N;N;N;N
129458;2230;2232;2013/2014;complete;767;2;-1;;59;0;1;1;-1;-1;-1;-1;-1;2;1;0;0;-1;-1;-1;-1;-1;-1;-1;-1;-1;-1;2;1;0;0;0;0;0;0;0;0;0;0;0;0;0;0;0;0;0;0;0;0;0;0;0;0;0;0;0;0;0;0;0;0;0;0;0;0;0;0;0;0;0;0;0;0;0;0;0;0;0;0;0;0;0;0;0;0;0;0;0;0;0;0;0;0;0;0;0;0;1;0;0;0;1;1;0;2013-09-15 18:30:00;2232;0;0;0;0;0;-1;1;-1;-1;-1;-1;-1;-1;2;1;0;0;3;0;-1;0;0;0;0;0;0;0;0;1;0;1;0;0;1;1;0;0;-1;-1;2;1;-1;-1;-1;-1;-1;-1;-1;-1;-1;0;0;0;0;0;0;0;0;0;0;0;0;0;Ñublense II;Colo-Colo II;0.64;0.55;0;0;0;1;0;0;0;0;0;0;0;0;0;0;0;506;22;Y;N;N;N;N;N;N
129459;2204;2223;2013/2014;complete;767;2;-1;54,64,74;11,71;3;2;5;-1;-1;-1;-1;-1;3;2;0;1;-1;-1;-1;-1;-1;-1;-1;-1;-1;-1;3;4;0;0;0;0;0;0;0;0;0;0;0;0;0;0;0;0;0;0;0;0;0;0;0;0;0;0;0;0;0;0;0;0;0;0;0;0;0;0;0;0;0;0;0;0;0;0;0;0;0;0;0;0;0;0;0;0;0;0;0;0;0;0;0;0;0;0;0;0;5;0;1;3;1;4;1;2013-09-15 21:30:00;2204;0;0;0;0;0;-1;1;-1;-1;-1;-1;-1;-1;3;2;0;1;5;1;-1;0;0;0;0;0;0;0;0;0;0;0;0;0;1;1;0;0;-1;-1;3;2;-1;-1;-1;-1;-1;-1;-1;-1;-1;0;0;0;0;0;0;0;0;0;0;0;0;0;Iberia;San Antonio Unido;2.45;1.45;0;0;3;3;0;0;0;0;0;0;0;0;0;0;0;506;22;Y;Y;Y;Y;Y;N;Y
129460;2231;2226;2013/2014;complete;767;2;-1;60,86;53;2;1;3;-1;-1;-1;-1;-1;2;5;1;0;-1;-1;-1;-1;-1;-1;-1;-1;-1;-1;3;5;0;0;0;0;0;0;0;0;0;0;0;0;0;0;0;0;0;0;0;0;0;0;0;0;0;0;0;0;0;0;0;0;0;0;0;0;0;0;0;0;0;0;0;0;0;0;0;0;0;0;0;0;0;0;0;0;0;0;0;0;0;0;0;0;0;0;0;0;3;0;0;2;1;3;0;2013-09-17 16:00:00;2231;0;0;0;0;0;-1;1;-1;-1;-1;-1;-1;-1;2;5;1;0;7;1;-1;0;0;0;0;0;0;0;0;0;0;0;0;0;1;1;0;0;-1;-1;2;5;-1;-1;-1;-1;-1;-1;-1;-1;-1;0;0;0;0;0;0;0;0;0;0;0;0;0;Unión Española II;Trasandino;0.82;1.09;0;0;0;0;0;0;0;0;0;0;0;0;0;0;0;506;22;Y;Y;Y;N;N;N;Y
129461;2230;2220;2013/2014;complete;767;3;-1;51;26,40,60,65;1;4;5;-1;-1;-1;-1;-1;1;1;1;1;-1;-1;-1;-1;-1;-1;-1;-1;-1;-1;3;3;0;0;0;0;0;0;0;0;0;0;0;0;0;0;0;0;0;0;0;0;0;0;0;0;0;0;0;0;0;0;0;0;0;0;0;0;0;0;0;0;0;0;0;0;0;0;0;0;0;0;0;0;0;0;0;0;0;0;0;0;0;0;0;0;0;0;0;0;5;0;2;1;2;3;2;2013-09-28 19:00:00;2220;0;0;0;0;0;-1;1;-1;-1;-1;-1;-1;-1;1;1;1;1;2;2;-1;0;0;0;0;0;0;0;0;0;0;0;0;0;1;1;0;0;-1;-1;1;1;-1;-1;-1;-1;-1;-1;-1;-1;-1;0;0;0;0;50;0;0;50;0;0;0;4;0.5;Ñublense II;Malleco Unido;0.64;1;0;1;0;0.5;100;100;100;100;50;0;0;0;0;0;0;506;22;Y;Y;Y;Y;Y;N;Y
129462;2223;2206;2013/2014;complete;767;3;-1;7,41,57;;3;0;3;5;10;15;3;3;2;1;0;1;6;10;5;8;11;18;19;12;51;49;2;3;0;0;0;0;0;0;0;0;0;0;0;0;0;0;0;0;0;0;0;0;0;0;0;0;0;0;0;0;0;0;0;0;0;0;0;0;0;0;0;0;0;0;0;0;0;0;0;0;0;0;0;0;0;0;0;0;0;0;0;0;0;0;0;0;0;0;0;0;3;2;0;1;0;1;2;2013-09-28 19:30:00;2223;0;100;50;50;0;-1;1;-1;-1;-1;-1;-1;-1;2;2;0;0;4;0;-1;0;0;0;0;0;0;0;0;0;0;0;0;0;1;1;1;0;-1;-1;2;1;-1;-1;-1;-1;-1;-1;-1;-1;-1;0;100;100;100;100;50;100;100;50;0;0;3;4;San Antonio Unido;Deportes Valdivia;2.82;1;3;1;1.5;0.5;100;0;0;0;0;0;0;0;0;0;0;506;22;Y;Y;Y;N;N;N;N
129463;2211;2231;2013/2014;complete;767;3;-1;9,23,62;15,34;3;2;5;-1;-1;-1;-1;-1;0;1;0;1;-1;-1;-1;-1;-1;-1;-1;-1;-1;-1;0;3;0;0;0;0;0;0;0;0;0;0;0;0;0;0;0;0;0;0;0;0;0;0;0;0;0;0;0;0;0;0;0;0;0;0;0;0;0;0;0;0;0;0;0;0;0;0;0;0;0;0;0;0;0;0;0;0;0;0;0;0;0;0;0;0;0;0;0;0;5;2;2;1;0;1;4;2013-09-28 21:00:00;2211;0;50;50;0;0;-1;1;-1;-1;-1;-1;-1;-1;0;1;0;1;1;1;-1;0;0;0;0;0;0;0;0;0;0;0;0;0;1;1;1;0;-1;-1;0;1;-1;-1;-1;-1;-1;-1;-1;-1;-1;0;50;50;50;100;50;50;100;0;0;0;6;2.5;Puerto Montt;Unión Española II;2.45;1;3;0;3;1.5;100;50;50;50;0;0;0;0;0;0;0;506;22;Y;Y;Y;Y;Y;N;Y
129464;2204;2232;2013/2014;complete;767;3;-1;17,28,73,89;21,77;4;2;6;-1;-1;-1;-1;-1;1;3;0;0;-1;-1;-1;-1;-1;-1;-1;-1;-1;-1;1;3;0;0;0;0;0;0;0;0;0;0;0;0;0;0;0;0;0;0;0;0;0;0;0;0;0;0;0;0;0;0;0;0;0;0;0;0;0;0;0;0;0;0;0;0;0;0;0;0;0;0;0;0;0;0;0;0;0;0;0;0;0;0;0;0;0;0;0;0;6;2;1;2;1;3;3;2013-09-29 15:00:00;2204;0;50;0;50;0;-1;1;-1;-1;-1;-1;-1;-1;1;3;0;0;4;0;-1;0;0;0;0;0;0;0;0;0;0;0;0;0;1;1;0;0;-1;-1;1;3;-1;-1;-1;-1;-1;-1;-1;-1;-1;50;50;50;50;100;0;50;100;50;0;0;4;3;Iberia;Colo-Colo II;2.45;0.55;3;3;3;2;50;50;50;50;0;0;0;0;0;0;0;506;22;Y;Y;Y;Y;Y;Y;Y
129465;2226;2228;2013/2014;complete;767;3;-1;42,47,81;13,58;3;2;5;15;5;20;1;0;2;0;0;0;4;3;12;7;16;10;20;16;48;52;2;0;0;0;0;0;0;0;0;0;0;0;0;0;0;0;0;0;0;0;0;0;0;0;0;0;0;0;0;0;0;0;0;0;0;0;0;0;0;0;0;0;0;0;0;0;0;0;0;0;0;0;0;0;0;0;0;0;0;0;0;0;0;0;0;0;0;0;0;0;5;1;1;2;1;3;2;2013-09-29 19:30:00;2226;0;50;50;0;0;-1;1;-1;-1;-1;-1;-1;-1;2;0;0;0;2;0;-1;0;0;0;0;0;0;0;0;0;0;0;0;0;1;1;0;0;-1;-1;2;0;-1;-1;-1;-1;-1;-1;-1;-1;-1;50;50;50;50;100;50;50;100;50;0;0;5;4.5;Trasandino;Deportes Linares;1.91;1.09;0;3;0;1.5;50;50;50;50;0;0;0;0;0;0;0;506;22;Y;Y;Y;Y;Y;N;Y
129466;2233;2217;2013/2014;complete;767;3;-1;9;40;1;1;2;5;3;8;1;5;2;3;0;0;10;2;7;1;17;3;13;20;51;49;2;3;0;0;0;0;0;0;0;0;0;0;0;0;0;0;0;0;0;0;0;0;0;0;0;0;0;0;0;0;0;0;0;0;0;0;0;0;0;0;0;0;0;0;0;0;0;0;0;0;0;0;0;0;0;0;0;0;0;0;0;0;0;0;0;0;0;0;0;0;2;1;1;0;0;0;2;2013-10-01 20:00:00;-1;0;100;0;100;0;-1;1;-1;-1;-1;-1;-1;-1;2;3;0;0;5;0;-1;0;0;0;0;0;0;0;0;1;0;1;0;0;1;1;1;0;-1;-1;2;3;-1;-1;-1;-1;-1;-1;-1;-1;-1;0;50;50;100;100;0;50;100;100;0;0;6;3;Audax Italiano II;Melipilla;1.45;1.36;1;1;2;1;100;50;50;0;0;0;0;0;0;0;0;506;22;Y;Y;N;N;N;N;Y
129467;2228;2230;2013/2014;complete;767;4;-1;;;0;0;0;-1;-1;-1;-1;-1;5;2;0;1;-1;-1;-1;-1;-1;-1;-1;-1;-1;-1;5;4;0;0;0;0;0;0;0;0;0;0;0;0;0;0;0;0;0;0;0;0;0;0;0;0;0;0;0;0;0;0;0;0;0;0;0;0;0;0;0;0;0;0;0;0;0;0;0;0;0;0;0;0;0;0;0;0;0;0;0;0;0;0;0;0;0;0;0;0;0;0;0;0;0;0;0;2013-10-05 20:00:00;-1;0;50;0;50;0;-1;1;-1;-1;-1;-1;-1;-1;5;2;0;1;7;1;-1;0;0;0;0;0;0;0;0;0;0;0;0;0;1;1;0;0;-1;-1;5;2;-1;-1;-1;-1;-1;-1;-1;-1;-1;0;50;50;50;100;0;0;100;50;0;0;4;2.5;Deportes Linares;Ñublense II;1.91;0.09;0;0;1;0;100;50;50;50;0;0;0;0;0;0;0;506;22;N;N;N;N;N;N;N
129468;2206;2204;2013/2014;complete;767;4;-1;2,49;18;2;1;3;-1;-1;-1;-1;-1;4;4;0;1;-1;-1;-1;-1;-1;-1;-1;-1;-1;-1;4;5;0;0;0;0;0;0;0;0;0;0;0;0;0;0;0;0;0;0;0;0;0;0;0;0;0;0;0;0;0;0;0;0;0;0;0;0;0;0;0;0;0;0;0;0;0;0;0;0;0;0;0;0;0;0;0;0;0;0;0;0;0;0;0;0;0;0;0;0;3;1;1;1;0;1;2;2013-10-05 21:00:00;2206;0;50;50;0;0;-1;1;-1;-1;-1;-1;-1;-1;4;4;0;1;8;1;-1;0;0;0;0;0;0;0;0;0;0;0;0;0;1;1;1;0;-1;-1;4;4;-1;-1;-1;-1;-1;-1;-1;-1;-1;50;50;50;100;100;50;100;100;50;0;0;6;5;Deportes Valdivia;Iberia;2;1.91;0;3;0.33;3;50;50;50;0;0;0;0;0;0;0;0;506;22;Y;Y;Y;N;N;N;Y
129469;2220;2211;2013/2014;complete;767;4;-1;;64,90;0;2;2;-1;-1;-1;-1;-1;4;3;2;1;-1;-1;-1;-1;-1;-1;-1;-1;-1;-1;7;4;0;0;0;0;0;0;0;0;0;0;0;0;0;0;0;0;0;0;0;0;0;0;0;0;0;0;0;0;0;0;0;0;0;0;0;0;0;0;0;0;0;0;0;0;0;0;0;0;0;0;0;0;0;0;0;0;0;0;0;0;0;0;0;0;0;0;0;0;2;0;0;0;2;2;0;2013-10-06 18:30:00;2211;0;0;0;0;0;-1;1;-1;-1;-1;-1;-1;-1;5;3;1;1;8;2;-1;0;0;0;0;0;0;0;0;0;0;0;0;0;1;1;0;0;-1;-1;4;3;-1;-1;-1;-1;-1;-1;-1;-1;-1;0;0;0;50;100;0;50;100;0;0;0;5;1.5;Malleco Unido;Puerto Montt;1.55;1.73;0;3;1.33;3;100;100;100;50;0;0;0;0;0;0;0;506;22;Y;Y;N;N;N;N;N
129470;2217;2223;2013/2014;complete;767;4;-1;45,64,89;16,27;3;2;5;-1;-1;-1;-1;-1;2;2;1;1;-1;-1;-1;-1;-1;-1;-1;-1;-1;-1;4;4;0;0;0;0;0;0;0;0;0;0;0;0;0;0;0;0;0;0;0;0;0;0;0;0;0;0;0;0;0;0;0;0;0;0;0;0;0;0;0;0;0;0;0;0;0;0;0;0;0;0;0;0;0;0;0;0;0;0;0;0;0;0;0;0;0;0;0;0;5;1;2;2;0;2;3;2013-10-06 19:00:00;2217;0;50;0;50;0;-1;1;-1;-1;-1;-1;-1;-1;2;2;1;1;4;2;-1;0;0;0;0;0;0;0;0;0;0;0;0;0;1;1;0;0;-1;-1;2;2;-1;-1;-1;-1;-1;-1;-1;-1;-1;50;50;50;50;50;0;50;50;50;0;0;6;2.5;Melipilla;San Antonio Unido;1.82;1.45;1;0;1;2;50;50;50;50;50;0;0;0;0;0;0;506;22;Y;Y;Y;Y;Y;N;Y
129471;2231;2233;2013/2014;complete;767;4;-1;43;49,73,89;1;3;4;2;4;6;3;1;2;2;0;0;4;4;2;8;6;12;18;21;47;53;2;2;0;0;0;0;0;0;0;0;0;0;0;0;0;0;0;0;0;0;0;0;0;0;0;0;0;0;0;0;0;0;0;0;0;0;0;0;0;0;0;0;0;0;0;0;0;0;0;0;0;0;0;0;0;0;0;0;0;0;0;0;0;0;0;0;0;0;0;0;4;1;0;0;3;3;1;2013-10-08 16:00:00;2233;0;100;0;100;0;-1;1;-1;-1;-1;-1;-1;-1;2;2;0;0;4;0;-1;0;0;0;0;0;0;0;0;1;0;1;0;0;1;1;0;0;-1;-1;2;2;-1;-1;-1;-1;-1;-1;-1;-1;-1;0;50;100;100;100;0;0;100;100;0;0;7;3.5;Unión Española II;Audax Italiano II;0.82;1.18;3;3;1;1.67;100;50;0;0;0;0;0;0;0;0;0;506;22;Y;Y;Y;Y;N;N;Y
129472;2232;2226;2013/2014;complete;767;4;-1;57,62;23,41,43,75;2;4;6;-1;-1;-1;-1;-1;1;0;0;0;-1;-1;-1;-1;-1;-1;-1;-1;-1;-1;1;0;0;0;0;0;0;0;0;0;0;0;0;0;0;0;0;0;0;0;0;0;0;0;0;0;0;0;0;0;0;0;0;0;0;0;0;0;0;0;0;0;0;0;0;0;0;0;0;0;0;0;0;0;0;0;0;0;0;0;0;0;0;0;0;0;0;0;0;0;6;0;3;2;1;3;3;2013-10-10 18:30:00;2226;0;100;0;100;0;-1;1;-1;-1;-1;-1;-1;-1;1;0;0;0;1;0;-1;0;0;0;0;0;0;0;0;1;0;1;0;0;1;1;0;0;-1;-1;1;0;-1;-1;-1;-1;-1;-1;-1;-1;-1;0;0;50;100;100;0;0;100;100;0;0;7;2.5;Colo-Colo II;Trasandino;0.73;1.09;1;0;1.33;1;100;100;50;0;0;0;0;0;0;0;0;506;22;Y;Y;Y;Y;Y;Y;Y
129473;2223;2233;2013/2014;complete;767;5;-1;6,64;;2;0;2;-1;-1;-1;-1;-1;0;5;0;1;-1;-1;-1;-1;-1;-1;-1;-1;-1;-1;0;6;0;0;0;0;0;0;0;0;0;0;0;0;0;0;0;0;0;0;0;0;0;0;0;0;0;0;0;0;0;0;0;0;0;0;0;0;0;0;0;0;0;0;0;0;0;0;0;0;0;0;0;0;0;0;0;0;0;0;0;0;0;0;0;0;0;0;0;0;2;1;0;1;0;1;1;2013-10-19 19:30:00;2223;0;75;25;25;0;-1;1;-1;-1;-1;-1;-1;-1;0;5;0;1;5;1;-1;0;0;0;0;0;0;0;0;0;0;0;0;0;1;1;1;0;-1;-1;0;5;-1;-1;-1;-1;-1;-1;-1;-1;-1;0;75;100;100;100;50;75;100;50;9;1;5;3.75;San Antonio Unido;Audax Italiano II;2.82;1.18;3;3;1.5;2;100;25;0;0;0;50;50;50;0;0;0;506;22;Y;Y;N;N;N;N;N
129474;2211;2228;2013/2014;complete;767;5;-1;67;25,28;1;2;3;-1;-1;-1;-1;-1;3;4;0;1;-1;-1;-1;-1;-1;-1;-1;-1;-1;-1;3;6;0;0;0;0;0;0;0;0;0;0;0;0;0;0;0;0;0;0;0;0;0;0;0;0;0;0;0;0;0;0;0;0;0;0;0;0;0;0;0;0;0;0;0;0;0;0;0;0;0;0;0;0;0;0;0;0;0;0;0;0;0;0;0;0;0;0;0;0;3;0;2;1;0;1;2;2013-10-19 21:00:00;2228;0;50;50;25;0;-1;1;-1;-1;-1;-1;-1;-1;3;4;0;1;7;1;-1;0;0;0;0;0;0;0;0;0;0;0;0;0;1;1;0;0;-1;-1;3;4;-1;-1;-1;-1;-1;-1;-1;-1;-1;50;50;50;50;100;50;50;100;25;5;0;2;3;Puerto Montt;Deportes Linares;2.45;1.09;3;1.5;3;1;50;50;50;50;0;50;50;50;0;0;0;506;22;Y;Y;Y;N;N;N;Y
129475;2204;2231;2013/2014;complete;767;5;-1;34,40,69,74,86;27;5;1;6;-1;-1;-1;-1;-1;0;1;0;0;-1;-1;-1;-1;-1;-1;-1;-1;-1;-1;0;1;0;0;0;0;0;0;0;0;0;0;0;0;0;0;0;0;0;0;0;0;0;0;0;0;0;0;0;0;0;0;0;0;0;0;0;0;0;0;0;0;0;0;0;0;0;0;0;0;0;0;0;0;0;0;0;0;0;0;0;0;0;0;0;0;0;0;0;0;6;2;1;3;0;3;3;2013-10-20 19:00:00;2204;0;100;75;50;0;-1;1;-1;-1;-1;-1;-1;-1;0;1;0;0;1;0;-1;0;0;0;0;0;0;0;0;1;0;1;0;0;1;1;0;0;-1;-1;0;1;-1;-1;-1;-1;-1;-1;-1;-1;-1;75;100;100;100;100;75;100;100;50;0;0;6;5;Iberia;Unión Española II;2.45;1;3;0;2.25;0.75;25;0;0;0;0;0;0;0;0;0;0;506;22;Y;Y;Y;Y;Y;Y;Y
129476;2230;2206;2013/2014;complete;767;5;-1;85;;1;0;1;-1;-1;-1;-1;-1;-1;-1;-1;-1;-1;-1;-1;-1;-1;-1;-1;-1;-1;-1;-1;-1;0;0;0;0;0;0;0;0;0;0;0;0;0;0;0;0;0;0;0;0;0;0;0;0;0;0;0;0;0;0;0;0;0;0;0;0;0;0;0;0;0;0;0;0;0;0;0;0;0;0;0;0;0;0;0;0;0;0;0;0;0;0;0;0;0;0;0;0;1;0;0;1;0;1;0;2013-10-20 19:00:00;2230;0;50;0;50;0;-1;-1;-1;-1;-1;-1;-1;-1;-1;-1;-1;-1;-1;-1;-1;0;0;0;0;0;0;0;0;0;0;0;0;0;1;1;0;0;-1;-1;-1;-1;-1;-1;-1;-1;-1;-1;-1;-1;-1;25;50;75;75;100;50;75;100;50;10;0;4.5;3.25;Ñublense II;Deportes Valdivia;0.64;1;0;0.5;0.25;1;75;50;25;25;0;50;50;50;0;0;0;506;22;Y;N;N;N;N;N;N
129477;2226;2217;2013/2014;complete;767;5;-1;29;9,44,90;1;3;4;-1;-1;-1;-1;-1;3;4;2;1;-1;-1;-1;-1;-1;-1;-1;-1;-1;-1;7;5;0;0;0;0;0;0;0;0;0;0;0;0;0;0;0;0;0;0;0;0;0;0;0;0;0;0;0;0;0;0;0;0;0;0;0;0;0;0;0;0;0;0;0;0;0;0;0;0;0;0;0;0;0;0;0;0;0;0;0;0;0;0;0;0;0;0;0;0;4;1;2;0;1;1;3;2013-10-20 20:30:00;2217;0;100;75;50;0;-1;1;-1;-1;-1;-1;-1;-1;3;4;2;1;7;3;-1;0;0;0;0;0;0;0;0;0;0;0;0;0;1;1;0;1;-1;-1;3;4;-1;-1;-1;-1;-1;-1;-1;-1;-1;50;50;50;100;100;75;75;75;75;18;2;5;4.25;Trasandino;Melipilla;1.91;1.36;1.5;1;1.5;1.5;50;50;50;0;0;50;50;50;0;0;0;506;22;Y;Y;Y;Y;N;N;Y
129478;2232;2220;2013/2014;complete;767;5;-1;;;0;0;0;1;6;7;2;2;3;0;1;0;4;6;2;10;6;16;12;13;48;52;4;0;0;0;0;0;0;0;0;0;0;0;0;0;0;0;0;0;0;0;0;0;0;0;0;0;0;0;0;0;0;0;0;0;0;0;0;0;0;0;0;0;0;0;0;0;0;0;0;0;0;0;0;0;0;0;0;0;0;0;0;0;0;0;0;0;0;0;0;0;0;0;0;0;0;0;0;2013-10-22 19:00:00;-1;0;75;0;75;0;-1;1;-1;-1;-1;-1;-1;-1;3;0;1;0;3;1;-1;0;0;0;0;0;0;0;0;0;0;0;0;0;1;1;0;0;-1;-1;3;0;-1;-1;-1;-1;-1;-1;-1;-1;-1;50;50;50;75;75;50;50;75;75;0;0;4;3.25;Colo-Colo II;Malleco Unido;0.73;1;0.5;2;1;1;50;50;50;25;25;0;0;0;0;0;0;506;22;N;N;N;N;N;N;N
129479;2206;2226;2013/2014;complete;767;6;-1;41,60,90;34,73,80;3;3;6;-1;-1;-1;-1;-1;4;2;0;1;-1;-1;-1;-1;-1;-1;-1;-1;-1;-1;4;4;0;0;0;0;0;0;0;0;0;0;0;0;0;0;0;0;0;0;0;0;0;0;0;0;0;0;0;0;0;0;0;0;0;0;0;0;0;0;0;0;0;0;0;0;0;0;0;0;0;0;0;0;0;0;0;0;0;0;0;0;0;0;0;0;0;0;0;0;6;1;1;2;2;4;2;2013-10-26 20:30:00;-1;0;75;25;50;0;-1;1;-1;-1;-1;-1;-1;-1;4;3;0;0;7;0;-1;0;0;0;0;0;0;0;0;0;0;0;0;0;1;1;0;0;-1;-1;4;2;-1;-1;-1;-1;-1;-1;-1;-1;-1;25;25;75;100;100;50;75;100;50;0;0;6.5;3.5;Deportes Valdivia;Trasandino;2;1.09;1.5;1.5;0.8;1.2;75;75;25;0;0;0;0;0;0;0;0;506;22;Y;Y;Y;Y;Y;Y;Y
129480;2220;2223;2013/2014;complete;767;6;-1;36,84;26,81;2;2;4;-1;-1;-1;-1;-1;2;3;0;0;-1;-1;-1;-1;-1;-1;-1;-1;-1;-1;2;3;0;0;0;0;0;0;0;0;0;0;0;0;0;0;0;0;0;0;0;0;0;0;0;0;0;0;0;0;0;0;0;0;0;0;0;0;0;0;0;0;0;0;0;0;0;0;0;0;0;0;0;0;0;0;0;0;0;0;0;0;0;0;0;0;0;0;0;0;4;1;1;1;1;2;2;2013-10-27 19:00:00;-1;0;50;25;25;0;-1;1;-1;-1;-1;-1;-1;-1;2;3;0;0;5;0;-1;0;0;0;0;0;0;0;0;0;0;0;0;0;1;1;0;0;-1;-1;2;3;-1;-1;-1;-1;-1;-1;-1;-1;-1;50;50;50;75;100;25;50;100;75;0;0;8.5;3.25;Malleco Unido;San Antonio Unido;1.55;1.45;0;0;1;1.8;50;50;50;25;0;0;0;0;0;0;0;506;22;Y;Y;Y;Y;N;N;Y
129481;2228;2204;2013/2014;complete;767;6;-1;43;87;1;1;2;-1;-1;-1;-1;-1;3;1;2;0;-1;-1;-1;-1;-1;-1;-1;-1;-1;-1;5;1;0;0;0;0;0;0;0;0;0;0;0;0;0;0;0;0;0;0;0;0;0;0;0;0;0;0;0;0;0;0;0;0;0;0;0;0;0;0;0;0;0;0;0;0;0;0;0;0;0;0;0;0;0;0;0;0;0;0;0;0;0;0;0;0;0;0;0;0;2;1;0;0;1;1;1;2013-10-27 20:00:00;-1;0;75;50;25;0;-1;1;-1;-1;-1;-1;-1;-1;3;1;2;0;4;2;-1;0;0;0;0;0;0;0;0;0;0;0;0;0;1;1;0;0;-1;-1;3;1;-1;-1;-1;-1;-1;-1;-1;-1;-1;25;50;75;75;75;50;50;75;50;0;0;7;3.75;Deportes Linares;Iberia;1.91;1.91;0.5;1.5;1.4;2.4;75;50;25;25;25;0;0;0;0;0;0;506;22;Y;Y;N;N;N;N;Y
129482;2230;2217;2013/2014;complete;767;6;-1;50;24,59;1;2;3;4;4;8;4;3;0;3;0;0;5;2;11;7;16;9;18;16;53;47;0;3;0;0;0;0;0;0;0;0;0;0;0;0;0;0;0;0;0;0;0;0;0;0;0;0;0;0;0;0;0;0;0;0;0;0;0;0;0;0;0;0;0;0;0;0;0;0;0;0;0;0;0;0;0;0;0;0;0;0;0;0;0;0;0;0;0;0;0;0;3;0;1;1;1;2;1;2013-10-28 20:00:00;2217;0;67;34;33;0;-1;1;-1;-1;-1;-1;-1;-1;0;3;0;0;3;0;-1;0;0;0;0;0;0;0;0;0;0;0;0;0;1;1;0;0;-1;-1;0;3;-1;-1;-1;-1;-1;-1;-1;-1;-1;17;33;33;67;100;50;50;84;33;3;0;6.17;2.5;Ñublense II;Melipilla;0.64;1.36;1;1.67;0.8;1.8;84;67;67;34;0;0;0;0;0;0;0;506;22;Y;Y;Y;N;N;N;Y
129483;2231;2232;2013/2014;complete;767;6;-1;39,51,65,67,73,87;56,82;6;2;8;8;2;10;6;2;0;0;0;0;7;4;11;4;18;8;6;7;51;49;0;0;0;0;0;0;0;0;0;0;0;0;0;0;0;0;0;0;0;0;0;0;0;0;0;0;0;0;0;0;0;0;0;0;0;0;0;0;0;0;0;0;0;0;0;0;0;0;0;0;0;0;0;0;0;0;0;0;0;0;0;0;0;0;0;0;0;0;0;0;8;1;0;5;2;7;1;2013-10-29 16:00:00;2231;0;75;25;50;0;-1;-1;-1;-1;-1;-1;-1;-1;0;0;0;0;0;0;-1;0;0;0;0;0;0;0;0;0;0;0;0;0;1;1;0;0;-1;-1;-1;-1;-1;-1;-1;-1;-1;-1;-1;-1;-1;25;50;75;75;100;25;50;100;75;2;0;4.5;3.5;Unión Española II;Colo-Colo II;0.82;0.55;1.5;1.5;0.6;1;75;50;25;25;0;0;0;0;0;0;0;506;22;Y;Y;Y;Y;Y;Y;Y
129484;2233;2211;2013/2014;complete;767;6;-1;;;0;0;0;3;2;5;2;4;3;3;1;1;2;4;1;6;3;10;22;19;49;51;5;5;0;0;0;0;0;0;0;0;0;0;0;0;0;0;0;0;0;0;0;0;0;0;0;0;0;0;0;0;0;0;0;0;0;0;0;0;0;0;0;0;0;0;0;0;0;0;0;0;0;0;0;0;0;0;0;0;0;0;0;0;0;0;0;0;0;0;0;0;0;0;0;0;0;0;0;2013-10-29 20:00:00;-1;0;50;25;25;0;-1;1;-1;-1;-1;-1;-1;-1;3;3;1;1;6;2;-1;0;0;0;0;0;0;0;0;0;0;0;0;0;1;1;0;0;-1;-1;3;3;-1;-1;-1;-1;-1;-1;-1;-1;-1;0;25;25;100;100;25;75;75;50;5;0;6;2.5;Audax Italiano II;Puerto Montt;1.45;1.73;1;3;1.6;2.4;100;75;75;0;0;0;0;0;0;0;0;506;22;N;N;N;N;N;N;N
129485;2223;2228;2013/2014;complete;767;7;-1;51,76;84;2;1;3;-1;-1;-1;-1;-1;2;2;0;0;-1;-1;-1;-1;-1;-1;-1;-1;-1;-1;2;2;0;0;0;0;0;0;0;0;0;0;0;0;0;0;0;0;0;0;0;0;0;0;0;0;0;0;0;0;0;0;0;0;0;0;0;0;0;0;0;0;0;0;0;0;0;0;0;0;0;0;0;0;0;0;0;0;0;0;0;0;0;0;0;0;0;0;0;0;3;0;0;2;1;3;0;2013-11-02 19:30:00;2223;0;50;33;17;0;-1;1;-1;-1;-1;-1;-1;-1;2;2;0;0;4;0;-1;0;0;0;0;0;0;0;1;0;1;0;0;0;1;1;0;0;-1;-1;2;2;-1;-1;-1;-1;-1;-1;-1;-1;-1;17;33;67;84;100;67;84;100;17;10;0;4.33;3;San Antonio Unido;Deportes Linares;2.82;1.09;3;2;1.67;1.33;84;67;33;17;0;100;100;100;0;0;0;506;22;Y;Y;Y;N;N;N;Y
129486;2217;2211;2013/2014;complete;767;7;-1;58;90;1;1;2;3;7;10;10;0;3;1;0;0;3;4;0;6;3;10;12;14;43;57;3;1;0;0;0;0;0;0;0;0;0;0;0;0;0;0;0;0;0;0;0;0;0;0;0;0;0;0;0;0;0;0;0;0;0;0;0;0;0;0;0;0;0;0;0;0;0;0;0;0;0;0;0;0;0;0;0;0;0;0;0;0;0;0;0;0;0;0;0;0;2;0;0;1;1;2;0;2013-11-03 19:00:00;-1;0;25;25;0;0;-1;1;-1;-1;-1;-1;-1;-1;3;1;0;0;4;0;-1;0;0;0;0;0;0;0;0;0;0;0;0;0;1;1;0;0;-1;-1;3;1;-1;-1;-1;-1;-1;-1;-1;-1;-1;25;25;25;59;59;25;42;59;42;2;0;7;1.92;Melipilla;Puerto Montt;1.82;1.73;2;2.33;2;2.17;75;75;75;42;42;0;0;0;0;0;0;506;22;Y;Y;N;N;N;N;Y
129487;2226;2230;2013/2014;complete;767;7;-1;8,25,36,83,85;58;5;1;6;-1;-1;-1;-1;-1;3;2;1;1;-1;-1;-1;-1;-1;-1;-1;-1;-1;-1;4;4;0;0;0;0;0;0;0;0;0;0;0;0;0;0;0;0;0;0;0;0;0;0;0;0;0;0;0;0;0;0;0;0;0;0;0;0;0;0;0;0;0;0;0;0;0;0;0;0;0;0;0;0;0;0;0;0;0;0;0;0;0;0;0;0;0;0;0;0;6;3;0;2;1;3;3;2013-11-03 20:30:00;2226;0;50;50;17;0;-1;1;-1;-1;-1;-1;-1;-1;3;3;1;0;6;1;-1;0;0;0;0;0;0;0;0;0;0;0;0;0;1;1;1;0;-1;-1;3;2;-1;-1;-1;-1;-1;-1;-1;-1;-1;34;50;50;50;75;50;50;75;34;15;0;6.67;3.09;Trasandino;Ñublense II;1.91;0.09;1;0.5;1.17;0.67;67;50;50;50;25;50;50;50;0;0;0;506;22;Y;Y;Y;Y;Y;Y;Y
129488;2231;2220;2013/2014;complete;767;7;-1;12;18,44;1;2;3;2;7;9;5;3;0;0;0;0;4;7;5;9;9;16;9;14;54;46;0;0;0;0;0;0;0;0;0;0;0;0;0;0;0;0;0;0;0;0;0;0;0;0;0;0;0;0;0;0;0;0;0;0;0;0;0;0;0;0;0;0;0;0;0;0;0;0;0;0;0;0;0;0;0;0;0;0;0;0;0;0;0;0;0;0;0;0;0;0;3;1;2;0;0;0;3;2013-11-05 15:00:00;2220;0;67;0;50;0;-1;-1;-1;-1;-1;-1;-1;-1;0;0;0;0;0;0;-1;0;0;0;0;0;0;0;0;0;0;0;0;0;1;1;0;0;-1;-1;-1;-1;-1;-1;-1;-1;-1;-1;-1;-1;-1;33;50;67;67;67;17;50;67;67;11;2.67;3.34;3.34;Unión Española II;Malleco Unido;0.82;1;2;1.67;1;1;67;50;34;34;34;25;25;0;0;0;0;506;22;Y;Y;Y;N;N;N;Y
129489;2232;2206;2013/2014;complete;767;7;-1;;86;0;1;1;6;5;11;5;4;3;1;0;0;3;8;3;7;6;15;13;16;60;40;3;1;0;0;0;0;0;0;0;0;0;0;0;0;0;0;0;0;0;0;0;0;0;0;0;0;0;0;0;0;0;0;0;0;0;0;0;0;0;0;0;0;0;0;0;0;0;0;0;0;0;0;0;0;0;0;0;0;0;0;0;0;0;0;0;0;0;0;0;0;1;0;0;0;1;1;0;2013-11-05 19:00:00;2206;0;50;0;50;0;-1;1;-1;-1;-1;-1;-1;-1;3;1;0;0;4;0;-1;0;0;0;0;0;0;0;0;0;0;0;0;0;1;1;0;0;-1;-1;3;1;-1;-1;-1;-1;-1;-1;-1;-1;-1;17;33;50;67;84;33;50;84;50;11;0.33;4.33;2.67;Colo-Colo II;Deportes Valdivia;0.73;1;0.67;0.33;0.83;0.83;84;67;50;33;17;50;50;50;0;0;0;506;22;Y;N;N;N;N;N;N
129490;2211;2226;2013/2014;complete;767;8;-1;28,37,45,88;;4;0;4;-1;-1;-1;-1;-1;2;0;0;0;-1;-1;-1;-1;-1;-1;-1;-1;-1;-1;2;0;0;0;0;0;0;0;0;0;0;0;0;0;0;0;0;0;0;0;0;0;0;0;0;0;0;0;0;0;0;0;0;0;0;0;0;0;0;0;0;0;0;0;0;0;0;0;0;0;0;0;0;0;0;0;0;0;0;0;0;0;0;0;0;0;0;0;0;0;4;3;0;1;0;1;3;2013-11-09 22:00:00;2211;0;84;33;50;0;-1;1;-1;-1;-1;-1;-1;-1;2;0;0;0;2;0;-1;0;0;0;0;0;0;0;1;0;1;0;0;0;1;1;0;0;-1;-1;2;0;-1;-1;-1;-1;-1;-1;-1;-1;-1;50;50;84;84;100;67;67;100;50;0;0;4.33;4;Puerto Montt;Trasandino;2.45;1.09;2;1.33;2;1.43;50;50;17;17;0;0;0;0;0;0;0;506;22;Y;Y;Y;Y;N;N;N
129491;2228;2231;2013/2014;complete;767;8;-1;47,78,81,84;10,32,65;4;3;7;7;2;9;2;3;4;1;1;1;6;2;10;2;16;4;13;9;51;49;6;2;0;0;0;0;0;0;0;0;0;0;0;0;0;0;0;0;0;0;0;0;0;0;0;0;0;0;0;0;0;0;0;0;0;0;0;0;0;0;0;0;0;0;0;0;0;0;0;0;0;0;0;0;0;0;0;0;0;0;0;0;0;0;0;0;0;0;0;0;7;0;2;4;1;5;2;2013-11-10 18:30:00;2228;0;84;50;17;0;-1;1;-1;-1;-1;-1;-1;-1;4;1;1;1;5;2;-1;0;0;0;0;0;0;0;0;0;0;0;0;0;1;1;0;1;-1;-1;4;1;-1;-1;-1;-1;-1;-1;-1;-1;-1;34;67;67;84;84;50;67;84;33;0;0;7;3.5;Deportes Linares;Unión Española II;1.91;1;0.67;0;1.14;0.86;67;34;34;17;17;0;0;0;0;0;0;506;22;Y;Y;Y;Y;Y;Y;Y
129492;2204;2220;2013/2014;complete;767;8;-1;20,90;;2;0;2;-1;-1;-1;-1;-1;1;2;0;1;-1;-1;-1;-1;-1;-1;-1;-1;-1;-1;1;4;0;0;0;0;0;0;0;0;0;0;0;0;0;0;0;0;0;0;0;0;0;0;0;0;0;0;0;0;0;0;0;0;0;0;0;0;0;0;0;0;0;0;0;0;0;0;0;0;0;0;0;0;0;0;0;0;0;0;0;0;0;0;0;0;0;0;0;0;2;1;0;1;0;1;1;2013-11-10 18:30:00;2204;0;75;46;46;0;-1;1;-1;-1;-1;-1;-1;-1;1;3;0;0;4;0;-1;0;0;0;0;0;0;0;0;0;0;0;0;0;1;1;0;0;-1;-1;1;2;-1;-1;-1;-1;-1;-1;-1;-1;-1;63;63;75;75;75;59;75;63;63;6.5;0;2.58;3.84;Iberia;Malleco Unido;2.45;1;3;2;2.17;1.29;38;38;25;25;25;25;0;0;0;0;0;506;22;Y;Y;N;N;N;N;N
129493;2232;2223;2013/2014;complete;767;8;-1;12;29,47,62,66,70;1;5;6;3;6;9;4;2;2;2;0;0;5;5;6;7;11;12;12;9;51;49;2;2;0;0;0;0;0;0;0;0;0;0;0;0;0;0;0;0;0;0;0;0;0;0;0;0;0;0;0;0;0;0;0;0;0;0;0;0;0;0;0;0;0;0;0;0;0;0;0;0;0;0;0;0;0;0;0;0;0;0;0;0;0;0;0;0;0;0;0;0;6;1;1;0;4;4;2;2013-11-12 18:30:00;2223;0;75;34;59;0;-1;1;-1;-1;-1;-1;-1;-1;2;2;0;0;4;0;-1;0;0;0;0;0;0;0;0;0;0;0;0;0;1;1;0;0;-1;-1;2;2;-1;-1;-1;-1;-1;-1;-1;-1;-1;46;63;63;75;88;46;63;88;75;3.5;0.25;6.17;3.46;Colo-Colo II;San Antonio Unido;0.73;1.45;0.5;0.33;0.71;1.86;54;38;38;25;13;25;25;25;0;0;0;506;22;Y;Y;Y;Y;Y;Y;Y
129494;2233;2230;2013/2014;complete;767;8;-1;31,41,63;62;3;1;4;4;6;10;0;4;1;2;0;0;9;4;7;5;16;9;19;14;60;40;1;2;0;0;0;0;0;0;0;0;0;0;0;0;0;0;0;0;0;0;0;0;0;0;0;0;0;0;0;0;0;0;0;0;0;0;0;0;0;0;0;0;0;0;0;0;0;0;0;0;0;0;0;0;0;0;0;0;0;0;0;0;0;0;0;0;0;0;0;0;4;2;0;1;1;2;2;2013-11-12 20:00:00;2233;0;50;17;33;0;-1;1;-1;-1;-1;-1;-1;-1;1;2;0;0;3;0;-1;0;0;0;0;0;0;0;0;0;0;0;0;0;1;1;0;0;-1;-1;1;2;-1;-1;-1;-1;-1;-1;-1;-1;-1;17;33;33;50;67;33;50;50;33;4;0;6.66;2.17;Audax Italiano II;Ñublense II;1.45;0.09;1;0.33;1.5;0.57;84;67;67;50;33;0;0;0;0;0;0;506;22;Y;Y;Y;Y;N;N;Y
129495;2206;2217;2013/2014;complete;767;8;-1;;87;0;1;1;-1;-1;-1;-1;-1;2;4;0;0;-1;-1;-1;-1;-1;-1;-1;-1;-1;-1;2;4;0;0;0;0;0;0;0;0;0;0;0;0;0;0;0;0;0;0;0;0;0;0;0;0;0;0;0;0;0;0;0;0;0;0;0;0;0;0;0;0;0;0;0;0;0;0;0;0;0;0;0;0;0;0;0;0;0;0;0;0;0;0;0;0;0;0;0;0;1;0;0;0;1;1;0;2013-11-16 19:00:00;2217;0;84;59;42;0;-1;1;-1;-1;-1;-1;-1;-1;2;4;0;0;6;0;-1;0;0;0;0;0;0;0;0;0;0;0;0;0;1;1;0;0;-1;-1;2;4;-1;-1;-1;-1;-1;-1;-1;-1;-1;17;29;59;100;100;59;88;88;42;3.5;0.5;7.5;3.21;Deportes Valdivia;Melipilla;2;1.36;1.33;2;1.14;1.86;84;71;42;0;0;0;0;0;0;0;0;506;22;Y;N;N;N;N;N;N
129496;2204;2233;2013/2014;complete;767;7;-1;4,33,73;44;3;1;4;-1;-1;-1;-1;-1;1;4;0;0;-1;-1;-1;-1;-1;-1;-1;-1;-1;-1;1;4;0;0;0;0;0;0;0;0;0;0;0;0;0;0;0;0;0;0;0;0;0;0;0;0;0;0;0;0;0;0;0;0;0;0;0;0;0;0;0;0;0;0;0;0;0;0;0;0;0;0;0;0;0;0;0;0;0;0;0;0;0;0;0;0;0;0;0;0;4;2;1;1;0;1;3;2013-11-16 20:00:00;2204;0;71;25;42;0;-1;1;-1;-1;-1;-1;-1;-1;1;4;0;0;5;0;-1;0;0;0;0;0;0;0;0;0;0;0;0;0;1;1;1;0;-1;-1;1;4;-1;-1;-1;-1;-1;-1;-1;-1;-1;38;71;71;100;100;25;84;100;71;4;0;5.25;4.04;Iberia;Audax Italiano II;2.45;1.18;3;2;2.29;1.71;63;29;29;0;0;0;0;0;0;0;0;506;22;Y;Y;Y;Y;N;N;Y
129497;2211;2232;2013/2014;complete;767;9;-1;25,42;66;2;1;3;-1;-1;-1;-1;-1;1;2;0;0;-1;-1;-1;-1;-1;-1;-1;-1;-1;-1;1;2;0;0;0;0;0;0;0;0;0;0;0;0;0;0;0;0;0;0;0;0;0;0;0;0;0;0;0;0;0;0;0;0;0;0;0;0;0;0;0;0;0;0;0;0;0;0;0;0;0;0;0;0;0;0;0;0;0;0;0;0;0;0;0;0;0;0;0;0;3;2;0;0;1;1;2;2013-11-23 21:00:00;2211;0;59;29;34;0;-1;1;-1;-1;-1;-1;-1;-1;1;2;0;0;3;0;-1;0;0;0;0;0;0;0;0;0;0;0;0;0;1;1;0;0;-1;-1;1;2;-1;-1;-1;-1;-1;-1;-1;-1;-1;46;59;71;71;100;54;71;100;34;2;0;2.83;4.13;Puerto Montt;Colo-Colo II;2.45;0.55;2.25;1;2.13;0.63;54;42;29;29;0;50;50;0;0;0;0;506;22;Y;Y;Y;N;N;N;Y
129498;2220;2233;2013/2014;complete;767;9;-1;;;0;0;0;4;4;8;9;1;0;0;0;1;4;3;9;9;13;12;14;14;52;48;0;2;0;0;0;0;0;0;0;0;0;0;0;0;0;0;0;0;0;0;0;0;0;0;0;0;0;0;0;0;0;0;0;0;0;0;0;0;0;0;0;0;0;0;0;0;0;0;0;0;0;0;0;0;0;0;0;0;0;0;0;0;0;0;0;0;0;0;0;0;0;0;0;0;0;0;0;2013-11-24 18:30:00;-1;0;54;29;29;0;-1;1;-1;-1;-1;-1;-1;-1;0;1;0;0;1;0;-1;0;0;0;0;0;0;0;0;0;0;0;0;0;1;1;0;0;-1;-1;0;0;-1;-1;-1;-1;-1;-1;-1;-1;-1;0;54;54;84;100;29;54;100;59;4;0;7.67;2.92;Malleco Unido;Audax Italiano II;1.55;1.18;0.33;1.5;1.13;1.5;100;46;46;17;0;0;0;0;0;0;0;506;22;N;N;N;N;N;N;N
129499;2226;2223;2013/2014;complete;767;9;-1;24,35;;2;0;2;-1;-1;-1;-1;-1;2;3;2;3;-1;-1;-1;-1;-1;-1;-1;-1;-1;-1;5;8;0;0;0;0;0;0;0;0;0;0;0;0;0;0;0;0;0;0;0;0;0;0;0;0;0;0;0;0;0;0;0;0;0;0;0;0;0;0;0;0;0;0;0;0;0;0;0;0;0;0;0;0;0;0;0;0;0;0;0;0;0;0;0;0;0;0;0;0;2;2;0;0;0;0;2;2013-11-24 18:30:00;2226;0;100;75;50;0;-1;1;-1;-1;-1;-1;-1;-1;2;3;2;3;5;5;-1;0;0;0;0;0;0;0;0;0;0;0;0;0;1;1;0;0;-1;-1;2;3;-1;-1;-1;-1;-1;-1;-1;-1;-1;75;100;100;100;100;88;100;100;88;21;0;7;5.38;Trasandino;San Antonio Unido;1.91;1.45;1.5;1;1.25;2;25;0;0;0;0;100;50;50;0;0;0;506;22;Y;Y;N;N;N;N;N
129500;2217;2228;2013/2014;complete;767;9;-1;18,71,87;68;3;1;4;2;6;8;2;0;0;1;1;0;4;6;1;5;5;11;16;12;50;50;2;1;0;0;0;0;0;0;0;0;0;0;0;0;0;0;0;0;0;0;0;0;0;0;0;0;0;0;0;0;0;0;0;0;0;0;0;0;0;0;0;0;0;0;0;0;0;0;0;0;0;0;0;0;0;0;0;0;0;0;0;0;0;0;0;0;0;0;0;0;4;1;0;2;1;3;1;2013-11-24 20:00:00;2217;0;71;29;42;0;-1;1;-1;-1;-1;-1;-1;-1;0;1;1;0;1;1;-1;0;0;0;0;0;0;0;0;0;0;0;0;0;1;1;0;0;-1;-1;0;1;-1;-1;-1;-1;-1;-1;-1;-1;-1;29;29;54;71;84;42;42;84;59;8;1.92;5.75;2.67;Melipilla;Deportes Linares;1.82;1.09;1.67;1.5;2;1.38;71;71;46;29;17;100;100;50;0;0;0;506;22;Y;Y;Y;Y;N;N;Y
129501;2230;2204;2013/2014;complete;767;9;-1;26;1,54,87;1;3;4;3;7;10;2;4;2;1;0;0;0;3;7;10;7;13;20;11;40;60;2;1;0;0;0;0;0;0;0;0;0;0;0;0;0;0;0;0;0;0;0;0;0;0;0;0;0;0;0;0;0;0;0;0;0;0;0;0;0;0;0;0;0;0;0;0;0;0;0;0;0;0;0;0;0;0;0;0;0;0;0;0;0;0;0;0;0;0;0;0;4;1;1;0;2;2;2;2013-11-25 20:00:00;2204;0;75;34;25;0;-1;1;-1;-1;-1;-1;-1;-1;2;1;0;0;3;0;-1;0;0;0;0;0;0;0;0;1;0;1;0;0;1;1;0;1;-1;-1;2;1;-1;-1;-1;-1;-1;-1;-1;-1;-1;29;29;59;75;100;46;75;100;42;4;0;4.34;3.42;Ñublense II;Iberia;0.64;1.91;0.75;1.33;0.5;2.38;71;71;42;25;0;0;0;0;0;0;0;506;22;Y;Y;Y;Y;N;N;Y
129502;2231;2206;2013/2014;complete;767;9;-1;;19,59,71;0;3;3;3;4;7;4;3;3;1;0;0;3;3;5;5;8;8;8;12;60;40;3;1;0;0;0;0;0;0;0;0;0;0;0;0;0;0;0;0;0;0;0;0;0;0;0;0;0;0;0;0;0;0;0;0;0;0;0;0;0;0;0;0;0;0;0;0;0;0;0;0;0;0;0;0;0;0;0;0;0;0;0;0;0;0;0;0;0;0;0;0;3;0;1;0;2;2;1;2013-11-26 20:30:00;2206;0;63;13;38;0;-1;1;-1;-1;-1;-1;-1;-1;3;1;0;0;4;0;-1;0;0;0;0;0;0;0;0;0;0;0;0;0;1;1;0;0;-1;-1;3;1;-1;-1;-1;-1;-1;-1;-1;-1;-1;13;38;75;75;100;25;63;88;50;11.5;4.5;2.92;3.38;Unión Española II;Deportes Valdivia;0.82;1;1.5;1;0.75;1;88;63;25;25;0;84;67;50;0;0;0;506;22;Y;Y;Y;N;N;N;N
129503;2223;2230;2013/2014;complete;767;10;-1;31,48,90;;3;0;3;-1;-1;-1;-1;-1;0;1;0;1;-1;-1;-1;-1;-1;-1;-1;-1;-1;-1;0;3;0;0;0;0;0;0;0;0;0;0;0;0;0;0;0;0;0;0;0;0;0;0;0;0;0;0;0;0;0;0;0;0;0;0;0;0;0;0;0;0;0;0;0;0;0;0;0;0;0;0;0;0;0;0;0;0;0;0;0;0;0;0;0;0;0;0;0;0;3;1;0;2;0;2;1;2013-11-30 19:30:00;2223;0;50;13;38;0;-1;1;-1;-1;-1;-1;-1;-1;0;1;0;1;1;1;-1;0;0;0;0;0;0;0;0;0;0;0;0;0;1;1;0;0;-1;-1;0;1;-1;-1;-1;-1;-1;-1;-1;-1;-1;13;38;63;75;88;50;63;88;38;11;0.25;4.5;2.88;San Antonio Unido;Ñublense II;2.82;0.09;3;0.25;1.78;0.44;88;63;38;25;13;100;100;50;0;0;0;506;22;Y;Y;Y;N;N;N;N
129504;2206;2220;2013/2014;complete;767;10;-1;8,54,70;76;3;1;4;-1;-1;-1;-1;-1;1;1;0;1;-1;-1;-1;-1;-1;-1;-1;-1;-1;-1;1;3;0;0;0;0;0;0;0;0;0;0;0;0;0;0;0;0;0;0;0;0;0;0;0;0;0;0;0;0;0;0;0;0;0;0;0;0;0;0;0;0;0;0;0;0;0;0;0;0;0;0;0;0;0;0;0;0;0;0;0;0;0;0;0;0;0;0;0;0;4;1;0;2;1;3;1;2013-12-01 21:00:00;2206;0;45;35;23;0;-1;1;-1;-1;-1;-1;-1;-1;1;1;0;1;2;1;-1;0;0;0;0;0;0;0;0;0;0;0;0;0;1;1;1;0;-1;-1;1;1;-1;-1;-1;-1;-1;-1;-1;-1;-1;23;23;45;68;80;45;68;70;23;6.5;0;5.3;2.5;Deportes Valdivia;Malleco Unido;2;1;1;1.6;1.22;1.11;78;78;55;33;20;25;0;0;0;0;0;506;22;Y;Y;Y;Y;N;N;Y
129505;2204;2211;2013/2014;complete;767;10;-1;37;4;1;1;2;-1;-1;-1;-1;-1;2;1;0;0;-1;-1;-1;-1;-1;-1;-1;-1;-1;-1;2;1;0;0;0;0;0;0;0;0;0;0;0;0;0;0;0;0;0;0;0;0;0;0;0;0;0;0;0;0;0;0;0;0;0;0;0;0;0;0;0;0;0;0;0;0;0;0;0;0;0;0;0;0;0;0;0;0;0;0;0;0;0;0;0;0;0;0;0;0;2;1;1;0;0;0;2;2013-12-01 21:30:00;-1;0;53;30;33;0;-1;1;-1;-1;-1;-1;-1;-1;2;1;0;0;3;0;-1;0;0;0;0;0;0;0;0;0;0;0;0;0;1;1;0;1;-1;-1;2;1;-1;-1;-1;-1;-1;-1;-1;-1;-1;30;40;40;88;88;30;63;88;55;4.5;0;4.45;3.05;Iberia;Puerto Montt;2.45;1.73;3;2;2.44;2.22;70;60;60;13;13;25;25;0;0;0;0;506;22;Y;Y;N;N;N;N;Y
129506;2231;2217;2013/2014;complete;767;10;-1;;18,33;0;2;2;-1;-1;-1;-1;-1;0;1;1;0;-1;-1;-1;-1;-1;-1;-1;-1;-1;-1;2;1;0;0;0;0;0;0;0;0;0;0;0;0;0;0;0;0;0;0;0;0;0;0;0;0;0;0;0;0;0;0;0;0;0;0;0;0;0;0;0;0;0;0;0;0;0;0;0;0;0;0;0;0;0;0;0;0;0;0;0;0;0;0;0;0;0;0;0;0;2;0;2;0;0;0;2;2013-12-02 20:30:00;2217;0;80;30;40;0;-1;1;-1;-1;-1;-1;-1;-1;1;1;0;0;2;0;-1;0;0;0;0;0;0;0;0;0;0;0;0;0;1;1;0;0;-1;-1;0;1;-1;-1;-1;-1;-1;-1;-1;-1;-1;10;30;70;90;100;30;70;80;60;7.25;4.4;5.2;3.3;Unión Española II;Melipilla;0.82;1.36;1.2;2.2;0.67;2.11;90;70;30;10;0;25;13;0;0;0;0;506;22;Y;Y;N;N;N;N;N
129507;2233;2226;2013/2014;complete;767;10;-1;31,53;62,78;2;2;4;3;2;5;2;1;5;3;0;0;5;4;5;7;10;11;12;14;53;47;5;3;0;0;0;0;0;0;0;0;0;0;0;0;0;0;0;0;0;0;0;0;0;0;0;0;0;0;0;0;0;0;0;0;0;0;0;0;0;0;0;0;0;0;0;0;0;0;0;0;0;0;0;0;0;0;0;0;0;0;0;0;0;0;0;0;0;0;0;0;4;1;0;1;2;3;1;2013-12-03 20:00:00;-1;0;75;25;63;0;-1;1;-1;-1;-1;-1;-1;-1;5;3;0;0;8;0;-1;0;0;0;0;0;0;0;0;0;0;0;0;0;1;1;0;0;-1;-1;5;3;-1;-1;-1;-1;-1;-1;-1;-1;-1;25;63;75;88;88;63;75;75;63;4;0;5;3.63;Audax Italiano II;Trasandino;1.45;1.09;1.5;1;1.44;1.44;75;38;25;13;13;17;17;0;0;0;0;506;22;Y;Y;Y;Y;N;N;Y
129508;2232;2228;2013/2014;complete;767;10;-1;18,21,26,50;1,74;4;2;6;3;7;10;2;5;2;2;0;0;2;9;3;7;5;16;12;12;58;42;2;2;0;0;0;0;0;0;0;0;0;0;0;0;0;0;0;0;0;0;0;0;0;0;0;0;0;0;0;0;0;0;0;0;0;0;0;0;0;0;0;0;0;0;0;0;0;0;0;0;0;0;0;0;0;0;0;0;0;0;0;0;0;0;0;0;0;0;0;0;6;3;1;1;1;2;4;2013-12-03 20:00:00;2232;0;70;20;50;0;-1;1;-1;-1;-1;-1;-1;-1;2;2;0;0;4;0;-1;0;0;0;0;0;0;0;0;0;0;0;0;0;1;1;0;1;-1;-1;2;2;-1;-1;-1;-1;-1;-1;-1;-1;-1;30;40;60;70;90;40;50;90;60;8.83;1.2;4.8;3.1;Colo-Colo II;Deportes Linares;0.73;1.09;0.4;1.2;0.56;1.22;70;60;40;30;10;59;42;42;0;0;0;506;22;Y;Y;Y;Y;Y;Y;Y
129509;2211;2223;2013/2014;complete;767;11;-1;83;;1;0;1;-1;-1;-1;-1;-1;5;4;0;0;-1;-1;-1;-1;-1;-1;-1;-1;-1;-1;5;4;0;0;0;0;0;0;0;0;0;0;0;0;0;0;0;0;0;0;0;0;0;0;0;0;0;0;0;0;0;0;0;0;0;0;0;0;0;0;0;0;0;0;0;0;0;0;0;0;0;0;0;0;0;0;0;0;0;0;0;0;0;0;0;0;0;0;0;0;1;0;0;1;0;1;0;2013-12-08 00:00:00;2211;0;70;40;20;0;-1;1;-1;-1;-1;-1;-1;-1;5;4;0;0;9;0;-1;0;0;0;0;0;0;0;0;0;0;0;0;0;1;1;0;0;-1;-1;5;4;-1;-1;-1;-1;-1;-1;-1;-1;-1;40;60;80;90;100;80;90;90;40;6;0;5.6;3.8;Puerto Montt;San Antonio Unido;2.45;1.45;2.4;0.8;2.1;1.9;60;40;20;10;0;50;0;0;0;0;0;506;22;Y;N;N;N;N;N;N
129510;2220;2226;2013/2014;complete;767;11;-1;48,50;;2;0;2;-1;-1;-1;-1;-1;0;2;0;0;-1;-1;-1;-1;-1;-1;-1;-1;-1;-1;0;2;0;0;0;0;0;0;0;0;0;0;0;0;0;0;0;0;0;0;0;0;0;0;0;0;0;0;0;0;0;0;0;0;0;0;0;0;0;0;0;0;0;0;0;0;0;0;0;0;0;0;0;0;0;0;0;0;0;0;0;0;0;0;0;0;0;0;0;0;2;0;0;2;0;2;0;2013-12-08 19:00:00;2220;0;53;23;53;0;-1;1;-1;-1;-1;-1;-1;-1;0;2;0;0;2;0;-1;0;0;0;0;0;0;0;0;0;0;0;0;0;1;1;0;0;-1;-1;0;2;-1;-1;-1;-1;-1;-1;-1;-1;-1;20;53;63;75;88;43;53;88;65;6;0.9;5.15;3.18;Malleco Unido;Trasandino;1.55;1.09;0.5;1;1;1.4;80;48;38;25;13;0;0;0;0;0;0;506;22;Y;Y;N;N;N;N;N
129511;2228;2206;2013/2014;complete;767;11;-1;49;;1;0;1;6;5;11;2;0;2;1;0;0;5;5;4;8;9;13;19;13;47;53;2;1;0;0;0;0;0;0;0;0;0;0;0;0;0;0;0;0;0;0;0;0;0;0;0;0;0;0;0;0;0;0;0;0;0;0;0;0;0;0;0;0;0;0;0;0;0;0;0;0;0;0;0;0;0;0;0;0;0;0;0;0;0;0;0;0;0;0;0;0;1;0;0;1;0;1;0;2013-12-08 19:00:00;2228;0;48;0;35;0;-1;1;-1;-1;-1;-1;-1;-1;2;1;0;0;3;0;-1;0;0;0;0;0;0;0;0;0;0;0;0;0;1;1;0;0;-1;-1;2;1;-1;-1;-1;-1;-1;-1;-1;-1;-1;13;35;55;68;88;23;55;88;45;13.33;1.35;6;2.83;Deportes Linares;Deportes Valdivia;1.91;1;1.25;1.4;1.1;1.4;88;65;45;33;13;84;34;34;0;0;0;506;22;Y;N;N;N;N;N;N
129512;2217;2204;2013/2014;complete;767;11;-1;27;7;1;1;2;-1;-1;-1;-1;-1;3;3;0;1;-1;-1;-1;-1;-1;-1;-1;-1;-1;-1;3;4;0;0;0;0;0;0;0;0;0;0;0;0;0;0;0;0;0;0;0;0;0;0;0;0;0;0;0;0;0;0;0;0;0;0;0;0;0;0;0;0;0;0;0;0;0;0;0;0;0;0;0;0;0;0;0;0;0;0;0;0;0;0;0;0;0;0;0;0;2;1;1;0;0;0;2;2013-12-08 20:00:00;-1;0;88;50;25;0;-1;1;-1;-1;-1;-1;-1;-1;3;3;0;1;6;1;-1;0;0;0;0;0;0;0;0;0;0;0;0;0;1;1;0;1;-1;-1;3;3;-1;-1;-1;-1;-1;-1;-1;-1;-1;25;50;63;88;88;50;75;88;63;9.5;2.75;5;3.5;Melipilla;Iberia;1.82;1.91;2;1.75;2.2;2.3;75;50;38;13;13;75;75;0;0;0;0;506;22;Y;Y;N;N;N;N;Y
129513;2230;2231;2013/2014;complete;767;11;-1;12,56;40,65;2;2;4;-1;-1;-1;-1;-1;-1;-1;-1;-1;-1;-1;-1;-1;-1;-1;-1;-1;-1;-1;-1;-1;0;0;0;0;0;0;0;0;0;0;0;0;0;0;0;0;0;0;0;0;0;0;0;0;0;0;0;0;0;0;0;0;0;0;0;0;0;0;0;0;0;0;0;0;0;0;0;0;0;0;0;0;0;0;0;0;0;0;0;0;0;0;0;0;0;0;0;0;4;1;1;1;1;2;2;2013-12-09 20:00:00;-1;0;80;48;33;0;-1;-1;-1;-1;-1;-1;-1;-1;-1;-1;-1;-1;-1;-1;-1;0;0;0;0;0;0;0;0;0;0;0;0;0;1;1;0;0;-1;-1;-1;-1;-1;-1;-1;-1;-1;-1;-1;-1;-1;48;70;80;80;100;70;80;100;55;5.5;0.6;4.5;4.15;Ñublense II;Unión Española II;0.64;1;0.6;0;0.4;0.6;53;30;20;20;0;75;25;0;0;0;0;506;22;Y;Y;Y;Y;N;N;Y
129514;2233;2232;2013/2014;complete;767;11;-1;8,18,33,40,42,72;;6;0;6;5;6;11;5;2;0;2;0;0;2;0;8;4;10;4;11;8;50;50;0;2;0;0;0;0;0;0;0;0;0;0;0;0;0;0;0;0;0;0;0;0;0;0;0;0;0;0;0;0;0;0;0;0;0;0;0;0;0;0;0;0;0;0;0;0;0;0;0;0;0;0;0;0;0;0;0;0;0;0;0;0;0;0;0;0;0;0;0;0;6;5;0;1;0;1;5;2013-12-10 21:30:00;2233;0;78;23;55;0;-1;1;-1;-1;-1;-1;-1;-1;0;2;0;0;2;0;-1;0;0;0;0;0;0;0;0;0;0;0;0;0;1;1;1;0;-1;-1;0;2;-1;-1;-1;-1;-1;-1;-1;-1;-1;25;55;68;78;90;45;78;80;55;5.75;0.55;4.7;3.65;Audax Italiano II;Colo-Colo II;1.45;0.55;1.4;0.75;1.4;0.8;75;45;33;23;10;63;63;0;0;0;0;506;22;Y;Y;Y;Y;Y;Y;N
129515;2204;2226;2013/2014;complete;767;12;-1;5;53;1;1;2;-1;-1;-1;-1;-1;2;3;0;0;-1;-1;-1;-1;-1;-1;-1;-1;-1;-1;2;3;0;0;0;0;0;0;0;0;0;0;0;0;0;0;0;0;0;0;0;0;0;0;0;0;0;0;0;0;0;0;0;0;0;0;0;0;0;0;0;0;0;0;0;0;0;0;0;0;0;0;0;0;0;0;0;0;0;0;0;0;0;0;0;0;0;0;0;0;2;1;0;0;1;1;1;2014-01-18 22:30:00;-1;0;75;42;50;0;-1;1;-1;-1;-1;-1;-1;-1;2;3;0;0;5;0;-1;0;0;0;0;0;0;0;0;0;0;0;0;0;1;1;1;0;-1;-1;2;3;-1;-1;-1;-1;-1;-1;-1;-1;-1;42;67;75;100;100;59;84;92;67;2;0;3.66;4.17;Iberia;Trasandino;2.45;1.09;2.67;0.83;2.18;1.27;59;33;25;0;0;0;0;0;0;0;0;506;22;Y;Y;N;N;N;N;Y
129516;2217;2232;2013/2014;complete;767;12;-1;38,64,67;;3;0;3;5;5;10;7;1;0;2;0;1;3;2;7;6;10;8;12;10;42;58;0;3;0;0;0;0;0;0;0;0;0;0;0;0;0;0;0;0;0;0;0;0;0;0;0;0;0;0;0;0;0;0;0;0;0;0;0;0;0;0;0;0;0;0;0;0;0;0;0;0;0;0;0;0;0;0;0;0;0;0;0;0;0;0;0;0;0;0;0;0;3;1;0;2;0;2;1;2014-01-19 20:00:00;2217;0;70;30;40;0;-1;1;-1;-1;-1;-1;-1;-1;0;2;0;1;2;1;-1;0;0;0;0;0;0;0;0;0;0;0;0;0;1;1;0;0;-1;-1;0;2;-1;-1;-1;-1;-1;-1;-1;-1;-1;40;50;60;80;90;50;70;80;50;6.5;2;4.4;3.7;Melipilla;Colo-Colo II;1.82;0.55;1.8;0.6;2.09;0.73;60;50;40;20;10;75;75;25;0;0;0;506;22;Y;Y;Y;N;N;N;N
129517;2228;2220;2013/2014;complete;767;12;-1;38,76;57;2;1;3;2;8;10;1;1;2;2;0;0;2;6;5;5;7;11;20;14;49;51;2;2;0;0;0;0;0;0;0;0;0;0;0;0;0;0;0;0;0;0;0;0;0;0;0;0;0;0;0;0;0;0;0;0;0;0;0;0;0;0;0;0;0;0;0;0;0;0;0;0;0;0;0;0;0;0;0;0;0;0;0;0;0;0;0;0;0;0;0;0;3;1;0;1;1;2;1;2014-01-19 21:00:00;2228;0;55;9;37;0;-1;1;-1;-1;-1;-1;-1;-1;2;2;0;0;4;0;-1;0;0;0;0;0;0;0;0;0;0;0;0;0;1;1;0;0;-1;-1;2;2;-1;-1;-1;-1;-1;-1;-1;-1;-1;19;37;45;64;74;27;54;65;37;13;0.37;6;2.57;Deportes Linares;Malleco Unido;1.91;1;1.6;1.33;1.27;1.18;82;64;55;37;27;75;25;25;0;0;0;506;22;Y;Y;Y;N;N;N;Y
129518;2206;2233;2013/2014;complete;767;12;-1;54;;1;0;1;-1;-1;-1;-1;-1;1;0;0;1;-1;-1;-1;-1;-1;-1;-1;-1;-1;-1;1;2;0;0;0;0;0;0;0;0;0;0;0;0;0;0;0;0;0;0;0;0;0;0;0;0;0;0;0;0;0;0;0;0;0;0;0;0;0;0;0;0;0;0;0;0;0;0;0;0;0;0;0;0;0;0;0;0;0;0;0;0;0;0;0;0;0;0;0;0;1;0;0;1;0;1;0;2014-01-19 23:00:00;2206;0;60;30;30;0;-1;1;-1;-1;-1;-1;-1;-1;1;0;0;1;1;1;-1;0;0;0;0;0;0;0;0;0;0;0;0;0;1;1;0;0;-1;-1;1;0;-1;-1;-1;-1;-1;-1;-1;-1;-1;10;50;60;80;90;30;70;90;40;4;0;6.6;3;Deportes Valdivia;Audax Italiano II;2;1.18;1.4;1.4;1.27;1.55;90;50;40;20;10;0;0;0;0;0;0;506;22;Y;N;N;N;N;N;N
129519;2230;2211;2013/2014;complete;767;12;-1;;4,66,88;0;3;3;2;6;8;2;5;2;0;0;0;4;5;10;7;14;12;15;16;50;50;2;0;0;0;0;0;0;0;0;0;0;0;0;0;0;0;0;0;0;0;0;0;0;0;0;0;0;0;0;0;0;0;0;0;0;0;0;0;0;0;0;0;0;0;0;0;0;0;0;0;0;0;0;0;0;0;0;0;0;0;0;0;0;0;0;0;0;0;0;0;3;0;1;0;2;2;1;2014-01-20 21:00:00;2211;0;54;27;35;0;-1;1;-1;-1;-1;-1;-1;-1;2;0;0;0;2;0;-1;0;0;0;0;0;0;0;0;0;0;0;0;0;1;1;0;1;-1;-1;2;0;-1;-1;-1;-1;-1;-1;-1;-1;-1;9;25;34;74;90;35;54;80;54;8;0.53;4.55;2.3;Ñublense II;Puerto Montt;0.64;1.73;0.67;1.8;0.45;2.18;92;75;67;27;10;50;50;0;0;0;0;506;22;Y;Y;Y;N;N;N;N
129520;2231;2223;2013/2014;complete;767;12;-1;;10,87;0;2;2;4;5;9;2;0;1;1;0;0;8;10;2;8;10;18;15;14;46;54;1;1;0;0;0;0;0;0;0;0;0;0;0;0;0;0;0;0;0;0;0;0;0;0;0;0;0;0;0;0;0;0;0;0;0;0;0;0;0;0;0;0;0;0;0;0;0;0;0;0;0;0;0;0;0;0;0;0;0;0;0;0;0;0;0;0;0;0;0;0;2;0;1;0;1;1;1;2014-01-20 21:30:00;2223;0;67;34;33;0;-1;1;-1;-1;-1;-1;-1;-1;1;1;0;0;2;0;-1;0;0;0;0;0;0;0;0;0;0;0;0;0;1;1;0;1;-1;-1;1;1;-1;-1;-1;-1;-1;-1;-1;-1;-1;34;50;75;92;100;50;83;75;67;9.75;2.17;5.84;3.83;Unión Española II;San Antonio Unido;0.82;1.45;1;0.67;0.64;1.73;67;50;25;9;0;75;13;0;0;0;0;506;22;Y;Y;N;N;N;N;N
129521;2226;2231;2013/2014;complete;767;13;-1;;30,88;0;2;2;-1;-1;-1;-1;-1;2;0;0;0;-1;-1;-1;-1;-1;-1;-1;-1;-1;-1;2;0;0;0;0;0;0;0;0;0;0;0;0;0;0;0;0;0;0;0;0;0;0;0;0;0;0;0;0;0;0;0;0;0;0;0;0;0;0;0;0;0;0;0;0;0;0;0;0;0;0;0;0;0;0;0;0;0;0;0;0;0;0;0;0;0;0;0;0;0;2;0;1;0;1;1;1;2014-01-25 19:30:00;2231;0;90;70;40;0;-1;1;-1;-1;-1;-1;-1;-1;2;0;0;0;2;0;-1;0;0;0;0;0;0;0;0;0;0;0;0;0;1;1;0;0;-1;-1;2;0;-1;-1;-1;-1;-1;-1;-1;-1;-1;60;90;90;100;100;100;100;90;60;17;0;6.75;5.1;Trasandino;Unión Española II;1.91;1;1.8;0.2;1.25;0.58;40;10;10;0;0;100;50;50;0;0;0;506;22;Y;Y;N;N;N;N;N
129522;2223;2204;2013/2014;complete;767;13;-1;73,83;42,57;2;2;4;-1;-1;-1;-1;-1;2;2;0;0;-1;-1;-1;-1;-1;-1;-1;-1;-1;-1;2;2;0;0;0;0;0;0;0;0;0;0;0;0;0;0;0;0;0;0;0;0;0;0;0;0;0;0;0;0;0;0;0;0;0;0;0;0;0;0;0;0;0;0;0;0;0;0;0;0;0;0;0;0;0;0;0;0;0;0;0;0;0;0;0;0;0;0;0;0;4;0;1;2;1;3;1;2014-01-25 20:30:00;-1;0;70;50;10;0;-1;1;-1;-1;-1;-1;-1;-1;2;2;0;0;4;0;-1;0;0;0;0;0;0;0;0;0;0;0;0;0;1;1;0;0;-1;-1;2;2;-1;-1;-1;-1;-1;-1;-1;-1;-1;10;30;70;100;100;60;90;90;40;12;0;3.8;3.4;San Antonio Unido;Iberia;2.82;1.91;3;1.6;1.83;2.08;90;70;30;0;0;100;100;50;0;0;0;506;22;Y;Y;Y;Y;N;N;Y
129523;2211;2206;2013/2014;complete;767;13;-1;62,89;50;2;1;3;-1;-1;-1;-1;-1;3;6;0;1;-1;-1;-1;-1;-1;-1;-1;-1;-1;-1;3;7;0;0;0;0;0;0;0;0;0;0;0;0;0;0;0;0;0;0;0;0;0;0;0;0;0;0;0;0;0;0;0;0;0;0;0;0;0;0;0;0;0;0;0;0;0;0;0;0;0;0;0;0;0;0;0;0;0;0;0;0;0;0;0;0;0;0;0;0;3;0;0;2;1;3;0;2014-01-25 23:00:00;2211;0;34;9;9;0;-1;1;-1;-1;-1;-1;-1;-1;3;6;0;1;9;1;-1;0;0;0;0;0;0;0;0;0;0;0;0;0;1;1;0;0;-1;-1;3;6;-1;-1;-1;-1;-1;-1;-1;-1;-1;9;25;59;59;100;42;59;100;17;6;0.33;3.4;2.5;Puerto Montt;Deportes Valdivia;2.45;1;2.5;1.17;2.25;1.42;92;75;42;42;0;38;38;38;0;0;0;506;22;Y;Y;Y;N;N;N;Y
129524;2232;2230;2013/2014;complete;767;13;-1;23,38,42,45,65;48;5;1;6;9;5;14;2;11;0;0;0;0;6;8;10;8;16;16;10;4;61;39;0;0;0;0;0;0;0;0;0;0;0;0;0;0;0;0;0;0;0;0;0;0;0;0;0;0;0;0;0;0;0;0;0;0;0;0;0;0;0;0;0;0;0;0;0;0;0;0;0;0;0;0;0;0;0;0;0;0;0;0;0;0;0;0;0;0;0;0;0;0;6;4;0;1;1;2;4;2014-01-26 20:00:00;2232;0;54;17;45;0;-1;-1;-1;-1;-1;-1;-1;-1;0;0;0;0;0;0;-1;0;0;0;0;0;0;0;0;0;0;0;0;0;1;1;0;0;-1;-1;-1;-1;-1;-1;-1;-1;-1;-1;-1;-1;-1;35;45;55;64;82;45;55;82;64;9.25;1.83;5.33;3.15;Colo-Colo II;Ñublense II;0.73;0.09;0.83;0.2;0.67;0.42;65;55;45;37;19;88;75;13;0;0;0;506;22;Y;Y;Y;Y;Y;Y;Y
129525;2220;2217;2013/2014;complete;767;13;-1;28;;1;0;1;-1;-1;-1;-1;-1;2;3;0;1;-1;-1;-1;-1;-1;-1;-1;-1;-1;-1;2;4;0;0;0;0;0;0;0;0;0;0;0;0;0;0;0;0;0;0;0;0;0;0;0;0;0;0;0;0;0;0;0;0;0;0;0;0;0;0;0;0;0;0;0;0;0;0;0;0;0;0;0;0;0;0;0;0;0;0;0;0;0;0;0;0;0;0;0;0;1;1;0;0;0;0;1;2014-01-26 21:00:00;2220;0;44;27;27;0;-1;1;-1;-1;-1;-1;-1;-1;2;3;0;1;5;1;-1;0;0;0;0;0;0;0;0;0;0;0;0;0;1;1;0;0;-1;-1;2;3;-1;-1;-1;-1;-1;-1;-1;-1;-1;0;19;27;72;90;35;44;74;47;7.5;1.67;5.37;2.07;Malleco Unido;Melipilla;1.55;1.36;1;2.33;1.08;2.17;100;82;74;29;10;0;0;0;0;0;0;506;22;Y;N;N;N;N;N;N
129526;2233;2228;2013/2014;complete;767;13;-1;27,71;77;2;1;3;2;5;7;1;5;2;3;0;1;3;3;5;3;8;6;14;19;53;47;2;4;0;0;0;0;0;0;0;0;0;0;0;0;0;0;0;0;0;0;0;0;0;0;0;0;0;0;0;0;0;0;0;0;0;0;0;0;0;0;0;0;0;0;0;0;0;0;0;0;0;0;0;0;0;0;0;0;0;0;0;0;0;0;0;0;0;0;0;0;3;1;0;1;1;2;1;2014-01-28 21:30:00;2233;0;75;25;59;0;-1;1;-1;-1;-1;-1;-1;-1;2;3;0;1;5;1;-1;0;0;0;0;0;0;0;0;0;0;0;0;0;1;1;0;0;-1;-1;2;3;-1;-1;-1;-1;-1;-1;-1;-1;-1;25;59;75;83;92;50;75;84;59;10;1.83;5;3.5;Audax Italiano II;Deportes Linares;1.45;1.09;1.67;1;1.42;1.42;75;42;25;17;9;54;54;27;0;0;0;506;22;Y;Y;Y;N;N;N;Y
129527;2206;2223;2013/2014;complete;767;14;-1;75;6,70;1;2;3;-1;-1;-1;-1;-1;2;4;0;0;-1;-1;-1;-1;-1;-1;-1;-1;-1;-1;2;4;0;0;0;0;0;0;0;0;0;0;0;0;0;0;0;0;0;0;0;0;0;0;0;0;0;0;0;0;0;0;0;0;0;0;0;0;0;0;0;0;0;0;0;0;0;0;0;0;0;0;0;0;0;0;0;0;0;0;0;0;0;0;0;0;0;0;0;0;3;0;1;1;1;2;1;2014-02-01 23:00:00;2223;0;54;38;31;0;-1;1;-1;-1;-1;-1;-1;-1;2;4;0;0;6;0;-1;0;0;0;0;0;0;0;0;0;0;0;0;0;1;1;0;1;-1;-1;2;4;-1;-1;-1;-1;-1;-1;-1;-1;-1;30;45;54;77;100;45;77;93;45;5.5;0;6.38;3.2;Deportes Valdivia;San Antonio Unido;2;1.45;1.67;1;1.31;1.77;70;55;47;24;0;50;0;0;0;0;0;506;22;Y;Y;Y;N;N;N;Y
129528;2217;2233;2013/2014;complete;767;14;-1;3,58;;2;0;2;-1;-1;-1;-1;-1;2;0;0;0;-1;-1;-1;-1;-1;-1;-1;-1;-1;-1;2;0;0;0;0;0;0;0;0;0;0;0;0;0;0;0;0;0;0;0;0;0;0;0;0;0;0;0;0;0;0;0;0;0;0;0;0;0;0;0;0;0;0;0;0;0;0;0;0;0;0;0;0;0;0;0;0;0;0;0;0;0;0;0;0;0;0;0;0;0;2;1;0;1;0;1;1;2014-02-02 20:00:00;2217;0;59;25;25;0;-1;1;-1;-1;-1;-1;-1;-1;2;0;0;0;2;0;-1;0;0;0;0;0;0;0;0;0;0;0;0;0;1;1;1;0;-1;-1;2;0;-1;-1;-1;-1;-1;-1;-1;-1;-1;9;42;50;75;83;25;59;75;50;7.33;2.34;5.66;2.59;Melipilla;Audax Italiano II;1.82;1.18;2;1.17;2;1.54;92;59;50;25;17;34;34;0;0;0;0;506;22;Y;Y;N;N;N;N;N
129529;2228;2226;2013/2014;complete;767;14;-1;12;57,65;1;2;3;3;6;9;0;7;2;2;1;0;5;6;6;2;11;8;20;18;53;47;3;2;0;0;0;0;0;0;0;0;0;0;0;0;0;0;0;0;0;0;0;0;0;0;0;0;0;0;0;0;0;0;0;0;0;0;0;0;0;0;0;0;0;0;0;0;0;0;0;0;0;0;0;0;0;0;0;0;0;0;0;0;0;0;0;0;0;0;0;0;3;1;0;0;2;2;1;2014-02-02 20:00:00;2226;0;69;7;54;0;-1;1;-1;-1;-1;-1;-1;-1;2;2;1;0;4;1;-1;0;0;0;0;0;0;0;0;0;0;0;0;0;1;1;0;0;-1;-1;2;2;-1;-1;-1;-1;-1;-1;-1;-1;-1;23;45;61;84;92;30;61;92;61;7;0;6.1;3.35;Deportes Linares;Trasandino;1.91;1.09;1.83;0.86;1.31;1.15;77;55;40;17;9;50;34;17;0;0;0;506;22;Y;Y;Y;N;N;N;Y
129530;2220;2230;2013/2014;complete;767;14;-1;70,74;49;2;1;3;-1;-1;-1;-1;-1;1;0;0;0;-1;-1;-1;-1;-1;-1;-1;-1;-1;-1;1;0;0;0;0;0;0;0;0;0;0;0;0;0;0;0;0;0;0;0;0;0;0;0;0;0;0;0;0;0;0;0;0;0;0;0;0;0;0;0;0;0;0;0;0;0;0;0;0;0;0;0;0;0;0;0;0;0;0;0;0;0;0;0;0;0;0;0;0;0;3;0;0;2;1;3;0;2014-02-02 21:00:00;2220;0;34;9;34;0;-1;1;-1;-1;-1;-1;-1;-1;1;0;0;0;1;0;-1;0;0;0;0;0;0;0;0;0;0;0;0;0;1;1;0;0;-1;-1;1;0;-1;-1;-1;-1;-1;-1;-1;-1;-1;17;34;42;59;83;34;50;75;59;9.5;2.5;4.67;2.5;Malleco Unido;Ñublense II;1.55;0.09;1.33;0.17;1.23;0.38;84;67;58;42;17;50;50;25;0;0;0;506;22;Y;Y;Y;N;N;N;Y
129531;2231;2211;2013/2014;complete;767;14;-1;;20,41,50,55,58;0;5;5;2;3;5;1;5;2;3;0;0;4;3;1;5;5;8;12;12;59;41;2;3;0;0;0;0;0;0;0;0;0;0;0;0;0;0;0;0;0;0;0;0;0;0;0;0;0;0;0;0;0;0;0;0;0;0;0;0;0;0;0;0;0;0;0;0;0;0;0;0;0;0;0;0;0;0;0;0;0;0;0;0;0;0;0;0;0;0;0;0;5;0;2;0;3;3;2;2014-02-03 21:45:00;2211;0;45;16;23;0;-1;1;-1;-1;-1;-1;-1;-1;2;3;0;0;5;0;-1;0;0;0;0;0;0;0;0;0;0;0;0;0;1;1;0;0;-1;-1;2;3;-1;-1;-1;-1;-1;-1;-1;-1;-1;7;15;44;92;92;23;68;69;54;8.8;3.57;3.9;2.7;Unión Española II;Puerto Montt;0.82;1.73;0.86;2;0.77;2.31;93;86;56;9;9;47;27;0;0;0;0;506;22;Y;Y;Y;Y;Y;N;N
129532;2232;2204;2013/2014;complete;767;14;-1;;17,22,23,45,45,47,67,86;0;8;8;4;4;8;3;4;3;3;1;1;7;3;2;5;9;8;6;10;35;65;5;4;0;0;0;0;0;0;0;0;0;0;0;0;0;0;0;0;0;0;0;0;0;0;0;0;0;0;0;0;0;0;0;0;0;0;0;0;0;0;0;0;0;0;0;0;0;0;0;0;0;0;0;0;0;0;0;0;0;0;0;0;0;0;0;0;0;0;0;0;8;0;5;0;3;3;5;2014-02-04 20:00:00;2204;0;86;48;37;0;-1;1;-1;-1;-1;-1;-1;-1;3;3;1;1;6;2;-1;0;0;0;0;0;0;0;0;2;0;2;0;0;1;1;0;0;-1;-1;3;3;-1;-1;-1;-1;-1;-1;-1;-1;-1;37;54;62;86;93;62;79;85;61;11.4;1.69;4.5;3.85;Colo-Colo II;Iberia;0.73;1.91;1.14;1.5;0.85;2;63;47;38;15;7;90;80;20;0;0;0;506;22;Y;Y;Y;Y;Y;Y;N
129533;2223;2217;2013/2014;complete;767;15;-1;5;;1;0;1;-1;-1;-1;-1;-1;6;3;0;1;-1;-1;-1;-1;-1;-1;-1;-1;-1;-1;6;4;0;0;0;0;0;0;0;0;0;0;0;0;0;0;0;0;0;0;0;0;0;0;0;0;0;0;0;0;0;0;0;0;0;0;0;0;0;0;0;0;0;0;0;0;0;0;0;0;0;0;0;0;0;0;0;0;0;0;0;0;0;0;0;0;0;0;0;0;1;1;0;0;0;0;1;2014-02-08 20:30:00;2223;0;54;23;31;0;-1;1;-1;-1;-1;-1;-1;-1;6;3;0;1;9;1;-1;0;0;0;0;0;0;0;0;0;0;0;0;0;1;1;1;0;-1;-1;6;3;-1;-1;-1;-1;-1;-1;-1;-1;-1;0;24;56;86;100;38;77;79;40;8.5;0.1;4.62;2.66;San Antonio Unido;Melipilla;2.82;1.36;2.67;2;1.86;2.07;100;77;44;15;0;50;50;50;0;0;0;506;22;Y;N;N;N;N;N;N
129534;2211;2220;2013/2014;complete;767;15;-1;20;;1;0;1;-1;-1;-1;-1;-1;3;1;0;0;-1;-1;-1;-1;-1;-1;-1;-1;-1;-1;3;1;0;0;0;0;0;0;0;0;0;0;0;0;0;0;0;0;0;0;0;0;0;0;0;0;0;0;0;0;0;0;0;0;0;0;0;0;0;0;0;0;0;0;0;0;0;0;0;0;0;0;0;0;0;0;0;0;0;0;0;0;0;0;0;0;0;0;0;0;1;1;0;0;0;0;1;2014-02-08 23:00:00;2211;0;57;14;29;0;-1;1;-1;-1;-1;-1;-1;-1;3;1;0;0;4;0;-1;0;0;0;0;0;0;0;0;0;0;0;0;0;1;1;0;0;-1;-1;3;1;-1;-1;-1;-1;-1;-1;-1;-1;-1;14;29;64;71;86;43;64;79;29;7;0;4.14;2.65;Puerto Montt;Malleco Unido;2.45;1;2.57;1.14;2.36;1.36;86;71;36;29;15;34;17;0;0;0;0;506;22;Y;N;N;N;N;N;N
129535;2226;2232;2013/2014;complete;767;15;-1;8,56;;2;0;2;8;7;15;6;1;2;2;0;0;3;4;4;3;7;7;13;7;52;48;2;2;0;0;0;0;0;0;0;0;0;0;0;0;0;0;0;0;0;0;0;0;0;0;0;0;0;0;0;0;0;0;0;0;0;0;0;0;0;0;0;0;0;0;0;0;0;0;0;0;0;0;0;0;0;0;0;0;0;0;0;0;0;0;0;0;0;0;0;0;2;1;0;1;0;1;1;2014-02-09 21:00:00;2226;0;59;34;33;0;-1;1;-1;-1;-1;-1;-1;-1;2;2;0;0;4;0;-1;0;0;0;0;0;0;0;0;0;0;0;0;0;1;1;1;0;-1;-1;2;2;-1;-1;-1;-1;-1;-1;-1;-1;-1;50;59;75;92;100;67;92;92;50;19.33;0;5.5;4.5;Trasandino;Colo-Colo II;1.91;0.55;1.5;0.5;1.29;0.79;50;42;25;9;0;100;100;67;0;0;0;506;22;Y;Y;N;N;N;N;N
129536;2204;2206;2013/2014;complete;767;15;-1;8,50,54;69,90;3;2;5;-1;-1;-1;-1;-1;3;2;0;0;-1;-1;-1;-1;-1;-1;-1;-1;-1;-1;3;2;0;0;0;0;0;0;0;0;0;0;0;0;0;0;0;0;0;0;0;0;0;0;0;0;0;0;0;0;0;0;0;0;0;0;0;0;0;0;0;0;0;0;0;0;0;0;0;0;0;0;0;0;0;0;0;0;0;0;0;0;0;0;0;0;0;0;0;0;5;1;0;2;2;4;1;2014-02-09 21:30:00;2204;0;58;29;29;0;-1;1;-1;-1;-1;-1;-1;-1;3;2;0;0;5;0;-1;0;0;0;0;0;0;0;0;0;0;0;0;0;1;1;1;0;-1;-1;3;2;-1;-1;-1;-1;-1;-1;-1;-1;-1;22;36;57;79;100;36;72;93;43;6;0;3.76;3.08;Iberia;Deportes Valdivia;2.45;1;2.43;1;2.07;1.21;79;65;43;22;0;38;38;38;0;0;0;506;22;Y;Y;Y;Y;Y;N;Y
129537;2230;2228;2013/2014;complete;767;15;-1;43,77;45,52,87;2;3;5;4;1;5;6;1;3;1;0;0;5;6;5;9;10;15;14;8;50;50;3;1;0;0;0;0;0;0;0;0;0;0;0;0;0;0;0;0;0;0;0;0;0;0;0;0;0;0;0;0;0;0;0;0;0;0;0;0;0;0;0;0;0;0;0;0;0;0;0;0;0;0;0;0;0;0;0;0;0;0;0;0;0;0;0;0;0;0;0;0;5;1;1;1;2;3;2;2014-02-10 18:30:00;2228;0;72;29;57;0;-1;1;-1;-1;-1;-1;-1;-1;3;1;0;0;4;0;-1;0;0;0;0;0;0;0;0;0;0;0;0;0;1;1;0;0;-1;-1;3;1;-1;-1;-1;-1;-1;-1;-1;-1;-1;22;43;79;79;100;43;71;100;71;8.75;1.57;4.37;3.29;Ñublense II;Deportes Linares;0.64;1.09;0.57;0.86;0.36;1.21;79;57;22;22;0;42;42;13;0;0;0;506;22;Y;Y;Y;Y;Y;N;Y
129538;2233;2231;2013/2014;complete;767;15;-1;21,37,58,74;66;4;1;5;6;0;6;1;2;2;2;0;1;10;0;8;5;18;5;21;10;56;44;2;4;0;0;0;0;0;0;0;0;0;0;0;0;0;0;0;0;0;0;0;0;0;0;0;0;0;0;0;0;0;0;0;0;0;0;0;0;0;0;0;0;0;0;0;0;0;0;0;0;0;0;0;0;0;0;0;0;0;0;0;0;0;0;0;0;0;0;0;0;5;2;0;2;1;3;2;2014-02-11 21:30:00;2233;0;77;41;45;0;-1;1;-1;-1;-1;-1;-1;-1;2;2;0;1;4;1;-1;0;0;0;0;0;0;0;0;0;0;0;0;0;1;1;0;0;-1;-1;2;2;-1;-1;-1;-1;-1;-1;-1;-1;-1;32;70;77;93;93;63;93;86;54;5.67;1.1;4.77;3.98;Audax Italiano II;Unión Española II;1.45;1;1.86;0.67;1.43;0.71;68;30;23;7;7;67;17;9;0;0;0;506;22;Y;Y;Y;Y;Y;N;Y
129539;2206;2230;2013/2014;complete;767;16;-1;33,47,87;;3;0;3;-1;-1;-1;-1;-1;1;0;1;1;-1;-1;-1;-1;-1;-1;-1;-1;-1;-1;3;2;0;0;0;0;0;0;0;0;0;0;0;0;0;0;0;0;0;0;0;0;0;0;0;0;0;0;0;0;0;0;0;0;0;0;0;0;0;0;0;0;0;0;0;0;0;0;0;0;0;0;0;0;0;0;0;0;0;0;0;0;0;0;0;0;0;0;0;0;3;1;0;2;0;2;1;2014-02-15 22:00:00;2206;0;57;15;50;0;-1;1;-1;-1;-1;-1;-1;-1;2;1;0;0;3;0;-1;0;0;0;0;0;0;0;1;0;1;0;0;0;1;1;0;0;-1;-1;1;0;-1;-1;-1;-1;-1;-1;-1;-1;-1;22;36;64;71;93;36;64;93;57;5.5;0.43;4.71;3.08;Deportes Valdivia;Ñublense II;2;0.09;1.43;0.14;1.13;0.33;79;64;36;29;7;50;50;25;0;0;0;506;22;Y;Y;Y;N;N;N;N
129540;2217;2226;2013/2014;complete;767;16;-1;;28,73,87;0;3;3;2;2;4;2;0;2;2;0;0;6;6;3;4;9;10;17;18;45;55;2;2;0;0;0;0;0;0;0;0;0;0;0;0;0;0;0;0;0;0;0;0;0;0;0;0;0;0;0;0;0;0;0;0;0;0;0;0;0;0;0;0;0;0;0;0;0;0;0;0;0;0;0;0;0;0;0;0;0;0;0;0;0;0;0;0;0;0;0;0;3;0;1;0;2;2;1;2014-02-16 20:00:00;2226;0;66;21;40;0;-1;1;-1;-1;-1;-1;-1;-1;2;2;0;0;4;0;-1;0;0;0;0;0;0;0;0;1;0;1;0;0;1;1;0;0;-1;-1;2;2;-1;-1;-1;-1;-1;-1;-1;-1;-1;20;40;59;93;93;34;73;86;66;7.33;2.39;4.67;3.16;Melipilla;Trasandino;1.82;1.09;2.14;1.13;1.93;1.4;81;61;41;7;7;59;34;0;0;0;0;506;22;Y;Y;Y;N;N;N;N
129541;2228;2211;2013/2014;complete;767;16;-1;1,21;57,74;2;2;4;4;5;9;3;5;2;3;0;1;5;4;10;3;15;7;23;16;52;48;2;4;0;0;0;0;0;0;0;0;0;0;0;0;0;0;0;0;0;0;0;0;0;0;0;0;0;0;0;0;0;0;0;0;0;0;0;0;0;0;0;0;0;0;0;0;0;0;0;0;0;0;0;0;0;0;0;0;0;0;0;0;0;0;0;0;0;0;0;0;4;2;0;0;2;2;2;2014-02-16 20:00:00;-1;0;50;7;29;0;-1;1;-1;-1;-1;-1;-1;-1;2;4;0;0;6;0;-1;0;0;0;0;0;0;0;0;0;0;0;0;0;1;1;1;0;-1;-1;2;3;-1;-1;-1;-1;-1;-1;-1;-1;-1;14;22;43;79;86;22;57;79;57;9;1.86;6;2.58;Deportes Linares;Puerto Montt;1.91;1.73;1.57;2.14;1.33;2.4;86;79;57;22;14;63;38;13;0;0;0;506;22;Y;Y;Y;Y;N;N;Y
129542;2220;2232;2013/2014;complete;767;16;-1;24,27;18,42,60,80;2;4;6;-1;-1;-1;-1;-1;2;0;0;0;-1;-1;-1;-1;-1;-1;-1;-1;-1;-1;2;0;0;0;0;0;0;0;0;0;0;0;0;0;0;0;0;0;0;0;0;0;0;0;0;0;0;0;0;0;0;0;0;0;0;0;0;0;0;0;0;0;0;0;0;0;0;0;0;0;0;0;0;0;0;0;0;0;0;0;0;0;0;0;0;0;0;0;0;0;6;2;2;0;2;2;4;2014-02-16 21:00:00;2232;0;36;14;29;0;-1;1;-1;-1;-1;-1;-1;-1;2;0;0;0;2;0;-1;0;0;0;0;0;0;0;0;0;0;0;0;0;1;1;0;0;-1;-1;2;0;-1;-1;-1;-1;-1;-1;-1;-1;-1;22;29;50;72;93;29;58;86;50;9;0.86;3.86;3;Malleco Unido;Colo-Colo II;1.55;0.55;1.57;0.43;1.27;0.73;79;72;50;29;7;50;50;25;0;0;0;506;22;Y;Y;Y;Y;Y;Y;Y
129543;2233;2223;2013/2014;complete;767;16;-1;;35;0;1;1;4;4;8;2;2;5;1;2;1;4;6;1;5;5;11;19;13;50;50;8;3;0;0;0;0;0;0;0;0;0;0;0;0;0;0;0;0;0;0;0;0;0;0;0;0;0;0;0;0;0;0;0;0;0;0;0;0;0;0;0;0;0;0;0;0;0;0;0;0;0;0;0;0;0;0;0;0;0;0;0;0;0;0;0;0;0;0;0;0;1;0;1;0;0;0;1;2014-02-18 21:30:00;2223;0;69;26;51;0;-1;1;-1;-1;-1;-1;-1;-1;5;1;2;1;6;3;-1;0;0;0;0;0;0;0;0;0;0;0;0;0;1;1;0;0;-1;-1;5;1;-1;-1;-1;-1;-1;-1;-1;-1;-1;32;57;69;88;94;50;88;82;63;9.5;0.88;6.25;3.5;Audax Italiano II;San Antonio Unido;1.45;1.45;2;1.25;1.53;1.93;69;44;32;13;7;65;15;7;0;0;0;506;22;Y;N;N;N;N;N;N
129544;2231;2204;2013/2014;complete;767;16;-1;;53,72,86;0;3;3;3;10;13;0;3;1;2;0;0;8;7;7;6;15;13;8;11;43;57;1;2;0;0;0;0;0;0;0;0;0;0;0;0;0;0;0;0;0;0;0;0;0;0;0;0;0;0;0;0;0;0;0;0;0;0;0;0;0;0;0;0;0;0;0;0;0;0;0;0;0;0;0;0;0;0;0;0;0;0;0;0;0;0;0;0;0;0;0;0;3;0;0;0;3;3;0;2014-02-18 21:45:00;2204;0;68;35;20;0;-1;1;-1;-1;-1;-1;-1;-1;1;2;0;0;3;0;-1;0;0;0;0;0;0;0;0;0;0;0;0;0;1;1;0;0;-1;-1;1;2;-1;-1;-1;-1;-1;-1;-1;-1;-1;27;48;73;100;100;55;94;81;60;9;2.81;4.34;4.09;Unión Española II;Iberia;0.82;1.91;0.75;1.71;0.67;2.13;73;53;27;0;0;50;34;0;0;0;0;506;22;Y;Y;Y;N;N;N;N
129545;2223;2220;2013/2014;complete;767;17;-1;48,62,77;52,90;3;2;5;-1;-1;-1;-1;-1;2;4;0;0;-1;-1;-1;-1;-1;-1;-1;-1;-1;-1;2;4;0;0;0;0;0;0;0;0;0;0;0;0;0;0;0;0;0;0;0;0;0;0;0;0;0;0;0;0;0;0;0;0;0;0;0;0;0;0;0;0;0;0;0;0;0;0;0;0;0;0;0;0;0;0;0;0;0;0;0;0;0;0;0;0;0;0;0;0;5;0;0;3;2;5;0;2014-02-22 20:30:00;2223;0;47;14;34;0;-1;1;-1;-1;-1;-1;-1;-1;2;4;0;0;6;0;-1;0;0;0;0;0;0;0;0;0;0;0;0;0;1;1;0;0;-1;-1;2;4;-1;-1;-1;-1;-1;-1;-1;-1;-1;7;27;61;75;88;27;81;68;41;12;0;3.88;2.56;San Antonio Unido;Malleco Unido;2.82;1;2.71;1;2;1.19;94;73;40;26;13;84;67;50;0;0;0;506;22;Y;Y;Y;Y;Y;N;Y
129546;2211;2233;2013/2014;complete;767;17;-1;9,55,65,88,90;30;5;1;6;-1;-1;-1;-1;-1;0;0;0;1;-1;-1;-1;-1;-1;-1;-1;-1;-1;-1;0;2;0;0;0;0;0;0;0;0;0;0;0;0;0;0;0;0;0;0;0;0;0;0;0;0;0;0;0;0;0;0;0;0;0;0;0;0;0;0;0;0;0;0;0;0;0;0;0;0;0;0;0;0;0;0;0;0;0;0;0;0;0;0;0;0;0;0;0;0;6;1;1;4;0;4;2;2014-02-22 23:00:00;2211;0;47;14;14;0;-1;1;-1;-1;-1;-1;-1;-1;0;0;0;1;0;1;-1;0;0;0;0;0;0;0;0;0;0;0;0;0;1;1;1;0;-1;-1;0;0;-1;-1;-1;-1;-1;-1;-1;-1;-1;7;34;53;67;93;32;60;87;21;4;0;5.11;2.53;Puerto Montt;Audax Italiano II;2.45;1.18;2.63;1;2.31;1.44;94;66;48;34;7;0;0;0;0;0;0;506;22;Y;Y;Y;Y;Y;Y;Y
129547;2217;2230;2013/2014;complete;767;17;-1;13,68,76;;3;0;3;4;7;11;6;1;1;0;0;0;4;7;3;10;7;17;13;13;47;53;1;0;0;0;0;0;0;0;0;0;0;0;0;0;0;0;0;0;0;0;0;0;0;0;0;0;0;0;0;0;0;0;0;0;0;0;0;0;0;0;0;0;0;0;0;0;0;0;0;0;0;0;0;0;0;0;0;0;0;0;0;0;0;0;0;0;0;0;0;0;3;1;0;2;0;2;1;2014-02-23 20:00:00;2217;0;50;13;38;0;-1;1;-1;-1;-1;-1;-1;-1;1;0;0;0;1;0;-1;0;0;0;0;0;0;0;0;0;0;0;0;0;1;1;0;0;-1;-1;1;0;-1;-1;-1;-1;-1;-1;-1;-1;-1;19;32;63;82;88;32;69;82;69;8.5;3.26;4.38;2.94;Melipilla;Ñublense II;1.82;0.09;1.88;0.13;1.81;0.31;82;69;38;19;13;75;75;25;0;0;0;506;22;Y;Y;Y;N;N;N;N
129548;2226;2206;2013/2014;complete;767;17;-1;56;28,35,60;1;3;4;-1;-1;-1;-1;-1;1;2;1;0;-1;-1;-1;-1;-1;-1;-1;-1;-1;-1;3;2;0;0;0;0;0;0;0;0;0;0;0;0;0;0;0;0;0;0;0;0;0;0;0;0;0;0;0;0;0;0;0;0;0;0;0;0;0;0;0;0;0;0;0;0;0;0;0;0;0;0;0;0;0;0;0;0;0;0;0;0;0;0;0;0;0;0;0;0;4;0;2;1;1;2;2;2014-02-23 21:00:00;2206;0;48;22;34;0;-1;1;-1;-1;-1;-1;-1;-1;2;2;0;0;4;0;-1;0;0;0;0;0;0;0;0;0;0;0;0;0;1;1;0;0;-1;-1;1;2;-1;-1;-1;-1;-1;-1;-1;-1;-1;28;41;60;82;100;42;75;93;47;17.5;1.04;5.72;3.39;Trasandino;Deportes Valdivia;1.91;1;1.71;0.88;1.5;1.25;73;59;41;19;0;88;88;88;0;0;0;506;22;Y;Y;Y;Y;N;N;Y
129549;2204;2228;2013/2014;complete;767;17;-1;24,27,78;45,71;3;2;5;-1;-1;-1;-1;-1;5;2;1;0;-1;-1;-1;-1;-1;-1;-1;-1;-1;-1;6;2;0;0;0;0;0;0;0;0;0;0;0;0;0;0;0;0;0;0;0;0;0;0;0;0;0;0;0;0;0;0;0;0;0;0;0;0;0;0;0;0;0;0;0;0;0;0;0;0;0;0;0;0;0;0;0;0;0;0;0;0;0;0;0;0;0;0;0;0;5;2;1;1;1;2;3;2014-02-23 21:30:00;2204;0;88;44;57;0;-1;1;-1;-1;-1;-1;-1;-1;6;2;0;0;8;0;-1;0;0;0;0;0;0;0;0;0;0;0;0;0;1;1;0;0;-1;-1;5;2;-1;-1;-1;-1;-1;-1;-1;-1;-1;44;57;76;94;100;50;88;94;63;4.8;0;4.01;3.88;Iberia;Deportes Linares;2.45;1.09;2.5;1.13;2.19;1.31;57;44;26;7;0;20;20;10;0;0;0;506;22;Y;Y;Y;Y;Y;N;Y
129550;2232;2231;2013/2014;complete;767;17;-1;;9,48,53;0;3;3;2;6;8;1;3;2;2;1;0;3;8;5;9;8;17;8;12;39;61;4;2;0;0;0;0;0;0;0;0;0;0;0;0;0;0;0;0;0;0;0;0;0;0;0;0;0;0;0;0;0;0;0;0;0;0;0;0;0;0;0;0;0;0;0;0;0;0;0;0;0;0;0;0;0;0;0;0;0;0;0;0;0;0;0;0;0;0;0;0;3;0;1;0;2;2;1;2014-02-25 20:00:00;2231;0;75;41;47;0;-1;1;-1;-1;-1;-1;-1;-1;3;2;0;0;5;0;-1;0;0;0;0;0;0;0;0;0;0;0;0;0;1;1;0;1;-1;-1;2;2;-1;-1;-1;-1;-1;-1;-1;-1;-1;60;75;75;88;94;75;82;94;66;5.33;2;4.88;4.55;Colo-Colo II;Unión Española II;0.73;1;1;0.57;0.88;0.63;41;26;26;13;7;59;25;17;0;0;0;506;22;Y;Y;Y;N;N;N;N
129551;2206;2232;2013/2014;complete;767;18;-1;73,76;35;2;1;3;-1;-1;-1;-1;-1;3;2;0;1;-1;-1;-1;-1;-1;-1;-1;-1;-1;-1;3;4;0;0;0;0;0;0;0;0;0;0;0;0;0;0;0;0;0;0;0;0;0;0;0;0;0;0;0;0;0;0;0;0;0;0;0;0;0;0;0;0;0;0;0;0;0;0;0;0;0;0;0;0;0;0;0;0;0;0;0;0;0;0;0;0;0;0;0;0;3;0;1;2;0;2;1;2014-03-01 19:00:00;2206;0;50;25;32;0;-1;1;-1;-1;-1;-1;-1;-1;3;2;0;1;5;1;-1;0;0;0;0;0;0;0;1;0;1;0;0;0;1;1;0;0;-1;-1;3;2;-1;-1;-1;-1;-1;-1;-1;-1;-1;32;38;69;82;100;38;82;100;50;5;0;4.26;3.63;Deportes Valdivia;Colo-Colo II;2;0.55;1.63;0.75;1.35;0.82;69;63;32;19;0;50;50;25;0;0;0;506;22;Y;Y;Y;N;N;N;Y
129552;2211;2217;2013/2014;complete;767;18;-1;88;;1;0;1;-1;-1;-1;-1;-1;2;4;0;2;-1;-1;-1;-1;-1;-1;-1;-1;-1;-1;2;6;0;0;0;0;0;0;0;0;0;0;0;0;0;0;0;0;0;0;0;0;0;0;0;0;0;0;0;0;0;0;0;0;0;0;0;0;0;0;0;0;0;0;0;0;0;0;0;0;0;0;0;0;0;0;0;0;0;0;0;0;0;0;0;0;0;0;0;0;1;0;0;1;0;1;0;2014-03-01 23:00:00;2211;0;53;24;18;0;-1;1;-1;-1;-1;-1;-1;-1;2;5;0;1;7;1;-1;0;0;0;0;0;0;0;0;0;0;0;0;0;1;1;0;0;-1;-1;2;4;-1;-1;-1;-1;-1;-1;-1;-1;-1;11;23;46;65;100;47;71;70;24;3.5;0;5.38;2.5;Puerto Montt;Melipilla;2.45;1.36;2.67;1.75;2.35;1.88;89;78;54;36;0;0;0;0;0;0;0;506;22;Y;N;N;N;N;N;N
129553;2228;2223;2013/2014;complete;767;18;-1;75,80;;2;0;2;9;7;16;1;2;4;3;0;0;11;6;8;6;19;12;16;14;55;45;4;3;0;0;0;0;0;0;0;0;0;0;0;0;0;0;0;0;0;0;0;0;0;0;0;0;0;0;0;0;0;0;0;0;0;0;0;0;0;0;0;0;0;0;0;0;0;0;0;0;0;0;0;0;0;0;0;0;0;0;0;0;0;0;0;0;0;0;0;0;2;0;0;2;0;2;0;2014-03-02 20:00:00;2228;0;66;17;36;0;-1;1;-1;-1;-1;-1;-1;-1;4;3;0;0;7;0;-1;0;0;0;0;0;0;0;0;0;0;0;0;0;1;1;0;0;-1;-1;4;3;-1;-1;-1;-1;-1;-1;-1;-1;-1;23;41;60;77;94;35;76;83;60;9.4;0.41;7.05;3.11;Deportes Linares;San Antonio Unido;1.91;1.45;1.5;1.44;1.24;2.06;78;60;41;24;7;84;20;10;0;0;0;506;22;Y;Y;N;N;N;N;N
129554;2220;2231;2013/2014;complete;767;18;-1;;29,90;0;2;2;-1;-1;-1;-1;-1;4;4;3;0;-1;-1;-1;-1;-1;-1;-1;-1;-1;-1;9;4;0;0;0;0;0;0;0;0;0;0;0;0;0;0;0;0;0;0;0;0;0;0;0;0;0;0;0;0;0;0;0;0;0;0;0;0;0;0;0;0;0;0;0;0;0;0;0;0;0;0;0;0;0;0;0;0;0;0;0;0;0;0;0;0;0;0;0;0;2;0;1;0;1;1;1;2014-03-02 21:00:00;2231;0;57;38;32;0;-1;1;-1;-1;-1;-1;-1;-1;5;4;2;0;9;2;-1;0;0;0;0;0;0;0;0;1;0;1;0;0;1;1;0;0;-1;-1;4;4;-1;-1;-1;-1;-1;-1;-1;-1;-1;32;50;63;82;94;50;69;88;63;6.67;0.63;4.43;3.44;Malleco Unido;Unión Española II;1.55;1;1.38;0.88;1.12;0.76;69;50;38;19;7;17;0;0;0;0;0;506;22;Y;Y;N;N;N;N;N
129555;2230;2226;2013/2014;complete;767;18;-1;61,68;4;2;1;3;10;3;13;2;6;2;3;0;0;6;3;12;11;18;14;11;21;51;49;2;3;0;0;0;0;0;0;0;0;0;0;0;0;0;0;0;0;0;0;0;0;0;0;0;0;0;0;0;0;0;0;0;0;0;0;0;0;0;0;0;0;0;0;0;0;0;0;0;0;0;0;0;0;0;0;0;0;0;0;0;0;0;0;0;0;0;0;0;0;3;0;1;2;0;2;1;2014-03-03 20:00:00;2230;0;65;25;47;0;-1;1;-1;-1;-1;-1;-1;-1;2;3;0;0;5;0;-1;0;0;0;0;0;0;0;0;0;0;0;0;0;1;1;0;1;-1;-1;2;3;-1;-1;-1;-1;-1;-1;-1;-1;-1;24;47;77;88;100;42;77;100;77;6.58;1.47;4.33;3.46;Ñublense II;Trasandino;0.64;1.09;0.5;1.33;0.29;1.41;77;53;24;13;0;29;13;0;0;0;0;506;22;Y;Y;Y;N;N;N;Y
129556;2233;2204;2013/2014;complete;767;18;-1;;20;0;1;1;4;5;9;0;3;4;2;1;0;2;4;4;7;6;11;18;9;38;62;6;2;0;0;0;0;0;0;0;0;0;0;0;0;0;0;0;0;0;0;0;0;0;0;0;0;0;0;0;0;0;0;0;0;0;0;0;0;0;0;0;0;0;0;0;0;0;0;0;0;0;0;0;0;0;0;0;0;0;0;0;0;0;0;0;0;0;0;0;0;1;0;1;0;0;0;1;2014-03-04 21:30:00;2204;0;71;31;35;0;-1;1;-1;-1;-1;-1;-1;-1;5;2;0;0;7;0;-1;0;0;0;0;0;0;0;0;1;0;1;0;0;1;1;0;0;-1;-1;4;2;-1;-1;-1;-1;-1;-1;-1;-1;-1;24;53;71;89;95;54;89;78;60;11;2.19;5.74;3.74;Audax Italiano II;Iberia;1.45;1.91;1.78;1.88;1.35;2.24;77;47;29;11;6;46;46;23;0;0;0;506;22;Y;N;N;N;N;N;N
129557;2223;2232;2013/2014;complete;767;19;-1;29,36;55;2;1;3;-1;-1;-1;-1;-1;1;1;0;0;-1;-1;-1;-1;-1;-1;-1;-1;-1;-1;1;1;0;0;0;0;0;0;0;0;0;0;0;0;0;0;0;0;0;0;0;0;0;0;0;0;0;0;0;0;0;0;0;0;0;0;0;0;0;0;0;0;0;0;0;0;0;0;0;0;0;0;0;0;0;0;0;0;0;0;0;0;0;0;0;0;0;0;0;0;3;2;0;0;1;1;2;2014-03-08 19:30:00;2223;0;53;18;30;0;-1;1;-1;-1;-1;-1;-1;-1;1;1;0;0;2;0;-1;0;0;0;0;0;0;0;1;0;1;0;0;0;1;1;0;0;-1;-1;1;1;-1;-1;-1;-1;-1;-1;-1;-1;-1;29;41;77;89;100;35;82;94;53;10;0;3.89;3.68;San Antonio Unido;Colo-Colo II;2.82;0.55;2.75;0.67;1.94;0.78;72;60;24;12;0;100;100;75;0;0;0;506;22;Y;Y;Y;N;N;N;Y
129558;2226;2211;2013/2014;complete;767;19;-1;36,84;79;2;1;3;7;7;14;6;2;3;0;0;0;6;6;6;6;12;12;21;7;45;55;3;0;0;0;0;0;0;0;0;0;0;0;0;0;0;0;0;0;0;0;0;0;0;0;0;0;0;0;0;0;0;0;0;0;0;0;0;0;0;0;0;0;0;0;0;0;0;0;0;0;0;0;0;0;0;0;0;0;0;0;0;0;0;0;0;0;0;0;0;0;3;1;0;1;1;2;1;2014-03-09 20:00:00;2226;0;51;26;26;0;-1;1;-1;-1;-1;-1;-1;-1;3;0;0;0;3;0;-1;0;0;0;0;0;0;0;0;0;0;0;0;0;1;1;0;0;-1;-1;3;0;-1;-1;-1;-1;-1;-1;-1;-1;-1;26;44;51;94;94;57;82;82;57;16.1;2.13;6.01;3.32;Trasandino;Puerto Montt;1.91;1.73;1.5;2;1.33;2.39;76;57;51;7;7;70;60;50;0;0;0;506;22;Y;Y;Y;N;N;N;Y
129559;2217;2206;2013/2014;complete;767;19;-1;34;51;1;1;2;8;1;9;3;0;0;1;0;0;6;10;3;13;9;23;15;9;55;45;0;1;0;0;0;0;0;0;0;0;0;0;0;0;0;0;0;0;0;0;0;0;0;0;0;0;0;0;0;0;0;0;0;0;0;0;0;0;0;0;0;0;0;0;0;0;0;0;0;0;0;0;0;0;0;0;0;0;0;0;0;0;0;0;0;0;0;0;0;0;2;1;0;0;1;1;1;2014-03-09 20:00:00;-1;0;44;11;33;0;-1;1;-1;-1;-1;-1;-1;-1;0;1;0;0;1;0;-1;0;0;0;0;0;0;0;0;0;0;0;0;0;1;1;0;0;-1;-1;0;1;-1;-1;-1;-1;-1;-1;-1;-1;-1;11;28;62;78;95;22;67;89;62;9.2;3.12;4.36;2.73;Melipilla;Deportes Valdivia;1.82;1;2;1.11;1.78;1.44;89;73;39;22;6;68;68;48;0;0;0;506;22;Y;Y;N;N;N;N;Y
129560;2220;2204;2013/2014;complete;767;19;-1;35,80;23;2;1;3;-1;-1;-1;-1;-1;2;3;0;0;-1;-1;-1;-1;-1;-1;-1;-1;-1;-1;2;3;0;0;0;0;0;0;0;0;0;0;0;0;0;0;0;0;0;0;0;0;0;0;0;0;0;0;0;0;0;0;0;0;0;0;0;0;0;0;0;0;0;0;0;0;0;0;0;0;0;0;0;0;0;0;0;0;0;0;0;0;0;0;0;0;0;0;0;0;3;1;1;1;0;1;2;2014-03-09 21:00:00;2220;0;50;33;17;0;-1;1;-1;-1;-1;-1;-1;-1;2;3;0;0;5;0;-1;0;0;0;0;0;0;0;0;0;0;0;0;0;1;1;0;0;-1;-1;2;3;-1;-1;-1;-1;-1;-1;-1;-1;-1;17;33;50;78;95;39;67;78;56;10.5;1.11;5.34;3.11;Malleco Unido;Iberia;1.55;1.91;1.22;2;1.06;2.28;84;67;50;22;6;38;25;13;0;0;0;506;22;Y;Y;Y;N;N;N;Y
129561;2230;2233;2013/2014;complete;767;19;-1;;5,25,38,76,87;0;5;5;6;5;11;0;5;0;0;0;0;3;3;7;10;10;13;13;15;45;55;0;0;0;0;0;0;0;0;0;0;0;0;0;0;0;0;0;0;0;0;0;0;0;0;0;0;0;0;0;0;0;0;0;0;0;0;0;0;0;0;0;0;0;0;0;0;0;0;0;0;0;0;0;0;0;0;0;0;0;0;0;0;0;0;0;0;0;0;0;0;5;0;3;0;2;2;3;2014-03-10 20:00:00;2233;0;59;29;29;0;-1;-1;-1;-1;-1;-1;-1;-1;0;0;0;0;0;0;-1;0;0;0;0;0;0;0;0;0;0;0;0;0;1;1;0;1;-1;-1;-1;-1;-1;-1;-1;-1;-1;-1;-1;-1;-1;18;47;64;77;94;35;71;94;58;8.6;0.83;4.75;3.05;Ñublense II;Audax Italiano II;0.64;1.18;0.78;0.88;0.44;1.28;83;53;36;24;7;20;20;10;0;0;0;506;22;Y;Y;Y;Y;Y;N;N
129562;2231;2228;2013/2014;complete;767;19;-1;18;60,66;1;2;3;1;6;7;4;2;2;2;1;0;8;10;3;8;11;18;10;26;50;50;3;2;0;0;0;0;0;0;0;0;0;0;0;0;0;0;0;0;0;0;0;0;0;0;0;0;0;0;0;0;0;0;0;0;0;0;0;0;0;0;0;0;0;0;0;0;0;0;0;0;0;0;0;0;0;0;0;0;0;0;0;0;0;0;0;0;0;0;0;0;3;1;0;0;2;2;1;2014-03-11 21:45:00;2228;0;67;28;50;0;-1;1;-1;-1;-1;-1;-1;-1;2;2;1;0;4;1;-1;0;0;0;0;0;0;0;0;0;0;0;0;0;1;1;0;0;-1;-1;2;2;-1;-1;-1;-1;-1;-1;-1;-1;-1;33;45;84;95;100;45;78;89;73;8.23;2.89;3.89;3.78;Unión Española II;Deportes Linares;0.82;1.09;0.67;1;0.89;1.33;67;56;17;6;0;49;35;17;0;0;0;506;22;Y;Y;Y;N;N;N;Y
129563;2223;2226;2013/2014;complete;767;20;-1;70,78,83;52;3;1;4;-1;-1;-1;-1;-1;4;1;0;2;-1;-1;-1;-1;-1;-1;-1;-1;-1;-1;4;5;0;0;0;0;0;0;0;0;0;0;0;0;0;0;0;0;0;0;0;0;0;0;0;0;0;0;0;0;0;0;0;0;0;0;0;0;0;0;0;0;0;0;0;0;0;0;0;0;0;0;0;0;0;0;0;0;0;0;0;0;0;0;0;0;0;0;0;0;4;0;0;3;1;4;0;2014-03-15 19:30:00;2223;0;63;11;37;0;-1;1;-1;-1;-1;-1;-1;-1;4;2;0;1;6;1;-1;0;0;0;0;0;0;0;0;0;0;0;0;0;1;1;0;0;-1;-1;4;1;-1;-1;-1;-1;-1;-1;-1;-1;-1;16;37;79;95;100;32;79;95;62;8.25;0.24;4.29;3.36;San Antonio Unido;Trasandino;2.82;1.09;2.78;1.2;2;1.42;85;64;21;6;0;75;63;63;0;0;0;506;22;Y;Y;Y;Y;N;N;Y
129564;2228;2217;2013/2014;complete;767;20;-1;90;;1;0;1;-1;-1;-1;-1;-1;1;2;0;0;-1;-1;-1;-1;-1;-1;-1;-1;-1;-1;1;2;0;0;0;0;0;0;0;0;0;0;0;0;0;0;0;0;0;0;0;0;0;0;0;0;0;0;0;0;0;0;0;0;0;0;0;0;0;0;0;0;0;0;0;0;0;0;0;0;0;0;0;0;0;0;0;0;0;0;0;0;0;0;0;0;0;0;0;0;1;0;0;1;0;1;0;2014-03-16 20:00:00;2228;0;56;11;28;0;-1;1;-1;-1;-1;-1;-1;-1;1;2;0;0;3;0;-1;0;0;0;0;0;0;0;0;0;0;0;0;0;1;1;0;0;-1;-1;1;2;-1;-1;-1;-1;-1;-1;-1;-1;-1;6;22;39;67;95;28;62;73;45;8.67;0.78;7.11;2.39;Deportes Linares;Melipilla;1.91;1.36;1.67;1.56;1.42;1.74;95;78;61;33;6;50;25;17;0;0;0;506;22;Y;N;N;N;N;N;N
129565;2204;2230;2013/2014;complete;767;20;-1;5,27,28,35,43,50,55;;7;0;7;-1;-1;-1;-1;-1;1;3;0;0;-1;-1;-1;-1;-1;-1;-1;-1;-1;-1;1;3;0;0;0;0;0;0;0;0;0;0;0;0;0;0;0;0;0;0;0;0;0;0;0;0;0;0;0;0;0;0;0;0;0;0;0;0;0;0;0;0;0;0;0;0;0;0;0;0;0;0;0;0;0;0;0;0;0;0;0;0;0;0;0;0;0;0;0;0;7;5;0;2;0;2;5;2014-03-16 21:30:00;2204;0;67;28;44;0;-1;1;-1;-1;-1;-1;-1;-1;1;3;0;0;4;0;-1;0;0;0;0;0;0;0;0;0;0;0;0;0;1;1;1;0;-1;-1;1;3;-1;-1;-1;-1;-1;-1;-1;-1;-1;39;50;73;89;95;45;84;89;67;6;0.11;4;3.67;Iberia;Ñublense II;2.45;0.09;2.56;0.11;2.16;0.42;61;50;28;11;6;50;50;34;0;0;0;506;22;Y;Y;Y;Y;Y;Y;N
129566;2206;2231;2013/2014;complete;767;20;-1;2,39,63,68,79;62,76;5;2;7;-1;-1;-1;-1;-1;0;1;0;0;-1;-1;-1;-1;-1;-1;-1;-1;-1;-1;0;1;0;0;0;0;0;0;0;0;0;0;0;0;0;0;0;0;0;0;0;0;0;0;0;0;0;0;0;0;0;0;0;0;0;0;0;0;0;0;0;0;0;0;0;0;0;0;0;0;0;0;0;0;0;0;0;0;0;0;0;0;0;0;0;0;0;0;0;0;7;2;0;3;2;5;2;2014-03-16 22:00:00;2206;0;62;33;33;0;-1;1;-1;-1;-1;-1;-1;-1;0;1;0;0;1;0;-1;0;0;0;0;0;0;0;0;0;0;0;0;0;1;1;1;0;-1;-1;0;1;-1;-1;-1;-1;-1;-1;-1;-1;-1;28;45;73;89;100;45;89;100;56;2.67;0;5.3;3.56;Deportes Valdivia;Unión Española II;2;1;1.78;1.11;1.42;0.84;73;56;28;11;0;17;0;0;0;0;0;506;22;Y;Y;Y;Y;Y;Y;Y
129567;2232;2211;2013/2014;complete;767;20;-1;23,53;27,31,45;2;3;5;4;5;9;4;2;4;2;0;1;3;6;8;6;11;12;10;17;53;47;4;3;0;0;0;0;0;0;0;0;0;0;0;0;0;0;0;0;0;0;0;0;0;0;0;0;0;0;0;0;0;0;0;0;0;0;0;0;0;0;0;0;0;0;0;0;0;0;0;0;0;0;0;0;0;0;0;0;0;0;0;0;0;0;0;0;0;0;0;0;5;1;3;1;0;1;4;2014-03-18 20:00:00;2211;0;50;17;33;0;-1;1;-1;-1;-1;-1;-1;-1;4;2;0;1;6;1;-1;0;0;0;0;0;0;0;0;0;0;0;0;0;1;1;0;0;-1;-1;4;2;-1;-1;-1;-1;-1;-1;-1;-1;-1;34;39;56;84;89;45;67;84;73;9;3.89;4.89;3.39;Colo-Colo II;Puerto Montt;0.73;1.73;0.89;1.78;0.74;2.26;67;61;45;17;11;54;38;23;0;0;0;506;22;Y;Y;Y;Y;Y;N;Y
129568;2233;2220;2013/2014;complete;767;20;-1;45,83,90;41,72,81,90;3;4;7;6;3;9;1;0;3;4;0;0;4;3;6;5;10;8;8;19;62;38;3;4;0;0;0;0;0;0;0;0;0;0;0;0;0;0;0;0;0;0;0;0;0;0;0;0;0;0;0;0;0;0;0;0;0;0;0;0;0;0;0;0;0;0;0;0;0;0;0;0;0;0;0;0;0;0;0;0;0;0;0;0;0;0;0;0;0;0;0;0;7;1;1;2;3;5;2;2014-03-18 21:30:00;2220;0;58;11;47;0;-1;1;-1;-1;-1;-1;-1;-1;3;4;0;0;7;0;-1;0;0;0;0;0;0;0;0;0;0;0;0;0;1;1;0;0;-1;-1;3;4;-1;-1;-1;-1;-1;-1;-1;-1;-1;21;42;58;69;84;31;79;58;47;11;1.3;5.51;2.78;Audax Italiano II;Malleco Unido;1.45;1;1.6;0.89;1.37;1.16;79;59;42;32;16;50;28;6;0;0;0;506;22;Y;Y;Y;Y;Y;Y;Y
129569;2211;2204;2013/2014;complete;767;21;-1;;14;0;1;1;-1;-1;-1;-1;-1;3;5;0;0;-1;-1;-1;-1;-1;-1;-1;-1;-1;-1;3;5;0;0;0;0;0;0;0;0;0;0;0;0;0;0;0;0;0;0;0;0;0;0;0;0;0;0;0;0;0;0;0;0;0;0;0;0;0;0;0;0;0;0;0;0;0;0;0;0;0;0;0;0;0;0;0;0;0;0;0;0;0;0;0;0;0;0;0;0;1;0;1;0;0;0;1;2014-03-22 23:00:00;2204;0;60;35;10;0;-1;1;-1;-1;-1;-1;-1;-1;3;5;0;0;8;0;-1;0;0;0;0;0;0;0;0;0;0;0;0;0;1;1;0;0;-1;-1;3;5;-1;-1;-1;-1;-1;-1;-1;-1;-1;20;35;65;75;100;55;75;85;35;6.5;0;4.6;3.3;Puerto Montt;Iberia;2.45;1.91;2.7;1.8;2.3;2.2;80;65;35;25;0;38;25;13;0;0;0;506;22;Y;N;N;N;N;N;N
129570;2228;2232;2013/2014;complete;767;21;-1;34,55,87;;3;0;3;1;2;3;1;1;0;1;1;0;4;4;4;2;8;6;8;15;41;59;2;1;0;0;0;0;0;0;0;0;0;0;0;0;0;0;0;0;0;0;0;0;0;0;0;0;0;0;0;0;0;0;0;0;0;0;0;0;0;0;0;0;0;0;0;0;0;0;0;0;0;0;0;0;0;0;0;0;0;0;0;0;0;0;0;0;0;0;0;0;3;1;0;2;0;2;1;2014-03-23 20:00:00;2228;0;60;10;25;0;-1;1;-1;-1;-1;-1;-1;-1;0;1;1;0;1;1;-1;0;0;0;0;0;0;0;0;0;0;0;0;0;1;1;0;0;-1;-1;0;1;-1;-1;-1;-1;-1;-1;-1;-1;-1;25;35;65;80;95;35;70;95;55;10.17;0.5;5;3.4;Deportes Linares;Colo-Colo II;1.91;0.55;1.8;0.6;1.5;0.7;75;65;35;20;5;100;75;42;0;0;0;506;22;Y;Y;Y;N;N;N;N
129571;2217;2231;2013/2014;complete;767;21;-1;14,87;42,78;2;2;4;-1;-1;-1;-1;-1;5;3;0;0;-1;-1;-1;-1;-1;-1;-1;-1;-1;-1;5;3;0;0;0;0;0;0;0;0;0;0;0;0;0;0;0;0;0;0;0;0;0;0;0;0;0;0;0;0;0;0;0;0;0;0;0;0;0;0;0;0;0;0;0;0;0;0;0;0;0;0;0;0;0;0;0;0;0;0;0;0;0;0;0;0;0;0;0;0;4;1;1;1;1;2;2;2014-03-23 20:00:00;-1;0;60;30;30;0;-1;1;-1;-1;-1;-1;-1;-1;5;3;0;0;8;0;-1;0;0;0;0;0;0;0;0;0;0;0;0;0;1;1;0;0;-1;-1;5;3;-1;-1;-1;-1;-1;-1;-1;-1;-1;30;45;65;95;95;45;90;90;60;6.67;2.7;4.34;3.55;Melipilla;Unión Española II;1.82;1;1.9;1;1.65;0.8;70;55;35;5;5;50;25;9;0;0;0;506;22;Y;Y;Y;Y;N;N;Y
129572;2226;2233;2013/2014;complete;767;21;-1;41,60;;2;0;2;-1;-1;-1;-1;-1;2;1;1;1;-1;-1;-1;-1;-1;-1;-1;-1;-1;-1;3;2;0;0;0;0;0;0;0;0;0;0;0;0;0;0;0;0;0;0;0;0;0;0;0;0;0;0;0;0;0;0;0;0;0;0;0;0;0;0;0;0;0;0;0;0;0;0;0;0;0;0;0;0;0;0;0;0;0;0;0;0;0;0;0;0;0;0;0;0;2;1;0;1;0;1;1;2014-03-23 20:00:00;2226;0;56;28;28;0;-1;1;-1;-1;-1;-1;-1;-1;2;2;1;0;4;1;-1;0;0;0;0;0;0;0;0;0;0;0;0;0;1;1;0;0;-1;-1;2;1;-1;-1;-1;-1;-1;-1;-1;-1;-1;28;56;62;89;95;50;84;89;50;14.33;0.89;5.77;3.56;Trasandino;Audax Italiano II;1.91;1.18;1.67;1.11;1.35;1.3;73;44;39;11;6;67;67;67;0;0;0;506;22;Y;Y;N;N;N;N;N
129573;2220;2206;2013/2014;complete;767;21;-1;9,47;;2;0;2;-1;-1;-1;-1;-1;4;2;0;0;-1;-1;-1;-1;-1;-1;-1;-1;-1;-1;4;2;0;0;0;0;0;0;0;0;0;0;0;0;0;0;0;0;0;0;0;0;0;0;0;0;0;0;0;0;0;0;0;0;0;0;0;0;0;0;0;0;0;0;0;0;0;0;0;0;0;0;0;0;0;0;0;0;0;0;0;0;0;0;0;0;0;0;0;0;2;1;0;1;0;1;1;2014-03-23 20:00:00;2220;0;45;15;30;0;-1;1;-1;-1;-1;-1;-1;-1;4;2;0;0;6;0;-1;0;0;0;0;0;0;0;0;0;0;0;0;0;1;1;1;0;-1;-1;4;2;-1;-1;-1;-1;-1;-1;-1;-1;-1;10;25;50;70;95;25;55;90;50;9;0.5;4.81;2.55;Malleco Unido;Deportes Valdivia;1.55;1;1.4;1.1;1.25;1.5;90;75;50;30;5;40;30;30;0;0;0;506;22;Y;Y;N;N;N;N;N
129574;2230;2223;2013/2014;complete;767;21;-1;13,36,68;1,2,19,35,74;3;5;8;-1;-1;-1;-1;-1;0;3;0;0;-1;-1;-1;-1;-1;-1;-1;-1;-1;-1;0;3;0;0;0;0;0;0;0;0;0;0;0;0;0;0;0;0;0;0;0;0;0;0;0;0;0;0;0;0;0;0;0;0;0;0;0;0;0;0;0;0;0;0;0;0;0;0;0;0;0;0;0;0;0;0;0;0;0;0;0;0;0;0;0;0;0;0;0;0;8;2;4;1;1;2;6;2014-03-24 19:00:00;2223;0;55;30;35;0;-1;1;-1;-1;-1;-1;-1;-1;0;3;0;0;3;0;-1;0;0;0;0;0;0;0;1;1;1;1;0;0;1;1;0;2;-1;-1;0;3;-1;-1;-1;-1;-1;-1;-1;-1;-1;30;45;65;80;100;45;80;90;70;10.33;1.2;5.35;3.25;Ñublense II;San Antonio Unido;0.64;1.45;0.7;1.3;0.4;2.05;70;55;35;20;0;63;38;29;0;0;0;506;22;Y;Y;Y;Y;Y;Y;Y
129575;2204;2217;2013/2014;complete;767;22;-1;;;0;0;0;-1;-1;-1;-1;-1;2;1;0;0;-1;-1;-1;-1;-1;-1;-1;-1;-1;-1;2;1;0;0;0;0;0;0;0;0;0;0;0;0;0;0;0;0;0;0;0;0;0;0;0;0;0;0;0;0;0;0;0;0;0;0;0;0;0;0;0;0;0;0;0;0;0;0;0;0;0;0;0;0;0;0;0;0;0;0;0;0;0;0;0;0;0;0;0;0;0;0;0;0;0;0;0;2014-03-30 20:00:00;-1;0;60;35;30;0;-1;1;-1;-1;-1;-1;-1;-1;2;1;0;0;3;0;-1;0;0;0;0;0;0;0;0;0;0;0;0;0;1;1;0;0;-1;-1;2;1;-1;-1;-1;-1;-1;-1;-1;-1;-1;30;40;45;75;100;45;80;75;40;3.5;0;5.5;3.1;Iberia;Melipilla;2.45;1.36;2.6;1.4;2.24;1.62;70;60;55;25;0;0;0;0;0;0;0;506;22;N;N;N;N;N;N;N
129576;2206;2228;2013/2014;complete;767;22;-1;41;;1;0;1;-1;-1;-1;-1;-1;4;4;0;1;-1;-1;-1;-1;-1;-1;-1;-1;-1;-1;4;5;0;0;0;0;0;0;0;0;0;0;0;0;0;0;0;0;0;0;0;0;0;0;0;0;0;0;0;0;0;0;0;0;0;0;0;0;0;0;0;0;0;0;0;0;0;0;0;0;0;0;0;0;0;0;0;0;0;0;0;0;0;0;0;0;0;0;0;0;1;1;0;0;0;0;1;2014-03-30 20:00:00;2206;0;75;30;55;0;-1;1;-1;-1;-1;-1;-1;-1;4;4;0;1;8;1;-1;0;0;0;0;0;0;0;0;0;0;0;0;0;1;1;0;0;-1;-1;4;4;-1;-1;-1;-1;-1;-1;-1;-1;-1;30;40;80;85;100;40;80;100;70;5;0;4.7;3.55;Deportes Valdivia;Deportes Linares;2;1.09;1.9;1.2;1.43;1.57;70;60;20;15;0;17;17;9;0;0;0;506;22;Y;N;N;N;N;N;N
129577;2223;2211;2013/2014;complete;767;22;-1;10,37;72;2;1;3;-1;-1;-1;-1;-1;2;3;0;0;-1;-1;-1;-1;-1;-1;-1;-1;-1;-1;2;3;0;0;0;0;0;0;0;0;0;0;0;0;0;0;0;0;0;0;0;0;0;0;0;0;0;0;0;0;0;0;0;0;0;0;0;0;0;0;0;0;0;0;0;0;0;0;0;0;0;0;0;0;0;0;0;0;0;0;0;0;0;0;0;0;0;0;0;0;3;2;0;0;1;1;2;2014-03-30 20:00:00;2223;0;55;15;30;0;-1;1;-1;-1;-1;-1;-1;-1;2;3;0;0;5;0;-1;0;0;0;0;0;0;0;0;0;0;0;0;0;1;1;1;0;-1;-1;2;3;-1;-1;-1;-1;-1;-1;-1;-1;-1;15;35;65;90;95;35;70;85;55;10;1.4;4.5;3;San Antonio Unido;Puerto Montt;2.82;1.73;2.8;1.9;2.1;2.19;85;65;35;10;5;79;65;57;0;0;0;506;22;Y;Y;Y;N;N;N;Y
129578;2226;2220;2013/2014;complete;767;22;-1;15,30,55;;3;0;3;-1;-1;-1;-1;-1;-1;-1;-1;-1;-1;-1;-1;-1;-1;-1;-1;-1;-1;-1;-1;-1;0;0;0;0;0;0;0;0;0;0;0;0;0;0;0;0;0;0;0;0;0;0;0;0;0;0;0;0;0;0;0;0;0;0;0;0;0;0;0;0;0;0;0;0;0;0;0;0;0;0;0;0;0;0;0;0;0;0;0;0;0;0;0;0;0;0;0;0;3;2;0;1;0;1;2;2014-03-30 20:00:00;2226;0;60;25;45;0;-1;-1;-1;-1;-1;-1;-1;-1;-1;-1;-1;-1;-1;-1;-1;0;0;0;0;0;0;0;0;0;0;0;0;0;1;1;0;0;-1;-1;-1;-1;-1;-1;-1;-1;-1;-1;-1;-1;-1;30;45;60;85;90;45;85;75;50;16;0.6;5.6;3.4;Trasandino;Malleco Unido;1.91;1;1.8;1.1;1.43;1.33;70;55;40;15;10;88;63;50;0;0;0;506;22;Y;Y;Y;N;N;N;N
129579;2232;2233;2013/2014;complete;767;22;-1;38;29,72,75;1;3;4;3;4;7;2;3;1;2;0;0;10;10;3;6;13;16;9;9;52;48;1;2;0;0;0;0;0;0;0;0;0;0;0;0;0;0;0;0;0;0;0;0;0;0;0;0;0;0;0;0;0;0;0;0;0;0;0;0;0;0;0;0;0;0;0;0;0;0;0;0;0;0;0;0;0;0;0;0;0;0;0;0;0;0;0;0;0;0;0;0;4;1;1;0;2;2;2;2014-04-01 20:00:00;2233;0;50;25;25;0;-1;1;-1;-1;-1;-1;-1;-1;1;2;0;0;3;0;-1;0;0;0;0;0;0;0;1;1;1;1;0;0;1;1;0;0;-1;-1;1;2;-1;-1;-1;-1;-1;-1;-1;-1;-1;40;55;60;80;90;45;70;90;55;8.33;2.1;5.1;3.65;Colo-Colo II;Audax Italiano II;0.73;1.18;0.8;1;0.67;1.24;60;45;40;20;10;48;36;29;0;0;0;506;22;Y;Y;Y;Y;N;N;Y
129580;2231;2230;2013/2014;complete;767;22;-1;20,41,56,70;81;4;1;5;7;3;10;3;3;0;0;0;0;8;5;12;5;20;10;20;10;60;40;0;0;0;0;0;0;0;0;0;0;0;0;0;0;0;0;0;0;0;0;0;0;0;0;0;0;0;0;0;0;0;0;0;0;0;0;0;0;0;0;0;0;0;0;0;0;0;0;0;0;0;0;0;0;0;0;0;0;0;0;0;0;0;0;0;0;0;0;0;0;5;2;0;2;1;3;2;2014-04-01 21:45:00;2231;0;45;5;30;0;-1;-1;-1;-1;-1;-1;-1;-1;0;0;0;0;0;0;-1;0;0;0;0;0;0;0;0;0;0;0;0;0;1;1;0;0;-1;-1;-1;-1;-1;-1;-1;-1;-1;-1;-1;-1;-1;25;35;80;90;95;35;75;85;75;9.13;3.2;3.7;3.6;Unión Española II;Ñublense II;0.82;0.09;0.6;0.1;0.81;0.38;75;65;20;10;5;75;63;40;0;0;0;506;22;Y;Y;Y;Y;Y;N;Y
