ID;HOMEID;AWAYID;SEASON;STATUS;ROUNDID;GAME_WEEK;REVISED_GAME_WEEK;HOMEGOALS;AWAYGOALS;HOMEGOALCOUNT;AWAYGOALCOUNT;TOTALGOALCOUNT;TEAM_A_CORNERS;TEAM_B_CORNERS;TOTALCORNERCOUNT;TEAM_A_OFFSIDES;TEAM_B_OFFSIDES;TEAM_A_YELLOW_CARDS;TEAM_B_YELLOW_CARDS;TEAM_A_RED_CARDS;TEAM_B_RED_CARDS;TEAM_A_SHOTSONTARGET;TEAM_B_SHOTSONTARGET;TEAM_A_SHOTSOFFTARGET;TEAM_B_SHOTSOFFTARGET;TEAM_A_SHOTS;TEAM_B_SHOTS;TEAM_A_FOULS;TEAM_B_FOULS;TEAM_A_POSSESSION;TEAM_B_POSSESSION;TEAM_A_CARDS_NUM;TEAM_B_CARDS_NUM;ODDS_FT_1;ODDS_FT_X;ODDS_FT_2;ODDS_FT_OVER05;ODDS_FT_OVER15;ODDS_FT_OVER25;ODDS_FT_OVER35;ODDS_FT_OVER45;ODDS_FT_UNDER05;ODDS_FT_UNDER15;ODDS_FT_UNDER25;ODDS_FT_UNDER35;ODDS_FT_UNDER45;ODDS_BTTS_YES;ODDS_BTTS_NO;ODDS_TEAM_A_CS_YES;ODDS_TEAM_A_CS_NO;ODDS_TEAM_B_CS_YES;ODDS_TEAM_B_CS_NO;ODDS_DOUBLECHANCE_1X;ODDS_DOUBLECHANCE_12;ODDS_DOUBLECHANCE_X2;ODDS_1ST_HALF_RESULT_1;ODDS_1ST_HALF_RESULT_X;ODDS_1ST_HALF_RESULT_2;ODDS_2ND_HALF_RESULT_1;ODDS_2ND_HALF_RESULT_X;ODDS_2ND_HALF_RESULT_2;ODDS_DNB_1;ODDS_DNB_2;ODDS_CORNERS_OVER_75;ODDS_CORNERS_OVER_85;ODDS_CORNERS_OVER_95;ODDS_CORNERS_OVER_105;ODDS_CORNERS_OVER_115;ODDS_CORNERS_UNDER_75;ODDS_CORNERS_UNDER_85;ODDS_CORNERS_UNDER_95;ODDS_CORNERS_UNDER_105;ODDS_CORNERS_UNDER_115;ODDS_CORNERS_1;ODDS_CORNERS_X;ODDS_CORNERS_2;ODDS_TEAM_TO_SCORE_FIRST_1;ODDS_TEAM_TO_SCORE_FIRST_X;ODDS_TEAM_TO_SCORE_FIRST_2;ODDS_WIN_TO_NIL_1;ODDS_WIN_TO_NIL_2;ODDS_1ST_HALF_OVER05;ODDS_1ST_HALF_OVER15;ODDS_1ST_HALF_OVER25;ODDS_1ST_HALF_OVER35;ODDS_1ST_HALF_UNDER05;ODDS_1ST_HALF_UNDER15;ODDS_1ST_HALF_UNDER25;ODDS_1ST_HALF_UNDER35;ODDS_2ND_HALF_OVER05;ODDS_2ND_HALF_OVER15;ODDS_2ND_HALF_OVER25;ODDS_2ND_HALF_OVER35;ODDS_2ND_HALF_UNDER05;ODDS_2ND_HALF_UNDER15;ODDS_2ND_HALF_UNDER25;ODDS_2ND_HALF_UNDER35;ODDS_BTTS_1ST_HALF_YES;ODDS_BTTS_1ST_HALF_NO;ODDS_BTTS_2ND_HALF_YES;ODDS_BTTS_2ND_HALF_NO;OVERALLGOALCOUNT;HT_GOALS_TEAM_A;HT_GOALS_TEAM_B;GOALS_2HG_TEAM_A;GOALS_2HG_TEAM_B;GOALCOUNT_2HG;HTGOALCOUNT;DATE_UNIX;WINNINGTEAM;NO_HOME_AWAY;BTTS_POTENTIAL;BTTS_FHG_POTENTIAL;BTTS_2HG_POTENTIAL;GOALTIMINGDISABLED;CORNER_TIMINGS_RECORDED;CARD_TIMINGS_RECORDED;TEAM_A_FH_CORNERS;TEAM_B_FH_CORNERS;TEAM_A_2H_CORNERS;TEAM_B_2H_CORNERS;CORNER_FH_COUNT;CORNER_2H_COUNT;TEAM_A_FH_CARDS;TEAM_B_FH_CARDS;TEAM_A_2H_CARDS;TEAM_B_2H_CARDS;TOTAL_FH_CARDS;TOTAL_2H_CARDS;ATTACKS_RECORDED;TEAM_A_DANGEROUS_ATTACKS;TEAM_B_DANGEROUS_ATTACKS;TEAM_A_ATTACKS;TEAM_B_ATTACKS;TEAM_A_XG;TEAM_B_XG;TOTAL_XG;TEAM_A_PENALTIES_WON;TEAM_B_PENALTIES_WON;TEAM_A_PENALTY_GOALS;TEAM_B_PENALTY_GOALS;TEAM_A_PENALTY_MISSED;TEAM_B_PENALTY_MISSED;PENS_RECORDED;GOAL_TIMINGS_RECORDED;TEAM_A_0_10_MIN_GOALS;TEAM_B_0_10_MIN_GOALS;TEAM_A_CORNERS_0_10_MIN;TEAM_B_CORNERS_0_10_MIN;TEAM_A_CARDS_0_10_MIN;TEAM_B_CARDS_0_10_MIN;THROWINS_RECORDED;TEAM_A_THROWINS;TEAM_B_THROWINS;FREEKICKS_RECORDED;TEAM_A_FREEKICKS;TEAM_B_FREEKICKS;GOALKICKS_RECORDED;TEAM_A_GOALKICKS;TEAM_B_GOALKICKS;O45_POTENTIAL;O35_POTENTIAL;O25_POTENTIAL;O15_POTENTIAL;O05_POTENTIAL;O15HT_POTENTIAL;O05HT_POTENTIAL;O05_2H_POTENTIAL;O15_2H_POTENTIAL;CORNERS_POTENTIAL;OFFSIDES_POTENTIAL;CARDS_POTENTIAL;AVG_POTENTIAL;HOME_NAME;AWAY_NAME;HOME_PPG;AWAY_PPG;PRE_MATCH_HOME_PPG;PRE_MATCH_AWAY_PPG;PRE_MATCH_TEAMA_OVERALL_PPG;PRE_MATCH_TEAMB_OVERALL_PPG;U45_POTENTIAL;U35_POTENTIAL;U25_POTENTIAL;U15_POTENTIAL;U05_POTENTIAL;CORNERS_O85_POTENTIAL;CORNERS_O95_POTENTIAL;CORNERS_O105_POTENTIAL;TEAM_A_XG_PREMATCH;TEAM_B_XG_PREMATCH;TOTAL_XG_PREMATCH;COMPETITION_ID;MATCHES_COMPLETED_MINIMUM;OVER05;OVER15;OVER25;OVER35;OVER45;OVER55;BTTS
341633;985;6875;2015;complete;2427;1;-1;3,69;53,81;2;2;4;-1;-1;-1;-1;-1;1;4;0;0;-1;-1;-1;-1;-1;-1;-1;-1;-1;-1;1;4;0;0;0;0;0;0;0;0;0;0;0;0;0;0;0;0;0;0;0;0;0;0;0;0;0;0;0;0;0;0;0;0;0;0;0;0;0;0;0;0;0;0;0;0;0;0;0;0;0;0;0;0;0;0;0;0;0;0;0;0;0;0;0;0;0;0;0;0;4;1;0;1;2;3;1;2015-03-01 15:00:00;-1;0;0;0;0;0;-1;1;-1;-1;-1;-1;-1;-1;0;0;1;4;0;5;-1;0;0;0;0;0;0;0;0;0;0;0;0;0;1;1;1;0;-1;-1;0;0;-1;-1;-1;-1;-1;-1;-1;-1;-1;0;0;0;0;0;0;0;0;0;0;0;0;0;HB;AB;1.86;0.93;0;0;0;0;0;0;0;0;0;0;0;0;0;0;0;1155;27;Y;Y;Y;Y;N;N;Y
341634;5415;6879;2015;complete;2427;1;-1;5,7,45,47,52,90;75;6;1;7;-1;-1;-1;-1;-1;2;1;0;0;-1;-1;-1;-1;-1;-1;-1;-1;-1;-1;2;1;0;0;0;0;0;0;0;0;0;0;0;0;0;0;0;0;0;0;0;0;0;0;0;0;0;0;0;0;0;0;0;0;0;0;0;0;0;0;0;0;0;0;0;0;0;0;0;0;0;0;0;0;0;0;0;0;0;0;0;0;0;0;0;0;0;0;0;0;7;3;0;3;1;4;3;2015-03-01 15:00:00;5415;0;0;0;0;0;-1;1;-1;-1;-1;-1;-1;-1;1;0;1;1;1;2;-1;0;0;0;0;0;0;0;0;0;0;0;0;0;1;1;2;0;-1;-1;0;0;-1;-1;-1;-1;-1;-1;-1;-1;-1;0;0;0;0;0;0;0;0;0;0;0;0;0;NSÍ;Suduroy;2.36;0.57;0;0;0;0;0;0;0;0;0;0;0;0;0;0;0;1155;27;Y;Y;Y;Y;Y;Y;Y
341635;1211;6876;2015;complete;2427;1;-1;71,88;13,31;2;2;4;-1;-1;-1;-1;-1;2;5;0;1;-1;-1;-1;-1;-1;-1;-1;-1;-1;-1;2;7;0;0;0;0;0;0;0;0;0;0;0;0;0;0;0;0;0;0;0;0;0;0;0;0;0;0;0;0;0;0;0;0;0;0;0;0;0;0;0;0;0;0;0;0;0;0;0;0;0;0;0;0;0;0;0;0;0;0;0;0;0;0;0;0;0;0;0;0;4;0;2;2;0;2;2;2015-03-01 15:00:00;-1;0;0;0;0;0;-1;1;-1;-1;-1;-1;-1;-1;1;2;1;4;3;5;-1;0;0;0;0;0;0;0;0;0;0;0;0;0;1;1;0;0;-1;-1;0;0;-1;-1;-1;-1;-1;-1;-1;-1;-1;0;0;0;0;0;0;0;0;0;0;0;0;0;Víkingur;ÍF;2.43;0.71;0;0;0;0;0;0;0;0;0;0;0;0;0;0;0;1155;27;Y;Y;Y;Y;N;N;Y
341636;6877;5404;2015;complete;2427;1;-1;83;25;1;1;2;-1;-1;-1;-1;-1;5;2;2;0;-1;-1;-1;-1;-1;-1;-1;-1;-1;-1;8;2;0;0;0;0;0;0;0;0;0;0;0;0;0;0;0;0;0;0;0;0;0;0;0;0;0;0;0;0;0;0;0;0;0;0;0;0;0;0;0;0;0;0;0;0;0;0;0;0;0;0;0;0;0;0;0;0;0;0;0;0;0;0;0;0;0;0;0;0;2;0;1;1;0;1;1;2015-03-01 15:00:00;-1;0;0;0;0;0;-1;1;-1;-1;-1;-1;-1;-1;1;0;6;2;1;8;-1;0;0;0;0;0;0;0;0;0;0;0;0;0;1;1;0;0;-1;-1;0;0;-1;-1;-1;-1;-1;-1;-1;-1;-1;0;0;0;0;0;0;0;0;0;0;0;0;0;TB;KÍ;1.08;0.86;0;0;0;0;0;0;0;0;0;0;0;0;0;0;0;1155;27;Y;Y;N;N;N;N;Y
341637;997;66;2015;complete;2427;1;-1;18;62;1;1;2;-1;-1;-1;-1;-1;3;1;0;1;-1;-1;-1;-1;-1;-1;-1;-1;-1;-1;3;3;0;0;0;0;0;0;0;0;0;0;0;0;0;0;0;0;0;0;0;0;0;0;0;0;0;0;0;0;0;0;0;0;0;0;0;0;0;0;0;0;0;0;0;0;0;0;0;0;0;0;0;0;0;0;0;0;0;0;0;0;0;0;0;0;0;0;0;0;2;1;0;0;1;1;1;2015-03-03 16:15:00;-1;0;0;0;0;0;-1;1;-1;-1;-1;-1;-1;-1;1;1;2;1;2;3;-1;0;0;0;0;0;0;0;0;0;0;0;0;0;1;1;0;0;-1;-1;0;0;-1;-1;-1;-1;-1;-1;-1;-1;-1;0;0;0;0;0;0;0;0;0;0;0;0;0;EB - Streymur;B36;0.53;2.14;0;0;0;0;0;0;0;0;0;0;0;0;0;0;0;1155;27;Y;Y;N;N;N;N;Y
341638;5415;997;2015;complete;2427;2;-1;18,49,50,77,90;41;5;1;6;-1;-1;-1;-1;-1;4;2;0;0;-1;-1;-1;-1;-1;-1;-1;-1;-1;-1;4;2;0;0;0;0;0;0;0;0;0;0;0;0;0;0;0;0;0;0;0;0;0;0;0;0;0;0;0;0;0;0;0;0;0;0;0;0;0;0;0;0;0;0;0;0;0;0;0;0;0;0;0;0;0;0;0;0;0;0;0;0;0;0;0;0;0;0;0;0;6;1;1;4;0;4;2;2015-03-07 15:00:00;5415;0;50;0;50;0;-1;1;-1;-1;-1;-1;-1;-1;1;1;3;1;2;4;-1;0;0;0;0;0;0;0;0;0;0;0;0;0;1;1;0;0;-1;-1;0;0;-1;-1;-1;-1;-1;-1;-1;-1;-1;50;50;50;50;50;50;50;50;50;0;0;2;3.5;NSÍ;EB - Streymur;2.36;0.25;3;0;3;1;0;0;0;0;0;0;0;0;0;0;0;1155;27;Y;Y;Y;Y;Y;Y;Y
341639;6875;6877;2015;complete;2427;2;-1;58;29;1;1;2;-1;-1;-1;-1;-1;1;2;0;0;-1;-1;-1;-1;-1;-1;-1;-1;-1;-1;1;2;0;0;0;0;0;0;0;0;0;0;0;0;0;0;0;0;0;0;0;0;0;0;0;0;0;0;0;0;0;0;0;0;0;0;0;0;0;0;0;0;0;0;0;0;0;0;0;0;0;0;0;0;0;0;0;0;0;0;0;0;0;0;0;0;0;0;0;0;2;0;1;1;0;1;1;2015-03-08 14:00:00;-1;0;0;0;0;0;-1;1;-1;-1;-1;-1;-1;-1;0;0;1;2;0;3;-1;0;0;0;0;0;0;0;0;0;0;0;0;0;1;1;0;0;-1;-1;0;0;-1;-1;-1;-1;-1;-1;-1;-1;-1;0;0;0;0;0;0;0;0;0;0;0;0;0;AB;TB;0.85;0.86;0;0;1;1;0;0;0;0;0;0;0;0;0;0;0;1155;27;Y;Y;N;N;N;N;Y
341640;6876;985;2015;complete;2427;2;-1;23;29;1;1;2;-1;-1;-1;-1;-1;2;1;0;0;-1;-1;-1;-1;-1;-1;-1;-1;-1;-1;2;1;0;0;0;0;0;0;0;0;0;0;0;0;0;0;0;0;0;0;0;0;0;0;0;0;0;0;0;0;0;0;0;0;0;0;0;0;0;0;0;0;0;0;0;0;0;0;0;0;0;0;0;0;0;0;0;0;0;0;0;0;0;0;0;0;0;0;0;0;2;1;1;0;0;0;2;2015-03-08 15:00:00;-1;0;0;0;0;0;-1;1;-1;-1;-1;-1;-1;-1;0;0;2;1;0;3;-1;0;0;0;0;0;0;0;0;0;0;0;0;0;1;1;0;0;-1;-1;0;0;-1;-1;-1;-1;-1;-1;-1;-1;-1;0;0;0;0;0;0;0;0;0;0;0;0;0;ÍF;HB;1.31;1.31;0;0;1;1;0;0;0;0;0;0;0;0;0;0;0;1155;27;Y;Y;N;N;N;N;Y
341641;5404;6879;2015;complete;2427;2;-1;37,70,83;;3;0;3;-1;-1;-1;-1;-1;3;2;0;0;-1;-1;-1;-1;-1;-1;-1;-1;-1;-1;3;2;0;0;0;0;0;0;0;0;0;0;0;0;0;0;0;0;0;0;0;0;0;0;0;0;0;0;0;0;0;0;0;0;0;0;0;0;0;0;0;0;0;0;0;0;0;0;0;0;0;0;0;0;0;0;0;0;0;0;0;0;0;0;0;0;0;0;0;0;3;1;0;2;0;2;1;2015-03-08 15:00:00;5404;0;50;0;50;0;-1;1;-1;-1;-1;-1;-1;-1;0;1;3;1;1;4;-1;0;0;0;0;0;0;0;0;0;0;0;0;0;1;1;0;0;-1;-1;0;0;-1;-1;-1;-1;-1;-1;-1;-1;-1;50;50;50;50;50;50;50;50;50;0;0;1;3.5;KÍ;Suduroy;2.23;0.57;0;0;1;0;0;0;0;0;0;0;0;0;0;0;0;1155;27;Y;Y;Y;N;N;N;N
341642;66;1211;2015;complete;2427;2;-1;20,34,81;3,26,42;3;3;6;-1;-1;-1;-1;-1;1;2;0;0;-1;-1;-1;-1;-1;-1;-1;-1;-1;-1;1;2;0;0;0;0;0;0;0;0;0;0;0;0;0;0;0;0;0;0;0;0;0;0;0;0;0;0;0;0;0;0;0;0;0;0;0;0;0;0;0;0;0;0;0;0;0;0;0;0;0;0;0;0;0;0;0;0;0;0;0;0;0;0;0;0;0;0;0;0;6;2;3;1;0;1;5;2015-03-08 16:15:00;-1;0;0;0;0;0;-1;1;-1;-1;-1;-1;-1;-1;0;1;1;1;1;2;-1;0;0;0;0;0;0;0;0;0;0;0;0;0;1;1;0;1;-1;-1;0;0;-1;-1;-1;-1;-1;-1;-1;-1;-1;0;0;0;0;0;0;0;0;0;0;0;0;0;B36;Víkingur;2.38;1.46;0;0;1;1;0;0;0;0;0;0;0;0;0;0;0;1155;27;Y;Y;Y;Y;Y;Y;Y
341643;6879;6877;2015;complete;2427;3;-1;60;6,80,90;1;3;4;-1;-1;-1;-1;-1;3;4;1;0;-1;-1;-1;-1;-1;-1;-1;-1;-1;-1;5;4;0;0;0;0;0;0;0;0;0;0;0;0;0;0;0;0;0;0;0;0;0;0;0;0;0;0;0;0;0;0;0;0;0;0;0;0;0;0;0;0;0;0;0;0;0;0;0;0;0;0;0;0;0;0;0;0;0;0;0;0;0;0;0;0;0;0;0;0;4;0;1;1;2;3;1;2015-03-14 15:00:00;6877;0;50;0;0;0;-1;1;-1;-1;-1;-1;-1;-1;0;0;4;4;0;8;-1;0;0;0;0;0;0;0;0;0;0;0;0;0;1;1;0;1;-1;-1;0;0;-1;-1;-1;-1;-1;-1;-1;-1;-1;0;0;0;50;50;0;50;50;0;0;0;2;1;Suduroy;TB;1.08;0.86;0;1;0;1;50;50;50;0;0;0;0;0;0;0;0;1155;27;Y;Y;Y;Y;N;N;Y
341644;997;6876;2015;complete;2427;3;-1;59,82;68,79;2;2;4;-1;-1;-1;-1;-1;1;3;0;0;-1;-1;-1;-1;-1;-1;-1;-1;-1;-1;1;3;0;0;0;0;0;0;0;0;0;0;0;0;0;0;0;0;0;0;0;0;0;0;0;0;0;0;0;0;0;0;0;0;0;0;0;0;0;0;0;0;0;0;0;0;0;0;0;0;0;0;0;0;0;0;0;0;0;0;0;0;0;0;0;0;0;0;0;0;4;0;0;2;2;4;0;2015-03-14 16:00:00;-1;0;100;0;0;0;-1;1;-1;-1;-1;-1;-1;-1;1;1;0;2;2;2;-1;0;0;0;0;0;0;0;0;0;0;0;0;0;1;1;0;0;-1;-1;0;0;-1;-1;-1;-1;-1;-1;-1;-1;-1;0;50;50;100;100;50;100;100;50;0;0;10;3;EB - Streymur;ÍF;0.53;0.71;1;1;0.5;1;100;50;50;0;0;0;0;0;0;0;0;1155;27;Y;Y;Y;Y;N;N;Y
341645;66;5415;2015;complete;2427;3;-1;38,58,64;;3;0;3;-1;-1;-1;-1;-1;1;3;0;1;-1;-1;-1;-1;-1;-1;-1;-1;-1;-1;1;4;0;0;0;0;0;0;0;0;0;0;0;0;0;0;0;0;0;0;0;0;0;0;0;0;0;0;0;0;0;0;0;0;0;0;0;0;0;0;0;0;0;0;0;0;0;0;0;0;0;0;0;0;0;0;0;0;0;0;0;0;0;0;0;0;0;0;0;0;3;1;0;2;0;2;1;2015-03-15 14:00:00;66;0;50;50;0;0;-1;1;-1;-1;-1;-1;-1;-1;1;2;0;2;3;2;-1;0;0;0;0;0;0;0;0;0;0;0;0;0;1;1;0;0;-1;-1;1;0;-1;-1;-1;-1;-1;-1;-1;-1;-1;50;50;50;50;50;50;50;50;0;0;0;1;3;B36;NSÍ;2.38;1.62;1;0;1;3;0;0;0;0;0;0;0;0;0;0;0;1155;27;Y;Y;Y;N;N;N;N
341646;5404;985;2015;complete;2427;3;-1;;9,73;0;2;2;-1;-1;-1;-1;-1;2;2;0;0;-1;-1;-1;-1;-1;-1;-1;-1;-1;-1;2;2;0;0;0;0;0;0;0;0;0;0;0;0;0;0;0;0;0;0;0;0;0;0;0;0;0;0;0;0;0;0;0;0;0;0;0;0;0;0;0;0;0;0;0;0;0;0;0;0;0;0;0;0;0;0;0;0;0;0;0;0;0;0;0;0;0;0;0;0;2;0;1;0;1;1;1;2015-03-15 15:00:00;985;0;50;50;0;0;-1;1;-1;-1;-1;-1;-1;-1;1;2;1;0;3;1;-1;0;0;0;0;0;0;0;0;0;0;0;0;0;1;1;0;1;-1;-1;0;0;-1;-1;-1;-1;-1;-1;-1;-1;-1;0;0;50;100;100;50;100;50;50;0;0;4;2.5;KÍ;HB;2.23;1.31;3;1;2;1;100;100;50;0;0;0;0;0;0;0;0;1155;27;Y;Y;N;N;N;N;N
341647;6875;1211;2015;complete;2427;3;-1;;;0;0;0;-1;-1;-1;-1;-1;1;1;0;0;-1;-1;-1;-1;-1;-1;-1;-1;-1;-1;1;1;0;0;0;0;0;0;0;0;0;0;0;0;0;0;0;0;0;0;0;0;0;0;0;0;0;0;0;0;0;0;0;0;0;0;0;0;0;0;0;0;0;0;0;0;0;0;0;0;0;0;0;0;0;0;0;0;0;0;0;0;0;0;0;0;0;0;0;0;0;0;0;0;0;0;0;2015-03-15 16:15:00;-1;0;100;50;0;0;-1;1;-1;-1;-1;-1;-1;-1;1;1;0;0;2;0;-1;0;0;0;0;0;0;0;0;0;0;0;0;0;1;1;0;0;-1;-1;0;0;-1;-1;-1;-1;-1;-1;-1;-1;-1;50;50;50;100;100;50;100;100;0;0;0;3;4;AB;Víkingur;0.85;1.46;1;1;1;1;50;50;50;0;0;0;0;0;0;0;0;1155;27;N;N;N;N;N;N;N
341648;6879;66;2015;complete;2427;4;-1;86;15,26,29;1;3;4;-1;-1;-1;-1;-1;1;1;1;1;-1;-1;-1;-1;-1;-1;-1;-1;-1;-1;2;3;0;0;0;0;0;0;0;0;0;0;0;0;0;0;0;0;0;0;0;0;0;0;0;0;0;0;0;0;0;0;0;0;0;0;0;0;0;0;0;0;0;0;0;0;0;0;0;0;0;0;0;0;0;0;0;0;0;0;0;0;0;0;0;0;0;0;0;0;4;0;3;1;0;1;3;2015-03-21 15:00:00;66;0;100;0;50;0;-1;1;-1;-1;-1;-1;-1;-1;0;0;2;2;0;4;-1;0;0;0;0;0;0;0;0;0;0;0;0;0;1;1;0;0;-1;-1;0;0;-1;-1;-1;-1;-1;-1;-1;-1;-1;0;50;50;100;100;0;100;100;50;0;0;8;3;Suduroy;B36;1.08;2.14;0;1;0;1.67;100;50;50;0;0;0;0;0;0;0;0;1155;27;Y;Y;Y;Y;N;N;Y
341649;997;6875;2015;complete;2427;4;-1;;;0;0;0;-1;-1;-1;-1;-1;0;1;0;0;-1;-1;-1;-1;-1;-1;-1;-1;-1;-1;0;1;0;0;0;0;0;0;0;0;0;0;0;0;0;0;0;0;0;0;0;0;0;0;0;0;0;0;0;0;0;0;0;0;0;0;0;0;0;0;0;0;0;0;0;0;0;0;0;0;0;0;0;0;0;0;0;0;0;0;0;0;0;0;0;0;0;0;0;0;0;0;0;0;0;0;0;2015-03-21 16:00:00;-1;0;100;0;75;0;-1;1;-1;-1;-1;-1;-1;-1;0;1;0;0;1;0;-1;0;0;0;0;0;0;0;0;0;0;0;0;0;1;1;0;0;-1;-1;0;0;-1;-1;-1;-1;-1;-1;-1;-1;-1;0;75;75;100;100;0;75;100;75;0;0;6;3.5;EB - Streymur;AB;0.53;0.93;1;1;0.67;1;100;25;25;0;0;0;0;0;0;0;0;1155;27;N;N;N;N;N;N;N
341650;1211;5404;2015;complete;2427;4;-1;50,65,90;8,34,80;3;3;6;-1;-1;-1;-1;-1;1;4;0;1;-1;-1;-1;-1;-1;-1;-1;-1;-1;-1;1;5;0;0;0;0;0;0;0;0;0;0;0;0;0;0;0;0;0;0;0;0;0;0;0;0;0;0;0;0;0;0;0;0;0;0;0;0;0;0;0;0;0;0;0;0;0;0;0;0;0;0;0;0;0;0;0;0;0;0;0;0;0;0;0;0;0;0;0;0;6;0;2;3;1;4;2;2015-03-22 15:00:00;-1;0;100;0;0;0;-1;1;-1;-1;-1;-1;-1;-1;0;2;1;3;2;4;-1;0;0;0;0;0;0;0;0;0;0;0;0;0;1;1;0;1;-1;-1;0;0;-1;-1;-1;-1;-1;-1;-1;-1;-1;0;50;50;100;100;50;100;100;50;0;0;4;3;Víkingur;KÍ;2.43;0.86;1;1;1;1.33;100;50;50;0;0;0;0;0;0;0;0;1155;27;Y;Y;Y;Y;Y;Y;Y
341651;5415;6876;2015;complete;2427;4;-1;13,23,25;14;3;1;4;-1;-1;-1;-1;-1;0;1;0;0;-1;-1;-1;-1;-1;-1;-1;-1;-1;-1;0;1;0;0;0;0;0;0;0;0;0;0;0;0;0;0;0;0;0;0;0;0;0;0;0;0;0;0;0;0;0;0;0;0;0;0;0;0;0;0;0;0;0;0;0;0;0;0;0;0;0;0;0;0;0;0;0;0;0;0;0;0;0;0;0;0;0;0;0;0;4;3;1;0;0;0;4;2015-03-22 15:00:00;5415;0;100;25;50;0;-1;1;-1;-1;-1;-1;-1;-1;0;0;0;1;0;1;-1;0;0;0;0;0;0;0;0;0;0;0;0;0;1;1;0;0;-1;-1;0;0;-1;-1;-1;-1;-1;-1;-1;-1;-1;50;100;100;100;100;75;75;100;100;0;0;8;5.25;NSÍ;ÍF;2.36;0.71;3;1;2;1;50;0;0;0;0;0;0;0;0;0;0;1155;27;Y;Y;Y;Y;N;N;Y
341652;985;6877;2015;complete;2427;4;-1;;;0;0;0;-1;-1;-1;-1;-1;2;4;0;0;-1;-1;-1;-1;-1;-1;-1;-1;-1;-1;2;4;0;0;0;0;0;0;0;0;0;0;0;0;0;0;0;0;0;0;0;0;0;0;0;0;0;0;0;0;0;0;0;0;0;0;0;0;0;0;0;0;0;0;0;0;0;0;0;0;0;0;0;0;0;0;0;0;0;0;0;0;0;0;0;0;0;0;0;0;0;0;0;0;0;0;0;2015-03-22 16:00:00;-1;0;100;0;75;0;-1;1;-1;-1;-1;-1;-1;-1;0;1;2;3;1;5;-1;0;0;0;0;0;0;0;0;0;0;0;0;0;1;1;0;0;-1;-1;0;0;-1;-1;-1;-1;-1;-1;-1;-1;-1;0;75;75;100;100;0;100;100;75;0;0;4;3.5;HB;TB;1.86;0.86;1;2;1.67;1.67;100;25;25;0;0;0;0;0;0;0;0;1155;27;N;N;N;N;N;N;N
341653;985;997;2015;complete;2427;5;-1;20,29,30,72;64,89;4;2;6;-1;-1;-1;-1;-1;1;2;0;0;-1;-1;-1;-1;-1;-1;-1;-1;-1;-1;1;2;0;0;0;0;0;0;0;0;0;0;0;0;0;0;0;0;0;0;0;0;0;0;0;0;0;0;0;0;0;0;0;0;0;0;0;0;0;0;0;0;0;0;0;0;0;0;0;0;0;0;0;0;0;0;0;0;0;0;0;0;0;0;0;0;0;0;0;0;6;3;0;1;2;3;3;2015-04-02 13:30:00;985;0;75;50;25;0;-1;1;-1;-1;-1;-1;-1;-1;0;0;1;2;0;3;-1;0;0;0;0;0;0;0;1;0;1;0;0;0;1;1;0;0;-1;-1;0;0;-1;-1;-1;-1;-1;-1;-1;-1;-1;50;75;75;75;75;50;75;75;75;0;0;3.5;4;HB;EB - Streymur;1.86;0.25;1;0;1.5;0.75;50;25;25;25;25;0;0;0;0;0;0;1155;27;Y;Y;Y;Y;Y;Y;Y
341654;1211;6879;2015;complete;2427;5;-1;9,49,54,81;;4;0;4;-1;-1;-1;-1;-1;0;2;0;0;-1;-1;-1;-1;-1;-1;-1;-1;-1;-1;0;2;0;0;0;0;0;0;0;0;0;0;0;0;0;0;0;0;0;0;0;0;0;0;0;0;0;0;0;0;0;0;0;0;0;0;0;0;0;0;0;0;0;0;0;0;0;0;0;0;0;0;0;0;0;0;0;0;0;0;0;0;0;0;0;0;0;0;0;0;4;1;0;3;0;3;1;2015-04-02 14:00:00;1211;0;75;0;50;0;-1;1;-1;-1;-1;-1;-1;-1;0;1;0;1;1;1;-1;0;0;0;0;0;0;0;0;0;0;0;0;0;1;1;1;0;-1;-1;0;0;-1;-1;-1;-1;-1;-1;-1;-1;-1;50;75;100;100;100;75;100;100;100;0;0;3;5;Víkingur;Suduroy;2.43;0.57;1;0;1;0;50;25;0;0;0;0;0;0;0;0;0;1155;27;Y;Y;Y;Y;N;N;N
341655;6877;5415;2015;complete;2427;5;-1;45,62;3,15,29;2;3;5;-1;-1;-1;-1;-1;2;2;0;0;-1;-1;-1;-1;-1;-1;-1;-1;-1;-1;2;2;0;0;0;0;0;0;0;0;0;0;0;0;0;0;0;0;0;0;0;0;0;0;0;0;0;0;0;0;0;0;0;0;0;0;0;0;0;0;0;0;0;0;0;0;0;0;0;0;0;0;0;0;0;0;0;0;0;0;0;0;0;0;0;0;0;0;0;0;5;1;3;1;0;1;4;2015-04-02 14:00:00;5415;0;50;0;0;0;-1;1;-1;-1;-1;-1;-1;-1;2;1;0;1;3;1;-1;0;0;0;0;0;0;0;0;0;0;0;0;0;1;1;0;1;-1;-1;0;0;-1;-1;-1;-1;-1;-1;-1;-1;-1;0;0;50;100;100;0;100;100;50;0;0;12;2.5;TB;NSÍ;1.08;1.62;1;0;1.5;2.25;100;100;50;0;0;0;0;0;0;0;0;1155;27;Y;Y;Y;Y;Y;N;Y
341656;6875;6876;2015;complete;2427;5;-1;31;50;1;1;2;-1;-1;-1;-1;-1;1;5;0;0;-1;-1;-1;-1;-1;-1;-1;-1;-1;-1;1;5;0;0;0;0;0;0;0;0;0;0;0;0;0;0;0;0;0;0;0;0;0;0;0;0;0;0;0;0;0;0;0;0;0;0;0;0;0;0;0;0;0;0;0;0;0;0;0;0;0;0;0;0;0;0;0;0;0;0;0;0;0;0;0;0;0;0;0;0;2;1;0;0;1;1;1;2015-04-02 16:00:00;-1;0;75;17;17;0;-1;1;-1;-1;-1;-1;-1;-1;0;0;1;5;0;6;-1;0;0;0;0;0;0;0;0;0;0;0;0;0;1;1;0;0;-1;-1;0;0;-1;-1;-1;-1;-1;-1;-1;-1;-1;0;50;50;75;75;34;59;59;34;0;0;4.67;2.5;AB;ÍF;0.85;0.71;1;0.67;1;0.75;100;50;50;25;25;0;0;0;0;0;0;1155;27;Y;Y;N;N;N;N;Y
341657;66;5404;2015;complete;2427;5;-1;45;;1;0;1;-1;-1;-1;-1;-1;1;2;0;0;-1;-1;-1;-1;-1;-1;-1;-1;-1;-1;1;2;0;0;0;0;0;0;0;0;0;0;0;0;0;0;0;0;0;0;0;0;0;0;0;0;0;0;0;0;0;0;0;0;0;0;0;0;0;0;0;0;0;0;0;0;0;0;0;0;0;0;0;0;0;0;0;0;0;0;0;0;0;0;0;0;0;0;0;0;1;1;0;0;0;0;1;2015-04-02 16:15:00;66;0;75;25;25;0;-1;1;-1;-1;-1;-1;-1;-1;0;1;1;1;1;2;-1;0;0;0;0;0;0;0;0;0;0;0;0;0;1;1;0;0;-1;-1;0;0;-1;-1;-1;-1;-1;-1;-1;-1;-1;50;50;75;100;100;50;100;100;50;0;0;4.5;4.25;B36;KÍ;2.38;0.86;2;1;2;1.25;50;50;25;0;0;0;0;0;0;0;0;1155;27;Y;N;N;N;N;N;N
341658;6879;6875;2015;complete;2427;6;-1;4,13,90;31;3;1;4;-1;-1;-1;-1;-1;2;2;0;0;-1;-1;-1;-1;-1;-1;-1;-1;-1;-1;2;2;0;0;0;0;0;0;0;0;0;0;0;0;0;0;0;0;0;0;0;0;0;0;0;0;0;0;0;0;0;0;0;0;0;0;0;0;0;0;0;0;0;0;0;0;0;0;0;0;0;0;0;0;0;0;0;0;0;0;0;0;0;0;0;0;0;0;0;0;4;2;1;1;0;1;3;2015-04-11 14:00:00;6879;0;75;0;50;0;-1;1;-1;-1;-1;-1;-1;-1;0;0;2;2;0;4;-1;0;0;0;0;0;0;0;0;0;0;0;0;0;1;1;1;0;-1;-1;0;0;-1;-1;-1;-1;-1;-1;-1;-1;-1;0;75;75;75;75;25;75;75;50;0;0;6;3;Suduroy;AB;1.08;0.93;0;1;0;1;100;25;25;25;25;0;0;0;0;0;0;1155;27;Y;Y;Y;Y;N;N;Y
341659;66;6877;2015;complete;2427;6;-1;71,85,89;;3;0;3;-1;-1;-1;-1;-1;1;1;0;1;-1;-1;-1;-1;-1;-1;-1;-1;-1;-1;1;2;0;0;0;0;0;0;0;0;0;0;0;0;0;0;0;0;0;0;0;0;0;0;0;0;0;0;0;0;0;0;0;0;0;0;0;0;0;0;0;0;0;0;0;0;0;0;0;0;0;0;0;0;0;0;0;0;0;0;0;0;0;0;0;0;0;0;0;0;3;0;0;3;0;3;0;2015-04-12 14:00:00;66;0;50;17;17;0;-1;1;-1;-1;-1;-1;-1;-1;1;2;0;0;3;0;-1;0;0;0;0;0;0;0;0;0;0;0;0;0;1;1;0;0;-1;-1;0;0;-1;-1;-1;-1;-1;-1;-1;-1;-1;17;33;50;67;84;17;84;67;33;0;0;4.33;2.67;B36;TB;2.38;0.86;2.33;1.67;2.2;1.2;84;67;50;33;17;0;0;0;0;0;0;1155;27;Y;Y;Y;N;N;N;N
341660;5415;985;2015;complete;2427;6;-1;72,88;;2;0;2;-1;-1;-1;-1;-1;2;3;0;0;-1;-1;-1;-1;-1;-1;-1;-1;-1;-1;2;3;0;0;0;0;0;0;0;0;0;0;0;0;0;0;0;0;0;0;0;0;0;0;0;0;0;0;0;0;0;0;0;0;0;0;0;0;0;0;0;0;0;0;0;0;0;0;0;0;0;0;0;0;0;0;0;0;0;0;0;0;0;0;0;0;0;0;0;0;2;0;0;2;0;2;0;2015-04-12 14:00:00;5415;0;75;59;17;0;-1;1;-1;-1;-1;-1;-1;-1;1;2;1;1;3;2;-1;0;0;0;0;0;0;0;0;0;0;0;0;0;1;1;0;0;-1;-1;0;0;-1;-1;-1;-1;-1;-1;-1;-1;-1;34;50;50;100;100;75;100;59;34;0;0;3.5;3.84;NSÍ;HB;2.36;1.31;3;2;2.4;1.8;67;50;50;0;0;0;0;0;0;0;0;1155;27;Y;Y;N;N;N;N;N
341661;6876;5404;2015;complete;2427;6;-1;14,68,88;11;3;1;4;-1;-1;-1;-1;-1;2;1;2;0;-1;-1;-1;-1;-1;-1;-1;-1;-1;-1;5;1;0;0;0;0;0;0;0;0;0;0;0;0;0;0;0;0;0;0;0;0;0;0;0;0;0;0;0;0;0;0;0;0;0;0;0;0;0;0;0;0;0;0;0;0;0;0;0;0;0;0;0;0;0;0;0;0;0;0;0;0;0;0;0;0;0;0;0;0;4;1;1;2;0;2;2;2015-04-12 14:00:00;6876;0;84;50;17;0;-1;1;-1;-1;-1;-1;-1;-1;1;0;3;1;1;4;-1;0;0;0;0;0;0;0;1;0;1;0;0;0;1;1;0;0;-1;-1;0;0;-1;-1;-1;-1;-1;-1;-1;-1;-1;17;17;17;84;100;67;100;34;17;0;0;5;2.5;ÍF;KÍ;1.31;0.86;1;0.67;0.8;1;84;84;84;17;0;0;0;0;0;0;0;1155;27;Y;Y;Y;Y;N;N;Y
341662;997;1211;2015;complete;2427;6;-1;89;8,70;1;2;3;-1;-1;-1;-1;-1;1;1;0;0;-1;-1;-1;-1;-1;-1;-1;-1;-1;-1;1;1;0;0;0;0;0;0;0;0;0;0;0;0;0;0;0;0;0;0;0;0;0;0;0;0;0;0;0;0;0;0;0;0;0;0;0;0;0;0;0;0;0;0;0;0;0;0;0;0;0;0;0;0;0;0;0;0;0;0;0;0;0;0;0;0;0;0;0;0;3;0;1;1;1;2;1;2015-04-12 15:00:00;1211;0;59;25;17;0;-1;1;-1;-1;-1;-1;-1;-1;1;1;0;0;2;0;-1;0;0;0;0;0;0;0;0;0;0;0;0;0;1;1;0;1;-1;-1;0;0;-1;-1;-1;-1;-1;-1;-1;-1;-1;25;42;42;59;59;25;42;59;17;0;0;2.83;2.5;EB - Streymur;Víkingur;0.53;1.46;1;1;0.6;1.4;75;59;59;42;42;0;0;0;0;0;0;1155;27;Y;Y;Y;N;N;N;Y
341663;6879;985;2015;complete;2427;7;-1;7;39,90;1;2;3;-1;-1;-1;-1;-1;2;1;0;0;-1;-1;-1;-1;-1;-1;-1;-1;-1;-1;2;1;0;0;0;0;0;0;0;0;0;0;0;0;0;0;0;0;0;0;0;0;0;0;0;0;0;0;0;0;0;0;0;0;0;0;0;0;0;0;0;0;0;0;0;0;0;0;0;0;0;0;0;0;0;0;0;0;0;0;0;0;0;0;0;0;0;0;0;0;3;1;1;0;1;1;2;2015-04-18 14:00:00;985;0;67;33;17;0;-1;1;-1;-1;-1;-1;-1;-1;2;0;0;1;2;1;-1;0;0;0;0;0;0;0;0;1;0;1;0;0;1;1;1;0;-1;-1;0;0;-1;-1;-1;-1;-1;-1;-1;-1;-1;0;50;50;100;100;50;84;84;33;0;0;5;3;Suduroy;HB;1.08;1.31;1;1.33;0.5;1.5;100;50;50;0;0;0;0;0;0;0;0;1155;27;Y;Y;Y;N;N;N;Y
341664;5415;6875;2015;complete;2427;7;-1;12,77;53;2;1;3;-1;-1;-1;-1;-1;4;3;0;1;-1;-1;-1;-1;-1;-1;-1;-1;-1;-1;4;4;0;0;0;0;0;0;0;0;0;0;0;0;0;0;0;0;0;0;0;0;0;0;0;0;0;0;0;0;0;0;0;0;0;0;0;0;0;0;0;0;0;0;0;0;0;0;0;0;0;0;0;0;0;0;0;0;0;0;0;0;0;0;0;0;0;0;0;0;3;1;0;1;1;2;1;2015-04-18 17:00:00;5415;0;71;42;29;0;-1;1;-1;-1;-1;-1;-1;-1;2;3;2;1;5;3;-1;0;0;0;0;0;0;0;0;0;0;0;0;0;1;1;0;0;-1;-1;0;1;-1;-1;-1;-1;-1;-1;-1;-1;-1;25;71;71;84;84;54;71;71;54;0;0;4.33;3.71;NSÍ;AB;2.36;0.93;3;0.67;2.5;0.83;75;29;29;17;17;0;0;0;0;0;0;1155;27;Y;Y;Y;N;N;N;Y
341665;6877;1211;2015;complete;2427;7;-1;34,60;13,90;2;2;4;-1;-1;-1;-1;-1;3;1;0;0;-1;-1;-1;-1;-1;-1;-1;-1;-1;-1;3;1;0;0;0;0;0;0;0;0;0;0;0;0;0;0;0;0;0;0;0;0;0;0;0;0;0;0;0;0;0;0;0;0;0;0;0;0;0;0;0;0;0;0;0;0;0;0;0;0;0;0;0;0;0;0;0;0;0;0;0;0;0;0;0;0;0;0;0;0;4;1;1;1;1;2;2;2015-04-19 14:00:00;-1;0;84;42;17;0;-1;1;-1;-1;-1;-1;-1;-1;0;0;3;1;0;4;-1;0;0;0;0;0;0;0;0;0;0;0;0;0;1;1;0;0;-1;-1;0;0;-1;-1;-1;-1;-1;-1;-1;-1;-1;42;42;59;84;84;42;84;84;17;0;0;6.33;3.25;TB;Víkingur;1.08;1.46;0.5;1.67;1;1.67;59;59;42;17;17;0;0;0;0;0;0;1155;27;Y;Y;Y;Y;N;N;Y
341666;6876;66;2015;complete;2427;7;-1;61,78,82;74;3;1;4;-1;-1;-1;-1;-1;4;0;0;0;-1;-1;-1;-1;-1;-1;-1;-1;-1;-1;4;0;0;0;0;0;0;0;0;0;0;0;0;0;0;0;0;0;0;0;0;0;0;0;0;0;0;0;0;0;0;0;0;0;0;0;0;0;0;0;0;0;0;0;0;0;0;0;0;0;0;0;0;0;0;0;0;0;0;0;0;0;0;0;0;0;0;0;0;0;4;0;0;3;1;4;0;2015-04-19 14:00:00;6876;0;100;50;0;0;-1;1;-1;-1;-1;-1;-1;-1;2;0;2;0;2;2;-1;0;0;0;0;0;0;0;0;0;0;0;0;0;1;1;0;0;-1;-1;0;0;-1;-1;-1;-1;-1;-1;-1;-1;-1;0;50;50;100;100;75;100;75;25;0;0;6.5;3;ÍF;B36;1.31;2.14;2;2;1.17;2.33;100;50;50;0;0;0;0;0;0;0;0;1155;27;Y;Y;Y;Y;N;N;Y
341667;5404;997;2015;complete;2427;7;-1;21,48,50,90;;4;0;4;-1;-1;-1;-1;-1;1;3;0;0;-1;-1;-1;-1;-1;-1;-1;-1;-1;-1;1;3;0;0;0;0;0;0;0;0;0;0;0;0;0;0;0;0;0;0;0;0;0;0;0;0;0;0;0;0;0;0;0;0;0;0;0;0;0;0;0;0;0;0;0;0;0;0;0;0;0;0;0;0;0;0;0;0;0;0;0;0;0;0;0;0;0;0;0;0;4;1;0;3;0;3;1;2015-04-19 14:00:00;5404;0;50;25;25;0;-1;1;-1;-1;-1;-1;-1;-1;0;1;1;2;1;3;-1;0;0;0;0;0;0;0;0;0;0;0;0;0;1;1;0;0;-1;-1;0;0;-1;-1;-1;-1;-1;-1;-1;-1;-1;50;50;75;100;100;50;100;100;75;0;0;4.5;4.25;KÍ;EB - Streymur;2.23;0.25;1.5;0;0.83;0.5;50;50;25;0;0;0;0;0;0;0;0;1155;27;Y;Y;Y;Y;N;N;N
341668;6879;997;2015;complete;2427;8;-1;26,44;32;2;1;3;-1;-1;-1;-1;-1;3;2;0;0;-1;-1;-1;-1;-1;-1;-1;-1;-1;-1;3;2;0;0;0;0;0;0;0;0;0;0;0;0;0;0;0;0;0;0;0;0;0;0;0;0;0;0;0;0;0;0;0;0;0;0;0;0;0;0;0;0;0;0;0;0;0;0;0;0;0;0;0;0;0;0;0;0;0;0;0;0;0;0;0;0;0;0;0;0;3;2;1;0;0;0;3;2015-04-26 13:30:00;6879;0;84;42;29;0;-1;1;-1;-1;-1;-1;-1;-1;1;2;2;0;3;2;-1;0;0;0;0;0;0;0;0;1;0;1;0;0;1;1;0;0;-1;-1;0;1;-1;-1;-1;-1;-1;-1;-1;-1;-1;34;88;100;100;100;71;100;100;63;0;0;5.08;4.54;Suduroy;EB - Streymur;1.08;0.25;0.75;0;0.43;0.43;67;13;0;0;0;0;0;0;0;0;0;1155;27;Y;Y;Y;N;N;N;Y
341669;985;66;2015;complete;2427;8;-1;85;30,45,72;1;3;4;-1;-1;-1;-1;-1;3;2;0;0;-1;-1;-1;-1;-1;-1;-1;-1;-1;-1;3;2;0;0;0;0;0;0;0;0;0;0;0;0;0;0;0;0;0;0;0;0;0;0;0;0;0;0;0;0;0;0;0;0;0;0;0;0;0;0;0;0;0;0;0;0;0;0;0;0;0;0;0;0;0;0;0;0;0;0;0;0;0;0;0;0;0;0;0;0;4;0;2;1;1;2;2;2015-04-26 14:00:00;66;0;84;0;50;0;-1;1;-1;-1;-1;-1;-1;-1;1;1;2;1;2;3;-1;0;0;0;0;0;0;0;0;0;0;0;0;0;1;1;0;0;-1;-1;1;0;-1;-1;-1;-1;-1;-1;-1;-1;-1;17;67;67;84;84;33;67;84;50;0;0;3.33;3.33;HB;B36;1.86;2.14;1.67;1.33;1.71;2;84;33;33;17;17;0;0;0;0;0;0;1155;27;Y;Y;Y;Y;N;N;Y
341670;5404;6875;2015;complete;2427;8;-1;41,78;63;2;1;3;-1;-1;-1;-1;-1;3;1;0;0;-1;-1;-1;-1;-1;-1;-1;-1;-1;-1;3;1;0;0;0;0;0;0;0;0;0;0;0;0;0;0;0;0;0;0;0;0;0;0;0;0;0;0;0;0;0;0;0;0;0;0;0;0;0;0;0;0;0;0;0;0;0;0;0;0;0;0;0;0;0;0;0;0;0;0;0;0;0;0;0;0;0;0;0;0;3;1;0;1;1;2;1;2015-04-26 14:00:00;5404;0;38;13;25;0;-1;1;-1;-1;-1;-1;-1;-1;1;0;2;1;1;3;-1;0;0;0;0;0;0;0;0;1;0;1;0;0;1;1;0;0;-1;-1;0;0;-1;-1;-1;-1;-1;-1;-1;-1;-1;0;42;71;88;88;13;88;88;59;0;0;4.75;2.88;KÍ;AB;2.23;0.93;2;0.5;1.14;0.71;100;59;29;13;13;0;0;0;0;0;0;1155;27;Y;Y;Y;N;N;N;Y
341671;6877;6876;2015;complete;2427;8;-1;32;14;1;1;2;-1;-1;-1;-1;-1;0;0;1;0;-1;-1;-1;-1;-1;-1;-1;-1;-1;-1;2;0;0;0;0;0;0;0;0;0;0;0;0;0;0;0;0;0;0;0;0;0;0;0;0;0;0;0;0;0;0;0;0;0;0;0;0;0;0;0;0;0;0;0;0;0;0;0;0;0;0;0;0;0;0;0;0;0;0;0;0;0;0;0;0;0;0;0;0;0;2;1;1;0;0;0;2;2015-04-26 14:00:00;-1;0;100;46;29;0;-1;1;-1;-1;-1;-1;-1;-1;1;0;0;0;1;0;-1;0;0;0;0;0;0;0;0;0;0;0;0;0;1;1;0;0;-1;-1;0;0;-1;-1;-1;-1;-1;-1;-1;-1;-1;17;71;71;100;100;59;88;88;42;0;0;8.33;3.59;TB;ÍF;1.08;0.71;0.67;0.75;1;1.43;84;29;29;0;0;0;0;0;0;0;0;1155;27;Y;Y;N;N;N;N;Y
341672;1211;5415;2015;complete;2427;8;-1;44,45,66,76,80;19;5;1;6;-1;-1;-1;-1;-1;1;2;0;0;-1;-1;-1;-1;-1;-1;-1;-1;-1;-1;1;2;0;0;0;0;0;0;0;0;0;0;0;0;0;0;0;0;0;0;0;0;0;0;0;0;0;0;0;0;0;0;0;0;0;0;0;0;0;0;0;0;0;0;0;0;0;0;0;0;0;0;0;0;0;0;0;0;0;0;0;0;0;0;0;0;0;0;0;0;6;2;1;3;0;3;3;2015-04-26 14:00:00;1211;0;59;25;17;0;-1;1;-1;-1;-1;-1;-1;-1;0;1;1;1;1;2;-1;0;0;0;0;0;0;0;0;0;0;0;0;0;1;1;0;0;-1;-1;0;0;-1;-1;-1;-1;-1;-1;-1;-1;-1;42;75;100;100;100;59;100;100;75;0;0;4;4.34;Víkingur;NSÍ;2.43;1.62;1.67;1.5;1.57;2.57;59;25;0;0;0;0;0;0;0;0;0;1155;27;Y;Y;Y;Y;Y;Y;Y
341673;66;6875;2015;complete;2427;9;-1;56;90;1;1;2;-1;-1;-1;-1;-1;6;3;0;0;-1;-1;-1;-1;-1;-1;-1;-1;-1;-1;6;3;0;0;0;0;0;0;0;0;0;0;0;0;0;0;0;0;0;0;0;0;0;0;0;0;0;0;0;0;0;0;0;0;0;0;0;0;0;0;0;0;0;0;0;0;0;0;0;0;0;0;0;0;0;0;0;0;0;0;0;0;0;0;0;0;0;0;0;0;2;0;0;1;1;2;0;2015-05-03 14:00:00;-1;0;53;23;30;0;-1;1;-1;-1;-1;-1;-1;-1;0;0;6;3;0;9;-1;0;0;0;0;0;0;0;0;1;0;1;0;0;1;1;0;0;-1;-1;0;0;-1;-1;-1;-1;-1;-1;-1;-1;-1;13;33;78;78;90;23;78;78;55;0;0;3.4;3.03;B36;AB;2.38;0.93;2.5;0.4;2.13;0.63;88;68;23;23;10;0;0;0;0;0;0;1155;27;Y;Y;N;N;N;N;Y
341674;997;6877;2015;complete;2427;9;-1;;14,63,76;0;3;3;-1;-1;-1;-1;-1;1;3;0;0;-1;-1;-1;-1;-1;-1;-1;-1;-1;-1;1;3;0;0;0;0;0;0;0;0;0;0;0;0;0;0;0;0;0;0;0;0;0;0;0;0;0;0;0;0;0;0;0;0;0;0;0;0;0;0;0;0;0;0;0;0;0;0;0;0;0;0;0;0;0;0;0;0;0;0;0;0;0;0;0;0;0;0;0;0;3;0;1;0;2;2;1;2015-05-03 14:00:00;6877;0;63;0;38;0;-1;1;-1;-1;-1;-1;-1;-1;0;3;1;0;3;1;-1;0;0;0;0;0;0;0;0;0;0;0;0;0;1;1;0;0;-1;-1;0;1;-1;-1;-1;-1;-1;-1;-1;-1;-1;0;25;50;75;75;0;50;75;50;0;0;4.25;2.25;EB - Streymur;TB;0.53;0.86;0.75;1.25;0.38;1;100;75;50;25;25;0;0;0;0;0;0;1155;27;Y;Y;Y;N;N;N;N
341675;6876;6879;2015;complete;2427;9;-1;5,57;17,25,70;2;3;5;-1;-1;-1;-1;-1;1;0;0;0;-1;-1;-1;-1;-1;-1;-1;-1;-1;-1;1;0;0;0;0;0;0;0;0;0;0;0;0;0;0;0;0;0;0;0;0;0;0;0;0;0;0;0;0;0;0;0;0;0;0;0;0;0;0;0;0;0;0;0;0;0;0;0;0;0;0;0;0;0;0;0;0;0;0;0;0;0;0;0;0;0;0;0;0;0;5;1;2;1;1;2;3;2015-05-03 14:00:00;6879;0;67;34;33;0;-1;1;-1;-1;-1;-1;-1;-1;1;0;0;0;1;0;-1;0;0;0;0;0;0;0;0;0;0;0;0;0;1;1;1;0;-1;-1;0;0;-1;-1;-1;-1;-1;-1;-1;-1;-1;17;67;84;100;100;50;84;84;84;0;0;5.34;4;ÍF;Suduroy;1.31;0.57;2.33;0;1.38;0.75;84;33;17;0;0;0;0;0;0;0;0;1155;27;Y;Y;Y;Y;Y;N;Y
341676;5415;5404;2015;complete;2427;9;-1;42,65,73;;3;0;3;-1;-1;-1;-1;-1;1;1;0;0;-1;-1;-1;-1;-1;-1;-1;-1;-1;-1;1;1;0;0;0;0;0;0;0;0;0;0;0;0;0;0;0;0;0;0;0;0;0;0;0;0;0;0;0;0;0;0;0;0;0;0;0;0;0;0;0;0;0;0;0;0;0;0;0;0;0;0;0;0;0;0;0;0;0;0;0;0;0;0;0;0;0;0;0;0;3;1;0;2;0;2;1;2015-05-03 14:00:00;5415;0;78;33;33;0;-1;1;-1;-1;-1;-1;-1;-1;0;0;1;1;0;2;-1;0;0;0;0;0;0;0;0;0;0;0;0;0;1;1;0;0;-1;-1;0;0;-1;-1;-1;-1;-1;-1;-1;-1;-1;33;55;65;88;100;55;90;78;65;0;0;4.9;3.83;NSÍ;KÍ;2.36;0.86;3;0.5;2.25;1.38;68;45;35;13;0;0;0;0;0;0;0;1155;27;Y;Y;Y;N;N;N;N
341677;985;1211;2015;complete;2427;9;-1;42,87;60;2;1;3;-1;-1;-1;-1;-1;4;1;0;1;-1;-1;-1;-1;-1;-1;-1;-1;-1;-1;4;3;0;0;0;0;0;0;0;0;0;0;0;0;0;0;0;0;0;0;0;0;0;0;0;0;0;0;0;0;0;0;0;0;0;0;0;0;0;0;0;0;0;0;0;0;0;0;0;0;0;0;0;0;0;0;0;0;0;0;0;0;0;0;0;0;0;0;0;0;3;1;0;1;1;2;1;2015-05-03 16:00:00;985;0;75;25;63;0;-1;1;-1;-1;-1;-1;-1;-1;1;0;3;2;1;5;-1;0;0;0;0;0;0;0;0;0;0;0;0;0;1;1;0;0;-1;-1;0;0;-1;-1;-1;-1;-1;-1;-1;-1;-1;25;63;75;75;75;50;75;75;63;0;0;3;3.38;HB;Víkingur;1.86;1.46;1.25;1.5;1.5;1.75;75;38;25;25;25;0;0;0;0;0;0;1155;27;Y;Y;Y;N;N;N;Y
341678;6876;5415;2015;complete;2427;10;-1;;72,79,90;0;3;3;-1;-1;-1;-1;-1;2;3;0;0;-1;-1;-1;-1;-1;-1;-1;-1;-1;-1;2;3;0;0;0;0;0;0;0;0;0;0;0;0;0;0;0;0;0;0;0;0;0;0;0;0;0;0;0;0;0;0;0;0;0;0;0;0;0;0;0;0;0;0;0;0;0;0;0;0;0;0;0;0;0;0;0;0;0;0;0;0;0;0;0;0;0;0;0;0;3;0;0;0;3;3;0;2015-05-08 18:00:00;5415;0;84;71;25;0;-1;1;-1;-1;-1;-1;-1;-1;0;2;2;1;2;3;-1;0;0;0;0;0;0;0;0;0;0;0;0;0;1;1;0;0;-1;-1;0;1;-1;-1;-1;-1;-1;-1;-1;-1;-1;46;71;88;100;100;71;88;88;71;0;0;5.67;4.21;ÍF;NSÍ;1.31;1.62;1.75;1;1.22;2.33;54;29;13;0;0;0;0;0;0;0;0;1155;27;Y;Y;Y;N;N;N;N
341679;6879;66;2015;complete;2427;10;-1;56;10,24,90;1;3;4;-1;-1;-1;-1;-1;2;2;0;0;-1;-1;-1;-1;-1;-1;-1;-1;-1;-1;2;2;0;0;0;0;0;0;0;0;0;0;0;0;0;0;0;0;0;0;0;0;0;0;0;0;0;0;0;0;0;0;0;0;0;0;0;0;0;0;0;0;0;0;0;0;0;0;0;0;0;0;0;0;0;0;0;0;0;0;0;0;0;0;0;0;0;0;0;0;4;0;2;1;1;2;2;2015-05-09 14:00:00;66;0;100;30;35;0;-1;1;-1;-1;-1;-1;-1;-1;1;0;1;2;1;3;-1;0;0;0;0;0;0;0;0;0;0;0;0;0;1;1;0;1;-1;-1;0;0;-1;-1;-1;-1;-1;-1;-1;-1;-1;0;68;88;100;100;65;88;90;35;0;0;4.8;3.55;Suduroy;B36;1.08;2.14;1.2;1.75;1;2;100;33;13;0;0;0;0;0;0;0;0;1155;27;Y;Y;Y;Y;N;N;Y
341680;5404;1211;2015;complete;2427;10;-1;23,29,83;5,90;3;2;5;-1;-1;-1;-1;-1;4;3;1;1;-1;-1;-1;-1;-1;-1;-1;-1;-1;-1;5;4;0;0;0;0;0;0;0;0;0;0;0;0;0;0;0;0;0;0;0;0;0;0;0;0;0;0;0;0;0;0;0;0;0;0;0;0;0;0;0;0;0;0;0;0;0;0;0;0;0;0;0;0;0;0;0;0;0;0;0;0;0;0;0;0;0;0;0;0;5;2;1;1;1;2;3;2015-05-10 14:00:00;5404;0;53;20;43;0;-1;1;-1;-1;-1;-1;-1;-1;0;0;5;4;0;9;-1;0;0;0;0;0;0;0;1;0;1;0;0;0;1;1;0;1;-1;-1;0;0;-1;-1;-1;-1;-1;-1;-1;-1;-1;10;33;78;90;90;20;90;90;68;0;0;3.85;3.1;KÍ;Víkingur;2.23;1.46;2.25;1.2;1.22;1.56;90;68;23;10;10;0;0;0;0;0;0;1155;27;Y;Y;Y;Y;Y;N;Y
341681;6877;985;2015;complete;2427;10;-1;64;57;1;1;2;-1;-1;-1;-1;-1;2;2;0;0;-1;-1;-1;-1;-1;-1;-1;-1;-1;-1;2;2;0;0;0;0;0;0;0;0;0;0;0;0;0;0;0;0;0;0;0;0;0;0;0;0;0;0;0;0;0;0;0;0;0;0;0;0;0;0;0;0;0;0;0;0;0;0;0;0;0;0;0;0;0;0;0;0;0;0;0;0;0;0;0;0;0;0;0;0;2;0;0;1;1;2;0;2015-05-10 14:00:00;-1;0;75;63;13;0;-1;1;-1;-1;-1;-1;-1;-1;0;1;2;1;1;3;-1;0;0;0;0;0;0;0;0;0;0;0;0;0;1;1;0;0;-1;-1;0;0;-1;-1;-1;-1;-1;-1;-1;-1;-1;13;25;38;100;100;63;88;75;25;0;0;5.5;2.75;TB;HB;1.08;1.31;0.75;1.75;1.22;1.67;88;75;63;0;0;0;0;0;0;0;0;1155;27;Y;Y;N;N;N;N;Y
341682;6875;997;2015;complete;2427;10;-1;76;15,78;1;2;3;-1;-1;-1;-1;-1;3;4;0;0;-1;-1;-1;-1;-1;-1;-1;-1;-1;-1;3;4;0;0;0;0;0;0;0;0;0;0;0;0;0;0;0;0;0;0;0;0;0;0;0;0;0;0;0;0;0;0;0;0;0;0;0;0;0;0;0;0;0;0;0;0;0;0;0;0;0;0;0;0;0;0;0;0;0;0;0;0;0;0;0;0;0;0;0;0;3;0;1;1;1;2;1;2015-05-10 14:00:00;997;0;71;25;13;0;-1;1;-1;-1;-1;-1;-1;-1;1;1;2;3;2;5;-1;0;0;0;0;0;0;0;0;0;0;0;0;0;1;1;0;0;-1;-1;0;0;-1;-1;-1;-1;-1;-1;-1;-1;-1;25;38;50;84;84;38;84;71;38;0;0;3.25;3.04;AB;EB - Streymur;0.85;0.25;1;0;0.67;0.33;75;63;50;17;17;0;0;0;0;0;0;1155;27;Y;Y;Y;N;N;N;Y
341683;5415;66;2015;complete;2427;11;-1;10,77;18,48;2;2;4;-1;-1;-1;-1;-1;1;5;1;1;-1;-1;-1;-1;-1;-1;-1;-1;-1;-1;2;6;0;0;0;0;0;0;0;0;0;0;0;0;0;0;0;0;0;0;0;0;0;0;0;0;0;0;0;0;0;0;0;0;0;0;0;0;0;0;0;0;0;0;0;0;0;0;0;0;0;0;0;0;0;0;0;0;0;0;0;0;0;0;0;0;0;0;0;0;4;1;1;1;1;2;2;2015-05-14 14:00:00;-1;0;84;17;47;0;-1;1;-1;-1;-1;-1;-1;-1;1;2;1;4;3;5;-1;0;0;0;0;0;0;0;0;0;0;0;0;0;1;1;1;0;-1;-1;0;0;-1;-1;-1;-1;-1;-1;-1;-1;-1;17;65;82;100;100;55;82;92;72;0;0;4.17;3.89;NSÍ;B36;2.36;2.14;3;2;2.4;2.1;84;35;19;0;0;0;0;0;0;0;0;1155;27;Y;Y;Y;Y;N;N;Y
341684;1211;6875;2015;complete;2427;11;-1;6,33,52;22;3;1;4;-1;-1;-1;-1;-1;2;2;0;0;-1;-1;-1;-1;-1;-1;-1;-1;-1;-1;2;2;0;0;0;0;0;0;0;0;0;0;0;0;0;0;0;0;0;0;0;0;0;0;0;0;0;0;0;0;0;0;0;0;0;0;0;0;0;0;0;0;0;0;0;0;0;0;0;0;0;0;0;0;0;0;0;0;0;0;0;0;0;0;0;0;0;0;0;0;4;2;1;1;0;1;3;2015-05-14 14:00:00;1211;0;79;21;46;0;-1;1;-1;-1;-1;-1;-1;-1;1;0;1;2;1;3;-1;0;0;0;0;0;0;0;0;0;0;0;0;0;1;1;1;0;-1;-1;0;0;-1;-1;-1;-1;-1;-1;-1;-1;-1;25;67;84;92;92;46;84;92;84;0;0;3.5;3.84;Víkingur;AB;2.43;0.93;2;0.5;1.4;0.6;75;34;17;9;9;0;0;0;0;0;0;1155;27;Y;Y;Y;Y;N;N;Y
341685;6877;6879;2015;complete;2427;11;-1;43,53,77,90;36;4;1;5;-1;-1;-1;-1;-1;2;2;0;0;-1;-1;-1;-1;-1;-1;-1;-1;-1;-1;2;2;0;0;0;0;0;0;0;0;0;0;0;0;0;0;0;0;0;0;0;0;0;0;0;0;0;0;0;0;0;0;0;0;0;0;0;0;0;0;0;0;0;0;0;0;0;0;0;0;0;0;0;0;0;0;0;0;0;0;0;0;0;0;0;0;0;0;0;0;5;1;1;3;0;3;2;2015-05-14 14:00:00;6877;0;75;43;45;0;-1;1;-1;-1;-1;-1;-1;-1;0;0;2;2;0;4;-1;0;0;0;0;0;0;0;0;0;0;0;0;0;1;1;0;0;-1;-1;0;0;-1;-1;-1;-1;-1;-1;-1;-1;-1;35;58;70;100;100;55;90;90;70;0;0;4.65;3.88;TB;Suduroy;1.08;0.57;0.8;0.75;1.2;0.9;65;43;30;0;0;0;0;0;0;0;0;1155;27;Y;Y;Y;Y;Y;N;Y
341686;997;6876;2015;complete;2427;11;-1;;70,77,90;0;3;3;-1;-1;-1;-1;-1;3;1;0;0;-1;-1;-1;-1;-1;-1;-1;-1;-1;-1;3;1;0;0;0;0;0;0;0;0;0;0;0;0;0;0;0;0;0;0;0;0;0;0;0;0;0;0;0;0;0;0;0;0;0;0;0;0;0;0;0;0;0;0;0;0;0;0;0;0;0;0;0;0;0;0;0;0;0;0;0;0;0;0;0;0;0;0;0;0;3;0;0;0;3;3;0;2015-05-14 14:00:00;6876;0;80;20;30;0;-1;1;-1;-1;-1;-1;-1;-1;1;0;2;1;1;3;-1;0;0;0;0;0;0;0;0;0;0;0;0;0;1;1;0;0;-1;-1;0;0;-1;-1;-1;-1;-1;-1;-1;-1;-1;0;40;60;90;90;30;70;70;50;0;0;4.4;2.8;EB - Streymur;ÍF;0.53;0.71;0.6;0.8;0.6;1.1;100;60;40;10;10;0;0;0;0;0;0;1155;27;Y;Y;Y;N;N;N;N
341687;985;5404;2015;complete;2427;11;-1;2,26,50;52;3;1;4;-1;-1;-1;-1;-1;1;1;0;0;-1;-1;-1;-1;-1;-1;-1;-1;-1;-1;1;1;0;0;0;0;0;0;0;0;0;0;0;0;0;0;0;0;0;0;0;0;0;0;0;0;0;0;0;0;0;0;0;0;0;0;0;0;0;0;0;0;0;0;0;0;0;0;0;0;0;0;0;0;0;0;0;0;0;0;0;0;0;0;0;0;0;0;0;0;4;2;0;1;1;2;2;2015-05-14 14:00:00;985;0;70;10;50;0;-1;1;-1;-1;-1;-1;-1;-1;0;0;1;1;0;2;-1;0;0;0;0;0;0;0;0;0;0;0;0;0;1;1;1;0;-1;-1;0;0;-1;-1;-1;-1;-1;-1;-1;-1;-1;20;50;70;80;90;40;90;80;70;0;0;4.4;3.3;HB;KÍ;1.86;0.86;1.6;0.4;1.6;1.4;80;50;30;20;10;0;0;0;0;0;0;1155;27;Y;Y;Y;Y;N;N;Y
341688;6875;985;2015;complete;2427;12;-1;;62;0;1;1;-1;-1;-1;-1;-1;1;3;1;1;-1;-1;-1;-1;-1;-1;-1;-1;-1;-1;3;4;0;0;0;0;0;0;0;0;0;0;0;0;0;0;0;0;0;0;0;0;0;0;0;0;0;0;0;0;0;0;0;0;0;0;0;0;0;0;0;0;0;0;0;0;0;0;0;0;0;0;0;0;0;0;0;0;0;0;0;0;0;0;0;0;0;0;0;0;1;0;0;0;1;1;0;2015-05-17 14:00:00;985;0;68;20;23;0;-1;1;-1;-1;-1;-1;-1;-1;1;2;1;2;3;3;-1;0;0;0;0;0;0;0;0;1;0;1;0;0;1;1;0;0;-1;-1;0;0;-1;-1;-1;-1;-1;-1;-1;-1;-1;0;0;23;88;88;20;68;78;33;0;0;3.3;1.98;AB;HB;0.85;1.31;0.75;1.6;0.55;1.73;100;100;78;13;13;0;0;0;0;0;0;1155;27;Y;N;N;N;N;N;N
341689;6879;5415;2015;complete;2427;12;-1;18;3,61,63;1;3;4;-1;-1;-1;-1;-1;1;2;0;0;-1;-1;-1;-1;-1;-1;-1;-1;-1;-1;1;2;0;0;0;0;0;0;0;0;0;0;0;0;0;0;0;0;0;0;0;0;0;0;0;0;0;0;0;0;0;0;0;0;0;0;0;0;0;0;0;0;0;0;0;0;0;0;0;0;0;0;0;0;0;0;0;0;0;0;0;0;0;0;0;0;0;0;0;0;4;1;1;0;2;2;2;2015-05-17 14:00:00;5415;0;75;50;17;0;-1;1;-1;-1;-1;-1;-1;-1;0;0;1;2;0;3;-1;0;0;0;0;0;0;0;0;0;0;0;0;0;1;1;0;1;-1;-1;0;0;-1;-1;-1;-1;-1;-1;-1;-1;-1;25;59;100;100;100;67;88;92;54;0;0;5.42;3.96;Suduroy;NSÍ;1.08;1.62;1;1.5;0.82;2.27;75;42;0;0;0;0;0;0;0;0;0;1155;27;Y;Y;Y;Y;N;N;Y
341690;5404;6877;2015;complete;2427;12;-1;28;;1;0;1;-1;-1;-1;-1;-1;1;2;0;1;-1;-1;-1;-1;-1;-1;-1;-1;-1;-1;1;4;0;0;0;0;0;0;0;0;0;0;0;0;0;0;0;0;0;0;0;0;0;0;0;0;0;0;0;0;0;0;0;0;0;0;0;0;0;0;0;0;0;0;0;0;0;0;0;0;0;0;0;0;0;0;0;0;0;0;0;0;0;0;0;0;0;0;0;0;1;1;0;0;0;0;1;2015-05-17 14:00:00;5404;0;40;10;30;0;-1;1;-1;-1;-1;-1;-1;-1;0;2;1;1;2;2;-1;0;0;0;0;0;0;0;0;0;0;0;0;0;1;1;0;0;-1;-1;0;0;-1;-1;-1;-1;-1;-1;-1;-1;-1;10;30;70;90;90;10;80;90;70;0;0;5.8;2.9;KÍ;TB;2.23;0.86;2.4;1.6;1.27;1.36;90;70;30;10;10;0;0;0;0;0;0;1155;27;Y;N;N;N;N;N;N
341691;6876;1211;2015;complete;2427;12;-1;83;14,58,71;1;3;4;-1;-1;-1;-1;-1;1;1;0;0;-1;-1;-1;-1;-1;-1;-1;-1;-1;-1;1;1;0;0;0;0;0;0;0;0;0;0;0;0;0;0;0;0;0;0;0;0;0;0;0;0;0;0;0;0;0;0;0;0;0;0;0;0;0;0;0;0;0;0;0;0;0;0;0;0;0;0;0;0;0;0;0;0;0;0;0;0;0;0;0;0;0;0;0;0;4;0;1;1;2;3;1;2015-05-17 14:00:00;1211;0;82;55;54;0;-1;1;-1;-1;-1;-1;-1;-1;0;1;1;0;1;1;-1;0;0;0;0;0;0;0;0;0;0;0;0;0;1;1;0;0;-1;-1;0;0;-1;-1;-1;-1;-1;-1;-1;-1;-1;27;55;82;92;92;55;72;82;74;0;0;4.8;3.55;ÍF;Víkingur;1.31;1.46;1.4;1;1.27;1.55;74;45;19;9;9;0;0;0;0;0;0;1155;27;Y;Y;Y;Y;N;N;Y
341692;997;66;2015;complete;2427;12;-1;;53,82;0;2;2;-1;-1;-1;-1;-1;0;1;0;0;-1;-1;-1;-1;-1;-1;-1;-1;-1;-1;0;1;0;0;0;0;0;0;0;0;0;0;0;0;0;0;0;0;0;0;0;0;0;0;0;0;0;0;0;0;0;0;0;0;0;0;0;0;0;0;0;0;0;0;0;0;0;0;0;0;0;0;0;0;0;0;0;0;0;0;0;0;0;0;0;0;0;0;0;0;2;0;0;0;2;2;0;2015-05-17 14:00:00;66;0;75;9;50;0;-1;1;-1;-1;-1;-1;-1;-1;0;1;0;0;1;0;-1;0;0;0;0;0;0;0;0;1;0;1;0;0;1;1;0;0;-1;-1;0;0;-1;-1;-1;-1;-1;-1;-1;-1;-1;0;50;75;92;92;34;67;92;67;0;0;4.17;3.09;EB - Streymur;B36;0.53;2.14;0.5;1.83;0.55;2;100;50;25;9;9;0;0;0;0;0;0;1155;27;Y;Y;N;N;N;N;N
341693;985;6876;2015;complete;2427;13;-1;9;;1;0;1;-1;-1;-1;-1;-1;1;2;1;1;-1;-1;-1;-1;-1;-1;-1;-1;-1;-1;2;4;0;0;0;0;0;0;0;0;0;0;0;0;0;0;0;0;0;0;0;0;0;0;0;0;0;0;0;0;0;0;0;0;0;0;0;0;0;0;0;0;0;0;0;0;0;0;0;0;0;0;0;0;0;0;0;0;0;0;0;0;0;0;0;0;0;0;0;0;1;1;0;0;0;0;1;2015-05-25 14:00:00;985;0;83;17;50;0;-1;1;-1;-1;-1;-1;-1;-1;0;1;2;2;1;4;-1;0;0;0;0;0;0;0;0;0;0;0;0;0;1;1;1;0;-1;-1;0;0;-1;-1;-1;-1;-1;-1;-1;-1;-1;9;59;75;92;92;50;75;75;67;0;0;4.83;3.34;HB;ÍF;1.86;0.71;1.83;1.17;1.83;1.17;92;42;25;9;9;0;0;0;0;0;0;1155;27;Y;N;N;N;N;N;N
341694;5404;6879;2015;complete;2427;13;-1;68,90;74;2;1;3;-1;-1;-1;-1;-1;0;3;0;0;-1;-1;-1;-1;-1;-1;-1;-1;-1;-1;0;3;0;0;0;0;0;0;0;0;0;0;0;0;0;0;0;0;0;0;0;0;0;0;0;0;0;0;0;0;0;0;0;0;0;0;0;0;0;0;0;0;0;0;0;0;0;0;0;0;0;0;0;0;0;0;0;0;0;0;0;0;0;0;0;0;0;0;0;0;3;0;0;2;1;3;0;2015-05-25 14:00:00;5404;0;47;29;37;0;-1;1;-1;-1;-1;-1;-1;-1;0;0;0;3;0;3;-1;0;0;0;0;0;0;0;0;0;0;0;0;0;1;1;0;0;-1;-1;0;0;-1;-1;-1;-1;-1;-1;-1;-1;-1;39;57;84;92;100;39;100;92;84;0;0;3.9;3.9;KÍ;Suduroy;2.23;0.57;2.5;0.6;1.42;0.75;62;44;17;9;0;0;0;0;0;0;0;1155;27;Y;Y;Y;N;N;N;Y
341695;1211;66;2015;complete;2427;13;-1;55;66;1;1;2;-1;-1;-1;-1;-1;2;4;0;0;-1;-1;-1;-1;-1;-1;-1;-1;-1;-1;2;4;0;0;0;0;0;0;0;0;0;0;0;0;0;0;0;0;0;0;0;0;0;0;0;0;0;0;0;0;0;0;0;0;0;0;0;0;0;0;0;0;0;0;0;0;0;0;0;0;0;0;0;0;0;0;0;0;0;0;0;0;0;0;0;0;0;0;0;0;2;0;0;1;1;2;0;2015-05-25 14:00:00;-1;0;83;27;39;0;-1;1;-1;-1;-1;-1;-1;-1;1;3;1;1;4;2;-1;0;0;0;0;0;0;0;0;0;0;0;0;0;1;1;0;0;-1;-1;1;0;-1;-1;-1;-1;-1;-1;-1;-1;-1;20;86;86;100;100;69;86;100;76;0;0;3.63;4.12;Víkingur;B36;2.43;2.14;2.2;2;1.67;2.08;80;15;15;0;0;0;0;0;0;0;0;1155;27;Y;Y;N;N;N;N;Y
341696;6877;6875;2015;complete;2427;13;-1;64;28;1;1;2;-1;-1;-1;-1;-1;2;1;0;0;-1;-1;-1;-1;-1;-1;-1;-1;-1;-1;2;1;0;0;0;0;0;0;0;0;0;0;0;0;0;0;0;0;0;0;0;0;0;0;0;0;0;0;0;0;0;0;0;0;0;0;0;0;0;0;0;0;0;0;0;0;0;0;0;0;0;0;0;0;0;0;0;0;0;0;0;0;0;0;0;0;0;0;0;0;2;0;1;1;0;1;1;2015-05-25 14:00:00;-1;0;93;48;45;0;-1;1;-1;-1;-1;-1;-1;-1;1;1;1;0;2;1;-1;0;0;0;0;0;0;0;0;0;0;0;0;0;1;1;0;0;-1;-1;0;0;-1;-1;-1;-1;-1;-1;-1;-1;-1;17;47;61;93;93;48;77;85;54;0;0;5.6;3.1;TB;AB;1.08;0.93;1.17;0.43;1.25;0.5;84;54;40;7;7;0;0;0;0;0;0;1155;27;Y;Y;N;N;N;N;Y
341697;997;5415;2015;complete;2427;13;-1;;17,45,81,83,85,86,89,90;0;8;8;-1;-1;-1;-1;-1;-1;-1;-1;-1;-1;-1;-1;-1;-1;-1;-1;-1;-1;-1;-1;-1;0;0;0;0;0;0;0;0;0;0;0;0;0;0;0;0;0;0;0;0;0;0;0;0;0;0;0;0;0;0;0;0;0;0;0;0;0;0;0;0;0;0;0;0;0;0;0;0;0;0;0;0;0;0;0;0;0;0;0;0;0;0;0;0;0;0;0;0;8;0;2;0;6;6;2;2015-05-25 14:00:00;5415;0;52;30;15;0;-1;-1;-1;-1;-1;-1;-1;-1;-1;-1;-1;-1;-1;-1;-1;0;0;0;0;0;0;0;0;0;0;0;0;0;1;1;0;0;-1;-1;-1;-1;-1;-1;-1;-1;-1;-1;-1;-1;-1;20;37;79;93;93;30;62;93;76;0;0;3.89;3.32;EB - Streymur;NSÍ;0.53;1.62;0.43;1.8;0.5;2.33;80;63;22;7;7;0;0;0;0;0;0;1155;27;Y;Y;Y;Y;Y;Y;N
341698;6879;997;2015;complete;2427;14;-1;10,30,38;53,75;3;2;5;-1;-1;-1;-1;-1;4;3;0;0;-1;-1;-1;-1;-1;-1;-1;-1;-1;-1;4;3;0;0;0;0;0;0;0;0;0;0;0;0;0;0;0;0;0;0;0;0;0;0;0;0;0;0;0;0;0;0;0;0;0;0;0;0;0;0;0;0;0;0;0;0;0;0;0;0;0;0;0;0;0;0;0;0;0;0;0;0;0;0;0;0;0;0;0;0;5;3;0;0;2;2;3;2015-05-31 14:00:00;6879;0;90;49;35;0;-1;1;-1;-1;-1;-1;-1;-1;1;2;3;1;3;4;-1;0;0;0;0;0;0;0;0;0;0;0;0;0;1;1;1;0;-1;-1;0;0;-1;-1;-1;-1;-1;-1;-1;-1;-1;20;66;100;100;100;73;100;83;62;0;0;5.03;4.06;Suduroy;EB - Streymur;1.08;0.25;0.86;0.6;0.69;0.46;80;35;0;0;0;0;0;0;0;0;0;1155;27;Y;Y;Y;Y;Y;N;Y
341699;5415;1211;2015;complete;2427;14;-1;64,87;22,65,78,88;2;4;6;-1;-1;-1;-1;-1;2;3;0;1;-1;-1;-1;-1;-1;-1;-1;-1;-1;-1;2;4;0;0;0;0;0;0;0;0;0;0;0;0;0;0;0;0;0;0;0;0;0;0;0;0;0;0;0;0;0;0;0;0;0;0;0;0;0;0;0;0;0;0;0;0;0;0;0;0;0;0;0;0;0;0;0;0;0;0;0;0;0;0;0;0;0;0;0;0;6;0;1;2;3;5;1;2015-05-31 14:00:00;1211;0;79;43;57;0;-1;1;-1;-1;-1;-1;-1;-1;0;1;2;3;1;5;-1;0;0;0;0;0;0;0;0;0;0;0;0;0;1;1;0;0;-1;-1;0;0;-1;-1;-1;-1;-1;-1;-1;-1;-1;29;57;86;93;93;50;86;86;79;0;0;4;3.86;NSÍ;Víkingur;2.36;1.46;2.71;1.29;2.38;1.62;71;43;14;7;7;0;0;0;0;0;0;1155;27;Y;Y;Y;Y;Y;Y;Y
341700;6876;6877;2015;complete;2427;14;-1;3,90;;2;0;2;-1;-1;-1;-1;-1;1;0;0;0;-1;-1;-1;-1;-1;-1;-1;-1;-1;-1;1;0;0;0;0;0;0;0;0;0;0;0;0;0;0;0;0;0;0;0;0;0;0;0;0;0;0;0;0;0;0;0;0;0;0;0;0;0;0;0;0;0;0;0;0;0;0;0;0;0;0;0;0;0;0;0;0;0;0;0;0;0;0;0;0;0;0;0;0;0;2;1;0;1;0;1;1;2015-05-31 14:00:00;6876;0;58;25;34;0;-1;1;-1;-1;-1;-1;-1;-1;1;0;0;0;1;0;-1;0;0;0;0;0;0;0;0;0;0;0;0;0;1;1;1;0;-1;-1;0;0;-1;-1;-1;-1;-1;-1;-1;-1;-1;9;42;67;84;92;25;67;75;67;0;0;5.67;2.92;ÍF;TB;1.31;0.86;1.17;1.33;1.08;1.23;92;58;34;17;9;0;0;0;0;0;0;1155;27;Y;Y;N;N;N;N;N
341701;66;985;2015;complete;2427;14;-1;44;60;1;1;2;-1;-1;-1;-1;-1;2;2;0;0;-1;-1;-1;-1;-1;-1;-1;-1;-1;-1;2;2;0;0;0;0;0;0;0;0;0;0;0;0;0;0;0;0;0;0;0;0;0;0;0;0;0;0;0;0;0;0;0;0;0;0;0;0;0;0;0;0;0;0;0;0;0;0;0;0;0;0;0;0;0;0;0;0;0;0;0;0;0;0;0;0;0;0;0;0;2;1;0;0;1;1;1;2015-05-31 14:00:00;-1;0;45;27;19;0;-1;1;-1;-1;-1;-1;-1;-1;1;1;1;1;2;2;-1;0;0;0;0;0;0;0;0;0;0;0;0;0;1;1;0;0;-1;-1;0;0;-1;-1;-1;-1;-1;-1;-1;-1;-1;10;10;39;82;100;27;55;82;47;0;0;4.17;2.5;B36;HB;2.38;1.31;2.2;1.83;2;1.92;90;90;62;19;0;0;0;0;0;0;0;1155;27;Y;Y;N;N;N;N;Y
341702;6875;5404;2015;complete;2427;14;-1;;11,30,37,57;0;4;4;-1;-1;-1;-1;-1;1;1;0;0;-1;-1;-1;-1;-1;-1;-1;-1;-1;-1;1;1;0;0;0;0;0;0;0;0;0;0;0;0;0;0;0;0;0;0;0;0;0;0;0;0;0;0;0;0;0;0;0;0;0;0;0;0;0;0;0;0;0;0;0;0;0;0;0;0;0;0;0;0;0;0;0;0;0;0;0;0;0;0;0;0;0;0;0;0;4;0;3;0;1;1;3;2015-05-31 16:15:00;5404;0;64;9;27;0;-1;1;-1;-1;-1;-1;-1;-1;1;0;0;1;1;1;-1;0;0;0;0;0;0;0;0;0;0;0;0;0;1;1;0;0;-1;-1;0;0;-1;-1;-1;-1;-1;-1;-1;-1;-1;9;25;44;72;90;25;80;82;44;0;0;3.8;2.47;AB;KÍ;0.85;0.86;0.6;0.33;0.54;1.54;92;75;57;29;10;0;0;0;0;0;0;1155;27;Y;Y;Y;Y;N;N;N
341703;6879;6875;2015;complete;2427;15;-1;53;90;1;1;2;-1;-1;-1;-1;-1;2;1;0;0;-1;-1;-1;-1;-1;-1;-1;-1;-1;-1;2;1;0;0;0;0;0;0;0;0;0;0;0;0;0;0;0;0;0;0;0;0;0;0;0;0;0;0;0;0;0;0;0;0;0;0;0;0;0;0;0;0;0;0;0;0;0;0;0;0;0;0;0;0;0;0;0;0;0;0;0;0;0;0;0;0;0;0;0;0;2;0;0;1;1;2;0;2015-06-06 14:00:00;-1;0;94;38;38;0;-1;1;-1;-1;-1;-1;-1;-1;1;0;1;1;1;2;-1;0;0;0;0;0;0;0;0;0;0;0;0;0;1;1;0;0;-1;-1;0;0;-1;-1;-1;-1;-1;-1;-1;-1;-1;7;57;82;94;94;57;88;88;50;0;0;4.88;3.32;Suduroy;AB;1.08;0.93;1.13;0.5;0.86;0.5;94;44;19;7;7;0;0;0;0;0;0;1155;27;Y;Y;N;N;N;N;Y
341704;6877;66;2015;complete;2427;15;-1;48;30,69,82;1;3;4;-1;-1;-1;-1;-1;3;0;0;0;-1;-1;-1;-1;-1;-1;-1;-1;-1;-1;3;0;0;0;0;0;0;0;0;0;0;0;0;0;0;0;0;0;0;0;0;0;0;0;0;0;0;0;0;0;0;0;0;0;0;0;0;0;0;0;0;0;0;0;0;0;0;0;0;0;0;0;0;0;0;0;0;0;0;0;0;0;0;0;0;0;0;0;0;0;4;0;1;1;2;3;1;2015-06-07 14:00:00;66;0;94;35;46;0;-1;1;-1;-1;-1;-1;-1;-1;2;0;1;0;2;1;-1;0;0;0;0;0;0;0;0;0;0;0;0;0;1;1;0;0;-1;-1;0;0;-1;-1;-1;-1;-1;-1;-1;-1;-1;15;53;53;100;100;54;75;93;59;0;0;5.63;3.2;TB;B36;1.08;2.14;1.14;1.88;1.14;1.93;86;48;48;0;0;0;0;0;0;0;0;1155;27;Y;Y;Y;Y;N;N;Y
341705;985;5415;2015;complete;2427;15;-1;77;54;1;1;2;-1;-1;-1;-1;-1;1;2;1;0;-1;-1;-1;-1;-1;-1;-1;-1;-1;-1;2;2;0;0;0;0;0;0;0;0;0;0;0;0;0;0;0;0;0;0;0;0;0;0;0;0;0;0;0;0;0;0;0;0;0;0;0;0;0;0;0;0;0;0;0;0;0;0;0;0;0;0;0;0;0;0;0;0;0;0;0;0;0;0;0;0;0;0;0;0;2;0;0;1;1;2;0;2015-06-07 14:00:00;-1;0;61;25;36;0;-1;1;-1;-1;-1;-1;-1;-1;0;1;2;1;1;3;-1;0;0;0;0;0;0;0;0;0;0;0;0;0;1;1;0;0;-1;-1;0;0;-1;-1;-1;-1;-1;-1;-1;-1;-1;32;62;86;86;93;55;85;86;77;0;0;4.6;3.99;HB;NSÍ;1.86;1.62;2;2;1.86;2.21;68;38;15;15;7;0;0;0;0;0;0;1155;27;Y;Y;N;N;N;N;Y
341706;5404;6876;2015;complete;2427;15;-1;;;0;0;0;-1;-1;-1;-1;-1;2;1;0;0;-1;-1;-1;-1;-1;-1;-1;-1;-1;-1;2;1;0;0;0;0;0;0;0;0;0;0;0;0;0;0;0;0;0;0;0;0;0;0;0;0;0;0;0;0;0;0;0;0;0;0;0;0;0;0;0;0;0;0;0;0;0;0;0;0;0;0;0;0;0;0;0;0;0;0;0;0;0;0;0;0;0;0;0;0;0;0;0;0;0;0;0;2015-06-07 14:00:00;-1;0;57;22;29;0;-1;1;-1;-1;-1;-1;-1;-1;1;1;1;0;2;1;-1;0;0;0;0;0;0;0;0;0;0;0;0;0;1;1;0;0;-1;-1;0;0;-1;-1;-1;-1;-1;-1;-1;-1;-1;7;36;64;86;100;29;79;72;57;0;0;5.14;2.93;KÍ;ÍF;2.23;0.71;2.57;1;1.64;1.21;93;64;36;14;0;0;0;0;0;0;0;1155;27;N;N;N;N;N;N;N
341707;1211;997;2015;complete;2427;15;-1;7,8,49;;3;0;3;-1;-1;-1;-1;-1;2;4;0;0;-1;-1;-1;-1;-1;-1;-1;-1;-1;-1;2;4;0;0;0;0;0;0;0;0;0;0;0;0;0;0;0;0;0;0;0;0;0;0;0;0;0;0;0;0;0;0;0;0;0;0;0;0;0;0;0;0;0;0;0;0;0;0;0;0;0;0;0;0;0;0;0;0;0;0;0;0;0;0;0;0;0;0;0;0;3;2;0;1;0;1;2;2015-06-07 14:00:00;1211;0;83;33;33;0;-1;1;-1;-1;-1;-1;-1;-1;0;2;2;2;2;4;-1;0;0;0;0;0;0;0;0;0;0;0;0;0;1;1;2;0;-1;-1;0;0;-1;-1;-1;-1;-1;-1;-1;-1;-1;42;75;92;100;100;67;92;92;83;0;0;4;4.42;Víkingur;EB - Streymur;2.43;0.25;2;0.5;1.71;0.43;59;25;9;0;0;0;0;0;0;0;0;1155;27;Y;Y;Y;N;N;N;N
341708;5415;6877;2015;complete;2427;16;-1;;;0;0;0;-1;-1;-1;-1;-1;1;2;0;0;-1;-1;-1;-1;-1;-1;-1;-1;-1;-1;1;2;0;0;0;0;0;0;0;0;0;0;0;0;0;0;0;0;0;0;0;0;0;0;0;0;0;0;0;0;0;0;0;0;0;0;0;0;0;0;0;0;0;0;0;0;0;0;0;0;0;0;0;0;0;0;0;0;0;0;0;0;0;0;0;0;0;0;0;0;0;0;0;0;0;0;0;2015-06-20 14:00:00;-1;0;52;19;32;0;-1;1;-1;-1;-1;-1;-1;-1;0;0;1;2;0;3;-1;0;0;0;0;0;0;0;0;0;0;0;0;0;1;1;0;0;-1;-1;0;0;-1;-1;-1;-1;-1;-1;-1;-1;-1;19;39;66;86;93;25;80;80;66;0;0;4.84;3.26;NSÍ;TB;2.36;0.86;2.38;1.14;2.13;1.07;82;62;35;15;7;0;0;0;0;0;0;1155;27;N;N;N;N;N;N;N
341709;6879;1211;2015;complete;2427;16;-1;45;37,40,89;1;3;4;-1;-1;-1;-1;-1;3;1;0;0;-1;-1;-1;-1;-1;-1;-1;-1;-1;-1;3;1;0;0;0;0;0;0;0;0;0;0;0;0;0;0;0;0;0;0;0;0;0;0;0;0;0;0;0;0;0;0;0;0;0;0;0;0;0;0;0;0;0;0;0;0;0;0;0;0;0;0;0;0;0;0;0;0;0;0;0;0;0;0;0;0;0;0;0;0;4;1;2;0;1;1;3;2015-06-21 13:30:00;1211;0;94;41;54;0;-1;1;-1;-1;-1;-1;-1;-1;1;0;2;1;1;3;-1;0;0;0;0;0;0;0;0;0;0;0;0;0;1;1;0;0;-1;-1;0;0;-1;-1;-1;-1;-1;-1;-1;-1;-1;25;65;89;94;94;58;89;89;66;0;0;4.69;3.78;Suduroy;Víkingur;1.08;1.46;1.11;1.5;0.87;1.8;76;36;12;7;7;0;0;0;0;0;0;1155;27;Y;Y;Y;Y;N;N;Y
341710;997;985;2015;complete;2427;16;-1;;12,60,66;0;3;3;-1;-1;-1;-1;-1;3;2;0;0;-1;-1;-1;-1;-1;-1;-1;-1;-1;-1;3;2;0;0;0;0;0;0;0;0;0;0;0;0;0;0;0;0;0;0;0;0;0;0;0;0;0;0;0;0;0;0;0;0;0;0;0;0;0;0;0;0;0;0;0;0;0;0;0;0;0;0;0;0;0;0;0;0;0;0;0;0;0;0;0;0;0;0;0;0;3;0;1;0;2;2;1;2015-06-21 14:00:00;985;0;48;15;20;0;-1;1;-1;-1;-1;-1;-1;-1;1;2;2;0;3;2;-1;0;0;0;0;0;0;0;0;0;0;0;0;0;1;1;0;0;-1;-1;0;0;-1;-1;-1;-1;-1;-1;-1;-1;-1;7;13;39;87;94;21;54;87;52;0;0;3.43;2.57;EB - Streymur;HB;0.53;1.31;0.38;1.71;0.4;1.8;94;88;62;14;7;0;0;0;0;0;0;1155;27;Y;Y;Y;N;N;N;N
341711;66;5404;2015;complete;2427;16;-1;39,59;42;2;1;3;-1;-1;-1;-1;-1;5;3;0;0;-1;-1;-1;-1;-1;-1;-1;-1;-1;-1;5;3;0;0;0;0;0;0;0;0;0;0;0;0;0;0;0;0;0;0;0;0;0;0;0;0;0;0;0;0;0;0;0;0;0;0;0;0;0;0;0;0;0;0;0;0;0;0;0;0;0;0;0;0;0;0;0;0;0;0;0;0;0;0;0;0;0;0;0;0;3;1;1;1;0;1;2;2015-06-21 14:00:00;66;0;54;16;23;0;-1;1;-1;-1;-1;-1;-1;-1;4;2;1;1;6;2;-1;0;0;0;0;0;0;0;1;0;1;0;0;0;1;1;0;0;-1;-1;0;0;-1;-1;-1;-1;-1;-1;-1;-1;-1;16;37;61;85;100;37;84;85;54;0;0;3.86;3.13;B36;KÍ;2.38;0.86;2;0.71;2;1.6;85;63;40;16;0;0;0;0;0;0;0;1155;27;Y;Y;Y;N;N;N;Y
341712;6876;6875;2015;complete;2427;16;-1;62,87,90;22,32,78;3;3;6;-1;-1;-1;-1;-1;1;5;0;0;-1;-1;-1;-1;-1;-1;-1;-1;-1;-1;1;5;0;0;0;0;0;0;0;0;0;0;0;0;0;0;0;0;0;0;0;0;0;0;0;0;0;0;0;0;0;0;0;0;0;0;0;0;0;0;0;0;0;0;0;0;0;0;0;0;0;0;0;0;0;0;0;0;0;0;0;0;0;0;0;0;0;0;0;0;6;0;2;3;1;4;2;2015-06-21 14:00:00;-1;0;80;33;50;0;-1;1;-1;-1;-1;-1;-1;-1;1;3;0;2;4;2;-1;0;0;0;0;0;0;0;0;0;0;0;0;0;1;1;0;0;-1;-1;0;0;-1;-1;-1;-1;-1;-1;-1;-1;-1;7;45;64;95;95;33;69;88;64;0;0;4.4;3.05;ÍF;AB;1.31;0.93;1.43;0.56;1.2;0.53;93;55;37;6;6;0;0;0;0;0;0;1155;27;Y;Y;Y;Y;Y;Y;Y
341713;6876;6879;2015;complete;2427;17;-1;30,72,86;52,70,80;3;3;6;-1;-1;-1;-1;-1;0;4;0;0;-1;-1;-1;-1;-1;-1;-1;-1;-1;-1;0;4;0;0;0;0;0;0;0;0;0;0;0;0;0;0;0;0;0;0;0;0;0;0;0;0;0;0;0;0;0;0;0;0;0;0;0;0;0;0;0;0;0;0;0;0;0;0;0;0;0;0;0;0;0;0;0;0;0;0;0;0;0;0;0;0;0;0;0;0;6;1;0;2;3;5;1;2015-06-25 18:00:00;-1;0;71;36;50;0;-1;1;-1;-1;-1;-1;-1;-1;0;2;0;2;2;2;-1;0;0;0;0;0;0;0;0;0;0;0;0;0;1;1;0;0;-1;-1;0;0;-1;-1;-1;-1;-1;-1;-1;-1;-1;38;65;88;100;100;50;79;94;88;0;0;3.8;4.13;ÍF;Suduroy;1.31;0.57;1.38;0.5;1.19;0.81;63;36;13;0;0;0;0;0;0;0;0;1155;27;Y;Y;Y;Y;Y;Y;Y
341714;5404;5415;2015;complete;2427;17;-1;5,27,72;12,47,63;3;3;6;-1;-1;-1;-1;-1;3;2;0;1;-1;-1;-1;-1;-1;-1;-1;-1;-1;-1;3;4;0;0;0;0;0;0;0;0;0;0;0;0;0;0;0;0;0;0;0;0;0;0;0;0;0;0;0;0;0;0;0;0;0;0;0;0;0;0;0;0;0;0;0;0;0;0;0;0;0;0;0;0;0;0;0;0;0;0;0;0;0;0;0;0;0;0;0;0;6;2;1;1;2;3;3;2015-06-26 17:30:00;-1;0;48;28;26;0;-1;1;-1;-1;-1;-1;-1;-1;1;0;2;3;1;5;-1;0;0;0;0;0;0;0;1;0;1;0;0;0;1;1;1;0;-1;-1;0;0;-1;-1;-1;-1;-1;-1;-1;-1;-1;28;41;75;88;94;35;73;88;75;0;0;4.63;3.53;KÍ;NSÍ;2.23;1.62;2.38;1.86;1.5;2.06;73;59;26;13;7;0;0;0;0;0;0;1155;27;Y;Y;Y;Y;Y;Y;Y
341715;6875;66;2015;complete;2427;17;-1;39;7,89,90;1;3;4;-1;-1;-1;-1;-1;3;3;0;0;-1;-1;-1;-1;-1;-1;-1;-1;-1;-1;3;3;0;0;0;0;0;0;0;0;0;0;0;0;0;0;0;0;0;0;0;0;0;0;0;0;0;0;0;0;0;0;0;0;0;0;0;0;0;0;0;0;0;0;0;0;0;0;0;0;0;0;0;0;0;0;0;0;0;0;0;0;0;0;0;0;0;0;0;0;4;1;1;0;2;2;2;2015-06-26 18:00:00;66;0;70;6;42;0;-1;1;-1;-1;-1;-1;-1;-1;2;1;1;2;3;3;-1;0;0;0;0;0;0;0;0;0;0;0;0;0;1;1;0;1;-1;-1;0;0;-1;-1;-1;-1;-1;-1;-1;-1;-1;0;42;50;84;92;31;67;92;48;0;0;4;2.67;AB;B36;0.85;2.14;0.5;2;0.56;2.06;100;58;50;17;9;0;0;0;0;0;0;1155;27;Y;Y;Y;Y;N;N;Y
341716;1211;985;2015;complete;2427;17;-1;32,35,66;;3;0;3;-1;-1;-1;-1;-1;2;3;0;0;-1;-1;-1;-1;-1;-1;-1;-1;-1;-1;2;3;0;0;0;0;0;0;0;0;0;0;0;0;0;0;0;0;0;0;0;0;0;0;0;0;0;0;0;0;0;0;0;0;0;0;0;0;0;0;0;0;0;0;0;0;0;0;0;0;0;0;0;0;0;0;0;0;0;0;0;0;0;0;0;0;0;0;0;0;3;2;0;1;0;1;2;2015-06-26 18:00:00;1211;0;61;27;21;0;-1;1;-1;-1;-1;-1;-1;-1;0;0;2;3;0;5;-1;0;0;0;0;0;0;0;0;0;0;0;0;0;1;1;0;0;-1;-1;0;0;-1;-1;-1;-1;-1;-1;-1;-1;-1;15;36;56;94;100;48;75;94;55;0;0;3.56;3.14;Víkingur;HB;2.43;1.31;2.14;1.88;1.88;1.88;86;65;45;7;0;0;0;0;0;0;0;1155;27;Y;Y;Y;N;N;N;N
341717;6877;997;2015;complete;2427;17;-1;16,60,88;17,90;3;2;5;-1;-1;-1;-1;-1;2;1;1;0;-1;-1;-1;-1;-1;-1;-1;-1;-1;-1;4;1;0;0;0;0;0;0;0;0;0;0;0;0;0;0;0;0;0;0;0;0;0;0;0;0;0;0;0;0;0;0;0;0;0;0;0;0;0;0;0;0;0;0;0;0;0;0;0;0;0;0;0;0;0;0;0;0;0;0;0;0;0;0;0;0;0;0;0;0;5;1;1;2;1;3;2;2015-06-27 17:00:00;6877;0;86;40;34;0;-1;1;-1;-1;-1;-1;-1;-1;1;0;2;1;1;3;-1;0;0;0;0;0;0;0;0;0;0;0;0;0;1;1;0;0;-1;-1;0;0;-1;-1;-1;-1;-1;-1;-1;-1;-1;34;54;75;100;100;61;94;87;61;0;0;5.86;3.77;TB;EB - Streymur;1.08;0.25;1;0.43;1.06;0.38;66;47;25;0;0;0;0;0;0;0;0;1155;27;Y;Y;Y;Y;Y;N;Y
341718;1211;6877;2015;complete;2427;18;-1;7,22,62,66,79,90,90;60,84;7;2;9;-1;-1;-1;-1;-1;0;3;0;0;-1;-1;-1;-1;-1;-1;-1;-1;-1;-1;0;3;0;0;0;0;0;0;0;0;0;0;0;0;0;0;0;0;0;0;0;0;0;0;0;0;0;0;0;0;0;0;0;0;0;0;0;0;0;0;0;0;0;0;0;0;0;0;0;0;0;0;0;0;0;0;0;0;0;0;0;0;0;0;0;0;0;0;0;0;9;2;0;5;2;7;2;2015-07-26 14:00:00;1211;0;44;13;19;0;-1;1;-1;-1;-1;-1;-1;-1;0;1;0;2;1;2;-1;0;0;0;0;0;0;0;0;0;0;0;0;0;1;1;1;0;-1;-1;0;0;-1;-1;-1;-1;-1;-1;-1;-1;-1;13;38;63;82;88;38;76;82;51;0;0;4.13;2.94;Víkingur;TB;2.43;0.86;2.25;1.13;1.94;1.18;88;63;38;19;13;0;0;0;0;0;0;1155;27;Y;Y;Y;Y;Y;Y;Y
341719;997;5404;2015;complete;2427;18;-1;11,45,70,83;23,30,33,44;4;4;8;-1;-1;-1;-1;-1;2;2;0;0;-1;-1;-1;-1;-1;-1;-1;-1;-1;-1;2;2;0;0;0;0;0;0;0;0;0;0;0;0;0;0;0;0;0;0;0;0;0;0;0;0;0;0;0;0;0;0;0;0;0;0;0;0;0;0;0;0;0;0;0;0;0;0;0;0;0;0;0;0;0;0;0;0;0;0;0;0;0;0;0;0;0;0;0;0;8;2;4;2;0;2;6;2015-07-27 16:00:00;-1;0;48;13;24;0;-1;1;-1;-1;-1;-1;-1;-1;2;1;0;1;3;1;-1;0;0;0;0;0;0;0;0;0;0;0;0;0;1;1;0;0;-1;-1;0;0;-1;-1;-1;-1;-1;-1;-1;-1;-1;12;36;71;89;95;37;78;89;64;0;0;3.5;3.25;EB - Streymur;KÍ;0.53;0.86;0.33;0.63;0.35;1.47;89;64;29;12;6;0;0;0;0;0;0;1155;27;Y;Y;Y;Y;Y;Y;Y
341720;6875;5415;2015;complete;2427;18;-1;34;7,25;1;2;3;-1;-1;-1;-1;-1;3;2;0;0;-1;-1;-1;-1;-1;-1;-1;-1;-1;-1;3;2;0;0;0;0;0;0;0;0;0;0;0;0;0;0;0;0;0;0;0;0;0;0;0;0;0;0;0;0;0;0;0;0;0;0;0;0;0;0;0;0;0;0;0;0;0;0;0;0;0;0;0;0;0;0;0;0;0;0;0;0;0;0;0;0;0;0;0;0;3;1;2;0;0;0;3;2015-07-27 18:00:00;5415;0;60;32;20;0;-1;1;-1;-1;-1;-1;-1;-1;1;2;2;0;3;2;-1;0;0;0;0;0;0;0;0;0;0;0;0;0;1;1;0;1;-1;-1;0;0;-1;-1;-1;-1;-1;-1;-1;-1;-1;25;46;66;86;93;46;73;93;59;0;0;4.57;3.46;AB;NSÍ;0.85;1.62;0.43;1.75;0.53;2;75;55;35;15;7;0;0;0;0;0;0;1155;27;Y;Y;Y;N;N;N;Y
341721;66;6876;2015;complete;2427;18;-1;1,5,34,51;;4;0;4;-1;-1;-1;-1;-1;2;2;0;0;-1;-1;-1;-1;-1;-1;-1;-1;-1;-1;2;2;0;0;0;0;0;0;0;0;0;0;0;0;0;0;0;0;0;0;0;0;0;0;0;0;0;0;0;0;0;0;0;0;0;0;0;0;0;0;0;0;0;0;0;0;0;0;0;0;0;0;0;0;0;0;0;0;0;0;0;0;0;0;0;0;0;0;0;0;4;3;0;1;0;1;3;2015-07-28 17:00:00;66;0;60;27;14;0;-1;1;-1;-1;-1;-1;-1;-1;1;1;1;1;2;2;-1;0;0;0;0;0;0;0;0;0;0;0;0;0;1;1;2;0;-1;-1;1;1;-1;-1;-1;-1;-1;-1;-1;-1;-1;7;26;54;81;94;34;67;68;41;0;0;5.18;2.68;B36;ÍF;2.38;0.71;2.14;1;2.12;1.18;93;75;47;20;7;0;0;0;0;0;0;1155;27;Y;Y;Y;Y;N;N;N
341722;985;6879;2015;complete;2427;18;-1;;;0;0;0;-1;-1;-1;-1;-1;2;4;1;0;-1;-1;-1;-1;-1;-1;-1;-1;-1;-1;4;4;0;0;0;0;0;0;0;0;0;0;0;0;0;0;0;0;0;0;0;0;0;0;0;0;0;0;0;0;0;0;0;0;0;0;0;0;0;0;0;0;0;0;0;0;0;0;0;0;0;0;0;0;0;0;0;0;0;0;0;0;0;0;0;0;0;0;0;0;0;0;0;0;0;0;0;2015-07-29 15:00:00;-1;0;73;15;66;0;-1;1;-1;-1;-1;-1;-1;-1;0;3;3;1;3;4;-1;0;0;0;0;0;0;0;0;0;0;0;0;0;1;1;0;0;-1;-1;0;0;-1;-1;-1;-1;-1;-1;-1;-1;-1;35;61;82;88;94;41;81;88;88;0;0;4;3.86;HB;Suduroy;1.86;0.57;1.88;0.57;1.76;0.82;66;40;19;13;7;0;0;0;0;0;0;1155;27;N;N;N;N;N;N;N
341723;985;6877;2015;complete;2427;19;-1;80,90;36,83;2;2;4;-1;-1;-1;-1;-1;2;1;0;0;-1;-1;-1;-1;-1;-1;-1;-1;-1;-1;2;1;0;0;0;0;0;0;0;0;0;0;0;0;0;0;0;0;0;0;0;0;0;0;0;0;0;0;0;0;0;0;0;0;0;0;0;0;0;0;0;0;0;0;0;0;0;0;0;0;0;0;0;0;0;0;0;0;0;0;0;0;0;0;0;0;0;0;0;0;4;0;1;2;1;3;1;2015-08-02 13:30:00;-1;0;50;0;45;0;-1;1;-1;-1;-1;-1;-1;-1;1;0;1;1;1;2;-1;0;0;0;0;0;0;0;0;0;0;0;0;0;1;1;0;0;-1;-1;0;0;-1;-1;-1;-1;-1;-1;-1;-1;-1;11;33;50;67;78;22;67;67;56;0;0;4.89;2.67;HB;TB;1.86;0.86;1.78;1;1.72;1.11;89;67;50;33;22;0;0;0;0;0;0;1155;27;Y;Y;Y;Y;N;N;Y
341724;997;6875;2015;complete;2427;19;-1;;60,66,78,86;0;4;4;-1;-1;-1;-1;-1;1;1;0;0;-1;-1;-1;-1;-1;-1;-1;-1;-1;-1;1;1;0;0;0;0;0;0;0;0;0;0;0;0;0;0;0;0;0;0;0;0;0;0;0;0;0;0;0;0;0;0;0;0;0;0;0;0;0;0;0;0;0;0;0;0;0;0;0;0;0;0;0;0;0;0;0;0;0;0;0;0;0;0;0;0;0;0;0;0;4;0;0;0;4;4;0;2015-08-02 14:00:00;6875;0;65;15;40;0;-1;1;-1;-1;-1;-1;-1;-1;1;1;0;0;2;0;-1;0;0;0;0;0;0;0;0;0;0;0;0;0;1;1;0;0;-1;-1;0;1;-1;-1;-1;-1;-1;-1;-1;-1;-1;15;35;65;90;90;25;65;90;70;0;0;3.96;3.3;EB - Streymur;AB;0.53;0.93;0.4;0.6;0.39;0.5;85;65;35;10;10;0;0;0;0;0;0;1155;27;Y;Y;Y;Y;N;N;N
341725;1211;5404;2015;complete;2427;19;-1;57;42;1;1;2;-1;-1;-1;-1;-1;7;3;0;0;-1;-1;-1;-1;-1;-1;-1;-1;-1;-1;7;3;0;0;0;0;0;0;0;0;0;0;0;0;0;0;0;0;0;0;0;0;0;0;0;0;0;0;0;0;0;0;0;0;0;0;0;0;0;0;0;0;0;0;0;0;0;0;0;0;0;0;0;0;0;0;0;0;0;0;0;0;0;0;0;0;0;0;0;0;2;0;1;1;0;1;1;2015-08-02 14:00:00;-1;0;67;28;28;0;-1;1;-1;-1;-1;-1;-1;-1;1;0;6;3;1;9;-1;0;0;0;0;0;0;0;0;0;0;0;0;0;1;1;0;0;-1;-1;0;0;-1;-1;-1;-1;-1;-1;-1;-1;-1;28;62;84;95;100;73;95;95;62;0;0;3.33;4.23;Víkingur;KÍ;2.43;0.86;2.33;0.67;2;1.44;73;39;17;6;0;0;0;0;0;0;0;1155;27;Y;Y;N;N;N;N;Y
341726;66;6879;2015;complete;2427;19;-1;2;;1;0;1;-1;-1;-1;-1;-1;1;3;0;0;-1;-1;-1;-1;-1;-1;-1;-1;-1;-1;1;3;0;0;0;0;0;0;0;0;0;0;0;0;0;0;0;0;0;0;0;0;0;0;0;0;0;0;0;0;0;0;0;0;0;0;0;0;0;0;0;0;0;0;0;0;0;0;0;0;0;0;0;0;0;0;0;0;0;0;0;0;0;0;0;0;0;0;0;0;1;1;0;0;0;0;1;2015-08-02 16:00:00;66;0;57;25;32;0;-1;1;-1;-1;-1;-1;-1;-1;0;1;1;2;1;3;-1;0;0;0;0;0;0;0;0;0;0;0;0;0;1;1;1;0;-1;-1;0;0;-1;-1;-1;-1;-1;-1;-1;-1;-1;32;44;76;88;94;38;75;88;63;0;0;4.63;3.57;B36;Suduroy;2.38;0.57;2.25;0.63;2.17;0.83;69;57;26;13;7;0;0;0;0;0;0;1155;27;Y;N;N;N;N;N;N
341727;5415;6876;2015;complete;2427;19;-1;20,37,40,45,60;87;5;1;6;-1;-1;-1;-1;-1;0;1;0;0;-1;-1;-1;-1;-1;-1;-1;-1;-1;-1;0;1;0;0;0;0;0;0;0;0;0;0;0;0;0;0;0;0;0;0;0;0;0;0;0;0;0;0;0;0;0;0;0;0;0;0;0;0;0;0;0;0;0;0;0;0;0;0;0;0;0;0;0;0;0;0;0;0;0;0;0;0;0;0;0;0;0;0;0;0;6;4;0;1;1;2;4;2015-08-03 14:00:00;5415;0;62;28;28;0;-1;1;-1;-1;-1;-1;-1;-1;0;1;0;0;1;0;-1;0;0;0;0;0;0;0;0;0;0;0;0;0;1;1;0;0;-1;-1;0;0;-1;-1;-1;-1;-1;-1;-1;-1;-1;17;50;67;84;89;44;73;67;56;0;0;4.67;3.28;NSÍ;ÍF;2.36;0.71;2.22;0.89;2.06;1.11;84;50;33;17;11;0;0;0;0;0;0;1155;27;Y;Y;Y;Y;Y;Y;Y
341728;5404;985;2015;complete;2427;20;-1;45,90;;2;0;2;-1;-1;-1;-1;-1;2;4;0;0;-1;-1;-1;-1;-1;-1;-1;-1;-1;-1;2;4;0;0;0;0;0;0;0;0;0;0;0;0;0;0;0;0;0;0;0;0;0;0;0;0;0;0;0;0;0;0;0;0;0;0;0;0;0;0;0;0;0;0;0;0;0;0;0;0;0;0;0;0;0;0;0;0;0;0;0;0;0;0;0;0;0;0;0;0;2;1;0;1;0;1;1;2015-08-07 17:00:00;5404;0;44;22;28;0;-1;1;-1;-1;-1;-1;-1;-1;1;1;1;3;2;4;-1;0;0;0;0;0;0;0;0;0;0;0;0;0;1;1;0;0;-1;-1;0;0;-1;-1;-1;-1;-1;-1;-1;-1;-1;11;17;50;84;95;28;73;84;50;0;0;4.44;2.61;KÍ;HB;2.23;1.31;2.22;1.67;1.42;1.68;89;84;50;17;6;0;0;0;0;0;0;1155;27;Y;Y;N;N;N;N;N
341729;6879;6877;2015;complete;2427;20;-1;27,39;64,90;2;2;4;-1;-1;-1;-1;-1;3;4;1;0;-1;-1;-1;-1;-1;-1;-1;-1;-1;-1;5;4;0;0;0;0;0;0;0;0;0;0;0;0;0;0;0;0;0;0;0;0;0;0;0;0;0;0;0;0;0;0;0;0;0;0;0;0;0;0;0;0;0;0;0;0;0;0;0;0;0;0;0;0;0;0;0;0;0;0;0;0;0;0;0;0;0;0;0;0;4;2;0;0;2;2;2;2015-08-09 14:00:00;-1;0;70;25;30;0;-1;1;-1;-1;-1;-1;-1;-1;1;1;3;3;2;6;-1;0;0;0;0;0;0;0;0;1;0;1;0;0;1;1;0;0;-1;-1;1;1;-1;-1;-1;-1;-1;-1;-1;-1;-1;10;50;70;85;90;45;80;80;50;0;0;5.1;3.25;Suduroy;TB;1.08;0.86;1;1;0.79;1.11;90;50;30;15;10;0;0;0;0;0;0;1155;27;Y;Y;Y;Y;N;N;Y
341730;66;5415;2015;complete;2427;20;-1;44,75,79;;3;0;3;-1;-1;-1;-1;-1;2;3;0;0;-1;-1;-1;-1;-1;-1;-1;-1;-1;-1;2;3;0;0;0;0;0;0;0;0;0;0;0;0;0;0;0;0;0;0;0;0;0;0;0;0;0;0;0;0;0;0;0;0;0;0;0;0;0;0;0;0;0;0;0;0;0;0;0;0;0;0;0;0;0;0;0;0;0;0;0;0;0;0;0;0;0;0;0;0;3;1;0;2;0;2;1;2015-08-09 14:00:00;66;0;56;39;17;0;-1;1;-1;-1;-1;-1;-1;-1;0;3;2;0;3;2;-1;0;0;0;0;0;0;0;0;0;0;0;0;0;1;1;0;0;-1;-1;0;0;-1;-1;-1;-1;-1;-1;-1;-1;-1;28;39;73;89;100;50;78;84;56;0;0;4.85;3.61;B36;NSÍ;2.38;1.62;2.33;1.89;2.21;2.11;73;61;28;11;0;0;0;0;0;0;0;1155;27;Y;Y;Y;N;N;N;N
341731;6876;997;2015;complete;2427;20;-1;27,38,78,88;42;4;1;5;-1;-1;-1;-1;-1;0;3;0;0;-1;-1;-1;-1;-1;-1;-1;-1;-1;-1;0;3;0;0;0;0;0;0;0;0;0;0;0;0;0;0;0;0;0;0;0;0;0;0;0;0;0;0;0;0;0;0;0;0;0;0;0;0;0;0;0;0;0;0;0;0;0;0;0;0;0;0;0;0;0;0;0;0;0;0;0;0;0;0;0;0;0;0;0;0;5;2;1;2;0;2;3;2015-08-09 14:00:00;6876;0;77;36;47;0;-1;1;-1;-1;-1;-1;-1;-1;0;1;0;2;1;2;-1;0;0;0;0;0;0;0;0;0;0;0;0;0;1;1;0;0;-1;-1;0;0;-1;-1;-1;-1;-1;-1;-1;-1;-1;42;65;89;100;100;60;89;89;77;0;0;4.52;4.19;ÍF;EB - Streymur;1.31;0.25;1.33;0.38;1.05;0.37;59;36;11;0;0;0;0;0;0;0;0;1155;27;Y;Y;Y;Y;Y;N;Y
341732;6875;1211;2015;complete;2427;20;-1;;;0;0;0;-1;-1;-1;-1;-1;3;1;0;0;-1;-1;-1;-1;-1;-1;-1;-1;-1;-1;3;1;0;0;0;0;0;0;0;0;0;0;0;0;0;0;0;0;0;0;0;0;0;0;0;0;0;0;0;0;0;0;0;0;0;0;0;0;0;0;0;0;0;0;0;0;0;0;0;0;0;0;0;0;0;0;0;0;0;0;0;0;0;0;0;0;0;0;0;0;0;0;0;0;0;0;0;2015-08-09 16:15:00;-1;0;76;35;40;0;-1;1;-1;-1;-1;-1;-1;-1;1;0;2;1;1;3;-1;0;0;0;0;0;0;0;0;0;0;0;0;0;1;1;0;0;-1;-1;0;0;-1;-1;-1;-1;-1;-1;-1;-1;-1;17;46;70;82;89;41;82;82;46;0;0;4;3.14;AB;Víkingur;0.85;1.46;0.38;1.67;0.63;1.95;84;54;31;18;12;0;0;0;0;0;0;1155;27;N;N;N;N;N;N;N
341733;1211;5415;2015;complete;2427;23;-1;3,40,44;82;3;1;4;-1;-1;-1;-1;-1;4;3;0;0;-1;-1;-1;-1;-1;-1;-1;-1;-1;-1;4;3;0;0;0;0;0;0;0;0;0;0;0;0;0;0;0;0;0;0;0;0;0;0;0;0;0;0;0;0;0;0;0;0;0;0;0;0;0;0;0;0;0;0;0;0;0;0;0;0;0;0;0;0;0;0;0;0;0;0;0;0;0;0;0;0;0;0;0;0;4;3;0;0;1;1;3;2015-08-12 17:00:00;1211;0;65;35;25;0;-1;1;-1;-1;-1;-1;-1;-1;0;1;4;2;1;6;-1;0;0;0;0;0;0;0;0;0;0;0;0;0;1;1;1;0;-1;-1;0;0;-1;-1;-1;-1;-1;-1;-1;-1;-1;35;55;85;100;100;65;85;95;70;0;0;4.57;4.3;Víkingur;NSÍ;2.43;1.62;2.2;1.7;1.9;2;65;45;15;0;0;0;0;0;0;0;0;1155;27;Y;Y;Y;Y;N;N;Y
341734;997;66;2015;complete;2427;21;-1;;43,44,53,68,74;0;5;5;-1;-1;-1;-1;-1;-1;-1;-1;-1;-1;-1;-1;-1;-1;-1;-1;-1;-1;-1;-1;-1;0;0;0;0;0;0;0;0;0;0;0;0;0;0;0;0;0;0;0;0;0;0;0;0;0;0;0;0;0;0;0;0;0;0;0;0;0;0;0;0;0;0;0;0;0;0;0;0;0;0;0;0;0;0;0;0;0;0;0;0;0;0;0;0;0;0;0;0;5;0;2;0;3;3;2;2015-08-16 14:00:00;66;0;63;15;39;0;-1;-1;-1;-1;-1;-1;-1;-1;-1;-1;-1;-1;-1;-1;-1;0;0;0;0;0;0;0;0;0;0;0;0;0;1;1;0;0;-1;-1;-1;-1;-1;-1;-1;-1;-1;-1;-1;-1;-1;9;53;72;96;96;34;63;96;81;0;0;3.9;3.52;EB - Streymur;B36;0.53;2.14;0.36;2.1;0.35;2.25;91;47;29;5;5;0;0;0;0;0;0;1155;27;Y;Y;Y;Y;Y;N;N
341735;6877;5404;2015;complete;2427;21;-1;86;16;1;1;2;-1;-1;-1;-1;-1;4;3;0;0;-1;-1;-1;-1;-1;-1;-1;-1;-1;-1;4;3;0;0;0;0;0;0;0;0;0;0;0;0;0;0;0;0;0;0;0;0;0;0;0;0;0;0;0;0;0;0;0;0;0;0;0;0;0;0;0;0;0;0;0;0;0;0;0;0;0;0;0;0;0;0;0;0;0;0;0;0;0;0;0;0;0;0;0;0;2;0;1;1;0;1;1;2015-08-16 14:00:00;-1;0;85;43;32;0;-1;1;-1;-1;-1;-1;-1;-1;2;1;2;2;3;4;-1;0;0;0;0;0;0;0;0;0;0;0;0;0;1;1;0;0;-1;-1;0;0;-1;-1;-1;-1;-1;-1;-1;-1;-1;27;53;63;95;100;58;95;90;53;0;0;5.21;3.57;TB;KÍ;1.08;0.86;1.22;0.7;1.1;1.5;74;47;37;5;0;0;0;0;0;0;0;1155;27;Y;Y;N;N;N;N;Y
341736;985;6875;2015;complete;2427;21;-1;18,38,64;39;3;1;4;-1;-1;-1;-1;-1;3;2;0;0;-1;-1;-1;-1;-1;-1;-1;-1;-1;-1;3;2;0;0;0;0;0;0;0;0;0;0;0;0;0;0;0;0;0;0;0;0;0;0;0;0;0;0;0;0;0;0;0;0;0;0;0;0;0;0;0;0;0;0;0;0;0;0;0;0;0;0;0;0;0;0;0;0;0;0;0;0;0;0;0;0;0;0;0;0;4;2;1;1;0;1;3;2015-08-16 14:00:00;985;0;76;9;63;0;-1;1;-1;-1;-1;-1;-1;-1;1;0;2;2;1;4;-1;0;0;0;0;0;0;0;0;0;0;0;0;0;1;1;0;0;-1;-1;0;0;-1;-1;-1;-1;-1;-1;-1;-1;-1;10;48;62;81;86;29;67;81;67;0;0;4.47;2.95;HB;AB;1.86;0.93;1.7;0.82;1.6;0.65;91;53;38;20;15;0;0;0;0;0;0;1155;27;Y;Y;Y;Y;N;N;Y
341737;5415;6879;2015;complete;2427;21;-1;10,17,39,62,69;5;5;1;6;-1;-1;-1;-1;-1;3;4;0;0;-1;-1;-1;-1;-1;-1;-1;-1;-1;-1;3;4;0;0;0;0;0;0;0;0;0;0;0;0;0;0;0;0;0;0;0;0;0;0;0;0;0;0;0;0;0;0;0;0;0;0;0;0;0;0;0;0;0;0;0;0;0;0;0;0;0;0;0;0;0;0;0;0;0;0;0;0;0;0;0;0;0;0;0;0;6;3;1;2;0;2;4;2015-08-16 14:00:00;5415;0;63;26;47;0;-1;1;-1;-1;-1;-1;-1;-1;1;0;2;4;1;6;-1;0;0;0;0;0;0;0;0;0;0;0;0;0;1;1;1;1;-1;-1;0;0;-1;-1;-1;-1;-1;-1;-1;-1;-1;42;58;79;84;90;42;79;79;79;0;0;4.13;3.94;NSÍ;Suduroy;2.36;0.57;2.3;0.56;1.9;0.8;58;42;21;16;11;0;0;0;0;0;0;1155;27;Y;Y;Y;Y;Y;Y;Y
341738;1211;6876;2015;complete;2427;21;-1;3,51,78,85;62,90;4;2;6;-1;-1;-1;-1;-1;2;3;0;0;-1;-1;-1;-1;-1;-1;-1;-1;-1;-1;2;3;0;0;0;0;0;0;0;0;0;0;0;0;0;0;0;0;0;0;0;0;0;0;0;0;0;0;0;0;0;0;0;0;0;0;0;0;0;0;0;0;0;0;0;0;0;0;0;0;0;0;0;0;0;0;0;0;0;0;0;0;0;0;0;0;0;0;0;0;6;1;0;3;2;5;1;2015-08-16 14:00:00;1211;0;67;19;24;0;-1;1;-1;-1;-1;-1;-1;-1;1;1;1;2;2;3;-1;0;0;0;0;0;0;0;0;0;0;0;0;0;1;1;1;0;-1;-1;0;0;-1;-1;-1;-1;-1;-1;-1;-1;-1;19;57;71;90;95;62;81;80;48;0;0;4.59;3.64;Víkingur;ÍF;2.43;0.71;2.27;0.8;1.95;1.15;82;43;29;10;5;0;0;0;0;0;0;1155;27;Y;Y;Y;Y;Y;Y;Y
341739;6879;5404;2015;complete;2427;22;-1;;45,61;0;2;2;-1;-1;-1;-1;-1;3;1;1;0;-1;-1;-1;-1;-1;-1;-1;-1;-1;-1;5;1;0;0;0;0;0;0;0;0;0;0;0;0;0;0;0;0;0;0;0;0;0;0;0;0;0;0;0;0;0;0;0;0;0;0;0;0;0;0;0;0;0;0;0;0;0;0;0;0;0;0;0;0;0;0;0;0;0;0;0;0;0;0;0;0;0;0;0;0;2;0;1;0;1;1;1;2015-08-23 14:00:00;5404;0;87;36;23;0;-1;1;-1;-1;-1;-1;-1;-1;4;0;0;1;4;1;-1;0;0;0;0;0;0;0;0;0;0;0;0;0;1;1;0;0;-1;-1;0;0;-1;-1;-1;-1;-1;-1;-1;-1;-1;14;59;78;96;100;69;96;91;50;0;0;5;3.64;Suduroy;KÍ;1.08;0.86;1;0.73;0.76;1.48;87;41;23;5;0;0;0;0;0;0;0;1155;27;Y;Y;N;N;N;N;N
341740;5415;997;2015;complete;2427;22;-1;60,66,69,73,89,90;;6;0;6;-1;-1;-1;-1;-1;1;3;0;0;-1;-1;-1;-1;-1;-1;-1;-1;-1;-1;1;3;0;0;0;0;0;0;0;0;0;0;0;0;0;0;0;0;0;0;0;0;0;0;0;0;0;0;0;0;0;0;0;0;0;0;0;0;0;0;0;0;0;0;0;0;0;0;0;0;0;0;0;0;0;0;0;0;0;0;0;0;0;0;0;0;0;0;0;0;6;0;0;6;0;6;0;2015-08-23 14:00:00;5415;0;76;40;39;0;-1;1;-1;-1;-1;-1;-1;-1;0;1;1;2;1;3;-1;0;0;0;0;0;0;0;0;0;0;0;0;0;1;1;0;0;-1;-1;0;0;-1;-1;-1;-1;-1;-1;-1;-1;-1;51;66;91;96;96;67;91;86;80;0;0;4.58;4.36;NSÍ;EB - Streymur;2.36;0.25;2.36;0.33;1.95;0.33;50;35;9;5;5;0;0;0;0;0;0;1155;27;Y;Y;Y;Y;Y;Y;N
341741;6876;985;2015;complete;2427;22;-1;60,90;38,89;2;2;4;-1;-1;-1;-1;-1;3;2;0;0;-1;-1;-1;-1;-1;-1;-1;-1;-1;-1;3;2;0;0;0;0;0;0;0;0;0;0;0;0;0;0;0;0;0;0;0;0;0;0;0;0;0;0;0;0;0;0;0;0;0;0;0;0;0;0;0;0;0;0;0;0;0;0;0;0;0;0;0;0;0;0;0;0;0;0;0;0;0;0;0;0;0;0;0;0;4;0;1;2;1;3;1;2015-08-23 14:00:00;-1;0;60;30;30;0;-1;1;-1;-1;-1;-1;-1;-1;2;1;1;1;3;2;-1;0;0;0;0;0;0;0;0;0;0;0;0;0;1;1;0;0;-1;-1;0;0;-1;-1;-1;-1;-1;-1;-1;-1;-1;20;35;55;95;100;40;75;90;55;0;0;4.1;3.15;ÍF;HB;1.31;1.31;1.5;1.5;1.1;1.67;80;65;45;5;0;0;0;0;0;0;0;1155;27;Y;Y;Y;Y;N;N;Y
341742;6875;6877;2015;complete;2427;22;-1;30,82,89;;3;0;3;-1;-1;-1;-1;-1;3;2;0;0;-1;-1;-1;-1;-1;-1;-1;-1;-1;-1;3;2;0;0;0;0;0;0;0;0;0;0;0;0;0;0;0;0;0;0;0;0;0;0;0;0;0;0;0;0;0;0;0;0;0;0;0;0;0;0;0;0;0;0;0;0;0;0;0;0;0;0;0;0;0;0;0;0;0;0;0;0;0;0;0;0;0;0;0;0;3;1;0;2;0;2;1;2015-08-23 14:00:00;6875;0;51;11;19;0;-1;1;-1;-1;-1;-1;-1;-1;1;1;2;1;2;3;-1;0;0;0;0;0;0;0;0;0;0;0;0;0;1;1;0;0;-1;-1;0;1;-1;-1;-1;-1;-1;-1;-1;-1;-1;5;29;50;70;80;26;70;70;39;0;0;4.75;2.51;AB;TB;0.85;0.86;0.44;1;0.62;1.1;96;71;51;30;20;0;0;0;0;0;0;1155;27;Y;Y;Y;N;N;N;N
341743;66;1211;2015;complete;2427;22;-1;70;;1;0;1;-1;-1;-1;-1;-1;5;2;0;0;-1;-1;-1;-1;-1;-1;-1;-1;-1;-1;5;2;0;0;0;0;0;0;0;0;0;0;0;0;0;0;0;0;0;0;0;0;0;0;0;0;0;0;0;0;0;0;0;0;0;0;0;0;0;0;0;0;0;0;0;0;0;0;0;0;0;0;0;0;0;0;0;0;0;0;0;0;0;0;0;0;0;0;0;0;1;0;0;1;0;1;0;2015-08-23 16:15:00;66;0;60;30;35;0;-1;1;-1;-1;-1;-1;-1;-1;1;1;4;1;2;5;-1;0;0;0;0;0;0;0;0;0;0;0;0;0;1;1;0;0;-1;-1;0;0;-1;-1;-1;-1;-1;-1;-1;-1;-1;20;40;70;80;90;35;80;80;50;0;0;4.1;3.15;B36;Víkingur;2.38;1.46;2.4;1.6;2.29;2;80;60;30;20;10;0;0;0;0;0;0;1155;27;Y;N;N;N;N;N;N
341744;985;66;2015;complete;2427;23;-1;62;10,45;1;2;3;-1;-1;-1;-1;-1;0;2;0;0;-1;-1;-1;-1;-1;-1;-1;-1;-1;-1;0;2;0;0;0;0;0;0;0;0;0;0;0;0;0;0;0;0;0;0;0;0;0;0;0;0;0;0;0;0;0;0;0;0;0;0;0;0;0;0;0;0;0;0;0;0;0;0;0;0;0;0;0;0;0;0;0;0;0;0;0;0;0;0;0;0;0;0;0;0;3;0;2;1;0;1;2;2015-08-27 17:00:00;66;0;78;14;60;0;-1;1;-1;-1;-1;-1;-1;-1;0;1;0;1;1;1;-1;0;0;0;0;0;0;0;0;0;0;0;0;0;1;1;0;1;-1;-1;0;0;-1;-1;-1;-1;-1;-1;-1;-1;-1;9;64;69;87;91;46;73;87;73;0;0;4.67;3.23;HB;B36;1.86;2.14;1.82;2.18;1.64;2.32;91;36;32;14;9;0;0;0;0;0;0;1155;27;Y;Y;Y;N;N;N;Y
341745;5404;6875;2015;complete;2427;23;-1;61;20,33,69;1;3;4;-1;-1;-1;-1;-1;1;2;0;0;-1;-1;-1;-1;-1;-1;-1;-1;-1;-1;1;2;0;0;0;0;0;0;0;0;0;0;0;0;0;0;0;0;0;0;0;0;0;0;0;0;0;0;0;0;0;0;0;0;0;0;0;0;0;0;0;0;0;0;0;0;0;0;0;0;0;0;0;0;0;0;0;0;0;0;0;0;0;0;0;0;0;0;0;0;4;0;2;1;1;2;2;2015-08-27 17:00:00;6875;0;62;23;45;0;-1;1;-1;-1;-1;-1;-1;-1;0;0;1;2;0;3;-1;0;0;0;0;0;0;0;0;0;0;0;0;0;1;1;0;0;-1;-1;0;0;-1;-1;-1;-1;-1;-1;-1;-1;-1;14;40;64;86;91;27;74;86;59;0;0;4.45;3.04;KÍ;AB;2.23;0.93;2.3;0.75;1.55;0.73;86;60;37;14;9;0;0;0;0;0;0;1155;27;Y;Y;Y;Y;N;N;Y
341746;6877;6876;2015;complete;2427;23;-1;90;45;1;1;2;-1;-1;-1;-1;-1;1;0;0;0;-1;-1;-1;-1;-1;-1;-1;-1;-1;-1;1;0;0;0;0;0;0;0;0;0;0;0;0;0;0;0;0;0;0;0;0;0;0;0;0;0;0;0;0;0;0;0;0;0;0;0;0;0;0;0;0;0;0;0;0;0;0;0;0;0;0;0;0;0;0;0;0;0;0;0;0;0;0;0;0;0;0;0;0;0;2;0;1;1;0;1;1;2015-08-30 14:00:00;-1;0;82;34;34;0;-1;1;-1;-1;-1;-1;-1;-1;0;0;1;0;0;1;-1;0;0;0;0;0;0;0;0;0;0;0;0;0;1;1;0;0;-1;-1;0;0;-1;-1;-1;-1;-1;-1;-1;-1;-1;24;53;57;91;96;48;82;77;48;0;0;5.75;3.29;TB;ÍF;1.08;0.71;1.2;0.73;1.05;1.09;76;48;43;9;5;0;0;0;0;0;0;1155;27;Y;Y;N;N;N;N;Y
341747;997;6879;2015;complete;2427;23;-1;8,24,65;13,38,69,86,90;3;5;8;-1;-1;-1;-1;-1;2;1;0;0;-1;-1;-1;-1;-1;-1;-1;-1;-1;-1;2;1;0;0;0;0;0;0;0;0;0;0;0;0;0;0;0;0;0;0;0;0;0;0;0;0;0;0;0;0;0;0;0;0;0;0;0;0;0;0;0;0;0;0;0;0;0;0;0;0;0;0;0;0;0;0;0;0;0;0;0;0;0;0;0;0;0;0;0;0;8;2;2;1;3;4;4;2015-08-30 14:00:00;6879;0;47;19;29;0;-1;1;-1;-1;-1;-1;-1;-1;1;0;1;1;1;2;-1;0;0;0;0;0;0;0;0;0;0;0;0;0;1;1;1;0;-1;-1;0;0;-1;-1;-1;-1;-1;-1;-1;-1;-1;38;51;78;86;91;33;69;86;82;0;0;4;3.88;EB - Streymur;Suduroy;0.53;0.57;0.33;0.5;0.32;0.73;63;49;23;14;9;0;0;0;0;0;0;1155;27;Y;Y;Y;Y;Y;Y;Y
341748;5415;985;2015;complete;2427;24;-1;;;0;0;0;-1;-1;-1;-1;-1;2;2;0;0;-1;-1;-1;-1;-1;-1;-1;-1;-1;-1;2;2;0;0;0;0;0;0;0;0;0;0;0;0;0;0;0;0;0;0;0;0;0;0;0;0;0;0;0;0;0;0;0;0;0;0;0;0;0;0;0;0;0;0;0;0;0;0;0;0;0;0;0;0;0;0;0;0;0;0;0;0;0;0;0;0;0;0;0;0;0;0;0;0;0;0;0;2015-09-13 14:00:00;-1;0;56;26;30;0;-1;1;-1;-1;-1;-1;-1;-1;0;0;2;2;0;4;-1;0;0;0;0;0;0;0;0;0;0;0;0;0;1;1;0;0;-1;-1;0;0;-1;-1;-1;-1;-1;-1;-1;-1;-1;25;38;60;92;96;39;74;87;60;0;0;4.19;3.39;NSÍ;HB;2.36;1.31;2.42;1.45;2;1.57;75;62;41;9;4;0;0;0;0;0;0;1155;27;N;N;N;N;N;N;N
341749;6876;5404;2015;complete;2427;24;-1;52;6;1;1;2;-1;-1;-1;-1;-1;4;2;0;0;-1;-1;-1;-1;-1;-1;-1;-1;-1;-1;4;2;0;0;0;0;0;0;0;0;0;0;0;0;0;0;0;0;0;0;0;0;0;0;0;0;0;0;0;0;0;0;0;0;0;0;0;0;0;0;0;0;0;0;0;0;0;0;0;0;0;0;0;0;0;0;0;0;0;0;0;0;0;0;0;0;0;0;0;0;2;0;1;1;0;1;1;2015-09-13 14:00:00;-1;0;75;31;36;0;-1;1;-1;-1;-1;-1;-1;-1;1;1;3;1;2;4;-1;0;0;0;0;0;0;0;0;0;0;0;0;0;1;1;0;1;-1;-1;0;0;-1;-1;-1;-1;-1;-1;-1;-1;-1;27;58;70;96;100;48;91;92;62;0;0;3.9;3.76;ÍF;KÍ;1.31;0.86;1.45;0.92;1.09;1.48;74;43;30;4;0;0;0;0;0;0;0;1155;27;Y;Y;N;N;N;N;Y
341750;66;6877;2015;complete;2427;24;-1;54,68;59;2;1;3;-1;-1;-1;-1;-1;1;3;0;1;-1;-1;-1;-1;-1;-1;-1;-1;-1;-1;1;4;0;0;0;0;0;0;0;0;0;0;0;0;0;0;0;0;0;0;0;0;0;0;0;0;0;0;0;0;0;0;0;0;0;0;0;0;0;0;0;0;0;0;0;0;0;0;0;0;0;0;0;0;0;0;0;0;0;0;0;0;0;0;0;0;0;0;0;0;3;0;0;2;1;3;0;2015-09-13 14:00:00;66;0;39;9;17;0;-1;1;-1;-1;-1;-1;-1;-1;1;1;0;3;2;3;-1;0;0;0;0;0;0;0;0;0;0;0;0;0;1;1;0;0;-1;-1;0;0;-1;-1;-1;-1;-1;-1;-1;-1;-1;9;26;57;74;92;22;74;79;47;0;0;5.03;2.78;B36;TB;2.38;0.86;2.45;0.92;2.35;1.04;92;75;44;26;9;0;0;0;0;0;0;1155;27;Y;Y;Y;N;N;N;Y
341751;997;1211;2015;complete;2427;24;-1;48,64;88;2;1;3;-1;-1;-1;-1;-1;1;2;0;0;-1;-1;-1;-1;-1;-1;-1;-1;-1;-1;1;2;0;0;0;0;0;0;0;0;0;0;0;0;0;0;0;0;0;0;0;0;0;0;0;0;0;0;0;0;0;0;0;0;0;0;0;0;0;0;0;0;0;0;0;0;0;0;0;0;0;0;0;0;0;0;0;0;0;0;0;0;0;0;0;0;0;0;0;0;3;0;0;2;1;3;0;2015-09-13 14:00:00;997;0;56;26;39;0;-1;1;-1;-1;-1;-1;-1;-1;1;1;0;1;2;1;-1;0;0;0;0;0;0;0;0;0;0;0;0;0;1;1;0;0;-1;-1;0;0;-1;-1;-1;-1;-1;-1;-1;-1;-1;29;51;75;83;87;34;68;87;70;0;0;3.46;3.68;EB - Streymur;Víkingur;0.53;1.46;0.31;1.45;0.3;1.91;71;50;25;18;13;0;0;0;0;0;0;1155;27;Y;Y;Y;N;N;N;Y
341752;6875;6879;2015;complete;2427;24;-1;17,29;50;2;1;3;-1;-1;-1;-1;-1;3;3;0;1;-1;-1;-1;-1;-1;-1;-1;-1;-1;-1;3;5;0;0;0;0;0;0;0;0;0;0;0;0;0;0;0;0;0;0;0;0;0;0;0;0;0;0;0;0;0;0;0;0;0;0;0;0;0;0;0;0;0;0;0;0;0;0;0;0;0;0;0;0;0;0;0;0;0;0;0;0;0;0;0;0;0;0;0;0;3;2;0;0;1;1;2;2015-09-13 14:00:00;6875;0;57;28;28;0;-1;1;-1;-1;-1;-1;-1;-1;1;1;2;3;2;5;-1;0;0;0;0;0;0;0;1;0;1;0;0;0;1;1;0;0;-1;-1;0;0;-1;-1;-1;-1;-1;-1;-1;-1;-1;28;42;66;76;86;38;76;76;56;0;0;4.56;3.28;AB;Suduroy;0.85;0.57;0.7;0.73;0.83;0.83;73;58;34;24;15;0;0;0;0;0;0;1155;27;Y;Y;Y;N;N;N;Y
341753;985;997;2015;complete;2427;25;-1;40,44,62,64,65,83;;6;0;6;-1;-1;-1;-1;-1;0;2;0;0;-1;-1;-1;-1;-1;-1;-1;-1;-1;-1;0;2;0;0;0;0;0;0;0;0;0;0;0;0;0;0;0;0;0;0;0;0;0;0;0;0;0;0;0;0;0;0;0;0;0;0;0;0;0;0;0;0;0;0;0;0;0;0;0;0;0;0;0;0;0;0;0;0;0;0;0;0;0;0;0;0;0;0;0;0;6;2;0;4;0;4;2;2015-09-20 14:00:00;985;0;73;24;44;0;-1;1;-1;-1;-1;-1;-1;-1;0;1;0;1;1;1;-1;0;0;0;0;0;0;0;0;0;0;0;0;0;1;1;0;0;-1;-1;0;0;-1;-1;-1;-1;-1;-1;-1;-1;-1;34;60;84;88;92;56;83;83;69;0;0;4.78;3.76;HB;EB - Streymur;1.86;0.25;1.67;0.3;1.54;0.42;66;40;17;13;9;0;0;0;0;0;0;1155;27;Y;Y;Y;Y;Y;Y;N
341754;5404;66;2015;complete;2427;25;-1;31,43;11;2;1;3;-1;-1;-1;-1;-1;2;2;0;0;-1;-1;-1;-1;-1;-1;-1;-1;-1;-1;2;2;0;0;0;0;0;0;0;0;0;0;0;0;0;0;0;0;0;0;0;0;0;0;0;0;0;0;0;0;0;0;0;0;0;0;0;0;0;0;0;0;0;0;0;0;0;0;0;0;0;0;0;0;0;0;0;0;0;0;0;0;0;0;0;0;0;0;0;0;3;2;1;0;0;0;3;2015-09-20 14:00:00;5404;0;64;18;48;0;-1;1;-1;-1;-1;-1;-1;-1;0;0;2;2;0;4;-1;0;0;0;0;0;0;0;0;0;0;0;0;0;1;1;0;0;-1;-1;0;0;-1;-1;-1;-1;-1;-1;-1;-1;-1;13;52;70;91;96;43;79;91;70;0;0;4.45;3.25;KÍ;B36;2.23;2.14;2.09;2.25;1.46;2.38;87;49;31;9;5;0;0;0;0;0;0;1155;27;Y;Y;Y;N;N;N;Y
341755;1211;6879;2015;complete;2427;25;-1;34,44,52;37;3;1;4;-1;-1;-1;-1;-1;1;2;0;0;-1;-1;-1;-1;-1;-1;-1;-1;-1;-1;1;2;0;0;0;0;0;0;0;0;0;0;0;0;0;0;0;0;0;0;0;0;0;0;0;0;0;0;0;0;0;0;0;0;0;0;0;0;0;0;0;0;0;0;0;0;0;0;0;0;0;0;0;0;0;0;0;0;0;0;0;0;0;0;0;0;0;0;0;0;4;2;1;1;0;1;3;2015-09-20 14:00:00;1211;0;71;25;38;0;-1;1;-1;-1;-1;-1;-1;-1;1;1;0;1;2;1;-1;0;0;0;0;0;0;0;0;1;0;1;0;0;1;1;0;0;-1;-1;0;0;-1;-1;-1;-1;-1;-1;-1;-1;-1;42;63;83;92;96;59;88;92;67;0;0;4.66;4.34;Víkingur;Suduroy;2.43;0.57;2.33;0.67;1.83;0.79;59;38;17;9;4;0;0;0;0;0;0;1155;27;Y;Y;Y;Y;N;N;Y
341756;6877;5415;2015;complete;2427;25;-1;38,89;34,42;2;2;4;-1;-1;-1;-1;-1;2;2;0;0;-1;-1;-1;-1;-1;-1;-1;-1;-1;-1;2;2;0;0;0;0;0;0;0;0;0;0;0;0;0;0;0;0;0;0;0;0;0;0;0;0;0;0;0;0;0;0;0;0;0;0;0;0;0;0;0;0;0;0;0;0;0;0;0;0;0;0;0;0;0;0;0;0;0;0;0;0;0;0;0;0;0;0;0;0;4;1;2;1;0;1;3;2015-09-20 14:00:00;-1;0;82;45;27;0;-1;1;-1;-1;-1;-1;-1;-1;2;1;0;1;3;1;-1;0;0;0;0;0;0;0;0;0;0;0;0;0;1;1;0;0;-1;-1;0;0;-1;-1;-1;-1;-1;-1;-1;-1;-1;32;50;68;100;100;55;87;91;59;0;0;5.7;3.73;TB;NSÍ;1.08;1.62;1.18;1.55;1;1.96;69;50;32;0;0;0;0;0;0;0;0;1155;27;Y;Y;Y;Y;N;N;Y
341757;6875;6876;2015;complete;2427;25;-1;6,44;7,83;2;2;4;-1;-1;-1;-1;-1;2;1;0;0;-1;-1;-1;-1;-1;-1;-1;-1;-1;-1;2;1;0;0;0;0;0;0;0;0;0;0;0;0;0;0;0;0;0;0;0;0;0;0;0;0;0;0;0;0;0;0;0;0;0;0;0;0;0;0;0;0;0;0;0;0;0;0;0;0;0;0;0;0;0;0;0;0;0;0;0;0;0;0;0;0;0;0;0;0;4;2;1;0;1;1;3;2015-09-20 14:00:00;-1;0;61;18;17;0;-1;1;-1;-1;-1;-1;-1;-1;0;0;2;1;0;3;-1;0;0;0;0;0;0;0;0;0;0;0;0;0;1;1;1;1;-1;-1;0;0;-1;-1;-1;-1;-1;-1;-1;-1;-1;9;34;57;78;87;39;74;70;35;0;0;4.6;2.72;AB;ÍF;0.85;0.71;0.91;0.75;0.92;1.08;92;66;44;22;13;0;0;0;0;0;0;1155;27;Y;Y;Y;Y;N;N;Y
341758;5415;5404;2015;complete;2427;26;-1;26,78,80,90;64;4;1;5;-1;-1;-1;-1;-1;1;3;0;0;-1;-1;-1;-1;-1;-1;-1;-1;-1;-1;1;3;0;0;0;0;0;0;0;0;0;0;0;0;0;0;0;0;0;0;0;0;0;0;0;0;0;0;0;0;0;0;0;0;0;0;0;0;0;0;0;0;0;0;0;0;0;0;0;0;0;0;0;0;0;0;0;0;0;0;0;0;0;0;0;0;0;0;0;0;5;1;0;3;1;4;1;2015-09-27 14:00:00;5415;0;66;27;27;0;-1;1;-1;-1;-1;-1;-1;-1;1;2;0;1;3;1;-1;0;0;0;0;0;0;0;0;0;0;0;0;0;1;1;0;0;-1;-1;1;0;-1;-1;-1;-1;-1;-1;-1;-1;-1;31;50;66;89;93;46;85;85;58;0;0;3.93;3.7;NSÍ;KÍ;2.36;0.86;2.31;0.92;1.92;1.52;70;50;35;12;8;0;0;0;0;0;0;1155;27;Y;Y;Y;Y;Y;N;Y
341759;1211;985;2015;complete;2427;26;-1;7,16,87;62,90;3;2;5;-1;-1;-1;-1;-1;1;3;0;0;-1;-1;-1;-1;-1;-1;-1;-1;-1;-1;1;3;0;0;0;0;0;0;0;0;0;0;0;0;0;0;0;0;0;0;0;0;0;0;0;0;0;0;0;0;0;0;0;0;0;0;0;0;0;0;0;0;0;0;0;0;0;0;0;0;0;0;0;0;0;0;0;0;0;0;0;0;0;0;0;0;0;0;0;0;5;2;0;1;2;3;2;2015-09-27 14:00:00;1211;0;60;20;24;0;-1;1;-1;-1;-1;-1;-1;-1;0;0;1;3;0;4;-1;0;0;0;0;0;0;0;0;0;0;0;0;0;1;1;1;0;-1;-1;0;0;-1;-1;-1;-1;-1;-1;-1;-1;-1;16;39;59;92;96;47;80;92;44;0;0;4.33;3.28;Víkingur;HB;2.43;1.31;2.38;1.42;1.88;1.6;85;62;41;9;4;0;0;0;0;0;0;1155;27;Y;Y;Y;Y;Y;N;Y
341760;66;6875;2015;complete;2427;26;-1;38,70;49,75;2;2;4;-1;-1;-1;-1;-1;2;2;0;0;-1;-1;-1;-1;-1;-1;-1;-1;-1;-1;2;2;0;0;0;0;0;0;0;0;0;0;0;0;0;0;0;0;0;0;0;0;0;0;0;0;0;0;0;0;0;0;0;0;0;0;0;0;0;0;0;0;0;0;0;0;0;0;0;0;0;0;0;0;0;0;0;0;0;0;0;0;0;0;0;0;0;0;0;0;4;1;0;1;2;3;1;2015-09-27 14:00:00;-1;0;64;20;36;0;-1;1;-1;-1;-1;-1;-1;-1;1;2;1;0;3;1;-1;0;0;0;0;0;0;0;1;0;1;0;0;0;1;1;0;0;-1;-1;0;0;-1;-1;-1;-1;-1;-1;-1;-1;-1;8;36;64;84;96;32;68;88;52;0;0;4.56;2.95;B36;AB;2.38;0.93;2.5;0.92;2.28;0.92;92;65;37;17;4;0;0;0;0;0;0;1155;27;Y;Y;Y;Y;N;N;Y
341761;997;6877;2015;complete;2427;26;-1;44,45;2,25;2;2;4;-1;-1;-1;-1;-1;3;2;0;0;-1;-1;-1;-1;-1;-1;-1;-1;-1;-1;3;2;0;0;0;0;0;0;0;0;0;0;0;0;0;0;0;0;0;0;0;0;0;0;0;0;0;0;0;0;0;0;0;0;0;0;0;0;0;0;0;0;0;0;0;0;0;0;0;0;0;0;0;0;0;0;0;0;0;0;0;0;0;0;0;0;0;0;0;0;4;2;2;0;0;0;4;2015-09-27 14:00:00;-1;0;45;7;30;0;-1;1;-1;-1;-1;-1;-1;-1;0;1;3;1;1;4;-1;0;0;0;0;0;0;0;0;0;0;0;0;0;1;1;0;1;-1;-1;0;0;-1;-1;-1;-1;-1;-1;-1;-1;-1;19;37;71;85;89;22;63;85;74;0;0;4.19;3.46;EB - Streymur;TB;0.53;0.86;0.5;0.85;0.4;1;82;63;30;15;11;0;0;0;0;0;0;1155;27;Y;Y;Y;Y;N;N;Y
341762;6879;6876;2015;complete;2427;26;-1;41,52,60,80,81;31,34;5;2;7;-1;-1;-1;-1;-1;2;1;0;0;-1;-1;-1;-1;-1;-1;-1;-1;-1;-1;2;1;0;0;0;0;0;0;0;0;0;0;0;0;0;0;0;0;0;0;0;0;0;0;0;0;0;0;0;0;0;0;0;0;0;0;0;0;0;0;0;0;0;0;0;0;0;0;0;0;0;0;0;0;0;0;0;0;0;0;0;0;0;0;0;0;0;0;0;0;7;1;2;4;0;4;3;2015-09-27 14:00:00;6879;0;81;33;24;0;-1;1;-1;-1;-1;-1;-1;-1;0;1;2;0;1;2;-1;0;0;0;0;0;0;0;1;0;1;0;0;0;1;1;0;0;-1;-1;0;0;-1;-1;-1;-1;-1;-1;-1;-1;-1;12;61;73;93;96;61;85;81;44;0;0;5.23;3.41;Suduroy;ÍF;1.08;0.71;0.92;0.77;0.76;1.08;89;40;28;8;4;0;0;0;0;0;0;1155;27;Y;Y;Y;Y;Y;Y;Y
341763;6877;1211;2015;complete;2427;27;-1;;55,58;0;2;2;-1;-1;-1;-1;-1;1;2;0;0;-1;-1;-1;-1;-1;-1;-1;-1;-1;-1;1;2;0;0;0;0;0;0;0;0;0;0;0;0;0;0;0;0;0;0;0;0;0;0;0;0;0;0;0;0;0;0;0;0;0;0;0;0;0;0;0;0;0;0;0;0;0;0;0;0;0;0;0;0;0;0;0;0;0;0;0;0;0;0;0;0;0;0;0;0;2;0;0;0;2;2;0;2015-10-03 13:00:00;1211;0;88;42;46;0;-1;1;-1;-1;-1;-1;-1;-1;0;1;1;1;1;2;-1;0;0;0;0;0;0;0;0;0;0;0;0;0;1;1;0;0;-1;-1;0;0;-1;-1;-1;-1;-1;-1;-1;-1;-1;25;50;63;88;92;42;80;88;50;0;0;4.84;3.25;TB;Víkingur;1.08;1.46;1.17;1.33;1;1.92;75;50;38;13;9;0;0;0;0;0;0;1155;27;Y;Y;N;N;N;N;N
341764;6875;5415;2015;complete;2427;27;-1;;21;0;1;1;-1;-1;-1;-1;-1;2;2;0;0;-1;-1;-1;-1;-1;-1;-1;-1;-1;-1;2;2;0;0;0;0;0;0;0;0;0;0;0;0;0;0;0;0;0;0;0;0;0;0;0;0;0;0;0;0;0;0;0;0;0;0;0;0;0;0;0;0;0;0;0;0;0;0;0;0;0;0;0;0;0;0;0;0;0;0;0;0;0;0;0;0;0;0;0;0;1;0;1;0;0;0;1;2015-10-03 13:00:00;5415;0;63;38;13;0;-1;1;-1;-1;-1;-1;-1;-1;1;1;1;1;2;2;-1;0;0;0;0;0;0;0;0;0;0;0;0;0;1;1;0;0;-1;-1;0;0;-1;-1;-1;-1;-1;-1;-1;-1;-1;17;42;75;88;92;55;79;84;46;0;0;4.89;3.34;AB;NSÍ;0.85;1.62;0.92;1.5;0.92;1.96;84;59;25;13;9;0;0;0;0;0;0;1155;27;Y;N;N;N;N;N;N
341765;985;6879;2015;complete;2427;27;-1;7,43;;2;0;2;-1;-1;-1;-1;-1;6;4;0;0;-1;-1;-1;-1;-1;-1;-1;-1;-1;-1;6;4;0;0;0;0;0;0;0;0;0;0;0;0;0;0;0;0;0;0;0;0;0;0;0;0;0;0;0;0;0;0;0;0;0;0;0;0;0;0;0;0;0;0;0;0;0;0;0;0;0;0;0;0;0;0;0;0;0;0;0;0;0;0;0;0;0;0;0;0;2;2;0;0;0;0;2;2015-10-03 13:00:00;985;0;69;23;46;0;-1;1;-1;-1;-1;-1;-1;-1;2;1;4;3;3;7;-1;0;0;0;0;0;0;0;0;0;0;0;0;0;1;1;1;0;-1;-1;0;0;-1;-1;-1;-1;-1;-1;-1;-1;-1;31;58;77;81;89;50;81;81;66;0;0;4.46;3.69;HB;Suduroy;1.86;0.57;1.77;0.62;1.54;0.85;70;42;23;19;12;0;0;0;0;0;0;1155;27;Y;Y;N;N;N;N;N
341766;5404;997;2015;complete;2427;27;-1;6,39,65,67,76,90;90;6;1;7;-1;-1;-1;-1;-1;0;6;0;0;-1;-1;-1;-1;-1;-1;-1;-1;-1;-1;0;6;0;0;0;0;0;0;0;0;0;0;0;0;0;0;0;0;0;0;0;0;0;0;0;0;0;0;0;0;0;0;0;0;0;0;0;0;0;0;0;0;0;0;0;0;0;0;0;0;0;0;0;0;0;0;0;0;0;0;0;0;0;0;0;0;0;0;0;0;7;2;0;4;1;5;2;2015-10-03 13:00:00;5404;0;57;31;35;0;-1;1;-1;-1;-1;-1;-1;-1;0;2;0;4;2;4;-1;0;0;0;0;0;0;0;1;0;1;0;0;0;1;1;1;0;-1;-1;0;0;-1;-1;-1;-1;-1;-1;-1;-1;-1;41;53;84;92;96;53;87;83;70;0;0;4.72;3.87;KÍ;EB - Streymur;2.23;0.25;2.17;0.27;1.46;0.42;60;47;17;9;4;0;0;0;0;0;0;1155;27;Y;Y;Y;Y;Y;Y;Y
341767;6876;66;2015;complete;2427;27;-1;63;25,59,71;1;3;4;-1;-1;-1;-1;-1;4;2;0;0;-1;-1;-1;-1;-1;-1;-1;-1;-1;-1;4;2;0;0;0;0;0;0;0;0;0;0;0;0;0;0;0;0;0;0;0;0;0;0;0;0;0;0;0;0;0;0;0;0;0;0;0;0;0;0;0;0;0;0;0;0;0;0;0;0;0;0;0;0;0;0;0;0;0;0;0;0;0;0;0;0;0;0;0;0;4;0;1;1;2;3;1;2015-10-03 13:00:00;66;0;84;28;48;0;-1;1;-1;-1;-1;-1;-1;-1;2;1;2;1;3;3;-1;0;0;0;0;0;0;0;0;0;0;0;0;0;1;1;0;0;-1;-1;0;0;-1;-1;-1;-1;-1;-1;-1;-1;-1;21;65;76;100;100;52;80;92;72;0;0;4.33;3.69;ÍF;B36;1.31;2.14;1.42;2.08;1.04;2.23;80;36;24;0;0;0;0;0;0;0;0;1155;27;Y;Y;Y;Y;N;N;Y
