ID;HOMEID;AWAYID;SEASON;STATUS;ROUNDID;GAME_WEEK;REVISED_GAME_WEEK;HOMEGOALS;AWAYGOALS;HOMEGOALCOUNT;AWAYGOALCOUNT;TOTALGOALCOUNT;TEAM_A_CORNERS;TEAM_B_CORNERS;TOTALCORNERCOUNT;TEAM_A_OFFSIDES;TEAM_B_OFFSIDES;TEAM_A_YELLOW_CARDS;TEAM_B_YELLOW_CARDS;TEAM_A_RED_CARDS;TEAM_B_RED_CARDS;TEAM_A_SHOTSONTARGET;TEAM_B_SHOTSONTARGET;TEAM_A_SHOTSOFFTARGET;TEAM_B_SHOTSOFFTARGET;TEAM_A_SHOTS;TEAM_B_SHOTS;TEAM_A_FOULS;TEAM_B_FOULS;TEAM_A_POSSESSION;TEAM_B_POSSESSION;TEAM_A_CARDS_NUM;TEAM_B_CARDS_NUM;ODDS_FT_1;ODDS_FT_X;ODDS_FT_2;ODDS_FT_OVER05;ODDS_FT_OVER15;ODDS_FT_OVER25;ODDS_FT_OVER35;ODDS_FT_OVER45;ODDS_FT_UNDER05;ODDS_FT_UNDER15;ODDS_FT_UNDER25;ODDS_FT_UNDER35;ODDS_FT_UNDER45;ODDS_BTTS_YES;ODDS_BTTS_NO;ODDS_TEAM_A_CS_YES;ODDS_TEAM_A_CS_NO;ODDS_TEAM_B_CS_YES;ODDS_TEAM_B_CS_NO;ODDS_DOUBLECHANCE_1X;ODDS_DOUBLECHANCE_12;ODDS_DOUBLECHANCE_X2;ODDS_1ST_HALF_RESULT_1;ODDS_1ST_HALF_RESULT_X;ODDS_1ST_HALF_RESULT_2;ODDS_2ND_HALF_RESULT_1;ODDS_2ND_HALF_RESULT_X;ODDS_2ND_HALF_RESULT_2;ODDS_DNB_1;ODDS_DNB_2;ODDS_CORNERS_OVER_75;ODDS_CORNERS_OVER_85;ODDS_CORNERS_OVER_95;ODDS_CORNERS_OVER_105;ODDS_CORNERS_OVER_115;ODDS_CORNERS_UNDER_75;ODDS_CORNERS_UNDER_85;ODDS_CORNERS_UNDER_95;ODDS_CORNERS_UNDER_105;ODDS_CORNERS_UNDER_115;ODDS_CORNERS_1;ODDS_CORNERS_X;ODDS_CORNERS_2;ODDS_TEAM_TO_SCORE_FIRST_1;ODDS_TEAM_TO_SCORE_FIRST_X;ODDS_TEAM_TO_SCORE_FIRST_2;ODDS_WIN_TO_NIL_1;ODDS_WIN_TO_NIL_2;ODDS_1ST_HALF_OVER05;ODDS_1ST_HALF_OVER15;ODDS_1ST_HALF_OVER25;ODDS_1ST_HALF_OVER35;ODDS_1ST_HALF_UNDER05;ODDS_1ST_HALF_UNDER15;ODDS_1ST_HALF_UNDER25;ODDS_1ST_HALF_UNDER35;ODDS_2ND_HALF_OVER05;ODDS_2ND_HALF_OVER15;ODDS_2ND_HALF_OVER25;ODDS_2ND_HALF_OVER35;ODDS_2ND_HALF_UNDER05;ODDS_2ND_HALF_UNDER15;ODDS_2ND_HALF_UNDER25;ODDS_2ND_HALF_UNDER35;ODDS_BTTS_1ST_HALF_YES;ODDS_BTTS_1ST_HALF_NO;ODDS_BTTS_2ND_HALF_YES;ODDS_BTTS_2ND_HALF_NO;OVERALLGOALCOUNT;HT_GOALS_TEAM_A;HT_GOALS_TEAM_B;GOALS_2HG_TEAM_A;GOALS_2HG_TEAM_B;GOALCOUNT_2HG;HTGOALCOUNT;DATE_UNIX;WINNINGTEAM;NO_HOME_AWAY;BTTS_POTENTIAL;BTTS_FHG_POTENTIAL;BTTS_2HG_POTENTIAL;GOALTIMINGDISABLED;CORNER_TIMINGS_RECORDED;CARD_TIMINGS_RECORDED;TEAM_A_FH_CORNERS;TEAM_B_FH_CORNERS;TEAM_A_2H_CORNERS;TEAM_B_2H_CORNERS;CORNER_FH_COUNT;CORNER_2H_COUNT;TEAM_A_FH_CARDS;TEAM_B_FH_CARDS;TEAM_A_2H_CARDS;TEAM_B_2H_CARDS;TOTAL_FH_CARDS;TOTAL_2H_CARDS;ATTACKS_RECORDED;TEAM_A_DANGEROUS_ATTACKS;TEAM_B_DANGEROUS_ATTACKS;TEAM_A_ATTACKS;TEAM_B_ATTACKS;TEAM_A_XG;TEAM_B_XG;TOTAL_XG;TEAM_A_PENALTIES_WON;TEAM_B_PENALTIES_WON;TEAM_A_PENALTY_GOALS;TEAM_B_PENALTY_GOALS;TEAM_A_PENALTY_MISSED;TEAM_B_PENALTY_MISSED;PENS_RECORDED;GOAL_TIMINGS_RECORDED;TEAM_A_0_10_MIN_GOALS;TEAM_B_0_10_MIN_GOALS;TEAM_A_CORNERS_0_10_MIN;TEAM_B_CORNERS_0_10_MIN;TEAM_A_CARDS_0_10_MIN;TEAM_B_CARDS_0_10_MIN;THROWINS_RECORDED;TEAM_A_THROWINS;TEAM_B_THROWINS;FREEKICKS_RECORDED;TEAM_A_FREEKICKS;TEAM_B_FREEKICKS;GOALKICKS_RECORDED;TEAM_A_GOALKICKS;TEAM_B_GOALKICKS;O45_POTENTIAL;O35_POTENTIAL;O25_POTENTIAL;O15_POTENTIAL;O05_POTENTIAL;O15HT_POTENTIAL;O05HT_POTENTIAL;O05_2H_POTENTIAL;O15_2H_POTENTIAL;CORNERS_POTENTIAL;OFFSIDES_POTENTIAL;CARDS_POTENTIAL;AVG_POTENTIAL;HOME_NAME;AWAY_NAME;HOME_PPG;AWAY_PPG;PRE_MATCH_HOME_PPG;PRE_MATCH_AWAY_PPG;PRE_MATCH_TEAMA_OVERALL_PPG;PRE_MATCH_TEAMB_OVERALL_PPG;U45_POTENTIAL;U35_POTENTIAL;U25_POTENTIAL;U15_POTENTIAL;U05_POTENTIAL;CORNERS_O85_POTENTIAL;CORNERS_O95_POTENTIAL;CORNERS_O105_POTENTIAL;TEAM_A_XG_PREMATCH;TEAM_B_XG_PREMATCH;TOTAL_XG_PREMATCH;COMPETITION_ID;MATCHES_COMPLETED_MINIMUM;OVER05;OVER15;OVER25;OVER35;OVER45;OVER55;BTTS
341363;1211;66;2017;complete;2425;1;-1;73;14;1;1;2;-1;-1;-1;-1;-1;4;3;0;0;-1;-1;-1;-1;-1;-1;-1;-1;-1;-1;4;3;0;0;0;0;0;0;0;0;0;0;0;0;0;0;0;0;0;0;0;0;0;0;0;0;0;0;0;0;0;0;0;0;0;0;0;0;0;0;0;0;0;0;0;0;0;0;0;0;0;0;0;0;0;0;0;0;0;0;0;0;0;0;0;0;0;0;0;0;2;0;1;1;0;1;1;2017-03-12 15:00:00;-1;0;0;0;0;0;-1;1;-1;-1;-1;-1;-1;-1;3;1;1;2;4;3;-1;0;0;0;0;0;0;0;0;0;0;0;0;0;1;1;0;0;-1;-1;1;0;-1;-1;-1;-1;-1;-1;-1;-1;-1;0;0;0;0;0;0;0;0;0;0;0;0;0;Víkingur;B36;1.57;1.5;0;0;0;0;0;0;0;0;0;0;0;0;0;0;0;1153;27;Y;Y;N;N;N;N;Y
341364;985;6874;2017;complete;2425;1;-1;3,30;;2;0;2;-1;-1;-1;-1;-1;2;1;0;0;-1;-1;-1;-1;-1;-1;-1;-1;-1;-1;2;1;0;0;0;0;0;0;0;0;0;0;0;0;0;0;0;0;0;0;0;0;0;0;0;0;0;0;0;0;0;0;0;0;0;0;0;0;0;0;0;0;0;0;0;0;0;0;0;0;0;0;0;0;0;0;0;0;0;0;0;0;0;0;0;0;0;0;0;0;2;2;0;0;0;0;2;2017-03-12 15:00:00;985;0;0;0;0;0;-1;1;-1;-1;-1;-1;-1;-1;1;1;1;0;2;1;-1;0;0;0;0;0;0;0;0;0;0;0;0;0;1;1;1;0;-1;-1;0;0;-1;-1;-1;-1;-1;-1;-1;-1;-1;0;0;0;0;0;0;0;0;0;0;0;0;0;HB;07 Vestur;1.85;0.93;0;0;0;0;0;0;0;0;0;0;0;0;0;0;0;1153;27;Y;Y;N;N;N;N;N
341365;5415;997;2017;complete;2425;1;-1;37;4;1;1;2;-1;-1;-1;-1;-1;1;2;0;0;-1;-1;-1;-1;-1;-1;-1;-1;-1;-1;1;2;0;0;0;0;0;0;0;0;0;0;0;0;0;0;0;0;0;0;0;0;0;0;0;0;0;0;0;0;0;0;0;0;0;0;0;0;0;0;0;0;0;0;0;0;0;0;0;0;0;0;0;0;0;0;0;0;0;0;0;0;0;0;0;0;0;0;0;0;2;1;1;0;0;0;2;2017-03-12 15:00:00;-1;0;0;0;0;0;-1;1;-1;-1;-1;-1;-1;-1;0;0;1;2;0;3;-1;0;0;0;0;0;0;0;0;0;0;0;0;0;1;1;0;1;-1;-1;0;0;-1;-1;-1;-1;-1;-1;-1;-1;-1;0;0;0;0;0;0;0;0;0;0;0;0;0;NSÍ;EB - Streymur;1.69;1.15;0;0;0;0;0;0;0;0;0;0;0;0;0;0;0;1153;27;Y;Y;N;N;N;N;Y
341366;5404;6872;2017;complete;2425;1;-1;;;0;0;0;-1;-1;-1;-1;-1;5;4;1;1;-1;-1;-1;-1;-1;-1;-1;-1;-1;-1;7;5;0;0;0;0;0;0;0;0;0;0;0;0;0;0;0;0;0;0;0;0;0;0;0;0;0;0;0;0;0;0;0;0;0;0;0;0;0;0;0;0;0;0;0;0;0;0;0;0;0;0;0;0;0;0;0;0;0;0;0;0;0;0;0;0;0;0;0;0;0;0;0;0;0;0;0;2017-03-12 15:00:00;-1;0;0;0;0;0;-1;1;-1;-1;-1;-1;-1;-1;2;1;4;4;3;8;-1;0;0;0;0;0;0;0;0;0;0;0;0;0;1;1;0;0;-1;-1;0;0;-1;-1;-1;-1;-1;-1;-1;-1;-1;0;0;0;0;0;0;0;0;0;0;0;0;0;KÍ;Skála;2.15;1.38;0;0;0;0;0;0;0;0;0;0;0;0;0;0;0;1153;27;N;N;N;N;N;N;N
341367;6873;6876;2017;complete;2425;1;-1;17,25;73;2;1;3;-1;-1;-1;-1;-1;7;2;0;0;-1;-1;-1;-1;-1;-1;-1;-1;-1;-1;7;2;0;0;0;0;0;0;0;0;0;0;0;0;0;0;0;0;0;0;0;0;0;0;0;0;0;0;0;0;0;0;0;0;0;0;0;0;0;0;0;0;0;0;0;0;0;0;0;0;0;0;0;0;0;0;0;0;0;0;0;0;0;0;0;0;0;0;0;0;3;2;0;0;1;1;2;2017-03-12 15:00:00;6873;0;0;0;0;0;-1;1;-1;-1;-1;-1;-1;-1;4;1;3;1;5;4;-1;0;0;0;0;0;0;0;0;0;0;0;0;0;1;1;0;0;-1;-1;2;0;-1;-1;-1;-1;-1;-1;-1;-1;-1;0;0;0;0;0;0;0;0;0;0;0;0;0;TB / FCS / Royn;ÍF;1.29;0.31;0;0;0;0;0;0;0;0;0;0;0;0;0;0;0;1153;27;Y;Y;Y;N;N;N;Y
341368;6872;985;2017;complete;2425;2;-1;;;0;0;0;-1;-1;-1;-1;-1;3;2;0;0;-1;-1;-1;-1;-1;-1;-1;-1;-1;-1;3;2;0;0;0;0;0;0;0;0;0;0;0;0;0;0;0;0;0;0;0;0;0;0;0;0;0;0;0;0;0;0;0;0;0;0;0;0;0;0;0;0;0;0;0;0;0;0;0;0;0;0;0;0;0;0;0;0;0;0;0;0;0;0;0;0;0;0;0;0;0;0;0;0;0;0;0;2017-03-19 14:00:00;-1;0;0;0;0;0;-1;1;-1;-1;-1;-1;-1;-1;0;1;3;1;1;4;-1;0;0;0;0;0;0;0;0;0;0;0;0;0;1;1;0;0;-1;-1;0;0;-1;-1;-1;-1;-1;-1;-1;-1;-1;0;0;0;0;0;0;0;0;0;0;0;0;0;Skála;HB;1.07;1.07;0;0;1;3;0;0;0;0;0;0;0;0;0;0;0;1153;27;N;N;N;N;N;N;N
341369;5415;1211;2017;complete;2425;2;-1;;37;0;1;1;-1;-1;-1;-1;-1;1;2;0;0;-1;-1;-1;-1;-1;-1;-1;-1;-1;-1;1;2;0;0;0;0;0;0;0;0;0;0;0;0;0;0;0;0;0;0;0;0;0;0;0;0;0;0;0;0;0;0;0;0;0;0;0;0;0;0;0;0;0;0;0;0;0;0;0;0;0;0;0;0;0;0;0;0;0;0;0;0;0;0;0;0;0;0;0;0;1;0;1;0;0;0;1;2017-03-19 15:00:00;1211;0;50;50;0;0;-1;1;-1;-1;-1;-1;-1;-1;0;0;1;2;0;3;-1;0;0;0;0;0;0;0;0;0;0;0;0;0;1;1;0;0;-1;-1;0;0;-1;-1;-1;-1;-1;-1;-1;-1;-1;0;0;0;50;50;50;50;0;0;0;0;1;1;NSÍ;Víkingur;1.69;2.31;1;0;1;1;50;50;50;0;0;0;0;0;0;0;0;1153;27;Y;N;N;N;N;N;N
341370;66;5404;2017;complete;2425;2;-1;68;44;1;1;2;10;3;13;-1;-1;1;3;0;0;4;6;9;5;13;11;-1;-1;-1;-1;1;3;0;0;0;0;0;0;0;0;0;0;0;0;0;0;0;0;0;0;0;0;0;0;0;0;0;0;0;0;0;0;0;0;0;0;0;0;0;0;0;0;0;0;0;0;0;0;0;0;0;0;0;0;0;0;0;0;0;0;0;0;0;0;0;0;0;0;0;0;2;0;1;1;0;1;1;2017-03-19 15:00:00;-1;0;0;0;0;0;-1;1;-1;-1;-1;-1;-1;-1;1;1;0;2;2;2;-1;0;0;0;0;0;0;0;1;0;1;0;0;0;1;1;0;0;-1;-1;0;0;-1;-1;-1;-1;-1;-1;-1;-1;-1;0;0;0;0;0;0;0;0;0;0;0;0;0;B36;KÍ;2.08;1.71;0;0;1;1;0;0;0;0;0;0;0;0;0;0;0;1153;27;Y;Y;N;N;N;N;Y
341371;6874;6873;2017;complete;2425;2;-1;;19;0;1;1;-1;-1;-1;-1;-1;1;3;0;0;-1;-1;-1;-1;-1;-1;-1;-1;-1;-1;1;3;0;0;0;0;0;0;0;0;0;0;0;0;0;0;0;0;0;0;0;0;0;0;0;0;0;0;0;0;0;0;0;0;0;0;0;0;0;0;0;0;0;0;0;0;0;0;0;0;0;0;0;0;0;0;0;0;0;0;0;0;0;0;0;0;0;0;0;0;1;0;1;0;0;0;1;2017-03-19 15:00:00;6873;0;0;0;0;0;-1;1;-1;-1;-1;-1;-1;-1;0;0;1;3;0;4;-1;0;0;0;0;0;0;0;0;0;0;0;0;0;1;1;0;0;-1;-1;0;0;-1;-1;-1;-1;-1;-1;-1;-1;-1;0;0;0;0;0;0;0;0;0;0;0;0;0;07 Vestur;TB / FCS / Royn;1.15;0.85;0;0;0;3;0;0;0;0;0;0;0;0;0;0;0;1153;27;Y;N;N;N;N;N;N
341372;6876;997;2017;complete;2425;2;-1;7,12,87;72;3;1;4;-1;-1;-1;-1;-1;2;2;0;0;-1;-1;-1;-1;-1;-1;-1;-1;-1;-1;2;2;0;0;0;0;0;0;0;0;0;0;0;0;0;0;0;0;0;0;0;0;0;0;0;0;0;0;0;0;0;0;0;0;0;0;0;0;0;0;0;0;0;0;0;0;0;0;0;0;0;0;0;0;0;0;0;0;0;0;0;0;0;0;0;0;0;0;0;0;4;2;0;1;1;2;2;2017-03-19 15:00:00;6876;0;50;50;0;0;-1;1;-1;-1;-1;-1;-1;-1;0;0;2;2;0;4;-1;0;0;0;0;0;0;0;0;1;0;1;0;0;1;1;1;0;-1;-1;0;0;-1;-1;-1;-1;-1;-1;-1;-1;-1;0;0;0;50;50;50;50;0;0;0;0;2;1;ÍF;EB - Streymur;0.57;1.15;0;1;0;1;50;50;50;0;0;0;0;0;0;0;0;1153;27;Y;Y;Y;Y;N;N;Y
341373;66;5415;2017;complete;2425;3;-1;45,61;31,35;2;2;4;8;3;11;-1;-1;2;1;0;0;6;5;12;1;18;6;-1;-1;-1;-1;2;1;0;0;0;0;0;0;0;0;0;0;0;0;0;0;0;0;0;0;0;0;0;0;0;0;0;0;0;0;0;0;0;0;0;0;0;0;0;0;0;0;0;0;0;0;0;0;0;0;0;0;0;0;0;0;0;0;0;0;0;0;0;0;0;0;0;0;0;0;4;1;2;1;0;1;3;2017-04-08 16:00:00;-1;0;50;0;0;0;-1;1;-1;-1;-1;-1;-1;-1;0;0;2;1;0;3;-1;0;0;0;0;0;0;0;1;1;1;1;0;0;1;1;0;0;-1;-1;0;0;-1;-1;-1;-1;-1;-1;-1;-1;-1;0;0;0;50;50;0;50;50;0;10;0;1;1;B36;NSÍ;2.08;1.71;1;0;1;0.5;50;50;50;0;0;50;50;50;0;0;0;1153;27;Y;Y;Y;Y;N;N;Y
341374;1211;6872;2017;complete;2425;3;-1;54;;1;0;1;-1;-1;-1;-1;-1;1;3;0;1;-1;-1;-1;-1;-1;-1;-1;-1;-1;-1;1;4;0;0;0;0;0;0;0;0;0;0;0;0;0;0;0;0;0;0;0;0;0;0;0;0;0;0;0;0;0;0;0;0;0;0;0;0;0;0;0;0;0;0;0;0;0;0;0;0;0;0;0;0;0;0;0;0;0;0;0;0;0;0;0;0;0;0;0;0;1;0;0;1;0;1;0;2017-04-09 14:00:00;1211;0;50;0;0;0;-1;1;-1;-1;-1;-1;-1;-1;0;0;1;4;0;5;-1;0;0;0;0;0;0;0;0;0;0;0;0;0;1;1;0;0;-1;-1;0;0;-1;-1;-1;-1;-1;-1;-1;-1;-1;0;0;0;50;50;0;50;50;0;0;0;9;1;Víkingur;Skála;1.57;1.38;1;1;2;1;100;100;100;50;50;0;0;0;0;0;0;1153;27;Y;N;N;N;N;N;N
341375;6876;985;2017;complete;2425;3;-1;;;0;0;0;-1;-1;-1;-1;-1;3;2;0;0;-1;-1;-1;-1;-1;-1;-1;-1;-1;-1;3;2;0;0;0;0;0;0;0;0;0;0;0;0;0;0;0;0;0;0;0;0;0;0;0;0;0;0;0;0;0;0;0;0;0;0;0;0;0;0;0;0;0;0;0;0;0;0;0;0;0;0;0;0;0;0;0;0;0;0;0;0;0;0;0;0;0;0;0;0;0;0;0;0;0;0;0;2017-04-09 14:00:00;-1;0;50;0;50;0;-1;1;-1;-1;-1;-1;-1;-1;1;0;2;2;1;4;-1;0;0;0;0;0;0;0;0;0;0;0;0;0;1;1;0;0;-1;-1;0;0;-1;-1;-1;-1;-1;-1;-1;-1;-1;0;50;50;50;50;50;50;50;50;0;0;4;2;ÍF;HB;0.57;1.07;3;1;1.5;2;100;50;50;50;50;0;0;0;0;0;0;1153;27;N;N;N;N;N;N;N
341376;6874;5404;2017;complete;2425;3;-1;;2,90;0;2;2;5;5;10;-1;-1;0;2;0;0;6;4;5;4;11;8;-1;-1;-1;-1;0;2;0;0;0;0;0;0;0;0;0;0;0;0;0;0;0;0;0;0;0;0;0;0;0;0;0;0;0;0;0;0;0;0;0;0;0;0;0;0;0;0;0;0;0;0;0;0;0;0;0;0;0;0;0;0;0;0;0;0;0;0;0;0;0;0;0;0;0;0;2;0;1;0;1;1;1;2017-04-09 15:00:00;5404;0;50;0;0;0;-1;1;-1;-1;-1;-1;-1;-1;0;0;0;2;0;2;-1;0;0;0;0;0;0;0;0;0;0;0;0;0;1;1;0;1;-1;-1;0;0;-1;-1;-1;-1;-1;-1;-1;-1;-1;0;0;0;50;100;0;100;50;0;3;0;4;1.5;07 Vestur;KÍ;1.15;1.71;0;1;0;1;100;100;100;50;0;50;50;50;0;0;0;1153;27;Y;Y;N;N;N;N;N
341377;997;6873;2017;complete;2425;3;-1;79;;1;0;1;-1;-1;-1;-1;-1;0;2;0;0;-1;-1;-1;-1;-1;-1;-1;-1;-1;-1;0;2;0;0;0;0;0;0;0;0;0;0;0;0;0;0;0;0;0;0;0;0;0;0;0;0;0;0;0;0;0;0;0;0;0;0;0;0;0;0;0;0;0;0;0;0;0;0;0;0;0;0;0;0;0;0;0;0;0;0;0;0;0;0;0;0;0;0;0;0;1;0;0;1;0;1;0;2017-04-09 15:00:00;997;0;0;0;0;0;-1;1;-1;-1;-1;-1;-1;-1;0;0;0;2;0;2;-1;0;0;0;0;0;0;0;0;0;0;0;0;0;1;1;0;0;-1;-1;0;0;-1;-1;-1;-1;-1;-1;-1;-1;-1;0;0;0;0;50;0;50;0;0;0;0;3;0.5;EB - Streymur;TB / FCS / Royn;1.21;0.85;0;3;0.5;3;50;50;50;50;0;0;0;0;0;0;0;1153;27;Y;N;N;N;N;N;N
341378;6873;6872;2017;complete;2425;4;-1;40,53;;2;0;2;-1;-1;-1;-1;-1;0;1;0;0;-1;-1;-1;-1;-1;-1;-1;-1;-1;-1;0;1;0;0;0;0;0;0;0;0;0;0;0;0;0;0;0;0;0;0;0;0;0;0;0;0;0;0;0;0;0;0;0;0;0;0;0;0;0;0;0;0;0;0;0;0;0;0;0;0;0;0;0;0;0;0;0;0;0;0;0;0;0;0;0;0;0;0;0;0;2;1;0;1;0;1;1;2017-04-17 14:00:00;6873;0;50;0;0;0;-1;1;-1;-1;-1;-1;-1;-1;0;0;0;1;0;1;-1;0;0;0;0;0;0;0;1;0;1;0;0;0;1;1;0;0;-1;-1;0;0;-1;-1;-1;-1;-1;-1;-1;-1;-1;0;0;50;50;75;50;50;75;0;0;0;11.5;1.75;TB / FCS / Royn;Skála;1.29;1.38;3;0.5;2;0.67;100;100;50;50;25;0;0;0;0;0;0;1153;27;Y;Y;N;N;N;N;N
341379;997;1211;2017;complete;2425;4;-1;45;51,67,71,81,90;1;5;6;-1;-1;-1;-1;-1;3;1;0;0;-1;-1;-1;-1;-1;-1;-1;-1;-1;-1;3;1;0;0;0;0;0;0;0;0;0;0;0;0;0;0;0;0;0;0;0;0;0;0;0;0;0;0;0;0;0;0;0;0;0;0;0;0;0;0;0;0;0;0;0;0;0;0;0;0;0;0;0;0;0;0;0;0;0;0;0;0;0;0;0;0;0;0;0;0;6;1;0;0;5;5;1;2017-04-17 14:00:00;1211;0;0;0;0;0;-1;1;-1;-1;-1;-1;-1;-1;1;0;2;1;1;3;-1;0;0;0;0;0;0;0;0;2;0;2;0;0;1;1;0;0;-1;-1;0;0;-1;-1;-1;-1;-1;-1;-1;-1;-1;0;0;0;0;100;0;50;50;0;0;0;2;1;EB - Streymur;Víkingur;1.21;2.31;3;3;1.33;2.33;100;100;100;100;0;0;0;0;0;0;0;1153;27;Y;Y;Y;Y;Y;Y;Y
341380;985;66;2017;complete;2425;4;-1;43,49;33,79;2;2;4;-1;-1;-1;-1;-1;3;4;0;0;-1;-1;-1;-1;-1;-1;-1;-1;-1;-1;3;4;0;0;0;0;0;0;0;0;0;0;0;0;0;0;0;0;0;0;0;0;0;0;0;0;0;0;0;0;0;0;0;0;0;0;0;0;0;0;0;0;0;0;0;0;0;0;0;0;0;0;0;0;0;0;0;0;0;0;0;0;0;0;0;0;0;0;0;0;4;1;1;1;1;2;2;2017-04-17 14:00:00;-1;0;50;0;0;0;-1;1;-1;-1;-1;-1;-1;-1;0;0;3;4;0;7;-1;0;0;0;0;0;0;0;0;0;0;0;0;0;1;1;0;0;-1;-1;0;0;-1;-1;-1;-1;-1;-1;-1;-1;-1;0;0;0;100;100;50;100;50;0;0;0;5;2;HB;B36;1.85;1.5;3;1;1.67;1;100;100;100;0;0;0;0;0;0;0;0;1153;27;Y;Y;Y;Y;N;N;Y
341381;6876;6874;2017;complete;2425;4;-1;;90;0;1;1;-1;-1;-1;-1;-1;0;2;0;0;-1;-1;-1;-1;-1;-1;-1;-1;-1;-1;0;2;0;0;0;0;0;0;0;0;0;0;0;0;0;0;0;0;0;0;0;0;0;0;0;0;0;0;0;0;0;0;0;0;0;0;0;0;0;0;0;0;0;0;0;0;0;0;0;0;0;0;0;0;0;0;0;0;0;0;0;0;0;0;0;0;0;0;0;0;1;0;0;0;1;1;0;2017-04-17 14:00:00;6874;0;25;0;25;0;-1;1;-1;-1;-1;-1;-1;-1;0;0;0;2;0;2;-1;0;0;0;0;0;0;0;0;1;0;1;0;0;1;1;0;0;-1;-1;0;0;-1;-1;-1;-1;-1;-1;-1;-1;-1;0;25;25;75;75;75;75;25;25;0;0;3.5;2;ÍF;07 Vestur;0.57;0.93;2;0;1.33;0;100;75;75;25;25;0;0;0;0;0;0;1153;27;Y;N;N;N;N;N;N
341382;5404;5415;2017;complete;2425;4;-1;80,86;13,88;2;2;4;-1;-1;-1;-1;-1;1;2;0;0;-1;-1;-1;-1;-1;-1;-1;-1;-1;-1;1;2;0;0;0;0;0;0;0;0;0;0;0;0;0;0;0;0;0;0;0;0;0;0;0;0;0;0;0;0;0;0;0;0;0;0;0;0;0;0;0;0;0;0;0;0;0;0;0;0;0;0;0;0;0;0;0;0;0;0;0;0;0;0;0;0;0;0;0;0;4;0;1;2;1;3;1;2017-04-17 14:00:00;-1;0;50;50;0;0;-1;1;-1;-1;-1;-1;-1;-1;1;0;0;2;1;2;-1;0;0;0;0;0;0;0;1;0;1;0;0;0;1;1;0;0;-1;-1;0;0;-1;-1;-1;-1;-1;-1;-1;-1;-1;0;50;50;50;50;50;50;50;0;3;0;8;2;KÍ;NSÍ;2.15;1.71;1;1;1.67;0.67;100;50;50;50;50;50;50;50;0;0;0;1153;27;Y;Y;Y;Y;N;N;Y
341383;6872;6876;2017;complete;2425;5;-1;;;0;0;0;-1;-1;-1;-1;-1;2;2;0;0;-1;-1;-1;-1;-1;-1;-1;-1;-1;-1;2;2;0;0;0;0;0;0;0;0;0;0;0;0;0;0;0;0;0;0;0;0;0;0;0;0;0;0;0;0;0;0;0;0;0;0;0;0;0;0;0;0;0;0;0;0;0;0;0;0;0;0;0;0;0;0;0;0;0;0;0;0;0;0;0;0;0;0;0;0;0;0;0;0;0;0;0;2017-04-22 16:00:00;-1;0;50;0;0;0;-1;1;-1;-1;-1;-1;-1;-1;0;1;2;1;1;3;-1;0;0;0;0;0;0;0;0;0;0;0;0;0;1;1;0;0;-1;-1;0;0;-1;-1;-1;-1;-1;-1;-1;-1;-1;0;0;50;50;50;50;50;50;0;0;0;5;1.5;Skála;ÍF;1.07;0.31;1;0;0.5;1;100;100;50;50;50;0;0;0;0;0;0;1153;27;N;N;N;N;N;N;N
341384;6873;66;2017;complete;2425;5;-1;63,83,90;24,54;3;2;5;-1;-1;-1;-1;-1;4;1;0;0;-1;-1;-1;-1;-1;-1;-1;-1;-1;-1;4;1;0;0;0;0;0;0;0;0;0;0;0;0;0;0;0;0;0;0;0;0;0;0;0;0;0;0;0;0;0;0;0;0;0;0;0;0;0;0;0;0;0;0;0;0;0;0;0;0;0;0;0;0;0;0;0;0;0;0;0;0;0;0;0;0;0;0;0;0;5;0;1;3;1;4;1;2017-04-23 13:30:00;6873;0;75;25;25;0;-1;1;-1;-1;-1;-1;-1;-1;2;0;2;1;2;3;-1;0;0;0;0;0;0;0;1;0;1;0;0;0;1;1;0;0;-1;-1;0;0;-1;-1;-1;-1;-1;-1;-1;-1;-1;0;25;50;100;100;50;100;100;25;0;0;7;2.75;TB / FCS / Royn;B36;1.29;1.5;3;1;2.25;1;100;75;50;0;0;0;0;0;0;0;0;1153;27;Y;Y;Y;Y;Y;N;Y
341385;1211;5404;2017;complete;2425;5;-1;19,90;15,26;2;2;4;-1;-1;-1;-1;-1;4;4;0;0;-1;-1;-1;-1;-1;-1;-1;-1;-1;-1;4;4;0;0;0;0;0;0;0;0;0;0;0;0;0;0;0;0;0;0;0;0;0;0;0;0;0;0;0;0;0;0;0;0;0;0;0;0;0;0;0;0;0;0;0;0;0;0;0;0;0;0;0;0;0;0;0;0;0;0;0;0;0;0;0;0;0;0;0;0;4;1;2;1;0;1;3;2017-04-23 14:00:00;-1;0;50;0;0;0;-1;1;-1;-1;-1;-1;-1;-1;0;1;4;3;1;7;-1;0;0;0;0;0;0;0;0;0;0;0;0;0;1;1;0;0;-1;-1;0;0;-1;-1;-1;-1;-1;-1;-1;-1;-1;0;0;0;75;100;0;75;100;0;4;0;5;1.75;Víkingur;KÍ;1.57;1.71;2;2;2.5;1.5;100;100;100;25;0;50;50;25;0;0;0;1153;27;Y;Y;Y;Y;N;N;Y
341386;5415;985;2017;complete;2425;5;-1;12;;1;0;1;-1;-1;-1;-1;-1;2;0;1;0;-1;-1;-1;-1;-1;-1;-1;-1;-1;-1;4;0;0;0;0;0;0;0;0;0;0;0;0;0;0;0;0;0;0;0;0;0;0;0;0;0;0;0;0;0;0;0;0;0;0;0;0;0;0;0;0;0;0;0;0;0;0;0;0;0;0;0;0;0;0;0;0;0;0;0;0;0;0;0;0;0;0;0;0;0;1;1;0;0;0;0;1;2017-04-23 14:00:00;5415;0;25;25;0;0;-1;1;-1;-1;-1;-1;-1;-1;1;0;2;0;1;2;-1;0;0;0;0;0;0;0;0;0;0;0;0;0;1;1;0;0;-1;-1;0;0;-1;-1;-1;-1;-1;-1;-1;-1;-1;0;0;0;25;50;25;50;0;0;0;0;3;0.75;NSÍ;HB;1.69;1.07;0.5;1;0.75;1.5;100;100;100;75;50;0;0;0;0;0;0;1153;27;Y;N;N;N;N;N;N
341387;997;6874;2017;complete;2425;5;-1;;36,90;0;2;2;-1;-1;-1;-1;-1;1;3;0;0;-1;-1;-1;-1;-1;-1;-1;-1;-1;-1;1;3;0;0;0;0;0;0;0;0;0;0;0;0;0;0;0;0;0;0;0;0;0;0;0;0;0;0;0;0;0;0;0;0;0;0;0;0;0;0;0;0;0;0;0;0;0;0;0;0;0;0;0;0;0;0;0;0;0;0;0;0;0;0;0;0;0;0;0;0;2;0;1;0;1;1;1;2017-04-23 15:00:00;6874;0;25;0;0;0;-1;1;-1;-1;-1;-1;-1;-1;0;1;1;2;1;3;-1;0;0;0;0;0;0;0;0;0;0;0;0;0;1;1;0;0;-1;-1;0;0;-1;-1;-1;-1;-1;-1;-1;-1;-1;25;25;25;50;100;25;50;75;25;0;0;3;2.5;EB - Streymur;07 Vestur;1.21;0.93;1.5;1.5;1;0.75;75;75;75;50;0;0;0;0;0;0;0;1153;27;Y;Y;N;N;N;N;N
341388;66;6876;2017;complete;2425;6;-1;10,30,37,45;;4;0;4;-1;-1;-1;-1;-1;0;6;0;0;-1;-1;-1;-1;-1;-1;-1;-1;-1;-1;0;6;0;0;0;0;0;0;0;0;0;0;0;0;0;0;0;0;0;0;0;0;0;0;0;0;0;0;0;0;0;0;0;0;0;0;0;0;0;0;0;0;0;0;0;0;0;0;0;0;0;0;0;0;0;0;0;0;0;0;0;0;0;0;0;0;0;0;0;0;4;4;0;0;0;0;4;2017-04-29 14:00:00;66;0;75;25;0;0;-1;1;-1;-1;-1;-1;-1;-1;0;3;0;3;3;3;-1;0;0;0;0;0;0;0;0;0;0;0;0;0;1;1;1;0;-1;-1;0;0;-1;-1;-1;-1;-1;-1;-1;-1;-1;0;25;50;75;75;50;75;75;0;9;0;3.5;2.25;B36;ÍF;2.08;0.31;1;0.5;0.8;1;100;75;50;25;25;50;50;50;0;0;0;1153;27;Y;Y;Y;Y;N;N;N
341389;6873;5415;2017;complete;2425;6;-1;69;8,42,80;1;3;4;-1;-1;-1;-1;-1;2;1;0;0;-1;-1;-1;-1;-1;-1;-1;-1;-1;-1;2;1;0;0;0;0;0;0;0;0;0;0;0;0;0;0;0;0;0;0;0;0;0;0;0;0;0;0;0;0;0;0;0;0;0;0;0;0;0;0;0;0;0;0;0;0;0;0;0;0;0;0;0;0;0;0;0;0;0;0;0;0;0;0;0;0;0;0;0;0;4;0;2;1;1;2;2;2017-04-30 13:30:00;5415;0;84;25;42;0;-1;1;-1;-1;-1;-1;-1;-1;0;1;2;0;1;2;-1;0;0;0;0;0;0;0;0;0;0;0;0;0;1;1;0;1;-1;-1;0;0;-1;-1;-1;-1;-1;-1;-1;-1;-1;17;67;84;100;100;42;100;100;42;3;0;5.17;3.67;TB / FCS / Royn;NSÍ;1.29;1.71;3;1;2.4;1.2;84;34;17;0;0;50;50;50;0;0;0;1153;27;Y;Y;Y;Y;N;N;Y
341390;5404;997;2017;complete;2425;6;-1;87;;1;0;1;-1;-1;-1;-1;-1;2;0;1;0;-1;-1;-1;-1;-1;-1;-1;-1;-1;-1;3;0;0;0;0;0;0;0;0;0;0;0;0;0;0;0;0;0;0;0;0;0;0;0;0;0;0;0;0;0;0;0;0;0;0;0;0;0;0;0;0;0;0;0;0;0;0;0;0;0;0;0;0;0;0;0;0;0;0;0;0;0;0;0;0;0;0;0;0;0;1;0;0;1;0;1;0;2017-04-30 14:00:00;5404;0;75;25;50;0;-1;1;-1;-1;-1;-1;-1;-1;0;0;3;0;0;3;-1;0;0;0;0;0;0;0;0;0;0;0;0;0;1;1;0;0;-1;-1;0;0;-1;-1;-1;-1;-1;-1;-1;-1;-1;0;50;50;75;75;50;75;50;50;0;0;6;2.5;KÍ;EB - Streymur;2.15;1.15;1;0.5;1.4;0.8;100;50;50;25;25;0;0;0;0;0;0;1153;27;Y;N;N;N;N;N;N
341391;6874;6872;2017;complete;2425;6;-1;62;74;1;1;2;-1;-1;-1;-1;-1;1;0;0;0;-1;-1;-1;-1;-1;-1;-1;-1;-1;-1;1;0;0;0;0;0;0;0;0;0;0;0;0;0;0;0;0;0;0;0;0;0;0;0;0;0;0;0;0;0;0;0;0;0;0;0;0;0;0;0;0;0;0;0;0;0;0;0;0;0;0;0;0;0;0;0;0;0;0;0;0;0;0;0;0;0;0;0;0;0;2;0;0;1;1;2;0;2017-04-30 14:00:00;-1;0;0;0;0;0;-1;1;-1;-1;-1;-1;-1;-1;0;0;1;0;0;1;-1;0;0;0;0;0;0;0;0;1;0;1;0;0;1;1;0;0;-1;-1;0;0;-1;-1;-1;-1;-1;-1;-1;-1;-1;0;0;0;42;84;0;67;59;0;5;0;3.83;1.25;07 Vestur;Skála;1.15;1.38;0;0.33;1.2;0.6;100;100;100;59;17;50;50;0;0;0;0;1153;27;Y;Y;N;N;N;N;Y
341392;985;1211;2017;complete;2425;6;-1;40,85;22,70;2;2;4;-1;-1;-1;-1;-1;1;2;0;0;-1;-1;-1;-1;-1;-1;-1;-1;-1;-1;1;2;0;0;0;0;0;0;0;0;0;0;0;0;0;0;0;0;0;0;0;0;0;0;0;0;0;0;0;0;0;0;0;0;0;0;0;0;0;0;0;0;0;0;0;0;0;0;0;0;0;0;0;0;0;0;0;0;0;0;0;0;0;0;0;0;0;0;0;0;4;1;1;1;1;2;2;2017-04-30 14:00:00;-1;0;50;25;25;0;-1;1;-1;-1;-1;-1;-1;-1;0;1;1;1;1;2;-1;0;0;0;0;0;0;0;0;0;0;0;0;0;1;1;0;0;-1;-1;0;0;-1;-1;-1;-1;-1;-1;-1;-1;-1;25;50;50;75;100;50;100;50;50;0;0;4;3.25;HB;Víkingur;1.85;2.31;2;3;1.2;2.2;75;50;50;25;0;0;0;0;0;0;0;1153;27;Y;Y;Y;Y;N;N;Y
341393;985;6873;2017;complete;2425;7;-1;15,36;3;2;1;3;-1;-1;-1;-1;-1;1;1;0;0;-1;-1;-1;-1;-1;-1;-1;-1;-1;-1;1;1;0;0;0;0;0;0;0;0;0;0;0;0;0;0;0;0;0;0;0;0;0;0;0;0;0;0;0;0;0;0;0;0;0;0;0;0;0;0;0;0;0;0;0;0;0;0;0;0;0;0;0;0;0;0;0;0;0;0;0;0;0;0;0;0;0;0;0;0;3;2;1;0;0;0;3;2017-05-06 14:00:00;985;0;34;34;34;0;-1;1;-1;-1;-1;-1;-1;-1;0;0;1;1;0;2;-1;0;0;0;0;0;0;0;0;0;0;0;0;0;1;1;0;1;-1;-1;0;0;-1;-1;-1;-1;-1;-1;-1;-1;-1;0;34;34;50;100;50;75;59;34;0;0;4.5;2.17;HB;TB / FCS / Royn;1.85;0.85;1.67;1.5;1.17;2;100;67;67;50;0;0;0;0;0;0;0;1153;27;Y;Y;Y;N;N;N;Y
341394;997;66;2017;complete;2425;7;-1;;;0;0;0;-1;-1;-1;-1;-1;1;2;0;0;-1;-1;-1;-1;-1;-1;-1;-1;-1;-1;1;2;0;0;0;0;0;0;0;0;0;0;0;0;0;0;0;0;0;0;0;0;0;0;0;0;0;0;0;0;0;0;0;0;0;0;0;0;0;0;0;0;0;0;0;0;0;0;0;0;0;0;0;0;0;0;0;0;0;0;0;0;0;0;0;0;0;0;0;0;0;0;0;0;0;0;0;2017-05-06 15:30:00;-1;0;67;17;34;0;-1;1;-1;-1;-1;-1;-1;-1;1;1;0;1;2;1;-1;0;0;0;0;0;0;0;0;0;0;0;0;0;1;1;0;0;-1;-1;0;0;-1;-1;-1;-1;-1;-1;-1;-1;-1;33;50;50;84;100;17;84;100;50;0;0;4;3.34;EB - Streymur;B36;1.21;1.5;1;0.67;0.67;1.17;67;50;50;17;0;0;0;0;0;0;0;1153;27;N;N;N;N;N;N;N
341395;1211;6874;2017;complete;2425;7;-1;31,54;3,62;2;2;4;-1;-1;-1;-1;-1;1;1;1;0;-1;-1;-1;-1;-1;-1;-1;-1;-1;-1;3;1;0;0;0;0;0;0;0;0;0;0;0;0;0;0;0;0;0;0;0;0;0;0;0;0;0;0;0;0;0;0;0;0;0;0;0;0;0;0;0;0;0;0;0;0;0;0;0;0;0;0;0;0;0;0;0;0;0;0;0;0;0;0;0;0;0;0;0;0;4;1;1;1;1;2;2;2017-05-06 16:00:00;-1;0;34;17;0;0;-1;1;-1;-1;-1;-1;-1;-1;0;0;2;1;0;3;-1;0;0;0;0;0;0;0;0;0;0;0;0;0;1;1;0;1;-1;-1;0;0;-1;-1;-1;-1;-1;-1;-1;-1;-1;0;17;17;67;100;33;67;84;0;0;0;5;2;Víkingur;07 Vestur;1.57;0.93;1.67;2;2;1.17;100;84;84;33;0;0;0;0;0;0;0;1153;27;Y;Y;Y;Y;N;N;Y
341396;5415;6872;2017;complete;2425;7;-1;87;23;1;1;2;8;1;9;-1;-1;3;1;0;0;8;5;7;6;15;11;-1;-1;-1;-1;3;1;0;0;0;0;0;0;0;0;0;0;0;0;0;0;0;0;0;0;0;0;0;0;0;0;0;0;0;0;0;0;0;0;0;0;0;0;0;0;0;0;0;0;0;0;0;0;0;0;0;0;0;0;0;0;0;0;0;0;0;0;0;0;0;0;0;0;0;0;2;0;1;1;0;1;1;2017-05-06 16:00:00;-1;0;29;17;13;0;-1;1;-1;-1;-1;-1;-1;-1;2;0;1;1;2;2;-1;0;0;0;0;0;0;0;0;0;0;0;0;0;1;1;0;0;-1;-1;0;0;-1;-1;-1;-1;-1;-1;-1;-1;-1;0;0;0;42;88;17;63;38;13;0;0;4.5;1.29;NSÍ;Skála;1.69;1.38;1.33;0.5;1.5;0.67;100;100;100;59;13;0;0;0;0;0;0;1153;27;Y;Y;N;N;N;N;Y
341397;5404;6876;2017;complete;2425;7;-1;3,45,90;86;3;1;4;-1;-1;-1;-1;-1;0;3;0;0;-1;-1;-1;-1;-1;-1;-1;-1;-1;-1;0;3;0;0;0;0;0;0;0;0;0;0;0;0;0;0;0;0;0;0;0;0;0;0;0;0;0;0;0;0;0;0;0;0;0;0;0;0;0;0;0;0;0;0;0;0;0;0;0;0;0;0;0;0;0;0;0;0;0;0;0;0;0;0;0;0;0;0;0;0;4;2;0;1;1;2;2;2017-05-06 17:00:00;5404;0;33;0;17;0;-1;1;-1;-1;-1;-1;-1;-1;0;0;0;3;0;3;-1;0;0;0;0;0;0;0;0;0;0;0;0;0;1;1;1;0;-1;-1;0;0;-1;-1;-1;-1;-1;-1;-1;-1;-1;0;33;50;50;67;34;50;50;17;0;0;7;2;KÍ;ÍF;2.15;0.31;1.67;0.33;1.67;0.83;100;67;50;50;33;0;0;0;0;0;0;1153;27;Y;Y;Y;Y;N;N;Y
341398;6873;5404;2017;complete;2425;8;-1;65;39,76;1;2;3;-1;-1;-1;-1;-1;2;2;0;0;-1;-1;-1;-1;-1;-1;-1;-1;-1;-1;2;2;0;0;0;0;0;0;0;0;0;0;0;0;0;0;0;0;0;0;0;0;0;0;0;0;0;0;0;0;0;0;0;0;0;0;0;0;0;0;0;0;0;0;0;0;0;0;0;0;0;0;0;0;0;0;0;0;0;0;0;0;0;0;0;0;0;0;0;0;3;0;1;1;1;2;1;2017-05-14 13:30:00;5404;0;71;17;25;0;-1;1;-1;-1;-1;-1;-1;-1;0;1;2;1;1;3;-1;0;0;0;0;0;0;0;0;0;0;0;0;0;1;1;0;0;-1;-1;0;1;-1;-1;-1;-1;-1;-1;-1;-1;-1;13;42;54;100;100;42;100;100;25;4;0;6.25;3.09;TB / FCS / Royn;KÍ;1.29;1.71;2.25;1.67;1.71;1.86;88;59;46;0;0;50;50;25;0;0;0;1153;27;Y;Y;Y;N;N;N;Y
341399;997;985;2017;complete;2425;8;-1;45;;1;0;1;-1;-1;-1;-1;-1;1;0;0;0;-1;-1;-1;-1;-1;-1;-1;-1;-1;-1;1;0;0;0;0;0;0;0;0;0;0;0;0;0;0;0;0;0;0;0;0;0;0;0;0;0;0;0;0;0;0;0;0;0;0;0;0;0;0;0;0;0;0;0;0;0;0;0;0;0;0;0;0;0;0;0;0;0;0;0;0;0;0;0;0;0;0;0;0;0;1;1;0;0;0;0;1;2017-05-14 14:00:00;997;0;13;0;0;0;-1;1;-1;-1;-1;-1;-1;-1;0;0;1;0;0;1;-1;0;0;0;0;0;0;0;0;0;0;0;0;0;1;1;0;0;-1;-1;0;0;-1;-1;-1;-1;-1;-1;-1;-1;-1;13;13;13;25;54;0;42;38;13;0;0;2.58;1.29;EB - Streymur;HB;1.21;1.07;1;0.67;0.71;1.43;88;88;88;75;46;0;0;0;0;0;0;1153;27;Y;N;N;N;N;N;N
341400;6876;1211;2017;complete;2425;8;-1;56;82;1;1;2;-1;-1;-1;-1;-1;0;2;0;0;-1;-1;-1;-1;-1;-1;-1;-1;-1;-1;0;2;0;0;0;0;0;0;0;0;0;0;0;0;0;0;0;0;0;0;0;0;0;0;0;0;0;0;0;0;0;0;0;0;0;0;0;0;0;0;0;0;0;0;0;0;0;0;0;0;0;0;0;0;0;0;0;0;0;0;0;0;0;0;0;0;0;0;0;0;2;0;0;1;1;2;0;2017-05-14 14:00:00;-1;0;50;17;33;0;-1;1;-1;-1;-1;-1;-1;-1;0;0;0;2;0;2;-1;0;0;0;0;0;0;0;0;0;0;0;0;0;1;1;0;0;-1;-1;0;0;-1;-1;-1;-1;-1;-1;-1;-1;-1;17;50;50;50;84;33;67;67;50;0;0;3.34;2.67;ÍF;Víkingur;0.57;2.31;1.33;2.33;0.71;1.86;84;50;50;50;17;0;0;0;0;0;0;1153;27;Y;Y;N;N;N;N;Y
341401;6872;66;2017;complete;2425;8;-1;16,42;24,83;2;2;4;-1;-1;-1;-1;-1;3;3;0;0;-1;-1;-1;-1;-1;-1;-1;-1;-1;-1;3;3;0;0;0;0;0;0;0;0;0;0;0;0;0;0;0;0;0;0;0;0;0;0;0;0;0;0;0;0;0;0;0;0;0;0;0;0;0;0;0;0;0;0;0;0;0;0;0;0;0;0;0;0;0;0;0;0;0;0;0;0;0;0;0;0;0;0;0;0;4;2;1;0;1;1;3;2017-05-14 14:00:00;-1;0;38;13;25;0;-1;1;-1;-1;-1;-1;-1;-1;1;1;2;2;2;4;-1;0;0;0;0;0;0;0;1;0;1;0;0;0;1;1;0;0;-1;-1;0;0;-1;-1;-1;-1;-1;-1;-1;-1;-1;13;25;25;38;38;13;38;38;25;0;0;5;1.38;Skála;B36;1.07;1.5;1;0.75;0.71;1.14;88;75;75;63;63;0;0;0;0;0;0;1153;27;Y;Y;Y;Y;N;N;Y
341402;5415;6874;2017;complete;2425;8;-1;12,43,55,59;;4;0;4;-1;-1;-1;-1;-1;1;0;0;0;-1;-1;-1;-1;-1;-1;-1;-1;-1;-1;1;0;0;0;0;0;0;0;0;0;0;0;0;0;0;0;0;0;0;0;0;0;0;0;0;0;0;0;0;0;0;0;0;0;0;0;0;0;0;0;0;0;0;0;0;0;0;0;0;0;0;0;0;0;0;0;0;0;0;0;0;0;0;0;0;0;0;0;0;0;4;2;0;2;0;2;2;2017-05-14 14:00:00;5415;0;38;25;13;0;-1;1;-1;-1;-1;-1;-1;-1;1;0;0;0;1;0;-1;0;0;0;0;0;0;0;0;0;0;0;0;0;1;1;0;0;-1;-1;0;0;-1;-1;-1;-1;-1;-1;-1;-1;-1;0;13;13;63;100;38;88;50;13;8;0;4;1.88;NSÍ;07 Vestur;1.69;0.93;1.25;1.75;1.43;1.14;100;88;88;38;0;50;0;0;0;0;0;1153;27;Y;Y;Y;Y;N;N;N
341403;5415;6876;2017;complete;2425;9;-1;44,63,74;;3;0;3;8;2;10;-1;-1;1;1;0;0;15;2;8;4;23;6;-1;-1;-1;-1;1;1;0;0;0;0;0;0;0;0;0;0;0;0;0;0;0;0;0;0;0;0;0;0;0;0;0;0;0;0;0;0;0;0;0;0;0;0;0;0;0;0;0;0;0;0;0;0;0;0;0;0;0;0;0;0;0;0;0;0;0;0;0;0;0;0;0;0;0;0;3;1;0;2;0;2;1;2017-05-20 14:00:00;5415;0;45;10;13;0;-1;1;-1;-1;-1;-1;-1;-1;0;0;1;1;0;2;-1;0;0;0;0;0;0;0;0;0;0;0;0;0;1;1;0;0;-1;-1;0;0;-1;-1;-1;-1;-1;-1;-1;-1;-1;0;35;48;68;88;58;88;45;23;8;0;5.25;2.38;NSÍ;ÍF;1.69;0.31;1.6;0.25;1.63;0.75;100;65;53;33;13;50;0;0;0;0;0;1153;27;Y;Y;Y;N;N;N;N
341404;1211;6873;2017;complete;2425;9;-1;42,55,85;;3;0;3;-1;-1;-1;-1;-1;0;1;0;0;-1;-1;-1;-1;-1;-1;-1;-1;-1;-1;0;1;0;0;0;0;0;0;0;0;0;0;0;0;0;0;0;0;0;0;0;0;0;0;0;0;0;0;0;0;0;0;0;0;0;0;0;0;0;0;0;0;0;0;0;0;0;0;0;0;0;0;0;0;0;0;0;0;0;0;0;0;0;0;0;0;0;0;0;0;3;1;0;2;0;2;1;2017-05-21 14:00:00;1211;0;54;42;13;0;-1;1;-1;-1;-1;-1;-1;-1;0;1;0;0;1;0;-1;0;0;0;0;0;0;0;0;0;0;0;0;0;1;1;0;0;-1;-1;0;0;-1;-1;-1;-1;-1;-1;-1;-1;-1;0;25;42;54;100;42;71;67;13;0;0;5;2.21;Víkingur;TB / FCS / Royn;1.57;0.85;1.5;1;1.75;1.5;100;75;59;46;0;0;0;0;0;0;0;1153;27;Y;Y;Y;N;N;N;N
341405;6872;997;2017;complete;2425;9;-1;30,57,88;9,78;3;2;5;-1;-1;-1;-1;-1;-1;-1;-1;-1;-1;-1;-1;-1;-1;-1;-1;-1;-1;-1;-1;-1;0;0;0;0;0;0;0;0;0;0;0;0;0;0;0;0;0;0;0;0;0;0;0;0;0;0;0;0;0;0;0;0;0;0;0;0;0;0;0;0;0;0;0;0;0;0;0;0;0;0;0;0;0;0;0;0;0;0;0;0;0;0;0;0;0;0;0;0;5;1;1;2;1;3;2;2017-05-21 14:00:00;6872;0;50;33;17;0;-1;-1;-1;-1;-1;-1;-1;-1;-1;-1;-1;-1;-1;-1;-1;0;0;0;0;0;0;0;0;0;0;0;0;0;1;1;0;1;-1;-1;-1;-1;-1;-1;-1;-1;-1;-1;-1;-1;-1;0;33;33;50;67;50;50;50;17;0;0;4;1.83;Skála;EB - Streymur;1.07;1.15;1;0.33;0.75;1;100;67;67;50;34;0;0;0;0;0;0;1153;27;Y;Y;Y;Y;Y;N;Y
341406;66;6874;2017;complete;2425;9;-1;29,52,70,86;;4;0;4;-1;-1;-1;-1;-1;1;2;0;0;-1;-1;-1;-1;-1;-1;-1;-1;-1;-1;1;2;0;0;0;0;0;0;0;0;0;0;0;0;0;0;0;0;0;0;0;0;0;0;0;0;0;0;0;0;0;0;0;0;0;0;0;0;0;0;0;0;0;0;0;0;0;0;0;0;0;0;0;0;0;0;0;0;0;0;0;0;0;0;0;0;0;0;0;0;4;1;0;3;0;3;1;2017-05-21 14:00:00;66;0;44;27;10;0;-1;1;-1;-1;-1;-1;-1;-1;0;0;1;2;0;3;-1;0;0;0;0;0;0;0;1;0;1;0;0;0;1;1;0;0;-1;-1;0;0;-1;-1;-1;-1;-1;-1;-1;-1;-1;0;54;54;90;100;64;90;74;20;9;0;2.4;2.97;B36;07 Vestur;2.08;0.93;1.67;1.4;1.13;1;100;47;47;10;0;50;50;50;0;0;0;1153;27;Y;Y;Y;Y;N;N;N
341407;5404;985;2017;complete;2425;9;-1;45;;1;0;1;-1;-1;-1;-1;-1;2;1;0;0;-1;-1;-1;-1;-1;-1;-1;-1;-1;-1;2;1;0;0;0;0;0;0;0;0;0;0;0;0;0;0;0;0;0;0;0;0;0;0;0;0;0;0;0;0;0;0;0;0;0;0;0;0;0;0;0;0;0;0;0;0;0;0;0;0;0;0;0;0;0;0;0;0;0;0;0;0;0;0;0;0;0;0;0;0;1;1;0;0;0;0;1;2017-05-21 14:00:00;5404;0;25;0;25;0;-1;1;-1;-1;-1;-1;-1;-1;0;0;2;1;0;3;-1;0;0;0;0;0;0;0;0;0;0;0;0;0;1;1;0;0;-1;-1;0;0;-1;-1;-1;-1;-1;-1;-1;-1;-1;0;25;25;25;63;13;50;38;25;0;0;3.75;1.38;KÍ;HB;2.15;1.07;2;0.5;2;1.25;100;75;75;75;38;0;0;0;0;0;0;1153;27;Y;N;N;N;N;N;N
341408;5404;6874;2017;complete;2425;10;-1;52;;1;0;1;-1;-1;-1;-1;-1;1;0;0;0;-1;-1;-1;-1;-1;-1;-1;-1;-1;-1;1;0;0;0;0;0;0;0;0;0;0;0;0;0;0;0;0;0;0;0;0;0;0;0;0;0;0;0;0;0;0;0;0;0;0;0;0;0;0;0;0;0;0;0;0;0;0;0;0;0;0;0;0;0;0;0;0;0;0;0;0;0;0;0;0;0;0;0;0;0;1;0;0;1;0;1;0;2017-05-28 14:00:00;5404;0;29;9;29;0;-1;1;-1;-1;-1;-1;-1;-1;0;0;1;0;0;1;-1;0;0;0;0;0;0;0;0;0;0;0;0;0;1;1;0;0;-1;-1;0;0;-1;-1;-1;-1;-1;-1;-1;-1;-1;0;45;45;62;90;35;72;72;45;0;0;4.1;2.42;KÍ;07 Vestur;2.15;0.93;2.2;1.17;2.11;0.89;100;55;55;39;10;0;0;0;0;0;0;1153;27;Y;N;N;N;N;N;N
341409;6873;997;2017;complete;2425;10;-1;36;85,90;1;2;3;-1;-1;-1;-1;-1;4;0;0;0;-1;-1;-1;-1;-1;-1;-1;-1;-1;-1;4;0;0;0;0;0;0;0;0;0;0;0;0;0;0;0;0;0;0;0;0;0;0;0;0;0;0;0;0;0;0;0;0;0;0;0;0;0;0;0;0;0;0;0;0;0;0;0;0;0;0;0;0;0;0;0;0;0;0;0;0;0;0;0;0;0;0;0;0;0;3;1;0;0;2;2;1;2017-05-28 14:00:00;997;0;78;25;55;0;-1;1;-1;-1;-1;-1;-1;-1;2;0;2;0;2;2;-1;0;0;0;0;0;0;0;0;0;0;0;0;0;1;1;0;0;-1;-1;0;0;-1;-1;-1;-1;-1;-1;-1;-1;-1;23;45;65;88;100;58;88;88;55;0;0;4.33;3.2;TB / FCS / Royn;EB - Streymur;1.29;1.15;1.8;0.25;1.33;0.89;78;55;35;13;0;0;0;0;0;0;0;1153;27;Y;Y;Y;N;N;N;Y
341410;1211;6872;2017;complete;2425;10;-1;15,29,56,56;;4;0;4;-1;-1;-1;-1;-1;1;1;0;0;-1;-1;-1;-1;-1;-1;-1;-1;-1;-1;1;1;0;0;0;0;0;0;0;0;0;0;0;0;0;0;0;0;0;0;0;0;0;0;0;0;0;0;0;0;0;0;0;0;0;0;0;0;0;0;0;0;0;0;0;0;0;0;0;0;0;0;0;0;0;0;0;0;0;0;0;0;0;0;0;0;0;0;0;0;4;2;0;2;0;2;2;2017-05-28 14:00:00;1211;0;50;20;20;0;-1;1;-1;-1;-1;-1;-1;-1;1;1;0;0;2;0;-1;0;0;0;0;0;0;0;0;0;0;0;0;0;1;1;0;0;-1;-1;0;0;-1;-1;-1;-1;-1;-1;-1;-1;-1;0;20;30;70;90;20;60;90;30;1;0;4.6;2.1;Víkingur;Skála;1.57;1.38;1.8;0.6;1.89;1;100;80;70;30;10;50;0;0;0;0;0;1153;27;Y;Y;Y;Y;N;N;N
341411;985;6876;2017;complete;2425;10;-1;3,26,76,86;51,78;4;2;6;-1;-1;-1;-1;-1;1;2;0;0;-1;-1;-1;-1;-1;-1;-1;-1;-1;-1;1;2;0;0;0;0;0;0;0;0;0;0;0;0;0;0;0;0;0;0;0;0;0;0;0;0;0;0;0;0;0;0;0;0;0;0;0;0;0;0;0;0;0;0;0;0;0;0;0;0;0;0;0;0;0;0;0;0;0;0;0;0;0;0;0;0;0;0;0;0;6;2;0;2;2;4;2;2017-05-28 14:00:00;985;0;58;38;35;0;-1;1;-1;-1;-1;-1;-1;-1;0;0;1;2;0;3;-1;0;0;0;0;0;0;0;0;0;0;0;0;0;1;1;1;0;-1;-1;0;0;-1;-1;-1;-1;-1;-1;-1;-1;-1;0;45;78;90;90;80;90;55;45;2;0;4.55;3.03;HB;ÍF;1.85;0.31;2;0.2;1.11;0.67;100;55;23;10;10;50;50;0;0;0;0;1153;27;Y;Y;Y;Y;Y;Y;Y
341412;5415;66;2017;complete;2425;10;-1;41;50;1;1;2;7;4;11;-1;-1;1;4;0;0;5;4;10;2;15;6;-1;-1;-1;-1;1;4;0;0;0;0;0;0;0;0;0;0;0;0;0;0;0;0;0;0;0;0;0;0;0;0;0;0;0;0;0;0;0;0;0;0;0;0;0;0;0;0;0;0;0;0;0;0;0;0;0;0;0;0;0;0;0;0;0;0;0;0;0;0;0;0;0;0;0;0;2;1;0;0;1;1;1;2017-05-29 17:00:00;-1;0;57;29;20;0;-1;1;-1;-1;-1;-1;-1;-1;1;1;0;3;2;3;-1;0;0;0;0;0;0;0;0;0;0;0;0;0;1;1;0;0;-1;-1;0;0;-1;-1;-1;-1;-1;-1;-1;-1;-1;10;39;47;74;90;37;90;65;37;8;0;4.43;2.59;NSÍ;B36;1.69;1.5;1.83;0.8;1.78;1.33;90;62;54;27;10;50;25;0;0;0;0;1153;27;Y;Y;N;N;N;N;Y
341413;6872;5404;2017;complete;2425;11;-1;19;4,7;1;2;3;5;4;9;-1;-1;1;0;0;0;5;5;2;6;7;11;-1;-1;-1;-1;1;0;0;0;0;0;0;0;0;0;0;0;0;0;0;0;0;0;0;0;0;0;0;0;0;0;0;0;0;0;0;0;0;0;0;0;0;0;0;0;0;0;0;0;0;0;0;0;0;0;0;0;0;0;0;0;0;0;0;0;0;0;0;0;0;0;0;0;0;0;3;1;2;0;0;0;3;2017-06-02 18:00:00;5404;0;63;38;25;0;-1;1;-1;-1;-1;-1;-1;-1;0;0;1;0;0;1;-1;0;0;0;0;0;0;0;0;0;0;0;0;0;1;1;0;2;-1;-1;0;0;-1;-1;-1;-1;-1;-1;-1;-1;-1;13;38;50;75;75;38;75;75;25;4;0;5.42;2.5;Skála;KÍ;1.07;1.71;1.5;2;0.9;2.2;88;63;50;25;25;50;50;25;0;0;0;1153;27;Y;Y;Y;N;N;N;Y
341414;997;5415;2017;complete;2425;11;-1;;10,37,62;0;3;3;-1;-1;-1;-1;-1;2;0;0;0;-1;-1;-1;-1;-1;-1;-1;-1;-1;-1;2;0;0;0;0;0;0;0;0;0;0;0;0;0;0;0;0;0;0;0;0;0;0;0;0;0;0;0;0;0;0;0;0;0;0;0;0;0;0;0;0;0;0;0;0;0;0;0;0;0;0;0;0;0;0;0;0;0;0;0;0;0;0;0;0;0;0;0;0;0;3;0;2;0;1;1;2;2017-06-03 14:00:00;5415;0;60;17;34;0;-1;1;-1;-1;-1;-1;-1;-1;0;0;2;0;0;2;-1;0;0;0;0;0;0;0;0;1;0;1;0;0;1;1;0;1;-1;-1;0;0;-1;-1;-1;-1;-1;-1;-1;-1;-1;10;60;60;70;90;34;80;80;44;3;0;2.53;3;EB - Streymur;NSÍ;1.21;1.71;1.4;1.67;1.1;1.7;90;40;40;30;10;50;50;50;0;0;0;1153;27;Y;Y;Y;N;N;N;N
341415;66;1211;2017;complete;2425;11;-1;32,45,76;7,27,69,74,86;3;5;8;-1;-1;-1;-1;-1;2;2;0;0;-1;-1;-1;-1;-1;-1;-1;-1;-1;-1;2;2;0;0;0;0;0;0;0;0;0;0;0;0;0;0;0;0;0;0;0;0;0;0;0;0;0;0;0;0;0;0;0;0;0;0;0;0;0;0;0;0;0;0;0;0;0;0;0;0;0;0;0;0;0;0;0;0;0;0;0;0;0;0;0;0;0;0;0;0;8;2;2;1;3;4;4;2017-06-03 14:00:00;1211;0;63;25;25;0;-1;1;-1;-1;-1;-1;-1;-1;1;1;1;1;2;2;-1;0;0;0;0;0;0;0;0;1;0;1;0;0;1;1;0;1;-1;-1;0;0;-1;-1;-1;-1;-1;-1;-1;-1;-1;13;63;63;88;100;38;88;75;50;9;0;2.75;3.38;B36;Víkingur;2.08;2.31;2;2;1.3;2;88;38;38;13;0;50;50;50;0;0;0;1153;27;Y;Y;Y;Y;Y;Y;Y
341416;6876;6873;2017;complete;2425;11;-1;;47,58,64,69;0;4;4;-1;-1;-1;-1;-1;3;0;0;0;-1;-1;-1;-1;-1;-1;-1;-1;-1;-1;3;0;0;0;0;0;0;0;0;0;0;0;0;0;0;0;0;0;0;0;0;0;0;0;0;0;0;0;0;0;0;0;0;0;0;0;0;0;0;0;0;0;0;0;0;0;0;0;0;0;0;0;0;0;0;0;0;0;0;0;0;0;0;0;0;0;0;0;0;0;4;0;0;0;4;4;0;2017-06-03 15:00:00;6873;0;38;13;25;0;-1;1;-1;-1;-1;-1;-1;-1;1;0;2;0;1;2;-1;0;0;0;0;0;0;0;0;0;0;0;0;0;1;1;0;0;-1;-1;0;0;-1;-1;-1;-1;-1;-1;-1;-1;-1;0;13;38;50;88;25;50;63;38;0;0;3;1.88;ÍF;TB / FCS / Royn;0.57;0.85;1.25;0.75;0.6;1.2;100;88;63;50;13;0;0;0;0;0;0;1153;27;Y;Y;Y;Y;N;N;N
341417;6874;985;2017;complete;2425;11;-1;8;15,53,61,88;1;4;5;-1;-1;-1;-1;-1;1;2;0;0;-1;-1;-1;-1;-1;-1;-1;-1;-1;-1;1;2;0;0;0;0;0;0;0;0;0;0;0;0;0;0;0;0;0;0;0;0;0;0;0;0;0;0;0;0;0;0;0;0;0;0;0;0;0;0;0;0;0;0;0;0;0;0;0;0;0;0;0;0;0;0;0;0;0;0;0;0;0;0;0;0;0;0;0;0;5;1;1;0;3;3;2;2017-06-03 16:00:00;985;0;17;0;17;0;-1;1;-1;-1;-1;-1;-1;-1;0;0;1;2;0;3;-1;0;0;0;0;0;0;0;1;0;1;0;0;0;1;1;1;0;-1;-1;0;0;-1;-1;-1;-1;-1;-1;-1;-1;-1;0;0;0;34;80;0;64;34;17;5;0;1.67;1.14;07 Vestur;HB;1.15;1.07;0.33;0.4;0.8;1.3;100;100;100;67;20;50;50;0;0;0;0;1153;27;Y;Y;Y;Y;Y;N;Y
341418;66;985;2017;complete;2425;12;-1;28,56;51,87;2;2;4;-1;-1;-1;-1;-1;2;2;0;0;-1;-1;-1;-1;-1;-1;-1;-1;-1;-1;2;2;0;0;0;0;0;0;0;0;0;0;0;0;0;0;0;0;0;0;0;0;0;0;0;0;0;0;0;0;0;0;0;0;0;0;0;0;0;0;0;0;0;0;0;0;0;0;0;0;0;0;0;0;0;0;0;0;0;0;0;0;0;0;0;0;0;0;0;0;4;1;0;1;2;3;1;2017-06-14 17:00:00;-1;0;39;29;10;0;-1;1;-1;-1;-1;-1;-1;-1;0;1;2;1;1;3;-1;0;0;0;0;0;0;0;0;1;0;1;0;0;1;1;0;0;-1;-1;0;0;-1;-1;-1;-1;-1;-1;-1;-1;-1;19;49;49;59;84;39;84;49;29;9;0;2.37;2.87;B36;HB;2.08;1.07;1.6;0.83;1.18;1.45;82;52;52;42;17;50;50;50;0;0;0;1153;27;Y;Y;Y;Y;N;N;Y
341419;6874;6876;2017;complete;2425;12;-1;35,49,90;27,72;3;2;5;-1;-1;-1;-1;-1;0;4;0;0;-1;-1;-1;-1;-1;-1;-1;-1;-1;-1;0;4;0;0;0;0;0;0;0;0;0;0;0;0;0;0;0;0;0;0;0;0;0;0;0;0;0;0;0;0;0;0;0;0;0;0;0;0;0;0;0;0;0;0;0;0;0;0;0;0;0;0;0;0;0;0;0;0;0;0;0;0;0;0;0;0;0;0;0;0;5;1;1;2;1;3;2;2017-06-14 17:00:00;6874;0;50;13;29;0;-1;1;-1;-1;-1;-1;-1;-1;0;2;0;2;2;2;-1;0;0;0;0;0;0;0;0;0;0;0;0;0;1;1;0;0;-1;-1;0;0;-1;-1;-1;-1;-1;-1;-1;-1;-1;21;38;54;79;92;46;79;71;50;7;0;3.42;2.92;07 Vestur;ÍF;1.15;0.31;0.25;0.17;0.73;0.55;79;63;46;21;9;100;100;0;0;0;0;1153;27;Y;Y;Y;Y;Y;N;Y
341420;5415;5404;2017;complete;2425;12;-1;40,90;47,75;2;2;4;7;1;8;-1;-1;2;3;0;0;6;5;3;5;9;10;-1;-1;-1;-1;2;3;0;0;0;0;0;0;0;0;0;0;0;0;0;0;0;0;0;0;0;0;0;0;0;0;0;0;0;0;0;0;0;0;0;0;0;0;0;0;0;0;0;0;0;0;0;0;0;0;0;0;0;0;0;0;0;0;0;0;0;0;0;0;0;0;0;0;0;0;4;1;0;1;2;3;1;2017-06-14 17:00:00;-1;0;62;27;10;0;-1;1;-1;-1;-1;-1;-1;-1;0;1;2;2;1;4;-1;0;0;0;0;0;0;0;0;0;0;0;0;0;1;1;0;0;-1;-1;0;0;-1;-1;-1;-1;-1;-1;-1;-1;-1;0;17;45;86;100;35;100;69;25;11.67;0;3.91;2.47;NSÍ;KÍ;1.69;1.71;1.71;2.2;1.82;2.27;100;83;56;15;0;100;67;33;0;0;0;1153;27;Y;Y;Y;Y;N;N;Y
341421;6872;6873;2017;complete;2425;12;-1;19,42;70,85;2;2;4;-1;-1;-1;-1;-1;2;2;0;2;-1;-1;-1;-1;-1;-1;-1;-1;-1;-1;2;5;0;0;0;0;0;0;0;0;0;0;0;0;0;0;0;0;0;0;0;0;0;0;0;0;0;0;0;0;0;0;0;0;0;0;0;0;0;0;0;0;0;0;0;0;0;0;0;0;0;0;0;0;0;0;0;0;0;0;0;0;0;0;0;0;0;0;0;0;4;2;0;0;2;2;2;2017-06-14 17:00:00;-1;0;40;40;10;0;-1;1;-1;-1;-1;-1;-1;-1;0;2;2;2;2;4;-1;0;0;0;0;0;0;0;2;0;2;0;0;0;1;1;0;0;-1;-1;0;0;-1;-1;-1;-1;-1;-1;-1;-1;-1;10;30;60;60;80;40;60;50;30;5;0;3.65;2.4;Skála;TB / FCS / Royn;1.07;0.85;1.2;1.2;0.82;1.36;90;70;40;40;20;50;0;0;0;0;0;1153;27;Y;Y;Y;Y;N;N;Y
341422;997;1211;2017;complete;2425;12;-1;;10;0;1;1;-1;-1;-1;-1;-1;4;1;0;0;-1;-1;-1;-1;-1;-1;-1;-1;-1;-1;4;1;0;0;0;0;0;0;0;0;0;0;0;0;0;0;0;0;0;0;0;0;0;0;0;0;0;0;0;0;0;0;0;0;0;0;0;0;0;0;0;0;0;0;0;0;0;0;0;0;0;0;0;0;0;0;0;0;0;0;0;0;0;0;0;0;0;0;0;0;1;0;1;0;0;0;1;2017-06-14 18:00:00;1211;0;49;20;30;0;-1;1;-1;-1;-1;-1;-1;-1;3;0;1;1;3;2;-1;0;0;0;0;0;0;0;0;0;0;0;0;0;1;1;0;1;-1;-1;1;0;-1;-1;-1;-1;-1;-1;-1;-1;-1;29;39;47;65;92;29;74;74;49;0;0;3.13;3.19;EB - Streymur;Víkingur;1.21;2.31;1.17;2.2;1;2.09;72;62;54;35;9;0;0;0;0;0;0;1153;27;Y;N;N;N;N;N;N
341423;1211;5415;2017;complete;2425;13;-1;12;51,90;1;2;3;-1;-1;-1;-1;-1;3;3;1;0;-1;-1;-1;-1;-1;-1;-1;-1;-1;-1;4;3;0;0;0;0;0;0;0;0;0;0;0;0;0;0;0;0;0;0;0;0;0;0;0;0;0;0;0;0;0;0;0;0;0;0;0;0;0;0;0;0;0;0;0;0;0;0;0;0;0;0;0;0;0;0;0;0;0;0;0;0;0;0;0;0;0;0;0;0;3;1;0;0;2;2;1;2017-06-18 14:00:00;5415;0;63;29;34;0;-1;1;-1;-1;-1;-1;-1;-1;2;1;2;2;3;4;-1;0;0;0;0;0;0;0;0;0;0;0;0;0;1;1;0;0;-1;-1;0;0;-1;-1;-1;-1;-1;-1;-1;-1;-1;0;63;84;92;100;63;92;100;50;3;0;3.17;3.38;Víkingur;NSÍ;1.57;1.71;2;2;2.17;1.75;100;38;17;9;0;50;50;50;0;0;0;1153;27;Y;Y;Y;N;N;N;Y
341424;985;6872;2017;complete;2425;13;-1;6;45,84;1;2;3;-1;-1;-1;-1;-1;3;1;0;0;-1;-1;-1;-1;-1;-1;-1;-1;-1;-1;3;1;0;0;0;0;0;0;0;0;0;0;0;0;0;0;0;0;0;0;0;0;0;0;0;0;0;0;0;0;0;0;0;0;0;0;0;0;0;0;0;0;0;0;0;0;0;0;0;0;0;0;0;0;0;0;0;0;0;0;0;0;0;0;0;0;0;0;0;0;3;1;1;0;1;1;2;2017-06-18 14:00:00;6872;0;57;30;39;0;-1;1;-1;-1;-1;-1;-1;-1;1;1;2;0;2;2;-1;0;0;0;0;0;0;0;0;0;0;0;0;0;1;1;1;0;-1;-1;0;0;-1;-1;-1;-1;-1;-1;-1;-1;-1;10;39;49;84;92;59;75;72;47;1;0;3.6;2.82;HB;Skála;1.85;1.38;2.2;0.5;1.42;0.83;90;62;52;17;9;50;0;0;0;0;0;1153;27;Y;Y;Y;N;N;N;Y
341425;6876;997;2017;complete;2425;13;-1;53;25,85;1;2;3;-1;-1;-1;-1;-1;1;2;0;0;-1;-1;-1;-1;-1;-1;-1;-1;-1;-1;1;2;0;0;0;0;0;0;0;0;0;0;0;0;0;0;0;0;0;0;0;0;0;0;0;0;0;0;0;0;0;0;0;0;0;0;0;0;0;0;0;0;0;0;0;0;0;0;0;0;0;0;0;0;0;0;0;0;0;0;0;0;0;0;0;0;0;0;0;0;3;0;1;1;1;2;1;2017-06-18 14:00:00;997;0;60;20;40;0;-1;1;-1;-1;-1;-1;-1;-1;0;0;1;2;0;3;-1;0;0;0;0;0;0;0;0;0;0;0;0;0;1;1;0;0;-1;-1;0;0;-1;-1;-1;-1;-1;-1;-1;-1;-1;10;40;50;70;90;40;50;80;60;0;0;2.6;2.6;ÍF;EB - Streymur;0.57;1.15;1;0.8;0.5;0.92;90;60;50;30;10;0;0;0;0;0;0;1153;27;Y;Y;Y;N;N;N;Y
341426;5404;66;2017;complete;2425;13;-1;73;9,21,31,70,76;1;5;6;-1;-1;-1;-1;-1;2;1;0;0;-1;-1;-1;-1;-1;-1;-1;-1;-1;-1;2;1;0;0;0;0;0;0;0;0;0;0;0;0;0;0;0;0;0;0;0;0;0;0;0;0;0;0;0;0;0;0;0;0;0;0;0;0;0;0;0;0;0;0;0;0;0;0;0;0;0;0;0;0;0;0;0;0;0;0;0;0;0;0;0;0;0;0;0;0;6;0;3;1;2;3;3;2017-06-18 14:00:00;66;0;58;17;33;0;-1;1;-1;-1;-1;-1;-1;-1;1;1;1;0;2;1;-1;0;0;0;0;0;0;0;0;0;0;0;0;0;1;1;0;1;-1;-1;0;0;-1;-1;-1;-1;-1;-1;-1;-1;-1;9;42;42;58;83;25;67;75;33;4;0;5.16;2.33;KÍ;B36;2.15;1.5;2.33;0.83;2.17;1.17;92;59;59;42;17;50;50;50;0;0;0;1153;27;Y;Y;Y;Y;Y;Y;Y
341427;6873;6874;2017;complete;2425;13;-1;43,47,90;10;3;1;4;-1;-1;-1;-1;-1;2;1;0;0;-1;-1;-1;-1;-1;-1;-1;-1;-1;-1;2;1;0;0;0;0;0;0;0;0;0;0;0;0;0;0;0;0;0;0;0;0;0;0;0;0;0;0;0;0;0;0;0;0;0;0;0;0;0;0;0;0;0;0;0;0;0;0;0;0;0;0;0;0;0;0;0;0;0;0;0;0;0;0;0;0;0;0;0;0;4;1;1;2;0;2;2;2017-06-18 14:00:00;6873;0;49;7;32;0;-1;1;-1;-1;-1;-1;-1;-1;0;1;2;0;1;2;-1;0;0;0;0;0;0;0;1;0;1;0;0;0;1;1;0;1;-1;-1;0;0;-1;-1;-1;-1;-1;-1;-1;-1;-1;9;38;63;86;100;38;86;93;55;0;0;4.46;2.95;TB / FCS / Royn;07 Vestur;1.29;0.93;1.5;1;1.33;0.92;92;62;37;15;0;0;0;0;0;0;0;1153;27;Y;Y;Y;Y;N;N;Y
341428;997;66;2017;complete;2425;14;-1;59;23,78;1;2;3;-1;-1;-1;-1;-1;3;1;0;0;-1;-1;-1;-1;-1;-1;-1;-1;-1;-1;3;1;0;0;0;0;0;0;0;0;0;0;0;0;0;0;0;0;0;0;0;0;0;0;0;0;0;0;0;0;0;0;0;0;0;0;0;0;0;0;0;0;0;0;0;0;0;0;0;0;0;0;0;0;0;0;0;0;0;0;0;0;0;0;0;0;0;0;0;0;3;0;1;1;1;2;1;2017-06-23 17:30:00;66;0;50;15;22;0;-1;1;-1;-1;-1;-1;-1;-1;1;0;2;1;1;3;-1;0;0;0;0;0;0;0;0;0;0;0;0;0;1;1;0;0;-1;-1;0;0;-1;-1;-1;-1;-1;-1;-1;-1;-1;22;36;43;65;86;29;79;72;29;4;0;4.28;2.65;EB - Streymur;B36;1.21;1.5;1;1.14;1.08;1.31;79;65;57;36;14;50;50;50;0;0;0;1153;27;Y;Y;Y;N;N;N;Y
341429;6874;1211;2017;complete;2425;14;-1;21,31;38,55,59,64;2;4;6;7;7;14;-1;-1;2;0;1;0;8;8;3;10;11;18;-1;-1;-1;-1;3;0;0;0;0;0;0;0;0;0;0;0;0;0;0;0;0;0;0;0;0;0;0;0;0;0;0;0;0;0;0;0;0;0;0;0;0;0;0;0;0;0;0;0;0;0;0;0;0;0;0;0;0;0;0;0;0;0;0;0;0;0;0;0;0;0;0;0;0;0;6;2;1;0;3;3;3;2017-06-23 18:00:00;1211;0;64;37;45;0;-1;1;-1;-1;-1;-1;-1;-1;2;0;1;0;2;1;-1;0;0;0;0;0;0;0;0;0;0;0;0;0;1;1;0;0;-1;-1;0;0;-1;-1;-1;-1;-1;-1;-1;-1;-1;37;45;45;74;100;37;82;74;64;5;0;2.27;3.34;07 Vestur;Víkingur;1.15;2.31;0.8;2.33;0.85;2;64;55;55;27;0;50;50;0;0;0;0;1153;27;Y;Y;Y;Y;Y;Y;Y
341430;6876;5404;2017;complete;2425;14;-1;27;8,50,71,83;1;4;5;-1;-1;-1;-1;-1;4;2;0;0;-1;-1;-1;-1;-1;-1;-1;-1;-1;-1;4;2;0;0;0;0;0;0;0;0;0;0;0;0;0;0;0;0;0;0;0;0;0;0;0;0;0;0;0;0;0;0;0;0;0;0;0;0;0;0;0;0;0;0;0;0;0;0;0;0;0;0;0;0;0;0;0;0;0;0;0;0;0;0;0;0;0;0;0;0;5;1;1;0;3;3;2;2017-06-23 18:00:00;5404;0;67;17;42;0;-1;1;-1;-1;-1;-1;-1;-1;2;0;2;2;2;4;-1;0;0;0;0;0;0;0;0;0;0;0;0;0;1;1;0;1;-1;-1;0;0;-1;-1;-1;-1;-1;-1;-1;-1;-1;0;33;59;84;92;25;67;83;50;3.25;0;3.83;2.67;ÍF;KÍ;0.57;1.71;0.83;2;0.46;2;100;67;42;17;9;38;25;13;0;0;0;1153;27;Y;Y;Y;Y;Y;N;Y
341431;6872;5415;2017;complete;2425;14;-1;32,37;80;2;1;3;-1;-1;-1;-1;-1;1;4;1;0;-1;-1;-1;-1;-1;-1;-1;-1;-1;-1;3;4;0;0;0;0;0;0;0;0;0;0;0;0;0;0;0;0;0;0;0;0;0;0;0;0;0;0;0;0;0;0;0;0;0;0;0;0;0;0;0;0;0;0;0;0;0;0;0;0;0;0;0;0;0;0;0;0;0;0;0;0;0;0;0;0;0;0;0;0;3;2;0;0;1;1;2;2017-06-23 18:00:00;6872;0;74;35;29;0;-1;1;-1;-1;-1;-1;-1;-1;0;1;2;3;1;5;-1;0;0;0;0;0;0;0;0;0;0;0;0;0;1;1;0;0;-1;-1;0;0;-1;-1;-1;-1;-1;-1;-1;-1;-1;9;55;84;84;84;64;84;75;47;8;0;3.6;3.14;Skála;NSÍ;1.07;1.71;1.17;2.2;1;1.85;92;45;17;17;17;100;50;50;0;0;0;1153;27;Y;Y;Y;N;N;N;Y
341432;6873;985;2017;complete;2425;14;-1;;;0;0;0;-1;-1;-1;-1;-1;4;0;0;0;-1;-1;-1;-1;-1;-1;-1;-1;-1;-1;4;0;0;0;0;0;0;0;0;0;0;0;0;0;0;0;0;0;0;0;0;0;0;0;0;0;0;0;0;0;0;0;0;0;0;0;0;0;0;0;0;0;0;0;0;0;0;0;0;0;0;0;0;0;0;0;0;0;0;0;0;0;0;0;0;0;0;0;0;0;0;0;0;0;0;0;0;2017-06-23 19:00:00;-1;0;58;14;29;0;-1;1;-1;-1;-1;-1;-1;-1;2;0;2;0;2;2;-1;0;0;0;0;0;0;0;0;0;0;0;0;0;1;1;0;0;-1;-1;0;0;-1;-1;-1;-1;-1;-1;-1;-1;-1;14;36;58;65;86;29;86;65;50;0;0;4.29;2.57;TB / FCS / Royn;HB;1.29;1.07;1.71;0.86;1.46;1.31;86;64;43;36;15;0;0;0;0;0;0;1153;27;N;N;N;N;N;N;N
341433;1211;6876;2017;complete;2425;15;-1;25,57,71,86;;4;0;4;-1;-1;-1;-1;-1;0;3;0;1;-1;-1;-1;-1;-1;-1;-1;-1;-1;-1;0;5;0;0;0;0;0;0;0;0;0;0;0;0;0;0;0;0;0;0;0;0;0;0;0;0;0;0;0;0;0;0;0;0;0;0;0;0;0;0;0;0;0;0;0;0;0;0;0;0;0;0;0;0;0;0;0;0;0;0;0;0;0;0;0;0;0;0;0;0;4;1;0;3;0;3;1;2017-07-21 18:00:00;1211;0;57;22;29;0;-1;1;-1;-1;-1;-1;-1;-1;0;1;0;3;1;3;-1;0;0;0;0;0;0;0;0;0;0;0;0;0;1;1;0;0;-1;-1;0;0;-1;-1;-1;-1;-1;-1;-1;-1;-1;15;50;79;86;93;57;86;86;57;2;0;5.29;3.29;Víkingur;ÍF;1.57;0.31;1.71;0.14;2.07;0.43;86;50;22;14;7;50;50;0;0;0;0;1153;27;Y;Y;Y;Y;N;N;N
341434;6874;5415;2017;complete;2425;15;-1;;13,20,37,48,56,63,78;0;7;7;2;8;10;-1;-1;0;1;0;0;4;14;2;12;6;26;-1;-1;-1;-1;0;1;0;0;0;0;0;0;0;0;0;0;0;0;0;0;0;0;0;0;0;0;0;0;0;0;0;0;0;0;0;0;0;0;0;0;0;0;0;0;0;0;0;0;0;0;0;0;0;0;0;0;0;0;0;0;0;0;0;0;0;0;0;0;0;0;0;0;0;0;7;0;3;0;4;4;3;2017-07-22 16:00:00;5415;0;75;34;33;0;-1;1;-1;-1;-1;-1;-1;-1;0;0;0;1;0;1;-1;0;0;0;0;0;0;0;0;0;0;0;0;0;1;1;0;0;-1;-1;0;0;-1;-1;-1;-1;-1;-1;-1;-1;-1;25;50;75;92;100;59;92;92;59;9;0;2.83;3.5;07 Vestur;NSÍ;1.15;1.71;0.67;1.83;0.79;1.71;75;50;25;9;0;100;100;75;0;0;0;1153;27;Y;Y;Y;Y;Y;Y;N
341435;997;985;2017;complete;2425;15;-1;58,90;85;2;1;3;-1;-1;-1;-1;-1;2;1;0;0;-1;-1;-1;-1;-1;-1;-1;-1;-1;-1;2;1;0;0;0;0;0;0;0;0;0;0;0;0;0;0;0;0;0;0;0;0;0;0;0;0;0;0;0;0;0;0;0;0;0;0;0;0;0;0;0;0;0;0;0;0;0;0;0;0;0;0;0;0;0;0;0;0;0;0;0;0;0;0;0;0;0;0;0;0;3;0;0;2;1;3;0;2017-07-23 14:00:00;997;0;25;7;13;0;-1;1;-1;-1;-1;-1;-1;-1;1;0;1;1;1;2;-1;0;0;0;0;0;0;0;0;0;0;0;0;0;1;1;0;0;-1;-1;0;0;-1;-1;-1;-1;-1;-1;-1;-1;-1;13;19;32;38;76;13;69;44;25;0;0;3.01;1.82;EB - Streymur;HB;1.21;1.07;0.88;0.88;1;1.29;88;82;69;63;26;0;0;0;0;0;0;1153;27;Y;Y;Y;N;N;N;Y
341436;66;6872;2017;complete;2425;15;-1;90,90;45;2;1;3;10;2;12;-1;-1;2;1;0;0;9;2;10;2;19;4;-1;-1;-1;-1;2;1;0;0;0;0;0;0;0;0;0;0;0;0;0;0;0;0;0;0;0;0;0;0;0;0;0;0;0;0;0;0;0;0;0;0;0;0;0;0;0;0;0;0;0;0;0;0;0;0;0;0;0;0;0;0;0;0;0;0;0;0;0;0;0;0;0;0;0;0;3;0;1;2;0;2;1;2017-07-23 14:00:00;66;0;55;24;24;0;-1;1;-1;-1;-1;-1;-1;-1;0;0;2;1;0;3;-1;0;0;0;0;0;0;0;0;0;0;0;0;0;1;1;0;0;-1;-1;0;0;-1;-1;-1;-1;-1;-1;-1;-1;-1;9;49;56;86;93;40;79;85;40;10;0;3.19;3.17;B36;Skála;2.08;1.38;1.5;0.86;1.43;1.14;92;52;44;15;7;100;50;50;0;0;0;1153;27;Y;Y;Y;N;N;N;Y
341437;5404;6873;2017;complete;2425;15;-1;5,11,40,70;48;4;1;5;-1;-1;-1;-1;-1;1;2;0;0;-1;-1;-1;-1;-1;-1;-1;-1;-1;-1;1;2;0;0;0;0;0;0;0;0;0;0;0;0;0;0;0;0;0;0;0;0;0;0;0;0;0;0;0;0;0;0;0;0;0;0;0;0;0;0;0;0;0;0;0;0;0;0;0;0;0;0;0;0;0;0;0;0;0;0;0;0;0;0;0;0;0;0;0;0;5;3;0;1;1;2;3;2017-07-23 14:00:00;5404;0;38;9;22;0;-1;1;-1;-1;-1;-1;-1;-1;0;2;1;0;2;1;-1;0;0;0;0;0;0;0;1;0;1;0;0;0;1;1;1;0;-1;-1;0;0;-1;-1;-1;-1;-1;-1;-1;-1;-1;7;38;55;55;93;31;62;69;47;0;0;4.29;2.55;KÍ;TB / FCS / Royn;2.15;0.85;2;1.17;2.07;1.43;93;62;45;45;7;0;0;0;0;0;0;1153;27;Y;Y;Y;Y;Y;N;Y
341438;6873;1211;2017;complete;2425;16;-1;;35,44,72;0;3;3;-1;-1;-1;-1;-1;4;1;1;0;-1;-1;-1;-1;-1;-1;-1;-1;-1;-1;5;1;0;0;0;0;0;0;0;0;0;0;0;0;0;0;0;0;0;0;0;0;0;0;0;0;0;0;0;0;0;0;0;0;0;0;0;0;0;0;0;0;0;0;0;0;0;0;0;0;0;0;0;0;0;0;0;0;0;0;0;0;0;0;0;0;0;0;0;0;3;0;2;0;1;1;2;2017-07-27 16:00:00;1211;0;73;28;41;0;-1;1;-1;-1;-1;-1;-1;-1;0;0;5;1;0;6;-1;0;0;0;0;0;0;0;0;0;0;0;0;0;1;1;0;0;-1;-1;0;0;-1;-1;-1;-1;-1;-1;-1;-1;-1;28;48;66;80;94;41;87;80;67;7;0;4.56;3.5;TB / FCS / Royn;Víkingur;1.29;2.31;1.63;2.43;1.33;2.13;73;53;34;21;7;50;50;50;0;0;0;1153;27;Y;Y;Y;N;N;N;N
341439;6872;997;2017;complete;2425;16;-1;45;87;1;1;2;-1;-1;-1;-1;-1;1;3;0;0;-1;-1;-1;-1;-1;-1;-1;-1;-1;-1;1;3;0;0;0;0;0;0;0;0;0;0;0;0;0;0;0;0;0;0;0;0;0;0;0;0;0;0;0;0;0;0;0;0;0;0;0;0;0;0;0;0;0;0;0;0;0;0;0;0;0;0;0;0;0;0;0;0;0;0;0;0;0;0;0;0;0;0;0;0;2;1;0;0;1;1;1;2017-07-27 18:00:00;-1;0;77;38;32;0;-1;1;-1;-1;-1;-1;-1;-1;0;1;1;2;1;3;-1;0;0;0;0;0;0;0;0;0;0;0;0;0;1;1;0;0;-1;-1;0;0;-1;-1;-1;-1;-1;-1;-1;-1;-1;16;38;69;77;86;61;77;70;48;5;0;3.53;2.86;Skála;EB - Streymur;1.07;1.15;1.43;1.17;1.07;1.13;85;62;31;23;15;50;0;0;0;0;0;1153;27;Y;Y;N;N;N;N;Y
341440;6876;5415;2017;complete;2425;16;-1;;25,27,40;0;3;3;4;10;14;-1;-1;0;1;0;0;3;9;7;13;10;22;-1;-1;50;50;0;1;0;0;0;0;0;0;0;0;0;0;0;0;0;0;0;0;0;0;0;0;0;0;0;0;0;0;0;0;0;0;0;0;0;0;0;0;0;0;0;0;0;0;0;0;0;0;0;0;0;0;0;0;0;0;0;0;0;0;0;0;0;0;0;0;0;0;0;0;3;0;3;0;0;0;3;2017-07-27 18:00:00;5415;0;64;14;36;0;-1;1;-1;-1;-1;-1;-1;-1;0;0;0;1;0;1;-1;0;0;0;0;0;0;0;0;0;0;0;0;0;1;1;0;0;-1;-1;0;0;-1;-1;-1;-1;-1;-1;-1;-1;-1;14;50;79;86;93;50;72;93;64;5.5;0;3.57;3.36;ÍF;NSÍ;0.57;1.71;0.71;2;0.4;1.8;86;50;22;15;7;50;50;25;0;0;0;1153;27;Y;Y;Y;N;N;N;N
341441;66;6874;2017;complete;2425;16;-1;25,42;;2;0;2;9;5;14;-1;-1;1;1;0;0;6;4;9;7;15;11;-1;-1;48;52;1;1;0;0;0;0;0;0;0;0;0;0;0;0;0;0;0;0;0;0;0;0;0;0;0;0;0;0;0;0;0;0;0;0;0;0;0;0;0;0;0;0;0;0;0;0;0;0;0;0;0;0;0;0;0;0;0;0;0;0;0;0;0;0;0;0;0;0;0;0;2;2;0;0;0;0;2;2017-07-28 17:00:00;66;0;48;27;21;0;-1;1;-1;-1;-1;-1;-1;-1;0;0;1;1;0;2;-1;0;0;0;0;0;0;0;0;0;0;0;0;0;1;1;0;0;-1;-1;0;0;-1;-1;-1;-1;-1;-1;-1;-1;-1;7;61;68;88;100;47;88;87;54;9.33;0;2.68;3.45;B36;07 Vestur;2.08;0.93;1.71;0.88;1.53;0.73;93;40;32;13;0;50;50;50;0;0;0;1153;27;Y;Y;N;N;N;N;N
341442;985;5404;2017;complete;2425;16;-1;31,59;19;2;1;3;1;9;10;-1;-1;1;0;0;0;3;5;7;7;10;12;-1;-1;52;48;1;0;0;0;0;0;0;0;0;0;0;0;0;0;0;0;0;0;0;0;0;0;0;0;0;0;0;0;0;0;0;0;0;0;0;0;0;0;0;0;0;0;0;0;0;0;0;0;0;0;0;0;0;0;0;0;0;0;0;0;0;0;0;0;0;0;0;0;0;0;3;1;1;1;0;1;2;2017-07-29 15:00:00;985;0;85;55;40;0;-1;1;-1;-1;-1;-1;-1;-1;0;0;1;0;0;1;-1;0;0;0;0;0;0;0;0;0;0;0;0;0;1;1;0;0;-1;-1;0;0;-1;-1;-1;-1;-1;-1;-1;-1;-1;16;47;77;100;100;72;100;77;47;3.25;0;4.12;3.48;HB;KÍ;1.85;1.71;1.83;2.14;1.2;2.13;85;54;23;0;0;38;25;13;0;0;0;1153;27;Y;Y;Y;N;N;N;Y
341443;1211;985;2017;complete;2425;17;-1;7;16,54,83;1;3;4;-1;-1;-1;-1;-1;1;2;0;0;-1;-1;-1;-1;-1;-1;-1;-1;-1;-1;1;2;0;0;0;0;0;0;0;0;0;0;0;0;0;0;0;0;0;0;0;0;0;0;0;0;0;0;0;0;0;0;0;0;0;0;0;0;0;0;0;0;0;0;0;0;0;0;0;0;0;0;0;0;0;0;0;0;0;0;0;0;0;0;0;0;0;0;0;0;4;1;1;0;2;2;2;2017-08-06 14:00:00;985;0;42;18;18;0;-1;1;-1;-1;-1;-1;-1;-1;0;0;1;2;0;3;-1;0;0;0;0;0;0;0;0;0;0;0;0;0;1;1;1;0;-1;-1;0;0;-1;-1;-1;-1;-1;-1;-1;-1;-1;6;36;54;61;84;25;72;67;48;0;0;3.24;2.4;Víkingur;HB;1.57;1.07;1.88;0.78;2.19;1.31;95;64;46;40;17;0;0;0;0;0;0;1153;27;Y;Y;Y;Y;N;N;Y
341444;997;5404;2017;complete;2425;17;-1;78,84;74;2;1;3;-1;-1;-1;-1;-1;2;2;0;1;-1;-1;-1;-1;-1;-1;-1;-1;-1;-1;2;3;0;0;0;0;0;0;0;0;0;0;0;0;0;0;0;0;0;0;0;0;0;0;0;0;0;0;0;0;0;0;0;0;0;0;0;0;0;0;0;0;0;0;0;0;0;0;0;0;0;0;0;0;0;0;0;0;0;0;0;0;0;0;0;0;0;0;0;0;3;0;0;2;1;3;0;2017-08-06 14:00:00;997;0;61;25;24;0;-1;1;-1;-1;-1;-1;-1;-1;0;0;2;3;0;5;-1;0;0;0;0;0;0;0;0;0;0;0;0;0;1;1;0;0;-1;-1;0;0;-1;-1;-1;-1;-1;-1;-1;-1;-1;12;25;60;78;95;31;84;78;36;4.4;0;3.89;2.74;EB - Streymur;KÍ;1.21;1.71;1.11;1.88;1.13;2;89;76;41;22;6;40;30;10;0;0;0;1153;27;Y;Y;Y;N;N;N;Y
341445;5415;6873;2017;complete;2425;17;-1;14,29,45,84;;4;0;4;-1;-1;-1;-1;-1;1;1;0;0;-1;-1;-1;-1;-1;-1;-1;-1;-1;-1;1;1;0;0;0;0;0;0;0;0;0;0;0;0;0;0;0;0;0;0;0;0;0;0;0;0;0;0;0;0;0;0;0;0;0;0;0;0;0;0;0;0;0;0;0;0;0;0;0;0;0;0;0;0;0;0;0;0;0;0;0;0;0;0;0;0;0;0;0;0;4;3;0;1;0;1;3;2017-08-06 14:00:00;5415;0;47;14;14;0;-1;1;-1;-1;-1;-1;-1;-1;0;0;1;1;0;2;-1;0;0;0;0;0;0;0;0;0;0;0;0;0;1;1;0;0;-1;-1;0;0;-1;-1;-1;-1;-1;-1;-1;-1;-1;7;34;55;73;100;34;86;67;48;7.5;0;3.75;2.69;NSÍ;TB / FCS / Royn;1.69;0.85;1.63;1;1.88;1.25;93;66;46;27;0;38;25;13;0;0;0;1153;27;Y;Y;Y;Y;N;N;N
341446;6872;6874;2017;complete;2425;17;-1;;37;0;1;1;-1;-1;-1;-1;-1;2;5;0;1;-1;-1;-1;-1;-1;-1;-1;-1;-1;-1;2;6;0;0;0;0;0;0;0;0;0;0;0;0;0;0;0;0;0;0;0;0;0;0;0;0;0;0;0;0;0;0;0;0;0;0;0;0;0;0;0;0;0;0;0;0;0;0;0;0;0;0;0;0;0;0;0;0;0;0;0;0;0;0;0;0;0;0;0;0;1;0;1;0;0;0;1;2017-08-06 14:00:00;6874;0;49;30;12;0;-1;1;-1;-1;-1;-1;-1;-1;0;1;2;5;1;7;-1;0;0;0;0;0;0;0;0;0;0;0;0;0;1;1;0;0;-1;-1;0;0;-1;-1;-1;-1;-1;-1;-1;-1;-1;7;41;54;77;88;60;77;71;35;10;0;3.36;2.65;Skála;07 Vestur;1.07;0.93;1.38;0.78;1.06;0.69;94;60;47;24;13;100;50;50;0;0;0;1153;27;Y;N;N;N;N;N;N
341447;66;6876;2017;complete;2425;17;-1;34,57,61,69,87;65,90;5;2;7;-1;-1;-1;-1;-1;-1;-1;-1;-1;-1;-1;-1;-1;-1;-1;-1;-1;-1;-1;-1;-1;0;0;0;0;0;0;0;0;0;0;0;0;0;0;0;0;0;0;0;0;0;0;0;0;0;0;0;0;0;0;0;0;0;0;0;0;0;0;0;0;0;0;0;0;0;0;0;0;0;0;0;0;0;0;0;0;0;0;0;0;0;0;0;0;0;0;0;0;7;1;0;4;2;6;1;2017-08-06 14:00:00;66;0;57;19;32;0;-1;-1;-1;-1;-1;-1;-1;-1;-1;-1;-1;-1;-1;-1;-1;0;0;0;0;0;0;0;0;0;0;0;0;0;1;1;0;0;-1;-1;-1;-1;-1;-1;-1;-1;-1;-1;-1;-1;-1;19;63;82;94;94;57;94;75;57;11.25;0;4.51;3.76;B36;ÍF;2.08;0.31;1.88;0.13;1.63;0.38;82;38;19;7;7;100;100;50;0;0;0;1153;27;Y;Y;Y;Y;Y;Y;Y
341448;5404;1211;2017;complete;2425;18;-1;39;2;1;1;2;-1;-1;-1;-1;-1;2;1;0;0;-1;-1;-1;-1;-1;-1;-1;-1;-1;-1;2;1;0;0;0;0;0;0;0;0;0;0;0;0;0;0;0;0;0;0;0;0;0;0;0;0;0;0;0;0;0;0;0;0;0;0;0;0;0;0;0;0;0;0;0;0;0;0;0;0;0;0;0;0;0;0;0;0;0;0;0;0;0;0;0;0;0;0;0;0;2;1;1;0;0;0;2;2017-08-11 17:00:00;-1;0;57;19;44;0;-1;1;-1;-1;-1;-1;-1;-1;0;0;2;1;0;3;-1;0;0;0;0;0;0;0;0;0;0;0;0;0;1;1;0;1;-1;-1;0;0;-1;-1;-1;-1;-1;-1;-1;-1;-1;32;50;57;63;94;44;76;75;57;7;0;3.51;3.32;KÍ;Víkingur;2.15;2.31;2.13;2.5;1.88;2.06;69;50;44;38;7;50;50;50;0;0;0;1153;27;Y;Y;N;N;N;N;Y
341449;6873;66;2017;complete;2425;18;-1;;8;0;1;1;-1;-1;-1;-1;-1;1;0;0;0;-1;-1;-1;-1;-1;-1;-1;-1;-1;-1;1;0;0;0;0;0;0;0;0;0;0;0;0;0;0;0;0;0;0;0;0;0;0;0;0;0;0;0;0;0;0;0;0;0;0;0;0;0;0;0;0;0;0;0;0;0;0;0;0;0;0;0;0;0;0;0;0;0;0;0;0;0;0;0;0;0;0;0;0;0;1;0;1;0;0;0;1;2017-08-12 14:00:00;66;0;78;18;42;0;-1;1;-1;-1;-1;-1;-1;-1;0;0;1;0;0;1;-1;0;0;0;0;0;0;0;0;0;0;0;0;0;1;1;0;1;-1;-1;0;0;-1;-1;-1;-1;-1;-1;-1;-1;-1;18;42;71;89;89;41;89;89;53;4;0;5.71;3.13;TB / FCS / Royn;B36;1.29;1.5;1.44;1.38;1.18;1.71;82;59;30;12;12;50;50;50;0;0;0;1153;27;Y;N;N;N;N;N;N
341450;6876;6872;2017;complete;2425;18;-1;;77;0;1;1;-1;-1;-1;-1;-1;0;2;0;0;-1;-1;-1;-1;-1;-1;-1;-1;-1;-1;0;2;0;0;0;0;0;0;0;0;0;0;0;0;0;0;0;0;0;0;0;0;0;0;0;0;0;0;0;0;0;0;0;0;0;0;0;0;0;0;0;0;0;0;0;0;0;0;0;0;0;0;0;0;0;0;0;0;0;0;0;0;0;0;0;0;0;0;0;0;1;0;0;0;1;1;0;2017-08-12 14:00:00;6872;0;50;13;26;0;-1;1;-1;-1;-1;-1;-1;-1;0;0;0;2;0;2;-1;0;0;0;0;0;0;0;0;0;0;0;0;0;1;1;0;0;-1;-1;0;0;-1;-1;-1;-1;-1;-1;-1;-1;-1;7;26;51;75;88;32;57;82;51;5.5;0;3.38;2.44;ÍF;Skála;0.57;1.38;0.63;0.75;0.35;1;94;76;51;25;13;100;75;75;0;0;0;1153;27;Y;N;N;N;N;N;N
341451;6874;997;2017;complete;2425;18;-1;86,88;20,47;2;2;4;-1;-1;-1;-1;-1;3;3;1;0;-1;-1;-1;-1;-1;-1;-1;-1;-1;-1;5;3;0;0;0;0;0;0;0;0;0;0;0;0;0;0;0;0;0;0;0;0;0;0;0;0;0;0;0;0;0;0;0;0;0;0;0;0;0;0;0;0;0;0;0;0;0;0;0;0;0;0;0;0;0;0;0;0;0;0;0;0;0;0;0;0;0;0;0;0;4;0;1;2;1;3;1;2017-08-12 16:00:00;-1;0;72;36;36;0;-1;1;-1;-1;-1;-1;-1;-1;1;1;3;2;2;5;-1;0;0;0;0;0;0;0;1;1;1;1;0;0;1;1;0;0;-1;-1;0;0;-1;-1;-1;-1;-1;-1;-1;-1;-1;36;43;57;86;100;50;86;86;64;4.67;0;2.36;3.43;07 Vestur;EB - Streymur;1.15;1.15;0.57;1.14;0.82;1.24;65;57;43;14;0;50;50;17;0;0;0;1153;27;Y;Y;Y;Y;N;N;Y
341452;985;5415;2017;complete;2425;18;-1;3,46,48,59;43;4;1;5;-1;-1;-1;-1;-1;1;3;0;0;-1;-1;-1;-1;-1;-1;-1;-1;-1;-1;1;3;0;0;0;0;0;0;0;0;0;0;0;0;0;0;0;0;0;0;0;0;0;0;0;0;0;0;0;0;0;0;0;0;0;0;0;0;0;0;0;0;0;0;0;0;0;0;0;0;0;0;0;0;0;0;0;0;0;0;0;0;0;0;0;0;0;0;0;0;5;1;1;3;0;3;2;2017-08-12 16:00:00;985;0;75;42;34;0;-1;1;-1;-1;-1;-1;-1;-1;0;0;1;3;0;4;-1;0;0;0;0;0;0;0;1;0;1;0;0;0;1;1;1;0;-1;-1;0;0;-1;-1;-1;-1;-1;-1;-1;-1;-1;14;47;93;100;100;88;100;80;47;8;0;3.34;3.73;HB;NSÍ;1.85;1.71;2;2.13;1.41;1.94;87;54;7;0;0;100;100;34;0;0;0;1153;27;Y;Y;Y;Y;Y;N;Y
341453;66;5415;2017;complete;2425;20;-1;49,80;;2;0;2;10;4;14;-1;-1;0;1;0;0;8;2;9;3;17;5;-1;-1;47;53;0;1;0;0;0;0;0;0;0;0;0;0;0;0;0;0;0;0;0;0;0;0;0;0;0;0;0;0;0;0;0;0;0;0;0;0;0;0;0;0;0;0;0;0;0;0;0;0;0;0;0;0;0;0;0;0;0;0;0;0;0;0;0;0;0;0;0;0;0;0;2;0;0;2;0;2;0;2017-08-16 17:00:00;66;0;67;22;28;0;-1;1;-1;-1;-1;-1;-1;-1;0;1;0;0;1;0;-1;0;0;0;0;0;0;0;0;0;0;0;0;0;1;1;0;0;-1;-1;0;0;-1;-1;-1;-1;-1;-1;-1;-1;-1;22;62;89;100;100;61;100;84;56;16.25;0;3.16;4.11;B36;NSÍ;2.08;1.71;2;1.89;1.78;1.83;78;39;11;0;0;100;100;84;0;0;0;1153;27;Y;Y;N;N;N;N;N
341454;6872;5404;2017;complete;2425;19;-1;18;88,90;1;2;3;5;4;9;-1;-1;1;1;0;0;2;5;2;7;4;12;-1;-1;50;50;1;1;0;0;0;0;0;0;0;0;0;0;0;0;0;0;0;0;0;0;0;0;0;0;0;0;0;0;0;0;0;0;0;0;0;0;0;0;0;0;0;0;0;0;0;0;0;0;0;0;0;0;0;0;0;0;0;0;0;0;0;0;0;0;0;0;0;0;0;0;3;1;0;0;2;2;1;2017-08-20 14:00:00;5404;0;78;39;22;0;-1;1;-1;-1;-1;-1;-1;-1;0;0;1;1;0;2;-1;0;0;0;0;0;0;0;0;0;0;0;0;0;1;1;0;0;-1;-1;0;0;-1;-1;-1;-1;-1;-1;-1;-1;-1;11;33;67;84;89;50;84;73;33;9.4;0;4.24;2.83;Skála;KÍ;1.07;1.71;1.22;1.67;1.11;1.83;89;67;33;17;11;90;30;10;0;0;0;1153;27;Y;Y;Y;N;N;N;Y
341455;1211;66;2017;complete;2425;19;-1;53,78,81,87;41,71;4;2;6;-1;-1;-1;-1;-1;2;1;0;1;-1;-1;-1;-1;-1;-1;-1;-1;-1;-1;2;3;0;0;0;0;0;0;0;0;0;0;0;0;0;0;0;0;0;0;0;0;0;0;0;0;0;0;0;0;0;0;0;0;0;0;0;0;0;0;0;0;0;0;0;0;0;0;0;0;0;0;0;0;0;0;0;0;0;0;0;0;0;0;0;0;0;0;0;0;6;0;1;4;1;5;1;2017-08-20 14:00:00;1211;0;67;28;28;0;-1;1;-1;-1;-1;-1;-1;-1;1;0;1;2;1;3;-1;0;0;0;0;0;0;0;2;1;2;1;0;0;1;1;0;0;-1;-1;0;0;-1;-1;-1;-1;-1;-1;-1;-1;-1;11;50;67;84;95;39;89;89;56;4;0;4.11;3.11;Víkingur;B36;1.57;1.5;1.67;1.56;2;1.84;89;50;33;17;6;50;50;50;0;0;0;1153;27;Y;Y;Y;Y;Y;Y;Y
341456;6873;6876;2017;complete;2425;19;-1;39;;1;0;1;-1;-1;-1;-1;-1;2;2;0;0;-1;-1;-1;-1;-1;-1;-1;-1;-1;-1;2;2;0;0;0;0;0;0;0;0;0;0;0;0;0;0;0;0;0;0;0;0;0;0;0;0;0;0;0;0;0;0;0;0;0;0;0;0;0;0;0;0;0;0;0;0;0;0;0;0;0;0;0;0;0;0;0;0;0;0;0;0;0;0;0;0;0;0;0;0;1;1;0;0;0;0;1;2017-08-20 14:00:00;6873;0;58;11;37;0;-1;1;-1;-1;-1;-1;-1;-1;0;0;2;2;0;4;-1;0;0;0;0;0;0;0;0;0;0;0;0;0;1;1;0;0;-1;-1;0;0;-1;-1;-1;-1;-1;-1;-1;-1;-1;22;49;80;85;90;48;90;79;59;2;0;6.23;3.4;TB / FCS / Royn;ÍF;1.29;0.31;1.3;0.11;1.11;0.33;79;52;21;16;11;50;50;0;0;0;0;1153;27;Y;N;N;N;N;N;N
341457;5415;997;2017;complete;2425;19;-1;45,75,79;31,39;3;2;5;10;3;13;-1;-1;2;6;0;1;8;3;6;1;14;4;-1;-1;48;52;2;7;0;0;0;0;0;0;0;0;0;0;0;0;0;0;0;0;0;0;0;0;0;0;0;0;0;0;0;0;0;0;0;0;0;0;0;0;0;0;0;0;0;0;0;0;0;0;0;0;0;0;0;0;0;0;0;0;0;0;0;0;0;0;0;0;0;0;0;0;5;1;2;2;0;2;3;2017-08-20 14:00:00;5415;0;66;18;31;0;-1;1;-1;-1;-1;-1;-1;-1;1;4;1;3;5;4;-1;0;0;0;0;0;0;0;1;1;1;1;0;0;1;1;0;0;-1;-1;0;1;-1;-1;-1;-1;-1;-1;-1;-1;-1;7;36;54;83;100;36;94;78;48;7.5;0;3.38;2.78;NSÍ;EB - Streymur;1.69;1.15;1.78;1.13;1.74;1.22;94;65;47;18;0;38;25;13;0;0;0;1153;27;Y;Y;Y;Y;Y;N;Y
341458;985;6874;2017;complete;2425;19;-1;5,48,90;;3;0;3;-1;-1;-1;-1;-1;2;2;0;0;-1;-1;-1;-1;-1;-1;-1;-1;-1;-1;2;2;0;0;0;0;0;0;0;0;0;0;0;0;0;0;0;0;0;0;0;0;0;0;0;0;0;0;0;0;0;0;0;0;0;0;0;0;0;0;0;0;0;0;0;0;0;0;0;0;0;0;0;0;0;0;0;0;0;0;0;0;0;0;0;0;0;0;0;0;3;1;0;2;0;2;1;2017-08-20 14:00:00;985;0;54;48;24;0;-1;1;-1;-1;-1;-1;-1;-1;1;1;1;1;2;2;-1;0;0;0;0;0;0;0;0;0;0;0;0;0;1;1;1;0;-1;-1;0;0;-1;-1;-1;-1;-1;-1;-1;-1;-1;13;45;64;85;100;75;90;73;45;6;0;3.33;3.13;HB;07 Vestur;1.85;0.93;2.13;1;1.5;0.83;88;55;37;15;0;100;100;50;0;0;0;1153;27;Y;Y;Y;N;N;N;N
341459;997;6873;2017;complete;2425;20;-1;69,84;10,55;2;2;4;-1;-1;-1;-1;-1;1;3;0;0;-1;-1;-1;-1;-1;-1;-1;-1;-1;-1;1;3;0;0;0;0;0;0;0;0;0;0;0;0;0;0;0;0;0;0;0;0;0;0;0;0;0;0;0;0;0;0;0;0;0;0;0;0;0;0;0;0;0;0;0;0;0;0;0;0;0;0;0;0;0;0;0;0;0;0;0;0;0;0;0;0;0;0;0;0;4;0;1;2;1;3;1;2017-08-24 17:00:00;-1;0;39;7;22;0;-1;1;-1;-1;-1;-1;-1;-1;0;1;1;2;1;3;-1;0;0;0;0;0;0;0;0;0;0;0;0;0;1;1;0;1;-1;-1;0;0;-1;-1;-1;-1;-1;-1;-1;-1;-1;12;30;63;68;95;30;68;73;45;0;0;3.78;2.72;EB - Streymur;TB / FCS / Royn;1.21;0.85;1.3;0.88;1.16;1.21;89;70;38;33;5;0;0;0;0;0;0;1153;27;Y;Y;Y;Y;N;N;Y
341460;6876;985;2017;complete;2425;20;-1;80,87;69;2;1;3;2;13;15;-1;-1;2;3;0;0;5;6;5;11;10;17;-1;-1;50;50;2;3;0;0;0;0;0;0;0;0;0;0;0;0;0;0;0;0;0;0;0;0;0;0;0;0;0;0;0;0;0;0;0;0;0;0;0;0;0;0;0;0;0;0;0;0;0;0;0;0;0;0;0;0;0;0;0;0;0;0;0;0;0;0;0;0;0;0;0;0;3;0;0;2;1;3;0;2017-08-24 17:00:00;6876;0;42;16;27;0;-1;1;-1;-1;-1;-1;-1;-1;0;0;2;3;0;5;-1;0;0;0;0;0;0;0;0;0;0;0;0;0;1;1;0;0;-1;-1;0;0;-1;-1;-1;-1;-1;-1;-1;-1;-1;11;32;48;54;80;27;52;59;48;4;0;2.64;2.23;ÍF;HB;0.57;1.07;0.56;1;0.32;1.58;90;69;52;47;21;50;50;50;0;0;0;1153;27;Y;Y;Y;N;N;N;Y
341461;6872;1211;2017;complete;2425;20;-1;90;45,66;1;2;3;-1;-1;-1;-1;-1;-1;-1;-1;-1;-1;-1;-1;-1;-1;-1;-1;-1;-1;-1;-1;-1;0;0;0;0;0;0;0;0;0;0;0;0;0;0;0;0;0;0;0;0;0;0;0;0;0;0;0;0;0;0;0;0;0;0;0;0;0;0;0;0;0;0;0;0;0;0;0;0;0;0;0;0;0;0;0;0;0;0;0;0;0;0;0;0;0;0;0;0;3;0;1;1;1;2;1;2017-08-24 17:00:00;1211;0;69;37;22;0;-1;-1;-1;-1;-1;-1;-1;-1;-1;-1;-1;-1;-1;-1;-1;0;0;0;0;0;0;0;0;0;0;0;0;0;1;1;0;0;-1;-1;-1;-1;-1;-1;-1;-1;-1;-1;-1;-1;-1;22;37;58;74;90;53;85;64;43;12;0;3.33;3.09;Skála;Víkingur;1.07;2.31;1.1;2.33;1.05;2.05;79;63;42;26;10;100;50;50;0;0;0;1153;27;Y;Y;Y;N;N;N;Y
341462;6874;5404;2017;complete;2425;20;-1;90;47;1;1;2;-1;-1;-1;-1;-1;4;1;0;0;-1;-1;-1;-1;-1;-1;-1;-1;-1;-1;4;1;0;0;0;0;0;0;0;0;0;0;0;0;0;0;0;0;0;0;0;0;0;0;0;0;0;0;0;0;0;0;0;0;0;0;0;0;0;0;0;0;0;0;0;0;0;0;0;0;0;0;0;0;0;0;0;0;0;0;0;0;0;0;0;0;0;0;0;0;2;0;0;1;1;2;0;2017-08-24 17:30:00;-1;0;77;39;34;0;-1;1;-1;-1;-1;-1;-1;-1;1;0;3;1;1;4;-1;0;0;0;0;0;0;0;0;0;0;0;0;0;1;1;0;0;-1;-1;1;0;-1;-1;-1;-1;-1;-1;-1;-1;-1;30;47;72;94;100;45;89;89;63;9;0;3.38;3.6;07 Vestur;KÍ;1.15;1.71;0.63;1.8;0.79;1.89;70;54;29;7;0;92;75;25;0;0;0;1153;27;Y;Y;N;N;N;N;Y
341463;1211;6874;2017;complete;2425;21;-1;71,74,77;5;3;1;4;-1;-1;-1;-1;-1;2;0;0;0;-1;-1;-1;-1;-1;-1;-1;-1;-1;-1;2;0;0;0;0;0;0;0;0;0;0;0;0;0;0;0;0;0;0;0;0;0;0;0;0;0;0;0;0;0;0;0;0;0;0;0;0;0;0;0;0;0;0;0;0;0;0;0;0;0;0;0;0;0;0;0;0;0;0;0;0;0;0;0;0;0;0;0;0;0;4;0;1;3;0;3;1;2017-09-10 14:00:00;1211;0;39;24;15;0;-1;1;-1;-1;-1;-1;-1;-1;0;0;2;0;0;2;-1;0;0;0;0;0;0;0;0;0;0;0;0;0;1;1;0;1;-1;-1;0;0;-1;-1;-1;-1;-1;-1;-1;-1;-1;5;48;63;82;100;43;86;87;58;5;0;3.73;3.03;Víkingur;07 Vestur;1.57;0.93;1.8;0.91;2.1;0.8;95;52;38;19;0;50;50;50;0;0;0;1153;27;Y;Y;Y;Y;N;N;Y
341464;5415;6872;2017;complete;2425;21;-1;1,17,23;5,32,62,65;3;4;7;-1;-1;-1;-1;-1;0;2;0;0;-1;-1;-1;-1;-1;-1;-1;-1;-1;-1;0;2;0;0;0;0;0;0;0;0;0;0;0;0;0;0;0;0;0;0;0;0;0;0;0;0;0;0;0;0;0;0;0;0;0;0;0;0;0;0;0;0;0;0;0;0;0;0;0;0;0;0;0;0;0;0;0;0;0;0;0;0;0;0;0;0;0;0;0;0;7;3;2;0;2;2;5;2017-09-10 14:00:00;6872;0;47;16;11;0;-1;1;-1;-1;-1;-1;-1;-1;0;0;0;2;0;2;-1;0;0;0;0;0;0;0;0;0;0;0;0;0;1;1;1;1;-1;-1;0;0;-1;-1;-1;-1;-1;-1;-1;-1;-1;5;26;42;74;95;31;78;80;37;9.5;0;3.48;2.4;NSÍ;Skála;1.69;1.38;1.9;1;1.8;1;95;75;59;27;6;90;55;45;0;0;0;1153;27;Y;Y;Y;Y;Y;Y;Y
341465;5404;6876;2017;complete;2425;21;-1;20,44,59,80;;4;0;4;-1;-1;-1;-1;-1;0;3;0;1;-1;-1;-1;-1;-1;-1;-1;-1;-1;-1;0;4;0;0;0;0;0;0;0;0;0;0;0;0;0;0;0;0;0;0;0;0;0;0;0;0;0;0;0;0;0;0;0;0;0;0;0;0;0;0;0;0;0;0;0;0;0;0;0;0;0;0;0;0;0;0;0;0;0;0;0;0;0;0;0;0;0;0;0;0;4;2;0;2;0;2;2;2017-09-10 14:00:00;5404;0;53;11;42;0;-1;1;-1;-1;-1;-1;-1;-1;0;2;0;2;2;2;-1;0;0;0;0;0;0;0;0;0;0;0;0;0;1;1;0;0;-1;-1;0;1;-1;-1;-1;-1;-1;-1;-1;-1;-1;26;52;62;68;90;47;79;69;52;2;0;5.11;3.19;KÍ;ÍF;2.15;0.31;2;0.1;1.85;0.45;74;48;38;32;11;50;50;0;0;0;0;1153;27;Y;Y;Y;Y;N;N;N
341466;66;997;2017;complete;2425;21;-1;90;;1;0;1;-1;-1;-1;-1;-1;0;1;0;0;-1;-1;-1;-1;-1;-1;-1;-1;-1;-1;0;1;0;0;0;0;0;0;0;0;0;0;0;0;0;0;0;0;0;0;0;0;0;0;0;0;0;0;0;0;0;0;0;0;0;0;0;0;0;0;0;0;0;0;0;0;0;0;0;0;0;0;0;0;0;0;0;0;0;0;0;0;0;0;0;0;0;0;0;0;1;0;0;1;0;1;0;2017-09-10 14:00:00;66;0;75;27;37;0;-1;1;-1;-1;-1;-1;-1;-1;0;0;0;1;0;1;-1;0;0;0;0;0;0;0;0;0;0;0;0;0;1;1;0;0;-1;-1;0;0;-1;-1;-1;-1;-1;-1;-1;-1;-1;21;52;69;95;100;42;90;85;64;12.4;0;3.6;3.61;B36;EB - Streymur;2.08;1.15;2.1;1;1.75;1.15;79;48;32;6;0;100;100;100;0;0;0;1153;27;Y;N;N;N;N;N;N
341467;985;6873;2017;complete;2425;21;-1;12,85,90;65;3;1;4;-1;-1;-1;-1;-1;0;3;0;0;-1;-1;-1;-1;-1;-1;-1;-1;-1;-1;0;3;0;0;0;0;0;0;0;0;0;0;0;0;0;0;0;0;0;0;0;0;0;0;0;0;0;0;0;0;0;0;0;0;0;0;0;0;0;0;0;0;0;0;0;0;0;0;0;0;0;0;0;0;0;0;0;0;0;0;0;0;0;0;0;0;0;0;0;0;4;1;0;2;1;3;1;2017-09-10 16:45:00;985;0;61;39;28;0;-1;1;-1;-1;-1;-1;-1;-1;0;0;0;3;0;3;-1;0;0;0;0;0;0;0;0;0;0;0;0;0;1;1;0;0;-1;-1;0;0;-1;-1;-1;-1;-1;-1;-1;-1;-1;17;50;84;89;100;67;89;78;56;1;0;3.67;3.45;HB;TB / FCS / Royn;1.85;0.85;2.22;0.89;1.5;1.2;84;50;17;11;0;50;50;0;0;0;0;1153;27;Y;Y;Y;Y;N;N;Y
341468;985;1211;2017;complete;2425;22;-1;38;36,84;1;2;3;-1;-1;-1;-1;-1;3;4;0;0;-1;-1;-1;-1;-1;-1;-1;-1;-1;-1;3;4;0;0;0;0;0;0;0;0;0;0;0;0;0;0;0;0;0;0;0;0;0;0;0;0;0;0;0;0;0;0;0;0;0;0;0;0;0;0;0;0;0;0;0;0;0;0;0;0;0;0;0;0;0;0;0;0;0;0;0;0;0;0;0;0;0;0;0;0;3;1;1;0;1;1;2;2017-09-16 14:00:00;1211;0;75;50;40;0;-1;1;-1;-1;-1;-1;-1;-1;2;2;1;2;4;3;-1;0;0;0;0;0;0;0;0;1;0;1;0;0;1;1;0;0;-1;-1;0;1;-1;-1;-1;-1;-1;-1;-1;-1;-1;25;45;75;90;100;65;95;75;60;8;0;2.83;3.65;HB;Víkingur;1.85;2.31;2.3;2.4;1.57;2.14;75;55;25;10;0;100;100;50;0;0;0;1153;27;Y;Y;Y;N;N;N;Y
341469;6873;5415;2017;complete;2425;22;-1;;;0;0;0;-1;-1;-1;-1;-1;2;1;0;0;-1;-1;-1;-1;-1;-1;-1;-1;-1;-1;2;1;0;0;0;0;0;0;0;0;0;0;0;0;0;0;0;0;0;0;0;0;0;0;0;0;0;0;0;0;0;0;0;0;0;0;0;0;0;0;0;0;0;0;0;0;0;0;0;0;0;0;0;0;0;0;0;0;0;0;0;0;0;0;0;0;0;0;0;0;0;0;0;0;0;0;0;2017-09-16 14:00:00;-1;0;58;15;24;0;-1;1;-1;-1;-1;-1;-1;-1;1;1;1;0;2;1;-1;0;0;0;0;0;0;0;0;0;0;0;0;0;1;1;0;0;-1;-1;0;0;-1;-1;-1;-1;-1;-1;-1;-1;-1;15;39;77;87;96;53;91;82;53;6.25;0;4.7;3.22;TB / FCS / Royn;NSÍ;1.29;1.71;1.45;1.7;1.14;1.71;86;62;23;14;5;50;50;38;0;0;0;1153;27;N;N;N;N;N;N;N
341470;6874;6872;2017;complete;2425;22;-1;7,12,15,54,78;;5;0;5;-1;-1;-1;-1;-1;2;0;0;0;-1;-1;-1;-1;-1;-1;-1;-1;-1;-1;2;0;0;0;0;0;0;0;0;0;0;0;0;0;0;0;0;0;0;0;0;0;0;0;0;0;0;0;0;0;0;0;0;0;0;0;0;0;0;0;0;0;0;0;0;0;0;0;0;0;0;0;0;0;0;0;0;0;0;0;0;0;0;0;0;0;0;0;0;0;5;3;0;2;0;2;3;2017-09-16 15:00:00;6874;0;59;27;27;0;-1;1;-1;-1;-1;-1;-1;-1;0;0;2;0;0;2;-1;0;0;0;0;0;0;0;0;0;0;0;0;0;1;1;1;0;-1;-1;0;0;-1;-1;-1;-1;-1;-1;-1;-1;-1;27;38;48;80;95;37;69;90;59;6.17;0;3.47;3.14;07 Vestur;Skála;1.15;1.38;0.67;1.2;0.76;1.1;73;62;52;21;5;100;75;42;0;0;0;1153;27;Y;Y;Y;Y;Y;N;N
341471;6876;66;2017;complete;2425;22;-1;90;8,33,44,55,69;1;5;6;-1;-1;-1;-1;-1;0;1;0;0;-1;-1;-1;-1;-1;-1;-1;-1;-1;-1;0;1;0;0;0;0;0;0;0;0;0;0;0;0;0;0;0;0;0;0;0;0;0;0;0;0;0;0;0;0;0;0;0;0;0;0;0;0;0;0;0;0;0;0;0;0;0;0;0;0;0;0;0;0;0;0;0;0;0;0;0;0;0;0;0;0;0;0;0;0;6;0;3;1;2;3;3;2017-09-16 15:00:00;66;0;65;15;45;0;-1;1;-1;-1;-1;-1;-1;-1;0;1;0;0;1;0;-1;0;0;0;0;0;0;0;0;0;0;0;0;0;1;1;0;1;-1;-1;0;0;-1;-1;-1;-1;-1;-1;-1;-1;-1;20;40;60;75;90;30;65;80;55;7;0;3.7;2.95;ÍF;B36;0.57;1.5;0.8;1.4;0.43;1.81;80;60;40;25;10;100;100;100;0;0;0;1153;27;Y;Y;Y;Y;Y;Y;Y
341472;5404;997;2017;complete;2425;22;-1;2,26,55,58,61,88;;6;0;6;-1;-1;-1;-1;-1;1;0;0;0;-1;-1;-1;-1;-1;-1;-1;-1;-1;-1;1;0;0;0;0;0;0;0;0;0;0;0;0;0;0;0;0;0;0;0;0;0;0;0;0;0;0;0;0;0;0;0;0;0;0;0;0;0;0;0;0;0;0;0;0;0;0;0;0;0;0;0;0;0;0;0;0;0;0;0;0;0;0;0;0;0;0;0;0;0;6;2;0;4;0;4;2;2017-09-16 16:30:00;5404;0;65;20;40;0;-1;1;-1;-1;-1;-1;-1;-1;0;0;1;0;0;1;-1;0;0;0;0;0;0;0;1;0;1;0;0;0;1;1;1;0;-1;-1;0;0;-1;-1;-1;-1;-1;-1;-1;-1;-1;20;45;55;70;95;45;75;80;55;3;0;4.12;2.9;KÍ;EB - Streymur;2.15;1.15;2.1;0.9;1.9;1.1;80;55;45;30;5;50;50;50;0;0;0;1153;27;Y;Y;Y;Y;Y;Y;N
341473;1211;5404;2017;complete;2425;23;-1;;;0;0;0;2;5;7;-1;-1;2;1;0;0;2;2;6;7;8;9;-1;-1;50;50;2;1;0;0;0;0;0;0;0;0;0;0;0;0;0;0;0;0;0;0;0;0;0;0;0;0;0;0;0;0;0;0;0;0;0;0;0;0;0;0;0;0;0;0;0;0;0;0;0;0;0;0;0;0;0;0;0;0;0;0;0;0;0;0;0;0;0;0;0;0;0;0;0;0;0;0;0;2017-09-20 16:30:00;-1;0;78;32;27;0;-1;1;-1;-1;-1;-1;-1;-1;0;0;2;1;0;3;-1;0;0;0;0;0;0;0;0;0;0;0;0;0;1;1;0;0;-1;-1;0;0;-1;-1;-1;-1;-1;-1;-1;-1;-1;9;46;78;96;100;36;87;96;64;4.33;0;3.91;3.32;Víkingur;KÍ;1.57;1.71;1.91;1.73;2.18;1.95;91;55;23;5;0;42;25;9;0;0;0;1153;27;N;N;N;N;N;N;N
341474;997;6874;2017;complete;2425;23;-1;33,38,55;;3;0;3;-1;-1;-1;-1;-1;1;3;0;0;-1;-1;-1;-1;-1;-1;-1;-1;-1;-1;1;3;0;0;0;0;0;0;0;0;0;0;0;0;0;0;0;0;0;0;0;0;0;0;0;0;0;0;0;0;0;0;0;0;0;0;0;0;0;0;0;0;0;0;0;0;0;0;0;0;0;0;0;0;0;0;0;0;0;0;0;0;0;0;0;0;0;0;0;0;3;2;0;1;0;1;2;2017-09-20 17:00:00;997;0;35;9;22;0;-1;1;-1;-1;-1;-1;-1;-1;0;0;1;3;0;4;-1;0;0;0;0;0;0;0;1;0;1;0;0;0;1;1;0;0;-1;-1;0;0;-1;-1;-1;-1;-1;-1;-1;-1;-1;5;30;53;70;96;26;74;74;48;5;0;3.4;2.56;EB - Streymur;07 Vestur;1.21;0.93;1.27;0.83;1.05;0.86;96;70;48;31;5;50;50;50;0;0;0;1153;27;Y;Y;Y;N;N;N;N
341475;5415;985;2017;complete;2425;23;-1;83,90;10,53,68;2;3;5;5;2;7;-1;-1;3;2;0;0;5;8;3;5;8;13;-1;-1;47;53;3;2;0;0;0;0;0;0;0;0;0;0;0;0;0;0;0;0;0;0;0;0;0;0;0;0;0;0;0;0;0;0;0;0;0;0;0;0;0;0;0;0;0;0;0;0;0;0;0;0;0;0;0;0;0;0;0;0;0;0;0;0;0;0;0;0;0;0;0;0;5;0;1;2;2;4;1;2017-09-20 17:00:00;985;0;50;23;18;0;-1;1;-1;-1;-1;-1;-1;-1;1;0;2;2;1;4;-1;0;0;0;0;0;0;0;0;0;0;0;0;0;1;1;0;1;-1;-1;0;0;-1;-1;-1;-1;-1;-1;-1;-1;-1;14;36;50;64;87;32;78;59;45;21;0;2.91;2.59;NSÍ;HB;1.69;1.07;1.73;0.91;1.68;1.5;87;64;50;37;14;90;80;70;0;0;0;1153;27;Y;Y;Y;Y;Y;N;Y
341476;66;6873;2017;complete;2425;23;-1;23,55,90;;3;0;3;-1;-1;-1;-1;-1;1;5;0;0;-1;-1;-1;-1;-1;-1;-1;-1;-1;-1;1;5;0;0;0;0;0;0;0;0;0;0;0;0;0;0;0;0;0;0;0;0;0;0;0;0;0;0;0;0;0;0;0;0;0;0;0;0;0;0;0;0;0;0;0;0;0;0;0;0;0;0;0;0;0;0;0;0;0;0;0;0;0;0;0;0;0;0;0;0;3;1;0;2;0;2;1;2017-09-20 17:00:00;66;0;53;14;29;0;-1;1;-1;-1;-1;-1;-1;-1;0;0;1;5;0;6;-1;0;0;0;0;0;0;0;0;0;0;0;0;0;1;1;0;0;-1;-1;0;0;-1;-1;-1;-1;-1;-1;-1;-1;-1;14;58;72;86;100;38;81;81;58;9.4;0;3.2;3.52;B36;TB / FCS / Royn;2.08;0.85;2.18;0.8;1.86;1.14;86;43;28;15;0;50;50;50;0;0;0;1153;27;Y;Y;Y;N;N;N;N
341477;6872;6876;2017;complete;2425;23;-1;17,67;68;2;1;3;-1;-1;-1;-1;-1;0;1;0;0;-1;-1;-1;-1;-1;-1;-1;-1;-1;-1;0;1;0;0;0;0;0;0;0;0;0;0;0;0;0;0;0;0;0;0;0;0;0;0;0;0;0;0;0;0;0;0;0;0;0;0;0;0;0;0;0;0;0;0;0;0;0;0;0;0;0;0;0;0;0;0;0;0;0;0;0;0;0;0;0;0;0;0;0;0;3;1;0;1;1;2;1;2017-09-20 17:30:00;6872;0;59;18;27;0;-1;1;-1;-1;-1;-1;-1;-1;0;1;0;0;1;0;-1;0;0;0;0;0;0;0;1;0;1;0;0;0;1;1;0;0;-1;-1;0;0;-1;-1;-1;-1;-1;-1;-1;-1;-1;18;46;73;78;87;50;87;69;50;7;0;5.1;3.14;Skála;ÍF;1.07;0.31;1;0.09;1.05;0.41;82;55;27;23;14;100;50;0;0;0;0;1153;27;Y;Y;Y;N;N;N;Y
341478;997;6872;2017;complete;2425;24;-1;72;23,43;1;2;3;-1;-1;-1;-1;-1;1;1;0;0;-1;-1;-1;-1;-1;-1;-1;-1;-1;-1;1;1;0;0;0;0;0;0;0;0;0;0;0;0;0;0;0;0;0;0;0;0;0;0;0;0;0;0;0;0;0;0;0;0;0;0;0;0;0;0;0;0;0;0;0;0;0;0;0;0;0;0;0;0;0;0;0;0;0;0;0;0;0;0;0;0;0;0;0;0;3;0;2;1;0;1;2;2017-09-24 14:00:00;6872;0;44;9;21;0;-1;1;-1;-1;-1;-1;-1;-1;0;0;1;1;0;2;-1;0;0;0;0;0;0;0;0;0;0;0;0;0;1;1;0;0;-1;-1;0;0;-1;-1;-1;-1;-1;-1;-1;-1;-1;13;22;52;70;92;27;66;83;44;1.5;0;3.39;2.62;EB - Streymur;Skála;1.21;1.38;1.42;1.09;1.13;1.13;87;78;49;30;9;50;25;25;0;0;0;1153;27;Y;Y;Y;N;N;N;Y
341479;6876;5415;2017;complete;2425;24;-1;;4,60;0;2;2;4;8;12;-1;-1;2;0;0;0;6;9;6;5;12;14;-1;-1;52;48;2;0;0;0;0;0;0;0;0;0;0;0;0;0;0;0;0;0;0;0;0;0;0;0;0;0;0;0;0;0;0;0;0;0;0;0;0;0;0;0;0;0;0;0;0;0;0;0;0;0;0;0;0;0;0;0;0;0;0;0;0;0;0;0;0;0;0;0;0;0;2;0;1;0;1;1;1;2017-09-24 14:00:00;5415;0;55;14;32;0;-1;1;-1;-1;-1;-1;-1;-1;1;0;1;0;1;1;-1;0;0;0;0;0;0;0;0;0;0;0;0;0;1;1;0;1;-1;-1;0;0;-1;-1;-1;-1;-1;-1;-1;-1;-1;18;41;73;82;91;50;64;82;60;9.25;0;3;3.18;ÍF;NSÍ;0.57;1.71;0.73;1.64;0.39;1.61;82;60;27;18;9;100;100;88;0;0;0;1153;27;Y;Y;N;N;N;N;N
341480;5404;985;2017;complete;2425;24;-1;;;0;0;0;8;4;12;-1;-1;0;1;0;0;5;3;8;2;13;5;-1;-1;51;49;0;1;0;0;0;0;0;0;0;0;0;0;0;0;0;0;0;0;0;0;0;0;0;0;0;0;0;0;0;0;0;0;0;0;0;0;0;0;0;0;0;0;0;0;0;0;0;0;0;0;0;0;0;0;0;0;0;0;0;0;0;0;0;0;0;0;0;0;0;0;0;0;0;0;0;0;0;2017-09-24 14:00:00;-1;0;48;13;35;0;-1;1;-1;-1;-1;-1;-1;-1;0;1;0;0;1;0;-1;0;0;0;0;0;0;0;0;0;0;0;0;0;1;1;0;0;-1;-1;0;0;-1;-1;-1;-1;-1;-1;-1;-1;-1;22;44;53;57;83;36;66;62;53;7.5;0;3.24;2.67;KÍ;HB;2.15;1.07;2.18;1.08;1.91;1.57;78;56;48;43;17;25;25;25;0;0;0;1153;27;N;N;N;N;N;N;N
341481;6874;66;2017;complete;2425;24;-1;18,43,45,86;38,44,61;4;3;7;-1;-1;-1;-1;-1;2;0;0;0;-1;-1;-1;-1;-1;-1;-1;-1;-1;-1;2;0;0;0;0;0;0;0;0;0;0;0;0;0;0;0;0;0;0;0;0;0;0;0;0;0;0;0;0;0;0;0;0;0;0;0;0;0;0;0;0;0;0;0;0;0;0;0;0;0;0;0;0;0;0;0;0;0;0;0;0;0;0;0;0;0;0;0;0;0;7;3;2;1;1;2;5;2017-09-24 14:00:00;6874;0;71;24;48;0;-1;1;-1;-1;-1;-1;-1;-1;1;0;1;0;1;1;-1;0;0;0;0;0;0;0;0;0;0;0;0;0;1;1;0;0;-1;-1;0;0;-1;-1;-1;-1;-1;-1;-1;-1;-1;43;58;62;86;96;43;86;86;68;8.67;0;3.79;3.73;07 Vestur;B36;1.15;1.5;0.9;1.55;0.83;1.91;57;43;38;14;5;100;100;67;0;0;0;1153;27;Y;Y;Y;Y;Y;Y;Y
341482;1211;6873;2017;complete;2425;24;-1;10,74;48,54,85;2;3;5;-1;-1;-1;-1;-1;0;2;0;0;-1;-1;-1;-1;-1;-1;-1;-1;-1;-1;0;2;0;0;0;0;0;0;0;0;0;0;0;0;0;0;0;0;0;0;0;0;0;0;0;0;0;0;0;0;0;0;0;0;0;0;0;0;0;0;0;0;0;0;0;0;0;0;0;0;0;0;0;0;0;0;0;0;0;0;0;0;0;0;0;0;0;0;0;0;5;1;0;1;3;4;1;2017-09-24 14:00:00;6873;0;52;17;22;0;-1;1;-1;-1;-1;-1;-1;-1;0;1;0;1;1;1;-1;0;0;0;0;0;0;0;0;0;0;0;0;0;1;1;1;0;-1;-1;0;1;-1;-1;-1;-1;-1;-1;-1;-1;-1;9;57;79;83;96;35;83;87;66;2;0;4.36;3.26;Víkingur;TB / FCS / Royn;1.57;0.85;1.83;0.73;2.13;1.09;92;44;22;18;4;0;0;0;0;0;0;1153;27;Y;Y;Y;Y;Y;N;Y
341483;6872;66;2017;complete;2425;25;-1;37,58;2,65,69;2;3;5;-1;-1;-1;-1;-1;1;2;0;0;-1;-1;-1;-1;-1;-1;-1;-1;-1;-1;1;2;0;0;0;0;0;0;0;0;0;0;0;0;0;0;0;0;0;0;0;0;0;0;0;0;0;0;0;0;0;0;0;0;0;0;0;0;0;0;0;0;0;0;0;0;0;0;0;0;0;0;0;0;0;0;0;0;0;0;0;0;0;0;0;0;0;0;0;0;5;1;1;1;2;3;2;2017-10-01 14:00:00;66;0;79;25;42;0;-1;1;-1;-1;-1;-1;-1;-1;0;1;1;1;1;2;-1;0;0;0;0;0;0;0;0;0;0;0;0;0;1;1;0;1;-1;-1;0;1;-1;-1;-1;-1;-1;-1;-1;-1;-1;25;42;67;79;88;42;88;75;50;9;0;3.72;3.21;Skála;B36;1.07;1.5;1.17;1.42;1.21;1.83;75;59;33;21;13;100;50;50;0;0;0;1153;27;Y;Y;Y;Y;Y;N;Y
341484;6873;5404;2017;complete;2425;25;-1;;;0;0;0;-1;-1;-1;-1;-1;1;2;0;0;-1;-1;-1;-1;-1;-1;-1;-1;-1;-1;1;2;0;0;0;0;0;0;0;0;0;0;0;0;0;0;0;0;0;0;0;0;0;0;0;0;0;0;0;0;0;0;0;0;0;0;0;0;0;0;0;0;0;0;0;0;0;0;0;0;0;0;0;0;0;0;0;0;0;0;0;0;0;0;0;0;0;0;0;0;0;0;0;0;0;0;0;2017-10-01 14:00:00;-1;0;67;21;29;0;-1;1;-1;-1;-1;-1;-1;-1;1;1;0;1;2;1;-1;0;0;0;0;0;0;0;0;0;0;0;0;0;1;1;0;0;-1;-1;0;0;-1;-1;-1;-1;-1;-1;-1;-1;-1;8;25;63;80;88;33;79;75;46;4.43;0;4.75;2.63;TB / FCS / Royn;KÍ;1.29;1.71;1.42;1.67;1.17;1.88;92;75;38;21;13;36;22;7;0;0;0;1153;27;N;N;N;N;N;N;N
341485;6874;5415;2017;complete;2425;25;-1;37,74;43,45,57;2;3;5;-1;-1;-1;-1;-1;0;1;0;0;-1;-1;-1;-1;-1;-1;-1;-1;-1;-1;0;1;0;0;0;0;0;0;0;0;0;0;0;0;0;0;0;0;0;0;0;0;0;0;0;0;0;0;0;0;0;0;0;0;0;0;0;0;0;0;0;0;0;0;0;0;0;0;0;0;0;0;0;0;0;0;0;0;0;0;0;0;0;0;0;0;0;0;0;0;5;1;2;1;1;2;3;2017-10-01 14:00:00;5415;0;57;27;31;0;-1;1;-1;-1;-1;-1;-1;-1;0;1;0;0;1;0;-1;0;0;0;0;0;0;0;1;0;1;0;0;0;1;1;0;0;-1;-1;0;0;-1;-1;-1;-1;-1;-1;-1;-1;-1;36;53;70;92;96;57;83;87;66;11.27;0;3.23;3.76;07 Vestur;NSÍ;1.15;1.71;1.09;1.75;0.92;1.67;64;47;31;9;4;100;100;57;0;0;0;1153;27;Y;Y;Y;Y;Y;N;Y
341486;985;997;2017;complete;2425;25;-1;21,41;51,61,84;2;3;5;5;6;11;-1;-1;1;2;0;0;4;9;9;7;13;16;-1;-1;48;52;1;2;0;0;0;0;0;0;0;0;0;0;0;0;0;0;0;0;0;0;0;0;0;0;0;0;0;0;0;0;0;0;0;0;0;0;0;0;0;0;0;0;0;0;0;0;0;0;0;0;0;0;0;0;0;0;0;0;0;0;0;0;0;0;0;0;0;0;0;0;5;2;0;0;3;3;2;2017-10-01 14:00:00;997;0;78;46;36;0;-1;1;-1;-1;-1;-1;-1;-1;0;1;1;1;1;2;-1;0;0;0;0;0;0;0;0;0;0;0;0;0;1;1;0;0;-1;-1;0;0;-1;-1;-1;-1;-1;-1;-1;-1;-1;23;45;78;91;100;64;91;87;60;4;0;3.64;3.46;HB;EB - Streymur;1.85;1.15;2.09;0.82;1.54;1.08;78;55;23;9;0;100;100;50;0;0;0;1153;27;Y;Y;Y;Y;Y;N;Y
341487;6876;1211;2017;complete;2425;25;-1;9;5,20,70,76,79;1;5;6;-1;-1;-1;-1;-1;1;1;0;0;-1;-1;-1;-1;-1;-1;-1;-1;-1;-1;1;1;0;0;0;0;0;0;0;0;0;0;0;0;0;0;0;0;0;0;0;0;0;0;0;0;0;0;0;0;0;0;0;0;0;0;0;0;0;0;0;0;0;0;0;0;0;0;0;0;0;0;0;0;0;0;0;0;0;0;0;0;0;0;0;0;0;0;0;0;6;1;2;0;3;3;3;2017-10-01 14:00:00;1211;0;62;27;39;0;-1;1;-1;-1;-1;-1;-1;-1;0;1;1;0;1;1;-1;0;0;0;0;0;0;0;0;0;0;0;0;0;1;1;1;1;-1;-1;0;0;-1;-1;-1;-1;-1;-1;-1;-1;-1;22;35;61;79;96;44;71;78;57;10.33;0;3.02;3.19;ÍF;Víkingur;0.57;2.31;0.67;2.45;0.38;2.04;78;66;39;22;4;100;100;100;0;0;0;1153;27;Y;Y;Y;Y;Y;Y;Y
341488;997;6876;2017;complete;2425;26;-1;48,64;8,36,45,67;2;4;6;-1;-1;-1;-1;-1;4;1;0;0;-1;-1;-1;-1;-1;-1;-1;-1;-1;-1;4;1;0;0;0;0;0;0;0;0;0;0;0;0;0;0;0;0;0;0;0;0;0;0;0;0;0;0;0;0;0;0;0;0;0;0;0;0;0;0;0;0;0;0;0;0;0;0;0;0;0;0;0;0;0;0;0;0;0;0;0;0;0;0;0;0;0;0;0;0;6;0;3;2;1;3;3;2017-10-15 14:00:00;6876;0;48;4;37;0;-1;1;-1;-1;-1;-1;-1;-1;1;0;3;1;1;4;-1;0;0;0;0;0;0;0;0;0;0;0;0;0;1;1;0;1;-1;-1;0;0;-1;-1;-1;-1;-1;-1;-1;-1;-1;17;37;73;76;92;37;81;76;53;2;0;4.6;3.11;EB - Streymur;ÍF;1.21;0.31;1.31;0.08;1.16;0.36;84;64;28;24;8;50;50;0;0;0;0;1153;27;Y;Y;Y;Y;Y;Y;Y
341489;5415;1211;2017;complete;2425;26;-1;10,83;36;2;1;3;6;7;13;-1;-1;1;2;0;1;6;3;8;3;14;6;-1;-1;50;50;1;4;0;0;0;0;0;0;0;0;0;0;0;0;0;0;0;0;0;0;0;0;0;0;0;0;0;0;0;0;0;0;0;0;0;0;0;0;0;0;0;0;0;0;0;0;0;0;0;0;0;0;0;0;0;0;0;0;0;0;0;0;0;0;0;0;0;0;0;0;3;1;1;1;0;1;2;2017-10-15 14:00:00;5415;0;67;38;25;0;-1;1;-1;-1;-1;-1;-1;-1;0;0;1;3;0;4;-1;0;0;0;0;0;0;0;0;0;0;0;0;0;1;1;1;0;-1;-1;0;0;-1;-1;-1;-1;-1;-1;-1;-1;-1;29;46;63;83;100;50;96;75;54;14.5;0;3.22;3.54;NSÍ;Víkingur;1.69;2.31;1.58;2.5;1.72;2.08;71;54;38;17;0;84;75;67;0;0;0;1153;27;Y;Y;Y;N;N;N;Y
341490;6872;985;2017;complete;2425;26;-1;;;0;0;0;-1;-1;-1;-1;-1;-1;-1;-1;-1;-1;-1;-1;-1;-1;-1;-1;-1;-1;-1;-1;-1;0;0;0;0;0;0;0;0;0;0;0;0;0;0;0;0;0;0;0;0;0;0;0;0;0;0;0;0;0;0;0;0;0;0;0;0;0;0;0;0;0;0;0;0;0;0;0;0;0;0;0;0;0;0;0;0;0;0;0;0;0;0;0;0;0;0;0;0;0;0;0;0;0;0;0;2017-10-15 14:00:00;-1;0;62;23;31;0;-1;-1;-1;-1;-1;-1;-1;-1;-1;-1;-1;-1;-1;-1;-1;0;0;0;0;0;0;0;0;0;0;0;0;0;1;1;0;0;-1;-1;-1;-1;-1;-1;-1;-1;-1;-1;-1;-1;-1;15;31;58;62;77;31;70;58;46;11.33;0;3.11;2.43;Skála;HB;1.07;1.07;1.08;1.08;1.16;1.48;85;69;43;39;23;84;34;34;0;0;0;1153;27;N;N;N;N;N;N;N
341491;66;5404;2017;complete;2425;26;-1;63;28,60,90;1;3;4;11;3;14;-1;-1;2;5;0;0;6;5;10;7;16;12;-1;-1;49;51;2;5;0;0;0;0;0;0;0;0;0;0;0;0;0;0;0;0;0;0;0;0;0;0;0;0;0;0;0;0;0;0;0;0;0;0;0;0;0;0;0;0;0;0;0;0;0;0;0;0;0;0;0;0;0;0;0;0;0;0;0;0;0;0;0;0;0;0;0;0;4;0;1;1;2;3;1;2017-10-15 14:00:00;5404;0;64;24;28;0;-1;1;-1;-1;-1;-1;-1;-1;1;3;1;2;4;3;-1;0;0;0;0;0;0;0;0;0;0;0;0;0;1;1;0;0;-1;-1;0;0;-1;-1;-1;-1;-1;-1;-1;-1;-1;13;37;65;89;93;32;76;80;52;13.83;0;2.94;3.15;B36;KÍ;2.08;1.71;2.25;1.62;1.88;1.84;88;64;36;12;8;86;72;57;0;0;0;1153;27;Y;Y;Y;Y;N;N;Y
341492;6874;6873;2017;complete;2425;26;-1;3,50,71;28;3;1;4;-1;-1;-1;-1;-1;1;0;0;0;-1;-1;-1;-1;-1;-1;-1;-1;-1;-1;1;0;0;0;0;0;0;0;0;0;0;0;0;0;0;0;0;0;0;0;0;0;0;0;0;0;0;0;0;0;0;0;0;0;0;0;0;0;0;0;0;0;0;0;0;0;0;0;0;0;0;0;0;0;0;0;0;0;0;0;0;0;0;0;0;0;0;0;0;0;4;1;1;2;0;2;2;2017-10-15 14:00:00;6874;0;59;25;42;0;-1;1;-1;-1;-1;-1;-1;-1;0;0;1;0;0;1;-1;0;0;0;0;0;0;0;0;1;0;1;0;0;1;1;1;0;-1;-1;0;0;-1;-1;-1;-1;-1;-1;-1;-1;-1;38;63;75;88;100;46;83;88;75;4.67;0;3.91;3.84;07 Vestur;TB / FCS / Royn;1.15;0.85;1;0.92;0.88;1.16;63;38;25;13;0;50;50;17;0;0;0;1153;27;Y;Y;Y;Y;N;N;Y
341493;6876;6874;2017;complete;2425;27;-1;56;50,55,72,80,86;1;5;6;-1;-1;-1;-1;-1;1;4;1;0;-1;-1;-1;-1;-1;-1;-1;-1;-1;-1;3;4;0;0;0;0;0;0;0;0;0;0;0;0;0;0;0;0;0;0;0;0;0;0;0;0;0;0;0;0;0;0;0;0;0;0;0;0;0;0;0;0;0;0;0;0;0;0;0;0;0;0;0;0;0;0;0;0;0;0;0;0;0;0;0;0;0;0;0;0;6;0;0;1;5;6;0;2017-10-21 14:15:00;6874;0;39;15;23;0;-1;1;-1;-1;-1;-1;-1;-1;1;2;1;2;3;3;-1;0;0;0;0;0;0;0;0;1;0;1;0;0;1;1;0;0;-1;-1;0;0;-1;-1;-1;-1;-1;-1;-1;-1;-1;12;38;58;77;96;42;70;81;54;8.33;0;3.07;2.89;ÍF;07 Vestur;0.57;0.93;0.62;0.77;0.46;0.96;89;62;42;23;4;100;100;100;0;0;0;1153;27;Y;Y;Y;Y;Y;Y;Y
341494;5404;5415;2017;complete;2425;27;-1;19,43,69;62;3;1;4;6;7;13;-1;-1;1;3;0;0;6;7;6;2;12;9;-1;-1;48;52;1;3;0;0;0;0;0;0;0;0;0;0;0;0;0;0;0;0;0;0;0;0;0;0;0;0;0;0;0;0;0;0;0;0;0;0;0;0;0;0;0;0;0;0;0;0;0;0;0;0;0;0;0;0;0;0;0;0;0;0;0;0;0;0;0;0;0;0;0;0;4;2;0;1;1;2;2;2017-10-21 14:15:00;5404;0;48;16;28;0;-1;1;-1;-1;-1;-1;-1;-1;0;1;1;2;1;3;-1;0;0;0;0;0;0;0;0;0;0;0;0;0;1;1;0;0;-1;-1;0;0;-1;-1;-1;-1;-1;-1;-1;-1;-1;24;48;64;75;88;56;76;76;52;14.6;0;3.13;3.15;KÍ;NSÍ;2.15;1.71;2.08;1.85;1.88;1.77;76;52;37;25;13;100;100;90;0;0;0;1153;27;Y;Y;Y;Y;N;N;Y
341495;6873;6872;2017;complete;2425;27;-1;;44,80;0;2;2;-1;-1;-1;-1;-1;-1;-1;-1;-1;-1;-1;-1;-1;-1;-1;-1;-1;-1;-1;-1;-1;0;0;0;0;0;0;0;0;0;0;0;0;0;0;0;0;0;0;0;0;0;0;0;0;0;0;0;0;0;0;0;0;0;0;0;0;0;0;0;0;0;0;0;0;0;0;0;0;0;0;0;0;0;0;0;0;0;0;0;0;0;0;0;0;0;0;0;0;2;0;1;0;1;1;1;2017-10-21 14:15:00;6872;0;48;13;16;0;-1;-1;-1;-1;-1;-1;-1;-1;-1;-1;-1;-1;-1;-1;-1;0;0;0;0;0;0;0;0;0;0;0;0;0;1;1;0;0;-1;-1;-1;-1;-1;-1;-1;-1;-1;-1;-1;-1;-1;13;24;52;69;85;37;72;77;40;1.5;0;4.35;2.49;TB / FCS / Royn;Skála;1.29;1.38;1.38;1.25;1.12;1.15;88;76;48;32;16;50;25;25;0;0;0;1153;27;Y;Y;N;N;N;N;N
341496;1211;997;2017;complete;2425;27;-1;28;17,74;1;2;3;-1;-1;-1;-1;-1;-1;-1;-1;-1;-1;-1;-1;-1;-1;-1;-1;-1;-1;-1;-1;-1;0;0;0;0;0;0;0;0;0;0;0;0;0;0;0;0;0;0;0;0;0;0;0;0;0;0;0;0;0;0;0;0;0;0;0;0;0;0;0;0;0;0;0;0;0;0;0;0;0;0;0;0;0;0;0;0;0;0;0;0;0;0;0;0;0;0;0;0;3;1;1;0;1;1;2;2017-10-21 14:15:00;997;0;69;24;28;0;-1;-1;-1;-1;-1;-1;-1;-1;-1;-1;-1;-1;-1;-1;-1;0;0;0;0;0;0;0;0;0;0;0;0;0;1;1;0;0;-1;-1;-1;-1;-1;-1;-1;-1;-1;-1;-1;-1;-1;24;56;72;84;96;41;84;92;68;6.5;0;3.85;3.4;Víkingur;EB - Streymur;1.57;1.15;1.69;1;2;1.12;76;44;28;16;4;50;50;50;0;0;0;1153;27;Y;Y;Y;N;N;N;Y
341497;985;66;2017;complete;2425;27;-1;33;79;1;1;2;5;6;11;-1;-1;2;2;0;0;2;3;3;6;5;9;-1;-1;49;51;2;2;0;0;0;0;0;0;0;0;0;0;0;0;0;0;0;0;0;0;0;0;0;0;0;0;0;0;0;0;0;0;0;0;0;0;0;0;0;0;0;0;0;0;0;0;0;0;0;0;0;0;0;0;0;0;0;0;0;0;0;0;0;0;0;0;0;0;0;0;2;1;0;0;1;1;1;2017-10-21 14:15:00;-1;0;84;45;48;0;-1;1;-1;-1;-1;-1;-1;-1;1;2;1;0;3;1;-1;0;0;0;0;0;0;0;0;0;0;0;0;0;1;1;0;0;-1;-1;0;1;-1;-1;-1;-1;-1;-1;-1;-1;-1;36;56;81;93;96;65;96;84;60;7;0;3.5;3.84;HB;B36;1.85;1.5;1.92;1.54;1.46;1.81;65;44;20;8;4;100;100;75;0;0;0;1153;27;Y;Y;N;N;N;N;Y
