ID;HOMEID;AWAYID;SEASON;STATUS;ROUNDID;GAME_WEEK;REVISED_GAME_WEEK;HOMEGOALS;AWAYGOALS;HOMEGOALCOUNT;AWAYGOALCOUNT;TOTALGOALCOUNT;TEAM_A_CORNERS;TEAM_B_CORNERS;TOTALCORNERCOUNT;TEAM_A_OFFSIDES;TEAM_B_OFFSIDES;TEAM_A_YELLOW_CARDS;TEAM_B_YELLOW_CARDS;TEAM_A_RED_CARDS;TEAM_B_RED_CARDS;TEAM_A_SHOTSONTARGET;TEAM_B_SHOTSONTARGET;TEAM_A_SHOTSOFFTARGET;TEAM_B_SHOTSOFFTARGET;TEAM_A_SHOTS;TEAM_B_SHOTS;TEAM_A_FOULS;TEAM_B_FOULS;TEAM_A_POSSESSION;TEAM_B_POSSESSION;TEAM_A_CARDS_NUM;TEAM_B_CARDS_NUM;ODDS_FT_1;ODDS_FT_X;ODDS_FT_2;ODDS_FT_OVER05;ODDS_FT_OVER15;ODDS_FT_OVER25;ODDS_FT_OVER35;ODDS_FT_OVER45;ODDS_FT_UNDER05;ODDS_FT_UNDER15;ODDS_FT_UNDER25;ODDS_FT_UNDER35;ODDS_FT_UNDER45;ODDS_BTTS_YES;ODDS_BTTS_NO;ODDS_TEAM_A_CS_YES;ODDS_TEAM_A_CS_NO;ODDS_TEAM_B_CS_YES;ODDS_TEAM_B_CS_NO;ODDS_DOUBLECHANCE_1X;ODDS_DOUBLECHANCE_12;ODDS_DOUBLECHANCE_X2;ODDS_1ST_HALF_RESULT_1;ODDS_1ST_HALF_RESULT_X;ODDS_1ST_HALF_RESULT_2;ODDS_2ND_HALF_RESULT_1;ODDS_2ND_HALF_RESULT_X;ODDS_2ND_HALF_RESULT_2;ODDS_DNB_1;ODDS_DNB_2;ODDS_CORNERS_OVER_75;ODDS_CORNERS_OVER_85;ODDS_CORNERS_OVER_95;ODDS_CORNERS_OVER_105;ODDS_CORNERS_OVER_115;ODDS_CORNERS_UNDER_75;ODDS_CORNERS_UNDER_85;ODDS_CORNERS_UNDER_95;ODDS_CORNERS_UNDER_105;ODDS_CORNERS_UNDER_115;ODDS_CORNERS_1;ODDS_CORNERS_X;ODDS_CORNERS_2;ODDS_TEAM_TO_SCORE_FIRST_1;ODDS_TEAM_TO_SCORE_FIRST_X;ODDS_TEAM_TO_SCORE_FIRST_2;ODDS_WIN_TO_NIL_1;ODDS_WIN_TO_NIL_2;ODDS_1ST_HALF_OVER05;ODDS_1ST_HALF_OVER15;ODDS_1ST_HALF_OVER25;ODDS_1ST_HALF_OVER35;ODDS_1ST_HALF_UNDER05;ODDS_1ST_HALF_UNDER15;ODDS_1ST_HALF_UNDER25;ODDS_1ST_HALF_UNDER35;ODDS_2ND_HALF_OVER05;ODDS_2ND_HALF_OVER15;ODDS_2ND_HALF_OVER25;ODDS_2ND_HALF_OVER35;ODDS_2ND_HALF_UNDER05;ODDS_2ND_HALF_UNDER15;ODDS_2ND_HALF_UNDER25;ODDS_2ND_HALF_UNDER35;ODDS_BTTS_1ST_HALF_YES;ODDS_BTTS_1ST_HALF_NO;ODDS_BTTS_2ND_HALF_YES;ODDS_BTTS_2ND_HALF_NO;OVERALLGOALCOUNT;HT_GOALS_TEAM_A;HT_GOALS_TEAM_B;GOALS_2HG_TEAM_A;GOALS_2HG_TEAM_B;GOALCOUNT_2HG;HTGOALCOUNT;DATE_UNIX;WINNINGTEAM;NO_HOME_AWAY;BTTS_POTENTIAL;BTTS_FHG_POTENTIAL;BTTS_2HG_POTENTIAL;GOALTIMINGDISABLED;CORNER_TIMINGS_RECORDED;CARD_TIMINGS_RECORDED;TEAM_A_FH_CORNERS;TEAM_B_FH_CORNERS;TEAM_A_2H_CORNERS;TEAM_B_2H_CORNERS;CORNER_FH_COUNT;CORNER_2H_COUNT;TEAM_A_FH_CARDS;TEAM_B_FH_CARDS;TEAM_A_2H_CARDS;TEAM_B_2H_CARDS;TOTAL_FH_CARDS;TOTAL_2H_CARDS;ATTACKS_RECORDED;TEAM_A_DANGEROUS_ATTACKS;TEAM_B_DANGEROUS_ATTACKS;TEAM_A_ATTACKS;TEAM_B_ATTACKS;TEAM_A_XG;TEAM_B_XG;TOTAL_XG;TEAM_A_PENALTIES_WON;TEAM_B_PENALTIES_WON;TEAM_A_PENALTY_GOALS;TEAM_B_PENALTY_GOALS;TEAM_A_PENALTY_MISSED;TEAM_B_PENALTY_MISSED;PENS_RECORDED;GOAL_TIMINGS_RECORDED;TEAM_A_0_10_MIN_GOALS;TEAM_B_0_10_MIN_GOALS;TEAM_A_CORNERS_0_10_MIN;TEAM_B_CORNERS_0_10_MIN;TEAM_A_CARDS_0_10_MIN;TEAM_B_CARDS_0_10_MIN;THROWINS_RECORDED;TEAM_A_THROWINS;TEAM_B_THROWINS;FREEKICKS_RECORDED;TEAM_A_FREEKICKS;TEAM_B_FREEKICKS;GOALKICKS_RECORDED;TEAM_A_GOALKICKS;TEAM_B_GOALKICKS;O45_POTENTIAL;O35_POTENTIAL;O25_POTENTIAL;O15_POTENTIAL;O05_POTENTIAL;O15HT_POTENTIAL;O05HT_POTENTIAL;O05_2H_POTENTIAL;O15_2H_POTENTIAL;CORNERS_POTENTIAL;OFFSIDES_POTENTIAL;CARDS_POTENTIAL;AVG_POTENTIAL;HOME_NAME;AWAY_NAME;HOME_PPG;AWAY_PPG;PRE_MATCH_HOME_PPG;PRE_MATCH_AWAY_PPG;PRE_MATCH_TEAMA_OVERALL_PPG;PRE_MATCH_TEAMB_OVERALL_PPG;U45_POTENTIAL;U35_POTENTIAL;U25_POTENTIAL;U15_POTENTIAL;U05_POTENTIAL;CORNERS_O85_POTENTIAL;CORNERS_O95_POTENTIAL;CORNERS_O105_POTENTIAL;TEAM_A_XG_PREMATCH;TEAM_B_XG_PREMATCH;TOTAL_XG_PREMATCH;COMPETITION_ID;MATCHES_COMPLETED_MINIMUM;OVER05;OVER15;OVER25;OVER35;OVER45;OVER55;BTTS
341498;66;6876;2016;complete;2426;1;-1;8,49,62,88;60;4;1;5;-1;-1;-1;-1;-1;1;2;0;0;-1;-1;-1;-1;-1;-1;-1;-1;-1;-1;1;2;0;0;0;0;0;0;0;0;0;0;0;0;0;0;0;0;0;0;0;0;0;0;0;0;0;0;0;0;0;0;0;0;0;0;0;0;0;0;0;0;0;0;0;0;0;0;0;0;0;0;0;0;0;0;0;0;0;0;0;0;0;0;0;0;0;0;0;0;5;1;0;3;1;4;1;2016-03-05 15:00:00;66;0;0;0;0;0;-1;1;-1;-1;-1;-1;-1;-1;1;1;0;1;2;1;-1;0;0;0;0;0;0;0;0;0;0;0;0;0;1;1;1;0;-1;-1;0;0;-1;-1;-1;-1;-1;-1;-1;-1;-1;0;0;0;0;0;0;0;0;0;0;0;0;0;B36;ÍF;2.14;1.07;0;0;0;0;0;0;0;0;0;0;0;0;0;0;0;1154;27;Y;Y;Y;Y;Y;N;Y
341499;5415;985;2016;complete;2426;1;-1;57;10,64;1;2;3;-1;-1;-1;-1;-1;4;2;0;0;-1;-1;-1;-1;-1;-1;-1;-1;-1;-1;4;2;0;0;0;0;0;0;0;0;0;0;0;0;0;0;0;0;0;0;0;0;0;0;0;0;0;0;0;0;0;0;0;0;0;0;0;0;0;0;0;0;0;0;0;0;0;0;0;0;0;0;0;0;0;0;0;0;0;0;0;0;0;0;0;0;0;0;0;0;3;0;1;1;1;2;1;2016-03-05 15:00:00;985;0;0;0;0;0;-1;1;-1;-1;-1;-1;-1;-1;1;2;3;0;3;3;-1;0;0;0;0;0;0;0;0;0;0;0;0;0;1;1;0;1;-1;-1;0;0;-1;-1;-1;-1;-1;-1;-1;-1;-1;0;0;0;0;0;0;0;0;0;0;0;0;0;NSÍ;HB;2.43;1.46;0;0;0;0;0;0;0;0;0;0;0;0;0;0;0;1154;27;Y;Y;Y;N;N;N;Y
341500;5404;6877;2016;complete;2426;1;-1;30;;1;0;1;-1;-1;-1;-1;-1;3;1;1;0;-1;-1;-1;-1;-1;-1;-1;-1;-1;-1;4;1;0;0;0;0;0;0;0;0;0;0;0;0;0;0;0;0;0;0;0;0;0;0;0;0;0;0;0;0;0;0;0;0;0;0;0;0;0;0;0;0;0;0;0;0;0;0;0;0;0;0;0;0;0;0;0;0;0;0;0;0;0;0;0;0;0;0;0;0;1;1;0;0;0;0;1;2016-03-05 15:00:00;5404;0;0;0;0;0;-1;1;-1;-1;-1;-1;-1;-1;3;0;1;1;3;2;-1;0;0;0;0;0;0;0;0;0;0;0;0;0;1;1;0;0;-1;-1;0;0;-1;-1;-1;-1;-1;-1;-1;-1;-1;0;0;0;0;0;0;0;0;0;0;0;0;0;KÍ;TB;2.33;0.47;0;0;0;0;0;0;0;0;0;0;0;0;0;0;0;1154;27;Y;N;N;N;N;N;N
341501;6875;6878;2016;complete;2426;1;-1;88;53;1;1;2;-1;-1;-1;-1;-1;2;3;0;0;-1;-1;-1;-1;-1;-1;-1;-1;-1;-1;2;3;0;0;0;0;0;0;0;0;0;0;0;0;0;0;0;0;0;0;0;0;0;0;0;0;0;0;0;0;0;0;0;0;0;0;0;0;0;0;0;0;0;0;0;0;0;0;0;0;0;0;0;0;0;0;0;0;0;0;0;0;0;0;0;0;0;0;0;0;2;0;0;1;1;2;0;2016-03-06 15:00:00;-1;0;0;0;0;0;-1;1;-1;-1;-1;-1;-1;-1;1;2;1;1;3;2;-1;0;0;0;0;0;0;0;1;0;1;0;0;0;1;1;0;0;-1;-1;0;0;-1;-1;-1;-1;-1;-1;-1;-1;-1;0;0;0;0;0;0;0;0;0;0;0;0;0;AB;B68;1;0.14;0;0;0;0;0;0;0;0;0;0;0;0;0;0;0;1154;27;Y;Y;N;N;N;N;Y
341502;1211;6872;2016;complete;2426;1;-1;48,62,65,83;35;4;1;5;-1;-1;-1;-1;-1;1;3;0;0;-1;-1;-1;-1;-1;-1;-1;-1;-1;-1;1;3;0;0;0;0;0;0;0;0;0;0;0;0;0;0;0;0;0;0;0;0;0;0;0;0;0;0;0;0;0;0;0;0;0;0;0;0;0;0;0;0;0;0;0;0;0;0;0;0;0;0;0;0;0;0;0;0;0;0;0;0;0;0;0;0;0;0;0;0;5;0;1;4;0;4;1;2016-03-06 15:00:00;1211;0;0;0;0;0;-1;1;-1;-1;-1;-1;-1;-1;1;2;0;1;3;1;-1;0;0;0;0;0;0;0;0;0;0;0;0;0;1;1;0;0;-1;-1;0;0;-1;-1;-1;-1;-1;-1;-1;-1;-1;0;0;0;0;0;0;0;0;0;0;0;0;0;Víkingur;Skála;2.57;0.64;0;0;0;0;0;0;0;0;0;0;0;0;0;0;0;1154;27;Y;Y;Y;Y;Y;N;Y
341503;6872;66;2016;complete;2426;2;-1;3;;1;0;1;-1;-1;-1;-1;-1;6;2;0;0;-1;-1;-1;-1;-1;-1;-1;-1;-1;-1;6;2;0;0;0;0;0;0;0;0;0;0;0;0;0;0;0;0;0;0;0;0;0;0;0;0;0;0;0;0;0;0;0;0;0;0;0;0;0;0;0;0;0;0;0;0;0;0;0;0;0;0;0;0;0;0;0;0;0;0;0;0;0;0;0;0;0;0;0;0;1;1;0;0;0;0;1;2016-03-12 16:00:00;6872;0;0;0;0;0;-1;1;-1;-1;-1;-1;-1;-1;3;0;3;2;3;5;-1;0;0;0;0;0;0;0;0;0;0;0;0;0;1;1;1;0;-1;-1;0;0;-1;-1;-1;-1;-1;-1;-1;-1;-1;0;0;0;0;0;0;0;0;0;0;0;0;0;Skála;B36;1.31;1.46;0;0;0;3;0;0;0;0;0;0;0;0;0;0;0;1154;27;Y;N;N;N;N;N;N
341504;6878;6877;2016;complete;2426;2;-1;90;22;1;1;2;-1;-1;-1;-1;-1;1;1;0;0;-1;-1;-1;-1;-1;-1;-1;-1;-1;-1;1;1;0;0;0;0;0;0;0;0;0;0;0;0;0;0;0;0;0;0;0;0;0;0;0;0;0;0;0;0;0;0;0;0;0;0;0;0;0;0;0;0;0;0;0;0;0;0;0;0;0;0;0;0;0;0;0;0;0;0;0;0;0;0;0;0;0;0;0;0;2;0;1;1;0;1;1;2016-03-13 15:00:00;-1;0;0;0;0;0;-1;1;-1;-1;-1;-1;-1;-1;0;0;1;1;0;2;-1;0;0;0;0;0;0;0;0;0;0;0;0;0;1;1;0;0;-1;-1;0;0;-1;-1;-1;-1;-1;-1;-1;-1;-1;0;0;0;0;50;0;50;0;0;0;0;1;0.5;B68;TB;0.38;0.47;0;0;1;0;50;50;50;50;0;0;0;0;0;0;0;1154;27;Y;Y;N;N;N;N;Y
341505;985;1211;2016;complete;2426;2;-1;45;80;1;1;2;-1;-1;-1;-1;-1;3;2;0;0;-1;-1;-1;-1;-1;-1;-1;-1;-1;-1;3;2;0;0;0;0;0;0;0;0;0;0;0;0;0;0;0;0;0;0;0;0;0;0;0;0;0;0;0;0;0;0;0;0;0;0;0;0;0;0;0;0;0;0;0;0;0;0;0;0;0;0;0;0;0;0;0;0;0;0;0;0;0;0;0;0;0;0;0;0;2;1;0;0;1;1;1;2016-03-13 15:00:00;-1;0;0;0;0;0;-1;1;-1;-1;-1;-1;-1;-1;1;0;2;2;1;4;-1;0;0;0;0;0;0;0;0;0;0;0;0;0;1;1;0;0;-1;-1;0;0;-1;-1;-1;-1;-1;-1;-1;-1;-1;0;0;0;0;0;0;0;0;0;0;0;0;0;HB;Víkingur;1.71;1.92;0;0;3;3;0;0;0;0;0;0;0;0;0;0;0;1154;27;Y;Y;N;N;N;N;Y
341506;6876;6875;2016;complete;2426;2;-1;41;;1;0;1;-1;-1;-1;-1;-1;3;2;0;0;-1;-1;-1;-1;-1;-1;-1;-1;-1;-1;3;2;0;0;0;0;0;0;0;0;0;0;0;0;0;0;0;0;0;0;0;0;0;0;0;0;0;0;0;0;0;0;0;0;0;0;0;0;0;0;0;0;0;0;0;0;0;0;0;0;0;0;0;0;0;0;0;0;0;0;0;0;0;0;0;0;0;0;0;0;1;1;0;0;0;0;1;2016-03-13 15:00:00;6876;0;0;0;0;0;-1;1;-1;-1;-1;-1;-1;-1;0;0;3;2;0;5;-1;0;0;0;0;0;0;0;0;0;0;0;0;0;1;1;0;0;-1;-1;0;0;-1;-1;-1;-1;-1;-1;-1;-1;-1;0;0;0;0;0;0;0;0;0;0;0;0;0;ÍF;AB;1.31;0.36;0;0;0;1;0;0;0;0;0;0;0;0;0;0;0;1154;27;Y;N;N;N;N;N;N
341507;5404;5415;2016;complete;2426;2;-1;4;7,20,73;1;3;4;-1;-1;-1;-1;-1;2;2;0;0;-1;-1;-1;-1;-1;-1;-1;-1;-1;-1;2;2;0;0;0;0;0;0;0;0;0;0;0;0;0;0;0;0;0;0;0;0;0;0;0;0;0;0;0;0;0;0;0;0;0;0;0;0;0;0;0;0;0;0;0;0;0;0;0;0;0;0;0;0;0;0;0;0;0;0;0;0;0;0;0;0;0;0;0;0;4;1;2;0;1;1;3;2016-03-13 15:00:00;5415;0;0;0;0;0;-1;1;-1;-1;-1;-1;-1;-1;1;1;1;1;2;2;-1;0;0;0;0;0;0;0;0;0;0;0;0;0;1;1;1;1;-1;-1;0;0;-1;-1;-1;-1;-1;-1;-1;-1;-1;0;0;0;0;50;0;50;0;0;0;0;4;0.5;KÍ;NSÍ;2.33;1.62;3;0;3;0;50;50;50;50;0;0;0;0;0;0;0;1154;27;Y;Y;Y;Y;N;N;Y
341508;5415;6872;2016;complete;2426;3;-1;15,65;;2;0;2;-1;-1;-1;-1;-1;0;1;0;0;-1;-1;-1;-1;-1;-1;-1;-1;-1;-1;0;1;0;0;0;0;0;0;0;0;0;0;0;0;0;0;0;0;0;0;0;0;0;0;0;0;0;0;0;0;0;0;0;0;0;0;0;0;0;0;0;0;0;0;0;0;0;0;0;0;0;0;0;0;0;0;0;0;0;0;0;0;0;0;0;0;0;0;0;0;2;1;0;1;0;1;1;2016-03-19 15:00:00;5415;0;100;0;50;0;-1;1;-1;-1;-1;-1;-1;-1;0;1;0;0;1;0;-1;0;0;0;0;0;0;0;0;0;0;0;0;0;1;1;0;0;-1;-1;0;0;-1;-1;-1;-1;-1;-1;-1;-1;-1;50;50;100;100;100;0;100;100;100;0;0;7;4;NSÍ;Skála;2.43;0.64;0;0;1.5;1.5;50;50;0;0;0;0;0;0;0;0;0;1154;27;Y;Y;N;N;N;N;N
341509;6876;1211;2016;complete;2426;3;-1;23,40;45,49;2;2;4;-1;-1;-1;-1;-1;4;0;0;0;-1;-1;-1;-1;-1;-1;-1;-1;-1;-1;4;0;0;0;0;0;0;0;0;0;0;0;0;0;0;0;0;0;0;0;0;0;0;0;0;0;0;0;0;0;0;0;0;0;0;0;0;0;0;0;0;0;0;0;0;0;0;0;0;0;0;0;0;0;0;0;0;0;0;0;0;0;0;0;0;0;0;0;0;0;4;2;1;0;1;1;3;2016-03-19 16:00:00;-1;0;50;0;0;0;-1;1;-1;-1;-1;-1;-1;-1;1;0;3;0;1;3;-1;0;0;0;0;0;0;0;0;0;0;0;0;0;1;1;0;0;-1;-1;0;0;-1;-1;-1;-1;-1;-1;-1;-1;-1;0;0;0;50;100;0;100;50;0;0;0;5;1.5;ÍF;Víkingur;1.31;1.92;3;1;1.5;2;100;100;100;50;0;0;0;0;0;0;0;1154;27;Y;Y;Y;Y;N;N;Y
341510;6877;6875;2016;complete;2426;3;-1;19;;1;0;1;-1;-1;-1;-1;-1;2;2;0;1;-1;-1;-1;-1;-1;-1;-1;-1;-1;-1;2;3;0;0;0;0;0;0;0;0;0;0;0;0;0;0;0;0;0;0;0;0;0;0;0;0;0;0;0;0;0;0;0;0;0;0;0;0;0;0;0;0;0;0;0;0;0;0;0;0;0;0;0;0;0;0;0;0;0;0;0;0;0;0;0;0;0;0;0;0;1;1;0;0;0;0;1;2016-03-20 15:00:00;6877;0;0;0;0;0;-1;1;-1;-1;-1;-1;-1;-1;1;0;1;3;1;4;-1;0;0;0;0;0;0;0;0;0;0;0;0;0;1;1;0;0;-1;-1;0;0;-1;-1;-1;-1;-1;-1;-1;-1;-1;0;0;0;0;50;0;50;0;0;0;0;2;0.5;TB;AB;1.67;0.36;0;0;0.5;0.5;50;50;50;50;0;0;0;0;0;0;0;1154;27;Y;N;N;N;N;N;N
341511;6878;66;2016;complete;2426;3;-1;34;2,45,61,69;1;4;5;-1;-1;-1;-1;-1;3;3;0;0;-1;-1;-1;-1;-1;-1;-1;-1;-1;-1;3;3;0;0;0;0;0;0;0;0;0;0;0;0;0;0;0;0;0;0;0;0;0;0;0;0;0;0;0;0;0;0;0;0;0;0;0;0;0;0;0;0;0;0;0;0;0;0;0;0;0;0;0;0;0;0;0;0;0;0;0;0;0;0;0;0;0;0;0;0;5;1;2;0;2;2;3;2016-03-20 15:00:00;66;0;50;0;0;0;-1;1;-1;-1;-1;-1;-1;-1;1;1;2;2;2;4;-1;0;0;0;0;0;0;0;0;1;0;1;0;0;1;1;0;1;-1;-1;0;0;-1;-1;-1;-1;-1;-1;-1;-1;-1;0;0;0;50;100;0;100;50;0;0;0;3;1.5;B68;B36;0.38;1.46;1;0;1;1.5;100;100;100;50;0;0;0;0;0;0;0;1154;27;Y;Y;Y;Y;Y;N;Y
341512;985;5404;2016;complete;2426;3;-1;2,31,71,90;43,47;4;2;6;-1;-1;-1;-1;-1;0;3;0;0;-1;-1;-1;-1;-1;-1;-1;-1;-1;-1;0;3;0;0;0;0;0;0;0;0;0;0;0;0;0;0;0;0;0;0;0;0;0;0;0;0;0;0;0;0;0;0;0;0;0;0;0;0;0;0;0;0;0;0;0;0;0;0;0;0;0;0;0;0;0;0;0;0;0;0;0;0;0;0;0;0;0;0;0;0;6;2;1;2;1;3;3;2016-03-20 15:00:00;985;0;50;0;0;0;-1;1;-1;-1;-1;-1;-1;-1;0;1;0;2;1;2;-1;0;0;0;0;0;0;0;2;0;2;0;0;0;1;1;1;0;-1;-1;0;0;-1;-1;-1;-1;-1;-1;-1;-1;-1;0;0;0;50;50;0;50;50;0;0;0;3;1;HB;KÍ;1.71;2.08;1;0;2;1.5;50;50;50;0;0;0;0;0;0;0;0;1154;27;Y;Y;Y;Y;Y;Y;Y
341513;5415;6876;2016;complete;2426;4;-1;3,16,61,79,81,84;59;6;1;7;-1;-1;-1;-1;-1;2;1;0;0;-1;-1;-1;-1;-1;-1;-1;-1;-1;-1;2;1;0;0;0;0;0;0;0;0;0;0;0;0;0;0;0;0;0;0;0;0;0;0;0;0;0;0;0;0;0;0;0;0;0;0;0;0;0;0;0;0;0;0;0;0;0;0;0;0;0;0;0;0;0;0;0;0;0;0;0;0;0;0;0;0;0;0;0;0;7;2;0;4;1;5;2;2016-04-02 14:00:00;5415;0;75;0;75;0;-1;1;-1;-1;-1;-1;-1;-1;1;0;1;1;1;2;-1;0;0;0;0;0;0;0;0;0;0;0;0;0;1;1;1;0;-1;-1;0;0;-1;-1;-1;-1;-1;-1;-1;-1;-1;50;50;75;100;100;0;100;100;75;0;0;4;3.75;NSÍ;ÍF;2.43;1.07;1.5;0;2;1.33;50;50;25;0;0;0;0;0;0;0;0;1154;27;Y;Y;Y;Y;Y;Y;Y
341514;66;6875;2016;complete;2426;4;-1;30,70;55;2;1;3;-1;-1;-1;-1;-1;2;3;1;0;-1;-1;-1;-1;-1;-1;-1;-1;-1;-1;4;3;0;0;0;0;0;0;0;0;0;0;0;0;0;0;0;0;0;0;0;0;0;0;0;0;0;0;0;0;0;0;0;0;0;0;0;0;0;0;0;0;0;0;0;0;0;0;0;0;0;0;0;0;0;0;0;0;0;0;0;0;0;0;0;0;0;0;0;0;3;1;0;1;1;2;1;2016-04-03 14:00:00;66;0;50;0;50;0;-1;1;-1;-1;-1;-1;-1;-1;1;1;2;2;2;4;-1;0;0;0;0;0;0;0;0;0;0;0;0;0;1;1;0;0;-1;-1;0;0;-1;-1;-1;-1;-1;-1;-1;-1;-1;50;50;50;50;100;0;100;50;50;0;0;3.5;3;B36;AB;2.14;0.36;3;0;2;0.33;50;50;50;50;0;0;0;0;0;0;0;1154;27;Y;Y;Y;N;N;N;Y
341515;6877;985;2016;complete;2426;4;-1;;14;0;1;1;-1;-1;-1;-1;-1;1;4;0;0;-1;-1;-1;-1;-1;-1;-1;-1;-1;-1;1;4;0;0;0;0;0;0;0;0;0;0;0;0;0;0;0;0;0;0;0;0;0;0;0;0;0;0;0;0;0;0;0;0;0;0;0;0;0;0;0;0;0;0;0;0;0;0;0;0;0;0;0;0;0;0;0;0;0;0;0;0;0;0;0;0;0;0;0;0;1;0;1;0;0;0;1;2016-04-03 14:00:00;985;0;50;0;50;0;-1;1;-1;-1;-1;-1;-1;-1;0;1;1;3;1;4;-1;0;0;0;0;0;0;0;0;0;0;0;0;0;1;1;0;0;-1;-1;0;0;-1;-1;-1;-1;-1;-1;-1;-1;-1;0;0;50;50;100;0;100;50;50;0;0;4;2;TB;HB;1.67;1.46;3;3;1.33;2.33;100;100;50;50;0;0;0;0;0;0;0;1154;27;Y;N;N;N;N;N;N
341516;1211;6878;2016;complete;2426;4;-1;37,43,60,75;;4;0;4;-1;-1;-1;-1;-1;2;2;0;0;-1;-1;-1;-1;-1;-1;-1;-1;-1;-1;2;2;0;0;0;0;0;0;0;0;0;0;0;0;0;0;0;0;0;0;0;0;0;0;0;0;0;0;0;0;0;0;0;0;0;0;0;0;0;0;0;0;0;0;0;0;0;0;0;0;0;0;0;0;0;0;0;0;0;0;0;0;0;0;0;0;0;0;0;0;4;2;0;2;0;2;2;2016-04-03 14:00:00;1211;0;100;0;50;0;-1;1;-1;-1;-1;-1;-1;-1;0;0;2;2;0;4;-1;0;0;0;0;0;0;0;0;0;0;0;0;0;1;1;0;0;-1;-1;0;0;-1;-1;-1;-1;-1;-1;-1;-1;-1;50;50;50;100;100;0;50;100;100;0;0;4;3.5;Víkingur;B68;2.57;0.14;3;1;1.67;0.67;50;50;50;0;0;0;0;0;0;0;0;1154;27;Y;Y;Y;Y;N;N;N
341517;5404;6872;2016;complete;2426;4;-1;5,25;;2;0;2;-1;-1;-1;-1;-1;3;2;0;0;-1;-1;-1;-1;-1;-1;-1;-1;-1;-1;3;2;0;0;0;0;0;0;0;0;0;0;0;0;0;0;0;0;0;0;0;0;0;0;0;0;0;0;0;0;0;0;0;0;0;0;0;0;0;0;0;0;0;0;0;0;0;0;0;0;0;0;0;0;0;0;0;0;0;0;0;0;0;0;0;0;0;0;0;0;2;2;0;0;0;0;2;2016-04-03 14:00:00;5404;0;50;25;0;0;-1;1;-1;-1;-1;-1;-1;-1;1;0;2;2;1;4;-1;0;0;0;0;0;0;0;0;0;0;0;0;0;1;1;1;0;-1;-1;0;0;-1;-1;-1;-1;-1;-1;-1;-1;-1;25;50;50;75;100;25;100;75;25;0;0;5;3;KÍ;Skála;2.33;0.64;1.5;0;1;1;75;50;50;25;0;0;0;0;0;0;0;1154;27;Y;Y;N;N;N;N;N
341518;6872;985;2016;complete;2426;5;-1;;51,82,88;0;3;3;-1;-1;-1;-1;-1;1;1;0;0;-1;-1;-1;-1;-1;-1;-1;-1;-1;-1;1;1;0;0;0;0;0;0;0;0;0;0;0;0;0;0;0;0;0;0;0;0;0;0;0;0;0;0;0;0;0;0;0;0;0;0;0;0;0;0;0;0;0;0;0;0;0;0;0;0;0;0;0;0;0;0;0;0;0;0;0;0;0;0;0;0;0;0;0;0;3;0;0;0;3;3;0;2016-04-09 14:00:00;985;0;25;0;25;0;-1;1;-1;-1;-1;-1;-1;-1;0;0;1;1;0;2;-1;0;0;0;0;0;0;0;0;0;0;0;0;0;1;1;0;0;-1;-1;0;0;-1;-1;-1;-1;-1;-1;-1;-1;-1;0;0;25;25;100;0;100;25;25;0;0;9;1.5;Skála;HB;1.31;1.46;3;3;0.75;2.5;100;100;75;75;0;0;0;0;0;0;0;1154;27;Y;Y;Y;N;N;N;N
341519;6876;5404;2016;complete;2426;5;-1;;41,66,81,86;0;4;4;-1;-1;-1;-1;-1;0;1;0;0;-1;-1;-1;-1;-1;-1;-1;-1;-1;-1;0;1;0;0;0;0;0;0;0;0;0;0;0;0;0;0;0;0;0;0;0;0;0;0;0;0;0;0;0;0;0;0;0;0;0;0;0;0;0;0;0;0;0;0;0;0;0;0;0;0;0;0;0;0;0;0;0;0;0;0;0;0;0;0;0;0;0;0;0;0;4;0;1;0;3;3;1;2016-04-10 14:00:00;5404;0;75;75;50;0;-1;1;-1;-1;-1;-1;-1;-1;0;0;0;1;0;1;-1;0;0;0;0;0;0;0;0;0;0;0;0;0;1;1;0;0;-1;-1;0;0;-1;-1;-1;-1;-1;-1;-1;-1;-1;50;75;75;75;100;75;100;75;50;0;0;6.5;4.25;ÍF;KÍ;1.31;2.08;2;0;1;1.5;50;25;25;25;0;0;0;0;0;0;0;1154;27;Y;Y;Y;Y;N;N;N
341520;66;6877;2016;complete;2426;5;-1;;;0;0;0;-1;-1;-1;-1;-1;0;4;0;0;-1;-1;-1;-1;-1;-1;-1;-1;-1;-1;0;4;0;0;0;0;0;0;0;0;0;0;0;0;0;0;0;0;0;0;0;0;0;0;0;0;0;0;0;0;0;0;0;0;0;0;0;0;0;0;0;0;0;0;0;0;0;0;0;0;0;0;0;0;0;0;0;0;0;0;0;0;0;0;0;0;0;0;0;0;0;0;0;0;0;0;0;2016-04-10 14:00:00;-1;0;75;0;50;0;-1;1;-1;-1;-1;-1;-1;-1;0;1;0;3;1;3;-1;0;0;0;0;0;0;0;0;0;0;0;0;0;1;1;0;0;-1;-1;0;0;-1;-1;-1;-1;-1;-1;-1;-1;-1;25;25;50;75;100;0;100;75;50;0;0;3.5;2.75;B36;TB;2.14;0.47;3;0.5;2.25;1;75;75;50;25;0;0;0;0;0;0;0;1154;27;N;N;N;N;N;N;N
341521;6878;5415;2016;complete;2426;5;-1;;11,19,48,54,73;0;5;5;-1;-1;-1;-1;-1;3;0;0;0;-1;-1;-1;-1;-1;-1;-1;-1;-1;-1;3;0;0;0;0;0;0;0;0;0;0;0;0;0;0;0;0;0;0;0;0;0;0;0;0;0;0;0;0;0;0;0;0;0;0;0;0;0;0;0;0;0;0;0;0;0;0;0;0;0;0;0;0;0;0;0;0;0;0;0;0;0;0;0;0;0;0;0;0;0;5;0;2;0;3;3;2;2016-04-10 14:00:00;5415;0;100;75;0;0;-1;1;-1;-1;-1;-1;-1;-1;1;0;2;0;1;2;-1;0;0;0;0;0;0;0;0;0;0;0;0;0;1;1;0;0;-1;-1;0;0;-1;-1;-1;-1;-1;-1;-1;-1;-1;25;75;75;100;100;75;100;100;25;0;0;4;3.75;B68;NSÍ;0.38;1.62;0.5;3;0.5;2.25;75;25;25;0;0;0;0;0;0;0;0;1154;27;Y;Y;Y;Y;Y;N;N
341522;6875;1211;2016;complete;2426;5;-1;58,90;49,80;2;2;4;-1;-1;-1;-1;-1;2;3;0;0;-1;-1;-1;-1;-1;-1;-1;-1;-1;-1;2;3;0;0;0;0;0;0;0;0;0;0;0;0;0;0;0;0;0;0;0;0;0;0;0;0;0;0;0;0;0;0;0;0;0;0;0;0;0;0;0;0;0;0;0;0;0;0;0;0;0;0;0;0;0;0;0;0;0;0;0;0;0;0;0;0;0;0;0;0;4;0;0;2;2;4;0;2016-04-10 16:15:00;-1;0;100;25;50;0;-1;1;-1;-1;-1;-1;-1;-1;0;0;2;3;0;5;-1;0;0;0;0;0;0;0;0;0;0;0;0;0;1;1;0;0;-1;-1;0;0;-1;-1;-1;-1;-1;-1;-1;-1;-1;0;25;25;100;100;25;50;100;50;0;0;3;2.5;AB;Víkingur;1;1.92;1;1;0.25;2;100;75;75;0;0;0;0;0;0;0;0;1154;27;Y;Y;Y;Y;N;N;Y
341523;6877;6876;2016;complete;2426;6;-1;;27,30,83;0;3;3;-1;-1;-1;-1;-1;2;4;0;0;-1;-1;-1;-1;-1;-1;-1;-1;-1;-1;2;4;0;0;0;0;0;0;0;0;0;0;0;0;0;0;0;0;0;0;0;0;0;0;0;0;0;0;0;0;0;0;0;0;0;0;0;0;0;0;0;0;0;0;0;0;0;0;0;0;0;0;0;0;0;0;0;0;0;0;0;0;0;0;0;0;0;0;0;0;3;0;2;0;1;1;2;2016-04-17 14:00:00;6876;0;50;0;50;0;-1;1;-1;-1;-1;-1;-1;-1;2;1;0;3;3;3;-1;0;0;0;0;0;0;0;0;0;0;0;0;0;1;1;0;0;-1;-1;0;0;-1;-1;-1;-1;-1;-1;-1;-1;-1;50;50;50;50;100;25;100;50;50;0;0;3;3.5;TB;ÍF;1.67;1.07;1.5;0;1;0.8;50;50;50;50;0;0;0;0;0;0;0;1154;27;Y;Y;Y;N;N;N;N
341524;5404;66;2016;complete;2426;6;-1;90;45;1;1;2;-1;-1;-1;-1;-1;4;3;0;0;-1;-1;-1;-1;-1;-1;-1;-1;-1;-1;4;3;0;0;0;0;0;0;0;0;0;0;0;0;0;0;0;0;0;0;0;0;0;0;0;0;0;0;0;0;0;0;0;0;0;0;0;0;0;0;0;0;0;0;0;0;0;0;0;0;0;0;0;0;0;0;0;0;0;0;0;0;0;0;0;0;0;0;0;0;2;0;1;1;0;1;1;2016-04-17 14:00:00;-1;0;42;42;0;0;-1;1;-1;-1;-1;-1;-1;-1;2;1;2;2;3;4;-1;0;0;0;0;0;0;0;0;0;0;0;0;0;1;1;0;0;-1;-1;0;0;-1;-1;-1;-1;-1;-1;-1;-1;-1;25;42;42;59;100;59;100;42;25;0;0;5.5;2.67;KÍ;B36;2.33;1.46;2;1.5;1.8;2;75;59;59;42;0;0;0;0;0;0;0;1154;27;Y;Y;N;N;N;N;Y
341525;6872;6878;2016;complete;2426;6;-1;;;0;0;0;-1;-1;-1;-1;-1;4;4;0;0;-1;-1;-1;-1;-1;-1;-1;-1;-1;-1;4;4;0;0;0;0;0;0;0;0;0;0;0;0;0;0;0;0;0;0;0;0;0;0;0;0;0;0;0;0;0;0;0;0;0;0;0;0;0;0;0;0;0;0;0;0;0;0;0;0;0;0;0;0;0;0;0;0;0;0;0;0;0;0;0;0;0;0;0;0;0;0;0;0;0;0;0;2016-04-17 14:00:00;-1;0;25;0;25;0;-1;1;-1;-1;-1;-1;-1;-1;2;1;2;3;3;5;-1;0;0;0;0;0;0;0;0;0;0;0;0;0;1;1;0;0;-1;-1;0;1;-1;-1;-1;-1;-1;-1;-1;-1;-1;0;25;50;75;100;25;50;75;75;0;0;6;2.5;Skála;B68;1.31;0.14;1.5;0.5;0.6;0.4;100;75;50;25;0;0;0;0;0;0;0;1154;27;N;N;N;N;N;N;N
341526;985;6875;2016;complete;2426;6;-1;;;0;0;0;-1;-1;-1;-1;-1;2;2;0;0;-1;-1;-1;-1;-1;-1;-1;-1;-1;-1;2;2;0;0;0;0;0;0;0;0;0;0;0;0;0;0;0;0;0;0;0;0;0;0;0;0;0;0;0;0;0;0;0;0;0;0;0;0;0;0;0;0;0;0;0;0;0;0;0;0;0;0;0;0;0;0;0;0;0;0;0;0;0;0;0;0;0;0;0;0;0;0;0;0;0;0;0;2016-04-17 14:00:00;-1;0;67;25;42;0;-1;1;-1;-1;-1;-1;-1;-1;1;1;1;1;2;2;-1;0;0;0;0;0;0;0;0;0;0;0;0;0;1;1;0;0;-1;-1;0;0;-1;-1;-1;-1;-1;-1;-1;-1;-1;25;25;42;67;100;25;100;67;42;0;0;4.17;2.84;HB;AB;1.71;0.36;2;0;2.6;0.4;75;75;59;34;0;0;0;0;0;0;0;1154;27;N;N;N;N;N;N;N
341527;5415;1211;2016;complete;2426;6;-1;33;45,90,90;1;3;4;-1;-1;-1;-1;-1;1;3;0;0;-1;-1;-1;-1;-1;-1;-1;-1;-1;-1;1;3;0;0;0;0;0;0;0;0;0;0;0;0;0;0;0;0;0;0;0;0;0;0;0;0;0;0;0;0;0;0;0;0;0;0;0;0;0;0;0;0;0;0;0;0;0;0;0;0;0;0;0;0;0;0;0;0;0;0;0;0;0;0;0;0;0;0;0;0;4;1;1;0;2;2;2;2016-04-17 14:00:00;1211;0;84;17;50;0;-1;1;-1;-1;-1;-1;-1;-1;0;2;1;1;2;2;-1;0;0;0;0;0;0;0;0;0;0;0;0;0;1;1;0;0;-1;-1;0;1;-1;-1;-1;-1;-1;-1;-1;-1;-1;17;50;67;100;100;33;84;100;50;0;0;3.67;3.67;NSÍ;Víkingur;2.43;1.92;2;1;2.4;1.8;84;50;33;0;0;0;0;0;0;0;0;1154;27;Y;Y;Y;Y;N;N;Y
341528;1211;6877;2016;complete;2426;7;-1;38,67;50;2;1;3;-1;-1;-1;-1;-1;1;1;0;0;-1;-1;-1;-1;-1;-1;-1;-1;-1;-1;1;1;0;0;0;0;0;0;0;0;0;0;0;0;0;0;0;0;0;0;0;0;0;0;0;0;0;0;0;0;0;0;0;0;0;0;0;0;0;0;0;0;0;0;0;0;0;0;0;0;0;0;0;0;0;0;0;0;0;0;0;0;0;0;0;0;0;0;0;0;3;1;0;1;1;2;1;2016-04-20 16:30:00;1211;0;42;0;0;0;-1;1;-1;-1;-1;-1;-1;-1;0;0;1;1;0;2;-1;0;0;0;0;0;0;0;1;0;1;0;0;0;1;1;0;0;-1;-1;0;0;-1;-1;-1;-1;-1;-1;-1;-1;-1;25;50;50;67;84;25;84;67;50;0;0;3.5;2.75;Víkingur;TB;2.57;0.47;3;0.67;2;0.83;75;50;50;34;17;0;0;0;0;0;0;1154;27;Y;Y;Y;N;N;N;Y
341529;985;6878;2016;complete;2426;7;-1;85;;1;0;1;-1;-1;-1;-1;-1;1;2;0;0;-1;-1;-1;-1;-1;-1;-1;-1;-1;-1;1;2;0;0;0;0;0;0;0;0;0;0;0;0;0;0;0;0;0;0;0;0;0;0;0;0;0;0;0;0;0;0;0;0;0;0;0;0;0;0;0;0;0;0;0;0;0;0;0;0;0;0;0;0;0;0;0;0;0;0;0;0;0;0;0;0;0;0;0;0;1;0;0;1;0;1;0;2016-04-20 17:00:00;985;0;50;17;33;0;-1;1;-1;-1;-1;-1;-1;-1;0;2;1;0;2;1;-1;0;0;0;0;0;0;0;0;0;0;0;0;0;1;1;0;0;-1;-1;0;0;-1;-1;-1;-1;-1;-1;-1;-1;-1;17;33;33;67;67;33;50;67;50;0;0;4.67;2.34;HB;B68;1.71;0.14;1.67;0.67;2.33;0.5;84;67;67;33;33;0;0;0;0;0;0;1154;27;Y;N;N;N;N;N;N
341530;6876;6872;2016;complete;2426;7;-1;30,79;74,89;2;2;4;-1;-1;-1;-1;-1;0;4;0;0;-1;-1;-1;-1;-1;-1;-1;-1;-1;-1;0;4;0;0;0;0;0;0;0;0;0;0;0;0;0;0;0;0;0;0;0;0;0;0;0;0;0;0;0;0;0;0;0;0;0;0;0;0;0;0;0;0;0;0;0;0;0;0;0;0;0;0;0;0;0;0;0;0;0;0;0;0;0;0;0;0;0;0;0;0;4;1;0;1;2;3;1;2016-04-21 17:00:00;-1;0;33;17;0;0;-1;1;-1;-1;-1;-1;-1;-1;0;1;0;3;1;3;-1;0;0;0;0;0;0;0;0;0;0;0;0;0;1;1;0;0;-1;-1;0;0;-1;-1;-1;-1;-1;-1;-1;-1;-1;17;50;50;84;100;33;100;67;33;0;0;4.33;3;ÍF;Skála;1.31;0.64;1.33;0;1.17;0.67;84;50;50;17;0;0;0;0;0;0;0;1154;27;Y;Y;Y;Y;N;N;Y
341531;66;5415;2016;complete;2426;7;-1;1,21,60;45;3;1;4;-1;-1;-1;-1;-1;1;0;0;0;-1;-1;-1;-1;-1;-1;-1;-1;-1;-1;1;0;0;0;0;0;0;0;0;0;0;0;0;0;0;0;0;0;0;0;0;0;0;0;0;0;0;0;0;0;0;0;0;0;0;0;0;0;0;0;0;0;0;0;0;0;0;0;0;0;0;0;0;0;0;0;0;0;0;0;0;0;0;0;0;0;0;0;0;0;4;2;1;1;0;1;3;2016-04-21 17:00:00;66;0;59;25;34;0;-1;1;-1;-1;-1;-1;-1;-1;1;0;0;0;1;0;-1;0;0;0;0;0;0;0;1;0;1;0;0;0;1;1;1;0;-1;-1;0;0;-1;-1;-1;-1;-1;-1;-1;-1;-1;42;67;84;84;84;50;84;84;59;0;0;2.67;3.59;B36;NSÍ;2.14;1.62;2.33;3;1.83;2;59;34;17;17;17;0;0;0;0;0;0;1154;27;Y;Y;Y;Y;N;N;Y
341532;6875;5404;2016;complete;2426;7;-1;50;56;1;1;2;-1;-1;-1;-1;-1;2;1;0;0;-1;-1;-1;-1;-1;-1;-1;-1;-1;-1;2;1;0;0;0;0;0;0;0;0;0;0;0;0;0;0;0;0;0;0;0;0;0;0;0;0;0;0;0;0;0;0;0;0;0;0;0;0;0;0;0;0;0;0;0;0;0;0;0;0;0;0;0;0;0;0;0;0;0;0;0;0;0;0;0;0;0;0;0;0;2;0;0;1;1;2;0;2016-04-21 17:00:00;-1;0;75;25;75;0;-1;1;-1;-1;-1;-1;-1;-1;1;0;1;1;1;2;-1;0;0;0;0;0;0;0;0;0;0;0;0;0;1;1;0;0;-1;-1;0;0;-1;-1;-1;-1;-1;-1;-1;-1;-1;25;75;75;100;100;25;50;100;100;0;0;4;4;AB;KÍ;1;2.08;1;1.5;0.5;1.67;75;25;25;0;0;0;0;0;0;0;0;1154;27;Y;Y;N;N;N;N;Y
341533;6877;5415;2016;complete;2426;8;-1;83,88;86;2;1;3;-1;-1;-1;-1;-1;4;1;0;0;-1;-1;-1;-1;-1;-1;-1;-1;-1;-1;4;1;0;0;0;0;0;0;0;0;0;0;0;0;0;0;0;0;0;0;0;0;0;0;0;0;0;0;0;0;0;0;0;0;0;0;0;0;0;0;0;0;0;0;0;0;0;0;0;0;0;0;0;0;0;0;0;0;0;0;0;0;0;0;0;0;0;0;0;0;3;0;0;2;1;3;0;2016-04-27 15:00:00;6877;0;34;34;0;0;-1;1;-1;-1;-1;-1;-1;-1;1;0;3;1;1;4;-1;0;0;0;0;0;0;0;0;1;0;1;0;0;1;1;0;0;-1;-1;0;0;-1;-1;-1;-1;-1;-1;-1;-1;-1;17;50;67;67;100;67;100;67;17;0;0;2.34;3;TB;NSÍ;1.67;1.62;1;2;0.71;1.71;84;50;34;34;0;0;0;0;0;0;0;1154;27;Y;Y;Y;N;N;N;Y
341534;1211;5404;2016;complete;2426;8;-1;;25,60;0;2;2;-1;-1;-1;-1;-1;3;3;0;0;-1;-1;-1;-1;-1;-1;-1;-1;-1;-1;3;3;0;0;0;0;0;0;0;0;0;0;0;0;0;0;0;0;0;0;0;0;0;0;0;0;0;0;0;0;0;0;0;0;0;0;0;0;0;0;0;0;0;0;0;0;0;0;0;0;0;0;0;0;0;0;0;0;0;0;0;0;0;0;0;0;0;0;0;0;2;0;1;0;1;1;1;2016-04-28 17:00:00;5404;0;67;17;50;0;-1;1;-1;-1;-1;-1;-1;-1;0;3;3;0;3;3;-1;0;0;0;0;0;0;0;0;0;0;0;0;0;1;1;0;0;-1;-1;0;1;-1;-1;-1;-1;-1;-1;-1;-1;-1;33;67;84;100;100;33;84;100;100;0;0;3;4;Víkingur;KÍ;2.57;2.08;3;1.33;2.14;1.57;67;33;17;0;0;0;0;0;0;0;0;1154;27;Y;Y;N;N;N;N;N
341535;6875;6872;2016;complete;2426;8;-1;;;0;0;0;-1;-1;-1;-1;-1;1;2;0;0;-1;-1;-1;-1;-1;-1;-1;-1;-1;-1;1;2;0;0;0;0;0;0;0;0;0;0;0;0;0;0;0;0;0;0;0;0;0;0;0;0;0;0;0;0;0;0;0;0;0;0;0;0;0;0;0;0;0;0;0;0;0;0;0;0;0;0;0;0;0;0;0;0;0;0;0;0;0;0;0;0;0;0;0;0;0;0;0;0;0;0;0;2016-04-28 17:00:00;-1;0;75;0;63;0;-1;1;-1;-1;-1;-1;-1;-1;0;0;1;2;0;3;-1;0;0;0;0;0;0;0;0;0;0;0;0;0;1;1;0;0;-1;-1;0;0;-1;-1;-1;-1;-1;-1;-1;-1;-1;13;42;42;100;100;13;50;88;75;0;0;4.5;2.96;AB;Skála;1;0.64;1;0.25;0.57;0.71;88;59;59;0;0;0;0;0;0;0;0;1154;27;N;N;N;N;N;N;N
341536;66;985;2016;complete;2426;8;-1;17,74,76;23,25;3;2;5;-1;-1;-1;-1;-1;2;2;0;1;-1;-1;-1;-1;-1;-1;-1;-1;-1;-1;2;3;0;0;0;0;0;0;0;0;0;0;0;0;0;0;0;0;0;0;0;0;0;0;0;0;0;0;0;0;0;0;0;0;0;0;0;0;0;0;0;0;0;0;0;0;0;0;0;0;0;0;0;0;0;0;0;0;0;0;0;0;0;0;0;0;0;0;0;0;5;1;2;2;0;2;3;2016-04-28 17:00:00;66;0;54;13;42;0;-1;1;-1;-1;-1;-1;-1;-1;1;0;1;3;1;4;-1;0;0;0;0;0;0;0;0;0;0;0;0;0;1;1;0;0;-1;-1;0;0;-1;-1;-1;-1;-1;-1;-1;-1;-1;13;25;71;71;88;13;71;71;59;0;0;3.83;2.67;B36;HB;2.14;1.46;2.5;3;2;2.43;88;75;29;29;13;0;0;0;0;0;0;1154;27;Y;Y;Y;Y;Y;N;Y
341537;6878;6876;2016;complete;2426;8;-1;19;39,49;1;2;3;-1;-1;-1;-1;-1;1;2;0;0;-1;-1;-1;-1;-1;-1;-1;-1;-1;-1;1;2;0;0;0;0;0;0;0;0;0;0;0;0;0;0;0;0;0;0;0;0;0;0;0;0;0;0;0;0;0;0;0;0;0;0;0;0;0;0;0;0;0;0;0;0;0;0;0;0;0;0;0;0;0;0;0;0;0;0;0;0;0;0;0;0;0;0;0;0;3;1;1;0;1;1;2;2016-04-28 18:00:00;6876;0;67;17;34;0;-1;1;-1;-1;-1;-1;-1;-1;0;1;1;1;1;2;-1;0;0;0;0;0;0;0;0;0;0;0;0;0;1;1;0;0;-1;-1;0;1;-1;-1;-1;-1;-1;-1;-1;-1;-1;67;67;84;100;100;67;100;100;67;0;0;4.66;4.5;B68;ÍF;0.38;1.07;0.33;1;0.43;1.14;33;33;17;0;0;0;0;0;0;0;0;1154;27;Y;Y;Y;N;N;N;Y
341538;5404;6878;2016;complete;2426;9;-1;35,41,60,90;31;4;1;5;-1;-1;-1;-1;-1;1;1;0;0;-1;-1;-1;-1;-1;-1;-1;-1;-1;-1;1;1;0;0;0;0;0;0;0;0;0;0;0;0;0;0;0;0;0;0;0;0;0;0;0;0;0;0;0;0;0;0;0;0;0;0;0;0;0;0;0;0;0;0;0;0;0;0;0;0;0;0;0;0;0;0;0;0;0;0;0;0;0;0;0;0;0;0;0;0;5;2;1;2;0;2;3;2016-05-01 14:00:00;5404;0;38;13;13;0;-1;1;-1;-1;-1;-1;-1;-1;0;0;1;1;0;2;-1;0;0;0;0;0;0;0;0;0;0;0;0;0;1;1;0;0;-1;-1;0;0;-1;-1;-1;-1;-1;-1;-1;-1;-1;0;25;25;63;88;38;63;63;25;0;0;6;2;KÍ;B68;2.33;0.14;1.75;0.5;1.75;0.38;100;75;75;38;13;0;0;0;0;0;0;1154;27;Y;Y;Y;Y;Y;N;Y
341539;1211;66;2016;complete;2426;9;-1;6;;1;0;1;-1;-1;-1;-1;-1;5;1;0;0;-1;-1;-1;-1;-1;-1;-1;-1;-1;-1;5;1;0;0;0;0;0;0;0;0;0;0;0;0;0;0;0;0;0;0;0;0;0;0;0;0;0;0;0;0;0;0;0;0;0;0;0;0;0;0;0;0;0;0;0;0;0;0;0;0;0;0;0;0;0;0;0;0;0;0;0;0;0;0;0;0;0;0;0;0;1;1;0;0;0;0;1;2016-05-01 14:00:00;1211;0;59;17;13;0;-1;1;-1;-1;-1;-1;-1;-1;1;0;4;1;1;5;-1;0;0;0;0;0;0;0;0;0;0;0;0;0;1;1;1;0;-1;-1;0;0;-1;-1;-1;-1;-1;-1;-1;-1;-1;29;42;54;84;100;29;100;84;54;0;0;4.42;3.09;Víkingur;B36;2.57;1.46;2.25;1.33;1.88;2.13;71;59;46;17;0;0;0;0;0;0;0;1154;27;Y;N;N;N;N;N;N
341540;5415;6875;2016;complete;2426;9;-1;21,55;65;2;1;3;-1;-1;-1;-1;-1;2;2;1;0;-1;-1;-1;-1;-1;-1;-1;-1;-1;-1;4;2;0;0;0;0;0;0;0;0;0;0;0;0;0;0;0;0;0;0;0;0;0;0;0;0;0;0;0;0;0;0;0;0;0;0;0;0;0;0;0;0;0;0;0;0;0;0;0;0;0;0;0;0;0;0;0;0;0;0;0;0;0;0;0;0;0;0;0;0;3;1;0;1;1;2;1;2016-05-01 14:00:00;5415;0;50;13;38;0;-1;1;-1;-1;-1;-1;-1;-1;1;0;2;2;1;4;-1;0;0;0;0;0;0;0;1;0;1;0;0;0;1;1;0;0;-1;-1;0;0;-1;-1;-1;-1;-1;-1;-1;-1;-1;13;25;50;63;88;25;88;63;50;0;0;4.25;2.63;NSÍ;AB;2.43;0.36;1.5;0.25;1.5;0.63;88;75;50;38;13;0;0;0;0;0;0;1154;27;Y;Y;Y;N;N;N;Y
341541;6872;6877;2016;complete;2426;9;-1;25,28,40,52,54;84;5;1;6;-1;-1;-1;-1;-1;0;2;0;0;-1;-1;-1;-1;-1;-1;-1;-1;-1;-1;0;2;0;0;0;0;0;0;0;0;0;0;0;0;0;0;0;0;0;0;0;0;0;0;0;0;0;0;0;0;0;0;0;0;0;0;0;0;0;0;0;0;0;0;0;0;0;0;0;0;0;0;0;0;0;0;0;0;0;0;0;0;0;0;0;0;0;0;0;0;6;3;0;2;1;3;3;2016-05-01 14:00:00;6872;0;25;0;13;0;-1;1;-1;-1;-1;-1;-1;-1;0;1;0;1;1;1;-1;0;0;0;0;0;0;0;0;0;0;0;0;0;1;1;0;0;-1;-1;0;0;-1;-1;-1;-1;-1;-1;-1;-1;-1;0;0;29;42;71;0;54;42;29;0;0;5.42;1.42;Skála;TB;1.31;0.47;1.33;0.5;0.75;1;100;100;71;59;29;0;0;0;0;0;0;1154;27;Y;Y;Y;Y;Y;Y;Y
341542;6876;985;2016;complete;2426;9;-1;45,70,77,81;27,67;4;2;6;-1;-1;-1;-1;-1;3;1;0;0;-1;-1;-1;-1;-1;-1;-1;-1;-1;-1;3;1;0;0;0;0;0;0;0;0;0;0;0;0;0;0;0;0;0;0;0;0;0;0;0;0;0;0;0;0;0;0;0;0;0;0;0;0;0;0;0;0;0;0;0;0;0;0;0;0;0;0;0;0;0;0;0;0;0;0;0;0;0;0;0;0;0;0;0;0;6;1;1;3;1;4;2;2016-05-01 14:00:00;6876;0;50;25;25;0;-1;1;-1;-1;-1;-1;-1;-1;2;0;1;1;2;2;-1;0;0;0;0;0;0;0;0;1;0;1;0;0;1;1;0;0;-1;-1;0;0;-1;-1;-1;-1;-1;-1;-1;-1;-1;13;50;75;75;100;25;88;75;63;0;0;4.25;3.13;ÍF;HB;1.31;1.46;1.25;2.25;1.38;2.13;88;50;25;25;0;0;0;0;0;0;0;1154;27;Y;Y;Y;Y;Y;Y;Y
341543;6878;1211;2016;complete;2426;10;-1;55,74;5,62;2;2;4;-1;-1;-1;-1;-1;3;0;0;0;-1;-1;-1;-1;-1;-1;-1;-1;-1;-1;3;0;0;0;0;0;0;0;0;0;0;0;0;0;0;0;0;0;0;0;0;0;0;0;0;0;0;0;0;0;0;0;0;0;0;0;0;0;0;0;0;0;0;0;0;0;0;0;0;0;0;0;0;0;0;0;0;0;0;0;0;0;0;0;0;0;0;0;0;0;4;0;1;2;1;3;1;2016-05-12 17:00:00;-1;0;88;50;13;0;-1;1;-1;-1;-1;-1;-1;-1;1;0;2;0;1;2;-1;0;0;0;0;0;0;0;0;0;0;0;0;0;1;1;0;1;-1;-1;0;0;-1;-1;-1;-1;-1;-1;-1;-1;-1;25;63;75;100;100;63;88;100;50;0;0;4;3.63;B68;Víkingur;0.38;1.92;0.25;1.5;0.33;2;75;38;25;0;0;0;0;0;0;0;0;1154;27;Y;Y;Y;Y;N;N;Y
341544;6872;5404;2016;complete;2426;10;-1;;90;0;1;1;-1;-1;-1;-1;-1;1;2;0;0;-1;-1;-1;-1;-1;-1;-1;-1;-1;-1;1;2;0;0;0;0;0;0;0;0;0;0;0;0;0;0;0;0;0;0;0;0;0;0;0;0;0;0;0;0;0;0;0;0;0;0;0;0;0;0;0;0;0;0;0;0;0;0;0;0;0;0;0;0;0;0;0;0;0;0;0;0;0;0;0;0;0;0;0;0;1;0;0;0;1;1;0;2016-05-12 17:00:00;5404;0;38;13;38;0;-1;1;-1;-1;-1;-1;-1;-1;0;0;1;2;0;3;-1;0;0;0;0;0;0;0;0;0;0;0;0;0;1;1;0;0;-1;-1;0;0;-1;-1;-1;-1;-1;-1;-1;-1;-1;25;38;50;75;88;25;63;75;63;0;0;4.75;3;Skála;KÍ;1.31;2.08;1.75;1.75;1;1.89;75;63;50;25;13;0;0;0;0;0;0;1154;27;Y;N;N;N;N;N;N
341545;6875;66;2016;complete;2426;10;-1;23,65;7,26,72;2;3;5;-1;-1;-1;-1;-1;2;4;0;0;-1;-1;-1;-1;-1;-1;-1;-1;-1;-1;2;4;0;0;0;0;0;0;0;0;0;0;0;0;0;0;0;0;0;0;0;0;0;0;0;0;0;0;0;0;0;0;0;0;0;0;0;0;0;0;0;0;0;0;0;0;0;0;0;0;0;0;0;0;0;0;0;0;0;0;0;0;0;0;0;0;0;0;0;0;5;1;2;1;1;2;3;2016-05-12 17:00:00;66;0;63;13;38;0;-1;1;-1;-1;-1;-1;-1;-1;2;2;0;2;4;2;-1;0;0;0;0;0;0;0;1;1;1;1;0;0;1;1;0;1;-1;-1;0;0;-1;-1;-1;-1;-1;-1;-1;-1;-1;13;25;25;63;88;13;50;63;50;0;0;4;2.13;AB;B36;1;1.46;1;1;0.56;1.89;88;75;75;38;13;0;0;0;0;0;0;1154;27;Y;Y;Y;Y;Y;N;Y
341546;6876;5415;2016;complete;2426;10;-1;;49,64;0;2;2;-1;-1;-1;-1;-1;1;1;0;0;-1;-1;-1;-1;-1;-1;-1;-1;-1;-1;1;1;0;0;0;0;0;0;0;0;0;0;0;0;0;0;0;0;0;0;0;0;0;0;0;0;0;0;0;0;0;0;0;0;0;0;0;0;0;0;0;0;0;0;0;0;0;0;0;0;0;0;0;0;0;0;0;0;0;0;0;0;0;0;0;0;0;0;0;0;2;0;0;0;2;2;0;2016-05-12 17:30:00;5415;0;68;45;33;0;-1;1;-1;-1;-1;-1;-1;-1;0;0;1;1;0;2;-1;0;0;0;0;0;0;0;0;0;0;0;0;0;1;1;0;0;-1;-1;0;0;-1;-1;-1;-1;-1;-1;-1;-1;-1;23;78;90;90;100;58;88;90;55;0;0;2.75;3.9;ÍF;NSÍ;1.31;1.62;1.6;1.5;1.56;1.67;78;23;10;10;0;0;0;0;0;0;0;1154;27;Y;Y;N;N;N;N;N
341547;6877;985;2016;complete;2426;10;-1;;;0;0;0;-1;-1;-1;-1;-1;2;0;0;0;-1;-1;-1;-1;-1;-1;-1;-1;-1;-1;2;0;0;0;0;0;0;0;0;0;0;0;0;0;0;0;0;0;0;0;0;0;0;0;0;0;0;0;0;0;0;0;0;0;0;0;0;0;0;0;0;0;0;0;0;0;0;0;0;0;0;0;0;0;0;0;0;0;0;0;0;0;0;0;0;0;0;0;0;0;0;0;0;0;0;0;0;2016-05-12 17:30:00;-1;0;43;20;33;0;-1;1;-1;-1;-1;-1;-1;-1;0;0;2;0;0;2;-1;0;0;0;0;0;0;0;0;0;0;0;0;0;1;1;0;0;-1;-1;0;0;-1;-1;-1;-1;-1;-1;-1;-1;-1;20;20;65;65;100;33;78;65;53;0;0;4.45;2.8;TB;HB;1.67;1.46;1.5;1.8;0.89;1.89;80;80;35;35;0;0;0;0;0;0;0;1154;27;N;N;N;N;N;N;N
341548;5415;6872;2016;complete;2426;11;-1;89;;1;0;1;-1;-1;-1;-1;-1;1;2;0;0;-1;-1;-1;-1;-1;-1;-1;-1;-1;-1;1;2;0;0;0;0;0;0;0;0;0;0;0;0;0;0;0;0;0;0;0;0;0;0;0;0;0;0;0;0;0;0;0;0;0;0;0;0;0;0;0;0;0;0;0;0;0;0;0;0;0;0;0;0;0;0;0;0;0;0;0;0;0;0;0;0;0;0;0;0;1;0;0;1;0;1;0;2016-05-16 14:00:00;5415;0;60;10;40;0;-1;1;-1;-1;-1;-1;-1;-1;1;1;0;1;2;1;-1;0;0;0;0;0;0;0;0;0;0;0;0;0;1;1;0;0;-1;-1;0;0;-1;-1;-1;-1;-1;-1;-1;-1;-1;20;40;60;90;90;30;90;80;60;0;0;4.6;3.2;NSÍ;Skála;2.43;0.64;1.8;0.4;1.8;0.9;80;60;40;10;10;0;0;0;0;0;0;1154;27;Y;N;N;N;N;N;N
341549;6875;6877;2016;complete;2426;11;-1;36,41,77;43,79;3;2;5;-1;-1;-1;-1;-1;1;2;0;0;-1;-1;-1;-1;-1;-1;-1;-1;-1;-1;1;2;0;0;0;0;0;0;0;0;0;0;0;0;0;0;0;0;0;0;0;0;0;0;0;0;0;0;0;0;0;0;0;0;0;0;0;0;0;0;0;0;0;0;0;0;0;0;0;0;0;0;0;0;0;0;0;0;0;0;0;0;0;0;0;0;0;0;0;0;5;2;1;1;1;2;3;2016-05-16 14:00:00;6875;0;70;10;60;0;-1;1;-1;-1;-1;-1;-1;-1;0;0;1;2;0;3;-1;0;0;0;0;0;0;0;0;0;0;0;0;0;1;1;0;0;-1;-1;0;0;-1;-1;-1;-1;-1;-1;-1;-1;-1;20;30;40;70;80;20;50;70;60;0;0;3.6;2.5;AB;TB;1;0.47;0.8;0.4;0.5;0.9;80;70;60;30;20;0;0;0;0;0;0;1154;27;Y;Y;Y;Y;Y;N;Y
341550;5404;985;2016;complete;2426;11;-1;46;;1;0;1;-1;-1;-1;-1;-1;-1;-1;-1;-1;-1;-1;-1;-1;-1;-1;-1;-1;-1;-1;-1;-1;0;0;0;0;0;0;0;0;0;0;0;0;0;0;0;0;0;0;0;0;0;0;0;0;0;0;0;0;0;0;0;0;0;0;0;0;0;0;0;0;0;0;0;0;0;0;0;0;0;0;0;0;0;0;0;0;0;0;0;0;0;0;0;0;0;0;0;0;1;0;0;1;0;1;0;2016-05-16 14:00:00;5404;0;55;37;17;0;-1;-1;-1;-1;-1;-1;-1;-1;-1;-1;-1;-1;-1;-1;-1;0;0;0;0;0;0;0;0;0;0;0;0;0;1;1;0;0;-1;-1;-1;-1;-1;-1;-1;-1;-1;-1;-1;-1;-1;27;37;54;74;92;47;84;64;44;0;0;4.63;2.9;KÍ;HB;2.33;1.46;2;1.67;2;1.8;74;64;47;27;9;0;0;0;0;0;0;1154;27;Y;N;N;N;N;N;N
341551;1211;6876;2016;complete;2426;11;-1;23,40,55;1;3;1;4;-1;-1;-1;-1;-1;3;2;0;0;-1;-1;-1;-1;-1;-1;-1;-1;-1;-1;3;2;0;0;0;0;0;0;0;0;0;0;0;0;0;0;0;0;0;0;0;0;0;0;0;0;0;0;0;0;0;0;0;0;0;0;0;0;0;0;0;0;0;0;0;0;0;0;0;0;0;0;0;0;0;0;0;0;0;0;0;0;0;0;0;0;0;0;0;0;4;2;1;1;0;1;3;2016-05-16 14:00:00;1211;0;58;13;35;0;-1;1;-1;-1;-1;-1;-1;-1;1;0;2;2;1;4;-1;0;0;0;0;0;0;0;0;0;0;0;0;0;1;1;0;1;-1;-1;0;0;-1;-1;-1;-1;-1;-1;-1;-1;-1;35;45;80;90;100;48;100;90;55;0;0;4.65;3.75;Víkingur;ÍF;2.57;1.07;2.4;1.5;1.9;1.4;65;55;20;10;0;0;0;0;0;0;0;1154;27;Y;Y;Y;Y;N;N;Y
341552;66;6878;2016;complete;2426;11;-1;1,5,57;90;3;1;4;-1;-1;-1;-1;-1;1;0;0;0;-1;-1;-1;-1;-1;-1;-1;-1;-1;-1;1;0;0;0;0;0;0;0;0;0;0;0;0;0;0;0;0;0;0;0;0;0;0;0;0;0;0;0;0;0;0;0;0;0;0;0;0;0;0;0;0;0;0;0;0;0;0;0;0;0;0;0;0;0;0;0;0;0;0;0;0;0;0;0;0;0;0;0;0;0;4;2;0;1;1;2;2;2016-05-16 16:15:00;66;0;60;30;30;0;-1;1;-1;-1;-1;-1;-1;-1;0;0;1;0;0;1;-1;0;0;0;0;0;0;0;0;0;0;0;0;0;1;1;2;0;-1;-1;0;0;-1;-1;-1;-1;-1;-1;-1;-1;-1;30;50;60;70;80;40;60;80;60;0;0;4;2.9;B36;B68;2.14;0.14;2.6;0.4;2;0.4;70;50;40;30;20;0;0;0;0;0;0;1154;27;Y;Y;Y;Y;N;N;Y
341553;6872;1211;2016;complete;2426;12;-1;12;39,59,79;1;3;4;-1;-1;-1;-1;-1;2;3;0;0;-1;-1;-1;-1;-1;-1;-1;-1;-1;-1;2;3;0;0;0;0;0;0;0;0;0;0;0;0;0;0;0;0;0;0;0;0;0;0;0;0;0;0;0;0;0;0;0;0;0;0;0;0;0;0;0;0;0;0;0;0;0;0;0;0;0;0;0;0;0;0;0;0;0;0;0;0;0;0;0;0;0;0;0;0;4;1;1;0;2;2;2;2016-05-21 14:00:00;1211;0;60;20;30;0;-1;1;-1;-1;-1;-1;-1;-1;0;2;2;1;2;3;-1;0;0;0;0;0;0;0;1;1;1;1;0;0;1;1;0;0;-1;-1;0;0;-1;-1;-1;-1;-1;-1;-1;-1;-1;10;50;60;70;90;30;60;80;50;0;0;4;2.9;Skála;Víkingur;1.31;1.92;1.4;1.4;0.82;2;90;50;40;30;10;0;0;0;0;0;0;1154;27;Y;Y;Y;Y;N;N;Y
341554;985;5415;2016;complete;2426;12;-1;51,61,90;10,41,59,75;3;4;7;-1;-1;-1;-1;-1;3;1;0;0;-1;-1;-1;-1;-1;-1;-1;-1;-1;-1;3;1;0;0;0;0;0;0;0;0;0;0;0;0;0;0;0;0;0;0;0;0;0;0;0;0;0;0;0;0;0;0;0;0;0;0;0;0;0;0;0;0;0;0;0;0;0;0;0;0;0;0;0;0;0;0;0;0;0;0;0;0;0;0;0;0;0;0;0;0;7;0;2;3;2;5;2;2016-05-22 14:00:00;5415;0;55;33;23;0;-1;1;-1;-1;-1;-1;-1;-1;0;0;3;1;0;4;-1;0;0;0;0;0;0;0;1;1;1;1;0;0;1;1;0;1;-1;-1;0;0;-1;-1;-1;-1;-1;-1;-1;-1;-1;23;43;53;75;88;43;55;88;43;0;0;2.3;2.93;HB;NSÍ;1.71;1.62;2;1.8;1.64;1.91;78;58;48;25;13;0;0;0;0;0;0;1154;27;Y;Y;Y;Y;Y;Y;Y
341555;6876;66;2016;complete;2426;12;-1;;;0;0;0;-1;-1;-1;-1;-1;1;0;0;0;-1;-1;-1;-1;-1;-1;-1;-1;-1;-1;1;0;0;0;0;0;0;0;0;0;0;0;0;0;0;0;0;0;0;0;0;0;0;0;0;0;0;0;0;0;0;0;0;0;0;0;0;0;0;0;0;0;0;0;0;0;0;0;0;0;0;0;0;0;0;0;0;0;0;0;0;0;0;0;0;0;0;0;0;0;0;0;0;0;0;0;0;2016-05-22 14:00:00;-1;0;55;37;27;0;-1;1;-1;-1;-1;-1;-1;-1;0;0;1;0;0;1;-1;0;0;0;0;0;0;0;0;0;0;0;0;0;1;1;0;0;-1;-1;0;0;-1;-1;-1;-1;-1;-1;-1;-1;-1;29;54;54;72;100;37;92;72;54;0;0;4.43;3.15;ÍF;B36;1.31;1.46;1.33;1.4;1.27;2.09;72;47;47;29;0;0;0;0;0;0;0;1154;27;N;N;N;N;N;N;N
341556;6878;6875;2016;complete;2426;12;-1;55,63;28,53;2;2;4;-1;-1;-1;-1;-1;4;2;0;0;-1;-1;-1;-1;-1;-1;-1;-1;-1;-1;4;2;0;0;0;0;0;0;0;0;0;0;0;0;0;0;0;0;0;0;0;0;0;0;0;0;0;0;0;0;0;0;0;0;0;0;0;0;0;0;0;0;0;0;0;0;0;0;0;0;0;0;0;0;0;0;0;0;0;0;0;0;0;0;0;0;0;0;0;0;4;0;1;2;1;3;1;2016-05-22 14:00:00;-1;0;60;20;30;0;-1;1;-1;-1;-1;-1;-1;-1;1;1;3;1;2;4;-1;0;0;0;0;0;0;0;0;0;0;0;0;0;1;1;0;0;-1;-1;0;0;-1;-1;-1;-1;-1;-1;-1;-1;-1;20;30;60;70;90;30;90;70;50;0;0;4.6;2.7;B68;AB;0.38;0.36;0.4;0.2;0.36;0.73;80;70;40;30;10;0;0;0;0;0;0;1154;27;Y;Y;Y;Y;N;N;Y
341557;5404;6877;2016;complete;2426;12;-1;1;;1;0;1;-1;-1;-1;-1;-1;-1;-1;-1;-1;-1;-1;-1;-1;-1;-1;-1;-1;-1;-1;-1;-1;0;0;0;0;0;0;0;0;0;0;0;0;0;0;0;0;0;0;0;0;0;0;0;0;0;0;0;0;0;0;0;0;0;0;0;0;0;0;0;0;0;0;0;0;0;0;0;0;0;0;0;0;0;0;0;0;0;0;0;0;0;0;0;0;0;0;0;0;1;1;0;0;0;0;1;2016-05-22 14:00:00;5404;0;59;25;25;0;-1;-1;-1;-1;-1;-1;-1;-1;-1;-1;-1;-1;-1;-1;-1;0;0;0;0;0;0;0;0;0;0;0;0;0;1;1;1;0;-1;-1;-1;-1;-1;-1;-1;-1;-1;-1;-1;-1;-1;25;33;42;67;92;42;83;67;34;0;0;4.63;2.67;KÍ;TB;2.33;0.47;2.17;0.33;2.09;0.82;75;67;59;33;9;0;0;0;0;0;0;1154;27;Y;N;N;N;N;N;N
341558;1211;985;2016;complete;2426;13;-1;69;;1;0;1;-1;-1;-1;-1;-1;1;1;0;0;-1;-1;-1;-1;-1;-1;-1;-1;-1;-1;1;1;0;0;0;0;0;0;0;0;0;0;0;0;0;0;0;0;0;0;0;0;0;0;0;0;0;0;0;0;0;0;0;0;0;0;0;0;0;0;0;0;0;0;0;0;0;0;0;0;0;0;0;0;0;0;0;0;0;0;0;0;0;0;0;0;0;0;0;0;1;0;0;1;0;1;0;2016-05-29 14:00:00;1211;0;47;23;23;0;-1;1;-1;-1;-1;-1;-1;-1;0;0;1;1;0;2;-1;0;0;0;0;0;0;0;0;0;0;0;0;0;1;1;0;0;-1;-1;0;0;-1;-1;-1;-1;-1;-1;-1;-1;-1;23;40;62;70;93;31;79;77;54;0;0;4.33;2.94;Víkingur;HB;2.57;1.46;2.5;1.43;2.08;1.5;77;61;38;30;7;0;0;0;0;0;0;1154;27;Y;N;N;N;N;N;N
341559;66;6872;2016;complete;2426;13;-1;82;70;1;1;2;-1;-1;-1;-1;-1;1;4;0;0;-1;-1;-1;-1;-1;-1;-1;-1;-1;-1;1;4;0;0;0;0;0;0;0;0;0;0;0;0;0;0;0;0;0;0;0;0;0;0;0;0;0;0;0;0;0;0;0;0;0;0;0;0;0;0;0;0;0;0;0;0;0;0;0;0;0;0;0;0;0;0;0;0;0;0;0;0;0;0;0;0;0;0;0;0;2;0;0;1;1;2;0;2016-05-29 14:00:00;-1;0;58;17;34;0;-1;1;-1;-1;-1;-1;-1;-1;0;2;1;2;2;3;-1;0;0;0;0;0;0;0;0;0;0;0;0;0;1;1;0;0;-1;-1;0;0;-1;-1;-1;-1;-1;-1;-1;-1;-1;25;50;58;75;83;34;75;75;50;0;0;3.83;2.92;B36;Skála;2.14;0.64;2.67;0.33;2;0.75;75;50;42;25;17;0;0;0;0;0;0;1154;27;Y;Y;N;N;N;N;Y
341560;6878;6877;2016;complete;2426;13;-1;41,52,73;5,39,68;3;3;6;-1;-1;-1;-1;-1;1;3;0;1;-1;-1;-1;-1;-1;-1;-1;-1;-1;-1;1;5;0;0;0;0;0;0;0;0;0;0;0;0;0;0;0;0;0;0;0;0;0;0;0;0;0;0;0;0;0;0;0;0;0;0;0;0;0;0;0;0;0;0;0;0;0;0;0;0;0;0;0;0;0;0;0;0;0;0;0;0;0;0;0;0;0;0;0;0;6;1;2;2;1;3;3;2016-05-29 14:00:00;-1;0;70;24;38;0;-1;1;-1;-1;-1;-1;-1;-1;0;1;1;3;1;4;-1;0;0;0;0;0;0;0;1;0;1;0;0;0;1;1;0;1;-1;-1;0;0;-1;-1;-1;-1;-1;-1;-1;-1;-1;31;48;63;79;93;40;93;79;55;0;0;4.33;3.2;B68;TB;0.38;0.47;0.5;0.29;0.42;0.75;69;52;37;22;7;0;0;0;0;0;0;1154;27;Y;Y;Y;Y;Y;Y;Y
341561;6875;6876;2016;complete;2426;13;-1;63,72;65,74,83;2;3;5;-1;-1;-1;-1;-1;0;0;1;0;-1;-1;-1;-1;-1;-1;-1;-1;-1;-1;2;0;0;0;0;0;0;0;0;0;0;0;0;0;0;0;0;0;0;0;0;0;0;0;0;0;0;0;0;0;0;0;0;0;0;0;0;0;0;0;0;0;0;0;0;0;0;0;0;0;0;0;0;0;0;0;0;0;0;0;0;0;0;0;0;0;0;0;0;0;5;0;0;2;3;5;0;2016-05-29 16:15:00;6876;0;82;37;62;0;-1;1;-1;-1;-1;-1;-1;-1;0;0;1;0;0;1;-1;0;0;0;0;0;0;0;0;1;0;1;0;0;1;1;0;0;-1;-1;0;0;-1;-1;-1;-1;-1;-1;-1;-1;-1;37;55;75;92;92;57;67;92;62;0;0;3.87;3.7;AB;ÍF;1;1.07;1.17;1.2;0.75;1.25;64;45;25;9;9;0;0;0;0;0;0;1154;27;Y;Y;Y;Y;Y;N;Y
341562;5404;5415;2016;complete;2426;13;-1;18,60,70,90;;4;0;4;-1;-1;-1;-1;-1;1;2;0;0;-1;-1;-1;-1;-1;-1;-1;-1;-1;-1;1;2;0;0;0;0;0;0;0;0;0;0;0;0;0;0;0;0;0;0;0;0;0;0;0;0;0;0;0;0;0;0;0;0;0;0;0;0;0;0;0;0;0;0;0;0;0;0;0;0;0;0;0;0;0;0;0;0;0;0;0;0;0;0;0;0;0;0;0;0;4;1;0;3;0;3;1;2016-06-05 14:00:00;5404;0;55;31;17;0;-1;1;-1;-1;-1;-1;-1;-1;1;1;0;1;2;1;-1;0;0;0;0;0;0;0;1;0;1;0;0;0;1;1;0;0;-1;-1;0;0;-1;-1;-1;-1;-1;-1;-1;-1;-1;24;48;56;79;100;55;77;79;41;0;0;3.63;3.23;KÍ;NSÍ;2.33;1.62;2.29;2;2.17;2;77;52;44;22;0;0;0;0;0;0;0;1154;27;Y;Y;Y;Y;N;N;N
341563;5404;1211;2016;complete;2426;14;-1;3,34;;2;0;2;-1;-1;-1;-1;-1;2;0;0;0;-1;-1;-1;-1;-1;-1;-1;-1;-1;-1;2;0;0;0;0;0;0;0;0;0;0;0;0;0;0;0;0;0;0;0;0;0;0;0;0;0;0;0;0;0;0;0;0;0;0;0;0;0;0;0;0;0;0;0;0;0;0;0;0;0;0;0;0;0;0;0;0;0;0;0;0;0;0;0;0;0;0;0;0;0;2;2;0;0;0;0;2;2016-06-12 14:00:00;5404;0;69;38;17;0;-1;1;-1;-1;-1;-1;-1;-1;1;0;1;0;1;1;-1;0;0;0;0;0;0;0;0;0;0;0;0;0;1;1;1;0;-1;-1;0;0;-1;-1;-1;-1;-1;-1;-1;-1;-1;7;61;61;82;100;44;86;82;46;0;0;4.33;3.09;KÍ;Víkingur;2.33;1.92;2.38;1.67;2.23;2.15;94;40;40;19;0;0;0;0;0;0;0;1154;27;Y;Y;N;N;N;N;N
341564;985;66;2016;complete;2426;14;-1;;;0;0;0;-1;-1;-1;-1;-1;2;1;0;0;-1;-1;-1;-1;-1;-1;-1;-1;-1;-1;2;1;0;0;0;0;0;0;0;0;0;0;0;0;0;0;0;0;0;0;0;0;0;0;0;0;0;0;0;0;0;0;0;0;0;0;0;0;0;0;0;0;0;0;0;0;0;0;0;0;0;0;0;0;0;0;0;0;0;0;0;0;0;0;0;0;0;0;0;0;0;0;0;0;0;0;0;2016-06-12 14:00:00;-1;0;55;27;29;0;-1;1;-1;-1;-1;-1;-1;-1;0;0;2;1;0;3;-1;0;0;0;0;0;0;0;0;0;0;0;0;0;1;1;0;0;-1;-1;0;0;-1;-1;-1;-1;-1;-1;-1;-1;-1;37;37;37;55;82;37;72;65;37;0;0;3.97;2.77;HB;B36;1.71;1.46;1.6;1.33;1.38;1.92;64;64;64;45;19;0;0;0;0;0;0;1154;27;N;N;N;N;N;N;N
341565;6876;6878;2016;complete;2426;14;-1;30,60,82,87;;4;0;4;-1;-1;-1;-1;-1;1;5;0;0;-1;-1;-1;-1;-1;-1;-1;-1;-1;-1;1;5;0;0;0;0;0;0;0;0;0;0;0;0;0;0;0;0;0;0;0;0;0;0;0;0;0;0;0;0;0;0;0;0;0;0;0;0;0;0;0;0;0;0;0;0;0;0;0;0;0;0;0;0;0;0;0;0;0;0;0;0;0;0;0;0;0;0;0;0;4;1;0;3;0;3;1;2016-06-12 14:00:00;6876;0;47;23;31;0;-1;1;-1;-1;-1;-1;-1;-1;0;1;1;4;1;5;-1;0;0;0;0;0;0;0;0;0;0;0;0;0;1;1;0;0;-1;-1;0;0;-1;-1;-1;-1;-1;-1;-1;-1;-1;16;54;54;69;85;40;61;77;62;0;0;3.71;2.84;ÍF;B68;1.31;0.14;1.29;0.33;1.38;0.46;85;47;47;31;16;0;0;0;0;0;0;1154;27;Y;Y;Y;Y;N;N;N
341566;6877;5415;2016;complete;2426;14;-1;22,44,88;83;3;1;4;-1;-1;-1;-1;-1;3;3;0;1;-1;-1;-1;-1;-1;-1;-1;-1;-1;-1;3;5;0;0;0;0;0;0;0;0;0;0;0;0;0;0;0;0;0;0;0;0;0;0;0;0;0;0;0;0;0;0;0;0;0;0;0;0;0;0;0;0;0;0;0;0;0;0;0;0;0;0;0;0;0;0;0;0;0;0;0;0;0;0;0;0;0;0;0;0;4;2;0;1;1;2;2;2016-06-12 14:00:00;6877;0;39;15;25;0;-1;1;-1;-1;-1;-1;-1;-1;1;1;2;3;2;5;-1;0;0;0;0;0;0;0;0;0;0;0;0;0;1;1;0;0;-1;-1;0;0;-1;-1;-1;-1;-1;-1;-1;-1;-1;15;36;63;70;90;39;66;70;46;0;0;3.2;2.87;TB;NSÍ;1.67;1.62;1.4;1.71;0.77;1.85;86;65;37;30;10;0;0;0;0;0;0;1154;27;Y;Y;Y;Y;N;N;Y
341567;6872;6875;2016;complete;2426;14;-1;77;;1;0;1;-1;-1;-1;-1;-1;2;1;0;0;-1;-1;-1;-1;-1;-1;-1;-1;-1;-1;2;1;0;0;0;0;0;0;0;0;0;0;0;0;0;0;0;0;0;0;0;0;0;0;0;0;0;0;0;0;0;0;0;0;0;0;0;0;0;0;0;0;0;0;0;0;0;0;0;0;0;0;0;0;0;0;0;0;0;0;0;0;0;0;0;0;0;0;0;0;1;0;0;1;0;1;0;2016-06-12 16:00:00;6872;0;42;9;34;0;-1;1;-1;-1;-1;-1;-1;-1;1;0;1;1;1;2;-1;0;0;0;0;0;0;0;0;0;0;0;0;0;1;1;0;0;-1;-1;0;0;-1;-1;-1;-1;-1;-1;-1;-1;-1;9;25;50;50;83;17;67;59;50;0;0;4.66;2.25;Skála;AB;1.31;0.36;1.17;0.33;0.77;0.69;92;75;50;50;17;0;0;0;0;0;0;1154;27;Y;N;N;N;N;N;N
341568;5415;1211;2016;complete;2426;15;-1;56,65,75,79;1,40;4;2;6;-1;-1;-1;-1;-1;3;3;0;0;-1;-1;-1;-1;-1;-1;-1;-1;-1;-1;3;3;0;0;0;0;0;0;0;0;0;0;0;0;0;0;0;0;0;0;0;0;0;0;0;0;0;0;0;0;0;0;0;0;0;0;0;0;0;0;0;0;0;0;0;0;0;0;0;0;0;0;0;0;0;0;0;0;0;0;0;0;0;0;0;0;0;0;0;0;6;0;2;4;0;4;2;2016-06-18 17:30:00;5415;0;77;30;40;0;-1;1;-1;-1;-1;-1;-1;-1;1;0;2;3;1;5;-1;0;0;0;0;0;0;0;0;0;0;0;0;0;1;1;0;1;-1;-1;1;0;-1;-1;-1;-1;-1;-1;-1;-1;-1;9;52;69;92;100;45;85;93;62;0;0;3.57;3.38;NSÍ;Víkingur;2.43;1.92;2;1.43;1.71;2;92;48;31;9;0;0;0;0;0;0;0;1154;27;Y;Y;Y;Y;Y;Y;Y
341569;6878;6872;2016;complete;2426;15;-1;39;69;1;1;2;-1;-1;-1;-1;-1;2;1;0;0;-1;-1;-1;-1;-1;-1;-1;-1;-1;-1;2;1;0;0;0;0;0;0;0;0;0;0;0;0;0;0;0;0;0;0;0;0;0;0;0;0;0;0;0;0;0;0;0;0;0;0;0;0;0;0;0;0;0;0;0;0;0;0;0;0;0;0;0;0;0;0;0;0;0;0;0;0;0;0;0;0;0;0;0;0;2;1;0;0;1;1;1;2016-06-19 14:00:00;-1;0;65;22;36;0;-1;1;-1;-1;-1;-1;-1;-1;0;0;2;1;0;3;-1;0;0;0;0;0;0;0;0;0;0;0;0;0;1;1;0;0;-1;-1;0;0;-1;-1;-1;-1;-1;-1;-1;-1;-1;29;50;58;86;93;36;79;86;57;0;0;4.86;3.22;B68;Skála;0.38;0.64;0.57;0.43;0.43;0.93;72;50;43;15;7;0;0;0;0;0;0;1154;27;Y;Y;N;N;N;N;Y
341570;6875;985;2016;complete;2426;15;-1;;59;0;1;1;-1;-1;-1;-1;-1;4;4;0;0;-1;-1;-1;-1;-1;-1;-1;-1;-1;-1;4;4;0;0;0;0;0;0;0;0;0;0;0;0;0;0;0;0;0;0;0;0;0;0;0;0;0;0;0;0;0;0;0;0;0;0;0;0;0;0;0;0;0;0;0;0;0;0;0;0;0;0;0;0;0;0;0;0;0;0;0;0;0;0;0;0;0;0;0;0;1;0;0;0;1;1;0;2016-06-19 14:00:00;985;0;62;27;56;0;-1;1;-1;-1;-1;-1;-1;-1;2;0;2;4;2;6;-1;0;0;0;0;0;0;0;0;0;0;0;0;0;1;1;0;0;-1;-1;0;0;-1;-1;-1;-1;-1;-1;-1;-1;-1;34;41;54;68;87;27;40;81;68;0;0;3.42;2.9;AB;HB;1;1.46;1;1.25;0.64;1.36;66;59;47;32;14;0;0;0;0;0;0;1154;27;Y;N;N;N;N;N;N
341571;6876;6877;2016;complete;2426;15;-1;34,71;27,90;2;2;4;-1;-1;-1;-1;-1;2;2;1;0;-1;-1;-1;-1;-1;-1;-1;-1;-1;-1;3;2;0;0;0;0;0;0;0;0;0;0;0;0;0;0;0;0;0;0;0;0;0;0;0;0;0;0;0;0;0;0;0;0;0;0;0;0;0;0;0;0;0;0;0;0;0;0;0;0;0;0;0;0;0;0;0;0;0;0;0;0;0;0;0;0;0;0;0;0;4;1;1;1;1;2;2;2016-06-19 14:00:00;-1;0;51;25;38;0;-1;1;-1;-1;-1;-1;-1;-1;0;1;3;1;1;4;-1;0;0;0;0;0;0;0;0;0;0;0;0;0;1;1;0;0;-1;-1;0;0;-1;-1;-1;-1;-1;-1;-1;-1;-1;26;51;57;69;88;32;82;69;57;0;0;3.92;3.07;ÍF;TB;1.31;0.47;1.5;0.38;1.5;0.93;76;51;44;32;13;0;0;0;0;0;0;1154;27;Y;Y;Y;Y;N;N;Y
341572;66;5404;2016;complete;2426;15;-1;;31;0;1;1;-1;-1;-1;-1;-1;1;1;0;0;-1;-1;-1;-1;-1;-1;-1;-1;-1;-1;1;1;0;0;0;0;0;0;0;0;0;0;0;0;0;0;0;0;0;0;0;0;0;0;0;0;0;0;0;0;0;0;0;0;0;0;0;0;0;0;0;0;0;0;0;0;0;0;0;0;0;0;0;0;0;0;0;0;0;0;0;0;0;0;0;0;0;0;0;0;1;0;1;0;0;0;1;2016-06-19 16:15:00;5404;0;63;25;49;0;-1;1;-1;-1;-1;-1;-1;-1;0;0;1;1;0;2;-1;0;0;0;0;0;0;0;0;0;0;0;0;0;1;1;0;0;-1;-1;0;0;-1;-1;-1;-1;-1;-1;-1;-1;-1;25;49;56;83;93;32;66;93;66;0;0;3.43;3.15;B36;KÍ;2.14;2.08;2.43;2;1.86;2.29;76;52;45;17;7;0;0;0;0;0;0;1154;27;Y;N;N;N;N;N;N
341573;5415;66;2016;complete;2426;16;-1;45,75;90;2;1;3;-1;-1;-1;-1;-1;2;0;1;0;-1;-1;-1;-1;-1;-1;-1;-1;-1;-1;3;0;0;0;0;0;0;0;0;0;0;0;0;0;0;0;0;0;0;0;0;0;0;0;0;0;0;0;0;0;0;0;0;0;0;0;0;0;0;0;0;0;0;0;0;0;0;0;0;0;0;0;0;0;0;0;0;0;0;0;0;0;0;0;0;0;0;0;0;0;3;1;0;1;1;2;1;2016-06-23 17:30:00;5415;0;57;22;29;0;-1;1;-1;-1;-1;-1;-1;-1;3;0;0;0;3;0;-1;0;0;0;0;0;0;0;1;0;1;0;0;0;1;1;0;0;-1;-1;0;0;-1;-1;-1;-1;-1;-1;-1;-1;-1;29;36;50;65;86;36;79;72;50;0;0;4.14;2.86;NSÍ;B36;2.43;1.46;2.14;1.29;1.8;1.73;71;64;50;36;15;0;0;0;0;0;0;1154;27;Y;Y;Y;N;N;N;Y
341574;985;6878;2016;complete;2426;16;-1;2,16,27,39,45,83;72;6;1;7;-1;-1;-1;-1;-1;0;0;1;2;-1;-1;-1;-1;-1;-1;-1;-1;-1;-1;2;4;0;0;0;0;0;0;0;0;0;0;0;0;0;0;0;0;0;0;0;0;0;0;0;0;0;0;0;0;0;0;0;0;0;0;0;0;0;0;0;0;0;0;0;0;0;0;0;0;0;0;0;0;0;0;0;0;0;0;0;0;0;0;0;0;0;0;0;0;7;5;0;1;1;2;5;2016-06-24 17:00:00;985;0;47;16;31;0;-1;1;-1;-1;-1;-1;-1;-1;0;1;1;1;1;2;-1;0;0;0;0;0;0;0;0;1;0;1;0;0;1;1;1;0;-1;-1;0;0;-1;-1;-1;-1;-1;-1;-1;-1;-1;24;45;45;61;77;38;54;77;52;0;0;4.26;2.77;HB;B68;1.71;0.14;1.5;0.29;1.47;0.47;77;55;55;40;24;0;0;0;0;0;0;1154;27;Y;Y;Y;Y;Y;Y;Y
341575;6872;6876;2016;complete;2426;16;-1;5;;1;0;1;-1;-1;-1;-1;-1;2;0;0;0;-1;-1;-1;-1;-1;-1;-1;-1;-1;-1;2;0;0;0;0;0;0;0;0;0;0;0;0;0;0;0;0;0;0;0;0;0;0;0;0;0;0;0;0;0;0;0;0;0;0;0;0;0;0;0;0;0;0;0;0;0;0;0;0;0;0;0;0;0;0;0;0;0;0;0;0;0;0;0;0;0;0;0;0;0;1;1;0;0;0;0;1;2016-06-24 17:30:00;6872;0;56;24;32;0;-1;1;-1;-1;-1;-1;-1;-1;0;0;2;0;0;2;-1;0;0;0;0;0;0;0;0;0;0;0;0;0;1;1;1;0;-1;-1;0;0;-1;-1;-1;-1;-1;-1;-1;-1;-1;32;48;72;72;93;48;63;86;47;0;0;4.12;3.4;Skála;ÍF;1.31;1.07;1.43;1.5;0.93;1.47;68;52;29;29;7;0;0;0;0;0;0;1154;27;Y;N;N;N;N;N;N
341576;6877;1211;2016;complete;2426;16;-1;;31,59;0;2;2;-1;-1;-1;-1;-1;3;2;0;0;-1;-1;-1;-1;-1;-1;-1;-1;-1;-1;3;2;0;0;0;0;0;0;0;0;0;0;0;0;0;0;0;0;0;0;0;0;0;0;0;0;0;0;0;0;0;0;0;0;0;0;0;0;0;0;0;0;0;0;0;0;0;0;0;0;0;0;0;0;0;0;0;0;0;0;0;0;0;0;0;0;0;0;0;0;2;0;1;0;1;1;1;2016-06-24 17:30:00;1211;0;61;19;29;0;-1;1;-1;-1;-1;-1;-1;-1;0;1;3;1;1;4;-1;0;0;0;0;0;0;0;0;0;0;0;0;0;1;1;0;0;-1;-1;0;0;-1;-1;-1;-1;-1;-1;-1;-1;-1;7;46;63;75;92;48;78;69;48;0;0;4.08;2.88;TB;Víkingur;1.67;1.92;1.67;1.25;0.93;1.87;94;54;38;25;9;0;0;0;0;0;0;1154;27;Y;Y;N;N;N;N;N
341577;5404;6875;2016;complete;2426;16;-1;11,32,38,50,90;77;5;1;6;-1;-1;-1;-1;-1;1;2;0;0;-1;-1;-1;-1;-1;-1;-1;-1;-1;-1;1;2;0;0;0;0;0;0;0;0;0;0;0;0;0;0;0;0;0;0;0;0;0;0;0;0;0;0;0;0;0;0;0;0;0;0;0;0;0;0;0;0;0;0;0;0;0;0;0;0;0;0;0;0;0;0;0;0;0;0;0;0;0;0;0;0;0;0;0;0;6;3;0;2;1;3;3;2016-06-24 18:00:00;5404;0;38;11;22;0;-1;1;-1;-1;-1;-1;-1;-1;1;0;0;2;1;2;-1;0;0;0;0;0;0;0;0;0;0;0;0;0;1;1;0;0;-1;-1;0;0;-1;-1;-1;-1;-1;-1;-1;-1;-1;6;24;38;55;93;22;80;57;33;0;0;4.57;2.15;KÍ;AB;2.33;0.36;2.44;0.29;2.33;0.6;95;77;62;45;7;0;0;0;0;0;0;1154;27;Y;Y;Y;Y;Y;Y;Y
341578;1211;6875;2016;complete;2426;17;-1;20,26,38;;3;0;3;-1;-1;-1;-1;-1;1;3;0;0;-1;-1;-1;-1;-1;-1;-1;-1;-1;-1;1;3;0;0;0;0;0;0;0;0;0;0;0;0;0;0;0;0;0;0;0;0;0;0;0;0;0;0;0;0;0;0;0;0;0;0;0;0;0;0;0;0;0;0;0;0;0;0;0;0;0;0;0;0;0;0;0;0;0;0;0;0;0;0;0;0;0;0;0;0;3;3;0;0;0;0;3;2016-07-24 14:00:00;1211;0;47;7;32;0;-1;1;-1;-1;-1;-1;-1;-1;0;1;1;2;1;3;-1;0;0;0;0;0;0;0;0;0;0;0;0;0;1;1;0;0;-1;-1;0;0;-1;-1;-1;-1;-1;-1;-1;-1;-1;14;34;54;61;94;21;81;75;47;0;0;4.42;2.62;Víkingur;AB;2.57;0.36;2.57;0.25;1.94;0.56;87;66;47;40;7;0;0;0;0;0;0;1154;27;Y;Y;Y;N;N;N;N
341579;985;6872;2016;complete;2426;17;-1;13;;1;0;1;-1;-1;-1;-1;-1;2;1;0;0;-1;-1;-1;-1;-1;-1;-1;-1;-1;-1;2;1;0;0;0;0;0;0;0;0;0;0;0;0;0;0;0;0;0;0;0;0;0;0;0;0;0;0;0;0;0;0;0;0;0;0;0;0;0;0;0;0;0;0;0;0;0;0;0;0;0;0;0;0;0;0;0;0;0;0;0;0;0;0;0;0;0;0;0;0;1;1;0;0;0;0;1;2016-07-24 14:00:00;985;0;54;7;34;0;-1;1;-1;-1;-1;-1;-1;-1;0;1;2;0;1;2;-1;0;0;0;0;0;0;0;0;0;0;0;0;0;1;1;0;0;-1;-1;0;0;-1;-1;-1;-1;-1;-1;-1;-1;-1;28;34;34;66;80;28;60;73;41;0;0;4.24;2.77;HB;Skála;1.71;0.64;1.71;0.5;1.56;1.06;73;66;66;34;21;0;0;0;0;0;0;1154;27;Y;N;N;N;N;N;N
341580;5415;6878;2016;complete;2426;17;-1;15,76;41;2;1;3;-1;-1;-1;-1;-1;3;2;0;0;-1;-1;-1;-1;-1;-1;-1;-1;-1;-1;3;2;0;0;0;0;0;0;0;0;0;0;0;0;0;0;0;0;0;0;0;0;0;0;0;0;0;0;0;0;0;0;0;0;0;0;0;0;0;0;0;0;0;0;0;0;0;0;0;0;0;0;0;0;0;0;0;0;0;0;0;0;0;0;0;0;0;0;0;0;3;1;1;1;0;1;2;2016-07-24 14:00:00;5415;0;63;13;44;0;-1;1;-1;-1;-1;-1;-1;-1;1;1;2;1;2;3;-1;0;0;0;0;0;0;0;0;0;0;0;0;0;1;1;0;0;-1;-1;0;0;-1;-1;-1;-1;-1;-1;-1;-1;-1;25;51;69;82;94;44;76;94;75;0;0;4.88;3.51;NSÍ;B68;2.43;0.14;2.25;0.25;1.88;0.44;75;51;32;19;7;0;0;0;0;0;0;1154;27;Y;Y;Y;N;N;N;Y
341581;6877;66;2016;complete;2426;17;-1;;25;0;1;1;-1;-1;-1;-1;-1;3;2;1;0;-1;-1;-1;-1;-1;-1;-1;-1;-1;-1;5;2;0;0;0;0;0;0;0;0;0;0;0;0;0;0;0;0;0;0;0;0;0;0;0;0;0;0;0;0;0;0;0;0;0;0;0;0;0;0;0;0;0;0;0;0;0;0;0;0;0;0;0;0;0;0;0;0;0;0;0;0;0;0;0;0;0;0;0;0;1;0;1;0;0;0;1;2016-07-24 14:00:00;66;0;40;13;27;0;-1;1;-1;-1;-1;-1;-1;-1;3;1;1;1;4;2;-1;0;0;0;0;0;0;0;0;0;0;0;0;0;1;1;0;0;-1;-1;0;0;-1;-1;-1;-1;-1;-1;-1;-1;-1;13;20;41;54;81;27;73;54;34;0;0;4.18;2.07;TB;B36;1.67;1.46;1.43;1.13;0.88;1.63;88;81;60;47;20;0;0;0;0;0;0;1154;27;Y;N;N;N;N;N;N
341582;5404;6876;2016;complete;2426;17;-1;20,90;14,47,58,75;2;4;6;-1;-1;-1;-1;-1;2;0;0;0;-1;-1;-1;-1;-1;-1;-1;-1;-1;-1;2;0;0;0;0;0;0;0;0;0;0;0;0;0;0;0;0;0;0;0;0;0;0;0;0;0;0;0;0;0;0;0;0;0;0;0;0;0;0;0;0;0;0;0;0;0;0;0;0;0;0;0;0;0;0;0;0;0;0;0;0;0;0;0;0;0;0;0;0;0;6;1;1;1;3;4;2;2016-07-24 14:00:00;6876;0;56;25;27;0;-1;1;-1;-1;-1;-1;-1;-1;1;0;1;0;1;1;-1;0;0;0;0;0;0;0;0;0;0;0;0;0;1;1;0;0;-1;-1;0;0;-1;-1;-1;-1;-1;-1;-1;-1;-1;32;49;63;78;100;54;88;73;37;0;0;3.82;3.4;KÍ;ÍF;2.33;1.07;2.5;1.29;2.38;1.38;69;52;37;22;0;0;0;0;0;0;0;1154;27;Y;Y;Y;Y;Y;Y;Y
341583;6875;5415;2016;complete;2426;18;-1;56;29,89;1;2;3;-1;-1;-1;-1;-1;0;2;0;0;-1;-1;-1;-1;-1;-1;-1;-1;-1;-1;0;2;0;0;0;0;0;0;0;0;0;0;0;0;0;0;0;0;0;0;0;0;0;0;0;0;0;0;0;0;0;0;0;0;0;0;0;0;0;0;0;0;0;0;0;0;0;0;0;0;0;0;0;0;0;0;0;0;0;0;0;0;0;0;0;0;0;0;0;0;3;0;1;1;1;2;1;2016-07-27 17:30:00;5415;0;69;25;57;0;-1;1;-1;-1;-1;-1;-1;-1;0;1;0;1;1;1;-1;0;0;0;0;0;0;0;0;0;0;0;0;0;1;1;0;0;-1;-1;0;0;-1;-1;-1;-1;-1;-1;-1;-1;-1;32;63;69;88;94;44;50;94;75;0;0;3.5;3.57;AB;NSÍ;1;1.62;0.88;1.5;0.53;1.94;69;38;32;13;7;0;0;0;0;0;0;1154;27;Y;Y;Y;N;N;N;Y
341584;985;6876;2016;complete;2426;18;-1;16;;1;0;1;-1;-1;-1;-1;-1;2;1;0;0;-1;-1;-1;-1;-1;-1;-1;-1;-1;-1;2;1;0;0;0;0;0;0;0;0;0;0;0;0;0;0;0;0;0;0;0;0;0;0;0;0;0;0;0;0;0;0;0;0;0;0;0;0;0;0;0;0;0;0;0;0;0;0;0;0;0;0;0;0;0;0;0;0;0;0;0;0;0;0;0;0;0;0;0;0;1;1;0;0;0;0;1;2016-07-28 18:00:00;985;0;63;26;44;0;-1;1;-1;-1;-1;-1;-1;-1;0;0;2;1;0;3;-1;0;0;0;0;0;0;0;0;0;0;0;0;0;1;1;0;0;-1;-1;0;0;-1;-1;-1;-1;-1;-1;-1;-1;-1;44;51;63;69;88;51;76;76;44;0;0;3.26;3.63;HB;ÍF;1.71;1.07;1.88;1.5;1.65;1.47;57;51;38;32;13;0;0;0;0;0;0;1154;27;Y;N;N;N;N;N;N
341585;66;1211;2016;complete;2426;18;-1;;51,65;0;2;2;-1;-1;-1;-1;-1;2;4;0;0;-1;-1;-1;-1;-1;-1;-1;-1;-1;-1;2;4;0;0;0;0;0;0;0;0;0;0;0;0;0;0;0;0;0;0;0;0;0;0;0;0;0;0;0;0;0;0;0;0;0;0;0;0;0;0;0;0;0;0;0;0;0;0;0;0;0;0;0;0;0;0;0;0;0;0;0;0;0;0;0;0;0;0;0;0;2;0;0;0;2;2;0;2016-07-29 15:00:00;1211;0;77;29;36;0;-1;1;-1;-1;-1;-1;-1;-1;0;2;2;2;2;4;-1;0;0;0;0;0;0;0;0;0;0;0;0;0;1;1;0;0;-1;-1;0;0;-1;-1;-1;-1;-1;-1;-1;-1;-1;18;59;65;88;94;47;82;82;60;0;0;3.16;3.28;B36;Víkingur;2.14;1.92;2.13;1.44;1.71;2;82;42;36;13;7;0;0;0;0;0;0;1154;27;Y;Y;N;N;N;N;N
341586;6878;5404;2016;complete;2426;18;-1;;30,68,80;0;3;3;-1;-1;-1;-1;-1;1;1;0;0;-1;-1;-1;-1;-1;-1;-1;-1;-1;-1;1;1;0;0;0;0;0;0;0;0;0;0;0;0;0;0;0;0;0;0;0;0;0;0;0;0;0;0;0;0;0;0;0;0;0;0;0;0;0;0;0;0;0;0;0;0;0;0;0;0;0;0;0;0;0;0;0;0;0;0;0;0;0;0;0;0;0;0;0;0;3;0;1;0;2;2;1;2016-07-31 14:00:00;5404;0;61;28;36;0;-1;1;-1;-1;-1;-1;-1;-1;0;1;1;0;1;1;-1;0;0;0;0;0;0;0;0;0;0;0;0;0;1;1;0;0;-1;-1;0;0;-1;-1;-1;-1;-1;-1;-1;-1;-1;28;48;54;84;100;34;84;92;57;0;0;4.08;3.28;B68;KÍ;0.38;2.08;0.63;2.17;0.41;2.24;73;53;46;17;0;0;0;0;0;0;0;1154;27;Y;Y;Y;N;N;N;N
341587;6872;6877;2016;complete;2426;18;-1;;74;0;1;1;-1;-1;-1;-1;-1;3;3;0;0;-1;-1;-1;-1;-1;-1;-1;-1;-1;-1;3;3;0;0;0;0;0;0;0;0;0;0;0;0;0;0;0;0;0;0;0;0;0;0;0;0;0;0;0;0;0;0;0;0;0;0;0;0;0;0;0;0;0;0;0;0;0;0;0;0;0;0;0;0;0;0;0;0;0;0;0;0;0;0;0;0;0;0;0;0;1;0;0;0;1;1;0;2016-07-31 14:00:00;6877;0;46;23;35;0;-1;1;-1;-1;-1;-1;-1;-1;0;2;3;1;2;4;-1;0;0;0;0;0;0;0;0;0;0;0;0;0;1;1;0;0;-1;-1;0;0;-1;-1;-1;-1;-1;-1;-1;-1;-1;23;35;47;53;89;35;70;65;47;0;0;4.5;2.62;Skála;TB;1.31;0.47;1.63;0.44;1;0.82;78;66;54;48;12;0;0;0;0;0;0;1154;27;Y;N;N;N;N;N;N
341588;5404;6872;2016;complete;2426;19;-1;1,67,77,87,90;;5;0;5;-1;-1;-1;-1;-1;1;0;0;0;-1;-1;-1;-1;-1;-1;-1;-1;-1;-1;1;0;0;0;0;0;0;0;0;0;0;0;0;0;0;0;0;0;0;0;0;0;0;0;0;0;0;0;0;0;0;0;0;0;0;0;0;0;0;0;0;0;0;0;0;0;0;0;0;0;0;0;0;0;0;0;0;0;0;0;0;0;0;0;0;0;0;0;0;0;5;1;0;4;0;4;1;2016-08-05 17:00:00;5404;0;45;14;20;0;-1;1;-1;-1;-1;-1;-1;-1;1;0;0;0;1;0;-1;0;0;0;0;0;0;0;0;0;0;0;0;0;1;1;1;0;-1;-1;1;0;-1;-1;-1;-1;-1;-1;-1;-1;-1;19;34;34;70;95;33;79;66;35;0;0;4.44;2.6;KÍ;Skála;2.33;0.64;2.27;0.44;2.28;0.94;81;67;67;30;6;0;0;0;0;0;0;1154;27;Y;Y;Y;Y;Y;N;N
341589;5415;6876;2016;complete;2426;19;-1;11,16,21,33,66,78,89;79;7;1;8;-1;-1;-1;-1;-1;0;2;0;1;-1;-1;-1;-1;-1;-1;-1;-1;-1;-1;0;4;0;0;0;0;0;0;0;0;0;0;0;0;0;0;0;0;0;0;0;0;0;0;0;0;0;0;0;0;0;0;0;0;0;0;0;0;0;0;0;0;0;0;0;0;0;0;0;0;0;0;0;0;0;0;0;0;0;0;0;0;0;0;0;0;0;0;0;0;8;4;0;3;1;4;4;2016-08-07 14:00:00;5415;0;73;28;44;0;-1;1;-1;-1;-1;-1;-1;-1;0;2;0;1;2;1;-1;0;0;0;0;0;0;0;0;0;0;0;0;0;1;1;0;0;-1;-1;0;0;-1;-1;-1;-1;-1;-1;-1;-1;-1;33;45;78;84;100;50;89;89;56;0;0;3.66;3.73;NSÍ;ÍF;2.43;1.07;2.33;1.33;2;1.39;67;56;22;17;0;0;0;0;0;0;0;1154;27;Y;Y;Y;Y;Y;Y;Y
341590;66;6875;2016;complete;2426;19;-1;36,63;19;2;1;3;-1;-1;-1;-1;-1;4;4;1;0;-1;-1;-1;-1;-1;-1;-1;-1;-1;-1;5;4;0;0;0;0;0;0;0;0;0;0;0;0;0;0;0;0;0;0;0;0;0;0;0;0;0;0;0;0;0;0;0;0;0;0;0;0;0;0;0;0;0;0;0;0;0;0;0;0;0;0;0;0;0;0;0;0;0;0;0;0;0;0;0;0;0;0;0;0;3;1;1;1;0;1;2;2016-08-07 14:00:00;66;0;56;11;44;0;-1;1;-1;-1;-1;-1;-1;-1;3;1;2;3;4;5;-1;0;0;0;0;0;0;0;0;0;0;0;0;0;1;1;0;0;-1;-1;0;0;-1;-1;-1;-1;-1;-1;-1;-1;-1;17;33;56;67;89;28;73;67;56;0;0;3.66;2.67;B36;AB;2.14;0.36;1.89;0.22;1.61;0.5;84;67;44;33;11;0;0;0;0;0;0;1154;27;Y;Y;Y;N;N;N;Y
341591;1211;6878;2016;complete;2426;19;-1;25,32,52,56,77;90;5;1;6;-1;-1;-1;-1;-1;0;2;0;0;-1;-1;-1;-1;-1;-1;-1;-1;-1;-1;0;2;0;0;0;0;0;0;0;0;0;0;0;0;0;0;0;0;0;0;0;0;0;0;0;0;0;0;0;0;0;0;0;0;0;0;0;0;0;0;0;0;0;0;0;0;0;0;0;0;0;0;0;0;0;0;0;0;0;0;0;0;0;0;0;0;0;0;0;0;6;2;0;3;1;4;2;2016-08-07 15:00:00;1211;0;47;18;23;0;-1;1;-1;-1;-1;-1;-1;-1;0;1;0;1;1;1;-1;0;0;0;0;0;0;0;1;1;1;1;0;0;1;1;0;0;-1;-1;0;0;-1;-1;-1;-1;-1;-1;-1;-1;-1;18;47;65;77;95;47;78;82;53;0;0;4.69;3.11;Víkingur;B68;2.57;0.14;2.63;0.22;2.06;0.39;83;54;36;24;6;0;0;0;0;0;0;1154;27;Y;Y;Y;Y;Y;Y;Y
341592;985;6877;2016;complete;2426;19;-1;14,59,70,80;86;4;1;5;-1;-1;-1;-1;-1;0;1;0;0;-1;-1;-1;-1;-1;-1;-1;-1;-1;-1;0;1;0;0;0;0;0;0;0;0;0;0;0;0;0;0;0;0;0;0;0;0;0;0;0;0;0;0;0;0;0;0;0;0;0;0;0;0;0;0;0;0;0;0;0;0;0;0;0;0;0;0;0;0;0;0;0;0;0;0;0;0;0;0;0;0;0;0;0;0;5;1;0;3;1;4;1;2016-08-07 16:30:00;985;0;52;21;42;0;-1;1;-1;-1;-1;-1;-1;-1;0;0;0;1;0;1;-1;0;0;0;0;0;0;0;0;1;0;1;0;0;1;1;0;0;-1;-1;0;0;-1;-1;-1;-1;-1;-1;-1;-1;-1;32;37;42;52;84;37;74;63;42;0;0;4.22;2.84;HB;TB;1.71;0.47;2;0.7;1.72;0.94;69;64;59;48;16;0;0;0;0;0;0;1154;27;Y;Y;Y;Y;Y;N;Y
341593;6876;1211;2016;complete;2426;20;-1;85;4,17,82;1;3;4;-1;-1;-1;-1;-1;3;2;1;0;-1;-1;-1;-1;-1;-1;-1;-1;-1;-1;4;2;0;0;0;0;0;0;0;0;0;0;0;0;0;0;0;0;0;0;0;0;0;0;0;0;0;0;0;0;0;0;0;0;0;0;0;0;0;0;0;0;0;0;0;0;0;0;0;0;0;0;0;0;0;0;0;0;0;0;0;0;0;0;0;0;0;0;0;0;4;0;2;1;1;2;2;2016-08-12 17:30:00;1211;0;57;32;27;0;-1;1;-1;-1;-1;-1;-1;-1;3;1;1;1;4;2;-1;0;0;0;0;0;0;0;0;1;0;1;0;0;1;1;0;1;-1;-1;1;0;-1;-1;-1;-1;-1;-1;-1;-1;-1;11;64;64;89;95;42;79;84;64;0;0;3.78;3.31;ÍF;Víkingur;1.31;1.92;1.44;1.6;1.32;2.11;90;37;37;11;6;0;0;0;0;0;0;1154;27;Y;Y;Y;Y;N;N;Y
341594;6872;5415;2016;complete;2426;20;-1;;71,87;0;2;2;-1;-1;-1;-1;-1;1;2;0;0;-1;-1;-1;-1;-1;-1;-1;-1;-1;-1;1;2;0;0;0;0;0;0;0;0;0;0;0;0;0;0;0;0;0;0;0;0;0;0;0;0;0;0;0;0;0;0;0;0;0;0;0;0;0;0;0;0;0;0;0;0;0;0;0;0;0;0;0;0;0;0;0;0;0;0;0;0;0;0;0;0;0;0;0;0;2;0;0;0;2;2;0;2016-08-14 14:00:00;5415;0;45;17;28;0;-1;1;-1;-1;-1;-1;-1;-1;0;1;1;1;1;2;-1;0;0;0;0;0;0;0;0;1;0;1;0;0;1;1;0;0;-1;-1;0;0;-1;-1;-1;-1;-1;-1;-1;-1;-1;17;45;61;67;95;39;61;84;56;0;0;3.89;3;Skála;NSÍ;1.31;1.62;1.44;1.67;0.89;2.05;84;56;39;34;6;0;0;0;0;0;0;1154;27;Y;Y;N;N;N;N;N
341595;6878;66;2016;complete;2426;20;-1;;25;0;1;1;-1;-1;-1;-1;-1;0;4;0;0;-1;-1;-1;-1;-1;-1;-1;-1;-1;-1;0;4;0;0;0;0;0;0;0;0;0;0;0;0;0;0;0;0;0;0;0;0;0;0;0;0;0;0;0;0;0;0;0;0;0;0;0;0;0;0;0;0;0;0;0;0;0;0;0;0;0;0;0;0;0;0;0;0;0;0;0;0;0;0;0;0;0;0;0;0;1;0;1;0;0;0;1;2016-08-14 14:00:00;66;0;61;28;28;0;-1;1;-1;-1;-1;-1;-1;-1;0;2;0;2;2;2;-1;0;0;0;0;0;0;0;0;0;0;0;0;0;1;1;0;0;-1;-1;0;0;-1;-1;-1;-1;-1;-1;-1;-1;-1;28;39;56;72;89;33;89;72;50;0;0;3.89;2.89;B68;B36;0.38;1.46;0.56;1.33;0.37;1.68;73;61;45;28;11;0;0;0;0;0;0;1154;27;Y;N;N;N;N;N;N
341596;6877;6875;2016;complete;2426;20;-1;18,30;24;2;1;3;-1;-1;-1;-1;-1;2;2;0;0;-1;-1;-1;-1;-1;-1;-1;-1;-1;-1;2;2;0;0;0;0;0;0;0;0;0;0;0;0;0;0;0;0;0;0;0;0;0;0;0;0;0;0;0;0;0;0;0;0;0;0;0;0;0;0;0;0;0;0;0;0;0;0;0;0;0;0;0;0;0;0;0;0;0;0;0;0;0;0;0;0;0;0;0;0;3;2;1;0;0;0;3;2016-08-14 14:00:00;6877;0;38;5;33;0;-1;1;-1;-1;-1;-1;-1;-1;0;0;2;2;0;4;-1;0;0;0;0;0;0;0;0;0;0;0;0;0;1;1;0;0;-1;-1;0;0;-1;-1;-1;-1;-1;-1;-1;-1;-1;5;17;49;55;89;28;78;55;33;0;0;5.15;2.19;TB;AB;1.67;0.36;1.25;0.2;0.89;0.47;95;84;52;45;12;0;0;0;0;0;0;1154;27;Y;Y;Y;N;N;N;Y
341597;985;5404;2016;complete;2426;20;-1;5,61;25,80,87;2;3;5;-1;-1;-1;-1;-1;3;2;0;0;-1;-1;-1;-1;-1;-1;-1;-1;-1;-1;3;2;0;0;0;0;0;0;0;0;0;0;0;0;0;0;0;0;0;0;0;0;0;0;0;0;0;0;0;0;0;0;0;0;0;0;0;0;0;0;0;0;0;0;0;0;0;0;0;0;0;0;0;0;0;0;0;0;0;0;0;0;0;0;0;0;0;0;0;0;5;1;1;1;2;3;2;2016-08-14 14:00:00;5404;0;40;12;35;0;-1;1;-1;-1;-1;-1;-1;-1;1;1;2;1;2;3;-1;0;0;0;0;0;0;0;0;1;0;1;0;0;1;1;1;0;-1;-1;0;0;-1;-1;-1;-1;-1;-1;-1;-1;-1;27;35;42;61;90;22;71;73;49;0;0;3.41;2.86;HB;KÍ;1.71;2.08;2.1;2.29;1.79;2.32;73;66;59;40;10;0;0;0;0;0;0;1154;27;Y;Y;Y;Y;Y;N;Y
341598;5404;6877;2016;complete;2426;21;-1;14,17,64,70;;4;0;4;-1;-1;-1;-1;-1;2;1;0;0;-1;-1;-1;-1;-1;-1;-1;-1;-1;-1;2;1;0;0;0;0;0;0;0;0;0;0;0;0;0;0;0;0;0;0;0;0;0;0;0;0;0;0;0;0;0;0;0;0;0;0;0;0;0;0;0;0;0;0;0;0;0;0;0;0;0;0;0;0;0;0;0;0;0;0;0;0;0;0;0;0;0;0;0;0;4;2;0;2;0;2;2;2016-08-21 14:00:00;5404;0;53;26;36;0;-1;1;-1;-1;-1;-1;-1;-1;1;1;1;0;2;1;-1;0;0;0;0;0;0;0;0;0;0;0;0;0;1;1;0;0;-1;-1;0;0;-1;-1;-1;-1;-1;-1;-1;-1;-1;35;48;53;70;96;43;87;70;49;0;0;4.3;3.17;KÍ;TB;2.33;0.47;2.33;0.64;2.35;1;66;53;48;31;5;0;0;0;0;0;0;1154;27;Y;Y;Y;Y;N;N;N
341599;1211;6872;2016;complete;2426;21;-1;11,28,63,85;;4;0;4;-1;-1;-1;-1;-1;1;1;0;0;-1;-1;-1;-1;-1;-1;-1;-1;-1;-1;1;1;0;0;0;0;0;0;0;0;0;0;0;0;0;0;0;0;0;0;0;0;0;0;0;0;0;0;0;0;0;0;0;0;0;0;0;0;0;0;0;0;0;0;0;0;0;0;0;0;0;0;0;0;0;0;0;0;0;0;0;0;0;0;0;0;0;0;0;0;4;2;0;2;0;2;2;2016-08-21 14:00:00;1211;0;42;6;21;0;-1;1;-1;-1;-1;-1;-1;-1;0;0;1;1;0;2;-1;0;0;0;0;0;0;0;0;0;0;0;0;0;1;1;0;0;-1;-1;0;0;-1;-1;-1;-1;-1;-1;-1;-1;-1;21;37;49;74;95;27;80;74;42;0;0;3.89;2.81;Víkingur;Skála;2.57;0.64;2.67;0.4;2.15;0.85;79;63;52;26;5;0;0;0;0;0;0;1154;27;Y;Y;Y;Y;N;N;N
341600;5415;985;2016;complete;2426;21;-1;;;0;0;0;-1;-1;-1;-1;-1;2;2;0;0;-1;-1;-1;-1;-1;-1;-1;-1;-1;-1;2;2;0;0;0;0;0;0;0;0;0;0;0;0;0;0;0;0;0;0;0;0;0;0;0;0;0;0;0;0;0;0;0;0;0;0;0;0;0;0;0;0;0;0;0;0;0;0;0;0;0;0;0;0;0;0;0;0;0;0;0;0;0;0;0;0;0;0;0;0;0;0;0;0;0;0;0;2016-08-21 14:00:00;-1;0;57;21;36;0;-1;1;-1;-1;-1;-1;-1;-1;1;0;1;2;1;3;-1;0;0;0;0;0;0;0;0;0;0;0;0;0;1;1;0;0;-1;-1;0;0;-1;-1;-1;-1;-1;-1;-1;-1;-1;26;31;62;67;95;36;67;89;57;0;0;4.1;3.17;NSÍ;HB;2.43;1.46;2.4;1.44;2.1;1.7;74;69;38;33;6;0;0;0;0;0;0;1154;27;N;N;N;N;N;N;N
341601;66;6876;2016;complete;2426;21;-1;46,53,58,77;90;4;1;5;-1;-1;-1;-1;-1;2;1;0;0;-1;-1;-1;-1;-1;-1;-1;-1;-1;-1;2;1;0;0;0;0;0;0;0;0;0;0;0;0;0;0;0;0;0;0;0;0;0;0;0;0;0;0;0;0;0;0;0;0;0;0;0;0;0;0;0;0;0;0;0;0;0;0;0;0;0;0;0;0;0;0;0;0;0;0;0;0;0;0;0;0;0;0;0;0;5;0;0;4;1;5;0;2016-08-21 14:00:00;66;0;70;30;45;0;-1;1;-1;-1;-1;-1;-1;-1;2;0;0;1;2;1;-1;0;0;0;0;0;0;0;0;0;0;0;0;0;1;1;0;0;-1;-1;0;0;-1;-1;-1;-1;-1;-1;-1;-1;-1;35;50;70;80;95;50;80;80;55;0;0;3.4;3.6;B36;ÍF;2.14;1.07;2;1.2;1.75;1.25;65;50;30;20;5;0;0;0;0;0;0;1154;27;Y;Y;Y;Y;Y;N;Y
341602;6875;6878;2016;complete;2426;21;-1;25,29,43,90,90;;5;0;5;-1;-1;-1;-1;-1;1;3;0;0;-1;-1;-1;-1;-1;-1;-1;-1;-1;-1;1;3;0;0;0;0;0;0;0;0;0;0;0;0;0;0;0;0;0;0;0;0;0;0;0;0;0;0;0;0;0;0;0;0;0;0;0;0;0;0;0;0;0;0;0;0;0;0;0;0;0;0;0;0;0;0;0;0;0;0;0;0;0;0;0;0;0;0;0;0;5;3;0;2;0;2;3;2016-08-21 16:15:00;6875;0;69;21;59;0;-1;1;-1;-1;-1;-1;-1;-1;0;2;1;1;2;2;-1;0;0;0;0;0;0;0;0;0;0;0;0;0;1;1;0;0;-1;-1;0;0;-1;-1;-1;-1;-1;-1;-1;-1;-1;32;52;63;79;90;41;52;90;74;0;0;4.28;3.3;AB;B68;1;0.14;0.78;0.2;0.45;0.35;69;48;37;21;11;0;0;0;0;0;0;1154;27;Y;Y;Y;Y;Y;N;N
341603;985;1211;2016;complete;2426;22;-1;;60;0;1;1;-1;-1;-1;-1;-1;3;1;0;0;-1;-1;-1;-1;-1;-1;-1;-1;-1;-1;3;1;0;0;0;0;0;0;0;0;0;0;0;0;0;0;0;0;0;0;0;0;0;0;0;0;0;0;0;0;0;0;0;0;0;0;0;0;0;0;0;0;0;0;0;0;0;0;0;0;0;0;0;0;0;0;0;0;0;0;0;0;0;0;0;0;0;0;0;0;1;0;0;0;1;1;0;2016-09-11 14:00:00;1211;0;64;23;36;0;-1;1;-1;-1;-1;-1;-1;-1;1;1;2;0;2;2;-1;0;0;0;0;0;0;0;0;0;0;0;0;0;1;1;0;0;-1;-1;0;0;-1;-1;-1;-1;-1;-1;-1;-1;-1;27;55;55;78;91;46;78;78;55;0;0;3.82;3.32;HB;Víkingur;1.71;1.92;1.91;1.73;1.67;2.19;73;46;46;23;9;0;0;0;0;0;0;1154;27;Y;N;N;N;N;N;N
341604;6876;6875;2016;complete;2426;22;-1;70,90;;2;0;2;-1;-1;-1;-1;-1;2;2;0;0;-1;-1;-1;-1;-1;-1;-1;-1;-1;-1;2;2;0;0;0;0;0;0;0;0;0;0;0;0;0;0;0;0;0;0;0;0;0;0;0;0;0;0;0;0;0;0;0;0;0;0;0;0;0;0;0;0;0;0;0;0;0;0;0;0;0;0;0;0;0;0;0;0;0;0;0;0;0;0;0;0;0;0;0;0;2;0;0;2;0;2;0;2016-09-11 14:00:00;6876;0;53;24;38;0;-1;1;-1;-1;-1;-1;-1;-1;1;2;1;0;3;1;-1;0;0;0;0;0;0;0;0;0;0;0;0;0;1;1;0;0;-1;-1;0;0;-1;-1;-1;-1;-1;-1;-1;-1;-1;10;44;67;72;91;38;81;68;53;0;0;4.36;2.93;ÍF;AB;1.31;0.36;1.3;0.18;1.19;0.57;91;56;33;28;10;0;0;0;0;0;0;1154;27;Y;Y;N;N;N;N;N
341605;6877;6878;2016;complete;2426;22;-1;47,49,60,66;10;4;1;5;-1;-1;-1;-1;-1;1;0;0;0;-1;-1;-1;-1;-1;-1;-1;-1;-1;-1;1;0;0;0;0;0;0;0;0;0;0;0;0;0;0;0;0;0;0;0;0;0;0;0;0;0;0;0;0;0;0;0;0;0;0;0;0;0;0;0;0;0;0;0;0;0;0;0;0;0;0;0;0;0;0;0;0;0;0;0;0;0;0;0;0;0;0;0;0;0;5;0;1;4;0;4;1;2016-09-11 14:00:00;6877;0;44;15;29;0;-1;1;-1;-1;-1;-1;-1;-1;1;0;0;0;1;0;-1;0;0;0;0;0;0;0;0;0;0;0;0;0;1;1;0;1;-1;-1;0;0;-1;-1;-1;-1;-1;-1;-1;-1;-1;18;38;59;69;90;49;76;68;48;0;0;5.22;2.87;TB;B68;1.67;0.14;1.44;0.18;0.95;0.33;82;63;42;31;10;0;0;0;0;0;0;1154;27;Y;Y;Y;Y;Y;N;Y
341606;5415;5404;2016;complete;2426;22;-1;48,64;;2;0;2;-1;-1;-1;-1;-1;2;2;0;0;-1;-1;-1;-1;-1;-1;-1;-1;-1;-1;2;2;0;0;0;0;0;0;0;0;0;0;0;0;0;0;0;0;0;0;0;0;0;0;0;0;0;0;0;0;0;0;0;0;0;0;0;0;0;0;0;0;0;0;0;0;0;0;0;0;0;0;0;0;0;0;0;0;0;0;0;0;0;0;0;0;0;0;0;0;2;0;0;2;0;2;0;2016-09-11 14:00:00;5415;0;56;22;42;0;-1;1;-1;-1;-1;-1;-1;-1;1;2;1;0;3;1;-1;0;0;0;0;0;0;0;0;0;0;0;0;0;1;1;0;0;-1;-1;0;1;-1;-1;-1;-1;-1;-1;-1;-1;-1;26;37;62;79;96;35;79;90;64;0;0;3.84;3.32;NSÍ;KÍ;2.43;2.08;2.27;2.38;2.05;2.38;74;64;39;22;5;0;0;0;0;0;0;1154;27;Y;Y;N;N;N;N;N
341607;6872;66;2016;complete;2426;22;-1;;4,57;0;2;2;-1;-1;-1;-1;-1;3;2;0;0;-1;-1;-1;-1;-1;-1;-1;-1;-1;-1;3;2;0;0;0;0;0;0;0;0;0;0;0;0;0;0;0;0;0;0;0;0;0;0;0;0;0;0;0;0;0;0;0;0;0;0;0;0;0;0;0;0;0;0;0;0;0;0;0;0;0;0;0;0;0;0;0;0;0;0;0;0;0;0;0;0;0;0;0;0;2;0;1;0;1;1;1;2016-09-11 14:00:00;66;0;30;15;15;0;-1;1;-1;-1;-1;-1;-1;-1;0;0;3;2;0;5;-1;0;0;0;0;0;0;0;0;0;0;0;0;0;1;1;0;1;-1;-1;0;0;-1;-1;-1;-1;-1;-1;-1;-1;-1;15;20;30;40;85;20;60;55;35;0;0;4.2;1.95;Skála;B36;1.31;1.46;1.3;1.5;0.81;1.81;85;80;70;60;15;0;0;0;0;0;0;1154;27;Y;Y;N;N;N;N;N
341608;5415;6877;2016;complete;2426;23;-1;45,67;31;2;1;3;-1;-1;-1;-1;-1;0;1;0;0;-1;-1;-1;-1;-1;-1;-1;-1;-1;-1;0;1;0;0;0;0;0;0;0;0;0;0;0;0;0;0;0;0;0;0;0;0;0;0;0;0;0;0;0;0;0;0;0;0;0;0;0;0;0;0;0;0;0;0;0;0;0;0;0;0;0;0;0;0;0;0;0;0;0;0;0;0;0;0;0;0;0;0;0;0;3;1;1;1;0;1;2;2016-09-18 14:00:00;5415;0;63;21;46;0;-1;1;-1;-1;-1;-1;-1;-1;0;0;0;1;0;1;-1;0;0;0;0;0;0;0;0;0;0;0;0;0;1;1;0;0;-1;-1;0;0;-1;-1;-1;-1;-1;-1;-1;-1;-1;29;42;63;75;92;42;79;84;63;0;0;4.17;3.34;NSÍ;TB;2.43;0.47;2.33;0.58;2.09;1.05;71;59;38;25;8;0;0;0;0;0;0;1154;27;Y;Y;Y;N;N;N;Y
341609;66;985;2016;complete;2426;23;-1;23,49;27,41;2;2;4;-1;-1;-1;-1;-1;0;2;0;0;-1;-1;-1;-1;-1;-1;-1;-1;-1;-1;0;2;0;0;0;0;0;0;0;0;0;0;0;0;0;0;0;0;0;0;0;0;0;0;0;0;0;0;0;0;0;0;0;0;0;0;0;0;0;0;0;0;0;0;0;0;0;0;0;0;0;0;0;0;0;0;0;0;0;0;0;0;0;0;0;0;0;0;0;0;4;1;2;1;0;1;3;2016-09-18 14:00:00;-1;0;52;24;33;0;-1;1;-1;-1;-1;-1;-1;-1;0;2;0;0;2;0;-1;0;0;0;0;0;0;0;0;0;0;0;0;0;1;1;0;0;-1;-1;0;1;-1;-1;-1;-1;-1;-1;-1;-1;-1;24;33;52;61;86;28;52;76;52;0;0;3.82;2.6;B36;HB;2.14;1.46;2.09;1.4;1.86;1.59;77;68;48;39;15;0;0;0;0;0;0;1154;27;Y;Y;Y;Y;N;N;Y
341610;6878;6876;2016;complete;2426;23;-1;;8,87;0;2;2;-1;-1;-1;-1;-1;2;0;0;0;-1;-1;-1;-1;-1;-1;-1;-1;-1;-1;2;0;0;0;0;0;0;0;0;0;0;0;0;0;0;0;0;0;0;0;0;0;0;0;0;0;0;0;0;0;0;0;0;0;0;0;0;0;0;0;0;0;0;0;0;0;0;0;0;0;0;0;0;0;0;0;0;0;0;0;0;0;0;0;0;0;0;0;0;0;2;0;1;0;1;1;1;2016-09-18 14:00:00;6876;0;72;29;43;0;-1;1;-1;-1;-1;-1;-1;-1;0;0;2;0;0;2;-1;0;0;0;0;0;0;0;0;0;0;0;0;0;1;1;0;1;-1;-1;0;0;-1;-1;-1;-1;-1;-1;-1;-1;-1;43;57;76;86;100;48;91;86;58;0;0;3.45;3.93;B68;ÍF;0.38;1.07;0.5;1.09;0.32;1.27;58;43;24;14;0;0;0;0;0;0;0;1154;27;Y;Y;N;N;N;N;N
341611;1211;5404;2016;complete;2426;23;-1;31;74,89;1;2;3;-1;-1;-1;-1;-1;3;3;0;0;-1;-1;-1;-1;-1;-1;-1;-1;-1;-1;3;3;0;0;0;0;0;0;0;0;0;0;0;0;0;0;0;0;0;0;0;0;0;0;0;0;0;0;0;0;0;0;0;0;0;0;0;0;0;0;0;0;0;0;0;0;0;0;0;0;0;0;0;0;0;0;0;0;0;0;0;0;0;0;0;0;0;0;0;0;3;1;0;0;2;2;1;2016-09-18 14:00:00;5404;0;37;16;27;0;-1;1;-1;-1;-1;-1;-1;-1;1;1;2;2;2;4;-1;0;0;0;0;0;0;0;0;0;0;0;0;0;1;1;0;0;-1;-1;0;0;-1;-1;-1;-1;-1;-1;-1;-1;-1;21;42;57;79;100;36;79;85;59;0;0;3.58;3.1;Víkingur;KÍ;2.57;2.08;2.7;2.11;2.23;2.27;79;59;43;21;0;0;0;0;0;0;0;1154;27;Y;Y;Y;N;N;N;Y
341612;6875;6872;2016;complete;2426;23;-1;;80,87;0;2;2;-1;-1;-1;-1;-1;1;1;0;1;-1;-1;-1;-1;-1;-1;-1;-1;-1;-1;1;2;0;0;0;0;0;0;0;0;0;0;0;0;0;0;0;0;0;0;0;0;0;0;0;0;0;0;0;0;0;0;0;0;0;0;0;0;0;0;0;0;0;0;0;0;0;0;0;0;0;0;0;0;0;0;0;0;0;0;0;0;0;0;0;0;0;0;0;0;2;0;0;0;2;2;0;2016-09-18 16:15:00;6872;0;53;10;44;0;-1;1;-1;-1;-1;-1;-1;-1;1;1;0;1;2;1;-1;0;0;0;0;0;0;0;0;0;0;0;0;0;1;1;0;0;-1;-1;0;0;-1;-1;-1;-1;-1;-1;-1;-1;-1;29;43;48;77;91;24;57;82;63;0;0;3.61;2.88;AB;Skála;1;0.64;1;0.36;0.55;0.77;71;57;52;24;10;0;0;0;0;0;0;1154;27;Y;Y;N;N;N;N;N
341613;985;6875;2016;complete;2426;24;-1;67;78,88;1;2;3;-1;-1;-1;-1;-1;2;3;2;0;-1;-1;-1;-1;-1;-1;-1;-1;-1;-1;6;3;0;0;0;0;0;0;0;0;0;0;0;0;0;0;0;0;0;0;0;0;0;0;0;0;0;0;0;0;0;0;0;0;0;0;0;0;0;0;0;0;0;0;0;0;0;0;0;0;0;0;0;0;0;0;0;0;0;0;0;0;0;0;0;0;0;0;0;0;3;0;0;1;2;3;0;2016-09-25 14:00:00;6875;0;50;17;38;0;-1;1;-1;-1;-1;-1;-1;-1;0;0;4;3;0;7;-1;0;0;0;0;0;0;0;0;0;0;0;0;0;1;1;0;0;-1;-1;0;0;-1;-1;-1;-1;-1;-1;-1;-1;-1;25;30;50;59;88;33;71;63;42;0;0;4.25;2.75;HB;AB;1.71;0.36;1.75;0.17;1.57;0.52;75;71;50;42;13;0;0;0;0;0;0;1154;27;Y;Y;Y;N;N;N;Y
341614;1211;5415;2016;complete;2426;24;-1;29,61;;2;0;2;-1;-1;-1;-1;-1;3;3;0;0;-1;-1;-1;-1;-1;-1;-1;-1;-1;-1;3;3;0;0;0;0;0;0;0;0;0;0;0;0;0;0;0;0;0;0;0;0;0;0;0;0;0;0;0;0;0;0;0;0;0;0;0;0;0;0;0;0;0;0;0;0;0;0;0;0;0;0;0;0;0;0;0;0;0;0;0;0;0;0;0;0;0;0;0;0;2;1;0;1;0;1;1;2016-09-25 14:00:00;1211;0;53;15;29;0;-1;1;-1;-1;-1;-1;-1;-1;0;2;3;1;2;4;-1;0;0;0;0;0;0;0;0;0;0;0;0;0;1;1;0;0;-1;-1;0;0;-1;-1;-1;-1;-1;-1;-1;-1;-1;19;53;77;91;100;48;81;91;68;0;0;3.51;3.54;Víkingur;NSÍ;2.57;1.62;2.45;1.8;2.13;2.13;81;48;24;9;0;0;0;0;0;0;0;1154;27;Y;Y;N;N;N;N;N
341615;6877;6876;2016;complete;2426;24;-1;6,34,90;75,78;3;2;5;-1;-1;-1;-1;-1;-1;-1;-1;-1;-1;-1;-1;-1;-1;-1;-1;-1;-1;-1;-1;-1;0;0;0;0;0;0;0;0;0;0;0;0;0;0;0;0;0;0;0;0;0;0;0;0;0;0;0;0;0;0;0;0;0;0;0;0;0;0;0;0;0;0;0;0;0;0;0;0;0;0;0;0;0;0;0;0;0;0;0;0;0;0;0;0;0;0;0;0;5;2;0;1;2;3;2;2016-09-25 14:00:00;6877;0;54;18;35;0;-1;-1;-1;-1;-1;-1;-1;-1;-1;-1;-1;-1;-1;-1;-1;0;0;0;0;0;0;0;0;0;0;0;0;0;1;1;1;0;-1;-1;-1;-1;-1;-1;-1;-1;-1;-1;-1;-1;-1;30;39;63;72;95;40;82;67;40;0;0;3.92;3.24;TB;ÍF;1.67;1.07;1.6;1.25;1;1.35;70;61;38;29;5;0;0;0;0;0;0;1154;27;Y;Y;Y;Y;Y;N;Y
341616;5404;66;2016;complete;2426;24;-1;15,32;17,87;2;2;4;-1;-1;-1;-1;-1;3;2;0;0;-1;-1;-1;-1;-1;-1;-1;-1;-1;-1;3;2;0;0;0;0;0;0;0;0;0;0;0;0;0;0;0;0;0;0;0;0;0;0;0;0;0;0;0;0;0;0;0;0;0;0;0;0;0;0;0;0;0;0;0;0;0;0;0;0;0;0;0;0;0;0;0;0;0;0;0;0;0;0;0;0;0;0;0;0;4;2;1;0;1;1;3;2016-09-25 14:00:00;-1;0;37;21;17;0;-1;1;-1;-1;-1;-1;-1;-1;1;1;2;1;2;3;-1;0;0;0;0;0;0;0;0;0;0;0;0;0;1;1;0;0;-1;-1;0;0;-1;-1;-1;-1;-1;-1;-1;-1;-1;25;36;41;61;91;36;87;57;37;0;0;4.09;2.61;KÍ;B36;2.33;1.46;2.38;1.64;2.3;1.83;76;64;60;39;9;0;0;0;0;0;0;1154;27;Y;Y;Y;Y;N;N;Y
341617;6872;6878;2016;complete;2426;24;-1;11,13,39,49,83;45;5;1;6;-1;-1;-1;-1;-1;2;1;0;0;-1;-1;-1;-1;-1;-1;-1;-1;-1;-1;2;1;0;0;0;0;0;0;0;0;0;0;0;0;0;0;0;0;0;0;0;0;0;0;0;0;0;0;0;0;0;0;0;0;0;0;0;0;0;0;0;0;0;0;0;0;0;0;0;0;0;0;0;0;0;0;0;0;0;0;0;0;0;0;0;0;0;0;0;0;6;3;1;2;0;2;4;2016-09-25 14:00:00;6872;0;38;13;21;0;-1;1;-1;-1;-1;-1;-1;-1;2;1;0;0;3;0;-1;0;0;0;0;0;0;0;0;0;0;0;0;0;1;1;0;0;-1;-1;0;0;-1;-1;-1;-1;-1;-1;-1;-1;-1;26;43;51;64;92;38;60;83;56;0;0;4.6;2.92;Skála;B68;1.31;0.14;1.18;0.17;0.87;0.3;75;58;49;36;9;0;0;0;0;0;0;1154;27;Y;Y;Y;Y;Y;Y;Y
341618;1211;6877;2016;complete;2426;25;-1;54;;1;0;1;-1;-1;-1;-1;-1;1;3;0;0;-1;-1;-1;-1;-1;-1;-1;-1;-1;-1;1;3;0;0;0;0;0;0;0;0;0;0;0;0;0;0;0;0;0;0;0;0;0;0;0;0;0;0;0;0;0;0;0;0;0;0;0;0;0;0;0;0;0;0;0;0;0;0;0;0;0;0;0;0;0;0;0;0;0;0;0;0;0;0;0;0;0;0;0;0;1;0;0;1;0;1;0;2016-10-02 14:00:00;1211;0;52;20;32;0;-1;1;-1;-1;-1;-1;-1;-1;0;0;1;3;0;4;-1;0;0;0;0;0;0;0;0;0;0;0;0;0;1;1;0;0;-1;-1;0;0;-1;-1;-1;-1;-1;-1;-1;-1;-1;24;44;65;76;96;44;89;80;52;0;0;4;3.16;Víkingur;TB;2.57;0.47;2.5;0.54;2.17;1.08;76;56;36;24;4;0;0;0;0;0;0;1154;27;Y;N;N;N;N;N;N
341619;6875;5404;2016;complete;2426;25;-1;17,21,25;28;3;1;4;-1;-1;-1;-1;-1;2;1;0;0;-1;-1;-1;-1;-1;-1;-1;-1;-1;-1;2;1;0;0;0;0;0;0;0;0;0;0;0;0;0;0;0;0;0;0;0;0;0;0;0;0;0;0;0;0;0;0;0;0;0;0;0;0;0;0;0;0;0;0;0;0;0;0;0;0;0;0;0;0;0;0;0;0;0;0;0;0;0;0;0;0;0;0;0;0;4;3;1;0;0;0;4;2016-10-02 14:00:00;6875;0;52;19;47;0;-1;1;-1;-1;-1;-1;-1;-1;0;1;2;0;1;2;-1;0;0;0;0;0;0;0;1;0;1;0;0;0;1;1;0;0;-1;-1;0;0;-1;-1;-1;-1;-1;-1;-1;-1;-1;28;38;53;81;96;24;53;91;76;0;0;3.54;3;AB;KÍ;1;2.08;0.91;2.2;0.63;2.25;72;63;48;19;5;0;0;0;0;0;0;1154;27;Y;Y;Y;Y;N;N;Y
341620;6876;6872;2016;complete;2426;25;-1;23;42;1;1;2;-1;-1;-1;-1;-1;-1;-1;-1;-1;-1;-1;-1;-1;-1;-1;-1;-1;-1;-1;-1;-1;0;0;0;0;0;0;0;0;0;0;0;0;0;0;0;0;0;0;0;0;0;0;0;0;0;0;0;0;0;0;0;0;0;0;0;0;0;0;0;0;0;0;0;0;0;0;0;0;0;0;0;0;0;0;0;0;0;0;0;0;0;0;0;0;0;0;0;0;2;1;1;0;0;0;2;2016-10-02 14:00:00;-1;0;39;14;27;0;-1;-1;-1;-1;-1;-1;-1;-1;-1;-1;-1;-1;-1;-1;-1;0;0;0;0;0;0;0;0;0;0;0;0;0;1;1;0;0;-1;-1;-1;-1;-1;-1;-1;-1;-1;-1;-1;-1;-1;13;49;49;79;92;27;70;79;62;0;0;3.92;2.84;ÍF;Skála;1.31;0.64;1.45;0.58;1.29;0.96;87;52;52;22;9;0;0;0;0;0;0;1154;27;Y;Y;N;N;N;N;Y
341621;6878;985;2016;complete;2426;25;-1;;20;0;1;1;-1;-1;-1;-1;-1;2;1;0;0;-1;-1;-1;-1;-1;-1;-1;-1;-1;-1;2;1;0;0;0;0;0;0;0;0;0;0;0;0;0;0;0;0;0;0;0;0;0;0;0;0;0;0;0;0;0;0;0;0;0;0;0;0;0;0;0;0;0;0;0;0;0;0;0;0;0;0;0;0;0;0;0;0;0;0;0;0;0;0;0;0;0;0;0;0;1;0;1;0;0;0;1;2016-10-02 14:00:00;985;0;50;27;23;0;-1;1;-1;-1;-1;-1;-1;-1;1;0;1;1;1;2;-1;0;0;0;0;0;0;0;0;0;0;0;0;0;1;1;0;0;-1;-1;0;0;-1;-1;-1;-1;-1;-1;-1;-1;-1;23;36;55;68;91;32;73;82;46;0;0;3.91;2.82;B68;HB;0.38;1.46;0.45;1.36;0.29;1.5;78;64;46;32;9;0;0;0;0;0;0;1154;27;Y;N;N;N;N;N;N
341622;66;5415;2016;complete;2426;25;-1;21,79;;2;0;2;-1;-1;-1;-1;-1;2;3;0;1;-1;-1;-1;-1;-1;-1;-1;-1;-1;-1;2;5;0;0;0;0;0;0;0;0;0;0;0;0;0;0;0;0;0;0;0;0;0;0;0;0;0;0;0;0;0;0;0;0;0;0;0;0;0;0;0;0;0;0;0;0;0;0;0;0;0;0;0;0;0;0;0;0;0;0;0;0;0;0;0;0;0;0;0;0;2;1;0;1;0;1;1;2016-10-02 16:15:00;66;0;65;26;39;0;-1;1;-1;-1;-1;-1;-1;-1;2;2;0;2;4;2;-1;0;0;0;0;0;0;0;1;0;1;0;0;0;1;1;0;0;-1;-1;0;0;-1;-1;-1;-1;-1;-1;-1;-1;-1;22;53;70;92;96;44;70;92;66;0;0;3.4;3.41;B36;NSÍ;2.14;1.62;2;1.64;1.79;2.04;79;48;30;9;4;0;0;0;0;0;0;1154;27;Y;Y;N;N;N;N;N
341623;985;6876;2016;complete;2426;26;-1;9,17,21,88;81;4;1;5;-1;-1;-1;-1;-1;1;1;0;0;-1;-1;-1;-1;-1;-1;-1;-1;-1;-1;1;1;0;0;0;0;0;0;0;0;0;0;0;0;0;0;0;0;0;0;0;0;0;0;0;0;0;0;0;0;0;0;0;0;0;0;0;0;0;0;0;0;0;0;0;0;0;0;0;0;0;0;0;0;0;0;0;0;0;0;0;0;0;0;0;0;0;0;0;0;5;3;0;1;1;2;3;2016-10-16 14:00:00;985;0;62;19;50;0;-1;1;-1;-1;-1;-1;-1;-1;0;0;1;1;0;2;-1;0;0;0;0;0;0;0;0;0;0;0;0;0;1;1;1;0;-1;-1;0;0;-1;-1;-1;-1;-1;-1;-1;-1;-1;46;50;62;70;93;43;74;77;50;0;0;3.65;3.62;HB;ÍF;1.71;1.07;1.62;1.15;1.56;1.28;54;50;39;31;8;0;0;0;0;0;0;1154;27;Y;Y;Y;Y;Y;N;Y
341624;5415;6875;2016;complete;2426;26;-1;27,48,85,90;84;4;1;5;-1;-1;-1;-1;-1;0;3;0;0;-1;-1;-1;-1;-1;-1;-1;-1;-1;-1;0;3;0;0;0;0;0;0;0;0;0;0;0;0;0;0;0;0;0;0;0;0;0;0;0;0;0;0;0;0;0;0;0;0;0;0;0;0;0;0;0;0;0;0;0;0;0;0;0;0;0;0;0;0;0;0;0;0;0;0;0;0;0;0;0;0;0;0;0;0;5;1;0;3;1;4;1;2016-10-16 14:00:00;5415;0;62;19;38;0;-1;1;-1;-1;-1;-1;-1;-1;0;3;0;0;3;0;-1;0;0;0;0;0;0;0;0;1;0;1;0;0;1;1;0;0;-1;-1;0;1;-1;-1;-1;-1;-1;-1;-1;-1;-1;16;23;66;77;92;39;73;77;54;0;0;4.3;3;NSÍ;AB;2.43;0.36;2.38;0.38;1.96;0.72;85;77;35;23;8;0;0;0;0;0;0;1154;27;Y;Y;Y;Y;Y;N;Y
341625;6877;6872;2016;complete;2426;26;-1;80;89;1;1;2;-1;-1;-1;-1;-1;1;1;0;0;-1;-1;-1;-1;-1;-1;-1;-1;-1;-1;1;1;0;0;0;0;0;0;0;0;0;0;0;0;0;0;0;0;0;0;0;0;0;0;0;0;0;0;0;0;0;0;0;0;0;0;0;0;0;0;0;0;0;0;0;0;0;0;0;0;0;0;0;0;0;0;0;0;0;0;0;0;0;0;0;0;0;0;0;0;2;0;0;1;1;2;0;2016-10-16 14:00:00;-1;0;42;9;21;0;-1;1;-1;-1;-1;-1;-1;-1;0;0;1;1;0;2;-1;0;0;0;0;0;0;0;1;1;1;1;0;0;1;1;0;0;-1;-1;0;0;-1;-1;-1;-1;-1;-1;-1;-1;-1;17;29;43;71;92;30;76;62;41;0;0;4.42;2.51;TB;Skála;1.67;0.64;1.73;0.62;1.04;0.96;84;71;57;30;9;0;0;0;0;0;0;1154;27;Y;Y;N;N;N;N;Y
341626;5404;6878;2016;complete;2426;26;-1;8,46,59,72,77,87;;6;0;6;-1;-1;-1;-1;-1;2;3;0;0;-1;-1;-1;-1;-1;-1;-1;-1;-1;-1;2;3;0;0;0;0;0;0;0;0;0;0;0;0;0;0;0;0;0;0;0;0;0;0;0;0;0;0;0;0;0;0;0;0;0;0;0;0;0;0;0;0;0;0;0;0;0;0;0;0;0;0;0;0;0;0;0;0;0;0;0;0;0;0;0;0;0;0;0;0;6;1;0;5;0;5;1;2016-10-16 14:00:00;5404;0;53;26;23;0;-1;1;-1;-1;-1;-1;-1;-1;1;2;1;1;3;2;-1;0;0;0;0;0;0;0;1;0;1;0;0;0;1;1;1;0;-1;-1;0;0;-1;-1;-1;-1;-1;-1;-1;-1;-1;38;63;67;82;96;60;85;82;60;0;0;4.4;3.68;KÍ;B68;2.33;0.14;2.29;0.15;2.16;0.28;63;37;33;18;4;0;0;0;0;0;0;1154;27;Y;Y;Y;Y;Y;Y;N
341627;1211;66;2016;complete;2426;26;-1;53,69;;2;0;2;-1;-1;-1;-1;-1;0;2;0;0;-1;-1;-1;-1;-1;-1;-1;-1;-1;-1;0;2;0;0;0;0;0;0;0;0;0;0;0;0;0;0;0;0;0;0;0;0;0;0;0;0;0;0;0;0;0;0;0;0;0;0;0;0;0;0;0;0;0;0;0;0;0;0;0;0;0;0;0;0;0;0;0;0;0;0;0;0;0;0;0;0;0;0;0;0;2;0;0;2;0;2;0;2016-10-16 14:00:00;1211;0;40;17;16;0;-1;1;-1;-1;-1;-1;-1;-1;0;0;0;2;0;2;-1;0;0;0;0;0;0;0;0;0;0;0;0;0;1;1;0;0;-1;-1;0;0;-1;-1;-1;-1;-1;-1;-1;-1;-1;16;32;48;64;92;32;84;68;36;0;0;3.92;2.54;Víkingur;B36;2.57;1.46;2.54;1.58;2.2;1.84;84;69;53;37;9;0;0;0;0;0;0;1154;27;Y;Y;N;N;N;N;N
341628;66;6877;2016;complete;2426;27;-1;34,42,45,56,63;60,88;5;2;7;-1;-1;-1;-1;-1;1;1;0;0;-1;-1;-1;-1;-1;-1;-1;-1;-1;-1;1;1;0;0;0;0;0;0;0;0;0;0;0;0;0;0;0;0;0;0;0;0;0;0;0;0;0;0;0;0;0;0;0;0;0;0;0;0;0;0;0;0;0;0;0;0;0;0;0;0;0;0;0;0;0;0;0;0;0;0;0;0;0;0;0;0;0;0;0;0;7;3;0;2;2;4;3;2016-10-22 13:00:00;66;0;63;30;41;0;-1;1;-1;-1;-1;-1;-1;-1;0;0;1;1;0;2;-1;0;0;0;0;0;0;0;0;1;0;1;0;0;1;1;0;0;-1;-1;0;0;-1;-1;-1;-1;-1;-1;-1;-1;-1;26;45;60;75;93;41;74;82;52;0;0;3.77;3.04;B36;TB;2.14;0.47;2.08;0.5;1.77;1.04;74;56;41;26;8;0;0;0;0;0;0;1154;27;Y;Y;Y;Y;Y;Y;Y
341629;6878;5415;2016;complete;2426;27;-1;7;17,67,90;1;3;4;-1;-1;-1;-1;-1;2;2;0;0;-1;-1;-1;-1;-1;-1;-1;-1;-1;-1;2;2;0;0;0;0;0;0;0;0;0;0;0;0;0;0;0;0;0;0;0;0;0;0;0;0;0;0;0;0;0;0;0;0;0;0;0;0;0;0;0;0;0;0;0;0;0;0;0;0;0;0;0;0;0;0;0;0;0;0;0;0;0;0;0;0;0;0;0;0;4;1;1;0;2;2;2;2016-10-22 13:00:00;5415;0;54;21;29;0;-1;1;-1;-1;-1;-1;-1;-1;0;1;2;1;1;3;-1;0;0;0;0;0;0;0;0;0;0;0;0;0;1;1;1;0;-1;-1;0;0;-1;-1;-1;-1;-1;-1;-1;-1;-1;21;46;63;92;100;38;88;92;59;0;0;3.92;3.34;B68;NSÍ;0.38;1.62;0.42;1.5;0.27;2;79;54;38;9;0;0;0;0;0;0;0;1154;27;Y;Y;Y;Y;N;N;Y
341630;6872;985;2016;complete;2426;27;-1;62,90;69,73;2;2;4;-1;-1;-1;-1;-1;-1;-1;-1;-1;-1;-1;-1;-1;-1;-1;-1;-1;-1;-1;-1;-1;0;0;0;0;0;0;0;0;0;0;0;0;0;0;0;0;0;0;0;0;0;0;0;0;0;0;0;0;0;0;0;0;0;0;0;0;0;0;0;0;0;0;0;0;0;0;0;0;0;0;0;0;0;0;0;0;0;0;0;0;0;0;0;0;0;0;0;0;4;0;0;2;2;4;0;2016-10-22 13:00:00;-1;0;29;21;13;0;-1;-1;-1;-1;-1;-1;-1;-1;-1;-1;-1;-1;-1;-1;-1;0;0;0;0;0;0;0;0;0;0;0;0;0;1;1;0;0;-1;-1;-1;-1;-1;-1;-1;-1;-1;-1;-1;-1;-1;17;25;38;46;88;25;50;71;38;0;0;4.16;2.25;Skála;HB;1.31;1.46;1.33;1.5;0.96;1.62;83;75;63;54;13;0;0;0;0;0;0;1154;27;Y;Y;Y;Y;N;N;Y
341631;6875;1211;2016;complete;2426;27;-1;20;11,34,79;1;3;4;-1;-1;-1;-1;-1;3;1;0;0;-1;-1;-1;-1;-1;-1;-1;-1;-1;-1;3;1;0;0;0;0;0;0;0;0;0;0;0;0;0;0;0;0;0;0;0;0;0;0;0;0;0;0;0;0;0;0;0;0;0;0;0;0;0;0;0;0;0;0;0;0;0;0;0;0;0;0;0;0;0;0;0;0;0;0;0;0;0;0;0;0;0;0;0;0;4;1;2;0;1;1;3;2016-10-22 13:00:00;1211;0;67;25;42;0;-1;1;-1;-1;-1;-1;-1;-1;1;0;2;1;1;3;-1;0;0;0;0;0;0;0;0;0;0;0;0;0;1;1;0;0;-1;-1;1;0;-1;-1;-1;-1;-1;-1;-1;-1;-1;21;54;58;88;96;42;59;88;67;0;0;3.59;3.21;AB;Víkingur;1;1.92;1.08;1.83;0.69;2.23;80;46;42;13;4;0;0;0;0;0;0;1154;27;Y;Y;Y;Y;N;N;Y
341632;6876;5404;2016;complete;2426;27;-1;12;38,56,57;1;3;4;-1;-1;-1;-1;-1;2;1;0;0;-1;-1;-1;-1;-1;-1;-1;-1;-1;-1;2;1;0;0;0;0;0;0;0;0;0;0;0;0;0;0;0;0;0;0;0;0;0;0;0;0;0;0;0;0;0;0;0;0;0;0;0;0;0;0;0;0;0;0;0;0;0;0;0;0;0;0;0;0;0;0;0;0;0;0;0;0;0;0;0;0;0;0;0;0;4;1;1;0;2;2;2;2016-10-22 13:00:00;5404;0;48;30;30;0;-1;1;-1;-1;-1;-1;-1;-1;1;0;1;1;1;2;-1;0;0;0;0;0;0;0;0;1;0;1;0;0;1;1;0;0;-1;-1;0;0;-1;-1;-1;-1;-1;-1;-1;-1;-1;13;47;57;83;96;35;74;79;66;0;0;3.82;3.04;ÍF;KÍ;1.31;2.08;1.42;2;1.23;2.19;87;53;44;18;4;0;0;0;0;0;0;1154;27;Y;Y;Y;Y;N;N;Y
