ID;HOMEID;AWAYID;SEASON;STATUS;ROUNDID;GAME_WEEK;REVISED_GAME_WEEK;HOMEGOALS;AWAYGOALS;HOMEGOALCOUNT;AWAYGOALCOUNT;TOTALGOALCOUNT;TEAM_A_CORNERS;TEAM_B_CORNERS;TOTALCORNERCOUNT;TEAM_A_OFFSIDES;TEAM_B_OFFSIDES;TEAM_A_YELLOW_CARDS;TEAM_B_YELLOW_CARDS;TEAM_A_RED_CARDS;TEAM_B_RED_CARDS;TEAM_A_SHOTSONTARGET;TEAM_B_SHOTSONTARGET;TEAM_A_SHOTSOFFTARGET;TEAM_B_SHOTSOFFTARGET;TEAM_A_SHOTS;TEAM_B_SHOTS;TEAM_A_FOULS;TEAM_B_FOULS;TEAM_A_POSSESSION;TEAM_B_POSSESSION;TEAM_A_CARDS_NUM;TEAM_B_CARDS_NUM;ODDS_FT_1;ODDS_FT_X;ODDS_FT_2;ODDS_FT_OVER05;ODDS_FT_OVER15;ODDS_FT_OVER25;ODDS_FT_OVER35;ODDS_FT_OVER45;ODDS_FT_UNDER05;ODDS_FT_UNDER15;ODDS_FT_UNDER25;ODDS_FT_UNDER35;ODDS_FT_UNDER45;ODDS_BTTS_YES;ODDS_BTTS_NO;ODDS_TEAM_A_CS_YES;ODDS_TEAM_A_CS_NO;ODDS_TEAM_B_CS_YES;ODDS_TEAM_B_CS_NO;ODDS_DOUBLECHANCE_1X;ODDS_DOUBLECHANCE_12;ODDS_DOUBLECHANCE_X2;ODDS_1ST_HALF_RESULT_1;ODDS_1ST_HALF_RESULT_X;ODDS_1ST_HALF_RESULT_2;ODDS_2ND_HALF_RESULT_1;ODDS_2ND_HALF_RESULT_X;ODDS_2ND_HALF_RESULT_2;ODDS_DNB_1;ODDS_DNB_2;ODDS_CORNERS_OVER_75;ODDS_CORNERS_OVER_85;ODDS_CORNERS_OVER_95;ODDS_CORNERS_OVER_105;ODDS_CORNERS_OVER_115;ODDS_CORNERS_UNDER_75;ODDS_CORNERS_UNDER_85;ODDS_CORNERS_UNDER_95;ODDS_CORNERS_UNDER_105;ODDS_CORNERS_UNDER_115;ODDS_CORNERS_1;ODDS_CORNERS_X;ODDS_CORNERS_2;ODDS_TEAM_TO_SCORE_FIRST_1;ODDS_TEAM_TO_SCORE_FIRST_X;ODDS_TEAM_TO_SCORE_FIRST_2;ODDS_WIN_TO_NIL_1;ODDS_WIN_TO_NIL_2;ODDS_1ST_HALF_OVER05;ODDS_1ST_HALF_OVER15;ODDS_1ST_HALF_OVER25;ODDS_1ST_HALF_OVER35;ODDS_1ST_HALF_UNDER05;ODDS_1ST_HALF_UNDER15;ODDS_1ST_HALF_UNDER25;ODDS_1ST_HALF_UNDER35;ODDS_2ND_HALF_OVER05;ODDS_2ND_HALF_OVER15;ODDS_2ND_HALF_OVER25;ODDS_2ND_HALF_OVER35;ODDS_2ND_HALF_UNDER05;ODDS_2ND_HALF_UNDER15;ODDS_2ND_HALF_UNDER25;ODDS_2ND_HALF_UNDER35;ODDS_BTTS_1ST_HALF_YES;ODDS_BTTS_1ST_HALF_NO;ODDS_BTTS_2ND_HALF_YES;ODDS_BTTS_2ND_HALF_NO;OVERALLGOALCOUNT;HT_GOALS_TEAM_A;HT_GOALS_TEAM_B;GOALS_2HG_TEAM_A;GOALS_2HG_TEAM_B;GOALCOUNT_2HG;HTGOALCOUNT;DATE_UNIX;WINNINGTEAM;NO_HOME_AWAY;BTTS_POTENTIAL;BTTS_FHG_POTENTIAL;BTTS_2HG_POTENTIAL;GOALTIMINGDISABLED;CORNER_TIMINGS_RECORDED;CARD_TIMINGS_RECORDED;TEAM_A_FH_CORNERS;TEAM_B_FH_CORNERS;TEAM_A_2H_CORNERS;TEAM_B_2H_CORNERS;CORNER_FH_COUNT;CORNER_2H_COUNT;TEAM_A_FH_CARDS;TEAM_B_FH_CARDS;TEAM_A_2H_CARDS;TEAM_B_2H_CARDS;TOTAL_FH_CARDS;TOTAL_2H_CARDS;ATTACKS_RECORDED;TEAM_A_DANGEROUS_ATTACKS;TEAM_B_DANGEROUS_ATTACKS;TEAM_A_ATTACKS;TEAM_B_ATTACKS;TEAM_A_XG;TEAM_B_XG;TOTAL_XG;TEAM_A_PENALTIES_WON;TEAM_B_PENALTIES_WON;TEAM_A_PENALTY_GOALS;TEAM_B_PENALTY_GOALS;TEAM_A_PENALTY_MISSED;TEAM_B_PENALTY_MISSED;PENS_RECORDED;GOAL_TIMINGS_RECORDED;TEAM_A_0_10_MIN_GOALS;TEAM_B_0_10_MIN_GOALS;TEAM_A_CORNERS_0_10_MIN;TEAM_B_CORNERS_0_10_MIN;TEAM_A_CARDS_0_10_MIN;TEAM_B_CARDS_0_10_MIN;THROWINS_RECORDED;TEAM_A_THROWINS;TEAM_B_THROWINS;FREEKICKS_RECORDED;TEAM_A_FREEKICKS;TEAM_B_FREEKICKS;GOALKICKS_RECORDED;TEAM_A_GOALKICKS;TEAM_B_GOALKICKS;O45_POTENTIAL;O35_POTENTIAL;O25_POTENTIAL;O15_POTENTIAL;O05_POTENTIAL;O15HT_POTENTIAL;O05HT_POTENTIAL;O05_2H_POTENTIAL;O15_2H_POTENTIAL;CORNERS_POTENTIAL;OFFSIDES_POTENTIAL;CARDS_POTENTIAL;AVG_POTENTIAL;HOME_NAME;AWAY_NAME;HOME_PPG;AWAY_PPG;PRE_MATCH_HOME_PPG;PRE_MATCH_AWAY_PPG;PRE_MATCH_TEAMA_OVERALL_PPG;PRE_MATCH_TEAMB_OVERALL_PPG;U45_POTENTIAL;U35_POTENTIAL;U25_POTENTIAL;U15_POTENTIAL;U05_POTENTIAL;CORNERS_O85_POTENTIAL;CORNERS_O95_POTENTIAL;CORNERS_O105_POTENTIAL;TEAM_A_XG_PREMATCH;TEAM_B_XG_PREMATCH;TOTAL_XG_PREMATCH;COMPETITION_ID;MATCHES_COMPLETED_MINIMUM;OVER05;OVER15;OVER25;OVER35;OVER45;OVER55;BTTS
546028;1211;6876;2019;complete;4356;1;-1;46,79,85;;3;0;3;-1;-1;-1;-1;-1;2;3;0;0;-1;-1;-1;-1;-1;-1;-1;-1;-1;-1;2;3;0;0;0;0;0;0;0;0;0;0;0;0;0;0;0;0;0;0;0;0;0;0;0;0;0;0;0;0;0;0;0;0;0;0;0;0;0;0;0;0;0;0;0;0;0;0;0;0;0;0;0;0;0;0;0;0;0;0;0;0;0;0;0;0;0;0;0;0;3;0;0;3;0;3;0;2019-03-10 15:00:00;1211;0;0;0;0;0;-1;1;-1;-1;-1;-1;-1;-1;0;1;2;2;1;4;-1;0;0;0;0;0;0;0;0;0;0;0;0;0;1;1;0;0;-1;-1;0;0;-1;-1;-1;-1;-1;-1;-1;-1;-1;0;0;0;0;0;0;0;0;0;0;0;0;0;Víkingur;ÍF;2;0.29;0;0;0;0;0;0;0;0;0;0;0;0;0;0;0;1906;27;Y;Y;Y;N;N;N;N
546029;5404;985;2019;complete;4356;1;-1;;;0;0;0;-1;-1;-1;-1;-1;1;4;0;0;-1;-1;-1;-1;-1;-1;-1;-1;-1;-1;1;4;0;0;0;0;0;0;0;0;0;0;0;0;0;0;0;0;0;0;0;0;0;0;0;0;0;0;0;0;0;0;0;0;0;0;0;0;0;0;0;0;0;0;0;0;0;0;0;0;0;0;0;0;0;0;0;0;0;0;0;0;0;0;0;0;0;0;0;0;0;0;0;0;0;0;0;2019-03-10 15:00:00;-1;0;0;0;0;0;-1;1;-1;-1;-1;-1;-1;-1;1;0;0;4;1;4;-1;0;0;0;0;0;0;0;0;0;0;0;0;0;1;1;0;0;-1;-1;0;0;-1;-1;-1;-1;-1;-1;-1;-1;-1;0;0;0;0;0;0;0;0;0;0;0;0;0;KÍ;HB;2.46;1.46;0;0;0;0;0;0;0;0;0;0;0;0;0;0;0;1906;27;N;N;N;N;N;N;N
546030;5415;997;2019;complete;4356;1;-1;52;;1;0;1;-1;-1;-1;-1;-1;2;1;0;0;-1;-1;-1;-1;-1;-1;-1;-1;-1;-1;2;1;0;0;0;0;0;0;0;0;0;0;0;0;0;0;0;0;0;0;0;0;0;0;0;0;0;0;0;0;0;0;0;0;0;0;0;0;0;0;0;0;0;0;0;0;0;0;0;0;0;0;0;0;0;0;0;0;0;0;0;0;0;0;0;0;0;0;0;0;1;0;0;1;0;1;0;2019-03-10 15:00:00;5415;0;0;0;0;0;-1;1;-1;-1;-1;-1;-1;-1;0;0;2;1;0;3;-1;0;0;0;0;0;0;0;0;0;0;0;0;0;1;1;0;0;-1;-1;0;0;-1;-1;-1;-1;-1;-1;-1;-1;-1;0;0;0;0;0;0;0;0;0;0;0;0;0;NSÍ;EB - Streymur;2.21;0.79;0;0;0;0;0;0;0;0;0;0;0;0;0;0;0;1906;27;Y;N;N;N;N;N;N
546031;66;6872;2019;complete;4356;1;-1;37;;1;0;1;-1;-1;-1;-1;-1;3;2;0;0;-1;-1;-1;-1;-1;-1;-1;-1;-1;-1;3;2;0;0;0;0;0;0;0;0;0;0;0;0;0;0;0;0;0;0;0;0;0;0;0;0;0;0;0;0;0;0;0;0;0;0;0;0;0;0;0;0;0;0;0;0;0;0;0;0;0;0;0;0;0;0;0;0;0;0;0;0;0;0;0;0;0;0;0;0;1;1;0;0;0;0;1;2019-03-10 15:00:00;66;0;0;0;0;0;-1;1;-1;-1;-1;-1;-1;-1;1;1;2;1;2;3;-1;0;0;0;0;0;0;0;0;0;0;0;0;0;1;1;0;0;-1;-1;0;0;-1;-1;-1;-1;-1;-1;-1;-1;-1;0;0;0;0;0;0;0;0;0;0;0;0;0;B36;Skála;2.29;1.69;0;0;0;0;0;0;0;0;0;0;0;0;0;0;0;1906;27;Y;N;N;N;N;N;N
546032;6873;6875;2019;complete;4356;1;-1;39,79;90;2;1;3;8;7;15;-1;-1;4;1;0;0;5;2;4;8;9;10;-1;-1;48;52;4;1;0;0;0;0;0;0;0;0;0;0;0;0;0;0;0;0;0;0;0;0;0;0;0;0;0;0;0;0;0;0;0;0;0;0;0;0;0;0;0;0;0;0;0;0;0;0;0;0;0;0;0;0;0;0;0;0;0;0;0;0;0;0;0;0;0;0;0;0;3;1;0;1;1;2;1;2019-03-10 15:00:00;6873;0;0;0;0;0;1;1;3;5;5;2;8;7;1;1;3;0;2;3;1;0;0;0;0;1.41;1.14;2.55;0;0;0;0;0;0;1;1;0;0;1;0;0;0;-1;-1;-1;-1;-1;-1;-1;-1;-1;0;0;0;0;0;0;0;0;0;0;0;0;0;TB / FCS / Royn;AB;3;1;0;0;0;0;0;0;0;0;0;0;0;0;0;0;0;1906;2;Y;Y;Y;N;N;N;Y
546033;985;5415;2019;complete;4356;2;-1;57;7;1;1;2;8;4;12;-1;-1;4;2;0;0;4;6;7;3;11;9;-1;-1;50;50;4;2;1.8;3.55;3.55;0;0;0;0;0;0;0;0;0;0;0;0;0;0;0;0;0;0;0;0;0;0;0;0;0;0;0;0;0;0;0;0;0;0;0;0;0;0;0;0;0;0;0;0;0;0;0;0;0;0;0;0;0;0;0;0;0;0;0;0;0;0;0;0;0;2;0;1;1;0;1;1;2019-03-17 15:00:00;-1;0;0;0;0;0;1;1;4;1;4;3;5;7;1;1;3;1;2;4;1;88;40;218;111;1.64;1.29;2.93;0;0;0;0;0;0;1;1;0;1;0;0;0;0;-1;-1;-1;-1;-1;-1;-1;-1;-1;0;0;0;0;0;0;0;0;0;0;0;0;0;HB;NSÍ;2.29;2;0;0;1;3;0;0;0;0;0;0;0;0;0;0;0;1906;27;Y;Y;N;N;N;N;Y
546034;1211;5404;2019;complete;4356;2;-1;58,72;65;2;1;3;-1;-1;-1;-1;-1;3;3;0;0;-1;-1;-1;-1;-1;-1;-1;-1;-1;-1;3;3;0;0;0;0;0;0;0;0;0;0;0;0;0;0;0;0;0;0;0;0;0;0;0;0;0;0;0;0;0;0;0;0;0;0;0;0;0;0;0;0;0;0;0;0;0;0;0;0;0;0;0;0;0;0;0;0;0;0;0;0;0;0;0;0;0;0;0;0;3;0;0;2;1;3;0;2019-03-17 15:00:00;1211;0;0;0;0;0;-1;1;-1;-1;-1;-1;-1;-1;2;1;1;2;3;3;-1;0;0;0;0;0;0;0;0;0;0;0;0;0;1;1;0;0;-1;-1;0;0;-1;-1;-1;-1;-1;-1;-1;-1;-1;0;0;50;50;50;0;0;50;50;0;0;2;1.5;Víkingur;KÍ;2;2.36;3;0;3;1;50;50;0;0;0;0;0;0;0;0;0;1906;27;Y;Y;Y;N;N;N;Y
546035;6872;6873;2019;complete;4356;2;-1;-1,-1;;2;0;2;-1;-1;-1;-1;-1;-1;-1;-1;-1;-1;-1;-1;-1;-1;-1;-1;-1;-1;-1;-1;-1;0;0;0;0;0;0;0;0;0;0;0;0;0;0;0;0;0;0;0;0;0;0;0;0;0;0;0;0;0;0;0;0;0;0;0;0;0;0;0;0;0;0;0;0;0;0;0;0;0;0;0;0;0;0;0;0;0;0;0;0;0;0;0;0;0;0;0;0;2;0;0;0;0;0;0;2019-03-17 15:00:00;6872;0;0;0;0;1;-1;-1;-1;-1;-1;-1;-1;-1;-1;-1;-1;-1;-1;-1;-1;0;0;0;0;0;0;0;-1;-1;-1;-1;-1;-1;-1;-1;-1;-1;-1;-1;-1;-1;-1;-1;-1;-1;-1;-1;-1;-1;-1;0;0;0;0;0;0;0;0;0;0;0;0;0;Skála;TB / FCS / Royn;1.07;0;0;0;0;3;0;0;0;0;0;0;0;0;0;0;0;1906;2;Y;Y;N;N;N;N;N
546036;997;66;2019;complete;4356;2;-1;-1;-1,-1;1;2;3;-1;-1;-1;-1;-1;-1;-1;-1;-1;-1;-1;-1;-1;-1;-1;-1;-1;-1;-1;-1;-1;0;0;0;0;0;0;0;0;0;0;0;0;0;0;0;0;0;0;0;0;0;0;0;0;0;0;0;0;0;0;0;0;0;0;0;0;0;0;0;0;0;0;0;0;0;0;0;0;0;0;0;0;0;0;0;0;0;0;0;0;0;0;0;0;0;0;0;0;3;0;0;0;0;0;0;2019-03-17 15:00:00;66;0;0;0;0;1;-1;-1;-1;-1;-1;-1;-1;-1;-1;-1;-1;-1;-1;-1;-1;0;0;0;0;0;0;0;-1;-1;-1;-1;-1;-1;-1;-1;-1;-1;-1;-1;-1;-1;-1;-1;-1;-1;-1;-1;-1;-1;-1;0;0;0;0;0;0;0;0;0;0;0;0;0;EB - Streymur;B36;0.54;2.38;0;0;0;3;0;0;0;0;0;0;0;0;0;0;0;1906;27;Y;Y;Y;N;N;N;Y
546037;6875;6876;2019;complete;4356;2;-1;-1,-1;-1;2;1;3;-1;-1;-1;-1;-1;-1;-1;-1;-1;-1;-1;-1;-1;-1;-1;-1;-1;-1;-1;-1;-1;0;0;0;0;0;0;0;0;0;0;0;0;0;0;0;0;0;0;0;0;0;0;0;0;0;0;0;0;0;0;0;0;0;0;0;0;0;0;0;0;0;0;0;0;0;0;0;0;0;0;0;0;0;0;0;0;0;0;0;0;0;0;0;0;0;0;0;0;3;0;0;0;0;0;0;2019-03-17 16:30:00;6875;0;0;0;0;1;-1;-1;-1;-1;-1;-1;-1;-1;-1;-1;-1;-1;-1;-1;-1;0;0;0;0;0;0;0;-1;-1;-1;-1;-1;-1;-1;-1;-1;-1;-1;-1;-1;-1;-1;-1;-1;-1;-1;-1;-1;-1;-1;0;0;50;50;50;0;0;50;50;0;0;3;1.5;AB;ÍF;0.57;0.29;0;0;0;0;50;50;0;0;0;0;0;0;0;0;0;1906;27;Y;Y;Y;N;N;N;Y
546038;985;1211;2019;complete;4356;3;-1;3,4,71;7;3;1;4;9;6;15;-1;-1;3;2;0;1;13;3;9;5;22;8;-1;-1;50;50;3;4;1.34;4.75;5.8;0;0;1.4;0;0;0;0;2.88;0;0;0;0;0;0;0;0;1.12;1.17;3;0;0;0;0;0;0;0;0;0;0;0;0;0;0;0;0;0;0;0;0;0;0;0;0;0;0;0;0;0;0;0;0;0;0;0;0;0;0;0;0;0;0;0;0;0;0;4;2;1;1;0;1;3;2019-03-31 14:00:00;985;0;50;0;0;0;1;1;4;4;5;2;8;7;0;1;3;2;1;5;1;67;67;164;136;2.79;1.22;4.01;0;0;0;0;0;0;1;1;2;1;1;1;0;0;-1;-1;-1;-1;-1;-1;-1;-1;-1;0;0;0;50;50;0;50;50;0;8;0;4;1;HB;Víkingur;2.29;1.93;1;0;1;3;50;50;50;0;0;50;50;50;1.64;0;1.64;1906;27;Y;Y;Y;Y;N;N;Y
546039;6875;66;2019;complete;4356;3;-1;36;87,89;1;2;3;2;5;7;-1;-1;3;1;1;0;3;3;2;6;5;9;-1;-1;50;50;4;1;7;4.85;1.29;0;0;1.44;0;0;0;0;2.7;0;0;0;0;0;0;0;0;3.4;1.17;1.08;0;0;0;0;0;0;0;0;0;0;0;0;0;0;0;0;0;0;0;0;0;0;0;0;0;0;0;0;0;0;0;0;0;0;0;0;0;0;0;0;0;0;0;0;0;0;3;1;0;0;2;2;1;2019-03-30 15:00:00;66;0;100;0;0;0;1;1;1;2;1;3;3;4;1;0;3;1;1;4;1;34;80;123;167;0.79;1.38;2.17;0;0;0;0;0;0;1;1;0;0;0;1;0;0;-1;-1;-1;-1;-1;-1;-1;-1;-1;0;0;100;100;100;0;0;0;0;0;0;0;3;AB;B36;0.57;2.38;3;3;1.5;3;100;100;0;0;0;0;0;0;0;0;0;1906;27;Y;Y;Y;N;N;N;Y
546040;6872;5415;2019;complete;4356;3;-1;24,29;;2;0;2;-1;-1;-1;-1;-1;2;3;0;0;-1;-1;-1;-1;-1;-1;-1;-1;-1;-1;2;3;0;0;0;0;0;0;0;0;0;0;0;0;0;0;0;0;0;0;0;0;0;0;0;0;0;0;0;0;0;0;0;0;0;0;0;0;0;0;0;0;0;0;0;0;0;0;0;0;0;0;0;0;0;0;0;0;0;0;0;0;0;0;0;0;0;0;0;0;2;2;0;0;0;0;2;2019-03-30 17:00:00;6872;0;50;0;0;0;-1;1;-1;-1;-1;-1;-1;-1;1;0;1;3;1;4;-1;0;0;0;0;0;0;0;0;0;0;0;0;0;1;1;0;0;-1;-1;0;0;-1;-1;-1;-1;-1;-1;-1;-1;-1;0;0;0;100;100;0;50;50;0;4;0;2;2;Skála;NSÍ;1.07;2;3;1;1.5;2;100;100;100;0;0;50;50;50;0;1.29;1.29;1906;27;Y;Y;N;N;N;N;N
546041;5404;997;2019;complete;4356;3;-1;41,62;14;2;1;3;-1;-1;-1;-1;-1;5;2;0;0;-1;-1;-1;-1;-1;-1;-1;-1;-1;-1;5;2;0;0;0;0;0;0;0;0;0;0;0;0;0;0;0;0;0;0;0;0;0;0;0;0;0;0;0;0;0;0;0;0;0;0;0;0;0;0;0;0;0;0;0;0;0;0;0;0;0;0;0;0;0;0;0;0;0;0;0;0;0;0;0;0;0;0;0;0;3;1;1;1;0;1;2;2019-03-31 14:00:00;5404;0;0;0;0;0;-1;1;-1;-1;-1;-1;-1;-1;0;1;5;1;1;6;-1;0;0;0;0;0;0;0;1;0;1;0;0;0;1;1;0;0;-1;-1;0;0;-1;-1;-1;-1;-1;-1;-1;-1;-1;0;0;0;0;50;0;0;50;0;0;0;2;0.5;KÍ;EB - Streymur;2.46;0.79;1;0;0.5;0;100;100;100;100;50;0;0;0;0;0;0;1906;27;Y;Y;Y;N;N;N;Y
546042;6876;6877;2019;complete;4356;3;-1;-1,-1;-1,-1;2;2;4;-1;-1;-1;-1;-1;-1;-1;-1;-1;-1;-1;-1;-1;-1;-1;-1;-1;-1;-1;-1;-1;0;0;0;0;0;0;0;0;0;0;0;0;0;0;0;0;0;0;0;0;0;0;0;0;0;0;0;0;0;0;0;0;0;0;0;0;0;0;0;0;0;0;0;0;0;0;0;0;0;0;0;0;0;0;0;0;0;0;0;0;0;0;0;0;0;0;0;0;4;0;0;0;0;0;0;2019-03-31 15:00:00;-1;0;0;0;0;1;-1;-1;-1;-1;-1;-1;-1;-1;-1;-1;-1;-1;-1;-1;-1;0;0;0;0;0;0;0;-1;-1;-1;-1;-1;-1;-1;-1;-1;-1;-1;-1;-1;-1;-1;-1;-1;-1;-1;-1;-1;-1;-1;0;0;0;0;0;0;0;0;0;0;0;0;0;ÍF;TB;0.15;0.46;0;0;0;0;0;0;0;0;0;0;0;0;0;0;0;1906;25;Y;Y;Y;Y;N;N;Y
546043;5415;1211;2019;complete;4356;4;-1;22,33,39,42;47,90;4;2;6;1;6;7;-1;-1;3;1;1;0;7;8;4;7;11;15;-1;-1;50;50;4;1;1.8;3.55;3.5;0;0;1.4;2.04;0;0;0;2.88;1.76;0;0;0;0;0;0;0;1.29;1.29;1.91;0;0;0;0;0;0;0;0;0;0;0;0;0;0;0;0;0;0;0;0;0;0;0;0;0;0;0;0;0;0;0;0;0;0;0;0;0;0;0;0;0;0;0;0;0;0;6;4;0;0;2;2;4;2019-04-06 18:00:00;5415;0;50;50;0;0;1;1;1;2;0;4;3;4;1;0;3;1;1;4;1;35;87;122;173;1.45;2.15;3.6;1;0;1;0;0;0;1;1;0;0;0;1;0;0;-1;-1;-1;-1;-1;-1;-1;-1;-1;0;50;50;50;100;50;50;100;0;6;0;6;2.5;NSÍ;Víkingur;2.21;1.93;3;0;1.33;2;100;50;50;50;0;50;50;50;0;1.22;1.22;1906;27;Y;Y;Y;Y;Y;Y;Y
546044;6876;5404;2019;complete;4356;4;-1;54,85;6,24,30;2;3;5;-1;-1;-1;-1;-1;2;2;0;0;-1;-1;-1;-1;-1;-1;-1;-1;-1;-1;2;2;6;4.8;1.36;0;0;0;0;0;0;0;0;0;0;0;0;0;0;0;0;0;0;0;0;0;0;0;0;0;0;0;0;0;0;0;0;0;0;0;0;0;0;0;0;0;0;0;0;0;0;0;0;0;0;0;0;0;0;0;0;0;0;0;0;0;0;0;0;0;5;0;3;2;0;2;3;2019-04-07 15:30:00;5404;0;100;0;50;0;-1;1;-1;-1;-1;-1;-1;-1;0;0;2;2;0;4;-1;0;0;0;0;0;0;0;0;0;0;0;0;0;1;1;0;1;-1;-1;0;0;-1;-1;-1;-1;-1;-1;-1;-1;-1;0;50;100;100;100;0;0;50;50;0;0;3;3.5;ÍF;KÍ;0.15;2.36;1;0;0.33;1.33;100;50;0;0;0;0;0;0;0;0;0;1906;27;Y;Y;Y;Y;Y;N;Y
546045;66;985;2019;complete;4356;4;-1;39,53;67;2;1;3;3;6;9;-1;-1;2;5;0;1;6;6;4;4;10;10;-1;-1;50;50;2;6;2.95;3.55;2;0;0;1.7;2.61;0;0;0;2.1;1.41;0;1.61;2.32;0;0;0;0;1.73;1.29;1.36;3.52;2.28;2.62;3.3;2.56;2.43;0;0;0;0;0;0;0;0;0;0;0;0;0;0;0;2.14;15.25;1.75;0;0;0;0;0;0;0;0;0;0;1.28;1.92;0;0;3.34;1.79;0;0;0;0;0;0;3;1;0;1;1;2;1;2019-04-07 14:00:00;66;0;0;0;0;0;1;1;3;3;0;3;6;3;1;2;1;4;3;5;1;49;44;149;180;1.43;1.4;2.83;1;1;1;1;0;0;1;1;0;0;0;0;0;0;-1;-1;-1;-1;-1;-1;-1;-1;-1;0;0;0;0;50;0;50;0;0;0;0;7;0.5;B36;HB;2.29;1.46;3;1;3;1.67;100;100;100;100;50;0;0;0;0;0;0;1906;27;Y;Y;Y;N;N;N;Y
546046;6877;997;2019;complete;4356;4;-1;12;;1;0;1;-1;-1;-1;-1;-1;3;3;0;1;-1;-1;-1;-1;-1;-1;-1;-1;-1;-1;3;4;1.91;3.53;4.08;0;0;0;0;0;0;0;0;0;0;0;0;0;0;0;0;0;0;0;0;0;0;0;0;0;0;0;0;0;0;0;0;0;0;0;0;0;0;0;0;0;0;0;0;0;0;0;0;0;0;0;0;0;0;0;0;0;0;0;0;0;0;0;0;0;1;1;0;0;0;0;1;2019-04-07 14:00:00;6877;0;25;25;0;0;-1;1;-1;-1;-1;-1;-1;-1;0;1;3;3;1;6;-1;0;0;0;0;0;0;0;0;0;0;0;0;0;1;1;0;0;-1;-1;0;0;-1;-1;-1;-1;-1;-1;-1;-1;-1;0;0;25;25;50;25;25;50;0;0;0;1.5;1;TB;EB - Streymur;0.83;0.79;0;0;1;0;50;50;25;25;0;0;0;0;0;0;0;1906;25;Y;N;N;N;N;N;N
546047;6875;6872;2019;complete;4356;4;-1;;80;0;1;1;-1;-1;-1;-1;-1;3;2;0;0;-1;-1;-1;-1;-1;-1;-1;-1;-1;-1;3;2;2.64;3.62;2.53;0;0;0;0;0;0;0;0;0;0;0;0;0;0;0;0;0;0;0;0;0;0;0;0;0;0;0;0;0;0;0;0;0;0;0;0;0;0;0;0;0;0;0;0;0;0;0;0;0;0;0;0;0;0;0;0;0;0;0;0;0;0;0;0;0;1;0;0;0;1;1;0;2019-04-07 16:00:00;6872;0;50;0;0;0;-1;1;-1;-1;-1;-1;-1;-1;1;1;2;1;2;3;-1;0;0;0;0;0;0;0;0;0;0;0;0;0;1;1;0;0;-1;-1;0;0;-1;-1;-1;-1;-1;-1;-1;-1;-1;0;0;50;50;100;0;75;25;25;2;0;6;2;AB;Skála;0.57;1.69;1.5;0;1;2;100;100;50;50;0;0;0;0;0.79;0;0.79;1906;27;Y;N;N;N;N;N;N
546048;6877;985;2019;complete;4356;5;-1;-1;-1;1;1;2;-1;-1;-1;-1;-1;-1;-1;-1;-1;-1;-1;-1;-1;-1;-1;-1;-1;-1;-1;-1;-1;4;4;1.62;0;0;0;0;0;0;0;0;0;0;0;0;0;0;0;0;0;0;0;0;0;0;0;0;0;0;0;0;0;0;0;0;0;0;0;0;0;0;0;0;0;0;0;0;0;0;0;0;0;0;0;0;0;0;0;0;0;0;0;0;0;0;0;0;0;2;0;0;0;0;0;0;2019-04-14 14:00:00;-1;0;25;0;25;1;-1;-1;-1;-1;-1;-1;-1;-1;-1;-1;-1;-1;-1;-1;-1;0;0;0;0;0;0;0;-1;-1;-1;-1;-1;-1;-1;-1;-1;-1;-1;-1;-1;-1;-1;-1;-1;-1;-1;-1;-1;-1;-1;0;0;25;25;75;0;75;25;25;6;0;8;1.25;TB;HB;0.83;1.46;3;0.5;2;1.25;100;100;75;75;25;50;0;0;0;1.4;1.4;1906;25;Y;Y;N;N;N;N;Y
546049;1211;66;2019;complete;4356;5;-1;-1;;1;0;1;-1;-1;-1;-1;-1;-1;-1;-1;-1;-1;-1;-1;-1;-1;-1;-1;-1;-1;-1;-1;-1;2.63;3.6;2.2;0;0;1.62;0;0;0;0;2.25;0;0;0;0;0;0;0;0;1.62;1.29;1.44;0;0;0;0;0;0;0;0;0;0;0;0;0;0;0;0;0;0;0;0;0;0;0;0;0;0;0;0;0;0;0;0;0;0;0;0;0;0;0;0;0;0;0;0;0;0;1;0;0;0;0;0;0;2019-04-26 17:00:00;1211;0;75;0;25;1;-1;-1;-1;-1;-1;-1;-1;-1;-1;-1;-1;-1;-1;-1;-1;0;0;0;0;0;0;0;-1;-1;-1;-1;-1;-1;-1;-1;-1;-1;-1;-1;-1;-1;-1;-1;-1;-1;-1;-1;-1;-1;-1;0;0;100;100;100;0;25;75;75;5;0;3.5;3;Víkingur;B36;2;2.38;3;3;1.8;2.4;100;100;0;0;0;0;0;0;0;1.38;1.38;1906;27;Y;N;N;N;N;N;N
546050;5404;5415;2019;complete;4356;5;-1;18,37;;2;0;2;3;7;10;-1;-1;3;1;1;0;7;0;5;9;12;9;-1;-1;50;50;5;1;2.15;3.65;2.55;1.03;1.17;1.6;2.4;4.5;10.5;4.5;2.3;1.5;1.17;1.55;2.3;0;0;0;0;1.44;1.25;1.62;2.78;2.34;3.15;2.59;2.63;2.96;0;0;0;0;0;0;0;0;0;0;0;0;0;0;0;1.83;17;2;0;0;0;0;0;0;0;0;0;0;1.25;2.27;5.5;12;3.56;1.56;1.13;1.02;0;0;0;0;2;2;0;0;0;0;2;2019-04-14 14:00:00;5404;0;50;25;0;0;1;1;2;3;1;4;5;5;1;0;3;1;1;4;1;57;100;135;182;1.67;1.31;2.99;0;0;0;0;0;0;1;1;0;0;0;0;0;0;-1;-1;-1;-1;-1;-1;-1;-1;-1;0;0;25;75;75;50;75;50;0;4;0;5.5;1.75;KÍ;NSÍ;2.46;2;2;0.5;1.75;1.75;100;100;75;25;25;50;50;50;0;1.29;1.29;1906;27;Y;Y;N;N;N;N;N
546051;997;6875;2019;complete;4356;5;-1;-1,-1,-1,-1,-1;-1;5;1;6;-1;-1;-1;-1;-1;-1;-1;-1;-1;-1;-1;-1;-1;-1;-1;-1;-1;-1;-1;-1;-1;1.91;3.6;3.25;0;0;0;0;0;0;0;0;0;0;0;0;0;0;0;0;0;0;0;0;0;0;0;0;0;0;0;0;0;0;0;0;0;0;0;0;0;0;0;0;0;0;0;0;0;0;0;0;0;0;0;0;0;0;0;0;0;0;0;0;0;0;0;0;0;6;0;0;0;0;0;0;2019-04-14 15:00:00;997;0;100;0;50;1;-1;-1;-1;-1;-1;-1;-1;-1;-1;-1;-1;-1;-1;-1;-1;0;0;0;0;0;0;0;-1;-1;-1;-1;-1;-1;-1;-1;-1;-1;-1;-1;-1;-1;-1;-1;-1;-1;-1;-1;-1;-1;-1;0;0;100;100;100;0;50;50;50;7;0;1;3;EB - Streymur;AB;0.54;1;0;0;0;0.75;100;100;0;0;0;50;50;50;0;1.14;1.14;1906;27;Y;Y;Y;Y;Y;Y;Y
546052;6876;6872;2019;complete;4356;5;-1;;-1,-1,-1;0;3;3;-1;-1;-1;-1;-1;-1;-1;-1;-1;-1;-1;-1;-1;-1;-1;-1;-1;-1;-1;-1;-1;5.5;4;1.45;0;0;0;0;0;0;0;0;0;0;0;0;0;0;0;0;0;0;0;0;0;0;0;0;0;0;0;0;0;0;0;0;0;0;0;0;0;0;0;0;0;0;0;0;0;0;0;0;0;0;0;0;0;0;0;0;0;0;0;0;0;0;0;0;0;3;0;0;0;0;0;0;2019-04-14 14:00:00;6872;0;50;0;0;1;-1;-1;-1;-1;-1;-1;-1;-1;-1;-1;-1;-1;-1;-1;-1;0;0;0;0;0;0;0;-1;-1;-1;-1;-1;-1;-1;-1;-1;-1;-1;-1;-1;-1;-1;-1;-1;-1;-1;-1;-1;-1;-1;25;50;50;50;100;25;50;50;25;0;0;4;2.75;ÍF;Skála;0.15;1.69;0.5;1.5;0.25;2.25;75;50;50;50;0;0;0;0;0;0;0;1906;27;Y;Y;Y;N;N;N;N
546053;5415;6876;2019;complete;4356;6;-1;64,80,90;26;3;1;4;-1;-1;-1;-1;-1;2;2;0;0;-1;-1;-1;-1;-1;-1;-1;-1;-1;-1;2;2;1.2;6;9;0;0;0;0;0;0;0;0;0;0;0;0;0;0;0;0;0;0;0;0;0;0;0;0;0;0;0;0;0;0;0;0;0;0;0;0;0;0;0;0;0;0;0;0;0;0;0;0;0;0;0;0;0;0;0;0;0;0;0;0;0;0;0;0;0;4;0;1;3;0;3;1;2019-04-18 18:00:00;5415;0;50;0;0;0;-1;1;-1;-1;-1;-1;-1;-1;0;1;2;1;1;3;-1;0;0;0;0;0;0;0;0;0;0;0;0;0;1;1;0;0;-1;-1;0;0;-1;-1;-1;-1;-1;-1;-1;-1;-1;25;25;75;75;100;25;25;75;50;1;0;6;3.25;NSÍ;ÍF;2.21;0.29;3;0;1.4;0.2;75;75;25;25;0;0;0;0;1.45;0;1.45;1906;27;Y;Y;Y;Y;N;N;Y
546054;66;5404;2019;complete;4356;6;-1;;-1,-1,-1;0;3;3;-1;-1;-1;-1;-1;-1;-1;-1;-1;-1;-1;-1;-1;-1;-1;-1;-1;-1;-1;-1;-1;2;3.35;3.1;1.02;1.13;1.47;2.2;3.5;12;5.5;2.63;1.62;1.25;1.44;2.79;0;0;0;0;1.24;1.19;1.61;2.52;2.35;3.54;2.36;2.61;3.36;0;0;0;0;0;0;0;0;0;0;0;0;0;0;0;1.7;20;2.14;0;0;0;0;0;0;0;0;0;0;0;2.02;3.15;0;0;1.71;1.31;0;0;0;0;0;3;0;0;0;0;0;0;2019-04-18 14:00:00;5404;0;75;0;50;1;-1;-1;-1;-1;-1;-1;-1;-1;-1;-1;-1;-1;-1;-1;-1;0;0;0;0;0;0;0;-1;-1;-1;-1;-1;-1;-1;-1;-1;-1;-1;-1;-1;-1;-1;-1;-1;-1;-1;-1;-1;-1;-1;25;25;75;75;100;25;75;75;75;3;0;5;3;B36;KÍ;2.29;2.36;3;1.5;3;2;75;75;25;25;0;50;0;0;1.43;0;1.43;1906;27;Y;Y;Y;N;N;N;N
546055;6877;1211;2019;complete;4356;6;-1;-1;-1,-1;1;2;3;-1;-1;-1;-1;-1;-1;-1;-1;-1;-1;-1;-1;-1;-1;-1;-1;-1;-1;-1;-1;-1;2.1;3.5;2.9;1.02;1.13;1.44;2.1;3.5;12;5.5;2.7;1.67;1.25;1.4;2.73;0;0;0;0;1.35;1.24;1.67;2.56;2.38;3.4;2.39;2.66;3.22;0;0;0;0;0;0;0;0;0;0;0;0;0;0;0;1.73;20.5;2.09;0;0;0;0;0;0;0;0;0;0;0;2.03;3.15;0;0;1.7;1.31;0;0;0;0;0;3;0;0;0;0;0;0;2019-04-18 14:00:00;1211;0;75;25;0;1;-1;-1;-1;-1;-1;-1;-1;-1;-1;-1;-1;-1;-1;-1;-1;0;0;0;0;0;0;0;-1;-1;-1;-1;-1;-1;-1;-1;-1;-1;-1;-1;-1;-1;-1;-1;-1;-1;-1;-1;-1;-1;-1;25;50;50;75;100;50;75;50;25;6;0;5.5;3.25;TB;Víkingur;0.83;1.93;2;0;1.67;1.5;75;50;50;25;0;25;25;25;0;1.68;1.68;1906;25;Y;Y;Y;N;N;N;Y
546056;6872;997;2019;complete;4356;6;-1;-1;-1,-1;1;2;3;-1;-1;-1;-1;-1;-1;-1;-1;-1;-1;-1;-1;-1;-1;-1;-1;-1;-1;-1;-1;-1;1.56;3.95;4.45;0;0;0;0;0;0;0;0;0;0;0;0;0;0;0;0;0;0;0;0;0;0;0;0;0;0;0;0;0;0;0;0;0;0;0;0;0;0;0;0;0;0;0;0;0;0;0;0;0;0;0;0;0;0;0;0;0;0;0;0;0;0;0;0;0;3;0;0;0;0;0;0;2019-04-18 14:00:00;997;0;17;17;0;1;-1;-1;-1;-1;-1;-1;-1;-1;-1;-1;-1;-1;-1;-1;-1;0;0;0;0;0;0;0;-1;-1;-1;-1;-1;-1;-1;-1;-1;-1;-1;-1;-1;-1;-1;-1;-1;-1;-1;-1;-1;-1;-1;0;0;17;67;100;42;59;34;0;0;0;4.33;1.84;Skála;EB - Streymur;1.07;0.79;3;0;2.4;0.6;100;100;84;34;0;0;0;0;0;0;0;1906;27;Y;Y;Y;N;N;N;Y
546057;985;6875;2019;complete;4356;6;-1;16,45,50,73;32,47,57;4;3;7;5;7;12;3;1;1;3;0;0;8;5;5;13;13;18;9;12;62;38;1;3;1.24;5.15;8.25;1.01;1.2;1.67;2.7;0;10.25;3.95;2.05;1.39;1.14;2.1;1.65;0;0;0;0;1.07;1.12;3.75;0;0;0;0;0;0;0;0;0;0;0;0;0;0;0;0;0;0;0;0;0;0;0;0;0;0;0;0;0;0;0;0;0;0;0;0;0;0;0;0;0;0;0;0;0;0;7;2;1;2;2;4;3;2019-04-18 17:15:00;985;0;100;25;50;0;1;1;5;3;0;4;8;4;0;0;1;3;0;4;1;50;27;115;82;1.75;1.68;3.43;0;0;0;0;0;0;1;1;0;0;2;0;0;0;-1;-1;-1;-1;-1;-1;-1;-1;-1;25;50;75;100;100;25;75;75;25;15.5;0;4.5;3.75;HB;AB;2.29;1;2;0;1.2;0.6;75;50;25;0;0;100;100;100;2.22;1.14;3.36;1906;27;Y;Y;Y;Y;Y;Y;Y
546058;985;6872;2019;complete;4356;7;-1;;44,58;0;2;2;7;5;12;-1;-1;3;3;0;0;9;4;3;7;12;11;-1;-1;50;50;3;3;1.61;4;4;0;0;1.65;0;0;0;0;2.2;0;0;0;0;0;0;0;0;1.22;1.22;2.2;0;0;0;0;0;0;0;0;0;0;0;0;0;0;0;0;0;0;0;0;0;0;0;0;0;0;0;0;0;0;0;0;0;0;0;0;0;0;0;0;0;0;0;0;0;0;2;0;1;0;1;1;1;2019-04-28 14:00:00;6872;0;50;34;17;0;1;1;1;1;6;4;2;10;2;2;1;1;4;2;1;86;48;212;141;2.04;1.34;3.38;0;1;0;1;0;0;1;1;0;0;0;0;0;0;-1;-1;-1;-1;-1;-1;-1;-1;-1;17;34;50;67;100;34;67;67;17;7.33;0;4.67;3;HB;Skála;2.29;1.69;2.33;2;1.5;2;84;67;50;34;0;50;50;50;2.06;0;2.06;1906;27;Y;Y;N;N;N;N;N
546059;6875;1211;2019;complete;4356;7;-1;40;32,42,90;1;3;4;6;3;9;0;2;2;2;0;0;5;5;3;3;8;8;10;8;53;47;2;2;3.2;3.95;1.8;0;0;0;0;0;0;0;0;0;0;0;0;0;0;0;0;0;0;0;0;0;0;0;0;0;0;0;0;0;0;0;0;0;0;0;0;0;0;0;0;0;0;0;0;0;0;0;0;0;0;0;0;0;0;0;0;0;0;0;0;0;0;0;0;0;4;1;2;0;1;1;3;2019-04-30 17:00:00;1211;0;84;25;0;0;1;1;2;1;4;2;3;6;1;1;1;1;2;2;1;54;45;176;144;1.28;1.2;2.48;0;1;0;1;0;0;1;1;0;0;0;1;0;0;-1;-1;-1;-1;-1;-1;-1;-1;-1;17;34;84;84;100;34;50;67;33;8;0;6;3.33;AB;Víkingur;0.57;1.93;1;1;0.5;2;84;67;17;17;0;25;25;25;0.79;1.68;2.47;1906;27;Y;Y;Y;Y;N;N;Y
546060;5404;6877;2019;complete;4356;7;-1;10,12,17,33,53,60,75;;7;0;7;-1;-1;-1;-1;-1;0;3;0;0;-1;-1;-1;-1;-1;-1;-1;-1;-1;-1;0;3;1.36;4.5;6.5;0;0;0;0;0;0;0;0;0;0;0;0;0;0;0;0;0;0;0;0;0;0;0;0;0;0;0;0;0;0;0;0;0;0;0;0;0;0;0;0;0;0;0;0;0;0;0;0;0;0;0;0;0;0;0;0;0;0;0;0;0;0;0;0;0;7;4;0;3;0;3;4;2019-04-28 14:00:00;5404;0;67;17;0;0;-1;1;-1;-1;-1;-1;-1;-1;0;2;0;1;2;1;-1;0;0;0;0;0;0;0;3;0;3;0;0;0;1;1;1;0;-1;-1;0;1;-1;-1;-1;-1;-1;-1;-1;-1;-1;0;50;67;84;84;34;34;17;0;3;0;3.67;2.84;KÍ;TB;2.46;0.46;2.33;1;2.17;1.25;100;50;34;17;17;50;50;0;1.67;0;1.67;1906;25;Y;Y;Y;Y;Y;Y;N
546061;5415;66;2019;complete;4356;7;-1;47,72;18;2;1;3;8;0;8;-1;-1;1;2;0;0;6;4;11;4;17;8;-1;-1;50;50;1;2;2.05;3.6;2.75;1.03;1.17;1.6;2.5;4.5;10.5;4.5;2.3;1.5;1.17;1.5;2.5;0;0;0;0;1.36;1.22;1.62;2.63;2.25;3.5;2.4;2.63;3.1;0;0;0;0;0;0;0;0;0;0;0;0;0;0;0;1.73;14;2.1;0;0;0;0;0;0;0;0;0;0;1.29;2.38;5.5;11;3.25;1.53;1.13;1.02;0;0;0;0;3;0;1;2;0;2;1;2019-04-30 18:00:00;5415;0;67;0;0;0;-1;1;-1;-1;-1;-1;-1;-1;0;0;1;2;0;3;1;54;38;91;93;1.88;1.07;2.95;0;0;0;0;0;0;1;1;0;0;-1;-1;0;0;-1;-1;-1;-1;-1;-1;-1;-1;-1;17;34;67;67;100;17;50;67;50;6;0;3.67;3;NSÍ;B36;2.21;2.38;3;2;1.67;2;84;67;33;33;0;0;0;0;1.45;1.38;2.83;1906;27;Y;Y;Y;N;N;N;Y
546062;997;6876;2019;complete;4356;7;-1;;43,67;0;2;2;3;3;6;-1;-1;5;1;0;0;6;5;7;6;13;11;-1;-1;50;50;5;1;1.42;4.3;5.35;0;0;1.33;0;0;0;0;3.4;0;0;0;0;0;0;0;0;1.12;1.2;2.62;0;0;0;0;0;0;0;0;0;0;0;0;0;0;0;0;0;0;0;0;0;0;0;0;0;0;0;0;0;0;0;0;0;0;0;0;0;0;0;0;0;0;0;0;0;0;2;0;1;0;1;1;1;2019-04-29 18:00:00;6876;0;84;0;0;0;1;1;0;1;3;2;1;5;2;0;3;1;2;4;1;71;67;143;174;1.77;1.55;3.32;0;0;0;0;0;0;1;1;0;0;0;0;0;0;-1;-1;-1;-1;-1;-1;-1;-1;-1;25;42;100;100;100;0;17;34;34;0;0;2.5;3.92;EB - Streymur;ÍF;0.54;0.29;1.5;0;1;0.17;75;59;0;0;0;0;0;0;0;0;0;1906;27;Y;Y;N;N;N;N;N
546063;66;6876;2019;complete;4356;8;-1;24,59,90;;3;0;3;-1;-1;-1;-1;-1;3;1;0;0;-1;-1;-1;-1;-1;-1;-1;-1;-1;-1;3;1;1.22;5.5;9.5;0;0;0;0;0;0;0;0;0;0;0;0;0;0;0;0;0;0;0;0;0;0;0;0;0;0;0;0;0;0;0;0;0;0;0;0;0;0;0;0;0;0;0;0;0;0;0;0;0;0;0;0;0;0;0;0;0;0;0;0;0;0;0;0;0;3;1;0;2;0;2;1;2019-05-05 14:00:00;66;0;42;0;25;0;-1;1;-1;-1;-1;-1;-1;-1;1;1;2;0;2;2;-1;0;0;0;0;0;0;0;0;0;0;0;0;0;1;1;0;0;-1;-1;0;0;-1;-1;-1;-1;-1;-1;-1;-1;-1;0;13;71;84;100;0;59;54;42;6;0;4.5;2.67;B36;ÍF;2.29;0.29;2;0.75;1.71;0.57;100;88;29;17;0;50;0;0;1.43;1.55;2.98;1906;27;Y;Y;Y;N;N;N;N
546064;6877;5415;2019;complete;4356;8;-1;;27,34,56;0;3;3;-1;-1;-1;-1;-1;2;2;0;0;-1;-1;-1;-1;-1;-1;-1;-1;-1;-1;2;2;0;0;0;0;0;0;0;0;0;0;0;0;0;0;0;0;0;0;0;0;0;0;0;0;0;0;0;0;0;0;0;0;0;0;0;0;0;0;0;0;0;0;0;0;0;0;0;0;0;0;0;0;0;0;0;0;0;0;0;0;0;0;0;0;0;0;0;0;3;0;2;0;1;1;2;2019-05-05 14:00:00;5415;0;50;0;0;0;-1;1;-1;-1;-1;-1;-1;-1;0;0;2;2;0;4;-1;0;0;0;0;0;0;0;0;1;0;1;0;0;1;1;0;0;-1;-1;0;0;-1;-1;-1;-1;-1;-1;-1;-1;-1;0;0;17;84;100;34;67;17;0;5.5;0;5;2;TB;NSÍ;0.83;2;1.33;0.33;1;1.86;100;100;84;17;0;50;50;25;0;1.3;1.3;1906;25;Y;Y;Y;N;N;N;N
546065;6875;5404;2019;complete;4356;8;-1;;34,48,49,90;0;4;4;2;10;12;-1;-1;1;1;0;0;0;13;7;8;7;21;-1;-1;50;50;1;1;6.7;5.5;1.27;1.01;1.11;1.4;2;3.2;15;6;2.88;1.73;1.3;1.67;2.08;0;0;0;0;3.25;1.14;1.11;6;2.75;1.74;5.9;3.22;1.6;0;0;0;0;0;0;0;0;0;0;0;0;0;0;0;3.66;11.25;1.35;0;0;0;0;0;0;0;0;0;0;0;2.01;2.95;0;0;1.72;1.35;0;0;0;0;0;4;0;1;0;3;3;1;2019-05-05 14:00:00;5404;0;71;17;25;0;1;1;1;6;1;4;7;5;0;0;1;1;0;2;1;61;100;135;157;0.9;2.96;3.86;0;0;0;0;0;0;1;1;0;0;0;0;0;0;-1;-1;-1;-1;-1;-1;-1;-1;-1;17;29;88;88;100;29;42;71;46;4;0;5.5;3.21;AB;KÍ;0.57;2.36;0.75;2;0.43;2.29;84;71;13;13;0;25;0;0;1.04;0;1.04;1906;27;Y;Y;Y;Y;N;N;N
546066;6872;1211;2019;complete;4356;8;-1;53,90;43,58,61;2;3;5;-1;-1;-1;-1;-1;2;1;0;0;-1;-1;-1;-1;-1;-1;-1;-1;-1;-1;2;1;2.2;3.4;2.75;0;0;0;0;0;0;0;0;0;0;0;0;0;0;0;0;0;0;0;0;0;0;0;0;0;0;0;0;0;0;0;0;0;0;0;0;0;0;0;0;0;0;0;0;0;0;0;0;0;0;0;0;0;0;0;0;0;0;0;0;0;0;0;0;0;5;0;1;2;2;4;1;2019-05-05 14:00:00;1211;0;67;34;0;0;-1;1;-1;-1;-1;-1;-1;-1;1;0;1;1;1;2;-1;0;0;0;0;0;0;0;0;0;0;0;0;0;1;1;0;0;-1;-1;0;0;-1;-1;-1;-1;-1;-1;-1;-1;-1;13;38;67;100;100;54;54;38;13;5;0;4.33;3.29;Skála;Víkingur;1.07;1.93;2;1.5;2.14;2.14;88;63;34;0;0;34;17;17;0;1.52;1.52;1906;27;Y;Y;Y;Y;Y;N;Y
546067;997;985;2019;complete;4356;8;-1;;61,66,81;0;3;3;-1;-1;-1;-1;-1;3;5;0;0;-1;-1;-1;-1;-1;-1;-1;-1;-1;-1;3;5;4.2;3.75;1.67;0;0;0;0;0;0;0;0;0;0;0;0;0;0;0;0;0;0;0;0;0;0;0;0;0;0;0;0;0;0;0;0;0;0;0;0;0;0;0;0;0;0;0;0;0;0;0;0;0;0;0;0;0;0;0;0;0;0;0;0;0;0;0;0;0;3;0;0;0;3;3;0;2019-05-05 14:00:00;985;0;67;0;25;0;-1;1;-1;-1;-1;-1;-1;-1;1;4;2;1;5;3;-1;0;0;0;0;0;0;0;0;0;0;0;0;0;1;1;0;0;-1;-1;0;0;-1;-1;-1;-1;-1;-1;-1;-1;-1;17;17;50;84;84;0;33;33;17;9;0;10;2.67;EB - Streymur;HB;0.54;1.46;1;0.67;0.86;1.29;84;84;50;17;17;50;0;0;1.77;1.4;3.17;1906;27;Y;Y;Y;N;N;N;N
546068;6872;5404;2019;complete;4356;9;-1;;27;0;1;1;3;9;12;-1;-1;1;4;0;1;4;8;6;10;10;18;-1;-1;50;50;1;5;3.05;3.7;1.91;0;0;1.57;0;0;0;0;2.35;0;0;0;0;0;0;0;0;1.8;1.25;1.36;0;0;0;0;0;0;0;0;0;0;0;0;0;0;0;0;0;0;0;0;0;0;0;0;0;0;0;0;0;0;0;0;0;0;0;0;0;0;0;0;0;0;0;0;0;0;1;0;1;0;0;0;1;2019-05-13 17:00:00;5404;0;50;0;42;0;1;1;1;5;2;4;6;6;1;0;0;5;1;5;1;83;79;188;139;1.54;2.27;3.81;0;0;0;0;0;0;1;1;0;0;0;0;0;0;-1;-1;-1;-1;-1;-1;-1;-1;-1;25;38;75;100;100;25;50;50;50;10;0;4;3.38;Skála;KÍ;1.07;2.36;1.5;2.25;1.88;2.38;75;63;25;0;0;50;50;50;0;2.96;2.96;1906;27;Y;N;N;N;N;N;N
546069;6876;985;2019;complete;4356;9;-1;;67,79;0;2;2;-1;-1;-1;-1;-1;3;1;0;0;-1;-1;-1;-1;-1;-1;-1;-1;-1;-1;3;1;6;4.95;1.31;0;0;0;0;0;0;0;0;0;0;0;0;0;0;0;0;0;0;0;0;0;0;0;0;0;0;0;0;0;0;0;0;0;0;0;0;0;0;0;0;0;0;0;0;0;0;0;0;0;0;0;0;0;0;0;0;0;0;0;0;0;0;0;0;0;2;0;0;0;2;2;0;2019-05-12 14:00:00;985;0;59;0;17;0;-1;1;-1;-1;-1;-1;-1;-1;1;1;2;0;2;2;-1;0;0;0;0;0;0;0;0;0;0;0;0;0;1;1;0;0;-1;-1;0;0;-1;-1;-1;-1;-1;-1;-1;-1;-1;17;34;75;88;88;17;29;42;42;6;0;7;3;ÍF;HB;0.15;1.46;0.33;1.25;0.5;1.5;84;67;25;13;13;50;0;0;0;1.4;1.4;1906;27;Y;Y;N;N;N;N;N
546070;1211;997;2019;complete;4356;9;-1;71;42;1;1;2;17;4;21;-1;-1;2;2;1;0;7;3;12;3;19;6;-1;-1;50;50;3;2;1.42;4.2;5.45;0;0;1.5;0;0;0;0;2.5;0;0;0;0;0;0;0;0;1.12;1.22;2.62;0;0;0;0;0;0;0;0;0;0;0;0;0;0;0;0;0;0;0;0;0;0;0;0;0;0;0;0;0;0;0;0;0;0;0;0;0;0;0;0;0;0;0;0;0;0;2;0;1;1;0;1;1;2019-05-13 17:00:00;-1;0;42;17;25;0;1;1;3;3;14;1;6;15;2;0;1;2;2;3;1;78;24;117;75;2.25;0.77;3.02;0;1;0;1;0;0;1;1;0;0;1;0;0;0;-1;-1;-1;-1;-1;-1;-1;-1;-1;0;0;59;59;100;13;25;59;34;0;0;4.83;2.17;Víkingur;EB - Streymur;2;0.79;3;0.75;2.25;0.75;100;100;42;42;0;0;0;0;0;0;0;1906;27;Y;Y;N;N;N;N;Y
546071;5415;6875;2019;complete;4356;9;-1;2,17,63,71,90;51;5;1;6;5;3;8;-1;-1;3;0;0;0;8;5;7;7;15;12;-1;-1;50;50;3;0;1.14;7;9.25;1.01;1.1;1.4;2.04;3.08;15;6;2.88;1.76;1.31;1.8;1.91;0;0;0;0;1.04;1.08;4.5;1.55;2.97;8.1;1.36;3.6;8.5;0;0;0;0;0;0;0;0;0;0;0;0;0;0;0;1.17;23;4.5;0;0;0;0;0;0;0;0;0;0;1.2;2.01;4.5;9.5;4;1.72;1.17;1.04;0;0;0;0;6;2;0;3;1;4;2;2019-05-12 18:00:00;5415;0;88;25;50;0;1;1;2;1;3;2;3;5;1;0;2;0;1;2;1;60;53;128;180;1.95;1.52;3.47;0;0;0;0;0;0;1;1;1;0;1;0;0;0;-1;-1;-1;-1;-1;-1;-1;-1;-1;46;59;88;88;100;29;71;84;71;11.5;0;4.25;4.42;NSÍ;AB;2.21;1;3;0;2;0.38;54;42;13;13;0;50;50;50;1.67;1.41;3.08;1906;27;Y;Y;Y;Y;Y;Y;Y
546072;66;6877;2019;complete;4356;9;-1;16;;1;0;1;4;5;9;-1;-1;1;5;0;0;6;4;7;6;13;10;-1;-1;50;50;1;5;1.37;5;5.15;1.02;1.13;1.51;2.31;3.56;12;5.5;2.35;1.6;1.24;1.67;2.08;0;0;0;0;1.11;1.17;2.57;1.9;2.56;5.3;1.67;3;5;0;0;0;0;0;0;0;0;0;0;0;0;0;0;0;1.36;18;3.1;0;0;0;0;0;0;0;0;0;0;0;2.18;0;0;0;1.61;0;0;0;0;0;0;1;1;0;0;0;0;1;2019-05-12 14:00:00;66;0;38;0;17;0;-1;1;-1;-1;-1;-1;-1;-1;0;2;1;3;2;4;1;0;0;0;0;1.8;1.37;3.16;0;0;0;0;0;0;1;1;0;0;-1;-1;0;0;-1;-1;-1;-1;-1;-1;-1;-1;-1;25;50;88;88;100;25;63;50;50;3;0;5.67;4;B36;TB;2.29;0.46;2.25;0.5;1.88;0.83;75;50;13;13;0;50;0;0;1.43;0;1.43;1906;25;Y;N;N;N;N;N;N
546073;6876;1211;2019;complete;4356;10;-1;;19,22,25,64;0;4;4;2;16;18;-1;-1;2;0;0;0;2;8;3;8;5;16;-1;-1;50;50;2;0;5.75;4.85;1.34;0;0;1.4;0;0;0;0;2.88;0;0;0;0;0;0;0;0;3;1.17;1.12;0;0;0;0;0;0;0;0;0;0;0;0;0;0;0;0;0;0;0;0;0;0;0;0;0;0;0;0;0;0;0;0;0;0;0;0;0;0;0;0;0;0;0;0;0;0;4;0;3;0;1;1;3;2019-05-17 18:00:00;1211;0;75;25;13;0;1;1;1;9;1;7;10;8;0;0;2;0;0;2;1;50;94;119;133;0.84;2.25;3.09;0;0;0;0;0;0;1;1;0;0;0;2;0;0;-1;-1;-1;-1;-1;-1;-1;-1;-1;33;65;88;100;100;43;53;65;45;5;0;4.5;3.95;ÍF;Víkingur;0.15;1.93;0.25;1.8;0.44;2.11;68;35;13;0;0;34;17;17;0;1.52;1.52;1906;27;Y;Y;Y;Y;N;N;N
546074;985;5404;2019;complete;4356;10;-1;29,33,36,77;43;4;1;5;-1;-1;-1;-1;-1;4;1;0;0;-1;-1;-1;-1;-1;-1;-1;-1;-1;-1;4;1;3.85;3.8;1.67;0;1.18;1.6;2.35;0;0;4.2;2.31;1.51;0;1.59;2.21;0;0;0;0;2.06;1.22;1.19;4.3;2.42;2.18;4.1;2.75;2.01;0;0;0;0;0;0;0;0;0;0;0;0;0;0;0;2.73;9.7;1.58;0;0;0;0;0;0;0;0;0;0;1.29;2.27;5.5;0;3.25;1.57;1.13;0;0;0;0;0;5;3;1;1;0;1;4;2019-05-19 14:00:00;985;0;58;25;25;0;-1;1;-1;-1;-1;-1;-1;-1;1;0;3;1;1;4;-1;0;0;0;0;0;0;0;0;0;0;0;0;0;1;1;0;0;-1;-1;0;0;-1;-1;-1;-1;-1;-1;-1;-1;-1;23;45;65;90;100;35;80;80;43;16.75;0;5.5;3.48;HB;KÍ;2.29;2.36;1.75;2.4;1.67;2.44;78;55;35;10;0;100;100;100;2.06;2.61;4.67;1906;27;Y;Y;Y;Y;Y;N;Y
546075;6875;6877;2019;complete;4356;10;-1;8,90;23,35;2;2;4;11;5;16;-1;-1;1;3;0;1;9;6;7;4;16;10;-1;-1;50;50;1;5;2.6;3.55;2.2;1.03;1.17;1.62;2.63;4.5;10;4.5;2.25;1.44;1.17;1.5;2.5;0;0;0;0;1.53;1.22;1.4;3.1;2.2;2.88;2.8;2.63;2.63;0;0;0;0;0;0;0;0;0;0;0;0;0;0;0;2;13;1.91;0;0;0;0;0;0;0;0;0;0;1.29;2.38;5.5;12;3.25;1.53;1.13;1.02;0;0;0;0;4;1;2;1;0;1;3;2019-05-19 16:00:00;-1;0;47;13;0;0;1;1;3;4;8;1;7;9;0;1;1;3;1;4;1;71;52;177;124;2.17;1.44;3.61;0;0;0;0;0;0;1;1;1;0;1;0;0;0;-1;-1;-1;-1;-1;-1;-1;-1;-1;17;54;74;74;100;27;64;57;37;8.33;0;6.5;3.5;AB;TB;0.57;0.46;0.6;0.33;0.33;0.71;84;47;27;27;0;84;17;17;0.99;1.37;2.36;1906;25;Y;Y;Y;Y;N;N;Y
546076;6872;66;2019;complete;4356;10;-1;-1;-1,-1;1;2;3;-1;-1;-1;-1;-1;-1;-1;-1;-1;-1;-1;-1;-1;-1;-1;-1;-1;-1;-1;-1;-1;3.05;3.6;1.91;0;0;0;0;0;0;0;0;0;0;0;0;0;0;0;0;0;0;0;0;0;0;0;0;0;0;0;0;0;0;0;0;0;0;0;0;0;0;0;0;0;0;0;0;0;0;0;0;0;0;0;0;0;0;0;0;0;0;0;0;0;0;0;0;0;3;0;0;0;0;0;0;2019-05-17 17:00:00;66;0;58;0;17;1;-1;-1;-1;-1;-1;-1;-1;-1;-1;-1;-1;-1;-1;-1;-1;0;0;0;0;0;0;0;-1;-1;-1;-1;-1;-1;-1;-1;-1;-1;-1;-1;-1;-1;-1;-1;-1;-1;-1;-1;-1;-1;-1;10;10;58;78;100;10;55;35;35;5.5;0;3.17;2.55;Skála;B36;1.07;2.38;1.2;1.5;1.67;2;90;90;43;23;0;50;50;50;1.54;1.22;2.76;1906;27;Y;Y;Y;N;N;N;Y
546077;997;5415;2019;complete;4356;10;-1;3;2,9,30,37,41,52,70,82;1;8;9;-1;-1;-1;-1;-1;1;1;0;0;-1;-1;-1;-1;-1;-1;-1;-1;-1;-1;1;1;4.7;4.05;1.5;0;0;0;0;0;0;0;0;0;0;0;0;0;0;0;0;0;0;0;0;0;0;0;0;0;0;0;0;0;0;0;0;0;0;0;0;0;0;0;0;0;0;0;0;0;0;0;0;0;0;0;0;0;0;0;0;0;0;0;0;0;0;0;0;0;9;1;5;0;3;3;6;2019-05-19 14:00:00;5415;0;38;0;0;0;-1;1;-1;-1;-1;-1;-1;-1;0;0;1;1;0;2;-1;0;0;0;0;0;0;0;0;0;0;0;0;0;1;1;1;2;-1;-1;0;0;-1;-1;-1;-1;-1;-1;-1;-1;-1;13;13;50;100;100;38;63;50;13;8.5;0;6;2.88;EB - Streymur;NSÍ;0.54;2;0.75;1;0.78;2.11;88;88;50;0;0;50;50;25;1.77;1.3;3.07;1906;27;Y;Y;Y;Y;Y;Y;Y
546078;1211;985;2019;complete;4356;11;-1;5;;1;0;1;2;7;9;-1;-1;1;3;0;0;3;6;5;9;8;15;-1;-1;50;50;1;3;2.9;3.65;2;1.04;1.24;1.8;2.72;5.5;9.5;3.56;2;1.39;1.13;1.57;2.25;0;0;0;0;1.72;1.25;1.4;3.5;2.2;2.75;3.2;2.5;2.5;0;0;0;0;0;0;0;0;0;0;0;0;0;0;0;2.1;11;1.83;0;0;0;0;0;0;0;0;0;0;1.3;2.52;6;12;3.25;1.47;1.1;1.02;0;0;0;0;1;1;0;0;0;0;1;2019-05-27 17:00:00;1211;0;45;0;29;0;1;1;0;3;2;4;3;6;1;1;0;2;2;2;1;45;105;128;212;1.06;2.15;3.21;0;0;0;0;0;0;1;1;1;0;0;0;0;0;-1;-1;-1;-1;-1;-1;-1;-1;-1;0;0;45;78;90;0;23;68;55;23;0;6.67;2.13;Víkingur;HB;2;1.46;2.5;1.6;2.2;1.8;100;100;55;23;10;100;50;50;2.25;1.4;3.65;1906;27;Y;N;N;N;N;N;N
546079;5404;997;2019;complete;4356;11;-1;41,45,62,75;;4;0;4;-1;-1;-1;-1;-1;2;1;0;0;-1;-1;-1;-1;-1;-1;-1;-1;-1;-1;2;1;1.21;5.45;8.5;0;0;0;0;0;0;0;0;0;0;0;0;0;0;0;0;0;0;0;0;0;0;0;0;0;0;0;0;0;0;0;0;0;0;0;0;0;0;0;0;0;0;0;0;0;0;0;0;0;0;0;0;0;0;0;0;0;0;0;0;0;0;0;0;0;4;2;0;2;0;2;2;2019-05-26 14:00:00;5404;0;43;25;0;0;-1;1;-1;-1;-1;-1;-1;-1;2;1;0;0;3;0;-1;0;0;0;0;0;0;0;0;0;0;0;0;0;1;1;0;0;-1;-1;0;0;-1;-1;-1;-1;-1;-1;-1;-1;-1;13;13;45;68;88;48;68;55;13;7;0;5;2.5;KÍ;EB - Streymur;2.46;0.79;2.5;0.8;2.2;0.7;88;88;55;33;13;100;100;50;1.67;0.77;2.44;1906;27;Y;Y;Y;Y;N;N;N
546080;5415;6872;2019;complete;4356;11;-1;7,21,44;;3;0;3;-1;-1;-1;-1;-1;1;1;0;0;-1;-1;-1;-1;-1;-1;-1;-1;-1;-1;1;1;1.28;5.8;9.2;0;0;0;0;0;0;0;0;0;0;0;0;0;0;0;0;0;0;0;0;0;0;0;0;0;0;0;0;0;0;0;0;0;0;0;0;0;0;0;0;0;0;0;0;0;0;0;0;0;0;0;0;0;0;0;0;0;0;0;0;0;0;0;0;0;3;3;0;0;0;0;3;2019-05-27 18:00:00;5415;0;40;0;10;0;-1;1;-1;-1;-1;-1;-1;-1;0;0;1;1;0;2;-1;0;0;0;0;0;0;0;0;0;0;0;0;0;1;1;1;0;-1;-1;0;0;-1;-1;-1;-1;-1;-1;-1;-1;-1;20;30;53;65;100;20;65;75;40;9.67;0;4.73;2.88;NSÍ;Skála;2.21;1.69;3;2.25;2.2;1.5;80;70;48;35;0;50;50;50;1.76;1.34;3.1;1906;27;Y;Y;Y;N;N;N;N
546081;66;6875;2019;complete;4356;11;-1;4,16,62,84;66;4;1;5;2;3;5;2;0;1;2;0;0;7;4;4;7;11;11;12;12;58;42;1;2;1.16;6.2;10.5;1.01;1.08;1.36;1.94;2.88;15;6.5;3.1;1.84;1.35;1.67;2.1;0;0;0;0;1.02;1.1;5;1.57;2.8;7.5;1.44;3.6;7;0;0;0;0;0;0;0;0;0;0;0;0;0;0;0;1.22;26;3.75;0;0;0;0;0;0;0;0;0;0;1.17;1.93;4;0;4.5;1.78;1.2;0;0;0;0;0;5;2;0;2;1;3;2;2019-05-26 14:00:00;66;0;60;17;63;0;1;1;2;1;0;2;3;2;1;2;0;0;3;0;1;63;67;173;153;1.66;1.48;3.14;0;0;0;0;0;0;1;1;1;0;0;0;0;0;-1;-1;-1;-1;-1;-1;-1;-1;-1;38;38;80;80;100;25;78;58;58;9.17;0;3.58;3.85;B36;AB;2.29;1;2.4;0;2.1;0.4;63;63;20;20;0;84;34;34;1.61;1.45;3.06;1906;27;Y;Y;Y;Y;Y;N;Y
546082;6877;6876;2019;complete;4356;11;-1;79;;1;0;1;-1;-1;-1;-1;-1;2;2;0;0;-1;-1;-1;-1;-1;-1;-1;-1;-1;-1;2;2;1.46;4.75;6.1;0;0;0;0;0;0;0;0;0;0;0;0;0;0;0;0;0;0;0;0;0;0;0;0;0;0;0;0;0;0;0;0;0;0;0;0;0;0;0;0;0;0;0;0;0;0;0;0;0;0;0;0;0;0;0;0;0;0;0;0;0;0;0;0;0;1;0;0;1;0;1;0;2019-05-26 14:00:00;6877;0;45;0;0;0;-1;1;-1;-1;-1;-1;-1;-1;0;0;2;2;0;4;-1;0;0;0;0;0;0;0;0;0;0;0;0;0;1;1;0;0;-1;-1;0;0;-1;-1;-1;-1;-1;-1;-1;-1;-1;0;10;65;88;100;13;55;53;30;3;0;4.25;2.63;TB;ÍF;0.83;0.29;1;0.6;0.75;0.4;100;90;35;13;0;0;0;0;0;1.55;1.55;1906;25;Y;N;N;N;N;N;N
546083;5415;6877;2019;complete;4356;12;-1;24,34,79;57;3;1;4;7;6;13;-1;-1;2;1;0;0;6;8;11;9;17;17;-1;-1;50;50;2;1;1.27;5.5;6.6;1;1.06;1.29;1.67;2.75;34;8;3.5;2.1;1.4;1.89;1.81;0;0;0;0;1.01;1.04;6.5;1.38;3.54;10.25;1.25;4.33;10;0;0;0;0;0;0;0;0;0;0;0;0;0;0;0;1.16;19.5;5.25;0;0;0;0;0;0;0;0;0;0;1.14;1.74;3.75;8.5;5;1.98;1.22;1.05;0;0;0;0;4;2;0;1;1;2;2;2019-06-01 15:00:00;5415;0;59;17;9;0;1;1;2;1;5;5;3;10;1;1;1;0;2;1;1;72;56;159;168;2.03;2.06;4.08;0;0;0;0;0;0;1;1;0;0;0;0;0;0;-1;-1;-1;-1;-1;-1;-1;-1;-1;29;63;79;79;100;50;79;67;46;9.67;0;6.5;3.92;NSÍ;TB;2.21;0.46;3;0.5;2.27;1;71;38;21;21;0;50;25;25;1.76;1.4;3.16;1906;25;Y;Y;Y;Y;N;N;Y
546084;1211;6872;2019;complete;4356;12;-1;54,84;14;2;1;3;-1;-1;-1;-1;-1;1;1;0;0;-1;-1;-1;-1;-1;-1;-1;-1;-1;-1;1;1;1.83;3.5;3.35;0;0;0;0;0;0;0;0;0;0;0;0;0;0;0;0;0;0;0;0;0;0;0;0;0;0;0;0;0;0;0;0;0;0;0;0;0;0;0;0;0;0;0;0;0;0;0;0;0;0;0;0;0;0;0;0;0;0;0;0;0;0;0;0;0;3;0;1;2;0;2;1;2019-06-02 14:00:00;1211;0;20;0;13;0;-1;1;-1;-1;-1;-1;-1;-1;0;0;1;1;0;2;-1;0;0;0;0;0;0;0;0;0;0;0;0;0;1;1;0;0;-1;-1;0;0;-1;-1;-1;-1;-1;-1;-1;-1;-1;0;0;40;60;100;10;50;50;20;14.5;0;4.25;2;Víkingur;Skála;2;1.69;2.6;1.8;2.27;1.36;100;100;60;40;0;100;75;75;1.65;1.34;2.99;1906;27;Y;Y;Y;N;N;N;Y
546085;985;997;2019;complete;4356;12;-1;13,17,34,72,74,80;2,14,45,61;6;4;10;-1;-1;-1;-1;-1;1;3;0;0;-1;-1;-1;-1;-1;-1;-1;-1;-1;-1;1;3;1.24;5.3;8;0;0;0;0;0;0;0;0;0;0;0;0;0;0;0;0;0;0;0;0;0;0;0;0;0;0;0;0;0;0;0;0;0;0;0;0;0;0;0;0;0;0;0;0;0;0;0;0;0;0;0;0;0;0;0;0;0;0;0;0;0;0;0;0;0;10;3;3;3;1;4;6;2019-06-02 14:00:00;985;0;65;40;10;0;-1;1;-1;-1;-1;-1;-1;-1;1;2;0;1;3;1;-1;0;0;0;0;0;0;0;0;0;0;0;0;0;1;1;0;1;-1;-1;0;0;-1;-1;-1;-1;-1;-1;-1;-1;-1;20;39;55;84;100;47;84;84;19;11.25;0;5;3.17;HB;EB - Streymur;2.29;0.79;2;0.67;1.64;0.64;80;62;45;17;0;100;100;100;2.06;0.77;2.83;1906;27;Y;Y;Y;Y;Y;Y;Y
546086;5404;6875;2019;complete;4356;12;-1;90,90;71;2;1;3;7;1;8;-1;-1;1;4;0;0;6;4;8;1;14;5;-1;-1;50;50;1;4;1.05;9;15.5;1;1.05;1.26;1.65;2.5;41;8.5;3.5;2.1;1.5;2.65;1.42;0;0;0;0;1.01;1.01;6.2;1.36;3.5;11;1.22;4.5;12;0;0;0;0;0;0;0;0;0;0;0;0;0;0;0;1.13;46;5;0;0;0;0;0;0;0;0;0;0;1.14;1.67;3.5;8;5;2.1;1.25;1.06;0;0;0;0;3;0;0;2;1;3;0;2019-06-02 14:30:00;5404;0;60;23;50;0;1;1;4;0;3;1;4;4;0;2;1;2;2;3;1;72;36;178;124;1.85;0.88;2.72;0;0;0;0;0;0;1;1;0;0;0;0;0;1;-1;-1;-1;-1;-1;-1;-1;-1;-1;50;60;80;90;90;70;80;70;60;8;0;4.1;4.3;KÍ;AB;2.46;1;2.6;0;2.27;0.36;50;40;20;10;10;75;75;25;1.67;1.45;3.12;1906;27;Y;Y;Y;N;N;N;Y
546087;6876;66;2019;complete;4356;12;-1;70;12,14,65;1;3;4;-1;-1;-1;-1;-1;1;1;0;0;-1;-1;-1;-1;-1;-1;-1;-1;-1;-1;1;1;7;5.05;1.28;0;0;0;0;0;0;0;0;0;0;0;0;0;0;0;0;0;0;0;0;0;0;0;0;0;0;0;0;0;0;0;0;0;0;0;0;0;0;0;0;0;0;0;0;0;0;0;0;0;0;0;0;0;0;0;0;0;0;0;0;0;0;0;0;0;4;0;2;1;1;2;2;2019-06-02 14:00:00;66;0;60;0;0;0;-1;1;-1;-1;-1;-1;-1;-1;0;0;1;1;0;2;-1;0;0;0;0;0;0;0;0;0;0;0;0;0;1;1;0;0;-1;-1;0;0;-1;-1;-1;-1;-1;-1;-1;-1;-1;10;30;80;90;100;20;40;50;40;4.5;0;3.83;3.1;ÍF;B36;0.15;2.38;0.2;1.8;0.36;2.18;90;70;20;10;0;50;50;50;0.84;1.22;2.06;1906;27;Y;Y;Y;Y;N;N;Y
546088;6872;5404;2019;complete;4356;13;-1;;9,38;0;2;2;3;7;10;-1;-1;1;1;0;0;3;7;4;7;7;14;-1;-1;50;50;1;1;3.4;4.1;1.71;0;0;1.8;0;0;0;0;2;0;0;0;0;0;0;0;0;2;1.22;1.3;0;0;0;0;0;0;0;0;0;0;0;0;0;0;0;0;0;0;0;0;0;0;0;0;0;0;0;0;0;0;0;0;0;0;0;0;0;0;0;0;0;0;0;0;0;0;2;0;2;0;0;0;2;2019-06-14 18:00:00;5404;0;50;10;27;0;1;1;2;1;1;6;3;7;0;0;1;1;0;2;1;81;53;187;158;1.27;1.78;3.04;0;0;0;0;0;0;1;1;0;1;0;0;0;0;-1;-1;-1;-1;-1;-1;-1;-1;-1;25;34;67;83;100;25;59;42;34;12.5;0;4.07;3.09;Skála;KÍ;1.07;2.36;1;2;1.25;2.33;75;67;34;17;0;100;100;100;1.54;2.61;4.15;1906;27;Y;Y;N;N;N;N;N
546089;997;1211;2019;complete;4356;13;-1;-1;-1,-1,-1,-1;1;4;5;3;9;12;0;2;0;0;0;0;2;7;5;7;7;14;6;8;37;63;0;0;5.4;5.6;1.33;0;0;1.53;0;0;0;0;2.4;0;0;0;0;0;0;0;0;3.25;1.11;1.14;0;0;0;0;0;0;0;0;0;0;0;0;0;0;0;0;0;0;0;0;0;0;0;0;0;0;0;0;0;0;0;0;0;0;0;0;0;0;0;0;0;0;0;0;0;0;5;0;0;0;0;0;0;2019-06-15 17:00:00;1211;0;72;37;10;1;1;-1;3;7;0;2;10;2;0;0;0;0;0;0;1;19;49;69;83;0.73;1.73;2.45;-1;-1;-1;-1;-1;-1;-1;-1;-1;-1;1;1;-1;-1;-1;-1;-1;-1;-1;-1;-1;-1;-1;37;62;90;100;100;44;62;72;37;10.75;0;4.6;4.47;EB - Streymur;Víkingur;0.54;1.93;0.6;2;0.58;2.33;64;39;10;0;0;38;25;25;1.77;1.71;3.48;1906;27;Y;Y;Y;Y;Y;N;Y
546090;5415;6875;2019;complete;4356;13;-1;57,75;;2;0;2;6;9;15;-1;-1;1;2;0;0;7;3;9;5;16;8;-1;-1;50;50;1;2;1.09;7.5;13.5;1;1.05;1.22;1.59;2.33;41;8.5;4.2;2.18;1.59;1.67;2.1;0;0;0;0;1.01;1.03;6.15;1.36;3.64;10.5;1.25;4.5;9.5;0;0;0;0;0;0;0;0;0;0;0;0;0;0;0;1.14;46;4.5;0;0;0;0;0;0;0;0;0;0;1.14;1.71;3.25;7.5;5;2.02;1.29;1.06;0;0;0;0;2;0;0;2;0;2;0;2019-06-15 18:00:00;5415;0;86;10;65;0;1;1;4;4;2;5;8;7;0;0;1;2;0;3;1;70;62;142;127;2.01;1.18;3.19;0;0;0;0;0;0;1;1;0;0;1;1;0;0;-1;-1;-1;-1;-1;-1;-1;-1;-1;48;62;93;93;100;54;77;85;77;9.45;0;4.14;4.43;NSÍ;AB;2.21;1;3;0;2.33;0.33;52;38;7;7;0;33;33;33;1.83;1.34;3.17;1906;27;Y;Y;N;N;N;N;N
546091;6877;66;2019;complete;4356;13;-1;;46;0;1;1;-1;-1;-1;-1;-1;3;1;1;0;-1;-1;-1;-1;-1;-1;-1;-1;-1;-1;5;1;0;0;0;0;0;0;0;0;0;0;0;0;0;0;0;0;0;0;0;0;0;0;0;0;0;0;0;0;0;0;0;0;0;0;0;0;0;0;0;0;0;0;0;0;0;0;0;0;0;0;0;0;0;0;0;0;0;0;0;0;0;0;0;0;0;0;0;0;1;0;0;0;1;1;0;2019-06-16 14:00:00;66;0;62;0;17;0;-1;1;-1;-1;-1;-1;-1;-1;1;0;3;1;1;4;-1;0;0;0;0;0;0;0;0;0;0;0;0;0;1;1;0;0;-1;-1;0;0;-1;-1;-1;-1;-1;-1;-1;-1;-1;0;9;62;72;100;19;45;45;25;2.5;0;3.66;2.42;TB;B36;0.83;2.38;1.4;2;0.9;2.25;100;92;39;29;0;0;0;0;0;1.22;1.22;1906;25;Y;N;N;N;N;N;N
546092;6876;985;2019;complete;4356;13;-1;;2,5,41,63,71;0;5;5;3;9;12;-1;-1;2;2;0;0;5;12;7;6;12;18;-1;-1;50;50;2;2;7.75;6.25;1.19;0;0;1.5;0;0;0;0;2.5;0;0;0;0;0;0;0;0;4.33;1.1;1.06;0;0;0;0;0;0;0;0;0;0;0;0;0;0;0;0;0;0;0;0;0;0;0;0;0;0;0;0;0;0;0;0;0;0;0;0;0;0;0;0;0;0;0;0;0;0;5;0;3;0;2;2;3;2019-06-16 14:00:00;985;0;42;0;23;0;1;1;3;5;0;4;8;4;1;0;1;2;1;3;1;77;99;117;151;1.67;2.69;4.36;0;0;0;0;0;0;1;1;0;2;1;1;0;0;-1;-1;-1;-1;-1;-1;-1;-1;-1;9;34;58;84;92;25;42;59;50;8.5;0;5.8;2.75;ÍF;HB;0.15;1.46;0.17;1.33;0.33;1.75;92;67;42;17;9;100;50;50;0.84;1.78;2.62;1906;27;Y;Y;Y;Y;Y;N;N
546093;6877;5404;2019;complete;4356;14;-1;73;;1;0;1;-1;-1;-1;-1;-1;2;1;0;1;-1;-1;-1;-1;-1;-1;-1;-1;-1;-1;2;3;6.7;4.97;1.41;0;0;0;0;0;0;0;0;0;0;0;0;0;0;0;0;0;0;0;0;0;0;0;0;0;0;0;0;0;0;0;0;0;0;0;0;0;0;0;0;0;0;0;0;0;0;0;0;0;0;0;0;0;0;0;0;0;0;0;0;0;0;0;0;0;1;0;0;1;0;1;0;2019-06-22 17:30:00;6877;0;38;9;9;0;-1;1;-1;-1;-1;-1;-1;-1;0;0;2;2;0;4;-1;0;0;0;0;0;0;0;0;0;0;0;0;0;1;1;0;0;-1;-1;0;0;-1;-1;-1;-1;-1;-1;-1;-1;-1;15;22;52;68;100;30;52;54;22;8.67;0;5.17;2.56;TB;KÍ;0.83;2.36;1.17;2.14;0.82;2.38;86;79;48;32;0;50;50;34;0;2.34;2.34;1906;25;Y;N;N;N;N;N;N
546094;6872;985;2019;complete;4356;14;-1;;1,24,41;0;3;3;-1;-1;-1;-1;-1;2;2;0;0;-1;-1;-1;-1;-1;-1;-1;-1;-1;-1;2;2;3.62;3.82;1.92;0;0;0;0;0;0;0;0;0;0;0;0;0;0;0;0;0;0;0;0;0;0;0;0;0;0;0;0;0;0;0;0;0;0;0;0;0;0;0;0;0;0;0;0;0;0;0;0;0;0;0;0;0;0;0;0;0;0;0;0;0;0;0;0;0;3;0;3;0;0;0;3;2019-06-23 14:00:00;985;0;36;0;21;0;-1;1;-1;-1;-1;-1;-1;-1;1;2;1;0;3;1;-1;0;0;0;0;0;0;0;0;0;0;0;0;0;1;1;0;1;-1;-1;0;1;-1;-1;-1;-1;-1;-1;-1;-1;-1;14;14;43;79;93;22;50;36;36;10.33;0;5;2.43;Skála;HB;1.07;1.46;0.86;1.57;1.15;1.85;86;86;57;22;7;100;67;42;1.4;2.08;3.48;1906;27;Y;Y;Y;N;N;N;N
546095;997;6876;2019;complete;4356;14;-1;;;0;0;0;-1;-1;-1;-1;-1;2;4;0;0;-1;-1;-1;-1;-1;-1;-1;-1;-1;-1;2;4;1.76;3.9;4.27;0;0;0;0;0;0;0;0;0;0;0;0;0;0;0;0;0;0;0;0;0;0;0;0;0;0;0;0;0;0;0;0;0;0;0;0;0;0;0;0;0;0;0;0;0;0;0;0;0;0;0;0;0;0;0;0;0;0;0;0;0;0;0;0;0;0;0;0;0;0;0;0;2019-06-23 14:00:00;-1;0;50;17;0;0;-1;1;-1;-1;-1;-1;-1;-1;0;1;2;3;1;5;-1;0;0;0;0;0;0;0;0;0;0;0;0;0;1;1;0;0;-1;-1;0;0;-1;-1;-1;-1;-1;-1;-1;-1;-1;25;34;75;92;100;9;42;67;42;6;0;4.05;3.67;EB - Streymur;ÍF;0.54;0.29;0.5;0.5;0.54;0.31;75;67;25;9;0;25;25;25;1.25;1.55;2.8;1906;27;N;N;N;N;N;N;N
546096;6875;1211;2019;complete;4356;14;-1;;9,74,79;0;3;3;6;6;12;-1;-1;2;2;0;0;9;7;4;2;13;9;-1;-1;50;50;2;2;8.75;5.85;1.19;1.01;1.13;1.51;2.29;3.56;13;5.5;2.35;1.61;1.24;1.73;2;0;0;0;0;3.56;1.11;1.03;7.6;2.75;1.64;6.5;3.25;1.53;0;0;0;0;0;0;0;0;0;0;0;0;0;0;0;3.75;21;1.25;0;0;0;0;0;0;0;0;0;0;1.25;2.16;5;11;3.5;1.62;1.14;1.02;0;0;0;0;3;0;1;0;2;2;1;2019-06-23 14:00:00;1211;0;77;40;10;0;1;1;1;1;5;5;2;10;1;1;1;1;2;2;1;68;49;189;129;1.97;1.43;3.4;0;0;0;0;0;0;1;1;0;1;0;0;0;0;-1;-1;-1;-1;-1;-1;-1;-1;-1;22;68;92;92;100;45;69;77;31;13.25;0;3.53;3.8;AB;Víkingur;0.57;1.93;0.67;2.14;0.31;2.38;79;32;9;9;0;78;55;55;1.29;1.71;3;1906;27;Y;Y;Y;N;N;N;N
546097;66;5415;2019;complete;4356;14;-1;20;90;1;1;2;6;4;10;3;1;5;5;0;0;11;5;7;4;18;9;15;13;50;50;5;5;2.25;3.45;2.6;1.03;1.14;1.59;2.5;4;10.5;5;2.18;1.52;1.19;1.44;2.63;0;0;0;0;1.43;1.26;1.54;2.75;2.33;3.2;2.5;2.75;2.88;0;0;0;0;0;0;0;0;0;0;0;0;0;0;0;1.83;14;2;0;0;0;0;0;0;0;0;0;0;1.29;2.25;5.5;12;3.26;1.57;1.13;1.02;0;0;0;0;2;1;0;0;1;1;1;2019-06-22 14:00:00;-1;0;37;10;20;0;1;1;2;0;4;4;2;8;0;2;5;3;2;8;1;66;69;142;152;2.39;1.44;3.83;0;0;0;0;0;0;1;1;0;0;1;0;0;0;-1;-1;-1;-1;-1;-1;-1;-1;-1;19;19;54;84;100;49;92;55;35;8.5;0;3.8;3.14;B36;NSÍ;2.29;2;2.5;1.4;2.31;2.38;82;82;47;17;0;84;50;25;1.63;1.3;2.93;1906;27;Y;Y;N;N;N;N;Y
546098;997;6872;2019;complete;4356;15;-1;;66;0;1;1;-1;-1;-1;-1;-1;2;0;0;0;-1;-1;-1;-1;-1;-1;-1;-1;-1;-1;2;0;2.7;3.4;2.15;0;0;0;0;0;0;0;0;0;0;0;0;0;0;0;0;0;0;0;0;0;0;0;0;0;0;0;0;0;0;0;0;0;0;0;0;0;0;0;0;0;0;0;0;0;0;0;0;0;0;0;0;0;0;0;0;0;0;0;0;0;0;0;0;0;1;0;0;0;1;1;0;2019-06-28 18:00:00;6872;0;37;13;0;0;-1;1;-1;-1;-1;-1;-1;-1;0;0;2;0;0;2;-1;0;0;0;0;0;0;0;0;0;0;0;0;0;1;1;0;0;-1;-1;0;0;-1;-1;-1;-1;-1;-1;-1;-1;-1;22;22;61;77;93;16;48;47;23;8;0;4;3.09;EB - Streymur;Skála;0.54;1.69;0.57;1.5;0.57;1.07;79;79;40;24;7;75;75;75;1.25;1.34;2.59;1906;27;Y;N;N;N;N;N;N
546099;985;6875;2019;complete;4356;15;-1;5,59,63,90,90;;5;0;5;6;1;7;3;5;1;0;0;0;16;0;9;3;25;3;6;9;67;33;1;0;1.05;9.75;15.25;1;1.03;1.45;2.15;2.25;67;10;2.55;1.62;1.63;1.87;1.83;0;0;0;0;1.04;1.09;5.55;1.28;4.1;12.5;1.22;4.5;10;0;0;0;0;0;0;0;0;0;0;0;0;0;0;0;1.11;56;5.5;0;0;0;0;0;0;0;0;0;0;1.1;1.64;3;6;6;2.12;1.33;1.1;0;0;0;0;5;1;0;4;0;4;1;2019-06-28 17:30:00;985;0;85;42;58;0;1;1;1;0;5;1;1;6;0;0;1;0;0;1;1;85;41;187;146;3.32;0.52;3.84;0;0;0;0;0;0;1;1;1;0;0;0;0;0;-1;-1;-1;-1;-1;-1;-1;-1;-1;54;62;77;100;100;55;79;93;60;12.25;0;4.67;4.79;HB;AB;2.29;1;2.17;0;1.93;0.29;47;38;24;0;0;75;75;75;2.06;1.31;3.37;1906;27;Y;Y;Y;Y;Y;N;N
546100;1211;6877;2019;complete;4356;15;-1;34,50,73;70;3;1;4;8;4;12;1;0;2;4;0;1;9;6;4;9;13;15;12;13;50;50;2;6;1.32;4.8;6.05;1.01;1.11;1.46;2.16;3.34;13;6;2.49;1.68;1.27;1.66;2.09;0;0;0;0;1.02;1.08;2.6;1.82;2.64;5.65;1.68;3.08;5.4;0;0;0;0;0;0;0;0;0;0;0;0;0;0;0;1.39;10.75;3.42;0;0;0;0;0;0;0;0;0;0;1.22;2.07;5;10;3.75;1.67;1.14;1.03;0;0;0;0;4;1;0;2;1;3;1;2019-06-29 14:00:00;1211;0;55;13;23;0;-1;1;-1;-1;-1;-1;-1;-1;1;1;1;4;2;5;1;0;0;0;0;1.73;1.66;3.39;0;0;0;0;0;0;1;1;0;0;-1;-1;0;0;-1;-1;-1;-1;-1;-1;-1;-1;-1;10;40;65;74;100;30;65;64;45;14.83;0;5.5;3.09;Víkingur;TB;2;0.46;2.67;0.4;2.43;1;90;60;35;27;0;100;59;59;1.65;1.62;3.27;1906;25;Y;Y;Y;Y;N;N;Y
546101;5404;66;2019;complete;4356;15;-1;;88,90;0;2;2;5;2;7;-1;-1;4;1;0;0;5;4;7;5;12;9;-1;-1;50;50;4;1;2.05;3.55;2.8;1.04;1.27;1.85;2.93;6;9.5;3.34;1.95;1.34;1.11;1.62;2.2;0;0;0;0;1.36;1.25;1.62;2.75;2.2;3.4;2.4;2.5;3.3;0;0;0;0;0;0;0;0;0;0;0;0;0;0;0;1.73;10;2.25;0;0;1.36;2.58;6;13;2.88;1.44;1.1;1.01;1.21;2.06;4.32;11;3.9;1.68;1.14;1.02;0;0;0;0;2;0;0;0;2;2;0;2019-08-21 18:00:00;66;0;51;7;17;0;1;1;2;0;3;2;2;5;1;1;3;0;2;3;1;72;55;137;125;1.64;1.26;2.9;0;0;0;0;0;0;1;1;0;0;1;0;0;0;-1;-1;-1;-1;-1;-1;-1;-1;-1;7;26;63;76;88;32;44;57;44;9.17;0;3.29;2.69;KÍ;B36;2.46;2.38;2.5;2;2.24;2.28;94;76;38;26;13;42;42;29;1.95;1.08;3.03;1906;27;Y;Y;N;N;N;N;N
546102;6872;6876;2019;complete;4356;16;-1;14,85;15;2;1;3;-1;-1;-1;-1;-1;0;2;0;0;-1;-1;-1;-1;-1;-1;-1;-1;-1;-1;0;2;0;0;0;0;0;0;0;0;0;0;0;0;0;0;0;0;0;0;0;0;0;0;0;0;0;0;0;0;0;0;0;0;0;0;0;0;0;0;0;0;0;0;0;0;0;0;0;0;0;0;0;0;0;0;0;0;0;0;0;0;0;0;0;0;0;0;0;0;3;1;1;1;0;1;2;2019-07-27 16:00:00;6872;0;34;0;10;0;-1;1;-1;-1;-1;-1;-1;-1;0;0;0;2;0;2;-1;0;0;0;0;0;0;0;0;0;0;0;0;0;1;1;0;0;-1;-1;0;0;-1;-1;-1;-1;-1;-1;-1;-1;-1;7;14;54;80;93;19;53;42;28;6;0;3.77;2.46;Skála;ÍF;1.07;0.29;0.75;0.57;1.2;0.36;94;87;47;21;7;50;50;25;1.4;1.55;2.95;1906;27;Y;Y;Y;N;N;N;Y
546103;5415;5404;2019;complete;4356;16;-1;;83;0;1;1;4;5;9;-1;-1;3;1;0;0;4;10;4;9;8;19;-1;-1;50;50;3;1;2.25;3.7;2.45;1.02;1.11;1.44;2.1;3.2;12;6;2.7;1.72;1.29;1.36;2.88;0;0;0;0;1.44;1.22;1.53;2.75;2.5;2.88;2.5;2.88;2.7;0;0;0;0;0;0;0;0;0;0;0;0;0;0;0;1.8;19;2;0;0;1.22;2.03;4.5;10;3.75;1.7;1.17;1.03;1.11;1.66;3;7;5.5;2.09;1.3;1.06;0;0;0;0;1;0;0;0;1;1;0;2019-09-18 18:00:00;5404;0;43;7;16;0;1;1;3;4;1;1;7;2;0;0;3;1;0;4;1;77;92;173;181;1.37;2.58;3.94;0;0;0;0;0;0;1;1;0;0;0;1;0;0;-1;-1;-1;-1;-1;-1;-1;-1;-1;19;33;67;81;100;43;71;71;43;14.17;0;4.04;3.08;NSÍ;KÍ;2.21;2.36;2.55;2.1;2.29;2.24;81;67;34;20;0;75;75;53;1.94;2.34;4.28;1906;27;Y;N;N;N;N;N;N
546104;6875;997;2019;complete;4356;16;-1;19;90;1;1;2;11;3;14;3;1;3;1;0;1;14;3;6;7;20;10;19;11;51;49;3;3;2.45;3.7;2.25;0;0;1.44;0;0;0;0;2.7;0;0;0;0;0;0;0;0;1.53;1.22;1.44;0;0;0;0;0;0;0;0;0;0;0;0;0;0;0;0;0;0;0;0;0;0;0;0;0;0;0;0;0;0;0;0;0;0;0;0;0;0;0;0;0;0;0;0;0;0;2;1;0;0;1;1;1;2019-07-27 17:00:00;-1;0;57;33;9;0;1;1;6;0;5;3;6;8;0;0;3;2;0;5;1;112;54;199;135;3.06;1.25;4.31;0;0;0;0;0;0;1;1;0;0;3;0;0;0;-1;-1;-1;-1;-1;-1;-1;-1;-1;7;36;72;79;100;36;71;79;36;9.4;0;4.34;3.29;AB;EB - Streymur;0.57;0.79;0.57;0.57;0.27;0.53;93;64;29;22;0;90;80;80;1.42;0.77;2.19;1906;27;Y;Y;N;N;N;N;Y
546105;66;1211;2019;complete;4356;16;-1;44,71;45;2;1;3;8;2;10;-1;-1;3;2;0;0;9;4;6;4;15;8;-1;-1;50;50;3;2;2.4;3.9;2.25;1.01;1.12;1.57;2.35;3.74;15;5.5;2.35;1.58;1.22;1.43;3;0;0;0;0;1.57;1.2;1.5;3.09;2.43;2.93;2.7;2.8;2.63;0;0;0;0;0;1.85;0;0;0;0;1.95;0;0;0;0;1.91;15;1.91;0;0;1.29;2.17;5.2;12.5;3.44;1.61;1.15;1.02;1.14;1.77;3.2;7.5;4.9;1.94;1.29;1.06;0;0;0;0;3;1;1;1;0;1;2;2019-07-28 17:00:00;66;0;59;17;25;0;1;1;6;2;2;0;8;2;0;0;3;2;0;5;1;97;55;176;113;2.29;1.19;3.49;0;0;0;0;0;0;1;1;0;0;2;0;0;0;-1;-1;-1;-1;-1;-1;-1;-1;-1;26;45;79;86;100;32;81;66;41;11.42;0;3.93;3.41;B36;Víkingur;2.29;1.93;2.29;2.25;2.21;2.47;75;56;22;15;0;79;46;34;1.82;1.66;3.48;1906;27;Y;Y;Y;N;N;N;Y
546106;985;6877;2019;complete;4356;16;-1;53,71,86;;3;0;3;11;2;13;0;2;2;2;0;0;16;4;14;3;30;7;18;11;61;39;2;2;1.19;5.85;8.75;1.01;1.06;1.3;1.9;2.88;15;8.3;3.5;1.88;1.41;2;1.73;0;0;0;0;1.01;1.04;6;1.45;3.24;9.5;1.3;4;10;0;0;0;0;0;0;0;0;0;0;0;0;0;0;0;1.13;36;5;0;0;1.17;1.9;4;9.5;4.5;1.8;1.2;1.04;1.08;1.57;2.62;5.5;6.4;2.25;1.43;1.08;0;0;0;0;3;0;0;3;0;3;0;2019-07-27 14:00:00;985;0;69;39;35;0;1;1;4;0;7;2;4;9;1;2;1;0;3;1;1;90;54;160;135;3.66;1.13;4.79;1;0;1;0;0;0;1;1;0;0;1;0;0;0;-1;-1;-1;-1;-1;-1;-1;-1;-1;37;77;77;92;100;54;92;84;47;12;0;6.43;4.5;HB;TB;2.29;0.46;2.29;0.33;2;0.92;63;23;23;9;0;90;78;78;2.31;1.63;3.94;1906;25;Y;Y;Y;N;N;N;N
546107;6876;5404;2019;complete;4356;17;-1;;-1,-1,-1;0;3;3;-1;-1;-1;-1;-1;-1;-1;-1;-1;-1;-1;-1;-1;-1;-1;-1;-1;-1;-1;-1;-1;9.75;7;1.16;0;0;0;0;0;0;0;0;0;0;0;0;0;0;0;0;0;0;0;0;0;0;0;0;0;0;0;0;0;0;0;0;0;0;0;0;0;0;0;0;0;0;0;0;0;0;0;0;0;0;0;0;0;0;0;0;0;0;0;0;0;0;0;0;0;3;0;0;0;0;0;0;2019-08-05 18:00:00;5404;0;41;7;17;1;-1;-1;-1;-1;-1;-1;-1;-1;-1;-1;-1;-1;-1;-1;-1;0;0;0;0;0;0;0;-1;-1;-1;-1;-1;-1;-1;-1;-1;-1;-1;-1;-1;-1;-1;-1;-1;-1;-1;-1;-1;-1;-1;27;55;75;88;100;48;60;67;48;11.17;0;4.29;3.43;ÍF;KÍ;0.15;2.36;0.14;1.88;0.33;2.21;73;46;26;13;0;100;100;84;1.25;2.34;3.59;1906;27;Y;Y;Y;N;N;N;N
546108;985;66;2019;complete;4356;17;-1;;;0;0;0;10;3;13;0;4;0;0;0;0;5;2;14;3;19;5;22;20;56;44;0;0;2.2;3.55;2.55;1.01;1.15;1.53;2.35;4.05;11.75;4.6;2.3;1.51;1.19;1.48;2.45;0;0;0;0;1.36;1.22;1.67;2.63;2.3;3.4;2.4;2.7;3.1;0;0;0;0;0;1.96;0;0;0;0;1.84;0;0;0;0;1.73;15;2.1;4.75;5.5;1.25;2.38;5.5;11;3.5;1.53;1.13;1.02;1.14;1.85;3.5;8.5;4.9;1.85;1.22;1.05;0;0;0;0;0;0;0;0;0;0;0;2019-08-05 17:00:00;-1;0;67;25;25;0;1;-1;6;0;4;3;6;7;0;0;0;0;0;0;1;70;45;166;123;2.07;0.8;2.87;0;0;0;0;0;0;1;1;0;0;0;0;-1;-1;-1;-1;-1;-1;-1;-1;-1;-1;-1;25;39;73;86;100;32;66;79;47;10.17;0;3.63;3.66;HB;B36;2.29;2.38;2.38;2.14;2.06;2.27;75;62;27;15;0;42;42;42;2.53;1.22;3.75;1906;27;N;N;N;N;N;N;N
546109;1211;5415;2019;complete;4356;17;-1;5,34;47,77,90;2;3;5;2;5;7;3;1;3;6;0;0;8;7;3;13;11;20;15;17;40;60;3;6;2.25;3.9;2.35;1.02;1.11;1.4;2.09;3.14;12;6;2.88;1.73;1.3;1.33;3;0;0;0;0;1.5;1.2;1.53;2.71;2.47;3.02;2.5;2.88;2.7;0;0;0;0;0;1.73;0;0;0;0;2;0;0;0;0;1.83;19;2;0;0;1.2;2.02;4.5;9.5;4;1.71;1.17;1.04;1.11;1.66;2.88;6.5;5.5;2.09;1.33;1.07;0;0;0;0;5;2;0;0;3;3;2;2019-08-04 14:00:00;5415;0;54;9;17;0;1;1;2;1;0;4;3;4;0;3;3;3;3;6;1;59;93;108;139;1.69;2.42;4.11;0;0;0;0;0;0;1;1;1;0;1;0;0;0;-1;-1;-1;-1;-1;-1;-1;-1;-1;9;16;45;86;100;34;79;69;37;14;0;4.33;2.88;Víkingur;NSÍ;2;2;2.71;1.33;2.31;2.29;92;85;55;15;0;100;84;50;1.68;1.35;3.03;1906;27;Y;Y;Y;Y;Y;N;Y
546110;6872;6875;2019;complete;4356;17;-1;;-1;0;1;1;-1;-1;-1;-1;-1;-1;-1;-1;-1;-1;-1;-1;-1;-1;-1;-1;-1;-1;-1;-1;-1;1.29;5;7.5;0;0;0;0;0;0;0;0;0;0;0;0;0;0;0;0;0;0;0;0;0;0;0;0;0;0;0;0;0;0;0;0;0;0;0;0;0;0;0;0;0;0;0;0;0;0;0;0;0;0;0;0;0;0;0;0;0;0;0;0;0;0;0;0;0;1;0;0;0;0;0;0;2019-08-04 14:00:00;6875;0;60;16;44;1;-1;-1;-1;-1;-1;-1;-1;-1;-1;-1;-1;-1;-1;-1;-1;0;0;0;0;0;0;0;-1;-1;-1;-1;-1;-1;-1;-1;-1;-1;-1;-1;-1;-1;-1;-1;-1;-1;-1;-1;-1;-1;-1;37;37;72;95;100;41;65;55;50;7.43;0;3.04;3.65;Skála;AB;1.07;1;1;0;1.31;0.31;64;64;29;6;0;72;72;47;1.4;1.2;2.6;1906;27;Y;N;N;N;N;N;N
546111;997;6877;2019;complete;4356;17;-1;;-1,-1;0;2;2;-1;-1;-1;-1;-1;-1;-1;-1;-1;-1;-1;-1;-1;-1;-1;-1;-1;-1;-1;-1;-1;2.25;3.3;2.75;0;0;0;0;0;0;0;0;0;0;0;0;0;0;0;0;0;0;0;0;0;0;0;0;0;0;0;0;0;0;0;0;0;0;0;0;0;0;0;0;0;0;0;0;0;0;0;0;0;0;0;0;0;0;0;0;0;0;0;0;0;0;0;0;0;2;0;0;0;0;0;0;2019-08-04 14:00:00;6877;0;54;19;17;1;-1;-1;-1;-1;-1;-1;-1;-1;-1;-1;-1;-1;-1;-1;-1;0;0;0;0;0;0;0;-1;-1;-1;-1;-1;-1;-1;-1;-1;-1;-1;-1;-1;-1;-1;-1;-1;-1;-1;-1;-1;-1;-1;26;55;75;81;94;28;48;61;41;7.4;0;5.84;3.75;EB - Streymur;TB;0.54;0.46;0.5;0.29;0.56;0.86;75;46;26;20;7;75;65;65;1.25;1.53;2.78;1906;25;Y;Y;N;N;N;N;N
546112;5404;1211;2019;complete;4356;18;-1;50,90;;2;0;2;5;3;8;-1;-1;2;1;0;0;8;0;10;14;18;14;-1;-1;50;50;2;1;2;3.3;3.25;1.04;1.22;1.8;3;6;9.5;3.75;2;1.33;1.11;1.62;2.2;0;0;0;0;1.3;1.3;1.67;2.62;2.25;3.5;2.38;2.5;3.5;0;0;0;0;0;0;0;0;0;0;0;0;0;0;0;1.73;10;2.3;0;0;1.33;2.75;6.5;13;3;1.4;1.08;1.01;1.2;2;4.32;11;4;1.72;1.14;1.02;0;0;0;0;2;0;0;2;0;2;0;2019-08-09 17:15:00;5404;0;56;30;16;0;1;1;4;2;1;1;6;2;0;0;2;1;0;3;1;63;69;144;146;2.16;1.39;3.56;0;0;0;0;0;0;1;1;0;0;1;0;0;0;-1;-1;-1;-1;-1;-1;-1;-1;-1;25;50;84;92;92;62;73;73;42;11.86;0;3.83;3.64;KÍ;Víkingur;2.46;1.93;2.67;2;2.27;2.18;75;50;17;9;9;68;61;29;1.76;1.6;3.36;1906;27;Y;Y;N;N;N;N;N
546113;5415;985;2019;complete;4356;18;-1;77;37;1;1;2;2;5;7;-1;-1;3;2;0;1;3;8;3;9;6;17;-1;-1;50;50;3;4;2.15;3.5;2.8;1.02;1.14;1.55;2.35;3.64;11;5;2.3;1.53;1.23;1.5;2.4;0;0;0;0;1.36;1.25;1.6;2.71;2.38;3.16;2.58;2.71;2.88;0;0;0;0;0;0;0;0;0;0;0;0;0;0;0;1.91;10.25;2.07;0;0;1.29;2.16;5.5;11;3.26;1.62;1.13;1.02;1.11;1.76;3.4;8;5;1.95;1.25;1.05;0;0;0;0;2;0;1;1;0;1;1;2019-08-11 18:00:00;-1;0;44;0;20;0;1;1;1;2;1;3;3;4;0;0;3;3;0;6;1;59;63;142;201;1.04;2.12;3.15;0;0;0;0;0;0;1;1;0;0;0;0;0;0;-1;-1;-1;-1;-1;-1;-1;-1;-1;19;32;63;82;94;38;63;69;63;12.73;0;5.29;3.01;NSÍ;HB;2.21;1.46;3;1.75;2.33;2;82;69;38;19;7;70;37;37;1.86;2.08;3.94;1906;27;Y;Y;N;N;N;N;Y
546114;6877;6872;2019;complete;4356;18;-1;;-1,-1;0;2;2;-1;-1;-1;-1;-1;-1;-1;-1;-1;-1;-1;-1;-1;-1;-1;-1;-1;-1;-1;-1;-1;2.62;3.62;2.37;0;0;0;0;0;0;0;0;0;0;0;0;0;0;0;0;0;0;0;0;0;0;0;0;0;0;0;0;0;0;0;0;0;0;0;0;0;0;0;0;0;0;0;0;0;0;0;0;0;0;0;0;0;0;0;0;0;0;0;0;0;0;0;0;0;2;0;0;0;0;0;0;2019-08-11 14:00:00;6872;0;22;0;0;1;-1;-1;-1;-1;-1;-1;-1;-1;-1;-1;-1;-1;-1;-1;-1;0;0;0;0;0;0;0;-1;-1;-1;-1;-1;-1;-1;-1;-1;-1;-1;-1;-1;-1;-1;-1;-1;-1;-1;-1;-1;-1;-1;0;0;36;50;100;14;43;57;7;5;0;4.3;1.86;TB;Skála;0.83;1.69;1.43;1.71;1;1.24;100;100;64;50;0;50;50;50;0;1.34;1.34;1906;25;Y;Y;N;N;N;N;N
546115;6875;6876;2019;complete;4356;18;-1;47,76,83;;3;0;3;7;1;8;-1;-1;0;3;0;0;9;3;4;10;13;13;-1;-1;50;50;0;3;2.63;3.2;2.4;1.05;1.3;1.95;3.2;6;8.5;3.14;1.85;1.3;1.1;1.75;1.95;0;0;0;0;1.5;1.33;1.4;3.2;2.1;3.1;2.88;2.4;2.8;0;0;0;0;0;0;0;0;0;0;0;0;0;0;0;2;9.5;2;0;0;1.39;2.69;7;15;2.76;1.41;1.07;1.01;1.22;2.12;4.5;13;3.8;1.64;1.12;1.02;0;0;0;0;4;0;0;3;1;4;0;2019-08-11 14:00:00;6875;0;51;22;0;0;1;1;3;0;4;1;3;5;0;1;0;2;1;2;1;72;41;159;111;1.99;1.34;3.32;0;0;0;0;0;0;1;1;0;0;0;0;0;0;-1;-1;-1;-1;-1;-1;-1;-1;-1;0;26;69;82;94;19;63;82;38;9.33;0;4.43;2.69;AB;ÍF;0.57;0.29;0.63;0.5;0.47;0.31;100;76;32;19;7;42;34;34;1.7;1.55;3.25;1906;27;Y;Y;Y;Y;N;N;Y
546116;66;997;2019;complete;4356;18;-1;43,58,61;;3;0;3;8;2;10;8;2;1;3;0;0;6;0;8;2;14;2;8;17;70;30;1;3;1.12;7.5;11;0;0;1.33;0;0;0;0;3.4;0;0;0;0;0;0;0;0;1.02;1.06;5;1.44;3.2;9;0;0;0;0;0;0;0;0;0;0;0;0;0;0;0;0;0;0;0;0;0;0;0;0;0;0;0;0;0;0;0;0;0;0;0;0;0;0;0;0;0;0;0;3;1;0;2;0;2;1;2019-08-11 14:00:00;66;0;57;22;22;0;1;1;3;1;5;1;4;6;0;1;1;2;1;3;1;64;30;116;94;1.77;0.36;2.13;0;0;0;0;0;0;1;1;0;0;1;0;0;0;-1;-1;-1;-1;-1;-1;-1;-1;-1;13;19;57;75;100;32;82;69;32;8.1;0;4.86;2.94;B36;EB - Streymur;2.29;0.79;2.38;0.63;2.19;0.53;88;82;44;25;0;90;70;50;1.91;1.01;2.92;1906;27;Y;Y;Y;N;N;N;N
546117;6876;5415;2019;complete;4356;15;-1;-1,-1;-1,-1,-1,-1;2;4;6;-1;-1;-1;-1;-1;-1;-1;-1;-1;-1;-1;-1;-1;-1;-1;-1;-1;-1;-1;-1;-1;0;0;0;0;0;0;0;0;0;0;0;0;0;0;0;0;0;0;0;0;0;0;0;0;0;0;0;0;0;0;0;0;0;0;0;0;0;0;0;0;0;0;0;0;0;0;0;0;0;0;0;0;0;0;0;0;0;0;0;0;0;0;0;0;0;0;0;0;6;0;0;0;0;0;0;2019-08-14 17:30:00;5415;0;48;7;10;1;-1;-1;-1;-1;-1;-1;-1;-1;-1;-1;-1;-1;-1;-1;-1;0;0;0;0;0;0;0;-1;-1;-1;-1;-1;-1;-1;-1;-1;-1;-1;-1;-1;-1;-1;-1;-1;-1;-1;-1;-1;-1;-1;27;46;66;100;100;61;75;67;40;7.5;0;4.86;3.66;ÍF;NSÍ;0.15;2;0.13;1.57;0.29;2.25;73;55;35;0;0;88;88;63;1.25;1.62;2.87;1906;27;Y;Y;Y;Y;Y;Y;Y
546118;66;6877;2019;complete;4356;19;-1;3,33,71;41;3;1;4;7;3;10;-1;-1;3;2;0;0;10;3;20;6;30;9;-1;-1;50;50;3;2;1.18;6.7;12.25;1.02;1.13;1.42;2.07;3.14;12;5.5;2.61;1.74;1.3;2.03;1.7;0;0;0;0;1.01;1.08;4.4;1.53;2.97;8.7;1.4;3.6;8.5;0;0;0;0;0;0;0;0;0;0;0;0;0;0;0;1.2;18;3.1;0;0;1.2;2.02;4.5;10;4;1.71;1.17;1.03;1.1;1.65;2.89;6.5;5.8;2.11;1.36;1.06;0;0;0;0;4;2;1;1;0;1;3;2019-08-17 14:00:00;66;0;47;15;29;0;1;1;5;2;2;1;7;3;2;1;1;1;3;2;1;118;55;199;133;3.45;1.19;4.64;0;0;0;0;0;0;1;1;1;0;1;1;0;0;-1;-1;-1;-1;-1;-1;-1;-1;-1;12;37;71;83;100;30;76;65;47;9.57;0.28;6.05;3.15;B36;TB;2.29;0.46;2.44;0.63;2.24;0.94;89;64;29;18;0;92;65;40;1.89;1.53;3.42;1906;25;Y;Y;Y;Y;N;N;Y
546119;985;6876;2019;complete;4356;19;-1;24,36,49,57,82,85;;6;0;6;-1;-1;-1;-1;-1;0;1;0;0;-1;-1;-1;-1;-1;-1;-1;-1;-1;-1;0;1;1.07;9.35;26.5;1;1.07;1.3;1.75;2.64;21;7;3.2;1.95;1.41;2.55;1.45;0;0;0;0;1.01;1.02;6.95;1.34;3.58;12.5;1.24;4.5;13;0;0;0;0;0;0;0;0;0;0;0;0;0;0;0;1.11;17.75;6.8;0;0;1.17;1.85;4;9.5;4.5;1.85;1.2;1.04;0;1.53;2.52;0;0;2.34;1.46;0;0;0;0;0;6;2;0;4;0;4;2;2019-08-18 14:00:00;985;0;50;29;18;0;-1;1;-1;-1;-1;-1;-1;-1;0;1;0;0;1;0;-1;0;0;0;0;0;0;0;0;0;0;0;0;0;1;1;0;0;-1;-1;0;0;-1;-1;-1;-1;-1;-1;-1;-1;-1;22;39;67;84;89;28;61;84;44;10;0;4.36;3.39;HB;ÍF;2.29;0.29;2.22;0.44;1.94;0.28;78;61;33;17;11;43;43;43;2.47;1.44;3.91;1906;27;Y;Y;Y;Y;Y;Y;N
546120;1211;997;2019;complete;4356;19;-1;81,89;90;2;1;3;-1;-1;-1;-1;-1;1;0;0;0;-1;-1;-1;-1;-1;-1;-1;-1;-1;-1;1;0;1.19;6.2;12.5;0;0;0;0;0;0;0;0;0;0;0;0;0;0;0;0;0;0;0;0;0;0;0;0;0;0;0;0;0;0;0;0;0;0;0;0;0;0;0;0;0;0;0;0;0;0;0;0;0;0;0;0;0;0;0;0;0;0;0;0;0;0;0;0;0;3;0;0;2;1;3;0;2019-08-18 14:00:00;1211;0;60;13;21;0;-1;1;-1;-1;-1;-1;-1;-1;0;0;1;0;0;1;-1;0;0;0;0;0;0;0;0;0;0;0;0;0;1;1;0;0;-1;-1;0;0;-1;-1;-1;-1;-1;-1;-1;-1;-1;12;24;60;77;100;23;71;77;48;10.25;0;4.52;2.99;Víkingur;EB - Streymur;2;0.79;2.38;0.56;2.06;0.5;89;77;41;24;0;88;75;59;1.68;0.79;2.47;1906;27;Y;Y;Y;N;N;N;Y
546121;5404;6872;2019;complete;4356;19;-1;-1,-1;-1,-1;2;2;4;11;5;16;-1;-1;-1;-1;-1;-1;4;6;14;9;18;15;-1;-1;50;50;-1;-1;1.38;4.35;5.8;1.02;1.14;1.53;2.25;4;12;5;2.4;1.57;1.2;1.72;2;0;0;0;0;1.1;1.17;2.62;2;2.5;4.75;1.67;3;5.5;0;0;0;0;0;0;0;0;0;0;0;0;0;0;0;1.33;17;3.3;0;0;1.25;2.21;5.5;11;3.5;1.59;1.13;1.02;1.14;1.79;3.4;8;4.9;1.92;1.25;1.05;0;0;0;0;4;0;0;0;0;0;0;2019-08-17 18:45:00;-1;0;21;7;7;1;1;-1;4;4;7;1;8;8;-1;-1;-1;-1;-1;-1;1;95;59;145;151;2.1;1.81;3.91;-1;-1;-1;-1;-1;-1;-1;-1;-1;-1;1;1;-1;-1;-1;-1;-1;-1;-1;-1;-1;-1;-1;7;15;48;75;93;35;54;61;35;10;0;3.79;2.5;KÍ;Skála;2.46;1.69;2.71;1.88;2.31;1.33;93;86;53;26;7;67;67;50;1.89;1.34;3.23;1906;27;Y;Y;Y;Y;N;N;Y
546122;6875;5415;2019;complete;4356;19;-1;28;35,60,62,85,90;1;5;6;4;9;13;-1;-1;1;1;0;0;6;11;3;5;9;16;-1;-1;50;50;1;1;9;6;1.2;1;1.06;1.3;1.76;2.53;21;7.5;3.5;2.04;1.44;1.66;2.09;0;0;0;0;4;1.1;1.04;7;3.1;1.57;7;3.7;1.44;0;0;0;0;0;0;0;0;0;0;0;0;0;0;0;3.84;17.25;1.27;0;0;1.17;1.81;3.75;9.5;4.5;1.89;1.22;1.04;1.07;1.5;2.44;5.5;6.8;2.41;1.49;1.1;0;0;0;0;6;1;1;0;4;4;2;2019-08-18 14:00:00;5415;0;65;20;7;0;1;1;3;8;1;1;11;2;1;1;0;0;2;0;1;79;86;146;155;1.57;2.41;3.99;0;0;0;0;0;0;1;1;0;0;0;1;1;1;-1;-1;-1;-1;-1;-1;-1;-1;-1;19;41;64;95;100;43;78;76;35;11.43;0;4.86;3.5;AB;NSÍ;0.57;2;0.89;1.75;0.61;2.29;82;60;36;6;0;73;66;41;1.74;1.62;3.36;1906;27;Y;Y;Y;Y;Y;Y;Y
546123;985;1211;2019;complete;4356;20;-1;57,74,83;27;3;1;4;12;2;14;0;4;1;5;0;0;8;3;10;4;18;7;11;10;68;32;1;5;1.91;3.6;3.2;1.02;1.24;1.75;2.72;5.5;11;3.56;2.05;1.39;1.12;1.66;2.33;0;0;0;0;1.33;1.25;1.73;2.5;2.3;3.6;2.19;2.6;3.82;0;0;0;0;0;1.73;0;0;0;0;2;0;0;0;0;1.57;11;2.5;0;0;1.33;2.44;6;13;3.04;1.49;1.1;1.01;1.19;1.96;4.2;11;4.2;1.75;1.17;1.02;0;0;0;0;4;0;1;3;0;3;1;2019-08-25 14:00:00;985;0;60;39;17;0;1;1;7;1;5;1;8;6;1;1;0;4;2;4;1;114;50;175;130;2.53;1.03;3.56;1;0;1;0;0;0;1;1;0;0;2;0;0;0;-1;-1;-1;-1;-1;-1;-1;-1;-1;40;60;80;95;95;50;75;85;45;14.38;0;3.34;4.15;HB;Víkingur;2.29;1.93;2.3;1.8;2;2.11;60;40;20;5;5;81;75;68;2.47;1.57;4.04;1906;27;Y;Y;Y;Y;N;N;Y
546124;6875;66;2019;complete;4356;20;-1;-1;-1,-1;1;2;3;-1;-1;-1;-1;-1;-1;-1;-1;-1;-1;-1;-1;-1;-1;-1;-1;-1;-1;-1;-1;-1;0;0;0;0;0;0;0;0;0;0;0;0;0;0;0;0;0;0;0;0;0;0;0;0;0;0;0;0;0;0;0;0;0;0;0;0;0;0;0;0;0;0;0;0;0;0;0;0;0;0;0;0;0;0;0;0;0;0;0;0;0;0;0;0;0;0;0;0;3;0;0;0;0;0;0;2019-08-25 16:00:00;66;0;63;17;14;1;-1;-1;-1;-1;-1;-1;-1;-1;-1;-1;-1;-1;-1;-1;-1;0;0;0;0;0;0;0;-1;-1;-1;-1;-1;-1;-1;-1;-1;-1;-1;-1;-1;-1;-1;-1;-1;-1;-1;-1;-1;-1;-1;5;31;68;79;95;21;52;73;47;8.63;0;2.89;2.81;AB;B36;0.57;2.38;0.8;2.11;0.58;2.32;95;70;32;22;6;50;44;44;1.72;1.13;2.85;1906;27;Y;Y;Y;N;N;N;Y
546125;6872;5415;2019;complete;4356;20;-1;87;35,75;1;2;3;-1;-1;-1;-1;-1;1;1;0;0;-1;-1;-1;-1;-1;-1;-1;-1;-1;-1;1;1;0;0;0;0;0;0;0;0;0;0;0;0;0;0;0;0;0;0;0;0;0;0;0;0;0;0;0;0;0;0;0;0;0;0;0;0;0;0;0;0;0;0;0;0;0;0;0;0;0;0;0;0;0;0;0;0;0;0;0;0;0;0;0;0;0;0;0;0;3;0;1;1;1;2;1;2019-08-25 14:00:00;5415;0;54;21;9;0;-1;1;-1;-1;-1;-1;-1;-1;1;0;0;1;1;1;-1;0;0;0;0;0;0;0;0;0;0;0;0;0;1;1;0;0;-1;-1;0;0;-1;-1;-1;-1;-1;-1;-1;-1;-1;27;27;53;90;100;54;75;44;22;8.8;0;3.96;3.31;Skála;NSÍ;1.07;2;0.9;1.89;1.32;2.33;73;73;47;10;0;90;90;45;1.4;1.77;3.17;1906;27;Y;Y;Y;N;N;N;Y
546126;997;5404;2019;complete;4356;20;-1;;39;0;1;1;-1;-1;-1;-1;-1;4;1;0;0;-1;-1;-1;-1;-1;-1;-1;-1;-1;-1;4;1;0;0;0;0;0;0;0;0;0;0;0;0;0;0;0;0;0;0;0;0;0;0;0;0;0;0;0;0;0;0;0;0;0;0;0;0;0;0;0;0;0;0;0;0;0;0;0;0;0;0;0;0;0;0;0;0;0;0;0;0;0;0;0;0;0;0;0;0;1;0;1;0;0;0;1;2019-08-25 14:00:00;5404;0;39;17;7;0;-1;1;-1;-1;-1;-1;-1;-1;1;0;3;1;1;4;-1;0;0;0;0;0;0;0;0;0;0;0;0;0;1;1;0;0;-1;-1;0;0;-1;-1;-1;-1;-1;-1;-1;-1;-1;28;33;62;78;95;22;39;50;28;11.67;0;4.46;3.22;EB - Streymur;KÍ;0.54;2.36;0.44;2;0.47;2.11;73;67;39;22;6;75;75;59;1.25;2.34;3.59;1906;27;Y;N;N;N;N;N;N
546127;6876;6877;2019;complete;4356;20;-1;39;25;1;1;2;-1;-1;-1;-1;-1;3;2;0;0;-1;-1;-1;-1;-1;-1;-1;-1;-1;-1;3;2;0;0;0;0;0;0;0;0;0;0;0;0;0;0;0;0;0;0;0;0;0;0;0;0;0;0;0;0;0;0;0;0;0;0;0;0;0;0;0;0;0;0;0;0;0;0;0;0;0;0;0;0;0;0;0;0;0;0;0;0;0;0;0;0;0;0;0;0;2;1;1;0;0;0;2;2019-08-25 14:00:00;-1;0;50;15;25;0;-1;1;-1;-1;-1;-1;-1;-1;0;0;3;2;0;5;-1;0;0;0;0;0;0;0;0;0;0;0;0;0;1;1;0;0;-1;-1;0;0;-1;-1;-1;-1;-1;-1;-1;-1;-1;22;67;84;95;100;44;56;62;44;6.67;0;5.43;3.84;ÍF;TB;0.15;0.46;0.11;0.56;0.26;0.88;78;33;17;6;0;100;92;84;1.25;1.48;2.73;1906;25;Y;Y;N;N;N;N;Y
546128;1211;6876;2019;complete;4356;21;-1;-1,-1,-1;-1,-1;3;2;5;-1;-1;-1;-1;-1;-1;-1;-1;-1;-1;-1;-1;-1;-1;-1;-1;-1;-1;-1;-1;-1;0;0;0;0;0;0;0;0;0;0;0;0;0;0;0;0;0;0;0;0;0;0;0;0;0;0;0;0;0;0;0;0;0;0;0;0;0;0;0;0;0;0;0;0;0;0;0;0;0;0;0;0;0;0;0;0;0;0;0;0;0;0;0;0;0;0;0;0;5;0;0;0;0;0;0;2019-09-01 16:00:00;1211;0;54;6;25;1;-1;-1;-1;-1;-1;-1;-1;-1;-1;-1;-1;-1;-1;-1;-1;0;0;0;0;0;0;0;-1;-1;-1;-1;-1;-1;-1;-1;-1;-1;-1;-1;-1;-1;-1;-1;-1;-1;-1;-1;-1;-1;-1;11;26;69;79;95;16;53;79;59;9.25;0;4.11;2.84;Víkingur;ÍF;2;0.29;2.44;0.4;2;0.3;90;74;32;21;5;38;25;25;1.68;1.44;3.12;1906;27;Y;Y;Y;Y;Y;N;Y
546129;5404;985;2019;complete;4356;21;-1;13,68,84;53;3;1;4;1;6;7;-1;-1;2;4;0;0;6;13;2;9;8;22;-1;-1;50;50;2;4;2.1;3.55;2.75;1.04;1.25;1.8;2.76;5.5;9.5;3.48;2;1.38;1.13;1.57;2.25;0;0;0;0;1.36;1.25;1.62;2.75;2.25;3.4;2.4;2.5;3.25;0;0;0;0;0;0;0;0;0;0;0;0;0;0;0;1.73;11;2.2;0;0;1.34;2.49;6;13;2.98;1.47;1.1;1.01;0;1.99;4.2;11;0;1.73;1.17;1.02;0;0;0;0;4;1;0;2;1;3;1;2019-09-01 14:00:00;5404;0;33;7;13;0;1;1;0;2;1;4;2;5;1;1;1;3;2;4;1;59;127;123;212;1.37;3.23;4.59;0;0;0;0;0;0;1;1;0;0;0;0;0;0;-1;-1;-1;-1;-1;-1;-1;-1;-1;11;22;50;84;89;33;50;62;50;12.95;0;5.88;2.67;KÍ;HB;2.46;1.46;2.22;1.67;2.16;2.05;89;78;50;17;11;58;33;23;1.88;2.09;3.97;1906;27;Y;Y;Y;Y;N;N;Y
546130;5415;997;2019;complete;4356;21;-1;4,16,72;;3;0;3;9;4;13;-1;-1;1;2;0;0;11;2;13;7;24;9;-1;-1;50;50;1;2;1.08;10;15;0;0;1.29;0;0;0;0;3.6;0;0;0;0;0;0;0;0;1.01;1.03;7;1.33;3.6;12;0;0;0;0;0;0;0;0;0;0;0;0;0;0;0;0;0;0;0;0;0;0;0;0;0;0;0;0;0;0;0;0;0;0;0;0;0;0;0;0;0;0;0;3;2;0;1;0;1;2;2019-09-01 18:00:00;5415;0;64;11;22;0;1;1;1;3;8;1;4;9;0;1;1;1;1;2;1;116;69;165;138;3.12;1.22;4.34;0;0;0;0;0;0;1;1;1;0;0;0;0;0;-1;-1;-1;-1;-1;-1;-1;-1;-1;16;32;64;85;100;37;74;85;54;7.83;0;4.22;3.32;NSÍ;EB - Streymur;2.21;0.79;2.78;0.5;2.37;0.45;84;68;37;16;0;67;67;50;1.73;0.79;2.52;1906;27;Y;Y;Y;N;N;N;N
546131;66;6872;2019;complete;4356;21;-1;66;;1;0;1;8;4;12;3;0;1;1;0;0;8;0;5;5;13;5;12;16;49;51;1;1;1.25;5.45;7.25;1.02;1.17;1.57;2.71;4.45;11;4.5;2.35;1.45;1.16;2.1;1.67;0;0;0;0;1.05;1.12;3.5;1.67;2.62;7;1.53;3.1;7.5;0;0;0;0;0;0;0;0;0;0;0;0;0;0;0;1.22;15;4.33;0;0;1.32;2.39;6;12;3.1;1.51;1.11;1.02;1.17;1.92;3.74;9.5;4.4;1.79;1.2;1.04;0;0;0;0;1;0;0;1;0;1;0;2019-09-01 14:00:00;66;0;36;11;11;0;1;1;8;0;0;4;8;4;1;1;0;0;2;0;1;34;39;81;77;1.63;0.61;2.23;0;0;0;0;0;0;1;1;0;0;3;0;0;0;-1;-1;-1;-1;-1;-1;-1;-1;-1;5;16;57;74;100;21;67;57;26;10.43;0;3.94;2.51;B36;Skála;2.29;1.69;2.5;1.78;2.35;1.25;95;85;43;27;0;93;79;50;2.11;1.57;3.68;1906;27;Y;N;N;N;N;N;N
546132;6877;6875;2019;complete;4356;21;-1;;-1;0;1;1;-1;-1;-1;-1;-1;-1;-1;-1;-1;-1;-1;-1;-1;-1;-1;-1;-1;-1;-1;-1;-1;0;0;0;0;0;0;0;0;0;0;0;0;0;0;0;0;0;0;0;0;0;0;0;0;0;0;0;0;0;0;0;0;0;0;0;0;0;0;0;0;0;0;0;0;0;0;0;0;0;0;0;0;0;0;0;0;0;0;0;0;0;0;0;0;0;0;0;0;1;0;0;0;0;0;0;2019-09-01 14:00:00;6875;0;46;7;36;1;-1;-1;-1;-1;-1;-1;-1;-1;-1;-1;-1;-1;-1;-1;-1;0;0;0;0;0;0;0;-1;-1;-1;-1;-1;-1;-1;-1;-1;-1;-1;-1;-1;-1;-1;-1;-1;-1;-1;-1;-1;-1;-1;28;28;52;70;100;23;41;64;39;4.43;0;4.51;2.99;TB;AB;0.83;1;1.25;0.33;0.89;0.55;72;72;49;31;0;22;22;22;0;1.2;1.2;1906;25;Y;N;N;N;N;N;N
546134;1211;6875;2019;complete;4356;22;-1;31;18;1;1;2;13;3;16;-1;-1;1;3;0;0;7;7;10;7;17;14;-1;-1;50;50;1;3;1.17;7;9;1.01;1.1;1.4;2;2.98;15;6;2.85;1.79;1.33;1.73;2;0;0;0;0;1.02;1.02;3.9;1.56;2.96;7.9;1.4;3.6;8;0;0;0;0;0;0;0;0;0;0;0;0;0;0;0;1.2;26;4.2;0;0;1.2;1.98;4.5;9.5;4;1.74;1.17;1.04;1.1;1.62;2.76;6.5;5.8;2.17;1.39;1.07;0;0;0;0;2;1;1;0;0;0;2;2019-09-15 14:00:00;-1;0;65;7;55;0;1;1;9;2;4;1;11;5;0;1;1;2;1;3;1;125;51;199;137;2.48;1.76;4.23;0;0;0;0;0;0;1;1;0;0;0;0;0;0;-1;-1;-1;-1;-1;-1;-1;-1;-1;35;40;70;80;100;20;50;70;65;11.68;0;3.71;3.45;Víkingur;AB;2;1;2.5;0.6;2.05;0.67;65;60;30;20;0;59;47;47;1.68;1.2;2.88;1906;27;Y;Y;N;N;N;N;Y
546136;985;6872;2019;complete;4356;22;-1;20,30,90;;3;0;3;6;2;8;1;2;2;2;0;0;12;3;10;9;22;12;8;15;62;38;2;2;1.4;4.5;5.5;1.01;1.14;1.5;2.47;4;17;5;2.5;1.53;1.19;1.81;1.89;0;0;0;0;1.02;1.09;2.6;1.85;2.52;5.95;1.69;3.02;5.55;0;0;0;0;0;0;0;0;0;0;0;0;0;0;0;1.3;17;3.5;2.37;15;1.28;2.27;5.7;12.5;3.54;1.56;1.13;1.02;1.13;1.76;3.4;8;5.1;1.95;1.25;1.05;0;0;0;0;3;2;0;1;0;1;2;2019-09-15 14:00:00;985;0;38;18;9;0;1;1;3;0;3;2;3;5;2;0;0;2;2;2;1;51;33;117;89;2.6;1.21;3.81;0;0;0;0;0;0;1;1;0;0;0;0;0;0;-1;-1;-1;-1;-1;-1;-1;-1;-1;23;37;57;76;96;28;61;71;33;13.17;0;3.25;3.23;HB;Skála;2.29;1.69;2.36;1.6;1.95;1.19;78;63;44;25;5;94;94;94;2.47;1.25;3.72;1906;27;Y;Y;Y;N;N;N;N
546137;6876;997;2019;complete;4356;22;-1;5,79;3,43,66;2;3;5;-1;-1;-1;-1;-1;3;3;1;0;-1;-1;-1;-1;-1;-1;-1;-1;-1;-1;4;3;0;0;0;0;0;0;0;0;0;0;0;0;0;0;0;0;0;0;0;0;0;0;0;0;0;0;0;0;0;0;0;0;0;0;0;0;0;0;0;0;0;0;0;0;0;0;0;0;0;0;0;0;0;0;0;0;0;0;0;0;0;0;0;0;0;0;0;0;5;1;2;1;1;2;3;2019-09-15 16:00:00;997;0;53;19;19;0;-1;1;-1;-1;-1;-1;-1;-1;2;1;2;2;3;4;-1;0;0;0;0;0;0;0;0;1;0;1;0;0;1;1;1;1;-1;-1;0;0;-1;-1;-1;-1;-1;-1;-1;-1;-1;20;39;72;91;100;43;62;66;38;5.75;0;4.27;3.49;ÍF;EB - Streymur;0.15;0.79;0.2;0.45;0.29;0.43;81;61;28;9;0;100;100;88;1.25;0.9;2.15;1906;27;Y;Y;Y;Y;Y;N;Y
546138;66;6876;2019;complete;4356;23;-1;6,7,23,31,49,87,90;18,79;7;2;9;9;1;10;-1;-1;1;2;0;0;14;3;11;3;25;6;-1;-1;50;50;1;2;1.1;8;12;1.01;1.1;1.36;1.95;2.88;15;6;3.1;1.83;1.35;2.25;1.57;0;0;0;0;1.02;1.05;6;1.44;3.25;10;1.25;4.2;12;0;0;0;0;0;0;0;0;0;0;0;0;0;0;0;1.13;21;6;0;0;1.17;1.94;4.5;10;4.5;1.77;1.17;1.04;1.09;1.59;2.69;6;6.1;2.21;1.41;1.07;0;0;0;0;9;4;1;3;1;4;5;2019-09-22 14:00:00;66;0;45;16;16;0;1;1;5;0;4;1;5;5;1;1;0;1;2;1;1;95;45;186;146;3.25;0.94;4.19;0;0;0;0;0;0;1;1;2;0;2;0;0;0;-1;-1;-1;-1;-1;-1;-1;-1;-1;14;27;69;78;96;23;64;73;41;7.75;0;4.41;2.87;B36;ÍF;2.29;0.29;2.55;0.36;2.41;0.27;87;73;32;23;5;44;32;7;2.05;1.44;3.49;1906;27;Y;Y;Y;Y;Y;Y;Y
546139;6877;5415;2019;complete;4356;23;-1;56;5,53,79,90;1;4;5;-1;-1;-1;-1;-1;2;1;1;0;-1;-1;-1;-1;-1;-1;-1;-1;-1;-1;3;1;0;0;0;0;0;0;0;0;0;0;0;0;0;0;0;0;0;0;0;0;0;0;0;0;0;0;0;0;0;0;0;0;0;0;0;0;0;0;0;0;0;0;0;0;0;0;0;0;0;0;0;0;0;0;0;0;0;0;0;0;0;0;0;0;0;0;0;0;5;0;1;1;3;4;1;2019-09-22 13:30:00;5415;0;46;11;6;0;-1;1;-1;-1;-1;-1;-1;-1;2;0;1;1;2;2;-1;0;0;0;0;0;0;0;0;1;0;1;0;0;1;1;0;1;-1;-1;0;0;-1;-1;-1;-1;-1;-1;-1;-1;-1;20;20;41;72;100;36;56;57;20;5.8;0;5.24;2.84;TB;NSÍ;0.83;2;1.11;2;0.8;2.18;80;80;59;28;0;40;40;20;0;1.77;1.77;1906;25;Y;Y;Y;Y;Y;N;Y
546140;6875;5404;2019;complete;4356;23;-1;;1,16;0;2;2;3;6;9;-1;-1;1;1;0;0;2;6;3;5;5;11;-1;-1;50;50;1;1;8.1;5.3;1.31;1.01;1.13;1.44;2.2;3.5;13;5.5;2.7;1.62;1.25;1.77;1.94;0;0;0;0;3.22;1.13;1.05;6.45;2.73;1.71;6.35;3.22;1.57;0;0;0;0;0;1.88;0;0;0;0;1.93;0;0;0;0;3.96;10.75;1.32;17;2.2;1.22;2.07;5;10.5;3.75;1.67;1.14;1.03;0;1.69;3;7;0;2.04;1.3;1.06;0;0;0;0;2;0;2;0;0;0;2;2019-09-22 16:00:00;5404;0;50;22;11;0;1;1;1;1;2;5;2;7;0;0;1;1;0;2;1;68;76;162;170;0.97;1.69;2.66;0;0;0;0;0;0;1;1;0;1;0;0;0;0;-1;-1;-1;-1;-1;-1;-1;-1;-1;14;36;69;78;100;27;60;69;36;13.88;0;3.89;3;AB;KÍ;0.57;2.36;0.73;2.18;0.68;2.27;87;64;32;23;0;88;69;57;1.72;2.4;4.12;1906;27;Y;Y;N;N;N;N;N
546141;6872;1211;2019;complete;4356;23;-1;;-1;0;1;1;-1;-1;-1;-1;-1;-1;-1;-1;-1;-1;-1;-1;-1;-1;-1;-1;-1;-1;-1;-1;-1;3.15;3.5;1.91;1.02;1.16;1.55;2.22;4;11;4.5;2.42;1.57;1.2;1.49;2.44;0;0;0;0;1.76;1.24;1.3;3.68;2.4;2.4;3.32;2.75;2.27;0;0;0;0;0;0;0;0;0;0;0;0;0;0;0;2.32;10.25;1.74;0;0;1.25;2.16;5.5;11;3.5;1.62;1.13;1.02;1.13;1.76;3.4;8;5.1;1.95;1.25;1.05;0;0;0;0;1;0;0;0;0;0;0;2019-09-25 18:00:00;1211;0;59;24;20;1;-1;-1;-1;-1;-1;-1;-1;-1;-1;-1;-1;-1;-1;-1;-1;0;0;0;0;0;0;0;-1;-1;-1;-1;-1;-1;-1;-1;-1;-1;-1;-1;-1;-1;-1;-1;-1;-1;-1;-1;-1;-1;-1;18;37;73;91;100;41;69;55;32;8.89;0;3.09;3.23;Skála;Víkingur;1.07;1.93;0.82;1.64;1.14;2;82;64;27;9;0;89;84;53;1.4;1.51;2.91;1906;27;Y;N;N;N;N;N;N
546142;997;985;2019;complete;4356;23;-1;-1;;1;0;1;3;9;12;3;1;0;0;0;0;5;3;1;20;6;23;12;11;27;73;0;0;6.9;5.65;1.25;1;1.06;1.27;1.74;2.65;15.75;6.9;3.3;1.95;1.42;1.59;2.15;0;0;0;0;2.75;1.13;1.11;4.75;2.88;1.83;7.1;3.7;1.44;0;0;0;0;0;1.73;0;0;0;0;2;0;0;0;0;3.25;26;1.33;0;0;1.17;1.82;4;9.5;4.5;1.88;1.2;1.04;1.08;1.51;2.46;5.5;6.4;2.39;1.48;1.1;0;0;0;0;1;0;0;0;0;0;0;2019-09-25 18:00:00;997;0;40;9;11;1;1;-1;1;5;2;4;6;6;0;0;0;0;0;0;1;46;151;109;271;1.08;2.77;3.85;-1;-1;-1;-1;-1;-1;-1;-1;-1;-1;1;2;-1;-1;-1;-1;-1;-1;-1;-1;-1;-1;-1;20;25;50;75;90;15;45;50;35;9.6;0;5.87;2.85;EB - Streymur;HB;0.54;1.46;0.4;1.5;0.55;2;80;75;50;25;10;55;35;35;1.25;2.32;3.57;1906;27;Y;N;N;N;N;N;N
546143;5404;6876;2019;complete;4356;24;-1;7,85,87;;3;0;3;-1;-1;-1;-1;-1;1;3;0;0;-1;-1;-1;-1;-1;-1;-1;-1;-1;-1;1;3;1.11;8.65;16.25;0;0;0;0;0;0;0;0;0;0;0;0;0;0;0;0;0;0;0;0;0;0;0;0;0;0;0;0;0;0;0;0;0;0;0;0;0;0;0;0;0;0;0;0;0;0;0;0;0;0;0;0;0;0;0;0;0;0;0;0;0;0;0;0;0;3;1;0;2;0;2;1;2019-09-29 14:00:00;5404;0;43;15;20;0;-1;1;-1;-1;-1;-1;-1;-1;1;1;0;2;2;2;-1;0;0;0;0;0;0;0;0;0;0;0;0;0;1;1;1;0;-1;-1;0;0;-1;-1;-1;-1;-1;-1;-1;-1;-1;17;39;70;87;92;35;53;74;53;7;0;4.3;3.34;KÍ;ÍF;2.46;0.29;2.36;0.33;2.3;0.26;83;61;31;13;9;33;33;9;1.8;1.28;3.08;1906;27;Y;Y;Y;N;N;N;N
546144;5415;1211;2019;complete;4356;24;-1;;2,83;0;2;2;-1;-1;-1;-1;-1;2;0;0;0;-1;-1;-1;-1;-1;-1;-1;-1;-1;-1;2;0;1.74;3.83;4.1;0;0;0;0;0;0;0;0;0;0;0;0;0;0;0;0;0;0;0;0;0;0;0;0;0;0;0;0;0;0;0;0;0;0;0;0;0;0;0;0;0;0;0;0;0;0;0;0;0;0;0;0;0;0;0;0;0;0;0;0;0;0;0;0;0;2;0;1;0;1;1;1;2019-09-29 14:00:00;1211;0;59;17;14;0;-1;1;-1;-1;-1;-1;-1;-1;0;0;2;0;0;2;-1;0;0;0;0;0;0;0;0;0;0;0;0;0;1;1;0;1;-1;-1;0;0;-1;-1;-1;-1;-1;-1;-1;-1;-1;21;46;75;88;100;46;71;84;46;11.22;0;3.8;3.42;NSÍ;Víkingur;2.21;1.93;2.33;1.75;2.22;2.04;79;55;25;13;0;67;56;45;1.88;1.51;3.39;1906;27;Y;Y;N;N;N;N;N
546145;66;985;2019;complete;4356;24;-1;51,90;34,54;2;2;4;5;7;12;5;1;1;4;0;0;6;6;11;9;17;15;11;13;60;40;1;4;1.87;3.2;3.6;1.01;1.2;1.67;2.7;4.85;10.25;3.95;2.05;1.39;1.14;1.57;2.2;0;0;0;0;1.29;1.26;1.76;2.44;2.29;3.86;2.3;2.61;3.48;0;0;0;0;0;2;0;0;0;0;1.8;0;0;0;0;1.74;8.9;2.4;3.7;7;1.3;2.5;6;12;3.2;1.5;1.11;1.02;1.28;1.92;3.74;9.5;3.34;1.79;1.2;1.04;0;0;0;0;4;0;1;2;1;3;1;2019-09-29 14:00:00;-1;0;43;14;25;0;1;1;2;4;3;3;6;6;0;2;1;2;2;3;1;106;62;182;136;2.27;1.82;4.1;0;0;0;0;0;0;1;1;0;0;1;0;0;0;-1;-1;-1;-1;-1;-1;-1;-1;-1;13;22;56;74;96;26;69;65;44;13.11;0;5.28;2.77;B36;HB;2.29;1.46;2.58;1.36;2.43;1.91;87;79;44;26;5;78;50;22;2.19;2.39;4.58;1906;27;Y;Y;Y;Y;N;N;Y
546146;6877;997;2019;complete;4356;24;-1;5;25,79;1;2;3;-1;-1;-1;-1;-1;4;2;0;0;-1;-1;-1;-1;-1;-1;-1;-1;-1;-1;4;2;1.85;3.73;3.7;0;0;0;0;0;0;0;0;0;0;0;0;0;0;0;0;0;0;0;0;0;0;0;0;0;0;0;0;0;0;0;0;0;0;0;0;0;0;0;0;0;0;0;0;0;0;0;0;0;0;0;0;0;0;0;0;0;0;0;0;0;0;0;0;0;3;1;1;0;1;1;2;2019-09-29 13:30:00;997;0;44;14;22;0;-1;1;-1;-1;-1;-1;-1;-1;2;1;2;1;3;3;-1;0;0;0;0;0;0;0;0;0;0;0;0;0;1;1;1;0;-1;-1;0;0;-1;-1;-1;-1;-1;-1;-1;-1;-1;14;18;49;67;100;26;53;67;26;3.25;0;5.01;2.67;TB;EB - Streymur;0.83;0.79;1;0.67;0.76;0.65;87;83;52;34;0;50;50;38;0;0.9;0.9;1906;25;Y;Y;Y;N;N;N;Y
546147;6875;6872;2019;complete;4356;24;-1;;16,25;0;2;2;-1;-1;-1;-1;-1;3;3;0;0;-1;-1;-1;-1;-1;-1;-1;-1;-1;-1;3;3;3.1;3.52;2.12;0;0;0;0;0;0;0;0;0;0;0;0;0;0;0;0;0;0;0;0;0;0;0;0;0;0;0;0;0;0;0;0;0;0;0;0;0;0;0;0;0;0;0;0;0;0;0;0;0;0;0;0;0;0;0;0;0;0;0;0;0;0;0;0;0;2;0;2;0;0;0;2;2019-09-29 14:00:00;6872;0;43;15;5;0;-1;1;-1;-1;-1;-1;-1;-1;3;1;0;2;4;2;-1;0;0;0;0;0;0;0;0;1;0;1;0;0;1;1;0;0;-1;-1;0;0;-1;-1;-1;-1;-1;-1;-1;-1;-1;4;26;60;78;100;26;56;65;26;9.78;0;3.3;2.72;AB;Skála;0.57;1.69;0.67;1.45;0.65;1.09;96;75;40;22;0;77;66;66;1.63;1.24;2.87;1906;27;Y;Y;N;N;N;N;N
546148;985;5415;2019;complete;4356;25;-1;;2,50;0;2;2;-1;-1;-1;-1;-1;3;3;1;0;-1;-1;-1;-1;-1;-1;-1;-1;-1;-1;4;3;2.25;3.58;2.8;1.02;1.14;1.53;2.35;3.72;11;5;2.31;1.58;1.22;1.48;2.46;0;0;0;0;1.29;1.19;1.53;2.59;2.38;3.36;2.45;2.71;3.04;0;0;0;0;0;0;0;0;0;0;0;0;0;0;0;1.84;10;2.17;0;0;1.25;2.17;5;10.5;3.75;1.61;1.14;1.03;0;1.77;0;0;0;1.94;0;0;0;0;0;0;2;0;1;0;1;1;1;2019-10-05 15:00:00;5415;0;62;27;19;0;-1;1;-1;-1;-1;-1;-1;-1;2;2;2;1;4;3;-1;0;0;0;0;0;0;0;0;0;0;0;0;0;1;1;0;1;-1;-1;1;0;-1;-1;-1;-1;-1;-1;-1;-1;-1;44;52;70;96;96;53;87;83;48;14.02;0;4.13;4.17;HB;NSÍ;2.29;2;2.42;2.09;1.88;2.13;57;49;31;4;4;79;79;59;2.49;1.77;4.26;1906;27;Y;Y;N;N;N;N;N
546149;1211;5404;2019;complete;4356;25;-1;46;67,74,90;1;3;4;-1;-1;-1;-1;-1;3;1;1;0;-1;-1;-1;-1;-1;-1;-1;-1;-1;-1;4;1;2.4;3.55;2.35;1.02;1.14;1.53;2.38;3.74;15;5;2.4;1.57;1.22;1.49;2.44;0;0;0;0;1.5;1.25;1.5;2.88;2.4;2.88;2.73;2.69;2.73;0;0;0;0;0;0;0;0;0;0;0;0;0;0;0;1.91;17;1.91;0;0;1.27;2.19;5;10.5;3.4;1.6;1.14;1.02;1.14;1.79;3.3;7.5;4.9;1.92;1.25;1.05;0;0;0;0;4;0;0;1;3;4;0;2019-10-08 18:00:00;5404;0;49;11;22;0;-1;1;-1;-1;-1;-1;-1;-1;1;0;3;1;1;4;-1;0;0;0;0;0;0;0;0;0;0;0;0;0;1;1;0;0;-1;-1;0;0;-1;-1;-1;-1;-1;-1;-1;-1;-1;18;26;57;75;100;26;57;57;40;15.8;0;3.79;2.75;Víkingur;KÍ;2;2.36;2.36;2.25;2.08;2.33;83;74;43;26;0;90;60;50;1.84;2.25;4.09;1906;27;Y;Y;Y;Y;N;N;Y
546150;6872;6877;2019;complete;4356;25;-1;28,32,36,60,80;84;5;1;6;-1;-1;-1;-1;-1;0;2;0;0;-1;-1;-1;-1;-1;-1;-1;-1;-1;-1;0;2;1.53;4.38;5.1;0;1.17;1.57;2.28;0;0;4.33;2.38;1.54;0;1.64;2.12;0;0;0;0;1.14;1.19;2.35;2;2.48;4.95;1.83;2.88;4.7;0;0;0;0;0;0;0;0;0;0;0;0;0;0;0;1.48;10;3.04;0;0;0;2.19;0;11;0;1.6;0;1.02;0;1.78;0;0;0;1.93;0;0;0;0;0;0;6;3;0;2;1;3;3;2019-10-05 14:00:00;6872;0;49;24;26;0;-1;1;-1;-1;-1;-1;-1;-1;0;2;0;0;2;0;-1;0;0;0;0;0;0;0;0;0;0;0;0;0;1;1;0;0;-1;-1;0;0;-1;-1;-1;-1;-1;-1;-1;-1;-1;9;32;62;83;100;44;66;45;27;7.17;0;4.4;2.94;Skála;TB;1.07;0.46;0.75;0.55;1.17;0.73;92;69;39;17;0;100;92;59;1.4;1.48;2.88;1906;25;Y;Y;Y;Y;Y;Y;Y
546151;997;66;2019;complete;4356;25;-1;;4,30,60,86;0;4;4;1;6;7;0;5;3;3;0;0;2;10;3;10;5;20;15;18;36;64;3;3;6.75;4.95;1.3;0;1.07;1.48;2.15;3.48;12;4.85;2.6;1.62;1.25;1.72;2;0;0;0;0;3;1.12;1.1;5.5;2.75;1.8;6.25;3.16;1.59;0;0;0;0;0;0;0;0;0;0;0;0;0;0;0;3.9;10.5;1.33;0;0;0;2.11;0;0;0;1.65;0;0;0;1.72;0;0;0;2;0;0;0;0;0;0;4;0;2;0;2;2;2;2019-10-05 15:30:00;66;0;46;9;7;0;1;1;1;3;0;3;4;3;0;2;3;1;2;4;1;32;58;77;100;0.7;2.38;3.07;0;0;0;0;0;0;1;1;0;1;0;1;0;1;-1;-1;-1;-1;-1;-1;-1;-1;-1;14;18;55;69;91;14;32;46;27;5.8;0;3.27;2.68;EB - Streymur;B36;0.54;2.38;0.64;2.27;0.75;2.38;87;82;46;32;9;54;54;44;1.19;1.27;2.46;1906;27;Y;Y;Y;Y;N;N;N
546152;6876;6875;2019;complete;4356;25;-1;74,77,82,90;12,18,34,44,60,90;4;6;10;-1;-1;-1;-1;-1;3;2;0;0;-1;-1;-1;-1;-1;-1;-1;-1;-1;-1;3;2;3.53;3.88;1.85;1.02;1.13;1.47;2.25;3.75;12;5.5;2.63;1.57;1.22;1.44;2.63;0;0;0;0;1.8;1.16;1.17;3.6;2.4;2.4;3.4;2.8;2.2;0;0;0;0;0;0;0;0;0;0;0;0;0;0;0;2.25;15;1.67;0;0;1.22;2.25;5;10;3.75;1.57;1.14;1.03;0;1.77;0;0;0;1.94;0;0;0;0;0;0;10;0;4;4;2;6;4;2019-10-05 15:30:00;6875;0;60;27;46;0;-1;1;-1;-1;-1;-1;-1;-1;3;0;0;2;3;2;-1;0;0;0;0;0;0;0;2;0;2;0;0;0;1;1;0;0;-1;-1;0;0;-1;-1;-1;-1;-1;-1;-1;-1;-1;41;55;73;91;100;46;55;60;55;6.75;0;4.31;3.82;ÍF;AB;0.15;1;0.18;0.64;0.25;0.63;60;46;27;9;0;75;75;75;1.25;1.27;2.52;1906;27;Y;Y;Y;Y;Y;Y;Y
546153;985;6877;2019;complete;4356;26;-1;28,40,90;;3;0;3;-1;-1;-1;-1;-1;0;2;0;0;-1;-1;-1;-1;-1;-1;-1;-1;-1;-1;0;2;0;0;0;0;0;0;0;0;0;0;0;0;0;0;0;0;0;0;0;0;0;0;0;0;0;0;0;0;0;0;0;0;0;0;0;0;0;0;0;0;0;0;0;0;0;0;0;0;0;0;0;0;0;0;0;0;0;0;0;0;0;0;0;0;0;0;0;0;3;2;0;1;0;1;2;2019-10-20 14:00:00;985;0;52;31;23;0;-1;1;-1;-1;-1;-1;-1;-1;0;1;0;1;1;1;-1;0;0;0;0;0;0;0;0;0;0;0;0;0;1;1;0;0;-1;-1;0;0;-1;-1;-1;-1;-1;-1;-1;-1;-1;28;56;72;92;96;52;80;80;44;12.39;0;5;3.88;HB;TB;2.29;0.46;2.23;0.5;1.8;0.7;73;44;28;8;4;89;81;73;2.49;1.48;3.97;1906;25;Y;Y;Y;N;N;N;N
546154;1211;66;2019;complete;4356;26;-1;;10;0;1;1;-1;-1;-1;-1;-1;2;1;0;0;-1;-1;-1;-1;-1;-1;-1;-1;-1;-1;2;1;0;0;0;0;0;0;0;0;0;0;0;0;0;0;0;0;0;0;0;0;0;0;0;0;0;0;0;0;0;0;0;0;0;0;0;0;0;0;0;0;0;0;0;0;0;0;0;0;0;0;0;0;0;0;0;0;0;0;0;0;0;0;0;0;0;0;0;0;1;0;1;0;0;0;1;2019-10-20 14:00:00;66;0;63;5;27;0;-1;1;-1;-1;-1;-1;-1;-1;1;0;1;1;1;2;-1;0;0;0;0;0;0;0;0;0;0;0;0;0;1;1;0;1;-1;-1;0;0;-1;-1;-1;-1;-1;-1;-1;-1;-1;9;25;67;79;96;21;46;63;50;11.73;0;3.48;2.75;Víkingur;B36;2;2.38;2.17;2.33;2;2.4;92;75;33;21;4;57;47;39;1.84;1.45;3.29;1906;27;Y;N;N;N;N;N;N
546155;5404;5415;2019;complete;4356;26;-1;34,37,69;30,30;3;2;5;9;6;15;-1;-1;1;5;0;1;10;8;9;7;19;15;-1;-1;50;50;1;7;1.95;3.6;3;1.03;1.17;1.57;2.4;4.5;10.5;4.5;2.25;1.5;1.17;1.55;2.3;0;0;0;0;1.42;1.22;1.57;2.78;2.34;3.15;2.59;2.63;2.96;0;0;0;0;0;0;0;0;0;0;0;0;0;0;0;1.83;17;2;0;0;0;0;0;0;0;0;0;0;1.25;2.27;5.5;12;3.56;1.56;1.13;1.02;0;0;0;0;5;2;2;1;0;1;4;2019-10-20 14:00:00;5404;0;50;14;18;0;1;1;3;5;6;1;8;7;0;2;1;4;2;5;1;111;59;170;118;2.71;1.94;4.64;0;0;0;0;0;0;1;1;0;0;1;2;0;0;-1;-1;-1;-1;-1;-1;-1;-1;-1;25;38;63;96;96;46;75;75;50;11.13;0;4.45;3.5;KÍ;NSÍ;2.46;2;2.42;2.17;2.36;2.16;75;63;38;4;4;57;57;29;1.8;1.77;3.57;1906;27;Y;Y;Y;Y;Y;N;Y
546156;997;6875;2019;complete;4356;26;-1;;34,58;0;2;2;-1;-1;-1;-1;-1;1;1;0;0;-1;-1;-1;-1;-1;-1;-1;-1;-1;-1;1;1;0;0;0;0;0;0;0;0;0;0;0;0;0;0;0;0;0;0;0;0;0;0;0;0;0;0;0;0;0;0;0;0;0;0;0;0;0;0;0;0;0;0;0;0;0;0;0;0;0;0;0;0;0;0;0;0;0;0;0;0;0;0;0;0;0;0;0;0;2;0;1;0;1;1;1;2019-10-20 14:00:00;6875;0;50;18;34;0;-1;1;-1;-1;-1;-1;-1;-1;1;0;0;1;1;1;-1;0;0;0;0;0;0;0;0;0;0;0;0;0;1;1;0;0;-1;-1;0;0;-1;-1;-1;-1;-1;-1;-1;-1;-1;38;42;59;75;96;30;46;55;46;6.75;0;4.11;3.67;EB - Streymur;AB;0.54;1;0.58;0.83;0.72;0.72;63;59;42;25;4;50;50;50;1.07;1.27;2.34;1906;27;Y;Y;N;N;N;N;N
546157;6876;6872;2019;complete;4356;26;-1;;52,69,84;0;3;3;-1;-1;-1;-1;-1;3;2;0;0;-1;-1;-1;-1;-1;-1;-1;-1;-1;-1;3;2;0;0;0;0;0;0;0;0;0;0;0;0;0;0;0;0;0;0;0;0;0;0;0;0;0;0;0;0;0;0;0;0;0;0;0;0;0;0;0;0;0;0;0;0;0;0;0;0;0;0;0;0;0;0;0;0;0;0;0;0;0;0;0;0;0;0;0;0;3;0;0;0;3;3;0;2019-10-20 14:00:00;6872;0;38;13;19;0;-1;1;-1;-1;-1;-1;-1;-1;1;0;2;2;1;4;-1;0;0;0;0;0;0;0;0;1;0;1;0;0;1;1;0;0;-1;-1;0;0;-1;-1;-1;-1;-1;-1;-1;-1;-1;21;38;63;84;100;42;54;54;29;6.5;0;4.17;3.3;ÍF;Skála;0.15;1.69;0.17;1.58;0.24;1.24;79;63;38;17;0;88;88;88;1.25;1.24;2.49;1906;27;Y;Y;Y;N;N;N;N
546158;5415;6876;2019;complete;4356;27;-1;10,39,89;50;3;1;4;-1;-1;-1;-1;-1;2;3;1;0;-1;-1;-1;-1;-1;-1;-1;-1;-1;-1;3;3;0;0;0;0;0;0;0;0;0;0;0;0;0;0;0;0;0;0;0;0;0;0;0;0;0;0;0;0;0;0;0;0;0;0;0;0;0;0;0;0;0;0;0;0;0;0;0;0;0;0;0;0;0;0;0;0;0;0;0;0;0;0;0;0;0;0;0;0;4;2;0;1;1;2;2;2019-10-26 11:30:00;5415;0;46;9;17;0;-1;1;-1;-1;-1;-1;-1;-1;1;2;2;1;3;3;-1;0;0;0;0;0;0;0;0;0;0;0;0;0;1;1;1;0;-1;-1;0;1;-1;-1;-1;-1;-1;-1;-1;-1;-1;19;35;70;85;96;35;66;85;50;7;0;4.18;3.31;NSÍ;ÍF;2.21;0.29;2.15;0.31;2.08;0.23;81;66;31;15;4;45;39;17;1.88;1.28;3.16;1906;27;Y;Y;Y;Y;N;N;Y
546159;66;5404;2019;complete;4356;27;-1;;7,9,82;0;3;3;2;7;9;-1;-1;3;2;0;0;4;6;8;5;12;11;-1;-1;50;50;3;2;2.3;3.55;2.45;1.02;1.13;1.47;2.25;3.5;12;5.5;2.63;1.57;1.25;1.44;2.79;0;0;0;0;1.24;1.19;1.61;2.52;2.35;3.54;2.36;2.61;3.36;0;0;0;0;0;0;0;0;0;0;0;0;0;0;0;1.7;20;2.14;0;0;0;2.25;0;0;0;1.57;0;0;0;2.02;3.15;0;0;1.71;1.31;0;0;0;0;0;3;0;2;0;1;1;2;2019-10-26 14:00:00;5404;0;43;17;26;0;1;1;0;4;2;3;4;5;1;0;2;2;1;4;1;96;79;186;146;1.75;1.7;3.45;0;0;0;0;0;0;1;1;0;2;0;2;0;0;-1;-1;-1;-1;-1;-1;-1;-1;-1;15;31;62;73;100;31;70;66;39;13.4;0;3.9;2.96;B36;KÍ;2.29;2.36;2.46;2.31;2.42;2.38;85;69;39;27;0;95;65;30;2.19;2.25;4.44;1906;27;Y;Y;Y;N;N;N;N
546160;6877;1211;2019;complete;4356;27;-1;;9,27;0;2;2;-1;-1;-1;-1;-1;2;0;0;0;-1;-1;-1;-1;-1;-1;-1;-1;-1;-1;2;0;2.1;3.72;3.02;1.02;1.13;1.44;2.1;3.5;12;5.5;2.7;1.67;1.25;1.4;2.73;0;0;0;0;1.35;1.24;1.67;2.56;2.38;3.4;2.39;2.66;3.22;0;0;0;0;0;0;0;0;0;0;0;0;0;0;0;1.73;20.5;2.09;0;0;0;0;0;0;0;0;0;0;0;2.03;3.15;0;0;1.7;1.31;0;0;0;0;0;2;0;2;0;0;0;2;2019-10-26 12:00:00;1211;0;49;22;12;0;-1;1;-1;-1;-1;-1;-1;-1;1;0;1;0;1;1;-1;0;0;0;0;0;0;0;0;0;0;0;0;0;1;1;0;1;-1;-1;0;0;-1;-1;-1;-1;-1;-1;-1;-1;-1;16;32;57;74;100;28;53;66;24;5.89;0;4.64;2.82;TB;Víkingur;0.83;1.93;0.91;1.85;0.67;1.92;84;69;44;27;0;39;34;28;0;1.51;1.51;1906;25;Y;Y;N;N;N;N;N
546161;6875;985;2019;complete;4356;27;-1;32;69,83;1;2;3;2;8;10;-1;-1;3;2;1;0;7;12;3;6;10;18;-1;-1;50;50;4;2;5.95;5.05;1.31;1;1.06;1.3;1.79;2.58;31;7.5;3.5;2;1.43;1.4;2.75;0;0;0;0;2.88;1.13;1.08;5;2.7;1.8;5;3.4;1.62;0;0;0;0;0;0;0;0;0;0;0;0;0;0;0;2.88;31;1.36;0;0;1.17;1.91;3.75;9.5;4.5;1.8;1.22;1.04;1.07;1.51;2.49;5;6.8;2.39;1.47;1.11;0;0;0;0;3;1;0;0;2;2;1;2019-10-26 11:00:00;985;0;52;14;20;0;1;1;1;2;1;6;3;7;0;2;4;0;2;4;1;67;110;145;209;1.62;2.79;4.41;0;0;0;0;0;0;1;1;0;0;0;0;0;0;-1;-1;-1;-1;-1;-1;-1;-1;-1;8;32;60;84;96;28;64;64;44;12.78;0;5.09;2.83;AB;HB;0.57;1.46;0.62;1.33;0.81;1.85;92;69;41;17;4;75;50;50;1.63;2.31;3.94;1906;27;Y;Y;Y;N;N;N;Y
546162;6872;997;2019;complete;4356;27;-1;20,42,57,64,78;;5;0;5;-1;-1;-1;-1;-1;1;1;0;0;-1;-1;-1;-1;-1;-1;-1;-1;-1;-1;1;1;0;0;0;0;0;0;0;0;0;0;0;0;0;0;0;0;0;0;0;0;0;0;0;0;0;0;0;0;0;0;0;0;0;0;0;0;0;0;0;0;0;0;0;0;0;0;0;0;0;0;0;0;0;0;0;0;0;0;0;0;0;0;0;0;0;0;0;0;5;2;0;3;0;3;2;2019-10-26 11:00:00;6872;0;54;23;32;0;-1;1;-1;-1;-1;-1;-1;-1;0;0;1;1;0;2;-1;0;0;0;0;0;0;0;0;0;0;0;0;0;1;1;0;0;-1;-1;0;0;-1;-1;-1;-1;-1;-1;-1;-1;-1;15;19;62;81;100;42;70;58;31;6.25;0;3.3;3;Skála;EB - Streymur;1.07;0.79;0.92;0.85;1.31;0.69;85;81;39;19;0;100;100;63;1.4;0.9;2.3;1906;27;Y;Y;Y;Y;Y;N;N
723744;5404;6877;2019;complete;4356;22;-1;12,23,64;;3;0;3;-1;-1;-1;-1;-1;0;2;0;0;-1;-1;-1;-1;-1;-1;-1;-1;-1;-1;0;2;1.34;5;7.7;0;0;0;0;0;0;0;0;0;0;0;0;0;0;0;0;0;0;0;0;0;0;0;0;0;0;0;0;0;0;0;0;0;0;0;0;0;0;0;0;0;0;0;0;0;0;0;0;0;0;0;0;0;0;0;0;0;0;0;0;0;0;0;0;0;3;2;0;1;0;1;2;2019-09-15 15:45:00;5404;0;50;25;24;0;-1;1;-1;-1;-1;-1;-1;-1;0;0;0;2;0;2;-1;0;0;0;0;0;0;0;0;0;0;0;0;0;1;1;0;0;-1;-1;0;0;-1;-1;-1;-1;-1;-1;-1;-1;-1;10;50;65;90;95;45;60;65;50;9.5;0;5.69;3.3;KÍ;TB;2.46;0.46;2.3;0.6;2.2;0.84;90;50;35;10;5;67;58;42;1.8;1.48;3.28;1906;25;Y;Y;Y;N;N;N;N
723745;5415;66;2019;complete;4356;22;-1;;6,39,59;0;3;3;6;4;10;-1;-1;1;2;0;0;6;6;8;9;14;15;-1;-1;50;50;1;2;2.1;3.8;2.7;1.02;1.14;1.57;2.5;4.5;11;5;2.38;1.5;1.17;1.44;2.63;0;0;0;0;1.4;1.2;1.62;2.63;2.3;3.3;2.4;2.75;3;0;0;0;0;0;2;0;0;0;0;1.73;0;0;0;0;1.73;14;2.1;0;0;1.25;2.23;5.5;11;3.5;1.58;1.13;1.02;1.29;2.38;5.5;11;3.25;1.53;1.13;1.02;0;0;0;0;3;0;2;0;1;1;2;2019-09-15 18:00:00;66;0;60;0;19;0;1;1;2;1;4;3;3;7;0;1;1;1;1;2;1;101;65;164;118;2.04;1.84;3.88;0;0;0;0;0;0;1;1;0;1;0;1;0;0;-1;-1;-1;-1;-1;-1;-1;-1;-1;10;25;65;80;95;30;55;70;50;7.93;0;3;2.85;NSÍ;B36;2.21;2.38;2.8;2.2;2.4;2.38;90;75;35;20;5;34;34;34;1.93;1.13;3.06;1906;27;Y;Y;Y;N;N;N;N
