ID;HOMEID;AWAYID;SEASON;STATUS;ROUNDID;GAME_WEEK;REVISED_GAME_WEEK;HOMEGOALS;AWAYGOALS;HOMEGOALCOUNT;AWAYGOALCOUNT;TOTALGOALCOUNT;TEAM_A_CORNERS;TEAM_B_CORNERS;TOTALCORNERCOUNT;TEAM_A_OFFSIDES;TEAM_B_OFFSIDES;TEAM_A_YELLOW_CARDS;TEAM_B_YELLOW_CARDS;TEAM_A_RED_CARDS;TEAM_B_RED_CARDS;TEAM_A_SHOTSONTARGET;TEAM_B_SHOTSONTARGET;TEAM_A_SHOTSOFFTARGET;TEAM_B_SHOTSOFFTARGET;TEAM_A_SHOTS;TEAM_B_SHOTS;TEAM_A_FOULS;TEAM_B_FOULS;TEAM_A_POSSESSION;TEAM_B_POSSESSION;TEAM_A_CARDS_NUM;TEAM_B_CARDS_NUM;ODDS_FT_1;ODDS_FT_X;ODDS_FT_2;ODDS_FT_OVER05;ODDS_FT_OVER15;ODDS_FT_OVER25;ODDS_FT_OVER35;ODDS_FT_OVER45;ODDS_FT_UNDER05;ODDS_FT_UNDER15;ODDS_FT_UNDER25;ODDS_FT_UNDER35;ODDS_FT_UNDER45;ODDS_BTTS_YES;ODDS_BTTS_NO;ODDS_TEAM_A_CS_YES;ODDS_TEAM_A_CS_NO;ODDS_TEAM_B_CS_YES;ODDS_TEAM_B_CS_NO;ODDS_DOUBLECHANCE_1X;ODDS_DOUBLECHANCE_12;ODDS_DOUBLECHANCE_X2;ODDS_1ST_HALF_RESULT_1;ODDS_1ST_HALF_RESULT_X;ODDS_1ST_HALF_RESULT_2;ODDS_2ND_HALF_RESULT_1;ODDS_2ND_HALF_RESULT_X;ODDS_2ND_HALF_RESULT_2;ODDS_DNB_1;ODDS_DNB_2;ODDS_CORNERS_OVER_75;ODDS_CORNERS_OVER_85;ODDS_CORNERS_OVER_95;ODDS_CORNERS_OVER_105;ODDS_CORNERS_OVER_115;ODDS_CORNERS_UNDER_75;ODDS_CORNERS_UNDER_85;ODDS_CORNERS_UNDER_95;ODDS_CORNERS_UNDER_105;ODDS_CORNERS_UNDER_115;ODDS_CORNERS_1;ODDS_CORNERS_X;ODDS_CORNERS_2;ODDS_TEAM_TO_SCORE_FIRST_1;ODDS_TEAM_TO_SCORE_FIRST_X;ODDS_TEAM_TO_SCORE_FIRST_2;ODDS_WIN_TO_NIL_1;ODDS_WIN_TO_NIL_2;ODDS_1ST_HALF_OVER05;ODDS_1ST_HALF_OVER15;ODDS_1ST_HALF_OVER25;ODDS_1ST_HALF_OVER35;ODDS_1ST_HALF_UNDER05;ODDS_1ST_HALF_UNDER15;ODDS_1ST_HALF_UNDER25;ODDS_1ST_HALF_UNDER35;ODDS_2ND_HALF_OVER05;ODDS_2ND_HALF_OVER15;ODDS_2ND_HALF_OVER25;ODDS_2ND_HALF_OVER35;ODDS_2ND_HALF_UNDER05;ODDS_2ND_HALF_UNDER15;ODDS_2ND_HALF_UNDER25;ODDS_2ND_HALF_UNDER35;ODDS_BTTS_1ST_HALF_YES;ODDS_BTTS_1ST_HALF_NO;ODDS_BTTS_2ND_HALF_YES;ODDS_BTTS_2ND_HALF_NO;OVERALLGOALCOUNT;HT_GOALS_TEAM_A;HT_GOALS_TEAM_B;GOALS_2HG_TEAM_A;GOALS_2HG_TEAM_B;GOALCOUNT_2HG;HTGOALCOUNT;DATE_UNIX;WINNINGTEAM;NO_HOME_AWAY;BTTS_POTENTIAL;BTTS_FHG_POTENTIAL;BTTS_2HG_POTENTIAL;GOALTIMINGDISABLED;CORNER_TIMINGS_RECORDED;CARD_TIMINGS_RECORDED;TEAM_A_FH_CORNERS;TEAM_B_FH_CORNERS;TEAM_A_2H_CORNERS;TEAM_B_2H_CORNERS;CORNER_FH_COUNT;CORNER_2H_COUNT;TEAM_A_FH_CARDS;TEAM_B_FH_CARDS;TEAM_A_2H_CARDS;TEAM_B_2H_CARDS;TOTAL_FH_CARDS;TOTAL_2H_CARDS;ATTACKS_RECORDED;TEAM_A_DANGEROUS_ATTACKS;TEAM_B_DANGEROUS_ATTACKS;TEAM_A_ATTACKS;TEAM_B_ATTACKS;TEAM_A_XG;TEAM_B_XG;TOTAL_XG;TEAM_A_PENALTIES_WON;TEAM_B_PENALTIES_WON;TEAM_A_PENALTY_GOALS;TEAM_B_PENALTY_GOALS;TEAM_A_PENALTY_MISSED;TEAM_B_PENALTY_MISSED;PENS_RECORDED;GOAL_TIMINGS_RECORDED;TEAM_A_0_10_MIN_GOALS;TEAM_B_0_10_MIN_GOALS;TEAM_A_CORNERS_0_10_MIN;TEAM_B_CORNERS_0_10_MIN;TEAM_A_CARDS_0_10_MIN;TEAM_B_CARDS_0_10_MIN;THROWINS_RECORDED;TEAM_A_THROWINS;TEAM_B_THROWINS;FREEKICKS_RECORDED;TEAM_A_FREEKICKS;TEAM_B_FREEKICKS;GOALKICKS_RECORDED;TEAM_A_GOALKICKS;TEAM_B_GOALKICKS;O45_POTENTIAL;O35_POTENTIAL;O25_POTENTIAL;O15_POTENTIAL;O05_POTENTIAL;O15HT_POTENTIAL;O05HT_POTENTIAL;O05_2H_POTENTIAL;O15_2H_POTENTIAL;CORNERS_POTENTIAL;OFFSIDES_POTENTIAL;CARDS_POTENTIAL;AVG_POTENTIAL;HOME_NAME;AWAY_NAME;HOME_PPG;AWAY_PPG;PRE_MATCH_HOME_PPG;PRE_MATCH_AWAY_PPG;PRE_MATCH_TEAMA_OVERALL_PPG;PRE_MATCH_TEAMB_OVERALL_PPG;U45_POTENTIAL;U35_POTENTIAL;U25_POTENTIAL;U15_POTENTIAL;U05_POTENTIAL;CORNERS_O85_POTENTIAL;CORNERS_O95_POTENTIAL;CORNERS_O105_POTENTIAL;TEAM_A_XG_PREMATCH;TEAM_B_XG_PREMATCH;TOTAL_XG_PREMATCH;COMPETITION_ID;MATCHES_COMPLETED_MINIMUM;OVER05;OVER15;OVER25;OVER35;OVER45;OVER55;BTTS
342745;1211;6875;2014;complete;2437;1;-1;;22,88;0;2;2;-1;-1;-1;-1;-1;3;4;1;0;-1;-1;-1;-1;-1;-1;-1;-1;-1;-1;5;4;0;0;0;0;0;0;0;0;0;0;0;0;0;0;0;0;0;0;0;0;0;0;0;0;0;0;0;0;0;0;0;0;0;0;0;0;0;0;0;0;0;0;0;0;0;0;0;0;0;0;0;0;0;0;0;0;0;0;0;0;0;0;0;0;0;0;0;0;2;0;1;0;1;1;1;2014-03-15 15:00:00;6875;0;0;0;0;0;-1;1;-1;-1;-1;-1;-1;-1;1;0;3;4;1;7;-1;0;0;0;0;0;0;0;0;0;0;0;0;0;1;1;0;0;-1;-1;0;0;-1;-1;-1;-1;-1;-1;-1;-1;-1;0;0;0;0;0;0;0;0;0;0;0;0;0;Víkingur;AB;1.77;1.07;0;0;0;0;0;0;0;0;0;0;0;0;0;0;0;1165;27;Y;Y;N;N;N;N;N
342746;997;985;2014;complete;2437;1;-1;70;40;1;1;2;-1;-1;-1;-1;-1;2;2;0;0;-1;-1;-1;-1;-1;-1;-1;-1;-1;-1;2;2;0;0;0;0;0;0;0;0;0;0;0;0;0;0;0;0;0;0;0;0;0;0;0;0;0;0;0;0;0;0;0;0;0;0;0;0;0;0;0;0;0;0;0;0;0;0;0;0;0;0;0;0;0;0;0;0;0;0;0;0;0;0;0;0;0;0;0;0;2;0;1;1;0;1;1;2014-03-15 15:00:00;-1;0;0;0;0;0;-1;1;-1;-1;-1;-1;-1;-1;0;0;2;2;0;4;-1;0;0;0;0;0;0;0;0;0;0;0;0;0;1;1;0;0;-1;-1;0;0;-1;-1;-1;-1;-1;-1;-1;-1;-1;0;0;0;0;0;0;0;0;0;0;0;0;0;EB - Streymur;HB;1.64;2.15;0;0;0;0;0;0;0;0;0;0;0;0;0;0;0;1165;27;Y;Y;N;N;N;N;Y
342747;66;6872;2014;complete;2437;1;-1;33,69;;2;0;2;-1;-1;-1;-1;-1;1;2;0;0;-1;-1;-1;-1;-1;-1;-1;-1;-1;-1;1;2;0;0;0;0;0;0;0;0;0;0;0;0;0;0;0;0;0;0;0;0;0;0;0;0;0;0;0;0;0;0;0;0;0;0;0;0;0;0;0;0;0;0;0;0;0;0;0;0;0;0;0;0;0;0;0;0;0;0;0;0;0;0;0;0;0;0;0;0;2;1;0;1;0;1;1;2014-03-15 15:00:00;66;0;0;0;0;0;-1;1;-1;-1;-1;-1;-1;-1;0;0;1;2;0;3;-1;0;0;0;0;0;0;0;0;0;0;0;0;0;1;1;0;0;-1;-1;0;0;-1;-1;-1;-1;-1;-1;-1;-1;-1;0;0;0;0;0;0;0;0;0;0;0;0;0;B36;Skála;1.93;0.36;0;0;0;0;0;0;0;0;0;0;0;0;0;0;0;1165;27;Y;Y;N;N;N;N;N
342748;5415;6878;2014;complete;2437;1;-1;27;;1;0;1;-1;-1;-1;-1;-1;2;2;0;0;-1;-1;-1;-1;-1;-1;-1;-1;-1;-1;2;2;0;0;0;0;0;0;0;0;0;0;0;0;0;0;0;0;0;0;0;0;0;0;0;0;0;0;0;0;0;0;0;0;0;0;0;0;0;0;0;0;0;0;0;0;0;0;0;0;0;0;0;0;0;0;0;0;0;0;0;0;0;0;0;0;0;0;0;0;1;1;0;0;0;0;1;2014-03-16 15:00:00;5415;0;0;0;0;0;-1;1;-1;-1;-1;-1;-1;-1;0;0;2;2;0;4;-1;0;0;0;0;0;0;0;1;0;1;0;0;0;1;1;0;0;-1;-1;0;0;-1;-1;-1;-1;-1;-1;-1;-1;-1;0;0;0;0;0;0;0;0;0;0;0;0;0;NSÍ;B68;1.64;0.36;0;0;0;0;0;0;0;0;0;0;0;0;0;0;0;1165;27;Y;N;N;N;N;N;N
342749;6876;5404;2014;complete;2437;1;-1;87;43,56,72;1;3;4;-1;-1;-1;-1;-1;2;0;0;0;-1;-1;-1;-1;-1;-1;-1;-1;-1;-1;2;0;0;0;0;0;0;0;0;0;0;0;0;0;0;0;0;0;0;0;0;0;0;0;0;0;0;0;0;0;0;0;0;0;0;0;0;0;0;0;0;0;0;0;0;0;0;0;0;0;0;0;0;0;0;0;0;0;0;0;0;0;0;0;0;0;0;0;0;0;4;0;1;1;2;3;1;2014-03-16 15:00:00;5404;0;0;0;0;0;-1;1;-1;-1;-1;-1;-1;-1;0;0;2;0;0;2;-1;0;0;0;0;0;0;0;0;0;0;0;0;0;1;1;0;0;-1;-1;0;0;-1;-1;-1;-1;-1;-1;-1;-1;-1;0;0;0;0;0;0;0;0;0;0;0;0;0;ÍF;KÍ;1.29;0.71;0;0;0;0;0;0;0;0;0;0;0;0;0;0;0;1165;27;Y;Y;Y;Y;N;N;Y
342750;6875;66;2014;complete;2437;2;-1;44;33,75;1;2;3;-1;-1;-1;-1;-1;4;3;0;0;-1;-1;-1;-1;-1;-1;-1;-1;-1;-1;4;3;0;0;0;0;0;0;0;0;0;0;0;0;0;0;0;0;0;0;0;0;0;0;0;0;0;0;0;0;0;0;0;0;0;0;0;0;0;0;0;0;0;0;0;0;0;0;0;0;0;0;0;0;0;0;0;0;0;0;0;0;0;0;0;0;0;0;0;0;3;1;1;0;1;1;2;2014-03-21 17:15:00;66;0;0;0;0;0;-1;1;-1;-1;-1;-1;-1;-1;3;0;1;3;3;4;-1;0;0;0;0;0;0;0;0;0;0;0;0;0;1;1;0;0;-1;-1;1;0;-1;-1;-1;-1;-1;-1;-1;-1;-1;0;0;0;0;0;0;0;0;0;0;0;0;0;AB;B36;0.77;2.62;0;0;3;3;0;0;0;0;0;0;0;0;0;0;0;1165;27;Y;Y;Y;N;N;N;Y
342751;985;6876;2014;complete;2437;2;-1;28,42,45;15;3;1;4;-1;-1;-1;-1;-1;2;3;0;0;-1;-1;-1;-1;-1;-1;-1;-1;-1;-1;2;3;0;0;0;0;0;0;0;0;0;0;0;0;0;0;0;0;0;0;0;0;0;0;0;0;0;0;0;0;0;0;0;0;0;0;0;0;0;0;0;0;0;0;0;0;0;0;0;0;0;0;0;0;0;0;0;0;0;0;0;0;0;0;0;0;0;0;0;0;4;3;1;0;0;0;4;2014-03-22 15:00:00;985;0;0;0;0;0;-1;1;-1;-1;-1;-1;-1;-1;0;2;2;1;2;3;-1;0;0;0;0;0;0;0;0;1;0;1;0;0;1;1;0;0;-1;-1;0;0;-1;-1;-1;-1;-1;-1;-1;-1;-1;0;0;0;0;0;0;0;0;0;0;0;0;0;HB;ÍF;2.29;0.77;0;0;1;0;0;0;0;0;0;0;0;0;0;0;0;1165;27;Y;Y;Y;Y;N;N;Y
342752;6878;997;2014;complete;2437;2;-1;76;39;1;1;2;-1;-1;-1;-1;-1;0;2;0;0;-1;-1;-1;-1;-1;-1;-1;-1;-1;-1;0;2;0;0;0;0;0;0;0;0;0;0;0;0;0;0;0;0;0;0;0;0;0;0;0;0;0;0;0;0;0;0;0;0;0;0;0;0;0;0;0;0;0;0;0;0;0;0;0;0;0;0;0;0;0;0;0;0;0;0;0;0;0;0;0;0;0;0;0;0;2;0;1;1;0;1;1;2014-03-22 17:00:00;-1;0;0;0;0;0;-1;1;-1;-1;-1;-1;-1;-1;0;0;0;2;0;2;-1;0;0;0;0;0;0;0;0;0;0;0;0;0;1;1;0;0;-1;-1;0;0;-1;-1;-1;-1;-1;-1;-1;-1;-1;0;0;0;0;0;0;0;0;0;0;0;0;0;B68;EB - Streymur;0.92;1.31;0;0;0;1;0;0;0;0;0;0;0;0;0;0;0;1165;27;Y;Y;N;N;N;N;Y
342753;6872;5415;2014;complete;2437;2;-1;68;9,32,37,88,90;1;5;6;-1;-1;-1;-1;-1;3;1;0;0;-1;-1;-1;-1;-1;-1;-1;-1;-1;-1;3;1;0;0;0;0;0;0;0;0;0;0;0;0;0;0;0;0;0;0;0;0;0;0;0;0;0;0;0;0;0;0;0;0;0;0;0;0;0;0;0;0;0;0;0;0;0;0;0;0;0;0;0;0;0;0;0;0;0;0;0;0;0;0;0;0;0;0;0;0;6;0;3;1;2;3;3;2014-03-23 14:00:00;5415;0;0;0;0;0;-1;1;-1;-1;-1;-1;-1;-1;1;1;2;0;2;2;-1;0;0;0;0;0;0;0;0;0;0;0;0;0;1;1;0;1;-1;-1;0;0;-1;-1;-1;-1;-1;-1;-1;-1;-1;0;0;0;0;0;0;0;0;0;0;0;0;0;Skála;NSÍ;0.92;1.31;0;0;0;3;0;0;0;0;0;0;0;0;0;0;0;1165;27;Y;Y;Y;Y;Y;Y;Y
342754;5404;1211;2014;complete;2437;2;-1;80;;1;0;1;-1;-1;-1;-1;-1;2;1;0;0;-1;-1;-1;-1;-1;-1;-1;-1;-1;-1;2;1;0;0;0;0;0;0;0;0;0;0;0;0;0;0;0;0;0;0;0;0;0;0;0;0;0;0;0;0;0;0;0;0;0;0;0;0;0;0;0;0;0;0;0;0;0;0;0;0;0;0;0;0;0;0;0;0;0;0;0;0;0;0;0;0;0;0;0;0;1;0;0;1;0;1;0;2014-03-23 15:00:00;5404;0;0;0;0;0;-1;1;-1;-1;-1;-1;-1;-1;1;1;1;0;2;1;-1;0;0;0;0;0;0;0;0;0;0;0;0;0;1;1;0;0;-1;-1;0;0;-1;-1;-1;-1;-1;-1;-1;-1;-1;0;0;0;0;0;0;0;0;0;0;0;0;0;KÍ;Víkingur;2;1.86;0;0;3;0;0;0;0;0;0;0;0;0;0;0;0;1165;27;Y;N;N;N;N;N;N
342755;66;1211;2014;complete;2437;3;-1;12,13;18,90;2;2;4;-1;-1;-1;-1;-1;3;6;0;0;-1;-1;-1;-1;-1;-1;-1;-1;-1;-1;3;6;0;0;0;0;0;0;0;0;0;0;0;0;0;0;0;0;0;0;0;0;0;0;0;0;0;0;0;0;0;0;0;0;0;0;0;0;0;0;0;0;0;0;0;0;0;0;0;0;0;0;0;0;0;0;0;0;0;0;0;0;0;0;0;0;0;0;0;0;4;2;1;0;1;1;3;2014-03-28 17:15:00;-1;0;0;0;0;0;-1;1;-1;-1;-1;-1;-1;-1;2;4;1;2;6;3;-1;0;0;0;0;0;0;0;1;0;1;0;0;0;1;1;0;0;-1;-1;0;0;-1;-1;-1;-1;-1;-1;-1;-1;-1;0;0;0;50;100;0;50;100;0;0;0;2;1.5;B36;Víkingur;1.93;1.86;3;0;3;0;100;100;100;50;0;0;0;0;0;0;0;1165;27;Y;Y;Y;Y;N;N;Y
342756;997;6872;2014;complete;2437;3;-1;43,45,69;;3;0;3;-1;-1;-1;-1;-1;2;1;0;0;-1;-1;-1;-1;-1;-1;-1;-1;-1;-1;2;1;0;0;0;0;0;0;0;0;0;0;0;0;0;0;0;0;0;0;0;0;0;0;0;0;0;0;0;0;0;0;0;0;0;0;0;0;0;0;0;0;0;0;0;0;0;0;0;0;0;0;0;0;0;0;0;0;0;0;0;0;0;0;0;0;0;0;0;0;3;2;0;1;0;1;2;2014-03-30 14:00:00;997;0;50;0;0;0;-1;1;-1;-1;-1;-1;-1;-1;1;0;1;1;1;2;-1;0;0;0;0;0;0;0;0;0;0;0;0;0;1;1;0;0;-1;-1;0;0;-1;-1;-1;-1;-1;-1;-1;-1;-1;0;0;0;100;100;0;100;100;0;0;0;4;2;EB - Streymur;Skála;1.64;0.36;1;0;1;0;100;100;100;0;0;0;0;0;0;0;0;1165;27;Y;Y;Y;N;N;N;N
342757;6876;6878;2014;complete;2437;3;-1;45,68,83;;3;0;3;-1;-1;-1;-1;-1;1;1;0;0;-1;-1;-1;-1;-1;-1;-1;-1;-1;-1;1;1;0;0;0;0;0;0;0;0;0;0;0;0;0;0;0;0;0;0;0;0;0;0;0;0;0;0;0;0;0;0;0;0;0;0;0;0;0;0;0;0;0;0;0;0;0;0;0;0;0;0;0;0;0;0;0;0;0;0;0;0;0;0;0;0;0;0;0;0;3;1;0;2;0;2;1;2014-03-30 14:00:00;6876;0;50;0;50;0;-1;1;-1;-1;-1;-1;-1;-1;1;0;0;1;1;1;-1;0;0;0;0;0;0;0;0;0;0;0;0;0;1;1;0;0;-1;-1;1;0;-1;-1;-1;-1;-1;-1;-1;-1;-1;0;50;50;50;100;0;100;50;50;0;0;4;2.5;ÍF;B68;1.29;0.36;0;0;0;0.5;100;50;50;50;0;0;0;0;0;0;0;1165;27;Y;Y;Y;N;N;N;N
342758;5415;6875;2014;complete;2437;3;-1;32,36,51;;3;0;3;-1;-1;-1;-1;-1;2;4;0;0;-1;-1;-1;-1;-1;-1;-1;-1;-1;-1;2;4;0;0;0;0;0;0;0;0;0;0;0;0;0;0;0;0;0;0;0;0;0;0;0;0;0;0;0;0;0;0;0;0;0;0;0;0;0;0;0;0;0;0;0;0;0;0;0;0;0;0;0;0;0;0;0;0;0;0;0;0;0;0;0;0;0;0;0;0;3;2;0;1;0;1;2;2014-03-30 14:00:00;5415;0;0;0;0;0;-1;1;-1;-1;-1;-1;-1;-1;0;1;2;3;1;5;-1;0;0;0;0;0;0;0;0;0;0;0;0;0;1;1;0;0;-1;-1;0;0;-1;-1;-1;-1;-1;-1;-1;-1;-1;0;0;0;50;100;0;100;50;0;0;0;6;1.5;NSÍ;AB;1.64;1.07;3;3;3;1.5;100;100;100;50;0;0;0;0;0;0;0;1165;27;Y;Y;Y;N;N;N;N
342759;985;5404;2014;complete;2437;3;-1;16,74;;2;0;2;-1;-1;-1;-1;-1;4;3;0;1;-1;-1;-1;-1;-1;-1;-1;-1;-1;-1;4;4;0;0;0;0;0;0;0;0;0;0;0;0;0;0;0;0;0;0;0;0;0;0;0;0;0;0;0;0;0;0;0;0;0;0;0;0;0;0;0;0;0;0;0;0;0;0;0;0;0;0;0;0;0;0;0;0;0;0;0;0;0;0;0;0;0;0;0;0;2;1;0;1;0;1;1;2014-03-30 14:00:00;985;0;100;50;50;0;-1;1;-1;-1;-1;-1;-1;-1;2;0;2;4;2;6;-1;0;0;0;0;0;0;0;0;0;0;0;0;0;1;1;0;0;-1;-1;0;0;-1;-1;-1;-1;-1;-1;-1;-1;-1;0;100;100;100;100;50;100;50;50;0;0;2;4;HB;KÍ;2.29;0.71;3;3;2;3;100;0;0;0;0;0;0;0;0;0;0;1165;27;Y;Y;N;N;N;N;N
342760;66;985;2014;complete;2437;4;-1;90;31;1;1;2;-1;-1;-1;-1;-1;1;2;0;0;-1;-1;-1;-1;-1;-1;-1;-1;-1;-1;1;2;0;0;0;0;0;0;0;0;0;0;0;0;0;0;0;0;0;0;0;0;0;0;0;0;0;0;0;0;0;0;0;0;0;0;0;0;0;0;0;0;0;0;0;0;0;0;0;0;0;0;0;0;0;0;0;0;0;0;0;0;0;0;0;0;0;0;0;0;2;0;1;1;0;1;1;2014-04-11 17:00:00;-1;0;75;25;0;0;-1;1;-1;-1;-1;-1;-1;-1;0;0;1;2;0;3;-1;0;0;0;0;0;0;0;0;0;0;0;0;0;1;1;0;0;-1;-1;0;0;-1;-1;-1;-1;-1;-1;-1;-1;-1;0;25;25;100;100;25;100;100;0;0;0;4;2.5;B36;HB;1.93;2.15;2;1;2.33;2.33;100;75;75;0;0;0;0;0;0;0;0;1165;27;Y;Y;N;N;N;N;Y
342761;6876;5415;2014;complete;2437;4;-1;11,35;56;2;1;3;-1;-1;-1;-1;-1;2;0;0;0;-1;-1;-1;-1;-1;-1;-1;-1;-1;-1;2;0;0;0;0;0;0;0;0;0;0;0;0;0;0;0;0;0;0;0;0;0;0;0;0;0;0;0;0;0;0;0;0;0;0;0;0;0;0;0;0;0;0;0;0;0;0;0;0;0;0;0;0;0;0;0;0;0;0;0;0;0;0;0;0;0;0;0;0;0;3;2;0;0;1;1;2;2014-04-13 14:00:00;6876;0;75;0;75;0;-1;1;-1;-1;-1;-1;-1;-1;0;0;2;0;0;2;-1;0;0;0;0;0;0;0;0;0;0;0;0;0;1;1;0;0;-1;-1;0;0;-1;-1;-1;-1;-1;-1;-1;-1;-1;50;75;100;100;100;50;100;100;100;0;0;2.5;4.75;ÍF;NSÍ;1.29;1.31;1.5;3;1;3;50;25;0;0;0;0;0;0;0;0;0;1165;27;Y;Y;Y;N;N;N;Y
342762;6875;6872;2014;complete;2437;4;-1;90;41;1;1;2;-1;-1;-1;-1;-1;3;1;1;0;-1;-1;-1;-1;-1;-1;-1;-1;-1;-1;4;1;0;0;0;0;0;0;0;0;0;0;0;0;0;0;0;0;0;0;0;0;0;0;0;0;0;0;0;0;0;0;0;0;0;0;0;0;0;0;0;0;0;0;0;0;0;0;0;0;0;0;0;0;0;0;0;0;0;0;0;0;0;0;0;0;0;0;0;0;2;0;1;1;0;1;1;2014-04-13 15:00:00;-1;0;50;50;0;0;-1;1;-1;-1;-1;-1;-1;-1;1;0;3;1;1;4;-1;0;0;0;0;0;0;0;0;0;0;0;0;0;1;1;0;0;-1;-1;0;0;-1;-1;-1;-1;-1;-1;-1;-1;-1;0;0;75;100;100;75;100;100;0;0;0;5.5;2.75;AB;Skála;0.77;0.36;0;0;1;0;100;100;25;0;0;0;0;0;0;0;0;1165;27;Y;Y;N;N;N;N;Y
342763;997;5404;2014;complete;2437;4;-1;8,11,69;90;3;1;4;-1;-1;-1;-1;-1;1;3;0;1;-1;-1;-1;-1;-1;-1;-1;-1;-1;-1;1;4;0;0;0;0;0;0;0;0;0;0;0;0;0;0;0;0;0;0;0;0;0;0;0;0;0;0;0;0;0;0;0;0;0;0;0;0;0;0;0;0;0;0;0;0;0;0;0;0;0;0;0;0;0;0;0;0;0;0;0;0;0;0;0;0;0;0;0;0;4;2;0;1;1;2;2;2014-04-13 15:00:00;997;0;50;0;25;0;-1;1;-1;-1;-1;-1;-1;-1;1;1;0;3;2;3;-1;0;0;0;0;0;0;0;0;0;0;0;0;0;1;1;1;0;-1;-1;0;1;-1;-1;-1;-1;-1;-1;-1;-1;-1;0;25;50;100;100;25;100;100;25;0;0;4;2.75;EB - Streymur;KÍ;1.64;0.71;2;1.5;1.67;2;100;75;50;0;0;0;0;0;0;0;0;1165;27;Y;Y;Y;Y;N;N;Y
342764;1211;6878;2014;complete;2437;4;-1;71;;1;0;1;-1;-1;-1;-1;-1;3;1;0;0;-1;-1;-1;-1;-1;-1;-1;-1;-1;-1;3;1;0;0;0;0;0;0;0;0;0;0;0;0;0;0;0;0;0;0;0;0;0;0;0;0;0;0;0;0;0;0;0;0;0;0;0;0;0;0;0;0;0;0;0;0;0;0;0;0;0;0;0;0;0;0;0;0;0;0;0;0;0;0;0;0;0;0;0;0;1;0;0;1;0;1;0;2014-04-13 15:00:00;1211;0;0;0;0;0;-1;1;-1;-1;-1;-1;-1;-1;1;1;2;0;2;2;-1;0;0;0;0;0;0;0;0;0;0;0;0;0;1;1;0;0;-1;-1;0;0;-1;-1;-1;-1;-1;-1;-1;-1;-1;0;0;25;75;100;0;100;75;25;0;0;6.5;2;Víkingur;B68;1.77;0.36;0;0;0.33;0.33;100;100;75;25;0;0;0;0;0;0;0;1165;27;Y;N;N;N;N;N;N
342765;5404;6875;2014;complete;2437;5;-1;37,41,49,65;76;4;1;5;-1;-1;-1;-1;-1;0;1;0;0;-1;-1;-1;-1;-1;-1;-1;-1;-1;-1;0;1;0;0;0;0;0;0;0;0;0;0;0;0;0;0;0;0;0;0;0;0;0;0;0;0;0;0;0;0;0;0;0;0;0;0;0;0;0;0;0;0;0;0;0;0;0;0;0;0;0;0;0;0;0;0;0;0;0;0;0;0;0;0;0;0;0;0;0;0;5;2;0;2;1;3;2;2014-04-17 14:00:00;5404;0;0;0;0;0;-1;1;-1;-1;-1;-1;-1;-1;0;1;0;0;1;0;-1;0;0;0;0;0;0;0;0;0;0;0;0;0;1;1;0;0;-1;-1;0;0;-1;-1;-1;-1;-1;-1;-1;-1;-1;0;0;25;50;100;25;50;100;0;0;0;6;1.75;KÍ;AB;2;1.07;3;1.5;1.5;1;100;100;75;50;0;0;0;0;0;0;0;1165;27;Y;Y;Y;Y;Y;N;Y
342766;6878;66;2014;complete;2437;5;-1;1,88;3,25,42,76;2;4;6;-1;-1;-1;-1;-1;2;2;1;0;-1;-1;-1;-1;-1;-1;-1;-1;-1;-1;4;2;0;0;0;0;0;0;0;0;0;0;0;0;0;0;0;0;0;0;0;0;0;0;0;0;0;0;0;0;0;0;0;0;0;0;0;0;0;0;0;0;0;0;0;0;0;0;0;0;0;0;0;0;0;0;0;0;0;0;0;0;0;0;0;0;0;0;0;0;6;1;3;1;1;2;4;2014-04-17 14:00:00;66;0;100;50;0;0;-1;1;-1;-1;-1;-1;-1;-1;2;1;1;1;3;2;-1;0;0;0;0;0;0;0;0;0;0;0;0;0;1;1;1;1;-1;-1;0;0;-1;-1;-1;-1;-1;-1;-1;-1;-1;0;0;50;100;100;50;100;100;0;0;0;3;2.5;B68;B36;0.92;2.62;1;3;0.25;2;100;100;50;0;0;0;0;0;0;0;0;1165;27;Y;Y;Y;Y;Y;Y;Y
342767;985;5415;2014;complete;2437;5;-1;29,32,82,89;54;4;1;5;-1;-1;-1;-1;-1;0;3;0;0;-1;-1;-1;-1;-1;-1;-1;-1;-1;-1;0;3;0;0;0;0;0;0;0;0;0;0;0;0;0;0;0;0;0;0;0;0;0;0;0;0;0;0;0;0;0;0;0;0;0;0;0;0;0;0;0;0;0;0;0;0;0;0;0;0;0;0;0;0;0;0;0;0;0;0;0;0;0;0;0;0;0;0;0;0;5;2;0;2;1;3;2;2014-04-17 14:00:00;985;0;75;25;25;0;-1;1;-1;-1;-1;-1;-1;-1;0;0;0;3;0;3;-1;0;0;0;0;0;0;0;0;0;0;0;0;0;1;1;0;0;-1;-1;0;0;-1;-1;-1;-1;-1;-1;-1;-1;-1;25;50;75;100;100;75;100;75;25;0;0;3.5;3.75;HB;NSÍ;2.29;1.31;3;1.5;2;2.25;75;50;25;0;0;0;0;0;0;0;0;1165;27;Y;Y;Y;Y;Y;N;Y
342768;6872;1211;2014;complete;2437;5;-1;62;44;1;1;2;-1;-1;-1;-1;-1;2;1;0;0;-1;-1;-1;-1;-1;-1;-1;-1;-1;-1;2;1;0;0;0;0;0;0;0;0;0;0;0;0;0;0;0;0;0;0;0;0;0;0;0;0;0;0;0;0;0;0;0;0;0;0;0;0;0;0;0;0;0;0;0;0;0;0;0;0;0;0;0;0;0;0;0;0;0;0;0;0;0;0;0;0;0;0;0;0;2;0;1;1;0;1;1;2014-04-17 15:00:00;-1;0;75;25;50;0;-1;1;-1;-1;-1;-1;-1;-1;1;0;1;1;1;2;-1;0;0;0;0;0;0;0;0;1;0;1;0;0;1;1;0;0;-1;-1;0;0;-1;-1;-1;-1;-1;-1;-1;-1;-1;50;75;75;75;100;75;75;100;50;0;0;6.5;4.25;Skála;Víkingur;0.92;1.86;0;0.5;0.25;1;50;25;25;25;0;0;0;0;0;0;0;1165;27;Y;Y;N;N;N;N;Y
342769;6876;997;2014;complete;2437;5;-1;74,83,85;;3;0;3;-1;-1;-1;-1;-1;1;2;0;0;-1;-1;-1;-1;-1;-1;-1;-1;-1;-1;1;2;0;0;0;0;0;0;0;0;0;0;0;0;0;0;0;0;0;0;0;0;0;0;0;0;0;0;0;0;0;0;0;0;0;0;0;0;0;0;0;0;0;0;0;0;0;0;0;0;0;0;0;0;0;0;0;0;0;0;0;0;0;0;0;0;0;0;0;0;3;0;0;3;0;3;0;2014-04-17 17:30:00;6876;0;84;0;17;0;-1;1;-1;-1;-1;-1;-1;-1;0;0;1;2;0;3;-1;0;0;0;0;0;0;0;0;0;0;0;0;0;1;1;0;0;-1;-1;0;0;-1;-1;-1;-1;-1;-1;-1;-1;-1;0;17;50;100;100;17;100;100;34;0;0;3.67;2.67;ÍF;EB - Streymur;1.29;1.31;2;1;1.5;2;100;84;50;0;0;0;0;0;0;0;0;1165;27;Y;Y;Y;N;N;N;N
342770;5404;6872;2014;complete;2437;6;-1;49;;1;0;1;-1;-1;-1;-1;-1;1;3;0;0;-1;-1;-1;-1;-1;-1;-1;-1;-1;-1;1;3;0;0;0;0;0;0;0;0;0;0;0;0;0;0;0;0;0;0;0;0;0;0;0;0;0;0;0;0;0;0;0;0;0;0;0;0;0;0;0;0;0;0;0;0;0;0;0;0;0;0;0;0;0;0;0;0;0;0;0;0;0;0;0;0;0;0;0;0;1;0;0;1;0;1;0;2014-04-21 14:00:00;5404;0;42;0;25;0;-1;1;-1;-1;-1;-1;-1;-1;1;0;0;3;1;3;-1;0;0;0;0;0;0;0;0;0;0;0;0;0;1;1;0;0;-1;-1;0;0;-1;-1;-1;-1;-1;-1;-1;-1;-1;25;25;42;75;100;42;75;100;25;0;0;2.33;2.67;KÍ;Skála;2;0.36;3;0.33;1.8;0.4;75;75;59;25;0;0;0;0;0;0;0;1165;27;Y;N;N;N;N;N;N
342771;6876;66;2014;complete;2437;6;-1;61,65;7,11,36,53,90;2;5;7;-1;-1;-1;-1;-1;1;1;1;0;-1;-1;-1;-1;-1;-1;-1;-1;-1;-1;3;1;0;0;0;0;0;0;0;0;0;0;0;0;0;0;0;0;0;0;0;0;0;0;0;0;0;0;0;0;0;0;0;0;0;0;0;0;0;0;0;0;0;0;0;0;0;0;0;0;0;0;0;0;0;0;0;0;0;0;0;0;0;0;0;0;0;0;0;0;7;0;3;2;2;4;3;2014-04-21 14:00:00;66;0;75;50;38;0;-1;1;-1;-1;-1;-1;-1;-1;0;0;2;1;0;3;-1;0;0;0;0;0;0;0;0;0;0;0;0;0;1;1;0;1;-1;-1;0;0;-1;-1;-1;-1;-1;-1;-1;-1;-1;25;38;100;100;100;63;88;100;63;0;0;4;3.88;ÍF;B36;1.29;2.62;2.25;3;1.8;2.2;75;63;0;0;0;0;0;0;0;0;0;1165;27;Y;Y;Y;Y;Y;Y;Y
342772;6878;6875;2014;complete;2437;6;-1;50,78,90;88,90;3;2;5;-1;-1;-1;-1;-1;2;1;0;0;-1;-1;-1;-1;-1;-1;-1;-1;-1;-1;2;1;0;0;0;0;0;0;0;0;0;0;0;0;0;0;0;0;0;0;0;0;0;0;0;0;0;0;0;0;0;0;0;0;0;0;0;0;0;0;0;0;0;0;0;0;0;0;0;0;0;0;0;0;0;0;0;0;0;0;0;0;0;0;0;0;0;0;0;0;5;0;0;3;2;5;0;2014-04-21 14:00:00;6878;0;67;25;42;0;-1;1;-1;-1;-1;-1;-1;-1;0;0;2;1;0;3;-1;0;0;0;0;0;0;0;0;0;0;0;0;0;1;1;0;0;-1;-1;0;0;-1;-1;-1;-1;-1;-1;-1;-1;-1;42;42;59;100;100;59;100;100;42;0;0;5;3.67;B68;AB;0.92;1.07;0.5;1;0.2;0.8;59;59;42;0;0;0;0;0;0;0;0;1165;27;Y;Y;Y;Y;Y;N;Y
342773;985;1211;2014;complete;2437;6;-1;45,53;71,77;2;2;4;-1;-1;-1;-1;-1;1;2;0;0;-1;-1;-1;-1;-1;-1;-1;-1;-1;-1;1;2;0;0;0;0;0;0;0;0;0;0;0;0;0;0;0;0;0;0;0;0;0;0;0;0;0;0;0;0;0;0;0;0;0;0;0;0;0;0;0;0;0;0;0;0;0;0;0;0;0;0;0;0;0;0;0;0;0;0;0;0;0;0;0;0;0;0;0;0;4;1;0;1;2;3;1;2014-04-21 14:00:00;-1;0;67;33;17;0;-1;1;-1;-1;-1;-1;-1;-1;0;0;1;2;0;3;-1;0;0;0;0;0;0;0;0;0;0;0;0;0;1;1;0;0;-1;-1;0;0;-1;-1;-1;-1;-1;-1;-1;-1;-1;17;50;50;84;100;50;84;84;17;0;0;4.67;3;HB;Víkingur;2.29;1.86;3;0.67;2.2;1;84;50;50;17;0;0;0;0;0;0;0;1165;27;Y;Y;Y;Y;N;N;Y
342774;997;5415;2014;complete;2437;6;-1;;;0;0;0;-1;-1;-1;-1;-1;2;3;0;0;-1;-1;-1;-1;-1;-1;-1;-1;-1;-1;2;3;0;0;0;0;0;0;0;0;0;0;0;0;0;0;0;0;0;0;0;0;0;0;0;0;0;0;0;0;0;0;0;0;0;0;0;0;0;0;0;0;0;0;0;0;0;0;0;0;0;0;0;0;0;0;0;0;0;0;0;0;0;0;0;0;0;0;0;0;0;0;0;0;0;0;0;2014-04-21 14:00:00;-1;0;84;0;50;0;-1;1;-1;-1;-1;-1;-1;-1;0;1;2;2;1;4;-1;0;0;0;0;0;0;0;0;0;0;0;0;0;1;1;0;0;-1;-1;0;0;-1;-1;-1;-1;-1;-1;-1;-1;-1;34;50;84;100;100;84;100;100;50;0;0;3;3.84;EB - Streymur;NSÍ;1.64;1.31;2.33;1;1.6;1.8;67;50;17;0;0;0;0;0;0;0;0;1165;27;N;N;N;N;N;N;N
342775;6878;6872;2014;complete;2437;7;-1;;;0;0;0;-1;-1;-1;-1;-1;2;1;0;0;-1;-1;-1;-1;-1;-1;-1;-1;-1;-1;2;1;0;0;0;0;0;0;0;0;0;0;0;0;0;0;0;0;0;0;0;0;0;0;0;0;0;0;0;0;0;0;0;0;0;0;0;0;0;0;0;0;0;0;0;0;0;0;0;0;0;0;0;0;0;0;0;0;0;0;0;0;0;0;0;0;0;0;0;0;0;0;0;0;0;0;0;2014-05-02 17:30:00;-1;0;63;17;34;0;-1;1;-1;-1;-1;-1;-1;-1;0;0;2;1;0;3;-1;0;0;0;0;0;0;0;0;0;0;0;0;0;1;1;0;0;-1;-1;0;0;-1;-1;-1;-1;-1;-1;-1;-1;-1;34;34;46;88;100;29;71;100;34;0;0;3.75;3.17;B68;Skála;0.92;0.36;1.33;0.25;0.67;0.33;67;67;54;13;0;0;0;0;0;0;0;1165;27;N;N;N;N;N;N;N
342776;5415;5404;2014;complete;2437;7;-1;90;26;1;1;2;-1;-1;-1;-1;-1;2;3;0;0;-1;-1;-1;-1;-1;-1;-1;-1;-1;-1;2;3;0;0;0;0;0;0;0;0;0;0;0;0;0;0;0;0;0;0;0;0;0;0;0;0;0;0;0;0;0;0;0;0;0;0;0;0;0;0;0;0;0;0;0;0;0;0;0;0;0;0;0;0;0;0;0;0;0;0;0;0;0;0;0;0;0;0;0;0;2;0;1;1;0;1;1;2014-05-03 17:00:00;-1;0;34;0;34;0;-1;1;-1;-1;-1;-1;-1;-1;1;1;1;2;2;3;-1;0;0;0;0;0;0;0;0;0;0;0;0;0;1;1;0;0;-1;-1;0;0;-1;-1;-1;-1;-1;-1;-1;-1;-1;0;34;59;75;100;42;100;75;34;0;0;4.67;2.67;NSÍ;KÍ;1.64;0.71;3;1;1.67;2;100;67;42;25;0;0;0;0;0;0;0;1165;27;Y;Y;N;N;N;N;Y
342777;6875;985;2014;complete;2437;7;-1;;20,55,90;0;3;3;-1;-1;-1;-1;-1;2;0;0;0;-1;-1;-1;-1;-1;-1;-1;-1;-1;-1;2;0;0;0;0;0;0;0;0;0;0;0;0;0;0;0;0;0;0;0;0;0;0;0;0;0;0;0;0;0;0;0;0;0;0;0;0;0;0;0;0;0;0;0;0;0;0;0;0;0;0;0;0;0;0;0;0;0;0;0;0;0;0;0;0;0;0;0;0;0;3;0;1;0;2;2;1;2014-05-04 14:00:00;985;0;100;25;0;0;-1;1;-1;-1;-1;-1;-1;-1;1;0;1;0;1;1;-1;0;0;0;0;0;0;0;0;0;0;0;0;0;1;1;0;0;-1;-1;0;0;-1;-1;-1;-1;-1;-1;-1;-1;-1;0;0;25;100;100;25;100;100;0;0;0;6;2.25;AB;HB;0.77;2.15;0.5;1;0.67;2;100;100;75;0;0;0;0;0;0;0;0;1165;27;Y;Y;Y;N;N;N;N
342778;1211;6876;2014;complete;2437;7;-1;7;35;1;1;2;-1;-1;-1;-1;-1;3;1;0;0;-1;-1;-1;-1;-1;-1;-1;-1;-1;-1;3;1;0;0;0;0;0;0;0;0;0;0;0;0;0;0;0;0;0;0;0;0;0;0;0;0;0;0;0;0;0;0;0;0;0;0;0;0;0;0;0;0;0;0;0;0;0;0;0;0;0;0;0;0;0;0;0;0;0;0;0;0;0;0;0;0;0;0;0;0;2;1;1;0;0;0;2;2014-05-04 14:00:00;-1;0;50;50;0;0;-1;1;-1;-1;-1;-1;-1;-1;1;1;2;0;2;2;-1;0;0;0;0;0;0;0;0;0;0;0;0;0;1;1;1;0;-1;-1;0;1;-1;-1;-1;-1;-1;-1;-1;-1;-1;0;50;50;75;100;50;75;50;0;0;0;7;2.75;Víkingur;ÍF;1.77;0.77;1.5;0;1;1.5;100;50;50;25;0;0;0;0;0;0;0;1165;27;Y;Y;N;N;N;N;Y
342779;66;997;2014;complete;2437;7;-1;2,82,88;90;3;1;4;-1;-1;-1;-1;-1;3;2;0;0;-1;-1;-1;-1;-1;-1;-1;-1;-1;-1;3;2;0;0;0;0;0;0;0;0;0;0;0;0;0;0;0;0;0;0;0;0;0;0;0;0;0;0;0;0;0;0;0;0;0;0;0;0;0;0;0;0;0;0;0;0;0;0;0;0;0;0;0;0;0;0;0;0;0;0;0;0;0;0;0;0;0;0;0;0;4;1;0;2;1;3;1;2014-05-04 16:15:00;66;0;59;17;0;0;-1;1;-1;-1;-1;-1;-1;-1;0;0;3;2;0;5;-1;0;0;0;0;0;0;0;0;0;0;0;0;0;1;1;1;0;-1;-1;0;0;-1;-1;-1;-1;-1;-1;-1;-1;-1;0;17;42;100;100;17;75;100;25;0;0;3.67;2.59;B36;EB - Streymur;1.93;1.31;1.67;0.5;2.33;1.5;100;84;59;0;0;0;0;0;0;0;0;1165;27;Y;Y;Y;Y;N;N;Y
342780;1211;5415;2014;complete;2437;8;-1;28,61,77;;3;0;3;-1;-1;-1;-1;-1;0;1;0;0;-1;-1;-1;-1;-1;-1;-1;-1;-1;-1;0;1;0;0;0;0;0;0;0;0;0;0;0;0;0;0;0;0;0;0;0;0;0;0;0;0;0;0;0;0;0;0;0;0;0;0;0;0;0;0;0;0;0;0;0;0;0;0;0;0;0;0;0;0;0;0;0;0;0;0;0;0;0;0;0;0;0;0;0;0;3;1;0;2;0;2;1;2014-05-09 18:00:00;1211;0;54;17;25;0;-1;1;-1;-1;-1;-1;-1;-1;0;0;0;1;0;1;-1;0;0;0;0;0;0;0;0;0;0;0;0;0;1;1;0;0;-1;-1;0;0;-1;-1;-1;-1;-1;-1;-1;-1;-1;25;25;38;71;88;54;71;71;25;0;0;5.42;2.59;Víkingur;NSÍ;1.77;1.31;1.33;1;1;1.57;75;75;63;29;13;0;0;0;0;0;0;1165;27;Y;Y;Y;N;N;N;N
342781;6878;985;2014;complete;2437;8;-1;;14,25,28,57;0;4;4;-1;-1;-1;-1;-1;0;1;0;0;-1;-1;-1;-1;-1;-1;-1;-1;-1;-1;0;1;0;0;0;0;0;0;0;0;0;0;0;0;0;0;0;0;0;0;0;0;0;0;0;0;0;0;0;0;0;0;0;0;0;0;0;0;0;0;0;0;0;0;0;0;0;0;0;0;0;0;0;0;0;0;0;0;0;0;0;0;0;0;0;0;0;0;0;0;4;0;3;0;1;1;3;2014-05-11 14:00:00;985;0;71;13;25;0;-1;1;-1;-1;-1;-1;-1;-1;0;0;0;1;0;1;-1;0;0;0;0;0;0;0;0;0;0;0;0;0;1;1;0;0;-1;-1;0;0;-1;-1;-1;-1;-1;-1;-1;-1;-1;25;25;42;88;88;13;75;88;42;0;0;3.33;2.79;B68;HB;0.92;2.15;1.25;1.67;0.71;2.14;75;75;59;13;13;0;0;0;0;0;0;1165;27;Y;Y;Y;Y;N;N;N
342782;6872;6876;2014;complete;2437;8;-1;40,52;6,87;2;2;4;-1;-1;-1;-1;-1;1;3;0;0;-1;-1;-1;-1;-1;-1;-1;-1;-1;-1;1;3;0;0;0;0;0;0;0;0;0;0;0;0;0;0;0;0;0;0;0;0;0;0;0;0;0;0;0;0;0;0;0;0;0;0;0;0;0;0;0;0;0;0;0;0;0;0;0;0;0;0;0;0;0;0;0;0;0;0;0;0;0;0;0;0;0;0;0;0;4;1;1;1;1;2;2;2014-05-11 14:00:00;-1;0;100;50;25;0;-1;1;-1;-1;-1;-1;-1;-1;0;0;1;3;0;4;-1;0;0;0;0;0;0;0;0;0;0;0;0;0;1;1;0;1;-1;-1;0;0;-1;-1;-1;-1;-1;-1;-1;-1;-1;25;50;50;100;100;75;100;50;25;0;0;4.5;3.5;Skála;ÍF;0.92;0.77;0.5;0.5;0.43;1.43;75;50;50;0;0;0;0;0;0;0;0;1165;27;Y;Y;Y;Y;N;N;Y
342783;5404;66;2014;complete;2437;8;-1;3;29,43,89;1;3;4;-1;-1;-1;-1;-1;5;2;0;0;-1;-1;-1;-1;-1;-1;-1;-1;-1;-1;5;2;0;0;0;0;0;0;0;0;0;0;0;0;0;0;0;0;0;0;0;0;0;0;0;0;0;0;0;0;0;0;0;0;0;0;0;0;0;0;0;0;0;0;0;0;0;0;0;0;0;0;0;0;0;0;0;0;0;0;0;0;0;0;0;0;0;0;0;0;4;1;2;0;1;1;3;2014-05-11 14:00:00;66;0;67;34;50;0;-1;1;-1;-1;-1;-1;-1;-1;2;0;3;2;2;5;-1;0;0;0;0;0;0;0;0;0;0;0;0;0;1;1;1;0;-1;-1;1;0;-1;-1;-1;-1;-1;-1;-1;-1;-1;50;50;67;67;100;67;67;100;50;0;0;3;3.83;KÍ;B36;2;2.62;3;3;1.86;2.43;50;50;34;34;0;0;0;0;0;0;0;1165;27;Y;Y;Y;Y;N;N;Y
342784;997;6875;2014;complete;2437;8;-1;10,53,71,86,90;;5;0;5;-1;-1;-1;-1;-1;0;2;0;0;-1;-1;-1;-1;-1;-1;-1;-1;-1;-1;0;2;0;0;0;0;0;0;0;0;0;0;0;0;0;0;0;0;0;0;0;0;0;0;0;0;0;0;0;0;0;0;0;0;0;0;0;0;0;0;0;0;0;0;0;0;0;0;0;0;0;0;0;0;0;0;0;0;0;0;0;0;0;0;0;0;0;0;0;0;5;1;0;4;0;4;1;2014-05-11 14:00:00;997;0;50;0;38;0;-1;1;-1;-1;-1;-1;-1;-1;0;0;0;2;0;2;-1;0;0;0;0;0;0;0;0;0;0;0;0;0;1;1;1;0;-1;-1;0;0;-1;-1;-1;-1;-1;-1;-1;-1;-1;25;38;63;88;88;50;75;88;38;0;0;4.25;3;EB - Streymur;AB;1.64;1.07;2;0.75;1.29;0.57;75;63;38;13;13;0;0;0;0;0;0;1165;27;Y;Y;Y;Y;Y;N;N
342785;985;6872;2014;complete;2437;9;-1;27,75;;2;0;2;-1;-1;-1;-1;-1;-1;-1;-1;-1;-1;-1;-1;-1;-1;-1;-1;-1;-1;-1;-1;-1;0;0;0;0;0;0;0;0;0;0;0;0;0;0;0;0;0;0;0;0;0;0;0;0;0;0;0;0;0;0;0;0;0;0;0;0;0;0;0;0;0;0;0;0;0;0;0;0;0;0;0;0;0;0;0;0;0;0;0;0;0;0;0;0;0;0;0;0;2;1;0;1;0;1;1;2014-05-16 14:00:00;985;0;48;13;25;0;-1;-1;-1;-1;-1;-1;-1;-1;-1;-1;-1;-1;-1;-1;-1;0;0;0;0;0;0;0;0;0;0;0;0;0;1;1;0;0;-1;-1;-1;-1;-1;-1;-1;-1;-1;-1;-1;-1;-1;13;38;48;80;90;35;80;78;25;0;0;3.35;2.68;HB;Skála;2.29;0.36;2.5;0.4;2.25;0.5;88;63;53;20;10;0;0;0;0;0;0;1165;27;Y;Y;N;N;N;N;N
342786;6878;5404;2014;complete;2437;9;-1;3,4,49,51,76;59,78,87;5;3;8;-1;-1;-1;-1;-1;1;1;0;1;-1;-1;-1;-1;-1;-1;-1;-1;-1;-1;1;3;0;0;0;0;0;0;0;0;0;0;0;0;0;0;0;0;0;0;0;0;0;0;0;0;0;0;0;0;0;0;0;0;0;0;0;0;0;0;0;0;0;0;0;0;0;0;0;0;0;0;0;0;0;0;0;0;0;0;0;0;0;0;0;0;0;0;0;0;8;2;0;3;3;6;2;2014-05-18 14:00:00;6878;0;68;10;45;0;-1;1;-1;-1;-1;-1;-1;-1;0;0;1;2;0;3;-1;0;0;0;0;0;0;0;0;0;0;0;0;0;1;1;2;0;-1;-1;0;0;-1;-1;-1;-1;-1;-1;-1;-1;-1;20;55;55;90;90;33;80;90;45;0;0;4.35;3.2;B68;KÍ;0.92;0.71;1;1;0.63;1.63;80;45;45;10;10;0;0;0;0;0;0;1165;27;Y;Y;Y;Y;Y;Y;Y
342787;6876;6875;2014;complete;2437;9;-1;6;9,71,75,90;1;4;5;-1;-1;-1;-1;-1;1;1;0;0;-1;-1;-1;-1;-1;-1;-1;-1;-1;-1;1;1;0;0;0;0;0;0;0;0;0;0;0;0;0;0;0;0;0;0;0;0;0;0;0;0;0;0;0;0;0;0;0;0;0;0;0;0;0;0;0;0;0;0;0;0;0;0;0;0;0;0;0;0;0;0;0;0;0;0;0;0;0;0;0;0;0;0;0;0;5;1;1;0;3;3;2;2014-05-18 14:00:00;6875;0;50;0;40;0;-1;1;-1;-1;-1;-1;-1;-1;0;1;1;0;1;1;-1;0;0;0;0;0;0;0;0;0;0;0;0;0;1;1;1;1;-1;-1;0;0;-1;-1;-1;-1;-1;-1;-1;-1;-1;40;50;90;100;100;40;80;100;70;0;0;4.2;4;ÍF;AB;1.29;1.07;1.8;0.6;1.38;0.5;60;50;10;0;0;0;0;0;0;0;0;1165;27;Y;Y;Y;Y;Y;N;Y
342788;997;1211;2014;complete;2437;9;-1;44,65;20,35,71;2;3;5;-1;-1;-1;-1;-1;2;2;0;0;-1;-1;-1;-1;-1;-1;-1;-1;-1;-1;2;2;0;0;0;0;0;0;0;0;0;0;0;0;0;0;0;0;0;0;0;0;0;0;0;0;0;0;0;0;0;0;0;0;0;0;0;0;0;0;0;0;0;0;0;0;0;0;0;0;0;0;0;0;0;0;0;0;0;0;0;0;0;0;0;0;0;0;0;0;5;1;2;1;1;2;3;2014-05-18 14:00:00;1211;0;58;13;23;0;-1;1;-1;-1;-1;-1;-1;-1;1;0;1;2;1;3;-1;0;0;0;0;0;0;0;0;0;0;0;0;0;1;1;0;0;-1;-1;0;0;-1;-1;-1;-1;-1;-1;-1;-1;-1;10;45;55;78;90;33;78;90;33;0;0;3.9;2.78;EB - Streymur;Víkingur;1.64;1.86;2.2;0.75;1.5;1.25;90;55;45;23;10;0;0;0;0;0;0;1165;27;Y;Y;Y;Y;Y;N;Y
342789;5415;66;2014;complete;2437;9;-1;;39;0;1;1;-1;-1;-1;-1;-1;-1;-1;-1;-1;-1;-1;-1;-1;-1;-1;-1;-1;-1;-1;-1;-1;0;0;0;0;0;0;0;0;0;0;0;0;0;0;0;0;0;0;0;0;0;0;0;0;0;0;0;0;0;0;0;0;0;0;0;0;0;0;0;0;0;0;0;0;0;0;0;0;0;0;0;0;0;0;0;0;0;0;0;0;0;0;0;0;0;0;0;0;1;0;1;0;0;0;1;2014-05-18 16:15:00;66;0;67;38;25;0;-1;-1;-1;-1;-1;-1;-1;-1;-1;-1;-1;-1;-1;-1;-1;0;0;0;0;0;0;0;0;0;0;0;0;0;1;1;0;0;-1;-1;-1;-1;-1;-1;-1;-1;-1;-1;-1;-1;-1;25;38;67;84;100;67;100;84;25;0;0;4;3.5;NSÍ;B36;1.64;2.62;2.33;3;1.38;2.5;75;63;34;17;0;0;0;0;0;0;0;1165;27;Y;N;N;N;N;N;N
342790;6872;997;2014;complete;2437;10;-1;25;18;1;1;2;-1;-1;-1;-1;-1;2;0;0;0;-1;-1;-1;-1;-1;-1;-1;-1;-1;-1;2;0;0;0;0;0;0;0;0;0;0;0;0;0;0;0;0;0;0;0;0;0;0;0;0;0;0;0;0;0;0;0;0;0;0;0;0;0;0;0;0;0;0;0;0;0;0;0;0;0;0;0;0;0;0;0;0;0;0;0;0;0;0;0;0;0;0;0;0;0;2;1;1;0;0;0;2;2014-05-25 14:00:00;-1;0;84;17;50;0;-1;1;-1;-1;-1;-1;-1;-1;1;0;1;0;1;1;-1;0;0;0;0;0;0;0;0;0;0;0;0;0;1;1;0;0;-1;-1;0;0;-1;-1;-1;-1;-1;-1;-1;-1;-1;17;50;67;100;100;34;84;100;67;0;0;4;3.5;Skála;EB - Streymur;0.92;1.31;0.67;0.33;0.44;1.33;84;50;33;0;0;0;0;0;0;0;0;1165;27;Y;Y;N;N;N;N;Y
342791;1211;66;2014;complete;2437;10;-1;60;5,36;1;2;3;-1;-1;-1;-1;-1;2;0;0;0;-1;-1;-1;-1;-1;-1;-1;-1;-1;-1;2;0;0;0;0;0;0;0;0;0;0;0;0;0;0;0;0;0;0;0;0;0;0;0;0;0;0;0;0;0;0;0;0;0;0;0;0;0;0;0;0;0;0;0;0;0;0;0;0;0;0;0;0;0;0;0;0;0;0;0;0;0;0;0;0;0;0;0;0;0;3;0;2;1;0;1;2;2014-05-25 14:00:00;66;0;53;43;20;0;-1;1;-1;-1;-1;-1;-1;-1;1;0;1;0;1;1;-1;0;0;0;0;0;0;0;0;0;0;0;0;0;1;1;0;1;-1;-1;0;0;-1;-1;-1;-1;-1;-1;-1;-1;-1;20;30;53;78;100;53;88;78;33;0;0;4.75;3.1;Víkingur;B36;1.77;2.62;1.75;3;1.44;2.56;80;70;48;23;0;0;0;0;0;0;0;1165;27;Y;Y;Y;N;N;N;Y
342792;5404;985;2014;complete;2437;10;-1;29;50,74;1;2;3;-1;-1;-1;-1;-1;1;1;0;0;-1;-1;-1;-1;-1;-1;-1;-1;-1;-1;1;1;0;0;0;0;0;0;0;0;0;0;0;0;0;0;0;0;0;0;0;0;0;0;0;0;0;0;0;0;0;0;0;0;0;0;0;0;0;0;0;0;0;0;0;0;0;0;0;0;0;0;0;0;0;0;0;0;0;0;0;0;0;0;0;0;0;0;0;0;3;1;0;0;2;2;1;2014-05-25 14:00:00;985;0;50;13;13;0;-1;1;-1;-1;-1;-1;-1;-1;1;1;0;0;2;0;-1;0;0;0;0;0;0;0;0;0;0;0;0;0;1;1;0;0;-1;-1;0;0;-1;-1;-1;-1;-1;-1;-1;-1;-1;13;38;50;75;100;38;75;100;25;0;0;3.25;2.75;KÍ;HB;2;2.15;2.25;2;1.44;2.33;88;63;50;25;0;0;0;0;0;0;0;1165;27;Y;Y;Y;N;N;N;Y
342793;6875;5415;2014;complete;2437;10;-1;;6,15,23,35,40,67,72;0;7;7;-1;-1;-1;-1;-1;3;0;0;0;-1;-1;-1;-1;-1;-1;-1;-1;-1;-1;3;0;0;0;0;0;0;0;0;0;0;0;0;0;0;0;0;0;0;0;0;0;0;0;0;0;0;0;0;0;0;0;0;0;0;0;0;0;0;0;0;0;0;0;0;0;0;0;0;0;0;0;0;0;0;0;0;0;0;0;0;0;0;0;0;0;0;0;0;0;7;0;5;0;2;2;5;2014-05-25 14:00:00;5415;0;64;17;20;0;-1;1;-1;-1;-1;-1;-1;-1;2;0;1;0;2;1;-1;0;0;0;0;0;0;0;0;0;0;0;0;0;1;1;0;1;-1;-1;0;0;-1;-1;-1;-1;-1;-1;-1;-1;-1;20;20;74;90;90;47;90;90;47;0;0;4.93;3.04;AB;NSÍ;0.77;1.31;0.33;0.8;0.78;1.22;80;80;27;10;10;0;0;0;0;0;0;1165;27;Y;Y;Y;Y;Y;Y;N
342794;6878;6876;2014;complete;2437;10;-1;89;84;1;1;2;-1;-1;-1;-1;-1;2;3;0;0;-1;-1;-1;-1;-1;-1;-1;-1;-1;-1;2;3;0;0;0;0;0;0;0;0;0;0;0;0;0;0;0;0;0;0;0;0;0;0;0;0;0;0;0;0;0;0;0;0;0;0;0;0;0;0;0;0;0;0;0;0;0;0;0;0;0;0;0;0;0;0;0;0;0;0;0;0;0;0;0;0;0;0;0;0;2;0;0;1;1;2;0;2014-05-26 18:00:00;-1;0;84;59;42;0;-1;1;-1;-1;-1;-1;-1;-1;1;3;1;0;4;1;-1;0;0;0;0;0;0;0;0;0;0;0;0;0;1;1;0;0;-1;-1;0;0;-1;-1;-1;-1;-1;-1;-1;-1;-1;25;67;67;92;92;75;84;58;42;0;0;3.83;3.75;B68;ÍF;0.92;0.77;1.33;0.67;0.89;1.22;75;33;33;9;9;0;0;0;0;0;0;1165;27;Y;Y;N;N;N;N;Y
342795;5404;1211;2014;complete;2437;11;-1;49,55;3,34,52,85;2;4;6;-1;-1;-1;-1;-1;4;2;1;0;-1;-1;-1;-1;-1;-1;-1;-1;-1;-1;5;2;0;0;0;0;0;0;0;0;0;0;0;0;0;0;0;0;0;0;0;0;0;0;0;0;0;0;0;0;0;0;0;0;0;0;0;0;0;0;0;0;0;0;0;0;0;0;0;0;0;0;0;0;0;0;0;0;0;0;0;0;0;0;0;0;0;0;0;0;6;0;2;2;2;4;2;2014-05-31 18:00:00;1211;0;70;30;30;0;-1;1;-1;-1;-1;-1;-1;-1;2;0;3;2;2;5;-1;0;0;0;0;0;0;0;0;0;0;0;0;0;1;1;0;1;-1;-1;0;0;-1;-1;-1;-1;-1;-1;-1;-1;-1;20;50;60;70;100;40;70;100;40;0;0;4.2;3;KÍ;Víkingur;2;1.86;1.8;1.2;1.3;1.3;80;50;40;30;0;0;0;0;0;0;0;1165;27;Y;Y;Y;Y;Y;Y;Y
342796;997;6878;2014;complete;2437;11;-1;5,74,84;;3;0;3;-1;-1;-1;-1;-1;4;2;0;0;-1;-1;-1;-1;-1;-1;-1;-1;-1;-1;4;2;0;0;0;0;0;0;0;0;0;0;0;0;0;0;0;0;0;0;0;0;0;0;0;0;0;0;0;0;0;0;0;0;0;0;0;0;0;0;0;0;0;0;0;0;0;0;0;0;0;0;0;0;0;0;0;0;0;0;0;0;0;0;0;0;0;0;0;0;3;1;0;2;0;2;1;2014-06-01 14:00:00;997;0;25;9;17;0;-1;1;-1;-1;-1;-1;-1;-1;2;0;2;2;2;4;-1;0;0;0;0;0;0;0;0;0;0;0;0;0;1;1;1;0;-1;-1;1;0;-1;-1;-1;-1;-1;-1;-1;-1;-1;17;25;50;58;92;25;75;75;42;0;0;2.83;2.42;EB - Streymur;B68;1.64;0.36;1.83;0;1.3;0.9;84;75;50;42;9;0;0;0;0;0;0;1165;27;Y;Y;Y;N;N;N;N
342797;66;6875;2014;complete;2437;11;-1;45;59;1;1;2;-1;-1;-1;-1;-1;2;5;0;0;-1;-1;-1;-1;-1;-1;-1;-1;-1;-1;2;5;0;0;0;0;0;0;0;0;0;0;0;0;0;0;0;0;0;0;0;0;0;0;0;0;0;0;0;0;0;0;0;0;0;0;0;0;0;0;0;0;0;0;0;0;0;0;0;0;0;0;0;0;0;0;0;0;0;0;0;0;0;0;0;0;0;0;0;0;2;1;0;0;1;1;1;2014-06-01 14:00:00;-1;0;63;21;29;0;-1;1;-1;-1;-1;-1;-1;-1;0;3;2;2;3;4;-1;0;0;0;0;0;0;0;1;0;1;0;0;0;1;1;0;0;-1;-1;0;0;-1;-1;-1;-1;-1;-1;-1;-1;-1;34;59;67;100;100;38;92;100;46;0;0;4.17;3.59;B36;AB;1.93;1.07;2;1;2.6;0.7;67;42;34;0;0;0;0;0;0;0;0;1165;27;Y;Y;N;N;N;N;Y
342798;6876;985;2014;complete;2437;11;-1;29,41;31,35;2;2;4;-1;-1;-1;-1;-1;3;0;0;0;-1;-1;-1;-1;-1;-1;-1;-1;-1;-1;3;0;0;0;0;0;0;0;0;0;0;0;0;0;0;0;0;0;0;0;0;0;0;0;0;0;0;0;0;0;0;0;0;0;0;0;0;0;0;0;0;0;0;0;0;0;0;0;0;0;0;0;0;0;0;0;0;0;0;0;0;0;0;0;0;0;0;0;0;0;4;2;2;0;0;0;4;2014-06-01 14:00:00;-1;0;64;9;17;0;-1;1;-1;-1;-1;-1;-1;-1;2;0;1;0;2;1;-1;0;0;0;0;0;0;0;0;0;0;0;0;0;1;1;0;0;-1;-1;0;0;-1;-1;-1;-1;-1;-1;-1;-1;-1;17;35;80;100;100;35;92;100;62;0;0;2.87;3.49;ÍF;HB;1.29;2.15;1.5;2.2;1.2;2.4;84;65;20;0;0;0;0;0;0;0;0;1165;27;Y;Y;Y;Y;N;N;Y
342799;5415;6872;2014;complete;2437;11;-1;12,26,31,36,39,57;22;6;1;7;-1;-1;-1;-1;-1;3;1;0;0;-1;-1;-1;-1;-1;-1;-1;-1;-1;-1;3;1;0;0;0;0;0;0;0;0;0;0;0;0;0;0;0;0;0;0;0;0;0;0;0;0;0;0;0;0;0;0;0;0;0;0;0;0;0;0;0;0;0;0;0;0;0;0;0;0;0;0;0;0;0;0;0;0;0;0;0;0;0;0;0;0;0;0;0;0;7;5;1;1;0;1;6;2014-06-01 14:00:00;5415;0;21;0;0;0;-1;1;-1;-1;-1;-1;-1;-1;1;0;2;1;1;3;-1;0;0;0;0;0;0;0;0;0;0;0;0;0;1;1;0;0;-1;-1;0;0;-1;-1;-1;-1;-1;-1;-1;-1;-1;0;0;21;59;92;21;84;67;0;0;0;3.6;1.71;NSÍ;Skála;1.64;0.36;1.75;0.33;1.4;0.5;100;100;79;42;9;0;0;0;0;0;0;1165;27;Y;Y;Y;Y;Y;Y;Y
342800;985;997;2014;complete;2437;12;-1;67;75,81;1;2;3;-1;-1;-1;-1;-1;4;3;1;0;-1;-1;-1;-1;-1;-1;-1;-1;-1;-1;6;3;0;0;0;0;0;0;0;0;0;0;0;0;0;0;0;0;0;0;0;0;0;0;0;0;0;0;0;0;0;0;0;0;0;0;0;0;0;0;0;0;0;0;0;0;0;0;0;0;0;0;0;0;0;0;0;0;0;0;0;0;0;0;0;0;0;0;0;0;3;0;0;1;2;3;0;2014-06-09 14:00:00;997;0;68;23;33;0;-1;1;-1;-1;-1;-1;-1;-1;1;0;4;3;1;7;-1;0;0;0;0;0;0;0;0;0;0;0;0;0;1;1;0;0;-1;-1;0;0;-1;-1;-1;-1;-1;-1;-1;-1;-1;10;43;55;100;100;33;88;78;45;0;0;3.25;3.08;HB;EB - Streymur;2.29;1.31;2.6;0.5;2.27;1.45;90;58;45;0;0;0;0;0;0;0;0;1165;27;Y;Y;Y;N;N;N;Y
342801;5404;6876;2014;complete;2437;12;-1;32,40,73,90;;4;0;4;-1;-1;-1;-1;-1;1;3;0;0;-1;-1;-1;-1;-1;-1;-1;-1;-1;-1;1;3;0;0;0;0;0;0;0;0;0;0;0;0;0;0;0;0;0;0;0;0;0;0;0;0;0;0;0;0;0;0;0;0;0;0;0;0;0;0;0;0;0;0;0;0;0;0;0;0;0;0;0;0;0;0;0;0;0;0;0;0;0;0;0;0;0;0;0;0;4;2;0;2;0;2;2;2014-06-09 14:00:00;5404;0;84;46;42;0;-1;1;-1;-1;-1;-1;-1;-1;1;1;0;2;2;2;-1;0;0;0;0;0;0;0;0;0;0;0;0;0;1;1;0;0;-1;-1;0;0;-1;-1;-1;-1;-1;-1;-1;-1;-1;17;50;59;84;100;63;71;75;50;0;0;4.83;3.17;KÍ;ÍF;2;0.77;1.5;0.75;1.18;1.18;84;50;42;17;0;0;0;0;0;0;0;1165;27;Y;Y;Y;Y;N;N;N
342802;6875;1211;2014;complete;2437;12;-1;;51,79,82;0;3;3;-1;-1;-1;-1;-1;3;4;0;0;-1;-1;-1;-1;-1;-1;-1;-1;-1;-1;3;4;0;0;0;0;0;0;0;0;0;0;0;0;0;0;0;0;0;0;0;0;0;0;0;0;0;0;0;0;0;0;0;0;0;0;0;0;0;0;0;0;0;0;0;0;0;0;0;0;0;0;0;0;0;0;0;0;0;0;0;0;0;0;0;0;0;0;0;0;3;0;0;0;3;3;0;2014-06-09 16:15:00;1211;0;67;29;25;0;-1;1;-1;-1;-1;-1;-1;-1;0;0;3;4;0;7;-1;0;0;0;0;0;0;0;0;0;0;0;0;0;1;1;0;0;-1;-1;0;0;-1;-1;-1;-1;-1;-1;-1;-1;-1;29;46;71;92;100;50;92;100;50;0;0;5.58;3.71;AB;Víkingur;0.77;1.86;0.25;1.5;0.73;1.45;71;54;29;9;0;0;0;0;0;0;0;1165;27;Y;Y;Y;N;N;N;N
342803;6872;66;2014;complete;2437;12;-1;;43,49,88;0;3;3;-1;-1;-1;-1;-1;2;0;0;0;-1;-1;-1;-1;-1;-1;-1;-1;-1;-1;2;0;0;0;0;0;0;0;0;0;0;0;0;0;0;0;0;0;0;0;0;0;0;0;0;0;0;0;0;0;0;0;0;0;0;0;0;0;0;0;0;0;0;0;0;0;0;0;0;0;0;0;0;0;0;0;0;0;0;0;0;0;0;0;0;0;0;0;0;0;3;0;1;0;2;2;1;2014-06-09 17:00:00;66;0;92;50;42;0;-1;1;-1;-1;-1;-1;-1;-1;1;0;1;0;1;1;-1;0;0;0;0;0;0;0;0;0;0;0;0;0;1;1;0;0;-1;-1;0;0;-1;-1;-1;-1;-1;-1;-1;-1;-1;29;50;67;92;100;79;100;79;42;0;0;3.6;3.75;Skála;B36;0.92;2.62;0.75;3;0.45;2.45;71;50;34;9;0;0;0;0;0;0;0;1165;27;Y;Y;Y;N;N;N;N
342804;6878;5415;2014;complete;2437;12;-1;;60,79;0;2;2;-1;-1;-1;-1;-1;2;4;0;0;-1;-1;-1;-1;-1;-1;-1;-1;-1;-1;2;4;0;0;0;0;0;0;0;0;0;0;0;0;0;0;0;0;0;0;0;0;0;0;0;0;0;0;0;0;0;0;0;0;0;0;0;0;0;0;0;0;0;0;0;0;0;0;0;0;0;0;0;0;0;0;0;0;0;0;0;0;0;0;0;0;0;0;0;0;2;0;0;0;2;2;0;2014-06-09 18:00:00;5415;0;61;7;45;0;-1;1;-1;-1;-1;-1;-1;-1;1;2;1;2;3;3;-1;0;0;0;0;0;0;0;0;0;0;0;0;0;1;1;0;0;-1;-1;0;0;-1;-1;-1;-1;-1;-1;-1;-1;-1;47;54;70;85;85;55;70;85;62;0;0;2.9;3.93;B68;NSÍ;0.92;1.31;1.29;1.17;0.82;1.55;54;47;30;16;16;0;0;0;0;0;0;1165;27;Y;Y;N;N;N;N;N
342805;1211;6872;2014;complete;2437;13;-1;11,27,42,54,78;;5;0;5;-1;-1;-1;-1;-1;0;1;0;0;-1;-1;-1;-1;-1;-1;-1;-1;-1;-1;0;1;0;0;0;0;0;0;0;0;0;0;0;0;0;0;0;0;0;0;0;0;0;0;0;0;0;0;0;0;0;0;0;0;0;0;0;0;0;0;0;0;0;0;0;0;0;0;0;0;0;0;0;0;0;0;0;0;0;0;0;0;0;0;0;0;0;0;0;0;5;3;0;2;0;2;3;2014-06-15 14:00:00;1211;0;35;17;0;0;-1;1;-1;-1;-1;-1;-1;-1;0;1;0;0;1;0;-1;0;0;0;0;0;0;0;0;0;0;0;0;0;1;1;0;0;-1;-1;0;0;-1;-1;-1;-1;-1;-1;-1;-1;-1;7;7;35;76;93;35;76;83;10;0;0;4.1;2.32;Víkingur;Skála;1.77;0.36;1.4;0.29;1.58;0.42;93;93;66;25;7;0;0;0;0;0;0;1165;27;Y;Y;Y;Y;Y;N;N
342806;997;6876;2014;complete;2437;13;-1;3;22,74;1;2;3;-1;-1;-1;-1;-1;1;2;0;0;-1;-1;-1;-1;-1;-1;-1;-1;-1;-1;1;2;0;0;0;0;0;0;0;0;0;0;0;0;0;0;0;0;0;0;0;0;0;0;0;0;0;0;0;0;0;0;0;0;0;0;0;0;0;0;0;0;0;0;0;0;0;0;0;0;0;0;0;0;0;0;0;0;0;0;0;0;0;0;0;0;0;0;0;0;3;1;1;0;1;1;2;2014-06-15 14:00:00;6876;0;62;37;35;0;-1;1;-1;-1;-1;-1;-1;-1;1;0;0;2;1;2;-1;0;0;0;0;0;0;0;0;0;0;0;0;0;1;1;1;0;-1;-1;0;0;-1;-1;-1;-1;-1;-1;-1;-1;-1;15;52;66;93;93;62;83;73;59;0;0;4.46;3.17;EB - Streymur;ÍF;1.64;0.77;2;0.6;1.58;1.08;86;49;35;7;7;0;0;0;0;0;0;1165;27;Y;Y;Y;N;N;N;Y
342807;66;6878;2014;complete;2437;13;-1;18,83,89;;3;0;3;-1;-1;-1;-1;-1;2;3;0;0;-1;-1;-1;-1;-1;-1;-1;-1;-1;-1;2;3;0;0;0;0;0;0;0;0;0;0;0;0;0;0;0;0;0;0;0;0;0;0;0;0;0;0;0;0;0;0;0;0;0;0;0;0;0;0;0;0;0;0;0;0;0;0;0;0;0;0;0;0;0;0;0;0;0;0;0;0;0;0;0;0;0;0;0;0;3;1;0;2;0;2;1;2014-06-15 14:00:00;66;0;40;10;10;0;-1;1;-1;-1;-1;-1;-1;-1;0;1;2;2;1;4;-1;0;0;0;0;0;0;0;0;0;0;0;0;0;1;1;0;0;-1;-1;0;0;-1;-1;-1;-1;-1;-1;-1;-1;-1;0;20;45;75;100;10;88;88;35;0;0;3.5;2.4;B36;B68;1.93;0.36;1.8;0;2.5;0.75;100;80;55;25;0;0;0;0;0;0;0;1165;27;Y;Y;Y;N;N;N;N
342808;5415;985;2014;complete;2437;13;-1;59;7,86;1;2;3;-1;-1;-1;-1;-1;3;1;1;0;-1;-1;-1;-1;-1;-1;-1;-1;-1;-1;4;1;0;0;0;0;0;0;0;0;0;0;0;0;0;0;0;0;0;0;0;0;0;0;0;0;0;0;0;0;0;0;0;0;0;0;0;0;0;0;0;0;0;0;0;0;0;0;0;0;0;0;0;0;0;0;0;0;0;0;0;0;0;0;0;0;0;0;0;0;3;0;1;1;1;2;1;2014-06-15 16:15:00;985;0;54;19;0;0;-1;1;-1;-1;-1;-1;-1;-1;1;1;3;0;2;3;-1;0;0;0;0;0;0;0;0;0;0;0;0;0;1;1;0;1;-1;-1;0;0;-1;-1;-1;-1;-1;-1;-1;-1;-1;10;27;54;80;100;37;100;72;17;0;0;3.25;2.9;NSÍ;HB;1.64;2.15;2;2;1.67;2.08;90;74;47;20;0;0;0;0;0;0;0;1165;27;Y;Y;Y;N;N;N;Y
342809;6875;5404;2014;complete;2437;13;-1;90;74;1;1;2;-1;-1;-1;-1;-1;2;2;0;2;-1;-1;-1;-1;-1;-1;-1;-1;-1;-1;2;6;0;0;0;0;0;0;0;0;0;0;0;0;0;0;0;0;0;0;0;0;0;0;0;0;0;0;0;0;0;0;0;0;0;0;0;0;0;0;0;0;0;0;0;0;0;0;0;0;0;0;0;0;0;0;0;0;0;0;0;0;0;0;0;0;0;0;0;0;2;0;0;1;1;2;0;2014-06-16 17:00:00;-1;0;60;10;30;0;-1;1;-1;-1;-1;-1;-1;-1;0;0;2;4;0;6;-1;0;0;0;0;0;0;0;0;0;0;0;0;0;1;1;0;0;-1;-1;0;0;-1;-1;-1;-1;-1;-1;-1;-1;-1;20;40;70;100;100;40;90;100;60;0;0;6;3.8;AB;KÍ;0.77;0.71;0.2;0.8;0.67;1.33;80;60;30;0;0;0;0;0;0;0;0;1165;27;Y;Y;N;N;N;N;Y
342810;5415;6876;2014;complete;2437;14;-1;27,57;38,64;2;2;4;-1;-1;-1;-1;-1;0;1;0;0;-1;-1;-1;-1;-1;-1;-1;-1;-1;-1;0;1;0;0;0;0;0;0;0;0;0;0;0;0;0;0;0;0;0;0;0;0;0;0;0;0;0;0;0;0;0;0;0;0;0;0;0;0;0;0;0;0;0;0;0;0;0;0;0;0;0;0;0;0;0;0;0;0;0;0;0;0;0;0;0;0;0;0;0;0;4;1;1;1;1;2;2;2014-06-21 17:30:00;-1;0;67;42;25;0;-1;1;-1;-1;-1;-1;-1;-1;0;1;0;0;1;0;-1;0;0;0;0;0;0;0;0;0;0;0;0;0;1;1;0;0;-1;-1;0;1;-1;-1;-1;-1;-1;-1;-1;-1;-1;9;34;59;84;100;58;92;67;34;0;0;5.1;3;NSÍ;ÍF;1.64;0.77;1.67;1;1.54;1.23;92;67;42;17;0;0;0;0;0;0;0;1165;27;Y;Y;Y;Y;N;N;Y
342811;985;66;2014;complete;2437;14;-1;72,88;13,43;2;2;4;-1;-1;-1;-1;-1;2;2;0;0;-1;-1;-1;-1;-1;-1;-1;-1;-1;-1;2;2;0;0;0;0;0;0;0;0;0;0;0;0;0;0;0;0;0;0;0;0;0;0;0;0;0;0;0;0;0;0;0;0;0;0;0;0;0;0;0;0;0;0;0;0;0;0;0;0;0;0;0;0;0;0;0;0;0;0;0;0;0;0;0;0;0;0;0;0;4;0;2;2;0;2;2;2014-06-22 14:00:00;-1;0;69;30;40;0;-1;1;-1;-1;-1;-1;-1;-1;0;0;2;2;0;4;-1;0;0;0;0;0;0;0;0;0;0;0;0;0;1;1;0;0;-1;-1;0;0;-1;-1;-1;-1;-1;-1;-1;-1;-1;23;47;77;93;100;52;92;85;47;0;0;3.93;3.6;HB;B36;2.29;2.62;2.17;3;2.15;2.54;77;54;24;7;0;0;0;0;0;0;0;1165;27;Y;Y;Y;Y;N;N;Y
342812;5404;997;2014;complete;2437;14;-1;12,42,76;57;3;1;4;-1;-1;-1;-1;-1;1;3;1;0;-1;-1;-1;-1;-1;-1;-1;-1;-1;-1;3;3;0;0;0;0;0;0;0;0;0;0;0;0;0;0;0;0;0;0;0;0;0;0;0;0;0;0;0;0;0;0;0;0;0;0;0;0;0;0;0;0;0;0;0;0;0;0;0;0;0;0;0;0;0;0;0;0;0;0;0;0;0;0;0;0;0;0;0;0;4;2;0;1;1;2;2;2014-06-22 14:00:00;5404;0;69;17;35;0;-1;1;-1;-1;-1;-1;-1;-1;0;2;2;1;2;3;-1;0;0;0;0;0;0;0;1;0;1;0;0;0;1;1;0;0;-1;-1;0;1;-1;-1;-1;-1;-1;-1;-1;-1;-1;15;39;66;86;100;39;66;90;59;0;0;3.94;3.12;KÍ;EB - Streymur;2;1.31;1.71;1;1.31;1.46;86;62;35;15;0;0;0;0;0;0;0;1165;27;Y;Y;Y;Y;N;N;Y
342813;6872;6875;2014;complete;2437;14;-1;;;0;0;0;-1;-1;-1;-1;-1;2;2;0;0;-1;-1;-1;-1;-1;-1;-1;-1;-1;-1;2;2;0;0;0;0;0;0;0;0;0;0;0;0;0;0;0;0;0;0;0;0;0;0;0;0;0;0;0;0;0;0;0;0;0;0;0;0;0;0;0;0;0;0;0;0;0;0;0;0;0;0;0;0;0;0;0;0;0;0;0;0;0;0;0;0;0;0;0;0;0;0;0;0;0;0;0;2014-06-22 16:30:00;-1;0;69;27;35;0;-1;1;-1;-1;-1;-1;-1;-1;0;0;2;2;0;4;-1;0;0;0;0;0;0;0;0;0;0;0;0;0;1;1;0;0;-1;-1;0;0;-1;-1;-1;-1;-1;-1;-1;-1;-1;39;49;66;100;100;52;93;90;59;0;0;4.57;3.63;Skála;AB;0.92;1.07;0.6;1;0.38;0.69;62;52;35;0;0;0;0;0;0;0;0;1165;27;N;N;N;N;N;N;N
342814;6878;1211;2014;complete;2437;14;-1;67;15,19,80;1;3;4;-1;-1;-1;-1;-1;3;1;0;0;-1;-1;-1;-1;-1;-1;-1;-1;-1;-1;3;1;0;0;0;0;0;0;0;0;0;0;0;0;0;0;0;0;0;0;0;0;0;0;0;0;0;0;0;0;0;0;0;0;0;0;0;0;0;0;0;0;0;0;0;0;0;0;0;0;0;0;0;0;0;0;0;0;0;0;0;0;0;0;0;0;0;0;0;0;4;0;2;1;1;2;2;2014-06-22 18:00:00;1211;0;67;21;47;0;-1;1;-1;-1;-1;-1;-1;-1;2;0;1;1;2;2;-1;0;0;0;0;0;0;0;0;1;0;1;0;0;1;1;0;0;-1;-1;0;0;-1;-1;-1;-1;-1;-1;-1;-1;-1;34;54;61;87;94;41;61;94;60;0;0;4.2;3.6;B68;Víkingur;0.92;1.86;1.13;1.71;0.69;1.69;67;47;40;14;7;0;0;0;0;0;0;1165;27;Y;Y;Y;Y;N;N;Y
342815;5415;997;2014;complete;2437;15;-1;27;26,85;1;2;3;-1;-1;-1;-1;-1;0;1;0;0;-1;-1;-1;-1;-1;-1;-1;-1;-1;-1;0;1;0;0;0;0;0;0;0;0;0;0;0;0;0;0;0;0;0;0;0;0;0;0;0;0;0;0;0;0;0;0;0;0;0;0;0;0;0;0;0;0;0;0;0;0;0;0;0;0;0;0;0;0;0;0;0;0;0;0;0;0;0;0;0;0;0;0;0;0;3;1;1;0;1;1;2;2014-06-27 17:00:00;997;0;70;23;40;0;-1;1;-1;-1;-1;-1;-1;-1;0;0;0;1;0;1;-1;0;0;0;0;0;0;0;0;0;0;0;0;0;1;1;0;0;-1;-1;0;0;-1;-1;-1;-1;-1;-1;-1;-1;-1;7;31;62;86;100;38;84;77;48;0;0;4.17;3;NSÍ;EB - Streymur;1.64;1.31;1.57;0.83;1.5;1.36;93;69;38;15;0;0;0;0;0;0;0;1165;27;Y;Y;Y;N;N;N;Y
342816;66;6876;2014;complete;2437;15;-1;36;;1;0;1;-1;-1;-1;-1;-1;0;3;0;0;-1;-1;-1;-1;-1;-1;-1;-1;-1;-1;0;3;0;0;0;0;0;0;0;0;0;0;0;0;0;0;0;0;0;0;0;0;0;0;0;0;0;0;0;0;0;0;0;0;0;0;0;0;0;0;0;0;0;0;0;0;0;0;0;0;0;0;0;0;0;0;0;0;0;0;0;0;0;0;0;0;0;0;0;0;1;1;0;0;0;0;1;2014-06-27 18:00:00;66;0;77;44;30;0;-1;1;-1;-1;-1;-1;-1;-1;0;1;0;2;1;2;-1;0;0;0;0;0;0;0;1;0;1;0;0;0;1;1;0;0;-1;-1;0;0;-1;-1;-1;-1;-1;-1;-1;-1;-1;0;45;61;100;100;52;93;86;45;0;0;4.29;3.06;B36;ÍF;1.93;0.77;2;1;2.43;1.21;100;55;40;0;0;0;0;0;0;0;0;1165;27;Y;N;N;N;N;N;N
342817;6875;6878;2014;complete;2437;15;-1;9,48,76;8,13;3;2;5;-1;-1;-1;-1;-1;2;3;0;0;-1;-1;-1;-1;-1;-1;-1;-1;-1;-1;2;3;0;0;0;0;0;0;0;0;0;0;0;0;0;0;0;0;0;0;0;0;0;0;0;0;0;0;0;0;0;0;0;0;0;0;0;0;0;0;0;0;0;0;0;0;0;0;0;0;0;0;0;0;0;0;0;0;0;0;0;0;0;0;0;0;0;0;0;0;5;1;2;2;0;2;3;2014-06-27 18:00:00;6875;0;25;9;9;0;-1;1;-1;-1;-1;-1;-1;-1;1;1;1;2;2;3;-1;0;0;0;0;0;0;0;0;0;0;0;0;0;1;1;1;1;-1;-1;0;0;-1;-1;-1;-1;-1;-1;-1;-1;-1;9;9;64;80;100;17;74;90;64;0;0;4.8;2.77;AB;B68;0.77;0.36;0.33;0;0.71;0.64;92;92;37;20;0;0;0;0;0;0;0;1165;27;Y;Y;Y;Y;Y;N;Y
342818;1211;985;2014;complete;2437;15;-1;;;0;0;0;-1;-1;-1;-1;-1;2;1;1;0;-1;-1;-1;-1;-1;-1;-1;-1;-1;-1;3;1;0;0;0;0;0;0;0;0;0;0;0;0;0;0;0;0;0;0;0;0;0;0;0;0;0;0;0;0;0;0;0;0;0;0;0;0;0;0;0;0;0;0;0;0;0;0;0;0;0;0;0;0;0;0;0;0;0;0;0;0;0;0;0;0;0;0;0;0;0;0;0;0;0;0;0;2014-06-27 18:00:00;-1;0;52;16;7;0;-1;1;-1;-1;-1;-1;-1;-1;1;1;2;0;2;2;-1;0;0;0;0;0;0;0;0;0;0;0;0;0;1;1;0;0;-1;-1;0;0;-1;-1;-1;-1;-1;-1;-1;-1;-1;9;23;61;92;100;40;92;85;38;0;0;3.17;2.84;Víkingur;HB;1.77;2.15;1.67;2.14;1.79;2.07;92;77;40;9;0;0;0;0;0;0;0;1165;27;N;N;N;N;N;N;N
342819;6872;5404;2014;complete;2437;15;-1;72,77;;2;0;2;-1;-1;-1;-1;-1;1;1;0;0;-1;-1;-1;-1;-1;-1;-1;-1;-1;-1;1;1;0;0;0;0;0;0;0;0;0;0;0;0;0;0;0;0;0;0;0;0;0;0;0;0;0;0;0;0;0;0;0;0;0;0;0;0;0;0;0;0;0;0;0;0;0;0;0;0;0;0;0;0;0;0;0;0;0;0;0;0;0;0;0;0;0;0;0;0;2;0;0;2;0;2;0;2014-06-27 18:00:00;6872;0;75;17;50;0;-1;1;-1;-1;-1;-1;-1;-1;0;0;1;1;0;2;-1;0;0;0;0;0;0;0;0;0;0;0;0;0;1;1;0;0;-1;-1;0;0;-1;-1;-1;-1;-1;-1;-1;-1;-1;17;42;50;92;92;42;83;84;59;0;0;5.33;3.25;Skála;KÍ;0.92;0.71;0.67;0.83;0.43;1.43;83;59;50;9;9;0;0;0;0;0;0;1165;27;Y;Y;N;N;N;N;N
342820;6876;6872;2014;complete;2437;16;-1;14;;1;0;1;-1;-1;-1;-1;-1;0;1;0;0;-1;-1;-1;-1;-1;-1;-1;-1;-1;-1;0;1;0;0;0;0;0;0;0;0;0;0;0;0;0;0;0;0;0;0;0;0;0;0;0;0;0;0;0;0;0;0;0;0;0;0;0;0;0;0;0;0;0;0;0;0;0;0;0;0;0;0;0;0;0;0;0;0;0;0;0;0;0;0;0;0;0;0;0;0;1;1;0;0;0;0;1;2014-07-27 14:00:00;6876;0;48;21;15;0;-1;1;-1;-1;-1;-1;-1;-1;0;0;0;1;0;1;-1;0;0;0;0;0;0;0;0;0;0;0;0;0;1;1;0;0;-1;-1;0;0;-1;-1;-1;-1;-1;-1;-1;-1;-1;27;41;69;88;94;48;81;87;42;0;0;3.29;3.45;ÍF;Skála;1.29;0.36;1.43;0.25;1.13;0.6;73;59;32;13;7;0;0;0;0;0;0;1165;27;Y;N;N;N;N;N;N
342821;6875;997;2014;complete;2437;16;-1;22,52;45,60;2;2;4;-1;-1;-1;-1;-1;4;4;0;0;-1;-1;-1;-1;-1;-1;-1;-1;-1;-1;4;4;0;0;0;0;0;0;0;0;0;0;0;0;0;0;0;0;0;0;0;0;0;0;0;0;0;0;0;0;0;0;0;0;0;0;0;0;0;0;0;0;0;0;0;0;0;0;0;0;0;0;0;0;0;0;0;0;0;0;0;0;0;0;0;0;0;0;0;0;4;1;1;1;1;2;2;2014-07-27 14:00:00;-1;0;72;29;29;0;-1;1;-1;-1;-1;-1;-1;-1;1;2;3;2;3;5;-1;0;0;0;0;0;0;0;0;1;0;1;0;0;1;1;0;0;-1;-1;0;0;-1;-1;-1;-1;-1;-1;-1;-1;-1;15;29;71;100;100;43;71;93;64;0;0;4.72;3.29;AB;EB - Streymur;0.77;1.31;0.71;1.14;0.87;1.47;86;71;29;0;0;0;0;0;0;0;0;1165;27;Y;Y;Y;Y;N;N;Y
342822;985;6878;2014;complete;2437;16;-1;2,47,72,74,85,90;;6;0;6;-1;-1;-1;-1;-1;1;2;0;0;-1;-1;-1;-1;-1;-1;-1;-1;-1;-1;1;2;0;0;0;0;0;0;0;0;0;0;0;0;0;0;0;0;0;0;0;0;0;0;0;0;0;0;0;0;0;0;0;0;0;0;0;0;0;0;0;0;0;0;0;0;0;0;0;0;0;0;0;0;0;0;0;0;0;0;0;0;0;0;0;0;0;0;0;0;6;1;0;5;0;5;1;2014-07-28 17:00:00;985;0;44;16;22;0;-1;1;-1;-1;-1;-1;-1;-1;0;1;1;1;1;2;-1;0;0;0;0;0;0;0;0;0;0;0;0;0;1;1;1;0;-1;-1;0;0;-1;-1;-1;-1;-1;-1;-1;-1;-1;16;37;69;84;100;30;85;85;62;0;0;4.5;3.05;HB;B68;2.29;0.36;2;0;2;0.6;85;63;31;17;0;0;0;0;0;0;0;1165;27;Y;Y;Y;Y;Y;Y;N
342823;66;5404;2014;complete;2437;16;-1;60,62;85;2;1;3;-1;-1;-1;-1;-1;1;2;0;0;-1;-1;-1;-1;-1;-1;-1;-1;-1;-1;1;2;0;0;0;0;0;0;0;0;0;0;0;0;0;0;0;0;0;0;0;0;0;0;0;0;0;0;0;0;0;0;0;0;0;0;0;0;0;0;0;0;0;0;0;0;0;0;0;0;0;0;0;0;0;0;0;0;0;0;0;0;0;0;0;0;0;0;0;0;3;0;0;2;1;3;0;2014-07-29 15:00:00;66;0;64;7;36;0;-1;1;-1;-1;-1;-1;-1;-1;0;0;1;2;0;3;-1;0;0;0;0;0;0;0;0;0;0;0;0;0;1;1;0;0;-1;-1;0;0;-1;-1;-1;-1;-1;-1;-1;-1;-1;7;36;43;93;100;22;86;93;50;0;0;4.71;3;B36;KÍ;1.93;0.71;2.14;0.71;2.47;1.33;93;64;57;7;0;0;0;0;0;0;0;1165;27;Y;Y;Y;N;N;N;Y
342824;6872;6878;2014;complete;2437;17;-1;70;;1;0;1;-1;-1;-1;-1;-1;3;2;0;0;-1;-1;-1;-1;-1;-1;-1;-1;-1;-1;3;2;0;0;0;0;0;0;0;0;0;0;0;0;0;0;0;0;0;0;0;0;0;0;0;0;0;0;0;0;0;0;0;0;0;0;0;0;0;0;0;0;0;0;0;0;0;0;0;0;0;0;0;0;0;0;0;0;0;0;0;0;0;0;0;0;0;0;0;0;1;0;0;1;0;1;0;2014-08-02 17:00:00;6872;0;36;22;15;0;-1;1;-1;-1;-1;-1;-1;-1;0;0;3;2;0;5;-1;0;0;0;0;0;0;0;0;0;0;0;0;0;1;1;0;0;-1;-1;0;0;-1;-1;-1;-1;-1;-1;-1;-1;-1;22;29;57;79;93;29;79;79;64;0;0;3.86;2.93;Skála;B68;0.92;0.36;1;0;0.56;0.56;79;71;43;22;7;0;0;0;0;0;0;1165;27;Y;N;N;N;N;N;N
342825;985;6875;2014;complete;2437;17;-1;62;16,83;1;2;3;-1;-1;-1;-1;-1;2;1;0;0;-1;-1;-1;-1;-1;-1;-1;-1;-1;-1;2;1;0;0;0;0;0;0;0;0;0;0;0;0;0;0;0;0;0;0;0;0;0;0;0;0;0;0;0;0;0;0;0;0;0;0;0;0;0;0;0;0;0;0;0;0;0;0;0;0;0;0;0;0;0;0;0;0;0;0;0;0;0;0;0;0;0;0;0;0;3;0;1;1;1;2;1;2014-08-03 14:00:00;6875;0;57;13;32;0;-1;1;-1;-1;-1;-1;-1;-1;0;0;2;1;0;3;-1;0;0;0;0;0;0;0;0;0;0;0;0;0;1;1;0;0;-1;-1;0;0;-1;-1;-1;-1;-1;-1;-1;-1;-1;38;57;69;94;94;38;82;88;57;0;0;4.79;3.57;HB;AB;2.29;1.07;2.13;1;2.06;0.88;63;44;32;7;7;0;0;0;0;0;0;1165;27;Y;Y;Y;N;N;N;Y
342826;997;66;2014;complete;2437;17;-1;77;;1;0;1;-1;-1;-1;-1;-1;3;0;0;0;-1;-1;-1;-1;-1;-1;-1;-1;-1;-1;3;0;0;0;0;0;0;0;0;0;0;0;0;0;0;0;0;0;0;0;0;0;0;0;0;0;0;0;0;0;0;0;0;0;0;0;0;0;0;0;0;0;0;0;0;0;0;0;0;0;0;0;0;0;0;0;0;0;0;0;0;0;0;0;0;0;0;0;0;0;1;0;0;1;0;1;0;2014-08-03 14:00:00;997;0;63;32;25;0;-1;1;-1;-1;-1;-1;-1;-1;0;0;3;0;0;3;-1;0;0;0;0;0;0;0;0;0;0;0;0;0;1;1;0;0;-1;-1;0;0;-1;-1;-1;-1;-1;-1;-1;-1;-1;25;44;82;88;94;63;94;88;50;0;0;3.18;3.51;EB - Streymur;B36;1.64;2.62;1.75;2.75;1.44;2.5;75;57;19;13;7;0;0;0;0;0;0;1165;27;Y;N;N;N;N;N;N
342827;5404;5415;2014;complete;2437;17;-1;22,40;15,87;2;2;4;-1;-1;-1;-1;-1;1;0;0;0;-1;-1;-1;-1;-1;-1;-1;-1;-1;-1;1;0;0;0;0;0;0;0;0;0;0;0;0;0;0;0;0;0;0;0;0;0;0;0;0;0;0;0;0;0;0;0;0;0;0;0;0;0;0;0;0;0;0;0;0;0;0;0;0;0;0;0;0;0;0;0;0;0;0;0;0;0;0;0;0;0;0;0;0;0;4;2;1;0;1;1;3;2014-08-03 14:00:00;-1;0;53;7;34;0;-1;1;-1;-1;-1;-1;-1;-1;0;0;1;0;0;1;-1;0;0;0;0;0;0;0;1;0;1;0;0;0;1;1;0;0;-1;-1;0;0;-1;-1;-1;-1;-1;-1;-1;-1;-1;34;53;73;81;93;60;73;93;67;0;0;3.96;3.61;KÍ;NSÍ;2;1.31;1.88;1.43;1.25;1.4;66;48;27;20;7;0;0;0;0;0;0;1165;27;Y;Y;Y;Y;N;N;Y
342828;6876;1211;2014;complete;2437;17;-1;43,86;40,58;2;2;4;-1;-1;-1;-1;-1;3;1;0;1;-1;-1;-1;-1;-1;-1;-1;-1;-1;-1;3;3;0;0;0;0;0;0;0;0;0;0;0;0;0;0;0;0;0;0;0;0;0;0;0;0;0;0;0;0;0;0;0;0;0;0;0;0;0;0;0;0;0;0;0;0;0;0;0;0;0;0;0;0;0;0;0;0;0;0;0;0;0;0;0;0;0;0;0;0;4;1;1;1;1;2;2;2014-08-04 17:30:00;-1;0;69;25;38;0;-1;1;-1;-1;-1;-1;-1;-1;2;2;1;0;4;1;-1;0;0;0;0;0;0;0;0;0;0;0;0;0;1;1;0;0;-1;-1;1;0;-1;-1;-1;-1;-1;-1;-1;-1;-1;25;57;82;88;100;50;82;88;63;0;0;4.01;3.69;ÍF;Víkingur;1.29;1.86;1.63;1.88;1.25;1.73;75;44;19;13;0;0;0;0;0;0;0;1165;27;Y;Y;Y;Y;N;N;Y
342829;5404;6878;2014;complete;2437;18;-1;;;0;0;0;-1;-1;-1;-1;-1;2;3;0;0;-1;-1;-1;-1;-1;-1;-1;-1;-1;-1;2;3;0;0;0;0;0;0;0;0;0;0;0;0;0;0;0;0;0;0;0;0;0;0;0;0;0;0;0;0;0;0;0;0;0;0;0;0;0;0;0;0;0;0;0;0;0;0;0;0;0;0;0;0;0;0;0;0;0;0;0;0;0;0;0;0;0;0;0;0;0;0;0;0;0;0;0;2014-08-08 17:00:00;-1;0;40;18;17;0;-1;1;-1;-1;-1;-1;-1;-1;0;1;2;2;1;4;-1;0;0;0;0;0;0;0;0;0;0;0;0;0;1;1;0;0;-1;-1;0;0;-1;-1;-1;-1;-1;-1;-1;-1;-1;24;46;71;71;100;40;77;94;60;0;0;4.11;3.22;KÍ;B68;2;0.36;1.78;0;1.24;0.53;77;54;30;30;0;0;0;0;0;0;0;1165;27;N;N;N;N;N;N;N
342830;6875;6876;2014;complete;2437;18;-1;10,32;;2;0;2;-1;-1;-1;-1;-1;2;1;0;1;-1;-1;-1;-1;-1;-1;-1;-1;-1;-1;2;3;0;0;0;0;0;0;0;0;0;0;0;0;0;0;0;0;0;0;0;0;0;0;0;0;0;0;0;0;0;0;0;0;0;0;0;0;0;0;0;0;0;0;0;0;0;0;0;0;0;0;0;0;0;0;0;0;0;0;0;0;0;0;0;0;0;0;0;0;2;2;0;0;0;0;2;2014-08-10 14:00:00;6875;0;69;51;32;0;-1;1;-1;-1;-1;-1;-1;-1;0;2;2;0;2;2;-1;0;0;0;0;0;0;0;0;0;0;0;0;0;1;1;1;0;-1;-1;0;0;-1;-1;-1;-1;-1;-1;-1;-1;-1;13;44;69;94;100;63;82;82;63;0;0;5.38;3.32;AB;ÍF;0.77;0.77;0.75;0.88;1;1.24;88;57;32;7;0;0;0;0;0;0;0;1165;27;Y;Y;N;N;N;N;N
342831;6872;985;2014;complete;2437;18;-1;;41;0;1;1;-1;-1;-1;-1;-1;2;2;0;0;-1;-1;-1;-1;-1;-1;-1;-1;-1;-1;2;2;0;0;0;0;0;0;0;0;0;0;0;0;0;0;0;0;0;0;0;0;0;0;0;0;0;0;0;0;0;0;0;0;0;0;0;0;0;0;0;0;0;0;0;0;0;0;0;0;0;0;0;0;0;0;0;0;0;0;0;0;0;0;0;0;0;0;0;0;1;0;1;0;0;0;1;2014-08-10 16:00:00;985;0;57;19;19;0;-1;1;-1;-1;-1;-1;-1;-1;0;1;2;1;1;3;-1;0;0;0;0;0;0;0;0;0;0;0;0;0;1;1;0;0;-1;-1;0;0;-1;-1;-1;-1;-1;-1;-1;-1;-1;7;25;51;82;88;32;76;75;44;0;0;3;2.57;Skála;HB;0.92;2.15;1.25;2;0.71;1.94;94;75;51;19;13;0;0;0;0;0;0;1165;27;Y;N;N;N;N;N;N
342832;66;5415;2014;complete;2437;18;-1;8;;1;0;1;-1;-1;-1;-1;-1;4;3;0;0;-1;-1;-1;-1;-1;-1;-1;-1;-1;-1;4;3;0;0;0;0;0;0;0;0;0;0;0;0;0;0;0;0;0;0;0;0;0;0;0;0;0;0;0;0;0;0;0;0;0;0;0;0;0;0;0;0;0;0;0;0;0;0;0;0;0;0;0;0;0;0;0;0;0;0;0;0;0;0;0;0;0;0;0;0;1;1;0;0;0;0;1;2014-08-10 16:15:00;66;0;57;13;25;0;-1;1;-1;-1;-1;-1;-1;-1;1;2;3;1;3;4;-1;0;0;0;0;0;0;0;0;0;0;0;0;0;1;1;1;0;-1;-1;0;0;-1;-1;-1;-1;-1;-1;-1;-1;-1;19;38;63;88;94;38;82;88;51;0;0;3.13;3.19;B36;NSÍ;1.93;1.31;2.25;1.38;2.35;1.38;82;63;38;13;7;0;0;0;0;0;0;1165;27;Y;N;N;N;N;N;N
342833;1211;997;2014;complete;2437;18;-1;83;77;1;1;2;-1;-1;-1;-1;-1;1;2;1;0;-1;-1;-1;-1;-1;-1;-1;-1;-1;-1;2;2;0;0;0;0;0;0;0;0;0;0;0;0;0;0;0;0;0;0;0;0;0;0;0;0;0;0;0;0;0;0;0;0;0;0;0;0;0;0;0;0;0;0;0;0;0;0;0;0;0;0;0;0;0;0;0;0;0;0;0;0;0;0;0;0;0;0;0;0;2;0;0;1;1;2;0;2014-08-11 18:00:00;-1;0;59;26;25;0;-1;1;-1;-1;-1;-1;-1;-1;1;1;1;1;2;2;-1;0;0;0;0;0;0;0;0;0;0;0;0;0;1;1;0;0;-1;-1;0;0;-1;-1;-1;-1;-1;-1;-1;-1;-1;7;26;59;86;93;47;73;80;46;0;0;4.42;2.71;Víkingur;EB - Streymur;1.77;1.31;1.57;1.13;1.69;1.53;93;75;41;15;7;0;0;0;0;0;0;1165;27;Y;Y;N;N;N;N;Y
342834;5415;6878;2014;complete;2437;19;-1;4,6,43;54;3;1;4;-1;-1;-1;-1;-1;1;2;0;0;-1;-1;-1;-1;-1;-1;-1;-1;-1;-1;1;2;0;0;0;0;0;0;0;0;0;0;0;0;0;0;0;0;0;0;0;0;0;0;0;0;0;0;0;0;0;0;0;0;0;0;0;0;0;0;0;0;0;0;0;0;0;0;0;0;0;0;0;0;0;0;0;0;0;0;0;0;0;0;0;0;0;0;0;0;4;3;0;0;1;1;3;2014-08-17 14:00:00;5415;0;37;25;13;0;-1;1;-1;-1;-1;-1;-1;-1;0;2;1;0;2;1;-1;0;0;0;0;0;0;0;0;0;0;0;0;0;1;1;2;0;-1;-1;0;0;-1;-1;-1;-1;-1;-1;-1;-1;-1;18;24;60;66;95;31;84;77;41;0;0;3.97;2.78;NSÍ;B68;1.64;0.36;1.38;0.11;1.29;0.56;83;77;41;35;6;0;0;0;0;0;0;1165;27;Y;Y;Y;Y;N;N;Y
342835;66;6872;2014;complete;2437;19;-1;35,89;;2;0;2;-1;-1;-1;-1;-1;2;2;0;0;-1;-1;-1;-1;-1;-1;-1;-1;-1;-1;2;2;0;0;0;0;0;0;0;0;0;0;0;0;0;0;0;0;0;0;0;0;0;0;0;0;0;0;0;0;0;0;0;0;0;0;0;0;0;0;0;0;0;0;0;0;0;0;0;0;0;0;0;0;0;0;0;0;0;0;0;0;0;0;0;0;0;0;0;0;2;1;0;1;0;1;1;2014-08-17 14:00:00;66;0;39;11;11;0;-1;1;-1;-1;-1;-1;-1;-1;1;0;1;2;1;3;-1;0;0;0;0;0;0;0;0;0;0;0;0;0;1;1;0;0;-1;-1;1;0;-1;-1;-1;-1;-1;-1;-1;-1;-1;11;22;39;73;95;22;84;78;22;0;0;3.27;2.5;B36;Skála;1.93;0.36;2.33;0.22;2.39;0.67;89;78;62;28;6;0;0;0;0;0;0;1165;27;Y;Y;N;N;N;N;N
342836;997;985;2014;complete;2437;19;-1;;10,29,90;0;3;3;-1;-1;-1;-1;-1;1;2;0;0;-1;-1;-1;-1;-1;-1;-1;-1;-1;-1;1;2;0;0;0;0;0;0;0;0;0;0;0;0;0;0;0;0;0;0;0;0;0;0;0;0;0;0;0;0;0;0;0;0;0;0;0;0;0;0;0;0;0;0;0;0;0;0;0;0;0;0;0;0;0;0;0;0;0;0;0;0;0;0;0;0;0;0;0;0;3;0;2;0;1;1;2;2014-08-17 14:00:00;985;0;50;17;17;0;-1;1;-1;-1;-1;-1;-1;-1;0;0;1;2;0;3;-1;0;0;0;0;0;0;0;0;0;0;0;0;0;1;1;0;1;-1;-1;0;0;-1;-1;-1;-1;-1;-1;-1;-1;-1;11;28;62;78;89;33;84;78;39;0;0;3;2.67;EB - Streymur;HB;1.64;2.15;1.89;2.11;1.5;2;89;73;39;22;11;0;0;0;0;0;0;1165;27;Y;Y;Y;N;N;N;N
342837;1211;6875;2014;complete;2437;19;-1;45,80;17,38;2;2;4;-1;-1;-1;-1;-1;1;3;0;0;-1;-1;-1;-1;-1;-1;-1;-1;-1;-1;1;3;0;0;0;0;0;0;0;0;0;0;0;0;0;0;0;0;0;0;0;0;0;0;0;0;0;0;0;0;0;0;0;0;0;0;0;0;0;0;0;0;0;0;0;0;0;0;0;0;0;0;0;0;0;0;0;0;0;0;0;0;0;0;0;0;0;0;0;0;4;1;2;1;0;1;3;2014-08-17 14:00:00;-1;0;47;12;23;0;-1;1;-1;-1;-1;-1;-1;-1;0;2;1;1;2;2;-1;0;0;0;0;0;0;0;0;0;0;0;0;0;1;1;0;0;-1;-1;0;0;-1;-1;-1;-1;-1;-1;-1;-1;-1;29;29;53;82;89;36;71;82;47;0;0;4.58;2.79;Víkingur;AB;1.77;1.07;1.5;1.22;1.65;1.11;72;72;48;18;12;0;0;0;0;0;0;1165;27;Y;Y;Y;Y;N;N;Y
342838;6876;5404;2014;complete;2437;19;-1;9;34;1;1;2;-1;-1;-1;-1;-1;3;0;0;0;-1;-1;-1;-1;-1;-1;-1;-1;-1;-1;3;0;0;0;0;0;0;0;0;0;0;0;0;0;0;0;0;0;0;0;0;0;0;0;0;0;0;0;0;0;0;0;0;0;0;0;0;0;0;0;0;0;0;0;0;0;0;0;0;0;0;0;0;0;0;0;0;0;0;0;0;0;0;0;0;0;0;0;0;0;2;1;1;0;0;0;2;2014-08-17 14:00:00;-1;0;71;17;48;0;-1;1;-1;-1;-1;-1;-1;-1;0;0;3;0;0;3;-1;0;0;0;0;0;0;0;0;0;0;0;0;0;1;1;1;0;-1;-1;0;0;-1;-1;-1;-1;-1;-1;-1;-1;-1;18;47;70;95;100;41;76;89;71;0;0;4.66;3.58;ÍF;KÍ;1.29;0.71;1.56;0.63;1.17;1.22;83;54;31;6;0;0;0;0;0;0;0;1165;27;Y;Y;N;N;N;N;Y
342839;985;6876;2014;complete;2437;20;-1;21,74;;2;0;2;-1;-1;-1;-1;-1;0;2;1;0;-1;-1;-1;-1;-1;-1;-1;-1;-1;-1;2;2;0;0;0;0;0;0;0;0;0;0;0;0;0;0;0;0;0;0;0;0;0;0;0;0;0;0;0;0;0;0;0;0;0;0;0;0;0;0;0;0;0;0;0;0;0;0;0;0;0;0;0;0;0;0;0;0;0;0;0;0;0;0;0;0;0;0;0;0;2;1;0;1;0;1;1;2014-08-20 17:00:00;985;0;67;34;39;0;-1;1;-1;-1;-1;-1;-1;-1;0;1;1;1;1;2;-1;0;0;0;0;0;0;0;0;0;0;0;0;0;1;1;0;0;-1;-1;0;0;-1;-1;-1;-1;-1;-1;-1;-1;-1;11;50;67;95;100;56;89;73;56;0;0;4.69;3.28;HB;ÍF;2.29;0.77;1.89;0.78;2.05;1.16;89;50;33;6;0;0;0;0;0;0;0;1165;27;Y;Y;N;N;N;N;N
342840;1211;5404;2014;complete;2437;20;-1;47;53;1;1;2;-1;-1;-1;-1;-1;1;2;0;0;-1;-1;-1;-1;-1;-1;-1;-1;-1;-1;1;2;0;0;0;0;0;0;0;0;0;0;0;0;0;0;0;0;0;0;0;0;0;0;0;0;0;0;0;0;0;0;0;0;0;0;0;0;0;0;0;0;0;0;0;0;0;0;0;0;0;0;0;0;0;0;0;0;0;0;0;0;0;0;0;0;0;0;0;0;2;0;0;1;1;2;0;2014-08-20 17:00:00;-1;0;61;17;34;0;-1;1;-1;-1;-1;-1;-1;-1;1;1;0;1;2;1;-1;0;0;0;0;0;0;0;0;0;0;0;0;0;1;1;0;0;-1;-1;0;0;-1;-1;-1;-1;-1;-1;-1;-1;-1;11;28;44;89;95;39;67;84;50;0;0;4.67;2.83;Víkingur;KÍ;1.77;0.71;1.44;0.67;1.61;1.21;89;73;56;11;6;0;0;0;0;0;0;1165;27;Y;Y;N;N;N;N;Y
342841;6875;66;2014;complete;2437;20;-1;;15,35,79;0;3;3;-1;-1;-1;-1;-1;4;2;0;0;-1;-1;-1;-1;-1;-1;-1;-1;-1;-1;4;2;0;0;0;0;0;0;0;0;0;0;0;0;0;0;0;0;0;0;0;0;0;0;0;0;0;0;0;0;0;0;0;0;0;0;0;0;0;0;0;0;0;0;0;0;0;0;0;0;0;0;0;0;0;0;0;0;0;0;0;0;0;0;0;0;0;0;0;0;3;0;2;0;1;1;2;2014-08-20 17:00:00;66;0;62;33;22;0;-1;1;-1;-1;-1;-1;-1;-1;3;2;1;0;5;1;-1;0;0;0;0;0;0;0;0;0;0;0;0;0;1;1;0;0;-1;-1;0;0;-1;-1;-1;-1;-1;-1;-1;-1;-1;22;39;73;89;100;62;84;89;56;0;0;4.14;3.5;AB;B36;0.77;2.62;1;2.44;1.11;2.42;78;62;28;11;0;0;0;0;0;0;0;1165;27;Y;Y;Y;N;N;N;N
342842;6872;5415;2014;complete;2437;20;-1;16,90;13,28,57;2;3;5;-1;-1;-1;-1;-1;4;1;0;0;-1;-1;-1;-1;-1;-1;-1;-1;-1;-1;4;1;0;0;0;0;0;0;0;0;0;0;0;0;0;0;0;0;0;0;0;0;0;0;0;0;0;0;0;0;0;0;0;0;0;0;0;0;0;0;0;0;0;0;0;0;0;0;0;0;0;0;0;0;0;0;0;0;0;0;0;0;0;0;0;0;0;0;0;0;5;1;2;1;1;2;3;2014-08-20 17:30:00;5415;0;44;17;22;0;-1;1;-1;-1;-1;-1;-1;-1;0;0;4;1;0;5;-1;0;0;0;0;0;0;0;0;0;0;0;0;0;1;1;0;0;-1;-1;0;0;-1;-1;-1;-1;-1;-1;-1;-1;-1;22;33;50;73;89;45;73;73;50;0;0;3.67;2.89;Skála;NSÍ;0.92;1.31;1.11;1.22;0.63;1.39;78;67;50;28;11;0;0;0;0;0;0;1165;27;Y;Y;Y;Y;Y;N;Y
342843;6878;997;2014;complete;2437;20;-1;;11,36,39;0;3;3;-1;-1;-1;-1;-1;3;2;0;0;-1;-1;-1;-1;-1;-1;-1;-1;-1;-1;3;2;0;0;0;0;0;0;0;0;0;0;0;0;0;0;0;0;0;0;0;0;0;0;0;0;0;0;0;0;0;0;0;0;0;0;0;0;0;0;0;0;0;0;0;0;0;0;0;0;0;0;0;0;0;0;0;0;0;0;0;0;0;0;0;0;0;0;0;0;3;0;3;0;0;0;3;2014-08-20 18:00:00;997;0;78;22;56;0;-1;1;-1;-1;-1;-1;-1;-1;1;0;2;2;1;4;-1;0;0;0;0;0;0;0;0;0;0;0;0;0;1;1;0;0;-1;-1;0;0;-1;-1;-1;-1;-1;-1;-1;-1;-1;17;45;62;95;95;44;62;89;67;0;0;3.89;3.34;B68;EB - Streymur;0.92;1.31;1;1.11;0.53;1.42;84;56;39;6;6;0;0;0;0;0;0;1165;27;Y;Y;Y;N;N;N;N
342844;985;6878;2014;complete;2437;21;-1;35,38,54;;3;0;3;-1;-1;-1;-1;-1;1;1;0;0;-1;-1;-1;-1;-1;-1;-1;-1;-1;-1;1;1;0;0;0;0;0;0;0;0;0;0;0;0;0;0;0;0;0;0;0;0;0;0;0;0;0;0;0;0;0;0;0;0;0;0;0;0;0;0;0;0;0;0;0;0;0;0;0;0;0;0;0;0;0;0;0;0;0;0;0;0;0;0;0;0;0;0;0;0;3;2;0;1;0;1;2;2014-08-24 14:00:00;985;0;40;10;20;0;-1;1;-1;-1;-1;-1;-1;-1;0;1;1;0;1;1;-1;0;0;0;0;0;0;0;0;0;0;0;0;0;1;1;0;0;-1;-1;0;0;-1;-1;-1;-1;-1;-1;-1;-1;-1;20;40;65;80;95;25;80;85;55;0;0;4.32;3.1;HB;B68;2.29;0.36;2;0.1;2.1;0.5;80;60;35;20;5;0;0;0;0;0;0;1165;27;Y;Y;Y;N;N;N;N
342845;6875;997;2014;complete;2437;21;-1;;;0;0;0;-1;-1;-1;-1;-1;2;2;0;0;-1;-1;-1;-1;-1;-1;-1;-1;-1;-1;2;2;0;0;0;0;0;0;0;0;0;0;0;0;0;0;0;0;0;0;0;0;0;0;0;0;0;0;0;0;0;0;0;0;0;0;0;0;0;0;0;0;0;0;0;0;0;0;0;0;0;0;0;0;0;0;0;0;0;0;0;0;0;0;0;0;0;0;0;0;0;0;0;0;0;0;0;2014-08-24 14:00:00;-1;0;65;30;35;0;-1;1;-1;-1;-1;-1;-1;-1;1;1;1;1;2;2;-1;0;0;0;0;0;0;0;0;0;0;0;0;0;1;1;0;0;-1;-1;0;0;-1;-1;-1;-1;-1;-1;-1;-1;-1;10;30;70;100;100;55;75;85;60;0;0;5.1;3.2;AB;EB - Streymur;0.77;1.31;0.9;1.3;1.05;1.5;90;70;30;0;0;0;0;0;0;0;0;1165;27;N;N;N;N;N;N;N
342846;1211;5415;2014;complete;2437;21;-1;11,13,38,56,67,84;58;6;1;7;-1;-1;-1;-1;-1;0;4;0;0;-1;-1;-1;-1;-1;-1;-1;-1;-1;-1;0;4;0;0;0;0;0;0;0;0;0;0;0;0;0;0;0;0;0;0;0;0;0;0;0;0;0;0;0;0;0;0;0;0;0;0;0;0;0;0;0;0;0;0;0;0;0;0;0;0;0;0;0;0;0;0;0;0;0;0;0;0;0;0;0;0;0;0;0;0;7;3;0;3;1;4;3;2014-08-24 14:00:00;1211;0;50;20;25;0;-1;1;-1;-1;-1;-1;-1;-1;0;3;0;1;3;1;-1;0;0;0;0;0;0;0;0;0;0;0;0;0;1;1;0;0;-1;-1;0;0;-1;-1;-1;-1;-1;-1;-1;-1;-1;25;35;55;80;90;50;70;80;50;0;0;3.6;3;Víkingur;NSÍ;1.77;1.31;1.4;1.4;1.58;1.47;75;65;45;20;10;0;0;0;0;0;0;1165;27;Y;Y;Y;Y;Y;Y;Y
342847;66;5404;2014;complete;2437;21;-1;;87;0;1;1;-1;-1;-1;-1;-1;3;2;0;0;-1;-1;-1;-1;-1;-1;-1;-1;-1;-1;3;2;0;0;0;0;0;0;0;0;0;0;0;0;0;0;0;0;0;0;0;0;0;0;0;0;0;0;0;0;0;0;0;0;0;0;0;0;0;0;0;0;0;0;0;0;0;0;0;0;0;0;0;0;0;0;0;0;0;0;0;0;0;0;0;0;0;0;0;0;1;0;0;0;1;1;0;2014-08-24 16:30:00;5404;0;65;10;40;0;-1;1;-1;-1;-1;-1;-1;-1;0;1;3;1;1;4;-1;0;0;0;0;0;0;0;0;0;0;0;0;0;1;1;0;0;-1;-1;0;0;-1;-1;-1;-1;-1;-1;-1;-1;-1;5;25;40;90;100;20;75;85;50;0;0;4.4;2.75;B36;KÍ;1.93;0.71;2.4;0.7;2.45;1.2;95;75;60;10;0;0;0;0;0;0;0;1165;27;Y;N;N;N;N;N;N
342848;6872;6876;2014;complete;2437;21;-1;;58,90;0;2;2;-1;-1;-1;-1;-1;1;1;0;0;-1;-1;-1;-1;-1;-1;-1;-1;-1;-1;1;1;0;0;0;0;0;0;0;0;0;0;0;0;0;0;0;0;0;0;0;0;0;0;0;0;0;0;0;0;0;0;0;0;0;0;0;0;0;0;0;0;0;0;0;0;0;0;0;0;0;0;0;0;0;0;0;0;0;0;0;0;0;0;0;0;0;0;0;0;2;0;0;0;2;2;0;2014-08-25 17:00:00;6876;0;55;40;30;0;-1;1;-1;-1;-1;-1;-1;-1;0;1;1;0;1;1;-1;0;0;0;0;0;0;0;0;0;0;0;0;0;1;1;0;0;-1;-1;0;0;-1;-1;-1;-1;-1;-1;-1;-1;-1;10;35;45;80;95;55;80;65;45;0;0;4.6;2.7;Skála;ÍF;0.92;0.77;1;0.7;0.6;1.1;90;65;55;20;5;0;0;0;0;0;0;1165;27;Y;Y;N;N;N;N;N
342849;5415;6875;2014;complete;2437;22;-1;31,33,57;36;3;1;4;-1;-1;-1;-1;-1;2;1;0;0;-1;-1;-1;-1;-1;-1;-1;-1;-1;-1;2;1;0;0;0;0;0;0;0;0;0;0;0;0;0;0;0;0;0;0;0;0;0;0;0;0;0;0;0;0;0;0;0;0;0;0;0;0;0;0;0;0;0;0;0;0;0;0;0;0;0;0;0;0;0;0;0;0;0;0;0;0;0;0;0;0;0;0;0;0;4;2;1;1;0;1;3;2014-09-14 14:00:00;5415;0;64;27;26;0;-1;1;-1;-1;-1;-1;-1;-1;1;1;1;0;2;1;-1;0;0;0;0;0;0;0;1;0;1;0;0;0;1;1;0;0;-1;-1;0;0;-1;-1;-1;-1;-1;-1;-1;-1;-1;26;42;69;84;95;48;90;84;36;0;0;4.15;3.26;NSÍ;AB;1.64;1.07;1.56;1.2;1.4;1.05;75;59;32;16;5;0;0;0;0;0;0;1165;27;Y;Y;Y;Y;N;N;Y
342850;5404;985;2014;complete;2437;22;-1;73;;1;0;1;-1;-1;-1;-1;-1;1;3;1;0;-1;-1;-1;-1;-1;-1;-1;-1;-1;-1;3;3;0;0;0;0;0;0;0;0;0;0;0;0;0;0;0;0;0;0;0;0;0;0;0;0;0;0;0;0;0;0;0;0;0;0;0;0;0;0;0;0;0;0;0;0;0;0;0;0;0;0;0;0;0;0;0;0;0;0;0;0;0;0;0;0;0;0;0;0;1;0;0;1;0;1;0;2014-09-14 14:00:00;5404;0;55;15;20;0;-1;1;-1;-1;-1;-1;-1;-1;0;2;2;1;2;3;-1;0;0;0;0;0;0;0;0;0;0;0;0;0;1;1;0;0;-1;-1;0;1;-1;-1;-1;-1;-1;-1;-1;-1;-1;10;40;65;75;90;45;80;80;40;0;0;3.3;2.85;KÍ;HB;2;2.15;1.7;2.2;1.29;2.14;90;60;35;25;10;0;0;0;0;0;0;1165;27;Y;N;N;N;N;N;N
342851;997;6872;2014;complete;2437;22;-1;17,67,90;26;3;1;4;-1;-1;-1;-1;-1;2;2;0;1;-1;-1;-1;-1;-1;-1;-1;-1;-1;-1;2;4;0;0;0;0;0;0;0;0;0;0;0;0;0;0;0;0;0;0;0;0;0;0;0;0;0;0;0;0;0;0;0;0;0;0;0;0;0;0;0;0;0;0;0;0;0;0;0;0;0;0;0;0;0;0;0;0;0;0;0;0;0;0;0;0;0;0;0;0;4;1;1;2;0;2;2;2014-09-14 14:00:00;997;0;30;15;10;0;-1;1;-1;-1;-1;-1;-1;-1;1;1;1;2;2;3;-1;0;0;0;0;0;0;0;0;0;0;0;0;0;1;1;0;0;-1;-1;0;0;-1;-1;-1;-1;-1;-1;-1;-1;-1;20;25;50;75;90;40;80;85;25;0;0;3.24;2.7;EB - Streymur;Skála;1.64;0.36;1.7;0.2;1.48;0.57;80;75;50;25;10;0;0;0;0;0;0;1165;27;Y;Y;Y;Y;N;N;Y
342852;6876;6878;2014;complete;2437;22;-1;3;76,79;1;2;3;-1;-1;-1;-1;-1;2;2;0;0;-1;-1;-1;-1;-1;-1;-1;-1;-1;-1;2;2;0;0;0;0;0;0;0;0;0;0;0;0;0;0;0;0;0;0;0;0;0;0;0;0;0;0;0;0;0;0;0;0;0;0;0;0;0;0;0;0;0;0;0;0;0;0;0;0;0;0;0;0;0;0;0;0;0;0;0;0;0;0;0;0;0;0;0;0;3;1;0;0;2;2;1;2014-09-14 14:00:00;6878;0;44;25;15;0;-1;1;-1;-1;-1;-1;-1;-1;1;1;1;1;2;2;-1;0;0;0;0;0;0;0;0;1;0;1;0;0;1;1;1;0;-1;-1;0;0;-1;-1;-1;-1;-1;-1;-1;-1;-1;19;39;72;77;96;44;82;76;53;0;0;3.9;3.17;ÍF;B68;1.29;0.36;1.5;0.09;1.19;0.48;81;62;28;23;5;0;0;0;0;0;0;1165;27;Y;Y;Y;N;N;N;Y
342853;66;1211;2014;complete;2437;22;-1;;40,53;0;2;2;-1;-1;-1;-1;-1;1;4;1;0;-1;-1;-1;-1;-1;-1;-1;-1;-1;-1;3;4;0;0;0;0;0;0;0;0;0;0;0;0;0;0;0;0;0;0;0;0;0;0;0;0;0;0;0;0;0;0;0;0;0;0;0;0;0;0;0;0;0;0;0;0;0;0;0;0;0;0;0;0;0;0;0;0;0;0;0;0;0;0;0;0;0;0;0;0;2;0;1;0;1;1;1;2014-09-14 14:00:00;1211;0;62;21;37;0;-1;1;-1;-1;-1;-1;-1;-1;0;3;2;1;3;3;-1;0;0;0;0;0;0;0;0;0;0;0;0;0;1;1;0;0;-1;-1;0;0;-1;-1;-1;-1;-1;-1;-1;-1;-1;11;43;57;81;100;33;80;91;47;0;0;4.44;2.97;B36;Víkingur;1.93;1.86;2.18;1.78;2.33;1.65;89;58;43;19;0;0;0;0;0;0;0;1165;27;Y;Y;N;N;N;N;N
342854;5415;1211;2014;complete;2437;16;-1;;52,61;0;2;2;-1;-1;-1;-1;-1;3;0;0;0;-1;-1;-1;-1;-1;-1;-1;-1;-1;-1;3;0;0;0;0;0;0;0;0;0;0;0;0;0;0;0;0;0;0;0;0;0;0;0;0;0;0;0;0;0;0;0;0;0;0;0;0;0;0;0;0;0;0;0;0;0;0;0;0;0;0;0;0;0;0;0;0;0;0;0;0;0;0;0;0;0;0;0;0;0;2;0;0;0;2;2;0;2014-09-17 17:00:00;1211;0;70;35;35;0;-1;1;-1;-1;-1;-1;-1;-1;1;0;2;0;1;2;-1;0;0;0;0;0;0;0;0;0;0;0;0;0;1;1;0;0;-1;-1;0;0;-1;-1;-1;-1;-1;-1;-1;-1;-1;15;50;70;85;100;55;90;90;40;0;0;4.38;3.35;NSÍ;Víkingur;1.64;1.86;1.7;1.9;1.48;1.71;85;50;30;15;0;0;0;0;0;0;0;1165;27;Y;Y;N;N;N;N;N
342855;997;1211;2014;complete;2437;23;-1;4;39,58,82;1;3;4;-1;-1;-1;-1;-1;1;1;0;0;-1;-1;-1;-1;-1;-1;-1;-1;-1;-1;1;1;0;0;0;0;0;0;0;0;0;0;0;0;0;0;0;0;0;0;0;0;0;0;0;0;0;0;0;0;0;0;0;0;0;0;0;0;0;0;0;0;0;0;0;0;0;0;0;0;0;0;0;0;0;0;0;0;0;0;0;0;0;0;0;0;0;0;0;0;4;1;1;0;2;2;2;2014-09-21 14:00:00;1211;0;55;27;32;0;-1;1;-1;-1;-1;-1;-1;-1;0;0;1;1;0;2;-1;0;0;0;0;0;0;0;0;1;0;1;0;0;1;1;1;0;-1;-1;0;0;-1;-1;-1;-1;-1;-1;-1;-1;-1;18;46;69;87;96;50;78;96;55;0;0;4.18;3.18;EB - Streymur;Víkingur;1.64;1.86;1.82;2;1.55;1.77;82;55;32;14;5;0;0;0;0;0;0;1165;27;Y;Y;Y;Y;N;N;Y
342856;6878;5404;2014;complete;2437;23;-1;53;;1;0;1;-1;-1;-1;-1;-1;2;2;0;0;-1;-1;-1;-1;-1;-1;-1;-1;-1;-1;2;2;0;0;0;0;0;0;0;0;0;0;0;0;0;0;0;0;0;0;0;0;0;0;0;0;0;0;0;0;0;0;0;0;0;0;0;0;0;0;0;0;0;0;0;0;0;0;0;0;0;0;0;0;0;0;0;0;0;0;0;0;0;0;0;0;0;0;0;0;1;0;0;1;0;1;0;2014-09-21 14:00:00;6878;0;67;10;53;0;-1;1;-1;-1;-1;-1;-1;-1;1;0;1;2;1;3;-1;0;0;0;0;0;0;0;0;0;0;0;0;0;1;1;0;0;-1;-1;0;0;-1;-1;-1;-1;-1;-1;-1;-1;-1;20;39;48;91;95;39;58;86;62;0;0;4.35;3.26;B68;KÍ;0.92;0.71;0.9;0.91;0.59;1.36;81;62;52;10;5;0;0;0;0;0;0;1165;27;Y;N;N;N;N;N;N
342857;6876;6875;2014;complete;2437;23;-1;2,6,79;;3;0;3;-1;-1;-1;-1;-1;3;2;0;0;-1;-1;-1;-1;-1;-1;-1;-1;-1;-1;3;2;0;0;0;0;0;0;0;0;0;0;0;0;0;0;0;0;0;0;0;0;0;0;0;0;0;0;0;0;0;0;0;0;0;0;0;0;0;0;0;0;0;0;0;0;0;0;0;0;0;0;0;0;0;0;0;0;0;0;0;0;0;0;0;0;0;0;0;0;3;2;0;1;0;1;2;2014-09-21 14:00:00;6876;0;69;32;27;0;-1;1;-1;-1;-1;-1;-1;-1;0;0;3;2;0;5;-1;0;0;0;0;0;0;0;0;0;0;0;0;0;1;1;2;0;-1;-1;0;0;-1;-1;-1;-1;-1;-1;-1;-1;-1;27;50;78;91;96;50;87;82;55;0;0;4.18;3.5;ÍF;AB;1.29;1.07;1.36;1.09;1.14;1;73;50;23;9;5;0;0;0;0;0;0;1165;27;Y;Y;Y;N;N;N;N
342858;5415;66;2014;complete;2437;23;-1;40,51;55,64,88;2;3;5;-1;-1;-1;-1;-1;4;1;0;0;-1;-1;-1;-1;-1;-1;-1;-1;-1;-1;4;1;0;0;0;0;0;0;0;0;0;0;0;0;0;0;0;0;0;0;0;0;0;0;0;0;0;0;0;0;0;0;0;0;0;0;0;0;0;0;0;0;0;0;0;0;0;0;0;0;0;0;0;0;0;0;0;0;0;0;0;0;0;0;0;0;0;0;0;0;5;1;0;1;3;4;1;2014-09-21 14:00:00;66;0;62;33;19;0;-1;1;-1;-1;-1;-1;-1;-1;1;0;3;1;1;4;-1;0;0;0;0;0;0;0;0;0;0;0;0;0;1;1;0;0;-1;-1;0;0;-1;-1;-1;-1;-1;-1;-1;-1;-1;15;38;72;81;100;63;91;86;34;0;0;3.23;3.3;NSÍ;B36;1.64;2.62;1.55;2.5;1.41;2.23;86;62;28;19;0;0;0;0;0;0;0;1165;27;Y;Y;Y;Y;Y;N;Y
342859;985;6872;2014;complete;2437;23;-1;36,40;;2;0;2;-1;-1;-1;-1;-1;2;1;0;0;-1;-1;-1;-1;-1;-1;-1;-1;-1;-1;2;1;0;0;0;0;0;0;0;0;0;0;0;0;0;0;0;0;0;0;0;0;0;0;0;0;0;0;0;0;0;0;0;0;0;0;0;0;0;0;0;0;0;0;0;0;0;0;0;0;0;0;0;0;0;0;0;0;0;0;0;0;0;0;0;0;0;0;0;0;2;2;0;0;0;0;2;2014-09-21 14:00:00;985;0;41;14;18;0;-1;1;-1;-1;-1;-1;-1;-1;1;1;1;0;2;1;-1;0;0;0;0;0;0;0;0;0;0;0;0;0;1;1;0;0;-1;-1;0;0;-1;-1;-1;-1;-1;-1;-1;-1;-1;18;36;55;87;96;36;87;87;37;0;0;3.8;3.05;HB;Skála;2.29;0.36;2.09;0.18;2.05;0.55;82;64;46;14;5;0;0;0;0;0;0;1165;27;Y;Y;N;N;N;N;N
342860;5404;6872;2014;complete;2437;24;-1;3,45,47;;3;0;3;-1;-1;-1;-1;-1;0;1;0;0;-1;-1;-1;-1;-1;-1;-1;-1;-1;-1;0;1;0;0;0;0;0;0;0;0;0;0;0;0;0;0;0;0;0;0;0;0;0;0;0;0;0;0;0;0;0;0;0;0;0;0;0;0;0;0;0;0;0;0;0;0;0;0;0;0;0;0;0;0;0;0;0;0;0;0;0;0;0;0;0;0;0;0;0;0;3;2;0;1;0;1;2;2014-10-01 16:00:00;5404;0;40;18;14;0;-1;1;-1;-1;-1;-1;-1;-1;0;1;0;0;1;0;-1;0;0;0;0;0;0;0;0;0;0;0;0;0;1;1;1;0;-1;-1;0;1;-1;-1;-1;-1;-1;-1;-1;-1;-1;18;40;49;70;92;49;74;83;31;0;0;3.82;2.79;KÍ;Skála;2;0.36;1.82;0.17;1.3;0.52;83;60;52;31;9;0;0;0;0;0;0;1165;27;Y;Y;Y;N;N;N;N
342861;985;1211;2014;complete;2437;24;-1;53,70;55;2;1;3;-1;-1;-1;-1;-1;3;4;0;0;-1;-1;-1;-1;-1;-1;-1;-1;-1;-1;3;4;0;0;0;0;0;0;0;0;0;0;0;0;0;0;0;0;0;0;0;0;0;0;0;0;0;0;0;0;0;0;0;0;0;0;0;0;0;0;0;0;0;0;0;0;0;0;0;0;0;0;0;0;0;0;0;0;0;0;0;0;0;0;0;0;0;0;0;0;3;0;0;2;1;3;0;2014-10-01 16:30:00;985;0;59;21;38;0;-1;1;-1;-1;-1;-1;-1;-1;1;1;2;3;2;5;-1;0;0;0;0;0;0;0;1;0;1;0;0;0;1;1;0;0;-1;-1;0;0;-1;-1;-1;-1;-1;-1;-1;-1;-1;17;50;67;96;100;46;84;92;59;0;0;4.34;3.38;HB;Víkingur;2.29;1.86;2.17;2.08;2.09;1.83;83;50;33;4;0;0;0;0;0;0;0;1165;27;Y;Y;Y;N;N;N;Y
342862;6878;6875;2014;complete;2437;24;-1;87;38,57;1;2;3;-1;-1;-1;-1;-1;1;1;0;0;-1;-1;-1;-1;-1;-1;-1;-1;-1;-1;1;1;0;0;0;0;0;0;0;0;0;0;0;0;0;0;0;0;0;0;0;0;0;0;0;0;0;0;0;0;0;0;0;0;0;0;0;0;0;0;0;0;0;0;0;0;0;0;0;0;0;0;0;0;0;0;0;0;0;0;0;0;0;0;0;0;0;0;0;0;3;0;1;1;1;2;1;2014-10-01 16:30:00;6875;0;57;17;35;0;-1;1;-1;-1;-1;-1;-1;-1;0;0;1;1;0;2;-1;0;0;0;0;0;0;0;0;1;0;1;0;0;1;1;0;0;-1;-1;0;0;-1;-1;-1;-1;-1;-1;-1;-1;-1;30;48;65;87;92;48;69;87;49;0;0;4.16;3.39;B68;AB;0.92;1.07;1.09;1;0.7;0.96;70;53;35;13;9;0;0;0;0;0;0;1165;27;Y;Y;Y;N;N;N;Y
342863;997;5415;2014;complete;2437;24;-1;;23,83;0;2;2;-1;-1;-1;-1;-1;-1;-1;-1;-1;-1;-1;-1;-1;-1;-1;-1;-1;-1;-1;-1;-1;0;0;0;0;0;0;0;0;0;0;0;0;0;0;0;0;0;0;0;0;0;0;0;0;0;0;0;0;0;0;0;0;0;0;0;0;0;0;0;0;0;0;0;0;0;0;0;0;0;0;0;0;0;0;0;0;0;0;0;0;0;0;0;0;0;0;0;0;2;0;1;0;1;1;1;2014-10-01 16:30:00;5415;0;53;26;27;0;-1;-1;-1;-1;-1;-1;-1;-1;-1;-1;-1;-1;-1;-1;-1;0;0;0;0;0;0;0;0;0;0;0;0;0;1;1;0;0;-1;-1;-1;-1;-1;-1;-1;-1;-1;-1;-1;-1;-1;31;49;74;83;92;61;83;87;57;0;0;3.57;3.5;EB - Streymur;NSÍ;1.64;1.31;1.67;1.27;1.48;1.35;69;52;26;18;9;0;0;0;0;0;0;1165;27;Y;Y;N;N;N;N;N
342864;6876;66;2014;complete;2437;24;-1;49;73,82;1;2;3;-1;-1;-1;-1;-1;2;1;0;0;-1;-1;-1;-1;-1;-1;-1;-1;-1;-1;2;1;0;0;0;0;0;0;0;0;0;0;0;0;0;0;0;0;0;0;0;0;0;0;0;0;0;0;0;0;0;0;0;0;0;0;0;0;0;0;0;0;0;0;0;0;0;0;0;0;0;0;0;0;0;0;0;0;0;0;0;0;0;0;0;0;0;0;0;0;3;0;0;1;2;3;0;2014-10-01 16:30:00;66;0;66;30;26;0;-1;1;-1;-1;-1;-1;-1;-1;1;0;1;1;1;2;-1;0;0;0;0;0;0;0;0;0;0;0;0;0;1;1;0;0;-1;-1;0;0;-1;-1;-1;-1;-1;-1;-1;-1;-1;22;44;83;87;100;61;92;83;52;0;0;3.3;3.57;ÍF;B36;1.29;2.62;1.5;2.55;1.22;2.26;78;57;18;13;0;0;0;0;0;0;0;1165;27;Y;Y;Y;N;N;N;Y
342865;1211;6876;2014;complete;2437;25;-1;2,8,36,40,73;;5;0;5;-1;-1;-1;-1;-1;0;2;0;0;-1;-1;-1;-1;-1;-1;-1;-1;-1;-1;0;2;0;0;0;0;0;0;0;0;0;0;0;0;0;0;0;0;0;0;0;0;0;0;0;0;0;0;0;0;0;0;0;0;0;0;0;0;0;0;0;0;0;0;0;0;0;0;0;0;0;0;0;0;0;0;0;0;0;0;0;0;0;0;0;0;0;0;0;0;5;4;0;1;0;1;4;2014-10-05 13:00:00;1211;0;55;32;27;0;-1;1;-1;-1;-1;-1;-1;-1;0;1;0;1;1;1;-1;0;0;0;0;0;0;0;0;0;0;0;0;0;1;1;2;0;-1;-1;0;0;-1;-1;-1;-1;-1;-1;-1;-1;-1;9;32;45;87;96;55;73;73;45;0;0;4.09;2.78;Víkingur;ÍF;1.77;0.77;1.55;0.91;1.75;1.17;91;69;55;14;5;0;0;0;0;0;0;1165;27;Y;Y;Y;Y;Y;N;N
342866;5415;5404;2014;complete;2437;25;-1;30,77;;2;0;2;-1;-1;-1;-1;-1;3;1;0;0;-1;-1;-1;-1;-1;-1;-1;-1;-1;-1;3;1;0;0;0;0;0;0;0;0;0;0;0;0;0;0;0;0;0;0;0;0;0;0;0;0;0;0;0;0;0;0;0;0;0;0;0;0;0;0;0;0;0;0;0;0;0;0;0;0;0;0;0;0;0;0;0;0;0;0;0;0;0;0;0;0;0;0;0;0;2;1;0;1;0;1;1;2014-10-05 14:00:00;5415;0;67;21;38;0;-1;1;-1;-1;-1;-1;-1;-1;0;1;3;0;1;3;-1;0;0;0;0;0;0;0;0;0;0;0;0;0;1;1;0;0;-1;-1;0;0;-1;-1;-1;-1;-1;-1;-1;-1;-1;13;34;50;83;100;38;71;88;46;0;0;4.51;3;NSÍ;KÍ;1.64;0.71;1.42;0.83;1.42;1.38;88;67;50;17;0;0;0;0;0;0;0;1165;27;Y;Y;N;N;N;N;N
342867;6872;6878;2014;complete;2437;25;-1;49;10;1;1;2;-1;-1;-1;-1;-1;1;0;0;0;-1;-1;-1;-1;-1;-1;-1;-1;-1;-1;1;0;0;0;0;0;0;0;0;0;0;0;0;0;0;0;0;0;0;0;0;0;0;0;0;0;0;0;0;0;0;0;0;0;0;0;0;0;0;0;0;0;0;0;0;0;0;0;0;0;0;0;0;0;0;0;0;0;0;0;0;0;0;0;0;0;0;0;0;0;2;0;1;1;0;1;1;2014-10-05 14:00:00;-1;0;35;18;14;0;-1;1;-1;-1;-1;-1;-1;-1;0;0;1;0;0;1;-1;0;0;0;0;0;0;0;0;0;0;0;0;0;1;1;0;1;-1;-1;0;0;-1;-1;-1;-1;-1;-1;-1;-1;-1;18;26;52;70;92;31;70;78;53;0;0;4.09;2.65;Skála;B68;0.92;0.36;0.91;0.33;0.5;0.67;83;74;49;30;9;0;0;0;0;0;0;1165;27;Y;Y;N;N;N;N;Y
342868;66;997;2014;complete;2437;25;-1;35;;1;0;1;-1;-1;-1;-1;-1;0;3;0;0;-1;-1;-1;-1;-1;-1;-1;-1;-1;-1;0;3;0;0;0;0;0;0;0;0;0;0;0;0;0;0;0;0;0;0;0;0;0;0;0;0;0;0;0;0;0;0;0;0;0;0;0;0;0;0;0;0;0;0;0;0;0;0;0;0;0;0;0;0;0;0;0;0;0;0;0;0;0;0;0;0;0;0;0;0;1;1;0;0;0;0;1;2014-10-05 14:00:00;66;0;58;18;31;0;-1;1;-1;-1;-1;-1;-1;-1;0;1;0;2;1;2;-1;0;0;0;0;0;0;0;0;0;0;0;0;0;1;1;0;0;-1;-1;0;0;-1;-1;-1;-1;-1;-1;-1;-1;-1;0;22;49;83;96;27;74;78;40;0;0;4.17;2.49;B36;EB - Streymur;1.93;1.31;2;1.27;2.29;1.42;100;78;52;17;5;0;0;0;0;0;0;1165;27;Y;N;N;N;N;N;N
342869;6875;985;2014;complete;2437;25;-1;21;66,71,85;1;3;4;-1;-1;-1;-1;-1;3;4;0;0;-1;-1;-1;-1;-1;-1;-1;-1;-1;-1;3;4;0;0;0;0;0;0;0;0;0;0;0;0;0;0;0;0;0;0;0;0;0;0;0;0;0;0;0;0;0;0;0;0;0;0;0;0;0;0;0;0;0;0;0;0;0;0;0;0;0;0;0;0;0;0;0;0;0;0;0;0;0;0;0;0;0;0;0;0;4;1;0;0;3;3;1;2014-10-05 14:00:00;985;0;45;18;14;0;-1;1;-1;-1;-1;-1;-1;-1;0;1;3;3;1;6;-1;0;0;0;0;0;0;0;0;0;0;0;0;0;1;1;0;0;-1;-1;0;0;-1;-1;-1;-1;-1;-1;-1;-1;-1;9;23;60;82;91;41;78;78;41;0;0;4.27;2.73;AB;HB;0.77;2.15;0.91;2;1.04;2.13;91;78;41;18;9;0;0;0;0;0;0;1165;27;Y;Y;Y;Y;N;N;Y
342870;985;5415;2014;complete;2437;26;-1;6,16,24;;3;0;3;-1;-1;-1;-1;-1;0;3;0;0;-1;-1;-1;-1;-1;-1;-1;-1;-1;-1;0;3;0;0;0;0;0;0;0;0;0;0;0;0;0;0;0;0;0;0;0;0;0;0;0;0;0;0;0;0;0;0;0;0;0;0;0;0;0;0;0;0;0;0;0;0;0;0;0;0;0;0;0;0;0;0;0;0;0;0;0;0;0;0;0;0;0;0;0;0;3;3;0;0;0;0;3;2014-10-19 14:00:00;985;0;52;13;36;0;-1;1;-1;-1;-1;-1;-1;-1;0;1;0;2;1;2;-1;0;0;0;0;0;0;0;0;0;0;0;0;0;1;1;1;0;-1;-1;0;0;-1;-1;-1;-1;-1;-1;-1;-1;-1;29;44;68;92;96;48;84;84;56;0;0;3.99;3.53;HB;NSÍ;2.29;1.31;2.23;1.42;2.16;1.48;72;56;32;9;4;0;0;0;0;0;0;1165;27;Y;Y;Y;N;N;N;N
342871;6872;1211;2014;complete;2437;26;-1;12,15,17;50,64,80;3;3;6;-1;-1;-1;-1;-1;4;1;0;0;-1;-1;-1;-1;-1;-1;-1;-1;-1;-1;4;1;0;0;0;0;0;0;0;0;0;0;0;0;0;0;0;0;0;0;0;0;0;0;0;0;0;0;0;0;0;0;0;0;0;0;0;0;0;0;0;0;0;0;0;0;0;0;0;0;0;0;0;0;0;0;0;0;0;0;0;0;0;0;0;0;0;0;0;0;6;3;0;0;3;3;3;2014-10-19 14:00:00;-1;0;60;28;36;0;-1;1;-1;-1;-1;-1;-1;-1;1;0;3;1;1;4;-1;0;0;0;0;0;0;0;0;0;0;0;0;0;1;1;0;0;-1;-1;0;0;-1;-1;-1;-1;-1;-1;-1;-1;-1;16;40;51;84;96;40;68;88;60;0;0;4.38;2.94;Skála;Víkingur;0.92;1.86;0.92;1.92;0.52;1.8;84;61;49;17;4;0;0;0;0;0;0;1165;27;Y;Y;Y;Y;Y;Y;Y
342872;5404;6875;2014;complete;2437;26;-1;15,26,43,60,71;74;5;1;6;-1;-1;-1;-1;-1;1;0;0;0;-1;-1;-1;-1;-1;-1;-1;-1;-1;-1;1;0;0;0;0;0;0;0;0;0;0;0;0;0;0;0;0;0;0;0;0;0;0;0;0;0;0;0;0;0;0;0;0;0;0;0;0;0;0;0;0;0;0;0;0;0;0;0;0;0;0;0;0;0;0;0;0;0;0;0;0;0;0;0;0;0;0;0;0;0;6;3;0;2;1;3;3;2014-10-19 14:00:00;5404;0;56;20;28;0;-1;1;-1;-1;-1;-1;-1;-1;0;0;1;0;0;1;-1;0;0;0;0;0;0;0;0;0;0;0;0;0;1;1;0;0;-1;-1;0;0;-1;-1;-1;-1;-1;-1;-1;-1;-1;24;48;72;80;92;52;76;92;44;0;0;4.15;3.19;KÍ;AB;2;1.07;1.92;1.15;1.32;1;76;52;28;21;8;0;0;0;0;0;0;1165;27;Y;Y;Y;Y;Y;Y;Y
342873;6876;997;2014;complete;2437;26;-1;;12,85;0;2;2;-1;-1;-1;-1;-1;-1;-1;-1;-1;-1;-1;-1;-1;-1;-1;-1;-1;-1;-1;-1;-1;0;0;0;0;0;0;0;0;0;0;0;0;0;0;0;0;0;0;0;0;0;0;0;0;0;0;0;0;0;0;0;0;0;0;0;0;0;0;0;0;0;0;0;0;0;0;0;0;0;0;0;0;0;0;0;0;0;0;0;0;0;0;0;0;0;0;0;0;2;0;1;0;1;1;1;2014-10-19 14:00:00;997;0;68;28;37;0;-1;-1;-1;-1;-1;-1;-1;-1;-1;-1;-1;-1;-1;-1;-1;0;0;0;0;0;0;0;0;0;0;0;0;0;1;1;0;0;-1;-1;-1;-1;-1;-1;-1;-1;-1;-1;-1;-1;-1;8;32;72;88;96;48;76;72;56;0;0;4.17;3.02;ÍF;EB - Streymur;1.29;1.31;1.38;1.17;1.12;1.36;93;69;29;13;4;0;0;0;0;0;0;1165;27;Y;Y;N;N;N;N;N
342874;6878;66;2014;complete;2437;26;-1;1;12,45,69;1;3;4;-1;-1;-1;-1;-1;2;2;1;0;-1;-1;-1;-1;-1;-1;-1;-1;-1;-1;3;2;0;0;0;0;0;0;0;0;0;0;0;0;0;0;0;0;0;0;0;0;0;0;0;0;0;0;0;0;0;0;0;0;0;0;0;0;0;0;0;0;0;0;0;0;0;0;0;0;0;0;0;0;0;0;0;0;0;0;0;0;0;0;0;0;0;0;0;0;4;1;2;0;1;1;3;2014-10-19 14:00:00;66;0;63;17;42;0;-1;1;-1;-1;-1;-1;-1;-1;1;0;2;2;1;4;-1;0;0;0;0;0;0;0;0;0;0;0;0;0;1;1;1;0;-1;-1;0;0;-1;-1;-1;-1;-1;-1;-1;-1;-1;25;42;71;83;96;50;71;88;54;0;0;3.1;3.46;B68;B36;0.92;2.62;1;2.58;0.68;2.32;75;58;30;17;4;0;0;0;0;0;0;1165;27;Y;Y;Y;Y;N;N;Y
342875;997;5404;2014;complete;2437;27;-1;14,53;;2;0;2;-1;-1;-1;-1;-1;2;1;0;0;-1;-1;-1;-1;-1;-1;-1;-1;-1;-1;2;1;0;0;0;0;0;0;0;0;0;0;0;0;0;0;0;0;0;0;0;0;0;0;0;0;0;0;0;0;0;0;0;0;0;0;0;0;0;0;0;0;0;0;0;0;0;0;0;0;0;0;0;0;0;0;0;0;0;0;0;0;0;0;0;0;0;0;0;0;2;1;0;1;0;1;1;2014-10-25 13:00:00;997;0;54;20;31;0;-1;1;-1;-1;-1;-1;-1;-1;1;0;1;1;1;2;-1;0;0;0;0;0;0;0;0;0;0;0;0;0;1;1;0;0;-1;-1;0;0;-1;-1;-1;-1;-1;-1;-1;-1;-1;12;31;50;85;96;39;70;92;50;0;0;4.06;2.85;EB - Streymur;KÍ;1.64;0.71;1.54;0.77;1.42;1.38;89;70;50;15;4;0;0;0;0;0;0;1165;27;Y;Y;N;N;N;N;N
342876;66;985;2014;complete;2437;27;-1;74;40,90;1;2;3;-1;-1;-1;-1;-1;3;6;0;0;-1;-1;-1;-1;-1;-1;-1;-1;-1;-1;3;6;0;0;0;0;0;0;0;0;0;0;0;0;0;0;0;0;0;0;0;0;0;0;0;0;0;0;0;0;0;0;0;0;0;0;0;0;0;0;0;0;0;0;0;0;0;0;0;0;0;0;0;0;0;0;0;0;0;0;0;0;0;0;0;0;0;0;0;0;3;0;1;1;1;2;1;2014-10-25 13:00:00;985;0;44;8;12;0;-1;1;-1;-1;-1;-1;-1;-1;0;3;3;3;3;6;-1;0;0;0;0;0;0;0;0;0;0;0;0;0;1;1;0;0;-1;-1;0;0;-1;-1;-1;-1;-1;-1;-1;-1;-1;0;20;45;72;96;17;84;76;28;0;0;3.5;2.33;B36;HB;1.93;2.15;2.08;2.08;2.35;2.19;100;80;56;28;4;0;0;0;0;0;0;1165;27;Y;Y;Y;N;N;N;Y
342877;6875;6872;2014;complete;2437;27;-1;90;17,78;1;2;3;-1;-1;-1;-1;-1;-1;-1;-1;-1;-1;-1;-1;-1;-1;-1;-1;-1;-1;-1;-1;-1;0;0;0;0;0;0;0;0;0;0;0;0;0;0;0;0;0;0;0;0;0;0;0;0;0;0;0;0;0;0;0;0;0;0;0;0;0;0;0;0;0;0;0;0;0;0;0;0;0;0;0;0;0;0;0;0;0;0;0;0;0;0;0;0;0;0;0;0;3;0;1;1;1;2;1;2014-10-25 13:00:00;6872;0;37;20;9;0;-1;-1;-1;-1;-1;-1;-1;-1;-1;-1;-1;-1;-1;-1;-1;0;0;0;0;0;0;0;0;0;0;0;0;0;1;1;0;0;-1;-1;-1;-1;-1;-1;-1;-1;-1;-1;-1;-1;-1;16;28;53;85;92;48;80;80;37;0;0;4.5;2.9;AB;Skála;0.77;0.36;0.83;0.15;0.96;0.54;84;72;48;16;8;0;0;0;0;0;0;1165;27;Y;Y;Y;N;N;N;Y
342878;5415;6876;2014;complete;2437;27;-1;4,50,51,87;42,57;4;2;6;-1;-1;-1;-1;-1;3;3;0;0;-1;-1;-1;-1;-1;-1;-1;-1;-1;-1;3;3;0;0;0;0;0;0;0;0;0;0;0;0;0;0;0;0;0;0;0;0;0;0;0;0;0;0;0;0;0;0;0;0;0;0;0;0;0;0;0;0;0;0;0;0;0;0;0;0;0;0;0;0;0;0;0;0;0;0;0;0;0;0;0;0;0;0;0;0;6;1;1;3;1;4;2;2014-10-25 13:00:00;5415;0;56;37;24;0;-1;1;-1;-1;-1;-1;-1;-1;1;1;2;2;2;4;-1;0;0;0;0;0;0;0;0;0;0;0;0;0;1;1;1;0;-1;-1;0;0;-1;-1;-1;-1;-1;-1;-1;-1;-1;12;40;56;89;100;57;88;76;37;0;0;4.42;3.04;NSÍ;ÍF;1.64;0.77;1.54;0.83;1.42;1.08;89;60;44;12;0;0;0;0;0;0;0;1165;27;Y;Y;Y;Y;Y;Y;Y
342879;1211;6878;2014;complete;2437;27;-1;14,33,79;71;3;1;4;-1;-1;-1;-1;-1;-1;-1;-1;-1;-1;-1;-1;-1;-1;-1;-1;-1;-1;-1;-1;-1;0;0;0;0;0;0;0;0;0;0;0;0;0;0;0;0;0;0;0;0;0;0;0;0;0;0;0;0;0;0;0;0;0;0;0;0;0;0;0;0;0;0;0;0;0;0;0;0;0;0;0;0;0;0;0;0;0;0;0;0;0;0;0;0;0;0;0;0;4;2;0;1;1;2;2;2014-10-25 13:00:00;1211;0;41;13;13;0;-1;-1;-1;-1;-1;-1;-1;-1;-1;-1;-1;-1;-1;-1;-1;0;0;0;0;0;0;0;0;0;0;0;0;0;1;1;0;0;-1;-1;-1;-1;-1;-1;-1;-1;-1;-1;-1;-1;-1;20;28;56;76;92;37;72;84;44;0;0;3.52;2.85;Víkingur;B68;1.77;0.36;1.67;0.38;1.77;0.65;80;72;44;24;8;0;0;0;0;0;0;1165;27;Y;Y;Y;Y;N;N;Y
