ID;HOMEID;AWAYID;SEASON;STATUS;ROUNDID;GAME_WEEK;REVISED_GAME_WEEK;HOMEGOALS;AWAYGOALS;HOMEGOALCOUNT;AWAYGOALCOUNT;TOTALGOALCOUNT;TEAM_A_CORNERS;TEAM_B_CORNERS;TOTALCORNERCOUNT;TEAM_A_OFFSIDES;TEAM_B_OFFSIDES;TEAM_A_YELLOW_CARDS;TEAM_B_YELLOW_CARDS;TEAM_A_RED_CARDS;TEAM_B_RED_CARDS;TEAM_A_SHOTSONTARGET;TEAM_B_SHOTSONTARGET;TEAM_A_SHOTSOFFTARGET;TEAM_B_SHOTSOFFTARGET;TEAM_A_SHOTS;TEAM_B_SHOTS;TEAM_A_FOULS;TEAM_B_FOULS;TEAM_A_POSSESSION;TEAM_B_POSSESSION;TEAM_A_CARDS_NUM;TEAM_B_CARDS_NUM;ODDS_FT_1;ODDS_FT_X;ODDS_FT_2;ODDS_FT_OVER05;ODDS_FT_OVER15;ODDS_FT_OVER25;ODDS_FT_OVER35;ODDS_FT_OVER45;ODDS_FT_UNDER05;ODDS_FT_UNDER15;ODDS_FT_UNDER25;ODDS_FT_UNDER35;ODDS_FT_UNDER45;ODDS_BTTS_YES;ODDS_BTTS_NO;ODDS_TEAM_A_CS_YES;ODDS_TEAM_A_CS_NO;ODDS_TEAM_B_CS_YES;ODDS_TEAM_B_CS_NO;ODDS_DOUBLECHANCE_1X;ODDS_DOUBLECHANCE_12;ODDS_DOUBLECHANCE_X2;ODDS_1ST_HALF_RESULT_1;ODDS_1ST_HALF_RESULT_X;ODDS_1ST_HALF_RESULT_2;ODDS_2ND_HALF_RESULT_1;ODDS_2ND_HALF_RESULT_X;ODDS_2ND_HALF_RESULT_2;ODDS_DNB_1;ODDS_DNB_2;ODDS_CORNERS_OVER_75;ODDS_CORNERS_OVER_85;ODDS_CORNERS_OVER_95;ODDS_CORNERS_OVER_105;ODDS_CORNERS_OVER_115;ODDS_CORNERS_UNDER_75;ODDS_CORNERS_UNDER_85;ODDS_CORNERS_UNDER_95;ODDS_CORNERS_UNDER_105;ODDS_CORNERS_UNDER_115;ODDS_CORNERS_1;ODDS_CORNERS_X;ODDS_CORNERS_2;ODDS_TEAM_TO_SCORE_FIRST_1;ODDS_TEAM_TO_SCORE_FIRST_X;ODDS_TEAM_TO_SCORE_FIRST_2;ODDS_WIN_TO_NIL_1;ODDS_WIN_TO_NIL_2;ODDS_1ST_HALF_OVER05;ODDS_1ST_HALF_OVER15;ODDS_1ST_HALF_OVER25;ODDS_1ST_HALF_OVER35;ODDS_1ST_HALF_UNDER05;ODDS_1ST_HALF_UNDER15;ODDS_1ST_HALF_UNDER25;ODDS_1ST_HALF_UNDER35;ODDS_2ND_HALF_OVER05;ODDS_2ND_HALF_OVER15;ODDS_2ND_HALF_OVER25;ODDS_2ND_HALF_OVER35;ODDS_2ND_HALF_UNDER05;ODDS_2ND_HALF_UNDER15;ODDS_2ND_HALF_UNDER25;ODDS_2ND_HALF_UNDER35;ODDS_BTTS_1ST_HALF_YES;ODDS_BTTS_1ST_HALF_NO;ODDS_BTTS_2ND_HALF_YES;ODDS_BTTS_2ND_HALF_NO;OVERALLGOALCOUNT;HT_GOALS_TEAM_A;HT_GOALS_TEAM_B;GOALS_2HG_TEAM_A;GOALS_2HG_TEAM_B;GOALCOUNT_2HG;HTGOALCOUNT;DATE_UNIX;WINNINGTEAM;NO_HOME_AWAY;BTTS_POTENTIAL;BTTS_FHG_POTENTIAL;BTTS_2HG_POTENTIAL;GOALTIMINGDISABLED;CORNER_TIMINGS_RECORDED;CARD_TIMINGS_RECORDED;TEAM_A_FH_CORNERS;TEAM_B_FH_CORNERS;TEAM_A_2H_CORNERS;TEAM_B_2H_CORNERS;CORNER_FH_COUNT;CORNER_2H_COUNT;TEAM_A_FH_CARDS;TEAM_B_FH_CARDS;TEAM_A_2H_CARDS;TEAM_B_2H_CARDS;TOTAL_FH_CARDS;TOTAL_2H_CARDS;ATTACKS_RECORDED;TEAM_A_DANGEROUS_ATTACKS;TEAM_B_DANGEROUS_ATTACKS;TEAM_A_ATTACKS;TEAM_B_ATTACKS;TEAM_A_XG;TEAM_B_XG;TOTAL_XG;TEAM_A_PENALTIES_WON;TEAM_B_PENALTIES_WON;TEAM_A_PENALTY_GOALS;TEAM_B_PENALTY_GOALS;TEAM_A_PENALTY_MISSED;TEAM_B_PENALTY_MISSED;PENS_RECORDED;GOAL_TIMINGS_RECORDED;TEAM_A_0_10_MIN_GOALS;TEAM_B_0_10_MIN_GOALS;TEAM_A_CORNERS_0_10_MIN;TEAM_B_CORNERS_0_10_MIN;TEAM_A_CARDS_0_10_MIN;TEAM_B_CARDS_0_10_MIN;THROWINS_RECORDED;TEAM_A_THROWINS;TEAM_B_THROWINS;FREEKICKS_RECORDED;TEAM_A_FREEKICKS;TEAM_B_FREEKICKS;GOALKICKS_RECORDED;TEAM_A_GOALKICKS;TEAM_B_GOALKICKS;O45_POTENTIAL;O35_POTENTIAL;O25_POTENTIAL;O15_POTENTIAL;O05_POTENTIAL;O15HT_POTENTIAL;O05HT_POTENTIAL;O05_2H_POTENTIAL;O15_2H_POTENTIAL;CORNERS_POTENTIAL;OFFSIDES_POTENTIAL;CARDS_POTENTIAL;AVG_POTENTIAL;HOME_NAME;AWAY_NAME;HOME_PPG;AWAY_PPG;PRE_MATCH_HOME_PPG;PRE_MATCH_AWAY_PPG;PRE_MATCH_TEAMA_OVERALL_PPG;PRE_MATCH_TEAMB_OVERALL_PPG;U45_POTENTIAL;U35_POTENTIAL;U25_POTENTIAL;U15_POTENTIAL;U05_POTENTIAL;CORNERS_O85_POTENTIAL;CORNERS_O95_POTENTIAL;CORNERS_O105_POTENTIAL;TEAM_A_XG_PREMATCH;TEAM_B_XG_PREMATCH;TOTAL_XG_PREMATCH;COMPETITION_ID;MATCHES_COMPLETED_MINIMUM;OVER05;OVER15;OVER25;OVER35;OVER45;OVER55;BTTS
341228;6875;6874;2018;complete;2424;1;-1;57;31;1;1;2;-1;-1;-1;-1;-1;3;4;0;0;-1;-1;-1;-1;-1;-1;-1;-1;-1;-1;3;4;0;0;0;0;0;0;0;0;0;0;0;0;0;0;0;0;0;0;0;0;0;0;0;0;0;0;0;0;0;0;0;0;0;0;0;0;0;0;0;0;0;0;0;0;0;0;0;0;0;0;0;0;0;0;0;0;0;0;0;0;0;0;0;0;0;0;0;0;2;0;1;1;0;1;1;2018-03-11 15:00:00;-1;0;0;0;0;0;-1;1;-1;-1;-1;-1;-1;-1;1;0;2;4;1;6;-1;0;0;0;0;0;0;0;0;0;0;0;0;0;1;1;0;0;-1;-1;1;0;-1;-1;-1;-1;-1;-1;-1;-1;-1;0;0;0;0;0;0;0;0;0;0;0;0;0;AB;07 Vestur;0.57;0.5;0;0;0;0;0;0;0;0;0;0;0;0;0;0;0;1152;27;Y;Y;N;N;N;N;Y
341229;985;5404;2018;complete;2424;1;-1;;22,60,64;0;3;3;6;7;13;0;2;1;4;0;0;4;9;4;2;8;11;14;17;54;46;1;4;0;0;0;0;0;0;0;0;0;0;0;0;0;0;0;0;0;0;0;0;0;0;0;0;0;0;0;0;0;0;0;0;0;0;0;0;0;0;0;0;0;0;0;0;0;0;0;0;0;0;0;0;0;0;0;0;0;0;0;0;0;0;0;0;0;0;0;0;3;0;1;0;2;2;1;2018-03-11 15:00:00;5404;0;0;0;0;0;-1;1;-1;-1;-1;-1;-1;-1;0;2;1;2;2;3;1;0;0;0;0;1.26;1.69;2.95;0;0;0;0;0;0;1;1;0;0;-1;-1;0;1;-1;-1;-1;-1;-1;-1;-1;-1;-1;0;0;0;0;0;0;0;0;0;0;0;0;0;HB;KÍ;2.54;1.79;0;0;0;0;0;0;0;0;0;0;0;0;0;0;0;1152;27;Y;Y;Y;N;N;N;N
341230;997;66;2018;complete;2424;1;-1;47,57,83;26,58;3;2;5;-1;-1;-1;-1;-1;3;2;0;0;-1;-1;-1;-1;-1;-1;-1;-1;-1;-1;3;2;0;0;0;0;0;0;0;0;0;0;0;0;0;0;0;0;0;0;0;0;0;0;0;0;0;0;0;0;0;0;0;0;0;0;0;0;0;0;0;0;0;0;0;0;0;0;0;0;0;0;0;0;0;0;0;0;0;0;0;0;0;0;0;0;0;0;0;0;5;0;1;3;1;4;1;2018-03-11 15:00:00;997;0;0;0;0;0;-1;1;-1;-1;-1;-1;-1;-1;0;0;3;2;0;5;-1;0;0;0;0;0;0;0;1;0;1;0;0;0;1;1;0;0;-1;-1;0;0;-1;-1;-1;-1;-1;-1;-1;-1;-1;0;0;0;0;0;0;0;0;0;0;0;0;0;EB - Streymur;B36;0.93;1.71;0;0;0;0;0;0;0;0;0;0;0;0;0;0;0;1152;27;Y;Y;Y;Y;Y;N;Y
341231;6873;5415;2018;complete;2424;1;-1;;17,21,72,90;0;4;4;-1;-1;-1;-1;-1;1;2;0;0;-1;-1;-1;-1;-1;-1;-1;-1;-1;-1;1;2;0;0;0;0;0;0;0;0;0;0;0;0;0;0;0;0;0;0;0;0;0;0;0;0;0;0;0;0;0;0;0;0;0;0;0;0;0;0;0;0;0;0;0;0;0;0;0;0;0;0;0;0;0;0;0;0;0;0;0;0;0;0;0;0;0;0;0;0;4;0;2;0;2;2;2;2018-03-11 15:00:00;5415;0;0;0;0;0;-1;1;-1;-1;-1;-1;-1;-1;1;1;0;1;2;1;-1;0;0;0;0;0;0;0;0;0;0;0;0;0;1;1;0;0;-1;-1;0;0;-1;-1;-1;-1;-1;-1;-1;-1;-1;0;0;0;0;0;0;0;0;0;0;0;0;0;TB / FCS / Royn;NSÍ;1;2.21;0;0;0;0;0;0;0;0;0;0;0;0;0;0;0;1152;27;Y;Y;Y;Y;N;N;N
341232;1211;6872;2018;complete;2424;1;-1;58;;1;0;1;-1;-1;-1;-1;-1;3;0;0;0;-1;-1;-1;-1;-1;-1;-1;-1;-1;-1;3;0;0;0;0;0;0;0;0;0;0;0;0;0;0;0;0;0;0;0;0;0;0;0;0;0;0;0;0;0;0;0;0;0;0;0;0;0;0;0;0;0;0;0;0;0;0;0;0;0;0;0;0;0;0;0;0;0;0;0;0;0;0;0;0;0;0;0;0;0;1;0;0;1;0;1;0;2018-03-11 15:00:00;1211;0;0;0;0;0;-1;1;-1;-1;-1;-1;-1;-1;1;0;2;0;1;2;-1;0;0;0;0;0;0;0;0;0;0;0;0;0;1;1;0;0;-1;-1;0;0;-1;-1;-1;-1;-1;-1;-1;-1;-1;0;0;0;0;0;0;0;0;0;0;0;0;0;Víkingur;Skála;1.29;0.69;0;0;0;0;0;0;0;0;0;0;0;0;0;0;0;1152;27;Y;N;N;N;N;N;N
341233;985;1211;2018;complete;2424;2;-1;29,77;20;2;1;3;2;2;4;-1;-1;4;3;0;0;8;6;8;4;16;10;-1;-1;52;48;4;3;0;0;0;0;0;0;0;0;0;0;0;0;0;0;0;0;0;0;0;0;0;0;0;0;0;0;0;0;0;0;0;0;0;0;0;0;0;0;0;0;0;0;0;0;0;0;0;0;0;0;0;0;0;0;0;0;0;0;0;0;0;0;0;0;0;0;0;0;3;1;1;1;0;1;2;2018-03-17 15:00:00;985;0;0;0;0;0;1;1;0;1;2;1;1;3;2;1;2;2;3;4;1;0;0;0;0;1.91;1.46;3.38;0;0;0;0;0;0;1;1;0;0;0;0;0;0;-1;-1;-1;-1;-1;-1;-1;-1;-1;0;0;50;50;50;0;50;50;50;6;0;1;1.5;HB;Víkingur;2.54;1.62;0;0;0;3;50;50;0;0;0;50;50;50;1.26;0;1.26;1152;27;Y;Y;Y;N;N;N;Y
341234;6874;6873;2018;complete;2424;2;-1;7;25,90;1;2;3;-1;-1;-1;-1;-1;4;1;0;0;-1;-1;-1;-1;-1;-1;-1;-1;-1;-1;4;1;0;0;0;0;0;0;0;0;0;0;0;0;0;0;0;0;0;0;0;0;0;0;0;0;0;0;0;0;0;0;0;0;0;0;0;0;0;0;0;0;0;0;0;0;0;0;0;0;0;0;0;0;0;0;0;0;0;0;0;0;0;0;0;0;0;0;0;0;3;1;1;0;1;1;2;2018-03-17 16:00:00;6873;0;0;0;0;0;-1;1;-1;-1;-1;-1;-1;-1;1;0;3;1;1;4;-1;0;0;0;0;0;0;0;0;2;0;2;0;0;1;1;1;0;-1;-1;1;0;-1;-1;-1;-1;-1;-1;-1;-1;-1;0;0;0;0;0;0;0;0;0;0;0;0;0;07 Vestur;TB / FCS / Royn;0.77;1.08;0;0;1;0;0;0;0;0;0;0;0;0;0;0;0;1152;27;Y;Y;Y;N;N;N;Y
341235;5415;5404;2018;complete;2424;2;-1;;9;0;1;1;-1;-1;-1;-1;-1;2;2;0;0;-1;-1;-1;-1;-1;-1;-1;-1;-1;-1;2;2;0;0;0;0;0;0;0;0;0;0;0;0;0;0;0;0;0;0;0;0;0;0;0;0;0;0;0;0;0;0;0;0;0;0;0;0;0;0;0;0;0;0;0;0;0;0;0;0;0;0;0;0;0;0;0;0;0;0;0;0;0;0;0;0;0;0;0;0;1;0;1;0;0;0;1;2018-03-17 16:00:00;5404;0;0;0;0;0;-1;1;-1;-1;-1;-1;-1;-1;1;1;1;1;2;2;-1;0;0;0;0;0;0;0;0;0;0;0;0;0;1;1;0;1;-1;-1;0;0;-1;-1;-1;-1;-1;-1;-1;-1;-1;0;0;50;50;50;0;50;50;50;7;2;4;1.5;NSÍ;KÍ;1.85;1.79;0;3;3;3;50;50;0;0;0;50;50;50;0;1.69;1.69;1152;27;Y;N;N;N;N;N;N
341236;6872;66;2018;complete;2424;2;-1;;47,49;0;2;2;-1;-1;-1;-1;-1;1;2;0;0;-1;-1;-1;-1;-1;-1;-1;-1;-1;-1;1;2;0;0;0;0;0;0;0;0;0;0;0;0;0;0;0;0;0;0;0;0;0;0;0;0;0;0;0;0;0;0;0;0;0;0;0;0;0;0;0;0;0;0;0;0;0;0;0;0;0;0;0;0;0;0;0;0;0;0;0;0;0;0;0;0;0;0;0;0;2;0;0;0;2;2;0;2018-03-17 16:00:00;66;0;50;0;50;0;-1;1;-1;-1;-1;-1;-1;-1;1;1;0;1;2;1;-1;0;0;0;0;0;0;0;0;0;0;0;0;0;1;1;0;0;-1;-1;0;0;-1;-1;-1;-1;-1;-1;-1;-1;-1;50;50;50;50;50;0;50;50;50;0;0;2;2.5;Skála;B36;1.43;1.71;0;0;0;0;0;0;0;0;0;0;0;0;0;0;0;1152;27;Y;Y;N;N;N;N;N
341237;997;6875;2018;complete;2424;2;-1;;;0;0;0;-1;-1;-1;-1;-1;3;2;0;0;-1;-1;-1;-1;-1;-1;-1;-1;-1;-1;3;2;0;0;0;0;0;0;0;0;0;0;0;0;0;0;0;0;0;0;0;0;0;0;0;0;0;0;0;0;0;0;0;0;0;0;0;0;0;0;0;0;0;0;0;0;0;0;0;0;0;0;0;0;0;0;0;0;0;0;0;0;0;0;0;0;0;0;0;0;0;0;0;0;0;0;0;2018-03-17 17:00:00;-1;0;50;0;50;0;-1;1;-1;-1;-1;-1;-1;-1;1;0;2;2;1;4;-1;0;0;0;0;0;0;0;0;0;0;0;0;0;1;1;0;0;-1;-1;0;0;-1;-1;-1;-1;-1;-1;-1;-1;-1;50;50;50;50;50;0;50;50;50;0;0;3;2.5;EB - Streymur;AB;0.93;0.77;3;0;3;1;0;0;0;0;0;0;0;0;0;0;0;1152;27;N;N;N;N;N;N;N
341238;6874;997;2018;complete;2424;3;-1;;7,34,41;0;3;3;-1;-1;-1;-1;-1;2;3;0;0;-1;-1;-1;-1;-1;-1;-1;-1;-1;-1;2;3;0;0;0;0;0;0;0;0;0;0;0;0;0;0;0;0;0;0;0;0;0;0;0;0;0;0;0;0;0;0;0;0;0;0;0;0;0;0;0;0;0;0;0;0;0;0;0;0;0;0;0;0;0;0;0;0;0;0;0;0;0;0;0;0;0;0;0;0;3;0;3;0;0;0;3;2018-04-02 14:00:00;997;0;50;50;0;0;-1;1;-1;-1;-1;-1;-1;-1;0;3;2;0;3;2;-1;0;0;0;0;0;0;0;0;0;0;0;0;0;1;1;0;1;-1;-1;0;1;-1;-1;-1;-1;-1;-1;-1;-1;-1;0;0;50;50;50;50;50;50;0;0;0;4;1.5;07 Vestur;EB - Streymur;0.77;0.62;0;0;0.5;2;50;50;0;0;0;0;0;0;0;0;0;1152;27;Y;Y;Y;N;N;N;N
341239;6873;5404;2018;complete;2424;3;-1;;24;0;1;1;-1;-1;-1;-1;-1;2;0;0;0;-1;-1;-1;-1;-1;-1;-1;-1;-1;-1;2;0;0;0;0;0;0;0;0;0;0;0;0;0;0;0;0;0;0;0;0;0;0;0;0;0;0;0;0;0;0;0;0;0;0;0;0;0;0;0;0;0;0;0;0;0;0;0;0;0;0;0;0;0;0;0;0;0;0;0;0;0;0;0;0;0;0;0;0;0;1;0;1;0;0;0;1;2018-04-02 14:00:00;5404;0;0;0;0;0;-1;1;-1;-1;-1;-1;-1;-1;0;0;2;0;0;2;-1;0;0;0;0;0;0;0;0;0;0;0;0;0;1;1;0;0;-1;-1;0;0;-1;-1;-1;-1;-1;-1;-1;-1;-1;0;50;75;75;100;50;100;75;75;7;0;4;3;TB / FCS / Royn;KÍ;1;1.79;0;3;1.5;3;100;50;25;25;0;50;50;50;0;1.69;1.69;1152;27;Y;N;N;N;N;N;N
341240;66;985;2018;complete;2424;3;-1;29;53;1;1;2;11;3;14;-1;-1;2;3;0;0;6;6;4;6;10;12;-1;-1;53;47;2;3;0;0;0;0;0;0;0;0;0;0;0;0;0;0;0;0;0;0;0;0;0;0;0;0;0;0;0;0;0;0;0;0;0;0;0;0;0;0;0;0;0;0;0;0;0;0;0;0;0;0;0;0;0;0;0;0;0;0;0;0;0;0;0;0;0;0;0;0;2;1;0;0;1;1;1;2018-04-02 14:00:00;-1;0;0;0;0;0;1;1;3;2;8;1;5;9;1;0;1;3;1;4;1;0;0;0;0;1.56;1.37;2.93;0;0;0;0;0;0;1;1;0;0;0;0;0;0;-1;-1;-1;-1;-1;-1;-1;-1;-1;0;0;0;0;0;0;0;0;0;0;0;0;0;B36;HB;2.23;2.86;0;0;1.5;1.5;0;0;0;0;0;0;0;0;0;0;0;1152;27;Y;Y;N;N;N;N;Y
341241;1211;5415;2018;complete;2424;3;-1;56;8,32;1;2;3;-1;-1;-1;-1;-1;3;3;1;0;-1;-1;-1;-1;-1;-1;-1;-1;-1;-1;4;3;0;0;0;0;0;0;0;0;0;0;0;0;0;0;0;0;0;0;0;0;0;0;0;0;0;0;0;0;0;0;0;0;0;0;0;0;0;0;0;0;0;0;0;0;0;0;0;0;0;0;0;0;0;0;0;0;0;0;0;0;0;0;0;0;0;0;0;0;3;0;2;1;0;1;2;2018-04-02 16:00:00;5415;0;0;0;0;0;-1;1;-1;-1;-1;-1;-1;-1;2;1;2;2;3;4;-1;0;0;0;0;0;0;0;0;0;0;0;0;0;1;1;0;1;-1;-1;0;0;-1;-1;-1;-1;-1;-1;-1;-1;-1;0;50;50;50;100;50;50;100;50;0;0;5;2.5;Víkingur;NSÍ;1.29;2.21;3;3;1.5;1.5;100;50;50;50;0;0;0;0;0;0;0;1152;27;Y;Y;Y;N;N;N;Y
341242;6875;6872;2018;complete;2424;3;-1;;13,37;0;2;2;14;3;17;-1;-1;1;3;0;1;2;6;12;3;14;9;-1;-1;49;51;1;4;0;0;0;0;0;0;0;0;0;0;0;0;0;0;0;0;0;0;0;0;0;0;0;0;0;0;0;0;0;0;0;0;0;0;0;0;0;0;0;0;0;0;0;0;0;0;0;0;0;0;0;0;0;0;0;0;0;0;0;0;0;0;0;0;0;0;0;0;2;0;2;0;0;0;2;2018-04-02 16:15:00;6872;0;50;0;0;0;1;1;7;0;7;3;7;10;1;1;0;3;2;3;1;0;0;0;0;1.57;1.32;2.89;0;0;0;0;0;0;1;1;0;0;1;0;0;1;-1;-1;-1;-1;-1;-1;-1;-1;-1;0;0;0;50;100;0;50;100;0;0;0;3;1.5;AB;Skála;0.57;0.69;1;0;1;0;100;100;100;50;0;0;0;0;0;0;0;1152;27;Y;Y;N;N;N;N;N
341243;6872;6873;2018;complete;2424;4;-1;4,81,86;;3;0;3;6;2;8;-1;-1;0;1;0;0;9;4;6;7;15;11;-1;-1;48;52;0;1;1.8;3.7;3.4;0;0;0;0;0;0;0;0;0;0;0;0;0;0;0;0;0;0;0;0;0;0;0;0;0;0;0;0;0;0;0;0;0;0;0;0;0;0;0;0;0;0;0;0;0;0;0;0;0;0;0;0;0;0;0;0;0;0;0;0;0;0;0;0;0;3;1;0;2;0;2;1;2018-04-07 16:30:00;6872;0;50;50;0;0;1;1;5;0;1;2;5;3;0;0;0;1;0;1;1;0;0;0;0;2.07;1.5;3.57;0;0;0;0;0;0;1;1;1;0;3;0;0;0;-1;-1;-1;-1;-1;-1;-1;-1;-1;0;0;50;100;100;50;50;100;50;0;0;2;2.5;Skála;TB / FCS / Royn;1.43;1.08;0;3;1;1;100;100;50;0;0;0;0;0;0;0;0;1152;27;Y;Y;Y;N;N;N;N
341244;997;985;2018;complete;2424;4;-1;;65;0;1;1;9;5;14;3;2;0;6;0;0;6;5;3;5;9;10;15;16;44;56;0;6;4;4;1.61;0;0;0;0;0;0;0;0;0;0;0;0;0;0;0;0;0;0;0;0;0;0;0;0;0;0;0;0;0;0;0;0;0;0;0;0;0;0;0;0;0;0;0;0;0;0;0;0;0;0;0;0;0;0;0;0;0;0;0;0;0;0;0;0;0;1;0;0;0;1;1;0;2018-04-08 15:00:00;985;0;75;0;25;0;1;1;2;3;7;2;5;9;0;3;0;3;3;3;1;0;0;0;0;1.22;1.33;2.55;0;0;0;0;0;0;1;1;0;0;1;1;0;0;-1;-1;-1;-1;-1;-1;-1;-1;-1;25;25;25;75;75;0;75;75;25;3;0;6;2.25;EB - Streymur;HB;0.93;2.86;2;1;2.33;1.33;75;75;75;25;25;50;50;50;0;1.37;1.37;1152;27;Y;N;N;N;N;N;N
341245;5404;6875;2018;complete;2424;4;-1;-1,-1,-1;-1;3;1;4;11;1;12;-1;-1;-1;-1;-1;-1;10;3;5;0;15;3;-1;-1;48;52;-1;-1;1.26;5.25;7.25;0;0;0;0;0;0;0;0;0;0;0;0;0;0;0;0;0;0;0;0;0;0;0;0;0;0;0;0;0;0;0;0;0;0;0;0;0;0;0;0;0;0;0;0;0;0;0;0;0;0;0;0;0;0;0;0;0;0;0;0;0;0;0;0;0;4;0;0;0;0;0;0;2018-04-08 15:00:00;5404;0;0;0;0;1;1;-1;0;0;0;1;0;1;-1;-1;-1;-1;-1;-1;1;0;0;0;0;2.37;0.74;3.11;-1;-1;-1;-1;-1;-1;-1;-1;-1;-1;0;0;-1;-1;-1;-1;-1;-1;-1;-1;-1;-1;-1;0;0;0;0;0;0;0;0;0;0;0;2;0;KÍ;AB;2;0.77;0;1;3;0.67;50;50;50;50;50;0;0;0;0;0;0;1152;27;Y;Y;Y;Y;N;N;Y
341246;1211;66;2018;complete;2424;4;-1;-1,-1;-1;2;1;3;-1;-1;-1;-1;-1;-1;-1;-1;-1;-1;-1;-1;-1;-1;-1;-1;-1;-1;-1;-1;-1;1.91;3.7;3;0;0;0;0;0;0;0;0;0;0;0;0;0;0;0;0;0;0;0;0;0;0;0;0;0;0;0;0;0;0;0;0;0;0;0;0;0;0;0;0;0;0;0;0;0;0;0;0;0;0;0;0;0;0;0;0;0;0;0;0;0;0;0;0;0;3;0;0;0;0;0;0;2018-04-08 14:00:00;1211;0;50;0;25;1;-1;-1;-1;-1;-1;-1;-1;-1;-1;-1;-1;-1;-1;-1;-1;0;0;0;0;0;0;0;-1;-1;-1;-1;-1;-1;-1;-1;-1;-1;-1;-1;-1;-1;-1;-1;-1;-1;-1;-1;-1;-1;-1;25;25;50;75;100;25;50;100;50;0;0;5.5;2.75;Víkingur;B36;1.29;1.71;1.5;1.5;1;1.33;75;75;50;25;0;0;0;0;0;0;0;1152;27;Y;Y;Y;N;N;N;Y
341247;5415;6874;2018;complete;2424;4;-1;-1,-1,-1;-1;3;1;4;-1;-1;-1;-1;-1;-1;-1;-1;-1;-1;-1;-1;-1;-1;-1;-1;-1;-1;-1;-1;-1;1.15;6.6;10.25;0;0;0;0;0;0;0;0;0;0;0;0;0;0;0;0;0;0;0;0;0;0;0;0;0;0;0;0;0;0;0;0;0;0;0;0;0;0;0;0;0;0;0;0;0;0;0;0;0;0;0;0;0;0;0;0;0;0;0;0;0;0;0;0;0;4;0;0;0;0;0;0;2018-04-08 14:00:00;5415;0;50;0;0;1;-1;-1;-1;-1;-1;-1;-1;-1;-1;-1;-1;-1;-1;-1;-1;0;0;0;0;0;0;0;-1;-1;-1;-1;-1;-1;-1;-1;-1;-1;-1;-1;-1;-1;-1;-1;-1;-1;-1;-1;-1;-1;-1;0;0;0;50;100;0;100;50;0;0;0;6;1.5;NSÍ;07 Vestur;1.85;0.5;0;1;2;0.33;100;100;100;50;0;0;0;0;0;0;0;1152;27;Y;Y;Y;Y;N;N;Y
341248;6875;1211;2018;complete;2424;5;-1;16;53,86;1;2;3;6;9;15;-1;-1;1;3;0;0;7;5;2;10;9;15;-1;-1;48;52;1;3;5.85;4.4;1.37;0;0;0;0;0;0;0;0;0;0;0;0;0;0;0;0;0;0;0;0;0;0;0;0;0;0;0;0;0;0;0;0;0;0;0;0;0;0;0;0;0;0;0;0;0;0;0;0;0;0;0;0;0;0;0;0;0;0;0;0;0;0;0;0;0;3;1;0;0;2;2;1;2018-04-12 17:00:00;1211;0;75;50;0;0;1;1;0;6;6;3;6;9;0;0;1;3;0;4;1;0;0;0;0;1.55;1.94;3.49;0;0;0;0;0;0;1;1;0;0;0;1;0;0;-1;-1;-1;-1;-1;-1;-1;-1;-1;0;0;50;100;100;75;100;75;0;16;0;5;2.5;AB;Víkingur;0.57;1.62;0.5;0;0.5;1.5;100;100;50;0;0;50;50;50;1.57;1.46;3.03;1152;27;Y;Y;Y;N;N;N;Y
341249;997;5415;2018;complete;2424;5;-1;-1,-1;-1,-1;2;2;4;-1;-1;-1;-1;-1;-1;-1;-1;-1;-1;-1;-1;-1;-1;-1;-1;-1;-1;-1;-1;-1;5.5;4.65;1.36;0;0;0;0;0;0;0;0;0;0;0;0;0;0;0;0;0;0;0;0;0;0;0;0;0;0;0;0;0;0;0;0;0;0;0;0;0;0;0;0;0;0;0;0;0;0;0;0;0;0;0;0;0;0;0;0;0;0;0;0;0;0;0;0;0;4;0;0;0;0;0;0;2018-04-12 18:00:00;-1;0;42;0;17;1;-1;-1;-1;-1;-1;-1;-1;-1;-1;-1;-1;-1;-1;-1;-1;0;0;0;0;0;0;0;-1;-1;-1;-1;-1;-1;-1;-1;-1;-1;-1;-1;-1;-1;-1;-1;-1;-1;-1;-1;-1;-1;-1;17;42;67;67;84;50;67;84;42;9;0;4.5;2.75;EB - Streymur;NSÍ;0.93;2.21;1.33;3;1.75;2.25;84;59;34;34;17;50;50;50;1.22;0;1.22;1152;27;Y;Y;Y;Y;N;N;Y
341250;66;6873;2018;complete;2424;5;-1;-1;;1;0;1;-1;-1;-1;-1;-1;-1;-1;-1;-1;-1;-1;-1;-1;-1;-1;-1;-1;-1;-1;-1;-1;0;0;0;0;0;0;0;0;0;0;0;0;0;0;0;0;0;0;0;0;0;0;0;0;0;0;0;0;0;0;0;0;0;0;0;0;0;0;0;0;0;0;0;0;0;0;0;0;0;0;0;0;0;0;0;0;0;0;0;0;0;0;0;0;0;0;0;0;1;0;0;0;0;0;0;2018-04-12 17:00:00;66;0;75;25;0;1;-1;-1;-1;-1;-1;-1;-1;-1;-1;-1;-1;-1;-1;-1;-1;0;0;0;0;0;0;0;-1;-1;-1;-1;-1;-1;-1;-1;-1;-1;-1;-1;-1;-1;-1;-1;-1;-1;-1;-1;-1;-1;-1;0;0;50;100;100;25;100;100;25;13;0;3;2.5;B36;TB / FCS / Royn;2.23;1.08;1;1.5;1;0.75;100;100;50;0;0;50;50;50;1.56;1.5;3.06;1152;27;Y;N;N;N;N;N;N
341251;6874;5404;2018;complete;2424;5;-1;-1,-1;-1,-1,-1;2;3;5;-1;-1;-1;-1;-1;-1;-1;-1;-1;-1;-1;-1;-1;-1;-1;-1;-1;-1;-1;-1;-1;7.5;5.15;1.26;0;0;0;0;0;0;0;0;0;0;0;0;0;0;0;0;0;0;0;0;0;0;0;0;0;0;0;0;0;0;0;0;0;0;0;0;0;0;0;0;0;0;0;0;0;0;0;0;0;0;0;0;0;0;0;0;0;0;0;0;0;0;0;0;0;5;0;0;0;0;0;0;2018-04-12 17:00:00;5404;0;25;25;0;1;-1;-1;-1;-1;-1;-1;-1;-1;-1;-1;-1;-1;-1;-1;-1;0;0;0;0;0;0;0;-1;-1;-1;-1;-1;-1;-1;-1;-1;-1;-1;-1;-1;-1;-1;-1;-1;-1;-1;-1;-1;-1;-1;0;0;67;67;100;50;100;42;17;7;0;5;2.34;07 Vestur;KÍ;0.77;1.79;0;3;0.25;3;100;100;34;34;0;50;50;50;0;1.69;1.69;1152;27;Y;Y;Y;Y;Y;N;Y
341252;6872;985;2018;complete;2424;5;-1;;-1,-1,-1;0;3;3;-1;-1;-1;-1;-1;-1;-1;-1;-1;-1;-1;-1;-1;-1;-1;-1;-1;-1;-1;-1;-1;3.7;3.7;1.71;0;0;0;0;0;0;0;0;0;0;0;0;0;0;0;0;0;0;0;0;0;0;0;0;0;0;0;0;0;0;0;0;0;0;0;0;0;0;0;0;0;0;0;0;0;0;0;0;0;0;0;0;0;0;0;0;0;0;0;0;0;0;0;0;0;3;0;0;0;0;0;0;2018-04-12 17:00:00;985;0;25;0;0;1;-1;-1;-1;-1;-1;-1;-1;-1;-1;-1;-1;-1;-1;-1;-1;0;0;0;0;0;0;0;-1;-1;-1;-1;-1;-1;-1;-1;-1;-1;-1;-1;-1;-1;-1;-1;-1;-1;-1;-1;-1;-1;-1;0;0;25;75;100;0;50;100;50;10;0;5;2;Skála;HB;1.43;2.86;1.5;2;1.5;1.75;100;100;75;25;0;50;50;50;2.07;1.35;3.42;1152;27;Y;Y;Y;N;N;N;N
341253;6874;66;2018;complete;2424;6;-1;;-1,-1,-1;0;3;3;-1;-1;-1;-1;-1;-1;-1;-1;-1;-1;-1;-1;-1;-1;-1;-1;-1;-1;-1;-1;-1;6.9;5.4;1.27;0;0;0;0;0;0;0;0;0;0;0;0;0;0;0;0;0;0;0;0;0;0;0;0;0;0;0;0;0;0;0;0;0;0;0;0;0;0;0;0;0;0;0;0;0;0;0;0;0;0;0;0;0;0;0;0;0;0;0;0;0;0;0;0;0;3;0;0;0;0;0;0;2018-04-15 14:00:00;66;0;67;25;25;1;-1;-1;-1;-1;-1;-1;-1;-1;-1;-1;-1;-1;-1;-1;-1;0;0;0;0;0;0;0;-1;-1;-1;-1;-1;-1;-1;-1;-1;-1;-1;-1;-1;-1;-1;-1;-1;-1;-1;-1;-1;-1;-1;33;33;84;100;100;34;50;50;34;0;0;5;3.5;07 Vestur;B36;0.77;1.71;0;1;0.2;1.4;67;67;17;0;0;0;0;0;0;0;0;1152;27;Y;Y;Y;N;N;N;N
341254;6872;5404;2018;complete;2424;6;-1;;;0;0;0;-1;-1;-1;-1;-1;-1;-1;-1;-1;-1;-1;-1;-1;-1;-1;-1;-1;-1;-1;-1;-1;5.35;4.3;1.42;0;0;0;0;0;0;0;0;0;0;0;0;0;0;0;0;0;0;0;0;0;0;0;0;0;0;0;0;0;0;0;0;0;0;0;0;0;0;0;0;0;0;0;0;0;0;0;0;0;0;0;0;0;0;0;0;0;0;0;0;0;0;0;0;0;0;0;0;0;0;0;0;2018-04-15 14:00:00;-1;0;13;0;0;0;-1;-1;-1;-1;-1;-1;-1;-1;-1;-1;-1;-1;-1;-1;-1;0;0;0;0;0;0;0;0;0;0;0;0;0;1;1;0;0;-1;-1;-1;-1;-1;-1;-1;-1;-1;-1;-1;-1;-1;13;13;59;75;100;0;54;46;46;13;0;2.5;2.59;Skála;KÍ;1.43;1.79;1;3;1.2;3;88;88;42;25;0;50;50;50;2.07;1.69;3.76;1152;27;N;N;N;N;N;N;N
341255;5415;985;2018;complete;2424;6;-1;-1;-1,-1;1;2;3;-1;-1;-1;-1;-1;-1;-1;-1;-1;-1;-1;-1;-1;-1;-1;-1;-1;-1;-1;-1;-1;1.8;3.65;3.45;0;0;0;0;0;0;0;0;0;0;0;0;0;0;0;0;0;0;0;0;0;0;0;0;0;0;0;0;0;0;0;0;0;0;0;0;0;0;0;0;0;0;0;0;0;0;0;0;0;0;0;0;0;0;0;0;0;0;0;0;0;0;0;0;0;3;0;0;0;0;0;0;2018-04-15 14:00:00;985;0;42;0;0;1;-1;-1;-1;-1;-1;-1;-1;-1;-1;-1;-1;-1;-1;-1;-1;0;0;0;0;0;0;0;-1;-1;-1;-1;-1;-1;-1;-1;-1;-1;-1;-1;-1;-1;-1;-1;-1;-1;-1;-1;-1;-1;-1;0;25;42;59;100;0;42;34;0;4;0;6.5;2.25;NSÍ;HB;1.85;2.86;1.5;2.33;2;2;100;75;59;42;0;50;50;50;0;1.35;1.35;1152;27;Y;Y;Y;N;N;N;Y
341256;997;1211;2018;complete;2424;6;-1;-1;-1;1;1;2;-1;-1;-1;-1;-1;-1;-1;-1;-1;-1;-1;-1;-1;-1;-1;-1;-1;-1;-1;-1;-1;4.35;3.95;1.57;0;0;0;0;0;0;0;0;0;0;0;0;0;0;0;0;0;0;0;0;0;0;0;0;0;0;0;0;0;0;0;0;0;0;0;0;0;0;0;0;0;0;0;0;0;0;0;0;0;0;0;0;0;0;0;0;0;0;0;0;0;0;0;0;0;2;0;0;0;0;0;0;2018-04-15 14:00:00;-1;0;75;25;17;1;-1;-1;-1;-1;-1;-1;-1;-1;-1;-1;-1;-1;-1;-1;-1;0;0;0;0;0;0;0;-1;-1;-1;-1;-1;-1;-1;-1;-1;-1;-1;-1;-1;-1;-1;-1;-1;-1;-1;-1;-1;-1;-1;13;25;75;75;88;25;63;75;38;14.5;0;5;2.75;EB - Streymur;Víkingur;0.93;1.62;1.25;1.5;1.6;1.8;88;75;25;25;13;75;75;75;1.22;1.7;2.92;1152;27;Y;Y;N;N;N;N;Y
341257;6873;6875;2018;complete;2424;6;-1;;31;0;1;1;4;1;5;-1;-1;2;3;0;0;0;3;10;1;10;4;-1;-1;50;50;2;3;2.55;3.4;2.3;0;0;0;0;0;0;0;0;0;0;0;0;0;0;0;0;0;0;0;0;0;0;0;0;0;0;0;0;0;0;0;0;0;0;0;0;0;0;0;0;0;0;0;0;0;0;0;0;0;0;0;0;0;0;0;0;0;0;0;0;0;0;0;0;0;1;0;1;0;0;0;1;2018-04-15 14:00:00;6875;0;25;0;0;0;1;1;2;1;2;0;3;2;1;1;1;2;2;3;1;0;0;0;0;1.16;0.72;1.87;0;0;0;0;0;0;1;1;0;0;0;0;0;0;-1;-1;-1;-1;-1;-1;-1;-1;-1;0;50;50;50;75;25;50;25;25;1;0;3.5;2.25;TB / FCS / Royn;AB;1;0.77;0;0.5;0.6;0.4;100;50;50;50;25;50;50;50;0;0.74;0.74;1152;27;Y;N;N;N;N;N;N
341258;5415;6872;2018;complete;2424;7;-1;-1;;1;0;1;-1;-1;-1;-1;-1;-1;-1;-1;-1;-1;-1;-1;-1;-1;-1;-1;-1;-1;-1;-1;-1;1.34;4.75;5.75;0;0;0;0;0;0;0;0;0;0;0;0;0;0;0;0;0;0;0;0;0;0;0;0;0;0;0;0;0;0;0;0;0;0;0;0;0;0;0;0;0;0;0;0;0;0;0;0;0;0;0;0;0;0;0;0;0;0;0;0;0;0;0;0;0;1;0;0;0;0;0;0;2018-04-22 15:00:00;5415;0;34;0;0;1;-1;-1;-1;-1;-1;-1;-1;-1;-1;-1;-1;-1;-1;-1;-1;0;0;0;0;0;0;0;-1;-1;-1;-1;-1;-1;-1;-1;-1;-1;-1;-1;-1;-1;-1;-1;-1;-1;-1;-1;-1;-1;-1;0;17;34;59;100;25;42;25;0;3;0;4;2.09;NSÍ;Skála;1.85;0.69;1;1.5;1.67;1.17;100;84;67;42;0;50;50;50;0;1.32;1.32;1152;27;Y;N;N;N;N;N;N
341259;1211;6874;2018;complete;2424;7;-1;-1,-1,-1,-1;-1;4;1;5;-1;-1;-1;-1;-1;-1;-1;-1;-1;-1;-1;-1;-1;-1;-1;-1;-1;-1;-1;-1;-1;1.14;6.4;11.5;0;0;0;0;0;0;0;0;0;0;0;0;0;0;0;0;0;0;0;0;0;0;0;0;0;0;0;0;0;0;0;0;0;0;0;0;0;0;0;0;0;0;0;0;0;0;0;0;0;0;0;0;0;0;0;0;0;0;0;0;0;0;0;0;0;5;0;0;0;0;0;0;2018-04-22 16:00:00;1211;0;84;0;0;1;-1;-1;-1;-1;-1;-1;-1;-1;-1;-1;-1;-1;-1;-1;-1;0;0;0;0;0;0;0;-1;-1;-1;-1;-1;-1;-1;-1;-1;-1;-1;-1;-1;-1;-1;-1;-1;-1;-1;-1;-1;-1;-1;0;25;59;84;100;17;42;59;0;0;0;7.5;2.67;Víkingur;07 Vestur;1.29;0.5;2;0.5;1.67;0.17;100;75;42;17;0;0;0;0;0;0;0;1152;27;Y;Y;Y;Y;Y;N;Y
341260;6873;985;2018;complete;2424;7;-1;;-1;0;1;1;-1;-1;-1;-1;-1;-1;-1;-1;-1;-1;-1;-1;-1;-1;-1;-1;-1;-1;-1;-1;-1;5.85;4.45;1.36;0;0;0;0;0;0;0;0;0;0;0;0;0;0;0;0;0;0;0;0;0;0;0;0;0;0;0;0;0;0;0;0;0;0;0;0;0;0;0;0;0;0;0;0;0;0;0;0;0;0;0;0;0;0;0;0;0;0;0;0;0;0;0;0;0;1;0;0;0;0;0;0;2018-04-22 14:00:00;985;0;25;0;0;1;-1;-1;-1;-1;-1;-1;-1;-1;-1;-1;-1;-1;-1;-1;-1;0;0;0;0;0;0;0;-1;-1;-1;-1;-1;-1;-1;-1;-1;-1;-1;-1;-1;-1;-1;-1;-1;-1;-1;-1;-1;-1;-1;0;17;42;54;100;17;63;42;17;8;0;6.17;2.13;TB / FCS / Royn;HB;1;2.86;0;2.5;0.5;2.17;100;84;59;46;0;50;50;50;1.16;1.35;2.51;1152;27;Y;N;N;N;N;N;N
341261;5404;997;2018;complete;2424;7;-1;-1,-1;;2;0;2;-1;-1;-1;-1;-1;-1;-1;-1;-1;-1;-1;-1;-1;-1;-1;-1;-1;-1;-1;-1;-1;1.32;4.7;6.35;0;0;0;0;0;0;0;0;0;0;0;0;0;0;0;0;0;0;0;0;0;0;0;0;0;0;0;0;0;0;0;0;0;0;0;0;0;0;0;0;0;0;0;0;0;0;0;0;0;0;0;0;0;0;0;0;0;0;0;0;0;0;0;0;0;2;0;0;0;0;0;0;2018-04-22 14:00:00;5404;0;50;0;0;1;-1;-1;-1;-1;-1;-1;-1;-1;-1;-1;-1;-1;-1;-1;-1;0;0;0;0;0;0;0;-1;-1;-1;-1;-1;-1;-1;-1;-1;-1;-1;-1;-1;-1;-1;-1;-1;-1;-1;-1;-1;-1;-1;0;50;100;100;100;50;50;0;0;11;0;3;3.5;KÍ;EB - Streymur;2;0.62;3;3;2.67;1.5;100;50;0;0;0;50;50;50;2.37;0;2.37;1152;27;Y;Y;N;N;N;N;N
341262;66;6875;2018;complete;2424;7;-1;57,68;55;2;1;3;7;1;8;4;0;3;5;0;0;6;3;8;7;14;10;9;10;63;37;3;5;1.22;6;7;0;0;0;0;0;0;0;0;0;0;0;0;0;0;0;0;0;0;0;0;0;0;0;0;0;0;0;0;0;0;0;0;0;0;0;0;0;0;0;0;0;0;0;0;0;0;0;0;0;0;0;0;0;0;0;0;0;0;0;0;0;0;0;0;0;3;0;0;2;1;3;0;2018-04-22 14:00:00;66;0;42;0;0;0;1;1;4;0;3;1;4;4;1;1;2;4;2;6;1;0;0;0;0;1.89;1.06;2.95;0;0;0;0;0;0;1;1;0;0;1;0;0;0;-1;-1;-1;-1;-1;-1;-1;-1;-1;0;17;17;42;84;0;42;25;0;12;0;4.5;1.59;B36;AB;2.23;0.77;2;1.33;1.67;0.83;100;84;84;59;17;75;75;75;1.56;0.73;2.29;1152;27;Y;Y;Y;N;N;N;Y
341263;66;5404;2018;complete;2424;8;-1;30,32,54;24,74;3;2;5;5;1;6;-1;-1;1;3;0;0;7;5;4;3;11;8;-1;-1;51;49;1;3;2.2;3.9;2.4;0;0;0;0;0;0;0;0;0;0;0;0;0;0;0;0;0;0;0;0;0;0;0;0;0;0;0;0;0;0;0;0;0;0;0;0;0;0;0;0;0;0;0;0;0;0;0;0;0;0;0;0;0;0;0;0;0;0;0;0;0;0;0;0;0;5;2;1;1;1;2;3;2018-04-29 14:00:00;66;0;44;0;25;0;1;1;2;0;3;0;2;3;0;0;1;3;0;4;1;0;0;0;0;1.57;1.18;2.74;0;0;0;0;0;0;1;1;0;0;0;0;0;0;-1;-1;-1;-1;-1;-1;-1;-1;-1;10;10;37;54;90;0;47;44;27;16;0.27;4.5;2;B36;KÍ;2.23;1.79;2.33;2.6;1.86;2.71;90;90;64;47;10;75;75;75;1.73;1.69;3.42;1152;27;Y;Y;Y;Y;Y;N;Y
341264;985;6874;2018;complete;2424;8;-1;-1,-1,-1;;3;0;3;-1;-1;-1;-1;-1;-1;-1;-1;-1;-1;-1;-1;-1;-1;-1;-1;-1;-1;-1;-1;-1;1.29;5.2;6.85;0;0;0;0;0;0;0;0;0;0;0;0;0;0;0;0;0;0;0;0;0;0;0;0;0;0;0;0;0;0;0;0;0;0;0;0;0;0;0;0;0;0;0;0;0;0;0;0;0;0;0;0;0;0;0;0;0;0;0;0;0;0;0;0;0;3;0;0;0;0;0;0;2018-04-29 17:00:00;985;0;75;25;0;1;-1;-1;-1;-1;-1;-1;-1;-1;-1;-1;-1;-1;-1;-1;-1;0;0;0;0;0;0;0;-1;-1;-1;-1;-1;-1;-1;-1;-1;-1;-1;-1;-1;-1;-1;-1;-1;-1;-1;-1;-1;-1;-1;17;34;84;100;100;25;67;67;25;4;0;6.5;3.34;HB;07 Vestur;2.54;0.5;1.5;0.33;2.29;0.14;84;67;17;0;0;25;25;25;1.59;0;1.59;1152;27;Y;Y;Y;N;N;N;N
341265;1211;6873;2018;complete;2424;8;-1;;;0;0;0;-1;-1;-1;-1;-1;-1;-1;-1;-1;-1;-1;-1;-1;-1;-1;-1;-1;-1;-1;-1;-1;0;0;0;0;0;0;0;0;0;0;0;0;0;0;0;0;0;0;0;0;0;0;0;0;0;0;0;0;0;0;0;0;0;0;0;0;0;0;0;0;0;0;0;0;0;0;0;0;0;0;0;0;0;0;0;0;0;0;0;0;0;0;0;0;0;0;0;0;0;0;0;0;0;0;0;2018-04-29 14:00:00;-1;0;54;25;0;0;-1;-1;-1;-1;-1;-1;-1;-1;-1;-1;-1;-1;-1;-1;-1;0;0;0;0;0;0;0;0;0;0;0;0;0;1;1;0;0;-1;-1;-1;-1;-1;-1;-1;-1;-1;-1;-1;-1;-1;13;13;71;71;100;29;46;59;17;2;0;4.5;2.67;Víkingur;TB / FCS / Royn;1.29;1.08;2.25;1;1.86;0.43;88;88;29;29;0;0;0;0;0;1.5;1.5;1152;27;N;N;N;N;N;N;N
341266;6875;5415;2018;complete;2424;8;-1;;41,88;0;2;2;5;6;11;-1;-1;2;3;0;0;3;5;4;4;7;9;-1;-1;50;50;2;3;5.95;4.75;1.33;0;0;0;0;0;0;0;0;0;0;0;0;0;0;0;0;0;0;0;0;0;0;0;0;0;0;0;0;0;0;0;0;0;0;0;0;0;0;0;0;0;0;0;0;0;0;0;0;0;0;0;0;0;0;0;0;0;0;0;0;0;0;0;0;0;2;0;1;0;1;1;1;2018-04-29 17:00:00;5415;0;67;0;0;0;1;1;3;4;2;2;7;4;1;1;1;2;2;3;1;0;0;0;0;1.23;1.4;2.63;0;0;0;0;0;0;1;1;0;0;1;1;0;0;-1;-1;-1;-1;-1;-1;-1;-1;-1;0;34;67;100;100;50;84;67;33;10;0;4.17;3;AB;NSÍ;0.57;2.21;0.33;2.33;0.71;1.86;100;67;34;0;0;50;50;50;1.56;0;1.56;1152;27;Y;Y;N;N;N;N;N
341267;997;6872;2018;complete;2424;8;-1;;;0;0;0;-1;-1;-1;-1;-1;-1;-1;-1;-1;-1;-1;-1;-1;-1;-1;-1;-1;-1;-1;-1;-1;2.05;3.5;2.85;0;0;0;0;0;0;0;0;0;0;0;0;0;0;0;0;0;0;0;0;0;0;0;0;0;0;0;0;0;0;0;0;0;0;0;0;0;0;0;0;0;0;0;0;0;0;0;0;0;0;0;0;0;0;0;0;0;0;0;0;0;0;0;0;0;0;0;0;0;0;0;0;2018-04-29 14:00:00;-1;0;30;0;17;0;-1;-1;-1;-1;-1;-1;-1;-1;-1;-1;-1;-1;-1;-1;-1;0;0;0;0;0;0;0;0;0;0;0;0;0;1;1;0;0;-1;-1;-1;-1;-1;-1;-1;-1;-1;-1;-1;-1;-1;10;20;20;47;90;17;27;37;10;12;0;4;1.87;EB - Streymur;Skála;0.93;0.69;1.2;1;1.29;1;90;80;80;54;10;100;100;100;1.22;1.32;2.54;1152;27;N;N;N;N;N;N;N
341268;5415;66;2018;complete;2424;9;-1;;-1,-1;0;2;2;-1;-1;-1;-1;-1;-1;-1;-1;-1;-1;-1;-1;-1;-1;-1;-1;-1;-1;-1;-1;-1;2.2;3.8;2.45;0;0;0;0;0;0;0;0;0;0;0;0;0;0;0;0;0;0;0;0;0;0;0;0;0;0;0;0;0;0;0;0;0;0;0;0;0;0;0;0;0;0;0;0;0;0;0;0;0;0;0;0;0;0;0;0;0;0;0;0;0;0;0;0;0;2;0;0;0;0;0;0;2018-05-06 14:00:00;66;0;50;0;25;1;-1;-1;-1;-1;-1;-1;-1;-1;-1;-1;-1;-1;-1;-1;-1;0;0;0;0;0;0;0;-1;-1;-1;-1;-1;-1;-1;-1;-1;-1;-1;-1;-1;-1;-1;-1;-1;-1;-1;-1;-1;-1;-1;13;25;63;75;100;0;25;25;25;0;0;4;2.75;NSÍ;B36;1.85;1.71;1.5;1.5;2;2;88;75;38;25;0;0;0;0;0;0;0;1152;27;Y;Y;N;N;N;N;N
341269;6872;6874;2018;complete;2424;9;-1;-1,-1;-1;2;1;3;-1;-1;-1;-1;-1;-1;-1;-1;-1;-1;-1;-1;-1;-1;-1;-1;-1;-1;-1;-1;-1;0;0;0;0;0;0;0;0;0;0;0;0;0;0;0;0;0;0;0;0;0;0;0;0;0;0;0;0;0;0;0;0;0;0;0;0;0;0;0;0;0;0;0;0;0;0;0;0;0;0;0;0;0;0;0;0;0;0;0;0;0;0;0;0;0;0;0;0;3;0;0;0;0;0;0;2018-05-06 14:00:00;6872;0;38;0;0;1;-1;-1;-1;-1;-1;-1;-1;-1;-1;-1;-1;-1;-1;-1;-1;0;0;0;0;0;0;0;-1;-1;-1;-1;-1;-1;-1;-1;-1;-1;-1;-1;-1;-1;-1;-1;-1;-1;-1;-1;-1;-1;-1;13;25;63;88;88;0;25;38;25;6;0;4.5;2.75;Skála;07 Vestur;1.43;0.5;1;0.25;1;0.13;88;75;38;13;13;0;0;0;2.07;0;2.07;1152;27;Y;Y;Y;N;N;N;Y
341270;985;6875;2018;complete;2424;9;-1;71,75,85,88,90;;5;0;5;9;4;13;-1;-1;2;2;0;1;14;3;8;4;22;7;-1;-1;53;47;2;3;1.27;5.5;6.65;0;0;0;0;0;0;0;0;0;0;0;0;0;0;0;0;0;0;0;0;0;0;0;0;0;0;0;0;0;0;0;0;0;0;0;0;0;0;0;0;0;0;0;0;0;0;0;0;0;0;0;0;0;0;0;0;0;0;0;0;0;0;0;0;0;5;0;0;5;0;5;0;2018-05-06 14:00:00;985;0;42;25;17;0;1;1;5;1;4;3;6;7;1;1;1;2;2;3;1;0;0;0;0;2.9;0.93;3.82;0;0;0;0;0;0;1;1;0;0;2;0;0;0;-1;-1;-1;-1;-1;-1;-1;-1;-1;0;13;75;75;88;17;46;46;29;5;0;5.83;2.5;HB;AB;2.54;0.77;2;1;2.38;0.63;100;88;25;25;13;42;42;42;1.59;0.84;2.43;1152;27;Y;Y;Y;Y;Y;N;N
341271;5404;1211;2018;complete;2424;9;-1;24;26,85;1;2;3;-1;-1;-1;-1;-1;2;1;0;0;-1;-1;-1;-1;-1;-1;-1;-1;-1;-1;2;1;2;3.7;2.8;0;0;0;0;0;0;0;0;0;0;0;0;0;0;0;0;0;0;0;0;0;0;0;0;0;0;0;0;0;0;0;0;0;0;0;0;0;0;0;0;0;0;0;0;0;0;0;0;0;0;0;0;0;0;0;0;0;0;0;0;0;0;0;0;0;3;1;1;0;1;1;2;2018-05-06 14:00:00;1211;0;75;25;0;0;-1;1;-1;-1;-1;-1;-1;-1;1;0;1;1;1;2;-1;0;0;0;0;0;0;0;0;0;0;0;0;0;1;1;0;0;-1;-1;0;0;-1;-1;-1;-1;-1;-1;-1;-1;-1;0;25;59;100;100;17;34;34;17;16.5;0;3;2.84;KÍ;Víkingur;2;1.62;3;1.33;2.38;1.75;100;75;42;0;0;75;75;75;2.37;1.7;4.07;1152;27;Y;Y;Y;N;N;N;Y
341272;6873;997;2018;complete;2424;9;-1;18,42,75;3,74;3;2;5;-1;-1;-1;-1;-1;3;0;0;0;-1;-1;-1;-1;-1;-1;-1;-1;-1;-1;3;0;2.9;3.55;2;0;0;0;0;0;0;0;0;0;0;0;0;0;0;0;0;0;0;0;0;0;0;0;0;0;0;0;0;0;0;0;0;0;0;0;0;0;0;0;0;0;0;0;0;0;0;0;0;0;0;0;0;0;0;0;0;0;0;0;0;0;0;0;0;0;5;2;1;1;1;2;3;2018-05-06 14:00:00;6873;0;0;0;0;0;-1;1;-1;-1;-1;-1;-1;-1;0;0;3;0;0;3;-1;0;0;0;0;0;0;0;0;0;0;0;0;0;1;1;0;1;-1;-1;0;0;-1;-1;-1;-1;-1;-1;-1;-1;-1;0;13;38;63;100;38;63;13;13;4;0;4.67;2.13;TB / FCS / Royn;EB - Streymur;1;0.62;0;1.5;0.5;1.25;100;88;63;38;0;0;0;0;1.16;0;1.16;1152;27;Y;Y;Y;Y;Y;N;Y
341273;1211;985;2018;complete;2424;10;-1;26;11,45;1;2;3;-1;-1;-1;-1;-1;3;2;0;0;-1;-1;-1;-1;-1;-1;-1;-1;-1;-1;3;2;0;0;0;0;0;0;0;0;0;0;0;0;0;0;0;0;0;0;0;0;0;0;0;0;0;0;0;0;0;0;0;0;0;0;0;0;0;0;0;0;0;0;0;0;0;0;0;0;0;0;0;0;0;0;0;0;0;0;0;0;0;0;0;0;0;0;0;0;3;1;2;0;0;0;3;2018-05-13 14:00:00;985;0;50;0;0;0;-1;1;-1;-1;-1;-1;-1;-1;2;0;1;2;2;3;-1;0;0;0;0;0;0;0;0;0;0;0;0;0;1;1;0;0;-1;-1;1;0;-1;-1;-1;-1;-1;-1;-1;-1;-1;10;10;50;60;90;10;20;40;0;4;0;8;2.2;Víkingur;HB;1.29;2.86;2;2.6;1.89;2.44;90;90;50;40;10;50;50;50;0;1.35;1.35;1152;27;Y;Y;Y;N;N;N;Y
341274;6875;997;2018;complete;2424;10;-1;75,85;;2;0;2;2;8;10;-1;-1;1;2;0;0;7;5;12;7;19;12;-1;-1;51;49;1;2;2.5;3.55;2.25;0;0;0;0;0;0;0;0;0;0;0;0;0;0;0;0;0;0;0;0;0;0;0;0;0;0;0;0;0;0;0;0;0;0;0;0;0;0;0;0;0;0;0;0;0;0;0;0;0;0;0;0;0;0;0;0;0;0;0;0;0;0;0;0;0;2;0;0;2;0;2;0;2018-05-13 14:00:00;6875;0;42;25;25;0;1;1;1;0;1;0;1;1;1;2;0;0;3;0;1;0;0;0;0;2.39;1.75;4.14;0;0;0;0;0;0;1;1;0;0;0;0;0;0;-1;-1;-1;-1;-1;-1;-1;-1;-1;17;17;46;100;100;46;84;54;29;8.33;0;3.25;2.79;AB;EB - Streymur;0.57;0.62;0.25;1;0.56;1.11;84;84;54;0;0;50;50;50;1.45;0;1.45;1152;27;Y;Y;N;N;N;N;N
341275;5404;5415;2018;complete;2424;10;-1;54;83;1;1;2;-1;-1;-1;-1;-1;2;3;0;0;-1;-1;-1;-1;-1;-1;-1;-1;-1;-1;2;3;0;0;0;0;0;0;0;0;0;0;0;0;0;0;0;0;0;0;0;0;0;0;0;0;0;0;0;0;0;0;0;0;0;0;0;0;0;0;0;0;0;0;0;0;0;0;0;0;0;0;0;0;0;0;0;0;0;0;0;0;0;0;0;0;0;0;0;0;2;0;0;1;1;2;0;2018-05-13 14:00:00;-1;0;59;50;0;0;-1;1;-1;-1;-1;-1;-1;-1;0;1;2;2;1;4;-1;0;0;0;0;0;0;0;0;0;0;0;0;0;1;1;0;0;-1;-1;0;0;-1;-1;-1;-1;-1;-1;-1;-1;-1;0;42;71;100;100;42;54;54;13;17;0;4.67;3.13;KÍ;NSÍ;2;2.21;2;2.5;2.11;1.78;100;59;29;0;0;100;100;100;2.37;1.4;3.77;1152;27;Y;Y;N;N;N;N;Y
341276;66;6872;2018;complete;2424;10;-1;30,35,36,62,72;87;5;1;6;8;4;12;-1;-1;0;2;0;0;9;3;8;3;17;6;-1;-1;47;53;0;2;1.37;4.4;5.8;0;0;0;0;0;0;0;0;0;0;0;0;0;0;0;0;0;0;0;0;0;0;0;0;0;0;0;0;0;0;0;0;0;0;0;0;0;0;0;0;0;0;0;0;0;0;0;0;0;0;0;0;0;0;0;0;0;0;0;0;0;0;0;0;0;6;3;0;2;1;3;3;2018-05-13 16:15:00;66;0;38;17;34;0;1;1;4;3;4;1;7;5;0;1;0;1;1;1;1;0;0;0;0;2.17;0.91;3.08;0;0;0;0;0;0;1;1;0;0;1;2;0;0;-1;-1;-1;-1;-1;-1;-1;-1;-1;13;13;25;50;88;25;38;50;25;10.67;0;4;1.88;B36;Skála;2.23;0.69;2.5;1;2.11;1.22;88;88;75;50;13;67;67;67;1.67;1.32;2.99;1152;27;Y;Y;Y;Y;Y;Y;Y
341277;6874;6873;2018;complete;2424;10;-1;;22,34,81;0;3;3;-1;-1;-1;-1;-1;3;1;0;0;-1;-1;-1;-1;-1;-1;-1;-1;-1;-1;3;1;0;0;0;0;0;0;0;0;0;0;0;0;0;0;0;0;0;0;0;0;0;0;0;0;0;0;0;0;0;0;0;0;0;0;0;0;0;0;0;0;0;0;0;0;0;0;0;0;0;0;0;0;0;0;0;0;0;0;0;0;0;0;0;0;0;0;0;0;3;0;2;0;1;1;2;2018-05-13 14:00:00;6873;0;38;42;0;0;-1;1;-1;-1;-1;-1;-1;-1;2;0;1;1;2;2;-1;0;0;0;0;0;0;0;0;1;0;1;0;0;1;1;0;0;-1;-1;0;0;-1;-1;-1;-1;-1;-1;-1;-1;-1;13;13;75;75;88;38;50;38;13;2;0;4;2.63;07 Vestur;TB / FCS / Royn;0.77;1.08;0;1;0.11;0.78;88;88;25;25;13;0;0;0;0;1.5;1.5;1152;27;Y;Y;Y;N;N;N;N
341278;985;997;2018;complete;2424;11;-1;48;;1;0;1;6;4;10;2;1;1;3;0;0;9;5;15;4;24;9;14;12;58;42;1;3;1.27;5.2;7;0;0;0;0;0;0;0;0;0;0;0;0;0;0;0;0;0;0;0;0;0;0;0;0;0;0;0;0;0;0;0;0;0;0;0;0;0;0;0;0;0;0;0;0;0;0;0;0;0;0;0;0;0;0;0;0;0;0;0;0;0;0;0;0;0;1;0;0;1;0;1;0;2018-05-21 17:00:00;985;0;25;33;17;0;1;1;1;0;5;0;1;5;0;0;1;3;0;4;1;0;0;0;0;2.63;1.13;3.76;0;0;0;0;0;0;1;1;0;0;1;0;0;0;-1;-1;-1;-1;-1;-1;-1;-1;-1;25;25;75;100;100;38;50;63;50;13.67;0;4;3.25;HB;EB - Streymur;2.54;0.62;2.25;0.75;2.5;1;75;75;25;0;0;84;84;34;2.02;1.75;3.77;1152;27;Y;N;N;N;N;N;N
341279;6872;6873;2018;complete;2424;11;-1;5,85;;2;0;2;-1;-1;-1;-1;-1;2;0;0;0;-1;-1;-1;-1;-1;-1;-1;-1;-1;-1;2;0;1.71;3.9;3.5;0;0;0;0;0;0;0;0;0;0;0;0;0;0;0;0;0;0;0;0;0;0;0;0;0;0;0;0;0;0;0;0;0;0;0;0;0;0;0;0;0;0;0;0;0;0;0;0;0;0;0;0;0;0;0;0;0;0;0;0;0;0;0;0;0;2;1;0;1;0;1;1;2018-05-21 14:00:00;6872;0;20;13;0;0;-1;1;-1;-1;-1;-1;-1;-1;0;0;2;0;0;2;-1;0;0;0;0;0;0;0;0;0;0;0;0;0;1;1;1;0;-1;-1;0;0;-1;-1;-1;-1;-1;-1;-1;-1;-1;0;0;60;70;80;20;40;50;30;8;0;1.5;2.1;Skála;TB / FCS / Royn;1.43;1.08;1.4;1.4;1.1;1;100;100;40;30;20;0;0;0;2.07;1.5;3.57;1152;27;Y;Y;N;N;N;N;N
341280;6874;5415;2018;complete;2424;11;-1;;17,19,58,65,79;0;5;5;-1;-1;-1;-1;-1;1;1;0;0;-1;-1;-1;-1;-1;-1;-1;-1;-1;-1;1;1;8.5;5.8;1.19;0;0;0;0;0;0;0;0;0;0;0;0;0;0;0;0;0;0;0;0;0;0;0;0;0;0;0;0;0;0;0;0;0;0;0;0;0;0;0;0;0;0;0;0;0;0;0;0;0;0;0;0;0;0;0;0;0;0;0;0;0;0;0;0;0;5;0;2;0;3;3;2;2018-05-21 14:00:00;5415;0;50;17;13;0;-1;1;-1;-1;-1;-1;-1;-1;0;0;1;1;0;2;-1;0;0;0;0;0;0;0;0;0;0;0;0;0;1;1;0;0;-1;-1;0;0;-1;-1;-1;-1;-1;-1;-1;-1;-1;10;30;80;100;100;50;60;60;20;6;0;5.75;3.2;07 Vestur;NSÍ;0.77;2.21;0;2.2;0.1;1.7;90;70;20;0;0;50;50;50;0;1.4;1.4;1152;27;Y;Y;Y;Y;Y;N;N
341281;66;1211;2018;complete;2424;11;-1;45,64;60;2;1;3;10;6;16;1;1;2;4;0;1;16;5;9;6;25;11;12;12;52;48;2;5;1.87;3.75;3.1;0;0;0;0;0;0;0;0;0;0;0;0;0;0;0;0;0;0;0;0;0;0;0;0;0;0;0;0;0;0;0;0;0;0;0;0;0;0;0;0;0;0;0;0;0;0;0;0;0;0;0;0;0;0;0;0;0;0;0;0;0;0;0;0;0;3;1;0;1;1;2;1;2018-05-21 14:00:00;66;0;90;46;38;0;1;1;4;3;6;3;7;9;1;2;1;3;3;4;1;0;0;0;0;3.18;1.63;4.81;0;0;0;0;0;0;1;1;0;0;0;2;0;1;-1;-1;-1;-1;-1;-1;-1;-1;-1;20;20;68;90;100;45;68;78;43;13.25;0;3.83;3.08;B36;Víkingur;2.23;1.62;2.6;1.75;2.2;1.7;80;80;33;10;0;50;50;50;1.8;1.7;3.5;1152;27;Y;Y;Y;N;N;N;Y
341282;6875;5404;2018;complete;2424;11;-1;;44,89;0;2;2;2;5;7;-1;-1;1;2;0;0;4;6;1;6;5;12;-1;-1;49;51;1;2;5.05;4.5;1.43;0;0;0;0;0;0;0;0;0;0;0;0;0;0;0;0;0;0;0;0;0;0;0;0;0;0;0;0;0;0;0;0;0;0;0;0;0;0;0;0;0;0;0;0;0;0;0;0;0;0;0;0;0;0;0;0;0;0;0;0;0;0;0;0;0;2;0;1;0;1;1;1;2018-05-21 16:15:00;5404;0;37;10;10;0;1;1;2;0;0;0;2;0;0;0;1;2;0;3;1;0;0;0;0;1.07;1.91;2.98;0;0;0;0;0;0;1;1;0;0;0;0;0;0;-1;-1;-1;-1;-1;-1;-1;-1;-1;17;17;35;75;92;19;74;57;37;10.75;0;3.85;2.35;AB;KÍ;0.57;1.79;0.8;2.17;0.8;2;84;84;65;25;9;75;75;63;1.69;1.44;3.13;1152;27;Y;Y;N;N;N;N;N
341283;6874;6872;2018;complete;2424;12;-1;20,54,56,89;37;4;1;5;-1;-1;-1;-1;-1;2;1;0;0;-1;-1;-1;-1;-1;-1;-1;-1;-1;-1;2;1;0;0;0;0;0;0;0;0;0;0;0;0;0;0;0;0;0;0;0;0;0;0;0;0;0;0;0;0;0;0;0;0;0;0;0;0;0;0;0;0;0;0;0;0;0;0;0;0;0;0;0;0;0;0;0;0;0;0;0;0;0;0;0;0;0;0;0;0;5;1;1;3;0;3;2;2018-05-27 14:00:00;6874;0;27;13;13;0;-1;1;-1;-1;-1;-1;-1;-1;1;0;1;1;1;2;-1;0;0;0;0;0;0;0;1;0;1;0;0;0;1;1;0;0;-1;-1;0;0;-1;-1;-1;-1;-1;-1;-1;-1;-1;27;27;60;70;90;54;54;45;19;3.5;0;4.5;2.84;07 Vestur;Skála;0.77;0.69;0;0.8;0.09;1.27;74;74;40;30;10;50;50;50;0;1.12;1.12;1152;27;Y;Y;Y;Y;Y;N;Y
341284;1211;5404;2018;complete;2424;12;-1;;30,35,59;0;3;3;-1;-1;-1;-1;-1;3;1;0;0;-1;-1;-1;-1;-1;-1;-1;-1;-1;-1;3;1;0;0;0;0;0;0;0;0;0;0;0;0;0;0;0;0;0;0;0;0;0;0;0;0;0;0;0;0;0;0;0;0;0;0;0;0;0;0;0;0;0;0;0;0;0;0;0;0;0;0;0;0;0;0;0;0;0;0;0;0;0;0;0;0;0;0;0;0;3;0;2;0;1;1;2;2018-05-27 14:00:00;5404;0;48;21;9;0;-1;1;-1;-1;-1;-1;-1;-1;0;0;3;1;0;4;-1;0;0;0;0;0;0;0;0;0;0;0;0;0;1;1;0;0;-1;-1;0;0;-1;-1;-1;-1;-1;-1;-1;-1;-1;23;23;55;62;85;24;52;38;15;4.33;0;5.53;2.47;Víkingur;KÍ;1.29;1.79;1.67;2.29;1.55;2.09;77;77;45;38;16;17;17;17;0;1.59;1.59;1152;27;Y;Y;Y;N;N;N;N
341285;6875;985;2018;complete;2424;12;-1;;71;0;1;1;6;4;10;-1;-1;3;1;0;0;2;5;6;5;8;10;-1;-1;48;52;3;1;5.8;4.35;1.38;0;0;0;0;0;0;0;0;0;0;0;0;0;0;0;0;0;0;0;0;0;0;0;0;0;0;0;0;0;0;0;0;0;0;0;0;0;0;0;0;0;0;0;0;0;0;0;0;0;0;0;0;0;0;0;0;0;0;0;0;0;0;0;0;0;1;0;0;0;1;1;0;2018-05-27 16:15:00;985;0;42;17;0;0;1;1;4;1;2;3;5;5;1;1;2;0;2;2;1;0;0;0;0;1.22;1.48;2.7;0;0;0;0;0;0;1;1;0;0;1;0;0;0;-1;-1;-1;-1;-1;-1;-1;-1;-1;0;0;34;84;100;17;58;58;17;9.8;0;5.17;2.17;AB;HB;0.57;2.86;0.67;2.67;0.73;2.55;100;100;67;17;0;90;90;80;1.56;1.35;2.91;1152;27;Y;N;N;N;N;N;N
341286;997;6873;2018;complete;2424;12;-1;84,90;14,62;2;2;4;-1;-1;-1;-1;-1;1;2;0;0;-1;-1;-1;-1;-1;-1;-1;-1;-1;-1;1;2;0;0;0;0;0;0;0;0;0;0;0;0;0;0;0;0;0;0;0;0;0;0;0;0;0;0;0;0;0;0;0;0;0;0;0;0;0;0;0;0;0;0;0;0;0;0;0;0;0;0;0;0;0;0;0;0;0;0;0;0;0;0;0;0;0;0;0;0;4;0;1;2;1;3;1;2018-05-27 14:00:00;-1;0;34;10;13;0;-1;1;-1;-1;-1;-1;-1;-1;1;0;0;2;1;2;-1;0;0;0;0;0;0;0;0;0;0;0;0;0;1;1;0;0;-1;-1;0;0;-1;-1;-1;-1;-1;-1;-1;-1;-1;9;17;42;59;75;17;42;50;17;11;0;2.75;2;EB - Streymur;TB / FCS / Royn;0.93;1.08;1.17;1.17;0.91;0.91;92;84;59;42;25;50;50;50;1.22;1.5;2.72;1152;27;Y;Y;Y;Y;N;N;Y
341287;66;5415;2018;complete;2424;12;-1;6,43;1,65,85;2;3;5;5;3;8;-1;-1;4;4;0;0;11;6;7;6;18;12;-1;-1;51;49;4;4;1.8;3.5;3.55;0;0;0;0;0;0;0;0;0;0;0;0;0;0;0;0;0;0;0;0;0;0;0;0;0;0;0;0;0;0;0;0;0;0;0;0;0;0;0;0;0;0;0;0;0;0;0;0;0;0;0;0;0;0;0;0;0;0;0;0;0;0;0;0;0;5;2;1;0;2;2;3;2018-05-27 14:00:00;5415;0;67;10;50;0;1;1;4;2;1;1;6;2;2;3;2;1;5;3;1;0;0;0;0;2.51;1.62;4.13;1;0;1;0;0;0;1;1;1;1;1;0;0;1;-1;-1;-1;-1;-1;-1;-1;-1;-1;25;42;67;92;100;42;67;83;59;14.2;0;4;3.33;B36;NSÍ;2.23;2.21;2.67;2.33;2.27;1.82;75;59;33;9;0;80;80;80;2.07;1.4;3.47;1152;27;Y;Y;Y;Y;Y;N;Y
341288;6872;997;2018;complete;2424;13;-1;;18,26;0;2;2;-1;-1;-1;-1;-1;2;2;1;0;-1;-1;-1;-1;-1;-1;-1;-1;-1;-1;4;2;1.83;3.65;3.3;0;0;0;0;0;0;0;0;0;0;0;0;0;0;0;0;0;0;0;0;0;0;0;0;0;0;0;0;0;0;0;0;0;0;0;0;0;0;0;0;0;0;0;0;0;0;0;0;0;0;0;0;0;0;0;0;0;0;0;0;0;0;0;0;0;2;0;2;0;0;0;2;2018-06-03 14:00:00;997;0;19;13;13;0;-1;1;-1;-1;-1;-1;-1;-1;1;1;2;1;2;3;-1;0;0;0;0;0;0;0;0;0;0;0;0;0;1;1;0;0;-1;-1;0;0;-1;-1;-1;-1;-1;-1;-1;-1;-1;10;10;45;82;92;20;37;55;37;12;0;3;2.39;Skála;EB - Streymur;1.43;0.62;1.67;0.6;1.17;0.92;90;90;55;19;9;50;50;0;2.07;1.44;3.51;1152;27;Y;Y;N;N;N;N;N
341289;5404;66;2018;complete;2424;13;-1;38,44,71;90;3;1;4;7;4;11;-1;-1;2;1;0;0;8;8;6;7;14;15;-1;-1;50;50;2;1;2;3.5;3;0;0;0;0;0;0;0;0;0;0;0;0;0;0;0;0;0;0;0;0;0;0;0;0;0;0;0;0;0;0;0;0;0;0;0;0;0;0;0;0;0;0;0;0;0;0;0;0;0;0;0;0;0;0;0;0;0;0;0;0;0;0;0;0;0;4;2;0;1;1;2;2;2018-06-03 14:00:00;5404;0;58;25;50;0;1;1;0;1;0;3;1;3;2;1;0;0;3;0;1;0;0;0;0;2.09;2.23;4.32;0;0;0;0;0;0;1;1;0;0;0;0;0;0;-1;-1;-1;-1;-1;-1;-1;-1;-1;10;23;55;100;100;13;23;45;33;11;0;4;2.88;KÍ;B36;2;1.71;1.75;1.8;2.17;2.08;90;78;45;0;0;50;50;50;2.37;0;2.37;1152;27;Y;Y;Y;Y;N;N;Y
341290;5415;6875;2018;complete;2424;13;-1;58,76,77,80,88,90;;6;0;6;-1;-1;-1;-1;-1;1;3;1;1;-1;-1;-1;-1;-1;-1;-1;-1;-1;-1;3;5;1.21;5.55;8.5;0;0;0;0;0;0;0;0;0;0;0;0;0;0;0;0;0;0;0;0;0;0;0;0;0;0;0;0;0;0;0;0;0;0;0;0;0;0;0;0;0;0;0;0;0;0;0;0;0;0;0;0;0;0;0;0;0;0;0;0;0;0;0;0;0;6;0;0;6;0;6;0;2018-06-03 14:00:00;5415;0;40;0;13;0;-1;1;-1;-1;-1;-1;-1;-1;0;2;2;2;2;4;-1;0;0;0;0;0;0;0;0;0;0;0;0;0;1;1;0;0;-1;-1;0;0;-1;-1;-1;-1;-1;-1;-1;-1;-1;10;30;50;60;90;0;20;20;20;1.75;0;5.25;2.4;NSÍ;AB;1.85;0.77;1.2;0.8;1.92;0.67;90;70;50;40;10;25;25;25;0;0.86;0.86;1152;27;Y;Y;Y;Y;Y;Y;N
341291;6873;1211;2018;complete;2424;13;-1;90;12,45,49,74;1;4;5;-1;-1;-1;-1;-1;1;2;0;0;-1;-1;-1;-1;-1;-1;-1;-1;-1;-1;1;2;0;0;0;0;0;0;0;0;0;0;0;0;0;0;0;0;0;0;0;0;0;0;0;0;0;0;0;0;0;0;0;0;0;0;0;0;0;0;0;0;0;0;0;0;0;0;0;0;0;0;0;0;0;0;0;0;0;0;0;0;0;0;0;0;0;0;0;0;5;0;2;1;2;3;2;2018-06-03 13:30:00;1211;0;60;38;25;0;-1;1;-1;-1;-1;-1;-1;-1;0;0;1;2;0;3;-1;0;0;0;0;0;0;0;0;0;0;0;0;0;1;1;0;0;-1;-1;0;0;-1;-1;-1;-1;-1;-1;-1;-1;-1;10;20;60;70;100;40;80;60;40;9.67;0;5;2.6;TB / FCS / Royn;Víkingur;1;1.62;0.6;1.4;0.92;1.42;90;80;40;30;0;34;34;34;1.16;1.68;2.84;1152;27;Y;Y;Y;Y;Y;N;Y
341292;985;6874;2018;complete;2424;13;-1;22,61,76;86;3;1;4;10;3;13;2;3;2;2;0;0;8;7;12;4;20;11;11;9;56;44;2;2;1.11;7.25;11.5;0;0;0;0;0;0;0;0;0;0;0;0;0;0;0;0;0;0;0;0;0;0;0;0;0;0;0;0;0;0;0;0;0;0;0;0;0;0;0;0;0;0;0;0;0;0;0;0;0;0;0;0;0;0;0;0;0;0;0;0;0;0;0;0;0;4;1;0;2;1;3;1;2018-06-03 14:15:00;985;0;50;13;0;0;1;1;6;0;4;3;6;7;1;1;1;1;2;2;1;0;0;0;0;2.22;1.42;3.64;0;0;0;0;0;0;1;1;0;0;1;0;0;0;-1;-1;-1;-1;-1;-1;-1;-1;-1;20;30;80;90;100;10;30;50;20;5.75;0;6;3.2;HB;07 Vestur;2.54;0.5;2.4;0.2;2.58;0.33;80;70;20;10;0;38;38;25;2.18;0;2.18;1152;27;Y;Y;Y;Y;N;N;Y
341293;5415;1211;2018;complete;2424;14;-1;63;17,49;1;2;3;6;8;14;-1;-1;4;5;1;0;5;7;5;8;10;15;-1;-1;50;50;5;5;0;0;0;0;0;0;0;0;0;0;0;0;0;0;0;0;0;0;0;0;0;0;0;0;0;0;0;0;0;0;0;0;0;0;0;0;0;0;0;0;0;0;0;0;0;0;0;0;0;0;0;0;0;0;0;0;0;0;0;0;0;0;0;0;0;0;0;0;3;0;1;1;1;2;1;2018-06-16 17:00:00;1211;0;67;20;20;0;1;1;4;4;2;4;8;6;0;0;5;5;0;10;1;0;0;0;0;1.43;2.08;3.52;0;0;0;0;0;0;1;1;0;0;0;1;0;0;-1;-1;-1;-1;-1;-1;-1;-1;-1;17;25;67;84;100;25;50;50;34;5.67;0;5.3;3;NSÍ;Víkingur;1.85;1.62;1.5;1.67;2;1.54;83;75;34;17;0;34;34;34;0;1.68;1.68;1152;27;Y;Y;Y;N;N;N;Y
341294;6872;6875;2018;complete;2424;14;-1;21,84;;2;0;2;4;5;9;-1;-1;2;3;0;1;3;0;0;0;3;0;-1;-1;51;49;2;4;1.67;3.9;3.75;0;0;0;0;0;0;0;0;0;0;0;0;0;0;0;0;0;0;0;0;0;0;0;0;0;0;0;0;0;0;0;0;0;0;0;0;0;0;0;0;0;0;0;0;0;0;0;0;0;0;0;0;0;0;0;0;0;0;0;0;0;0;0;0;0;2;1;0;1;0;1;1;2018-06-17 14:00:00;6872;0;24;0;10;0;1;1;3;2;1;3;5;4;0;1;2;3;1;5;-1;0;0;0;0;0;0;0;1;0;1;0;0;0;1;1;0;0;1;0;0;0;-1;-1;-1;-1;-1;-1;-1;-1;-1;17;25;55;77;85;7;30;47;40;7.75;0;5.35;2.66;Skála;AB;1.43;0.77;1.43;0.67;1.08;0.62;84;75;45;24;16;25;25;25;2.07;0.86;2.93;1152;27;Y;Y;N;N;N;N;N
341295;997;6874;2018;complete;2424;14;-1;8,85;59;2;1;3;-1;-1;-1;-1;-1;3;1;0;0;-1;-1;-1;-1;-1;-1;-1;-1;-1;-1;3;1;1.53;4.3;4.25;0;0;0;0;0;0;0;0;0;0;0;0;0;0;0;0;0;0;0;0;0;0;0;0;0;0;0;0;0;0;0;0;0;0;0;0;0;0;0;0;0;0;0;0;0;0;0;0;0;0;0;0;0;0;0;0;0;0;0;0;0;0;0;0;0;3;1;0;1;1;2;1;2018-06-17 14:00:00;997;0;70;0;45;0;-1;1;-1;-1;-1;-1;-1;-1;1;0;2;1;1;3;-1;0;0;0;0;0;0;0;0;0;0;0;0;0;1;1;1;0;-1;-1;0;0;-1;-1;-1;-1;-1;-1;-1;-1;-1;16;47;63;79;86;0;31;38;23;12;0;4.75;2.9;EB - Streymur;07 Vestur;0.93;0.5;1.14;0.17;1.08;0.31;85;54;37;22;15;100;100;100;1.22;1.42;2.64;1152;27;Y;Y;Y;N;N;N;Y
341296;6873;5404;2018;complete;2424;14;-1;;13;0;1;1;-1;-1;-1;-1;-1;3;1;0;0;-1;-1;-1;-1;-1;-1;-1;-1;-1;-1;3;1;7.25;4.9;1.29;0;0;0;0;0;0;0;0;0;0;0;0;0;0;0;0;0;0;0;0;0;0;0;0;0;0;0;0;0;0;0;0;0;0;0;0;0;0;0;0;0;0;0;0;0;0;0;0;0;0;0;0;0;0;0;0;0;0;0;0;0;0;0;0;0;1;0;1;0;0;0;1;2018-06-17 13:30:00;5404;0;29;17;27;0;-1;1;-1;-1;-1;-1;-1;-1;0;0;3;1;0;4;-1;0;0;0;0;0;0;0;0;0;0;0;0;0;1;1;0;0;-1;-1;0;0;-1;-1;-1;-1;-1;-1;-1;-1;-1;29;38;50;57;94;38;79;50;38;8.33;0;3.8;2.67;TB / FCS / Royn;KÍ;1;1.79;0.5;2.38;0.85;2.23;71;63;50;44;7;17;17;17;1.16;1.59;2.75;1152;27;Y;N;N;N;N;N;N
341297;985;66;2018;complete;2424;14;-1;45,61;37;2;1;3;5;11;16;0;6;2;5;0;0;5;8;2;9;7;17;16;16;44;56;2;5;1.59;4.15;3.95;0;0;0;0;0;0;0;0;0;0;0;0;0;0;0;0;0;0;0;0;0;0;0;0;0;0;0;0;0;0;0;0;0;0;0;0;0;0;0;0;0;0;0;0;0;0;0;0;0;0;0;0;0;0;0;0;0;0;0;0;0;0;0;0;0;3;1;1;1;0;1;2;2018-06-17 14:00:00;985;0;42;10;44;0;1;1;2;6;3;5;8;8;1;1;1;4;2;5;1;0;0;0;0;1.3;2.13;3.43;0;1;0;1;0;0;1;1;0;0;0;3;0;0;-1;-1;-1;-1;-1;-1;-1;-1;-1;17;33;75;92;100;17;42;67;50;10.6;0;3.67;3.17;HB;B36;2.54;1.71;2.5;1.5;2.62;1.92;83;67;25;9;0;90;90;80;2.19;2.23;4.42;1152;27;Y;Y;Y;N;N;N;Y
341298;6874;1211;2018;complete;2424;15;-1;;65;0;1;1;6;1;7;-1;-1;3;0;0;0;0;2;0;0;0;2;-1;-1;48;52;3;0;8.75;5.15;1.23;0;0;0;0;0;0;0;0;0;0;0;0;0;0;0;0;0;0;0;0;0;0;0;0;0;0;0;0;0;0;0;0;0;0;0;0;0;0;0;0;0;0;0;0;0;0;0;0;0;0;0;0;0;0;0;0;0;0;0;0;0;0;0;0;0;1;0;0;0;1;1;0;2018-06-22 17:30:00;1211;0;72;37;25;0;1;1;3;0;3;1;3;4;1;0;2;0;1;2;-1;0;0;0;0;0;0;0;0;1;0;1;0;0;1;1;0;0;1;0;0;0;-1;-1;-1;-1;-1;-1;-1;-1;-1;29;29;93;100;100;57;79;72;43;6.25;0;5.57;3.5;07 Vestur;Víkingur;0.77;1.62;0.43;1.86;0.29;1.64;72;72;7;0;0;38;38;38;0;1.78;1.78;1152;27;Y;N;N;N;N;N;N
341299;6872;5415;2018;complete;2424;15;-1;90;89;1;1;2;-1;-1;-1;-1;-1;1;2;0;0;-1;-1;-1;-1;-1;-1;-1;-1;-1;-1;1;2;4.85;4.05;1.49;0;0;0;0;0;0;0;0;0;0;0;0;0;0;0;0;0;0;0;0;0;0;0;0;0;0;0;0;0;0;0;0;0;0;0;0;0;0;0;0;0;0;0;0;0;0;0;0;0;0;0;0;0;0;0;0;0;0;0;0;0;0;0;0;0;2;0;0;1;1;2;0;2018-06-22 17:00:00;-1;0;35;9;9;0;-1;1;-1;-1;-1;-1;-1;-1;1;0;0;2;1;2;-1;0;0;0;0;0;0;0;0;0;0;0;0;0;1;1;0;0;-1;-1;0;0;-1;-1;-1;-1;-1;-1;-1;-1;-1;15;29;55;94;94;35;61;68;41;9.5;0;4.47;2.85;Skála;NSÍ;1.43;2.21;1.63;2.43;1.21;1.86;86;72;46;7;7;50;25;25;2.07;1.51;3.58;1152;27;Y;Y;N;N;N;N;Y
341300;997;5404;2018;complete;2424;15;-1;;53;0;1;1;-1;-1;-1;-1;-1;1;1;0;0;-1;-1;-1;-1;-1;-1;-1;-1;-1;-1;1;1;5.35;4.3;1.43;0;0;0;0;0;0;0;0;0;0;0;0;0;0;0;0;0;0;0;0;0;0;0;0;0;0;0;0;0;0;0;0;0;0;0;0;0;0;0;0;0;0;0;0;0;0;0;0;0;0;0;0;0;0;0;0;0;0;0;0;0;0;0;0;0;1;0;0;0;1;1;0;2018-06-22 18:00:00;5404;0;43;7;32;0;-1;1;-1;-1;-1;-1;-1;-1;0;1;1;0;1;1;-1;0;0;0;0;0;0;0;0;0;0;0;0;0;1;1;0;0;-1;-1;0;0;-1;-1;-1;-1;-1;-1;-1;-1;-1;18;30;47;60;82;11;58;47;30;13.33;0;3.86;2.36;EB - Streymur;KÍ;0.93;1.79;1.38;2.44;1.21;2.29;83;71;53;41;18;67;67;67;1.22;1.59;2.81;1152;27;Y;N;N;N;N;N;N
341301;6873;985;2018;complete;2424;15;-1;39;32,41,57,90;1;4;5;-1;-1;-1;-1;-1;1;2;0;0;-1;-1;-1;-1;-1;-1;-1;-1;-1;-1;1;2;6.35;4.45;1.34;0;0;0;0;0;0;0;0;0;0;0;0;0;0;0;0;0;0;0;0;0;0;0;0;0;0;0;0;0;0;0;0;0;0;0;0;0;0;0;0;0;0;0;0;0;0;0;0;0;0;0;0;0;0;0;0;0;0;0;0;0;0;0;0;0;5;1;2;0;2;2;3;2018-06-23 17:30:00;985;0;36;21;17;0;-1;1;-1;-1;-1;-1;-1;-1;0;0;1;2;0;3;-1;0;0;0;0;0;0;0;0;0;0;0;0;0;1;1;0;0;-1;-1;0;0;-1;-1;-1;-1;-1;-1;-1;-1;-1;15;22;43;50;100;29;58;43;22;8;0;5;2.29;TB / FCS / Royn;HB;1;2.86;0.43;2.71;0.79;2.64;86;79;57;50;0;50;50;34;1.16;1.4;2.56;1152;27;Y;Y;Y;Y;Y;N;Y
341302;6875;66;2018;complete;2424;15;-1;79;17,20,43,43;1;4;5;7;14;21;0;6;1;1;1;0;5;13;8;7;13;20;5;10;44;56;3;1;5.4;4.6;1.38;0;0;0;0;0;0;0;0;0;0;0;0;0;0;0;0;0;0;0;0;0;0;0;0;0;0;0;0;0;0;0;0;0;0;0;0;0;0;0;0;0;0;0;0;0;0;0;0;0;0;0;0;0;0;0;0;0;0;0;0;0;0;0;0;0;5;0;4;1;0;1;4;2018-06-22 17:00:00;66;0;43;13;25;0;1;1;1;13;6;1;14;7;1;0;1;1;1;2;1;0;0;0;0;1.71;2.71;4.42;0;1;0;1;0;0;1;1;0;0;1;4;0;0;-1;-1;-1;-1;-1;-1;-1;-1;-1;7;15;43;93;100;22;57;72;36;13.33;0;4.21;2.57;AB;B36;0.57;1.71;0.57;1.29;0.57;1.79;93;86;58;7;0;92;92;75;1.51;2.18;3.69;1152;27;Y;Y;Y;Y;Y;N;Y
341303;1211;997;2018;complete;2424;16;-1;68,81,90;59;3;1;4;12;3;15;-1;-1;2;1;0;0;9;4;7;7;16;11;-1;-1;49;51;2;1;1.31;5.15;5.8;0;0;0;0;0;0;0;0;0;0;0;0;0;0;0;0;0;0;0;0;0;0;0;0;0;0;0;0;0;0;0;0;0;0;0;0;0;0;0;0;0;0;0;0;0;0;0;0;0;0;0;0;0;0;0;0;0;0;0;0;0;0;0;0;0;4;0;0;3;1;4;0;2018-06-27 18:00:00;1211;0;37;20;10;0;1;1;4;0;8;0;4;8;0;0;2;1;0;3;1;0;0;0;0;2.3;1.36;3.66;0;0;0;0;0;0;1;1;0;0;0;0;0;0;-1;-1;-1;-1;-1;-1;-1;-1;-1;16;16;52;77;93;47;47;47;17;6;0;5.25;2.54;Víkingur;EB - Streymur;1.29;0.62;1.43;1;1.73;1.13;85;85;48;23;7;50;50;0;0;1.44;1.44;1152;27;Y;Y;Y;Y;N;N;Y
341304;5404;6872;2018;complete;2424;16;-1;-1,-1,-1;-1;3;1;4;-1;-1;-1;-1;-1;-1;-1;-1;-1;-1;-1;-1;-1;-1;-1;-1;-1;-1;-1;-1;-1;1.28;5;7.25;0;0;0;0;0;0;0;0;0;0;0;0;0;0;0;0;0;0;0;0;0;0;0;0;0;0;0;0;0;0;0;0;0;0;0;0;0;0;0;0;0;0;0;0;0;0;0;0;0;0;0;0;0;0;0;0;0;0;0;0;0;0;0;0;0;4;0;0;0;0;0;0;2018-07-27 17:00:00;5404;0;57;27;44;1;-1;-1;-1;-1;-1;-1;-1;-1;-1;-1;-1;-1;-1;-1;-1;0;0;0;0;0;0;0;-1;-1;-1;-1;-1;-1;-1;-1;-1;-1;-1;-1;-1;-1;-1;-1;-1;-1;-1;-1;-1;-1;-1;17;37;47;75;92;45;45;55;37;12.5;0;3.75;2.75;KÍ;Skála;2;0.69;2;0.67;2.33;1.2;84;64;54;25;9;100;100;100;2.23;1.12;3.35;1152;27;Y;Y;Y;Y;N;N;Y
341305;6875;6873;2018;complete;2424;16;-1;;35,51,66,69;0;4;4;9;1;10;-1;-1;1;2;0;1;5;7;4;5;9;12;-1;-1;50;50;1;4;2.45;3.7;2.25;0;0;0;0;0;0;0;0;0;0;0;0;0;0;0;0;0;0;0;0;0;0;0;0;0;0;0;0;0;0;0;0;0;0;0;0;0;0;0;0;0;0;0;0;0;0;0;0;0;0;0;0;0;0;0;0;0;0;0;0;0;0;0;0;0;4;0;1;0;3;3;1;2018-07-27 15:00:00;6873;0;34;9;9;0;1;1;3;1;6;0;4;6;0;1;1;2;1;3;1;0;0;0;0;1.47;1.59;3.06;0;0;0;0;0;0;1;1;0;0;1;0;0;1;-1;-1;-1;-1;-1;-1;-1;-1;-1;7;14;41;80;93;27;73;80;27;8;0;2.88;2.34;AB;TB / FCS / Royn;0.57;1.08;0.5;1.14;0.53;0.73;94;87;59;21;7;43;43;29;1.53;1.5;3.03;1152;27;Y;Y;Y;Y;N;N;N
341306;985;5415;2018;complete;2424;16;-1;;61,65;0;2;2;9;6;15;3;1;2;1;0;0;7;8;8;5;15;13;12;7;52;48;2;1;1.71;3.75;3.7;0;0;0;0;0;0;0;0;0;0;0;0;0;0;0;0;0;0;0;0;0;0;0;0;0;0;0;0;0;0;0;0;0;0;0;0;0;0;0;0;0;0;0;0;0;0;0;0;0;0;0;0;0;0;0;0;0;0;0;0;0;0;0;0;0;2;0;0;0;2;2;0;2018-07-28 17:30:00;5415;0;53;24;23;0;1;1;3;0;6;6;3;12;0;0;2;1;0;3;1;0;0;0;0;1.87;1.82;3.69;0;0;0;0;0;0;1;1;0;0;1;0;0;0;-1;-1;-1;-1;-1;-1;-1;-1;-1;20;40;75;93;100;40;60;87;53;10.83;0;4.57;3.26;HB;NSÍ;2.54;2.21;2.57;2.25;2.67;1.8;81;61;26;7;0;67;67;59;2.04;1.51;3.55;1152;27;Y;Y;N;N;N;N;N
341307;66;6874;2018;complete;2424;16;-1;36,89;;2;0;2;5;1;6;2;2;1;1;0;0;7;3;5;3;12;6;8;14;60;40;1;1;1.13;6.95;11;0;0;0;0;0;0;0;0;0;0;0;0;0;0;0;0;0;0;0;0;0;0;0;0;0;0;0;0;0;0;0;0;0;0;0;0;0;0;0;0;0;0;0;0;0;0;0;0;0;0;0;0;0;0;0;0;0;0;0;0;0;0;0;0;0;2;1;0;1;0;1;1;2018-09-26 16:15:00;66;0;82;22;62;0;1;1;4;0;1;1;4;2;0;0;1;1;0;2;1;0;0;0;0;1.92;0.85;2.77;0;0;0;0;0;0;1;1;0;0;1;0;0;0;-1;-1;-1;-1;-1;-1;-1;-1;-1;34;48;86;95;100;30;63;77;63;12.17;0;3.35;3.72;B36;07 Vestur;2.23;0.5;2.3;0.64;1.95;0.59;67;53;15;5;0;82;75;59;2.22;1.72;3.94;1152;27;Y;Y;N;N;N;N;N
341308;985;6872;2018;complete;2424;17;-1;27,80;90;2;1;3;5;4;9;4;5;2;4;0;0;7;3;9;10;16;13;13;16;51;49;2;4;1.38;4.55;5.5;0;0;0;0;0;0;0;0;0;0;0;0;0;0;0;0;0;0;0;0;0;0;0;0;0;0;0;0;0;0;0;0;0;0;0;0;0;0;0;0;0;0;0;0;0;0;0;0;0;0;0;0;0;0;0;0;0;0;0;0;0;0;0;0;0;3;1;0;1;1;2;1;2018-08-05 14:00:00;985;0;41;25;17;0;1;1;3;3;2;1;6;3;2;1;0;3;3;3;1;0;0;0;0;1.95;1.37;3.32;0;0;0;0;0;0;1;1;0;0;0;0;0;0;-1;-1;-1;-1;-1;-1;-1;-1;-1;21;34;59;73;93;34;47;66;40;10.21;0;3.75;2.86;HB;Skála;2.54;0.69;2.25;0.57;2.5;1.13;80;66;41;28;7;93;93;86;2.01;1.12;3.13;1152;27;Y;Y;Y;N;N;N;Y
341309;5404;6874;2018;complete;2424;17;-1;49,52,65;;3;0;3;-1;-1;-1;-1;-1;2;0;0;0;-1;-1;-1;-1;-1;-1;-1;-1;-1;-1;2;0;1.03;9.25;20.5;0;0;0;0;0;0;0;0;0;0;0;0;0;0;0;0;0;0;0;0;0;0;0;0;0;0;0;0;0;0;0;0;0;0;0;0;0;0;0;0;0;0;0;0;0;0;0;0;0;0;0;0;0;0;0;0;0;0;0;0;0;0;0;0;0;3;0;0;3;0;3;0;2018-08-05 14:00:00;5404;0;85;17;67;0;-1;1;-1;-1;-1;-1;-1;-1;1;0;1;0;1;1;-1;0;0;0;0;0;0;0;1;0;1;0;0;0;1;1;0;0;-1;-1;0;0;-1;-1;-1;-1;-1;-1;-1;-1;-1;7;47;77;100;100;17;38;47;31;12;0;4.33;3.3;KÍ;07 Vestur;2;0.5;2.17;0.14;2.38;0.27;93;54;24;0;0;100;100;100;2.23;1.42;3.65;1152;27;Y;Y;Y;N;N;N;N
341310;6873;66;2018;complete;2424;17;-1;-1;-1;1;1;2;-1;-1;-1;-1;-1;-1;-1;-1;-1;-1;-1;-1;-1;-1;-1;-1;-1;-1;-1;-1;-1;5.75;4.95;1.34;0;0;0;0;0;0;0;0;0;0;0;0;0;0;0;0;0;0;0;0;0;0;0;0;0;0;0;0;0;0;0;0;0;0;0;0;0;0;0;0;0;0;0;0;0;0;0;0;0;0;0;0;0;0;0;0;0;0;0;0;0;0;0;0;0;2;0;0;0;0;0;0;2018-08-06 15:00:00;-1;0;51;25;35;1;-1;-1;-1;-1;-1;-1;-1;-1;-1;-1;-1;-1;-1;-1;-1;0;0;0;0;0;0;0;-1;-1;-1;-1;-1;-1;-1;-1;-1;-1;-1;-1;-1;-1;-1;-1;-1;-1;-1;-1;-1;-1;-1;32;44;63;75;100;44;69;57;44;13.67;0;4.06;3.13;TB / FCS / Royn;B36;1;1.71;0.38;1.5;0.88;1.87;69;57;38;25;0;50;50;50;1.16;2.36;3.52;1152;27;Y;Y;N;N;N;N;Y
341311;5415;997;2018;complete;2424;17;-1;31,43,65,76,90;;5;0;5;-1;-1;-1;-1;-1;0;3;0;0;-1;-1;-1;-1;-1;-1;-1;-1;-1;-1;0;3;1.31;4.95;6.05;0;0;0;0;0;0;0;0;0;0;0;0;0;0;0;0;0;0;0;0;0;0;0;0;0;0;0;0;0;0;0;0;0;0;0;0;0;0;0;0;0;0;0;0;0;0;0;0;0;0;0;0;0;0;0;0;0;0;0;0;0;0;0;0;0;5;2;0;3;0;3;2;2018-08-05 14:00:00;5415;0;36;9;33;0;-1;1;-1;-1;-1;-1;-1;-1;0;0;0;3;0;3;-1;0;0;0;0;0;0;0;0;0;0;0;0;0;1;1;0;0;-1;-1;0;0;-1;-1;-1;-1;-1;-1;-1;-1;-1;14;29;50;79;100;22;36;43;36;11;0;5.16;2.79;NSÍ;EB - Streymur;1.85;0.62;1.29;0.86;1.88;1.06;86;71;50;22;0;100;100;67;1.43;1.41;2.84;1152;27;Y;Y;Y;Y;Y;N;N
341312;1211;6875;2018;complete;2424;17;-1;30,62,90;;3;0;3;11;5;16;-1;-1;2;3;0;0;9;2;7;6;16;8;-1;-1;50;50;2;3;1.09;8.25;11.25;0;0;0;0;0;0;0;0;0;0;0;0;0;0;0;0;0;0;0;0;0;0;0;0;0;0;0;0;0;0;0;0;0;0;0;0;0;0;0;0;0;0;0;0;0;0;0;0;0;0;0;0;0;0;0;0;0;0;0;0;0;0;0;0;0;3;1;0;2;0;2;1;2018-08-05 14:00:00;1211;0;46;9;17;0;1;1;7;3;4;2;10;6;0;1;2;2;1;4;1;0;0;0;0;2.05;0.84;2.9;1;0;1;0;0;0;1;1;0;0;1;1;0;0;-1;-1;-1;-1;-1;-1;-1;-1;-1;21;34;66;73;87;19;34;54;28;14.4;0;6.67;2.88;Víkingur;AB;1.29;0.77;1.63;0.57;1.81;0.5;80;66;34;27;14;80;70;70;2.3;0.86;3.16;1152;27;Y;Y;Y;N;N;N;N
341313;66;997;2018;complete;2424;18;-1;38,46;33,88;2;2;4;-1;-1;-1;-1;-1;2;1;0;0;-1;-1;-1;-1;-1;-1;-1;-1;-1;-1;2;1;1.28;5;7;0;0;0;0;0;0;0;0;0;0;0;0;0;0;0;0;0;0;0;0;0;0;0;0;0;0;0;0;0;0;0;0;0;0;0;0;0;0;0;0;0;0;0;0;0;0;0;0;0;0;0;0;0;0;0;0;0;0;0;0;0;0;0;0;0;4;1;1;1;1;2;2;2018-08-10 17:00:00;-1;0;56;24;48;0;-1;1;-1;-1;-1;-1;-1;-1;1;0;1;1;1;2;-1;0;0;0;0;0;0;0;0;0;0;0;0;0;1;1;0;0;-1;-1;0;0;-1;-1;-1;-1;-1;-1;-1;-1;-1;34;41;61;87;100;47;61;75;61;12.67;0;4;3.29;B36;EB - Streymur;2.23;0.62;2.29;0.75;1.81;1;66;60;40;14;0;75;75;42;2.15;1.41;3.56;1152;27;Y;Y;Y;Y;N;N;Y
341314;5404;985;2018;complete;2424;18;-1;;-1;0;1;1;-1;-1;-1;-1;-1;-1;-1;-1;-1;-1;-1;-1;-1;-1;-1;-1;-1;-1;-1;-1;-1;1.83;3.65;3.3;0;0;0;0;0;0;0;0;0;0;0;0;0;0;0;0;0;0;0;0;0;0;0;0;0;0;0;0;0;0;0;0;0;0;0;0;0;0;0;0;0;0;0;0;0;0;0;0;0;0;0;0;0;0;0;0;0;0;0;0;0;0;0;0;0;1;0;0;0;0;0;0;2018-08-10 17:00:00;985;0;61;33;25;1;-1;-1;-1;-1;-1;-1;-1;-1;-1;-1;-1;-1;-1;-1;-1;0;0;0;0;0;0;0;-1;-1;-1;-1;-1;-1;-1;-1;-1;-1;-1;-1;-1;-1;-1;-1;-1;-1;-1;-1;-1;-1;-1;7;28;61;82;100;27;34;54;28;13;0;4.8;2.76;KÍ;HB;2;2.86;2.29;2.75;2.41;2.53;94;73;40;19;0;100;100;84;2.23;1.4;3.63;1152;27;Y;N;N;N;N;N;N
341315;6874;6875;2018;complete;2424;18;-1;-1;;1;0;1;-1;-1;-1;-1;-1;-1;-1;-1;-1;-1;-1;-1;-1;-1;-1;-1;-1;-1;-1;-1;-1;2.3;3.75;2.4;0;0;0;0;0;0;0;0;0;0;0;0;0;0;0;0;0;0;0;0;0;0;0;0;0;0;0;0;0;0;0;0;0;0;0;0;0;0;0;0;0;0;0;0;0;0;0;0;0;0;0;0;0;0;0;0;0;0;0;0;0;0;0;0;0;1;0;0;0;0;0;0;2018-08-12 14:00:00;6874;0;32;17;7;1;-1;-1;-1;-1;-1;-1;-1;-1;-1;-1;-1;-1;-1;-1;-1;0;0;0;0;0;0;0;-1;-1;-1;-1;-1;-1;-1;-1;-1;-1;-1;-1;-1;-1;-1;-1;-1;-1;-1;-1;-1;-1;-1;32;38;76;82;94;32;51;63;38;8.83;0;6.07;3.25;07 Vestur;AB;0.77;0.77;0.38;0.5;0.25;0.47;69;63;26;19;7;34;25;25;0;0.86;0.86;1152;27;Y;N;N;N;N;N;N
341316;5415;6873;2018;complete;2424;18;-1;-1;;1;0;1;-1;-1;-1;-1;-1;-1;-1;-1;-1;-1;-1;-1;-1;-1;-1;-1;-1;-1;-1;-1;-1;0;0;0;0;0;0;0;0;0;0;0;0;0;0;0;0;0;0;0;0;0;0;0;0;0;0;0;0;0;0;0;0;0;0;0;0;0;0;0;0;0;0;0;0;0;0;0;0;0;0;0;0;0;0;0;0;0;0;0;0;0;0;0;0;0;0;0;0;1;0;0;0;0;0;0;2018-08-11 22:00:00;5415;0;32;7;20;1;-1;-1;-1;-1;-1;-1;-1;-1;-1;-1;-1;-1;-1;-1;-1;0;0;0;0;0;0;0;-1;-1;-1;-1;-1;-1;-1;-1;-1;-1;-1;-1;-1;-1;-1;-1;-1;-1;-1;-1;-1;-1;-1;13;32;63;75;94;19;57;57;38;7.5;0;4;2.82;NSÍ;TB / FCS / Royn;1.85;1.08;1.5;1.38;1.94;0.88;88;69;38;25;7;75;75;50;1.43;1.55;2.98;1152;27;Y;N;N;N;N;N;N
341317;6872;1211;2018;complete;2424;18;-1;;25,33;0;2;2;2;5;7;1;1;1;2;0;0;5;8;8;7;13;15;10;16;57;43;1;2;3.95;4;1.61;0;0;0;0;0;0;0;0;0;0;0;0;0;0;0;0;0;0;0;0;0;0;0;0;0;0;0;0;0;0;0;0;0;0;0;0;0;0;0;0;0;0;0;0;0;0;0;0;0;0;0;0;0;0;0;0;0;0;0;0;0;0;0;0;0;2;0;2;0;0;0;2;2018-08-12 14:00:00;1211;0;55;15;29;0;1;1;1;2;1;3;3;4;0;0;1;2;0;3;1;0;0;0;0;1.57;1.83;3.39;0;0;0;0;0;0;1;1;0;0;0;1;0;0;-1;-1;-1;-1;-1;-1;-1;-1;-1;7;7;54;89;95;25;60;72;42;10.2;0;4.38;2.5;Skála;Víkingur;1.43;1.62;1.56;2;1.06;1.88;94;94;46;12;6;55;30;30;2.07;1.78;3.85;1152;27;Y;Y;N;N;N;N;N
341318;985;6873;2018;complete;2424;19;-1;9,15,35,79;;4;0;4;-1;-1;-1;-1;-1;0;3;0;0;-1;-1;-1;-1;-1;-1;-1;-1;-1;-1;0;3;1.29;5.15;6.9;0;0;0;0;0;0;0;0;0;0;0;0;0;0;0;0;0;0;0;0;0;0;0;0;0;0;0;0;0;0;0;0;0;0;0;0;0;0;0;0;0;0;0;0;0;0;0;0;0;0;0;0;0;0;0;0;0;0;0;0;0;0;0;0;0;4;3;0;1;0;1;3;2018-08-19 14:00:00;985;0;33;20;20;0;-1;1;-1;-1;-1;-1;-1;-1;0;1;0;2;1;2;-1;0;0;0;0;0;0;0;0;0;0;0;0;0;1;1;1;0;-1;-1;0;0;-1;-1;-1;-1;-1;-1;-1;-1;-1;6;22;67;78;95;22;62;78;45;8;0;3.5;2.67;HB;TB / FCS / Royn;2.54;1.08;2.33;1.22;2.58;0.83;95;78;33;22;6;69;63;32;2.01;1.55;3.56;1152;27;Y;Y;Y;Y;N;N;N
341319;5404;997;2018;complete;2424;19;-1;17,68,90;;3;0;3;-1;-1;-1;-1;-1;1;0;0;0;-1;-1;-1;-1;-1;-1;-1;-1;-1;-1;1;0;1.23;5.5;7.75;0;0;0;0;0;0;0;0;0;0;0;0;0;0;0;0;0;0;0;0;0;0;0;0;0;0;0;0;0;0;0;0;0;0;0;0;0;0;0;0;0;0;0;0;0;0;0;0;0;0;0;0;0;0;0;0;0;0;0;0;0;0;0;0;0;3;1;0;2;0;2;1;2018-08-19 14:00:00;5404;0;48;25;44;0;-1;1;-1;-1;-1;-1;-1;-1;0;0;1;0;0;1;-1;0;0;0;0;0;0;0;0;0;0;0;0;0;1;1;0;0;-1;-1;0;0;-1;-1;-1;-1;-1;-1;-1;-1;-1;11;41;60;89;100;41;41;59;47;14;0;3.88;3;KÍ;EB - Streymur;2;0.62;2;0.78;2.16;1;89;60;41;12;0;100;100;67;2.23;1.41;3.64;1152;27;Y;Y;Y;N;N;N;N
341320;6875;66;2018;complete;2424;19;-1;-1;-1;1;1;2;-1;-1;-1;-1;-1;-1;-1;-1;-1;-1;-1;-1;-1;-1;-1;-1;-1;-1;-1;-1;-1;5.35;4.7;1.38;0;0;0;0;0;0;0;0;0;0;0;0;0;0;0;0;0;0;0;0;0;0;0;0;0;0;0;0;0;0;0;0;0;0;0;0;0;0;0;0;0;0;0;0;0;0;0;0;0;0;0;0;0;0;0;0;0;0;0;0;0;0;0;0;0;2;0;0;0;0;0;0;2018-08-19 14:00:00;-1;0;50;10;20;1;-1;-1;-1;-1;-1;-1;-1;-1;-1;-1;-1;-1;-1;-1;-1;0;0;0;0;0;0;0;-1;-1;-1;-1;-1;-1;-1;-1;-1;-1;-1;-1;-1;-1;-1;-1;-1;-1;-1;-1;-1;-1;-1;17;28;50;95;100;28;61;73;33;16.05;0;3.98;2.89;AB;B36;0.57;1.71;0.44;1.44;0.44;1.83;84;73;50;6;0;94;94;75;1.53;2.36;3.89;1152;27;Y;Y;N;N;N;N;Y
341321;5415;6872;2018;complete;2424;19;-1;-1,-1;;2;0;2;-1;-1;-1;-1;-1;-1;-1;-1;-1;-1;-1;-1;-1;-1;-1;-1;-1;-1;-1;-1;-1;0;0;0;0;0;0;0;0;0;0;0;0;0;0;0;0;0;0;0;0;0;0;0;0;0;0;0;0;0;0;0;0;0;0;0;0;0;0;0;0;0;0;0;0;0;0;0;0;0;0;0;0;0;0;0;0;0;0;0;0;0;0;0;0;0;0;0;0;2;0;0;0;0;0;0;2018-08-18 22:00:00;5415;0;42;9;29;1;-1;-1;-1;-1;-1;-1;-1;-1;-1;-1;-1;-1;-1;-1;-1;0;0;0;0;0;0;0;-1;-1;-1;-1;-1;-1;-1;-1;-1;-1;-1;-1;-1;-1;-1;-1;-1;-1;-1;-1;-1;-1;-1;24;36;53;65;94;25;42;42;36;9.67;0;4.7;2.82;NSÍ;Skála;1.85;0.69;1.67;0.5;2;1;77;65;47;36;7;100;84;84;1.43;1.2;2.63;1152;27;Y;Y;N;N;N;N;N
341322;1211;6874;2018;complete;2424;19;-1;54;38,53,69,82;1;4;5;7;3;10;-1;-1;2;2;1;0;6;12;11;6;17;18;-1;-1;51;49;4;2;1.15;6.95;9;0;0;0;0;0;0;0;0;0;0;0;0;0;0;0;0;0;0;0;0;0;0;0;0;0;0;0;0;0;0;0;0;0;0;0;0;0;0;0;0;0;0;0;0;0;0;0;0;0;0;0;0;0;0;0;0;0;0;0;0;0;0;0;0;0;5;0;1;1;3;4;1;2018-08-19 14:00:00;6874;0;66;7;32;0;1;1;2;3;5;0;5;5;3;0;0;2;3;2;1;0;0;0;0;1.97;2.17;4.15;0;0;0;0;0;0;1;1;0;0;1;1;1;0;-1;-1;-1;-1;-1;-1;-1;-1;-1;12;30;83;89;95;17;41;53;30;14.5;0;4.58;3.08;Víkingur;07 Vestur;1.29;0.5;1.78;0.13;1.94;0.39;89;71;18;11;6;100;100;100;2.18;1.42;3.6;1152;27;Y;Y;Y;Y;Y;N;Y
341323;1211;6873;2018;complete;2424;20;-1;;44,80;0;2;2;9;5;14;-1;-1;2;2;0;0;7;5;12;6;19;11;-1;-1;51;49;2;2;1.33;4.85;6.3;0;0;0;0;0;0;0;0;0;0;0;0;0;0;0;0;0;0;0;0;0;0;0;0;0;0;0;0;0;0;0;0;0;0;0;0;0;0;0;0;0;0;0;0;0;0;0;0;0;0;0;0;0;0;0;0;0;0;0;0;0;0;0;0;0;2;0;1;0;1;1;1;2018-08-23 16:30:00;6873;0;40;13;19;0;1;1;4;1;5;4;5;9;0;1;2;1;1;3;1;0;0;0;0;2.23;1.34;3.57;0;0;0;0;0;0;1;1;0;0;1;1;0;0;-1;-1;-1;-1;-1;-1;-1;-1;-1;10;30;70;75;90;30;60;65;30;11.5;0;4.71;2.75;Víkingur;TB / FCS / Royn;1.29;1.08;1.6;1.1;1.84;0.79;90;70;30;25;10;75;75;34;2.11;1.55;3.66;1152;27;Y;Y;N;N;N;N;N
341324;6875;5415;2018;complete;2424;20;-1;;25,55;0;2;2;2;5;7;3;1;2;0;0;0;6;9;4;6;10;15;13;3;42;58;2;0;11.25;6;1.16;0;0;0;0;0;0;0;0;0;0;0;0;0;0;0;0;0;0;0;0;0;0;0;0;0;0;0;0;0;0;0;0;0;0;0;0;0;0;0;0;0;0;0;0;0;0;0;0;0;0;0;0;0;0;0;0;0;0;0;0;0;0;0;0;0;2;0;1;0;1;1;1;2018-08-23 17:00:00;5415;0;48;7;13;0;1;1;1;5;1;0;6;1;0;0;2;0;0;2;1;0;0;0;0;1.41;1.96;3.37;0;0;0;0;0;0;1;1;0;0;0;2;0;0;-1;-1;-1;-1;-1;-1;-1;-1;-1;16;32;43;95;100;32;63;85;49;11.38;0;4.16;2.86;AB;NSÍ;0.57;2.21;0.5;2.33;0.47;2.05;84;68;57;5;0;78;78;59;1.53;1.61;3.14;1152;27;Y;Y;N;N;N;N;N
341325;997;6872;2018;complete;2424;20;-1;22;75;1;1;2;-1;-1;-1;-1;-1;3;2;0;0;-1;-1;-1;-1;-1;-1;-1;-1;-1;-1;3;2;2.2;3.45;2.65;0;0;0;0;0;0;0;0;0;0;0;0;0;0;0;0;0;0;0;0;0;0;0;0;0;0;0;0;0;0;0;0;0;0;0;0;0;0;0;0;0;0;0;0;0;0;0;0;0;0;0;0;0;0;0;0;0;0;0;0;0;0;0;0;0;2;1;0;0;1;1;1;2018-08-23 18:00:00;-1;0;50;9;38;0;-1;1;-1;-1;-1;-1;-1;-1;2;1;1;1;3;2;-1;0;0;0;0;0;0;0;0;0;0;0;0;0;1;1;0;0;-1;-1;0;0;-1;-1;-1;-1;-1;-1;-1;-1;-1;17;33;44;62;84;17;39;50;33;12.67;0;4.03;2.45;EB - Streymur;Skála;0.93;0.69;1.22;0.44;0.95;0.95;84;67;56;39;17;100;84;84;1.22;1.2;2.42;1152;27;Y;Y;N;N;N;N;Y
341326;66;5404;2018;complete;2424;20;-1;59,80;69;2;1;3;7;5;12;2;0;1;1;0;0;5;5;8;3;13;8;19;10;44;56;1;1;2.45;3.7;2.2;0;0;0;0;0;0;0;0;0;0;0;0;0;0;0;0;0;0;0;0;0;0;0;0;0;0;0;0;0;0;0;0;0;0;0;0;0;0;0;0;0;0;0;0;0;0;0;0;0;0;0;0;0;0;0;0;0;0;0;0;0;0;0;0;0;3;0;0;2;1;3;0;2018-08-16 17:00:00;66;0;54;27;41;0;1;1;4;2;3;3;6;6;0;0;1;1;0;2;1;0;0;0;0;1.54;1.31;2.85;0;0;0;0;0;0;1;1;0;0;1;0;0;0;-1;-1;-1;-1;-1;-1;-1;-1;-1;29;35;58;69;95;35;73;69;48;12;0;3.75;2.92;B36;KÍ;2.23;1.79;2.13;2.5;1.76;2.28;72;65;43;32;5;42;42;42;2.15;1.59;3.74;1152;27;Y;Y;Y;N;N;N;Y
341327;6874;985;2018;complete;2424;20;-1;19;4,14,77,85;1;4;5;-1;-1;-1;-1;-1;4;1;0;0;-1;-1;-1;-1;-1;-1;-1;-1;-1;-1;4;1;15.75;8.75;1.06;0;0;0;0;0;0;0;0;0;0;0;0;0;0;0;0;0;0;0;0;0;0;0;0;0;0;0;0;0;0;0;0;0;0;0;0;0;0;0;0;0;0;0;0;0;0;0;0;0;0;0;0;0;0;0;0;0;0;0;0;0;0;0;0;0;5;1;2;0;2;2;3;2018-08-16 18:00:00;985;0;39;37;0;0;-1;1;-1;-1;-1;-1;-1;-1;0;0;4;1;0;5;-1;0;0;0;0;0;0;0;0;0;0;0;0;0;1;1;0;1;-1;-1;0;0;-1;-1;-1;-1;-1;-1;-1;-1;-1;22;22;61;67;100;39;45;50;17;10;0;5.3;2.72;07 Vestur;HB;0.77;2.86;0.67;2.78;0.41;2.56;78;78;39;33;0;50;50;34;0;1.4;1.4;1152;27;Y;Y;Y;Y;Y;N;Y
341328;985;6875;2018;complete;2424;21;-1;11,14,69;;3;0;3;-1;-1;-1;-1;-1;1;3;0;0;-1;-1;-1;-1;-1;-1;-1;-1;-1;-1;1;3;1.14;7.25;9;0;0;0;0;0;0;0;0;0;0;0;0;0;0;0;0;0;0;0;0;0;0;0;0;0;0;0;0;0;0;0;0;0;0;0;0;0;0;0;0;0;0;0;0;0;0;0;0;0;0;0;0;0;0;0;0;0;0;0;0;0;0;0;0;0;3;2;0;1;0;1;2;2018-08-31 22:00:00;985;0;31;11;18;0;-1;1;-1;-1;-1;-1;-1;-1;1;1;0;2;2;2;-1;0;0;0;0;0;0;0;0;0;0;0;0;0;1;1;0;0;-1;-1;0;0;-1;-1;-1;-1;-1;-1;-1;-1;-1;16;32;68;79;95;15;47;73;47;9.33;0;5.35;2.94;HB;AB;2.54;0.77;2.4;0.44;2.6;0.45;84;69;32;22;6;78;63;57;2.01;0.86;2.87;1152;27;Y;Y;Y;N;N;N;N
341329;5404;1211;2018;complete;2424;21;-1;16;11;1;1;2;-1;-1;-1;-1;-1;2;2;0;0;-1;-1;-1;-1;-1;-1;-1;-1;-1;-1;2;2;2.15;3.7;2.6;0;0;0;0;0;0;0;0;0;0;0;0;0;0;0;0;0;0;0;0;0;0;0;0;0;0;0;0;0;0;0;0;0;0;0;0;0;0;0;0;0;0;0;0;0;0;0;0;0;0;0;0;0;0;0;0;0;0;0;0;0;0;0;0;0;2;1;1;0;0;0;2;2018-08-30 22:00:00;-1;0;67;23;39;0;-1;1;-1;-1;-1;-1;-1;-1;1;1;1;1;2;2;-1;0;0;0;0;0;0;0;0;0;0;0;0;0;1;1;0;0;-1;-1;0;0;-1;-1;-1;-1;-1;-1;-1;-1;-1;6;22;67;89;100;33;56;67;44;14.17;0;4.43;2.84;KÍ;Víkingur;2;1.62;2.11;2.11;2.2;1.75;95;78;33;11;0;75;75;75;2.23;1.79;4.02;1152;27;Y;Y;N;N;N;N;Y
341330;6873;997;2018;complete;2424;21;-1;9,69;10;2;1;3;-1;-1;-1;-1;-1;2;1;0;0;-1;-1;-1;-1;-1;-1;-1;-1;-1;-1;2;1;2.3;3.55;2.45;0;0;0;0;0;0;0;0;0;0;0;0;0;0;0;0;0;0;0;0;0;0;0;0;0;0;0;0;0;0;0;0;0;0;0;0;0;0;0;0;0;0;0;0;0;0;0;0;0;0;0;0;0;0;0;0;0;0;0;0;0;0;0;0;0;3;1;1;1;0;1;2;2018-08-31 22:00:00;6873;0;37;26;31;0;-1;1;-1;-1;-1;-1;-1;-1;1;1;1;0;2;1;-1;0;0;0;0;0;0;0;0;0;0;0;0;0;1;1;1;1;-1;-1;0;1;-1;-1;-1;-1;-1;-1;-1;-1;-1;27;42;52;73;100;47;69;57;52;9;0;3.53;2.94;TB / FCS / Royn;EB - Streymur;1;0.62;0.44;0.7;0.9;0.95;74;58;48;27;0;50;50;17;1.16;1.41;2.57;1152;27;Y;Y;Y;N;N;N;Y
341331;5415;66;2018;complete;2424;21;-1;80;45,54;1;2;3;-1;-1;-1;-1;-1;3;1;0;0;-1;-1;-1;-1;-1;-1;-1;-1;-1;-1;3;1;2;3.7;2.9;0;0;0;0;0;0;0;0;0;0;0;0;0;0;0;0;0;0;0;0;0;0;0;0;0;0;0;0;0;0;0;0;0;0;0;0;0;0;0;0;0;0;0;0;0;0;0;0;0;0;0;0;0;0;0;0;0;0;0;0;0;0;0;0;0;3;0;1;1;1;2;1;2018-08-31 22:00:00;66;0;50;10;33;0;-1;1;-1;-1;-1;-1;-1;-1;0;0;3;1;0;4;-1;0;0;0;0;0;0;0;0;0;0;0;0;0;1;1;0;0;-1;-1;0;0;-1;-1;-1;-1;-1;-1;-1;-1;-1;20;30;55;85;100;20;35;40;30;15.67;0;4.7;2.95;NSÍ;B36;1.85;1.71;1.8;1.4;2.1;1.79;80;70;45;15;0;100;100;100;1.43;2.36;3.79;1152;27;Y;Y;Y;N;N;N;Y
341332;6872;6874;2018;complete;2424;21;-1;15,41,42,54,84;;5;0;5;-1;-1;-1;-1;-1;0;1;0;0;-1;-1;-1;-1;-1;-1;-1;-1;-1;-1;0;1;0;0;0;0;0;0;0;0;0;0;0;0;0;0;0;0;0;0;0;0;0;0;0;0;0;0;0;0;0;0;0;0;0;0;0;0;0;0;0;0;0;0;0;0;0;0;0;0;0;0;0;0;0;0;0;0;0;0;0;0;0;0;0;0;0;0;0;0;5;3;0;2;0;2;3;2018-08-31 22:00:00;6872;0;49;0;37;0;-1;1;-1;-1;-1;-1;-1;-1;0;0;0;1;0;1;-1;0;0;0;0;0;0;0;0;0;0;0;0;0;1;1;0;0;-1;-1;0;0;-1;-1;-1;-1;-1;-1;-1;-1;-1;11;22;60;95;95;10;47;53;37;7;0;3.37;2.83;Skála;07 Vestur;1.43;0.5;1.4;0.44;0.95;0.53;89;78;41;5;5;67;50;25;1.82;1.8;3.62;1152;27;Y;Y;Y;Y;Y;N;N
341333;985;5415;2018;complete;2424;22;-1;39,42;79;2;1;3;7;1;8;-1;-1;3;3;0;0;6;3;6;4;12;7;-1;-1;47;53;3;3;2.35;3.55;2.35;0;0;0;0;0;0;0;0;0;0;0;0;0;0;0;0;0;0;0;0;0;0;0;0;0;0;0;0;0;0;0;0;0;0;0;0;0;0;0;0;0;0;0;0;0;0;0;0;0;0;0;0;0;0;0;0;0;0;0;0;0;0;0;0;0;3;2;0;0;1;1;2;2018-09-16 14:00:00;985;0;43;16;21;0;1;1;2;0;5;1;2;6;0;2;3;1;2;4;1;0;0;0;0;1.68;0.95;2.63;0;0;0;0;0;0;1;1;0;0;1;0;0;0;-1;-1;-1;-1;-1;-1;-1;-1;-1;15;34;66;96;100;38;62;91;53;11.5;0;3.81;3.1;HB;NSÍ;2.54;2.21;2.45;2.4;2.62;2;86;67;34;5;0;69;63;57;2.01;1.7;3.71;1152;27;Y;Y;Y;N;N;N;Y
341334;997;1211;2018;complete;2424;22;-1;44,90;13,74;2;2;4;4;4;8;-1;-1;3;2;0;0;7;8;4;11;11;19;-1;-1;48;52;3;2;3.3;3.95;1.77;0;0;0;0;0;0;0;0;0;0;0;0;0;0;0;0;0;0;0;0;0;0;0;0;0;0;0;0;0;0;0;0;0;0;0;0;0;0;0;0;0;0;0;0;0;0;0;0;0;0;0;0;0;0;0;0;0;0;0;0;0;0;0;0;0;4;1;1;1;1;2;2;2018-09-16 14:00:00;-1;0;70;17;36;0;1;1;2;3;2;1;5;3;1;1;2;1;2;3;1;0;0;0;0;1.45;2.26;3.71;1;0;1;0;0;0;1;1;0;0;0;1;0;0;-1;-1;-1;-1;-1;-1;-1;-1;-1;10;20;50;75;90;25;60;65;35;14.17;0;4.56;2.45;EB - Streymur;Víkingur;0.93;1.62;1.2;2;0.9;1.71;90;80;50;25;10;75;75;75;1.22;1.79;3.01;1152;27;Y;Y;Y;Y;N;N;Y
341335;6873;6875;2018;complete;2424;22;-1;;90;0;1;1;-1;-1;-1;-1;-1;3;2;0;0;-1;-1;-1;-1;-1;-1;-1;-1;-1;-1;3;2;1.61;3.85;4.1;0;0;0;0;0;0;0;0;0;0;0;0;0;0;0;0;0;0;0;0;0;0;0;0;0;0;0;0;0;0;0;0;0;0;0;0;0;0;0;0;0;0;0;0;0;0;0;0;0;0;0;0;0;0;0;0;0;0;0;0;0;0;0;0;0;1;0;0;0;1;1;0;2018-09-16 14:00:00;6875;0;35;19;19;0;-1;1;-1;-1;-1;-1;-1;-1;1;0;2;2;1;4;-1;0;0;0;0;0;0;0;0;0;0;0;0;0;1;1;0;0;-1;-1;0;0;-1;-1;-1;-1;-1;-1;-1;-1;-1;25;35;55;65;95;30;60;55;40;6.83;0;5.38;2.8;TB / FCS / Royn;AB;1;0.77;0.7;0.4;1;0.43;75;65;45;35;5;34;25;25;1.16;0.86;2.02;1152;27;Y;N;N;N;N;N;N
341336;6874;66;2018;complete;2424;22;-1;86;53,75,82;1;3;4;-1;-1;-1;-1;-1;1;2;1;0;-1;-1;-1;-1;-1;-1;-1;-1;-1;-1;3;2;9.75;6.2;1.17;0;0;0;0;0;0;0;0;0;0;0;0;0;0;0;0;0;0;0;0;0;0;0;0;0;0;0;0;0;0;0;0;0;0;0;0;0;0;0;0;0;0;0;0;0;0;0;0;0;0;0;0;0;0;0;0;0;0;0;0;0;0;0;0;0;4;0;0;1;3;4;0;2018-09-16 14:00:00;66;0;57;30;25;0;-1;1;-1;-1;-1;-1;-1;-1;0;0;2;2;0;4;-1;0;0;0;0;0;0;0;0;0;0;0;0;0;1;1;0;0;-1;-1;0;0;-1;-1;-1;-1;-1;-1;-1;-1;-1;29;34;72;90;100;44;53;58;33;15.67;0;4.71;3.25;07 Vestur;B36;0.77;1.71;0.6;1.55;0.5;1.85;71;67;28;10;0;50;50;50;0;2.36;2.36;1152;27;Y;Y;Y;Y;N;N;Y
341337;6872;5404;2018;complete;2424;22;-1;27;;1;0;1;1;15;16;-1;-1;2;1;0;0;3;7;2;9;5;16;-1;-1;53;47;2;1;4.65;3.7;1.57;0;0;0;0;0;0;0;0;0;0;0;0;0;0;0;0;0;0;0;0;0;0;0;0;0;0;0;0;0;0;0;0;0;0;0;0;0;0;0;0;0;0;0;0;0;0;0;0;0;0;0;0;0;0;0;0;0;0;0;0;0;0;0;0;0;1;1;0;0;0;0;1;2018-09-16 14:00:00;6872;0;23;5;16;0;1;1;1;0;0;0;1;0;1;0;1;1;1;2;1;0;0;0;0;0.66;2.14;2.8;0;0;0;0;0;0;1;1;0;0;0;0;0;0;-1;-1;-1;-1;-1;-1;-1;-1;-1;14;14;41;73;91;23;60;55;32;8.5;0;3.05;2.32;Skála;KÍ;1.43;1.79;1.55;2.27;1.05;2.14;87;87;60;27;9;42;25;25;1.82;1.52;3.34;1152;27;Y;N;N;N;N;N;N
341338;6873;5415;2018;complete;2424;23;-1;23,45;16,59;2;2;4;-1;-1;-1;-1;-1;2;2;0;1;-1;-1;-1;-1;-1;-1;-1;-1;-1;-1;2;4;0;0;0;0;0;0;0;0;0;0;0;0;0;0;0;0;0;0;0;0;0;0;0;0;0;0;0;0;0;0;0;0;0;0;0;0;0;0;0;0;0;0;0;0;0;0;0;0;0;0;0;0;0;0;0;0;0;0;0;0;0;0;0;0;0;0;0;0;4;2;1;0;1;1;3;2018-09-23 14:00:00;-1;0;50;22;21;0;-1;1;-1;-1;-1;-1;-1;-1;0;2;2;1;2;3;-1;0;0;0;0;0;0;0;1;0;1;0;0;0;1;1;0;0;-1;-1;0;0;-1;-1;-1;-1;-1;-1;-1;-1;-1;23;36;50;78;100;45;69;73;46;8.2;0;4.2;2.87;TB / FCS / Royn;NSÍ;1;2.21;0.64;2.18;0.95;1.91;78;64;50;23;0;20;20;20;1.16;1.55;2.71;1152;27;Y;Y;Y;Y;N;N;Y
341339;1211;6872;2018;complete;2424;23;-1;87,90;27,53;2;2;4;7;6;13;-1;-1;4;0;0;0;8;5;4;4;12;9;-1;-1;49;51;4;0;0;0;0;0;0;0;0;0;0;0;0;0;0;0;0;0;0;0;0;0;0;0;0;0;0;0;0;0;0;0;0;0;0;0;0;0;0;0;0;0;0;0;0;0;0;0;0;0;0;0;0;0;0;0;0;0;0;0;0;0;0;0;0;0;0;0;0;0;4;0;1;2;1;3;1;2018-09-23 14:00:00;-1;0;53;13;26;0;1;1;1;1;6;5;2;11;2;0;2;0;2;2;1;0;0;0;0;1.65;1.19;2.84;0;0;0;0;0;0;1;1;0;0;1;0;0;0;-1;-1;-1;-1;-1;-1;-1;-1;-1;19;29;57;76;91;29;53;57;29;13.42;0;5.05;2.76;Víkingur;Skála;1.29;0.69;1.45;0.5;1.68;1.14;81;72;44;24;10;100;84;71;2.14;1.2;3.34;1152;27;Y;Y;Y;Y;N;N;Y
341340;6875;6874;2018;complete;2424;23;-1;62;42,47;1;2;3;4;8;12;-1;-1;1;1;0;0;7;5;3;6;10;11;-1;-1;49;51;1;1;0;0;0;0;0;0;0;0;0;0;0;0;0;0;0;0;0;0;0;0;0;0;0;0;0;0;0;0;0;0;0;0;0;0;0;0;0;0;0;0;0;0;0;0;0;0;0;0;0;0;0;0;0;0;0;0;0;0;0;0;0;0;0;0;0;0;0;0;3;0;1;1;1;2;1;2018-09-23 14:00:00;6874;0;53;0;25;0;1;1;1;5;3;3;6;6;0;1;1;0;1;1;1;0;0;0;0;1.69;1.57;3.26;0;0;0;0;0;0;1;1;0;0;0;1;0;0;-1;-1;-1;-1;-1;-1;-1;-1;-1;20;34;59;96;100;14;62;71;39;8.89;0;3.47;3.08;AB;07 Vestur;0.57;0.5;0.45;0.4;0.55;0.48;81;66;42;5;0;89;89;47;1.51;1.8;3.31;1152;27;Y;Y;Y;N;N;N;Y
341341;5404;985;2018;complete;2424;23;-1;90;58,86;1;2;3;6;3;9;-1;-1;4;4;0;0;3;5;6;5;9;10;-1;-1;52;48;4;4;0;0;0;0;0;0;0;0;0;0;0;0;0;0;0;0;0;0;0;0;0;0;0;0;0;0;0;0;0;0;0;0;0;0;0;0;0;0;0;0;0;0;0;0;0;0;0;0;0;0;0;0;0;0;0;0;0;0;0;0;0;0;0;0;0;0;0;0;3;0;0;1;2;3;0;2018-09-23 14:00:00;985;0;55;42;17;0;1;1;2;2;4;1;4;5;1;1;3;3;2;6;1;0;0;0;0;1.07;1.29;2.36;0;0;0;0;0;0;1;1;0;0;0;0;0;0;-1;-1;-1;-1;-1;-1;-1;-1;-1;10;25;55;75;100;30;40;50;30;13;0;4.33;2.65;KÍ;HB;2;2.86;2;2.8;2.05;2.64;90;75;45;25;0;100;100;84;2.23;1.4;3.63;1152;27;Y;Y;Y;N;N;N;Y
341342;66;997;2018;complete;2424;23;-1;4,7,11,30,79;32;5;1;6;7;2;9;-1;-1;1;2;0;0;15;3;11;5;26;8;-1;-1;51;49;1;2;0;0;0;0;0;0;0;0;0;0;0;0;0;0;0;0;0;0;0;0;0;0;0;0;0;0;0;0;0;0;0;0;0;0;0;0;0;0;0;0;0;0;0;0;0;0;0;0;0;0;0;0;0;0;0;0;0;0;0;0;0;0;0;0;0;0;0;0;6;4;1;1;0;1;5;2018-09-23 16:15:00;66;0;63;34;53;0;1;1;4;0;3;0;4;3;0;0;1;2;0;3;1;0;0;0;0;3.38;1.04;4.42;0;0;0;0;0;0;1;1;2;0;1;0;0;0;-1;-1;-1;-1;-1;-1;-1;-1;-1;26;40;71;90;100;50;66;81;67;12.57;0;3.48;3.33;B36;EB - Streymur;2.23;0.62;2.22;0.64;1.9;0.91;75;60;29;10;0;79;79;45;2.06;1.41;3.47;1152;27;Y;Y;Y;Y;Y;Y;Y
341343;5404;6875;2018;complete;2424;24;-1;1,30,64;;3;0;3;3;3;6;-1;-1;0;1;0;0;8;2;4;7;12;9;-1;-1;53;47;0;1;1.15;6.05;11.25;0;0;0;0;0;0;0;0;0;0;0;0;0;0;0;0;0;0;0;0;0;0;0;0;0;0;0;0;0;0;0;0;0;0;0;0;0;0;0;0;0;0;0;0;0;0;0;0;0;0;0;0;0;0;0;0;0;0;0;0;0;0;0;0;0;3;2;0;1;0;1;2;2018-09-30 14:00:00;5404;0;41;15;27;0;1;1;0;1;0;2;1;2;0;1;0;0;1;0;1;0;0;0;0;1.66;1.35;3.01;0;0;0;0;0;0;1;1;1;0;0;0;0;0;-1;-1;-1;-1;-1;-1;-1;-1;-1;9;27;60;78;96;18;36;60;41;10.83;0;5.47;2.73;KÍ;AB;2;0.77;1.82;0.64;1.96;0.52;91;73;41;23;5;84;59;59;1.84;0.86;2.7;1152;27;Y;Y;Y;N;N;N;N
341344;6873;6872;2018;complete;2424;24;-1;33,79;26;2;1;3;-1;-1;-1;-1;-1;2;2;0;0;-1;-1;-1;-1;-1;-1;-1;-1;-1;-1;2;2;0;0;0;0;0;0;0;0;0;0;0;0;0;0;0;0;0;0;0;0;0;0;0;0;0;0;0;0;0;0;0;0;0;0;0;0;0;0;0;0;0;0;0;0;0;0;0;0;0;0;0;0;0;0;0;0;0;0;0;0;0;0;0;0;0;0;0;0;3;1;1;1;0;1;2;2018-09-30 14:00:00;6873;0;53;27;29;0;-1;1;-1;-1;-1;-1;-1;-1;1;1;1;1;2;2;-1;0;0;0;0;0;0;0;0;0;0;0;0;0;1;1;0;0;-1;-1;0;0;-1;-1;-1;-1;-1;-1;-1;-1;-1;22;39;48;66;96;39;65;57;35;8.25;0;3.86;2.74;TB / FCS / Royn;Skála;1;0.69;0.67;0.55;0.96;1.13;79;61;53;35;5;50;38;38;1.16;1.2;2.36;1152;27;Y;Y;Y;N;N;N;Y
341345;5415;6874;2018;complete;2424;24;-1;8,22,25,26,61,71,79;59;7;1;8;-1;-1;-1;-1;-1;1;3;0;0;-1;-1;-1;-1;-1;-1;-1;-1;-1;-1;1;3;1.15;6.15;11.25;0;0;0;0;0;0;0;0;0;0;0;0;0;0;0;0;0;0;0;0;0;0;0;0;0;0;0;0;0;0;0;0;0;0;0;0;0;0;0;0;0;0;0;0;0;0;0;0;0;0;0;0;0;0;0;0;0;0;0;0;0;0;0;0;0;8;4;0;3;1;4;4;2018-09-30 14:00:00;5415;0;52;0;45;0;-1;1;-1;-1;-1;-1;-1;-1;1;0;0;3;1;3;-1;0;0;0;0;0;0;0;0;1;0;1;0;0;1;1;1;0;-1;-1;0;0;-1;-1;-1;-1;-1;-1;-1;-1;-1;22;35;69;87;100;9;47;52;43;9.75;0;4.1;3.16;NSÍ;07 Vestur;1.85;0.5;1.64;0.58;1.87;0.57;79;66;31;14;0;88;88;75;1.43;1.5;2.93;1152;27;Y;Y;Y;Y;Y;Y;Y
341346;1211;66;2018;complete;2424;24;-1;23;5;1;1;2;8;6;14;-1;-1;-1;-1;-1;-1;5;4;6;8;11;12;-1;-1;52;48;-1;-1;2.2;3.6;2.55;0;0;0;0;0;0;0;0;0;0;0;0;0;0;0;0;0;0;0;0;0;0;0;0;0;0;0;0;0;0;0;0;0;0;0;0;0;0;0;0;0;0;0;0;0;0;0;0;0;0;0;0;0;0;0;0;0;0;0;0;0;0;0;0;0;2;1;1;0;0;0;2;2018-09-30 14:00:00;-1;0;67;12;44;0;1;-1;3;4;5;2;7;7;-1;-1;-1;-1;-1;-1;1;0;0;0;0;1.44;1.26;2.7;0;0;0;0;0;0;1;1;0;1;0;1;-1;-1;-1;-1;-1;-1;-1;-1;-1;-1;-1;17;33;71;92;96;25;50;63;38;18.87;0;5;3.09;Víkingur;B36;1.29;1.71;1.42;1.67;1.65;2;83;67;29;9;4;100;100;90;2.04;2.36;4.4;1152;27;Y;Y;N;N;N;N;Y
341347;997;985;2018;complete;2424;24;-1;;42,51,85;0;3;3;-1;-1;-1;-1;-1;3;0;0;0;-1;-1;-1;-1;-1;-1;-1;-1;-1;-1;3;0;5.25;4.3;1.43;0;0;0;0;0;0;0;0;0;0;0;0;0;0;0;0;0;0;0;0;0;0;0;0;0;0;0;0;0;0;0;0;0;0;0;0;0;0;0;0;0;0;0;0;0;0;0;0;0;0;0;0;0;0;0;0;0;0;0;0;0;0;0;0;0;3;0;1;0;2;2;1;2018-09-30 14:00:00;985;0;60;27;29;0;-1;1;-1;-1;-1;-1;-1;-1;1;0;2;0;1;2;-1;0;0;0;0;0;0;0;0;0;0;0;0;0;1;1;0;0;-1;-1;0;0;-1;-1;-1;-1;-1;-1;-1;-1;-1;14;27;50;64;91;18;41;60;32;10.25;0;4.84;2.46;EB - Streymur;HB;0.93;2.86;1.18;2.82;0.87;2.65;87;73;50;36;9;75;63;50;1.34;1.37;2.71;1152;27;Y;Y;Y;N;N;N;N
341348;6874;5404;2018;complete;2424;25;-1;-1,-1,-1,-1;-1,-1;4;2;6;-1;-1;-1;-1;-1;-1;-1;-1;-1;-1;-1;-1;-1;-1;-1;-1;-1;-1;-1;-1;-1;0;0;0;0;0;0;0;0;0;0;0;0;0;0;0;0;0;0;0;0;0;0;0;0;0;0;0;0;0;0;0;0;0;0;0;0;0;0;0;0;0;0;0;0;0;0;0;0;0;0;0;0;0;0;0;0;0;0;0;0;0;0;0;0;0;0;0;0;6;0;0;0;0;0;0;2018-10-06 14:00:00;6874;0;35;24;16;1;-1;-1;-1;-1;-1;-1;-1;-1;-1;-1;-1;-1;-1;-1;-1;0;0;0;0;0;0;0;-1;-1;-1;-1;-1;-1;-1;-1;-1;-1;-1;-1;-1;-1;-1;-1;-1;-1;-1;-1;-1;-1;-1;27;31;62;66;96;36;61;57;31;12.6;0;4.35;2.81;07 Vestur;KÍ;0.77;1.79;0.55;2.08;0.54;2;74;69;38;34;4;30;30;30;0;1.65;1.65;1152;27;Y;Y;Y;Y;Y;Y;Y
341349;6872;985;2018;complete;2424;25;-1;;-1;0;1;1;-1;-1;-1;-1;-1;-1;-1;-1;-1;-1;-1;-1;-1;-1;-1;-1;-1;-1;-1;-1;-1;0;0;0;0;0;0;0;0;0;0;0;0;0;0;0;0;0;0;0;0;0;0;0;0;0;0;0;0;0;0;0;0;0;0;0;0;0;0;0;0;0;0;0;0;0;0;0;0;0;0;0;0;0;0;0;0;0;0;0;0;0;0;0;0;0;0;0;0;1;0;0;0;0;0;0;2018-10-06 15:00:00;985;0;34;19;12;1;-1;-1;-1;-1;-1;-1;-1;-1;-1;-1;-1;-1;-1;-1;-1;0;0;0;0;0;0;0;-1;-1;-1;-1;-1;-1;-1;-1;-1;-1;-1;-1;-1;-1;-1;-1;-1;-1;-1;-1;-1;-1;-1;13;13;46;75;96;25;50;54;33;7;0;3.82;2.42;Skála;HB;1.43;2.86;1.67;2.83;1.08;2.67;88;88;55;25;4;75;50;38;1.43;1.37;2.8;1152;27;Y;N;N;N;N;N;N
341350;6875;1211;2018;complete;2424;25;-1;-1;;1;0;1;-1;-1;-1;-1;-1;-1;-1;-1;-1;-1;-1;-1;-1;-1;-1;-1;-1;-1;-1;-1;-1;0;0;0;0;0;0;0;0;0;0;0;0;0;0;0;0;0;0;0;0;0;0;0;0;0;0;0;0;0;0;0;0;0;0;0;0;0;0;0;0;0;0;0;0;0;0;0;0;0;0;0;0;0;0;0;0;0;0;0;0;0;0;0;0;0;0;0;0;1;0;0;0;0;0;0;2018-10-06 14:00:00;6875;0;62;20;25;1;-1;-1;-1;-1;-1;-1;-1;-1;-1;-1;-1;-1;-1;-1;-1;0;0;0;0;0;0;0;-1;-1;-1;-1;-1;-1;-1;-1;-1;-1;-1;-1;-1;-1;-1;-1;-1;-1;-1;-1;-1;-1;-1;9;18;49;92;100;36;79;78;39;10.7;0;4.23;2.66;AB;Víkingur;0.57;1.62;0.42;1.91;0.5;1.63;92;83;52;9;0;62;62;47;1.53;1.87;3.4;1152;27;Y;N;N;N;N;N;N
341351;997;5415;2018;complete;2424;25;-1;-1,-1;-1,-1,-1,-1;2;4;6;-1;-1;-1;-1;-1;-1;-1;-1;-1;-1;-1;-1;-1;-1;-1;-1;-1;-1;-1;-1;-1;0;0;0;0;0;0;0;0;0;0;0;0;0;0;0;0;0;0;0;0;0;0;0;0;0;0;0;0;0;0;0;0;0;0;0;0;0;0;0;0;0;0;0;0;0;0;0;0;0;0;0;0;0;0;0;0;0;0;0;0;0;0;0;0;0;0;0;0;6;0;0;0;0;0;0;2018-10-06 15:00:00;5415;0;58;14;29;1;-1;-1;-1;-1;-1;-1;-1;-1;-1;-1;-1;-1;-1;-1;-1;0;0;0;0;0;0;0;-1;-1;-1;-1;-1;-1;-1;-1;-1;-1;-1;-1;-1;-1;-1;-1;-1;-1;-1;-1;-1;-1;-1;13;38;54;84;92;29;59;80;46;10.7;0;4.58;2.8;EB - Streymur;NSÍ;0.93;2.21;1.08;2.08;0.83;1.92;88;63;46;17;9;45;45;45;1.34;1.55;2.89;1152;27;Y;Y;Y;Y;Y;Y;Y
341352;66;6873;2018;complete;2424;25;-1;56;;1;0;1;3;6;9;-1;-1;0;3;0;0;7;3;7;9;14;12;-1;-1;53;47;0;3;0;0;0;0;0;0;0;0;0;0;0;0;0;0;0;0;0;0;0;0;0;0;0;0;0;0;0;0;0;0;0;0;0;0;0;0;0;0;0;0;0;0;0;0;0;0;0;0;0;0;0;0;0;0;0;0;0;0;0;0;0;0;0;0;0;0;0;0;1;0;0;1;0;1;0;2018-10-06 15:00:00;66;0;50;26;36;0;1;1;1;1;2;5;2;7;0;0;0;3;0;3;1;0;0;0;0;1.81;1.4;3.21;0;0;0;0;0;0;1;1;0;0;0;0;0;0;-1;-1;-1;-1;-1;-1;-1;-1;-1;18;36;64;82;96;36;73;82;46;9.89;0;3.45;3.05;B36;TB / FCS / Royn;2.23;1.08;2.36;1.27;1.96;1.04;82;64;36;18;5;62;56;39;2.19;1.48;3.67;1152;27;Y;N;N;N;N;N;N
341353;66;985;2018;complete;2424;26;-1;-1;-1,-1,-1;1;3;4;-1;-1;-1;-1;-1;-1;-1;-1;-1;-1;-1;-1;-1;-1;-1;-1;-1;-1;-1;-1;-1;2.35;3.6;2.4;0;0;0;0;0;0;0;0;0;0;0;0;0;0;0;0;0;0;0;0;0;0;0;0;0;0;0;0;0;0;0;0;0;0;0;0;0;0;0;0;0;0;0;0;0;0;0;0;0;0;0;0;0;0;0;0;0;0;0;0;0;0;0;0;0;4;0;0;0;0;0;0;2018-10-21 14:00:00;985;0;61;37;34;1;-1;-1;-1;-1;-1;-1;-1;-1;-1;-1;-1;-1;-1;-1;-1;0;0;0;0;0;0;0;-1;-1;-1;-1;-1;-1;-1;-1;-1;-1;-1;-1;-1;-1;-1;-1;-1;-1;-1;-1;-1;-1;-1;24;29;61;73;100;33;53;73;45;10.55;0;3.93;2.94;B36;HB;2.23;2.86;2.42;2.85;2;2.68;76;72;40;28;0;80;58;45;2.15;1.37;3.52;1152;27;Y;Y;Y;Y;N;N;Y
341354;6874;997;2018;complete;2424;26;-1;-1,-1,-1;-1,-1,-1;3;3;6;-1;-1;-1;-1;-1;-1;-1;-1;-1;-1;-1;-1;-1;-1;-1;-1;-1;-1;-1;-1;-1;2.95;3.95;1.87;0;0;0;0;0;0;0;0;0;0;0;0;0;0;0;0;0;0;0;0;0;0;0;0;0;0;0;0;0;0;0;0;0;0;0;0;0;0;0;0;0;0;0;0;0;0;0;0;0;0;0;0;0;0;0;0;0;0;0;0;0;0;0;0;0;6;0;0;0;0;0;0;2018-10-23 15:30:00;-1;0;46;37;20;1;-1;-1;-1;-1;-1;-1;-1;-1;-1;-1;-1;-1;-1;-1;-1;0;0;0;0;0;0;0;-1;-1;-1;-1;-1;-1;-1;-1;-1;-1;-1;-1;-1;-1;-1;-1;-1;-1;-1;-1;-1;-1;-1;34;46;75;88;100;54;59;67;42;10.25;0;4.39;3.5;07 Vestur;EB - Streymur;0.77;0.62;0.75;0.58;0.64;0.8;67;54;25;13;0;50;38;13;0;1.32;1.32;1152;27;Y;Y;Y;Y;Y;Y;Y
341355;1211;5415;2018;complete;2424;26;-1;;-1,-1,-1;0;3;3;-1;-1;-1;-1;-1;-1;-1;-1;-1;-1;-1;-1;-1;-1;-1;-1;-1;-1;-1;-1;-1;2.65;3.7;2.1;0;0;0;0;0;0;0;0;0;0;0;0;0;0;0;0;0;0;0;0;0;0;0;0;0;0;0;0;0;0;0;0;0;0;0;0;0;0;0;0;0;0;0;0;0;0;0;0;0;0;0;0;0;0;0;0;0;0;0;0;0;0;0;0;0;3;0;0;0;0;0;0;2018-10-21 14:00:00;5415;0;62;18;23;1;-1;-1;-1;-1;-1;-1;-1;-1;-1;-1;-1;-1;-1;-1;-1;0;0;0;0;0;0;0;-1;-1;-1;-1;-1;-1;-1;-1;-1;-1;-1;-1;-1;-1;-1;-1;-1;-1;-1;-1;-1;-1;-1;19;39;66;93;96;39;62;74;39;13.2;0;5.36;3.15;Víkingur;NSÍ;1.29;2.21;1.38;2.15;1.56;1.96;81;62;35;8;4;70;70;62;1.94;1.55;3.49;1152;27;Y;Y;Y;N;N;N;N
341356;6875;6872;2018;complete;2424;26;-1;37,48;2,42,69,74;2;4;6;9;3;12;-1;-1;2;0;0;0;8;8;7;4;15;12;-1;-1;48;52;2;0;1.91;3.75;3;0;0;0;0;0;0;0;0;0;0;0;0;0;0;0;0;0;0;0;0;0;0;0;0;0;0;0;0;0;0;0;0;0;0;0;0;0;0;0;0;0;0;0;0;0;0;0;0;0;0;0;0;0;0;0;0;0;0;0;0;0;0;0;0;0;6;1;2;1;2;3;3;2018-10-23 15:30:00;6872;0;48;11;21;0;1;1;8;1;1;2;9;3;0;0;2;0;0;2;1;0;0;0;0;2.14;1.65;3.78;0;0;0;0;0;0;1;1;0;1;0;0;0;0;-1;-1;-1;-1;-1;-1;-1;-1;-1;13;24;41;80;96;24;64;68;32;9.95;0;3.61;2.57;AB;Skála;0.57;0.69;0.62;0.5;0.6;1.04;88;76;60;20;4;90;78;63;1.53;1.2;2.73;1152;27;Y;Y;Y;Y;Y;Y;Y
341357;5404;6873;2018;complete;2424;26;-1;-1,-1,-1;-1;3;1;4;-1;-1;-1;-1;-1;-1;-1;-1;-1;-1;-1;-1;-1;-1;-1;-1;-1;-1;-1;-1;-1;1.29;4.85;7;0;0;0;0;0;0;0;0;0;0;0;0;0;0;0;0;0;0;0;0;0;0;0;0;0;0;0;0;0;0;0;0;0;0;0;0;0;0;0;0;0;0;0;0;0;0;0;0;0;0;0;0;0;0;0;0;0;0;0;0;0;0;0;0;0;4;0;0;0;0;0;0;2018-10-21 14:00:00;5404;0;38;18;24;1;-1;-1;-1;-1;-1;-1;-1;-1;-1;-1;-1;-1;-1;-1;-1;0;0;0;0;0;0;0;-1;-1;-1;-1;-1;-1;-1;-1;-1;-1;-1;-1;-1;-1;-1;-1;-1;-1;-1;-1;-1;-1;-1;0;25;59;80;96;29;55;67;34;10.25;0;3.77;2.58;KÍ;TB / FCS / Royn;2;1.08;1.92;1.17;1.92;1;100;75;42;21;4;75;50;38;1.8;1.46;3.26;1152;27;Y;Y;Y;Y;N;N;Y
341358;997;6875;2018;complete;2424;27;-1;;43,90;0;2;2;-1;-1;-1;-1;-1;2;2;0;1;-1;-1;-1;-1;-1;-1;-1;-1;-1;-1;2;3;0;0;0;0;0;0;0;0;0;0;0;0;0;0;0;0;0;0;0;0;0;0;0;0;0;0;0;0;0;0;0;0;0;0;0;0;0;0;0;0;0;0;0;0;0;0;0;0;0;0;0;0;0;0;0;0;0;0;0;0;0;0;0;0;0;0;0;0;2;0;1;0;1;1;1;2018-10-27 14:30:00;6875;0;40;5;25;0;-1;1;-1;-1;-1;-1;-1;-1;0;1;2;2;1;4;-1;0;0;0;0;0;0;0;0;0;0;0;0;0;1;1;0;0;-1;-1;0;0;-1;-1;-1;-1;-1;-1;-1;-1;-1;16;32;56;68;89;13;44;65;36;9.36;0;5.32;2.68;EB - Streymur;AB;0.93;0.77;1;0.58;0.81;0.58;84;69;44;32;12;54;47;47;1.34;0.94;2.28;1152;27;Y;Y;N;N;N;N;N
341359;6873;6874;2018;complete;2424;27;-1;90;;1;0;1;-1;-1;-1;-1;-1;2;2;0;0;-1;-1;-1;-1;-1;-1;-1;-1;-1;-1;2;2;1.65;3.9;3.9;0;0;0;0;0;0;0;0;0;0;0;0;0;0;0;0;0;0;0;0;0;0;0;0;0;0;0;0;0;0;0;0;0;0;0;0;0;0;0;0;0;0;0;0;0;0;0;0;0;0;0;0;0;0;0;0;0;0;0;0;0;0;0;0;0;1;0;0;1;0;1;0;2018-10-27 14:30:00;6873;0;62;23;37;0;-1;1;-1;-1;-1;-1;-1;-1;0;1;2;1;1;3;-1;0;0;0;0;0;0;0;0;0;0;0;0;0;1;1;0;0;-1;-1;0;0;-1;-1;-1;-1;-1;-1;-1;-1;-1;27;42;70;81;100;35;70;66;43;7.75;0;3.67;3.31;TB / FCS / Royn;07 Vestur;1;0.5;0.85;0.54;0.96;0.65;73;58;31;19;0;38;38;25;1.16;1.5;2.66;1152;27;Y;N;N;N;N;N;N
341360;5415;5404;2018;complete;2424;27;-1;50,67;25;2;1;3;-1;-1;-1;-1;-1;2;2;0;1;-1;-1;-1;-1;-1;-1;-1;-1;-1;-1;2;3;1.91;3.7;3;0;0;0;0;0;0;0;0;0;0;0;0;0;0;0;0;0;0;0;0;0;0;0;0;0;0;0;0;0;0;0;0;0;0;0;0;0;0;0;0;0;0;0;0;0;0;0;0;0;0;0;0;0;0;0;0;0;0;0;0;0;0;0;0;0;3;0;1;2;0;2;1;2018-10-27 14:30:00;5415;0;37;5;34;0;-1;1;-1;-1;-1;-1;-1;-1;1;2;1;1;3;2;-1;0;0;0;0;0;0;0;1;0;1;0;0;0;1;1;0;0;-1;-1;0;0;-1;-1;-1;-1;-1;-1;-1;-1;-1;24;28;52;65;96;16;52;44;33;12.6;0;3.93;2.86;NSÍ;KÍ;1.85;1.79;1.75;1.92;2;1.96;76;72;48;36;4;80;80;80;1.43;1.65;3.08;1152;27;Y;Y;Y;N;N;N;Y
341361;6872;66;2018;complete;2424;27;-1;16;27,37,38,72,84;1;5;6;-1;-1;-1;-1;-1;2;3;0;0;-1;-1;-1;-1;-1;-1;-1;-1;-1;-1;2;3;3.75;3.8;1.69;0;0;0;0;0;0;0;0;0;0;0;0;0;0;0;0;0;0;0;0;0;0;0;0;0;0;0;0;0;0;0;0;0;0;0;0;0;0;0;0;0;0;0;0;0;0;0;0;0;0;0;0;0;0;0;0;0;0;0;0;0;0;0;0;0;6;1;3;0;2;2;4;2018-10-27 14:30:00;66;0;46;13;30;0;-1;1;-1;-1;-1;-1;-1;-1;1;0;1;3;1;4;-1;0;0;0;0;0;0;0;0;0;0;0;0;0;1;1;0;0;-1;-1;0;0;-1;-1;-1;-1;-1;-1;-1;-1;-1;12;20;47;89;96;27;50;50;35;12;0;3.44;2.62;Skála;B36;1.43;1.71;1.54;1.62;1.12;1.92;89;81;54;12;4;75;63;63;1.43;2.08;3.51;1152;27;Y;Y;Y;Y;Y;Y;Y
341362;985;1211;2018;complete;2424;27;-1;82,88;1;2;1;3;8;3;11;-1;-1;4;3;0;0;8;5;8;6;16;11;-1;-1;47;53;4;3;1.19;6.25;7.75;0;0;0;0;0;0;0;0;0;0;0;0;0;0;0;0;0;0;0;0;0;0;0;0;0;0;0;0;0;0;0;0;0;0;0;0;0;0;0;0;0;0;0;0;0;0;0;0;0;0;0;0;0;0;0;0;0;0;0;0;0;0;0;0;0;3;0;1;2;0;2;1;2018-10-27 14:30:00;985;0;59;29;29;0;1;1;3;1;5;2;4;7;1;1;3;2;2;5;1;0;0;0;0;2.03;1.5;3.52;1;0;1;0;0;0;1;1;0;1;1;1;0;0;-1;-1;-1;-1;-1;-1;-1;-1;-1;8;21;71;88;100;46;71;80;42;11.56;0;4.32;2.88;HB;Víkingur;2.54;1.62;2.5;1.75;2.69;1.5;92;79;30;13;0;61;55;50;1.97;1.87;3.84;1152;27;Y;Y;Y;N;N;N;Y
