ID;HOMEID;AWAYID;SEASON;STATUS;ROUNDID;GAME_WEEK;REVISED_GAME_WEEK;HOMEGOALS;AWAYGOALS;HOMEGOALCOUNT;AWAYGOALCOUNT;TOTALGOALCOUNT;TEAM_A_CORNERS;TEAM_B_CORNERS;TOTALCORNERCOUNT;TEAM_A_OFFSIDES;TEAM_B_OFFSIDES;TEAM_A_YELLOW_CARDS;TEAM_B_YELLOW_CARDS;TEAM_A_RED_CARDS;TEAM_B_RED_CARDS;TEAM_A_SHOTSONTARGET;TEAM_B_SHOTSONTARGET;TEAM_A_SHOTSOFFTARGET;TEAM_B_SHOTSOFFTARGET;TEAM_A_SHOTS;TEAM_B_SHOTS;TEAM_A_FOULS;TEAM_B_FOULS;TEAM_A_POSSESSION;TEAM_B_POSSESSION;TEAM_A_CARDS_NUM;TEAM_B_CARDS_NUM;ODDS_FT_1;ODDS_FT_X;ODDS_FT_2;ODDS_FT_OVER05;ODDS_FT_OVER15;ODDS_FT_OVER25;ODDS_FT_OVER35;ODDS_FT_OVER45;ODDS_FT_UNDER05;ODDS_FT_UNDER15;ODDS_FT_UNDER25;ODDS_FT_UNDER35;ODDS_FT_UNDER45;ODDS_BTTS_YES;ODDS_BTTS_NO;ODDS_TEAM_A_CS_YES;ODDS_TEAM_A_CS_NO;ODDS_TEAM_B_CS_YES;ODDS_TEAM_B_CS_NO;ODDS_DOUBLECHANCE_1X;ODDS_DOUBLECHANCE_12;ODDS_DOUBLECHANCE_X2;ODDS_1ST_HALF_RESULT_1;ODDS_1ST_HALF_RESULT_X;ODDS_1ST_HALF_RESULT_2;ODDS_2ND_HALF_RESULT_1;ODDS_2ND_HALF_RESULT_X;ODDS_2ND_HALF_RESULT_2;ODDS_DNB_1;ODDS_DNB_2;ODDS_CORNERS_OVER_75;ODDS_CORNERS_OVER_85;ODDS_CORNERS_OVER_95;ODDS_CORNERS_OVER_105;ODDS_CORNERS_OVER_115;ODDS_CORNERS_UNDER_75;ODDS_CORNERS_UNDER_85;ODDS_CORNERS_UNDER_95;ODDS_CORNERS_UNDER_105;ODDS_CORNERS_UNDER_115;ODDS_CORNERS_1;ODDS_CORNERS_X;ODDS_CORNERS_2;ODDS_TEAM_TO_SCORE_FIRST_1;ODDS_TEAM_TO_SCORE_FIRST_X;ODDS_TEAM_TO_SCORE_FIRST_2;ODDS_WIN_TO_NIL_1;ODDS_WIN_TO_NIL_2;ODDS_1ST_HALF_OVER05;ODDS_1ST_HALF_OVER15;ODDS_1ST_HALF_OVER25;ODDS_1ST_HALF_OVER35;ODDS_1ST_HALF_UNDER05;ODDS_1ST_HALF_UNDER15;ODDS_1ST_HALF_UNDER25;ODDS_1ST_HALF_UNDER35;ODDS_2ND_HALF_OVER05;ODDS_2ND_HALF_OVER15;ODDS_2ND_HALF_OVER25;ODDS_2ND_HALF_OVER35;ODDS_2ND_HALF_UNDER05;ODDS_2ND_HALF_UNDER15;ODDS_2ND_HALF_UNDER25;ODDS_2ND_HALF_UNDER35;ODDS_BTTS_1ST_HALF_YES;ODDS_BTTS_1ST_HALF_NO;ODDS_BTTS_2ND_HALF_YES;ODDS_BTTS_2ND_HALF_NO;OVERALLGOALCOUNT;HT_GOALS_TEAM_A;HT_GOALS_TEAM_B;GOALS_2HG_TEAM_A;GOALS_2HG_TEAM_B;GOALCOUNT_2HG;HTGOALCOUNT;DATE_UNIX;WINNINGTEAM;NO_HOME_AWAY;BTTS_POTENTIAL;BTTS_FHG_POTENTIAL;BTTS_2HG_POTENTIAL;GOALTIMINGDISABLED;CORNER_TIMINGS_RECORDED;CARD_TIMINGS_RECORDED;TEAM_A_FH_CORNERS;TEAM_B_FH_CORNERS;TEAM_A_2H_CORNERS;TEAM_B_2H_CORNERS;CORNER_FH_COUNT;CORNER_2H_COUNT;TEAM_A_FH_CARDS;TEAM_B_FH_CARDS;TEAM_A_2H_CARDS;TEAM_B_2H_CARDS;TOTAL_FH_CARDS;TOTAL_2H_CARDS;ATTACKS_RECORDED;TEAM_A_DANGEROUS_ATTACKS;TEAM_B_DANGEROUS_ATTACKS;TEAM_A_ATTACKS;TEAM_B_ATTACKS;TEAM_A_XG;TEAM_B_XG;TOTAL_XG;TEAM_A_PENALTIES_WON;TEAM_B_PENALTIES_WON;TEAM_A_PENALTY_GOALS;TEAM_B_PENALTY_GOALS;TEAM_A_PENALTY_MISSED;TEAM_B_PENALTY_MISSED;PENS_RECORDED;GOAL_TIMINGS_RECORDED;TEAM_A_0_10_MIN_GOALS;TEAM_B_0_10_MIN_GOALS;TEAM_A_CORNERS_0_10_MIN;TEAM_B_CORNERS_0_10_MIN;TEAM_A_CARDS_0_10_MIN;TEAM_B_CARDS_0_10_MIN;THROWINS_RECORDED;TEAM_A_THROWINS;TEAM_B_THROWINS;FREEKICKS_RECORDED;TEAM_A_FREEKICKS;TEAM_B_FREEKICKS;GOALKICKS_RECORDED;TEAM_A_GOALKICKS;TEAM_B_GOALKICKS;O45_POTENTIAL;O35_POTENTIAL;O25_POTENTIAL;O15_POTENTIAL;O05_POTENTIAL;O15HT_POTENTIAL;O05HT_POTENTIAL;O05_2H_POTENTIAL;O15_2H_POTENTIAL;CORNERS_POTENTIAL;OFFSIDES_POTENTIAL;CARDS_POTENTIAL;AVG_POTENTIAL;HOME_NAME;AWAY_NAME;HOME_PPG;AWAY_PPG;PRE_MATCH_HOME_PPG;PRE_MATCH_AWAY_PPG;PRE_MATCH_TEAMA_OVERALL_PPG;PRE_MATCH_TEAMB_OVERALL_PPG;U45_POTENTIAL;U35_POTENTIAL;U25_POTENTIAL;U15_POTENTIAL;U05_POTENTIAL;CORNERS_O85_POTENTIAL;CORNERS_O95_POTENTIAL;CORNERS_O105_POTENTIAL;TEAM_A_XG_PREMATCH;TEAM_B_XG_PREMATCH;TOTAL_XG_PREMATCH;COMPETITION_ID;MATCHES_COMPLETED_MINIMUM;OVER05;OVER15;OVER25;OVER35;OVER45;OVER55;BTTS
618051;6745;5401;2019/2020;complete;51009;1;-1;;;0;0;0;5;5;10;-1;-1;-1;-1;-1;-1;7;7;3;7;10;14;-1;-1;43;57;-1;-1;2.75;3;2.4;0;0;2.5;0;0;0;0;1.5;0;0;0;0;0;0;0;0;1.36;1.33;1.5;0;0;0;0;0;0;0;0;0;0;0;0;0;0;0;0;0;0;0;0;0;0;0;0;0;0;0;0;0;0;0;0;0;0;0;0;0;0;0;0;0;0;0;0;0;0;0;0;0;0;0;0;0;2019-08-03 15:30:00;-1;0;0;0;0;0;1;-1;2;4;3;1;6;4;-1;-1;-1;-1;-1;-1;1;38;46;73;77;1.4;1.7;3.1;0;0;0;0;0;0;1;1;0;0;0;2;-1;-1;-1;-1;-1;-1;-1;-1;-1;-1;-1;0;0;0;0;0;0;0;0;0;0;0;0;0;Kom;Zeta;1.07;1;0;0;0;0;0;0;0;0;0;0;0;0;0;0;0;2271;31;N;N;N;N;N;N;N
618052;6741;667988;2019/2020;complete;51009;1;-1;-1;-1;1;1;2;-1;-1;-1;-1;-1;-1;-1;-1;-1;-1;-1;-1;-1;-1;-1;-1;-1;-1;-1;-1;-1;1.63;3.6;4.42;0;0;0;0;0;0;0;0;0;0;0;0;0;0;0;0;0;0;0;0;0;0;0;0;0;0;0;0;0;0;0;0;0;0;0;0;0;0;0;0;0;0;0;0;0;0;0;0;0;0;0;0;0;0;0;0;0;0;0;0;0;0;0;0;0;2;0;0;0;0;0;0;2019-08-03 18:00:00;-1;0;0;0;0;1;-1;-1;-1;-1;-1;-1;-1;-1;-1;-1;-1;-1;-1;-1;-1;0;0;0;0;0;0;0;-1;-1;-1;-1;-1;-1;-1;-1;-1;-1;-1;-1;-1;-1;-1;-1;-1;-1;-1;-1;-1;-1;-1;0;0;0;0;0;0;0;0;0;0;0;0;0;Petrovac;Mladost Lješkopolje;1.07;1;0;0;0;0;0;0;0;0;0;0;0;0;0;0;0;2271;31;Y;Y;N;N;N;N;Y
618053;1214;966;2019/2020;complete;51009;1;-1;7,82;;2;0;2;3;5;8;-1;-1;3;0;0;0;3;3;7;4;10;7;-1;-1;50;50;3;0;1.18;5.45;14;1.02;1.22;1.74;2.85;5.25;9.75;3.7;1.95;1.35;1.12;2.75;1.38;0;0;0;0;1.01;1.12;4.5;0;0;0;0;0;0;0;0;0;0;0;0;0;0;0;0;0;0;0;0;0;0;0;0;0;0;0;0;0;0;0;0;0;0;0;0;0;0;0;0;0;0;0;0;0;0;2;1;0;1;0;1;1;2019-08-05 17:00:00;1214;0;0;0;0;0;1;1;0;3;3;2;3;5;2;0;1;0;2;1;-1;0;0;0;0;0;0;0;0;0;0;0;0;0;1;1;1;0;0;1;0;0;-1;-1;-1;-1;-1;-1;-1;-1;-1;0;0;0;0;0;0;0;0;0;0;0;0;0;Budućnost;Rudar;2.56;0.88;0;0;0;0;0;0;0;0;0;0;0;0;0;0;0;2271;31;Y;Y;N;N;N;N;N
618054;6742;6744;2019/2020;complete;51009;1;-1;85,87;30,54;2;2;4;4;9;13;-1;-1;4;2;0;0;4;7;4;5;8;12;-1;-1;44;56;4;2;2.1;2.9;3.4;0;0;2.5;0;0;0;0;1.5;0;0;0;0;0;0;0;0;1.29;1.36;1.62;0;0;0;0;0;0;0;0;0;0;0;0;0;0;0;0;0;0;0;0;0;0;0;0;0;0;0;0;0;0;0;0;0;0;0;0;0;0;0;0;0;0;0;0;0;0;5;0;1;2;2;4;1;2019-08-03 15:30:00;6744;0;0;0;0;0;1;1;1;3;3;6;4;9;0;0;4;2;0;6;1;29;52;88;96;1.01;1.63;2.63;0;0;0;0;0;0;1;1;0;0;1;0;0;0;-1;-1;-1;-1;-1;-1;-1;-1;-1;0;0;0;0;0;0;0;0;0;0;0;0;0;Grbalj;Iskra;0.88;1.2;0;0;0;0;0;0;0;0;0;0;0;0;0;0;0;2271;31;Y;Y;Y;Y;Y;N;Y
618055;67;977;2019/2020;complete;51009;1;-1;;-1;0;1;1;2;2;4;-1;-1;-1;-1;-1;-1;0;5;7;4;7;9;-1;-1;50;50;-1;-1;5.25;3.4;1.61;1.05;1.38;2.2;4.1;7.75;7.25;2.75;1.59;1.19;1.04;2.15;1.61;0;0;0;0;0;0;0;0;0;0;0;0;0;0;0;0;0;0;0;0;0;0;0;0;0;0;0;0;0;0;0;0;0;0;0;0;0;0;0;0;0;0;0;0;0;0;0;0;0;0;0;0;0;1;0;0;0;0;0;0;2019-08-03 18:30:00;977;0;0;0;0;1;1;-1;1;0;1;2;1;3;-1;-1;-1;-1;-1;-1;1;79;83;139;121;1.03;1.53;2.55;-1;-1;-1;-1;-1;-1;-1;-1;-1;-1;0;0;-1;-1;-1;-1;-1;-1;-1;-1;-1;-1;-1;0;0;0;0;0;0;0;0;0;0;0;0;0;Mladost;Sutjeska;0.94;1.4;0;0;0;0;0;0;0;0;0;0;0;0;0;0;0;2271;31;Y;N;N;N;N;N;N
618056;5401;977;2019/2020;complete;51009;2;-1;;;0;0;0;3;2;5;-1;-1;4;1;0;0;5;5;6;6;11;11;-1;-1;50;50;4;1;5.75;3.3;1.66;0;0;0;0;0;0;0;0;0;0;0;0;0;0;0;0;0;0;0;0;0;0;0;0;0;0;0;0;0;0;0;0;0;0;0;0;0;0;0;0;0;0;0;0;0;0;0;0;0;0;0;0;0;0;0;0;0;0;0;0;0;0;0;0;0;0;0;0;0;0;0;0;2019-08-09 15:30:00;-1;0;0;0;0;0;1;1;2;1;1;1;3;2;0;0;4;1;0;5;1;74;87;111;108;1.58;1.67;3.26;0;0;0;0;0;0;1;1;0;0;0;1;0;0;-1;-1;-1;-1;-1;-1;-1;-1;-1;0;0;0;0;50;0;0;0;0;2;0;0;0.5;Zeta;Sutjeska;1.67;1.4;0;3;1;3;50;50;50;50;0;0;0;0;0;1.53;1.53;2271;31;N;N;N;N;N;N;N
618057;6744;67;2019/2020;complete;51009;2;-1;;;0;0;0;2;6;8;-1;-1;-1;-1;-1;-1;2;5;4;9;6;14;-1;-1;44;56;-1;-1;2.25;3;3;0;0;2.3;0;0;0;0;1.6;0;0;0;0;0;0;0;0;1.36;1.33;1.5;3.1;2;3.4;0;0;0;0;0;0;0;0;0;0;0;0;0;0;0;0;0;0;0;0;0;0;0;0;0;0;0;0;0;0;0;0;0;0;0;0;0;0;0;0;0;0;0;0;0;0;0;0;0;0;2019-08-10 15:30:00;-1;0;0;0;0;0;1;-1;0;2;2;4;2;6;-1;-1;-1;-1;-1;-1;1;36;55;73;99;0.79;1.63;2.42;0;0;0;0;0;0;1;1;0;0;0;2;-1;-1;-1;-1;-1;-1;-1;-1;-1;-1;-1;0;0;0;0;0;0;0;0;0;0;0;0;0;Iskra;Mladost;2.19;1.07;0;0;3;0;0;0;0;0;0;0;0;0;0;0;0;2271;31;N;N;N;N;N;N;N
618058;966;6742;2019/2020;complete;51009;2;-1;59;56,78,90;1;3;4;7;8;15;-1;-1;4;3;0;0;3;5;5;5;8;10;-1;-1;50;50;4;3;3.25;3;2.1;0;0;2.4;0;0;0;0;1.53;0;0;0;0;0;0;0;0;1.57;1.33;1.3;3.75;1.95;3;0;0;0;0;0;0;0;0;0;0;0;0;0;0;0;0;0;0;0;0;0;0;0;0;0;0;0;0;0;0;0;0;0;0;0;0;0;0;0;0;0;0;0;4;0;0;1;3;4;0;2019-08-10 15:30:00;6742;0;0;0;0;0;1;1;3;5;4;3;8;7;0;1;4;2;1;6;1;52;48;104;103;1.1;1.34;2.44;0;0;0;0;0;0;1;1;0;0;0;2;0;0;-1;-1;-1;-1;-1;-1;-1;-1;-1;0;0;0;0;0;0;0;0;0;0;0;0;0;Rudar;Grbalj;1.27;0.6;0;0;0;0;0;0;0;0;0;0;0;0;0;0;0;2271;31;Y;Y;Y;Y;N;N;Y
618059;667988;1214;2019/2020;complete;51009;2;-1;59;73,82,90;1;3;4;2;9;11;-1;-1;1;2;0;0;4;9;4;8;8;17;-1;-1;50;50;1;2;7.85;4.35;1.38;0;0;1.9;0;0;0;0;1.9;0;0;0;0;0;0;0;0;2.75;1.2;1.05;6.5;2.3;1.91;0;0;0;0;0;0;0;0;0;0;0;0;0;0;0;0;0;0;0;0;0;0;0;0;0;0;0;0;0;0;0;0;0;0;0;0;0;0;0;0;0;0;0;4;0;0;1;3;4;0;2019-08-10 15:30:00;1214;0;0;0;0;0;1;1;2;7;0;2;9;2;1;0;0;2;1;2;1;34;75;91;131;1.04;2.25;3.29;0;0;0;0;0;0;1;1;0;0;0;1;0;0;-1;-1;-1;-1;-1;-1;-1;-1;-1;0;0;0;0;0;0;0;0;0;0;0;0;0;Mladost Lješkopolje;Budućnost;1.6;2.13;0;0;1;3;0;0;0;0;0;0;0;0;0;0;0;2271;31;Y;Y;Y;Y;N;N;Y
618060;6745;6741;2019/2020;complete;51009;2;-1;12,78,83;33,65;3;2;5;2;6;8;-1;-1;4;5;0;0;7;9;3;4;10;13;-1;-1;43;57;4;5;2.65;3;2.5;0;0;2.6;0;0;0;0;1.48;0;0;0;0;0;0;0;0;1.5;1.33;1.36;3.6;1.91;3.25;0;0;0;0;0;0;0;0;0;0;0;0;0;0;0;0;0;0;0;0;0;0;0;0;0;0;0;0;0;0;0;0;0;0;0;0;0;0;0;0;0;0;0;5;1;1;2;1;3;2;2019-08-10 15:30:00;6745;0;0;0;0;0;1;1;2;2;0;4;4;4;2;2;2;3;4;5;1;43;57;78;86;1.43;1.86;3.3;2;0;2;0;0;0;1;1;0;0;1;0;0;0;-1;-1;-1;-1;-1;-1;-1;-1;-1;0;0;0;0;0;0;0;0;0;5;0;0;0;Kom;Petrovac;1.07;1.31;1;0;1;1;50;50;50;50;50;50;50;0;1.4;0;1.4;2271;31;Y;Y;Y;Y;Y;N;Y
618061;6741;5401;2019/2020;complete;51009;3;-1;;32,45;0;2;2;8;1;9;-1;-1;4;2;0;0;5;4;10;8;15;12;-1;-1;50;50;4;2;2.4;3;2.75;1.09;1.56;2.7;5.35;10.25;5.8;2.25;1.39;1.11;1.01;2.25;1.54;0;0;0;0;1.4;1.36;1.53;3.2;1.95;3.5;0;0;0;0;0;0;0;0;0;0;0;0;0;0;0;0;0;0;0;0;0;0;0;0;0;0;0;0;0;0;0;0;0;0;0;0;0;0;0;0;0;0;0;2;0;2;0;0;0;2;2019-08-14 17:30:00;5401;0;50;0;0;0;1;1;3;0;5;1;3;6;1;2;3;0;3;3;1;98;55;151;100;2.01;1.44;3.45;0;0;0;0;0;0;1;1;0;0;1;0;0;2;-1;-1;-1;-1;-1;-1;-1;-1;-1;0;0;0;50;50;0;0;0;0;5;0;0;1;Petrovac;Zeta;1.07;1;1;1;0.5;1;100;100;100;50;50;50;50;0;0;1.7;1.7;2271;31;Y;Y;N;N;N;N;N
618062;1214;6745;2019/2020;complete;51009;3;-1;10,50,85;70;3;1;4;5;4;9;-1;-1;1;0;0;0;6;3;8;8;14;11;-1;-1;50;50;1;0;1.25;5.1;8.75;1.03;1.27;1.87;3.2;5.95;8.75;3.35;1.8;1.29;1.09;2.4;1.49;0;0;0;0;1.04;1.12;3.5;1.73;2.4;9;0;0;0;0;0;0;0;0;0;0;0;0;0;0;0;0;0;0;0;0;0;0;0;0;0;0;0;0;0;0;0;0;0;0;0;0;0;0;0;0;0;0;0;4;1;0;2;1;3;1;2019-08-14 17:00:00;1214;0;0;0;0;0;1;1;2;2;3;2;4;5;0;0;1;0;0;1;1;67;47;106;89;1.79;1.25;3.04;0;0;0;0;0;0;1;1;1;0;0;0;0;0;-1;-1;-1;-1;-1;-1;-1;-1;-1;0;0;0;50;50;0;50;50;0;3;0;3;1;Budućnost;Kom;2.56;0.81;3;0;3;2;50;50;50;0;0;0;0;0;0;0;0;2271;31;Y;Y;Y;Y;N;N;Y
618063;6742;667988;2019/2020;complete;51009;3;-1;-1;-1;1;1;2;4;3;7;-1;-1;-1;-1;-1;-1;7;5;7;4;14;9;-1;-1;53;47;-1;-1;1.37;4.28;8.7;0;0;2.05;0;0;0;0;1.75;0;0;0;0;0;0;0;0;1.1;1.25;2.38;2.1;2.2;5.5;0;0;0;0;0;0;0;0;0;0;0;0;0;0;0;0;0;0;0;0;0;0;0;0;0;0;0;0;0;0;0;0;0;0;0;0;0;0;0;0;0;0;0;2;0;0;0;0;0;0;2019-08-14 15:30:00;-1;0;100;0;50;1;1;-1;1;1;3;2;2;5;-1;-1;-1;-1;-1;-1;1;49;40;94;87;1.73;1.21;2.94;-1;-1;-1;-1;-1;-1;-1;-1;-1;-1;0;1;-1;-1;-1;-1;-1;-1;-1;-1;-1;-1;-1;50;50;50;100;100;0;50;50;50;4;0;4;3.5;Grbalj;Mladost Lješkopolje;0.88;1;0;1;1.5;0.5;50;50;50;0;0;50;50;50;1.01;0;1.01;2271;31;Y;Y;N;N;N;N;Y
618064;67;966;2019/2020;complete;51009;3;-1;;84;0;1;1;10;2;12;-1;-1;0;4;0;0;5;4;8;2;13;6;-1;-1;58;42;0;4;1.36;4.05;7;1.05;1.38;2.2;4.05;7.5;7.25;2.75;1.59;1.19;1.04;2.55;1.44;0;0;0;0;1.05;1.14;3;1.95;2.2;7;0;0;0;0;0;0;0;0;0;0;0;0;0;0;0;0;0;0;0;0;0;0;0;0;0;0;0;0;0;0;0;0;0;0;0;0;0;0;0;0;0;0;0;1;0;0;0;1;1;0;2019-08-14 18:30:00;966;0;0;0;0;0;1;1;4;0;6;2;4;8;0;1;0;3;1;3;1;112;56;120;99;1.98;1.07;3.05;0;0;0;0;0;0;1;1;0;0;0;0;0;0;-1;-1;-1;-1;-1;-1;-1;-1;-1;0;0;0;50;100;0;50;50;0;7;0;0;1.5;Mladost;Rudar;0.94;0.88;0;0;0.5;0;100;100;100;50;0;0;0;0;1.03;0;1.03;2271;31;Y;N;N;N;N;N;N
618065;977;6744;2019/2020;complete;51009;3;-1;16,49,90,90;32,89;4;2;6;5;3;8;-1;-1;3;1;0;0;8;6;7;3;15;9;-1;-1;50;50;3;1;1.42;4.48;7.3;0;0;0;0;0;0;0;0;0;0;0;0;0;0;0;0;0;0;0;0;0;0;0;0;0;0;0;0;0;0;0;0;0;0;0;0;0;0;0;0;0;0;0;0;0;0;0;0;0;0;0;0;0;0;0;0;0;0;0;0;0;0;0;0;0;6;1;1;3;1;4;2;2019-08-28 16:30:00;977;0;75;0;25;0;1;1;2;1;3;2;3;5;1;1;2;0;2;2;1;0;0;0;0;1.88;1.38;3.26;0;0;0;0;0;0;1;1;0;0;1;0;0;0;-1;-1;-1;-1;-1;-1;-1;-1;-1;25;25;75;75;100;0;50;25;25;17;0;2;3;Sutjeska;Iskra;2.13;1.2;0;3;1.75;2.5;75;75;25;25;0;100;100;100;0;1.57;1.57;2271;31;Y;Y;Y;Y;Y;Y;Y
618066;5401;6744;2019/2020;complete;51009;4;-1;;35;0;1;1;6;5;11;-1;-1;-1;-1;-1;-1;7;4;5;6;12;10;-1;-1;50;50;-1;-1;2.1;2.88;3.7;0;0;2.5;0;0;0;0;1.5;0;0;0;0;0;0;0;0;1.29;1.4;1.67;2.88;1.91;4.33;0;0;0;0;0;0;0;0;0;0;0;0;0;0;0;0;0;0;0;0;0;0;0;0;0;0;0;0;0;0;0;0;0;0;0;0;0;0;0;0;0;0;0;1;0;1;0;0;0;1;2019-08-18 15:00:00;6744;0;50;0;50;0;1;-1;2;3;4;2;5;6;-1;-1;-1;-1;-1;-1;1;51;82;100;111;1.62;1.51;3.13;0;0;0;0;0;0;1;1;0;0;0;0;-1;-1;-1;-1;-1;-1;-1;-1;-1;-1;-1;50;50;50;50;50;0;50;50;50;12;0;6;2.5;Zeta;Iskra;1.67;1.2;1;3;1.67;2;50;50;50;50;50;50;50;50;1.58;1.63;3.21;2271;31;Y;N;N;N;N;N;N
618067;966;977;2019/2020;complete;51009;4;-1;;4,9,63,86;0;4;4;3;5;8;-1;-1;3;2;0;0;2;11;4;10;6;21;-1;-1;50;50;3;2;7.55;3.98;1.43;0;0;0;0;0;0;0;0;0;0;0;0;0;0;0;0;0;0;0;0;0;0;0;0;0;0;0;0;0;0;0;0;0;0;0;0;0;0;0;0;0;0;0;0;0;0;0;0;0;0;0;0;0;0;0;0;0;0;0;0;0;0;0;0;0;4;0;2;0;2;2;2;2019-08-18 15:00:00;977;0;50;0;50;0;1;1;2;3;1;2;5;3;0;1;3;1;1;4;1;42;62;92;97;0.83;2.54;3.37;0;0;0;0;0;0;1;1;0;2;1;1;0;0;-1;-1;-1;-1;-1;-1;-1;-1;-1;0;50;50;50;75;0;0;50;50;9;0;5;2.25;Rudar;Sutjeska;1.27;1.4;0;2;1;2;100;50;50;50;25;50;50;50;1.1;1.6;2.7;2271;31;Y;Y;Y;Y;N;N;N
618068;667988;67;2019/2020;complete;51009;4;-1;;;0;0;0;2;5;7;-1;-1;1;1;0;0;-1;-1;-1;-1;-1;-1;-1;-1;-1;-1;1;1;3.25;2.9;2.25;0;0;2.5;0;0;0;0;1.5;0;0;0;0;0;0;0;0;1.53;1.36;1.3;3.75;1.91;3;0;0;0;0;0;0;0;0;0;0;0;0;0;0;0;0;0;0;0;0;0;0;0;0;0;0;0;0;0;0;0;0;0;0;0;0;0;0;0;0;0;0;0;0;0;0;0;0;0;0;2019-08-18 15:00:00;-1;0;50;0;50;0;1;1;1;1;1;4;2;5;0;0;1;1;0;2;1;47;63;106;135;0;0;0;0;0;0;0;0;0;1;1;0;0;0;0;0;0;-1;-1;-1;-1;-1;-1;-1;-1;-1;0;50;50;50;50;0;0;50;50;8;0;1;2;Mladost Lješkopolje;Mladost;1.6;1.07;0;1;0.67;0.33;100;50;50;50;50;50;50;50;1.04;1.63;2.67;2271;31;N;N;N;N;N;N;N
618069;6745;6742;2019/2020;complete;51009;4;-1;75;9;1;1;2;7;2;9;-1;-1;3;4;0;0;6;2;14;6;20;8;-1;-1;50;50;3;4;2.38;3;2.9;0;0;2.4;0;0;0;0;1.53;0;0;0;0;0;0;0;0;1.36;1.33;1.5;3.2;1.95;3.6;0;0;0;0;0;0;0;0;0;0;0;0;0;0;0;0;0;0;0;0;0;0;0;0;0;0;0;0;0;0;0;0;0;0;0;0;0;0;0;0;0;0;0;2;0;1;1;0;1;1;2019-08-18 15:00:00;-1;0;75;25;75;0;1;1;5;0;2;2;5;4;1;1;2;3;2;5;1;71;46;135;104;2.2;0.99;3.19;0;0;0;0;0;0;1;1;0;1;0;0;0;0;-1;-1;-1;-1;-1;-1;-1;-1;-1;25;75;75;75;75;25;25;75;75;11.5;0;7;3.25;Kom;Grbalj;1.07;0.6;2;3;1.33;1.33;75;25;25;25;25;75;75;50;1.42;1.34;2.76;2271;31;Y;Y;N;N;N;N;Y
618070;6741;1214;2019/2020;complete;51009;4;-1;;52,87,90;0;3;3;3;5;8;-1;-1;3;2;0;0;6;8;12;6;18;14;-1;-1;50;50;3;2;5.25;3.4;1.65;0;0;2.1;0;0;0;0;1.7;0;0;0;0;0;0;0;0;2.2;1.3;1.14;5;2.1;2.3;0;0;0;0;0;0;0;0;0;0;0;0;0;0;0;0;0;0;0;0;0;0;0;0;0;0;0;0;0;0;0;0;0;0;0;0;0;0;0;0;0;0;0;3;0;0;0;3;3;0;2019-08-18 17:30:00;1214;0;75;0;50;0;1;1;2;4;1;1;6;2;2;1;1;1;3;2;1;46;61;107;113;1.89;1.89;3.78;0;0;0;0;0;0;1;1;0;0;1;2;0;0;-1;-1;-1;-1;-1;-1;-1;-1;-1;0;50;50;100;100;25;25;50;50;17;0;6;3;Petrovac;Budućnost;1.07;2.13;0.5;3;0.33;3;100;50;50;0;0;100;50;50;2.01;2.25;4.26;2271;31;Y;Y;Y;N;N;N;N
618071;1214;5401;2019/2020;complete;51009;5;-1;90;17;1;1;2;13;1;14;-1;-1;1;5;0;0;2;2;0;0;2;2;-1;-1;50;50;1;5;1.43;4.2;7;0;0;2;0;0;0;0;1.8;0;0;0;0;0;0;0;0;1.04;1.17;3.4;1.83;2.3;8;0;0;0;0;0;0;0;0;0;0;0;0;0;0;0;0;0;0;0;0;0;0;0;0;0;0;0;0;0;0;0;0;0;0;0;0;0;0;0;0;0;0;0;2;0;1;1;0;1;1;2019-08-25 17:00:00;-1;0;25;0;25;0;1;1;3;1;10;0;4;10;0;2;1;3;2;4;1;70;40;0;0;0.75;0.54;1.3;0;0;0;0;0;0;1;1;0;0;1;1;0;0;-1;-1;-1;-1;-1;-1;-1;-1;-1;0;25;25;75;75;25;75;50;25;7;0;4;2;Budućnost;Zeta;2.56;1;3;2;3;1.25;100;75;75;25;25;75;25;0;1.79;1.57;3.36;2271;31;Y;Y;N;N;N;N;Y
618072;6742;6741;2019/2020;complete;51009;5;-1;80;4,77;1;2;3;7;2;9;-1;-1;3;0;0;0;3;7;11;8;14;15;-1;-1;50;50;3;0;1.74;3.42;4.68;0;0;2.1;0;0;0;0;1.7;0;0;0;0;0;0;0;0;1.14;1.29;2;2.38;2.1;4.75;0;0;0;0;0;0;0;0;0;0;0;0;0;0;0;0;0;0;0;0;0;0;0;0;0;0;0;0;0;0;0;0;0;0;0;0;0;0;0;0;0;0;0;3;0;1;1;1;2;1;2019-08-24 15:00:00;6741;0;100;50;100;0;1;1;1;1;6;1;2;7;1;0;2;0;1;2;1;63;33;100;94;1.55;1.68;3.23;0;0;0;0;0;0;1;1;0;1;0;0;0;0;-1;-1;-1;-1;-1;-1;-1;-1;-1;75;75;75;100;100;50;75;75;75;10;0;9;4.25;Grbalj;Petrovac;0.88;1.31;0.5;0;1.25;0.25;25;25;25;0;0;25;25;25;1.37;1.86;3.23;2271;31;Y;Y;Y;N;N;N;Y
618073;67;6745;2019/2020;complete;51009;5;-1;28,34,49;3;3;1;4;6;4;10;-1;-1;2;1;0;0;8;2;7;3;15;5;-1;-1;58;42;2;1;1.79;3.28;4.62;0;0;2.4;0;0;0;0;1.53;0;0;0;0;0;0;0;0;1.14;1.3;1.91;2.5;2;5;0;0;0;0;0;0;0;0;0;0;0;0;0;0;0;0;0;0;0;0;0;0;0;0;0;0;0;0;0;0;0;0;0;0;0;0;0;0;0;0;0;0;0;4;2;1;1;0;1;3;2019-08-24 18:30:00;67;0;50;0;50;0;1;1;3;2;3;2;5;5;0;1;2;0;1;2;1;95;72;128;107;2.19;0.99;3.18;0;0;0;0;0;0;1;1;0;1;0;0;0;0;-1;-1;-1;-1;-1;-1;-1;-1;-1;0;50;50;50;100;0;50;75;50;10;0;0;2.5;Mladost;Kom;0.94;0.81;0;0;0.5;1.25;100;50;50;50;0;75;25;25;1.5;1.25;2.75;2271;31;Y;Y;Y;Y;N;N;Y
618074;977;667988;2019/2020;complete;51009;5;-1;-1;-1,-1;1;2;3;10;2;12;-1;-1;-1;-1;-1;-1;-1;-1;-1;-1;-1;-1;-1;-1;-1;-1;-1;-1;1.23;5.05;14;0;0;0;0;0;0;0;0;0;0;0;0;0;0;0;0;0;0;0;0;0;0;0;0;0;0;0;0;0;0;0;0;0;0;0;0;0;0;0;0;0;0;0;0;0;0;0;0;0;0;0;0;0;0;0;0;0;0;0;0;0;0;0;0;0;3;0;0;0;0;0;0;2019-08-24 16:30:00;667988;0;50;0;0;1;1;-1;6;2;4;0;8;4;-1;-1;-1;-1;-1;-1;-1;0;0;0;0;0;0;0;-1;-1;-1;-1;-1;-1;-1;-1;-1;-1;2;0;-1;-1;-1;-1;-1;-1;-1;-1;-1;-1;-1;0;0;0;50;50;0;0;0;0;3;0;0;1;Sutjeska;Mladost Lješkopolje;2.13;1;0;1;2.33;0.75;50;50;50;0;0;0;0;0;0;1.21;1.21;2271;31;Y;Y;Y;N;N;N;Y
618075;6744;966;2019/2020;complete;51009;5;-1;79;;1;0;1;4;6;10;-1;-1;2;1;0;0;5;2;5;0;10;2;-1;-1;53;47;2;1;1.41;4.08;8.05;0;0;2.1;0;0;0;0;1.7;0;0;0;0;0;0;0;0;1.04;1.2;3.25;1.95;2.2;8;0;0;0;0;0;0;0;0;0;0;0;0;0;0;0;0;0;0;0;0;0;0;0;0;0;0;0;0;0;0;0;0;0;0;0;0;0;0;0;0;0;0;0;2;1;0;1;0;1;1;2019-08-24 15:00:00;6744;0;0;0;0;0;1;1;2;2;2;4;4;6;1;1;1;0;2;1;1;47;44;88;86;1.33;0.6;1.92;0;0;0;0;0;0;1;1;0;0;0;0;0;0;-1;-1;-1;-1;-1;-1;-1;-1;-1;0;0;0;25;50;0;25;50;0;5.5;0;2;0.75;Iskra;Rudar;2.19;0.88;1;1.5;2.33;0.75;100;100;100;75;50;25;25;25;0.79;1.07;1.86;2271;31;Y;Y;N;N;N;N;N
618076;5401;966;2019/2020;complete;51009;6;-1;28,53;22;2;1;3;5;4;9;-1;-1;0;1;0;0;10;5;7;6;17;11;-1;-1;50;50;0;1;1.34;4.1;7.5;0;0;2.1;0;0;0;0;1.7;0;0;0;0;0;0;0;0;1.03;1.17;3.4;1.8;2.25;9;0;0;0;0;0;0;0;0;0;0;0;0;0;0;0;0;0;0;0;0;0;0;0;0;0;0;0;0;0;0;0;0;0;0;0;0;0;0;0;0;0;0;0;3;1;1;1;0;1;2;2019-08-31 14:30:00;5401;0;0;0;0;0;1;1;3;1;2;3;4;5;0;0;0;1;0;1;1;71;62;137;117;2.29;1.5;3.79;0;0;0;0;0;0;1;1;0;0;1;0;0;0;-1;-1;-1;-1;-1;-1;-1;-1;-1;0;0;0;34;75;0;59;50;0;8.83;0;5.67;1.09;Zeta;Rudar;1.67;0.88;0.5;1;1.2;0.6;100;100;100;67;25;59;59;42;1.6;0.84;2.44;2271;31;Y;Y;Y;N;N;N;Y
618077;667988;6744;2019/2020;complete;51009;6;-1;-1;-1;1;1;2;1;5;6;-1;-1;-1;-1;-1;-1;4;5;4;11;8;16;-1;-1;50;50;-1;-1;1.36;4.15;6.95;0;0;2.2;0;0;0;0;1.65;0;0;0;0;0;0;0;0;1.2;1.33;1.8;2.6;2.05;4.33;0;0;0;0;0;0;0;0;0;0;0;0;0;0;0;0;0;0;0;0;0;0;0;0;0;0;0;0;0;0;0;0;0;0;0;0;0;0;0;0;0;0;0;2;0;0;0;0;0;0;2019-08-31 14:00:00;-1;0;59;17;59;1;1;-1;1;3;0;2;4;2;-1;-1;-1;-1;-1;-1;1;34;60;93;99;1.04;1.79;2.83;-1;-1;-1;-1;-1;-1;-1;-1;-1;-1;0;0;-1;-1;-1;-1;-1;-1;-1;-1;-1;-1;-1;34;59;59;59;75;17;50;59;59;7.67;0;2.5;3;Mladost Lješkopolje;Iskra;1.6;1.2;0.5;2;1.2;2;67;42;42;42;25;59;59;59;1.04;1.51;2.55;2271;31;Y;Y;N;N;N;N;Y
618078;6745;977;2019/2020;complete;51009;6;-1;84;67;1;1;2;3;6;9;-1;-1;2;0;0;0;5;3;5;8;10;11;-1;-1;50;50;2;0;2.35;3;2.8;0;0;0;0;0;0;0;0;0;0;0;0;0;0;0;0;0;0;0;0;0;0;0;0;0;0;0;0;0;0;0;0;0;0;0;0;0;0;0;0;0;0;0;0;0;0;0;0;0;0;0;0;0;0;0;0;0;0;0;0;0;0;0;0;0;2;0;0;1;1;2;0;2019-08-31 14:30:00;-1;0;34;17;17;0;1;1;1;3;2;3;4;5;0;0;2;0;0;2;1;38;69;115;123;1.27;1.41;2.68;0;0;0;0;0;0;1;1;0;0;0;0;0;0;-1;-1;-1;-1;-1;-1;-1;-1;-1;17;33;33;50;67;33;50;50;33;7.67;0;5;2;Kom;Sutjeska;1.07;1.4;1.67;2.33;1;2;84;67;67;50;33;34;17;0;1.68;1.91;3.59;2271;31;Y;Y;N;N;N;N;Y
618079;6741;67;2019/2020;complete;51009;6;-1;;30,34,69;0;3;3;1;5;6;-1;-1;1;1;0;0;4;5;6;13;10;18;-1;-1;50;50;1;1;2.7;2.85;2.55;1.07;1.47;2.45;4.7;9;6.45;2.45;1.48;1.14;1.02;2.05;1.69;0;0;0;0;1.44;1.36;1.4;3.4;1.91;3.4;0;0;0;0;0;0;0;0;0;0;0;0;0;0;0;0;0;0;0;0;0;0;0;0;0;0;0;0;0;0;0;0;0;0;0;0;0;0;0;0;0;0;0;3;0;2;0;1;1;2;2019-08-31 17:00:00;67;0;17;0;0;0;1;1;1;2;0;3;3;3;0;1;1;0;1;1;1;50;55;107;107;1.28;1.88;3.17;0;0;0;0;0;0;1;1;0;0;0;1;0;0;-1;-1;-1;-1;-1;-1;-1;-1;-1;0;0;17;50;50;17;17;17;17;11;0;4.5;1.17;Petrovac;Mladost;1.07;1.07;0.33;1;0.8;1;100;100;84;50;50;25;0;0;1.95;1.63;3.58;2271;31;Y;Y;Y;N;N;N;N
618080;1214;6742;2019/2020;complete;51009;6;-1;3,62,77;20;3;1;4;7;2;9;-1;-1;3;2;0;0;5;5;8;2;13;7;-1;-1;50;50;3;2;1.39;4.1;6.45;0;0;1.95;0;0;0;0;1.85;0;0;0;0;0;0;0;0;1.07;1.2;2.75;1.95;2.3;6;0;0;0;0;0;0;0;0;0;0;0;0;0;0;0;0;0;0;0;0;0;0;0;0;0;0;0;0;0;0;0;0;0;0;0;0;0;0;0;0;0;0;0;5;1;2;2;0;2;3;2019-08-31 14:30:00;1214;0;84;0;42;0;1;1;2;2;5;0;4;5;0;0;3;2;0;5;1;55;38;92;97;1.57;1.08;2.65;0;0;0;0;0;0;1;1;1;0;0;1;0;0;-1;-1;-1;-1;-1;-1;-1;-1;-1;0;42;42;100;100;0;75;100;42;12;0;5.17;2.84;Budućnost;Grbalj;2.56;0.6;2.33;2;2.6;1;100;59;59;0;0;84;42;42;1.27;1.16;2.43;2271;31;Y;Y;Y;Y;Y;N;Y
618086;5401;667988;2019/2020;complete;51009;8;-1;53;;1;0;1;3;2;5;-1;-1;1;2;0;1;9;0;8;2;17;2;-1;-1;57;43;1;4;1.44;4;6.5;0;0;2.05;0;0;0;0;1.75;0;0;0;0;0;0;0;0;1.08;1.2;2.5;2.1;2.2;5.5;0;0;0;0;0;0;0;0;0;0;0;0;0;0;0;0;0;0;0;0;0;0;0;0;0;0;0;0;0;0;0;0;0;0;0;0;0;0;0;0;0;0;0;1;0;0;1;0;1;0;2019-09-18 13:30:00;5401;0;67;17;0;0;1;1;2;1;1;1;3;2;0;0;1;3;0;4;1;54;20;91;76;2.09;0.29;2.38;0;0;0;0;0;0;1;1;0;0;0;0;0;0;-1;-1;-1;-1;-1;-1;-1;-1;-1;0;0;42;67;84;17;34;17;0;8;0;2;1.92;Zeta;Mladost Lješkopolje;1.67;1;1.33;1.25;1.43;1;100;100;59;34;17;50;33;33;1.83;1.55;3.38;2271;31;Y;N;N;N;N;N;N
618087;6745;966;2019/2020;complete;51009;8;-1;11,27,32,81,84;;5;0;5;4;9;13;-1;-1;2;1;0;0;10;2;8;5;18;7;-1;-1;48;52;2;1;1.69;3.4;4.5;1.04;1.33;2.05;3.65;6.85;7.75;3;1.69;1.23;1.06;1.95;1.74;0;0;0;0;1.14;1.29;2;2.3;2.1;5;0;0;0;0;0;0;0;0;0;0;0;0;0;0;0;0;0;0;0;0;0;0;0;0;0;0;0;0;0;0;0;0;0;0;0;0;0;0;0;0;0;0;0;5;3;0;2;0;2;3;2019-09-18 13:30:00;6745;0;50;25;25;0;1;1;3;2;1;7;5;8;1;0;1;1;1;2;1;51;69;86;80;2.2;1.08;3.28;0;0;0;0;0;0;1;1;0;0;1;1;0;0;-1;-1;-1;-1;-1;-1;-1;-1;-1;13;13;25;75;88;25;63;88;25;8.5;0;4.5;2.13;Kom;Rudar;1.07;0.88;1.5;0.75;1.29;0.86;88;88;75;25;13;75;38;13;1.58;1.06;2.64;2271;31;Y;Y;Y;Y;Y;N;N
618088;6741;6744;2019/2020;complete;51009;8;-1;;7;0;1;1;7;4;11;-1;-1;5;6;0;0;2;5;17;7;19;12;-1;-1;50;50;5;6;2.2;3;3.05;1.04;1.34;2.1;3.8;7;7.5;2.9;1.65;1.21;1.05;1.83;1.83;0;0;0;0;1.33;1.33;1.57;3;2.05;3.6;0;0;0;0;0;0;0;0;0;0;0;0;0;0;0;0;0;0;0;0;0;0;0;0;0;0;0;0;0;0;0;0;0;0;0;0;0;0;0;0;0;0;0;1;0;1;0;0;0;1;2019-09-18 13:30:00;6744;0;50;17;34;0;1;1;4;0;3;4;4;7;2;0;3;6;2;9;1;75;55;100;93;1.87;1.51;3.38;0;0;0;0;0;0;1;1;0;1;1;0;0;0;-1;-1;-1;-1;-1;-1;-1;-1;-1;25;25;50;88;100;38;63;50;38;9.5;0;4.17;3;Petrovac;Iskra;1.07;1.2;0.25;1.75;0.57;1.57;75;75;50;13;0;42;25;25;1.73;1.58;3.31;2271;31;Y;N;N;N;N;N;N
618089;1214;977;2019/2020;complete;51009;8;-1;35;15,34,45,54;1;4;5;6;2;8;-1;-1;3;2;0;0;8;5;7;4;15;9;-1;-1;50;50;3;2;2.4;2.95;2.8;1.06;1.43;2.35;4.4;8.25;6.8;2.6;1.53;1.16;1.03;2;1.71;0;0;0;0;0;0;0;0;0;0;0;0;0;0;0;0;0;0;0;0;0;0;0;0;0;0;0;0;0;0;0;0;0;0;0;0;0;0;0;0;0;0;0;0;0;0;0;0;0;0;0;0;0;5;1;3;0;1;1;4;2019-09-18 16:00:00;977;0;50;13;29;0;1;1;4;1;2;1;5;3;1;2;2;0;3;2;1;80;39;122;90;2.09;1.21;3.29;0;0;0;0;0;0;1;1;0;0;1;1;0;0;-1;-1;-1;-1;-1;-1;-1;-1;-1;13;38;38;75;88;25;63;75;50;10.75;0;3;2.5;Budućnost;Sutjeska;2.56;1.4;2.5;2;2.29;2;88;63;63;25;13;50;13;13;1.37;1.79;3.16;2271;31;Y;Y;Y;Y;Y;N;Y
618090;6742;67;2019/2020;complete;51009;8;-1;;76,90;0;2;2;7;6;13;-1;-1;-1;-1;-1;-1;0;7;10;7;10;14;-1;-1;50;50;-1;-1;1.89;3.32;4.02;0;0;2.2;0;0;0;0;1.65;0;0;0;0;0;0;0;0;1.22;1.3;1.8;2.5;2.05;4.33;0;0;0;0;0;0;0;0;0;0;0;0;0;0;0;0;0;0;0;0;0;0;0;0;0;0;0;0;0;0;0;0;0;0;0;0;0;0;0;0;0;0;0;2;0;0;0;2;2;0;2019-09-18 13:30:00;67;0;38;0;34;0;1;-1;4;2;3;4;6;7;-1;-1;-1;-1;-1;-1;1;41;61;111;117;0.94;1.82;2.76;0;0;0;0;0;0;1;1;0;0;2;0;-1;-1;-1;-1;-1;-1;-1;-1;-1;-1;-1;13;13;42;54;54;17;42;42;25;10.58;0;4.5;1.75;Grbalj;Mladost;0.88;1.07;0.5;1.67;0.86;1.57;88;88;59;46;46;25;13;13;1.41;1.76;3.17;2271;31;Y;Y;N;N;N;N;N
618091;67;5401;2019/2020;complete;51009;9;-1;;89;0;1;1;6;4;10;-1;-1;3;0;0;0;3;5;4;4;7;9;-1;-1;51;49;3;0;2.2;3;3.1;0;0;2.5;0;0;0;0;1.5;0;0;0;0;0;0;0;0;1.33;1.33;1.57;3;1.95;3.75;0;0;0;0;0;0;0;0;0;0;0;0;0;0;0;0;0;0;0;0;0;0;0;0;0;0;0;0;0;0;0;0;0;0;0;0;0;0;0;0;0;0;0;1;0;0;0;1;1;0;2019-09-22 16:00:00;5401;0;38;17;17;0;1;1;2;3;4;1;5;5;2;0;1;0;2;1;1;82;71;132;131;1.26;1.44;2.7;0;0;0;0;0;0;1;1;0;0;1;1;1;0;-1;-1;-1;-1;-1;-1;-1;-1;-1;0;13;25;50;75;25;50;50;13;7.25;0;5.17;1.63;Mladost;Zeta;0.94;1;1.5;1.5;1.75;1.63;100;88;75;50;25;75;63;38;1.51;1.43;2.94;2271;31;Y;N;N;N;N;N;N
618092;977;6742;2019/2020;complete;51009;9;-1;35,40,66,71,89;;5;0;5;10;8;18;-1;-1;1;0;0;0;20;11;7;2;27;13;-1;-1;63;37;1;0;1.38;4.52;7.4;0;0;0;0;0;0;0;0;0;0;0;0;0;0;0;0;0;0;0;0;0;0;0;0;0;0;0;0;0;0;0;0;0;0;0;0;0;0;0;0;0;0;0;0;0;0;0;0;0;0;0;0;0;0;0;0;0;0;0;0;0;0;0;0;0;5;2;0;3;0;3;2;2019-09-22 14:00:00;977;0;84;42;42;0;1;1;7;2;3;6;9;9;0;0;1;0;0;1;1;72;40;86;78;3.6;1.88;5.48;0;0;0;0;0;0;1;1;0;0;3;0;0;0;-1;-1;-1;-1;-1;-1;-1;-1;-1;33;50;84;100;100;33;50;84;67;11.67;0;5.5;3.84;Sutjeska;Grbalj;2.13;0.6;2;1.33;2.13;0.75;67;50;17;0;0;84;50;50;2.15;1.14;3.29;2271;31;Y;Y;Y;Y;Y;N;N
618093;6744;1214;2019/2020;complete;51009;9;-1;43,83;46,70;2;2;4;4;2;6;-1;-1;2;4;0;0;6;4;2;10;8;14;-1;-1;50;50;2;4;4.5;3.2;1.73;0;0;2.4;0;0;0;0;1.53;0;0;0;0;0;0;0;0;1.91;1.33;1.14;5;1.95;2.5;0;0;0;0;0;0;0;0;0;0;0;0;0;0;0;0;0;0;0;0;0;0;0;0;0;0;0;0;0;0;0;0;0;0;0;0;0;0;0;0;0;0;0;4;1;0;1;2;3;1;2019-09-22 13:00:00;-1;0;34;0;34;0;1;1;1;1;3;1;2;4;2;2;0;2;4;2;1;49;51;102;127;1.29;1.54;2.83;0;0;0;0;0;0;1;1;0;0;0;0;1;0;-1;-1;-1;-1;-1;-1;-1;-1;-1;0;17;50;84;84;0;33;84;67;12;0;3;2.33;Iskra;Budućnost;2.19;2.13;1.33;2;1.75;2;100;84;50;17;17;50;50;34;1.28;2.02;3.3;2271;31;Y;Y;Y;Y;N;N;Y
618094;966;6741;2019/2020;complete;51009;9;-1;3,23,42,75;;4;0;4;3;5;8;-1;-1;4;3;0;0;7;2;9;14;16;16;-1;-1;50;50;4;3;2.5;2.9;2.7;0;0;2.5;0;0;0;0;1.5;0;0;0;0;0;0;0;0;1.4;1.36;1.44;3.4;1.91;3.4;0;0;0;0;0;0;0;0;0;0;0;0;0;0;0;0;0;0;0;0;0;0;0;0;0;0;0;0;0;0;0;0;0;0;0;0;0;0;0;0;0;0;0;4;3;0;1;0;1;3;2019-09-22 13:00:00;966;0;67;17;59;0;1;1;0;1;3;4;1;7;2;1;2;2;3;4;1;64;70;94;100;1.96;1.65;3.61;1;0;1;0;0;0;1;1;1;0;0;0;0;0;-1;-1;-1;-1;-1;-1;-1;-1;-1;17;50;100;100;100;33;50;84;84;8;0;5.83;3.67;Rudar;Petrovac;1.27;1.31;1;1;0.75;0.5;84;50;0;0;0;50;33;33;1.07;1.62;2.69;2271;31;Y;Y;Y;Y;N;N;N
618095;667988;6745;2019/2020;complete;51009;9;-1;12,60,75,87;33,55;4;2;6;5;4;9;-1;-1;2;0;0;0;9;4;1;3;10;7;-1;-1;50;50;2;0;2.25;2.9;3.1;0;0;2.4;0;0;0;0;1.53;0;0;0;0;0;0;0;0;1.33;1.36;1.53;3.1;1.95;3.75;0;0;0;0;0;0;0;0;0;0;0;0;0;0;0;0;0;0;0;0;0;0;0;0;0;0;0;0;0;0;0;0;0;0;0;0;0;0;0;0;0;0;0;6;1;1;3;1;4;2;2019-09-22 13:00:00;667988;0;67;17;42;0;1;1;2;1;3;3;3;6;1;0;1;0;1;1;1;56;49;115;105;1.68;1.09;2.77;1;0;1;0;0;0;1;1;0;0;1;0;0;0;-1;-1;-1;-1;-1;-1;-1;-1;-1;0;50;50;84;84;17;34;67;50;5;0;2;2.67;Mladost Lješkopolje;Kom;1.6;0.81;0.67;1;0.88;1.5;100;50;50;17;17;50;33;17;1.04;1.12;2.16;2271;31;Y;Y;Y;Y;Y;Y;Y
618096;5401;6745;2019/2020;complete;51009;10;-1;;;0;0;0;7;3;10;-1;-1;-1;-1;-1;-1;7;6;9;5;16;11;-1;-1;50;50;-1;-1;1.51;3.55;5.7;1.07;1.47;2.45;4.7;9;6.45;2.45;1.48;1.14;1.02;2.55;1.43;0;0;0;0;1.1;1.25;2.38;2.2;2;6.5;0;0;0;0;0;0;0;0;0;0;0;0;0;0;0;0;0;0;0;0;0;0;0;0;0;0;0;0;0;0;0;0;0;0;0;0;0;0;0;0;0;0;0;0;0;0;0;0;0;0;2019-09-28 13:00:00;-1;0;50;38;25;0;1;-1;3;3;4;0;6;4;-1;-1;-1;-1;-1;-1;1;84;61;132;101;2.11;1.56;3.67;0;0;0;0;0;0;1;1;0;0;2;0;-1;-1;-1;-1;-1;-1;-1;-1;-1;-1;-1;13;38;50;63;88;38;63;75;38;7.75;0;2.42;2.63;Zeta;Kom;1.67;0.81;1.75;0.75;1.78;1.33;88;63;50;38;13;63;25;13;1.9;1.11;3.01;2271;31;N;N;N;N;N;N;N
618097;667988;6741;2019/2020;complete;51009;10;-1;-1;;1;0;1;7;2;9;-1;-1;-1;-1;-1;-1;5;0;4;7;9;7;-1;-1;50;50;-1;-1;1.95;3.05;4.17;0;0;2.5;0;0;0;0;1.5;0;0;0;0;0;0;0;0;1.2;1.36;1.73;2.62;1.95;4.5;0;0;0;0;0;0;0;0;0;0;0;0;0;0;0;0;0;0;0;0;0;0;0;0;0;0;0;0;0;0;0;0;0;0;0;0;0;0;0;0;0;0;0;1;0;0;0;0;0;0;2019-09-28 13:00:00;667988;0;63;29;59;1;1;-1;2;1;5;1;3;6;-1;-1;-1;-1;-1;-1;1;53;38;113;94;1.31;0.73;2.04;-1;-1;-1;-1;-1;-1;-1;-1;-1;-1;1;0;-1;-1;-1;-1;-1;-1;-1;-1;-1;-1;-1;25;50;75;88;88;38;50;75;63;6.75;0;3.83;3.38;Mladost Lješkopolje;Petrovac;1.6;1.31;1.25;0.75;1.11;0.44;75;50;25;13;13;50;25;25;1.25;1.63;2.88;2271;31;Y;N;N;N;N;N;N
618098;966;1214;2019/2020;complete;51009;10;-1;;10,11,26;0;3;3;4;1;5;-1;-1;2;2;0;0;0;7;4;6;4;13;-1;-1;50;50;2;2;8.75;4.6;1.28;1.05;1.37;2.15;4;7.5;7.25;2.8;1.61;1.2;1.05;3.05;1.32;0;0;0;0;3;1.2;1.04;7.5;2.2;1.91;0;0;0;0;0;0;0;0;0;0;0;0;0;0;0;0;0;0;0;0;0;0;0;0;0;0;0;0;0;0;0;0;0;0;0;0;0;0;0;0;0;0;0;3;0;3;0;0;0;3;2019-09-28 13:00:00;1214;0;63;0;54;0;1;1;3;0;1;1;3;2;2;0;0;2;2;2;1;54;49;86;101;0.65;1.67;2.32;0;0;0;0;0;0;1;1;0;1;0;0;1;0;-1;-1;-1;-1;-1;-1;-1;-1;-1;0;63;100;100;100;25;50;88;75;10.25;0;6.17;3.63;Rudar;Budućnost;1.27;2.13;1.5;1.75;1;1.89;100;38;0;0;0;38;38;38;1.29;1.9;3.19;2271;31;Y;Y;Y;N;N;N;N
618099;6744;6742;2019/2020;complete;51009;10;-1;58;;1;0;1;4;6;10;-1;-1;0;2;1;0;4;10;9;6;13;16;-1;-1;50;50;2;2;1.4;3.7;7.5;1.08;1.5;2.55;5;9.5;6.15;2.35;1.43;1.13;1.02;0;0;0;0;0;0;1.08;1.25;2.38;2.2;2;7;0;0;0;0;0;0;0;0;0;0;0;0;0;0;0;0;0;0;0;0;0;0;0;0;0;0;0;0;0;0;0;0;0;0;0;0;0;0;0;0;0;0;0;1;0;0;1;0;1;0;2019-09-28 13:00:00;6744;0;50;13;25;0;1;1;1;3;3;3;4;6;0;0;1;2;0;3;1;65;72;95;95;1.57;2.22;3.79;0;0;0;0;0;0;1;1;0;0;0;0;0;0;-1;-1;-1;-1;-1;-1;-1;-1;-1;25;50;50;88;88;25;63;88;63;9;0;3.58;3;Iskra;Grbalj;2.19;0.6;1.25;1;1.67;0.67;75;50;50;13;13;63;38;25;1.28;1.32;2.6;2271;31;Y;N;N;N;N;N;N
618100;977;67;2019/2020;complete;51009;10;-1;-1;-1;1;1;2;5;0;5;-1;-1;-1;-1;-1;-1;-1;-1;-1;-1;-1;-1;-1;-1;-1;-1;-1;-1;1.26;4.65;10;1.04;1.33;2.05;3.65;6.85;7.75;3;1.69;1.23;1.06;2.65;1.4;0;0;0;0;0;0;0;0;0;0;0;0;0;0;0;0;0;0;0;0;0;0;0;0;0;0;0;0;0;0;0;0;0;0;0;0;0;0;0;0;0;0;0;0;0;0;0;0;0;0;0;0;0;2;0;0;0;0;0;0;2019-09-28 14:00:00;-1;0;25;17;17;1;-1;-1;-1;-1;-1;-1;-1;-1;-1;-1;-1;-1;-1;-1;-1;0;0;0;0;0;0;0;-1;-1;-1;-1;-1;-1;-1;-1;-1;-1;-1;-1;-1;-1;-1;-1;-1;-1;-1;-1;-1;-1;-1;25;25;63;75;75;38;38;63;50;13.75;0;3;2.75;Sutjeska;Mladost;2.13;1.07;2.25;2;2.22;1.56;75;75;38;25;25;50;50;50;2.64;1.78;4.42;2271;31;Y;Y;N;N;N;N;Y
618101;977;5401;2019/2020;complete;51009;11;-1;2,48;24;2;1;3;5;1;6;-1;-1;3;1;0;0;6;3;6;1;12;4;-1;-1;50;50;3;1;1.48;3.9;5.6;1.02;1.24;1.8;3.05;5.55;9.25;3.55;1.87;1.32;1.1;1.95;1.74;0;0;0;0;1.11;1.2;2.5;2.05;2.3;5;0;0;0;0;0;0;0;0;0;0;0;0;0;0;0;0;0;0;0;0;0;0;0;0;0;0;0;0;0;0;0;0;0;0;0;0;0;0;0;0;0;0;0;3;1;1;1;0;1;2;2019-10-05 12:30:00;977;0;40;17;17;0;1;1;4;0;1;1;4;2;0;0;3;1;0;4;1;65;44;117;139;1.65;0.81;2.46;0;0;0;0;0;0;1;1;1;0;1;0;0;0;-1;-1;-1;-1;-1;-1;-1;-1;-1;20;20;40;70;80;30;40;50;30;10.2;0;4.33;2.4;Sutjeska;Zeta;2.13;1;2;1.8;2.1;1.7;80;80;60;30;20;70;60;40;2.64;1.43;4.07;2271;31;Y;Y;Y;N;N;N;Y
618102;67;6744;2019/2020;complete;51009;11;-1;;32;0;1;1;7;1;8;-1;-1;3;3;0;0;4;4;12;2;16;6;-1;-1;49;51;3;3;2.1;3;3.3;0;0;2.35;0;0;0;0;1.57;0;0;0;0;0;0;0;0;1.3;1.33;1.62;2.88;1.95;4;0;0;0;0;0;0;0;0;0;0;0;0;0;0;0;0;0;0;0;0;0;0;0;0;0;0;0;0;0;0;0;0;0;0;0;0;0;0;0;0;0;0;0;1;0;1;0;0;0;1;2019-10-06 12:00:00;6744;0;50;25;38;0;1;1;5;0;2;1;5;3;3;1;0;2;4;2;1;119;60;141;113;2.15;1.11;3.25;0;0;0;0;0;0;1;1;0;0;0;0;0;0;-1;-1;-1;-1;-1;-1;-1;-1;-1;20;30;40;50;100;20;60;60;30;10.4;0;5;2.5;Mladost;Iskra;0.94;1.2;1.2;2;1.5;1.8;80;70;60;50;0;70;70;50;1.46;1.56;3.02;2271;31;Y;N;N;N;N;N;N
618103;6742;966;2019/2020;complete;51009;11;-1;11,74;8,90;2;2;4;1;4;5;-1;-1;2;1;0;0;4;8;5;11;9;19;-1;-1;50;50;2;1;2.05;3.15;3.3;1.06;1.43;2.35;4.4;8.25;6.8;2.6;1.53;1.16;1.03;2.05;1.67;0;0;0;0;1.3;1.33;1.67;2.88;1.95;4;0;0;0;0;0;0;0;0;0;0;0;0;0;0;0;0;0;0;0;0;0;0;0;0;0;0;0;0;0;0;0;0;0;0;0;0;0;0;0;0;0;0;0;4;1;1;1;1;2;2;2019-10-05 12:30:00;-1;0;40;10;25;0;1;1;0;1;1;3;1;4;1;0;1;1;1;2;1;33;54;135;107;1.11;2.15;3.26;0;0;0;0;0;0;1;1;0;1;0;1;0;0;-1;-1;-1;-1;-1;-1;-1;-1;-1;20;20;40;80;90;20;60;80;40;10.8;0;4.9;2.5;Grbalj;Rudar;0.88;0.88;0.4;0.6;0.6;0.9;80;80;60;20;10;70;50;40;1.32;1.06;2.38;2271;31;Y;Y;Y;Y;N;N;Y
618104;1214;667988;2019/2020;complete;51009;11;-1;-1;;1;0;1;8;4;12;-1;-1;-1;-1;-1;-1;3;0;7;6;10;6;-1;-1;50;50;-1;-1;1.41;4.22;7.6;0;0;2.1;0;0;0;0;1.7;0;0;0;0;0;0;0;0;1.06;1.2;2.75;1.95;2.2;7;0;0;0;0;0;0;0;0;0;0;0;0;0;0;0;0;0;0;0;0;0;0;0;0;0;0;0;0;0;0;0;0;0;0;0;0;0;0;0;0;0;0;0;1;0;0;0;0;0;0;2019-10-05 12:30:00;1214;0;80;20;10;1;1;-1;5;0;3;4;5;7;-1;-1;-1;-1;-1;-1;1;55;41;87;87;1.24;0.69;1.93;-1;-1;-1;-1;-1;-1;-1;-1;-1;-1;1;0;-1;-1;-1;-1;-1;-1;-1;-1;-1;-1;-1;20;30;50;90;100;20;50;60;20;9.8;0;6.2;2.9;Budućnost;Mladost Lješkopolje;2.56;1;2;1;2;1.3;80;70;50;10;0;43;23;23;1.55;1.13;2.68;2271;31;Y;N;N;N;N;N;N
618105;6741;6745;2019/2020;complete;51009;11;-1;63,77;67;2;1;3;3;5;8;-1;-1;3;1;0;0;5;4;3;11;8;15;-1;-1;50;50;3;1;2.5;2.95;2.65;1.06;1.43;2.35;4.4;8.25;6.8;2.6;1.53;1.16;1.03;2;1.71;0;0;0;0;1.44;1.33;1.44;3.4;1.95;3.4;0;0;0;0;0;0;0;0;0;0;0;0;0;0;0;0;0;0;0;0;0;0;0;0;0;0;0;0;0;0;0;0;0;0;0;0;0;0;0;0;0;0;0;3;0;0;2;1;3;0;2019-10-05 12:30:00;6741;0;40;20;20;0;1;1;1;2;2;3;3;5;0;0;3;1;0;4;1;56;66;128;154;1.28;1.72;2.99;0;0;0;0;0;0;1;1;0;0;0;1;0;0;-1;-1;-1;-1;-1;-1;-1;-1;-1;10;30;50;80;90;40;60;60;40;8.15;0;4;2.7;Petrovac;Kom;1.07;0.81;0.2;0.8;0.4;1.3;90;70;50;20;10;65;33;13;1.76;1.2;2.96;2271;31;Y;Y;Y;N;N;N;Y
618106;5401;6741;2019/2020;complete;51009;12;-1;26;70;1;1;2;4;10;14;-1;-1;1;1;0;0;10;3;7;5;17;8;-1;-1;50;50;1;1;1.32;4.25;7.75;1.03;1.27;1.87;3.2;5.95;8.75;3.35;1.8;1.29;1.09;2.25;1.56;0;0;0;0;1.06;1.2;2.75;1.91;2.3;6.5;0;0;0;0;0;0;0;0;0;0;0;0;0;0;0;0;0;0;0;0;0;0;0;0;0;0;0;0;0;0;0;0;0;0;0;0;0;0;0;0;0;0;0;2;1;0;0;1;1;1;2019-10-19 11:30:00;-1;0;30;23;25;0;1;1;4;3;0;7;7;7;1;0;0;1;1;1;1;52;55;99;102;2.15;1.12;3.27;0;0;0;0;0;0;1;1;0;0;0;2;0;0;-1;-1;-1;-1;-1;-1;-1;-1;-1;10;20;50;50;80;30;50;60;30;8.6;0;4.17;2.1;Zeta;Petrovac;1.67;1.31;1.6;0.6;1.55;0.64;90;80;50;50;20;60;30;20;1.94;1.45;3.39;2271;31;Y;Y;N;N;N;N;Y
618107;6745;1214;2019/2020;complete;51009;12;-1;49,89;18,54,81;2;3;5;4;5;9;-1;-1;2;0;0;1;5;8;4;5;9;13;-1;-1;50;50;2;2;4.95;3.75;1.56;1.01;1.22;1.74;2.85;5.15;9.75;3.75;1.95;1.36;1.12;0;0;0;0;0;0;2.25;1.22;1.12;4.75;2.3;2.1;0;0;0;0;0;0;0;0;0;0;0;0;0;0;0;0;0;0;0;0;0;0;0;0;0;0;0;0;0;0;0;0;0;0;0;0;0;0;0;0;0;0;0;5;0;1;2;2;4;1;2019-10-19 11:30:00;1214;0;60;10;50;0;1;1;3;1;1;4;4;5;1;0;1;1;1;2;1;32;48;97;117;1.16;1.74;2.9;0;0;0;0;0;0;1;1;0;0;0;0;0;0;-1;-1;-1;-1;-1;-1;-1;-1;-1;20;40;70;90;90;30;60;80;70;9.6;0;5.15;3.1;Kom;Budućnost;1.07;2.13;1.8;2;1.18;2.09;80;60;30;10;10;60;40;30;1.7;1.85;3.55;2271;31;Y;Y;Y;Y;Y;N;Y
618108;667988;6742;2019/2020;complete;51009;12;-1;51;42;1;1;2;5;2;7;-1;-1;1;0;0;0;5;4;5;10;10;14;-1;-1;50;50;1;0;1.73;3.52;4.58;0;0;2.1;0;0;0;0;1.7;0;0;0;0;0;0;0;0;1.2;1.25;1.91;2.4;2.1;4.5;0;0;0;0;0;0;0;0;0;0;0;0;0;0;0;0;0;0;0;0;0;0;0;0;0;0;0;0;0;0;0;0;0;0;0;0;0;0;0;0;0;0;0;2;0;1;1;0;1;1;2019-10-19 15:00:00;-1;0;60;27;44;0;1;1;1;1;4;1;2;5;0;0;1;0;0;1;1;55;53;110;90;1.39;1.55;2.93;0;0;0;0;0;0;1;1;0;0;0;0;0;0;-1;-1;-1;-1;-1;-1;-1;-1;-1;30;50;50;70;90;30;40;70;50;8.6;0;3.53;3;Mladost Lješkopolje;Grbalj;1.6;0.6;1.6;0.8;1.18;0.64;70;50;50;30;10;80;40;30;1.27;1.5;2.77;2271;31;Y;Y;N;N;N;N;Y
618109;966;67;2019/2020;complete;51009;12;-1;6,32,70;46;3;1;4;4;7;11;-1;-1;3;2;0;0;5;6;8;15;13;21;-1;-1;50;50;3;2;2.45;3;2.7;1.05;1.39;2.2;4.15;7.75;7;2.7;1.57;1.18;1.04;1.91;1.77;0;0;0;0;1.44;1.33;1.44;3.25;2;3.25;0;0;0;0;0;0;0;0;0;0;0;0;0;0;0;0;0;0;0;0;0;0;0;0;0;0;0;0;0;0;0;0;0;0;0;0;0;0;0;0;0;0;0;4;2;0;1;1;2;2;2019-10-19 11:30:00;966;0;30;0;13;0;1;1;2;4;2;3;6;5;1;1;2;1;2;3;1;48;76;79;100;1.52;2.28;3.8;0;0;0;0;0;0;1;1;1;0;0;1;1;0;-1;-1;-1;-1;-1;-1;-1;-1;-1;0;30;60;80;80;40;40;50;30;8.2;0;4.25;2.5;Rudar;Mladost;1.27;1.07;1.2;1.8;0.91;1.36;100;70;40;20;20;20;20;20;1.16;1.78;2.94;2271;31;Y;Y;Y;Y;N;N;Y
618110;6744;977;2019/2020;complete;51009;12;-1;51,70;;2;0;2;3;4;7;-1;-1;2;5;0;0;5;7;2;1;7;8;-1;-1;50;50;2;5;3.8;3.25;1.83;1.05;1.37;2.15;4;7.5;7.25;2.8;1.61;1.2;1.05;2.05;1.69;0;0;0;0;0;0;0;0;0;0;0;0;0;0;0;0;0;0;0;0;0;0;0;0;0;0;0;0;0;0;0;0;0;0;0;0;0;0;0;0;0;0;0;0;0;0;0;0;0;0;0;0;0;2;0;0;2;0;2;0;2019-10-19 12:30:00;6744;0;30;13;23;0;1;1;2;1;1;3;3;4;0;2;2;3;2;5;-1;0;0;0;0;0;0;0;1;0;1;0;0;0;1;1;0;0;1;1;0;0;-1;-1;-1;-1;-1;-1;-1;-1;-1;10;30;30;60;80;20;40;70;40;7.4;0;2.75;2.1;Iskra;Sutjeska;2.19;1.4;1.6;2.2;1.91;2.18;90;70;70;40;20;30;20;0;1.34;1.67;3.01;2271;31;Y;Y;N;N;N;N;N
618111;6744;5401;2019/2020;complete;51009;13;-1;31,56;23;2;1;3;4;3;7;-1;-1;1;1;0;0;8;4;6;6;14;10;-1;-1;50;50;1;1;2.35;2.9;2.95;0;0;2.6;0;0;0;0;1.48;0;0;0;0;0;0;0;0;1.5;1.4;1.4;3.6;1.91;3.25;0;0;0;0;0;0;0;0;0;0;0;0;0;0;0;0;0;0;0;0;0;0;0;0;0;0;0;0;0;0;0;0;0;0;0;0;0;0;0;0;0;0;0;4;1;1;2;0;2;2;2019-10-26 12:30:00;6744;0;25;9;9;0;1;1;3;1;1;2;4;3;1;1;0;0;2;0;1;51;67;94;99;1.81;1.4;3.21;0;0;0;0;0;0;1;1;0;0;1;0;1;0;-1;-1;-1;-1;-1;-1;-1;-1;-1;0;9;17;59;75;17;42;67;25;6.16;0;3.6;1.58;Iskra;Zeta;2.19;1;1.83;1.5;2;1.5;100;92;83;42;25;50;42;9;1.34;1.33;2.67;2271;31;Y;Y;Y;Y;N;N;Y
618112;977;966;2019/2020;complete;51009;13;-1;15,45,71;;3;0;3;1;3;4;-1;-1;1;3;0;0;5;6;8;7;13;13;-1;-1;50;50;1;3;1.34;4.4;6.95;1.01;1.17;1.61;2.5;4.4;11;4.25;2.15;1.45;1.16;1.83;1.83;0;0;0;0;1.06;1.17;3;1.8;2.5;6.5;0;0;0;0;0;0;0;0;0;0;0;0;0;0;0;0;0;0;0;0;0;0;0;0;0;0;0;0;0;0;0;0;0;0;0;0;0;0;0;0;0;0;0;3;2;0;1;0;1;2;2019-10-27 12:00:00;977;0;50;42;21;0;1;1;0;2;1;1;2;2;1;2;0;1;3;1;1;53;56;136;114;1.57;1.65;3.22;2;0;2;0;0;0;1;1;0;0;0;0;0;0;-1;-1;-1;-1;-1;-1;-1;-1;-1;25;33;67;92;100;50;67;84;42;12.17;0;3.58;3.25;Sutjeska;Rudar;2.13;0.88;2.17;0.67;2;1.08;75;67;34;9;0;59;50;42;2.39;1.28;3.67;2271;31;Y;Y;Y;N;N;N;N
618113;67;667988;2019/2020;complete;51009;13;-1;-1;-1,-1;1;2;3;9;1;10;-1;-1;-1;-1;-1;-1;7;6;15;6;22;12;-1;-1;50;50;-1;-1;2.1;3;3.25;0;0;2.6;0;0;0;0;1.48;0;0;0;0;0;0;0;0;1.3;1.33;1.62;3;1.91;4;0;0;0;0;0;0;0;0;0;0;0;0;0;0;0;0;0;0;0;0;0;0;0;0;0;0;0;0;0;0;0;0;0;0;0;0;0;0;0;0;0;0;0;3;0;0;0;0;0;0;2019-10-26 15:00:00;667988;0;50;10;10;1;1;-1;3;1;6;0;4;6;-1;-1;-1;-1;-1;-1;1;95;30;136;83;2.56;1.4;3.96;-1;-1;-1;-1;-1;-1;-1;-1;-1;-1;1;0;-1;-1;-1;-1;-1;-1;-1;-1;-1;-1;-1;0;9;33;50;100;9;25;42;9;8.7;0;6.2;1.92;Mladost;Mladost Lješkopolje;0.94;1;1;0.83;1.25;1.17;100;92;67;50;0;54;54;37;1.57;1.02;2.59;2271;31;Y;Y;Y;N;N;N;Y
618114;6742;6745;2019/2020;complete;51009;13;-1;73;13;1;1;2;6;7;13;-1;-1;1;1;0;0;7;6;11;9;18;15;-1;-1;50;50;1;1;2.15;2.95;3.2;0;0;2.05;0;0;0;0;1.75;0;0;0;0;0;0;0;0;1.44;1.33;1.44;3.1;2.1;3.1;0;0;0;0;0;0;0;0;0;0;0;0;0;0;0;0;0;0;0;0;0;0;0;0;0;0;0;0;0;0;0;0;0;0;0;0;0;0;0;0;0;0;0;2;0;1;1;0;1;1;2019-10-26 11:30:00;-1;0;67;27;55;0;1;1;2;5;4;2;7;6;1;0;0;1;1;1;1;81;43;130;114;2.21;1.69;3.9;0;0;0;0;0;0;1;1;0;0;1;4;0;0;-1;-1;-1;-1;-1;-1;-1;-1;-1;17;42;59;83;83;25;50;75;67;8.5;0;3.8;2.92;Grbalj;Kom;0.88;0.81;0.5;0.67;0.67;1.08;83;59;42;17;17;59;33;17;1.28;1.29;2.57;2271;31;Y;Y;N;N;N;N;Y
618115;1214;6741;2019/2020;complete;51009;13;-1;11,28;;2;0;2;2;1;3;-1;-1;1;0;0;0;8;0;4;5;12;5;-1;-1;50;50;1;0;1.2;5.65;10.25;0;0;1.57;0;0;0;0;2.35;0;0;0;0;0;0;0;0;1.03;1.11;4;1.62;2.75;8.5;0;0;0;0;0;0;0;0;0;0;0;0;0;0;0;0;0;0;0;0;0;0;0;0;0;0;0;0;0;0;0;0;0;0;0;0;0;0;0;0;0;0;0;3;2;0;1;0;1;2;2019-10-26 11:30:00;1214;0;59;30;30;0;1;1;1;1;1;0;2;1;1;0;0;0;1;0;1;43;32;102;92;1.64;0.56;2.2;0;0;0;0;0;0;1;1;0;0;1;0;1;0;-1;-1;-1;-1;-1;-1;-1;-1;-1;25;42;59;83;100;33;75;83;42;11.83;0;4.4;3.09;Budućnost;Petrovac;2.56;1.31;2.17;0.67;2.17;0.67;75;59;42;17;0;67;33;33;1.49;1.39;2.88;2271;31;Y;Y;Y;N;N;N;N
618116;5401;1214;2019/2020;complete;51009;14;-1;42,54;9;2;1;3;3;10;13;-1;-1;3;4;0;1;5;8;5;7;10;15;-1;-1;50;50;3;6;3.25;3.2;2.05;0;0;2.08;0;0;0;0;1.73;0;0;0;0;0;0;0;0;1.67;1.33;1.3;3.75;2.1;2.75;0;0;0;0;0;0;0;0;0;0;0;0;0;0;0;0;0;0;0;0;0;0;0;0;0;0;0;0;0;0;0;0;0;0;0;0;0;0;0;0;0;0;0;3;1;1;1;0;1;2;2019-11-02 12:30:00;5401;0;50;9;34;0;1;1;2;5;1;5;7;6;2;2;1;3;4;4;1;41;63;110;118;1.29;1.97;3.26;0;0;0;0;0;0;1;1;0;1;0;2;0;0;-1;-1;-1;-1;-1;-1;-1;-1;-1;9;25;59;67;84;17;59;67;42;10;0;3.83;2.42;Zeta;Budućnost;1.67;2.13;1.5;2.17;1.38;2.23;92;75;42;34;17;59;42;33;1.97;1.83;3.8;2271;31;Y;Y;Y;N;N;N;Y
618117;6741;6742;2019/2020;complete;51009;14;-1;27,69;;2;0;2;6;4;10;-1;-1;4;3;1;0;5;6;6;9;11;15;-1;-1;50;50;6;3;2.25;3.05;3;0;0;2.15;0;0;0;0;1.67;0;0;0;0;0;0;0;0;1.33;1.33;1.57;3;2.05;3.5;0;0;0;0;0;0;0;0;0;0;0;0;0;0;0;0;0;0;0;0;0;0;0;0;0;0;0;0;0;0;0;0;0;0;0;0;0;0;0;0;0;0;0;2;1;0;1;0;1;1;2019-11-02 12:30:00;6741;0;50;9;19;0;1;1;1;0;5;4;1;9;2;3;3;0;5;3;1;47;63;108;128;1.39;1.83;3.22;0;0;0;0;0;0;1;1;0;0;0;0;0;0;-1;-1;-1;-1;-1;-1;-1;-1;-1;17;25;50;83;100;33;59;75;42;9.07;0;5.03;2.75;Petrovac;Grbalj;1.07;0.6;0.67;0.83;0.62;0.69;84;75;50;17;0;62;35;27;1.67;1.51;3.18;2271;31;Y;Y;N;N;N;N;N
618118;6745;67;2019/2020;complete;51009;14;-1;53;30,85;1;2;3;6;4;10;-1;-1;1;2;0;0;5;4;7;2;12;6;-1;-1;49;51;1;2;2.25;3.2;2.8;0;0;2.08;0;0;0;0;1.73;0;0;0;0;0;0;0;0;1.36;1.33;1.53;3;2.1;3.4;0;0;0;0;0;0;0;0;0;0;0;0;0;0;0;0;0;0;0;0;0;0;0;0;0;0;0;0;0;0;0;0;0;0;0;0;0;0;0;0;0;0;0;3;0;1;1;1;2;1;2019-11-02 12:30:00;67;0;50;9;35;0;1;1;1;1;5;3;2;8;1;0;0;2;1;2;1;89;92;136;127;1.76;1.33;3.09;0;0;0;0;0;0;1;1;0;0;0;1;0;0;-1;-1;-1;-1;-1;-1;-1;-1;-1;25;34;42;75;75;33;50;67;50;9;0;3.93;2.5;Kom;Mladost;1.07;1.07;1.5;1.5;1.08;1.15;75;67;59;25;25;58;33;25;1.61;1.9;3.51;2271;31;Y;Y;Y;N;N;N;Y
618119;667988;977;2019/2020;complete;51009;14;-1;-1,-1;-1,-1;2;2;4;4;8;12;-1;-1;-1;-1;-1;-1;7;4;0;7;7;11;-1;-1;50;50;-1;-1;5.05;3.55;1.67;0;0;2.15;0;0;0;0;1.67;0;0;0;0;0;0;0;0;2;1.29;1.14;4.75;2.1;2.38;0;0;0;0;0;0;0;0;0;0;0;0;0;0;0;0;0;0;0;0;0;0;0;0;0;0;0;0;0;0;0;0;0;0;0;0;0;0;0;0;0;0;0;4;0;0;0;0;0;0;2019-11-02 14:30:00;-1;0;50;23;35;1;1;-1;0;5;4;3;5;7;-1;-1;-1;-1;-1;-1;1;38;59;74;74;1.21;1.4;2.61;-1;-1;-1;-1;-1;-1;-1;-1;-1;-1;0;0;-1;-1;-1;-1;-1;-1;-1;-1;-1;-1;-1;17;33;33;67;83;25;33;59;42;7.17;0;3.25;2.42;Mladost Lješkopolje;Sutjeska;1.6;1.4;1.5;1.83;1.31;2.08;83;67;67;33;17;34;9;9;1.29;1.67;2.96;2271;31;Y;Y;Y;Y;N;N;Y
618120;966;6744;2019/2020;complete;51009;14;-1;31;63;1;1;2;5;7;12;-1;-1;1;1;0;0;5;3;6;6;11;9;-1;-1;50;50;1;1;3.35;3.15;2;0;0;2.15;0;0;0;0;1.67;0;0;0;0;0;0;0;0;1.67;1.33;1.3;3.75;2.05;2.75;0;0;0;0;0;0;0;0;0;0;0;0;0;0;0;0;0;0;0;0;0;0;0;0;0;0;0;0;0;0;0;0;0;0;0;0;0;0;0;0;0;0;0;2;1;0;0;1;1;1;2019-11-02 12:30:00;-1;0;50;10;40;0;1;1;3;6;2;1;9;3;0;0;1;1;0;2;1;54;58;82;84;1.43;1.2;2.63;0;0;0;0;0;0;1;1;0;0;1;1;0;0;-1;-1;-1;-1;-1;-1;-1;-1;-1;17;50;67;75;100;42;75;50;42;8.33;0;6.2;3.17;Rudar;Iskra;1.27;1.2;1.5;2.17;1;2.08;84;50;34;25;0;42;42;42;1.22;1.49;2.71;2271;31;Y;Y;N;N;N;N;Y
618121;966;5401;2019/2020;complete;51009;15;-1;7;12;1;1;2;6;2;8;-1;-1;1;3;0;0;5;3;7;8;12;11;-1;-1;50;50;1;3;3.45;3.2;2;1.05;1.39;2.2;4.15;7.75;7;2.7;1.57;1.18;1.04;2;1.69;0;0;0;0;0;0;0;0;0;0;0;0;0;0;0;0;0;0;0;0;0;0;0;0;0;0;0;0;0;0;0;0;0;0;0;0;0;0;0;0;0;0;0;0;0;0;0;0;0;0;0;0;0;2;1;1;0;0;0;2;2019-11-09 12:00:00;-1;0;50;15;17;0;1;1;5;1;1;1;6;2;0;0;1;3;0;4;1;62;53;90;87;1.56;1.29;2.84;0;0;0;0;0;0;1;1;1;0;2;0;0;0;-1;-1;-1;-1;-1;-1;-1;-1;-1;0;36;58;79;86;50;64;64;29;6.43;0;4.63;2.57;Rudar;Zeta;1.27;1;1.43;1.29;1;1.5;100;65;43;22;15;50;43;29;1.25;1.34;2.59;2271;31;Y;Y;N;N;N;N;Y
618122;6744;667988;2019/2020;complete;51009;15;-1;44,90;82;2;1;3;10;1;11;-1;-1;3;1;0;0;7;3;8;6;15;9;-1;-1;50;50;3;1;1.55;3.5;5;0;0;0;0;0;0;0;0;0;0;0;0;0;0;0;0;0;0;0;0;0;0;0;0;0;0;0;0;0;0;0;0;0;0;0;0;0;0;0;0;0;0;0;0;0;0;0;0;0;0;0;0;0;0;0;0;0;0;0;0;0;0;0;0;0;3;1;0;1;1;2;1;2019-11-09 12:00:00;6744;0;50;7;7;0;1;1;5;1;5;0;6;5;0;0;3;1;0;4;1;64;45;92;78;1.9;1.11;3;1;0;1;0;0;0;1;1;0;0;2;1;0;0;-1;-1;-1;-1;-1;-1;-1;-1;-1;0;15;36;71;93;7;22;50;29;6.69;0;5.5;2.14;Iskra;Mladost Lješkopolje;2.19;1;2;1.14;2;1.29;100;86;64;29;7;40;40;17;1.42;1.09;2.51;2271;31;Y;Y;Y;N;N;N;Y
618123;977;6745;2019/2020;complete;51009;15;-1;2,33;;2;0;2;2;6;8;-1;-1;1;0;0;0;6;7;11;5;17;12;-1;-1;55;45;1;0;1.23;5.5;8.75;0;0;0;0;0;0;0;0;0;0;0;0;0;0;0;0;0;0;0;0;0;0;0;0;0;0;0;0;0;0;0;0;0;0;0;0;0;0;0;0;0;0;0;0;0;0;0;0;0;0;0;0;0;0;0;0;0;0;0;0;0;0;0;0;0;2;2;0;0;0;0;2;2019-11-10 12:00:00;977;0;64;35;32;0;1;1;0;2;2;4;2;6;1;0;0;0;1;0;1;73;71;134;123;2.03;1.77;3.79;1;0;1;0;0;0;1;1;1;0;0;0;0;0;-1;-1;-1;-1;-1;-1;-1;-1;-1;22;36;72;93;93;43;57;79;50;10.43;0;2.83;3.29;Sutjeska;Kom;2.13;0.81;2.29;0.71;2;1;79;64;29;7;7;57;43;29;2.23;1.35;3.58;2271;31;Y;Y;N;N;N;N;N
618124;67;6741;2019/2020;complete;51009;15;-1;4;49,64;1;2;3;9;2;11;-1;-1;0;1;0;0;4;5;9;3;13;8;-1;-1;50;50;0;1;1.56;3.55;5.3;1.04;1.34;2.1;3.8;7;7.5;2.9;1.65;1.21;1.05;2.1;1.62;0;0;0;0;0;0;0;0;0;0;0;0;0;0;0;0;0;0;0;0;0;0;0;0;0;0;0;0;0;0;0;0;0;0;0;0;0;0;0;0;0;0;0;0;0;0;0;0;0;0;0;0;0;3;1;0;0;2;2;1;2019-11-09 14:00:00;6741;0;43;19;27;0;1;1;5;2;4;0;7;4;0;0;0;1;0;1;1;101;75;133;132;1.83;1.41;3.24;0;0;0;0;0;0;1;1;1;0;0;0;0;0;-1;-1;-1;-1;-1;-1;-1;-1;-1;7;22;57;65;100;29;57;72;29;10.29;0;4.03;2.5;Mladost;Petrovac;0.94;1.31;0.86;0.57;1.29;0.79;93;79;43;36;0;64;50;29;1.71;1.27;2.98;2271;31;Y;Y;Y;N;N;N;Y
618125;6742;1214;2019/2020;complete;51009;15;-1;;25,41,58,84;0;4;4;2;1;3;-1;-1;4;3;0;0;4;5;4;6;8;11;-1;-1;50;50;4;3;7.25;4.45;1.32;1.01;1.18;1.62;2.6;4.6;10.75;4.1;2.1;1.43;1.15;1.95;1.77;0;0;0;0;2.75;1.2;1.07;6.5;2.3;1.91;0;0;0;0;0;0;0;0;0;0;0;0;0;0;0;0;0;0;0;0;0;0;0;0;0;0;0;0;0;0;0;0;0;0;0;0;0;0;0;0;0;0;0;4;0;2;0;2;2;2;2019-12-15 12:00:00;1214;0;71;13;57;0;1;1;1;1;1;0;2;1;3;2;1;1;5;2;1;0;0;0;0;1.12;1.46;2.59;0;1;0;1;0;0;1;1;0;0;0;0;1;0;-1;-1;-1;-1;-1;-1;-1;-1;-1;12;36;66;95;95;24;66;83;65;10.86;0;5.88;3.03;Grbalj;Budućnost;0.88;2.13;0.89;2;0.72;2.28;89;65;35;6;6;59;47;41;1.45;1.98;3.43;2271;31;Y;Y;Y;Y;N;N;N
618126;5401;6742;2019/2020;complete;51009;16;-1;14;;1;0;1;2;7;9;-1;-1;2;3;1;0;4;2;10;10;14;12;-1;-1;47;53;4;3;1.33;4.5;7.5;0;0;1.85;0;0;0;0;1.95;0;0;0;0;0;0;0;0;1.05;1.14;3.25;1.83;2.38;7;0;0;0;0;0;0;0;0;0;0;0;0;0;0;0;0;0;0;0;0;0;0;0;0;0;0;0;0;0;0;0;0;0;0;0;0;0;0;0;0;0;0;0;2;1;0;1;0;1;1;2019-11-23 12:00:00;5401;0;50;22;7;0;1;1;2;1;0;6;3;6;0;1;3;2;1;5;1;34;48;103;105;1.42;1.25;2.67;0;0;0;0;0;0;1;1;0;0;0;0;0;0;-1;-1;-1;-1;-1;-1;-1;-1;-1;15;22;36;65;86;29;64;79;22;9;0;3.8;2.22;Zeta;Grbalj;1.67;0.6;1.71;0.71;1.47;0.64;86;79;64;36;15;79;57;36;1.88;1.55;3.43;2271;31;Y;Y;N;N;N;N;N
618127;1214;67;2019/2020;complete;51009;16;-1;20,57;72;2;1;3;5;3;8;-1;-1;2;2;0;0;5;4;3;3;8;7;-1;-1;62;38;2;2;1.24;5.15;9;1.01;1.19;1.67;2.65;4.75;10.5;4;2.05;1.41;1.14;2.3;1.53;0;0;0;0;1.05;1.12;3.5;1.73;2.5;7;0;0;0;0;0;0;0;0;0;0;0;0;0;0;0;0;0;0;0;0;0;0;0;0;0;0;0;0;0;0;0;0;0;0;0;0;0;0;0;0;0;0;0;3;1;0;1;1;2;1;2019-11-23 18:00:00;1214;0;50;17;25;0;1;1;3;1;2;2;4;4;1;1;1;1;2;2;1;100;71;131;98;1.59;1.24;2.83;0;0;0;0;0;0;1;1;0;0;1;0;0;0;-1;-1;-1;-1;-1;-1;-1;-1;-1;15;29;50;79;86;36;65;72;36;11;0;3.5;2.57;Budućnost;Mladost;2.56;1.07;2.29;1.71;2.07;1.2;86;72;50;22;15;50;36;29;1.51;1.79;3.3;2271;31;Y;Y;Y;N;N;N;Y
618128;6741;977;2019/2020;complete;51009;16;-1;;38,44,54;0;3;3;7;3;10;-1;-1;0;2;0;0;5;8;3;3;8;11;-1;-1;42;58;0;2;4.75;3.45;1.62;0;0;2;0;0;0;0;1.8;0;0;0;0;0;0;0;0;2.1;1.29;1.12;5;2.2;2.25;0;0;0;0;0;0;0;0;0;0;0;0;0;0;0;0;0;0;0;0;0;0;0;0;0;0;0;0;0;0;0;0;0;0;0;0;0;0;0;0;0;0;0;4;0;2;0;2;2;2;2019-11-23 12:00:00;977;0;36;10;19;0;1;1;4;1;3;2;5;5;0;0;0;2;0;2;1;59;83;104;132;1.29;1.86;3.15;0;0;0;0;0;0;1;1;0;0;2;0;0;0;-1;-1;-1;-1;-1;-1;-1;-1;-1;7;22;43;79;93;29;43;57;36;8.81;0;5.67;2.43;Petrovac;Sutjeska;1.07;1.4;1;1.71;0.93;2.07;93;79;57;22;7;40;24;16;1.62;1.63;3.25;2271;31;Y;Y;Y;Y;N;N;N
618129;6745;6744;2019/2020;complete;51009;16;-1;86;36;1;1;2;5;6;11;-1;-1;0;1;0;0;5;5;4;5;9;10;-1;-1;49;51;0;1;3.35;3.25;2;0;0;2;0;0;0;0;1.8;0;0;0;0;0;0;0;0;1.62;1.3;1.33;3.6;2.1;2.75;0;0;0;0;0;0;0;0;0;0;0;0;0;0;0;0;0;0;0;0;0;0;0;0;0;0;0;0;0;0;0;0;0;0;0;0;0;0;0;0;0;0;0;2;0;1;1;0;1;1;2019-11-23 12:00:00;-1;0;64;16;45;0;1;1;2;2;3;4;4;7;0;0;0;1;0;1;1;77;90;109;97;1.48;1.63;3.11;0;0;0;0;0;0;1;1;0;0;1;1;0;0;-1;-1;-1;-1;-1;-1;-1;-1;-1;36;36;43;72;93;22;79;65;50;9.29;0;4.93;2.86;Kom;Iskra;1.07;1.2;1.29;2;0.93;2.07;64;64;57;29;7;72;50;36;1.63;1.45;3.08;2271;31;Y;Y;N;N;N;N;Y
618130;667988;966;2019/2020;complete;51009;16;-1;-1,-1,-1;;3;0;3;4;9;13;-1;-1;-1;-1;-1;-1;4;3;6;2;10;5;-1;-1;43;57;-1;-1;1.75;3.5;4.45;0;0;2;0;0;0;0;1.8;0;0;0;0;0;0;0;0;1.2;1.3;1.83;2.38;2.2;4.5;0;0;0;0;0;0;0;0;0;0;0;0;0;0;0;0;0;0;0;0;0;0;0;0;0;0;0;0;0;0;0;0;0;0;0;0;0;0;0;0;0;0;0;3;0;0;0;0;0;0;2019-11-23 14:00:00;667988;0;50;27;32;1;1;-1;1;6;3;3;7;6;-1;-1;-1;-1;-1;-1;1;49;57;95;110;1.27;0.95;2.22;-1;-1;-1;-1;-1;-1;-1;-1;-1;-1;0;0;-1;-1;-1;-1;-1;-1;-1;-1;-1;-1;-1;14;36;50;79;93;36;58;72;29;8.42;0;2.82;2.79;Mladost Lješkopolje;Rudar;1.6;0.88;1.43;0.57;1.2;1;86;64;50;22;7;57;36;29;1.28;1.34;2.62;2271;31;Y;Y;Y;N;N;N;N
618131;667988;5401;2019/2020;complete;51009;17;-1;-1,-1;;2;0;2;1;5;6;-1;-1;-1;-1;-1;-1;4;5;1;12;5;17;-1;-1;32;68;-1;-1;3;3.01;2.35;0;0;2.42;0;0;0;0;1.52;0;0;0;0;0;0;0;0;1.53;1.36;1.33;3.75;1.91;3.1;0;0;0;0;0;0;0;0;0;0;0;0;0;0;0;0;0;0;0;0;0;0;0;0;0;0;0;0;0;0;0;0;0;0;0;0;0;0;0;0;0;0;0;2;0;0;0;0;0;0;2019-12-01 15:00:00;667988;0;57;32;25;1;1;-1;0;4;1;1;4;2;-1;-1;-1;-1;-1;-1;1;26;67;72;110;0.79;1.91;2.7;-1;-1;-1;-1;-1;-1;-1;-1;-1;-1;0;1;-1;-1;-1;-1;-1;-1;-1;-1;-1;-1;-1;7;26;38;69;82;32;44;44;19;6.13;0;3.25;2.25;Mladost Lješkopolje;Zeta;1.6;1;1.63;1.25;1.31;1.56;94;76;63;32;19;57;38;26;1.28;1.33;2.61;2271;31;Y;Y;N;N;N;N;N
618132;966;6745;2019/2020;complete;51009;17;-1;9,19,45;24,52;3;2;5;4;5;9;-1;-1;4;0;0;0;4;4;11;11;15;15;-1;-1;48;52;4;0;1.83;3.25;3.9;0;0;1.8;0;0;0;0;2;0;0;0;0;0;0;0;0;1.2;1.3;1.83;2.38;2.25;4;0;0;0;0;0;0;0;0;0;0;0;0;0;0;0;0;0;0;0;0;0;0;0;0;0;0;0;0;0;0;0;0;0;0;0;0;0;0;0;0;0;0;0;5;3;1;0;1;1;4;2019-12-01 12:00:00;966;0;63;20;34;0;1;1;3;3;1;2;6;3;1;0;3;0;1;3;1;54;74;92;102;1.62;1.76;3.37;0;0;0;0;0;0;1;1;1;0;1;0;0;0;-1;-1;-1;-1;-1;-1;-1;-1;-1;7;44;63;94;94;51;69;69;44;8.63;0;3.28;3.07;Rudar;Kom;1.27;0.81;1.38;0.63;0.94;0.94;94;57;38;7;7;51;38;26;1.29;1.4;2.69;2271;31;Y;Y;Y;Y;Y;N;Y
618133;6744;6741;2019/2020;complete;51009;17;-1;;51,81;0;2;2;6;5;11;-1;-1;0;2;0;0;3;6;5;5;8;11;-1;-1;61;39;0;2;1.33;4.25;7.5;0;0;1.85;0;0;0;0;1.95;0;0;0;0;0;0;0;0;1.06;1.2;2.75;1.91;2.3;6.5;0;0;0;0;0;0;0;0;0;0;0;0;0;0;0;0;0;0;0;0;0;0;0;0;0;0;0;0;0;0;0;0;0;0;0;0;0;0;0;0;0;0;0;3;0;0;1;2;3;0;2019-12-01 12:00:00;6741;0;44;14;27;0;1;1;4;3;2;2;7;4;0;1;0;1;1;1;1;75;48;83;81;1.26;1.46;2.72;0;0;0;0;0;0;1;1;0;0;0;0;0;1;-1;-1;-1;-1;-1;-1;-1;-1;-1;7;25;57;82;94;26;63;88;57;8.63;0;3.42;2.63;Iskra;Petrovac;2.19;1.31;2.13;0.88;2;0.88;94;75;44;19;7;51;38;26;1.49;1.29;2.78;2271;31;Y;Y;Y;N;N;N;Y
618134;977;1214;2019/2020;complete;51009;17;-1;;26;0;1;1;1;4;5;-1;-1;0;7;0;0;5;15;4;8;9;23;-1;-1;60;40;0;7;2.2;3.05;3.05;1.03;1.29;1.95;3.4;6.35;8.25;3.2;1.74;1.26;1.08;1.77;1.95;0;0;0;0;1.33;1.33;1.53;3;2.05;3.5;0;0;0;0;0;0;0;0;0;0;0;0;0;0;0;0;0;0;0;0;0;0;0;0;0;0;0;0;0;0;0;0;0;0;0;0;0;0;0;0;0;0;0;2;0;1;0;1;1;1;2019-12-01 14:00:00;1214;0;61;24;37;0;1;1;1;3;0;1;4;1;0;2;0;5;2;5;1;46;51;94;91;1.26;2.86;4.12;0;0;0;0;0;0;1;1;0;0;0;2;0;0;-1;-1;-1;-1;-1;-1;-1;-1;-1;20;34;88;100;100;46;67;75;55;11.75;0;4.69;3.48;Sutjeska;Budućnost;2.13;2.13;2.38;1.86;2.13;2.13;81;66;13;0;0;48;41;41;2.19;1.85;4.04;2271;31;Y;Y;N;N;N;N;N
618135;67;6742;2019/2020;complete;51009;17;-1;-1;;1;0;1;2;6;8;-1;-1;-1;-1;-1;-1;6;5;5;7;11;12;-1;-1;41;59;-1;-1;1.4;3.75;7.5;0;0;2.1;0;0;0;0;1.7;0;0;0;0;0;0;0;0;1.06;1.22;2.62;2.05;2.2;6;0;0;0;0;0;0;0;0;0;0;0;0;0;0;0;0;0;0;0;0;0;0;0;0;0;0;0;0;0;0;0;0;0;0;0;0;0;0;0;0;0;0;0;1;0;0;0;0;0;0;2019-12-01 14:00:00;67;0;50;15;15;1;1;-1;1;1;1;5;2;6;-1;-1;-1;-1;-1;-1;1;48;66;111;141;1.47;1.6;3.07;-1;-1;-1;-1;-1;-1;-1;-1;-1;-1;0;0;-1;-1;-1;-1;-1;-1;-1;-1;-1;-1;-1;13;26;44;69;100;19;63;82;32;11.26;0;3.96;2.51;Mladost;Grbalj;0.94;0.6;0.75;0.63;1.13;0.6;88;76;57;32;0;82;63;32;1.73;1.52;3.25;2271;31;Y;N;N;N;N;N;N
618136;5401;67;2019/2020;complete;51009;18;-1;74;;1;0;1;1;1;2;-1;-1;3;2;0;0;6;3;5;2;11;5;-1;-1;57;43;3;2;1.83;3.25;3.8;0;0;1.8;0;0;0;0;2;0;0;0;0;0;0;0;0;1.2;1.3;1.91;2.5;2;4.75;0;0;0;0;0;0;0;0;0;0;0;0;0;0;0;0;0;0;0;0;0;0;0;0;0;0;0;0;0;0;0;0;0;0;0;0;0;0;0;0;0;0;0;1;0;0;1;0;1;0;2019-12-05 12:00:00;5401;0;44;13;22;0;1;1;1;0;0;1;1;1;1;1;2;1;2;3;1;94;59;153;112;1.81;0.97;2.77;0;0;0;0;0;0;1;1;0;0;0;0;0;0;-1;-1;-1;-1;-1;-1;-1;-1;-1;0;7;38;63;75;25;57;63;25;8.63;0;3.77;1.82;Zeta;Mladost;1.67;1.07;1.88;1.5;1.47;1.24;100;94;63;38;25;57;44;32;1.82;1.7;3.52;2271;31;Y;N;N;N;N;N;N
618137;6742;977;2019/2020;complete;51009;18;-1;54;52;1;1;2;4;6;10;-1;-1;3;0;0;0;5;8;5;7;10;15;-1;-1;37;63;3;0;4.75;3.65;1.59;0;0;1.95;0;0;0;0;1.85;0;0;0;0;0;0;0;0;2.2;1.25;1.14;4.75;2.25;2.2;0;0;0;0;0;0;0;0;0;0;0;0;0;0;0;0;0;0;0;0;0;0;0;0;0;0;0;0;0;0;0;0;0;0;0;0;0;0;0;0;0;0;0;2;0;0;1;1;2;0;2019-12-05 12:00:00;-1;0;55;17;34;0;1;1;2;3;2;3;5;5;0;0;3;0;0;3;1;44;69;96;128;1.31;2.01;3.32;0;0;0;0;0;0;1;1;0;0;2;0;0;0;-1;-1;-1;-1;-1;-1;-1;-1;-1;14;40;47;81;87;26;48;67;54;9;0;4.5;2.66;Grbalj;Sutjeska;0.88;1.4;0.57;1.88;0.56;2;87;61;54;20;14;48;34;28;1.42;1.66;3.08;2271;31;Y;Y;N;N;N;N;Y
618138;1214;6744;2019/2020;complete;51009;18;-1;69;;1;0;1;11;1;12;-1;-1;1;1;0;0;8;3;15;0;23;3;-1;-1;55;45;1;1;1.5;3.7;5.55;0;0;2.2;0;0;0;0;1.65;0;0;0;0;0;0;0;0;1.36;1.36;1.62;2.88;2.05;3.6;0;0;0;0;0;0;0;0;0;0;0;0;0;0;0;0;0;0;0;0;0;0;0;0;0;0;0;0;0;0;0;0;0;0;0;0;0;0;0;0;0;0;0;1;0;0;1;0;1;0;2019-12-05 18:00:00;1214;0;63;22;29;0;1;1;5;1;6;0;6;6;1;0;0;1;1;1;1;84;36;96;81;2.6;0.67;3.28;1;0;1;0;0;0;1;1;0;0;1;0;0;0;-1;-1;-1;-1;-1;-1;-1;-1;-1;25;32;44;76;100;26;88;69;32;11.13;0;4.33;2.82;Budućnost;Iskra;2.56;1.2;2.38;1.88;2.19;1.88;75;69;57;26;0;57;44;44;1.52;1.47;2.99;2271;31;Y;N;N;N;N;N;N
618139;6741;966;2019/2020;complete;51009;18;-1;52;21,41,85,89;1;4;5;5;3;8;-1;-1;3;5;0;0;4;6;6;3;10;9;-1;-1;56;44;3;5;1.57;3.35;5.55;0;0;1.85;0;0;0;0;1.95;0;0;0;0;0;0;0;0;1.07;1.25;2.62;1.95;2.3;6;0;0;0;0;0;0;0;0;0;0;0;0;0;0;0;0;0;0;0;0;0;0;0;0;0;0;0;0;0;0;0;0;0;0;0;0;0;0;0;0;0;0;0;5;0;2;1;2;3;2;2019-12-05 12:00:00;966;0;25;15;14;0;1;1;2;0;3;3;2;6;2;3;1;2;5;3;1;65;56;101;85;1.39;1.4;2.78;0;1;0;1;0;0;1;1;0;0;0;0;0;1;-1;-1;-1;-1;-1;-1;-1;-1;-1;7;19;57;88;100;44;69;76;32;10.25;0;4.71;2.69;Petrovac;Rudar;1.07;0.88;0.88;0.5;1;1.06;94;82;44;13;0;60;47;26;1.57;1.29;2.86;2271;31;Y;Y;Y;Y;Y;N;Y
618140;6745;667988;2019/2020;complete;51009;18;-1;4;70;1;1;2;1;0;1;-1;-1;1;1;0;0;3;6;3;3;6;9;-1;-1;47;53;1;1;3.25;3;2.15;0;0;2.15;0;0;0;0;1.67;0;0;0;0;0;0;0;0;1.62;1.33;1.3;3.6;2.05;2.88;0;0;0;0;0;0;0;0;0;0;0;0;0;0;0;0;0;0;0;0;0;0;0;0;0;0;0;0;0;0;0;0;0;0;0;0;0;0;0;0;0;0;0;2;1;0;0;1;1;1;2019-12-05 12:00:00;-1;0;75;7;50;0;-1;1;-1;-1;-1;-1;-1;-1;1;0;0;1;1;1;1;79;88;130;146;1.17;1.64;2.81;0;0;0;0;0;0;1;1;1;0;-1;-1;0;0;-1;-1;-1;-1;-1;-1;-1;-1;-1;19;19;50;82;94;13;44;57;38;7.07;0;4.5;2.63;Kom;Mladost Lješkopolje;1.07;1;1.25;1;0.88;1.41;82;82;50;19;7;73;54;34;1.61;1.1;2.71;2271;31;Y;Y;N;N;N;N;Y
618141;6745;5401;2019/2020;complete;51009;19;-1;52;;1;0;1;5;3;8;-1;-1;2;2;0;0;5;5;3;4;8;9;-1;-1;38;62;2;2;3.1;2.95;2.2;0;0;2.4;0;0;0;0;1.53;0;0;0;0;0;0;0;0;1.57;1.36;1.36;3.75;1.95;3;0;0;0;0;0;0;0;0;0;0;0;0;0;0;0;0;0;0;0;0;0;0;0;0;0;0;0;0;0;0;0;0;0;0;0;0;0;0;0;0;0;0;0;1;0;0;1;0;1;0;2019-12-11 12:00:00;6745;0;61;25;22;0;1;1;3;1;2;2;4;4;0;0;2;2;0;4;1;42;64;68;89;1.16;1.38;2.54;0;0;0;0;0;0;1;1;0;0;2;0;0;0;-1;-1;-1;-1;-1;-1;-1;-1;-1;17;22;33;78;84;33;67;67;34;6.78;0;3.88;2.34;Kom;Zeta;1.07;1;1.22;1.11;0.89;1.56;84;78;67;22;17;61;39;17;1.56;1.4;2.96;2271;31;Y;N;N;N;N;N;N
618142;6741;667988;2019/2020;complete;51009;19;-1;28;10;1;1;2;5;6;11;-1;-1;2;4;0;0;4;3;8;3;12;6;-1;-1;55;45;2;4;2.38;3.5;2.55;0;0;2.05;0;0;0;0;1.75;0;0;0;0;0;0;0;0;1.44;1.25;1.5;3.1;2.1;3.2;0;0;0;0;0;0;0;0;0;0;0;0;0;0;0;0;0;0;0;0;0;0;0;0;0;0;0;0;0;0;0;0;0;0;0;0;0;0;0;0;0;0;0;2;1;1;0;0;0;2;2019-12-11 12:00:00;-1;0;56;0;29;0;1;1;3;3;2;3;6;5;2;0;0;4;2;4;1;58;49;116;100;1.46;0.96;2.42;0;0;0;0;0;0;1;1;0;1;0;0;1;0;-1;-1;-1;-1;-1;-1;-1;-1;-1;6;11;50;84;100;22;45;50;28;7.25;0;5.13;2.5;Petrovac;Mladost Lješkopolje;1.07;1;0.78;1;0.94;1.39;95;89;50;17;0;50;44;26;1.55;1.17;2.72;2271;31;Y;Y;N;N;N;N;Y
618143;1214;966;2019/2020;complete;51009;19;-1;76,90;;2;0;2;4;5;9;-1;-1;1;3;0;1;8;6;12;5;20;11;-1;-1;63;37;1;5;1.12;6.55;15;1;1.14;1.49;2.25;3.85;12.25;4.8;2.4;1.56;1.21;2.55;1.43;0;0;0;0;1.01;1.08;5;1.5;2.88;13;0;0;0;0;0;0;0;0;0;0;0;0;0;0;0;0;0;0;0;0;0;0;0;0;0;0;0;0;0;0;0;0;0;0;0;0;0;0;0;0;0;0;0;2;0;0;2;0;2;0;2019-12-11 18:00:00;1214;0;45;25;25;0;1;1;1;1;3;4;2;7;1;2;0;2;3;2;1;76;39;109;90;2.36;1.4;3.77;0;0;0;0;0;0;1;1;0;0;0;0;0;0;-1;-1;-1;-1;-1;-1;-1;-1;-1;22;33;62;84;100;45;78;89;33;11.67;0;3.88;3;Budućnost;Rudar;2.56;0.88;2.44;0.78;2.24;1.17;78;67;39;17;0;56;39;33;1.66;1.3;2.96;2271;31;Y;Y;N;N;N;N;N
618144;6742;6744;2019/2020;complete;51009;19;-1;11,39,72;68;3;1;4;7;6;13;-1;-1;2;1;0;0;7;10;7;7;14;17;-1;-1;48;52;2;1;2.75;3;2.4;0;0;2.25;0;0;0;0;1.62;0;0;0;0;0;0;0;0;1.4;1.33;1.44;3.25;2;3.25;0;0;0;0;0;0;0;0;0;0;0;0;0;0;0;0;0;0;0;0;0;0;0;0;0;0;0;0;0;0;0;0;0;0;0;0;0;0;0;0;0;0;0;4;2;0;1;1;2;2;2019-12-11 12:00:00;6742;0;66;14;41;0;1;1;3;1;4;5;4;9;1;0;1;1;1;2;1;67;74;90;89;1.85;2.3;4.15;0;0;0;0;0;0;1;1;0;0;0;0;0;0;-1;-1;-1;-1;-1;-1;-1;-1;-1;18;24;30;72;94;12;64;66;43;9.44;0;4.74;2.42;Grbalj;Iskra;0.88;1.2;0.63;1.67;0.59;1.78;83;77;71;29;7;65;59;53;1.4;1.38;2.78;2271;31;Y;Y;Y;Y;N;N;Y
618145;67;977;2019/2020;complete;51009;19;-1;25;77;1;1;2;1;8;9;6;1;0;1;0;0;4;4;1;11;5;15;15;18;34;66;0;1;2.95;3.25;2.15;1.04;1.34;2.1;3.75;7;7.75;2.95;1.65;1.22;1.06;1.83;1.87;0;0;0;0;1.5;1.36;1.4;3.4;2.05;3.1;0;0;0;0;0;0;0;0;0;0;0;0;0;0;0;0;0;0;0;0;0;0;0;0;0;0;0;0;0;0;0;0;0;0;0;0;0;0;0;0;0;0;0;2;1;0;0;1;1;1;2019-12-11 14:00:00;-1;0;44;16;23;0;1;1;0;2;1;6;2;7;0;0;0;1;0;1;1;40;122;97;152;0.9;2.11;3.01;0;0;0;0;0;0;1;1;0;0;0;1;0;0;-1;-1;-1;-1;-1;-1;-1;-1;-1;6;28;44;61;95;22;39;62;39;10.11;0;3.54;2.34;Mladost;Sutjeska;0.94;1.4;1;1.78;1.17;1.94;95;73;56;39;6;56;50;22;1.7;1.7;3.4;2271;31;Y;Y;N;N;N;N;Y
726262;6742;5401;2019/2020;complete;51009;7;-1;;;0;0;0;6;2;8;-1;-1;-1;-1;-1;-1;4;4;8;17;12;21;-1;-1;50;50;-1;-1;2.76;2.95;2.64;0;0;2.5;0;0;0;0;1.5;0;0;0;0;0;0;0;0;1.5;1.33;1.36;3.5;1.95;3.2;0;0;0;0;0;0;0;0;0;0;0;0;0;0;0;0;0;0;0;0;0;0;0;0;0;0;0;0;0;0;0;0;0;0;0;0;0;0;0;0;0;0;0;0;0;0;0;0;0;0;2019-09-14 13:30:00;-1;0;67;0;50;0;1;-1;2;1;4;1;3;5;-1;-1;-1;-1;-1;-1;1;45;60;112;120;1.37;2.04;3.41;0;0;0;0;0;0;1;1;0;0;0;0;-1;-1;-1;-1;-1;-1;-1;-1;-1;-1;-1;17;17;34;84;84;17;67;50;34;7.33;0;7;2.33;Grbalj;Zeta;0.88;1;0.33;1.67;0.83;1.5;84;84;67;17;17;84;50;33;1.43;1.23;2.66;2271;31;N;N;N;N;N;N;N
726263;977;6741;2019/2020;complete;51009;7;-1;69,82,90;;3;0;3;8;4;12;-1;-1;2;2;0;0;9;5;8;5;17;10;-1;-1;50;50;2;2;1.2;5.35;16.25;0;0;0;0;0;0;0;0;0;0;0;0;0;0;0;0;1.01;1.11;4.33;1.62;2.38;15;0;0;0;0;0;0;0;0;0;0;0;0;0;0;0;0;0;0;0;0;0;0;0;0;0;0;0;0;0;0;0;0;0;0;0;0;0;0;0;0;0;0;0;3;0;0;3;0;3;0;2019-09-14 13:30:00;977;0;100;75;100;0;1;1;5;3;3;1;8;4;1;0;1;2;1;3;1;99;45;170;109;2.43;1.32;3.75;0;0;0;0;0;0;1;1;0;0;1;2;0;0;-1;-1;-1;-1;-1;-1;-1;-1;-1;50;50;100;100;100;50;75;75;75;11.5;0;5.5;4.25;Sutjeska;Petrovac;2.13;1.31;1.5;1.5;1.83;0.67;50;50;0;0;0;50;25;25;1.88;1.77;3.65;2271;31;Y;Y;Y;N;N;N;N
726264;966;667988;2019/2020;complete;51009;7;-1;-1,-1;-1;2;1;3;2;5;7;-1;-1;-1;-1;-1;-1;6;8;3;5;9;13;-1;-1;50;50;-1;-1;2.28;2.95;3.32;0;0;2.6;0;0;0;0;1.48;0;0;0;0;0;0;0;0;1.25;1.36;1.62;2.88;1.91;4.33;0;0;0;0;0;0;0;0;0;0;0;0;0;0;0;0;0;0;0;0;0;0;0;0;0;0;0;0;0;0;0;0;0;0;0;0;0;0;0;0;0;0;0;3;0;0;0;0;0;0;2019-09-14 13:30:00;966;0;75;0;25;1;1;-1;0;2;2;3;2;5;-1;-1;-1;-1;-1;-1;1;38;68;100;140;1.27;1.88;3.16;-1;-1;-1;-1;-1;-1;-1;-1;-1;-1;0;0;-1;-1;-1;-1;-1;-1;-1;-1;-1;-1;-1;0;50;67;100;100;25;25;50;50;7.5;0;3.5;3.17;Rudar;Mladost Lješkopolje;1.27;1;0;1.67;0.5;1.17;100;50;34;0;0;50;50;50;0.97;1.21;2.18;2271;31;Y;Y;Y;N;N;N;Y
726265;6744;6745;2019/2020;complete;51009;7;-1;;69,90;0;2;2;6;2;8;-1;-1;0;2;0;0;5;5;9;4;14;9;-1;-1;50;50;0;2;1.71;3.2;4.35;0;0;0;0;0;0;0;0;0;0;0;0;0;0;0;0;0;0;0;0;0;0;0;0;0;0;0;0;0;0;0;0;0;0;0;0;0;0;0;0;0;0;0;0;0;0;0;0;0;0;0;0;0;0;0;0;0;0;0;0;0;0;0;0;0;2;0;0;0;2;2;0;2019-09-14 17:00:00;6745;0;50;25;25;0;1;1;4;0;2;2;4;4;0;0;0;2;0;2;1;67;29;124;85;1.72;1.14;2.86;0;0;0;0;0;0;1;1;0;0;0;0;0;0;-1;-1;-1;-1;-1;-1;-1;-1;-1;0;50;50;75;75;25;75;75;25;7;0;2.5;2.5;Iskra;Kom;2.19;0.81;2;0;1.83;1;100;50;50;25;25;75;50;0;1.06;1.12;2.18;2271;31;Y;Y;N;N;N;N;N
726266;67;1214;2019/2020;complete;51009;7;-1;45,87;90;2;1;3;2;10;12;-1;-1;3;2;0;0;5;6;0;10;5;16;-1;-1;50;50;3;2;3.5;3.2;1.95;0;0;0;0;0;0;0;0;0;0;0;0;0;0;0;0;0;0;0;0;0;0;0;0;0;0;0;0;0;0;0;0;0;0;0;0;0;0;0;0;0;0;0;0;0;0;0;0;0;0;0;0;0;0;0;0;0;0;0;0;0;0;0;0;0;3;1;0;1;1;2;1;2019-09-14 19:30:00;67;0;42;25;25;0;1;1;2;1;0;9;3;9;2;1;1;1;3;2;1;23;67;68;116;0.84;1.92;2.76;1;0;1;0;0;0;1;1;0;0;0;0;1;0;-1;-1;-1;-1;-1;-1;-1;-1;-1;0;42;67;67;100;17;17;84;50;13;0;3;2.75;Mladost;Budućnost;0.94;2.13;1;3;1.33;2.67;100;59;34;34;0;59;59;42;1.73;2.07;3.8;2271;31;Y;Y;Y;N;N;N;Y
819080;5401;977;2019/2020;complete;51009;20;-1;67;40,49,86;1;3;4;2;5;7;-1;-1;4;2;0;0;5;8;6;6;11;14;-1;-1;51;49;4;2;2.65;2.95;2.5;1.05;1.38;2.2;4.15;7.75;7;2.75;1.57;1.18;1.04;1.91;1.77;0;0;0;0;1.41;1.24;1.31;3.6;2;3;3.24;2.35;2.91;0;0;0;0;0;0;0;0;0;0;0;0;0;0;0;2.1;7.5;1.91;0;0;1.45;3.3;9;21;2.55;1.29;1.03;1;1.29;2.5;5.5;12;3.24;1.5;1.12;1.02;0;0;0;0;4;0;1;1;2;3;1;2020-02-18 16:30:00;977;0;42;18;13;0;1;1;1;3;1;2;4;3;1;0;3;2;1;5;1;89;75;133;104;1.69;1.98;3.68;0;1;0;1;0;0;1;1;0;0;0;2;0;0;-1;-1;-1;-1;-1;-1;-1;-1;-1;5;20;31;62;84;26;48;69;25;8.38;0;3.92;2.02;Zeta;Sutjeska;1.67;1.4;2;1.7;1.47;1.89;95;80;69;38;16;59;37;22;1.82;1.75;3.57;2271;31;Y;Y;Y;Y;N;N;Y
819081;6744;67;2019/2020;complete;51009;20;-1;23,34,81;;3;0;3;10;2;12;-1;-1;1;3;0;0;12;2;9;6;21;8;-1;-1;50;50;1;3;1.8;3.2;4.05;1.06;1.43;2.35;4.4;8.25;6.8;2.6;1.53;1.16;1.03;2.1;1.65;0;0;0;0;1.28;1.28;1.67;2.69;1.99;4.4;0;0;0;0;0;1.5;1.95;2.5;3.7;5.5;2.38;1.85;1.44;1.22;1.1;0;0;0;1.67;7.5;2.7;2.8;6.5;1.47;3.2;9.5;34;2.5;1.3;1.04;1;1.3;2.5;6;12;3.2;1.5;1.11;1.02;0;0;0;0;3;2;0;1;0;1;2;2020-02-17 16:00:00;6744;0;44;6;36;0;1;1;7;0;3;2;7;5;1;2;0;1;3;1;1;74;57;103;116;2.69;1.07;3.76;0;0;0;0;0;0;1;1;0;0;1;0;0;0;-1;-1;-1;-1;-1;-1;-1;-1;-1;0;17;44;73;84;17;44;78;56;8.89;0;3.17;2.17;Iskra;Mladost;2.19;1.07;1.89;1.33;1.68;1.16;100;84;56;28;17;39;39;22;1.46;1.59;3.05;2271;31;Y;Y;Y;N;N;N;N
819082;966;6742;2019/2020;complete;51009;20;-1;-1;-1;1;1;2;5;5;10;-1;-1;-1;-1;-1;-1;3;3;0;0;3;3;-1;-1;49;51;-1;-1;1.67;3.35;4.75;1.04;1.34;2.1;3.75;7;7.75;2.95;1.65;1.22;1.06;2.05;1.67;0;0;0;0;1.14;1.3;2;2.2;2;6;0;0;0;0;0;0;0;0;0;0;0;0;0;0;0;0;0;0;0;0;0;0;0;0;0;0;0;0;0;0;0;0;0;0;0;0;0;0;0;0;0;0;0;2;0;0;0;0;0;0;2020-02-18 13:00:00;-1;0;56;19;19;1;1;-1;4;4;1;1;8;2;-1;-1;-1;-1;-1;-1;-1;0;0;0;0;0;0;0;-1;-1;-1;-1;-1;-1;-1;-1;-1;-1;0;1;-1;-1;-1;-1;-1;-1;-1;-1;-1;-1;-1;17;45;56;89;100;45;73;78;33;9.22;0;4.88;3.06;Rudar;Grbalj;1.27;0.6;1.56;0.56;1.11;0.68;84;56;45;11;0;61;39;28;1.33;1.53;2.86;2271;31;Y;Y;N;N;N;N;Y
819083;667988;1214;2019/2020;complete;51009;20;-1;84;76;1;1;2;2;7;9;-1;-1;2;2;0;0;2;5;1;10;3;15;-1;-1;35;65;2;2;4;3.25;1.8;0;0;1.95;0;0;0;0;1.85;0;0;0;0;0;0;0;0;1.83;1.3;1.2;4;2.2;2.4;0;0;0;0;0;0;0;0;0;0;0;0;0;0;0;0;0;0;0;0;0;0;0;0;0;0;0;0;0;0;0;0;0;0;0;0;0;0;0;0;0;0;0;2;0;0;1;1;2;0;2020-02-18 14:00:00;-1;0;56;18;47;0;1;1;1;5;1;2;6;3;1;1;1;1;2;2;1;33;88;90;121;0.58;1.93;2.52;0;0;0;0;0;0;1;1;0;0;1;0;0;0;-1;-1;-1;-1;-1;-1;-1;-1;-1;11;39;67;89;95;22;50;61;45;8.66;0;4.58;3.06;Mladost Lješkopolje;Budućnost;1.6;2.13;1.78;2.11;1.37;2.32;89;62;34;11;6;50;33;33;1.22;1.92;3.14;2271;31;Y;Y;N;N;N;N;Y
819084;6745;6741;2019/2020;complete;51009;20;-1;;20;0;1;1;5;2;7;-1;-1;3;2;0;0;5;3;12;7;17;10;-1;-1;54;46;3;2;1.71;3.35;4.4;1.04;1.34;2.05;3.75;7;7.75;2.95;1.67;1.22;1.06;1.95;1.74;0;0;0;0;1.25;1.33;1.8;2.6;2.05;4.33;0;0;0;0;0;0;0;0;0;0;0;0;0;0;0;0;0;0;0;0;0;0;0;0;0;0;0;0;0;0;0;0;0;0;0;0;0;0;0;0;0;0;0;1;0;1;0;0;0;1;2020-02-18 11:30:00;6741;0;63;12;39;0;1;1;1;1;4;1;2;5;1;1;2;1;2;3;1;94;55;133;117;2.1;1.25;3.35;0;0;0;0;0;0;1;1;0;0;0;0;0;0;-1;-1;-1;-1;-1;-1;-1;-1;-1;21;26;59;85;95;27;69;90;53;8.31;0;3.64;2.85;Kom;Petrovac;1.07;1.31;1.4;1.11;1;0.95;80;74;41;16;5;69;42;32;1.52;1.31;2.83;2271;31;Y;N;N;N;N;N;N
819085;6741;5401;2019/2020;complete;51009;21;-1;-1,-1;-1,-1;2;2;4;3;3;6;-1;-1;-1;-1;-1;-1;5;6;6;5;11;11;-1;-1;42;58;-1;-1;3;2.95;2.25;1.06;1.43;2.35;4.45;8.5;6.7;2.55;1.51;1.15;1.02;2.05;1.69;0;0;0;0;0;0;0;0;0;0;0;0;0;0;0;0;0;0;0;0;0;0;0;0;0;0;0;0;0;0;0;0;0;0;0;0;0;0;0;0;0;0;0;0;0;0;0;0;0;0;0;0;0;4;0;0;0;0;0;0;2020-02-22 13:00:00;-1;0;40;22;11;1;1;-1;2;3;1;0;5;1;-1;-1;-1;-1;-1;-1;1;57;74;109;146;1.46;1.66;3.13;-1;-1;-1;-1;-1;-1;-1;-1;-1;-1;0;0;-1;-1;-1;-1;-1;-1;-1;-1;-1;-1;-1;5;15;35;75;90;45;60;55;25;7.7;0;5;2.2;Petrovac;Zeta;1.07;1;0.8;1;1.05;1.4;95;85;65;25;10;48;37;16;1.54;1.4;2.94;2271;31;Y;Y;Y;Y;N;N;Y
819086;1214;6745;2019/2020;complete;51009;21;-1;28,74;;2;0;2;2;0;2;-1;-1;1;3;0;0;3;3;7;7;10;10;-1;-1;50;50;1;3;1.16;5.95;11.75;1.01;1.16;1.57;2.45;4.2;11.25;4.4;2.25;1.47;1.17;2.35;1.51;0;0;0;0;1.01;1.11;4.5;1.57;2.75;8.5;0;0;0;0;0;0;0;0;0;0;0;0;0;0;0;0;0;0;0;0;0;0;0;0;0;0;0;0;0;0;0;0;0;0;0;0;0;0;0;0;0;0;0;2;1;0;1;0;1;1;2020-02-23 16:00:00;1214;0;59;28;28;0;1;1;0;0;2;0;0;2;1;1;0;2;2;2;1;52;46;111;102;1.23;1.18;2.41;0;0;0;0;0;0;1;1;0;0;0;0;0;1;-1;-1;-1;-1;-1;-1;-1;-1;-1;21;37;53;85;95;37;69;84;42;10.84;0;2.41;2.96;Budućnost;Kom;2.56;0.81;2.5;0.56;2.25;0.95;79;63;47;16;6;64;32;21;1.74;1.44;3.18;2271;31;Y;Y;N;N;N;N;N
819087;6742;667988;2019/2020;complete;51009;21;-1;;;0;0;0;2;3;5;-1;-1;-1;-1;-1;-1;5;6;1;4;6;10;-1;-1;58;42;-1;-1;2.3;2.95;2.85;0;0;0;0;0;0;0;0;0;0;0;0;0;0;0;0;0;0;0;0;0;0;0;0;0;0;0;0;0;0;0;0;0;0;0;0;0;0;0;0;0;0;0;0;0;0;0;0;0;0;0;0;0;0;0;0;0;0;0;0;0;0;0;0;0;0;0;0;0;0;0;0;2020-02-22 13:00:00;-1;0;75;18;41;0;1;-1;1;2;1;1;3;2;-1;-1;-1;-1;-1;-1;1;58;48;118;112;1.16;1.41;2.57;0;0;0;0;0;0;1;1;0;0;0;2;-1;-1;-1;-1;-1;-1;-1;-1;-1;-1;-1;5;20;45;85;95;20;45;55;40;7.47;0;5.21;2.5;Grbalj;Mladost Lješkopolje;0.88;1;0.8;1;0.7;1.35;95;80;55;15;5;58;53;42;1.42;1.15;2.57;2271;31;N;N;N;N;N;N;N
819088;67;966;2019/2020;complete;51009;21;-1;10;61,66,86;1;3;4;3;8;11;-1;-1;1;1;0;0;3;7;5;3;8;10;-1;-1;52;48;1;1;1.87;3.2;3.75;1.03;1.28;1.91;3.35;6.25;8.5;3.2;1.77;1.26;1.07;1.77;1.91;0;0;0;0;1.25;1.29;1.8;2.5;2.2;4;0;0;0;0;0;0;0;0;0;0;0;0;0;0;0;0;0;0;0;0;0;0;0;0;0;0;0;0;0;0;0;0;0;0;0;0;0;0;0;0;0;0;0;4;1;0;0;3;3;1;2020-02-23 14:00:00;966;0;40;18;18;0;1;1;1;6;2;2;7;4;0;0;1;1;0;2;1;77;95;127;120;1.28;1.81;3.09;0;0;0;0;0;0;1;1;1;0;0;2;0;0;-1;-1;-1;-1;-1;-1;-1;-1;-1;10;20;50;70;100;30;60;75;30;10.4;0;3.9;2.5;Mladost;Rudar;0.94;0.88;1;0.7;1.1;1.1;90;80;50;30;0;65;50;30;1.62;1.31;2.93;2271;31;Y;Y;Y;Y;N;N;Y
819089;977;6744;2019/2020;complete;51009;21;-1;27;59;1;1;2;2;1;3;-1;-1;1;4;0;0;2;2;5;3;7;5;-1;-1;52;48;1;4;1.38;4.05;6.75;1.02;1.27;1.91;3.25;6.05;8.75;3.3;1.8;1.28;1.08;2.1;1.65;0;0;0;0;1.1;1.18;2.4;1.96;2.28;6.5;1.72;2.6;6.25;0;0;0;0;0;0;0;0;0;0;0;0;0;0;0;1.33;10;3.75;0;0;1.38;2.88;7.5;15;2.8;1.36;1.06;1.01;1.22;2.1;5;10;3.74;1.67;1.14;1.03;0;0;0;0;2;1;0;0;1;1;1;2020-02-22 13:00:00;-1;0;52;20;24;0;1;1;2;1;0;0;3;0;0;1;1;3;1;4;1;62;44;147;136;1.05;0.8;1.85;0;0;0;0;0;0;1;1;0;0;0;0;0;0;-1;-1;-1;-1;-1;-1;-1;-1;-1;21;26;49;80;100;38;74;64;32;9.92;0;3.57;2.86;Sutjeska;Iskra;2.13;1.2;2.11;1.5;1.95;1.75;79;74;52;20;0;52;52;52;2.06;1.47;3.53;2271;31;Y;Y;N;N;N;N;Y
819090;5401;6744;2019/2020;complete;51009;22;-1;80;31;1;1;2;1;2;3;-1;-1;4;3;0;0;4;4;6;2;10;6;-1;-1;59;41;4;3;2.45;2.95;2.75;1.07;1.47;2.45;4.7;9;6.45;2.45;1.48;1.14;1.02;2.1;1.65;0;0;0;0;1.4;1.33;1.5;3.25;1.95;3.4;2.87;2.2;3.2;0;0;0;0;0;0;0;0;0;0;0;0;0;0;0;1.91;6.5;2.2;3.75;4.25;1.5;3.5;9.5;41;2.4;1.25;1.04;1;1.33;2.62;6;13;3;1.44;1.1;1.01;0;0;0;0;2;0;1;1;0;1;1;2020-02-29 16:00:00;-1;0;52;15;20;0;1;1;0;1;1;1;1;2;0;2;4;1;2;5;1;68;52;128;105;1.41;1.05;2.46;1;0;1;0;0;0;1;1;0;0;0;0;0;0;-1;-1;-1;-1;-1;-1;-1;-1;-1;9;19;29;57;90;19;71;67;19;7.96;0;4.72;2.08;Zeta;Iskra;1.67;1.2;1.8;1.45;1.38;1.71;91;82;72;43;10;62;52;47;1.81;1.41;3.22;2271;31;Y;Y;N;N;N;N;Y
819091;966;977;2019/2020;complete;51009;22;-1;6,22,47,72,90;65;5;1;6;3;5;8;-1;-1;2;3;0;1;11;7;5;11;16;18;-1;-1;47;53;2;5;4.9;3.55;1.61;1.03;1.29;1.95;3.4;6.35;8.25;3.2;1.74;1.26;1.08;2;1.71;0;0;0;0;1.91;1.29;1.2;4.33;2.2;2.38;0;0;0;0;0;0;0;0;0;0;0;0;0;0;0;0;0;0;0;0;0;0;0;0;0;0;0;0;0;0;0;0;0;0;0;0;0;0;0;0;0;0;0;6;2;0;3;1;4;2;2020-02-29 13:00:00;966;0;63;18;29;0;1;1;2;4;1;1;6;2;2;1;0;3;3;3;1;49;73;101;91;2.14;2.14;4.28;2;1;2;1;0;0;1;1;1;0;0;0;0;1;-1;-1;-1;-1;-1;-1;-1;-1;-1;10;48;58;91;96;44;58;67;43;8.94;0;4.42;3.02;Rudar;Sutjeska;1.27;1.4;1.5;1.82;1.19;1.9;91;53;43;9;5;48;34;20;1.33;1.77;3.1;2271;31;Y;Y;Y;Y;Y;Y;Y
819092;667988;67;2019/2020;complete;51009;22;-1;42;90;1;1;2;6;6;12;-1;-1;1;2;0;0;3;2;5;8;8;10;-1;-1;42;58;1;2;1.88;3.25;4;0;0;2.15;0;0;0;0;1.67;0;0;0;0;0;0;0;0;1.2;1.33;1.73;2.5;2.05;4.33;0;0;0;0;0;0;0;0;0;0;0;0;0;0;0;0;0;0;0;0;0;0;0;0;0;0;0;0;0;0;0;0;0;0;0;0;0;0;0;0;0;0;0;2;1;0;0;1;1;1;2020-02-29 15:00:00;-1;0;50;10;47;0;1;1;5;5;1;1;10;2;1;1;0;1;2;1;1;40;45;102;119;1.02;1.11;2.13;0;0;0;0;0;0;1;1;0;0;1;2;0;0;-1;-1;-1;-1;-1;-1;-1;-1;-1;5;20;45;75;85;20;35;55;35;7.2;0;3.26;2.35;Mladost Lješkopolje;Mladost;1.6;1.07;1.7;1.2;1.33;1.05;95;80;55;25;15;50;35;30;1.15;1.53;2.68;2271;31;Y;Y;N;N;N;N;Y
819093;6745;6742;2019/2020;complete;51009;22;-1;;90;0;1;1;3;6;9;-1;-1;0;4;0;0;4;6;9;5;13;11;-1;-1;48;52;0;4;1.87;3.2;3.85;1.05;1.37;2.15;4;7.5;7.25;2.8;1.61;1.2;1.05;2;1.71;0;0;0;0;1.17;1.3;2.1;2.38;2.05;5;0;0;0;0;0;0;0;0;0;0;0;0;0;0;0;0;0;0;0;0;0;0;0;0;0;0;0;0;0;0;0;0;0;0;0;0;0;0;0;0;0;0;0;1;0;0;0;1;1;0;2020-02-29 12:00:00;6742;0;57;11;25;0;1;1;2;2;1;4;4;5;0;1;0;3;1;3;1;74;73;133;116;1.64;1.65;3.29;0;0;0;0;0;0;1;1;0;0;1;0;0;0;-1;-1;-1;-1;-1;-1;-1;-1;-1;24;29;33;77;96;19;67;81;38;9.27;0;4.13;2.58;Kom;Grbalj;1.07;0.6;1.27;0.6;0.9;0.71;77;72;67;24;5;72;43;19;1.58;1.53;3.11;2271;31;Y;N;N;N;N;N;N
819094;6741;1214;2019/2020;complete;51009;22;-1;;75;0;1;1;2;4;6;-1;-1;3;3;0;0;0;7;2;7;2;14;-1;-1;36;64;3;3;6.05;3.95;1.43;1.02;1.26;1.87;3.15;5.85;9;3.4;1.83;1.3;1.09;2.05;1.67;0;0;0;0;2.5;1.2;1.08;5.5;2.3;2.05;0;0;0;0;0;0;0;0;0;0;0;0;0;0;0;0;0;0;0;0;0;0;0;0;0;0;0;0;0;0;0;0;0;0;0;0;0;0;0;0;0;0;0;1;0;0;0;1;1;0;2020-02-29 13:00:00;1214;0;53;11;36;0;1;1;1;3;1;1;4;2;0;2;3;1;2;4;1;24;61;84;130;0.32;1.82;2.14;0;0;0;0;0;0;1;1;0;0;0;0;0;0;-1;-1;-1;-1;-1;-1;-1;-1;-1;10;34;68;96;100;38;67;73;53;10.2;0;6.2;3.06;Petrovac;Budućnost;1.07;2.13;0.82;2;1.05;2.29;91;67;33;5;0;50;35;25;1.53;1.92;3.45;2271;31;Y;N;N;N;N;N;N
819095;1214;5401;2019/2020;complete;51009;23;-1;2,6,63,78;52;4;1;5;5;2;7;-1;-1;3;6;0;0;12;2;3;4;15;6;-1;-1;53;47;3;6;1.1;6.8;19.5;1.01;1.2;1.67;2.7;4.85;10.25;3.95;2.05;1.39;1.14;3.4;1.26;0;0;0;0;1.02;1.04;4.2;1.5;2.62;15;1.3;3.4;17;0;0;0;1.86;0;0;0;0;1.94;0;0;0;0;0;0;1.1;13;8;0;0;1.33;2.55;5.2;0;3;1.45;1.11;0;1.17;2;4.5;9.5;4.5;1.73;1.17;1.04;0;0;0;0;5;2;0;2;1;3;2;2020-03-07 17:00:00;1214;0;45;27;10;0;1;1;3;2;2;0;5;2;1;2;2;4;3;6;1;71;52;103;98;2.3;0.91;3.2;1;0;1;0;0;0;1;1;2;0;0;0;0;0;-1;-1;-1;-1;-1;-1;-1;-1;-1;9;23;36;73;91;32;59;68;23;8.73;0;3.7;2.32;Budućnost;Zeta;2.56;1;2.55;1;2.32;1.36;91;78;64;27;9;46;27;18;1.69;1.42;3.11;2271;31;Y;Y;Y;Y;Y;N;Y
819096;6742;6741;2019/2020;complete;51009;23;-1;;;0;0;0;8;4;12;-1;-1;4;2;0;1;5;2;5;9;10;11;-1;-1;60;40;4;3;2.05;3.15;3.25;1.05;1.37;2.15;4;7.5;7.25;2.8;1.61;1.2;1.05;1.91;1.77;0;0;0;0;1.29;1.33;1.62;2.88;2;3.75;2.67;2.3;3.7;0;0;0;0;0;0;0;0;0;0;0;0;0;0;0;1.73;8;2.4;0;0;1.44;3.2;8;19;2.6;1.3;1.05;1;1.25;2.25;5.5;11;3.5;1.57;1.12;1.02;0;0;0;0;0;0;0;0;0;0;0;2020-03-07 13:30:00;-1;0;57;11;42;0;1;1;5;3;3;1;8;4;3;2;1;1;5;2;1;68;36;99;82;1.48;1.1;2.57;0;0;0;0;0;0;1;1;0;0;1;1;0;0;-1;-1;-1;-1;-1;-1;-1;-1;-1;10;28;58;81;91;29;63;77;57;8.45;0;4.49;2.68;Grbalj;Petrovac;0.88;1.31;0.82;1.3;0.82;1;91;72;43;19;9;58;43;38;1.4;1.3;2.7;2271;31;N;N;N;N;N;N;N
819097;67;6745;2019/2020;complete;51009;23;-1;53,82;3,75,87;2;3;5;2;4;6;-1;-1;1;1;0;0;3;11;5;3;8;14;-1;-1;58;42;1;1;1.71;3.4;4.3;1.04;1.33;2.05;3.65;6.85;7.75;3;1.69;1.23;1.06;2;1.71;0;0;0;0;1.17;1.33;2;2.3;2.1;5;0;0;0;0;0;0;0;0;0;0;0;0;0;0;0;0;0;0;0;0;0;0;0;0;0;0;0;0;0;0;0;0;0;0;0;0;0;0;0;0;0;0;0;5;0;1;2;2;4;1;2020-03-07 14:00:00;6745;0;58;22;22;0;1;1;0;1;2;3;1;5;1;1;0;0;2;0;1;42;52;91;106;1.03;2.03;3.06;0;0;0;0;0;0;1;1;0;1;0;0;0;0;-1;-1;-1;-1;-1;-1;-1;-1;-1;10;29;48;73;95;25;63;72;34;9.18;0;2.39;2.59;Mladost;Kom;0.94;0.81;0.91;0.5;1.05;0.86;90;71;53;28;5;67;47;23;1.59;1.41;3;2271;31;Y;Y;Y;Y;Y;N;Y
819098;977;667988;2019/2020;complete;51009;23;-1;14;;1;0;1;5;1;6;-1;-1;1;1;0;0;8;4;4;2;12;6;-1;-1;51;49;1;1;1.17;6;13;1.01;1.24;1.8;2.93;5.5;11;3.56;2;1.34;1.11;3.6;1.25;0;0;0;0;1.01;1.1;4.33;1.57;2.6;12;1.33;3.5;24;0;0;0;0;0;0;0;0;0;0;0;0;0;0;0;1.1;13;8;0;0;1.35;2.6;0;0;2.9;1.43;0;0;1.17;2.1;4.5;10;4.5;1.67;1.17;1.03;0;0;0;0;1;1;0;0;0;0;1;2020-03-07 13:30:00;977;0;62;23;17;0;1;1;3;0;2;1;3;3;1;0;0;1;1;1;1;53;45;96;97;1.7;1;2.7;0;0;0;0;0;0;1;1;0;0;1;0;0;0;-1;-1;-1;-1;-1;-1;-1;-1;-1;10;10;48;87;96;30;49;49;20;7.6;0;4;2.55;Sutjeska;Mladost Lješkopolje;2.13;1;2;1;1.82;1.32;90;90;52;14;5;40;40;35;1.93;1.18;3.11;2271;31;Y;N;N;N;N;N;N
819099;6744;966;2019/2020;complete;51009;23;-1;;45,90;0;2;2;2;4;6;-1;-1;1;3;0;0;3;8;12;8;15;16;-1;-1;60;40;1;3;2.25;3.2;2.85;1.04;1.33;2.05;3.65;6.85;7.75;3;1.69;1.23;1.06;1.83;1.87;0;0;0;0;1.36;1.33;1.62;3;2.1;3.5;3.05;2.35;3.07;0;0;0;0;0;0;0;0;0;0;0;0;0;0;0;1.8;9;2.3;0;0;1.36;3;8;19;2.88;1.33;1.05;1;1.25;2.25;5;10.5;3.5;1.57;1.14;1.02;0;0;0;0;2;0;1;0;1;1;1;2020-03-07 16:00:00;966;0;38;15;25;0;1;1;1;1;1;3;2;4;0;2;1;1;2;2;1;60;53;122;94;1.6;1.95;3.55;0;0;0;0;0;0;1;1;0;0;0;0;0;0;-1;-1;-1;-1;-1;-1;-1;-1;-1;9;28;57;86;95;33;62;91;53;10.57;0;3.64;2.75;Iskra;Rudar;2.19;0.88;2;0.91;1.68;1.27;91;72;43;15;5;57;48;33;1.59;1.36;2.95;2271;31;Y;Y;N;N;N;N;N
819100;5401;966;2019/2020;complete;51009;24;-1;72,80;;2;0;2;7;5;12;-1;-1;2;1;0;0;8;3;14;2;22;5;-1;-1;62;38;2;1;2.15;2.75;3.25;1.05;1.38;2.2;4.05;7.5;6.8;2.6;1.51;1.16;1.02;1.95;1.69;0;0;0;0;1.29;1.36;1.67;2.88;1.95;4;0;0;0;0;0;0;0;0;0;0;0;0;0;0;0;0;0;0;0;0;0;0;0;0;0;0;0;0;0;0;0;0;0;0;0;0;0;0;0;0;0;0;0;2;0;0;2;0;2;0;2020-05-30 18:00:00;5401;0;39;18;14;0;1;1;4;2;3;3;6;6;0;0;2;1;0;3;1;69;46;110;83;2.44;0.87;3.31;0;0;0;0;0;0;1;1;0;0;0;2;0;0;-1;-1;-1;-1;-1;-1;-1;-1;-1;9;21;43;74;91;30;70;83;26;8.53;0;4.94;2.37;Zeta;Rudar;1.67;0.88;1.73;1.08;1.3;1.35;92;79;58;27;9;57;39;30;1.77;1.42;3.19;2271;31;Y;Y;N;N;N;N;N
819101;667988;6744;2019/2020;complete;51009;24;-1;;;0;0;0;6;6;12;-1;-1;2;3;0;1;3;4;7;1;10;5;18;22;47;53;2;4;3.83;2.83;2.1;1.09;1.55;2.6;5.4;10;6;2.3;1.48;1.11;1.04;2.3;1.55;3.15;1.29;0;0;1.6;1.35;1.23;4.75;1.91;2.6;4;2.1;2.5;0;0;0;0;0;0;0;0;0;0;0;0;0;0;0;3;6;1.62;5.15;2.75;1.59;3.9;11;18;2.2;1.22;1.01;1;1.36;2.72;6.7;15;2.88;1.4;1.07;1.01;0;0;0;0;0;0;0;0;0;0;0;2020-05-30 18:30:00;-1;0;66;13;39;0;1;1;4;2;2;4;6;6;1;1;1;3;2;4;1;39;45;93;96;1.13;0.93;2.06;0;0;0;0;0;0;1;1;0;0;0;2;0;0;-1;-1;-1;-1;-1;-1;-1;-1;-1;13;26;31;75;96;13;55;56;26;7.72;0;3.63;2.49;Mladost Lješkopolje;Iskra;1.6;1.2;1.64;1.42;1.26;1.61;87;74;70;26;5;61;47;47;1.13;1.38;2.51;2271;31;N;N;N;N;N;N;N
819102;6745;977;2019/2020;complete;51009;24;-1;2,31,71;45,88,90;3;3;6;5;2;7;-1;-1;3;3;0;0;5;5;1;0;6;5;-1;-1;50;50;3;3;2.9;3.45;2;1.01;1.24;1.8;3.05;5.5;8.75;3.3;1.8;1.27;1.08;1.71;1.91;4;1.2;0;0;1.65;1.28;1.27;4;2.2;2.5;3.45;2.45;2.3;0;0;0;0;0;0;0;0;0;0;0;0;0;0;0;2.4;8.75;1.65;5.05;3.15;1.38;2.85;6.9;14.5;2.75;1.36;1.06;1;1.2;2.05;4;10;4;1.67;1.2;1.06;0;0;0;0;6;2;1;1;2;3;3;2020-05-30 18:00:00;-1;0;58;9;37;0;1;1;3;1;2;1;4;3;2;0;1;3;2;4;1;57;60;130;115;1.16;1.11;2.27;0;1;0;1;0;0;1;1;1;0;0;0;0;0;-1;-1;-1;-1;-1;-1;-1;-1;-1;21;38;42;75;92;25;59;79;50;8.84;0;3.82;2.71;Kom;Sutjeska;1.07;1.4;1.17;1.67;0.96;1.87;79;63;59;25;8;55;29;13;1.58;1.81;3.39;2271;31;Y;Y;Y;Y;Y;Y;Y
819103;6741;67;2019/2020;complete;51009;24;-1;67;82;1;1;2;3;7;10;-1;-1;2;2;0;0;4;3;8;3;12;6;-1;-1;50;50;2;2;2.75;3.05;2.25;1.05;1.4;2.25;4.2;7.75;6.65;2.5;1.49;1.14;1.02;2;1.65;3.1;1.31;0;0;1.57;1.36;1.36;3.6;2;3.1;3.45;2.2;2.55;0;0;0;0;0;0;0;0;0;0;0;0;0;0;0;2.3;6.8;1.8;4.35;3.2;1.49;3.35;8.25;16.75;2.4;1.27;1.03;1;1.33;2.58;6.25;15;3.02;1.44;1.09;1.03;0;0;0;0;2;0;0;1;1;2;0;2020-05-30 18:00:00;-1;0;44;5;25;0;1;1;1;1;2;6;2;8;0;0;2;2;0;4;1;69;67;109;90;1.54;1.08;2.62;0;0;0;0;0;0;1;1;0;0;1;0;0;0;-1;-1;-1;-1;-1;-1;-1;-1;-1;4;17;48;78;91;35;57;66;35;8.64;0;4.88;2.38;Petrovac;Mladost;1.07;1.07;0.75;1.18;1;1;96;83;53;22;9;45;41;27;1.42;1.48;2.9;2271;31;Y;Y;N;N;N;N;Y
819104;1214;6742;2019/2020;complete;51009;24;-1;19;;1;0;1;10;4;14;-1;-1;2;2;0;0;7;4;9;8;16;12;-1;-1;57;43;2;2;1.12;5.95;12.25;1;1.13;1.49;2.25;3.8;11.75;4.5;2.3;1.5;1.18;2.2;1.54;1.61;2.15;0;0;1.01;1.02;3.75;1.53;3;8;1.36;3.58;11;0;0;0;0;0;0;0;0;0;0;0;0;0;0;0;1.15;18.5;5.55;1.69;12.25;1.24;2.17;4.8;13.5;3.64;1.61;1.15;1.01;1.14;1.75;3.3;6.5;4.9;1.96;1.29;1.1;0;0;0;0;1;1;0;0;0;0;1;2020-05-30 18:00:00;1214;0;48;15;19;0;1;1;3;3;7;1;6;8;2;1;0;1;3;1;1;73;32;112;79;2.03;1.27;3.3;0;0;0;0;0;0;1;1;0;0;1;2;1;0;-1;-1;-1;-1;-1;-1;-1;-1;-1;22;30;39;78;100;26;65;87;35;11.01;0;4.15;2.69;Budućnost;Grbalj;2.56;0.6;2.58;0.82;2.35;0.83;79;70;62;22;0;66;35;22;1.74;1.54;3.28;2271;31;Y;N;N;N;N;N;N
819105;6742;5401;2019/2020;complete;51009;25;-1;;32,90;0;2;2;2;3;5;-1;-1;2;0;0;0;2;10;5;6;7;16;-1;-1;36;64;2;0;2.75;2.85;2.4;1.04;1.37;2.2;4;7.25;6.9;2.6;1.53;1.16;1.02;1.91;1.71;0;0;0;0;1.36;1.36;1.4;3.4;1.91;3.4;3;2.25;3;0;0;0;0;0;0;0;0;0;0;0;0;0;0;0;2;6.65;2.1;4;4;1.5;3.8;10;26;2.4;1.22;1.02;1;1.3;2.4;5.75;17;3.2;1.5;1.12;1.03;0;0;0;0;2;0;1;0;1;1;1;2020-06-03 16:00:00;5401;0;54;20;28;0;1;1;0;2;2;1;2;3;1;0;1;0;1;1;1;37;68;92;97;0.86;2.2;3.06;0;0;0;0;0;0;1;1;0;0;0;1;0;0;-1;-1;-1;-1;-1;-1;-1;-1;-1;8;29;38;71;79;34;50;59;38;7.5;0;5.38;2.25;Grbalj;Zeta;0.88;1;0.83;0.92;0.79;1.38;92;71;63;29;21;46;38;25;1.4;1.38;2.78;2271;31;Y;Y;N;N;N;N;N
819106;67;1214;2019/2020;complete;51009;25;-1;24;40,69,87;1;3;4;1;4;5;-1;-1;3;1;0;0;6;8;4;3;10;11;-1;-1;36;64;3;1;4.55;3.2;1.65;1.02;1.28;1.91;3.3;6;8;3.05;1.69;1.24;1.06;1.83;1.77;0;0;0;0;2.62;1.22;1.07;6;2.3;1.95;6.35;2.69;1.74;0;0;0;0;0;0;0;0;0;0;0;0;0;0;0;3.75;9;1.32;11;2.2;1.36;2.88;8;19;2.88;1.36;1.05;1;1.23;2.11;4.5;10;3.72;1.65;1.16;1.03;0;0;0;0;4;1;1;0;2;2;2;2020-06-03 18:00:00;1214;0;57;10;34;0;1;1;1;2;0;2;3;2;1;1;2;0;2;2;1;29;62;78;103;1.27;1.71;2.97;0;0;0;0;0;0;1;1;0;0;1;1;0;0;-1;-1;-1;-1;-1;-1;-1;-1;-1;9;31;62;75;100;18;61;79;49;10.19;0;4.62;2.76;Mladost;Budućnost;0.94;2.13;0.83;2.09;1;2.38;92;70;39;26;0;56;43;30;1.54;1.91;3.45;2271;31;Y;Y;Y;Y;N;N;Y
819107;977;6741;2019/2020;complete;51009;25;-1;;;0;0;0;13;3;16;-1;-1;2;3;0;0;11;6;14;5;25;11;-1;-1;52;48;2;3;1.19;5.25;10;1.01;1.2;1.71;2.8;4.95;9.5;3.6;1.91;1.33;1.1;2.15;1.54;0;0;0;0;1.05;1.14;3.25;1.73;2.5;7.5;1.57;3;7.5;0;0;0;0;0;0;0;0;0;0;0;0;0;0;0;1.25;9.75;4.35;1.95;17;1.3;2.75;7.5;17;3.2;1.4;1.06;1;1.18;1.91;3.8;9.5;4.33;1.8;1.22;1.06;0;0;0;0;0;0;0;0;0;0;0;2020-06-03 16:00:00;-1;0;45;16;21;0;1;1;7;2;6;1;9;7;0;2;2;1;2;3;1;85;40;102;94;2.95;1.41;4.36;0;0;0;0;0;0;1;1;0;0;2;1;0;0;-1;-1;-1;-1;-1;-1;-1;-1;-1;14;18;60;82;96;36;69;69;36;8.82;0;3.34;2.73;Sutjeska;Petrovac;2.13;1.31;2.09;1.27;1.83;1;87;82;41;18;5;46;36;36;1.91;1.29;3.2;2271;31;N;N;N;N;N;N;N
819108;6744;6745;2019/2020;complete;51009;25;-1;13,35;;2;0;2;1;6;7;-1;-1;0;2;0;0;6;6;6;6;12;12;-1;-1;51;49;0;2;1.43;3.65;5.85;1.03;1.32;2.05;3.65;6.6;7.5;2.85;1.61;1.2;1.04;2.1;1.57;0;0;0;0;1.1;1.29;2.38;2.2;2.1;5.5;2.06;2.38;5.1;0;0;1.47;1.87;2.48;3.45;0;2.5;1.93;1.49;1.27;0;0;0;0;1.43;7.25;3.45;0;0;1.44;3.3;9;21;2.6;1.29;1.03;1;1.3;2.41;5.6;12;3.2;1.5;1.1;1.02;0;0;0;0;2;2;0;0;0;0;2;2020-06-03 18:00:00;6744;0;50;18;32;0;1;1;1;5;0;1;6;1;0;1;0;1;1;1;1;83;95;123;106;1.78;1.86;3.64;1;0;1;0;0;0;1;1;0;0;0;1;0;0;-1;-1;-1;-1;-1;-1;-1;-1;-1;14;32;50;87;91;27;64;87;50;9;0;2.3;2.77;Iskra;Kom;2.19;0.81;1.82;0.73;1.58;0.96;87;69;50;14;9;50;36;18;1.59;1.47;3.06;2271;31;Y;Y;N;N;N;N;N
819109;966;667988;2019/2020;complete;51009;25;-1;;40,68,90;0;3;3;5;4;9;-1;-1;0;3;0;0;5;6;11;7;16;13;-1;-1;56;44;0;3;1.8;3.3;4;0;0;2.05;0;0;0;0;1.75;0;0;0;0;0;0;0;0;1.2;1.3;1.83;2.4;2.1;4.33;0;0;0;0;0;0;0;0;0;0;0;0;0;0;0;0;0;0;0;0;0;0;0;0;0;0;0;0;0;0;0;0;0;0;0;0;0;0;0;0;0;0;0;3;0;1;0;2;2;1;2020-06-03 18:00:00;667988;0;70;20;25;0;1;1;5;1;0;3;6;3;0;0;0;3;0;3;1;80;43;99;80;1.93;1.55;3.48;0;0;0;0;0;0;1;1;0;0;1;1;0;0;-1;-1;-1;-1;-1;-1;-1;-1;-1;9;28;53;84;96;36;53;45;22;6.73;0;4.87;2.74;Rudar;Mladost Lješkopolje;1.27;1;1.64;0.92;1.29;1.25;91;73;47;17;4;45;41;32;1.41;1.16;2.57;2271;31;Y;Y;Y;N;N;N;N
819110;5401;667988;2019/2020;complete;51009;26;-1;70;59;1;1;2;2;2;4;-1;-1;3;3;0;0;6;5;2;3;8;8;-1;-1;62;38;3;3;2.55;2.72;3.02;1.12;1.48;2.6;4.4;8.25;5.25;2.45;1.48;1.17;1.04;2;1.72;0;0;0;0;1.36;1.36;1.5;3.2;1.91;3.75;2.91;2.14;3.44;0;0;0;0;0;0;0;0;0;0;0;0;0;0;0;1.91;6;2.38;3.9;4;1.5;3.8;10;26;2.4;1.22;1.01;1;1.37;2.72;5.8;12;2.84;1.4;1.1;1.02;0;0;0;0;2;0;0;1;1;2;0;2020-06-07 18:00:00;-1;0;52;16;11;0;1;1;0;1;2;1;1;3;0;2;3;1;2;4;1;65;35;183;106;1.43;1.12;2.55;0;0;0;0;0;0;1;1;0;0;0;0;0;0;-1;-1;-1;-1;-1;-1;-1;-1;-1;0;4;32;64;88;13;48;53;16;6.34;0;4.93;1.88;Zeta;Mladost Lješkopolje;1.67;1;1.83;1.08;1.44;1.32;100;96;69;37;13;54;42;33;1.83;1.19;3.02;2271;31;Y;Y;N;N;N;N;Y
819111;6745;966;2019/2020;complete;51009;26;-1;62;27;1;1;2;3;5;8;-1;-1;2;3;0;0;4;5;7;7;11;12;-1;-1;59;41;2;3;2.2;3.05;2.85;1.02;1.28;1.91;3.3;6;8;3.05;1.69;1.24;1.06;1.74;1.87;0;0;0;0;1.36;1.33;1.53;3;2.05;3.4;0;0;0;0;0;0;0;0;0;0;0;0;0;0;0;0;0;0;0;0;0;0;0;0;0;0;0;0;0;0;0;0;0;0;0;0;0;0;0;0;0;0;0;2;0;1;1;0;1;1;2020-06-07 18:00:00;-1;0;47;16;28;0;1;1;0;2;3;3;2;6;0;1;2;2;1;4;1;70;80;118;101;1.49;1.68;3.17;0;0;0;0;0;0;1;1;0;0;0;0;0;0;-1;-1;-1;-1;-1;-1;-1;-1;-1;23;31;46;81;96;31;69;89;46;9.38;0;4.09;2.81;Kom;Rudar;1.07;0.88;1.15;1;0.92;1.24;77;69;54;20;4;62;39;27;1.55;1.37;2.92;2271;31;Y;Y;N;N;N;N;Y
819112;6741;6744;2019/2020;complete;51009;26;-1;22,32,45,63;37;4;1;5;4;6;10;-1;-1;2;1;0;0;12;6;7;7;19;13;-1;-1;41;59;2;1;0;0;0;1.04;1.3;1.95;3.25;6;8.5;3.2;1.85;1.3;1.1;0;0;0;0;0;0;1.13;1.13;2.63;2.05;2.3;5;2.3;2.45;3.6;0;0;0;0;0;0;0;0;0;0;0;0;0;0;0;1.33;11;3.6;2.3;11;1.36;3;8;19;2.88;1.33;1.05;1;1.21;2.12;4.3;10.5;3.9;1.64;1.18;1.02;0;0;0;0;5;3;1;1;0;1;4;2020-06-07 18:00:00;6741;0;54;9;26;0;1;1;2;1;2;5;3;7;1;0;1;1;1;2;1;51;60;111;135;2.41;1.69;4.09;1;0;1;0;0;0;1;1;0;0;0;0;0;0;-1;-1;-1;-1;-1;-1;-1;-1;-1;12;23;35;74;96;27;66;62;31;8.73;0;5.36;2.43;Petrovac;Iskra;1.07;1.2;0.77;1.38;1;1.64;89;77;66;27;4;56;52;40;1.43;1.35;2.78;2271;31;Y;Y;Y;Y;Y;N;Y
819113;1214;977;2019/2020;complete;51009;26;-1;22,87;;2;0;2;6;10;16;-1;-1;4;2;1;0;7;7;9;10;16;17;-1;-1;46;54;6;2;1.67;3.15;4.55;1.02;1.26;1.87;3.25;5.85;8.25;3.1;1.71;1.25;1.06;1.77;1.83;0;0;0;0;1.14;1.3;1.91;2.4;2.1;4.33;2.1;2.5;4.2;0;0;0;0;0;0;0;0;0;0;0;0;0;0;0;1.53;9;2.88;2.87;7.5;1.36;3;8;19;2.88;1.33;1.05;1;1.23;2.17;4.6;10.5;3.7;1.61;1.16;1.02;0;0;0;0;2;1;0;1;0;1;1;2020-06-07 18:30:00;1214;0;54;18;35;0;1;1;1;0;5;10;1;15;3;2;2;0;5;2;1;57;71;93;95;1.91;2.07;3.98;0;0;0;0;0;0;1;1;0;0;1;0;0;0;-1;-1;-1;-1;-1;-1;-1;-1;-1;23;43;50;81;96;35;66;81;50;10.69;0;3.92;3;Budućnost;Sutjeska;2.56;1.4;2.62;1.62;2.4;1.8;77;58;50;19;4;46;27;20;1.76;1.75;3.51;2271;31;Y;Y;N;N;N;N;N
819114;6742;67;2019/2020;complete;51009;26;-1;;;0;0;0;2;3;5;-1;-1;3;2;0;0;4;4;8;5;12;9;-1;-1;47;53;3;2;2.15;2.78;3.75;1.09;1.4;2.3;3.6;7;6;2.75;1.6;1.25;1.07;1.73;2;0;0;0;0;1.33;1.4;1.53;2.88;1.95;4;2.45;2.25;3.7;0;0;0;0;0;0;0;0;0;0;0;0;0;0;0;1.73;7.5;2.4;3.6;4.75;1.45;3.33;7.36;21;2.55;1.3;1.07;1;1.35;2.46;5.85;12;3.08;1.51;1.11;1.02;0;0;0;0;0;0;0;0;0;0;0;2020-06-07 16:00:00;-1;0;52;4;39;0;1;1;0;3;2;0;3;2;0;1;3;1;1;4;1;62;54;103;103;1.49;1.25;2.74;0;0;0;0;0;0;1;1;0;0;0;0;0;0;-1;-1;-1;-1;-1;-1;-1;-1;-1;4;20;40;76;80;24;52;72;48;8.95;0;4.67;2.2;Grbalj;Mladost;0.88;1.07;0.77;1.17;0.76;0.96;96;81;60;24;20;52;48;36;1.36;1.44;2.8;2271;31;N;N;N;N;N;N;N
819115;67;5401;2019/2020;complete;51009;27;-1;;;0;0;0;2;1;3;-1;-1;2;1;0;0;2;3;4;8;6;11;-1;-1;40;60;2;1;2.1;3;3.4;1.08;1.42;2.5;4;7.5;6.5;2.65;1.5;1.2;1.06;1.95;1.75;0;0;0;0;1.29;1.33;1.62;3;1.95;4;2.8;2.15;3.56;0;0;1.63;2.12;2.9;4.2;0;2.17;1.66;1.36;1.2;0;0;0;0;1.77;6.55;2.45;0;0;1.5;3.6;9;26;2.4;1.25;1.03;1;1.36;2.69;6.2;12;2.89;1.41;1.09;1.02;0;0;0;0;0;0;0;0;0;0;0;2020-06-12 18:00:00;-1;0;54;24;15;0;1;1;1;0;1;1;1;2;0;0;2;1;0;3;1;38;61;84;107;0.8;1.35;2.15;0;0;0;0;0;0;1;1;0;0;0;0;0;0;-1;-1;-1;-1;-1;-1;-1;-1;-1;8;27;43;66;93;27;58;62;27;7.31;0;3.82;2.35;Mladost;Zeta;0.94;1;0.77;1.08;0.96;1.42;92;73;58;35;8;47;39;20;1.52;1.44;2.96;2271;31;N;N;N;N;N;N;N
819116;977;6742;2019/2020;complete;51009;27;-1;41,67,70,73;42;4;1;5;7;1;8;-1;-1;0;1;0;0;13;5;6;2;19;7;-1;-1;56;44;0;1;1.19;5.3;9.75;1;1.17;1.61;2.55;4.45;10.25;3.9;2.05;1.38;1.13;2.2;1.51;0;0;0;0;1.01;1.12;3.5;1.71;2.51;8.4;1.5;2.95;8.25;0;0;1.54;2;2.65;3.75;0;2.35;1.8;1.43;1.24;0;0;0;0;1.2;13;4.5;1.83;19;1.3;2.49;6;17;3.16;1.47;1.09;1;1.17;1.98;3.7;9.5;4.4;1.74;1.23;1.04;0;0;0;0;5;1;1;3;0;3;2;2020-06-12 16:00:00;977;0;42;15;10;0;1;1;4;0;3;1;4;4;0;0;0;1;0;1;1;85;28;115;106;2.72;1.01;3.73;1;0;1;0;0;0;1;1;0;0;1;0;0;0;-1;-1;-1;-1;-1;-1;-1;-1;-1;17;21;38;75;96;30;63;67;25;10.58;0;3.8;2.5;Sutjeska;Grbalj;2.13;0.6;2;0.75;1.73;0.77;83;79;63;25;4;58;42;29;2.01;1.51;3.52;2271;31;Y;Y;Y;Y;Y;N;Y
819117;6744;1214;2019/2020;complete;51009;27;-1;56,67,89,90;78;4;1;5;3;2;5;-1;-1;3;3;0;0;8;3;5;15;13;18;-1;-1;49;51;3;3;3.7;3.3;1.77;1.01;1.25;1.83;3.1;5.55;8.5;3.25;1.77;1.27;1.07;1.77;1.83;0;0;0;0;1.73;1.33;1.25;4;2.1;2.5;3.82;2.43;2.33;0;0;0;0;0;0;0;0;0;0;0;0;0;0;0;2.6;8.5;1.62;6;3.3;1.38;2.8;7.7;19;2.8;1.38;1.05;1;1.24;2.17;4.7;10;3.6;1.61;1.15;1.03;0;0;0;0;5;0;0;4;1;5;0;2020-06-12 18:30:00;6744;0;46;13;34;0;1;1;2;0;1;2;2;3;1;0;2;3;1;5;1;75;65;96;89;1.92;1.81;3.73;0;0;0;0;0;0;1;1;0;0;0;0;1;0;-1;-1;-1;-1;-1;-1;-1;-1;-1;4;30;59;88;96;29;63;88;59;9.84;0;4.27;2.75;Iskra;Budućnost;2.19;2.13;1.92;2.17;1.58;2.42;96;71;42;13;4;42;34;25;1.61;1.9;3.51;2271;31;Y;Y;Y;Y;Y;N;Y
819118;966;6741;2019/2020;complete;51009;27;-1;;29,37;0;2;2;10;3;13;-1;-1;1;1;0;0;8;6;9;3;17;9;-1;-1;50;50;1;1;2.15;3.2;2.8;1.01;1.24;1.8;3.05;5.5;8.75;3.3;1.8;1.27;1.08;1.67;1.95;0;0;0;0;1.62;1.29;1.36;3.4;2.2;2.88;0;0;0;0;0;0;0;0;0;0;0;0;0;0;0;0;0;0;0;0;0;0;0;0;0;0;0;0;0;0;0;0;0;0;0;0;0;0;0;0;0;0;0;2;0;2;0;0;0;2;2020-06-12 17:30:00;6741;0;55;15;29;0;1;1;3;1;7;2;4;9;0;1;1;0;1;1;1;63;28;80;69;2.08;1.19;3.27;0;0;0;0;0;0;1;1;0;0;0;0;0;1;-1;-1;-1;-1;-1;-1;-1;-1;-1;13;34;67;84;92;42;67;67;42;8.08;0;4.4;2.92;Rudar;Petrovac;1.27;1.31;1.5;1.25;1.23;1.08;88;67;34;17;9;59;42;38;1.46;1.3;2.76;2271;31;Y;Y;N;N;N;N;N
819119;667988;6745;2019/2020;complete;51009;27;-1;67;90;1;1;2;3;3;6;-1;-1;4;1;0;0;5;6;7;5;12;11;-1;-1;54;46;4;1;1.7;3.4;4.5;1.05;1.3;1.95;3.28;6;10;3.23;1.85;1.29;1.1;1.85;1.85;0;0;0;0;1.14;1.29;2;2.3;2.2;4.5;2.1;2.5;4.1;0;0;1.5;1.98;2.55;3.6;0;2.43;1.83;1.46;1.25;0;0;0;0;1.53;9.5;2.8;0;0;1.37;2.76;7.1;19;2.84;1.39;1.06;1;1.22;2.16;4.3;10.5;3.8;1.62;1.18;1.02;0;0;0;0;2;0;0;1;1;2;0;2020-06-12 18:00:00;-1;0;58;20;38;0;1;1;0;2;3;1;2;4;2;0;2;1;2;3;1;67;67;128;120;1.6;1.61;3.21;0;0;0;0;0;0;1;1;0;0;0;0;0;0;-1;-1;-1;-1;-1;-1;-1;-1;-1;17;34;42;84;88;25;50;59;34;7.92;0;2.43;2.71;Mladost Lješkopolje;Kom;1.6;0.81;1.58;0.67;1.31;0.92;84;67;59;17;13;59;34;25;1.13;1.5;2.63;2271;31;Y;Y;N;N;N;N;Y
819120;5401;6745;2019/2020;complete;51009;28;-1;39;26;1;1;2;3;4;7;-1;-1;4;3;1;0;3;4;3;9;6;13;-1;-1;47;53;6;3;1.47;3.7;5.45;1.02;1.29;1.95;3.45;6.2;7.75;3;1.67;1.22;1.05;2;1.62;0;0;0;0;1.1;1.24;2.19;2.18;2.1;6;1.9;2.45;5.25;0;0;0;0;0;0;0;0;0;0;0;0;0;0;0;1.44;8.5;3.4;0;0;1.45;3.1;8.2;19;2.57;1.33;1.04;1;1.26;2.25;5;12;3.5;1.57;1.13;1.02;0;0;0;0;2;1;1;0;0;0;2;2020-06-16 18:00:00;-1;0;54;19;27;0;1;1;2;2;1;2;4;3;2;1;3;2;3;5;1;52;70;132;120;0.99;1.61;2.6;0;0;0;0;0;0;1;1;0;0;0;0;1;0;-1;-1;-1;-1;-1;-1;-1;-1;-1;12;23;35;77;89;27;62;77;35;7.62;0;3.64;2.39;Zeta;Kom;1.67;0.81;1.77;0.69;1.41;0.93;89;77;66;23;12;50;31;20;1.79;1.51;3.3;2271;31;Y;Y;N;N;N;N;Y
819121;667988;6741;2019/2020;complete;51009;28;-1;50;68;1;1;2;5;6;11;-1;-1;3;3;0;0;3;4;6;8;9;12;-1;-1;59;41;3;3;1.8;2.9;4.75;1.1;1.4;2.35;4.04;8;6.5;2.68;1.57;1.19;1.06;2.05;1.7;0;0;0;0;1.14;1.36;1.83;2.4;2;5;2.2;2.35;4.2;0;0;0;0;0;0;0;0;0;0;0;0;0;0;0;1.62;7.5;2.75;0;0;1.47;3.2;8.8;21;2.5;1.3;1.03;1;1.28;2.34;5.4;12;3.3;1.53;1.12;1.02;0;0;0;0;2;0;0;1;1;2;0;2020-06-16 18:00:00;-1;0;50;11;38;0;1;1;3;3;2;3;6;5;0;1;3;2;1;5;1;66;55;142;114;1.27;1.44;2.72;0;0;0;0;0;0;1;1;0;0;0;0;0;0;-1;-1;-1;-1;-1;-1;-1;-1;-1;8;19;43;73;85;20;43;54;35;7.46;0;3.67;2.31;Mladost Lješkopolje;Petrovac;1.6;1.31;1.54;1.38;1.3;1.15;92;81;58;27;15;66;46;46;1.17;1.29;2.46;2271;31;Y;Y;N;N;N;N;Y
819122;966;1214;2019/2020;complete;51009;28;-1;;17,28,44,69;0;4;4;2;2;4;-1;-1;-1;-1;-1;-1;4;6;6;4;10;10;-1;-1;41;59;-1;-1;5.1;3.7;1.5;1;1.17;1.61;2.55;4.45;10.25;3.9;2.05;1.38;1.13;1.69;1.91;0;0;0;0;2.38;1.22;1.11;5.5;2.3;2.05;0;0;0;0;0;0;0;0;0;0;0;0;0;0;0;0;0;0;0;0;0;0;0;0;0;0;0;0;0;0;0;0;0;0;0;0;0;0;0;0;0;0;0;4;0;3;0;1;1;3;2020-06-16 18:00:00;1214;0;62;17;37;0;1;-1;0;0;2;2;0;4;-1;-1;-1;-1;-1;-1;1;41;50;91;97;1.21;1.42;2.63;0;0;0;0;0;0;1;1;0;0;0;0;-1;-1;-1;-1;-1;-1;-1;-1;-1;-1;-1;15;46;73;96;100;47;70;77;54;9.61;0;5.27;3.35;Rudar;Budućnost;1.27;2.13;1.38;2;1.19;2.33;85;54;27;4;0;46;31;27;1.51;1.89;3.4;2271;31;Y;Y;Y;Y;N;N;N
819123;6744;6742;2019/2020;complete;51009;28;-1;27,51;55;2;1;3;6;4;10;-1;-1;-1;-1;-1;-1;8;8;10;5;18;13;-1;-1;57;43;-1;-1;1.2;5;9.75;1.01;1.19;1.67;2.7;4.75;9.75;3.7;1.95;1.35;1.11;2.05;1.59;0;0;0;0;1.02;1.2;3.4;1.73;2.5;8;1.6;2.85;7;0;0;0;0;0;0;0;0;0;0;0;0;0;0;0;1.25;13;4.33;1.95;17;1.37;2.65;6.6;17;2.86;1.42;1.08;1;1.2;1.97;4;9.5;4;1.74;1.2;1.04;0;0;0;0;3;1;0;1;1;2;1;2020-06-16 18:00:00;6744;0;42;13;20;0;1;-1;4;3;2;1;7;3;-1;-1;-1;-1;-1;-1;1;74;78;92;106;2.22;1.94;4.17;0;0;0;0;0;0;1;1;0;0;0;0;-1;-1;-1;-1;-1;-1;-1;-1;-1;-1;-1;16;27;39;77;96;23;58;81;43;9.23;0;3.6;2.54;Iskra;Grbalj;2.19;0.6;2;0.69;1.63;0.74;85;73;62;23;4;58;42;23;1.64;1.47;3.11;2271;31;Y;Y;Y;N;N;N;Y
819124;977;67;2019/2020;complete;51009;28;-1;9,61,76;28;3;1;4;5;6;11;-1;-1;1;3;0;0;15;7;6;2;21;9;-1;-1;53;47;1;3;1.21;5.75;10.75;1.03;1.25;1.76;2.92;5.2;13.75;3.6;1.95;1.36;1.13;2.5;1.48;0;0;0;0;1.05;1.1;3.15;1.68;2.4;9.5;1.45;3.05;9.5;0;0;0;0;0;0;0;0;0;0;0;0;0;0;0;1.2;12;5;0;0;1.32;2.5;6;17;3.11;1.46;1.09;1;1.17;1.88;3.7;10;4.4;1.82;1.23;1.03;0;0;0;0;4;1;1;2;0;2;2;2020-06-16 16:00:00;977;0;46;14;21;0;1;1;1;3;4;3;4;7;1;0;0;3;1;3;1;59;40;102;102;2.8;1.36;4.15;1;0;1;0;0;0;1;1;1;0;0;1;0;0;-1;-1;-1;-1;-1;-1;-1;-1;-1;12;16;46;77;85;35;58;66;35;9.92;0;3.26;2.39;Sutjeska;Mladost;2.13;1.07;2.08;1.15;1.78;0.96;89;85;54;23;16;39;39;31;2.08;1.42;3.5;2271;31;Y;Y;Y;Y;N;N;Y
819125;977;5401;2019/2020;complete;51009;29;-1;;;0;0;0;7;2;9;-1;-1;2;3;0;0;10;5;5;2;15;7;-1;-1;51;49;2;3;1.61;3.65;4.15;1.02;1.27;1.91;3.3;5.95;8.25;3.1;1.71;1.24;1.06;1.83;1.74;0;0;0;0;1.12;1.18;1.87;2.35;2.05;5;2.05;2.45;4.5;0;0;0;0;0;0;0;0;0;0;0;0;0;0;0;1.5;8.5;3;2.75;8;1.41;2.9;7.7;19;2.7;1.36;1.05;1;1.24;2.15;4.7;11;3.6;1.62;1.15;1.02;0;0;0;0;0;0;0;0;0;0;0;2020-06-21 16:00:00;-1;0;47;29;8;0;1;1;3;0;4;2;3;6;1;1;1;2;2;3;1;69;37;92;91;2.14;1.07;3.21;0;0;0;0;0;0;1;1;0;0;0;0;0;0;-1;-1;-1;-1;-1;-1;-1;-1;-1;14;25;43;75;86;43;61;57;25;8.21;0;3.43;2.47;Sutjeska;Zeta;2.13;1;2.14;1.07;1.82;1.39;86;75;57;25;14;33;29;22;2.14;1.43;3.57;2271;31;N;N;N;N;N;N;N
819126;67;6744;2019/2020;complete;51009;29;-1;30,63;52;2;1;3;2;0;2;-1;-1;6;3;0;0;4;7;0;2;4;9;-1;-1;43;57;6;3;3;3;2.15;1.01;1.21;1.74;2.85;5.1;9.25;3.5;1.87;1.31;1.09;1.59;2.1;0;0;0;0;1.73;1.33;1.22;4;2.2;2.4;3.4;2.6;2.42;0;0;0;0;0;0;0;0;0;0;0;0;0;0;0;2.25;9;1.71;0;0;1.36;2.88;7.5;17;2.88;1.36;1.06;1;1.21;2.05;4.3;10;3.9;1.69;1.18;1.03;0;0;0;0;3;1;0;1;1;2;1;2020-06-21 18:00:00;67;0;61;17;21;0;1;1;0;0;2;0;0;2;3;1;3;2;4;5;1;58;60;72;67;0.96;1.49;2.44;0;1;0;1;0;0;1;1;0;0;0;0;0;0;-1;-1;-1;-1;-1;-1;-1;-1;-1;14;29;40;61;93;18;68;64;29;8.86;0;3.97;2.4;Mladost;Iskra;0.94;1.2;0.79;1.29;0.93;1.68;86;71;61;40;7;61;57;43;1.47;1.37;2.84;2271;31;Y;Y;Y;N;N;N;Y
819127;6742;966;2019/2020;complete;51009;29;-1;90;;1;0;1;8;9;17;-1;-1;1;1;1;0;3;7;6;13;9;20;-1;-1;44;56;3;1;2.15;3.3;2.75;1.02;1.26;1.87;3.25;5.85;8.25;3.1;1.71;1.25;1.06;1.74;1.87;0;0;0;0;1.3;1.25;1.8;2.5;2.2;3.75;0;0;0;0;0;0;0;0;0;0;0;0;0;0;0;0;0;0;0;0;0;0;0;0;0;0;0;0;0;0;0;0;0;0;0;0;0;0;0;0;0;0;0;1;0;0;1;0;1;0;2020-06-21 16:00:00;6742;0;43;12;27;0;1;1;3;4;5;5;7;10;1;0;1;1;1;2;1;80;87;92;96;1.36;2.37;3.72;0;0;0;0;0;0;1;1;0;0;1;1;0;0;-1;-1;-1;-1;-1;-1;-1;-1;-1;11;29;43;82;86;29;61;79;47;9.57;0;5.03;2.5;Grbalj;Rudar;0.88;0.88;0.79;1;0.71;1.14;90;71;57;18;15;54;43;36;1.37;1.39;2.76;2271;31;Y;N;N;N;N;N;N
819128;1214;667988;2019/2020;complete;51009;29;-1;85;;1;0;1;6;4;10;-1;-1;2;3;0;0;3;2;10;5;13;7;-1;-1;58;42;2;3;1.39;4.27;6.3;1.03;1.24;1.75;2.84;5.05;12.75;3.68;1.97;1.37;1.13;1.9;1.78;0;0;0;0;1.03;1.13;2.35;1.95;2.3;6;1.72;2.75;5.5;0;0;0;0;0;0;0;0;0;0;0;0;0;0;0;1.36;12;3.5;0;0;1.39;2.8;7.1;17;2.75;1.38;1.06;1;1.22;2.07;4.4;9.5;3.8;1.67;1.17;1.04;0;0;0;0;1;0;0;1;0;1;0;2020-06-21 18:30:00;1214;0;54;14;24;0;1;1;3;1;3;3;4;6;1;0;1;3;1;4;1;71;35;94;87;1.54;0.85;2.39;0;0;0;0;0;0;1;1;0;0;1;0;0;0;-1;-1;-1;-1;-1;-1;-1;-1;-1;11;15;40;75;97;18;58;61;29;8.83;0;4.58;2.36;Budućnost;Mladost Lješkopolje;2.56;1;2.64;1.07;2.36;1.29;90;86;61;25;4;52;37;34;1.78;1.19;2.97;2271;31;Y;N;N;N;N;N;N
819129;6741;6745;2019/2020;complete;51009;29;-1;73;;1;0;1;5;3;8;-1;-1;2;4;0;1;6;0;3;10;9;10;-1;-1;48;52;2;5;2;3.05;3.25;1.02;1.29;1.95;3.45;6.25;7.75;2.95;1.67;1.22;1.05;1.77;1.83;0;0;0;0;1.21;1.23;1.57;2.75;2;3.9;2.45;2.35;3.4;0;0;0;0;0;0;0;0;0;0;0;0;0;0;0;1.73;8.5;2.3;3.5;5.5;1.43;2.99;7.9;19;2.6;1.34;1.05;1;1.25;2.2;4.8;10.5;3.6;1.6;1.14;1.02;0;0;0;0;1;0;0;1;0;1;0;2020-06-21 18:00:00;6741;0;57;23;31;0;1;1;2;3;3;0;5;3;0;1;2;4;1;6;1;63;53;104;101;1.45;1.02;2.47;0;0;0;0;0;0;1;1;0;0;2;0;0;0;-1;-1;-1;-1;-1;-1;-1;-1;-1;18;33;47;90;97;43;64;68;40;8.45;0;3.98;2.86;Petrovac;Kom;1.07;0.81;0.93;0.71;1.14;0.93;83;68;54;11;4;49;34;11;1.51;1.52;3.03;2271;31;Y;N;N;N;N;N;N
819130;5401;6741;2019/2020;complete;51009;30;-1;90;17;1;1;2;5;2;7;-1;-1;3;3;0;0;5;6;7;5;12;11;-1;-1;64;36;3;3;1.77;2.9;4.45;1.07;1.48;2.5;4.75;8.5;6;2.3;1.41;1.11;1.01;2.2;1.53;0;0;0;0;1.22;1.32;1.65;2.65;1.87;4.9;2.35;2.2;4.2;0;0;1.56;2;2.75;3.9;0;2.3;1.73;1.41;1.22;0;0;0;0;1.8;6;2.5;2.8;6;1.56;3.58;10;26;2.27;1.25;1.02;1;1.34;2.55;6.2;15;3;1.45;1.09;1.01;0;0;0;0;2;0;1;1;0;1;1;2020-06-25 18:00:00;-1;0;47;15;23;0;1;1;3;1;2;1;4;3;2;1;1;2;3;3;1;100;48;144;98;1.84;1.47;3.3;0;0;0;0;0;0;1;1;0;0;1;0;0;0;-1;-1;-1;-1;-1;-1;-1;-1;-1;4;11;36;68;86;25;57;68;32;7.43;0;4.92;2.04;Zeta;Petrovac;1.67;1.31;1.71;1.36;1.38;1.21;97;90;65;33;14;61;47;43;1.74;1.3;3.04;2271;31;Y;Y;N;N;N;N;Y
819131;6745;1214;2019/2020;complete;51009;30;-1;;90;0;1;1;4;1;5;-1;-1;0;2;0;0;6;4;10;6;16;10;-1;-1;43;57;0;2;4.95;3.65;1.51;1.01;1.22;1.77;2.95;5.25;9;3.4;1.83;1.3;1.09;1.8;1.8;0;0;0;0;2.05;1.22;1.15;5.6;2.26;2.08;4.8;2.6;1.9;0;0;1.47;1.94;2.48;3.45;0;2.5;1.86;1.49;1.27;0;0;0;0;3;10;1.44;0;0;1.39;2.8;7.1;17;2.75;1.39;1.06;1;1.26;2.21;4.52;10;3.66;1.67;1.18;1.03;0;0;0;0;1;0;0;0;1;1;0;2020-06-25 18:00:00;1214;0;61;14;40;0;1;1;4;1;0;0;5;0;0;1;0;1;1;1;1;58;64;104;128;1.85;1.39;3.24;0;0;0;0;0;0;1;1;0;0;0;0;0;0;-1;-1;-1;-1;-1;-1;-1;-1;-1;22;40;58;82;97;29;68;90;54;8.85;0;4.92;3;Kom;Budućnost;1.07;2.13;1.14;2.07;0.9;2.38;79;61;43;18;4;47;25;18;1.54;1.86;3.4;2271;31;Y;N;N;N;N;N;N
819132;667988;6742;2019/2020;complete;51009;30;-1;46,49;;2;0;2;2;3;5;-1;-1;0;2;0;0;6;3;11;5;17;8;-1;-1;54;46;0;2;1.63;3.47;5.35;1.1;1.5;2.4;4.23;7.82;6.5;2.5;1.53;1.2;1.06;2.25;1.58;0;0;0;0;1.07;1.2;2.1;2.31;2.01;5.53;1.95;2.35;5.25;0;0;1.45;1.68;2.4;3.35;0;2.6;2.11;1.52;1.29;0;0;0;0;1.44;7;3.4;0;0;1.56;3.43;7.82;26;2.38;1.29;1.06;1;1.3;2.62;6;12;3.2;1.44;1.1;1.02;0;0;0;0;2;0;0;2;0;2;0;2020-06-25 18:00:00;667988;0;57;14;37;0;1;1;2;1;0;2;3;2;0;0;0;2;0;2;1;76;67;91;97;2.03;1.2;3.24;0;0;0;0;0;0;1;1;0;0;0;0;0;0;-1;-1;-1;-1;-1;-1;-1;-1;-1;14;25;33;75;93;14;43;65;36;8.43;0;4.07;2.43;Mladost Lješkopolje;Grbalj;1.6;0.6;1.5;0.64;1.24;0.79;86;75;68;25;7;72;47;32;1.18;1.51;2.69;2271;31;Y;Y;N;N;N;N;N
819133;966;67;2019/2020;complete;51009;30;-1;37;27;1;1;2;3;1;4;-1;-1;1;3;0;0;10;4;5;4;15;8;-1;-1;52;48;1;3;2.05;3;3.15;1.03;1.3;2;3.5;6.35;7.75;2.95;1.65;1.21;1.05;1.77;1.83;0;0;0;0;1.3;1.33;1.67;2.75;2.1;3.75;0;0;0;0;0;0;0;0;0;0;0;0;0;0;0;0;0;0;0;0;0;0;0;0;0;0;0;0;0;0;0;0;0;0;0;0;0;0;0;0;0;0;0;2;1;1;0;0;0;2;2020-06-25 16:00:00;-1;0;54;13;28;0;1;1;2;0;1;1;2;2;1;0;0;3;1;3;1;37;21;80;77;1.91;0.95;2.86;0;0;0;0;0;0;1;1;0;0;0;0;1;0;-1;-1;-1;-1;-1;-1;-1;-1;-1;7;32;57;86;90;47;65;68;40;8.86;0;4.27;2.75;Rudar;Mladost;1.27;1.07;1.29;1.07;1.1;1;93;68;43;15;11;50;43;33;1.48;1.42;2.9;2271;31;Y;Y;N;N;N;N;Y
819134;6744;977;2019/2020;complete;51009;30;-1;70;;1;0;1;7;8;15;5;1;0;4;0;0;3;4;1;4;4;8;20;10;51;49;0;4;2.8;3.25;2.1;1;1.16;1.5;2.45;4.2;10.75;4.05;2.2;1.43;1.14;1.49;2.25;0;0;0;0;1.55;1.27;1.35;3.4;2.34;2.63;3.09;2.8;2.42;0;0;1.47;1.95;2.48;3.45;0;2.5;1.85;1.49;1.27;0;0;0;0;2.1;13;1.8;5.8;4.4;1.3;2.4;5.6;13;3.2;1.54;1.11;1.01;1.15;1.8;3.5;8.5;4.7;1.9;1.26;1.05;0;0;0;0;1;0;0;1;0;1;0;2020-06-25 18:30:00;6744;0;50;12;39;0;1;1;7;4;0;4;11;4;0;0;0;4;0;4;1;67;78;88;97;0.95;1.35;2.3;0;0;0;0;0;0;1;1;0;0;3;0;0;0;-1;-1;-1;-1;-1;-1;-1;-1;-1;14;36;50;86;93;29;57;83;57;9.5;0;3.5;2.86;Iskra;Sutjeska;2.19;1.4;2.07;1.5;1.62;1.79;86;65;50;14;7;43;36;18;1.68;1.77;3.45;2271;31;Y;N;N;N;N;N;N
819135;6744;5401;2019/2020;complete;51009;31;-1;5,56,62;20;3;1;4;7;6;13;-1;-1;0;2;0;0;7;6;0;8;7;14;-1;-1;57;43;0;2;1.3;4.15;8;1.04;1.36;2.05;3.95;7;7;2.65;1.61;1.16;1.03;0;0;0;0;0;0;1.04;1.2;3.4;1.83;2.2;8;1.48;2.9;10;0;0;1.47;1.95;2.48;3.45;0;2.5;1.85;1.49;1.27;0;0;0;0;1.25;8.5;5;1.61;17;1.46;3.1;8.5;21;2.5;1.31;1.04;1;1.27;2.3;5.2;12;3.4;1.55;1.13;1.02;0;0;0;0;4;1;1;2;0;2;2;2020-06-30 18:00:00;6744;0;40;15;21;0;1;1;5;2;2;4;7;6;0;0;0;2;0;2;1;50;50;90;77;1.3;1.66;2.96;0;0;0;0;0;0;1;1;1;0;0;1;0;0;-1;-1;-1;-1;-1;-1;-1;-1;-1;7;20;37;70;83;27;50;67;33;7.33;0;3.49;2.17;Iskra;Zeta;2.19;1;2.13;1.07;1.67;1.37;93;80;63;30;17;40;34;17;1.63;1.41;3.04;2271;31;Y;Y;Y;Y;N;N;Y
819136;977;966;2019/2020;complete;51009;31;-1;12,36;;2;0;2;5;4;9;-1;-1;1;2;0;0;12;9;5;1;17;10;-1;-1;56;44;1;2;1.29;4.5;7.25;1;1.17;1.62;2.6;4.55;10.25;3.85;2;1.38;1.12;1.91;1.71;0;0;0;0;1.04;1.14;3.4;1.73;2.5;7.5;0;0;0;0;0;0;0;0;0;0;0;0;0;0;0;0;0;0;0;0;0;0;0;0;0;0;0;0;0;0;0;0;0;0;0;0;0;0;0;0;0;0;0;2;2;0;0;0;0;2;2020-06-30 18:00:00;977;0;40;23;11;0;1;1;3;2;2;2;5;4;0;0;1;2;0;3;1;51;42;91;88;2.28;1.57;3.85;0;0;0;0;0;0;1;1;0;0;2;1;0;0;-1;-1;-1;-1;-1;-1;-1;-1;-1;17;27;50;84;94;40;67;77;37;11.13;0;3.52;2.73;Sutjeska;Rudar;2.13;0.88;2.07;0.93;1.73;1.1;84;73;50;17;7;50;40;37;2.14;1.46;3.6;2271;31;Y;Y;N;N;N;N;N
819137;67;667988;2019/2020;complete;51009;31;-1;;;0;0;0;4;3;7;3;0;2;3;0;0;5;4;4;8;9;12;25;21;42;58;2;3;1.85;3.1;4.2;0;0;2.25;0;0;0;0;1.62;0;0;0;0;0;0;0;0;1.2;1.33;1.8;2.4;2;5;0;0;0;0;0;0;0;0;0;0;0;0;0;0;0;0;0;0;0;0;0;0;0;0;0;0;0;0;0;0;0;0;0;0;0;0;0;0;0;0;0;0;0;0;0;0;0;0;0;0;2020-06-30 18:00:00;-1;0;60;14;24;0;1;1;2;2;2;1;4;3;0;1;2;2;1;4;1;60;72;94;104;1.36;1.56;2.92;0;0;0;0;0;0;1;1;0;0;0;1;0;0;-1;-1;-1;-1;-1;-1;-1;-1;-1;4;14;43;64;93;10;47;54;30;6.98;0;4.5;2.17;Mladost;Mladost Lješkopolje;0.94;1;0.93;1;1;1.3;97;87;57;37;7;52;45;28;1.44;1.16;2.6;2271;31;N;N;N;N;N;N;N
819138;6742;6745;2019/2020;complete;51009;31;-1;;90;0;1;1;4;5;9;-1;-1;2;2;1;0;2;8;4;15;6;23;-1;-1;50;50;3;2;1.71;3.15;4.05;1.05;1.39;2.25;4.1;7.5;6.75;2.55;1.5;1.15;1.02;2;1.62;0;0;0;0;1.44;1.36;1.5;3.2;2.05;3.25;2.7;2.3;3.2;0;0;1.5;1.98;2.55;3.6;0;2.43;1.83;1.46;1.25;0;0;0;0;1.91;8;2.2;4.2;4.33;1.48;3.3;9;19;2.47;1.29;1.03;1;1.25;2.38;5.5;11;3.5;1.53;1.12;1.02;0;0;0;0;1;0;0;0;1;1;0;2020-06-30 18:00:00;6745;0;54;17;35;0;1;1;1;1;3;4;2;7;1;0;2;2;1;4;1;62;73;125;124;0.98;2.53;3.52;0;0;0;0;0;0;1;1;0;0;0;0;1;0;-1;-1;-1;-1;-1;-1;-1;-1;-1;14;30;37;77;83;30;57;70;44;8.67;0;4.25;2.44;Grbalj;Kom;0.88;0.81;0.93;0.67;0.77;0.87;87;70;64;23;17;47;34;24;1.37;1.48;2.85;2271;31;Y;N;N;N;N;N;N
819139;1214;6741;2019/2020;complete;51009;31;-1;58;61;1;1;2;7;5;12;-1;-1;3;2;0;0;6;6;7;8;13;14;-1;-1;57;43;3;2;2.45;3.1;2.5;1.01;1.21;1.74;2.85;5.1;9.25;3.5;1.87;1.31;1.09;1.59;2.1;0;0;0;0;1.5;1.3;1.44;2.75;2.2;3.5;2.75;2.5;2.75;0;0;1.5;1.95;2.55;3.6;0;2.43;1.85;1.46;1.25;0;0;0;0;2.1;11;1.83;4.6;4.75;1.38;2.75;7;17;2.8;1.39;1.07;1.01;1.21;2.04;4.3;9.5;3.9;1.69;1.18;1.04;0;0;0;0;2;0;0;1;1;2;0;2020-06-30 18:00:00;-1;0;44;11;25;0;1;1;3;3;4;2;6;6;1;2;2;0;3;2;1;71;44;98;88;1.75;1.62;3.37;0;0;0;0;0;0;1;1;0;0;2;0;0;0;-1;-1;-1;-1;-1;-1;-1;-1;-1;14;20;44;73;94;27;67;77;37;10;0;4.21;2.44;Budućnost;Petrovac;2.56;1.31;2.67;1.33;2.4;1.2;87;80;57;27;7;64;47;43;1.76;1.31;3.07;2271;31;Y;Y;N;N;N;N;Y
