ID;HOMEID;AWAYID;SEASON;STATUS;ROUNDID;GAME_WEEK;REVISED_GAME_WEEK;HOMEGOALS;AWAYGOALS;HOMEGOALCOUNT;AWAYGOALCOUNT;TOTALGOALCOUNT;TEAM_A_CORNERS;TEAM_B_CORNERS;TOTALCORNERCOUNT;TEAM_A_OFFSIDES;TEAM_B_OFFSIDES;TEAM_A_YELLOW_CARDS;TEAM_B_YELLOW_CARDS;TEAM_A_RED_CARDS;TEAM_B_RED_CARDS;TEAM_A_SHOTSONTARGET;TEAM_B_SHOTSONTARGET;TEAM_A_SHOTSOFFTARGET;TEAM_B_SHOTSOFFTARGET;TEAM_A_SHOTS;TEAM_B_SHOTS;TEAM_A_FOULS;TEAM_B_FOULS;TEAM_A_POSSESSION;TEAM_B_POSSESSION;TEAM_A_CARDS_NUM;TEAM_B_CARDS_NUM;ODDS_FT_1;ODDS_FT_X;ODDS_FT_2;ODDS_FT_OVER05;ODDS_FT_OVER15;ODDS_FT_OVER25;ODDS_FT_OVER35;ODDS_FT_OVER45;ODDS_FT_UNDER05;ODDS_FT_UNDER15;ODDS_FT_UNDER25;ODDS_FT_UNDER35;ODDS_FT_UNDER45;ODDS_BTTS_YES;ODDS_BTTS_NO;ODDS_TEAM_A_CS_YES;ODDS_TEAM_A_CS_NO;ODDS_TEAM_B_CS_YES;ODDS_TEAM_B_CS_NO;ODDS_DOUBLECHANCE_1X;ODDS_DOUBLECHANCE_12;ODDS_DOUBLECHANCE_X2;ODDS_1ST_HALF_RESULT_1;ODDS_1ST_HALF_RESULT_X;ODDS_1ST_HALF_RESULT_2;ODDS_2ND_HALF_RESULT_1;ODDS_2ND_HALF_RESULT_X;ODDS_2ND_HALF_RESULT_2;ODDS_DNB_1;ODDS_DNB_2;ODDS_CORNERS_OVER_75;ODDS_CORNERS_OVER_85;ODDS_CORNERS_OVER_95;ODDS_CORNERS_OVER_105;ODDS_CORNERS_OVER_115;ODDS_CORNERS_UNDER_75;ODDS_CORNERS_UNDER_85;ODDS_CORNERS_UNDER_95;ODDS_CORNERS_UNDER_105;ODDS_CORNERS_UNDER_115;ODDS_CORNERS_1;ODDS_CORNERS_X;ODDS_CORNERS_2;ODDS_TEAM_TO_SCORE_FIRST_1;ODDS_TEAM_TO_SCORE_FIRST_X;ODDS_TEAM_TO_SCORE_FIRST_2;ODDS_WIN_TO_NIL_1;ODDS_WIN_TO_NIL_2;ODDS_1ST_HALF_OVER05;ODDS_1ST_HALF_OVER15;ODDS_1ST_HALF_OVER25;ODDS_1ST_HALF_OVER35;ODDS_1ST_HALF_UNDER05;ODDS_1ST_HALF_UNDER15;ODDS_1ST_HALF_UNDER25;ODDS_1ST_HALF_UNDER35;ODDS_2ND_HALF_OVER05;ODDS_2ND_HALF_OVER15;ODDS_2ND_HALF_OVER25;ODDS_2ND_HALF_OVER35;ODDS_2ND_HALF_UNDER05;ODDS_2ND_HALF_UNDER15;ODDS_2ND_HALF_UNDER25;ODDS_2ND_HALF_UNDER35;ODDS_BTTS_1ST_HALF_YES;ODDS_BTTS_1ST_HALF_NO;ODDS_BTTS_2ND_HALF_YES;ODDS_BTTS_2ND_HALF_NO;OVERALLGOALCOUNT;HT_GOALS_TEAM_A;HT_GOALS_TEAM_B;GOALS_2HG_TEAM_A;GOALS_2HG_TEAM_B;GOALCOUNT_2HG;HTGOALCOUNT;DATE_UNIX;WINNINGTEAM;NO_HOME_AWAY;BTTS_POTENTIAL;BTTS_FHG_POTENTIAL;BTTS_2HG_POTENTIAL;GOALTIMINGDISABLED;CORNER_TIMINGS_RECORDED;CARD_TIMINGS_RECORDED;TEAM_A_FH_CORNERS;TEAM_B_FH_CORNERS;TEAM_A_2H_CORNERS;TEAM_B_2H_CORNERS;CORNER_FH_COUNT;CORNER_2H_COUNT;TEAM_A_FH_CARDS;TEAM_B_FH_CARDS;TEAM_A_2H_CARDS;TEAM_B_2H_CARDS;TOTAL_FH_CARDS;TOTAL_2H_CARDS;ATTACKS_RECORDED;TEAM_A_DANGEROUS_ATTACKS;TEAM_B_DANGEROUS_ATTACKS;TEAM_A_ATTACKS;TEAM_B_ATTACKS;TEAM_A_XG;TEAM_B_XG;TOTAL_XG;TEAM_A_PENALTIES_WON;TEAM_B_PENALTIES_WON;TEAM_A_PENALTY_GOALS;TEAM_B_PENALTY_GOALS;TEAM_A_PENALTY_MISSED;TEAM_B_PENALTY_MISSED;PENS_RECORDED;GOAL_TIMINGS_RECORDED;TEAM_A_0_10_MIN_GOALS;TEAM_B_0_10_MIN_GOALS;TEAM_A_CORNERS_0_10_MIN;TEAM_B_CORNERS_0_10_MIN;TEAM_A_CARDS_0_10_MIN;TEAM_B_CARDS_0_10_MIN;THROWINS_RECORDED;TEAM_A_THROWINS;TEAM_B_THROWINS;FREEKICKS_RECORDED;TEAM_A_FREEKICKS;TEAM_B_FREEKICKS;GOALKICKS_RECORDED;TEAM_A_GOALKICKS;TEAM_B_GOALKICKS;O45_POTENTIAL;O35_POTENTIAL;O25_POTENTIAL;O15_POTENTIAL;O05_POTENTIAL;O15HT_POTENTIAL;O05HT_POTENTIAL;O05_2H_POTENTIAL;O15_2H_POTENTIAL;CORNERS_POTENTIAL;OFFSIDES_POTENTIAL;CARDS_POTENTIAL;AVG_POTENTIAL;HOME_NAME;AWAY_NAME;HOME_PPG;AWAY_PPG;PRE_MATCH_HOME_PPG;PRE_MATCH_AWAY_PPG;PRE_MATCH_TEAMA_OVERALL_PPG;PRE_MATCH_TEAMB_OVERALL_PPG;U45_POTENTIAL;U35_POTENTIAL;U25_POTENTIAL;U15_POTENTIAL;U05_POTENTIAL;CORNERS_O85_POTENTIAL;CORNERS_O95_POTENTIAL;CORNERS_O105_POTENTIAL;TEAM_A_XG_PREMATCH;TEAM_B_XG_PREMATCH;TOTAL_XG_PREMATCH;COMPETITION_ID;MATCHES_COMPLETED_MINIMUM;OVER05;OVER15;OVER25;OVER35;OVER45;OVER55;BTTS
735198;673890;673891;2019/2020;complete;53042;1;-1;59;;1;0;1;4;6;10;1;1;0;0;0;0;5;3;6;7;11;10;22;14;50;50;0;0;4;3.6;1.22;1.01;1.2;1.65;2.62;0;12;4.33;2.2;1.44;1.16;1.72;2;5.5;1.12;2.37;1.53;2.25;1.25;1.11;5;2.3;2.05;4.75;2.75;1.83;0;0;0;0;2.1;0;0;0;0;1.66;0;0;0;0;0;0;0;0;11;2.75;0;0;0;0;0;0;0;0;0;0;0;0;0;0;0;0;0;0;0;0;1;0;0;1;0;1;0;2019-09-16 15:25:00;673890;0;0;0;0;0;1;-1;3;2;1;4;5;5;0;0;0;0;0;0;1;0;0;0;0;1.5;1.37;2.87;-1;-1;-1;-1;-1;-1;-1;1;0;0;1;1;-1;-1;-1;-1;-1;-1;-1;-1;-1;-1;-1;0;0;0;0;0;0;0;0;0;0;0;0;0;Al Sahel;Al Nasar;0.78;1.22;0;0;0;0;0;0;0;0;0;0;0;0;0;0;0;2943;18;Y;N;N;N;N;N;N
735199;673887;18579;2019/2020;complete;53042;1;-1;35,61,85;49,79,90;3;3;6;5;4;9;-1;-1;-1;-1;-1;-1;6;5;6;7;12;12;-1;-1;38;62;-1;-1;1.57;3.2;2.25;1.01;1.2;1.7;2.5;0;13;4.33;2.1;1.5;1.2;1.53;2.37;3.5;1.28;4.5;1.16;1.33;1.33;1.61;2.75;2.25;3.4;2.4;2.62;3.1;0;0;0;1.66;0;0;0;0;2.1;0;0;0;0;0;0;0;0;0;4.33;6.5;0;0;0;0;0;0;0;0;0;0;0;0;0;0;0;0;0;0;0;0;6;1;0;2;3;5;1;2019-09-14 16:35:00;-1;0;0;0;0;0;1;-1;3;0;2;4;3;6;-1;-1;-1;-1;-1;-1;1;0;0;0;0;1.53;1.51;3.04;-1;-1;-1;-1;-1;-1;-1;1;0;0;1;0;-1;-1;-1;-1;-1;-1;-1;-1;-1;-1;-1;0;0;0;0;0;0;0;0;0;0;0;0;0;Al Salmiyah;Al Arabi;1.78;1.44;0;0;0;0;0;0;0;0;0;0;0;0;0;0;0;2943;18;Y;Y;Y;Y;Y;Y;Y
735200;18569;673889;2019/2020;complete;53042;1;-1;17,67,90;;3;0;3;6;4;10;6;1;0;0;0;0;7;4;6;13;13;17;11;13;53;47;0;0;1.25;5.5;7.5;0;0;1.57;0;0;0;4.33;2.35;1.5;1.22;2;1.73;1.83;1.83;8;1.06;1.06;1.11;3.5;1.67;2.62;7;1.5;3.2;8;0;0;0;0;0;0;0;0;0;0;0;0;0;0;0;0;0;0;0;0;0;0;0;0;0;0;0;0;0;0;0;0;0;0;0;0;0;0;0;0;3;1;0;2;0;2;1;2019-09-15 17:35:00;18569;0;0;0;0;0;1;-1;4;0;2;4;4;6;0;0;0;0;0;0;1;0;0;0;0;1.93;2.02;3.95;-1;-1;-1;-1;-1;-1;-1;1;0;0;1;0;-1;-1;-1;-1;-1;-1;-1;-1;-1;-1;-1;0;0;0;0;0;0;0;0;0;0;0;0;0;Al Qadsia;Al Tadhamon;2;0.56;0;0;0;0;0;0;0;0;0;0;0;0;0;0;0;2943;18;Y;Y;Y;N;N;N;N
735201;11510;673892;2019/2020;complete;53042;1;-1;28,37,50;9;3;1;4;7;3;10;1;1;0;0;0;0;5;4;9;9;14;13;12;14;52;48;0;0;1.28;4.2;3.5;1.01;1.16;1.53;2.25;0;15;4.5;2.4;1.57;1.22;1.61;2.2;2.75;1.4;6;1.11;1.16;1.2;2.25;2.1;2.5;4.33;1.9;2.87;4.33;0;0;0;0;2.1;0;0;0;0;1.66;0;0;0;0;0;0;0;0;3.1;9.5;0;0;0;0;0;0;0;0;0;0;0;0;0;0;0;0;0;0;0;0;4;2;1;1;0;1;3;2019-09-16 17:35:00;11510;0;0;0;0;0;1;-1;5;2;2;1;7;3;0;0;0;0;0;0;1;0;0;0;0;1.7;1.47;3.17;-1;-1;-1;-1;-1;-1;-1;1;0;1;0;1;-1;-1;-1;-1;-1;-1;-1;-1;-1;-1;-1;0;0;0;0;0;0;0;0;0;0;0;0;0;Al Kuwait;Kazma;2.22;1.44;0;0;0;0;0;0;0;0;0;0;0;0;0;0;0;2943;18;Y;Y;Y;Y;N;N;Y
735202;673888;18570;2019/2020;complete;53042;1;-1;57;36,90;1;2;3;4;5;9;0;4;0;0;0;0;5;6;5;8;10;14;18;15;54;46;0;0;1.72;3.6;2;1.01;1.2;1.65;2.5;0;15;4.33;2.2;1.5;1.2;1.57;2.25;3.75;1.25;4;1.22;1.4;1.25;1.57;2.87;2.3;3.1;2.6;2.75;2.87;0;0;0;0;2.1;0;0;0;0;1.66;0;0;0;0;0;0;0;0;4.75;5.5;0;0;0;0;0;0;0;0;0;0;0;0;0;0;0;0;0;0;0;0;3;0;1;1;1;2;1;2019-09-15 15:25:00;18570;0;0;0;0;0;1;-1;2;2;2;3;4;5;0;0;0;0;0;0;1;0;0;0;0;1.45;1.8;3.25;-1;-1;-1;-1;-1;-1;-1;1;0;0;0;1;-1;-1;-1;-1;-1;-1;-1;-1;-1;-1;-1;0;0;0;0;0;0;0;0;0;0;0;0;0;Yarmouk;Al Shabab;0.33;1.11;0;0;0;0;0;0;0;0;0;0;0;0;0;0;0;2943;18;Y;Y;Y;N;N;N;Y
735203;18569;18579;2019/2020;complete;53042;2;-1;34,67;;2;0;2;4;6;10;1;0;0;0;0;0;9;4;8;10;17;14;10;14;47;53;0;0;2.38;3.25;2.88;0;0;2.05;0;0;8.5;3;1.75;1.25;1.08;1.91;1.8;2.38;1.53;3.75;1.25;1.25;1.33;1.8;2.62;2.05;4;2.3;2.4;3.75;0;0;0;0;0;0;0;0;0;0;0;0;0;0;0;0;0;0;0;0;0;0;0;0;0;0;0;0;0;0;0;0;0;0;0;0;0;0;0;0;2;1;0;1;0;1;1;2019-09-21 16:35:00;18569;0;50;0;50;0;1;-1;4;1;0;5;5;5;0;0;0;0;0;0;1;0;0;0;0;2.27;1.84;4.1;-1;-1;-1;-1;-1;-1;-1;1;0;0;1;0;-1;-1;-1;-1;-1;-1;-1;-1;-1;-1;-1;50;50;100;100;100;0;100;100;100;10;5;0;4.5;Al Qadsia;Al Arabi;2;1.44;3;1;3;1;50;50;0;0;0;100;50;0;1.93;1.51;3.44;2943;18;Y;Y;N;N;N;N;N
735204;673889;673890;2019/2020;complete;53042;2;-1;22,51;;2;0;2;6;8;14;2;0;0;0;0;0;6;3;7;1;13;4;10;14;53;47;0;0;1.33;4;3.25;1.01;1.22;1.7;2.62;0;15;4;2.1;1.44;1.16;1.72;2;2.62;1.44;5;1.14;1.2;1.2;2.1;2.25;2.3;4.33;2;2.75;4;0;0;0;1.83;0;0;0;0;1.83;0;0;0;0;0;0;0;0;0;3.1;7.5;0;0;0;0;0;0;0;0;0;0;0;0;0;0;0;0;0;0;0;0;2;1;0;1;0;1;1;2019-09-22 15:15:00;673889;0;0;0;0;0;1;-1;2;1;4;7;3;11;0;0;0;0;0;0;1;0;0;0;0;1.69;0.97;2.67;-1;-1;-1;-1;-1;-1;-1;1;0;0;0;0;-1;-1;-1;-1;-1;-1;-1;-1;-1;-1;-1;0;0;0;0;0;0;0;0;0;0;0;0;0;Al Tadhamon;Al Sahel;0.89;1.22;0;0;0;3;0;0;0;0;0;0;0;0;0;0;0;2943;18;Y;Y;N;N;N;N;N
735205;673892;673888;2019/2020;complete;53042;2;-1;7,53;;2;0;2;4;2;6;4;2;0;0;0;0;4;4;10;6;14;10;13;10;49;51;0;0;1.33;4;3.25;1.01;1.2;1.61;2.5;4.33;15;4.33;2.25;1.5;1.2;1.66;2.1;2.75;1.4;5.5;1.12;1.2;1.2;2.1;2.2;2.37;4.33;1.95;2.75;4;0;0;0;0;2.1;0;0;0;0;1.66;0;0;1.56;8.07;3.51;1.44;15;2.75;3.1;8;0;0;0;0;0;0;0;0;1.17;1.8;3.5;9;5;1.91;1.29;1.07;0;0;0;0;2;1;0;1;0;1;1;2019-09-22 17:35:00;673892;0;0;0;0;0;1;-1;2;1;2;1;3;3;0;0;0;0;0;0;1;100;73;127;122;1.89;1.45;3.33;-1;-1;-1;-1;-1;-1;-1;1;1;0;0;0;-1;-1;-1;-1;-1;-1;-1;-1;-1;-1;-1;0;0;0;0;0;0;0;0;0;0;0;0;0;Kazma;Yarmouk;1.67;0.56;0;0;0;0;0;0;0;0;0;0;0;0;0;0;0;2943;18;Y;Y;N;N;N;N;N
735206;18570;673887;2019/2020;complete;53042;2;-1;39,49,83;8,11,47,68,90;3;5;8;7;5;12;-1;-1;0;0;0;0;6;7;6;6;12;13;12;11;46;54;0;0;3.75;4;1.25;0;1.16;1.57;2.37;0;0;4.5;2.35;1.53;1.22;1.66;2.1;6.5;1.1;2.62;1.44;2.25;1.2;1.14;4.75;2.4;2.05;4.5;2.87;1.83;0;0;0;1.66;0;0;0;0;2.1;0;0;0;0;0;0;0;0;0;10;2.87;0;0;0;0;0;0;0;0;0;0;0;0;0;0;0;0;0;0;0;0;8;1;2;2;3;5;3;2019-09-28 15:15:00;673887;0;0;0;0;0;1;-1;2;2;5;3;4;8;0;0;0;0;0;0;1;0;0;0;0;1.59;1.79;3.38;-1;-1;-1;-1;-1;-1;-1;1;0;1;1;0;-1;-1;-1;-1;-1;-1;-1;-1;-1;-1;-1;0;0;0;0;0;0;0;0;0;0;0;0;0;Al Shabab;Al Salmiyah;0.78;2.11;0;0;3;1;0;0;0;0;0;0;0;0;0;0;0;2943;18;Y;Y;Y;Y;Y;Y;Y
735207;673891;11510;2019/2020;complete;53042;2;-1;;23,37;0;2;2;9;4;13;-1;-1;-1;-1;-1;-1;6;4;7;8;13;12;-1;-1;45;55;-1;-1;7.5;4.5;1.07;0;0;1.57;0;0;15;4.5;2.35;1.53;1.22;1.83;1.83;8;1.06;2;1.73;3.4;1.14;1.04;7;2.6;1.73;8;3.1;1.5;0;0;0;1.68;2.25;0;0;0;2.15;1.62;0;0;0;0;0;0;0;0;17;2.2;0;0;0;0;0;0;0;0;0;0;0;0;0;0;0;0;0;0;0;0;2;0;2;0;0;0;2;2019-09-29 16:25:00;11510;0;0;0;0;0;1;-1;3;0;6;4;3;10;-1;-1;-1;-1;-1;-1;1;0;0;0;0;1.84;1.68;3.52;-1;-1;-1;-1;-1;-1;-1;1;0;0;1;0;-1;-1;-1;-1;-1;-1;-1;-1;-1;-1;-1;0;0;0;0;0;0;0;0;0;0;0;0;0;Al Nasar;Al Kuwait;1.11;2.56;0;0;0;3;0;0;0;0;0;0;0;0;0;0;0;2943;18;Y;Y;N;N;N;N;N
735208;673890;18569;2019/2020;complete;53042;3;-1;85;30;1;1;2;6;3;9;-1;-1;-1;-1;-1;-1;7;5;4;6;11;11;-1;-1;38;62;-1;-1;11.25;6.05;1.17;1;1.12;1.44;2.15;3.6;12.75;5.15;2.5;1.61;1.24;2.05;1.67;0;0;0;0;0;0;0;0;0;0;0;0;0;0;0;0;0;0;0;0;0;0;0;0;0;0;0;0;0;0;0;0;0;0;0;0;0;0;0;0;0;0;0;0;0;0;0;0;0;0;0;0;0;2;0;1;1;0;1;1;2019-10-19 17:00:00;-1;0;0;0;0;0;1;-1;3;1;3;2;4;5;-1;-1;-1;-1;-1;-1;1;0;0;0;0;1.34;1.23;2.57;-1;-1;-1;-1;-1;-1;-1;1;0;0;0;0;-1;-1;-1;-1;-1;-1;-1;-1;-1;-1;-1;0;0;0;0;50;0;0;50;0;4;1;0;0.5;Al Sahel;Al Qadsia;0.78;2;3;0;1.5;3;50;50;50;50;0;50;50;0;1.5;0;1.5;2943;18;Y;Y;N;N;N;N;Y
735209;11510;673889;2019/2020;complete;53042;3;-1;10,21,34,73,82,90;26,54;6;2;8;4;2;6;-1;-1;-1;-1;-1;-1;-1;-1;-1;-1;-1;-1;-1;-1;-1;-1;-1;-1;1.16;6.5;11;1;1.07;1.29;1.77;2.7;15.5;6.65;3.2;1.91;1.39;1.74;1.95;2.25;1.57;10.5;1.02;1.03;1.05;5;1.53;3.2;7;1.36;4;8;0;0;0;0;1.83;0;0;0;0;1.83;0;0;0;0;0;0;0;0;2.3;23;0;0;0;0;0;0;0;0;1.11;1.53;2.62;5.5;6.5;2.38;1.44;1.14;0;0;0;0;8;3;1;3;1;4;4;2019-10-19 14:45:00;11510;0;50;50;0;0;1;-1;0;2;4;0;2;4;-1;-1;-1;-1;-1;-1;-1;0;0;0;0;0;0;0;-1;-1;-1;-1;-1;-1;-1;1;1;0;0;0;-1;-1;-1;-1;-1;-1;-1;-1;-1;-1;-1;0;50;100;100;100;50;100;100;50;11;2;0;3.5;Al Kuwait;Al Tadhamon;2.22;0.56;3;0;3;1.5;100;50;0;0;0;100;100;0;1.7;2.02;3.72;2943;18;Y;Y;Y;Y;Y;Y;Y
735210;18570;18579;2019/2020;complete;53042;3;-1;74;90;1;1;2;0;11;11;0;2;0;0;0;0;5;4;5;10;10;14;14;21;47;53;0;0;4.5;3.9;1.56;0;0;1.6;0;0;15;4.33;2.3;1.5;1.2;1.62;2.2;4;1.22;2.75;1.4;1.72;1.22;1.33;3.75;2.2;2.6;3.5;2.5;2.3;0;0;0;0;1.9;0;0;0;0;1.8;0;0;0;0;0;0;0;0;5.5;3.4;0;0;0;0;0;0;0;0;0;0;0;0;0;0;0;0;0;0;0;0;2;0;0;1;1;2;0;2019-10-18 17:00:00;-1;0;75;50;75;0;1;-1;0;6;0;5;6;5;0;0;0;0;0;0;1;0;0;0;0;1.42;1.85;3.27;-1;-1;-1;-1;-1;-1;-1;1;0;0;0;1;-1;-1;-1;-1;-1;-1;-1;-1;-1;-1;-1;75;75;75;100;100;50;100;100;75;12;0;0;6;Al Shabab;Al Arabi;0.78;1.44;0;0.5;1.5;0.5;25;25;25;0;0;100;75;50;1.59;1.67;3.26;2943;18;Y;Y;N;N;N;N;Y
735211;673888;673891;2019/2020;complete;53042;3;-1;56,72;32,45;2;2;4;5;0;5;-1;-1;-1;-1;-1;-1;3;3;1;2;4;5;-1;-1;55;45;-1;-1;3.75;3.6;1.77;0;0;1.73;0;0;13;4;2.08;1.4;1.14;1.73;2;4.5;1.17;2.62;1.44;1.91;1.25;1.22;4;2.25;2.38;3.75;2.62;2.1;0;0;0;0;2.1;0;0;0;0;1.66;0;0;0;0;0;0;0;0;7.5;3.25;0;0;0;0;0;0;0;0;0;0;0;0;0;0;0;0;0;0;0;0;4;0;2;2;0;2;2;2019-10-18 14:45:00;-1;0;50;0;50;0;1;-1;3;0;2;0;3;2;-1;-1;-1;-1;-1;-1;1;0;0;0;0;0.58;0.63;1.2;-1;-1;-1;-1;-1;-1;-1;1;0;0;0;0;-1;-1;-1;-1;-1;-1;-1;-1;-1;-1;-1;0;0;50;50;100;0;50;100;50;10;1;0;2;Yarmouk;Al Nasar;0.33;1.22;0;0;0;0;100;100;50;50;0;100;50;0;1.45;1.37;2.82;2943;18;Y;Y;Y;Y;N;N;Y
735212;673887;673892;2019/2020;complete;53042;3;-1;85;56,90;1;2;3;7;5;12;-1;-1;-1;-1;-1;-1;-1;-1;-1;-1;-1;-1;-1;-1;-1;-1;-1;-1;2.1;3.5;2.85;1.01;1.16;1.56;2.4;4.2;11.5;4.45;2.25;1.49;1.18;1.5;2.4;3.5;1.29;4.5;1.17;1.33;1.25;1.67;2.6;2.38;3.4;2.38;2.75;3.1;0;0;0;1.72;0;0;0;0;2;0;0;0;1.88;7.62;2.59;0;0;0;4.33;6.5;0;0;0;0;0;0;0;0;1.17;1.73;3.4;8;5;2;1.3;1.08;0;0;0;0;3;0;0;1;2;3;0;2019-10-20 16:00:00;673892;0;100;50;50;0;1;-1;1;4;6;1;5;7;-1;-1;-1;-1;-1;-1;-1;0;0;0;0;0;0;0;-1;-1;-1;-1;-1;-1;-1;1;0;0;0;0;-1;-1;-1;-1;-1;-1;-1;-1;-1;-1;-1;50;100;100;100;100;50;100;100;50;8;0;0;5;Al Salmiyah;Kazma;1.78;1.44;1;0;2;1.5;50;0;0;0;0;100;50;0;1.53;1.47;3;2943;18;Y;Y;Y;N;N;N;Y
735213;673889;673888;2019/2020;complete;53042;4;-1;29,79;87;2;1;3;3;5;8;0;1;0;0;0;0;3;3;4;8;7;11;12;17;61;39;0;0;2.6;3.3;2.35;1.01;1.18;1.62;2.55;4.55;10.75;4.2;2.1;1.43;1.15;1.53;2.3;4;1.22;3.75;1.25;1.57;1.29;1.44;3.1;2.3;2.88;2.88;2.62;2.6;0;0;0;0;2.1;0;0;0;0;1.66;0;0;0;0;0;0;0;0;5.5;4.75;0;0;0;0;0;0;0;0;1.18;1.83;3.75;9;4.5;1.83;1.25;1.07;0;0;0;0;3;1;0;1;1;2;1;2019-10-24 14:40:00;673889;0;0;0;0;0;1;-1;2;3;1;2;5;3;0;0;0;0;0;0;1;52;65;87;81;1.03;1.37;2.41;-1;-1;-1;-1;-1;-1;-1;1;0;0;0;0;-1;-1;-1;-1;-1;-1;-1;-1;-1;-1;-1;0;0;0;100;100;0;100;100;0;8;4;0;2;Al Tadhamon;Yarmouk;0.89;0.56;3;0;1;0.33;100;100;100;0;0;50;50;50;1.69;1.45;3.14;2943;18;Y;Y;Y;N;N;N;Y
735214;18579;673890;2019/2020;complete;53042;4;-1;52;63,90;1;2;3;7;1;8;-1;-1;-1;-1;-1;-1;5;4;6;3;11;7;-1;-1;59;41;-1;-1;1.49;3.9;5.45;1.01;1.22;1.74;2.85;5.15;9.75;3.75;1.95;1.36;1.12;1.8;1.91;2.2;1.62;6;1.11;1.1;1.25;2.5;2.05;2.3;5.5;1.8;2.75;5;0;0;0;1.66;0;0;0;0;2.1;0;0;0;0;0;0;0;0;0;2.5;11;0;0;0;0;0;0;0;0;0;0;0;0;0;0;0;0;0;0;0;0;3;0;0;1;2;3;0;2019-10-24 16:55:00;673890;0;0;0;0;0;1;-1;3;0;4;1;3;5;-1;-1;-1;-1;-1;-1;1;0;0;0;0;1.52;1.13;2.65;-1;-1;-1;-1;-1;-1;-1;1;0;0;0;0;-1;-1;-1;-1;-1;-1;-1;-1;-1;-1;-1;0;0;0;50;50;0;50;50;0;8;0;0;1;Al Arabi;Al Sahel;2;1.22;0;0;0.67;1.33;50;50;50;0;0;50;50;50;0;0.97;0.97;2943;18;Y;Y;Y;N;N;N;Y
735215;673892;18570;2019/2020;complete;53042;4;-1;;39,85;0;2;2;10;0;10;1;1;0;0;0;0;4;4;9;2;13;6;17;16;47;53;0;0;1.56;4;4.6;0;1.16;1.53;2.25;0;0;4.5;2.4;1.57;1.22;1.61;2.2;2.75;1.4;6.5;1.1;1.14;1.2;2.25;2.1;2.5;4.5;1.9;2.88;4.33;0;0;0;0;2.1;0;0;0;0;1.66;0;0;0;0;0;0;0;0;3.1;10;0;0;0;0;0;0;0;0;0;0;0;0;0;0;0;0;0;0;0;0;2;0;1;0;1;1;1;2019-10-26 14:40:00;18570;0;50;0;50;0;1;-1;4;0;6;0;4;6;0;0;0;0;0;0;1;0;0;0;0;1.71;0.91;2.62;-1;-1;-1;-1;-1;-1;-1;1;0;0;0;0;-1;-1;-1;-1;-1;-1;-1;-1;-1;-1;-1;0;0;50;100;100;0;100;100;50;9;8;0;2.5;Kazma;Al Shabab;1.67;1.11;3;3;2;1.33;100;100;50;0;0;50;0;0;1.89;1.8;3.69;2943;18;Y;Y;N;N;N;N;N
735216;673891;673887;2019/2020;complete;53042;4;-1;44;41,47,60;1;3;4;1;8;9;-1;-1;-1;-1;-1;-1;2;8;7;7;9;15;-1;-1;41;59;-1;-1;3;3.3;2.1;0;0;1.8;0;0;11;3.75;2;1.36;1.12;1.67;2.1;4.33;1.2;3;1.36;1.67;1.3;1.3;3.6;2.2;2.62;3.25;2.5;2.38;0;0;0;1.66;0;0;0;0;2.1;0;0;0;0;0;0;0;0;0;6;3.75;0;0;0;0;0;0;0;0;1.22;2;4;11;4;1.73;1.22;1.05;0;0;0;0;4;1;1;0;2;2;2;2019-10-26 16:55:00;673887;0;50;50;50;0;1;-1;0;4;1;4;4;5;-1;-1;-1;-1;-1;-1;1;51;68;88;83;1.08;1.99;3.07;-1;-1;-1;-1;-1;-1;-1;1;0;0;0;0;-1;-1;-1;-1;-1;-1;-1;-1;-1;-1;-1;50;50;50;100;100;100;100;50;50;14;0;0;5;Al Nasar;Al Salmiyah;1.11;2.11;0;3;0.33;1.33;50;50;50;0;0;100;100;100;1.84;1.79;3.63;2943;18;Y;Y;Y;Y;N;N;Y
735217;18569;11510;2019/2020;complete;53042;4;-1;5;51;1;1;2;4;6;10;3;1;0;0;0;0;4;5;6;3;10;8;15;16;51;49;0;0;3.15;3.2;2.05;1.04;1.31;2;3.55;6.65;8;3.05;1.71;1.24;1.07;1.83;1.87;3.5;1.29;2.62;1.44;1.73;1.25;1.36;3.75;2.1;2.75;3.4;2.4;2.4;0;0;0;0;0;0;0;0;0;0;0;0;0;0;0;0;0;0;0;0;0;0;0;0;0;0;0;0;0;0;0;0;0;0;0;0;0;0;0;0;2;1;0;0;1;1;1;2019-10-25 15:55:00;-1;0;0;0;0;0;1;-1;4;2;0;4;6;4;0;0;0;0;0;0;1;0;0;0;0;1.32;1.25;2.57;-1;-1;-1;-1;-1;-1;-1;1;1;0;1;0;-1;-1;-1;-1;-1;-1;-1;-1;-1;-1;-1;0;0;25;100;100;50;100;50;25;9;2.5;0;2.25;Al Qadsia;Al Kuwait;2;2.56;3;3;2.33;3;100;100;75;0;0;100;100;50;2.1;1.68;3.78;2943;18;Y;Y;N;N;N;N;Y
735218;673892;18579;2019/2020;complete;53042;5;-1;19,49,90,90;69;4;1;5;2;4;6;1;0;0;0;0;0;9;3;7;5;16;8;13;15;47;53;0;0;2.05;3.35;3.05;1.01;1.16;1.56;2.4;4.2;11.5;4.45;2.25;1.49;1.18;1.5;2.35;3.25;1.33;4.5;1.16;1.33;1.25;1.73;2.5;2.3;3.6;2.3;2.62;3.4;0;0;0;0;2.1;0;0;0;0;1.66;0;0;0;0;0;0;0;0;3.75;6.5;0;0;0;0;0;0;0;0;0;0;0;0;0;0;0;0;0;0;0;0;5;1;0;3;1;4;1;2019-11-02 15:50:00;673892;0;34;0;34;0;1;-1;1;3;1;1;4;2;0;0;0;0;0;0;1;0;0;0;0;2.15;1.22;3.37;-1;-1;-1;-1;-1;-1;-1;1;0;0;0;0;-1;-1;-1;-1;-1;-1;-1;-1;-1;-1;-1;17;17;17;100;100;0;84;100;34;14;2.83;0;2.67;Kazma;Al Arabi;1.67;1.44;1.5;0.67;1.5;0.5;84;84;84;0;0;75;59;17;1.8;1.73;3.53;2943;18;Y;Y;Y;Y;Y;N;Y
735219;11510;673890;2019/2020;complete;53042;5;-1;13,27,49,58,90;;5;0;5;10;0;10;2;1;0;0;0;0;10;2;6;2;16;4;19;12;59;41;0;0;1.25;5.35;8.25;1;1.11;1.41;2.05;3.35;13.5;5.4;2.65;1.67;1.27;1.69;2;2.25;1.57;9;1.04;1.07;1.12;3.5;1.67;2.75;6.5;1.5;3.4;7;0;0;0;0;2.1;0;0;0;0;1.66;0;0;0;0;0;0;0;0;2.4;19;0;0;0;0;0;0;0;0;0;0;0;0;0;0;0;0;0;0;0;0;5;2;0;3;0;3;2;2019-11-01 16:50:00;11510;0;75;50;50;0;1;-1;7;0;3;0;7;3;0;0;0;0;0;0;1;0;0;0;0;2.52;0.73;3.25;-1;-1;-1;-1;-1;-1;-1;1;0;0;2;0;-1;-1;-1;-1;-1;-1;-1;-1;-1;-1;-1;25;50;75;100;100;50;75;100;50;10;0;0;4.25;Al Kuwait;Al Sahel;2.22;1.22;3;1.5;2.5;1.75;75;50;25;0;0;50;50;25;1.7;1.05;2.75;2943;18;Y;Y;Y;Y;Y;N;N
735220;673888;18569;2019/2020;complete;53042;5;-1;;45,81;0;2;2;2;4;6;-1;-1;-1;-1;-1;-1;2;10;3;6;5;16;-1;-1;50;50;-1;-1;5.55;4.1;1.47;1.01;1.15;1.53;2.35;4.05;11.75;4.6;2.3;1.51;1.19;1.65;2.05;7;1.08;2.62;1.44;2.38;1.17;1.14;5;2.5;1.95;4.75;3;1.73;0;0;0;0;1.83;0;0;0;0;1.83;0;0;0;0;0;0;0;0;11;2.87;0;0;0;0;0;0;0;0;0;0;0;0;0;0;0;0;0;0;0;0;2;0;1;0;1;1;1;2019-10-31 14:35:00;18569;0;100;0;25;0;1;-1;1;4;1;0;5;1;-1;-1;-1;-1;-1;-1;1;0;0;0;0;0.67;2.16;2.83;-1;-1;-1;-1;-1;-1;-1;1;0;0;0;1;-1;-1;-1;-1;-1;-1;-1;-1;-1;-1;-1;0;25;50;100;100;25;100;100;50;7.5;0;0;2.75;Yarmouk;Al Qadsia;0.33;2;0.5;1;0.25;2;100;75;50;0;0;75;0;0;1.01;1.23;2.24;2943;18;Y;Y;N;N;N;N;N
735221;18570;673891;2019/2020;complete;53042;5;-1;81;13,20,30,65;1;4;5;5;1;6;-1;-1;0;0;0;0;4;7;9;5;13;12;19;23;54;46;0;0;2.5;3.25;2.5;1.04;1.31;2;3.5;6.55;8.25;3.1;1.71;1.25;1.07;1.77;1.91;3.25;1.33;3.25;1.33;1.5;1.33;1.5;3.2;2.1;3.2;2.88;2.4;2.88;0;0;0;0;0;0;0;0;0;0;0;0;0;0;0;0;0;0;4.33;4;0;0;0;0;0;0;0;0;0;0;0;0;0;0;0;0;0;0;0;0;5;0;3;1;1;2;3;2019-11-01 14:35:00;673891;0;75;25;50;0;1;-1;2;0;3;1;2;4;0;0;0;0;0;0;1;0;0;0;0;1.62;1.48;3.1;-1;-1;-1;-1;-1;-1;-1;1;0;0;0;0;-1;-1;-1;-1;-1;-1;-1;-1;-1;-1;-1;25;50;50;75;100;50;50;100;75;6.5;0;0;3.75;Al Shabab;Al Nasar;0.78;1.22;0.5;0.5;1.75;0.25;75;50;50;25;0;75;75;50;1.51;1;2.51;2943;18;Y;Y;Y;Y;Y;N;Y
735222;673887;673889;2019/2020;complete;53042;5;-1;53,82,84;64;3;1;4;5;4;9;1;0;0;0;0;0;7;5;7;7;14;12;15;12;50;50;0;0;1.56;4.05;4.55;1;1.1;1.38;2;3.2;14;5.7;2.75;1.71;1.29;1.44;2.55;2.75;1.4;7;1.08;1.14;1.17;2.38;2.05;2.5;4.5;1.8;3;4.5;0;0;0;0;2.1;0;0;0;0;1.66;0;0;0;0;0;0;0;0;3.1;11;0;0;0;0;0;0;0;0;0;0;0;0;0;0;0;0;0;0;0;0;4;0;0;3;1;4;0;2019-10-31 16:50:00;673887;0;75;25;75;0;1;-1;3;2;2;2;5;4;0;0;0;0;0;0;1;0;0;0;0;1.77;1.4;3.17;-1;-1;-1;-1;-1;-1;-1;1;0;0;1;1;-1;-1;-1;-1;-1;-1;-1;-1;-1;-1;-1;50;50;100;100;100;25;75;100;100;9;0;0;5;Al Salmiyah;Al Tadhamon;1.78;0.56;0.5;0;1.75;1.5;50;50;0;0;0;75;50;25;1.53;2.02;3.55;2943;18;Y;Y;Y;Y;N;N;Y
735223;18579;11510;2019/2020;complete;53042;6;-1;;6,17;0;2;2;4;2;6;-1;-1;-1;-1;-1;-1;5;6;6;5;11;11;-1;-1;50;50;-1;-1;5.75;4.55;1.38;1;1.11;1.42;2.05;3.4;13.25;5.35;2.65;1.67;1.26;1.57;2.2;8;1.06;2.62;1.44;2.62;1.14;1.12;5;2.62;1.9;5.5;3.1;1.66;0;0;0;0;1.9;0;0;0;0;1.8;0;0;0;0;0;0;0;0;13;2.87;0;0;0;0;0;0;0;0;0;0;0;0;0;0;0;0;0;0;0;0;3;0;2;0;1;1;2;2019-11-08 15:45:00;11510;0;75;0;50;0;1;-1;0;0;4;2;0;6;-1;-1;-1;-1;-1;-1;1;0;0;0;0;1.4;1.46;2.86;-1;-1;-1;-1;-1;-1;-1;1;0;1;0;0;-1;-1;-1;-1;-1;-1;-1;-1;-1;-1;-1;0;0;50;100;100;25;50;75;50;12;0;0;2.5;Al Arabi;Al Kuwait;2;2.56;0;2;0.4;2.6;100;100;50;0;0;50;50;25;1.52;1.47;2.99;2943;18;Y;Y;Y;N;N;N;N
735224;673890;673888;2019/2020;complete;53042;6;-1;9;52;1;1;2;6;4;10;1;1;0;0;0;0;3;8;8;5;11;13;13;15;45;55;0;0;2.4;3.3;2.55;1.02;1.22;1.74;2.85;5.25;9.75;3.7;1.95;1.35;1.12;1.62;2.15;3.75;1.25;3.75;1.25;1.5;1.29;1.5;3.1;2.2;3.1;2.75;2.6;2.75;0;0;0;1.83;0;0;0;0;1.83;0;0;0;0;0;0;0;0;0;4.75;4.75;0;0;0;0;0;0;0;0;0;0;0;0;0;0;0;0;0;0;0;0;2;1;0;0;1;1;1;2019-11-06 14:30:00;-1;0;50;0;25;0;1;-1;1;2;5;2;3;7;0;0;0;0;0;0;1;0;0;0;0;1.43;2.07;3.5;-1;-1;-1;-1;-1;-1;-1;1;1;0;0;1;-1;-1;-1;-1;-1;-1;-1;-1;-1;-1;-1;0;0;25;75;100;0;75;100;25;8.5;1.5;0;2;Al Sahel;Yarmouk;0.78;0.56;2;0;1.4;0.2;100;100;75;25;0;50;25;0;1.42;1.41;2.83;2943;18;Y;Y;N;N;N;N;Y
735225;18569;673887;2019/2020;complete;53042;6;-1;2;69;1;1;2;6;3;9;-1;-1;-1;-1;-1;-1;4;3;16;6;20;9;-1;-1;50;50;-1;-1;1.77;3.7;3.65;1.01;1.19;1.67;2.65;4.75;10.5;4;2.05;1.41;1.14;1.65;2.1;0;0;0;0;1.25;1.2;1.91;2.38;2.3;4;2.1;2.62;3.75;0;0;0;0;0;0;0;0;0;0;0;0;0;0;0;0;0;0;0;0;0;0;0;0;0;0;0;0;0;0;0;0;0;0;0;0;0;0;0;0;2;1;0;0;1;1;1;2019-11-07 16:45:00;-1;0;67;50;25;0;1;-1;3;2;3;1;5;4;-1;-1;-1;-1;-1;-1;1;0;0;0;0;2.04;1.21;3.24;-1;-1;-1;-1;-1;-1;-1;1;1;0;0;1;-1;-1;-1;-1;-1;-1;-1;-1;-1;-1;-1;25;50;67;100;100;50;100;100;67;11.17;2.33;0;4.17;Al Qadsia;Al Salmiyah;2;2.11;2.33;3;2.2;2;75;50;34;0;0;100;75;25;1.84;1.89;3.73;2943;18;Y;Y;N;N;N;N;Y
735226;673889;18570;2019/2020;complete;53042;6;-1;;51;0;1;1;5;3;8;0;1;0;0;0;0;5;4;11;3;16;7;20;10;50;50;0;0;2.3;3.35;2.65;1.01;1.2;1.69;2.75;4.9;10.25;3.9;2;1.38;1.13;1.59;2.2;3.75;1.25;4;1.22;1.5;1.3;1.5;2.88;2.38;2.88;2.62;2.75;2.62;0;0;0;0;2;0;0;0;0;1.72;0;0;0;0;0;0;0;0;4.75;5.5;0;0;0;0;0;0;0;0;0;0;0;0;0;0;0;0;0;0;0;0;1;0;0;0;1;1;0;2019-11-06 16:45:00;18570;0;50;0;50;0;1;-1;1;2;4;1;3;5;0;0;0;0;0;0;1;0;0;0;0;2.29;1.3;3.59;-1;-1;-1;-1;-1;-1;-1;1;0;0;0;1;-1;-1;-1;-1;-1;-1;-1;-1;-1;-1;-1;0;0;50;100;100;0;100;100;50;7;3.5;0;2.5;Al Tadhamon;Al Shabab;0.89;1.11;3;3;1.2;1.4;100;100;50;0;0;75;50;25;1.36;1.36;2.72;2943;18;Y;N;N;N;N;N;N
735227;673891;673892;2019/2020;complete;53042;6;-1;33;22;1;1;2;5;2;7;-1;-1;0;0;0;0;8;4;4;6;12;10;20;12;50;50;0;0;3.05;3.35;2.05;1.01;1.19;1.67;2.65;4.75;10.5;4;2.05;1.41;1.14;1.57;2.2;4;1.22;3.4;1.3;1.67;1.22;1.36;3.4;2.3;2.62;3.1;2.62;2.4;0;0;0;1.72;0;0;0;0;2;0;0;0;0;0;0;0;0;0;5.5;4;0;0;0;0;0;0;0;0;0;0;0;0;0;0;0;0;0;0;0;0;2;1;1;0;0;0;2;2019-11-07 14:30:00;-1;0;75;50;25;0;1;-1;3;1;2;1;4;3;0;0;0;0;0;0;1;0;0;0;0;1.75;1.48;3.23;-1;-1;-1;-1;-1;-1;-1;1;0;0;3;0;-1;-1;-1;-1;-1;-1;-1;-1;-1;-1;-1;0;50;75;100;100;75;75;75;50;9;0;0;3.25;Al Nasar;Kazma;1.11;1.44;0;1.5;0.8;1.8;100;50;25;0;0;100;75;50;1.46;1.47;2.93;2943;18;Y;Y;N;N;N;N;Y
747691;673891;18579;2019/2020;complete;53042;7;-1;;5;0;1;1;3;5;8;-1;-1;-1;-1;-1;-1;5;4;3;9;8;13;-1;-1;42;58;-1;-1;2.45;3.75;2.3;1;1.13;1.49;2.25;3.8;12.25;4.9;2.4;1.57;1.22;1.45;2.5;4.33;1.2;3.5;1.29;1.62;1.22;1.4;3.25;2.3;2.75;3;2.62;2.5;0;0;0;0;0;0;0;0;0;0;0;0;0;0;0;0;0;0;6;5.5;0;0;0;0;0;0;0;0;0;0;0;0;0;0;0;0;0;0;0;0;1;0;1;0;0;0;1;2019-12-14 13:05:00;18579;0;71;34;38;0;1;-1;2;4;1;1;6;2;-1;-1;-1;-1;-1;-1;1;0;0;0;0;1.25;1.49;2.73;-1;-1;-1;-1;-1;-1;-1;1;0;1;0;1;-1;-1;-1;-1;-1;-1;-1;-1;-1;-1;-1;25;42;42;100;100;50;88;67;54;11.25;0;0;3.21;Al Nasar;Al Arabi;1.11;1.44;0.33;0.5;0.83;0.33;75;59;59;0;0;71;42;29;1.56;1.6;3.16;2943;18;Y;N;N;N;N;N;N
747692;673892;673889;2019/2020;complete;53042;7;-1;40,42,90;84;3;1;4;1;6;7;-1;-1;-1;-1;-1;-1;-1;-1;-1;-1;-1;-1;-1;-1;-1;-1;-1;-1;1.13;4.75;5.2;0;0;1.53;0;0;0;0;2.4;0;0;1.62;2.2;0;0;0;0;1.08;1.14;2.63;1.91;2.4;5.5;1.73;3;5;0;0;0;0;0;0;0;0;0;0;0;0;0;0;0;0;0;0;2.68;14;0;0;0;0;0;0;0;0;0;0;0;0;0;0;0;0;0;0;0;0;4;2;0;1;1;2;2;2019-12-15 13:05:00;673892;0;50;17;50;0;1;-1;1;0;0;6;1;6;-1;-1;-1;-1;-1;-1;-1;0;0;0;0;0;0;0;-1;-1;-1;-1;-1;-1;-1;1;0;0;0;0;-1;-1;-1;-1;-1;-1;-1;-1;-1;-1;-1;33;50;67;100;100;17;84;100;67;8.66;2;0;4;Kazma;Al Tadhamon;1.67;0.56;2;0;1.67;1;67;50;34;0;0;50;33;0;1.92;1.71;3.63;2943;18;Y;Y;Y;Y;N;N;Y
747693;673887;673890;2019/2020;complete;53042;7;-1;8,22,47,62,67;3;5;1;6;-1;-1;-1;-1;-1;-1;-1;-1;-1;-1;-1;-1;-1;-1;-1;-1;-1;-1;-1;-1;-1;1.67;3.85;4.05;0;0;1.57;0;0;0;0;2.35;0;0;1.5;2.5;0;0;0;0;1.25;1.22;1.83;2.38;2.4;3.6;2.1;2.8;3.6;0;0;0;0;0;0;0;0;0;0;0;0;0;0;0;1.57;15;2.4;4.05;8.3;0;0;0;0;0;0;0;0;0;0;0;0;0;0;0;0;0;0;0;0;6;2;1;3;0;3;3;2019-12-15 15:30:00;673887;0;67;0;67;0;-1;-1;-1;-1;-1;-1;-1;-1;-1;-1;-1;-1;-1;-1;-1;0;0;0;0;0;0;0;-1;-1;-1;-1;-1;-1;-1;1;1;1;-1;-1;-1;-1;-1;-1;-1;-1;-1;-1;-1;-1;-1;33;50;84;100;100;17;50;100;84;8.67;0;0;3.83;Al Salmiyah;Al Sahel;1.78;1.22;1.33;1;1.83;1.33;67;50;17;0;0;84;50;33;1.65;0.95;2.6;2943;18;Y;Y;Y;Y;Y;Y;Y
747694;673888;11510;2019/2020;complete;53042;7;-1;53;32;1;1;2;2;6;8;-1;-1;0;0;0;0;2;8;2;15;4;23;13;15;40;60;0;0;8.5;5.85;1.21;1;1.1;1.4;2;3.3;13.5;5.5;2.7;1.69;1.27;1.91;1.77;9;1.04;1.9;1.8;4;1.11;1.03;8;2.75;1.57;8;3.4;1.44;0;0;0;1.83;0;0;0;0;1.83;0;0;0;0;0;0;0;0;0;21;2.05;0;0;0;0;0;0;0;0;0;0;0;0;0;0;0;0;0;0;0;0;2;0;1;1;0;1;1;2019-12-16 13:05:00;-1;0;50;0;17;0;1;-1;1;3;1;3;4;4;0;0;0;0;0;0;1;0;0;0;0;0.66;2.63;3.29;-1;-1;-1;-1;-1;-1;-1;1;0;0;1;0;-1;-1;-1;-1;-1;-1;-1;-1;-1;-1;-1;0;17;50;100;100;50;100;84;34;7.67;0;0;2.67;Yarmouk;Al Kuwait;0.33;2.56;0.33;2.33;0.33;2.67;100;84;50;0;0;50;34;17;0.9;1.47;2.37;2943;18;Y;Y;N;N;N;N;Y
747695;18570;18569;2019/2020;complete;53042;7;-1;24;41;1;1;2;1;1;2;-1;-1;0;0;0;0;2;2;1;2;3;4;5;2;41;59;0;0;6.2;4.3;1.38;1.01;1.2;1.67;2.7;4.85;10.25;3.95;2.05;1.39;1.14;1.87;1.83;6;1.11;2.1;1.67;2.62;1.17;1.1;5.5;2.38;1.95;5.5;2.75;1.73;0;0;0;0;0;0;0;0;0;0;0;0;0;0;0;0;0;0;0;0;0;0;0;0;0;0;0;0;0;0;0;0;0;0;0;0;0;0;0;0;2;1;1;0;0;0;2;2019-12-16 15:30:00;-1;0;75;17;50;0;1;-1;1;1;0;0;2;0;0;0;0;0;0;0;1;0;0;0;0;0.42;0.58;1;-1;-1;-1;-1;-1;-1;-1;1;0;0;0;0;-1;-1;-1;-1;-1;-1;-1;-1;-1;-1;-1;34;34;34;100;100;34;84;100;50;7.5;0;0;3.5;Al Shabab;Al Qadsia;0.78;2;0.33;2;1.67;2;67;67;67;0;0;59;34;34;1.54;1.7;3.24;2943;18;Y;Y;N;N;N;N;Y
747696;673889;673891;2019/2020;complete;53042;8;-1;22;90;1;1;2;4;6;10;0;4;0;0;0;0;3;3;3;8;6;11;20;14;47;53;0;0;2.45;3.3;2.5;1.02;1.28;1.85;3.25;0;11;3.5;1.95;1.33;1.12;1.72;2;3.4;1.3;3.5;1.28;1.44;1.28;1.5;3.1;2.1;3.1;2.75;2.5;2.87;0;0;0;1.66;0;0;0;0;2.1;0;0;0;0;0;0;0;0;0;4.5;4.75;0;0;0;0;0;0;0;0;0;0;0;0;0;0;0;0;0;0;0;0;2;1;0;0;1;1;1;2019-12-19 13:05:00;-1;0;50;0;33;0;1;-1;3;4;1;2;7;3;0;0;0;0;0;0;1;0;0;0;0;1.05;1.42;2.47;-1;-1;-1;-1;-1;-1;-1;1;0;0;0;1;-1;-1;-1;-1;-1;-1;-1;-1;-1;-1;-1;17;34;50;67;100;34;67;100;50;7;0.34;0;2.67;Al Tadhamon;Al Nasar;0.89;1.22;2;1.33;0.86;0.71;84;67;50;33;0;33;33;17;1.67;1.16;2.83;2943;18;Y;Y;N;N;N;N;Y
747697;673890;18570;2019/2020;complete;53042;8;-1;;;0;0;0;4;2;6;-1;-1;-1;-1;-1;-1;-1;-1;-1;-1;-1;-1;-1;-1;-1;-1;-1;-1;2.6;3.5;2.25;1.01;1.18;1.62;2.55;4.55;10.75;4.2;2.1;1.43;1.15;1.56;2.25;4.33;1.2;3.75;1.25;1.57;1.25;1.4;3.1;2.3;2.75;2.87;2.75;2.5;0;0;0;1.72;0;0;0;0;2;0;0;0;0;0;0;0;0;0;6;4.75;0;0;0;0;0;0;0;0;0;0;0;0;0;0;0;0;0;0;0;0;0;0;0;0;0;0;0;2019-12-20 13:05:00;-1;0;50;0;17;0;1;-1;2;1;2;1;3;3;-1;-1;-1;-1;-1;-1;-1;0;0;0;0;0;0;0;0;0;0;0;0;0;1;1;0;0;1;0;-1;-1;-1;-1;-1;-1;-1;-1;-1;-1;-1;0;0;17;67;100;0;67;100;17;8;2.33;0;1.84;Al Sahel;Al Shabab;0.78;1.11;1.67;3;1.14;1.57;100;100;84;33;0;84;50;0;1.43;1.34;2.77;2943;18;N;N;N;N;N;N;N
747698;18579;673888;2019/2020;complete;53042;8;-1;29,83;90;2;1;3;2;4;6;0;1;0;0;0;0;8;5;8;5;16;10;10;19;53;47;0;0;1.57;3.95;4.5;1.01;1.19;1.67;2.65;4.75;10.5;4;2.05;1.41;1.14;1.71;2;2.5;1.5;5.5;1.12;1.14;1.2;2.25;2.1;2.38;4.75;1.91;2.75;4.33;0;0;0;0;0;0;0;0;0;0;0;0;0;0;0;0;0;0;3.1;8.5;0;0;0;0;0;0;0;0;0;0;0;0;0;0;0;0;0;0;0;0;3;1;0;1;1;2;1;2019-12-20 15:30:00;18579;0;59;0;42;0;1;-1;1;3;1;1;4;2;0;0;0;0;0;0;1;0;0;0;0;2.17;1.59;3.76;-1;-1;-1;-1;-1;-1;-1;1;0;0;0;0;-1;-1;-1;-1;-1;-1;-1;-1;-1;-1;-1;0;0;67;100;100;25;75;100;42;9.17;0.33;0;2.67;Al Arabi;Yarmouk;2;0.56;0;0.33;0.71;0.43;100;100;34;0;0;17;17;0;1.46;1.63;3.09;2943;18;Y;Y;Y;N;N;N;Y
747699;18569;673892;2019/2020;complete;53042;8;-1;36,71,88;10;3;1;4;8;3;11;1;2;0;0;0;0;7;5;11;7;18;12;16;20;57;43;0;0;1.74;3.45;4.05;1.02;1.26;1.83;3.1;5.75;9;3.45;1.83;1.3;1.09;1.77;1.91;2.75;1.4;5;1.14;1.22;1.2;2.1;2.2;2.38;4.33;2;2.75;4;0;0;0;0;0;0;0;0;0;0;0;0;0;0;0;0;0;0;0;0;0;0;0;0;0;0;0;0;1.18;1.83;3.75;9;4.5;1.83;1.25;1.07;0;0;0;0;4;1;1;2;0;2;2;2019-12-21 13:05:00;18569;0;75;34;17;0;1;-1;6;1;2;2;7;4;0;0;0;0;0;0;1;89;57;120;107;2.27;1.53;3.79;-1;-1;-1;-1;-1;-1;-1;1;0;1;2;1;-1;-1;-1;-1;-1;-1;-1;-1;-1;-1;-1;0;17;46;100;100;34;84;84;29;8.33;1.92;0;2.63;Al Qadsia;Kazma;2;1.44;2;1.33;1.86;1.86;100;84;54;0;0;84;71;17;1.89;1.48;3.37;2943;18;Y;Y;Y;Y;N;N;Y
747700;11510;673887;2019/2020;complete;53042;8;-1;61;40,54;1;2;3;8;2;10;2;1;0;0;0;0;4;4;10;3;14;7;20;19;52;48;0;0;1.53;4;4.9;1;1.13;1.49;2.25;3.8;12.25;4.9;2.4;1.57;1.22;1.57;2.25;2.62;1.44;6.5;1.1;1.14;1.2;2.38;2.05;2.5;4.75;1.83;2.88;4.33;0;0;0;0;0;0;0;0;0;0;0;0;0;0;0;0;0;0;3;10;0;0;0;0;0;0;0;0;0;0;0;0;0;0;0;0;0;0;0;0;3;0;1;1;1;2;1;2019-12-21 15:30:00;673887;0;84;67;33;0;1;-1;4;0;4;2;4;6;0;0;0;0;0;0;1;0;0;0;0;1.8;1.01;2.82;-1;-1;-1;-1;-1;-1;-1;1;0;0;2;0;-1;-1;-1;-1;-1;-1;-1;-1;-1;-1;-1;50;84;84;100;100;84;100;100;67;12.33;0;0;5.17;Al Kuwait;Al Salmiyah;2.22;2.11;3;2.33;2.43;2;50;17;17;0;0;84;50;17;2.11;1.66;3.77;2943;18;Y;Y;Y;N;N;N;Y
805501;11510;18570;2019/2020;complete;53042;9;-1;27,34,90;;3;0;3;7;2;9;2;0;0;0;0;0;6;3;12;5;18;8;12;17;61;39;0;0;1.08;4.75;7;0;0;0;0;0;0;0;0;0;0;1.67;2.1;1.91;1.69;0;0;1.05;1.14;3.4;1.66;2.62;8;1.57;3.1;6;0;0;0;0;0;0;0;0;0;0;0;0;0;0;0;0;0;0;2.4;15;0;0;0;0;0;0;0;0;0;0;0;0;0;0;0;0;0;0;0;0;3;2;0;1;0;1;2;2020-02-19 15:10:00;11510;0;45;27;27;0;1;-1;4;0;3;0;4;3;0;0;0;0;0;0;1;74;37;113;95;2.09;0.99;3.08;-1;-1;-1;-1;-1;-1;-1;1;0;0;0;0;-1;-1;-1;-1;-1;1;3;6;1;1;6;20;30;55;69;83;37;69;83;37;9;1.63;0.4;2.86;Al Kuwait;Al Shabab;2.22;1.11;2;1.43;2.25;1.23;80;70;46;32;17;59;52;15;1.88;1.09;2.97;2943;18;Y;Y;Y;N;N;N;N
805502;673889;18579;2019/2020;complete;53042;9;-1;77;29;1;1;2;6;6;12;-1;-1;-1;-1;-1;-1;-1;-1;-1;-1;-1;-1;-1;-1;-1;-1;-1;-1;2.1;3.4;1.66;1.01;1.22;1.73;2.75;0;13;4;2.08;1.4;1.14;1.62;2.2;4;1.22;3.4;1.3;1.57;1.29;1.36;3.25;2.2;2.88;3;2.6;2.5;0;0;0;0;0;0;0;0;0;0;0;0;0;0;0;0;0;0;5.5;4.33;0;0;0;0;0;0;0;0;0;0;0;0;0;0;0;0;0;0;0;0;2;0;1;1;0;1;1;2020-01-14 13:20:00;-1;0;55;0;43;0;1;-1;2;3;4;3;5;7;-1;-1;-1;-1;-1;-1;-1;0;0;0;0;0;0;0;-1;-1;-1;-1;-1;-1;-1;1;0;0;0;0;-1;-1;-1;-1;-1;-1;-1;-1;-1;-1;-1;20;20;33;78;100;0;78;90;43;10.5;0.5;0;2.6;Al Tadhamon;Al Arabi;0.89;1.44;1.75;1;0.88;1;80;80;68;23;0;55;45;23;1.52;1.58;3.1;2943;18;Y;Y;N;N;N;N;Y
805503;673887;673888;2019/2020;complete;53042;9;-1;;4,90;0;2;2;5;6;11;-1;-1;-1;-1;-1;-1;5;6;9;5;14;11;-1;-1;50;50;-1;-1;1.3;5;7;1.01;1.14;1.57;2.2;0;15;5;2.35;1.62;1.25;1.8;1.91;2.1;1.67;8;1.06;1.06;1.17;3.25;1.73;2.62;6.5;1.57;3.1;6.5;0;0;0;0;0;0;0;0;0;0;0;0;0;0;0;0;0;0;2.37;17;0;0;0;0;0;0;0;0;0;0;0;0;0;0;0;0;0;0;0;0;2;0;1;0;1;1;1;2020-01-14 13:20:00;673888;0;88;13;63;0;1;-1;4;3;1;3;7;4;-1;-1;-1;-1;-1;-1;1;0;0;0;0;1.77;1.39;3.16;-1;-1;-1;-1;-1;-1;-1;1;0;1;1;0;-1;-1;-1;-1;-1;-1;-1;-1;-1;-1;-1;25;38;75;100;100;13;75;100;75;9.42;0.75;0;3.63;Al Salmiyah;Yarmouk;1.78;0.56;1.75;0.25;2.13;0.38;75;63;25;0;0;63;29;17;1.65;1.62;3.27;2943;18;Y;Y;N;N;N;N;N
805504;673892;673890;2019/2020;complete;53042;9;-1;27,55,89;;3;0;3;6;3;9;1;1;0;0;0;0;5;5;5;3;10;8;16;11;51;49;0;0;1.67;3.7;4.15;1.01;1.17;1.57;2.38;0;15;4.5;2.35;1.53;1.22;1.62;2.2;2.62;1.44;6.5;1.1;1.14;1.2;2.25;2.1;2.4;4.5;1.83;2.88;4.33;0;0;0;0;0;0;0;0;0;0;0;0;0;0;0;0;0;0;2.87;11;0;0;0;0;0;0;0;0;0;0;0;0;0;0;0;0;0;0;0;0;3;1;0;2;0;2;1;2020-01-10 14:40:00;673892;0;50;13;38;0;1;-1;5;0;1;3;5;4;0;0;0;0;0;0;1;0;0;0;0;1.49;1.25;2.74;-1;-1;-1;-1;-1;-1;-1;1;0;0;2;0;-1;-1;-1;-1;-1;-1;-1;-1;-1;-1;-1;38;50;63;100;100;38;88;100;63;7.25;1;0;3.63;Kazma;Al Sahel;1.67;1.22;2.25;0.75;1.63;1.13;63;50;38;0;0;46;46;17;1.92;0.95;2.87;2943;18;Y;Y;Y;N;N;N;N
805505;673891;18569;2019/2020;complete;53042;9;-1;;6,61;0;2;2;3;6;9;-1;-1;-1;-1;-1;-1;0;8;3;6;3;14;-1;-1;41;59;-1;-1;4.33;3.5;1.67;1.02;1.25;1.8;3;0;11;3.75;2;1.36;1.12;1.8;1.91;4.5;1.17;2.5;1.5;2;1.25;1.17;4.5;2.2;2.3;4;2.6;2.05;0;0;0;0;0;0;0;0;0;0;0;0;0;0;0;0;0;0;0;0;0;0;0;0;0;0;0;0;0;0;0;0;0;0;0;0;0;0;0;0;2;0;1;0;1;1;1;2020-01-14 16:00:00;18569;0;59;42;0;0;1;-1;2;2;1;4;4;5;-1;-1;-1;-1;-1;-1;1;0;0;0;0;0.31;1.7;2;-1;-1;-1;-1;-1;-1;-1;1;0;1;0;1;-1;-1;-1;-1;-1;-1;-1;-1;-1;-1;-1;0;13;13;88;100;54;100;46;13;7.17;0;0;2.13;Al Nasar;Al Qadsia;1.11;2;0.25;1.67;0.75;2;100;88;88;13;0;42;13;13;1.48;1.33;2.81;2943;18;Y;Y;N;N;N;N;N
818440;18579;673887;2019/2020;complete;53042;10;-1;52;;1;0;1;5;6;11;0;2;0;0;0;0;4;4;6;8;10;12;11;13;51;49;0;0;1.72;3.8;2;0;1.17;1.57;2.38;4;0;4.5;2.35;1.53;1.22;1.53;2.38;3.75;1.25;4.33;1.2;1.5;1.25;1.57;2.62;2.38;3.2;2.5;2.75;2.88;0;0;0;0;0;0;0;0;0;0;0;0;0;0;0;0;0;0;4.75;5.5;0;0;0;0;0;0;0;0;1.17;1.73;3.4;8;5;2;1.3;1.08;0;0;0;0;1;0;0;1;0;1;0;2020-01-18 13:25:00;18579;0;84;25;59;0;1;-1;4;2;1;4;6;5;0;0;0;0;0;0;1;63;62;100;108;1.37;1.49;2.86;-1;-1;-1;-1;-1;-1;-1;1;0;0;0;0;-1;-1;-1;-1;-1;-1;-1;-1;-1;-1;-1;13;25;88;100;100;42;84;100;71;8.83;0;0;3.63;Al Arabi;Al Salmiyah;2;2.11;1;2.5;1;1.89;88;75;13;0;0;50;25;13;1.7;1.5;3.2;2943;18;Y;N;N;N;N;N;N
818441;673889;18569;2019/2020;complete;53042;10;-1;77;7,40,88;1;3;4;0;9;9;2;4;0;0;0;0;4;7;0;4;4;11;15;13;39;61;0;0;9.5;7;1.17;0;1.17;1.5;2.2;0;0;4.5;2.5;1.62;1.29;2;1.73;9;1.04;1.83;1.83;4.33;1.07;1.04;7.5;2.88;1.62;9;3.6;1.36;0;0;0;0;0;0;0;0;0;0;0;0;0;0;0;0;0;0;0;0;0;0;0;0;0;0;0;0;0;0;0;0;0;0;0;0;0;0;0;0;4;0;2;1;1;2;2;2020-01-18 15:55:00;18569;0;55;13;10;0;1;-1;0;4;0;5;4;5;0;0;0;0;0;0;1;0;0;0;0;0.83;1.79;2.62;-1;-1;-1;-1;-1;-1;-1;1;0;1;0;1;-1;-1;-1;-1;-1;-1;-1;-1;-1;-1;-1;0;0;10;90;100;13;90;88;10;8.3;0;0;2;Al Tadhamon;Al Qadsia;0.89;2;1.6;2;0.89;2.11;100;100;90;10;0;55;30;20;1.52;1.42;2.94;2943;18;Y;Y;Y;Y;N;N;Y
818442;18570;673888;2019/2020;complete;53042;10;-1;;;0;0;0;9;6;15;2;1;0;0;0;0;3;2;6;9;9;11;11;15;47;53;0;0;2.15;3.25;2.9;1.02;1.25;1.8;3;0;12;3.75;2;1.36;1.14;1.67;2.1;3.75;1.25;3.5;1.29;1.53;1.29;1.5;3.1;2.2;3;2.75;2.6;2.75;0;0;0;0;0;0;0;0;0;0;0;0;0;0;0;0;0;0;4.33;5;0;0;0;0;0;0;0;0;0;0;0;0;0;0;0;0;0;0;0;0;0;0;0;0;0;0;0;2020-01-19 13:25:00;-1;0;80;25;58;0;1;-1;3;3;6;3;6;9;0;0;0;0;0;0;1;0;0;0;0;1.31;1.25;2.56;0;0;0;0;0;0;1;1;0;0;0;1;-1;-1;-1;-1;-1;-1;-1;-1;-1;-1;-1;25;25;45;100;100;38;88;88;58;7.45;0.05;0;3.33;Al Shabab;Yarmouk;0.78;0.56;0.5;0.8;1.5;0.67;75;75;55;0;0;45;45;35;1.26;1.57;2.83;2943;18;N;N;N;N;N;N;N
818443;673891;673890;2019/2020;complete;53042;10;-1;36;39,83;1;2;3;10;2;12;0;3;0;0;0;0;2;6;2;2;4;8;14;14;52;48;0;0;2.4;3.3;2.55;1.03;1.29;1.95;3.4;0;10;3.5;1.85;1.3;1.11;1.8;1.91;2.75;1.4;4;1.22;1.33;1.29;1.73;2.62;2.1;3.75;2.38;2.5;3.4;0;0;0;0;0;0;0;0;0;0;0;0;0;0;0;0;0;0;3.5;5.5;0;0;0;0;0;0;0;0;0;0;0;0;0;0;0;0;0;0;0;0;3;1;1;0;1;1;2;2020-01-19 16:00:00;673890;0;40;30;10;0;1;-1;4;0;6;2;4;8;0;0;0;0;0;0;1;0;0;0;0;1.17;1.46;2.63;-1;-1;-1;-1;-1;-1;-1;1;0;0;0;0;-1;-1;-1;-1;-1;-1;-1;-1;-1;-1;-1;20;30;50;90;100;50;90;70;50;7.2;0;0;3;Al Nasar;Al Sahel;1.11;1.22;0.2;0.6;0.67;1;80;70;50;10;0;68;35;23;1.24;1.02;2.26;2943;18;Y;Y;Y;N;N;N;Y
818444;673892;11510;2019/2020;complete;53042;10;-1;;57,90;0;2;2;3;3;6;0;2;0;0;0;0;3;5;4;10;7;15;14;7;46;54;0;0;4.2;3.65;1.67;1.01;1.2;1.67;2.62;4.5;13;4.33;2.15;1.44;1.17;1.67;2.1;5;1.14;2.75;1.4;2;1.29;1.22;4.33;2.3;2.3;4;2.62;2.05;0;0;0;0;0;0;0;0;0;0;0;0;0;0;0;0;0;0;8;3.25;0;0;0;0;0;0;0;0;1.18;1.83;3.75;9;4.5;1.83;1.25;1.07;0;0;0;0;2;0;0;0;2;2;0;2020-01-20 13:30:00;11510;0;45;0;20;0;1;-1;0;1;3;2;1;5;0;0;0;0;0;0;1;60;69;106;119;1.1;1.8;2.89;-1;-1;-1;-1;-1;-1;-1;1;0;0;0;0;-1;-1;-1;-1;-1;-1;-1;-1;-1;-1;-1;10;20;43;100;100;35;100;88;30;9.1;0.7;0;2.73;Kazma;Al Kuwait;1.67;2.56;2.4;2;1.78;2.13;90;80;58;0;0;45;35;13;1.81;1.76;3.57;2943;18;Y;Y;N;N;N;N;N
818445;673890;673889;2019/2020;complete;53042;11;-1;67,86;52,90;2;2;4;1;6;7;1;0;0;0;0;0;5;4;1;12;6;16;16;11;47;53;0;0;2.95;3.6;2;1.01;1.19;1.67;2.65;4.75;10.5;4;2.05;1.41;1.14;1.59;2.2;4.33;1.2;3.25;1.33;1.73;1.29;1.33;3.5;2.25;2.62;3.2;2.62;2.38;0;0;0;0;0;0;0;0;0;0;0;0;0;0;0;0;0;0;6;4;0;0;0;0;0;0;0;0;0;0;0;0;0;0;0;0;0;0;0;0;4;0;0;2;2;4;0;2020-01-23 13:30:00;-1;0;63;13;38;0;1;-1;1;4;0;2;5;2;0;0;0;0;0;0;1;0;0;0;0;1.09;1.7;2.78;-1;-1;-1;-1;-1;-1;-1;1;0;0;1;0;-1;-1;-1;-1;-1;-1;-1;-1;-1;-1;-1;13;38;50;75;88;25;63;88;50;9;0;0;3;Al Sahel;Al Tadhamon;0.78;0.56;1.5;0;1.2;0.8;88;63;50;25;13;63;38;0;1.43;1.71;3.14;2943;18;Y;Y;Y;Y;N;N;Y
818446;673887;18570;2019/2020;complete;53042;11;-1;26,76;2;2;1;3;9;4;13;-1;-1;3;2;0;0;4;2;2;1;6;3;-1;-1;58;42;3;2;1.35;4.8;5.95;0;1.14;1.48;2.1;0;0;5;2.6;1.67;1.29;1.57;2.25;2.75;1.4;7;1.08;1.12;1.17;2.38;1.95;2.6;4.75;1.8;3;4.5;0;0;0;0;0;0;0;0;0;0;0;0;0;0;0;0;0;0;3.1;12;0;0;0;0;0;0;0;0;0;0;0;0;0;0;0;0;0;0;0;0;3;1;1;1;0;1;2;2020-01-23 16:00:00;673887;0;53;10;43;0;1;1;6;4;3;0;10;3;1;0;2;2;1;4;1;0;0;0;0;0.78;0.42;1.2;0;0;0;0;0;0;1;1;0;1;0;2;0;0;-1;-1;-1;-1;-1;-1;-1;-1;-1;20;30;53;75;88;10;55;88;53;8;0.65;0;2.85;Al Salmiyah;Al Shabab;1.78;1.11;1.4;2.5;1.7;1.44;80;70;48;25;13;75;38;25;1.69;1.34;3.03;2943;18;Y;Y;Y;N;N;N;Y
818447;18579;18569;2019/2020;complete;53042;11;-1;;45;0;1;1;3;2;5;2;0;0;0;0;0;6;7;4;2;10;9;9;11;62;38;0;0;5.8;4.85;1.36;1.02;1.3;1.85;3.4;0;12;3.4;1.95;1.3;1.11;1.83;1.83;4.33;1.2;2.5;1.5;1.91;1.2;1.25;4.33;2.2;2.38;3.75;2.6;2.2;0;0;0;0;0;0;0;0;0;0;0;0;0;0;0;0;0;0;0;0;0;0;0;0;0;0;0;0;0;0;0;0;0;0;0;0;0;0;0;0;1;0;1;0;0;0;1;2020-01-24 14:45:00;18569;0;55;10;35;0;1;-1;1;2;2;0;3;2;0;0;0;0;0;0;1;0;0;0;0;1.63;1.63;3.26;-1;-1;-1;-1;-1;-1;-1;1;0;0;1;0;-1;-1;-1;-1;-1;-1;-1;-1;-1;-1;-1;0;10;48;88;100;33;75;90;35;9.1;0;0;2.45;Al Arabi;Al Qadsia;2;2;1.5;2.2;1.2;2.2;100;90;53;13;0;43;13;13;1.62;1.49;3.11;2943;18;Y;N;N;N;N;N;N
818448;673888;673892;2019/2020;complete;53042;11;-1;89;55,63,69;1;3;4;3;8;11;-1;-1;-1;-1;-1;-1;3;6;3;3;6;9;-1;-1;46;54;-1;-1;4.25;3.85;1.62;1.01;1.18;1.62;2.6;4.6;10.75;4.1;2.1;1.43;1.15;1.67;2.05;5;1.14;2.62;1.44;2.2;1.2;1.17;4.5;2.38;2.2;4;2.75;1.95;0;0;0;0;0;0;0;0;0;0;0;0;0;0;0;0;0;0;8;3.1;0;0;0;0;0;0;0;0;0;0;0;0;0;0;0;0;0;0;0;0;4;0;0;1;3;4;0;2020-01-25 13:30:00;673892;0;88;38;25;0;1;-1;0;6;3;2;6;5;-1;-1;-1;-1;-1;-1;1;0;0;0;0;0.76;1.09;1.85;-1;-1;-1;-1;-1;-1;-1;1;0;0;0;1;-1;-1;-1;-1;-1;-1;-1;-1;-1;-1;-1;0;38;63;100;100;50;88;88;50;6.5;0;0;3;Yarmouk;Kazma;0.33;1.44;0.5;1;0.7;1.6;100;63;38;0;0;50;38;25;0.84;1.49;2.33;2943;18;Y;Y;Y;Y;N;N;Y
818449;11510;673891;2019/2020;complete;53042;11;-1;55,73;;2;0;2;6;1;7;3;2;0;0;0;0;7;2;6;4;13;6;11;9;50;50;0;0;1.22;5.4;7.75;1.01;1.17;1.53;2.25;3.75;15;4.5;2.4;1.57;1.25;1.91;1.8;1.83;1.83;8.5;1.05;1.04;1.12;3.75;1.62;2.75;8;1.44;3.2;8.5;0;0;0;0;0;0;0;0;0;0;0;0;0;0;0;0;0;0;2.05;21;0;0;0;0;0;0;0;0;1.14;1.73;3.4;8;5.5;2;1.3;1.08;0;0;0;0;2;0;0;2;0;2;0;2020-08-15 17:15:00;11510;0;55;17;27;0;1;-1;4;0;2;1;4;3;0;0;0;0;0;0;1;67;33;123;79;1.8;0.77;2.57;-1;-1;-1;-1;-1;-1;-1;1;0;0;1;0;-1;-1;-1;-1;-1;-1;-1;-1;-1;-1;-1;27;45;62;72;92;54;72;92;45;8.97;1.73;0;3.22;Al Kuwait;Al Nasar;2.22;1.22;2.17;1;2.31;0.92;74;55;39;29;9;64;55;0;1.92;1.24;3.16;2943;18;Y;Y;N;N;N;N;N
818450;673889;11510;2019/2020;complete;53042;12;-1;;21,56,68;0;3;3;3;3;6;3;0;0;0;0;0;4;6;1;9;5;15;6;11;38;62;0;0;10;6.5;1.17;1.08;1.12;1.4;2;3.25;7;5.5;2.88;1.73;1.33;1.83;1.83;10;1.03;1.91;1.8;4.5;1.08;1.03;8;3;1.53;9;3.75;1.36;0;0;0;0;0;0;0;0;0;0;0;0;0;0;0;0;0;0;21;2.05;0;0;0;0;0;0;0;0;1.11;1.57;2.75;6;6.5;2.25;1.4;1.12;0;0;0;0;3;0;1;0;2;2;1;2020-01-30 13:35:00;11510;0;54;0;17;0;1;-1;2;2;1;1;4;2;0;0;0;0;0;0;1;53;51;73;101;0.98;1.74;2.72;-1;-1;-1;-1;-1;-1;-1;1;0;0;1;0;-1;-1;-1;-1;-1;-1;-1;-1;-1;-1;-1;0;9;27;92;100;29;82;90;27;8.2;0.5;0;2.27;Al Tadhamon;Al Kuwait;0.89;2.56;1.33;2.2;0.82;2.22;100;92;74;9;0;54;45;27;1.38;1.77;3.15;2943;18;Y;Y;Y;N;N;N;N
818451;18569;673890;2019/2020;complete;53042;12;-1;37;58;1;1;2;13;3;16;0;1;0;0;0;0;7;3;13;2;20;5;13;15;63;37;0;0;1.28;5.3;7.25;1.01;1.17;1.5;2.25;0;15;4.5;2.5;1.57;1.25;2.1;1.67;1.73;2;8.5;1.05;1.02;1.12;4.33;1.62;2.62;9;1.4;3.25;9.5;0;0;0;0;0;0;0;0;0;0;0;0;0;0;0;0;0;0;0;0;0;0;0;0;0;0;0;0;0;0;0;0;0;0;0;0;0;0;0;0;2;1;0;0;1;1;1;2020-01-30 16:05:00;-1;0;55;27;9;0;1;-1;4;2;9;1;6;10;0;0;0;0;0;0;1;0;0;0;0;2.47;0.85;3.32;-1;-1;-1;-1;-1;-1;-1;1;0;0;2;1;-1;-1;-1;-1;-1;-1;-1;-1;-1;-1;-1;17;27;62;100;100;35;92;100;54;8.4;2.5;0;3.14;Al Qadsia;Al Sahel;2;1.22;2.2;1;2.27;1.18;84;74;39;0;0;90;70;30;1.96;1.11;3.07;2943;18;Y;Y;N;N;N;N;Y
818452;673892;673887;2019/2020;complete;53042;12;-1;55,56;11;2;1;3;5;2;7;-1;-1;-1;-1;-1;-1;5;4;6;6;11;10;-1;-1;41;59;-1;-1;2.6;3.5;2.25;1.01;1.2;1.65;2.62;0;13;4.33;2.2;1.44;1.17;1.53;2.38;3.75;1.25;4;1.22;1.36;1.3;1.53;2.88;2.25;3.1;2.6;2.62;2.88;0;0;0;0;0;0;0;0;0;0;0;0;0;0;0;0;0;0;4.75;5.5;0;0;0;0;0;0;0;0;0;0;0;0;0;0;0;0;0;0;0;0;3;0;1;2;0;2;1;2020-01-31 14:55:00;673892;0;57;20;37;0;1;-1;4;2;1;0;6;1;-1;-1;-1;-1;-1;-1;1;0;0;0;0;1.4;1.3;2.7;-1;-1;-1;-1;-1;-1;-1;1;0;0;0;1;-1;-1;-1;-1;-1;-1;-1;-1;-1;-1;-1;19;37;55;90;100;29;82;100;64;9.13;1;0;3.3;Kazma;Al Salmiyah;1.67;2.11;2;2;1.73;1.82;82;64;45;10;0;67;39;20;1.67;1.5;3.17;2943;18;Y;Y;Y;N;N;N;Y
818453;673891;673888;2019/2020;complete;53042;12;-1;11,53,87;32;3;1;4;3;0;3;-1;-1;-1;-1;-1;-1;5;5;11;7;16;12;-1;-1;49;51;-1;-1;2.15;3.3;2.95;1.04;1.31;2;3.5;6.55;8.25;3.1;1.71;1.25;1.07;1.8;1.91;3.25;1.33;3.75;1.25;1.4;1.25;1.62;2.75;2.2;3.4;2.5;2.5;3.1;0;0;0;0;0;0;0;0;0;0;0;0;0;0;0;0;0;0;4;5;0;0;0;0;0;0;0;0;0;0;0;0;0;0;0;0;0;0;0;0;4;1;1;2;0;2;2;2020-02-01 13:35:00;673891;0;50;25;17;0;1;-1;1;0;2;0;1;2;-1;-1;-1;-1;-1;-1;1;0;0;0;0;1.83;1.55;3.38;-1;-1;-1;-1;-1;-1;-1;1;0;0;1;0;-1;-1;-1;-1;-1;-1;-1;-1;-1;-1;-1;0;9;33;83;92;34;92;67;25;9.67;0;0;2.17;Al Nasar;Yarmouk;1.11;0.56;0.17;0.83;0.6;0.64;100;92;67;17;9;59;42;33;1.23;1.52;2.75;2943;18;Y;Y;Y;Y;N;N;Y
818454;18579;18570;2019/2020;complete;53042;12;-1;36,80;;2;0;2;8;5;13;3;0;0;0;0;0;5;2;10;7;15;9;14;10;57;43;0;0;1.62;3.4;4.75;1.04;1.31;2;3.5;6.6;8;3.1;1.71;1.25;1.07;1.91;1.77;2.37;1.53;4.33;1.2;1.22;1.25;2.1;2.3;2.2;4.5;2.05;2.5;4.33;0;0;0;1.72;0;0;0;0;2;0;0;0;0;0;0;0;0;0;2.87;7;0;0;0;0;0;0;0;0;0;0;0;0;0;0;0;0;0;0;0;0;2;1;0;1;0;1;1;2020-02-01 16:05:00;18579;0;40;10;30;0;1;-1;5;4;3;1;9;4;0;0;0;0;0;0;1;0;0;0;0;1.87;1.05;2.92;-1;-1;-1;-1;-1;-1;-1;1;0;0;1;0;-1;-1;-1;-1;-1;-1;-1;-1;-1;-1;-1;0;0;50;60;90;20;60;80;30;7;0.8;0.5;2;Al Arabi;Al Shabab;2;1.11;1.2;2;1.09;1.3;100;100;50;40;10;40;30;20;1.62;1.11;2.73;2943;18;Y;Y;N;N;N;N;N
818455;11510;18569;2019/2020;complete;53042;13;-1;;;0;0;0;1;2;3;2;2;0;0;0;0;5;4;7;6;12;10;15;15;50;50;0;0;1.05;11;17.5;1;1.05;1.23;1.62;2.4;16.75;7.5;3.65;2.1;1.49;2.15;1.61;2.62;1.44;3.5;1.29;1.36;1.29;1.73;2.75;2.05;3.75;2.5;2.4;3.4;0;0;0;0;0;0;0;0;0;0;0;0;0;0;0;0;0;0;0;0;0;0;0;0;0;0;0;0;1.29;2.25;5.5;15;3.5;1.57;1.14;1.03;0;0;0;0;0;0;0;0;0;0;0;2020-02-06 15:00:00;-1;0;63;34;34;0;1;-1;1;1;0;1;2;1;0;0;0;0;0;0;1;53;59;72;84;1.49;1.34;2.82;0;0;0;0;0;0;1;1;0;0;0;0;-1;-1;-1;-1;-1;-1;-1;-1;-1;-1;-1;25;46;59;92;100;54;100;84;46;11.42;1;0;3.59;Al Kuwait;Al Qadsia;2.22;2;2.25;2.33;2.3;2.17;75;54;42;9;0;63;38;0;2.01;1.51;3.52;2943;18;N;N;N;N;N;N;N
818456;673890;18579;2019/2020;complete;53042;13;-1;;85,90;0;2;2;2;7;9;-1;-1;0;0;0;0;0;9;0;11;0;20;13;9;40;60;0;0;5.35;3.9;1.48;1.02;1.26;1.83;3.1;5.75;9;3.45;1.83;1.3;1.09;1.91;1.8;4.5;1.17;2.1;1.67;2.38;1.2;1.12;5.5;2.25;2.1;5;2.6;1.91;0;0;0;0;0;0;0;0;0;0;0;0;0;0;0;0;0;0;8;2.62;0;0;0;0;0;0;0;0;0;0;0;0;0;0;0;0;0;0;0;0;2;0;0;0;2;2;0;2020-02-07 13:40:00;18579;0;64;0;35;0;1;-1;0;3;2;4;3;6;0;0;0;0;0;0;1;0;0;0;0;0.37;2.85;3.23;-1;-1;-1;-1;-1;-1;-1;1;0;0;0;0;-1;-1;-1;-1;-1;-1;-1;-1;-1;-1;-1;17;27;27;72;90;0;62;82;35;10.2;0.03;0;2.4;Al Sahel;Al Arabi;0.78;1.44;1.4;1;1.17;1.25;84;74;74;29;10;64;45;17;1.34;1.58;2.92;2943;18;Y;Y;N;N;N;N;N
818457;18570;673892;2019/2020;complete;53042;13;-1;7,90;16;2;1;3;4;1;5;3;2;0;0;0;0;5;5;3;11;8;16;13;20;52;48;0;0;4.5;3.8;1.61;1.01;1.17;1.6;2.5;0;15;4.5;2.3;1.5;1.2;1.67;2.1;5.5;1.12;2.62;1.44;2.1;1.2;1.17;4.5;2.4;2.1;4.33;2.75;1.91;0;0;0;0;0;0;0;0;0;0;0;0;0;0;0;0;0;0;9;3.1;0;0;0;0;0;0;0;0;0;0;0;0;0;0;0;0;0;0;0;0;3;1;1;1;0;1;2;2020-02-07 16:30:00;18570;0;90;50;50;0;1;-1;2;1;2;0;3;2;0;0;0;0;0;0;1;0;0;0;0;1.4;2.11;3.51;-1;-1;-1;-1;-1;-1;-1;1;1;0;0;0;-1;-1;-1;-1;-1;-1;-1;-1;-1;-1;-1;20;50;60;90;90;60;60;70;60;8.6;0;0;3.4;Al Shabab;Kazma;0.78;1.44;0.6;1.4;1.18;1.83;80;50;40;10;10;70;70;60;1.27;1.39;2.66;2943;18;Y;Y;Y;N;N;N;Y
818458;673888;673889;2019/2020;complete;53042;13;-1;51;18,32,47;1;3;4;11;6;17;-1;-1;-1;-1;-1;-1;8;12;2;9;10;21;-1;-1;50;50;-1;-1;2.8;3.05;2.3;1.04;1.31;2;3.5;6.6;8;3.1;1.71;1.25;1.07;1.77;1.91;3.25;1.33;3.25;1.33;1.44;1.33;1.44;3.2;2.05;3.2;2.88;2.4;2.88;0;0;0;0;0;0;0;0;0;0;0;0;0;0;0;0;0;0;5;4;0;0;0;0;0;0;0;0;0;0;0;0;0;0;0;0;0;0;0;0;4;0;2;1;1;2;2;2020-02-09 13:40:00;673889;0;80;10;60;0;1;-1;3;3;8;3;6;11;-1;-1;-1;-1;-1;-1;1;0;0;0;0;1.44;2.41;3.85;-1;-1;-1;-1;-1;-1;-1;1;0;0;0;1;-1;-1;-1;-1;-1;-1;-1;-1;-1;-1;-1;10;60;80;100;100;30;70;100;80;7.6;0;0;3.8;Yarmouk;Al Tadhamon;0.33;0.56;0.4;0.2;0.58;0.75;90;40;20;0;0;40;20;10;0.82;1.71;2.53;2943;18;Y;Y;Y;Y;N;N;Y
818459;673887;673891;2019/2020;complete;53042;13;-1;90;;1;0;1;9;1;10;-1;-1;-1;-1;-1;-1;7;5;5;7;12;12;-1;-1;48;52;-1;-1;1.77;3.65;3.7;1;1.14;1.51;2.3;3.95;12;4.7;2.35;1.53;1.2;1.5;2.35;2.75;1.4;6;1.11;1.2;1.2;2.2;2.1;2.4;4.5;1.91;2.88;4.33;0;0;0;0;0;0;0;0;0;0;0;0;0;0;0;0;0;0;3.3;10;0;0;0;0;0;0;0;0;0;0;0;0;0;0;0;0;0;0;0;0;1;0;0;1;0;1;0;2020-02-09 16:10:00;673887;0;79;17;38;0;1;-1;4;0;5;1;4;6;-1;-1;-1;-1;-1;-1;1;0;0;0;0;1.44;1.29;2.73;-1;-1;-1;-1;-1;-1;-1;1;0;0;1;0;-1;-1;-1;-1;-1;-1;-1;-1;-1;-1;-1;29;50;67;88;100;42;71;100;59;9.45;0.08;1.5;3.5;Al Salmiyah;Al Nasar;1.78;1.22;1.67;1.25;1.67;0.82;71;50;34;13;0;75;55;30;1.46;1.22;2.68;2943;18;Y;N;N;N;N;N;N
818460;18579;673892;2019/2020;complete;53042;14;-1;29,33,58;;3;0;3;6;3;9;2;1;0;0;0;0;8;4;7;7;15;11;16;15;54;46;0;0;2.7;3.45;2.2;1.04;1.28;1.95;3.4;6;9.5;3.5;1.85;1.3;1.11;1.72;2;3;1.36;3.75;1.25;1.33;1.33;1.61;2.87;2.1;3.5;2.5;2.5;3.2;0;0;0;1.66;0;0;0;0;2.1;0;0;0;0;0;0;1.72;9.5;2.25;4;5.5;0;0;0;0;0;0;0;0;1.25;2.1;4.5;13;3.75;1.67;1.18;1.04;0;0;0;0;3;2;0;1;0;1;2;2020-02-13 15:05:00;18579;0;67;34;33;0;1;-1;6;2;0;1;8;1;0;0;0;0;0;0;1;89;87;122;130;2.15;1.61;3.76;-1;-1;-1;-1;-1;-1;-1;1;0;0;4;0;-1;-1;-1;-1;-1;-1;-1;-1;-1;-1;-1;0;25;67;84;100;42;67;83;42;8.5;0.83;0;2.75;Al Arabi;Kazma;2;1.44;1.5;1.17;1.38;1.69;100;75;34;17;0;50;50;42;1.66;1.53;3.19;2943;18;Y;Y;Y;N;N;N;N
818461;673891;18570;2019/2020;complete;53042;14;-1;68;;1;0;1;6;2;8;-1;-1;-1;-1;-1;-1;4;2;3;7;7;9;-1;-1;82;18;-1;-1;2.2;3.35;2.8;1.01;1.21;1.71;2.8;5.05;10;3.8;2;1.37;1.12;1.61;2.15;2.62;1.44;4;1.22;1.25;1.29;1.73;2.6;2.1;4;2.3;2.5;3.6;0;0;0;0;0;0;0;0;0;0;0;0;0;0;0;0;0;0;2.5;8;0;0;0;0;0;0;0;0;0;0;0;0;0;0;0;0;0;0;0;0;1;0;0;1;0;1;0;2020-02-14 13:45:00;673891;0;45;37;9;0;1;-1;2;0;4;2;2;6;-1;-1;-1;-1;-1;-1;1;0;0;0;0;1.21;1.08;2.29;-1;-1;-1;-1;-1;-1;-1;1;0;0;0;0;-1;-1;-1;-1;-1;-1;-1;-1;-1;-1;-1;0;15;38;77;92;44;84;70;23;8.03;0;0.4;2.2;Al Nasar;Al Shabab;1.11;1.11;0.57;1.67;0.75;1.33;100;86;62;24;9;62;40;31;1.32;1.1;2.42;2943;18;Y;N;N;N;N;N;N
818462;673889;673887;2019/2020;complete;53042;14;-1;5;23,69,86;1;3;4;3;5;8;0;5;0;0;0;0;5;7;4;10;9;17;11;22;50;50;0;0;3.35;3.65;1.83;1;1.11;1.43;2.1;3.5;13;5.25;2.55;1.65;1.25;1.43;2.6;5.5;1.12;3.75;1.25;1.8;1.22;1.3;3.5;2.5;2.38;3.25;2.88;2.2;0;0;0;0;0;0;0;0;0;0;0;0;0;0;0;0;0;0;8;4.33;0;0;0;0;0;0;0;0;0;0;0;0;0;0;0;0;0;0;0;0;4;1;1;0;2;2;2;2020-02-14 16:15:00;673887;0;70;17;31;0;1;-1;1;3;2;2;4;4;0;0;0;0;0;0;1;0;0;0;0;1.61;2.16;3.77;-1;-1;-1;-1;-1;-1;-1;1;1;0;0;0;-1;-1;-1;-1;-1;-1;-1;-1;-1;-1;-1;9;24;55;85;100;24;85;100;55;8.19;0.69;0;2.97;Al Tadhamon;Al Salmiyah;0.89;2.11;1.14;1.67;0.92;1.77;92;77;45;16;0;70;47;31;1.31;1.47;2.78;2943;18;Y;Y;Y;Y;N;N;Y
818463;18569;673888;2019/2020;complete;53042;14;-1;3,13,56,60,68;;5;0;5;7;2;9;-1;-1;-1;-1;-1;-1;7;3;6;5;13;8;-1;-1;50;50;-1;-1;1.16;5.9;13;1.01;1.16;1.56;2.4;4.2;11.5;4.45;2.25;1.49;1.18;2.3;1.54;1.5;2.5;8.5;1.05;1.01;1.1;4.5;1.57;2.62;11;1.4;3.25;11;0;0;0;0;0;0;0;0;0;0;0;0;0;0;0;0;0;0;0;0;0;0;0;0;0;0;0;0;0;0;0;0;0;0;0;0;0;0;0;0;5;2;0;3;0;3;2;2020-02-15 13:45:00;18569;0;62;16;15;0;1;-1;4;0;3;2;4;5;-1;-1;-1;-1;-1;-1;1;0;0;0;0;1.99;1.25;3.24;-1;-1;-1;-1;-1;-1;-1;1;1;0;1;0;-1;-1;-1;-1;-1;-1;-1;-1;-1;-1;-1;0;16;38;93;93;16;93;93;38;10.69;2.24;0;2.4;Al Qadsia;Yarmouk;2;0.56;2;0.71;2.08;0.54;100;85;62;7;7;72;63;31;2.05;1.52;3.57;2943;18;Y;Y;Y;Y;Y;N;N
818464;673890;11510;2019/2020;complete;53042;14;-1;78;18,51,69;1;3;4;1;8;9;-1;-1;-1;-1;-1;-1;2;8;6;13;8;21;-1;-1;37;63;-1;-1;7.75;5.35;1.26;1;1.1;1.39;2;3.25;13.75;5.55;2.7;1.69;1.28;1.71;2;8.5;1.05;2.1;1.67;3.5;1.11;1.06;7;2.75;1.67;7;3.25;1.5;0;0;0;0;0;0;0;0;0;0;0;0;0;0;0;0;0;0;17;2.25;0;0;0;0;0;0;0;0;1.11;1.57;2.75;6;6.5;2.25;1.4;1.12;0;0;0;0;4;0;1;1;2;3;1;2020-02-15 17:00:00;11510;0;42;0;9;0;1;-1;1;4;0;4;5;4;-1;-1;-1;-1;-1;-1;1;42;73;94;90;0.96;2.4;3.36;-1;-1;-1;-1;-1;-1;-1;1;0;0;0;1;-1;-1;-1;-1;-1;-1;-1;-1;-1;-1;-1;0;9;25;84;92;17;58;83;33;7.83;0;0;2.08;Al Sahel;Al Kuwait;0.78;2.56;1.17;2.33;1.08;2.18;100;92;75;17;9;50;33;9;1.15;1.76;2.91;2943;18;Y;Y;Y;Y;N;N;Y
818465;11510;18579;2019/2020;complete;53042;15;-1;15,83;9,58;2;2;4;-1;-1;-1;-1;-1;-1;-1;-1;-1;-1;-1;-1;-1;-1;-1;-1;-1;-1;-1;-1;-1;0;0;0;0;0;0;0;0;0;0;0;0;0;0;0;0;0;0;0;0;0;0;0;0;0;0;0;0;0;0;0;0;0;0;0;0;0;0;0;0;0;0;0;0;0;0;0;0;0;0;0;0;0;0;0;0;0;0;0;0;0;0;0;0;0;0;0;0;4;1;1;1;1;2;2;2020-08-21 18:15:00;-1;0;50;15;36;0;-1;-1;-1;-1;-1;-1;-1;-1;-1;-1;-1;-1;-1;-1;-1;0;0;0;0;0;0;0;-1;-1;-1;-1;-1;-1;-1;1;0;1;-1;-1;-1;-1;-1;-1;-1;-1;-1;-1;-1;-1;-1;29;36;50;86;93;29;71;86;57;12.28;1.28;0;3.22;Al Kuwait;Al Arabi;2.22;1.44;2.29;1.29;2.36;1.5;71;64;50;14;7;64;43;15;1.9;1.79;3.69;2943;18;Y;Y;Y;Y;N;N;Y
818466;673888;673890;2019/2020;complete;53042;15;-1;56;63;1;1;2;6;2;8;1;2;0;0;0;0;6;5;7;6;13;11;16;7;50;50;0;0;1.74;3.7;3.45;1.01;1.19;1.67;2.7;4.8;9.75;3.65;1.95;1.34;1.11;1.65;2;2;1.73;7.5;1.07;1.02;1.17;3;1.8;2.4;7;1.57;2.88;7.5;0;0;0;0;0;0;0;0;0;0;0;0;0;0;0;0;0;0;2.2;17;0;0;0;0;0;0;0;0;0;0;0;0;0;0;0;0;0;0;0;0;2;0;0;1;1;2;0;2020-08-20 18:15:00;-1;0;70;15;32;0;1;-1;1;1;5;1;2;6;0;0;0;0;0;0;1;0;0;0;0;1.64;1.36;3.01;-1;-1;-1;-1;-1;-1;-1;1;0;0;0;0;-1;-1;-1;-1;-1;-1;-1;-1;-1;-1;-1;15;40;69;100;100;38;85;100;62;7.33;0;0;3.3;Yarmouk;Al Sahel;0.33;1.22;0.33;1;0.5;1;86;61;31;0;0;67;50;42;0.92;1.07;1.99;2943;18;Y;Y;N;N;N;N;Y
818467;673887;18569;2019/2020;complete;53042;15;-1;-1,-1,-1;;3;0;3;1;8;9;2;1;0;0;0;0;9;10;4;12;13;22;14;15;50;50;0;0;1.16;4.2;4.5;1.01;1.25;1.75;2.75;0;13;3.75;2.05;1.4;1.14;1.9;1.8;2.1;1.66;6;1.11;1.1;1.2;2.62;1.95;2.37;5.5;1.8;2.75;5.5;0;0;0;1.72;0;0;0;0;2;0;0;0;0;0;0;1.33;13;3.4;2.4;10;0;0;0;0;0;0;0;0;0;0;0;0;0;0;0;0;0;0;0;0;3;0;0;0;0;0;0;2020-08-21 16:05:00;673887;0;57;22;29;1;-1;-1;-1;-1;-1;-1;-1;-1;0;0;0;0;0;0;1;0;0;0;0;1.8;2.64;4.44;-1;-1;-1;-1;-1;-1;-1;-1;-1;-1;-1;-1;-1;-1;-1;-1;-1;-1;-1;-1;-1;-1;-1;15;29;43;79;93;29;72;79;36;10.53;0;1.5;2.72;Al Salmiyah;Al Qadsia;1.78;2;1.86;2.14;1.86;2.14;86;72;58;22;7;72;34;25;1.46;1.49;2.95;2943;18;Y;Y;Y;N;N;N;N
818468;673892;673891;2019/2020;complete;53042;15;-1;;55;0;1;1;1;5;6;1;1;0;0;0;0;3;3;5;8;8;11;14;16;50;50;0;0;1.83;3.2;3.55;1.01;1.2;1.71;2.8;4.95;9.5;3.6;1.91;1.33;1.1;1.59;2.05;2.75;1.4;3.5;1.28;1.36;1.25;1.66;2.75;2.1;3.6;2.5;2.5;3.25;0;0;0;1.72;0;0;0;0;2;0;0;0;0;0;0;1.66;11;2.3;3.6;5;0;0;0;0;0;0;0;0;1.25;2.2;5;13;3.75;1.62;1.17;1.04;0;0;0;0;1;0;0;0;1;1;0;2020-08-21 16:05:00;673891;0;47;0;23;0;1;-1;1;4;0;1;5;1;0;0;0;0;0;0;1;59;81;62;69;1.14;1.48;2.62;-1;-1;-1;-1;-1;-1;-1;1;0;0;0;0;-1;-1;-1;-1;-1;-1;-1;-1;-1;-1;-1;16;31;45;84;100;24;68;100;61;6.93;1.38;0;2.75;Kazma;Al Nasar;1.67;1.22;2.14;0.83;1.57;0.86;85;69;55;17;0;40;32;0;1.62;1.16;2.78;2943;18;Y;N;N;N;N;N;N
818469;18570;673889;2019/2020;complete;53042;15;-1;51,90;56,77;2;2;4;2;7;9;0;2;0;0;0;0;5;7;3;2;8;9;15;12;50;50;0;0;1.91;3.85;2.85;1;1.14;1.51;2.3;3.95;11.25;4.3;2.2;1.48;1.16;1.49;2.3;3.5;1.29;4.5;1.17;1.33;1.22;1.73;2.5;2.38;3.5;2.3;2.75;3.2;0;0;0;0;0;0;0;0;0;0;0;0;0;0;0;0;0;0;4;6.5;0;0;0;0;0;0;0;0;0;0;0;0;0;0;0;0;0;0;0;0;4;0;0;2;2;4;0;2020-08-20 16:05:00;-1;0;83;34;67;0;1;-1;1;3;1;4;4;5;0;0;0;0;0;0;1;0;0;0;0;1.15;1.44;2.59;-1;-1;-1;-1;-1;-1;-1;1;0;0;0;1;-1;-1;-1;-1;-1;-1;-1;-1;-1;-1;-1;25;58;75;92;92;59;67;84;75;9;0;0;3.92;Al Shabab;Al Tadhamon;0.78;0.56;1;0.67;1.14;0.86;75;42;25;9;9;50;42;34;1.29;1.88;3.17;2943;18;Y;Y;Y;Y;N;N;Y
818470;18579;673891;2019/2020;complete;53042;16;-1;63;;1;0;1;6;3;9;0;1;0;0;0;0;7;4;6;4;13;8;16;15;46;54;0;0;1.67;3.45;4.05;1.01;1.24;1.8;3.05;5.5;8.75;3.3;1.8;1.27;1.08;1.74;1.87;2.62;1.44;4.33;1.2;1.22;1.28;1.83;2.6;2.1;4;2.2;2.5;3.75;0;0;0;0;0;0;0;0;0;0;0;0;0;0;0;0;0;0;3.2;7;0;0;0;0;0;0;0;0;0;0;0;0;0;0;0;0;0;0;0;0;1;0;0;1;0;1;0;2020-08-25 15:55:00;18579;0;36;0;22;0;1;-1;2;2;4;1;4;5;0;0;0;0;0;0;1;0;0;0;0;1.76;1.15;2.91;-1;-1;-1;-1;-1;-1;-1;1;0;0;0;0;-1;-1;-1;-1;-1;-1;-1;-1;-1;-1;-1;7;15;43;64;100;29;57;93;36;7.86;1.42;0;2.29;Al Arabi;Al Nasar;2;1.22;1.71;1.14;1.47;1;93;86;57;36;0;43;36;15;1.73;1.2;2.93;2943;18;Y;N;N;N;N;N;N
818471;11510;673888;2019/2020;complete;53042;16;-1;16,54,87;;3;0;3;8;2;10;4;1;0;0;0;0;9;0;9;4;18;4;10;14;65;35;0;0;1.09;6.95;13.25;1;1.14;1.53;2.35;4.05;11;4.2;2.2;1.45;1.16;2.55;1.39;1.4;2.75;9;1.04;1.01;1.06;6;1.44;2.87;12;1.28;3.75;15;0;0;0;0;2.1;0;0;0;0;1.66;0;0;0;0;0;1.1;15;7.5;1.5;26;0;0;0;0;0;0;0;0;1.14;1.8;3.5;8;5.5;1.91;1.29;1.08;0;0;0;0;3;1;0;2;0;2;1;2020-08-26 15:55:00;11510;0;50;26;32;0;1;-1;4;0;4;2;4;6;0;0;0;0;0;0;1;74;35;95;64;2.29;0.51;2.8;-1;-1;-1;-1;-1;-1;-1;1;0;0;0;0;-1;-1;-1;-1;-1;-1;-1;-1;-1;-1;-1;19;38;63;88;88;44;82;88;57;9.77;1.63;0;3.13;Al Kuwait;Yarmouk;2.22;0.56;2.13;0.63;2.27;0.53;82;63;38;13;13;54;41;13;1.9;1.49;3.39;2943;18;Y;Y;Y;N;N;N;N
818472;673890;673887;2019/2020;complete;53042;16;-1;;2,8,13,16;0;4;4;4;7;11;2;1;0;0;0;0;4;8;3;6;7;14;3;12;50;50;0;0;8.5;5.1;1.22;1;1.11;1.43;2.1;3.5;12.5;4.8;2.45;1.57;1.21;1.83;1.77;8.5;1.05;1.9;1.8;3.75;1.14;1.01;8;2.75;1.61;9;3.25;1.44;0;0;0;0;1.9;0;0;0;0;1.8;0;0;0;0;0;0;0;0;23;2.1;0;0;0;0;0;0;0;0;0;0;0;0;0;0;0;0;0;0;0;0;4;0;4;0;0;0;4;2020-08-26 18:00:00;673887;0;72;22;29;0;1;-1;3;3;1;4;6;5;0;0;0;0;0;0;1;0;0;0;0;1.26;2.03;3.29;-1;-1;-1;-1;-1;-1;-1;1;0;2;0;0;-1;-1;-1;-1;-1;-1;-1;-1;-1;-1;-1;7;36;50;79;93;22;65;93;57;7.86;0.43;0;2.86;Al Sahel;Al Salmiyah;0.78;2.11;1;1.86;1;1.93;93;64;50;22;7;71;36;15;1.12;1.56;2.68;2943;18;Y;Y;Y;Y;N;N;N
841792;673889;673892;2019/2020;complete;53042;16;-1;72;45,58;1;2;3;1;7;8;2;2;0;0;0;0;4;10;11;4;15;14;11;19;50;50;0;0;3.95;3.95;1.59;1;1.13;1.49;2.25;3.85;11.5;4.4;2.25;1.49;1.18;1.54;2.15;5.5;1.12;2.75;1.4;2.2;1.17;1.2;3.5;2.25;2.63;4;2.88;1.95;0;0;0;0;0;0;0;0;0;0;0;0;0;0;0;0;0;0;8.5;3.25;0;0;0;0;0;0;0;0;0;0;0;0;0;0;0;0;0;0;0;0;3;0;1;1;1;2;1;2020-08-25 18:00:00;673892;0;75;35;27;0;1;-1;1;3;0;4;4;4;0;0;0;0;0;0;1;0;0;0;0;1.57;2.18;3.75;-1;-1;-1;-1;-1;-1;-1;1;0;0;0;1;-1;-1;-1;-1;-1;-1;-1;-1;-1;-1;-1;0;34;68;94;100;48;80;93;47;7.32;1.18;0;2.96;Al Tadhamon;Kazma;0.89;1.44;1;1;0.87;1.47;100;66;32;7;0;61;48;34;1.36;1.55;2.91;2943;18;Y;Y;Y;N;N;N;Y
841793;18569;18570;2019/2020;complete;53042;16;-1;21,78;;2;0;2;5;0;5;2;1;0;0;0;0;4;2;4;4;8;6;12;15;56;44;0;0;1.09;7;12.25;1;1.09;1.39;2;3.3;13;5.05;2.55;1.62;1.24;2.2;1.53;1.57;2.25;9;1.04;1.01;1.06;5;1.8;2.5;7;1.3;3.75;12;0;0;0;0;0;0;0;0;0;0;0;0;0;0;0;0;0;0;0;0;0;0;0;0;0;0;0;0;0;0;0;0;0;0;0;0;0;0;0;0;2;1;0;1;0;1;1;2020-08-25 18:00:00;18569;0;41;14;7;0;1;-1;3;0;2;0;3;2;0;0;0;0;0;0;1;0;0;0;0;1.26;0.75;2.01;-1;-1;-1;-1;-1;-1;-1;1;0;0;2;0;-1;-1;-1;-1;-1;-1;-1;-1;-1;-1;-1;7;15;41;82;94;27;82;94;28;9.74;1.67;0.33;2.37;Al Qadsia;Al Shabab;2;1.11;2.14;1.25;2;1.13;93;86;60;19;7;82;55;27;2.04;1.08;3.12;2943;18;Y;Y;N;N;N;N;N
843708;673891;673889;2019/2020;complete;53042;17;-1;11,74;21;2;1;3;10;3;13;0;1;0;0;0;0;8;2;8;6;16;8;19;8;64;36;0;0;1.95;3.3;3.15;1.01;1.22;1.74;2.9;5.15;9.25;3.45;1.87;1.3;1.09;1.65;2;2.5;1.5;4.33;1.2;1.25;1.22;2.1;2.3;2.25;4.33;2.1;2.6;4;0;0;0;0;0;0;0;0;0;0;0;0;0;0;0;1.5;12;2.75;3;6.5;0;0;0;0;0;0;0;0;1.2;1.91;4;10;4.33;1.8;1.22;1.06;0;0;0;0;3;1;1;1;0;1;2;2020-08-30 15:45:00;673891;0;68;32;43;0;-1;-1;-1;-1;-1;-1;-1;-1;0;0;0;0;0;0;1;0;0;0;0;2.04;0.88;2.92;-1;-1;-1;-1;-1;-1;-1;1;0;0;-1;-1;-1;-1;-1;-1;-1;-1;-1;-1;-1;-1;-1;7;56;69;88;100;53;73;82;63;10;0;0;3.41;Al Nasar;Al Tadhamon;1.11;0.56;0.88;0.71;0.94;0.81;93;45;32;13;0;54;27;20;1.3;1.79;3.09;2943;18;Y;Y;Y;N;N;N;Y
843709;673888;18579;2019/2020;complete;53042;17;-1;45;28,32,78;1;3;4;5;5;10;0;1;0;0;0;0;3;8;3;5;6;13;17;15;47;53;0;0;1.29;4.85;6.65;0;0;0;0;0;0;0;0;0;0;0;0;0;0;0;0;0;0;0;0;0;0;0;0;0;0;0;0;0;0;0;0;0;0;0;0;0;0;0;0;0;0;0;0;0;0;0;0;0;0;0;0;0;0;0;0;0;0;0;0;0;0;0;0;0;4;1;2;0;1;1;3;2020-08-30 17:50:00;18579;0;75;7;54;0;1;-1;4;3;1;2;7;3;0;0;0;0;0;0;1;36;60;59;69;0.85;1.81;2.66;-1;-1;-1;-1;-1;-1;-1;1;0;0;0;2;-1;-1;-1;-1;-1;-1;-1;-1;-1;-1;-1;13;41;48;94;100;21;73;94;67;10.85;0;0;3;Yarmouk;Al Arabi;0.33;1.44;0.43;1.25;0.5;1.56;88;60;53;7;0;57;36;29;1.03;1.79;2.82;2943;18;Y;Y;Y;Y;N;N;Y
843710;673892;18569;2019/2020;complete;53042;17;-1;;38;0;1;1;-1;-1;-1;0;2;0;0;0;0;2;4;-1;-1;1;3;19;7;50;50;0;0;2.5;3.2;2.35;1.02;1.28;1.91;3.35;6.05;8;3.05;1.69;1.23;1.06;1.74;1.87;0;0;0;0;1.73;1.25;1.33;3.75;2.1;2.62;0;0;0;0;0;0;0;0;0;0;0;0;0;0;0;0;0;0;0;0;0;0;0;0;0;0;0;0;0;0;0;0;0;0;0;0;0;0;0;0;0;0;0;1;0;1;0;0;0;1;2020-08-31 17:50:00;18569;0;38;7;20;0;-1;-1;-1;-1;-1;-1;-1;-1;0;0;0;0;0;0;-1;0;0;0;0;0;0;0;-1;-1;-1;-1;-1;-1;-1;1;0;0;-1;-1;-1;-1;-1;-1;-1;-1;-1;-1;-1;-1;-1;7;19;38;82;94;19;75;75;38;8.38;1.13;0;2.38;Kazma;Al Qadsia;1.67;2;1.88;1.88;1.56;2.06;94;82;63;19;7;38;7;0;1.55;1.63;3.18;2943;18;Y;N;N;N;N;N;N
843711;673887;11510;2019/2020;complete;53042;17;-1;82;13,40,43,74;1;4;5;4;4;8;0;4;0;0;0;0;4;8;0;1;4;9;17;19;50;50;0;0;4.3;3.1;1.71;1.01;1.25;1.83;3.1;5.55;8.5;3.25;1.77;1.27;1.07;1.74;1.87;4.5;1.17;2.62;1.44;1.91;1.3;1.14;4.5;2.1;2.38;4;2.6;2.1;0;0;0;0;0;0;0;0;0;0;0;0;0;0;0;2.62;11;0;8;3.2;0;0;0;0;0;0;0;0;1.22;2;4.33;11;4;1.73;1.2;1.05;0;0;0;0;5;0;3;1;1;2;3;2020-08-31 17:50:00;11510;0;53;15;29;0;1;-1;3;2;1;2;5;3;0;0;0;0;0;0;1;4;12;4;7;0.56;1.2;1.76;-1;-1;-1;-1;-1;-1;-1;1;0;0;0;1;-1;-1;-1;-1;-1;-1;-1;-1;-1;-1;-1;13;26;59;94;100;27;68;87;47;10.43;0;1;3.04;Al Salmiyah;Al Kuwait;1.78;2.56;2;2.43;2;2.31;88;75;41;7;0;72;43;29;1.51;1.85;3.36;2943;18;Y;Y;Y;Y;Y;N;Y
843712;18570;673890;2019/2020;complete;53042;17;-1;;-1,-1;0;2;2;-1;-1;-1;0;3;0;0;0;0;2;4;-1;-1;1;3;6;13;50;50;0;0;1.36;3;2.88;0;0;1.95;0;0;0;0;1.85;0;0;1.85;1.85;0;0;0;0;1.2;1.25;1.83;2.4;2.1;4.5;2.2;2.4;4;0;0;0;0;0;0;0;0;0;0;0;0;0;0;0;1.57;9.5;2.63;3;7;0;0;0;0;0;0;0;0;0;0;0;0;0;0;0;0;0;0;0;0;2;0;0;0;0;0;0;2020-08-30 15:45:00;673890;0;75;34;41;1;-1;-1;-1;-1;-1;-1;-1;-1;0;0;0;0;0;0;-1;0;0;0;0;0;0;0;-1;-1;-1;-1;-1;-1;-1;-1;-1;-1;-1;-1;-1;-1;-1;-1;-1;-1;-1;-1;-1;-1;-1;27;34;60;93;93;48;66;86;60;6.71;1.04;0;3.34;Al Shabab;Al Sahel;0.78;1.22;1;1;1.06;0.94;73;66;41;7;7;64;50;43;1.27;1.11;2.38;2943;18;Y;Y;N;N;N;N;N
843713;673890;673892;2019/2020;complete;53042;18;-1;-1;-1,-1,-1,-1;1;4;5;-1;-1;-1;-1;-1;-1;-1;-1;-1;-1;-1;-1;-1;-1;-1;-1;-1;-1;-1;-1;-1;5.5;3.8;1.43;1;1.16;1.57;2.45;4.25;10.5;4;2.1;1.42;1.14;1.62;2;0;0;0;0;0;0;0;5;2.4;2.05;4.75;2.87;1.83;0;0;0;0;0;0;0;0;0;0;0;0;0;0;0;3;15;1.4;11;2.87;0;0;0;0;0;0;0;0;1.17;1.8;3.5;8;5;1.91;1.29;1.08;0;0;0;0;5;0;0;0;0;0;0;2020-09-03 15:40:00;673892;0;69;25;32;1;-1;-1;-1;-1;-1;-1;-1;-1;-1;-1;-1;-1;-1;-1;-1;0;0;0;0;0;0;0;-1;-1;-1;-1;-1;-1;-1;-1;-1;-1;-1;-1;-1;-1;-1;-1;-1;-1;-1;-1;-1;-1;-1;0;38;63;88;94;38;63;82;44;7.5;0.76;0;2.82;Al Sahel;Kazma;0.78;1.44;0.88;1.25;1.06;1.47;100;63;38;13;7;69;44;26;1.14;1.64;2.78;2943;18;Y;Y;Y;Y;Y;N;Y
843714;18570;11510;2019/2020;complete;53042;18;-1;37;5,11,60,70,90;1;5;6;2;12;14;0;4;0;0;0;0;3;10;5;11;8;21;12;12;50;50;0;0;9.5;6.25;1.15;1;1.07;1.32;1.87;2.95;14;5.6;2.8;1.74;1.29;1.8;1.8;0;0;0;0;0;0;0;9.5;3.1;1.5;9;3.75;1.33;0;0;0;0;0;0;0;0;0;0;0;0;0;0;0;5;23;1.16;23;1.95;0;0;0;0;0;0;0;0;1.11;1.53;2.62;5.5;6.5;2.38;1.44;1.14;0;0;0;0;6;1;2;0;3;3;3;2020-09-03 17:45:00;11510;0;63;22;41;0;1;-1;0;6;2;6;6;8;0;0;0;0;0;0;1;70;95;103;93;1.23;2.69;3.92;-1;-1;-1;-1;-1;-1;-1;1;0;1;0;5;-1;-1;-1;-1;-1;-1;-1;-1;-1;-1;-1;19;32;50;94;94;44;69;76;50;8.5;0.63;0;3.07;Al Shabab;Al Kuwait;0.78;2.56;0.88;2.5;1;2.35;82;69;50;7;7;48;34;28;1.27;1.77;3.04;2943;18;Y;Y;Y;Y;Y;Y;Y
843715;18579;673889;2019/2020;complete;53042;18;-1;-1,-1;;2;0;2;-1;-1;-1;-1;-1;-1;-1;-1;-1;-1;-1;-1;-1;-1;-1;-1;-1;-1;-1;-1;-1;1.16;5.9;9;1;1.11;1.44;2.15;3.6;12.25;4.7;2.4;1.54;1.2;1.87;1.71;0;0;0;0;0;0;0;1.62;2.75;8;1.44;3.25;8.5;0;0;0;0;0;0;0;0;0;0;0;0;0;0;0;1.18;17;4.75;2;21;0;0;0;0;0;0;0;0;1.14;1.73;3.25;7;5.5;2;1.33;1.1;0;0;0;0;2;0;0;0;0;0;0;2020-09-03 15:40:00;18579;0;57;13;50;1;-1;-1;-1;-1;-1;-1;-1;-1;-1;-1;-1;-1;-1;-1;-1;0;0;0;0;0;0;0;-1;-1;-1;-1;-1;-1;-1;-1;-1;-1;-1;-1;-1;-1;-1;-1;-1;-1;-1;-1;-1;-1;-1;7;38;75;82;100;38;63;94;57;9.88;0.76;0;3.19;Al Arabi;Al Tadhamon;2;0.56;1.88;0.63;1.65;0.76;94;63;25;19;0;57;32;25;1.73;1.64;3.37;2943;18;Y;Y;N;N;N;N;N
843716;18569;673891;2019/2020;complete;53042;18;-1;;66;0;1;1;14;3;17;2;1;0;0;0;0;7;5;16;2;23;7;7;8;50;50;0;0;2;2.95;3.3;1.02;1.28;1.91;3.3;6;8;3.05;1.69;1.24;1.06;1.71;1.91;0;0;0;0;0;0;0;0;0;0;0;0;0;0;0;0;0;0;0;0;0;0;0;0;0;0;0;0;0;0;0;0;0;0;0;0;0;0;0;0;0;0;0;0;0;0;0;0;0;0;0;0;0;1;0;0;0;1;1;0;2020-09-03 15:40:00;673891;0;44;7;7;0;-1;-1;-1;-1;-1;-1;-1;-1;0;0;0;0;0;0;1;0;0;0;0;2.61;1.05;3.66;-1;-1;-1;-1;-1;-1;-1;1;0;0;-1;-1;-1;-1;-1;-1;-1;-1;-1;-1;-1;-1;-1;13;25;32;75;100;25;69;100;38;9.51;2.13;0;2.44;Al Qadsia;Al Nasar;2;1.22;2.25;1;2.12;1.06;88;75;69;25;0;69;51;13;1.94;1.2;3.14;2943;18;Y;N;N;N;N;N;N
843717;673888;673887;2019/2020;complete;53042;18;-1;-1,-1;-1,-1,-1,-1;2;4;6;-1;-1;-1;-1;-1;-1;-1;-1;-1;-1;-1;-1;-1;-1;-1;-1;-1;-1;-1;-1;-1;4.75;5.15;1.37;1;1.1;1.42;2.1;3.45;12.5;4.85;2.45;1.57;1.22;1.59;2.05;0;0;0;0;0;0;0;5.5;2.6;1.91;5.5;3;1.66;0;0;0;0;0;0;0;0;0;0;0;0;0;0;0;3.25;19;1.33;15;2.75;0;0;0;0;0;0;0;0;1.14;1.67;3;6.5;5.5;2.1;1.36;1.11;0;0;0;0;6;0;0;0;0;0;0;2020-09-03 15:40:00;673887;0;82;26;38;1;-1;-1;-1;-1;-1;-1;-1;-1;-1;-1;-1;-1;-1;-1;-1;0;0;0;0;0;0;0;-1;-1;-1;-1;-1;-1;-1;-1;-1;-1;-1;-1;-1;-1;-1;-1;-1;-1;-1;-1;-1;-1;-1;7;50;69;94;100;44;82;94;63;9.5;0.13;0;3.38;Yarmouk;Al Salmiyah;0.33;2.11;0.38;2;0.47;1.88;94;50;32;7;0;63;44;32;1.01;1.62;2.63;2943;18;Y;Y;Y;Y;Y;Y;Y
