ID;HOMEID;AWAYID;SEASON;STATUS;ROUNDID;GAME_WEEK;REVISED_GAME_WEEK;HOMEGOALS;AWAYGOALS;HOMEGOALCOUNT;AWAYGOALCOUNT;TOTALGOALCOUNT;TEAM_A_CORNERS;TEAM_B_CORNERS;TOTALCORNERCOUNT;TEAM_A_OFFSIDES;TEAM_B_OFFSIDES;TEAM_A_YELLOW_CARDS;TEAM_B_YELLOW_CARDS;TEAM_A_RED_CARDS;TEAM_B_RED_CARDS;TEAM_A_SHOTSONTARGET;TEAM_B_SHOTSONTARGET;TEAM_A_SHOTSOFFTARGET;TEAM_B_SHOTSOFFTARGET;TEAM_A_SHOTS;TEAM_B_SHOTS;TEAM_A_FOULS;TEAM_B_FOULS;TEAM_A_POSSESSION;TEAM_B_POSSESSION;TEAM_A_CARDS_NUM;TEAM_B_CARDS_NUM;ODDS_FT_1;ODDS_FT_X;ODDS_FT_2;ODDS_FT_OVER05;ODDS_FT_OVER15;ODDS_FT_OVER25;ODDS_FT_OVER35;ODDS_FT_OVER45;ODDS_FT_UNDER05;ODDS_FT_UNDER15;ODDS_FT_UNDER25;ODDS_FT_UNDER35;ODDS_FT_UNDER45;ODDS_BTTS_YES;ODDS_BTTS_NO;ODDS_TEAM_A_CS_YES;ODDS_TEAM_A_CS_NO;ODDS_TEAM_B_CS_YES;ODDS_TEAM_B_CS_NO;ODDS_DOUBLECHANCE_1X;ODDS_DOUBLECHANCE_12;ODDS_DOUBLECHANCE_X2;ODDS_1ST_HALF_RESULT_1;ODDS_1ST_HALF_RESULT_X;ODDS_1ST_HALF_RESULT_2;ODDS_2ND_HALF_RESULT_1;ODDS_2ND_HALF_RESULT_X;ODDS_2ND_HALF_RESULT_2;ODDS_DNB_1;ODDS_DNB_2;ODDS_CORNERS_OVER_75;ODDS_CORNERS_OVER_85;ODDS_CORNERS_OVER_95;ODDS_CORNERS_OVER_105;ODDS_CORNERS_OVER_115;ODDS_CORNERS_UNDER_75;ODDS_CORNERS_UNDER_85;ODDS_CORNERS_UNDER_95;ODDS_CORNERS_UNDER_105;ODDS_CORNERS_UNDER_115;ODDS_CORNERS_1;ODDS_CORNERS_X;ODDS_CORNERS_2;ODDS_TEAM_TO_SCORE_FIRST_1;ODDS_TEAM_TO_SCORE_FIRST_X;ODDS_TEAM_TO_SCORE_FIRST_2;ODDS_WIN_TO_NIL_1;ODDS_WIN_TO_NIL_2;ODDS_1ST_HALF_OVER05;ODDS_1ST_HALF_OVER15;ODDS_1ST_HALF_OVER25;ODDS_1ST_HALF_OVER35;ODDS_1ST_HALF_UNDER05;ODDS_1ST_HALF_UNDER15;ODDS_1ST_HALF_UNDER25;ODDS_1ST_HALF_UNDER35;ODDS_2ND_HALF_OVER05;ODDS_2ND_HALF_OVER15;ODDS_2ND_HALF_OVER25;ODDS_2ND_HALF_OVER35;ODDS_2ND_HALF_UNDER05;ODDS_2ND_HALF_UNDER15;ODDS_2ND_HALF_UNDER25;ODDS_2ND_HALF_UNDER35;ODDS_BTTS_1ST_HALF_YES;ODDS_BTTS_1ST_HALF_NO;ODDS_BTTS_2ND_HALF_YES;ODDS_BTTS_2ND_HALF_NO;OVERALLGOALCOUNT;HT_GOALS_TEAM_A;HT_GOALS_TEAM_B;GOALS_2HG_TEAM_A;GOALS_2HG_TEAM_B;GOALCOUNT_2HG;HTGOALCOUNT;DATE_UNIX;WINNINGTEAM;NO_HOME_AWAY;BTTS_POTENTIAL;BTTS_FHG_POTENTIAL;BTTS_2HG_POTENTIAL;GOALTIMINGDISABLED;CORNER_TIMINGS_RECORDED;CARD_TIMINGS_RECORDED;TEAM_A_FH_CORNERS;TEAM_B_FH_CORNERS;TEAM_A_2H_CORNERS;TEAM_B_2H_CORNERS;CORNER_FH_COUNT;CORNER_2H_COUNT;TEAM_A_FH_CARDS;TEAM_B_FH_CARDS;TEAM_A_2H_CARDS;TEAM_B_2H_CARDS;TOTAL_FH_CARDS;TOTAL_2H_CARDS;ATTACKS_RECORDED;TEAM_A_DANGEROUS_ATTACKS;TEAM_B_DANGEROUS_ATTACKS;TEAM_A_ATTACKS;TEAM_B_ATTACKS;TEAM_A_XG;TEAM_B_XG;TOTAL_XG;TEAM_A_PENALTIES_WON;TEAM_B_PENALTIES_WON;TEAM_A_PENALTY_GOALS;TEAM_B_PENALTY_GOALS;TEAM_A_PENALTY_MISSED;TEAM_B_PENALTY_MISSED;PENS_RECORDED;GOAL_TIMINGS_RECORDED;TEAM_A_0_10_MIN_GOALS;TEAM_B_0_10_MIN_GOALS;TEAM_A_CORNERS_0_10_MIN;TEAM_B_CORNERS_0_10_MIN;TEAM_A_CARDS_0_10_MIN;TEAM_B_CARDS_0_10_MIN;THROWINS_RECORDED;TEAM_A_THROWINS;TEAM_B_THROWINS;FREEKICKS_RECORDED;TEAM_A_FREEKICKS;TEAM_B_FREEKICKS;GOALKICKS_RECORDED;TEAM_A_GOALKICKS;TEAM_B_GOALKICKS;O45_POTENTIAL;O35_POTENTIAL;O25_POTENTIAL;O15_POTENTIAL;O05_POTENTIAL;O15HT_POTENTIAL;O05HT_POTENTIAL;O05_2H_POTENTIAL;O15_2H_POTENTIAL;CORNERS_POTENTIAL;OFFSIDES_POTENTIAL;CARDS_POTENTIAL;AVG_POTENTIAL;HOME_NAME;AWAY_NAME;HOME_PPG;AWAY_PPG;PRE_MATCH_HOME_PPG;PRE_MATCH_AWAY_PPG;PRE_MATCH_TEAMA_OVERALL_PPG;PRE_MATCH_TEAMB_OVERALL_PPG;U45_POTENTIAL;U35_POTENTIAL;U25_POTENTIAL;U15_POTENTIAL;U05_POTENTIAL;CORNERS_O85_POTENTIAL;CORNERS_O95_POTENTIAL;CORNERS_O105_POTENTIAL;TEAM_A_XG_PREMATCH;TEAM_B_XG_PREMATCH;TOTAL_XG_PREMATCH;COMPETITION_ID;MATCHES_COMPLETED_MINIMUM;OVER05;OVER15;OVER25;OVER35;OVER45;OVER55;BTTS
65016;895;906;2015/2016;complete;307;1;-1;65,79,81,84,89;55,61,63,75;5;4;9;9;4;13;0;2;2;2;0;0;6;5;9;5;15;10;25;14;50;50;2;2;2.07;3.58;3.61;0;0;0;0;0;0;0;0;0;0;0;0;0;0;0;0;0;0;0;0;0;0;0;0;0;0;0;0;0;0;0;0;0;0;0;0;0;0;0;0;0;0;0;0;0;0;0;0;0;0;0;0;0;0;0;0;0;0;0;0;0;0;0;0;0;9;0;0;5;4;9;0;2015-07-18 15:45:00;895;0;0;0;0;0;-1;1;-1;-1;-1;-1;-1;-1;0;0;2;2;0;4;-1;0;0;0;0;0;0;0;0;0;0;0;0;0;1;1;0;0;-1;-1;0;0;-1;-1;-1;-1;-1;-1;-1;-1;-1;0;0;0;0;0;0;0;0;0;0;0;0;0;Lausanne Sport;Biel-Bienne;1.53;0.89;0;0;0;0;0;0;0;0;0;0;0;0;0;0;0;219;18;Y;Y;Y;Y;Y;Y;Y
65017;903;899;2015/2016;complete;307;1;-1;13;10,35;1;2;3;-1;-1;-1;-1;-1;1;3;0;1;-1;-1;-1;-1;-1;-1;-1;-1;-1;-1;1;4;1.9;3.68;4.13;0;0;0;0;0;0;0;0;0;0;0;0;0;0;0;0;0;0;0;0;0;0;0;0;0;0;0;0;0;0;0;0;0;0;0;0;0;0;0;0;0;0;0;0;0;0;0;0;0;0;0;0;0;0;0;0;0;0;0;0;0;0;0;0;0;3;1;2;0;0;0;3;2015-07-18 15:45:00;899;0;0;0;0;0;-1;1;-1;-1;-1;-1;-1;-1;0;1;1;3;1;4;-1;0;0;0;0;0;0;0;0;0;0;0;0;0;1;1;0;1;-1;-1;0;0;-1;-1;-1;-1;-1;-1;-1;-1;-1;0;0;0;0;0;0;0;0;0;0;0;0;0;Winterthur;Wil;1.18;1.18;0;0;0;0;0;0;0;0;0;0;0;0;0;0;0;219;34;Y;Y;Y;N;N;N;Y
65018;904;901;2015/2016;complete;307;1;-1;60;72;1;1;2;1;4;5;1;2;2;4;0;0;3;3;4;5;7;8;20;15;48;52;2;4;2.37;3.44;3.06;0;0;0;0;0;0;0;0;0;0;0;0;0;0;0;0;0;0;0;0;0;0;0;0;0;0;0;0;0;0;0;0;0;0;0;0;0;0;0;0;0;0;0;0;0;0;0;0;0;0;0;0;0;0;0;0;0;0;0;0;0;0;0;0;0;2;0;0;1;1;2;0;2015-07-19 13:00:00;-1;0;0;0;0;0;-1;1;-1;-1;-1;-1;-1;-1;1;2;1;2;3;3;-1;0;0;0;0;0;0;0;0;0;0;0;0;0;1;1;0;0;-1;-1;0;0;-1;-1;-1;-1;-1;-1;-1;-1;-1;0;0;0;0;0;0;0;0;0;0;0;0;0;Le Mont;Chiasso;1.59;0.82;0;0;0;0;0;0;0;0;0;0;0;0;0;0;0;219;34;Y;Y;N;N;N;N;Y
65019;902;900;2015/2016;complete;307;1;-1;9,48;89;2;1;3;8;4;12;0;2;2;6;1;1;7;4;3;6;10;10;13;18;48;52;3;7;1.9;3.7;4.1;0;0;0;0;0;0;0;0;0;0;0;0;0;0;0;0;0;0;0;0;0;0;0;0;0;0;0;0;0;0;0;0;0;0;0;0;0;0;0;0;0;0;0;0;0;0;0;0;0;0;0;0;0;0;0;0;0;0;0;0;0;0;0;0;0;3;1;0;1;1;2;1;2015-07-19 13:00:00;902;0;0;0;0;0;-1;1;-1;-1;-1;-1;-1;-1;2;3;1;4;5;5;-1;0;0;0;0;0;0;0;0;0;0;0;0;0;1;1;1;0;-1;-1;0;0;-1;-1;-1;-1;-1;-1;-1;-1;-1;0;0;0;0;0;0;0;0;0;0;0;0;0;FC Schaffhausen;Neuchâtel Xamax;1.76;1;0;0;0;0;0;0;0;0;0;0;0;0;0;0;0;219;34;Y;Y;Y;N;N;N;Y
65020;897;905;2015/2016;complete;307;1;-1;52;85;1;1;2;6;3;9;3;2;3;3;0;0;2;3;3;5;5;8;12;7;57;43;3;3;1.72;4.01;4.74;0;0;0;0;0;0;0;0;0;0;0;0;0;0;0;0;0;0;0;0;0;0;0;0;0;0;0;0;0;0;0;0;0;0;0;0;0;0;0;0;0;0;0;0;0;0;0;0;0;0;0;0;0;0;0;0;0;0;0;0;0;0;0;0;0;2;0;0;1;1;2;0;2015-07-20 17:45:00;-1;0;0;0;0;0;-1;1;-1;-1;-1;-1;-1;-1;2;1;1;2;3;3;-1;0;0;0;0;0;0;0;0;0;0;0;0;0;1;1;0;0;-1;-1;0;0;-1;-1;-1;-1;-1;-1;-1;-1;-1;0;0;0;0;0;0;0;0;0;0;0;0;0;Aarau;Wohlen;1.65;0.88;0;0;0;0;0;0;0;0;0;0;0;0;0;0;0;219;34;Y;Y;N;N;N;N;Y
65021;899;897;2015/2016;complete;307;2;-1;;;0;0;0;5;5;10;2;0;3;2;0;0;3;4;2;5;5;9;13;10;54;46;3;2;2.75;3.53;2.54;0;0;0;0;0;0;0;0;0;0;0;0;0;0;0;0;0;0;0;0;0;0;0;0;0;0;0;0;0;0;0;0;0;0;0;0;0;0;0;0;0;0;0;0;0;0;0;0;0;0;0;0;0;0;0;0;0;0;0;0;0;0;0;0;0;0;0;0;0;0;0;0;2015-07-25 15:45:00;-1;0;0;0;0;0;-1;1;-1;-1;-1;-1;-1;-1;3;1;0;1;4;1;-1;0;0;0;0;0;0;0;0;0;0;0;0;0;1;1;0;0;-1;-1;0;0;-1;-1;-1;-1;-1;-1;-1;-1;-1;0;0;0;0;0;0;0;0;0;0;0;0;0;Wil;Aarau;1.94;1.29;0;0;3;1;0;0;0;0;0;0;0;0;0;0;0;219;34;N;N;N;N;N;N;N
65022;905;904;2015/2016;complete;307;2;-1;16,37;12,48;2;2;4;6;6;12;3;1;1;4;0;0;0;7;7;5;7;12;16;17;60;40;1;4;1.76;3.85;4.74;0;0;0;0;0;0;0;0;0;0;0;0;0;0;0;0;0;0;0;0;0;0;0;0;0;0;0;0;0;0;0;0;0;0;0;0;0;0;0;0;0;0;0;0;0;0;0;0;0;0;0;0;0;0;0;0;0;0;0;0;0;0;0;0;0;4;2;1;0;1;1;3;2015-07-25 15:45:00;-1;0;0;0;0;0;-1;1;-1;-1;-1;-1;-1;-1;0;0;1;4;0;5;-1;0;0;0;0;0;0;0;0;0;0;0;0;0;1;1;0;0;-1;-1;0;0;-1;-1;-1;-1;-1;-1;-1;-1;-1;0;0;0;0;0;0;0;0;0;0;0;0;0;Wohlen;Le Mont;1.24;0.29;0;0;1;1;0;0;0;0;0;0;0;0;0;0;0;219;34;Y;Y;Y;Y;N;N;Y
65023;901;902;2015/2016;complete;307;2;-1;49,74,80;;3;0;3;5;4;9;1;2;0;1;0;0;0;5;6;3;6;8;8;11;54;46;0;1;2.82;3.37;2.57;0;0;0;0;0;0;0;0;0;0;0;0;0;0;0;0;0;0;0;0;0;0;0;0;0;0;0;0;0;0;0;0;0;0;0;0;0;0;0;0;0;0;0;0;0;0;0;0;0;0;0;0;0;0;0;0;0;0;0;0;0;0;0;0;0;3;0;0;3;0;3;0;2015-07-26 13:00:00;901;0;0;0;0;0;-1;1;-1;-1;-1;-1;-1;-1;0;1;0;0;1;0;-1;0;0;0;0;0;0;0;0;0;0;0;0;0;1;1;0;0;-1;-1;0;0;-1;-1;-1;-1;-1;-1;-1;-1;-1;0;0;0;0;0;0;0;0;0;0;0;0;0;Chiasso;FC Schaffhausen;1.35;1;0;0;1;3;0;0;0;0;0;0;0;0;0;0;0;219;34;Y;Y;Y;N;N;N;N
65024;900;895;2015/2016;complete;307;2;-1;34;;1;0;1;-1;-1;-1;-1;-1;5;4;0;0;-1;-1;-1;-1;-1;-1;-1;-1;-1;-1;5;4;2.42;3.54;2.9;0;0;0;0;0;0;0;0;0;0;0;0;0;0;0;0;0;0;0;0;0;0;0;0;0;0;0;0;0;0;0;0;0;0;0;0;0;0;0;0;0;0;0;0;0;0;0;0;0;0;0;0;0;0;0;0;0;0;0;0;0;0;0;0;0;1;1;0;0;0;0;1;2015-07-27 17:45:00;900;0;0;0;0;0;-1;1;-1;-1;-1;-1;-1;-1;0;0;5;4;0;9;-1;0;0;0;0;0;0;0;0;0;0;0;0;0;1;1;0;0;-1;-1;0;0;-1;-1;-1;-1;-1;-1;-1;-1;-1;0;0;0;0;0;0;0;0;0;0;0;0;0;Neuchâtel Xamax;Lausanne Sport;2.18;2.29;0;0;0;3;0;0;0;0;0;0;0;0;0;0;0;219;34;Y;N;N;N;N;N;N
65025;895;901;2015/2016;complete;307;3;-1;4;45,55;1;2;3;-1;-1;-1;-1;-1;4;1;0;0;-1;-1;-1;-1;-1;-1;-1;-1;-1;-1;4;1;2.13;3.62;3.46;0;0;0;0;0;0;0;0;0;0;0;0;0;0;0;0;0;0;0;0;0;0;0;0;0;0;0;0;0;0;0;0;0;0;0;0;0;0;0;0;0;0;0;0;0;0;0;0;0;0;0;0;0;0;0;0;0;0;0;0;0;0;0;0;0;3;1;1;0;1;1;2;2015-08-01 13:00:00;901;0;100;0;100;0;-1;1;-1;-1;-1;-1;-1;-1;1;0;3;1;1;4;-1;0;0;0;0;0;0;0;0;0;0;0;0;0;1;1;1;0;-1;-1;0;0;-1;-1;-1;-1;-1;-1;-1;-1;-1;50;50;50;100;100;0;0;100;100;13;2;6;5.5;Lausanne Sport;Chiasso;1.53;0.82;3;1;1.5;2;50;50;50;0;0;50;50;50;0;0;0;219;34;Y;Y;Y;N;N;N;Y
65026;902;904;2015/2016;complete;307;3;-1;20,90;;2;0;2;-1;-1;-1;-1;-1;1;1;0;1;-1;-1;-1;-1;-1;-1;-1;-1;-1;-1;1;2;2.03;3.73;3.65;0;0;0;0;0;0;0;0;0;0;0;0;0;0;0;0;0;0;0;0;0;0;0;0;0;0;0;0;0;0;0;0;0;0;0;0;0;0;0;0;0;0;0;0;0;0;0;0;0;0;0;0;0;0;0;0;0;0;0;0;0;0;0;0;0;2;1;0;1;0;1;1;2015-08-01 13:00:00;902;0;100;50;50;0;-1;1;-1;-1;-1;-1;-1;-1;1;1;0;1;2;1;-1;0;0;0;0;0;0;0;1;0;1;0;0;0;1;1;0;0;-1;-1;0;0;-1;-1;-1;-1;-1;-1;-1;-1;-1;0;50;100;100;100;50;100;100;50;14;1;7;3.5;FC Schaffhausen;Le Mont;1.76;0.29;3;1;1.5;1;100;50;0;0;0;100;100;100;0;0;0;219;34;Y;Y;N;N;N;N;N
65027;897;906;2015/2016;complete;307;3;-1;9,20;65,72,74;2;3;5;-1;-1;-1;-1;-1;1;2;1;0;-1;-1;-1;-1;-1;-1;-1;-1;-1;-1;3;2;2.01;3.72;3.71;0;0;0;0;0;0;0;0;0;0;0;0;0;0;0;0;0;0;0;0;0;0;0;0;0;0;0;0;0;0;0;0;0;0;0;0;0;0;0;0;0;0;0;0;0;0;0;0;0;0;0;0;0;0;0;0;0;0;0;0;0;0;0;0;0;5;2;0;0;3;3;2;2015-08-02 13:00:00;906;0;100;0;100;0;-1;1;-1;-1;-1;-1;-1;-1;1;1;1;1;2;2;-1;0;0;0;0;0;0;0;0;1;0;1;0;0;1;1;1;0;-1;-1;0;0;-1;-1;-1;-1;-1;-1;-1;-1;-1;50;50;50;100;100;0;0;100;100;10;5;5;5.5;Aarau;Biel-Bienne;1.65;0.89;1;0;1;0;50;50;50;0;0;100;50;50;0;0;0;219;18;Y;Y;Y;Y;Y;N;Y
65028;900;899;2015/2016;complete;307;3;-1;29;62,65,78;1;3;4;10;5;15;1;2;3;4;0;1;8;4;5;5;13;9;14;13;45;55;3;5;2.3;3.58;3.12;0;0;0;0;0;0;0;0;0;0;0;0;0;0;0;0;0;0;0;0;0;0;0;0;0;0;0;0;0;0;0;0;0;0;0;0;0;0;0;0;0;0;0;0;0;0;0;0;0;0;0;0;0;0;0;0;0;0;0;0;0;0;0;0;0;4;1;0;0;3;3;1;2015-08-02 13:00:00;899;0;50;50;0;0;-1;1;-1;-1;-1;-1;-1;-1;1;0;2;5;1;7;-1;0;0;0;0;0;0;0;0;0;0;0;0;0;1;1;0;0;-1;-1;0;0;-1;-1;-1;-1;-1;-1;-1;-1;-1;0;0;50;50;100;50;100;0;0;0;0;9;2;Neuchâtel Xamax;Wil;2.18;1.18;3;3;1.5;2;100;100;50;50;0;0;0;0;0;0;0;219;34;Y;Y;Y;Y;N;N;Y
65029;903;905;2015/2016;complete;307;3;-1;;;0;0;0;7;5;12;3;6;2;0;0;0;9;3;5;7;14;10;13;10;45;55;2;0;2.05;3.72;3.6;0;0;0;0;0;0;0;0;0;0;0;0;0;0;0;0;0;0;0;0;0;0;0;0;0;0;0;0;0;0;0;0;0;0;0;0;0;0;0;0;0;0;0;0;0;0;0;0;0;0;0;0;0;0;0;0;0;0;0;0;0;0;0;0;0;0;0;0;0;0;0;0;2015-08-03 17:45:00;-1;0;100;50;50;0;-1;1;-1;-1;-1;-1;-1;-1;0;0;2;0;0;2;-1;0;0;0;0;0;0;0;0;0;0;0;0;0;1;1;0;0;-1;-1;0;0;-1;-1;-1;-1;-1;-1;-1;-1;-1;0;0;50;100;100;50;50;50;50;3;1;4;2.5;Winterthur;Wohlen;1.18;0.88;0;1;0;1;100;100;50;0;0;50;0;0;0;0;0;219;34;N;N;N;N;N;N;N
65030;906;899;2015/2016;complete;307;4;-1;;;0;0;0;5;2;7;1;5;2;2;0;0;3;4;5;3;8;7;8;11;38;62;2;2;2.6;3.6;2.65;0;0;0;0;0;0;0;0;0;0;0;0;0;0;0;0;0;0;0;0;0;0;0;0;0;0;0;0;0;0;0;0;0;0;0;0;0;0;0;0;0;0;0;0;0;0;0;0;0;0;0;0;0;0;0;0;0;0;0;0;0;0;0;0;0;0;0;0;0;0;0;0;2015-08-08 15:45:00;-1;0;50;25;0;0;-1;1;-1;-1;-1;-1;-1;-1;1;2;1;0;3;1;-1;0;0;0;0;0;0;0;0;0;0;0;0;0;1;1;0;0;-1;-1;1;1;-1;-1;-1;-1;-1;-1;-1;-1;-1;0;25;50;50;50;25;50;25;25;5;0.5;4.5;1.75;Biel-Bienne;Wil;1.44;1.18;0;3;1.5;2.33;50;25;0;0;0;50;50;50;0;0;0;219;18;N;N;N;N;N;N;N
65031;901;897;2015/2016;complete;307;4;-1;85;84;1;1;2;3;8;11;4;0;3;3;0;0;4;4;3;8;7;12;14;21;55;45;3;3;2.57;3.51;2.73;0;0;0;0;0;0;0;0;0;0;0;0;0;0;0;0;0;0;0;0;0;0;0;0;0;0;0;0;0;0;0;0;0;0;0;0;0;0;0;0;0;0;0;0;0;0;0;0;0;0;0;0;0;0;0;0;0;0;0;0;0;0;0;0;0;2;0;0;1;1;2;0;2015-08-08 15:45:00;-1;0;0;0;0;0;-1;1;-1;-1;-1;-1;-1;-1;1;2;2;1;3;3;-1;0;0;0;0;0;0;0;0;0;0;0;0;0;1;1;0;0;-1;-1;0;0;-1;-1;-1;-1;-1;-1;-1;-1;-1;0;0;50;50;50;0;0;50;50;10;1;2;1.5;Chiasso;Aarau;1.35;1.29;3;1;2.33;0.67;100;100;50;50;50;100;50;0;0;0;0;219;34;Y;Y;N;N;N;N;Y
65032;904;895;2015/2016;complete;307;4;-1;64;28,58,80;1;3;4;3;5;8;5;1;4;2;0;0;3;7;2;2;5;9;19;19;42;58;4;2;2.72;3.47;2.6;0;0;0;0;0;0;0;0;0;0;0;0;0;0;0;0;0;0;0;0;0;0;0;0;0;0;0;0;0;0;0;0;0;0;0;0;0;0;0;0;0;0;0;0;0;0;0;0;0;0;0;0;0;0;0;0;0;0;0;0;0;0;0;0;0;4;0;1;1;2;3;1;2015-08-09 13:00:00;895;0;50;0;50;0;-1;1;-1;-1;-1;-1;-1;-1;2;1;2;1;3;3;-1;0;0;0;0;0;0;0;1;0;1;0;0;0;1;1;0;0;-1;-1;0;0;-1;-1;-1;-1;-1;-1;-1;-1;-1;0;0;0;50;100;0;50;50;50;1;0;6;1.5;Le Mont;Lausanne Sport;1.59;2.29;1;0;0.67;1;100;100;100;50;0;0;0;0;0;0;0;219;34;Y;Y;Y;Y;N;N;Y
65033;905;900;2015/2016;complete;307;4;-1;;5,90;0;2;2;11;0;11;1;2;3;1;0;0;2;3;8;3;10;6;10;9;70;30;3;1;1.98;3.7;3.77;0;0;0;0;0;0;0;0;0;0;0;0;0;0;0;0;0;0;0;0;0;0;0;0;0;0;0;0;0;0;0;0;0;0;0;0;0;0;0;0;0;0;0;0;0;0;0;0;0;0;0;0;0;0;0;0;0;0;0;0;0;0;0;0;0;2;0;1;0;1;1;1;2015-08-09 13:00:00;900;0;100;50;50;0;-1;1;-1;-1;-1;-1;-1;-1;1;0;2;1;1;3;-1;0;0;0;0;0;0;0;0;0;0;0;0;0;1;1;0;1;-1;-1;0;0;-1;-1;-1;-1;-1;-1;-1;-1;-1;0;50;100;100;100;50;100;100;50;10;5;8;3.5;Wohlen;Neuchâtel Xamax;1.24;1;1;0;1;1;100;50;0;0;0;100;100;100;0;0;0;219;34;Y;Y;N;N;N;N;N
65034;902;903;2015/2016;complete;307;4;-1;68;25,45;1;2;3;6;4;10;3;1;3;2;0;0;4;3;4;9;8;12;9;12;53;47;3;2;2.09;3.68;3.45;0;0;0;0;0;0;0;0;0;0;0;0;0;0;0;0;0;0;0;0;0;0;0;0;0;0;0;0;0;0;0;0;0;0;0;0;0;0;0;0;0;0;0;0;0;0;0;0;0;0;0;0;0;0;0;0;0;0;0;0;0;0;0;0;0;3;0;2;1;0;1;2;2015-08-10 17:45:00;903;0;25;0;25;0;-1;1;-1;-1;-1;-1;-1;-1;0;0;3;2;0;5;-1;0;0;0;0;0;0;0;0;0;0;0;0;0;1;1;0;0;-1;-1;0;0;-1;-1;-1;-1;-1;-1;-1;-1;-1;0;0;25;50;50;0;50;50;25;8;0;2;1.25;FC Schaffhausen;Winterthur;1.76;1.35;3;0;2;0.5;50;50;25;0;0;50;50;50;0;0;0;219;34;Y;Y;Y;N;N;N;Y
65035;906;904;2015/2016;complete;307;5;-1;33,86,90;37,69,90;3;3;6;8;2;10;0;4;3;3;1;1;7;3;6;4;13;7;19;19;52;48;4;4;1.94;3.64;4;0;0;0;0;0;0;0;0;0;0;0;0;0;0;0;0;0;0;0;0;0;0;0;0;0;0;0;0;0;0;0;0;0;0;0;0;0;0;0;0;0;0;0;0;0;0;0;0;0;0;0;0;0;0;0;0;0;0;0;0;0;0;0;0;0;6;1;1;2;2;4;2;2015-08-12 17:45:00;-1;0;25;25;0;0;-1;1;-1;-1;-1;-1;-1;-1;2;1;2;3;3;5;-1;0;0;0;0;0;0;0;0;1;0;1;0;0;1;1;0;0;-1;-1;0;1;-1;-1;-1;-1;-1;-1;-1;-1;-1;0;25;25;50;50;25;50;50;0;11;1;5;1.5;Biel-Bienne;Le Mont;1.44;0.29;1;0.5;1.33;0.5;100;75;75;50;50;50;50;50;0;0;0;219;18;Y;Y;Y;Y;Y;Y;Y
65036;899;905;2015/2016;complete;307;5;-1;78;2,6,32;1;3;4;-1;-1;-1;-1;-1;1;2;0;0;-1;-1;-1;-1;-1;-1;-1;-1;-1;-1;1;2;2.64;3.46;2.69;0;0;0;0;0;0;0;0;0;0;0;0;0;0;0;0;0;0;0;0;0;0;0;0;0;0;0;0;0;0;0;0;0;0;0;0;0;0;0;0;0;0;0;0;0;0;0;0;0;0;0;0;0;0;0;0;0;0;0;0;0;0;0;0;0;4;0;3;1;0;1;3;2015-08-12 17:45:00;905;0;25;0;25;0;-1;1;-1;-1;-1;-1;-1;-1;1;1;0;1;2;1;-1;0;0;0;0;0;0;0;0;0;0;0;0;0;1;1;0;2;-1;-1;0;0;-1;-1;-1;-1;-1;-1;-1;-1;-1;0;0;0;25;25;0;0;25;25;9;6;4.5;0.5;Wil;Wohlen;1.94;0.88;1;1;2;0.75;100;100;100;75;75;100;75;25;0;0;0;219;34;Y;Y;Y;Y;N;N;Y
65037;897;903;2015/2016;complete;307;5;-1;76;11,44;1;2;3;-1;-1;-1;-1;-1;2;5;0;0;-1;-1;-1;-1;-1;-1;-1;-1;-1;-1;2;5;2.05;3.61;3.64;0;0;0;0;0;0;0;0;0;0;0;0;0;0;0;0;0;0;0;0;0;0;0;0;0;0;0;0;0;0;0;0;0;0;0;0;0;0;0;0;0;0;0;0;0;0;0;0;0;0;0;0;0;0;0;0;0;0;0;0;0;0;0;0;0;3;0;2;1;0;1;2;2015-08-13 17:45:00;903;0;100;0;25;0;-1;1;-1;-1;-1;-1;-1;-1;1;2;1;3;3;4;-1;0;0;0;0;0;0;0;0;0;0;0;0;0;1;1;0;0;-1;-1;0;0;-1;-1;-1;-1;-1;-1;-1;-1;-1;25;25;75;100;100;75;75;100;50;10;2;5;3.25;Aarau;Winterthur;1.65;1.35;0.5;3;0.75;1.33;75;75;25;0;0;100;50;0;0;0;0;219;34;Y;Y;Y;N;N;N;Y
65038;901;900;2015/2016;complete;307;5;-1;47,85;65;2;1;3;4;3;7;1;0;1;3;0;0;4;2;5;4;9;6;16;13;61;39;1;3;2.37;3.44;3.06;0;0;0;0;0;0;0;0;0;0;0;0;0;0;0;0;0;0;0;0;0;0;0;0;0;0;0;0;0;0;0;0;0;0;0;0;0;0;0;0;0;0;0;0;0;0;0;0;0;0;0;0;0;0;0;0;0;0;0;0;0;0;0;0;0;3;0;0;2;1;3;0;2015-08-13 17:45:00;901;0;50;0;50;0;-1;1;-1;-1;-1;-1;-1;-1;0;1;1;2;1;3;-1;0;0;0;0;0;0;0;1;0;1;0;0;0;1;1;0;0;-1;-1;0;0;-1;-1;-1;-1;-1;-1;-1;-1;-1;0;0;50;100;100;0;50;100;75;6;4.5;5.5;2.5;Chiasso;Neuchâtel Xamax;1.35;1;2;1.5;2;1.5;100;100;50;0;0;100;75;75;0;0;0;219;34;Y;Y;Y;N;N;N;Y
65039;895;902;2015/2016;complete;307;5;-1;60;;1;0;1;-1;-1;-1;-1;-1;3;3;0;0;-1;-1;-1;-1;-1;-1;-1;-1;-1;-1;3;3;2.46;3.49;2.88;0;0;0;0;0;0;0;0;0;0;0;0;0;0;0;0;0;0;0;0;0;0;0;0;0;0;0;0;0;0;0;0;0;0;0;0;0;0;0;0;0;0;0;0;0;0;0;0;0;0;0;0;0;0;0;0;0;0;0;0;0;0;0;0;0;1;0;0;1;0;1;0;2015-08-13 17:45:00;895;0;50;25;25;0;-1;1;-1;-1;-1;-1;-1;-1;1;2;2;1;3;3;-1;0;0;0;0;0;0;0;0;0;0;0;0;0;1;1;0;0;-1;-1;0;0;-1;-1;-1;-1;-1;-1;-1;-1;-1;25;25;100;100;100;25;25;100;75;13;1.5;4;4.5;Lausanne Sport;FC Schaffhausen;1.53;1;1.5;0;1.5;1.5;75;75;0;0;0;100;50;50;0;0;0;219;34;Y;N;N;N;N;N;N
65040;902;897;2015/2016;complete;307;6;-1;53;;1;0;1;11;4;15;2;6;3;3;0;0;4;5;3;0;7;5;13;15;53;47;3;3;2.2;3.59;3.26;0;0;0;0;0;0;0;0;0;0;0;0;0;0;0;0;0;0;0;0;0;0;0;0;0;0;0;0;0;0;0;0;0;0;0;0;0;0;0;0;0;0;0;0;0;0;0;0;0;0;0;0;0;0;0;0;0;0;0;0;0;0;0;0;0;1;0;0;1;0;1;0;2015-08-21 17:45:00;902;0;59;0;42;0;-1;1;-1;-1;-1;-1;-1;-1;1;1;2;2;2;4;-1;0;0;0;0;0;0;0;1;0;1;0;0;0;1;1;0;0;-1;-1;0;0;-1;-1;-1;-1;-1;-1;-1;-1;-1;0;0;34;75;75;17;50;75;42;13.5;0.67;4.83;1.84;FC Schaffhausen;Aarau;1.76;1.29;2;1;1.2;0.6;100;100;67;25;25;100;100;50;0;0;0;219;34;Y;N;N;N;N;N;N
65041;903;895;2015/2016;complete;307;6;-1;;90;0;1;1;-1;-1;-1;-1;-1;2;3;0;0;-1;-1;-1;-1;-1;-1;-1;-1;-1;-1;2;3;2.2;3.6;3.25;0;0;0;0;0;0;0;0;0;0;0;0;0;0;0;0;0;0;0;0;0;0;0;0;0;0;0;0;0;0;0;0;0;0;0;0;0;0;0;0;0;0;0;0;0;0;0;0;0;0;0;0;0;0;0;0;0;0;0;0;0;0;0;0;0;1;0;0;0;1;1;0;2015-08-22 15:45:00;895;0;50;25;25;0;-1;1;-1;-1;-1;-1;-1;-1;2;1;0;2;3;2;-1;0;0;0;0;0;0;0;0;0;0;0;0;0;1;1;0;0;-1;-1;0;0;-1;-1;-1;-1;-1;-1;-1;-1;-1;0;25;50;50;75;25;75;25;25;12;1;4.5;2;Winterthur;Lausanne Sport;1.18;2.29;0.5;1.5;1.75;1.8;100;75;50;50;25;50;50;50;0;0;0;219;34;Y;N;N;N;N;N;N
65042;900;906;2015/2016;complete;307;6;-1;67;47,71,89,90;1;4;5;3;6;9;1;0;0;3;0;0;4;6;4;4;8;10;11;19;50;50;0;3;0;0;0;0;0;0;0;0;0;0;0;0;0;0;0;0;0;0;0;0;0;0;0;0;0;0;0;0;0;0;0;0;0;0;0;0;0;0;0;0;0;0;0;0;0;0;0;0;0;0;0;0;0;0;0;0;0;0;0;0;0;0;0;0;0;0;0;0;5;0;0;1;4;5;0;2015-08-23 13:00:00;906;0;75;0;25;0;-1;1;-1;-1;-1;-1;-1;-1;0;2;0;1;2;1;-1;0;0;0;0;0;0;0;0;1;0;1;0;0;1;1;0;0;-1;-1;0;1;-1;-1;-1;-1;-1;-1;-1;-1;-1;50;75;75;75;100;25;75;75;75;14;0.5;6;4.75;Neuchâtel Xamax;Biel-Bienne;2.18;0.89;1.5;1.5;1.2;1.25;50;25;25;25;0;100;100;100;0;0;0;219;18;Y;Y;Y;Y;Y;N;Y
65043;905;901;2015/2016;complete;307;6;-1;;58,78,90;0;3;3;7;7;14;2;1;1;1;0;0;6;0;7;7;13;7;19;10;46;54;1;1;2.06;3.57;3.63;0;0;0;0;0;0;0;0;0;0;0;0;0;0;0;0;0;0;0;0;0;0;0;0;0;0;0;0;0;0;0;0;0;0;0;0;0;0;0;0;0;0;0;0;0;0;0;0;0;0;0;0;0;0;0;0;0;0;0;0;0;0;0;0;0;3;0;0;0;3;3;0;2015-08-23 13:00:00;901;0;75;50;25;0;-1;1;-1;-1;-1;-1;-1;-1;1;0;0;1;1;1;-1;0;0;0;0;0;0;0;0;1;0;1;0;0;1;1;0;0;-1;-1;0;0;-1;-1;-1;-1;-1;-1;-1;-1;-1;0;25;50;100;100;50;75;100;25;12.5;2.5;4.5;2.75;Wohlen;Chiasso;1.24;0.82;0.5;2;1.2;2.2;100;75;50;0;0;50;50;50;0;0;0;219;34;Y;Y;Y;N;N;N;N
65044;904;899;2015/2016;complete;307;6;-1;90;;1;0;1;-1;-1;-1;-1;-1;2;3;0;0;-1;-1;-1;-1;-1;-1;-1;-1;-1;-1;2;3;2.32;3.56;3.04;0;0;0;0;0;0;0;0;0;0;0;0;0;0;0;0;0;0;0;0;0;0;0;0;0;0;0;0;0;0;0;0;0;0;0;0;0;0;0;0;0;0;0;0;0;0;0;0;0;0;0;0;0;0;0;0;0;0;0;0;0;0;0;0;0;1;0;0;1;0;1;0;2015-08-24 17:45:00;904;0;84;17;50;0;-1;1;-1;-1;-1;-1;-1;-1;1;1;1;2;2;3;-1;0;0;0;0;0;0;0;0;0;0;0;0;0;1;1;0;0;-1;-1;0;0;-1;-1;-1;-1;-1;-1;-1;-1;-1;0;42;59;84;84;17;59;67;67;5.5;5;6.67;2.67;Le Mont;Wil;1.59;1.18;0.5;2.33;0.6;1.6;100;59;42;17;17;25;25;25;0;0;0;219;34;Y;N;N;N;N;N;N
65045;906;903;2015/2016;complete;307;2;-1;3,21,68,78,90;89;5;1;6;4;3;7;0;3;2;1;0;0;2;2;8;8;10;10;8;8;42;58;2;1;2.6;3.55;2.68;0;0;0;0;0;0;0;0;0;0;0;0;0;0;0;0;0;0;0;0;0;0;0;0;0;0;0;0;0;0;0;0;0;0;0;0;0;0;0;0;0;0;0;0;0;0;0;0;0;0;0;0;0;0;0;0;0;0;0;0;0;0;0;0;0;6;2;0;3;1;4;2;2015-08-26 16:45:00;906;0;75;25;25;0;-1;1;-1;-1;-1;-1;-1;-1;0;0;2;1;0;3;-1;0;0;0;0;0;0;0;1;0;1;0;0;0;1;1;1;0;-1;-1;0;0;-1;-1;-1;-1;-1;-1;-1;-1;-1;25;25;75;75;75;75;75;75;25;10.5;0.5;6.5;3;Biel-Bienne;Winterthur;1.44;1.35;1;3;1.6;1.4;75;75;25;25;25;75;75;0;0;0;0;219;18;Y;Y;Y;Y;Y;Y;Y
65046;895;905;2015/2016;complete;307;7;-1;68,83;;2;0;2;-1;-1;-1;-1;-1;1;2;0;0;-1;-1;-1;-1;-1;-1;-1;-1;-1;-1;1;2;2.36;3.53;3;0;0;0;0;0;0;0;0;0;0;0;0;0;0;0;0;0;0;0;0;0;0;0;0;0;0;0;0;0;0;0;0;0;0;0;0;0;0;0;0;0;0;0;0;0;0;0;0;0;0;0;0;0;0;0;0;0;0;0;0;0;0;0;0;0;2;0;0;2;0;2;0;2015-08-29 15:45:00;895;0;67;17;33;0;-1;1;-1;-1;-1;-1;-1;-1;1;1;0;1;2;1;-1;0;0;0;0;0;0;0;0;0;0;0;0;0;1;1;0;0;-1;-1;0;0;-1;-1;-1;-1;-1;-1;-1;-1;-1;17;33;50;67;84;33;33;84;33;13;1.66;4.67;3.17;Lausanne Sport;Wohlen;1.53;0.88;2;1.67;2;1;84;67;50;33;17;100;75;75;0;0;0;219;34;Y;Y;N;N;N;N;N
65047;899;901;2015/2016;complete;307;7;-1;42,53,87,90;20;4;1;5;4;3;7;1;6;3;1;0;0;6;3;4;2;10;5;15;8;48;52;3;1;2.4;3.44;3;0;0;0;0;0;0;0;0;0;0;0;0;0;0;0;0;0;0;0;0;0;0;0;0;0;0;0;0;0;0;0;0;0;0;0;0;0;0;0;0;0;0;0;0;0;0;0;0;0;0;0;0;0;0;0;0;0;0;0;0;0;0;0;0;0;5;1;1;3;0;3;2;2015-08-29 15:45:00;899;0;59;17;17;0;-1;1;-1;-1;-1;-1;-1;-1;3;1;0;0;4;0;-1;0;0;0;0;0;0;0;0;0;0;0;0;0;1;1;0;0;-1;-1;0;0;-1;-1;-1;-1;-1;-1;-1;-1;-1;0;25;59;75;75;42;42;75;34;10.5;1.17;4;2.34;Wil;Chiasso;1.94;0.82;0.5;2.33;1.33;2.33;100;75;42;25;25;75;75;25;0;0;0;219;34;Y;Y;Y;Y;Y;N;Y
65048;906;902;2015/2016;complete;307;7;-1;23,61;;2;0;2;-1;-1;-1;-1;-1;2;0;0;1;-1;-1;-1;-1;-1;-1;-1;-1;-1;-1;2;2;2.53;3.46;2.81;0;0;0;0;0;0;0;0;0;0;0;0;0;0;0;0;0;0;0;0;0;0;0;0;0;0;0;0;0;0;0;0;0;0;0;0;0;0;0;0;0;0;0;0;0;0;0;0;0;0;0;0;0;0;0;0;0;0;0;0;0;0;0;0;0;2;1;0;1;0;1;1;2015-08-30 13:00:00;906;0;34;17;34;0;-1;1;-1;-1;-1;-1;-1;-1;0;0;2;1;0;3;-1;0;0;0;0;0;0;0;0;0;0;0;0;0;1;1;0;0;-1;-1;0;0;-1;-1;-1;-1;-1;-1;-1;-1;-1;34;34;59;59;84;34;34;84;59;9.67;0.83;4.67;3;Biel-Bienne;FC Schaffhausen;1.44;1;1.67;0;1.83;1.5;67;67;42;42;17;67;17;0;0;0;0;219;18;Y;Y;N;N;N;N;N
65049;903;904;2015/2016;complete;307;7;-1;72,74;8,90;2;2;4;3;3;6;3;1;2;3;0;0;5;3;7;3;12;6;20;16;63;37;2;3;1.76;3.89;4.64;0;0;0;0;0;0;0;0;0;0;0;0;0;0;0;0;0;0;0;0;0;0;0;0;0;0;0;0;0;0;0;0;0;0;0;0;0;0;0;0;0;0;0;0;0;0;0;0;0;0;0;0;0;0;0;0;0;0;0;0;0;0;0;0;0;4;0;1;2;1;3;1;2015-08-30 13:00:00;-1;0;50;50;17;0;-1;1;-1;-1;-1;-1;-1;-1;2;0;0;3;2;3;-1;0;0;0;0;0;0;0;0;0;0;0;0;0;1;1;0;1;-1;-1;0;0;-1;-1;-1;-1;-1;-1;-1;-1;-1;17;34;50;67;84;50;67;67;17;11;1.66;5;2.67;Winterthur;Le Mont;1.18;0.29;0.33;0.67;1.17;1;84;67;50;34;17;100;100;75;0;0;0;219;34;Y;Y;Y;Y;N;N;Y
65050;897;900;2015/2016;complete;307;7;-1;70,83;21;2;1;3;10;1;11;3;1;4;2;0;0;8;2;8;3;16;5;18;15;56;44;4;2;2;3.59;3.82;0;0;0;0;0;0;0;0;0;0;0;0;0;0;0;0;0;0;0;0;0;0;0;0;0;0;0;0;0;0;0;0;0;0;0;0;0;0;0;0;0;0;0;0;0;0;0;0;0;0;0;0;0;0;0;0;0;0;0;0;0;0;0;0;0;3;0;1;2;0;2;1;2015-08-31 17:45:00;897;0;84;0;50;0;-1;1;-1;-1;-1;-1;-1;-1;1;1;3;1;2;4;-1;0;0;0;0;0;0;0;0;0;0;0;0;0;1;1;0;0;-1;-1;0;0;-1;-1;-1;-1;-1;-1;-1;-1;-1;17;17;67;100;100;34;67;100;67;8.33;1.66;6.34;3;Aarau;Neuchâtel Xamax;1.65;1;0.33;1;0.5;1;84;84;33;0;0;84;34;34;0;0;0;219;34;Y;Y;Y;N;N;N;Y
65051;901;906;2015/2016;complete;307;8;-1;;;0;0;0;3;8;11;3;3;5;2;1;1;4;3;5;3;9;6;19;12;48;52;6;3;2.3;3.5;3.18;0;0;0;0;0;0;0;0;0;0;0;0;0;0;0;0;0;0;0;0;0;0;0;0;0;0;0;0;0;0;0;0;0;0;0;0;0;0;0;0;0;0;0;0;0;0;0;0;0;0;0;0;0;0;0;0;0;0;0;0;0;0;0;0;0;0;0;0;0;0;0;0;2015-09-12 15:45:00;-1;0;84;0;67;0;-1;1;-1;-1;-1;-1;-1;-1;2;1;4;2;3;6;-1;0;0;0;0;0;0;0;0;0;0;0;0;0;1;1;0;0;-1;-1;0;0;-1;-1;-1;-1;-1;-1;-1;-1;-1;50;50;84;100;100;17;17;100;100;9;2.33;3.66;4.5;Chiasso;Biel-Bienne;1.35;0.89;2.33;2;2;2;50;50;17;0;0;84;42;42;0;0;0;219;18;N;N;N;N;N;N;N
65052;900;903;2015/2016;complete;307;8;-1;11;;1;0;1;-1;-1;-1;-1;-1;4;1;0;0;-1;-1;-1;-1;-1;-1;-1;-1;-1;-1;4;1;2.41;3.55;2.95;0;0;0;0;0;0;0;0;0;0;0;0;0;0;0;0;0;0;0;0;0;0;0;0;0;0;0;0;0;0;0;0;0;0;0;0;0;0;0;0;0;0;0;0;0;0;0;0;0;0;0;0;0;0;0;0;0;0;0;0;0;0;0;0;0;1;1;0;0;0;0;1;2015-09-12 17:00:00;900;0;84;0;33;0;-1;1;-1;-1;-1;-1;-1;-1;1;0;3;1;1;4;-1;0;0;0;0;0;0;0;0;0;0;0;0;0;1;1;0;0;-1;-1;0;0;-1;-1;-1;-1;-1;-1;-1;-1;-1;33;50;84;84;100;50;84;84;50;10;1.33;5.34;3.67;Neuchâtel Xamax;Winterthur;2.18;1.35;1;2;0.86;1.14;67;50;17;17;0;75;50;25;0;0;0;219;34;Y;N;N;N;N;N;N
65053;904;897;2015/2016;complete;307;8;-1;;;0;0;0;3;6;9;4;2;1;0;0;0;3;6;4;5;7;11;20;15;56;44;1;0;2.64;3.54;2.67;0;0;0;0;0;0;0;0;0;0;0;0;0;0;0;0;0;0;0;0;0;0;0;0;0;0;0;0;0;0;0;0;0;0;0;0;0;0;0;0;0;0;0;0;0;0;0;0;0;0;0;0;0;0;0;0;0;0;0;0;0;0;0;0;0;0;0;0;0;0;0;0;2015-09-13 13:00:00;-1;0;50;0;50;0;-1;1;-1;-1;-1;-1;-1;-1;0;0;1;0;0;1;-1;0;0;0;0;0;0;0;0;0;0;0;0;0;1;1;0;0;-1;-1;0;0;-1;-1;-1;-1;-1;-1;-1;-1;-1;0;17;17;50;84;0;17;84;50;7.67;3.67;5.34;1.67;Le Mont;Aarau;1.59;1.29;1.33;0.67;1;0.86;100;84;84;50;17;50;50;34;0;0;0;219;34;N;N;N;N;N;N;N
65054;905;902;2015/2016;complete;307;8;-1;46,67;32;2;1;3;12;6;18;2;7;3;1;0;0;7;3;8;0;15;3;19;12;49;51;3;1;2.37;3.54;3.02;0;0;0;0;0;0;0;0;0;0;0;0;0;0;0;0;0;0;0;0;0;0;0;0;0;0;0;0;0;0;0;0;0;0;0;0;0;0;0;0;0;0;0;0;0;0;0;0;0;0;0;0;0;0;0;0;0;0;0;0;0;0;0;0;0;3;0;1;2;0;2;1;2015-09-13 13:00:00;905;0;17;17;0;0;-1;1;-1;-1;-1;-1;-1;-1;0;0;3;1;0;4;-1;0;0;0;0;0;0;0;0;0;0;0;0;0;1;1;0;0;-1;-1;0;0;-1;-1;-1;-1;-1;-1;-1;-1;-1;0;17;50;84;100;17;50;100;33;12;2;3.67;2.5;Wohlen;FC Schaffhausen;1.24;1;0.33;0;0.86;1.29;100;84;50;17;0;100;50;50;0;0;0;219;34;Y;Y;Y;N;N;N;Y
65055;899;895;2015/2016;complete;307;8;-1;30,42,58;71,72,85;3;3;6;2;8;10;2;2;3;3;0;0;3;4;4;7;7;11;16;17;47;53;3;3;2.41;3.5;2.99;0;0;0;0;0;0;0;0;0;0;0;0;0;0;0;0;0;0;0;0;0;0;0;0;0;0;0;0;0;0;0;0;0;0;0;0;0;0;0;0;0;0;0;0;0;0;0;0;0;0;0;0;0;0;0;0;0;0;0;0;0;0;0;0;0;6;2;0;1;3;4;2;2015-09-14 17:45:00;-1;0;50;17;17;0;-1;1;-1;-1;-1;-1;-1;-1;2;0;1;3;2;4;-1;0;0;0;0;0;0;0;0;0;0;0;0;0;1;1;0;0;-1;-1;1;0;-1;-1;-1;-1;-1;-1;-1;-1;-1;17;50;50;50;84;34;67;67;33;9.5;0.34;5.33;2.5;Wil;Lausanne Sport;1.94;2.29;1.33;2;1.57;2.14;84;50;50;50;17;25;25;0;0;0;0;219;34;Y;Y;Y;Y;Y;Y;Y
65056;895;897;2015/2016;complete;307;9;-1;21;78;1;1;2;-1;-1;-1;-1;-1;2;4;0;0;-1;-1;-1;-1;-1;-1;-1;-1;-1;-1;2;4;2.25;3.57;3.22;0;0;0;0;0;0;0;0;0;0;0;0;0;0;0;0;0;0;0;0;0;0;0;0;0;0;0;0;0;0;0;0;0;0;0;0;0;0;0;0;0;0;0;0;0;0;0;0;0;0;0;0;0;0;0;0;0;0;0;0;0;0;0;0;0;2;1;0;0;1;1;1;2015-09-23 17:45:00;-1;0;38;13;25;0;-1;1;-1;-1;-1;-1;-1;-1;1;1;1;3;2;4;-1;0;0;0;0;0;0;0;0;0;0;0;0;0;1;1;0;0;-1;-1;0;0;-1;-1;-1;-1;-1;-1;-1;-1;-1;13;13;25;50;75;13;13;75;38;14.75;1.25;4.5;2.25;Lausanne Sport;Aarau;1.53;1.29;2.25;0.75;2;0.88;88;88;75;50;25;100;88;75;0;0;0;219;34;Y;Y;N;N;N;N;Y
65057;900;904;2015/2016;complete;307;9;-1;40;;1;0;1;-1;-1;-1;-1;-1;2;1;0;0;-1;-1;-1;-1;-1;-1;-1;-1;-1;-1;2;1;2.18;3.58;3.37;0;0;0;0;0;0;0;0;0;0;0;0;0;0;0;0;0;0;0;0;0;0;0;0;0;0;0;0;0;0;0;0;0;0;0;0;0;0;0;0;0;0;0;0;0;0;0;0;0;0;0;0;0;0;0;0;0;0;0;0;0;0;0;0;0;1;1;0;0;0;0;1;2015-09-23 17:45:00;900;0;63;25;38;0;-1;1;-1;-1;-1;-1;-1;-1;2;0;0;1;2;1;-1;0;0;0;0;0;0;0;0;0;0;0;0;0;1;1;0;0;-1;-1;0;0;-1;-1;-1;-1;-1;-1;-1;-1;-1;25;63;63;75;100;25;88;75;50;10.17;1.25;6.25;3.38;Neuchâtel Xamax;Le Mont;2.18;0.29;1.5;0.75;1.13;1;75;38;38;25;0;84;59;42;0;0;0;219;34;Y;N;N;N;N;N;N
65058;902;899;2015/2016;complete;307;9;-1;3,34,44,75;85;4;1;5;-1;-1;-1;-1;-1;0;4;0;1;-1;-1;-1;-1;-1;-1;-1;-1;-1;-1;0;5;2.36;3.58;3.01;0;0;0;0;0;0;0;0;0;0;0;0;0;0;0;0;0;0;0;0;0;0;0;0;0;0;0;0;0;0;0;0;0;0;0;0;0;0;0;0;0;0;0;0;0;0;0;0;0;0;0;0;0;0;0;0;0;0;0;0;0;0;0;0;0;5;3;0;1;1;2;3;2015-09-23 17:45:00;902;0;50;13;13;0;-1;1;-1;-1;-1;-1;-1;-1;0;1;0;4;1;4;-1;0;0;0;0;0;0;0;0;0;0;0;0;0;1;1;1;0;-1;-1;0;0;-1;-1;-1;-1;-1;-1;-1;-1;-1;0;13;50;63;88;25;63;75;25;11.83;2.25;6;2.13;FC Schaffhausen;Wil;1.76;1.18;2.25;1.75;1.13;1.5;100;88;50;38;13;75;75;59;0;0;0;219;34;Y;Y;Y;Y;Y;N;Y
65059;903;901;2015/2016;complete;307;9;-1;12,54,74;44;3;1;4;-1;-1;-1;-1;-1;2;2;0;0;-1;-1;-1;-1;-1;-1;-1;-1;-1;-1;2;2;2.3;3.55;3.14;0;0;0;0;0;0;0;0;0;0;0;0;0;0;0;0;0;0;0;0;0;0;0;0;0;0;0;0;0;0;0;0;0;0;0;0;0;0;0;0;0;0;0;0;0;0;0;0;0;0;0;0;0;0;0;0;0;0;0;0;0;0;0;0;0;4;1;1;2;0;2;2;2015-09-23 17:45:00;903;0;63;38;25;0;-1;1;-1;-1;-1;-1;-1;-1;1;0;1;2;1;3;-1;0;0;0;0;0;0;0;0;1;0;1;0;0;1;1;0;0;-1;-1;0;0;-1;-1;-1;-1;-1;-1;-1;-1;-1;13;25;63;75;88;38;50;75;50;9.67;3;3.5;2.63;Winterthur;Chiasso;1.18;0.82;0.5;1.75;1;1.88;88;75;38;25;13;42;42;42;0;0;0;219;34;Y;Y;Y;Y;N;N;Y
65060;905;906;2015/2016;complete;307;9;-1;19,27;;2;0;2;3;4;7;0;0;2;0;0;0;7;7;8;5;15;12;14;10;43;57;2;0;2.45;3.55;2.89;0;0;0;0;0;0;0;0;0;0;0;0;0;0;0;0;0;0;0;0;0;0;0;0;0;0;0;0;0;0;0;0;0;0;0;0;0;0;0;0;0;0;0;0;0;0;0;0;0;0;0;0;0;0;0;0;0;0;0;0;0;0;0;0;0;2;2;0;0;0;0;2;2015-09-24 17:45:00;905;0;63;13;25;0;-1;1;-1;-1;-1;-1;-1;-1;1;0;1;0;1;1;-1;0;0;0;0;0;0;0;0;0;0;0;0;0;1;1;0;0;-1;-1;1;0;-1;-1;-1;-1;-1;-1;-1;-1;-1;38;50;75;88;88;25;50;88;63;15;3;4.5;3.88;Wohlen;Biel-Bienne;1.24;0.89;1;1.75;1.13;1.88;63;50;25;13;13;100;84;84;0;0;0;219;18;Y;Y;N;N;N;N;N
65061;897;902;2015/2016;complete;307;10;-1;11,69;;2;0;2;5;7;12;3;6;0;1;0;0;3;5;11;5;14;10;11;10;42;58;0;1;2.09;3.62;3.62;0;0;0;0;0;0;0;0;0;0;0;0;0;0;0;0;0;0;0;0;0;0;0;0;0;0;0;0;0;0;0;0;0;0;0;0;0;0;0;0;0;0;0;0;0;0;0;0;0;0;0;0;0;0;0;0;0;0;0;0;0;0;0;0;0;2;1;0;1;0;1;1;2015-09-26 15:45:00;897;0;63;0;13;0;-1;1;-1;-1;-1;-1;-1;-1;0;0;0;1;0;1;-1;0;0;0;0;0;0;0;0;0;0;0;0;0;1;1;0;0;-1;-1;0;0;-1;-1;-1;-1;-1;-1;-1;-1;-1;13;13;63;88;100;25;63;100;63;13;2.75;4.75;2.75;Aarau;FC Schaffhausen;1.65;1;1;0;0.89;1.33;88;88;38;13;0;100;50;50;0;0;0;219;34;Y;Y;N;N;N;N;N
65062;901;895;2015/2016;complete;307;10;-1;33;4,73;1;2;3;3;5;8;2;1;5;1;1;0;3;4;0;3;3;7;17;21;62;38;7;1;2.49;3.53;2.9;0;0;0;0;0;0;0;0;0;0;0;0;0;0;0;0;0;0;0;0;0;0;0;0;0;0;0;0;0;0;0;0;0;0;0;0;0;0;0;0;0;0;0;0;0;0;0;0;0;0;0;0;0;0;0;0;0;0;0;0;0;0;0;0;0;3;1;1;0;1;1;2;2015-09-26 15:45:00;895;0;50;0;50;0;-1;1;-1;-1;-1;-1;-1;-1;4;0;2;1;4;3;-1;0;0;0;0;0;0;0;0;0;0;0;0;0;1;1;0;1;-1;-1;1;0;-1;-1;-1;-1;-1;-1;-1;-1;-1;13;25;50;63;88;13;38;75;63;10.25;2.5;5.5;2.5;Chiasso;Lausanne Sport;1.35;2.29;2;1.75;1.67;1.89;88;75;50;38;13;63;50;25;0;0;0;219;34;Y;Y;Y;N;N;N;Y
65063;906;900;2015/2016;complete;307;10;-1;3,72;23,83;2;2;4;3;5;8;3;2;3;4;0;0;3;2;3;2;6;4;16;12;47;53;3;4;0;0;0;0;0;0;0;0;0;0;0;0;0;0;0;0;0;0;0;0;0;0;0;0;0;0;0;0;0;0;0;0;0;0;0;0;0;0;0;0;0;0;0;0;0;0;0;0;0;0;0;0;0;0;0;0;0;0;0;0;0;0;0;0;0;0;0;0;4;1;1;1;1;2;2;2015-09-27 13:00:00;-1;0;63;13;50;0;-1;1;-1;-1;-1;-1;-1;-1;2;0;1;4;2;5;-1;0;0;0;0;0;0;0;2;1;2;1;0;0;1;1;1;0;-1;-1;0;0;-1;-1;-1;-1;-1;-1;-1;-1;-1;25;25;63;88;88;25;75;88;63;7.67;1.25;5.75;3.13;Biel-Bienne;Neuchâtel Xamax;1.44;1;2;0.75;1.67;1.33;75;75;38;13;13;54;54;38;0;0;0;219;18;Y;Y;Y;Y;N;N;Y
65064;904;905;2015/2016;complete;307;10;-1;14,23,50;;3;0;3;8;6;14;6;3;1;1;0;0;4;6;8;8;12;14;8;12;51;49;1;1;2.98;3.45;2.44;0;0;0;0;0;0;0;0;0;0;0;0;0;0;0;0;0;0;0;0;0;0;0;0;0;0;0;0;0;0;0;0;0;0;0;0;0;0;0;0;0;0;0;0;0;0;0;0;0;0;0;0;0;0;0;0;0;0;0;0;0;0;0;0;0;3;2;0;1;0;1;2;2015-09-27 13:00:00;904;0;50;0;38;0;-1;1;-1;-1;-1;-1;-1;-1;0;0;1;1;0;2;-1;0;0;0;0;0;0;0;0;0;0;0;0;0;1;1;0;0;-1;-1;0;0;-1;-1;-1;-1;-1;-1;-1;-1;-1;0;25;25;63;75;13;25;75;50;6.33;3.75;4;1.88;Le Mont;Wohlen;1.59;0.88;1.25;1.25;0.89;1.33;100;75;75;38;25;67;25;25;0;0;0;219;34;Y;Y;Y;N;N;N;N
65065;899;903;2015/2016;complete;307;10;-1;;;0;0;0;3;4;7;0;0;2;2;0;0;5;9;4;13;9;22;17;18;50;50;2;2;2.55;3.63;2.72;0;0;0;0;0;0;0;0;0;0;0;0;0;0;0;0;0;0;0;0;0;0;0;0;0;0;0;0;0;0;0;0;0;0;0;0;0;0;0;0;0;0;0;0;0;0;0;0;0;0;0;0;0;0;0;0;0;0;0;0;0;0;0;0;0;0;0;0;0;0;0;0;2015-09-28 17:45:00;-1;0;75;13;25;0;-1;1;-1;-1;-1;-1;-1;-1;1;0;1;2;1;3;-1;0;0;0;0;0;0;0;0;0;0;0;0;0;1;1;0;0;-1;-1;0;0;-1;-1;-1;-1;-1;-1;-1;-1;-1;38;50;75;75;88;75;88;75;38;7.17;1.5;4.75;3.5;Wil;Winterthur;1.94;1.35;1.25;1.5;1.33;1.22;63;50;25;25;13;59;59;0;0;0;0;219;34;N;N;N;N;N;N;N
65066;901;904;2015/2016;complete;307;11;-1;52,82;32,89;2;2;4;8;3;11;1;2;2;3;0;1;10;4;4;1;14;5;14;14;58;42;2;5;2.06;3.65;3.62;0;0;0;0;0;0;0;0;0;0;0;0;0;0;0;0;0;0;0;0;0;0;0;0;0;0;0;0;0;0;0;0;0;0;0;0;0;0;0;0;0;0;0;0;0;0;0;0;0;0;0;0;0;0;0;0;0;0;0;0;0;0;0;0;0;4;0;1;2;1;3;1;2015-10-03 15:45:00;-1;0;60;30;40;0;-1;1;-1;-1;-1;-1;-1;-1;2;0;0;4;2;4;-1;0;0;0;0;0;0;0;0;0;0;0;0;0;1;1;0;0;-1;-1;0;0;-1;-1;-1;-1;-1;-1;-1;-1;-1;10;30;60;80;90;30;60;80;50;7.27;3;6.2;2.8;Chiasso;Le Mont;1.35;0.29;1.6;0.6;1.5;1.1;90;70;40;20;10;64;54;37;0;0;0;219;34;Y;Y;Y;Y;N;N;Y
65067;895;903;2015/2016;complete;307;11;-1;;61,74;0;2;2;9;0;9;7;3;1;2;0;1;6;3;9;3;15;6;8;11;62;38;1;3;2.36;3.53;3.04;0;0;0;0;0;0;0;0;0;0;0;0;0;0;0;0;0;0;0;0;0;0;0;0;0;0;0;0;0;0;0;0;0;0;0;0;0;0;0;0;0;0;0;0;0;0;0;0;0;0;0;0;0;0;0;0;0;0;0;0;0;0;0;0;0;2;0;0;0;2;2;0;2015-10-03 15:45:00;903;0;60;10;20;0;-1;1;-1;-1;-1;-1;-1;-1;0;1;1;2;1;3;-1;0;0;0;0;0;0;0;0;0;0;0;0;0;1;1;0;0;-1;-1;0;0;-1;-1;-1;-1;-1;-1;-1;-1;-1;20;20;50;70;90;40;60;80;30;12.67;0;4.6;3;Lausanne Sport;Winterthur;1.53;1.35;2;1.4;2;1.2;80;80;50;30;10;67;67;50;0;0;0;219;34;Y;Y;N;N;N;N;N
65068;897;899;2015/2016;complete;307;11;-1;77;62;1;1;2;6;6;12;3;1;1;4;0;0;5;4;4;5;9;9;9;18;42;58;1;4;2.06;3.57;3.71;0;0;0;0;0;0;0;0;0;0;0;0;0;0;0;0;0;0;0;0;0;0;0;0;0;0;0;0;0;0;0;0;0;0;0;0;0;0;0;0;0;0;0;0;0;0;0;0;0;0;0;0;0;0;0;0;0;0;0;0;0;0;0;0;0;2;0;0;1;1;2;0;2015-10-04 13:00:00;-1;0;70;10;20;0;-1;1;-1;-1;-1;-1;-1;-1;0;2;1;2;2;3;-1;0;0;0;0;0;0;0;0;0;0;0;0;0;1;1;0;0;-1;-1;0;1;-1;-1;-1;-1;-1;-1;-1;-1;-1;20;30;60;80;90;40;70;80;50;10.5;2.2;6.2;2.8;Aarau;Wil;1.65;1.18;1.4;1.4;1.1;1.3;80;70;40;20;10;75;59;59;0;0;0;219;34;Y;Y;N;N;N;N;Y
65069;902;906;2015/2016;complete;307;11;-1;36,45;;2;0;2;6;9;15;3;3;4;1;0;0;7;11;3;8;10;19;13;13;45;55;4;1;2.28;3.58;3.15;0;0;0;0;0;0;0;0;0;0;0;0;0;0;0;0;0;0;0;0;0;0;0;0;0;0;0;0;0;0;0;0;0;0;0;0;0;0;0;0;0;0;0;0;0;0;0;0;0;0;0;0;0;0;0;0;0;0;0;0;0;0;0;0;0;2;2;0;0;0;0;2;2015-10-04 13:00:00;902;0;60;0;40;0;-1;1;-1;-1;-1;-1;-1;-1;2;1;2;0;3;2;-1;0;0;0;0;0;0;0;0;0;0;0;0;0;1;1;0;0;-1;-1;0;0;-1;-1;-1;-1;-1;-1;-1;-1;-1;40;40;60;80;90;40;60;80;50;13.83;1.4;4;3.5;FC Schaffhausen;Biel-Bienne;1.76;0.89;2.4;1.4;1.2;1.6;60;60;40;20;10;88;75;59;0;0;0;219;18;Y;Y;N;N;N;N;N
65070;900;905;2015/2016;complete;307;11;-1;9;90;1;1;2;5;12;17;2;2;4;1;0;1;6;5;7;6;13;11;16;13;50;50;4;3;2.42;3.48;2.98;0;0;0;0;0;0;0;0;0;0;0;0;0;0;0;0;0;0;0;0;0;0;0;0;0;0;0;0;0;0;0;0;0;0;0;0;0;0;0;0;0;0;0;0;0;0;0;0;0;0;0;0;0;0;0;0;0;0;0;0;0;0;0;0;0;2;1;0;0;1;1;1;2015-10-05 17:45:00;-1;0;40;0;20;0;-1;1;-1;-1;-1;-1;-1;-1;0;1;4;1;1;5;-1;0;0;0;0;0;0;0;0;0;0;0;0;0;1;1;1;0;-1;-1;0;0;-1;-1;-1;-1;-1;-1;-1;-1;-1;10;30;40;60;90;20;60;60;40;11.17;1.6;4.4;2.3;Neuchâtel Xamax;Wohlen;2.18;0.88;1.8;1;1.3;1.2;90;70;60;40;10;100;59;59;0;0;0;219;34;Y;Y;N;N;N;N;Y
65071;899;900;2015/2016;complete;307;12;-1;1,62,70;24,26;3;2;5;3;4;7;3;0;3;3;1;1;7;4;3;4;10;8;18;20;46;54;4;4;2.22;3.58;3.27;0;0;0;0;0;0;0;0;0;0;0;0;0;0;0;0;0;0;0;0;0;0;0;0;0;0;0;0;0;0;0;0;0;0;0;0;0;0;0;0;0;0;0;0;0;0;0;0;0;0;0;0;0;0;0;0;0;0;0;0;0;0;0;0;0;5;1;2;2;0;2;3;2015-10-17 15:45:00;899;0;70;20;40;0;-1;1;-1;-1;-1;-1;-1;-1;1;0;3;4;1;7;-1;0;0;0;0;0;0;0;0;0;0;0;0;0;1;1;1;0;-1;-1;0;0;-1;-1;-1;-1;-1;-1;-1;-1;-1;20;40;70;80;80;40;70;80;60;6.1;2.2;5.8;3;Wil;Neuchâtel Xamax;1.94;1;1.2;0.8;1.27;1.27;80;60;30;20;20;55;55;30;0;0;0;219;34;Y;Y;Y;Y;Y;N;Y
65072;905;895;2015/2016;complete;307;12;-1;24;13,46;1;2;3;3;5;8;4;2;1;2;0;0;5;4;10;6;15;10;16;11;48;52;1;2;2.52;3.54;2.81;0;0;0;0;0;0;0;0;0;0;0;0;0;0;0;0;0;0;0;0;0;0;0;0;0;0;0;0;0;0;0;0;0;0;0;0;0;0;0;0;0;0;0;0;0;0;0;0;0;0;0;0;0;0;0;0;0;0;0;0;0;0;0;0;0;3;1;1;0;1;1;2;2015-10-17 15:45:00;895;0;50;20;20;0;-1;1;-1;-1;-1;-1;-1;-1;0;0;1;2;0;3;-1;0;0;0;0;0;0;0;0;1;0;1;0;0;1;1;0;0;-1;-1;0;0;-1;-1;-1;-1;-1;-1;-1;-1;-1;10;30;60;80;100;40;80;80;40;13.8;2;4.6;2.9;Wohlen;Lausanne Sport;1.24;2.29;1.4;2;1.18;1.82;90;70;40;20;0;57;57;40;0;0;0;219;34;Y;Y;Y;N;N;N;Y
65073;904;902;2015/2016;complete;307;12;-1;45,90;;2;0;2;1;8;9;1;2;1;2;0;1;0;8;5;9;5;17;10;20;48;52;1;3;3.21;3.38;2.34;0;0;0;0;0;0;0;0;0;0;0;0;0;0;0;0;0;0;0;0;0;0;0;0;0;0;0;0;0;0;0;0;0;0;0;0;0;0;0;0;0;0;0;0;0;0;0;0;0;0;0;0;0;0;0;0;0;0;0;0;0;0;0;0;0;2;1;0;1;0;1;1;2015-10-18 13:00:00;904;0;30;0;20;0;-1;1;-1;-1;-1;-1;-1;-1;1;0;0;3;1;3;-1;0;0;0;0;0;0;0;0;0;0;0;0;0;1;1;0;0;-1;-1;0;0;-1;-1;-1;-1;-1;-1;-1;-1;-1;0;10;40;70;90;10;50;90;40;9.42;5.6;3.6;2.1;Le Mont;FC Schaffhausen;1.59;1;1.6;0;1.09;1.36;100;90;60;30;10;75;46;46;0;0;0;219;34;Y;Y;N;N;N;N;N
65074;903;897;2015/2016;complete;307;12;-1;1;56;1;1;2;4;12;16;4;9;2;3;0;0;10;14;4;5;14;19;10;10;44;56;2;3;2.44;3.53;2.92;0;0;0;0;0;0;0;0;0;0;0;0;0;0;0;0;0;0;0;0;0;0;0;0;0;0;0;0;0;0;0;0;0;0;0;0;0;0;0;0;0;0;0;0;0;0;0;0;0;0;0;0;0;0;0;0;0;0;0;0;0;0;0;0;0;2;1;0;0;1;1;1;2015-10-18 13:00:00;-1;0;50;20;20;0;-1;1;-1;-1;-1;-1;-1;-1;0;2;2;1;2;3;-1;0;0;0;0;0;0;0;0;0;0;0;0;0;1;1;1;0;-1;-1;0;0;-1;-1;-1;-1;-1;-1;-1;-1;-1;0;20;30;50;70;20;40;60;30;10.75;2;4.2;1.7;Winterthur;Aarau;1.18;1.29;1;0.8;1.36;1.09;100;80;70;50;30;75;63;50;0;0;0;219;34;Y;Y;N;N;N;N;Y
65075;906;901;2015/2016;complete;307;12;-1;23;15;1;1;2;1;2;3;1;1;1;2;0;0;3;0;1;3;4;3;8;10;50;50;1;2;2.34;3.46;3.13;0;0;0;0;0;0;0;0;0;0;0;0;0;0;0;0;0;0;0;0;0;0;0;0;0;0;0;0;0;0;0;0;0;0;0;0;0;0;0;0;0;0;0;0;0;0;0;0;0;0;0;0;0;0;0;0;0;0;0;0;0;0;0;0;0;2;1;1;0;0;0;2;2015-10-19 17:45:00;-1;0;70;50;40;0;-1;1;-1;-1;-1;-1;-1;-1;0;1;1;1;1;2;-1;0;0;0;0;0;0;0;0;0;0;0;0;0;1;1;0;0;-1;-1;0;0;-1;-1;-1;-1;-1;-1;-1;-1;-1;30;50;70;90;90;60;70;90;70;9.67;2;4.4;3.5;Biel-Bienne;Chiasso;1.44;0.82;1.8;1.4;1.45;1.45;70;50;30;10;10;29;29;17;0;0;0;219;18;Y;Y;N;N;N;N;Y
65076;899;906;2015/2016;complete;307;13;-1;36,80;;2;0;2;-1;-1;-1;-1;-1;3;2;0;0;-1;-1;-1;-1;-1;-1;-1;-1;-1;-1;3;2;2.29;3.58;3.13;0;0;0;0;0;0;0;0;0;0;0;0;0;0;0;0;0;0;0;0;0;0;0;0;0;0;0;0;0;0;0;0;0;0;0;0;0;0;0;0;0;0;0;0;0;0;0;0;0;0;0;0;0;0;0;0;0;0;0;0;0;0;0;0;0;2;1;0;1;0;1;1;2015-10-24 13:00:00;899;0;59;17;25;0;-1;1;-1;-1;-1;-1;-1;-1;2;1;1;1;3;2;-1;0;0;0;0;0;0;0;0;0;0;0;0;0;1;1;0;0;-1;-1;0;0;-1;-1;-1;-1;-1;-1;-1;-1;-1;50;59;59;75;75;59;59;59;50;9.6;2.34;4.5;3.58;Wil;Biel-Bienne;1.94;0.89;1.5;1.17;1.42;1.42;50;42;42;25;25;60;50;30;0;0;0;219;18;Y;Y;N;N;N;N;N
65077;900;902;2015/2016;complete;307;13;-1;83;;1;0;1;5;4;9;2;3;2;2;0;1;4;4;7;9;11;13;13;13;53;47;2;3;2.35;3.54;3.05;0;0;0;0;0;0;0;0;0;0;0;0;0;0;0;0;0;0;0;0;0;0;0;0;0;0;0;0;0;0;0;0;0;0;0;0;0;0;0;0;0;0;0;0;0;0;0;0;0;0;0;0;0;0;0;0;0;0;0;0;0;0;0;0;0;1;0;0;1;0;1;0;2015-10-24 17:00:00;900;0;34;0;9;0;-1;1;-1;-1;-1;-1;-1;-1;1;0;1;3;1;4;-1;0;0;0;0;0;0;0;0;0;0;0;0;0;1;1;0;0;-1;-1;0;0;-1;-1;-1;-1;-1;-1;-1;-1;-1;9;17;33;67;100;0;75;75;33;12.25;2.67;4.83;2.25;Neuchâtel Xamax;FC Schaffhausen;2.18;1;1.67;0;1.17;1.25;92;84;67;34;0;100;59;59;0;0;0;219;34;Y;N;N;N;N;N;N
65078;901;905;2015/2016;complete;307;13;-1;25;55;1;1;2;2;2;4;4;1;2;2;1;1;2;2;4;2;6;4;13;26;48;52;4;3;2.37;3.5;3.05;0;0;0;0;0;0;0;0;0;0;0;0;0;0;0;0;0;0;0;0;0;0;0;0;0;0;0;0;0;0;0;0;0;0;0;0;0;0;0;0;0;0;0;0;0;0;0;0;0;0;0;0;0;0;0;0;0;0;0;0;0;0;0;0;0;2;1;0;0;1;1;1;2015-10-25 14:00:00;-1;0;59;9;34;0;-1;1;-1;-1;-1;-1;-1;-1;0;0;3;3;0;6;-1;0;0;0;0;0;0;0;0;0;0;0;0;0;1;1;0;0;-1;-1;0;0;-1;-1;-1;-1;-1;-1;-1;-1;-1;0;17;50;83;83;25;42;83;50;10.83;3.83;5;2.34;Chiasso;Wohlen;1.35;0.88;1.5;1;1.42;1.08;100;83;50;17;17;84;63;63;0;0;0;219;34;Y;Y;N;N;N;N;Y
65079;904;903;2015/2016;complete;307;13;-1;55;;1;0;1;5;3;8;2;1;3;3;0;0;5;5;2;6;7;11;14;12;49;51;3;3;2.49;3.49;2.88;0;0;0;0;0;0;0;0;0;0;0;0;0;0;0;0;0;0;0;0;0;0;0;0;0;0;0;0;0;0;0;0;0;0;0;0;0;0;0;0;0;0;0;0;0;0;0;0;0;0;0;0;0;0;0;0;0;0;0;0;0;0;0;0;0;1;0;0;1;0;1;0;2015-10-25 14:00:00;904;0;42;0;25;0;-1;1;-1;-1;-1;-1;-1;-1;1;0;2;3;1;5;-1;0;0;0;0;0;0;0;1;0;1;0;0;0;1;1;0;0;-1;-1;0;0;-1;-1;-1;-1;-1;-1;-1;-1;-1;9;17;42;67;83;34;59;75;33;5.95;3.5;4.16;2.25;Le Mont;Winterthur;1.59;1.35;1.83;1.67;1.25;1.33;92;83;59;33;17;55;23;10;0;0;0;219;34;Y;N;N;N;N;N;N
65080;897;895;2015/2016;complete;307;13;-1;;36,47,82;0;3;3;4;4;8;2;1;4;3;0;0;5;3;7;1;12;4;25;15;47;53;4;3;2.54;3.42;2.86;0;0;0;0;0;0;0;0;0;0;0;0;0;0;0;0;0;0;0;0;0;0;0;0;0;0;0;0;0;0;0;0;0;0;0;0;0;0;0;0;0;0;0;0;0;0;0;0;0;0;0;0;0;0;0;0;0;0;0;0;0;0;0;0;0;3;0;1;0;2;2;1;2015-10-26 18:45:00;895;0;75;17;33;0;-1;1;-1;-1;-1;-1;-1;-1;1;1;3;2;2;5;-1;0;0;0;0;0;0;0;0;0;0;0;0;0;1;1;0;0;-1;-1;0;0;-1;-1;-1;-1;-1;-1;-1;-1;-1;17;25;59;84;100;42;75;92;50;12.5;2.34;4.67;2.92;Aarau;Lausanne Sport;1.65;2.29;1.33;2.17;1.08;1.92;83;75;42;17;0;63;50;38;0;0;0;219;34;Y;Y;Y;N;N;N;N
65081;905;899;2015/2016;complete;307;14;-1;1;18,64,72;1;3;4;3;3;6;2;3;3;1;1;0;14;7;2;11;16;18;23;11;46;54;4;1;2.32;3.49;3.15;0;0;0;0;0;0;0;0;0;0;0;0;0;0;0;0;0;0;0;0;0;0;0;0;0;0;0;0;0;0;0;0;0;0;0;0;0;0;0;0;0;0;0;0;0;0;0;0;0;0;0;0;0;0;0;0;0;0;0;0;0;0;0;0;0;4;1;1;0;2;2;2;2015-10-31 16:45:00;899;0;59;25;17;0;-1;1;-1;-1;-1;-1;-1;-1;1;1;3;0;2;3;-1;0;0;0;0;0;0;0;0;0;0;0;0;0;1;1;1;0;-1;-1;0;0;-1;-1;-1;-1;-1;-1;-1;-1;-1;9;25;59;84;92;42;67;75;42;11.33;2.83;5.66;2.67;Wohlen;Wil;1.24;1.18;1.17;1.33;1.08;1.54;92;75;42;17;9;67;67;67;0;0;0;219;34;Y;Y;Y;Y;N;N;Y
65082;906;897;2015/2016;complete;307;14;-1;4,35,68;75;3;1;4;6;5;11;1;2;3;3;0;0;14;18;5;6;19;24;16;10;40;60;3;3;2.49;3.42;2.94;0;0;0;0;0;0;0;0;0;0;0;0;0;0;0;0;0;0;0;0;0;0;0;0;0;0;0;0;0;0;0;0;0;0;0;0;0;0;0;0;0;0;0;0;0;0;0;0;0;0;0;0;0;0;0;0;0;0;0;0;0;0;0;0;0;4;2;0;1;1;2;2;2015-11-01 14:00:00;906;0;59;25;34;0;-1;1;-1;-1;-1;-1;-1;-1;2;0;1;3;2;4;-1;0;0;0;0;0;0;0;1;0;1;0;0;0;1;1;1;0;-1;-1;0;0;-1;-1;-1;-1;-1;-1;-1;-1;-1;17;25;25;67;75;34;58;67;34;11.2;3.34;4.83;2.25;Biel-Bienne;Aarau;1.44;1.29;1.67;0.83;1.31;1;84;75;75;34;25;60;50;30;0;0;0;219;18;Y;Y;Y;Y;N;N;Y
65083;895;904;2015/2016;complete;307;14;-1;37;24;1;1;2;6;2;8;0;2;1;4;0;1;5;2;11;0;16;2;15;16;57;43;1;5;1.83;3.65;4.63;0;0;0;0;0;0;0;0;0;0;0;0;0;0;0;0;0;0;0;0;0;0;0;0;0;0;0;0;0;0;0;0;0;0;0;0;0;0;0;0;0;0;0;0;0;0;0;0;0;0;0;0;0;0;0;0;0;0;0;0;0;0;0;0;0;2;1;1;0;0;0;2;2015-11-01 14:00:00;-1;0;59;25;34;0;-1;1;-1;-1;-1;-1;-1;-1;0;1;1;4;1;5;-1;0;0;0;0;0;0;0;0;0;0;0;0;0;1;1;0;0;-1;-1;0;0;-1;-1;-1;-1;-1;-1;-1;-1;-1;17;42;50;83;100;25;67;92;50;12.5;1.5;5.34;3.34;Lausanne Sport;Le Mont;1.53;0.29;1.67;0.67;2;1.38;83;58;50;17;0;88;63;50;0;0;0;219;34;Y;Y;N;N;N;N;Y
65084;903;900;2015/2016;complete;307;14;-1;57,88;;2;0;2;5;6;11;3;4;4;1;0;0;5;4;3;2;8;6;20;17;56;44;4;1;2.04;3.61;3.74;0;0;0;0;0;0;0;0;0;0;0;0;0;0;0;0;0;0;0;0;0;0;0;0;0;0;0;0;0;0;0;0;0;0;0;0;0;0;0;0;0;0;0;0;0;0;0;0;0;0;0;0;0;0;0;0;0;0;0;0;0;0;0;0;0;2;0;0;2;0;2;0;2015-11-01 14:00:00;903;0;75;33;34;0;-1;1;-1;-1;-1;-1;-1;-1;0;0;4;1;0;5;-1;0;0;0;0;0;0;0;0;0;0;0;0;0;1;1;0;0;-1;-1;0;0;-1;-1;-1;-1;-1;-1;-1;-1;-1;9;33;67;84;92;33;75;84;58;7.5;2.34;5.33;2.83;Winterthur;Neuchâtel Xamax;1.18;1;1;0.67;1.23;1.31;92;67;34;17;9;59;59;59;0;0;0;219;34;Y;Y;N;N;N;N;N
65085;902;901;2015/2016;complete;307;14;-1;49,85;;2;0;2;7;2;9;2;4;1;1;0;0;6;4;4;3;10;7;15;9;56;44;1;1;2.12;3.47;3.62;0;0;0;0;0;0;0;0;0;0;0;0;0;0;0;0;0;0;0;0;0;0;0;0;0;0;0;0;0;0;0;0;0;0;0;0;0;0;0;0;0;0;0;0;0;0;0;0;0;0;0;0;0;0;0;0;0;0;0;0;0;0;0;0;0;2;0;0;2;0;2;0;2015-11-02 18:45:00;902;0;67;34;25;0;-1;1;-1;-1;-1;-1;-1;-1;0;0;1;1;0;2;-1;0;0;0;0;0;0;0;0;0;0;0;0;0;1;1;0;0;-1;-1;0;0;-1;-1;-1;-1;-1;-1;-1;-1;-1;17;25;59;92;100;59;75;83;50;11.75;2.33;4.16;2.92;FC Schaffhausen;Chiasso;1.76;0.82;2.5;1.33;1.15;1.38;83;75;42;9;0;63;63;50;0;0;0;219;34;Y;Y;N;N;N;N;N
65086;897;901;2015/2016;complete;307;15;-1;32;58;1;1;2;7;2;9;0;4;2;5;0;0;16;4;8;1;24;5;19;15;56;44;2;5;2.08;3.45;3.79;0;0;0;0;0;0;0;0;0;0;0;0;0;0;0;0;0;0;0;0;0;0;0;0;0;0;0;0;0;0;0;0;0;0;0;0;0;0;0;0;0;0;0;0;0;0;0;0;0;0;0;0;0;0;0;0;0;0;0;0;0;0;0;0;0;2;1;0;0;1;1;1;2015-11-07 16:45:00;-1;0;71;29;22;0;-1;1;-1;-1;-1;-1;-1;-1;0;1;2;4;1;6;-1;0;0;0;0;0;0;0;0;0;0;0;0;0;1;1;0;0;-1;-1;0;0;-1;-1;-1;-1;-1;-1;-1;-1;-1;14;22;57;100;100;43;64;93;71;9.8;3.42;4.14;2.93;Aarau;Chiasso;1.65;0.82;1.14;1.14;0.93;1.29;86;79;43;0;0;60;40;40;0;0;0;219;34;Y;Y;N;N;N;N;Y
65087;899;904;2015/2016;complete;307;15;-1;23,58,81;36;3;1;4;4;3;7;1;2;2;3;0;0;2;2;3;6;5;8;16;19;59;41;2;3;1.75;3.92;4.82;0;0;0;0;0;0;0;0;0;0;0;0;0;0;0;0;0;0;0;0;0;0;0;0;0;0;0;0;0;0;0;0;0;0;0;0;0;0;0;0;0;0;0;0;0;0;0;0;0;0;0;0;0;0;0;0;0;0;0;0;0;0;0;0;0;4;1;1;2;0;2;2;2015-11-07 16:45:00;899;0;64;36;29;0;-1;1;-1;-1;-1;-1;-1;-1;0;1;2;2;1;4;-1;0;0;0;0;0;0;0;0;0;0;0;0;0;1;1;0;0;-1;-1;0;0;-1;-1;-1;-1;-1;-1;-1;-1;-1;29;57;57;79;86;50;86;71;43;6.6;2;6.14;3.22;Wil;Le Mont;1.94;0.29;1.71;0.71;1.64;1.36;72;43;43;22;15;50;50;20;0;0;0;219;34;Y;Y;Y;Y;N;N;Y
65088;906;905;2015/2016;complete;307;15;-1;;2,70,90;0;3;3;3;3;6;4;6;3;3;0;0;8;2;4;5;12;7;20;20;55;45;3;3;2.12;3.59;3.51;0;0;0;0;0;0;0;0;0;0;0;0;0;0;0;0;0;0;0;0;0;0;0;0;0;0;0;0;0;0;0;0;0;0;0;0;0;0;0;0;0;0;0;0;0;0;0;0;0;0;0;0;0;0;0;0;0;0;0;0;0;0;0;0;0;3;0;1;0;2;2;1;2015-11-08 14:00:00;905;0;64;22;36;0;-1;1;-1;-1;-1;-1;-1;-1;1;1;2;2;2;4;-1;0;0;0;0;0;0;0;0;1;0;1;0;0;1;1;0;1;-1;-1;0;0;-1;-1;-1;-1;-1;-1;-1;-1;-1;15;36;43;86;86;50;72;79;43;10.1;2.42;4.43;2.79;Biel-Bienne;Wohlen;1.44;0.88;1.86;1;1.43;1;86;65;57;14;14;57;47;39;0;0;0;219;18;Y;Y;Y;N;N;N;N
65089;903;902;2015/2016;complete;307;15;-1;;46,90;0;2;2;9;4;13;2;6;4;1;0;0;9;12;5;2;14;14;13;11;56;44;4;1;2.12;3.49;3.6;0;0;0;0;0;0;0;0;0;0;0;0;0;0;0;0;0;0;0;0;0;0;0;0;0;0;0;0;0;0;0;0;0;0;0;0;0;0;0;0;0;0;0;0;0;0;0;0;0;0;0;0;0;0;0;0;0;0;0;0;0;0;0;0;0;2;0;0;0;2;2;0;2015-11-08 14:00:00;902;0;36;15;7;0;-1;1;-1;-1;-1;-1;-1;-1;1;0;3;1;1;4;-1;0;0;0;0;0;0;0;0;0;0;0;0;0;1;1;0;0;-1;-1;0;0;-1;-1;-1;-1;-1;-1;-1;-1;-1;0;15;36;71;93;15;57;86;36;10.55;4;4.14;2.15;Winterthur;FC Schaffhausen;1.18;1;1.29;0;1.36;1.29;100;86;64;29;7;88;58;58;0;0;0;219;34;Y;Y;N;N;N;N;N
65090;895;900;2015/2016;complete;307;15;-1;51,90;44,63,90;2;3;5;8;7;15;4;3;4;2;0;0;5;6;5;1;10;7;16;12;52;48;4;2;1.92;3.66;4.17;0;0;0;0;0;0;0;0;0;0;0;0;0;0;0;0;0;0;0;0;0;0;0;0;0;0;0;0;0;0;0;0;0;0;0;0;0;0;0;0;0;0;0;0;0;0;0;0;0;0;0;0;0;0;0;0;0;0;0;0;0;0;0;0;0;5;0;1;2;2;4;1;2015-11-09 18:45:00;900;0;64;29;29;0;-1;1;-1;-1;-1;-1;-1;-1;0;0;4;2;0;6;-1;0;0;0;0;0;0;0;0;1;0;1;0;0;1;1;0;0;-1;-1;0;0;-1;-1;-1;-1;-1;-1;-1;-1;-1;14;22;50;93;100;29;57;93;65;11.29;2;5.14;3.07;Lausanne Sport;Neuchâtel Xamax;1.53;1;1.57;0.57;1.93;1.21;86;79;50;7;0;62;45;45;0;0;0;219;34;Y;Y;Y;Y;Y;N;Y
65091;902;895;2015/2016;complete;307;16;-1;;18,50,61,83;0;4;4;-1;-1;-1;-1;-1;1;1;0;0;-1;-1;-1;-1;-1;-1;-1;-1;-1;-1;1;1;2.44;3.47;2.96;0;0;0;0;0;0;0;0;0;0;0;0;0;0;0;0;0;0;0;0;0;0;0;0;0;0;0;0;0;0;0;0;0;0;0;0;0;0;0;0;0;0;0;0;0;0;0;0;0;0;0;0;0;0;0;0;0;0;0;0;0;0;0;0;0;4;0;1;0;3;3;1;2015-11-21 16:45:00;895;0;50;15;29;0;-1;1;-1;-1;-1;-1;-1;-1;1;0;0;1;1;1;-1;0;0;0;0;0;0;0;0;0;0;0;0;0;1;1;0;0;-1;-1;0;0;-1;-1;-1;-1;-1;-1;-1;-1;-1;14;22;57;79;100;43;79;86;43;13;1.85;4.71;2.79;FC Schaffhausen;Lausanne Sport;1.76;2.29;2.57;2.29;1.4;1.8;86;79;43;22;0;60;50;30;0;0;0;219;34;Y;Y;Y;Y;N;N;N
65092;900;897;2015/2016;complete;307;16;-1;44,58;;2;0;2;1;6;7;0;0;0;1;0;0;3;3;5;3;8;6;9;10;49;51;0;1;2.58;3.45;2.79;0;0;0;0;0;0;0;0;0;0;0;0;0;0;0;0;0;0;0;0;0;0;0;0;0;0;0;0;0;0;0;0;0;0;0;0;0;0;0;0;0;0;0;0;0;0;0;0;0;0;0;0;0;0;0;0;0;0;0;0;0;0;0;0;0;2;1;0;1;0;1;1;2015-11-21 18:00:00;900;0;50;0;22;0;-1;1;-1;-1;-1;-1;-1;-1;0;1;0;0;1;0;-1;0;0;0;0;0;0;0;0;0;0;0;0;0;1;1;0;0;-1;-1;0;0;-1;-1;-1;-1;-1;-1;-1;-1;-1;7;22;22;50;86;7;57;64;29;12.42;3;5.43;1.86;Neuchâtel Xamax;Aarau;2.18;1.29;1.86;0.71;1.33;0.93;93;79;79;50;15;100;67;59;0;0;0;219;34;Y;Y;N;N;N;N;N
65093;901;899;2015/2016;complete;307;16;-1;20,33;44,45;2;2;4;3;2;5;1;1;2;3;0;0;2;6;3;4;5;10;13;19;37;63;2;3;2.56;3.46;2.82;0;0;0;0;0;0;0;0;0;0;0;0;0;0;0;0;0;0;0;0;0;0;0;0;0;0;0;0;0;0;0;0;0;0;0;0;0;0;0;0;0;0;0;0;0;0;0;0;0;0;0;0;0;0;0;0;0;0;0;0;0;0;0;0;0;4;2;2;0;0;0;4;2015-11-22 14:00:00;-1;0;71;22;36;0;-1;1;-1;-1;-1;-1;-1;-1;0;2;2;1;2;3;-1;0;0;0;0;0;0;0;0;0;0;0;0;0;1;1;0;0;-1;-1;0;0;-1;-1;-1;-1;-1;-1;-1;-1;-1;7;29;57;79;86;29;50;79;57;8;3.43;6.72;2.57;Chiasso;Wil;1.35;1.18;1.43;1.57;1.27;1.73;93;72;43;22;14;54;47;47;0;0;0;219;34;Y;Y;Y;Y;N;N;Y
65094;905;903;2015/2016;complete;307;16;-1;6,21,67;45,62;3;2;5;-1;-1;-1;-1;-1;4;0;0;0;-1;-1;-1;-1;-1;-1;-1;-1;-1;-1;4;0;2.57;3.46;2.8;0;0;0;0;0;0;0;0;0;0;0;0;0;0;0;0;0;0;0;0;0;0;0;0;0;0;0;0;0;0;0;0;0;0;0;0;0;0;0;0;0;0;0;0;0;0;0;0;0;0;0;0;0;0;0;0;0;0;0;0;0;0;0;0;0;5;2;1;1;1;2;3;2015-11-23 18:45:00;905;0;50;22;7;0;-1;1;-1;-1;-1;-1;-1;-1;2;0;2;0;2;2;-1;0;0;0;0;0;0;0;0;0;0;0;0;0;1;1;1;0;-1;-1;1;0;-1;-1;-1;-1;-1;-1;-1;-1;-1;7;22;57;79;93;50;72;79;36;9.23;2.86;4.57;2.65;Wohlen;Winterthur;1.24;1.35;1;1.43;1.13;1.27;93;79;43;22;7;49;39;29;0;0;0;219;34;Y;Y;Y;Y;Y;N;Y
65095;901;903;2015/2016;complete;307;17;-1;31;64,87,90;1;3;4;4;6;10;4;2;2;2;0;0;2;6;4;8;6;14;13;14;46;54;2;2;2.67;3.27;2.86;0;0;0;0;0;0;0;0;0;0;0;0;0;0;0;0;0;0;0;0;0;0;0;0;0;0;0;0;0;0;0;0;0;0;0;0;0;0;0;0;0;0;0;0;0;0;0;0;0;0;0;0;0;0;0;0;0;0;0;0;0;0;0;0;0;4;1;0;0;3;3;1;2015-11-28 16:45:00;903;0;63;19;32;0;-1;1;-1;-1;-1;-1;-1;-1;1;2;1;0;3;1;-1;0;0;0;0;0;0;0;1;0;1;0;0;0;1;1;0;0;-1;-1;0;0;-1;-1;-1;-1;-1;-1;-1;-1;-1;13;25;57;76;88;38;57;75;44;6.68;2.76;5.26;2.63;Chiasso;Winterthur;1.35;1.35;1.38;1.25;1.25;1.19;88;75;44;26;13;45;29;19;0;0;0;219;34;Y;Y;Y;Y;N;N;Y
65096;899;902;2015/2016;complete;307;17;-1;11,51,67;59,74;3;2;5;2;10;12;2;2;4;1;0;0;6;7;4;7;10;14;21;13;48;52;4;1;2.19;3.66;3.33;0;0;0;0;0;0;0;0;0;0;0;0;0;0;0;0;0;0;0;0;0;0;0;0;0;0;0;0;0;0;0;0;0;0;0;0;0;0;0;0;0;0;0;0;0;0;0;0;0;0;0;0;0;0;0;0;0;0;0;0;0;0;0;0;0;5;1;0;2;2;4;1;2015-11-28 16:45:00;899;0;38;19;7;0;-1;1;-1;-1;-1;-1;-1;-1;0;0;4;1;0;5;-1;0;0;0;0;0;0;0;0;0;0;0;0;0;1;1;0;0;-1;-1;0;0;-1;-1;-1;-1;-1;-1;-1;-1;-1;19;32;44;75;88;32;63;88;44;9;3.88;4.51;2.63;Wil;FC Schaffhausen;1.94;1;1.88;0.38;1.69;1.31;82;69;57;25;13;67;42;25;0;0;0;219;34;Y;Y;Y;Y;Y;N;Y
65097;904;900;2015/2016;complete;307;17;-1;33,40;45;2;1;3;9;2;11;4;1;3;4;0;1;6;6;2;10;8;16;13;14;47;53;3;6;2.62;3.44;2.79;0;0;0;0;0;0;0;0;0;0;0;0;0;0;0;0;0;0;0;0;0;0;0;0;0;0;0;0;0;0;0;0;0;0;0;0;0;0;0;0;0;0;0;0;0;0;0;0;0;0;0;0;0;0;0;0;0;0;0;0;0;0;0;0;0;3;2;1;0;0;0;3;2015-11-29 14:00:00;904;0;52;13;40;0;-1;1;-1;-1;-1;-1;-1;-1;1;1;2;4;2;6;-1;0;0;0;0;0;0;0;0;0;0;0;0;0;1;1;0;0;-1;-1;0;0;-1;-1;-1;-1;-1;-1;-1;-1;-1;13;26;52;79;93;20;59;93;59;7.25;4.32;5;2.62;Le Mont;Neuchâtel Xamax;1.59;1;2;0.88;1.27;1.44;88;75;48;22;7;57;40;40;0;0;0;219;34;Y;Y;Y;N;N;N;Y
65098;905;897;2015/2016;complete;307;17;-1;;;0;0;0;4;11;15;1;2;3;1;1;0;7;24;7;6;14;30;14;17;44;56;4;1;2.63;3.41;2.81;0;0;0;0;0;0;0;0;0;0;0;0;0;0;0;0;0;0;0;0;0;0;0;0;0;0;0;0;0;0;0;0;0;0;0;0;0;0;0;0;0;0;0;0;0;0;0;0;0;0;0;0;0;0;0;0;0;0;0;0;0;0;0;0;0;0;0;0;0;0;0;0;2015-11-29 14:00:00;-1;0;57;25;19;0;-1;1;-1;-1;-1;-1;-1;-1;1;1;3;0;2;3;-1;0;0;0;0;0;0;0;0;0;0;0;0;0;1;1;0;0;-1;-1;0;0;-1;-1;-1;-1;-1;-1;-1;-1;-1;7;26;44;82;88;38;69;82;38;13;3.88;4.76;2.44;Wohlen;Aarau;1.24;1.29;1.25;0.63;1.25;0.88;94;76;57;19;13;72;64;57;0;0;0;219;34;N;N;N;N;N;N;N
65099;906;895;2015/2016;complete;307;17;-1;67,86;73,76,90;2;3;5;2;3;5;2;1;3;3;0;0;5;4;8;5;13;9;17;19;40;60;3;3;2.97;3.54;2.44;0;0;0;0;0;0;0;0;0;0;0;0;0;0;0;0;0;0;0;0;0;0;0;0;0;0;0;0;0;0;0;0;0;0;0;0;0;0;0;0;0;0;0;0;0;0;0;0;0;0;0;0;0;0;0;0;0;0;0;0;0;0;0;0;0;5;0;0;2;3;5;0;2015-11-30 18:45:00;895;0;57;32;38;0;-1;1;-1;-1;-1;-1;-1;-1;0;1;3;2;1;5;-1;0;0;0;0;0;0;0;0;0;0;0;0;0;1;1;0;0;-1;-1;0;0;-1;-1;-1;-1;-1;-1;-1;-1;-1;19;44;69;82;94;51;88;82;57;9.69;1.63;4.88;3.26;Biel-Bienne;Lausanne Sport;1.44;2.29;1.63;2.38;1.33;1.88;82;57;32;19;7;25;25;7;0;0;0;219;18;Y;Y;Y;Y;Y;N;Y
65100;897;904;2015/2016;complete;307;18;-1;40,45;42;2;1;3;2;4;6;2;6;2;6;0;0;3;7;8;7;11;14;17;12;49;51;2;6;1.81;3.72;4.72;0;0;0;0;0;0;0;0;0;0;0;0;0;0;0;0;0;0;0;0;0;0;0;0;0;0;0;0;0;0;0;0;0;0;0;0;0;0;0;0;0;0;0;0;0;0;0;0;0;0;0;0;0;0;0;0;0;0;0;0;0;0;0;0;0;3;2;1;0;0;0;3;2015-12-05 16:45:00;897;0;75;25;32;0;-1;1;-1;-1;-1;-1;-1;-1;1;2;1;4;3;5;-1;0;0;0;0;0;0;0;0;0;0;0;0;0;1;1;0;0;-1;-1;0;0;-1;-1;-1;-1;-1;-1;-1;-1;-1;13;38;57;94;100;38;88;88;57;9.5;2.75;5.76;3.07;Aarau;Le Mont;1.65;0.29;1.13;0.63;0.88;1.38;88;63;44;7;0;67;50;42;0;0;0;219;34;Y;Y;Y;N;N;N;Y
65101;903;906;2015/2016;complete;307;18;-1;73;;1;0;1;1;7;8;1;8;1;3;1;0;4;6;5;5;9;11;17;19;45;55;2;3;2.26;3.64;3.13;0;0;0;0;0;0;0;0;0;0;0;0;0;0;0;0;0;0;0;0;0;0;0;0;0;0;0;0;0;0;0;0;0;0;0;0;0;0;0;0;0;0;0;0;0;0;0;0;0;0;0;0;0;0;0;0;0;0;0;0;0;0;0;0;0;1;0;0;1;0;1;0;2015-12-05 16:45:00;903;0;47;13;21;0;-1;1;-1;-1;-1;-1;-1;-1;1;1;1;2;2;3;-1;0;0;0;0;0;0;0;0;0;0;0;0;0;1;1;0;0;-1;-1;0;0;-1;-1;-1;-1;-1;-1;-1;-1;-1;22;34;41;81;87;34;54;66;47;11.8;2.36;4.24;2.91;Winterthur;Biel-Bienne;1.18;0.89;1.13;1;1.29;1.25;79;66;60;20;14;80;70;70;0;0;0;219;18;Y;N;N;N;N;N;N
65102;895;899;2015/2016;complete;307;18;-1;12,73,79;;3;0;3;1;4;5;2;4;5;4;0;1;3;6;0;7;3;13;22;16;45;55;5;5;2.01;3.71;3.73;0;0;0;0;0;0;0;0;0;0;0;0;0;0;0;0;0;0;0;0;0;0;0;0;0;0;0;0;0;0;0;0;0;0;0;0;0;0;0;0;0;0;0;0;0;0;0;0;0;0;0;0;0;0;0;0;0;0;0;0;0;0;0;0;0;3;1;0;2;0;2;1;2015-12-06 14:00:00;895;0;69;32;25;0;-1;1;-1;-1;-1;-1;-1;-1;4;2;1;3;6;4;-1;0;0;0;0;0;0;0;1;0;1;0;0;0;1;1;0;0;-1;-1;0;1;-1;-1;-1;-1;-1;-1;-1;-1;-1;19;38;51;82;94;38;57;76;50;11.6;2.01;5.63;3.07;Lausanne Sport;Wil;1.53;1.18;1.38;1.5;1.94;1.76;82;63;51;19;7;58;45;45;0;0;0;219;34;Y;Y;Y;N;N;N;N
65103;902;905;2015/2016;complete;307;18;-1;20;24;1;1;2;6;3;9;6;5;2;2;0;1;9;4;8;4;17;8;10;12;48;52;2;3;2.04;3.54;3.8;0;0;0;0;0;0;0;0;0;0;0;0;0;0;0;0;0;0;0;0;0;0;0;0;0;0;0;0;0;0;0;0;0;0;0;0;0;0;0;0;0;0;0;0;0;0;0;0;0;0;0;0;0;0;0;0;0;0;0;0;0;0;0;0;0;2;1;1;0;0;0;2;2015-12-06 14:00:00;-1;0;44;0;19;0;-1;1;-1;-1;-1;-1;-1;-1;0;2;2;1;2;3;-1;0;0;0;0;0;0;0;0;0;0;0;0;0;1;1;0;0;-1;-1;0;1;-1;-1;-1;-1;-1;-1;-1;-1;-1;7;19;44;88;94;32;69;88;44;12.77;3.13;4.13;2.5;FC Schaffhausen;Wohlen;1.76;0.88;2.25;1.25;1.24;1.24;94;82;57;13;7;84;65;55;0;0;0;219;34;Y;Y;N;N;N;N;Y
65104;900;901;2015/2016;complete;307;18;-1;;;0;0;0;8;4;12;0;0;1;2;0;0;3;3;4;5;7;8;19;28;52;48;1;2;2.21;3.5;3.36;0;0;0;0;0;0;0;0;0;0;0;0;0;0;0;0;0;0;0;0;0;0;0;0;0;0;0;0;0;0;0;0;0;0;0;0;0;0;0;0;0;0;0;0;0;0;0;0;0;0;0;0;0;0;0;0;0;0;0;0;0;0;0;0;0;0;0;0;0;0;0;0;2015-12-07 18:45:00;-1;0;57;25;13;0;-1;1;-1;-1;-1;-1;-1;-1;0;1;1;1;1;2;-1;0;0;0;0;0;0;0;0;0;0;0;0;0;1;1;0;0;-1;-1;0;0;-1;-1;-1;-1;-1;-1;-1;-1;-1;13;25;38;75;100;25;69;76;44;8.13;2.38;4.63;2.51;Neuchâtel Xamax;Chiasso;2.18;0.82;2;1.13;1.35;1.18;88;75;63;25;0;65;29;29;0;0;0;219;34;N;N;N;N;N;N;N
65105;904;906;2015/2016;complete;307;16;-1;16;90;1;1;2;7;7;14;4;5;0;3;0;0;2;3;3;2;5;5;9;12;43;57;0;3;2.61;3.52;2.72;0;0;0;0;0;0;0;0;0;0;0;0;0;0;0;0;0;0;0;0;0;0;0;0;0;0;0;0;0;0;0;0;0;0;0;0;0;0;0;0;0;0;0;0;0;0;0;0;0;0;0;0;0;0;0;0;0;0;0;0;0;0;0;0;0;2;1;0;0;1;1;1;2015-12-09 17:30:00;-1;0;38;7;25;0;-1;1;-1;-1;-1;-1;-1;-1;0;0;0;3;0;3;-1;0;0;0;0;0;0;0;0;1;0;1;0;0;1;1;0;0;-1;-1;0;0;-1;-1;-1;-1;-1;-1;-1;-1;-1;19;26;38;69;88;32;50;69;32;10.62;4.5;4.13;2.63;Le Mont;Biel-Bienne;1.59;0.89;2.13;0.88;1.29;1.18;82;76;63;32;13;62;40;40;0;0;0;219;18;Y;Y;N;N;N;N;Y
65106;900;901;2015/2016;complete;307;19;-1;32,45;57;2;1;3;4;4;8;1;0;4;1;0;0;8;2;5;4;13;6;13;13;45;55;4;1;2.3;3.44;3.28;0;0;0;0;0;0;0;0;0;0;0;0;0;0;0;0;0;0;0;0;0;0;0;0;0;0;0;0;0;0;0;0;0;0;0;0;0;0;0;0;0;0;0;0;0;0;0;0;0;0;0;0;0;0;0;0;0;0;0;0;0;0;0;0;0;3;2;0;0;1;1;2;2016-02-06 18:00:00;900;0;50;22;11;0;-1;1;-1;-1;-1;-1;-1;-1;2;0;2;1;2;3;-1;0;0;0;0;0;0;0;0;0;0;0;0;0;1;1;0;0;-1;-1;0;0;-1;-1;-1;-1;-1;-1;-1;-1;-1;11;22;33;67;89;22;62;67;39;8.76;2.11;4.44;2.23;Neuchâtel Xamax;Chiasso;2.18;0.82;1.89;1.11;1.33;1.17;89;78;67;34;11;70;40;40;0;0;0;219;34;Y;Y;Y;N;N;N;Y
65107;895;904;2015/2016;complete;307;19;-1;4,80;52;2;1;3;5;0;5;5;3;3;3;1;0;7;3;3;0;10;3;14;16;60;40;4;3;1.58;4.36;5.88;0;0;0;0;0;0;0;0;0;0;0;0;0;0;0;0;0;0;0;0;0;0;0;0;0;0;0;0;0;0;0;0;0;0;0;0;0;0;0;0;0;0;0;0;0;0;0;0;0;0;0;0;0;0;0;0;0;0;0;0;0;0;0;0;0;3;1;0;1;1;2;1;2016-02-07 14:00:00;895;0;67;39;28;0;-1;1;-1;-1;-1;-1;-1;-1;0;1;4;2;1;6;-1;0;0;0;0;0;0;0;0;0;0;0;0;0;1;1;1;0;-1;-1;0;0;-1;-1;-1;-1;-1;-1;-1;-1;-1;17;39;56;89;100;39;78;78;50;9.89;2.78;6.23;3.28;Lausanne Sport;Le Mont;1.53;0.29;1.56;0.56;2;1.28;84;61;45;11;0;52;42;35;0;0;0;219;34;Y;Y;Y;N;N;N;Y
65108;903;905;2015/2016;complete;307;19;-1;67;2,41,88,90;1;4;5;5;6;11;3;7;2;4;0;0;4;5;3;2;7;7;10;15;52;48;2;4;2.04;3.61;3.8;0;0;0;0;0;0;0;0;0;0;0;0;0;0;0;0;0;0;0;0;0;0;0;0;0;0;0;0;0;0;0;0;0;0;0;0;0;0;0;0;0;0;0;0;0;0;0;0;0;0;0;0;0;0;0;0;0;0;0;0;0;0;0;0;0;5;0;2;1;2;3;2;2016-02-07 14:00:00;905;0;50;17;11;0;-1;1;-1;-1;-1;-1;-1;-1;0;2;2;2;2;4;-1;0;0;0;0;0;0;0;0;0;0;0;0;0;1;1;0;1;-1;-1;0;0;-1;-1;-1;-1;-1;-1;-1;-1;-1;0;17;33;78;89;28;56;78;39;9.69;4;4.55;2.17;Winterthur;Wohlen;1.18;0.88;1.33;1.22;1.39;1.22;100;84;67;22;11;69;55;55;0;0;0;219;34;Y;Y;Y;Y;Y;N;Y
65109;899;902;2015/2016;complete;307;19;-1;33,85,90;;3;0;3;3;7;10;1;5;2;3;0;0;2;13;3;3;5;16;17;15;43;57;2;3;2.03;3.72;3.72;0;0;0;0;0;0;0;0;0;0;0;0;0;0;0;0;0;0;0;0;0;0;0;0;0;0;0;0;0;0;0;0;0;0;0;0;0;0;0;0;0;0;0;0;0;0;0;0;0;0;0;0;0;0;0;0;0;0;0;0;0;0;0;0;0;3;1;0;2;0;2;1;2016-02-08 18:45:00;899;0;45;17;17;0;-1;1;-1;-1;-1;-1;-1;-1;0;0;2;3;0;5;-1;0;0;0;0;0;0;0;1;0;1;0;0;0;1;1;0;0;-1;-1;0;0;-1;-1;-1;-1;-1;-1;-1;-1;-1;28;39;50;78;89;28;67;89;50;9.43;3.89;4.56;2.89;Wil;FC Schaffhausen;1.94;1;2;0.33;1.67;1.22;73;61;50;22;11;72;50;36;0;0;0;219;34;Y;Y;Y;N;N;N;N
65110;901;897;2015/2016;complete;307;20;-1;58;52,60;1;2;3;0;2;2;4;1;2;3;0;0;4;4;3;3;7;7;13;16;61;39;2;3;2.68;3.29;2.8;0;0;0;0;0;0;0;0;0;0;0;0;0;0;0;0;0;0;0;0;0;0;0;0;0;0;0;0;0;0;0;0;0;0;0;0;0;0;0;0;0;0;0;0;0;0;0;0;0;0;0;0;0;0;0;0;0;0;0;0;0;0;0;0;0;3;0;0;1;2;3;0;2016-02-13 16:45:00;897;0;61;11;28;0;-1;1;-1;-1;-1;-1;-1;-1;1;0;1;3;1;4;-1;0;0;0;0;0;0;0;0;0;0;0;0;0;1;1;0;0;-1;-1;0;0;-1;-1;-1;-1;-1;-1;-1;-1;-1;0;22;39;73;78;17;50;73;39;11.02;4.55;5.22;2.11;Chiasso;Aarau;1.35;1.29;1.22;0.67;1.11;1;100;78;61;28;22;72;60;48;0;0;0;219;34;Y;Y;Y;N;N;N;Y
65111;899;904;2015/2016;complete;307;20;-1;56,67,90;;3;0;3;3;2;5;2;4;3;2;0;0;6;3;4;1;10;4;12;17;53;47;3;2;1.73;4.04;4.78;0;0;0;0;0;0;0;0;0;0;0;0;0;0;0;0;0;0;0;0;0;0;0;0;0;0;0;0;0;0;0;0;0;0;0;0;0;0;0;0;0;0;0;0;0;0;0;0;0;0;0;0;0;0;0;0;0;0;0;0;0;0;0;0;0;3;0;0;3;0;3;0;2016-02-13 16:45:00;899;0;70;40;30;0;-1;1;-1;-1;-1;-1;-1;-1;1;1;2;1;2;3;-1;0;0;0;0;0;0;0;0;0;0;0;0;0;1;1;0;0;-1;-1;0;0;-1;-1;-1;-1;-1;-1;-1;-1;-1;25;55;70;85;90;50;90;75;55;6.13;2.9;6.3;3.35;Wil;Le Mont;1.94;0.29;2.1;0.5;1.74;1.21;75;45;30;15;10;44;44;19;0;0;0;219;34;Y;Y;Y;N;N;N;N
65112;902;900;2015/2016;complete;307;20;-1;;;0;0;0;6;3;9;7;1;1;4;0;1;7;7;3;4;10;11;16;15;59;41;1;6;2.2;3.44;3.46;0;0;0;0;0;0;0;0;0;0;0;0;0;0;0;0;0;0;0;0;0;0;0;0;0;0;0;0;0;0;0;0;0;0;0;0;0;0;0;0;0;0;0;0;0;0;0;0;0;0;0;0;0;0;0;0;0;0;0;0;0;0;0;0;0;0;0;0;0;0;0;0;2016-02-14 14:00:00;-1;0;61;22;33;0;-1;1;-1;-1;-1;-1;-1;-1;0;3;1;2;3;3;-1;0;0;0;0;0;0;0;0;0;0;0;0;0;1;1;0;0;-1;-1;0;0;-1;-1;-1;-1;-1;-1;-1;-1;-1;17;28;61;95;100;39;78;84;61;10.89;3.11;5.33;3;FC Schaffhausen;Neuchâtel Xamax;1.76;1;2.11;0.78;1.16;1.42;84;73;39;6;0;84;67;59;0;0;0;219;34;N;N;N;N;N;N;N
65113;905;895;2015/2016;complete;307;20;-1;55;14,18,44;1;3;4;8;4;12;2;4;1;0;0;0;9;2;6;12;15;14;11;7;49;51;1;0;2.81;3.45;2.57;0;0;0;0;0;0;0;0;0;0;0;0;0;0;0;0;0;0;0;0;0;0;0;0;0;0;0;0;0;0;0;0;0;0;0;0;0;0;0;0;0;0;0;0;0;0;0;0;0;0;0;0;0;0;0;0;0;0;0;0;0;0;0;0;0;4;0;3;1;0;1;3;2016-02-14 14:00:00;895;0;56;33;22;0;-1;1;-1;-1;-1;-1;-1;-1;0;0;1;0;0;1;-1;0;0;0;0;0;0;0;0;0;0;0;0;0;1;1;0;0;-1;-1;0;0;-1;-1;-1;-1;-1;-1;-1;-1;-1;17;39;73;84;95;45;78;84;50;11.13;2.12;5;3.11;Wohlen;Lausanne Sport;1.24;2.29;1.22;2.44;1.32;2.05;84;62;28;17;6;40;40;32;0;0;0;219;34;Y;Y;Y;Y;N;N;Y
65114;895;899;2015/2016;complete;307;21;-1;1,86;8;2;1;3;11;3;14;5;0;2;5;0;1;7;2;6;2;13;4;18;17;61;39;2;6;1.86;3.75;4.32;0;0;0;0;0;0;0;0;0;0;0;0;0;0;0;0;0;0;0;0;0;0;0;0;0;0;0;0;0;0;0;0;0;0;0;0;0;0;0;0;0;0;0;0;0;0;0;0;0;0;0;0;0;0;0;0;0;0;0;0;0;0;0;0;0;3;1;1;1;0;1;2;2016-02-20 16:45:00;895;0;64;27;26;0;-1;1;-1;-1;-1;-1;-1;-1;0;1;2;5;1;7;-1;0;0;0;0;0;0;0;0;0;0;0;0;0;1;1;1;1;-1;-1;0;0;-1;-1;-1;-1;-1;-1;-1;-1;-1;16;32;59;84;95;32;64;79;58;10;2.84;6.26;3.05;Lausanne Sport;Wil;1.53;1.18;1.7;1.33;2.1;1.8;85;68;42;16;6;42;33;33;0;0;0;219;34;Y;Y;Y;N;N;N;Y
65115;903;902;2015/2016;complete;307;21;-1;60;;1;0;1;6;6;12;2;5;2;2;0;0;7;8;6;3;13;11;15;12;47;53;2;2;1.81;3.81;4.56;0;0;0;0;0;0;0;0;0;0;0;0;0;0;0;0;0;0;0;0;0;0;0;0;0;0;0;0;0;0;0;0;0;0;0;0;0;0;0;0;0;0;0;0;0;0;0;0;0;0;0;0;0;0;0;0;0;0;0;0;0;0;0;0;0;1;0;0;1;0;1;0;2016-02-20 16:45:00;903;0;35;10;15;0;-1;1;-1;-1;-1;-1;-1;-1;1;1;1;1;2;2;-1;0;0;0;0;0;0;0;0;0;0;0;0;0;1;1;0;0;-1;-1;0;0;-1;-1;-1;-1;-1;-1;-1;-1;-1;10;20;40;75;95;15;55;90;50;11.11;4.7;4.2;2.4;Winterthur;FC Schaffhausen;1.18;1;1.2;0.3;1.32;1.15;90;80;60;25;5;86;67;61;0;0;0;219;34;Y;N;N;N;N;N;N
65116;901;905;2015/2016;complete;307;21;-1;79;;1;0;1;7;7;14;2;2;2;2;0;0;8;2;3;2;11;4;10;13;44;56;2;2;3.05;3.48;2.38;0;0;0;0;0;0;0;0;0;0;0;0;0;0;0;0;0;0;0;0;0;0;0;0;0;0;0;0;0;0;0;0;0;0;0;0;0;0;0;0;0;0;0;0;0;0;0;0;0;0;0;0;0;0;0;0;0;0;0;0;0;0;0;0;0;1;0;0;1;0;1;0;2016-02-21 14:00:00;901;0;70;15;30;0;-1;1;-1;-1;-1;-1;-1;-1;1;0;1;2;1;3;-1;0;0;0;0;0;0;0;0;0;0;0;0;0;1;1;0;0;-1;-1;0;0;-1;-1;-1;-1;-1;-1;-1;-1;-1;5;25;55;90;90;30;60;80;50;8.5;5.5;5.3;2.65;Chiasso;Wohlen;1.35;0.88;1.1;1.4;1.05;1.25;95;75;45;10;10;63;45;40;0;0;0;219;34;Y;N;N;N;N;N;N
65117;900;897;2015/2016;complete;307;21;-1;;;0;0;0;7;6;13;2;5;2;2;0;0;12;6;9;2;21;8;15;19;56;44;2;2;2.85;3.37;2.58;0;0;0;0;0;0;0;0;0;0;0;0;0;0;0;0;0;0;0;0;0;0;0;0;0;0;0;0;0;0;0;0;0;0;0;0;0;0;0;0;0;0;0;0;0;0;0;0;0;0;0;0;0;0;0;0;0;0;0;0;0;0;0;0;0;0;0;0;0;0;0;0;2016-02-22 18:45:00;-1;0;45;0;20;0;-1;1;-1;-1;-1;-1;-1;-1;1;0;1;2;1;3;-1;0;0;0;0;0;0;0;0;0;0;0;0;0;1;1;0;0;-1;-1;0;0;-1;-1;-1;-1;-1;-1;-1;-1;-1;5;15;25;55;80;10;55;65;25;11.7;2.5;4.8;1.8;Neuchâtel Xamax;Aarau;2.18;1.29;2;0.9;1.4;1.11;95;85;75;45;20;75;55;50;0;0;0;219;34;N;N;N;N;N;N;N
65118;899;905;2015/2016;complete;307;22;-1;78;66;1;1;2;-1;-1;-1;-1;-1;2;1;0;0;-1;-1;-1;-1;-1;-1;-1;-1;-1;-1;2;1;1.87;3.75;4.28;0;0;0;0;0;0;0;0;0;0;0;0;0;0;0;0;0;0;0;0;0;0;0;0;0;0;0;0;0;0;0;0;0;0;0;0;0;0;0;0;0;0;0;0;0;0;0;0;0;0;0;0;0;0;0;0;0;0;0;0;0;0;0;0;0;2;0;0;1;1;2;0;2016-02-27 16:45:00;-1;0;55;18;18;0;-1;1;-1;-1;-1;-1;-1;-1;0;0;2;1;0;3;-1;0;0;0;0;0;0;0;0;0;0;0;0;0;1;1;0;0;-1;-1;0;0;-1;-1;-1;-1;-1;-1;-1;-1;-1;23;37;55;82;87;41;69;82;50;8.44;4;5.09;2.86;Wil;Wohlen;1.94;0.88;2.18;1.27;1.71;1.19;78;64;46;18;14;61;50;34;0;0;0;219;34;Y;Y;N;N;N;N;Y
65119;897;904;2015/2016;complete;307;22;-1;32;;1;0;1;8;5;13;3;3;2;2;0;0;7;2;6;3;13;5;18;11;56;44;2;2;1.54;4.21;6.75;0;0;0;0;0;0;0;0;0;0;0;0;0;0;0;0;0;0;0;0;0;0;0;0;0;0;0;0;0;0;0;0;0;0;0;0;0;0;0;0;0;0;0;0;0;0;0;0;0;0;0;0;0;0;0;0;0;0;0;0;0;0;0;0;0;1;1;0;0;0;0;1;2016-02-28 14:00:00;897;0;76;28;29;0;-1;1;-1;-1;-1;-1;-1;-1;2;1;0;1;3;1;-1;0;0;0;0;0;0;0;0;0;0;0;0;0;1;1;0;0;-1;-1;2;0;-1;-1;-1;-1;-1;-1;-1;-1;-1;10;28;65;96;100;39;85;81;56;8.49;3.65;5.78;3.03;Aarau;Le Mont;1.65;0.29;1.33;0.45;1.1;1.15;90;72;36;5;0;52;38;33;0;0;0;219;34;Y;N;N;N;N;N;N
65120;900;903;2015/2016;complete;307;22;-1;40,86;;2;0;2;9;4;13;3;5;1;4;0;0;4;4;12;5;16;9;10;12;52;48;1;4;2.43;3.38;3.05;0;0;0;0;0;0;0;0;0;0;0;0;0;0;0;0;0;0;0;0;0;0;0;0;0;0;0;0;0;0;0;0;0;0;0;0;0;0;0;0;0;0;0;0;0;0;0;0;0;0;0;0;0;0;0;0;0;0;0;0;0;0;0;0;0;2;1;0;1;0;1;1;2016-02-28 14:00:00;900;0;46;6;16;0;-1;1;-1;-1;-1;-1;-1;-1;0;0;1;4;0;5;-1;0;0;0;0;0;0;0;0;0;0;0;0;0;1;1;0;0;-1;-1;0;0;-1;-1;-1;-1;-1;-1;-1;-1;-1;16;26;42;56;86;27;66;67;31;8.71;1.33;4.56;2.3;Neuchâtel Xamax;Winterthur;2.18;1.35;1.91;1.44;1.38;1.4;85;75;59;44;15;63;42;25;0;0;0;219;34;Y;Y;N;N;N;N;N
65121;895;900;2015/2016;complete;307;23;-1;48;32;1;1;2;9;5;14;10;2;2;1;0;1;6;4;9;5;15;9;12;14;63;37;2;2;1.68;3.99;5.3;0;0;0;0;0;0;0;0;0;0;0;0;0;0;0;0;0;0;0;0;0;0;0;0;0;0;0;0;0;0;0;0;0;0;0;0;0;0;0;0;0;0;0;0;0;0;0;0;0;0;0;0;0;0;0;0;0;0;0;0;0;0;0;0;0;2;0;1;1;0;1;1;2016-03-06 14:00:00;-1;0;67;29;34;0;-1;1;-1;-1;-1;-1;-1;-1;1;1;1;1;2;2;-1;0;0;0;0;0;0;0;0;1;0;1;0;0;1;1;0;0;-1;-1;0;0;-1;-1;-1;-1;-1;-1;-1;-1;-1;19;24;63;91;95;29;67;86;63;10.5;3.33;6.24;3.09;Lausanne Sport;Neuchâtel Xamax;1.53;1;1.82;0.8;2.14;1.45;81;76;38;10;5;64;52;52;0;0;0;219;34;Y;Y;N;N;N;N;Y
65122;902;897;2015/2016;complete;307;23;-1;79;12,54,82;1;3;4;4;8;12;5;2;1;3;0;0;5;2;4;4;9;6;13;9;62;38;1;3;3.32;3.39;2.28;0;0;0;0;0;0;0;0;0;0;0;0;0;0;0;0;0;0;0;0;0;0;0;0;0;0;0;0;0;0;0;0;0;0;0;0;0;0;0;0;0;0;0;0;0;0;0;0;0;0;0;0;0;0;0;0;0;0;0;0;0;0;0;0;0;4;0;1;1;2;3;1;2016-03-06 14:00:00;897;0;43;5;24;0;-1;1;-1;-1;-1;-1;-1;-1;1;1;0;2;2;2;-1;0;0;0;0;0;0;0;1;1;1;1;0;0;1;1;0;0;-1;-1;0;0;-1;-1;-1;-1;-1;-1;-1;-1;-1;5;15;29;68;77;25;53;67;34;13.64;4.36;4.17;1.93;FC Schaffhausen;Aarau;1.76;1.29;2;0.91;1.1;1.19;95;86;71;33;23;90;64;52;0;0;0;219;34;Y;Y;Y;Y;N;N;Y
65123;901;899;2015/2016;complete;307;23;-1;79;59;1;1;2;8;5;13;2;1;5;4;0;0;4;5;4;4;8;9;18;17;51;49;5;4;3.01;3.43;2.43;0;0;0;0;0;0;0;0;0;0;0;0;0;0;0;0;0;0;0;0;0;0;0;0;0;0;0;0;0;0;0;0;0;0;0;0;0;0;0;0;0;0;0;0;0;0;0;0;0;0;0;0;0;0;0;0;0;0;0;0;0;0;0;0;0;2;0;0;1;1;2;0;2016-03-07 18:45:00;-1;0;72;29;28;0;-1;1;-1;-1;-1;-1;-1;-1;0;0;5;4;0;9;-1;0;0;0;0;0;0;0;0;1;0;1;0;0;1;1;0;0;-1;-1;0;0;-1;-1;-1;-1;-1;-1;-1;-1;-1;5;34;67;81;91;34;58;76;53;7.39;3.75;6.62;2.77;Chiasso;Wil;1.35;1.18;1.27;1.2;1.14;1.68;95;67;33;19;10;49;44;40;0;0;0;219;34;Y;Y;N;N;N;N;Y
65124;897;905;2015/2016;complete;307;24;-1;2,31;;2;0;2;7;3;10;5;5;1;4;0;0;8;2;1;3;9;5;18;19;49;51;1;4;1.9;3.63;4.37;0;0;0;0;0;0;0;0;0;0;0;0;0;0;0;0;0;0;0;0;0;0;0;0;0;0;0;0;0;0;0;0;0;0;0;0;0;0;0;0;0;0;0;0;0;0;0;0;0;0;0;0;0;0;0;0;0;0;0;0;0;0;0;0;0;2;2;0;0;0;0;2;2016-03-12 16:45:00;897;0;64;9;23;0;-1;1;-1;-1;-1;-1;-1;-1;0;1;1;3;1;4;-1;0;0;0;0;0;0;0;0;0;0;0;0;0;1;1;1;0;-1;-1;0;0;-1;-1;-1;-1;-1;-1;-1;-1;-1;9;14;42;87;96;32;69;82;46;11.22;4.28;4.55;2.47;Aarau;Wohlen;1.65;0.88;1.5;1.25;1.27;1.18;91;87;59;14;4;77;53;53;0;0;0;219;34;Y;Y;N;N;N;N;N
65125;899;900;2015/2016;complete;307;24;-1;68,76,90;62;3;1;4;13;0;13;1;2;3;1;0;0;7;2;8;3;15;5;9;12;64;36;3;1;1.96;3.64;4.05;0;0;0;0;0;0;0;0;0;0;0;0;0;0;0;0;0;0;0;0;0;0;0;0;0;0;0;0;0;0;0;0;0;0;0;0;0;0;0;0;0;0;0;0;0;0;0;0;0;0;0;0;0;0;0;0;0;0;0;0;0;0;0;0;0;4;0;0;3;1;4;0;2016-03-12 16:45:00;899;0;66;26;31;0;-1;1;-1;-1;-1;-1;-1;-1;1;1;2;0;2;2;-1;0;0;0;0;0;0;0;0;0;0;0;0;0;1;1;0;0;-1;-1;0;0;-1;-1;-1;-1;-1;-1;-1;-1;-1;26;39;66;87;87;35;70;83;66;6.86;2.56;6.12;3.08;Wil;Neuchâtel Xamax;1.94;1;2.08;0.82;1.65;1.43;75;62;35;13;13;59;54;38;0;0;0;219;34;Y;Y;Y;Y;N;N;Y
65126;904;901;2015/2016;complete;307;24;-1;;;0;0;0;2;6;8;7;0;2;4;0;0;4;4;2;5;6;9;15;17;40;60;2;4;2.58;3.35;2.9;0;0;0;0;0;0;0;0;0;0;0;0;0;0;0;0;0;0;0;0;0;0;0;0;0;0;0;0;0;0;0;0;0;0;0;0;0;0;0;0;0;0;0;0;0;0;0;0;0;0;0;0;0;0;0;0;0;0;0;0;0;0;0;0;0;0;0;0;0;0;0;0;2016-03-13 14:00:00;-1;0;57;26;16;0;-1;1;-1;-1;-1;-1;-1;-1;0;2;2;2;2;4;-1;0;0;0;0;0;0;0;0;0;0;0;0;0;1;1;0;0;-1;-1;0;0;-1;-1;-1;-1;-1;-1;-1;-1;-1;5;16;42;79;90;36;58;79;36;8.13;4.49;3.89;2.3;Le Mont;Chiasso;1.59;0.82;2;1;1.1;1.14;95;85;59;22;11;57;32;32;0;0;0;219;34;N;N;N;N;N;N;N
65127;903;895;2015/2016;complete;307;24;-1;29,72;78,86;2;2;4;2;8;10;1;1;2;3;0;1;3;4;5;3;8;7;16;9;42;58;2;4;3.1;3.49;2.37;0;0;0;0;0;0;0;0;0;0;0;0;0;0;0;0;0;0;0;0;0;0;0;0;0;0;0;0;0;0;0;0;0;0;0;0;0;0;0;0;0;0;0;0;0;0;0;0;0;0;0;0;0;0;0;0;0;0;0;0;0;0;0;0;0;4;1;0;1;2;3;1;2016-03-14 18:45:00;-1;0;53;19;24;0;-1;1;-1;-1;-1;-1;-1;-1;0;2;2;2;2;4;-1;0;0;0;0;0;0;0;1;0;1;0;0;0;1;1;0;0;-1;-1;0;1;-1;-1;-1;-1;-1;-1;-1;-1;-1;15;39;58;72;96;34;63;86;48;9.86;2.54;4.47;2.84;Winterthur;Lausanne Sport;1.18;2.29;1.36;2.5;1.33;2.09;86;62;42;28;5;52;52;45;0;0;0;219;34;Y;Y;Y;Y;N;N;Y
65128;901;903;2015/2016;complete;307;25;-1;73;41,75;1;2;3;10;3;13;2;2;2;3;0;0;8;4;5;3;13;7;10;11;54;46;2;3;2.44;3.32;3.08;0;0;0;0;0;0;0;0;0;0;0;0;0;0;0;0;0;0;0;0;0;0;0;0;0;0;0;0;0;0;0;0;0;0;0;0;0;0;0;0;0;0;0;0;0;0;0;0;0;0;0;0;0;0;0;0;0;0;0;0;0;0;0;0;0;3;0;1;1;1;2;1;2016-03-19 16:45:00;903;0;63;14;31;0;-1;1;-1;-1;-1;-1;-1;-1;0;1;2;2;1;4;-1;0;0;0;0;0;0;0;0;0;0;0;0;0;1;1;0;0;-1;-1;0;0;-1;-1;-1;-1;-1;-1;-1;-1;-1;10;28;54;77;91;29;56;82;49;7.6;3.62;5.3;2.64;Chiasso;Winterthur;1.35;1.35;1.25;1.3;1.13;1.32;90;73;46;24;9;58;47;28;0;0;0;219;34;Y;Y;Y;N;N;N;Y
65129;897;899;2015/2016;complete;307;25;-1;24,61;90;2;1;3;2;5;7;8;1;2;5;0;0;0;5;5;4;5;9;21;10;43;57;2;5;2.04;3.55;3.79;0;0;0;0;0;0;0;0;0;0;0;0;0;0;0;0;0;0;0;0;0;0;0;0;0;0;0;0;0;0;0;0;0;0;0;0;0;0;0;0;0;0;0;0;0;0;0;0;0;0;0;0;0;0;0;0;0;0;0;0;0;0;0;0;0;3;1;0;1;1;2;1;2016-03-20 14:00:00;897;0;69;23;23;0;-1;1;-1;-1;-1;-1;-1;-1;0;0;2;5;0;7;-1;0;0;0;0;0;0;0;1;0;1;0;0;0;1;1;0;0;-1;-1;0;0;-1;-1;-1;-1;-1;-1;-1;-1;-1;9;23;55;87;96;41;73;73;50;9.86;3.27;6;2.69;Aarau;Wil;1.65;1.18;1.64;1.18;1.35;1.71;91;78;46;14;5;64;53;47;0;0;0;219;34;Y;Y;Y;N;N;N;Y
65130;900;904;2015/2016;complete;307;25;-1;52;;1;0;1;5;5;10;2;2;3;5;0;0;3;4;8;10;11;14;21;23;55;45;3;5;1.68;3.87;5.45;0;0;0;0;0;0;0;0;0;0;0;0;0;0;0;0;0;0;0;0;0;0;0;0;0;0;0;0;0;0;0;0;0;0;0;0;0;0;0;0;0;0;0;0;0;0;0;0;0;0;0;0;0;0;0;0;0;0;0;0;0;0;0;0;0;1;0;0;1;0;1;0;2016-03-20 14:00:00;900;0;50;21;21;0;-1;1;-1;-1;-1;-1;-1;-1;2;2;1;3;4;4;-1;0;0;0;0;0;0;0;0;0;0;0;0;0;1;1;0;0;-1;-1;0;0;-1;-1;-1;-1;-1;-1;-1;-1;-1;8;30;46;67;92;25;80;63;34;8.78;2.92;5.66;2.46;Neuchâtel Xamax;Le Mont;2.18;0.29;2;0.42;1.38;1.09;92;71;54;34;9;59;48;43;0;0;0;219;34;Y;N;N;N;N;N;N
65131;905;902;2015/2016;complete;307;25;-1;;49;0;1;1;-1;-1;-1;-1;-1;3;1;0;0;-1;-1;-1;-1;-1;-1;-1;-1;-1;-1;3;1;2.31;3.42;3.22;0;0;0;0;0;0;0;0;0;0;0;0;0;0;0;0;0;0;0;0;0;0;0;0;0;0;0;0;0;0;0;0;0;0;0;0;0;0;0;0;0;0;0;0;0;0;0;0;0;0;0;0;0;0;0;0;0;0;0;0;0;0;0;0;0;1;0;0;0;1;1;0;2016-03-21 18:45:00;902;0;39;20;10;0;-1;1;-1;-1;-1;-1;-1;-1;2;0;1;1;2;2;-1;0;0;0;0;0;0;0;0;0;0;0;0;0;1;1;0;0;-1;-1;0;0;-1;-1;-1;-1;-1;-1;-1;-1;-1;10;25;53;82;95;30;68;90;43;12.55;4.87;4.31;2.64;Wohlen;FC Schaffhausen;1.24;1;1.1;0.27;1.13;1.05;91;76;47;19;5;84;67;62;0;0;0;219;34;Y;N;N;N;N;N;N
65132;903;899;2015/2016;complete;307;26;-1;33;71,89;1;2;3;4;8;12;3;2;3;2;0;0;4;7;2;4;6;11;18;7;42;58;3;2;2.44;3.5;2.95;0;0;0;0;0;0;0;0;0;0;0;0;0;0;0;0;0;0;0;0;0;0;0;0;0;0;0;0;0;0;0;0;0;0;0;0;0;0;0;0;0;0;0;0;0;0;0;0;0;0;0;0;0;0;0;0;0;0;0;0;0;0;0;0;0;3;1;0;0;2;2;1;2016-04-02 15:45:00;899;0;63;25;29;0;-1;1;-1;-1;-1;-1;-1;-1;1;0;2;2;1;4;-1;0;0;0;0;0;0;0;0;0;0;0;0;0;1;1;0;0;-1;-1;0;0;-1;-1;-1;-1;-1;-1;-1;-1;-1;8;33;55;75;92;34;59;79;54;8.56;2.83;6.17;2.63;Winterthur;Wil;1.18;1.18;1.33;1.08;1.39;1.64;92;67;46;25;8;61;61;56;0;0;0;219;34;Y;Y;Y;N;N;N;Y
65133;905;904;2015/2016;complete;307;26;-1;45,54;74;2;1;3;3;1;4;5;3;3;2;0;0;3;2;5;3;8;5;16;12;53;47;3;2;1.77;3.69;5.02;0;0;0;0;0;0;0;0;0;0;0;0;0;0;0;0;0;0;0;0;0;0;0;0;0;0;0;0;0;0;0;0;0;0;0;0;0;0;0;0;0;0;0;0;0;0;0;0;0;0;0;0;0;0;0;0;0;0;0;0;0;0;0;0;0;3;1;0;1;1;2;1;2016-04-02 15:45:00;905;0;59;37;20;0;-1;1;-1;-1;-1;-1;-1;-1;2;2;1;0;4;1;-1;0;0;0;0;0;0;0;0;0;0;0;0;0;1;1;0;0;-1;-1;0;0;-1;-1;-1;-1;-1;-1;-1;-1;-1;9;37;63;80;96;47;79;76;41;9.51;3.51;5.91;2.87;Wohlen;Le Mont;1.24;0.29;1;0.38;1.08;1.04;92;63;37;21;5;56;56;47;0;0;0;219;34;Y;Y;Y;N;N;N;Y
65134;902;901;2015/2016;complete;307;26;-1;52,63,78;24;3;1;4;3;4;7;1;2;3;2;0;1;6;4;5;6;11;10;18;22;53;47;3;3;2.3;3.36;3.3;0;0;0;0;0;0;0;0;0;0;0;0;0;0;0;0;0;0;0;0;0;0;0;0;0;0;0;0;0;0;0;0;0;0;0;0;0;0;0;0;0;0;0;0;0;0;0;0;0;0;0;0;0;0;0;0;0;0;0;0;0;0;0;0;0;4;0;1;3;0;3;1;2016-04-03 13:00:00;902;0;55;23;18;0;-1;1;-1;-1;-1;-1;-1;-1;2;1;1;2;3;3;-1;0;0;0;0;0;0;0;1;1;1;1;0;0;1;1;0;0;-1;-1;0;0;-1;-1;-1;-1;-1;-1;-1;-1;-1;9;23;45;82;87;41;64;73;45;10.53;3.72;4;2.46;FC Schaffhausen;Chiasso;1.76;0.82;1.82;1;1.13;1.08;91;78;55;18;14;72;43;36;0;0;0;219;34;Y;Y;Y;Y;N;N;Y
65135;895;897;2015/2016;complete;307;26;-1;90;79;1;1;2;4;3;7;6;4;3;1;0;0;6;3;4;5;10;8;13;16;55;45;3;1;2.3;3.43;3.24;0;0;0;0;0;0;0;0;0;0;0;0;0;0;0;0;0;0;0;0;0;0;0;0;0;0;0;0;0;0;0;0;0;0;0;0;0;0;0;0;0;0;0;0;0;0;0;0;0;0;0;0;0;0;0;0;0;0;0;0;0;0;0;0;0;2;0;0;1;1;2;0;2016-04-04 17:45:00;-1;0;59;13;29;0;-1;1;-1;-1;-1;-1;-1;-1;1;0;2;1;1;3;-1;0;0;0;0;0;0;0;0;0;0;0;0;0;1;1;0;0;-1;-1;0;0;-1;-1;-1;-1;-1;-1;-1;-1;-1;9;17;38;75;84;17;55;80;42;13.89;4.75;4.91;2.38;Lausanne Sport;Aarau;1.53;1.29;1.75;1.08;2.04;1.42;92;83;63;25;17;73;62;57;0;0;0;219;34;Y;Y;N;N;N;N;Y
65136;904;903;2015/2016;complete;307;23;-1;55,79;;2;0;2;4;5;9;7;1;2;0;0;0;0;2;8;4;8;6;15;15;39;61;2;0;3.49;3.47;2.17;0;0;0;0;0;0;0;0;0;0;0;0;0;0;0;0;0;0;0;0;0;0;0;0;0;0;0;0;0;0;0;0;0;0;0;0;0;0;0;0;0;0;0;0;0;0;0;0;0;0;0;0;0;0;0;0;0;0;0;0;0;0;0;0;0;2;0;0;2;0;2;0;2016-04-06 16:30:00;904;0;48;10;24;0;-1;1;-1;-1;-1;-1;-1;-1;1;0;1;0;1;1;-1;0;0;0;0;0;0;0;0;0;0;0;0;0;1;1;0;0;-1;-1;0;0;-1;-1;-1;-1;-1;-1;-1;-1;-1;9;19;43;67;86;28;62;76;33;7.71;4.57;4.26;2.27;Le Mont;Winterthur;1.59;1.35;1.9;1.45;1;1.33;91;82;58;34;15;60;42;29;0;0;0;219;34;Y;Y;N;N;N;N;N
65137;904;902;2015/2016;complete;307;27;-1;;78;0;1;1;3;4;7;6;1;0;2;0;0;4;5;3;5;7;10;18;16;43;57;0;2;2.99;3.34;2.49;0;0;0;0;0;0;0;0;0;0;0;0;0;0;0;0;0;0;0;0;0;0;0;0;0;0;0;0;0;0;0;0;0;0;0;0;0;0;0;0;0;0;0;0;0;0;0;0;0;0;0;0;0;0;0;0;0;0;0;0;0;0;0;0;0;1;0;0;0;1;1;0;2016-04-09 15:45:00;902;0;27;5;13;0;-1;1;-1;-1;-1;-1;-1;-1;0;1;0;1;1;1;-1;0;0;0;0;0;0;0;0;0;0;0;0;0;1;1;0;0;-1;-1;0;0;-1;-1;-1;-1;-1;-1;-1;-1;-1;4;9;30;66;91;9;48;87;35;10.52;6.56;3.74;2;Le Mont;FC Schaffhausen;1.59;1;2;0.5;1.08;1.21;96;92;70;35;9;80;49;43;0;0;0;219;34;Y;N;N;N;N;N;N
65138;900;905;2015/2016;complete;307;27;-1;41,58,65,78;;4;0;4;6;7;13;1;7;2;2;0;1;6;2;8;1;14;3;8;11;59;41;2;4;2.06;3.49;3.79;0;0;0;0;0;0;0;0;0;0;0;0;0;0;0;0;0;0;0;0;0;0;0;0;0;0;0;0;0;0;0;0;0;0;0;0;0;0;0;0;0;0;0;0;0;0;0;0;0;0;0;0;0;0;0;0;0;0;0;0;0;0;0;0;0;4;1;0;3;0;3;1;2016-04-09 17:00:00;900;0;43;4;16;0;-1;1;-1;-1;-1;-1;-1;-1;1;1;1;2;2;3;-1;0;0;0;0;0;0;0;1;0;1;0;0;0;1;1;0;0;-1;-1;0;0;-1;-1;-1;-1;-1;-1;-1;-1;-1;8;15;27;66;89;23;62;70;27;10.7;3.62;4.76;2.04;Neuchâtel Xamax;Wohlen;2.18;0.88;2.08;1.15;1.44;1.16;92;85;73;35;12;80;60;50;0;0;0;219;34;Y;Y;Y;Y;N;N;N
65139;897;903;2015/2016;complete;307;27;-1;53,72,86;;3;0;3;8;4;12;2;3;2;4;0;0;5;5;6;7;11;12;14;15;54;46;2;4;1.93;3.57;4.23;0;0;0;0;0;0;0;0;0;0;0;0;0;0;0;0;0;0;0;0;0;0;0;0;0;0;0;0;0;0;0;0;0;0;0;0;0;0;0;0;0;0;0;0;0;0;0;0;0;0;0;0;0;0;0;0;0;0;0;0;0;0;0;0;0;3;0;0;3;0;3;0;2016-04-10 13:00:00;897;0;59;8;25;0;-1;1;-1;-1;-1;-1;-1;-1;1;2;1;2;3;3;-1;0;0;0;0;0;0;0;0;0;0;0;0;0;1;1;0;0;-1;-1;0;0;-1;-1;-1;-1;-1;-1;-1;-1;-1;13;17;50;84;96;33;75;79;50;9.26;3.75;4.34;2.63;Aarau;Winterthur;1.65;1.35;1.75;1.33;1.4;1.28;88;84;50;17;4;69;47;31;0;0;0;219;34;Y;Y;Y;N;N;N;N
65140;901;895;2015/2016;complete;307;27;-1;38;34;1;1;2;2;2;4;0;4;5;4;0;0;3;4;2;2;5;6;10;15;42;58;5;4;3.19;3.55;2.27;0;0;0;0;0;0;0;0;0;0;0;0;0;0;0;0;0;0;0;0;0;0;0;0;0;0;0;0;0;0;0;0;0;0;0;0;0;0;0;0;0;0;0;0;0;0;0;0;0;0;0;0;0;0;0;0;0;0;0;0;0;0;0;0;0;2;1;1;0;0;0;2;2016-04-10 13:00:00;-1;0;71;17;41;0;-1;1;-1;-1;-1;-1;-1;-1;2;0;3;4;2;7;-1;0;0;0;0;0;0;0;0;0;0;0;0;0;1;1;0;0;-1;-1;0;0;-1;-1;-1;-1;-1;-1;-1;-1;-1;9;39;72;84;96;26;64;88;59;9.87;3.29;5.28;3.04;Chiasso;Lausanne Sport;1.35;2.29;1.15;2.36;1.04;2;91;61;28;17;4;50;46;30;0;0;0;219;34;Y;Y;N;N;N;N;Y
65141;901;900;2015/2016;complete;307;28;-1;1,35;19;2;1;3;10;2;12;4;2;0;2;0;0;2;3;2;4;4;7;13;17;48;52;0;2;3.01;3.37;2.46;0;0;0;0;0;0;0;0;0;0;0;0;0;0;0;0;0;0;0;0;0;0;0;0;0;0;0;0;0;0;0;0;0;0;0;0;0;0;0;0;0;0;0;0;0;0;0;0;0;0;0;0;0;0;0;0;0;0;0;0;0;0;0;0;0;3;2;1;0;0;0;3;2016-04-16 15:45:00;901;0;77;23;43;0;-1;1;-1;-1;-1;-1;-1;-1;0;0;0;2;0;2;-1;0;0;0;0;0;0;0;0;1;0;1;0;0;1;1;1;0;-1;-1;0;0;-1;-1;-1;-1;-1;-1;-1;-1;-1;9;27;62;89;93;23;59;81;62;7.76;3.88;6.32;2.79;Chiasso;Neuchâtel Xamax;1.35;1;1.14;0.75;1.04;1.5;92;73;38;11;8;66;59;55;0;0;0;219;34;Y;Y;Y;N;N;N;Y
65142;905;899;2015/2016;complete;307;28;-1;65;;1;0;1;4;6;10;5;1;3;1;0;0;2;8;2;9;4;17;22;11;43;57;3;1;3.01;3.53;2.38;0;0;0;0;0;0;0;0;0;0;0;0;0;0;0;0;0;0;0;0;0;0;0;0;0;0;0;0;0;0;0;0;0;0;0;0;0;0;0;0;0;0;0;0;0;0;0;0;0;0;0;0;0;0;0;0;0;0;0;0;0;0;0;0;0;1;0;0;1;0;1;0;2016-04-16 15:45:00;905;0;68;32;24;0;-1;1;-1;-1;-1;-1;-1;-1;0;0;3;1;0;4;-1;0;0;0;0;0;0;0;0;0;0;0;0;0;1;1;0;0;-1;-1;0;0;-1;-1;-1;-1;-1;-1;-1;-1;-1;8;32;68;84;92;44;72;80;52;10.3;2.98;6.27;2.84;Wohlen;Wil;1.24;1.18;1.17;1.23;1.12;1.69;92;68;32;16;8;55;55;55;0;0;0;219;34;Y;N;N;N;N;N;N
65143;904;895;2015/2016;complete;307;28;-1;;32,34;0;2;2;6;6;12;4;3;2;2;0;0;6;5;5;3;11;8;11;25;41;59;2;2;4.42;3.82;1.83;0;0;0;0;0;0;0;0;0;0;0;0;0;0;0;0;0;0;0;0;0;0;0;0;0;0;0;0;0;0;0;0;0;0;0;0;0;0;0;0;0;0;0;0;0;0;0;0;0;0;0;0;0;0;0;0;0;0;0;0;0;0;0;0;0;2;0;2;0;0;0;2;2016-04-17 13:00:00;895;0;50;17;25;0;-1;1;-1;-1;-1;-1;-1;-1;2;0;0;2;2;2;-1;0;0;0;0;0;0;0;0;0;0;0;0;0;1;1;0;0;-1;-1;1;0;-1;-1;-1;-1;-1;-1;-1;-1;-1;9;29;50;71;92;30;63;79;38;9.07;5;4.25;2.54;Le Mont;Lausanne Sport;1.59;2.29;1.83;2.25;1.04;1.96;92;71;50;30;9;44;30;19;0;0;0;219;34;Y;Y;N;N;N;N;N
65144;902;903;2015/2016;complete;307;28;-1;5,22;40,90;2;2;4;13;3;16;6;2;2;4;0;0;5;3;3;6;8;9;14;12;51;49;2;4;2.21;3.45;3.41;0;0;0;0;0;0;0;0;0;0;0;0;0;0;0;0;0;0;0;0;0;0;0;0;0;0;0;0;0;0;0;0;0;0;0;0;0;0;0;0;0;0;0;0;0;0;0;0;0;0;0;0;0;0;0;0;0;0;0;0;0;0;0;0;0;4;2;1;0;1;1;3;2016-04-18 17:45:00;-1;0;48;8;24;0;-1;1;-1;-1;-1;-1;-1;-1;0;1;2;3;1;5;-1;0;0;0;0;0;0;0;0;0;0;0;0;0;1;1;1;0;-1;-1;0;0;-1;-1;-1;-1;-1;-1;-1;-1;-1;12;28;52;80;92;32;69;80;52;9.93;3.55;4.23;2.68;FC Schaffhausen;Winterthur;1.76;1.35;1.92;1.23;1.28;1.23;89;72;48;20;8;80;53;37;0;0;0;219;34;Y;Y;Y;Y;N;N;Y
65145;897;900;2015/2016;complete;307;29;-1;37,55;41,90;2;2;4;3;9;12;5;2;4;2;0;1;5;4;6;5;11;9;17;5;47;53;4;4;1.85;3.67;4.61;0;0;0;0;0;0;0;0;0;0;0;0;0;0;0;0;0;0;0;0;0;0;0;0;0;0;0;0;0;0;0;0;0;0;0;0;0;0;0;0;0;0;0;0;0;0;0;0;0;0;0;0;0;0;0;0;0;0;0;0;0;0;0;0;0;4;1;1;1;1;2;2;2016-04-20 17:45:00;-1;0;70;20;31;0;-1;1;-1;-1;-1;-1;-1;-1;1;2;3;1;3;4;-1;0;0;0;0;0;0;0;0;0;0;0;0;0;1;1;0;0;-1;-1;0;0;-1;-1;-1;-1;-1;-1;-1;-1;-1;12;20;62;92;96;31;73;77;58;9.14;4.15;5.3;2.81;Aarau;Neuchâtel Xamax;1.65;1;1.85;0.69;1.46;1.44;89;81;39;8;4;75;62;57;0;0;0;219;34;Y;Y;Y;Y;N;N;Y
65146;899;901;2015/2016;complete;307;29;-1;33;42;1;1;2;10;1;11;5;2;3;1;1;1;13;2;5;1;18;3;14;14;58;42;5;2;1.64;4.07;5.76;0;0;0;0;0;0;0;0;0;0;0;0;0;0;0;0;0;0;0;0;0;0;0;0;0;0;0;0;0;0;0;0;0;0;0;0;0;0;0;0;0;0;0;0;0;0;0;0;0;0;0;0;0;0;0;0;0;0;0;0;0;0;0;0;0;2;1;1;0;0;0;2;2016-04-20 17:45:00;-1;0;65;28;20;0;-1;1;-1;-1;-1;-1;-1;-1;2;1;2;1;3;3;-1;0;0;0;0;0;0;0;0;0;0;0;0;0;1;1;0;0;-1;-1;0;0;-1;-1;-1;-1;-1;-1;-1;-1;-1;20;40;60;84;84;40;60;80;60;8;2.42;4.94;2.91;Wil;Chiasso;1.94;0.82;2.15;0.92;1.63;1.11;81;61;41;16;16;45;35;20;0;0;0;219;34;Y;Y;N;N;N;N;Y
65147;895;905;2015/2016;complete;307;29;-1;61;;1;0;1;5;5;10;5;3;2;2;0;0;5;0;8;4;13;4;21;17;50;50;2;2;1.64;4.09;5.72;0;0;0;0;0;0;0;0;0;0;0;0;0;0;0;0;0;0;0;0;0;0;0;0;0;0;0;0;0;0;0;0;0;0;0;0;0;0;0;0;0;0;0;0;0;0;0;0;0;0;0;0;0;0;0;0;0;0;0;0;0;0;0;0;0;1;0;0;1;0;1;0;2016-04-21 17:45:00;895;0;60;15;26;0;-1;1;-1;-1;-1;-1;-1;-1;0;0;2;2;0;4;-1;0;0;0;0;0;0;0;0;0;0;0;0;0;1;1;0;0;-1;-1;0;0;-1;-1;-1;-1;-1;-1;-1;-1;-1;11;18;41;89;97;30;63;86;49;12.07;5.76;5.12;2.72;Lausanne Sport;Wohlen;1.53;0.88;1.69;1.07;2;1.19;89;82;59;11;4;69;54;50;0;0;0;219;34;Y;N;N;N;N;N;N
65148;903;904;2015/2016;complete;307;29;-1;56,69;32;2;1;3;3;2;5;3;1;0;1;0;0;5;3;4;2;9;5;11;19;62;38;0;1;1.75;3.81;5.08;0;0;0;0;0;0;0;0;0;0;0;0;0;0;0;0;0;0;0;0;0;0;0;0;0;0;0;0;0;0;0;0;0;0;0;0;0;0;0;0;0;0;0;0;0;0;0;0;0;0;0;0;0;0;0;0;0;0;0;0;0;0;0;0;0;3;0;1;2;0;2;1;2016-04-21 17:45:00;903;0;59;26;30;0;-1;1;-1;-1;-1;-1;-1;-1;0;0;0;1;0;1;-1;0;0;0;0;0;0;0;0;0;0;0;0;0;1;1;0;0;-1;-1;0;0;-1;-1;-1;-1;-1;-1;-1;-1;-1;8;34;55;74;96;30;70;78;52;7.6;3.9;5.67;2.7;Winterthur;Le Mont;1.18;0.29;1.23;0.36;1.22;1;93;67;45;26;4;61;61;48;0;0;0;219;34;Y;Y;Y;N;N;N;Y
65149;901;902;2015/2016;complete;307;30;-1;90;82;1;1;2;3;4;7;2;2;4;2;0;0;2;4;10;5;12;9;13;13;45;55;4;2;2.62;3.42;2.77;0;0;0;0;0;0;0;0;0;0;0;0;0;0;0;0;0;0;0;0;0;0;0;0;0;0;0;0;0;0;0;0;0;0;0;0;0;0;0;0;0;0;0;0;0;0;0;0;0;0;0;0;0;0;0;0;0;0;0;0;0;0;0;0;0;2;0;0;1;1;2;0;2016-04-24 13:00:00;-1;0;48;14;24;0;-1;1;-1;-1;-1;-1;-1;-1;2;0;2;2;2;4;-1;0;0;0;0;0;0;0;0;0;0;0;0;0;1;1;0;0;-1;-1;0;0;-1;-1;-1;-1;-1;-1;-1;-1;-1;4;14;46;75;97;14;50;87;46;10.8;5.1;4.72;2.34;Chiasso;FC Schaffhausen;1.35;1;1.27;0.69;1.11;1.27;96;86;55;26;4;75;57;49;0;0;0;219;34;Y;Y;N;N;N;N;Y
65150;904;897;2015/2016;complete;307;30;-1;14;82;1;1;2;1;5;6;2;1;3;2;0;1;4;4;2;3;6;7;20;19;46;54;3;3;4.46;3.59;1.88;0;0;0;0;0;0;0;0;0;0;0;0;0;0;0;0;0;0;0;0;0;0;0;0;0;0;0;0;0;0;0;0;0;0;0;0;0;0;0;0;0;0;0;0;0;0;0;0;0;0;0;0;0;0;0;0;0;0;0;0;0;0;0;0;0;2;1;0;0;1;1;1;2016-04-24 13:00:00;-1;0;43;4;27;0;-1;1;-1;-1;-1;-1;-1;-1;2;1;1;2;3;3;-1;0;0;0;0;0;0;0;0;0;0;0;0;0;1;1;0;0;-1;-1;0;0;-1;-1;-1;-1;-1;-1;-1;-1;-1;0;12;23;62;77;16;42;69;31;10.66;6.31;4;1.73;Le Mont;Aarau;1.59;1.29;1.69;1.08;0.96;1.44;100;89;77;38;23;67;50;46;0;0;0;219;34;Y;Y;N;N;N;N;Y
65151;905;903;2015/2016;complete;307;30;-1;;26,54;0;2;2;11;3;14;4;0;2;0;0;0;7;2;12;5;19;7;11;14;62;38;2;0;2.35;3.45;3.13;0;0;0;0;0;0;0;0;0;0;0;0;0;0;0;0;0;0;0;0;0;0;0;0;0;0;0;0;0;0;0;0;0;0;0;0;0;0;0;0;0;0;0;0;0;0;0;0;0;0;0;0;0;0;0;0;0;0;0;0;0;0;0;0;0;2;0;1;0;1;1;1;2016-04-24 13:00:00;903;0;52;23;18;0;-1;1;-1;-1;-1;-1;-1;-1;1;0;1;0;1;1;-1;0;0;0;0;0;0;0;0;0;0;0;0;0;1;1;0;0;-1;-1;0;0;-1;-1;-1;-1;-1;-1;-1;-1;-1;11;30;60;78;93;41;67;86;44;9.37;3.35;4.97;2.74;Wohlen;Winterthur;1.24;1.35;1.31;1.21;1.14;1.29;89;70;41;22;8;69;60;46;0;0;0;219;34;Y;Y;N;N;N;N;N
65152;900;899;2015/2016;complete;307;30;-1;6,18,55,82;29,83;4;2;6;4;6;10;0;4;2;2;0;0;8;5;4;3;12;8;14;12;47;53;2;2;2.57;3.54;2.75;0;0;0;0;0;0;0;0;0;0;0;0;0;0;0;0;0;0;0;0;0;0;0;0;0;0;0;0;0;0;0;0;0;0;0;0;0;0;0;0;0;0;0;0;0;0;0;0;0;0;0;0;0;0;0;0;0;0;0;0;0;0;0;0;0;6;2;1;2;1;3;3;2016-04-25 17:45:00;900;0;50;15;18;0;-1;1;-1;-1;-1;-1;-1;-1;2;0;0;2;2;2;-1;0;0;0;0;0;0;0;0;0;0;0;0;0;1;1;1;0;-1;-1;0;0;-1;-1;-1;-1;-1;-1;-1;-1;-1;7;25;47;65;90;22;64;72;39;10.18;2.15;5.93;2.32;Neuchâtel Xamax;Wil;2.18;1.18;2.14;1.14;1.43;1.61;93;75;54;36;11;69;60;50;0;0;0;219;34;Y;Y;Y;Y;Y;Y;Y
65153;902;895;2015/2016;complete;307;22;-1;;62,79;0;2;2;4;5;9;1;4;1;3;0;0;2;2;3;4;5;6;10;20;57;43;1;3;3;3.44;2.43;0;0;0;0;0;0;0;0;0;0;0;0;0;0;0;0;0;0;0;0;0;0;0;0;0;0;0;0;0;0;0;0;0;0;0;0;0;0;0;0;0;0;0;0;0;0;0;0;0;0;0;0;0;0;0;0;0;0;0;0;0;0;0;0;0;2;0;0;0;2;2;0;2016-04-28 16:30:00;895;0;58;19;27;0;-1;1;-1;-1;-1;-1;-1;-1;1;2;0;1;3;1;-1;0;0;0;0;0;0;0;0;0;0;0;0;0;1;1;0;0;-1;-1;1;0;-1;-1;-1;-1;-1;-1;-1;-1;-1;12;42;62;85;96;42;81;77;46;12;3.77;4.38;3;FC Schaffhausen;Lausanne Sport;1.76;2.29;1.85;2.31;1.26;2.04;89;58;39;15;4;65;50;35;0;0;0;219;34;Y;Y;N;N;N;N;N
65154;903;897;2015/2016;complete;307;31;-1;;60,86;0;2;2;3;4;7;2;1;2;3;0;0;6;4;8;3;14;7;11;18;44;56;2;3;3.08;3.46;2.37;0;0;0;0;0;0;0;0;0;0;0;0;0;0;0;0;0;0;0;0;0;0;0;0;0;0;0;0;0;0;0;0;0;0;0;0;0;0;0;0;0;0;0;0;0;0;0;0;0;0;0;0;0;0;0;0;0;0;0;0;0;0;0;0;0;2;0;0;0;2;2;0;2016-04-30 15:45:00;897;0;57;7;29;0;-1;1;-1;-1;-1;-1;-1;-1;1;2;1;1;3;2;-1;0;0;0;0;0;0;0;0;0;0;0;0;0;1;1;0;0;-1;-1;0;0;-1;-1;-1;-1;-1;-1;-1;-1;-1;4;22;36;68;82;14;50;79;47;10.68;4.15;4.43;2.11;Winterthur;Aarau;1.18;1.29;1.36;1.07;1.34;1.43;97;79;65;33;18;71;68;59;0;0;0;219;34;Y;Y;N;N;N;N;N
65155;905;900;2015/2016;complete;307;31;-1;32,82;9,66;2;2;4;8;7;15;3;2;2;0;1;0;0;5;4;7;4;12;15;9;51;49;3;0;2.76;3.52;2.57;0;0;0;0;0;0;0;0;0;0;0;0;0;0;0;0;0;0;0;0;0;0;0;0;0;0;0;0;0;0;0;0;0;0;0;0;0;0;0;0;0;0;0;0;0;0;0;0;0;0;0;0;0;0;0;0;0;0;0;0;0;0;0;0;0;4;1;1;1;1;2;2;2016-04-30 15:45:00;-1;0;65;33;29;0;-1;1;-1;-1;-1;-1;-1;-1;1;0;2;0;1;2;-1;0;0;0;0;0;0;0;0;0;0;0;0;0;1;1;0;1;-1;-1;0;0;-1;-1;-1;-1;-1;-1;-1;-1;-1;11;33;64;86;93;40;71;83;50;9.89;3.78;5.71;2.86;Wohlen;Neuchâtel Xamax;1.24;1;1.21;0.71;1.1;1.48;90;68;36;14;7;73;69;65;0;0;0;219;34;Y;Y;Y;Y;N;N;Y
65156;895;901;2015/2016;complete;307;31;-1;;;0;0;0;5;5;10;2;1;2;5;0;0;2;2;5;7;7;9;12;15;46;54;2;5;1.47;4.63;7.3;0;0;0;0;0;0;0;0;0;0;0;0;0;0;0;0;0;0;0;0;0;0;0;0;0;0;0;0;0;0;0;0;0;0;0;0;0;0;0;0;0;0;0;0;0;0;0;0;0;0;0;0;0;0;0;0;0;0;0;0;0;0;0;0;0;0;0;0;0;0;0;0;2016-05-01 13:00:00;-1;0;67;30;19;0;-1;1;-1;-1;-1;-1;-1;-1;0;0;2;5;0;7;-1;0;0;0;0;0;0;0;0;0;0;0;0;0;1;1;0;0;-1;-1;0;0;-1;-1;-1;-1;-1;-1;-1;-1;-1;11;19;45;86;93;34;60;81;48;10.25;4.4;4.8;2.66;Lausanne Sport;Chiasso;1.53;0.82;1.79;0.92;2.07;1.1;89;82;56;15;8;53;39;34;0;0;0;219;34;N;N;N;N;N;N;N
65157;902;904;2015/2016;complete;307;31;-1;5,60,68,76;38;4;1;5;6;2;8;0;0;3;4;1;0;3;3;7;4;10;7;14;18;54;46;4;4;1.6;4.21;5.87;0;0;0;0;0;0;0;0;0;0;0;0;0;0;0;0;0;0;0;0;0;0;0;0;0;0;0;0;0;0;0;0;0;0;0;0;0;0;0;0;0;0;0;0;0;0;0;0;0;0;0;0;0;0;0;0;0;0;0;0;0;0;0;0;0;5;1;1;3;0;3;2;2016-05-02 17:45:00;902;0;59;24;27;0;-1;1;-1;-1;-1;-1;-1;-1;1;0;3;4;1;7;-1;0;0;0;0;0;0;0;0;0;0;0;0;0;1;1;1;0;-1;-1;0;0;-1;-1;-1;-1;-1;-1;-1;-1;-1;7;35;59;83;97;35;79;76;52;9.65;4.49;5.06;2.82;FC Schaffhausen;Le Mont;1.76;0.29;1.71;0.33;1.21;0.97;93;66;42;17;4;65;47;34;0;0;0;219;34;Y;Y;Y;Y;Y;N;Y
65158;899;903;2015/2016;complete;307;32;-1;5,87;90;2;1;3;1;4;5;1;1;1;2;0;0;3;5;5;10;8;15;13;16;42;58;1;2;1.84;3.85;4.32;0;0;0;0;0;0;0;0;0;0;0;0;0;0;0;0;0;0;0;0;0;0;0;0;0;0;0;0;0;0;0;0;0;0;0;0;0;0;0;0;0;0;0;0;0;0;0;0;0;0;0;0;0;0;0;0;0;0;0;0;0;0;0;0;0;3;1;0;1;1;2;1;2016-05-07 15:45:00;899;0;56;21;25;0;-1;1;-1;-1;-1;-1;-1;-1;0;2;1;0;2;1;-1;0;0;0;0;0;0;0;0;0;0;0;0;0;1;1;1;0;-1;-1;0;0;-1;-1;-1;-1;-1;-1;-1;-1;-1;21;39;59;83;90;38;66;83;56;8.23;2.54;5.13;2.97;Wil;Winterthur;1.94;1.35;2.07;1.33;1.55;1.3;79;62;42;17;11;65;57;35;0;0;0;219;34;Y;Y;Y;N;N;N;Y
65159;904;905;2015/2016;complete;307;32;-1;15,90;;2;0;2;5;7;12;1;1;1;3;0;0;8;2;6;3;14;5;11;16;43;57;1;3;2.67;3.31;2.79;0;0;0;0;0;0;0;0;0;0;0;0;0;0;0;0;0;0;0;0;0;0;0;0;0;0;0;0;0;0;0;0;0;0;0;0;0;0;0;0;0;0;0;0;0;0;0;0;0;0;0;0;0;0;0;0;0;0;0;0;0;0;0;0;0;2;1;0;1;0;1;1;2016-05-08 13:00:00;904;0;42;7;17;0;-1;1;-1;-1;-1;-1;-1;-1;0;0;1;3;0;4;-1;0;0;0;0;0;0;0;0;0;0;0;0;0;1;1;0;0;-1;-1;0;0;-1;-1;-1;-1;-1;-1;-1;-1;-1;4;14;27;72;90;27;55;76;31;9.25;6.78;4.33;2.06;Le Mont;Wohlen;1.59;0.88;1.64;1;0.93;1.1;97;87;73;28;11;69;49;41;0;0;0;219;34;Y;Y;N;N;N;N;N
65160;900;902;2015/2016;complete;307;32;-1;84;66;1;1;2;6;5;11;1;2;5;4;0;0;9;3;5;3;14;6;21;18;52;48;5;4;2.22;3.54;3.3;0;0;0;0;0;0;0;0;0;0;0;0;0;0;0;0;0;0;0;0;0;0;0;0;0;0;0;0;0;0;0;0;0;0;0;0;0;0;0;0;0;0;0;0;0;0;0;0;0;0;0;0;0;0;0;0;0;0;0;0;0;0;0;0;0;2;0;0;1;1;2;0;2016-05-08 13:00:00;-1;0;27;4;14;0;-1;1;-1;-1;-1;-1;-1;-1;1;0;4;4;1;8;-1;0;0;0;0;0;0;0;1;0;1;0;0;0;1;1;0;0;-1;-1;0;0;-1;-1;-1;-1;-1;-1;-1;-1;-1;10;17;31;59;94;7;55;84;35;11.4;3.51;4.19;2.14;Neuchâtel Xamax;FC Schaffhausen;2.18;1;2.2;0.71;1.47;1.28;90;83;69;42;7;83;61;48;0;0;0;219;34;Y;Y;N;N;N;N;Y
65161;897;895;2015/2016;complete;307;32;-1;68;33,53;1;2;3;5;4;9;4;2;1;2;0;1;3;5;10;7;13;12;12;14;54;46;1;3;2.4;3.48;3.03;0;0;0;0;0;0;0;0;0;0;0;0;0;0;0;0;0;0;0;0;0;0;0;0;0;0;0;0;0;0;0;0;0;0;0;0;0;0;0;0;0;0;0;0;0;0;0;0;0;0;0;0;0;0;0;0;0;0;0;0;0;0;0;0;0;3;0;1;1;1;2;1;2016-05-09 17:45:00;895;0;61;18;29;0;-1;1;-1;-1;-1;-1;-1;-1;1;0;0;3;1;3;-1;0;0;0;0;0;0;0;1;0;1;0;0;0;1;1;0;0;-1;-1;0;0;-1;-1;-1;-1;-1;-1;-1;-1;-1;11;29;61;90;100;40;79;79;54;10.67;4.14;4.79;2.93;Aarau;Lausanne Sport;1.65;2.29;1.79;2.36;1.48;2.03;90;72;40;11;0;60;47;34;0;0;0;219;34;Y;Y;Y;N;N;N;Y
65162;895;902;2015/2016;complete;307;33;-1;;73;0;1;1;10;3;13;4;5;2;2;0;0;4;9;9;7;13;16;18;14;53;47;2;2;1.83;3.88;4.44;0;0;0;0;0;0;0;0;0;0;0;0;0;0;0;0;0;0;0;0;0;0;0;0;0;0;0;0;0;0;0;0;0;0;0;0;0;0;0;0;0;0;0;0;0;0;0;0;0;0;0;0;0;0;0;0;0;0;0;0;0;0;0;0;0;1;0;0;0;1;1;0;2016-05-13 17:45:00;902;0;44;10;24;0;-1;1;-1;-1;-1;-1;-1;-1;1;1;1;1;2;2;-1;0;0;0;0;0;0;0;0;0;0;0;0;0;1;1;0;0;-1;-1;0;0;-1;-1;-1;-1;-1;-1;-1;-1;-1;10;10;34;74;97;10;47;94;47;12.3;5.47;4.53;2.37;Lausanne Sport;FC Schaffhausen;1.53;1;1.73;0.73;2.07;1.27;90;90;67;27;4;74;57;43;0;0;0;219;34;Y;N;N;N;N;N;N
65163;899;897;2015/2016;complete;307;33;-1;69,85,87;6,49,90;3;3;6;3;5;8;0;3;3;1;0;0;5;5;3;6;8;11;9;7;56;44;3;1;2.36;3.59;3.05;0;0;0;0;0;0;0;0;0;0;0;0;0;0;0;0;0;0;0;0;0;0;0;0;0;0;0;0;0;0;0;0;0;0;0;0;0;0;0;0;0;0;0;0;0;0;0;0;0;0;0;0;0;0;0;0;0;0;0;0;0;0;0;0;0;6;0;1;3;2;5;1;2016-05-13 17:45:00;-1;0;60;14;33;0;-1;1;-1;-1;-1;-1;-1;-1;2;1;1;0;3;1;-1;0;0;0;0;0;0;0;1;0;1;0;0;0;1;1;0;1;-1;-1;0;0;-1;-1;-1;-1;-1;-1;-1;-1;-1;14;30;44;77;80;24;54;77;54;10.49;3.47;5.06;2.47;Wil;Aarau;1.94;1.29;2.13;1.2;1.6;1.43;87;70;57;23;20;57;54;38;0;0;0;219;34;Y;Y;Y;Y;Y;Y;Y
65164;905;901;2015/2016;complete;307;33;-1;3,34;59;2;1;3;2;2;4;4;2;2;2;0;0;5;4;0;2;5;6;22;15;42;58;2;2;2.38;3.4;3.16;0;0;0;0;0;0;0;0;0;0;0;0;0;0;0;0;0;0;0;0;0;0;0;0;0;0;0;0;0;0;0;0;0;0;0;0;0;0;0;0;0;0;0;0;0;0;0;0;0;0;0;0;0;0;0;0;0;0;0;0;0;0;0;0;0;3;2;0;0;1;1;2;2016-05-13 17:45:00;905;0;59;35;14;0;-1;1;-1;-1;-1;-1;-1;-1;1;0;1;2;1;3;-1;0;0;0;0;0;0;0;0;0;0;0;0;0;1;1;1;0;-1;-1;0;0;-1;-1;-1;-1;-1;-1;-1;-1;-1;7;27;52;80;86;45;65;76;42;10.05;3.63;4.96;2.51;Wohlen;Chiasso;1.24;0.82;1.2;0.93;1.06;1.1;93;73;49;21;14;60;51;44;0;0;0;219;34;Y;Y;Y;N;N;N;Y
65165;897;901;2015/2016;complete;307;34;-1;20,58,69;41,87;3;2;5;3;5;8;5;5;1;5;0;0;4;4;5;6;9;10;14;16;43;57;1;5;1.65;4.06;5.51;0;0;0;0;0;0;0;0;0;0;0;0;0;0;0;0;0;0;0;0;0;0;0;0;0;0;0;0;0;0;0;0;0;0;0;0;0;0;0;0;0;0;0;0;0;0;0;0;0;0;0;0;0;0;0;0;0;0;0;0;0;0;0;0;0;5;1;1;2;1;3;2;2016-05-16 16:00:00;897;0;67;23;20;0;-1;1;-1;-1;-1;-1;-1;-1;1;1;0;4;2;4;-1;0;0;0;0;0;0;0;0;0;0;0;0;0;1;1;0;0;-1;-1;0;0;-1;-1;-1;-1;-1;-1;-1;-1;-1;7;17;54;87;90;40;70;74;50;9.16;4.26;4.6;2.53;Aarau;Chiasso;1.65;0.82;1.67;0.87;1.42;1.06;93;84;47;14;10;62;43;35;0;0;0;219;34;Y;Y;Y;Y;Y;N;Y
65166;904;899;2015/2016;complete;307;34;-1;63;6;1;1;2;4;4;8;2;1;2;4;1;0;4;3;4;6;8;9;14;17;45;55;4;4;3.56;3.75;2.05;0;0;0;0;0;0;0;0;0;0;0;0;0;0;0;0;0;0;0;0;0;0;0;0;0;0;0;0;0;0;0;0;0;0;0;0;0;0;0;0;0;0;0;0;0;0;0;0;0;0;0;0;0;0;0;0;0;0;0;0;0;0;0;0;0;2;0;1;1;0;1;1;2016-05-16 16:00:00;-1;0;53;20;23;0;-1;1;-1;-1;-1;-1;-1;-1;1;1;2;3;2;5;-1;0;0;0;0;0;0;0;0;0;0;0;0;0;1;1;0;1;-1;-1;0;0;-1;-1;-1;-1;-1;-1;-1;-1;-1;7;20;44;74;90;30;60;77;40;8.72;5;5.27;2.37;Le Mont;Wil;1.59;1.18;1.73;1.07;1;1.58;94;80;57;27;10;58;47;39;0;0;0;219;34;Y;Y;N;N;N;N;Y
65167;902;905;2015/2016;complete;307;34;-1;7,9,54,56;76;4;1;5;3;4;7;4;6;0;3;0;0;2;8;6;5;8;13;15;18;49;51;0;3;1.83;3.81;4.4;0;0;0;0;0;0;0;0;0;0;0;0;0;0;0;0;0;0;0;0;0;0;0;0;0;0;0;0;0;0;0;0;0;0;0;0;0;0;0;0;0;0;0;0;0;0;0;0;0;0;0;0;0;0;0;0;0;0;0;0;0;0;0;0;0;5;2;0;2;1;3;2;2016-05-16 16:00:00;902;0;49;13;20;0;-1;1;-1;-1;-1;-1;-1;-1;0;2;0;1;2;1;-1;0;0;0;0;0;0;0;0;1;0;1;0;0;1;1;2;0;-1;-1;0;0;-1;-1;-1;-1;-1;-1;-1;-1;-1;10;30;42;84;94;36;68;81;46;11.98;5.14;4.5;2.59;FC Schaffhausen;Wohlen;1.76;0.88;1.8;0.94;1.32;1.13;91;71;58;16;7;84;60;48;0;0;0;219;34;Y;Y;Y;Y;Y;N;Y
65168;900;895;2015/2016;complete;307;34;-1;34,53,57;90;3;1;4;4;4;8;1;7;1;0;0;0;4;8;4;7;8;15;7;12;47;53;1;0;2.9;3.56;2.44;0;0;0;0;0;0;0;0;0;0;0;0;0;0;0;0;0;0;0;0;0;0;0;0;0;0;0;0;0;0;0;0;0;0;0;0;0;0;0;0;0;0;0;0;0;0;0;0;0;0;0;0;0;0;0;0;0;0;0;0;0;0;0;0;0;4;1;0;2;1;3;1;2016-05-17 17:45:00;900;0;49;13;26;0;-1;1;-1;-1;-1;-1;-1;-1;1;0;0;0;1;0;-1;0;0;0;0;0;0;0;0;0;0;0;0;0;1;1;0;0;-1;-1;0;0;-1;-1;-1;-1;-1;-1;-1;-1;-1;13;33;49;72;94;27;72;75;42;10.54;2.34;5.03;2.66;Neuchâtel Xamax;Lausanne Sport;2.18;2.29;2.13;2.4;1.45;2;88;68;51;29;7;68;51;36;0;0;0;219;34;Y;Y;Y;Y;N;N;Y
65169;901;904;2015/2016;complete;307;35;-1;73,81;;2;0;2;3;2;5;0;2;2;1;0;0;8;0;7;5;15;5;10;11;58;42;2;1;1.87;3.7;4.34;0;0;0;0;0;0;0;0;0;0;0;0;0;0;0;0;0;0;0;0;0;0;0;0;0;0;0;0;0;0;0;0;0;0;0;0;0;0;0;0;0;0;0;0;0;0;0;0;0;0;0;0;0;0;0;0;0;0;0;0;0;0;0;0;0;2;0;0;2;0;2;0;2016-05-21 17:00:00;901;0;75;32;38;0;-1;1;-1;-1;-1;-1;-1;-1;0;0;2;1;0;3;-1;0;0;0;0;0;0;0;0;0;0;0;0;0;1;1;0;0;-1;-1;0;0;-1;-1;-1;-1;-1;-1;-1;-1;-1;7;29;63;85;97;32;69;75;56;7.55;4.31;6.19;2.81;Chiasso;Le Mont;1.35;0.29;1.25;0.31;1.03;1;94;72;38;16;3;46;43;33;0;0;0;219;34;Y;Y;N;N;N;N;N
65170;895;903;2015/2016;complete;307;35;-1;88;14,50,57,64;1;4;5;4;4;8;3;3;1;3;0;0;9;4;5;6;14;10;5;18;57;43;1;3;1.5;4.48;6.88;0;0;0;0;0;0;0;0;0;0;0;0;0;0;0;0;0;0;0;0;0;0;0;0;0;0;0;0;0;0;0;0;0;0;0;0;0;0;0;0;0;0;0;0;0;0;0;0;0;0;0;0;0;0;0;0;0;0;0;0;0;0;0;0;0;5;0;1;1;3;4;1;2016-05-21 17:00:00;903;0;53;16;25;0;-1;1;-1;-1;-1;-1;-1;-1;0;3;1;0;3;1;-1;0;0;0;0;0;0;0;0;0;0;0;0;0;1;1;0;0;-1;-1;0;0;-1;-1;-1;-1;-1;-1;-1;-1;-1;13;19;47;78;94;25;60;88;47;10.37;4.19;4.75;2.66;Lausanne Sport;Winterthur;1.53;1.35;1.63;1.25;1.94;1.26;88;82;54;22;6;68;56;40;0;0;0;219;34;Y;Y;Y;Y;Y;N;Y
65171;902;899;2015/2016;complete;307;35;-1;7;27,38,75;1;3;4;2;1;3;3;0;6;1;0;0;6;4;8;3;14;7;16;15;52;48;6;1;2.08;3.74;3.48;0;0;0;0;0;0;0;0;0;0;0;0;0;0;0;0;0;0;0;0;0;0;0;0;0;0;0;0;0;0;0;0;0;0;0;0;0;0;0;0;0;0;0;0;0;0;0;0;0;0;0;0;0;0;0;0;0;0;0;0;0;0;0;0;0;4;1;2;0;1;1;3;2016-05-21 17:00:00;899;0;66;25;28;0;-1;1;-1;-1;-1;-1;-1;-1;2;1;4;0;3;4;-1;0;0;0;0;0;0;0;0;0;0;0;0;0;1;1;1;0;-1;-1;0;0;-1;-1;-1;-1;-1;-1;-1;-1;-1;16;38;60;85;94;41;72;81;56;10.92;3.75;5.38;2.94;FC Schaffhausen;Wil;1.76;1.18;1.88;1.06;1.38;1.56;85;63;41;16;6;66;50;38;0;0;0;219;34;Y;Y;Y;Y;N;N;Y
65172;905;897;2015/2016;complete;307;35;-1;;5;0;1;1;4;6;10;3;2;2;1;0;0;4;7;7;3;11;10;23;10;52;48;2;1;3.39;3.6;2.16;0;0;0;0;0;0;0;0;0;0;0;0;0;0;0;0;0;0;0;0;0;0;0;0;0;0;0;0;0;0;0;0;0;0;0;0;0;0;0;0;0;0;0;0;0;0;0;0;0;0;0;0;0;0;0;0;0;0;0;0;0;0;0;0;0;1;0;1;0;0;0;1;2016-05-21 17:00:00;897;0;56;16;29;0;-1;1;-1;-1;-1;-1;-1;-1;1;0;1;1;1;2;-1;0;0;0;0;0;0;0;0;0;0;0;0;0;1;1;0;1;-1;-1;0;0;-1;-1;-1;-1;-1;-1;-1;-1;-1;6;25;44;75;85;28;60;82;41;12.07;4.56;4.75;2.38;Wohlen;Aarau;1.24;1.29;1.31;1.19;1.09;1.47;94;75;57;25;16;62;59;52;0;0;0;219;34;Y;N;N;N;N;N;N
65173;903;900;2015/2016;complete;307;33;-1;;42,58,67;0;3;3;6;7;13;2;2;3;2;0;0;6;10;3;3;9;13;8;6;45;55;3;2;2.82;3.62;2.5;0;0;0;0;0;0;0;0;0;0;0;0;0;0;0;0;0;0;0;0;0;0;0;0;0;0;0;0;0;0;0;0;0;0;0;0;0;0;0;0;0;0;0;0;0;0;0;0;0;0;0;0;0;0;0;0;0;0;0;0;0;0;0;0;0;3;0;1;0;2;2;1;2016-05-24 17:45:00;900;0;67;27;34;0;-1;1;-1;-1;-1;-1;-1;-1;0;0;3;2;0;5;-1;0;0;0;0;0;0;0;0;1;0;1;0;0;1;1;0;0;-1;-1;0;0;-1;-1;-1;-1;-1;-1;-1;-1;-1;10;34;60;83;93;30;63;84;64;8.2;3.53;5.13;2.8;Winterthur;Neuchâtel Xamax;1.18;1;1.27;0.73;1.31;1.5;90;67;40;17;7;74;70;66;0;0;0;219;34;Y;Y;Y;N;N;N;N
65174;897;902;2015/2016;complete;307;36;-1;82;20,21,79;1;3;4;4;2;6;4;4;2;3;1;1;10;8;10;8;20;16;19;9;48;52;3;5;1.98;3.87;3.68;0;0;0;0;0;0;0;0;0;0;0;0;0;0;0;0;0;0;0;0;0;0;0;0;0;0;0;0;0;0;0;0;0;0;0;0;0;0;0;0;0;0;0;0;0;0;0;0;0;0;0;0;0;0;0;0;0;0;0;0;0;0;0;0;0;4;0;2;1;1;2;2;2016-05-27 17:45:00;902;0;47;10;29;0;-1;1;-1;-1;-1;-1;-1;-1;0;1;3;3;1;6;-1;0;0;0;0;0;0;0;0;0;0;0;0;0;1;1;0;0;-1;-1;0;0;-1;-1;-1;-1;-1;-1;-1;-1;-1;10;13;44;79;100;19;60;91;54;10.97;5.69;4.13;2.44;Aarau;FC Schaffhausen;1.65;1;1.75;0.88;1.52;1.33;91;88;57;22;0;78;56;49;0;0;0;219;34;Y;Y;Y;Y;N;N;Y
65175;904;900;2015/2016;complete;307;36;-1;33,67;45,74,80,86;2;4;6;1;3;4;5;0;4;2;0;0;6;5;4;5;10;10;12;13;45;55;4;2;2.87;3.7;2.4;0;0;0;0;0;0;0;0;0;0;0;0;0;0;0;0;0;0;0;0;0;0;0;0;0;0;0;0;0;0;0;0;0;0;0;0;0;0;0;0;0;0;0;0;0;0;0;0;0;0;0;0;0;0;0;0;0;0;0;0;0;0;0;0;0;6;1;1;1;3;4;2;2016-05-27 17:45:00;900;0;57;22;29;0;-1;1;-1;-1;-1;-1;-1;-1;4;1;0;1;5;1;-1;0;0;0;0;0;0;0;0;1;0;1;0;0;1;1;0;0;-1;-1;0;0;-1;-1;-1;-1;-1;-1;-1;-1;-1;7;22;47;82;91;29;66;78;44;8.19;5.19;4.88;2.47;Le Mont;Neuchâtel Xamax;1.59;1;1.69;0.88;0.97;1.55;94;79;53;19;10;67;54;54;0;0;0;219;34;Y;Y;Y;Y;Y;Y;Y
65176;899;895;2015/2016;complete;307;36;-1;85,90;28,42,79;2;3;5;6;2;8;0;5;3;1;0;0;5;6;9;7;14;13;11;9;56;44;3;1;2.26;3.84;3.01;0;0;0;0;0;0;0;0;0;0;0;0;0;0;0;0;0;0;0;0;0;0;0;0;0;0;0;0;0;0;0;0;0;0;0;0;0;0;0;0;0;0;0;0;0;0;0;0;0;0;0;0;0;0;0;0;0;0;0;0;0;0;0;0;0;5;0;2;2;1;3;2;2016-05-27 17:45:00;895;0;66;22;38;0;-1;1;-1;-1;-1;-1;-1;-1;1;0;2;1;1;3;-1;0;0;0;0;0;0;0;1;0;1;0;0;0;1;1;0;0;-1;-1;0;0;-1;-1;-1;-1;-1;-1;-1;-1;-1;22;47;69;88;94;38;75;81;63;9.16;3.01;5.13;3.29;Wil;Lausanne Sport;1.94;2.29;2.06;2.25;1.61;1.88;79;53;31;13;7;46;39;19;0;0;0;219;34;Y;Y;Y;Y;Y;N;Y
65177;903;901;2015/2016;complete;307;36;-1;;;0;0;0;4;2;6;3;0;0;3;1;0;8;4;5;5;13;9;11;15;54;46;2;3;2.03;3.74;3.64;0;0;0;0;0;0;0;0;0;0;0;0;0;0;0;0;0;0;0;0;0;0;0;0;0;0;0;0;0;0;0;0;0;0;0;0;0;0;0;0;0;0;0;0;0;0;0;0;0;0;0;0;0;0;0;0;0;0;0;0;0;0;0;0;0;0;0;0;0;0;0;0;2016-05-27 17:45:00;-1;0;60;26;16;0;-1;1;-1;-1;-1;-1;-1;-1;0;1;1;2;1;3;-1;0;0;0;0;0;0;0;0;0;0;0;0;0;1;1;0;0;-1;-1;0;0;-1;-1;-1;-1;-1;-1;-1;-1;-1;10;25;50;78;88;35;60;79;54;8.1;3.56;4.75;2.5;Winterthur;Chiasso;1.18;0.82;1.19;0.81;1.27;1.09;91;75;50;22;13;56;49;42;0;0;0;219;34;N;N;N;N;N;N;N
