ID;HOMEID;AWAYID;SEASON;STATUS;ROUNDID;GAME_WEEK;REVISED_GAME_WEEK;HOMEGOALS;AWAYGOALS;HOMEGOALCOUNT;AWAYGOALCOUNT;TOTALGOALCOUNT;TEAM_A_CORNERS;TEAM_B_CORNERS;TOTALCORNERCOUNT;TEAM_A_OFFSIDES;TEAM_B_OFFSIDES;TEAM_A_YELLOW_CARDS;TEAM_B_YELLOW_CARDS;TEAM_A_RED_CARDS;TEAM_B_RED_CARDS;TEAM_A_SHOTSONTARGET;TEAM_B_SHOTSONTARGET;TEAM_A_SHOTSOFFTARGET;TEAM_B_SHOTSOFFTARGET;TEAM_A_SHOTS;TEAM_B_SHOTS;TEAM_A_FOULS;TEAM_B_FOULS;TEAM_A_POSSESSION;TEAM_B_POSSESSION;TEAM_A_CARDS_NUM;TEAM_B_CARDS_NUM;ODDS_FT_1;ODDS_FT_X;ODDS_FT_2;ODDS_FT_OVER05;ODDS_FT_OVER15;ODDS_FT_OVER25;ODDS_FT_OVER35;ODDS_FT_OVER45;ODDS_FT_UNDER05;ODDS_FT_UNDER15;ODDS_FT_UNDER25;ODDS_FT_UNDER35;ODDS_FT_UNDER45;ODDS_BTTS_YES;ODDS_BTTS_NO;ODDS_TEAM_A_CS_YES;ODDS_TEAM_A_CS_NO;ODDS_TEAM_B_CS_YES;ODDS_TEAM_B_CS_NO;ODDS_DOUBLECHANCE_1X;ODDS_DOUBLECHANCE_12;ODDS_DOUBLECHANCE_X2;ODDS_1ST_HALF_RESULT_1;ODDS_1ST_HALF_RESULT_X;ODDS_1ST_HALF_RESULT_2;ODDS_2ND_HALF_RESULT_1;ODDS_2ND_HALF_RESULT_X;ODDS_2ND_HALF_RESULT_2;ODDS_DNB_1;ODDS_DNB_2;ODDS_CORNERS_OVER_75;ODDS_CORNERS_OVER_85;ODDS_CORNERS_OVER_95;ODDS_CORNERS_OVER_105;ODDS_CORNERS_OVER_115;ODDS_CORNERS_UNDER_75;ODDS_CORNERS_UNDER_85;ODDS_CORNERS_UNDER_95;ODDS_CORNERS_UNDER_105;ODDS_CORNERS_UNDER_115;ODDS_CORNERS_1;ODDS_CORNERS_X;ODDS_CORNERS_2;ODDS_TEAM_TO_SCORE_FIRST_1;ODDS_TEAM_TO_SCORE_FIRST_X;ODDS_TEAM_TO_SCORE_FIRST_2;ODDS_WIN_TO_NIL_1;ODDS_WIN_TO_NIL_2;ODDS_1ST_HALF_OVER05;ODDS_1ST_HALF_OVER15;ODDS_1ST_HALF_OVER25;ODDS_1ST_HALF_OVER35;ODDS_1ST_HALF_UNDER05;ODDS_1ST_HALF_UNDER15;ODDS_1ST_HALF_UNDER25;ODDS_1ST_HALF_UNDER35;ODDS_2ND_HALF_OVER05;ODDS_2ND_HALF_OVER15;ODDS_2ND_HALF_OVER25;ODDS_2ND_HALF_OVER35;ODDS_2ND_HALF_UNDER05;ODDS_2ND_HALF_UNDER15;ODDS_2ND_HALF_UNDER25;ODDS_2ND_HALF_UNDER35;ODDS_BTTS_1ST_HALF_YES;ODDS_BTTS_1ST_HALF_NO;ODDS_BTTS_2ND_HALF_YES;ODDS_BTTS_2ND_HALF_NO;OVERALLGOALCOUNT;HT_GOALS_TEAM_A;HT_GOALS_TEAM_B;GOALS_2HG_TEAM_A;GOALS_2HG_TEAM_B;GOALCOUNT_2HG;HTGOALCOUNT;DATE_UNIX;WINNINGTEAM;NO_HOME_AWAY;BTTS_POTENTIAL;BTTS_FHG_POTENTIAL;BTTS_2HG_POTENTIAL;GOALTIMINGDISABLED;CORNER_TIMINGS_RECORDED;CARD_TIMINGS_RECORDED;TEAM_A_FH_CORNERS;TEAM_B_FH_CORNERS;TEAM_A_2H_CORNERS;TEAM_B_2H_CORNERS;CORNER_FH_COUNT;CORNER_2H_COUNT;TEAM_A_FH_CARDS;TEAM_B_FH_CARDS;TEAM_A_2H_CARDS;TEAM_B_2H_CARDS;TOTAL_FH_CARDS;TOTAL_2H_CARDS;ATTACKS_RECORDED;TEAM_A_DANGEROUS_ATTACKS;TEAM_B_DANGEROUS_ATTACKS;TEAM_A_ATTACKS;TEAM_B_ATTACKS;TEAM_A_XG;TEAM_B_XG;TOTAL_XG;TEAM_A_PENALTIES_WON;TEAM_B_PENALTIES_WON;TEAM_A_PENALTY_GOALS;TEAM_B_PENALTY_GOALS;TEAM_A_PENALTY_MISSED;TEAM_B_PENALTY_MISSED;PENS_RECORDED;GOAL_TIMINGS_RECORDED;TEAM_A_0_10_MIN_GOALS;TEAM_B_0_10_MIN_GOALS;TEAM_A_CORNERS_0_10_MIN;TEAM_B_CORNERS_0_10_MIN;TEAM_A_CARDS_0_10_MIN;TEAM_B_CARDS_0_10_MIN;THROWINS_RECORDED;TEAM_A_THROWINS;TEAM_B_THROWINS;FREEKICKS_RECORDED;TEAM_A_FREEKICKS;TEAM_B_FREEKICKS;GOALKICKS_RECORDED;TEAM_A_GOALKICKS;TEAM_B_GOALKICKS;O45_POTENTIAL;O35_POTENTIAL;O25_POTENTIAL;O15_POTENTIAL;O05_POTENTIAL;O15HT_POTENTIAL;O05HT_POTENTIAL;O05_2H_POTENTIAL;O15_2H_POTENTIAL;CORNERS_POTENTIAL;OFFSIDES_POTENTIAL;CARDS_POTENTIAL;AVG_POTENTIAL;HOME_NAME;AWAY_NAME;HOME_PPG;AWAY_PPG;PRE_MATCH_HOME_PPG;PRE_MATCH_AWAY_PPG;PRE_MATCH_TEAMA_OVERALL_PPG;PRE_MATCH_TEAMB_OVERALL_PPG;U45_POTENTIAL;U35_POTENTIAL;U25_POTENTIAL;U15_POTENTIAL;U05_POTENTIAL;CORNERS_O85_POTENTIAL;CORNERS_O95_POTENTIAL;CORNERS_O105_POTENTIAL;TEAM_A_XG_PREMATCH;TEAM_B_XG_PREMATCH;TOTAL_XG_PREMATCH;COMPETITION_ID;MATCHES_COMPLETED_MINIMUM;OVER05;OVER15;OVER25;OVER35;OVER45;OVER55;BTTS
75850;1261;1263;2013;complete;372;1;-1;-1;-1,-1;1;2;3;-1;-1;-1;-1;-1;-1;-1;-1;-1;-1;-1;-1;-1;-1;-1;-1;-1;-1;-1;-1;-1;0;0;0;0;0;0;0;0;0;0;0;0;0;0;0;0;0;0;0;0;0;0;0;0;0;0;0;0;0;0;0;0;0;0;0;0;0;0;0;0;0;0;0;0;0;0;0;0;0;0;0;0;0;0;0;0;0;0;0;0;0;0;0;0;0;0;0;0;3;0;0;0;0;0;0;2013-04-08 17:00:00;1263;0;0;0;0;1;-1;-1;-1;-1;-1;-1;-1;-1;-1;-1;-1;-1;-1;-1;-1;0;0;0;0;0;0;0;-1;-1;-1;-1;-1;-1;-1;-1;-1;-1;-1;-1;-1;-1;-1;-1;-1;-1;-1;-1;-1;-1;-1;0;0;0;0;0;0;0;0;0;0;0;0;0;Žalgirietis;Polonija;1.29;0.86;0;0;0;0;0;0;0;0;0;0;0;0;0;0;0;266;27;Y;Y;Y;N;N;N;Y
75851;1228;1231;2013;complete;372;1;-1;;-1;0;1;1;-1;-1;-1;-1;-1;-1;-1;-1;-1;-1;-1;-1;-1;-1;-1;-1;-1;-1;-1;-1;-1;0;0;0;0;0;0;0;0;0;0;0;0;0;0;0;0;0;0;0;0;0;0;0;0;0;0;0;0;0;0;0;0;0;0;0;0;0;0;0;0;0;0;0;0;0;0;0;0;0;0;0;0;0;0;0;0;0;0;0;0;0;0;0;0;0;0;0;0;1;0;0;0;0;0;0;2013-04-13 09:00:00;1231;0;0;0;0;1;-1;-1;-1;-1;-1;-1;-1;-1;-1;-1;-1;-1;-1;-1;-1;0;0;0;0;0;0;0;-1;-1;-1;-1;-1;-1;-1;-1;-1;-1;-1;-1;-1;-1;-1;-1;-1;-1;-1;-1;-1;-1;-1;0;0;0;0;0;0;0;0;0;0;0;0;0;Jonava;Kauno Žalgiris;1.23;1.21;0;0;0;0;0;0;0;0;0;0;0;0;0;0;0;266;27;Y;N;N;N;N;N;N
75852;1241;1252;2013;complete;372;1;-1;-1,-1,-1,-1;-1;4;1;5;-1;-1;-1;-1;-1;-1;-1;-1;-1;-1;-1;-1;-1;-1;-1;-1;-1;-1;-1;-1;-1;0;0;0;0;0;0;0;0;0;0;0;0;0;0;0;0;0;0;0;0;0;0;0;0;0;0;0;0;0;0;0;0;0;0;0;0;0;0;0;0;0;0;0;0;0;0;0;0;0;0;0;0;0;0;0;0;0;0;0;0;0;0;0;0;0;0;0;0;5;0;0;0;0;0;0;2013-04-13 10:00:00;1241;0;0;0;0;1;-1;-1;-1;-1;-1;-1;-1;-1;-1;-1;-1;-1;-1;-1;-1;0;0;0;0;0;0;0;-1;-1;-1;-1;-1;-1;-1;-1;-1;-1;-1;-1;-1;-1;-1;-1;-1;-1;-1;-1;-1;-1;-1;0;0;0;0;0;0;0;0;0;0;0;0;0;Nevėžis;Šilas;2.29;1.07;0;0;0;0;0;0;0;0;0;0;0;0;0;0;0;266;27;Y;Y;Y;Y;Y;N;Y
75853;1232;1235;2013;complete;372;1;-1;-1;-1,-1;1;2;3;-1;-1;-1;-1;-1;-1;-1;-1;-1;-1;-1;-1;-1;-1;-1;-1;-1;-1;-1;-1;-1;0;0;0;0;0;0;0;0;0;0;0;0;0;0;0;0;0;0;0;0;0;0;0;0;0;0;0;0;0;0;0;0;0;0;0;0;0;0;0;0;0;0;0;0;0;0;0;0;0;0;0;0;0;0;0;0;0;0;0;0;0;0;0;0;0;0;0;0;3;0;0;0;0;0;0;2013-04-13 16:00:00;1235;0;0;0;0;1;-1;-1;-1;-1;-1;-1;-1;-1;-1;-1;-1;-1;-1;-1;-1;0;0;0;0;0;0;0;-1;-1;-1;-1;-1;-1;-1;-1;-1;-1;-1;-1;-1;-1;-1;-1;-1;-1;-1;-1;-1;-1;-1;0;0;0;0;0;0;0;0;0;0;0;0;0;Trakai;Granitas Klaipėda;1.64;2.08;0;0;0;0;0;0;0;0;0;0;0;0;0;0;0;266;27;Y;Y;Y;N;N;N;Y
75854;1262;1242;2013;complete;372;1;-1;-1,-1,-1,-1,-1,-1;-1,-1,-1;6;3;9;-1;-1;-1;-1;-1;-1;-1;-1;-1;-1;-1;-1;-1;-1;-1;-1;-1;-1;-1;-1;-1;0;0;0;0;0;0;0;0;0;0;0;0;0;0;0;0;0;0;0;0;0;0;0;0;0;0;0;0;0;0;0;0;0;0;0;0;0;0;0;0;0;0;0;0;0;0;0;0;0;0;0;0;0;0;0;0;0;0;0;0;0;0;0;0;0;0;0;0;9;0;0;0;0;0;0;2013-04-14 10:00:00;1262;0;0;0;0;1;-1;-1;-1;-1;-1;-1;-1;-1;-1;-1;-1;-1;-1;-1;-1;0;0;0;0;0;0;0;-1;-1;-1;-1;-1;-1;-1;-1;-1;-1;-1;-1;-1;-1;-1;-1;-1;-1;-1;-1;-1;-1;-1;0;0;0;0;0;0;0;0;0;0;0;0;0;Baltija;Palanga;1;0.29;0;0;0;0;0;0;0;0;0;0;0;0;0;0;0;266;27;Y;Y;Y;Y;Y;Y;Y
75855;1253;1248;2013;complete;372;1;-1;;;0;0;0;-1;-1;-1;-1;-1;-1;-1;-1;-1;-1;-1;-1;-1;-1;-1;-1;-1;-1;-1;-1;-1;0;0;0;0;0;0;0;0;0;0;0;0;0;0;0;0;0;0;0;0;0;0;0;0;0;0;0;0;0;0;0;0;0;0;0;0;0;0;0;0;0;0;0;0;0;0;0;0;0;0;0;0;0;0;0;0;0;0;0;0;0;0;0;0;0;0;0;0;0;0;0;0;0;0;0;2013-04-14 15:30:00;-1;0;0;0;0;0;-1;-1;-1;-1;-1;-1;-1;-1;-1;-1;-1;-1;-1;-1;-1;0;0;0;0;0;0;0;0;0;0;0;0;0;1;1;0;0;-1;-1;-1;-1;-1;-1;-1;-1;-1;-1;-1;-1;-1;0;0;0;0;0;0;0;0;0;0;0;0;0;Lokomotyvas Radviliškis;Šilutė;1.71;1;0;0;0;0;0;0;0;0;0;0;0;0;0;0;0;266;27;N;N;N;N;N;N;N
75856;1262;1231;2013;complete;372;2;-1;;-1;0;1;1;-1;-1;-1;-1;-1;-1;-1;-1;-1;-1;-1;-1;-1;-1;-1;-1;-1;-1;-1;-1;-1;0;0;0;0;0;0;0;0;0;0;0;0;0;0;0;0;0;0;0;0;0;0;0;0;0;0;0;0;0;0;0;0;0;0;0;0;0;0;0;0;0;0;0;0;0;0;0;0;0;0;0;0;0;0;0;0;0;0;0;0;0;0;0;0;0;0;0;0;1;0;0;0;0;0;0;2013-04-19 14:30:00;1231;0;50;0;0;1;-1;-1;-1;-1;-1;-1;-1;-1;-1;-1;-1;-1;-1;-1;-1;0;0;0;0;0;0;0;-1;-1;-1;-1;-1;-1;-1;-1;-1;-1;-1;-1;-1;-1;-1;-1;-1;-1;-1;-1;-1;-1;-1;50;50;50;50;100;0;0;0;0;0;0;0;5;Baltija;Kauno Žalgiris;1;1.21;3;3;3;3;50;50;50;50;0;0;0;0;0;0;0;266;27;Y;N;N;N;N;N;N
75857;1263;1253;2013;complete;372;2;-1;;-1,-1,-1,-1,-1;0;5;5;-1;-1;-1;-1;-1;-1;-1;-1;-1;-1;-1;-1;-1;-1;-1;-1;-1;-1;-1;-1;-1;0;0;0;0;0;0;0;0;0;0;0;0;0;0;0;0;0;0;0;0;0;0;0;0;0;0;0;0;0;0;0;0;0;0;0;0;0;0;0;0;0;0;0;0;0;0;0;0;0;0;0;0;0;0;0;0;0;0;0;0;0;0;0;0;0;0;0;0;5;0;0;0;0;0;0;2013-04-20 12:00:00;1253;0;0;0;0;1;-1;-1;-1;-1;-1;-1;-1;-1;-1;-1;-1;-1;-1;-1;-1;0;0;0;0;0;0;0;-1;-1;-1;-1;-1;-1;-1;-1;-1;-1;-1;-1;-1;-1;-1;-1;-1;-1;-1;-1;-1;-1;-1;0;0;0;0;0;0;0;0;0;0;0;0;0;Polonija;Lokomotyvas Radviliškis;1.15;1.31;0;0;3;1;0;0;0;0;0;0;0;0;0;0;0;266;27;Y;Y;Y;Y;Y;N;N
75858;1241;1235;2013;complete;372;2;-1;;;0;0;0;-1;-1;-1;-1;-1;-1;-1;-1;-1;-1;-1;-1;-1;-1;-1;-1;-1;-1;-1;-1;-1;0;0;0;0;0;0;0;0;0;0;0;0;0;0;0;0;0;0;0;0;0;0;0;0;0;0;0;0;0;0;0;0;0;0;0;0;0;0;0;0;0;0;0;0;0;0;0;0;0;0;0;0;0;0;0;0;0;0;0;0;0;0;0;0;0;0;0;0;0;0;0;0;0;0;0;2013-04-20 13:00:00;-1;0;100;0;0;0;-1;-1;-1;-1;-1;-1;-1;-1;-1;-1;-1;-1;-1;-1;-1;0;0;0;0;0;0;0;0;0;0;0;0;0;1;1;0;0;-1;-1;-1;-1;-1;-1;-1;-1;-1;-1;-1;-1;-1;50;50;100;100;100;0;0;0;0;0;0;0;4;Nevėžis;Granitas Klaipėda;2.29;2.08;3;3;3;3;50;50;0;0;0;0;0;0;0;0;0;266;27;N;N;N;N;N;N;N
75859;1261;1232;2013;complete;372;2;-1;;-1,-1;0;2;2;-1;-1;-1;-1;-1;-1;-1;-1;-1;-1;-1;-1;-1;-1;-1;-1;-1;-1;-1;-1;-1;0;0;0;0;0;0;0;0;0;0;0;0;0;0;0;0;0;0;0;0;0;0;0;0;0;0;0;0;0;0;0;0;0;0;0;0;0;0;0;0;0;0;0;0;0;0;0;0;0;0;0;0;0;0;0;0;0;0;0;0;0;0;0;0;0;0;0;0;2;0;0;0;0;0;0;2013-04-20 16:00:00;1232;0;50;0;0;1;-1;-1;-1;-1;-1;-1;-1;-1;-1;-1;-1;-1;-1;-1;-1;0;0;0;0;0;0;0;-1;-1;-1;-1;-1;-1;-1;-1;-1;-1;-1;-1;-1;-1;-1;-1;-1;-1;-1;-1;-1;-1;-1;0;0;50;50;50;0;0;0;0;0;0;0;1.5;Žalgirietis;Trakai;1.29;2.08;0;0;0;0;50;50;0;0;0;0;0;0;0;0;0;266;27;Y;Y;N;N;N;N;N
75860;1261;1241;2013;complete;372;3;-1;;-1,-1;0;2;2;-1;-1;-1;-1;-1;-1;-1;-1;-1;-1;-1;-1;-1;-1;-1;-1;-1;-1;-1;-1;-1;0;0;0;0;0;0;0;0;0;0;0;0;0;0;0;0;0;0;0;0;0;0;0;0;0;0;0;0;0;0;0;0;0;0;0;0;0;0;0;0;0;0;0;0;0;0;0;0;0;0;0;0;0;0;0;0;0;0;0;0;0;0;0;0;0;0;0;0;2;0;0;0;0;0;0;2013-04-26 15:00:00;1241;0;25;0;0;1;-1;-1;-1;-1;-1;-1;-1;-1;-1;-1;-1;-1;-1;-1;-1;0;0;0;0;0;0;0;-1;-1;-1;-1;-1;-1;-1;-1;-1;-1;-1;-1;-1;-1;-1;-1;-1;-1;-1;-1;-1;-1;-1;0;0;25;50;50;0;0;0;0;0;0;0;1.25;Žalgirietis;Nevėžis;1.29;1.54;0;0;0;2;50;50;25;0;0;0;0;0;0;0;0;266;27;Y;Y;N;N;N;N;N
75861;1231;1252;2013;complete;372;3;-1;-1,-1,-1,-1;-1;4;1;5;-1;-1;-1;-1;-1;-1;-1;-1;-1;-1;-1;-1;-1;-1;-1;-1;-1;-1;-1;-1;-1;0;0;0;0;0;0;0;0;0;0;0;0;0;0;0;0;0;0;0;0;0;0;0;0;0;0;0;0;0;0;0;0;0;0;0;0;0;0;0;0;0;0;0;0;0;0;0;0;0;0;0;0;0;0;0;0;0;0;0;0;0;0;0;0;0;0;0;0;5;0;0;0;0;0;0;2013-04-26 15:00:00;1231;0;50;0;0;1;-1;-1;-1;-1;-1;-1;-1;-1;-1;-1;-1;-1;-1;-1;-1;0;0;0;0;0;0;0;-1;-1;-1;-1;-1;-1;-1;-1;-1;-1;-1;-1;-1;-1;-1;-1;-1;-1;-1;-1;-1;-1;-1;50;50;50;50;50;0;0;0;0;0;0;0;2.5;Kauno Žalgiris;Šilas;1.77;1.07;0;0;3;0;0;0;0;0;0;0;0;0;0;0;0;266;27;Y;Y;Y;Y;Y;N;Y
75862;1253;1232;2013;complete;372;3;-1;;-1,-1;0;2;2;-1;-1;-1;-1;-1;-1;-1;-1;-1;-1;-1;-1;-1;-1;-1;-1;-1;-1;-1;-1;-1;0;0;0;0;0;0;0;0;0;0;0;0;0;0;0;0;0;0;0;0;0;0;0;0;0;0;0;0;0;0;0;0;0;0;0;0;0;0;0;0;0;0;0;0;0;0;0;0;0;0;0;0;0;0;0;0;0;0;0;0;0;0;0;0;0;0;0;0;2;0;0;0;0;0;0;2013-04-27 14:00:00;1232;0;0;0;0;1;-1;-1;-1;-1;-1;-1;-1;-1;-1;-1;-1;-1;-1;-1;-1;0;0;0;0;0;0;0;-1;-1;-1;-1;-1;-1;-1;-1;-1;-1;-1;-1;-1;-1;-1;-1;-1;-1;-1;-1;-1;-1;-1;0;0;0;50;50;0;0;0;0;0;0;0;1;Lokomotyvas Radviliškis;Trakai;1.71;2.08;1;3;2;1.5;100;100;100;50;50;0;0;0;0;0;0;266;27;Y;Y;N;N;N;N;N
75863;1263;1242;2013;complete;372;3;-1;-1,-1;-1,-1;2;2;4;-1;-1;-1;-1;-1;-1;-1;-1;-1;-1;-1;-1;-1;-1;-1;-1;-1;-1;-1;-1;-1;0;0;0;0;0;0;0;0;0;0;0;0;0;0;0;0;0;0;0;0;0;0;0;0;0;0;0;0;0;0;0;0;0;0;0;0;0;0;0;0;0;0;0;0;0;0;0;0;0;0;0;0;0;0;0;0;0;0;0;0;0;0;0;0;0;0;0;0;4;0;0;0;0;0;0;2013-04-27 15:00:00;-1;0;50;0;0;1;-1;-1;-1;-1;-1;-1;-1;-1;-1;-1;-1;-1;-1;-1;-1;0;0;0;0;0;0;0;-1;-1;-1;-1;-1;-1;-1;-1;-1;-1;-1;-1;-1;-1;-1;-1;-1;-1;-1;-1;-1;-1;-1;100;100;100;100;100;0;0;0;0;0;0;0;7;Polonija;Palanga;1.15;0.29;0;0;1.5;0;0;0;0;0;0;0;0;0;0;0;0;266;27;Y;Y;Y;Y;N;N;Y
75864;1248;1262;2013;complete;372;3;-1;-1;-1;1;1;2;-1;-1;-1;-1;-1;-1;-1;-1;-1;-1;-1;-1;-1;-1;-1;-1;-1;-1;-1;-1;-1;0;0;0;0;0;0;0;0;0;0;0;0;0;0;0;0;0;0;0;0;0;0;0;0;0;0;0;0;0;0;0;0;0;0;0;0;0;0;0;0;0;0;0;0;0;0;0;0;0;0;0;0;0;0;0;0;0;0;0;0;0;0;0;0;0;0;0;0;2;0;0;0;0;0;0;2013-04-28 11:00:00;-1;0;0;0;0;1;-1;-1;-1;-1;-1;-1;-1;-1;-1;-1;-1;-1;-1;-1;-1;0;0;0;0;0;0;0;-1;-1;-1;-1;-1;-1;-1;-1;-1;-1;-1;-1;-1;-1;-1;-1;-1;-1;-1;-1;-1;-1;-1;0;0;0;0;0;0;0;0;0;0;0;0;0;Šilutė;Baltija;1.07;0.79;0;0;1;1.5;0;0;0;0;0;0;0;0;0;0;0;266;27;Y;Y;N;N;N;N;Y
75865;1262;1252;2013;complete;372;4;-1;-1;-1,-1;1;2;3;-1;-1;-1;-1;-1;-1;-1;-1;-1;-1;-1;-1;-1;-1;-1;-1;-1;-1;-1;-1;-1;0;0;0;0;0;0;0;0;0;0;0;0;0;0;0;0;0;0;0;0;0;0;0;0;0;0;0;0;0;0;0;0;0;0;0;0;0;0;0;0;0;0;0;0;0;0;0;0;0;0;0;0;0;0;0;0;0;0;0;0;0;0;0;0;0;0;0;0;3;0;0;0;0;0;0;2013-05-03 15:00:00;1252;0;75;0;0;1;-1;-1;-1;-1;-1;-1;-1;-1;-1;-1;-1;-1;-1;-1;-1;0;0;0;0;0;0;0;-1;-1;-1;-1;-1;-1;-1;-1;-1;-1;-1;-1;-1;-1;-1;-1;-1;-1;-1;-1;-1;-1;-1;75;75;75;75;100;0;0;0;0;0;0;0;5;Baltija;Šilas;1;1.07;1.5;0;1.33;0;25;25;25;25;0;0;0;0;0;0;0;266;27;Y;Y;Y;N;N;N;Y
75866;1231;1235;2013;complete;372;4;-1;;-1;0;1;1;-1;-1;-1;-1;-1;-1;-1;-1;-1;-1;-1;-1;-1;-1;-1;-1;-1;-1;-1;-1;-1;0;0;0;0;0;0;0;0;0;0;0;0;0;0;0;0;0;0;0;0;0;0;0;0;0;0;0;0;0;0;0;0;0;0;0;0;0;0;0;0;0;0;0;0;0;0;0;0;0;0;0;0;0;0;0;0;0;0;0;0;0;0;0;0;0;0;0;0;1;0;0;0;0;0;0;2013-05-03 15:00:00;1235;0;75;0;0;1;-1;-1;-1;-1;-1;-1;-1;-1;-1;-1;-1;-1;-1;-1;-1;0;0;0;0;0;0;0;-1;-1;-1;-1;-1;-1;-1;-1;-1;-1;-1;-1;-1;-1;-1;-1;-1;-1;-1;-1;-1;-1;-1;50;50;75;75;75;0;0;0;0;0;0;0;3.25;Kauno Žalgiris;Granitas Klaipėda;1.77;2.08;3;2;3;2;50;50;25;25;25;0;0;0;0;0;0;266;27;Y;N;N;N;N;N;N
75867;1241;1253;2013;complete;372;4;-1;-1;;1;0;1;-1;-1;-1;-1;-1;-1;-1;-1;-1;-1;-1;-1;-1;-1;-1;-1;-1;-1;-1;-1;-1;0;0;0;0;0;0;0;0;0;0;0;0;0;0;0;0;0;0;0;0;0;0;0;0;0;0;0;0;0;0;0;0;0;0;0;0;0;0;0;0;0;0;0;0;0;0;0;0;0;0;0;0;0;0;0;0;0;0;0;0;0;0;0;0;0;0;0;0;1;0;0;0;0;0;0;2013-05-03 15:00:00;1241;0;25;0;0;1;-1;-1;-1;-1;-1;-1;-1;-1;-1;-1;-1;-1;-1;-1;-1;0;0;0;0;0;0;0;-1;-1;-1;-1;-1;-1;-1;-1;-1;-1;-1;-1;-1;-1;-1;-1;-1;-1;-1;-1;-1;-1;-1;75;75;75;75;75;0;0;0;0;0;0;0;3.75;Nevėžis;Lokomotyvas Radviliškis;2.29;1.31;2;3;2.33;1.33;25;25;25;25;25;0;0;0;0;0;0;266;27;Y;N;N;N;N;N;N
75868;1263;1248;2013;complete;372;4;-1;-1;;1;0;1;-1;-1;-1;-1;-1;-1;-1;-1;-1;-1;-1;-1;-1;-1;-1;-1;-1;-1;-1;-1;-1;0;0;0;0;0;0;0;0;0;0;0;0;0;0;0;0;0;0;0;0;0;0;0;0;0;0;0;0;0;0;0;0;0;0;0;0;0;0;0;0;0;0;0;0;0;0;0;0;0;0;0;0;0;0;0;0;0;0;0;0;0;0;0;0;0;0;0;0;1;0;0;0;0;0;0;2013-05-04 13:00:00;1263;0;25;0;0;1;-1;-1;-1;-1;-1;-1;-1;-1;-1;-1;-1;-1;-1;-1;-1;0;0;0;0;0;0;0;-1;-1;-1;-1;-1;-1;-1;-1;-1;-1;-1;-1;-1;-1;-1;-1;-1;-1;-1;-1;-1;-1;-1;25;50;50;50;50;0;0;0;0;0;0;0;2.25;Polonija;Šilutė;1.15;1;0.5;1;1.33;1;75;50;50;50;50;0;0;0;0;0;0;266;27;Y;N;N;N;N;N;N
75869;1242;1232;2013;complete;372;4;-1;-1;-1,-1,-1,-1,-1;1;5;6;-1;-1;-1;-1;-1;-1;-1;-1;-1;-1;-1;-1;-1;-1;-1;-1;-1;-1;-1;-1;-1;0;0;0;0;0;0;0;0;0;0;0;0;0;0;0;0;0;0;0;0;0;0;0;0;0;0;0;0;0;0;0;0;0;0;0;0;0;0;0;0;0;0;0;0;0;0;0;0;0;0;0;0;0;0;0;0;0;0;0;0;0;0;0;0;0;0;0;0;6;0;0;0;0;0;0;2013-05-04 15:00:00;1232;0;0;0;0;1;-1;-1;-1;-1;-1;-1;-1;-1;-1;-1;-1;-1;-1;-1;-1;0;0;0;0;0;0;0;-1;-1;-1;-1;-1;-1;-1;-1;-1;-1;-1;-1;-1;-1;-1;-1;-1;-1;-1;-1;-1;-1;-1;0;0;0;50;50;0;0;0;0;0;0;0;1;Palanga;Trakai;0.62;2.08;0;3;0.5;2;50;50;50;0;0;0;0;0;0;0;0;266;27;Y;Y;Y;Y;Y;Y;Y
75870;1231;1261;2013;complete;372;5;-1;;;0;0;0;-1;-1;-1;-1;-1;-1;-1;-1;-1;-1;-1;-1;-1;-1;-1;-1;-1;-1;-1;-1;-1;0;0;0;0;0;0;0;0;0;0;0;0;0;0;0;0;0;0;0;0;0;0;0;0;0;0;0;0;0;0;0;0;0;0;0;0;0;0;0;0;0;0;0;0;0;0;0;0;0;0;0;0;0;0;0;0;0;0;0;0;0;0;0;0;0;0;0;0;0;0;0;0;0;0;0;2013-05-10 15:00:00;-1;0;25;0;0;0;-1;-1;-1;-1;-1;-1;-1;-1;-1;-1;-1;-1;-1;-1;-1;0;0;0;0;0;0;0;0;0;0;0;0;0;1;1;0;0;-1;-1;-1;-1;-1;-1;-1;-1;-1;-1;-1;-1;-1;25;25;25;25;50;0;0;0;0;0;0;0;1.5;Kauno Žalgiris;Žalgirietis;1.77;1.54;1.5;0;2.25;0;25;25;25;25;0;0;0;0;0;0;0;266;27;N;N;N;N;N;N;N
75871;1253;1228;2013;complete;372;5;-1;-1,-1;-1;2;1;3;-1;-1;-1;-1;-1;-1;-1;-1;-1;-1;-1;-1;-1;-1;-1;-1;-1;-1;-1;-1;-1;0;0;0;0;0;0;0;0;0;0;0;0;0;0;0;0;0;0;0;0;0;0;0;0;0;0;0;0;0;0;0;0;0;0;0;0;0;0;0;0;0;0;0;0;0;0;0;0;0;0;0;0;0;0;0;0;0;0;0;0;0;0;0;0;0;0;0;0;3;0;0;0;0;0;0;2013-05-11 09:00:00;1253;0;0;0;0;1;-1;-1;-1;-1;-1;-1;-1;-1;-1;-1;-1;-1;-1;-1;-1;0;0;0;0;0;0;0;-1;-1;-1;-1;-1;-1;-1;-1;-1;-1;-1;-1;-1;-1;-1;-1;-1;-1;-1;-1;-1;-1;-1;0;0;0;25;25;0;0;0;0;0;0;0;0.5;Lokomotyvas Radviliškis;Jonava;1.71;1.5;0.5;0;1;0;50;50;50;25;25;0;0;0;0;0;0;266;27;Y;Y;Y;N;N;N;Y
75872;1248;1232;2013;complete;372;5;-1;;-1,-1,-1;0;3;3;-1;-1;-1;-1;-1;-1;-1;-1;-1;-1;-1;-1;-1;-1;-1;-1;-1;-1;-1;-1;-1;0;0;0;0;0;0;0;0;0;0;0;0;0;0;0;0;0;0;0;0;0;0;0;0;0;0;0;0;0;0;0;0;0;0;0;0;0;0;0;0;0;0;0;0;0;0;0;0;0;0;0;0;0;0;0;0;0;0;0;0;0;0;0;0;0;0;0;0;3;0;0;0;0;0;0;2013-05-11 13:00:00;1232;0;67;0;0;1;-1;-1;-1;-1;-1;-1;-1;-1;-1;-1;-1;-1;-1;-1;-1;0;0;0;0;0;0;0;-1;-1;-1;-1;-1;-1;-1;-1;-1;-1;-1;-1;-1;-1;-1;-1;-1;-1;-1;-1;-1;-1;-1;17;17;17;100;100;0;0;0;0;0;0;0;2.67;Šilutė;Trakai;1.07;2.08;1;3;0.67;2.25;84;84;84;0;0;0;0;0;0;0;0;266;27;Y;Y;Y;N;N;N;N
75873;1252;1235;2013;complete;372;5;-1;-1;-1;1;1;2;-1;-1;-1;-1;-1;-1;-1;-1;-1;-1;-1;-1;-1;-1;-1;-1;-1;-1;-1;-1;-1;0;0;0;0;0;0;0;0;0;0;0;0;0;0;0;0;0;0;0;0;0;0;0;0;0;0;0;0;0;0;0;0;0;0;0;0;0;0;0;0;0;0;0;0;0;0;0;0;0;0;0;0;0;0;0;0;0;0;0;0;0;0;0;0;0;0;0;0;2;0;0;0;0;0;0;2013-05-11 14:00:00;-1;0;17;0;0;1;-1;-1;-1;-1;-1;-1;-1;-1;-1;-1;-1;-1;-1;-1;-1;0;0;0;0;0;0;0;-1;-1;-1;-1;-1;-1;-1;-1;-1;-1;-1;-1;-1;-1;-1;-1;-1;-1;-1;-1;-1;-1;-1;0;0;17;17;34;0;0;0;0;0;0;0;0.67;Šilas;Granitas Klaipėda;2.46;2.08;0;2.33;1;2.33;50;50;34;34;17;0;0;0;0;0;0;266;27;Y;Y;N;N;N;N;Y
75874;1241;1242;2013;complete;372;5;-1;-1,-1;-1;2;1;3;-1;-1;-1;-1;-1;-1;-1;-1;-1;-1;-1;-1;-1;-1;-1;-1;-1;-1;-1;-1;-1;0;0;0;0;0;0;0;0;0;0;0;0;0;0;0;0;0;0;0;0;0;0;0;0;0;0;0;0;0;0;0;0;0;0;0;0;0;0;0;0;0;0;0;0;0;0;0;0;0;0;0;0;0;0;0;0;0;0;0;0;0;0;0;0;0;0;0;0;3;0;0;0;0;0;0;2013-05-11 14:00:00;1241;0;67;0;0;1;-1;-1;-1;-1;-1;-1;-1;-1;-1;-1;-1;-1;-1;-1;-1;0;0;0;0;0;0;0;-1;-1;-1;-1;-1;-1;-1;-1;-1;-1;-1;-1;-1;-1;-1;-1;-1;-1;-1;-1;-1;-1;-1;42;67;67;67;84;0;0;0;0;0;0;0;4.25;Nevėžis;Palanga;2.29;0.29;2.33;0.5;2.5;0.33;59;34;34;34;17;0;0;0;0;0;0;266;27;Y;Y;Y;N;N;N;Y
75875;1263;1262;2013;complete;372;5;-1;;;0;0;0;-1;-1;-1;-1;-1;-1;-1;-1;-1;-1;-1;-1;-1;-1;-1;-1;-1;-1;-1;-1;-1;0;0;0;0;0;0;0;0;0;0;0;0;0;0;0;0;0;0;0;0;0;0;0;0;0;0;0;0;0;0;0;0;0;0;0;0;0;0;0;0;0;0;0;0;0;0;0;0;0;0;0;0;0;0;0;0;0;0;0;0;0;0;0;0;0;0;0;0;0;0;0;0;0;0;0;2013-05-13 15:00:00;-1;0;67;0;0;0;-1;-1;-1;-1;-1;-1;-1;-1;-1;-1;-1;-1;-1;-1;-1;0;0;0;0;0;0;0;0;0;0;0;0;0;1;1;0;0;-1;-1;-1;-1;-1;-1;-1;-1;-1;-1;-1;-1;-1;17;34;34;84;100;0;0;0;0;0;0;0;2.67;Polonija;Baltija;1.15;0.79;1.33;1;1.75;1;84;67;67;17;0;0;0;0;0;0;0;266;27;N;N;N;N;N;N;N
75876;1253;1252;2013;complete;372;6;-1;-1,-1;-1,-1;2;2;4;-1;-1;-1;-1;-1;-1;-1;-1;-1;-1;-1;-1;-1;-1;-1;-1;-1;-1;-1;-1;-1;0;0;0;0;0;0;0;0;0;0;0;0;0;0;0;0;0;0;0;0;0;0;0;0;0;0;0;0;0;0;0;0;0;0;0;0;0;0;0;0;0;0;0;0;0;0;0;0;0;0;0;0;0;0;0;0;0;0;0;0;0;0;0;0;0;0;0;0;4;0;0;0;0;0;0;2013-05-16 15:00:00;-1;0;67;0;0;1;-1;-1;-1;-1;-1;-1;-1;-1;-1;-1;-1;-1;-1;-1;-1;0;0;0;0;0;0;0;-1;-1;-1;-1;-1;-1;-1;-1;-1;-1;-1;-1;-1;-1;-1;-1;-1;-1;-1;-1;-1;-1;-1;34;34;67;84;84;0;0;0;0;0;0;0;3;Lokomotyvas Radviliškis;Šilas;1.71;1.07;1.33;1;1.4;1;67;67;34;17;17;0;0;0;0;0;0;266;27;Y;Y;Y;Y;N;N;Y
75877;1261;1235;2013;complete;372;6;-1;-1;-1,-1,-1;1;3;4;-1;-1;-1;-1;-1;-1;-1;-1;-1;-1;-1;-1;-1;-1;-1;-1;-1;-1;-1;-1;-1;0;0;0;0;0;0;0;0;0;0;0;0;0;0;0;0;0;0;0;0;0;0;0;0;0;0;0;0;0;0;0;0;0;0;0;0;0;0;0;0;0;0;0;0;0;0;0;0;0;0;0;0;0;0;0;0;0;0;0;0;0;0;0;0;0;0;0;0;4;0;0;0;0;0;0;2013-05-17 16:00:00;1235;0;42;0;0;1;-1;-1;-1;-1;-1;-1;-1;-1;-1;-1;-1;-1;-1;-1;-1;0;0;0;0;0;0;0;-1;-1;-1;-1;-1;-1;-1;-1;-1;-1;-1;-1;-1;-1;-1;-1;-1;-1;-1;-1;-1;-1;-1;0;0;29;75;88;0;0;0;0;0;0;0;1.92;Žalgirietis;Granitas Klaipėda;1.29;2.08;0;2;0.25;2;100;100;71;25;13;0;0;0;0;0;0;266;27;Y;Y;Y;Y;N;N;Y
75878;1248;1228;2013;complete;372;6;-1;;-1,-1;0;2;2;-1;-1;-1;-1;-1;-1;-1;-1;-1;-1;-1;-1;-1;-1;-1;-1;-1;-1;-1;-1;-1;0;0;0;0;0;0;0;0;0;0;0;0;0;0;0;0;0;0;0;0;0;0;0;0;0;0;0;0;0;0;0;0;0;0;0;0;0;0;0;0;0;0;0;0;0;0;0;0;0;0;0;0;0;0;0;0;0;0;0;0;0;0;0;0;0;0;0;0;2;0;0;0;0;0;0;2013-05-18 13:00:00;1228;0;75;0;0;1;-1;-1;-1;-1;-1;-1;-1;-1;-1;-1;-1;-1;-1;-1;-1;0;0;0;0;0;0;0;-1;-1;-1;-1;-1;-1;-1;-1;-1;-1;-1;-1;-1;-1;-1;-1;-1;-1;-1;-1;-1;-1;-1;0;0;75;100;100;0;0;0;0;0;0;0;2.75;Šilutė;Jonava;1.07;1.5;0.5;0;0.5;0;100;100;25;0;0;0;0;0;0;0;0;266;27;Y;Y;N;N;N;N;N
75879;1232;1262;2013;complete;372;6;-1;-1,-1;;2;0;2;-1;-1;-1;-1;-1;-1;-1;-1;-1;-1;-1;-1;-1;-1;-1;-1;-1;-1;-1;-1;-1;0;0;0;0;0;0;0;0;0;0;0;0;0;0;0;0;0;0;0;0;0;0;0;0;0;0;0;0;0;0;0;0;0;0;0;0;0;0;0;0;0;0;0;0;0;0;0;0;0;0;0;0;0;0;0;0;0;0;0;0;0;0;0;0;0;0;0;0;2;0;0;0;0;0;0;2013-05-19 14:00:00;1232;0;75;0;0;1;-1;-1;-1;-1;-1;-1;-1;-1;-1;-1;-1;-1;-1;-1;-1;0;0;0;0;0;0;0;-1;-1;-1;-1;-1;-1;-1;-1;-1;-1;-1;-1;-1;-1;-1;-1;-1;-1;-1;-1;-1;-1;-1;0;0;50;75;75;0;0;0;0;0;0;0;2;Trakai;Baltija;1.64;0.79;0;1;2.4;1;100;100;50;25;25;0;0;0;0;0;0;266;27;Y;Y;N;N;N;N;N
75880;1242;1231;2013;complete;372;6;-1;;-1;0;1;1;-1;-1;-1;-1;-1;-1;-1;-1;-1;-1;-1;-1;-1;-1;-1;-1;-1;-1;-1;-1;-1;0;0;0;0;0;0;0;0;0;0;0;0;0;0;0;0;0;0;0;0;0;0;0;0;0;0;0;0;0;0;0;0;0;0;0;0;0;0;0;0;0;0;0;0;0;0;0;0;0;0;0;0;0;0;0;0;0;0;0;0;0;0;0;0;0;0;0;0;1;0;0;0;0;0;0;2013-05-19 14:00:00;1231;0;50;0;0;1;-1;-1;-1;-1;-1;-1;-1;-1;-1;-1;-1;-1;-1;-1;-1;0;0;0;0;0;0;0;-1;-1;-1;-1;-1;-1;-1;-1;-1;-1;-1;-1;-1;-1;-1;-1;-1;-1;-1;-1;-1;-1;-1;50;50;50;50;100;0;0;0;0;0;0;0;3.5;Palanga;Kauno Žalgiris;0.62;1.21;0;3;0.25;2;50;50;50;50;0;0;0;0;0;0;0;266;27;Y;N;N;N;N;N;N
75881;1252;1228;2013;complete;372;2;-1;-1;;1;0;1;2;7;9;3;4;0;0;0;0;5;4;4;5;9;9;19;10;51;49;0;0;0;0;0;0;0;0;0;0;0;0;0;0;0;0;0;0;0;0;0;0;0;0;0;0;0;0;0;0;0;0;0;0;0;0;0;0;0;0;0;0;0;0;0;0;0;0;0;0;0;0;0;0;0;0;0;0;0;0;0;0;0;0;0;0;0;0;0;0;1;0;0;0;0;0;0;2013-05-22 16:00:00;1252;0;75;0;0;1;-1;-1;-1;-1;-1;-1;-1;-1;0;0;0;0;0;0;-1;0;0;0;0;0;0;0;-1;-1;-1;-1;-1;-1;-1;-1;-1;-1;-1;-1;-1;-1;-1;-1;-1;-1;-1;-1;-1;-1;-1;0;0;25;100;100;0;0;0;0;0;0;0;2.25;Šilas;Jonava;2.46;1.5;1;1.5;1;1;100;100;75;0;0;0;0;0;0;0;0;266;27;Y;N;N;N;N;N;N
75882;1232;1263;2013;complete;372;7;-1;;-1;0;1;1;-1;-1;-1;-1;-1;-1;-1;-1;-1;-1;-1;-1;-1;-1;-1;-1;-1;-1;-1;-1;-1;0;0;0;0;0;0;0;0;0;0;0;0;0;0;0;0;0;0;0;0;0;0;0;0;0;0;0;0;0;0;0;0;0;0;0;0;0;0;0;0;0;0;0;0;0;0;0;0;0;0;0;0;0;0;0;0;0;0;0;0;0;0;0;0;0;0;0;0;1;0;0;0;0;0;0;2013-05-25 14:00:00;1263;0;75;0;0;1;-1;-1;-1;-1;-1;-1;-1;-1;-1;-1;-1;-1;-1;-1;-1;0;0;0;0;0;0;0;-1;-1;-1;-1;-1;-1;-1;-1;-1;-1;-1;-1;-1;-1;-1;-1;-1;-1;-1;-1;-1;-1;-1;0;0;75;100;100;0;0;0;0;0;0;0;2.75;Trakai;Polonija;1.64;0.86;1.5;3;2.5;1.6;100;100;25;0;0;0;0;0;0;0;0;266;27;Y;N;N;N;N;N;N
75883;1262;1235;2013;complete;372;7;-1;-1;-1,-1,-1;1;3;4;3;6;9;3;4;0;0;0;0;5;8;7;9;12;17;9;16;47;53;0;0;0;0;0;0;0;0;0;0;0;0;0;0;0;0;0;0;0;0;0;0;0;0;0;0;0;0;0;0;0;0;0;0;0;0;0;0;0;0;0;0;0;0;0;0;0;0;0;0;0;0;0;0;0;0;0;0;0;0;0;0;0;0;0;0;0;0;0;0;4;0;0;0;0;0;0;2013-05-26 14:00:00;1235;0;64;0;0;1;-1;-1;-1;-1;-1;-1;-1;-1;0;0;0;0;0;0;-1;0;0;0;0;0;0;0;-1;-1;-1;-1;-1;-1;-1;-1;-1;-1;-1;-1;-1;-1;-1;-1;-1;-1;-1;-1;-1;-1;-1;17;27;54;64;90;0;0;0;0;0;0;0;3.17;Baltija;Granitas Klaipėda;1;2.08;1;2.2;0.83;2.2;84;74;47;37;10;0;0;0;0;0;0;266;27;Y;Y;Y;Y;N;N;Y
75884;1242;1228;2013;complete;372;7;-1;-1;-1,-1,-1,-1,-1,-1;1;6;7;4;8;12;5;5;0;0;0;0;7;9;2;8;9;17;13;15;50;50;0;0;0;0;0;0;0;0;0;0;0;0;0;0;0;0;0;0;0;0;0;0;0;0;0;0;0;0;0;0;0;0;0;0;0;0;0;0;0;0;0;0;0;0;0;0;0;0;0;0;0;0;0;0;0;0;0;0;0;0;0;0;0;0;0;0;0;0;0;0;7;0;0;0;0;0;0;2013-05-26 15:00:00;1228;0;42;0;0;1;-1;-1;-1;-1;-1;-1;-1;-1;0;0;0;0;0;0;-1;0;0;0;0;0;0;0;-1;-1;-1;-1;-1;-1;-1;-1;-1;-1;-1;-1;-1;-1;-1;-1;-1;-1;-1;-1;-1;-1;-1;25;25;42;59;100;0;0;0;0;7;0;0;2.75;Palanga;Jonava;0.62;1.5;0;1;0.2;0.75;75;75;59;42;0;50;0;0;0;0;0;266;27;Y;Y;Y;Y;Y;Y;Y
75885;1231;1253;2013;complete;372;7;-1;-1,-1,-1;-1,-1;3;2;5;1;11;12;2;0;0;0;0;0;4;3;5;13;9;16;20;21;49;51;0;0;0;0;0;0;0;0;0;0;0;0;0;0;0;0;0;0;0;0;0;0;0;0;0;0;0;0;0;0;0;0;0;0;0;0;0;0;0;0;0;0;0;0;0;0;0;0;0;0;0;0;0;0;0;0;0;0;0;0;0;0;0;0;0;0;0;0;0;0;5;0;0;0;0;0;0;2013-05-26 15:00:00;1231;0;17;0;0;1;-1;-1;-1;-1;-1;-1;-1;-1;0;0;0;0;0;0;-1;0;0;0;0;0;0;0;-1;-1;-1;-1;-1;-1;-1;-1;-1;-1;-1;-1;-1;-1;-1;-1;-1;-1;-1;-1;-1;-1;-1;42;42;42;42;84;0;0;0;0;0;0;0;2.5;Kauno Žalgiris;Lokomotyvas Radviliškis;1.77;1.31;1.33;1.5;2.17;1.33;59;59;59;59;17;0;0;0;0;0;0;266;27;Y;Y;Y;Y;Y;N;Y
75886;1261;1252;2013;complete;372;7;-1;;;0;0;0;6;1;7;11;1;0;0;0;0;10;7;12;2;22;9;17;17;50;50;0;0;0;0;0;0;0;0;0;0;0;0;0;0;0;0;0;0;0;0;0;0;0;0;0;0;0;0;0;0;0;0;0;0;0;0;0;0;0;0;0;0;0;0;0;0;0;0;0;0;0;0;0;0;0;0;0;0;0;0;0;0;0;0;0;0;0;0;0;0;0;0;0;0;0;0;0;2013-05-27 16:00:00;-1;0;75;0;0;0;-1;-1;-1;-1;-1;-1;-1;-1;0;0;0;0;0;0;-1;0;0;0;0;0;0;0;0;0;0;0;0;0;1;1;0;0;-1;-1;-1;-1;-1;-1;-1;-1;-1;-1;-1;-1;-1;25;50;75;100;100;0;0;0;0;0;0;0;3.5;Žalgirietis;Šilas;1.29;1.07;0;1;0.2;1.33;75;50;25;0;0;0;0;0;0;0;0;266;27;N;N;N;N;N;N;N
75887;1262;1261;2013;complete;372;8;-1;;-1;0;1;1;1;1;2;5;11;0;0;0;0;3;5;3;2;6;7;23;31;47;53;0;0;0;0;0;0;0;0;0;0;0;0;0;0;0;0;0;0;0;0;0;0;0;0;0;0;0;0;0;0;0;0;0;0;0;0;0;0;0;0;0;0;0;0;0;0;0;0;0;0;0;0;0;0;0;0;0;0;0;0;0;0;0;0;0;0;0;0;0;0;1;0;0;0;0;0;0;2013-05-31 16:00:00;1261;0;38;0;0;1;-1;-1;-1;-1;-1;-1;-1;-1;0;0;0;0;0;0;-1;0;0;0;0;0;0;0;-1;-1;-1;-1;-1;-1;-1;-1;-1;-1;-1;-1;-1;-1;-1;-1;-1;-1;-1;-1;-1;-1;-1;13;25;38;38;50;0;0;0;0;3;0;0;2.13;Baltija;Žalgirietis;1;1.54;0.75;1;0.71;0.33;88;75;63;63;50;50;0;0;0;0;0;266;27;Y;N;N;N;N;N;N
75888;1228;1263;2013;complete;372;8;-1;-1,-1;-1;2;1;3;5;1;6;9;4;0;0;0;0;9;2;9;5;18;7;13;18;51;49;0;0;0;0;0;0;0;0;0;0;0;0;0;0;0;0;0;0;0;0;0;0;0;0;0;0;0;0;0;0;0;0;0;0;0;0;0;0;0;0;0;0;0;0;0;0;0;0;0;0;0;0;0;0;0;0;0;0;0;0;0;0;0;0;0;0;0;0;0;0;3;0;0;0;0;0;0;2013-06-01 12:30:00;1228;0;25;0;0;1;-1;-1;-1;-1;-1;-1;-1;-1;0;0;0;0;0;0;-1;0;0;0;0;0;0;0;-1;-1;-1;-1;-1;-1;-1;-1;-1;-1;-1;-1;-1;-1;-1;-1;-1;-1;-1;-1;-1;-1;-1;0;0;25;25;100;0;0;0;0;0;0;0;1.5;Jonava;Polonija;1.23;0.86;0;3;1.2;1.83;100;100;75;75;0;0;0;0;0;0;0;266;27;Y;Y;Y;N;N;N;Y
75889;1253;1235;2013;complete;372;8;-1;-1;-1,-1,-1;1;3;4;-1;-1;-1;-1;-1;-1;-1;-1;-1;-1;-1;-1;-1;-1;-1;-1;-1;-1;-1;-1;-1;0;0;0;0;0;0;0;0;0;0;0;0;0;0;0;0;0;0;0;0;0;0;0;0;0;0;0;0;0;0;0;0;0;0;0;0;0;0;0;0;0;0;0;0;0;0;0;0;0;0;0;0;0;0;0;0;0;0;0;0;0;0;0;0;0;0;0;0;4;0;0;0;0;0;0;2013-06-01 13:00:00;1235;0;59;0;0;1;-1;-1;-1;-1;-1;-1;-1;-1;-1;-1;-1;-1;-1;-1;-1;0;0;0;0;0;0;0;-1;-1;-1;-1;-1;-1;-1;-1;-1;-1;-1;-1;-1;-1;-1;-1;-1;-1;-1;-1;-1;-1;-1;0;29;50;71;79;0;0;0;0;6;0;0;2.29;Lokomotyvas Radviliškis;Granitas Klaipėda;1.71;2.08;1.25;2.33;1.14;2.33;100;71;50;29;21;50;0;0;0;0;0;266;27;Y;Y;Y;Y;N;N;Y
75890;1252;1242;2013;complete;372;8;-1;-1;;1;0;1;-1;-1;-1;-1;-1;-1;-1;-1;-1;-1;-1;-1;-1;-1;-1;-1;-1;-1;-1;-1;-1;0;0;0;0;0;0;0;0;0;0;0;0;0;0;0;0;0;0;0;0;0;0;0;0;0;0;0;0;0;0;0;0;0;0;0;0;0;0;0;0;0;0;0;0;0;0;0;0;0;0;0;0;0;0;0;0;0;0;0;0;0;0;0;0;0;0;0;0;1;0;0;0;0;0;0;2013-06-01 14:00:00;1252;0;75;0;0;1;-1;-1;-1;-1;-1;-1;-1;-1;-1;-1;-1;-1;-1;-1;-1;0;0;0;0;0;0;0;-1;-1;-1;-1;-1;-1;-1;-1;-1;-1;-1;-1;-1;-1;-1;-1;-1;-1;-1;-1;-1;-1;-1;17;34;50;75;100;0;0;0;0;2;0;0;3.42;Šilas;Palanga;2.46;0.29;2;0.33;1.29;0.17;84;67;50;25;0;50;0;0;0;0;0;266;27;Y;N;N;N;N;N;N
75891;1241;1232;2013;complete;372;8;-1;;-1;0;1;1;4;3;7;1;0;0;0;0;0;5;4;11;4;16;8;12;17;47;53;0;0;0;0;0;0;0;0;0;0;0;0;0;0;0;0;0;0;0;0;0;0;0;0;0;0;0;0;0;0;0;0;0;0;0;0;0;0;0;0;0;0;0;0;0;0;0;0;0;0;0;0;0;0;0;0;0;0;0;0;0;0;0;0;0;0;0;0;0;0;1;0;0;0;0;0;0;2013-06-01 15:00:00;1232;0;38;0;0;1;-1;-1;-1;-1;-1;-1;-1;-1;0;0;0;0;0;0;-1;0;0;0;0;0;0;0;-1;-1;-1;-1;-1;-1;-1;-1;-1;-1;-1;-1;-1;-1;-1;-1;-1;-1;-1;-1;-1;-1;-1;25;25;50;75;88;0;0;0;0;0;0;0;2.75;Nevėžis;Trakai;2.29;2.08;2.5;3;2.6;2.14;75;75;50;25;13;0;0;0;0;0;0;266;27;Y;N;N;N;N;N;N
75892;1231;1248;2013;complete;372;8;-1;-1;-1,-1;1;2;3;3;7;10;1;2;0;0;0;0;4;6;10;8;14;14;15;10;47;53;0;0;0;0;0;0;0;0;0;0;0;0;0;0;0;0;0;0;0;0;0;0;0;0;0;0;0;0;0;0;0;0;0;0;0;0;0;0;0;0;0;0;0;0;0;0;0;0;0;0;0;0;0;0;0;0;0;0;0;0;0;0;0;0;0;0;0;0;0;0;3;0;0;0;0;0;0;2013-06-02 15:00:00;1248;0;25;0;0;1;-1;-1;-1;-1;-1;-1;-1;-1;0;0;0;0;0;0;-1;0;0;0;0;0;0;0;-1;-1;-1;-1;-1;-1;-1;-1;-1;-1;-1;-1;-1;-1;-1;-1;-1;-1;-1;-1;-1;-1;-1;25;25;25;25;63;0;0;0;0;1;0;0;1.63;Kauno Žalgiris;Šilutė;1.77;1;1.75;0.5;2.29;0.4;75;75;75;75;38;50;50;50;0;0;0;266;27;Y;Y;Y;N;N;N;Y
75893;1228;1235;2013;complete;372;3;-1;;-1,-1;0;2;2;6;10;16;3;3;0;0;0;0;5;9;5;2;10;11;17;20;48;52;0;0;0;0;0;0;0;0;0;0;0;0;0;0;0;0;0;0;0;0;0;0;0;0;0;0;0;0;0;0;0;0;0;0;0;0;0;0;0;0;0;0;0;0;0;0;0;0;0;0;0;0;0;0;0;0;0;0;0;0;0;0;0;0;0;0;0;0;0;0;2;0;0;0;0;0;0;2013-06-05 16:00:00;1235;0;61;0;0;1;-1;-1;-1;-1;-1;-1;-1;-1;0;0;0;0;0;0;-1;0;0;0;0;0;0;0;-1;-1;-1;-1;-1;-1;-1;-1;-1;-1;-1;-1;-1;-1;-1;-1;-1;-1;-1;-1;-1;-1;-1;0;22;54;61;93;0;0;0;0;11;3.71;0;2.29;Jonava;Granitas Klaipėda;1.23;2.08;1.5;2.43;1.5;2.43;100;79;47;40;7;50;0;0;0;0;0;266;27;Y;Y;N;N;N;N;N
75894;1241;1263;2013;complete;372;6;-1;-1,-1,-1;-1;3;1;4;6;7;13;3;1;0;0;0;0;5;6;7;5;12;11;23;14;52;48;0;0;0;0;0;0;0;0;0;0;0;0;0;0;0;0;0;0;0;0;0;0;0;0;0;0;0;0;0;0;0;0;0;0;0;0;0;0;0;0;0;0;0;0;0;0;0;0;0;0;0;0;0;0;0;0;0;0;0;0;0;0;0;0;0;0;0;0;0;0;4;0;0;0;0;0;0;2013-06-05 16:00:00;1241;0;54;0;0;1;-1;-1;-1;-1;-1;-1;-1;-1;0;0;0;0;0;0;-1;0;0;0;0;0;0;0;-1;-1;-1;-1;-1;-1;-1;-1;-1;-1;-1;-1;-1;-1;-1;-1;-1;-1;-1;-1;-1;-1;-1;10;10;54;54;90;0;0;0;0;5;0.07;0;2.17;Nevėžis;Polonija;2.29;0.86;2;2;2.17;1.57;90;90;47;47;10;0;0;0;0;0;0;266;27;Y;Y;Y;Y;N;N;Y
75895;1253;1261;2013;complete;372;9;-1;-1,-1;;2;0;2;-1;-1;-1;-1;-1;-1;-1;-1;-1;-1;-1;-1;-1;-1;-1;-1;-1;-1;-1;-1;-1;0;0;0;0;0;0;0;0;0;0;0;0;0;0;0;0;0;0;0;0;0;0;0;0;0;0;0;0;0;0;0;0;0;0;0;0;0;0;0;0;0;0;0;0;0;0;0;0;0;0;0;0;0;0;0;0;0;0;0;0;0;0;0;0;0;0;0;0;2;0;0;0;0;0;0;2013-06-05 16:00:00;1253;0;30;0;0;1;-1;-1;-1;-1;-1;-1;-1;-1;-1;-1;-1;-1;-1;-1;-1;0;0;0;0;0;0;0;-1;-1;-1;-1;-1;-1;-1;-1;-1;-1;-1;-1;-1;-1;-1;-1;-1;-1;-1;-1;-1;-1;-1;0;20;30;40;65;0;0;0;0;1;4;0;1.55;Lokomotyvas Radviliškis;Žalgirietis;1.71;1.54;1;2;1;0.71;100;80;70;60;35;0;0;0;0;0;0;266;27;Y;Y;N;N;N;N;N
75896;1248;1252;2013;complete;372;9;-1;-1;;1;0;1;-1;-1;-1;-1;-1;-1;-1;-1;-1;-1;-1;-1;-1;-1;-1;-1;-1;-1;-1;-1;-1;0;0;0;0;0;0;0;0;0;0;0;0;0;0;0;0;0;0;0;0;0;0;0;0;0;0;0;0;0;0;0;0;0;0;0;0;0;0;0;0;0;0;0;0;0;0;0;0;0;0;0;0;0;0;0;0;0;0;0;0;0;0;0;0;0;0;0;0;1;0;0;0;0;0;0;2013-06-06 16:00:00;1248;0;57;0;0;1;-1;-1;-1;-1;-1;-1;-1;-1;-1;-1;-1;-1;-1;-1;-1;0;0;0;0;0;0;0;-1;-1;-1;-1;-1;-1;-1;-1;-1;-1;-1;-1;-1;-1;-1;-1;-1;-1;-1;-1;-1;-1;-1;20;30;57;90;90;0;0;0;0;1;0;0;2.87;Šilutė;Šilas;1.07;1.07;0.33;1;0.83;1.5;80;70;44;10;10;0;0;0;0;0;0;266;27;Y;N;N;N;N;N;N
75897;1235;1242;2013;complete;372;9;-1;-1;;1;0;1;4;2;6;1;3;0;0;0;0;4;5;6;5;10;10;27;9;48;52;0;0;0;0;0;0;0;0;0;0;0;0;0;0;0;0;0;0;0;0;0;0;0;0;0;0;0;0;0;0;0;0;0;0;0;0;0;0;0;0;0;0;0;0;0;0;0;0;0;0;0;0;0;0;0;0;0;0;0;0;0;0;0;0;0;0;0;0;0;0;1;0;0;0;0;0;0;2013-06-09 14:00:00;1235;0;38;0;0;1;-1;-1;-1;-1;-1;-1;-1;-1;0;0;0;0;0;0;-1;0;0;0;0;0;0;0;-1;-1;-1;-1;-1;-1;-1;-1;-1;-1;-1;-1;-1;-1;-1;-1;-1;-1;-1;-1;-1;-1;-1;13;25;38;38;50;0;0;0;0;0;0;0;2.13;Granitas Klaipėda;Palanga;2.36;0.29;0;0.25;2.5;0.14;38;25;13;13;0;0;0;0;0;0;0;266;27;Y;N;N;N;N;N;N
75898;1241;1262;2013;complete;372;9;-1;-1,-1,-1,-1;-1;4;1;5;7;2;9;4;3;0;0;0;0;8;2;8;5;16;7;12;5;52;48;0;0;0;0;0;0;0;0;0;0;0;0;0;0;0;0;0;0;0;0;0;0;0;0;0;0;0;0;0;0;0;0;0;0;0;0;0;0;0;0;0;0;0;0;0;0;0;0;0;0;0;0;0;0;0;0;0;0;0;0;0;0;0;0;0;0;0;0;0;0;5;0;0;0;0;0;0;2013-06-09 15:00:00;1241;0;42;0;0;1;-1;-1;-1;-1;-1;-1;-1;-1;0;0;0;0;0;0;-1;0;0;0;0;0;0;0;-1;-1;-1;-1;-1;-1;-1;-1;-1;-1;-1;-1;-1;-1;-1;-1;-1;-1;-1;-1;-1;-1;-1;9;17;25;59;75;0;0;0;0;5;0;0;1.83;Nevėžis;Baltija;2.29;0.79;2.17;0.67;2.29;0.63;92;84;75;42;25;25;25;25;0;0;0;266;27;Y;Y;Y;Y;Y;N;Y
75899;1232;1228;2013;complete;372;9;-1;-1;-1,-1;1;2;3;8;4;12;5;2;0;0;0;0;8;0;4;9;12;9;16;24;48;52;0;0;0;0;0;0;0;0;0;0;0;0;0;0;0;0;0;0;0;0;0;0;0;0;0;0;0;0;0;0;0;0;0;0;0;0;0;0;0;0;0;0;0;0;0;0;0;0;0;0;0;0;0;0;0;0;0;0;0;0;0;0;0;0;0;0;0;0;0;0;3;0;0;0;0;0;0;2013-06-09 15:00:00;1228;0;42;0;0;1;-1;-1;-1;-1;-1;-1;-1;-1;0;0;0;0;0;0;-1;0;0;0;0;0;0;0;-1;-1;-1;-1;-1;-1;-1;-1;-1;-1;-1;-1;-1;-1;-1;-1;-1;-1;-1;-1;-1;-1;-1;13;13;42;71;100;0;0;0;0;7.5;0.75;0;2.63;Trakai;Jonava;1.64;1.5;1;1.5;2.25;1.29;88;88;59;29;0;50;25;25;0;0;0;266;27;Y;Y;Y;N;N;N;Y
75900;1263;1231;2013;complete;372;9;-1;-1;-1,-1,-1,-1,-1,-1,-1;1;7;8;4;10;14;3;7;0;0;0;0;4;8;3;5;7;13;13;15;52;48;0;0;0;0;0;0;0;0;0;0;0;0;0;0;0;0;0;0;0;0;0;0;0;0;0;0;0;0;0;0;0;0;0;0;0;0;0;0;0;0;0;0;0;0;0;0;0;0;0;0;0;0;0;0;0;0;0;0;0;0;0;0;0;0;0;0;0;0;0;0;8;0;0;0;0;0;0;2013-06-12 16:00:00;1231;0;13;0;0;1;-1;-1;-1;-1;-1;-1;-1;-1;0;0;0;0;0;0;-1;0;0;0;0;0;0;0;-1;-1;-1;-1;-1;-1;-1;-1;-1;-1;-1;-1;-1;-1;-1;-1;-1;-1;-1;-1;-1;-1;-1;13;25;25;25;88;0;0;0;0;0;0;0;1.75;Polonija;Kauno Žalgiris;1.15;1.21;1.25;3;1.38;2;88;75;75;75;13;0;0;0;0;0;0;266;27;Y;Y;Y;Y;Y;Y;Y
75901;1261;1242;2013;complete;372;10;-1;;-1;0;1;1;9;2;11;2;3;0;0;0;0;7;3;7;2;14;5;20;21;47;53;0;0;0;0;0;0;0;0;0;0;0;0;0;0;0;0;0;0;0;0;0;0;0;0;0;0;0;0;0;0;0;0;0;0;0;0;0;0;0;0;0;0;0;0;0;0;0;0;0;0;0;0;0;0;0;0;0;0;0;0;0;0;0;0;0;0;0;0;0;0;1;0;0;0;0;0;0;2013-06-14 17:30:00;1242;0;50;0;0;1;-1;-1;-1;-1;-1;-1;-1;-1;0;0;0;0;0;0;-1;0;0;0;0;0;0;0;-1;-1;-1;-1;-1;-1;-1;-1;-1;-1;-1;-1;-1;-1;-1;-1;-1;-1;-1;-1;-1;-1;-1;10;30;50;70;90;0;0;0;0;8;1.2;0;2.9;Žalgirietis;Palanga;1.29;0.29;0.2;0.2;0.63;0.13;90;70;50;30;10;0;0;0;0;0;0;266;27;Y;N;N;N;N;N;N
75902;1235;1248;2013;complete;372;10;-1;-1;-1;1;1;2;4;5;9;2;1;0;0;0;0;9;6;12;11;21;17;14;15;52;48;0;0;0;0;0;0;0;0;0;0;0;0;0;0;0;0;0;0;0;0;0;0;0;0;0;0;0;0;0;0;0;0;0;0;0;0;0;0;0;0;0;0;0;0;0;0;0;0;0;0;0;0;0;0;0;0;0;0;0;0;0;0;0;0;0;0;0;0;0;0;2;0;0;0;0;0;0;2013-06-15 14:00:00;-1;0;17;0;0;1;-1;-1;-1;-1;-1;-1;-1;-1;0;0;0;0;0;0;-1;0;0;0;0;0;0;0;-1;-1;-1;-1;-1;-1;-1;-1;-1;-1;-1;-1;-1;-1;-1;-1;-1;-1;-1;-1;-1;-1;-1;0;0;17;17;84;0;0;0;0;11;1;0;1.17;Granitas Klaipėda;Šilutė;2.36;1;3;1.33;2.56;1.14;100;100;84;84;17;50;50;0;0;0;0;266;27;Y;Y;N;N;N;N;Y
75903;1228;1241;2013;complete;372;10;-1;-1,-1;;2;0;2;6;7;13;5;1;0;0;0;0;3;5;6;7;9;12;19;13;51;49;0;0;0;0;0;0;0;0;0;0;0;0;0;0;0;0;0;0;0;0;0;0;0;0;0;0;0;0;0;0;0;0;0;0;0;0;0;0;0;0;0;0;0;0;0;0;0;0;0;0;0;0;0;0;0;0;0;0;0;0;0;0;0;0;0;0;0;0;0;0;2;0;0;0;0;0;0;2013-06-15 14:00:00;1228;0;17;0;0;1;-1;-1;-1;-1;-1;-1;-1;-1;0;0;0;0;0;0;-1;0;0;0;0;0;0;0;-1;-1;-1;-1;-1;-1;-1;-1;-1;-1;-1;-1;-1;-1;-1;-1;-1;-1;-1;-1;-1;-1;-1;0;0;17;84;100;0;0;0;0;5.5;2.67;0;2;Jonava;Nevėžis;1.23;1.54;1;3;1.5;2.38;100;100;84;17;0;25;25;25;0;0;0;266;27;Y;Y;N;N;N;N;N
75904;1262;1253;2013;complete;372;10;-1;-1;-1,-1;1;2;3;2;8;10;1;2;0;0;0;0;5;3;7;12;12;15;18;14;53;47;0;0;0;0;0;0;0;0;0;0;0;0;0;0;0;0;0;0;0;0;0;0;0;0;0;0;0;0;0;0;0;0;0;0;0;0;0;0;0;0;0;0;0;0;0;0;0;0;0;0;0;0;0;0;0;0;0;0;0;0;0;0;0;0;0;0;0;0;0;0;3;0;0;0;0;0;0;2013-06-16 09:00:00;1253;0;47;0;0;1;-1;-1;-1;-1;-1;-1;-1;-1;0;0;0;0;0;0;-1;0;0;0;0;0;0;0;-1;-1;-1;-1;-1;-1;-1;-1;-1;-1;-1;-1;-1;-1;-1;-1;-1;-1;-1;-1;-1;-1;-1;44;54;64;64;100;0;0;0;0;13;0.33;0;3.64;Baltija;Lokomotyvas Radviliškis;1;1.31;0.6;1;0.56;1.22;57;47;37;37;0;75;50;50;0;0;0;266;27;Y;Y;Y;N;N;N;Y
75905;1252;1263;2013;complete;372;10;-1;-1,-1,-1,-1;;4;0;4;7;4;11;7;3;0;0;0;0;6;3;6;5;12;8;34;16;52;48;0;0;0;0;0;0;0;0;0;0;0;0;0;0;0;0;0;0;0;0;0;0;0;0;0;0;0;0;0;0;0;0;0;0;0;0;0;0;0;0;0;0;0;0;0;0;0;0;0;0;0;0;0;0;0;0;0;0;0;0;0;0;0;0;0;0;0;0;0;0;4;0;0;0;0;0;0;2013-06-16 09:00:00;1252;0;54;0;0;1;-1;-1;-1;-1;-1;-1;-1;-1;0;0;0;0;0;0;-1;0;0;0;0;0;0;0;-1;-1;-1;-1;-1;-1;-1;-1;-1;-1;-1;-1;-1;-1;-1;-1;-1;-1;-1;-1;-1;-1;-1;0;13;38;54;100;0;0;0;0;6;1.08;0;2.04;Šilas;Polonija;2.46;0.86;2.33;1.5;1.33;1.22;100;88;63;46;0;75;25;25;0;0;0;266;27;Y;Y;Y;Y;N;N;N
75906;1231;1232;2013;complete;372;10;-1;-1,-1;-1;2;1;3;11;4;15;0;0;0;0;0;0;4;4;6;5;10;9;16;15;47;53;0;0;0;0;0;0;0;0;0;0;0;0;0;0;0;0;0;0;0;0;0;0;0;0;0;0;0;0;0;0;0;0;0;0;0;0;0;0;0;0;0;0;0;0;0;0;0;0;0;0;0;0;0;0;0;0;0;0;0;0;0;0;0;0;0;0;0;0;0;0;3;0;0;0;0;0;0;2013-06-16 15:00:00;1231;0;40;0;0;1;-1;-1;-1;-1;-1;-1;-1;-1;0;0;0;0;0;0;-1;0;0;0;0;0;0;0;-1;-1;-1;-1;-1;-1;-1;-1;-1;-1;-1;-1;-1;-1;-1;-1;-1;-1;-1;-1;-1;-1;-1;30;30;50;70;90;0;0;0;0;5;0;0;2.8;Kauno Žalgiris;Trakai;1.77;2.08;1.4;3;2.11;2;70;70;50;30;10;50;50;25;0;0;0;266;27;Y;Y;Y;N;N;N;Y
75907;1242;1248;2013;complete;372;2;-1;-1;-1,-1,-1;1;3;4;7;1;8;1;5;0;0;0;0;9;4;8;7;17;11;23;17;53;47;0;0;0;0;0;0;0;0;0;0;0;0;0;0;0;0;0;0;0;0;0;0;0;0;0;0;0;0;0;0;0;0;0;0;0;0;0;0;0;0;0;0;0;0;0;0;0;0;0;0;0;0;0;0;0;0;0;0;0;0;0;0;0;0;0;0;0;0;0;0;4;0;0;0;0;0;0;2013-06-19 16:00:00;1248;0;59;0;0;1;-1;-1;-1;-1;-1;-1;-1;-1;0;0;0;0;0;0;-1;0;0;0;0;0;0;0;-1;-1;-1;-1;-1;-1;-1;-1;-1;-1;-1;-1;-1;-1;-1;-1;-1;-1;-1;-1;-1;-1;-1;34;34;46;59;88;0;0;0;0;10;1.25;0;3.09;Palanga;Šilutė;0.62;1;0;1.25;0.44;1.13;67;67;54;42;13;100;75;50;0;0;0;266;27;Y;Y;Y;Y;N;N;Y
75908;1228;1261;2013;complete;372;4;-1;-1,-1;-1,-1,-1;2;3;5;7;2;9;2;3;0;0;0;0;3;3;7;5;10;8;13;28;52;48;0;0;0;0;0;0;0;0;0;0;0;0;0;0;0;0;0;0;0;0;0;0;0;0;0;0;0;0;0;0;0;0;0;0;0;0;0;0;0;0;0;0;0;0;0;0;0;0;0;0;0;0;0;0;0;0;0;0;0;0;0;0;0;0;0;0;0;0;0;0;5;0;0;0;0;0;0;2013-06-19 16:00:00;1261;0;13;0;0;1;-1;-1;-1;-1;-1;-1;-1;-1;0;0;0;0;0;0;-1;0;0;0;0;0;0;0;-1;-1;-1;-1;-1;-1;-1;-1;-1;-1;-1;-1;-1;-1;-1;-1;-1;-1;-1;-1;-1;-1;-1;0;0;13;54;84;0;0;0;0;6.67;7;0;1.5;Jonava;Žalgirietis;1.23;1.54;1.5;1.33;1.67;0.56;100;100;88;46;17;34;34;34;0;0;0;266;27;Y;Y;Y;Y;Y;N;Y
75909;1231;1241;2013;complete;372;11;-1;-1,-1;-1,-1;2;2;4;8;5;13;3;1;0;0;0;0;3;4;6;3;9;7;14;17;50;50;0;0;0;0;0;0;0;0;0;0;0;0;0;0;0;0;0;0;0;0;0;0;0;0;0;0;0;0;0;0;0;0;0;0;0;0;0;0;0;0;0;0;0;0;0;0;0;0;0;0;0;0;0;0;0;0;0;0;0;0;0;0;0;0;0;0;0;0;0;0;4;0;0;0;0;0;0;2013-06-21 16:00:00;-1;0;34;0;0;1;-1;-1;-1;-1;-1;-1;-1;-1;0;0;0;0;0;0;-1;0;0;0;0;0;0;0;-1;-1;-1;-1;-1;-1;-1;-1;-1;-1;-1;-1;-1;-1;-1;-1;-1;-1;-1;-1;-1;-1;-1;17;17;34;84;92;0;0;0;0;12;0;0;2.42;Kauno Žalgiris;Nevėžis;1.77;1.54;1.67;1.5;2.2;2.11;84;84;67;17;9;100;100;84;0;0;0;266;27;Y;Y;Y;Y;N;N;Y
75910;1248;1261;2013;complete;372;11;-1;;;0;0;0;-1;-1;-1;-1;-1;-1;-1;-1;-1;-1;-1;-1;-1;-1;-1;-1;-1;-1;-1;-1;-1;0;0;0;0;0;0;0;0;0;0;0;0;0;0;0;0;0;0;0;0;0;0;0;0;0;0;0;0;0;0;0;0;0;0;0;0;0;0;0;0;0;0;0;0;0;0;0;0;0;0;0;0;0;0;0;0;0;0;0;0;0;0;0;0;0;0;0;0;0;0;0;0;0;0;0;2013-06-22 13:00:00;-1;0;25;0;0;0;-1;-1;-1;-1;-1;-1;-1;-1;-1;-1;-1;-1;-1;-1;-1;0;0;0;0;0;0;0;0;0;0;0;0;0;1;1;0;0;-1;-1;-1;-1;-1;-1;-1;-1;-1;-1;-1;-1;-1;13;13;25;63;88;0;0;0;0;1.5;2;0;2;Šilutė;Žalgirietis;1.07;1.54;1;1.75;1.33;0.8;88;88;75;38;13;25;0;0;0;0;0;266;27;N;N;N;N;N;N;N
75911;1232;1252;2013;complete;372;11;-1;-1;-1,-1;1;2;3;-1;-1;-1;-1;-1;-1;-1;-1;-1;-1;-1;-1;-1;-1;-1;-1;-1;-1;-1;-1;-1;0;0;0;0;0;0;0;0;0;0;0;0;0;0;0;0;0;0;0;0;0;0;0;0;0;0;0;0;0;0;0;0;0;0;0;0;0;0;0;0;0;0;0;0;0;0;0;0;0;0;0;0;0;0;0;0;0;0;0;0;0;0;0;0;0;0;0;0;3;0;0;0;0;0;0;2013-06-22 15:00:00;1252;0;59;0;0;1;-1;-1;-1;-1;-1;-1;-1;-1;-1;-1;-1;-1;-1;-1;-1;0;0;0;0;0;0;0;-1;-1;-1;-1;-1;-1;-1;-1;-1;-1;-1;-1;-1;-1;-1;-1;-1;-1;-1;-1;-1;-1;-1;17;25;59;71;92;0;0;0;0;9;0;0;2.63;Trakai;Šilas;1.64;1.07;0.75;0.83;1.8;1.5;84;75;42;29;9;50;50;50;0;0;0;266;27;Y;Y;Y;N;N;N;Y
75912;1235;1263;2013;complete;372;11;-1;-1,-1,-1,-1,-1,-1,-1,-1;-1,-1;8;2;10;4;5;9;8;2;0;0;0;0;5;5;5;6;10;11;15;6;47;53;0;0;0;0;0;0;0;0;0;0;0;0;0;0;0;0;0;0;0;0;0;0;0;0;0;0;0;0;0;0;0;0;0;0;0;0;0;0;0;0;0;0;0;0;0;0;0;0;0;0;0;0;0;0;0;0;0;0;0;0;0;0;0;0;0;0;0;0;0;0;10;0;0;0;0;0;0;2013-06-23 13:00:00;1235;0;55;0;0;1;-1;-1;-1;-1;-1;-1;-1;-1;0;0;0;0;0;0;-1;0;0;0;0;0;0;0;-1;-1;-1;-1;-1;-1;-1;-1;-1;-1;-1;-1;-1;-1;-1;-1;-1;-1;-1;-1;-1;-1;-1;0;20;40;65;100;0;0;0;0;8;2.7;0;2.25;Granitas Klaipėda;Polonija;2.36;0.86;2;1.2;2.4;1.1;100;80;60;35;0;59;34;34;0;0;0;266;27;Y;Y;Y;Y;Y;Y;Y
75913;1242;1253;2013;complete;372;11;-1;-1,-1;-1,-1;2;2;4;1;6;7;5;6;0;0;0;0;5;9;5;9;10;18;15;13;48;52;0;0;0;0;0;0;0;0;0;0;0;0;0;0;0;0;0;0;0;0;0;0;0;0;0;0;0;0;0;0;0;0;0;0;0;0;0;0;0;0;0;0;0;0;0;0;0;0;0;0;0;0;0;0;0;0;0;0;0;0;0;0;0;0;0;0;0;0;0;0;4;0;0;0;0;0;0;2013-06-23 14:00:00;-1;0;63;0;0;1;-1;-1;-1;-1;-1;-1;-1;-1;0;0;0;0;0;0;-1;0;0;0;0;0;0;0;-1;-1;-1;-1;-1;-1;-1;-1;-1;-1;-1;-1;-1;-1;-1;-1;-1;-1;-1;-1;-1;-1;-1;50;63;75;75;100;0;0;0;0;15;1;0;4;Palanga;Lokomotyvas Radviliškis;0.62;1.31;0;1.5;0.4;1.4;50;38;25;25;0;75;75;50;0;0;0;266;27;Y;Y;Y;Y;N;N;Y
75914;1252;1241;2013;complete;372;12;-1;;;0;0;0;-1;-1;-1;-1;-1;-1;-1;-1;-1;-1;-1;-1;-1;-1;-1;-1;-1;-1;-1;-1;-1;0;0;0;0;0;0;0;0;0;0;0;0;0;0;0;0;0;0;0;0;0;0;0;0;0;0;0;0;0;0;0;0;0;0;0;0;0;0;0;0;0;0;0;0;0;0;0;0;0;0;0;0;0;0;0;0;0;0;0;0;0;0;0;0;0;0;0;0;0;0;0;0;0;0;0;2013-06-28 16:00:00;-1;0;29;0;0;0;-1;-1;-1;-1;-1;-1;-1;-1;-1;-1;-1;-1;-1;-1;-1;0;0;0;0;0;0;0;0;0;0;0;0;0;1;1;0;0;-1;-1;-1;-1;-1;-1;-1;-1;-1;-1;-1;-1;-1;0;29;29;75;100;0;0;0;0;10.5;2.33;0;2.34;Šilas;Nevėžis;2.46;1.54;2.5;1.33;1.64;2;100;71;71;25;0;100;75;75;0;0;0;266;27;N;N;N;N;N;N;N
75915;1242;1262;2013;complete;372;12;-1;;-1;0;1;1;-1;-1;-1;-1;-1;-1;-1;-1;-1;-1;-1;-1;-1;-1;-1;-1;-1;-1;-1;-1;-1;0;0;0;0;0;0;0;0;0;0;0;0;0;0;0;0;0;0;0;0;0;0;0;0;0;0;0;0;0;0;0;0;0;0;0;0;0;0;0;0;0;0;0;0;0;0;0;0;0;0;0;0;0;0;0;0;0;0;0;0;0;0;0;0;0;0;0;0;1;0;0;0;0;0;0;2013-06-29 14:00:00;1262;0;65;0;0;1;-1;-1;-1;-1;-1;-1;-1;-1;-1;-1;-1;-1;-1;-1;-1;0;0;0;0;0;0;0;-1;-1;-1;-1;-1;-1;-1;-1;-1;-1;-1;-1;-1;-1;-1;-1;-1;-1;-1;-1;-1;-1;-1;33;53;53;78;88;0;0;0;0;6;1.8;0;3.33;Palanga;Baltija;0.62;0.79;0.2;0.5;0.45;0.5;68;48;48;23;13;67;17;17;0;0;0;266;27;Y;N;N;N;N;N;N
75916;1248;1253;2013;complete;372;12;-1;;-1,-1,-1;0;3;3;-1;-1;-1;-1;-1;-1;-1;-1;-1;-1;-1;-1;-1;-1;-1;-1;-1;-1;-1;-1;-1;0;0;0;0;0;0;0;0;0;0;0;0;0;0;0;0;0;0;0;0;0;0;0;0;0;0;0;0;0;0;0;0;0;0;0;0;0;0;0;0;0;0;0;0;0;0;0;0;0;0;0;0;0;0;0;0;0;0;0;0;0;0;0;0;0;0;0;0;3;0;0;0;0;0;0;2013-06-29 14:00:00;1253;0;40;0;0;1;-1;-1;-1;-1;-1;-1;-1;-1;-1;-1;-1;-1;-1;-1;-1;0;0;0;0;0;0;0;-1;-1;-1;-1;-1;-1;-1;-1;-1;-1;-1;-1;-1;-1;-1;-1;-1;-1;-1;-1;-1;-1;-1;20;30;50;70;90;0;0;0;0;8.33;0.2;0;2.6;Šilutė;Lokomotyvas Radviliškis;1.07;1.31;1;1.4;1.3;1.36;80;70;50;30;10;34;34;17;0;0;0;266;27;Y;Y;Y;N;N;N;N
75917;1235;1232;2013;complete;372;12;-1;-1;-1;1;1;2;-1;-1;-1;-1;-1;-1;-1;-1;-1;-1;-1;-1;-1;-1;-1;-1;-1;-1;-1;-1;-1;0;0;0;0;0;0;0;0;0;0;0;0;0;0;0;0;0;0;0;0;0;0;0;0;0;0;0;0;0;0;0;0;0;0;0;0;0;0;0;0;0;0;0;0;0;0;0;0;0;0;0;0;0;0;0;0;0;0;0;0;0;0;0;0;0;0;0;0;2;0;0;0;0;0;0;2013-06-29 14:00:00;-1;0;50;0;0;1;-1;-1;-1;-1;-1;-1;-1;-1;-1;-1;-1;-1;-1;-1;-1;0;0;0;0;0;0;0;-1;-1;-1;-1;-1;-1;-1;-1;-1;-1;-1;-1;-1;-1;-1;-1;-1;-1;-1;-1;-1;-1;-1;25;25;42;75;100;0;0;0;0;7.5;3;0;3.58;Granitas Klaipėda;Trakai;2.36;2.08;2.33;2.5;2.45;1.64;75;75;59;25;0;59;25;25;0;0;0;266;27;Y;Y;N;N;N;N;Y
75918;1232;1261;2013;complete;372;13;-1;;-1;0;1;1;4;3;7;1;4;0;0;0;0;3;0;7;8;10;8;16;14;48;52;0;0;0;0;0;0;0;0;0;0;0;0;0;0;0;0;0;0;0;0;0;0;0;0;0;0;0;0;0;0;0;0;0;0;0;0;0;0;0;0;0;0;0;0;0;0;0;0;0;0;0;0;0;0;0;0;0;0;0;0;0;0;0;0;0;0;0;0;0;0;1;0;0;0;0;0;0;2013-07-02 15:00:00;1261;0;40;0;0;1;-1;-1;-1;-1;-1;-1;-1;-1;0;0;0;0;0;0;-1;0;0;0;0;0;0;0;-1;-1;-1;-1;-1;-1;-1;-1;-1;-1;-1;-1;-1;-1;-1;-1;-1;-1;-1;-1;-1;-1;-1;10;10;40;60;80;0;0;0;0;9.5;2.4;0;2;Trakai;Žalgirietis;1.64;1.54;0.6;1.6;1.58;0.82;90;90;60;40;20;75;50;50;0;0;0;266;27;Y;N;N;N;N;N;N
75919;1235;1241;2013;complete;372;13;-1;-1,-1,-1;-1,-1;3;2;5;-1;-1;-1;-1;-1;-1;-1;-1;-1;-1;-1;-1;-1;-1;-1;-1;-1;-1;-1;-1;-1;0;0;0;0;0;0;0;0;0;0;0;0;0;0;0;0;0;0;0;0;0;0;0;0;0;0;0;0;0;0;0;0;0;0;0;0;0;0;0;0;0;0;0;0;0;0;0;0;0;0;0;0;0;0;0;0;0;0;0;0;0;0;0;0;0;0;0;0;5;0;0;0;0;0;0;2013-07-02 16:00:00;1235;0;50;0;0;1;-1;-1;-1;-1;-1;-1;-1;-1;-1;-1;-1;-1;-1;-1;-1;0;0;0;0;0;0;0;-1;-1;-1;-1;-1;-1;-1;-1;-1;-1;-1;-1;-1;-1;-1;-1;-1;-1;-1;-1;-1;-1;-1;13;25;25;75;88;0;0;0;0;10;2.5;0;2.88;Granitas Klaipėda;Nevėžis;2.36;1.54;2;1.25;2.33;1.91;88;75;75;25;13;84;50;50;0;0;0;266;27;Y;Y;Y;Y;Y;N;Y
75920;1253;1263;2013;complete;372;13;-1;-1,-1,-1;-1,-1;3;2;5;-1;-1;-1;-1;-1;-1;-1;-1;-1;-1;-1;-1;-1;-1;-1;-1;-1;-1;-1;-1;-1;0;0;0;0;0;0;0;0;0;0;0;0;0;0;0;0;0;0;0;0;0;0;0;0;0;0;0;0;0;0;0;0;0;0;0;0;0;0;0;0;0;0;0;0;0;0;0;0;0;0;0;0;0;0;0;0;0;0;0;0;0;0;0;0;0;0;0;0;5;0;0;0;0;0;0;2013-07-02 16:00:00;1253;0;59;0;0;1;-1;-1;-1;-1;-1;-1;-1;-1;-1;-1;-1;-1;-1;-1;-1;0;0;0;0;0;0;0;-1;-1;-1;-1;-1;-1;-1;-1;-1;-1;-1;-1;-1;-1;-1;-1;-1;-1;-1;-1;-1;-1;-1;9;42;67;83;92;0;0;0;0;4.25;0.33;0;3.34;Lokomotyvas Radviliškis;Polonija;1.71;0.86;1.33;1;1.5;1;92;59;34;17;9;38;25;25;0;0;0;266;27;Y;Y;Y;Y;Y;N;Y
75921;1248;1242;2013;complete;372;13;-1;-1;;1;0;1;-1;-1;-1;-1;-1;-1;-1;-1;-1;-1;-1;-1;-1;-1;-1;-1;-1;-1;-1;-1;-1;0;0;0;0;0;0;0;0;0;0;0;0;0;0;0;0;0;0;0;0;0;0;0;0;0;0;0;0;0;0;0;0;0;0;0;0;0;0;0;0;0;0;0;0;0;0;0;0;0;0;0;0;0;0;0;0;0;0;0;0;0;0;0;0;0;0;0;0;1;0;0;0;0;0;0;2013-07-02 16:00:00;1248;0;34;0;0;1;-1;-1;-1;-1;-1;-1;-1;-1;-1;-1;-1;-1;-1;-1;-1;0;0;0;0;0;0;0;-1;-1;-1;-1;-1;-1;-1;-1;-1;-1;-1;-1;-1;-1;-1;-1;-1;-1;-1;-1;-1;-1;-1;9;17;42;59;92;0;0;0;0;2;0;0;2.5;Šilutė;Palanga;1.07;0.29;0.83;0.67;1.18;0.42;92;84;59;42;9;25;25;25;0;0;0;266;27;Y;N;N;N;N;N;N
75922;1231;1262;2013;complete;372;13;-1;-1,-1,-1,-1,-1;-1;5;1;6;-1;-1;-1;-1;-1;-1;-1;-1;-1;-1;-1;-1;-1;-1;-1;-1;-1;-1;-1;-1;-1;0;0;0;0;0;0;0;0;0;0;0;0;0;0;0;0;0;0;0;0;0;0;0;0;0;0;0;0;0;0;0;0;0;0;0;0;0;0;0;0;0;0;0;0;0;0;0;0;0;0;0;0;0;0;0;0;0;0;0;0;0;0;0;0;0;0;0;0;6;0;0;0;0;0;0;2013-07-03 16:00:00;1231;0;56;0;0;1;-1;-1;-1;-1;-1;-1;-1;-1;-1;-1;-1;-1;-1;-1;-1;0;0;0;0;0;0;0;-1;-1;-1;-1;-1;-1;-1;-1;-1;-1;-1;-1;-1;-1;-1;-1;-1;-1;-1;-1;-1;-1;-1;25;32;46;66;83;0;0;0;0;7.75;0.23;0;2.5;Kauno Žalgiris;Baltija;1.77;0.79;1.57;1;2.09;0.73;76;69;55;35;17;100;50;38;0;0;0;266;27;Y;Y;Y;Y;Y;Y;Y
75923;1242;1263;2013;complete;372;14;-1;-1;-1,-1,-1;1;3;4;9;5;14;10;6;0;0;0;0;6;4;9;10;15;14;16;19;53;47;0;0;0;0;0;0;0;0;0;0;0;0;0;0;0;0;0;0;0;0;0;0;0;0;0;0;0;0;0;0;0;0;0;0;0;0;0;0;0;0;0;0;0;0;0;0;0;0;0;0;0;0;0;0;0;0;0;0;0;0;0;0;0;0;0;0;0;0;0;0;4;0;0;0;0;0;0;2013-07-06 14:00:00;1263;0;69;0;0;1;-1;-1;-1;-1;-1;-1;-1;-1;0;0;0;0;0;0;-1;0;0;0;0;0;0;0;-1;-1;-1;-1;-1;-1;-1;-1;-1;-1;-1;-1;-1;-1;-1;-1;-1;-1;-1;-1;-1;-1;-1;31;62;77;77;100;0;0;0;0;8.25;2.33;0;4.06;Palanga;Polonija;0.62;0.86;0.17;0.86;0.38;0.92;69;38;24;24;0;54;42;42;0;0;0;266;27;Y;Y;Y;Y;N;N;Y
75924;1235;1228;2013;complete;372;14;-1;;;0;0;0;-1;-1;-1;-1;-1;-1;-1;-1;-1;-1;-1;-1;-1;-1;-1;-1;-1;-1;-1;-1;-1;0;0;0;0;0;0;0;0;0;0;0;0;0;0;0;0;0;0;0;0;0;0;0;0;0;0;0;0;0;0;0;0;0;0;0;0;0;0;0;0;0;0;0;0;0;0;0;0;0;0;0;0;0;0;0;0;0;0;0;0;0;0;0;0;0;0;0;0;0;0;0;0;0;0;0;2013-07-06 14:00:00;-1;0;70;0;0;0;-1;-1;-1;-1;-1;-1;-1;-1;-1;-1;-1;-1;-1;-1;-1;0;0;0;0;0;0;0;0;0;0;0;0;0;1;1;0;0;-1;-1;-1;-1;-1;-1;-1;-1;-1;-1;-1;-1;-1;30;30;50;80;100;0;0;0;0;10.33;3.6;0;3.6;Granitas Klaipėda;Jonava;2.36;1.5;2.2;1.8;2.38;1.5;70;70;50;20;0;84;34;34;0;0;0;266;27;N;N;N;N;N;N;N
75925;1232;1253;2013;complete;372;14;-1;-1,-1,-1,-1;;4;0;4;3;11;14;2;2;0;0;0;0;3;2;5;15;8;17;22;17;51;49;0;0;0;0;0;0;0;0;0;0;0;0;0;0;0;0;0;0;0;0;0;0;0;0;0;0;0;0;0;0;0;0;0;0;0;0;0;0;0;0;0;0;0;0;0;0;0;0;0;0;0;0;0;0;0;0;0;0;0;0;0;0;0;0;0;0;0;0;0;0;4;0;0;0;0;0;0;2013-07-06 15:00:00;1232;0;50;0;0;1;-1;-1;-1;-1;-1;-1;-1;-1;0;0;0;0;0;0;-1;0;0;0;0;0;0;0;-1;-1;-1;-1;-1;-1;-1;-1;-1;-1;-1;-1;-1;-1;-1;-1;-1;-1;-1;-1;-1;-1;-1;17;25;67;75;100;0;0;0;0;14.33;1.16;0;2.84;Trakai;Lokomotyvas Radviliškis;1.64;1.31;0.5;1.67;1.46;1.62;84;75;34;25;0;59;59;42;0;0;0;266;27;Y;Y;Y;Y;N;N;N
75926;1241;1261;2013;complete;372;14;-1;-1,-1,-1;-1,-1;3;2;5;3;8;11;1;2;0;0;0;0;4;6;10;7;14;13;17;23;49;51;0;0;0;0;0;0;0;0;0;0;0;0;0;0;0;0;0;0;0;0;0;0;0;0;0;0;0;0;0;0;0;0;0;0;0;0;0;0;0;0;0;0;0;0;0;0;0;0;0;0;0;0;0;0;0;0;0;0;0;0;0;0;0;0;0;0;0;0;0;0;5;0;0;0;0;0;0;2013-07-06 15:00:00;1241;0;37;0;0;1;-1;-1;-1;-1;-1;-1;-1;-1;0;0;0;0;0;0;-1;0;0;0;0;0;0;0;-1;-1;-1;-1;-1;-1;-1;-1;-1;-1;-1;-1;-1;-1;-1;-1;-1;-1;-1;-1;-1;-1;-1;23;30;37;45;77;0;0;0;0;7.67;3.07;0;2.11;Nevėžis;Žalgirietis;2.29;1.54;2.29;1.83;1.75;1;77;70;63;55;24;50;17;17;0;0;0;266;27;Y;Y;Y;Y;Y;N;Y
75927;1262;1248;2013;complete;372;14;-1;-1;;1;0;1;8;2;10;4;6;0;0;0;0;9;4;12;8;21;12;12;10;48;52;0;0;0;0;0;0;0;0;0;0;0;0;0;0;0;0;0;0;0;0;0;0;0;0;0;0;0;0;0;0;0;0;0;0;0;0;0;0;0;0;0;0;0;0;0;0;0;0;0;0;0;0;0;0;0;0;0;0;0;0;0;0;0;0;0;0;0;0;0;0;1;0;0;0;0;0;0;2013-07-07 13:00:00;1262;0;64;0;0;1;-1;-1;-1;-1;-1;-1;-1;-1;0;0;0;0;0;0;-1;0;0;0;0;0;0;0;-1;-1;-1;-1;-1;-1;-1;-1;-1;-1;-1;-1;-1;-1;-1;-1;-1;-1;-1;-1;-1;-1;-1;9;27;54;64;90;0;0;0;0;6.33;2.2;0;2.75;Baltija;Šilutė;1;1;0.5;1.6;0.67;1.33;92;74;47;37;10;67;33;0;0;0;0;266;27;Y;N;N;N;N;N;N
75928;1252;1231;2013;complete;372;14;-1;-1,-1;;2;0;2;7;2;9;3;4;0;0;0;0;4;0;7;4;11;4;13;11;49;51;0;0;0;0;0;0;0;0;0;0;0;0;0;0;0;0;0;0;0;0;0;0;0;0;0;0;0;0;0;0;0;0;0;0;0;0;0;0;0;0;0;0;0;0;0;0;0;0;0;0;0;0;0;0;0;0;0;0;0;0;0;0;0;0;0;0;0;0;0;0;2;0;0;0;0;0;0;2013-07-08 16:00:00;1252;0;23;0;0;1;-1;-1;-1;-1;-1;-1;-1;-1;0;0;0;0;0;0;-1;0;0;0;0;0;0;0;-1;-1;-1;-1;-1;-1;-1;-1;-1;-1;-1;-1;-1;-1;-1;-1;-1;-1;-1;-1;-1;-1;-1;13;23;23;33;90;0;0;0;0;14.5;2.4;0;2.18;Šilas;Kauno Žalgiris;2.46;1.21;2.2;3;1.58;2.17;88;78;78;68;10;100;75;75;0;0;0;266;27;Y;Y;N;N;N;N;N
75929;1252;1262;2013;complete;372;15;-1;-1,-1,-1,-1;-1,-1;4;2;6;-1;-1;-1;-1;-1;-1;-1;-1;-1;-1;-1;-1;-1;-1;-1;-1;-1;-1;-1;-1;-1;0;0;0;0;0;0;0;0;0;0;0;0;0;0;0;0;0;0;0;0;0;0;0;0;0;0;0;0;0;0;0;0;0;0;0;0;0;0;0;0;0;0;0;0;0;0;0;0;0;0;0;0;0;0;0;0;0;0;0;0;0;0;0;0;0;0;0;0;6;0;0;0;0;0;0;2013-08-02 15:30:00;1252;0;34;0;0;1;-1;-1;-1;-1;-1;-1;-1;-1;-1;-1;-1;-1;-1;-1;-1;0;0;0;0;0;0;0;-1;-1;-1;-1;-1;-1;-1;-1;-1;-1;-1;-1;-1;-1;-1;-1;-1;-1;-1;-1;-1;-1;-1;17;25;25;59;83;0;0;0;0;7.33;1.34;0;2.17;Šilas;Baltija;2.46;0.79;2.33;0.83;1.69;0.85;84;75;75;42;17;100;17;17;0;0;0;266;27;Y;Y;Y;Y;Y;Y;Y
75930;1253;1241;2013;complete;372;15;-1;-1;-1;1;1;2;-1;-1;-1;-1;-1;-1;-1;-1;-1;-1;-1;-1;-1;-1;-1;-1;-1;-1;-1;-1;-1;0;0;0;0;0;0;0;0;0;0;0;0;0;0;0;0;0;0;0;0;0;0;0;0;0;0;0;0;0;0;0;0;0;0;0;0;0;0;0;0;0;0;0;0;0;0;0;0;0;0;0;0;0;0;0;0;0;0;0;0;0;0;0;0;0;0;0;0;2;0;0;0;0;0;0;2013-08-02 15:30:00;-1;0;49;0;0;1;-1;-1;-1;-1;-1;-1;-1;-1;-1;-1;-1;-1;-1;-1;-1;0;0;0;0;0;0;0;-1;-1;-1;-1;-1;-1;-1;-1;-1;-1;-1;-1;-1;-1;-1;-1;-1;-1;-1;-1;-1;-1;-1;17;42;49;83;83;0;0;0;0;6;0;0;2.73;Lokomotyvas Radviliškis;Nevėžis;1.71;1.54;1.57;1;1.5;1.85;83;59;52;17;17;50;50;50;0;0;0;266;27;Y;Y;N;N;N;N;Y
75931;1248;1263;2013;complete;372;15;-1;-1,-1;;2;0;2;-1;-1;-1;-1;-1;-1;-1;-1;-1;-1;-1;-1;-1;-1;-1;-1;-1;-1;-1;-1;-1;0;0;0;0;0;0;0;0;0;0;0;0;0;0;0;0;0;0;0;0;0;0;0;0;0;0;0;0;0;0;0;0;0;0;0;0;0;0;0;0;0;0;0;0;0;0;0;0;0;0;0;0;0;0;0;0;0;0;0;0;0;0;0;0;0;0;0;0;2;0;0;0;0;0;0;2013-08-03 13:00:00;1248;0;45;0;0;1;-1;-1;-1;-1;-1;-1;-1;-1;-1;-1;-1;-1;-1;-1;-1;0;0;0;0;0;0;0;-1;-1;-1;-1;-1;-1;-1;-1;-1;-1;-1;-1;-1;-1;-1;-1;-1;-1;-1;-1;-1;-1;-1;13;32;59;73;93;0;0;0;0;4.4;0.63;0;2.98;Šilutė;Polonija;1.07;0.86;1.14;1.13;1.23;1.08;88;69;42;28;7;40;30;30;0;0;0;266;27;Y;Y;N;N;N;N;N
75932;1232;1242;2013;complete;372;15;-1;-1,-1,-1;;3;0;3;-1;-1;-1;-1;-1;-1;-1;-1;-1;-1;-1;-1;-1;-1;-1;-1;-1;-1;-1;-1;-1;0;0;0;0;0;0;0;0;0;0;0;0;0;0;0;0;0;0;0;0;0;0;0;0;0;0;0;0;0;0;0;0;0;0;0;0;0;0;0;0;0;0;0;0;0;0;0;0;0;0;0;0;0;0;0;0;0;0;0;0;0;0;0;0;0;0;0;0;3;0;0;0;0;0;0;2013-08-03 15:00:00;1232;0;43;0;0;1;-1;-1;-1;-1;-1;-1;-1;-1;-1;-1;-1;-1;-1;-1;-1;0;0;0;0;0;0;0;-1;-1;-1;-1;-1;-1;-1;-1;-1;-1;-1;-1;-1;-1;-1;-1;-1;-1;-1;-1;-1;-1;-1;7;22;50;57;100;0;0;0;0;7;0.71;0;2.65;Trakai;Palanga;1.64;0.29;0.86;0.57;1.57;0.36;93;79;50;43;0;59;59;59;0;0;0;266;27;Y;Y;Y;N;N;N;N
75933;1261;1228;2013;complete;372;15;-1;;-1,-1,-1,-1;0;4;4;-1;-1;-1;-1;-1;-1;-1;-1;-1;-1;-1;-1;-1;-1;-1;-1;-1;-1;-1;-1;-1;0;0;0;0;0;0;0;0;0;0;0;0;0;0;0;0;0;0;0;0;0;0;0;0;0;0;0;0;0;0;0;0;0;0;0;0;0;0;0;0;0;0;0;0;0;0;0;0;0;0;0;0;0;0;0;0;0;0;0;0;0;0;0;0;0;0;0;0;4;0;0;0;0;0;0;2013-08-03 16:00:00;1228;0;42;0;0;1;-1;-1;-1;-1;-1;-1;-1;-1;-1;-1;-1;-1;-1;-1;-1;0;0;0;0;0;0;0;-1;-1;-1;-1;-1;-1;-1;-1;-1;-1;-1;-1;-1;-1;-1;-1;-1;-1;-1;-1;-1;-1;-1;9;17;42;67;83;0;0;0;0;13.83;2.83;0;2.34;Žalgirietis;Jonava;1.29;1.5;0.17;1.67;0.92;1.45;92;83;59;33;17;75;59;59;0;0;0;266;27;Y;Y;Y;Y;N;N;N
75934;1235;1231;2013;complete;372;15;-1;-1,-1,-1;-1,-1;3;2;5;6;2;8;3;3;0;0;0;0;6;4;9;8;15;12;24;10;48;52;0;0;0;0;0;0;0;0;0;0;0;0;0;0;0;0;0;0;0;0;0;0;0;0;0;0;0;0;0;0;0;0;0;0;0;0;0;0;0;0;0;0;0;0;0;0;0;0;0;0;0;0;0;0;0;0;0;0;0;0;0;0;0;0;0;0;0;0;0;0;5;0;0;0;0;0;0;2013-08-04 14:00:00;1235;0;44;0;0;1;-1;-1;-1;-1;-1;-1;-1;-1;0;0;0;0;0;0;-1;0;0;0;0;0;0;0;-1;-1;-1;-1;-1;-1;-1;-1;-1;-1;-1;-1;-1;-1;-1;-1;-1;-1;-1;-1;-1;-1;-1;27;27;27;54;92;0;0;0;0;10;2.93;0;2.97;Granitas Klaipėda;Kauno Žalgiris;2.36;1.21;2;2.4;2.29;2;74;74;74;47;9;84;25;25;0;0;0;266;27;Y;Y;Y;Y;Y;N;Y
75935;1261;1231;2013;complete;372;16;-1;-1,-1,-1;-1,-1,-1;3;3;6;6;5;11;5;4;0;0;0;0;6;6;6;2;12;8;20;18;53;47;0;0;0;0;0;0;0;0;0;0;0;0;0;0;0;0;0;0;0;0;0;0;0;0;0;0;0;0;0;0;0;0;0;0;0;0;0;0;0;0;0;0;0;0;0;0;0;0;0;0;0;0;0;0;0;0;0;0;0;0;0;0;0;0;0;0;0;0;0;0;6;0;0;0;0;0;0;2013-08-09 16:00:00;-1;0;31;0;0;1;-1;-1;-1;-1;-1;-1;-1;-1;0;0;0;0;0;0;-1;0;0;0;0;0;0;0;-1;-1;-1;-1;-1;-1;-1;-1;-1;-1;-1;-1;-1;-1;-1;-1;-1;-1;-1;-1;-1;-1;-1;17;31;38;61;93;0;0;0;0;12.17;2.97;0;2.65;Žalgirietis;Kauno Žalgiris;1.29;1.21;0.14;2;0.86;1.86;84;69;62;40;7;59;42;42;0;0;0;266;27;Y;Y;Y;Y;Y;Y;Y
75936;1228;1253;2013;complete;372;16;-1;;-1,-1;0;2;2;7;3;10;3;3;0;0;0;0;3;4;6;5;9;9;18;16;53;47;0;0;0;0;0;0;0;0;0;0;0;0;0;0;0;0;0;0;0;0;0;0;0;0;0;0;0;0;0;0;0;0;0;0;0;0;0;0;0;0;0;0;0;0;0;0;0;0;0;0;0;0;0;0;0;0;0;0;0;0;0;0;0;0;0;0;0;0;0;0;2;0;0;0;0;0;0;2013-08-09 16:00:00;1253;0;42;0;0;1;-1;-1;-1;-1;-1;-1;-1;-1;0;0;0;0;0;0;-1;0;0;0;0;0;0;0;-1;-1;-1;-1;-1;-1;-1;-1;-1;-1;-1;-1;-1;-1;-1;-1;-1;-1;-1;-1;-1;-1;-1;25;39;63;83;100;0;0;0;0;15;4.6;0;3.09;Jonava;Lokomotyvas Radviliškis;1.23;1.31;1.2;1.43;1.58;1.47;76;62;37;17;0;75;63;50;0;0;0;266;27;Y;Y;N;N;N;N;N
75937;1262;1263;2013;complete;372;16;-1;-1,-1,-1;;3;0;3;-1;-1;-1;-1;-1;-1;-1;-1;-1;-1;-1;-1;-1;-1;-1;-1;-1;-1;-1;-1;-1;0;0;0;0;0;0;0;0;0;0;0;0;0;0;0;0;0;0;0;0;0;0;0;0;0;0;0;0;0;0;0;0;0;0;0;0;0;0;0;0;0;0;0;0;0;0;0;0;0;0;0;0;0;0;0;0;0;0;0;0;0;0;0;0;0;0;0;0;3;0;0;0;0;0;0;2013-08-10 14:00:00;1262;0;62;0;0;1;-1;-1;-1;-1;-1;-1;-1;-1;-1;-1;-1;-1;-1;-1;-1;0;0;0;0;0;0;0;-1;-1;-1;-1;-1;-1;-1;-1;-1;-1;-1;-1;-1;-1;-1;-1;-1;-1;-1;-1;-1;-1;-1;18;43;68;73;100;0;0;0;0;7.9;2.76;0;3.57;Baltija;Polonija;1;0.86;0.86;1;0.79;1;82;58;33;27;0;78;55;30;0;0;0;266;27;Y;Y;Y;N;N;N;N
75938;1242;1241;2013;complete;372;16;-1;-1;-1,-1,-1,-1,-1,-1,-1,-1,-1;1;9;10;-1;-1;-1;-1;-1;-1;-1;-1;-1;-1;-1;-1;-1;-1;-1;-1;-1;-1;-1;-1;-1;0;0;0;0;0;0;0;0;0;0;0;0;0;0;0;0;0;0;0;0;0;0;0;0;0;0;0;0;0;0;0;0;0;0;0;0;0;0;0;0;0;0;0;0;0;0;0;0;0;0;0;0;0;0;0;0;0;0;0;0;0;0;0;0;0;0;0;0;10;0;0;0;0;0;0;2013-08-10 14:00:00;1241;0;61;0;0;1;-1;-1;-1;-1;-1;-1;-1;-1;-1;-1;-1;-1;-1;-1;-1;0;0;0;0;0;0;0;-1;-1;-1;-1;-1;-1;-1;-1;-1;-1;-1;-1;-1;-1;-1;-1;-1;-1;-1;-1;-1;-1;-1;23;52;52;77;92;0;0;0;0;11.25;2.24;0;3.18;Palanga;Nevėžis;0.62;1.54;0.14;1;0.33;1.79;77;48;48;23;9;75;75;75;0;0;0;266;27;Y;Y;Y;Y;Y;Y;Y
75939;1232;1248;2013;complete;372;16;-1;-1;;1;0;1;-1;-1;-1;-1;-1;-1;-1;-1;-1;-1;-1;-1;-1;-1;-1;-1;-1;-1;-1;-1;-1;0;0;0;0;0;0;0;0;0;0;0;0;0;0;0;0;0;0;0;0;0;0;0;0;0;0;0;0;0;0;0;0;0;0;0;0;0;0;0;0;0;0;0;0;0;0;0;0;0;0;0;0;0;0;0;0;0;0;0;0;0;0;0;0;0;0;0;0;1;0;0;0;0;0;0;2013-08-10 15:00:00;1232;0;44;0;0;1;-1;-1;-1;-1;-1;-1;-1;-1;-1;-1;-1;-1;-1;-1;-1;0;0;0;0;0;0;0;-1;-1;-1;-1;-1;-1;-1;-1;-1;-1;-1;-1;-1;-1;-1;-1;-1;-1;-1;-1;-1;-1;-1;0;15;48;63;92;0;0;0;0;8.75;2.38;0;2.17;Trakai;Šilutė;1.64;1;1.13;1.33;1.67;1.36;100;86;53;38;9;71;59;34;0;0;0;266;27;Y;N;N;N;N;N;N
75940;1235;1252;2013;complete;372;16;-1;-1,-1;;2;0;2;6;7;13;2;2;0;0;0;0;4;2;13;3;17;5;14;16;52;48;0;0;0;0;0;0;0;0;0;0;0;0;0;0;0;0;0;0;0;0;0;0;0;0;0;0;0;0;0;0;0;0;0;0;0;0;0;0;0;0;0;0;0;0;0;0;0;0;0;0;0;0;0;0;0;0;0;0;0;0;0;0;0;0;0;0;0;0;0;0;2;0;0;0;0;0;0;2013-08-11 13:00:00;1235;0;71;0;0;1;-1;-1;-1;-1;-1;-1;-1;-1;0;0;0;0;0;0;-1;0;0;0;0;0;0;0;-1;-1;-1;-1;-1;-1;-1;-1;-1;-1;-1;-1;-1;-1;-1;-1;-1;-1;-1;-1;-1;-1;-1;36;43;57;71;86;0;0;0;0;5.5;0.86;0;3.29;Granitas Klaipėda;Šilas;2.36;1.07;2.14;1.14;2.33;1.79;64;57;43;29;14;25;0;0;0;0;0;266;27;Y;Y;N;N;N;N;N
75941;1228;1262;2013;complete;372;11;-1;-1,-1,-1;;3;0;3;9;4;13;5;2;0;0;0;0;5;3;5;5;10;8;19;17;48;52;0;0;0;0;0;0;0;0;0;0;0;0;0;0;0;0;0;0;0;0;0;0;0;0;0;0;0;0;0;0;0;0;0;0;0;0;0;0;0;0;0;0;0;0;0;0;0;0;0;0;0;0;0;0;0;0;0;0;0;0;0;0;0;0;0;0;0;0;0;0;3;0;0;0;0;0;0;2013-08-13 15:30:00;1228;0;45;0;0;1;-1;-1;-1;-1;-1;-1;-1;-1;0;0;0;0;0;0;-1;0;0;0;0;0;0;0;-1;-1;-1;-1;-1;-1;-1;-1;-1;-1;-1;-1;-1;-1;-1;-1;-1;-1;-1;-1;-1;-1;-1;30;30;38;77;93;0;0;0;0;8.2;3.07;0;2.82;Jonava;Baltija;1.23;0.79;1;0.71;1.46;0.93;70;70;62;23;7;90;30;20;0;0;0;266;27;Y;Y;Y;N;N;N;N
75942;1263;1261;2013;complete;372;12;-1;-1;;1;0;1;2;7;9;0;10;0;0;0;0;6;3;6;6;12;9;21;25;52;48;0;0;0;0;0;0;0;0;0;0;0;0;0;0;0;0;0;0;0;0;0;0;0;0;0;0;0;0;0;0;0;0;0;0;0;0;0;0;0;0;0;0;0;0;0;0;0;0;0;0;0;0;0;0;0;0;0;0;0;0;0;0;0;0;0;0;0;0;0;0;1;0;0;0;0;0;0;2013-08-14 16:00:00;1263;0;35;0;0;1;-1;-1;-1;-1;-1;-1;-1;-1;0;0;0;0;0;0;-1;0;0;0;0;0;0;0;-1;-1;-1;-1;-1;-1;-1;-1;-1;-1;-1;-1;-1;-1;-1;-1;-1;-1;-1;-1;-1;-1;-1;35;45;45;52;76;0;0;0;0;7.5;2.23;0;2.8;Polonija;Žalgirietis;1.15;1.54;1;1.57;0.93;0.87;66;56;56;49;25;75;63;63;0;0;0;266;27;Y;N;N;N;N;N;N
75943;1228;1248;2013;complete;372;17;-1;-1;-1;1;1;2;-1;-1;-1;-1;-1;-1;-1;-1;-1;-1;-1;-1;-1;-1;-1;-1;-1;-1;-1;-1;-1;0;0;0;0;0;0;0;0;0;0;0;0;0;0;0;0;0;0;0;0;0;0;0;0;0;0;0;0;0;0;0;0;0;0;0;0;0;0;0;0;0;0;0;0;0;0;0;0;0;0;0;0;0;0;0;0;0;0;0;0;0;0;0;0;0;0;0;0;2;0;0;0;0;0;0;2013-08-17 13:00:00;-1;0;36;0;0;1;-1;-1;-1;-1;-1;-1;-1;-1;-1;-1;-1;-1;-1;-1;-1;0;0;0;0;0;0;0;-1;-1;-1;-1;-1;-1;-1;-1;-1;-1;-1;-1;-1;-1;-1;-1;-1;-1;-1;-1;-1;-1;-1;7;14;36;65;93;0;0;0;0;10.42;5.28;0;2.14;Jonava;Šilutė;1.23;1;1.29;1.14;1.57;1.27;93;86;64;36;7;79;59;25;0;0;0;266;27;Y;Y;N;N;N;N;Y
75944;1263;1241;2013;complete;372;17;-1;-1;-1;1;1;2;-1;-1;-1;-1;-1;-1;-1;-1;-1;-1;-1;-1;-1;-1;-1;-1;-1;-1;-1;-1;-1;0;0;0;0;0;0;0;0;0;0;0;0;0;0;0;0;0;0;0;0;0;0;0;0;0;0;0;0;0;0;0;0;0;0;0;0;0;0;0;0;0;0;0;0;0;0;0;0;0;0;0;0;0;0;0;0;0;0;0;0;0;0;0;0;0;0;0;0;2;0;0;0;0;0;0;2013-08-17 14:00:00;-1;0;45;0;0;1;-1;-1;-1;-1;-1;-1;-1;-1;-1;-1;-1;-1;-1;-1;-1;0;0;0;0;0;0;0;-1;-1;-1;-1;-1;-1;-1;-1;-1;-1;-1;-1;-1;-1;-1;-1;-1;-1;-1;-1;-1;-1;-1;31;47;47;68;85;0;0;0;0;9;0;0;3.37;Polonija;Nevėžis;1.15;1.54;1.33;1.29;1.06;1.87;69;54;54;32;16;100;75;75;0;0;0;266;27;Y;Y;N;N;N;N;Y
75945;1262;1232;2013;complete;372;17;-1;-1,-1,-1,-1;-1;4;1;5;5;5;10;1;3;0;0;0;0;2;8;3;5;5;13;18;19;50;50;0;0;0;0;0;0;0;0;0;0;0;0;0;0;0;0;0;0;0;0;0;0;0;0;0;0;0;0;0;0;0;0;0;0;0;0;0;0;0;0;0;0;0;0;0;0;0;0;0;0;0;0;0;0;0;0;0;0;0;0;0;0;0;0;0;0;0;0;0;0;5;0;0;0;0;0;0;2013-08-17 14:00:00;1262;0;47;0;0;1;-1;-1;-1;-1;-1;-1;-1;-1;0;0;0;0;0;0;-1;0;0;0;0;0;0;0;-1;-1;-1;-1;-1;-1;-1;-1;-1;-1;-1;-1;-1;-1;-1;-1;-1;-1;-1;-1;-1;-1;-1;14;20;53;75;100;0;0;0;0;7;0.42;0;2.92;Baltija;Trakai;1;2.08;1.13;2.29;0.88;1.75;87;81;48;26;0;63;50;25;0;0;0;266;27;Y;Y;Y;Y;Y;N;Y
75946;1231;1242;2013;complete;372;17;-1;-1,-1,-1,-1,-1,-1,-1;;7;0;7;-1;-1;-1;-1;-1;-1;-1;-1;-1;-1;-1;-1;-1;-1;-1;-1;-1;-1;-1;-1;-1;0;0;0;0;0;0;0;0;0;0;0;0;0;0;0;0;0;0;0;0;0;0;0;0;0;0;0;0;0;0;0;0;0;0;0;0;0;0;0;0;0;0;0;0;0;0;0;0;0;0;0;0;0;0;0;0;0;0;0;0;0;0;0;0;0;0;0;0;7;0;0;0;0;0;0;2013-08-17 14:00:00;1231;0;57;0;0;1;-1;-1;-1;-1;-1;-1;-1;-1;-1;-1;-1;-1;-1;-1;-1;0;0;0;0;0;0;0;-1;-1;-1;-1;-1;-1;-1;-1;-1;-1;-1;-1;-1;-1;-1;-1;-1;-1;-1;-1;-1;-1;-1;26;38;63;63;94;0;0;0;0;7.75;0.25;0;3.13;Kauno Žalgiris;Palanga;1.77;0.29;1.75;0.5;1.8;0.31;76;63;38;38;7;75;75;63;0;0;0;266;27;Y;Y;Y;Y;Y;Y;N
75947;1235;1261;2013;complete;372;17;-1;-1,-1;-1;2;1;3;5;4;9;2;5;0;0;0;0;4;5;3;5;7;10;16;11;48;52;0;0;0;0;0;0;0;0;0;0;0;0;0;0;0;0;0;0;0;0;0;0;0;0;0;0;0;0;0;0;0;0;0;0;0;0;0;0;0;0;0;0;0;0;0;0;0;0;0;0;0;0;0;0;0;0;0;0;0;0;0;0;0;0;0;0;0;0;0;0;3;0;0;0;0;0;0;2013-08-18 13:00:00;1235;0;44;0;0;1;-1;-1;-1;-1;-1;-1;-1;-1;0;0;0;0;0;0;-1;0;0;0;0;0;0;0;-1;-1;-1;-1;-1;-1;-1;-1;-1;-1;-1;-1;-1;-1;-1;-1;-1;-1;-1;-1;-1;-1;-1;32;32;32;57;82;0;0;0;0;9;5.01;0;2.63;Granitas Klaipėda;Žalgirietis;2.36;1.54;2.25;1.38;2.38;0.81;69;69;69;44;19;60;20;20;0;0;0;266;27;Y;Y;Y;N;N;N;Y
75948;1248;1241;2013;complete;372;7;-1;;-1,-1;0;2;2;-1;-1;-1;-1;-1;-1;-1;-1;-1;-1;-1;-1;-1;-1;-1;-1;-1;-1;-1;-1;-1;0;0;0;0;0;0;0;0;0;0;0;0;0;0;0;0;0;0;0;0;0;0;0;0;0;0;0;0;0;0;0;0;0;0;0;0;0;0;0;0;0;0;0;0;0;0;0;0;0;0;0;0;0;0;0;0;0;0;0;0;0;0;0;0;0;0;0;0;2;0;0;0;0;0;0;2013-08-20 15:00:00;1241;0;38;0;0;1;-1;-1;-1;-1;-1;-1;-1;-1;-1;-1;-1;-1;-1;-1;-1;0;0;0;0;0;0;0;-1;-1;-1;-1;-1;-1;-1;-1;-1;-1;-1;-1;-1;-1;-1;-1;-1;-1;-1;-1;-1;-1;-1;13;19;32;76;88;0;0;0;0;6;0;0;2.57;Šilutė;Nevėžis;1.07;1.54;1.38;1.25;1.25;1.81;88;82;69;26;13;50;50;50;0;0;0;266;27;Y;Y;N;N;N;N;N
75949;1253;1231;2013;complete;372;18;-1;-1,-1,-1;-1,-1;3;2;5;-1;-1;-1;-1;-1;-1;-1;-1;-1;-1;-1;-1;-1;-1;-1;-1;-1;-1;-1;-1;-1;0;0;0;0;0;0;0;0;0;0;0;0;0;0;0;0;0;0;0;0;0;0;0;0;0;0;0;0;0;0;0;0;0;0;0;0;0;0;0;0;0;0;0;0;0;0;0;0;0;0;0;0;0;0;0;0;0;0;0;0;0;0;0;0;0;0;0;0;5;0;0;0;0;0;0;2013-08-24 09:00:00;1253;0;53;0;0;1;-1;-1;-1;-1;-1;-1;-1;-1;-1;-1;-1;-1;-1;-1;-1;0;0;0;0;0;0;0;-1;-1;-1;-1;-1;-1;-1;-1;-1;-1;-1;-1;-1;-1;-1;-1;-1;-1;-1;-1;-1;-1;-1;28;41;47;73;94;0;0;0;0;4.75;1.14;0;3.09;Lokomotyvas Radviliškis;Kauno Žalgiris;1.71;1.21;1.5;1.86;1.56;1.88;73;60;54;28;7;38;25;25;0;0;0;266;27;Y;Y;Y;Y;Y;N;Y
75950;1252;1261;2013;complete;372;18;-1;-1,-1,-1,-1;-1;4;1;5;3;5;8;3;2;0;0;0;0;2;2;3;1;5;3;23;17;49;51;0;0;0;0;0;0;0;0;0;0;0;0;0;0;0;0;0;0;0;0;0;0;0;0;0;0;0;0;0;0;0;0;0;0;0;0;0;0;0;0;0;0;0;0;0;0;0;0;0;0;0;0;0;0;0;0;0;0;0;0;0;0;0;0;0;0;0;0;0;0;5;0;0;0;0;0;0;2013-08-24 10:00:00;1252;0;31;0;0;1;-1;-1;-1;-1;-1;-1;-1;-1;0;0;0;0;0;0;-1;0;0;0;0;0;0;0;-1;-1;-1;-1;-1;-1;-1;-1;-1;-1;-1;-1;-1;-1;-1;-1;-1;-1;-1;-1;-1;-1;-1;18;26;31;51;82;0;0;0;0;9.5;4.85;0;2.15;Šilas;Žalgirietis;2.46;1.54;2.43;1.22;1.67;0.76;82;75;69;50;18;84;25;25;0;0;0;266;27;Y;Y;Y;Y;Y;N;Y
75951;1228;1242;2013;complete;372;18;-1;-1,-1;;2;0;2;-1;-1;-1;-1;-1;-1;-1;-1;-1;-1;-1;-1;-1;-1;-1;-1;-1;-1;-1;-1;-1;0;0;0;0;0;0;0;0;0;0;0;0;0;0;0;0;0;0;0;0;0;0;0;0;0;0;0;0;0;0;0;0;0;0;0;0;0;0;0;0;0;0;0;0;0;0;0;0;0;0;0;0;0;0;0;0;0;0;0;0;0;0;0;0;0;0;0;0;2;0;0;0;0;0;0;2013-08-24 13:00:00;1228;0;36;0;0;1;-1;-1;-1;-1;-1;-1;-1;-1;-1;-1;-1;-1;-1;-1;-1;0;0;0;0;0;0;0;-1;-1;-1;-1;-1;-1;-1;-1;-1;-1;-1;-1;-1;-1;-1;-1;-1;-1;-1;-1;-1;-1;-1;18;23;47;72;100;0;0;0;0;8.67;3.02;0;2.92;Jonava;Palanga;1.23;0.29;1.25;0.44;1.53;0.29;83;78;54;29;0;67;59;50;0;0;0;266;27;Y;Y;N;N;N;N;N
75952;1241;1248;2013;complete;372;18;-1;;-1;0;1;1;-1;-1;-1;-1;-1;-1;-1;-1;-1;-1;-1;-1;-1;-1;-1;-1;-1;-1;-1;-1;-1;0;0;0;0;0;0;0;0;0;0;0;0;0;0;0;0;0;0;0;0;0;0;0;0;0;0;0;0;0;0;0;0;0;0;0;0;0;0;0;0;0;0;0;0;0;0;0;0;0;0;0;0;0;0;0;0;0;0;0;0;0;0;0;0;0;0;0;0;1;0;0;0;0;0;0;2013-08-24 14:00:00;1248;0;57;0;0;1;-1;-1;-1;-1;-1;-1;-1;-1;-1;-1;-1;-1;-1;-1;-1;0;0;0;0;0;0;0;-1;-1;-1;-1;-1;-1;-1;-1;-1;-1;-1;-1;-1;-1;-1;-1;-1;-1;-1;-1;-1;-1;-1;19;32;44;57;88;0;0;0;0;8.75;1.88;0;2.38;Nevėžis;Šilutė;2.29;1;2.38;1.13;1.88;1.18;82;69;57;44;13;75;50;25;0;0;0;266;27;Y;N;N;N;N;N;N
75953;1263;1232;2013;complete;372;18;-1;-1;-1,-1,-1,-1;1;4;5;-1;-1;-1;-1;-1;-1;-1;-1;-1;-1;-1;-1;-1;-1;-1;-1;-1;-1;-1;-1;-1;0;0;0;0;0;0;0;0;0;0;0;0;0;0;0;0;0;0;0;0;0;0;0;0;0;0;0;0;0;0;0;0;0;0;0;0;0;0;0;0;0;0;0;0;0;0;0;0;0;0;0;0;0;0;0;0;0;0;0;0;0;0;0;0;0;0;0;0;5;0;0;0;0;0;0;2013-08-24 14:00:00;1232;0;47;0;0;1;-1;-1;-1;-1;-1;-1;-1;-1;-1;-1;-1;-1;-1;-1;-1;0;0;0;0;0;0;0;-1;-1;-1;-1;-1;-1;-1;-1;-1;-1;-1;-1;-1;-1;-1;-1;-1;-1;-1;-1;-1;-1;-1;27;34;47;73;93;0;0;0;0;7;0;0;3;Polonija;Trakai;1.15;2.08;1.29;2;1.06;1.65;73;66;54;28;7;84;59;42;0;0;0;266;27;Y;Y;Y;Y;Y;N;Y
75954;1235;1262;2013;complete;372;18;-1;-1,-1,-1,-1,-1,-1,-1;-1,-1;7;2;9;9;4;13;10;1;0;0;0;0;4;2;15;5;19;7;24;11;50;50;0;0;0;0;0;0;0;0;0;0;0;0;0;0;0;0;0;0;0;0;0;0;0;0;0;0;0;0;0;0;0;0;0;0;0;0;0;0;0;0;0;0;0;0;0;0;0;0;0;0;0;0;0;0;0;0;0;0;0;0;0;0;0;0;0;0;0;0;0;0;9;0;0;0;0;0;0;2013-08-25 13:00:00;1235;0;59;0;0;1;-1;-1;-1;-1;-1;-1;-1;-1;0;0;0;0;0;0;-1;0;0;0;0;0;0;0;-1;-1;-1;-1;-1;-1;-1;-1;-1;-1;-1;-1;-1;-1;-1;-1;-1;-1;-1;-1;-1;-1;-1;36;36;47;77;89;0;0;0;0;7.83;1.54;0;3.23;Granitas Klaipėda;Baltija;2.36;0.79;2.33;0.63;2.41;1;65;65;53;24;12;84;34;34;0;0;0;266;27;Y;Y;Y;Y;Y;Y;Y
75955;1231;1228;2013;complete;372;12;-1;-1;-1,-1;1;2;3;-1;-1;-1;-1;-1;-1;-1;-1;-1;-1;-1;-1;-1;-1;-1;-1;-1;-1;-1;-1;-1;0;0;0;0;0;0;0;0;0;0;0;0;0;0;0;0;0;0;0;0;0;0;0;0;0;0;0;0;0;0;0;0;0;0;0;0;0;0;0;0;0;0;0;0;0;0;0;0;0;0;0;0;0;0;0;0;0;0;0;0;0;0;0;0;0;0;0;0;3;0;0;0;0;0;0;2013-08-27 15:00:00;1228;0;55;0;0;1;-1;-1;-1;-1;-1;-1;-1;-1;-1;-1;-1;-1;-1;-1;-1;0;0;0;0;0;0;0;-1;-1;-1;-1;-1;-1;-1;-1;-1;-1;-1;-1;-1;-1;-1;-1;-1;-1;-1;-1;-1;-1;-1;29;43;68;75;88;0;0;0;0;12.08;1.11;0;3.32;Kauno Žalgiris;Jonava;1.77;1.5;1.89;1.86;1.76;1.63;71;58;33;26;13;100;84;71;0;0;0;266;27;Y;Y;Y;N;N;N;Y
75956;1261;1248;2013;complete;372;22;-1;-1,-1,-1,-1;;4;0;4;-1;-1;-1;-1;-1;-1;-1;-1;-1;-1;-1;-1;-1;-1;-1;-1;-1;-1;-1;-1;-1;0;0;0;0;0;0;0;0;0;0;0;0;0;0;0;0;0;0;0;0;0;0;0;0;0;0;0;0;0;0;0;0;0;0;0;0;0;0;0;0;0;0;0;0;0;0;0;0;0;0;0;0;0;0;0;0;0;0;0;0;0;0;0;0;0;0;0;0;4;0;0;0;0;0;0;2013-08-27 16:00:00;1261;0;41;0;0;1;-1;-1;-1;-1;-1;-1;-1;-1;-1;-1;-1;-1;-1;-1;-1;0;0;0;0;0;0;0;-1;-1;-1;-1;-1;-1;-1;-1;-1;-1;-1;-1;-1;-1;-1;-1;-1;-1;-1;-1;-1;-1;-1;7;25;36;60;89;0;0;0;0;10.75;2.63;0;2.21;Žalgirietis;Šilutė;1.29;1;0.25;1.33;0.72;1.28;94;76;64;41;12;71;59;34;0;0;0;266;27;Y;Y;Y;Y;N;N;N
75957;1242;1252;2013;complete;372;19;-1;-1;-1,-1;1;2;3;5;5;10;3;5;0;0;0;0;2;5;6;7;8;12;20;16;50;50;0;0;0;0;0;0;0;0;0;0;0;0;0;0;0;0;0;0;0;0;0;0;0;0;0;0;0;0;0;0;0;0;0;0;0;0;0;0;0;0;0;0;0;0;0;0;0;0;0;0;0;0;0;0;0;0;0;0;0;0;0;0;0;0;0;0;0;0;0;0;3;0;0;0;0;0;0;2013-08-30 15:00:00;1252;0;69;0;0;1;-1;-1;-1;-1;-1;-1;-1;-1;0;0;0;0;0;0;-1;0;0;0;0;0;0;0;-1;-1;-1;-1;-1;-1;-1;-1;-1;-1;-1;-1;-1;-1;-1;-1;-1;-1;-1;-1;-1;-1;-1;32;57;69;75;94;0;0;0;0;9.25;1.75;0;3.76;Palanga;Šilas;0.62;1.07;0.13;1;0.28;1.75;69;44;32;25;7;50;50;50;0;0;0;266;27;Y;Y;Y;N;N;N;Y
75958;1248;1231;2013;complete;372;19;-1;;-1;0;1;1;-1;-1;-1;-1;-1;-1;-1;-1;-1;-1;-1;-1;-1;-1;-1;-1;-1;-1;-1;-1;-1;0;0;0;0;0;0;0;0;0;0;0;0;0;0;0;0;0;0;0;0;0;0;0;0;0;0;0;0;0;0;0;0;0;0;0;0;0;0;0;0;0;0;0;0;0;0;0;0;0;0;0;0;0;0;0;0;0;0;0;0;0;0;0;0;0;0;0;0;1;0;0;0;0;0;0;2013-08-30 15:00:00;1231;0;31;0;0;1;-1;-1;-1;-1;-1;-1;-1;-1;-1;-1;-1;-1;-1;-1;-1;0;0;0;0;0;0;0;-1;-1;-1;-1;-1;-1;-1;-1;-1;-1;-1;-1;-1;-1;-1;-1;-1;-1;-1;-1;-1;-1;-1;25;25;36;65;95;0;0;0;0;4.75;0.75;0;2.71;Šilutė;Kauno Žalgiris;1.07;1.21;1.22;1.63;1.21;1.67;75;75;64;36;6;38;25;25;0;0;0;266;27;Y;N;N;N;N;N;N
75959;1263;1228;2013;complete;372;19;-1;-1;-1,-1;1;2;3;-1;-1;-1;-1;-1;-1;-1;-1;-1;-1;-1;-1;-1;-1;-1;-1;-1;-1;-1;-1;-1;0;0;0;0;0;0;0;0;0;0;0;0;0;0;0;0;0;0;0;0;0;0;0;0;0;0;0;0;0;0;0;0;0;0;0;0;0;0;0;0;0;0;0;0;0;0;0;0;0;0;0;0;0;0;0;0;0;0;0;0;0;0;0;0;0;0;0;0;3;0;0;0;0;0;0;2013-08-31 14:00:00;1228;0;50;0;0;1;-1;-1;-1;-1;-1;-1;-1;-1;-1;-1;-1;-1;-1;-1;-1;0;0;0;0;0;0;0;-1;-1;-1;-1;-1;-1;-1;-1;-1;-1;-1;-1;-1;-1;-1;-1;-1;-1;-1;-1;-1;-1;-1;26;38;57;69;88;0;0;0;0;9.33;0.37;0;3.07;Polonija;Jonava;1.15;1.5;1.13;2;1;1.71;76;63;44;32;13;100;59;59;0;0;0;266;27;Y;Y;Y;N;N;N;Y
75960;1232;1241;2013;complete;372;19;-1;-1;-1;1;1;2;-1;-1;-1;-1;-1;-1;-1;-1;-1;-1;-1;-1;-1;-1;-1;-1;-1;-1;-1;-1;-1;0;0;0;0;0;0;0;0;0;0;0;0;0;0;0;0;0;0;0;0;0;0;0;0;0;0;0;0;0;0;0;0;0;0;0;0;0;0;0;0;0;0;0;0;0;0;0;0;0;0;0;0;0;0;0;0;0;0;0;0;0;0;0;0;0;0;0;0;2;0;0;0;0;0;0;2013-08-31 14:00:00;-1;0;45;0;0;1;-1;-1;-1;-1;-1;-1;-1;-1;-1;-1;-1;-1;-1;-1;-1;0;0;0;0;0;0;0;-1;-1;-1;-1;-1;-1;-1;-1;-1;-1;-1;-1;-1;-1;-1;-1;-1;-1;-1;-1;-1;-1;-1;11;22;45;78;95;0;0;0;0;11;0;0;2.78;Trakai;Nevėžis;1.64;1.54;1.33;1.44;1.72;1.78;89;78;56;22;6;84;84;84;0;0;0;266;27;Y;Y;N;N;N;N;Y
75961;1235;1253;2013;complete;372;19;-1;-1,-1,-1,-1,-1;-1,-1;5;2;7;3;6;9;3;0;0;0;0;0;4;6;3;9;7;15;12;11;53;47;0;0;0;0;0;0;0;0;0;0;0;0;0;0;0;0;0;0;0;0;0;0;0;0;0;0;0;0;0;0;0;0;0;0;0;0;0;0;0;0;0;0;0;0;0;0;0;0;0;0;0;0;0;0;0;0;0;0;0;0;0;0;0;0;0;0;0;0;0;0;7;0;0;0;0;0;0;2013-09-01 13:00:00;1235;0;54;0;0;1;-1;-1;-1;-1;-1;-1;-1;-1;0;0;0;0;0;0;-1;0;0;0;0;0;0;0;-1;-1;-1;-1;-1;-1;-1;-1;-1;-1;-1;-1;-1;-1;-1;-1;-1;-1;-1;-1;-1;-1;-1;33;45;63;84;95;0;0;0;0;13.23;3.75;0;3.64;Granitas Klaipėda;Lokomotyvas Radviliškis;2.36;1.31;2.4;1.63;2.44;1.65;68;55;38;17;5;76;55;35;0;0;0;266;27;Y;Y;Y;Y;Y;Y;Y
75962;1261;1262;2013;complete;372;19;-1;-1,-1,-1,-1;-1;4;1;5;-1;-1;-1;-1;-1;-1;-1;-1;-1;-1;-1;-1;-1;-1;-1;-1;-1;-1;-1;-1;-1;0;0;0;0;0;0;0;0;0;0;0;0;0;0;0;0;0;0;0;0;0;0;0;0;0;0;0;0;0;0;0;0;0;0;0;0;0;0;0;0;0;0;0;0;0;0;0;0;0;0;0;0;0;0;0;0;0;0;0;0;0;0;0;0;0;0;0;0;5;0;0;0;0;0;0;2013-09-01 16:00:00;1261;0;45;0;0;1;-1;-1;-1;-1;-1;-1;-1;-1;-1;-1;-1;-1;-1;-1;-1;0;0;0;0;0;0;0;-1;-1;-1;-1;-1;-1;-1;-1;-1;-1;-1;-1;-1;-1;-1;-1;-1;-1;-1;-1;-1;-1;-1;28;44;56;78;89;0;0;0;0;10.33;1.33;0;3.34;Žalgirietis;Baltija;1.29;0.79;0.56;0.56;0.84;0.94;73;56;44;22;11;84;67;67;0;0;0;266;27;Y;Y;Y;Y;Y;N;Y
75963;1252;1253;2013;complete;372;17;-1;-1,-1,-1,-1;-1;4;1;5;7;9;16;4;5;0;0;0;0;2;3;5;6;7;9;14;17;53;47;0;0;0;0;0;0;0;0;0;0;0;0;0;0;0;0;0;0;0;0;0;0;0;0;0;0;0;0;0;0;0;0;0;0;0;0;0;0;0;0;0;0;0;0;0;0;0;0;0;0;0;0;0;0;0;0;0;0;0;0;0;0;0;0;0;0;0;0;0;0;5;0;0;0;0;0;0;2013-09-04 14:45:00;1252;0;41;0;0;1;-1;-1;-1;-1;-1;-1;-1;-1;0;0;0;0;0;0;-1;0;0;0;0;0;0;0;-1;-1;-1;-1;-1;-1;-1;-1;-1;-1;-1;-1;-1;-1;-1;-1;-1;-1;-1;-1;-1;-1;-1;29;47;58;76;94;0;0;0;0;12.25;2.61;0;3.21;Šilas;Lokomotyvas Radviliškis;2.46;1.31;2.5;1.44;1.82;1.56;71;54;43;25;7;79;46;29;0;0;0;266;27;Y;Y;Y;Y;Y;N;Y
75964;1252;1248;2013;complete;372;20;-1;-1,-1,-1;;3;0;3;5;4;9;5;3;0;0;0;0;5;4;5;13;10;17;27;10;47;53;0;0;0;0;0;0;0;0;0;0;0;0;0;0;0;0;0;0;0;0;0;0;0;0;0;0;0;0;0;0;0;0;0;0;0;0;0;0;0;0;0;0;0;0;0;0;0;0;0;0;0;0;0;0;0;0;0;0;0;0;0;0;0;0;0;0;0;0;0;0;3;0;0;0;0;0;0;2013-09-07 10:00:00;1252;0;42;0;0;1;-1;-1;-1;-1;-1;-1;-1;-1;0;0;0;0;0;0;-1;0;0;0;0;0;0;0;-1;-1;-1;-1;-1;-1;-1;-1;-1;-1;-1;-1;-1;-1;-1;-1;-1;-1;-1;-1;-1;-1;-1;17;32;37;59;90;0;0;0;0;8.95;2.58;0;2.4;Šilas;Šilutė;2.46;1;2.56;1.2;1.89;1.15;84;68;63;42;11;78;45;20;0;0;0;266;27;Y;Y;Y;N;N;N;N
75965;1228;1232;2013;complete;372;20;-1;-1;-1;1;1;2;2;3;5;3;1;0;0;0;0;2;4;1;4;3;8;19;17;49;51;0;0;0;0;0;0;0;0;0;0;0;0;0;0;0;0;0;0;0;0;0;0;0;0;0;0;0;0;0;0;0;0;0;0;0;0;0;0;0;0;0;0;0;0;0;0;0;0;0;0;0;0;0;0;0;0;0;0;0;0;0;0;0;0;0;0;0;0;0;0;2;0;0;0;0;0;0;2013-09-07 12:00:00;-1;0;45;0;0;1;-1;-1;-1;-1;-1;-1;-1;-1;0;0;0;0;0;0;-1;0;0;0;0;0;0;0;-1;-1;-1;-1;-1;-1;-1;-1;-1;-1;-1;-1;-1;-1;-1;-1;-1;-1;-1;-1;-1;-1;-1;22;22;45;89;100;0;0;0;0;10.67;2.34;0;2.83;Jonava;Trakai;1.23;2.08;1.44;2.11;1.78;1.68;78;78;56;11;0;75;67;42;0;0;0;266;27;Y;Y;N;N;N;N;Y
75966;1242;1235;2013;complete;372;20;-1;-1,-1;-1,-1;2;2;4;5;3;8;1;6;0;0;0;0;4;7;4;6;8;13;11;22;47;53;0;0;0;0;0;0;0;0;0;0;0;0;0;0;0;0;0;0;0;0;0;0;0;0;0;0;0;0;0;0;0;0;0;0;0;0;0;0;0;0;0;0;0;0;0;0;0;0;0;0;0;0;0;0;0;0;0;0;0;0;0;0;0;0;0;0;0;0;0;0;4;0;0;0;0;0;0;2013-09-07 12:00:00;-1;0;71;0;0;1;-1;-1;-1;-1;-1;-1;-1;-1;0;0;0;0;0;0;-1;0;0;0;0;0;0;0;-1;-1;-1;-1;-1;-1;-1;-1;-1;-1;-1;-1;-1;-1;-1;-1;-1;-1;-1;-1;-1;-1;-1;17;53;64;77;94;0;0;0;0;13.2;2.35;0;3.47;Palanga;Granitas Klaipėda;0.62;2.08;0.11;2.5;0.26;2.47;84;48;36;24;7;80;55;45;0;0;0;266;27;Y;Y;Y;Y;N;N;Y
75967;1261;1253;2013;complete;372;20;-1;-1,-1,-1;;3;0;3;8;1;9;4;0;0;0;0;0;3;4;8;4;11;8;18;21;48;52;0;0;0;0;0;0;0;0;0;0;0;0;0;0;0;0;0;0;0;0;0;0;0;0;0;0;0;0;0;0;0;0;0;0;0;0;0;0;0;0;0;0;0;0;0;0;0;0;0;0;0;0;0;0;0;0;0;0;0;0;0;0;0;0;0;0;0;0;0;0;3;0;0;0;0;0;0;2013-09-07 16:00:00;1261;0;45;0;0;1;-1;-1;-1;-1;-1;-1;-1;-1;0;0;0;0;0;0;-1;0;0;0;0;0;0;0;-1;-1;-1;-1;-1;-1;-1;-1;-1;-1;-1;-1;-1;-1;-1;-1;-1;-1;-1;-1;-1;-1;-1;30;55;70;85;95;0;0;0;0;14.71;2.6;0;3.5;Žalgirietis;Lokomotyvas Radviliškis;1.29;1.31;0.8;1.3;0.95;1.47;70;45;30;15;5;77;69;55;0;0;0;266;27;Y;Y;Y;N;N;N;N
75968;1262;1241;2013;complete;372;20;-1;;-1,-1;0;2;2;1;11;12;2;3;0;0;0;0;5;6;4;9;9;15;15;11;52;48;0;0;0;0;0;0;0;0;0;0;0;0;0;0;0;0;0;0;0;0;0;0;0;0;0;0;0;0;0;0;0;0;0;0;0;0;0;0;0;0;0;0;0;0;0;0;0;0;0;0;0;0;0;0;0;0;0;0;0;0;0;0;0;0;0;0;0;0;0;0;2;0;0;0;0;0;0;2013-09-08 14:00:00;1241;0;58;0;0;1;-1;-1;-1;-1;-1;-1;-1;-1;0;0;0;0;0;0;-1;0;0;0;0;0;0;0;-1;-1;-1;-1;-1;-1;-1;-1;-1;-1;-1;-1;-1;-1;-1;-1;-1;-1;-1;-1;-1;-1;-1;21;32;49;79;95;0;0;0;0;9.8;0.51;0;3.22;Baltija;Nevėžis;1;1.54;1.33;1.4;0.89;1.74;79;69;52;22;5;90;80;50;0;0;0;266;27;Y;Y;N;N;N;N;N
75969;1231;1263;2013;complete;372;20;-1;-1,-1,-1,-1,-1;-1,-1;5;2;7;13;3;16;8;1;0;0;0;0;6;2;13;3;19;5;18;7;52;48;0;0;0;0;0;0;0;0;0;0;0;0;0;0;0;0;0;0;0;0;0;0;0;0;0;0;0;0;0;0;0;0;0;0;0;0;0;0;0;0;0;0;0;0;0;0;0;0;0;0;0;0;0;0;0;0;0;0;0;0;0;0;0;0;0;0;0;0;0;0;7;0;0;0;0;0;0;2013-09-08 14:00:00;1231;0;65;0;0;1;-1;-1;-1;-1;-1;-1;-1;-1;0;0;0;0;0;0;-1;0;0;0;0;0;0;0;-1;-1;-1;-1;-1;-1;-1;-1;-1;-1;-1;-1;-1;-1;-1;-1;-1;-1;-1;-1;-1;-1;-1;30;50;80;85;95;0;0;0;0;10.15;1.1;0;3.8;Kauno Žalgiris;Polonija;1.77;0.86;1.7;0.9;1.74;0.95;70;50;20;15;5;90;80;68;0;0;0;266;27;Y;Y;Y;Y;Y;Y;Y
75970;1263;1252;2013;complete;372;21;-1;-1,-1,-1,-1;-1,-1;4;2;6;8;9;17;3;6;0;0;0;0;11;5;7;7;18;12;15;16;52;48;0;0;0;0;0;0;0;0;0;0;0;0;0;0;0;0;0;0;0;0;0;0;0;0;0;0;0;0;0;0;0;0;0;0;0;0;0;0;0;0;0;0;0;0;0;0;0;0;0;0;0;0;0;0;0;0;0;0;0;0;0;0;0;0;0;0;0;0;0;0;6;0;0;0;0;0;0;2013-09-13 14:30:00;1263;0;62;0;0;1;-1;-1;-1;-1;-1;-1;-1;-1;0;0;0;0;0;0;-1;0;0;0;0;0;0;0;-1;-1;-1;-1;-1;-1;-1;-1;-1;-1;-1;-1;-1;-1;-1;-1;-1;-1;-1;-1;-1;-1;-1;28;39;62;73;89;0;0;0;0;7.33;0;0;3.06;Polonija;Šilas;1.15;1.07;1;1.22;0.9;1.95;73;62;39;28;11;84;59;42;0;0;0;266;27;Y;Y;Y;Y;Y;Y;Y
75971;1248;1235;2013;complete;372;21;-1;;-1,-1;0;2;2;8;6;14;6;6;0;0;0;0;4;3;13;4;17;7;18;17;51;49;0;0;0;0;0;0;0;0;0;0;0;0;0;0;0;0;0;0;0;0;0;0;0;0;0;0;0;0;0;0;0;0;0;0;0;0;0;0;0;0;0;0;0;0;0;0;0;0;0;0;0;0;0;0;0;0;0;0;0;0;0;0;0;0;0;0;0;0;0;0;2;0;0;0;0;0;0;2013-09-14 09:00:00;1235;0;39;0;0;1;-1;-1;-1;-1;-1;-1;-1;-1;0;0;0;0;0;0;-1;0;0;0;0;0;0;0;-1;-1;-1;-1;-1;-1;-1;-1;-1;-1;-1;-1;-1;-1;-1;-1;-1;-1;-1;-1;-1;-1;-1;0;22;38;69;90;0;0;0;0;6.33;0;0;2.19;Šilutė;Granitas Klaipėda;1.07;2.08;1.1;2.33;1.1;2.4;100;78;62;31;11;34;17;17;0;0;0;266;27;Y;Y;N;N;N;N;N
75972;1242;1261;2013;complete;372;21;-1;;-1,-1,-1,-1;0;4;4;-1;-1;-1;-1;-1;-1;-1;-1;-1;-1;-1;-1;-1;-1;-1;-1;-1;-1;-1;-1;-1;0;0;0;0;0;0;0;0;0;0;0;0;0;0;0;0;0;0;0;0;0;0;0;0;0;0;0;0;0;0;0;0;0;0;0;0;0;0;0;0;0;0;0;0;0;0;0;0;0;0;0;0;0;0;0;0;0;0;0;0;0;0;0;0;0;0;0;0;4;0;0;0;0;0;0;2013-09-14 13:00:00;1261;0;60;0;0;1;-1;-1;-1;-1;-1;-1;-1;-1;-1;-1;-1;-1;-1;-1;-1;0;0;0;0;0;0;0;-1;-1;-1;-1;-1;-1;-1;-1;-1;-1;-1;-1;-1;-1;-1;-1;-1;-1;-1;-1;-1;-1;-1;30;50;60;65;90;0;0;0;0;9.46;5.5;0;3.35;Palanga;Žalgirietis;0.62;1.54;0.2;1.1;0.3;1.05;70;50;40;35;10;54;32;24;0;0;0;266;27;Y;Y;Y;Y;N;N;N
75973;1232;1231;2013;complete;372;21;-1;-1,-1,-1;;3;0;3;-1;-1;-1;-1;-1;-1;-1;-1;-1;-1;-1;-1;-1;-1;-1;-1;-1;-1;-1;-1;-1;0;0;0;0;0;0;0;0;0;0;0;0;0;0;0;0;0;0;0;0;0;0;0;0;0;0;0;0;0;0;0;0;0;0;0;0;0;0;0;0;0;0;0;0;0;0;0;0;0;0;0;0;0;0;0;0;0;0;0;0;0;0;0;0;0;0;0;0;3;0;0;0;0;0;0;2013-09-14 13:00:00;1232;0;42;0;0;1;-1;-1;-1;-1;-1;-1;-1;-1;-1;-1;-1;-1;-1;-1;-1;0;0;0;0;0;0;0;-1;-1;-1;-1;-1;-1;-1;-1;-1;-1;-1;-1;-1;-1;-1;-1;-1;-1;-1;-1;-1;-1;-1;22;27;47;63;100;0;0;0;0;9.75;1.54;0;2.82;Trakai;Kauno Žalgiris;1.64;1.21;1.3;1.78;1.65;1.8;78;73;53;37;0;71;59;59;0;0;0;266;27;Y;Y;Y;N;N;N;N
75974;1241;1228;2013;complete;372;21;-1;-1,-1,-1;-1,-1;3;2;5;-1;-1;-1;-1;-1;-1;-1;-1;-1;-1;-1;-1;-1;-1;-1;-1;-1;-1;-1;-1;-1;0;0;0;0;0;0;0;0;0;0;0;0;0;0;0;0;0;0;0;0;0;0;0;0;0;0;0;0;0;0;0;0;0;0;0;0;0;0;0;0;0;0;0;0;0;0;0;0;0;0;0;0;0;0;0;0;0;0;0;0;0;0;0;0;0;0;0;0;5;0;0;0;0;0;0;2013-09-14 13:00:00;1241;0;56;0;0;1;-1;-1;-1;-1;-1;-1;-1;-1;-1;-1;-1;-1;-1;-1;-1;0;0;0;0;0;0;0;-1;-1;-1;-1;-1;-1;-1;-1;-1;-1;-1;-1;-1;-1;-1;-1;-1;-1;-1;-1;-1;-1;-1;22;33;62;67;89;0;0;0;0;11.33;1;0;2.84;Nevėžis;Jonava;2.29;1.5;2.11;2.11;1.8;1.74;78;67;39;33;11;88;59;59;0;0;0;266;27;Y;Y;Y;Y;Y;N;Y
75975;1253;1262;2013;complete;372;21;-1;-1;-1,-1,-1;1;3;4;-1;-1;-1;-1;-1;-1;-1;-1;-1;-1;-1;-1;-1;-1;-1;-1;-1;-1;-1;-1;-1;0;0;0;0;0;0;0;0;0;0;0;0;0;0;0;0;0;0;0;0;0;0;0;0;0;0;0;0;0;0;0;0;0;0;0;0;0;0;0;0;0;0;0;0;0;0;0;0;0;0;0;0;0;0;0;0;0;0;0;0;0;0;0;0;0;0;0;0;4;0;0;0;0;0;0;2013-09-15 11:00:00;1262;0;64;0;0;1;-1;-1;-1;-1;-1;-1;-1;-1;-1;-1;-1;-1;-1;-1;-1;0;0;0;0;0;0;0;-1;-1;-1;-1;-1;-1;-1;-1;-1;-1;-1;-1;-1;-1;-1;-1;-1;-1;-1;-1;-1;-1;-1;36;47;58;85;90;0;0;0;0;3.33;0;0;3.45;Lokomotyvas Radviliškis;Baltija;1.71;0.79;1.67;0.5;1.4;0.85;64;53;42;16;11;50;34;34;0;0;0;266;27;Y;Y;Y;Y;N;N;Y
75976;1228;1252;2013;complete;372;13;-1;-1,-1,-1;-1,-1,-1;3;3;6;8;6;14;3;2;0;0;0;0;5;3;9;5;14;8;13;5;52;48;0;0;0;0;0;0;0;0;0;0;0;0;0;0;0;0;0;0;0;0;0;0;0;0;0;0;0;0;0;0;0;0;0;0;0;0;0;0;0;0;0;0;0;0;0;0;0;0;0;0;0;0;0;0;0;0;0;0;0;0;0;0;0;0;0;0;0;0;0;0;6;0;0;0;0;0;0;2013-09-17 14:00:00;-1;0;55;0;0;1;-1;-1;-1;-1;-1;-1;-1;-1;0;0;0;0;0;0;-1;0;0;0;0;0;0;0;-1;-1;-1;-1;-1;-1;-1;-1;-1;-1;-1;-1;-1;-1;-1;-1;-1;-1;-1;-1;-1;-1;-1;20;25;50;85;95;0;0;0;0;11.5;3.5;0;2.8;Jonava;Šilas;1.23;1.07;1.4;1.1;1.65;1.85;80;75;50;15;5;73;66;47;0;0;0;266;27;Y;Y;Y;Y;Y;Y;Y
75977;1241;1231;2013;complete;372;22;-1;-1,-1,-1,-1;-1,-1;4;2;6;-1;-1;-1;-1;-1;-1;-1;-1;-1;-1;-1;-1;-1;-1;-1;-1;-1;-1;-1;-1;-1;0;0;0;0;0;0;0;0;0;0;0;0;0;0;0;0;0;0;0;0;0;0;0;0;0;0;0;0;0;0;0;0;0;0;0;0;0;0;0;0;0;0;0;0;0;0;0;0;0;0;0;0;0;0;0;0;0;0;0;0;0;0;0;0;0;0;0;0;6;0;0;0;0;0;0;2013-09-17 14:00:00;1241;0;50;0;0;1;-1;-1;-1;-1;-1;-1;-1;-1;-1;-1;-1;-1;-1;-1;-1;0;0;0;0;0;0;0;-1;-1;-1;-1;-1;-1;-1;-1;-1;-1;-1;-1;-1;-1;-1;-1;-1;-1;-1;-1;-1;-1;-1;40;45;55;60;95;0;0;0;0;9.75;1.5;0;3.15;Nevėžis;Kauno Žalgiris;2.29;1.21;2.2;1.6;1.86;1.71;60;55;45;40;5;75;50;50;0;0;0;266;27;Y;Y;Y;Y;Y;Y;Y
75978;1252;1232;2013;complete;372;22;-1;;-1;0;1;1;-1;-1;-1;-1;-1;-1;-1;-1;-1;-1;-1;-1;-1;-1;-1;-1;-1;-1;-1;-1;-1;0;0;0;0;0;0;0;0;0;0;0;0;0;0;0;0;0;0;0;0;0;0;0;0;0;0;0;0;0;0;0;0;0;0;0;0;0;0;0;0;0;0;0;0;0;0;0;0;0;0;0;0;0;0;0;0;0;0;0;0;0;0;0;0;0;0;0;0;1;0;0;0;0;0;0;2013-09-21 11:00:00;1232;0;50;0;0;1;-1;-1;-1;-1;-1;-1;-1;-1;-1;-1;-1;-1;-1;-1;-1;0;0;0;0;0;0;0;-1;-1;-1;-1;-1;-1;-1;-1;-1;-1;-1;-1;-1;-1;-1;-1;-1;-1;-1;-1;-1;-1;-1;30;35;50;80;95;0;0;0;0;8.92;1.9;0;3;Šilas;Trakai;2.46;2.08;2.6;2;1.81;1.71;70;65;50;20;5;67;42;29;0;0;0;266;27;Y;N;N;N;N;N;N
75979;1253;1242;2013;complete;372;22;-1;-1,-1,-1;;3;0;3;-1;-1;-1;-1;-1;-1;-1;-1;-1;-1;-1;-1;-1;-1;-1;-1;-1;-1;-1;-1;-1;0;0;0;0;0;0;0;0;0;0;0;0;0;0;0;0;0;0;0;0;0;0;0;0;0;0;0;0;0;0;0;0;0;0;0;0;0;0;0;0;0;0;0;0;0;0;0;0;0;0;0;0;0;0;0;0;0;0;0;0;0;0;0;0;0;0;0;0;3;0;0;0;0;0;0;2013-09-21 12:00:00;1253;0;50;0;0;1;-1;-1;-1;-1;-1;-1;-1;-1;-1;-1;-1;-1;-1;-1;-1;0;0;0;0;0;0;0;-1;-1;-1;-1;-1;-1;-1;-1;-1;-1;-1;-1;-1;-1;-1;-1;-1;-1;-1;-1;-1;-1;-1;20;40;55;75;95;0;0;0;0;2;0;0;3.15;Lokomotyvas Radviliškis;Palanga;1.71;0.29;1.5;0.4;1.33;0.29;80;60;45;25;5;25;25;25;0;0;0;266;27;Y;Y;Y;N;N;N;N
75980;1262;1228;2013;complete;372;22;-1;-1;-1;1;1;2;-1;-1;-1;-1;-1;-1;-1;-1;-1;-1;-1;-1;-1;-1;-1;-1;-1;-1;-1;-1;-1;0;0;0;0;0;0;0;0;0;0;0;0;0;0;0;0;0;0;0;0;0;0;0;0;0;0;0;0;0;0;0;0;0;0;0;0;0;0;0;0;0;0;0;0;0;0;0;0;0;0;0;0;0;0;0;0;0;0;0;0;0;0;0;0;0;0;0;0;2;0;0;0;0;0;0;2013-09-22 12:00:00;-1;0;55;0;0;1;-1;-1;-1;-1;-1;-1;-1;-1;-1;-1;-1;-1;-1;-1;-1;0;0;0;0;0;0;0;-1;-1;-1;-1;-1;-1;-1;-1;-1;-1;-1;-1;-1;-1;-1;-1;-1;-1;-1;-1;-1;-1;-1;20;30;65;75;95;0;0;0;0;9.66;1.6;0;3.15;Baltija;Jonava;1;1.5;1.2;1.9;0.95;1.62;80;70;35;25;5;92;67;42;0;0;0;266;27;Y;Y;N;N;N;N;Y
75981;1263;1235;2013;complete;372;22;-1;-1;-1,-1,-1,-1,-1;1;5;6;-1;-1;-1;-1;-1;-1;-1;-1;-1;-1;-1;-1;-1;-1;-1;-1;-1;-1;-1;-1;-1;0;0;0;0;0;0;0;0;0;0;0;0;0;0;0;0;0;0;0;0;0;0;0;0;0;0;0;0;0;0;0;0;0;0;0;0;0;0;0;0;0;0;0;0;0;0;0;0;0;0;0;0;0;0;0;0;0;0;0;0;0;0;0;0;0;0;0;0;6;0;0;0;0;0;0;2013-09-22 12:00:00;1235;0;60;0;0;1;-1;-1;-1;-1;-1;-1;-1;-1;-1;-1;-1;-1;-1;-1;-1;0;0;0;0;0;0;0;-1;-1;-1;-1;-1;-1;-1;-1;-1;-1;-1;-1;-1;-1;-1;-1;-1;-1;-1;-1;-1;-1;-1;20;45;55;75;90;0;0;0;0;10.92;1.2;0;3.05;Polonija;Granitas Klaipėda;1.15;2.08;1.2;2.4;1;2.43;80;55;45;25;10;88;59;59;0;0;0;266;27;Y;Y;Y;Y;Y;Y;Y
75982;1252;1241;2013;complete;373;1;-1;-1,-1;;2;0;2;-1;-1;-1;-1;-1;-1;-1;-1;-1;-1;-1;-1;-1;-1;-1;-1;-1;-1;-1;-1;-1;0;0;0;0;0;0;0;0;0;0;0;0;0;0;0;0;0;0;0;0;0;0;0;0;0;0;0;0;0;0;0;0;0;0;0;0;0;0;0;0;0;0;0;0;0;0;0;0;0;0;0;0;0;0;0;0;0;0;0;0;0;0;0;0;0;0;0;0;2;0;0;0;0;0;0;2013-09-28 10:00:00;1252;0;46;0;0;1;-1;-1;-1;-1;-1;-1;-1;-1;-1;-1;-1;-1;-1;-1;-1;0;0;0;0;0;0;0;-1;-1;-1;-1;-1;-1;-1;-1;-1;-1;-1;-1;-1;-1;-1;-1;-1;-1;-1;-1;-1;-1;-1;23;32;36;78;91;0;0;0;0;12.84;1.55;0;2.87;Šilas;Nevėžis;2.46;1.54;2.36;1.55;1.73;1.91;78;69;64;23;9;92;67;67;0;0;0;266;27;Y;Y;N;N;N;N;N
75983;1232;1228;2013;complete;373;1;-1;;;0;0;0;-1;-1;-1;-1;-1;-1;-1;-1;-1;-1;-1;-1;-1;-1;-1;-1;-1;-1;-1;-1;-1;0;0;0;0;0;0;0;0;0;0;0;0;0;0;0;0;0;0;0;0;0;0;0;0;0;0;0;0;0;0;0;0;0;0;0;0;0;0;0;0;0;0;0;0;0;0;0;0;0;0;0;0;0;0;0;0;0;0;0;0;0;0;0;0;0;0;0;0;0;0;0;0;0;0;0;2013-09-28 12:00:00;-1;0;50;0;0;0;-1;-1;-1;-1;-1;-1;-1;-1;-1;-1;-1;-1;-1;-1;-1;0;0;0;0;0;0;0;0;0;0;0;0;0;1;1;0;0;-1;-1;-1;-1;-1;-1;-1;-1;-1;-1;-1;-1;-1;9;18;60;78;96;0;0;0;0;11.33;0.27;0;2.68;Trakai;Jonava;1.64;1.5;1.45;1.82;1.77;1.59;91;82;41;23;5;84;67;67;0;0;0;266;27;N;N;N;N;N;N;N
75984;1248;1242;2013;complete;374;1;-1;-1,-1,-1,-1;-1,-1;4;2;6;-1;-1;-1;-1;-1;-1;-1;-1;-1;-1;-1;-1;-1;-1;-1;-1;-1;-1;-1;-1;-1;0;0;0;0;0;0;0;0;0;0;0;0;0;0;0;0;0;0;0;0;0;0;0;0;0;0;0;0;0;0;0;0;0;0;0;0;0;0;0;0;0;0;0;0;0;0;0;0;0;0;0;0;0;0;0;0;0;0;0;0;0;0;0;0;0;0;0;0;6;0;0;0;0;0;0;2013-09-28 12:00:00;1248;0;18;0;0;1;-1;-1;-1;-1;-1;-1;-1;-1;-1;-1;-1;-1;-1;-1;-1;0;0;0;0;0;0;0;-1;-1;-1;-1;-1;-1;-1;-1;-1;-1;-1;-1;-1;-1;-1;-1;-1;-1;-1;-1;-1;-1;-1;9;14;37;64;96;0;0;0;0;10;0;0;2.46;Šilutė;Palanga;1.07;0.29;1;0.36;1.05;0.27;91;87;64;36;5;75;75;75;0;0;0;266;27;Y;Y;Y;Y;Y;Y;Y
75985;1262;1261;2013;complete;374;1;-1;-1,-1;-1,-1,-1;2;3;5;-1;-1;-1;-1;-1;-1;-1;-1;-1;-1;-1;-1;-1;-1;-1;-1;-1;-1;-1;-1;-1;0;0;0;0;0;0;0;0;0;0;0;0;0;0;0;0;0;0;0;0;0;0;0;0;0;0;0;0;0;0;0;0;0;0;0;0;0;0;0;0;0;0;0;0;0;0;0;0;0;0;0;0;0;0;0;0;0;0;0;0;0;0;0;0;0;0;0;0;5;0;0;0;0;0;0;2013-09-29 10:00:00;1261;0;46;0;0;1;-1;-1;-1;-1;-1;-1;-1;-1;-1;-1;-1;-1;-1;-1;-1;0;0;0;0;0;0;0;-1;-1;-1;-1;-1;-1;-1;-1;-1;-1;-1;-1;-1;-1;-1;-1;-1;-1;-1;-1;-1;-1;-1;23;32;50;64;91;0;0;0;0;7.62;4;0;2.77;Baltija;Žalgirietis;1;1.54;1.18;1.27;0.95;1.14;78;69;50;36;9;70;41;16;0;0;0;266;27;Y;Y;Y;Y;Y;N;Y
75986;1263;1253;2013;complete;374;1;-1;-1;-1,-1,-1,-1,-1;1;5;6;-1;-1;-1;-1;-1;-1;-1;-1;-1;-1;-1;-1;-1;-1;-1;-1;-1;-1;-1;-1;-1;0;0;0;0;0;0;0;0;0;0;0;0;0;0;0;0;0;0;0;0;0;0;0;0;0;0;0;0;0;0;0;0;0;0;0;0;0;0;0;0;0;0;0;0;0;0;0;0;0;0;0;0;0;0;0;0;0;0;0;0;0;0;0;0;0;0;0;0;6;0;0;0;0;0;0;2013-09-29 12:00:00;1253;0;55;0;0;1;-1;-1;-1;-1;-1;-1;-1;-1;-1;-1;-1;-1;-1;-1;-1;0;0;0;0;0;0;0;-1;-1;-1;-1;-1;-1;-1;-1;-1;-1;-1;-1;-1;-1;-1;-1;-1;-1;-1;-1;-1;-1;-1;41;55;73;82;96;0;0;0;0;11.55;1.18;0;3.78;Polonija;Lokomotyvas Radviliškis;1.15;1.31;1.09;1.18;0.95;1.41;60;45;27;18;5;94;65;53;0;0;0;266;27;Y;Y;Y;Y;Y;Y;Y
75987;1231;1235;2013;complete;373;1;-1;-1,-1;;2;0;2;-1;-1;-1;-1;-1;-1;-1;-1;-1;-1;-1;-1;-1;-1;-1;-1;-1;-1;-1;-1;-1;0;0;0;0;0;0;0;0;0;0;0;0;0;0;0;0;0;0;0;0;0;0;0;0;0;0;0;0;0;0;0;0;0;0;0;0;0;0;0;0;0;0;0;0;0;0;0;0;0;0;0;0;0;0;0;0;0;0;0;0;0;0;0;0;0;0;0;0;2;0;0;0;0;0;0;2013-09-29 13:00:00;1231;0;69;0;0;1;-1;-1;-1;-1;-1;-1;-1;-1;-1;-1;-1;-1;-1;-1;-1;0;0;0;0;0;0;0;-1;-1;-1;-1;-1;-1;-1;-1;-1;-1;-1;-1;-1;-1;-1;-1;-1;-1;-1;-1;-1;-1;-1;27;50;69;82;91;0;0;0;0;13.45;1.82;0;3.46;Kauno Žalgiris;Granitas Klaipėda;1.77;2.08;1.82;2.45;1.64;2.45;73;50;32;18;9;88;75;65;0;0;0;266;27;Y;Y;N;N;N;N;N
75988;1235;1252;2013;complete;373;2;-1;-1,-1,-1,-1,-1;-1;5;1;6;-1;-1;-1;-1;-1;-1;-1;-1;-1;-1;-1;-1;-1;-1;-1;-1;-1;-1;-1;-1;-1;0;0;0;0;0;0;0;0;0;0;0;0;0;0;0;0;0;0;0;0;0;0;0;0;0;0;0;0;0;0;0;0;0;0;0;0;0;0;0;0;0;0;0;0;0;0;0;0;0;0;0;0;0;0;0;0;0;0;0;0;0;0;0;0;0;0;0;0;6;0;0;0;0;0;0;2013-10-05 12:00:00;1235;0;73;0;0;1;-1;-1;-1;-1;-1;-1;-1;-1;-1;-1;-1;-1;-1;-1;-1;0;0;0;0;0;0;0;-1;-1;-1;-1;-1;-1;-1;-1;-1;-1;-1;-1;-1;-1;-1;-1;-1;-1;-1;-1;-1;-1;-1;41;45;64;82;91;0;0;0;0;10.73;3.46;0;3.82;Granitas Klaipėda;Šilas;2.36;1.07;2.45;1.09;2.35;1.78;60;55;36;18;9;78;53;43;0;0;0;266;27;Y;Y;Y;Y;Y;Y;Y
75989;1261;1248;2013;complete;374;2;-1;-1;-1;1;1;2;-1;-1;-1;-1;-1;-1;-1;-1;-1;-1;-1;-1;-1;-1;-1;-1;-1;-1;-1;-1;-1;0;0;0;0;0;0;0;0;0;0;0;0;0;0;0;0;0;0;0;0;0;0;0;0;0;0;0;0;0;0;0;0;0;0;0;0;0;0;0;0;0;0;0;0;0;0;0;0;0;0;0;0;0;0;0;0;0;0;0;0;0;0;0;0;0;0;0;0;2;0;0;0;0;0;0;2013-10-05 15:00:00;-1;0;36;0;0;1;-1;-1;-1;-1;-1;-1;-1;-1;-1;-1;-1;-1;-1;-1;-1;0;0;0;0;0;0;0;-1;-1;-1;-1;-1;-1;-1;-1;-1;-1;-1;-1;-1;-1;-1;-1;-1;-1;-1;-1;-1;-1;-1;9;32;50;69;91;0;0;0;0;11.05;2.36;0;2.55;Žalgirietis;Šilutė;1.29;1;1;1.09;1.22;1.13;91;69;50;32;9;78;45;25;0;0;0;266;27;Y;Y;N;N;N;N;Y
75990;1228;1231;2013;complete;373;2;-1;-1;-1;1;1;2;5;4;9;3;4;0;0;0;0;2;4;4;2;6;6;12;11;49;51;0;0;0;0;0;0;0;0;0;0;0;0;0;0;0;0;0;0;0;0;0;0;0;0;0;0;0;0;0;0;0;0;0;0;0;0;0;0;0;0;0;0;0;0;0;0;0;0;0;0;0;0;0;0;0;0;0;0;0;0;0;0;0;0;0;0;0;0;0;0;2;0;0;0;0;0;0;2013-10-06 10:00:00;-1;0;45;0;0;1;-1;-1;-1;-1;-1;-1;-1;-1;0;0;0;0;0;0;-1;0;0;0;0;0;0;0;-1;-1;-1;-1;-1;-1;-1;-1;-1;-1;-1;-1;-1;-1;-1;-1;-1;-1;-1;-1;-1;-1;-1;32;32;46;78;100;0;0;0;0;11;3.73;0;3.14;Jonava;Kauno Žalgiris;1.23;1.21;1.36;1.45;1.57;1.7;69;69;55;23;0;75;57;50;0;0;0;266;27;Y;Y;N;N;N;N;Y
75991;1253;1262;2013;complete;374;2;-1;-1,-1,-1,-1,-1,-1;-1,-1;6;2;8;-1;-1;-1;-1;-1;-1;-1;-1;-1;-1;-1;-1;-1;-1;-1;-1;-1;-1;-1;-1;-1;0;0;0;0;0;0;0;0;0;0;0;0;0;0;0;0;0;0;0;0;0;0;0;0;0;0;0;0;0;0;0;0;0;0;0;0;0;0;0;0;0;0;0;0;0;0;0;0;0;0;0;0;0;0;0;0;0;0;0;0;0;0;0;0;0;0;0;0;8;0;0;0;0;0;0;2013-10-06 11:00:00;1253;0;64;0;0;1;-1;-1;-1;-1;-1;-1;-1;-1;-1;-1;-1;-1;-1;-1;-1;0;0;0;0;0;0;0;-1;-1;-1;-1;-1;-1;-1;-1;-1;-1;-1;-1;-1;-1;-1;-1;-1;-1;-1;-1;-1;-1;-1;32;50;64;87;91;0;0;0;0;3.33;0;0;3.5;Lokomotyvas Radviliškis;Baltija;1.71;0.79;1.64;0.73;1.48;0.91;69;50;36;14;9;50;34;34;0;0;0;266;27;Y;Y;Y;Y;Y;Y;Y
75992;1241;1232;2013;complete;373;2;-1;-1,-1;-1,-1;2;2;4;-1;-1;-1;-1;-1;-1;-1;-1;-1;-1;-1;-1;-1;-1;-1;-1;-1;-1;-1;-1;-1;0;0;0;0;0;0;0;0;0;0;0;0;0;0;0;0;0;0;0;0;0;0;0;0;0;0;0;0;0;0;0;0;0;0;0;0;0;0;0;0;0;0;0;0;0;0;0;0;0;0;0;0;0;0;0;0;0;0;0;0;0;0;0;0;0;0;0;0;4;0;0;0;0;0;0;2013-10-06 12:00:00;-1;0;60;0;0;1;-1;-1;-1;-1;-1;-1;-1;-1;-1;-1;-1;-1;-1;-1;-1;0;0;0;0;0;0;0;-1;-1;-1;-1;-1;-1;-1;-1;-1;-1;-1;-1;-1;-1;-1;-1;-1;-1;-1;-1;-1;-1;-1;36;41;55;73;96;0;0;0;0;8.75;0;0;3.09;Nevėžis;Trakai;2.29;2.08;2.27;2.09;1.83;1.74;64;59;46;27;5;63;50;38;0;0;0;266;27;Y;Y;Y;Y;N;N;Y
75993;1242;1263;2013;complete;374;2;-1;-1,-1,-1,-1;-1,-1;4;2;6;-1;-1;-1;-1;-1;-1;-1;-1;-1;-1;-1;-1;-1;-1;-1;-1;-1;-1;-1;-1;-1;0;0;0;0;0;0;0;0;0;0;0;0;0;0;0;0;0;0;0;0;0;0;0;0;0;0;0;0;0;0;0;0;0;0;0;0;0;0;0;0;0;0;0;0;0;0;0;0;0;0;0;0;0;0;0;0;0;0;0;0;0;0;0;0;0;0;0;0;6;0;0;0;0;0;0;2013-10-06 12:00:00;1242;0;69;0;0;1;-1;-1;-1;-1;-1;-1;-1;-1;-1;-1;-1;-1;-1;-1;-1;0;0;0;0;0;0;0;-1;-1;-1;-1;-1;-1;-1;-1;-1;-1;-1;-1;-1;-1;-1;-1;-1;-1;-1;-1;-1;-1;-1;27;64;82;87;100;0;0;0;0;9.34;2.91;0;4.27;Palanga;Polonija;0.62;0.86;0.18;0.82;0.26;0.91;73;36;18;14;0;67;59;50;0;0;0;266;27;Y;Y;Y;Y;Y;Y;Y
75994;1241;1228;2013;complete;373;3;-1;-1,-1,-1;-1;3;1;4;8;2;10;2;2;0;0;0;0;9;0;15;7;24;7;12;12;53;47;0;0;0;0;0;0;0;0;0;0;0;0;0;0;0;0;0;0;0;0;0;0;0;0;0;0;0;0;0;0;0;0;0;0;0;0;0;0;0;0;0;0;0;0;0;0;0;0;0;0;0;0;0;0;0;0;0;0;0;0;0;0;0;0;0;0;0;0;0;0;4;0;0;0;0;0;0;2013-10-12 12:00:00;1241;0;63;0;0;1;-1;-1;-1;-1;-1;-1;-1;-1;0;0;0;0;0;0;-1;0;0;0;0;0;0;0;-1;-1;-1;-1;-1;-1;-1;-1;-1;-1;-1;-1;-1;-1;-1;-1;-1;-1;-1;-1;-1;-1;-1;30;42;63;71;88;0;0;0;0;11.33;0.25;0;3.04;Nevėžis;Jonava;2.29;1.5;2.17;1.75;1.79;1.54;71;59;38;29;13;88;59;59;0;0;0;266;27;Y;Y;Y;Y;N;N;Y
75995;1232;1235;2013;complete;373;3;-1;-1,-1,-1,-1,-1;-1;5;1;6;3;3;6;8;5;0;0;0;0;2;4;8;2;10;6;10;16;50;50;0;0;0;0;0;0;0;0;0;0;0;0;0;0;0;0;0;0;0;0;0;0;0;0;0;0;0;0;0;0;0;0;0;0;0;0;0;0;0;0;0;0;0;0;0;0;0;0;0;0;0;0;0;0;0;0;0;0;0;0;0;0;0;0;0;0;0;0;0;0;6;0;0;0;0;0;0;2013-10-12 12:00:00;1232;0;46;0;0;1;-1;-1;-1;-1;-1;-1;-1;-1;0;0;0;0;0;0;-1;0;0;0;0;0;0;0;-1;-1;-1;-1;-1;-1;-1;-1;-1;-1;-1;-1;-1;-1;-1;-1;-1;-1;-1;-1;-1;-1;-1;4;25;50;75;92;0;0;0;0;11.25;0.84;0;2.5;Trakai;Granitas Klaipėda;1.64;2.08;1.42;2.25;1.71;2.38;96;75;50;25;8;71;59;59;0;0;0;266;27;Y;Y;Y;Y;Y;Y;Y
75996;1248;1253;2013;complete;374;3;-1;-1;-1;1;1;2;-1;-1;-1;-1;-1;-1;-1;-1;-1;-1;-1;-1;-1;-1;-1;-1;-1;-1;-1;-1;-1;0;0;0;0;0;0;0;0;0;0;0;0;0;0;0;0;0;0;0;0;0;0;0;0;0;0;0;0;0;0;0;0;0;0;0;0;0;0;0;0;0;0;0;0;0;0;0;0;0;0;0;0;0;0;0;0;0;0;0;0;0;0;0;0;0;0;0;0;2;0;0;0;0;0;0;2013-10-12 12:00:00;-1;0;34;0;0;1;-1;-1;-1;-1;-1;-1;-1;-1;-1;-1;-1;-1;-1;-1;-1;0;0;0;0;0;0;0;-1;-1;-1;-1;-1;-1;-1;-1;-1;-1;-1;-1;-1;-1;-1;-1;-1;-1;-1;-1;-1;-1;-1;25;33;54;80;96;0;0;0;0;14.88;0.75;0;3.04;Šilutė;Lokomotyvas Radviliškis;1.07;1.31;1.17;1.33;1.13;1.54;75;67;46;21;4;94;82;69;0;0;0;266;27;Y;Y;N;N;N;N;Y
75997;1261;1242;2013;complete;374;3;-1;-1,-1,-1,-1,-1,-1,-1,-1,-1;;9;0;9;4;0;4;7;0;0;0;0;0;8;3;6;0;14;3;12;10;47;53;0;0;0;0;0;0;0;0;0;0;0;0;0;0;0;0;0;0;0;0;0;0;0;0;0;0;0;0;0;0;0;0;0;0;0;0;0;0;0;0;0;0;0;0;0;0;0;0;0;0;0;0;0;0;0;0;0;0;0;0;0;0;0;0;0;0;0;0;0;0;9;0;0;0;0;0;0;2013-10-13 10:00:00;1261;0;38;0;0;1;-1;-1;-1;-1;-1;-1;-1;-1;0;0;0;0;0;0;-1;0;0;0;0;0;0;0;-1;-1;-1;-1;-1;-1;-1;-1;-1;-1;-1;-1;-1;-1;-1;-1;-1;-1;-1;-1;-1;-1;-1;21;38;58;75;96;0;0;0;0;9.25;0.84;0;3.21;Žalgirietis;Palanga;1.29;0.29;1;0.33;1.21;0.38;79;63;42;25;4;63;50;50;0;0;0;266;27;Y;Y;Y;Y;Y;Y;N
75998;1262;1263;2013;complete;374;3;-1;-1,-1,-1;-1,-1,-1,-1,-1,-1;3;6;9;4;6;10;5;10;0;0;0;0;3;11;12;11;15;22;8;5;49;51;0;0;0;0;0;0;0;0;0;0;0;0;0;0;0;0;0;0;0;0;0;0;0;0;0;0;0;0;0;0;0;0;0;0;0;0;0;0;0;0;0;0;0;0;0;0;0;0;0;0;0;0;0;0;0;0;0;0;0;0;0;0;0;0;0;0;0;0;0;0;9;0;0;0;0;0;0;2013-10-13 10:00:00;1263;0;63;0;0;1;-1;-1;-1;-1;-1;-1;-1;-1;0;0;0;0;0;0;-1;0;0;0;0;0;0;0;-1;-1;-1;-1;-1;-1;-1;-1;-1;-1;-1;-1;-1;-1;-1;-1;-1;-1;-1;-1;-1;-1;-1;29;46;71;84;100;0;0;0;0;7.5;1.75;0;3.79;Baltija;Polonija;1;0.86;1.08;0.75;0.88;0.88;71;55;30;17;0;83;67;42;0;0;0;266;27;Y;Y;Y;Y;Y;Y;Y
75999;1252;1231;2013;complete;373;3;-1;-1,-1,-1;;3;0;3;-1;-1;-1;-1;-1;-1;-1;-1;-1;-1;-1;-1;-1;-1;-1;-1;-1;-1;-1;-1;-1;0;0;0;0;0;0;0;0;0;0;0;0;0;0;0;0;0;0;0;0;0;0;0;0;0;0;0;0;0;0;0;0;0;0;0;0;0;0;0;0;0;0;0;0;0;0;0;0;0;0;0;0;0;0;0;0;0;0;0;0;0;0;0;0;0;0;0;0;3;0;0;0;0;0;0;2013-10-13 12:00:00;1252;0;42;0;0;1;-1;-1;-1;-1;-1;-1;-1;-1;-1;-1;-1;-1;-1;-1;-1;0;0;0;0;0;0;0;-1;-1;-1;-1;-1;-1;-1;-1;-1;-1;-1;-1;-1;-1;-1;-1;-1;-1;-1;-1;-1;-1;-1;34;38;46;67;96;0;0;0;0;9.77;2.83;0;3.05;Šilas;Kauno Žalgiris;2.46;1.21;2.42;1.42;1.71;1.67;67;63;54;33;4;82;37;37;0;0;0;266;27;Y;Y;Y;N;N;N;N
76000;1253;1261;2013;complete;374;4;-1;;-1,-1,-1,-1,-1,-1;0;6;6;-1;-1;-1;-1;-1;-1;-1;-1;-1;-1;-1;-1;-1;-1;-1;-1;-1;-1;-1;-1;-1;0;0;0;0;0;0;0;0;0;0;0;0;0;0;0;0;0;0;0;0;0;0;0;0;0;0;0;0;0;0;0;0;0;0;0;0;0;0;0;0;0;0;0;0;0;0;0;0;0;0;0;0;0;0;0;0;0;0;0;0;0;0;0;0;0;0;0;0;6;0;0;0;0;0;0;2013-10-19 09:00:00;1261;0;55;0;0;1;-1;-1;-1;-1;-1;-1;-1;-1;-1;-1;-1;-1;-1;-1;-1;0;0;0;0;0;0;0;-1;-1;-1;-1;-1;-1;-1;-1;-1;-1;-1;-1;-1;-1;-1;-1;-1;-1;-1;-1;-1;-1;-1;29;46;59;75;88;0;0;0;0;4.29;1.67;0;3.09;Lokomotyvas Radviliškis;Žalgirietis;1.71;1.54;1.75;1.42;1.52;1.28;71;54;42;25;13;29;7;7;0;0;0;266;27;Y;Y;Y;Y;Y;Y;N
76001;1228;1252;2013;complete;373;4;-1;-1;-1,-1;1;2;3;-1;-1;-1;-1;-1;-1;-1;-1;-1;-1;-1;-1;-1;-1;-1;-1;-1;-1;-1;-1;-1;0;0;0;0;0;0;0;0;0;0;0;0;0;0;0;0;0;0;0;0;0;0;0;0;0;0;0;0;0;0;0;0;0;0;0;0;0;0;0;0;0;0;0;0;0;0;0;0;0;0;0;0;0;0;0;0;0;0;0;0;0;0;0;0;0;0;0;0;3;0;0;0;0;0;0;2013-10-19 11:00:00;1252;0;63;0;0;1;-1;-1;-1;-1;-1;-1;-1;-1;-1;-1;-1;-1;-1;-1;-1;0;0;0;0;0;0;0;-1;-1;-1;-1;-1;-1;-1;-1;-1;-1;-1;-1;-1;-1;-1;-1;-1;-1;-1;-1;-1;-1;-1;30;34;54;88;96;0;0;0;0;11.71;3.5;0;3.17;Jonava;Šilas;1.23;1.07;1.33;1;1.48;1.76;71;67;46;13;4;79;68;52;0;0;0;266;27;Y;Y;Y;N;N;N;Y
76002;1235;1241;2013;complete;373;4;-1;;-1,-1;0;2;2;5;5;10;9;2;0;0;0;0;10;5;6;8;16;13;14;13;53;47;0;0;0;0;0;0;0;0;0;0;0;0;0;0;0;0;0;0;0;0;0;0;0;0;0;0;0;0;0;0;0;0;0;0;0;0;0;0;0;0;0;0;0;0;0;0;0;0;0;0;0;0;0;0;0;0;0;0;0;0;0;0;0;0;0;0;0;0;0;0;2;0;0;0;0;0;0;2013-10-19 11:00:00;1241;0;63;0;0;1;-1;-1;-1;-1;-1;-1;-1;-1;0;0;0;0;0;0;-1;0;0;0;0;0;0;0;-1;-1;-1;-1;-1;-1;-1;-1;-1;-1;-1;-1;-1;-1;-1;-1;-1;-1;-1;-1;-1;-1;-1;34;38;42;88;92;0;0;0;0;12.8;1.92;0;3.63;Granitas Klaipėda;Nevėžis;2.36;1.54;2.5;1.42;2.28;1.84;67;63;59;13;8;88;63;63;0;0;0;266;27;Y;Y;N;N;N;N;N
76003;1242;1262;2013;complete;374;4;-1;-1,-1;-1;2;1;3;-1;-1;-1;-1;-1;-1;-1;-1;-1;-1;-1;-1;-1;-1;-1;-1;-1;-1;-1;-1;-1;0;0;0;0;0;0;0;0;0;0;0;0;0;0;0;0;0;0;0;0;0;0;0;0;0;0;0;0;0;0;0;0;0;0;0;0;0;0;0;0;0;0;0;0;0;0;0;0;0;0;0;0;0;0;0;0;0;0;0;0;0;0;0;0;0;0;0;0;3;0;0;0;0;0;0;2013-10-19 11:00:00;1242;0;71;0;0;1;-1;-1;-1;-1;-1;-1;-1;-1;-1;-1;-1;-1;-1;-1;-1;0;0;0;0;0;0;0;-1;-1;-1;-1;-1;-1;-1;-1;-1;-1;-1;-1;-1;-1;-1;-1;-1;-1;-1;-1;-1;-1;-1;42;67;75;83;96;0;0;0;0;8.5;1.33;0;4.38;Palanga;Baltija;0.62;0.79;0.42;0.67;0.36;0.84;59;34;25;17;4;75;59;50;0;0;0;266;27;Y;Y;Y;N;N;N;Y
76004;1263;1248;2013;complete;374;4;-1;-1,-1;-1;2;1;3;-1;-1;-1;-1;-1;-1;-1;-1;-1;-1;-1;-1;-1;-1;-1;-1;-1;-1;-1;-1;-1;0;0;0;0;0;0;0;0;0;0;0;0;0;0;0;0;0;0;0;0;0;0;0;0;0;0;0;0;0;0;0;0;0;0;0;0;0;0;0;0;0;0;0;0;0;0;0;0;0;0;0;0;0;0;0;0;0;0;0;0;0;0;0;0;0;0;0;0;3;0;0;0;0;0;0;2013-10-19 13:00:00;1263;0;55;0;0;1;-1;-1;-1;-1;-1;-1;-1;-1;-1;-1;-1;-1;-1;-1;-1;0;0;0;0;0;0;0;-1;-1;-1;-1;-1;-1;-1;-1;-1;-1;-1;-1;-1;-1;-1;-1;-1;-1;-1;-1;-1;-1;-1;25;38;50;67;92;0;0;0;0;8.47;0.58;0;2.96;Polonija;Šilutė;1.15;1;1;1.08;0.96;1.12;75;63;50;34;8;90;54;34;0;0;0;266;27;Y;Y;Y;N;N;N;Y
76005;1231;1232;2013;complete;373;4;-1;-1,-1;-1,-1,-1,-1,-1,-1,-1,-1;2;8;10;4;4;8;3;1;0;0;0;0;5;8;2;6;7;14;15;12;48;52;0;0;0;0;0;0;0;0;0;0;0;0;0;0;0;0;0;0;0;0;0;0;0;0;0;0;0;0;0;0;0;0;0;0;0;0;0;0;0;0;0;0;0;0;0;0;0;0;0;0;0;0;0;0;0;0;0;0;0;0;0;0;0;0;0;0;0;0;0;0;10;0;0;0;0;0;0;2013-10-20 11:00:00;1232;0;63;0;0;1;-1;-1;-1;-1;-1;-1;-1;-1;0;0;0;0;0;0;-1;0;0;0;0;0;0;0;-1;-1;-1;-1;-1;-1;-1;-1;-1;-1;-1;-1;-1;-1;-1;-1;-1;-1;-1;-1;-1;-1;-1;34;42;63;83;96;0;0;0;0;10.95;0.25;0;3.42;Kauno Žalgiris;Trakai;1.77;2.08;1.92;2;1.6;1.76;67;59;38;17;4;75;75;53;0;0;0;266;27;Y;Y;Y;Y;Y;Y;Y
76006;1235;1228;2013;complete;373;5;-1;-1,-1,-1,-1,-1,-1,-1;-1,-1;7;2;9;7;5;12;5;5;0;0;0;0;2;5;7;5;9;10;16;6;50;50;0;0;0;0;0;0;0;0;0;0;0;0;0;0;0;0;0;0;0;0;0;0;0;0;0;0;0;0;0;0;0;0;0;0;0;0;0;0;0;0;0;0;0;0;0;0;0;0;0;0;0;0;0;0;0;0;0;0;0;0;0;0;0;0;0;0;0;0;0;0;9;0;0;0;0;0;0;2013-10-27 11:00:00;1235;0;66;0;0;1;-1;-1;-1;-1;-1;-1;-1;-1;0;0;0;0;0;0;-1;0;0;0;0;0;0;0;-1;-1;-1;-1;-1;-1;-1;-1;-1;-1;-1;-1;-1;-1;-1;-1;-1;-1;-1;-1;-1;-1;-1;31;39;58;81;89;0;0;0;0;10.36;3.08;0;3.5;Granitas Klaipėda;Jonava;2.36;1.5;2.31;1.62;2.19;1.42;70;62;42;19;12;89;54;36;0;0;0;266;27;Y;Y;Y;Y;Y;Y;Y
76007;1241;1231;2013;complete;373;5;-1;-1,-1,-1,-1;;4;0;4;-1;-1;-1;-1;-1;-1;-1;-1;-1;-1;-1;-1;-1;-1;-1;-1;-1;-1;-1;-1;-1;0;0;0;0;0;0;0;0;0;0;0;0;0;0;0;0;0;0;0;0;0;0;0;0;0;0;0;0;0;0;0;0;0;0;0;0;0;0;0;0;0;0;0;0;0;0;0;0;0;0;0;0;0;0;0;0;0;0;0;0;0;0;0;0;0;0;0;0;4;0;0;0;0;0;0;2013-10-27 11:00:00;1241;0;58;0;0;1;-1;-1;-1;-1;-1;-1;-1;-1;-1;-1;-1;-1;-1;-1;-1;0;0;0;0;0;0;0;-1;-1;-1;-1;-1;-1;-1;-1;-1;-1;-1;-1;-1;-1;-1;-1;-1;-1;-1;-1;-1;-1;-1;38;50;62;69;96;0;0;0;0;10.2;1.31;0;3.38;Nevėžis;Kauno Žalgiris;2.29;1.21;2.23;1.31;1.88;1.54;62;50;39;31;4;80;50;40;0;0;0;266;27;Y;Y;Y;Y;N;N;N
76008;1232;1252;2013;complete;373;5;-1;-1,-1;;2;0;2;-1;-1;-1;-1;-1;-1;-1;-1;-1;-1;-1;-1;-1;-1;-1;-1;-1;-1;-1;-1;-1;0;0;0;0;0;0;0;0;0;0;0;0;0;0;0;0;0;0;0;0;0;0;0;0;0;0;0;0;0;0;0;0;0;0;0;0;0;0;0;0;0;0;0;0;0;0;0;0;0;0;0;0;0;0;0;0;0;0;0;0;0;0;0;0;0;0;0;0;2;0;0;0;0;0;0;2013-10-27 11:00:00;1232;0;58;0;0;1;-1;-1;-1;-1;-1;-1;-1;-1;-1;-1;-1;-1;-1;-1;-1;0;0;0;0;0;0;0;-1;-1;-1;-1;-1;-1;-1;-1;-1;-1;-1;-1;-1;-1;-1;-1;-1;-1;-1;-1;-1;-1;-1;23;31;66;77;92;0;0;0;0;10.1;1.16;0;3.04;Trakai;Šilas;1.64;1.07;1.54;1.15;1.81;1.81;77;70;35;23;8;65;65;55;0;0;0;266;27;Y;Y;N;N;N;N;N
76009;1253;1242;2013;complete;374;5;-1;-1,-1,-1,-1,-1,-1;;6;0;6;-1;-1;-1;-1;-1;-1;-1;-1;-1;-1;-1;-1;-1;-1;-1;-1;-1;-1;-1;-1;-1;0;0;0;0;0;0;0;0;0;0;0;0;0;0;0;0;0;0;0;0;0;0;0;0;0;0;0;0;0;0;0;0;0;0;0;0;0;0;0;0;0;0;0;0;0;0;0;0;0;0;0;0;0;0;0;0;0;0;0;0;0;0;0;0;0;0;0;0;6;0;0;0;0;0;0;2013-10-27 11:00:00;1253;0;47;0;0;1;-1;-1;-1;-1;-1;-1;-1;-1;-1;-1;-1;-1;-1;-1;-1;0;0;0;0;0;0;0;-1;-1;-1;-1;-1;-1;-1;-1;-1;-1;-1;-1;-1;-1;-1;-1;-1;-1;-1;-1;-1;-1;-1;31;46;66;81;96;0;0;0;0;1.33;0;0;3.77;Lokomotyvas Radviliškis;Palanga;1.71;0.29;1.62;0.31;1.46;0.46;69;54;35;20;4;17;17;17;0;0;0;266;27;Y;Y;Y;Y;Y;Y;N
76010;1261;1263;2013;complete;374;5;-1;-1,-1,-1;;3;0;3;-1;-1;-1;-1;-1;-1;-1;-1;-1;-1;-1;-1;-1;-1;-1;-1;-1;-1;-1;-1;-1;0;0;0;0;0;0;0;0;0;0;0;0;0;0;0;0;0;0;0;0;0;0;0;0;0;0;0;0;0;0;0;0;0;0;0;0;0;0;0;0;0;0;0;0;0;0;0;0;0;0;0;0;0;0;0;0;0;0;0;0;0;0;0;0;0;0;0;0;3;0;0;0;0;0;0;2013-10-27 11:00:00;1261;0;54;0;0;1;-1;-1;-1;-1;-1;-1;-1;-1;-1;-1;-1;-1;-1;-1;-1;0;0;0;0;0;0;0;-1;-1;-1;-1;-1;-1;-1;-1;-1;-1;-1;-1;-1;-1;-1;-1;-1;-1;-1;-1;-1;-1;-1;31;54;74;89;96;0;0;0;0;11.03;3.24;0;4.08;Žalgirietis;Polonija;1.29;0.86;1.15;0.92;1.35;1.04;70;46;27;12;4;73;56;49;0;0;0;266;27;Y;Y;Y;N;N;N;N
76011;1248;1262;2013;complete;374;5;-1;-1;-1,-1,-1;1;3;4;-1;-1;-1;-1;-1;-1;-1;-1;-1;-1;-1;-1;-1;-1;-1;-1;-1;-1;-1;-1;-1;0;0;0;0;0;0;0;0;0;0;0;0;0;0;0;0;0;0;0;0;0;0;0;0;0;0;0;0;0;0;0;0;0;0;0;0;0;0;0;0;0;0;0;0;0;0;0;0;0;0;0;0;0;0;0;0;0;0;0;0;0;0;0;0;0;0;0;0;4;0;0;0;0;0;0;2013-10-27 11:00:00;1262;0;46;0;0;1;-1;-1;-1;-1;-1;-1;-1;-1;-1;-1;-1;-1;-1;-1;-1;0;0;0;0;0;0;0;-1;-1;-1;-1;-1;-1;-1;-1;-1;-1;-1;-1;-1;-1;-1;-1;-1;-1;-1;-1;-1;-1;-1;27;31;46;77;92;0;0;0;0;11.33;0;0;3.12;Šilutė;Baltija;1.07;0.79;1.15;0.62;1.08;0.81;73;69;54;23;8;100;84;84;0;0;0;266;27;Y;Y;Y;Y;N;N;Y
