ID;HOMEID;AWAYID;SEASON;STATUS;ROUNDID;GAME_WEEK;REVISED_GAME_WEEK;HOMEGOALS;AWAYGOALS;HOMEGOALCOUNT;AWAYGOALCOUNT;TOTALGOALCOUNT;TEAM_A_CORNERS;TEAM_B_CORNERS;TOTALCORNERCOUNT;TEAM_A_OFFSIDES;TEAM_B_OFFSIDES;TEAM_A_YELLOW_CARDS;TEAM_B_YELLOW_CARDS;TEAM_A_RED_CARDS;TEAM_B_RED_CARDS;TEAM_A_SHOTSONTARGET;TEAM_B_SHOTSONTARGET;TEAM_A_SHOTSOFFTARGET;TEAM_B_SHOTSOFFTARGET;TEAM_A_SHOTS;TEAM_B_SHOTS;TEAM_A_FOULS;TEAM_B_FOULS;TEAM_A_POSSESSION;TEAM_B_POSSESSION;TEAM_A_CARDS_NUM;TEAM_B_CARDS_NUM;ODDS_FT_1;ODDS_FT_X;ODDS_FT_2;ODDS_FT_OVER05;ODDS_FT_OVER15;ODDS_FT_OVER25;ODDS_FT_OVER35;ODDS_FT_OVER45;ODDS_FT_UNDER05;ODDS_FT_UNDER15;ODDS_FT_UNDER25;ODDS_FT_UNDER35;ODDS_FT_UNDER45;ODDS_BTTS_YES;ODDS_BTTS_NO;ODDS_TEAM_A_CS_YES;ODDS_TEAM_A_CS_NO;ODDS_TEAM_B_CS_YES;ODDS_TEAM_B_CS_NO;ODDS_DOUBLECHANCE_1X;ODDS_DOUBLECHANCE_12;ODDS_DOUBLECHANCE_X2;ODDS_1ST_HALF_RESULT_1;ODDS_1ST_HALF_RESULT_X;ODDS_1ST_HALF_RESULT_2;ODDS_2ND_HALF_RESULT_1;ODDS_2ND_HALF_RESULT_X;ODDS_2ND_HALF_RESULT_2;ODDS_DNB_1;ODDS_DNB_2;ODDS_CORNERS_OVER_75;ODDS_CORNERS_OVER_85;ODDS_CORNERS_OVER_95;ODDS_CORNERS_OVER_105;ODDS_CORNERS_OVER_115;ODDS_CORNERS_UNDER_75;ODDS_CORNERS_UNDER_85;ODDS_CORNERS_UNDER_95;ODDS_CORNERS_UNDER_105;ODDS_CORNERS_UNDER_115;ODDS_CORNERS_1;ODDS_CORNERS_X;ODDS_CORNERS_2;ODDS_TEAM_TO_SCORE_FIRST_1;ODDS_TEAM_TO_SCORE_FIRST_X;ODDS_TEAM_TO_SCORE_FIRST_2;ODDS_WIN_TO_NIL_1;ODDS_WIN_TO_NIL_2;ODDS_1ST_HALF_OVER05;ODDS_1ST_HALF_OVER15;ODDS_1ST_HALF_OVER25;ODDS_1ST_HALF_OVER35;ODDS_1ST_HALF_UNDER05;ODDS_1ST_HALF_UNDER15;ODDS_1ST_HALF_UNDER25;ODDS_1ST_HALF_UNDER35;ODDS_2ND_HALF_OVER05;ODDS_2ND_HALF_OVER15;ODDS_2ND_HALF_OVER25;ODDS_2ND_HALF_OVER35;ODDS_2ND_HALF_UNDER05;ODDS_2ND_HALF_UNDER15;ODDS_2ND_HALF_UNDER25;ODDS_2ND_HALF_UNDER35;ODDS_BTTS_1ST_HALF_YES;ODDS_BTTS_1ST_HALF_NO;ODDS_BTTS_2ND_HALF_YES;ODDS_BTTS_2ND_HALF_NO;OVERALLGOALCOUNT;HT_GOALS_TEAM_A;HT_GOALS_TEAM_B;GOALS_2HG_TEAM_A;GOALS_2HG_TEAM_B;GOALCOUNT_2HG;HTGOALCOUNT;DATE_UNIX;WINNINGTEAM;NO_HOME_AWAY;BTTS_POTENTIAL;BTTS_FHG_POTENTIAL;BTTS_2HG_POTENTIAL;GOALTIMINGDISABLED;CORNER_TIMINGS_RECORDED;CARD_TIMINGS_RECORDED;TEAM_A_FH_CORNERS;TEAM_B_FH_CORNERS;TEAM_A_2H_CORNERS;TEAM_B_2H_CORNERS;CORNER_FH_COUNT;CORNER_2H_COUNT;TEAM_A_FH_CARDS;TEAM_B_FH_CARDS;TEAM_A_2H_CARDS;TEAM_B_2H_CARDS;TOTAL_FH_CARDS;TOTAL_2H_CARDS;ATTACKS_RECORDED;TEAM_A_DANGEROUS_ATTACKS;TEAM_B_DANGEROUS_ATTACKS;TEAM_A_ATTACKS;TEAM_B_ATTACKS;TEAM_A_XG;TEAM_B_XG;TOTAL_XG;TEAM_A_PENALTIES_WON;TEAM_B_PENALTIES_WON;TEAM_A_PENALTY_GOALS;TEAM_B_PENALTY_GOALS;TEAM_A_PENALTY_MISSED;TEAM_B_PENALTY_MISSED;PENS_RECORDED;GOAL_TIMINGS_RECORDED;TEAM_A_0_10_MIN_GOALS;TEAM_B_0_10_MIN_GOALS;TEAM_A_CORNERS_0_10_MIN;TEAM_B_CORNERS_0_10_MIN;TEAM_A_CARDS_0_10_MIN;TEAM_B_CARDS_0_10_MIN;THROWINS_RECORDED;TEAM_A_THROWINS;TEAM_B_THROWINS;FREEKICKS_RECORDED;TEAM_A_FREEKICKS;TEAM_B_FREEKICKS;GOALKICKS_RECORDED;TEAM_A_GOALKICKS;TEAM_B_GOALKICKS;O45_POTENTIAL;O35_POTENTIAL;O25_POTENTIAL;O15_POTENTIAL;O05_POTENTIAL;O15HT_POTENTIAL;O05HT_POTENTIAL;O05_2H_POTENTIAL;O15_2H_POTENTIAL;CORNERS_POTENTIAL;OFFSIDES_POTENTIAL;CARDS_POTENTIAL;AVG_POTENTIAL;HOME_NAME;AWAY_NAME;HOME_PPG;AWAY_PPG;PRE_MATCH_HOME_PPG;PRE_MATCH_AWAY_PPG;PRE_MATCH_TEAMA_OVERALL_PPG;PRE_MATCH_TEAMB_OVERALL_PPG;U45_POTENTIAL;U35_POTENTIAL;U25_POTENTIAL;U15_POTENTIAL;U05_POTENTIAL;CORNERS_O85_POTENTIAL;CORNERS_O95_POTENTIAL;CORNERS_O105_POTENTIAL;TEAM_A_XG_PREMATCH;TEAM_B_XG_PREMATCH;TOTAL_XG_PREMATCH;COMPETITION_ID;MATCHES_COMPLETED_MINIMUM;OVER05;OVER15;OVER25;OVER35;OVER45;OVER55;BTTS
200283;3603;3606;2015/2016;complete;1210;1;-1;68,76,90;;3;0;3;4;7;11;4;2;0;3;0;0;2;5;4;5;6;10;19;17;44;56;0;3;0;0;0;0;0;0;0;0;0;0;0;0;0;0;0;0;0;0;0;0;0;0;0;0;0;0;0;0;0;0;0;0;0;0;0;0;0;0;0;0;0;0;0;0;0;0;0;0;0;0;0;0;0;0;0;0;0;0;0;0;0;0;0;0;0;0;0;0;3;0;0;3;0;3;0;2015-07-17 15:30:00;3603;0;0;0;0;0;-1;1;-1;-1;-1;-1;-1;-1;0;1;0;2;1;2;-1;0;0;0;0;0;0;0;0;0;0;0;0;0;1;1;0;0;-1;-1;0;0;-1;-1;-1;-1;-1;-1;-1;-1;-1;0;0;0;0;0;0;0;0;0;0;0;0;0;Slavia Sofia;Lokomotiv Plovdiv;1.44;0.69;0;0;0;0;0;0;0;0;0;0;0;0;0;0;0;692;32;Y;Y;Y;N;N;N;N
200284;3599;3605;2015/2016;complete;1210;1;-1;69;11;1;1;2;4;5;9;1;2;3;4;0;0;5;3;6;9;11;12;16;24;58;42;3;4;0;0;0;0;0;0;0;0;0;0;0;0;0;0;0;0;0;0;0;0;0;0;0;0;0;0;0;0;0;0;0;0;0;0;0;0;0;0;0;0;0;0;0;0;0;0;0;0;0;0;0;0;0;0;0;0;0;0;0;0;0;0;0;0;0;0;0;0;2;0;1;1;0;1;1;2015-07-18 15:30:00;-1;0;0;0;0;0;-1;1;-1;-1;-1;-1;-1;-1;1;1;2;3;2;5;-1;0;0;0;0;0;0;0;0;0;0;0;0;0;1;1;0;0;-1;-1;0;0;-1;-1;-1;-1;-1;-1;-1;-1;-1;0;0;0;0;0;0;0;0;0;0;0;0;0;Botev Plovdiv;Levski Sofia;1.44;1.38;0;0;0;0;0;0;0;0;0;0;0;0;0;0;0;692;32;Y;Y;N;N;N;N;Y
200285;3608;3611;2015/2016;complete;1210;1;-1;55;90;1;1;2;1;5;6;1;0;1;2;0;0;3;4;4;7;7;11;12;26;52;48;1;2;0;0;0;0;0;0;0;0;0;0;0;0;0;0;0;0;0;0;0;0;0;0;0;0;0;0;0;0;0;0;0;0;0;0;0;0;0;0;0;0;0;0;0;0;0;0;0;0;0;0;0;0;0;0;0;0;0;0;0;0;0;0;0;0;0;0;0;0;2;0;0;1;1;2;0;2015-07-19 15:30:00;-1;0;0;0;0;0;-1;1;-1;-1;-1;-1;-1;-1;0;2;1;0;2;1;-1;0;0;0;0;0;0;0;0;0;0;0;0;0;1;1;0;0;-1;-1;0;0;-1;-1;-1;-1;-1;-1;-1;-1;-1;0;0;0;0;0;0;0;0;0;0;0;0;0;OFK Pirin;Cherno More;0.88;0.88;0;0;0;0;0;0;0;0;0;0;0;0;0;0;0;692;32;Y;Y;N;N;N;N;Y
200286;3607;3612;2015/2016;complete;1210;1;-1;;;0;0;0;6;0;6;3;0;1;2;0;0;9;3;5;3;14;6;13;22;60;40;1;2;0;0;0;0;0;0;0;0;0;0;0;0;0;0;0;0;0;0;0;0;0;0;0;0;0;0;0;0;0;0;0;0;0;0;0;0;0;0;0;0;0;0;0;0;0;0;0;0;0;0;0;0;0;0;0;0;0;0;0;0;0;0;0;0;0;0;0;0;0;0;0;0;0;0;0;2015-07-19 18:00:00;-1;0;0;0;0;0;-1;1;-1;-1;-1;-1;-1;-1;0;1;1;1;1;2;-1;0;0;0;0;0;0;0;0;0;0;0;0;0;1;1;0;0;-1;-1;0;1;-1;-1;-1;-1;-1;-1;-1;-1;-1;0;0;0;0;0;0;0;0;0;0;0;0;0;Beroe;Montana;1.75;0.38;0;0;0;0;0;0;0;0;0;0;0;0;0;0;0;692;32;N;N;N;N;N;N;N
200287;3612;3599;2015/2016;complete;1210;2;-1;5,7,14,35,55,90;;6;0;6;2;6;8;1;3;2;1;0;1;2;4;3;6;5;10;15;19;49;51;2;2;0;0;0;0;0;0;0;0;0;0;0;0;0;0;0;0;0;0;0;0;0;0;0;0;0;0;0;0;0;0;0;0;0;0;0;0;0;0;0;0;0;0;0;0;0;0;0;0;0;0;0;0;0;0;0;0;0;0;0;0;0;0;0;0;0;0;0;0;6;4;0;2;0;2;4;2015-07-25 15:30:00;3612;0;0;0;0;0;-1;1;-1;-1;-1;-1;-1;-1;1;0;1;2;1;3;-1;0;0;0;0;0;0;0;0;0;0;0;0;0;1;1;2;0;-1;-1;0;0;-1;-1;-1;-1;-1;-1;-1;-1;-1;0;0;0;0;0;0;0;0;0;0;0;0;0;Montana;Botev Plovdiv;0.94;0.63;0;0;1;1;0;0;0;0;0;0;0;0;0;0;0;692;32;Y;Y;Y;Y;Y;Y;N
200288;3611;111;2015/2016;complete;1210;2;-1;75,90;6,63,89;2;3;5;11;4;15;5;4;5;3;0;0;4;0;4;3;8;3;17;18;49;51;5;3;0;0;0;0;0;0;0;0;0;0;0;0;0;0;0;0;0;0;0;0;0;0;0;0;0;0;0;0;0;0;0;0;0;0;0;0;0;0;0;0;0;0;0;0;0;0;0;0;0;0;0;0;0;0;0;0;0;0;0;0;0;0;0;0;0;0;0;0;5;0;1;2;2;4;1;2015-07-26 15:30:00;111;0;0;0;0;0;-1;1;-1;-1;-1;-1;-1;-1;2;0;3;3;2;6;-1;0;0;0;0;0;0;0;0;0;0;0;0;0;1;1;0;1;-1;-1;0;0;-1;-1;-1;-1;-1;-1;-1;-1;-1;0;0;0;0;0;0;0;0;0;0;0;0;0;Cherno More;Ludogorets;1.5;1.94;0;0;1;0;0;0;0;0;0;0;0;0;0;0;0;692;32;Y;Y;Y;Y;Y;N;Y
200289;3606;3607;2015/2016;complete;1210;2;-1;32;17,77;1;2;3;2;1;3;1;2;1;3;0;0;4;4;7;6;11;10;16;12;51;49;1;3;0;0;0;0;0;0;0;0;0;0;0;0;0;0;0;0;0;0;0;0;0;0;0;0;0;0;0;0;0;0;0;0;0;0;0;0;0;0;0;0;0;0;0;0;0;0;0;0;0;0;0;0;0;0;0;0;0;0;0;0;0;0;0;0;0;0;0;0;3;1;1;0;1;1;2;2015-07-26 18:00:00;3607;0;0;0;0;0;-1;1;-1;-1;-1;-1;-1;-1;1;1;0;2;2;2;-1;0;0;0;0;0;0;0;1;0;1;0;0;0;1;1;0;0;-1;-1;0;0;-1;-1;-1;-1;-1;-1;-1;-1;-1;0;0;0;0;0;0;0;0;0;0;0;0;0;Lokomotiv Plovdiv;Beroe;2.38;1.56;0;0;0;1;0;0;0;0;0;0;0;0;0;0;0;692;32;Y;Y;Y;N;N;N;Y
200290;3608;3603;2015/2016;complete;1210;2;-1;;43,77,84;0;3;3;5;7;12;0;2;5;6;0;0;2;4;3;7;5;11;12;19;57;43;5;6;0;0;0;0;0;0;0;0;0;0;0;0;0;0;0;0;0;0;0;0;0;0;0;0;0;0;0;0;0;0;0;0;0;0;0;0;0;0;0;0;0;0;0;0;0;0;0;0;0;0;0;0;0;0;0;0;0;0;0;0;0;0;0;0;0;0;0;0;3;0;1;0;2;2;1;2015-07-27 18:00:00;3603;0;50;0;50;0;-1;1;-1;-1;-1;-1;-1;-1;3;3;2;3;6;5;-1;0;0;0;0;0;0;0;0;1;0;1;0;0;1;1;0;0;-1;-1;0;0;-1;-1;-1;-1;-1;-1;-1;-1;-1;0;0;0;50;50;0;0;50;50;1;1;1;1;OFK Pirin;Slavia Sofia;0.88;1.63;1;0;1;3;50;50;50;0;0;0;0;0;0;0;0;692;32;Y;Y;Y;N;N;N;N
200291;3599;3606;2015/2016;complete;1210;3;-1;45;48;1;1;2;6;3;9;1;1;3;5;0;0;7;3;5;4;12;7;16;19;57;43;3;5;0;0;0;0;0;0;0;0;0;0;0;0;0;0;0;0;0;0;0;0;0;0;0;0;0;0;0;0;0;0;0;0;0;0;0;0;0;0;0;0;0;0;0;0;0;0;0;0;0;0;0;0;0;0;0;0;0;0;0;0;0;0;0;0;0;0;0;0;2;1;0;0;1;1;1;2015-08-01 15:30:00;-1;0;50;0;0;0;-1;1;-1;-1;-1;-1;-1;-1;2;1;1;4;3;5;-1;0;0;0;0;0;0;0;0;0;0;0;0;0;1;1;0;0;-1;-1;0;0;-1;-1;-1;-1;-1;-1;-1;-1;-1;0;0;50;100;100;0;50;100;50;11;3;6;2.5;Botev Plovdiv;Lokomotiv Plovdiv;1.44;0.69;1;0;0.5;0;100;100;50;0;0;100;50;50;0;0;0;692;32;Y;Y;N;N;N;N;Y
200292;111;3605;2015/2016;complete;1210;3;-1;61,86;;2;0;2;5;2;7;2;2;6;7;0;0;6;6;7;5;13;11;23;22;59;41;6;7;0;0;0;0;0;0;0;0;0;0;0;0;0;0;0;0;0;0;0;0;0;0;0;0;0;0;0;0;0;0;0;0;0;0;0;0;0;0;0;0;0;0;0;0;0;0;0;0;0;0;0;0;0;0;0;0;0;0;0;0;0;0;0;0;0;0;0;0;2;0;0;2;0;2;0;2015-08-01 18:00:00;111;0;50;0;0;0;-1;1;-1;-1;-1;-1;-1;-1;2;4;4;3;6;7;-1;0;0;0;0;0;0;0;0;0;0;0;0;0;1;1;0;0;-1;-1;0;0;-1;-1;-1;-1;-1;-1;-1;-1;-1;0;0;0;50;50;0;50;50;0;5;2;4;1;Ludogorets;Levski Sofia;2.44;1.38;0;1;3;1;50;50;50;0;0;50;0;0;0;0;0;692;32;Y;Y;N;N;N;N;N
200293;3603;3611;2015/2016;complete;1210;3;-1;;17;0;1;1;7;1;8;0;4;2;6;0;1;4;2;8;4;12;6;15;29;54;46;2;8;0;0;0;0;0;0;0;0;0;0;0;0;0;0;0;0;0;0;0;0;0;0;0;0;0;0;0;0;0;0;0;0;0;0;0;0;0;0;0;0;0;0;0;0;0;0;0;0;0;0;0;0;0;0;0;0;0;0;0;0;0;0;0;0;0;0;0;0;1;0;1;0;0;0;1;2015-08-02 15:30:00;3611;0;50;0;50;0;-1;1;-1;-1;-1;-1;-1;-1;0;4;2;3;4;5;-1;0;0;0;0;0;0;0;0;0;0;0;0;0;1;1;0;0;-1;-1;0;0;-1;-1;-1;-1;-1;-1;-1;-1;-1;0;0;50;100;100;0;0;100;100;9;4;2;2.5;Slavia Sofia;Cherno More;1.44;0.88;3;1;3;0.5;100;100;50;0;0;50;50;50;0;0;0;692;32;Y;N;N;N;N;N;N
200294;3607;3608;2015/2016;complete;1210;3;-1;10;;1;0;1;4;3;7;2;1;2;1;0;0;5;5;3;5;8;10;20;8;48;52;2;1;0;0;0;0;0;0;0;0;0;0;0;0;0;0;0;0;0;0;0;0;0;0;0;0;0;0;0;0;0;0;0;0;0;0;0;0;0;0;0;0;0;0;0;0;0;0;0;0;0;0;0;0;0;0;0;0;0;0;0;0;0;0;0;0;0;0;0;0;1;1;0;0;0;0;1;2015-08-02 18:00:00;3607;0;0;0;0;0;-1;1;-1;-1;-1;-1;-1;-1;1;1;1;0;2;1;-1;0;0;0;0;0;0;0;0;0;0;0;0;0;1;1;1;0;-1;-1;1;0;-1;-1;-1;-1;-1;-1;-1;-1;-1;0;0;0;0;0;0;0;0;0;6;3;1;0;Beroe;OFK Pirin;1.75;0.75;1;0;2;0.5;50;50;50;50;50;0;0;0;0;0;0;692;32;Y;N;N;N;N;N;N
200295;3612;111;2015/2016;complete;1210;4;-1;6;49;1;1;2;5;5;10;2;1;3;3;0;1;6;4;11;6;17;10;15;12;46;54;3;4;0;0;0;0;0;0;0;0;0;0;0;0;0;0;0;0;0;0;0;0;0;0;0;0;0;0;0;0;0;0;0;0;0;0;0;0;0;0;0;0;0;0;0;0;0;0;0;0;0;0;0;0;0;0;0;0;0;0;0;0;0;0;0;0;0;0;0;0;2;1;0;0;1;1;1;2015-08-07 14:30:00;-1;0;50;0;50;0;-1;1;-1;-1;-1;-1;-1;-1;2;2;1;2;4;3;-1;0;0;0;0;0;0;0;0;1;0;1;0;0;1;1;1;0;-1;-1;0;0;-1;-1;-1;-1;-1;-1;-1;-1;-1;100;100;100;100;100;50;100;100;100;6;5;5;5.5;Montana;Ludogorets;0.94;1.94;3;3;2;3;0;0;0;0;0;50;50;50;0;0;0;692;32;Y;Y;N;N;N;N;Y
200296;3611;3605;2015/2016;complete;1210;4;-1;;45;0;1;1;1;3;4;3;3;2;4;0;0;4;4;4;4;8;8;22;17;53;47;2;4;0;0;0;0;0;0;0;0;0;0;0;0;0;0;0;0;0;0;0;0;0;0;0;0;0;0;0;0;0;0;0;0;0;0;0;0;0;0;0;0;0;0;0;0;0;0;0;0;0;0;0;0;0;0;0;0;0;0;0;0;0;0;0;0;0;0;0;0;1;0;1;0;0;0;1;2015-08-08 14:30:00;3605;0;75;0;50;0;-1;1;-1;-1;-1;-1;-1;-1;2;1;0;3;3;3;-1;0;0;0;0;0;0;0;0;0;0;0;0;0;1;1;0;0;-1;-1;0;0;-1;-1;-1;-1;-1;-1;-1;-1;-1;50;50;50;100;100;0;75;100;75;14.5;7;10.5;3.5;Cherno More;Levski Sofia;1.5;1.38;0;0.5;1.33;0.5;50;50;50;0;0;75;50;50;0;0;0;692;32;Y;N;N;N;N;N;N
200297;3603;3607;2015/2016;complete;1210;4;-1;;;0;0;0;5;4;9;3;1;3;2;0;1;7;0;9;6;16;6;13;19;60;40;3;4;0;0;0;0;0;0;0;0;0;0;0;0;0;0;0;0;0;0;0;0;0;0;0;0;0;0;0;0;0;0;0;0;0;0;0;0;0;0;0;0;0;0;0;0;0;0;0;0;0;0;0;0;0;0;0;0;0;0;0;0;0;0;0;0;0;0;0;0;0;0;0;0;0;0;0;2015-08-09 14:30:00;-1;0;50;50;0;0;-1;1;-1;-1;-1;-1;-1;-1;1;2;2;1;3;3;-1;0;0;0;0;0;0;0;0;0;0;0;0;0;1;1;0;0;-1;-1;0;1;-1;-1;-1;-1;-1;-1;-1;-1;-1;0;0;75;75;100;50;75;75;25;6.5;4;4;2.5;Slavia Sofia;Beroe;1.44;1.56;1.5;3;2;2.33;100;100;25;25;0;25;25;25;0;0;0;692;32;N;N;N;N;N;N;N
200298;3608;3599;2015/2016;complete;1210;4;-1;;13;0;1;1;6;2;8;1;1;3;4;0;2;6;2;8;1;14;3;12;17;72;28;3;6;0;0;0;0;0;0;0;0;0;0;0;0;0;0;0;0;0;0;0;0;0;0;0;0;0;0;0;0;0;0;0;0;0;0;0;0;0;0;0;0;0;0;0;0;0;0;0;0;0;0;0;0;0;0;0;0;0;0;0;0;0;0;0;0;0;0;0;0;1;0;1;0;0;0;1;2015-08-09 17:00:00;3599;0;25;0;25;0;-1;1;-1;-1;-1;-1;-1;-1;1;4;2;2;5;4;-1;0;0;0;0;0;0;0;0;0;0;0;0;0;1;1;0;0;-1;-1;0;1;-1;-1;-1;-1;-1;-1;-1;-1;-1;50;50;75;100;100;50;75;100;100;9;3.5;5;4.25;OFK Pirin;Botev Plovdiv;0.88;0.63;0.5;0;0.33;0.67;50;50;25;0;0;25;25;25;0;0;0;692;32;Y;N;N;N;N;N;N
200299;3605;3612;2015/2016;complete;1210;5;-1;59,68;;2;0;2;5;4;9;5;2;1;5;0;0;5;2;4;4;9;6;13;20;52;48;1;5;0;0;0;0;0;0;0;0;0;0;0;0;0;0;0;0;0;0;0;0;0;0;0;0;0;0;0;0;0;0;0;0;0;0;0;0;0;0;0;0;0;0;0;0;0;0;0;0;0;0;0;0;0;0;0;0;0;0;0;0;0;0;0;0;0;0;0;0;2;0;0;2;0;2;0;2015-08-15 17:00:00;3605;0;0;0;0;0;-1;1;-1;-1;-1;-1;-1;-1;1;0;0;5;1;5;-1;0;0;0;0;0;0;0;0;0;0;0;0;0;1;1;0;0;-1;-1;0;0;-1;-1;-1;-1;-1;-1;-1;-1;-1;0;0;0;0;0;0;0;0;0;0;0;2;0;Levski Sofia;Montana;2.13;0.38;0;1;1.33;1.67;50;50;50;50;50;0;0;0;0;0;0;692;32;Y;Y;N;N;N;N;N
200300;3599;3603;2015/2016;complete;1210;5;-1;;60;0;1;1;11;2;13;0;6;3;4;0;0;3;3;7;8;10;11;23;20;63;37;3;4;0;0;0;0;0;0;0;0;0;0;0;0;0;0;0;0;0;0;0;0;0;0;0;0;0;0;0;0;0;0;0;0;0;0;0;0;0;0;0;0;0;0;0;0;0;0;0;0;0;0;0;0;0;0;0;0;0;0;0;0;0;0;0;0;0;0;0;0;1;0;0;0;1;1;0;2015-08-16 14:30:00;3603;0;50;0;0;0;-1;1;-1;-1;-1;-1;-1;-1;3;3;0;1;6;1;-1;0;0;0;0;0;0;0;0;0;0;0;0;0;1;1;0;0;-1;-1;0;0;-1;-1;-1;-1;-1;-1;-1;-1;-1;0;0;50;100;100;0;100;100;50;12;3;9;2.5;Botev Plovdiv;Slavia Sofia;1.44;1.63;1;3;1.25;1.75;100;100;50;0;0;100;50;50;0;0;0;692;32;Y;N;N;N;N;N;N
200301;111;3606;2015/2016;complete;1210;5;-1;42;;1;0;1;6;4;10;2;4;3;3;0;0;8;3;10;3;18;6;16;23;54;46;3;3;0;0;0;0;0;0;0;0;0;0;0;0;0;0;0;0;0;0;0;0;0;0;0;0;0;0;0;0;0;0;0;0;0;0;0;0;0;0;0;0;0;0;0;0;0;0;0;0;0;0;0;0;0;0;0;0;0;0;0;0;0;0;0;0;0;0;0;0;1;1;0;0;0;0;1;2015-08-16 17:00:00;111;0;25;0;0;0;-1;1;-1;-1;-1;-1;-1;-1;1;2;2;1;3;3;-1;0;0;0;0;0;0;0;0;0;0;0;0;0;1;1;0;0;-1;-1;0;0;-1;-1;-1;-1;-1;-1;-1;-1;-1;0;0;25;100;100;0;25;100;75;10;3.5;10;2.25;Ludogorets;Lokomotiv Plovdiv;2.44;0.69;3;0.5;2.33;0.33;100;100;75;0;0;50;25;25;0;0;0;692;32;Y;N;N;N;N;N;N
200302;3607;3611;2015/2016;complete;1210;5;-1;42;61;1;1;2;6;4;10;2;2;3;5;0;0;3;2;9;8;12;10;11;23;52;48;3;5;0;0;0;0;0;0;0;0;0;0;0;0;0;0;0;0;0;0;0;0;0;0;0;0;0;0;0;0;0;0;0;0;0;0;0;0;0;0;0;0;0;0;0;0;0;0;0;0;0;0;0;0;0;0;0;0;0;0;0;0;0;0;0;0;0;0;0;0;2;1;0;0;1;1;1;2015-08-17 17:00:00;-1;0;25;0;25;0;-1;1;-1;-1;-1;-1;-1;-1;1;2;2;3;3;5;-1;0;0;0;0;0;0;0;0;0;0;0;0;0;1;1;0;0;-1;-1;0;0;-1;-1;-1;-1;-1;-1;-1;-1;-1;0;0;0;25;75;0;50;25;25;8;4.5;6.5;1;Beroe;Cherno More;1.75;0.88;2;2;2;1;100;100;100;75;25;0;0;0;0;0;0;692;32;Y;Y;N;N;N;N;Y
200303;3608;111;2015/2016;complete;1210;6;-1;;21,35,61;0;3;3;6;7;13;2;3;4;2;0;0;5;4;3;4;8;8;15;22;46;54;4;2;0;0;0;0;0;0;0;0;0;0;0;0;0;0;0;0;0;0;0;0;0;0;0;0;0;0;0;0;0;0;0;0;0;0;0;0;0;0;0;0;0;0;0;0;0;0;0;0;0;0;0;0;0;0;0;0;0;0;0;0;0;0;0;0;0;0;0;0;3;0;2;0;1;1;2;2015-08-21 17:00:00;111;0;67;0;42;0;-1;1;-1;-1;-1;-1;-1;-1;3;1;1;1;4;2;-1;0;0;0;0;0;0;0;0;0;0;0;0;0;1;1;0;0;-1;-1;0;0;-1;-1;-1;-1;-1;-1;-1;-1;-1;25;25;42;84;100;0;84;84;59;8.5;3.17;6.5;2.75;OFK Pirin;Ludogorets;0.88;1.94;0.33;2;0.25;2.5;75;75;59;17;0;67;67;42;0;0;0;692;32;Y;Y;Y;N;N;N;N
200304;3611;3612;2015/2016;complete;1210;6;-1;51;;1;0;1;7;4;11;3;1;4;3;0;0;9;3;5;7;14;10;15;19;57;43;4;3;0;0;0;0;0;0;0;0;0;0;0;0;0;0;0;0;0;0;0;0;0;0;0;0;0;0;0;0;0;0;0;0;0;0;0;0;0;0;0;0;0;0;0;0;0;0;0;0;0;0;0;0;0;0;0;0;0;0;0;0;0;0;0;0;0;0;0;0;1;0;0;1;0;1;0;2015-08-22 14:30:00;3611;0;25;0;25;0;-1;1;-1;-1;-1;-1;-1;-1;0;0;4;3;0;7;-1;0;0;0;0;0;0;0;0;0;0;0;0;0;1;1;0;0;-1;-1;0;0;-1;-1;-1;-1;-1;-1;-1;-1;-1;25;25;25;50;75;0;50;50;50;8;5;7;2;Cherno More;Montana;1.5;0.38;0;0.5;1;1.25;75;75;75;50;25;50;25;25;0;0;0;692;32;Y;N;N;N;N;N;N
200305;3607;3599;2015/2016;complete;1210;6;-1;;;0;0;0;7;4;11;1;1;4;4;0;0;5;7;7;1;12;8;13;25;56;44;4;4;0;0;0;0;0;0;0;0;0;0;0;0;0;0;0;0;0;0;0;0;0;0;0;0;0;0;0;0;0;0;0;0;0;0;0;0;0;0;0;0;0;0;0;0;0;0;0;0;0;0;0;0;0;0;0;0;0;0;0;0;0;0;0;0;0;0;0;0;0;0;0;0;0;0;0;2015-08-22 17:00:00;-1;0;17;0;0;0;-1;1;-1;-1;-1;-1;-1;-1;2;0;2;4;2;6;-1;0;0;0;0;0;0;0;0;0;0;0;0;0;1;1;0;0;-1;-1;0;0;-1;-1;-1;-1;-1;-1;-1;-1;-1;25;25;25;42;84;25;84;42;25;9.33;4.33;6;2.25;Beroe;Botev Plovdiv;1.75;0.63;1.67;1.5;1.8;1;75;75;75;59;17;17;17;0;0;0;0;692;32;N;N;N;N;N;N;N
200306;3606;3605;2015/2016;complete;1210;6;-1;46;;1;0;1;0;1;1;3;2;4;6;0;1;3;3;1;4;4;7;27;30;47;53;4;7;0;0;0;0;0;0;0;0;0;0;0;0;0;0;0;0;0;0;0;0;0;0;0;0;0;0;0;0;0;0;0;0;0;0;0;0;0;0;0;0;0;0;0;0;0;0;0;0;0;0;0;0;0;0;0;0;0;0;0;0;0;0;0;0;0;0;0;0;1;0;0;1;0;1;0;2015-08-23 17:00:00;3606;0;67;50;0;0;-1;1;-1;-1;-1;-1;-1;-1;1;1;3;6;2;9;-1;0;0;0;0;0;0;0;0;0;0;0;0;0;1;1;0;0;-1;-1;0;0;-1;-1;-1;-1;-1;-1;-1;-1;-1;0;0;50;84;100;50;84;84;17;5.33;3.33;6;2.34;Lokomotiv Plovdiv;Levski Sofia;2.38;1.38;0;1.33;0.25;1.75;100;100;50;17;0;17;0;0;0;0;0;692;32;Y;N;N;N;N;N;N
200307;111;3603;2015/2016;complete;1210;7;-1;56;87;1;1;2;3;1;4;3;1;3;5;0;0;5;4;6;7;11;11;25;22;52;48;3;5;0;0;0;0;0;0;0;0;0;0;0;0;0;0;0;0;0;0;0;0;0;0;0;0;0;0;0;0;0;0;0;0;0;0;0;0;0;0;0;0;0;0;0;0;0;0;0;0;0;0;0;0;0;0;0;0;0;0;0;0;0;0;0;0;0;0;0;0;2;0;0;1;1;2;0;2015-08-28 17:00:00;-1;0;0;0;0;0;-1;1;-1;-1;-1;-1;-1;-1;0;1;3;4;1;7;-1;0;0;0;0;0;0;0;0;0;0;0;0;0;1;1;0;0;-1;-1;0;0;-1;-1;-1;-1;-1;-1;-1;-1;-1;0;0;25;50;100;0;50;75;50;10;6;9.5;1.75;Ludogorets;Slavia Sofia;2.44;1.63;3;3;2.6;2;100;100;75;50;0;75;75;50;0;0;0;692;32;Y;Y;N;N;N;N;Y
200308;3599;3611;2015/2016;complete;1210;7;-1;71,81;86;2;1;3;6;6;12;1;2;2;2;1;0;4;5;11;6;15;11;9;17;50;50;3;2;0;0;0;0;0;0;0;0;0;0;0;0;0;0;0;0;0;0;0;0;0;0;0;0;0;0;0;0;0;0;0;0;0;0;0;0;0;0;0;0;0;0;0;0;0;0;0;0;0;0;0;0;0;0;0;0;0;0;0;0;0;0;0;0;0;0;0;0;3;0;0;2;1;3;0;2015-08-29 14:30:00;3599;0;67;0;17;0;-1;1;-1;-1;-1;-1;-1;-1;2;1;1;1;3;2;-1;0;0;0;0;0;0;0;1;0;1;0;0;0;1;1;0;0;-1;-1;0;0;-1;-1;-1;-1;-1;-1;-1;-1;-1;0;0;0;67;100;0;67;84;17;10.33;2.67;8;1.67;Botev Plovdiv;Cherno More;1.44;0.88;0.67;1.67;1;1.33;100;100;100;33;0;67;33;17;0;0;0;692;32;Y;Y;Y;N;N;N;Y
200309;3612;3606;2015/2016;complete;1210;7;-1;7,90;;2;0;2;1;4;5;4;3;2;1;0;1;4;6;7;3;11;9;20;11;48;52;2;2;0;0;0;0;0;0;0;0;0;0;0;0;0;0;0;0;0;0;0;0;0;0;0;0;0;0;0;0;0;0;0;0;0;0;0;0;0;0;0;0;0;0;0;0;0;0;0;0;0;0;0;0;0;0;0;0;0;0;0;0;0;0;0;0;0;0;0;0;2;1;0;1;0;1;1;2015-08-30 14:30:00;3612;0;42;0;0;0;-1;1;-1;-1;-1;-1;-1;-1;0;1;2;1;1;3;-1;0;0;0;0;0;0;0;0;0;0;0;0;0;1;1;1;0;-1;-1;0;0;-1;-1;-1;-1;-1;-1;-1;-1;-1;25;25;42;84;100;25;84;84;42;8.17;3.83;6.17;3;Montana;Lokomotiv Plovdiv;0.94;0.69;2;0.33;1;0.8;75;75;59;17;0;75;59;17;0;0;0;692;32;Y;Y;N;N;N;N;N
200310;3605;3608;2015/2016;complete;1210;7;-1;;;0;0;0;6;0;6;1;2;3;6;0;0;6;2;5;3;11;5;19;14;66;34;3;6;0;0;0;0;0;0;0;0;0;0;0;0;0;0;0;0;0;0;0;0;0;0;0;0;0;0;0;0;0;0;0;0;0;0;0;0;0;0;0;0;0;0;0;0;0;0;0;0;0;0;0;0;0;0;0;0;0;0;0;0;0;0;0;0;0;0;0;0;0;0;0;0;0;0;0;2015-08-30 17:00:00;-1;0;0;0;0;0;-1;1;-1;-1;-1;-1;-1;-1;1;1;2;5;2;7;-1;0;0;0;0;0;0;0;0;0;0;0;0;0;1;1;0;0;-1;-1;0;0;-1;-1;-1;-1;-1;-1;-1;-1;-1;0;0;0;50;100;0;50;50;50;8;6;2;1.5;Levski Sofia;OFK Pirin;2.13;0.75;3;0;1.4;0.2;100;100;100;50;0;50;0;0;0;0;0;692;32;N;N;N;N;N;N;N
200311;3611;3606;2015/2016;complete;1210;8;-1;22,57;67;2;1;3;5;4;9;0;2;3;2;0;0;0;0;6;5;6;5;30;15;51;49;3;2;0;0;0;0;0;0;0;0;0;0;0;0;0;0;0;0;0;0;0;0;0;0;0;0;0;0;0;0;0;0;0;0;0;0;0;0;0;0;0;0;0;0;0;0;0;0;0;0;0;0;0;0;0;0;0;0;0;0;0;0;0;0;0;0;0;0;0;0;3;1;0;1;1;2;1;2015-09-11 13:15:00;3611;0;29;0;17;0;-1;1;-1;-1;-1;-1;-1;-1;0;0;3;2;0;5;-1;0;0;0;0;0;0;0;0;0;0;0;0;0;1;1;0;0;-1;-1;0;0;-1;-1;-1;-1;-1;-1;-1;-1;-1;17;17;29;54;100;0;71;71;29;10.83;6.17;6.92;2.17;Cherno More;Lokomotiv Plovdiv;1.5;0.69;1;0.25;1.14;0.67;84;84;71;46;0;71;59;46;0;0;0;692;32;Y;Y;Y;N;N;N;Y
200312;3607;111;2015/2016;complete;1210;8;-1;;;0;0;0;9;4;13;0;0;2;2;0;1;9;3;1;2;10;5;17;21;59;41;2;3;0;0;0;0;0;0;0;0;0;0;0;0;0;0;0;0;0;0;0;0;0;0;0;0;0;0;0;0;0;0;0;0;0;0;0;0;0;0;0;0;0;0;0;0;0;0;0;0;0;0;0;0;0;0;0;0;0;0;0;0;0;0;0;0;0;0;0;0;0;0;0;0;0;0;0;2015-09-12 17:00:00;-1;0;46;0;17;0;-1;1;-1;-1;-1;-1;-1;-1;2;2;0;1;4;1;-1;0;0;0;0;0;0;0;0;0;0;0;0;0;1;1;0;0;-1;-1;0;0;-1;-1;-1;-1;-1;-1;-1;-1;-1;17;17;34;63;75;17;75;63;17;11.08;4.67;5.5;2.04;Beroe;Ludogorets;1.75;1.94;1.5;2.33;1.67;2.33;84;84;67;38;25;75;75;46;0;0;0;692;32;N;N;N;N;N;N;N
200313;3603;3605;2015/2016;complete;1210;8;-1;;8;0;1;1;3;9;12;3;3;2;4;0;1;6;3;8;3;14;6;14;27;52;48;2;5;0;0;0;0;0;0;0;0;0;0;0;0;0;0;0;0;0;0;0;0;0;0;0;0;0;0;0;0;0;0;0;0;0;0;0;0;0;0;0;0;0;0;0;0;0;0;0;0;0;0;0;0;0;0;0;0;0;0;0;0;0;0;0;0;0;0;0;0;1;0;1;0;0;0;1;2015-09-13 13:15:00;3605;0;13;0;0;0;-1;1;-1;-1;-1;-1;-1;-1;1;2;1;3;3;4;-1;0;0;0;0;0;0;0;0;0;0;0;0;0;1;1;0;1;-1;-1;0;0;-1;-1;-1;-1;-1;-1;-1;-1;-1;0;0;17;42;84;0;42;54;29;8.08;4.58;7.17;1.42;Slavia Sofia;Levski Sofia;1.44;1.38;1.33;1;1.83;1.33;100;100;84;59;17;46;17;17;0;0;0;692;32;Y;N;N;N;N;N;N
200314;3608;3612;2015/2016;complete;1210;8;-1;;;0;0;0;6;3;9;0;4;3;2;1;0;3;5;11;4;14;9;17;21;61;39;4;2;0;0;0;0;0;0;0;0;0;0;0;0;0;0;0;0;0;0;0;0;0;0;0;0;0;0;0;0;0;0;0;0;0;0;0;0;0;0;0;0;0;0;0;0;0;0;0;0;0;0;0;0;0;0;0;0;0;0;0;0;0;0;0;0;0;0;0;0;0;0;0;0;0;0;0;2015-09-13 17:00:00;-1;0;13;0;13;0;-1;1;-1;-1;-1;-1;-1;-1;2;1;2;1;3;3;-1;0;0;0;0;0;0;0;0;0;0;0;0;0;1;1;0;0;-1;-1;0;0;-1;-1;-1;-1;-1;-1;-1;-1;-1;0;0;25;54;84;13;38;71;42;7.17;2;6.58;1.63;OFK Pirin;Montana;0.88;0.38;0.25;0.33;0.33;1.33;100;100;75;46;17;59;42;42;0;0;0;692;32;N;N;N;N;N;N;N
200315;3612;3603;2015/2016;complete;1210;9;-1;45;21,32;1;2;3;4;5;9;3;3;4;4;0;0;2;5;4;8;6;13;11;18;41;59;4;4;0;0;0;0;0;0;0;0;0;0;0;0;0;0;0;0;0;0;0;0;0;0;0;0;0;0;0;0;0;0;0;0;0;0;0;0;0;0;0;0;0;0;0;0;0;0;0;0;0;0;0;0;0;0;0;0;0;0;0;0;0;0;0;0;0;0;0;0;3;1;2;0;0;0;3;2015-09-19 13:15:00;3603;0;33;0;17;0;-1;1;-1;-1;-1;-1;-1;-1;3;0;1;4;3;5;-1;0;0;0;0;0;0;0;0;0;0;0;0;0;1;1;0;0;-1;-1;0;0;-1;-1;-1;-1;-1;-1;-1;-1;-1;17;17;33;84;100;17;67;100;50;6;5.33;7.33;2.67;Montana;Slavia Sofia;0.94;1.63;2.33;2.33;1.29;1.57;84;84;67;17;0;50;50;34;0;0;0;692;32;Y;Y;Y;N;N;N;Y
200316;111;3599;2015/2016;complete;1210;9;-1;15,83;55;2;1;3;7;4;11;4;1;2;4;0;0;7;7;1;3;8;10;14;23;62;38;2;4;0;0;0;0;0;0;0;0;0;0;0;0;0;0;0;0;0;0;0;0;0;0;0;0;0;0;0;0;0;0;0;0;0;0;0;0;0;0;0;0;0;0;0;0;0;0;0;0;0;0;0;0;0;0;0;0;0;0;0;0;0;0;0;0;0;0;0;0;3;1;0;1;1;2;1;2015-09-19 17:00:00;111;0;17;0;17;0;-1;1;-1;-1;-1;-1;-1;-1;1;1;1;3;2;4;-1;0;0;0;0;0;0;0;0;0;0;0;0;0;1;1;0;0;-1;-1;0;0;-1;-1;-1;-1;-1;-1;-1;-1;-1;17;17;17;50;84;17;50;50;50;8.67;4;8;2;Ludogorets;Botev Plovdiv;2.44;0.63;2.33;1.33;2.14;1.29;84;84;84;50;17;33;33;17;0;0;0;692;32;Y;Y;Y;N;N;N;Y
200317;3606;3608;2015/2016;complete;1210;9;-1;24,44;90;2;1;3;8;1;9;2;0;1;2;0;0;7;6;7;4;14;10;19;18;47;53;1;2;0;0;0;0;0;0;0;0;0;0;0;0;0;0;0;0;0;0;0;0;0;0;0;0;0;0;0;0;0;0;0;0;0;0;0;0;0;0;0;0;0;0;0;0;0;0;0;0;0;0;0;0;0;0;0;0;0;0;0;0;0;0;0;0;0;0;0;0;3;2;0;0;1;1;2;2015-09-20 14:30:00;3606;0;25;25;0;0;-1;1;-1;-1;-1;-1;-1;-1;0;0;1;2;0;3;-1;0;0;0;0;0;0;0;0;0;0;0;0;0;1;1;0;0;-1;-1;0;0;-1;-1;-1;-1;-1;-1;-1;-1;-1;0;0;25;25;75;25;50;50;0;2.5;3.5;6;1.25;Lokomotiv Plovdiv;OFK Pirin;2.38;0.75;1.5;0.5;0.57;0.43;100;100;75;75;25;0;0;0;0;0;0;692;32;Y;Y;Y;N;N;N;Y
200318;3605;3607;2015/2016;complete;1210;9;-1;25,89;;2;0;2;8;2;10;4;3;3;2;0;1;10;3;5;0;15;3;27;23;59;41;3;3;0;0;0;0;0;0;0;0;0;0;0;0;0;0;0;0;0;0;0;0;0;0;0;0;0;0;0;0;0;0;0;0;0;0;0;0;0;0;0;0;0;0;0;0;0;0;0;0;0;0;0;0;0;0;0;0;0;0;0;0;0;0;0;0;0;0;0;0;2;1;0;1;0;1;1;2015-09-20 17:00:00;3605;0;25;25;0;0;-1;1;-1;-1;-1;-1;-1;-1;0;1;3;2;1;5;-1;0;0;0;0;0;0;0;0;0;0;0;0;0;1;1;0;0;-1;-1;0;0;-1;-1;-1;-1;-1;-1;-1;-1;-1;0;0;25;50;50;25;25;50;25;8;4.5;5.5;1.25;Levski Sofia;Beroe;2.13;1.56;2;2;1.57;1.57;100;100;75;50;50;50;0;0;0;0;0;692;32;Y;Y;N;N;N;N;N
200319;3611;3608;2015/2016;complete;1210;10;-1;13;;1;0;1;10;2;12;3;0;4;2;0;0;3;4;6;3;9;7;27;15;61;39;4;2;0;0;0;0;0;0;0;0;0;0;0;0;0;0;0;0;0;0;0;0;0;0;0;0;0;0;0;0;0;0;0;0;0;0;0;0;0;0;0;0;0;0;0;0;0;0;0;0;0;0;0;0;0;0;0;0;0;0;0;0;0;0;0;0;0;0;0;0;1;1;0;0;0;0;1;2015-09-26 13:15:00;3611;0;42;0;25;0;-1;1;-1;-1;-1;-1;-1;-1;1;2;3;0;3;3;-1;0;0;0;0;0;0;0;0;0;0;0;0;0;1;1;0;0;-1;-1;0;0;-1;-1;-1;-1;-1;-1;-1;-1;-1;13;13;42;42;84;17;71;54;25;7.33;3.75;6.5;1.92;Cherno More;OFK Pirin;1.5;0.75;1.5;0.33;1.38;0.38;88;88;59;59;17;54;25;25;0;0;0;692;32;Y;N;N;N;N;N;N
200320;3612;3607;2015/2016;complete;1210;10;-1;53;;1;0;1;3;6;9;0;1;4;4;0;0;4;8;5;3;9;11;13;14;42;58;4;4;0;0;0;0;0;0;0;0;0;0;0;0;0;0;0;0;0;0;0;0;0;0;0;0;0;0;0;0;0;0;0;0;0;0;0;0;0;0;0;0;0;0;0;0;0;0;0;0;0;0;0;0;0;0;0;0;0;0;0;0;0;0;0;0;0;0;0;0;1;0;0;1;0;1;0;2015-09-27 13:15:00;3612;0;42;29;0;0;-1;1;-1;-1;-1;-1;-1;-1;2;2;2;2;4;4;-1;0;0;0;0;0;0;0;0;0;0;0;0;0;1;1;0;0;-1;-1;0;0;-1;-1;-1;-1;-1;-1;-1;-1;-1;13;13;42;84;84;42;84;71;13;5.33;4.5;6.08;2.46;Montana;Beroe;0.94;1.56;1.75;1.33;1.13;1.38;88;88;59;17;17;59;29;0;0;0;0;692;32;Y;N;N;N;N;N;N
200321;3606;3603;2015/2016;complete;1210;10;-1;33,57;;2;0;2;2;3;5;3;3;2;0;0;0;6;9;6;4;12;13;28;18;45;55;2;0;0;0;0;0;0;0;0;0;0;0;0;0;0;0;0;0;0;0;0;0;0;0;0;0;0;0;0;0;0;0;0;0;0;0;0;0;0;0;0;0;0;0;0;0;0;0;0;0;0;0;0;0;0;0;0;0;0;0;0;0;0;0;0;0;0;0;0;0;2;1;0;1;0;1;1;2015-09-27 17:00:00;3606;0;59;29;13;0;-1;1;-1;-1;-1;-1;-1;-1;1;0;1;0;1;1;-1;0;0;0;0;0;0;0;0;0;0;0;0;0;1;1;0;0;-1;-1;0;0;-1;-1;-1;-1;-1;-1;-1;-1;-1;0;0;59;71;100;46;59;88;25;7.08;5;6.75;2.29;Lokomotiv Plovdiv;Slavia Sofia;2.38;1.63;2;2.5;0.88;1.75;100;100;42;29;0;54;25;25;0;0;0;692;32;Y;Y;N;N;N;N;N
200322;3605;3599;2015/2016;complete;1210;10;-1;58;;1;0;1;8;1;9;2;0;1;3;0;0;4;3;7;2;11;5;17;16;59;41;1;3;0;0;0;0;0;0;0;0;0;0;0;0;0;0;0;0;0;0;0;0;0;0;0;0;0;0;0;0;0;0;0;0;0;0;0;0;0;0;0;0;0;0;0;0;0;0;0;0;0;0;0;0;0;0;0;0;0;0;0;0;0;0;0;0;0;0;0;0;1;0;0;1;0;1;0;2015-09-28 17:00:00;3605;0;13;0;13;0;-1;1;-1;-1;-1;-1;-1;-1;0;0;1;3;0;4;-1;0;0;0;0;0;0;0;0;0;0;0;0;0;1;1;0;0;-1;-1;0;0;-1;-1;-1;-1;-1;-1;-1;-1;-1;13;13;25;59;71;13;54;59;42;10.33;4.83;6.33;1.92;Levski Sofia;Botev Plovdiv;2.13;0.63;2.33;1;1.75;1.13;88;88;75;42;29;59;42;25;0;0;0;692;32;Y;N;N;N;N;N;N
200323;3607;3606;2015/2016;complete;1210;11;-1;15,72;;2;0;2;7;1;8;5;1;1;1;0;1;5;0;9;0;14;0;13;21;54;46;1;2;0;0;0;0;0;0;0;0;0;0;0;0;0;0;0;0;0;0;0;0;0;0;0;0;0;0;0;0;0;0;0;0;0;0;0;0;0;0;0;0;0;0;0;0;0;0;0;0;0;0;0;0;0;0;0;0;0;0;0;0;0;0;0;0;0;0;0;0;2;1;0;1;0;1;1;2015-10-02 17:00:00;3607;0;30;0;10;0;-1;1;-1;-1;-1;-1;-1;-1;0;2;1;0;2;1;-1;0;0;0;0;0;0;0;0;0;0;0;0;0;1;1;0;0;-1;-1;0;0;-1;-1;-1;-1;-1;-1;-1;-1;-1;0;0;20;50;70;0;60;50;20;10.8;4;5.4;1.4;Beroe;Lokomotiv Plovdiv;1.75;0.69;1.4;0.2;1.22;1.11;100;100;80;50;30;70;50;30;0;0;0;692;32;Y;Y;N;N;N;N;N
200324;3603;3608;2015/2016;complete;1210;11;-1;;;0;0;0;7;1;8;3;1;2;1;0;0;7;3;1;2;8;5;22;22;58;42;2;1;0;0;0;0;0;0;0;0;0;0;0;0;0;0;0;0;0;0;0;0;0;0;0;0;0;0;0;0;0;0;0;0;0;0;0;0;0;0;0;0;0;0;0;0;0;0;0;0;0;0;0;0;0;0;0;0;0;0;0;0;0;0;0;0;0;0;0;0;0;0;0;0;0;0;0;2015-10-03 13:15:00;-1;0;13;0;0;0;-1;1;-1;-1;-1;-1;-1;-1;0;0;2;1;0;3;-1;0;0;0;0;0;0;0;0;0;0;0;0;0;1;1;0;0;-1;-1;0;0;-1;-1;-1;-1;-1;-1;-1;-1;-1;0;0;25;25;75;13;63;25;13;6.25;3.25;4.5;1.25;Slavia Sofia;OFK Pirin;1.44;0.75;1;0.25;1.56;0.33;100;100;75;75;25;63;38;38;0;0;0;692;32;N;N;N;N;N;N;N
200325;111;3611;2015/2016;complete;1210;11;-1;55;46;1;1;2;8;4;12;2;1;3;5;0;0;8;6;4;9;12;15;14;17;61;39;3;5;0;0;0;0;0;0;0;0;0;0;0;0;0;0;0;0;0;0;0;0;0;0;0;0;0;0;0;0;0;0;0;0;0;0;0;0;0;0;0;0;0;0;0;0;0;0;0;0;0;0;0;0;0;0;0;0;0;0;0;0;0;0;0;0;0;0;0;0;2;0;0;1;1;2;0;2015-10-03 17:00:00;-1;0;63;0;50;0;-1;1;-1;-1;-1;-1;-1;-1;1;2;2;3;3;5;-1;0;0;0;0;0;0;0;0;0;0;0;0;0;1;1;0;0;-1;-1;0;0;-1;-1;-1;-1;-1;-1;-1;-1;-1;0;0;25;75;100;0;50;75;63;9.25;4.75;7.75;2;Ludogorets;Cherno More;2.44;0.88;2.5;1.25;2.25;1.56;100;100;75;25;0;50;50;25;0;0;0;692;32;Y;Y;N;N;N;N;Y
200326;3599;3612;2015/2016;complete;1210;11;-1;70;;1;0;1;3;0;3;2;1;1;1;0;0;2;6;12;4;14;10;14;13;64;36;1;1;0;0;0;0;0;0;0;0;0;0;0;0;0;0;0;0;0;0;0;0;0;0;0;0;0;0;0;0;0;0;0;0;0;0;0;0;0;0;0;0;0;0;0;0;0;0;0;0;0;0;0;0;0;0;0;0;0;0;0;0;0;0;0;0;0;0;0;0;1;0;0;1;0;1;0;2015-10-04 13:00:00;3599;0;38;0;13;0;-1;1;-1;-1;-1;-1;-1;-1;0;0;1;1;0;2;-1;0;0;0;0;0;0;0;0;0;0;0;0;0;1;1;0;0;-1;-1;0;0;-1;-1;-1;-1;-1;-1;-1;-1;-1;0;0;13;50;75;0;25;75;25;9.5;2.5;6;1.38;Botev Plovdiv;Montana;1.44;0.38;1.25;0.5;1;1.33;100;100;88;50;25;88;38;38;0;0;0;692;32;Y;N;N;N;N;N;N
200327;3611;3603;2015/2016;complete;1210;12;-1;76;;1;0;1;7;2;9;3;4;5;3;0;0;4;3;5;1;9;4;35;17;52;48;5;3;0;0;0;0;0;0;0;0;0;0;0;0;0;0;0;0;0;0;0;0;0;0;0;0;0;0;0;0;0;0;0;0;0;0;0;0;0;0;0;0;0;0;0;0;0;0;0;0;0;0;0;0;0;0;0;0;0;0;0;0;0;0;0;0;0;0;0;0;1;0;0;1;0;1;0;2015-10-17 13:15:00;3611;0;40;10;30;0;-1;1;-1;-1;-1;-1;-1;-1;2;3;3;0;5;3;-1;0;0;0;0;0;0;0;0;0;0;0;0;0;1;1;0;0;-1;-1;0;0;-1;-1;-1;-1;-1;-1;-1;-1;-1;10;10;40;60;100;10;70;70;40;10.4;5.8;7.4;2.2;Cherno More;Slavia Sofia;1.5;1.63;1.8;2;1.5;1.5;90;90;60;40;0;70;50;50;0;0;0;692;32;Y;N;N;N;N;N;N
200328;3606;3599;2015/2016;complete;1210;12;-1;15,17;48;2;1;3;3;5;8;2;1;4;2;0;0;4;5;7;5;11;10;18;26;51;49;4;2;0;0;0;0;0;0;0;0;0;0;0;0;0;0;0;0;0;0;0;0;0;0;0;0;0;0;0;0;0;0;0;0;0;0;0;0;0;0;0;0;0;0;0;0;0;0;0;0;0;0;0;0;0;0;0;0;0;0;0;0;0;0;0;0;0;0;0;0;3;2;0;0;1;1;2;2015-10-17 17:00:00;3606;0;35;13;10;0;-1;1;-1;-1;-1;-1;-1;-1;2;0;2;2;2;4;-1;0;0;0;0;0;0;0;0;0;0;0;0;0;1;1;0;0;-1;-1;0;0;-1;-1;-1;-1;-1;-1;-1;-1;-1;10;10;45;58;90;35;68;80;20;6.4;3.45;5.8;2.23;Lokomotiv Plovdiv;Botev Plovdiv;2.38;0.63;2.25;0.8;1;1.2;90;90;55;43;10;43;20;20;0;0;0;692;32;Y;Y;Y;N;N;N;Y
200329;3605;111;2015/2016;complete;1210;12;-1;39;60;1;1;2;1;5;6;0;2;2;3;0;0;4;0;3;6;7;6;22;17;52;48;2;3;0;0;0;0;0;0;0;0;0;0;0;0;0;0;0;0;0;0;0;0;0;0;0;0;0;0;0;0;0;0;0;0;0;0;0;0;0;0;0;0;0;0;0;0;0;0;0;0;0;0;0;0;0;0;0;0;0;0;0;0;0;0;0;0;0;0;0;0;2;1;0;0;1;1;1;2015-10-18 17:00:00;-1;0;25;0;13;0;-1;1;-1;-1;-1;-1;-1;-1;0;1;2;2;1;4;-1;0;0;0;0;0;0;0;0;0;0;0;0;0;1;1;0;0;-1;-1;0;1;-1;-1;-1;-1;-1;-1;-1;-1;-1;13;13;25;63;75;13;50;75;25;11.75;5;5;1.88;Levski Sofia;Ludogorets;2.13;1.94;2.5;2;1.89;2.11;88;88;75;38;25;88;63;38;0;0;0;692;32;Y;Y;N;N;N;N;Y
200330;3608;3607;2015/2016;complete;1210;12;-1;;24;0;1;1;6;5;11;1;7;2;2;0;0;3;4;8;3;11;7;18;23;50;50;2;2;0;0;0;0;0;0;0;0;0;0;0;0;0;0;0;0;0;0;0;0;0;0;0;0;0;0;0;0;0;0;0;0;0;0;0;0;0;0;0;0;0;0;0;0;0;0;0;0;0;0;0;0;0;0;0;0;0;0;0;0;0;0;0;0;0;0;0;0;1;0;1;0;0;0;1;2015-10-19 17:00:00;3607;0;23;13;10;0;-1;1;-1;-1;-1;-1;-1;-1;1;0;1;2;1;3;-1;0;0;0;0;0;0;0;0;0;0;0;0;0;1;1;0;0;-1;-1;0;0;-1;-1;-1;-1;-1;-1;-1;-1;-1;0;0;33;55;78;23;55;68;20;8.05;2.55;6.9;1.65;OFK Pirin;Beroe;0.88;1.56;0.4;1;0.4;1.4;100;100;68;45;23;68;33;20;0;0;0;692;32;Y;N;N;N;N;N;N
200331;3599;3608;2015/2016;complete;1210;13;-1;65;;1;0;1;1;6;7;3;3;4;2;1;1;4;3;3;7;7;10;22;17;43;57;5;3;0;0;0;0;0;0;0;0;0;0;0;0;0;0;0;0;0;0;0;0;0;0;0;0;0;0;0;0;0;0;0;0;0;0;0;0;0;0;0;0;0;0;0;0;0;0;0;0;0;0;0;0;0;0;0;0;0;0;0;0;0;0;0;0;0;0;0;0;1;0;0;1;0;1;0;2015-10-23 12:00:00;3599;0;40;0;10;0;-1;1;-1;-1;-1;-1;-1;-1;4;1;1;2;5;3;-1;0;0;0;0;0;0;0;0;0;0;0;0;0;1;1;0;0;-1;-1;0;0;-1;-1;-1;-1;-1;-1;-1;-1;-1;0;0;20;40;80;10;50;60;10;7.4;1.8;5;1.4;Botev Plovdiv;OFK Pirin;1.44;0.75;1.6;0.4;1.09;0.36;100;100;80;60;20;60;30;30;0;0;0;692;32;Y;N;N;N;N;N;N
200332;3605;3611;2015/2016;complete;1210;13;-1;44;;1;0;1;10;4;14;5;2;3;5;0;0;7;2;10;3;17;5;10;23;59;41;3;5;0;0;0;0;0;0;0;0;0;0;0;0;0;0;0;0;0;0;0;0;0;0;0;0;0;0;0;0;0;0;0;0;0;0;0;0;0;0;0;0;0;0;0;0;0;0;0;0;0;0;0;0;0;0;0;0;0;0;0;0;0;0;0;0;0;0;0;0;1;1;0;0;0;0;1;2015-10-23 16:45:00;3605;0;50;0;30;0;-1;1;-1;-1;-1;-1;-1;-1;1;3;2;2;4;4;-1;0;0;0;0;0;0;0;0;0;0;0;0;0;1;1;0;0;-1;-1;0;0;-1;-1;-1;-1;-1;-1;-1;-1;-1;0;0;10;70;90;0;40;80;40;9.6;4.2;6.4;1.7;Levski Sofia;Cherno More;2.13;0.88;2.2;1.2;1.8;1.64;100;100;90;30;10;60;40;20;0;0;0;692;32;Y;N;N;N;N;N;N
200333;111;3612;2015/2016;complete;1210;13;-1;2,75;;2;0;2;14;0;14;2;1;2;2;0;0;10;5;5;1;15;6;20;22;65;35;2;2;0;0;0;0;0;0;0;0;0;0;0;0;0;0;0;0;0;0;0;0;0;0;0;0;0;0;0;0;0;0;0;0;0;0;0;0;0;0;0;0;0;0;0;0;0;0;0;0;0;0;0;0;0;0;0;0;0;0;0;0;0;0;0;0;0;0;0;0;2;1;0;1;0;1;1;2015-10-24 12:15:00;111;0;30;0;30;0;-1;1;-1;-1;-1;-1;-1;-1;1;2;1;0;3;1;-1;0;0;0;0;0;0;0;0;0;0;0;0;0;1;1;1;0;-1;-1;0;0;-1;-1;-1;-1;-1;-1;-1;-1;-1;0;0;10;50;80;0;20;70;50;8;4.2;6;1.4;Ludogorets;Montana;2.44;0.38;2.2;0.4;2;1.2;100;100;90;50;20;60;40;30;0;0;0;692;32;Y;Y;N;N;N;N;N
200334;3607;3603;2015/2016;complete;1210;13;-1;88;9,85;1;2;3;4;8;12;5;4;3;6;0;0;5;5;4;6;9;11;13;20;56;44;3;6;0;0;0;0;0;0;0;0;0;0;0;0;0;0;0;0;0;0;0;0;0;0;0;0;0;0;0;0;0;0;0;0;0;0;0;0;0;0;0;0;0;0;0;0;0;0;0;0;0;0;0;0;0;0;0;0;0;0;0;0;0;0;0;0;0;0;0;0;3;0;1;1;1;2;1;2015-10-26 18:00:00;3603;0;25;9;9;0;-1;1;-1;-1;-1;-1;-1;-1;0;2;3;4;2;7;-1;0;0;0;0;0;0;0;0;0;0;0;0;0;1;1;0;1;-1;-1;0;0;-1;-1;-1;-1;-1;-1;-1;-1;-1;0;0;17;50;75;9;50;58;17;9.83;5.34;5.84;1.42;Beroe;Slavia Sofia;1.75;1.63;1.67;1.67;1.55;1.36;100;100;84;50;25;59;42;33;0;0;0;692;32;Y;Y;Y;N;N;N;Y
200335;3603;3599;2015/2016;complete;1210;14;-1;81,83;;2;0;2;4;4;8;4;2;1;2;0;0;5;3;7;0;12;3;17;25;51;49;1;2;0;0;0;0;0;0;0;0;0;0;0;0;0;0;0;0;0;0;0;0;0;0;0;0;0;0;0;0;0;0;0;0;0;0;0;0;0;0;0;0;0;0;0;0;0;0;0;0;0;0;0;0;0;0;0;0;0;0;0;0;0;0;0;0;0;0;0;0;2;0;0;2;0;2;0;2015-10-30 12:30:00;3603;0;17;0;9;0;-1;1;-1;-1;-1;-1;-1;-1;0;0;1;2;0;3;-1;0;0;0;0;0;0;0;0;0;0;0;0;0;1;1;0;0;-1;-1;0;0;-1;-1;-1;-1;-1;-1;-1;-1;-1;9;9;35;35;72;17;54;44;27;8.87;3.77;5.3;1.67;Slavia Sofia;Botev Plovdiv;1.44;0.63;1;0.67;1.5;1.25;92;92;65;65;29;55;37;37;0;0;0;692;32;Y;Y;N;N;N;N;N
200336;3612;3605;2015/2016;complete;1210;14;-1;;45,70;0;2;2;3;2;5;0;2;1;3;0;0;5;6;2;9;7;15;16;24;41;59;1;3;0;0;0;0;0;0;0;0;0;0;0;0;0;0;0;0;0;0;0;0;0;0;0;0;0;0;0;0;0;0;0;0;0;0;0;0;0;0;0;0;0;0;0;0;0;0;0;0;0;0;0;0;0;0;0;0;0;0;0;0;0;0;0;0;0;0;0;0;2;0;1;0;1;1;1;2015-11-02 12:30:00;3605;0;30;10;0;0;-1;1;-1;-1;-1;-1;-1;-1;1;0;0;3;1;3;-1;0;0;0;0;0;0;0;0;1;0;1;0;0;1;1;0;0;-1;-1;0;0;-1;-1;-1;-1;-1;-1;-1;-1;-1;10;10;20;60;100;20;70;70;20;7;4.4;8.4;2.1;Montana;Levski Sofia;0.94;1.38;2;1.4;1.09;1.91;90;90;80;40;0;50;20;10;0;0;0;692;32;Y;Y;N;N;N;N;N
200337;3606;111;2015/2016;complete;1210;14;-1;64,88;;2;0;2;4;6;10;0;3;2;5;0;0;5;3;1;6;6;9;15;22;47;53;2;5;0;0;0;0;0;0;0;0;0;0;0;0;0;0;0;0;0;0;0;0;0;0;0;0;0;0;0;0;0;0;0;0;0;0;0;0;0;0;0;0;0;0;0;0;0;0;0;0;0;0;0;0;0;0;0;0;0;0;0;0;0;0;0;0;0;0;0;0;2;0;0;2;0;2;0;2015-11-02 15:30:00;3606;0;60;10;10;0;-1;1;-1;-1;-1;-1;-1;-1;2;1;0;4;3;4;-1;0;0;0;0;0;0;0;0;0;0;0;0;0;1;1;0;0;-1;-1;0;0;-1;-1;-1;-1;-1;-1;-1;-1;-1;10;10;50;80;90;40;80;90;10;8;4.2;5.4;2.4;Lokomotiv Plovdiv;Ludogorets;2.38;1.94;2.4;1.8;1.18;2.09;90;90;50;20;10;50;40;30;0;0;0;692;32;Y;Y;N;N;N;N;N
200338;3611;3607;2015/2016;complete;1210;14;-1;;28,59,90;0;3;3;10;3;13;2;3;4;1;0;0;7;4;5;5;12;9;17;20;62;38;4;1;0;0;0;0;0;0;0;0;0;0;0;0;0;0;0;0;0;0;0;0;0;0;0;0;0;0;0;0;0;0;0;0;0;0;0;0;0;0;0;0;0;0;0;0;0;0;0;0;0;0;0;0;0;0;0;0;0;0;0;0;0;0;0;0;0;0;0;0;3;0;1;0;2;2;1;2015-11-03 12:30:00;3607;0;27;10;17;0;-1;1;-1;-1;-1;-1;-1;-1;1;0;3;1;1;4;-1;0;0;0;0;0;0;0;0;0;0;0;0;0;1;1;0;0;-1;-1;0;0;-1;-1;-1;-1;-1;-1;-1;-1;-1;9;9;27;37;90;10;64;64;17;10.43;5.63;7.03;1.7;Cherno More;Beroe;1.5;1.56;2;1.4;1.5;1.42;92;92;74;64;10;82;45;35;0;0;0;692;32;Y;Y;Y;N;N;N;N
200339;3612;3611;2015/2016;complete;1210;15;-1;;63,65,67,77;0;4;4;3;1;4;0;4;2;1;0;0;6;3;5;3;11;6;18;15;51;49;2;1;0;0;0;0;0;0;0;0;0;0;0;0;0;0;0;0;0;0;0;0;0;0;0;0;0;0;0;0;0;0;0;0;0;0;0;0;0;0;0;0;0;0;0;0;0;0;0;0;0;0;0;0;0;0;0;0;0;0;0;0;0;0;0;0;0;0;0;0;4;0;0;0;4;4;0;2015-11-07 12:00:00;3611;0;50;9;25;0;-1;1;-1;-1;-1;-1;-1;-1;1;1;1;0;2;1;-1;0;0;0;0;0;0;0;0;0;0;0;0;0;1;1;0;0;-1;-1;0;0;-1;-1;-1;-1;-1;-1;-1;-1;-1;9;9;25;75;100;17;67;75;34;7;3.5;7.17;2.25;Montana;Cherno More;0.94;0.88;1.67;1;1;1.38;92;92;75;25;0;59;42;25;0;0;0;692;32;Y;Y;Y;Y;N;N;N
200340;111;3608;2015/2016;complete;1210;15;-1;;;0;0;0;8;2;10;0;0;2;5;0;0;8;2;11;3;19;5;16;23;71;29;2;5;0;0;0;0;0;0;0;0;0;0;0;0;0;0;0;0;0;0;0;0;0;0;0;0;0;0;0;0;0;0;0;0;0;0;0;0;0;0;0;0;0;0;0;0;0;0;0;0;0;0;0;0;0;0;0;0;0;0;0;0;0;0;0;0;0;0;0;0;0;0;0;0;0;0;0;2015-11-07 14:30:00;-1;0;34;0;25;0;-1;1;-1;-1;-1;-1;-1;-1;2;2;0;3;4;3;-1;0;0;0;0;0;0;0;0;0;0;0;0;0;1;1;0;0;-1;-1;0;0;-1;-1;-1;-1;-1;-1;-1;-1;-1;0;0;17;50;84;9;50;58;34;9.34;3.67;5.67;1.5;Ludogorets;OFK Pirin;2.44;0.75;2.33;0.33;1.92;0.33;100;100;83;50;17;50;42;34;0;0;0;692;32;N;N;N;N;N;N;N
200341;3599;3607;2015/2016;complete;1210;15;-1;90;42,73,84;1;3;4;4;2;6;4;2;3;4;0;0;4;4;3;5;7;9;24;19;52;48;3;4;0;0;0;0;0;0;0;0;0;0;0;0;0;0;0;0;0;0;0;0;0;0;0;0;0;0;0;0;0;0;0;0;0;0;0;0;0;0;0;0;0;0;0;0;0;0;0;0;0;0;0;0;0;0;0;0;0;0;0;0;0;0;0;0;0;0;0;0;4;0;1;1;2;3;1;2015-11-08 12:00:00;3607;0;34;9;9;0;-1;1;-1;-1;-1;-1;-1;-1;3;2;0;2;5;2;-1;0;0;0;0;0;0;0;0;0;0;0;0;0;1;1;0;0;-1;-1;0;0;-1;-1;-1;-1;-1;-1;-1;-1;-1;0;0;25;50;92;9;50;84;17;8.67;4.16;5.83;1.67;Botev Plovdiv;Beroe;1.44;1.56;1.83;1.67;1.15;1.54;100;100;75;50;9;75;42;33;0;0;0;692;32;Y;Y;Y;Y;N;N;Y
200342;3605;3606;2015/2016;complete;1210;15;-1;77;;1;0;1;6;0;6;3;1;2;5;0;0;6;4;9;0;15;4;19;21;59;41;2;5;0;0;0;0;0;0;0;0;0;0;0;0;0;0;0;0;0;0;0;0;0;0;0;0;0;0;0;0;0;0;0;0;0;0;0;0;0;0;0;0;0;0;0;0;0;0;0;0;0;0;0;0;0;0;0;0;0;0;0;0;0;0;0;0;0;0;0;0;1;0;0;1;0;1;0;2015-11-08 14:15:00;3605;0;25;0;9;0;-1;1;-1;-1;-1;-1;-1;-1;0;4;2;1;4;3;-1;0;0;0;0;0;0;0;0;0;0;0;0;0;1;1;0;0;-1;-1;0;1;-1;-1;-1;-1;-1;-1;-1;-1;-1;0;0;17;67;92;0;67;75;25;10.16;5;5;1.75;Levski Sofia;Lokomotiv Plovdiv;2.13;0.69;2.33;0.17;2;1.33;100;100;84;34;9;67;33;17;0;0;0;692;32;Y;N;N;N;N;N;N
200343;3606;3612;2015/2016;complete;1210;16;-1;74;;1;0;1;8;1;9;2;4;3;3;0;1;4;3;8;5;12;8;17;21;62;38;3;4;0;0;0;0;0;0;0;0;0;0;0;0;0;0;0;0;0;0;0;0;0;0;0;0;0;0;0;0;0;0;0;0;0;0;0;0;0;0;0;0;0;0;0;0;0;0;0;0;0;0;0;0;0;0;0;0;0;0;0;0;0;0;0;0;0;0;0;0;1;0;0;1;0;1;0;2015-11-20 15:30:00;3606;0;25;9;0;0;-1;1;-1;-1;-1;-1;-1;-1;0;3;3;1;3;4;-1;0;0;0;0;0;0;0;0;0;0;0;0;0;1;1;0;0;-1;-1;0;1;-1;-1;-1;-1;-1;-1;-1;-1;-1;0;0;25;58;84;25;42;84;17;5;3.33;4.83;1.67;Lokomotiv Plovdiv;Montana;2.38;0.38;2.5;0.33;1.23;0.92;100;100;75;42;17;50;25;17;0;0;0;692;32;Y;N;N;N;N;N;N
200344;3603;111;2015/2016;complete;1210;16;-1;;35;0;1;1;5;5;10;1;3;2;3;0;0;8;3;2;5;10;8;12;19;52;48;2;3;0;0;0;0;0;0;0;0;0;0;0;0;0;0;0;0;0;0;0;0;0;0;0;0;0;0;0;0;0;0;0;0;0;0;0;0;0;0;0;0;0;0;0;0;0;0;0;0;0;0;0;0;0;0;0;0;0;0;0;0;0;0;0;0;0;0;0;0;1;0;1;0;0;0;1;2015-11-21 12:00:00;111;0;25;0;9;0;-1;1;-1;-1;-1;-1;-1;-1;1;1;1;2;2;3;-1;0;0;0;0;0;0;0;0;1;0;1;0;0;1;1;0;0;-1;-1;0;0;-1;-1;-1;-1;-1;-1;-1;-1;-1;9;9;25;58;75;9;50;58;33;10.17;5;5;1.75;Slavia Sofia;Ludogorets;1.44;1.94;1.33;1.5;1.62;1.85;92;92;75;42;25;67;58;42;0;0;0;692;32;Y;N;N;N;N;N;N
200345;3611;3599;2015/2016;complete;1210;16;-1;59;43,72;1;2;3;4;3;7;3;3;2;2;0;0;5;4;4;2;9;6;16;21;67;33;2;2;0;0;0;0;0;0;0;0;0;0;0;0;0;0;0;0;0;0;0;0;0;0;0;0;0;0;0;0;0;0;0;0;0;0;0;0;0;0;0;0;0;0;0;0;0;0;0;0;0;0;0;0;0;0;0;0;0;0;0;0;0;0;0;0;0;0;0;0;3;0;1;1;1;2;1;2015-11-22 12:00:00;3599;0;29;0;22;0;-1;1;-1;-1;-1;-1;-1;-1;1;0;1;2;1;3;-1;0;0;0;0;0;0;0;0;1;0;1;0;0;1;1;0;0;-1;-1;0;0;-1;-1;-1;-1;-1;-1;-1;-1;-1;14;14;43;50;93;15;64;71;43;11;4;7.15;2.22;Cherno More;Botev Plovdiv;1.5;0.63;1.71;0.57;1.5;1.07;86;86;57;50;7;65;43;43;0;0;0;692;32;Y;Y;Y;N;N;N;Y
200346;3608;3605;2015/2016;complete;1210;16;-1;1;;1;0;1;0;8;8;3;3;2;3;0;0;2;5;3;6;5;11;23;16;28;72;2;3;0;0;0;0;0;0;0;0;0;0;0;0;0;0;0;0;0;0;0;0;0;0;0;0;0;0;0;0;0;0;0;0;0;0;0;0;0;0;0;0;0;0;0;0;0;0;0;0;0;0;0;0;0;0;0;0;0;0;0;0;0;0;0;0;0;0;0;0;1;1;0;0;0;0;1;2015-11-22 14:30:00;3608;0;17;0;9;0;-1;1;-1;-1;-1;-1;-1;-1;2;0;0;3;2;3;-1;0;0;0;0;0;0;0;0;0;0;0;0;0;1;1;1;0;-1;-1;0;0;-1;-1;-1;-1;-1;-1;-1;-1;-1;0;0;17;50;92;9;67;59;25;8.67;3.16;8.17;1.59;OFK Pirin;Levski Sofia;0.88;1.38;0.33;1.67;0.38;2.08;100;100;84;50;9;50;34;34;0;0;0;692;32;Y;N;N;N;N;N;N
200347;111;3607;2015/2016;complete;1210;17;-1;30,37,62,74,79;;5;0;5;6;2;8;2;1;3;4;0;0;6;3;9;5;15;8;17;18;64;36;3;4;0;0;0;0;0;0;0;0;0;0;0;0;0;0;0;0;0;0;0;0;0;0;0;0;0;0;0;0;0;0;0;0;0;0;0;0;0;0;0;0;0;0;0;0;0;0;0;0;0;0;0;0;0;0;0;0;0;0;0;0;0;0;0;0;0;0;0;0;5;2;0;3;0;3;2;2015-11-27 15:30:00;111;0;36;7;29;0;-1;1;-1;-1;-1;-1;-1;-1;2;2;1;2;4;3;-1;0;0;0;0;0;0;0;0;0;0;0;0;0;1;1;0;0;-1;-1;0;0;-1;-1;-1;-1;-1;-1;-1;-1;-1;0;7;29;64;86;7;57;71;43;10.58;4.85;6;1.86;Ludogorets;Beroe;2.44;1.56;2.14;1.86;1.93;1.64;100;93;72;36;14;71;57;36;0;0;0;692;32;Y;Y;Y;Y;Y;N;N
200348;3606;3611;2015/2016;complete;1210;17;-1;57;7,39,90;1;3;4;7;4;11;3;5;3;4;0;1;8;3;6;1;14;4;12;31;59;41;3;5;0;0;0;0;0;0;0;0;0;0;0;0;0;0;0;0;0;0;0;0;0;0;0;0;0;0;0;0;0;0;0;0;0;0;0;0;0;0;0;0;0;0;0;0;0;0;0;0;0;0;0;0;0;0;0;0;0;0;0;0;0;0;0;0;0;0;0;0;4;0;2;1;1;2;2;2015-11-28 12:00:00;3611;0;50;7;22;0;-1;1;-1;-1;-1;-1;-1;-1;1;1;2;4;2;6;-1;0;0;0;0;0;0;0;0;1;0;1;0;0;1;1;0;1;-1;-1;0;0;-1;-1;-1;-1;-1;-1;-1;-1;-1;0;7;36;71;100;22;50;86;36;7.43;4;6.43;2.14;Lokomotiv Plovdiv;Cherno More;2.38;0.88;2.57;1.29;1.36;1.4;100;93;64;29;0;50;36;22;0;0;0;692;32;Y;Y;Y;Y;N;N;Y
200349;3612;3608;2015/2016;complete;1210;17;-1;35;5;1;1;2;4;4;8;1;1;2;3;0;0;3;5;6;5;9;10;18;20;56;44;2;3;0;0;0;0;0;0;0;0;0;0;0;0;0;0;0;0;0;0;0;0;0;0;0;0;0;0;0;0;0;0;0;0;0;0;0;0;0;0;0;0;0;0;0;0;0;0;0;0;0;0;0;0;0;0;0;0;0;0;0;0;0;0;0;0;0;0;0;0;2;1;1;0;0;0;2;2015-11-29 12:15:00;-1;0;22;7;0;0;-1;1;-1;-1;-1;-1;-1;-1;0;3;2;0;3;2;-1;0;0;0;0;0;0;0;0;0;0;0;0;0;1;1;0;1;-1;-1;0;0;-1;-1;-1;-1;-1;-1;-1;-1;-1;7;15;29;50;79;22;57;58;15;5.14;2.43;5.43;1.86;Montana;OFK Pirin;0.94;0.75;1.43;0.43;0.86;0.57;93;86;72;50;22;43;22;7;0;0;0;692;32;Y;Y;N;N;N;N;Y
200350;3605;3603;2015/2016;complete;1210;17;-1;16,41;;2;0;2;8;2;10;4;5;2;1;0;0;5;3;9;2;14;5;23;14;54;46;2;1;0;0;0;0;0;0;0;0;0;0;0;0;0;0;0;0;0;0;0;0;0;0;0;0;0;0;0;0;0;0;0;0;0;0;0;0;0;0;0;0;0;0;0;0;0;0;0;0;0;0;0;0;0;0;0;0;0;0;0;0;0;0;0;0;0;0;0;0;2;2;0;0;0;0;2;2015-11-29 15:45:00;3605;0;29;7;15;0;-1;1;-1;-1;-1;-1;-1;-1;0;1;2;0;1;2;-1;0;0;0;0;0;0;0;0;0;0;0;0;0;1;1;0;0;-1;-1;0;0;-1;-1;-1;-1;-1;-1;-1;-1;-1;0;0;22;57;93;7;50;79;29;10.29;6.15;6.14;1.72;Levski Sofia;Slavia Sofia;2.13;1.63;2.43;1.86;1.93;1.5;100;100;79;43;7;64;36;29;0;0;0;692;32;Y;Y;N;N;N;N;N
200351;3599;111;2015/2016;complete;1210;18;-1;;29;0;1;1;2;1;3;4;3;1;3;0;0;3;3;1;5;4;8;23;23;37;63;1;3;0;0;0;0;0;0;0;0;0;0;0;0;0;0;0;0;0;0;0;0;0;0;0;0;0;0;0;0;0;0;0;0;0;0;0;0;0;0;0;0;0;0;0;0;0;0;0;0;0;0;0;0;0;0;0;0;0;0;0;0;0;0;0;0;0;0;0;0;1;0;1;0;0;0;1;2015-12-02 12:00:00;111;0;50;0;22;0;-1;1;-1;-1;-1;-1;-1;-1;0;1;1;2;1;3;-1;0;0;0;0;0;0;0;0;0;0;0;0;0;1;1;0;0;-1;-1;0;0;-1;-1;-1;-1;-1;-1;-1;-1;-1;7;14;29;64;93;7;57;86;29;10.14;4;6.29;2.07;Botev Plovdiv;Ludogorets;1.44;1.94;1.57;1.71;1.2;2;93;86;71;36;7;72;58;36;0;0;0;692;32;Y;N;N;N;N;N;N
200352;3607;3605;2015/2016;complete;1210;18;-1;64;;1;0;1;3;6;9;3;3;5;6;0;0;5;4;4;4;9;8;21;20;36;64;5;6;0;0;0;0;0;0;0;0;0;0;0;0;0;0;0;0;0;0;0;0;0;0;0;0;0;0;0;0;0;0;0;0;0;0;0;0;0;0;0;0;0;0;0;0;0;0;0;0;0;0;0;0;0;0;0;0;0;0;0;0;0;0;0;0;0;0;0;0;1;0;0;1;0;1;0;2015-12-02 15:30:00;3607;0;22;0;7;0;-1;1;-1;-1;-1;-1;-1;-1;1;1;4;5;2;9;-1;0;0;0;0;0;0;0;0;0;0;0;0;0;1;1;0;0;-1;-1;0;0;-1;-1;-1;-1;-1;-1;-1;-1;-1;0;0;7;43;79;0;64;50;14;10.43;5;7;1.29;Beroe;Levski Sofia;1.75;1.38;1.43;1.43;1.53;2;100;100;93;57;22;43;36;29;0;0;0;692;32;Y;N;N;N;N;N;N
200353;3603;3612;2015/2016;complete;1210;18;-1;90;;1;0;1;6;3;9;2;3;3;4;0;0;6;5;4;6;10;11;13;22;60;40;3;4;0;0;0;0;0;0;0;0;0;0;0;0;0;0;0;0;0;0;0;0;0;0;0;0;0;0;0;0;0;0;0;0;0;0;0;0;0;0;0;0;0;0;0;0;0;0;0;0;0;0;0;0;0;0;0;0;0;0;0;0;0;0;0;0;0;0;0;0;1;0;0;1;0;1;0;2015-12-03 12:00:00;3603;0;0;0;0;0;-1;1;-1;-1;-1;-1;-1;-1;0;1;3;3;1;6;-1;0;0;0;0;0;0;0;1;0;1;0;0;0;1;1;0;0;-1;-1;0;0;-1;-1;-1;-1;-1;-1;-1;-1;-1;0;0;7;29;71;0;29;50;22;6.71;4.43;4.42;1.07;Slavia Sofia;Montana;1.44;0.38;1.14;0.29;1.4;0.87;100;100;93;71;29;64;36;29;0;0;0;692;32;Y;N;N;N;N;N;N
200354;3608;3606;2015/2016;complete;1210;18;-1;57,63,87;;3;0;3;6;2;8;1;2;2;3;0;1;6;4;2;2;8;6;9;13;42;58;2;4;0;0;0;0;0;0;0;0;0;0;0;0;0;0;0;0;0;0;0;0;0;0;0;0;0;0;0;0;0;0;0;0;0;0;0;0;0;0;0;0;0;0;0;0;0;0;0;0;0;0;0;0;0;0;0;0;0;0;0;0;0;0;0;0;0;0;0;0;3;0;0;3;0;3;0;2015-12-03 15:30:00;3608;0;22;0;14;0;-1;1;-1;-1;-1;-1;-1;-1;0;1;2;3;1;5;-1;0;0;0;0;0;0;0;0;0;0;0;0;0;1;1;0;0;-1;-1;0;0;-1;-1;-1;-1;-1;-1;-1;-1;-1;0;0;29;57;93;7;71;65;29;7.58;3.14;6.14;1.79;OFK Pirin;Lokomotiv Plovdiv;0.88;0.69;0.71;0.14;0.6;1.27;100;100;71;43;7;57;36;29;0;0;0;692;32;Y;Y;Y;N;N;N;N
200355;3599;3605;2015/2016;complete;1210;19;-1;;;0;0;0;3;5;8;2;4;1;1;0;0;2;6;6;3;8;9;13;24;35;65;1;1;0;0;0;0;0;0;0;0;0;0;0;0;0;0;0;0;0;0;0;0;0;0;0;0;0;0;0;0;0;0;0;0;0;0;0;0;0;0;0;0;0;0;0;0;0;0;0;0;0;0;0;0;0;0;0;0;0;0;0;0;0;0;0;0;0;0;0;0;0;0;0;0;0;0;0;2015-12-05 12:00:00;-1;0;32;0;13;0;-1;1;-1;-1;-1;-1;-1;-1;1;0;0;1;1;1;-1;0;0;0;0;0;0;0;0;0;0;0;0;0;1;1;0;0;-1;-1;0;0;-1;-1;-1;-1;-1;-1;-1;-1;-1;0;7;13;44;100;0;57;76;19;9.13;4.5;7.63;1.63;Botev Plovdiv;Levski Sofia;1.44;1.38;1.38;1.25;1.13;1.88;100;94;88;57;0;44;19;19;0;0;0;692;32;N;N;N;N;N;N;N
200356;3608;3611;2015/2016;complete;1210;19;-1;32,45,47,74;;4;0;4;6;5;11;5;4;1;3;0;0;3;4;6;2;9;6;11;26;53;47;1;3;0;0;0;0;0;0;0;0;0;0;0;0;0;0;0;0;0;0;0;0;0;0;0;0;0;0;0;0;0;0;0;0;0;0;0;0;0;0;0;0;0;0;0;0;0;0;0;0;0;0;0;0;0;0;0;0;0;0;0;0;0;0;0;0;0;0;0;0;4;2;0;2;0;2;2;2015-12-06 12:00:00;3608;0;38;0;32;0;-1;1;-1;-1;-1;-1;-1;-1;0;0;1;3;0;4;-1;0;0;0;0;0;0;0;0;0;0;0;0;0;1;1;0;0;-1;-1;0;0;-1;-1;-1;-1;-1;-1;-1;-1;-1;0;13;38;63;94;13;57;63;51;8.13;3.63;7.01;2.07;OFK Pirin;Cherno More;0.88;0.88;1;1.5;0.75;1.5;100;88;63;38;7;57;51;44;0;0;0;692;32;Y;Y;Y;Y;N;N;N
200357;3607;3612;2015/2016;complete;1210;19;-1;7,80;49;2;1;3;4;2;6;1;2;2;3;0;1;5;5;6;5;11;10;21;27;45;55;2;4;0;0;0;0;0;0;0;0;0;0;0;0;0;0;0;0;0;0;0;0;0;0;0;0;0;0;0;0;0;0;0;0;0;0;0;0;0;0;0;0;0;0;0;0;0;0;0;0;0;0;0;0;0;0;0;0;0;0;0;0;0;0;0;0;0;0;0;0;3;1;0;1;1;2;1;2015-12-06 14:30:00;3607;0;13;0;7;0;-1;1;-1;-1;-1;-1;-1;-1;0;1;2;3;1;5;-1;0;0;0;0;0;0;0;0;0;0;0;0;0;1;1;1;0;-1;-1;0;0;-1;-1;-1;-1;-1;-1;-1;-1;-1;0;0;7;32;69;0;32;63;13;7.63;4.63;5.51;1.07;Beroe;Montana;1.75;0.38;1.63;0.25;1.63;0.81;100;100;94;69;32;69;38;32;0;0;0;692;32;Y;Y;Y;N;N;N;Y
200358;3603;3606;2015/2016;complete;1210;19;-1;43,45,78;;3;0;3;4;1;5;7;1;2;3;0;1;3;3;5;2;8;5;10;11;52;48;2;5;0;0;0;0;0;0;0;0;0;0;0;0;0;0;0;0;0;0;0;0;0;0;0;0;0;0;0;0;0;0;0;0;0;0;0;0;0;0;0;0;0;0;0;0;0;0;0;0;0;0;0;0;0;0;0;0;0;0;0;0;0;0;0;0;0;0;0;0;3;2;0;1;0;1;2;2015-12-07 12:00:00;3603;0;13;0;7;0;-1;1;-1;-1;-1;-1;-1;-1;0;4;2;0;4;2;-1;0;0;0;0;0;0;0;1;0;1;0;0;0;1;1;0;0;-1;-1;0;1;-1;-1;-1;-1;-1;-1;-1;-1;-1;0;0;26;50;88;0;51;63;32;8.26;4.5;5.13;1.63;Slavia Sofia;Lokomotiv Plovdiv;1.44;0.69;1.38;0.13;1.5;1.19;100;100;76;50;13;57;32;19;0;0;0;692;32;Y;Y;Y;N;N;N;N
200359;3608;3603;2015/2016;complete;1210;20;-1;;27,50,61;0;3;3;2;2;4;3;1;3;2;0;0;5;2;3;3;8;5;18;29;49;51;3;2;0;0;0;0;0;0;0;0;0;0;0;0;0;0;0;0;0;0;0;0;0;0;0;0;0;0;0;0;0;0;0;0;0;0;0;0;0;0;0;0;0;0;0;0;0;0;0;0;0;0;0;0;0;0;0;0;0;0;0;0;0;0;0;0;0;0;0;0;3;0;1;0;2;2;1;2015-12-11 15:30:00;3603;0;25;7;18;0;-1;1;-1;-1;-1;-1;-1;-1;0;2;3;0;2;3;-1;0;0;0;0;0;0;0;0;0;0;0;0;0;1;1;0;0;-1;-1;0;0;-1;-1;-1;-1;-1;-1;-1;-1;-1;0;6;41;66;95;24;65;66;41;8.42;5.06;6.3;2.07;OFK Pirin;Slavia Sofia;0.88;1.63;1.22;1.63;0.88;1.59;100;95;60;35;6;66;47;41;0;0;0;692;32;Y;Y;Y;N;N;N;N
200360;3611;111;2015/2016;complete;1210;20;-1;;49,62;0;2;2;9;7;16;4;2;3;1;0;0;9;5;6;6;15;11;19;23;43;57;3;1;0;0;0;0;0;0;0;0;0;0;0;0;0;0;0;0;0;0;0;0;0;0;0;0;0;0;0;0;0;0;0;0;0;0;0;0;0;0;0;0;0;0;0;0;0;0;0;0;0;0;0;0;0;0;0;0;0;0;0;0;0;0;0;0;0;0;0;0;2;0;0;0;2;2;0;2015-12-12 12:00:00;111;0;38;0;26;0;-1;1;-1;-1;-1;-1;-1;-1;2;0;1;1;2;2;-1;0;0;0;0;0;0;0;0;0;0;0;0;0;1;1;0;0;-1;-1;0;0;-1;-1;-1;-1;-1;-1;-1;-1;-1;13;13;38;57;94;7;75;69;38;11.51;5.13;6.88;2.13;Cherno More;Ludogorets;1.5;1.94;1.5;1.88;1.41;2.06;88;88;63;44;7;75;63;44;0;0;0;692;32;Y;Y;N;N;N;N;N
200361;3612;3599;2015/2016;complete;1210;20;-1;58;72;1;1;2;10;4;14;1;1;1;2;0;0;3;3;4;3;7;6;18;21;53;47;1;2;0;0;0;0;0;0;0;0;0;0;0;0;0;0;0;0;0;0;0;0;0;0;0;0;0;0;0;0;0;0;0;0;0;0;0;0;0;0;0;0;0;0;0;0;0;0;0;0;0;0;0;0;0;0;0;0;0;0;0;0;0;0;0;0;0;0;0;0;2;0;0;1;1;2;0;2015-12-13 12:00:00;-1;0;38;13;13;0;-1;1;-1;-1;-1;-1;-1;-1;1;1;0;1;2;1;-1;0;0;0;0;0;0;0;0;0;0;0;0;0;1;1;0;0;-1;-1;1;0;-1;-1;-1;-1;-1;-1;-1;-1;-1;13;19;44;76;94;32;69;75;38;6.76;2.88;5.63;2.57;Montana;Botev Plovdiv;0.94;0.63;1.38;0.88;0.76;1.12;88;82;57;26;7;38;19;13;0;0;0;692;32;Y;Y;N;N;N;N;Y
200362;3606;3607;2015/2016;complete;1210;20;-1;89;55;1;1;2;7;2;9;1;2;2;3;0;0;5;2;2;4;7;6;20;24;55;45;2;3;0;0;0;0;0;0;0;0;0;0;0;0;0;0;0;0;0;0;0;0;0;0;0;0;0;0;0;0;0;0;0;0;0;0;0;0;0;0;0;0;0;0;0;0;0;0;0;0;0;0;0;0;0;0;0;0;0;0;0;0;0;0;0;0;0;0;0;0;2;0;0;1;1;2;0;2015-12-13 14:15:00;-1;0;38;13;13;0;-1;1;-1;-1;-1;-1;-1;-1;0;2;2;1;2;3;-1;0;0;0;0;0;0;0;0;0;0;0;0;0;1;1;0;0;-1;-1;0;0;-1;-1;-1;-1;-1;-1;-1;-1;-1;7;19;50;69;94;38;69;88;32;7.38;4.5;5.63;2.38;Lokomotiv Plovdiv;Beroe;2.38;1.56;2.25;1.63;1.12;1.71;94;82;50;32;7;57;32;19;0;0;0;692;32;Y;Y;N;N;N;N;Y
200363;3599;3606;2015/2016;complete;1210;21;-1;8;;1;0;1;2;5;7;1;2;3;1;0;0;2;2;5;4;7;6;12;15;40;60;3;1;0;0;0;0;0;0;0;0;0;0;0;0;0;0;0;0;0;0;0;0;0;0;0;0;0;0;0;0;0;0;0;0;0;0;0;0;0;0;0;0;0;0;0;0;0;0;0;0;0;0;0;0;0;0;0;0;0;0;0;0;0;0;0;0;0;0;0;0;1;1;0;0;0;0;1;2016-02-20 11:00:00;3599;0;33;0;17;0;-1;1;-1;-1;-1;-1;-1;-1;0;0;3;1;0;4;-1;0;0;0;0;0;0;0;0;0;0;0;0;0;1;1;1;0;-1;-1;0;0;-1;-1;-1;-1;-1;-1;-1;-1;-1;0;6;33;61;95;6;56;84;28;7.33;3.89;6;1.95;Botev Plovdiv;Lokomotiv Plovdiv;1.44;0.69;1.33;0.11;1.11;1.11;100;95;67;39;6;44;22;17;0;0;0;692;32;Y;N;N;N;N;N;N
200364;3607;3608;2015/2016;complete;1210;21;-1;10,55,79;24;3;1;4;11;5;16;3;1;1;0;0;0;7;3;9;3;16;6;14;16;57;43;1;0;0;0;0;0;0;0;0;0;0;0;0;0;0;0;0;0;0;0;0;0;0;0;0;0;0;0;0;0;0;0;0;0;0;0;0;0;0;0;0;0;0;0;0;0;0;0;0;0;0;0;0;0;0;0;0;0;0;0;0;0;0;0;0;0;0;0;0;0;4;1;1;2;0;2;2;2016-02-20 13:30:00;3607;0;29;7;11;0;-1;1;-1;-1;-1;-1;-1;-1;0;0;1;0;0;1;-1;0;0;0;0;0;0;0;0;0;0;0;0;0;1;1;1;0;-1;-1;0;0;-1;-1;-1;-1;-1;-1;-1;-1;-1;0;0;18;35;65;13;53;41;11;7.94;3.44;5.44;1.17;Beroe;OFK Pirin;1.75;0.75;1.78;0.5;1.67;0.83;100;100;83;66;36;47;35;23;0;0;0;692;32;Y;Y;Y;Y;N;N;Y
200365;3603;3611;2015/2016;complete;1210;21;-1;;;0;0;0;9;4;13;3;6;0;2;0;1;5;5;7;3;12;8;17;17;49;51;0;4;0;0;0;0;0;0;0;0;0;0;0;0;0;0;0;0;0;0;0;0;0;0;0;0;0;0;0;0;0;0;0;0;0;0;0;0;0;0;0;0;0;0;0;0;0;0;0;0;0;0;0;0;0;0;0;0;0;0;0;0;0;0;0;0;0;0;0;0;0;0;0;0;0;0;0;2016-02-21 11:00:00;-1;0;28;0;22;0;-1;1;-1;-1;-1;-1;-1;-1;0;1;0;2;1;2;-1;0;0;0;0;0;0;0;0;0;0;0;0;0;1;1;0;0;-1;-1;0;0;-1;-1;-1;-1;-1;-1;-1;-1;-1;0;17;33;56;89;17;50;61;45;8.78;5.67;5.89;1.95;Slavia Sofia;Cherno More;1.44;0.88;1.56;1.33;1.67;1.33;100;84;67;45;11;62;50;39;0;0;0;692;32;N;N;N;N;N;N;N
200366;111;3605;2015/2016;complete;1210;21;-1;5,55;81;2;1;3;2;5;7;3;0;4;6;1;0;0;2;3;5;3;7;27;27;53;47;6;6;0;0;0;0;0;0;0;0;0;0;0;0;0;0;0;0;0;0;0;0;0;0;0;0;0;0;0;0;0;0;0;0;0;0;0;0;0;0;0;0;0;0;0;0;0;0;0;0;0;0;0;0;0;0;0;0;0;0;0;0;0;0;0;0;0;0;0;0;3;1;0;1;1;2;1;2016-02-21 13:30:00;111;0;25;0;19;0;-1;1;-1;-1;-1;-1;-1;-1;2;4;3;2;6;5;-1;0;0;0;0;0;0;0;0;0;0;0;0;0;1;1;1;0;-1;-1;0;0;-1;-1;-1;-1;-1;-1;-1;-1;-1;7;7;13;54;89;7;53;66;37;11.69;4.8;7.44;1.68;Ludogorets;Levski Sofia;2.44;1.38;2.25;1.22;2.12;1.82;94;94;88;46;12;48;37;25;0;0;0;692;32;Y;Y;Y;N;N;N;Y
200367;3612;111;2015/2016;complete;1210;22;-1;;77;0;1;1;3;4;7;5;3;5;1;0;0;0;6;4;6;4;12;18;11;34;66;5;1;0;0;0;0;0;0;0;0;0;0;0;0;0;0;0;0;0;0;0;0;0;0;0;0;0;0;0;0;0;0;0;0;0;0;0;0;0;0;0;0;0;0;0;0;0;0;0;0;0;0;0;0;0;0;0;0;0;0;0;0;0;0;0;0;0;0;0;0;1;0;0;0;1;1;0;2016-02-26 13:30:00;111;0;39;11;11;0;-1;1;-1;-1;-1;-1;-1;-1;3;1;2;0;4;2;-1;0;0;0;0;0;0;0;0;0;0;0;0;0;1;1;0;0;-1;-1;0;0;-1;-1;-1;-1;-1;-1;-1;-1;-1;11;17;28;78;95;22;67;73;33;8.78;3.66;5.33;2.34;Montana;Ludogorets;0.94;1.94;1.33;2;0.78;2.17;89;84;73;22;6;61;50;28;0;0;0;692;32;Y;N;N;N;N;N;N
200368;3611;3605;2015/2016;complete;1210;22;-1;;53,65;0;2;2;8;4;12;0;3;7;3;0;0;5;2;5;3;10;5;20;31;56;44;7;3;0;0;0;0;0;0;0;0;0;0;0;0;0;0;0;0;0;0;0;0;0;0;0;0;0;0;0;0;0;0;0;0;0;0;0;0;0;0;0;0;0;0;0;0;0;0;0;0;0;0;0;0;0;0;0;0;0;0;0;0;0;0;0;0;0;0;0;0;2;0;0;0;2;2;0;2016-02-27 11:00:00;3605;0;27;0;22;0;-1;1;-1;-1;-1;-1;-1;-1;5;2;2;1;7;3;-1;0;0;0;0;0;0;0;0;0;0;0;0;0;1;1;0;0;-1;-1;1;0;-1;-1;-1;-1;-1;-1;-1;-1;-1;6;6;27;48;95;0;64;69;38;11.71;5.29;8.16;1.81;Cherno More;Levski Sofia;1.5;1.38;1.33;1.1;1.32;1.72;95;95;73;52;5;54;33;33;0;0;0;692;32;Y;Y;N;N;N;N;N
200369;3603;3607;2015/2016;complete;1210;22;-1;;;0;0;0;5;2;7;1;2;2;5;0;1;3;2;4;4;7;6;22;21;52;48;2;6;0;0;0;0;0;0;0;0;0;0;0;0;0;0;0;0;0;0;0;0;0;0;0;0;0;0;0;0;0;0;0;0;0;0;0;0;0;0;0;0;0;0;0;0;0;0;0;0;0;0;0;0;0;0;0;0;0;0;0;0;0;0;0;0;0;0;0;0;0;0;0;0;0;0;0;2016-02-28 11:15:00;-1;0;17;6;11;0;-1;1;-1;-1;-1;-1;-1;-1;0;3;2;3;3;5;-1;0;0;0;0;0;0;0;0;0;0;0;0;0;1;1;0;0;-1;-1;0;1;-1;-1;-1;-1;-1;-1;-1;-1;-1;6;11;32;49;80;16;54;59;32;8.4;5.44;4.81;1.77;Slavia Sofia;Beroe;1.44;1.56;1.5;1.56;1.63;1.74;95;89;68;52;21;64;37;26;0;0;0;692;32;N;N;N;N;N;N;N
200370;3608;3599;2015/2016;complete;1210;22;-1;67,90;51,89;2;2;4;5;5;10;4;1;4;4;0;0;3;5;2;3;5;8;21;19;41;59;4;4;0;0;0;0;0;0;0;0;0;0;0;0;0;0;0;0;0;0;0;0;0;0;0;0;0;0;0;0;0;0;0;0;0;0;0;0;0;0;0;0;0;0;0;0;0;0;0;0;0;0;0;0;0;0;0;0;0;0;0;0;0;0;0;0;0;0;0;0;4;0;0;2;2;4;0;2016-02-28 13:30:00;-1;0;27;0;22;0;-1;1;-1;-1;-1;-1;-1;-1;1;1;3;3;2;6;-1;0;0;0;0;0;0;0;0;0;0;0;0;0;1;1;0;0;-1;-1;0;0;-1;-1;-1;-1;-1;-1;-1;-1;-1;6;11;47;64;90;21;63;69;53;8.07;3.14;5.7;2.22;OFK Pirin;Botev Plovdiv;0.88;0.63;1.1;0.89;0.79;1.21;95;90;53;37;11;47;37;37;0;0;0;692;32;Y;Y;Y;Y;N;N;Y
200371;111;3606;2015/2016;complete;1210;23;-1;22,42;;2;0;2;2;4;6;0;3;3;0;0;0;4;5;5;7;9;12;13;14;53;47;3;0;0;0;0;0;0;0;0;0;0;0;0;0;0;0;0;0;0;0;0;0;0;0;0;0;0;0;0;0;0;0;0;0;0;0;0;0;0;0;0;0;0;0;0;0;0;0;0;0;0;0;0;0;0;0;0;0;0;0;0;0;0;0;0;0;0;0;0;0;2;2;0;0;0;0;2;2016-03-01 16:00:00;111;0;32;0;27;0;-1;1;-1;-1;-1;-1;-1;-1;0;0;3;0;0;3;-1;0;0;0;0;0;0;0;0;0;0;0;0;0;1;1;0;0;-1;-1;0;0;-1;-1;-1;-1;-1;-1;-1;-1;-1;6;6;37;74;95;11;63;79;49;9.66;4.12;6.53;2.16;Ludogorets;Lokomotiv Plovdiv;2.44;0.69;2.33;0.1;2.21;1.05;95;95;64;26;6;48;38;22;0;0;0;692;32;Y;Y;N;N;N;N;N
200372;3605;3612;2015/2016;complete;1210;23;-1;;;0;0;0;11;1;12;1;1;2;2;0;0;7;4;12;4;19;8;13;12;62;38;2;2;0;0;0;0;0;0;0;0;0;0;0;0;0;0;0;0;0;0;0;0;0;0;0;0;0;0;0;0;0;0;0;0;0;0;0;0;0;0;0;0;0;0;0;0;0;0;0;0;0;0;0;0;0;0;0;0;0;0;0;0;0;0;0;0;0;0;0;0;0;0;0;0;0;0;0;2016-03-02 16:00:00;-1;0;12;0;6;0;-1;1;-1;-1;-1;-1;-1;-1;0;0;2;2;0;4;-1;0;0;0;0;0;0;0;0;0;0;0;0;0;1;1;0;0;-1;-1;0;0;-1;-1;-1;-1;-1;-1;-1;-1;-1;0;0;6;42;83;7;36;71;18;8.39;5;5.13;1.3;Levski Sofia;Montana;2.13;0.38;2.5;0.22;1.79;0.74;100;100;95;59;18;65;30;18;0;0;0;692;32;N;N;N;N;N;N;N
200373;3599;3603;2015/2016;complete;1210;23;-1;;48;0;1;1;5;3;8;1;4;3;5;1;0;5;2;0;2;5;4;18;23;66;34;4;5;0;0;0;0;0;0;0;0;0;0;0;0;0;0;0;0;0;0;0;0;0;0;0;0;0;0;0;0;0;0;0;0;0;0;0;0;0;0;0;0;0;0;0;0;0;0;0;0;0;0;0;0;0;0;0;0;0;0;0;0;0;0;0;0;0;0;0;0;1;0;0;0;1;1;0;2016-03-03 12:00:00;3603;0;37;6;21;0;-1;1;-1;-1;-1;-1;-1;-1;1;4;3;1;5;4;-1;0;0;0;0;0;0;0;0;0;0;0;0;0;1;1;0;0;-1;-1;0;1;-1;-1;-1;-1;-1;-1;-1;-1;-1;0;5;32;59;95;11;59;74;32;7.76;5.12;6.04;1.91;Botev Plovdiv;Slavia Sofia;1.44;1.63;1.5;1.78;1.2;1.6;100;95;68;41;5;54;32;27;0;0;0;692;32;Y;N;N;N;N;N;N
200374;3607;3611;2015/2016;complete;1210;23;-1;;;0;0;0;5;2;7;1;2;5;4;0;1;14;2;4;1;18;3;20;14;56;44;5;5;0;0;0;0;0;0;0;0;0;0;0;0;0;0;0;0;0;0;0;0;0;0;0;0;0;0;0;0;0;0;0;0;0;0;0;0;0;0;0;0;0;0;0;0;0;0;0;0;0;0;0;0;0;0;0;0;0;0;0;0;0;0;0;0;0;0;0;0;0;0;0;0;0;0;0;2016-03-03 14:30:00;-1;0;45;5;30;0;-1;1;-1;-1;-1;-1;-1;-1;1;3;4;2;4;6;-1;0;0;0;0;0;0;0;0;0;0;0;0;0;1;1;0;0;-1;-1;0;0;-1;-1;-1;-1;-1;-1;-1;-1;-1;0;20;35;60;80;15;55;65;45;9.9;5.5;6.4;1.95;Beroe;Cherno More;1.75;0.88;1.9;1.3;1.7;1.25;100;80;65;40;20;65;60;50;0;0;0;692;32;N;N;N;N;N;N;N
200375;3606;3605;2015/2016;complete;1210;24;-1;17;54;1;1;2;0;10;10;3;2;1;4;0;0;6;3;2;6;8;9;23;22;40;60;1;4;0;0;0;0;0;0;0;0;0;0;0;0;0;0;0;0;0;0;0;0;0;0;0;0;0;0;0;0;0;0;0;0;0;0;0;0;0;0;0;0;0;0;0;0;0;0;0;0;0;0;0;0;0;0;0;0;0;0;0;0;0;0;0;0;0;0;0;0;2;1;0;0;1;1;1;2016-03-05 12:00:00;-1;0;37;6;16;0;-1;1;-1;-1;-1;-1;-1;-1;1;2;0;2;3;2;-1;0;0;0;0;0;0;0;0;0;0;0;0;0;1;1;0;0;-1;-1;0;0;-1;-1;-1;-1;-1;-1;-1;-1;-1;0;6;27;62;96;22;56;82;30;9.11;4.34;6.89;1.89;Lokomotiv Plovdiv;Levski Sofia;2.38;1.38;2.11;1.27;1;1.75;100;95;74;39;5;46;20;15;0;0;0;692;32;Y;Y;N;N;N;N;Y
200376;3608;111;2015/2016;complete;1210;24;-1;3;45,62,69;1;3;4;4;5;9;0;2;3;3;1;0;0;3;5;2;5;5;24;17;34;66;5;3;0;0;0;0;0;0;0;0;0;0;0;0;0;0;0;0;0;0;0;0;0;0;0;0;0;0;0;0;0;0;0;0;0;0;0;0;0;0;0;0;0;0;0;0;0;0;0;0;0;0;0;0;0;0;0;0;0;0;0;0;0;0;0;0;0;0;0;0;4;1;1;0;2;2;2;2016-03-05 14:30:00;111;0;24;0;14;0;-1;1;-1;-1;-1;-1;-1;-1;1;3;3;0;4;3;-1;0;0;0;0;0;0;0;0;0;0;0;0;0;1;1;1;0;-1;-1;0;0;-1;-1;-1;-1;-1;-1;-1;-1;-1;5;14;38;62;91;14;62;67;43;9.25;4.31;5.62;2.09;OFK Pirin;Ludogorets;0.88;1.94;1.09;2.1;0.8;2.25;95;86;63;38;10;63;58;38;0;0;0;692;32;Y;Y;Y;Y;N;N;Y
200377;3611;3612;2015/2016;complete;1210;24;-1;54;50;1;1;2;14;5;19;0;3;2;6;0;0;5;4;10;6;15;10;15;14;65;35;2;6;0;0;0;0;0;0;0;0;0;0;0;0;0;0;0;0;0;0;0;0;0;0;0;0;0;0;0;0;0;0;0;0;0;0;0;0;0;0;0;0;0;0;0;0;0;0;0;0;0;0;0;0;0;0;0;0;0;0;0;0;0;0;0;0;0;0;0;0;2;0;0;1;1;2;0;2016-03-06 12:00:00;-1;0;20;0;20;0;-1;1;-1;-1;-1;-1;-1;-1;1;2;1;4;3;5;-1;0;0;0;0;0;0;0;0;0;0;0;0;0;1;1;0;0;-1;-1;0;0;-1;-1;-1;-1;-1;-1;-1;-1;-1;5;5;25;45;85;0;40;75;40;9;4.5;6.8;1.65;Cherno More;Montana;1.5;0.38;1.2;0.3;1.24;0.75;95;95;75;55;15;75;45;45;0;0;0;692;32;Y;Y;N;N;N;N;Y
200378;3607;3599;2015/2016;complete;1210;24;-1;62;32;1;1;2;6;2;8;5;1;1;5;0;0;7;3;6;3;13;6;19;21;58;42;1;5;0;0;0;0;0;0;0;0;0;0;0;0;0;0;0;0;0;0;0;0;0;0;0;0;0;0;0;0;0;0;0;0;0;0;0;0;0;0;0;0;0;0;0;0;0;0;0;0;0;0;0;0;0;0;0;0;0;0;0;0;0;0;0;0;0;0;0;0;2;0;1;1;0;1;1;2016-03-06 14:15:00;-1;0;43;5;29;0;-1;1;-1;-1;-1;-1;-1;-1;0;2;1;3;2;4;-1;0;0;0;0;0;0;0;0;0;0;0;0;0;1;1;0;0;-1;-1;0;1;-1;-1;-1;-1;-1;-1;-1;-1;-1;5;15;39;58;77;15;53;68;44;9.8;3.76;5.74;1.98;Beroe;Botev Plovdiv;1.75;0.63;1.82;0.9;1.67;1.14;95;86;62;43;23;53;43;33;0;0;0;692;32;Y;Y;N;N;N;N;Y
200379;3612;3606;2015/2016;complete;1210;25;-1;;50;0;1;1;6;3;9;2;1;3;4;0;0;3;4;2;5;5;9;18;27;50;50;3;4;0;0;0;0;0;0;0;0;0;0;0;0;0;0;0;0;0;0;0;0;0;0;0;0;0;0;0;0;0;0;0;0;0;0;0;0;0;0;0;0;0;0;0;0;0;0;0;0;0;0;0;0;0;0;0;0;0;0;0;0;0;0;0;0;0;0;0;0;1;0;0;0;1;1;0;2016-03-12 12:00:00;3606;0;29;10;10;0;-1;1;-1;-1;-1;-1;-1;-1;1;0;2;4;1;6;-1;0;0;0;0;0;0;0;0;0;0;0;0;0;1;1;0;0;-1;-1;0;0;-1;-1;-1;-1;-1;-1;-1;-1;-1;5;10;33;77;100;24;67;77;29;6.98;3.7;5.51;2.3;Montana;Lokomotiv Plovdiv;0.94;0.69;1.2;0.09;0.76;1;95;90;67;24;0;38;19;10;0;0;0;692;32;Y;N;N;N;N;N;N
200380;111;3603;2015/2016;complete;1210;25;-1;37,44,64;75;3;1;4;7;7;14;2;2;2;0;0;0;0;4;6;4;6;8;13;21;58;42;2;0;0;0;0;0;0;0;0;0;0;0;0;0;0;0;0;0;0;0;0;0;0;0;0;0;0;0;0;0;0;0;0;0;0;0;0;0;0;0;0;0;0;0;0;0;0;0;0;0;0;0;0;0;0;0;0;0;0;0;0;0;0;0;0;0;0;0;0;0;4;2;0;1;1;2;2;2016-03-12 14:30:00;111;0;35;5;30;0;-1;1;-1;-1;-1;-1;-1;-1;1;0;1;0;1;1;-1;0;0;0;0;0;0;0;1;0;1;0;0;0;1;1;0;0;-1;-1;0;0;-1;-1;-1;-1;-1;-1;-1;-1;-1;5;5;35;75;95;20;60;75;50;9.6;5.3;6.9;2.15;Ludogorets;Slavia Sofia;2.44;1.63;2.4;1.9;2.29;1.67;95;95;65;25;5;55;45;30;0;0;0;692;32;Y;Y;Y;Y;N;N;Y
200381;3599;3611;2015/2016;complete;1210;25;-1;30,63,68;33;3;1;4;4;3;7;0;6;3;4;0;0;5;4;3;7;8;11;19;21;58;42;3;4;0;0;0;0;0;0;0;0;0;0;0;0;0;0;0;0;0;0;0;0;0;0;0;0;0;0;0;0;0;0;0;0;0;0;0;0;0;0;0;0;0;0;0;0;0;0;0;0;0;0;0;0;0;0;0;0;0;0;0;0;0;0;0;0;0;0;0;0;4;1;1;2;0;2;2;2016-03-13 12:00:00;3599;0;41;0;27;0;-1;1;-1;-1;-1;-1;-1;-1;1;0;2;4;1;6;-1;0;0;0;0;0;0;0;1;0;1;0;0;0;1;1;0;0;-1;-1;0;0;-1;-1;-1;-1;-1;-1;-1;-1;-1;0;18;27;50;87;9;45;69;37;7.91;4.73;6.82;1.82;Botev Plovdiv;Cherno More;1.44;0.88;1.36;1.27;1.14;1.23;100;82;73;50;14;50;41;37;0;0;0;692;32;Y;Y;Y;Y;N;N;Y
200382;3605;3608;2015/2016;complete;1210;25;-1;31,45,84;11;3;1;4;10;2;12;1;1;4;4;0;0;3;3;5;2;8;5;21;22;63;37;4;4;0;0;0;0;0;0;0;0;0;0;0;0;0;0;0;0;0;0;0;0;0;0;0;0;0;0;0;0;0;0;0;0;0;0;0;0;0;0;0;0;0;0;0;0;0;0;0;0;0;0;0;0;0;0;0;0;0;0;0;0;0;0;0;0;0;0;0;0;4;2;1;1;0;1;3;2016-03-13 14:15:00;3605;0;22;11;0;0;-1;1;-1;-1;-1;-1;-1;-1;2;2;2;2;4;4;-1;0;0;0;0;0;0;0;0;0;0;0;0;0;1;1;0;0;-1;-1;1;0;-1;-1;-1;-1;-1;-1;-1;-1;-1;0;6;11;39;73;22;50;45;11;9.67;3.78;4.67;1.28;Levski Sofia;OFK Pirin;2.13;0.75;2.33;0.44;1.71;0.76;100;95;89;62;28;56;39;22;0;0;0;692;32;Y;Y;Y;Y;N;N;Y
200383;3603;3605;2015/2016;complete;1210;26;-1;;;0;0;0;4;3;7;0;5;3;2;0;0;0;2;6;8;6;10;15;17;48;52;3;2;0;0;0;0;0;0;0;0;0;0;0;0;0;0;0;0;0;0;0;0;0;0;0;0;0;0;0;0;0;0;0;0;0;0;0;0;0;0;0;0;0;0;0;0;0;0;0;0;0;0;0;0;0;0;0;0;0;0;0;0;0;0;0;0;0;0;0;0;0;0;0;0;0;0;0;2016-03-19 12:00:00;-1;0;13;0;4;0;-1;1;-1;-1;-1;-1;-1;-1;0;1;3;1;1;4;-1;0;0;0;0;0;0;0;0;0;0;0;0;0;1;1;0;0;-1;-1;0;0;-1;-1;-1;-1;-1;-1;-1;-1;-1;0;0;13;39;78;5;47;52;22;10.36;5.24;6.15;1.3;Slavia Sofia;Levski Sofia;1.44;1.38;1.45;1.25;1.59;1.77;100;100;87;62;22;49;31;22;0;0;0;692;32;N;N;N;N;N;N;N
200384;3607;111;2015/2016;complete;1210;26;-1;;39,90;0;2;2;4;8;12;1;2;4;3;0;0;5;3;6;2;11;5;22;30;43;57;4;3;0;0;0;0;0;0;0;0;0;0;0;0;0;0;0;0;0;0;0;0;0;0;0;0;0;0;0;0;0;0;0;0;0;0;0;0;0;0;0;0;0;0;0;0;0;0;0;0;0;0;0;0;0;0;0;0;0;0;0;0;0;0;0;0;0;0;0;0;2;0;1;0;1;1;1;2016-03-19 14:30:00;111;0;39;9;13;0;-1;1;-1;-1;-1;-1;-1;-1;2;2;2;1;4;3;-1;0;0;0;0;0;0;0;0;0;0;0;0;0;1;1;0;0;-1;-1;0;0;-1;-1;-1;-1;-1;-1;-1;-1;-1;5;13;26;57;79;13;61;66;31;10.82;4.94;5.32;1.8;Beroe;Ludogorets;1.75;1.94;1.75;2.18;1.64;2.32;96;87;74;43;21;62;53;35;0;0;0;692;32;Y;Y;N;N;N;N;N
200385;3611;3606;2015/2016;complete;1210;26;-1;55;10;1;1;2;6;5;11;1;3;1;3;1;0;2;2;5;2;7;4;15;19;45;55;3;3;0;0;0;0;0;0;0;0;0;0;0;0;0;0;0;0;0;0;0;0;0;0;0;0;0;0;0;0;0;0;0;0;0;0;0;0;0;0;0;0;0;0;0;0;0;0;0;0;0;0;0;0;0;0;0;0;0;0;0;0;0;0;0;0;0;0;0;0;2;0;1;1;0;1;1;2016-03-20 12:00:00;-1;0;27;0;22;0;-1;1;-1;-1;-1;-1;-1;-1;1;1;1;2;2;3;-1;0;0;0;0;0;0;0;0;1;0;1;0;0;1;1;0;1;-1;-1;1;0;-1;-1;-1;-1;-1;-1;-1;-1;-1;5;5;35;66;100;9;61;79;45;10.99;4.28;6.73;2.09;Cherno More;Lokomotiv Plovdiv;1.5;0.69;1.18;0.33;1.17;1.09;96;96;66;35;0;62;41;36;0;0;0;692;32;Y;Y;N;N;N;N;Y
200386;3608;3612;2015/2016;complete;1210;26;-1;;;0;0;0;2;3;5;0;2;3;3;0;0;5;3;5;2;10;5;14;20;60;40;3;3;0;0;0;0;0;0;0;0;0;0;0;0;0;0;0;0;0;0;0;0;0;0;0;0;0;0;0;0;0;0;0;0;0;0;0;0;0;0;0;0;0;0;0;0;0;0;0;0;0;0;0;0;0;0;0;0;0;0;0;0;0;0;0;0;0;0;0;0;0;0;0;0;0;0;0;2016-03-20 14:15:00;-1;0;22;4;18;0;-1;1;-1;-1;-1;-1;-1;-1;1;2;2;1;3;3;-1;0;0;0;0;0;0;0;0;0;0;0;0;0;1;1;0;0;-1;-1;0;0;-1;-1;-1;-1;-1;-1;-1;-1;-1;0;13;34;52;83;13;43;70;43;6.51;3.75;6.18;1.8;OFK Pirin;Montana;0.88;0.38;1;0.36;0.73;0.73;100;88;67;49;18;66;39;35;0;0;0;692;32;N;N;N;N;N;N;N
200387;3606;3608;2015/2016;complete;1210;27;-1;19,45,52,58;27,84;4;2;6;4;2;6;2;5;0;4;0;0;2;3;6;2;8;5;28;16;50;50;0;4;0;0;0;0;0;0;0;0;0;0;0;0;0;0;0;0;0;0;0;0;0;0;0;0;0;0;0;0;0;0;0;0;0;0;0;0;0;0;0;0;0;0;0;0;0;0;0;0;0;0;0;0;0;0;0;0;0;0;0;0;0;0;0;0;0;0;0;0;6;2;1;2;1;3;3;2016-04-01 17:15:00;3606;0;50;20;10;0;-1;1;-1;-1;-1;-1;-1;-1;0;3;0;1;3;1;-1;0;0;0;0;0;0;0;1;1;1;1;0;0;1;1;0;0;-1;-1;0;0;-1;-1;-1;-1;-1;-1;-1;-1;-1;0;15;35;60;85;40;60;70;20;6.7;3;5;1.95;Lokomotiv Plovdiv;OFK Pirin;2.38;0.75;2;0.4;1.09;0.74;100;85;65;40;15;55;35;20;0;0;0;692;32;Y;Y;Y;Y;Y;Y;Y
200388;3612;3603;2015/2016;complete;1210;27;-1;;1,32,66;0;3;3;3;5;8;2;0;2;2;0;0;0;2;6;9;6;11;13;23;53;47;2;2;0;0;0;0;0;0;0;0;0;0;0;0;0;0;0;0;0;0;0;0;0;0;0;0;0;0;0;0;0;0;0;0;0;0;0;0;0;0;0;0;0;0;0;0;0;0;0;0;0;0;0;0;0;0;0;0;0;0;0;0;0;0;0;0;0;0;0;0;3;0;2;0;1;1;2;2016-04-02 14:15:00;3603;0;36;14;18;0;-1;1;-1;-1;-1;-1;-1;-1;0;1;2;1;1;3;-1;0;0;0;0;0;0;0;0;0;0;0;0;0;1;1;0;1;-1;-1;0;0;-1;-1;-1;-1;-1;-1;-1;-1;-1;5;14;36;73;100;27;60;82;36;7.82;4.91;5.91;2.32;Montana;Slavia Sofia;0.94;1.63;1.09;1.73;0.74;1.57;96;87;64;27;0;55;32;23;0;0;0;692;32;Y;Y;Y;N;N;N;N
200389;3605;3607;2015/2016;complete;1210;27;-1;45;;1;0;1;1;2;3;5;3;3;3;1;1;0;3;6;7;6;10;27;13;51;49;5;4;0;0;0;0;0;0;0;0;0;0;0;0;0;0;0;0;0;0;0;0;0;0;0;0;0;0;0;0;0;0;0;0;0;0;0;0;0;0;0;0;0;0;0;0;0;0;0;0;0;0;0;0;0;0;0;0;0;0;0;0;0;0;0;0;0;0;0;0;1;1;0;0;0;0;1;2016-04-02 17:00:00;3605;0;25;10;10;0;-1;1;-1;-1;-1;-1;-1;-1;1;1;3;3;2;6;-1;0;0;0;0;0;0;0;1;0;1;0;0;0;1;1;0;0;-1;-1;0;0;-1;-1;-1;-1;-1;-1;-1;-1;-1;5;15;25;55;80;20;55;65;25;10.2;5;5.7;1.8;Levski Sofia;Beroe;2.13;1.56;2.4;1.5;1.74;1.57;95;85;75;45;20;65;40;25;0;0;0;692;32;Y;N;N;N;N;N;N
200390;111;3599;2015/2016;complete;1210;27;-1;40;;1;0;1;8;0;8;10;4;1;1;0;1;8;2;6;1;14;3;13;11;61;39;1;2;0;0;0;0;0;0;0;0;0;0;0;0;0;0;0;0;0;0;0;0;0;0;0;0;0;0;0;0;0;0;0;0;0;0;0;0;0;0;0;0;0;0;0;0;0;0;0;0;0;0;0;0;0;0;0;0;0;0;0;0;0;0;0;0;0;0;0;0;1;1;0;0;0;0;1;2016-04-03 17:15:00;111;0;50;0;41;0;-1;1;-1;-1;-1;-1;-1;-1;0;1;1;1;1;2;-1;0;0;0;0;0;0;0;0;0;0;0;0;0;1;1;0;0;-1;-1;0;1;-1;-1;-1;-1;-1;-1;-1;-1;-1;9;18;41;78;91;23;60;78;60;9.82;3.36;6.45;2.41;Ludogorets;Botev Plovdiv;2.44;0.63;2.45;0.91;2.35;1.22;91;82;60;23;9;50;46;32;0;0;0;692;32;Y;N;N;N;N;N;N
200391;3611;3608;2015/2016;complete;1210;28;-1;90;86;1;1;2;13;5;18;1;1;3;1;1;0;5;3;12;2;17;5;16;15;68;32;4;1;0;0;0;0;0;0;0;0;0;0;0;0;0;0;0;0;0;0;0;0;0;0;0;0;0;0;0;0;0;0;0;0;0;0;0;0;0;0;0;0;0;0;0;0;0;0;0;0;0;0;0;0;0;0;0;0;0;0;0;0;0;0;0;0;0;0;0;0;2;0;0;1;1;2;0;2016-04-09 14:15:00;-1;0;44;18;21;0;-1;1;-1;-1;-1;-1;-1;-1;0;1;4;0;1;4;-1;0;0;0;0;0;0;0;0;0;0;0;0;0;1;1;0;0;-1;-1;0;0;-1;-1;-1;-1;-1;-1;-1;-1;-1;9;18;35;56;87;23;61;64;38;10.22;3.61;6.49;2.09;Cherno More;OFK Pirin;1.5;0.75;1.17;0.36;1.17;0.71;92;83;66;44;14;64;52;47;0;0;0;692;32;Y;Y;N;N;N;N;Y
200392;3605;3599;2015/2016;complete;1210;28;-1;33,40,70;;3;0;3;4;4;8;6;2;1;1;0;0;3;6;4;0;7;6;23;19;45;55;1;1;0;0;0;0;0;0;0;0;0;0;0;0;0;0;0;0;0;0;0;0;0;0;0;0;0;0;0;0;0;0;0;0;0;0;0;0;0;0;0;0;0;0;0;0;0;0;0;0;0;0;0;0;0;0;0;0;0;0;0;0;0;0;0;0;0;0;0;0;3;2;0;1;0;1;2;2016-04-09 17:00:00;3605;0;34;5;17;0;-1;1;-1;-1;-1;-1;-1;-1;0;1;1;0;1;1;-1;0;0;0;0;0;0;0;0;0;0;0;0;0;1;1;0;0;-1;-1;0;0;-1;-1;-1;-1;-1;-1;-1;-1;-1;4;13;26;56;87;18;57;65;30;10.06;4.4;5.72;1.89;Levski Sofia;Botev Plovdiv;2.13;0.63;2.45;0.83;1.79;1.17;96;87;75;44;13;53;39;26;0;0;0;692;32;Y;Y;Y;N;N;N;N
200393;3612;3607;2015/2016;complete;1210;28;-1;90;26,72,77;1;3;4;7;1;8;2;0;4;1;0;1;4;5;3;7;7;12;11;17;52;48;4;2;0;0;0;0;0;0;0;0;0;0;0;0;0;0;0;0;0;0;0;0;0;0;0;0;0;0;0;0;0;0;0;0;0;0;0;0;0;0;0;0;0;0;0;0;0;0;0;0;0;0;0;0;0;0;0;0;0;0;0;0;0;0;0;0;0;0;0;0;4;0;1;1;2;3;1;2016-04-10 14:15:00;3607;0;30;13;13;0;-1;1;-1;-1;-1;-1;-1;-1;0;0;4;2;0;6;-1;0;0;0;0;0;0;0;0;0;0;0;0;0;1;1;0;0;-1;-1;0;0;-1;-1;-1;-1;-1;-1;-1;-1;-1;9;18;35;65;91;26;61;74;31;6.74;4.2;6.03;2.21;Montana;Beroe;0.94;1.56;1;1.36;0.71;1.5;92;83;66;35;9;49;22;13;0;0;0;692;32;Y;Y;Y;Y;N;N;Y
200394;3606;3603;2015/2016;complete;1210;28;-1;54,63,84;81;3;1;4;6;2;8;1;2;3;3;0;0;6;2;5;3;11;5;14;18;57;43;3;3;0;0;0;0;0;0;0;0;0;0;0;0;0;0;0;0;0;0;0;0;0;0;0;0;0;0;0;0;0;0;0;0;0;0;0;0;0;0;0;0;0;0;0;0;0;0;0;0;0;0;0;0;0;0;0;0;0;0;0;0;0;0;0;0;0;0;0;0;4;0;0;3;1;4;0;2016-04-10 17:00:00;3606;0;49;13;26;0;-1;1;-1;-1;-1;-1;-1;-1;2;1;1;2;3;3;-1;0;0;0;0;0;0;0;0;1;0;1;0;0;1;1;0;0;-1;-1;0;0;-1;-1;-1;-1;-1;-1;-1;-1;-1;5;13;48;79;100;39;66;92;39;8.01;4.92;5.26;2.49;Lokomotiv Plovdiv;Slavia Sofia;2.38;1.63;2.09;1.83;1.17;1.63;96;87;53;22;0;57;35;21;0;0;0;692;32;Y;Y;Y;Y;N;N;Y
200395;111;3611;2015/2016;complete;1210;29;-1;9,72;31;2;1;3;4;3;7;3;5;1;6;0;0;4;4;6;7;10;11;20;19;56;44;1;6;0;0;0;0;0;0;0;0;0;0;0;0;0;0;0;0;0;0;0;0;0;0;0;0;0;0;0;0;0;0;0;0;0;0;0;0;0;0;0;0;0;0;0;0;0;0;0;0;0;0;0;0;0;0;0;0;0;0;0;0;0;0;0;0;0;0;0;0;3;1;1;1;0;1;2;2016-04-15 17:15:00;111;0;46;4;38;0;-1;1;-1;-1;-1;-1;-1;-1;0;2;1;4;2;5;-1;0;0;0;0;0;0;0;1;0;1;0;0;0;1;1;1;0;-1;-1;0;0;-1;-1;-1;-1;-1;-1;-1;-1;-1;4;25;38;71;88;25;59;67;58;9.91;5.84;7.08;2.25;Ludogorets;Cherno More;2.44;0.88;2.5;1.17;2.38;1.16;96;75;63;29;13;54;54;42;0;0;0;692;32;Y;Y;Y;N;N;N;Y
200396;3599;3612;2015/2016;complete;1210;29;-1;29,90;61,67;2;2;4;3;4;7;1;3;5;1;0;0;3;3;4;4;7;7;16;15;59;41;5;1;0;0;0;0;0;0;0;0;0;0;0;0;0;0;0;0;0;0;0;0;0;0;0;0;0;0;0;0;0;0;0;0;0;0;0;0;0;0;0;0;0;0;0;0;0;0;0;0;0;0;0;0;0;0;0;0;0;0;0;0;0;0;0;0;0;0;0;0;4;1;0;1;2;3;1;2016-04-16 14:15:00;-1;0;30;4;17;0;-1;1;-1;-1;-1;-1;-1;-1;1;0;4;1;1;5;-1;0;0;0;0;0;0;0;0;1;0;1;0;0;1;1;0;0;-1;-1;0;0;-1;-1;-1;-1;-1;-1;-1;-1;-1;0;9;17;38;80;4;34;71;25;6.42;3.67;5.92;1.42;Botev Plovdiv;Montana;1.44;0.38;1.5;0.42;1.12;0.68;100;92;84;63;21;50;25;25;0;0;0;692;32;Y;Y;Y;Y;N;N;Y
200397;3607;3606;2015/2016;complete;1210;29;-1;13,18,26,87,90;53,73;5;2;7;7;4;11;3;0;2;3;0;1;4;2;4;3;8;5;13;21;54;46;2;5;0;0;0;0;0;0;0;0;0;0;0;0;0;0;0;0;0;0;0;0;0;0;0;0;0;0;0;0;0;0;0;0;0;0;0;0;0;0;0;0;0;0;0;0;0;0;0;0;0;0;0;0;0;0;0;0;0;0;0;0;0;0;0;0;0;0;0;0;7;3;0;2;2;4;3;2016-04-16 17:00:00;3607;0;31;4;12;0;-1;1;-1;-1;-1;-1;-1;-1;1;3;1;1;4;2;-1;0;0;0;0;0;0;0;1;1;1;1;0;0;1;1;0;0;-1;-1;0;1;-1;-1;-1;-1;-1;-1;-1;-1;-1;0;4;27;62;85;12;66;70;23;9.16;4.46;5.62;1.77;Beroe;Lokomotiv Plovdiv;1.75;0.69;1.62;0.38;1.56;1.24;100;96;73;39;16;50;35;27;0;0;0;692;32;Y;Y;Y;Y;Y;Y;Y
200398;3603;3608;2015/2016;complete;1210;29;-1;12;57,72;1;2;3;2;3;5;2;1;2;3;0;1;5;3;5;1;10;4;24;12;58;42;2;4;0;0;0;0;0;0;0;0;0;0;0;0;0;0;0;0;0;0;0;0;0;0;0;0;0;0;0;0;0;0;0;0;0;0;0;0;0;0;0;0;0;0;0;0;0;0;0;0;0;0;0;0;0;0;0;0;0;0;0;0;0;0;0;0;0;0;0;0;3;1;0;0;2;2;1;2016-04-17 14:15:00;3608;0;25;17;9;0;-1;1;-1;-1;-1;-1;-1;-1;0;0;2;4;0;6;-1;0;0;0;0;0;0;0;0;0;0;0;0;0;1;1;0;0;-1;-1;0;0;-1;-1;-1;-1;-1;-1;-1;-1;-1;4;13;25;38;67;25;46;42;21;8;3.91;4.5;1.5;Slavia Sofia;OFK Pirin;1.44;0.75;1.42;0.42;1.56;0.72;96;88;75;63;34;50;38;29;0;0;0;692;32;Y;Y;Y;N;N;N;Y
200399;3611;3603;2015/2016;complete;1210;30;-1;6,56,82;15,37;3;2;5;10;3;13;4;0;4;2;0;0;4;5;10;1;14;6;21;20;62;38;4;2;0;0;0;0;0;0;0;0;0;0;0;0;0;0;0;0;0;0;0;0;0;0;0;0;0;0;0;0;0;0;0;0;0;0;0;0;0;0;0;0;0;0;0;0;0;0;0;0;0;0;0;0;0;0;0;0;0;0;0;0;0;0;0;0;0;0;0;0;5;1;2;2;0;2;3;2016-04-23 14:15:00;3611;0;42;4;35;0;-1;1;-1;-1;-1;-1;-1;-1;1;1;3;1;2;4;-1;0;0;0;0;0;0;0;0;0;0;0;0;0;1;1;1;0;-1;-1;0;0;-1;-1;-1;-1;-1;-1;-1;-1;-1;4;12;43;73;100;16;58;85;54;11.85;5;6.84;2.31;Cherno More;Slavia Sofia;1.5;1.63;1.15;1.69;1.12;1.5;96;89;58;27;0;70;54;50;0;0;0;692;32;Y;Y;Y;Y;Y;N;Y
200400;3605;111;2015/2016;complete;1210;30;-1;;;0;0;0;5;4;9;2;1;1;5;0;0;4;4;12;5;16;9;24;25;56;44;1;5;0;0;0;0;0;0;0;0;0;0;0;0;0;0;0;0;0;0;0;0;0;0;0;0;0;0;0;0;0;0;0;0;0;0;0;0;0;0;0;0;0;0;0;0;0;0;0;0;0;0;0;0;0;0;0;0;0;0;0;0;0;0;0;0;0;0;0;0;0;0;0;0;0;0;0;2016-04-23 17:00:00;-1;0;25;8;4;0;-1;1;-1;-1;-1;-1;-1;-1;1;1;0;4;2;4;-1;0;0;0;0;0;0;0;0;0;0;0;0;0;1;1;0;0;-1;-1;1;1;-1;-1;-1;-1;-1;-1;-1;-1;-1;4;13;21;59;88;21;63;67;21;11.58;5.41;5.25;1.83;Levski Sofia;Ludogorets;2.13;1.94;2.5;2.25;1.84;2.4;96;88;79;42;13;67;55;34;0;0;0;692;32;N;N;N;N;N;N;N
200401;3606;3599;2015/2016;complete;1210;30;-1;55,67;22;2;1;3;12;4;16;1;2;3;5;0;0;6;0;7;9;13;9;20;20;57;43;3;5;0;0;0;0;0;0;0;0;0;0;0;0;0;0;0;0;0;0;0;0;0;0;0;0;0;0;0;0;0;0;0;0;0;0;0;0;0;0;0;0;0;0;0;0;0;0;0;0;0;0;0;0;0;0;0;0;0;0;0;0;0;0;0;0;0;0;0;0;3;0;1;2;0;2;1;2016-04-24 14:30:00;3606;0;57;9;32;0;-1;1;-1;-1;-1;-1;-1;-1;0;2;3;3;2;6;-1;0;0;0;0;0;0;0;0;0;0;0;0;0;1;1;0;0;-1;-1;0;0;-1;-1;-1;-1;-1;-1;-1;-1;-1;8;20;48;76;96;33;60;89;44;7.63;3.54;5.17;2.57;Lokomotiv Plovdiv;Botev Plovdiv;2.38;0.63;2.17;0.77;1.19;1.12;92;80;52;24;4;44;28;16;0;0;0;692;32;Y;Y;Y;N;N;N;Y
200402;3608;3607;2015/2016;complete;1210;30;-1;88;48;1;1;2;9;4;13;2;0;2;5;0;1;3;4;10;2;13;6;14;19;55;45;2;6;0;0;0;0;0;0;0;0;0;0;0;0;0;0;0;0;0;0;0;0;0;0;0;0;0;0;0;0;0;0;0;0;0;0;0;0;0;0;0;0;0;0;0;0;0;0;0;0;0;0;0;0;0;0;0;0;0;0;0;0;0;0;0;0;0;0;0;0;2;0;0;1;1;2;0;2016-04-24 17:00:00;-1;0;28;8;20;0;-1;1;-1;-1;-1;-1;-1;-1;1;1;1;5;2;6;-1;0;0;0;0;0;0;0;0;0;0;0;0;0;1;1;0;0;-1;-1;0;0;-1;-1;-1;-1;-1;-1;-1;-1;-1;4;24;48;60;84;20;65;65;48;6.9;3.87;6.33;2.2;OFK Pirin;Beroe;0.88;1.56;1;1.5;0.81;1.62;96;76;52;40;16;52;32;24;0;0;0;692;32;Y;Y;N;N;N;N;Y
200403;3605;3611;2015/2016;complete;1210;31;-1;8,34,68,74,86;12;5;1;6;4;1;5;3;3;1;3;0;0;5;4;7;6;12;10;25;21;60;40;1;3;0;0;0;0;0;0;0;0;0;0;0;0;0;0;0;0;0;0;0;0;0;0;0;0;0;0;0;0;0;0;0;0;0;0;0;0;0;0;0;0;0;0;0;0;0;0;0;0;0;0;0;0;0;0;0;0;0;0;0;0;0;0;0;0;0;0;0;0;6;2;1;3;0;3;3;2016-04-28 16:30:00;3605;0;35;12;16;0;-1;1;-1;-1;-1;-1;-1;-1;0;1;1;2;1;3;-1;0;0;0;0;0;0;0;0;0;0;0;0;0;1;1;1;0;-1;-1;0;0;-1;-1;-1;-1;-1;-1;-1;-1;-1;0;20;31;58;81;27;54;62;31;9.92;6.31;6.54;1.89;Levski Sofia;Cherno More;2.13;0.88;2.38;1.08;1.81;1.19;100;81;70;43;19;58;46;35;0;0;0;692;32;Y;Y;Y;Y;Y;Y;Y
200404;3599;3608;2015/2016;complete;1210;31;-1;45,88;59,90;2;2;4;4;3;7;1;4;1;5;0;0;9;5;8;2;17;7;18;15;62;38;1;5;0;0;0;0;0;0;0;0;0;0;0;0;0;0;0;0;0;0;0;0;0;0;0;0;0;0;0;0;0;0;0;0;0;0;0;0;0;0;0;0;0;0;0;0;0;0;0;0;0;0;0;0;0;0;0;0;0;0;0;0;0;0;0;0;0;0;0;0;4;1;0;1;2;3;1;2016-04-29 14:15:00;-1;0;50;20;19;0;-1;1;-1;-1;-1;-1;-1;-1;0;2;1;3;2;4;-1;0;0;0;0;0;0;0;0;0;0;0;0;0;1;1;0;0;-1;-1;0;1;-1;-1;-1;-1;-1;-1;-1;-1;-1;4;23;35;50;85;23;58;66;31;6.92;2.93;5.69;2;Botev Plovdiv;OFK Pirin;1.44;0.75;1.46;0.62;1.07;0.81;96;77;66;50;16;39;27;23;0;0;0;692;32;Y;Y;Y;Y;N;N;Y
200405;111;3612;2015/2016;complete;1210;31;-1;10,23;25;2;1;3;4;2;6;2;2;0;1;0;0;7;4;6;3;13;7;24;26;57;43;0;1;0;0;0;0;0;0;0;0;0;0;0;0;0;0;0;0;0;0;0;0;0;0;0;0;0;0;0;0;0;0;0;0;0;0;0;0;0;0;0;0;0;0;0;0;0;0;0;0;0;0;0;0;0;0;0;0;0;0;0;0;0;0;0;0;0;0;0;0;3;2;1;0;0;0;3;2016-04-29 17:00:00;111;0;35;4;31;0;-1;1;-1;-1;-1;-1;-1;-1;0;1;0;0;1;0;-1;0;0;0;0;0;0;0;0;0;0;0;0;0;1;1;1;0;-1;-1;0;0;-1;-1;-1;-1;-1;-1;-1;-1;-1;4;12;27;58;81;16;46;69;43;8.46;4.77;5.85;1.81;Ludogorets;Montana;2.44;0.38;2.54;0.46;2.35;0.69;96;89;74;43;20;54;39;31;0;0;0;692;32;Y;Y;Y;N;N;N;Y
200406;3607;3603;2015/2016;complete;1210;31;-1;21;88;1;1;2;5;2;7;3;3;2;4;0;0;5;4;0;2;5;6;14;14;49;51;2;4;0;0;0;0;0;0;0;0;0;0;0;0;0;0;0;0;0;0;0;0;0;0;0;0;0;0;0;0;0;0;0;0;0;0;0;0;0;0;0;0;0;0;0;0;0;0;0;0;0;0;0;0;0;0;0;0;0;0;0;0;0;0;0;0;0;0;0;0;2;1;0;0;1;1;1;2016-04-30 14:45:00;-1;0;43;11;25;0;-1;1;-1;-1;-1;-1;-1;-1;2;2;0;2;4;2;-1;0;0;0;0;0;0;0;0;0;0;0;0;0;1;1;0;0;-1;-1;1;0;-1;-1;-1;-1;-1;-1;-1;-1;-1;7;18;43;68;86;25;64;75;40;9.64;5.14;5.64;2.29;Beroe;Slavia Sofia;1.75;1.63;1.71;1.57;1.59;1.44;93;83;57;32;15;57;47;40;0;0;0;692;32;Y;Y;N;N;N;N;Y
200407;3611;3607;2015/2016;complete;1210;32;-1;21;;1;0;1;6;8;14;2;6;0;4;0;0;3;2;0;5;3;7;18;18;51;49;0;4;0;0;0;0;0;0;0;0;0;0;0;0;0;0;0;0;0;0;0;0;0;0;0;0;0;0;0;0;0;0;0;0;0;0;0;0;0;0;0;0;0;0;0;0;0;0;0;0;0;0;0;0;0;0;0;0;0;0;0;0;0;0;0;0;0;0;0;0;1;1;0;0;0;0;1;2016-05-06 12:30:00;3611;0;44;8;34;0;-1;1;-1;-1;-1;-1;-1;-1;0;1;0;3;1;3;-1;0;0;0;0;0;0;0;0;0;0;0;0;0;1;1;0;0;-1;-1;0;0;-1;-1;-1;-1;-1;-1;-1;-1;-1;11;19;37;67;93;11;60;78;55;10.98;4.37;7.25;2.26;Cherno More;Beroe;1.5;1.56;1.29;1.46;1.14;1.57;89;82;63;34;8;70;51;47;0;0;0;692;32;Y;N;N;N;N;N;N
200408;3612;3605;2015/2016;complete;1210;32;-1;;51;0;1;1;4;6;10;1;7;3;2;0;0;3;5;4;5;7;10;16;24;47;53;3;2;0;0;0;0;0;0;0;0;0;0;0;0;0;0;0;0;0;0;0;0;0;0;0;0;0;0;0;0;0;0;0;0;0;0;0;0;0;0;0;0;0;0;0;0;0;0;0;0;0;0;0;0;0;0;0;0;0;0;0;0;0;0;0;0;0;0;0;0;1;0;0;0;1;1;0;2016-05-06 15:00:00;3605;0;31;8;12;0;-1;1;-1;-1;-1;-1;-1;-1;0;1;3;1;1;4;-1;0;0;0;0;0;0;0;0;0;0;0;0;0;1;1;0;0;-1;-1;0;0;-1;-1;-1;-1;-1;-1;-1;-1;-1;4;12;23;62;93;16;58;74;27;9;4.39;6.92;1.96;Montana;Levski Sofia;0.94;1.38;0.92;1.23;0.67;1.85;96;89;77;39;8;38;19;12;0;0;0;692;32;Y;N;N;N;N;N;N
200409;3603;3599;2015/2016;complete;1210;32;-1;75;;1;0;1;2;3;5;4;4;2;2;0;0;3;2;4;4;7;6;17;13;44;56;2;2;0;0;0;0;0;0;0;0;0;0;0;0;0;0;0;0;0;0;0;0;0;0;0;0;0;0;0;0;0;0;0;0;0;0;0;0;0;0;0;0;0;0;0;0;0;0;0;0;0;0;0;0;0;0;0;0;0;0;0;0;0;0;0;0;0;0;0;0;1;0;0;1;0;1;0;2016-05-07 14:30:00;3603;0;29;0;15;0;-1;1;-1;-1;-1;-1;-1;-1;0;0;2;2;0;4;-1;0;0;0;0;0;0;0;0;0;0;0;0;0;1;1;0;0;-1;-1;0;0;-1;-1;-1;-1;-1;-1;-1;-1;-1;4;7;37;51;78;15;51;59;37;8.43;4.18;4.99;1.79;Slavia Sofia;Botev Plovdiv;1.44;0.63;1.31;0.71;1.43;1.07;97;93;64;49;23;45;34;26;0;0;0;692;32;Y;N;N;N;N;N;N
200410;3606;111;2015/2016;complete;1210;32;-1;25,34;90;2;1;3;3;2;5;0;2;4;4;0;1;4;2;7;3;11;5;25;17;53;47;4;5;0;0;0;0;0;0;0;0;0;0;0;0;0;0;0;0;0;0;0;0;0;0;0;0;0;0;0;0;0;0;0;0;0;0;0;0;0;0;0;0;0;0;0;0;0;0;0;0;0;0;0;0;0;0;0;0;0;0;0;0;0;0;0;0;0;0;0;0;3;2;0;0;1;1;2;2016-05-07 17:00:00;3606;0;50;12;20;0;-1;1;-1;-1;-1;-1;-1;-1;2;4;2;1;6;3;-1;0;0;0;0;0;0;0;0;0;0;0;0;0;1;1;0;0;-1;-1;0;0;-1;-1;-1;-1;-1;-1;-1;-1;-1;8;19;39;74;93;27;62;85;39;9.85;4.08;5.23;2.35;Lokomotiv Plovdiv;Ludogorets;2.38;1.94;2.23;2.15;1.26;2.37;92;81;62;27;8;66;47;27;0;0;0;692;32;Y;Y;Y;N;N;N;Y
200411;3612;3611;2015/2016;complete;1210;33;-1;28,54,90;30,82;3;2;5;5;3;8;4;3;4;3;0;0;4;4;4;8;8;12;14;19;60;40;4;3;0;0;0;0;0;0;0;0;0;0;0;0;0;0;0;0;0;0;0;0;0;0;0;0;0;0;0;0;0;0;0;0;0;0;0;0;0;0;0;0;0;0;0;0;0;0;0;0;0;0;0;0;0;0;0;0;0;0;0;0;0;0;0;0;0;0;0;0;5;1;1;2;1;3;2;2016-05-10 15:00:00;3612;0;47;18;22;0;-1;1;-1;-1;-1;-1;-1;-1;0;1;4;2;1;6;-1;0;0;0;0;0;0;0;0;1;0;1;0;0;1;1;0;0;-1;-1;0;0;-1;-1;-1;-1;-1;-1;-1;-1;-1;7;29;43;71;93;33;57;79;43;7.5;5;6.85;2.5;Montana;Cherno More;0.94;0.88;0.86;1;0.64;1.21;93;72;57;29;7;47;36;25;0;0;0;692;32;Y;Y;Y;Y;Y;N;Y
200412;3605;3606;2015/2016;complete;1210;33;-1;16,17;47,65,89;2;3;5;7;3;10;5;1;3;4;0;0;9;2;6;1;15;3;16;16;52;48;3;4;0;0;0;0;0;0;0;0;0;0;0;0;0;0;0;0;0;0;0;0;0;0;0;0;0;0;0;0;0;0;0;0;0;0;0;0;0;0;0;0;0;0;0;0;0;0;0;0;0;0;0;0;0;0;0;0;0;0;0;0;0;0;0;0;0;0;0;0;5;2;0;0;3;3;2;2016-05-10 17:30:00;3606;0;25;7;7;0;-1;1;-1;-1;-1;-1;-1;-1;0;1;3;3;1;6;-1;0;0;0;0;0;0;0;0;0;0;0;0;0;1;1;0;0;-1;-1;0;0;-1;-1;-1;-1;-1;-1;-1;-1;-1;7;11;29;61;90;25;64;68;22;9.57;4.86;5.35;2.08;Levski Sofia;Lokomotiv Plovdiv;2.13;0.69;2.43;0.36;1.89;1.32;93;90;72;40;11;54;33;21;0;0;0;692;32;Y;Y;Y;Y;Y;N;Y
200413;3599;3607;2015/2016;complete;1210;33;-1;;83;0;1;1;8;8;16;3;3;2;3;0;0;2;5;9;7;11;12;18;20;56;44;2;3;0;0;0;0;0;0;0;0;0;0;0;0;0;0;0;0;0;0;0;0;0;0;0;0;0;0;0;0;0;0;0;0;0;0;0;0;0;0;0;0;0;0;0;0;0;0;0;0;0;0;0;0;0;0;0;0;0;0;0;0;0;0;0;0;0;0;0;0;1;0;0;0;1;1;0;2016-05-11 15:00:00;3607;0;43;7;29;0;-1;1;-1;-1;-1;-1;-1;-1;0;0;2;3;0;5;-1;0;0;0;0;0;0;0;0;0;0;0;0;0;1;1;0;0;-1;-1;0;0;-1;-1;-1;-1;-1;-1;-1;-1;-1;4;25;36;54;90;11;61;72;40;7.28;3.93;6.36;2.07;Botev Plovdiv;Beroe;1.44;1.56;1.43;1.36;1.03;1.52;97;75;64;47;11;43;25;22;0;0;0;692;32;Y;N;N;N;N;N;N
200414;111;3608;2015/2016;complete;1210;33;-1;11,21,31,45;81;4;1;5;7;1;8;0;2;1;2;0;0;6;4;6;5;12;9;16;15;68;32;1;2;0;0;0;0;0;0;0;0;0;0;0;0;0;0;0;0;0;0;0;0;0;0;0;0;0;0;0;0;0;0;0;0;0;0;0;0;0;0;0;0;0;0;0;0;0;0;0;0;0;0;0;0;0;0;0;0;0;0;0;0;0;0;0;0;0;0;0;0;5;4;0;0;1;1;4;2016-05-11 17:30:00;111;0;54;22;29;0;-1;1;-1;-1;-1;-1;-1;-1;0;0;1;2;0;3;-1;0;0;0;0;0;0;0;0;0;0;0;0;0;1;1;0;0;-1;-1;0;0;-1;-1;-1;-1;-1;-1;-1;-1;-1;7;22;43;68;86;36;68;61;43;8.79;4.14;5.57;2.29;Ludogorets;OFK Pirin;2.44;0.75;2.57;0.64;2.29;0.82;93;79;57;32;14;43;40;29;0;0;0;692;32;Y;Y;Y;Y;Y;N;Y
200415;3611;3599;2015/2016;complete;1210;34;-1;25,59,88;;3;0;3;2;4;6;6;2;1;1;0;0;2;5;4;6;6;11;19;13;43;57;1;1;0;0;0;0;0;0;0;0;0;0;0;0;0;0;0;0;0;0;0;0;0;0;0;0;0;0;0;0;0;0;0;0;0;0;0;0;0;0;0;0;0;0;0;0;0;0;0;0;0;0;0;0;0;0;0;0;0;0;0;0;0;0;0;0;0;0;0;0;3;1;0;2;0;2;1;2016-05-14 15:00:00;3611;0;47;4;30;0;-1;1;-1;-1;-1;-1;-1;-1;1;0;0;1;1;1;-1;0;0;0;0;0;0;0;0;0;0;0;0;0;1;1;0;0;-1;-1;0;0;-1;-1;-1;-1;-1;-1;-1;-1;-1;10;13;40;67;97;14;60;80;54;11.47;4.07;6.54;2.3;Cherno More;Botev Plovdiv;1.5;0.63;1.4;0.67;1.17;1;90;87;60;33;4;64;53;50;0;0;0;692;32;Y;Y;Y;N;N;N;N
200416;3606;3612;2015/2016;complete;1210;34;-1;20,83;;2;0;2;8;3;11;1;2;2;4;0;0;7;2;11;3;18;5;20;14;61;39;2;4;0;0;0;0;0;0;0;0;0;0;0;0;0;0;0;0;0;0;0;0;0;0;0;0;0;0;0;0;0;0;0;0;0;0;0;0;0;0;0;0;0;0;0;0;0;0;0;0;0;0;0;0;0;0;0;0;0;0;0;0;0;0;0;0;0;0;0;0;2;1;0;1;0;1;1;2016-05-14 17:30:00;3606;0;50;11;25;0;-1;1;-1;-1;-1;-1;-1;-1;0;0;2;4;0;6;-1;0;0;0;0;0;0;0;0;0;0;0;0;0;1;1;0;0;-1;-1;0;0;-1;-1;-1;-1;-1;-1;-1;-1;-1;4;14;39;65;86;25;47;82;36;7;3.78;5.22;2.11;Lokomotiv Plovdiv;Montana;2.38;0.38;2.29;0.43;1.38;0.72;97;86;61;36;15;54;29;22;0;0;0;692;32;Y;Y;N;N;N;N;N
200417;3608;3605;2015/2016;complete;1210;34;-1;;45;0;1;1;3;5;8;0;0;1;3;0;1;5;6;4;3;9;9;16;29;47;53;1;4;0;0;0;0;0;0;0;0;0;0;0;0;0;0;0;0;0;0;0;0;0;0;0;0;0;0;0;0;0;0;0;0;0;0;0;0;0;0;0;0;0;0;0;0;0;0;0;0;0;0;0;0;0;0;0;0;0;0;0;0;0;0;0;0;0;0;0;0;1;0;1;0;0;0;1;2016-05-15 17:30:00;3605;0;25;4;14;0;-1;1;-1;-1;-1;-1;-1;-1;0;2;1;2;2;3;-1;0;0;0;0;0;0;0;0;0;0;0;0;0;1;1;0;0;-1;-1;0;0;-1;-1;-1;-1;-1;-1;-1;-1;-1;0;11;29;54;86;11;54;64;39;9.5;4.57;7;1.79;OFK Pirin;Levski Sofia;0.88;1.38;1;1.36;0.79;1.83;100;90;72;47;14;50;36;25;0;0;0;692;32;Y;N;N;N;N;N;N
200418;3603;111;2015/2016;complete;1210;34;-1;;7,20,45,57,69;0;5;5;3;2;5;1;5;5;5;0;0;6;5;5;5;11;10;22;20;51;49;5;5;0;0;0;0;0;0;0;0;0;0;0;0;0;0;0;0;0;0;0;0;0;0;0;0;0;0;0;0;0;0;0;0;0;0;0;0;0;0;0;0;0;0;0;0;0;0;0;0;0;0;0;0;0;0;0;0;0;0;0;0;0;0;0;0;0;0;0;0;5;0;3;0;2;2;3;2016-05-16 15:00:00;111;0;22;4;4;0;-1;1;-1;-1;-1;-1;-1;-1;1;0;4;5;1;9;-1;0;0;0;0;0;0;0;0;0;0;0;0;0;1;1;0;1;-1;-1;0;0;-1;-1;-1;-1;-1;-1;-1;-1;-1;4;7;25;47;75;14;50;57;25;9.58;4.85;5;1.57;Slavia Sofia;Ludogorets;1.44;1.94;1.43;2;1.48;2.31;97;93;75;54;25;57;43;29;0;0;0;692;32;Y;Y;Y;Y;Y;N;N
200419;3612;3608;2015/2016;complete;1210;35;-1;;73;0;1;1;5;3;8;0;2;3;1;0;0;7;6;5;6;12;12;16;14;66;34;3;1;0;0;0;0;0;0;0;0;0;0;0;0;0;0;0;0;0;0;0;0;0;0;0;0;0;0;0;0;0;0;0;0;0;0;0;0;0;0;0;0;0;0;0;0;0;0;0;0;0;0;0;0;0;0;0;0;0;0;0;0;0;0;0;0;0;0;0;0;1;0;0;0;1;1;0;2016-05-20 15:00:00;3608;0;50;24;20;0;-1;1;-1;-1;-1;-1;-1;-1;3;0;0;1;3;1;-1;0;0;0;0;0;0;0;0;0;0;0;0;0;1;1;0;0;-1;-1;0;0;-1;-1;-1;-1;-1;-1;-1;-1;-1;13;30;44;67;90;37;64;74;33;6.87;3.4;5.67;2.5;Montana;OFK Pirin;0.94;0.75;1;0.6;0.7;0.77;87;70;57;34;10;40;27;17;0;0;0;692;32;Y;N;N;N;N;N;N
200420;3606;3611;2015/2016;complete;1210;35;-1;12,59;55;2;1;3;3;3;6;1;2;1;2;0;0;6;4;4;0;10;4;17;21;54;46;1;2;0;0;0;0;0;0;0;0;0;0;0;0;0;0;0;0;0;0;0;0;0;0;0;0;0;0;0;0;0;0;0;0;0;0;0;0;0;0;0;0;0;0;0;0;0;0;0;0;0;0;0;0;0;0;0;0;0;0;0;0;0;0;0;0;0;0;0;0;3;1;0;1;1;2;1;2016-05-22 15:00:00;3606;0;64;20;30;0;-1;1;-1;-1;-1;-1;-1;-1;1;1;0;1;2;1;-1;0;0;0;0;0;0;0;0;0;0;0;0;0;1;1;0;0;-1;-1;0;0;-1;-1;-1;-1;-1;-1;-1;-1;-1;10;30;53;80;94;40;64;87;50;8.26;4.94;6.4;2.73;Lokomotiv Plovdiv;Cherno More;2.38;0.88;2.33;0.93;1.43;1.23;90;70;47;20;7;50;40;30;0;0;0;692;32;Y;Y;Y;N;N;N;Y
200421;3605;3603;2015/2016;complete;1210;35;-1;;90;0;1;1;14;3;17;4;0;2;4;0;0;11;5;11;6;22;11;14;17;63;37;2;4;0;0;0;0;0;0;0;0;0;0;0;0;0;0;0;0;0;0;0;0;0;0;0;0;0;0;0;0;0;0;0;0;0;0;0;0;0;0;0;0;0;0;0;0;0;0;0;0;0;0;0;0;0;0;0;0;0;0;0;0;0;0;0;0;0;0;0;0;1;0;0;0;1;1;0;2016-05-22 15:00:00;3603;0;37;13;14;0;-1;1;-1;-1;-1;-1;-1;-1;0;1;2;3;1;5;-1;0;0;0;0;0;0;0;0;0;0;0;0;0;1;1;0;0;-1;-1;0;0;-1;-1;-1;-1;-1;-1;-1;-1;-1;10;20;40;67;90;33;64;74;34;9.87;5.8;5.4;2.3;Levski Sofia;Slavia Sofia;2.13;1.63;2.27;1.53;1.87;1.43;90;80;60;34;10;57;40;27;0;0;0;692;32;Y;N;N;N;N;N;N
200422;111;3607;2015/2016;complete;1210;35;-1;;11,35;0;2;2;11;2;13;1;2;4;4;0;0;4;5;7;2;11;7;23;24;59;41;4;4;0;0;0;0;0;0;0;0;0;0;0;0;0;0;0;0;0;0;0;0;0;0;0;0;0;0;0;0;0;0;0;0;0;0;0;0;0;0;0;0;0;0;0;0;0;0;0;0;0;0;0;0;0;0;0;0;0;0;0;0;0;0;0;0;0;0;0;0;2;0;2;0;0;0;2;2016-05-22 15:00:00;3607;0;43;10;30;0;-1;1;-1;-1;-1;-1;-1;-1;1;2;3;2;3;5;-1;0;0;0;0;0;0;0;0;0;0;0;0;0;1;1;0;0;-1;-1;0;0;-1;-1;-1;-1;-1;-1;-1;-1;-1;10;20;40;67;90;27;67;67;44;9.54;4.87;6.06;2.27;Ludogorets;Beroe;2.44;1.56;2.6;1.47;2.33;1.57;90;80;60;34;10;50;40;30;0;0;0;692;32;Y;Y;N;N;N;N;N
200423;3599;111;2015/2016;complete;1210;36;-1;18,87;90;2;1;3;1;7;8;1;2;0;1;0;0;0;4;9;3;9;7;15;19;46;54;0;1;0;0;0;0;0;0;0;0;0;0;0;0;0;0;0;0;0;0;0;0;0;0;0;0;0;0;0;0;0;0;0;0;0;0;0;0;0;0;0;0;0;0;0;0;0;0;0;0;0;0;0;0;0;0;0;0;0;0;0;0;0;0;0;0;0;0;0;0;3;1;0;1;1;2;1;2016-05-27 15:00:00;3599;0;40;7;17;0;-1;1;-1;-1;-1;-1;-1;-1;0;0;0;1;0;1;-1;0;0;0;0;0;0;0;0;0;0;0;0;0;1;1;0;0;-1;-1;0;0;-1;-1;-1;-1;-1;-1;-1;-1;-1;7;24;33;57;90;17;60;77;33;9;4.07;6;2.1;Botev Plovdiv;Ludogorets;1.44;1.94;1.33;2.07;0.97;2.26;94;77;67;43;10;50;37;27;0;0;0;692;32;Y;Y;Y;N;N;N;Y
200424;3607;3605;2015/2016;complete;1210;36;-1;64,68;29;2;1;3;5;3;8;0;1;2;2;0;0;3;3;2;4;5;7;21;22;55;45;2;2;0;0;0;0;0;0;0;0;0;0;0;0;0;0;0;0;0;0;0;0;0;0;0;0;0;0;0;0;0;0;0;0;0;0;0;0;0;0;0;0;0;0;0;0;0;0;0;0;0;0;0;0;0;0;0;0;0;0;0;0;0;0;0;0;0;0;0;0;3;0;1;2;0;2;1;2016-05-28 14:00:00;3607;0;34;4;14;0;-1;1;-1;-1;-1;-1;-1;-1;1;0;1;2;1;3;-1;0;0;0;0;0;0;0;0;0;0;0;0;0;1;1;0;0;-1;-1;0;0;-1;-1;-1;-1;-1;-1;-1;-1;-1;4;7;17;50;80;7;60;64;24;10.8;5.26;6.6;1.63;Beroe;Levski Sofia;1.75;1.38;1.67;1.47;1.61;1.81;97;94;83;50;20;47;37;27;0;0;0;692;32;Y;Y;Y;N;N;N;Y
200425;3603;3612;2015/2016;complete;1210;36;-1;21,30,88;79;3;1;4;5;5;10;1;3;2;4;0;1;3;8;7;2;10;10;12;15;54;46;2;5;0;0;0;0;0;0;0;0;0;0;0;0;0;0;0;0;0;0;0;0;0;0;0;0;0;0;0;0;0;0;0;0;0;0;0;0;0;0;0;0;0;0;0;0;0;0;0;0;0;0;0;0;0;0;0;0;0;0;0;0;0;0;0;0;0;0;0;0;4;2;0;1;1;2;2;2016-05-28 14:00:00;3603;0;17;4;10;0;-1;1;-1;-1;-1;-1;-1;-1;0;2;2;3;2;5;-1;0;0;0;0;0;0;0;0;0;0;0;0;0;1;1;0;0;-1;-1;0;1;-1;-1;-1;-1;-1;-1;-1;-1;-1;4;7;24;40;70;10;37;57;27;7;4.6;5;1.44;Slavia Sofia;Montana;1.44;0.38;1.33;0.4;1.48;0.68;97;93;77;60;30;50;30;27;0;0;0;692;32;Y;Y;Y;Y;N;N;Y
200426;3608;3606;2015/2016;complete;1210;36;-1;56;20,64;1;2;3;4;2;6;7;1;1;1;0;0;0;2;9;1;9;3;7;14;40;60;1;1;0;0;0;0;0;0;0;0;0;0;0;0;0;0;0;0;0;0;0;0;0;0;0;0;0;0;0;0;0;0;0;0;0;0;0;0;0;0;0;0;0;0;0;0;0;0;0;0;0;0;0;0;0;0;0;0;0;0;0;0;0;0;0;0;0;0;0;0;3;0;1;1;1;2;1;2016-05-28 14:00:00;3606;0;30;4;17;0;-1;1;-1;-1;-1;-1;-1;-1;0;0;1;1;0;2;-1;0;0;0;0;0;0;0;0;0;0;0;0;0;1;1;0;0;-1;-1;0;0;-1;-1;-1;-1;-1;-1;-1;-1;-1;7;17;44;67;94;24;67;70;43;7.8;3.33;6;2.33;OFK Pirin;Lokomotiv Plovdiv;0.88;0.69;0.93;0.53;0.84;1.48;94;84;57;34;7;53;37;27;0;0;0;692;32;Y;Y;Y;N;N;N;Y
