ID;HOMEID;AWAYID;SEASON;STATUS;ROUNDID;GAME_WEEK;REVISED_GAME_WEEK;HOMEGOALS;AWAYGOALS;HOMEGOALCOUNT;AWAYGOALCOUNT;TOTALGOALCOUNT;TEAM_A_CORNERS;TEAM_B_CORNERS;TOTALCORNERCOUNT;TEAM_A_OFFSIDES;TEAM_B_OFFSIDES;TEAM_A_YELLOW_CARDS;TEAM_B_YELLOW_CARDS;TEAM_A_RED_CARDS;TEAM_B_RED_CARDS;TEAM_A_SHOTSONTARGET;TEAM_B_SHOTSONTARGET;TEAM_A_SHOTSOFFTARGET;TEAM_B_SHOTSOFFTARGET;TEAM_A_SHOTS;TEAM_B_SHOTS;TEAM_A_FOULS;TEAM_B_FOULS;TEAM_A_POSSESSION;TEAM_B_POSSESSION;TEAM_A_CARDS_NUM;TEAM_B_CARDS_NUM;ODDS_FT_1;ODDS_FT_X;ODDS_FT_2;ODDS_FT_OVER05;ODDS_FT_OVER15;ODDS_FT_OVER25;ODDS_FT_OVER35;ODDS_FT_OVER45;ODDS_FT_UNDER05;ODDS_FT_UNDER15;ODDS_FT_UNDER25;ODDS_FT_UNDER35;ODDS_FT_UNDER45;ODDS_BTTS_YES;ODDS_BTTS_NO;ODDS_TEAM_A_CS_YES;ODDS_TEAM_A_CS_NO;ODDS_TEAM_B_CS_YES;ODDS_TEAM_B_CS_NO;ODDS_DOUBLECHANCE_1X;ODDS_DOUBLECHANCE_12;ODDS_DOUBLECHANCE_X2;ODDS_1ST_HALF_RESULT_1;ODDS_1ST_HALF_RESULT_X;ODDS_1ST_HALF_RESULT_2;ODDS_2ND_HALF_RESULT_1;ODDS_2ND_HALF_RESULT_X;ODDS_2ND_HALF_RESULT_2;ODDS_DNB_1;ODDS_DNB_2;ODDS_CORNERS_OVER_75;ODDS_CORNERS_OVER_85;ODDS_CORNERS_OVER_95;ODDS_CORNERS_OVER_105;ODDS_CORNERS_OVER_115;ODDS_CORNERS_UNDER_75;ODDS_CORNERS_UNDER_85;ODDS_CORNERS_UNDER_95;ODDS_CORNERS_UNDER_105;ODDS_CORNERS_UNDER_115;ODDS_CORNERS_1;ODDS_CORNERS_X;ODDS_CORNERS_2;ODDS_TEAM_TO_SCORE_FIRST_1;ODDS_TEAM_TO_SCORE_FIRST_X;ODDS_TEAM_TO_SCORE_FIRST_2;ODDS_WIN_TO_NIL_1;ODDS_WIN_TO_NIL_2;ODDS_1ST_HALF_OVER05;ODDS_1ST_HALF_OVER15;ODDS_1ST_HALF_OVER25;ODDS_1ST_HALF_OVER35;ODDS_1ST_HALF_UNDER05;ODDS_1ST_HALF_UNDER15;ODDS_1ST_HALF_UNDER25;ODDS_1ST_HALF_UNDER35;ODDS_2ND_HALF_OVER05;ODDS_2ND_HALF_OVER15;ODDS_2ND_HALF_OVER25;ODDS_2ND_HALF_OVER35;ODDS_2ND_HALF_UNDER05;ODDS_2ND_HALF_UNDER15;ODDS_2ND_HALF_UNDER25;ODDS_2ND_HALF_UNDER35;ODDS_BTTS_1ST_HALF_YES;ODDS_BTTS_1ST_HALF_NO;ODDS_BTTS_2ND_HALF_YES;ODDS_BTTS_2ND_HALF_NO;OVERALLGOALCOUNT;HT_GOALS_TEAM_A;HT_GOALS_TEAM_B;GOALS_2HG_TEAM_A;GOALS_2HG_TEAM_B;GOALCOUNT_2HG;HTGOALCOUNT;DATE_UNIX;WINNINGTEAM;NO_HOME_AWAY;BTTS_POTENTIAL;BTTS_FHG_POTENTIAL;BTTS_2HG_POTENTIAL;GOALTIMINGDISABLED;CORNER_TIMINGS_RECORDED;CARD_TIMINGS_RECORDED;TEAM_A_FH_CORNERS;TEAM_B_FH_CORNERS;TEAM_A_2H_CORNERS;TEAM_B_2H_CORNERS;CORNER_FH_COUNT;CORNER_2H_COUNT;TEAM_A_FH_CARDS;TEAM_B_FH_CARDS;TEAM_A_2H_CARDS;TEAM_B_2H_CARDS;TOTAL_FH_CARDS;TOTAL_2H_CARDS;ATTACKS_RECORDED;TEAM_A_DANGEROUS_ATTACKS;TEAM_B_DANGEROUS_ATTACKS;TEAM_A_ATTACKS;TEAM_B_ATTACKS;TEAM_A_XG;TEAM_B_XG;TOTAL_XG;TEAM_A_PENALTIES_WON;TEAM_B_PENALTIES_WON;TEAM_A_PENALTY_GOALS;TEAM_B_PENALTY_GOALS;TEAM_A_PENALTY_MISSED;TEAM_B_PENALTY_MISSED;PENS_RECORDED;GOAL_TIMINGS_RECORDED;TEAM_A_0_10_MIN_GOALS;TEAM_B_0_10_MIN_GOALS;TEAM_A_CORNERS_0_10_MIN;TEAM_B_CORNERS_0_10_MIN;TEAM_A_CARDS_0_10_MIN;TEAM_B_CARDS_0_10_MIN;THROWINS_RECORDED;TEAM_A_THROWINS;TEAM_B_THROWINS;FREEKICKS_RECORDED;TEAM_A_FREEKICKS;TEAM_B_FREEKICKS;GOALKICKS_RECORDED;TEAM_A_GOALKICKS;TEAM_B_GOALKICKS;O45_POTENTIAL;O35_POTENTIAL;O25_POTENTIAL;O15_POTENTIAL;O05_POTENTIAL;O15HT_POTENTIAL;O05HT_POTENTIAL;O05_2H_POTENTIAL;O15_2H_POTENTIAL;CORNERS_POTENTIAL;OFFSIDES_POTENTIAL;CARDS_POTENTIAL;AVG_POTENTIAL;HOME_NAME;AWAY_NAME;HOME_PPG;AWAY_PPG;PRE_MATCH_HOME_PPG;PRE_MATCH_AWAY_PPG;PRE_MATCH_TEAMA_OVERALL_PPG;PRE_MATCH_TEAMB_OVERALL_PPG;U45_POTENTIAL;U35_POTENTIAL;U25_POTENTIAL;U15_POTENTIAL;U05_POTENTIAL;CORNERS_O85_POTENTIAL;CORNERS_O95_POTENTIAL;CORNERS_O105_POTENTIAL;TEAM_A_XG_PREMATCH;TEAM_B_XG_PREMATCH;TOTAL_XG_PREMATCH;COMPETITION_ID;MATCHES_COMPLETED_MINIMUM;OVER05;OVER15;OVER25;OVER35;OVER45;OVER55;BTTS
432969;2573;2572;2018/2019;complete;3438;1;-1;42;;1;0;1;9;3;12;3;0;0;0;0;0;3;7;2;5;5;12;14;12;47;53;0;0;2.39;3.3;2.98;0;0;0;0;0;0;0;0;0;0;0;0;0;0;0;0;0;0;0;0;0;0;0;0;0;0;0;0;0;0;0;0;0;0;0;0;0;0;0;0;0;0;0;0;0;0;0;0;0;0;0;0;0;0;0;0;0;0;0;0;0;0;0;0;0;1;1;0;0;0;0;1;2018-08-03 18:30:00;2573;0;0;0;0;0;1;-1;7;1;2;2;8;4;0;0;0;0;0;0;1;57;60;83;86;0.94;1.68;2.62;-1;-1;-1;-1;-1;-1;-1;1;0;0;0;0;-1;-1;-1;-1;-1;-1;-1;-1;-1;-1;-1;0;0;0;0;0;0;0;0;0;0;0;0;0;Lommel United;Union Saint-Gilloise;1.06;1.43;0;0;0;0;0;0;0;0;0;0;0;0;0;0;0;1560;28;Y;N;N;N;N;N;N
432970;690;537;2018/2019;complete;3438;1;-1;45;88;1;1;2;0;6;6;3;5;2;2;0;0;3;5;3;3;6;8;13;11;45;55;2;2;2.48;3.37;2.8;1.03;1.28;1.91;3.25;0;0;0;0;0;0;1.8;2.05;0;0;0;0;0;0;0;0;0;0;0;0;0;0;0;0;0;0;0;0;0;0;0;0;0;0;0;0;0;0;0;0;0;0;0;0;0;0;0;0;0;0;0;0;0;0;0;0;0;0;0;0;0;2;1;0;0;1;1;1;2018-08-04 15:00:00;-1;0;0;0;0;0;1;1;0;3;0;3;3;3;1;2;1;0;3;1;1;0;0;0;0;0.91;1.34;2.25;0;0;0;0;0;0;1;1;0;0;0;0;0;1;-1;-1;-1;-1;-1;-1;-1;-1;-1;0;0;0;0;0;0;0;0;0;0;0;0;0;OH Leuven;KV Mechelen;1.06;1.87;0;0;0;0;0;0;0;0;0;0;0;0;0;0;0;1560;30;Y;Y;N;N;N;N;Y
432971;534;2569;2018/2019;complete;3438;1;-1;23,78;67;2;1;3;6;4;10;2;2;0;0;0;0;5;4;3;2;8;6;14;16;50;50;0;0;2.06;3.35;3.67;1.05;1.34;2.1;3.8;0;0;0;0;0;0;1.95;1.83;0;0;0;0;0;0;0;0;0;0;0;0;0;0;0;0;0;0;0;0;0;0;0;0;0;0;0;0;0;0;0;0;0;0;0;0;0;0;0;0;0;0;0;0;0;0;0;0;0;0;0;0;0;3;1;0;1;1;2;1;2018-08-04 18:30:00;534;0;0;0;0;0;1;-1;1;3;5;1;4;6;0;0;0;0;0;0;1;0;0;0;0;1.25;1.04;2.29;-1;-1;-1;-1;-1;-1;-1;1;0;0;1;0;-1;-1;-1;-1;-1;-1;-1;-1;-1;-1;-1;0;0;0;0;0;0;0;0;0;0;0;0;0;KVC Westerlo;SV Roeselare;1.43;1.12;0;0;0;0;0;0;0;0;0;0;0;0;0;0;0;1560;28;Y;Y;Y;N;N;N;Y
432972;2570;2568;2018/2019;complete;3438;1;-1;27,79,90;13,20,36;3;3;6;5;5;10;1;2;0;0;0;0;5;6;8;7;13;13;18;19;47;53;0;0;3.72;3.38;2.03;1.04;1.31;2;3.5;7;9.5;3.1;1.76;1.29;1.09;1.91;1.91;0;0;0;0;1.7;1.25;1.25;4.24;2.16;2.72;3.5;2.25;2.5;0;0;0;0;0;0;0;0;0;0;0;0;0;0;0;2.35;9.5;1.75;0;0;0;0;0;0;0;0;0;0;1.39;3.02;7.5;17;2.82;1.33;1.07;1.01;0;0;0;0;6;1;3;2;0;2;4;2018-08-05 14:00:00;-1;0;0;0;0;0;1;-1;3;3;2;2;6;4;0;0;0;0;0;0;1;73;64;123;112;1.7;1.71;3.41;-1;-1;-1;-1;-1;-1;-1;1;0;0;0;0;-1;-1;-1;-1;-1;-1;-1;-1;-1;-1;-1;0;0;0;0;0;0;0;0;0;0;0;0;0;AFC Tubize;Beerschot-Wilrijk;1.06;1.53;0;0;0;0;0;0;0;0;0;0;0;0;0;0;0;1560;30;Y;Y;Y;Y;Y;Y;Y
432973;2568;534;2018/2019;complete;3438;1;-1;17;28;1;1;2;4;5;9;3;3;0;0;0;0;2;2;2;2;4;4;8;11;46;54;0;0;2.1;3.4;3.2;1.04;1.29;1.95;3.35;0;0;0;0;0;0;1.83;1.95;0;0;0;0;0;0;0;0;0;0;0;0;0;0;0;0;0;0;0;0;0;0;0;0;0;0;0;0;0;0;0;0;0;0;0;0;0;0;0;0;0;0;0;0;0;0;0;0;0;0;0;0;0;2;1;1;0;0;0;2;2018-08-10 18:30:00;-1;0;0;0;0;0;1;-1;3;1;1;4;4;5;0;0;0;0;0;0;1;0;0;0;0;0.8;0.88;1.67;-1;-1;-1;-1;-1;-1;-1;1;0;0;0;1;-1;-1;-1;-1;-1;-1;-1;-1;-1;-1;-1;0;0;0;0;0;0;0;0;0;0;0;0;0;Beerschot-Wilrijk;KVC Westerlo;2.13;1;0;0;1;3;0;0;0;0;0;0;0;0;0;0;0;1560;28;Y;Y;N;N;N;N;Y
432974;2569;537;2018/2019;complete;3438;1;-1;5,74;34,68;2;2;4;4;4;8;1;4;0;0;0;0;6;6;4;5;10;11;15;12;44;56;0;0;3.9;3.4;1.87;1.04;1.3;1.95;3.45;0;0;0;0;0;0;1.83;2;0;0;0;0;0;0;0;0;0;0;0;0;0;0;0;0;0;0;0;0;0;0;0;0;0;0;0;0;0;0;0;0;0;0;0;0;0;0;0;0;0;0;0;0;0;0;0;0;0;0;0;0;0;4;1;1;1;1;2;2;2018-08-11 15:00:00;-1;0;50;0;0;0;1;-1;1;3;3;1;4;4;0;0;0;0;0;0;1;0;0;0;0;1.47;1.89;3.37;-1;-1;-1;-1;-1;-1;-1;1;1;0;0;0;-1;-1;-1;-1;-1;-1;-1;-1;-1;-1;-1;0;0;0;50;50;0;50;50;0;6;5;2;1;SV Roeselare;KV Mechelen;1.29;1.87;0;1;0;1;50;50;50;0;0;0;0;0;0;1.34;1.34;1560;30;Y;Y;Y;Y;N;N;Y
432975;2573;2570;2018/2019;complete;3438;1;-1;52,90;42,66;2;2;4;5;7;12;1;1;0;0;0;0;6;4;4;4;10;8;21;17;56;44;0;0;2.35;3.15;2.9;1.05;1.36;2.1;3.9;0;0;0;0;0;0;1.95;1.87;0;0;0;0;0;0;0;0;0;0;0;0;0;0;0;0;0;0;0;0;0;0;0;0;0;0;0;0;0;0;0;0;0;0;0;0;0;0;0;0;0;0;0;0;0;0;0;0;0;0;0;0;0;4;0;1;2;1;3;1;2018-08-11 18:30:00;-1;0;0;0;0;0;1;-1;4;4;1;3;8;4;0;0;0;0;0;0;1;0;0;0;0;1.55;1.1;2.65;-1;-1;-1;-1;-1;-1;-1;1;0;0;0;1;-1;-1;-1;-1;-1;-1;-1;-1;-1;-1;-1;0;0;0;0;50;0;50;0;0;9;3;0;0.5;Lommel United;AFC Tubize;1.06;0.59;3;0;3;1;50;50;50;50;0;50;50;50;0.94;0;0.94;1560;34;Y;Y;Y;Y;N;N;Y
432976;2572;690;2018/2019;complete;3438;1;-1;27;12,90;1;2;3;4;4;8;9;2;1;2;0;0;5;5;6;4;11;9;10;15;57;43;1;2;2.5;3.1;2.75;1.04;1.31;2;3.5;0;0;0;0;0;0;1.87;1.95;0;0;0;0;0;0;0;0;0;0;0;0;0;0;0;0;0;0;0;0;0;0;0;0;0;0;0;0;0;0;0;0;0;0;0;0;0;0;0;0;0;0;0;0;0;0;0;0;0;0;0;0;0;3;1;1;0;1;1;2;2018-08-12 14:00:00;690;0;0;0;0;0;1;1;2;2;2;2;4;4;0;0;1;2;0;3;1;0;0;0;0;1.45;1.28;2.74;0;0;0;0;0;0;1;1;0;0;0;0;0;0;-1;-1;-1;-1;-1;-1;-1;-1;-1;0;0;0;0;0;0;0;0;0;0;0;0;0;Union Saint-Gilloise;OH Leuven;1.79;1.41;0;0;0;1;0;0;0;0;0;0;0;0;0;0;0;1560;28;Y;Y;Y;N;N;N;Y
432977;537;2573;2018/2019;complete;3438;2;-1;87;58,90;1;2;3;3;3;6;3;0;0;0;0;0;3;5;9;3;12;8;14;18;62;38;0;0;1.5;4.1;5.65;1.02;1.23;1.74;2.9;0;0;0;0;0;0;1.91;1.87;0;0;0;0;0;0;0;0;0;0;0;0;0;0;0;0;0;0;0;0;0;0;0;0;0;0;0;0;0;0;0;0;0;0;0;0;0;0;0;0;0;0;0;0;0;0;0;0;0;0;0;0;0;3;0;0;1;2;3;0;2018-08-17 18:30:00;2573;0;0;0;0;0;1;-1;2;3;1;0;5;1;0;0;0;0;0;0;1;0;0;0;0;1.96;1.24;3.2;-1;-1;-1;-1;-1;-1;-1;1;0;0;1;1;-1;-1;-1;-1;-1;-1;-1;-1;-1;-1;-1;0;0;0;0;0;0;0;0;0;0;0;0;0;KV Mechelen;Lommel United;2.33;1.18;0;0;1;2;0;0;0;0;0;0;0;0;0;0;0;1560;30;Y;Y;Y;N;N;N;Y
432978;534;2572;2018/2019;complete;3438;2;-1;87;46,83,90;1;3;4;9;2;11;0;1;0;0;0;0;5;5;5;2;10;7;19;14;55;45;0;0;2.3;3.1;3.05;1.05;1.34;2.05;3.7;0;0;0;0;0;0;1.91;1.91;0;0;0;0;0;0;0;0;0;0;0;0;0;0;0;0;0;0;0;0;0;0;0;0;0;0;0;0;0;0;0;0;0;0;0;0;0;0;0;0;0;0;0;0;0;0;0;0;0;0;0;0;0;4;0;0;1;3;4;0;2018-08-18 15:00:00;2572;0;50;0;50;0;1;-1;1;1;8;1;2;9;0;0;0;0;0;0;1;0;0;0;0;1.55;1.06;2.61;-1;-1;-1;-1;-1;-1;-1;1;0;0;0;0;-1;-1;-1;-1;-1;-1;-1;-1;-1;-1;-1;0;0;50;50;100;0;100;50;50;9;2;0;2;KVC Westerlo;Union Saint-Gilloise;1.43;1.43;3;0;2;0;100;100;50;50;0;100;100;50;1.25;1.68;2.93;1560;28;Y;Y;Y;Y;N;N;Y
432979;2570;2569;2018/2019;complete;3438;2;-1;;;0;0;0;6;7;13;0;1;0;0;0;0;0;0;3;5;3;5;19;19;43;57;0;0;2.5;3.2;2.65;1.03;1.29;1.91;3.3;6;10;3.4;1.83;1.3;1.11;1.8;2;3.5;1.28;3.4;1.3;1.4;1.3;1.47;3.11;2.25;3.48;2.88;2.25;3;0;0;0;0;1.72;0;0;0;0;2;0;0;0;0;0;1.91;10;2.05;4.75;4.5;0;0;0;0;0;0;0;0;1.33;2.83;7;17;3.03;1.39;1.08;1.01;0;0;0;0;0;0;0;0;0;0;0;2018-08-18 18:30:00;-1;0;100;50;50;0;1;-1;2;3;4;4;5;8;0;0;0;0;0;0;1;57;80;107;133;0.62;0.91;1.53;0;0;0;0;0;0;1;1;0;0;0;1;-1;-1;-1;-1;-1;-1;-1;-1;-1;-1;-1;50;50;100;100;100;50;100;100;100;9;3;0;4.5;AFC Tubize;SV Roeselare;1.06;1.12;1;0;1;0.5;50;50;0;0;0;100;100;0;1.7;1.04;2.74;1560;34;N;N;N;N;N;N;N
432980;690;2568;2018/2019;complete;3438;2;-1;13;68;1;1;2;1;2;3;2;7;0;0;0;0;2;2;4;3;6;5;15;15;46;54;0;0;2.3;3.25;2.9;1.03;1.25;1.8;3.05;6.1;12;3.95;2.01;1.34;1.12;1.74;2.1;0;0;0;0;1.35;1.25;1.55;2.93;2.27;3.61;0;0;0;0;0;0;0;0;0;0;0;0;0;0;0;0;0;0;1.85;11;2.15;0;0;0;0;0;0;0;0;0;0;1.31;2.73;7;17;3.12;1.41;1.08;1.01;0;0;0;0;2;1;0;0;1;1;1;2018-08-19 14:00:00;-1;0;100;50;0;0;1;-1;0;0;1;2;0;3;0;0;0;0;0;0;1;51;59;118;126;0.9;0.9;1.81;-1;-1;-1;-1;-1;-1;-1;1;0;0;0;0;-1;-1;-1;-1;-1;-1;-1;-1;-1;-1;-1;50;50;50;100;100;50;100;100;50;5;5;2;4;OH Leuven;Beerschot-Wilrijk;1.06;1.53;1;1;2;1;50;50;50;0;0;50;50;0;0.91;1.71;2.62;1560;30;Y;Y;N;N;N;N;Y
432981;2568;2572;2018/2019;complete;3438;2;-1;22;;1;0;1;2;8;10;0;2;1;3;0;0;2;0;0;5;2;5;12;20;37;63;1;3;2;3.35;3.5;1.03;1.28;1.91;3.25;5.25;7.5;3.55;1.9;1.35;1.12;1.83;2;0;0;0;0;0;0;0;2.36;2.06;4.1;0;0;0;0;0;0;0;0;0;0;0;0;0;0;0;0;0;0;0;0;0;0;0;0;0;0;0;0;0;0;0;1.34;2.76;0;0;2.96;1.38;0;0;0;0;0;0;1;1;0;0;0;0;1;2018-08-31 18:30:00;2568;0;75;50;25;0;1;1;2;5;0;3;7;3;0;1;1;2;1;3;1;36;65;87;136;0.54;0.81;1.35;0;0;0;0;0;0;1;1;0;0;0;1;0;0;-1;-1;-1;-1;-1;-1;-1;-1;-1;0;25;25;75;100;50;75;25;25;6.5;3.5;0;2.25;Beerschot-Wilrijk;Union Saint-Gilloise;2.13;1.43;1;1.5;1;1;100;75;75;25;0;100;50;50;0.8;1.37;2.17;1560;28;Y;N;N;N;N;N;N
432982;690;534;2018/2019;complete;3438;2;-1;59;42,63,69;1;3;4;8;6;14;0;1;1;3;0;0;3;4;1;4;4;8;14;11;49;51;1;3;1.95;3.45;3.45;1.04;1.29;1.95;3.35;0;0;0;0;0;0;1.87;1.95;0;0;0;0;0;0;0;0;0;0;0;0;0;0;0;0;0;0;0;0;0;0;0;0;0;0;0;0;0;0;0;0;0;0;0;0;0;0;0;0;0;0;0;0;0;0;0;0;0;0;0;0;0;4;0;1;1;2;3;1;2018-09-01 15:00:00;534;0;100;50;0;0;1;1;4;2;4;4;6;8;1;1;0;2;2;2;1;0;0;0;0;0.99;1.22;2.21;0;0;0;0;0;0;1;1;0;0;1;0;0;0;-1;-1;-1;-1;-1;-1;-1;-1;-1;0;0;0;100;100;50;100;50;0;5.5;5.5;1;2;OH Leuven;KVC Westerlo;1.06;1;1;1;1.67;1.33;100;100;100;0;0;50;0;0;0.91;0.88;1.79;1560;28;Y;Y;Y;Y;N;N;Y
432983;2569;2573;2018/2019;complete;3438;2;-1;33,49;2,24;2;2;4;11;2;13;1;1;3;3;0;1;12;5;16;5;28;10;10;16;69;31;3;4;2.25;3.2;3;1.04;1.3;1.95;3.45;0;0;0;0;0;0;1.83;1.95;0;0;0;0;0;0;0;0;0;0;0;0;0;0;0;0;0;0;0;0;0;0;0;0;0;0;0;0;0;0;0;0;0;0;0;0;0;0;0;0;0;0;0;0;0;0;0;0;0;0;0;0;0;4;1;2;1;0;1;3;2018-09-01 18:30:00;-1;0;100;50;100;0;1;1;7;2;4;0;9;4;0;2;3;2;2;5;1;49;24;60;38;2.94;1.15;4.09;1;0;1;0;0;0;1;1;0;1;3;0;0;0;-1;-1;-1;-1;-1;-1;-1;-1;-1;0;50;100;100;100;50;50;100;100;7;1;0;3.5;SV Roeselare;Lommel United;1.29;1.18;1;3;0.67;2.33;100;50;0;0;0;0;0;0;1.47;1.24;2.71;1560;34;Y;Y;Y;Y;N;N;Y
432984;537;2570;2018/2019;complete;3438;2;-1;45;;1;0;1;3;5;8;1;0;3;5;0;1;2;0;7;5;9;5;18;27;52;48;3;7;1.42;4.4;6.45;1.02;1.24;1.8;3;6;9.25;3.45;1.87;1.31;1.1;2.05;1.77;1.9;1.8;6;1.12;1.12;1.2;2.8;2.05;2.25;5.15;1.72;2.62;6;0;0;0;0;1.8;0;0;0;0;1.9;0;0;0;0;0;1.33;11;3.75;2.25;10;0;0;0;0;0;0;0;0;1.36;2.75;7;21;3;1.4;1.1;1.01;0;0;0;0;1;1;0;0;0;0;1;2018-09-02 14:00:00;537;0;100;0;100;0;1;1;1;2;2;3;3;5;2;2;1;4;4;5;1;67;62;101;104;1.2;0.78;1.97;0;0;0;0;0;0;1;1;0;0;0;0;0;1;-1;-1;-1;-1;-1;-1;-1;-1;-1;0;50;100;100;100;0;50;100;100;10;4;0;3.5;KV Mechelen;AFC Tubize;2.33;0.59;0;1;0.67;1;100;50;0;0;0;50;50;50;1.96;1.1;3.06;1560;30;Y;N;N;N;N;N;N
432985;2573;690;2018/2019;complete;3438;3;-1;68;23;1;1;2;8;4;12;4;3;0;0;0;0;9;3;9;3;18;6;11;14;56;44;0;0;2.55;3.25;2.6;1.04;1.3;1.95;3.4;0;0;0;0;0;0;1.8;2.05;0;0;0;0;0;0;0;0;0;0;0;0;0;0;0;0;0;0;0;0;0;0;0;0;0;0;0;0;0;0;0;0;0;0;0;0;0;0;0;0;0;0;0;0;0;0;0;0;0;0;0;0;0;2;0;1;1;0;1;1;2018-09-08 15:00:00;-1;0;75;50;25;0;1;-1;4;1;4;3;5;7;0;0;0;0;0;0;1;0;0;0;0;2.37;0.88;3.25;-1;-1;-1;-1;-1;-1;-1;1;0;0;4;0;-1;-1;-1;-1;-1;-1;-1;-1;-1;-1;-1;0;25;75;75;100;50;100;75;25;11;4;2;2.75;Lommel United;OH Leuven;1.06;1.41;2;3;2;1.25;100;75;25;25;0;50;50;50;1.25;1.28;2.53;1560;34;Y;Y;N;N;N;N;Y
432986;534;2570;2018/2019;complete;3438;3;-1;53,68;79;2;1;3;2;2;4;1;5;0;0;0;0;4;3;1;6;5;9;20;18;42;58;0;0;1.77;3.6;4.2;1.04;1.31;2;3.5;7;8.5;3.4;1.79;1.29;1.08;1.95;1.87;2.37;1.53;4.5;1.18;1.22;1.29;1.83;2.55;2.1;4.4;2.1;2.5;4.33;0;0;0;0;1.9;0;0;0;0;1.8;0;0;0;0;0;1.6;9.5;2.7;2.87;7.5;0;0;0;0;0;0;0;0;1.4;3;7;17;2.7;1.33;1.07;1.01;0;0;0;0;3;0;0;2;1;3;0;2018-09-08 18:30:00;534;0;75;0;75;0;1;-1;2;1;0;1;3;1;0;0;0;0;0;0;1;39;68;99;127;0.89;1.28;2.17;-1;-1;-1;-1;-1;-1;-1;1;0;0;2;0;-1;-1;-1;-1;-1;-1;-1;-1;-1;-1;-1;0;50;75;75;100;0;75;75;75;13.5;1.5;3.5;3;KVC Westerlo;AFC Tubize;1.43;0.59;1.5;0.5;1.75;0.75;100;50;25;25;0;75;75;50;1.4;0.94;2.34;1560;28;Y;Y;Y;N;N;N;Y
432987;2572;537;2018/2019;complete;3438;3;-1;75,82;31,90;2;2;4;2;3;5;4;2;0;0;0;0;4;5;2;9;6;14;17;20;45;55;0;0;3.45;3.4;2;1.03;1.28;1.91;3.25;0;0;0;0;0;0;1.83;2;0;0;0;0;0;0;0;0;0;0;0;0;0;0;0;0;0;0;0;0;0;0;0;0;0;0;0;0;0;0;0;0;0;0;0;0;0;0;0;0;0;0;0;0;0;0;0;0;0;0;0;0;0;4;0;1;2;1;3;1;2018-09-09 12:30:00;-1;0;100;75;25;0;1;-1;1;2;1;1;3;2;0;0;0;0;0;0;1;0;0;0;0;0.87;1.57;2.43;-1;-1;-1;-1;-1;-1;-1;1;0;0;0;0;-1;-1;-1;-1;-1;-1;-1;-1;-1;-1;-1;0;25;75;100;100;75;100;100;25;9;13.5;2;3;Union Saint-Gilloise;KV Mechelen;1.79;1.87;0;1;0.75;1.25;100;75;25;0;0;0;0;0;1.45;1.61;3.06;1560;28;Y;Y;Y;Y;N;N;Y
432988;2569;2568;2018/2019;complete;3438;3;-1;14,66;85;2;1;3;9;5;14;1;2;2;3;0;0;6;5;6;4;12;9;18;20;42;58;2;3;2.75;3.2;2.45;1.04;1.29;1.95;3.35;6;9.5;3.4;1.8;1.3;1.11;1.83;2;0;0;0;0;1.5;1.3;1.44;3.41;2.23;3.24;2.8;2.25;3.1;0;0;0;0;0;0;0;0;0;0;0;0;0;0;0;2.05;10;1.95;0;0;0;0;0;0;0;0;0;0;1.37;2.96;7.5;17;2.96;1.37;1.07;1.01;0;0;0;0;3;1;0;1;1;2;1;2018-09-09 16:00:00;2569;0;100;75;25;0;1;1;6;3;3;2;9;5;2;0;0;3;2;3;1;48;63;92;105;1.53;1.38;2.91;0;0;0;0;0;0;1;1;0;0;3;0;0;0;-1;-1;-1;-1;-1;-1;-1;-1;-1;25;75;75;100;100;75;100;100;50;11;5.5;1.5;4;SV Roeselare;Beerschot-Wilrijk;1.29;1.53;1;1;0.75;1.5;75;25;25;0;0;50;50;25;2.21;1.3;3.51;1560;30;Y;Y;Y;N;N;N;Y
432989;2568;537;2018/2019;complete;3438;3;-1;76;;1;0;1;7;4;11;1;1;0;0;0;0;5;3;7;6;12;9;17;14;45;55;0;0;3.2;3.35;2.1;1.03;1.27;1.87;3.2;0;0;0;0;0;0;1.8;2;0;0;0;0;0;0;0;0;0;0;0;0;0;0;0;0;0;0;0;0;0;0;0;0;0;0;0;0;0;0;0;0;0;0;0;0;0;0;0;0;0;0;0;0;0;0;0;0;0;0;0;0;0;1;0;0;1;0;1;0;2018-09-14 18:30:00;2568;0;75;42;34;0;1;-1;3;1;4;3;4;7;0;0;0;0;0;0;1;0;0;0;0;1.27;1.01;2.28;-1;-1;-1;-1;-1;-1;-1;1;0;0;2;0;-1;-1;-1;-1;-1;-1;-1;-1;-1;-1;-1;0;34;34;75;100;42;100;50;34;7.33;5.17;1.17;2.42;Beerschot-Wilrijk;KV Mechelen;2.13;1.87;2;1;1.2;1.2;100;67;67;25;0;50;25;0;0.67;1.6;2.27;1560;30;Y;N;N;N;N;N;N
432990;2570;690;2018/2019;complete;3438;3;-1;2,17,89;78;3;1;4;4;6;10;3;2;0;0;0;0;6;3;5;0;11;3;17;19;48;52;0;0;2.75;3.2;2.45;1.03;1.28;1.91;3.25;6.5;10;3.3;1.8;1.3;1.11;1.8;2.05;3.75;1.25;3.4;1.3;1.57;1.36;1.41;3.4;2.2;3.1;3;2.5;2.62;0;0;0;0;1.83;0;0;0;0;1.83;0;0;0;0;0;2.1;9.5;1.91;5.5;4.5;0;0;0;0;0;0;0;0;1.4;2.75;7;21;2.75;1.4;1.1;1.01;0;0;0;0;4;2;0;1;1;2;2;2018-09-15 15:00:00;2570;0;75;50;0;0;1;-1;3;3;1;3;6;4;0;0;0;0;0;0;1;77;88;111;102;1.67;1.04;2.72;-1;-1;-1;-1;-1;-1;-1;1;1;0;2;0;-1;-1;-1;-1;-1;-1;-1;-1;-1;-1;-1;25;25;50;75;75;50;75;75;25;9.5;3;1;2.75;AFC Tubize;OH Leuven;1.06;1.41;1;2;0.6;1.2;75;75;50;25;25;75;75;50;1.16;1.08;2.24;1560;34;Y;Y;Y;Y;N;N;Y
432991;2572;2569;2018/2019;complete;3438;3;-1;77,83;;2;0;2;14;4;18;8;2;0;0;0;0;4;0;8;2;12;2;9;5;58;42;0;0;2.3;3.15;2.95;1.05;1.35;2.1;3.8;6.5;7;2.8;1.65;1.25;1.08;1.95;1.87;3;1.36;3.25;1.33;1.4;1.36;1.53;3.1;2.02;3.45;2.75;2.37;3;0;0;0;0;1.72;0;0;0;0;2;0;0;0;0;0;1.95;8;2.1;4;4.5;0;0;0;0;0;0;0;0;1.44;3.25;10;26;2.62;1.33;1.06;1.01;0;0;0;0;2;0;0;2;0;2;0;2018-09-15 18:30:00;2572;0;75;25;50;0;1;-1;8;1;6;3;9;9;0;0;0;0;0;0;1;34;16;61;38;1.28;0.25;1.53;-1;-1;-1;-1;-1;-1;-1;1;0;0;1;0;-1;-1;-1;-1;-1;-1;-1;-1;-1;-1;-1;0;25;75;75;75;25;75;75;50;8.5;8;0.5;2.5;Union Saint-Gilloise;SV Roeselare;1.79;1.12;0.5;0.5;0.8;1.2;100;75;25;25;25;50;50;25;1.16;0.97;2.13;1560;28;Y;Y;N;N;N;N;N
432992;534;2573;2018/2019;complete;3438;3;-1;3,34,53,61;64;4;1;5;6;1;7;3;4;3;2;0;0;9;8;9;4;18;12;14;12;50;50;3;2;2;3.3;3.5;1.03;1.27;1.87;3.2;0;0;0;0;0;0;1.8;2;0;0;0;0;0;0;0;0;0;0;0;0;0;0;0;0;0;0;0;0;0;0;0;0;0;0;0;0;0;0;0;0;0;0;0;0;0;0;0;0;0;0;0;0;0;0;0;0;0;0;0;0;0;5;2;0;2;1;3;2;2018-09-16 14:00:00;534;0;100;25;75;0;1;1;4;0;2;1;4;3;1;2;2;0;3;2;1;71;58;110;108;2.28;1.74;4.02;0;0;0;0;0;0;1;1;1;0;1;0;0;0;-1;-1;-1;-1;-1;-1;-1;-1;-1;0;42;100;100;100;25;42;100;75;8.17;1.5;2;3.42;KVC Westerlo;Lommel United;1.43;1.18;2;2;2;1.8;100;59;0;0;0;59;59;42;1.23;1.19;2.42;1560;28;Y;Y;Y;Y;Y;N;Y
432993;2570;2572;2018/2019;complete;3438;4;-1;;52,79;0;2;2;5;3;8;1;3;0;0;0;0;0;3;0;3;0;6;14;22;45;55;0;0;2.9;2.95;2.45;1.07;1.43;2.35;4.4;0;6.95;2.6;1.53;1.17;1.04;2.1;1.74;0;0;0;0;0;0;0;0;0;0;0;0;0;0;0;0;0;0;0;0;0;0;0;0;0;0;0;0;0;0;0;0;0;0;0;0;0;0;0;0;0;0;0;0;0;0;0;0;0;0;0;0;0;2;0;0;0;2;2;0;2018-09-21 18:30:00;2572;0;50;17;33;0;1;-1;3;3;2;0;6;2;0;0;0;0;0;0;1;0;0;0;0;0.44;1.01;1.45;-1;-1;-1;-1;-1;-1;-1;1;0;0;0;1;-1;-1;-1;-1;-1;-1;-1;-1;-1;-1;-1;17;50;50;50;84;34;67;50;50;9.33;2.33;1;2.67;AFC Tubize;Union Saint-Gilloise;1.06;1.43;1.67;1;1;1.17;84;50;50;50;17;100;100;50;1.33;1.18;2.51;1560;28;Y;Y;N;N;N;N;N
432994;2568;2573;2018/2019;complete;3438;4;-1;71;9,59,66;1;3;4;8;8;16;3;2;0;0;0;0;3;4;11;3;14;7;11;10;53;47;0;0;1.83;3.55;3.95;1.03;1.26;1.83;3.15;0;9.25;3.45;1.87;1.31;1.1;1.83;2;0;0;0;0;0;0;0;0;0;0;0;0;0;0;0;0;0;0;0;0;0;0;0;0;0;0;0;0;0;0;0;0;0;0;0;0;0;0;0;0;0;0;0;0;0;0;0;0;0;0;0;0;0;4;0;1;1;2;3;1;2018-09-22 15:00:00;2573;0;67;33;34;0;1;-1;4;4;4;4;8;8;0;0;0;0;0;0;1;0;0;0;0;1.6;1.17;2.77;-1;-1;-1;-1;-1;-1;-1;1;0;1;1;0;-1;-1;-1;-1;-1;-1;-1;-1;-1;-1;-1;17;34;50;67;100;50;67;67;34;6.33;3;2.33;2.67;Beerschot-Wilrijk;Lommel United;2.13;1.18;2.33;1.33;1.5;1.5;84;67;50;34;0;67;50;33;0.87;1.38;2.25;1560;30;Y;Y;Y;Y;N;N;Y
432995;690;2569;2018/2019;complete;3438;4;-1;;24,55;0;2;2;9;8;17;3;4;0;0;0;0;7;4;10;3;17;7;13;9;48;52;0;0;2.2;3.25;3.1;1.03;1.26;1.83;3.15;6;9.25;3.45;1.87;1.31;1.1;1.77;2.05;2.75;1.4;3.75;1.25;1.33;1.33;1.66;2.55;2.2;3.8;2.5;2.4;3.4;0;0;0;0;1.72;0;0;0;0;2;0;0;0;0;0;1.72;9.5;2.37;3.75;5.5;0;0;0;0;0;0;0;0;1.4;2.8;6.5;23;2.8;1.4;1.08;1.01;0;0;0;0;2;0;1;0;1;1;1;2018-09-22 18:30:00;2569;0;67;0;33;0;1;-1;5;6;4;2;11;6;0;0;0;0;0;0;1;65;46;123;100;2.04;1.07;3.1;-1;-1;-1;-1;-1;-1;-1;1;0;0;0;3;-1;-1;-1;-1;-1;-1;-1;-1;-1;-1;-1;0;17;33;84;84;0;67;84;50;8;3.34;1;2.17;OH Leuven;SV Roeselare;1.06;1.12;0.67;0.33;1;1;100;84;67;17;17;67;67;50;0.94;0.73;1.67;1560;34;Y;Y;N;N;N;N;N
432996;537;534;2018/2019;complete;3438;4;-1;48,50;;2;0;2;4;11;15;2;0;0;0;0;0;3;0;6;7;9;7;8;13;48;52;0;0;1.77;3.55;4.15;1.03;1.27;1.87;3.2;5.25;9;3.35;1.83;1.29;1.09;1.87;1.95;2.37;1.53;5;1.16;1.2;1.28;2.14;2.49;2.32;4.71;2.04;2.5;4.33;0;0;0;1.8;0;0;0;0;1.9;0;0;0;0;0;0;1.5;11;2.87;2.87;7.5;0;0;0;0;0;0;0;0;1.36;2.75;8;21;3;1.4;1.08;1.01;0;0;0;0;2;0;0;2;0;2;0;2018-09-23 14:00:00;537;0;75;25;50;0;1;-1;2;6;2;5;8;7;0;0;0;0;0;0;1;80;72;115;108;1.36;0.97;2.33;-1;-1;-1;-1;-1;-1;-1;1;0;0;0;2;-1;-1;-1;-1;-1;-1;-1;-1;-1;-1;-1;0;25;50;75;100;25;75;50;50;8.5;4;3;2.5;KV Mechelen;KVC Westerlo;2.33;1;1.5;2;1;2.17;100;75;50;25;0;50;25;25;1.58;1.05;2.63;1560;28;Y;Y;N;N;N;N;N
432997;2573;537;2018/2019;complete;3438;4;-1;;52,81,87;0;3;3;6;5;11;1;3;0;0;0;0;3;6;4;9;7;15;16;11;45;55;0;0;3.75;3.5;1.87;1.04;1.3;1.95;3.4;0;8.5;3.2;1.74;1.27;1.08;1.91;1.91;0;0;0;0;0;0;0;0;0;0;0;0;0;0;0;0;0;0;0;0;0;0;0;0;0;0;0;0;0;0;0;0;0;0;0;0;0;0;0;0;0;0;0;0;0;0;0;0;0;0;0;0;0;3;0;0;0;3;3;0;2018-09-29 18:30:00;537;0;71;13;42;0;1;-1;0;4;6;1;4;7;0;0;0;0;0;0;1;0;0;0;0;1.06;1.9;2.96;-1;-1;-1;-1;-1;-1;-1;1;0;0;0;0;-1;-1;-1;-1;-1;-1;-1;-1;-1;-1;-1;0;42;42;71;100;13;88;84;42;11.58;5.67;0.5;2.54;Lommel United;KV Mechelen;1.06;1.87;1.67;0.75;1.71;1.29;100;59;59;29;0;63;63;63;1.62;1.45;3.07;1560;30;Y;Y;Y;N;N;N;N
432998;690;2572;2018/2019;complete;3438;4;-1;86;7,34,56;1;3;4;8;1;9;6;6;3;1;0;0;4;8;6;3;10;11;18;11;57;43;3;1;2.4;3.25;2.75;1.05;1.33;2.05;3.7;8.5;8;3;1.67;1.23;1.07;1.91;1.91;3.25;1.33;3.4;1.3;1.4;1.29;1.55;3.17;2.16;3.75;2.75;2.4;3;0;0;0;0;1.83;0;0;0;0;1.83;0;0;0;0;0;1.95;8.5;2.1;4.33;4.75;0;0;0;0;0;0;0;0;1.42;3.19;7.5;17;2.78;1.32;1.07;1.01;0;0;0;0;4;0;2;1;1;2;2;2018-09-30 14:00:00;2572;0;50;0;25;0;1;1;4;1;4;0;5;4;0;1;3;0;1;3;1;111;63;142;96;1.72;1.71;3.43;0;0;0;0;0;0;1;1;0;1;0;0;0;0;-1;-1;-1;-1;-1;-1;-1;-1;-1;0;25;25;75;100;0;75;75;38;8.5;3.5;1.5;2.25;OH Leuven;Union Saint-Gilloise;1.06;1.43;0.5;1.5;0.86;1.43;100;75;75;25;0;63;63;50;1.21;1.14;2.35;1560;28;Y;Y;Y;Y;N;N;Y
432999;2569;2570;2018/2019;complete;3438;4;-1;49,87;29;2;1;3;3;5;8;3;1;0;0;0;0;9;4;9;4;18;8;8;17;55;45;0;0;1.95;3.3;3.65;1.06;1.38;2.15;4.05;9;7.5;2.8;1.61;1.2;1.05;2.05;1.77;2.37;1.53;3.75;1.25;1.25;1.33;1.7;2.79;2.15;4.53;2.45;2.2;3.8;0;0;0;0;0;2.1;0;0;0;0;1.66;0;0;0;0;1.73;7.5;2.5;3.2;6;0;0;0;0;0;0;0;0;1.45;3.36;9;26;2.68;1.28;1.05;1.01;0;0;0;0;3;0;1;2;0;2;1;2018-09-28 18:30:00;2569;0;84;34;67;0;1;-1;2;3;1;2;5;3;0;0;0;0;0;0;1;35;36;49;48;2.01;1.04;3.05;-1;-1;-1;-1;-1;-1;-1;1;0;0;2;0;-1;-1;-1;-1;-1;-1;-1;-1;-1;-1;-1;0;50;84;84;100;34;84;84;67;12.67;3;4;3.17;SV Roeselare;AFC Tubize;1.29;0.59;1.67;0.33;1.29;0.86;100;50;17;17;0;50;50;50;1.98;1.05;3.03;1560;34;Y;Y;Y;N;N;N;Y
433000;534;2568;2018/2019;complete;3438;4;-1;10;25,68;1;2;3;4;3;7;1;5;0;0;0;0;6;7;4;2;10;9;22;15;50;50;0;0;2.55;3.15;2.65;1.04;1.3;1.95;3.45;0;8.5;3.15;1.74;1.26;1.08;1.83;2;0;0;0;0;0;0;0;0;0;0;0;0;0;0;0;0;0;0;0;0;0;0;0;0;0;0;0;0;0;0;0;0;0;0;0;0;0;0;0;0;0;0;0;0;0;0;0;0;0;0;0;0;0;3;1;1;0;1;1;2;2018-09-29 15:00:00;2568;0;100;17;67;0;1;-1;4;0;0;3;4;3;0;0;0;0;0;0;1;0;0;0;0;1.58;1.37;2.96;-1;-1;-1;-1;-1;-1;-1;1;1;0;2;0;-1;-1;-1;-1;-1;-1;-1;-1;-1;-1;-1;29;42;84;100;100;29;75;100;84;9.75;5.17;1.75;3.71;KVC Westerlo;Beerschot-Wilrijk;1.43;1.53;2.25;0.67;1.86;1.29;71;59;17;0;0;59;59;29;1.49;1.33;2.82;1560;28;Y;Y;Y;N;N;N;Y
433001;2573;2569;2018/2019;complete;3438;5;-1;8,39,73;47;3;1;4;9;3;12;5;2;0;0;0;0;8;4;6;4;14;8;14;18;48;52;0;0;2.5;3.05;2.65;0;0;0;0;0;0;0;0;0;0;0;0;0;0;0;0;0;0;0;0;0;0;0;0;0;0;0;0;0;0;0;0;0;0;0;0;0;0;0;0;0;0;0;0;0;0;0;0;0;0;0;0;0;0;0;0;0;0;0;0;0;0;0;0;0;4;2;0;1;1;2;2;2018-10-06 15:00:00;2573;0;38;0;25;0;1;-1;5;2;4;1;7;5;0;0;0;0;0;0;1;72;63;117;113;1.97;1.25;3.22;-1;-1;-1;-1;-1;-1;-1;1;1;0;0;1;-1;-1;-1;-1;-1;-1;-1;-1;-1;-1;-1;0;13;38;75;88;0;63;75;50;12.75;4.5;0;2.13;Lommel United;SV Roeselare;1.06;1.12;1.25;1;1.5;1.5;100;88;63;25;13;100;100;88;1.48;0.81;2.29;1560;34;Y;Y;Y;Y;N;N;Y
433002;537;690;2018/2019;complete;3438;5;-1;26,30,51;;3;0;3;9;1;10;3;1;0;0;0;0;13;2;8;4;21;6;10;15;57;43;0;0;1.77;3.6;4.15;1.05;1.25;1.83;3;6;11;3.75;1.89;1.36;1.12;1.83;1.83;2.2;1.61;6;1.12;1.12;1.28;2.5;2.16;2.28;4.9;1.83;2.62;5;0;0;0;0;1.83;0;0;0;0;1.83;0;0;0;0;0;1.4;11;3.25;2.6;11;0;0;0;0;0;0;0;0;1.36;2.62;7;19;3;1.44;1.1;1.02;0;0;0;0;3;2;0;1;0;1;2;2018-10-05 18:30:00;537;0;67;17;33;0;1;-1;6;0;3;1;6;4;0;0;0;0;0;0;1;64;63;120;124;2.7;0.99;3.69;-1;-1;-1;-1;-1;-1;-1;1;0;0;1;0;-1;-1;-1;-1;-1;-1;-1;-1;-1;-1;-1;0;17;50;84;100;34;67;84;50;8;4.33;1.67;2.5;KV Mechelen;OH Leuven;2.33;1.41;2;1.33;1.5;0.75;100;84;50;17;0;50;50;33;1.51;1.07;2.58;1560;30;Y;Y;Y;N;N;N;N
433003;2568;2570;2018/2019;complete;3438;5;-1;86;;1;0;1;8;3;11;0;0;0;0;0;0;2;0;4;3;6;3;14;15;56;44;0;0;1.8;3.4;3.95;1.06;1.33;1.94;3.6;6.5;8.5;3.25;1.78;1.29;1.1;7;1.07;0;0;0;0;1.17;1.25;2.15;2.25;2.15;5.2;1.85;2.5;5.5;0;0;0;0;0;0;0;0;0;0;0;0;0;0;0;1.44;11;2.88;0;0;0;0;0;0;0;0;0;0;1.4;2.9;7;17;2.75;1.36;1.07;1.01;0;0;0;0;1;0;0;1;0;1;0;2018-10-06 18:30:00;2568;0;63;13;38;0;1;-1;5;1;3;2;6;5;0;0;0;0;0;0;1;67;50;107;107;1.01;0.57;1.58;-1;-1;-1;-1;-1;-1;-1;1;0;0;1;0;-1;-1;-1;-1;-1;-1;-1;-1;-1;-1;-1;0;25;50;63;100;13;75;63;50;10;3.5;2;2.38;Beerschot-Wilrijk;AFC Tubize;2.13;0.59;1.75;0.25;1.5;0.75;100;75;50;38;0;63;50;38;1.05;1.05;2.1;1560;30;Y;N;N;N;N;N;N
433004;2572;534;2018/2019;complete;3438;5;-1;54,70;;2;0;2;2;1;3;0;3;2;4;0;0;5;4;3;9;8;13;17;15;56;44;2;4;2.55;3.2;2.5;0;0;0;0;0;0;0;0;0;0;0;0;0;0;0;0;0;0;0;0;0;0;0;0;0;0;0;0;0;0;0;0;0;0;0;0;0;0;0;0;0;0;0;0;0;0;0;0;0;0;0;0;0;0;0;0;0;0;0;0;0;0;0;0;0;2;0;0;2;0;2;0;2018-10-07 14:00:00;2572;0;67;33;33;0;1;1;2;0;0;1;2;1;0;1;2;3;1;5;1;0;0;0;0;1.11;1.27;2.38;1;0;1;0;0;0;1;1;0;0;1;0;0;0;-1;-1;-1;-1;-1;-1;-1;-1;-1;0;33;50;100;100;33;67;84;67;14;8.33;1.33;2.84;Union Saint-Gilloise;KVC Westerlo;1.79;1;1.33;1.33;1.63;1.63;100;67;50;0;0;67;50;50;1.2;1.02;2.22;1560;28;Y;Y;N;N;N;N;N
433005;2569;534;2018/2019;complete;3438;5;-1;;86;0;1;1;6;1;7;1;2;1;2;0;0;3;4;7;5;10;9;16;16;58;42;1;2;2.6;3.25;2.55;1.03;1.29;1.91;3.3;0;8.75;3.25;1.77;1.28;1.09;1.8;2;0;0;0;0;0;0;0;0;0;0;0;0;0;0;0;0;0;0;0;0;0;0;0;0;0;0;0;0;0;0;0;0;0;0;0;0;0;0;0;0;0;0;0;0;0;0;0;0;0;0;0;0;0;1;0;0;0;1;1;0;2018-10-31 19:30:00;534;0;70;30;40;0;1;1;4;0;2;1;4;3;0;0;1;2;0;3;1;0;0;0;0;1.11;1.04;2.14;0;0;0;0;0;0;1;1;0;0;1;0;0;0;-1;-1;-1;-1;-1;-1;-1;-1;-1;0;30;50;90;100;30;60;90;70;12.2;3.2;3.2;2.7;SV Roeselare;KVC Westerlo;1.29;1;1.8;1.4;1.18;1.45;100;70;50;10;0;70;60;60;1.82;1.16;2.98;1560;28;Y;N;N;N;N;N;N
433006;2572;2568;2018/2019;complete;3438;5;-1;64,86;;2;0;2;1;4;5;0;2;2;4;0;0;0;3;5;6;5;9;9;11;54;46;2;4;2.1;3.25;3.25;1.04;1.32;2;3.6;6.5;8.25;3.05;1.69;1.24;1.07;1.91;1.91;0;0;0;0;1.35;1.25;1.55;3.1;2.22;3.3;2.5;2.3;3.4;0;0;0;0;0;0;0;0;0;0;0;0;0;0;0;1.8;9.5;2.15;0;0;0;0;0;0;0;0;0;0;1.4;2.75;7.5;17;2.75;1.4;1.07;1.01;0;0;0;0;2;0;0;2;0;2;0;2018-10-30 19:30:00;2572;0;70;30;30;0;1;1;0;4;1;0;4;1;1;0;1;4;1;5;1;33;32;59;43;0.56;1;1.56;1;0;1;0;0;0;1;1;0;0;0;1;0;0;-1;-1;-1;-1;-1;-1;-1;-1;-1;20;30;70;100;100;40;80;100;60;10.6;8.8;1.2;3.3;Union Saint-Gilloise;Beerschot-Wilrijk;1.79;1.53;2;1;1.82;1.64;80;70;30;0;0;50;50;40;1.18;1.19;2.37;1560;28;Y;Y;N;N;N;N;N
433007;2570;537;2018/2019;complete;3438;5;-1;;34,37,44;0;3;3;4;3;7;2;2;1;0;1;0;4;6;4;6;8;12;13;11;59;41;3;0;6.85;4;1.44;1.04;1.3;1.95;3.45;5.5;8.5;3.15;1.74;1.26;1.08;2.25;1.65;6;1.12;1.83;1.83;2.6;1.15;1.05;5.5;2.15;2.1;6;2.6;1.75;0;0;0;0;0;0;0;0;0;0;0;0;0;0;0;3.1;11;1.4;11;2.1;0;0;0;0;0;0;0;0;1.35;2.84;6.5;15;3.06;1.4;1.1;1.02;0;0;0;0;3;0;3;0;0;0;3;2018-10-30 19:30:00;537;0;50;20;30;0;1;1;3;3;1;0;6;1;0;0;2;0;0;2;1;69;68;156;125;1.31;1.68;2.98;0;0;0;0;0;0;1;1;0;0;0;0;0;0;-1;-1;-1;-1;-1;-1;-1;-1;-1;10;40;50;80;90;30;50;90;70;8.8;4;0.4;2.8;AFC Tubize;KV Mechelen;1.06;1.87;1;1.2;0.55;1.91;90;60;50;20;10;50;50;30;1.02;1.54;2.56;1560;30;Y;Y;Y;N;N;N;N
433008;690;2573;2018/2019;complete;3438;5;-1;30;25,66;1;2;3;3;6;9;3;2;0;0;0;0;6;4;10;5;16;9;16;14;46;54;0;0;1.95;3.55;3.35;1.01;1.18;1.61;2.5;0;11.5;4.25;2.15;1.45;1.17;1.61;2.35;0;0;0;0;0;0;0;0;0;0;0;0;0;0;0;0;0;0;0;0;0;0;0;0;0;0;0;0;0;0;0;0;0;0;0;0;0;0;0;0;0;0;0;0;0;0;0;0;0;0;0;0;0;3;1;1;0;1;1;2;2018-12-04 19:30:00;2573;0;88;32;38;0;1;-1;2;3;1;3;5;4;0;0;0;0;0;0;1;54;61;126;128;1.83;1.3;3.13;-1;-1;-1;-1;-1;-1;-1;1;0;0;1;0;-1;-1;-1;-1;-1;-1;-1;-1;-1;-1;-1;19;57;69;100;100;44;88;100;63;9;5.01;2.38;3.44;OH Leuven;Lommel United;1.06;1.18;1;1.38;1.13;1.38;82;44;32;0;0;69;63;50;1.56;1.1;2.66;1560;34;Y;Y;Y;N;N;N;Y
433009;537;2568;2018/2019;complete;3438;6;-1;13,43,49;;3;0;3;8;7;15;2;7;0;0;0;0;4;0;1;2;5;2;8;12;51;49;0;0;1.65;3.55;5;1.03;1.26;1.83;3.15;5.25;9.25;3.45;1.87;1.31;1.1;1.91;1.91;0;0;0;0;1.15;1.25;2.15;2.12;2.2;5.4;1.83;2.45;4.6;0;0;0;0;0;0;0;0;0;0;0;0;0;0;0;1.5;10;2.8;0;0;0;0;0;0;0;0;0;0;1.33;2.8;7.5;17;3;1.38;1.07;1.01;0;0;0;0;3;2;0;1;0;1;2;2018-10-21 14:00:00;537;0;63;25;25;0;1;-1;3;4;5;3;7;8;0;0;0;0;0;0;1;63;59;95;100;1.06;0.57;1.63;-1;-1;-1;-1;-1;-1;-1;1;0;0;1;1;-1;-1;-1;-1;-1;-1;-1;-1;-1;-1;-1;13;13;63;88;100;38;75;88;50;8.5;6.25;1.5;2.88;KV Mechelen;Beerschot-Wilrijk;2.33;1.53;2.25;1.25;1.67;1.67;88;88;38;13;0;50;50;25;1.8;1.34;3.14;1560;30;Y;Y;Y;N;N;N;N
433010;2570;2573;2018/2019;complete;3438;6;-1;;53,90;0;2;2;2;1;3;0;0;0;0;0;0;0;3;4;0;4;3;12;25;54;46;0;0;2.55;3.25;2.55;1.03;1.25;1.8;3.05;0;9.5;3.55;1.87;1.32;1.11;1.74;2.1;0;0;0;0;0;0;0;0;0;0;0;0;0;0;0;0;0;0;0;0;0;0;0;0;0;0;0;0;0;0;0;0;0;0;0;0;0;0;0;0;0;0;0;0;0;0;0;0;0;0;0;0;0;2;0;0;0;2;2;0;2018-10-20 18:30:00;2573;0;75;25;50;0;1;-1;0;0;2;1;0;3;0;0;0;0;0;0;1;54;55;101;91;0.66;0.81;1.46;-1;-1;-1;-1;-1;-1;-1;1;0;0;0;0;-1;-1;-1;-1;-1;-1;-1;-1;-1;-1;-1;25;63;75;88;88;50;63;88;75;8.5;3;1.5;3.5;AFC Tubize;Lommel United;1.06;1.18;1.25;1.75;0.67;1.67;75;38;25;13;13;63;63;38;1.11;1.32;2.43;1560;34;Y;Y;N;N;N;N;N
433011;2569;2572;2018/2019;complete;3438;6;-1;90;65;1;1;2;3;8;11;2;3;4;1;0;0;4;3;5;7;9;10;12;11;40;60;4;1;2.6;3.1;2.6;1.04;1.3;1.95;3.4;0;8.5;3.2;1.74;1.27;1.08;1.8;2.05;0;0;0;0;0;0;0;0;0;0;0;0;0;0;0;0;0;0;0;0;0;0;0;0;0;0;0;0;0;0;0;0;0;0;0;0;0;0;0;0;0;0;0;0;0;0;0;0;0;0;0;0;0;2;0;0;1;1;2;0;2018-10-20 15:00:00;-1;0;70;25;45;0;1;1;1;3;2;5;4;7;1;0;3;1;1;4;1;0;0;0;0;1.14;1.29;2.42;0;0;0;0;0;0;1;1;0;0;1;0;1;0;-1;-1;-1;-1;-1;-1;-1;-1;-1;0;45;70;80;100;35;80;80;68;10.15;3.9;2.05;2.95;SV Roeselare;Union Saint-Gilloise;1.29;1.43;2;1.8;1.33;1.78;100;55;30;20;0;65;55;45;1.99;1.25;3.24;1560;28;Y;Y;N;N;N;N;Y
433012;534;690;2018/2019;complete;3438;6;-1;;5;0;1;1;3;4;7;3;0;0;0;0;0;8;3;9;3;17;6;16;12;64;36;0;0;2;3.3;3.5;1.02;1.24;1.77;2.95;4.25;9.75;3.65;1.91;1.34;1.11;1.74;2.1;3;1.36;4.5;1.18;1.28;1.28;1.72;2.66;2.37;4.07;2.3;2.6;3.4;0;0;0;1.66;0;0;0;0;2.1;0;0;0;0;0;0;1.66;12;2.37;3.75;6.5;0;0;0;0;0;0;0;0;1.3;2.67;6.5;19;3.25;1.46;1.11;1.02;0;0;0;0;1;0;1;0;0;0;1;2018-10-19 18:30:00;690;0;88;23;53;0;1;-1;1;1;2;3;2;5;0;0;0;0;0;0;1;32;10;59;40;1.86;0.66;2.52;-1;-1;-1;-1;-1;-1;-1;1;0;1;0;1;-1;-1;-1;-1;-1;-1;-1;-1;-1;-1;-1;10;33;88;100;100;58;80;100;53;9.15;3.4;1.1;3.3;KVC Westerlo;OH Leuven;1.43;1.41;1.8;1;1.44;0.67;90;68;13;0;0;58;58;23;1.51;1.05;2.56;1560;28;Y;N;N;N;N;N;N
433013;537;2569;2018/2019;complete;3438;6;-1;70,82,90;;3;0;3;8;1;9;4;0;0;0;0;0;12;4;11;4;23;8;17;18;62;38;0;0;1.39;4.5;6.55;1.01;1.19;1.65;2.65;4.25;11;4.1;2.1;1.42;1.15;1.95;1.87;2.2;1.61;7;1.1;1.05;1.15;2.45;1.81;2.52;7.3;1.72;2.75;5.5;0;0;0;0;0;2.1;0;0;0;0;1.66;0;0;0;0;1.36;13;3.5;2.5;12;0;0;0;0;0;0;0;0;1.28;2.4;6.5;17;3.46;1.53;1.11;1.02;0;0;0;0;3;0;0;3;0;3;0;2018-10-27 18:30:00;537;0;30;0;30;0;1;-1;3;1;5;0;4;5;0;0;0;0;0;0;1;75;28;110;79;2.82;1;3.82;-1;-1;-1;-1;-1;-1;-1;1;0;0;2;0;-1;-1;-1;-1;-1;-1;-1;-1;-1;-1;-1;0;10;50;80;90;30;60;80;50;10.6;4.4;0.6;2.3;KV Mechelen;SV Roeselare;2.33;1.12;2.4;0.8;1.8;1.3;100;90;50;20;10;80;80;60;1.66;0.9;2.56;1560;30;Y;Y;Y;N;N;N;N
433014;2573;534;2018/2019;complete;3438;6;-1;;76;0;1;1;6;8;14;3;1;0;0;0;0;2;5;11;5;13;10;8;17;47;53;0;0;2.2;3.4;2.9;1.02;1.23;1.74;2.9;0;10;3.75;1.95;1.36;1.12;1.69;2.2;0;0;0;0;0;0;0;0;0;0;0;0;0;0;0;0;0;0;0;0;0;0;0;0;0;0;0;0;0;0;0;0;0;0;0;0;0;0;0;0;0;0;0;0;0;0;0;0;0;0;0;0;0;1;0;0;0;1;1;0;2018-10-28 15:00:00;534;0;55;13;33;0;1;-1;2;7;4;1;9;5;0;0;0;0;0;0;1;69;67;93;68;1.46;1.46;2.92;-1;-1;-1;-1;-1;-1;-1;1;0;0;0;0;-1;-1;-1;-1;-1;-1;-1;-1;-1;-1;-1;0;33;43;90;100;23;65;78;68;13.15;4.55;1.75;2.65;Lommel United;KVC Westerlo;1.06;1;1.6;1;1.8;1.3;100;68;58;10;0;88;75;75;1.58;1.08;2.66;1560;28;Y;N;N;N;N;N;N
433015;2572;2570;2018/2019;complete;3438;6;-1;80,83,90;8,70;3;2;5;9;2;11;0;0;0;0;0;0;4;3;2;3;6;6;15;12;50;50;0;0;1.48;4.15;5.9;1.03;1.25;1.8;3.05;5.25;9.5;3.55;1.87;1.32;1.11;2.05;1.77;2.1;1.66;5.5;1.14;1.1;1.25;2.05;1.97;2.41;6.1;1.83;2.6;5.5;0;0;0;1.8;0;0;0;0;1.9;0;0;0;0;0;0;1.53;11;2.75;2.4;9.5;0;0;0;0;0;0;0;0;1.33;2.67;8;21;3.13;1.44;1.08;1.01;0;0;0;0;5;0;1;3;1;4;1;2018-10-27 15:00:00;2572;0;55;13;33;0;1;-1;4;1;5;1;5;6;0;0;0;0;0;0;1;0;0;0;0;1.2;0.84;2.03;-1;-1;-1;-1;-1;-1;-1;1;0;1;3;0;-1;-1;-1;-1;-1;-1;-1;-1;-1;-1;-1;0;23;55;80;100;13;55;90;68;9.9;6.65;2.15;2.58;Union Saint-Gilloise;AFC Tubize;1.79;0.59;1.75;0.2;1.7;0.6;100;78;45;20;0;33;33;33;1.18;0.95;2.13;1560;28;Y;Y;Y;Y;Y;N;Y
433016;2568;690;2018/2019;complete;3438;6;-1;11,19,49;73;3;1;4;2;6;8;5;1;0;0;0;0;4;3;9;4;13;7;14;8;50;50;0;0;1.74;3.55;4.35;1.03;1.26;1.83;3.15;5.75;9.25;3.45;1.87;1.31;1.1;1.87;1.95;0;0;0;0;1.15;1.25;1.85;2.43;2.12;4.9;2.35;2.4;4.1;0;0;0;0;0;0;0;0;0;0;0;0;0;0;0;1.62;11;2.5;0;0;0;0;0;0;0;0;0;0;1.36;2.74;8;17;2.99;1.42;1.06;1.01;0;0;0;0;4;2;0;1;1;2;2;2018-10-26 18:30:00;2568;0;50;20;20;0;1;-1;1;2;1;4;3;5;0;0;0;0;0;0;1;0;0;0;0;1.5;1.11;2.61;-1;-1;-1;-1;-1;-1;-1;1;0;0;0;1;-1;-1;-1;-1;-1;-1;-1;-1;-1;-1;-1;0;20;40;60;100;40;80;70;20;9.6;3;0.6;2.2;Beerschot-Wilrijk;OH Leuven;2.13;1.41;2;1.4;1.5;0.9;100;80;60;40;0;80;70;40;1.05;0.97;2.02;1560;30;Y;Y;Y;Y;N;N;Y
433017;2568;2569;2018/2019;complete;3438;7;-1;19,62;36;2;1;3;3;7;10;5;0;2;3;0;0;9;10;3;8;12;18;11;15;51;49;2;3;1.65;3.75;4.75;1.04;1.3;1.95;3.4;7;8.5;3.2;1.74;1.27;1.08;2;1.8;0;0;0;0;1.15;1.25;1.95;2.22;2.22;5.35;2.22;2.44;4.4;0;0;0;0;0;0;0;0;0;0;0;0;0;0;0;1.53;11.75;2.86;0;0;0;0;0;0;0;0;0;0;1.21;2.19;4.5;10;3.9;1.63;1.17;1.04;0;0;0;0;3;1;1;1;0;1;2;2018-11-03 19:30:00;2568;0;42;9;33;0;1;1;1;2;2;5;3;7;0;1;2;2;1;4;1;55;66;109;94;1.79;2.31;4.1;0;0;0;0;0;0;1;1;0;0;1;0;0;0;-1;-1;-1;-1;-1;-1;-1;-1;-1;0;25;42;67;92;25;59;75;50;9.67;3.83;0.17;2.25;Beerschot-Wilrijk;SV Roeselare;2.13;1.12;2.17;0.67;1.5;1.08;100;75;59;34;9;92;75;59;1.12;0.92;2.04;1560;30;Y;Y;Y;N;N;N;Y
433018;690;2570;2018/2019;complete;3438;7;-1;10,69,74,90;27;4;1;5;8;4;12;4;1;2;1;0;0;8;4;13;2;21;6;11;9;56;44;2;1;1.71;3.65;4.35;1.04;1.3;1.95;3.4;7;8.5;3.2;1.74;1.27;1.08;1.95;1.87;2.25;1.57;4.5;1.18;1.2;1.3;1.7;2.36;2.16;5;2.38;2.38;4.1;0;0;0;0;1.83;0;0;0;0;1.83;0;0;0;0;0;1.6;10.5;2.73;2.87;8;0;0;0;0;0;0;0;0;1.39;2.9;7.5;23;2.86;1.38;1.07;1.01;0;0;0;0;5;1;1;3;0;3;2;2018-11-03 16:00:00;690;0;74;0;45;0;1;1;3;3;5;1;6;6;0;1;2;0;1;2;1;83;32;141;100;2.49;0.91;3.39;0;0;0;0;0;0;1;1;1;0;0;1;0;0;-1;-1;-1;-1;-1;-1;-1;-1;-1;9;37;54;84;100;10;84;92;54;9.2;3.97;2.37;2.82;OH Leuven;AFC Tubize;1.06;0.59;0.4;0.17;0.82;0.5;92;64;47;17;0;55;45;45;1.31;0.93;2.24;1560;34;Y;Y;Y;Y;Y;N;Y
433019;2572;2573;2018/2019;complete;3438;7;-1;90;31;1;1;2;8;4;12;3;4;3;1;0;0;2;2;5;1;7;3;20;8;58;42;3;1;0;0;0;0;0;0;0;0;0;0;0;0;0;0;0;0;0;0;0;0;0;0;0;0;0;0;0;0;0;0;0;0;0;0;0;0;0;0;0;0;0;0;0;0;0;0;0;0;0;0;0;0;0;0;0;0;0;0;0;0;0;0;0;0;0;0;0;0;2;0;1;1;0;1;1;2018-11-04 15:00:00;-1;0;65;19;47;0;1;1;3;1;5;3;4;8;1;1;2;0;2;2;1;0;0;0;0;1.18;0.74;1.92;0;0;0;0;0;0;1;1;0;0;1;0;0;0;-1;-1;-1;-1;-1;-1;-1;-1;-1;19;47;65;100;100;29;55;100;82;8.33;4.9;2.03;3.3;Union Saint-Gilloise;Lommel United;1.79;1.18;2.17;2;1.92;1.64;82;54;35;0;0;37;37;37;1.08;1.22;2.3;1560;28;Y;Y;N;N;N;N;Y
433020;534;537;2018/2019;complete;3438;7;-1;;10,18,78;0;3;3;7;4;11;1;3;2;3;0;0;3;10;9;3;12;13;11;8;55;45;2;3;3.7;3.5;1.87;1.04;1.29;1.95;3.35;5.75;8.75;3.25;1.77;1.27;1.08;1.91;1.91;4.33;1.2;2.5;1.5;1.7;1.3;1.2;4.5;2.19;2.45;3.3;2.48;2.55;0;0;0;0;1.9;0;0;0;0;1.8;0;0;0;0;0;2.75;10;1.53;6.5;3;0;0;0;0;0;0;0;0;1.36;2.78;7.5;23;2.99;1.41;1.07;1.01;0;0;0;0;3;0;2;0;1;1;2;2018-11-04 19:00:00;537;0;67;17;50;0;1;1;3;1;4;3;4;7;1;1;1;2;2;3;1;65;56;131;103;1.45;1.93;3.38;0;0;0;0;0;0;1;1;0;1;2;0;0;0;-1;-1;-1;-1;-1;-1;-1;-1;-1;9;33;75;83;100;33;67;83;59;9.17;4.5;0.83;3;KVC Westerlo;KV Mechelen;1.43;1.87;1.5;1.5;1.58;2;92;67;25;17;0;33;33;25;1.57;1.56;3.13;1560;28;Y;Y;Y;N;N;N;N
433021;2573;2568;2018/2019;complete;3438;7;-1;53;13,33;1;2;3;6;8;14;1;2;1;2;0;0;4;5;6;7;10;12;13;12;50;50;1;2;2.5;3.3;2.6;1.02;1.22;1.74;2.85;0;10.25;3.8;2;1.36;1.12;1.67;2.2;0;0;0;0;0;0;0;0;0;0;0;0;0;0;0;0;0;0;0;0;0;0;0;0;0;0;0;0;0;0;0;0;0;0;0;0;0;0;0;0;0;0;0;0;0;0;0;0;0;0;0;0;0;3;0;2;1;0;1;2;2018-11-09 19:30:00;2568;0;59;17;25;0;1;1;4;4;2;4;8;6;1;1;0;1;2;1;1;0;0;0;0;1.56;1.6;3.16;0;0;0;0;0;0;1;1;0;0;1;1;0;1;-1;-1;-1;-1;-1;-1;-1;-1;-1;9;25;59;84;100;34;75;92;50;11.5;7;1.17;2.84;Lommel United;Beerschot-Wilrijk;1.06;1.53;1.33;0.83;1.58;1.62;92;75;42;17;0;75;75;67;1.56;1.16;2.72;1560;30;Y;Y;Y;N;N;N;Y
433022;2569;690;2018/2019;complete;3438;7;-1;;8,33,42,43;0;4;4;8;3;11;5;5;0;2;0;0;7;9;9;5;16;14;11;19;57;43;0;2;2.35;3.3;2.8;1.03;1.27;1.87;3.2;0;9.25;3.4;1.83;1.3;1.1;1.77;2.05;0;0;0;0;0;0;0;0;0;0;0;0;0;0;0;0;0;0;0;0;0;0;0;0;0;0;0;0;0;0;0;0;0;0;0;0;0;0;0;0;0;0;0;0;0;0;0;0;0;0;0;0;0;4;0;4;0;0;0;4;2018-11-09 19:30:00;690;0;75;25;42;0;1;1;4;2;4;1;6;5;0;1;0;1;1;1;1;0;0;0;0;1.73;1.71;3.45;0;0;0;0;0;0;1;1;0;1;0;1;0;0;-1;-1;-1;-1;-1;-1;-1;-1;-1;0;33;67;83;100;50;84;92;50;10.17;3;2;2.83;SV Roeselare;OH Leuven;1.29;1.41;1.5;1.17;1;1;100;67;33;17;0;50;50;34;1.7;0.99;2.69;1560;34;Y;Y;Y;Y;N;N;N
433023;537;2572;2018/2019;complete;3438;7;-1;27,57;58;2;1;3;2;9;11;-1;-1;2;4;0;0;3;2;0;0;3;2;-1;-1;50;50;2;4;1.51;3.9;5.75;1.04;1.32;2;3.6;0;8.25;3.05;1.69;1.24;1.07;2.2;1.69;0;0;0;0;0;0;0;0;0;0;0;0;0;0;0;0;0;0;0;0;0;0;0;0;0;0;0;0;0;0;0;0;0;0;0;0;0;0;0;0;0;0;0;0;0;0;0;0;0;0;0;0;0;3;1;0;1;1;2;1;2018-11-09 19:30:00;537;0;34;0;34;0;1;1;1;6;1;3;7;4;1;2;1;2;3;3;-1;0;0;0;0;0;0;0;0;0;0;0;0;0;1;1;0;0;0;2;0;0;-1;-1;-1;-1;-1;-1;-1;-1;-1;0;17;50;75;100;25;50;75;59;10;5;1.33;2.42;KV Mechelen;Union Saint-Gilloise;2.33;1.43;2.5;1.67;2.08;1.85;100;84;50;25;0;75;59;42;1.85;1.26;3.11;1560;28;Y;Y;Y;N;N;N;Y
433024;2570;534;2018/2019;complete;3438;7;-1;21,71;;2;0;2;3;11;14;0;0;1;2;0;0;4;9;2;7;6;16;16;21;44;56;1;2;3.65;3.3;1.95;1.05;1.34;2.05;3.75;0;8;2.95;1.67;1.22;1.06;2;1.83;0;0;0;0;0;0;0;0;0;0;0;0;0;0;0;0;0;0;0;0;0;0;0;0;0;0;0;0;0;0;0;0;0;0;0;0;0;0;0;0;0;0;0;0;0;0;0;0;0;0;0;0;0;2;1;0;1;0;1;1;2018-11-09 19:30:00;2570;0;33;17;17;0;1;1;3;5;0;6;8;6;0;2;1;0;2;1;1;0;0;0;0;0.99;2.28;3.28;0;0;0;0;0;0;1;1;0;0;2;0;0;0;-1;-1;-1;-1;-1;-1;-1;-1;-1;9;25;34;75;92;34;42;75;59;9.66;2.84;2;2.42;AFC Tubize;KVC Westerlo;1.06;1;0.83;1.67;0.46;1.46;92;75;67;25;9;59;50;34;1.07;1.14;2.21;1560;28;Y;Y;N;N;N;N;N
433025;534;2568;2018/2019;complete;3439;1;-1;65;69,79;1;2;3;5;5;10;0;0;0;0;0;0;5;7;5;3;10;10;15;16;45;55;0;0;2.25;3.25;2.95;1.03;1.29;1.91;3.3;0;8.75;3.25;1.77;1.28;1.09;1.71;2.15;0;0;0;0;0;0;0;0;0;0;0;0;0;0;0;0;0;0;0;0;0;0;0;0;0;0;0;0;0;0;0;0;0;0;0;0;0;0;0;0;0;0;0;0;0;0;0;0;0;0;0;0;0;3;0;0;1;2;3;0;2018-11-18 15:00:00;2568;0;71;22;36;0;1;-1;3;2;2;3;5;5;0;0;0;0;0;0;1;0;0;0;0;1.43;1.59;3.02;-1;-1;-1;-1;-1;-1;-1;1;0;0;0;2;-1;-1;-1;-1;-1;-1;-1;-1;-1;-1;-1;14;22;79;93;100;50;79;93;50;10.15;5.43;2;3.14;KVC Westerlo;Beerschot-Wilrijk;1.43;1.53;1.29;1.14;1.36;1.71;86;79;22;7;0;50;50;36;1.55;1.22;2.77;1560;28;Y;Y;Y;N;N;N;Y
433026;537;2573;2018/2019;complete;3439;1;-1;7,47,86;51,63;3;2;5;6;4;10;1;2;1;3;0;1;4;3;3;3;7;6;15;11;59;41;1;4;1.27;5.2;9;1.01;1.18;1.61;2.5;0;11.5;4.25;2.15;1.45;1.17;2.1;1.74;0;0;0;0;0;0;0;0;0;0;0;0;0;0;0;0;0;0;0;0;0;0;0;0;0;0;0;0;0;0;0;0;0;0;0;0;0;0;0;0;0;0;0;0;0;0;0;0;0;0;0;0;0;5;1;0;2;2;4;1;2018-11-17 19:30:00;537;0;56;9;40;0;1;1;2;1;4;3;3;7;0;2;1;2;2;3;1;64;35;98;85;1.19;0.85;2.04;0;0;0;0;0;0;1;1;1;0;1;0;0;0;-1;-1;-1;-1;-1;-1;-1;-1;-1;9;25;69;93;100;31;62;93;62;8.46;3.83;1.88;2.95;KV Mechelen;Lommel United;2.33;1.18;2.57;1.83;2.14;1.46;92;75;31;7;0;61;54;47;1.85;1.14;2.99;1560;30;Y;Y;Y;Y;Y;N;Y
433027;690;2572;2018/2019;complete;3439;1;-1;35;23,79;1;2;3;4;6;10;5;3;0;0;0;0;4;6;9;7;13;13;14;16;52;48;0;0;2.55;3.25;2.6;1.03;1.26;1.83;3.15;6;9.25;3.45;1.87;1.31;1.1;1.67;2.2;3.5;1.28;3.5;1.28;1.46;1.31;1.53;3.18;2.08;3.42;2.88;2.3;2.9;0;0;0;0;1.83;0;0;0;0;1.83;0;0;0;0;0;2;10;2;4.75;5;0;0;0;0;0;0;0;0;1.37;2.86;7;17;2.94;1.39;1.08;1.01;0;0;0;0;3;1;1;0;1;1;2;2018-11-16 19:30:00;2572;0;70;9;45;0;1;-1;1;2;3;4;3;7;0;0;0;0;0;0;1;80;42;142;101;1.69;1.55;3.24;-1;-1;-1;-1;-1;-1;-1;1;0;0;0;2;-1;-1;-1;-1;-1;-1;-1;-1;-1;-1;-1;9;40;47;86;100;24;79;86;61;10.53;5;2.62;2.8;OH Leuven;Union Saint-Gilloise;1.06;1.43;0.83;1.43;1.15;1.71;92;61;54;15;0;77;61;54;1.51;1.26;2.77;1560;28;Y;Y;Y;N;N;N;Y
433028;2570;2569;2018/2019;complete;3439;1;-1;10,16,85;24,42;3;2;5;6;4;10;0;2;2;0;0;0;7;4;6;8;13;12;14;16;55;45;2;0;2.7;3.15;2.5;1.04;1.31;2;3.5;5.75;8.5;3.1;1.71;1.25;1.08;1.87;1.95;3.4;1.3;3.25;1.33;1.49;1.38;1.42;3.47;2.22;3.27;3;2.4;2.75;0;0;0;0;0;2.1;0;0;0;0;1.66;0;0;0;0;2.05;9;1.95;4.75;4.33;0;0;0;0;0;0;0;0;1.38;3.01;8;23;2.91;1.36;1.08;1.01;0;0;0;0;5;2;2;1;0;1;4;2018-11-17 16:00:00;2570;0;36;14;22;0;1;1;2;2;4;2;4;6;1;0;1;0;1;1;1;81;69;136;117;1.9;1.54;3.45;0;0;0;0;0;0;1;1;1;0;0;0;0;0;-1;-1;-1;-1;-1;-1;-1;-1;-1;7;22;50;86;86;36;57;79;57;9;2.57;1;2.57;AFC Tubize;SV Roeselare;1.06;1.12;1.14;0.57;0.64;0.93;93;79;50;14;14;79;72;43;1.06;1.12;2.18;1560;34;Y;Y;Y;Y;Y;N;Y
433029;2568;690;2018/2019;complete;3439;1;-1;6,18,48;41,75;3;2;5;4;3;7;4;1;2;4;0;0;8;5;6;2;14;7;8;22;53;47;2;4;1.83;3.45;3.85;1.02;1.23;1.77;2.95;5.2;9.75;3.6;1.91;1.33;1.11;1.77;2.05;0;0;0;0;1.24;1.31;1.88;2.49;2.09;4.2;2.23;2.48;4.25;0;0;0;0;0;0;0;0;0;0;0;0;0;0;0;1.57;10.5;2.5;0;0;0;0;0;0;0;0;0;0;1.33;2.8;7;17;3.06;1.4;1.08;1.01;0;0;0;0;5;2;1;1;1;2;3;2018-11-25 15:00:00;2568;0;57;22;29;0;1;1;1;2;3;1;3;4;0;1;2;3;1;5;1;64;61;106;119;1.91;1.25;3.15;0;0;0;0;0;0;1;1;1;0;0;0;0;0;-1;-1;-1;-1;-1;-1;-1;-1;-1;0;36;57;72;100;57;86;71;29;8.86;4.43;1;2.65;Beerschot-Wilrijk;OH Leuven;2.13;1.41;2.29;1.43;1.8;1.07;100;64;43;29;0;72;64;36;1.22;1.1;2.32;1560;30;Y;Y;Y;Y;Y;N;Y
433030;2572;534;2018/2019;complete;3439;1;-1;;;0;0;0;8;2;10;4;2;0;0;0;0;4;3;8;9;12;12;14;11;60;40;0;0;2.1;3.3;3.2;1.04;1.29;1.95;3.35;7;8.75;3.25;1.77;1.27;1.08;1.83;1.95;2.62;1.44;3.75;1.25;1.3;1.33;1.8;2.75;2.01;3.85;2.4;2.4;3.5;0;0;0;0;2.1;0;0;0;0;1.66;0;0;0;0;0;1.75;9;2.35;3.5;6;0;0;0;0;0;0;0;0;1.44;3;7.5;17;2.62;1.36;1.07;1.01;0;0;0;0;0;0;0;0;0;0;0;2018-11-24 19:30:00;-1;0;43;14;22;0;1;-1;4;1;4;1;5;5;0;0;0;0;0;0;1;85;46;137;102;1.66;1.31;2.97;0;0;0;0;0;0;1;1;0;0;1;0;-1;-1;-1;-1;-1;-1;-1;-1;-1;-1;-1;7;22;29;86;100;14;50;93;57;11.85;4.86;2.71;2.43;Union Saint-Gilloise;KVC Westerlo;1.79;1;2;1.43;1.8;1.27;93;79;72;15;0;57;50;50;1.09;1.3;2.39;1560;28;N;N;N;N;N;N;N
433031;2573;2570;2018/2019;complete;3439;1;-1;69;;1;0;1;3;4;7;1;0;0;0;0;0;2;8;6;2;8;10;15;12;47;53;0;0;1.8;3.5;4.2;1.03;1.25;1.8;3.05;0;9.5;3.55;1.87;1.32;1.11;1.83;2;0;0;0;0;0;0;0;0;0;0;0;0;0;0;0;0;0;0;0;0;0;0;0;0;0;0;0;0;0;0;0;0;0;0;0;0;0;0;0;0;0;0;0;0;0;0;0;0;0;0;0;0;0;1;0;0;1;0;1;0;2018-11-24 16:00:00;2573;0;64;7;36;0;1;-1;2;3;1;1;5;2;0;0;0;0;0;0;1;71;75;115;145;1.17;1.75;2.92;-1;-1;-1;-1;-1;-1;-1;1;0;0;0;2;-1;-1;-1;-1;-1;-1;-1;-1;-1;-1;-1;15;36;64;71;100;22;71;86;57;11;3.71;1.28;2.86;Lommel United;AFC Tubize;1.06;0.59;1.14;0.14;1.36;0.8;86;64;36;29;0;79;79;79;1.56;0.93;2.49;1560;34;Y;N;N;N;N;N;N
433032;2569;537;2018/2019;complete;3439;1;-1;;;0;0;0;2;4;6;0;3;0;0;0;0;3;4;4;4;7;8;19;18;46;54;0;0;5.15;3.9;1.57;1.01;1.2;1.67;2.65;4.4;10.75;4.05;2.05;1.41;1.15;1.8;2.05;7;1.1;2.37;1.53;2.6;1.28;1.11;4.8;2.27;2.12;5;2.75;1.8;0;0;0;0;0;2.1;0;0;0;0;1.66;0;0;0;0;3.2;13;1.36;12;2.75;0;0;0;0;0;0;0;0;1.3;2.37;6;17;3.4;1.53;1.12;1.02;0;0;0;0;0;0;0;0;0;0;0;2018-11-23 19:30:00;-1;0;57;22;36;0;1;-1;2;2;0;2;4;2;0;0;0;0;0;0;1;25;29;36;49;0.83;0.99;1.82;0;0;0;0;0;0;1;1;0;0;1;1;-1;-1;-1;-1;-1;-1;-1;-1;-1;-1;-1;0;36;71;86;100;43;71;86;50;10.43;4.86;2.14;2.93;SV Roeselare;KV Mechelen;1.29;1.87;1.29;1.71;0.87;2.2;100;64;29;14;0;50;50;50;1.7;1.62;3.32;1560;30;N;N;N;N;N;N;N
433033;534;2569;2018/2019;complete;3439;2;-1;52,69;;2;0;2;6;9;15;1;2;0;0;0;0;4;2;3;2;7;4;16;14;54;46;0;0;1.95;3.35;3.55;1.03;1.28;1.91;3.25;5.75;9;3.3;1.8;1.29;1.09;1.83;2;2.62;1.44;4;1.22;1.29;1.3;1.83;2.57;2.16;4.25;2.3;2.5;3.6;0;0;0;0;1.72;0;0;0;0;2;0;0;0;0;0;1.65;9.5;2.4;3.4;6.5;0;0;0;0;0;0;0;0;1.35;2.74;8;23;3.04;1.42;1.08;1.01;0;0;0;0;2;0;0;2;0;2;0;2018-12-01 16:00:00;534;0;63;19;44;0;1;-1;2;1;4;8;3;12;0;0;0;0;0;0;1;61;51;93;81;1.17;0.77;1.94;-1;-1;-1;-1;-1;-1;-1;1;0;0;1;1;-1;-1;-1;-1;-1;-1;-1;-1;-1;-1;-1;13;25;76;88;94;38;63;88;57;10;3.01;1.01;2.94;KVC Westerlo;SV Roeselare;1.43;1.12;1.13;0.5;1.25;0.88;88;75;26;13;7;75;69;38;1.54;1.17;2.71;1560;28;Y;Y;N;N;N;N;N
433034;537;2568;2018/2019;complete;3439;2;-1;48;26;1;1;2;5;6;11;3;0;0;0;0;0;6;7;12;9;18;16;13;17;58;42;0;0;1.62;3.75;4.9;1.02;1.24;1.8;3;4.75;9.75;3.6;1.91;1.33;1.11;1.87;1.95;0;0;0;0;1.14;1.24;2.4;2.22;2.23;5.3;1.83;2.5;5.5;0;0;0;0;0;0;0;0;0;0;0;0;0;0;0;1.42;11.5;3;0;0;0;0;0;0;0;0;0;0;1.33;2.67;6.5;15;3.13;1.44;1.1;1.02;0;0;0;0;2;0;1;1;0;1;1;2018-11-30 19:30:00;-1;0;57;13;32;0;1;-1;2;3;3;3;5;6;0;0;0;0;0;0;1;72;50;125;85;2.08;1.86;3.94;-1;-1;-1;-1;-1;-1;-1;1;0;0;0;1;-1;-1;-1;-1;-1;-1;-1;-1;-1;-1;-1;13;13;75;94;100;38;69;94;57;10.26;5.26;1.88;3.01;KV Mechelen;Beerschot-Wilrijk;2.33;1.53;2.63;1.38;2.13;1.88;88;88;25;7;0;69;63;38;1.76;1.26;3.02;1560;30;Y;Y;N;N;N;N;Y
433035;690;2573;2018/2019;complete;3439;2;-1;26,67,69;42;3;1;4;2;9;11;2;2;0;0;0;0;6;3;8;5;14;8;18;13;46;54;0;0;2.15;3.5;2.95;1.02;1.21;1.69;2.75;0;10.5;3.95;2.05;1.39;1.14;1.65;2.25;0;0;0;0;0;0;0;0;0;0;0;0;0;0;0;0;0;0;0;0;0;0;0;0;0;0;0;0;0;0;0;0;0;0;0;0;0;0;0;0;0;0;0;0;0;0;0;0;0;0;0;0;0;4;1;1;2;0;2;2;2018-12-01 19:30:00;690;0;86;22;43;0;1;-1;2;6;0;3;8;3;0;0;0;0;0;0;1;0;0;0;0;1.73;1.1;2.83;-1;-1;-1;-1;-1;-1;-1;1;0;0;2;0;-1;-1;-1;-1;-1;-1;-1;-1;-1;-1;-1;22;50;64;100;100;36;86;100;57;8.72;5.15;2.71;3.36;OH Leuven;Lommel United;1.06;1.18;0.71;1.57;1;1.47;79;50;36;0;0;64;57;43;1.53;1.1;2.63;1560;34;Y;Y;Y;Y;N;N;Y
433036;2570;2572;2018/2019;complete;3439;2;-1;45,61;;2;0;2;7;8;15;2;2;0;0;0;0;7;3;9;12;16;15;10;17;52;48;0;0;4.05;3.3;1.87;1.06;1.38;2.2;4.1;0;7.25;2.75;1.59;1.19;1.05;2.1;1.74;0;0;0;0;0;0;0;0;0;0;0;0;0;0;0;0;0;0;0;0;0;0;0;0;0;0;0;0;0;0;0;0;0;0;0;0;0;0;0;0;0;0;0;0;0;0;0;0;0;0;0;0;0;2;1;0;1;0;1;1;2018-12-02 15:00:00;2570;0;51;19;32;0;1;-1;3;2;4;6;5;10;0;0;0;0;0;0;1;0;0;0;0;1.91;1.61;3.52;-1;-1;-1;-1;-1;-1;-1;1;0;0;2;0;-1;-1;-1;-1;-1;-1;-1;-1;-1;-1;-1;13;32;50;82;94;38;63;75;57;9.38;3.01;1.88;2.75;AFC Tubize;Union Saint-Gilloise;1.06;1.43;1.38;1.63;0.75;1.75;88;69;50;19;7;76;69;38;1.16;1.3;2.46;1560;28;Y;Y;N;N;N;N;N
433037;2568;2570;2018/2019;complete;3439;2;-1;6,21,30,77,88;65,81;5;2;7;8;6;14;2;1;0;0;0;0;11;7;11;8;22;15;16;12;52;48;0;0;1.69;3.6;4.65;1.03;1.29;1.91;3.3;0;9;3.35;1.83;1.29;1.09;1.91;1.87;0;0;0;0;0;0;0;0;0;0;0;0;0;0;0;0;0;0;0;0;0;0;0;0;0;0;0;0;0;0;0;0;0;0;0;0;0;0;0;0;0;0;0;0;0;0;0;0;0;0;0;0;0;7;3;0;2;2;4;3;2018-12-08 16:00:00;2568;0;63;26;38;0;1;-1;2;1;6;5;3;11;0;0;0;0;0;0;1;0;0;0;0;2.55;1.73;4.29;-1;-1;-1;-1;-1;-1;-1;1;1;0;0;1;-1;-1;-1;-1;-1;-1;-1;-1;-1;-1;-1;19;38;57;63;100;32;69;82;51;8.75;3.63;1.63;2.76;Beerschot-Wilrijk;AFC Tubize;2.13;0.59;2.38;0.13;1.82;0.88;82;63;44;38;0;63;57;44;1.3;1.03;2.33;1560;30;Y;Y;Y;Y;Y;Y;Y
433038;2573;2572;2018/2019;complete;3439;2;-1;;3,35;0;2;2;5;5;10;0;2;1;5;0;0;0;5;6;5;6;10;9;25;55;45;1;5;0;0;0;0;0;0;0;0;0;0;0;0;0;0;0;0;0;0;0;0;0;0;0;0;0;0;0;0;0;0;0;0;0;0;0;0;0;0;0;0;0;0;0;0;0;0;0;0;0;0;0;0;0;0;0;0;0;0;0;0;0;0;0;0;0;0;0;0;2;0;2;0;0;0;2;2018-12-09 15:00:00;2572;0;53;6;35;0;1;1;3;2;2;3;5;5;0;2;1;3;2;4;1;65;44;122;89;0.86;1.3;2.17;0;0;0;0;0;0;1;1;0;1;3;1;0;0;-1;-1;-1;-1;-1;-1;-1;-1;-1;0;24;47;71;100;24;65;83;47;11.83;4.49;1.13;2.41;Lommel United;Union Saint-Gilloise;1.06;1.43;1.38;1.44;1.47;1.65;100;77;53;30;0;89;83;72;1.51;1.34;2.85;1560;28;Y;Y;N;N;N;N;N
433039;534;537;2018/2019;complete;3439;2;-1;90;49,60,74;1;3;4;8;4;12;0;1;3;0;0;0;4;7;4;5;8;12;17;10;55;45;3;0;4.05;3.55;1.8;1.05;1.36;2.15;3.95;5.75;7.75;2.9;1.65;1.22;1.06;2.1;1.74;4;1.22;2.2;1.61;2.04;1.3;1.2;4.75;2.17;2.41;4.33;2.37;2.2;0;0;0;0;2;0;0;0;0;1.72;0;0;0;0;0;2.87;8.5;1.53;7;2.75;0;0;0;0;0;0;0;0;1.44;3.25;10;26;2.62;1.33;1.06;1.01;0;0;0;0;4;0;0;1;3;4;0;2018-12-08 19:30:00;537;0;53;12;41;0;1;1;2;3;6;1;5;7;1;0;2;0;1;2;1;73;38;103;77;1.32;1.52;2.84;0;0;0;0;0;0;1;1;0;0;1;0;0;0;-1;-1;-1;-1;-1;-1;-1;-1;-1;6;24;71;82;94;36;60;82;53;9.46;4.21;1.19;2.75;KVC Westerlo;KV Mechelen;1.43;1.87;1.33;1.63;1.35;2.06;95;77;30;18;7;47;47;36;1.5;1.54;3.04;1560;28;Y;Y;Y;Y;N;N;Y
433040;2569;690;2018/2019;complete;3439;2;-1;35,63,77;10;3;1;4;2;6;8;2;4;0;0;0;0;5;7;6;4;11;11;22;9;48;52;0;0;2.55;3.3;2.55;1.02;1.23;1.77;2.9;5.25;10.25;3.8;2;1.36;1.12;1.69;2.2;3.75;1.25;3.75;1.25;1.53;1.33;1.53;3.25;2.16;3.16;2.75;2.6;2.75;0;0;0;0;0;2;0;0;0;0;1.72;0;0;0;0;1.9;13;1.9;5;5;0;0;0;0;0;0;0;0;1.31;2.57;6.5;19;3.26;1.47;1.11;1.02;0;0;0;0;4;1;1;2;0;2;2;2018-12-07 19:30:00;2569;0;63;25;38;0;1;-1;2;2;0;4;4;4;0;0;0;0;0;0;1;57;55;109;100;1.46;1.59;3.05;-1;-1;-1;-1;-1;-1;-1;1;0;1;0;1;-1;-1;-1;-1;-1;-1;-1;-1;-1;-1;-1;7;44;69;82;94;57;82;75;44;9.63;3.63;2.25;2.94;SV Roeselare;OH Leuven;1.29;1.41;1.25;1.25;0.82;1.06;94;57;32;19;7;50;50;38;1.59;1.12;2.71;1560;34;Y;Y;Y;Y;N;N;Y
433041;2573;2569;2018/2019;complete;3439;3;-1;;88;0;1;1;10;0;10;3;1;2;4;0;1;6;2;5;5;11;7;11;19;53;47;2;5;2.2;3.25;3.1;1.04;1.29;1.95;3.35;0;9;3.3;1.8;1.29;1.09;1.83;2;0;0;0;0;0;0;0;0;0;0;0;0;0;0;0;0;0;0;0;0;0;0;0;0;0;0;0;0;0;0;0;0;0;0;0;0;0;0;0;0;0;0;0;0;0;0;0;0;0;0;0;0;0;1;0;0;0;1;1;0;2018-12-15 16:00:00;2569;0;44;11;22;0;1;1;2;0;8;0;2;8;1;3;1;2;4;3;1;0;0;0;0;1.56;0.86;2.42;0;0;0;0;0;0;1;1;0;0;0;0;0;0;-1;-1;-1;-1;-1;-1;-1;-1;-1;6;22;50;78;95;33;62;84;45;11.55;3.78;0.55;2.5;Lommel United;SV Roeselare;1.06;1.12;1.22;0.44;1.39;0.94;95;78;50;22;6;95;89;67;1.44;1.12;2.56;1560;34;Y;N;N;N;N;N;N
433042;2572;2568;2018/2019;complete;3439;3;-1;21;49;1;1;2;5;4;9;3;2;1;3;0;0;2;3;9;6;11;9;14;14;45;55;1;3;2.4;3.25;2.65;1.05;1.34;2.05;3.7;6.5;8.25;3.05;1.69;1.24;1.07;1.91;1.91;0;0;0;0;1.42;1.33;1.55;3.1;2.1;3.48;2.5;2.25;3.6;0;0;0;0;0;0;0;0;0;0;0;0;0;0;0;1.91;8;2.1;0;0;0;0;0;0;0;0;0;0;1.41;2.99;8.5;17;2.78;1.36;1.06;1.01;0;0;0;0;2;1;0;0;1;1;1;2018-12-16 15:00:00;-1;0;64;18;24;0;1;1;3;4;2;0;7;2;0;0;1;3;0;4;1;67;58;122;110;1.33;1.21;2.53;0;0;0;0;0;0;1;1;0;0;0;1;0;0;-1;-1;-1;-1;-1;-1;-1;-1;-1;12;18;53;94;94;29;64;94;54;11;6.5;2;2.75;Union Saint-Gilloise;Beerschot-Wilrijk;1.79;1.53;1.88;1.33;1.72;1.89;89;82;48;7;7;59;59;41;1.16;1.33;2.49;1560;28;Y;Y;N;N;N;N;Y
433043;690;537;2018/2019;complete;3439;3;-1;32;4,49,61;1;3;4;5;7;12;0;5;0;0;0;0;3;9;2;8;5;17;16;13;43;57;0;0;4.55;3.85;1.65;1.01;1.19;1.65;2.65;5.2;11.25;4.2;2.15;1.43;1.16;1.74;2.1;5.5;1.14;2.5;1.5;2.3;1.28;1.18;4.9;2.32;2.21;4.33;2.62;1.95;0;0;0;0;1.83;0;0;0;0;1.83;0;0;0;0;0;2.87;12;1.44;9.5;3;0;0;0;0;0;0;0;0;1.3;2.48;6.5;19;3.34;1.5;1.11;1.02;0;0;0;0;4;1;1;0;2;2;2;2018-12-14 19:30:00;537;0;67;28;28;0;1;-1;3;2;2;5;5;7;0;0;0;0;0;0;1;17;30;40;52;0.65;1.91;2.56;-1;-1;-1;-1;-1;-1;-1;1;0;1;0;0;-1;-1;-1;-1;-1;-1;-1;-1;-1;-1;-1;6;39;67;89;95;45;78;89;44;8.89;5.78;1.45;2.95;OH Leuven;KV Mechelen;1.06;1.87;0.89;1.78;1;2.11;95;62;33;11;6;61;50;44;1.59;1.54;3.13;1560;30;Y;Y;Y;Y;N;N;Y
433044;2570;534;2018/2019;complete;3439;3;-1;;;0;0;0;0;4;4;0;0;3;1;0;0;0;5;6;6;6;11;8;19;50;50;3;1;3.3;3.25;2.1;1.06;1.4;2.25;4.2;9.5;7.25;2.75;1.59;1.19;1.05;2.05;1.77;3.5;1.28;2.5;1.5;1.75;1.33;1.33;4.25;2.02;2.8;3.6;2.3;2.5;0;0;0;0;1.83;0;0;0;0;1.83;0;0;0;0;0;2.38;8;1.75;5.5;3.4;0;0;0;0;0;0;0;0;1.47;3.26;10;26;2.57;1.31;1.06;1.01;0;0;0;0;0;0;0;0;0;0;0;2018-12-15 19:30:00;-1;0;29;18;12;0;1;1;0;2;0;2;2;2;1;1;2;0;2;2;1;71;87;150;138;0.91;1.68;2.6;0;0;0;0;0;0;1;1;0;0;0;0;0;0;-1;-1;-1;-1;-1;-1;-1;-1;-1;11;23;29;76;89;29;53;77;41;10.3;2.5;2.05;2.32;AFC Tubize;KVC Westerlo;1.06;1;1.56;1.38;0.83;1.28;89;78;72;25;12;71;65;42;1.25;1.3;2.55;1560;28;N;N;N;N;N;N;N
433045;2568;2573;2018/2019;complete;3439;3;-1;12,26,33;;3;0;3;6;7;13;4;1;0;0;0;0;7;4;9;7;16;11;9;10;55;45;0;0;1.49;4.25;5.55;1.01;1.18;1.59;2.5;0;12;4.45;2.25;1.49;1.18;1.74;2.1;0;0;0;0;0;0;0;0;0;0;0;0;0;0;0;0;0;0;0;0;0;0;0;0;0;0;0;0;0;0;0;0;0;0;0;0;0;0;0;0;0;0;0;0;0;0;0;0;0;0;0;0;0;3;3;0;0;0;0;3;2018-12-22 19:30:00;2568;0;78;33;44;0;1;-1;6;2;0;5;8;5;0;0;0;0;0;0;1;0;0;0;0;1.96;1.4;3.36;-1;-1;-1;-1;-1;-1;-1;1;0;0;2;2;-1;-1;-1;-1;-1;-1;-1;-1;-1;-1;-1;22;50;67;84;100;50;78;89;56;9.33;4.45;1.78;3.34;Beerschot-Wilrijk;Lommel United;2.13;1.18;2.44;1.56;1.84;1.32;78;50;33;17;0;73;62;44;1.44;1.12;2.56;1560;30;Y;Y;Y;N;N;N;N
433046;537;2570;2018/2019;complete;3439;3;-1;7,34,43;41;3;1;4;8;2;10;0;0;0;0;0;0;11;5;12;0;23;5;10;13;64;36;0;0;1.27;5.1;9.75;1.02;1.23;1.74;2.9;0;10.5;3.85;2;1.37;1.13;2.4;1.57;0;0;0;0;0;0;0;0;0;0;0;0;0;0;0;0;0;0;0;0;0;0;0;0;0;0;0;0;0;0;0;0;0;0;0;0;0;0;0;0;0;0;0;0;0;0;0;0;0;0;0;0;0;4;3;1;0;0;0;4;2018-12-22 16:00:00;537;0;56;6;39;0;1;-1;5;0;3;2;5;5;0;0;0;0;0;0;1;0;0;0;0;2.85;0.87;3.72;-1;-1;-1;-1;-1;-1;-1;1;1;0;0;0;-1;-1;-1;-1;-1;-1;-1;-1;-1;-1;-1;22;28;67;78;100;22;67;89;62;9.55;3;1.56;3.06;KV Mechelen;AFC Tubize;2.33;0.59;2.44;0.11;2.16;0.84;78;73;33;22;0;67;62;50;1.8;1.11;2.91;1560;30;Y;Y;Y;Y;N;N;Y
433047;534;690;2018/2019;complete;3439;3;-1;;;0;0;0;7;4;11;2;1;2;2;0;0;3;2;8;2;11;4;21;19;56;44;2;2;1.95;3.4;3.55;1.03;1.28;1.91;3.25;0;9.25;3.4;1.83;1.3;1.1;1.83;2;0;0;0;0;0;0;0;0;0;0;0;0;0;0;0;0;0;0;0;0;0;0;0;0;0;0;0;0;0;0;0;0;0;0;0;0;0;0;0;0;0;0;0;0;0;0;0;0;0;0;0;0;0;0;0;0;0;0;0;0;2018-12-21 19:30:00;-1;0;69;22;47;0;1;1;1;1;6;3;2;9;0;1;2;1;1;3;1;0;0;0;0;1.36;0.7;2.06;0;0;0;0;0;0;1;1;0;0;1;0;0;0;-1;-1;-1;-1;-1;-1;-1;-1;-1;11;43;79;90;100;54;75;84;57;9.71;3.31;1.69;3.22;KVC Westerlo;OH Leuven;1.43;1.41;1.2;1.11;1.26;0.95;90;57;21;11;0;52;52;31;1.48;1.17;2.65;1560;28;N;N;N;N;N;N;N
433048;2569;2572;2018/2019;complete;3439;3;-1;38;56;1;1;2;0;12;12;3;4;4;1;0;1;5;3;2;8;7;11;13;15;45;55;4;2;3.15;3.2;2.2;1.05;1.36;2.1;3.85;0;8;2.95;1.67;1.22;1.06;1.95;1.87;0;0;0;0;0;0;0;0;0;0;0;0;0;0;0;0;0;0;0;0;0;0;0;0;0;0;0;0;0;0;0;0;0;0;0;0;0;0;0;0;0;0;0;0;0;0;0;0;0;0;0;0;0;2;1;0;0;1;1;1;2018-12-23 15:00:00;-1;0;59;22;37;0;1;1;0;6;0;6;6;6;1;0;3;2;1;5;1;0;0;0;0;1.28;1.6;2.88;0;0;0;0;0;0;1;1;0;0;0;3;0;0;-1;-1;-1;-1;-1;-1;-1;-1;-1;0;32;54;79;95;37;69;74;53;10.63;3.88;2.51;2.59;SV Roeselare;Union Saint-Gilloise;1.29;1.43;1.44;1.6;1.05;1.68;100;68;47;21;6;67;62;47;1.58;1.33;2.91;1560;28;Y;Y;N;N;N;N;Y
433049;690;2570;2018/2019;complete;3439;4;-1;;11,42;0;2;2;5;2;7;2;3;4;3;1;0;6;5;14;12;20;17;22;18;55;45;6;3;1.69;3.75;4.4;1.02;1.24;1.77;2.95;5.25;10;3.75;1.95;1.36;1.12;1.8;2.05;2.5;1.45;5.5;1.14;1.22;1.28;1.97;2.4;2.1;4.33;2.1;2.45;4.2;0;0;0;0;1.83;0;0;0;0;1.83;0;0;0;0;0;1.57;11;2.5;2.85;6.35;0;0;0;0;0;0;0;0;1.36;2.62;6.5;15;3;1.44;1.1;1.02;0;0;0;0;2;0;2;0;0;0;2;2019-01-13 19:00:00;2570;0;80;35;30;0;1;1;3;0;2;2;3;4;1;1;4;2;2;6;1;75;49;152;96;2.23;1.78;4.01;0;0;0;0;0;0;1;1;0;0;0;0;0;0;-1;-1;-1;-1;-1;-1;-1;-1;-1;20;50;70;85;100;45;85;90;55;8.8;3.7;1.6;3.35;OH Leuven;AFC Tubize;1.06;0.59;0.8;0.1;0.95;0.8;80;50;30;15;0;70;60;50;1.49;1.09;2.58;1560;34;Y;Y;N;N;N;N;N
433050;2569;2568;2018/2019;complete;3439;4;-1;65;35,44;1;2;3;3;6;9;2;1;0;0;0;0;4;9;4;10;8;19;6;16;45;55;0;0;3.55;3.5;1.91;1.03;1.28;1.91;3.25;5.75;9.25;3.4;1.83;1.3;1.1;1.83;2;4.15;1.18;2.62;1.44;1.64;1.32;1.36;3.9;2.13;2.77;3.3;2.25;2.62;0;0;0;0;0;1.9;0;0;0;0;1.8;0;0;0;0;2.2;9;1.8;5.5;3;0;0;0;0;0;0;0;0;1.44;2.78;7;17;2.62;1.41;1.08;1.01;0;0;0;0;3;0;2;1;0;1;2;2019-01-12 19:00:00;2568;0;75;25;25;0;1;-1;2;6;1;0;8;1;0;0;0;0;0;0;1;59;96;116;137;1.22;2.52;3.74;-1;-1;-1;-1;-1;-1;-1;1;0;0;0;0;-1;-1;-1;-1;-1;-1;-1;-1;-1;-1;-1;5;25;60;90;95;40;75;90;45;9.7;4.8;2.6;2.8;SV Roeselare;Beerschot-Wilrijk;1.29;1.53;1.4;1.3;1.05;1.9;95;75;40;10;5;60;55;45;1.55;1.32;2.87;1560;30;Y;Y;Y;N;N;N;Y
433051;2573;534;2018/2019;complete;3439;4;-1;18,37;51;2;1;3;7;7;14;1;1;0;3;0;0;6;5;3;4;9;9;17;13;49;51;0;3;3;3.05;2.35;1.06;1.38;2.15;4;0;7.75;2.85;1.62;1.21;1.05;1.95;1.83;0;0;0;0;0;0;0;0;0;0;0;0;0;0;0;0;0;0;0;0;0;0;0;0;0;0;0;0;0;0;0;0;0;0;0;0;0;0;0;0;0;0;0;0;0;0;0;0;0;0;0;0;0;3;2;0;0;1;1;2;2019-01-11 19:30:00;2573;0;31;6;16;0;1;1;4;3;3;4;7;7;0;1;0;2;1;2;1;62;85;119;132;1.45;1.54;2.99;0;0;0;0;0;0;1;1;0;0;1;0;0;0;-1;-1;-1;-1;-1;-1;-1;-1;-1;0;16;26;58;89;21;47;74;32;12.14;3.53;1.73;1.88;Lommel United;KVC Westerlo;1.06;1;1.1;1.33;1.25;1.25;100;85;75;42;11;79;73;57;1.45;1.35;2.8;1560;28;Y;Y;Y;N;N;N;Y
433052;2572;537;2018/2019;complete;3439;4;-1;11;4,60;1;2;3;8;2;10;3;1;3;3;1;0;5;7;5;8;10;15;14;12;60;40;5;3;3.75;3.25;1.95;1.05;1.34;2.05;3.7;5.75;8.25;3.05;1.69;1.24;1.07;1.95;1.87;3.95;1.2;2.37;1.53;1.82;1.3;1.28;4.3;2.11;2.63;3.6;2.3;2.4;0;0;0;0;1.83;0;0;0;0;1.83;0;0;0;0;0;2.3;9.5;1.7;5.45;2.85;0;0;0;0;0;0;0;0;1.4;2.86;7;17;2.75;1.39;1.08;1.01;0;0;0;0;3;1;1;0;1;1;2;2019-01-13 15:00:00;537;0;53;16;26;0;1;1;4;1;4;1;5;5;2;2;2;1;4;3;1;61;47;133;103;1.44;1.78;3.22;0;0;0;0;0;0;1;1;0;1;2;0;0;0;-1;-1;-1;-1;-1;-1;-1;-1;-1;6;31;52;85;90;26;58;85;53;10.29;6.34;1.5;2.62;Union Saint-Gilloise;KV Mechelen;1.79;1.87;1.78;1.9;1.65;2.2;95;69;49;16;11;53;47;42;1.18;1.57;2.75;1560;28;Y;Y;Y;N;N;N;Y
433053;2572;690;2018/2019;complete;3439;4;-1;32,82;28;2;1;3;8;2;10;3;3;0;3;0;0;11;4;8;1;19;5;13;18;61;39;0;3;1.71;3.65;4.35;1.03;1.29;1.91;3.3;6.75;9;3.35;1.83;1.29;1.09;1.91;1.91;2.35;1.54;5;1.16;1.14;1.21;2;2.23;2.27;5.05;2;2.6;4.5;0;0;0;0;1.83;0;0;0;0;1.83;0;0;0;0;0;1.47;9.25;2.87;2.7;6.5;0;0;0;0;0;0;0;0;1.34;2.7;7;21;3.1;1.43;1.1;1.01;0;0;0;0;3;1;1;1;0;1;2;2019-01-20 15:00:00;2572;0;60;25;25;0;1;1;4;2;4;0;6;4;0;1;0;2;1;2;1;115;67;117;98;2.79;1.09;3.88;0;0;0;0;0;0;1;1;0;0;0;0;0;0;-1;-1;-1;-1;-1;-1;-1;-1;-1;10;35;55;85;90;45;75;80;45;10.2;5.4;2.4;2.75;Union Saint-Gilloise;OH Leuven;1.79;1.41;1.6;1.1;1.57;0.9;90;65;45;15;10;55;50;30;1.21;1.12;2.33;1560;28;Y;Y;Y;N;N;N;Y
433054;2568;534;2018/2019;complete;3439;4;-1;5;23;1;1;2;7;3;10;3;1;2;2;0;0;7;6;10;9;17;15;16;13;59;41;2;2;1.56;3.95;5.15;1.04;1.32;2;3.55;0;8.5;3.15;1.74;1.26;1.08;2.05;1.77;0;0;0;0;0;0;0;0;0;0;0;0;0;0;0;0;0;0;0;0;0;0;0;0;0;0;0;0;0;0;0;0;0;0;0;0;0;0;0;0;0;0;0;0;0;0;0;0;0;0;0;0;0;2;1;1;0;0;0;2;2019-01-19 19:30:00;-1;0;45;20;25;0;1;1;4;3;3;0;7;3;0;0;2;2;0;4;1;0;0;0;0;2.14;1.72;3.86;0;0;0;0;0;0;1;1;1;0;1;0;0;0;-1;-1;-1;-1;-1;-1;-1;-1;-1;10;25;40;65;90;40;60;70;35;10.8;4;2;2.4;Beerschot-Wilrijk;KVC Westerlo;2.13;1;2.5;1.2;1.95;1.19;90;75;60;35;10;75;65;50;1.49;1.37;2.86;1560;28;Y;Y;N;N;N;N;Y
433055;2570;2573;2018/2019;complete;3439;4;-1;;;0;0;0;2;8;10;2;1;0;0;0;0;2;5;4;8;6;13;14;10;44;56;0;0;2.95;3.3;2.25;1.04;1.32;2;3.6;8;8.5;3.1;1.71;1.25;1.07;1.87;1.95;3.5;1.28;3;1.36;1.66;1.34;1.36;3.6;2.1;3.1;3.1;2.4;2.62;0;0;0;0;1.74;0;0;0;0;2;0;0;0;0;0;2.25;9.5;1.8;5;4;0;0;0;0;0;0;0;0;1.44;3;9;23;2.62;1.36;1.07;1.01;0;0;0;0;0;0;0;0;0;0;0;2019-01-19 16:00:00;-1;0;55;25;25;0;1;-1;2;3;0;5;5;5;0;0;0;0;0;0;1;46;95;100;107;0.86;1.85;2.72;0;0;0;0;0;0;1;1;0;0;0;1;-1;-1;-1;-1;-1;-1;-1;-1;-1;-1;-1;20;40;60;90;90;45;70;80;50;8.7;2.7;2;3.05;AFC Tubize;Lommel United;1.06;1.18;1.5;1.4;0.9;1.33;80;60;40;10;10;65;60;40;1.21;1.15;2.36;1560;34;N;N;N;N;N;N;N
433056;537;2569;2018/2019;complete;3439;4;-1;8,42;34,86;2;2;4;11;5;16;1;0;0;0;0;0;4;3;3;2;7;5;12;14;45;55;0;0;1.25;5.25;10.5;1.01;1.2;1.67;2.65;4.5;11.25;4.15;2.1;1.43;1.15;2.25;1.65;1.71;2.1;11;1.05;1.03;1.14;3.86;1.63;2.69;9.8;1.44;3.3;8;0;0;0;1.9;0;2;0;0;1.92;0;1.72;0;0;0;0;1.2;11.75;5.5;1.83;21;0;0;0;0;0;0;0;0;1.29;2.38;6;12;3.25;1.53;1.11;1.02;0;0;0;0;4;2;1;0;1;1;3;2019-01-18 19:30:00;-1;0;45;15;25;0;1;-1;2;4;9;1;6;10;0;0;0;0;0;0;1;73;58;113;114;1.26;0.96;2.22;-1;-1;-1;-1;-1;-1;-1;1;1;0;0;0;-1;-1;-1;-1;-1;-1;-1;-1;-1;-1;-1;10;20;60;85;95;30;60;85;50;10.3;3.4;1.4;2.7;KV Mechelen;SV Roeselare;2.33;1.12;2.5;0.7;2.24;1;90;80;40;15;5;90;80;45;1.91;1.1;3.01;1560;30;Y;Y;Y;Y;N;N;Y
433057;2568;537;2018/2019;complete;3439;5;-1;;;0;0;0;5;7;12;1;1;3;3;0;2;4;2;10;5;14;7;14;20;54;46;3;6;3.05;3.2;2.2;1.03;1.27;1.87;3.2;6.75;9.25;3.45;1.87;1.31;1.1;1.74;2.1;3.75;1.2;3.25;1.33;1.57;1.27;1.28;3.74;2.12;2.88;3.3;2.4;2.5;0;0;0;0;1.72;2.1;0;0;0;2;1.66;0;0;0;0;2.2;9.5;1.83;5.05;3.7;0;0;0;0;0;0;0;0;1.33;2.63;7;15;3.15;1.45;1.07;1.01;0;0;0;0;0;0;0;0;0;0;0;2019-01-26 19:30:00;-1;0;60;32;32;0;1;1;2;4;3;3;6;6;1;2;2;3;3;5;1;63;56;92;92;1.62;0.99;2.61;0;0;0;0;0;0;1;1;0;0;0;2;0;0;-1;-1;-1;-1;-1;-1;-1;-1;-1;9;36;64;78;96;55;73;73;41;9.54;5.46;1.37;2.91;Beerschot-Wilrijk;KV Mechelen;2.13;1.87;2.36;2;1.91;2.18;91;64;36;23;5;69;64;45;1.55;1.59;3.14;1560;30;N;N;N;N;N;N;N
433058;2569;2570;2018/2019;complete;3439;5;-1;;79;0;1;1;7;1;8;3;1;0;0;0;0;3;4;9;2;12;6;16;16;61;39;0;0;2;3.2;3.75;1.04;1.33;2.05;3.65;0;8.25;3.1;1.71;1.25;1.07;1.91;1.91;0;0;0;0;0;0;0;0;0;0;0;0;0;0;0;0;0;0;0;0;0;0;0;0;0;0;0;0;0;0;0;0;0;0;0;0;0;0;0;0;0;0;0;0;0;0;0;0;0;0;0;0;0;1;0;0;0;1;1;0;2019-01-25 19:30:00;2570;0;69;23;32;0;1;-1;5;1;2;0;6;2;0;0;0;0;0;0;1;0;0;0;0;1.63;0.91;2.54;-1;-1;-1;-1;-1;-1;-1;1;0;0;1;0;-1;-1;-1;-1;-1;-1;-1;-1;-1;-1;-1;14;41;64;78;96;41;73;78;50;8.46;3;2.27;3;SV Roeselare;AFC Tubize;1.29;0.59;1.27;0.36;1;0.91;87;60;36;23;5;55;50;45;1.52;1.15;2.67;1560;34;Y;N;N;N;N;N;N
433059;2573;690;2018/2019;complete;3439;5;-1;23,87;32,68,88;2;3;5;5;4;9;2;0;3;2;0;0;5;7;4;5;9;12;16;13;55;45;3;2;2.2;3.2;3.1;1.03;1.25;1.8;3.05;6.5;9.75;3.65;1.91;1.34;1.11;1.69;2.2;3;1.3;4;1.22;1.29;1.26;1.57;2.8;2.15;3.78;2.5;2.5;3.2;0;0;0;0;0;2.1;0;0;0;0;1.66;0;0;0;0;1.83;10;2.1;3.75;5.05;0;0;0;0;0;0;0;0;1.32;2.6;6.5;13;3.2;1.46;1.08;1.01;0;0;0;0;5;1;1;1;2;3;2;2019-01-27 15:00:00;690;0;55;18;23;0;1;1;3;1;2;3;4;5;1;2;2;0;3;2;1;71;51;100;74;1.44;1.61;3.05;0;0;0;0;0;0;1;1;0;0;0;0;0;0;-1;-1;-1;-1;-1;-1;-1;-1;-1;5;32;59;73;96;55;78;78;32;10.64;4.18;1.54;2.64;Lommel United;OH Leuven;1.06;1.41;1.27;1;1.32;0.86;96;69;41;27;5;73;73;50;1.45;1.12;2.57;1560;34;Y;Y;Y;Y;Y;N;Y
433060;534;2572;2018/2019;complete;3439;5;-1;33,67;;2;0;2;3;9;12;4;2;2;3;0;0;5;3;6;9;11;12;14;12;42;58;2;3;2.85;3.05;2.45;1.07;1.43;2.35;4.5;10;7;2.65;1.54;1.17;1.04;2.1;1.77;2.7;1.36;2.75;1.4;1.41;1.29;1.39;3.48;1.95;3.48;3.1;2.25;3;0;0;0;0;1.9;0;0;0;0;1.8;0;0;0;0;0;2;7.5;2;3.85;3.75;0;0;0;0;0;0;0;0;1.48;3.26;8.5;34;2.54;1.31;1.05;1;0;0;0;0;2;1;0;1;0;1;1;2019-01-26 16:00:00;534;0;60;9;46;0;1;1;1;4;2;5;5;7;1;1;1;2;2;3;1;55;102;102;178;1.45;1.72;3.17;0;0;0;0;0;0;1;1;0;0;0;0;0;0;-1;-1;-1;-1;-1;-1;-1;-1;-1;5;23;55;82;96;27;59;78;55;11.64;3.54;2.36;2.59;KVC Westerlo;Union Saint-Gilloise;1.43;1.43;1.18;1.55;1.18;1.64;96;78;46;18;5;78;73;50;1.47;1.36;2.83;1560;28;Y;Y;N;N;N;N;N
433061;537;534;2018/2019;complete;3439;5;-1;27,75,85;;3;0;3;6;4;10;1;0;0;0;0;0;6;2;8;6;14;8;10;16;53;47;0;0;1.57;3.65;5.6;1.04;1.29;1.95;3.35;7;9;3.3;1.8;1.29;1.09;1.91;1.8;2.2;1.61;5.5;1.14;1.14;1.27;2.26;2.15;2.22;5.85;1.75;2.63;6.25;0;0;0;0;1.83;0;0;0;0;1.83;0;0;0;0;0;1.44;10;3.2;2.5;9;0;0;0;0;0;0;0;0;1.36;2.78;7.5;15;2.99;1.41;1.07;1.01;0;0;0;0;3;1;0;2;0;2;1;2019-02-02 19:30:00;537;0;46;18;18;0;1;-1;2;1;4;3;3;7;0;0;0;0;0;0;1;71;44;136;117;1.83;0.98;2.8;-1;-1;-1;-1;-1;-1;-1;1;0;0;0;1;-1;-1;-1;-1;-1;-1;-1;-1;-1;-1;-1;5;18;46;78;91;32;59;73;36;11.45;3;2.1;2.37;KV Mechelen;KVC Westerlo;2.33;1;2.36;1.18;2.13;1.26;96;82;55;23;9;78;69;45;1.85;1.4;3.25;1560;28;Y;Y;Y;N;N;N;N
433062;2572;2573;2018/2019;complete;3439;5;-1;88;;1;0;1;6;4;10;6;2;2;4;0;1;4;0;8;2;12;2;12;11;66;34;2;6;1.82;3.56;4.5;1.05;1.3;2.07;3.55;8;10.5;3.26;1.81;1.26;1.08;1.94;1.79;2.2;1.54;4.5;1.18;1.21;1.3;1.99;2.38;2.14;5;2.1;2.45;4.5;0;0;0;0;1.66;0;0;0;0;2.1;0;0;0;0;0;1.53;9;2.8;2.9;6.5;0;0;0;0;0;0;0;0;1.38;2.86;8;17;2.9;1.39;1.06;1.01;0;0;0;0;1;0;0;1;0;1;0;2019-02-06 18:30:00;2572;0;69;27;27;0;1;1;1;3;5;1;4;6;1;2;1;3;3;4;1;110;61;135;93;1.83;0.58;2.41;0;0;0;0;0;0;1;1;0;0;1;0;0;1;-1;-1;-1;-1;-1;-1;-1;-1;-1;14;32;59;91;91;36;69;87;50;11.09;5.09;2.27;2.87;Union Saint-Gilloise;Lommel United;1.79;1.18;1.73;1.36;1.57;1.26;87;69;41;9;9;69;60;36;1.35;1.21;2.56;1560;28;Y;N;N;N;N;N;N
433063;690;2569;2018/2019;complete;3439;5;-1;;90;0;1;1;2;4;6;2;1;0;0;0;0;4;3;7;5;11;8;18;12;41;59;0;0;2.15;3.5;3;1.02;1.24;1.77;2.95;6.4;10;3.75;1.95;1.36;1.12;1.67;2.1;2.75;1.4;4.5;1.18;1.25;1.21;1.74;2.52;2.27;4;2.38;2.55;3.45;0;0;0;0;0;2.1;0;0;0;0;1.66;0;0;0;0;1.67;10;2.4;3.4;6;0;0;0;0;0;0;0;0;1.32;2.6;7;13;3.2;1.46;1.08;1.01;0;0;0;0;1;0;0;0;1;1;0;2019-02-01 19:30:00;2569;0;64;36;18;0;1;-1;2;1;0;3;3;3;0;0;0;0;0;0;1;64;54;111;133;1.44;1.12;2.57;-1;-1;-1;-1;-1;-1;-1;1;0;0;0;0;-1;-1;-1;-1;-1;-1;-1;-1;-1;-1;-1;9;36;60;91;96;50;78;91;45;9.55;4.18;2;2.91;OH Leuven;SV Roeselare;1.06;1.12;0.73;0.73;0.96;0.96;91;64;41;9;5;87;73;50;1.56;1.09;2.65;1560;34;Y;N;N;N;N;N;N
433064;2570;2568;2018/2019;complete;3439;5;-1;30;26,54,89;1;3;4;1;6;7;3;3;0;0;0;0;9;4;5;5;14;9;11;12;48;52;0;0;4.9;3.9;1.61;1.03;1.27;1.87;3.15;6.25;9.5;3.5;1.87;1.32;1.1;1.91;1.83;4.7;1.13;2.2;1.61;2.28;1.24;1.16;5.45;2.3;2.13;4.75;2.63;1.93;0;0;0;0;1.72;0;0;0;0;2;0;0;0;0;0;2.8;10;1.53;8.5;2.45;0;0;0;0;0;0;0;0;1.34;2.7;7;13;3.1;1.43;1.08;1.01;0;0;0;0;4;1;1;0;2;2;2;2019-02-03 15:00:00;2568;0;55;18;14;0;1;-1;0;3;1;3;3;4;0;0;0;0;0;0;1;50;72;122;129;1.88;1.38;3.27;-1;-1;-1;-1;-1;-1;-1;1;0;0;0;0;-1;-1;-1;-1;-1;-1;-1;-1;-1;-1;-1;14;18;50;87;87;41;69;82;36;9;3.73;1.91;2.64;AFC Tubize;Beerschot-Wilrijk;1.06;1.53;1.45;1.45;1;1.87;87;82;50;14;14;69;60;32;1.18;1.43;2.61;1560;30;Y;Y;Y;Y;N;N;Y
433065;2569;2573;2018/2019;complete;3439;6;-1;8,56,83,90;44,58;4;2;6;4;6;10;0;1;2;2;0;0;12;5;7;6;19;11;12;12;51;49;2;2;2.05;3.2;3.4;1.06;1.38;2.2;4.05;9;7.5;2.85;1.62;1.2;1.05;1.95;1.77;2.62;1.44;3.5;1.28;1.26;1.28;1.59;2.83;1.99;3.8;2.6;2.3;3.4;0;0;0;0;0;1.83;0;0;0;0;1.83;0;0;0;0;1.72;7.5;2.4;3.5;5.5;0;0;0;0;0;0;0;0;1.5;3.25;10;26;2.5;1.33;1.06;1.01;0;0;0;0;6;1;1;3;1;4;2;2019-02-09 16:00:00;2569;0;67;25;29;0;1;1;1;4;3;2;5;5;0;1;2;1;1;3;1;63;52;105;96;2.49;1.42;3.92;0;0;0;0;0;0;1;1;1;0;0;0;0;1;-1;-1;-1;-1;-1;-1;-1;-1;-1;9;38;63;79;92;42;67;83;46;9.58;3.75;2.59;2.79;SV Roeselare;Lommel United;1.29;1.18;1.17;1.25;1.04;1.21;92;63;38;21;8;63;55;42;1.53;1.16;2.69;1560;34;Y;Y;Y;Y;Y;Y;Y
433066;534;2570;2018/2019;complete;3439;6;-1;80;;1;0;1;8;3;11;1;1;0;0;0;0;4;0;5;3;9;3;14;15;57;43;0;0;1.67;3.55;4.9;1.05;1.36;2.1;3.85;9;8;2.95;1.67;1.22;1.06;2.05;1.69;2.1;1.66;4.5;1.18;1.13;1.25;1.95;2.6;1.85;5;2.1;2.25;4.8;0;0;0;0;1.9;0;0;0;0;1.8;0;0;0;0;0;1.5;8.5;3.1;2.6;7.5;0;0;0;0;0;0;0;0;1.38;3.15;9;34;2.75;1.3;1.05;1;0;0;0;0;1;0;0;1;0;1;0;2019-02-08 19:30:00;534;0;58;13;42;0;1;-1;5;2;3;1;7;4;0;0;0;0;0;0;1;68;36;112;78;1.35;0.46;1.81;-1;-1;-1;-1;-1;-1;-1;1;0;0;1;0;-1;-1;-1;-1;-1;-1;-1;-1;-1;-1;-1;17;34;63;75;96;29;59;79;54;9.08;2.58;1.92;2.92;KVC Westerlo;AFC Tubize;1.43;0.59;1.33;0.58;1.21;0.96;84;67;38;25;4;59;59;46;1.47;1.13;2.6;1560;28;Y;N;N;N;N;N;N
433067;537;690;2018/2019;complete;3439;6;-1;35,84;24;2;1;3;11;0;11;3;2;1;4;0;1;11;5;18;6;29;11;15;19;61;39;1;6;1.35;4.55;7.5;1.01;1.19;1.65;2.6;4.5;11.5;4.25;2.15;1.44;1.16;1.87;1.87;2.2;1.61;7;1.1;1.04;1.15;2.65;1.87;2.39;6;1.72;2.87;5.5;0;0;0;0;1.83;0;0;0;0;1.83;0;0;0;0;0;1.3;15;3.5;2.5;12;0;0;0;0;0;0;0;0;1.3;2.57;6;17;3.4;1.5;1.12;1.02;0;0;0;0;3;1;1;1;0;1;2;2019-02-09 19:30:00;537;0;59;30;29;0;1;1;7;0;4;0;7;4;0;1;1;4;1;5;1;85;44;140;86;3.21;1.37;4.57;0;0;0;0;0;0;1;1;0;0;1;0;0;0;-1;-1;-1;-1;-1;-1;-1;-1;-1;13;38;75;88;96;54;84;79;46;10;3.59;1.75;3.09;KV Mechelen;OH Leuven;2.33;1.41;2.42;1.17;2.17;0.92;88;63;25;13;4;71;63;34;1.85;1.16;3.01;1560;30;Y;Y;Y;N;N;N;Y
433068;2568;2572;2018/2019;complete;3439;6;-1;57,73,90;48;3;1;4;3;5;8;4;2;2;3;0;0;4;7;3;6;7;13;14;13;47;53;2;3;1.87;3.55;3.75;1.02;1.23;1.74;2.9;5.5;10.5;3.85;2;1.37;1.13;1.67;2.1;2.75;1.4;4.5;1.18;1.2;1.22;1.83;2.47;2.18;3.9;2.2;2.6;3.75;0;0;0;0;1.72;0;0;0;0;2;0;0;0;0;0;1.53;13;2.5;3.4;7;0;0;0;0;0;0;0;0;1.36;2.85;7;19;3.02;1.4;1.1;1.02;0;0;0;0;4;0;0;3;1;4;0;2019-02-10 15:00:00;2568;0;54;21;33;0;1;1;1;4;2;1;5;3;0;2;2;1;2;3;1;72;85;93;101;1.25;1.92;3.17;0;0;0;0;0;0;1;1;0;0;0;0;0;0;-1;-1;-1;-1;-1;-1;-1;-1;-1;9;25;42;75;96;42;75;67;38;11.5;4.83;2.41;2.54;Beerschot-Wilrijk;Union Saint-Gilloise;2.13;1.43;2.25;1.42;1.92;1.63;92;75;59;25;4;88;79;54;1.56;1.39;2.95;1560;28;Y;Y;Y;Y;N;N;Y
433069;690;534;2018/2019;complete;3439;6;-1;55,57,78;;3;0;3;1;5;6;0;0;2;2;0;0;6;6;5;8;11;14;11;11;38;62;2;2;2.05;3.6;3.1;1.03;1.26;1.83;3.1;7.5;9.5;3.55;1.87;1.32;1.11;1.74;2;3;1.3;3.4;1.3;1.4;1.25;1.44;3;1.91;3.7;2.8;2.25;3.1;0;0;0;0;1.83;0;0;0;0;1.83;0;0;0;0;0;1.83;9.5;2.1;3.7;4.8;0;0;0;0;0;0;0;0;1.35;2.95;8;15;2.95;1.33;1.06;1.01;0;0;0;0;3;0;0;3;0;3;0;2019-02-16 16:00:00;690;0;54;30;13;0;1;1;1;1;0;4;2;4;1;0;1;2;1;3;1;38;83;94;126;1.4;1.91;3.3;0;0;0;0;0;0;1;1;0;0;1;1;0;0;-1;-1;-1;-1;-1;-1;-1;-1;-1;4;25;42;80;92;42;71;80;38;9.83;3.84;2.59;2.42;OH Leuven;KVC Westerlo;1.06;1;0.67;1.08;0.88;1.28;96;75;59;21;9;71;59;42;1.55;1.36;2.91;1560;28;Y;Y;Y;N;N;N;N
433070;2570;537;2018/2019;complete;3439;6;-1;;33,45,61;0;3;3;5;9;14;1;2;0;0;0;0;4;8;7;9;11;17;1;14;47;53;0;0;6.25;4.1;1.45;1.03;1.25;1.83;3.1;5.75;9.75;3.6;1.91;1.33;1.11;2;1.77;5.4;1.1;1.9;1.8;2.76;1.21;1.09;5.5;2.25;2;6.5;2.5;1.75;0;0;0;0;1.83;0;0;0;0;1.83;0;0;0;0;0;3.2;11;1.4;10;2.2;0;0;0;0;0;0;0;0;1.28;2.7;6.5;13;3.25;1.43;1.09;1.01;0;0;0;0;3;0;2;0;1;1;2;2019-02-15 19:30:00;537;0;42;25;17;0;1;-1;4;4;1;5;8;6;0;0;0;0;0;0;1;49;87;124;138;1.34;2.26;3.61;-1;-1;-1;-1;-1;-1;-1;1;0;0;1;1;-1;-1;-1;-1;-1;-1;-1;-1;-1;-1;-1;9;33;55;75;79;42;58;71;42;8.17;3.75;1.92;2.54;AFC Tubize;KV Mechelen;1.06;1.87;1.33;1.92;0.92;2.2;92;67;46;25;21;58;58;38;1.24;1.54;2.78;1560;30;Y;Y;Y;N;N;N;N
433071;2572;2569;2018/2019;complete;3439;6;-1;65;52,60;1;2;3;7;6;13;1;5;2;4;0;0;6;4;15;8;21;12;10;9;56;44;2;4;1.83;3.55;3.8;1.05;1.34;2.05;3.75;8.5;8.25;3.05;1.69;1.24;1.07;1.95;1.77;2.2;1.54;4;1.22;1.19;1.23;1.8;2.5;1.95;4.75;2.3;2.2;4.33;0;0;0;0;1.72;0;0;0;0;2;0;0;0;0;0;1.53;8.5;2.88;2.88;6.5;0;0;0;0;0;0;0;0;1.37;3.15;9;21;2.85;1.3;1.05;1;0;0;0;0;3;0;0;1;2;3;0;2019-02-16 19:30:00;2569;0;50;25;17;0;1;1;2;5;5;1;7;6;1;1;1;3;2;4;1;73;61;133;114;2.27;1.49;3.76;0;0;0;0;0;0;1;1;0;0;0;0;0;0;-1;-1;-1;-1;-1;-1;-1;-1;-1;8;21;46;79;92;29;54;92;42;10.92;5;2;2.46;Union Saint-Gilloise;SV Roeselare;1.79;1.12;1.83;0.92;1.56;1.12;92;79;54;21;8;80;71;38;1.39;1.09;2.48;1560;28;Y;Y;Y;N;N;N;Y
433072;2573;2568;2018/2019;complete;3439;6;-1;;23,72;0;2;2;6;0;6;2;5;2;3;1;1;7;5;3;7;10;12;17;19;56;44;4;5;3.6;3.65;1.87;1.01;1.19;1.62;2.55;5.1;11.5;4.3;2.15;1.45;1.17;1.59;2.25;4.75;1.13;3;1.36;1.87;1.2;1.19;3.9;2.05;2.6;3.9;2.4;2.2;0;0;0;0;0;2;0;0;0;0;1.72;0;0;0;0;2.3;10;1.67;6.5;3.3;0;0;0;0;0;0;0;0;1.26;2.48;6.1;13;3.45;1.48;1.1;1.01;0;0;0;0;2;0;1;0;1;1;1;2019-02-17 15:00:00;2568;0;67;17;21;0;1;1;3;0;3;0;3;3;0;1;3;3;1;6;1;78;40;108;83;1.69;1.4;3.09;0;1;0;1;0;0;1;1;0;0;2;0;0;0;-1;-1;-1;-1;-1;-1;-1;-1;-1;8;21;59;84;100;46;75;92;38;11.66;4.83;1.58;2.75;Lommel United;Beerschot-Wilrijk;1.06;1.53;1.17;1.58;1.16;1.96;92;79;42;17;0;80;67;50;1.45;1.42;2.87;1560;30;Y;Y;N;N;N;N;N
433073;2568;2569;2018/2019;complete;3439;7;-1;73;84;1;1;2;5;7;12;2;3;3;2;0;0;7;4;3;5;10;9;14;10;44;56;3;2;1.57;3.85;5.3;1.03;1.25;1.83;3.1;6;9.75;3.6;1.91;1.33;1.11;1.87;1.83;2.25;1.57;5.5;1.14;1.1;1.19;2.2;2.2;2.3;5.5;1.87;2.63;5.1;0;0;0;0;0;1.95;0;0;0;0;1.69;0;0;0;0;1.4;11;3.1;2.62;9.5;0;0;0;0;0;0;0;0;1.3;2.7;7;21;3.15;1.4;1.08;1.01;0;0;0;0;2;0;0;1;1;2;0;2019-02-23 16:00:00;-1;0;54;27;31;0;1;1;1;5;4;2;6;6;0;0;3;2;0;5;1;30;34;60;65;1.34;1.1;2.43;0;0;0;0;0;0;1;1;0;0;0;1;0;0;-1;-1;-1;-1;-1;-1;-1;-1;-1;12;31;54;73;92;43;58;77;42;9.92;4.38;1.84;2.7;Beerschot-Wilrijk;SV Roeselare;2.13;1.12;2.31;1.08;2;1.19;89;70;46;27;8;85;77;50;1.53;1.12;2.65;1560;30;Y;Y;N;N;N;N;Y
433074;534;2573;2018/2019;complete;3439;7;-1;33,74;45,90;2;2;4;12;3;15;2;0;0;0;0;0;4;4;7;6;11;10;18;10;57;43;0;0;1.8;3.3;4.35;1.05;1.34;2.05;3.75;8.5;8.25;3.05;1.69;1.24;1.07;1.95;1.77;2.2;1.61;4.33;1.2;1.12;1.22;2;2.32;2.14;5.3;2.16;2.38;4.5;0;0;0;0;1.69;0;0;0;0;1.95;0;0;0;0;0;1.5;8.5;3;2.75;7.5;0;0;0;0;0;0;0;0;1.39;2.94;9;26;2.86;1.37;1.05;1.01;0;0;0;0;4;1;1;1;1;2;2;2019-02-22 19:30:00;-1;0;62;20;42;0;1;-1;7;2;5;1;9;6;0;0;0;0;0;0;1;77;37;107;82;1.53;1.18;2.72;-1;-1;-1;-1;-1;-1;-1;1;0;0;3;0;-1;-1;-1;-1;-1;-1;-1;-1;-1;-1;-1;16;35;66;81;92;35;58;85;54;10.54;3.15;2.38;2.93;KVC Westerlo;Lommel United;1.43;1.18;1.46;1.15;1.23;1.12;85;66;35;19;8;73;69;46;1.46;1.18;2.64;1560;28;Y;Y;Y;Y;N;N;Y
433075;537;2572;2018/2019;complete;3439;7;-1;;5,8,59,69,71;0;5;5;2;7;9;3;3;0;4;0;0;5;7;4;2;9;9;13;19;60;40;0;4;1.56;3.75;5.55;1.02;1.23;1.77;2.9;5.5;10.25;3.8;2;1.36;1.12;1.8;1.91;2.37;1.53;6;1.12;1.09;1.21;2.15;2.2;2.3;5.5;1.84;2.7;5.1;0;0;0;0;1.8;0;0;0;0;1.83;0;0;0;0;0;1.44;12;3;2.75;10;0;0;0;0;0;0;0;0;1.29;2.6;6.5;19;3.2;1.44;1.09;1.02;0;0;0;0;5;0;2;0;3;3;2;2019-02-23 19:30:00;2572;0;54;16;31;0;1;1;0;6;2;1;6;3;0;3;0;1;3;1;1;102;69;139;89;1.66;1.56;3.22;0;1;0;1;0;0;1;1;0;2;0;0;0;0;-1;-1;-1;-1;-1;-1;-1;-1;-1;4;23;58;89;100;31;73;81;46;12.54;4;2.23;2.73;KV Mechelen;Union Saint-Gilloise;2.33;1.43;2.46;1.31;2.23;1.5;96;77;43;12;0;85;77;50;1.96;1.44;3.4;1560;28;Y;Y;Y;Y;Y;N;N
433076;2570;690;2018/2019;complete;3439;7;-1;42;11,58,76;1;3;4;5;6;11;0;4;0;0;0;0;5;8;4;7;9;15;13;13;49;51;0;0;3.4;3.4;2;1.03;1.28;1.91;3.25;0;9.25;3.4;1.83;1.3;1.1;1.77;2;0;0;0;0;0;0;0;0;0;0;0;0;0;0;0;0;0;0;0;0;0;0;0;0;0;0;0;0;0;0;0;0;0;0;0;0;0;0;0;0;0;0;0;0;0;0;0;0;0;0;0;0;0;4;1;1;0;2;2;2;2019-02-24 15:00:00;690;0;50;35;20;0;1;-1;2;3;3;3;5;6;0;0;0;0;0;0;1;0;0;0;0;1.4;2.05;3.44;-1;-1;-1;-1;-1;-1;-1;1;0;0;0;1;-1;-1;-1;-1;-1;-1;-1;-1;-1;-1;-1;15;39;62;81;85;62;77;73;38;7.47;3.07;2.31;2.85;AFC Tubize;OH Leuven;1.06;1.41;1.23;1.08;0.88;0.96;85;62;39;19;16;62;58;31;1.25;1.18;2.43;1560;34;Y;Y;Y;Y;N;N;Y
433077;690;2568;2018/2019;complete;3439;7;-1;68,72;52,77;2;2;4;3;11;14;2;3;0;0;0;0;6;9;9;5;15;14;21;20;45;55;0;0;3.35;3.55;1.95;1.01;1.19;1.65;2.6;5.1;11.5;4.25;2.15;1.44;1.16;1.59;2.25;4.33;1.2;3.4;1.3;1.71;1.22;1.24;3.7;2.1;2.62;3.25;2.4;2.5;0;0;0;0;1.72;0;0;0;0;2;0;0;0;0;0;2.25;13;1.66;6;4;0;0;0;0;0;0;0;0;1.27;2.48;6.25;12;3.3;1.46;1.1;1.02;0;0;0;0;4;0;0;2;2;4;0;2019-03-03 15:00:00;-1;0;73;31;15;0;1;-1;2;2;1;9;4;10;0;0;0;0;0;0;1;23;27;48;50;1.53;1.7;3.23;-1;-1;-1;-1;-1;-1;-1;1;0;0;0;0;-1;-1;-1;-1;-1;-1;-1;-1;-1;-1;-1;8;27;62;96;100;50;85;96;42;9;5.38;2.54;2.96;OH Leuven;Beerschot-Wilrijk;1.06;1.53;0.85;1.69;1.04;1.96;92;74;38;4;0;62;46;35;1.54;1.42;2.96;1560;30;Y;Y;Y;Y;N;N;Y
433078;2569;534;2018/2019;complete;3439;7;-1;80;73;1;1;2;2;4;6;1;1;1;1;1;0;2;4;6;7;8;11;20;14;58;42;3;1;2.55;3;2.75;1.06;1.39;2.2;4.15;9.5;7.5;2.8;1.61;1.2;1.05;1.91;1.8;2.75;1.4;3.25;1.33;1.34;1.3;1.43;3.2;1.91;3.5;2.88;2.15;3.2;0;0;0;0;1.72;0;0;0;0;2;0;0;0;0;0;1.83;7.5;2.25;4;4.5;0;0;0;0;0;0;0;0;1.42;3.3;9.5;34;2.65;1.28;1.04;1;0;0;0;0;2;0;0;1;1;2;0;2019-03-03 15:00:00;-1;0;50;23;20;0;1;1;0;1;2;3;1;5;1;0;1;1;1;2;1;75;55;114;74;1.2;1.37;2.56;0;0;0;0;0;0;1;1;0;0;0;1;0;0;-1;-1;-1;-1;-1;-1;-1;-1;-1;4;23;47;73;89;35;58;77;42;10;2.93;2.69;2.39;SV Roeselare;KVC Westerlo;1.29;1;1.31;1;1.19;1.22;96;77;54;27;12;62;54;38;1.6;1.4;3;1560;28;Y;Y;N;N;N;N;Y
433079;2572;2570;2018/2019;complete;3439;7;-1;10;;1;0;1;5;1;6;4;2;0;5;0;0;8;5;12;2;20;7;13;14;56;44;0;5;1.35;5;7;1.02;1.21;1.71;2.75;5.8;10.75;4;2.05;1.4;1.14;2;1.73;2;1.72;8;1.08;1.04;1.12;2.9;1.91;2.25;6.5;1.73;2.62;6;0;0;0;0;1.9;0;0;0;0;1.8;0;0;0;0;0;1.28;13;3.75;2.2;11;0;0;0;0;0;0;0;0;1.29;2.6;6.5;13;3.2;1.43;1.09;1.01;0;0;0;0;1;1;0;0;0;0;1;2019-03-03 15:00:00;2572;0;58;19;27;0;1;1;1;0;4;1;1;5;0;1;0;4;1;4;1;73;41;115;97;2.35;1.1;3.45;0;0;0;0;0;0;1;1;1;0;0;0;0;0;-1;-1;-1;-1;-1;-1;-1;-1;-1;16;27;50;74;96;27;58;85;46;9.85;4.46;2.23;2.69;Union Saint-Gilloise;AFC Tubize;1.79;0.59;1.69;0.54;1.56;0.85;85;74;50;27;4;62;58;39;1.46;1.08;2.54;1560;28;Y;N;N;N;N;N;N
433080;2573;537;2018/2019;complete;3439;7;-1;86;29;1;1;2;3;5;8;3;7;3;3;1;1;3;4;7;4;10;8;14;12;43;57;4;5;5.9;4.55;1.43;1.01;1.17;1.57;2.45;4.7;12;4.5;2.25;1.5;1.19;1.77;2;7;1.1;2.2;1.61;2.5;1.14;1.07;5.8;2.2;2;5;2.62;1.83;0;0;0;0;0;2.1;0;0;0;0;1.66;0;0;0;0;3.25;13;1.36;9.5;2.75;0;0;0;0;0;0;0;0;1.24;2.35;5.6;17;3.55;1.52;1.11;1.02;0;0;0;0;2;0;1;1;0;1;1;2019-03-03 15:00:00;-1;0;46;16;23;0;1;1;2;3;1;2;5;3;1;0;3;4;1;7;1;61;69;107;121;1.29;1.3;2.58;0;0;0;0;0;0;1;1;0;0;0;1;0;0;-1;-1;-1;-1;-1;-1;-1;-1;-1;4;27;58;73;93;42;66;81;35;11.31;4.62;1.93;2.54;Lommel United;KV Mechelen;1.06;1.87;1.08;2;1.11;2.15;96;73;43;27;8;74;70;58;1.47;1.6;3.07;1560;30;Y;Y;N;N;N;N;Y
545380;2568;537;2018/2019;complete;4339;0;-1;;;0;0;0;7;2;9;2;1;2;4;1;0;2;3;6;11;8;14;15;14;54;46;3;4;2.45;3.2;2.7;1.04;1.32;2;3.55;6.85;8.5;3.15;1.74;1.26;1.08;1.8;1.95;3.25;1.33;3.25;1.33;1.39;1.28;1.42;3.1;2;3.25;2.88;2.25;3;0;0;0;0;1.72;0;0;0;0;2;0;0;0;0;0;1.95;8.25;2.05;3.9;4.5;0;0;0;0;0;0;0;0;1.44;3.25;7.5;17;2.62;1.33;1.07;1.01;0;0;0;0;0;0;0;0;0;0;0;2019-03-09 19:30:00;-1;1;61;25;32;0;1;1;4;1;3;1;5;4;0;1;3;3;1;6;1;64;38;86;80;1.11;1.37;2.48;0;0;0;0;0;0;1;1;0;0;0;1;0;0;-1;-1;-1;-1;-1;-1;-1;-1;-1;9;29;64;86;95;45;71;82;43;10.6;5.15;2.07;2.88;Beerschot-Wilrijk;KV Mechelen;1.83;2.1;1.93;2.11;1.93;2.11;91;71;36;14;6;71;63;45;1.52;1.58;3.1;1560;30;N;N;N;N;N;N;N
545381;537;2568;2018/2019;complete;4339;0;-1;46,88;64;2;1;3;8;8;16;4;1;1;4;0;1;5;5;9;4;14;9;13;15;51;49;1;6;1.83;3.45;3.95;1.04;1.29;1.95;3.35;7;9;3.3;1.8;1.29;1.09;1.83;1.91;2.5;1.5;4.33;1.2;1.2;1.3;1.85;2.6;1.95;4.4;2.25;2.38;4;0;0;0;0;1.72;0;0;0;0;2;0;0;0;0;0;1.57;9;2.75;3;6.5;0;0;0;0;0;0;0;0;1.33;2.88;8;15;3;1.36;1.07;1.01;0;0;0;0;3;0;0;2;1;3;0;2019-03-16 15:00:00;537;1;59;21;21;0;1;1;5;4;3;4;9;7;0;2;1;3;2;4;1;80;49;116;109;1.81;1.28;3.1;0;1;0;1;0;0;1;1;0;0;2;1;0;0;-1;-1;-1;-1;-1;-1;-1;-1;-1;9;28;62;83;92;43;69;79;41;10.55;5.07;2.24;2.78;KV Mechelen;Beerschot-Wilrijk;2.1;1.83;2.07;1.9;2.07;1.9;92;72;38;17;9;72;61;43;1.94;1.44;3.38;1560;30;Y;Y;Y;N;N;N;Y
552794;690;2570;2018/2019;complete;4416;2;-1;;74;0;1;1;5;3;8;2;3;0;0;0;0;5;7;11;6;16;13;13;15;52;48;0;0;1.51;4.1;5.55;1.02;1.22;1.74;2.85;5.5;10.5;3.9;2;1.38;1.13;1.8;1.95;2.1;1.66;7;1.1;1.07;1.15;2.5;1.95;2.43;5.4;1.76;2.8;5.3;0;0;0;0;1.83;0;0;0;0;1.83;0;0;0;0;0;1.36;12;3.4;2.45;9.5;0;0;0;0;0;0;0;0;1.27;2.5;6.4;12;3.35;1.45;1.09;1.02;0;0;0;0;1;0;0;0;1;1;0;2019-03-29 19:30:00;2570;0;61;25;25;0;1;-1;2;0;3;3;2;6;0;0;0;0;0;0;1;74;45;140;104;1.9;1.64;3.54;-1;-1;-1;-1;-1;-1;-1;1;0;0;1;0;-1;-1;-1;-1;-1;-1;-1;-1;-1;-1;-1;14;40;57;75;100;40;72;82;47;7.57;3.57;2.28;2.93;OH Leuven;AFC Tubize;1.06;0.59;0.86;0.5;1.1;0.83;86;61;43;25;0;57;50;43;1.54;1.08;2.62;1560;34;Y;N;N;N;N;N;N
552795;2569;2573;2018/2019;complete;4416;2;-1;;57;0;1;1;6;1;7;5;2;5;1;0;0;8;6;7;2;15;8;16;10;64;36;5;1;2.2;3.3;3.05;1.01;1.19;1.65;2.6;5.8;11.5;4.25;2.15;1.44;1.16;1.54;2.35;3.4;1.3;3.75;1.25;1.3;1.29;1.63;2.8;2.1;3.65;2.5;2.48;3.3;0;0;0;0;0;2;0;0;0;0;1.72;0;0;0;0;1.83;10;2.1;4;5.5;0;0;0;0;0;0;0;0;1.3;2.63;7;13;3.05;1.41;1.08;1.01;0;0;0;0;1;0;0;0;1;1;0;2019-03-31 14:00:00;2573;0;71;33;40;0;1;1;2;1;4;0;3;4;1;1;4;0;2;4;1;72;46;114;79;2.03;1.26;3.29;0;0;0;0;0;0;1;1;0;0;0;0;1;0;-1;-1;-1;-1;-1;-1;-1;-1;-1;14;43;64;83;93;47;68;86;54;9.28;3.36;2.72;3.04;SV Roeselare;Lommel United;1.29;1.18;1.29;1.14;1.17;1.07;86;57;36;18;7;65;57;40;1.57;1.18;2.75;1560;34;Y;N;N;N;N;N;N
552796;2570;2573;2018/2019;complete;4416;3;-1;57;49;1;1;2;3;2;5;1;0;0;0;0;0;6;4;3;7;9;11;21;19;48;52;0;0;3;3.2;2.25;1.05;1.34;2.05;3.75;7;8.25;3.05;1.69;1.24;1.07;1.83;1.91;3.4;1.3;2.75;1.4;1.54;1.27;1.31;3.4;1.91;3.25;3.3;2.2;2.7;0;0;0;0;1.83;0;0;0;0;1.83;0;0;0;0;0;2.21;9.8;1.88;4.8;3.7;0;0;0;0;0;0;0;0;1.4;3;7.5;17;2.75;1.33;1.06;1.01;0;0;0;0;2;0;0;1;1;2;0;2019-04-05 18:30:00;-1;0;54;30;24;0;1;-1;2;0;1;2;2;3;0;0;0;0;0;0;1;89;84;161;129;1.65;1.59;3.24;-1;-1;-1;-1;-1;-1;-1;1;0;0;0;0;-1;-1;-1;-1;-1;-1;-1;-1;-1;-1;-1;17;40;57;80;87;47;67;80;47;8.2;2.73;2;2.87;AFC Tubize;Lommel United;1.06;1.18;1.13;1.27;0.9;1.13;84;60;43;20;14;67;64;37;1.25;1.19;2.44;1560;34;Y;Y;N;N;N;N;Y
552797;2569;690;2018/2019;complete;4416;3;-1;21,76;54,80;2;2;4;4;5;9;0;4;4;3;0;0;5;10;5;5;10;15;23;13;50;50;4;3;2.65;3.1;2.6;1.06;1.41;2.25;4.3;7.5;7.25;2.75;1.57;1.19;1.05;1.95;1.77;3;1.36;3;1.36;1.39;1.28;1.43;3.3;2;3.3;2.88;2.3;2.88;0;0;0;0;1.72;0;0;0;0;2;0;0;0;0;0;2;9.5;2;4;4.5;0;0;0;0;0;0;0;0;1.4;3;8;21;2.75;1.33;1.06;1;0;0;0;0;4;1;0;1;2;3;1;2019-04-07 18:00:00;-1;0;67;37;30;0;1;1;3;2;1;3;5;4;1;1;3;2;2;5;1;25;33;37;44;1.16;1.87;3.03;0;0;0;0;0;0;1;1;0;0;1;1;0;1;-1;-1;-1;-1;-1;-1;-1;-1;-1;10;40;63;80;93;57;77;84;44;8.34;4.47;3;2.9;SV Roeselare;OH Leuven;1.29;1.41;1.2;1.33;1.13;1.07;90;60;37;20;7;54;47;33;1.6;1.22;2.82;1560;34;Y;Y;Y;Y;N;N;Y
552798;2573;2570;2018/2019;complete;4416;4;-1;43,77,84;;3;0;3;3;0;3;2;0;0;2;0;0;7;3;6;4;13;7;14;8;45;55;0;2;1.8;3.35;4.25;1.06;1.39;2.2;4.15;8.5;7.5;2.8;1.61;1.2;1.05;2.05;1.71;2.1;1.59;4;1.22;1.17;1.25;1.83;2.5;2;4.5;2.2;2.3;4.33;0;0;0;0;1.83;0;0;0;0;1.83;0;0;0;0;0;1.62;7.5;2.75;2.8;6;1.53;3.5;10;41;2.3;1.25;1.05;1.01;1.44;3.2;8.5;34;2.63;1.3;1.05;1;0;0;0;0;3;1;0;2;0;2;1;2019-04-12 18:30:00;2573;0;47;10;24;0;1;1;1;0;2;0;1;2;0;0;0;2;0;2;1;50;51;93;96;1.67;1.03;2.7;1;0;1;0;0;0;1;1;0;0;0;0;0;0;-1;-1;-1;-1;-1;-1;-1;-1;-1;14;27;44;63;100;30;67;80;34;9.6;3.47;2.27;2.54;Lommel United;AFC Tubize;1.06;0.59;1;0.67;1.13;0.9;87;74;57;37;0;60;57;47;1.45;1.12;2.57;1560;34;Y;Y;Y;N;N;N;N
552799;690;2569;2018/2019;complete;4416;4;-1;11,29,66;;3;0;3;8;8;16;6;2;0;0;0;0;7;5;5;5;12;10;9;18;41;59;0;0;1.83;3.6;3.8;1.03;1.25;1.83;3.1;6;9.75;3.6;1.91;1.33;1.11;1.74;2;2.5;1.41;4.5;1.18;1.19;1.23;1.83;2.3;2.1;4.5;2.1;2.5;4;0;0;0;0;1.72;0;0;0;0;2;0;0;0;0;0;1.57;10;2.6;3.1;7;0;0;0;0;0;0;0;0;1.36;2.88;7;15;2.88;1.36;1.07;1.01;0;0;0;0;3;2;0;1;0;1;2;2019-04-14 18:00:00;690;0;60;27;24;0;1;-1;4;2;4;6;6;10;0;0;0;0;0;0;1;47;68;85;97;1.59;1.48;3.06;-1;-1;-1;-1;-1;-1;-1;1;0;0;3;0;-1;-1;-1;-1;-1;-1;-1;-1;-1;-1;-1;7;30;54;84;97;37;60;93;47;9.2;4.27;2.2;2.7;OH Leuven;SV Roeselare;1.06;1.12;0.8;1.07;1.06;1.13;93;70;47;17;4;74;64;47;1.56;1.16;2.72;1560;34;Y;Y;Y;N;N;N;N
552800;2570;690;2018/2019;complete;4416;5;-1;;3,16,89;0;3;3;6;4;10;1;1;0;0;0;0;4;3;8;5;12;8;12;13;58;42;0;0;4;3.4;1.83;1.04;1.3;1.95;3.45;6.5;8.75;3.25;1.77;1.27;1.08;1.87;1.87;4.5;1.18;2.37;1.53;2.1;1.3;1.18;4.75;2.25;2.4;4.33;2.5;2.1;0;0;0;0;1.9;0;0;0;0;1.8;0;0;0;0;0;2.75;10;1.53;8;3;0;0;0;0;0;0;0;0;1.4;2.75;8;21;2.75;1.4;1.08;1.01;0;0;0;0;3;0;2;0;1;1;2;2019-04-19 18:30:00;690;0;57;35;22;0;1;-1;1;3;5;1;4;6;0;0;0;0;0;0;1;113;64;173;111;1.87;1.19;3.05;-1;-1;-1;-1;-1;-1;-1;1;0;1;0;0;-1;-1;-1;-1;-1;-1;-1;-1;-1;-1;-1;13;41;60;85;88;57;79;78;44;7.44;3.69;2.13;2.88;AFC Tubize;OH Leuven;1.06;1.41;1.13;1.31;0.88;1.13;88;60;41;16;13;60;53;31;1.27;1.26;2.53;1560;34;Y;Y;Y;N;N;N;N
552801;2573;2569;2018/2019;complete;4416;5;-1;;70;0;1;1;4;7;11;4;4;2;2;1;0;4;5;2;4;6;9;12;24;51;49;3;2;2.35;3.1;2.95;1.04;1.29;1.95;3.35;6.25;9;3.3;1.8;1.29;1.09;1.71;2;3.4;1.3;3.75;1.25;1.36;1.33;1.57;3.1;2.2;3.4;2.62;2.5;3;0;0;0;0;1.72;0;0;0;0;2;0;0;0;0;0;1.91;9;2.05;4.33;5.5;0;0;0;0;0;0;0;0;1.36;2.75;7;21;3;1.4;1.1;1.02;0;0;0;0;1;0;0;0;1;1;0;2019-04-21 14:00:00;2569;0;47;13;22;0;1;1;2;4;2;3;6;5;3;1;0;1;4;1;1;55;54;117;96;1.07;1.31;2.39;0;0;0;0;0;0;1;1;0;0;0;1;0;0;-1;-1;-1;-1;-1;-1;-1;-1;-1;6;19;47;78;97;31;63;91;38;11.19;4.07;2.19;2.47;Lommel United;SV Roeselare;1.06;1.12;1.13;1;1.19;1.09;94;81;53;22;3;79;72;53;1.46;1.18;2.64;1560;34;Y;N;N;N;N;N;N
552802;2569;2570;2018/2019;complete;4416;6;-1;51,64,73,90;;4;0;4;10;5;15;3;2;0;0;0;0;5;0;0;0;5;0;15;4;58;42;0;0;1.71;3.6;4.4;1.03;1.27;1.87;3.2;6;9.25;3.45;1.87;1.31;1.1;1.87;1.87;2.25;1.57;5;1.16;1.16;1.25;2.28;2.12;2.31;5.5;2;2.6;4.2;0;0;0;0;1.83;0;0;0;0;1.83;0;0;0;0;0;1.44;11;3;2.75;8;0;0;0;0;0;0;0;0;1.33;2.75;6.5;15;3;1.4;1.08;1.01;0;0;0;0;4;0;0;4;0;4;0;2019-04-26 18:30:00;2569;0;57;19;32;0;1;-1;7;2;3;3;9;6;0;0;0;0;0;0;1;79;64;0;0;1.21;0.45;1.66;-1;-1;-1;-1;-1;-1;-1;1;0;0;2;1;-1;-1;-1;-1;-1;-1;-1;-1;-1;-1;-1;13;35;53;66;97;32;63;82;47;7.76;3.07;2.88;2.72;SV Roeselare;AFC Tubize;1.29;0.59;1.19;0.63;1.15;0.85;88;66;47;35;3;47;41;35;1.58;1.11;2.69;1560;34;Y;Y;Y;Y;N;N;N
552803;690;2573;2018/2019;complete;4416;6;-1;77;;1;0;1;6;6;12;4;1;0;0;0;0;5;3;10;8;15;11;10;15;49;51;0;0;1.87;3.6;3.7;1.01;1.18;1.59;2.5;4.5;12;4.45;2.25;1.49;1.18;1.57;2.3;3;1.36;5.5;1.14;1.2;1.3;2.05;2.37;2.37;4.33;2;2.8;3.75;0;0;0;0;1.83;0;0;0;0;1.83;0;0;0;0;0;1.57;11;2.6;3.6;8.5;0;0;0;0;0;0;0;0;1.3;2.5;6;12;3.2;1.5;1.11;1.02;0;0;0;0;1;0;0;1;0;1;0;2019-04-26 18:30:00;690;0;66;31;32;0;1;-1;5;2;1;4;7;5;0;0;0;0;0;0;1;59;66;102;92;1.72;1.38;3.11;-1;-1;-1;-1;-1;-1;-1;1;0;0;1;0;-1;-1;-1;-1;-1;-1;-1;-1;-1;-1;-1;13;41;63;85;97;47;69;91;50;8.81;4.13;2.25;3;OH Leuven;Lommel United;1.06;1.18;0.94;1.25;1.18;1.15;88;60;38;16;3;66;57;41;1.56;1.21;2.77;1560;34;Y;N;N;N;N;N;N
552804;2573;690;2018/2019;complete;4416;1;-1;;32,83;0;2;2;6;2;8;3;8;3;0;0;0;4;4;5;3;9;7;19;12;53;47;3;0;2.7;3.2;2.35;1.04;1.26;1.83;2.95;5.25;8.25;3.5;2.05;1.35;1.12;1.65;2.1;3.55;1.22;3.4;1.3;1.53;1.25;1.42;3.3;2.1;3;3;2.45;2.7;0;0;0;0;1.72;0;0;0;0;2;0;0;0;0;0;2.05;8.25;1.87;4.7;3.95;0;0;0;0;0;0;0;0;1.36;2.6;6.25;14;2.9;1.44;1.09;1.01;0;0;0;0;2;0;1;0;1;1;1;2019-03-22 19:30:00;690;0;61;29;25;0;1;1;1;2;5;0;3;5;0;0;3;0;0;3;1;74;39;106;86;1.39;1.01;2.4;0;0;0;0;0;0;1;1;0;0;0;2;0;0;-1;-1;-1;-1;-1;-1;-1;-1;-1;11;36;61;79;97;58;82;83;36;10.08;4.21;2.57;2.82;Lommel United;OH Leuven;1.06;1.41;1.07;1.21;1.11;1.04;90;65;39;22;4;72;64;47;1.45;1.24;2.69;1560;34;Y;Y;N;N;N;N;N
552805;2570;2569;2018/2019;complete;4416;1;-1;52;41;1;1;2;1;5;6;2;3;1;3;0;0;3;4;2;11;5;15;19;16;44;56;1;3;3.3;3.25;2;1.05;1.28;2.01;3.1;5.5;8;3.3;1.87;1.33;1.11;1.72;2;3.9;1.17;2.75;1.4;1.72;1.25;1.28;3.9;2.1;2.65;3.6;2.45;2.35;0;0;0;0;1.72;0;0;0;0;2;0;0;0;0;0;2.3;8;1.72;5.45;3.1;0;0;0;0;0;0;0;0;1.4;2.7;6.5;15;2.75;1.4;1.08;1.01;0;0;0;0;2;0;1;1;0;1;1;2019-03-24 15:00:00;-1;0;43;25;18;0;1;1;1;2;0;3;3;3;1;1;0;2;2;2;1;73;76;149;116;1.08;1.78;2.85;1;1;1;1;0;0;1;1;0;0;0;1;0;0;-1;-1;-1;-1;-1;-1;-1;-1;-1;11;29;50;79;86;40;54;82;47;8.86;2.86;1.64;2.57;AFC Tubize;SV Roeselare;1.06;1.12;1.14;1.07;0.82;1.18;90;72;50;21;14;79;75;47;1.26;1.12;2.38;1560;34;Y;Y;N;N;N;N;Y
