ID;HOMEID;AWAYID;SEASON;STATUS;ROUNDID;GAME_WEEK;REVISED_GAME_WEEK;HOMEGOALS;AWAYGOALS;HOMEGOALCOUNT;AWAYGOALCOUNT;TOTALGOALCOUNT;TEAM_A_CORNERS;TEAM_B_CORNERS;TOTALCORNERCOUNT;TEAM_A_OFFSIDES;TEAM_B_OFFSIDES;TEAM_A_YELLOW_CARDS;TEAM_B_YELLOW_CARDS;TEAM_A_RED_CARDS;TEAM_B_RED_CARDS;TEAM_A_SHOTSONTARGET;TEAM_B_SHOTSONTARGET;TEAM_A_SHOTSOFFTARGET;TEAM_B_SHOTSOFFTARGET;TEAM_A_SHOTS;TEAM_B_SHOTS;TEAM_A_FOULS;TEAM_B_FOULS;TEAM_A_POSSESSION;TEAM_B_POSSESSION;TEAM_A_CARDS_NUM;TEAM_B_CARDS_NUM;ODDS_FT_1;ODDS_FT_X;ODDS_FT_2;ODDS_FT_OVER05;ODDS_FT_OVER15;ODDS_FT_OVER25;ODDS_FT_OVER35;ODDS_FT_OVER45;ODDS_FT_UNDER05;ODDS_FT_UNDER15;ODDS_FT_UNDER25;ODDS_FT_UNDER35;ODDS_FT_UNDER45;ODDS_BTTS_YES;ODDS_BTTS_NO;ODDS_TEAM_A_CS_YES;ODDS_TEAM_A_CS_NO;ODDS_TEAM_B_CS_YES;ODDS_TEAM_B_CS_NO;ODDS_DOUBLECHANCE_1X;ODDS_DOUBLECHANCE_12;ODDS_DOUBLECHANCE_X2;ODDS_1ST_HALF_RESULT_1;ODDS_1ST_HALF_RESULT_X;ODDS_1ST_HALF_RESULT_2;ODDS_2ND_HALF_RESULT_1;ODDS_2ND_HALF_RESULT_X;ODDS_2ND_HALF_RESULT_2;ODDS_DNB_1;ODDS_DNB_2;ODDS_CORNERS_OVER_75;ODDS_CORNERS_OVER_85;ODDS_CORNERS_OVER_95;ODDS_CORNERS_OVER_105;ODDS_CORNERS_OVER_115;ODDS_CORNERS_UNDER_75;ODDS_CORNERS_UNDER_85;ODDS_CORNERS_UNDER_95;ODDS_CORNERS_UNDER_105;ODDS_CORNERS_UNDER_115;ODDS_CORNERS_1;ODDS_CORNERS_X;ODDS_CORNERS_2;ODDS_TEAM_TO_SCORE_FIRST_1;ODDS_TEAM_TO_SCORE_FIRST_X;ODDS_TEAM_TO_SCORE_FIRST_2;ODDS_WIN_TO_NIL_1;ODDS_WIN_TO_NIL_2;ODDS_1ST_HALF_OVER05;ODDS_1ST_HALF_OVER15;ODDS_1ST_HALF_OVER25;ODDS_1ST_HALF_OVER35;ODDS_1ST_HALF_UNDER05;ODDS_1ST_HALF_UNDER15;ODDS_1ST_HALF_UNDER25;ODDS_1ST_HALF_UNDER35;ODDS_2ND_HALF_OVER05;ODDS_2ND_HALF_OVER15;ODDS_2ND_HALF_OVER25;ODDS_2ND_HALF_OVER35;ODDS_2ND_HALF_UNDER05;ODDS_2ND_HALF_UNDER15;ODDS_2ND_HALF_UNDER25;ODDS_2ND_HALF_UNDER35;ODDS_BTTS_1ST_HALF_YES;ODDS_BTTS_1ST_HALF_NO;ODDS_BTTS_2ND_HALF_YES;ODDS_BTTS_2ND_HALF_NO;OVERALLGOALCOUNT;HT_GOALS_TEAM_A;HT_GOALS_TEAM_B;GOALS_2HG_TEAM_A;GOALS_2HG_TEAM_B;GOALCOUNT_2HG;HTGOALCOUNT;DATE_UNIX;WINNINGTEAM;NO_HOME_AWAY;BTTS_POTENTIAL;BTTS_FHG_POTENTIAL;BTTS_2HG_POTENTIAL;GOALTIMINGDISABLED;CORNER_TIMINGS_RECORDED;CARD_TIMINGS_RECORDED;TEAM_A_FH_CORNERS;TEAM_B_FH_CORNERS;TEAM_A_2H_CORNERS;TEAM_B_2H_CORNERS;CORNER_FH_COUNT;CORNER_2H_COUNT;TEAM_A_FH_CARDS;TEAM_B_FH_CARDS;TEAM_A_2H_CARDS;TEAM_B_2H_CARDS;TOTAL_FH_CARDS;TOTAL_2H_CARDS;ATTACKS_RECORDED;TEAM_A_DANGEROUS_ATTACKS;TEAM_B_DANGEROUS_ATTACKS;TEAM_A_ATTACKS;TEAM_B_ATTACKS;TEAM_A_XG;TEAM_B_XG;TOTAL_XG;TEAM_A_PENALTIES_WON;TEAM_B_PENALTIES_WON;TEAM_A_PENALTY_GOALS;TEAM_B_PENALTY_GOALS;TEAM_A_PENALTY_MISSED;TEAM_B_PENALTY_MISSED;PENS_RECORDED;GOAL_TIMINGS_RECORDED;TEAM_A_0_10_MIN_GOALS;TEAM_B_0_10_MIN_GOALS;TEAM_A_CORNERS_0_10_MIN;TEAM_B_CORNERS_0_10_MIN;TEAM_A_CARDS_0_10_MIN;TEAM_B_CARDS_0_10_MIN;THROWINS_RECORDED;TEAM_A_THROWINS;TEAM_B_THROWINS;FREEKICKS_RECORDED;TEAM_A_FREEKICKS;TEAM_B_FREEKICKS;GOALKICKS_RECORDED;TEAM_A_GOALKICKS;TEAM_B_GOALKICKS;O45_POTENTIAL;O35_POTENTIAL;O25_POTENTIAL;O15_POTENTIAL;O05_POTENTIAL;O15HT_POTENTIAL;O05HT_POTENTIAL;O05_2H_POTENTIAL;O15_2H_POTENTIAL;CORNERS_POTENTIAL;OFFSIDES_POTENTIAL;CARDS_POTENTIAL;AVG_POTENTIAL;HOME_NAME;AWAY_NAME;HOME_PPG;AWAY_PPG;PRE_MATCH_HOME_PPG;PRE_MATCH_AWAY_PPG;PRE_MATCH_TEAMA_OVERALL_PPG;PRE_MATCH_TEAMB_OVERALL_PPG;U45_POTENTIAL;U35_POTENTIAL;U25_POTENTIAL;U15_POTENTIAL;U05_POTENTIAL;CORNERS_O85_POTENTIAL;CORNERS_O95_POTENTIAL;CORNERS_O105_POTENTIAL;TEAM_A_XG_PREMATCH;TEAM_B_XG_PREMATCH;TOTAL_XG_PREMATCH;COMPETITION_ID;MATCHES_COMPLETED_MINIMUM;OVER05;OVER15;OVER25;OVER35;OVER45;OVER55;BTTS
148245;2568;2572;2017/2018;complete;893;1;-1;29,45,59;;3;0;3;4;5;9;2;1;0;3;0;0;4;0;4;5;8;5;9;19;51;49;0;3;2.49;3.38;3;0;0;0;0;0;0;0;0;0;0;0;0;0;0;0;0;0;0;0;0;0;0;0;0;0;0;0;0;0;0;0;0;0;0;0;0;0;0;0;0;0;0;0;0;0;0;0;0;0;0;0;0;0;0;0;0;0;0;0;0;0;0;0;0;0;3;2;0;1;0;1;2;2017-08-04 18:30:00;2568;0;0;0;0;0;-1;1;-1;-1;-1;-1;-1;-1;0;1;0;2;1;2;-1;0;0;0;0;0;0;0;0;0;0;0;0;0;1;1;0;0;-1;-1;0;1;-1;-1;-1;-1;-1;-1;-1;-1;-1;0;0;0;0;0;0;0;0;0;0;0;0;0;Beerschot-Wilrijk;Union Saint-Gilloise;1.93;0.88;0;0;0;0;0;0;0;0;0;0;0;0;0;0;0;576;29;Y;Y;Y;N;N;N;N
148246;2570;2569;2017/2018;complete;893;1;-1;20;43,51,88;1;3;4;4;9;13;1;1;0;1;0;0;5;9;4;3;9;12;12;12;46;54;0;1;2.56;3.45;2.87;0;0;0;0;0;0;0;0;0;0;0;0;0;0;0;0;0;0;0;0;0;0;0;0;0;0;0;0;0;0;0;0;0;0;0;0;0;0;0;0;0;0;0;0;0;0;0;0;0;0;0;0;0;0;0;0;0;0;0;0;0;0;0;0;0;4;1;1;0;2;2;2;2017-08-05 15:00:00;2569;0;0;0;0;0;-1;1;-1;-1;-1;-1;-1;-1;0;1;0;0;1;0;-1;0;0;0;0;0;0;0;0;0;0;0;0;0;1;1;0;0;-1;-1;0;1;-1;-1;-1;-1;-1;-1;-1;-1;-1;0;0;0;0;0;0;0;0;0;0;0;0;0;AFC Tubize;SV Roeselare;0.63;1.24;0;0;0;0;0;0;0;0;0;0;0;0;0;0;0;576;33;Y;Y;Y;Y;N;N;Y
148247;690;2571;2017/2018;complete;893;1;-1;39,52;12,60;2;2;4;8;2;10;0;1;2;3;0;0;6;3;4;3;10;6;15;18;51;49;2;3;2.8;3.48;2.59;0;0;0;0;0;0;0;0;0;0;0;0;0;0;0;0;0;0;0;0;0;0;0;0;0;0;0;0;0;0;0;0;0;0;0;0;0;0;0;0;0;0;0;0;0;0;0;0;0;0;0;0;0;0;0;0;0;0;0;0;0;0;0;0;0;4;1;1;1;1;2;2;2017-08-05 18:30:00;-1;0;0;0;0;0;-1;1;-1;-1;-1;-1;-1;-1;0;1;2;2;1;4;-1;0;0;0;0;0;0;0;0;0;0;0;0;0;1;1;0;0;-1;-1;0;0;-1;-1;-1;-1;-1;-1;-1;-1;-1;0;0;0;0;0;0;0;0;0;0;0;0;0;OH Leuven;Lierse SK;1.93;0.77;0;0;0;0;0;0;0;0;0;0;0;0;0;0;0;576;27;Y;Y;Y;Y;N;N;Y
148248;534;2567;2017/2018;complete;893;1;-1;26;66,85;1;2;3;4;2;6;0;4;3;2;1;0;3;6;3;7;6;13;12;8;40;60;5;2;2.49;3.47;2.94;0;0;0;0;0;0;0;0;0;0;0;0;0;0;0;0;0;0;0;0;0;0;0;0;0;0;0;0;0;0;0;0;0;0;0;0;0;0;0;0;0;0;0;0;0;0;0;0;0;0;0;0;0;0;0;0;0;0;0;0;0;0;0;0;0;3;1;0;0;2;2;1;2017-08-06 14:00:00;2567;0;0;0;0;0;-1;1;-1;-1;-1;-1;-1;-1;1;1;3;1;2;4;-1;0;0;0;0;0;0;0;0;0;0;0;0;0;1;1;0;0;-1;-1;0;0;-1;-1;-1;-1;-1;-1;-1;-1;-1;0;0;0;0;0;0;0;0;0;0;0;0;0;KVC Westerlo;Cercle Brugge;1.18;1.47;0;0;0;0;0;0;0;0;0;0;0;0;0;0;0;576;29;Y;Y;Y;N;N;N;Y
148249;2567;2572;2017/2018;complete;893;2;-1;51,55;;2;0;2;2;3;5;2;0;3;3;0;0;3;0;2;2;5;2;14;9;52;48;3;3;1.64;3.94;5.99;0;0;0;0;0;0;0;0;0;0;0;0;0;0;0;0;0;0;0;0;0;0;0;0;0;0;0;0;0;0;0;0;0;0;0;0;0;0;0;0;0;0;0;0;0;0;0;0;0;0;0;0;0;0;0;0;0;0;0;0;0;0;0;0;0;2;0;0;2;0;2;0;2017-08-11 18:30:00;2567;0;0;0;0;0;-1;1;-1;-1;-1;-1;-1;-1;1;1;2;2;2;4;-1;0;0;0;0;0;0;0;1;0;1;0;0;0;1;1;0;0;-1;-1;0;0;-1;-1;-1;-1;-1;-1;-1;-1;-1;0;0;50;50;50;50;50;50;0;5;1;3;1.5;Cercle Brugge;Union Saint-Gilloise;2.14;0.88;0;0;3;0;50;50;0;0;0;50;0;0;0;0;0;576;29;Y;Y;N;N;N;N;N
148250;2569;690;2017/2018;complete;893;2;-1;45,48,67;77;3;1;4;5;3;8;2;3;2;2;1;0;9;2;3;2;12;4;17;14;59;41;4;2;2.11;3.56;3.62;0;0;0;0;0;0;0;0;0;0;0;0;0;0;0;0;0;0;0;0;0;0;0;0;0;0;0;0;0;0;0;0;0;0;0;0;0;0;0;0;0;0;0;0;0;0;0;0;0;0;0;0;0;0;0;0;0;0;0;0;0;0;0;0;0;4;1;0;2;1;3;1;2017-08-12 15:00:00;2569;0;0;0;0;0;-1;1;-1;-1;-1;-1;-1;-1;0;0;3;2;0;5;-1;0;0;0;0;0;0;0;0;0;0;0;0;0;1;1;0;0;-1;-1;0;0;-1;-1;-1;-1;-1;-1;-1;-1;-1;0;0;0;0;0;0;0;0;0;0;0;0;0;SV Roeselare;OH Leuven;1.56;1.46;0;0;3;1;0;0;0;0;0;0;0;0;0;0;0;576;27;Y;Y;Y;Y;N;N;Y
148251;534;2570;2017/2018;complete;893;2;-1;68;80;1;1;2;4;6;10;2;2;1;4;1;0;2;2;3;2;5;4;10;15;46;54;2;4;2.47;3.51;2.94;0;0;0;0;0;0;0;0;0;0;0;0;0;0;0;0;0;0;0;0;0;0;0;0;0;0;0;0;0;0;0;0;0;0;0;0;0;0;0;0;0;0;0;0;0;0;0;0;0;0;0;0;0;0;0;0;0;0;0;0;0;0;0;0;0;2;0;0;1;1;2;0;2017-08-12 18:30:00;-1;0;50;0;0;0;-1;1;-1;-1;-1;-1;-1;-1;1;1;1;3;2;4;-1;0;0;0;0;0;0;0;0;0;0;0;0;0;1;1;0;0;-1;-1;0;0;-1;-1;-1;-1;-1;-1;-1;-1;-1;0;0;50;50;50;0;50;50;50;4;0;5;1.5;KVC Westerlo;AFC Tubize;1.18;0.88;0;0;0;0;50;50;0;0;0;0;0;0;0;0;0;576;33;Y;Y;N;N;N;N;Y
148252;2571;2568;2017/2018;complete;893;2;-1;45,90;28,45;2;2;4;10;2;12;3;2;3;5;0;0;9;7;5;4;14;11;14;24;54;46;3;5;2.19;3.54;3.43;0;0;0;0;0;0;0;0;0;0;0;0;0;0;0;0;0;0;0;0;0;0;0;0;0;0;0;0;0;0;0;0;0;0;0;0;0;0;0;0;0;0;0;0;0;0;0;0;0;0;0;0;0;0;0;0;0;0;0;0;0;0;0;0;0;4;1;2;1;0;1;3;2017-08-13 14:00:00;-1;0;0;0;0;0;-1;1;-1;-1;-1;-1;-1;-1;0;3;3;2;3;5;-1;0;0;0;0;0;0;0;0;1;0;1;0;0;1;1;0;0;-1;-1;0;1;-1;-1;-1;-1;-1;-1;-1;-1;-1;0;0;0;0;0;0;0;0;0;0;0;0;0;Lierse SK;Beerschot-Wilrijk;2;1.4;0;0;1;3;0;0;0;0;0;0;0;0;0;0;0;576;27;Y;Y;Y;Y;N;N;Y
148253;2571;2569;2017/2018;complete;893;3;-1;78,83;12,90;2;2;4;7;5;12;2;3;3;3;0;0;7;6;4;1;11;7;12;9;52;48;3;3;2.16;3.55;3.56;0;0;0;0;0;0;0;0;0;0;0;0;0;0;0;0;0;0;0;0;0;0;0;0;0;0;0;0;0;0;0;0;0;0;0;0;0;0;0;0;0;0;0;0;0;0;0;0;0;0;0;0;0;0;0;0;0;0;0;0;0;0;0;0;0;4;0;1;2;1;3;1;2017-08-18 18:30:00;-1;0;100;100;0;0;-1;1;-1;-1;-1;-1;-1;-1;2;2;1;1;4;2;-1;0;0;0;0;0;0;0;0;0;0;0;0;0;1;1;0;0;-1;-1;0;0;-1;-1;-1;-1;-1;-1;-1;-1;-1;0;100;100;100;100;100;100;100;50;19;4;4;4;Lierse SK;SV Roeselare;2;1.24;1;3;1;3;100;0;0;0;0;100;100;100;0;0;0;576;27;Y;Y;Y;Y;N;N;Y
148254;2572;534;2017/2018;complete;893;3;-1;35,58,74;;3;0;3;4;5;9;4;1;2;3;0;0;9;2;6;7;15;9;16;16;55;45;2;3;2.46;3.52;2.95;0;0;0;0;0;0;0;0;0;0;0;0;0;0;0;0;0;0;0;0;0;0;0;0;0;0;0;0;0;0;0;0;0;0;0;0;0;0;0;0;0;0;0;0;0;0;0;0;0;0;0;0;0;0;0;0;0;0;0;0;0;0;0;0;0;3;1;0;2;0;2;1;2017-08-19 15:00:00;2572;0;0;0;0;0;-1;1;-1;-1;-1;-1;-1;-1;1;1;1;2;2;3;-1;0;0;0;0;0;0;0;0;0;0;0;0;0;1;1;0;0;-1;-1;0;0;-1;-1;-1;-1;-1;-1;-1;-1;-1;0;0;0;0;0;0;0;0;0;0;0;0;0;Union Saint-Gilloise;KVC Westerlo;1.24;1.13;0;0;0;0.5;0;0;0;0;0;0;0;0;0;0;0;576;33;Y;Y;Y;N;N;N;N
148255;690;2567;2017/2018;complete;893;3;-1;26,29,39,49,65,81,90;58;7;1;8;3;6;9;1;2;1;4;0;1;8;4;5;8;13;12;13;18;48;52;1;5;3.3;3.45;2.29;0;0;0;0;0;0;0;0;0;0;0;0;0;0;0;0;0;0;0;0;0;0;0;0;0;0;0;0;0;0;0;0;0;0;0;0;0;0;0;0;0;0;0;0;0;0;0;0;0;0;0;0;0;0;0;0;0;0;0;0;0;0;0;0;0;8;3;0;4;1;5;3;2017-08-19 18:30:00;690;0;100;50;50;0;-1;1;-1;-1;-1;-1;-1;-1;1;3;0;2;4;2;-1;0;0;0;0;0;0;0;0;0;0;0;0;0;1;1;0;0;-1;-1;0;0;-1;-1;-1;-1;-1;-1;-1;-1;-1;0;50;100;100;100;50;100;100;100;10;4;4;3.5;OH Leuven;Cercle Brugge;1.93;1.47;1;3;0.5;3;100;50;0;0;0;50;50;0;0;0;0;576;27;Y;Y;Y;Y;Y;Y;Y
148256;2568;2570;2017/2018;complete;893;3;-1;38;;1;0;1;4;6;10;6;1;0;4;0;1;5;3;11;8;16;11;16;16;52;48;0;5;1.86;3.84;4.31;0;0;0;0;0;0;0;0;0;0;0;0;0;0;0;0;0;0;0;0;0;0;0;0;0;0;0;0;0;0;0;0;0;0;0;0;0;0;0;0;0;0;0;0;0;0;0;0;0;0;0;0;0;0;0;0;0;0;0;0;0;0;0;0;0;1;1;0;0;0;0;1;2017-08-20 14:00:00;2568;0;50;0;50;0;-1;1;-1;-1;-1;-1;-1;-1;0;3;0;2;3;2;-1;0;0;0;0;0;0;0;0;0;0;0;0;0;1;1;0;0;-1;-1;0;0;-1;-1;-1;-1;-1;-1;-1;-1;-1;0;0;50;100;100;50;50;100;50;10;4;4;2.5;Beerschot-Wilrijk;AFC Tubize;1.93;0.88;3;1;2;0.5;100;100;50;0;0;100;50;0;0;0;0;576;29;Y;N;N;N;N;N;N
148257;2569;2568;2017/2018;complete;893;4;-1;;6,63,79,81;0;4;4;5;6;11;1;1;1;3;0;0;6;9;5;7;11;16;17;12;51;49;1;3;2.11;3.85;3.38;0;0;0;0;0;0;0;0;0;0;0;0;0;0;0;0;0;0;0;0;0;0;0;0;0;0;0;0;0;0;0;0;0;0;0;0;0;0;0;0;0;0;0;0;0;0;0;0;0;0;0;0;0;0;0;0;0;0;0;0;0;0;0;0;0;4;0;1;0;3;3;1;2017-09-01 18:30:00;2568;0;100;50;50;0;-1;1;-1;-1;-1;-1;-1;-1;0;1;1;2;1;3;-1;0;0;0;0;0;0;0;0;1;0;1;0;0;1;1;0;1;-1;-1;0;0;-1;-1;-1;-1;-1;-1;-1;-1;-1;0;100;100;100;100;50;100;100;50;7;4;9;4;SV Roeselare;Beerschot-Wilrijk;1.56;1.4;3;1;2.33;2.33;100;0;0;0;0;50;50;50;0;0;0;576;29;Y;Y;Y;Y;N;N;N
148258;534;690;2017/2018;complete;893;4;-1;3,15;11,17;2;2;4;3;3;6;1;0;4;2;1;1;5;3;8;3;13;6;18;23;46;54;5;3;2.74;3.57;2.6;0;0;0;0;0;0;0;0;0;0;0;0;0;0;0;0;0;0;0;0;0;0;0;0;0;0;0;0;0;0;0;0;0;0;0;0;0;0;0;0;0;0;0;0;0;0;0;0;0;0;0;0;0;0;0;0;0;0;0;0;0;0;0;0;0;4;2;2;0;0;0;4;2017-09-02 15:00:00;-1;0;100;0;75;0;-1;1;-1;-1;-1;-1;-1;-1;1;0;4;3;1;7;-1;0;0;0;0;0;0;0;0;0;0;0;0;0;1;1;1;0;-1;-1;0;0;-1;-1;-1;-1;-1;-1;-1;-1;-1;0;50;75;100;100;0;75;100;100;7;4;5.5;3.25;KVC Westerlo;OH Leuven;1.18;1.46;0.5;0;0.33;1.33;100;50;25;0;0;25;25;0;0;0;0;576;27;Y;Y;Y;Y;N;N;Y
148259;2567;2571;2017/2018;complete;893;4;-1;41,86;;2;0;2;5;3;8;3;1;0;4;1;1;8;4;4;4;12;8;12;15;59;41;2;5;1.89;3.72;4.29;0;0;0;0;0;0;0;0;0;0;0;0;0;0;0;0;0;0;0;0;0;0;0;0;0;0;0;0;0;0;0;0;0;0;0;0;0;0;0;0;0;0;0;0;0;0;0;0;0;0;0;0;0;0;0;0;0;0;0;0;0;0;0;0;0;2;1;0;1;0;1;1;2017-09-02 18:30:00;2567;0;50;50;50;0;-1;1;-1;-1;-1;-1;-1;-1;0;1;1;4;1;5;-1;0;0;0;0;0;0;0;1;0;1;0;0;0;1;1;0;0;-1;-1;0;0;-1;-1;-1;-1;-1;-1;-1;-1;-1;0;50;50;100;100;50;50;100;100;4;3;6;3;Cercle Brugge;Lierse SK;2.14;0.77;3;1;2;1;100;50;50;0;0;50;50;0;0;0;0;576;27;Y;Y;N;N;N;N;N
148260;2570;2572;2017/2018;complete;893;4;-1;;;0;0;0;3;10;13;2;0;3;2;1;0;4;4;11;10;15;14;17;13;47;53;4;2;2.22;3.55;3.35;0;0;0;0;0;0;0;0;0;0;0;0;0;0;0;0;0;0;0;0;0;0;0;0;0;0;0;0;0;0;0;0;0;0;0;0;0;0;0;0;0;0;0;0;0;0;0;0;0;0;0;0;0;0;0;0;0;0;0;0;0;0;0;0;0;0;0;0;0;0;0;0;2017-09-03 14:00:00;-1;0;50;50;0;0;-1;1;-1;-1;-1;-1;-1;-1;0;0;4;2;0;6;-1;0;0;0;0;0;0;0;0;0;0;0;0;0;1;1;0;0;-1;-1;0;0;-1;-1;-1;-1;-1;-1;-1;-1;-1;0;50;75;100;100;75;75;100;75;8;1.5;3;3.25;AFC Tubize;Union Saint-Gilloise;0.63;0.88;0;0;0.33;1;100;50;25;0;0;75;50;50;0;0;0;576;33;N;N;N;N;N;N;N
148261;690;2570;2017/2018;complete;893;5;-1;74,90;;2;0;2;10;3;13;4;1;0;3;0;0;3;0;10;6;13;6;13;16;55;45;0;3;1.75;3.9;4.96;0;0;0;0;0;0;0;0;0;0;0;0;0;0;0;0;0;0;0;0;0;0;0;0;0;0;0;0;0;0;0;0;0;0;0;0;0;0;0;0;0;0;0;0;0;0;0;0;0;0;0;0;0;0;0;0;0;0;0;0;0;0;0;0;0;2;0;0;2;0;2;0;2017-09-08 18:30:00;690;0;75;25;75;0;-1;1;-1;-1;-1;-1;-1;-1;0;1;0;2;1;2;-1;0;0;0;0;0;0;0;0;0;0;0;0;0;1;1;0;0;-1;-1;0;0;-1;-1;-1;-1;-1;-1;-1;-1;-1;25;50;50;75;100;50;75;75;75;11.5;2;6;3.75;OH Leuven;AFC Tubize;1.93;0.88;2;0.5;1.25;0.5;75;50;50;25;0;100;75;0;0;0;0;576;27;Y;Y;N;N;N;N;N
148262;2571;534;2017/2018;complete;893;5;-1;17,45;29,70;2;2;4;4;6;10;6;5;4;2;0;1;6;6;8;6;14;12;15;12;52;48;4;3;2.02;3.77;3.7;0;0;0;0;0;0;0;0;0;0;0;0;0;0;0;0;0;0;0;0;0;0;0;0;0;0;0;0;0;0;0;0;0;0;0;0;0;0;0;0;0;0;0;0;0;0;0;0;0;0;0;0;0;0;0;0;0;0;0;0;0;0;0;0;0;4;2;1;0;1;1;3;2017-09-09 15:00:00;-1;0;50;25;25;0;-1;1;-1;-1;-1;-1;-1;-1;2;1;2;2;3;4;-1;0;0;0;0;0;0;0;1;1;1;1;0;0;1;1;0;0;-1;-1;0;0;-1;-1;-1;-1;-1;-1;-1;-1;-1;0;50;100;100;100;25;100;100;75;13.5;3.5;6;3.5;Lierse SK;KVC Westerlo;2;1.13;1;0;0.75;0.5;100;50;0;0;0;100;50;50;0;0;0;576;27;Y;Y;Y;Y;N;N;Y
148263;2572;2569;2017/2018;complete;893;5;-1;30,38,54,68;;4;0;4;15;6;21;3;0;1;0;0;0;12;0;4;8;16;8;11;7;49;51;1;0;2.69;3.35;2.78;0;0;0;0;0;0;0;0;0;0;0;0;0;0;0;0;0;0;0;0;0;0;0;0;0;0;0;0;0;0;0;0;0;0;0;0;0;0;0;0;0;0;0;0;0;0;0;0;0;0;0;0;0;0;0;0;0;0;0;0;0;0;0;0;0;4;2;0;2;0;2;2;2017-09-09 18:30:00;2572;0;50;25;25;0;-1;1;-1;-1;-1;-1;-1;-1;0;0;1;0;0;1;-1;0;0;0;0;0;0;0;0;0;0;0;0;0;1;1;0;0;-1;-1;0;0;-1;-1;-1;-1;-1;-1;-1;-1;-1;0;50;100;100;100;25;100;100;100;11;6;4;3.5;Union Saint-Gilloise;SV Roeselare;1.24;1.24;3;2;1;1.75;100;50;0;0;0;100;50;50;0;0;0;576;33;Y;Y;Y;Y;N;N;N
148264;2567;2568;2017/2018;complete;893;5;-1;;65;0;1;1;5;3;8;2;7;0;3;1;0;12;5;5;4;17;9;17;13;50;50;2;3;1.8;3.83;4.69;0;0;0;0;0;0;0;0;0;0;0;0;0;0;0;0;0;0;0;0;0;0;0;0;0;0;0;0;0;0;0;0;0;0;0;0;0;0;0;0;0;0;0;0;0;0;0;0;0;0;0;0;0;0;0;0;0;0;0;0;0;0;0;0;0;1;0;0;0;1;1;0;2017-09-10 14:00:00;2568;0;25;25;0;0;-1;1;-1;-1;-1;-1;-1;-1;0;1;1;2;1;3;-1;0;0;0;0;0;0;0;0;0;0;0;0;0;1;1;0;0;-1;-1;0;0;-1;-1;-1;-1;-1;-1;-1;-1;-1;0;50;50;100;100;25;75;100;50;7.5;4;6.5;3;Cercle Brugge;Beerschot-Wilrijk;2.14;1.4;3;2;2.25;2.5;100;50;50;0;0;50;50;50;0;0;0;576;29;Y;N;N;N;N;N;N
148265;2572;690;2017/2018;complete;893;6;-1;;;0;0;0;6;4;10;1;1;2;2;0;0;4;2;4;12;8;14;15;7;55;45;2;2;2.82;3.45;2.59;0;0;0;0;0;0;0;0;0;0;0;0;0;0;0;0;0;0;0;0;0;0;0;0;0;0;0;0;0;0;0;0;0;0;0;0;0;0;0;0;0;0;0;0;0;0;0;0;0;0;0;0;0;0;0;0;0;0;0;0;0;0;0;0;0;0;0;0;0;0;0;0;2017-09-15 18:30:00;-1;0;50;25;25;0;-1;1;-1;-1;-1;-1;-1;-1;0;0;2;2;0;4;-1;0;0;0;0;0;0;0;0;0;0;0;0;0;1;1;0;0;-1;-1;0;0;-1;-1;-1;-1;-1;-1;-1;-1;-1;0;75;100;100;100;50;100;75;75;12.5;5;4;3.75;Union Saint-Gilloise;OH Leuven;1.24;1.46;3;0.5;1.4;1.6;100;25;0;0;0;50;25;25;0;0;0;576;27;N;N;N;N;N;N;N
148266;2568;534;2017/2018;complete;893;6;-1;72,85;17,66;2;2;4;9;1;10;3;0;2;2;1;0;4;3;0;0;4;3;20;12;61;39;3;2;1.76;3.97;4.73;0;0;0;0;0;0;0;0;0;0;0;0;0;0;0;0;0;0;0;0;0;0;0;0;0;0;0;0;0;0;0;0;0;0;0;0;0;0;0;0;0;0;0;0;0;0;0;0;0;0;0;0;0;0;0;0;0;0;0;0;0;0;0;0;0;4;0;1;2;1;3;1;2017-09-16 15:00:00;-1;0;25;25;0;0;-1;1;-1;-1;-1;-1;-1;-1;1;1;2;1;2;3;-1;0;0;0;0;0;0;0;0;0;0;0;0;0;1;1;0;0;-1;-1;0;0;-1;-1;-1;-1;-1;-1;-1;-1;-1;0;25;75;75;100;50;100;75;25;9.5;7;3;2.75;Beerschot-Wilrijk;KVC Westerlo;1.93;1.13;3;0.5;2.6;0.6;100;75;25;25;0;100;50;0;0;0;0;576;29;Y;Y;Y;Y;N;N;Y
148267;2570;2571;2017/2018;complete;893;6;-1;66,90;;2;0;2;9;4;13;3;3;0;0;0;0;5;8;2;6;7;14;14;12;49;51;0;0;2.75;3.53;2.61;0;0;0;0;0;0;0;0;0;0;0;0;0;0;0;0;0;0;0;0;0;0;0;0;0;0;0;0;0;0;0;0;0;0;0;0;0;0;0;0;0;0;0;0;0;0;0;0;0;0;0;0;0;0;0;0;0;0;0;0;0;0;0;0;0;2;0;0;2;0;2;0;2017-09-16 18:30:00;2570;0;50;50;25;0;-1;-1;-1;-1;-1;-1;-1;-1;0;0;0;0;0;0;-1;0;0;0;0;0;0;0;0;0;0;0;0;0;1;1;0;0;-1;-1;-1;-1;-1;-1;-1;-1;-1;-1;-1;-1;-1;0;50;50;75;75;50;75;75;50;6;2.5;6;2.5;AFC Tubize;Lierse SK;0.63;0.77;0.5;0.5;0.4;0.8;100;50;50;25;25;75;75;50;0;0;0;576;27;Y;Y;N;N;N;N;N
148268;2569;2567;2017/2018;complete;893;6;-1;87,90;35;2;1;3;2;7;9;5;7;4;3;0;0;7;3;2;5;9;8;25;22;42;58;4;3;2.58;3.58;2.75;0;0;0;0;0;0;0;0;0;0;0;0;0;0;0;0;0;0;0;0;0;0;0;0;0;0;0;0;0;0;0;0;0;0;0;0;0;0;0;0;0;0;0;0;0;0;0;0;0;0;0;0;0;0;0;0;0;0;0;0;0;0;0;0;0;3;0;1;2;0;2;1;2017-09-17 14:00:00;2569;0;75;0;50;0;-1;1;-1;-1;-1;-1;-1;-1;1;2;3;1;3;4;-1;0;0;0;0;0;0;0;1;0;1;0;0;0;1;1;0;0;-1;-1;0;0;-1;-1;-1;-1;-1;-1;-1;-1;-1;25;75;100;100;100;25;100;100;100;9;4.5;6;4.75;SV Roeselare;Cercle Brugge;1.56;1.47;1.5;1.5;1.4;1.8;75;25;0;0;0;50;25;25;0;0;0;576;29;Y;Y;Y;N;N;N;Y
148269;2567;2570;2017/2018;complete;893;7;-1;2,42,57,67;;4;0;4;4;2;6;3;1;1;4;0;0;10;5;6;11;16;16;10;12;51;49;1;4;1.65;4.04;5.7;0;0;0;0;0;0;0;0;0;0;0;0;0;0;0;0;0;0;0;0;0;0;0;0;0;0;0;0;0;0;0;0;0;0;0;0;0;0;0;0;0;0;0;0;0;0;0;0;0;0;0;0;0;0;0;0;0;0;0;0;0;0;0;0;0;4;2;0;2;0;2;2;2017-09-23 15:00:00;2567;0;17;0;17;0;-1;1;-1;-1;-1;-1;-1;-1;1;3;0;1;4;1;-1;0;0;0;0;0;0;0;0;0;0;0;0;0;1;1;1;0;-1;-1;0;0;-1;-1;-1;-1;-1;-1;-1;-1;-1;0;0;0;67;100;0;33;84;50;9;3.66;6.33;1.67;Cercle Brugge;AFC Tubize;2.14;0.88;2;0.33;1.5;0.83;100;100;100;33;0;50;50;17;0;0;0;576;29;Y;Y;Y;Y;N;N;N
148270;2571;2572;2017/2018;complete;893;7;-1;85,90;30;2;1;3;8;8;16;2;2;1;3;0;0;6;2;6;3;12;5;7;13;57;43;1;3;2.13;3.5;3.64;0;0;0;0;0;0;0;0;0;0;0;0;0;0;0;0;0;0;0;0;0;0;0;0;0;0;0;0;0;0;0;0;0;0;0;0;0;0;0;0;0;0;0;0;0;0;0;0;0;0;0;0;0;0;0;0;0;0;0;0;0;0;0;0;0;3;0;1;2;0;2;1;2017-09-23 18:30:00;2571;0;50;34;17;0;-1;1;-1;-1;-1;-1;-1;-1;0;0;1;3;0;4;-1;0;0;0;0;0;0;0;0;0;0;0;0;0;1;1;0;0;-1;-1;0;0;-1;-1;-1;-1;-1;-1;-1;-1;-1;0;50;67;84;84;50;67;84;33;13;4;6;2.84;Lierse SK;Union Saint-Gilloise;2;0.88;1;0.33;0.67;1.33;100;50;34;17;17;84;67;50;0;0;0;576;27;Y;Y;Y;N;N;N;Y
148271;690;2568;2017/2018;complete;893;7;-1;90;61;1;1;2;7;0;7;0;3;3;3;0;1;5;5;7;4;12;9;22;13;54;46;3;4;2.43;3.47;3.03;0;0;0;0;0;0;0;0;0;0;0;0;0;0;0;0;0;0;0;0;0;0;0;0;0;0;0;0;0;0;0;0;0;0;0;0;0;0;0;0;0;0;0;0;0;0;0;0;0;0;0;0;0;0;0;0;0;0;0;0;0;0;0;0;0;2;0;0;1;1;2;0;2017-09-24 14:00:00;-1;0;50;33;34;0;-1;1;-1;-1;-1;-1;-1;-1;1;1;2;3;2;5;-1;0;0;0;0;0;0;0;0;0;0;0;0;0;1;1;0;0;-1;-1;0;0;-1;-1;-1;-1;-1;-1;-1;-1;-1;17;67;67;84;100;50;67;100;67;10.67;5;4.67;3.84;OH Leuven;Beerschot-Wilrijk;1.93;1.4;2.33;2.33;1.5;2.33;84;33;33;17;0;84;67;50;0;0;0;576;27;Y;Y;N;N;N;N;Y
148272;534;2569;2017/2018;complete;893;7;-1;13,36,77,88;;4;0;4;4;2;6;4;2;1;3;0;1;7;2;3;5;10;7;19;11;51;49;1;5;2.57;3.53;2.79;0;0;0;0;0;0;0;0;0;0;0;0;0;0;0;0;0;0;0;0;0;0;0;0;0;0;0;0;0;0;0;0;0;0;0;0;0;0;0;0;0;0;0;0;0;0;0;0;0;0;0;0;0;0;0;0;0;0;0;0;0;0;0;0;0;4;2;0;2;0;2;2;2017-09-24 18:00:00;534;0;84;33;33;0;-1;1;-1;-1;-1;-1;-1;-1;0;2;1;2;2;3;-1;0;0;0;0;0;0;0;1;0;1;0;0;0;1;1;0;0;-1;-1;0;1;-1;-1;-1;-1;-1;-1;-1;-1;-1;0;67;84;100;100;50;84;84;84;10.34;2.33;5.33;3.5;KVC Westerlo;SV Roeselare;1.18;1.24;0.67;1.33;0.67;1.67;100;34;17;0;0;67;67;50;0;0;0;576;33;Y;Y;Y;Y;N;N;N
148273;2572;2567;2017/2018;complete;893;8;-1;28;60,74;1;2;3;9;1;10;4;4;1;2;0;0;6;0;3;3;9;3;14;9;53;47;1;2;3.7;3.52;2.1;0;0;0;0;0;0;0;0;0;0;0;0;0;0;0;0;0;0;0;0;0;0;0;0;0;0;0;0;0;0;0;0;0;0;0;0;0;0;0;0;0;0;0;0;0;0;0;0;0;0;0;0;0;0;0;0;0;0;0;0;0;0;0;0;0;3;1;0;0;2;2;1;2017-09-29 18:30:00;2567;0;50;0;17;0;-1;1;-1;-1;-1;-1;-1;-1;0;0;1;2;0;3;-1;0;0;0;0;0;0;0;0;0;0;0;0;0;1;1;0;0;-1;-1;0;0;-1;-1;-1;-1;-1;-1;-1;-1;-1;17;33;84;84;84;33;84;84;84;13.33;7;5;3.5;Union Saint-Gilloise;Cercle Brugge;1.24;1.47;2.33;1;1.14;1.71;84;67;17;17;17;84;34;17;0;0;0;576;29;Y;Y;Y;N;N;N;Y
148274;690;2569;2017/2018;complete;893;8;-1;14,89;;2;0;2;3;4;7;2;1;0;3;0;0;4;0;2;0;6;0;13;20;51;49;0;3;1.82;3.87;4.5;0;0;0;0;0;0;0;0;0;0;0;0;0;0;0;0;0;0;0;0;0;0;0;0;0;0;0;0;0;0;0;0;0;0;0;0;0;0;0;0;0;0;0;0;0;0;0;0;0;0;0;0;0;0;0;0;0;0;0;0;0;0;0;0;0;2;1;0;1;0;1;1;2017-09-30 15:00:00;690;0;63;25;50;0;-1;1;-1;-1;-1;-1;-1;-1;0;2;0;1;2;1;-1;0;0;0;0;0;0;0;0;0;0;0;0;0;1;1;0;0;-1;-1;0;0;-1;-1;-1;-1;-1;-1;-1;-1;-1;13;75;75;100;100;63;75;100;100;12.5;2.75;3.75;4;OH Leuven;SV Roeselare;1.93;1.24;2;1;1.43;1.43;88;25;25;0;0;75;63;50;0;0;0;576;27;Y;Y;N;N;N;N;N
148275;2570;534;2017/2018;complete;893;8;-1;77;55,75;1;2;3;3;6;9;0;4;3;2;1;0;4;7;4;7;8;14;13;11;45;55;4;2;2.22;3.6;3.32;0;0;0;0;0;0;0;0;0;0;0;0;0;0;0;0;0;0;0;0;0;0;0;0;0;0;0;0;0;0;0;0;0;0;0;0;0;0;0;0;0;0;0;0;0;0;0;0;0;0;0;0;0;0;0;0;0;0;0;0;0;0;0;0;0;3;0;0;1;2;3;0;2017-09-30 18:30:00;534;0;50;33;17;0;-1;1;-1;-1;-1;-1;-1;-1;2;0;2;2;2;4;-1;0;0;0;0;0;0;0;0;0;0;0;0;0;1;1;0;0;-1;-1;0;0;-1;-1;-1;-1;-1;-1;-1;-1;-1;0;50;67;84;84;33;67;84;67;9.33;4;4;2.84;AFC Tubize;KVC Westerlo;0.63;1.13;1.33;0.67;0.71;1;100;50;34;17;17;100;84;50;0;0;0;576;33;Y;Y;Y;N;N;N;Y
148276;2568;2571;2017/2018;complete;893;8;-1;48,76,79,88;;4;0;4;4;5;9;3;3;1;3;0;0;6;3;11;9;17;12;13;12;51;49;1;3;2.03;3.62;3.84;0;0;0;0;0;0;0;0;0;0;0;0;0;0;0;0;0;0;0;0;0;0;0;0;0;0;0;0;0;0;0;0;0;0;0;0;0;0;0;0;0;0;0;0;0;0;0;0;0;0;0;0;0;0;0;0;0;0;0;0;0;0;0;0;0;4;0;0;4;0;4;0;2017-10-01 14:00:00;2568;0;33;17;33;0;-1;1;-1;-1;-1;-1;-1;-1;0;1;1;2;1;3;-1;0;0;0;0;0;0;0;0;0;0;0;0;0;1;1;0;0;-1;-1;0;0;-1;-1;-1;-1;-1;-1;-1;-1;-1;0;33;50;84;100;33;84;84;50;8.67;5.34;3.67;2.67;Beerschot-Wilrijk;Lierse SK;1.93;0.77;2.33;0.33;2.14;1;100;67;50;17;0;84;67;17;0;0;0;576;27;Y;Y;Y;Y;N;N;N
148277;2567;690;2017/2018;complete;893;9;-1;;28,54,77;0;3;3;9;5;14;1;3;2;1;0;0;3;7;6;6;9;13;11;11;50;50;2;1;2.06;3.55;3.8;0;0;0;0;0;0;0;0;0;0;0;0;0;0;0;0;0;0;0;0;0;0;0;0;0;0;0;0;0;0;0;0;0;0;0;0;0;0;0;0;0;0;0;0;0;0;0;0;0;0;0;0;0;0;0;0;0;0;0;0;0;0;0;0;0;3;0;1;0;2;2;1;2017-10-03 18:30:00;690;0;34;17;17;0;-1;1;-1;-1;-1;-1;-1;-1;2;1;0;0;3;0;-1;0;0;0;0;0;0;0;0;0;0;0;0;0;1;1;0;0;-1;-1;0;0;-1;-1;-1;-1;-1;-1;-1;-1;-1;0;46;46;71;84;29;59;67;42;7.33;3.83;4.33;2.46;Cercle Brugge;OH Leuven;2.14;1.46;2.25;0.67;1.88;1.63;100;54;54;29;17;17;17;0;0;0;0;576;27;Y;Y;Y;N;N;N;N
148278;534;2572;2017/2018;complete;893;9;-1;;30,57,63;0;3;3;7;0;7;3;5;3;2;0;0;3;5;10;1;13;6;10;14;47;53;3;2;2.57;3.54;2.79;0;0;0;0;0;0;0;0;0;0;0;0;0;0;0;0;0;0;0;0;0;0;0;0;0;0;0;0;0;0;0;0;0;0;0;0;0;0;0;0;0;0;0;0;0;0;0;0;0;0;0;0;0;0;0;0;0;0;0;0;0;0;0;0;0;3;0;1;0;2;2;1;2017-10-04 18:30:00;2572;0;50;13;13;0;-1;1;-1;-1;-1;-1;-1;-1;0;0;3;2;0;5;-1;0;0;0;0;0;0;0;0;0;0;0;0;0;1;1;0;0;-1;-1;0;0;-1;-1;-1;-1;-1;-1;-1;-1;-1;0;25;63;88;88;38;63;75;63;10.25;2.5;6;2.63;KVC Westerlo;Union Saint-Gilloise;1.18;0.88;1.25;0.25;1.25;1;100;75;38;13;13;50;38;25;0;0;0;576;33;Y;Y;Y;N;N;N;N
148279;2570;2568;2017/2018;complete;893;9;-1;;86;0;1;1;6;2;8;1;2;1;2;1;0;4;3;8;7;12;10;19;16;47;53;2;2;3.21;3.41;2.35;0;0;0;0;0;0;0;0;0;0;0;0;0;0;0;0;0;0;0;0;0;0;0;0;0;0;0;0;0;0;0;0;0;0;0;0;0;0;0;0;0;0;0;0;0;0;0;0;0;0;0;0;0;0;0;0;0;0;0;0;0;0;0;0;0;1;0;0;0;1;1;0;2017-10-04 18:30:00;2568;0;50;25;25;0;-1;1;-1;-1;-1;-1;-1;-1;0;1;2;1;1;3;-1;0;0;0;0;0;0;0;0;0;0;0;0;0;1;1;0;0;-1;-1;0;0;-1;-1;-1;-1;-1;-1;-1;-1;-1;0;38;50;75;88;25;38;88;63;7.5;4.75;5.75;2.5;AFC Tubize;Beerschot-Wilrijk;0.63;1.4;1;2;0.63;2.25;100;63;50;25;13;75;63;63;0;0;0;576;29;Y;N;N;N;N;N;N
148280;2569;2571;2017/2018;complete;893;9;-1;7,45;;2;0;2;2;4;6;3;4;1;2;0;0;7;0;3;6;10;6;16;14;38;62;1;2;2.46;3.54;2.94;0;0;0;0;0;0;0;0;0;0;0;0;0;0;0;0;0;0;0;0;0;0;0;0;0;0;0;0;0;0;0;0;0;0;0;0;0;0;0;0;0;0;0;0;0;0;0;0;0;0;0;0;0;0;0;0;0;0;0;0;0;0;0;0;0;2;2;0;0;0;0;2;2017-10-05 18:30:00;2569;0;46;13;29;0;-1;1;-1;-1;-1;-1;-1;-1;0;0;1;2;0;3;-1;0;0;0;0;0;0;0;0;0;0;0;0;0;1;1;1;0;-1;-1;0;0;-1;-1;-1;-1;-1;-1;-1;-1;-1;0;59;75;100;100;13;75;100;88;7.5;4.67;5.75;3.34;SV Roeselare;Lierse SK;1.56;0.77;2;0.25;1.25;0.88;100;42;25;0;0;71;42;29;0;0;0;576;27;Y;Y;N;N;N;N;N
148281;2568;2567;2017/2018;complete;893;10;-1;;2,28,69;0;3;3;5;4;9;2;0;2;4;0;0;0;5;10;6;10;11;14;19;57;43;2;4;2.16;3.69;3.38;0;0;0;0;0;0;0;0;0;0;0;0;0;0;0;0;0;0;0;0;0;0;0;0;0;0;0;0;0;0;0;0;0;0;0;0;0;0;0;0;0;0;0;0;0;0;0;0;0;0;0;0;0;0;0;0;0;0;0;0;0;0;0;0;0;3;0;2;0;1;1;2;2017-10-07 18:30:00;2567;0;63;0;25;0;-1;1;-1;-1;-1;-1;-1;-1;0;3;2;1;3;3;-1;0;0;0;0;0;0;0;0;0;0;0;0;0;1;1;0;1;-1;-1;0;0;-1;-1;-1;-1;-1;-1;-1;-1;-1;13;38;88;88;100;25;88;88;75;9.25;7.75;4;3.63;Beerschot-Wilrijk;Cercle Brugge;1.93;1.47;2.5;1.5;2.33;1.67;88;63;13;13;0;88;38;0;0;0;0;576;29;Y;Y;Y;N;N;N;N
148282;2571;2570;2017/2018;complete;893;10;-1;57;28;1;1;2;13;1;14;3;6;0;3;0;0;5;2;6;3;11;5;11;12;57;43;0;3;1.83;3.8;4.55;0;0;0;0;0;0;0;0;0;0;0;0;0;0;0;0;0;0;0;0;0;0;0;0;0;0;0;0;0;0;0;0;0;0;0;0;0;0;0;0;0;0;0;0;0;0;0;0;0;0;0;0;0;0;0;0;0;0;0;0;0;0;0;0;0;2;0;1;1;0;1;1;2017-10-08 12:30:00;-1;0;63;25;25;0;-1;1;-1;-1;-1;-1;-1;-1;0;1;0;2;1;2;-1;0;0;0;0;0;0;0;1;0;1;0;0;0;1;1;0;0;-1;-1;0;0;-1;-1;-1;-1;-1;-1;-1;-1;-1;0;50;63;88;100;38;75;88;63;11.5;4.5;6.75;3;Lierse SK;AFC Tubize;2;0.88;1.5;0.25;0.78;0.56;100;50;38;13;0;88;88;50;0;0;0;576;27;Y;Y;N;N;N;N;Y
148283;2569;2572;2017/2018;complete;893;10;-1;76;;1;0;1;2;2;4;3;6;1;2;0;0;5;5;6;2;11;7;11;23;44;56;1;2;1.96;3.77;3.92;0;0;0;0;0;0;0;0;0;0;0;0;0;0;0;0;0;0;0;0;0;0;0;0;0;0;0;0;0;0;0;0;0;0;0;0;0;0;0;0;0;0;0;0;0;0;0;0;0;0;0;0;0;0;0;0;0;0;0;0;0;0;0;0;0;1;0;0;1;0;1;0;2017-10-08 12:30:00;2569;0;35;0;13;0;-1;1;-1;-1;-1;-1;-1;-1;0;0;1;2;0;3;-1;0;0;0;0;0;0;0;0;0;0;0;0;0;1;1;0;0;-1;-1;0;0;-1;-1;-1;-1;-1;-1;-1;-1;-1;0;25;68;90;90;23;80;78;68;8.7;4.35;5.1;2.73;SV Roeselare;Union Saint-Gilloise;1.56;0.88;2.25;0.8;1.44;1.22;100;75;33;10;10;55;33;33;0;0;0;576;33;Y;N;N;N;N;N;N
148284;690;534;2017/2018;complete;893;10;-1;63,90;79;2;1;3;4;1;5;0;2;1;2;0;0;3;2;0;0;3;2;15;7;50;50;1;2;1.64;4.26;5.36;0;0;0;0;0;0;0;0;0;0;0;0;0;0;0;0;0;0;0;0;0;0;0;0;0;0;0;0;0;0;0;0;0;0;0;0;0;0;0;0;0;0;0;0;0;0;0;0;0;0;0;0;0;0;0;0;0;0;0;0;0;0;0;0;0;3;0;0;2;1;3;0;2017-10-08 16:00:00;690;0;68;23;55;0;-1;1;-1;-1;-1;-1;-1;-1;0;2;1;0;2;1;-1;0;0;0;0;0;0;0;0;0;0;0;0;0;1;1;0;0;-1;-1;0;0;-1;-1;-1;-1;-1;-1;-1;-1;-1;10;45;70;100;100;33;68;100;78;10.7;3.9;3.7;3.55;OH Leuven;KVC Westerlo;1.93;1.13;2.2;1.25;1.78;1.11;90;55;30;0;0;80;45;10;0;0;0;576;27;Y;Y;Y;N;N;N;Y
148285;2570;690;2017/2018;complete;893;11;-1;54;28,76;1;2;3;5;5;10;4;0;4;1;0;0;5;4;9;6;14;10;17;11;53;47;4;1;3.75;3.7;2.03;0;0;0;0;0;0;0;0;0;0;0;0;0;0;0;0;0;0;0;0;0;0;0;0;0;0;0;0;0;0;0;0;0;0;0;0;0;0;0;0;0;0;0;0;0;0;0;0;0;0;0;0;0;0;0;0;0;0;0;0;0;0;0;0;0;3;0;1;1;1;2;1;2017-10-13 18:30:00;690;0;45;23;23;0;-1;1;-1;-1;-1;-1;-1;-1;1;0;3;1;1;4;-1;0;0;0;0;0;0;0;0;0;0;0;0;0;1;1;0;0;-1;-1;0;0;-1;-1;-1;-1;-1;-1;-1;-1;-1;0;35;58;68;78;23;48;65;55;8.75;3.15;4;2.38;AFC Tubize;OH Leuven;0.63;1.46;0.8;1.25;0.6;1.9;100;65;43;33;23;65;55;43;0;0;0;576;27;Y;Y;Y;N;N;N;Y
148286;2567;2569;2017/2018;complete;893;11;-1;65;32;1;1;2;4;6;10;2;1;1;2;0;0;6;4;4;5;10;9;12;12;51;49;1;2;1.96;3.8;3.9;0;0;0;0;0;0;0;0;0;0;0;0;0;0;0;0;0;0;0;0;0;0;0;0;0;0;0;0;0;0;0;0;0;0;0;0;0;0;0;0;0;0;0;0;0;0;0;0;0;0;0;0;0;0;0;0;0;0;0;0;0;0;0;0;0;2;0;1;1;0;1;1;2017-10-14 15:00:00;-1;0;20;10;10;0;-1;1;-1;-1;-1;-1;-1;-1;0;0;1;2;0;3;-1;0;0;0;0;0;0;0;1;0;1;0;0;0;1;1;0;0;-1;-1;0;0;-1;-1;-1;-1;-1;-1;-1;-1;-1;0;50;60;90;100;40;80;100;70;10.2;3.6;4.4;3;Cercle Brugge;SV Roeselare;2.14;1.24;1.8;0.8;1.8;1.6;100;50;40;10;0;40;40;40;0;0;0;576;29;Y;Y;N;N;N;N;Y
148287;534;2568;2017/2018;complete;893;11;-1;;;0;0;0;4;3;7;2;0;4;2;0;0;3;0;3;5;6;5;17;16;44;56;4;2;3.96;3.78;1.95;0;0;1.8;0;0;0;0;0;0;0;0;0;0;0;0;0;0;0;0;0;0;0;0;0;0;0;0;0;0;0;0;0;0;0;0;0;0;0;0;0;0;0;0;0;0;0;0;0;0;0;0;0;0;0;0;0;0;0;0;0;0;0;0;0;0;0;0;0;0;0;0;0;2017-10-15 14:00:00;-1;0;50;20;20;0;-1;1;-1;-1;-1;-1;-1;-1;1;0;3;2;1;5;-1;0;0;0;0;0;0;0;0;0;0;0;0;0;1;1;0;0;-1;-1;0;0;-1;-1;-1;-1;-1;-1;-1;-1;-1;0;40;60;80;100;30;60;90;60;7;5;6.6;2.8;KVC Westerlo;Beerschot-Wilrijk;1.18;1.4;1;2.2;1;2.1;100;60;40;20;0;30;30;20;0;0;0;576;29;N;N;N;N;N;N;N
148288;2572;2571;2017/2018;complete;893;11;-1;17,21,25;49,90;3;2;5;3;5;8;4;2;2;4;0;0;8;6;8;8;16;14;17;11;53;47;2;4;2.1;3.68;3.54;0;0;0;0;0;0;0;0;0;0;0;0;0;0;0;0;0;0;0;0;0;0;0;0;0;0;0;0;0;0;0;0;0;0;0;0;0;0;0;0;0;0;0;0;0;0;0;0;0;0;0;0;0;0;0;0;0;0;0;0;0;0;0;0;0;5;3;0;0;2;2;3;2017-10-16 18:30:00;2572;0;23;10;10;0;-1;1;-1;-1;-1;-1;-1;-1;1;2;1;2;3;3;-1;0;0;0;0;0;0;0;1;0;1;0;0;0;1;1;0;0;-1;-1;0;0;-1;-1;-1;-1;-1;-1;-1;-1;-1;0;33;58;88;88;33;68;78;68;12.1;5.4;4.1;2.65;Union Saint-Gilloise;Lierse SK;1.24;0.77;1.75;0.2;1.1;0.8;100;68;43;13;13;80;58;23;0;0;0;576;27;Y;Y;Y;Y;Y;N;Y
148289;2571;2567;2017/2018;complete;893;12;-1;13,19,68;51,76;3;2;5;4;8;12;1;1;0;2;0;0;4;8;2;2;6;10;10;13;48;52;0;2;2.53;3.51;2.85;0;0;1.75;0;0;0;0;0;0;0;0;0;0;0;0;0;0;0;0;0;0;0;0;0;0;0;0;0;0;0;0;0;0;0;0;0;0;0;0;0;0;0;0;0;0;0;0;0;0;0;0;0;0;0;0;0;0;0;0;0;0;0;0;0;0;5;2;0;1;2;3;2;2017-10-21 15:00:00;2571;0;90;20;20;0;-1;1;-1;-1;-1;-1;-1;-1;0;1;0;1;1;1;-1;0;0;0;0;0;0;0;0;0;0;0;0;0;1;1;0;0;-1;-1;0;0;-1;-1;-1;-1;-1;-1;-1;-1;-1;10;40;90;100;100;40;100;100;60;12.4;6.6;5.4;3.7;Lierse SK;Cercle Brugge;2;1.47;1.4;1.8;0.73;1.73;90;60;10;0;0;90;60;40;0;0;0;576;27;Y;Y;Y;Y;Y;N;Y
148290;2569;534;2017/2018;complete;893;12;-1;;;0;0;0;6;2;8;1;3;3;1;0;0;3;5;7;2;10;7;17;7;51;49;3;1;2.06;3.71;3.64;0;0;0;0;0;0;0;0;0;0;0;0;0;0;0;0;0;0;0;0;0;0;0;0;0;0;0;0;0;0;0;0;0;0;0;0;0;0;0;0;0;0;0;0;0;0;0;0;0;0;0;0;0;0;0;0;0;0;0;0;0;0;0;0;0;0;0;0;0;0;0;0;2017-10-21 18:30:00;-1;0;60;10;40;0;-1;1;-1;-1;-1;-1;-1;-1;2;0;1;1;2;2;-1;0;0;0;0;0;0;0;0;0;0;0;0;0;1;1;0;0;-1;-1;0;0;-1;-1;-1;-1;-1;-1;-1;-1;-1;0;40;80;90;100;20;70;90;70;7;5.2;4.6;3.1;SV Roeselare;KVC Westerlo;1.56;1.13;2.4;1;1.55;1;100;60;20;10;0;60;30;10;0;0;0;576;33;N;N;N;N;N;N;N
148291;2568;690;2017/2018;complete;893;12;-1;13,83;54,58;2;2;4;8;4;12;4;2;4;3;0;0;3;3;1;2;4;5;10;14;55;45;4;3;2.36;3.46;3.15;0;0;1.75;0;0;0;0;0;0;0;0;0;0;0;0;0;0;0;0;0;0;0;0;0;0;0;0;0;0;0;0;0;0;0;0;0;0;0;0;0;0;0;0;0;0;0;0;0;0;0;0;0;0;0;0;0;0;0;0;0;0;0;0;0;0;4;1;0;1;2;3;1;2017-10-22 14:00:00;-1;0;40;10;30;0;-1;1;-1;-1;-1;-1;-1;-1;1;1;3;2;2;5;-1;0;0;0;0;0;0;0;0;0;0;0;0;0;1;1;0;0;-1;-1;0;0;-1;-1;-1;-1;-1;-1;-1;-1;-1;0;40;80;80;90;30;80;70;50;9.2;4.6;3;2.9;Beerschot-Wilrijk;OH Leuven;1.93;1.46;2;1.6;2;2;100;60;20;20;10;80;50;10;0;0;0;576;27;Y;Y;Y;Y;N;N;Y
148292;2572;2570;2017/2018;complete;893;12;-1;7;36,85;1;2;3;3;10;13;2;2;1;3;0;0;7;9;3;10;10;19;11;18;48;52;1;3;2.04;3.56;3.87;0;0;0;0;0;0;0;0;0;0;0;0;0;0;0;0;0;0;0;0;0;0;0;0;0;0;0;0;0;0;0;0;0;0;0;0;0;0;0;0;0;0;0;0;0;0;0;0;0;0;0;0;0;0;0;0;0;0;0;0;0;0;0;0;0;3;1;1;0;1;1;2;2017-10-23 18:30:00;2570;0;40;0;10;0;-1;1;-1;-1;-1;-1;-1;-1;1;0;0;3;1;3;-1;0;0;0;0;0;0;0;0;0;0;0;0;0;1;1;1;0;-1;-1;0;0;-1;-1;-1;-1;-1;-1;-1;-1;-1;10;30;50;80;90;30;70;80;70;11;5.4;5.4;2.6;Union Saint-Gilloise;AFC Tubize;1.24;0.88;2;0.4;1.27;0.55;90;70;50;20;10;80;70;30;0;0;0;576;33;Y;Y;Y;N;N;N;Y
148293;2568;2569;2017/2018;complete;893;13;-1;9,25,33,54,63;;5;0;5;1;3;4;4;0;1;3;0;0;6;0;1;3;7;3;19;12;54;46;1;3;1.74;3.88;5.04;0;0;0;0;0;0;0;0;0;0;0;0;0;0;0;0;0;0;0;0;0;0;0;0;0;0;0;0;0;0;0;0;0;0;0;0;0;0;0;0;0;0;0;0;0;0;0;0;0;0;0;0;0;0;0;0;0;0;0;0;0;0;0;0;0;5;3;0;2;0;2;3;2017-10-27 18:30:00;2568;0;42;9;25;0;-1;1;-1;-1;-1;-1;-1;-1;0;1;1;2;1;3;-1;0;0;0;0;0;0;0;1;0;1;0;0;0;1;1;1;0;-1;-1;0;0;-1;-1;-1;-1;-1;-1;-1;-1;-1;0;59;75;92;100;42;92;92;59;11;4.66;4;3.25;Beerschot-Wilrijk;SV Roeselare;1.93;1.24;1.83;0.83;1.92;1.5;100;42;25;9;0;84;59;34;0;0;0;576;29;Y;Y;Y;Y;Y;N;N
148294;534;2571;2017/2018;complete;893;13;-1;;10;0;1;1;4;1;5;3;1;2;1;0;0;3;2;3;0;6;2;14;12;58;42;2;1;2.39;3.53;3.04;0;0;0;0;0;0;0;0;0;0;0;0;0;0;0;0;0;0;0;0;0;0;0;0;0;0;0;0;0;0;0;0;0;0;0;0;0;0;0;0;0;0;0;0;0;0;0;0;0;0;0;0;0;0;0;0;0;0;0;0;0;0;0;0;0;1;0;1;0;0;0;1;2017-10-28 15:00:00;2571;0;42;17;17;0;-1;1;-1;-1;-1;-1;-1;-1;1;0;1;1;1;2;-1;0;0;0;0;0;0;0;0;0;0;0;0;0;1;1;0;1;-1;-1;0;0;-1;-1;-1;-1;-1;-1;-1;-1;-1;9;42;59;92;92;42;67;75;67;8.16;4.33;6.16;2.92;KVC Westerlo;Lierse SK;1.18;0.77;1;0.17;1;0.92;92;59;42;9;9;34;25;9;0;0;0;576;27;Y;N;N;N;N;N;N
148295;690;2572;2017/2018;complete;893;13;-1;64;;1;0;1;4;8;12;1;1;4;4;0;0;3;4;6;9;9;13;18;20;44;56;4;4;1.74;3.88;5.03;0;0;0;0;0;0;0;0;0;0;0;0;0;0;0;0;0;0;0;0;0;0;0;0;0;0;0;0;0;0;0;0;0;0;0;0;0;0;0;0;0;0;0;0;0;0;0;0;0;0;0;0;0;0;0;0;0;0;0;0;0;0;0;0;0;1;0;0;1;0;1;0;2017-10-28 18:30:00;690;0;42;9;34;0;-1;1;-1;-1;-1;-1;-1;-1;2;2;2;2;4;4;-1;0;0;0;0;0;0;0;0;0;0;0;0;0;1;1;0;0;-1;-1;2;0;-1;-1;-1;-1;-1;-1;-1;-1;-1;9;17;50;84;92;25;50;92;67;10.5;3.5;3.67;2.75;OH Leuven;Union Saint-Gilloise;1.93;0.88;2.33;0.67;1.92;1.17;92;84;50;17;9;50;33;25;0;0;0;576;27;Y;N;N;N;N;N;N
148296;2570;2567;2017/2018;complete;893;13;-1;50;57;1;1;2;6;8;14;4;3;1;1;0;0;4;7;6;11;10;18;9;11;49;51;1;1;4.18;3.71;1.92;0;0;0;0;0;0;0;0;0;0;0;0;0;0;0;0;0;0;0;0;0;0;0;0;0;0;0;0;0;0;0;0;0;0;0;0;0;0;0;0;0;0;0;0;0;0;0;0;0;0;0;0;0;0;0;0;0;0;0;0;0;0;0;0;0;2;0;0;1;1;2;0;2017-10-29 15:00:00;-1;0;67;9;33;0;-1;1;-1;-1;-1;-1;-1;-1;1;1;0;0;2;0;-1;0;0;0;0;0;0;0;0;1;0;1;0;0;1;1;0;0;-1;-1;0;0;-1;-1;-1;-1;-1;-1;-1;-1;-1;17;25;75;84;92;34;67;92;75;9.67;4.83;5.33;3.17;AFC Tubize;Cercle Brugge;0.63;1.47;0.67;1.5;0.75;1.58;84;75;25;17;9;83;50;34;0;0;0;576;29;Y;Y;N;N;N;N;Y
148297;2571;690;2017/2018;complete;893;14;-1;65,72;51;2;1;3;3;12;15;7;1;4;5;1;0;5;4;2;3;7;7;13;13;45;55;5;5;3.71;3.79;2.01;0;0;0;0;0;0;0;0;0;0;0;0;0;0;0;0;0;0;0;0;0;0;0;0;0;0;0;0;0;0;0;0;0;0;0;0;0;0;0;0;0;0;0;0;0;0;0;0;0;0;0;0;0;0;0;0;0;0;0;0;0;0;0;0;0;3;0;0;2;1;3;0;2017-11-05 15:00:00;2571;0;84;25;42;0;-1;1;-1;-1;-1;-1;-1;-1;1;0;4;5;1;9;-1;0;0;0;0;0;0;0;0;0;0;0;0;0;1;1;0;0;-1;-1;0;0;-1;-1;-1;-1;-1;-1;-1;-1;-1;9;59;83;92;92;34;92;84;59;11.67;4.33;3.83;3.34;Lierse SK;OH Leuven;2;1.46;1.67;1.5;1.08;2;92;42;17;9;9;84;84;58;0;0;0;576;27;Y;Y;Y;N;N;N;Y
148298;2569;2570;2017/2018;complete;893;14;-1;53;;1;0;1;5;7;12;10;10;2;2;0;0;4;7;2;1;6;8;13;16;42;58;2;2;1.98;3.65;3.97;0;0;0;0;0;0;0;0;0;0;0;0;0;0;0;0;0;0;0;0;0;0;0;0;0;0;0;0;0;0;0;0;0;0;0;0;0;0;0;0;0;0;0;0;0;0;0;0;0;0;0;0;0;0;0;0;0;0;0;0;0;0;0;0;0;1;0;0;1;0;1;0;2017-11-05 15:00:00;2569;0;42;9;17;0;-1;1;-1;-1;-1;-1;-1;-1;0;1;2;1;1;3;-1;0;0;0;0;0;0;0;0;0;0;0;0;0;1;1;0;0;-1;-1;0;0;-1;-1;-1;-1;-1;-1;-1;-1;-1;0;25;42;75;92;25;67;75;50;8.34;4.67;6;2.33;SV Roeselare;AFC Tubize;1.56;0.88;2.17;0.83;1.38;0.77;100;75;59;25;9;58;50;34;0;0;0;576;33;Y;N;N;N;N;N;N
148299;2567;534;2017/2018;complete;893;14;-1;22,82,90;69;3;1;4;7;6;13;3;3;2;4;0;0;7;2;2;6;9;8;15;15;49;51;2;4;1.6;4.1;6.15;0;0;0;0;0;0;0;0;0;0;0;0;0;0;0;0;0;0;0;0;0;0;0;0;0;0;0;0;0;0;0;0;0;0;0;0;0;0;0;0;0;0;0;0;0;0;0;0;0;0;0;0;0;0;0;0;0;0;0;0;0;0;0;0;0;4;1;0;2;1;3;1;2017-11-05 15:00:00;2567;0;42;9;25;0;-1;1;-1;-1;-1;-1;-1;-1;1;1;1;3;2;4;-1;0;0;0;0;0;0;0;0;0;0;0;0;0;1;1;0;0;-1;-1;0;0;-1;-1;-1;-1;-1;-1;-1;-1;-1;0;25;58;83;92;17;59;92;59;8.33;4.67;4;2.58;Cercle Brugge;KVC Westerlo;2.14;1.13;1.67;1;1.54;0.92;100;75;42;17;9;50;33;9;0;0;0;576;29;Y;Y;Y;Y;N;N;Y
148300;2572;2568;2017/2018;complete;893;14;-1;;58,60,90;0;3;3;4;4;8;2;2;2;2;0;0;0;6;12;6;12;12;15;14;53;47;2;2;3.99;3.66;1.97;0;0;0;0;0;0;0;0;0;0;0;0;0;0;0;0;0;0;0;0;0;0;0;0;0;0;0;0;0;0;0;0;0;0;0;0;0;0;0;0;0;0;0;0;0;0;0;0;0;0;0;0;0;0;0;0;0;0;0;0;0;0;0;0;0;3;0;0;0;3;3;0;2017-11-05 15:00:00;2568;0;42;17;9;0;-1;1;-1;-1;-1;-1;-1;-1;2;0;0;2;2;2;-1;0;0;0;0;0;0;0;0;0;0;0;0;0;1;1;0;0;-1;-1;0;0;-1;-1;-1;-1;-1;-1;-1;-1;-1;9;33;58;67;83;34;58;83;50;9.34;5.5;4.67;2.5;Union Saint-Gilloise;Beerschot-Wilrijk;1.24;1.4;1.67;2;1.08;2;92;67;42;34;17;58;50;33;0;0;0;576;29;Y;Y;Y;N;N;N;N
148301;2570;2571;2017/2018;complete;894;1;-1;85;38,55;1;2;3;11;1;12;1;3;1;1;0;0;5;5;7;3;12;8;17;10;56;44;1;1;2.83;3.72;2.45;0;0;0;0;0;0;0;0;0;0;0;0;0;0;0;0;0;0;0;0;0;0;0;0;0;0;0;0;0;0;0;0;0;0;0;0;0;0;0;0;0;0;0;0;0;0;0;0;0;0;0;0;0;0;0;0;0;0;0;0;0;0;0;0;0;3;0;1;1;1;2;1;2017-11-11 16:00:00;2571;0;43;14;29;0;-1;1;-1;-1;-1;-1;-1;-1;0;0;1;1;0;2;-1;0;0;0;0;0;0;0;0;1;0;1;0;0;1;1;0;0;-1;-1;0;0;-1;-1;-1;-1;-1;-1;-1;-1;-1;7;29;43;79;93;29;50;79;64;8.57;4.28;4.71;2.5;AFC Tubize;Lierse SK;0.63;0.77;0.71;0.57;0.71;1.21;93;72;57;22;7;65;50;36;0;0;0;576;27;Y;Y;Y;N;N;N;Y
148302;534;2572;2017/2018;complete;894;1;-1;;61;0;1;1;5;2;7;6;2;2;6;0;0;3;2;4;0;7;2;9;15;48;52;2;6;2.2;3.58;3.38;0;0;0;0;0;0;0;0;0;0;0;0;0;0;0;0;0;0;0;0;0;0;0;0;0;0;0;0;0;0;0;0;0;0;0;0;0;0;0;0;0;0;0;0;0;0;0;0;0;0;0;0;0;0;0;0;0;0;0;0;0;0;0;0;0;1;0;0;0;1;1;0;2017-11-11 19:30:00;2572;0;29;7;7;0;-1;1;-1;-1;-1;-1;-1;-1;1;3;1;3;4;4;-1;0;0;0;0;0;0;0;0;0;0;0;0;0;1;1;0;0;-1;-1;0;0;-1;-1;-1;-1;-1;-1;-1;-1;-1;0;15;50;64;86;22;57;72;50;9.43;4.28;5.85;2.15;KVC Westerlo;Union Saint-Gilloise;1.18;0.88;0.86;0.57;0.86;1;100;86;50;36;14;36;29;22;0;0;0;576;33;Y;N;N;N;N;N;N
148303;2567;2568;2017/2018;complete;894;1;-1;9,26,29,42;;4;0;4;7;1;8;1;1;1;1;0;1;7;0;7;4;14;4;17;7;43;57;1;3;2.2;3.55;3.41;0;0;0;0;0;0;0;0;0;0;0;0;0;0;0;0;0;0;0;0;0;0;0;0;0;0;0;0;0;0;0;0;0;0;0;0;0;0;0;0;0;0;0;0;0;0;0;0;0;0;0;0;0;0;0;0;0;0;0;0;0;0;0;0;0;4;4;0;0;0;0;4;2017-11-12 13:30:00;2567;0;29;7;14;0;-1;1;-1;-1;-1;-1;-1;-1;0;1;1;1;1;2;-1;0;0;0;0;0;0;0;1;0;1;0;0;0;1;1;1;0;-1;-1;0;0;-1;-1;-1;-1;-1;-1;-1;-1;-1;0;29;43;72;93;14;50;93;50;8;4.72;4.86;2.36;Cercle Brugge;Beerschot-Wilrijk;2.14;1.4;1.86;2.14;1.64;2.07;100;71;57;29;7;36;36;29;0;0;0;576;29;Y;Y;Y;Y;N;N;N
148304;690;2569;2017/2018;complete;894;1;-1;8;78;1;1;2;6;4;10;2;8;4;5;0;0;6;3;4;4;10;7;14;20;56;44;4;5;1.69;3.98;5.29;0;0;0;0;0;0;0;0;0;0;0;0;0;0;0;0;0;0;0;0;0;0;0;0;0;0;0;0;0;0;0;0;0;0;0;0;0;0;0;0;0;0;0;0;0;0;0;0;0;0;0;0;0;0;0;0;0;0;0;0;0;0;0;0;0;2;1;0;0;1;1;1;2017-11-12 17:00:00;-1;0;50;14;36;0;-1;1;-1;-1;-1;-1;-1;-1;2;0;2;5;2;7;-1;0;0;0;0;0;0;0;0;0;0;0;0;0;1;1;1;0;-1;-1;1;0;-1;-1;-1;-1;-1;-1;-1;-1;-1;14;50;57;93;100;43;72;100;71;10.57;2.28;4;3.36;OH Leuven;SV Roeselare;1.93;1.24;2.43;0.71;1.86;1.5;86;50;43;7;0;57;50;36;0;0;0;576;27;Y;Y;N;N;N;N;Y
148305;2571;2567;2017/2018;complete;894;2;-1;69;;1;0;1;4;4;8;2;2;2;3;0;0;4;2;3;6;7;8;9;21;44;56;2;3;3.03;3.64;2.35;0;0;0;0;0;0;0;0;0;0;0;0;0;0;0;0;0;0;0;0;0;0;0;0;0;0;0;0;0;0;0;0;0;0;0;0;0;0;0;0;0;0;0;0;0;0;0;0;0;0;0;0;0;0;0;0;0;0;0;0;0;0;0;0;0;1;0;0;1;0;1;0;2017-11-17 19:30:00;2571;0;93;15;43;0;-1;1;-1;-1;-1;-1;-1;-1;1;1;1;2;2;3;-1;0;0;0;0;0;0;0;0;0;0;0;0;0;1;1;0;0;-1;-1;0;0;-1;-1;-1;-1;-1;-1;-1;-1;-1;22;43;86;100;100;43;86;100;72;12.14;6.43;5;3.72;Lierse SK;Cercle Brugge;2;1.47;1.86;1.43;1.33;1.73;79;57;14;0;0;93;72;58;0;0;0;576;27;Y;N;N;N;N;N;N
148306;2569;534;2017/2018;complete;894;2;-1;64,76;36;2;1;3;4;6;10;5;6;1;3;0;0;11;6;2;5;13;11;12;22;52;48;1;3;1.88;3.65;4.46;0;0;0;0;0;0;0;0;0;0;0;0;0;0;0;0;0;0;0;0;0;0;0;0;0;0;0;0;0;0;0;0;0;0;0;0;0;0;0;0;0;0;0;0;0;0;0;0;0;0;0;0;0;0;0;0;0;0;0;0;0;0;0;0;0;3;0;1;2;0;2;1;2017-11-18 16:00:00;2569;0;50;7;36;0;-1;1;-1;-1;-1;-1;-1;-1;1;0;0;3;1;3;-1;0;0;0;0;0;0;0;0;1;0;1;0;0;1;1;0;0;-1;-1;0;0;-1;-1;-1;-1;-1;-1;-1;-1;-1;0;36;65;72;86;14;57;79;57;7.72;6.14;4.72;2.57;SV Roeselare;KVC Westerlo;1.56;1.13;2.29;0.86;1.47;0.8;100;64;36;29;14;57;36;22;0;0;0;576;33;Y;Y;Y;N;N;N;Y
148307;2568;690;2017/2018;complete;894;2;-1;69;60,66;1;2;3;3;12;15;1;1;2;2;0;0;2;4;1;0;3;4;12;23;49;51;2;2;2.09;3.61;3.63;0;0;0;0;0;0;0;0;0;0;0;0;0;0;0;0;0;0;0;0;0;0;0;0;0;0;0;0;0;0;0;0;0;0;0;0;0;0;0;0;0;0;0;0;0;0;0;0;0;0;0;0;0;0;0;0;0;0;0;0;0;0;0;0;0;3;0;0;1;2;3;0;2017-11-18 19:30:00;690;0;50;7;43;0;-1;1;-1;-1;-1;-1;-1;-1;1;0;1;2;1;3;-1;0;0;0;0;0;0;0;0;0;0;0;0;0;1;1;0;0;-1;-1;0;0;-1;-1;-1;-1;-1;-1;-1;-1;-1;7;50;86;86;93;29;79;79;64;10.14;4.86;4;3.22;Beerschot-Wilrijk;OH Leuven;1.93;1.46;2;1.29;1.93;1.8;93;50;14;14;7;79;57;29;0;0;0;576;27;Y;Y;Y;N;N;N;Y
148308;2572;2570;2017/2018;complete;894;2;-1;16;56;1;1;2;3;3;6;6;4;1;1;0;0;2;2;1;3;3;5;19;15;49;51;1;1;2.07;3.46;3.89;0;0;0;0;0;0;0;0;0;0;0;0;0;0;0;0;0;0;0;0;0;0;0;0;0;0;0;0;0;0;0;0;0;0;0;0;0;0;0;0;0;0;0;0;0;0;0;0;0;0;0;0;0;0;0;0;0;0;0;0;0;0;0;0;0;2;1;0;0;1;1;1;2017-11-19 15:00:00;-1;0;43;14;7;0;-1;1;-1;-1;-1;-1;-1;-1;0;0;1;1;0;2;-1;0;0;0;0;0;0;0;1;0;1;0;0;0;1;1;0;0;-1;-1;0;0;-1;-1;-1;-1;-1;-1;-1;-1;-1;7;22;58;79;93;36;64;86;57;11.29;6.15;5;2.57;Union Saint-Gilloise;AFC Tubize;1.24;0.88;1.43;0.71;1.13;0.67;93;79;43;22;7;79;72;43;0;0;0;576;33;Y;Y;N;N;N;N;Y
148309;534;2568;2017/2018;complete;894;3;-1;88;77;1;1;2;3;7;10;4;4;0;4;0;0;2;4;4;6;6;10;11;15;43;57;0;4;2.98;3.49;2.45;1.03;1.27;1.83;3.1;0;0;0;0;0;0;1.77;2.05;0;0;0;0;0;0;0;0;0;0;0;0;0;0;0;0;0;0;0;0;0;0;0;0;0;0;0;0;0;0;0;0;0;0;0;0;0;0;0;0;0;0;0;0;0;0;0;0;0;0;0;0;0;2;0;0;1;1;2;0;2017-11-26 15:00:00;-1;0;32;13;13;0;-1;1;-1;-1;-1;-1;-1;-1;0;1;0;3;1;3;-1;0;0;0;0;0;0;0;0;1;0;1;0;0;1;1;0;0;-1;-1;0;0;-1;-1;-1;-1;-1;-1;-1;-1;-1;0;32;50;63;88;25;51;69;44;7.01;4.88;6;2.32;KVC Westerlo;Beerschot-Wilrijk;1.18;1.4;0.75;1.88;0.75;1.81;100;69;50;38;13;19;19;13;0;0;0;576;29;Y;Y;N;N;N;N;Y
148310;2569;2571;2017/2018;complete;894;3;-1;75;47,71;1;2;3;7;5;12;4;0;3;3;0;0;6;6;8;3;14;9;15;7;57;43;3;3;2.45;3.43;3.02;1.03;1.27;1.83;3.1;0;0;0;0;0;0;1.77;2.05;0;0;0;0;0;0;0;0;0;0;0;0;0;0;0;0;0;0;0;0;0;0;0;0;0;0;0;0;0;0;0;0;0;0;0;0;0;0;0;0;0;0;0;0;0;0;0;0;0;0;0;0;0;3;0;0;1;2;3;0;2017-11-25 19:30:00;2571;0;38;7;19;0;-1;1;-1;-1;-1;-1;-1;-1;0;1;3;2;1;5;-1;0;0;0;0;0;0;0;0;0;0;0;0;0;1;1;0;0;-1;-1;0;0;-1;-1;-1;-1;-1;-1;-1;-1;-1;7;32;50;76;94;26;69;75;57;7.01;6;4.51;2.57;SV Roeselare;Lierse SK;1.56;0.77;2.38;0.88;1.56;1.44;94;69;50;26;7;50;38;25;0;0;0;576;27;Y;Y;Y;N;N;N;Y
148311;2572;690;2017/2018;complete;894;3;-1;;;0;0;0;7;2;9;4;3;5;3;0;1;7;3;7;1;14;4;15;16;48;52;5;4;4.39;3.62;1.9;1.04;1.3;1.95;3.35;0;0;0;0;0;0;1.87;1.91;0;0;0;0;0;0;0;0;0;0;0;0;0;0;0;0;0;0;0;0;0;0;0;0;0;0;0;0;0;0;0;0;0;0;0;0;0;0;0;0;0;0;0;0;0;0;0;0;0;0;0;0;0;0;0;0;0;0;0;0;2017-11-25 16:00:00;-1;0;63;13;32;0;-1;1;-1;-1;-1;-1;-1;-1;2;0;3;4;2;7;-1;0;0;0;0;0;0;0;0;0;0;0;0;0;1;1;0;0;-1;-1;0;0;-1;-1;-1;-1;-1;-1;-1;-1;-1;7;32;82;88;88;26;69;82;69;11.88;4.63;3.88;2.94;Union Saint-Gilloise;OH Leuven;1.24;1.46;1.38;1.5;1.13;1.88;94;69;19;13;13;69;63;38;0;0;0;576;27;N;N;N;N;N;N;N
148312;2570;2567;2017/2018;complete;894;3;-1;39;37;1;1;2;5;6;11;5;5;5;1;0;0;4;4;9;6;13;10;11;12;49;51;5;1;4.25;3.75;1.89;1.03;1.26;1.8;3;0;0;0;0;0;0;1.77;2.05;0;0;0;0;0;0;0;0;0;0;0;0;0;0;0;0;0;0;0;0;0;0;0;0;0;0;0;0;0;0;0;0;0;0;0;0;0;0;0;0;0;0;0;0;0;0;0;0;0;0;0;0;0;2;1;1;0;0;0;2;2017-11-24 19:30:00;-1;0;69;7;44;0;-1;1;-1;-1;-1;-1;-1;-1;2;0;3;1;2;4;-1;0;0;0;0;0;0;0;0;0;0;0;0;0;1;1;0;0;-1;-1;0;0;-1;-1;-1;-1;-1;-1;-1;-1;-1;13;19;63;82;94;26;57;94;75;10.88;4.88;4.75;2.88;AFC Tubize;Cercle Brugge;0.63;1.47;0.63;1.25;0.69;1.63;88;82;38;19;7;82;57;44;0;0;0;576;29;Y;Y;N;N;N;N;Y
148313;690;2570;2017/2018;complete;894;4;-1;34;58;1;1;2;7;5;12;4;5;1;4;0;0;2;2;0;0;2;2;15;14;50;50;1;4;1.57;4.18;6.47;0;0;1.75;0;0;0;0;0;0;0;0;0;0;0;0;0;0;0;0;0;0;0;0;0;0;0;0;0;0;0;0;0;0;0;0;0;0;0;0;0;0;0;0;0;0;0;0;0;0;0;0;0;0;0;0;0;0;0;0;0;0;0;0;0;0;2;1;0;0;1;1;1;2017-12-03 15:00:00;-1;0;57;13;32;0;-1;1;-1;-1;-1;-1;-1;-1;0;2;1;2;2;3;-1;0;0;0;0;0;0;0;0;1;0;1;0;0;1;1;0;0;-1;-1;0;0;-1;-1;-1;-1;-1;-1;-1;-1;-1;7;19;32;82;100;25;57;94;51;10.38;4.63;5.01;2.57;OH Leuven;AFC Tubize;1.93;0.88;2.25;0.75;1.82;0.71;94;82;69;19;0;69;63;38;0;0;0;576;27;Y;Y;N;N;N;N;Y
148314;2568;2569;2017/2018;complete;894;4;-1;4;;1;0;1;5;2;7;4;1;2;5;0;0;2;0;3;0;5;0;13;26;58;42;2;5;1.81;3.77;4.76;0;0;0;0;0;0;0;0;0;0;0;0;0;0;0;0;0;0;0;0;0;0;0;0;0;0;0;0;0;0;0;0;0;0;0;0;0;0;0;0;0;0;0;0;0;0;0;0;0;0;0;0;0;0;0;0;0;0;0;0;0;0;0;0;0;1;1;0;0;0;0;1;2017-12-01 19:30:00;2568;0;44;7;26;0;-1;1;-1;-1;-1;-1;-1;-1;2;1;0;4;3;4;-1;0;0;0;0;0;0;0;0;0;0;0;0;0;1;1;1;0;-1;-1;0;0;-1;-1;-1;-1;-1;-1;-1;-1;-1;13;57;76;94;100;44;88;94;63;9.63;5.13;4.38;3.38;Beerschot-Wilrijk;SV Roeselare;1.93;1.24;1.75;0.75;1.76;1.47;88;44;26;7;0;76;57;32;0;0;0;576;29;Y;N;N;N;N;N;N
148315;2571;534;2017/2018;complete;894;4;-1;30,47;;2;0;2;5;5;10;4;1;2;2;0;0;6;8;9;5;15;13;12;11;51;49;2;2;1.88;3.75;4.32;0;0;1.67;0;0;0;0;0;0;0;0;0;0;0;0;0;0;0;0;0;0;0;0;0;0;0;0;0;0;0;0;0;0;0;0;0;0;0;0;0;0;0;0;0;0;0;0;0;0;0;0;0;0;0;0;0;0;0;0;0;0;0;0;0;0;2;1;0;1;0;1;1;2017-12-02 16:00:00;2571;0;82;19;44;0;-1;1;-1;-1;-1;-1;-1;-1;1;1;1;1;2;2;-1;0;0;0;0;0;0;0;0;0;0;0;0;0;1;1;0;0;-1;-1;0;0;-1;-1;-1;-1;-1;-1;-1;-1;-1;7;44;82;88;94;26;69;94;63;10.76;6.25;4.75;3.13;Lierse SK;KVC Westerlo;2;1.13;2;0.75;1.53;0.76;94;57;19;13;7;82;69;44;0;0;0;576;27;Y;Y;N;N;N;N;N
148316;2567;2572;2017/2018;complete;894;4;-1;30,84;15,54;2;2;4;7;3;10;1;2;1;4;0;2;6;8;9;7;15;15;11;20;52;48;1;6;1.56;4.13;6.85;0;0;0;0;0;0;0;0;0;0;0;0;0;0;0;0;0;0;0;0;0;0;0;0;0;0;0;0;0;0;0;0;0;0;0;0;0;0;0;0;0;0;0;0;0;0;0;0;0;0;0;0;0;0;0;0;0;0;0;0;0;0;0;0;0;4;1;1;1;1;2;2;2017-12-02 19:30:00;-1;0;19;0;7;0;-1;1;-1;-1;-1;-1;-1;-1;0;1;1;5;1;6;-1;0;0;0;0;0;0;0;0;0;0;0;0;0;1;1;0;0;-1;-1;0;0;-1;-1;-1;-1;-1;-1;-1;-1;-1;0;19;44;69;94;19;57;88;44;10.13;4.26;4.88;2.25;Cercle Brugge;Union Saint-Gilloise;2.14;0.88;2;0.88;1.59;1.12;100;82;57;32;7;44;38;32;0;0;0;576;29;Y;Y;Y;Y;N;N;Y
148317;534;690;2017/2018;complete;894;5;-1;19;;1;0;1;3;2;5;4;2;3;1;0;0;4;4;4;4;8;8;19;16;38;62;3;1;3.58;3.54;2.11;1.04;1.3;1.95;3.4;0;0;0;0;0;0;1.87;1.95;0;0;0;0;0;0;0;0;0;0;0;0;0;0;0;0;0;0;0;0;0;0;0;0;0;0;0;0;0;0;0;0;0;0;0;0;0;0;0;0;0;0;0;0;0;0;0;0;0;0;0;0;0;1;1;0;0;0;0;1;2017-12-09 16:00:00;534;0;56;11;39;0;-1;1;-1;-1;-1;-1;-1;-1;0;1;3;0;1;3;-1;0;0;0;0;0;0;0;0;0;0;0;0;0;1;1;0;0;-1;-1;0;0;-1;-1;-1;-1;-1;-1;-1;-1;-1;0;28;61;73;84;17;56;67;62;9.78;4.34;5.23;2.45;KVC Westerlo;OH Leuven;1.18;1.46;0.78;1.44;0.72;1.78;100;73;39;28;17;50;45;22;0;0;0;576;27;Y;N;N;N;N;N;N
148318;2569;2567;2017/2018;complete;894;5;-1;;10,71,88;0;3;3;9;7;16;4;2;2;1;1;0;3;6;4;3;7;9;14;8;61;39;3;1;3.02;3.36;2.46;0;0;0;0;0;0;0;0;0;0;1.87;1.95;0;0;0;0;0;0;0;0;0;0;0;0;0;0;0;0;0;0;0;0;0;0;0;0;0;0;0;0;0;0;0;0;0;0;0;0;0;0;0;0;0;0;0;0;0;0;0;0;0;0;0;0;0;3;0;1;0;2;2;1;2017-12-08 19:30:00;2567;0;61;6;28;0;-1;1;-1;-1;-1;-1;-1;-1;1;0;2;1;1;3;-1;0;0;0;0;0;0;0;0;1;0;1;0;0;1;1;0;1;-1;-1;0;0;-1;-1;-1;-1;-1;-1;-1;-1;-1;11;22;62;78;95;28;67;84;62;9.33;6.89;4.78;2.83;SV Roeselare;Cercle Brugge;1.56;1.47;2.11;1.22;1.39;1.56;89;78;39;22;6;67;44;33;0;0;0;576;29;Y;Y;Y;N;N;N;N
148319;2572;2571;2017/2018;complete;894;5;-1;77;;1;0;1;2;3;5;1;1;3;3;0;0;6;2;2;6;8;8;15;15;63;37;3;3;2.57;3.33;2.89;1.04;1.3;1.95;3.4;0;0;0;0;0;0;1.83;2;0;0;0;0;0;0;0;0;0;0;0;0;0;0;0;0;0;0;0;0;0;0;0;0;0;0;0;0;0;0;0;0;0;0;0;0;0;0;0;0;0;0;0;0;0;0;0;0;0;0;0;0;0;1;0;0;1;0;1;0;2017-12-09 19:30:00;2572;0;44;11;17;0;-1;1;-1;-1;-1;-1;-1;-1;1;0;2;3;1;5;-1;0;0;0;0;0;0;0;0;0;0;0;0;0;1;1;0;0;-1;-1;0;0;-1;-1;-1;-1;-1;-1;-1;-1;-1;11;28;62;84;89;33;67;78;62;9.33;5.33;4.33;2.73;Union Saint-Gilloise;Lierse SK;1.24;0.77;1.33;1.11;1.11;1.61;89;73;39;17;11;62;44;28;0;0;0;576;27;Y;N;N;N;N;N;N
148320;2570;2568;2017/2018;complete;894;5;-1;90;23,28;1;2;3;11;1;12;2;4;3;1;0;0;6;3;10;3;16;6;10;11;57;43;3;1;4.05;3.38;2.03;1.04;1.32;2;3.6;0;0;0;0;0;0;1.87;1.95;0;0;0;0;0;0;0;0;0;0;0;0;0;0;0;0;0;0;0;0;0;0;0;0;0;0;0;0;0;0;0;0;0;0;0;0;0;0;0;0;0;0;0;0;0;0;0;0;0;0;0;0;0;3;0;2;1;0;1;2;2018-01-10 19:30:00;2568;0;55;15;40;0;-1;1;-1;-1;-1;-1;-1;-1;3;0;0;1;3;1;-1;0;0;0;0;0;0;0;0;0;0;0;0;0;1;1;0;0;-1;-1;0;0;-1;-1;-1;-1;-1;-1;-1;-1;-1;0;20;50;75;90;20;45;80;60;8.8;4.7;5.5;2.35;AFC Tubize;Beerschot-Wilrijk;0.63;1.4;0.9;1.6;0.95;1.8;100;80;50;25;10;55;50;40;0;0;0;576;29;Y;Y;Y;N;N;N;Y
148321;690;2571;2017/2018;complete;894;6;-1;9,33;90;2;1;3;5;8;13;0;3;3;3;0;0;5;4;10;6;15;10;19;11;48;52;3;3;1.92;3.6;4.32;0;0;0;0;0;0;0;0;0;0;1.87;1.95;0;0;0;0;0;0;0;0;0;0;0;0;0;0;0;0;0;0;0;0;0;0;0;0;0;0;0;0;0;0;0;0;0;0;0;0;0;0;0;0;0;0;0;0;0;0;0;0;0;0;0;0;0;3;2;0;0;1;1;2;2017-12-15 19:30:00;690;0;54;11;37;0;-1;1;-1;-1;-1;-1;-1;-1;0;1;3;2;1;5;-1;0;0;0;0;0;0;0;0;0;0;0;0;0;1;1;1;0;-1;-1;0;0;-1;-1;-1;-1;-1;-1;-1;-1;-1;11;26;42;85;100;26;58;90;58;9.08;3.46;4.28;2.8;OH Leuven;Lierse SK;1.93;0.77;2.11;1;1.68;1.53;90;74;59;16;0;59;48;32;0;0;0;576;27;Y;Y;Y;N;N;N;Y
148322;2568;2572;2017/2018;complete;894;6;-1;9,31;49;2;1;3;6;8;14;2;2;2;5;0;0;3;2;2;3;5;5;10;15;46;54;2;5;1.69;3.8;5.72;0;0;0;0;0;0;0;0;0;0;2.05;1.77;0;0;0;0;0;0;0;0;0;0;0;0;0;0;0;0;0;0;0;0;0;0;0;0;0;0;0;0;0;0;0;0;0;0;0;0;0;0;0;0;0;0;0;0;0;0;0;0;0;0;0;0;0;3;2;0;0;1;1;2;2017-12-16 16:00:00;2568;0;28;6;22;0;-1;1;-1;-1;-1;-1;-1;-1;0;1;2;4;1;6;-1;0;0;0;0;0;0;0;0;0;0;0;0;0;1;1;1;0;-1;-1;0;0;-1;-1;-1;-1;-1;-1;-1;-1;-1;6;28;61;67;95;28;61;84;50;9.34;5.33;5.11;2.56;Beerschot-Wilrijk;Union Saint-Gilloise;1.93;0.88;1.89;0.89;1.83;1.21;95;73;39;33;6;67;44;28;0;0;0;576;29;Y;Y;Y;N;N;N;Y
148323;534;2567;2017/2018;complete;894;6;-1;4,89;9,10,61;2;3;5;2;5;7;0;3;3;3;0;0;3;4;4;0;7;4;15;15;59;41;3;3;3.84;3.57;2.04;0;0;0;0;0;0;0;0;0;0;1.87;1.95;0;0;0;0;0;0;0;0;0;0;0;0;0;0;0;0;0;0;0;0;0;0;0;0;0;0;0;0;0;0;0;0;0;0;0;0;0;0;0;0;0;0;0;0;0;0;0;0;0;0;0;0;0;5;1;2;1;1;2;3;2017-12-16 19:30:00;2567;0;55;10;25;0;-1;1;-1;-1;-1;-1;-1;-1;0;1;3;2;1;5;-1;0;0;0;0;0;0;0;0;0;0;0;0;0;1;1;1;2;-1;-1;0;0;-1;-1;-1;-1;-1;-1;-1;-1;-1;10;20;55;75;95;30;70;75;60;9.4;5.9;5.1;2.7;KVC Westerlo;Cercle Brugge;1.18;1.47;1;1.4;0.84;1.63;90;80;45;25;5;50;35;20;0;0;0;576;29;Y;Y;Y;Y;Y;N;Y
148324;2569;2570;2017/2018;complete;894;6;-1;53;31,90;1;2;3;7;5;12;3;4;1;1;0;0;4;8;9;6;13;14;13;12;52;48;1;1;2.15;3.44;3.66;1.05;1.34;2.1;3.8;0;0;0;0;0;0;1.95;1.87;0;0;0;0;0;0;0;0;0;0;0;0;0;0;0;0;0;0;0;0;0;0;0;0;0;0;0;0;0;0;0;0;0;0;0;0;0;0;0;0;0;0;0;0;0;0;0;0;0;0;0;0;0;3;0;1;1;1;2;1;2017-12-17 15:00:00;2570;0;48;6;16;0;-1;1;-1;-1;-1;-1;-1;-1;0;0;1;1;0;2;-1;0;0;0;0;0;0;0;0;0;0;0;0;0;1;1;0;0;-1;-1;0;0;-1;-1;-1;-1;-1;-1;-1;-1;-1;0;16;41;74;95;16;64;85;47;9.48;7.36;5.52;2.26;SV Roeselare;AFC Tubize;1.56;0.88;1.9;0.78;1.32;0.72;100;85;59;26;5;69;64;48;0;0;0;576;33;Y;Y;Y;N;N;N;Y
148325;2570;534;2017/2018;complete;894;7;-1;40,68;53;2;1;3;6;1;7;1;2;3;3;0;0;4;5;6;2;10;7;11;14;63;37;3;3;2.52;3.38;2.96;1.04;1.29;1.95;3.35;0;0;0;0;0;0;1.83;2;0;0;0;0;0;0;0;0;0;0;0;0;0;0;0;0;0;0;0;0;0;0;0;0;0;0;0;0;0;0;0;0;0;0;0;0;0;0;0;0;0;0;0;0;0;0;0;0;0;0;0;0;0;3;1;0;1;1;2;1;2018-01-07 13:30:00;2570;0;67;17;44;0;-1;1;-1;-1;-1;-1;-1;-1;0;2;3;1;2;4;-1;0;0;0;0;0;0;0;0;0;0;0;0;0;1;1;0;0;-1;-1;0;0;-1;-1;-1;-1;-1;-1;-1;-1;-1;0;22;61;84;89;17;56;84;67;10;5.11;4.77;2.56;AFC Tubize;KVC Westerlo;0.63;1.13;0.67;0.67;0.84;0.8;100;78;39;17;11;84;67;39;0;0;0;576;33;Y;Y;Y;N;N;N;Y
148326;2571;2568;2017/2018;complete;894;7;-1;12,52;61;2;1;3;3;2;5;4;3;2;3;0;0;5;7;4;3;9;10;7;14;44;56;2;3;3.03;3.39;2.47;1.03;1.27;1.87;3.2;0;0;0;0;0;0;1.77;2.05;0;0;0;0;0;0;0;0;0;0;0;0;0;0;0;0;0;0;0;0;0;0;0;0;0;0;0;0;0;0;0;0;0;0;0;0;0;0;0;0;0;0;0;0;0;0;0;0;0;0;0;0;0;3;1;0;1;1;2;1;2018-01-06 19:30:00;2571;0;56;17;28;0;-1;1;-1;-1;-1;-1;-1;-1;1;2;1;1;3;2;-1;0;0;0;0;0;0;0;0;0;0;0;0;0;1;1;0;0;-1;-1;1;0;-1;-1;-1;-1;-1;-1;-1;-1;-1;6;39;56;78;95;28;56;89;44;9.55;5.77;5.33;2.72;Lierse SK;Beerschot-Wilrijk;2;1.4;2.11;1.78;1.45;1.89;95;62;45;22;6;61;61;45;0;0;0;576;27;Y;Y;Y;N;N;N;Y
148327;2567;690;2017/2018;complete;894;7;-1;63;;1;0;1;3;9;12;2;0;3;2;1;0;8;6;2;6;10;12;13;15;47;53;4;2;2.32;3.39;3.29;1.03;1.28;1.91;3.25;0;0;0;0;0;0;1.8;2.05;0;0;0;0;0;0;0;0;0;0;0;0;0;0;0;0;0;0;0;0;0;0;0;0;0;0;0;0;0;0;0;0;0;0;0;0;0;0;0;0;0;0;0;0;0;0;0;0;0;0;0;0;0;1;0;0;1;0;1;0;2018-01-05 19:30:00;2567;0;47;11;36;0;-1;1;-1;-1;-1;-1;-1;-1;1;1;3;1;2;4;-1;0;0;0;0;0;0;0;1;0;1;0;0;0;1;1;0;0;-1;-1;0;0;-1;-1;-1;-1;-1;-1;-1;-1;-1;0;37;63;80;90;22;69;75;58;10.76;3.6;4.07;2.7;Cercle Brugge;OH Leuven;2.14;1.46;1.89;1.3;1.7;1.75;100;63;37;21;10;57;52;31;0;0;0;576;27;Y;N;N;N;N;N;N
148328;2572;2569;2017/2018;complete;894;7;-1;30;34,90;1;2;3;6;3;9;4;3;1;3;0;0;4;4;6;2;10;6;13;6;64;36;1;3;2.14;3.33;3.81;1.05;1.37;2.15;3.95;0;0;0;0;0;0;2;1.8;0;0;0;0;0;0;0;0;0;0;0;0;0;0;0;0;0;0;0;0;0;0;0;0;0;0;0;0;0;0;0;0;0;0;0;0;0;0;0;0;0;0;0;0;0;0;0;0;0;0;0;0;0;3;1;1;0;1;1;2;2018-01-07 17:00:00;2569;0;42;11;6;0;-1;1;-1;-1;-1;-1;-1;-1;1;0;0;3;1;3;-1;0;0;0;0;0;0;0;0;0;0;0;0;0;1;1;0;0;-1;-1;0;0;-1;-1;-1;-1;-1;-1;-1;-1;-1;11;38;58;80;90;37;80;85;53;10.16;4.99;5;2.76;Union Saint-Gilloise;SV Roeselare;1.24;1.24;1.5;0.67;1.15;1.25;90;62;42;21;10;58;48;27;0;0;0;576;33;Y;Y;Y;N;N;N;Y
148329;2571;2570;2017/2018;complete;894;8;-1;4,90;10;2;1;3;4;2;6;1;3;2;3;0;0;4;4;5;1;9;5;13;9;52;48;2;3;1.84;3.67;4.64;1.03;1.27;1.91;3.25;0;0;0;0;0;0;1.87;1.95;0;0;0;0;0;0;0;0;0;0;0;0;0;0;0;0;0;0;0;0;0;0;0;0;0;0;0;0;0;0;0;0;0;0;0;0;0;0;0;0;0;0;0;0;0;0;0;0;0;0;0;0;0;3;1;1;1;0;1;2;2018-01-14 13:30:00;2571;0;70;15;30;0;-1;1;-1;-1;-1;-1;-1;-1;1;2;1;1;3;2;-1;0;0;0;0;0;0;0;0;0;0;0;0;0;1;1;1;1;-1;-1;0;0;-1;-1;-1;-1;-1;-1;-1;-1;-1;5;25;50;85;100;25;75;95;45;10.9;7;5.2;2.65;Lierse SK;AFC Tubize;2;0.88;2.2;1;1.52;0.9;95;75;50;15;0;80;80;60;0;0;0;576;27;Y;Y;Y;N;N;N;Y
148330;2568;2567;2017/2018;complete;894;8;-1;13,22;83,86,86;2;3;5;7;4;11;0;3;2;3;0;0;3;4;6;0;9;4;13;11;51;49;2;3;2.81;3.36;2.65;1.03;1.29;1.95;3.35;0;0;0;0;0;0;1.83;2;0;0;0;0;0;0;0;0;0;0;0;0;0;0;0;0;0;0;0;0;0;0;0;0;0;0;0;0;0;0;0;0;0;0;0;0;0;0;0;0;0;0;0;0;0;0;0;0;0;0;0;0;0;5;2;0;0;3;3;2;2018-01-13 19:30:00;2567;0;57;9;33;0;-1;1;-1;-1;-1;-1;-1;-1;0;1;2;2;1;4;-1;0;0;0;0;0;0;0;0;0;0;0;0;0;1;1;0;0;-1;-1;0;0;-1;-1;-1;-1;-1;-1;-1;-1;-1;19;34;77;86;100;43;81;86;62;10.17;6.1;4.15;3.28;Beerschot-Wilrijk;Cercle Brugge;1.93;1.47;2;1.55;1.86;1.76;82;67;24;15;0;77;48;33;0;0;0;576;29;Y;Y;Y;Y;Y;N;Y
148331;690;2572;2017/2018;complete;894;8;-1;19,26,48;58;3;1;4;2;2;4;2;6;1;3;0;0;5;3;1;5;6;8;13;10;50;50;1;3;1.65;3.83;6.07;1.03;1.3;1.95;3.45;0;0;0;0;0;0;2.2;1.67;0;0;0;0;0;0;0;0;0;0;0;0;0;0;0;0;0;0;0;0;0;0;0;0;0;0;0;0;0;0;0;0;0;0;0;0;0;0;0;0;0;0;0;0;0;0;0;0;0;0;0;0;0;4;2;0;1;1;2;2;2018-01-14 17:00:00;690;0;50;10;25;0;-1;1;-1;-1;-1;-1;-1;-1;0;2;1;1;2;2;-1;0;0;0;0;0;0;0;0;0;0;0;0;0;1;1;0;0;-1;-1;0;0;-1;-1;-1;-1;-1;-1;-1;-1;-1;5;15;45;75;95;30;55;95;45;10.6;3.5;5.5;2.5;OH Leuven;Union Saint-Gilloise;1.93;0.88;2.2;0.8;1.67;1.1;95;85;55;25;5;65;55;40;0;0;0;576;27;Y;Y;Y;Y;N;N;Y
148332;534;2569;2017/2018;complete;894;8;-1;;;0;0;0;10;3;13;1;2;2;2;0;1;4;0;9;4;13;4;15;14;65;35;2;4;2.38;3.35;3.2;1.04;1.3;1.95;3.45;0;0;0;0;0;0;1.87;1.95;0;0;0;0;0;0;0;0;0;0;0;0;0;0;0;0;0;0;0;0;0;0;0;0;0;0;0;0;0;0;0;0;0;0;0;0;0;0;0;0;0;0;0;0;0;0;0;0;0;0;0;0;0;0;0;0;0;0;0;0;2018-01-12 19:30:00;-1;0;48;19;19;0;-1;1;-1;-1;-1;-1;-1;-1;0;1;2;2;1;4;-1;0;0;0;0;0;0;0;0;0;0;0;0;0;1;1;0;0;-1;-1;0;0;-1;-1;-1;-1;-1;-1;-1;-1;-1;10;39;53;77;96;39;82;77;53;8.31;4.64;5.73;2.73;KVC Westerlo;SV Roeselare;1.18;1.24;0.91;0.9;0.76;1.33;91;62;48;23;5;39;34;15;0;0;0;576;33;N;N;N;N;N;N;N
148333;2570;690;2017/2018;complete;894;9;-1;;70;0;1;1;3;4;7;7;0;1;1;0;0;2;2;2;9;4;11;12;10;53;47;1;1;3.6;3.55;2.1;0;0;0;0;0;0;0;0;0;0;0;0;0;0;0;0;0;0;0;0;0;0;0;0;0;0;0;0;0;0;0;0;0;0;0;0;0;0;0;0;0;0;0;0;0;0;0;0;0;0;0;0;0;0;0;0;0;0;0;0;0;0;0;0;0;1;0;0;0;1;1;0;2018-01-20 19:30:00;690;0;64;14;45;0;-1;1;-1;-1;-1;-1;-1;-1;1;1;0;0;2;0;-1;0;0;0;0;0;0;0;0;0;0;0;0;0;1;1;0;0;-1;-1;0;0;-1;-1;-1;-1;-1;-1;-1;-1;-1;0;18;60;73;87;18;55;73;60;11.82;3.63;4.81;2.36;AFC Tubize;OH Leuven;0.63;1.46;0.82;1.18;0.86;1.73;100;82;41;27;14;78;69;55;0;0;0;576;27;Y;N;N;N;N;N;N
148334;2567;2571;2017/2018;complete;894;9;-1;6,17,73,82;60;4;1;5;2;6;8;4;0;1;6;0;0;3;4;3;5;6;9;17;14;48;52;1;6;1.58;4.13;6.16;1.02;1.24;1.77;2.95;0;0;0;0;0;0;1.91;1.91;0;0;0;0;0;0;0;0;0;0;0;0;0;0;0;0;0;0;0;0;0;0;0;0;0;0;0;0;0;0;0;0;0;0;0;0;0;0;0;0;0;0;0;0;0;0;0;0;0;0;0;0;0;5;2;0;2;1;3;2;2018-01-20 19:30:00;2567;0;38;10;24;0;-1;1;-1;-1;-1;-1;-1;-1;0;2;1;4;2;5;-1;0;0;0;0;0;0;0;0;0;0;0;0;0;1;1;1;0;-1;-1;0;0;-1;-1;-1;-1;-1;-1;-1;-1;-1;5;34;53;81;100;33;67;86;53;9.03;4;4.45;2.72;Cercle Brugge;Lierse SK;2.14;0.77;2;0.91;1.82;1.59;96;67;48;19;0;53;48;33;0;0;0;576;27;Y;Y;Y;Y;Y;N;Y
148335;2572;534;2017/2018;complete;894;9;-1;78;90;1;1;2;6;5;11;1;1;0;4;0;0;5;4;5;4;10;8;14;16;57;43;0;4;2.2;3.4;3.49;1.03;1.3;1.95;3.45;0;0;0;0;0;0;1.87;1.95;0;0;0;0;0;0;0;0;0;0;0;0;0;0;0;0;0;0;0;0;0;0;0;0;0;0;0;0;0;0;0;0;0;0;0;0;0;0;0;0;0;0;0;0;0;0;0;0;0;0;0;0;0;2;0;0;1;1;2;0;2018-01-20 19:30:00;-1;0;58;14;25;0;-1;1;-1;-1;-1;-1;-1;-1;0;2;0;2;2;2;-1;0;0;0;0;0;0;0;0;0;0;0;0;0;1;1;0;0;-1;-1;0;0;-1;-1;-1;-1;-1;-1;-1;-1;-1;5;24;72;82;86;23;67;86;58;9.54;5.88;4.41;2.68;Union Saint-Gilloise;KVC Westerlo;1.24;1.13;1.36;0.6;1.05;0.77;96;76;28;19;14;67;43;14;0;0;0;576;33;Y;Y;N;N;N;N;Y
148336;2569;2568;2017/2018;complete;894;9;-1;;;0;0;0;4;12;16;1;3;2;2;0;0;3;8;2;9;5;17;17;9;45;55;2;2;3.3;3.37;2.3;1.03;1.28;1.91;3.3;0;0;0;0;0;0;1.83;2;0;0;0;0;0;0;0;0;0;0;0;0;0;0;0;0;0;0;0;0;0;0;0;0;0;0;0;0;0;0;0;0;0;0;0;0;0;0;0;0;0;0;0;0;0;0;0;0;0;0;0;0;0;0;0;0;0;0;0;0;2018-01-20 19:30:00;-1;0;45;5;27;0;-1;1;-1;-1;-1;-1;-1;-1;0;1;2;1;1;3;-1;0;0;0;0;0;0;0;0;0;0;0;0;0;1;1;0;0;-1;-1;0;0;-1;-1;-1;-1;-1;-1;-1;-1;-1;0;23;60;73;91;18;55;82;55;7.73;6.37;5.09;2.45;SV Roeselare;Beerschot-Wilrijk;1.56;1.4;1.73;1.73;1.32;1.77;100;78;41;27;9;50;46;36;0;0;0;576;29;N;N;N;N;N;N;N
148337;2571;2572;2017/2018;complete;894;10;-1;70;;1;0;1;7;4;11;4;2;1;3;0;0;0;2;7;2;7;4;11;26;51;49;1;3;2.26;3.41;3.34;0;0;0;0;0;0;0;0;0;0;0;0;0;0;0;0;0;0;0;0;0;0;0;0;0;0;0;0;0;0;0;0;0;0;0;0;0;0;0;0;0;0;0;0;0;0;0;0;0;0;0;0;0;0;0;0;0;0;0;0;0;0;0;0;0;1;0;0;1;0;1;0;2018-01-27 19:30:00;2571;0;59;18;27;0;-1;1;-1;-1;-1;-1;-1;-1;0;0;1;3;0;4;-1;0;0;0;0;0;0;0;1;0;1;0;0;0;1;1;0;0;-1;-1;0;0;-1;-1;-1;-1;-1;-1;-1;-1;-1;5;27;64;78;96;36;69;96;45;10.55;5.63;5.73;2.68;Lierse SK;Union Saint-Gilloise;2;0.88;2.27;0.73;1.52;1.04;96;73;36;23;5;64;59;46;0;0;0;576;27;Y;N;N;N;N;N;N
148338;2567;2569;2017/2018;complete;894;10;-1;44;;1;0;1;13;12;25;3;4;0;4;1;0;4;4;4;11;8;15;9;10;46;54;2;4;1.49;4.38;7.42;0;0;0;0;0;0;0;0;0;0;0;0;0;0;0;0;0;0;0;0;0;0;0;0;0;0;0;0;0;0;0;0;0;0;0;0;0;0;0;0;0;0;0;0;0;0;0;0;0;0;0;0;0;0;0;0;0;0;0;0;0;0;0;0;0;1;1;0;0;0;0;1;2018-01-27 19:30:00;2567;0;41;14;18;0;-1;1;-1;-1;-1;-1;-1;-1;1;3;0;1;4;1;-1;0;0;0;0;0;0;0;0;0;0;0;0;0;1;1;0;0;-1;-1;0;0;-1;-1;-1;-1;-1;-1;-1;-1;-1;9;45;55;82;96;41;82;87;50;9.27;4.18;4.91;2.87;Cercle Brugge;SV Roeselare;2.14;1.24;2.09;0.91;1.87;1.3;91;55;45;18;5;55;50;32;0;0;0;576;29;Y;N;N;N;N;N;N
148339;2568;2570;2017/2018;complete;894;10;-1;54;;1;0;1;4;5;9;1;0;1;4;0;0;2;0;1;3;3;3;10;20;48;52;1;4;1.69;3.83;5.44;0;0;0;0;0;0;0;0;0;0;0;0;0;0;0;0;0;0;0;0;0;0;0;0;0;0;0;0;0;0;0;0;0;0;0;0;0;0;0;0;0;0;0;0;0;0;0;0;0;0;0;0;0;0;0;0;0;0;0;0;0;0;0;0;0;1;0;0;1;0;1;0;2018-01-27 19:30:00;2568;0;55;9;23;0;-1;1;-1;-1;-1;-1;-1;-1;0;1;1;3;1;4;-1;0;0;0;0;0;0;0;0;0;0;0;0;0;1;1;0;0;-1;-1;0;0;-1;-1;-1;-1;-1;-1;-1;-1;-1;9;27;59;82;100;36;78;87;46;9.64;6.37;4.73;2.77;Beerschot-Wilrijk;AFC Tubize;1.93;0.88;1.82;0.91;1.74;0.83;91;73;41;18;0;78;64;46;0;0;0;576;29;Y;N;N;N;N;N;N
148340;690;534;2017/2018;complete;894;10;-1;;23;0;1;1;10;8;18;3;1;0;2;0;0;14;7;3;2;17;9;6;17;60;40;0;2;1.57;4.21;6.24;0;0;0;0;0;0;0;0;0;0;0;0;0;0;0;0;0;0;0;0;0;0;0;0;0;0;0;0;0;0;0;0;0;0;0;0;0;0;0;0;0;0;0;0;0;0;0;0;0;0;0;0;0;0;0;0;0;0;0;0;0;0;0;0;0;1;0;1;0;0;0;1;2018-01-27 19:30:00;534;0;73;9;50;0;-1;1;-1;-1;-1;-1;-1;-1;0;2;0;0;2;0;-1;0;0;0;0;0;0;0;0;0;0;0;0;0;1;1;0;0;-1;-1;0;0;-1;-1;-1;-1;-1;-1;-1;-1;-1;5;27;59;91;96;23;64;96;64;9.36;4;4.46;2.91;OH Leuven;KVC Westerlo;1.93;1.13;2.27;0.64;1.78;0.78;96;73;41;9;5;69;55;27;0;0;0;576;27;Y;N;N;N;N;N;N
148341;534;2571;2017/2018;complete;894;11;-1;3,20,33,45,76,89;;6;0;6;3;4;7;2;2;1;1;0;0;8;4;0;2;8;6;10;8;45;55;1;1;2.25;3.44;3.34;0;0;0;0;0;0;0;0;0;0;0;0;0;0;0;0;0;0;0;0;0;0;0;0;0;0;0;0;0;0;0;0;0;0;0;0;0;0;0;0;0;0;0;0;0;0;0;0;0;0;0;0;0;0;0;0;0;0;0;0;0;0;0;0;0;6;4;0;2;0;2;4;2018-02-03 19:30:00;534;0;46;13;29;0;-1;1;-1;-1;-1;-1;-1;-1;0;1;1;0;1;1;-1;0;0;0;0;0;0;0;0;0;0;0;0;0;1;1;1;0;-1;-1;0;0;-1;-1;-1;-1;-1;-1;-1;-1;-1;13;29;50;71;92;34;63;71;54;8.34;4.33;5.5;2.55;KVC Westerlo;Lierse SK;1.18;0.77;0.92;0.83;0.88;1.58;88;71;50;30;9;38;34;21;0;0;0;576;27;Y;Y;Y;Y;Y;Y;N
148342;2572;2568;2017/2018;complete;894;11;-1;21;;1;0;1;5;4;9;1;1;1;3;0;0;8;0;4;10;12;10;15;16;49;51;1;3;3.45;3.4;2.21;1.04;1.32;2;3.6;0;0;0;0;0;0;1.91;1.91;0;0;0;0;0;0;0;0;0;0;0;0;0;0;0;0;0;0;0;0;0;0;0;0;0;0;0;0;0;0;0;0;0;0;0;0;0;0;0;0;0;0;0;0;0;0;0;0;0;0;0;0;0;1;1;0;0;0;0;1;2018-02-04 15:00:00;2572;0;46;13;17;0;-1;1;-1;-1;-1;-1;-1;-1;1;2;0;1;3;1;-1;0;0;0;0;0;0;0;0;0;0;0;0;0;1;1;0;0;-1;-1;0;0;-1;-1;-1;-1;-1;-1;-1;-1;-1;4;21;54;71;83;29;50;79;46;9.25;5.67;4.58;2.34;Union Saint-Gilloise;Beerschot-Wilrijk;1.24;1.4;1.33;1.67;1;1.79;96;79;46;29;17;55;42;29;0;0;0;576;29;Y;N;N;N;N;N;N
148343;690;2567;2017/2018;complete;894;11;-1;73,90;34,77;2;2;4;6;5;11;1;4;0;6;0;0;9;4;14;7;23;11;16;15;57;43;0;6;2.39;3.36;3.13;0;0;0;0;0;0;0;0;0;0;0;0;0;0;0;0;0;0;0;0;0;0;0;0;0;0;0;0;0;0;0;0;0;0;0;0;0;0;0;0;0;0;0;0;0;0;0;0;0;0;0;0;0;0;0;0;0;0;0;0;0;0;0;0;0;4;0;1;2;1;3;1;2018-02-02 19:30:00;-1;0;71;13;38;0;-1;1;-1;-1;-1;-1;-1;-1;0;0;0;6;0;6;-1;0;0;0;0;0;0;0;1;0;1;0;0;0;1;1;0;0;-1;-1;0;0;-1;-1;-1;-1;-1;-1;-1;-1;-1;21;29;59;88;100;42;75;92;63;10.92;4.58;4.17;3.21;OH Leuven;Cercle Brugge;1.93;1.47;2.08;1.67;1.71;1.92;80;71;42;13;0;71;54;42;0;0;0;576;27;Y;Y;Y;Y;N;N;Y
148344;2570;2569;2017/2018;complete;894;11;-1;;;0;0;0;5;6;11;2;2;3;1;0;0;4;3;1;1;5;4;18;14;55;45;3;1;2.45;3.32;3.07;0;0;0;0;0;0;0;0;0;0;0;0;0;0;0;0;0;0;0;0;0;0;0;0;0;0;0;0;0;0;0;0;0;0;0;0;0;0;0;0;0;0;0;0;0;0;0;0;0;0;0;0;0;0;0;0;0;0;0;0;0;0;0;0;0;0;0;0;0;0;0;0;2018-02-03 16:00:00;-1;0;55;17;25;0;-1;1;-1;-1;-1;-1;-1;-1;0;1;3;0;1;3;-1;0;0;0;0;0;0;0;0;0;0;0;0;0;1;1;0;0;-1;-1;0;0;-1;-1;-1;-1;-1;-1;-1;-1;-1;4;25;50;75;92;34;71;79;50;10.92;4.75;5.5;2.46;AFC Tubize;SV Roeselare;0.63;1.24;0.75;0.83;0.79;1.25;96;75;50;25;8;71;63;50;0;0;0;576;33;N;N;N;N;N;N;N
148345;2568;534;2017/2018;complete;894;12;-1;;;0;0;0;1;5;6;3;3;1;1;0;0;0;0;4;0;4;0;10;15;48;52;1;1;1.79;3.85;4.58;1.03;1.26;1.83;3.1;0;0;0;0;0;0;1.8;2;0;0;0;0;0;0;0;0;0;0;0;0;0;0;0;0;0;0;0;0;0;0;0;0;0;0;0;0;0;0;0;0;0;0;0;0;0;0;0;0;0;0;0;0;0;0;0;0;0;0;0;0;0;0;0;0;0;0;0;0;2018-02-09 19:30:00;-1;0;55;4;38;0;-1;1;-1;-1;-1;-1;-1;-1;0;0;1;1;0;2;-1;0;0;0;0;0;0;0;0;0;0;0;0;0;1;1;0;0;-1;-1;0;0;-1;-1;-1;-1;-1;-1;-1;-1;-1;9;34;71;79;96;25;71;83;59;9.33;5.09;4.25;2.88;Beerschot-Wilrijk;KVC Westerlo;1.93;1.13;1.92;0.83;1.72;0.96;92;67;29;21;4;79;54;29;0;0;0;576;29;N;N;N;N;N;N;N
148346;2567;2570;2017/2018;complete;894;12;-1;;;0;0;0;4;6;10;2;3;0;4;0;0;3;8;3;3;6;11;13;14;49;51;0;4;1.42;4.78;8.29;1.03;1.26;1.83;3.1;0;0;0;0;0;0;2.1;1.74;0;0;0;0;0;0;0;0;0;0;0;0;0;0;0;0;0;0;0;0;0;0;0;0;0;0;0;0;0;0;0;0;0;0;0;0;0;0;0;0;0;0;0;0;0;0;0;0;0;0;0;0;0;0;0;0;0;0;0;0;2018-02-10 19:30:00;-1;0;46;13;21;0;-1;1;-1;-1;-1;-1;-1;-1;0;1;0;3;1;3;-1;0;0;0;0;0;0;0;0;0;0;0;0;0;1;1;0;0;-1;-1;0;0;-1;-1;-1;-1;-1;-1;-1;-1;-1;4;25;42;75;100;29;71;88;42;10.25;5.5;4.91;2.46;Cercle Brugge;AFC Tubize;2.14;0.88;2.17;0.83;1.88;0.8;96;75;59;25;0;63;59;42;0;0;0;576;29;N;N;N;N;N;N;N
148347;2571;690;2017/2018;complete;894;12;-1;;42;0;1;1;2;5;7;3;2;0;3;0;0;5;5;3;2;8;7;18;16;55;45;0;3;3.07;3.59;2.32;1.02;1.24;1.8;3;0;0;0;0;0;0;1.74;2.1;0;0;0;0;0;0;0;0;0;0;0;0;0;0;0;0;0;0;0;0;0;0;0;0;0;0;0;0;0;0;0;0;0;0;0;0;0;0;0;0;0;0;0;0;0;0;0;0;0;0;0;0;0;1;0;1;0;0;0;1;2018-02-11 15:00:00;690;0;63;17;38;0;-1;1;-1;-1;-1;-1;-1;-1;0;1;0;2;1;2;-1;0;0;0;0;0;0;0;0;0;0;0;0;0;1;1;0;0;-1;-1;0;0;-1;-1;-1;-1;-1;-1;-1;-1;-1;4;29;63;71;92;21;63;84;46;11.42;4.58;4.33;2.59;Lierse SK;OH Leuven;2;1.46;2.33;1.33;1.52;1.68;96;71;38;30;9;71;67;50;0;0;0;576;27;Y;N;N;N;N;N;N
148348;2569;2572;2017/2018;complete;894;12;-1;18;23,35,76,86;1;4;5;5;6;11;3;2;2;3;0;0;6;11;5;1;11;12;9;16;59;41;2;3;2.15;3.32;3.72;1.06;1.38;2.2;4.1;0;0;0;0;0;0;2;1.8;0;0;0;0;0;0;0;0;0;0;0;0;0;0;0;0;0;0;0;0;0;0;0;0;0;0;0;0;0;0;0;0;0;0;0;0;0;0;0;0;0;0;0;0;0;0;0;0;0;0;0;0;0;5;1;2;0;2;2;3;2018-02-10 16:00:00;2572;0;38;4;21;0;-1;1;-1;-1;-1;-1;-1;-1;0;1;2;2;1;4;-1;0;0;0;0;0;0;0;0;0;0;0;0;0;1;1;0;0;-1;-1;0;0;-1;-1;-1;-1;-1;-1;-1;-1;-1;0;17;54;63;88;21;54;84;50;9.41;5.92;5.67;2.21;SV Roeselare;Union Saint-Gilloise;1.56;0.88;1.67;0.67;1.24;1.08;100;83;46;38;13;63;54;46;0;0;0;576;33;Y;Y;Y;Y;Y;N;Y
148349;2571;2569;2017/2018;complete;894;13;-1;62;24,90;1;2;3;4;7;11;3;3;2;2;0;0;3;4;7;7;10;11;9;7;46;54;2;2;2.03;3.59;3.79;1.03;1.27;1.87;3.2;0;0;0;0;0;0;1.8;2;0;0;0;0;0;0;0;0;0;0;0;0;0;0;0;0;0;0;0;0;0;0;0;0;0;0;0;0;0;0;0;0;0;0;0;0;0;0;0;0;0;0;0;0;0;0;0;0;0;0;0;0;0;3;0;1;1;1;2;1;2018-02-16 19:30:00;2569;0;54;19;20;0;-1;1;-1;-1;-1;-1;-1;-1;0;0;2;2;0;4;-1;0;0;0;0;0;0;0;0;0;0;0;0;0;1;1;0;0;-1;-1;0;0;-1;-1;-1;-1;-1;-1;-1;-1;-1;8;35;54;73;93;35;81;81;38;10.69;5.38;4.92;2.62;Lierse SK;SV Roeselare;2;1.24;2.15;0.85;1.46;1.19;92;66;46;27;8;69;66;50;0;0;0;576;27;Y;Y;Y;N;N;N;Y
148350;534;2570;2017/2018;complete;894;13;-1;;;0;0;0;4;7;11;2;1;0;2;0;0;2;4;5;7;7;11;13;13;49;51;0;2;2.11;3.45;3.69;1.04;1.3;1.95;3.45;0;0;0;0;0;0;1.87;1.95;0;0;0;0;0;0;0;0;0;0;0;0;0;0;0;0;0;0;0;0;0;0;0;0;0;0;0;0;0;0;0;0;0;0;0;0;0;0;0;0;0;0;0;0;0;0;0;0;0;0;0;0;0;0;0;0;0;0;0;0;2018-02-18 15:00:00;-1;0;46;15;19;0;-1;1;-1;-1;-1;-1;-1;-1;0;1;0;1;1;1;-1;0;0;0;0;0;0;0;0;0;0;0;0;0;1;1;0;0;-1;-1;0;0;-1;-1;-1;-1;-1;-1;-1;-1;-1;8;20;39;66;89;27;62;74;43;9;5.69;5.69;2.23;KVC Westerlo;AFC Tubize;1.18;0.88;1.08;0.85;0.96;0.81;93;81;62;35;12;50;46;27;0;0;0;576;33;N;N;N;N;N;N;N
148351;2572;2567;2017/2018;complete;894;13;-1;13;2;1;1;2;5;6;11;1;2;2;3;0;0;5;6;6;3;11;9;18;9;57;43;2;3;3.9;3.56;2.01;1.04;1.32;2;3.6;0;0;0;0;0;0;1.91;1.91;0;0;0;0;0;0;0;0;0;0;0;0;0;0;0;0;0;0;0;0;0;0;0;0;0;0;0;0;0;0;0;0;0;0;0;0;0;0;0;0;0;0;0;0;0;0;0;0;0;0;0;0;0;2;1;1;0;0;0;2;2018-02-17 16:00:00;-1;0;62;15;23;0;-1;1;-1;-1;-1;-1;-1;-1;0;2;2;1;2;3;-1;0;0;0;0;0;0;0;0;0;0;0;0;0;1;1;0;1;-1;-1;0;0;-1;-1;-1;-1;-1;-1;-1;-1;-1;20;27;66;81;93;39;74;85;62;10.77;5.93;4.46;2.97;Union Saint-Gilloise;Cercle Brugge;1.24;1.47;1.46;1.62;1.15;1.85;81;74;35;20;8;73;46;35;0;0;0;576;29;Y;Y;N;N;N;N;Y
148352;690;2568;2017/2018;complete;894;13;-1;87;69;1;1;2;4;5;9;2;2;1;1;0;0;4;6;5;9;9;15;9;15;53;47;1;1;2.09;3.44;3.75;0;0;0;0;0;0;0;0;0;0;0;0;0;0;0;0;0;0;0;0;0;0;0;0;0;0;0;0;0;0;0;0;0;0;0;0;0;0;0;0;0;0;0;0;0;0;0;0;0;0;0;0;0;0;0;0;0;0;0;0;0;0;0;0;0;2;0;0;1;1;2;0;2018-02-17 19:30:00;-1;0;54;8;35;0;-1;1;-1;-1;-1;-1;-1;-1;0;0;1;1;0;2;-1;0;0;0;0;0;0;0;0;0;0;0;0;0;1;1;0;0;-1;-1;0;0;-1;-1;-1;-1;-1;-1;-1;-1;-1;4;27;46;74;93;27;58;81;46;9.39;4.08;4.39;2.54;OH Leuven;Beerschot-Wilrijk;1.93;1.4;2;1.54;1.73;1.69;96;73;54;27;8;58;50;39;0;0;0;576;27;Y;Y;N;N;N;N;Y
313902;2568;2567;2017/2018;complete;2215;0;-1;53;;1;0;1;5;4;9;1;1;1;2;1;0;6;3;9;6;15;9;16;12;49;51;3;2;2.59;3.39;2.82;1.07;1.42;2.25;4.25;0;0;0;0;0;0;2.05;1.77;0;0;0;0;0;0;0;0;0;0;0;0;0;0;0;0;0;0;0;0;0;0;0;0;0;0;0;0;0;0;0;0;0;0;0;0;0;0;0;0;0;0;0;0;0;0;0;0;0;0;0;0;0;1;0;0;1;0;1;0;2018-03-04 15:00:00;2568;1;49;11;30;0;-1;1;-1;-1;-1;-1;-1;-1;1;1;1;1;2;2;-1;0;0;0;0;0;0;0;0;0;0;0;0;0;1;1;0;0;-1;-1;0;1;-1;-1;-1;-1;-1;-1;-1;-1;-1;13;34;58;74;93;36;67;78;52;9.56;5.22;4.45;2.76;Beerschot-Wilrijk;Cercle Brugge;1.66;1.79;1.67;1.81;1.67;1.81;87;67;43;26;8;65;49;36;0;0;0;576;29;Y;N;N;N;N;N;N
313903;2567;2568;2017/2018;complete;2215;0;-1;30,35,90;84;3;1;4;6;5;11;3;0;3;3;0;0;7;4;0;2;7;6;12;11;53;47;3;3;2;3.46;4.04;1.05;1.33;2.05;3.7;0;0;0;0;0;0;1.91;1.87;0;0;0;0;0;0;0;0;0;0;0;0;0;0;0;0;0;0;0;0;0;0;0;0;0;0;0;0;0;0;0;0;0;0;0;0;0;0;0;0;0;0;0;0;0;0;0;0;0;0;0;0;0;4;2;0;1;1;2;2;2018-03-10 19:00:00;2567;1;47;8;26;0;-1;1;-1;-1;-1;-1;-1;-1;0;2;3;1;2;4;-1;0;0;0;0;0;0;0;1;0;1;0;0;0;1;1;0;0;-1;-1;0;0;-1;-1;-1;-1;-1;-1;-1;-1;-1;13;33;56;72;93;34;65;79;50;9.53;5.11;4.46;2.7;Cercle Brugge;Beerschot-Wilrijk;1.79;1.66;1.75;1.71;1.75;1.71;88;68;45;29;8;66;47;34;0;0;0;576;29;Y;Y;Y;Y;N;N;Y
313904;534;2572;2017/2018;complete;2216;1;-1;58;;1;0;1;3;2;5;0;1;3;2;0;0;4;0;3;3;7;3;20;12;45;55;3;2;2.36;3.23;3.3;1.05;1.33;2.05;3.7;0;0;0;0;0;0;1.91;1.91;0;0;0;0;0;0;0;0;0;0;0;0;0;0;0;0;0;0;0;0;0;0;0;0;0;0;0;0;0;0;0;0;0;0;0;0;0;0;0;0;0;0;0;0;0;0;0;0;0;0;0;0;0;1;0;0;1;0;1;0;2018-03-23 19:30:00;534;0;37;15;18;0;-1;1;-1;-1;-1;-1;-1;-1;0;0;3;2;0;5;-1;0;0;0;0;0;0;0;0;0;0;0;0;0;1;1;0;0;-1;-1;0;0;-1;-1;-1;-1;-1;-1;-1;-1;-1;11;26;49;60;86;34;56;75;48;8.98;4.81;5.82;2.34;KVC Westerlo;Union Saint-Gilloise;1.18;0.88;1.07;0.85;0.96;1.15;89;74;52;41;15;46;42;30;0;0;0;576;33;Y;N;N;N;N;N;N
313905;2569;2570;2017/2018;complete;2216;1;-1;;;0;0;0;4;5;9;5;2;4;1;0;0;2;2;2;3;4;5;17;15;49;51;4;1;2.27;3.35;3.37;1.06;1.41;2.25;4.25;0;0;0;0;0;0;2.15;1.71;0;0;0;0;0;0;0;0;0;0;0;0;0;0;0;0;0;0;0;0;0;0;0;0;0;0;0;0;0;0;0;0;0;0;0;0;0;0;0;0;0;0;0;0;0;0;0;0;0;0;0;0;0;0;0;0;0;0;0;0;2018-03-25 16:00:00;-1;0;48;11;19;0;-1;1;-1;-1;-1;-1;-1;-1;1;1;3;0;2;3;-1;0;0;0;0;0;0;0;0;0;0;0;0;0;1;1;0;0;-1;-1;0;0;-1;-1;-1;-1;-1;-1;-1;-1;-1;4;15;46;67;86;18;60;78;46;9.71;6.53;5.22;2.16;SV Roeselare;AFC Tubize;1.56;0.88;1.54;0.86;1.26;0.81;96;85;55;34;15;74;67;52;0;0;0;576;33;N;N;N;N;N;N;N
313906;2570;534;2017/2018;complete;2216;2;-1;;73,90;0;2;2;2;7;9;0;0;4;2;1;0;2;5;4;7;6;12;14;15;49;51;6;2;2.36;3.27;3.27;1.07;1.43;2.3;4.35;0;0;0;0;0;0;2.05;1.77;0;0;0;0;0;0;0;0;0;0;0;0;0;0;0;0;0;0;0;0;0;0;0;0;0;0;0;0;0;0;0;0;0;0;0;0;0;0;0;0;0;0;0;0;0;0;0;0;0;0;0;0;0;2;0;0;0;2;2;0;2018-03-30 18:30:00;534;0;62;12;42;0;-1;1;-1;-1;-1;-1;-1;-1;1;0;4;2;1;6;-1;0;0;0;0;0;0;0;0;0;0;0;0;0;1;1;0;0;-1;-1;1;0;-1;-1;-1;-1;-1;-1;-1;-1;-1;0;16;54;73;85;16;54;77;58;10.3;5;4.84;2.27;AFC Tubize;KVC Westerlo;0.63;1.13;0.77;0.85;0.82;1.04;100;85;46;27;15;73;62;43;0;0;0;576;33;Y;Y;N;N;N;N;N
313907;2572;2569;2017/2018;complete;2216;2;-1;;79;0;1;1;4;10;14;1;1;0;0;0;0;4;8;2;12;6;20;18;15;46;54;0;0;2.13;3.37;3.72;1.06;1.39;2.25;4.2;0;0;0;0;0;0;2.05;1.8;0;0;0;0;0;0;0;0;0;0;0;0;0;0;0;0;0;0;0;0;0;0;0;0;0;0;0;0;0;0;0;0;0;0;0;0;0;0;0;0;0;0;0;0;0;0;0;0;0;0;0;0;0;1;0;0;0;1;1;0;2018-04-02 14:00:00;2569;0;47;18;11;0;-1;-1;-1;-1;-1;-1;-1;-1;0;0;0;0;0;0;-1;0;0;0;0;0;0;0;-1;-1;-1;-1;-1;-1;-1;1;0;0;-1;-1;-1;-1;-1;-1;-1;-1;-1;-1;-1;-1;-1;7;25;50;71;86;36;75;71;43;10.71;4.92;4.64;2.4;Union Saint-Gilloise;SV Roeselare;1.24;1.24;1.43;1;1.11;1.25;93;75;50;29;14;71;54;40;0;0;0;576;33;Y;N;N;N;N;N;N
313908;2572;2570;2017/2018;complete;2216;3;-1;70;80;1;1;2;4;6;10;2;2;0;0;0;0;4;3;1;11;5;14;24;13;45;55;0;0;2.2;3.25;3.66;1.06;1.41;2.25;4.25;0;0;0;0;0;0;2.1;1.77;0;0;0;0;0;0;0;0;0;0;0;0;0;0;0;0;0;0;0;0;0;0;0;0;0;0;0;0;0;0;0;0;0;0;0;0;0;0;0;0;0;0;0;0;0;0;0;0;0;0;0;0;0;2;0;0;1;1;2;0;2018-04-06 18:30:00;-1;0;47;17;10;0;-1;-1;-1;-1;-1;-1;-1;-1;0;0;0;0;0;0;-1;0;0;0;0;0;0;0;-1;-1;-1;-1;-1;-1;-1;1;0;0;-1;-1;-1;-1;-1;-1;-1;-1;-1;-1;-1;-1;-1;4;10;37;64;84;27;57;73;34;10.34;5.6;4.53;1.97;Union Saint-Gilloise;AFC Tubize;1.24;0.88;1.33;0.87;1.07;0.79;97;90;63;37;17;77;57;40;0;0;0;576;33;Y;Y;N;N;N;N;Y
313909;534;2569;2017/2018;complete;2216;3;-1;;;0;0;0;6;3;9;4;2;0;0;0;0;6;3;5;2;11;5;14;7;53;47;0;0;2.35;3.23;3.33;1.05;1.37;2.15;3.95;0;0;0;0;0;0;2;1.83;0;0;0;0;0;0;0;0;0;0;0;0;0;0;0;0;0;0;0;0;0;0;0;0;0;0;0;0;0;0;0;0;0;0;0;0;0;0;0;0;0;0;0;0;0;0;0;0;0;0;0;0;0;0;0;0;0;0;0;0;2018-04-08 18:00:00;-1;0;37;13;17;0;-1;-1;-1;-1;-1;-1;-1;-1;0;0;0;0;0;0;-1;0;0;0;0;0;0;0;0;0;0;0;0;0;1;1;0;0;-1;-1;-1;-1;-1;-1;-1;-1;-1;-1;-1;-1;-1;10;30;44;60;84;30;67;67;44;9.67;4.4;5.13;2.3;KVC Westerlo;SV Roeselare;1.18;1.24;1.2;1.13;1.1;1.31;90;70;57;40;17;50;47;33;0;0;0;576;33;N;N;N;N;N;N;N
313910;2570;2572;2017/2018;complete;2216;4;-1;;75;0;1;1;4;2;6;0;5;0;0;0;0;4;2;7;0;11;2;16;24;58;42;0;0;2.75;2.98;2.97;1.08;1.48;2.45;4.75;0;0;0;0;0;0;2.15;1.69;0;0;0;0;0;0;0;0;0;0;0;0;0;0;0;0;0;0;0;0;0;0;0;0;0;0;0;0;0;0;0;0;0;0;0;0;0;0;0;0;0;0;0;0;0;0;0;0;0;0;0;0;0;1;0;0;0;1;1;0;2018-04-13 18:30:00;2572;0;47;14;25;0;-1;-1;-1;-1;-1;-1;-1;-1;0;0;0;0;0;0;-1;0;0;0;0;0;0;0;-1;-1;-1;-1;-1;-1;-1;1;0;0;-1;-1;-1;-1;-1;-1;-1;-1;-1;-1;-1;-1;-1;4;14;47;64;90;29;47;86;50;10.14;4.65;6;2.18;AFC Tubize;Union Saint-Gilloise;0.63;0.88;0.71;0.79;0.8;1.07;97;86;54;36;11;68;57;50;0;0;0;576;33;Y;N;N;N;N;N;N
313911;2569;534;2017/2018;complete;2216;4;-1;;;0;0;0;1;2;3;2;2;0;0;0;0;2;2;4;6;6;8;15;20;56;44;0;0;2.7;3.06;2.95;1.04;1.32;2;3.6;0;0;0;0;0;0;1.87;1.95;0;0;0;0;0;0;0;0;0;0;0;0;0;0;0;0;0;0;0;0;0;0;0;0;0;0;0;0;0;0;0;0;0;0;0;0;0;0;0;0;0;0;0;0;0;0;0;0;0;0;0;0;0;0;0;0;0;0;0;0;2018-04-15 14:00:00;-1;0;50;7;32;0;-1;-1;-1;-1;-1;-1;-1;-1;0;0;0;0;0;0;-1;0;0;0;0;0;0;0;0;0;0;0;0;0;1;1;0;0;-1;-1;-1;-1;-1;-1;-1;-1;-1;-1;-1;-1;-1;4;21;57;72;83;11;57;75;61;9.36;5.86;4.72;2.36;SV Roeselare;KVC Westerlo;1.56;1.13;1.5;1;1.3;1.1;97;79;43;29;18;71;54;36;0;0;0;576;33;N;N;N;N;N;N;N
313912;2572;534;2017/2018;complete;2216;5;-1;;32,59;0;2;2;4;3;7;4;1;0;0;0;0;0;3;0;4;0;7;15;17;51;49;0;0;2.7;3.06;2.95;0;0;0;0;0;0;0;0;0;0;0;0;0;0;0;0;0;0;0;0;0;0;0;0;0;0;0;0;0;0;0;0;0;0;0;0;0;0;0;0;0;0;0;0;0;0;0;0;0;0;0;0;0;0;0;0;0;0;0;0;0;0;0;0;0;2;0;1;0;1;1;1;2018-04-20 18:30:00;534;0;52;13;27;0;-1;-1;-1;-1;-1;-1;-1;-1;0;0;0;0;0;0;-1;0;0;0;0;0;0;0;-1;-1;-1;-1;-1;-1;-1;1;0;0;-1;-1;-1;-1;-1;-1;-1;-1;-1;-1;-1;-1;-1;3;17;49;71;84;19;55;74;52;9.78;4.83;3.77;2.23;Union Saint-Gilloise;KVC Westerlo;1.24;1.13;1.31;1;1.13;1.1;97;84;52;29;17;71;49;26;0;0;0;576;33;Y;Y;N;N;N;N;N
313913;2570;2569;2017/2018;complete;2216;5;-1;41;43,46,60;1;3;4;6;8;14;1;2;0;0;0;0;4;5;8;7;12;12;12;13;50;50;0;0;2.35;3.1;2.95;1.05;1.33;2.05;3.65;0;0;0;0;0;0;1.91;1.91;0;0;0;0;0;0;0;0;0;0;0;0;0;0;0;0;0;0;0;0;0;0;0;0;0;0;0;0;0;0;0;0;0;0;0;0;0;0;0;0;0;0;0;0;0;0;0;0;0;0;0;0;0;4;1;1;0;2;2;2;2018-04-22 14:00:00;2569;0;46;13;23;0;-1;-1;-1;-1;-1;-1;-1;-1;0;0;0;0;0;0;-1;0;0;0;0;0;0;0;-1;-1;-1;-1;-1;-1;-1;1;0;0;-1;-1;-1;-1;-1;-1;-1;-1;-1;-1;-1;-1;-1;3;19;42;65;84;26;58;75;46;10.84;4.33;5.03;2.13;AFC Tubize;SV Roeselare;0.63;1.24;0.67;1.13;0.77;1.29;97;81;58;36;16;74;62;52;0;0;0;576;33;Y;Y;Y;Y;N;N;Y
313914;2569;2572;2017/2018;complete;2216;6;-1;9;;1;0;1;4;10;14;3;3;0;0;0;0;4;4;7;10;11;14;14;10;44;56;0;0;2;3.4;3.5;1.02;1.24;1.8;3;0;0;0;0;0;0;1.77;2.05;0;0;0;0;0;0;0;0;0;0;0;0;0;0;0;0;0;0;0;0;0;0;0;0;0;0;0;0;0;0;0;0;0;0;0;0;0;0;0;0;0;0;0;0;0;0;0;0;0;0;0;0;0;1;1;0;0;0;0;1;2018-04-29 14:00:00;2569;0;37;10;17;0;-1;-1;-1;-1;-1;-1;-1;-1;0;0;0;0;0;0;-1;0;0;0;0;0;0;0;-1;-1;-1;-1;-1;-1;-1;1;1;0;-1;-1;-1;-1;-1;-1;-1;-1;-1;-1;-1;-1;-1;7;20;50;57;83;23;50;80;47;8.86;5.94;5.26;2.17;SV Roeselare;Union Saint-Gilloise;1.56;0.88;1.47;0.93;1.34;1.09;93;80;50;44;17;60;50;44;0;0;0;576;33;Y;N;N;N;N;N;N
313915;534;2570;2017/2018;complete;2216;6;-1;50;76;1;1;2;4;1;5;1;3;0;0;0;0;4;4;9;2;13;6;17;8;49;51;0;0;1.71;3.55;4.55;1.03;1.29;1.91;3.3;0;0;0;0;0;0;1.95;1.87;0;0;0;0;0;0;0;0;0;0;0;0;0;0;0;0;0;0;0;0;0;0;0;0;0;0;0;0;0;0;0;0;0;0;0;0;0;0;0;0;0;0;0;0;0;0;0;0;0;0;0;0;0;2;0;0;1;1;2;0;2018-04-29 14:00:00;-1;0;41;13;19;0;-1;-1;-1;-1;-1;-1;-1;-1;0;0;0;0;0;0;-1;0;0;0;0;0;0;0;-1;-1;-1;-1;-1;-1;-1;1;0;0;-1;-1;-1;-1;-1;-1;-1;-1;-1;-1;-1;-1;-1;7;16;32;57;78;22;50;66;38;9.25;5.32;5;1.91;KVC Westerlo;AFC Tubize;1.18;0.88;1.19;0.88;1.16;0.75;94;85;69;44;22;56;47;29;0;0;0;576;33;Y;Y;N;N;N;N;Y
