ID;HOMEID;AWAYID;SEASON;STATUS;ROUNDID;GAME_WEEK;REVISED_GAME_WEEK;HOMEGOALS;AWAYGOALS;HOMEGOALCOUNT;AWAYGOALCOUNT;TOTALGOALCOUNT;TEAM_A_CORNERS;TEAM_B_CORNERS;TOTALCORNERCOUNT;TEAM_A_OFFSIDES;TEAM_B_OFFSIDES;TEAM_A_YELLOW_CARDS;TEAM_B_YELLOW_CARDS;TEAM_A_RED_CARDS;TEAM_B_RED_CARDS;TEAM_A_SHOTSONTARGET;TEAM_B_SHOTSONTARGET;TEAM_A_SHOTSOFFTARGET;TEAM_B_SHOTSOFFTARGET;TEAM_A_SHOTS;TEAM_B_SHOTS;TEAM_A_FOULS;TEAM_B_FOULS;TEAM_A_POSSESSION;TEAM_B_POSSESSION;TEAM_A_CARDS_NUM;TEAM_B_CARDS_NUM;ODDS_FT_1;ODDS_FT_X;ODDS_FT_2;ODDS_FT_OVER05;ODDS_FT_OVER15;ODDS_FT_OVER25;ODDS_FT_OVER35;ODDS_FT_OVER45;ODDS_FT_UNDER05;ODDS_FT_UNDER15;ODDS_FT_UNDER25;ODDS_FT_UNDER35;ODDS_FT_UNDER45;ODDS_BTTS_YES;ODDS_BTTS_NO;ODDS_TEAM_A_CS_YES;ODDS_TEAM_A_CS_NO;ODDS_TEAM_B_CS_YES;ODDS_TEAM_B_CS_NO;ODDS_DOUBLECHANCE_1X;ODDS_DOUBLECHANCE_12;ODDS_DOUBLECHANCE_X2;ODDS_1ST_HALF_RESULT_1;ODDS_1ST_HALF_RESULT_X;ODDS_1ST_HALF_RESULT_2;ODDS_2ND_HALF_RESULT_1;ODDS_2ND_HALF_RESULT_X;ODDS_2ND_HALF_RESULT_2;ODDS_DNB_1;ODDS_DNB_2;ODDS_CORNERS_OVER_75;ODDS_CORNERS_OVER_85;ODDS_CORNERS_OVER_95;ODDS_CORNERS_OVER_105;ODDS_CORNERS_OVER_115;ODDS_CORNERS_UNDER_75;ODDS_CORNERS_UNDER_85;ODDS_CORNERS_UNDER_95;ODDS_CORNERS_UNDER_105;ODDS_CORNERS_UNDER_115;ODDS_CORNERS_1;ODDS_CORNERS_X;ODDS_CORNERS_2;ODDS_TEAM_TO_SCORE_FIRST_1;ODDS_TEAM_TO_SCORE_FIRST_X;ODDS_TEAM_TO_SCORE_FIRST_2;ODDS_WIN_TO_NIL_1;ODDS_WIN_TO_NIL_2;ODDS_1ST_HALF_OVER05;ODDS_1ST_HALF_OVER15;ODDS_1ST_HALF_OVER25;ODDS_1ST_HALF_OVER35;ODDS_1ST_HALF_UNDER05;ODDS_1ST_HALF_UNDER15;ODDS_1ST_HALF_UNDER25;ODDS_1ST_HALF_UNDER35;ODDS_2ND_HALF_OVER05;ODDS_2ND_HALF_OVER15;ODDS_2ND_HALF_OVER25;ODDS_2ND_HALF_OVER35;ODDS_2ND_HALF_UNDER05;ODDS_2ND_HALF_UNDER15;ODDS_2ND_HALF_UNDER25;ODDS_2ND_HALF_UNDER35;ODDS_BTTS_1ST_HALF_YES;ODDS_BTTS_1ST_HALF_NO;ODDS_BTTS_2ND_HALF_YES;ODDS_BTTS_2ND_HALF_NO;OVERALLGOALCOUNT;HT_GOALS_TEAM_A;HT_GOALS_TEAM_B;GOALS_2HG_TEAM_A;GOALS_2HG_TEAM_B;GOALCOUNT_2HG;HTGOALCOUNT;DATE_UNIX;WINNINGTEAM;NO_HOME_AWAY;BTTS_POTENTIAL;BTTS_FHG_POTENTIAL;BTTS_2HG_POTENTIAL;GOALTIMINGDISABLED;CORNER_TIMINGS_RECORDED;CARD_TIMINGS_RECORDED;TEAM_A_FH_CORNERS;TEAM_B_FH_CORNERS;TEAM_A_2H_CORNERS;TEAM_B_2H_CORNERS;CORNER_FH_COUNT;CORNER_2H_COUNT;TEAM_A_FH_CARDS;TEAM_B_FH_CARDS;TEAM_A_2H_CARDS;TEAM_B_2H_CARDS;TOTAL_FH_CARDS;TOTAL_2H_CARDS;ATTACKS_RECORDED;TEAM_A_DANGEROUS_ATTACKS;TEAM_B_DANGEROUS_ATTACKS;TEAM_A_ATTACKS;TEAM_B_ATTACKS;TEAM_A_XG;TEAM_B_XG;TOTAL_XG;TEAM_A_PENALTIES_WON;TEAM_B_PENALTIES_WON;TEAM_A_PENALTY_GOALS;TEAM_B_PENALTY_GOALS;TEAM_A_PENALTY_MISSED;TEAM_B_PENALTY_MISSED;PENS_RECORDED;GOAL_TIMINGS_RECORDED;TEAM_A_0_10_MIN_GOALS;TEAM_B_0_10_MIN_GOALS;TEAM_A_CORNERS_0_10_MIN;TEAM_B_CORNERS_0_10_MIN;TEAM_A_CARDS_0_10_MIN;TEAM_B_CARDS_0_10_MIN;THROWINS_RECORDED;TEAM_A_THROWINS;TEAM_B_THROWINS;FREEKICKS_RECORDED;TEAM_A_FREEKICKS;TEAM_B_FREEKICKS;GOALKICKS_RECORDED;TEAM_A_GOALKICKS;TEAM_B_GOALKICKS;O45_POTENTIAL;O35_POTENTIAL;O25_POTENTIAL;O15_POTENTIAL;O05_POTENTIAL;O15HT_POTENTIAL;O05HT_POTENTIAL;O05_2H_POTENTIAL;O15_2H_POTENTIAL;CORNERS_POTENTIAL;OFFSIDES_POTENTIAL;CARDS_POTENTIAL;AVG_POTENTIAL;HOME_NAME;AWAY_NAME;HOME_PPG;AWAY_PPG;PRE_MATCH_HOME_PPG;PRE_MATCH_AWAY_PPG;PRE_MATCH_TEAMA_OVERALL_PPG;PRE_MATCH_TEAMB_OVERALL_PPG;U45_POTENTIAL;U35_POTENTIAL;U25_POTENTIAL;U15_POTENTIAL;U05_POTENTIAL;CORNERS_O85_POTENTIAL;CORNERS_O95_POTENTIAL;CORNERS_O105_POTENTIAL;TEAM_A_XG_PREMATCH;TEAM_B_XG_PREMATCH;TOTAL_XG_PREMATCH;COMPETITION_ID;MATCHES_COMPLETED_MINIMUM;OVER05;OVER15;OVER25;OVER35;OVER45;OVER55;BTTS
148357;2569;2571;2016/2017;complete;895;1;-1;43,61;29,90;2;2;4;4;3;7;5;5;4;2;0;0;3;3;6;1;9;4;25;9;40;60;4;2;2.6;3.45;2.81;0;0;0;0;0;0;0;0;0;0;0;0;0;0;0;0;0;0;0;0;0;0;0;0;0;0;0;0;0;0;0;0;0;0;0;0;0;0;0;0;0;0;0;0;0;0;0;0;0;0;0;0;0;0;0;0;0;0;0;0;0;0;0;0;0;4;1;1;1;1;2;2;2016-08-05 18:30:00;-1;0;0;0;0;0;-1;1;-1;-1;-1;-1;-1;-1;4;2;0;0;6;0;-1;0;0;0;0;0;0;0;1;0;1;0;0;0;1;1;0;0;-1;-1;4;2;-1;-1;-1;-1;-1;-1;-1;-1;-1;0;0;0;0;0;0;0;0;0;0;0;0;0;SV Roeselare;Lierse SK;2;2.07;0;0;0;0;0;0;0;0;0;0;0;0;0;0;0;577;28;Y;Y;Y;Y;N;N;Y
148358;2570;2572;2016/2017;complete;895;1;-1;36,51;23,77;2;2;4;4;7;11;0;4;4;2;0;0;4;2;6;2;10;4;19;18;51;49;4;2;2.31;3.54;3.17;0;0;0;0;0;0;0;0;0;0;0;0;0;0;0;0;0;0;0;0;0;0;0;0;0;0;0;0;0;0;0;0;0;0;0;0;0;0;0;0;0;0;0;0;0;0;0;0;0;0;0;0;0;0;0;0;0;0;0;0;0;0;0;0;0;4;1;1;1;1;2;2;2016-08-06 18:00:00;-1;0;0;0;0;0;-1;1;-1;-1;-1;-1;-1;-1;4;2;0;0;6;0;-1;0;0;0;0;0;0;0;1;0;1;0;0;0;1;1;0;0;-1;-1;4;2;-1;-1;-1;-1;-1;-1;-1;-1;-1;0;0;0;0;0;0;0;0;0;0;0;0;0;AFC Tubize;Union Saint-Gilloise;1.29;1;0;0;0;0;0;0;0;0;0;0;0;0;0;0;0;577;28;Y;Y;Y;Y;N;N;Y
148359;2573;690;2016/2017;complete;895;1;-1;68,86;42,76;2;2;4;2;1;3;3;2;3;2;0;0;9;6;5;0;14;6;15;17;44;56;3;2;2.41;3.55;3;0;0;0;0;0;0;0;0;0;0;0;0;0;0;0;0;0;0;0;0;0;0;0;0;0;0;0;0;0;0;0;0;0;0;0;0;0;0;0;0;0;0;0;0;0;0;0;0;0;0;0;0;0;0;0;0;0;0;0;0;0;0;0;0;0;4;0;1;2;1;3;1;2016-08-07 10:30:00;-1;0;0;0;0;0;-1;1;-1;-1;-1;-1;-1;-1;3;2;0;0;5;0;-1;0;0;0;0;0;0;0;0;0;0;0;0;0;1;1;0;0;-1;-1;3;2;-1;-1;-1;-1;-1;-1;-1;-1;-1;0;0;0;0;0;0;0;0;0;0;0;0;0;Lommel United;OH Leuven;0.76;0.88;0;0;0;0;0;0;0;0;0;0;0;0;0;0;0;577;34;Y;Y;Y;Y;N;N;Y
148360;2567;1048;2016/2017;complete;895;1;-1;43;9;1;1;2;6;3;9;0;2;1;0;1;1;3;2;9;4;12;6;16;11;54;46;2;2;2.51;3.39;2.97;0;0;0;0;0;0;0;0;0;0;0;0;0;0;0;0;0;0;0;0;0;0;0;0;0;0;0;0;0;0;0;0;0;0;0;0;0;0;0;0;0;0;0;0;0;0;0;0;0;0;0;0;0;0;0;0;0;0;0;0;0;0;0;0;0;2;1;1;0;0;0;2;2016-08-07 14:00:00;-1;0;0;0;0;0;-1;1;-1;-1;-1;-1;-1;-1;1;1;1;0;2;1;-1;0;0;0;0;0;0;0;1;0;1;0;0;0;1;1;0;1;-1;-1;1;0;-1;-1;-1;-1;-1;-1;-1;-1;-1;0;0;0;0;0;0;0;0;0;0;0;0;0;Cercle Brugge;Royal Antwerp FC;1.35;1.53;0;0;0;0;0;0;0;0;0;0;0;0;0;0;0;577;30;Y;Y;N;N;N;N;Y
148361;690;2572;2016/2017;complete;895;2;-1;;30,51,77;0;3;3;9;5;14;3;5;3;3;0;0;4;2;7;2;11;4;14;14;58;42;3;3;1.91;3.69;4.25;0;0;0;0;0;0;0;0;0;0;0;0;0;0;0;0;0;0;0;0;0;0;0;0;0;0;0;0;0;0;0;0;0;0;0;0;0;0;0;0;0;0;0;0;0;0;0;0;0;0;0;0;0;0;0;0;0;0;0;0;0;0;0;0;0;3;0;1;0;2;2;1;2016-08-12 18:30:00;2572;0;50;50;50;0;-1;1;-1;-1;-1;-1;-1;-1;3;3;0;0;6;0;-1;0;0;0;0;0;0;0;0;1;0;1;0;0;1;1;0;0;-1;-1;3;3;-1;-1;-1;-1;-1;-1;-1;-1;-1;0;50;50;50;50;50;50;50;50;7;4;2;2;OH Leuven;Union Saint-Gilloise;1.35;1;0;1;1;1;50;0;0;0;0;50;50;50;0;0;0;577;28;Y;Y;Y;N;N;N;N
148362;1048;2569;2016/2017;complete;895;2;-1;58;;1;0;1;6;9;15;4;3;1;1;0;0;5;7;9;5;14;12;10;18;58;42;1;1;1.69;3.86;5.57;0;0;0;0;0;0;0;0;0;0;0;0;0;0;0;0;0;0;0;0;0;0;0;0;0;0;0;0;0;0;0;0;0;0;0;0;0;0;0;0;0;0;0;0;0;0;0;0;0;0;0;0;0;0;0;0;0;0;0;0;0;0;0;0;0;1;0;0;1;0;1;0;2016-08-13 18:00:00;1048;0;0;0;0;0;-1;1;-1;-1;-1;-1;-1;-1;1;1;0;0;2;0;-1;0;0;0;0;0;0;0;0;0;0;0;0;0;1;1;0;0;-1;-1;1;1;-1;-1;-1;-1;-1;-1;-1;-1;-1;0;0;0;0;0;0;0;0;0;0;0;0;0;Royal Antwerp FC;SV Roeselare;2.13;1.33;0;0;1;1;0;0;0;0;0;0;0;0;0;0;0;577;30;Y;N;N;N;N;N;N
148363;2571;2567;2016/2017;complete;895;2;-1;29,56;;2;0;2;6;5;11;2;1;1;4;0;1;2;5;3;1;5;6;15;15;61;39;1;6;2.19;3.54;3.43;0;0;0;0;0;0;0;0;0;0;0;0;0;0;0;0;0;0;0;0;0;0;0;0;0;0;0;0;0;0;0;0;0;0;0;0;0;0;0;0;0;0;0;0;0;0;0;0;0;0;0;0;0;0;0;0;0;0;0;0;0;0;0;0;0;2;1;0;1;0;1;1;2016-08-14 10:30:00;2571;0;0;0;0;0;-1;1;-1;-1;-1;-1;-1;-1;1;4;0;1;5;1;-1;0;0;0;0;0;0;0;1;0;1;0;0;0;1;1;0;0;-1;-1;1;4;-1;-1;-1;-1;-1;-1;-1;-1;-1;0;0;0;0;0;0;0;0;0;0;0;0;0;Lierse SK;Cercle Brugge;1.86;0.94;0;0;1;1;0;0;0;0;0;0;0;0;0;0;0;577;28;Y;Y;N;N;N;N;N
148364;2570;2573;2016/2017;complete;895;2;-1;;17,40,68,90;0;4;4;1;8;9;2;4;3;1;1;0;3;0;1;3;4;3;18;13;45;55;5;1;2.26;3.43;3.37;0;0;0;0;0;0;0;0;0;0;0;0;0;0;0;0;0;0;0;0;0;0;0;0;0;0;0;0;0;0;0;0;0;0;0;0;0;0;0;0;0;0;0;0;0;0;0;0;0;0;0;0;0;0;0;0;0;0;0;0;0;0;0;0;0;4;0;2;0;2;2;2;2016-08-14 14:00:00;2573;0;50;50;50;0;-1;1;-1;-1;-1;-1;-1;-1;4;1;0;0;5;0;-1;0;0;0;0;0;0;0;0;0;0;0;0;0;1;1;0;0;-1;-1;3;1;-1;-1;-1;-1;-1;-1;-1;-1;-1;0;50;50;50;50;50;50;50;50;4;0;4;2;AFC Tubize;Lommel United;1.29;0.88;1;0;1;1;50;0;0;0;0;50;50;50;0;0;0;577;34;Y;Y;Y;Y;N;N;N
148365;1048;2573;2016/2017;complete;895;3;-1;;78;0;1;1;4;3;7;0;0;0;1;0;0;4;2;2;3;6;5;17;14;54;46;0;1;1.69;3.81;5.68;0;0;0;0;0;0;0;0;0;0;0;0;0;0;0;0;0;0;0;0;0;0;0;0;0;0;0;0;0;0;0;0;0;0;0;0;0;0;0;0;0;0;0;0;0;0;0;0;0;0;0;0;0;0;0;0;0;0;0;0;0;0;0;0;0;1;0;0;0;1;1;0;2016-08-19 18:30:00;2573;0;0;0;0;0;-1;1;-1;-1;-1;-1;-1;-1;0;1;0;0;1;0;-1;0;0;0;0;0;0;0;0;1;0;1;0;0;1;1;0;0;-1;-1;0;1;-1;-1;-1;-1;-1;-1;-1;-1;-1;0;50;50;50;100;50;50;100;50;14;8;2;2.5;Royal Antwerp FC;Lommel United;2.13;0.88;3;3;2;2;100;50;50;50;0;100;50;50;0;0;0;577;30;Y;N;N;N;N;N;N
148366;2569;690;2016/2017;complete;895;3;-1;56,88;46,80;2;2;4;3;2;5;8;3;1;3;0;1;2;2;3;3;5;5;12;19;53;47;1;4;2.77;3.45;2.64;0;0;0;0;0;0;0;0;0;0;0;0;0;0;0;0;0;0;0;0;0;0;0;0;0;0;0;0;0;0;0;0;0;0;0;0;0;0;0;0;0;0;0;0;0;0;0;0;0;0;0;0;0;0;0;0;0;0;0;0;0;0;0;0;0;4;0;0;2;2;4;0;2016-08-20 18:00:00;-1;0;100;50;100;0;-1;1;-1;-1;-1;-1;-1;-1;1;3;0;1;4;1;-1;0;0;0;0;0;0;0;0;0;0;0;0;0;1;1;0;0;-1;-1;1;3;-1;-1;-1;-1;-1;-1;-1;-1;-1;0;100;100;100;100;50;100;100;100;5;7;6;4;SV Roeselare;OH Leuven;2;0.88;1;1;0.5;0.5;100;0;0;0;0;0;0;0;0;0;0;577;30;Y;Y;Y;Y;N;N;Y
148367;2572;2571;2016/2017;complete;895;3;-1;24,63;17,75;2;2;4;3;4;7;2;2;3;1;0;0;2;4;4;5;6;9;12;13;50;50;3;1;2.45;3.53;2.96;0;0;0;0;0;0;0;0;0;0;0;0;0;0;0;0;0;0;0;0;0;0;0;0;0;0;0;0;0;0;0;0;0;0;0;0;0;0;0;0;0;0;0;0;0;0;0;0;0;0;0;0;0;0;0;0;0;0;0;0;0;0;0;0;0;4;1;1;1;1;2;2;2016-08-21 10:30:00;-1;0;50;50;50;0;-1;1;-1;-1;-1;-1;-1;-1;3;1;0;0;4;0;-1;0;0;0;0;0;0;0;0;0;0;0;0;0;1;1;0;0;-1;-1;3;1;-1;-1;-1;-1;-1;-1;-1;-1;-1;0;50;50;50;50;50;50;50;50;3;5;2;2;Union Saint-Gilloise;Lierse SK;1.5;2.07;0;1;2;2;50;0;0;0;0;0;0;0;0;0;0;577;28;Y;Y;Y;Y;N;N;Y
148368;2567;2570;2016/2017;complete;895;3;-1;39,44,88,90;42;4;1;5;4;7;11;4;1;1;1;0;0;3;6;5;6;8;12;18;10;51;49;1;1;2.04;3.54;3.89;0;0;0;0;0;0;0;0;0;0;0;0;0;0;0;0;0;0;0;0;0;0;0;0;0;0;0;0;0;0;0;0;0;0;0;0;0;0;0;0;0;0;0;0;0;0;0;0;0;0;0;0;0;0;0;0;0;0;0;0;0;0;0;0;0;5;2;1;2;0;2;3;2016-08-21 14:00:00;2567;0;50;50;0;0;-1;1;-1;-1;-1;-1;-1;-1;1;1;0;0;2;0;-1;0;0;0;0;0;0;0;1;0;1;0;0;0;1;1;0;0;-1;-1;1;1;-1;-1;-1;-1;-1;-1;-1;-1;-1;0;0;0;50;50;50;50;0;0;6;0;2;1;Cercle Brugge;AFC Tubize;1.35;1.12;1;0;0.5;0.5;50;50;50;0;0;50;0;0;0;0;0;577;34;Y;Y;Y;Y;Y;N;Y
148369;2571;690;2016/2017;complete;895;4;-1;60,80;11,69;2;2;4;7;4;11;2;2;2;4;0;0;6;10;15;1;21;11;8;14;58;42;2;4;2.51;3.42;2.95;0;0;0;0;0;0;0;0;0;0;0;0;0;0;0;0;0;0;0;0;0;0;0;0;0;0;0;0;0;0;0;0;0;0;0;0;0;0;0;0;0;0;0;0;0;0;0;0;0;0;0;0;0;0;0;0;0;0;0;0;0;0;0;0;0;4;0;1;2;1;3;1;2016-09-02 18:30:00;-1;0;50;0;50;0;-1;1;-1;-1;-1;-1;-1;-1;2;4;0;0;6;0;-1;0;0;0;0;0;0;0;0;0;0;0;0;0;1;1;0;0;-1;-1;2;4;-1;-1;-1;-1;-1;-1;-1;-1;-1;0;50;50;100;100;0;75;100;50;7.5;4.5;4;3;Lierse SK;OH Leuven;1.86;0.88;3;1;1.67;0.67;100;50;50;0;0;50;50;50;0;0;0;577;28;Y;Y;Y;Y;N;N;Y
148370;2573;2567;2016/2017;complete;895;4;-1;17;13;1;1;2;4;6;10;2;1;2;1;0;0;7;4;8;4;15;8;17;12;49;51;2;1;2.72;3.41;2.72;0;0;0;0;0;0;0;0;0;0;0;0;0;0;0;0;0;0;0;0;0;0;0;0;0;0;0;0;0;0;0;0;0;0;0;0;0;0;0;0;0;0;0;0;0;0;0;0;0;0;0;0;0;0;0;0;0;0;0;0;0;0;0;0;0;2;1;1;0;0;0;2;2016-09-03 18:00:00;-1;0;50;0;50;0;-1;1;-1;-1;-1;-1;-1;-1;2;1;0;0;3;0;-1;0;0;0;0;0;0;0;0;0;0;0;0;0;1;1;0;0;-1;-1;2;1;-1;-1;-1;-1;-1;-1;-1;-1;-1;0;50;50;100;100;0;100;100;50;7;4;9;3;Lommel United;Cercle Brugge;0.76;0.94;1;0;2.33;1.33;100;50;50;0;0;50;50;50;0;0;0;577;34;Y;Y;N;N;N;N;Y
148371;2570;2569;2016/2017;complete;895;4;-1;2,6,10,49;66;4;1;5;9;9;18;1;2;2;3;0;0;6;5;3;5;9;10;11;20;54;46;2;3;2.36;3.4;3.21;0;0;0;0;0;0;0;0;0;0;0;0;0;0;0;0;0;0;0;0;0;0;0;0;0;0;0;0;0;0;0;0;0;0;0;0;0;0;0;0;0;0;0;0;0;0;0;0;0;0;0;0;0;0;0;0;0;0;0;0;0;0;0;0;0;5;3;0;1;1;2;3;2016-09-04 10:30:00;2570;0;25;25;25;0;-1;1;-1;-1;-1;-1;-1;-1;2;3;0;0;5;0;-1;0;0;0;0;0;0;0;0;0;0;0;0;0;1;1;3;0;-1;-1;2;3;-1;-1;-1;-1;-1;-1;-1;-1;-1;0;50;50;50;100;50;50;100;50;11.5;4;5.5;2.5;AFC Tubize;SV Roeselare;1.29;1.33;0.5;0;0.33;0.67;100;50;50;50;0;100;75;75;0;0;0;577;30;Y;Y;Y;Y;Y;N;Y
148372;2572;1048;2016/2017;complete;895;4;-1;90;57;1;1;2;7;4;11;2;2;2;0;0;0;5;6;5;6;10;12;21;15;49;51;2;0;3.37;3.26;2.34;0;0;0;0;0;0;0;0;0;0;0;0;0;0;0;0;0;0;0;0;0;0;0;0;0;0;0;0;0;0;0;0;0;0;0;0;0;0;0;0;0;0;0;0;0;0;0;0;0;0;0;0;0;0;0;0;0;0;0;0;0;0;0;0;0;2;0;0;1;1;2;0;2016-09-04 14:00:00;-1;0;100;100;50;0;-1;1;-1;-1;-1;-1;-1;-1;2;0;0;0;2;0;-1;0;0;0;0;0;0;0;0;0;0;0;0;0;1;1;0;0;-1;-1;2;0;-1;-1;-1;-1;-1;-1;-1;-1;-1;0;50;50;100;100;100;100;50;50;6;4;5;3;Union Saint-Gilloise;Royal Antwerp FC;1.5;1.53;1;1;1.67;1.33;100;50;50;0;0;50;0;0;0;0;0;577;28;Y;Y;N;N;N;N;Y
148373;1048;2571;2016/2017;complete;895;5;-1;25;2,22;1;2;3;13;2;15;3;0;3;3;0;0;7;5;17;6;24;11;8;11;67;33;3;3;2.1;3.44;3.81;0;0;0;0;0;0;0;0;0;0;0;0;0;0;0;0;0;0;0;0;0;0;0;0;0;0;0;0;0;0;0;0;0;0;0;0;0;0;0;0;0;0;0;0;0;0;0;0;0;0;0;0;0;0;0;0;0;0;0;0;0;0;0;0;0;3;1;2;0;0;0;3;2016-09-09 18:30:00;2571;0;50;50;50;0;-1;1;-1;-1;-1;-1;-1;-1;3;3;0;0;6;0;-1;0;0;0;0;0;0;0;0;1;0;1;0;0;1;1;0;1;-1;-1;3;3;-1;-1;-1;-1;-1;-1;-1;-1;-1;0;50;50;50;100;50;50;100;50;8.5;5.5;2;2.5;Royal Antwerp FC;Lierse SK;2.13;2.07;1.5;1;1.25;1.5;100;50;50;50;0;25;25;25;0;0;0;577;28;Y;Y;Y;N;N;N;Y
148374;2567;2572;2016/2017;complete;895;5;-1;66,88;69;2;1;3;6;3;9;5;4;3;2;0;0;6;3;9;2;15;5;11;17;56;44;3;2;2.05;3.52;3.89;0;0;0;0;0;0;0;0;0;0;0;0;0;0;0;0;0;0;0;0;0;0;0;0;0;0;0;0;0;0;0;0;0;0;0;0;0;0;0;0;0;0;0;0;0;0;0;0;0;0;0;0;0;0;0;0;0;0;0;0;0;0;0;0;0;3;0;0;2;1;3;0;2016-09-10 18:00:00;2567;0;75;75;25;0;-1;1;-1;-1;-1;-1;-1;-1;3;2;0;0;5;0;-1;0;0;0;0;0;0;0;0;0;0;0;0;0;1;1;0;0;-1;-1;3;2;-1;-1;-1;-1;-1;-1;-1;-1;-1;25;50;75;100;100;75;100;75;75;11;6.5;4;3.5;Cercle Brugge;Union Saint-Gilloise;1.35;1;2;2;1.25;1.5;75;50;25;0;0;100;75;75;0;0;0;577;28;Y;Y;Y;N;N;N;Y
148375;690;2570;2016/2017;complete;895;5;-1;;65;0;1;1;9;4;13;1;7;2;4;1;0;4;4;5;5;9;9;21;26;50;50;4;4;1.99;3.73;3.84;0;0;0;0;0;0;0;0;0;0;0;0;0;0;0;0;0;0;0;0;0;0;0;0;0;0;0;0;0;0;0;0;0;0;0;0;0;0;0;0;0;0;0;0;0;0;0;0;0;0;0;0;0;0;0;0;0;0;0;0;0;0;0;0;0;1;0;0;0;1;1;0;2016-09-11 10:30:00;2570;0;50;50;0;0;-1;1;-1;-1;-1;-1;-1;-1;2;4;1;0;6;1;-1;0;0;0;0;0;0;0;0;0;0;0;0;0;1;1;0;0;-1;-1;2;4;-1;-1;-1;-1;-1;-1;-1;-1;-1;50;50;100;100;100;50;100;100;100;16;4;4;4;OH Leuven;AFC Tubize;1.35;1.12;0;0;0.75;1;50;50;0;0;0;100;100;100;0;0;0;577;34;Y;N;N;N;N;N;N
148376;2573;2569;2016/2017;complete;895;5;-1;35;25,60;1;2;3;11;3;14;2;1;1;4;0;0;4;3;8;3;12;6;9;18;57;43;1;4;1.94;3.73;4.04;0;0;0;0;0;0;0;0;0;0;0;0;0;0;0;0;0;0;0;0;0;0;0;0;0;0;0;0;0;0;0;0;0;0;0;0;0;0;0;0;0;0;0;0;0;0;0;0;0;0;0;0;0;0;0;0;0;0;0;0;0;0;0;0;0;3;1;1;0;1;1;2;2016-09-11 14:00:00;2569;0;75;25;50;0;-1;1;-1;-1;-1;-1;-1;-1;1;4;0;0;5;0;-1;0;0;0;0;0;0;0;0;0;0;0;0;0;1;1;0;0;-1;-1;1;4;-1;-1;-1;-1;-1;-1;-1;-1;-1;25;50;50;75;100;50;75;75;50;12;5;4.5;3;Lommel United;SV Roeselare;0.76;1.33;1;0;2;0.5;75;50;50;25;0;75;75;50;0;0;0;577;30;Y;Y;Y;N;N;N;Y
148377;2572;2573;2016/2017;complete;895;6;-1;15,78,90;17;3;1;4;3;4;7;2;0;3;2;0;0;5;4;2;3;7;7;9;12;55;45;3;2;2.38;3.43;3.14;0;0;0;0;0;0;0;0;0;0;0;0;0;0;0;0;0;0;0;0;0;0;0;0;0;0;0;0;0;0;0;0;0;0;0;0;0;0;0;0;0;0;0;0;0;0;0;0;0;0;0;0;0;0;0;0;0;0;0;0;0;0;0;0;0;4;1;1;2;0;2;2;2016-09-16 18:30:00;2572;0;50;25;50;0;-1;1;-1;-1;-1;-1;-1;-1;3;2;0;0;5;0;-1;0;0;0;0;0;0;0;0;0;0;0;0;0;1;1;0;0;-1;-1;3;2;-1;-1;-1;-1;-1;-1;-1;-1;-1;0;50;50;75;100;50;50;100;75;10.5;4;3.5;2.75;Union Saint-Gilloise;Lommel United;1.5;0.88;1;3;1.2;1.6;100;50;50;25;0;50;25;25;0;0;0;577;28;Y;Y;Y;Y;N;N;Y
148378;2571;2570;2016/2017;complete;895;6;-1;9,34,58,65,86;82;5;1;6;6;4;10;2;2;2;4;0;0;6;4;6;5;12;9;18;17;48;52;2;4;2.05;3.5;3.89;0;0;0;0;0;0;0;0;0;0;0;0;0;0;0;0;0;0;0;0;0;0;0;0;0;0;0;0;0;0;0;0;0;0;0;0;0;0;0;0;0;0;0;0;0;0;0;0;0;0;0;0;0;0;0;0;0;0;0;0;0;0;0;0;0;6;2;0;3;1;4;2;2016-09-17 18:00:00;2571;0;50;25;25;0;-1;1;-1;-1;-1;-1;-1;-1;2;4;0;0;6;0;-1;0;0;0;0;0;0;0;1;0;1;0;0;0;1;1;1;0;-1;-1;2;4;-1;-1;-1;-1;-1;-1;-1;-1;-1;25;50;50;75;100;25;75;100;50;12;6;4;3;Lierse SK;AFC Tubize;1.86;1.12;2;1.5;1.8;1.4;75;50;50;25;0;100;100;100;0;0;0;577;28;Y;Y;Y;Y;Y;Y;Y
148379;2569;2567;2016/2017;complete;895;6;-1;70,86;38;2;1;3;8;6;14;8;3;2;3;0;0;5;4;7;3;12;7;19;18;51;49;2;3;2.85;3.44;2.57;0;0;0;0;0;0;0;0;0;0;0;0;0;0;0;0;0;0;0;0;0;0;0;0;0;0;0;0;0;0;0;0;0;0;0;0;0;0;0;0;0;0;0;0;0;0;0;0;0;0;0;0;0;0;0;0;0;0;0;0;0;0;0;0;0;3;0;1;2;0;2;1;2016-09-18 10:30:00;2569;0;75;50;50;0;-1;1;-1;-1;-1;-1;-1;-1;2;3;0;0;5;0;-1;0;0;0;0;0;0;0;0;0;0;0;0;0;1;1;0;0;-1;-1;2;3;-1;-1;-1;-1;-1;-1;-1;-1;-1;0;50;50;100;100;50;75;75;50;9;7.5;6;3;SV Roeselare;Cercle Brugge;2;0.94;1;0.5;1;1.6;100;50;50;0;0;50;50;25;0;0;0;577;30;Y;Y;Y;N;N;N;Y
148380;690;1048;2016/2017;complete;895;6;-1;69;55;1;1;2;4;4;8;0;3;3;3;0;0;3;4;0;0;3;4;19;14;35;65;3;3;2.79;3.63;2.52;0;0;0;0;0;0;0;0;0;0;0;0;0;0;0;0;0;0;0;0;0;0;0;0;0;0;0;0;0;0;0;0;0;0;0;0;0;0;0;0;0;0;0;0;0;0;0;0;0;0;0;0;0;0;0;0;0;0;0;0;0;0;0;0;0;2;0;0;1;1;2;0;2016-09-18 14:00:00;-1;0;50;25;25;0;-1;1;-1;-1;-1;-1;-1;-1;3;3;0;0;6;0;-1;0;0;0;0;0;0;0;0;0;0;0;0;0;1;1;0;0;-1;-1;3;3;-1;-1;-1;-1;-1;-1;-1;-1;-1;0;0;25;75;100;25;50;75;50;12.5;4;4.5;2;OH Leuven;Royal Antwerp FC;1.35;1.53;0;1;0.6;1;100;100;75;25;0;100;75;75;0;0;0;577;30;Y;Y;N;N;N;N;Y
148381;2569;2572;2016/2017;complete;895;7;-1;68,71;36;2;1;3;8;4;12;1;0;1;1;0;0;6;4;10;1;16;5;15;6;52;48;1;1;2.37;3.46;3.13;0;0;0;0;0;0;0;0;0;0;0;0;0;0;0;0;0;0;0;0;0;0;0;0;0;0;0;0;0;0;0;0;0;0;0;0;0;0;0;0;0;0;0;0;0;0;0;0;0;0;0;0;0;0;0;0;0;0;0;0;0;0;0;0;0;3;0;1;2;0;2;1;2016-09-24 18:00:00;2569;0;84;33;67;0;-1;1;-1;-1;-1;-1;-1;-1;1;1;0;0;2;0;-1;0;0;0;0;0;0;0;0;0;0;0;0;0;1;1;0;0;-1;-1;1;1;-1;-1;-1;-1;-1;-1;-1;-1;-1;0;50;100;100;100;33;67;100;100;10;11.33;4.66;3.5;SV Roeselare;Union Saint-Gilloise;2;1;1.67;1.33;1.33;1.5;100;50;0;0;0;67;50;50;0;0;0;577;28;Y;Y;Y;N;N;N;Y
148382;2567;690;2016/2017;complete;895;7;-1;52,79;4,44,55,85;2;4;6;4;7;11;4;4;2;3;0;0;6;10;4;7;10;17;15;22;51;49;2;3;1.94;3.74;4.02;0;0;0;0;0;0;0;0;0;0;0;0;0;0;0;0;0;0;0;0;0;0;0;0;0;0;0;0;0;0;0;0;0;0;0;0;0;0;0;0;0;0;0;0;0;0;0;0;0;0;0;0;0;0;0;0;0;0;0;0;0;0;0;0;0;6;0;2;2;2;4;2;2016-09-25 10:30:00;690;0;100;34;67;0;-1;1;-1;-1;-1;-1;-1;-1;2;3;0;0;5;0;-1;0;0;0;0;0;0;0;0;0;0;0;0;0;1;1;0;1;-1;-1;2;3;-1;-1;-1;-1;-1;-1;-1;-1;-1;17;67;84;100;100;34;67;84;84;7.66;5.33;5.33;3.67;Cercle Brugge;OH Leuven;1.35;0.88;2.33;1;1.33;0.67;84;34;17;0;0;67;33;33;0;0;0;577;34;Y;Y;Y;Y;Y;Y;Y
148383;2573;2571;2016/2017;complete;895;7;-1;;1,74,82;0;3;3;1;5;6;2;4;1;1;0;0;3;7;2;8;5;15;11;13;51;49;1;1;2.44;3.55;2.95;0;0;0;0;0;0;0;0;0;0;0;0;0;0;0;0;0;0;0;0;0;0;0;0;0;0;0;0;0;0;0;0;0;0;0;0;0;0;0;0;0;0;0;0;0;0;0;0;0;0;0;0;0;0;0;0;0;0;0;0;0;0;0;0;0;3;0;1;0;2;2;1;2016-09-25 14:00:00;2571;0;100;84;50;0;-1;1;-1;-1;-1;-1;-1;-1;1;1;0;0;2;0;-1;0;0;0;0;0;0;0;0;0;0;0;0;0;1;1;0;1;-1;-1;1;1;-1;-1;-1;-1;-1;-1;-1;-1;-1;0;50;84;100;100;84;100;67;50;8.67;4.66;4;3.34;Lommel United;Lierse SK;0.76;2.07;0.67;1.67;1.33;2;100;50;17;0;0;50;50;33;0;0;0;577;28;Y;Y;Y;N;N;N;N
148384;2570;1048;2016/2017;complete;895;7;-1;45,62;11,80;2;2;4;5;5;10;6;1;3;2;1;1;3;3;1;3;4;6;13;17;45;55;4;4;2.68;3.4;2.75;0;0;0;0;0;0;0;0;0;0;0;0;0;0;0;0;0;0;0;0;0;0;0;0;0;0;0;0;0;0;0;0;0;0;0;0;0;0;0;0;0;0;0;0;0;0;0;0;0;0;0;0;0;0;0;0;0;0;0;0;0;0;0;0;0;4;1;1;1;1;2;2;2016-09-25 18:00:00;-1;0;84;33;67;0;-1;1;-1;-1;-1;-1;-1;-1;3;3;1;0;6;1;-1;0;0;0;0;0;0;0;0;0;0;0;0;0;1;1;0;0;-1;-1;3;2;-1;-1;-1;-1;-1;-1;-1;-1;-1;17;50;50;100;100;67;67;84;84;8.34;3.33;5.34;3.17;AFC Tubize;Royal Antwerp FC;1.29;1.53;1.33;1;1.17;1;84;50;50;0;0;84;50;50;0;0;0;577;30;Y;Y;Y;Y;N;N;Y
148385;2572;2570;2016/2017;complete;895;8;-1;;61;0;1;1;8;4;12;2;2;3;1;0;0;0;0;0;0;0;0;24;16;-1;-1;3;1;2.2;3.55;3.4;0;0;0;0;0;0;0;0;0;0;0;0;0;0;0;0;0;0;0;0;0;0;0;0;0;0;0;0;0;0;0;0;0;0;0;0;0;0;0;0;0;0;0;0;0;0;0;0;0;0;0;0;0;0;0;0;0;0;0;0;0;0;0;0;0;1;0;0;0;1;1;0;2016-09-30 18:30:00;2570;0;84;50;50;0;-1;1;-1;-1;-1;-1;-1;-1;3;1;0;0;4;0;-1;0;0;0;0;0;0;0;0;0;0;0;0;0;1;1;0;0;-1;-1;3;1;-1;-1;-1;-1;-1;-1;-1;-1;-1;34;67;67;84;100;67;67;100;84;9.33;5.33;5.67;3.67;Union Saint-Gilloise;AFC Tubize;1.5;1.12;1.67;1;1.29;1.14;67;33;33;17;0;67;67;50;0;0;0;577;28;Y;N;N;N;N;N;N
148386;1048;2567;2016/2017;complete;895;8;-1;62,89;76;2;1;3;5;4;9;3;1;1;4;0;1;3;5;11;6;14;11;16;13;58;42;1;5;1.88;3.59;4.57;0;0;0;0;0;0;0;0;0;0;0;0;0;0;0;0;0;0;0;0;0;0;0;0;0;0;0;0;0;0;0;0;0;0;0;0;0;0;0;0;0;0;0;0;0;0;0;0;0;0;0;0;0;0;0;0;0;0;0;0;0;0;0;0;0;3;0;0;2;1;3;0;2016-10-01 18:00:00;1048;0;50;33;0;0;-1;1;-1;-1;-1;-1;-1;-1;1;4;0;1;5;1;-1;0;0;0;0;0;0;0;1;0;1;0;0;0;1;1;0;0;-1;-1;1;4;-1;-1;-1;-1;-1;-1;-1;-1;-1;0;0;33;67;100;33;67;67;17;13.34;4;4.66;2;Royal Antwerp FC;Cercle Brugge;2.13;0.94;1;0.33;1;1.14;100;100;67;34;0;84;84;67;0;0;0;577;30;Y;Y;Y;N;N;N;Y
148387;2571;2569;2016/2017;complete;895;8;-1;;24,78;0;2;2;5;5;10;3;7;1;3;0;0;3;4;6;4;9;8;15;22;54;46;1;3;1.68;4.08;5.28;0;0;0;0;0;0;0;0;0;0;0;0;0;0;0;0;0;0;0;0;0;0;0;0;0;0;0;0;0;0;0;0;0;0;0;0;0;0;0;0;0;0;0;0;0;0;0;0;0;0;0;0;0;0;0;0;0;0;0;0;0;0;0;0;0;2;0;1;0;1;1;1;2016-10-02 10:30:00;2569;0;67;17;50;0;-1;1;-1;-1;-1;-1;-1;-1;1;3;0;0;4;0;-1;0;0;0;0;0;0;0;0;0;0;0;0;0;1;1;0;0;-1;-1;1;3;-1;-1;-1;-1;-1;-1;-1;-1;-1;33;50;67;84;100;50;84;100;50;13.33;4;4.34;3.5;Lierse SK;SV Roeselare;1.86;1.33;2.33;1;2.14;1.57;67;50;33;17;0;100;100;84;0;0;0;577;28;Y;Y;N;N;N;N;N
148388;690;2573;2016/2017;complete;895;8;-1;79,84;40,90;2;2;4;2;2;4;1;4;4;2;1;0;4;5;7;4;11;9;16;19;47;53;6;2;2.06;3.57;3.78;0;0;0;0;0;0;0;0;0;0;0;0;0;0;0;0;0;0;0;0;0;0;0;0;0;0;0;0;0;0;0;0;0;0;0;0;0;0;0;0;0;0;0;0;0;0;0;0;0;0;0;0;0;0;0;0;0;0;0;0;0;0;0;0;0;4;0;1;2;1;3;1;2016-10-02 14:00:00;-1;0;33;17;17;0;-1;1;-1;-1;-1;-1;-1;-1;4;2;1;0;6;1;-1;0;0;0;0;0;0;0;0;0;0;0;0;0;1;1;0;0;-1;-1;4;2;-1;-1;-1;-1;-1;-1;-1;-1;-1;0;34;50;67;100;34;50;100;67;12.33;2.66;4.66;2.5;OH Leuven;Lommel United;1.35;0.88;0.33;2;1;1.14;100;67;50;33;0;50;34;34;0;0;0;577;34;Y;Y;Y;Y;N;N;Y
148389;1048;2572;2016/2017;complete;895;9;-1;14,17,27,81;;4;0;4;8;5;13;1;0;1;1;0;0;5;0;4;6;9;6;15;14;61;39;1;1;1.72;3.89;5.23;0;0;0;0;0;0;0;0;0;0;0;0;0;0;0;0;0;0;0;0;0;0;0;0;0;0;0;0;0;0;0;0;0;0;0;0;0;0;0;0;0;0;0;0;0;0;0;0;0;0;0;0;0;0;0;0;0;0;0;0;0;0;0;0;0;4;3;0;1;0;1;3;2016-10-04 18:30:00;1048;0;63;25;38;0;-1;1;-1;-1;-1;-1;-1;-1;1;1;0;0;2;0;-1;0;0;0;0;0;0;0;0;0;0;0;0;0;1;1;0;0;-1;-1;1;1;-1;-1;-1;-1;-1;-1;-1;-1;-1;0;13;75;75;100;25;50;88;63;11.75;5.75;3.25;2.63;Royal Antwerp FC;Union Saint-Gilloise;2.13;1;1.5;1;1.25;1.13;100;88;25;25;0;88;63;63;0;0;0;577;28;Y;Y;Y;Y;N;N;N
148390;2569;2573;2016/2017;complete;895;9;-1;32,51;;2;0;2;4;1;5;4;6;1;5;0;0;6;4;8;2;14;6;21;21;55;45;1;5;1.9;3.66;4.33;0;0;0;0;0;0;0;0;0;0;0;0;0;0;0;0;0;0;0;0;0;0;0;0;0;0;0;0;0;0;0;0;0;0;0;0;0;0;0;0;0;0;0;0;0;0;0;0;0;0;0;0;0;0;0;0;0;0;0;0;0;0;0;0;0;2;1;0;1;0;1;1;2016-10-05 18:30:00;2569;0;75;25;38;0;-1;1;-1;-1;-1;-1;-1;-1;1;5;0;0;6;0;-1;0;0;0;0;0;0;0;0;0;0;0;0;0;1;1;0;0;-1;-1;1;5;-1;-1;-1;-1;-1;-1;-1;-1;-1;0;63;88;88;100;38;75;100;88;10;7.5;3.5;3.38;SV Roeselare;Lommel United;2;0.88;2;1.75;1.75;1.13;100;38;13;13;0;38;25;25;0;0;0;577;30;Y;Y;N;N;N;N;N
148391;2570;690;2016/2017;complete;895;9;-1;;14;0;1;1;5;3;8;8;2;2;3;0;0;4;3;6;5;10;8;16;23;55;45;2;3;2.02;3.65;3.83;0;0;0;0;0;0;0;0;0;0;0;0;0;0;0;0;0;0;0;0;0;0;0;0;0;0;0;0;0;0;0;0;0;0;0;0;0;0;0;0;0;0;0;0;0;0;0;0;0;0;0;0;0;0;0;0;0;0;0;0;0;0;0;0;0;1;0;1;0;0;0;1;2016-10-05 18:30:00;690;0;88;25;88;0;-1;1;-1;-1;-1;-1;-1;-1;2;3;0;0;5;0;-1;0;0;0;0;0;0;0;0;0;0;0;0;0;1;1;0;0;-1;-1;2;3;-1;-1;-1;-1;-1;-1;-1;-1;-1;25;100;100;100;100;63;88;100;100;8.25;5;7;4.38;AFC Tubize;OH Leuven;1.29;0.88;1.25;1.5;1.38;1;75;0;0;0;0;75;63;50;0;0;0;577;34;Y;N;N;N;N;N;N
148392;2567;2571;2016/2017;complete;895;9;-1;;;0;0;0;5;4;9;2;2;1;4;0;0;5;5;16;6;21;11;12;21;52;48;1;4;2.88;3.51;2.51;0;0;0;0;0;0;0;0;0;0;0;0;0;0;0;0;0;0;0;0;0;0;0;0;0;0;0;0;0;0;0;0;0;0;0;0;0;0;0;0;0;0;0;0;0;0;0;0;0;0;0;0;0;0;0;0;0;0;0;0;0;0;0;0;0;0;0;0;0;0;0;0;2016-10-06 18:30:00;-1;0;88;63;50;0;-1;1;-1;-1;-1;-1;-1;-1;1;4;0;0;5;0;-1;0;0;0;0;0;0;0;0;0;0;0;0;0;1;1;0;0;-1;-1;1;4;-1;-1;-1;-1;-1;-1;-1;-1;-1;25;50;88;100;100;75;88;75;75;8.5;6;3.75;3.75;Cercle Brugge;Lierse SK;1.35;2.07;1.75;2;1;1.88;75;50;13;0;0;63;38;38;0;0;0;577;28;N;N;N;N;N;N;N
148393;2573;2570;2016/2017;complete;895;10;-1;9,36,85;38,42,56,79,83,90;3;6;9;4;3;7;2;3;2;2;0;0;6;8;1;1;7;9;15;17;50;50;2;2;2.07;3.62;3.68;0;0;0;0;0;0;0;0;0;0;0;0;0;0;0;0;0;0;0;0;0;0;0;0;0;0;0;0;0;0;0;0;0;0;0;0;0;0;0;0;0;0;0;0;0;0;0;0;0;0;0;0;0;0;0;0;0;0;0;0;0;0;0;0;0;9;2;2;1;4;5;4;2016-10-08 18:00:00;2570;0;63;38;25;0;-1;1;-1;-1;-1;-1;-1;-1;2;2;0;0;4;0;-1;0;0;0;0;0;0;0;0;0;0;0;0;0;1;1;1;0;-1;-1;2;2;-1;-1;-1;-1;-1;-1;-1;-1;-1;25;38;63;75;100;50;75;88;50;9.25;5.25;4.25;3.13;Lommel United;AFC Tubize;0.76;1.12;0.5;1.5;1;1.22;75;63;38;25;0;75;75;50;0;0;0;577;34;Y;Y;Y;Y;Y;Y;Y
148394;690;2569;2016/2017;complete;895;10;-1;24;70;1;1;2;9;8;17;3;8;1;3;0;0;5;5;3;4;8;9;10;11;52;48;1;3;2.28;3.6;3.18;0;0;0;0;0;0;0;0;0;0;0;0;0;0;0;0;0;0;0;0;0;0;0;0;0;0;0;0;0;0;0;0;0;0;0;0;0;0;0;0;0;0;0;0;0;0;0;0;0;0;0;0;0;0;0;0;0;0;0;0;0;0;0;0;0;2;1;0;0;1;1;1;2016-10-09 10:30:00;-1;0;50;13;38;0;-1;1;-1;-1;-1;-1;-1;-1;1;3;0;0;4;0;-1;0;0;0;0;0;0;0;0;0;0;0;0;0;1;1;0;0;-1;-1;1;3;-1;-1;-1;-1;-1;-1;-1;-1;-1;13;25;50;75;100;25;63;100;50;12.5;4.5;6.75;2.63;OH Leuven;SV Roeselare;1.35;1.33;0.5;1.5;1.22;1.89;88;75;50;25;0;75;75;63;0;0;0;577;30;Y;Y;N;N;N;N;Y
148395;2572;2567;2016/2017;complete;895;10;-1;16,46,87;63,84;3;2;5;1;6;7;8;0;4;2;0;0;5;4;5;7;10;11;17;15;41;59;4;2;2.48;3.49;2.93;0;0;0;0;0;0;0;0;0;0;0;0;0;0;0;0;0;0;0;0;0;0;0;0;0;0;0;0;0;0;0;0;0;0;0;0;0;0;0;0;0;0;0;0;0;0;0;0;0;0;0;0;0;0;0;0;0;0;0;0;0;0;0;0;0;5;1;0;2;2;4;1;2016-10-09 14:00:00;2572;0;75;38;38;0;-1;1;-1;-1;-1;-1;-1;-1;4;2;0;0;6;0;-1;0;0;0;0;0;0;0;0;0;0;0;0;0;1;1;0;0;-1;-1;4;2;-1;-1;-1;-1;-1;-1;-1;-1;-1;0;25;50;88;100;38;63;88;63;10.5;3.5;6.5;2.63;Union Saint-Gilloise;Cercle Brugge;1.5;0.94;1.25;0.25;1;1;100;75;50;13;0;75;63;50;0;0;0;577;28;Y;Y;Y;Y;Y;N;Y
148396;2571;1048;2016/2017;complete;895;10;-1;13,77;;2;0;2;1;6;7;3;4;1;2;0;0;8;4;5;3;13;7;8;11;38;62;1;2;2.55;3.38;2.91;0;0;0;0;0;0;0;0;0;0;0;0;0;0;0;0;0;0;0;0;0;0;0;0;0;0;0;0;0;0;0;0;0;0;0;0;0;0;0;0;0;0;0;0;0;0;0;0;0;0;0;0;0;0;0;0;0;0;0;0;0;0;0;0;0;2;1;0;1;0;1;1;2016-10-09 18:00:00;2571;0;75;25;63;0;-1;1;-1;-1;-1;-1;-1;-1;1;2;0;0;3;0;-1;0;0;0;0;0;0;0;1;0;1;0;0;0;1;1;0;0;-1;-1;1;2;-1;-1;-1;-1;-1;-1;-1;-1;-1;13;38;38;100;100;38;75;88;63;10;4.25;3.75;3;Lierse SK;Royal Antwerp FC;1.86;1.53;1.75;1;1.78;1.44;88;63;63;0;0;88;75;38;0;0;0;577;28;Y;Y;N;N;N;N;N
148397;2567;2573;2016/2017;complete;895;11;-1;45,73,79;40;3;1;4;3;2;5;5;3;2;3;1;0;5;7;10;7;15;14;15;17;55;45;4;3;1.97;3.72;3.94;0;0;0;0;0;0;0;0;0;0;0;0;0;0;0;0;0;0;0;0;0;0;0;0;0;0;0;0;0;0;0;0;0;0;0;0;0;0;0;0;0;0;0;0;0;0;0;0;0;0;0;0;0;0;0;0;0;0;0;0;0;0;0;0;0;4;1;1;2;0;2;2;2016-10-14 18:30:00;2567;0;60;30;30;0;-1;1;-1;-1;-1;-1;-1;-1;2;3;1;0;5;1;-1;0;0;0;0;0;0;0;1;0;1;0;0;0;1;1;0;0;-1;-1;2;3;-1;-1;-1;-1;-1;-1;-1;-1;-1;20;50;60;80;90;50;70;80;60;8.6;5.8;4;3.1;Cercle Brugge;Lommel United;1.35;0.88;1.6;1.4;0.9;0.9;80;50;40;20;10;60;20;20;0;0;0;577;34;Y;Y;Y;Y;N;N;Y
148398;2571;2572;2016/2017;complete;895;11;-1;53,63;85;2;1;3;9;2;11;4;7;0;3;0;0;7;3;5;2;12;5;9;14;54;46;0;3;1.68;4.06;5.23;0;0;0;0;0;0;0;0;0;0;0;0;0;0;0;0;0;0;0;0;0;0;0;0;0;0;0;0;0;0;0;0;0;0;0;0;0;0;0;0;0;0;0;0;0;0;0;0;0;0;0;0;0;0;0;0;0;0;0;0;0;0;0;0;0;3;0;0;2;1;3;0;2016-10-15 18:00:00;2571;0;50;10;40;0;-1;1;-1;-1;-1;-1;-1;-1;0;3;0;0;3;0;-1;0;0;0;0;0;0;0;0;0;0;0;0;0;1;1;0;0;-1;-1;0;3;-1;-1;-1;-1;-1;-1;-1;-1;-1;10;40;70;100;100;30;90;100;60;9.8;5;3.2;3.3;Lierse SK;Union Saint-Gilloise;1.86;1;2;0.8;1.9;1.2;90;60;30;0;0;90;80;60;0;0;0;577;28;Y;Y;Y;N;N;N;Y
148399;2569;2570;2016/2017;complete;895;11;-1;5;;1;0;1;4;3;7;0;8;2;1;1;0;2;0;0;0;2;0;24;19;40;60;4;1;2.15;3.63;3.45;0;0;0;0;0;0;0;0;0;0;0;0;0;0;0;0;0;0;0;0;0;0;0;0;0;0;0;0;0;0;0;0;0;0;0;0;0;0;0;0;0;0;0;0;0;0;0;0;0;0;0;0;0;0;0;0;0;0;0;0;0;0;0;0;0;1;1;0;0;0;0;1;2016-10-16 10:30:00;2569;0;70;30;40;0;-1;1;-1;-1;-1;-1;-1;-1;2;1;1;0;3;1;-1;0;0;0;0;0;0;0;0;0;0;0;0;0;1;1;1;0;-1;-1;2;1;-1;-1;-1;-1;-1;-1;-1;-1;-1;30;50;70;80;100;40;70;100;70;9.8;8.2;4.2;3.8;SV Roeselare;AFC Tubize;2;1.12;2.2;1.8;1.8;1.4;70;50;30;20;0;60;60;50;0;0;0;577;30;Y;N;N;N;N;N;N
148400;1048;690;2016/2017;complete;895;11;-1;43,75;36;2;1;3;5;8;13;3;1;1;4;0;0;5;4;5;5;10;9;16;19;52;48;1;4;1.79;3.9;4.62;0;0;0;0;0;0;0;0;0;0;0;0;0;0;0;0;0;0;0;0;0;0;0;0;0;0;0;0;0;0;0;0;0;0;0;0;0;0;0;0;0;0;0;0;0;0;0;0;0;0;0;0;0;0;0;0;0;0;0;0;0;0;0;0;0;3;1;1;1;0;1;2;2016-10-16 14:00:00;1048;0;60;10;50;0;-1;1;-1;-1;-1;-1;-1;-1;1;4;0;0;5;0;-1;0;0;0;0;0;0;0;0;0;0;0;0;0;1;1;0;0;-1;-1;1;4;-1;-1;-1;-1;-1;-1;-1;-1;-1;10;50;70;70;100;30;60;80;50;10.6;4.8;4.4;3.1;Royal Antwerp FC;OH Leuven;2.13;0.88;1.8;1.8;1.3;1.2;90;50;30;30;0;60;50;50;0;0;0;577;30;Y;Y;Y;N;N;N;Y
148401;2570;2571;2016/2017;complete;895;12;-1;53;7,23,64;1;3;4;8;8;16;10;1;5;0;0;0;3;5;0;3;3;8;11;7;53;47;5;0;2.99;3.55;2.41;0;0;0;0;0;0;0;0;0;0;0;0;0;0;0;0;0;0;0;0;0;0;0;0;0;0;0;0;0;0;0;0;0;0;0;0;0;0;0;0;0;0;0;0;0;0;0;0;0;0;0;0;0;0;0;0;0;0;0;0;0;0;0;0;0;4;0;2;1;1;2;2;2016-10-21 18:30:00;2571;0;60;50;50;0;-1;1;-1;-1;-1;-1;-1;-1;5;0;0;0;5;0;-1;0;0;0;0;0;0;0;0;1;0;1;0;0;1;1;0;1;-1;-1;5;0;-1;-1;-1;-1;-1;-1;-1;-1;-1;10;60;80;80;90;70;90;70;70;8.4;6;5.6;3.2;AFC Tubize;Lierse SK;1.29;2.07;1;1.8;1.27;2;90;40;20;20;10;60;40;30;0;0;0;577;28;Y;Y;Y;Y;N;N;Y
148402;690;2567;2016/2017;complete;895;12;-1;24,45;;2;0;2;6;6;12;3;4;1;2;1;0;4;0;7;5;11;5;22;22;51;49;3;2;2.36;3.6;3.05;0;0;0;0;0;0;0;0;0;0;0;0;0;0;0;0;0;0;0;0;0;0;0;0;0;0;0;0;0;0;0;0;0;0;0;0;0;0;0;0;0;0;0;0;0;0;0;0;0;0;0;0;0;0;0;0;0;0;0;0;0;0;0;0;0;2;2;0;0;0;0;2;2016-10-22 18:00:00;690;0;70;10;40;0;-1;1;-1;-1;-1;-1;-1;-1;1;2;1;0;3;1;-1;0;0;0;0;0;0;0;0;0;0;0;0;0;1;1;0;0;-1;-1;1;2;-1;-1;-1;-1;-1;-1;-1;-1;-1;10;20;50;90;100;10;70;90;60;12;2.8;6.8;2.7;OH Leuven;Cercle Brugge;1.35;0.94;0.6;0.2;1.09;1.09;90;80;50;10;0;70;60;50;0;0;0;577;34;Y;Y;N;N;N;N;N
148403;2573;1048;2016/2017;complete;895;12;-1;52;78;1;1;2;1;4;5;1;2;2;2;0;0;2;2;0;0;2;2;12;13;51;49;2;2;3.76;3.65;2.04;0;0;0;0;0;0;0;0;0;0;0;0;0;0;0;0;0;0;0;0;0;0;0;0;0;0;0;0;0;0;0;0;0;0;0;0;0;0;0;0;0;0;0;0;0;0;0;0;0;0;0;0;0;0;0;0;0;0;0;0;0;0;0;0;0;2;0;0;1;1;2;0;2016-10-23 14:00:00;-1;0;80;50;50;0;-1;1;-1;-1;-1;-1;-1;-1;2;2;0;0;4;0;-1;0;0;0;0;0;0;0;0;0;0;0;0;0;1;1;0;0;-1;-1;2;2;-1;-1;-1;-1;-1;-1;-1;-1;-1;10;30;50;100;100;50;80;80;60;8.8;4.6;4;3.3;Lommel United;Royal Antwerp FC;0.76;1.53;0.4;0.8;0.82;1.45;90;70;50;0;0;50;40;20;0;0;0;577;30;Y;Y;N;N;N;N;Y
148404;2572;2569;2016/2017;complete;895;12;-1;14;23,41;1;2;3;3;3;6;3;0;2;3;1;0;2;7;3;3;5;10;14;17;46;54;3;3;2.85;3.5;2.54;0;0;0;0;0;0;0;0;0;0;0;0;0;0;0;0;0;0;0;0;0;0;0;0;0;0;0;0;0;0;0;0;0;0;0;0;0;0;0;0;0;0;0;0;0;0;0;0;0;0;0;0;0;0;0;0;0;0;0;0;0;0;0;0;0;3;1;2;0;0;0;3;2016-10-24 18:30:00;2569;0;70;30;40;0;-1;1;-1;-1;-1;-1;-1;-1;2;3;1;0;5;1;-1;0;0;0;0;0;0;0;0;0;0;0;0;0;1;1;0;0;-1;-1;2;3;-1;-1;-1;-1;-1;-1;-1;-1;-1;20;40;50;80;100;40;70;100;50;11.2;7.4;5.8;2.9;Union Saint-Gilloise;SV Roeselare;1.5;1.33;1.6;1.4;1.09;1.91;80;60;50;20;0;70;70;60;0;0;0;577;28;Y;Y;Y;N;N;N;Y
148405;2567;2569;2016/2017;complete;895;13;-1;;2,12,89;0;3;3;7;5;12;7;1;1;1;0;1;0;4;3;2;3;6;14;22;53;47;1;3;2.44;3.59;2.93;0;0;0;0;0;0;0;0;0;0;0;0;0;0;0;0;0;0;0;0;0;0;0;0;0;0;0;0;0;0;0;0;0;0;0;0;0;0;0;0;0;0;0;0;0;0;0;0;0;0;0;0;0;0;0;0;0;0;0;0;0;0;0;0;0;3;0;2;0;1;1;2;2016-10-28 18:30:00;2569;0;75;42;25;0;-1;1;-1;-1;-1;-1;-1;-1;1;1;0;1;2;1;-1;0;0;0;0;0;0;0;0;0;0;0;0;0;1;1;0;1;-1;-1;1;1;-1;-1;-1;-1;-1;-1;-1;-1;-1;25;34;59;83;92;59;75;75;42;10.84;6.83;5;3;Cercle Brugge;SV Roeselare;1.35;1.33;1.83;1.67;1;2;75;67;42;17;9;83;58;50;0;0;0;577;30;Y;Y;Y;N;N;N;N
148406;2572;690;2016/2017;complete;895;13;-1;4,49;;2;0;2;7;8;15;2;2;2;2;0;1;3;0;0;0;3;0;14;17;51;49;2;4;2.78;3.55;2.57;0;0;0;0;0;0;0;0;0;0;0;0;0;0;0;0;0;0;0;0;0;0;0;0;0;0;0;0;0;0;0;0;0;0;0;0;0;0;0;0;0;0;0;0;0;0;0;0;0;0;0;0;0;0;0;0;0;0;0;0;0;0;0;0;0;2;1;0;1;0;1;1;2016-10-29 18:00:00;2572;0;83;34;59;0;-1;1;-1;-1;-1;-1;-1;-1;2;2;0;1;4;1;-1;0;0;0;0;0;0;0;1;0;1;0;0;0;1;1;1;0;-1;-1;2;2;-1;-1;-1;-1;-1;-1;-1;-1;-1;17;59;75;83;100;42;75;83;67;8.34;5.5;6.33;3.42;Union Saint-Gilloise;OH Leuven;1.5;0.88;1.33;1.5;1;1.25;83;42;25;17;0;42;42;42;0;0;0;577;28;Y;Y;N;N;N;N;N
148407;1048;2570;2016/2017;complete;895;13;-1;53,72;;2;0;2;2;2;4;3;3;3;4;0;0;7;0;5;3;12;3;19;20;47;53;3;4;1.74;3.88;5.09;0;0;0;0;0;0;0;0;0;0;0;0;0;0;0;0;0;0;0;0;0;0;0;0;0;0;0;0;0;0;0;0;0;0;0;0;0;0;0;0;0;0;0;0;0;0;0;0;0;0;0;0;0;0;0;0;0;0;0;0;0;0;0;0;0;2;0;0;2;0;2;0;2016-10-30 11:30:00;1048;0;50;33;25;0;-1;1;-1;-1;-1;-1;-1;-1;3;4;0;0;7;0;-1;0;0;0;0;0;0;0;0;0;0;0;0;0;1;1;0;0;-1;-1;3;4;-1;-1;-1;-1;-1;-1;-1;-1;-1;25;34;59;59;100;50;59;83;34;11;6.16;3.34;3.17;Royal Antwerp FC;AFC Tubize;2.13;1.12;2;1.5;1.42;1.17;75;67;42;42;0;75;67;59;0;0;0;577;30;Y;Y;N;N;N;N;N
148408;2571;2573;2016/2017;complete;895;13;-1;;71,77;0;2;2;9;4;13;1;3;1;4;0;0;5;5;3;0;8;5;8;10;60;40;1;4;1.56;4.31;6.28;0;0;0;0;0;0;0;0;0;0;0;0;0;0;0;0;0;0;0;0;0;0;0;0;0;0;0;0;0;0;0;0;0;0;0;0;0;0;0;0;0;0;0;0;0;0;0;0;0;0;0;0;0;0;0;0;0;0;0;0;0;0;0;0;0;2;0;0;0;2;2;0;2016-10-30 15:00:00;2573;0;50;17;34;0;-1;1;-1;-1;-1;-1;-1;-1;1;4;0;0;5;0;-1;0;0;0;0;0;0;0;0;0;0;0;0;0;1;1;0;0;-1;-1;1;4;-1;-1;-1;-1;-1;-1;-1;-1;-1;9;50;59;92;100;34;83;100;59;9;5.5;3.5;3.17;Lierse SK;Lommel United;1.86;0.88;2.17;1.17;2.08;0.83;92;50;42;9;0;50;42;25;0;0;0;577;28;Y;Y;N;N;N;N;N
148409;690;2571;2016/2017;complete;895;14;-1;;8;0;1;1;5;3;8;5;3;6;3;0;0;8;4;9;2;17;6;22;15;52;48;6;3;2.85;3.5;2.54;0;0;0;0;0;0;0;0;0;0;0;0;0;0;0;0;0;0;0;0;0;0;0;0;0;0;0;0;0;0;0;0;0;0;0;0;0;0;0;0;0;0;0;0;0;0;0;0;0;0;0;0;0;0;0;0;0;0;0;0;0;0;0;0;0;1;0;1;0;0;0;1;2016-11-06 15:00:00;2571;0;59;25;42;0;-1;1;-1;-1;-1;-1;-1;-1;6;3;0;0;9;0;-1;0;0;0;0;0;0;0;0;0;0;0;0;0;1;1;0;1;-1;-1;6;3;-1;-1;-1;-1;-1;-1;-1;-1;-1;0;34;58;83;92;42;75;75;59;10.83;4.16;5.16;2.67;OH Leuven;Lierse SK;1.35;2.07;1;2;1.15;1.92;100;67;42;17;9;59;50;50;0;0;0;577;28;Y;N;N;N;N;N;N
148410;2569;1048;2016/2017;complete;895;14;-1;54,89;47;2;1;3;8;3;11;0;3;3;3;0;0;10;5;8;3;18;8;15;20;56;44;3;3;2.87;3.34;2.61;0;0;0;0;0;0;0;0;0;0;0;0;0;0;0;0;0;0;0;0;0;0;0;0;0;0;0;0;0;0;0;0;0;0;0;0;0;0;0;0;0;0;0;0;0;0;0;0;0;0;0;0;0;0;0;0;0;0;0;0;0;0;0;0;0;3;0;0;2;1;3;0;2016-11-06 15:00:00;2569;0;75;25;50;0;-1;1;-1;-1;-1;-1;-1;-1;3;3;0;0;6;0;-1;0;0;0;0;0;0;0;0;0;0;0;0;0;1;1;0;0;-1;-1;3;3;-1;-1;-1;-1;-1;-1;-1;-1;-1;0;25;42;92;100;25;67;83;67;9.5;6.66;4.34;2.58;SV Roeselare;Royal Antwerp FC;2;1.53;2.33;0.83;2.08;1.54;100;75;58;9;0;42;33;25;0;0;0;577;30;Y;Y;Y;N;N;N;Y
148411;2570;2567;2016/2017;complete;895;14;-1;63,76,86,90;19;4;1;5;6;3;9;6;2;1;3;0;0;8;4;4;2;12;6;12;28;60;40;1;3;2.44;3.49;2.99;0;0;0;0;0;0;0;0;0;0;0;0;0;0;0;0;0;0;0;0;0;0;0;0;0;0;0;0;0;0;0;0;0;0;0;0;0;0;0;0;0;0;0;0;0;0;0;0;0;0;0;0;0;0;0;0;0;0;0;0;0;0;0;0;0;5;0;1;4;0;4;1;2016-11-06 15:00:00;2570;0;67;25;50;0;-1;1;-1;-1;-1;-1;-1;-1;1;3;0;0;4;0;-1;0;0;0;0;0;0;0;0;1;0;1;0;0;1;1;0;0;-1;-1;1;3;-1;-1;-1;-1;-1;-1;-1;-1;-1;17;50;67;92;100;58;92;75;67;10.83;6.17;6.84;3.25;AFC Tubize;Cercle Brugge;1.29;0.94;0.83;0.17;1.08;0.92;83;50;34;9;0;83;67;50;0;0;0;577;34;Y;Y;Y;Y;Y;N;Y
148412;2573;2572;2016/2017;complete;895;14;-1;66;42,56;1;2;3;6;4;10;5;2;2;3;0;0;4;4;2;2;6;6;8;11;51;49;2;3;2.34;3.48;3.17;0;0;0;0;0;0;0;0;0;0;0;0;0;0;0;0;0;0;0;0;0;0;0;0;0;0;0;0;0;0;0;0;0;0;0;0;0;0;0;0;0;0;0;0;0;0;0;0;0;0;0;0;0;0;0;0;0;0;0;0;0;0;0;0;0;3;0;1;1;1;2;1;2016-11-06 15:00:00;2572;0;75;34;50;0;-1;1;-1;-1;-1;-1;-1;-1;2;3;0;0;5;0;-1;0;0;0;0;0;0;0;0;0;0;0;0;0;1;1;0;0;-1;-1;2;3;-1;-1;-1;-1;-1;-1;-1;-1;-1;9;33;84;100;100;42;75;92;75;8.16;5.33;3.83;3.58;Lommel United;Union Saint-Gilloise;0.76;1;0.5;0.67;1;1.15;92;67;17;0;0;67;58;50;0;0;0;577;28;Y;Y;Y;N;N;N;Y
148413;2571;2572;2016/2017;complete;896;1;-1;11;;1;0;1;2;5;7;2;3;1;2;0;0;2;2;3;3;5;5;9;10;51;49;1;2;1.6;4.2;6.03;0;0;0;0;0;0;0;0;0;0;0;0;0;0;0;0;0;0;0;0;0;0;0;0;0;0;0;0;0;0;0;0;0;0;0;0;0;0;0;0;0;0;0;0;0;0;0;0;0;0;0;0;0;0;0;0;0;0;0;0;0;0;0;0;0;1;1;0;0;0;0;1;2016-11-11 19:30:00;2571;0;57;7;50;0;-1;1;-1;-1;-1;-1;-1;-1;1;2;0;0;3;0;-1;0;0;0;0;0;0;0;0;0;0;0;0;0;1;1;0;0;-1;-1;1;2;-1;-1;-1;-1;-1;-1;-1;-1;-1;7;29;72;100;100;22;71;100;72;10.43;5.57;3.28;3.15;Lierse SK;Union Saint-Gilloise;1.86;1;1.86;1;2;1.29;93;71;29;0;0;93;86;64;0;0;0;577;28;Y;N;N;N;N;N;N
148414;2573;690;2016/2017;complete;896;1;-1;45,46;32,33;2;2;4;4;4;8;7;1;2;4;0;0;5;4;6;1;11;5;13;19;44;56;2;4;2.77;3.51;2.6;0;0;0;0;0;0;0;0;0;0;0;0;0;0;0;0;0;0;0;0;0;0;0;0;0;0;0;0;0;0;0;0;0;0;0;0;0;0;0;0;0;0;0;0;0;0;0;0;0;0;0;0;0;0;0;0;0;0;0;0;0;0;0;0;0;4;1;2;1;0;1;3;2016-11-12 16:00:00;-1;0;79;29;57;0;-1;1;-1;-1;-1;-1;-1;-1;2;4;0;0;6;0;-1;0;0;0;0;0;0;0;1;0;1;0;0;0;1;1;0;0;-1;-1;2;4;-1;-1;-1;-1;-1;-1;-1;-1;-1;14;43;71;93;100;36;86;86;64;8.85;4.72;5.29;3.57;Lommel United;OH Leuven;0.76;0.88;0.43;1.29;0.93;1.07;86;57;29;7;0;50;50;36;0;0;0;577;34;Y;Y;Y;Y;N;N;Y
148415;2569;2570;2016/2017;complete;896;1;-1;59;26;1;1;2;8;4;12;1;6;1;8;0;1;6;6;9;2;15;8;19;24;55;45;1;9;1.99;3.74;3.84;0;0;0;0;0;0;0;0;0;0;0;0;0;0;0;0;0;0;0;0;0;0;0;0;0;0;0;0;0;0;0;0;0;0;0;0;0;0;0;0;0;0;0;0;0;0;0;0;0;0;0;0;0;0;0;0;0;0;0;0;0;0;0;0;0;2;0;1;1;0;1;1;2016-11-12 19:30:00;-1;0;57;22;36;0;-1;1;-1;-1;-1;-1;-1;-1;1;8;0;1;9;1;-1;0;0;0;0;0;0;0;0;0;0;0;0;0;1;1;0;0;-1;-1;1;8;-1;-1;-1;-1;-1;-1;-1;-1;-1;22;36;57;72;100;29;64;86;64;9.43;7.42;4.72;3.22;SV Roeselare;AFC Tubize;2;1.12;2.43;1.29;2.14;1.21;79;64;43;29;0;50;50;43;0;0;0;577;30;Y;Y;N;N;N;N;Y
148416;1048;2567;2016/2017;complete;896;1;-1;;;0;0;0;4;5;9;3;3;1;3;0;0;6;6;6;7;12;13;7;12;54;46;1;3;1.65;4.13;5.5;0;0;0;0;0;0;0;0;0;0;0;0;0;0;0;0;0;0;0;0;0;0;0;0;0;0;0;0;0;0;0;0;0;0;0;0;0;0;0;0;0;0;0;0;0;0;0;0;0;0;0;0;0;0;0;0;0;0;0;0;0;0;0;0;0;0;0;0;0;0;0;0;2016-11-13 15:00:00;-1;0;57;22;22;0;-1;1;-1;-1;-1;-1;-1;-1;1;3;0;0;4;0;-1;0;0;0;0;0;0;0;0;0;0;0;0;0;1;1;0;0;-1;-1;1;3;-1;-1;-1;-1;-1;-1;-1;-1;-1;15;22;57;86;100;36;65;79;43;11.28;4.14;4.57;2.79;Royal Antwerp FC;Cercle Brugge;2.13;0.94;2.14;0.14;1.43;0.86;86;79;43;15;0;79;57;50;0;0;0;577;30;N;N;N;N;N;N;N
148417;690;1048;2016/2017;complete;896;2;-1;;;0;0;0;4;5;9;2;2;2;4;0;0;0;0;0;0;0;0;13;12;-1;-1;2;4;2.59;3.33;2.91;0;0;0;0;0;0;0;0;0;0;0;0;0;0;0;0;0;0;0;0;0;0;0;0;0;0;0;0;0;0;0;0;0;0;0;0;0;0;0;0;0;0;0;0;0;0;0;0;0;0;0;0;0;0;0;0;0;0;0;0;0;0;0;0;0;0;0;0;0;0;0;0;2016-11-18 19:30:00;-1;0;65;15;50;0;-1;1;-1;-1;-1;-1;-1;-1;2;4;0;0;6;0;-1;0;0;0;0;0;0;0;0;0;0;0;0;0;1;1;0;0;-1;-1;2;4;-1;-1;-1;-1;-1;-1;-1;-1;-1;0;14;29;86;100;22;57;79;57;10.43;4.72;6;2.29;OH Leuven;Royal Antwerp FC;1.35;1.53;0.86;0.71;1.07;1.4;100;86;71;15;0;57;50;43;0;0;0;577;30;N;N;N;N;N;N;N
148418;2572;2569;2016/2017;complete;896;2;-1;;;0;0;0;5;0;5;3;1;0;2;0;0;0;0;2;3;2;3;14;11;51;49;0;2;3.06;3.42;2.43;0;0;0;0;0;0;0;0;0;0;0;0;0;0;0;0;0;0;0;0;0;0;0;0;0;0;0;0;0;0;0;0;0;0;0;0;0;0;0;0;0;0;0;0;0;0;0;0;0;0;0;0;0;0;0;0;0;0;0;0;0;0;0;0;0;0;0;0;0;0;0;0;2016-11-19 19:00:00;-1;0;64;36;29;0;-1;1;-1;-1;-1;-1;-1;-1;0;2;0;0;2;0;-1;0;0;0;0;0;0;0;0;0;0;0;0;0;1;1;0;0;-1;-1;0;2;-1;-1;-1;-1;-1;-1;-1;-1;-1;14;29;57;86;100;50;79;86;36;10.57;6.14;5.72;2.86;Union Saint-Gilloise;SV Roeselare;1.5;1.33;1.57;1.86;1.2;2.07;86;72;43;14;0;65;65;57;0;0;0;577;28;N;N;N;N;N;N;N
148419;2570;2571;2016/2017;complete;896;2;-1;;54,61,83;0;3;3;1;2;3;5;2;5;1;1;0;0;4;2;3;2;7;19;19;45;55;6;1;3.44;3.56;2.18;0;0;0;0;0;0;0;0;0;0;0;0;0;0;0;0;0;0;0;0;0;0;0;0;0;0;0;0;0;0;0;0;0;0;0;0;0;0;0;0;0;0;0;0;0;0;0;0;0;0;0;0;0;0;0;0;0;0;0;0;0;0;0;0;0;3;0;0;0;3;3;0;2016-11-20 11:30:00;2571;0;64;36;50;0;-1;1;-1;-1;-1;-1;-1;-1;6;1;0;0;7;0;-1;0;0;0;0;0;0;0;0;0;0;0;0;0;1;1;0;0;-1;-1;5;1;-1;-1;-1;-1;-1;-1;-1;-1;-1;15;65;79;79;93;64;93;72;72;9.57;7.14;5.29;3.29;AFC Tubize;Lierse SK;1.29;2.07;1.14;2.14;1.2;2.07;86;36;22;22;7;65;43;36;0;0;0;577;28;Y;Y;Y;N;N;N;N
148420;2567;2573;2016/2017;complete;896;2;-1;88;;1;0;1;7;1;8;2;6;0;0;0;0;0;0;0;0;0;0;11;16;-1;-1;0;0;1.93;3.66;4.2;0;0;0;0;0;0;0;0;0;0;0;0;0;0;0;0;0;0;0;0;0;0;0;0;0;0;0;0;0;0;0;0;0;0;0;0;0;0;0;0;0;0;0;0;0;0;0;0;0;0;0;0;0;0;0;0;0;0;0;0;0;0;0;0;0;1;0;0;1;0;1;0;2016-11-20 15:00:00;2567;0;57;36;22;0;-1;-1;-1;-1;-1;-1;-1;-1;0;0;0;0;0;0;-1;0;0;0;0;0;0;0;1;0;1;0;0;0;1;1;0;0;-1;-1;-1;-1;-1;-1;-1;-1;-1;-1;-1;-1;-1;15;50;64;86;93;57;71;86;64;8.43;6.72;4.57;3.15;Cercle Brugge;Lommel United;1.35;0.88;1.57;1.43;0.87;0.93;86;50;36;14;7;58;29;29;0;0;0;577;34;Y;N;N;N;N;N;N
148421;2569;2571;2016/2017;complete;896;3;-1;73,83;85;2;1;3;4;3;7;3;9;1;1;1;0;9;2;9;1;18;3;13;13;49;51;3;1;3.03;3.38;2.47;0;0;0;0;0;0;0;0;0;0;0;0;0;0;0;0;0;0;0;0;0;0;0;0;0;0;0;0;0;0;0;0;0;0;0;0;0;0;0;0;0;0;0;0;0;0;0;0;0;0;0;0;0;0;0;0;0;0;0;0;0;0;0;0;0;3;0;0;2;1;3;0;2016-11-25 19:30:00;2569;0;63;26;38;0;-1;1;-1;-1;-1;-1;-1;-1;1;1;1;0;2;1;-1;0;0;0;0;0;0;0;1;0;1;0;0;0;1;1;0;0;-1;-1;1;1;-1;-1;-1;-1;-1;-1;-1;-1;-1;0;32;69;82;94;32;75;76;63;9.76;5.76;4.01;2.75;SV Roeselare;Lierse SK;2;2.07;2.25;2.25;2;2.13;100;69;32;19;7;44;38;38;0;0;0;577;28;Y;Y;Y;N;N;N;Y
148422;1048;2572;2016/2017;complete;896;3;-1;5,9;;2;0;2;5;3;8;0;4;2;2;0;0;5;2;7;7;12;9;14;14;53;47;2;2;1.61;4.04;6.19;0;0;0;0;0;0;0;0;0;0;0;0;0;0;0;0;0;0;0;0;0;0;0;0;0;0;0;0;0;0;0;0;0;0;0;0;0;0;0;0;0;0;0;0;0;0;0;0;0;0;0;0;0;0;0;0;0;0;0;0;0;0;0;0;0;2;2;0;0;0;0;2;2016-11-26 16:00:00;1048;0;51;19;32;0;-1;1;-1;-1;-1;-1;-1;-1;2;2;0;0;4;0;-1;0;0;0;0;0;0;0;0;0;0;0;0;0;1;1;2;0;-1;-1;2;2;-1;-1;-1;-1;-1;-1;-1;-1;-1;0;19;69;76;94;32;57;82;50;10.26;5.63;3.51;2.57;Royal Antwerp FC;Union Saint-Gilloise;2.13;1;2;0.88;1.38;1.19;100;82;32;26;7;82;63;57;0;0;0;577;28;Y;Y;N;N;N;N;N
148423;2573;2570;2016/2017;complete;896;3;-1;45;70,73;1;2;3;4;4;8;5;4;1;3;0;0;6;6;0;4;6;10;15;19;48;52;1;3;2.49;3.48;2.93;0;0;0;0;0;0;0;0;0;0;0;0;0;0;0;0;0;0;0;0;0;0;0;0;0;0;0;0;0;0;0;0;0;0;0;0;0;0;0;0;0;0;0;0;0;0;0;0;0;0;0;0;0;0;0;0;0;0;0;0;0;0;0;0;0;3;1;0;0;2;2;1;2016-11-26 19:30:00;2570;0;69;38;38;0;-1;1;-1;-1;-1;-1;-1;-1;1;3;0;0;4;0;-1;0;0;0;0;0;0;0;0;1;0;1;0;0;1;1;0;0;-1;-1;1;3;-1;-1;-1;-1;-1;-1;-1;-1;-1;26;38;57;82;100;44;76;88;57;8.01;7;5.13;3.57;Lommel United;AFC Tubize;0.76;1.12;0.5;1.25;0.88;1.13;76;63;44;19;0;51;51;32;0;0;0;577;34;Y;Y;Y;N;N;N;Y
148424;690;2567;2016/2017;complete;896;3;-1;74;;1;0;1;3;6;9;5;4;2;2;0;1;3;3;3;3;6;6;18;15;57;43;2;4;2.42;3.45;3.05;0;0;0;0;0;0;0;0;0;0;0;0;0;0;0;0;0;0;0;0;0;0;0;0;0;0;0;0;0;0;0;0;0;0;0;0;0;0;0;0;0;0;0;0;0;0;0;0;0;0;0;0;0;0;0;0;0;0;0;0;0;0;0;0;0;1;0;0;1;0;1;0;2016-11-27 15:00:00;690;0;51;7;25;0;-1;1;-1;-1;-1;-1;-1;-1;2;2;0;1;4;1;-1;0;0;0;0;0;0;0;1;0;1;0;0;0;1;1;0;0;-1;-1;2;2;-1;-1;-1;-1;-1;-1;-1;-1;-1;13;19;38;76;88;19;69;63;44;11.13;4.13;6.63;2.32;OH Leuven;Cercle Brugge;1.35;0.94;0.88;0.25;1.06;1;88;82;63;26;13;76;50;44;0;0;0;577;34;Y;N;N;N;N;N;N
148425;2571;1048;2016/2017;complete;896;4;-1;60,90;88,90;2;2;4;0;8;8;1;1;2;2;0;0;4;6;4;11;8;17;16;17;39;61;2;2;2.18;3.34;3.67;0;0;0;0;0;0;0;0;0;0;0;0;0;0;0;0;0;0;0;0;0;0;0;0;0;0;0;0;0;0;0;0;0;0;0;0;0;0;0;0;0;0;0;0;0;0;0;0;0;0;0;0;0;0;0;0;0;0;0;0;0;0;0;0;0;4;0;0;2;2;4;0;2016-12-02 19:30:00;-1;0;57;13;51;0;-1;1;-1;-1;-1;-1;-1;-1;2;2;0;0;4;0;-1;0;0;0;0;0;0;0;0;0;0;0;0;0;1;1;0;0;-1;-1;2;2;-1;-1;-1;-1;-1;-1;-1;-1;-1;7;19;32;88;94;19;57;82;57;9.88;4.76;3.63;2.44;Lierse SK;Royal Antwerp FC;1.86;1.53;2;0.75;2;1.47;94;82;69;13;7;69;57;38;0;0;0;577;28;Y;Y;Y;Y;N;N;Y
148426;2572;2567;2016/2017;complete;896;4;-1;30;87,90;1;2;3;3;3;6;4;3;1;2;0;0;5;6;1;2;6;8;15;11;44;56;1;2;2.51;3.43;2.94;0;0;0;0;0;0;0;0;0;0;0;0;0;0;0;0;0;0;0;0;0;0;0;0;0;0;0;0;0;0;0;0;0;0;0;0;0;0;0;0;0;0;0;0;0;0;0;0;0;0;0;0;0;0;0;0;0;0;0;0;0;0;0;0;0;3;1;0;0;2;2;1;2016-12-03 16:00:00;2567;0;60;25;30;0;-1;1;-1;-1;-1;-1;-1;-1;1;2;0;0;3;0;-1;0;0;0;0;0;0;0;0;0;0;0;0;0;1;1;0;0;-1;-1;1;2;-1;-1;-1;-1;-1;-1;-1;-1;-1;18;30;47;77;89;30;65;71;47;9.85;5.11;5.72;2.6;Union Saint-Gilloise;Cercle Brugge;1.5;0.94;1.5;0.22;1.12;0.94;83;71;53;24;12;64;41;36;0;0;0;577;28;Y;Y;Y;N;N;N;Y
148427;2570;690;2016/2017;complete;896;4;-1;;54,71;0;2;2;8;6;14;7;2;2;3;0;0;2;6;3;3;5;9;15;22;54;46;2;3;2.64;3.41;2.79;0;0;0;0;0;0;0;0;0;0;0;0;0;0;0;0;0;0;0;0;0;0;0;0;0;0;0;0;0;0;0;0;0;0;0;0;0;0;0;0;0;0;0;0;0;0;0;0;0;0;0;0;0;0;0;0;0;0;0;0;0;0;0;0;0;2;0;0;0;2;2;0;2016-12-03 19:00:00;690;0;69;25;50;0;-1;1;-1;-1;-1;-1;-1;-1;2;3;0;0;5;0;-1;0;0;0;0;0;0;0;0;0;0;0;0;0;1;1;0;0;-1;-1;2;3;-1;-1;-1;-1;-1;-1;-1;-1;-1;19;69;82;88;100;51;88;88;69;9.51;6.88;7.13;3.63;AFC Tubize;OH Leuven;1.29;0.88;1;1.25;1.24;1.18;82;32;19;13;0;63;50;44;0;0;0;577;34;Y;Y;N;N;N;N;N
148428;2569;2573;2016/2017;complete;896;4;-1;11,32;35;2;1;3;7;4;11;1;5;2;1;0;0;5;8;5;4;10;12;19;14;48;52;2;1;1.79;3.72;4.9;0;0;0;0;0;0;0;0;0;0;0;0;0;0;0;0;0;0;0;0;0;0;0;0;0;0;0;0;0;0;0;0;0;0;0;0;0;0;0;0;0;0;0;0;0;0;0;0;0;0;0;0;0;0;0;0;0;0;0;0;0;0;0;0;0;3;2;1;0;0;0;3;2016-12-04 15:00:00;2569;0;58;18;29;0;-1;1;-1;-1;-1;-1;-1;-1;2;1;0;0;3;0;-1;0;0;0;0;0;0;0;0;0;0;0;0;0;1;1;0;0;-1;-1;2;1;-1;-1;-1;-1;-1;-1;-1;-1;-1;0;36;59;82;100;25;65;95;65;8.8;6.58;4.47;2.77;SV Roeselare;Lommel United;2;0.88;2.33;1.25;2.06;0.82;100;64;42;18;0;35;29;29;0;0;0;577;30;Y;Y;Y;N;N;N;Y
148429;2572;2573;2016/2017;complete;896;5;-1;58;16;1;1;2;3;3;6;1;2;1;2;0;0;5;5;7;7;12;12;16;15;52;48;1;2;2.2;3.37;3.58;0;0;0;0;0;0;0;0;0;0;0;0;0;0;0;0;0;0;0;0;0;0;0;0;0;0;0;0;0;0;0;0;0;0;0;0;0;0;0;0;0;0;0;0;0;0;0;0;0;0;0;0;0;0;0;0;0;0;0;0;0;0;0;0;0;2;0;1;1;0;1;1;2016-12-09 19:30:00;-1;0;56;33;22;0;-1;1;-1;-1;-1;-1;-1;-1;1;2;0;0;3;0;-1;0;0;0;0;0;0;0;0;0;0;0;0;0;1;1;0;0;-1;-1;1;2;-1;-1;-1;-1;-1;-1;-1;-1;-1;6;39;56;78;95;39;67;84;56;7.66;6.55;4.44;2.73;Union Saint-Gilloise;Lommel United;1.5;0.88;1.33;1.11;1.06;0.78;95;62;44;22;6;33;28;28;0;0;0;577;28;Y;Y;N;N;N;N;Y
148430;2567;2571;2016/2017;complete;896;5;-1;;78;0;1;1;4;6;10;2;3;3;2;1;0;9;8;7;4;16;12;12;14;51;49;5;2;2.99;3.42;2.48;0;0;0;0;0;0;0;0;0;0;0;0;0;0;0;0;0;0;0;0;0;0;0;0;0;0;0;0;0;0;0;0;0;0;0;0;0;0;0;0;0;0;0;0;0;0;0;0;0;0;0;0;0;0;0;0;0;0;0;0;0;0;0;0;0;1;0;0;0;1;1;0;2016-12-10 16:00:00;2571;0;60;36;35;0;-1;1;-1;-1;-1;-1;-1;-1;3;2;1;0;5;1;-1;0;0;0;0;0;0;0;0;0;0;0;0;0;1;1;0;0;-1;-1;3;2;-1;-1;-1;-1;-1;-1;-1;-1;-1;13;36;71;77;89;54;65;71;59;9.03;6.74;3.53;2.89;Cercle Brugge;Lierse SK;1.35;2.07;1.75;2;1.06;1.94;88;65;30;24;12;54;30;30;0;0;0;577;28;Y;N;N;N;N;N;N
148431;690;2569;2016/2017;complete;896;5;-1;75;30,52;1;2;3;9;4;13;4;6;1;2;0;0;8;6;7;1;15;7;15;12;54;46;1;2;2.56;3.35;2.93;0;0;0;0;0;0;0;0;0;0;0;0;0;0;0;0;0;0;0;0;0;0;0;0;0;0;0;0;0;0;0;0;0;0;0;0;0;0;0;0;0;0;0;0;0;0;0;0;0;0;0;0;0;0;0;0;0;0;0;0;0;0;0;0;0;3;0;1;1;1;2;1;2016-12-10 19:30:00;2569;0;42;13;18;0;-1;1;-1;-1;-1;-1;-1;-1;1;2;0;0;3;0;-1;0;0;0;0;0;0;0;0;0;0;0;0;0;1;1;0;0;-1;-1;1;2;-1;-1;-1;-1;-1;-1;-1;-1;-1;7;12;36;66;89;31;66;71;23;10.92;5.44;6.08;2.08;OH Leuven;SV Roeselare;1.35;1.33;1.11;1.75;1.28;2.11;94;89;64;35;12;71;60;54;0;0;0;577;30;Y;Y;Y;N;N;N;Y
148432;1048;2570;2016/2017;complete;896;5;-1;75;9;1;1;2;8;6;14;4;7;1;4;0;0;10;5;6;6;16;11;19;15;60;40;1;4;1.72;3.76;5.46;0;0;0;0;0;0;0;0;0;0;0;0;0;0;0;0;0;0;0;0;0;0;0;0;0;0;0;0;0;0;0;0;0;0;0;0;0;0;0;0;0;0;0;0;0;0;0;0;0;0;0;0;0;0;0;0;0;0;0;0;0;0;0;0;0;2;0;1;1;0;1;1;2016-12-11 15:00:00;-1;0;45;22;17;0;-1;1;-1;-1;-1;-1;-1;-1;1;4;0;0;5;0;-1;0;0;0;0;0;0;0;0;0;0;0;0;0;1;1;0;1;-1;-1;1;4;-1;-1;-1;-1;-1;-1;-1;-1;-1;17;22;44;67;95;39;56;78;39;9.67;6.22;4.66;2.72;Royal Antwerp FC;AFC Tubize;2.13;1.12;2.11;1.44;1.44;1.17;84;78;56;33;6;62;50;44;0;0;0;577;30;Y;Y;N;N;N;N;Y
148433;2573;1048;2016/2017;complete;896;6;-1;52,54;10,14,45,80;2;4;6;6;5;11;0;3;3;4;0;0;5;5;1;6;6;11;20;24;46;54;3;4;3;3.33;2.52;0;0;0;0;0;0;0;0;0;0;0;0;0;0;0;0;0;0;0;0;0;0;0;0;0;0;0;0;0;0;0;0;0;0;0;0;0;0;0;0;0;0;0;0;0;0;0;0;0;0;0;0;0;0;0;0;0;0;0;0;0;0;0;0;0;6;0;3;2;1;3;3;2016-12-16 19:30:00;1048;0;84;33;56;0;-1;1;-1;-1;-1;-1;-1;-1;3;4;0;0;7;0;-1;0;0;0;0;0;0;0;0;1;0;1;0;0;1;1;0;1;-1;-1;3;4;-1;-1;-1;-1;-1;-1;-1;-1;-1;6;28;56;95;95;33;61;84;67;8.78;5.44;4.22;3;Lommel United;Royal Antwerp FC;0.76;1.53;0.44;0.78;0.79;1.42;95;73;45;6;6;45;33;17;0;0;0;577;30;Y;Y;Y;Y;Y;Y;Y
148434;2569;2567;2016/2017;complete;896;6;-1;9,67,90;24;3;1;4;6;5;11;4;2;2;1;0;0;6;3;5;6;11;9;15;15;53;47;2;1;1.9;3.6;4.42;0;0;0;0;0;0;0;0;0;0;0;0;0;0;0;0;0;0;0;0;0;0;0;0;0;0;0;0;0;0;0;0;0;0;0;0;0;0;0;0;0;0;0;0;0;0;0;0;0;0;0;0;0;0;0;0;0;0;0;0;0;0;0;0;0;4;1;1;2;0;2;2;2016-12-17 16:00:00;2569;0;70;15;30;0;-1;1;-1;-1;-1;-1;-1;-1;2;1;0;0;3;0;-1;0;0;0;0;0;0;0;0;0;0;0;0;0;1;1;1;0;-1;-1;2;1;-1;-1;-1;-1;-1;-1;-1;-1;-1;10;20;60;85;95;20;70;75;55;10.8;5.3;5.3;2.7;SV Roeselare;Cercle Brugge;2;0.94;2.4;0.5;2.16;1;90;80;40;15;5;65;45;40;0;0;0;577;30;Y;Y;Y;Y;N;N;Y
148435;2570;2572;2016/2017;complete;896;6;-1;8,35,69;;3;0;3;3;2;5;1;4;1;2;0;0;8;4;5;2;13;6;9;23;63;37;1;2;2.14;3.48;3.64;0;0;0;0;0;0;0;0;0;0;0;0;0;0;0;0;0;0;0;0;0;0;0;0;0;0;0;0;0;0;0;0;0;0;0;0;0;0;0;0;0;0;0;0;0;0;0;0;0;0;0;0;0;0;0;0;0;0;0;0;0;0;0;0;0;3;2;0;1;0;1;2;2016-12-17 19:00:00;2570;0;56;17;44;0;-1;1;-1;-1;-1;-1;-1;-1;1;2;0;0;3;0;-1;0;0;0;0;0;0;0;0;0;0;0;0;0;1;1;1;0;-1;-1;1;2;-1;-1;-1;-1;-1;-1;-1;-1;-1;11;45;78;89;100;45;78;84;78;9.44;8.22;5.55;3.23;AFC Tubize;Union Saint-Gilloise;1.29;1;0.89;0.78;1.16;1.05;89;56;22;11;0;78;62;50;0;0;0;577;28;Y;Y;Y;N;N;N;N
148436;2571;690;2016/2017;complete;896;6;-1;90;44;1;1;2;6;9;15;3;1;0;4;0;0;2;2;3;8;5;10;11;18;49;51;0;4;1.96;3.66;4.03;0;0;0;0;0;0;0;0;0;0;0;0;0;0;0;0;0;0;0;0;0;0;0;0;0;0;0;0;0;0;0;0;0;0;0;0;0;0;0;0;0;0;0;0;0;0;0;0;0;0;0;0;0;0;0;0;0;0;0;0;0;0;0;0;0;2;0;1;1;0;1;1;2016-12-18 15:00:00;-1;0;56;11;44;0;-1;1;-1;-1;-1;-1;-1;-1;0;4;0;0;4;0;-1;0;0;0;0;0;0;0;1;0;1;0;0;0;1;1;0;0;-1;-1;0;4;-1;-1;-1;-1;-1;-1;-1;-1;-1;11;45;56;89;100;22;73;89;56;9.78;4.33;4.66;3.11;Lierse SK;OH Leuven;1.86;0.88;1.89;1.44;2;1.21;89;56;45;11;0;62;62;50;0;0;0;577;28;Y;Y;N;N;N;N;Y
148437;1048;2569;2016/2017;complete;896;7;-1;67;;1;0;1;4;3;7;5;4;2;1;0;0;10;4;9;3;19;7;9;12;60;40;2;1;2.38;3.49;3.09;0;0;0;0;0;0;0;0;0;0;0;0;0;0;0;0;0;0;0;0;0;0;0;0;0;0;0;0;0;0;0;0;0;0;0;0;0;0;0;0;0;0;0;0;0;0;0;0;0;0;0;0;0;0;0;0;0;0;0;0;0;0;0;0;0;1;0;0;1;0;1;0;2017-01-06 19:30:00;1048;0;48;21;16;0;-1;1;-1;-1;-1;-1;-1;-1;2;1;0;0;3;0;-1;0;0;0;0;0;0;0;0;0;0;0;0;0;1;1;0;0;-1;-1;2;1;-1;-1;-1;-1;-1;-1;-1;-1;-1;6;11;48;74;90;42;64;74;21;11.11;5.62;4.07;2.27;Royal Antwerp FC;SV Roeselare;2.13;1.33;2;1.89;1.5;2.2;95;90;52;26;11;74;64;59;0;0;0;577;30;Y;N;N;N;N;N;N
148438;2567;2570;2016/2017;complete;896;7;-1;23,87;36;2;1;3;9;3;12;2;3;3;3;0;2;2;2;1;1;3;3;19;15;54;46;3;6;2.49;3.44;2.96;0;0;0;0;0;0;0;0;0;0;0;0;0;0;0;0;0;0;0;0;0;0;0;0;0;0;0;0;0;0;0;0;0;0;0;0;0;0;0;0;0;0;0;0;0;0;0;0;0;0;0;0;0;0;0;0;0;0;0;0;0;0;0;0;0;3;1;1;1;0;1;2;2017-01-07 19:00:00;2567;0;58;27;21;0;-1;1;-1;-1;-1;-1;-1;-1;3;3;0;2;6;2;-1;0;0;0;0;0;0;0;0;0;0;0;0;0;1;1;0;0;-1;-1;3;3;-1;-1;-1;-1;-1;-1;-1;-1;-1;26;32;48;69;95;43;63;84;47;9.21;7.74;5.41;2.99;Cercle Brugge;AFC Tubize;1.35;1.12;1.56;1.4;0.95;1.25;74;69;52;32;6;69;52;42;0;0;0;577;34;Y;Y;Y;N;N;N;Y
148439;2572;690;2016/2017;complete;896;7;-1;13,19,59,63;;4;0;4;3;5;8;6;2;2;2;0;0;5;0;2;7;7;7;20;17;44;56;2;2;2.51;3.37;2.98;0;0;0;0;0;0;0;0;0;0;0;0;0;0;0;0;0;0;0;0;0;0;0;0;0;0;0;0;0;0;0;0;0;0;0;0;0;0;0;0;0;0;0;0;0;0;0;0;0;0;0;0;0;0;0;0;0;0;0;0;0;0;0;0;0;4;2;0;2;0;2;2;2017-01-08 13:30:00;2572;0;70;25;35;0;-1;1;-1;-1;-1;-1;-1;-1;2;2;0;0;4;0;-1;0;0;0;0;0;0;0;0;0;0;0;0;0;1;1;0;0;-1;-1;2;2;-1;-1;-1;-1;-1;-1;-1;-1;-1;10;40;55;85;95;30;75;85;50;9.5;4.9;5.7;2.9;Union Saint-Gilloise;OH Leuven;1.5;0.88;1.3;1.4;1;1.2;90;60;45;15;5;45;45;45;0;0;0;577;28;Y;Y;Y;Y;N;N;N
148440;2571;2573;2016/2017;complete;896;7;-1;16,37,49,68,88;90;5;1;6;2;0;2;2;2;0;4;0;0;7;4;8;2;15;6;11;14;55;45;0;4;1.46;4.59;7.8;0;0;0;0;0;0;0;0;0;0;0;0;0;0;0;0;0;0;0;0;0;0;0;0;0;0;0;0;0;0;0;0;0;0;0;0;0;0;0;0;0;0;0;0;0;0;0;0;0;0;0;0;0;0;0;0;0;0;0;0;0;0;0;0;0;6;2;0;3;1;4;2;2017-01-08 17:00:00;2571;0;50;15;25;0;-1;1;-1;-1;-1;-1;-1;-1;0;4;0;0;4;0;-1;0;0;0;0;0;0;0;1;0;1;0;0;0;1;1;0;0;-1;-1;0;4;-1;-1;-1;-1;-1;-1;-1;-1;-1;5;35;45;85;100;25;70;90;50;8.3;5.6;3.2;2.75;Lierse SK;Lommel United;1.86;0.88;1.8;1.1;1.95;0.75;95;65;55;15;0;50;45;35;0;0;0;577;28;Y;Y;Y;Y;Y;Y;Y
148441;2573;2569;2016/2017;complete;896;8;-1;62;45;1;1;2;5;5;10;-1;-1;2;3;0;0;4;6;5;7;9;13;-1;-1;-1;-1;2;3;4.17;3.69;1.93;0;0;0;0;0;0;0;0;0;0;0;0;0;0;0;0;0;0;0;0;0;0;0;0;0;0;0;0;0;0;0;0;0;0;0;0;0;0;0;0;0;0;0;0;0;0;0;0;0;0;0;0;0;0;0;0;0;0;0;0;0;0;0;0;0;2;0;1;1;0;1;1;2017-01-13 19:30:00;-1;0;70;30;35;0;-1;1;-1;-1;-1;-1;-1;-1;2;3;0;0;5;0;-1;0;0;0;0;0;0;0;0;0;0;0;0;0;1;1;0;0;-1;-1;2;3;-1;-1;-1;-1;-1;-1;-1;-1;-1;15;25;65;85;95;45;80;85;45;9.2;6.2;4.4;3.1;Lommel United;SV Roeselare;0.76;1.33;0.4;1.7;0.71;2.1;85;75;35;15;5;55;55;40;0;0;0;577;30;Y;Y;N;N;N;N;Y
148442;690;2570;2016/2017;complete;896;8;-1;23;47,53,75;1;3;4;4;5;9;3;3;1;3;0;0;3;5;0;0;3;5;21;14;47;53;1;3;2.22;3.49;3.41;0;0;0;0;0;0;0;0;0;0;0;0;0;0;0;0;0;0;0;0;0;0;0;0;0;0;0;0;0;0;0;0;0;0;0;0;0;0;0;0;0;0;0;0;0;0;0;0;0;0;0;0;0;0;0;0;0;0;0;0;0;0;0;0;0;4;1;0;0;3;3;1;2017-01-14 19:00:00;2570;0;52;14;24;0;-1;1;-1;-1;-1;-1;-1;-1;1;3;0;0;4;0;-1;0;0;0;0;0;0;0;0;2;0;2;0;0;1;1;0;0;-1;-1;1;3;-1;-1;-1;-1;-1;-1;-1;-1;-1;14;19;38;67;95;23;67;81;43;10;6.88;6.65;2.54;OH Leuven;AFC Tubize;1.35;1.12;1;1.27;1.14;1.19;87;82;63;34;5;67;57;53;0;0;0;577;34;Y;Y;Y;Y;N;N;Y
148443;2567;1048;2016/2017;complete;896;8;-1;;67;0;1;1;1;5;6;3;4;0;3;0;0;3;4;6;10;9;14;13;19;46;54;0;3;2.83;3.44;2.59;0;0;0;0;0;0;0;0;0;0;0;0;0;0;0;0;0;0;0;0;0;0;0;0;0;0;0;0;0;0;0;0;0;0;0;0;0;0;0;0;0;0;0;0;0;0;0;0;0;0;0;0;0;0;0;0;0;0;0;0;0;0;0;0;0;1;0;0;0;1;1;0;2017-01-15 13:30:00;1048;0;70;30;45;0;-1;1;-1;-1;-1;-1;-1;-1;0;3;0;0;3;0;-1;0;0;0;0;0;0;0;0;0;0;0;0;0;1;1;0;0;-1;-1;0;3;-1;-1;-1;-1;-1;-1;-1;-1;-1;15;30;50;80;90;45;50;80;55;10.2;5.6;4.8;2.75;Cercle Brugge;Royal Antwerp FC;1.35;1.53;1.7;1;1.05;1.57;85;70;50;20;10;70;45;35;0;0;0;577;30;Y;N;N;N;N;N;N
148444;2572;2571;2016/2017;complete;896;8;-1;;;0;0;0;7;4;11;5;0;2;1;0;0;3;5;6;5;9;10;15;11;52;48;2;1;3.59;3.57;2.12;0;0;0;0;0;0;0;0;0;0;0;0;0;0;0;0;0;0;0;0;0;0;0;0;0;0;0;0;0;0;0;0;0;0;0;0;0;0;0;0;0;0;0;0;0;0;0;0;0;0;0;0;0;0;0;0;0;0;0;0;0;0;0;0;0;0;0;0;0;0;0;0;2017-01-15 17:00:00;-1;0;57;29;34;0;-1;1;-1;-1;-1;-1;-1;-1;2;1;0;0;3;0;-1;0;0;0;0;0;0;0;0;0;0;0;0;0;1;1;0;0;-1;-1;2;1;-1;-1;-1;-1;-1;-1;-1;-1;-1;5;33;63;76;91;38;67;76;58;8.18;6.28;3.98;2.67;Union Saint-Gilloise;Lierse SK;1.5;2.07;1.45;2.1;1.1;2;96;67;38;24;10;34;29;24;0;0;0;577;28;N;N;N;N;N;N;N
148445;2570;2573;2016/2017;complete;896;9;-1;20,61;;2;0;2;5;1;6;3;1;2;0;0;1;8;2;9;4;17;6;14;9;59;41;2;2;1.88;3.82;4.24;0;0;0;0;0;0;0;0;0;0;0;0;0;0;0;0;0;0;0;0;0;0;0;0;0;0;0;0;0;0;0;0;0;0;0;0;0;0;0;0;0;0;0;0;0;0;0;0;0;0;0;0;0;0;0;0;0;0;0;0;0;0;0;0;0;2;1;0;1;0;1;1;2017-01-20 19:30:00;2570;0;53;24;29;0;-1;1;-1;-1;-1;-1;-1;-1;2;1;0;0;3;0;-1;0;0;0;0;0;0;0;1;0;1;0;0;0;1;1;0;0;-1;-1;2;0;-1;-1;-1;-1;-1;-1;-1;-1;-1;15;53;68;86;100;53;77;91;68;7.91;7.78;5.47;3.25;AFC Tubize;Lommel United;1.29;0.88;1.1;1;1.27;0.73;86;48;33;14;0;49;34;29;0;0;0;577;34;Y;Y;N;N;N;N;N
148446;2571;2567;2016/2017;complete;896;9;-1;79;58;1;1;2;8;2;10;5;3;0;3;0;0;3;5;5;4;8;9;13;16;49;51;0;3;1.84;3.78;4.51;0;0;0;0;0;0;0;0;0;0;0;0;0;0;0;0;0;0;0;0;0;0;0;0;0;0;0;0;0;0;0;0;0;0;0;0;0;0;0;0;0;0;0;0;0;0;0;0;0;0;0;0;0;0;0;0;0;0;0;0;0;0;0;0;0;2;0;0;1;1;2;0;2017-01-21 16:00:00;-1;0;60;9;32;0;-1;1;-1;-1;-1;-1;-1;-1;0;3;0;0;3;0;-1;0;0;0;0;0;0;0;0;0;0;0;0;0;1;1;0;0;-1;-1;0;3;-1;-1;-1;-1;-1;-1;-1;-1;-1;18;32;50;87;96;23;73;82;55;9.82;4.45;3.91;2.91;Lierse SK;Cercle Brugge;1.86;0.94;1.91;0.45;1.95;1;82;69;50;14;5;73;55;41;0;0;0;577;28;Y;Y;N;N;N;N;Y
148447;1048;690;2016/2017;complete;896;9;-1;38,73;;2;0;2;7;3;10;5;4;1;3;0;0;4;0;0;0;4;0;15;14;62;38;1;3;1.74;3.8;5.18;0;0;0;0;0;0;0;0;0;0;0;0;0;0;0;0;0;0;0;0;0;0;0;0;0;0;0;0;0;0;0;0;0;0;0;0;0;0;0;0;0;0;0;0;0;0;0;0;0;0;0;0;0;0;0;0;0;0;0;0;0;0;0;0;0;2;1;0;1;0;1;1;2017-01-21 19:30:00;1048;0;50;18;23;0;-1;1;-1;-1;-1;-1;-1;-1;1;3;0;0;4;0;-1;0;0;0;0;0;0;0;0;0;0;0;0;0;1;1;0;0;-1;-1;1;3;-1;-1;-1;-1;-1;-1;-1;-1;-1;5;32;50;78;96;36;64;82;37;11;4.64;4.81;2.64;Royal Antwerp FC;OH Leuven;2.13;0.88;2.09;1.27;1.64;1.09;96;68;50;23;5;60;50;50;0;0;0;577;30;Y;Y;N;N;N;N;N
148448;2569;2572;2016/2017;complete;896;9;-1;;65;0;1;1;5;3;8;3;9;1;5;1;0;8;4;12;8;20;12;12;17;55;45;2;5;1.88;3.69;4.43;0;0;0;0;0;0;0;0;0;0;0;0;0;0;0;0;0;0;0;0;0;0;0;0;0;0;0;0;0;0;0;0;0;0;0;0;0;0;0;0;0;0;0;0;0;0;0;0;0;0;0;0;0;0;0;0;0;0;0;0;0;0;0;0;0;1;0;0;0;1;1;0;2017-01-22 15:00:00;2572;0;66;19;38;0;-1;1;-1;-1;-1;-1;-1;-1;1;5;1;0;6;1;-1;0;0;0;0;0;0;0;0;0;0;0;0;0;1;1;0;0;-1;-1;1;5;-1;-1;-1;-1;-1;-1;-1;-1;-1;0;24;77;91;100;34;77;81;62;9.82;6.48;4.28;2.91;SV Roeselare;Union Saint-Gilloise;2;1;2.45;0.7;2.05;1.09;100;77;24;10;0;63;58;53;0;0;0;577;28;Y;N;N;N;N;N;N
148449;690;2571;2016/2017;complete;896;10;-1;66,90;16,33,36;2;3;5;7;4;11;3;7;5;2;0;0;9;6;2;4;11;10;21;28;47;53;5;2;3.14;3.45;2.37;0;0;0;0;0;0;0;0;0;0;0;0;0;0;0;0;0;0;0;0;0;0;0;0;0;0;0;0;0;0;0;0;0;0;0;0;0;0;0;0;0;0;0;0;0;0;0;0;0;0;0;0;0;0;0;0;0;0;0;0;0;0;0;0;0;5;0;3;2;0;2;3;2017-01-27 19:30:00;2571;0;45;14;32;0;-1;1;-1;-1;-1;-1;-1;-1;5;2;0;0;7;0;-1;0;0;0;0;0;0;0;0;0;0;0;0;0;1;1;0;0;-1;-1;5;2;-1;-1;-1;-1;-1;-1;-1;-1;-1;0;23;50;64;87;23;60;69;50;9.82;5.55;4.64;2.23;OH Leuven;Lierse SK;1.35;2.07;0.91;2;1.04;1.91;100;78;50;36;14;59;41;36;0;0;0;577;28;Y;Y;Y;Y;Y;N;Y
148450;2573;2572;2016/2017;complete;896;10;-1;;;0;0;0;1;2;3;4;4;4;3;0;0;3;5;2;6;5;11;14;16;53;47;4;3;2.64;3.43;2.78;0;0;0;0;0;0;0;0;0;0;0;0;0;0;0;0;0;0;0;0;0;0;0;0;0;0;0;0;0;0;0;0;0;0;0;0;0;0;0;0;0;0;0;0;0;0;0;0;0;0;0;0;0;0;0;0;0;0;0;0;0;0;0;0;0;0;0;0;0;0;0;0;2017-01-28 16:00:00;-1;0;68;23;41;0;-1;1;-1;-1;-1;-1;-1;-1;4;3;0;0;7;0;-1;0;0;0;0;0;0;0;0;0;0;0;0;0;1;1;0;0;-1;-1;4;3;-1;-1;-1;-1;-1;-1;-1;-1;-1;9;27;73;91;100;41;82;87;60;8.27;6.37;4.27;3.23;Lommel United;Union Saint-Gilloise;0.76;1;0.45;0.91;0.7;1.17;91;73;27;9;0;55;50;32;0;0;0;577;28;N;N;N;N;N;N;N
148451;2567;2569;2016/2017;complete;896;10;-1;61,70;30,88;2;2;4;3;6;9;6;4;0;3;0;0;5;5;5;9;10;14;12;15;52;48;0;3;2.92;3.43;2.52;0;0;0;0;0;0;0;0;0;0;0;0;0;0;0;0;0;0;0;0;0;0;0;0;0;0;0;0;0;0;0;0;0;0;0;0;0;0;0;0;0;0;0;0;0;0;0;0;0;0;0;0;0;0;0;0;0;0;0;0;0;0;0;0;0;4;0;1;2;1;3;1;2017-01-28 19:30:00;-1;0;55;27;18;0;-1;1;-1;-1;-1;-1;-1;-1;0;3;0;0;3;0;-1;0;0;0;0;0;0;0;1;0;1;0;0;0;1;1;0;0;-1;-1;0;3;-1;-1;-1;-1;-1;-1;-1;-1;-1;14;18;50;69;91;46;64;82;27;10;6.18;4.55;2.46;Cercle Brugge;SV Roeselare;1.35;1.33;1.55;1.64;1;1.96;87;82;50;32;9;73;59;46;0;0;0;577;30;Y;Y;Y;Y;N;N;Y
148452;2570;1048;2016/2017;complete;896;10;-1;41,61;26,45,82,90;2;4;6;5;6;11;3;0;1;1;2;0;6;8;7;7;13;15;12;15;38;62;4;1;3.35;3.43;2.27;0;0;0;0;0;0;0;0;0;0;0;0;0;0;0;0;0;0;0;0;0;0;0;0;0;0;0;0;0;0;0;0;0;0;0;0;0;0;0;0;0;0;0;0;0;0;0;0;0;0;0;0;0;0;0;0;0;0;0;0;0;0;0;0;0;6;1;2;1;2;3;3;2017-01-29 15:00:00;1048;0;59;18;50;0;-1;1;-1;-1;-1;-1;-1;-1;1;1;2;0;2;2;-1;0;0;0;0;0;0;0;0;0;0;0;0;0;1;1;0;0;-1;-1;1;1;-1;-1;-1;-1;-1;-1;-1;-1;-1;14;41;55;87;96;41;59;87;69;9.73;6.9;5.73;2.96;AFC Tubize;Royal Antwerp FC;1.29;1.53;1.27;1.18;1.35;1.7;87;59;46;14;5;60;41;32;0;0;0;577;30;Y;Y;Y;Y;Y;Y;Y
148453;2573;2567;2016/2017;complete;896;11;-1;;90;0;1;1;3;12;15;5;1;2;4;1;0;5;5;6;1;11;6;18;15;45;55;3;4;3;3.42;2.47;0;0;0;0;0;0;0;0;0;0;0;0;0;0;0;0;0;0;0;0;0;0;0;0;0;0;0;0;0;0;0;0;0;0;0;0;0;0;0;0;0;0;0;0;0;0;0;0;0;0;0;0;0;0;0;0;0;0;0;0;0;0;0;0;0;1;0;0;0;1;1;0;2017-02-03 19:30:00;2567;0;75;25;34;0;-1;1;-1;-1;-1;-1;-1;-1;2;4;1;0;6;1;-1;0;0;0;0;0;0;0;0;0;0;0;0;0;1;1;0;0;-1;-1;2;4;-1;-1;-1;-1;-1;-1;-1;-1;-1;17;29;59;88;92;34;75;79;58;8.83;4.92;5;3.05;Lommel United;Cercle Brugge;0.76;0.94;0.5;0.5;0.71;1;83;71;42;13;8;63;46;25;0;0;0;577;34;Y;N;N;N;N;N;N
148454;2572;1048;2016/2017;complete;896;11;-1;65;17;1;1;2;3;6;9;2;2;5;2;0;1;3;6;0;6;3;12;22;14;35;65;5;4;4.15;3.52;1.98;0;0;0;0;0;0;0;0;0;0;0;0;0;0;0;0;0;0;0;0;0;0;0;0;0;0;0;0;0;0;0;0;0;0;0;0;0;0;0;0;0;0;0;0;0;0;0;0;0;0;0;0;0;0;0;0;0;0;0;0;0;0;0;0;0;2;0;1;1;0;1;1;2017-02-04 16:00:00;-1;0;67;25;46;0;-1;1;-1;-1;-1;-1;-1;-1;5;2;0;1;7;1;-1;0;0;0;0;0;0;0;0;0;0;0;0;0;1;1;0;0;-1;-1;5;2;-1;-1;-1;-1;-1;-1;-1;-1;-1;13;33;46;79;88;33;55;79;59;9.25;5.58;4.67;2.67;Union Saint-Gilloise;Royal Antwerp FC;1.5;1.53;1.42;1.33;1.17;1.75;88;67;54;21;13;46;38;33;0;0;0;577;28;Y;Y;N;N;N;N;Y
148455;2571;2570;2016/2017;complete;896;11;-1;57,58,75;;3;0;3;5;4;9;1;3;1;4;0;1;6;4;3;5;9;9;17;9;54;46;1;5;1.79;3.81;4.8;0;0;0;0;0;0;0;0;0;0;0;0;0;0;0;0;0;0;0;0;0;0;0;0;0;0;0;0;0;0;0;0;0;0;0;0;0;0;0;0;0;0;0;0;0;0;0;0;0;0;0;0;0;0;0;0;0;0;0;0;0;0;0;0;0;3;0;0;3;0;3;0;2017-02-04 19:30:00;2571;0;63;13;34;0;-1;1;-1;-1;-1;-1;-1;-1;1;5;0;0;6;0;-1;0;0;0;0;0;0;0;0;0;0;0;0;0;1;1;0;0;-1;-1;1;4;-1;-1;-1;-1;-1;-1;-1;-1;-1;21;33;46;84;100;25;71;92;54;9.16;6.58;4.42;3.13;Lierse SK;AFC Tubize;1.86;1.12;1.83;1.42;1.96;1.29;79;67;54;17;0;67;63;46;0;0;0;577;28;Y;Y;Y;N;N;N;N
148456;2569;690;2016/2017;complete;896;11;-1;31,83;37;2;1;3;1;6;7;10;6;0;0;0;0;6;2;6;7;12;9;15;13;50;50;0;0;1.97;3.63;4.04;0;0;0;0;0;0;0;0;0;0;0;0;0;0;0;0;0;0;0;0;0;0;0;0;0;0;0;0;0;0;0;0;0;0;0;0;0;0;0;0;0;0;0;0;0;0;0;0;0;0;0;0;0;0;0;0;0;0;0;0;0;0;0;0;0;3;1;1;1;0;1;2;2017-02-05 15:00:00;2569;0;67;21;33;0;-1;-1;-1;-1;-1;-1;-1;-1;0;0;0;0;0;0;-1;0;0;0;0;0;0;0;0;0;0;0;0;0;1;1;0;0;-1;-1;-1;-1;-1;-1;-1;-1;-1;-1;-1;-1;-1;4;38;63;88;100;29;75;88;54;10.75;5.34;5.5;2.96;SV Roeselare;OH Leuven;2;0.88;2.25;1.17;1.92;1;96;63;38;13;0;54;54;50;0;0;0;577;30;Y;Y;Y;N;N;N;Y
148457;2567;2572;2016/2017;complete;896;12;-1;;65;0;1;1;5;4;9;0;7;2;1;0;0;5;5;8;1;13;6;13;17;55;45;2;1;2.13;3.47;3.67;0;0;0;0;0;0;0;0;0;0;0;0;0;0;0;0;0;0;0;0;0;0;0;0;0;0;0;0;0;0;0;0;0;0;0;0;0;0;0;0;0;0;0;0;0;0;0;0;0;0;0;0;0;0;0;0;0;0;0;0;0;0;0;0;0;1;0;0;0;1;1;0;2017-02-10 19:30:00;2572;0;50;21;29;0;-1;1;-1;-1;-1;-1;-1;-1;2;1;0;0;3;0;-1;0;0;0;0;0;0;0;0;0;0;0;0;0;1;1;0;0;-1;-1;2;1;-1;-1;-1;-1;-1;-1;-1;-1;-1;9;25;63;71;92;42;63;79;46;8.67;7.33;4.25;2.63;Cercle Brugge;Union Saint-Gilloise;1.35;1;1.5;0.92;1.08;1.16;92;75;38;29;8;67;46;38;0;0;0;577;28;Y;N;N;N;N;N;N
148458;690;2573;2016/2017;complete;896;12;-1;18,30;10;2;1;3;5;4;9;1;3;2;1;0;0;7;5;3;3;10;8;12;14;44;56;2;1;2.08;3.62;3.66;0;0;0;0;0;0;0;0;0;0;0;0;0;0;0;0;0;0;0;0;0;0;0;0;0;0;0;0;0;0;0;0;0;0;0;0;0;0;0;0;0;0;0;0;0;0;0;0;0;0;0;0;0;0;0;0;0;0;0;0;0;0;0;0;0;3;2;1;0;0;0;3;2017-02-11 16:00:00;690;0;50;13;21;0;-1;1;-1;-1;-1;-1;-1;-1;2;1;0;0;3;0;-1;0;0;0;0;0;0;0;0;1;0;1;0;0;1;1;0;1;-1;-1;2;1;-1;-1;-1;-1;-1;-1;-1;-1;-1;8;34;46;75;96;30;71;84;50;8.67;5.75;5.33;2.63;OH Leuven;Lommel United;1.35;0.88;0.83;0.92;0.96;0.68;92;67;54;25;4;50;34;34;0;0;0;577;34;Y;Y;Y;N;N;N;Y
148459;1048;2571;2016/2017;complete;896;12;-1;;4,33;0;2;2;7;3;10;1;2;2;1;0;0;0;4;0;0;0;4;12;15;67;33;2;1;2.22;3.36;3.54;0;0;0;0;0;0;0;0;0;0;0;0;0;0;0;0;0;0;0;0;0;0;0;0;0;0;0;0;0;0;0;0;0;0;0;0;0;0;0;0;0;0;0;0;0;0;0;0;0;0;0;0;0;0;0;0;0;0;0;0;0;0;0;0;0;2;0;2;0;0;0;2;2017-02-11 19:30:00;2571;0;42;21;21;0;-1;1;-1;-1;-1;-1;-1;-1;2;1;0;0;3;0;-1;0;0;0;0;0;0;0;0;0;0;0;0;0;1;1;0;1;-1;-1;2;1;-1;-1;-1;-1;-1;-1;-1;-1;-1;4;21;50;67;88;38;54;71;38;9.92;6;3.17;2.29;Royal Antwerp FC;Lierse SK;2.13;2.07;2.17;2.08;1.72;2;96;80;50;33;13;59;46;38;0;0;0;577;28;Y;Y;N;N;N;N;N
148460;2570;2569;2016/2017;complete;896;12;-1;6,88,90;16;3;1;4;5;6;11;6;1;3;3;0;0;5;3;7;3;12;6;13;21;52;48;3;3;2.47;3.48;2.96;0;0;0;0;0;0;0;0;0;0;0;0;0;0;0;0;0;0;0;0;0;0;0;0;0;0;0;0;0;0;0;0;0;0;0;0;0;0;0;0;0;0;0;0;0;0;0;0;0;0;0;0;0;0;0;0;0;0;0;0;0;0;0;0;0;4;1;1;2;0;2;2;2017-02-12 15:00:00;2570;0;54;21;34;0;-1;1;-1;-1;-1;-1;-1;-1;3;3;0;0;6;0;-1;0;0;0;0;0;0;0;0;0;0;0;0;0;1;1;1;0;-1;-1;3;3;-1;-1;-1;-1;-1;-1;-1;-1;-1;17;38;63;84;96;46;79;88;50;10;7.33;5.75;3;AFC Tubize;SV Roeselare;1.29;1.33;1.17;1.58;1.24;1.96;84;63;38;17;4;71;59;46;0;0;0;577;30;Y;Y;Y;Y;N;N;Y
148461;2573;2571;2016/2017;complete;896;13;-1;63;25;1;1;2;1;3;4;3;3;3;1;0;0;6;5;5;10;11;15;16;8;47;53;3;1;4.22;3.74;1.9;0;0;0;0;0;0;0;0;0;0;0;0;0;0;0;0;0;0;0;0;0;0;0;0;0;0;0;0;0;0;0;0;0;0;0;0;0;0;0;0;0;0;0;0;0;0;0;0;0;0;0;0;0;0;0;0;0;0;0;0;0;0;0;0;0;2;0;1;1;0;1;1;2017-02-17 19:30:00;-1;0;62;27;35;0;-1;1;-1;-1;-1;-1;-1;-1;3;1;0;0;4;0;-1;0;0;0;0;0;0;0;0;0;0;0;0;0;1;1;0;0;-1;-1;3;1;-1;-1;-1;-1;-1;-1;-1;-1;-1;12;31;62;77;89;42;70;74;54;7.92;5.93;3.84;2.89;Lommel United;Lierse SK;0.76;2.07;0.46;2.15;0.65;2.04;89;69;38;23;12;50;46;27;0;0;0;577;28;Y;Y;N;N;N;N;Y
148462;2567;690;2016/2017;complete;896;13;-1;73;;1;0;1;6;4;10;5;4;3;1;0;0;9;4;9;5;18;9;11;16;51;49;3;1;2.35;3.58;3.07;0;0;0;0;0;0;0;0;0;0;0;0;0;0;0;0;0;0;0;0;0;0;0;0;0;0;0;0;0;0;0;0;0;0;0;0;0;0;0;0;0;0;0;0;0;0;0;0;0;0;0;0;0;0;0;0;0;0;0;0;0;0;0;0;0;1;0;0;1;0;1;0;2017-02-18 16:00:00;2567;0;58;27;27;0;-1;1;-1;-1;-1;-1;-1;-1;3;1;0;0;4;0;-1;0;0;0;0;0;0;0;0;0;0;0;0;0;1;1;0;0;-1;-1;3;1;-1;-1;-1;-1;-1;-1;-1;-1;-1;12;39;58;77;96;42;70;89;42;10;5.69;4.93;2.89;Cercle Brugge;OH Leuven;1.35;0.88;1.38;1.08;1.04;1.04;89;62;42;23;4;66;46;39;0;0;0;577;34;Y;N;N;N;N;N;N
148463;2569;1048;2016/2017;complete;896;13;-1;49;26,78;1;2;3;4;4;8;1;4;1;1;1;0;7;6;2;6;9;12;18;18;44;56;2;1;2.95;3.39;2.52;0;0;0;0;0;0;0;0;0;0;0;0;0;0;0;0;0;0;0;0;0;0;0;0;0;0;0;0;0;0;0;0;0;0;0;0;0;0;0;0;0;0;0;0;0;0;0;0;0;0;0;0;0;0;0;0;0;0;0;0;0;0;0;0;0;3;0;1;1;1;2;1;2017-02-18 19:30:00;1048;0;77;27;47;0;-1;1;-1;-1;-1;-1;-1;-1;1;1;1;0;2;1;-1;0;0;0;0;0;0;0;0;0;0;0;0;0;1;1;0;0;-1;-1;1;1;-1;-1;-1;-1;-1;-1;-1;-1;-1;8;27;54;85;96;31;58;85;58;10.3;5.92;4.62;2.77;SV Roeselare;Royal Antwerp FC;2;1.53;2.31;1.31;1.88;1.65;93;73;47;15;4;54;42;39;0;0;0;577;30;Y;Y;Y;N;N;N;Y
148464;2572;2570;2016/2017;complete;896;13;-1;78,88;;2;0;2;10;10;20;3;2;1;2;0;0;3;2;3;7;6;9;17;12;48;52;1;2;2.48;3.46;2.96;0;0;0;0;0;0;0;0;0;0;0;0;0;0;0;0;0;0;0;0;0;0;0;0;0;0;0;0;0;0;0;0;0;0;0;0;0;0;0;0;0;0;0;0;0;0;0;0;0;0;0;0;0;0;0;0;0;0;0;0;0;0;0;0;0;2;0;0;2;0;2;0;2017-02-19 15:00:00;2572;0;62;23;19;0;-1;1;-1;-1;-1;-1;-1;-1;1;2;0;0;3;0;-1;0;0;0;0;0;0;0;0;0;0;0;0;0;1;1;0;0;-1;-1;1;2;-1;-1;-1;-1;-1;-1;-1;-1;-1;16;31;50;77;93;31;69;85;50;8.39;7.23;6;2.85;Union Saint-Gilloise;AFC Tubize;1.5;1.12;1.38;1.31;1.23;1.31;85;69;50;23;8;54;43;39;0;0;0;577;28;Y;Y;N;N;N;N;N
148465;1048;2573;2016/2017;complete;896;14;-1;90;;1;0;1;14;0;14;-1;-1;0;3;0;0;2;0;19;4;21;4;-1;-1;-1;-1;0;3;1.37;4.88;9.99;0;0;0;0;0;0;0;0;0;0;0;0;0;0;0;0;0;0;0;0;0;0;0;0;0;0;0;0;0;0;0;0;0;0;0;0;0;0;0;0;0;0;0;0;0;0;0;0;0;0;0;0;0;0;0;0;0;0;0;0;0;0;0;0;0;1;0;0;1;0;1;0;2017-02-26 15:00:00;1048;0;43;23;12;0;-1;1;-1;-1;-1;-1;-1;-1;0;3;0;0;3;0;-1;0;0;0;0;0;0;0;1;0;1;0;0;0;1;1;0;0;-1;-1;0;3;-1;-1;-1;-1;-1;-1;-1;-1;-1;4;23;43;77;96;42;66;77;31;8.85;5.69;3.61;2.46;Royal Antwerp FC;Lommel United;2.13;0.88;2;0.85;1.7;0.67;96;77;58;23;4;50;35;27;0;0;0;577;30;Y;N;N;N;N;N;N
148466;2571;2569;2016/2017;complete;896;14;-1;14;83;1;1;2;10;1;11;2;4;3;2;0;0;6;5;11;5;17;10;11;13;48;52;3;2;1.6;4.23;5.89;0;0;0;0;0;0;0;0;0;0;0;0;0;0;0;0;0;0;0;0;0;0;0;0;0;0;0;0;0;0;0;0;0;0;0;0;0;0;0;0;0;0;0;0;0;0;0;0;0;0;0;0;0;0;0;0;0;0;0;0;0;0;0;0;0;2;1;0;0;1;1;1;2017-02-26 15:00:00;-1;0;58;12;35;0;-1;1;-1;-1;-1;-1;-1;-1;3;2;0;0;5;0;-1;0;0;0;0;0;0;0;0;0;0;0;0;0;1;1;0;0;-1;-1;3;2;-1;-1;-1;-1;-1;-1;-1;-1;-1;12;27;50;85;96;27;70;89;47;10.16;5.23;3.54;2.77;Lierse SK;SV Roeselare;1.86;1.33;1.92;1.46;2;1.81;89;73;50;16;4;73;66;46;0;0;0;577;28;Y;Y;N;N;N;N;Y
148467;2570;2567;2016/2017;complete;896;14;-1;34;5,82,90;1;3;4;5;2;7;5;2;4;3;0;0;6;7;4;4;10;11;17;22;48;52;4;3;2.09;3.67;3.58;0;0;0;0;0;0;0;0;0;0;0;0;0;0;0;0;0;0;0;0;0;0;0;0;0;0;0;0;0;0;0;0;0;0;0;0;0;0;0;0;0;0;0;0;0;0;0;0;0;0;0;0;0;0;0;0;0;0;0;0;0;0;0;0;0;4;1;1;0;2;2;2;2017-02-26 15:00:00;2567;0;58;23;31;0;-1;1;-1;-1;-1;-1;-1;-1;4;3;0;0;7;0;-1;0;0;0;0;0;0;0;0;0;0;0;0;0;1;1;0;1;-1;-1;4;3;-1;-1;-1;-1;-1;-1;-1;-1;-1;19;43;62;85;96;43;74;85;66;10.31;6.61;6.15;3.08;AFC Tubize;Cercle Brugge;1.29;0.94;1.31;0.69;1.26;1.11;81;58;39;16;4;77;54;42;0;0;0;577;34;Y;Y;Y;Y;N;N;Y
148468;690;2572;2016/2017;complete;896;14;-1;18,43;;2;0;2;5;4;9;1;5;1;3;0;0;5;0;5;4;10;4;12;14;46;54;1;3;2.71;3.42;2.71;0;0;0;0;0;0;0;0;0;0;0;0;0;0;0;0;0;0;0;0;0;0;0;0;0;0;0;0;0;0;0;0;0;0;0;0;0;0;0;0;0;0;0;0;0;0;0;0;0;0;0;0;0;0;0;0;0;0;0;0;0;0;0;0;0;2;2;0;0;0;0;2;2017-02-26 15:00:00;690;0;46;8;27;0;-1;1;-1;-1;-1;-1;-1;-1;1;3;0;0;4;0;-1;0;0;0;0;0;0;0;0;0;0;0;0;0;1;1;0;0;-1;-1;1;3;-1;-1;-1;-1;-1;-1;-1;-1;-1;4;19;54;69;92;27;66;73;46;9.62;6.7;5.31;2.38;OH Leuven;Union Saint-Gilloise;1.35;1;1;1.08;1;1.3;96;81;46;31;8;70;46;42;0;0;0;577;28;Y;Y;N;N;N;N;N
148469;1048;2569;2016/2017;complete;897;0;-1;35,57,73;64;3;1;4;8;5;13;1;2;3;5;0;0;7;6;6;2;13;8;14;13;60;40;3;5;1.93;3.59;4.29;0;0;0;0;0;0;0;0;0;0;0;0;0;0;0;0;0;0;0;0;0;0;0;0;0;0;0;0;0;0;0;0;0;0;0;0;0;0;0;0;0;0;0;0;0;0;0;0;0;0;0;0;0;0;0;0;0;0;0;0;0;0;0;0;0;4;1;0;2;1;3;1;2017-03-05 13:30:00;1048;1;63;18;14;0;-1;1;-1;-1;-1;-1;-1;-1;3;5;0;0;8;0;-1;0;0;0;0;0;0;0;1;0;1;0;0;0;1;1;0;0;-1;-1;3;5;-1;-1;-1;-1;-1;-1;-1;-1;-1;6;20;49;79;95;32;63;83;41;10.75;5.6;4.22;2.5;Royal Antwerp FC;SV Roeselare;1.83;1.67;1.75;1.79;1.75;1.79;95;81;52;22;6;63;52;43;0;0;0;577;30;Y;Y;Y;Y;N;N;Y
148470;2569;1048;2016/2017;complete;897;0;-1;35;29,78;1;2;3;3;8;11;8;2;3;2;0;0;3;5;6;6;9;11;18;8;40;60;3;2;2.34;3.55;3.02;0;0;0;0;0;0;0;0;0;0;0;0;0;0;0;0;0;0;0;0;0;0;0;0;0;0;0;0;0;0;0;0;0;0;0;0;0;0;0;0;0;0;0;0;0;0;0;0;0;0;0;0;0;0;0;0;0;0;0;0;0;0;0;0;0;3;1;1;0;1;1;2;2017-03-11 19:00:00;1048;1;64;25;50;0;-1;1;-1;-1;-1;-1;-1;-1;3;2;0;0;5;0;-1;0;0;0;0;0;0;0;0;0;0;0;0;0;1;1;0;0;-1;-1;3;2;-1;-1;-1;-1;-1;-1;-1;-1;-1;5;23;50;80;95;31;64;83;43;10.82;5.51;4.35;2.55;SV Roeselare;Royal Antwerp FC;1.67;1.83;1.72;1.79;1.72;1.79;95;78;50;21;5;64;54;45;0;0;0;577;30;Y;Y;Y;N;N;N;Y
148471;690;2570;2016/2017;complete;898;1;-1;79;26;1;1;2;10;3;13;-1;-1;2;4;0;0;9;7;8;5;17;12;-1;-1;-1;-1;2;4;2.52;3.51;2.87;0;0;0;0;0;0;0;0;0;0;0;0;0;0;0;0;0;0;0;0;0;0;0;0;0;0;0;0;0;0;0;0;0;0;0;0;0;0;0;0;0;0;0;0;0;0;0;0;0;0;0;0;0;0;0;0;0;0;0;0;0;0;0;0;0;2;0;1;1;0;1;1;2017-03-24 19:30:00;-1;0;54;14;18;0;-1;1;-1;-1;-1;-1;-1;-1;2;4;0;0;6;0;-1;0;0;0;0;0;0;0;0;0;0;0;0;0;1;1;0;0;-1;-1;2;4;-1;-1;-1;-1;-1;-1;-1;-1;-1;14;25;47;75;97;29;68;79;50;10.29;6.36;6.36;2.75;OH Leuven;AFC Tubize;1.35;1.12;1.14;1.21;1.07;1.21;86;75;54;25;4;75;50;47;0;0;0;577;34;Y;Y;N;N;N;N;Y
148472;2567;2573;2016/2017;complete;898;1;-1;;27,33,59,70,90;0;5;5;5;3;8;2;1;2;3;0;0;0;9;12;7;12;16;10;20;48;52;2;3;1.83;3.67;4.73;0;0;0;0;0;0;0;0;0;0;0;0;0;0;0;0;0;0;0;0;0;0;0;0;0;0;0;0;0;0;0;0;0;0;0;0;0;0;0;0;0;0;0;0;0;0;0;0;0;0;0;0;0;0;0;0;0;0;0;0;0;0;0;0;0;5;0;2;0;3;3;2;2017-03-26 12:30:00;2573;0;50;29;18;0;-1;1;-1;-1;-1;-1;-1;-1;2;3;0;0;5;0;-1;0;0;0;0;0;0;0;0;1;0;1;0;0;1;1;0;0;-1;-1;2;3;-1;-1;-1;-1;-1;-1;-1;-1;-1;11;33;50;68;97;43;61;86;40;7.64;6.07;4.14;2.65;Cercle Brugge;Lommel United;1.35;0.88;1.5;0.79;1.18;0.64;90;68;50;32;4;58;32;25;0;0;0;577;34;Y;Y;Y;Y;Y;N;N
148473;2570;2567;2016/2017;complete;898;2;-1;12,37;18,67;2;2;4;9;2;11;0;0;2;2;0;0;6;5;11;2;17;7;16;16;55;45;2;2;2.19;3.61;3.38;0;0;0;0;0;0;0;0;0;0;0;0;0;0;0;0;0;0;0;0;0;0;0;0;0;0;0;0;0;0;0;0;0;0;0;0;0;0;0;0;0;0;0;0;0;0;0;0;0;0;0;0;0;0;0;0;0;0;0;0;0;0;0;0;0;4;2;1;0;1;1;3;2017-03-31 18:30:00;-1;0;61;29;29;0;-1;1;-1;-1;-1;-1;-1;-1;2;2;0;0;4;0;-1;0;0;0;0;0;0;0;0;0;0;0;0;0;1;1;0;0;-1;-1;2;2;-1;-1;-1;-1;-1;-1;-1;-1;-1;18;47;65;86;97;47;75;86;68;10.07;6.64;6.21;3.14;AFC Tubize;Cercle Brugge;1.29;0.94;1.21;0.86;1.21;1.14;83;54;36;14;4;72;50;40;0;0;0;577;34;Y;Y;Y;Y;N;N;Y
148474;2573;690;2016/2017;complete;898;2;-1;14,51;5;2;1;3;4;8;12;3;2;2;2;0;0;8;2;2;8;10;10;5;11;51;49;2;2;2.56;3.49;2.84;0;0;0;0;0;0;0;0;0;0;0;0;0;0;0;0;0;0;0;0;0;0;0;0;0;0;0;0;0;0;0;0;0;0;0;0;0;0;0;0;0;0;0;0;0;0;0;0;0;0;0;0;0;0;0;0;0;0;0;0;0;0;0;0;0;3;1;1;1;0;1;2;2017-04-01 15:00:00;2573;0;68;25;33;0;-1;1;-1;-1;-1;-1;-1;-1;2;2;0;0;4;0;-1;0;0;0;0;0;0;0;0;0;0;0;0;0;1;1;0;1;-1;-1;2;2;-1;-1;-1;-1;-1;-1;-1;-1;-1;11;36;57;86;97;36;79;90;47;8.79;5.43;5.14;3.07;Lommel United;OH Leuven;0.76;0.88;0.5;1;0.72;1.07;90;64;43;14;4;50;50;32;0;0;0;577;34;Y;Y;Y;N;N;N;Y
148475;690;2567;2016/2017;complete;898;3;-1;40;;1;0;1;4;8;12;3;3;3;4;0;0;4;3;5;6;9;9;17;15;42;58;3;4;2.15;3.51;3.56;0;0;0;0;0;0;0;0;0;0;0;0;0;0;0;0;0;0;0;0;0;0;0;0;0;0;0;0;0;0;0;0;0;0;0;0;0;0;0;0;0;0;0;0;0;0;0;0;0;0;0;0;0;0;0;0;0;0;0;0;0;0;0;0;0;1;1;0;0;0;0;1;2017-04-07 18:30:00;690;0;60;17;20;0;-1;1;-1;-1;-1;-1;-1;-1;3;4;0;0;7;0;-1;0;0;0;0;0;0;0;0;0;0;0;0;0;1;1;0;0;-1;-1;3;4;-1;-1;-1;-1;-1;-1;-1;-1;-1;10;27;47;77;93;30;70;74;47;10.94;4.27;5.73;2.53;OH Leuven;Cercle Brugge;1.35;0.94;1.13;0.87;1.03;1.13;90;74;54;24;7;80;50;44;0;0;0;577;34;Y;N;N;N;N;N;N
148476;2570;2573;2016/2017;complete;898;3;-1;;;0;0;0;11;5;16;3;3;3;1;0;0;4;4;8;2;12;6;14;9;58;42;3;1;2.04;3.64;3.78;0;0;0;0;0;0;0;0;0;0;0;0;0;0;0;0;0;0;0;0;0;0;0;0;0;0;0;0;0;0;0;0;0;0;0;0;0;0;0;0;0;0;0;0;0;0;0;0;0;0;0;0;0;0;0;0;0;0;0;0;0;0;0;0;0;0;0;0;0;0;0;0;2017-04-08 15:00:00;-1;0;54;34;23;0;-1;1;-1;-1;-1;-1;-1;-1;3;1;0;0;4;0;-1;0;0;0;0;0;0;0;0;0;0;0;0;0;1;1;0;0;-1;-1;3;1;-1;-1;-1;-1;-1;-1;-1;-1;-1;17;54;67;87;100;57;80;90;60;7.94;6.8;5.4;3.3;AFC Tubize;Lommel United;1.29;0.88;1.2;0.93;1.2;0.8;84;47;34;14;0;50;37;34;0;0;0;577;34;N;N;N;N;N;N;N
148477;2567;690;2016/2017;complete;898;4;-1;;;0;0;0;4;4;8;2;2;3;3;1;0;8;6;8;7;16;13;16;20;51;49;4;3;2.15;3.49;3.58;0;0;0;0;0;0;0;0;0;0;0;0;0;0;0;0;0;0;0;0;0;0;0;0;0;0;0;0;0;0;0;0;0;0;0;0;0;0;0;0;0;0;0;0;0;0;0;0;0;0;0;0;0;0;0;0;0;0;0;0;0;0;0;0;0;0;0;0;0;0;0;0;2017-04-14 18:30:00;-1;0;54;27;24;0;-1;1;-1;-1;-1;-1;-1;-1;3;3;1;0;6;1;-1;0;0;0;0;0;0;0;0;0;0;0;0;0;1;1;0;0;-1;-1;3;3;-1;-1;-1;-1;-1;-1;-1;-1;-1;14;37;57;74;97;44;67;90;40;10.2;5.8;4.8;2.84;Cercle Brugge;OH Leuven;1.35;0.88;1.4;0.93;1.1;1.1;87;64;44;27;4;67;50;37;0;0;0;577;34;N;N;N;N;N;N;N
148478;2573;2570;2016/2017;complete;898;4;-1;24,36;58;2;1;3;6;1;7;0;2;2;3;0;0;5;4;5;2;10;6;19;13;46;54;2;3;2.19;3.48;3.51;0;0;0;0;0;0;0;0;0;0;0;0;0;0;0;0;0;0;0;0;0;0;0;0;0;0;0;0;0;0;0;0;0;0;0;0;0;0;0;0;0;0;0;0;0;0;0;0;0;0;0;0;0;0;0;0;0;0;0;0;0;0;0;0;0;3;2;0;0;1;1;2;2017-04-17 18:00:00;2573;0;70;27;23;0;-1;1;-1;-1;-1;-1;-1;-1;2;3;0;0;5;0;-1;0;0;0;0;0;0;0;1;1;1;1;0;0;1;1;0;0;-1;-1;2;3;-1;-1;-1;-1;-1;-1;-1;-1;-1;17;27;54;84;97;34;74;90;50;8.2;6.4;5.73;3.1;Lommel United;AFC Tubize;0.76;1.12;0.67;1.2;0.81;1.19;84;73;47;17;4;60;54;40;0;0;0;577;34;Y;Y;Y;N;N;N;Y
148479;2573;2567;2016/2017;complete;898;5;-1;;76;0;1;1;6;3;9;1;3;3;1;0;0;5;3;5;4;10;7;13;12;54;46;3;1;0;0;0;0;0;0;0;0;0;0;0;0;0;0;0;0;0;0;0;0;0;0;0;0;0;0;0;0;0;0;0;0;0;0;0;0;0;0;0;0;0;0;0;0;0;0;0;0;0;0;0;0;0;0;0;0;0;0;0;0;0;0;0;0;0;0;0;0;1;0;0;0;1;1;0;2017-04-21 18:30:00;2567;0;72;28;25;0;-1;1;-1;-1;-1;-1;-1;-1;3;1;0;0;4;0;-1;0;0;0;0;0;0;0;0;0;0;0;0;0;1;1;0;0;-1;-1;3;1;-1;-1;-1;-1;-1;-1;-1;-1;-1;13;28;57;82;94;38;75;82;47;9;4.75;5.19;2.88;Lommel United;Cercle Brugge;0.76;0.94;0.81;0.81;0.88;1.09;88;72;44;19;6;63;50;35;0;0;0;577;34;Y;N;N;N;N;N;N
148480;2570;690;2016/2017;complete;898;5;-1;34;;1;0;1;5;4;9;4;0;5;2;0;1;6;4;10;7;16;11;22;22;51;49;5;4;0;0;0;0;0;0;0;0;0;0;0;0;0;0;0;0;0;0;0;0;0;0;0;0;0;0;0;0;0;0;0;0;0;0;0;0;0;0;0;0;0;0;0;0;0;0;0;0;0;0;0;0;0;0;0;0;0;0;0;0;0;0;0;0;0;0;0;0;1;1;0;0;0;0;1;2017-04-22 15:00:00;2570;0;56;32;28;0;-1;1;-1;-1;-1;-1;-1;-1;5;2;0;1;7;1;-1;0;0;0;0;0;0;0;0;0;0;0;0;0;1;1;0;0;-1;-1;5;2;-1;-1;-1;-1;-1;-1;-1;-1;-1;13;51;66;85;94;51;78;88;54;10.76;6.63;6.01;3.13;AFC Tubize;OH Leuven;1.29;0.88;1.19;0.94;1.16;1.09;88;51;35;16;6;63;56;47;0;0;0;577;34;Y;N;N;N;N;N;N
148481;690;2573;2016/2017;complete;898;6;-1;55;;1;0;1;9;8;17;4;2;1;2;0;0;3;4;16;3;19;7;18;13;46;54;1;2;0;0;0;0;0;0;0;0;0;0;0;0;0;0;0;0;0;0;0;0;0;0;0;0;0;0;0;0;0;0;0;0;0;0;0;0;0;0;0;0;0;0;0;0;0;0;0;0;0;0;0;0;0;0;0;0;0;0;0;0;0;0;0;0;0;0;0;0;1;0;0;1;0;1;0;2017-04-28 18:30:00;690;0;47;16;16;0;-1;1;-1;-1;-1;-1;-1;-1;1;2;0;0;3;0;-1;0;0;0;0;0;0;0;0;0;0;0;0;0;1;1;0;0;-1;-1;1;2;-1;-1;-1;-1;-1;-1;-1;-1;-1;10;29;44;72;94;35;72;72;41;8.75;4.94;5;2.5;OH Leuven;Lommel United;1.35;0.88;1.25;0.94;1.06;0.85;91;72;57;28;6;60;38;38;0;0;0;577;34;Y;N;N;N;N;N;N
148482;2567;2570;2016/2017;complete;898;6;-1;65;90;1;1;2;6;3;9;8;4;2;1;0;0;4;2;10;6;14;8;11;8;50;50;2;1;0;0;0;0;0;0;0;0;0;0;0;0;0;0;0;0;0;0;0;0;0;0;0;0;0;0;0;0;0;0;0;0;0;0;0;0;0;0;0;0;0;0;0;0;0;0;0;0;0;0;0;0;0;0;0;0;0;0;0;0;0;0;0;0;0;0;0;0;2;0;0;1;1;2;0;2017-04-28 18:30:00;-1;0;54;22;16;0;-1;1;-1;-1;-1;-1;-1;-1;2;1;0;0;3;0;-1;0;0;0;0;0;0;0;0;0;0;0;0;0;1;1;0;0;-1;-1;2;1;-1;-1;-1;-1;-1;-1;-1;-1;-1;19;28;50;69;94;38;60;88;44;9.13;6.63;5.56;2.78;Cercle Brugge;AFC Tubize;1.35;1.12;1.38;1.13;1.15;1.21;81;72;50;32;7;69;47;38;0;0;0;577;34;Y;Y;N;N;N;N;Y
