ID;HOMEID;AWAYID;SEASON;STATUS;ROUNDID;GAME_WEEK;REVISED_GAME_WEEK;HOMEGOALS;AWAYGOALS;HOMEGOALCOUNT;AWAYGOALCOUNT;TOTALGOALCOUNT;TEAM_A_CORNERS;TEAM_B_CORNERS;TOTALCORNERCOUNT;TEAM_A_OFFSIDES;TEAM_B_OFFSIDES;TEAM_A_YELLOW_CARDS;TEAM_B_YELLOW_CARDS;TEAM_A_RED_CARDS;TEAM_B_RED_CARDS;TEAM_A_SHOTSONTARGET;TEAM_B_SHOTSONTARGET;TEAM_A_SHOTSOFFTARGET;TEAM_B_SHOTSOFFTARGET;TEAM_A_SHOTS;TEAM_B_SHOTS;TEAM_A_FOULS;TEAM_B_FOULS;TEAM_A_POSSESSION;TEAM_B_POSSESSION;TEAM_A_CARDS_NUM;TEAM_B_CARDS_NUM;ODDS_FT_1;ODDS_FT_X;ODDS_FT_2;ODDS_FT_OVER05;ODDS_FT_OVER15;ODDS_FT_OVER25;ODDS_FT_OVER35;ODDS_FT_OVER45;ODDS_FT_UNDER05;ODDS_FT_UNDER15;ODDS_FT_UNDER25;ODDS_FT_UNDER35;ODDS_FT_UNDER45;ODDS_BTTS_YES;ODDS_BTTS_NO;ODDS_TEAM_A_CS_YES;ODDS_TEAM_A_CS_NO;ODDS_TEAM_B_CS_YES;ODDS_TEAM_B_CS_NO;ODDS_DOUBLECHANCE_1X;ODDS_DOUBLECHANCE_12;ODDS_DOUBLECHANCE_X2;ODDS_1ST_HALF_RESULT_1;ODDS_1ST_HALF_RESULT_X;ODDS_1ST_HALF_RESULT_2;ODDS_2ND_HALF_RESULT_1;ODDS_2ND_HALF_RESULT_X;ODDS_2ND_HALF_RESULT_2;ODDS_DNB_1;ODDS_DNB_2;ODDS_CORNERS_OVER_75;ODDS_CORNERS_OVER_85;ODDS_CORNERS_OVER_95;ODDS_CORNERS_OVER_105;ODDS_CORNERS_OVER_115;ODDS_CORNERS_UNDER_75;ODDS_CORNERS_UNDER_85;ODDS_CORNERS_UNDER_95;ODDS_CORNERS_UNDER_105;ODDS_CORNERS_UNDER_115;ODDS_CORNERS_1;ODDS_CORNERS_X;ODDS_CORNERS_2;ODDS_TEAM_TO_SCORE_FIRST_1;ODDS_TEAM_TO_SCORE_FIRST_X;ODDS_TEAM_TO_SCORE_FIRST_2;ODDS_WIN_TO_NIL_1;ODDS_WIN_TO_NIL_2;ODDS_1ST_HALF_OVER05;ODDS_1ST_HALF_OVER15;ODDS_1ST_HALF_OVER25;ODDS_1ST_HALF_OVER35;ODDS_1ST_HALF_UNDER05;ODDS_1ST_HALF_UNDER15;ODDS_1ST_HALF_UNDER25;ODDS_1ST_HALF_UNDER35;ODDS_2ND_HALF_OVER05;ODDS_2ND_HALF_OVER15;ODDS_2ND_HALF_OVER25;ODDS_2ND_HALF_OVER35;ODDS_2ND_HALF_UNDER05;ODDS_2ND_HALF_UNDER15;ODDS_2ND_HALF_UNDER25;ODDS_2ND_HALF_UNDER35;ODDS_BTTS_1ST_HALF_YES;ODDS_BTTS_1ST_HALF_NO;ODDS_BTTS_2ND_HALF_YES;ODDS_BTTS_2ND_HALF_NO;OVERALLGOALCOUNT;HT_GOALS_TEAM_A;HT_GOALS_TEAM_B;GOALS_2HG_TEAM_A;GOALS_2HG_TEAM_B;GOALCOUNT_2HG;HTGOALCOUNT;DATE_UNIX;WINNINGTEAM;NO_HOME_AWAY;BTTS_POTENTIAL;BTTS_FHG_POTENTIAL;BTTS_2HG_POTENTIAL;GOALTIMINGDISABLED;CORNER_TIMINGS_RECORDED;CARD_TIMINGS_RECORDED;TEAM_A_FH_CORNERS;TEAM_B_FH_CORNERS;TEAM_A_2H_CORNERS;TEAM_B_2H_CORNERS;CORNER_FH_COUNT;CORNER_2H_COUNT;TEAM_A_FH_CARDS;TEAM_B_FH_CARDS;TEAM_A_2H_CARDS;TEAM_B_2H_CARDS;TOTAL_FH_CARDS;TOTAL_2H_CARDS;ATTACKS_RECORDED;TEAM_A_DANGEROUS_ATTACKS;TEAM_B_DANGEROUS_ATTACKS;TEAM_A_ATTACKS;TEAM_B_ATTACKS;TEAM_A_XG;TEAM_B_XG;TOTAL_XG;TEAM_A_PENALTIES_WON;TEAM_B_PENALTIES_WON;TEAM_A_PENALTY_GOALS;TEAM_B_PENALTY_GOALS;TEAM_A_PENALTY_MISSED;TEAM_B_PENALTY_MISSED;PENS_RECORDED;GOAL_TIMINGS_RECORDED;TEAM_A_0_10_MIN_GOALS;TEAM_B_0_10_MIN_GOALS;TEAM_A_CORNERS_0_10_MIN;TEAM_B_CORNERS_0_10_MIN;TEAM_A_CARDS_0_10_MIN;TEAM_B_CARDS_0_10_MIN;THROWINS_RECORDED;TEAM_A_THROWINS;TEAM_B_THROWINS;FREEKICKS_RECORDED;TEAM_A_FREEKICKS;TEAM_B_FREEKICKS;GOALKICKS_RECORDED;TEAM_A_GOALKICKS;TEAM_B_GOALKICKS;O45_POTENTIAL;O35_POTENTIAL;O25_POTENTIAL;O15_POTENTIAL;O05_POTENTIAL;O15HT_POTENTIAL;O05HT_POTENTIAL;O05_2H_POTENTIAL;O15_2H_POTENTIAL;CORNERS_POTENTIAL;OFFSIDES_POTENTIAL;CARDS_POTENTIAL;AVG_POTENTIAL;HOME_NAME;AWAY_NAME;HOME_PPG;AWAY_PPG;PRE_MATCH_HOME_PPG;PRE_MATCH_AWAY_PPG;PRE_MATCH_TEAMA_OVERALL_PPG;PRE_MATCH_TEAMB_OVERALL_PPG;U45_POTENTIAL;U35_POTENTIAL;U25_POTENTIAL;U15_POTENTIAL;U05_POTENTIAL;CORNERS_O85_POTENTIAL;CORNERS_O95_POTENTIAL;CORNERS_O105_POTENTIAL;TEAM_A_XG_PREMATCH;TEAM_B_XG_PREMATCH;TOTAL_XG_PREMATCH;COMPETITION_ID;MATCHES_COMPLETED_MINIMUM;OVER05;OVER15;OVER25;OVER35;OVER45;OVER55;BTTS
213269;3805;3808;2017;complete;1289;1;-1;;;0;0;0;2;14;16;1;1;2;3;1;0;3;10;2;13;5;23;9;19;-1;-1;4;3;2.53;3.56;2.86;0;0;0;0;0;0;0;0;0;0;0;0;0;0;0;0;0;0;0;0;0;0;0;0;0;0;0;0;0;0;0;0;0;0;0;0;0;0;0;0;0;0;0;0;0;0;0;0;0;0;0;0;0;0;0;0;0;0;0;0;0;0;0;0;0;0;0;0;0;0;0;0;2017-04-30 17:00:00;-1;0;0;0;0;0;-1;1;-1;-1;-1;-1;-1;-1;2;0;1;3;2;4;-1;0;0;0;0;0;0;0;0;0;0;0;0;0;1;1;0;0;-1;-1;0;0;-1;-1;-1;-1;-1;-1;-1;-1;-1;0;0;0;0;0;0;0;0;0;0;0;0;0;ÍBV;Fjölnir;1.36;0.45;0;0;0;0;0;0;0;0;0;0;0;0;0;0;0;737;22;N;N;N;N;N;N;N
213270;3807;54;2017;complete;1289;1;-1;28,33;15,35,66,78;2;4;6;4;4;8;1;1;0;2;0;0;6;7;4;12;10;19;2;13;41;59;0;2;7.63;4.75;1.46;0;0;0;0;0;0;0;0;0;0;0;0;0;0;0;0;0;0;0;0;0;0;0;0;0;0;0;0;0;0;0;0;0;0;0;0;0;0;0;0;0;0;0;0;0;0;0;0;0;0;0;0;0;0;0;0;0;0;0;0;0;0;0;0;0;6;2;2;0;2;2;4;2017-04-30 17:00:00;54;0;0;0;0;0;-1;1;-1;-1;-1;-1;-1;-1;0;1;0;1;1;1;-1;0;0;0;0;0;0;0;0;0;0;0;0;0;1;1;0;0;-1;-1;0;0;-1;-1;-1;-1;-1;-1;-1;-1;-1;0;0;0;0;0;0;0;0;0;0;0;0;0;ÍA;FH;0.91;1.64;0;0;0;0;0;0;0;0;0;0;0;0;0;0;0;737;22;Y;Y;Y;Y;Y;Y;Y
213271;3809;3804;2017;complete;1289;1;-1;65,80;;2;0;2;8;4;12;-1;-1;1;2;0;0;6;4;6;4;12;8;-1;-1;-1;-1;1;2;1.58;4.26;6.33;0;0;0;0;0;0;0;0;0;0;0;0;0;0;0;0;0;0;0;0;0;0;0;0;0;0;0;0;0;0;0;0;0;0;0;0;0;0;0;0;0;0;0;0;0;0;0;0;0;0;0;0;0;0;0;0;0;0;0;0;0;0;0;0;0;2;0;0;2;0;2;0;2017-04-30 19:15:00;3809;0;0;0;0;0;-1;1;-1;-1;-1;-1;-1;-1;0;1;1;1;1;2;-1;0;0;0;0;0;0;0;0;0;0;0;0;0;1;1;0;0;-1;-1;0;0;-1;-1;-1;-1;-1;-1;-1;-1;-1;0;0;0;0;0;0;0;0;0;0;0;0;0;Valur;Víkingur Ólafsvík;2.64;1;0;0;0;0;0;0;0;0;0;0;0;0;0;0;0;737;22;Y;Y;N;N;N;N;N
213272;3803;3811;2017;complete;1289;1;-1;70;17,43,67;1;3;4;11;3;14;0;0;2;1;0;0;7;8;5;7;12;15;11;11;62;38;2;1;1.61;4.24;5.9;0;0;0;0;0;0;0;0;0;0;0;0;0;0;0;0;0;0;0;0;0;0;0;0;0;0;0;0;0;0;0;0;0;0;0;0;0;0;0;0;0;0;0;0;0;0;0;0;0;0;0;0;0;0;0;0;0;0;0;0;0;0;0;0;0;4;0;2;1;1;2;2;2017-05-01 17:00:00;3811;0;0;0;0;0;-1;1;-1;-1;-1;-1;-1;-1;0;0;2;1;0;3;-1;0;0;0;0;0;0;0;0;0;0;0;0;0;1;1;0;0;-1;-1;0;0;-1;-1;-1;-1;-1;-1;-1;-1;-1;0;0;0;0;0;0;0;0;0;0;0;0;0;Breidablik;KA;1.18;1.09;0;0;0;0;0;0;0;0;0;0;0;0;0;0;0;737;22;Y;Y;Y;Y;N;N;Y
213273;973;3810;2017;complete;1289;1;-1;9;61,72;1;2;3;4;4;8;5;5;1;4;0;0;4;9;8;2;12;11;16;15;54;46;1;4;1.58;4.26;6.33;0;0;0;0;0;0;0;0;0;0;0;0;0;0;0;0;0;0;0;0;0;0;0;0;0;0;0;0;0;0;0;0;0;0;0;0;0;0;0;0;0;0;0;0;0;0;0;0;0;0;0;0;0;0;0;0;0;0;0;0;0;0;0;0;0;3;1;0;0;2;2;1;2017-05-01 19:15:00;3810;0;0;0;0;0;-1;1;-1;-1;-1;-1;-1;-1;1;4;0;0;5;0;-1;0;0;0;0;0;0;0;0;0;0;0;0;0;1;1;1;0;-1;-1;0;0;-1;-1;-1;-1;-1;-1;-1;-1;-1;0;0;0;0;0;0;0;0;0;0;0;0;0;KR;Víkingur Reykjavík;1.18;1.64;0;0;0;0;0;0;0;0;0;0;0;0;0;0;0;737;22;Y;Y;Y;N;N;N;Y
213274;3806;971;2017;complete;1289;1;-1;30,45;41,83;2;2;4;1;9;10;1;1;5;0;0;0;5;6;3;7;8;13;19;8;40;60;5;0;4.38;3.89;1.85;0;0;0;0;0;0;0;0;0;0;0;0;0;0;0;0;0;0;0;0;0;0;0;0;0;0;0;0;0;0;0;0;0;0;0;0;0;0;0;0;0;0;0;0;0;0;0;0;0;0;0;0;0;0;0;0;0;0;0;0;0;0;0;0;0;4;2;1;0;1;1;3;2017-05-01 19:15:00;-1;0;0;0;0;0;-1;1;-1;-1;-1;-1;-1;-1;1;0;4;0;1;4;-1;0;0;0;0;0;0;0;1;0;1;0;0;0;1;1;0;0;-1;-1;0;0;-1;-1;-1;-1;-1;-1;-1;-1;-1;0;0;0;0;0;0;0;0;0;0;0;0;0;Grindavík;Stjarnan;1.91;1.36;0;0;0;0;0;0;0;0;0;0;0;0;0;0;0;737;22;Y;Y;Y;Y;N;N;Y
213275;971;3805;2017;complete;1289;2;-1;6,24,45,70,90;;5;0;5;5;2;7;-1;-1;1;3;0;0;10;0;10;5;20;5;-1;-1;-1;-1;1;3;1.69;3.98;5.45;0;0;0;0;0;0;0;0;0;0;0;0;0;0;0;0;0;0;0;0;0;0;0;0;0;0;0;0;0;0;0;0;0;0;0;0;0;0;0;0;0;0;0;0;0;0;0;0;0;0;0;0;0;0;0;0;0;0;0;0;0;0;0;0;0;5;3;0;2;0;2;3;2017-05-07 17:00:00;971;0;0;0;0;0;-1;1;-1;-1;-1;-1;-1;-1;0;2;1;1;2;2;-1;0;0;0;0;0;0;0;1;0;1;0;0;0;1;1;1;0;-1;-1;0;1;-1;-1;-1;-1;-1;-1;-1;-1;-1;0;0;0;0;0;0;0;0;0;0;0;0;0;Stjarnan;ÍBV;2.09;0.91;0;0;1;1;0;0;0;0;0;0;0;0;0;0;0;737;22;Y;Y;Y;Y;Y;N;N
213276;3804;973;2017;complete;1289;2;-1;47;56,90;1;2;3;4;10;14;-1;-1;4;1;0;0;5;11;2;8;7;19;-1;-1;-1;-1;4;1;5.94;3.99;1.65;0;0;0;0;0;0;0;0;0;0;0;0;0;0;0;0;0;0;0;0;0;0;0;0;0;0;0;0;0;0;0;0;0;0;0;0;0;0;0;0;0;0;0;0;0;0;0;0;0;0;0;0;0;0;0;0;0;0;0;0;0;0;0;0;0;3;0;0;1;2;3;0;2017-05-07 19:15:00;973;0;0;0;0;0;-1;1;-1;-1;-1;-1;-1;-1;0;0;4;1;0;5;-1;0;0;0;0;0;0;0;0;0;0;0;0;0;1;1;0;0;-1;-1;0;0;-1;-1;-1;-1;-1;-1;-1;-1;-1;0;0;0;0;0;0;0;0;0;0;0;0;0;Víkingur Ólafsvík;KR;1;1.64;0;0;0;0;0;0;0;0;0;0;0;0;0;0;0;737;22;Y;Y;Y;N;N;N;Y
213277;54;3811;2017;complete;1289;2;-1;36,60;22,90;2;2;4;6;5;11;0;0;2;3;0;0;6;7;2;2;8;9;17;11;53;47;2;3;1.5;4.61;7.12;0;0;0;0;0;0;0;0;0;0;0;0;0;0;0;0;0;0;0;0;0;0;0;0;0;0;0;0;0;0;0;0;0;0;0;0;0;0;0;0;0;0;0;0;0;0;0;0;0;0;0;0;0;0;0;0;0;0;0;0;0;0;0;0;0;4;1;1;1;1;2;2;2017-05-08 18:00:00;-1;0;50;0;50;0;-1;1;-1;-1;-1;-1;-1;-1;1;0;1;3;1;4;-1;0;0;0;0;0;0;0;0;0;0;0;0;0;1;1;0;0;-1;-1;0;0;-1;-1;-1;-1;-1;-1;-1;-1;-1;0;50;50;50;50;50;50;50;50;3;0;1;2;FH;KA;1.55;1.09;0;3;3;3;50;0;0;0;0;50;50;50;0;0;0;737;22;Y;Y;Y;Y;N;N;Y
213278;3807;3809;2017;complete;1289;2;-1;39,76;21,34,58,90;2;4;6;7;7;14;-1;-1;4;2;0;0;4;9;5;18;9;27;-1;-1;-1;-1;4;2;5.15;4.03;1.71;0;0;0;0;0;0;0;0;0;0;0;0;0;0;0;0;0;0;0;0;0;0;0;0;0;0;0;0;0;0;0;0;0;0;0;0;0;0;0;0;0;0;0;0;0;0;0;0;0;0;0;0;0;0;0;0;0;0;0;0;0;0;0;0;0;6;1;2;1;2;3;3;2017-05-08 19:15:00;3809;0;50;50;0;0;-1;1;-1;-1;-1;-1;-1;-1;2;0;2;2;2;4;-1;0;0;0;0;0;0;0;0;1;0;1;0;0;1;1;0;0;-1;-1;0;0;-1;-1;-1;-1;-1;-1;-1;-1;-1;50;50;50;50;50;50;50;50;50;4;1;0;3;ÍA;Valur;0.91;1.91;0;0;0;3;0;0;0;0;0;0;0;0;0;0;0;737;22;Y;Y;Y;Y;Y;Y;Y
213279;3810;3806;2017;complete;1289;2;-1;25;67,90;1;2;3;7;0;7;2;1;4;3;0;0;10;5;7;3;17;8;24;15;49;51;4;3;1.85;3.78;4.55;0;0;0;0;0;0;0;0;0;0;0;0;0;0;0;0;0;0;0;0;0;0;0;0;0;0;0;0;0;0;0;0;0;0;0;0;0;0;0;0;0;0;0;0;0;0;0;0;0;0;0;0;0;0;0;0;0;0;0;0;0;0;0;0;0;3;1;0;0;2;2;1;2017-05-08 19:15:00;3806;0;0;0;0;0;-1;1;-1;-1;-1;-1;-1;-1;2;1;2;2;3;4;-1;0;0;0;0;0;0;0;0;0;0;0;0;0;1;1;0;0;-1;-1;0;0;-1;-1;-1;-1;-1;-1;-1;-1;-1;0;0;0;0;0;0;0;0;0;0;0;0;0;Víkingur Reykjavík;Grindavík;0.82;0.91;0;0;3;1;0;0;0;0;0;0;0;0;0;0;0;737;22;Y;Y;Y;N;N;N;Y
213280;3808;3803;2017;complete;1289;2;-1;61;;1;0;1;7;8;15;0;3;3;2;0;0;4;5;9;6;13;11;16;10;45;55;3;2;2.32;3.5;3.26;0;0;0;0;0;0;0;0;0;0;0;0;0;0;0;0;0;0;0;0;0;0;0;0;0;0;0;0;0;0;0;0;0;0;0;0;0;0;0;0;0;0;0;0;0;0;0;0;0;0;0;0;0;0;0;0;0;0;0;0;0;0;0;0;0;1;0;0;1;0;1;0;2017-05-08 19:15:00;3808;0;0;0;0;0;-1;1;-1;-1;-1;-1;-1;-1;1;0;2;2;1;4;-1;0;0;0;0;0;0;0;0;0;0;0;0;0;1;1;0;0;-1;-1;0;0;-1;-1;-1;-1;-1;-1;-1;-1;-1;0;0;0;0;0;0;0;0;0;0;0;0;0;Fjölnir;Breidablik;1.82;1.55;0;0;1;0;0;0;0;0;0;0;0;0;0;0;0;737;22;Y;N;N;N;N;N;N
213281;3805;3810;2017;complete;1289;3;-1;15;;1;0;1;4;4;8;0;2;1;1;0;0;4;2;3;8;7;10;13;13;40;60;1;1;2.7;3.52;2.7;0;0;0;0;0;0;0;0;0;0;0;0;0;0;0;0;0;0;0;0;0;0;0;0;0;0;0;0;0;0;0;0;0;0;0;0;0;0;0;0;0;0;0;0;0;0;0;0;0;0;0;0;0;0;0;0;0;0;0;0;0;0;0;0;0;1;1;0;0;0;0;1;2017-05-14 17:00:00;3805;0;50;0;0;0;-1;1;-1;-1;-1;-1;-1;-1;0;1;1;0;1;1;-1;0;0;0;0;0;0;0;0;0;0;0;0;0;1;1;0;0;-1;-1;0;0;-1;-1;-1;-1;-1;-1;-1;-1;-1;0;0;50;50;50;0;50;50;50;6;6;8;1.5;ÍBV;Víkingur Reykjavík;1.36;1.64;1;3;0.5;1.5;100;100;50;50;50;50;50;50;0;0;0;737;22;Y;N;N;N;N;N;N
213282;973;3807;2017;complete;1289;3;-1;8,56;85;2;1;3;6;2;8;2;4;3;4;0;0;7;2;11;2;18;4;11;15;60;40;3;4;1.34;5.69;9.94;0;0;0;0;0;0;0;0;0;0;0;0;0;0;0;0;0;0;0;0;0;0;0;0;0;0;0;0;0;0;0;0;0;0;0;0;0;0;0;0;0;0;0;0;0;0;0;0;0;0;0;0;0;0;0;0;0;0;0;0;0;0;0;0;0;3;1;0;1;1;2;1;2017-05-14 17:00:00;973;0;50;0;0;0;-1;1;-1;-1;-1;-1;-1;-1;0;0;3;4;0;7;-1;0;0;0;0;0;0;0;0;1;0;1;0;0;1;1;1;0;-1;-1;0;0;-1;-1;-1;-1;-1;-1;-1;-1;-1;0;0;50;50;50;0;50;50;50;4;5;1;1.5;KR;ÍA;1.18;0.64;0;0;1.5;0;50;50;0;0;0;0;0;0;0;0;0;737;22;Y;Y;Y;N;N;N;Y
213283;3811;3808;2017;complete;1289;3;-1;19,58;;2;0;2;6;8;14;0;2;4;1;1;0;7;7;7;10;14;17;17;14;49;51;5;1;2.52;3.52;2.91;0;0;0;0;0;0;0;0;0;0;0;0;0;0;0;0;0;0;0;0;0;0;0;0;0;0;0;0;0;0;0;0;0;0;0;0;0;0;0;0;0;0;0;0;0;0;0;0;0;0;0;0;0;0;0;0;0;0;0;0;0;0;0;0;0;2;1;0;1;0;1;1;2017-05-14 18:00:00;3811;0;0;0;0;0;-1;1;-1;-1;-1;-1;-1;-1;2;1;3;0;3;3;-1;0;0;0;0;0;0;0;0;0;0;0;0;0;1;1;0;0;-1;-1;0;0;-1;-1;-1;-1;-1;-1;-1;-1;-1;0;0;0;0;0;0;0;0;0;14;1;3;0;KA;Fjölnir;1.55;0.45;0;1;2;2;50;50;50;50;50;50;50;50;0;0;0;737;22;Y;Y;N;N;N;N;N
213284;3806;3804;2017;complete;1289;3;-1;90;47,52,81;1;3;4;1;6;7;4;0;3;4;0;1;4;7;3;1;7;8;11;23;60;40;3;5;1.83;3.87;4.55;0;0;0;0;0;0;0;0;0;0;0;0;0;0;0;0;0;0;0;0;0;0;0;0;0;0;0;0;0;0;0;0;0;0;0;0;0;0;0;0;0;0;0;0;0;0;0;0;0;0;0;0;0;0;0;0;0;0;0;0;0;0;0;0;0;4;0;0;1;3;4;0;2017-05-14 18:00:00;3804;0;50;50;0;0;-1;1;-1;-1;-1;-1;-1;-1;1;0;2;5;1;7;-1;0;0;0;0;0;0;0;0;0;0;0;0;0;1;1;0;0;-1;-1;0;0;-1;-1;-1;-1;-1;-1;-1;-1;-1;0;50;50;100;100;50;50;100;50;5;0;7;3;Grindavík;Víkingur Ólafsvík;1.91;1;1;0;2;0;100;50;50;0;0;100;100;50;0;0;0;737;22;Y;Y;Y;Y;N;N;Y
213285;3803;971;2017;complete;1289;3;-1;72;57,62,90;1;3;4;6;10;16;3;0;2;1;0;0;2;8;5;10;7;18;11;12;51;49;2;1;3.04;3.5;2.44;0;0;0;0;0;0;0;0;0;0;0;0;0;0;0;0;0;0;0;0;0;0;0;0;0;0;0;0;0;0;0;0;0;0;0;0;0;0;0;0;0;0;0;0;0;0;0;0;0;0;0;0;0;0;0;0;0;0;0;0;0;0;0;0;0;4;0;0;1;3;4;0;2017-05-14 20:00:00;971;0;100;50;50;0;-1;1;-1;-1;-1;-1;-1;-1;0;0;2;1;0;3;-1;0;0;0;0;0;0;0;0;0;0;0;0;0;1;1;0;0;-1;-1;0;0;-1;-1;-1;-1;-1;-1;-1;-1;-1;0;100;100;100;100;100;100;100;50;20;1;2;4;Breidablik;Stjarnan;1.18;1.36;0;1;0;2;100;0;0;0;0;100;100;50;0;0;0;737;22;Y;Y;Y;Y;N;N;Y
213286;3809;54;2017;complete;1289;3;-1;33;83;1;1;2;3;4;7;1;0;1;2;0;0;8;5;6;5;14;10;12;11;47;53;1;2;2.88;3.58;2.51;0;0;0;0;0;0;0;0;0;0;0;0;0;0;0;0;0;0;0;0;0;0;0;0;0;0;0;0;0;0;0;0;0;0;0;0;0;0;0;0;0;0;0;0;0;0;0;0;0;0;0;0;0;0;0;0;0;0;0;0;0;0;0;0;0;2;1;0;0;1;1;1;2017-05-15 20:00:00;-1;0;50;50;0;0;-1;1;-1;-1;-1;-1;-1;-1;1;1;0;1;2;1;-1;0;0;0;0;0;0;0;1;1;1;1;0;0;1;1;0;0;-1;-1;0;0;-1;-1;-1;-1;-1;-1;-1;-1;-1;50;50;50;100;100;50;50;100;100;12;0;3;4;Valur;FH;2.64;1.64;3;3;3;2;50;50;50;0;0;50;50;50;0;0;0;737;22;Y;Y;N;N;N;N;Y
213287;3804;3805;2017;complete;1289;4;-1;;21,78,90;0;3;3;4;4;8;-1;-1;2;1;1;0;3;3;0;0;3;3;-1;-1;-1;-1;3;1;2.65;3.5;2.76;0;0;0;0;0;0;0;0;0;0;0;0;0;0;0;0;0;0;0;0;0;0;0;0;0;0;0;0;0;0;0;0;0;0;0;0;0;0;0;0;0;0;0;0;0;0;0;0;0;0;0;0;0;0;0;0;0;0;0;0;0;0;0;0;0;3;0;1;0;2;2;1;2017-05-21 14:00:00;3805;0;50;0;50;0;-1;1;-1;-1;-1;-1;-1;-1;1;0;2;1;1;3;-1;0;0;0;0;0;0;0;0;0;0;0;0;0;1;1;0;0;-1;-1;0;0;-1;-1;-1;-1;-1;-1;-1;-1;-1;50;50;100;100;100;50;50;100;100;6;0;7;4;Víkingur Ólafsvík;ÍBV;1;0.91;0;0;1;1.33;50;50;0;0;0;50;50;50;0;0;0;737;22;Y;Y;Y;N;N;N;N
213288;3810;3803;2017;complete;1289;4;-1;51,90;16,69,73;2;3;5;7;5;12;1;4;3;3;0;0;12;6;10;6;22;12;10;13;53;47;3;3;2.73;3.5;2.68;0;0;0;0;0;0;0;0;0;0;0;0;0;0;0;0;0;0;0;0;0;0;0;0;0;0;0;0;0;0;0;0;0;0;0;0;0;0;0;0;0;0;0;0;0;0;0;0;0;0;0;0;0;0;0;0;0;0;0;0;0;0;0;0;0;5;0;1;2;2;4;1;2017-05-21 19:15:00;3803;0;50;0;0;0;-1;1;-1;-1;-1;-1;-1;-1;0;0;3;3;0;6;-1;0;0;0;0;0;0;0;0;0;0;0;0;0;1;1;0;0;-1;-1;0;0;-1;-1;-1;-1;-1;-1;-1;-1;-1;0;0;50;50;100;0;50;100;50;15;5;6;2;Víkingur Reykjavík;Breidablik;0.82;1.55;0;0;1;0;100;100;50;50;0;50;50;50;0;0;0;737;22;Y;Y;Y;Y;Y;N;Y
213289;971;3811;2017;complete;1289;4;-1;22,90;42;2;1;3;8;4;12;0;0;1;3;0;0;7;3;6;6;13;9;13;10;58;42;1;3;1.71;4.09;5.12;0;0;0;0;0;0;0;0;0;0;0;0;0;0;0;0;0;0;0;0;0;0;0;0;0;0;0;0;0;0;0;0;0;0;0;0;0;0;0;0;0;0;0;0;0;0;0;0;0;0;0;0;0;0;0;0;0;0;0;0;0;0;0;0;0;3;1;1;1;0;1;2;2017-05-21 20:00:00;971;0;50;25;50;0;-1;1;-1;-1;-1;-1;-1;-1;0;1;1;2;1;3;-1;0;0;0;0;0;0;0;0;0;0;0;0;0;1;1;0;0;-1;-1;0;0;-1;-1;-1;-1;-1;-1;-1;-1;-1;50;100;100;100;100;100;100;100;100;9;0;3;4.5;Stjarnan;KA;2.09;1.09;3;2;2.33;2.33;50;0;0;0;0;50;50;50;0;0;0;737;22;Y;Y;Y;N;N;N;Y
213290;3807;3806;2017;complete;1289;4;-1;28,90;14,47,88;2;3;5;6;6;12;0;2;1;1;0;0;5;5;10;7;15;12;11;12;59;41;1;1;2.36;3.72;3.01;0;0;0;0;0;0;0;0;0;0;0;0;0;0;0;0;0;0;0;0;0;0;0;0;0;0;0;0;0;0;0;0;0;0;0;0;0;0;0;0;0;0;0;0;0;0;0;0;0;0;0;0;0;0;0;0;0;0;0;0;0;0;0;0;0;5;1;1;1;2;3;2;2017-05-22 19:15:00;3806;0;100;50;25;0;-1;1;-1;-1;-1;-1;-1;-1;0;0;1;1;0;2;-1;0;0;0;0;0;0;0;0;0;0;0;0;0;1;1;0;0;-1;-1;0;0;-1;-1;-1;-1;-1;-1;-1;-1;-1;50;50;100;100;100;50;100;100;100;5.5;1;5;4.5;ÍA;Grindavík;0.91;0.91;0;3;0;1.33;50;50;0;0;0;25;25;25;0;0;0;737;22;Y;Y;Y;Y;Y;N;Y
213291;54;3808;2017;complete;1289;4;-1;65;44,81;1;2;3;12;2;14;1;1;2;2;0;0;13;7;7;2;20;9;13;10;56;44;2;2;1.45;4.78;8.03;0;0;0;0;0;0;0;0;0;0;0;0;0;0;0;0;0;0;0;0;0;0;0;0;0;0;0;0;0;0;0;0;0;0;0;0;0;0;0;0;0;0;0;0;0;0;0;0;0;0;0;0;0;0;0;0;0;0;0;0;0;0;0;0;0;3;0;1;1;1;2;1;2017-05-22 19:15:00;3808;0;50;50;50;0;-1;1;-1;-1;-1;-1;-1;-1;1;2;1;0;3;1;-1;0;0;0;0;0;0;0;0;0;0;0;0;0;1;1;0;0;-1;-1;0;0;-1;-1;-1;-1;-1;-1;-1;-1;-1;0;50;50;75;75;50;75;75;50;17;1.5;4;2.5;FH;Fjölnir;1.55;0.45;1;0.5;1.67;1.33;100;50;50;25;25;100;100;100;0;0;0;737;22;Y;Y;Y;N;N;N;Y
213292;3809;973;2017;complete;1289;4;-1;14,45;82;2;1;3;4;5;9;5;1;5;2;0;0;4;9;6;12;10;21;14;11;38;62;5;2;2.51;3.55;2.9;0;0;0;0;0;0;0;0;0;0;0;0;0;0;0;0;0;0;0;0;0;0;0;0;0;0;0;0;0;0;0;0;0;0;0;0;0;0;0;0;0;0;0;0;0;0;0;0;0;0;0;0;0;0;0;0;0;0;0;0;0;0;0;0;0;3;2;0;0;1;1;2;2017-05-22 20:00:00;3809;0;75;0;50;0;-1;1;-1;-1;-1;-1;-1;-1;1;1;4;1;2;5;-1;0;0;0;0;0;0;0;0;1;0;1;0;0;1;1;0;0;-1;-1;0;0;-1;-1;-1;-1;-1;-1;-1;-1;-1;0;0;50;100;100;0;25;100;75;15.5;0;2;2.5;Valur;KR;2.64;1.64;2;3;2.33;2;100;100;50;0;0;75;75;75;0;0;0;737;22;Y;Y;Y;N;N;N;Y
213293;3811;3810;2017;complete;1289;5;-1;46,61;77,90;2;2;4;7;4;11;1;3;1;3;1;0;5;9;5;6;10;15;12;14;53;47;3;3;2.22;3.47;3.31;0;0;0;0;0;0;0;0;0;0;0;0;0;0;0;0;0;0;0;0;0;0;0;0;0;0;0;0;0;0;0;0;0;0;0;0;0;0;0;0;0;0;0;0;0;0;0;0;0;0;0;0;0;0;0;0;0;0;0;0;0;0;0;0;0;4;0;0;2;2;4;0;2017-05-27 14:00:00;-1;0;25;0;0;0;-1;1;-1;-1;-1;-1;-1;-1;1;2;1;1;3;2;-1;0;0;0;0;0;0;0;0;1;0;1;0;0;1;1;0;0;-1;-1;0;0;-1;-1;-1;-1;-1;-1;-1;-1;-1;0;0;25;75;100;0;100;75;25;10;3.5;7.5;2;KA;Víkingur Reykjavík;1.55;1.64;3;1.5;1.75;0.75;100;100;75;25;0;50;50;50;0;0;0;737;22;Y;Y;Y;Y;N;N;Y
213294;3805;3807;2017;complete;1289;5;-1;50;41,48,85,90;1;4;5;6;0;6;1;2;3;0;1;0;8;5;8;1;16;6;19;11;56;44;4;0;1.71;4.2;4.94;0;0;0;0;0;0;0;0;0;0;0;0;0;0;0;0;0;0;0;0;0;0;0;0;0;0;0;0;0;0;0;0;0;0;0;0;0;0;0;0;0;0;0;0;0;0;0;0;0;0;0;0;0;0;0;0;0;0;0;0;0;0;0;0;0;5;0;1;1;3;4;1;2017-05-27 16:00:00;3807;0;50;0;50;0;-1;1;-1;-1;-1;-1;-1;-1;0;0;4;0;0;4;-1;0;0;0;0;0;0;0;0;0;0;0;0;0;1;1;0;0;-1;-1;0;0;-1;-1;-1;-1;-1;-1;-1;-1;-1;0;0;50;50;75;0;75;50;50;5;4.5;6.5;1.75;ÍBV;ÍA;1.36;0.64;2;0;1.75;0;100;100;50;50;25;25;25;25;0;0;0;737;22;Y;Y;Y;Y;Y;N;Y
213295;3803;3804;2017;complete;1289;5;-1;13,18;34;2;1;3;3;5;8;-1;-1;2;2;0;0;6;5;3;7;9;12;-1;-1;-1;-1;2;2;1.57;4.4;6.16;0;0;0;0;0;0;0;0;0;0;0;0;0;0;0;0;0;0;0;0;0;0;0;0;0;0;0;0;0;0;0;0;0;0;0;0;0;0;0;0;0;0;0;0;0;0;0;0;0;0;0;0;0;0;0;0;0;0;0;0;0;0;0;0;0;3;2;1;0;0;0;3;2017-05-28 18:00:00;3803;0;75;0;75;0;-1;1;-1;-1;-1;-1;-1;-1;1;0;1;2;1;3;-1;0;0;0;0;0;0;0;0;0;0;0;0;0;1;1;0;0;-1;-1;0;0;-1;-1;-1;-1;-1;-1;-1;-1;-1;0;75;75;100;100;25;25;100;100;13.5;1;5.5;3.5;Breidablik;Víkingur Ólafsvík;1.18;1;0;1.5;0.75;0.75;100;25;25;0;0;75;75;75;0;0;0;737;22;Y;Y;Y;N;N;N;Y
213296;3808;971;2017;complete;1289;5;-1;76;4,57,62;1;3;4;7;6;13;0;2;3;0;0;0;3;5;11;6;14;11;11;7;50;50;3;0;2.77;3.54;2.62;0;0;0;0;0;0;0;0;0;0;0;0;0;0;0;0;0;0;0;0;0;0;0;0;0;0;0;0;0;0;0;0;0;0;0;0;0;0;0;0;0;0;0;0;0;0;0;0;0;0;0;0;0;0;0;0;0;0;0;0;0;0;0;0;0;4;0;1;1;2;3;1;2017-05-28 19:15:00;971;0;50;25;25;0;-1;1;-1;-1;-1;-1;-1;-1;0;0;3;0;0;3;-1;0;0;0;0;0;0;0;0;0;0;0;0;0;1;1;0;1;-1;-1;0;0;-1;-1;-1;-1;-1;-1;-1;-1;-1;0;50;50;50;100;25;25;100;25;16.5;0.5;3.5;2.5;Fjölnir;Stjarnan;1.82;1.36;3;2;1.75;2.5;100;50;50;50;0;100;100;75;0;0;0;737;22;Y;Y;Y;Y;N;N;Y
213297;3806;3809;2017;complete;1289;5;-1;50;;1;0;1;3;6;9;3;2;2;1;1;0;8;6;11;20;19;26;11;12;35;65;3;1;4.26;3.98;1.85;0;0;0;0;0;0;0;0;0;0;0;0;0;0;0;0;0;0;0;0;0;0;0;0;0;0;0;0;0;0;0;0;0;0;0;0;0;0;0;0;0;0;0;0;0;0;0;0;0;0;0;0;0;0;0;0;0;0;0;0;0;0;0;0;0;1;0;0;1;0;1;0;2017-05-28 19:15:00;3806;0;100;75;75;0;-1;1;-1;-1;-1;-1;-1;-1;1;1;2;0;2;2;-1;0;0;0;0;0;0;0;0;0;0;0;0;0;1;1;0;0;-1;-1;0;0;-1;-1;-1;-1;-1;-1;-1;-1;-1;50;100;100;100;100;75;75;100;75;8;1.5;6;5;Grindavík;Valur;1.91;1.91;0.5;3;1.75;2.5;50;0;0;0;0;75;75;50;0;0;0;737;22;Y;N;N;N;N;N;N
213298;973;54;2017;complete;1289;5;-1;48,80;42,67;2;2;4;7;3;10;-1;-1;1;1;0;0;10;3;2;2;12;5;-1;-1;-1;-1;1;1;2.53;3.41;2.97;0;0;0;0;0;0;0;0;0;0;0;0;0;0;0;0;0;0;0;0;0;0;0;0;0;0;0;0;0;0;0;0;0;0;0;0;0;0;0;0;0;0;0;0;0;0;0;0;0;0;0;0;0;0;0;0;0;0;0;0;0;0;0;0;0;4;0;1;2;1;3;1;2017-05-28 20:00:00;-1;0;100;25;25;0;-1;1;-1;-1;-1;-1;-1;-1;0;0;1;1;0;2;-1;0;0;0;0;0;0;0;0;0;0;0;0;0;1;1;0;0;-1;-1;0;0;-1;-1;-1;-1;-1;-1;-1;-1;-1;25;25;75;100;100;25;100;100;75;9;4;4;3.5;KR;FH;1.18;1.64;1.5;2;1.5;1.25;75;75;25;0;0;0;0;0;0;0;0;737;22;Y;Y;Y;Y;N;N;Y
213299;3809;3805;2017;complete;1289;6;-1;4,73;44;2;1;3;7;9;16;-1;-1;1;0;0;0;5;5;10;5;15;10;-1;-1;-1;-1;1;0;1.61;4.34;5.71;0;0;0;0;0;0;0;0;0;0;0;0;0;0;0;0;0;0;0;0;0;0;0;0;0;0;0;0;0;0;0;0;0;0;0;0;0;0;0;0;0;0;0;0;0;0;0;0;0;0;0;0;0;0;0;0;0;0;0;0;0;0;0;0;0;3;1;1;1;0;1;2;2017-06-04 17:00:00;3809;0;34;0;0;0;-1;1;-1;-1;-1;-1;-1;-1;0;0;1;0;0;1;-1;0;0;0;0;0;0;0;0;0;0;0;0;0;1;1;1;0;-1;-1;0;0;-1;-1;-1;-1;-1;-1;-1;-1;-1;25;25;67;100;100;42;84;100;67;8;0.67;4.33;3.17;Valur;ÍBV;2.64;0.91;2.33;1.5;2;1.4;75;75;34;0;0;34;17;17;0;0;0;737;22;Y;Y;Y;N;N;N;Y
213300;54;971;2017;complete;1289;6;-1;23,63,81;;3;0;3;9;9;18;-1;-1;3;3;0;0;8;5;11;12;19;17;-1;-1;-1;-1;3;3;2.02;3.75;3.8;0;0;0;0;0;0;0;0;0;0;0;0;0;0;0;0;0;0;0;0;0;0;0;0;0;0;0;0;0;0;0;0;0;0;0;0;0;0;0;0;0;0;0;0;0;0;0;0;0;0;0;0;0;0;0;0;0;0;0;0;0;0;0;0;0;3;1;0;2;0;2;1;2017-06-04 20:00:00;54;0;100;42;84;0;-1;1;-1;-1;-1;-1;-1;-1;1;1;2;2;2;4;-1;0;0;0;0;0;0;0;0;0;0;0;0;0;1;1;0;0;-1;-1;0;0;-1;-1;-1;-1;-1;-1;-1;-1;-1;0;75;100;100;100;42;84;100;84;17.33;1.5;2.33;3.75;FH;Stjarnan;1.55;1.36;0.5;2.33;1.2;2.6;100;25;0;0;0;100;100;84;0;0;0;737;22;Y;Y;Y;N;N;N;N
213301;3804;3811;2017;complete;1289;6;-1;86;3,22,48,89;1;4;5;4;0;4;-1;-1;-1;-1;-1;-1;4;5;4;7;8;12;-1;-1;-1;-1;-1;-1;3.95;3.74;1.98;0;0;0;0;0;0;0;0;0;0;0;0;0;0;0;0;0;0;0;0;0;0;0;0;0;0;0;0;0;0;0;0;0;0;0;0;0;0;0;0;0;0;0;0;0;0;0;0;0;0;0;0;0;0;0;0;0;0;0;0;0;0;0;0;0;5;0;2;1;2;3;2;2017-06-05 17:00:00;3811;0;75;34;59;0;-1;-1;-1;-1;-1;-1;-1;-1;-1;-1;-1;-1;-1;-1;-1;0;0;0;0;0;0;0;0;1;0;1;0;0;1;1;0;1;-1;-1;-1;-1;-1;-1;-1;-1;-1;-1;-1;-1;-1;0;34;100;100;100;50;75;100;84;8;0;5.83;3.34;Víkingur Ólafsvík;KA;1;1.09;0;1.33;0.6;1.6;100;67;0;0;0;75;75;75;0;0;0;737;22;Y;Y;Y;Y;Y;N;Y
213302;973;3806;2017;complete;1289;6;-1;;88;0;1;1;6;2;8;4;2;2;2;0;0;7;3;6;3;13;6;16;14;60;40;2;2;1.44;4.85;8.14;0;0;0;0;0;0;0;0;0;0;0;0;0;0;0;0;0;0;0;0;0;0;0;0;0;0;0;0;0;0;0;0;0;0;0;0;0;0;0;0;0;0;0;0;0;0;0;0;0;0;0;0;0;0;0;0;0;0;0;0;0;0;0;0;0;1;0;0;0;1;1;0;2017-06-05 19:15:00;3806;0;100;25;59;0;-1;1;-1;-1;-1;-1;-1;-1;1;1;1;1;2;2;-1;0;0;0;0;0;0;0;0;1;0;1;0;0;1;1;0;0;-1;-1;0;0;-1;-1;-1;-1;-1;-1;-1;-1;-1;25;42;100;100;100;25;100;100;100;8.67;3.5;3.67;3.67;KR;Grindavík;1.18;0.91;1.33;3;1.4;2;75;59;0;0;0;42;42;25;0;0;0;737;22;Y;N;N;N;N;N;N
213303;3807;3803;2017;complete;1289;6;-1;59,90;6,9,57;2;3;5;5;13;18;0;1;1;2;0;0;5;7;11;8;16;15;12;12;48;52;1;2;3.59;3.79;2.07;0;0;0;0;0;0;0;0;0;0;0;0;0;0;0;0;0;0;0;0;0;0;0;0;0;0;0;0;0;0;0;0;0;0;0;0;0;0;0;0;0;0;0;0;0;0;0;0;0;0;0;0;0;0;0;0;0;0;0;0;0;0;0;0;0;5;0;2;2;1;3;2;2017-06-05 19:15:00;3803;0;75;50;59;0;-1;1;-1;-1;-1;-1;-1;-1;0;0;1;2;0;3;-1;0;0;0;0;0;0;0;0;0;0;0;0;0;1;1;0;2;-1;-1;0;0;-1;-1;-1;-1;-1;-1;-1;-1;-1;75;75;75;75;100;50;75;100;75;12.17;3.5;4.17;4.34;ÍA;Breidablik;0.91;1.55;0;1.5;0.6;1.2;25;25;25;25;0;84;84;84;0;0;0;737;22;Y;Y;Y;Y;Y;N;Y
213304;3810;3808;2017;complete;1289;6;-1;59,70;20;2;1;3;10;1;11;-1;-1;2;3;0;0;3;2;0;0;3;2;-1;-1;-1;-1;2;3;2.49;3.57;2.91;0;0;0;0;0;0;0;0;0;0;0;0;0;0;0;0;0;0;0;0;0;0;0;0;0;0;0;0;0;0;0;0;0;0;0;0;0;0;0;0;0;0;0;0;0;0;0;0;0;0;0;0;0;0;0;0;0;0;0;0;0;0;0;0;0;3;0;1;2;0;2;1;2017-06-05 20:00:00;3810;0;67;0;42;0;-1;1;-1;-1;-1;-1;-1;-1;1;1;1;2;2;3;-1;0;0;0;0;0;0;0;1;0;1;0;0;0;1;1;0;0;-1;-1;0;0;-1;-1;-1;-1;-1;-1;-1;-1;-1;25;25;67;84;84;0;84;84;67;15;2.83;5.5;2.84;Víkingur Reykjavík;Fjölnir;0.82;0.45;0;1.33;0.8;1.4;75;75;34;17;17;75;75;75;0;0;0;737;22;Y;Y;Y;N;N;N;Y
213305;3811;3807;2017;complete;1289;7;-1;;;0;0;0;14;2;16;-1;-1;0;1;0;0;3;5;15;6;18;11;-1;-1;-1;-1;0;1;1.69;4.22;5.1;0;0;0;0;0;0;0;0;0;0;0;0;0;0;0;0;0;0;0;0;0;0;0;0;0;0;0;0;0;0;0;0;0;0;0;0;0;0;0;0;0;0;0;0;0;0;0;0;0;0;0;0;0;0;0;0;0;0;0;0;0;0;0;0;0;0;0;0;0;0;0;0;2017-06-14 19:15:00;-1;0;75;0;75;0;-1;1;-1;-1;-1;-1;-1;-1;0;1;0;0;1;0;-1;0;0;0;0;0;0;0;0;0;0;0;0;0;1;1;0;0;-1;-1;0;0;-1;-1;-1;-1;-1;-1;-1;-1;-1;25;50;75;100;100;0;75;100;75;7.5;3.5;6;3.5;KA;ÍA;1.55;0.64;2;1.5;1.83;0.5;75;50;25;0;0;50;50;50;0;0;0;737;22;N;N;N;N;N;N;N
213306;3803;3809;2017;complete;1289;7;-1;5;52,90;1;2;3;5;7;12;1;2;3;2;0;0;4;10;6;7;10;17;16;13;39;61;3;2;2.95;3.6;2.45;0;0;0;0;0;0;0;0;0;0;0;0;0;0;0;0;0;0;0;0;0;0;0;0;0;0;0;0;0;0;0;0;0;0;0;0;0;0;0;0;0;0;0;0;0;0;0;0;0;0;0;0;0;0;0;0;0;0;0;0;0;0;0;0;0;3;1;0;0;2;2;1;2017-06-14 19:15:00;3809;0;75;42;59;0;-1;1;-1;-1;-1;-1;-1;-1;0;0;3;2;0;5;-1;0;0;0;0;0;0;0;0;0;0;0;0;0;1;1;1;0;-1;-1;0;0;-1;-1;-1;-1;-1;-1;-1;-1;-1;25;59;75;75;100;59;59;84;59;13.17;1.17;3.5;3.59;Breidablik;Valur;1.18;1.91;1;1.5;1.5;2.17;75;42;25;25;0;84;59;59;0;0;0;737;22;Y;Y;Y;N;N;N;Y
213307;3806;54;2017;complete;1289;7;-1;75;77;1;1;2;1;6;7;0;0;2;1;0;0;6;6;4;11;10;17;4;12;40;60;2;1;5.36;4.16;1.67;0;0;0;0;0;0;0;0;0;0;0;0;0;0;0;0;0;0;0;0;0;0;0;0;0;0;0;0;0;0;0;0;0;0;0;0;0;0;0;0;0;0;0;0;0;0;0;0;0;0;0;0;0;0;0;0;0;0;0;0;0;0;0;0;0;2;0;0;1;1;2;0;2017-06-14 20:00:00;-1;0;84;33;33;0;-1;1;-1;-1;-1;-1;-1;-1;0;0;2;1;0;3;-1;0;0;0;0;0;0;0;0;0;0;0;0;0;1;1;0;0;-1;-1;0;0;-1;-1;-1;-1;-1;-1;-1;-1;-1;17;67;67;84;100;33;67;100;50;5.34;2.67;5.34;3.5;Grindavík;FH;1.91;1.64;1.33;1.67;2.17;1.5;84;33;33;17;0;50;33;0;0;0;0;737;22;Y;Y;N;N;N;N;Y
213308;3805;973;2017;complete;1289;7;-1;8,40,47;42;3;1;4;0;5;5;4;1;1;4;0;0;4;4;6;13;10;17;16;8;46;54;1;4;3.71;3.66;2.05;0;0;0;0;0;0;0;0;0;0;0;0;0;0;0;0;0;0;0;0;0;0;0;0;0;0;0;0;0;0;0;0;0;0;0;0;0;0;0;0;0;0;0;0;0;0;0;0;0;0;0;0;0;0;0;0;0;0;0;0;0;0;0;0;0;4;2;1;1;0;1;3;2017-06-15 18:00:00;3805;0;67;0;42;0;-1;1;-1;-1;-1;-1;-1;-1;0;1;1;3;1;4;-1;0;0;0;0;0;0;0;0;0;0;0;0;0;1;1;1;0;-1;-1;0;0;-1;-1;-1;-1;-1;-1;-1;-1;-1;17;17;67;67;84;25;59;67;42;11.5;0.67;4.5;2.5;ÍBV;KR;1.36;1.64;1.33;1.5;1.17;1.17;84;84;34;34;17;67;42;42;0;0;0;737;22;Y;Y;Y;Y;N;N;Y
213309;3808;3804;2017;complete;1289;7;-1;15;12;1;1;2;1;5;6;1;2;2;4;0;0;6;6;7;7;13;13;8;14;62;38;2;4;1.54;4.48;6.55;0;0;0;0;0;0;0;0;0;0;0;0;0;0;0;0;0;0;0;0;0;0;0;0;0;0;0;0;0;0;0;0;0;0;0;0;0;0;0;0;0;0;0;0;0;0;0;0;0;0;0;0;0;0;0;0;0;0;0;0;0;0;0;0;0;2;1;1;0;0;0;2;2017-06-15 19:15:00;-1;0;59;17;42;0;-1;1;-1;-1;-1;-1;-1;-1;1;1;1;3;2;4;-1;0;0;0;0;0;0;0;0;0;0;0;0;0;1;1;0;0;-1;-1;0;0;-1;-1;-1;-1;-1;-1;-1;-1;-1;0;42;59;75;100;17;42;84;59;12;0;6;2.75;Fjölnir;Víkingur Ólafsvík;1.82;1;1.5;1;1.17;0.5;100;59;42;25;0;67;67;67;0;0;0;737;22;Y;Y;N;N;N;N;Y
213310;971;3810;2017;complete;1289;7;-1;16;15,73;1;2;3;2;6;8;2;2;1;4;0;0;5;6;3;7;8;13;16;18;50;50;1;4;1.61;4.32;5.79;0;0;0;0;0;0;0;0;0;0;0;0;0;0;0;0;0;0;0;0;0;0;0;0;0;0;0;0;0;0;0;0;0;0;0;0;0;0;0;0;0;0;0;0;0;0;0;0;0;0;0;0;0;0;0;0;0;0;0;0;0;0;0;0;0;3;1;1;0;1;1;2;2017-06-15 20:00:00;3810;0;59;25;17;0;-1;1;-1;-1;-1;-1;-1;-1;1;2;0;2;3;2;-1;0;0;0;0;0;0;0;0;0;0;0;0;0;1;1;0;0;-1;-1;0;0;-1;-1;-1;-1;-1;-1;-1;-1;-1;25;42;84;84;100;50;84;84;59;10.5;2.83;3.67;3.34;Stjarnan;Víkingur Reykjavík;2.09;1.64;3;1.33;2.17;1.17;75;59;17;17;0;42;42;42;0;0;0;737;22;Y;Y;Y;N;N;N;Y
213311;3806;3805;2017;complete;1289;8;-1;4,23,40;61;3;1;4;5;5;10;0;2;3;4;0;1;6;6;6;12;12;18;11;12;46;54;3;5;2.77;3.61;2.59;0;0;0;0;0;0;0;0;0;0;0;0;0;0;0;0;0;0;0;0;0;0;0;0;0;0;0;0;0;0;0;0;0;0;0;0;0;0;0;0;0;0;0;0;0;0;0;0;0;0;0;0;0;0;0;0;0;0;0;0;0;0;0;0;0;4;3;0;0;1;1;3;2017-06-18 17:00:00;3806;0;54;29;25;0;-1;1;-1;-1;-1;-1;-1;-1;1;1;2;4;2;6;-1;0;0;0;0;0;0;0;0;0;0;0;0;0;1;1;1;0;-1;-1;0;0;-1;-1;-1;-1;-1;-1;-1;-1;-1;17;42;75;88;100;46;63;100;59;6.5;1;4.58;3.21;Grindavík;ÍBV;1.91;0.91;1.25;1;2;1.43;84;59;25;13;0;42;29;17;0;0;0;737;22;Y;Y;Y;Y;N;N;Y
213312;3809;3811;2017;complete;1289;8;-1;2;;1;0;1;5;4;9;3;0;2;0;1;0;3;4;8;11;11;15;14;5;52;48;3;0;1.83;4.04;4.33;0;0;0;0;0;0;0;0;0;0;0;0;0;0;0;0;0;0;0;0;0;0;0;0;0;0;0;0;0;0;0;0;0;0;0;0;0;0;0;0;0;0;0;0;0;0;0;0;0;0;0;0;0;0;0;0;0;0;0;0;0;0;0;0;0;1;1;0;0;0;0;1;2017-06-18 17:00:00;3809;0;88;38;38;0;-1;1;-1;-1;-1;-1;-1;-1;2;0;1;0;2;1;-1;0;0;0;0;0;0;0;0;0;0;0;0;0;1;1;1;0;-1;-1;0;0;-1;-1;-1;-1;-1;-1;-1;-1;-1;13;38;75;100;100;75;88;100;50;8.5;0.75;4.33;3.25;Valur;KA;2.64;1.09;2.5;1.75;2.29;1.71;88;63;25;0;0;75;63;63;0;0;0;737;22;Y;N;N;N;N;N;N
213313;54;3810;2017;complete;1289;8;-1;20,66;62,68;2;2;4;5;2;7;3;1;3;2;0;0;6;6;4;2;10;8;13;10;49;51;3;2;1.65;4.21;5.45;0;0;0;0;0;0;0;0;0;0;0;0;0;0;0;0;0;0;0;0;0;0;0;0;0;0;0;0;0;0;0;0;0;0;0;0;0;0;0;0;0;0;0;0;0;0;0;0;0;0;0;0;0;0;0;0;0;0;0;0;0;0;0;0;0;4;1;0;1;2;3;1;2017-06-19 19:15:00;-1;0;71;29;46;0;-1;1;-1;-1;-1;-1;-1;-1;0;0;3;2;0;5;-1;0;0;0;0;0;0;0;1;1;1;1;0;0;1;1;0;0;-1;-1;0;0;-1;-1;-1;-1;-1;-1;-1;-1;-1;0;29;88;88;100;29;88;88;75;13.5;3;5.33;3.04;FH;Víkingur Reykjavík;1.55;1.64;1.33;1.75;1.43;1.43;100;71;13;13;0;63;63;63;0;0;0;737;22;Y;Y;Y;Y;N;N;Y
213314;3804;971;2017;complete;1289;8;-1;16,49;85;2;1;3;0;16;16;-1;-1;3;0;0;0;3;4;7;8;10;12;-1;-1;-1;-1;3;0;6.12;4.44;1.57;0;0;0;0;0;0;0;0;0;0;0;0;0;0;0;0;0;0;0;0;0;0;0;0;0;0;0;0;0;0;0;0;0;0;0;0;0;0;0;0;0;0;0;0;0;0;0;0;0;0;0;0;0;0;0;0;0;0;0;0;0;0;0;0;0;3;1;0;1;1;2;1;2017-06-19 19:15:00;3804;0;71;13;59;0;-1;1;-1;-1;-1;-1;-1;-1;2;0;1;0;2;1;-1;0;0;0;0;0;0;0;0;1;0;1;0;0;1;1;0;0;-1;-1;1;0;-1;-1;-1;-1;-1;-1;-1;-1;-1;17;54;100;100;100;29;71;100;88;12.5;0;4.5;3.71;Víkingur Ólafsvík;Stjarnan;1;1.36;0;1.75;0.57;1.86;84;46;0;0;0;67;67;54;0;0;0;737;22;Y;Y;Y;N;N;N;Y
213315;3807;3808;2017;complete;1289;8;-1;42,90,90;38;3;1;4;3;10;13;1;2;1;3;0;1;6;4;12;7;18;11;12;13;47;53;1;5;3.63;3.85;2.04;0;0;0;0;0;0;0;0;0;0;0;0;0;0;0;0;0;0;0;0;0;0;0;0;0;0;0;0;0;0;0;0;0;0;0;0;0;0;0;0;0;0;0;0;0;0;0;0;0;0;0;0;0;0;0;0;0;0;0;0;0;0;0;0;0;4;1;1;2;0;2;2;2017-06-19 19:15:00;3807;0;75;38;50;0;-1;1;-1;-1;-1;-1;-1;-1;0;0;1;4;0;5;-1;0;0;0;0;0;0;0;0;0;0;0;0;0;1;1;0;0;-1;-1;0;0;-1;-1;-1;-1;-1;-1;-1;-1;-1;50;50;75;88;88;50;88;88;75;11.75;0.75;3.75;3.75;ÍA;Fjölnir;0.91;0.45;0;1;0.57;1.14;50;50;25;13;13;88;88;88;0;0;0;737;22;Y;Y;Y;Y;N;N;Y
213316;973;3803;2017;complete;1289;8;-1;90;30;1;1;2;5;10;15;-1;-1;4;0;0;0;6;6;17;6;23;12;-1;-1;-1;-1;4;0;1.93;3.82;4.1;0;0;0;0;0;0;0;0;0;0;0;0;0;0;0;0;0;0;0;0;0;0;0;0;0;0;0;0;0;0;0;0;0;0;0;0;0;0;0;0;0;0;0;0;0;0;0;0;0;0;0;0;0;0;0;0;0;0;0;0;0;0;0;0;0;2;0;1;1;0;1;1;2017-06-19 20:00:00;-1;0;71;0;59;0;-1;1;-1;-1;-1;-1;-1;-1;1;0;3;0;1;3;-1;0;0;0;0;0;0;0;1;0;1;0;0;0;1;1;0;0;-1;-1;0;0;-1;-1;-1;-1;-1;-1;-1;-1;-1;34;46;71;71;100;17;71;100;71;14.42;5.17;4.08;3.21;KR;Breidablik;1.18;1.55;1;2;1;1.29;67;54;29;29;0;63;63;50;0;0;0;737;22;Y;Y;N;N;N;N;Y
213317;3808;3809;2017;complete;1289;9;-1;16;83;1;1;2;1;7;8;-1;-1;3;1;0;0;4;7;2;14;6;21;-1;-1;-1;-1;3;1;3.48;3.7;2.14;0;0;0;0;0;0;0;0;0;0;0;0;0;0;0;0;0;0;0;0;0;0;0;0;0;0;0;0;0;0;0;0;0;0;0;0;0;0;0;0;0;0;0;0;0;0;0;0;0;0;0;0;0;0;0;0;0;0;0;0;0;0;0;0;0;2;1;0;0;1;1;1;2017-06-24 14:00:00;-1;0;67;33;33;0;-1;1;-1;-1;-1;-1;-1;-1;2;0;1;1;2;2;-1;0;0;0;0;0;0;0;0;1;0;1;0;0;1;1;0;0;-1;-1;0;0;-1;-1;-1;-1;-1;-1;-1;-1;-1;17;33;50;67;100;33;67;84;50;11.67;1.33;4.34;2.83;Fjölnir;Valur;1.82;1.91;1.33;2;1;2.38;84;67;50;33;0;84;67;67;0;0;0;737;22;Y;Y;N;N;N;N;Y
213318;3811;973;2017;complete;1289;9;-1;54,85;2,16,60;2;3;5;9;1;10;-1;-1;1;3;0;0;7;5;7;6;14;11;-1;-1;-1;-1;1;3;2.57;3.55;2.82;0;0;0;0;0;0;0;0;0;0;0;0;0;0;0;0;0;0;0;0;0;0;0;0;0;0;0;0;0;0;0;0;0;0;0;0;0;0;0;0;0;0;0;0;0;0;0;0;0;0;0;0;0;0;0;0;0;0;0;0;0;0;0;0;0;5;0;2;2;1;3;2;2017-06-24 17:00:00;973;0;67;17;33;0;-1;1;-1;-1;-1;-1;-1;-1;0;0;1;3;0;4;-1;0;0;0;0;0;0;0;1;0;1;0;0;0;1;1;0;1;-1;-1;0;0;-1;-1;-1;-1;-1;-1;-1;-1;-1;0;33;67;84;84;34;50;84;33;15.67;0.33;5;2.67;KA;KR;1.55;1.64;1.67;1;1.5;1;100;67;34;17;17;84;67;67;0;0;0;737;22;Y;Y;Y;Y;Y;N;Y
213319;971;3807;2017;complete;1289;9;-1;22,49;43,84;2;2;4;10;4;14;-1;-1;1;3;0;0;6;4;9;6;15;10;-1;-1;-1;-1;1;3;1.36;5.6;8.81;0;0;0;0;0;0;0;0;0;0;0;0;0;0;0;0;0;0;0;0;0;0;0;0;0;0;0;0;0;0;0;0;0;0;0;0;0;0;0;0;0;0;0;0;0;0;0;0;0;0;0;0;0;0;0;0;0;0;0;0;0;0;0;0;0;4;1;1;1;1;2;2;2017-06-24 17:00:00;-1;0;67;34;34;0;-1;1;-1;-1;-1;-1;-1;-1;0;0;1;3;0;4;-1;0;0;0;0;0;0;0;0;0;0;0;0;0;1;1;0;0;-1;-1;0;0;-1;-1;-1;-1;-1;-1;-1;-1;-1;33;33;84;84;84;50;84;84;50;6.33;2;2.67;3.17;Stjarnan;ÍA;2.09;0.64;2;1.33;1.63;0.88;67;67;17;17;17;33;33;33;0;0;0;737;22;Y;Y;Y;Y;N;N;Y
213320;3805;54;2017;complete;1289;9;-1;;65;0;1;1;7;5;12;-1;-1;4;4;0;0;4;2;8;4;12;6;-1;-1;47;53;4;4;4.75;3.94;1.78;0;0;0;0;0;0;0;0;0;0;0;0;0;0;0;0;0;0;0;0;0;0;0;0;0;0;0;0;0;0;0;0;0;0;0;0;0;0;0;0;0;0;0;0;0;0;0;0;0;0;0;0;0;0;0;0;0;0;0;0;0;0;0;0;0;1;0;0;0;1;1;0;2017-06-25 17:00:00;54;0;75;25;38;0;-1;1;-1;-1;-1;-1;-1;-1;0;0;4;4;0;8;-1;0;0;0;0;0;0;0;0;0;0;0;0;0;1;1;0;0;-1;-1;0;0;-1;-1;-1;-1;-1;-1;-1;-1;-1;25;50;50;75;88;25;75;75;50;7.25;1.5;4;3;ÍBV;FH;1.36;1.64;1.75;1.5;1.25;1.38;75;50;50;25;13;25;25;13;0;0;0;737;22;Y;N;N;N;N;N;N
213321;3810;3804;2017;complete;1289;9;-1;50,84;;2;0;2;5;3;8;1;1;2;3;0;0;6;5;5;4;11;9;10;12;55;45;2;3;1.47;4.77;7.42;0;0;0;0;0;0;0;0;0;0;0;0;0;0;0;0;0;0;0;0;0;0;0;0;0;0;0;0;0;0;0;0;0;0;0;0;0;0;0;0;0;0;0;0;0;0;0;0;0;0;0;0;0;0;0;0;0;0;0;0;0;0;0;0;0;2;0;0;2;0;2;0;2017-06-26 19:15:00;3810;0;88;25;29;0;-1;1;-1;-1;-1;-1;-1;-1;2;2;0;1;4;1;-1;0;0;0;0;0;0;0;0;0;0;0;0;0;1;1;0;0;-1;-1;0;0;-1;-1;-1;-1;-1;-1;-1;-1;-1;17;29;75;100;100;25;75;75;75;13;0.67;6.25;3.21;Víkingur Reykjavík;Víkingur Ólafsvík;0.82;1;1;1;1.38;0.88;84;71;25;0;0;46;46;46;0;0;0;737;22;Y;Y;N;N;N;N;N
213322;3803;3806;2017;complete;1289;9;-1;;;0;0;0;14;1;15;1;2;1;5;0;0;8;3;17;4;25;7;10;12;65;35;1;5;1.93;3.74;4.2;0;0;0;0;0;0;0;0;0;0;0;0;0;0;0;0;0;0;0;0;0;0;0;0;0;0;0;0;0;0;0;0;0;0;0;0;0;0;0;0;0;0;0;0;0;0;0;0;0;0;0;0;0;0;0;0;0;0;0;0;0;0;0;0;0;0;0;0;0;0;0;0;2017-06-26 20:00:00;-1;0;84;29;42;0;-1;1;-1;-1;-1;-1;-1;-1;0;2;1;3;2;4;-1;0;0;0;0;0;0;0;0;0;0;0;0;0;1;1;0;0;-1;-1;0;0;-1;-1;-1;-1;-1;-1;-1;-1;-1;17;42;84;84;100;42;71;88;71;8.92;2.42;4.25;3.25;Breidablik;Grindavík;1.18;0.91;0.75;3;1.25;2.13;84;59;17;17;0;54;54;54;0;0;0;737;22;N;N;N;N;N;N;N
213323;3803;54;2017;complete;1289;11;-1;63;14,68;1;2;3;7;7;14;0;2;1;0;0;0;7;9;6;7;13;16;8;13;53;47;1;0;3.61;3.59;2.13;0;0;0;0;0;0;0;0;0;0;0;0;0;0;0;0;0;0;0;0;0;0;0;0;0;0;0;0;0;0;0;0;0;0;0;0;0;0;0;0;0;0;0;0;0;0;0;0;0;0;0;0;0;0;0;0;0;0;0;0;0;0;0;0;0;3;0;1;1;1;2;1;2017-07-03 20:00:00;54;0;80;20;40;0;-1;1;-1;-1;-1;-1;-1;-1;0;0;1;0;0;1;-1;0;0;0;0;0;0;0;0;0;0;0;0;0;1;1;0;0;-1;-1;0;0;-1;-1;-1;-1;-1;-1;-1;-1;-1;10;40;60;80;90;30;60;80;60;12.2;0.6;4;2.9;Breidablik;FH;1.18;1.64;0.8;1.8;1.22;1.56;90;60;40;20;10;60;60;50;0;0;0;737;22;Y;Y;Y;N;N;N;Y
213324;54;3804;2017;complete;1289;10;-1;;56,79;0;2;2;12;1;13;-1;-1;0;2;0;0;0;3;0;0;0;3;-1;-1;-1;-1;0;2;1.29;6.34;9.99;0;0;0;0;0;0;0;0;0;0;0;0;0;0;0;0;0;0;0;0;0;0;0;0;0;0;0;0;0;0;0;0;0;0;0;0;0;0;0;0;0;0;0;0;0;0;0;0;0;0;0;0;0;0;0;0;0;0;0;0;0;0;0;0;0;2;0;0;0;2;2;0;2017-07-07 19:15:00;3804;0;68;33;48;0;-1;1;-1;-1;-1;-1;-1;-1;0;1;0;1;1;1;-1;0;0;0;0;0;0;0;0;0;0;0;0;0;1;1;0;0;-1;-1;0;0;-1;-1;-1;-1;-1;-1;-1;-1;-1;0;35;70;100;100;33;70;80;80;12.6;0.95;5.7;3.05;FH;Víkingur Ólafsvík;1.55;1;1.25;0.8;1.7;0.78;100;65;30;0;0;48;48;48;0;0;0;737;22;Y;Y;N;N;N;N;N
213325;3805;3803;2017;complete;1289;10;-1;72;20;1;1;2;4;3;7;0;2;2;2;0;0;3;6;6;5;9;11;13;10;58;42;2;2;2.27;3.58;3.27;0;0;0;0;0;0;0;0;0;0;0;0;0;0;0;0;0;0;0;0;0;0;0;0;0;0;0;0;0;0;0;0;0;0;0;0;0;0;0;0;0;0;0;0;0;0;0;0;0;0;0;0;0;0;0;0;0;0;0;0;0;0;0;0;0;2;0;1;1;0;1;1;2017-07-09 17:00:00;-1;0;58;10;35;0;-1;1;-1;-1;-1;-1;-1;-1;1;1;1;1;2;2;-1;0;0;0;0;0;0;0;0;0;0;0;0;0;1;1;0;0;-1;-1;0;0;-1;-1;-1;-1;-1;-1;-1;-1;-1;35;45;45;58;90;23;68;80;35;12.8;2.75;4.55;2.73;ÍBV;Breidablik;1.36;1.55;1.4;1.75;1.11;1.1;65;55;55;43;10;70;70;70;0;0;0;737;22;Y;Y;N;N;N;N;Y
213326;3806;3811;2017;complete;1289;10;-1;70,81;19;2;1;3;4;3;7;-1;-1;1;1;0;0;6;3;13;9;19;12;-1;-1;-1;-1;1;1;2.14;3.62;3.54;0;0;0;0;0;0;0;0;0;0;0;0;0;0;0;0;0;0;0;0;0;0;0;0;0;0;0;0;0;0;0;0;0;0;0;0;0;0;0;0;0;0;0;0;0;0;0;0;0;0;0;0;0;0;0;0;0;0;0;0;0;0;0;0;0;3;0;1;2;0;2;1;2017-07-09 17:00:00;3806;0;80;30;50;0;-1;1;-1;-1;-1;-1;-1;-1;0;1;1;0;1;1;-1;0;0;0;0;0;0;0;1;0;1;0;0;0;1;1;0;0;-1;-1;0;0;-1;-1;-1;-1;-1;-1;-1;-1;-1;10;60;70;80;100;60;70;90;50;5.4;1.4;4.95;3.2;Grindavík;KA;1.91;1.09;1.6;1.4;2;1.33;90;40;30;20;0;70;50;30;0;0;0;737;22;Y;Y;Y;N;N;N;Y
213327;3809;971;2017;complete;1289;10;-1;70;45;1;1;2;3;7;10;2;3;4;1;0;0;4;6;5;6;9;12;20;11;58;42;4;1;2.27;3.6;3.26;0;0;0;0;0;0;0;0;0;0;0;0;0;0;0;0;0;0;0;0;0;0;0;0;0;0;0;0;0;0;0;0;0;0;0;0;0;0;0;0;0;0;0;0;0;0;0;0;0;0;0;0;0;0;0;0;0;0;0;0;0;0;0;0;0;2;0;1;1;0;1;1;2017-07-09 20:00:00;-1;0;70;20;30;0;-1;1;-1;-1;-1;-1;-1;-1;1;1;3;0;2;3;-1;0;0;0;0;0;0;0;0;0;0;0;0;0;1;1;0;0;-1;-1;0;0;-1;-1;-1;-1;-1;-1;-1;-1;-1;0;30;70;90;100;30;80;90;50;15.4;1.6;3;2.9;Valur;Stjarnan;2.64;1.36;2.6;1.4;2.22;1.56;100;70;30;10;0;90;70;60;0;0;0;737;22;Y;Y;N;N;N;N;Y
213328;3807;3810;2017;complete;1289;10;-1;26;77;1;1;2;3;8;11;-1;-1;2;4;0;0;5;5;8;6;13;11;-1;-1;-1;-1;2;4;3.64;3.74;2.07;0;0;0;0;0;0;0;0;0;0;0;0;0;0;0;0;0;0;0;0;0;0;0;0;0;0;0;0;0;0;0;0;0;0;0;0;0;0;0;0;0;0;0;0;0;0;0;0;0;0;0;0;0;0;0;0;0;0;0;0;0;0;0;0;0;2;1;0;0;1;1;1;2017-07-10 20:00:00;-1;0;90;50;50;0;-1;1;-1;-1;-1;-1;-1;-1;0;1;2;3;1;5;-1;0;0;0;0;0;0;0;0;0;0;0;0;0;1;1;0;0;-1;-1;0;0;-1;-1;-1;-1;-1;-1;-1;-1;-1;40;70;90;90;100;60;90;90;80;9;2.8;4.2;4.1;ÍA;Víkingur Reykjavík;0.91;1.64;0.6;1.6;0.89;1.56;60;30;10;10;0;50;50;50;0;0;0;737;22;Y;Y;N;N;N;N;Y
213329;3811;3805;2017;complete;1289;11;-1;18,39,45,52,71,79;13,15,90;6;3;9;5;4;9;0;3;4;3;0;0;12;6;9;4;21;10;19;20;52;48;4;3;1.95;3.71;4.11;0;0;0;0;0;0;0;0;0;0;0;0;0;0;0;0;0;0;0;0;0;0;0;0;0;0;0;0;0;0;0;0;0;0;0;0;0;0;0;0;0;0;0;0;0;0;0;0;0;0;0;0;0;0;0;0;0;0;0;0;0;0;0;0;0;9;3;2;3;1;4;5;2017-07-16 16:00:00;3811;0;50;13;25;0;-1;1;-1;-1;-1;-1;-1;-1;1;1;3;2;2;5;-1;0;0;0;0;0;0;0;1;0;1;0;0;0;1;1;0;0;-1;-1;1;0;-1;-1;-1;-1;-1;-1;-1;-1;-1;25;50;75;88;88;50;75;88;50;14;0;4.5;3.25;KA;ÍBV;1.55;0.91;1.25;0.75;1.2;1.1;75;50;25;13;13;75;75;50;0;0;0;737;22;Y;Y;Y;Y;Y;Y;Y
213330;3810;3809;2017;complete;1289;11;-1;;76;0;1;1;5;7;12;1;1;4;1;0;0;3;4;5;3;8;7;12;8;39;61;4;1;3;3.63;2.4;0;0;0;0;0;0;0;0;0;0;0;0;0;0;0;0;0;0;0;0;0;0;0;0;0;0;0;0;0;0;0;0;0;0;0;0;0;0;0;0;0;0;0;0;0;0;0;0;0;0;0;0;0;0;0;0;0;0;0;0;0;0;0;0;0;1;0;0;0;1;1;0;2017-07-16 20:00:00;3809;0;75;13;25;0;-1;1;-1;-1;-1;-1;-1;-1;1;1;3;0;2;3;-1;0;0;0;0;0;0;0;0;0;0;0;0;0;1;1;0;0;-1;-1;1;0;-1;-1;-1;-1;-1;-1;-1;-1;-1;25;25;63;88;100;13;75;100;75;14;1.25;4.25;3.13;Víkingur Reykjavík;Valur;0.82;1.91;1.5;1.75;1.5;2.1;75;75;38;13;0;63;50;50;0;0;0;737;22;Y;N;N;N;N;N;N
213331;3804;3807;2017;complete;1289;11;-1;16;;1;0;1;1;13;14;-1;-1;2;2;0;1;5;5;5;6;10;11;-1;-1;-1;-1;2;3;2.25;3.69;3.24;0;0;0;0;0;0;0;0;0;0;0;0;0;0;0;0;0;0;0;0;0;0;0;0;0;0;0;0;0;0;0;0;0;0;0;0;0;0;0;0;0;0;0;0;0;0;0;0;0;0;0;0;0;0;0;0;0;0;0;0;0;0;0;0;0;1;1;0;0;0;0;1;2017-07-17 18:00:00;3804;0;75;13;75;0;-1;1;-1;-1;-1;-1;-1;-1;2;3;0;0;5;0;-1;0;0;0;0;0;0;0;0;0;0;0;0;0;1;1;0;0;-1;-1;0;0;-1;-1;-1;-1;-1;-1;-1;-1;-1;25;38;88;88;88;25;75;88;88;5;0;5.33;3.25;Víkingur Ólafsvík;ÍA;1;0.64;0.75;1.25;1;0.9;75;63;13;13;13;50;50;50;0;0;0;737;22;Y;N;N;N;N;N;N
213332;3808;3806;2017;complete;1289;11;-1;2,32,48,66;;4;0;4;8;8;16;1;3;2;1;0;0;11;7;10;10;21;17;12;12;43;57;2;1;2.26;3.66;3.23;0;0;0;0;0;0;0;0;0;0;0;0;0;0;0;0;0;0;0;0;0;0;0;0;0;0;0;0;0;0;0;0;0;0;0;0;0;0;0;0;0;0;0;0;0;0;0;0;0;0;0;0;0;0;0;0;0;0;0;0;0;0;0;0;0;4;2;0;2;0;2;2;2017-07-17 19:15:00;3808;0;63;25;25;0;-1;1;-1;-1;-1;-1;-1;-1;0;0;2;1;0;3;-1;0;0;0;0;0;0;0;0;0;0;0;0;0;1;1;1;0;-1;-1;0;0;-1;-1;-1;-1;-1;-1;-1;-1;-1;13;25;38;63;88;25;63;75;38;6.25;1.75;5.5;2.25;Fjölnir;Grindavík;1.82;0.91;1.25;2.5;1;2.1;88;75;63;38;13;50;50;50;0;0;0;737;22;Y;Y;Y;Y;N;N;N
213333;971;973;2017;complete;1289;11;-1;35,81;;2;0;2;4;7;11;-1;-1;0;2;0;0;4;2;12;9;16;11;-1;-1;-1;-1;0;2;2.19;3.7;3.36;0;0;0;0;0;0;0;0;0;0;0;0;0;0;0;0;0;0;0;0;0;0;0;0;0;0;0;0;0;0;0;0;0;0;0;0;0;0;0;0;0;0;0;0;0;0;0;0;0;0;0;0;0;0;0;0;0;0;0;0;0;0;0;0;0;2;1;0;1;0;1;1;2017-07-17 20:00:00;971;0;88;50;38;0;-1;1;-1;-1;-1;-1;-1;-1;0;1;0;1;1;1;-1;0;0;0;0;0;0;0;0;0;0;0;0;0;1;1;0;0;-1;-1;0;0;-1;-1;-1;-1;-1;-1;-1;-1;-1;25;50;100;100;100;88;88;100;50;11.5;0;3.5;3.75;Stjarnan;KR;2.09;1.64;1.75;1.5;1.5;1.22;75;50;0;0;0;63;50;38;0;0;0;737;22;Y;Y;N;N;N;N;N
213334;54;3807;2017;complete;1289;12;-1;18,26;;2;0;2;4;2;6;-1;-1;2;3;0;0;7;3;6;5;13;8;-1;-1;-1;-1;2;3;1.31;5.95;9.99;0;0;0;0;0;0;0;0;0;0;0;0;0;0;0;0;0;0;0;0;0;0;0;0;0;0;0;0;0;0;0;0;0;0;0;0;0;0;0;0;0;0;0;0;0;0;0;0;0;0;0;0;0;0;0;0;0;0;0;0;0;0;0;0;0;2;2;0;0;0;0;2;2017-07-22 14:00:00;54;0;60;20;60;0;-1;1;-1;-1;-1;-1;-1;-1;0;0;2;3;0;5;-1;0;0;0;0;0;0;0;0;0;0;0;0;0;1;1;0;0;-1;-1;0;0;-1;-1;-1;-1;-1;-1;-1;-1;-1;10;40;70;80;90;20;80;80;80;13;1;4.2;2.9;FH;ÍA;1.55;0.64;1;1;1.55;0.82;90;60;30;20;10;70;70;70;0;0;0;737;22;Y;Y;N;N;N;N;N
213335;3811;3803;2017;complete;1289;12;-1;26,31;3,47,59,87;2;4;6;7;6;13;1;2;1;1;0;0;6;7;6;6;12;13;8;14;52;48;1;1;2.12;3.67;3.56;0;0;0;0;0;0;0;0;0;0;0;0;0;0;0;0;0;0;0;0;0;0;0;0;0;0;0;0;0;0;0;0;0;0;0;0;0;0;0;0;0;0;0;0;0;0;0;0;0;0;0;0;0;0;0;0;0;0;0;0;0;0;0;0;0;6;2;1;0;3;3;3;2017-07-23 17:00:00;3803;0;70;10;50;0;-1;1;-1;-1;-1;-1;-1;-1;0;0;1;1;0;2;-1;0;0;0;0;0;0;0;0;0;0;0;0;0;1;1;0;1;-1;-1;0;0;-1;-1;-1;-1;-1;-1;-1;-1;-1;40;50;50;80;90;30;70;90;50;16;1.6;4.4;3.5;KA;Breidablik;1.55;1.55;1.6;1.6;1.36;1.09;60;50;50;20;10;90;80;70;0;0;0;737;22;Y;Y;Y;Y;Y;Y;Y
213336;3808;3805;2017;complete;1289;12;-1;47,84;58;2;1;3;6;7;13;2;2;0;1;0;0;6;3;15;11;21;14;8;13;45;55;0;1;2.11;3.71;3.56;0;0;0;0;0;0;0;0;0;0;0;0;0;0;0;0;0;0;0;0;0;0;0;0;0;0;0;0;0;0;0;0;0;0;0;0;0;0;0;0;0;0;0;0;0;0;0;0;0;0;0;0;0;0;0;0;0;0;0;0;0;0;0;0;0;3;0;0;2;1;3;0;2017-07-23 17:00:00;3808;0;60;30;20;0;-1;1;-1;-1;-1;-1;-1;-1;0;0;0;1;0;1;-1;0;0;0;0;0;0;0;0;0;0;0;0;0;1;1;0;0;-1;-1;0;0;-1;-1;-1;-1;-1;-1;-1;-1;-1;20;50;70;90;100;60;90;90;50;9.6;0.6;5;3.7;Fjölnir;ÍBV;1.82;0.91;1.6;0.6;1.2;1;80;50;30;10;0;60;50;40;0;0;0;737;22;Y;Y;Y;N;N;N;Y
213337;3810;973;2017;complete;1289;12;-1;;15,27,84;0;3;3;4;6;10;-1;-1;2;0;0;0;5;5;1;7;6;12;-1;-1;-1;-1;2;0;3.05;3.56;2.4;0;0;0;0;0;0;0;0;0;0;0;0;0;0;0;0;0;0;0;0;0;0;0;0;0;0;0;0;0;0;0;0;0;0;0;0;0;0;0;0;0;0;0;0;0;0;0;0;0;0;0;0;0;0;0;0;0;0;0;0;0;0;0;0;0;3;0;2;0;1;1;2;2017-07-23 19:15:00;973;0;70;10;30;0;-1;1;-1;-1;-1;-1;-1;-1;0;0;2;0;0;2;-1;0;0;0;0;0;0;0;0;0;0;0;0;0;1;1;0;0;-1;-1;0;0;-1;-1;-1;-1;-1;-1;-1;-1;-1;20;30;70;90;100;30;70;100;60;12.4;0.6;5.4;3.1;Víkingur Reykjavík;KR;0.82;1.64;1.2;1.2;1.36;1.1;80;70;30;10;0;70;60;50;0;0;0;737;22;Y;Y;Y;N;N;N;N
213338;971;3806;2017;complete;1289;12;-1;1,52,58,64,77;;5;0;5;9;3;12;1;2;0;1;0;0;14;5;9;7;23;12;13;10;56;44;0;1;1.66;4.3;5.28;0;0;0;0;0;0;0;0;0;0;0;0;0;0;0;0;0;0;0;0;0;0;0;0;0;0;0;0;0;0;0;0;0;0;0;0;0;0;0;0;0;0;0;0;0;0;0;0;0;0;0;0;0;0;0;0;0;0;0;0;0;0;0;0;0;5;1;0;4;0;4;1;2017-07-23 20:00:00;971;0;50;40;20;0;-1;1;-1;-1;-1;-1;-1;-1;0;0;0;1;0;1;-1;0;0;0;0;0;0;0;1;0;1;0;0;0;1;1;1;0;-1;-1;0;0;-1;-1;-1;-1;-1;-1;-1;-1;-1;20;40;70;80;90;60;80;90;50;9.2;1.8;3.2;3;Stjarnan;Grindavík;2.09;0.91;2;2;1.64;1.91;80;60;30;20;10;60;60;60;0;0;0;737;22;Y;Y;Y;Y;Y;N;N
213339;3804;3809;2017;complete;1289;12;-1;37;24,49;1;2;3;1;7;8;-1;-1;2;1;0;0;2;6;0;1;2;7;-1;-1;53;47;2;1;6.68;4.43;1.54;0;0;0;0;0;0;0;0;0;0;0;0;0;0;0;0;0;0;0;0;0;0;0;0;0;0;0;0;0;0;0;0;0;0;0;0;0;0;0;0;0;0;0;0;0;0;0;0;0;0;0;0;0;0;0;0;0;0;0;0;0;0;0;0;0;3;1;1;0;1;1;2;2017-07-25 19:15:00;3809;0;60;10;40;0;-1;1;-1;-1;-1;-1;-1;-1;0;0;2;1;0;3;-1;0;0;0;0;0;0;0;0;0;0;0;0;0;1;1;0;0;-1;-1;0;0;-1;-1;-1;-1;-1;-1;-1;-1;-1;20;20;60;70;100;20;70;90;60;9.4;0;4.4;2.8;Víkingur Ólafsvík;Valur;1;1.91;1.2;2;1.18;2.18;80;80;40;30;0;70;60;60;0;0;0;737;22;Y;Y;Y;N;N;N;Y
213340;973;3808;2017;complete;1289;10;-1;43,75;;2;0;2;8;1;9;2;0;3;2;0;0;9;8;14;5;23;13;13;15;59;41;3;2;1.71;4.14;5;0;0;0;0;0;0;0;0;0;0;0;0;0;0;0;0;0;0;0;0;0;0;0;0;0;0;0;0;0;0;0;0;0;0;0;0;0;0;0;0;0;0;0;0;0;0;0;0;0;0;0;0;0;0;0;0;0;0;0;0;0;0;0;0;0;2;1;0;1;0;1;1;2017-07-27 19:15:00;973;0;70;10;30;0;-1;1;-1;-1;-1;-1;-1;-1;0;0;3;2;0;5;-1;0;0;0;0;0;0;0;0;0;0;0;0;0;1;1;0;0;-1;-1;0;0;-1;-1;-1;-1;-1;-1;-1;-1;-1;0;20;60;80;90;10;80;90;60;12.6;2.8;5;2.5;KR;Fjölnir;1.18;0.45;1;0.8;1.27;1.36;100;80;40;20;10;70;70;60;0;0;0;737;22;Y;Y;N;N;N;N;N
213341;3805;971;2017;complete;1289;13;-1;13,22;18,73;2;2;4;2;6;8;3;4;3;2;0;1;5;11;11;3;16;14;11;15;43;57;3;3;3.53;3.87;2.07;0;0;0;0;0;0;0;0;0;0;0;0;0;0;0;0;0;0;0;0;0;0;0;0;0;0;0;0;0;0;0;0;0;0;0;0;0;0;0;0;0;0;0;0;0;0;0;0;0;0;0;0;0;0;0;0;0;0;0;0;0;0;0;0;0;4;2;1;0;1;1;3;2017-07-30 17:00:00;-1;0;67;17;34;0;-1;1;-1;-1;-1;-1;-1;-1;1;1;2;2;2;4;-1;0;0;0;0;0;0;0;1;1;1;1;0;0;1;1;0;0;-1;-1;0;0;-1;-1;-1;-1;-1;-1;-1;-1;-1;9;42;58;75;92;17;75;84;42;13.33;1.5;3.5;2.75;ÍBV;Stjarnan;1.36;1.36;1.33;1.33;0.92;1.75;92;59;42;25;9;67;67;50;0;0;0;737;22;Y;Y;Y;Y;N;N;Y
213342;973;3804;2017;complete;1289;13;-1;21,39,81,85;60,74;4;2;6;10;4;14;2;1;0;4;0;0;12;4;6;1;18;5;8;20;62;38;0;4;1.3;5.8;9.99;0;0;0;0;0;0;0;0;0;0;0;0;0;0;0;0;0;0;0;0;0;0;0;0;0;0;0;0;0;0;0;0;0;0;0;0;0;0;0;0;0;0;0;0;0;0;0;0;0;0;0;0;0;0;0;0;0;0;0;0;0;0;0;0;0;6;2;0;2;2;4;2;2017-07-31 19:15:00;973;0;59;17;25;0;-1;1;-1;-1;-1;-1;-1;-1;0;1;0;3;1;3;-1;0;0;0;0;0;0;0;1;0;1;0;0;0;1;1;0;0;-1;-1;0;0;-1;-1;-1;-1;-1;-1;-1;-1;-1;0;17;42;92;100;17;58;84;59;10;1.83;5.33;2.5;KR;Víkingur Ólafsvík;1.18;1;1.33;1.17;1.42;1.08;100;83;59;9;0;42;33;25;0;0;0;737;22;Y;Y;Y;Y;Y;Y;Y
213343;3803;3808;2017;complete;1289;13;-1;53,77;60;2;1;3;11;3;14;-1;-1;1;3;0;0;7;6;12;8;19;14;-1;-1;50;50;1;3;2.02;3.75;3.79;0;0;0;0;0;0;0;0;0;0;0;0;0;0;0;0;0;0;0;0;0;0;0;0;0;0;0;0;0;0;0;0;0;0;0;0;0;0;0;0;0;0;0;0;0;0;0;0;0;0;0;0;0;0;0;0;0;0;0;0;0;0;0;0;0;3;0;0;2;1;3;0;2017-07-31 19:15:00;3803;0;67;17;34;0;-1;1;-1;-1;-1;-1;-1;-1;0;1;1;2;1;3;-1;0;0;0;0;0;0;0;0;0;0;0;0;0;1;1;0;0;-1;-1;0;0;-1;-1;-1;-1;-1;-1;-1;-1;-1;0;25;67;83;83;25;75;75;59;13.67;1.5;4.5;2.58;Breidablik;Fjölnir;1.18;0.45;0.67;0.67;1.25;1.25;100;75;34;17;17;92;83;83;0;0;0;737;22;Y;Y;Y;N;N;N;Y
213344;3806;3810;2017;complete;1289;13;-1;90;69,82;1;2;3;8;7;15;-1;-1;3;1;0;0;3;6;10;10;13;16;-1;-1;47;53;3;1;2.96;3.63;2.43;0;0;0;0;0;0;0;0;0;0;0;0;0;0;0;0;0;0;0;0;0;0;0;0;0;0;0;0;0;0;0;0;0;0;0;0;0;0;0;0;0;0;0;0;0;0;0;0;0;0;0;0;0;0;0;0;0;0;0;0;0;0;0;0;0;3;0;0;1;2;3;0;2017-07-31 19:15:00;3810;0;83;17;33;0;-1;1;-1;-1;-1;-1;-1;-1;0;1;3;0;1;3;-1;0;0;0;0;0;0;0;0;0;0;0;0;0;1;1;0;0;-1;-1;0;0;-1;-1;-1;-1;-1;-1;-1;-1;-1;0;42;67;83;100;25;67;92;50;7.17;3.17;5.83;2.92;Grindavík;Víkingur Reykjavík;1.91;1.64;1.83;1.5;1.75;1.25;100;59;33;17;0;42;33;17;0;0;0;737;22;Y;Y;Y;N;N;N;Y
213345;3809;3807;2017;complete;1289;13;-1;44,45,63,74,78,89;;6;0;6;9;1;10;3;0;0;2;0;0;13;4;6;1;19;5;10;15;67;33;0;2;1.34;5.74;9.75;0;0;0;0;0;0;0;0;0;0;0;0;0;0;0;0;0;0;0;0;0;0;0;0;0;0;0;0;0;0;0;0;0;0;0;0;0;0;0;0;0;0;0;0;0;0;0;0;0;0;0;0;0;0;0;0;0;0;0;0;0;0;0;0;0;6;2;0;4;0;4;2;2017-07-31 20:00:00;3809;0;59;17;25;0;-1;1;-1;-1;-1;-1;-1;-1;0;0;0;2;0;2;-1;0;0;0;0;0;0;0;0;0;0;0;0;0;1;1;0;0;-1;-1;0;0;-1;-1;-1;-1;-1;-1;-1;-1;-1;9;17;42;75;92;33;83;67;34;8.83;1.83;4.83;2.34;Valur;ÍA;2.64;0.64;2.33;0.83;2.25;0.75;92;84;59;25;9;67;50;42;0;0;0;737;22;Y;Y;Y;Y;Y;Y;N
213346;3811;54;2017;complete;1289;13;-1;;;0;0;0;5;5;10;4;5;1;3;0;0;4;2;9;10;13;12;15;23;43;57;1;3;3.36;3.74;2.17;0;0;0;0;0;0;0;0;0;0;0;0;0;0;0;0;0;0;0;0;0;0;0;0;0;0;0;0;0;0;0;0;0;0;0;0;0;0;0;0;0;0;0;0;0;0;0;0;0;0;0;0;0;0;0;0;0;0;0;0;0;0;0;0;0;0;0;0;0;0;0;0;2017-08-05 16:00:00;-1;0;75;25;50;0;-1;1;-1;-1;-1;-1;-1;-1;0;1;1;2;1;3;-1;0;0;0;0;0;0;0;0;0;0;0;0;0;1;1;0;0;-1;-1;0;0;-1;-1;-1;-1;-1;-1;-1;-1;-1;34;50;59;83;92;34;67;92;67;12.83;0.17;4;3.67;KA;FH;1.55;1.64;1.33;2;1.25;1.67;67;50;42;17;9;75;67;50;0;0;0;737;22;N;N;N;N;N;N;N
213347;3810;3805;2017;complete;1289;14;-1;83;7;1;1;2;9;7;16;1;0;4;2;0;0;5;3;8;7;13;10;11;11;53;47;4;2;2.02;3.75;3.8;0;0;0;0;0;0;0;0;0;0;0;0;0;0;0;0;0;0;0;0;0;0;0;0;0;0;0;0;0;0;0;0;0;0;0;0;0;0;0;0;0;0;0;0;0;0;0;0;0;0;0;0;0;0;0;0;0;0;0;0;0;0;0;0;0;2;0;1;1;0;1;1;2017-08-08 18:00:00;-1;0;59;17;25;0;-1;1;-1;-1;-1;-1;-1;-1;2;0;2;2;2;4;-1;0;0;0;0;0;0;0;0;0;0;0;0;0;1;1;0;1;-1;-1;0;0;-1;-1;-1;-1;-1;-1;-1;-1;-1;25;34;84;92;100;42;75;100;67;11.5;1.17;5;3.67;Víkingur Reykjavík;ÍBV;0.82;0.91;1;0.5;1.38;0.92;75;67;17;9;0;67;59;42;0;0;0;737;22;Y;Y;N;N;N;N;Y
213348;3807;973;2017;complete;1289;14;-1;45;85;1;1;2;7;6;13;-1;-1;2;1;0;0;6;3;6;4;12;7;-1;-1;53;47;2;1;6.19;4.48;1.56;0;0;0;0;0;0;0;0;0;0;0;0;0;0;0;0;0;0;0;0;0;0;0;0;0;0;0;0;0;0;0;0;0;0;0;0;0;0;0;0;0;0;0;0;0;0;0;0;0;0;0;0;0;0;0;0;0;0;0;0;0;0;0;0;0;2;1;0;0;1;1;1;2017-08-08 19:15:00;-1;0;84;42;42;0;-1;1;-1;-1;-1;-1;-1;-1;1;1;1;0;2;1;-1;0;0;0;0;0;0;0;0;0;0;0;0;0;1;1;0;0;-1;-1;0;0;-1;-1;-1;-1;-1;-1;-1;-1;-1;42;58;83;100;100;75;92;100;58;10.34;0;3.5;4;ÍA;KR;0.91;1.64;0.67;1.5;0.69;1.54;58;42;17;0;0;83;75;58;0;0;0;737;22;Y;Y;N;N;N;N;Y
213349;54;3809;2017;complete;1289;14;-1;52,57;54;2;1;3;7;6;13;1;1;2;2;0;0;7;5;7;6;14;11;15;13;51;49;2;2;2.4;3.55;3.07;0;0;0;0;0;0;0;0;0;0;0;0;0;0;0;0;0;0;0;0;0;0;0;0;0;0;0;0;0;0;0;0;0;0;0;0;0;0;0;0;0;0;0;0;0;0;0;0;0;0;0;0;0;0;0;0;0;0;0;0;0;0;0;0;0;3;0;0;2;1;3;0;2017-08-08 19:15:00;54;0;59;25;34;0;-1;1;-1;-1;-1;-1;-1;-1;2;0;0;2;2;2;-1;0;0;0;0;0;0;0;0;0;0;0;0;0;1;1;0;0;-1;-1;0;0;-1;-1;-1;-1;-1;-1;-1;-1;-1;9;25;59;84;100;33;75;92;58;14.83;0.5;3.33;2.84;FH;Valur;1.55;1.91;1.33;2.17;1.62;2.31;92;75;42;17;0;67;59;59;0;0;0;737;22;Y;Y;Y;N;N;N;Y
213350;3808;3811;2017;complete;1289;14;-1;26,38;44,55;2;2;4;8;3;11;1;0;4;3;0;0;6;6;11;7;17;13;21;18;52;48;4;3;2.56;3.63;2.79;0;0;0;0;0;0;0;0;0;0;0;0;0;0;0;0;0;0;0;0;0;0;0;0;0;0;0;0;0;0;0;0;0;0;0;0;0;0;0;0;0;0;0;0;0;0;0;0;0;0;0;0;0;0;0;0;0;0;0;0;0;0;0;0;0;4;2;1;0;1;1;3;2017-08-09 18:00:00;-1;0;75;25;42;0;-1;1;-1;-1;-1;-1;-1;-1;1;0;3;3;1;6;-1;0;0;0;0;0;0;0;0;0;0;0;0;0;1;1;0;0;-1;-1;0;0;-1;-1;-1;-1;-1;-1;-1;-1;-1;9;42;67;83;100;50;84;83;59;8.17;0.17;3.77;3;Fjölnir;KA;1.82;1.09;1.83;1.17;1.15;1.23;92;59;34;17;0;67;59;59;0;0;0;737;22;Y;Y;Y;Y;N;N;Y
213351;3804;3806;2017;complete;1289;14;-1;2,67;61;2;1;3;3;15;18;-1;-1;5;2;0;0;8;7;4;4;12;11;-1;-1;50;50;5;2;2.78;3.57;2.6;0;0;0;0;0;0;0;0;0;0;0;0;0;0;0;0;0;0;0;0;0;0;0;0;0;0;0;0;0;0;0;0;0;0;0;0;0;0;0;0;0;0;0;0;0;0;0;0;0;0;0;0;0;0;0;0;0;0;0;0;0;0;0;0;0;3;1;0;1;1;2;1;2017-08-09 19:15:00;3804;0;50;17;34;0;-1;1;-1;-1;-1;-1;-1;-1;3;1;2;1;4;3;-1;0;0;0;0;0;0;0;1;0;1;0;0;0;1;1;1;0;-1;-1;0;0;-1;-1;-1;-1;-1;-1;-1;-1;-1;25;34;75;75;92;33;75;83;67;5.66;1;4.97;3;Víkingur Ólafsvík;Grindavík;1;0.91;1;1.67;1;1.62;75;67;25;25;9;59;59;59;0;0;0;737;22;Y;Y;Y;N;N;N;Y
213352;971;3803;2017;complete;1289;14;-1;46,67;;2;0;2;3;8;11;6;3;1;2;0;0;6;10;7;5;13;15;10;13;47;53;1;2;1.99;3.82;3.84;0;0;0;0;0;0;0;0;0;0;0;0;0;0;0;0;0;0;0;0;0;0;0;0;0;0;0;0;0;0;0;0;0;0;0;0;0;0;0;0;0;0;0;0;0;0;0;0;0;0;0;0;0;0;0;0;0;0;0;0;0;0;0;0;0;2;0;0;2;0;2;0;2017-08-09 20:00:00;971;0;67;34;25;0;-1;1;-1;-1;-1;-1;-1;-1;0;2;1;0;2;1;-1;0;0;0;0;0;0;0;0;0;0;0;0;0;1;1;0;0;-1;-1;0;0;-1;-1;-1;-1;-1;-1;-1;-1;-1;42;50;67;92;100;50;92;100;50;13.83;1.83;2.34;3.59;Stjarnan;Breidablik;2.09;1.55;2.17;1.83;1.69;1.38;59;50;34;9;0;75;75;75;0;0;0;737;22;Y;Y;N;N;N;N;N
213353;3803;3810;2017;complete;1289;15;-1;3;13,70;1;2;3;5;6;11;-1;-1;5;2;1;0;2;3;0;0;2;3;-1;-1;50;50;6;2;2.21;3.64;3.35;0;0;0;0;0;0;0;0;0;0;0;0;0;0;0;0;0;0;0;0;0;0;0;0;0;0;0;0;0;0;0;0;0;0;0;0;0;0;0;0;0;0;0;0;0;0;0;0;0;0;0;0;0;0;0;0;0;0;0;0;0;0;0;0;0;3;1;1;0;1;1;2;2017-08-14 18:00:00;3810;0;86;14;50;0;-1;1;-1;-1;-1;-1;-1;-1;3;0;3;2;3;5;-1;0;0;0;0;0;0;0;0;0;0;0;0;0;1;1;1;0;-1;-1;1;0;-1;-1;-1;-1;-1;-1;-1;-1;-1;0;29;79;86;93;22;64;79;64;13.14;2;4.42;2.86;Breidablik;Víkingur Reykjavík;1.18;1.64;1;1.71;1.29;1.36;100;71;22;14;7;65;65;65;0;0;0;737;22;Y;Y;Y;N;N;N;Y
213354;3806;3807;2017;complete;1289;15;-1;64,80,84;51,68;3;2;5;6;5;11;0;2;3;1;1;0;9;5;9;3;18;8;21;12;58;42;4;1;1.88;3.91;4.22;0;0;0;0;0;0;0;0;0;0;0;0;0;0;0;0;0;0;0;0;0;0;0;0;0;0;0;0;0;0;0;0;0;0;0;0;0;0;0;0;0;0;0;0;0;0;0;0;0;0;0;0;0;0;0;0;0;0;0;0;0;0;0;0;0;5;0;0;3;2;5;0;2017-08-14 18:00:00;3806;0;65;14;43;0;-1;1;-1;-1;-1;-1;-1;-1;0;1;4;0;1;4;-1;0;0;0;0;0;0;0;2;0;2;0;0;0;1;1;0;0;-1;-1;0;0;-1;-1;-1;-1;-1;-1;-1;-1;-1;15;43;64;79;93;36;65;79;57;6.72;1.15;5.15;3;Grindavík;ÍA;1.91;0.64;1.57;0.71;1.5;0.71;86;57;36;22;7;57;50;29;0;0;0;737;22;Y;Y;Y;Y;Y;N;Y
213355;3811;971;2017;complete;1289;15;-1;41;86;1;1;2;4;8;12;1;0;3;3;1;1;2;4;7;12;9;16;9;15;43;57;5;4;2.97;3.69;2.39;0;0;0;0;0;0;0;0;0;0;0;0;0;0;0;0;0;0;0;0;0;0;0;0;0;0;0;0;0;0;0;0;0;0;0;0;0;0;0;0;0;0;0;0;0;0;0;0;0;0;0;0;0;0;0;0;0;0;0;0;0;0;0;0;0;2;1;0;0;1;1;1;2017-08-14 18:00:00;-1;0;72;29;43;0;-1;1;-1;-1;-1;-1;-1;-1;1;1;3;3;2;6;-1;0;0;0;0;0;0;0;0;0;0;0;0;0;1;1;0;0;-1;-1;0;0;-1;-1;-1;-1;-1;-1;-1;-1;-1;22;57;72;86;86;36;72;86;57;16.57;1.71;3.28;3.57;KA;Stjarnan;1.55;1.36;1.29;1.29;1.21;1.79;79;43;29;15;15;93;86;57;0;0;0;737;22;Y;Y;N;N;N;N;Y
213356;973;3809;2017;complete;1289;15;-1;;;0;0;0;2;9;11;2;2;1;3;0;0;4;3;9;9;13;12;6;23;44;56;1;3;2.46;3.58;2.94;0;0;0;0;0;0;0;0;0;0;0;0;0;0;0;0;0;0;0;0;0;0;0;0;0;0;0;0;0;0;0;0;0;0;0;0;0;0;0;0;0;0;0;0;0;0;0;0;0;0;0;0;0;0;0;0;0;0;0;0;0;0;0;0;0;0;0;0;0;0;0;0;2017-08-14 18:30:00;-1;0;71;15;36;0;-1;1;-1;-1;-1;-1;-1;-1;1;0;0;3;1;3;-1;0;0;0;0;0;0;0;0;0;0;0;0;0;1;1;0;0;-1;-1;0;0;-1;-1;-1;-1;-1;-1;-1;-1;-1;14;22;57;79;100;22;72;100;50;13.28;2.29;3.43;2.86;KR;Valur;1.18;1.91;1.57;1.86;1.5;2.14;86;79;43;22;0;64;50;43;0;0;0;737;22;N;N;N;N;N;N;N
213357;3805;3804;2017;complete;1289;15;-1;;73;0;1;1;6;3;9;2;3;0;1;0;1;5;3;7;4;12;7;10;10;59;41;0;3;1.65;4.08;5.77;0;0;0;0;0;0;0;0;0;0;0;0;0;0;0;0;0;0;0;0;0;0;0;0;0;0;0;0;0;0;0;0;0;0;0;0;0;0;0;0;0;0;0;0;0;0;0;0;0;0;0;0;0;0;0;0;0;0;0;0;0;0;0;0;0;1;0;0;0;1;1;0;2017-08-16 18:00:00;3804;0;57;29;22;0;-1;1;-1;-1;-1;-1;-1;-1;0;1;0;1;1;1;-1;0;0;0;0;0;0;0;0;0;0;0;0;0;1;1;0;0;-1;-1;0;0;-1;-1;-1;-1;-1;-1;-1;-1;-1;14;36;43;79;93;36;57;71;43;7.57;1.28;5.85;2.72;ÍBV;Víkingur Ólafsvík;1.36;1;1.29;1;0.93;1.14;86;64;57;22;7;36;36;36;0;0;0;737;22;Y;N;N;N;N;N;N
213358;3807;3805;2017;complete;1289;16;-1;;37;0;1;1;5;5;10;-1;-1;2;2;0;0;9;6;11;8;20;14;-1;-1;52;48;2;2;3.05;3.68;2.35;0;0;0;0;0;0;0;0;0;0;0;0;0;0;0;0;0;0;0;0;0;0;0;0;0;0;0;0;0;0;0;0;0;0;0;0;0;0;0;0;0;0;0;0;0;0;0;0;0;0;0;0;0;0;0;0;0;0;0;0;0;0;0;0;0;1;0;1;0;0;0;1;2017-08-20 16:00:00;3805;0;86;43;36;0;-1;1;-1;-1;-1;-1;-1;-1;1;0;1;2;1;3;-1;0;0;0;0;0;0;0;0;0;0;0;0;0;1;1;0;0;-1;-1;0;0;-1;-1;-1;-1;-1;-1;-1;-1;-1;43;57;79;100;100;64;93;100;64;10.43;0.43;3.71;4.22;ÍA;ÍBV;0.91;0.91;0.71;0.57;0.67;0.87;57;43;22;0;0;79;72;65;0;0;0;737;22;Y;N;N;N;N;N;N
213359;3804;3803;2017;complete;1289;16;-1;;13,40,53;0;3;3;2;1;3;-1;-1;3;1;0;0;2;10;3;7;5;17;-1;-1;48;52;3;1;4.35;3.83;1.87;0;0;0;0;0;0;0;0;0;0;0;0;0;0;0;0;0;0;0;0;0;0;0;0;0;0;0;0;0;0;0;0;0;0;0;0;0;0;0;0;0;0;0;0;0;0;0;0;0;0;0;0;0;0;0;0;0;0;0;0;0;0;0;0;0;3;0;2;0;1;1;2;2017-08-20 18:00:00;3803;0;71;14;43;0;-1;1;-1;-1;-1;-1;-1;-1;1;0;2;1;1;3;-1;0;0;0;0;0;0;0;0;0;0;0;0;0;1;1;0;0;-1;-1;0;0;-1;-1;-1;-1;-1;-1;-1;-1;-1;29;29;65;86;100;29;79;93;64;10;1;4.88;3.15;Víkingur Ólafsvík;Breidablik;1;1.55;1.29;1.57;1.27;1.2;72;72;36;14;0;72;72;72;0;0;0;737;22;Y;Y;Y;N;N;N;N
213360;3810;3811;2017;complete;1289;16;-1;;12;0;1;1;4;4;8;2;0;5;5;1;0;5;3;5;7;10;10;20;17;51;49;7;5;2.15;3.68;3.47;0;0;0;0;0;0;0;0;0;0;0;0;0;0;0;0;0;0;0;0;0;0;0;0;0;0;0;0;0;0;0;0;0;0;0;0;0;0;0;0;0;0;0;0;0;0;0;0;0;0;0;0;0;0;0;0;0;0;0;0;0;0;0;0;0;1;0;1;0;0;0;1;2017-08-20 18:00:00;3811;0;72;22;29;0;-1;1;-1;-1;-1;-1;-1;-1;1;2;5;3;3;8;-1;0;0;0;0;0;0;0;0;0;0;0;0;0;1;1;0;0;-1;-1;0;0;-1;-1;-1;-1;-1;-1;-1;-1;-1;14;36;72;86;100;43;86;93;57;9.85;0.28;4.83;3.07;Víkingur Reykjavík;KA;0.82;1.09;1;1.14;1.47;1.2;86;65;29;14;0;71;64;57;0;0;0;737;22;Y;N;N;N;N;N;N
213361;3809;3806;2017;complete;1289;16;-1;22,80;;2;0;2;8;8;16;-1;-1;1;2;0;0;8;3;7;6;15;9;-1;-1;50;50;1;2;1.47;4.91;7;0;0;0;0;0;0;0;0;0;0;0;0;0;0;0;0;0;0;0;0;0;0;0;0;0;0;0;0;0;0;0;0;0;0;0;0;0;0;0;0;0;0;0;0;0;0;0;0;0;0;0;0;0;0;0;0;0;0;0;0;0;0;0;0;0;2;1;0;1;0;1;1;2017-08-21 19:15:00;3809;0;50;14;15;0;-1;1;-1;-1;-1;-1;-1;-1;1;1;0;1;2;1;-1;0;0;0;0;0;0;0;0;0;0;0;0;0;1;1;0;0;-1;-1;0;0;-1;-1;-1;-1;-1;-1;-1;-1;-1;22;29;57;79;93;36;79;86;50;10.57;3.28;4.28;2.86;Valur;Grindavík;2.64;0.91;2.43;1.43;2.07;1.6;79;72;43;22;7;79;64;50;0;0;0;737;22;Y;Y;N;N;N;N;N
213362;971;3808;2017;complete;1289;16;-1;15,36,73,76;;4;0;4;4;6;10;1;2;1;2;0;0;7;5;4;10;11;15;5;10;55;45;1;2;1.65;4.3;5.33;0;0;0;0;0;0;0;0;0;0;0;0;0;0;0;0;0;0;0;0;0;0;0;0;0;0;0;0;0;0;0;0;0;0;0;0;0;0;0;0;0;0;0;0;0;0;0;0;0;0;0;0;0;0;0;0;0;0;0;0;0;0;0;0;0;4;2;0;2;0;2;2;2017-08-21 19:15:00;971;0;50;29;22;0;-1;1;-1;-1;-1;-1;-1;-1;1;1;0;1;2;1;-1;0;0;0;0;0;0;0;1;0;1;0;0;0;1;1;0;0;-1;-1;0;0;-1;-1;-1;-1;-1;-1;-1;-1;-1;15;29;64;93;93;36;79;93;57;11.43;1.43;3.42;2.93;Stjarnan;Fjölnir;2.09;0.45;2.29;0.57;1.73;1.14;86;72;36;7;7;86;79;79;0;0;0;737;22;Y;Y;Y;Y;N;N;N
213363;3805;3809;2017;complete;1289;17;-1;54,90;9,21,49;2;3;5;5;7;12;1;2;2;4;0;0;4;9;6;3;10;12;12;12;49;51;2;4;4.82;3.9;1.78;0;0;0;0;0;0;0;0;0;0;0;0;0;0;0;0;0;0;0;0;0;0;0;0;0;0;0;0;0;0;0;0;0;0;0;0;0;0;0;0;0;0;0;0;0;0;0;0;0;0;0;0;0;0;0;0;0;0;0;0;0;0;0;0;0;5;0;2;2;1;3;2;2017-08-27 14:00:00;3809;0;57;25;19;0;-1;1;-1;-1;-1;-1;-1;-1;2;1;0;3;3;3;-1;0;0;0;0;0;0;0;0;0;0;0;0;0;1;1;0;1;-1;-1;0;0;-1;-1;-1;-1;-1;-1;-1;-1;-1;13;26;44;57;88;25;57;82;26;10.88;1.88;4.01;2.32;ÍBV;Valur;1.36;1.91;1.13;1.75;1;2.13;88;76;57;44;13;57;44;44;0;0;0;737;22;Y;Y;Y;Y;Y;N;Y
213364;3806;973;2017;complete;1289;17;-1;45,75;35,81;2;2;4;7;8;15;1;2;0;0;0;0;8;6;3;5;11;11;11;12;49;51;0;0;4.63;3.91;1.81;0;0;0;0;0;0;0;0;0;0;0;0;0;0;0;0;0;0;0;0;0;0;0;0;0;0;0;0;0;0;0;0;0;0;0;0;0;0;0;0;0;0;0;0;0;0;0;0;0;0;0;0;0;0;0;0;0;0;0;0;0;0;0;0;0;4;1;1;1;1;2;2;2017-08-27 17:00:00;-1;0;80;14;40;0;-1;-1;-1;-1;-1;-1;-1;-1;0;0;0;0;0;0;-1;0;0;0;0;0;0;0;0;0;0;0;0;0;1;1;0;0;-1;-1;-1;-1;-1;-1;-1;-1;-1;-1;-1;-1;-1;14;40;73;94;100;41;62;100;46;9.34;0.32;4.86;3.2;Grindavík;KR;1.91;1.64;1.75;1.43;1.5;1.47;87;61;27;7;0;75;61;34;0;0;0;737;22;Y;Y;Y;Y;N;N;Y
213365;3811;3804;2017;complete;1289;17;-1;10,35,63,68,75;;5;0;5;7;4;11;-1;-1;0;4;0;0;9;3;10;3;19;6;-1;-1;48;52;0;4;1.58;4.29;6.29;0;0;0;0;0;0;0;0;0;0;0;0;0;0;0;0;0;0;0;0;0;0;0;0;0;0;0;0;0;0;0;0;0;0;0;0;0;0;0;0;0;0;0;0;0;0;0;0;0;0;0;0;0;0;0;0;0;0;0;0;0;0;0;0;0;5;2;0;3;0;3;2;2017-08-27 18:00:00;3811;0;57;25;32;0;-1;1;-1;-1;-1;-1;-1;-1;0;1;0;3;1;3;-1;0;0;0;0;0;0;0;0;0;0;0;0;0;1;1;1;0;-1;-1;0;0;-1;-1;-1;-1;-1;-1;-1;-1;-1;26;38;44;82;88;38;51;75;57;11.01;1.13;5.63;3.13;KA;Víkingur Ólafsvík;1.55;1;1.25;1.25;1.31;1.19;76;63;57;19;13;75;63;51;0;0;0;737;22;Y;Y;Y;Y;Y;N;N
213366;3808;3810;2017;complete;1289;17;-1;32,75,79;45;3;1;4;8;2;10;0;4;1;2;0;0;5;10;11;7;16;17;7;7;48;52;1;2;2.63;3.6;2.72;0;0;0;0;0;0;0;0;0;0;0;0;0;0;0;0;0;0;0;0;0;0;0;0;0;0;0;0;0;0;0;0;0;0;0;0;0;0;0;0;0;0;0;0;0;0;0;0;0;0;0;0;0;0;0;0;0;0;0;0;0;0;0;0;0;4;1;1;2;0;2;2;2017-08-27 18:00:00;3808;0;80;27;34;0;-1;1;-1;-1;-1;-1;-1;-1;0;0;1;2;0;3;-1;0;0;0;0;0;0;0;1;1;1;1;0;0;1;1;0;0;-1;-1;0;0;-1;-1;-1;-1;-1;-1;-1;-1;-1;0;34;66;87;100;34;73;87;47;10.56;1.82;5.06;2.87;Fjölnir;Víkingur Reykjavík;1.82;1.64;1.71;1.88;1.07;1.38;100;66;34;14;0;61;61;61;0;0;0;737;22;Y;Y;Y;Y;N;N;Y
213367;3803;3807;2017;complete;1289;17;-1;21,86;;2;0;2;4;5;9;-1;-1;1;2;0;0;5;4;11;10;16;14;-1;-1;48;52;1;2;1.54;4.58;6.37;0;0;0;0;0;0;0;0;0;0;0;0;0;0;0;0;0;0;0;0;0;0;0;0;0;0;0;0;0;0;0;0;0;0;0;0;0;0;0;0;0;0;0;0;0;0;0;0;0;0;0;0;0;0;0;0;0;0;0;0;0;0;0;0;0;2;1;0;1;0;1;1;2017-08-27 18:00:00;3803;0;69;19;50;0;-1;1;-1;-1;-1;-1;-1;-1;0;1;1;1;1;2;-1;0;0;0;0;0;0;0;0;0;0;0;0;0;1;1;0;0;-1;-1;0;0;-1;-1;-1;-1;-1;-1;-1;-1;-1;19;38;76;82;88;38;69;69;63;11.38;0.75;4.38;3.07;Breidablik;ÍA;1.18;0.64;0.88;0.63;1.31;0.63;82;63;26;19;13;76;76;69;0;0;0;737;22;Y;Y;N;N;N;N;N
213368;971;54;2017;complete;1289;17;-1;90;45;1;1;2;3;3;6;-1;-1;2;6;0;1;8;3;8;2;16;5;-1;-1;52;48;2;7;2.68;3.68;2.6;0;0;0;0;0;0;0;0;0;0;0;0;0;0;0;0;0;0;0;0;0;0;0;0;0;0;0;0;0;0;0;0;0;0;0;0;0;0;0;0;0;0;0;0;0;0;0;0;0;0;0;0;0;0;0;0;0;0;0;0;0;0;0;0;0;2;0;1;1;0;1;1;2017-08-27 19:15:00;-1;0;55;26;28;0;-1;1;-1;-1;-1;-1;-1;-1;0;1;2;6;1;8;-1;0;0;0;0;0;0;0;0;0;0;0;0;0;1;1;0;0;-1;-1;0;0;-1;-1;-1;-1;-1;-1;-1;-1;-1;20;40;59;86;93;39;73;93;60;10.49;1.74;2.61;3.04;Stjarnan;FH;2.09;1.64;2.38;1.86;1.81;1.71;81;61;41;15;7;66;66;46;0;0;0;737;22;Y;Y;N;N;N;N;Y
213369;54;973;2017;complete;1289;16;-1;;67;0;1;1;10;5;15;1;2;3;1;0;0;5;5;6;8;11;13;12;12;51;49;3;1;1.88;3.99;4.15;0;0;0;0;0;0;0;0;0;0;0;0;0;0;0;0;0;0;0;0;0;0;0;0;0;0;0;0;0;0;0;0;0;0;0;0;0;0;0;0;0;0;0;0;0;0;0;0;0;0;0;0;0;0;0;0;0;0;0;0;0;0;0;0;0;1;0;0;0;1;1;0;2017-08-31 17:45:00;973;0;66;20;48;0;-1;1;-1;-1;-1;-1;-1;-1;1;1;2;0;2;2;-1;0;0;0;0;0;0;0;0;0;0;0;0;0;1;1;0;0;-1;-1;0;0;-1;-1;-1;-1;-1;-1;-1;-1;-1;7;34;73;100;100;46;80;93;62;13.86;0.16;3.63;3.13;FH;KR;1.55;1.64;1.57;1.38;1.67;1.44;94;67;27;0;0;80;73;61;0;0;0;737;22;Y;N;N;N;N;N;N
213370;973;3805;2017;complete;1289;18;-1;;22,57,90;0;3;3;-1;-1;-1;-1;-1;3;1;0;0;-1;-1;-1;-1;-1;-1;-1;-1;-1;-1;3;1;1.6;4.24;6.04;0;0;0;0;0;0;0;0;0;0;0;0;0;0;0;0;0;0;0;0;0;0;0;0;0;0;0;0;0;0;0;0;0;0;0;0;0;0;0;0;0;0;0;0;0;0;0;0;0;0;0;0;0;0;0;0;0;0;0;0;0;0;0;0;0;3;0;1;0;2;2;1;2017-09-09 14:00:00;3805;0;63;13;32;0;-1;1;-1;-1;-1;-1;-1;-1;1;1;2;0;2;2;-1;0;0;0;0;0;0;0;0;0;0;0;0;0;1;1;0;0;-1;-1;0;0;-1;-1;-1;-1;-1;-1;-1;-1;-1;19;32;63;82;94;32;82;88;50;11.38;2.26;4.01;3.19;KR;ÍBV;1.18;0.91;1.5;0.88;1.53;0.94;82;69;38;19;7;69;57;38;0;0;0;737;22;Y;Y;Y;N;N;N;N
213371;3804;3808;2017;complete;1289;18;-1;6,19,26,87;29,36,60,82;4;4;8;3;3;6;-1;-1;4;1;0;0;8;9;7;7;15;16;-1;-1;53;47;4;1;3.39;3.66;2.19;0;0;0;0;0;0;0;0;0;0;0;0;0;0;0;0;0;0;0;0;0;0;0;0;0;0;0;0;0;0;0;0;0;0;0;0;0;0;0;0;0;0;0;0;0;0;0;0;0;0;0;0;0;0;0;0;0;0;0;0;0;0;0;0;0;8;3;2;1;2;3;5;2017-09-09 16:30:00;-1;0;57;13;38;0;-1;1;-1;-1;-1;-1;-1;-1;1;0;3;1;1;4;-1;0;0;0;0;0;0;0;0;0;0;0;0;0;1;1;1;0;-1;-1;0;0;-1;-1;-1;-1;-1;-1;-1;-1;-1;7;19;76;88;94;32;82;88;63;8.01;0;5.77;2.82;Víkingur Ólafsvík;Fjölnir;1;0.45;1.13;0.5;1.12;1.19;94;82;26;13;7;75;69;63;0;0;0;737;22;Y;Y;Y;Y;Y;Y;Y
213372;3810;971;2017;complete;1289;18;-1;34,47;12,90;2;2;4;6;2;8;6;0;1;1;0;0;5;6;7;5;12;11;9;16;41;59;1;1;3.2;3.67;2.27;0;0;0;0;0;0;0;0;0;0;0;0;0;0;0;0;0;0;0;0;0;0;0;0;0;0;0;0;0;0;0;0;0;0;0;0;0;0;0;0;0;0;0;0;0;0;0;0;0;0;0;0;0;0;0;0;0;0;0;0;0;0;0;0;0;4;1;1;1;1;2;2;2017-09-10 17:00:00;-1;0;69;13;26;0;-1;1;-1;-1;-1;-1;-1;-1;1;0;0;1;1;1;-1;0;0;0;0;0;0;0;0;0;0;0;0;0;1;1;0;0;-1;-1;0;0;-1;-1;-1;-1;-1;-1;-1;-1;-1;7;32;63;88;100;19;82;94;50;15.26;1.75;5;2.88;Víkingur Reykjavík;Stjarnan;0.82;1.36;0.88;1.25;1.29;1.76;94;69;38;13;0;76;76;57;0;0;0;737;22;Y;Y;Y;Y;N;N;Y
213373;54;3806;2017;complete;1289;18;-1;19;;1;0;1;8;5;13;4;3;2;1;0;0;6;6;6;12;12;18;16;9;55;45;2;1;1.52;4.58;6.81;0;0;0;0;0;0;0;0;0;0;0;0;0;0;0;0;0;0;0;0;0;0;0;0;0;0;0;0;0;0;0;0;0;0;0;0;0;0;0;0;0;0;0;0;0;0;0;0;0;0;0;0;0;0;0;0;0;0;0;0;0;0;0;0;0;1;1;0;0;0;0;1;2017-09-10 17:00:00;54;0;44;13;38;0;-1;1;-1;-1;-1;-1;-1;-1;1;0;1;1;1;2;-1;0;0;0;0;0;0;0;0;0;0;0;0;0;1;1;0;0;-1;-1;0;0;-1;-1;-1;-1;-1;-1;-1;-1;-1;13;32;63;82;94;25;69;88;69;13.51;1.63;4.26;2.82;FH;Grindavík;1.55;0.91;1.38;1.25;1.56;1.47;88;69;38;19;7;75;75;75;0;0;0;737;22;Y;N;N;N;N;N;N
213374;3807;3811;2017;complete;1289;18;-1;60,70;;2;0;2;3;10;13;-1;-1;3;4;0;1;9;2;4;6;13;8;-1;-1;48;52;3;6;4.12;3.86;1.91;0;0;0;0;0;0;0;0;0;0;0;0;0;0;0;0;0;0;0;0;0;0;0;0;0;0;0;0;0;0;0;0;0;0;0;0;0;0;0;0;0;0;0;0;0;0;0;0;0;0;0;0;0;0;0;0;0;0;0;0;0;0;0;0;0;2;0;0;2;0;2;0;2017-09-10 17:00:00;3807;0;82;44;38;0;-1;1;-1;-1;-1;-1;-1;-1;1;2;2;3;3;5;-1;0;0;0;0;0;0;0;0;0;0;0;0;0;1;1;0;0;-1;-1;0;1;-1;-1;-1;-1;-1;-1;-1;-1;-1;32;57;69;82;100;63;100;82;57;8.25;0;3.92;3.51;ÍA;KA;0.91;1.09;0.63;1.38;0.59;1.41;69;44;32;19;0;76;69;63;0;0;0;737;22;Y;Y;N;N;N;N;N
213375;3809;3803;2017;complete;1289;18;-1;80;;1;0;1;10;2;12;-1;-1;2;2;0;0;3;2;2;4;5;6;-1;-1;52;48;2;2;1.68;4.15;5.24;0;0;0;0;0;0;0;0;0;0;0;0;0;0;0;0;0;0;0;0;0;0;0;0;0;0;0;0;0;0;0;0;0;0;0;0;0;0;0;0;0;0;0;0;0;0;0;0;0;0;0;0;0;0;0;0;0;0;0;0;0;0;0;0;0;1;0;0;1;0;1;0;2017-09-10 19:15:00;3809;0;57;13;13;0;-1;1;-1;-1;-1;-1;-1;-1;1;0;1;2;1;3;-1;0;0;0;0;0;0;0;0;0;0;0;0;0;1;1;0;0;-1;-1;0;0;-1;-1;-1;-1;-1;-1;-1;-1;-1;26;26;44;88;100;38;82;94;38;12.63;3.01;3.63;2.94;Valur;Breidablik;2.64;1.55;2.5;1.75;2.18;1.41;76;76;57;13;0;82;69;57;0;0;0;737;22;Y;N;N;N;N;N;N
213376;3811;3809;2017;complete;1289;19;-1;47;63;1;1;2;5;5;10;1;0;3;0;0;0;4;3;10;10;14;13;13;10;46;54;3;0;3.56;3.82;2.07;0;0;0;0;0;0;0;0;0;0;0;0;0;0;0;0;0;0;0;0;0;0;0;0;0;0;0;0;0;0;0;0;0;0;0;0;0;0;0;0;0;0;0;0;0;0;0;0;0;0;0;0;0;0;0;0;0;0;0;0;0;0;0;0;0;2;0;0;1;1;2;0;2017-09-14 17:00:00;-1;0;62;22;33;0;-1;1;-1;-1;-1;-1;-1;-1;1;0;2;0;1;2;-1;0;0;0;0;0;0;0;0;1;0;1;0;0;1;1;0;0;-1;-1;0;0;-1;-1;-1;-1;-1;-1;-1;-1;-1;33;39;56;73;84;39;62;84;50;14.11;1.22;4.11;3.17;KA;Valur;1.55;1.91;1.44;1.89;1.33;2.22;67;61;44;28;17;89;78;67;0;0;0;737;22;Y;Y;N;N;N;N;Y
213377;3803;973;2017;complete;1289;19;-1;47;6,14,64;1;3;4;9;7;16;3;2;2;4;0;0;6;7;8;4;14;11;10;14;57;43;2;4;2.97;3.63;2.42;0;0;0;0;0;0;0;0;0;0;0;0;0;0;0;0;0;0;0;0;0;0;0;0;0;0;0;0;0;0;0;0;0;0;0;0;0;0;0;0;0;0;0;0;0;0;0;0;0;0;0;0;0;0;0;0;0;0;0;0;0;0;0;0;0;4;0;2;1;1;2;2;2017-09-14 17:00:00;973;0;73;22;39;0;-1;1;-1;-1;-1;-1;-1;-1;0;1;2;3;1;5;-1;0;0;0;0;0;0;0;0;0;0;0;0;0;1;1;0;1;-1;-1;0;1;-1;-1;-1;-1;-1;-1;-1;-1;-1;6;28;73;89;95;45;73;89;45;13.22;0.22;3.67;2.89;Breidablik;KR;1.18;1.64;1.11;1.56;1.33;1.44;95;73;28;11;6;89;78;67;0;0;0;737;22;Y;Y;Y;Y;N;N;Y
213378;3810;54;2017;complete;1289;19;-1;4,25;37,38,39,45;2;4;6;7;9;16;-1;-1;1;4;0;0;6;6;7;4;13;10;-1;-1;52;48;1;4;3.85;3.69;2.02;0;0;0;0;0;0;0;0;0;0;0;0;0;0;0;0;0;0;0;0;0;0;0;0;0;0;0;0;0;0;0;0;0;0;0;0;0;0;0;0;0;0;0;0;0;0;0;0;0;0;0;0;0;0;0;0;0;0;0;0;0;0;0;0;0;6;2;4;0;0;0;6;2017-09-14 17:00:00;54;0;66;12;30;0;-1;1;-1;-1;-1;-1;-1;-1;0;3;1;1;3;2;-1;0;0;0;0;0;0;0;0;1;0;1;0;0;1;1;1;0;-1;-1;0;0;-1;-1;-1;-1;-1;-1;-1;-1;-1;12;24;47;77;94;18;71;89;53;10.96;1.96;5.72;2.59;Víkingur Reykjavík;FH;0.82;1.64;0.89;1.75;1.28;1.65;89;77;54;24;7;53;53;35;0;0;0;737;22;Y;Y;Y;Y;Y;Y;Y
213379;3805;3806;2017;complete;1289;19;-1;1,33;76;2;1;3;5;6;11;2;1;0;2;0;0;6;3;3;9;9;12;14;13;36;64;0;2;2.02;3.84;3.7;0;0;0;0;0;0;0;0;0;0;0;0;0;0;0;0;0;0;0;0;0;0;0;0;0;0;0;0;0;0;0;0;0;0;0;0;0;0;0;0;0;0;0;0;0;0;0;0;0;0;0;0;0;0;0;0;0;0;0;0;0;0;0;0;0;3;2;0;0;1;1;2;2017-09-14 17:00:00;3805;0;45;17;22;0;-1;1;-1;-1;-1;-1;-1;-1;0;1;0;1;1;1;-1;0;0;0;0;0;0;0;0;0;0;0;0;0;1;1;1;0;-1;-1;0;1;-1;-1;-1;-1;-1;-1;-1;-1;-1;22;39;50;62;89;28;73;78;39;9.33;2.66;4.33;2.62;ÍBV;Grindavík;1.36;0.91;1;1.11;1.06;1.39;78;62;50;39;11;61;56;56;0;0;0;737;22;Y;Y;Y;N;N;N;Y
213380;3808;3807;2017;complete;1289;19;-1;48,75;53,60;2;2;4;4;6;10;-1;-1;3;2;0;0;6;3;7;5;13;8;-1;-1;47;53;3;2;1.65;4.38;5.25;0;0;0;0;0;0;0;0;0;0;0;0;0;0;0;0;0;0;0;0;0;0;0;0;0;0;0;0;0;0;0;0;0;0;0;0;0;0;0;0;0;0;0;0;0;0;0;0;0;0;0;0;0;0;0;0;0;0;0;0;0;0;0;0;0;4;0;0;2;2;4;0;2017-09-14 17:00:00;-1;0;60;25;35;0;-1;1;-1;-1;-1;-1;-1;-1;0;0;3;2;0;5;-1;0;0;0;0;0;0;0;0;0;0;0;0;0;1;1;0;0;-1;-1;0;0;-1;-1;-1;-1;-1;-1;-1;-1;-1;17;47;60;83;95;42;77;78;53;9.53;0.83;4.36;3.06;Fjölnir;ÍA;1.82;0.64;1.88;0.56;1.18;0.72;84;53;41;18;6;71;66;54;0;0;0;737;22;Y;Y;Y;Y;N;N;Y
213381;971;3804;2017;complete;1289;19;-1;33,75,77;;3;0;3;12;5;17;2;2;0;0;0;0;17;7;12;5;29;12;12;6;60;40;0;0;1.34;5.85;9.51;0;0;0;0;0;0;0;0;0;0;0;0;0;0;0;0;0;0;0;0;0;0;0;0;0;0;0;0;0;0;0;0;0;0;0;0;0;0;0;0;0;0;0;0;0;0;0;0;0;0;0;0;0;0;0;0;0;0;0;0;0;0;0;0;0;3;1;0;2;0;2;1;2017-09-14 19:15:00;971;0;44;28;17;0;-1;-1;-1;-1;-1;-1;-1;-1;0;0;0;0;0;0;-1;0;0;0;0;0;0;0;0;0;0;0;0;0;1;1;0;0;-1;-1;-1;-1;-1;-1;-1;-1;-1;-1;-1;-1;-1;22;39;56;95;100;50;67;89;62;9.22;1;4.11;3.17;Stjarnan;Víkingur Ólafsvík;2.09;1;2.22;1.11;1.72;1.11;78;62;45;6;0;62;56;50;0;0;0;737;22;Y;Y;Y;N;N;N;N
213382;3806;3803;2017;complete;1289;20;-1;15,30,43,89;4,52,90;4;3;7;4;11;15;-1;-1;5;1;0;0;6;12;3;13;9;25;-1;-1;49;51;5;1;3.73;3.75;2.04;0;0;0;0;0;0;0;0;0;0;0;0;0;0;0;0;0;0;0;0;0;0;0;0;0;0;0;0;0;0;0;0;0;0;0;0;0;0;0;0;0;0;0;0;0;0;0;0;0;0;0;0;0;0;0;0;0;0;0;0;0;0;0;0;0;7;3;1;1;2;3;4;2017-09-17 16:00:00;3806;0;73;17;39;0;-1;1;-1;-1;-1;-1;-1;-1;1;1;4;0;2;4;-1;0;0;0;0;0;0;0;0;1;0;1;0;0;1;1;0;1;-1;-1;0;0;-1;-1;-1;-1;-1;-1;-1;-1;-1;22;45;61;84;100;33;56;100;56;10.22;2.11;4.34;3.17;Grindavík;Breidablik;1.91;1.55;1.67;1.56;1.32;1.26;78;56;39;17;0;73;67;56;0;0;0;737;22;Y;Y;Y;Y;Y;Y;Y
213383;54;3805;2017;complete;1289;20;-1;56,90;47;2;1;3;8;2;10;-1;-1;2;2;0;0;3;2;0;0;3;2;-1;-1;51;49;2;2;1.63;4.24;5.69;0;0;0;0;0;0;0;0;0;0;0;0;0;0;0;0;0;0;0;0;0;0;0;0;0;0;0;0;0;0;0;0;0;0;0;0;0;0;0;0;0;0;0;0;0;0;0;0;0;0;0;0;0;0;0;0;0;0;0;0;0;0;0;0;0;3;0;0;2;1;3;0;2017-09-17 16:00:00;54;0;50;17;33;0;-1;1;-1;-1;-1;-1;-1;-1;1;0;1;2;1;3;-1;0;0;0;0;0;0;0;0;0;0;0;0;0;1;1;0;0;-1;-1;0;0;-1;-1;-1;-1;-1;-1;-1;-1;-1;11;28;67;84;100;33;78;84;62;13.49;1;4.11;3.12;FH;ÍBV;1.55;0.91;1.56;1.11;1.72;1.16;89;73;33;17;0;77;71;58;0;0;0;737;22;Y;Y;Y;N;N;N;Y
213384;3807;971;2017;complete;1289;20;-1;1,88;10,59;2;2;4;4;11;15;-1;-1;0;1;0;0;5;11;8;12;13;23;-1;-1;48;52;0;1;6.09;4.62;1.55;0;0;0;0;0;0;0;0;0;0;0;0;0;0;0;0;0;0;0;0;0;0;0;0;0;0;0;0;0;0;0;0;0;0;0;0;0;0;0;0;0;0;0;0;0;0;0;0;0;0;0;0;0;0;0;0;0;0;0;0;0;0;0;0;0;4;1;1;1;1;2;2;2017-09-17 16:00:00;-1;0;84;39;39;0;-1;1;-1;-1;-1;-1;-1;-1;0;0;0;1;0;1;-1;0;0;0;0;0;0;0;0;0;0;0;0;0;1;1;1;1;-1;-1;0;0;-1;-1;-1;-1;-1;-1;-1;-1;-1;22;56;67;95;100;45;89;95;62;12.89;0.56;3.22;3.5;ÍA;Stjarnan;0.91;1.36;0.89;1.22;0.74;1.79;78;44;33;6;0;84;84;67;0;0;0;737;22;Y;Y;Y;Y;N;N;Y
213385;973;3811;2017;complete;1289;20;-1;;;0;0;0;5;3;8;-1;-1;3;6;0;0;4;4;5;9;9;13;-1;-1;52;48;3;6;1.76;3.99;4.82;0;0;0;0;0;0;0;0;0;0;0;0;0;0;0;0;0;0;0;0;0;0;0;0;0;0;0;0;0;0;0;0;0;0;0;0;0;0;0;0;0;0;0;0;0;0;0;0;0;0;0;0;0;0;0;0;0;0;0;0;0;0;0;0;0;0;0;0;0;0;0;0;2017-09-17 16:00:00;-1;0;62;17;33;0;-1;1;-1;-1;-1;-1;-1;-1;1;1;2;5;2;7;-1;0;0;0;0;0;0;0;0;0;0;0;0;0;1;1;0;0;-1;-1;0;1;-1;-1;-1;-1;-1;-1;-1;-1;-1;11;33;62;78;95;34;84;84;56;10;1.23;4.75;2.84;KR;KA;1.18;1.09;1.33;1.22;1.53;1.32;89;67;39;22;6;65;53;47;0;0;0;737;22;N;N;N;N;N;N;N
213386;3809;3808;2017;complete;1289;20;-1;4,45,49,82;86;4;1;5;9;2;11;-1;-1;1;0;0;0;6;3;8;8;14;11;-1;-1;50;50;1;0;1.54;4.58;6.34;0;0;0;0;0;0;0;0;0;0;0;0;0;0;0;0;0;0;0;0;0;0;0;0;0;0;0;0;0;0;0;0;0;0;0;0;0;0;0;0;0;0;0;0;0;0;0;0;0;0;0;0;0;0;0;0;0;0;0;0;0;0;0;0;0;5;2;0;2;1;3;2;2017-09-17 19:15:00;3809;0;50;17;17;0;-1;1;-1;-1;-1;-1;-1;-1;0;0;1;0;0;1;-1;0;0;0;0;0;0;0;0;0;0;0;0;0;1;1;1;0;-1;-1;0;0;-1;-1;-1;-1;-1;-1;-1;-1;-1;11;22;50;84;95;33;78;89;45;11.66;1.67;4.44;2.83;Valur;Fjölnir;2.64;0.45;2.56;0.56;2.16;1.17;89;78;50;17;6;89;73;56;0;0;0;737;22;Y;Y;Y;Y;Y;N;Y
213387;3804;3810;2017;complete;1289;20;-1;64;26,63,77;1;3;4;3;4;7;-1;-1;2;2;0;0;4;7;5;8;9;15;-1;-1;47;53;2;2;4.64;4.03;1.78;0;0;0;0;0;0;0;0;0;0;0;0;0;0;0;0;0;0;0;0;0;0;0;0;0;0;0;0;0;0;0;0;0;0;0;0;0;0;0;0;0;0;0;0;0;0;0;0;0;0;0;0;0;0;0;0;0;0;0;0;0;0;0;0;0;4;0;1;1;2;3;1;2017-09-18 16:45:00;3810;0;78;28;45;0;-1;1;-1;-1;-1;-1;-1;-1;1;1;1;1;2;2;-1;0;0;0;0;0;0;0;0;1;0;1;0;0;1;1;0;0;-1;-1;0;0;-1;-1;-1;-1;-1;-1;-1;-1;-1;11;28;84;89;100;39;84;89;62;7.22;0.56;5.81;3.28;Víkingur Ólafsvík;Víkingur Reykjavík;1;1.64;1.11;1.67;1.05;1.21;89;73;17;11;0;50;50;44;0;0;0;737;22;Y;Y;Y;Y;N;N;Y
213388;3808;54;2017;complete;1289;15;-1;52,89;74;2;1;3;9;8;17;4;2;1;4;0;0;5;7;10;7;15;14;13;11;41;59;1;4;3.66;3.79;2.05;0;0;0;0;0;0;0;0;0;0;0;0;0;0;0;0;0;0;0;0;0;0;0;0;0;0;0;0;0;0;0;0;0;0;0;0;0;0;0;0;0;0;0;0;0;0;0;0;0;0;0;0;0;0;0;0;0;0;0;0;0;0;0;0;0;3;0;0;2;1;3;0;2017-09-21 16:30:00;3808;0;78;28;33;0;-1;1;-1;-1;-1;-1;-1;-1;0;1;1;3;1;4;-1;0;0;0;0;0;0;0;0;0;0;0;0;0;1;1;0;0;-1;-1;0;0;-1;-1;-1;-1;-1;-1;-1;-1;-1;11;45;56;84;95;33;67;84;50;10.67;0.77;5;3;Fjölnir;FH;1.82;1.64;1.78;1.89;1.11;1.79;89;56;45;17;6;67;67;45;0;0;0;737;22;Y;Y;Y;N;N;N;Y
213389;971;3809;2017;complete;1289;21;-1;90;20,40;1;2;3;5;5;10;-1;-1;1;1;0;0;2;3;0;0;2;3;-1;-1;49;51;1;1;2.25;3.67;3.24;0;0;0;0;0;0;0;0;0;0;0;0;0;0;0;0;0;0;0;0;0;0;0;0;0;0;0;0;0;0;0;0;0;0;0;0;0;0;0;0;0;0;0;0;0;0;0;0;0;0;0;0;0;0;0;0;0;0;0;0;0;0;0;0;0;3;0;2;1;0;1;2;2017-09-24 14:00:00;3809;0;55;25;25;0;-1;1;-1;-1;-1;-1;-1;-1;1;0;0;1;1;1;-1;0;0;0;0;0;0;0;1;1;1;1;0;0;1;1;0;0;-1;-1;0;0;-1;-1;-1;-1;-1;-1;-1;-1;-1;20;30;60;85;95;40;70;95;55;12.8;1.5;2.5;2.95;Stjarnan;Valur;2.09;1.91;2.3;1.8;1.75;2.2;80;70;40;15;5;75;70;60;0;0;0;737;22;Y;Y;Y;N;N;N;Y
213390;3808;973;2017;complete;1289;21;-1;61,72;47,69;2;2;4;6;1;7;1;3;1;2;0;0;4;4;9;2;13;6;9;10;49;51;1;2;2.9;3.84;2.38;0;0;0;0;0;0;0;0;0;0;0;0;0;0;0;0;0;0;0;0;0;0;0;0;0;0;0;0;0;0;0;0;0;0;0;0;0;0;0;0;0;0;0;0;0;0;0;0;0;0;0;0;0;0;0;0;0;0;0;0;0;0;0;0;0;4;0;0;2;2;4;0;2017-09-24 14:00:00;-1;0;75;25;40;0;-1;1;-1;-1;-1;-1;-1;-1;0;0;1;2;0;3;-1;0;0;0;0;0;0;0;0;0;0;0;0;0;1;1;0;0;-1;-1;0;0;-1;-1;-1;-1;-1;-1;-1;-1;-1;5;45;70;90;100;50;70;95;50;11.9;1;4;3.1;Fjölnir;KR;1.82;1.64;1.9;1.7;1.2;1.5;95;55;30;10;0;85;80;60;0;0;0;737;22;Y;Y;Y;Y;N;N;Y
213391;3803;3805;2017;complete;1289;21;-1;38,59,90;31,53;3;2;5;5;4;9;2;4;3;1;0;0;7;8;12;3;19;11;12;12;58;42;3;1;2.03;3.92;3.6;0;0;0;0;0;0;0;0;0;0;0;0;0;0;0;0;0;0;0;0;0;0;0;0;0;0;0;0;0;0;0;0;0;0;0;0;0;0;0;0;0;0;0;0;0;0;0;0;0;0;0;0;0;0;0;0;0;0;0;0;0;0;0;0;0;5;1;1;2;1;3;2;2017-09-24 14:00:00;3803;0;70;20;40;0;-1;1;-1;-1;-1;-1;-1;-1;1;0;2;1;1;3;-1;0;0;0;0;0;0;0;1;1;1;1;0;0;1;1;0;0;-1;-1;0;0;-1;-1;-1;-1;-1;-1;-1;-1;-1;10;30;80;90;95;40;75;85;60;12.5;0.5;4.1;3.25;Breidablik;ÍBV;1.18;0.91;1;1;1.2;1.1;90;70;20;10;5;84;74;57;0;0;0;737;22;Y;Y;Y;Y;Y;N;Y
213392;3811;3806;2017;complete;1289;21;-1;38,42;51;2;1;3;7;4;11;2;1;2;1;0;0;4;4;3;8;7;12;8;8;44;56;2;1;1.88;4.1;4.02;0;0;0;0;0;0;0;0;0;0;0;0;0;0;0;0;0;0;0;0;0;0;0;0;0;0;0;0;0;0;0;0;0;0;0;0;0;0;0;0;0;0;0;0;0;0;0;0;0;0;0;0;0;0;0;0;0;0;0;0;0;0;0;0;0;3;2;0;0;1;1;2;2017-09-24 14:00:00;3811;0;50;15;30;0;-1;1;-1;-1;-1;-1;-1;-1;0;0;2;1;0;3;-1;0;0;0;0;0;0;0;0;0;0;0;0;0;1;1;0;0;-1;-1;0;0;-1;-1;-1;-1;-1;-1;-1;-1;-1;30;40;55;75;85;35;70;80;55;12.3;1.9;4.3;3.1;KA;Grindavík;1.55;0.91;1.4;1;1.3;1.4;70;60;45;25;15;90;85;70;0;0;0;737;22;Y;Y;Y;N;N;N;Y
213393;3810;3807;2017;complete;1289;21;-1;;;0;0;0;6;9;15;-1;-1;2;2;0;0;3;6;7;6;10;12;-1;-1;48;52;2;2;1.51;4.99;6.2;0;0;0;0;0;0;0;0;0;0;0;0;0;0;0;0;0;0;0;0;0;0;0;0;0;0;0;0;0;0;0;0;0;0;0;0;0;0;0;0;0;0;0;0;0;0;0;0;0;0;0;0;0;0;0;0;0;0;0;0;0;0;0;0;0;0;0;0;0;0;0;0;2017-09-24 14:00:00;-1;0;55;15;35;0;-1;1;-1;-1;-1;-1;-1;-1;2;1;0;1;3;1;-1;0;0;0;0;0;0;0;0;0;0;0;0;0;1;1;0;0;-1;-1;0;0;-1;-1;-1;-1;-1;-1;-1;-1;-1;25;40;60;80;95;30;75;75;55;10.4;1.3;5.1;3.1;Víkingur Reykjavík;ÍA;0.82;0.64;0.8;0.6;1.3;0.75;75;60;40;20;5;65;60;45;0;0;0;737;22;N;N;N;N;N;N;N
213394;3804;54;2017;complete;1289;21;-1;25;68;1;1;2;0;13;13;-1;-1;2;2;0;0;5;6;3;14;8;20;-1;-1;50;50;2;2;5.84;4.71;1.56;0;0;0;0;0;0;0;0;0;0;0;0;0;0;0;0;0;0;0;0;0;0;0;0;0;0;0;0;0;0;0;0;0;0;0;0;0;0;0;0;0;0;0;0;0;0;0;0;0;0;0;0;0;0;0;0;0;0;0;0;0;0;0;0;0;2;1;0;0;1;1;1;2017-09-24 14:00:00;-1;0;75;20;50;0;-1;1;-1;-1;-1;-1;-1;-1;1;0;1;2;1;3;-1;0;0;0;0;0;0;0;0;1;0;1;0;0;1;1;0;0;-1;-1;0;0;-1;-1;-1;-1;-1;-1;-1;-1;-1;20;30;70;85;95;30;75;85;60;7.9;0;5.91;3.25;Víkingur Ólafsvík;FH;1;1.64;1;1.7;1;1.7;80;70;30;15;5;50;50;40;0;0;0;737;22;Y;Y;N;N;N;N;Y
213395;3809;3810;2017;complete;1289;22;-1;45,57,81,90;15,76,90;4;3;7;5;1;6;-1;-1;0;2;0;0;9;9;4;7;13;16;-1;-1;50;50;0;2;0;0;0;0;0;0;0;0;0;0;0;0;0;0;0;0;0;0;0;0;0;0;0;0;0;0;0;0;0;0;0;0;0;0;0;0;0;0;0;0;0;0;0;0;0;0;0;0;0;0;0;0;0;0;0;0;0;0;0;0;0;0;0;0;0;0;0;0;7;1;1;3;2;5;2;2017-09-30 14:00:00;3809;0;70;20;25;0;-1;1;-1;-1;-1;-1;-1;-1;0;1;0;1;1;1;-1;0;0;0;0;0;0;0;1;1;1;1;0;0;1;1;0;0;-1;-1;0;0;-1;-1;-1;-1;-1;-1;-1;-1;-1;10;30;60;85;100;35;80;90;45;11.3;2.2;4.4;2.9;Valur;Víkingur Reykjavík;2.64;1.64;2.6;1.8;2.24;1.29;90;70;40;15;0;70;60;45;0;0;0;737;22;Y;Y;Y;Y;Y;Y;Y
213396;3806;3808;2017;complete;1289;22;-1;22,88;54;2;1;3;5;13;18;-1;-1;-1;-1;-1;-1;4;10;2;9;6;19;-1;-1;50;50;-1;-1;0;0;0;0;0;0;0;0;0;0;0;0;0;0;0;0;0;0;0;0;0;0;0;0;0;0;0;0;0;0;0;0;0;0;0;0;0;0;0;0;0;0;0;0;0;0;0;0;0;0;0;0;0;0;0;0;0;0;0;0;0;0;0;0;0;0;0;0;3;1;0;1;1;2;1;2017-09-30 14:00:00;3806;0;75;25;50;0;-1;-1;-1;-1;-1;-1;-1;-1;-1;-1;-1;-1;-1;-1;-1;0;0;0;0;0;0;0;0;0;0;0;0;0;1;1;0;0;-1;-1;-1;-1;-1;-1;-1;-1;-1;-1;-1;-1;-1;20;50;75;90;95;40;65;95;70;9;1;5.1;3.55;Grindavík;Fjölnir;1.91;0.45;1.8;0.5;1.33;1.19;80;50;25;10;5;80;70;55;0;0;0;737;22;Y;Y;Y;N;N;N;Y
213397;3805;3811;2017;complete;1289;22;-1;6,74,85;;3;0;3;2;2;4;-1;-1;2;2;0;1;5;4;9;4;14;8;-1;-1;53;47;2;4;0;0;0;0;0;0;0;0;0;0;0;0;0;0;0;0;0;0;0;0;0;0;0;0;0;0;0;0;0;0;0;0;0;0;0;0;0;0;0;0;0;0;0;0;0;0;0;0;0;0;0;0;0;0;0;0;0;0;0;0;0;0;0;0;0;0;0;0;3;1;0;2;0;2;1;2017-09-30 14:00:00;3805;0;60;25;25;0;-1;1;-1;-1;-1;-1;-1;-1;1;2;1;1;3;2;-1;0;0;0;0;0;0;0;0;0;0;0;0;0;1;1;1;0;-1;-1;0;0;-1;-1;-1;-1;-1;-1;-1;-1;-1;15;40;55;65;90;45;75;75;35;8;0.9;5.21;2.65;ÍBV;KA;1.36;1.09;1.2;1.2;1.05;1.38;85;60;45;35;10;55;45;45;0;0;0;737;22;Y;Y;Y;N;N;N;N
213398;973;971;2017;complete;1289;22;-1;;15;0;1;1;2;2;4;4;5;1;1;0;0;6;3;5;7;11;10;6;9;50;50;1;1;0;0;0;0;0;0;0;0;0;0;0;0;0;0;0;0;0;0;0;0;0;0;0;0;0;0;0;0;0;0;0;0;0;0;0;0;0;0;0;0;0;0;0;0;0;0;0;0;0;0;0;0;0;0;0;0;0;0;0;0;0;0;0;0;0;0;0;0;1;0;1;0;0;0;1;2017-09-30 14:00:00;971;0;70;20;40;0;-1;1;-1;-1;-1;-1;-1;-1;0;1;1;0;1;1;-1;0;0;0;0;0;0;0;0;0;0;0;0;0;1;1;0;0;-1;-1;0;0;-1;-1;-1;-1;-1;-1;-1;-1;-1;5;40;65;85;90;25;80;90;55;14.29;2;3.5;2.9;KR;Stjarnan;1.18;1.36;1.3;1.2;1.48;1.67;95;60;35;15;10;68;62;47;0;0;0;737;22;Y;N;N;N;N;N;N
213399;3807;3804;2017;complete;1289;22;-1;;;0;0;0;4;13;17;-1;-1;1;2;0;0;4;7;8;9;12;16;-1;-1;51;49;1;2;0;0;0;0;0;0;0;0;0;0;0;0;0;0;0;0;0;0;0;0;0;0;0;0;0;0;0;0;0;0;0;0;0;0;0;0;0;0;0;0;0;0;0;0;0;0;0;0;0;0;0;0;0;0;0;0;0;0;0;0;0;0;0;0;0;0;0;0;0;0;0;0;0;0;0;2017-09-30 14:00:00;-1;0;60;35;30;0;-1;1;-1;-1;-1;-1;-1;-1;0;0;1;2;0;3;-1;0;0;0;0;0;0;0;0;0;0;0;0;0;1;1;0;0;-1;-1;0;0;-1;-1;-1;-1;-1;-1;-1;-1;-1;30;45;55;90;100;50;70;85;70;8.7;0.1;4.5;3.35;ÍA;Víkingur Ólafsvík;0.91;1;0.9;1;0.76;1;70;55;45;10;0;75;70;65;0;0;0;737;22;N;N;N;N;N;N;N
213400;54;3803;2017;complete;1289;22;-1;;50;0;1;1;12;5;17;-1;-1;2;2;0;0;4;4;9;9;13;13;-1;-1;49;51;2;2;0;0;0;0;0;0;0;0;0;0;0;0;0;0;0;0;0;0;0;0;0;0;0;0;0;0;0;0;0;0;0;0;0;0;0;0;0;0;0;0;0;0;0;0;0;0;0;0;0;0;0;0;0;0;0;0;0;0;0;0;0;0;0;0;0;0;0;0;1;0;0;0;1;1;0;2017-09-30 14:00:00;3803;0;55;15;40;0;-1;1;-1;-1;-1;-1;-1;-1;0;0;2;2;0;4;-1;0;0;0;0;0;0;0;0;0;0;0;0;0;1;1;0;0;-1;-1;0;0;-1;-1;-1;-1;-1;-1;-1;-1;-1;20;30;55;80;100;30;65;90;60;14.8;1.7;3.7;3;FH;Breidablik;1.55;1.55;1.7;1.4;1.67;1.29;80;70;45;20;0;80;80;75;0;0;0;737;22;Y;N;N;N;N;N;N
