ID;HOMEID;AWAYID;SEASON;STATUS;ROUNDID;GAME_WEEK;REVISED_GAME_WEEK;HOMEGOALS;AWAYGOALS;HOMEGOALCOUNT;AWAYGOALCOUNT;TOTALGOALCOUNT;TEAM_A_CORNERS;TEAM_B_CORNERS;TOTALCORNERCOUNT;TEAM_A_OFFSIDES;TEAM_B_OFFSIDES;TEAM_A_YELLOW_CARDS;TEAM_B_YELLOW_CARDS;TEAM_A_RED_CARDS;TEAM_B_RED_CARDS;TEAM_A_SHOTSONTARGET;TEAM_B_SHOTSONTARGET;TEAM_A_SHOTSOFFTARGET;TEAM_B_SHOTSOFFTARGET;TEAM_A_SHOTS;TEAM_B_SHOTS;TEAM_A_FOULS;TEAM_B_FOULS;TEAM_A_POSSESSION;TEAM_B_POSSESSION;TEAM_A_CARDS_NUM;TEAM_B_CARDS_NUM;ODDS_FT_1;ODDS_FT_X;ODDS_FT_2;ODDS_FT_OVER05;ODDS_FT_OVER15;ODDS_FT_OVER25;ODDS_FT_OVER35;ODDS_FT_OVER45;ODDS_FT_UNDER05;ODDS_FT_UNDER15;ODDS_FT_UNDER25;ODDS_FT_UNDER35;ODDS_FT_UNDER45;ODDS_BTTS_YES;ODDS_BTTS_NO;ODDS_TEAM_A_CS_YES;ODDS_TEAM_A_CS_NO;ODDS_TEAM_B_CS_YES;ODDS_TEAM_B_CS_NO;ODDS_DOUBLECHANCE_1X;ODDS_DOUBLECHANCE_12;ODDS_DOUBLECHANCE_X2;ODDS_1ST_HALF_RESULT_1;ODDS_1ST_HALF_RESULT_X;ODDS_1ST_HALF_RESULT_2;ODDS_2ND_HALF_RESULT_1;ODDS_2ND_HALF_RESULT_X;ODDS_2ND_HALF_RESULT_2;ODDS_DNB_1;ODDS_DNB_2;ODDS_CORNERS_OVER_75;ODDS_CORNERS_OVER_85;ODDS_CORNERS_OVER_95;ODDS_CORNERS_OVER_105;ODDS_CORNERS_OVER_115;ODDS_CORNERS_UNDER_75;ODDS_CORNERS_UNDER_85;ODDS_CORNERS_UNDER_95;ODDS_CORNERS_UNDER_105;ODDS_CORNERS_UNDER_115;ODDS_CORNERS_1;ODDS_CORNERS_X;ODDS_CORNERS_2;ODDS_TEAM_TO_SCORE_FIRST_1;ODDS_TEAM_TO_SCORE_FIRST_X;ODDS_TEAM_TO_SCORE_FIRST_2;ODDS_WIN_TO_NIL_1;ODDS_WIN_TO_NIL_2;ODDS_1ST_HALF_OVER05;ODDS_1ST_HALF_OVER15;ODDS_1ST_HALF_OVER25;ODDS_1ST_HALF_OVER35;ODDS_1ST_HALF_UNDER05;ODDS_1ST_HALF_UNDER15;ODDS_1ST_HALF_UNDER25;ODDS_1ST_HALF_UNDER35;ODDS_2ND_HALF_OVER05;ODDS_2ND_HALF_OVER15;ODDS_2ND_HALF_OVER25;ODDS_2ND_HALF_OVER35;ODDS_2ND_HALF_UNDER05;ODDS_2ND_HALF_UNDER15;ODDS_2ND_HALF_UNDER25;ODDS_2ND_HALF_UNDER35;ODDS_BTTS_1ST_HALF_YES;ODDS_BTTS_1ST_HALF_NO;ODDS_BTTS_2ND_HALF_YES;ODDS_BTTS_2ND_HALF_NO;OVERALLGOALCOUNT;HT_GOALS_TEAM_A;HT_GOALS_TEAM_B;GOALS_2HG_TEAM_A;GOALS_2HG_TEAM_B;GOALCOUNT_2HG;HTGOALCOUNT;DATE_UNIX;WINNINGTEAM;NO_HOME_AWAY;BTTS_POTENTIAL;BTTS_FHG_POTENTIAL;BTTS_2HG_POTENTIAL;GOALTIMINGDISABLED;CORNER_TIMINGS_RECORDED;CARD_TIMINGS_RECORDED;TEAM_A_FH_CORNERS;TEAM_B_FH_CORNERS;TEAM_A_2H_CORNERS;TEAM_B_2H_CORNERS;CORNER_FH_COUNT;CORNER_2H_COUNT;TEAM_A_FH_CARDS;TEAM_B_FH_CARDS;TEAM_A_2H_CARDS;TEAM_B_2H_CARDS;TOTAL_FH_CARDS;TOTAL_2H_CARDS;ATTACKS_RECORDED;TEAM_A_DANGEROUS_ATTACKS;TEAM_B_DANGEROUS_ATTACKS;TEAM_A_ATTACKS;TEAM_B_ATTACKS;TEAM_A_XG;TEAM_B_XG;TOTAL_XG;TEAM_A_PENALTIES_WON;TEAM_B_PENALTIES_WON;TEAM_A_PENALTY_GOALS;TEAM_B_PENALTY_GOALS;TEAM_A_PENALTY_MISSED;TEAM_B_PENALTY_MISSED;PENS_RECORDED;GOAL_TIMINGS_RECORDED;TEAM_A_0_10_MIN_GOALS;TEAM_B_0_10_MIN_GOALS;TEAM_A_CORNERS_0_10_MIN;TEAM_B_CORNERS_0_10_MIN;TEAM_A_CARDS_0_10_MIN;TEAM_B_CARDS_0_10_MIN;THROWINS_RECORDED;TEAM_A_THROWINS;TEAM_B_THROWINS;FREEKICKS_RECORDED;TEAM_A_FREEKICKS;TEAM_B_FREEKICKS;GOALKICKS_RECORDED;TEAM_A_GOALKICKS;TEAM_B_GOALKICKS;O45_POTENTIAL;O35_POTENTIAL;O25_POTENTIAL;O15_POTENTIAL;O05_POTENTIAL;O15HT_POTENTIAL;O05HT_POTENTIAL;O05_2H_POTENTIAL;O15_2H_POTENTIAL;CORNERS_POTENTIAL;OFFSIDES_POTENTIAL;CARDS_POTENTIAL;AVG_POTENTIAL;HOME_NAME;AWAY_NAME;HOME_PPG;AWAY_PPG;PRE_MATCH_HOME_PPG;PRE_MATCH_AWAY_PPG;PRE_MATCH_TEAMA_OVERALL_PPG;PRE_MATCH_TEAMB_OVERALL_PPG;U45_POTENTIAL;U35_POTENTIAL;U25_POTENTIAL;U15_POTENTIAL;U05_POTENTIAL;CORNERS_O85_POTENTIAL;CORNERS_O95_POTENTIAL;CORNERS_O105_POTENTIAL;TEAM_A_XG_PREMATCH;TEAM_B_XG_PREMATCH;TOTAL_XG_PREMATCH;COMPETITION_ID;MATCHES_COMPLETED_MINIMUM;OVER05;OVER15;OVER25;OVER35;OVER45;OVER55;BTTS
213797;3805;3807;2013;complete;1293;1;-1;24;;1;0;1;-1;-1;-1;-1;-1;2;1;0;0;-1;-1;-1;-1;-1;-1;-1;-1;-1;-1;2;1;2.14;3.64;3.47;0;0;0;0;0;0;0;0;0;0;0;0;0;0;0;0;0;0;0;0;0;0;0;0;0;0;0;0;0;0;0;0;0;0;0;0;0;0;0;0;0;0;0;0;0;0;0;0;0;0;0;0;0;0;0;0;0;0;0;0;0;0;0;0;0;1;1;0;0;0;0;1;2013-05-05 16:00:00;3805;0;0;0;0;0;-1;1;-1;-1;-1;-1;-1;-1;0;0;2;1;0;3;-1;0;0;0;0;0;0;0;0;0;0;0;0;0;1;1;0;0;-1;-1;0;0;-1;-1;-1;-1;-1;-1;-1;-1;-1;0;0;0;0;0;0;0;0;0;0;0;0;0;ÍBV;ÍA;1.55;0.09;0;0;0;0;0;0;0;0;0;0;0;0;0;0;0;741;22;Y;N;N;N;N;N;N
213798;3804;3816;2013;complete;1293;1;-1;38;11,36;1;2;3;-1;-1;-1;-1;-1;3;2;0;0;-1;-1;-1;-1;-1;-1;-1;-1;-1;-1;3;2;3.01;3.58;2.39;0;0;0;0;0;0;0;0;0;0;0;0;0;0;0;0;0;0;0;0;0;0;0;0;0;0;0;0;0;0;0;0;0;0;0;0;0;0;0;0;0;0;0;0;0;0;0;0;0;0;0;0;0;0;0;0;0;0;0;0;0;0;0;0;0;3;1;2;0;0;0;3;2013-05-05 17:00:00;3816;0;0;0;0;0;-1;1;-1;-1;-1;-1;-1;-1;2;1;1;1;3;2;-1;0;0;0;0;0;0;0;0;0;0;0;0;0;1;1;0;0;-1;-1;0;0;-1;-1;-1;-1;-1;-1;-1;-1;-1;0;0;0;0;0;0;0;0;0;0;0;0;0;Víkingur Ólafsvík;Fram;0.73;1;0;0;0;0;0;0;0;0;0;0;0;0;0;0;0;741;22;Y;Y;Y;N;N;N;Y
213799;3803;3817;2013;complete;1293;1;-1;24,50,63,74;90;4;1;5;-1;-1;-1;-1;-1;4;4;0;0;-1;-1;-1;-1;-1;-1;-1;-1;-1;-1;4;4;1.6;4.26;5.84;0;0;0;0;0;0;0;0;0;0;0;0;0;0;0;0;0;0;0;0;0;0;0;0;0;0;0;0;0;0;0;0;0;0;0;0;0;0;0;0;0;0;0;0;0;0;0;0;0;0;0;0;0;0;0;0;0;0;0;0;0;0;0;0;0;5;1;0;3;1;4;1;2013-05-05 17:00:00;3803;0;0;0;0;0;-1;1;-1;-1;-1;-1;-1;-1;1;2;3;2;3;5;-1;0;0;0;0;0;0;0;0;0;0;0;0;0;1;1;0;0;-1;-1;0;0;-1;-1;-1;-1;-1;-1;-1;-1;-1;0;0;0;0;0;0;0;0;0;0;0;0;0;Breidablik;Thór;2.18;1.27;0;0;0;0;0;0;0;0;0;0;0;0;0;0;0;741;22;Y;Y;Y;Y;Y;N;Y
213800;54;3815;2013;complete;1293;1;-1;34,39;48;2;1;3;-1;-1;-1;-1;-1;1;1;0;0;-1;-1;-1;-1;-1;-1;-1;-1;-1;-1;1;1;1.37;5.28;8.94;0;0;0;0;0;0;0;0;0;0;0;0;0;0;0;0;0;0;0;0;0;0;0;0;0;0;0;0;0;0;0;0;0;0;0;0;0;0;0;0;0;0;0;0;0;0;0;0;0;0;0;0;0;0;0;0;0;0;0;0;0;0;0;0;0;3;2;0;0;1;1;2;2013-05-06 19:15:00;54;0;0;0;0;0;-1;1;-1;-1;-1;-1;-1;-1;0;0;1;1;0;2;-1;0;0;0;0;0;0;0;0;0;0;0;0;0;1;1;0;0;-1;-1;0;0;-1;-1;-1;-1;-1;-1;-1;-1;-1;0;0;0;0;0;0;0;0;0;0;0;0;0;FH;Keflavík;2;1;0;0;0;0;0;0;0;0;0;0;0;0;0;0;0;741;22;Y;Y;Y;N;N;N;Y
213801;3812;3809;2013;complete;1293;1;-1;48;62,78;1;2;3;-1;-1;-1;-1;-1;2;2;1;0;-1;-1;-1;-1;-1;-1;-1;-1;-1;-1;3;2;2.59;3.55;2.76;0;0;0;0;0;0;0;0;0;0;0;0;0;0;0;0;0;0;0;0;0;0;0;0;0;0;0;0;0;0;0;0;0;0;0;0;0;0;0;0;0;0;0;0;0;0;0;0;0;0;0;0;0;0;0;0;0;0;0;0;0;0;0;0;0;3;0;0;1;2;3;0;2013-05-06 19:15:00;3809;0;0;0;0;0;-1;1;-1;-1;-1;-1;-1;-1;2;1;1;1;3;2;-1;0;0;0;0;0;0;0;0;1;0;1;0;0;1;1;0;0;-1;-1;0;0;-1;-1;-1;-1;-1;-1;-1;-1;-1;0;0;0;0;0;0;0;0;0;0;0;0;0;Fylkir;Valur;0.91;1.82;0;0;0;0;0;0;0;0;0;0;0;0;0;0;0;741;22;Y;Y;Y;N;N;N;Y
213802;973;971;2013;complete;1293;1;-1;13,43;22;2;1;3;-1;-1;-1;-1;-1;2;2;0;0;-1;-1;-1;-1;-1;-1;-1;-1;-1;-1;2;2;1.87;3.99;4.08;0;0;0;0;0;0;0;0;0;0;0;0;0;0;0;0;0;0;0;0;0;0;0;0;0;0;0;0;0;0;0;0;0;0;0;0;0;0;0;0;0;0;0;0;0;0;0;0;0;0;0;0;0;0;0;0;0;0;0;0;0;0;0;0;0;3;2;1;0;0;0;3;2013-05-06 19:15:00;973;0;0;0;0;0;-1;1;-1;-1;-1;-1;-1;-1;2;1;0;1;3;1;-1;0;0;0;0;0;0;0;0;0;0;0;0;0;1;1;0;0;-1;-1;1;0;-1;-1;-1;-1;-1;-1;-1;-1;-1;0;0;0;0;0;0;0;0;0;0;0;0;0;KR;Stjarnan;2.82;1.36;0;0;0;0;0;0;0;0;0;0;0;0;0;0;0;741;22;Y;Y;Y;N;N;N;Y
213803;3805;3803;2013;complete;1293;2;-1;3,60,90,90;78;4;1;5;-1;-1;-1;-1;-1;3;4;0;0;-1;-1;-1;-1;-1;-1;-1;-1;-1;-1;3;4;2.68;3.56;2.66;0;0;0;0;0;0;0;0;0;0;0;0;0;0;0;0;0;0;0;0;0;0;0;0;0;0;0;0;0;0;0;0;0;0;0;0;0;0;0;0;0;0;0;0;0;0;0;0;0;0;0;0;0;0;0;0;0;0;0;0;0;0;0;0;0;5;1;0;3;1;4;1;2013-05-12 17:00:00;3805;0;0;0;0;0;-1;1;-1;-1;-1;-1;-1;-1;0;2;3;2;2;5;-1;0;0;0;0;0;0;0;0;0;0;0;0;0;1;1;1;0;-1;-1;0;0;-1;-1;-1;-1;-1;-1;-1;-1;-1;0;0;0;0;50;0;50;0;0;0;0;2;0.5;ÍBV;Breidablik;1.55;1.36;3;0;3;3;50;50;50;50;0;0;0;0;0;0;0;741;22;Y;Y;Y;Y;Y;N;Y
213804;3817;54;2013;complete;1293;2;-1;;64,72,90;0;3;3;-1;-1;-1;-1;-1;3;4;0;0;-1;-1;-1;-1;-1;-1;-1;-1;-1;-1;3;4;8.26;5.01;1.41;0;0;0;0;0;0;0;0;0;0;0;0;0;0;0;0;0;0;0;0;0;0;0;0;0;0;0;0;0;0;0;0;0;0;0;0;0;0;0;0;0;0;0;0;0;0;0;0;0;0;0;0;0;0;0;0;0;0;0;0;0;0;0;0;0;3;0;0;0;3;3;0;2013-05-12 17:00:00;54;0;0;0;0;0;-1;1;-1;-1;-1;-1;-1;-1;0;1;3;3;1;6;-1;0;0;0;0;0;0;0;0;0;0;0;0;0;1;1;0;0;-1;-1;0;0;-1;-1;-1;-1;-1;-1;-1;-1;-1;0;0;0;0;0;0;0;0;0;0;0;0;0;Thór;FH;0.91;2.27;0;0;0;3;0;0;0;0;0;0;0;0;0;0;0;741;22;Y;Y;Y;N;N;N;N
213805;971;3804;2013;complete;1293;2;-1;11,14,72;49,90;3;2;5;-1;-1;-1;-1;-1;1;0;0;0;-1;-1;-1;-1;-1;-1;-1;-1;-1;-1;1;0;1.45;4.86;7.46;0;0;0;0;0;0;0;0;0;0;0;0;0;0;0;0;0;0;0;0;0;0;0;0;0;0;0;0;0;0;0;0;0;0;0;0;0;0;0;0;0;0;0;0;0;0;0;0;0;0;0;0;0;0;0;0;0;0;0;0;0;0;0;0;0;5;2;0;1;2;3;2;2013-05-12 19:15:00;971;0;0;0;0;0;-1;1;-1;-1;-1;-1;-1;-1;0;0;1;0;0;1;-1;0;0;0;0;0;0;0;0;0;0;0;0;0;1;1;0;0;-1;-1;0;0;-1;-1;-1;-1;-1;-1;-1;-1;-1;0;0;0;0;0;0;0;0;0;0;0;0;0;Stjarnan;Víkingur Ólafsvík;2.55;0.82;0;0;0;0;0;0;0;0;0;0;0;0;0;0;0;741;22;Y;Y;Y;Y;Y;N;Y
213806;3815;973;2013;complete;1293;2;-1;;31,35;0;2;2;-1;-1;-1;-1;-1;3;0;0;0;-1;-1;-1;-1;-1;-1;-1;-1;-1;-1;3;0;4.29;3.88;1.85;0;0;0;0;0;0;0;0;0;0;0;0;0;0;0;0;0;0;0;0;0;0;0;0;0;0;0;0;0;0;0;0;0;0;0;0;0;0;0;0;0;0;0;0;0;0;0;0;0;0;0;0;0;0;0;0;0;0;0;0;0;0;0;0;0;2;0;2;0;0;0;2;2013-05-12 19:15:00;973;0;0;0;0;0;-1;1;-1;-1;-1;-1;-1;-1;2;0;1;0;2;1;-1;0;0;0;0;0;0;0;0;0;0;0;0;0;1;1;0;0;-1;-1;0;0;-1;-1;-1;-1;-1;-1;-1;-1;-1;0;0;0;0;0;0;0;0;0;0;0;0;0;Keflavík;KR;1.18;1.91;0;0;0;3;0;0;0;0;0;0;0;0;0;0;0;741;22;Y;Y;N;N;N;N;N
213807;3816;3812;2013;complete;1293;2;-1;64;83;1;1;2;-1;-1;-1;-1;-1;3;2;0;0;-1;-1;-1;-1;-1;-1;-1;-1;-1;-1;3;2;2.31;3.6;3.11;0;0;0;0;0;0;0;0;0;0;0;0;0;0;0;0;0;0;0;0;0;0;0;0;0;0;0;0;0;0;0;0;0;0;0;0;0;0;0;0;0;0;0;0;0;0;0;0;0;0;0;0;0;0;0;0;0;0;0;0;0;0;0;0;0;2;0;0;1;1;2;0;2013-05-13 19:15:00;-1;0;0;0;0;0;-1;1;-1;-1;-1;-1;-1;-1;2;0;1;2;2;3;-1;0;0;0;0;0;0;0;0;0;0;0;0;0;1;1;0;0;-1;-1;0;0;-1;-1;-1;-1;-1;-1;-1;-1;-1;0;0;0;0;0;0;0;0;0;0;0;0;0;Fram;Fylkir;1;1.45;0;0;3;0;0;0;0;0;0;0;0;0;0;0;0;741;22;Y;Y;N;N;N;N;Y
213808;3807;3809;2013;complete;1293;2;-1;90;22,49,86;1;3;4;-1;-1;-1;-1;-1;1;3;0;0;-1;-1;-1;-1;-1;-1;-1;-1;-1;-1;1;3;2.54;3.55;2.8;0;0;0;0;0;0;0;0;0;0;0;0;0;0;0;0;0;0;0;0;0;0;0;0;0;0;0;0;0;0;0;0;0;0;0;0;0;0;0;0;0;0;0;0;0;0;0;0;0;0;0;0;0;0;0;0;0;0;0;0;0;0;0;0;0;4;0;1;1;2;3;1;2013-05-13 20:00:00;3809;0;50;0;50;0;-1;1;-1;-1;-1;-1;-1;-1;0;1;1;2;1;3;-1;0;0;0;0;0;0;0;0;0;0;0;0;0;1;1;0;0;-1;-1;0;0;-1;-1;-1;-1;-1;-1;-1;-1;-1;0;0;50;50;50;0;0;50;50;0;0;2;1.5;ÍA;Valur;0.91;1.82;0;3;0;3;50;50;0;0;0;0;0;0;0;0;0;741;22;Y;Y;Y;Y;N;N;Y
213809;973;3817;2013;complete;1293;3;-1;7,52,88;;3;0;3;-1;-1;-1;-1;-1;-1;-1;-1;-1;-1;-1;-1;-1;-1;-1;-1;-1;-1;-1;-1;-1;1.34;5.5;9.99;0;0;0;0;0;0;0;0;0;0;0;0;0;0;0;0;0;0;0;0;0;0;0;0;0;0;0;0;0;0;0;0;0;0;0;0;0;0;0;0;0;0;0;0;0;0;0;0;0;0;0;0;0;0;0;0;0;0;0;0;0;0;0;0;0;3;1;0;2;0;2;1;2013-05-16 18:00:00;973;0;100;50;50;0;-1;-1;-1;-1;-1;-1;-1;-1;-1;-1;-1;-1;-1;-1;-1;0;0;0;0;0;0;0;0;0;0;0;0;0;1;1;1;0;-1;-1;-1;-1;-1;-1;-1;-1;-1;-1;-1;-1;-1;50;50;100;100;100;50;100;50;50;0;0;6;4;KR;Thór;2.82;1.27;3;0;3;0;50;50;0;0;0;0;0;0;0;0;0;741;22;Y;Y;Y;N;N;N;N
213810;3812;971;2013;complete;1293;3;-1;;82;0;1;1;-1;-1;-1;-1;-1;2;2;0;0;-1;-1;-1;-1;-1;-1;-1;-1;-1;-1;2;2;2.83;3.6;2.5;0;0;0;0;0;0;0;0;0;0;0;0;0;0;0;0;0;0;0;0;0;0;0;0;0;0;0;0;0;0;0;0;0;0;0;0;0;0;0;0;0;0;0;0;0;0;0;0;0;0;0;0;0;0;0;0;0;0;0;0;0;0;0;0;0;1;0;0;0;1;1;0;2013-05-16 19:15:00;971;0;100;50;50;0;-1;1;-1;-1;-1;-1;-1;-1;0;1;2;1;1;3;-1;0;0;0;0;0;0;0;0;0;0;0;0;0;1;1;0;0;-1;-1;0;0;-1;-1;-1;-1;-1;-1;-1;-1;-1;0;0;100;100;100;50;50;50;50;0;0;5;3;Fylkir;Stjarnan;0.91;1.36;0;0;0.5;1.5;100;100;0;0;0;0;0;0;0;0;0;741;22;Y;N;N;N;N;N;N
213811;3803;3807;2013;complete;1293;3;-1;82,84,87,89;43;4;1;5;-1;-1;-1;-1;-1;2;5;0;0;-1;-1;-1;-1;-1;-1;-1;-1;-1;-1;2;5;1.85;3.9;4.3;0;0;0;0;0;0;0;0;0;0;0;0;0;0;0;0;0;0;0;0;0;0;0;0;0;0;0;0;0;0;0;0;0;0;0;0;0;0;0;0;0;0;0;0;0;0;0;0;0;0;0;0;0;0;0;0;0;0;0;0;0;0;0;0;0;5;0;1;4;0;4;1;2013-05-16 19:15:00;3803;0;50;0;50;0;-1;1;-1;-1;-1;-1;-1;-1;0;1;2;4;1;6;-1;0;0;0;0;0;0;0;0;0;0;0;0;0;1;1;0;0;-1;-1;0;0;-1;-1;-1;-1;-1;-1;-1;-1;-1;50;50;50;50;100;0;100;50;50;0;0;5;3;Breidablik;ÍA;2.18;0.09;3;0;1.5;0;50;50;50;50;0;0;0;0;0;0;0;741;22;Y;Y;Y;Y;Y;N;Y
213812;3809;3816;2013;complete;1293;3;-1;47;36;1;1;2;-1;-1;-1;-1;-1;3;0;0;0;-1;-1;-1;-1;-1;-1;-1;-1;-1;-1;3;0;2.34;3.66;3.04;0;0;0;0;0;0;0;0;0;0;0;0;0;0;0;0;0;0;0;0;0;0;0;0;0;0;0;0;0;0;0;0;0;0;0;0;0;0;0;0;0;0;0;0;0;0;0;0;0;0;0;0;0;0;0;0;0;0;0;0;0;0;0;0;0;2;0;1;1;0;1;1;2013-05-16 19:15:00;-1;0;50;50;0;0;-1;1;-1;-1;-1;-1;-1;-1;2;0;1;0;2;1;-1;0;0;0;0;0;0;0;0;0;0;0;0;0;1;1;0;0;-1;-1;0;0;-1;-1;-1;-1;-1;-1;-1;-1;-1;0;0;50;50;50;50;50;0;0;0;0;2;1.5;Valur;Fram;1.18;1;0;3;3;2;50;50;0;0;0;0;0;0;0;0;0;741;22;Y;Y;N;N;N;N;Y
213813;3804;3815;2013;complete;1293;3;-1;3;64,69,90;1;3;4;-1;-1;-1;-1;-1;2;2;0;0;-1;-1;-1;-1;-1;-1;-1;-1;-1;-1;2;2;2.54;3.62;2.77;0;0;0;0;0;0;0;0;0;0;0;0;0;0;0;0;0;0;0;0;0;0;0;0;0;0;0;0;0;0;0;0;0;0;0;0;0;0;0;0;0;0;0;0;0;0;0;0;0;0;0;0;0;0;0;0;0;0;0;0;0;0;0;0;0;4;1;0;0;3;3;1;2013-05-16 19:15:00;3815;0;100;50;0;0;-1;1;-1;-1;-1;-1;-1;-1;0;0;2;2;0;4;-1;0;0;0;0;0;0;0;0;1;0;1;0;0;1;1;1;0;-1;-1;0;0;-1;-1;-1;-1;-1;-1;-1;-1;-1;0;0;100;100;100;100;100;50;0;0;0;4;3;Víkingur Ólafsvík;Keflavík;0.73;1;0;0;0;0;100;100;0;0;0;0;0;0;0;0;0;741;22;Y;Y;Y;Y;N;N;Y
213814;54;3805;2013;complete;1293;3;-1;30;45;1;1;2;-1;-1;-1;-1;-1;4;3;1;0;-1;-1;-1;-1;-1;-1;-1;-1;-1;-1;6;3;1.81;4;4.42;0;0;0;0;0;0;0;0;0;0;0;0;0;0;0;0;0;0;0;0;0;0;0;0;0;0;0;0;0;0;0;0;0;0;0;0;0;0;0;0;0;0;0;0;0;0;0;0;0;0;0;0;0;0;0;0;0;0;0;0;0;0;0;0;0;2;1;1;0;0;0;2;2013-05-16 20:00:00;-1;0;50;0;0;0;-1;1;-1;-1;-1;-1;-1;-1;2;2;3;1;4;4;-1;0;0;0;0;0;0;0;0;0;0;0;0;0;1;1;0;0;-1;-1;2;1;-1;-1;-1;-1;-1;-1;-1;-1;-1;0;0;50;50;50;50;50;50;0;0;0;1;1.5;FH;ÍBV;2;1.09;3;0;3;3;50;50;0;0;0;0;0;0;0;0;0;741;22;Y;Y;N;N;N;N;Y
213815;3805;973;2013;complete;1293;4;-1;;24,41;0;2;2;-1;-1;-1;-1;-1;2;1;0;0;-1;-1;-1;-1;-1;-1;-1;-1;-1;-1;2;1;2.49;3.56;2.88;0;0;0;0;0;0;0;0;0;0;0;0;0;0;0;0;0;0;0;0;0;0;0;0;0;0;0;0;0;0;0;0;0;0;0;0;0;0;0;0;0;0;0;0;0;0;0;0;0;0;0;0;0;0;0;0;0;0;0;0;0;0;0;0;0;2;0;2;0;0;0;2;2013-05-20 17:00:00;973;0;25;0;25;0;-1;1;-1;-1;-1;-1;-1;-1;1;1;1;0;2;1;-1;0;0;0;0;0;0;0;0;0;0;0;0;0;1;1;0;0;-1;-1;0;0;-1;-1;-1;-1;-1;-1;-1;-1;-1;25;25;25;75;100;50;100;25;25;0;0;2.5;2.5;ÍBV;KR;1.55;1.91;3;3;2.33;3;75;75;75;25;0;0;0;0;0;0;0;741;22;Y;Y;N;N;N;N;N
213816;3817;3804;2013;complete;1293;4;-1;43;;1;0;1;-1;-1;-1;-1;-1;3;1;0;0;-1;-1;-1;-1;-1;-1;-1;-1;-1;-1;3;1;2.31;3.62;3.1;0;0;0;0;0;0;0;0;0;0;0;0;0;0;0;0;0;0;0;0;0;0;0;0;0;0;0;0;0;0;0;0;0;0;0;0;0;0;0;0;0;0;0;0;0;0;0;0;0;0;0;0;0;0;0;0;0;0;0;0;0;0;0;0;0;1;1;0;0;0;0;1;2013-05-20 17:00:00;3817;0;50;0;50;0;-1;1;-1;-1;-1;-1;-1;-1;0;0;3;1;0;4;-1;0;0;0;0;0;0;0;0;0;0;0;0;0;1;1;0;0;-1;-1;0;0;-1;-1;-1;-1;-1;-1;-1;-1;-1;50;50;100;100;100;50;50;100;100;0;0;3;4;Thór;Víkingur Ólafsvík;0.91;0.82;0;0;0;0;50;50;0;0;0;0;0;0;0;0;0;741;22;Y;N;N;N;N;N;N
213817;3815;3812;2013;complete;1293;4;-1;12,78;57,83;2;2;4;-1;-1;-1;-1;-1;3;3;1;0;-1;-1;-1;-1;-1;-1;-1;-1;-1;-1;5;3;2.48;3.62;2.85;0;0;0;0;0;0;0;0;0;0;0;0;0;0;0;0;0;0;0;0;0;0;0;0;0;0;0;0;0;0;0;0;0;0;0;0;0;0;0;0;0;0;0;0;0;0;0;0;0;0;0;0;0;0;0;0;0;0;0;0;0;0;0;0;0;4;1;0;1;2;3;1;2013-05-20 19:15:00;-1;0;50;0;50;0;-1;1;-1;-1;-1;-1;-1;-1;3;3;1;0;6;1;-1;0;0;0;0;0;0;0;0;0;0;0;0;0;1;1;0;0;-1;-1;0;0;-1;-1;-1;-1;-1;-1;-1;-1;-1;0;0;0;100;100;50;50;50;50;0;0;5;2;Keflavík;Fylkir;1.18;1.45;0;1;1;0.33;100;100;100;0;0;0;0;0;0;0;0;741;22;Y;Y;Y;Y;N;N;Y
213818;971;3809;2013;complete;1293;4;-1;15;59;1;1;2;-1;-1;-1;-1;-1;2;1;0;0;-1;-1;-1;-1;-1;-1;-1;-1;-1;-1;2;1;2.04;3.79;3.63;0;0;0;0;0;0;0;0;0;0;0;0;0;0;0;0;0;0;0;0;0;0;0;0;0;0;0;0;0;0;0;0;0;0;0;0;0;0;0;0;0;0;0;0;0;0;0;0;0;0;0;0;0;0;0;0;0;0;0;0;0;0;0;0;0;2;1;0;0;1;1;1;2013-05-21 19:15:00;-1;0;100;0;100;0;-1;1;-1;-1;-1;-1;-1;-1;0;1;2;0;1;2;-1;0;0;0;0;0;0;0;0;0;0;0;0;0;1;1;0;0;-1;-1;0;0;-1;-1;-1;-1;-1;-1;-1;-1;-1;50;75;100;100;100;50;75;100;100;0;0;3.5;4.25;Stjarnan;Valur;2.55;1.82;3;3;2;2.33;50;25;0;0;0;0;0;0;0;0;0;741;22;Y;Y;N;N;N;N;Y
213819;3807;3816;2013;complete;1293;4;-1;45,49;;2;0;2;-1;-1;-1;-1;-1;3;0;0;0;-1;-1;-1;-1;-1;-1;-1;-1;-1;-1;3;0;2.89;3.59;2.47;0;0;0;0;0;0;0;0;0;0;0;0;0;0;0;0;0;0;0;0;0;0;0;0;0;0;0;0;0;0;0;0;0;0;0;0;0;0;0;0;0;0;0;0;0;0;0;0;0;0;0;0;0;0;0;0;0;0;0;0;0;0;0;0;0;2;1;0;1;0;1;1;2013-05-21 19:15:00;3807;0;100;25;50;0;-1;1;-1;-1;-1;-1;-1;-1;3;0;0;0;3;0;-1;0;0;0;0;0;0;0;0;0;0;0;0;0;1;1;0;0;-1;-1;0;0;-1;-1;-1;-1;-1;-1;-1;-1;-1;0;50;75;100;100;25;100;75;50;0;0;2;3.25;ÍA;Fram;0.91;1;0;2;0;1.67;100;50;25;0;0;0;0;0;0;0;0;741;22;Y;Y;N;N;N;N;N
213820;3803;54;2013;complete;1293;4;-1;;17;0;1;1;-1;-1;-1;-1;-1;1;4;0;0;-1;-1;-1;-1;-1;-1;-1;-1;-1;-1;1;4;3.46;3.71;2.12;0;0;0;0;0;0;0;0;0;0;0;0;0;0;0;0;0;0;0;0;0;0;0;0;0;0;0;0;0;0;0;0;0;0;0;0;0;0;0;0;0;0;0;0;0;0;0;0;0;0;0;0;0;0;0;0;0;0;0;0;0;0;0;0;0;1;0;1;0;0;0;1;2013-05-21 20:00:00;54;0;50;0;25;0;-1;1;-1;-1;-1;-1;-1;-1;1;1;0;3;2;3;-1;0;0;0;0;0;0;0;0;0;0;0;0;0;1;1;0;0;-1;-1;0;0;-1;-1;-1;-1;-1;-1;-1;-1;-1;50;50;100;100;100;0;50;100;100;0;0;7;4;Breidablik;FH;2.18;2.27;3;3;2;2.33;50;50;0;0;0;0;0;0;0;0;0;741;22;Y;N;N;N;N;N;N
213821;3804;3805;2013;complete;1293;5;-1;;;0;0;0;2;6;8;1;1;1;3;0;0;2;3;4;8;6;11;14;13;47;53;1;3;5.79;4.23;1.61;0;0;0;0;0;0;0;0;0;0;0;0;0;0;0;0;0;0;0;0;0;0;0;0;0;0;0;0;0;0;0;0;0;0;0;0;0;0;0;0;0;0;0;0;0;0;0;0;0;0;0;0;0;0;0;0;0;0;0;0;0;0;0;0;0;0;0;0;0;0;0;0;2013-05-26 18:00:00;-1;0;100;75;0;0;-1;1;-1;-1;-1;-1;-1;-1;0;2;1;1;2;2;-1;0;0;0;0;0;0;0;0;0;0;0;0;0;1;1;0;0;-1;-1;0;1;-1;-1;-1;-1;-1;-1;-1;-1;-1;0;25;50;100;100;75;100;25;25;0;0;5.5;2.75;Víkingur Ólafsvík;ÍBV;0.73;1.09;0;1;0;1.75;100;75;50;0;0;0;0;0;0;0;0;741;22;N;N;N;N;N;N;N
213822;3809;3815;2013;complete;1293;5;-1;17,60,68,78;;4;0;4;6;3;9;5;2;0;0;0;1;4;3;6;9;10;12;11;9;52;48;0;2;1.79;3.96;4.54;0;0;0;0;0;0;0;0;0;0;0;0;0;0;0;0;0;0;0;0;0;0;0;0;0;0;0;0;0;0;0;0;0;0;0;0;0;0;0;0;0;0;0;0;0;0;0;0;0;0;0;0;0;0;0;0;0;0;0;0;0;0;0;0;0;4;1;0;3;0;3;1;2013-05-26 19:15:00;3809;0;100;0;0;0;-1;1;-1;-1;-1;-1;-1;-1;0;0;0;1;0;1;-1;0;0;0;0;0;0;0;1;0;1;0;0;0;1;1;0;0;-1;-1;0;0;-1;-1;-1;-1;-1;-1;-1;-1;-1;0;25;50;100;100;25;100;100;25;0;0;4.5;2.75;Valur;Keflavík;1.18;1;1;1.5;2;1;100;75;50;0;0;0;0;0;0;0;0;741;22;Y;Y;Y;Y;N;N;N
213823;54;3807;2013;complete;1293;5;-1;52,64;;2;0;2;11;5;16;2;0;2;2;0;0;2;5;3;4;5;9;13;12;47;53;2;2;1.38;5.2;8.94;0;0;0;0;0;0;0;0;0;0;0;0;0;0;0;0;0;0;0;0;0;0;0;0;0;0;0;0;0;0;0;0;0;0;0;0;0;0;0;0;0;0;0;0;0;0;0;0;0;0;0;0;0;0;0;0;0;0;0;0;0;0;0;0;0;2;0;0;2;0;2;0;2013-05-26 19:15:00;54;0;75;25;0;0;-1;1;-1;-1;-1;-1;-1;-1;1;0;1;2;1;3;-1;0;0;0;0;0;0;0;0;0;0;0;0;0;1;1;0;0;-1;-1;0;0;-1;-1;-1;-1;-1;-1;-1;-1;-1;25;25;50;75;100;50;100;50;25;0;0;6.5;2.75;FH;ÍA;2;0.09;2;0;2.5;0.75;75;75;50;25;0;0;0;0;0;0;0;741;22;Y;Y;N;N;N;N;N
213824;3812;3817;2013;complete;1293;5;-1;85;19,50,66,72;1;4;5;11;0;11;2;6;1;2;1;0;7;2;8;5;15;7;11;15;52;48;3;2;1.77;3.96;4.71;0;0;0;0;0;0;0;0;0;0;0;0;0;0;0;0;0;0;0;0;0;0;0;0;0;0;0;0;0;0;0;0;0;0;0;0;0;0;0;0;0;0;0;0;0;0;0;0;0;0;0;0;0;0;0;0;0;0;0;0;0;0;0;0;0;5;0;1;1;3;4;1;2013-05-26 20:00:00;3817;0;50;0;50;0;-1;1;-1;-1;-1;-1;-1;-1;1;2;1;0;3;1;-1;0;0;0;0;0;0;0;0;0;0;0;0;0;1;1;0;0;-1;-1;0;0;-1;-1;-1;-1;-1;-1;-1;-1;-1;25;25;75;75;100;0;50;100;75;0;0;6.5;3;Fylkir;Thór;0.91;1.27;0;0;0.5;0.75;75;75;25;25;0;0;0;0;0;0;0;741;22;Y;Y;Y;Y;Y;N;Y
213825;3816;971;2013;complete;1293;5;-1;;34;0;1;1;2;6;8;2;4;2;1;0;0;4;4;2;4;6;8;7;13;50;50;2;1;2.83;3.64;2.49;0;0;0;0;0;0;0;0;0;0;0;0;0;0;0;0;0;0;0;0;0;0;0;0;0;0;0;0;0;0;0;0;0;0;0;0;0;0;0;0;0;0;0;0;0;0;0;0;0;0;0;0;0;0;0;0;0;0;0;0;0;0;0;0;0;1;0;1;0;0;0;1;2013-05-27 19:15:00;971;0;75;25;50;0;-1;1;-1;-1;-1;-1;-1;-1;1;1;1;0;2;1;-1;0;0;0;0;0;0;0;0;0;0;0;0;0;1;1;0;0;-1;-1;0;0;-1;-1;-1;-1;-1;-1;-1;-1;-1;0;0;25;75;100;25;25;75;50;0;0;5;2;Fram;Stjarnan;1;1.36;1;1.5;1.25;1.75;100;100;75;25;0;0;0;0;0;0;0;741;22;Y;N;N;N;N;N;N
213826;973;3803;2013;complete;1293;5;-1;64;42;1;1;2;3;2;5;0;0;2;4;0;0;7;4;4;3;11;7;7;19;53;47;2;4;1.83;3.94;4.34;0;0;0;0;0;0;0;0;0;0;0;0;0;0;0;0;0;0;0;0;0;0;0;0;0;0;0;0;0;0;0;0;0;0;0;0;0;0;0;0;0;0;0;0;0;0;0;0;0;0;0;0;0;0;0;0;0;0;0;0;0;0;0;0;0;2;0;1;1;0;1;1;2013-05-27 20:00:00;-1;0;75;25;50;0;-1;1;-1;-1;-1;-1;-1;-1;1;1;1;3;2;4;-1;0;0;0;0;0;0;0;0;0;0;0;0;0;1;1;0;0;-1;-1;0;0;-1;-1;-1;-1;-1;-1;-1;-1;-1;50;50;100;100;100;25;100;75;75;0;0;6;4;KR;Breidablik;2.82;1.36;3;0;3;1.5;50;50;0;0;0;0;0;0;0;0;0;741;22;Y;Y;N;N;N;N;Y
213827;3805;3812;2013;complete;1293;6;-1;15,22,58;63;3;1;4;6;3;9;2;3;4;0;0;0;6;5;5;6;11;11;16;7;49;51;4;0;1.63;4.09;5.75;0;0;0;0;0;0;0;0;0;0;0;0;0;0;0;0;0;0;0;0;0;0;0;0;0;0;0;0;0;0;0;0;0;0;0;0;0;0;0;0;0;0;0;0;0;0;0;0;0;0;0;0;0;0;0;0;0;0;0;0;0;0;0;0;0;4;2;0;1;1;2;2;2013-06-02 17:00:00;3805;0;67;0;67;0;-1;1;-1;-1;-1;-1;-1;-1;1;0;3;0;1;3;-1;0;0;0;0;0;0;0;0;0;0;0;0;0;1;1;0;0;-1;-1;1;0;-1;-1;-1;-1;-1;-1;-1;-1;-1;17;42;42;84;100;17;75;67;67;0;0;4.83;2.84;ÍBV;Fylkir;1.55;1.45;2;1;1.6;0.4;84;59;59;17;0;0;0;0;0;0;0;741;22;Y;Y;Y;Y;N;N;Y
213828;3817;3809;2013;complete;1293;6;-1;52,90,90;5,33,55,62,65;3;5;8;5;1;6;1;5;4;3;0;0;8;2;6;4;14;6;10;10;51;49;4;3;3.07;3.68;2.31;0;0;0;0;0;0;0;0;0;0;0;0;0;0;0;0;0;0;0;0;0;0;0;0;0;0;0;0;0;0;0;0;0;0;0;0;0;0;0;0;0;0;0;0;0;0;0;0;0;0;0;0;0;0;0;0;0;0;0;0;0;0;0;0;0;8;0;2;3;3;6;2;2013-06-09 18:00:00;3809;0;50;0;34;0;-1;1;-1;-1;-1;-1;-1;-1;2;1;2;2;3;4;-1;0;0;0;0;0;0;0;1;0;1;0;0;0;1;1;0;1;-1;-1;0;0;-1;-1;-1;-1;-1;-1;-1;-1;-1;0;17;59;75;100;0;59;75;59;0;0;5;2.5;Thór;Valur;0.91;1.82;1.5;2.33;1.2;2.2;100;84;42;25;0;0;0;0;0;0;0;741;22;Y;Y;Y;Y;Y;Y;Y
213829;3807;971;2013;complete;1293;6;-1;88;59,82,90;1;3;4;10;10;20;5;3;2;1;0;0;2;9;3;9;5;18;13;7;52;48;2;1;3.47;3.47;2.2;0;0;0;0;0;0;0;0;0;0;0;0;0;0;0;0;0;0;0;0;0;0;0;0;0;0;0;0;0;0;0;0;0;0;0;0;0;0;0;0;0;0;0;0;0;0;0;0;0;0;0;0;0;0;0;0;0;0;0;0;0;0;0;0;0;4;0;0;1;3;4;0;2013-06-09 19:15:00;971;0;42;17;25;0;-1;1;-1;-1;-1;-1;-1;-1;1;0;1;1;1;2;-1;0;0;0;0;0;0;0;0;1;0;1;0;0;1;1;0;0;-1;-1;0;0;-1;-1;-1;-1;-1;-1;-1;-1;-1;0;25;42;67;100;17;84;67;25;6;0;3.67;2.34;ÍA;Stjarnan;0.91;1.36;1.5;2;0.6;2;100;75;59;34;0;0;0;0;0;0;0;741;22;Y;Y;Y;Y;N;N;Y
213830;3803;3804;2013;complete;1293;6;-1;6,61;;2;0;2;9;0;9;8;1;1;3;0;1;4;2;7;0;11;2;7;13;49;51;1;5;1.36;5.4;9;0;0;0;0;0;0;0;0;0;0;0;0;0;0;0;0;0;0;0;0;0;0;0;0;0;0;0;0;0;0;0;0;0;0;0;0;0;0;0;0;0;0;0;0;0;0;0;0;0;0;0;0;0;0;0;0;0;0;0;0;0;0;0;0;0;2;1;0;1;0;1;1;2013-06-10 19:15:00;3803;0;59;0;42;0;-1;1;-1;-1;-1;-1;-1;-1;0;2;1;2;2;3;-1;0;0;0;0;0;0;0;2;0;2;0;0;0;1;1;1;0;-1;-1;0;1;-1;-1;-1;-1;-1;-1;-1;-1;-1;59;59;59;59;100;25;100;59;59;0;0;2.83;3.34;Breidablik;Víkingur Ólafsvík;2.18;0.82;2;0;1.4;0.2;42;42;42;42;0;0;0;0;0;0;0;741;22;Y;Y;N;N;N;N;N
213831;3815;3816;2013;complete;1293;6;-1;67;43,56;1;2;3;4;3;7;7;3;5;0;1;0;3;6;3;4;6;10;16;10;48;52;7;0;2.5;3.56;2.84;0;0;0;0;0;0;0;0;0;0;0;0;0;0;0;0;0;0;0;0;0;0;0;0;0;0;0;0;0;0;0;0;0;0;0;0;0;0;0;0;0;0;0;0;0;0;0;0;0;0;0;0;0;0;0;0;0;0;0;0;0;0;0;0;0;3;0;1;1;1;2;1;2013-06-10 19:15:00;3816;0;59;17;25;0;-1;1;-1;-1;-1;-1;-1;-1;1;0;5;0;1;5;-1;0;0;0;0;0;0;0;0;0;0;0;0;0;1;1;0;0;-1;-1;0;0;-1;-1;-1;-1;-1;-1;-1;-1;-1;0;25;42;100;100;42;100;59;25;0;0;4.67;2.67;Keflavík;Fram;1.18;1;0.5;1.33;0.8;1;100;75;59;0;0;0;0;0;0;0;0;741;22;Y;Y;Y;N;N;N;Y
213832;54;973;2013;complete;1293;6;-1;45,71;8,14,76,88;2;4;6;5;4;9;2;4;1;3;1;0;0;4;2;5;2;9;13;9;50;50;3;3;2.14;3.6;3.5;0;0;0;0;0;0;0;0;0;0;0;0;0;0;0;0;0;0;0;0;0;0;0;0;0;0;0;0;0;0;0;0;0;0;0;0;0;0;0;0;0;0;0;0;0;0;0;0;0;0;0;0;0;0;0;0;0;0;0;0;0;0;0;0;0;6;1;2;1;2;3;3;2013-06-10 20:00:00;973;0;34;17;0;0;-1;1;-1;-1;-1;-1;-1;-1;2;2;0;1;4;1;-1;0;0;0;0;0;0;0;0;1;0;1;0;0;1;1;0;1;-1;-1;1;0;-1;-1;-1;-1;-1;-1;-1;-1;-1;0;0;17;100;100;84;84;34;17;11;0;3.5;2.17;FH;KR;2;1.91;2.33;3;2.6;2.6;100;100;84;0;0;50;50;50;0;0;0;741;22;Y;Y;Y;Y;Y;Y;Y
213833;3816;3817;2013;complete;1293;7;-1;21,30,50,78;48;4;1;5;6;5;11;3;1;4;2;0;0;5;4;2;9;7;13;15;8;48;52;4;2;1.77;3.85;4.88;0;0;0;0;0;0;0;0;0;0;0;0;0;0;0;0;0;0;0;0;0;0;0;0;0;0;0;0;0;0;0;0;0;0;0;0;0;0;0;0;0;0;0;0;0;0;0;0;0;0;0;0;0;0;0;0;0;0;0;0;0;0;0;0;0;5;2;0;2;1;3;2;2013-06-16 17:00:00;3816;0;59;0;59;0;-1;1;-1;-1;-1;-1;-1;-1;1;0;3;2;1;5;-1;0;0;0;0;0;0;0;0;0;0;0;0;0;1;1;0;0;-1;-1;0;0;-1;-1;-1;-1;-1;-1;-1;-1;-1;34;34;50;75;100;0;75;75;75;2;1.83;5.5;2.92;Fram;Thór;1;1.27;0.5;1;1.33;1;67;67;50;25;0;50;50;50;0;0;0;741;22;Y;Y;Y;Y;Y;N;Y
213834;3804;54;2013;complete;1293;7;-1;;5,36,52,77;0;4;4;4;7;11;0;5;1;1;0;0;3;5;6;3;9;8;11;11;52;48;1;1;9.36;5.34;1.36;0;0;0;0;0;0;0;0;0;0;0;0;0;0;0;0;0;0;0;0;0;0;0;0;0;0;0;0;0;0;0;0;0;0;0;0;0;0;0;0;0;0;0;0;0;0;0;0;0;0;0;0;0;0;0;0;0;0;0;0;0;0;0;0;0;4;0;2;0;2;2;2;2013-06-16 17:00:00;54;0;34;17;0;0;-1;1;-1;-1;-1;-1;-1;-1;0;0;1;1;0;2;-1;0;0;0;0;0;0;0;0;0;0;0;0;0;1;1;0;1;-1;-1;0;0;-1;-1;-1;-1;-1;-1;-1;-1;-1;0;17;59;59;84;17;59;42;42;2;0;6;2.17;Víkingur Ólafsvík;FH;0.73;2.27;0.33;3;0.17;2.17;100;84;42;42;17;0;0;0;0;0;0;741;22;Y;Y;Y;Y;N;N;N
213835;973;3807;2013;complete;1293;7;-1;61,64,69,81;27,90;4;2;6;9;7;16;1;1;1;1;0;0;10;4;7;4;17;8;9;12;53;47;1;1;1.37;5.17;9.39;0;0;0;0;0;0;0;0;0;0;0;0;0;0;0;0;0;0;0;0;0;0;0;0;0;0;0;0;0;0;0;0;0;0;0;0;0;0;0;0;0;0;0;0;0;0;0;0;0;0;0;0;0;0;0;0;0;0;0;0;0;0;0;0;0;6;0;1;4;1;5;1;2013-06-16 19:15:00;973;0;50;17;0;0;-1;1;-1;-1;-1;-1;-1;-1;0;0;1;1;0;2;-1;0;0;0;0;0;0;0;0;0;0;0;0;0;1;1;0;0;-1;-1;0;0;-1;-1;-1;-1;-1;-1;-1;-1;-1;17;17;50;84;100;17;84;67;50;8;0;4.67;2.67;KR;ÍA;2.82;0.09;2.33;0;2.67;0.5;84;84;50;17;0;50;50;50;0;0;0;741;22;Y;Y;Y;Y;Y;Y;Y
213836;3812;3803;2013;complete;1293;7;-1;;81;0;1;1;4;7;11;2;5;4;1;0;0;3;3;5;5;8;8;17;10;48;52;4;1;3.46;3.57;2.17;0;0;0;0;0;0;0;0;0;0;0;0;0;0;0;0;0;0;0;0;0;0;0;0;0;0;0;0;0;0;0;0;0;0;0;0;0;0;0;0;0;0;0;0;0;0;0;0;0;0;0;0;0;0;0;0;0;0;0;0;0;0;0;0;0;1;0;0;0;1;1;0;2013-06-16 19:15:00;3803;0;84;0;59;0;-1;1;-1;-1;-1;-1;-1;-1;1;0;3;1;1;4;-1;0;0;0;0;0;0;0;0;0;0;0;0;0;1;1;0;0;-1;-1;0;0;-1;-1;-1;-1;-1;-1;-1;-1;-1;42;42;59;84;100;0;67;100;59;13;0;6.67;3.25;Fylkir;Breidablik;0.91;1.36;0;0.5;0.33;1.67;59;59;42;17;0;50;50;50;0;0;0;741;22;Y;N;N;N;N;N;N
213837;971;3815;2013;complete;1293;7;-1;29;;1;0;1;1;3;4;1;5;2;1;0;0;3;5;6;5;9;10;10;10;48;52;2;1;1.58;4.46;5.8;0;0;0;0;0;0;0;0;0;0;0;0;0;0;0;0;0;0;0;0;0;0;0;0;0;0;0;0;0;0;0;0;0;0;0;0;0;0;0;0;0;0;0;0;0;0;0;0;0;0;0;0;0;0;0;0;0;0;0;0;0;0;0;0;0;1;1;0;0;0;0;1;2013-06-16 20:00:00;971;0;84;0;25;0;-1;1;-1;-1;-1;-1;-1;-1;0;1;2;0;1;2;-1;0;0;0;0;0;0;0;0;0;0;0;0;0;1;1;0;0;-1;-1;0;1;-1;-1;-1;-1;-1;-1;-1;-1;-1;25;59;75;100;100;42;100;100;59;3;0;3.17;3.59;Stjarnan;Keflavík;2.55;1;2;1;2.17;0.67;75;42;25;0;0;50;0;0;0;0;0;741;22;Y;N;N;N;N;N;N
213838;3809;3805;2013;complete;1293;7;-1;65;40;1;1;2;5;3;8;0;1;2;2;0;0;4;2;8;6;12;8;11;17;51;49;2;2;2.46;3.54;2.93;0;0;0;0;0;0;0;0;0;0;0;0;0;0;0;0;0;0;0;0;0;0;0;0;0;0;0;0;0;0;0;0;0;0;0;0;0;0;0;0;0;0;0;0;0;0;0;0;0;0;0;0;0;0;0;0;0;0;0;0;0;0;0;0;0;2;0;1;1;0;1;1;2013-06-18 18:00:00;-1;0;50;25;0;0;-1;1;-1;-1;-1;-1;-1;-1;1;0;1;2;1;3;-1;0;0;0;0;0;0;0;0;0;0;0;0;0;1;1;0;0;-1;-1;0;0;-1;-1;-1;-1;-1;-1;-1;-1;-1;0;25;25;75;75;25;75;50;25;12;2;4.5;2;Valur;ÍBV;1.18;1.09;2;1;2.33;1.83;100;75;75;25;25;50;0;0;0;0;0;741;22;Y;Y;N;N;N;N;Y
213839;3805;3816;2013;complete;1293;8;-1;83;;1;0;1;-1;-1;-1;-1;-1;0;1;0;0;-1;-1;-1;-1;-1;-1;-1;-1;-1;-1;0;1;1.83;3.82;4.53;0;0;0;0;0;0;0;0;0;0;0;0;0;0;0;0;0;0;0;0;0;0;0;0;0;0;0;0;0;0;0;0;0;0;0;0;0;0;0;0;0;0;0;0;0;0;0;0;0;0;0;0;0;0;0;0;0;0;0;0;0;0;0;0;0;1;0;0;1;0;1;0;2013-06-23 17:00:00;3805;0;63;13;38;0;-1;1;-1;-1;-1;-1;-1;-1;0;1;0;0;1;0;-1;0;0;0;0;0;0;0;0;0;0;0;0;0;1;1;0;0;-1;-1;0;0;-1;-1;-1;-1;-1;-1;-1;-1;-1;13;25;50;88;100;38;100;63;38;9;0;3.25;2.75;ÍBV;Fram;1.55;1;2.25;1.75;1.71;1.57;88;75;50;13;0;50;0;0;0;0;0;741;22;Y;N;N;N;N;N;N
213840;3817;971;2013;complete;1293;8;-1;40;29;1;1;2;2;8;10;5;0;3;1;0;1;2;4;5;7;7;11;17;26;48;52;3;3;4.82;3.88;1.77;0;0;0;0;0;0;0;0;0;0;0;0;0;0;0;0;0;0;0;0;0;0;0;0;0;0;0;0;0;0;0;0;0;0;0;0;0;0;0;0;0;0;0;0;0;0;0;0;0;0;0;0;0;0;0;0;0;0;0;0;0;0;0;0;0;2;1;1;0;0;0;2;2013-06-23 17:00:00;-1;0;42;13;29;0;-1;1;-1;-1;-1;-1;-1;-1;0;0;3;2;0;5;-1;0;0;0;0;0;0;0;0;0;0;0;0;0;1;1;0;0;-1;-1;0;0;-1;-1;-1;-1;-1;-1;-1;-1;-1;17;29;59;59;100;29;59;59;46;13;0.92;4.83;3.13;Thór;Stjarnan;0.91;1.36;1;2.25;0.86;2.29;84;71;42;42;0;25;25;25;0;0;0;741;22;Y;Y;N;N;N;N;Y
213841;973;3804;2013;complete;1293;8;-1;68,73;4;2;1;3;6;4;10;2;2;2;2;0;0;10;2;6;4;16;6;9;15;48;52;2;2;1.22;7.15;9.99;0;0;0;0;0;0;0;0;0;0;0;0;0;0;0;0;0;0;0;0;0;0;0;0;0;0;0;0;0;0;0;0;0;0;0;0;0;0;0;0;0;0;0;0;0;0;0;0;0;0;0;0;0;0;0;0;0;0;0;0;0;0;0;0;0;3;0;1;2;0;2;1;2013-06-23 19:15:00;973;0;54;13;29;0;-1;1;-1;-1;-1;-1;-1;-1;0;1;2;1;1;3;-1;0;0;0;0;0;0;0;1;0;1;0;0;0;1;1;0;1;-1;-1;0;0;-1;-1;-1;-1;-1;-1;-1;-1;-1;29;29;54;84;100;29;100;71;42;6;0;3.67;3.09;KR;Víkingur Ólafsvík;2.82;0.82;2.5;0;2.71;0.14;71;71;46;17;0;75;25;25;0;0;0;741;22;Y;Y;Y;N;N;N;Y
213842;3807;3815;2013;complete;1293;8;-1;25,51;13,16,84;2;3;5;6;11;17;2;4;0;0;0;0;5;5;5;3;10;8;12;13;48;52;0;0;2.35;3.62;3.04;0;0;0;0;0;0;0;0;0;0;0;0;0;0;0;0;0;0;0;0;0;0;0;0;0;0;0;0;0;0;0;0;0;0;0;0;0;0;0;0;0;0;0;0;0;0;0;0;0;0;0;0;0;0;0;0;0;0;0;0;0;0;0;0;0;5;1;2;1;1;2;3;2013-06-24 19:15:00;3815;0;59;0;34;0;-1;-1;-1;-1;-1;-1;-1;-1;0;0;0;0;0;0;-1;0;0;0;0;0;0;0;0;0;0;0;0;0;1;1;0;0;-1;-1;-1;-1;-1;-1;-1;-1;-1;-1;-1;-1;-1;0;59;71;88;100;13;84;88;59;13;2.25;3.5;3.17;ÍA;Keflavík;0.91;1;1;0.75;0.43;0.57;100;42;29;13;0;75;50;50;0;0;0;741;22;Y;Y;Y;Y;Y;N;Y
213843;54;3812;2013;complete;1293;8;-1;56,68;5;2;1;3;8;3;11;3;1;2;2;0;0;6;2;3;2;9;4;9;15;53;47;2;2;1.37;5.3;8.9;0;0;0;0;0;0;0;0;0;0;0;0;0;0;0;0;0;0;0;0;0;0;0;0;0;0;0;0;0;0;0;0;0;0;0;0;0;0;0;0;0;0;0;0;0;0;0;0;0;0;0;0;0;0;0;0;0;0;0;0;0;0;0;0;0;3;0;1;2;0;2;1;2013-06-24 19:15:00;54;0;88;25;63;0;-1;1;-1;-1;-1;-1;-1;-1;0;1;2;1;1;3;-1;0;0;0;0;0;0;0;0;0;0;0;0;0;1;1;0;1;-1;-1;0;0;-1;-1;-1;-1;-1;-1;-1;-1;-1;13;46;59;100;100;54;71;88;75;11;0.83;4.67;3.29;FH;Fylkir;2;1.45;1.75;0.67;2.29;0.29;88;54;42;0;0;100;25;25;0;0;0;741;22;Y;Y;Y;N;N;N;Y
213844;3803;3809;2013;complete;1293;8;-1;61;;1;0;1;9;3;12;1;3;0;2;0;0;3;4;4;7;7;11;14;14;53;47;0;2;2.22;3.48;3.42;0;0;0;0;0;0;0;0;0;0;0;0;0;0;0;0;0;0;0;0;0;0;0;0;0;0;0;0;0;0;0;0;0;0;0;0;0;0;0;0;0;0;0;0;0;0;0;0;0;0;0;0;0;0;0;0;0;0;0;0;0;0;0;0;0;1;0;0;1;0;1;0;2013-06-24 20:00:00;3803;0;75;0;50;0;-1;1;-1;-1;-1;-1;-1;-1;0;0;0;2;0;2;-1;0;0;0;0;0;0;0;0;0;0;0;0;0;1;1;0;0;-1;-1;0;0;-1;-1;-1;-1;-1;-1;-1;-1;-1;38;50;63;88;100;13;88;88;63;10;1.75;4.25;3.75;Breidablik;Valur;2.18;1.82;2.25;2.5;1.86;2.14;63;50;38;13;0;50;0;0;0;0;0;741;22;Y;N;N;N;N;N;N
213845;3815;3817;2013;complete;1293;9;-1;90;26,45,84;1;3;4;8;0;8;4;1;0;1;0;0;12;5;6;3;18;8;14;12;50;50;0;1;2.02;3.83;3.65;0;0;0;0;0;0;0;0;0;0;0;0;0;0;0;0;0;0;0;0;0;0;0;0;0;0;0;0;0;0;0;0;0;0;0;0;0;0;0;0;0;0;0;0;0;0;0;0;0;0;0;0;0;0;0;0;0;0;0;0;0;0;0;0;0;4;0;2;1;1;2;2;2013-06-30 17:00:00;3817;0;71;0;71;0;-1;1;-1;-1;-1;-1;-1;-1;0;1;0;0;1;0;-1;0;0;0;0;0;0;0;0;0;0;0;0;0;1;1;0;0;-1;-1;0;0;-1;-1;-1;-1;-1;-1;-1;-1;-1;38;54;84;100;100;29;100;84;84;6.5;2.92;7.67;3.75;Keflavík;Thór;1.18;1.27;0.33;0.75;0.88;0.88;63;46;17;0;0;50;50;50;0;0;0;741;22;Y;Y;Y;Y;N;N;Y
213846;971;3805;2013;complete;1293;9;-1;18;;1;0;1;6;2;8;2;2;2;3;0;0;3;5;5;7;8;12;12;8;51;49;2;3;2.16;3.55;3.5;0;0;0;0;0;0;0;0;0;0;0;0;0;0;0;0;0;0;0;0;0;0;0;0;0;0;0;0;0;0;0;0;0;0;0;0;0;0;0;0;0;0;0;0;0;0;0;0;0;0;0;0;0;0;0;0;0;0;0;0;0;0;0;0;0;1;1;0;0;0;0;1;2013-06-30 17:00:00;971;0;67;17;17;0;-1;1;-1;-1;-1;-1;-1;-1;1;2;1;1;3;2;-1;0;0;0;0;0;0;0;0;0;0;0;0;0;1;1;0;0;-1;-1;0;0;-1;-1;-1;-1;-1;-1;-1;-1;-1;17;17;17;67;84;33;84;50;17;5.5;0;4.34;2;Stjarnan;ÍBV;2.55;1.09;2.33;1;2.13;1.88;84;84;84;33;17;0;0;0;0;0;0;741;22;Y;N;N;N;N;N;N
213847;3816;3803;2013;complete;1293;9;-1;35;84;1;1;2;5;7;12;5;4;3;1;0;0;7;8;5;6;12;14;15;12;47;53;3;1;2.79;3.44;2.62;0;0;0;0;0;0;0;0;0;0;0;0;0;0;0;0;0;0;0;0;0;0;0;0;0;0;0;0;0;0;0;0;0;0;0;0;0;0;0;0;0;0;0;0;0;0;0;0;0;0;0;0;0;0;0;0;0;0;0;0;0;0;0;0;0;2;1;0;0;1;1;1;2013-06-30 19:15:00;-1;0;67;0;50;0;-1;1;-1;-1;-1;-1;-1;-1;1;0;2;1;1;3;-1;0;0;0;0;0;0;0;0;0;0;0;0;0;1;1;0;0;-1;-1;0;0;-1;-1;-1;-1;-1;-1;-1;-1;-1;33;33;33;67;100;17;67;84;50;8.5;2.66;6;2.67;Fram;Breidablik;1;1.36;1.33;1.33;1.38;2;67;67;67;33;0;50;50;50;0;0;0;741;22;Y;Y;N;N;N;N;Y
213848;3812;973;2013;complete;1293;9;-1;52,77;30,47,74;2;3;5;3;4;7;1;3;3;3;0;0;7;2;3;4;10;6;14;10;50;50;3;3;6.37;4.67;1.52;0;0;0;0;0;0;0;0;0;0;0;0;0;0;0;0;0;0;0;0;0;0;0;0;0;0;0;0;0;0;0;0;0;0;0;0;0;0;0;0;0;0;0;0;0;0;0;0;0;0;0;0;0;0;0;0;0;0;0;0;0;0;0;0;0;5;0;1;2;2;4;1;2013-06-30 19:15:00;973;0;42;17;42;0;-1;1;-1;-1;-1;-1;-1;-1;1;2;2;1;3;3;-1;0;0;0;0;0;0;0;0;0;0;0;0;0;1;1;0;0;-1;-1;0;0;-1;-1;-1;-1;-1;-1;-1;-1;-1;29;29;42;75;100;50;63;67;42;11.5;1.17;4.33;2.92;Fylkir;KR;0.91;1.91;0;3;0.25;2.75;71;71;59;25;0;100;50;50;0;0;0;741;22;Y;Y;Y;Y;Y;N;Y
213849;3809;54;2013;complete;1293;9;-1;38;69;1;1;2;8;4;12;1;1;1;2;0;0;3;0;5;6;8;6;10;13;48;52;1;2;3.27;3.7;2.2;0;0;0;0;0;0;0;0;0;0;0;0;0;0;0;0;0;0;0;0;0;0;0;0;0;0;0;0;0;0;0;0;0;0;0;0;0;0;0;0;0;0;0;0;0;0;0;0;0;0;0;0;0;0;0;0;0;0;0;0;0;0;0;0;0;2;1;0;0;1;1;1;2013-06-30 19:15:00;-1;0;34;0;0;0;-1;1;-1;-1;-1;-1;-1;-1;0;0;1;2;0;3;-1;0;0;0;0;0;0;0;0;0;0;0;0;0;1;1;0;0;-1;-1;0;0;-1;-1;-1;-1;-1;-1;-1;-1;-1;0;33;50;84;100;17;84;84;50;12.5;2.33;4.67;2.67;Valur;FH;1.18;2.27;1.67;3;1.88;2.38;100;67;50;17;0;75;50;50;0;0;0;741;22;Y;Y;N;N;N;N;Y
213850;3804;3807;2013;complete;1293;9;-1;77;;1;0;1;4;5;9;1;4;2;1;0;0;6;2;6;3;12;5;16;11;51;49;2;1;2.59;3.58;2.74;0;0;0;0;0;0;0;0;0;0;0;0;0;0;0;0;0;0;0;0;0;0;0;0;0;0;0;0;0;0;0;0;0;0;0;0;0;0;0;0;0;0;0;0;0;0;0;0;0;0;0;0;0;0;0;0;0;0;0;0;0;0;0;0;0;1;0;0;1;0;1;0;2013-06-30 20:00:00;3804;0;50;13;13;0;-1;1;-1;-1;-1;-1;-1;-1;2;0;0;1;2;1;-1;0;0;0;0;0;0;0;0;0;0;0;0;0;1;1;0;0;-1;-1;0;0;-1;-1;-1;-1;-1;-1;-1;-1;-1;25;50;63;75;88;25;75;63;63;9;0;4;3.13;Víkingur Ólafsvík;ÍA;0.73;0.09;0.25;0;0.13;0.38;75;50;38;25;13;75;75;75;0;0;0;741;22;Y;N;N;N;N;N;N
213851;3807;3817;2013;complete;1293;10;-1;90;61,90;1;2;3;5;5;10;0;0;4;4;1;0;7;2;2;4;9;6;12;16;52;48;6;4;2.41;3.61;2.95;0;0;0;0;0;0;0;0;0;0;0;0;0;0;0;0;0;0;0;0;0;0;0;0;0;0;0;0;0;0;0;0;0;0;0;0;0;0;0;0;0;0;0;0;0;0;0;0;0;0;0;0;0;0;0;0;0;0;0;0;0;0;0;0;0;3;0;0;1;2;3;0;2013-07-03 18:00:00;3817;0;78;13;78;0;-1;1;-1;-1;-1;-1;-1;-1;0;1;5;3;1;8;-1;0;0;0;0;0;0;0;1;0;1;0;0;0;1;1;0;0;-1;-1;0;0;-1;-1;-1;-1;-1;-1;-1;-1;-1;43;78;88;100;100;33;88;100;88;9.67;2.45;3.75;4.08;ÍA;Thór;0.91;1.27;0.75;1.2;0.33;1.11;58;23;13;0;0;84;84;84;0;0;0;741;22;Y;Y;Y;N;N;N;Y
213852;3804;3812;2013;complete;1293;10;-1;;;0;0;0;6;3;9;3;4;0;1;0;0;3;7;3;2;6;9;10;19;53;47;0;1;2.73;3.5;2.64;0;0;0;0;0;0;0;0;0;0;0;0;0;0;0;0;0;0;0;0;0;0;0;0;0;0;0;0;0;0;0;0;0;0;0;0;0;0;0;0;0;0;0;0;0;0;0;0;0;0;0;0;0;0;0;0;0;0;0;0;0;0;0;0;0;0;0;0;0;0;0;0;2013-07-03 19:15:00;-1;0;70;10;38;0;-1;1;-1;-1;-1;-1;-1;-1;0;1;0;0;1;0;-1;0;0;0;0;0;0;0;0;0;0;0;0;0;1;1;0;0;-1;-1;0;0;-1;-1;-1;-1;-1;-1;-1;-1;-1;0;45;68;80;90;33;68;80;70;6.33;0.5;3.55;2.83;Víkingur Ólafsvík;Fylkir;0.73;1.45;0.8;0.5;0.44;0.22;100;55;33;20;10;84;42;42;0;0;0;741;22;N;N;N;N;N;N;N
213853;54;3816;2013;complete;1293;10;-1;24,81;71;2;1;3;7;6;13;2;0;3;1;0;0;4;4;7;1;11;5;20;8;53;47;3;1;1.47;4.63;7.55;0;0;0;0;0;0;0;0;0;0;0;0;0;0;0;0;0;0;0;0;0;0;0;0;0;0;0;0;0;0;0;0;0;0;0;0;0;0;0;0;0;0;0;0;0;0;0;0;0;0;0;0;0;0;0;0;0;0;0;0;0;0;0;0;0;3;1;0;1;1;2;1;2013-07-03 20:00:00;54;0;70;30;20;0;-1;1;-1;-1;-1;-1;-1;-1;2;1;1;0;3;1;-1;0;0;0;0;0;0;0;0;0;0;0;0;0;1;1;0;0;-1;-1;0;1;-1;-1;-1;-1;-1;-1;-1;-1;-1;10;10;50;90;100;40;80;80;40;11;0.8;3.4;2.7;FH;Fram;2;1;2;1.4;2.22;1.33;90;90;50;10;0;50;34;34;0;0;0;741;22;Y;Y;Y;N;N;N;Y
213854;971;54;2013;complete;1293;11;-1;25,90;89;2;1;3;6;7;13;2;2;0;0;0;0;7;8;6;8;13;16;3;13;47;53;0;0;2.91;3.67;2.42;0;0;0;0;0;0;0;0;0;0;0;0;0;0;0;0;0;0;0;0;0;0;0;0;0;0;0;0;0;0;0;0;0;0;0;0;0;0;0;0;0;0;0;0;0;0;0;0;0;0;0;0;0;0;0;0;0;0;0;0;0;0;0;0;0;3;1;0;1;1;2;1;2013-07-11 20:00:00;971;0;38;0;13;0;-1;-1;-1;-1;-1;-1;-1;-1;0;0;0;0;0;0;-1;0;0;0;0;0;0;0;0;0;0;0;0;0;1;1;0;0;-1;-1;-1;-1;-1;-1;-1;-1;-1;-1;-1;-1;-1;13;25;38;63;100;25;88;63;38;9;1.25;4.5;2.38;Stjarnan;FH;2.55;2.27;2.5;2.5;2.22;2.3;88;75;63;38;0;50;50;50;0;0;0;741;22;Y;Y;Y;N;N;N;Y
213855;3817;3805;2013;complete;1293;11;-1;43;24,26,37;1;3;4;6;4;10;5;1;3;2;0;0;8;2;3;11;11;13;8;14;48;52;3;2;3.1;3.66;2.29;0;0;0;0;0;0;0;0;0;0;0;0;0;0;0;0;0;0;0;0;0;0;0;0;0;0;0;0;0;0;0;0;0;0;0;0;0;0;0;0;0;0;0;0;0;0;0;0;0;0;0;0;0;0;0;0;0;0;0;0;0;0;0;0;0;4;1;3;0;0;0;4;2013-07-14 16:00:00;3805;0;50;25;13;0;-1;1;-1;-1;-1;-1;-1;-1;1;1;2;1;2;3;-1;0;0;0;0;0;0;0;0;0;0;0;0;0;1;1;0;0;-1;-1;0;0;-1;-1;-1;-1;-1;-1;-1;-1;-1;13;13;25;63;88;38;75;38;25;7.17;1.75;6;2.38;Thór;ÍBV;0.91;1.09;1;0.75;1.3;1.67;88;88;75;38;13;25;25;0;0;0;0;741;22;Y;Y;Y;Y;N;N;Y
213856;3815;3803;2013;complete;1293;11;-1;51;66,77;1;2;3;3;5;8;2;0;4;1;0;0;2;5;5;4;7;9;19;12;49;51;4;1;4.58;3.99;1.79;0;0;0;0;0;0;0;0;0;0;0;0;0;0;0;0;0;0;0;0;0;0;0;0;0;0;0;0;0;0;0;0;0;0;0;0;0;0;0;0;0;0;0;0;0;0;0;0;0;0;0;0;0;0;0;0;0;0;0;0;0;0;0;0;0;3;0;0;1;2;3;0;2013-07-14 16:00:00;3803;0;75;0;50;0;-1;1;-1;-1;-1;-1;-1;-1;1;1;3;0;2;3;-1;0;0;0;0;0;0;0;0;0;0;0;0;0;1;1;0;0;-1;-1;0;0;-1;-1;-1;-1;-1;-1;-1;-1;-1;13;38;50;88;100;25;88;88;50;11.33;4.25;6.25;2.88;Keflavík;Breidablik;1.18;1.36;0.25;1.25;0.78;1.89;88;63;50;13;0;34;34;34;0;0;0;741;22;Y;Y;Y;N;N;N;Y
213857;3816;973;2013;complete;1293;11;-1;25,75;65;2;1;3;3;11;14;3;4;1;0;0;0;4;10;5;10;9;20;4;7;48;52;1;0;4.87;4.05;1.73;0;0;0;0;0;0;0;0;0;0;0;0;0;0;0;0;0;0;0;0;0;0;0;0;0;0;0;0;0;0;0;0;0;0;0;0;0;0;0;0;0;0;0;0;0;0;0;0;0;0;0;0;0;0;0;0;0;0;0;0;0;0;0;0;0;3;1;0;1;1;2;1;2013-07-14 21:00:00;3816;0;63;13;50;0;-1;1;-1;-1;-1;-1;-1;-1;1;0;0;0;1;0;-1;0;0;0;0;0;0;0;0;0;0;0;0;0;1;1;0;0;-1;-1;0;0;-1;-1;-1;-1;-1;-1;-1;-1;-1;38;38;38;88;100;50;88;63;50;8.33;3.5;4.75;3.13;Fram;KR;1;1.91;1.25;3;1.2;2.78;63;63;63;13;0;59;34;34;0;0;0;741;22;Y;Y;Y;N;N;N;Y
213858;3812;3807;2013;complete;1293;11;-1;86;71;1;1;2;5;7;12;2;1;4;3;1;0;10;4;4;4;14;8;14;18;51;49;5;3;1.98;3.8;3.85;0;0;0;0;0;0;0;0;0;0;0;0;0;0;0;0;0;0;0;0;0;0;0;0;0;0;0;0;0;0;0;0;0;0;0;0;0;0;0;0;0;0;0;0;0;0;0;0;0;0;0;0;0;0;0;0;0;0;0;0;0;0;0;0;0;2;0;0;1;1;2;0;2013-07-15 19:15:00;-1;0;50;0;40;0;-1;1;-1;-1;-1;-1;-1;-1;2;1;3;2;3;5;-1;0;0;0;0;0;0;0;0;0;0;0;0;0;1;1;0;0;-1;-1;0;1;-1;-1;-1;-1;-1;-1;-1;-1;-1;40;40;50;60;100;0;50;90;60;11.67;1.2;5;3;Fylkir;ÍA;0.91;0.09;0;0;0.3;0.3;60;60;50;40;0;84;67;67;0;0;0;741;22;Y;Y;N;N;N;N;Y
213859;3809;3804;2013;complete;1293;11;-1;;;0;0;0;4;2;6;1;0;0;3;0;1;3;6;6;3;9;9;7;13;49;51;0;4;1.37;5.24;8.96;0;0;0;0;0;0;0;0;0;0;0;0;0;0;0;0;0;0;0;0;0;0;0;0;0;0;0;0;0;0;0;0;0;0;0;0;0;0;0;0;0;0;0;0;0;0;0;0;0;0;0;0;0;0;0;0;0;0;0;0;0;0;0;0;0;0;0;0;0;0;0;0;2013-07-15 19:15:00;-1;0;63;0;13;0;-1;1;-1;-1;-1;-1;-1;-1;0;1;0;3;1;3;-1;0;0;0;0;0;0;0;0;0;0;0;0;0;1;1;0;0;-1;-1;0;0;-1;-1;-1;-1;-1;-1;-1;-1;-1;13;25;38;88;100;13;100;88;38;8.33;1.5;3.5;2.63;Valur;Víkingur Ólafsvík;1.18;0.82;1.5;0;1.78;0.5;88;75;63;13;0;84;42;17;0;0;0;741;22;N;N;N;N;N;N;N
213860;3815;54;2013;complete;1293;12;-1;;15,49,61,71;0;4;4;6;11;17;1;2;2;0;0;0;2;6;6;4;8;10;12;12;50;50;2;0;5.63;4.32;1.61;0;0;0;0;0;0;0;0;0;0;0;0;0;0;0;0;0;0;0;0;0;0;0;0;0;0;0;0;0;0;0;0;0;0;0;0;0;0;0;0;0;0;0;0;0;0;0;0;0;0;0;0;0;0;0;0;0;0;0;0;0;0;0;0;0;4;0;1;0;3;3;1;2013-07-20 16:00:00;54;0;60;0;50;0;-1;1;-1;-1;-1;-1;-1;-1;0;0;2;0;0;2;-1;0;0;0;0;0;0;0;0;0;0;0;0;0;1;1;0;0;-1;-1;0;0;-1;-1;-1;-1;-1;-1;-1;-1;-1;0;30;70;90;100;30;80;80;70;11;3.4;6;2.9;Keflavík;FH;1.18;2.27;0.2;2;0.7;2.09;100;70;30;10;0;50;50;50;0;0;0;741;22;Y;Y;Y;Y;N;N;N
213861;3807;3805;2013;complete;1293;12;-1;31,44;47;2;1;3;5;9;14;3;3;0;1;0;0;5;6;1;6;6;12;13;12;49;51;0;1;4.78;3.91;1.77;0;0;0;0;0;0;0;0;0;0;0;0;0;0;0;0;0;0;0;0;0;0;0;0;0;0;0;0;0;0;0;0;0;0;0;0;0;0;0;0;0;0;0;0;0;0;0;0;0;0;0;0;0;0;0;0;0;0;0;0;0;0;0;0;0;3;2;0;0;1;1;2;2013-07-21 17:00:00;3807;0;70;30;40;0;-1;1;-1;-1;-1;-1;-1;-1;0;1;0;0;1;0;-1;0;0;0;0;0;0;0;0;0;0;0;0;0;1;1;0;0;-1;-1;0;0;-1;-1;-1;-1;-1;-1;-1;-1;-1;10;40;50;80;90;30;70;60;40;10.75;1.8;5;2.7;ÍA;ÍBV;0.91;1.09;0.6;1.2;0.36;1.8;90;60;50;20;10;63;63;34;0;0;0;741;22;Y;Y;Y;N;N;N;Y
213862;3817;3803;2013;complete;1293;12;-1;76;15,17;1;2;3;5;4;9;0;3;3;1;0;0;2;3;5;4;7;7;13;16;47;53;3;1;4.16;3.99;1.85;0;0;0;0;0;0;0;0;0;0;0;0;0;0;0;0;0;0;0;0;0;0;0;0;0;0;0;0;0;0;0;0;0;0;0;0;0;0;0;0;0;0;0;0;0;0;0;0;0;0;0;0;0;0;0;0;0;0;0;0;0;0;0;0;0;3;0;2;1;0;1;2;2013-07-21 18:00:00;3803;0;70;20;30;0;-1;1;-1;-1;-1;-1;-1;-1;1;0;2;1;1;3;-1;0;0;0;0;0;0;0;0;1;0;1;0;0;1;1;0;0;-1;-1;0;0;-1;-1;-1;-1;-1;-1;-1;-1;-1;20;30;50;80;100;30;70;70;40;9.58;3.4;5.4;3.1;Thór;Breidablik;0.91;1.36;0.8;1.6;1.18;2;80;70;50;20;0;59;59;25;0;0;0;741;22;Y;Y;Y;N;N;N;Y
213863;3809;3812;2013;complete;1293;12;-1;82;23,38,59;1;3;4;5;1;6;3;1;1;0;0;0;3;8;4;8;7;16;12;9;47;53;1;0;1.57;4.34;6.05;0;0;0;0;0;0;0;0;0;0;0;0;0;0;0;0;0;0;0;0;0;0;0;0;0;0;0;0;0;0;0;0;0;0;0;0;0;0;0;0;0;0;0;0;0;0;0;0;0;0;0;0;0;0;0;0;0;0;0;0;0;0;0;0;0;4;0;2;1;1;2;2;2013-07-21 19:15:00;3812;0;70;0;30;0;-1;1;-1;-1;-1;-1;-1;-1;0;0;1;0;0;1;-1;0;0;0;0;0;0;0;0;0;0;0;0;0;1;1;0;0;-1;-1;0;0;-1;-1;-1;-1;-1;-1;-1;-1;-1;0;30;40;80;80;10;70;80;50;8.75;2.4;2.8;2.3;Valur;Fylkir;1.18;1.45;1.4;0.6;1.7;0.36;100;70;60;20;20;75;29;29;0;0;0;741;22;Y;Y;Y;Y;N;N;Y
213864;971;973;2013;complete;1293;12;-1;18,27,78;90;3;1;4;6;6;12;0;2;5;2;0;0;3;0;10;10;13;10;21;9;47;53;5;2;2.59;3.54;2.76;0;0;0;0;0;0;0;0;0;0;0;0;0;0;0;0;0;0;0;0;0;0;0;0;0;0;0;0;0;0;0;0;0;0;0;0;0;0;0;0;0;0;0;0;0;0;0;0;0;0;0;0;0;0;0;0;0;0;0;0;0;0;0;0;0;4;2;0;1;1;2;2;2013-07-21 20:00:00;971;0;60;10;50;0;-1;1;-1;-1;-1;-1;-1;-1;2;0;3;2;2;5;-1;0;0;0;0;0;0;0;0;0;0;0;0;0;1;1;0;0;-1;-1;0;0;-1;-1;-1;-1;-1;-1;-1;-1;-1;30;30;50;80;100;40;100;60;50;10.66;2.4;2.8;3;Stjarnan;KR;2.55;1.91;2.6;2.4;2.3;2.5;70;70;50;20;0;50;33;33;0;0;0;741;22;Y;Y;Y;Y;N;N;Y
213865;3816;3804;2013;complete;1293;12;-1;12,32,90;15,30,55,62;3;4;7;5;2;7;3;1;3;2;0;0;3;5;5;9;8;14;13;14;48;52;3;2;1.66;3.97;5.67;0;0;0;0;0;0;0;0;0;0;0;0;0;0;0;0;0;0;0;0;0;0;0;0;0;0;0;0;0;0;0;0;0;0;0;0;0;0;0;0;0;0;0;0;0;0;0;0;0;0;0;0;0;0;0;0;0;0;0;0;0;0;0;0;0;7;2;2;1;2;3;4;2013-07-22 19:15:00;3804;0;60;0;40;0;-1;1;-1;-1;-1;-1;-1;-1;0;0;3;2;0;5;-1;0;0;0;0;0;0;0;1;0;1;0;0;0;1;1;0;0;-1;-1;0;0;-1;-1;-1;-1;-1;-1;-1;-1;-1;20;20;40;70;90;20;80;70;50;6;2.6;5;2.4;Fram;Víkingur Ólafsvík;1;0.82;1.6;0.2;1.36;0.55;80;80;60;30;10;71;54;38;0;0;0;741;22;Y;Y;Y;Y;Y;Y;Y
213866;54;3817;2013;complete;1293;13;-1;38;;1;0;1;1;6;7;1;3;2;1;0;0;6;5;5;2;11;7;12;8;49;51;2;1;1.34;5.62;9.23;0;0;0;0;0;0;0;0;0;0;0;0;0;0;0;0;0;0;0;0;0;0;0;0;0;0;0;0;0;0;0;0;0;0;0;0;0;0;0;0;0;0;0;0;0;0;0;0;0;0;0;0;0;0;0;0;0;0;0;0;0;0;0;0;0;1;1;0;0;0;0;1;2013-07-27 16:00:00;54;0;83;17;58;0;-1;1;-1;-1;-1;-1;-1;-1;0;0;2;1;0;3;-1;0;0;0;0;0;0;0;0;0;0;0;0;0;1;1;0;0;-1;-1;0;0;-1;-1;-1;-1;-1;-1;-1;-1;-1;34;42;84;100;100;42;83;92;84;10.25;2.17;5.43;3.67;FH;Thór;2;1.27;2.17;1.5;2.17;1.08;67;58;17;0;0;88;75;63;0;0;0;741;22;Y;N;N;N;N;N;N
213867;3804;971;2013;complete;1293;13;-1;17;75;1;1;2;2;2;4;9;2;3;3;0;1;0;4;4;5;4;9;19;14;53;47;3;5;5.42;3.94;1.69;0;0;0;0;0;0;0;0;0;0;0;0;0;0;0;0;0;0;0;0;0;0;0;0;0;0;0;0;0;0;0;0;0;0;0;0;0;0;0;0;0;0;0;0;0;0;0;0;0;0;0;0;0;0;0;0;0;0;0;0;0;0;0;0;0;2;1;0;0;1;1;1;2013-07-28 17:00:00;-1;0;47;29;10;0;-1;1;-1;-1;-1;-1;-1;-1;0;1;3;3;1;6;-1;0;0;0;0;0;0;0;0;0;0;0;0;0;1;1;0;0;-1;-1;0;0;-1;-1;-1;-1;-1;-1;-1;-1;-1;0;27;45;55;84;37;55;45;27;12;1.5;3.3;2.1;Víkingur Ólafsvík;Stjarnan;0.73;1.36;0.83;2;0.75;2.36;100;74;55;45;17;71;46;29;0;0;0;741;22;Y;Y;N;N;N;N;Y
213868;3803;3805;2013;complete;1293;13;-1;9,20,71;4;3;1;4;3;7;10;4;4;3;1;0;0;5;6;4;9;9;15;9;11;48;52;3;1;2.21;3.5;3.43;0;0;0;0;0;0;0;0;0;0;0;0;0;0;0;0;0;0;0;0;0;0;0;0;0;0;0;0;0;0;0;0;0;0;0;0;0;0;0;0;0;0;0;0;0;0;0;0;0;0;0;0;0;0;0;0;0;0;0;0;0;0;0;0;0;4;2;1;1;0;1;3;2013-07-28 17:00:00;3803;0;54;17;10;0;-1;1;-1;-1;-1;-1;-1;-1;0;1;3;0;1;3;-1;0;0;0;0;0;0;0;0;0;0;0;0;0;1;1;1;1;-1;-1;0;0;-1;-1;-1;-1;-1;-1;-1;-1;-1;20;29;37;64;92;25;82;57;20;13.8;2.37;3.93;2.4;Breidablik;ÍBV;2.18;1.09;2.4;1;2.09;1.64;80;72;64;37;9;70;45;35;0;0;0;741;22;Y;Y;Y;Y;N;N;Y
213869;3812;3816;2013;complete;1293;13;-1;31,55,70;;3;0;3;5;5;10;0;1;2;1;0;0;5;2;6;3;11;5;16;20;49;51;2;1;2.73;3.51;2.64;0;0;0;0;0;0;0;0;0;0;0;0;0;0;0;0;0;0;0;0;0;0;0;0;0;0;0;0;0;0;0;0;0;0;0;0;0;0;0;0;0;0;0;0;0;0;0;0;0;0;0;0;0;0;0;0;0;0;0;0;0;0;0;0;0;3;1;0;2;0;2;1;2013-07-28 19:15:00;3812;0;67;9;50;0;-1;1;-1;-1;-1;-1;-1;-1;0;1;2;0;1;2;-1;0;0;0;0;0;0;0;0;0;0;0;0;0;1;1;0;0;-1;-1;0;0;-1;-1;-1;-1;-1;-1;-1;-1;-1;17;17;50;75;100;9;58;92;50;10.25;0.66;4;2.58;Fylkir;Fram;0.91;1;0.17;1.17;0.58;1.25;84;84;50;25;0;63;63;63;0;0;0;741;22;Y;Y;Y;N;N;N;N
213870;973;3815;2013;complete;1293;13;-1;50,53,89;;3;0;3;5;5;10;1;3;2;1;0;0;3;3;5;9;8;12;9;11;48;52;2;1;1.35;5.58;8.93;0;0;0;0;0;0;0;0;0;0;0;0;0;0;0;0;0;0;0;0;0;0;0;0;0;0;0;0;0;0;0;0;0;0;0;0;0;0;0;0;0;0;0;0;0;0;0;0;0;0;0;0;0;0;0;0;0;0;0;0;0;0;0;0;0;3;0;0;3;0;3;0;2013-07-28 19:15:00;973;0;70;20;20;0;-1;1;-1;-1;-1;-1;-1;-1;2;0;0;1;2;1;-1;0;0;0;0;0;0;0;1;0;1;0;0;0;1;1;0;0;-1;-1;0;0;-1;-1;-1;-1;-1;-1;-1;-1;-1;20;40;80;90;100;30;100;80;60;11.67;2;2.95;3.4;KR;Keflavík;2.82;1;2.6;1.2;2.27;0.64;80;60;20;10;0;67;50;33;0;0;0;741;22;Y;Y;Y;N;N;N;N
213871;3809;3807;2013;complete;1293;13;-1;15,24,44,45,75,90;17,22,32,89;6;4;10;3;8;11;2;3;2;3;0;0;3;4;6;2;9;6;12;10;47;53;2;3;1.78;3.91;4.73;0;0;0;0;0;0;0;0;0;0;0;0;0;0;0;0;0;0;0;0;0;0;0;0;0;0;0;0;0;0;0;0;0;0;0;0;0;0;0;0;0;0;0;0;0;0;0;0;0;0;0;0;0;0;0;0;0;0;0;0;0;0;0;0;0;10;4;3;2;1;3;7;2013-07-29 20:00:00;3809;0;59;0;25;0;-1;1;-1;-1;-1;-1;-1;-1;1;0;1;3;1;4;-1;0;0;0;0;0;0;0;0;0;0;0;0;0;1;1;0;0;-1;-1;0;0;-1;-1;-1;-1;-1;-1;-1;-1;-1;17;33;33;75;92;9;67;83;50;11.6;2.17;3.34;2.58;Valur;ÍA;1.18;0.09;1.17;0.17;1.55;0.58;84;67;67;25;9;70;48;48;0;0;0;741;22;Y;Y;Y;Y;Y;Y;Y
213872;3805;54;2013;complete;1293;14;-1;89;10,70;1;2;3;6;4;10;0;3;2;3;0;0;10;6;4;4;14;10;13;11;52;48;2;3;3.19;3.52;2.31;0;0;0;0;0;0;0;0;0;0;0;0;0;0;0;0;0;0;0;0;0;0;0;0;0;0;0;0;0;0;0;0;0;0;0;0;0;0;0;0;0;0;0;0;0;0;0;0;0;0;0;0;0;0;0;0;0;0;0;0;0;0;0;0;0;3;0;1;1;1;2;1;2013-08-03 14:00:00;54;0;37;0;29;0;-1;1;-1;-1;-1;-1;-1;-1;0;1;2;2;1;4;-1;0;0;0;0;0;0;0;0;0;0;0;0;0;1;1;0;1;-1;-1;0;0;-1;-1;-1;-1;-1;-1;-1;-1;-1;10;37;54;72;100;29;82;72;54;13.25;0.93;4.03;2.72;ÍBV;FH;1.55;2.27;2.4;2.17;1.5;2.23;90;64;47;29;0;100;50;50;0;0;0;741;22;Y;Y;Y;N;N;N;Y
213873;3816;3809;2013;complete;1293;14;-1;;21,29,75,90;0;4;4;6;3;9;1;2;3;2;1;0;8;3;8;3;16;6;6;15;50;50;4;2;2.34;3.62;3.06;0;0;0;0;0;0;0;0;0;0;0;0;0;0;0;0;0;0;0;0;0;0;0;0;0;0;0;0;0;0;0;0;0;0;0;0;0;0;0;0;0;0;0;0;0;0;0;0;0;0;0;0;0;0;0;0;0;0;0;0;0;0;0;0;0;4;0;2;0;2;2;2;2013-08-07 17:30:00;3809;0;82;9;64;0;-1;1;-1;-1;-1;-1;-1;-1;3;0;1;2;3;3;-1;0;0;0;0;0;0;0;0;1;0;1;0;0;1;1;0;0;-1;-1;0;0;-1;-1;-1;-1;-1;-1;-1;-1;-1;27;37;55;82;100;27;72;92;64;6.2;3.5;4.87;3.47;Fram;Valur;1;1.82;1.33;2;1.15;1.67;74;64;45;19;0;55;55;55;0;0;0;741;22;Y;Y;Y;Y;N;N;N
213874;3817;973;2013;complete;1293;14;-1;59;45,66,78;1;3;4;3;8;11;2;10;3;0;0;0;4;4;3;5;7;9;13;14;49;51;3;0;6.22;4.62;1.53;0;0;0;0;0;0;0;0;0;0;0;0;0;0;0;0;0;0;0;0;0;0;0;0;0;0;0;0;0;0;0;0;0;0;0;0;0;0;0;0;0;0;0;0;0;0;0;0;0;0;0;0;0;0;0;0;0;0;0;0;0;0;0;0;0;4;0;1;1;2;3;1;2013-08-07 18:00:00;973;0;67;25;42;0;-1;1;-1;-1;-1;-1;-1;-1;1;0;2;0;1;2;-1;0;0;0;0;0;0;0;0;2;0;2;0;0;1;1;0;0;-1;-1;0;0;-1;-1;-1;-1;-1;-1;-1;-1;-1;25;42;67;92;100;67;92;59;50;10.75;3.33;4.67;3.59;Thór;KR;0.91;1.91;0.67;2;1;2.33;75;59;33;9;0;75;50;25;0;0;0;741;22;Y;Y;Y;Y;N;N;Y
213875;971;3812;2013;complete;1293;14;-1;45;8,68;1;2;3;6;6;12;4;3;2;2;0;0;4;4;7;7;11;11;10;12;47;53;2;2;1.55;4.42;6.3;0;0;0;0;0;0;0;0;0;0;0;0;0;0;0;0;0;0;0;0;0;0;0;0;0;0;0;0;0;0;0;0;0;0;0;0;0;0;0;0;0;0;0;0;0;0;0;0;0;0;0;0;0;0;0;0;0;0;0;0;0;0;0;0;0;3;1;1;0;1;1;2;2013-08-07 19:15:00;3812;0;75;0;59;0;-1;1;-1;-1;-1;-1;-1;-1;0;0;2;2;0;4;-1;0;0;0;0;0;0;0;0;1;0;1;0;0;1;1;0;1;-1;-1;0;0;-1;-1;-1;-1;-1;-1;-1;-1;-1;9;42;59;75;92;33;84;75;67;7.25;1.67;3.33;2.75;Stjarnan;Fylkir;2.55;1.45;2.67;1;2.25;0.77;92;59;42;25;9;63;38;38;0;0;0;741;22;Y;Y;Y;N;N;N;Y
213876;3815;3804;2013;complete;1293;14;-1;60,84;;2;0;2;6;6;12;3;1;3;1;1;0;8;8;5;7;13;15;17;15;52;48;4;1;2.29;3.64;3.14;0;0;0;0;0;0;0;0;0;0;0;0;0;0;0;0;0;0;0;0;0;0;0;0;0;0;0;0;0;0;0;0;0;0;0;0;0;0;0;0;0;0;0;0;0;0;0;0;0;0;0;0;0;0;0;0;0;0;0;0;0;0;0;0;0;2;0;0;2;0;2;0;2013-08-07 19:15:00;3815;0;59;9;50;0;-1;1;-1;-1;-1;-1;-1;-1;1;0;3;1;1;4;-1;0;0;0;0;0;0;0;0;0;0;0;0;0;1;1;0;0;-1;-1;0;0;-1;-1;-1;-1;-1;-1;-1;-1;-1;17;42;67;84;92;33;83;75;67;7.25;2.33;5.83;3.17;Keflavík;Víkingur Ólafsvík;1.18;0.82;0.17;0.67;0.58;0.77;84;59;34;17;9;38;25;13;0;0;0;741;22;Y;Y;N;N;N;N;N
213877;3804;3817;2013;complete;1293;15;-1;12;57;1;1;2;5;4;9;1;6;0;3;1;0;6;5;6;3;12;8;12;16;47;53;2;3;2.16;3.71;3.36;0;0;0;0;0;0;0;0;0;0;0;0;0;0;0;0;0;0;0;0;0;0;0;0;0;0;0;0;0;0;0;0;0;0;0;0;0;0;0;0;0;0;0;0;0;0;0;0;0;0;0;0;0;0;0;0;0;0;0;0;0;0;0;0;0;2;1;0;0;1;1;1;2013-08-11 17:00:00;-1;0;57;7;36;0;-1;1;-1;-1;-1;-1;-1;-1;1;0;0;3;1;3;-1;0;0;0;0;0;0;0;0;0;0;0;0;0;1;1;0;0;-1;-1;0;0;-1;-1;-1;-1;-1;-1;-1;-1;-1;22;43;65;72;86;29;72;72;58;6.8;3;4.04;2.86;Víkingur Ólafsvík;Thór;0.73;1.27;0.86;1.29;0.71;0.93;79;57;36;29;15;60;40;30;0;0;0;741;22;Y;Y;N;N;N;N;Y
213878;973;3805;2013;complete;1293;15;-1;17,41,90;56;3;1;4;1;5;6;5;1;0;3;1;0;3;6;0;13;3;19;7;19;52;48;2;3;1.68;4.13;5.23;0;0;0;0;0;0;0;0;0;0;0;0;0;0;0;0;0;0;0;0;0;0;0;0;0;0;0;0;0;0;0;0;0;0;0;0;0;0;0;0;0;0;0;0;0;0;0;0;0;0;0;0;0;0;0;0;0;0;0;0;0;0;0;0;0;4;2;0;1;1;2;2;2013-08-11 17:00:00;973;0;69;30;9;0;-1;1;-1;-1;-1;-1;-1;-1;0;1;1;2;1;3;-1;0;0;0;0;0;0;0;0;0;0;0;0;0;1;1;0;0;-1;-1;0;0;-1;-1;-1;-1;-1;-1;-1;-1;-1;9;23;63;86;93;37;85;63;34;10.92;1.9;3.94;2.81;KR;ÍBV;2.82;1.09;2.67;0.86;2.38;1.38;92;77;37;15;7;63;63;21;0;0;0;741;22;Y;Y;Y;Y;N;N;Y
213879;3816;3807;2013;complete;1293;15;-1;39;;1;0;1;4;1;5;0;3;1;1;0;0;4;4;14;7;18;11;15;10;47;53;1;1;2.11;3.63;3.57;0;0;0;0;0;0;0;0;0;0;0;0;0;0;0;0;0;0;0;0;0;0;0;0;0;0;0;0;0;0;0;0;0;0;0;0;0;0;0;0;0;0;0;0;0;0;0;0;0;0;0;0;0;0;0;0;0;0;0;0;0;0;0;0;0;1;1;0;0;0;0;1;2013-08-11 19:15:00;3816;0;64;14;50;0;-1;1;-1;-1;-1;-1;-1;-1;0;0;1;1;0;2;-1;0;0;0;0;0;0;0;0;0;0;0;0;0;1;1;0;0;-1;-1;0;0;-1;-1;-1;-1;-1;-1;-1;-1;-1;36;43;50;79;100;29;72;86;71;10.9;3.29;5.15;3.65;Fram;ÍA;1;0.09;1.14;0.14;1.07;0.54;64;57;50;22;0;84;65;65;0;0;0;741;22;Y;N;N;N;N;N;N
213880;54;3803;2013;complete;1293;15;-1;;;0;0;0;4;6;10;2;2;2;2;0;0;3;5;5;6;8;11;18;14;48;52;2;2;1.81;3.85;4.57;0;0;0;0;0;0;0;0;0;0;0;0;0;0;0;0;0;0;0;0;0;0;0;0;0;0;0;0;0;0;0;0;0;0;0;0;0;0;0;0;0;0;0;0;0;0;0;0;0;0;0;0;0;0;0;0;0;0;0;0;0;0;0;0;0;0;0;0;0;0;0;0;2013-08-11 19:15:00;-1;0;77;15;31;0;-1;1;-1;-1;-1;-1;-1;-1;1;1;1;1;2;2;-1;0;0;0;0;0;0;0;0;0;0;0;0;0;1;1;0;0;-1;-1;0;0;-1;-1;-1;-1;-1;-1;-1;-1;-1;16;16;54;85;100;30;77;86;45;11.4;2.97;4.71;2.77;FH;Breidablik;2;1.36;2.29;1.83;2.29;2.17;85;85;47;16;0;70;50;50;0;0;0;741;22;N;N;N;N;N;N;N
213881;3809;971;2013;complete;1293;15;-1;71;14;1;1;2;2;2;4;4;5;3;1;1;0;2;0;5;9;7;9;12;10;52;48;5;1;2.83;3.6;2.5;0;0;0;0;0;0;0;0;0;0;0;0;0;0;0;0;0;0;0;0;0;0;0;0;0;0;0;0;0;0;0;0;0;0;0;0;0;0;0;0;0;0;0;0;0;0;0;0;0;0;0;0;0;0;0;0;0;0;0;0;0;0;0;0;0;2;0;1;1;0;1;1;2013-08-11 19:15:00;-1;0;69;24;23;0;-1;1;-1;-1;-1;-1;-1;-1;2;0;2;1;2;3;-1;0;0;0;0;0;0;0;0;0;0;0;0;0;1;1;0;0;-1;-1;0;0;-1;-1;-1;-1;-1;-1;-1;-1;-1;7;30;38;77;93;31;77;68;30;11.67;2.74;3.62;2.8;Valur;Stjarnan;1.18;1.36;1.43;1.83;1.77;2.08;93;70;62;24;7;50;42;29;0;0;0;741;22;Y;Y;N;N;N;N;Y
213882;3812;3815;2013;complete;1293;15;-1;26,45,85;;3;0;3;4;5;9;6;1;3;3;0;0;4;7;6;3;10;10;12;15;49;51;3;3;1.77;3.99;4.67;0;0;0;0;0;0;0;0;0;0;0;0;0;0;0;0;0;0;0;0;0;0;0;0;0;0;0;0;0;0;0;0;0;0;0;0;0;0;0;0;0;0;0;0;0;0;0;0;0;0;0;0;0;0;0;0;0;0;0;0;0;0;0;0;0;3;2;0;1;0;1;2;2013-08-11 19:15:00;3812;0;54;9;37;0;-1;1;-1;-1;-1;-1;-1;-1;1;2;2;1;3;3;-1;0;0;0;0;0;0;0;0;0;0;0;0;0;1;1;0;0;-1;-1;0;0;-1;-1;-1;-1;-1;-1;-1;-1;-1;23;40;70;77;100;17;63;92;69;11.1;2.71;4.31;3.1;Fylkir;Keflavík;0.91;1;0.57;1;0.93;0.77;77;61;30;23;0;78;65;43;0;0;0;741;22;Y;Y;Y;N;N;N;N
213883;3805;3804;2013;complete;1293;16;-1;67;82;1;1;2;5;3;8;3;2;2;2;0;0;4;0;5;5;9;5;14;12;48;52;2;2;1.6;4.09;6.22;0;0;0;0;0;0;0;0;0;0;0;0;0;0;0;0;0;0;0;0;0;0;0;0;0;0;0;0;0;0;0;0;0;0;0;0;0;0;0;0;0;0;0;0;0;0;0;0;0;0;0;0;0;0;0;0;0;0;0;0;0;0;0;0;0;2;0;0;1;1;2;0;2013-08-18 17:00:00;-1;0;47;7;40;0;-1;1;-1;-1;-1;-1;-1;-1;0;0;2;2;0;4;-1;0;0;0;0;0;0;0;0;0;0;0;0;0;1;1;0;0;-1;-1;0;0;-1;-1;-1;-1;-1;-1;-1;-1;-1;23;31;47;69;93;31;77;69;54;8.8;0.1;4.31;2.77;ÍBV;Víkingur Ólafsvík;1.55;0.82;2;0.57;1.29;0.73;77;69;54;31;7;80;45;10;0;0;0;741;22;Y;Y;N;N;N;N;Y
213884;3807;54;2013;complete;1293;16;-1;22,49;35,45,59,66,83,89;2;6;8;6;12;18;0;1;1;2;1;0;4;9;7;8;11;17;9;12;48;52;3;2;6.36;4.55;1.53;0;0;0;0;0;0;0;0;0;0;0;0;0;0;0;0;0;0;0;0;0;0;0;0;0;0;0;0;0;0;0;0;0;0;0;0;0;0;0;0;0;0;0;0;0;0;0;0;0;0;0;0;0;0;0;0;0;0;0;0;0;0;0;0;0;8;1;2;1;4;5;3;2013-08-18 17:00:00;54;0;63;9;48;0;-1;1;-1;-1;-1;-1;-1;-1;1;1;1;1;2;2;-1;0;0;0;0;0;0;0;0;0;0;0;0;0;1;1;0;0;-1;-1;0;0;-1;-1;-1;-1;-1;-1;-1;-1;-1;9;40;77;93;100;24;77;93;69;13.1;2.9;4;3.18;ÍA;FH;0.91;2.27;1;2.29;0.5;2.2;92;61;23;7;0;100;100;78;0;0;0;741;22;Y;Y;Y;Y;Y;Y;Y
213885;3815;3809;2013;complete;1293;16;-1;84,87;;2;0;2;1;7;8;0;0;3;0;0;0;4;4;3;1;7;5;15;14;52;48;3;0;3.81;3.81;1.98;0;0;0;0;0;0;0;0;0;0;0;0;0;0;0;0;0;0;0;0;0;0;0;0;0;0;0;0;0;0;0;0;0;0;0;0;0;0;0;0;0;0;0;0;0;0;0;0;0;0;0;0;0;0;0;0;0;0;0;0;0;0;0;0;0;2;0;0;2;0;2;0;2013-08-18 19:15:00;3815;0;62;0;54;0;-1;1;-1;-1;-1;-1;-1;-1;0;0;3;0;0;3;-1;0;0;0;0;0;0;0;0;0;0;0;0;0;1;1;0;0;-1;-1;0;0;-1;-1;-1;-1;-1;-1;-1;-1;-1;9;47;69;92;100;31;69;93;77;7.73;3.31;5.74;3.41;Keflavík;Valur;1.18;1.82;0.57;2.17;0.71;1.71;92;54;31;9;0;54;37;37;0;0;0;741;22;Y;Y;N;N;N;N;N
213886;3817;3812;2013;complete;1293;16;-1;16,43;18,20;2;2;4;5;1;6;2;4;3;3;0;0;3;4;2;3;5;7;8;18;49;51;3;3;2.5;3.65;2.8;0;0;0;0;0;0;0;0;0;0;0;0;0;0;0;0;0;0;0;0;0;0;0;0;0;0;0;0;0;0;0;0;0;0;0;0;0;0;0;0;0;0;0;0;0;0;0;0;0;0;0;0;0;0;0;0;0;0;0;0;0;0;0;0;0;4;2;2;0;0;0;4;2013-08-19 18:00:00;-1;0;79;22;43;0;-1;1;-1;-1;-1;-1;-1;-1;3;1;0;2;4;2;-1;0;0;0;0;0;0;0;0;1;0;1;0;0;1;1;0;0;-1;-1;0;1;-1;-1;-1;-1;-1;-1;-1;-1;-1;7;43;71;86;93;50;79;72;57;7.4;3;4.57;3.22;Thór;Fylkir;0.91;1.45;0.57;1.29;0.93;1.07;93;57;29;14;7;80;50;30;0;0;0;741;22;Y;Y;Y;Y;N;N;Y
213887;3805;3815;2013;complete;1293;10;-1;90;64;1;1;2;-1;-1;-1;-1;-1;4;2;0;0;-1;-1;-1;-1;-1;-1;-1;-1;-1;-1;4;2;1.57;4.36;6.14;0;0;0;0;0;0;0;0;0;0;0;0;0;0;0;0;0;0;0;0;0;0;0;0;0;0;0;0;0;0;0;0;0;0;0;0;0;0;0;0;0;0;0;0;0;0;0;0;0;0;0;0;0;0;0;0;0;0;0;0;0;0;0;0;0;2;0;0;1;1;2;0;2013-08-22 18:00:00;-1;0;50;7;36;0;-1;1;-1;-1;-1;-1;-1;-1;2;1;2;1;3;3;-1;0;0;0;0;0;0;0;0;0;0;0;0;0;1;1;0;0;-1;-1;1;0;-1;-1;-1;-1;-1;-1;-1;-1;-1;14;36;65;79;100;36;79;79;57;11.07;2;3.57;2.93;ÍBV;Keflavík;1.55;1;1.86;0.86;1.27;0.87;86;64;36;22;0;74;37;10;0;0;0;741;22;Y;Y;N;N;N;N;Y
213888;3807;3803;2013;complete;1293;14;-1;76,88;47,66;2;2;4;4;5;9;2;0;3;2;0;0;3;5;6;5;9;10;17;15;50;50;3;2;5.08;4.09;1.7;0;0;0;0;0;0;0;0;0;0;0;0;0;0;0;0;0;0;0;0;0;0;0;0;0;0;0;0;0;0;0;0;0;0;0;0;0;0;0;0;0;0;0;0;0;0;0;0;0;0;0;0;0;0;0;0;0;0;0;0;0;0;0;0;0;4;0;0;2;2;4;0;2013-08-22 18:00:00;-1;0;79;15;50;0;-1;1;-1;-1;-1;-1;-1;-1;1;0;2;2;1;4;-1;0;0;0;0;0;0;0;0;0;0;0;0;0;1;1;0;0;-1;-1;0;0;-1;-1;-1;-1;-1;-1;-1;-1;-1;22;36;65;86;93;29;64;93;50;11.57;3;4.14;3.22;ÍA;Breidablik;0.91;1.36;0.86;1.71;0.47;2.08;79;65;36;15;7;84;75;57;0;0;0;741;22;Y;Y;Y;Y;N;N;Y
213889;971;3816;2013;complete;1293;16;-1;28,78,84;58,64;3;2;5;4;5;9;0;4;4;3;1;0;3;5;7;2;10;7;25;16;51;49;5;3;1.63;4.26;5.45;0;0;0;0;0;0;0;0;0;0;0;0;0;0;0;0;0;0;0;0;0;0;0;0;0;0;0;0;0;0;0;0;0;0;0;0;0;0;0;0;0;0;0;0;0;0;0;0;0;0;0;0;0;0;0;0;0;0;0;0;0;0;0;0;0;5;1;0;2;2;4;1;2013-08-22 20:15:00;971;0;64;14;36;0;-1;1;-1;-1;-1;-1;-1;-1;1;1;4;2;2;6;-1;0;0;0;0;0;0;0;0;0;0;0;0;0;1;1;0;0;-1;-1;0;0;-1;-1;-1;-1;-1;-1;-1;-1;-1;7;15;57;79;100;29;93;79;43;9.67;1;2.71;2.57;Stjarnan;Fram;2.55;1;2.29;1;2;1.2;93;86;43;22;0;64;64;47;0;0;0;741;22;Y;Y;Y;Y;Y;N;Y
213890;3809;3817;2013;complete;1293;17;-1;49,58;37,50;2;2;4;1;8;9;5;1;3;1;1;0;5;5;2;3;7;8;12;10;51;49;4;1;1.64;4.36;5.27;0;0;0;0;0;0;0;0;0;0;0;0;0;0;0;0;0;0;0;0;0;0;0;0;0;0;0;0;0;0;0;0;0;0;0;0;0;0;0;0;0;0;0;0;0;0;0;0;0;0;0;0;0;0;0;0;0;0;0;0;0;0;0;0;0;4;0;1;2;1;3;1;2013-08-25 17:00:00;-1;0;75;7;44;0;-1;1;-1;-1;-1;-1;-1;-1;0;0;4;1;0;5;-1;0;0;0;0;0;0;0;0;0;0;0;0;0;1;1;0;0;-1;-1;0;0;-1;-1;-1;-1;-1;-1;-1;-1;-1;26;44;57;88;94;25;88;88;57;8.04;3.76;4.18;3.38;Valur;Thór;1.18;1.27;1.38;1.25;1.6;0.94;76;57;44;13;7;55;40;31;0;0;0;741;22;Y;Y;Y;Y;N;N;Y
213891;3812;3805;2013;complete;1293;17;-1;;14;0;1;1;6;2;8;2;0;1;1;0;0;6;4;9;5;15;9;12;7;47;53;1;1;2.41;3.57;2.98;0;0;0;0;0;0;0;0;0;0;0;0;0;0;0;0;0;0;0;0;0;0;0;0;0;0;0;0;0;0;0;0;0;0;0;0;0;0;0;0;0;0;0;0;0;0;0;0;0;0;0;0;0;0;0;0;0;0;0;0;0;0;0;0;0;1;0;1;0;0;0;1;2013-08-25 17:00:00;3805;0;63;19;32;0;-1;1;-1;-1;-1;-1;-1;-1;0;0;1;1;0;2;-1;0;0;0;0;0;0;0;0;0;0;0;0;0;1;1;0;0;-1;-1;0;0;-1;-1;-1;-1;-1;-1;-1;-1;-1;13;32;57;75;94;38;69;75;38;10.47;2.88;5.38;2.69;Fylkir;ÍBV;0.91;1.09;0.88;0.75;1.06;1.25;88;69;44;25;7;63;55;32;0;0;0;741;22;Y;N;N;N;N;N;N
213892;3804;3803;2013;complete;1293;17;-1;;;0;0;0;1;12;13;3;4;2;2;0;0;2;15;6;1;8;16;14;9;51;49;2;2;5.2;3.94;1.71;0;0;0;0;0;0;0;0;0;0;0;0;0;0;0;0;0;0;0;0;0;0;0;0;0;0;0;0;0;0;0;0;0;0;0;0;0;0;0;0;0;0;0;0;0;0;0;0;0;0;0;0;0;0;0;0;0;0;0;0;0;0;0;0;0;0;0;0;0;0;0;0;2013-08-25 17:00:00;-1;0;63;7;19;0;-1;1;-1;-1;-1;-1;-1;-1;0;1;2;1;1;3;-1;0;0;0;0;0;0;0;0;0;0;0;0;0;1;1;0;0;-1;-1;0;0;-1;-1;-1;-1;-1;-1;-1;-1;-1;7;25;44;69;82;19;57;76;32;8.97;3.26;3.75;2.25;Víkingur Ólafsvík;Breidablik;0.73;1.36;0.88;1.63;0.75;2;94;75;57;32;19;69;30;23;0;0;0;741;22;N;N;N;N;N;N;N
213893;973;54;2013;complete;1293;17;-1;50,59,88;81;3;1;4;5;12;17;2;5;3;2;0;0;5;10;3;7;8;17;14;12;53;47;3;2;2.35;3.71;2.99;0;0;0;0;0;0;0;0;0;0;0;0;0;0;0;0;0;0;0;0;0;0;0;0;0;0;0;0;0;0;0;0;0;0;0;0;0;0;0;0;0;0;0;0;0;0;0;0;0;0;0;0;0;0;0;0;0;0;0;0;0;0;0;0;0;4;0;0;3;1;4;0;2013-08-25 18:00:00;973;0;61;14;34;0;-1;1;-1;-1;-1;-1;-1;-1;2;2;1;0;4;1;-1;0;0;0;0;0;0;0;0;0;0;0;0;0;1;1;0;0;-1;-1;0;1;-1;-1;-1;-1;-1;-1;-1;-1;-1;14;34;81;94;100;27;87;87;73;12.3;2.5;3.83;3.47;KR;FH;2.82;2.27;2.71;2.38;2.43;2.25;87;67;20;7;0;80;80;52;0;0;0;741;22;Y;Y;Y;Y;N;N;Y
213894;971;3807;2013;complete;1293;17;-1;39;;1;0;1;7;6;13;2;3;2;0;1;0;4;6;10;10;14;16;17;14;47;53;3;0;1.35;5.52;9.15;0;0;0;0;0;0;0;0;0;0;0;0;0;0;0;0;0;0;0;0;0;0;0;0;0;0;0;0;0;0;0;0;0;0;0;0;0;0;0;0;0;0;0;0;0;0;0;0;0;0;0;0;0;0;0;0;0;0;0;0;0;0;0;0;0;1;1;0;0;0;0;1;2013-08-26 19:15:00;971;0;63;13;44;0;-1;1;-1;-1;-1;-1;-1;-1;0;0;3;0;0;3;-1;0;0;0;0;0;0;0;0;0;0;0;0;0;1;1;0;0;-1;-1;0;0;-1;-1;-1;-1;-1;-1;-1;-1;-1;32;38;51;69;100;26;82;75;57;10.33;2.13;4.51;3.25;Stjarnan;ÍA;2.55;0.09;2.38;0.13;2.07;0.5;69;63;51;32;0;75;59;59;0;0;0;741;22;Y;N;N;N;N;N;N
213895;3816;3815;2013;complete;1293;17;-1;61,87;24,55,84;2;3;5;4;9;13;2;1;2;0;0;0;5;6;2;4;7;10;6;9;48;52;2;0;1.96;3.86;3.83;0;0;0;0;0;0;0;0;0;0;0;0;0;0;0;0;0;0;0;0;0;0;0;0;0;0;0;0;0;0;0;0;0;0;0;0;0;0;0;0;0;0;0;0;0;0;0;0;0;0;0;0;0;0;0;0;0;0;0;0;0;0;0;0;0;5;0;1;2;2;4;1;2013-08-26 19:15:00;3815;0;57;13;38;0;-1;1;-1;-1;-1;-1;-1;-1;1;0;1;0;1;1;-1;0;0;0;0;0;0;0;0;1;0;1;0;0;1;1;0;0;-1;-1;0;0;-1;-1;-1;-1;-1;-1;-1;-1;-1;19;38;63;82;100;38;82;82;63;9.83;3.5;4.13;3.13;Fram;Keflavík;1;1;1.38;0.88;1.13;0.88;82;63;38;19;0;69;42;32;0;0;0;741;22;Y;Y;Y;Y;Y;N;Y
213896;3803;971;2013;complete;1293;10;-1;55,64;23;2;1;3;10;6;16;6;1;0;2;0;0;8;3;3;6;11;9;12;12;50;50;0;2;2.3;3.57;3.18;0;0;0;0;0;0;0;0;0;0;0;0;0;0;0;0;0;0;0;0;0;0;0;0;0;0;0;0;0;0;0;0;0;0;0;0;0;0;0;0;0;0;0;0;0;0;0;0;0;0;0;0;0;0;0;0;0;0;0;0;0;0;0;0;0;3;0;1;2;0;2;1;2013-08-29 18:00:00;3803;0;61;23;16;0;-1;1;-1;-1;-1;-1;-1;-1;0;1;0;1;1;1;-1;0;0;0;0;0;0;0;1;0;1;0;0;0;1;1;0;0;-1;-1;0;0;-1;-1;-1;-1;-1;-1;-1;-1;-1;17;32;40;69;100;23;77;70;24;12.6;3.38;3.97;2.57;Breidablik;Stjarnan;2.18;1.36;2.5;1.71;1.93;2.13;84;68;61;31;0;70;54;27;0;0;0;741;22;Y;Y;Y;N;N;N;Y
213897;973;3809;2013;complete;1293;10;-1;20,65,86;80;3;1;4;6;3;9;0;1;1;3;0;0;3;5;5;7;8;12;7;16;51;49;1;3;1.58;4.41;5.83;0;0;0;0;0;0;0;0;0;0;0;0;0;0;0;0;0;0;0;0;0;0;0;0;0;0;0;0;0;0;0;0;0;0;0;0;0;0;0;0;0;0;0;0;0;0;0;0;0;0;0;0;0;0;0;0;0;0;0;0;0;0;0;0;0;4;1;0;2;1;3;1;2013-08-29 18:00:00;973;0;66;7;41;0;-1;1;-1;-1;-1;-1;-1;-1;0;1;1;2;1;3;-1;0;0;0;0;0;0;0;0;0;0;0;0;0;1;1;0;0;-1;-1;0;0;-1;-1;-1;-1;-1;-1;-1;-1;-1;14;41;73;93;100;27;66;94;73;8.33;2.13;3.86;3.47;KR;Valur;2.82;1.82;2.75;1.86;2.47;1.56;87;60;28;7;0;59;46;29;0;0;0;741;22;Y;Y;Y;Y;N;N;Y
213898;3817;3816;2013;complete;1293;18;-1;54;68;1;1;2;4;2;6;0;3;3;4;0;0;4;7;3;6;7;13;14;18;49;51;3;4;2.49;3.73;2.81;0;0;0;0;0;0;0;0;0;0;0;0;0;0;0;0;0;0;0;0;0;0;0;0;0;0;0;0;0;0;0;0;0;0;0;0;0;0;0;0;0;0;0;0;0;0;0;0;0;0;0;0;0;0;0;0;0;0;0;0;0;0;0;0;0;2;0;0;1;1;2;0;2013-09-01 17:00:00;-1;0;69;26;32;0;-1;1;-1;-1;-1;-1;-1;-1;2;3;1;1;5;2;-1;0;0;0;0;0;0;0;0;0;0;0;0;0;1;1;0;0;-1;-1;0;0;-1;-1;-1;-1;-1;-1;-1;-1;-1;13;32;69;88;100;38;88;69;44;9.08;2.13;4.13;3.19;Thór;Fram;0.91;1;0.63;0.88;0.94;1.06;88;69;32;13;0;71;50;21;0;0;0;741;22;Y;Y;N;N;N;N;Y
213899;3803;3812;2013;complete;1293;18;-1;5;2,8,31,86;1;4;5;5;3;8;4;0;4;2;0;0;2;5;3;6;5;11;9;8;51;49;4;2;1.68;4.13;5.31;0;0;0;0;0;0;0;0;0;0;0;0;0;0;0;0;0;0;0;0;0;0;0;0;0;0;0;0;0;0;0;0;0;0;0;0;0;0;0;0;0;0;0;0;0;0;0;0;0;0;0;0;0;0;0;0;0;0;0;0;0;0;0;0;0;5;1;3;0;1;1;4;2013-09-01 18:00:00;3812;0;73;20;32;0;-1;1;-1;-1;-1;-1;-1;-1;1;0;3;2;1;5;-1;0;0;0;0;0;0;0;0;0;0;0;0;0;1;1;1;2;-1;-1;0;0;-1;-1;-1;-1;-1;-1;-1;-1;-1;15;47;66;80;94;32;81;81;53;10.58;4.04;3.2;3;Breidablik;Fylkir;2.18;1.45;2.57;1.25;2;1;86;54;34;21;7;84;54;42;0;0;0;741;22;Y;Y;Y;Y;Y;N;Y
213900;3815;971;2013;complete;1293;18;-1;;82,86;0;2;2;10;3;13;4;4;2;3;0;0;7;3;4;6;11;9;16;13;52;48;2;3;3.68;3.78;2.05;0;0;0;0;0;0;0;0;0;0;0;0;0;0;0;0;0;0;0;0;0;0;0;0;0;0;0;0;0;0;0;0;0;0;0;0;0;0;0;0;0;0;0;0;0;0;0;0;0;0;0;0;0;0;0;0;0;0;0;0;0;0;0;0;0;2;0;0;0;2;2;0;2013-09-01 18:00:00;971;0;63;13;32;0;-1;1;-1;-1;-1;-1;-1;-1;0;1;2;2;1;4;-1;0;0;0;0;0;0;0;0;0;0;0;0;0;1;1;0;0;-1;-1;0;0;-1;-1;-1;-1;-1;-1;-1;-1;-1;0;26;51;88;100;25;69;76;57;10.34;3.51;5.63;2.63;Keflavík;Stjarnan;1.18;1.36;0.88;1.5;1;2;100;76;51;13;0;42;42;33;0;0;0;741;22;Y;Y;N;N;N;N;N
213901;54;3804;2013;complete;1293;18;-1;27,49;62,79;2;2;4;12;5;17;6;0;2;1;1;0;3;3;2;5;5;8;7;8;51;49;4;1;1.32;5.75;9.99;0;0;0;0;0;0;0;0;0;0;0;0;0;0;0;0;0;0;0;0;0;0;0;0;0;0;0;0;0;0;0;0;0;0;0;0;0;0;0;0;0;0;0;0;0;0;0;0;0;0;0;0;0;0;0;0;0;0;0;0;0;0;0;0;0;4;1;0;1;2;3;1;2013-09-01 18:00:00;-1;0;57;19;32;0;-1;1;-1;-1;-1;-1;-1;-1;2;1;1;0;3;1;-1;0;0;0;0;0;0;0;0;1;0;1;0;0;1;1;0;0;-1;-1;1;1;-1;-1;-1;-1;-1;-1;-1;-1;-1;19;19;44;75;88;32;69;69;57;8.83;1.88;4.76;2.63;FH;Víkingur Ólafsvík;2;0.82;2.13;0.63;2.12;0.76;82;82;57;25;13;67;50;34;0;0;0;741;22;Y;Y;Y;Y;N;N;Y
213902;3812;54;2013;complete;1293;19;-1;;88;0;1;1;5;8;13;0;4;4;3;0;0;6;2;2;3;8;5;13;18;52;48;4;3;4.25;4.04;1.81;0;0;0;0;0;0;0;0;0;0;0;0;0;0;0;0;0;0;0;0;0;0;0;0;0;0;0;0;0;0;0;0;0;0;0;0;0;0;0;0;0;0;0;0;0;0;0;0;0;0;0;0;0;0;0;0;0;0;0;0;0;0;0;0;0;1;0;0;0;1;1;0;2013-09-12 17:30:00;54;0;50;6;44;0;-1;1;-1;-1;-1;-1;-1;-1;3;1;1;2;4;3;-1;0;0;0;0;0;0;0;0;0;0;0;0;0;1;1;0;0;-1;-1;0;0;-1;-1;-1;-1;-1;-1;-1;-1;-1;17;33;67;78;100;17;67;89;67;13.57;3.33;4.89;3.12;Fylkir;FH;0.91;2.27;0.78;2.11;1.11;2.06;84;67;33;22;0;86;79;65;0;0;0;741;22;Y;N;N;N;N;N;N
213903;3804;973;2013;complete;1293;19;-1;;57;0;1;1;1;5;6;0;5;2;0;0;0;6;8;11;2;17;10;12;8;53;47;2;0;6.8;4.55;1.5;0;0;0;0;0;0;0;0;0;0;0;0;0;0;0;0;0;0;0;0;0;0;0;0;0;0;0;0;0;0;0;0;0;0;0;0;0;0;0;0;0;0;0;0;0;0;0;0;0;0;0;0;0;0;0;0;0;0;0;0;0;0;0;0;0;1;0;0;0;1;1;0;2013-09-12 17:30:00;973;0;58;13;36;0;-1;1;-1;-1;-1;-1;-1;-1;0;0;2;0;0;2;-1;0;0;0;0;0;0;0;0;0;0;0;0;0;1;1;0;0;-1;-1;0;0;-1;-1;-1;-1;-1;-1;-1;-1;-1;15;40;52;78;84;40;78;64;47;10.03;4.78;3.07;2.75;Víkingur Ólafsvík;KR;0.73;1.91;0.89;2.14;0.78;2.5;86;61;48;22;17;76;45;45;0;0;0;741;22;Y;N;N;N;N;N;N
213904;3815;3807;2013;complete;1293;19;-1;5,19,38,62,84;11,24,40,88;5;4;9;7;6;13;0;2;1;5;0;0;6;5;8;7;14;12;8;20;49;51;1;5;1.83;3.9;4.42;0;0;0;0;0;0;0;0;0;0;0;0;0;0;0;0;0;0;0;0;0;0;0;0;0;0;0;0;0;0;0;0;0;0;0;0;0;0;0;0;0;0;0;0;0;0;0;0;0;0;0;0;0;0;0;0;0;0;0;0;0;0;0;0;0;9;3;3;2;1;3;6;2013-09-12 17:30:00;3815;0;44;6;39;0;-1;1;-1;-1;-1;-1;-1;-1;1;0;0;5;1;5;-1;0;0;0;0;0;0;0;0;1;0;1;0;0;1;1;1;0;-1;-1;0;0;-1;-1;-1;-1;-1;-1;-1;-1;-1;17;33;45;78;100;17;62;78;73;11;3.55;5.22;3.06;Keflavík;ÍA;1.18;0.09;0.78;0.11;0.94;0.47;84;67;56;22;0;65;57;57;0;0;0;741;22;Y;Y;Y;Y;Y;Y;Y
213905;971;3817;2013;complete;1293;19;-1;43,45,81;4;3;1;4;6;4;10;1;5;1;2;1;0;10;2;6;9;16;11;11;16;50;50;3;2;1.41;4.94;8.2;0;0;0;0;0;0;0;0;0;0;0;0;0;0;0;0;0;0;0;0;0;0;0;0;0;0;0;0;0;0;0;0;0;0;0;0;0;0;0;0;0;0;0;0;0;0;0;0;0;0;0;0;0;0;0;0;0;0;0;0;0;0;0;0;0;4;2;1;1;0;1;3;2013-09-12 20:00:00;971;0;73;6;56;0;-1;1;-1;-1;-1;-1;-1;-1;2;2;0;0;4;0;-1;0;0;0;0;0;0;0;0;0;0;0;0;0;1;1;0;1;-1;-1;0;0;-1;-1;-1;-1;-1;-1;-1;-1;-1;28;45;67;78;100;28;95;78;61;9.14;2.78;4.69;3.17;Stjarnan;Thór;2.55;1.27;2.44;1.22;2.06;0.94;73;56;33;22;0;71;50;43;0;0;0;741;22;Y;Y;Y;Y;N;N;Y
213906;3809;3803;2013;complete;1293;19;-1;22;42;1;1;2;5;10;15;7;1;2;4;0;0;2;6;4;10;6;16;8;10;51;49;2;4;2.91;3.68;2.41;0;0;0;0;0;0;0;0;0;0;0;0;0;0;0;0;0;0;0;0;0;0;0;0;0;0;0;0;0;0;0;0;0;0;0;0;0;0;0;0;0;0;0;0;0;0;0;0;0;0;0;0;0;0;0;0;0;0;0;0;0;0;0;0;0;2;1;1;0;0;0;2;2013-09-13 17:30:00;-1;0;73;6;33;0;-1;1;-1;-1;-1;-1;-1;-1;0;0;2;4;0;6;-1;0;0;0;0;0;0;0;1;0;1;0;0;0;1;1;0;0;-1;-1;0;0;-1;-1;-1;-1;-1;-1;-1;-1;-1;11;33;44;78;84;17;67;84;39;10.25;4.11;4;2.78;Valur;Breidablik;1.18;1.36;1.33;1.56;1.47;1.88;89;67;56;22;17;63;38;32;0;0;0;741;22;Y;Y;N;N;N;N;Y
213907;3816;3805;2013;complete;1293;19;-1;;32;0;1;1;7;7;14;4;0;2;1;1;0;7;4;10;6;17;10;9;9;50;50;3;1;2.81;3.54;2.55;0;0;0;0;0;0;0;0;0;0;0;0;0;0;0;0;0;0;0;0;0;0;0;0;0;0;0;0;0;0;0;0;0;0;0;0;0;0;0;0;0;0;0;0;0;0;0;0;0;0;0;0;0;0;0;0;0;0;0;0;0;0;0;0;0;1;0;1;0;0;0;1;2013-09-13 17:30:00;3805;0;67;22;34;0;-1;1;-1;-1;-1;-1;-1;-1;1;0;2;1;1;3;-1;0;0;0;0;0;0;0;0;0;0;0;0;0;1;1;0;0;-1;-1;0;0;-1;-1;-1;-1;-1;-1;-1;-1;-1;17;39;50;73;95;45;89;61;39;9.13;3.33;4.67;2.83;Fram;ÍBV;1;1.09;1.22;1;1.06;1.35;84;62;50;28;6;51;44;32;0;0;0;741;22;Y;N;N;N;N;N;N
213908;3803;3816;2013;complete;1293;20;-1;57;42,56;1;2;3;4;5;9;3;2;0;3;0;0;8;0;7;5;15;5;11;16;49;51;0;3;1.64;4.15;5.56;0;0;0;0;0;0;0;0;0;0;0;0;0;0;0;0;0;0;0;0;0;0;0;0;0;0;0;0;0;0;0;0;0;0;0;0;0;0;0;0;0;0;0;0;0;0;0;0;0;0;0;0;0;0;0;0;0;0;0;0;0;0;0;0;0;3;0;1;1;1;2;1;2013-09-16 17:15:00;3816;0;65;18;29;0;-1;1;-1;-1;-1;-1;-1;-1;0;1;0;2;1;2;-1;0;0;0;0;0;0;0;0;0;0;0;0;0;1;1;0;0;-1;-1;0;0;-1;-1;-1;-1;-1;-1;-1;-1;-1;25;31;60;82;100;18;83;89;47;11.4;3.28;3.21;2.96;Breidablik;Fram;2.18;1;2.25;0.89;1.83;1;76;70;41;18;0;70;50;30;0;0;0;741;22;Y;Y;Y;N;N;N;Y
213909;973;3812;2013;complete;1293;20;-1;6,48,64,74;25;4;1;5;5;6;11;4;0;0;0;0;0;4;0;3;7;7;7;9;12;47;53;0;0;1.42;5.19;7.52;0;0;0;0;0;0;0;0;0;0;0;0;0;0;0;0;0;0;0;0;0;0;0;0;0;0;0;0;0;0;0;0;0;0;0;0;0;0;0;0;0;0;0;0;0;0;0;0;0;0;0;0;0;0;0;0;0;0;0;0;0;0;0;0;0;5;1;1;3;0;3;2;2013-09-16 17:15:00;973;0;84;22;44;0;-1;-1;-1;-1;-1;-1;-1;-1;0;0;0;0;0;0;-1;0;0;0;0;0;0;0;0;0;0;0;0;0;1;1;1;0;-1;-1;-1;-1;-1;-1;-1;-1;-1;-1;-1;-1;-1;11;50;84;95;95;39;78;84;67;7.86;2.56;3.55;3.39;KR;Fylkir;2.82;1.45;2.78;1.44;2.53;1.05;89;50;17;6;6;64;43;29;0;0;0;741;22;Y;Y;Y;Y;Y;N;Y
213910;54;3809;2013;complete;1293;20;-1;8,69,90;14,17,27;3;3;6;9;2;11;0;3;2;2;1;0;3;2;2;2;5;4;11;13;52;48;3;2;1.48;4.78;6.83;0;0;0;0;0;0;0;0;0;0;0;0;0;0;0;0;0;0;0;0;0;0;0;0;0;0;0;0;0;0;0;0;0;0;0;0;0;0;0;0;0;0;0;0;0;0;0;0;0;0;0;0;0;0;0;0;0;0;0;0;0;0;0;0;0;6;1;3;2;0;2;4;2013-09-16 17:15:00;-1;0;65;11;42;0;-1;1;-1;-1;-1;-1;-1;-1;0;1;3;1;1;4;-1;0;0;0;0;0;0;0;0;1;0;1;0;0;1;1;1;0;-1;-1;0;0;-1;-1;-1;-1;-1;-1;-1;-1;-1;12;36;60;83;95;29;71;84;66;10.26;2.78;4.78;3.09;FH;Valur;2;1.82;2;1.63;2.11;1.44;89;64;41;18;6;73;46;39;0;0;0;741;22;Y;Y;Y;Y;Y;Y;Y
213911;3805;971;2013;complete;1293;20;-1;90;;1;0;1;6;4;10;4;3;0;3;0;0;8;9;3;8;11;17;9;9;53;47;0;3;3.21;3.5;2.31;0;0;0;0;0;0;0;0;0;0;0;0;0;0;0;0;0;0;0;0;0;0;0;0;0;0;0;0;0;0;0;0;0;0;0;0;0;0;0;0;0;0;0;0;0;0;0;0;0;0;0;0;0;0;0;0;0;0;0;0;0;0;0;0;0;1;0;0;1;0;1;0;2013-09-16 17:15:00;3805;0;65;11;37;0;-1;1;-1;-1;-1;-1;-1;-1;0;1;0;2;1;2;-1;0;0;0;0;0;0;0;0;0;0;0;0;0;1;1;0;0;-1;-1;0;0;-1;-1;-1;-1;-1;-1;-1;-1;-1;7;18;36;77;100;24;65;71;48;10.96;1.89;4.6;2.36;ÍBV;Stjarnan;1.55;1.36;1.75;1.67;1.44;2.11;94;82;65;24;0;62;45;22;0;0;0;741;22;Y;N;N;N;N;N;N
213912;3817;3815;2013;complete;1293;20;-1;16,86;44,83;2;2;4;9;4;13;1;3;2;4;0;0;4;6;8;4;12;10;11;13;52;48;2;4;2.31;3.75;3.02;0;0;0;0;0;0;0;0;0;0;0;0;0;0;0;0;0;0;0;0;0;0;0;0;0;0;0;0;0;0;0;0;0;0;0;0;0;0;0;0;0;0;0;0;0;0;0;0;0;0;0;0;0;0;0;0;0;0;0;0;0;0;0;0;0;4;1;1;1;1;2;2;2013-09-18 17:00:00;-1;0;67;22;33;0;-1;1;-1;-1;-1;-1;-1;-1;1;2;1;2;3;3;-1;0;0;0;0;0;0;0;1;0;1;0;0;0;1;1;0;0;-1;-1;0;0;-1;-1;-1;-1;-1;-1;-1;-1;-1;17;44;73;89;100;45;78;73;56;10.29;2.88;4.44;3.39;Thór;Keflavík;0.91;1;0.67;1.11;0.89;1.05;84;56;28;11;0;70;47;24;0;0;0;741;22;Y;Y;Y;Y;N;N;Y
213913;3807;3804;2013;complete;1293;20;-1;;17,19,43,75,86;0;5;5;8;3;11;2;0;2;2;1;0;3;3;5;6;8;9;12;10;49;51;3;2;2.85;3.69;2.45;0;0;0;0;0;0;0;0;0;0;0;0;0;0;0;0;0;0;0;0;0;0;0;0;0;0;0;0;0;0;0;0;0;0;0;0;0;0;0;0;0;0;0;0;0;0;0;0;0;0;0;0;0;0;0;0;0;0;0;0;0;0;0;0;0;5;0;3;0;2;2;3;2013-09-18 17:00:00;3804;0;72;18;60;0;-1;1;-1;-1;-1;-1;-1;-1;3;1;0;1;4;1;-1;0;0;0;0;0;0;0;0;0;0;0;0;0;1;1;0;0;-1;-1;0;0;-1;-1;-1;-1;-1;-1;-1;-1;-1;24;48;66;89;95;30;65;89;71;9.14;1.81;4.25;3.51;ÍA;Víkingur Ólafsvík;0.91;0.82;0.88;0.67;0.44;0.74;77;53;35;11;6;79;63;48;0;0;0;741;22;Y;Y;Y;Y;Y;N;N
213914;3803;973;2013;complete;1293;16;-1;8,52,82;;3;0;3;2;7;9;1;4;2;0;0;0;6;7;3;5;9;12;6;9;52;48;2;0;2.85;3.66;2.46;0;0;0;0;0;0;0;0;0;0;0;0;0;0;0;0;0;0;0;0;0;0;0;0;0;0;0;0;0;0;0;0;0;0;0;0;0;0;0;0;0;0;0;0;0;0;0;0;0;0;0;0;0;0;0;0;0;0;0;0;0;0;0;0;0;3;1;0;2;0;2;1;2013-09-19 17:00:00;3803;0;65;18;43;0;-1;1;-1;-1;-1;-1;-1;-1;0;0;2;0;0;2;-1;0;0;0;0;0;0;0;0;0;0;0;0;0;1;1;1;0;-1;-1;0;0;-1;-1;-1;-1;-1;-1;-1;-1;-1;29;47;65;83;100;36;89;82;54;13;5.81;2.8;3.3;Breidablik;KR;2.18;1.91;2;2.25;1.74;2.56;71;53;36;18;0;75;50;42;0;0;0;741;22;Y;Y;Y;N;N;N;N
213915;3805;3809;2013;complete;1293;18;-1;;11,45;0;2;2;9;4;13;1;4;2;0;0;1;10;11;5;6;15;17;9;3;49;51;2;2;2.3;3.66;3.15;0;0;0;0;0;0;0;0;0;0;0;0;0;0;0;0;0;0;0;0;0;0;0;0;0;0;0;0;0;0;0;0;0;0;0;0;0;0;0;0;0;0;0;0;0;0;0;0;0;0;0;0;0;0;0;0;0;0;0;0;0;0;0;0;0;2;0;2;0;0;0;2;2013-09-19 17:00:00;3809;0;62;6;50;0;-1;1;-1;-1;-1;-1;-1;-1;1;0;1;1;1;2;-1;0;0;0;0;0;0;0;0;0;0;0;0;0;1;1;0;0;-1;-1;0;0;-1;-1;-1;-1;-1;-1;-1;-1;-1;17;39;50;78;100;28;62;89;67;8.92;1.66;4.11;3.06;ÍBV;Valur;1.55;1.82;1.89;1.56;1.53;1.42;84;61;50;22;0;71;42;17;0;0;0;741;22;Y;Y;N;N;N;N;N
213916;3809;973;2013;complete;1293;21;-1;30;15,26;1;2;3;6;3;9;0;1;0;0;0;0;6;6;0;4;6;10;5;5;48;52;0;0;4.5;4.13;1.78;0;0;0;0;0;0;0;0;0;0;0;0;0;0;0;0;0;0;0;0;0;0;0;0;0;0;0;0;0;0;0;0;0;0;0;0;0;0;0;0;0;0;0;0;0;0;0;0;0;0;0;0;0;0;0;0;0;0;0;0;0;0;0;0;0;3;1;2;0;0;0;3;2013-09-22 16:00:00;973;0;68;16;43;0;-1;-1;-1;-1;-1;-1;-1;-1;0;0;0;0;0;0;-1;0;0;0;0;0;0;0;0;0;0;0;0;0;1;1;0;0;-1;-1;-1;-1;-1;-1;-1;-1;-1;-1;-1;-1;-1;16;42;54;90;95;37;90;79;54;10.76;6.03;3;3.27;Valur;KR;1.18;1.91;1.3;2;1.5;2.42;84;58;47;11;5;64;38;38;0;0;0;741;22;Y;Y;Y;N;N;N;Y
213917;3816;54;2013;complete;1293;21;-1;;29,63;0;2;2;8;3;11;1;0;3;3;0;0;4;6;7;6;11;12;9;12;50;50;3;3;5.16;4.17;1.69;0;0;0;0;0;0;0;0;0;0;0;0;0;0;0;0;0;0;0;0;0;0;0;0;0;0;0;0;0;0;0;0;0;0;0;0;0;0;0;0;0;0;0;0;0;0;0;0;0;0;0;0;0;0;0;0;0;0;0;0;0;0;0;0;0;2;0;1;0;1;1;1;2013-09-22 16:00:00;54;0;55;10;45;0;-1;1;-1;-1;-1;-1;-1;-1;1;1;2;2;2;4;-1;0;0;0;0;0;0;0;0;0;0;0;0;0;1;1;0;0;-1;-1;0;0;-1;-1;-1;-1;-1;-1;-1;-1;-1;20;40;60;75;100;25;80;80;65;12.8;4.3;4.7;3.2;Fram;FH;1;2.27;1.1;2.2;1.1;2.05;80;60;40;25;0;84;78;72;0;0;0;741;22;Y;Y;N;N;N;N;N
213918;3812;3804;2013;complete;1293;21;-1;62,67;83;2;1;3;10;1;11;6;3;4;5;0;0;3;2;4;2;7;4;17;20;48;52;4;5;2.09;3.66;3.67;0;0;0;0;0;0;0;0;0;0;0;0;0;0;0;0;0;0;0;0;0;0;0;0;0;0;0;0;0;0;0;0;0;0;0;0;0;0;0;0;0;0;0;0;0;0;0;0;0;0;0;0;0;0;0;0;0;0;0;0;0;0;0;0;0;3;0;0;2;1;3;0;2013-09-22 16:00:00;3812;0;45;5;40;0;-1;1;-1;-1;-1;-1;-1;-1;2;1;2;4;3;6;-1;0;0;0;0;0;0;0;1;0;1;0;0;0;1;1;0;0;-1;-1;0;0;-1;-1;-1;-1;-1;-1;-1;-1;-1;25;30;50;70;95;20;60;85;60;8.51;1.8;5;2.8;Fylkir;Víkingur Ólafsvík;0.91;0.82;0.7;0.9;1;0.85;75;70;50;30;5;69;57;44;0;0;0;741;22;Y;Y;Y;N;N;N;Y
213919;3815;3805;2013;complete;1293;21;-1;47,66,86,89;72,76;4;2;6;5;3;8;0;2;2;2;0;0;5;3;10;3;15;6;9;13;52;48;2;2;2.62;3.62;2.73;0;0;0;0;0;0;0;0;0;0;0;0;0;0;0;0;0;0;0;0;0;0;0;0;0;0;0;0;0;0;0;0;0;0;0;0;0;0;0;0;0;0;0;0;0;0;0;0;0;0;0;0;0;0;0;0;0;0;0;0;0;0;0;0;0;6;0;0;4;2;6;0;2013-09-22 16:00:00;3815;0;55;20;30;0;-1;1;-1;-1;-1;-1;-1;-1;1;1;1;1;2;2;-1;0;0;0;0;0;0;0;0;0;0;0;0;0;1;1;0;0;-1;-1;0;0;-1;-1;-1;-1;-1;-1;-1;-1;-1;5;35;50;80;95;40;75;65;50;10.63;3.1;5.1;2.85;Keflavík;ÍBV;1.18;1.09;1;1.2;1.05;1.45;95;65;50;20;5;47;47;36;0;0;0;741;22;Y;Y;Y;Y;Y;Y;Y
213920;971;3803;2013;complete;1293;21;-1;21,24,35;10,47;3;2;5;5;8;13;5;1;4;3;0;0;5;4;2;7;7;11;16;13;50;50;4;3;2.14;3.61;3.57;0;0;0;0;0;0;0;0;0;0;0;0;0;0;0;0;0;0;0;0;0;0;0;0;0;0;0;0;0;0;0;0;0;0;0;0;0;0;0;0;0;0;0;0;0;0;0;0;0;0;0;0;0;0;0;0;0;0;0;0;0;0;0;0;0;5;3;1;0;1;1;4;2013-09-22 16:00:00;971;0;70;15;35;0;-1;1;-1;-1;-1;-1;-1;-1;0;1;4;2;1;6;-1;0;0;0;0;0;0;0;0;0;0;0;0;0;1;1;0;1;-1;-1;0;0;-1;-1;-1;-1;-1;-1;-1;-1;-1;15;30;50;70;90;30;75;70;35;11.69;2.8;4.7;2.55;Stjarnan;Breidablik;2.55;1.36;2.5;1.5;2;1.8;85;70;50;30;10;77;60;47;0;0;0;741;22;Y;Y;Y;Y;Y;N;Y
213921;3817;3807;2013;complete;1293;21;-1;2;;1;0;1;2;5;7;1;3;0;2;0;0;4;2;5;14;9;16;11;14;47;53;0;2;1.55;4.66;6.09;0;0;0;0;0;0;0;0;0;0;0;0;0;0;0;0;0;0;0;0;0;0;0;0;0;0;0;0;0;0;0;0;0;0;0;0;0;0;0;0;0;0;0;0;0;0;0;0;0;0;0;0;0;0;0;0;0;0;0;0;0;0;0;0;0;1;1;0;0;0;0;1;2013-09-22 16:00:00;3817;0;65;30;40;0;-1;1;-1;-1;-1;-1;-1;-1;0;0;0;2;0;2;-1;0;0;0;0;0;0;0;0;0;0;0;0;0;1;1;1;0;-1;-1;0;0;-1;-1;-1;-1;-1;-1;-1;-1;-1;25;45;55;75;100;40;75;65;55;10.51;2.9;5.2;3.65;Thór;ÍA;0.91;0.09;0.7;0.1;0.9;0.42;75;55;45;25;0;76;63;50;0;0;0;741;22;Y;N;N;N;N;N;N
213922;3807;973;2013;complete;1293;18;-1;69,86,88;61;3;1;4;1;4;5;1;3;0;0;0;0;3;8;2;6;5;14;9;10;49;51;0;0;8.88;5.68;1.36;0;0;0;0;0;0;0;0;0;0;0;0;0;0;0;0;0;0;0;0;0;0;0;0;0;0;0;0;0;0;0;0;0;0;0;0;0;0;0;0;0;0;0;0;0;0;0;0;0;0;0;0;0;0;0;0;0;0;0;0;0;0;0;0;0;4;0;0;3;1;4;0;2013-09-25 16:30:00;3807;0;69;21;59;0;-1;-1;-1;-1;-1;-1;-1;-1;0;0;0;0;0;0;-1;0;0;0;0;0;0;0;0;0;0;0;0;0;1;1;0;0;-1;-1;-1;-1;-1;-1;-1;-1;-1;-1;-1;-1;-1;27;54;80;95;100;47;79;85;69;12.29;4.43;3.23;3.76;ÍA;KR;0.91;1.91;0.78;2.1;0.4;2.45;74;47;21;5;0;88;62;55;0;0;0;741;22;Y;Y;Y;Y;N;N;Y
213923;3805;3817;2013;complete;1293;22;-1;35;27,33;1;2;3;9;1;10;5;6;4;1;1;1;15;3;11;2;26;5;18;9;48;52;5;3;1.6;4.41;5.8;0;0;0;0;0;0;0;0;0;0;0;0;0;0;0;0;0;0;0;0;0;0;0;0;0;0;0;0;0;0;0;0;0;0;0;0;0;0;0;0;0;0;0;0;0;0;0;0;0;0;0;0;0;0;0;0;0;0;0;0;0;0;0;0;0;3;1;2;0;0;0;3;2013-09-28 14:00:00;3817;0;65;5;55;0;-1;1;-1;-1;-1;-1;-1;-1;3;1;2;1;4;3;-1;0;0;0;0;0;0;0;0;0;0;0;0;0;1;1;0;0;-1;-1;0;0;-1;-1;-1;-1;-1;-1;-1;-1;-1;20;40;55;80;100;30;75;80;60;10.4;2.6;4.32;2.95;ÍBV;Thór;1.55;1.27;1.7;1.1;1.38;1;80;60;45;20;0;78;55;23;0;0;0;741;22;Y;Y;Y;N;N;N;Y
213924;3803;3815;2013;complete;1293;22;-1;11,38,87;18,25;3;2;5;12;2;14;2;2;1;3;0;0;7;4;6;5;13;9;9;13;49;51;1;3;1.65;4.49;5.09;0;0;0;0;0;0;0;0;0;0;0;0;0;0;0;0;0;0;0;0;0;0;0;0;0;0;0;0;0;0;0;0;0;0;0;0;0;0;0;0;0;0;0;0;0;0;0;0;0;0;0;0;0;0;0;0;0;0;0;0;0;0;0;0;0;5;2;2;1;0;1;4;2013-09-28 14:00:00;3803;0;60;20;30;0;-1;1;-1;-1;-1;-1;-1;-1;0;3;1;0;3;1;-1;0;0;0;0;0;0;0;1;1;1;1;0;0;1;1;0;0;-1;-1;0;0;-1;-1;-1;-1;-1;-1;-1;-1;-1;25;45;75;85;100;30;85;90;60;11.71;4;3.3;3.3;Breidablik;Keflavík;2.18;1;2.1;1.1;1.71;1.14;75;55;25;15;0;86;50;36;0;0;0;741;22;Y;Y;Y;Y;Y;N;Y
213925;54;971;2013;complete;1293;22;-1;12,35,77,88;;4;0;4;9;4;13;8;5;0;1;0;0;5;3;9;3;14;6;9;10;51;49;0;1;1.89;3.92;4.15;0;0;0;0;0;0;0;0;0;0;0;0;0;0;0;0;0;0;0;0;0;0;0;0;0;0;0;0;0;0;0;0;0;0;0;0;0;0;0;0;0;0;0;0;0;0;0;0;0;0;0;0;0;0;0;0;0;0;0;0;0;0;0;0;0;4;2;0;2;0;2;2;2013-09-28 14:00:00;54;0;65;25;20;0;-1;1;-1;-1;-1;-1;-1;-1;0;0;0;1;0;1;-1;0;0;0;0;0;0;0;0;0;0;0;0;0;1;1;0;0;-1;-1;0;0;-1;-1;-1;-1;-1;-1;-1;-1;-1;10;20;45;75;95;30;70;70;45;12.26;3.6;5.1;2.55;FH;Stjarnan;2;1.36;1.9;1.5;2.1;2.05;90;80;55;25;5;76;69;51;0;0;0;741;22;Y;Y;Y;Y;N;N;N
213926;3807;3812;2013;complete;1293;22;-1;80;9,31,77;1;3;4;10;4;14;2;1;3;1;0;1;4;5;6;9;10;14;9;9;51;49;3;2;3.41;3.95;2.09;0;0;0;0;0;0;0;0;0;0;0;0;0;0;0;0;0;0;0;0;0;0;0;0;0;0;0;0;0;0;0;0;0;0;0;0;0;0;0;0;0;0;0;0;0;0;0;0;0;0;0;0;0;0;0;0;0;0;0;0;0;0;0;0;0;4;0;2;1;1;2;2;2013-09-28 14:00:00;3812;0;85;30;55;0;-1;1;-1;-1;-1;-1;-1;-1;1;1;2;1;2;3;-1;0;0;0;0;0;0;0;0;0;0;0;0;0;1;1;0;1;-1;-1;0;0;-1;-1;-1;-1;-1;-1;-1;-1;-1;25;65;85;95;95;50;70;90;70;8.88;2.7;3.6;3.8;ÍA;Fylkir;0.91;1.45;1;1.3;0.52;1.1;75;35;15;5;5;76;57;51;0;0;0;741;22;Y;Y;Y;Y;N;N;Y
213927;973;3816;2013;complete;1293;22;-1;69,85;29;2;1;3;6;5;11;1;0;1;3;0;0;10;5;7;6;17;11;8;8;52;48;1;3;1.35;5.63;9.45;0;0;0;0;0;0;0;0;0;0;0;0;0;0;0;0;0;0;0;0;0;0;0;0;0;0;0;0;0;0;0;0;0;0;0;0;0;0;0;0;0;0;0;0;0;0;0;0;0;0;0;0;0;0;0;0;0;0;0;0;0;0;0;0;0;3;0;1;2;0;2;1;2013-09-28 14:00:00;973;0;75;15;45;0;-1;1;-1;-1;-1;-1;-1;-1;1;0;0;3;1;3;-1;0;0;0;0;0;0;0;0;0;0;0;0;0;1;1;0;0;-1;-1;0;0;-1;-1;-1;-1;-1;-1;-1;-1;-1;15;30;75;95;100;20;80;90;70;9.33;2.2;3.17;3.2;KR;Fram;2.82;1;2.8;1.1;2.33;1.05;85;70;25;5;0;71;48;28;0;0;0;741;22;Y;Y;Y;N;N;N;Y
213928;3804;3809;2013;complete;1293;22;-1;;48,59,60,90,90;0;5;5;5;7;12;0;2;0;0;1;0;5;8;9;6;14;14;7;12;51;49;2;0;3.36;3.85;2.14;0;0;0;0;0;0;0;0;0;0;0;0;0;0;0;0;0;0;0;0;0;0;0;0;0;0;0;0;0;0;0;0;0;0;0;0;0;0;0;0;0;0;0;0;0;0;0;0;0;0;0;0;0;0;0;0;0;0;0;0;0;0;0;0;0;5;0;0;0;5;5;0;2013-09-28 14:00:00;3809;0;50;10;20;0;-1;1;-1;-1;-1;-1;-1;-1;1;0;0;0;1;0;-1;0;0;0;0;0;0;0;0;0;0;0;0;0;1;1;0;0;-1;-1;0;0;-1;-1;-1;-1;-1;-1;-1;-1;-1;10;35;45;70;85;30;60;75;45;6.42;3.1;3.8;2.65;Víkingur Ólafsvík;Valur;0.73;1.82;0.8;1.7;0.81;1.43;90;65;55;30;15;67;34;34;0;0;0;741;22;Y;Y;Y;Y;Y;N;N
