ID;HOMEID;AWAYID;SEASON;STATUS;ROUNDID;GAME_WEEK;REVISED_GAME_WEEK;HOMEGOALS;AWAYGOALS;HOMEGOALCOUNT;AWAYGOALCOUNT;TOTALGOALCOUNT;TEAM_A_CORNERS;TEAM_B_CORNERS;TOTALCORNERCOUNT;TEAM_A_OFFSIDES;TEAM_B_OFFSIDES;TEAM_A_YELLOW_CARDS;TEAM_B_YELLOW_CARDS;TEAM_A_RED_CARDS;TEAM_B_RED_CARDS;TEAM_A_SHOTSONTARGET;TEAM_B_SHOTSONTARGET;TEAM_A_SHOTSOFFTARGET;TEAM_B_SHOTSOFFTARGET;TEAM_A_SHOTS;TEAM_B_SHOTS;TEAM_A_FOULS;TEAM_B_FOULS;TEAM_A_POSSESSION;TEAM_B_POSSESSION;TEAM_A_CARDS_NUM;TEAM_B_CARDS_NUM;ODDS_FT_1;ODDS_FT_X;ODDS_FT_2;ODDS_FT_OVER05;ODDS_FT_OVER15;ODDS_FT_OVER25;ODDS_FT_OVER35;ODDS_FT_OVER45;ODDS_FT_UNDER05;ODDS_FT_UNDER15;ODDS_FT_UNDER25;ODDS_FT_UNDER35;ODDS_FT_UNDER45;ODDS_BTTS_YES;ODDS_BTTS_NO;ODDS_TEAM_A_CS_YES;ODDS_TEAM_A_CS_NO;ODDS_TEAM_B_CS_YES;ODDS_TEAM_B_CS_NO;ODDS_DOUBLECHANCE_1X;ODDS_DOUBLECHANCE_12;ODDS_DOUBLECHANCE_X2;ODDS_1ST_HALF_RESULT_1;ODDS_1ST_HALF_RESULT_X;ODDS_1ST_HALF_RESULT_2;ODDS_2ND_HALF_RESULT_1;ODDS_2ND_HALF_RESULT_X;ODDS_2ND_HALF_RESULT_2;ODDS_DNB_1;ODDS_DNB_2;ODDS_CORNERS_OVER_75;ODDS_CORNERS_OVER_85;ODDS_CORNERS_OVER_95;ODDS_CORNERS_OVER_105;ODDS_CORNERS_OVER_115;ODDS_CORNERS_UNDER_75;ODDS_CORNERS_UNDER_85;ODDS_CORNERS_UNDER_95;ODDS_CORNERS_UNDER_105;ODDS_CORNERS_UNDER_115;ODDS_CORNERS_1;ODDS_CORNERS_X;ODDS_CORNERS_2;ODDS_TEAM_TO_SCORE_FIRST_1;ODDS_TEAM_TO_SCORE_FIRST_X;ODDS_TEAM_TO_SCORE_FIRST_2;ODDS_WIN_TO_NIL_1;ODDS_WIN_TO_NIL_2;ODDS_1ST_HALF_OVER05;ODDS_1ST_HALF_OVER15;ODDS_1ST_HALF_OVER25;ODDS_1ST_HALF_OVER35;ODDS_1ST_HALF_UNDER05;ODDS_1ST_HALF_UNDER15;ODDS_1ST_HALF_UNDER25;ODDS_1ST_HALF_UNDER35;ODDS_2ND_HALF_OVER05;ODDS_2ND_HALF_OVER15;ODDS_2ND_HALF_OVER25;ODDS_2ND_HALF_OVER35;ODDS_2ND_HALF_UNDER05;ODDS_2ND_HALF_UNDER15;ODDS_2ND_HALF_UNDER25;ODDS_2ND_HALF_UNDER35;ODDS_BTTS_1ST_HALF_YES;ODDS_BTTS_1ST_HALF_NO;ODDS_BTTS_2ND_HALF_YES;ODDS_BTTS_2ND_HALF_NO;OVERALLGOALCOUNT;HT_GOALS_TEAM_A;HT_GOALS_TEAM_B;GOALS_2HG_TEAM_A;GOALS_2HG_TEAM_B;GOALCOUNT_2HG;HTGOALCOUNT;DATE_UNIX;WINNINGTEAM;NO_HOME_AWAY;BTTS_POTENTIAL;BTTS_FHG_POTENTIAL;BTTS_2HG_POTENTIAL;GOALTIMINGDISABLED;CORNER_TIMINGS_RECORDED;CARD_TIMINGS_RECORDED;TEAM_A_FH_CORNERS;TEAM_B_FH_CORNERS;TEAM_A_2H_CORNERS;TEAM_B_2H_CORNERS;CORNER_FH_COUNT;CORNER_2H_COUNT;TEAM_A_FH_CARDS;TEAM_B_FH_CARDS;TEAM_A_2H_CARDS;TEAM_B_2H_CARDS;TOTAL_FH_CARDS;TOTAL_2H_CARDS;ATTACKS_RECORDED;TEAM_A_DANGEROUS_ATTACKS;TEAM_B_DANGEROUS_ATTACKS;TEAM_A_ATTACKS;TEAM_B_ATTACKS;TEAM_A_XG;TEAM_B_XG;TOTAL_XG;TEAM_A_PENALTIES_WON;TEAM_B_PENALTIES_WON;TEAM_A_PENALTY_GOALS;TEAM_B_PENALTY_GOALS;TEAM_A_PENALTY_MISSED;TEAM_B_PENALTY_MISSED;PENS_RECORDED;GOAL_TIMINGS_RECORDED;TEAM_A_0_10_MIN_GOALS;TEAM_B_0_10_MIN_GOALS;TEAM_A_CORNERS_0_10_MIN;TEAM_B_CORNERS_0_10_MIN;TEAM_A_CARDS_0_10_MIN;TEAM_B_CARDS_0_10_MIN;THROWINS_RECORDED;TEAM_A_THROWINS;TEAM_B_THROWINS;FREEKICKS_RECORDED;TEAM_A_FREEKICKS;TEAM_B_FREEKICKS;GOALKICKS_RECORDED;TEAM_A_GOALKICKS;TEAM_B_GOALKICKS;O45_POTENTIAL;O35_POTENTIAL;O25_POTENTIAL;O15_POTENTIAL;O05_POTENTIAL;O15HT_POTENTIAL;O05HT_POTENTIAL;O05_2H_POTENTIAL;O15_2H_POTENTIAL;CORNERS_POTENTIAL;OFFSIDES_POTENTIAL;CARDS_POTENTIAL;AVG_POTENTIAL;HOME_NAME;AWAY_NAME;HOME_PPG;AWAY_PPG;PRE_MATCH_HOME_PPG;PRE_MATCH_AWAY_PPG;PRE_MATCH_TEAMA_OVERALL_PPG;PRE_MATCH_TEAMB_OVERALL_PPG;U45_POTENTIAL;U35_POTENTIAL;U25_POTENTIAL;U15_POTENTIAL;U05_POTENTIAL;CORNERS_O85_POTENTIAL;CORNERS_O95_POTENTIAL;CORNERS_O105_POTENTIAL;TEAM_A_XG_PREMATCH;TEAM_B_XG_PREMATCH;TOTAL_XG_PREMATCH;COMPETITION_ID;MATCHES_COMPLETED_MINIMUM;OVER05;OVER15;OVER25;OVER35;OVER45;OVER55;BTTS
327122;3809;973;2018;complete;2338;1;-1;69,90;90;2;1;3;6;2;8;0;0;0;0;0;0;7;2;10;4;17;6;16;12;67;33;0;0;1.85;3.88;4.32;1.02;1.23;1.74;2.9;0;0;0;0;0;0;1.77;2.05;0;0;0;0;0;0;0;0;0;0;0;0;0;0;0;0;0;0;0;0;0;0;0;0;0;0;0;0;0;0;0;0;0;0;0;0;0;0;0;0;0;0;0;0;0;0;0;0;0;0;0;0;0;3;0;0;2;1;3;0;2018-04-27 20:00:00;3809;0;0;0;0;0;1;-1;2;0;4;2;2;6;0;0;0;0;0;0;1;0;0;0;0;2.29;1.01;3.3;-1;-1;-1;-1;-1;-1;-1;1;0;0;1;0;-1;-1;-1;-1;-1;-1;-1;-1;-1;-1;-1;0;0;0;0;0;0;0;0;0;0;0;0;0;Valur;KR;2.64;1.55;0;0;0;0;0;0;0;0;0;0;0;0;0;0;0;1113;22;Y;Y;Y;N;N;N;Y
327123;3806;54;2018;complete;2338;1;-1;;35;0;1;1;7;5;12;1;1;4;6;0;0;0;4;3;5;3;9;19;14;50;50;4;6;4.41;3.79;1.85;1.02;1.24;1.77;2.95;0;0;0;0;0;0;1.77;2.05;0;0;0;0;0;0;0;0;0;0;0;0;0;0;0;0;0;0;0;0;0;0;0;0;0;0;0;0;0;0;0;0;0;0;0;0;0;0;0;0;0;0;0;0;0;0;0;0;0;0;0;0;0;1;0;1;0;0;0;1;2018-04-28 14:00:00;54;0;0;0;0;0;1;1;3;4;4;1;7;5;2;2;2;4;4;6;1;0;0;0;0;0.45;1.14;1.59;0;0;0;0;0;0;1;1;0;0;1;1;0;0;-1;-1;-1;-1;-1;-1;-1;-1;-1;0;0;0;0;0;0;0;0;0;0;0;0;0;Grindavík;FH;1.27;1.55;0;0;0;0;0;0;0;0;0;0;0;0;0;0;0;1113;22;Y;N;N;N;N;N;N
327124;3803;3805;2018;complete;2338;1;-1;43,62,86,90;48;4;1;5;6;5;11;1;5;1;1;0;0;6;2;5;5;11;7;9;8;60;40;1;1;1.66;4.16;5.36;1.01;1.2;1.67;2.65;0;0;0;0;0;0;1.77;2.05;0;0;0;0;0;0;0;0;0;0;0;0;0;0;0;0;0;0;0;0;0;0;0;0;0;0;0;0;0;0;0;0;0;0;0;0;0;0;0;0;0;0;0;0;0;0;0;0;0;0;0;0;0;5;1;0;3;1;4;1;2018-04-28 14:00:00;3803;0;0;0;0;0;1;1;1;2;5;3;3;8;0;1;1;0;1;1;1;0;0;0;0;1.38;0.77;2.16;0;0;0;0;0;0;1;1;0;0;0;1;0;0;-1;-1;-1;-1;-1;-1;-1;-1;-1;0;0;0;0;0;0;0;0;0;0;0;0;0;Breidablik;ÍBV;2.09;0.91;0;0;0;0;0;0;0;0;0;0;0;0;0;0;0;1113;22;Y;Y;Y;Y;Y;N;Y
327125;971;3815;2018;complete;2338;1;-1;79,83;85,88;2;2;4;4;2;6;2;1;0;0;0;0;16;6;5;1;21;7;17;5;58;42;0;0;1.48;4.63;7.15;1.01;1.16;1.56;2.4;0;0;0;0;0;0;1.83;2;0;0;0;0;0;0;0;0;0;0;0;0;0;0;0;0;0;0;0;0;0;0;0;0;0;0;0;0;0;0;0;0;0;0;0;0;0;0;0;0;0;0;0;0;0;0;0;0;0;0;0;0;0;4;0;0;2;2;4;0;2018-04-27 20:00:00;-1;0;0;0;0;0;1;-1;2;1;2;1;3;3;0;0;0;0;0;0;1;0;0;0;0;2.87;1.09;3.96;-1;-1;-1;-1;-1;-1;-1;1;0;0;0;0;-1;-1;-1;-1;-1;-1;-1;-1;-1;-1;-1;0;0;0;0;0;0;0;0;0;0;0;0;0;Stjarnan;Keflavík;1.55;0.36;0;0;0;0;0;0;0;0;0;0;0;0;0;0;0;1113;22;Y;Y;Y;Y;N;N;Y
327126;3808;3811;2018;complete;2338;1;-1;1,17;14,37;2;2;4;4;8;12;1;1;2;2;0;0;10;7;9;8;19;15;11;10;53;47;2;2;2.57;3.65;2.72;1.01;1.2;1.67;2.65;0;0;0;0;0;0;1.62;2.3;0;0;0;0;0;0;0;0;0;0;0;0;0;0;0;0;0;0;0;0;0;0;0;0;0;0;0;0;0;0;0;0;0;0;0;0;0;0;0;0;0;0;0;0;0;0;0;0;0;0;0;0;0;4;2;2;0;0;0;4;2018-04-28 16:00:00;-1;0;0;0;0;0;1;1;2;5;2;3;7;5;0;1;2;1;1;3;1;0;0;0;0;2.2;1.71;3.91;0;0;0;0;0;0;1;1;1;0;1;0;0;0;-1;-1;-1;-1;-1;-1;-1;-1;-1;0;0;0;0;0;0;0;0;0;0;0;0;0;Fjölnir;KA;0.73;0.82;0;0;0;0;0;0;0;0;0;0;0;0;0;0;0;1113;22;Y;Y;Y;Y;N;N;Y
327127;3810;3812;2018;complete;2338;1;-1;23;;1;0;1;8;6;14;2;2;3;3;0;0;5;6;8;8;13;14;15;14;47;53;3;3;2.48;3.59;2.87;1.02;1.21;1.69;2.75;0;0;0;0;0;0;1.65;2.25;0;0;0;0;0;0;0;0;0;0;0;0;0;0;0;0;0;0;0;0;0;0;0;0;0;0;0;0;0;0;0;0;0;0;0;0;0;0;0;0;0;0;0;0;0;0;0;0;0;0;0;0;0;1;1;0;0;0;0;1;2018-04-28 18:00:00;3810;0;0;0;0;0;1;1;6;1;2;5;7;7;0;1;3;2;1;5;1;0;0;0;0;1.59;1.8;3.39;0;0;0;0;0;0;1;1;0;0;1;0;0;0;-1;-1;-1;-1;-1;-1;-1;-1;-1;0;0;0;0;0;0;0;0;0;0;0;0;0;Víkingur Reykjavík;Fylkir;1.09;0.82;0;0;0;0;0;0;0;0;0;0;0;0;0;0;0;1113;22;Y;N;N;N;N;N;N
327128;973;971;2018;complete;2338;2;-1;30;;1;0;1;4;6;10;-1;-1;-1;-1;-1;-1;6;8;5;12;11;20;-1;-1;47;53;-1;-1;2.77;3.65;2.47;1.01;1.19;1.62;2.6;0;0;0;0;0;0;1.59;2.35;0;0;0;0;0;0;0;0;0;0;0;0;0;0;0;0;0;0;0;0;0;0;0;0;0;0;0;0;0;0;0;0;0;0;0;0;0;0;0;0;0;0;0;0;0;0;0;0;0;0;0;0;0;1;1;0;0;0;0;1;2018-07-22 17:00:00;973;0;60;30;50;0;1;-1;1;3;3;3;4;6;-1;-1;-1;-1;-1;-1;1;0;0;0;0;1.57;2.55;4.12;-1;-1;-1;-1;-1;-1;-1;1;0;0;0;0;-1;-1;-1;-1;-1;-1;-1;-1;-1;-1;-1;10;30;40;80;100;40;60;80;50;11.8;0;3.4;2.6;KR;Stjarnan;1.82;2.09;1.2;2.6;1.42;2.08;90;70;60;20;0;78;78;78;2.04;1.8;3.84;1113;22;Y;N;N;N;N;N;N
327129;3805;3808;2018;complete;2338;2;-1;85;74;1;1;2;7;6;13;3;3;0;0;0;0;6;6;8;3;14;9;11;3;48;52;0;0;2.4;3.66;2.94;1.01;1.18;1.61;2.55;0;0;0;0;0;0;1.59;2.35;0;0;0;0;0;0;0;0;0;0;0;0;0;0;0;0;0;0;0;0;0;0;0;0;0;0;0;0;0;0;0;0;0;0;0;0;0;0;0;0;0;0;0;0;0;0;0;0;0;0;0;0;0;2;0;0;1;1;2;0;2018-05-06 16:00:00;-1;0;0;0;0;0;1;-1;2;3;5;3;5;8;0;0;0;0;0;0;1;0;0;0;0;1.8;1.37;3.17;-1;-1;-1;-1;-1;-1;-1;1;0;0;1;0;-1;-1;-1;-1;-1;-1;-1;-1;-1;-1;-1;0;0;0;0;0;0;0;0;0;0;0;0;0;ÍBV;Fjölnir;1.73;1;0;0;0;1;0;0;0;0;0;0;0;0;0;0;0;1113;22;Y;Y;N;N;N;N;Y
327130;3812;3811;2018;complete;2338;2;-1;6,41;51;2;1;3;7;9;16;3;1;2;2;0;0;7;7;6;10;13;17;16;11;45;55;2;2;2.55;3.6;2.77;1.01;1.19;1.62;2.6;0;0;0;0;0;0;1.59;2.35;0;0;0;0;0;0;0;0;0;0;0;0;0;0;0;0;0;0;0;0;0;0;0;0;0;0;0;0;0;0;0;0;0;0;0;0;0;0;0;0;0;0;0;0;0;0;0;0;0;0;0;0;0;3;2;0;0;1;1;2;2018-05-06 17:00:00;3812;0;50;50;0;0;1;1;2;1;5;8;3;13;0;0;2;2;0;4;1;0;0;0;0;1.79;2.21;4.01;0;0;0;0;0;0;1;1;1;0;0;0;0;0;-1;-1;-1;-1;-1;-1;-1;-1;-1;0;50;50;50;50;50;50;0;0;8;1;2;2;Fylkir;KA;1.55;0.82;0;1;0;1;50;0;0;0;0;50;50;50;0;1.71;1.71;1113;22;Y;Y;Y;N;N;N;Y
327131;54;3803;2018;complete;2338;2;-1;67;45,49,64;1;3;4;8;3;11;7;3;5;2;0;0;5;9;11;4;16;13;15;10;56;44;5;2;2.06;3.76;3.58;1.02;1.21;1.71;2.75;0;0;0;0;0;0;1.67;2.2;0;0;0;0;0;0;0;0;0;0;0;0;0;0;0;0;0;0;0;0;0;0;0;0;0;0;0;0;0;0;0;0;0;0;0;0;0;0;0;0;0;0;0;0;0;0;0;0;0;0;0;0;0;4;0;1;1;2;3;1;2018-05-07 19:15:00;3803;0;0;0;0;0;1;1;4;0;4;3;4;7;1;0;4;2;1;6;1;0;0;0;0;1.92;1.76;3.68;1;0;1;0;0;0;1;1;0;0;1;0;0;0;-1;-1;-1;-1;-1;-1;-1;-1;-1;0;0;0;0;0;0;0;0;0;0;0;0;0;FH;Breidablik;1.82;1.91;0;0;3;3;0;0;0;0;0;0;0;0;0;0;0;1113;22;Y;Y;Y;Y;N;N;Y
327132;3810;3809;2018;complete;2338;2;-1;;;0;0;0;6;7;13;2;0;3;6;0;0;4;5;5;5;9;10;6;14;44;56;3;6;5.59;4.23;1.63;1.02;1.21;1.69;2.75;0;0;0;0;0;0;1.74;2.1;0;0;0;0;0;0;0;0;0;0;0;0;0;0;0;0;0;0;0;0;0;0;0;0;0;0;0;0;0;0;0;0;0;0;0;0;0;0;0;0;0;0;0;0;0;0;0;0;0;0;0;0;0;0;0;0;0;0;0;0;2018-05-07 19:15:00;-1;0;0;0;0;0;1;1;4;1;2;6;5;8;3;3;0;3;6;3;1;0;0;0;0;1.05;1.26;2.31;0;0;0;0;0;0;1;1;0;0;1;0;0;1;-1;-1;-1;-1;-1;-1;-1;-1;-1;0;0;0;0;50;0;50;0;0;8;2;3;0.5;Víkingur Reykjavík;Valur;1.09;1.55;3;0;3;3;50;50;50;50;0;50;50;50;1.59;0;1.59;1113;22;N;N;N;N;N;N;N
327133;3815;3806;2018;complete;2338;2;-1;;57,62;0;2;2;2;6;8;-1;-1;3;2;0;0;0;7;9;5;9;12;-1;-1;53;47;3;2;2.54;3.65;2.77;1.01;1.19;1.65;2.6;0;0;0;0;0;0;1.61;2.35;0;0;0;0;0;0;0;0;0;0;0;0;0;0;0;0;0;0;0;0;0;0;0;0;0;0;0;0;0;0;0;0;0;0;0;0;0;0;0;0;0;0;0;0;0;0;0;0;0;0;0;0;0;2;0;0;0;2;2;0;2018-05-07 19:15:00;3806;0;0;0;0;0;1;1;1;3;1;3;4;4;0;1;3;1;1;4;1;0;0;0;0;0.97;1.65;2.63;0;0;0;0;0;0;1;1;0;0;1;0;0;0;-1;-1;-1;-1;-1;-1;-1;-1;-1;0;0;0;0;0;0;0;0;0;0;0;0;0;Keflavík;Grindavík;0;1;0;0;1;0;0;0;0;0;0;0;0;0;0;0;0;1113;22;Y;Y;N;N;N;N;N
327134;3811;3805;2018;complete;2338;3;-1;21,55;;2;0;2;5;9;14;-1;-1;2;3;0;0;6;3;7;2;13;5;-1;-1;52;48;2;3;2.1;3.82;3.4;1.01;1.18;1.61;2.55;0;0;0;0;0;0;1.62;2.3;0;0;0;0;0;0;0;0;0;0;0;0;0;0;0;0;0;0;0;0;0;0;0;0;0;0;0;0;0;0;0;0;0;0;0;0;0;0;0;0;0;0;0;0;0;0;0;0;0;0;0;0;0;2;1;0;1;0;1;1;2018-05-12 16:00:00;3811;0;50;0;50;0;1;1;2;3;3;6;5;9;0;2;2;1;2;3;1;0;0;0;0;1.45;0.88;2.33;0;0;0;0;0;0;1;1;0;0;0;0;0;0;-1;-1;-1;-1;-1;-1;-1;-1;-1;50;50;50;50;50;0;50;50;50;5;5;1;2.5;KA;ÍBV;1.73;0.91;0;0;0.5;0.5;0;0;0;0;0;50;50;50;0;0.77;0.77;1113;22;Y;Y;N;N;N;N;N
327135;3806;973;2018;complete;2338;3;-1;14;27;1;1;2;5;8;13;-1;-1;3;2;0;0;4;6;3;9;7;15;-1;-1;51;49;3;2;3.81;3.79;1.97;1.02;1.21;1.69;2.75;0;0;0;0;0;0;1.67;2.2;0;0;0;0;0;0;0;0;0;0;0;0;0;0;0;0;0;0;0;0;0;0;0;0;0;0;0;0;0;0;0;0;0;0;0;0;0;0;0;0;0;0;0;0;0;0;0;0;0;0;0;0;0;2;1;1;0;0;0;2;2018-05-12 14:00:00;-1;0;50;25;50;0;1;1;3;3;2;5;6;7;0;1;3;1;1;4;1;0;0;0;0;1.04;2.02;3.05;0;0;0;0;0;0;1;1;0;0;0;1;0;0;-1;-1;-1;-1;-1;-1;-1;-1;-1;25;25;50;50;100;25;75;50;50;11;3;5;2.5;Grindavík;KR;1.27;1.55;0;1.5;1.5;1.5;75;75;50;50;0;75;50;50;0.45;1.01;1.46;1113;22;Y;Y;N;N;N;N;Y
327136;3808;54;2018;complete;2338;3;-1;36,85;49,56,90;2;3;5;2;6;8;0;4;2;1;0;0;10;9;7;3;17;12;13;13;50;50;2;1;4.1;3.85;1.88;1.02;1.21;1.71;2.75;0;0;0;0;0;0;1.67;2.2;0;0;0;0;0;0;0;0;0;0;0;0;0;0;0;0;0;0;0;0;0;0;0;0;0;0;0;0;0;0;0;0;0;0;0;0;0;0;0;0;0;0;0;0;0;0;0;0;0;0;0;0;0;5;1;0;1;3;4;1;2018-05-13 17:00:00;54;0;50;50;0;0;1;1;1;5;1;1;6;2;1;0;1;1;1;2;1;0;0;0;0;2.02;1.6;3.62;0;0;0;0;0;0;1;1;0;0;0;3;0;0;-1;-1;-1;-1;-1;-1;-1;-1;-1;0;50;50;50;100;50;100;0;0;9;2;8;2.5;Fjölnir;FH;0.73;1.55;1;3;1;1.5;100;50;50;50;0;100;100;100;2.2;1.14;3.34;1113;22;Y;Y;Y;Y;Y;N;Y
327137;3803;3815;2018;complete;2338;3;-1;37;;1;0;1;3;8;11;0;2;3;3;0;0;3;3;7;7;10;10;16;11;52;48;3;3;1.27;6.03;9.99;1.01;1.16;1.54;2.35;0;0;0;0;0;0;2;1.83;0;0;0;0;0;0;0;0;0;0;0;0;0;0;0;0;0;0;0;0;0;0;0;0;0;0;0;0;0;0;0;0;0;0;0;0;0;0;0;0;0;0;0;0;0;0;0;0;0;0;0;0;0;1;1;0;0;0;0;1;2018-05-12 16:00:00;3803;0;100;0;100;0;1;1;3;1;0;7;4;7;0;1;3;2;1;5;1;0;0;0;0;1.02;1.01;2.03;0;0;0;0;0;0;1;1;0;0;0;0;0;0;-1;-1;-1;-1;-1;-1;-1;-1;-1;50;100;100;100;100;0;50;100;100;8;2;1;4.5;Breidablik;Keflavík;2.09;0.36;3;1;3;0.5;50;0;0;0;0;50;50;50;1.38;1.09;2.47;1113;22;Y;N;N;N;N;N;N
327138;3809;3812;2018;complete;2338;3;-1;32,70;75,89;2;2;4;2;7;9;4;0;0;2;0;0;5;5;7;8;12;13;9;12;57;43;0;2;1.37;5.16;8.73;1.01;1.17;1.57;2.45;0;0;0;0;0;0;1.83;2;0;0;0;0;0;0;0;0;0;0;0;0;0;0;0;0;0;0;0;0;0;0;0;0;0;0;0;0;0;0;0;0;0;0;0;0;0;0;0;0;0;0;0;0;0;0;0;0;0;0;0;0;0;4;1;0;1;2;3;1;2018-05-13 20:00:00;-1;0;50;0;50;0;1;1;2;5;0;2;7;2;0;0;0;2;0;2;1;0;0;0;0;1.43;1.38;2.81;0;0;0;0;0;0;1;1;0;0;1;1;0;0;-1;-1;-1;-1;-1;-1;-1;-1;-1;0;0;50;50;100;0;50;50;50;12;2;3;2;Valur;Fylkir;2.64;0.82;3;0;2;1.5;100;100;50;50;0;50;50;50;2.29;1.8;4.09;1113;22;Y;Y;Y;Y;N;N;Y
327139;971;3810;2018;complete;2338;3;-1;14,37,64;32,58,90;3;3;6;1;2;3;1;2;4;2;0;0;6;6;3;5;9;11;10;18;45;55;4;2;1.73;4.09;4.77;1.02;1.2;1.67;2.7;0;0;0;0;0;0;1.71;2.15;0;0;0;0;0;0;0;0;0;0;0;0;0;0;0;0;0;0;0;0;0;0;0;0;0;0;0;0;0;0;0;0;0;0;0;0;0;0;0;0;0;0;0;0;0;0;0;0;0;0;0;0;0;6;2;1;1;2;3;3;2018-05-14 19:15:00;-1;0;50;25;50;0;1;1;0;1;1;1;1;2;1;0;3;2;1;5;1;0;0;0;0;1.21;1.38;2.59;2;2;2;2;0;0;1;1;0;0;0;0;1;0;-1;-1;-1;-1;-1;-1;-1;-1;-1;25;50;50;50;50;25;25;50;50;3.5;2;1;2.25;Stjarnan;Víkingur Reykjavík;1.55;1.18;0.5;0;0.5;2;25;0;0;0;0;25;0;0;2.87;0;2.87;1113;22;Y;Y;Y;Y;Y;Y;Y
327140;54;3811;2018;complete;2338;4;-1;48,69,85;80;3;1;4;8;6;14;2;4;0;2;0;0;9;6;7;3;16;9;9;21;56;44;0;2;1.71;4.05;4.93;1.02;1.24;1.8;3;0;0;0;0;0;0;1.8;2.05;0;0;0;0;0;0;0;0;0;0;0;0;0;0;0;0;0;0;0;0;0;0;0;0;0;0;0;0;0;0;0;0;0;0;0;0;0;0;0;0;0;0;0;0;0;0;0;0;0;0;0;0;0;4;0;0;3;1;4;0;2018-05-17 18:00:00;54;0;100;25;50;0;1;1;4;2;4;4;6;8;0;0;0;2;0;2;1;0;0;0;0;1.88;1.22;3.11;0;0;0;0;0;0;1;1;0;0;1;1;0;0;-1;-1;-1;-1;-1;-1;-1;-1;-1;0;75;100;100;100;50;100;75;50;16.5;8;7;3.75;FH;KA;1.82;0.82;0;0.5;2;1.33;100;25;0;0;0;100;100;100;1.92;1.96;3.88;1113;22;Y;Y;Y;Y;N;N;Y
327141;3812;3805;2018;complete;2338;4;-1;5,90;90;2;1;3;3;7;10;4;1;0;2;0;0;8;7;2;8;10;15;10;8;50;50;0;2;2.13;3.69;3.34;1.01;1.2;1.67;2.65;0;0;0;0;0;0;1.62;2.25;0;0;0;0;0;0;0;0;0;0;0;0;0;0;0;0;0;0;0;0;0;0;0;0;0;0;0;0;0;0;0;0;0;0;0;0;0;0;0;0;0;0;0;0;0;0;0;0;0;0;0;0;0;3;1;0;1;1;2;1;2018-05-17 18:00:00;3812;0;75;0;25;0;1;1;2;2;1;5;4;6;0;1;0;1;1;1;1;0;0;0;0;1.51;1.8;3.3;0;0;0;0;0;0;1;1;1;0;1;0;0;0;-1;-1;-1;-1;-1;-1;-1;-1;-1;25;25;75;100;100;50;100;100;25;14;5;4;3.25;Fylkir;ÍBV;1.55;0.91;3;0;1.33;0.33;75;75;25;0;0;100;100;100;1.79;0.83;2.62;1113;22;Y;Y;Y;N;N;N;Y
327142;973;3803;2018;complete;2338;4;-1;67;65;1;1;2;-1;-1;-1;-1;-1;2;2;0;0;-1;-1;-1;-1;-1;-1;-1;-1;-1;-1;2;2;2.51;3.59;2.81;1.03;1.25;1.8;3.05;0;0;0;0;0;0;1.74;2.1;0;0;0;0;0;0;0;0;0;0;0;0;0;0;0;0;0;0;0;0;0;0;0;0;0;0;0;0;0;0;0;0;0;0;0;0;0;0;0;0;0;0;0;0;0;0;0;0;0;0;0;0;0;2;0;0;1;1;2;0;2018-05-18 19:15:00;-1;0;50;0;50;0;-1;1;-1;-1;-1;-1;-1;-1;2;0;0;2;2;2;-1;0;0;0;0;0;0;0;0;0;0;0;0;0;1;1;0;0;-1;-1;0;0;-1;-1;-1;-1;-1;-1;-1;-1;-1;0;50;50;50;50;0;50;50;50;3;3;2;2;KR;Breidablik;1.82;1.91;0;3;1.33;3;50;0;0;0;0;50;50;50;0;1.76;1.76;1113;22;Y;Y;N;N;N;N;Y
327143;3815;3808;2018;complete;2338;4;-1;52;31,62;1;2;3;4;5;9;-1;-1;2;1;0;0;4;9;2;13;6;22;-1;-1;53;47;2;1;2.95;3.69;2.36;1.02;1.2;1.67;2.7;0;0;0;0;0;0;1.65;2.25;0;0;0;0;0;0;0;0;0;0;0;0;0;0;0;0;0;0;0;0;0;0;0;0;0;0;0;0;0;0;0;0;0;0;0;0;0;0;0;0;0;0;0;0;0;0;0;0;0;0;0;0;0;3;0;1;1;1;2;1;2018-05-18 19:15:00;3808;0;50;0;50;0;1;1;3;2;1;3;5;4;0;0;2;1;0;3;1;0;0;0;0;0.96;2.52;3.47;0;0;0;0;0;0;1;1;0;0;0;2;0;0;-1;-1;-1;-1;-1;-1;-1;-1;-1;0;0;0;100;100;0;0;100;100;8;2;3;2;Keflavík;Fjölnir;0;1;0;1;0.33;0.67;100;100;100;0;0;50;50;50;0.97;1.37;2.34;1113;22;Y;Y;Y;N;N;N;Y
327144;3810;3806;2018;complete;2338;4;-1;;45;0;1;1;6;4;10;3;2;2;1;0;0;5;4;6;4;11;8;14;13;50;50;2;1;2.2;3.66;3.21;1.02;1.23;1.74;2.9;0;0;0;0;0;0;1.71;2.1;0;0;0;0;0;0;0;0;0;0;0;0;0;0;0;0;0;0;0;0;0;0;0;0;0;0;0;0;0;0;0;0;0;0;0;0;0;0;0;0;0;0;0;0;0;0;0;0;0;0;0;0;0;1;0;1;0;0;0;1;2018-05-18 19:15:00;3806;0;0;0;0;0;1;1;1;3;5;1;4;6;0;0;2;1;0;3;1;0;0;0;0;1.59;1.23;2.81;0;0;0;0;0;0;1;1;0;0;0;0;0;0;-1;-1;-1;-1;-1;-1;-1;-1;-1;0;0;0;50;75;0;25;50;50;13;1;5;1.25;Víkingur Reykjavík;Grindavík;1.09;1;2;3;1.67;1.33;100;100;100;50;25;50;50;50;1.32;1.65;2.97;1113;22;Y;N;N;N;N;N;N
327145;3809;971;2018;complete;2338;4;-1;45,78;20,64;2;2;4;6;0;6;0;3;3;2;0;0;4;3;5;7;9;10;16;11;55;45;3;2;1.79;3.92;4.43;1.01;1.18;1.59;2.5;0;0;0;0;0;0;1.69;2.15;0;0;0;0;0;0;0;0;0;0;0;0;0;0;0;0;0;0;0;0;0;0;0;0;0;0;0;0;0;0;0;0;0;0;0;0;0;0;0;0;0;0;0;0;0;0;0;0;0;0;0;0;0;4;1;1;1;1;2;2;2018-05-18 19:15:00;-1;0;50;0;50;0;1;1;5;0;1;0;5;1;1;2;2;0;3;2;1;0;0;0;0;1.41;1.46;2.87;1;0;1;0;0;0;1;1;0;0;3;0;0;0;-1;-1;-1;-1;-1;-1;-1;-1;-1;0;25;50;50;50;0;25;50;50;4;2;0;1.75;Valur;Stjarnan;2.64;2.09;2;0;1.67;0.67;50;25;0;0;0;25;0;0;1.86;0;1.86;1113;22;Y;Y;Y;Y;N;N;Y
327146;3811;3815;2018;complete;2338;5;-1;;;0;0;0;5;2;7;0;3;2;3;0;0;2;2;8;5;10;7;16;15;50;50;2;3;1.63;4.3;5.3;1.02;1.21;1.71;2.75;0;0;0;0;0;0;1.8;2;0;0;0;0;0;0;0;0;0;0;0;0;0;0;0;0;0;0;0;0;0;0;0;0;0;0;0;0;0;0;0;0;0;0;0;0;0;0;0;0;0;0;0;0;0;0;0;0;0;0;0;0;0;0;0;0;0;0;0;0;2018-05-22 19:15:00;-1;0;25;0;25;0;1;1;1;1;4;1;2;5;0;1;2;2;1;4;1;0;0;0;0;1.01;0.75;1.76;0;0;0;0;0;0;1;1;0;0;0;0;0;1;-1;-1;-1;-1;-1;-1;-1;-1;-1;0;25;25;75;100;0;75;75;25;10;0.5;3.5;2.25;KA;Keflavík;1.73;0.36;3;0.5;1;0.25;100;75;75;25;0;75;75;75;1.45;1.05;2.5;1113;22;N;N;N;N;N;N;N
327147;3805;54;2018;complete;2338;5;-1;;;0;0;0;5;7;12;4;5;1;3;0;0;5;3;7;5;12;8;5;11;45;55;1;3;5.09;4.17;1.68;1.02;1.24;1.8;3;0;0;0;0;0;0;1.77;2.05;0;0;0;0;0;0;0;0;0;0;0;0;0;0;0;0;0;0;0;0;0;0;0;0;0;0;0;0;0;0;0;0;0;0;0;0;0;0;0;0;0;0;0;0;0;0;0;0;0;0;0;0;0;0;0;0;0;0;0;0;2018-05-21 15:00:00;-1;0;75;0;75;0;1;1;1;2;4;5;3;9;0;0;1;3;0;4;1;0;0;0;0;1.53;1.34;2.87;0;0;0;0;0;0;1;1;0;0;0;1;0;0;-1;-1;-1;-1;-1;-1;-1;-1;-1;25;25;25;75;100;0;50;75;75;12.5;5.5;3.5;2.5;ÍBV;FH;1.73;1.55;1;3;0.25;2.25;75;75;75;25;0;75;75;75;1.8;1.37;3.17;1113;22;N;N;N;N;N;N;N
327148;3808;973;2018;complete;2338;5;-1;35;51;1;1;2;9;0;9;1;5;2;2;0;0;7;5;8;4;15;9;10;13;56;44;2;2;3.88;3.85;1.94;1.01;1.19;1.62;2.6;0;0;0;0;0;0;1.61;2.35;0;0;0;0;0;0;0;0;0;0;0;0;0;0;0;0;0;0;0;0;0;0;0;0;0;0;0;0;0;0;0;0;0;0;0;0;0;0;0;0;0;0;0;0;0;0;0;0;0;0;0;0;0;2;1;0;0;1;1;1;2018-05-21 19:15:00;-1;0;100;59;59;0;1;1;4;0;5;0;4;5;0;0;2;2;0;4;1;0;0;0;0;1.73;1.17;2.9;0;0;0;0;0;0;1;1;0;0;0;0;0;0;-1;-1;-1;-1;-1;-1;-1;-1;-1;42;67;84;100;100;59;84;59;59;8.33;1.5;3.33;3.92;Fjölnir;KR;0.73;1.55;0.5;1.33;1.25;1.25;59;34;17;0;0;59;42;42;2.11;1.51;3.62;1113;22;Y;Y;N;N;N;N;Y
327149;3806;3809;2018;complete;2338;5;-1;13,87;44;2;1;3;6;5;11;0;1;4;2;0;0;3;5;7;6;10;11;11;20;49;51;4;2;1.68;4.15;5.11;1.02;1.24;1.77;2.95;0;0;0;0;0;0;1.87;1.95;0;0;0;0;0;0;0;0;0;0;0;0;0;0;0;0;0;0;0;0;0;0;0;0;0;0;0;0;0;0;0;0;0;0;0;0;0;0;0;0;0;0;0;0;0;0;0;0;0;0;0;0;0;3;1;1;1;0;1;2;2018-05-23 19:15:00;3806;0;25;25;0;0;1;1;2;3;4;2;5;6;0;0;4;2;0;6;1;0;0;0;0;1.37;1.66;3.02;0;1;0;1;0;0;1;1;0;0;0;1;0;0;-1;-1;-1;-1;-1;-1;-1;-1;-1;0;0;0;25;50;25;50;0;0;13;0;9.5;0.75;Grindavík;Valur;1.27;1.55;0.5;1;1.75;1.5;100;100;100;75;50;100;100;100;0.74;1.26;2;1113;22;Y;Y;Y;N;N;N;Y
327150;971;3812;2018;complete;2338;5;-1;13,21,82;;3;0;3;5;5;10;0;4;1;1;0;0;13;3;11;13;24;16;12;16;54;46;1;1;1.73;4.18;4.65;1;1.11;1.4;2.05;0;0;0;0;0;0;1.51;2.55;0;0;0;0;0;0;0;0;0;0;0;0;0;0;0;0;0;0;0;0;0;0;0;0;0;0;0;0;0;0;0;0;0;0;0;0;0;0;0;0;0;0;0;0;0;0;0;0;0;0;0;0;0;3;2;0;1;0;1;2;2018-05-23 19:15:00;971;0;75;34;75;0;1;1;3;0;2;5;3;7;1;0;0;1;1;1;1;0;0;0;0;2.97;1.63;4.6;0;0;0;0;0;0;1;1;0;0;1;0;0;0;-1;-1;-1;-1;-1;-1;-1;-1;-1;34;75;75;75;100;34;84;75;75;9.17;2.67;4.5;3.75;Stjarnan;Fylkir;1.55;0.82;0.67;0.5;0.75;1.75;67;25;25;25;0;67;25;25;2.04;1.59;3.63;1113;22;Y;Y;Y;N;N;N;N
327151;3803;3810;2018;complete;2338;5;-1;;;0;0;0;7;7;14;0;4;3;3;0;0;3;5;14;7;17;12;13;18;61;39;3;3;1.68;4.15;5.11;1.02;1.21;1.69;2.75;0;0;0;0;0;0;1.74;2.1;0;0;0;0;0;0;0;0;0;0;0;0;0;0;0;0;0;0;0;0;0;0;0;0;0;0;0;0;0;0;0;0;0;0;0;0;0;0;0;0;0;0;0;0;0;0;0;0;0;0;0;0;0;0;0;0;0;0;0;0;2018-05-23 19:15:00;-1;0;75;50;75;0;1;1;1;6;6;1;7;7;1;0;2;3;1;5;1;0;0;0;0;1.95;1.67;3.62;0;0;0;0;0;0;1;1;0;0;1;2;0;0;-1;-1;-1;-1;-1;-1;-1;-1;-1;75;75;75;75;100;50;100;75;75;6.5;2.5;4;4.5;Breidablik;Víkingur Reykjavík;2.09;1.18;3;1;2.5;1.25;25;25;25;25;0;50;50;50;1.2;1.38;2.58;1113;22;N;N;N;N;N;N;N
327152;973;3811;2018;complete;2338;6;-1;44,57;;2;0;2;7;6;13;-1;-1;2;2;0;0;7;4;12;9;19;13;-1;-1;53;47;2;2;1.81;3.93;4.46;1.02;1.21;1.71;2.75;0;0;0;0;0;0;1.71;2.1;0;0;0;0;0;0;0;0;0;0;0;0;0;0;0;0;0;0;0;0;0;0;0;0;0;0;0;0;0;0;0;0;0;0;0;0;0;0;0;0;0;0;0;0;0;0;0;0;0;0;0;0;0;2;1;0;1;0;1;1;2018-05-27 17:00:00;973;0;100;17;67;0;1;1;4;3;3;3;7;6;1;2;1;0;3;1;1;0;0;0;0;2.24;1.6;3.83;0;0;0;0;0;0;1;1;0;0;0;1;0;0;-1;-1;-1;-1;-1;-1;-1;-1;-1;0;34;50;100;100;34;34;84;67;7.67;1;4;2.84;KR;KA;1.82;0.82;1;0.33;1.2;1;100;67;50;0;0;50;50;50;0;1.72;1.72;1113;22;Y;Y;N;N;N;N;N
327153;3815;3805;2018;complete;2338;6;-1;72;17,68,89;1;3;4;9;3;12;-1;-1;1;1;0;0;5;5;7;5;12;10;-1;-1;50;50;1;1;2.52;3.65;2.75;1.02;1.22;1.74;2.85;0;0;0;0;0;0;1.67;2.2;0;0;0;0;0;0;0;0;0;0;0;0;0;0;0;0;0;0;0;0;0;0;0;0;0;0;0;0;0;0;0;0;0;0;0;0;0;0;0;0;0;0;0;0;0;0;0;0;0;0;0;0;0;4;0;1;1;2;3;1;2018-05-27 16:00:00;3805;0;59;0;59;0;1;1;7;2;2;1;9;3;0;0;1;1;0;2;1;0;0;0;0;1.6;1.27;2.87;0;0;0;0;0;0;1;1;0;0;2;0;0;0;-1;-1;-1;-1;-1;-1;-1;-1;-1;17;17;59;100;100;0;75;100;84;10;0.67;4.5;2.92;Keflavík;ÍBV;0;0.91;0;0;0.4;0.4;84;84;42;0;0;75;50;34;0.96;1.15;2.11;1113;22;Y;Y;Y;Y;N;N;Y
327154;3810;3808;2018;complete;2338;6;-1;86;7,25;1;2;3;6;5;11;3;4;1;2;0;0;4;8;9;1;13;9;15;12;45;55;1;2;2.15;3.74;3.33;1.02;1.2;1.67;2.7;0;0;0;0;0;0;1.65;2.25;0;0;0;0;0;0;0;0;0;0;0;0;0;0;0;0;0;0;0;0;0;0;0;0;0;0;0;0;0;0;0;0;0;0;0;0;0;0;0;0;0;0;0;0;0;0;0;0;0;0;0;0;0;3;0;2;1;0;1;2;2018-05-27 17:00:00;3808;0;50;0;50;0;1;1;4;3;2;2;7;4;0;1;1;1;1;2;1;0;0;0;0;1.58;1.61;3.19;0;0;0;0;0;0;1;1;0;1;2;0;0;0;-1;-1;-1;-1;-1;-1;-1;-1;-1;0;0;25;50;84;0;59;50;50;12.17;3.33;3.17;1.59;Víkingur Reykjavík;Fjölnir;1.09;1;1.33;2;1.2;1.2;100;100;75;50;17;100;75;59;1.41;1.94;3.35;1113;22;Y;Y;Y;N;N;N;Y
327155;971;3806;2018;complete;2338;6;-1;79;32;1;1;2;14;6;20;0;2;1;4;0;0;8;4;23;5;31;9;8;15;65;35;1;4;1.83;3.98;4.22;1.01;1.18;1.61;2.5;0;0;0;0;0;0;1.67;2.2;0;0;0;0;0;0;0;0;0;0;0;0;0;0;0;0;0;0;0;0;0;0;0;0;0;0;0;0;0;0;0;0;0;0;0;0;0;0;0;0;0;0;0;0;0;0;0;0;0;0;0;0;0;2;0;1;1;0;1;1;2018-05-27 19:15:00;-1;0;38;25;38;0;1;1;8;2;6;4;10;10;0;0;1;4;0;5;1;0;0;0;0;3.47;1.12;4.59;0;0;0;0;0;0;1;1;0;0;2;1;0;0;-1;-1;-1;-1;-1;-1;-1;-1;-1;25;38;50;75;100;38;63;75;63;8.25;1.75;3.25;3;Stjarnan;Grindavík;1.55;1;1.25;3;1.2;2;75;63;50;25;0;50;38;0;2.35;1.44;3.79;1113;22;Y;Y;N;N;N;N;Y
327156;3809;3803;2018;complete;2338;6;-1;62,88;13;2;1;3;5;9;14;8;1;2;1;0;0;5;6;5;11;10;17;11;10;46;54;2;1;1.88;3.89;4.12;1.01;1.19;1.65;2.65;0;0;0;0;0;0;1.65;2.25;0;0;0;0;0;0;0;0;0;0;0;0;0;0;0;0;0;0;0;0;0;0;0;0;0;0;0;0;0;0;0;0;0;0;0;0;0;0;0;0;0;0;0;0;0;0;0;0;0;0;0;0;0;3;0;1;2;0;2;1;2018-05-27 20:00:00;3809;0;100;17;100;0;1;1;3;3;2;6;6;8;1;0;1;1;1;2;1;0;0;0;0;1.43;1.97;3.4;0;0;0;0;0;0;1;1;0;0;1;1;0;0;-1;-1;-1;-1;-1;-1;-1;-1;-1;0;59;75;100;100;17;59;100;100;7.67;2.33;3;3.34;Valur;Breidablik;2.64;1.91;1.67;2;1.2;2.2;100;42;25;0;0;67;50;50;1.71;1.76;3.47;1113;22;Y;Y;Y;N;N;N;Y
327157;3812;54;2018;complete;2338;6;-1;47;32;1;1;2;5;8;13;2;3;0;0;0;0;4;7;4;7;8;14;10;10;38;62;0;0;3.5;3.35;2;1.02;1.21;1.69;2.75;0;0;0;0;0;0;1.67;2.25;0;0;0;0;0;0;0;0;0;0;0;0;0;0;0;0;0;0;0;0;0;0;0;0;0;0;0;0;0;0;0;0;0;0;0;0;0;0;0;0;0;0;0;0;0;0;0;0;0;0;0;0;0;2;0;1;1;0;1;1;2018-08-19 18:00:00;-1;0;64;14;43;0;1;-1;1;6;4;2;7;6;0;0;0;0;0;0;1;0;0;0;0;1.02;1.72;2.74;0;0;0;0;0;0;1;1;0;0;0;2;-1;-1;-1;-1;-1;-1;-1;-1;-1;-1;-1;29;36;57;79;86;29;71;72;57;12.57;2.43;4;3;Fylkir;FH;1.55;1.55;1.43;1.29;0.94;1.44;71;64;43;22;14;79;79;64;1.73;1.58;3.31;1113;22;Y;Y;N;N;N;N;Y
327158;3811;3810;2018;complete;2338;7;-1;33,38,54,79;68;4;1;5;7;4;11;1;2;1;6;0;0;7;4;5;4;12;8;18;11;49;51;1;6;2.2;3.69;3.25;1.03;1.27;1.87;3.2;0;0;0;0;0;0;1.77;2.05;0;0;0;0;0;0;0;0;0;0;0;0;0;0;0;0;0;0;0;0;0;0;0;0;0;0;0;0;0;0;0;0;0;0;0;0;0;0;0;0;0;0;0;0;0;0;0;0;0;0;0;0;0;5;2;0;2;1;3;2;2018-06-03 16:00:00;3811;0;25;25;25;0;1;1;3;2;4;2;5;6;0;2;1;4;2;5;1;0;0;0;0;1.64;1.13;2.77;0;0;0;0;0;0;1;1;0;0;1;1;0;0;-1;-1;-1;-1;-1;-1;-1;-1;-1;25;25;25;50;50;25;50;50;25;9.5;2.5;4.5;2;KA;Víkingur Reykjavík;1.73;1.18;2;1;0.83;1;75;75;75;50;50;50;50;50;1.23;1.52;2.75;1113;22;Y;Y;Y;Y;Y;N;Y
327159;3805;973;2018;complete;2338;7;-1;9,11;;2;0;2;7;10;17;3;1;2;1;0;0;3;5;4;9;7;14;10;7;46;54;2;1;3.4;3.65;2.15;1.02;1.22;1.71;2.8;0;0;0;0;0;0;1.74;2.1;0;0;0;0;0;0;0;0;0;0;0;0;0;0;0;0;0;0;0;0;0;0;0;0;0;0;0;0;0;0;0;0;0;0;0;0;0;0;0;0;0;0;0;0;0;0;0;0;0;0;0;0;0;2;2;0;0;0;0;2;2018-06-03 18:00:00;3805;0;75;25;50;0;1;1;5;6;2;4;11;6;0;0;2;1;0;3;1;0;0;0;0;1.12;1.83;2.95;0;0;0;0;0;0;1;1;1;0;4;0;0;0;-1;-1;-1;-1;-1;-1;-1;-1;-1;13;13;25;75;75;25;38;63;50;10;5.5;2;2;ÍBV;KR;1.73;1.55;1;1.25;0.83;1.5;88;88;75;25;25;88;63;63;1.66;1.4;3.06;1113;22;Y;Y;N;N;N;N;N
327160;3803;971;2018;complete;2338;7;-1;;57;0;1;1;9;4;13;4;1;3;4;0;0;3;5;5;8;8;13;19;9;54;46;3;4;2.06;3.76;3.56;1.01;1.18;1.61;2.55;0;0;0;0;0;0;1.59;2.35;0;0;0;0;0;0;0;0;0;0;0;0;0;0;0;0;0;0;0;0;0;0;0;0;0;0;0;0;0;0;0;0;0;0;0;0;0;0;0;0;0;0;0;0;0;0;0;0;0;0;0;0;0;1;0;0;0;1;1;0;2018-06-03 20:00:00;971;0;67;50;67;0;1;1;4;1;5;3;5;8;1;3;2;1;4;3;1;0;0;0;0;0.92;1.39;2.3;0;1;0;1;0;0;1;1;0;0;3;0;0;0;-1;-1;-1;-1;-1;-1;-1;-1;-1;17;67;67;67;84;50;84;67;67;5.33;3.33;4.33;3;Breidablik;Stjarnan;2.09;2.09;2.33;1;1.83;1.17;84;34;34;34;17;50;50;50;1.45;1.46;2.91;1113;22;Y;N;N;N;N;N;N
327161;3808;3809;2018;complete;2338;7;-1;;19,54;0;2;2;7;3;10;3;1;1;4;0;0;5;5;6;4;11;9;10;14;58;42;1;4;4.29;4;1.79;1.01;1.17;1.59;2.45;0;0;0;0;0;0;1.53;2.5;0;0;0;0;0;0;0;0;0;0;0;0;0;0;0;0;0;0;0;0;0;0;0;0;0;0;0;0;0;0;0;0;0;0;0;0;0;0;0;0;0;0;0;0;0;0;0;0;0;0;0;0;0;2;0;1;0;1;1;1;2018-06-04 19:15:00;3809;0;75;42;17;0;1;1;4;2;3;1;6;4;0;1;1;3;1;4;1;0;0;0;0;1.3;1.14;2.44;0;0;0;0;0;0;1;1;0;0;1;0;0;0;-1;-1;-1;-1;-1;-1;-1;-1;-1;17;34;59;75;75;42;75;59;17;11;1.17;6;2.59;Fjölnir;Valur;0.73;1.55;0.67;0.5;1.5;1.5;84;67;42;25;25;84;67;67;1.98;1.46;3.44;1113;22;Y;Y;N;N;N;N;N
327162;54;3815;2018;complete;2338;7;-1;40,67;16,44;2;2;4;12;4;16;2;2;3;2;0;0;9;5;3;2;12;7;12;15;63;37;3;2;1.36;5.31;9.01;1.02;1.21;1.69;2.75;0;0;0;0;0;0;2.05;1.8;0;0;0;0;0;0;0;0;0;0;0;0;0;0;0;0;0;0;0;0;0;0;0;0;0;0;0;0;0;0;0;0;0;0;0;0;0;0;0;0;0;0;0;0;0;0;0;0;0;0;0;0;0;4;1;2;1;0;1;3;2018-06-04 19:15:00;-1;0;67;0;50;0;1;1;7;4;5;0;11;5;2;0;1;2;2;3;1;0;0;0;0;1.81;0.98;2.79;0;0;0;0;0;0;1;1;0;0;2;2;0;0;-1;-1;-1;-1;-1;-1;-1;-1;-1;0;50;50;67;84;0;50;67;50;11.33;6;3.67;2.5;FH;Keflavík;1.82;0.36;1.33;0.67;1.83;0.33;100;50;50;34;17;67;67;67;2.02;0.95;2.97;1113;22;Y;Y;Y;Y;N;N;Y
327163;3806;3812;2018;complete;2338;7;-1;62,88;5;2;1;3;10;3;13;-1;-1;0;1;0;0;12;9;9;7;21;16;-1;-1;48;52;0;1;2.18;3.65;3.24;1.02;1.2;1.67;2.7;0;0;0;0;0;0;1.62;2.25;0;0;0;0;0;0;0;0;0;0;0;0;0;0;0;0;0;0;0;0;0;0;0;0;0;0;0;0;0;0;0;0;0;0;0;0;0;0;0;0;0;0;0;0;0;0;0;0;0;0;0;0;0;3;0;1;2;0;2;1;2018-06-04 19:15:00;3806;0;59;34;13;0;1;1;0;1;9;2;1;11;0;0;0;1;0;1;1;0;0;0;0;3;2.09;5.09;1;0;1;0;0;0;1;1;0;1;0;0;0;0;-1;-1;-1;-1;-1;-1;-1;-1;-1;0;13;42;71;100;46;100;54;13;12.5;2.25;5.67;2.25;Grindavík;Fylkir;1.27;0.82;1.33;0.5;1.83;1.33;100;88;59;29;0;100;88;75;0.95;1.69;2.64;1113;22;Y;Y;Y;N;N;N;Y
327164;3812;3815;2018;complete;2338;8;-1;19,82;;2;0;2;15;5;20;1;2;1;2;0;0;9;3;24;1;33;4;10;12;54;46;1;2;1.92;3.82;4.01;1.01;1.19;1.65;2.6;0;0;0;0;0;0;1.65;2.25;0;0;0;0;0;0;0;0;0;0;0;0;0;0;0;0;0;0;0;0;0;0;0;0;0;0;0;0;0;0;0;0;0;0;0;0;0;0;0;0;0;0;0;0;0;0;0;0;0;0;0;0;0;2;1;0;1;0;1;1;2018-06-08 19:15:00;3812;0;75;13;38;0;1;1;3;2;12;3;5;15;0;0;1;2;0;3;1;0;0;0;0;3.41;0.89;4.3;0;0;0;0;0;0;1;1;0;0;1;1;0;0;-1;-1;-1;-1;-1;-1;-1;-1;-1;0;25;75;75;88;38;75;75;38;9;5.5;3;2.63;Fylkir;Keflavík;1.55;0.36;3;0.75;1.14;0.43;100;75;25;25;13;75;75;50;1.65;0.96;2.61;1113;22;Y;Y;N;N;N;N;N
327165;3810;3805;2018;complete;2338;8;-1;23,54;50;2;1;3;6;1;7;3;1;2;2;0;0;8;6;11;5;19;11;6;11;52;48;2;2;2.27;3.59;3.19;1.02;1.24;1.8;3;0;0;0;0;0;0;1.74;2.1;0;0;0;0;0;0;0;0;0;0;0;0;0;0;0;0;0;0;0;0;0;0;0;0;0;0;0;0;0;0;0;0;0;0;0;0;0;0;0;0;0;0;0;0;0;0;0;0;0;0;0;0;0;3;1;0;1;1;2;1;2018-06-09 14:00:00;3810;0;50;0;38;0;1;1;4;1;2;0;5;2;1;0;1;2;1;3;1;0;0;0;0;2.05;1.4;3.44;0;0;0;0;0;0;1;1;0;0;2;0;0;0;-1;-1;-1;-1;-1;-1;-1;-1;-1;13;25;50;63;88;13;88;63;38;12.5;3.5;4;2.38;Víkingur Reykjavík;ÍBV;1.09;0.91;1;0.75;0.86;1.14;88;75;50;38;13;100;100;75;1.45;1.18;2.63;1113;22;Y;Y;Y;N;N;N;Y
327166;3806;3803;2018;complete;2338;8;-1;;63,70;0;2;2;2;7;9;-1;-1;2;2;0;1;2;5;0;5;2;10;-1;-1;53;47;2;3;3.27;3.61;2.22;1.02;1.23;1.74;2.9;0;0;0;0;0;0;1.69;2.2;0;0;0;0;0;0;0;0;0;0;0;0;0;0;0;0;0;0;0;0;0;0;0;0;0;0;0;0;0;0;0;0;0;0;0;0;0;0;0;0;0;0;0;0;0;0;0;0;0;0;0;0;0;2;0;0;0;2;2;0;2018-06-09 16:00:00;3803;0;88;25;34;0;1;1;1;4;1;3;5;4;1;2;1;1;3;2;1;0;0;0;0;0.37;1.15;1.52;0;0;0;0;0;0;1;1;0;0;0;0;0;0;-1;-1;-1;-1;-1;-1;-1;-1;-1;0;17;59;88;100;25;84;75;63;13;0.75;4.42;2.63;Grindavík;Breidablik;1.27;1.91;1.75;1.33;2;1.57;100;84;42;13;0;100;100;100;1.46;1.86;3.32;1113;22;Y;Y;N;N;N;N;N
327167;3809;3811;2018;complete;2338;8;-1;4,45,90;35;3;1;4;4;6;10;-1;-1;4;4;0;0;4;2;0;0;4;2;-1;-1;50;50;4;4;1.61;4.3;5.57;1.02;1.2;1.67;2.7;0;0;0;0;0;0;1.74;2.1;0;0;0;0;0;0;0;0;0;0;0;0;0;0;0;0;0;0;0;0;0;0;0;0;0;0;0;0;0;0;0;0;0;0;0;0;0;0;0;0;0;0;0;0;0;0;0;0;0;0;0;0;0;4;2;1;1;0;1;3;2018-06-09 17:00:00;3809;0;88;25;50;0;1;1;2;3;2;3;5;5;2;0;2;4;2;6;-1;0;0;0;0;0;0;0;0;0;0;0;0;0;1;1;1;0;0;1;0;0;-1;-1;-1;-1;-1;-1;-1;-1;-1;0;50;88;100;100;38;75;88;63;12;4.25;3.25;3.38;Valur;KA;2.64;0.82;2;0.25;1.71;1.14;100;50;13;0;0;75;63;63;1.64;1.69;3.33;1113;22;Y;Y;Y;Y;N;N;Y
327168;971;3808;2018;complete;2338;8;-1;27,47,52,57,59,61;41;6;1;7;3;10;13;0;1;1;3;0;0;11;11;5;4;16;15;11;13;48;52;1;3;1.76;4.09;4.54;1.01;1.13;1.47;2.2;0;0;0;0;0;0;1.54;2.45;0;0;0;0;0;0;0;0;0;0;0;0;0;0;0;0;0;0;0;0;0;0;0;0;0;0;0;0;0;0;0;0;0;0;0;0;0;0;0;0;0;0;0;0;0;0;0;0;0;0;0;0;0;7;1;1;5;0;5;2;2018-06-10 17:00:00;971;0;90;20;64;0;1;1;2;8;1;2;10;3;0;2;1;1;2;2;1;0;0;0;0;2.04;1.91;3.95;1;0;1;0;0;0;1;1;0;0;1;1;0;0;-1;-1;-1;-1;-1;-1;-1;-1;-1;20;30;74;100;100;47;74;100;64;10.73;3;2.6;3.34;Stjarnan;Fjölnir;1.55;1;1.2;2.33;1.43;1.29;80;70;27;0;0;80;54;44;2.63;1.83;4.46;1113;22;Y;Y;Y;Y;Y;Y;Y
327169;973;54;2018;complete;2338;8;-1;7,90;56,90;2;2;4;5;8;13;3;0;0;3;0;0;5;8;4;11;9;19;18;13;41;59;0;3;2.53;3.43;2.89;1.04;1.31;2;3.5;0;0;0;0;0;0;1.87;1.95;0;0;0;0;0;0;0;0;0;0;0;0;0;0;0;0;0;0;0;0;0;0;0;0;0;0;0;0;0;0;0;0;0;0;0;0;0;0;0;0;0;0;0;0;0;0;0;0;0;0;0;0;0;4;1;0;1;2;3;1;2018-06-10 19:15:00;-1;0;42;0;42;0;1;1;4;3;1;5;7;6;0;2;0;1;2;1;1;0;0;0;0;1.4;2.4;3.81;0;0;0;0;0;0;1;1;1;0;1;0;0;0;-1;-1;-1;-1;-1;-1;-1;-1;-1;17;17;17;67;84;0;59;67;42;13;2.33;5.33;2;KR;FH;1.82;1.55;2;2.33;1.29;1.71;84;84;84;34;17;84;84;84;2.24;1.36;3.6;1113;22;Y;Y;Y;Y;N;N;Y
327170;3805;3809;2018;complete;2338;9;-1;;51;0;1;1;4;4;8;3;2;3;1;0;0;4;5;5;10;9;15;20;12;42;58;3;1;4.2;3.95;1.83;1.02;1.2;1.67;2.7;0;0;0;0;0;0;1.74;2.1;0;0;0;0;0;0;0;0;0;0;0;0;0;0;0;0;0;0;0;0;0;0;0;0;0;0;0;0;0;0;0;0;0;0;0;0;0;0;0;0;0;0;0;0;0;0;0;0;0;0;0;0;0;1;0;0;0;1;1;0;2018-06-13 18:00:00;3809;0;33;17;17;0;1;1;2;2;2;2;4;4;1;0;2;1;1;3;1;0;0;0;0;1.29;1.85;3.15;0;0;0;0;0;0;1;1;0;0;0;1;0;0;-1;-1;-1;-1;-1;-1;-1;-1;-1;0;0;17;67;67;33;50;50;17;11.33;4;5;1.5;ÍBV;Valur;1.73;1.55;1.67;1.33;1;1.88;100;100;84;33;33;100;100;84;1.48;1.35;2.83;1113;22;Y;N;N;N;N;N;N
327171;3803;3812;2018;complete;2338;9;-1;65,81;;2;0;2;9;16;25;3;7;1;1;0;0;8;5;11;6;19;11;10;11;55;45;1;1;1.85;3.95;4.06;1.01;1.19;1.62;2.6;0;0;0;0;0;0;1.67;2.2;0;0;0;0;0;0;0;0;0;0;0;0;0;0;0;0;0;0;0;0;0;0;0;0;0;0;0;0;0;0;0;0;0;0;0;0;0;0;0;0;0;0;0;0;0;0;0;0;0;0;0;0;0;2;0;0;2;0;2;0;2018-06-13 19:15:00;3803;0;43;0;23;0;1;1;4;11;5;5;15;10;0;0;1;1;0;2;1;0;0;0;0;2;1.31;3.31;0;0;0;0;0;0;1;1;0;0;1;1;0;0;-1;-1;-1;-1;-1;-1;-1;-1;-1;13;23;43;53;88;10;75;65;33;12.05;2.85;4.3;2.18;Breidablik;Fylkir;2.09;0.82;1.75;0.4;1.75;1.38;88;78;58;48;13;100;90;80;1.32;1.77;3.09;1113;22;Y;Y;N;N;N;N;N
327172;3811;971;2018;complete;2338;9;-1;65;59,76;1;2;3;7;4;11;-1;-1;4;1;0;0;6;5;8;7;14;12;-1;-1;47;53;4;1;3.51;3.78;2.07;1.01;1.19;1.65;2.6;0;0;0;0;0;0;1.62;2.3;0;0;0;0;0;0;0;0;0;0;0;0;0;0;0;0;0;0;0;0;0;0;0;0;0;0;0;0;0;0;0;0;0;0;0;0;0;0;0;0;0;0;0;0;0;0;0;0;0;0;0;0;0;3;0;0;1;2;3;0;2018-06-14 18:00:00;971;0;42;25;42;0;1;1;3;2;4;2;5;6;1;1;3;0;2;3;1;0;0;0;0;1.81;1.62;3.42;0;1;0;1;0;0;1;1;0;0;0;0;1;0;-1;-1;-1;-1;-1;-1;-1;-1;-1;17;42;42;59;84;42;59;84;42;7.67;2;4.67;2.42;KA;Stjarnan;1.73;2.09;2.33;2;1;1.63;84;59;59;42;17;59;59;59;1.37;1.42;2.79;1113;22;Y;Y;Y;N;N;N;Y
327173;3808;3806;2018;complete;2338;9;-1;;84;0;1;1;4;9;13;1;2;2;4;0;0;4;6;7;8;11;14;9;9;46;54;2;4;2.44;3.61;2.89;1.01;1.18;1.61;2.55;0;0;0;0;0;0;1.62;2.3;0;0;0;0;0;0;0;0;0;0;0;0;0;0;0;0;0;0;0;0;0;0;0;0;0;0;0;0;0;0;0;0;0;0;0;0;0;0;0;0;0;0;0;0;0;0;0;0;0;0;0;0;0;1;0;0;0;1;1;0;2018-06-14 19:15:00;3806;0;54;13;13;0;1;1;0;3;4;6;3;10;1;1;1;3;2;4;1;0;0;0;0;1.29;1.7;3;0;0;0;0;0;0;1;1;0;0;0;1;0;0;-1;-1;-1;-1;-1;-1;-1;-1;-1;13;25;25;84;100;13;84;71;29;10.83;2.25;4.08;2.46;Fjölnir;Grindavík;0.73;1;0.5;2.33;1.13;1.75;88;75;75;17;0;71;59;29;1.81;1.33;3.14;1113;22;Y;N;N;N;N;N;N
327174;3815;973;2018;complete;2338;9;-1;;2,5,36,73;0;4;4;4;5;9;-1;-1;0;1;0;0;0;10;5;8;5;18;-1;-1;53;47;0;1;5.28;4.15;1.66;1.02;1.24;1.77;2.95;0;0;0;0;0;0;1.87;1.95;0;0;0;0;0;0;0;0;0;0;0;0;0;0;0;0;0;0;0;0;0;0;0;0;0;0;0;0;0;0;0;0;0;0;0;0;0;0;0;0;0;0;0;0;0;0;0;0;0;0;0;0;0;4;0;3;0;1;1;3;2018-06-14 19:15:00;973;0;74;20;54;0;1;1;2;3;2;2;5;4;0;0;0;1;0;1;1;0;0;0;0;0.75;2.42;3.17;0;0;0;0;0;0;1;1;0;2;0;0;0;0;-1;-1;-1;-1;-1;-1;-1;-1;-1;10;27;54;100;100;30;74;80;70;10.2;0.8;3.4;2.9;Keflavík;KR;0;1.55;0;1;0.38;1.25;90;74;47;0;0;74;37;37;1.17;1.51;2.68;1113;22;Y;Y;Y;Y;N;N;N
327175;54;3810;2018;complete;2338;9;-1;15,23,70;;3;0;3;5;6;11;2;4;2;2;0;0;12;4;4;5;16;9;9;9;48;52;2;2;1.71;4.15;4.83;1.02;1.24;1.77;2.95;0;0;0;0;0;0;1.83;1.95;0;0;0;0;0;0;0;0;0;0;0;0;0;0;0;0;0;0;0;0;0;0;0;0;0;0;0;0;0;0;0;0;0;0;0;0;0;0;0;0;0;0;0;0;0;0;0;0;0;0;0;0;0;3;2;0;1;0;1;2;2018-06-14 19:15:00;54;0;84;29;59;0;1;1;4;5;1;1;9;2;1;1;1;1;2;2;1;0;0;0;0;2.08;1.1;3.19;1;0;1;0;0;0;1;1;0;0;0;0;1;0;-1;-1;-1;-1;-1;-1;-1;-1;-1;34;71;71;84;84;46;71;84;59;12.83;6.17;5.67;3.59;FH;Víkingur Reykjavík;1.82;1.18;1.25;0.67;1.63;1.13;67;29;29;17;17;84;84;84;1.97;1.39;3.36;1113;22;Y;Y;Y;N;N;N;N
327176;971;3805;2018;complete;2338;10;-1;24,84;17;2;1;3;13;4;17;3;2;1;2;0;0;6;6;20;4;26;10;5;13;60;40;1;2;1.53;4.65;6.09;1;1.12;1.43;2.1;0;0;0;0;0;0;1.69;2.2;0;0;0;0;0;0;0;0;0;0;0;0;0;0;0;0;0;0;0;0;0;0;0;0;0;0;0;0;0;0;0;0;0;0;0;0;0;0;0;0;0;0;0;0;0;0;0;0;0;0;0;0;0;3;1;1;1;0;1;2;2018-06-19 18:00:00;971;0;82;25;65;0;1;1;6;3;7;1;9;8;0;0;1;2;0;3;1;0;0;0;0;2.42;1.23;3.65;0;0;0;0;0;0;1;1;0;0;1;0;0;0;-1;-1;-1;-1;-1;-1;-1;-1;-1;35;54;82;100;100;34;92;100;74;10;1.83;3.3;3.95;Stjarnan;ÍBV;1.55;0.91;1.5;0.6;1.78;0.89;65;47;19;0;0;74;65;47;2.51;1.22;3.73;1113;22;Y;Y;Y;N;N;N;Y
327177;3809;54;2018;complete;2338;10;-1;18,39;32;2;1;3;5;5;10;-1;-1;2;2;0;0;3;2;0;0;3;2;-1;-1;48;52;2;2;2.17;3.6;3.3;1.03;1.25;1.8;3.05;0;0;0;0;0;0;1.77;2.05;0;0;0;0;0;0;0;0;0;0;0;0;0;0;0;0;0;0;0;0;0;0;0;0;0;0;0;0;0;0;0;0;0;0;0;0;0;0;0;0;0;0;0;0;0;0;0;0;0;0;0;0;0;3;2;1;0;0;0;3;2018-06-20 20:00:00;3809;0;75;20;55;0;1;1;2;1;3;4;3;7;1;0;1;2;1;3;-1;0;0;0;0;0;0;0;0;0;0;0;0;0;1;1;0;0;0;0;0;0;-1;-1;-1;-1;-1;-1;-1;-1;-1;13;55;75;75;88;20;78;75;65;11.1;4.7;5.05;3.05;Valur;FH;2.64;1.55;2.2;2;2;1.78;88;45;25;25;13;68;58;48;1.64;1.62;3.26;1113;22;Y;Y;Y;N;N;N;Y
327178;3805;3806;2018;complete;2338;10;-1;34,47,67;;3;0;3;5;5;10;2;2;0;1;0;0;7;4;12;3;19;7;18;14;54;46;0;1;2.61;3.54;2.72;1.02;1.23;1.74;2.9;0;0;0;0;0;0;1.69;2.2;0;0;0;0;0;0;0;0;0;0;0;0;0;0;0;0;0;0;0;0;0;0;0;0;0;0;0;0;0;0;0;0;0;0;0;0;0;0;0;0;0;0;0;0;0;0;0;0;0;0;0;0;0;3;1;0;2;0;2;1;2018-07-01 16:00:00;3805;0;25;0;13;0;1;1;3;0;2;5;3;7;0;0;0;1;0;1;1;0;0;0;0;2.26;1.18;3.44;0;0;0;0;0;0;1;1;0;0;0;0;0;0;-1;-1;-1;-1;-1;-1;-1;-1;-1;0;0;0;50;88;13;38;63;25;12;4.5;4.25;1.38;ÍBV;Grindavík;1.73;1;1.25;2.5;0.8;1.89;100;100;100;50;13;75;75;63;1.44;1.42;2.86;1113;22;Y;Y;Y;N;N;N;N
327179;3811;3803;2018;complete;2338;10;-1;;;0;0;0;3;10;13;-1;-1;5;3;1;0;6;9;3;13;9;22;-1;-1;51;49;6;3;3.28;3.75;2.17;1.02;1.23;1.74;2.9;0;0;0;0;0;0;1.69;2.2;0;0;0;0;0;0;0;0;0;0;0;0;0;0;0;0;0;0;0;0;0;0;0;0;0;0;0;0;0;0;0;0;0;0;0;0;0;0;0;0;0;0;0;0;0;0;0;0;0;0;0;0;0;0;0;0;0;0;0;0;2018-07-01 16:00:00;-1;0;63;0;50;0;1;1;0;1;3;9;1;12;2;1;4;2;3;6;1;0;0;0;0;1.36;2.6;3.96;0;0;0;0;0;0;1;1;0;0;0;0;0;0;-1;-1;-1;-1;-1;-1;-1;-1;-1;13;25;50;88;88;13;50;88;75;12.33;0.25;4.25;2.63;KA;Breidablik;1.73;1.91;1.75;1.75;0.89;1.89;88;75;50;13;13;88;71;71;1.48;1.62;3.1;1113;22;N;N;N;N;N;N;N
327180;3815;3809;2018;complete;2338;10;-1;;28,33;0;2;2;1;9;10;-1;-1;1;1;0;0;3;7;2;8;5;15;-1;-1;48;52;1;1;1.64;4.24;5.36;1.01;1.18;1.59;2.5;0;0;0;0;0;0;1.83;2;0;0;0;0;0;0;0;0;0;0;0;0;0;0;0;0;0;0;0;0;0;0;0;0;0;0;0;0;0;0;0;0;0;0;0;0;0;0;0;0;0;0;0;0;0;0;0;0;0;0;0;0;0;2;0;2;0;0;0;2;2018-07-01 17:00:00;3809;0;38;13;25;0;1;1;0;4;1;5;4;6;0;0;1;1;0;2;1;0;0;0;0;0.75;2.24;2.99;0;0;0;0;0;0;1;1;0;0;0;3;0;0;-1;-1;-1;-1;-1;-1;-1;-1;-1;0;25;50;75;88;25;63;88;38;9.5;0;4.75;2.38;Keflavík;Valur;0;1.55;0;1.75;0.33;2.1;100;75;50;25;13;75;50;38;1.07;1.48;2.55;1113;22;Y;Y;N;N;N;N;N
327181;3808;3812;2018;complete;2338;10;-1;87,90;85;2;1;3;5;4;9;2;1;2;1;0;0;5;6;7;3;12;9;6;10;50;50;2;1;2.2;3.72;3.22;1.01;1.16;1.56;2.4;0;0;0;0;0;0;1.54;2.45;0;0;0;0;0;0;0;0;0;0;0;0;0;0;0;0;0;0;0;0;0;0;0;0;0;0;0;0;0;0;0;0;0;0;0;0;0;0;0;0;0;0;0;0;0;0;0;0;0;0;0;0;0;3;0;0;2;1;3;0;2018-07-01 19:15:00;3808;0;55;10;19;0;1;1;2;3;3;1;5;4;1;0;1;1;1;2;1;0;0;0;0;1.37;1.29;2.66;0;0;0;0;0;0;1;1;0;0;0;1;0;0;-1;-1;-1;-1;-1;-1;-1;-1;-1;10;29;45;82;100;19;82;82;35;12.7;3.7;3.47;2.65;Fjölnir;Fylkir;0.73;0.82;0.4;0.33;1;1.22;90;72;55;19;0;90;72;54;1.71;1.7;3.41;1113;22;Y;Y;Y;N;N;N;Y
327182;973;3810;2018;complete;2338;11;-1;;46;0;1;1;10;4;14;-1;-1;2;3;0;0;6;4;11;4;17;8;-1;-1;51;49;2;3;1.64;4.24;5.36;1.02;1.21;1.71;2.75;0;0;0;0;0;0;1.77;2.05;0;0;0;0;0;0;0;0;0;0;0;0;0;0;0;0;0;0;0;0;0;0;0;0;0;0;0;0;0;0;0;0;0;0;0;0;0;0;0;0;0;0;0;0;0;0;0;0;0;0;0;0;0;1;0;0;0;1;1;0;2018-07-01 19:15:00;3810;0;59;13;59;0;1;1;7;2;3;2;9;5;0;1;2;2;1;4;1;0;0;0;0;2.29;1.15;3.44;0;0;0;0;0;0;1;1;0;0;0;0;0;0;-1;-1;-1;-1;-1;-1;-1;-1;-1;25;42;54;88;88;38;71;88;59;10.75;3.33;4.58;3.09;KR;Víkingur Reykjavík;1.82;1.18;1.67;0.5;1.44;1;75;59;46;13;13;88;88;88;1.82;1.32;3.14;1113;22;Y;N;N;N;N;N;N
327183;54;971;2018;complete;2338;11;-1;8,49;37,65,88;2;3;5;8;7;15;-1;-1;1;1;0;0;5;9;5;10;10;19;-1;-1;49;51;1;1;2.42;3.7;2.85;1.01;1.18;1.61;2.55;0;0;0;0;0;0;1.59;2.4;0;0;0;0;0;0;0;0;0;0;0;0;0;0;0;0;0;0;0;0;0;0;0;0;0;0;0;0;0;0;0;0;0;0;0;0;0;0;0;0;0;0;0;0;0;0;0;0;0;0;0;0;0;5;1;1;1;2;3;2;2018-07-02 20:00:00;971;0;74;27;54;0;1;1;3;4;5;3;7;8;0;0;1;1;0;2;1;0;0;0;0;1.46;2.31;3.77;0;0;0;0;0;0;1;1;1;0;0;0;0;0;-1;-1;-1;-1;-1;-1;-1;-1;-1;0;47;74;84;100;37;57;100;54;10.47;4.2;4.33;3.04;FH;Stjarnan;1.82;2.09;1.6;2.33;1.6;1.9;100;54;27;17;0;84;84;84;1.99;1.49;3.48;1113;22;Y;Y;Y;Y;Y;N;Y
327184;3811;3808;2018;complete;2338;11;-1;14,26;;2;0;2;4;9;13;1;0;2;4;0;0;4;4;9;11;13;15;15;18;53;47;2;4;2.25;3.8;3.07;1.01;1.18;1.61;2.55;0;0;0;0;0;0;1.59;2.35;0;0;0;0;0;0;0;0;0;0;0;0;0;0;0;0;0;0;0;0;0;0;0;0;0;0;0;0;0;0;0;0;0;0;0;0;0;0;0;0;0;0;0;0;0;0;0;0;0;0;0;0;0;2;2;0;0;0;0;2;2018-07-05 18:30:00;3811;0;70;13;45;0;1;1;2;4;2;5;6;7;1;1;1;3;2;4;1;0;0;0;0;1.49;1.75;3.24;0;0;0;0;0;0;1;1;0;0;0;0;0;0;-1;-1;-1;-1;-1;-1;-1;-1;-1;23;23;58;80;80;35;58;80;58;11.9;1.35;4.5;2.88;KA;Fjölnir;1.73;1;1.6;1.75;0.9;1.2;78;78;43;20;20;90;78;78;1.45;1.85;3.3;1113;22;Y;Y;N;N;N;N;N
327185;973;3809;2018;complete;2338;11;-1;6;45;1;1;2;6;2;8;-1;-1;2;1;0;1;6;4;13;7;19;11;-1;-1;51;49;2;2;3;3.51;2.41;1.04;1.3;1.95;3.4;0;0;0;0;0;0;1.87;1.95;0;0;0;0;0;0;0;0;0;0;0;0;0;0;0;0;0;0;0;0;0;0;0;0;0;0;0;0;0;0;0;0;0;0;0;0;0;0;0;0;0;0;0;0;0;0;0;0;0;0;0;0;0;2;1;1;0;0;0;2;2018-07-05 19:15:00;-1;0;35;10;25;0;1;1;1;2;5;0;3;5;2;1;0;1;3;1;1;0;0;0;0;2.23;1.38;3.62;0;0;0;0;0;0;1;1;1;0;0;1;0;0;-1;-1;-1;-1;-1;-1;-1;-1;-1;0;13;23;68;90;20;55;80;25;12.93;0.6;4.3;1.93;KR;Valur;1.82;1.55;1.25;2;1.3;2.18;100;88;78;33;10;90;90;70;1.98;1.63;3.61;1113;22;Y;Y;N;N;N;N;Y
327186;3815;971;2018;complete;2338;11;-1;;15,26;0;2;2;2;9;11;-1;-1;1;1;0;0;0;7;12;12;12;19;-1;-1;53;47;1;1;6.59;4.96;1.47;1.01;1.13;1.47;2.2;0;0;0;0;0;0;1.77;2.05;0;0;0;0;0;0;0;0;0;0;0;0;0;0;0;0;0;0;0;0;0;0;0;0;0;0;0;0;0;0;0;0;0;0;0;0;0;0;0;0;0;0;0;0;0;0;0;0;0;0;0;0;0;2;0;2;0;0;0;2;2018-07-07 16:00:00;971;0;58;25;58;0;1;1;0;5;2;4;5;6;1;0;0;1;1;1;1;0;0;0;0;1.12;2.23;3.35;0;0;0;0;0;0;1;1;0;0;0;0;0;0;-1;-1;-1;-1;-1;-1;-1;-1;-1;13;45;68;88;100;45;65;90;68;7.75;0;3.4;3.13;Keflavík;Stjarnan;0;2.09;0;2.5;0.3;2;88;55;33;13;0;78;58;48;1;1.69;2.69;1113;22;Y;Y;N;N;N;N;N
327187;54;3806;2018;complete;2338;11;-1;32,58;76;2;1;3;6;1;7;-1;-1;3;3;1;1;4;2;2;5;6;7;-1;-1;49;51;5;5;1.82;3.71;4.52;1.01;1.18;1.61;2.5;0;0;0;0;0;0;1.77;2.05;0;0;0;0;0;0;0;0;0;0;0;0;0;0;0;0;0;0;0;0;0;0;0;0;0;0;0;0;0;0;0;0;0;0;0;0;0;0;0;0;0;0;0;0;0;0;0;0;0;0;0;0;0;3;1;0;1;1;2;1;2018-07-07 12:15:00;54;0;52;17;25;0;1;1;4;1;2;0;5;2;0;2;4;2;2;6;1;0;0;0;0;1.11;0.98;2.09;1;0;1;0;0;0;1;1;0;0;1;0;0;0;-1;-1;-1;-1;-1;-1;-1;-1;-1;9;34;52;80;100;25;72;90;45;13.83;3.9;4.23;2.74;FH;Grindavík;1.82;1;1.33;2;1.45;1.7;92;67;49;20;0;90;90;70;1.9;1.38;3.28;1113;22;Y;Y;Y;N;N;N;Y
327188;3805;3803;2018;complete;2338;12;-1;;;0;0;0;7;6;13;6;3;2;2;0;0;9;5;10;16;19;21;10;7;48;52;2;2;3.28;3.49;2.27;1.02;1.24;1.77;2.95;0;0;0;0;0;0;1.74;2.1;0;0;0;0;0;0;0;0;0;0;0;0;0;0;0;0;0;0;0;0;0;0;0;0;0;0;0;0;0;0;0;0;0;0;0;0;0;0;0;0;0;0;0;0;0;0;0;0;0;0;0;0;0;0;0;0;0;0;0;0;2018-07-07 16:00:00;-1;0;40;0;30;0;1;1;3;4;4;2;7;6;1;0;1;2;1;3;1;0;0;0;0;2.32;2.09;4.41;0;0;0;0;0;0;1;1;0;0;1;0;0;0;-1;-1;-1;-1;-1;-1;-1;-1;-1;0;10;30;70;80;10;40;70;60;12.85;3.2;3.4;1.9;ÍBV;Breidablik;1.73;1.91;1.6;1.6;1;1.8;100;90;70;30;20;90;78;68;1.6;1.87;3.47;1113;22;N;N;N;N;N;N;N
327189;3812;3810;2018;complete;2338;12;-1;55,81;4,7,41;2;3;5;2;4;6;-1;-1;2;1;1;0;3;4;0;0;3;4;-1;-1;47;53;3;1;2.31;3.65;3.08;1.02;1.24;1.77;2.95;0;0;0;0;0;0;1.71;2.15;0;0;0;0;0;0;0;0;0;0;0;0;0;0;0;0;0;0;0;0;0;0;0;0;0;0;0;0;0;0;0;0;0;0;0;0;0;0;0;0;0;0;0;0;0;0;0;0;0;0;0;0;0;5;0;3;2;0;2;3;2018-07-09 19:15:00;3810;0;54;10;37;0;1;1;2;1;0;3;3;3;1;0;2;1;1;3;-1;0;0;0;0;0;0;0;0;1;0;1;0;0;1;1;0;2;0;1;0;0;-1;-1;-1;-1;-1;-1;-1;-1;-1;20;20;64;80;90;47;80;90;37;12.93;4.87;4.2;2.84;Fylkir;Víkingur Reykjavík;1.55;1.18;3;1;1.1;1.2;80;80;37;20;10;90;90;74;2.24;1.29;3.53;1113;22;Y;Y;Y;Y;Y;N;Y
327190;3806;3811;2018;complete;2338;12;-1;8;31,90;1;2;3;4;9;13;-1;-1;3;3;1;0;5;7;9;11;14;18;-1;-1;48;52;4;3;2.16;3.52;3.42;1.03;1.27;1.87;3.2;0;0;0;0;0;0;1.77;2.05;0;0;0;0;0;0;0;0;0;0;0;0;0;0;0;0;0;0;0;0;0;0;0;0;0;0;0;0;0;0;0;0;0;0;0;0;0;0;0;0;0;0;0;0;0;0;0;0;0;0;0;0;0;3;1;1;0;1;1;2;2018-07-12 18:00:00;3811;0;70;40;10;0;1;1;2;3;2;6;5;8;2;2;2;1;4;3;1;0;0;0;0;1.7;2.24;3.94;0;0;0;0;0;0;1;1;1;0;0;1;0;0;-1;-1;-1;-1;-1;-1;-1;-1;-1;0;30;60;90;100;50;80;70;30;13;0.4;5;2.8;Grindavík;KA;1.27;0.82;1.4;0.2;1.55;1.09;100;70;40;10;0;100;90;80;1.24;1.69;2.93;1113;22;Y;Y;Y;N;N;N;Y
327191;3803;3808;2018;complete;2338;12;-1;14,90;82;2;1;3;3;7;10;-1;-1;0;1;0;0;6;3;5;8;11;11;-1;-1;48;52;0;1;1.8;3.87;4.42;1.01;1.18;1.59;2.5;0;0;0;0;0;0;1.69;2.15;0;0;0;0;0;0;0;0;0;0;0;0;0;0;0;0;0;0;0;0;0;0;0;0;0;0;0;0;0;0;0;0;0;0;0;0;0;0;0;0;0;0;0;0;0;0;0;0;0;0;0;0;0;3;1;0;1;1;2;1;2018-07-16 19:15:00;3803;0;50;10;30;0;1;1;2;2;1;5;4;6;0;0;0;1;0;1;1;0;0;0;0;1.45;1.26;2.71;0;0;0;0;0;0;1;1;0;0;0;1;0;0;-1;-1;-1;-1;-1;-1;-1;-1;-1;20;20;40;70;90;30;60;70;50;13.8;3;4.2;2.6;Breidablik;Fjölnir;2.09;1;2;1.4;1.73;1.09;80;80;60;30;10;100;90;90;1.45;1.83;3.28;1113;22;Y;Y;Y;N;N;N;Y
327192;3812;973;2018;complete;2338;12;-1;15,87;6,8,24,30,90;2;5;7;7;1;8;-1;-1;2;1;0;0;6;9;7;3;13;12;-1;-1;52;48;2;1;2.56;3.63;2.67;1.01;1.18;1.61;2.5;0;0;0;0;0;0;1.59;2.35;0;0;0;0;0;0;0;0;0;0;0;0;0;0;0;0;0;0;0;0;0;0;0;0;0;0;0;0;0;0;0;0;0;0;0;0;0;0;0;0;0;0;0;0;0;0;0;0;0;0;0;0;0;7;1;4;1;1;2;5;2018-07-16 19:15:00;973;0;71;17;29;0;1;1;1;0;6;1;1;7;1;0;1;1;1;2;1;0;0;0;0;1.81;1.8;3.62;0;1;0;1;0;0;1;1;0;2;0;0;0;0;-1;-1;-1;-1;-1;-1;-1;-1;-1;21;29;63;100;100;59;92;84;42;11.92;3.08;2.83;3.13;Fylkir;KR;1.55;1.55;2.25;1.33;1;1.27;79;71;38;0;0;79;54;42;2.24;1.69;3.93;1113;22;Y;Y;Y;Y;Y;Y;Y
327193;3810;3815;2018;complete;2338;12;-1;4;;1;0;1;3;2;5;-1;-1;3;4;1;0;4;2;2;2;6;4;-1;-1;50;50;4;4;1.64;4.23;5.4;1.01;1.17;1.57;2.45;0;0;0;0;0;0;1.74;2.1;0;0;0;0;0;0;0;0;0;0;0;0;0;0;0;0;0;0;0;0;0;0;0;0;0;0;0;0;0;0;0;0;0;0;0;0;0;0;0;0;0;0;0;0;0;0;0;0;0;0;0;0;0;1;1;0;0;0;0;1;2018-07-13 18:30:00;3810;0;40;10;20;0;1;1;0;2;3;0;2;3;3;1;1;3;4;4;1;0;0;0;0;1.09;0.76;1.85;0;0;0;0;0;0;1;1;1;0;0;0;0;0;-1;-1;-1;-1;-1;-1;-1;-1;-1;0;20;40;50;80;20;70;50;20;10.6;4.6;4.2;1.9;Víkingur Reykjavík;Keflavík;1.09;0.36;1.4;0.6;1.36;0.27;100;80;60;50;20;70;70;60;1.57;0.94;2.51;1113;22;Y;N;N;N;N;N;N
327194;3809;3810;2018;complete;2338;13;-1;24,33,64,89;79;4;1;5;3;2;5;-1;-1;-1;-1;-1;-1;7;2;8;7;15;9;-1;-1;47;53;-1;-1;1.58;4.62;5.23;1.01;1.19;1.62;2.6;0;0;0;0;0;0;1.77;2.05;0;0;0;0;0;0;0;0;0;0;0;0;0;0;0;0;0;0;0;0;0;0;0;0;0;0;0;0;0;0;0;0;0;0;0;0;0;0;0;0;0;0;0;0;0;0;0;0;0;0;0;0;0;5;2;0;2;1;3;2;2018-07-22 16:00:00;3809;0;75;34;42;0;1;-1;0;0;3;2;0;5;-1;-1;-1;-1;-1;-1;1;0;0;0;0;1.78;0.94;2.73;-1;-1;-1;-1;-1;-1;-1;1;0;0;0;0;-1;-1;-1;-1;-1;-1;-1;-1;-1;-1;-1;25;50;84;84;92;59;75;83;59;9.17;3.34;4.66;3.42;Valur;Víkingur Reykjavík;2.64;1.18;2.33;1.33;2.08;1.5;75;50;17;17;9;67;59;42;1.64;1.29;2.93;1113;22;Y;Y;Y;Y;Y;N;Y
327195;3808;3805;2018;complete;2338;13;-1;38;71;1;1;2;10;1;11;-1;-1;-1;-1;-1;-1;2;2;0;0;2;2;-1;-1;53;47;-1;-1;2.43;3.62;2.84;1.01;1.18;1.61;2.5;0;0;0;0;0;0;1.61;2.35;0;0;0;0;0;0;0;0;0;0;0;0;0;0;0;0;0;0;0;0;0;0;0;0;0;0;0;0;0;0;0;0;0;0;0;0;0;0;0;0;0;0;0;0;0;0;0;0;0;0;0;0;0;2;1;0;0;1;1;1;2018-07-22 14:00:00;-1;0;75;17;50;0;1;-1;3;1;7;0;4;7;-1;-1;-1;-1;-1;-1;-1;0;0;0;0;0;0;0;-1;-1;-1;-1;-1;-1;-1;1;0;0;0;0;-1;-1;-1;-1;-1;-1;-1;-1;-1;-1;-1;17;33;67;92;100;17;84;92;50;10;2.5;3.66;3.08;Fjölnir;ÍBV;0.73;0.91;0.83;0.5;1;1;83;67;34;9;0;83;67;50;1.65;1.23;2.88;1113;22;Y;Y;N;N;N;N;Y
327196;3811;3812;2018;complete;2338;13;-1;19,44,66,78,83;84;5;1;6;8;6;14;1;3;0;0;0;0;10;4;8;3;18;7;6;16;50;50;0;0;1.92;3.61;4.15;1.01;1.19;1.62;2.6;0;0;0;0;0;0;1.61;2.3;0;0;0;0;0;0;0;0;0;0;0;0;0;0;0;0;0;0;0;0;0;0;0;0;0;0;0;0;0;0;0;0;0;0;0;0;0;0;0;0;0;0;0;0;0;0;0;0;0;0;0;0;0;6;2;0;3;1;4;2;2018-07-22 17:00:00;3811;0;45;0;31;0;1;-1;3;2;5;4;5;9;0;0;0;0;0;0;1;0;0;0;0;2.26;1.15;3.41;-1;-1;-1;-1;-1;-1;-1;1;0;0;1;1;-1;-1;-1;-1;-1;-1;-1;-1;-1;-1;-1;9;16;45;77;84;24;61;68;45;12.17;2.12;4.4;2.29;KA;Fylkir;1.73;0.82;1.83;0.29;1.25;0.92;92;85;55;24;17;92;77;70;1.46;1.64;3.1;1113;22;Y;Y;Y;Y;Y;Y;Y
327197;3803;54;2018;complete;2338;13;-1;32,76,78,86;52;4;1;5;4;9;13;-1;-1;-1;-1;-1;-1;6;3;7;9;13;12;-1;-1;50;50;-1;-1;2.33;3.57;3.02;1.01;1.19;1.65;2.65;0;0;0;0;0;0;1.61;2.3;0;0;0;0;0;0;0;0;0;0;0;0;0;0;0;0;0;0;0;0;0;0;0;0;0;0;0;0;0;0;0;0;0;0;0;0;0;0;0;0;0;0;0;0;0;0;0;0;0;0;0;0;0;5;1;0;3;1;4;1;2018-07-22 19:15:00;3803;0;47;10;37;0;1;-1;0;6;4;3;6;7;-1;-1;-1;-1;-1;-1;1;0;0;0;0;1.6;1.42;3.02;-1;-1;-1;-1;-1;-1;-1;1;0;0;0;1;-1;-1;-1;-1;-1;-1;-1;-1;-1;-1;-1;19;29;47;55;82;10;65;54;45;12.37;2.97;4.83;2.3;Breidablik;FH;2.09;1.55;2.17;1.6;1.83;1.58;82;72;54;45;19;90;90;72;1.45;1.62;3.07;1113;22;Y;Y;Y;Y;Y;N;Y
327198;971;973;2018;complete;2338;13;-1;10,61;34,45,88;2;3;5;3;6;9;2;4;2;1;0;1;3;7;4;6;7;13;13;17;46;54;2;2;2.45;3.68;2.9;1.01;1.18;1.61;2.5;0;0;0;0;0;0;1.57;2.4;0;0;0;0;0;0;0;0;0;0;0;0;0;0;0;0;0;0;0;0;0;0;0;0;0;0;0;0;0;0;0;0;0;0;0;0;0;0;0;0;0;0;0;0;0;0;0;0;0;0;0;0;0;5;1;2;1;1;2;3;2018-05-06 19:15:00;973;0;100;0;100;0;-1;1;-1;-1;-1;-1;-1;-1;0;0;2;2;0;4;-1;0;0;0;0;0;0;0;0;0;0;0;0;0;1;1;1;0;-1;-1;0;0;-1;-1;-1;-1;-1;-1;-1;-1;-1;0;50;100;100;100;0;0;100;100;6;2;0;3.5;Stjarnan;KR;1.55;1.55;1;0;1;0;100;50;0;0;0;0;0;0;2.87;1.01;3.88;1113;22;Y;Y;Y;Y;Y;N;Y
327199;3806;3815;2018;complete;2338;13;-1;19,25,49;;3;0;3;9;6;15;-1;-1;-1;-1;-1;-1;8;2;8;11;16;13;-1;-1;51;49;-1;-1;1.6;3.93;6.21;1.02;1.24;1.77;2.95;0;0;0;0;0;0;1.87;1.95;0;0;0;0;0;0;0;0;0;0;0;0;0;0;0;0;0;0;0;0;0;0;0;0;0;0;0;0;0;0;0;0;0;0;0;0;0;0;0;0;0;0;0;0;0;0;0;0;0;0;0;0;0;3;2;0;1;0;1;2;2018-07-23 19:15:00;3806;0;50;34;9;0;1;-1;4;3;5;3;7;8;-1;-1;-1;-1;-1;-1;1;0;0;0;0;2.11;1.48;3.59;-1;-1;-1;-1;-1;-1;-1;1;0;0;1;1;-1;-1;-1;-1;-1;-1;-1;-1;-1;-1;-1;0;17;42;67;92;34;75;59;25;9.5;1;5.16;2.17;Grindavík;Keflavík;1.27;0.36;1.17;0.5;1.42;0.25;100;84;59;34;9;75;67;67;1.32;0.91;2.23;1113;22;Y;Y;Y;N;N;N;N
327200;3805;3811;2018;complete;2338;14;-1;26,53;22;2;1;3;7;7;14;1;4;0;0;0;0;8;3;9;12;17;15;16;5;51;49;0;0;2.28;3.71;3.01;1.02;1.23;1.74;2.9;0;0;0;0;0;0;1.69;2.15;0;0;0;0;0;0;0;0;0;0;0;0;0;0;0;0;0;0;0;0;0;0;0;0;0;0;0;0;0;0;0;0;0;0;0;0;0;0;0;0;0;0;0;0;0;0;0;0;0;0;0;0;0;3;1;1;1;0;1;2;2018-07-29 16:00:00;3805;0;50;25;17;0;1;-1;0;3;7;4;3;11;0;0;0;0;0;0;1;0;0;0;0;2.26;1.81;4.07;-1;-1;-1;-1;-1;-1;-1;1;0;0;0;1;-1;-1;-1;-1;-1;-1;-1;-1;-1;-1;-1;0;25;50;75;84;42;58;67;25;13.16;4;3.83;2.33;ÍBV;KA;1.73;0.82;1.5;0.67;1;1.38;100;75;50;25;17;92;92;75;1.72;1.8;3.52;1113;22;Y;Y;Y;N;N;N;Y
327201;3810;971;2018;complete;2338;14;-1;;1,21,38,50;0;4;4;3;6;9;1;3;0;0;0;0;0;5;2;14;2;19;9;5;46;54;0;0;3;3.71;2.28;1.01;1.15;1.53;2.3;0;0;0;0;0;0;1.57;2.4;0;0;0;0;0;0;0;0;0;0;0;0;0;0;0;0;0;0;0;0;0;0;0;0;0;0;0;0;0;0;0;0;0;0;0;0;0;0;0;0;0;0;0;0;0;0;0;0;0;0;0;0;0;4;0;3;0;1;1;3;2018-07-29 19:15:00;971;0;42;17;34;0;1;-1;0;3;3;3;3;6;0;0;0;0;0;0;1;0;0;0;0;0.37;1.85;2.21;-1;-1;-1;-1;-1;-1;-1;1;0;1;0;0;-1;-1;-1;-1;-1;-1;-1;-1;-1;-1;-1;9;17;42;50;92;34;75;50;34;10.83;2;4.3;2.09;Víkingur Reykjavík;Stjarnan;1.09;2.09;1.67;2.17;1.38;1.92;92;84;59;50;9;75;75;59;1.49;1.93;3.42;1113;22;Y;Y;Y;Y;N;N;N
327202;3812;3809;2018;complete;2338;14;-1;;;0;0;0;4;10;14;3;4;0;0;0;0;4;6;5;5;9;11;17;11;33;67;0;0;4.49;4;1.76;1.01;1.17;1.57;2.45;0;0;0;0;0;0;1.67;2.2;0;0;0;0;0;0;0;0;0;0;0;0;0;0;0;0;0;0;0;0;0;0;0;0;0;0;0;0;0;0;0;0;0;0;0;0;0;0;0;0;0;0;0;0;0;0;0;0;0;0;0;0;0;0;0;0;0;0;0;0;2018-07-30 19:15:00;-1;0;57;27;20;0;1;-1;1;8;3;2;9;5;0;0;0;0;0;0;1;0;0;0;0;1.02;1.48;2.5;0;0;0;0;0;0;1;1;0;0;0;1;-1;-1;-1;-1;-1;-1;-1;-1;-1;-1;-1;20;20;49;84;92;55;84;75;30;11.8;1.53;4.27;2.84;Fylkir;Valur;1.55;1.55;1.8;1.83;0.85;2.15;80;80;52;17;9;64;64;37;2.13;1.59;3.72;1113;22;N;N;N;N;N;N;N
327203;54;3808;2018;complete;2338;14;-1;1;;1;0;1;3;7;10;0;2;0;0;0;0;6;9;11;7;17;16;10;14;60;40;0;0;1.53;4.38;6.28;1.01;1.16;1.54;2.35;0;0;0;0;0;0;1.67;2.25;0;0;0;0;0;0;0;0;0;0;0;0;0;0;0;0;0;0;0;0;0;0;0;0;0;0;0;0;0;0;0;0;0;0;0;0;0;0;0;0;0;0;0;0;0;0;0;0;0;0;0;0;0;1;1;0;0;0;0;1;2018-07-30 19:15:00;54;0;85;23;54;0;1;-1;0;6;3;1;6;4;0;0;0;0;0;0;1;0;0;0;0;2.11;2.17;4.29;-1;-1;-1;-1;-1;-1;-1;1;1;0;0;0;-1;-1;-1;-1;-1;-1;-1;-1;-1;-1;-1;16;37;77;100;100;47;85;92;62;14.57;3;4.12;3.45;FH;Fjölnir;1.82;1;1.57;1.17;1.46;1;85;63;24;0;0;93;85;77;1.79;1.74;3.53;1113;22;Y;N;N;N;N;N;N
327204;3815;3803;2018;complete;2338;14;-1;82;55,61;1;2;3;3;4;7;1;1;0;0;0;0;3;6;1;4;4;10;8;3;52;48;0;0;6.97;4.59;1.47;1.01;1.18;1.59;2.5;0;0;0;0;0;0;1.95;1.87;0;0;0;0;0;0;0;0;0;0;0;0;0;0;0;0;0;0;0;0;0;0;0;0;0;0;0;0;0;0;0;0;0;0;0;0;0;0;0;0;0;0;0;0;0;0;0;0;0;0;0;0;0;3;0;0;1;2;3;0;2018-07-30 19:15:00;3803;0;42;0;33;0;1;-1;1;2;2;2;3;4;0;0;0;0;0;0;1;0;0;0;0;0.74;1.54;2.27;-1;-1;-1;-1;-1;-1;-1;1;0;0;0;0;-1;-1;-1;-1;-1;-1;-1;-1;-1;-1;-1;0;25;42;84;84;25;58;67;59;10.67;0;3.5;2.33;Keflavík;Breidablik;0;1.91;0;1.5;0.23;1.92;100;75;59;17;17;92;65;57;1.02;1.91;2.93;1113;22;Y;Y;Y;N;N;N;Y
327205;973;3806;2018;complete;2338;14;-1;82;;1;0;1;7;1;8;-1;-1;-1;-1;-1;-1;3;0;0;0;3;0;-1;-1;48;52;-1;-1;1.48;4.56;6.89;1.01;1.2;1.67;2.65;0;0;0;0;0;0;1.8;2.05;0;0;0;0;0;0;0;0;0;0;0;0;0;0;0;0;0;0;0;0;0;0;0;0;0;0;0;0;0;0;0;0;0;0;0;0;0;0;0;0;0;0;0;0;0;0;0;0;0;0;0;0;0;1;0;0;1;0;1;0;2018-07-30 19:15:00;973;0;42;9;25;0;1;-1;3;1;4;0;4;4;-1;-1;-1;-1;-1;-1;1;0;0;0;0;0.98;0.41;1.4;-1;-1;-1;-1;-1;-1;-1;1;0;0;0;0;-1;-1;-1;-1;-1;-1;-1;-1;-1;-1;-1;0;9;25;67;100;9;67;75;42;11.57;0.67;4.43;2;KR;Grindavík;1.82;1;1.5;1.67;1.54;1.54;100;92;75;33;0;74;74;47;1.95;1.31;3.26;1113;22;Y;N;N;N;N;N;N
327206;3805;3812;2018;complete;2338;15;-1;;16;0;1;1;8;5;13;2;1;0;0;0;0;6;6;17;2;23;8;9;13;62;38;0;0;2.18;3.79;3.15;1.01;1.17;1.59;2.45;0;0;0;0;0;0;1.56;2.45;0;0;0;0;0;0;0;0;0;0;0;0;0;0;0;0;0;0;0;0;0;0;0;0;0;0;0;0;0;0;0;0;0;0;0;0;0;0;0;0;0;0;0;0;0;0;0;0;0;0;0;0;0;1;0;1;0;0;0;1;2018-08-04 13:30:00;3812;0;46;7;26;0;1;-1;6;2;2;3;8;5;0;0;0;0;0;0;1;0;0;0;0;2.45;1.31;3.76;-1;-1;-1;-1;-1;-1;-1;1;0;0;2;0;-1;-1;-1;-1;-1;-1;-1;-1;-1;-1;-1;7;13;46;73;86;27;59;73;46;12.88;5.52;2.52;2.29;ÍBV;Fylkir;1.73;0.82;1.71;0.25;1.14;0.86;94;88;55;28;15;93;81;67;1.8;1.58;3.38;1113;22;Y;N;N;N;N;N;N
327207;3803;973;2018;complete;2338;15;-1;70;;1;0;1;5;2;7;2;6;1;1;0;0;8;4;5;8;13;12;12;10;53;47;1;1;2.2;3.3;3;1.02;1.23;1.74;2.9;0;0;0;0;0;0;1.69;2.15;0;0;0;0;0;0;0;0;0;0;0;0;0;0;0;0;0;0;0;0;0;0;0;0;0;0;0;0;0;0;0;0;0;0;0;0;0;0;0;0;0;0;0;0;0;0;0;0;0;0;0;0;0;1;0;0;1;0;1;0;2018-08-07 19:15:00;3803;0;57;22;43;0;1;1;3;1;2;1;4;3;0;1;1;0;1;1;1;0;0;0;0;1.62;1.33;2.95;0;0;0;0;0;0;1;1;0;0;0;0;0;0;-1;-1;-1;-1;-1;-1;-1;-1;-1;29;36;50;79;93;36;72;71;50;10.43;1.86;3.12;3;Breidablik;KR;2.09;1.55;2.29;1.57;2;1.64;71;64;50;22;7;86;65;58;1.48;1.71;3.19;1113;22;Y;N;N;N;N;N;N
327208;3806;3810;2018;complete;2338;15;-1;19,31;45;2;1;3;3;10;13;3;2;2;4;0;0;3;4;3;11;6;15;10;14;52;48;2;4;2.15;3.35;3.05;1.03;1.28;1.91;3.25;0;0;0;0;0;0;1.8;2;0;0;0;0;0;0;0;0;0;0;0;0;0;0;0;0;0;0;0;0;0;0;0;0;0;0;0;0;0;0;0;0;0;0;0;0;0;0;0;0;0;0;0;0;0;0;0;0;0;0;0;0;0;3;2;1;0;0;0;3;2018-08-08 19:15:00;3806;0;57;29;22;0;1;1;1;8;2;2;9;4;0;2;2;2;2;4;1;0;0;0;0;1.02;1.66;2.68;0;0;0;0;0;0;1;1;0;0;0;1;0;0;-1;-1;-1;-1;-1;-1;-1;-1;-1;29;29;64;79;93;64;79;79;43;10.28;0.72;5.66;3;Grindavík;Víkingur Reykjavík;1.27;1.18;1.43;1.14;1.43;1.29;72;72;36;22;7;79;72;72;1.43;1.23;2.66;1113;22;Y;Y;Y;N;N;N;Y
327209;3811;54;2018;complete;2338;15;-1;65;90;1;1;2;7;5;12;2;1;5;1;0;0;5;4;8;8;13;12;20;16;42;58;5;1;2.9;3.25;2.3;1.02;1.23;1.74;2.9;0;0;0;0;0;0;1.69;2.2;0;0;0;0;0;0;0;0;0;0;0;0;0;0;0;0;0;0;0;0;0;0;0;0;0;0;0;0;0;0;0;0;0;0;0;0;0;0;0;0;0;0;0;0;0;0;0;0;0;0;0;0;0;2;0;0;1;1;2;0;2018-08-08 18:00:00;-1;0;55;9;47;0;1;1;2;3;5;2;5;7;0;0;5;1;0;6;1;0;0;0;0;1.56;1.58;3.14;0;0;0;0;0;0;1;1;0;0;0;1;0;0;-1;-1;-1;-1;-1;-1;-1;-1;-1;31;40;55;69;77;30;70;54;47;12.24;1.33;5.43;2.79;KA;FH;1.73;1.55;2;1.33;1.29;1.57;69;61;45;31;23;85;85;77;1.57;1.58;3.15;1113;22;Y;Y;N;N;N;N;Y
327210;971;3809;2018;complete;2338;15;-1;36;13;1;1;2;3;3;6;0;1;3;2;0;0;3;2;7;5;10;7;16;18;50;50;3;2;2.4;3.3;2.7;1.02;1.22;1.71;2.8;0;0;0;0;0;0;1.67;2.2;0;0;0;0;0;0;0;0;0;0;0;0;0;0;0;0;0;0;0;0;0;0;0;0;0;0;0;0;0;0;0;0;0;0;0;0;0;0;0;0;0;0;0;0;0;0;0;0;0;0;0;0;0;2;1;1;0;0;0;2;2018-08-29 19:15:00;-1;0;63;44;26;0;1;1;1;0;2;3;1;5;1;0;2;2;1;4;1;0;0;0;0;1.32;0.91;2.23;0;0;0;0;0;0;1;1;0;0;0;0;0;0;-1;-1;-1;-1;-1;-1;-1;-1;-1;19;32;57;82;88;63;76;69;32;11.76;2.38;4.13;2.94;Stjarnan;Valur;1.55;1.55;1.88;1.88;2.06;2.24;82;69;44;19;13;75;69;50;2.33;1.56;3.89;1113;22;Y;Y;N;N;N;N;Y
327211;3808;3815;2018;complete;2338;15;-1;;;0;0;0;7;2;9;3;0;1;3;0;0;9;4;22;11;31;15;12;9;59;41;1;3;1.37;4.4;7.25;1.01;1.16;1.54;2.35;0;0;0;0;0;0;1.8;2;0;0;0;0;0;0;0;0;0;0;0;0;0;0;0;0;0;0;0;0;0;0;0;0;0;0;0;0;0;0;0;0;0;0;0;0;0;0;0;0;0;0;0;0;0;0;0;0;0;0;0;0;0;0;0;0;0;0;0;0;2018-08-08 19:15:00;-1;0;50;14;22;0;1;1;4;1;3;1;5;4;0;1;1;2;1;3;1;0;0;0;0;3.32;1.64;4.97;0;0;0;0;0;0;1;1;0;0;0;0;0;0;-1;-1;-1;-1;-1;-1;-1;-1;-1;7;29;43;72;93;22;71;72;22;10;2.14;4.16;2.43;Fjölnir;Keflavík;0.73;0.36;0.86;0.43;0.93;0.21;93;71;57;29;7;72;57;50;1.65;0.99;2.64;1113;22;N;N;N;N;N;N;N
327212;54;3805;2018;complete;2338;16;-1;;38,45;0;2;2;12;7;19;2;3;0;0;0;0;7;7;19;7;26;14;7;7;57;43;0;0;1.47;4.2;5.95;1.01;1.18;1.61;2.55;0;0;0;0;0;0;1.8;2;0;0;0;0;0;0;0;0;0;0;0;0;0;0;0;0;0;0;0;0;0;0;0;0;0;0;0;0;0;0;0;0;0;0;0;0;0;0;0;0;0;0;0;0;0;0;0;0;0;0;0;0;0;2;0;2;0;0;0;2;2018-08-12 16:00:00;3805;0;81;20;54;0;1;-1;3;4;9;3;7;12;0;0;0;0;0;0;1;0;0;0;0;2.8;1.9;4.7;-1;-1;-1;-1;-1;-1;-1;1;0;0;0;0;-1;-1;-1;-1;-1;-1;-1;-1;-1;-1;-1;14;40;73;94;100;26;94;94;54;11.29;2.61;3.83;3.2;FH;ÍBV;1.82;0.91;1.75;0.57;1.53;1.07;87;61;27;7;0;87;87;73;1.83;1.23;3.06;1113;22;Y;Y;N;N;N;N;N
327213;3815;3811;2018;complete;2338;16;-1;;23,30,57;0;3;3;9;6;15;-1;-1;-1;-1;-1;-1;5;7;7;6;12;13;-1;-1;49;51;-1;-1;4.8;3.65;1.67;1.03;1.26;1.83;3.1;0;0;0;0;0;0;1.91;1.91;0;0;0;0;0;0;0;0;0;0;0;0;0;0;0;0;0;0;0;0;0;0;0;0;0;0;0;0;0;0;0;0;0;0;0;0;0;0;0;0;0;0;0;0;0;0;0;0;0;0;0;0;0;3;0;2;0;1;1;2;2018-08-12 18:00:00;3811;0;65;29;29;0;1;-1;4;3;5;3;7;8;-1;-1;-1;-1;-1;-1;1;0;0;0;0;1.62;1.67;3.29;-1;-1;-1;-1;-1;-1;-1;1;0;0;1;0;-1;-1;-1;-1;-1;-1;-1;-1;-1;-1;-1;0;36;72;100;100;57;79;79;36;10.86;0.29;3.28;3.08;Keflavík;KA;0;0.82;0;0.57;0.27;1.27;100;64;29;0;0;86;72;58;0.98;1.8;2.78;1113;22;Y;Y;Y;N;N;N;N
327214;3812;971;2018;complete;2338;16;-1;;81,90;0;2;2;5;6;11;-1;-1;-1;-1;-1;-1;3;5;2;12;5;17;-1;-1;48;52;-1;-1;4.4;3.85;1.67;1.01;1.14;1.5;2.25;0;0;0;0;0;0;1.57;2.4;0;0;0;0;0;0;0;0;0;0;0;0;0;0;0;0;0;0;0;0;0;0;0;0;0;0;0;0;0;0;0;0;0;0;0;0;0;0;0;0;0;0;0;0;0;0;0;0;0;0;0;0;0;2;0;0;0;2;2;0;2018-08-12 18:00:00;971;0;55;23;38;0;1;-1;1;0;4;6;1;10;-1;-1;-1;-1;-1;-1;1;0;0;0;0;0.83;1.94;2.78;-1;-1;-1;-1;-1;-1;-1;1;0;0;0;0;-1;-1;-1;-1;-1;-1;-1;-1;-1;-1;-1;24;38;62;77;92;54;77;77;47;11.47;1.93;2.83;3.1;Fylkir;Stjarnan;1.55;2.09;1.67;2.29;1;2;77;62;38;23;9;77;69;54;1.91;1.92;3.83;1113;22;Y;Y;N;N;N;N;N
327215;973;3808;2018;complete;2338;16;-1;;;0;0;0;3;7;10;-1;-1;-1;-1;-1;-1;2;5;7;8;9;13;-1;-1;48;52;-1;-1;1.71;3.7;4.3;1.01;1.18;1.59;2.5;0;0;0;0;0;0;1.67;2.2;0;0;0;0;0;0;0;0;0;0;0;0;0;0;0;0;0;0;0;0;0;0;0;0;0;0;0;0;0;0;0;0;0;0;0;0;0;0;0;0;0;0;0;0;0;0;0;0;0;0;0;0;0;0;0;0;0;0;0;0;2018-08-12 18:00:00;-1;0;57;14;36;0;1;-1;1;4;2;3;5;5;-1;-1;-1;-1;-1;-1;1;0;0;0;0;1.21;1.61;2.82;0;0;0;0;0;0;1;1;0;0;0;1;-1;-1;-1;-1;-1;-1;-1;-1;-1;-1;-1;7;14;36;72;100;29;72;71;43;13.5;0.71;3.17;2.43;KR;Fjölnir;1.82;1;1.71;1;1.53;0.93;93;86;65;29;0;84;77;54;1.79;1.8;3.59;1113;22;N;N;N;N;N;N;N
327216;3810;3803;2018;complete;2338;16;-1;30,63;38,40,56;2;3;5;4;4;8;3;2;0;0;0;0;5;5;4;7;9;12;20;14;52;48;0;0;4.45;3.9;1.65;1.01;1.19;1.65;2.65;0;0;0;0;0;0;1.74;2.1;0;0;0;0;0;0;0;0;0;0;0;0;0;0;0;0;0;0;0;0;0;0;0;0;0;0;0;0;0;0;0;0;0;0;0;0;0;0;0;0;0;0;0;0;0;0;0;0;0;0;0;0;0;5;1;2;1;1;2;3;2018-08-13 18:00:00;3803;0;43;0;29;0;1;-1;1;1;3;3;2;6;0;0;0;0;0;0;1;0;0;0;0;1.47;1.53;3;-1;-1;-1;-1;-1;-1;-1;1;0;0;0;0;-1;-1;-1;-1;-1;-1;-1;-1;-1;-1;-1;0;14;43;57;79;15;58;57;43;11.93;2.57;4;1.93;Víkingur Reykjavík;Breidablik;1.09;1.91;1.43;1.71;1.2;2.07;100;86;57;43;22;77;62;55;1.33;1.85;3.18;1113;22;Y;Y;Y;Y;Y;N;Y
327217;3809;3806;2018;complete;2338;16;-1;16,34,66,90;;4;0;4;6;6;12;1;1;0;0;0;0;9;7;12;9;21;16;11;9;54;46;0;0;1.35;4.75;7;1.01;1.19;1.62;2.6;0;0;0;0;0;0;1.87;1.95;0;0;0;0;0;0;0;0;0;0;0;0;0;0;0;0;0;0;0;0;0;0;0;0;0;0;0;0;0;0;0;0;0;0;0;0;0;0;0;0;0;0;0;0;0;0;0;0;0;0;0;0;0;4;2;0;2;0;2;2;2018-08-13 19:15:00;3809;0;65;22;36;0;1;-1;3;2;3;4;5;7;0;0;0;0;0;0;1;0;0;0;0;2.32;1.74;4.06;-1;-1;-1;-1;-1;-1;-1;1;0;0;1;0;-1;-1;-1;-1;-1;-1;-1;-1;-1;-1;-1;7;29;65;79;100;29;72;86;57;9;2;4.66;2.79;Valur;Grindavík;2.64;1;2.43;1.43;2.07;1.53;93;72;36;22;0;57;50;22;1.67;1.18;2.85;1113;22;Y;Y;Y;Y;N;N;N
327218;3805;3815;2018;complete;2338;17;-1;4;;1;0;1;9;5;14;1;4;0;2;0;0;6;2;10;8;16;10;7;12;51;49;0;2;1.42;4.25;6.55;1.01;1.18;1.61;2.55;0;0;0;0;0;0;1.83;1.95;0;0;0;0;0;0;0;0;0;0;0;0;0;0;0;0;0;0;0;0;0;0;0;0;0;0;0;0;0;0;0;0;0;0;0;0;0;0;0;0;0;0;0;0;0;0;0;0;0;0;0;0;0;1;1;0;0;0;0;1;2018-08-18 16:00:00;3805;0;25;13;13;0;1;1;7;2;2;3;9;5;0;0;0;2;0;2;1;0;0;0;0;1.95;1.23;3.19;0;0;0;0;0;0;1;1;1;0;1;1;0;0;-1;-1;-1;-1;-1;-1;-1;-1;-1;0;13;32;50;75;25;57;50;19;10.13;4;3.43;1.69;ÍBV;Keflavík;1.73;0.36;1.5;0.5;1.19;0.25;100;88;69;50;25;76;69;63;1.88;1.07;2.95;1113;22;Y;N;N;N;N;N;N
327219;3811;973;2018;complete;2338;17;-1;;67;0;1;1;4;7;11;1;1;3;1;0;0;0;9;4;4;4;13;19;17;44;56;3;1;3.3;3.25;2.1;1.03;1.25;1.8;3.05;0;0;0;0;0;0;1.77;2.05;0;0;0;0;0;0;0;0;0;0;0;0;0;0;0;0;0;0;0;0;0;0;0;0;0;0;0;0;0;0;0;0;0;0;0;0;0;0;0;0;0;0;0;0;0;0;0;0;0;0;0;0;0;1;0;0;0;1;1;0;2018-08-19 16:00:00;973;0;57;19;44;0;1;1;1;1;3;6;2;9;0;0;3;1;0;4;1;0;0;0;0;0.65;2.1;2.75;0;0;0;0;0;0;1;1;0;0;0;0;0;0;-1;-1;-1;-1;-1;-1;-1;-1;-1;25;32;44;82;88;51;63;69;44;10;1.88;4;2.88;KA;KR;1.73;1.55;1.88;1.38;1.38;1.5;75;69;57;19;13;76;57;57;1.57;1.66;3.23;1113;22;Y;N;N;N;N;N;N
327220;54;3812;2018;complete;2338;17;-1;51;24;1;1;2;6;8;14;3;3;0;2;0;0;10;11;8;4;18;15;6;10;59;41;0;2;1.61;4.35;5.56;1.01;1.19;1.65;2.6;0;0;0;0;0;0;1.69;2.15;0;0;0;0;0;0;0;0;0;0;0;0;0;0;0;0;0;0;0;0;0;0;0;0;0;0;0;0;0;0;0;0;0;0;0;0;0;0;0;0;0;0;0;0;0;0;0;0;0;0;0;0;0;2;0;1;1;0;1;1;2018-05-28 19:15:00;-1;0;67;0;67;0;1;1;4;6;2;2;10;4;0;1;0;1;1;1;1;0;0;0;0;2.26;1.96;4.22;0;0;0;0;0;0;1;1;0;0;0;2;0;0;-1;-1;-1;-1;-1;-1;-1;-1;-1;0;67;84;84;100;17;75;84;67;14;6.5;4.5;3.34;FH;Fylkir;1.82;0.82;1.5;0.33;2;1.4;100;34;17;17;0;100;84;67;1.9;1.6;3.5;1113;22;Y;Y;N;N;N;N;Y
327221;3806;971;2018;complete;2338;17;-1;40,90;57,86;2;2;4;5;9;14;-1;-1;3;2;0;0;4;10;7;6;11;16;-1;-1;51;49;3;2;6.05;4.6;1.41;1.01;1.16;1.54;2.35;0;0;0;0;0;0;1.74;2.1;0;0;0;0;0;0;0;0;0;0;0;0;0;0;0;0;0;0;0;0;0;0;0;0;0;0;0;0;0;0;0;0;0;0;0;0;0;0;0;0;0;0;0;0;0;0;0;0;0;0;0;0;0;4;1;0;1;2;3;1;2018-08-19 18:00:00;-1;0;51;38;19;0;1;1;0;5;5;4;5;9;1;0;2;2;1;4;1;0;0;0;0;1.37;2.29;3.66;0;0;0;0;0;0;1;1;0;0;0;2;0;0;-1;-1;-1;-1;-1;-1;-1;-1;-1;7;19;57;82;100;57;76;69;38;11;0.12;4.21;2.63;Grindavík;Stjarnan;1.27;2.09;1.63;2.38;1.44;2.07;94;82;44;19;0;94;82;76;1.38;1.92;3.3;1113;22;Y;Y;Y;Y;N;N;Y
327222;3808;3810;2018;complete;2338;17;-1;37,90;53,73;2;2;4;6;4;10;4;3;0;4;0;0;9;6;12;8;21;14;8;15;55;45;0;4;1.83;3.7;3.65;1.02;1.21;1.69;2.75;0;0;0;0;0;0;1.69;2.15;0;0;0;0;0;0;0;0;0;0;0;0;0;0;0;0;0;0;0;0;0;0;0;0;0;0;0;0;0;0;0;0;0;0;0;0;0;0;0;0;0;0;0;0;0;0;0;0;0;0;0;0;0;4;1;0;1;2;3;1;2018-08-20 18:00:00;-1;0;63;19;32;0;1;1;4;0;2;4;4;6;0;1;0;3;1;3;1;0;0;0;0;2.47;1.67;4.14;0;0;0;0;0;0;1;1;0;0;1;0;0;0;-1;-1;-1;-1;-1;-1;-1;-1;-1;32;38;57;75;88;44;69;75;38;10.88;2.63;4.71;2.94;Fjölnir;Víkingur Reykjavík;0.73;1.18;0.88;1;0.94;1.13;69;63;44;25;13;76;57;51;1.89;1.29;3.18;1113;22;Y;Y;Y;Y;N;N;Y
327223;3803;3809;2018;complete;2338;17;-1;70;34,45,82;1;3;4;7;5;12;2;6;1;3;0;0;7;4;7;6;14;10;9;14;45;55;1;3;2.75;3.25;2.4;1.02;1.24;1.8;3;0;0;0;0;0;0;1.71;2.1;0;0;0;0;0;0;0;0;0;0;0;0;0;0;0;0;0;0;0;0;0;0;0;0;0;0;0;0;0;0;0;0;0;0;0;0;0;0;0;0;0;0;0;0;0;0;0;0;0;0;0;0;0;4;0;2;1;1;2;2;2018-08-20 18:00:00;3809;0;34;15;19;0;1;1;1;4;6;1;5;7;0;1;1;2;1;3;1;0;0;0;0;1.99;1.49;3.48;0;1;0;1;0;0;1;1;0;0;0;0;0;0;-1;-1;-1;-1;-1;-1;-1;-1;-1;13;13;26;54;80;22;54;59;25;11.46;1.86;4;1.84;Breidablik;Valur;2.09;1.55;2.38;1.71;2.13;2.13;88;88;75;47;21;80;80;59;1.49;1.57;3.06;1113;22;Y;Y;Y;Y;N;N;Y
327224;3810;3811;2018;complete;2338;18;-1;83,90;10,45;2;2;4;7;3;10;-1;-1;2;3;0;0;7;13;9;2;16;15;-1;-1;53;47;2;3;2.45;3.25;2.65;1.02;1.24;1.8;3;0;0;0;0;0;0;1.71;2.15;0;0;0;0;0;0;0;0;0;0;0;0;0;0;0;0;0;0;0;0;0;0;0;0;0;0;0;0;0;0;0;0;0;0;0;0;0;0;0;0;0;0;0;0;0;0;0;0;0;0;0;0;0;4;0;2;2;0;2;2;2018-08-25 17:00:00;-1;0;57;32;19;0;1;1;3;1;4;2;4;6;1;0;1;3;1;4;1;0;0;0;0;2.09;2.33;4.42;0;0;0;0;0;0;1;1;0;1;1;1;0;0;-1;-1;-1;-1;-1;-1;-1;-1;-1;7;32;69;75;94;57;88;69;19;12.38;2.75;4.02;2.75;Víkingur Reykjavík;KA;1.09;0.82;1.25;0.88;1.12;1.29;94;69;32;25;7;82;75;63;1.35;1.78;3.13;1113;22;Y;Y;Y;Y;N;N;Y
327225;3809;3808;2018;complete;2338;18;-1;45,48,67,88,90;57,85,90;5;3;8;6;9;15;3;0;3;2;0;0;8;8;3;5;11;13;9;6;56;44;3;2;1.44;4.4;5.9;1.01;1.15;1.51;2.3;0;0;0;0;0;0;1.69;2.2;0;0;0;0;0;0;0;0;0;0;0;0;0;0;0;0;0;0;0;0;0;0;0;0;0;0;0;0;0;0;0;0;0;0;0;0;0;0;0;0;0;0;0;0;0;0;0;0;0;0;0;0;0;8;1;0;4;3;7;1;2018-08-25 20:00:00;3809;0;76;26;44;0;1;1;2;1;4;8;3;12;1;0;2;2;1;4;1;0;0;0;0;1.56;1.67;3.23;0;0;0;0;0;0;1;1;0;0;0;0;0;0;-1;-1;-1;-1;-1;-1;-1;-1;-1;13;38;75;88;94;51;82;76;63;11.63;2.13;3.14;3.19;Valur;Fjölnir;2.64;1;2.5;1;2.19;0.94;88;63;25;13;7;82;69;38;1.78;1.77;3.55;1113;22;Y;Y;Y;Y;Y;Y;Y
327226;973;3805;2018;complete;2338;18;-1;10,31,36,63;74;4;1;5;6;2;8;8;1;3;3;0;0;11;3;6;7;17;10;12;15;51;49;3;3;1.42;4.4;6.35;1.01;1.19;1.65;2.65;0;0;0;0;0;0;1.87;1.95;0;0;0;0;0;0;0;0;0;0;0;0;0;0;0;0;0;0;0;0;0;0;0;0;0;0;0;0;0;0;0;0;0;0;0;0;0;0;0;0;0;0;0;0;0;0;0;0;0;0;0;0;0;5;3;0;1;1;2;3;2018-08-26 14:00:00;973;0;57;13;38;0;1;1;4;0;2;2;4;4;1;2;2;1;3;3;1;0;0;0;0;2.42;1.31;3.73;2;0;2;0;0;0;1;1;1;0;2;0;0;0;-1;-1;-1;-1;-1;-1;-1;-1;-1;7;19;38;75;94;19;75;76;38;10.63;0.63;3.17;2.32;KR;ÍBV;1.82;0.91;1.63;0.88;1.59;1.29;94;82;63;25;7;80;80;59;1.7;1.32;3.02;1113;22;Y;Y;Y;Y;Y;N;Y
327227;3815;54;2018;complete;2338;18;-1;23;33,54,57;1;3;4;2;6;8;3;4;0;2;0;0;9;7;4;9;13;16;9;12;39;61;0;2;8.5;5;1.3;1.01;1.15;1.53;2.3;0;0;0;0;0;0;1.87;1.95;0;0;0;0;0;0;0;0;0;0;0;0;0;0;0;0;0;0;0;0;0;0;0;0;0;0;0;0;0;0;0;0;0;0;0;0;0;0;0;0;0;0;0;0;0;0;0;0;0;0;0;0;0;4;1;1;0;2;2;2;2018-08-26 18:00:00;54;0;57;7;44;0;1;1;1;4;1;2;5;3;0;0;0;2;0;2;1;0;0;0;0;1.94;2.19;4.14;0;0;0;0;0;0;1;1;0;0;0;1;0;0;-1;-1;-1;-1;-1;-1;-1;-1;-1;13;32;57;88;94;32;75;69;50;10.88;0.75;3.43;2.82;Keflavík;FH;0;1.55;0;1.25;0.24;1.41;88;69;44;13;7;82;69;57;1.06;1.6;2.66;1113;22;Y;Y;Y;Y;N;N;Y
327228;3812;3806;2018;complete;2338;18;-1;50,58,82;55;3;1;4;3;2;5;-1;-1;1;1;0;0;7;2;3;3;10;5;-1;-1;50;50;1;1;1.8;3.6;4;1.02;1.22;1.71;2.8;0;0;0;0;0;0;1.74;2.1;0;0;0;0;0;0;0;0;0;0;0;0;0;0;0;0;0;0;0;0;0;0;0;0;0;0;0;0;0;0;0;0;0;0;0;0;0;0;0;0;0;0;0;0;0;0;0;0;0;0;0;0;0;4;0;0;3;1;4;0;2018-08-27 18:00:00;3812;0;44;7;19;0;1;1;1;2;2;0;3;2;0;0;1;1;0;2;1;0;0;0;0;1.61;0.84;2.45;0;0;0;0;0;0;1;1;0;0;0;1;0;0;-1;-1;-1;-1;-1;-1;-1;-1;-1;13;19;44;76;94;26;69;88;50;10.75;2;3.57;2.57;Fylkir;Grindavík;1.55;1;1.38;1.25;0.94;1.41;88;82;57;26;7;69;69;51;1.63;1.25;2.88;1113;22;Y;Y;Y;Y;N;N;Y
327229;971;3803;2018;complete;2338;18;-1;25,38;40;2;1;3;6;5;11;-1;-1;4;7;0;0;3;7;8;13;11;20;-1;-1;53;47;4;7;1.74;3.8;4;1.01;1.19;1.65;2.65;0;0;0;0;0;0;1.69;2.2;0;0;0;0;0;0;0;0;0;0;0;0;0;0;0;0;0;0;0;0;0;0;0;0;0;0;0;0;0;0;0;0;0;0;0;0;0;0;0;0;0;0;0;0;0;0;0;0;0;0;0;0;0;3;2;1;0;0;0;3;2018-08-25 18:00:00;971;0;75;35;47;0;1;1;3;2;3;3;5;6;1;1;3;6;2;9;1;0;0;0;0;1.31;2.08;3.39;0;0;0;0;0;0;1;1;0;0;2;0;0;0;-1;-1;-1;-1;-1;-1;-1;-1;-1;28;41;68;88;88;42;62;88;66;12.28;2.02;3.06;3.34;Stjarnan;Breidablik;1.55;1.91;1.71;1.88;2;2;73;59;32;13;13;71;57;50;2.5;1.81;4.31;1113;22;Y;Y;Y;N;N;N;Y
327230;3815;3812;2018;complete;2338;19;-1;58;53,83;1;2;3;10;4;14;1;1;2;2;0;0;4;6;5;7;9;13;9;12;41;59;2;2;5.8;4.75;1.41;1.01;1.17;1.57;2.45;0;0;0;0;0;0;1.77;2.05;0;0;0;0;0;0;0;0;0;0;0;0;0;0;0;0;0;0;0;0;0;0;0;0;0;0;0;0;0;0;0;0;0;0;0;0;0;0;0;0;0;0;0;0;0;0;0;0;0;0;0;0;0;3;0;0;1;2;3;0;2018-08-31 17:30:00;3812;0;50;6;33;0;1;1;9;3;1;1;12;2;0;0;2;2;0;4;1;0;0;0;0;1.3;1.82;3.12;0;1;0;1;0;0;1;1;0;0;0;0;0;0;-1;-1;-1;-1;-1;-1;-1;-1;-1;6;28;62;89;100;39;78;78;56;10.67;1.89;2.22;2.89;Keflavík;Fylkir;0;0.82;0;0.56;0.22;1.06;95;73;39;11;0;84;61;50;1.16;1.55;2.71;1113;22;Y;Y;Y;N;N;N;Y
327231;3803;3806;2018;complete;2338;19;-1;33;75;1;1;2;4;5;9;0;2;2;3;0;0;5;6;8;4;13;10;12;12;49;51;2;3;1.35;4.65;7.25;1.01;1.16;1.54;2.35;0;0;0;0;0;0;1.8;2;0;0;0;0;0;0;0;0;0;0;0;0;0;0;0;0;0;0;0;0;0;0;0;0;0;0;0;0;0;0;0;0;0;0;0;0;0;0;0;0;0;0;0;0;0;0;0;0;0;0;0;0;0;2;1;0;0;1;1;1;2018-09-02 15:00:00;-1;0;39;0;33;0;1;1;2;1;2;4;3;6;0;1;2;2;1;4;1;0;0;0;0;1.43;1.31;2.74;0;0;0;0;0;0;1;1;0;0;0;0;0;0;-1;-1;-1;-1;-1;-1;-1;-1;-1;11;28;44;62;95;11;56;84;56;10.33;1.67;3.88;2.39;Breidablik;Grindavík;2.09;1;2.11;1.11;1.89;1.33;89;73;56;39;6;73;73;56;1.55;1.2;2.75;1113;22;Y;Y;N;N;N;N;Y
327232;3808;971;2018;complete;2338;19;-1;25;16,64,88;1;3;4;3;5;8;3;2;4;2;0;0;4;4;12;5;16;9;16;13;50;50;4;2;3.9;3.85;1.77;1.01;1.14;1.49;2.25;0;0;0;0;0;0;1.54;2.45;0;0;0;0;0;0;0;0;0;0;0;0;0;0;0;0;0;0;0;0;0;0;0;0;0;0;0;0;0;0;0;0;0;0;0;0;0;0;0;0;0;0;0;0;0;0;0;0;0;0;0;0;0;4;1;1;0;2;2;2;2018-09-02 14:00:00;971;0;56;17;39;0;1;1;3;0;0;5;3;5;1;1;3;1;2;4;1;0;0;0;0;1.66;1.23;2.89;0;0;0;0;0;0;1;1;0;0;1;0;0;0;-1;-1;-1;-1;-1;-1;-1;-1;-1;11;39;50;78;95;28;67;78;45;11.67;1.67;3.07;2.73;Fjölnir;Stjarnan;0.73;2.09;0.89;2.22;0.89;2;89;62;50;22;6;89;67;50;1.96;1.96;3.92;1113;22;Y;Y;Y;Y;N;N;Y
327233;3811;3809;2018;complete;2338;19;-1;27,39,64;15,53,90;3;3;6;5;8;13;1;1;3;3;0;0;4;8;9;4;13;12;13;12;46;54;3;3;4.3;3.55;1.77;1.02;1.23;1.77;2.9;0;0;0;0;0;0;1.8;2.05;0;0;0;0;0;0;0;0;0;0;0;0;0;0;0;0;0;0;0;0;0;0;0;0;0;0;0;0;0;0;0;0;0;0;0;0;0;0;0;0;0;0;0;0;0;0;0;0;0;0;0;0;0;6;2;1;1;2;3;3;2018-09-02 14:00:00;-1;0;44;17;28;0;1;1;1;4;4;4;5;8;1;1;2;2;2;4;1;0;0;0;0;1.53;1.84;3.37;0;0;0;0;0;0;1;1;0;0;1;1;0;0;-1;-1;-1;-1;-1;-1;-1;-1;-1;11;17;28;67;78;45;56;56;28;10.89;1.77;5.11;2.06;KA;Valur;1.73;1.55;1.67;1.78;1.28;2.17;89;84;73;33;22;78;78;67;1.47;1.49;2.96;1113;22;Y;Y;Y;Y;Y;Y;Y
327234;3805;3810;2018;complete;2338;19;-1;26;7;1;1;2;12;3;15;3;2;1;1;0;0;7;3;7;4;14;7;9;10;66;34;1;1;2.15;3.3;3.05;1.02;1.23;1.74;2.9;0;0;0;0;0;0;1.69;2.15;0;0;0;0;0;0;0;0;0;0;0;0;0;0;0;0;0;0;0;0;0;0;0;0;0;0;0;0;0;0;0;0;0;0;0;0;0;0;0;0;0;0;0;0;0;0;0;0;0;0;0;0;0;2;1;1;0;0;0;2;2018-09-02 14:00:00;-1;0;45;17;28;0;1;1;7;2;5;1;9;6;0;0;1;1;0;2;1;0;0;0;0;1.95;0.91;2.86;0;0;0;0;0;0;1;1;0;1;1;1;0;0;-1;-1;-1;-1;-1;-1;-1;-1;-1;22;28;50;61;84;45;67;61;39;11.34;4.34;4.02;2.5;ÍBV;Víkingur Reykjavík;1.73;1.18;1.67;1;1.22;1.11;78;72;50;39;17;78;78;67;1.89;1.34;3.23;1113;22;Y;Y;N;N;N;N;Y
327235;54;973;2018;complete;2338;19;-1;11,45,55,86;;4;0;4;0;6;6;2;2;3;2;0;0;7;7;3;7;10;14;12;11;38;62;3;2;2.5;3.15;2.65;1.03;1.29;1.91;3.3;0;0;0;0;0;0;1.8;2;0;0;0;0;0;0;0;0;0;0;0;0;0;0;0;0;0;0;0;0;0;0;0;0;0;0;0;0;0;0;0;0;0;0;0;0;0;0;0;0;0;0;0;0;0;0;0;0;0;0;0;0;0;4;2;0;2;0;2;2;2018-09-02 17:15:00;54;0;62;28;39;0;1;1;0;3;0;3;3;3;1;1;2;1;2;3;1;0;0;0;0;1.31;1.68;3;0;0;0;0;0;0;1;1;0;0;0;0;0;0;-1;-1;-1;-1;-1;-1;-1;-1;-1;17;39;56;84;100;50;78;78;39;12.12;3.34;3;3.06;FH;KR;1.82;1.55;1.56;1.56;1.5;1.67;84;62;45;17;0;78;61;56;1.94;1.71;3.65;1113;22;Y;Y;Y;Y;N;N;N
327236;3806;3808;2018;complete;2338;20;-1;;4;0;1;1;1;2;3;2;3;3;1;0;0;0;2;2;0;2;2;15;15;53;47;3;1;3.2;3.55;2.05;1.01;1.17;1.57;2.45;0;0;0;0;0;0;1.57;2.4;0;0;0;0;0;0;0;0;0;0;0;0;0;0;0;0;0;0;0;0;0;0;0;0;0;0;0;0;0;0;0;0;0;0;0;0;0;0;0;0;0;0;0;0;0;0;0;0;0;0;0;0;0;1;0;1;0;0;0;1;2018-09-16 14:00:00;3808;0;67;28;28;0;1;1;0;1;1;1;1;2;0;0;3;1;0;4;1;0;0;0;0;0.17;0.32;0.49;0;0;0;0;0;0;1;1;0;1;0;0;0;0;-1;-1;-1;-1;-1;-1;-1;-1;-1;11;17;62;84;95;45;84;67;45;12.89;0.56;4.38;2.95;Grindavík;Fjölnir;1.27;1;1.56;0.89;1.32;0.84;89;84;39;17;6;100;89;73;1.38;1.76;3.14;1113;22;Y;N;N;N;N;N;N
327237;3810;54;2018;complete;2338;20;-1;74;79;1;1;2;2;8;10;5;1;1;2;0;2;3;3;0;1;3;4;12;12;42;58;1;5;4;3.7;1.77;1.01;1.18;1.61;2.55;0;0;0;0;0;0;1.65;2.25;0;0;0;0;0;0;0;0;0;0;0;0;0;0;0;0;0;0;0;0;0;0;0;0;0;0;0;0;0;0;0;0;0;0;0;0;0;0;0;0;0;0;0;0;0;0;0;0;0;0;0;0;0;2;0;0;1;1;2;0;2018-09-16 14:00:00;-1;0;61;17;33;0;1;1;2;5;0;3;7;3;0;1;1;3;1;4;1;0;0;0;0;0.45;0.5;0.95;0;0;0;0;0;0;1;1;0;0;1;2;0;0;-1;-1;-1;-1;-1;-1;-1;-1;-1;17;39;56;67;89;33;84;62;45;12;3.45;4.14;2.67;Víkingur Reykjavík;FH;1.09;1.55;1.22;1.44;1.11;1.58;84;62;44;33;11;73;67;50;1.43;1.68;3.11;1113;22;Y;Y;N;N;N;N;Y
327238;973;3815;2018;complete;2338;20;-1;35,74,84;34;3;1;4;13;2;15;1;0;0;0;0;0;12;2;22;5;34;7;7;10;61;39;0;0;1.15;6.75;14.5;1;1.11;1.4;2;0;0;0;0;0;0;2;1.8;0;0;0;0;0;0;0;0;0;0;0;0;0;0;0;0;0;0;0;0;0;0;0;0;0;0;0;0;0;0;0;0;0;0;0;0;0;0;0;0;0;0;0;0;0;0;0;0;0;0;0;0;0;4;1;1;2;0;2;2;2018-09-16 14:00:00;973;0;33;11;22;0;1;-1;2;2;11;0;4;11;0;0;0;0;0;0;1;0;0;0;0;3.28;0.74;4.01;0;0;0;0;0;0;1;1;0;0;0;1;-1;-1;-1;-1;-1;-1;-1;-1;-1;-1;-1;6;22;28;50;84;22;62;56;22;10;1.77;4.21;1.89;KR;Keflavík;1.82;0.36;1.78;0.44;1.58;0.21;95;78;73;50;17;65;60;47;1.79;1.09;2.88;1113;22;Y;Y;Y;Y;N;N;Y
327239;3812;3803;2018;complete;2338;20;-1;;27,43,57;0;3;3;4;6;10;10;3;5;3;0;1;3;6;4;7;7;13;15;9;50;50;5;5;3.15;3.45;2.1;1.01;1.16;1.54;2.35;0;12.25;4.55;2.3;1.5;1.19;1.54;2.45;0;0;0;0;0;0;0;0;0;0;0;0;0;0;0;0;0;0;0;0;0;0;0;0;0;0;0;0;0;0;0;0;0;0;0;0;0;0;0;0;0;0;0;0;0;0;0;0;0;0;0;0;0;3;0;2;0;1;1;2;2018-09-19 19:15:00;3803;0;67;17;39;0;1;1;3;6;1;0;9;1;2;0;3;4;2;7;1;0;0;0;0;1.22;1.76;2.98;0;1;0;1;0;0;1;1;0;0;1;3;0;0;-1;-1;-1;-1;-1;-1;-1;-1;-1;17;28;56;84;84;28;56;78;62;11.67;1.67;3.35;2.78;Fylkir;Breidablik;1.55;1.91;1.56;1.67;1.16;1.84;84;73;44;17;17;71;65;60;1.63;1.84;3.47;1113;22;Y;Y;Y;N;N;N;N
327240;971;3811;2018;complete;2338;20;-1;79;62;1;1;2;5;6;11;1;0;1;3;0;0;8;8;11;7;19;15;13;17;53;47;1;3;1.4;4.4;6.65;1.01;1.15;1.53;2.3;0;12.5;4.7;2.3;1.53;1.2;1.74;2.1;0;0;0;0;0;0;0;0;0;0;0;0;0;0;0;0;0;0;0;0;0;0;0;0;0;0;0;0;0;0;0;0;0;0;0;0;0;0;0;0;0;0;0;0;0;0;0;0;0;0;0;0;0;2;0;0;1;1;2;0;2018-09-19 18:00:00;-1;0;84;56;22;0;1;1;2;5;3;1;7;4;0;1;1;2;1;3;1;0;0;0;0;2.15;1.76;3.9;0;0;0;0;0;0;1;1;0;0;0;3;0;0;-1;-1;-1;-1;-1;-1;-1;-1;-1;17;44;84;100;100;78;89;84;33;12.45;1.34;4.14;3.61;Stjarnan;KA;1.55;0.82;1.78;0.89;2.05;1.26;84;56;17;0;0;84;78;61;2.2;1.85;4.05;1113;22;Y;Y;N;N;N;N;Y
327241;3809;3805;2018;complete;2338;20;-1;55,58,60,64,87;20;5;1;6;7;3;10;1;1;1;2;0;0;9;4;10;8;19;12;7;14;58;42;1;2;1.24;5.6;9.5;1;1.11;1.4;2;0;0;0;0;0;0;1.77;2.05;0;0;0;0;0;0;0;0;0;0;0;0;0;0;0;0;0;0;0;0;0;0;0;0;0;0;0;0;0;0;0;0;0;0;0;0;0;0;0;0;0;0;0;0;0;0;0;0;0;0;0;0;0;6;0;1;5;0;5;1;2018-09-16 17:00:00;3809;0;84;22;56;0;1;1;2;1;5;2;3;7;1;1;0;1;2;1;1;0;0;0;0;2.24;1.25;3.49;0;0;0;0;0;0;1;1;0;0;0;1;0;0;-1;-1;-1;-1;-1;-1;-1;-1;-1;22;50;84;100;100;45;95;89;67;9.11;2.55;3.5;3.72;Valur;ÍBV;2.64;0.91;2.56;0.78;2.11;1.21;78;50;17;0;0;73;67;50;1.75;1.32;3.07;1113;22;Y;Y;Y;Y;Y;Y;Y
327242;3811;3806;2018;complete;2338;21;-1;10,15,17,33;20,30,74;4;3;7;3;4;7;0;1;5;3;0;0;7;9;6;6;13;15;13;14;46;54;5;3;1.87;3.35;3.95;1.02;1.21;1.71;2.75;0;10.5;3.9;2;1.38;1.13;1.71;2.15;0;0;0;0;0;0;0;0;0;0;0;0;0;0;0;0;0;0;0;0;0;0;0;0;0;0;0;0;0;0;0;0;0;0;0;0;0;0;0;0;0;0;0;0;0;0;0;0;0;0;0;0;0;7;4;2;0;1;1;6;2018-09-23 14:00:00;3811;0;45;5;35;0;1;1;2;1;1;3;3;4;2;1;3;2;3;5;1;0;0;0;0;1.74;2.16;3.91;0;1;0;1;0;0;1;1;1;0;0;1;0;0;-1;-1;-1;-1;-1;-1;-1;-1;-1;15;25;40;70;90;25;55;80;50;10;1.1;5.13;2.5;KA;Grindavík;1.73;1;1.6;1.1;1.25;1.25;85;75;60;30;10;75;70;60;1.48;1.22;2.7;1113;22;Y;Y;Y;Y;Y;Y;Y
327243;3805;971;2018;complete;2338;21;-1;63,68;23;2;1;3;4;10;14;-1;-1;5;4;0;0;7;6;8;6;15;12;-1;-1;52;48;5;4;4.75;4.2;1.57;1.01;1.16;1.56;2.4;0;12;4.5;2.25;1.5;1.19;1.67;2.2;0;0;0;0;0;0;0;0;0;0;0;0;0;0;0;0;0;0;0;0;0;0;0;0;0;0;0;0;0;0;0;0;0;0;0;0;0;0;0;0;0;0;0;0;0;0;0;0;0;0;0;0;0;3;0;1;2;0;2;1;2018-09-23 14:00:00;3805;0;40;25;25;0;1;1;0;5;4;5;5;9;2;0;3;4;2;7;1;0;0;0;0;1.85;1.81;3.65;0;1;0;1;0;0;1;1;0;0;0;1;1;0;-1;-1;-1;-1;-1;-1;-1;-1;-1;5;25;40;65;90;40;65;60;40;12.7;3.1;2.53;2.25;ÍBV;Stjarnan;1.73;2.09;1.6;2.3;1.15;2;95;75;60;35;10;85;80;70;1.89;1.89;3.78;1113;22;Y;Y;Y;N;N;N;Y
327244;3808;3803;2018;complete;2338;21;-1;;10,39;0;2;2;9;4;13;5;3;3;2;0;0;4;4;10;5;14;9;15;13;45;55;3;2;3.05;3.4;2.15;1.01;1.18;1.59;2.5;0;11.5;4.35;2.2;1.47;1.17;1.59;2.4;0;0;0;0;0;0;0;0;0;0;0;0;0;0;0;0;0;0;0;0;0;0;0;0;0;0;0;0;0;0;0;0;0;0;0;0;0;0;0;0;0;0;0;0;0;0;0;0;0;0;0;0;0;2;0;2;0;0;0;2;2018-09-23 14:00:00;3803;0;65;20;35;0;1;1;6;4;3;0;10;3;1;0;2;2;1;4;1;0;0;0;0;1.85;1.38;3.24;0;0;0;0;0;0;1;1;0;1;0;0;0;0;-1;-1;-1;-1;-1;-1;-1;-1;-1;10;30;55;80;85;25;60;75;50;11.7;2.6;4.28;2.6;Fjölnir;Breidablik;0.73;1.91;0.8;1.8;0.95;1.9;90;70;45;20;15;79;59;43;1.93;1.83;3.76;1113;22;Y;Y;N;N;N;N;N
327245;973;3812;2018;complete;2338;21;-1;53;84;1;1;2;4;2;6;-1;-1;3;1;0;0;3;2;8;6;11;8;-1;-1;53;47;3;1;1.51;4.05;5.75;1.01;1.16;1.54;2.35;0;12.25;4.6;2.3;1.51;1.19;1.67;2.2;0;0;0;0;0;0;0;0;0;0;0;0;0;0;0;0;0;0;0;0;0;0;0;0;0;0;0;0;0;0;0;0;0;0;0;0;0;0;0;0;0;0;0;0;0;0;0;0;0;0;0;0;0;2;0;0;1;1;2;0;2018-09-23 14:00:00;-1;0;55;10;35;0;1;1;0;1;4;1;1;5;0;0;3;1;0;4;1;0;0;0;0;1.32;0.86;2.18;0;0;0;0;0;0;1;1;0;0;0;1;0;0;-1;-1;-1;-1;-1;-1;-1;-1;-1;10;25;45;70;95;25;65;75;50;13.18;2.6;2.87;2.5;KR;Fylkir;1.82;0.82;1.9;0.8;1.65;1.1;90;75;55;30;5;84;74;57;1.96;1.57;3.53;1113;22;Y;Y;N;N;N;N;Y
327246;3815;3810;2018;complete;2338;21;-1;;48,78,90,90;0;4;4;6;4;10;2;1;1;2;0;0;5;9;9;6;14;15;15;15;56;44;1;2;6.05;4.75;1.4;1.01;1.14;1.5;2.25;0;12.75;4.8;2.35;1.54;1.21;1.71;2.15;0;0;0;0;0;0;0;0;0;0;0;0;0;0;0;0;0;0;0;0;0;0;0;0;0;0;0;0;0;0;0;0;0;0;0;0;0;0;0;0;0;0;0;0;0;0;0;0;0;0;0;0;0;4;0;0;0;4;4;0;2018-09-23 14:00:00;3810;0;60;20;40;0;1;1;1;2;5;2;3;7;0;0;1;2;0;3;1;0;0;0;0;1.7;1.99;3.69;0;1;0;1;0;0;1;1;0;0;1;0;0;0;-1;-1;-1;-1;-1;-1;-1;-1;-1;20;40;70;90;95;60;75;75;55;9.2;1.4;4;3.2;Keflavík;Víkingur Reykjavík;0;1.18;0;1;0.2;1.1;80;60;30;10;5;70;60;50;1.17;1.29;2.46;1113;22;Y;Y;Y;Y;N;N;N
327247;54;3809;2018;complete;2338;21;-1;57,90;83;2;1;3;4;9;13;1;4;1;1;0;0;7;3;9;7;16;10;16;5;44;56;1;1;3.15;3.5;2.05;1.01;1.18;1.59;2.5;0;11.5;4.35;2.2;1.47;1.17;1.59;2.4;0;0;0;0;0;0;0;0;0;0;0;0;0;0;0;0;0;0;0;0;0;0;0;0;0;0;0;0;0;0;0;0;0;0;0;0;0;0;0;0;0;0;0;0;0;0;0;0;0;0;0;0;0;3;0;0;2;1;3;0;2018-09-23 14:00:00;54;0;55;30;30;0;1;1;0;5;4;4;5;8;0;0;1;1;0;2;1;0;0;0;0;1.85;1.28;3.12;0;0;0;0;0;0;1;1;0;0;0;0;0;0;-1;-1;-1;-1;-1;-1;-1;-1;-1;10;35;50;80;90;55;80;65;35;12.4;3.2;4.3;2.7;FH;Valur;1.82;1.55;1.7;1.7;1.55;2.15;90;65;50;20;10;75;75;60;1.88;1.53;3.41;1113;22;Y;Y;Y;N;N;N;Y
327248;3803;3811;2018;complete;2338;22;-1;5,28,35,67;;4;0;4;5;9;14;4;4;0;1;0;0;7;3;7;1;14;4;8;14;47;53;0;1;1.31;4.95;8.5;1.01;1.14;1.49;2.25;0;13;4.95;2.4;1.57;1.22;1.8;2.05;0;0;0;0;0;0;0;0;0;0;0;0;0;0;0;0;0;0;0;0;0;0;0;0;0;0;0;0;0;0;0;0;0;0;0;0;0;0;0;0;0;0;0;0;0;0;0;0;0;0;0;0;0;4;3;0;1;0;1;3;2018-09-29 14:00:00;3803;0;65;20;30;0;1;1;2;7;3;2;9;5;0;0;0;1;0;1;1;0;0;0;0;1.54;0.62;2.17;1;0;1;0;0;0;1;1;1;0;0;2;0;0;-1;-1;-1;-1;-1;-1;-1;-1;-1;10;35;60;80;95;40;70;85;40;12.3;1.5;4;2.8;Breidablik;KA;2.09;0.82;2;0.9;1.95;1.33;90;65;40;20;5;95;90;75;1.54;1.84;3.38;1113;22;Y;Y;Y;Y;N;N;N
327249;971;54;2018;complete;2338;22;-1;;5;0;1;1;6;3;9;3;1;0;1;0;0;0;2;0;1;0;3;13;17;53;47;0;1;2.15;3.55;2.95;1.01;1.16;1.54;2.35;0;12.25;4.6;2.3;1.51;1.19;1.53;2.5;0;0;0;0;0;0;0;0;0;0;0;0;0;0;0;0;0;0;0;0;0;0;0;0;0;0;0;0;0;0;0;0;0;0;0;0;0;0;0;0;0;0;0;0;0;0;0;0;0;0;0;0;0;1;0;1;0;0;0;1;2018-09-29 14:00:00;54;0;85;40;45;0;1;1;1;0;5;3;1;8;0;0;0;1;0;1;1;0;0;0;0;0.13;0.4;0.53;0;0;0;0;0;0;1;1;0;1;0;0;0;0;-1;-1;-1;-1;-1;-1;-1;-1;-1;25;40;60;90;95;45;75;75;55;12.4;2.5;4.36;3.25;Stjarnan;FH;1.55;1.55;1.7;1.4;1.9;1.62;75;60;40;10;5;75;70;55;2.19;1.55;3.74;1113;22;Y;N;N;N;N;N;N
327250;3806;3805;2018;complete;2338;22;-1;4,49;6,10,59,82,87;2;5;7;4;5;9;1;1;1;0;0;0;3;6;1;0;4;6;15;11;50;50;1;0;2.05;3.85;2.95;1;1.11;1.4;2.05;0;14.25;5.55;2.7;1.69;1.28;1.43;2.85;0;0;0;0;0;0;0;0;0;0;0;0;0;0;0;0;0;0;0;0;0;0;0;0;0;0;0;0;0;0;0;0;0;0;0;0;0;0;0;0;0;0;0;0;0;0;0;0;0;0;0;0;0;7;1;2;1;3;4;3;2018-09-29 14:00:00;3805;0;70;25;30;0;1;1;3;1;1;4;4;5;0;0;1;0;0;1;1;0;0;0;0;0.56;0.86;1.42;0;0;0;0;0;0;1;1;1;2;0;0;0;0;-1;-1;-1;-1;-1;-1;-1;-1;-1;15;25;65;90;100;40;95;75;45;9.4;1.1;4.56;3;Grindavík;ÍBV;1.27;0.91;1.4;0.7;1.19;1.24;85;75;35;10;0;85;80;70;1.26;1.31;2.57;1113;22;Y;Y;Y;Y;Y;Y;Y
327251;3812;3808;2018;complete;2338;22;-1;27,38,41,66,73,81,83;;7;0;7;3;5;8;1;2;0;0;0;1;9;5;10;1;19;6;9;8;48;52;0;2;2.2;3.6;2.8;1;1.12;1.42;2.05;0;14;5.45;2.65;1.67;1.27;1.43;2.8;0;0;0;0;0;0;0;0;0;0;0;0;0;0;0;0;0;0;0;0;0;0;0;0;0;0;0;0;0;0;0;0;0;0;0;0;0;0;0;0;0;0;0;0;0;0;0;0;0;0;0;0;0;7;3;0;4;0;4;3;2018-09-29 14:00:00;3812;0;60;10;35;0;1;1;1;3;2;2;4;4;0;0;0;1;0;1;1;0;0;0;0;2.22;1.21;3.42;0;0;0;0;0;0;1;1;0;0;1;0;0;0;-1;-1;-1;-1;-1;-1;-1;-1;-1;20;25;55;80;90;35;75;75;50;12.2;2.9;3.12;3.05;Fylkir;Fjölnir;1.55;1;1.4;1.1;1.1;0.9;80;75;45;20;10;80;75;50;1.58;1.62;3.2;1113;22;Y;Y;Y;Y;Y;Y;N
327252;3810;973;2018;complete;2338;22;-1;21,70;24,51,61;2;3;5;0;9;9;2;0;2;1;0;0;3;12;2;6;5;18;11;11;44;56;2;1;4.7;4.3;1.56;1.01;1.15;1.51;2.3;0;12.5;4.75;2.35;1.54;1.2;1.65;2.25;0;0;0;0;0;0;0;0;0;0;0;0;0;0;0;0;0;0;0;0;0;0;0;0;0;0;0;0;0;0;0;0;0;0;0;0;0;0;0;0;0;0;0;0;0;0;0;0;0;0;0;0;0;5;1;1;1;2;3;2;2018-09-29 14:00:00;973;0;50;20;30;0;1;1;0;3;0;6;3;6;1;0;1;1;1;2;1;0;0;0;0;0.74;2.22;2.97;1;0;1;0;0;0;1;1;0;0;0;3;0;0;-1;-1;-1;-1;-1;-1;-1;-1;-1;15;35;50;70;95;50;75;70;40;9.8;3.6;3.1;2.75;Víkingur Reykjavík;KR;1.09;1.55;1.2;1.4;1.19;1.62;85;65;50;30;5;65;45;30;1.33;1.71;3.04;1113;22;Y;Y;Y;Y;Y;N;Y
327253;3809;3815;2018;complete;2338;22;-1;8,14,19,57;88;4;1;5;9;3;12;2;0;1;1;0;0;12;5;9;4;21;9;5;13;67;33;1;1;1.01;14.75;32.5;1;1.04;1.19;1.54;0;19.25;8.5;4.1;2.3;1.59;2.6;1.5;0;0;0;0;0;0;0;0;0;0;0;0;0;0;0;0;0;0;0;0;0;0;0;0;0;0;0;0;0;0;0;0;0;0;0;0;0;0;0;0;0;0;0;0;0;0;0;0;0;0;0;0;0;5;3;0;1;1;2;3;2018-09-29 14:00:00;3809;0;60;25;30;0;1;1;5;3;4;0;8;4;0;0;1;1;0;2;1;0;0;0;0;2.89;1.2;4.08;0;0;0;0;0;0;1;1;1;0;1;0;0;0;-1;-1;-1;-1;-1;-1;-1;-1;-1;15;50;70;75;90;40;80;70;50;8.8;2.6;3.78;3.2;Valur;Keflavík;2.64;0.36;2.6;0.4;2.05;0.19;85;50;30;25;10;70;60;45;1.81;1.06;2.87;1113;22;Y;Y;Y;Y;Y;N;Y
