ID;HOMEID;AWAYID;SEASON;STATUS;ROUNDID;GAME_WEEK;REVISED_GAME_WEEK;HOMEGOALS;AWAYGOALS;HOMEGOALCOUNT;AWAYGOALCOUNT;TOTALGOALCOUNT;TEAM_A_CORNERS;TEAM_B_CORNERS;TOTALCORNERCOUNT;TEAM_A_OFFSIDES;TEAM_B_OFFSIDES;TEAM_A_YELLOW_CARDS;TEAM_B_YELLOW_CARDS;TEAM_A_RED_CARDS;TEAM_B_RED_CARDS;TEAM_A_SHOTSONTARGET;TEAM_B_SHOTSONTARGET;TEAM_A_SHOTSOFFTARGET;TEAM_B_SHOTSOFFTARGET;TEAM_A_SHOTS;TEAM_B_SHOTS;TEAM_A_FOULS;TEAM_B_FOULS;TEAM_A_POSSESSION;TEAM_B_POSSESSION;TEAM_A_CARDS_NUM;TEAM_B_CARDS_NUM;ODDS_FT_1;ODDS_FT_X;ODDS_FT_2;ODDS_FT_OVER05;ODDS_FT_OVER15;ODDS_FT_OVER25;ODDS_FT_OVER35;ODDS_FT_OVER45;ODDS_FT_UNDER05;ODDS_FT_UNDER15;ODDS_FT_UNDER25;ODDS_FT_UNDER35;ODDS_FT_UNDER45;ODDS_BTTS_YES;ODDS_BTTS_NO;ODDS_TEAM_A_CS_YES;ODDS_TEAM_A_CS_NO;ODDS_TEAM_B_CS_YES;ODDS_TEAM_B_CS_NO;ODDS_DOUBLECHANCE_1X;ODDS_DOUBLECHANCE_12;ODDS_DOUBLECHANCE_X2;ODDS_1ST_HALF_RESULT_1;ODDS_1ST_HALF_RESULT_X;ODDS_1ST_HALF_RESULT_2;ODDS_2ND_HALF_RESULT_1;ODDS_2ND_HALF_RESULT_X;ODDS_2ND_HALF_RESULT_2;ODDS_DNB_1;ODDS_DNB_2;ODDS_CORNERS_OVER_75;ODDS_CORNERS_OVER_85;ODDS_CORNERS_OVER_95;ODDS_CORNERS_OVER_105;ODDS_CORNERS_OVER_115;ODDS_CORNERS_UNDER_75;ODDS_CORNERS_UNDER_85;ODDS_CORNERS_UNDER_95;ODDS_CORNERS_UNDER_105;ODDS_CORNERS_UNDER_115;ODDS_CORNERS_1;ODDS_CORNERS_X;ODDS_CORNERS_2;ODDS_TEAM_TO_SCORE_FIRST_1;ODDS_TEAM_TO_SCORE_FIRST_X;ODDS_TEAM_TO_SCORE_FIRST_2;ODDS_WIN_TO_NIL_1;ODDS_WIN_TO_NIL_2;ODDS_1ST_HALF_OVER05;ODDS_1ST_HALF_OVER15;ODDS_1ST_HALF_OVER25;ODDS_1ST_HALF_OVER35;ODDS_1ST_HALF_UNDER05;ODDS_1ST_HALF_UNDER15;ODDS_1ST_HALF_UNDER25;ODDS_1ST_HALF_UNDER35;ODDS_2ND_HALF_OVER05;ODDS_2ND_HALF_OVER15;ODDS_2ND_HALF_OVER25;ODDS_2ND_HALF_OVER35;ODDS_2ND_HALF_UNDER05;ODDS_2ND_HALF_UNDER15;ODDS_2ND_HALF_UNDER25;ODDS_2ND_HALF_UNDER35;ODDS_BTTS_1ST_HALF_YES;ODDS_BTTS_1ST_HALF_NO;ODDS_BTTS_2ND_HALF_YES;ODDS_BTTS_2ND_HALF_NO;OVERALLGOALCOUNT;HT_GOALS_TEAM_A;HT_GOALS_TEAM_B;GOALS_2HG_TEAM_A;GOALS_2HG_TEAM_B;GOALCOUNT_2HG;HTGOALCOUNT;DATE_UNIX;WINNINGTEAM;NO_HOME_AWAY;BTTS_POTENTIAL;BTTS_FHG_POTENTIAL;BTTS_2HG_POTENTIAL;GOALTIMINGDISABLED;CORNER_TIMINGS_RECORDED;CARD_TIMINGS_RECORDED;TEAM_A_FH_CORNERS;TEAM_B_FH_CORNERS;TEAM_A_2H_CORNERS;TEAM_B_2H_CORNERS;CORNER_FH_COUNT;CORNER_2H_COUNT;TEAM_A_FH_CARDS;TEAM_B_FH_CARDS;TEAM_A_2H_CARDS;TEAM_B_2H_CARDS;TOTAL_FH_CARDS;TOTAL_2H_CARDS;ATTACKS_RECORDED;TEAM_A_DANGEROUS_ATTACKS;TEAM_B_DANGEROUS_ATTACKS;TEAM_A_ATTACKS;TEAM_B_ATTACKS;TEAM_A_XG;TEAM_B_XG;TOTAL_XG;TEAM_A_PENALTIES_WON;TEAM_B_PENALTIES_WON;TEAM_A_PENALTY_GOALS;TEAM_B_PENALTY_GOALS;TEAM_A_PENALTY_MISSED;TEAM_B_PENALTY_MISSED;PENS_RECORDED;GOAL_TIMINGS_RECORDED;TEAM_A_0_10_MIN_GOALS;TEAM_B_0_10_MIN_GOALS;TEAM_A_CORNERS_0_10_MIN;TEAM_B_CORNERS_0_10_MIN;TEAM_A_CARDS_0_10_MIN;TEAM_B_CARDS_0_10_MIN;THROWINS_RECORDED;TEAM_A_THROWINS;TEAM_B_THROWINS;FREEKICKS_RECORDED;TEAM_A_FREEKICKS;TEAM_B_FREEKICKS;GOALKICKS_RECORDED;TEAM_A_GOALKICKS;TEAM_B_GOALKICKS;O45_POTENTIAL;O35_POTENTIAL;O25_POTENTIAL;O15_POTENTIAL;O05_POTENTIAL;O15HT_POTENTIAL;O05HT_POTENTIAL;O05_2H_POTENTIAL;O15_2H_POTENTIAL;CORNERS_POTENTIAL;OFFSIDES_POTENTIAL;CARDS_POTENTIAL;AVG_POTENTIAL;HOME_NAME;AWAY_NAME;HOME_PPG;AWAY_PPG;PRE_MATCH_HOME_PPG;PRE_MATCH_AWAY_PPG;PRE_MATCH_TEAMA_OVERALL_PPG;PRE_MATCH_TEAMB_OVERALL_PPG;U45_POTENTIAL;U35_POTENTIAL;U25_POTENTIAL;U15_POTENTIAL;U05_POTENTIAL;CORNERS_O85_POTENTIAL;CORNERS_O95_POTENTIAL;CORNERS_O105_POTENTIAL;TEAM_A_XG_PREMATCH;TEAM_B_XG_PREMATCH;TOTAL_XG_PREMATCH;COMPETITION_ID;MATCHES_COMPLETED_MINIMUM;OVER05;OVER15;OVER25;OVER35;OVER45;OVER55;BTTS
213533;3807;971;2015;complete;1291;1;-1;;24;0;1;1;4;8;12;6;3;1;0;0;0;4;3;10;10;14;13;14;12;48;52;1;0;5;4;1.72;0;0;0;0;0;0;0;0;0;0;0;0;0;0;0;0;0;0;0;0;0;0;0;0;0;0;0;0;0;0;0;0;0;0;0;0;0;0;0;0;0;0;0;0;0;0;0;0;0;0;0;0;0;0;0;0;0;0;0;0;0;0;0;0;0;1;0;1;0;0;0;1;2015-05-03 17:00:00;971;0;0;0;0;0;-1;1;-1;-1;-1;-1;-1;-1;0;0;1;0;0;1;-1;0;0;0;0;0;0;0;0;0;0;0;0;0;1;1;0;0;-1;-1;0;0;-1;-1;-1;-1;-1;-1;-1;-1;-1;0;0;0;0;0;0;0;0;0;0;0;0;0;ÍA;Stjarnan;1.45;1.82;0;0;0;0;0;0;0;0;0;0;0;0;0;0;0;739;22;Y;N;N;N;N;N;N
213534;3808;3805;2015;complete;1291;1;-1;49;;1;0;1;7;3;10;1;0;0;2;0;0;9;0;4;4;13;4;17;20;55;45;0;2;2.11;3.62;3.57;0;0;0;0;0;0;0;0;0;0;0;0;0;0;0;0;0;0;0;0;0;0;0;0;0;0;0;0;0;0;0;0;0;0;0;0;0;0;0;0;0;0;0;0;0;0;0;0;0;0;0;0;0;0;0;0;0;0;0;0;0;0;0;0;0;1;0;0;1;0;1;0;2015-05-03 17:00:00;3808;0;0;0;0;0;-1;1;-1;-1;-1;-1;-1;-1;0;0;0;2;0;2;-1;0;0;0;0;0;0;0;0;0;0;0;0;0;1;1;0;0;-1;-1;0;0;-1;-1;-1;-1;-1;-1;-1;-1;-1;0;0;0;0;0;0;0;0;0;0;0;0;0;Fjölnir;ÍBV;1.91;0.36;0;0;0;0;0;0;0;0;0;0;0;0;0;0;0;739;22;Y;N;N;N;N;N;N
213535;3815;3810;2015;complete;1291;1;-1;48;20,32,85;1;3;4;8;7;15;0;3;3;1;0;0;4;3;6;7;10;10;10;10;49;51;3;1;2.9;3.56;2.47;0;0;0;0;0;0;0;0;0;0;0;0;0;0;0;0;0;0;0;0;0;0;0;0;0;0;0;0;0;0;0;0;0;0;0;0;0;0;0;0;0;0;0;0;0;0;0;0;0;0;0;0;0;0;0;0;0;0;0;0;0;0;0;0;0;4;0;2;1;1;2;2;2015-05-03 19:15:00;3810;0;0;0;0;0;-1;1;-1;-1;-1;-1;-1;-1;2;1;1;0;3;1;-1;0;0;0;0;0;0;0;0;0;0;0;0;0;1;1;0;0;-1;-1;1;0;-1;-1;-1;-1;-1;-1;-1;-1;-1;0;0;0;0;0;0;0;0;0;0;0;0;0;Keflavík;Víkingur Reykjavík;0.73;0.73;0;0;0;0;0;0;0;0;0;0;0;0;0;0;0;739;22;Y;Y;Y;Y;N;N;Y
213536;3809;3814;2015;complete;1291;1;-1;;8,13,71;0;3;3;6;2;8;1;0;2;2;0;0;3;2;4;3;7;5;9;17;60;40;2;2;2.9;3.56;2.47;0;0;0;0;0;0;0;0;0;0;0;0;0;0;0;0;0;0;0;0;0;0;0;0;0;0;0;0;0;0;0;0;0;0;0;0;0;0;0;0;0;0;0;0;0;0;0;0;0;0;0;0;0;0;0;0;0;0;0;0;0;0;0;0;0;3;0;2;0;1;1;2;2015-05-03 19:15:00;3814;0;0;0;0;0;-1;1;-1;-1;-1;-1;-1;-1;2;1;0;1;3;1;-1;0;0;0;0;0;0;0;0;0;0;0;0;0;1;1;0;1;-1;-1;0;0;-1;-1;-1;-1;-1;-1;-1;-1;-1;0;0;0;0;0;0;0;0;0;0;0;0;0;Valur;Leiknir Reykjavík;1.55;0.64;0;0;0;0;0;0;0;0;0;0;0;0;0;0;0;739;22;Y;Y;Y;N;N;N;N
213537;973;54;2015;complete;1291;1;-1;50;73,85,90;1;3;4;2;6;8;4;2;3;3;0;0;6;5;2;2;8;7;11;23;46;54;3;3;3.13;3.6;2.31;0;0;0;0;0;0;0;0;0;0;0;0;0;0;0;0;0;0;0;0;0;0;0;0;0;0;0;0;0;0;0;0;0;0;0;0;0;0;0;0;0;0;0;0;0;0;0;0;0;0;0;0;0;0;0;0;0;0;0;0;0;0;0;0;0;4;0;0;1;3;4;0;2015-05-04 19:15:00;54;0;0;0;0;0;-1;1;-1;-1;-1;-1;-1;-1;3;2;0;1;5;1;-1;0;0;0;0;0;0;0;0;0;0;0;0;0;1;1;0;0;-1;-1;0;0;-1;-1;-1;-1;-1;-1;-1;-1;-1;0;0;0;0;0;0;0;0;0;0;0;0;0;KR;FH;1.91;2;0;0;0;0;0;0;0;0;0;0;0;0;0;0;0;739;22;Y;Y;Y;Y;N;N;Y
213538;3812;3803;2015;complete;1291;1;-1;39;49;1;1;2;10;8;18;3;1;2;1;0;0;3;0;4;4;7;4;16;9;41;59;2;1;3.34;3.63;2.2;0;0;0;0;0;0;0;0;0;0;0;0;0;0;0;0;0;0;0;0;0;0;0;0;0;0;0;0;0;0;0;0;0;0;0;0;0;0;0;0;0;0;0;0;0;0;0;0;0;0;0;0;0;0;0;0;0;0;0;0;0;0;0;0;0;2;1;0;0;1;1;1;2015-05-07 19:15:00;-1;0;0;0;0;0;-1;1;-1;-1;-1;-1;-1;-1;0;0;2;1;0;3;-1;0;0;0;0;0;0;0;0;1;0;1;0;0;1;1;0;0;-1;-1;0;0;-1;-1;-1;-1;-1;-1;-1;-1;-1;0;0;0;0;0;0;0;0;0;0;0;0;0;Fylkir;Breidablik;1.36;1.82;0;0;0;0;0;0;0;0;0;0;0;0;0;0;0;739;22;Y;Y;N;N;N;N;Y
213539;3805;971;2015;complete;1291;2;-1;;12,63;0;2;2;1;4;5;3;1;4;0;0;0;3;10;6;9;9;19;16;11;51;49;4;0;4.89;3.96;1.75;0;0;0;0;0;0;0;0;0;0;0;0;0;0;0;0;0;0;0;0;0;0;0;0;0;0;0;0;0;0;0;0;0;0;0;0;0;0;0;0;0;0;0;0;0;0;0;0;0;0;0;0;0;0;0;0;0;0;0;0;0;0;0;0;0;2;0;1;0;1;1;1;2015-05-10 17:00:00;971;0;0;0;0;0;-1;1;-1;-1;-1;-1;-1;-1;0;0;4;0;0;4;-1;0;0;0;0;0;0;0;0;0;0;0;0;0;1;1;0;0;-1;-1;0;0;-1;-1;-1;-1;-1;-1;-1;-1;-1;0;0;0;0;50;0;50;0;0;8;3;0;0.5;ÍBV;Stjarnan;1.36;1.82;0;3;0;3;50;50;50;50;0;50;50;50;0;0;0;739;22;Y;Y;N;N;N;N;N
213540;54;3815;2015;complete;1291;2;-1;70,82;;2;0;2;8;6;14;3;0;1;2;0;1;7;7;5;4;12;11;10;17;64;36;1;4;1.26;6.35;9.99;0;0;0;0;0;0;0;0;0;0;0;0;0;0;0;0;0;0;0;0;0;0;0;0;0;0;0;0;0;0;0;0;0;0;0;0;0;0;0;0;0;0;0;0;0;0;0;0;0;0;0;0;0;0;0;0;0;0;0;0;0;0;0;0;0;2;0;0;2;0;2;0;2015-05-10 19:15:00;54;0;0;0;0;0;-1;1;-1;-1;-1;-1;-1;-1;0;0;1;3;0;4;-1;0;0;0;0;0;0;0;0;0;0;0;0;0;1;1;0;0;-1;-1;0;0;-1;-1;-1;-1;-1;-1;-1;-1;-1;0;0;0;0;0;0;0;0;0;0;0;0;0;FH;Keflavík;2.36;0.18;0;0;3;0;0;0;0;0;0;0;0;0;0;0;0;739;22;Y;Y;N;N;N;N;N
213541;3810;3809;2015;complete;1291;2;-1;72,83;19,42;2;2;4;4;6;10;2;2;3;4;0;0;4;7;4;2;8;9;14;18;47;53;3;4;2.32;3.63;3.09;0;0;0;0;0;0;0;0;0;0;0;0;0;0;0;0;0;0;0;0;0;0;0;0;0;0;0;0;0;0;0;0;0;0;0;0;0;0;0;0;0;0;0;0;0;0;0;0;0;0;0;0;0;0;0;0;0;0;0;0;0;0;0;0;0;4;0;2;2;0;2;2;2015-05-10 19:15:00;-1;0;0;0;0;0;-1;1;-1;-1;-1;-1;-1;-1;0;0;3;4;0;7;-1;0;0;0;0;0;0;0;0;0;0;0;0;0;1;1;0;0;-1;-1;0;0;-1;-1;-1;-1;-1;-1;-1;-1;-1;0;0;0;0;0;0;0;0;0;0;0;0;0;Víkingur Reykjavík;Valur;1.36;1.45;0;0;3;0;0;0;0;0;0;0;0;0;0;0;0;739;22;Y;Y;Y;Y;N;N;Y
213542;3814;3807;2015;complete;1291;2;-1;;68;0;1;1;2;3;5;3;1;2;2;0;0;5;4;5;5;10;9;16;12;50;50;2;2;2.33;3.58;3.11;0;0;0;0;0;0;0;0;0;0;0;0;0;0;0;0;0;0;0;0;0;0;0;0;0;0;0;0;0;0;0;0;0;0;0;0;0;0;0;0;0;0;0;0;0;0;0;0;0;0;0;0;0;0;0;0;0;0;0;0;0;0;0;0;0;1;0;0;0;1;1;0;2015-05-11 19:15:00;3807;0;0;0;0;0;-1;1;-1;-1;-1;-1;-1;-1;1;0;1;2;1;3;-1;0;0;0;0;0;0;0;0;0;0;0;0;0;1;1;0;0;-1;-1;0;0;-1;-1;-1;-1;-1;-1;-1;-1;-1;0;0;0;0;0;0;0;0;0;0;0;0;0;Leiknir Reykjavík;ÍA;0.73;1.18;0;0;3;0;0;0;0;0;0;0;0;0;0;0;0;739;22;Y;N;N;N;N;N;N
213543;3803;973;2015;complete;1291;2;-1;10,71;45,70;2;2;4;4;8;12;0;5;2;1;0;0;0;7;5;4;5;11;18;13;44;56;2;1;3.01;3.51;2.42;0;0;0;0;0;0;0;0;0;0;0;0;0;0;0;0;0;0;0;0;0;0;0;0;0;0;0;0;0;0;0;0;0;0;0;0;0;0;0;0;0;0;0;0;0;0;0;0;0;0;0;0;0;0;0;0;0;0;0;0;0;0;0;0;0;4;1;1;1;1;2;2;2015-05-11 19:15:00;-1;0;0;0;0;0;-1;1;-1;-1;-1;-1;-1;-1;0;0;2;1;0;3;-1;0;0;0;0;0;0;0;0;0;0;0;0;0;1;1;1;0;-1;-1;0;0;-1;-1;-1;-1;-1;-1;-1;-1;-1;0;0;0;0;0;0;0;0;0;0;0;0;0;Breidablik;KR;2.36;1.91;0;0;1;0;0;0;0;0;0;0;0;0;0;0;0;739;22;Y;Y;Y;Y;N;N;Y
213544;3808;3812;2015;complete;1291;2;-1;35;90;1;1;2;3;5;8;3;1;1;3;0;0;4;3;7;8;11;11;16;17;41;59;1;3;2.49;3.54;2.89;0;0;0;0;0;0;0;0;0;0;0;0;0;0;0;0;0;0;0;0;0;0;0;0;0;0;0;0;0;0;0;0;0;0;0;0;0;0;0;0;0;0;0;0;0;0;0;0;0;0;0;0;0;0;0;0;0;0;0;0;0;0;0;0;0;2;1;0;0;1;1;1;2015-05-11 19:15:00;-1;0;0;0;0;0;-1;1;-1;-1;-1;-1;-1;-1;1;0;0;3;1;3;-1;0;0;0;0;0;0;0;0;0;0;0;0;0;1;1;0;0;-1;-1;0;0;-1;-1;-1;-1;-1;-1;-1;-1;-1;0;0;0;0;50;0;0;50;0;7;1;0;0.5;Fjölnir;Fylkir;1.91;1.27;3;0;3;1;50;50;50;50;0;50;50;0;0;0;0;739;22;Y;Y;N;N;N;N;Y
213545;3812;3805;2015;complete;1291;3;-1;78,80,86;;3;0;3;7;2;9;0;2;0;0;0;0;7;2;7;3;14;5;10;12;54;46;0;0;1.68;4.05;5.33;0;0;0;0;0;0;0;0;0;0;0;0;0;0;0;0;0;0;0;0;0;0;0;0;0;0;0;0;0;0;0;0;0;0;0;0;0;0;0;0;0;0;0;0;0;0;0;0;0;0;0;0;0;0;0;0;0;0;0;0;0;0;0;0;0;3;0;0;3;0;3;0;2015-05-17 17:00:00;3812;0;50;0;0;0;-1;-1;-1;-1;-1;-1;-1;-1;0;0;0;0;0;0;-1;0;0;0;0;0;0;0;0;0;0;0;0;0;1;1;0;0;-1;-1;-1;-1;-1;-1;-1;-1;-1;-1;-1;-1;-1;0;0;0;50;100;0;50;100;0;13;3;4;1.5;Fylkir;ÍBV;1.36;0.36;1;0;1;0;100;100;100;50;0;100;100;50;0;0;0;739;22;Y;Y;Y;N;N;N;N
213546;3807;3810;2015;complete;1291;3;-1;42;17;1;1;2;5;6;11;1;3;1;1;0;0;5;6;2;4;7;10;9;19;51;49;1;1;3.03;3.64;2.35;0;0;0;0;0;0;0;0;0;0;0;0;0;0;0;0;0;0;0;0;0;0;0;0;0;0;0;0;0;0;0;0;0;0;0;0;0;0;0;0;0;0;0;0;0;0;0;0;0;0;0;0;0;0;0;0;0;0;0;0;0;0;0;0;0;2;1;1;0;0;0;2;2015-05-17 19:15:00;-1;0;50;0;50;0;-1;1;-1;-1;-1;-1;-1;-1;0;0;1;1;0;2;-1;0;0;0;0;0;0;0;0;0;0;0;0;0;1;1;0;0;-1;-1;0;0;-1;-1;-1;-1;-1;-1;-1;-1;-1;0;50;50;50;100;50;100;50;50;11;9;2;2.5;ÍA;Víkingur Reykjavík;1.45;0.73;0;3;1.5;2;100;50;50;50;0;100;100;100;0;0;0;739;22;Y;Y;N;N;N;N;Y
213547;973;3808;2015;complete;1291;3;-1;9,62;;2;0;2;5;6;11;5;2;1;4;0;1;3;6;1;2;4;8;17;19;53;47;1;5;1.48;4.69;7.07;0;0;0;0;0;0;0;0;0;0;0;0;0;0;0;0;0;0;0;0;0;0;0;0;0;0;0;0;0;0;0;0;0;0;0;0;0;0;0;0;0;0;0;0;0;0;0;0;0;0;0;0;0;0;0;0;0;0;0;0;0;0;0;0;0;2;1;0;1;0;1;1;2015-05-17 19:15:00;973;0;50;0;50;0;-1;1;-1;-1;-1;-1;-1;-1;0;2;1;3;2;4;-1;0;0;0;0;0;0;0;1;0;1;0;0;0;1;1;1;0;-1;-1;0;0;-1;-1;-1;-1;-1;-1;-1;-1;-1;0;50;50;50;50;0;0;50;50;2;4;3;2;KR;Fjölnir;1.91;1.09;0;0;0.5;2;50;0;0;0;0;0;0;0;0;0;0;739;22;Y;Y;N;N;N;N;N
213548;971;3814;2015;complete;1291;3;-1;27;74;1;1;2;6;2;8;1;1;2;1;0;0;5;3;5;5;10;8;10;14;53;47;2;1;1.44;4.92;7.91;0;0;0;0;0;0;0;0;0;0;0;0;0;0;0;0;0;0;0;0;0;0;0;0;0;0;0;0;0;0;0;0;0;0;0;0;0;0;0;0;0;0;0;0;0;0;0;0;0;0;0;0;0;0;0;0;0;0;0;0;0;0;0;0;0;2;1;0;0;1;1;1;2015-05-17 19:15:00;-1;0;0;0;0;0;-1;1;-1;-1;-1;-1;-1;-1;2;0;0;1;2;1;-1;0;0;0;0;0;0;0;0;1;0;1;0;0;1;1;0;0;-1;-1;0;0;-1;-1;-1;-1;-1;-1;-1;-1;-1;0;0;50;50;50;50;50;50;0;2;0;2;1.5;Stjarnan;Leiknir Reykjavík;1.18;0.64;0;3;3;1.5;50;50;0;0;0;0;0;0;0;0;0;739;22;Y;Y;N;N;N;N;Y
213549;3809;54;2015;complete;1291;3;-1;60,66;;2;0;2;9;5;14;1;1;2;1;0;0;3;5;9;3;12;8;16;13;44;56;2;1;5.19;4.15;1.69;0;0;0;0;0;0;0;0;0;0;0;0;0;0;0;0;0;0;0;0;0;0;0;0;0;0;0;0;0;0;0;0;0;0;0;0;0;0;0;0;0;0;0;0;0;0;0;0;0;0;0;0;0;0;0;0;0;0;0;0;0;0;0;0;0;2;0;0;2;0;2;0;2015-05-17 19:15:00;3809;0;50;0;50;0;-1;1;-1;-1;-1;-1;-1;-1;1;1;1;0;2;1;-1;0;0;0;0;0;0;0;0;0;0;0;0;0;1;1;0;0;-1;-1;0;0;-1;-1;-1;-1;-1;-1;-1;-1;-1;0;50;100;100;100;50;50;100;50;12;3;5;3.5;Valur;FH;1.55;2;0;3;0.5;3;100;50;0;0;0;0;0;0;0;0;0;739;22;Y;Y;N;N;N;N;N
213550;3815;3803;2015;complete;1291;3;-1;49;90;1;1;2;5;6;11;1;3;3;3;0;0;2;4;7;2;9;6;17;18;42;58;3;3;4.28;3.9;1.87;0;0;0;0;0;0;0;0;0;0;0;0;0;0;0;0;0;0;0;0;0;0;0;0;0;0;0;0;0;0;0;0;0;0;0;0;0;0;0;0;0;0;0;0;0;0;0;0;0;0;0;0;0;0;0;0;0;0;0;0;0;0;0;0;0;2;0;0;1;1;2;0;2015-05-17 20:00:00;-1;0;100;0;50;0;-1;1;-1;-1;-1;-1;-1;-1;0;1;3;2;1;5;-1;0;0;0;0;0;0;0;0;0;0;0;0;0;1;1;0;0;-1;-1;0;0;-1;-1;-1;-1;-1;-1;-1;-1;-1;0;50;50;100;100;50;100;100;50;16;1;4;3;Keflavík;Breidablik;0.73;1.82;0;1;0;1;100;50;50;0;0;100;100;100;0;0;0;739;22;Y;Y;N;N;N;N;Y
213551;3805;3814;2015;complete;1291;4;-1;22,70;2,29;2;2;4;6;2;8;5;0;2;1;0;0;8;5;4;8;12;13;14;17;55;45;2;1;2.97;3.39;2.51;0;0;0;0;0;0;0;0;0;0;0;0;0;0;0;0;0;0;0;0;0;0;0;0;0;0;0;0;0;0;0;0;0;0;0;0;0;0;0;0;0;0;0;0;0;0;0;0;0;0;0;0;0;0;0;0;0;0;0;0;0;0;0;0;0;4;1;2;1;0;1;3;2015-05-20 19:15:00;-1;0;25;0;0;0;-1;1;-1;-1;-1;-1;-1;-1;2;0;0;1;2;1;-1;0;0;0;0;0;0;0;0;0;0;0;0;0;1;1;0;1;-1;-1;0;0;-1;-1;-1;-1;-1;-1;-1;-1;-1;0;0;25;100;100;25;100;100;0;3;3.5;5.5;2.25;ÍBV;Leiknir Reykjavík;1.36;0.64;0;2;0;1.33;100;100;75;0;0;0;0;0;0;0;0;739;22;Y;Y;Y;Y;N;N;Y
213552;3803;3809;2015;complete;1291;4;-1;80;;1;0;1;3;6;9;1;2;0;2;0;0;9;8;4;10;13;18;10;15;49;51;0;2;2.31;3.48;3.23;0;0;0;0;0;0;0;0;0;0;0;0;0;0;0;0;0;0;0;0;0;0;0;0;0;0;0;0;0;0;0;0;0;0;0;0;0;0;0;0;0;0;0;0;0;0;0;0;0;0;0;0;0;0;0;0;0;0;0;0;0;0;0;0;0;1;0;0;1;0;1;0;2015-05-20 19:15:00;3803;0;100;50;50;0;-1;1;-1;-1;-1;-1;-1;-1;0;1;0;1;1;1;-1;0;0;0;0;0;0;0;0;0;0;0;0;0;1;1;0;0;-1;-1;0;0;-1;-1;-1;-1;-1;-1;-1;-1;-1;0;100;100;100;100;100;100;100;100;10;2;6;4;Breidablik;Valur;2.36;1.45;1;1;1;1.33;100;0;0;0;0;100;100;50;0;0;0;739;22;Y;N;N;N;N;N;N
213553;54;3807;2015;complete;1291;4;-1;29,39,57,72;79;4;1;5;12;3;15;2;1;1;1;0;0;7;5;4;2;11;7;9;7;59;41;1;1;1.39;5.11;8.53;0;0;0;0;0;0;0;0;0;0;0;0;0;0;0;0;0;0;0;0;0;0;0;0;0;0;0;0;0;0;0;0;0;0;0;0;0;0;0;0;0;0;0;0;0;0;0;0;0;0;0;0;0;0;0;0;0;0;0;0;0;0;0;0;0;5;2;0;2;1;3;2;2015-05-20 19:15:00;54;0;0;0;0;0;-1;1;-1;-1;-1;-1;-1;-1;0;0;1;1;0;2;-1;0;0;0;0;0;0;0;0;0;0;0;0;0;1;1;0;0;-1;-1;0;0;-1;-1;-1;-1;-1;-1;-1;-1;-1;0;0;0;50;100;0;0;100;50;11;4;3;1.5;FH;ÍA;2.36;1.18;3;3;2;1.33;100;100;100;50;0;50;50;50;0;0;0;739;22;Y;Y;Y;Y;Y;N;Y
213554;3808;3815;2015;complete;1291;4;-1;83;;1;0;1;3;5;8;3;1;3;1;0;0;6;6;5;3;11;9;17;17;50;50;3;1;2.2;3.43;3.51;0;0;0;0;0;0;0;0;0;0;0;0;0;0;0;0;0;0;0;0;0;0;0;0;0;0;0;0;0;0;0;0;0;0;0;0;0;0;0;0;0;0;0;0;0;0;0;0;0;0;0;0;0;0;0;0;0;0;0;0;0;0;0;0;0;1;0;0;1;0;1;0;2015-05-20 19:15:00;3808;0;25;0;0;0;-1;1;-1;-1;-1;-1;-1;-1;0;0;3;1;0;4;-1;0;0;0;0;0;0;0;1;0;1;0;0;0;1;1;0;0;-1;-1;0;0;-1;-1;-1;-1;-1;-1;-1;-1;-1;0;0;0;75;100;0;25;100;50;11;2;4.5;1.75;Fjölnir;Keflavík;1.91;0.18;2;0;1.33;0.33;100;100;100;25;0;75;75;50;0;0;0;739;22;Y;N;N;N;N;N;N
213555;3810;971;2015;complete;1291;4;-1;2,41;20,45;2;2;4;9;3;12;4;0;1;0;0;0;4;2;5;3;9;5;10;6;47;53;1;0;3.41;3.45;2.24;0;0;0;0;0;0;0;0;0;0;0;0;0;0;0;0;0;0;0;0;0;0;0;0;0;0;0;0;0;0;0;0;0;0;0;0;0;0;0;0;0;0;0;0;0;0;0;0;0;0;0;0;0;0;0;0;0;0;0;0;0;0;0;0;0;4;2;2;0;0;0;4;2015-05-20 19:15:00;-1;0;50;0;0;0;-1;1;-1;-1;-1;-1;-1;-1;0;0;1;0;0;1;-1;0;0;0;0;0;0;0;0;0;0;0;0;0;1;1;1;0;-1;-1;0;0;-1;-1;-1;-1;-1;-1;-1;-1;-1;0;50;50;75;100;50;100;75;50;10;4;3;2.75;Víkingur Reykjavík;Stjarnan;1.36;1.82;1;3;1.67;2.33;100;50;50;25;0;75;75;25;0;0;0;739;22;Y;Y;Y;Y;N;N;Y
213556;3812;973;2015;complete;1291;4;-1;22;6,35,90;1;3;4;5;4;9;1;0;4;2;0;0;5;4;4;8;9;12;15;12;54;46;4;2;3.46;3.61;2.16;0;0;0;0;0;0;0;0;0;0;0;0;0;0;0;0;0;0;0;0;0;0;0;0;0;0;0;0;0;0;0;0;0;0;0;0;0;0;0;0;0;0;0;0;0;0;0;0;0;0;0;0;0;0;0;0;0;0;0;0;0;0;0;0;0;4;1;2;0;1;1;3;2015-05-20 20:00:00;973;0;75;50;50;0;-1;1;-1;-1;-1;-1;-1;-1;1;0;3;2;1;5;-1;0;0;0;0;0;0;0;0;0;0;0;0;0;1;1;0;1;-1;-1;1;0;-1;-1;-1;-1;-1;-1;-1;-1;-1;0;50;75;100;100;50;75;100;75;16.5;6.5;2;3.25;Fylkir;KR;1.36;1.91;2;1;1.67;1.33;100;50;25;0;0;100;75;75;0;0;0;739;22;Y;Y;Y;Y;N;N;Y
213557;973;3805;2015;complete;1291;5;-1;80;;1;0;1;7;4;11;1;2;0;4;0;0;7;7;4;4;11;11;11;22;61;39;0;4;1.39;5.18;8.74;0;0;0;0;0;0;0;0;0;0;0;0;0;0;0;0;0;0;0;0;0;0;0;0;0;0;0;0;0;0;0;0;0;0;0;0;0;0;0;0;0;0;0;0;0;0;0;0;0;0;0;0;0;0;0;0;0;0;0;0;0;0;0;0;0;1;0;0;1;0;1;0;2015-05-25 17:00:00;973;0;25;0;25;0;-1;1;-1;-1;-1;-1;-1;-1;0;1;0;3;1;3;-1;0;0;0;0;0;0;0;0;0;0;0;0;0;1;1;0;0;-1;-1;0;0;-1;-1;-1;-1;-1;-1;-1;-1;-1;0;25;50;75;100;0;25;100;50;6;5.5;3;2.5;KR;ÍBV;1.91;0.36;1.5;0;1.75;0.25;100;75;50;25;0;75;50;25;0;0;0;739;22;Y;N;N;N;N;N;N
213558;3809;3808;2015;complete;1291;5;-1;10,32,34;21,28,44;3;3;6;8;6;14;4;2;1;2;0;0;6;3;5;4;11;7;10;14;64;36;1;2;1.81;3.83;4.75;0;0;0;0;0;0;0;0;0;0;0;0;0;0;0;0;0;0;0;0;0;0;0;0;0;0;0;0;0;0;0;0;0;0;0;0;0;0;0;0;0;0;0;0;0;0;0;0;0;0;0;0;0;0;0;0;0;0;0;0;0;0;0;0;0;6;3;3;0;0;0;6;2015-05-25 19:15:00;-1;0;0;0;0;0;-1;1;-1;-1;-1;-1;-1;-1;0;0;1;2;0;3;-1;0;0;0;0;0;0;0;0;0;0;0;0;0;1;1;1;0;-1;-1;0;0;-1;-1;-1;-1;-1;-1;-1;-1;-1;0;0;25;100;100;25;75;100;25;13.5;3;7;2.25;Valur;Fjölnir;1.55;1.09;1.5;0;1;1.75;100;100;75;0;0;75;75;75;0;0;0;739;22;Y;Y;Y;Y;Y;Y;Y
213559;3815;3812;2015;complete;1291;5;-1;62;53,59,70;1;3;4;4;8;12;1;3;3;2;0;0;3;3;4;7;7;10;10;18;39;61;3;2;3.06;3.44;2.45;0;0;0;0;0;0;0;0;0;0;0;0;0;0;0;0;0;0;0;0;0;0;0;0;0;0;0;0;0;0;0;0;0;0;0;0;0;0;0;0;0;0;0;0;0;0;0;0;0;0;0;0;0;0;0;0;0;0;0;0;0;0;0;0;0;4;0;0;1;3;4;0;2015-05-25 19:15:00;3812;0;100;0;50;0;-1;1;-1;-1;-1;-1;-1;-1;2;1;1;1;3;2;-1;0;0;0;0;0;0;0;0;1;0;1;0;0;1;1;0;0;-1;-1;0;1;-1;-1;-1;-1;-1;-1;-1;-1;-1;0;25;25;100;100;25;75;100;50;11.5;1.5;6;2.5;Keflavík;Fylkir;0.73;1.27;0.5;1;0.25;1.25;100;75;75;0;0;50;50;50;0;0;0;739;22;Y;Y;Y;Y;N;N;Y
213560;3814;3810;2015;complete;1291;5;-1;32,61;;2;0;2;9;3;12;1;2;2;3;0;0;9;7;3;3;12;10;11;13;45;55;2;3;2.95;3.53;2.45;0;0;0;0;0;0;0;0;0;0;0;0;0;0;0;0;0;0;0;0;0;0;0;0;0;0;0;0;0;0;0;0;0;0;0;0;0;0;0;0;0;0;0;0;0;0;0;0;0;0;0;0;0;0;0;0;0;0;0;0;0;0;0;0;0;2;1;0;1;0;1;1;2015-05-26 19:15:00;3814;0;50;25;25;0;-1;1;-1;-1;-1;-1;-1;-1;1;1;1;2;2;3;-1;0;0;0;0;0;0;0;0;0;0;0;0;0;1;1;0;0;-1;-1;0;0;-1;-1;-1;-1;-1;-1;-1;-1;-1;0;25;25;50;100;50;50;75;25;8.5;6;3;2;Leiknir Reykjavík;Víkingur Reykjavík;0.73;0.73;0;2;1.25;1.5;100;75;75;50;0;50;50;50;0;0;0;739;22;Y;Y;N;N;N;N;N
213561;3807;3803;2015;complete;1291;5;-1;;68;0;1;1;5;8;13;1;3;1;0;0;0;0;7;2;7;2;14;10;11;39;61;1;0;3.24;3.59;2.26;0;0;0;0;0;0;0;0;0;0;0;0;0;0;0;0;0;0;0;0;0;0;0;0;0;0;0;0;0;0;0;0;0;0;0;0;0;0;0;0;0;0;0;0;0;0;0;0;0;0;0;0;0;0;0;0;0;0;0;0;0;0;0;0;0;1;0;0;0;1;1;0;2015-05-26 19:15:00;3803;0;75;25;25;0;-1;1;-1;-1;-1;-1;-1;-1;0;0;1;0;0;1;-1;0;0;0;0;0;0;0;0;0;0;0;0;0;1;1;0;0;-1;-1;0;0;-1;-1;-1;-1;-1;-1;-1;-1;-1;0;0;0;75;100;25;75;50;25;11.5;5.5;3;1.75;ÍA;Breidablik;1.45;1.82;0.5;1;1;1.5;100;100;100;25;0;100;100;100;0;0;0;739;22;Y;N;N;N;N;N;N
213562;971;54;2015;complete;1291;5;-1;6;60;1;1;2;2;9;11;1;4;0;3;0;0;3;6;3;6;6;12;7;12;38;62;0;3;2.95;3.59;2.43;0;0;0;0;0;0;0;0;0;0;0;0;0;0;0;0;0;0;0;0;0;0;0;0;0;0;0;0;0;0;0;0;0;0;0;0;0;0;0;0;0;0;0;0;0;0;0;0;0;0;0;0;0;0;0;0;0;0;0;0;0;0;0;0;0;2;1;0;0;1;1;1;2015-05-26 20:00:00;-1;0;75;0;25;0;-1;1;-1;-1;-1;-1;-1;-1;0;0;0;3;0;3;-1;0;0;0;0;0;0;0;0;0;0;0;0;0;1;1;1;0;-1;-1;0;0;-1;-1;-1;-1;-1;-1;-1;-1;-1;0;25;25;100;100;0;50;100;50;11.5;2.5;4;2.5;Stjarnan;FH;1.18;2;1;1.5;2;2.25;100;75;75;0;0;25;25;25;0;0;0;739;22;Y;Y;N;N;N;N;Y
213563;3805;3810;2015;complete;1291;6;-1;17,26,32;69,78;3;2;5;5;7;12;1;0;6;3;0;0;2;6;3;9;5;15;14;21;48;52;6;3;3.39;3.63;2.18;0;0;0;0;0;0;0;0;0;0;0;0;0;0;0;0;0;0;0;0;0;0;0;0;0;0;0;0;0;0;0;0;0;0;0;0;0;0;0;0;0;0;0;0;0;0;0;0;0;0;0;0;0;0;0;0;0;0;0;0;0;0;0;0;0;5;3;0;0;2;2;3;2015-05-31 17:00:00;3805;0;59;42;17;0;-1;1;-1;-1;-1;-1;-1;-1;2;1;4;2;3;6;-1;0;0;0;0;0;0;0;0;1;0;1;0;0;1;1;0;0;-1;-1;1;0;-1;-1;-1;-1;-1;-1;-1;-1;-1;0;42;42;100;100;59;100;84;17;8.83;6.67;4.67;2.84;ÍBV;Víkingur Reykjavík;1.36;0.73;0.5;1.33;0.2;1.2;100;59;59;0;0;50;50;50;0;0;0;739;22;Y;Y;Y;Y;Y;N;Y
213564;973;3815;2015;complete;1291;6;-1;20,56,76,79;;4;0;4;10;1;11;0;1;0;3;0;0;9;4;5;4;14;8;12;12;58;42;0;3;1.32;5.8;9.99;0;0;0;0;0;0;0;0;0;0;0;0;0;0;0;0;0;0;0;0;0;0;0;0;0;0;0;0;0;0;0;0;0;0;0;0;0;0;0;0;0;0;0;0;0;0;0;0;0;0;0;0;0;0;0;0;0;0;0;0;0;0;0;0;0;4;1;0;3;0;3;1;2015-05-31 19:15:00;973;0;17;0;17;0;-1;1;-1;-1;-1;-1;-1;-1;0;2;0;1;2;1;-1;0;0;0;0;0;0;0;1;0;1;0;0;0;1;1;0;0;-1;-1;0;1;-1;-1;-1;-1;-1;-1;-1;-1;-1;0;17;17;59;100;0;17;100;42;10.17;3.83;3.83;1.92;KR;Keflavík;1.91;0.18;2;0;2;0.2;100;84;84;42;0;59;59;59;0;0;0;739;22;Y;Y;Y;Y;N;N;N
213565;3808;3807;2015;complete;1291;6;-1;16,63;;2;0;2;6;13;19;5;0;3;2;0;0;6;4;8;12;14;16;15;12;48;52;3;2;2.2;3.63;3.34;0;0;0;0;0;0;0;0;0;0;0;0;0;0;0;0;0;0;0;0;0;0;0;0;0;0;0;0;0;0;0;0;0;0;0;0;0;0;0;0;0;0;0;0;0;0;0;0;0;0;0;0;0;0;0;0;0;0;0;0;0;0;0;0;0;2;1;0;1;0;1;1;2015-05-31 19:15:00;3808;0;42;0;25;0;-1;1;-1;-1;-1;-1;-1;-1;0;1;3;1;1;4;-1;0;0;0;0;0;0;0;0;0;0;0;0;0;1;1;0;0;-1;-1;0;0;-1;-1;-1;-1;-1;-1;-1;-1;-1;25;25;25;42;100;25;42;100;25;7.33;3.33;2.83;2.17;Fjölnir;ÍA;1.91;1.18;2.33;1.5;1.6;0.8;75;75;75;59;0;42;42;25;0;0;0;739;22;Y;Y;N;N;N;N;N
213566;54;3814;2015;complete;1291;6;-1;6,29,66,90;19,72;4;2;6;5;7;12;1;2;3;2;0;0;7;5;6;1;13;6;17;14;51;49;3;2;1.41;5.03;8.26;0;0;0;0;0;0;0;0;0;0;0;0;0;0;0;0;0;0;0;0;0;0;0;0;0;0;0;0;0;0;0;0;0;0;0;0;0;0;0;0;0;0;0;0;0;0;0;0;0;0;0;0;0;0;0;0;0;0;0;0;0;0;0;0;0;6;2;1;2;1;3;3;2015-05-31 19:15:00;54;0;59;17;25;0;-1;1;-1;-1;-1;-1;-1;-1;1;0;2;2;1;4;-1;0;0;0;0;0;0;0;1;0;1;0;0;0;1;1;1;0;-1;-1;0;0;-1;-1;-1;-1;-1;-1;-1;-1;-1;25;42;59;100;100;59;75;100;50;12;2.83;2.33;3.25;FH;Leiknir Reykjavík;2.36;0.64;3;1.67;2;1.6;75;59;42;0;0;50;50;50;0;0;0;739;22;Y;Y;Y;Y;Y;Y;Y
213567;3812;3809;2015;complete;1291;6;-1;;42,52,59;0;3;3;3;5;8;2;4;1;0;0;0;4;3;7;6;11;9;15;10;57;43;1;0;2.63;3.6;2.69;0;0;0;0;0;0;0;0;0;0;0;0;0;0;0;0;0;0;0;0;0;0;0;0;0;0;0;0;0;0;0;0;0;0;0;0;0;0;0;0;0;0;0;0;0;0;0;0;0;0;0;0;0;0;0;0;0;0;0;0;0;0;0;0;0;3;0;1;0;2;2;1;2015-05-31 19:15:00;3809;0;59;17;0;0;-1;1;-1;-1;-1;-1;-1;-1;0;0;1;0;0;1;-1;0;0;0;0;0;0;0;0;0;0;0;0;0;1;1;0;0;-1;-1;0;0;-1;-1;-1;-1;-1;-1;-1;-1;-1;0;42;59;75;100;42;59;100;42;13.33;3.33;5;2.75;Fylkir;Valur;1.36;1.45;1.33;0.5;1.6;1;100;59;42;25;0;100;42;17;0;0;0;739;22;Y;Y;Y;N;N;N;N
213568;3803;971;2015;complete;1291;6;-1;12,15,37;;3;0;3;7;3;10;3;0;1;1;0;0;3;2;1;2;4;4;16;6;51;49;1;1;3.12;3.6;2.32;0;0;0;0;0;0;0;0;0;0;0;0;0;0;0;0;0;0;0;0;0;0;0;0;0;0;0;0;0;0;0;0;0;0;0;0;0;0;0;0;0;0;0;0;0;0;0;0;0;0;0;0;0;0;0;0;0;0;0;0;0;0;0;0;0;3;3;0;0;0;0;3;2015-05-31 20:00:00;3803;0;42;42;25;0;-1;1;-1;-1;-1;-1;-1;-1;1;0;0;1;1;1;-1;0;0;0;0;0;0;0;1;0;1;0;0;0;1;1;0;0;-1;-1;0;0;-1;-1;-1;-1;-1;-1;-1;-1;-1;0;42;42;59;100;42;75;67;25;8.5;1.83;1;2.42;Breidablik;Stjarnan;2.36;1.82;2;2.33;1.8;1.8;100;59;59;42;0;84;59;59;0;0;0;739;22;Y;Y;Y;N;N;N;N
213569;3815;3805;2015;complete;1291;7;-1;18,60,82;32;3;1;4;13;4;17;2;0;4;1;0;0;9;4;4;4;13;8;10;13;42;58;4;1;2.18;3.67;3.4;0;0;0;0;0;0;0;0;0;0;0;0;0;0;0;0;0;0;0;0;0;0;0;0;0;0;0;0;0;0;0;0;0;0;0;0;0;0;0;0;0;0;0;0;0;0;0;0;0;0;0;0;0;0;0;0;0;0;0;0;0;0;0;0;0;4;1;1;2;0;2;2;2015-06-07 17:00:00;3815;0;50;0;50;0;-1;1;-1;-1;-1;-1;-1;-1;1;1;3;0;2;3;-1;0;0;0;0;0;0;0;0;1;0;1;0;0;1;1;0;0;-1;-1;0;0;-1;-1;-1;-1;-1;-1;-1;-1;-1;0;34;50;67;100;17;17;100;67;8.67;2;5;2.5;Keflavík;ÍBV;0.73;0.36;0.33;0;0.17;0.67;100;67;50;34;0;100;84;67;0;0;0;739;22;Y;Y;Y;Y;N;N;Y
213570;971;3808;2015;complete;1291;7;-1;80;10,49,70;1;3;4;8;4;12;1;1;2;2;0;0;3;5;4;8;7;13;13;8;58;42;2;2;1.67;4.11;5.5;0;0;0;0;0;0;0;0;0;0;0;0;0;0;0;0;0;0;0;0;0;0;0;0;0;0;0;0;0;0;0;0;0;0;0;0;0;0;0;0;0;0;0;0;0;0;0;0;0;0;0;0;0;0;0;0;0;0;0;0;0;0;0;0;0;4;0;1;1;2;3;1;2015-06-07 19:15:00;3808;0;75;25;0;0;-1;1;-1;-1;-1;-1;-1;-1;0;0;2;2;0;4;-1;0;0;0;0;0;0;0;1;0;1;0;0;0;1;1;0;1;-1;-1;0;0;-1;-1;-1;-1;-1;-1;-1;-1;-1;25;25;25;100;100;25;100;75;0;10;3;4.5;3;Stjarnan;Fjölnir;1.18;1.09;1;0.5;1.5;1.83;75;75;75;0;0;75;75;75;0;0;0;739;22;Y;Y;Y;Y;N;N;Y
213571;3809;973;2015;complete;1291;7;-1;6,52,90;;3;0;3;1;13;14;5;1;5;3;0;0;5;7;1;6;6;13;19;7;40;60;5;3;3.5;3.82;2.09;0;0;0;0;0;0;0;0;0;0;0;0;0;0;0;0;0;0;0;0;0;0;0;0;0;0;0;0;0;0;0;0;0;0;0;0;0;0;0;0;0;0;0;0;0;0;0;0;0;0;0;0;0;0;0;0;0;0;0;0;0;0;0;0;0;3;1;0;2;0;2;1;2015-06-07 19:15:00;3809;0;67;67;25;0;-1;1;-1;-1;-1;-1;-1;-1;1;1;4;2;2;6;-1;0;0;0;0;0;0;0;1;0;1;0;0;0;1;1;1;0;-1;-1;0;0;-1;-1;-1;-1;-1;-1;-1;-1;-1;17;67;84;100;100;84;84;84;42;13.67;4.5;3.17;3.84;Valur;KR;1.55;1.91;1.33;2;1.33;2.17;84;34;17;0;0;84;59;59;0;0;0;739;22;Y;Y;Y;N;N;N;N
213572;3807;3812;2015;complete;1291;7;-1;;;0;0;0;2;7;9;1;6;6;2;0;0;3;7;2;9;5;16;17;19;36;64;6;2;2.97;3.7;2.39;0;0;0;0;0;0;0;0;0;0;0;0;0;0;0;0;0;0;0;0;0;0;0;0;0;0;0;0;0;0;0;0;0;0;0;0;0;0;0;0;0;0;0;0;0;0;0;0;0;0;0;0;0;0;0;0;0;0;0;0;0;0;0;0;0;0;0;0;0;0;0;0;2015-06-07 19:15:00;-1;0;67;17;25;0;-1;1;-1;-1;-1;-1;-1;-1;3;1;3;1;4;4;-1;0;0;0;0;0;0;0;0;0;0;0;0;0;1;1;0;0;-1;-1;1;0;-1;-1;-1;-1;-1;-1;-1;-1;-1;0;25;25;67;100;17;59;67;25;11.17;4.67;3.5;2.17;ÍA;Fylkir;1.45;1.27;0.33;2;0.67;1.33;100;75;75;34;0;75;75;75;0;0;0;739;22;N;N;N;N;N;N;N
213573;3814;3803;2015;complete;1291;7;-1;;45,79;0;2;2;6;6;12;2;2;1;2;0;0;4;4;5;7;9;11;18;14;46;54;1;2;3.84;3.73;2.01;0;0;0;0;0;0;0;0;0;0;0;0;0;0;0;0;0;0;0;0;0;0;0;0;0;0;0;0;0;0;0;0;0;0;0;0;0;0;0;0;0;0;0;0;0;0;0;0;0;0;0;0;0;0;0;0;0;0;0;0;0;0;0;0;0;2;0;1;0;1;1;1;2015-06-07 19:15:00;3803;0;34;0;17;0;-1;1;-1;-1;-1;-1;-1;-1;0;1;1;1;1;2;-1;0;0;0;0;0;0;0;0;0;0;0;0;0;1;1;0;0;-1;-1;0;0;-1;-1;-1;-1;-1;-1;-1;-1;-1;0;0;0;59;100;0;42;100;17;12.83;4.33;3.33;1.59;Leiknir Reykjavík;Breidablik;0.73;1.82;1.5;1.67;1.33;2;100;100;100;42;0;75;75;75;0;0;0;739;22;Y;Y;N;N;N;N;N
213574;3810;54;2015;complete;1291;7;-1;;51;0;1;1;1;5;6;2;2;4;2;0;0;3;4;4;2;7;6;8;16;40;60;4;2;5.19;4.26;1.67;0;0;0;0;0;0;0;0;0;0;0;0;0;0;0;0;0;0;0;0;0;0;0;0;0;0;0;0;0;0;0;0;0;0;0;0;0;0;0;0;0;0;0;0;0;0;0;0;0;0;0;0;0;0;0;0;0;0;0;0;0;0;0;0;0;1;0;0;0;1;1;0;2015-06-07 20:00:00;54;0;84;25;17;0;-1;1;-1;-1;-1;-1;-1;-1;1;1;3;1;2;4;-1;0;0;0;0;0;0;0;0;0;0;0;0;0;1;1;0;0;-1;-1;0;0;-1;-1;-1;-1;-1;-1;-1;-1;-1;0;67;67;100;100;50;67;75;59;13.17;5.33;4.33;3.34;Víkingur Reykjavík;FH;1.36;2;1;1.33;1;2.17;100;34;34;0;0;84;84;59;0;0;0;739;22;Y;N;N;N;N;N;N
213575;3805;54;2015;complete;1291;8;-1;56;22,38,81,90;1;4;5;5;6;11;1;1;1;4;0;0;7;10;3;4;10;14;8;12;44;56;1;4;8.8;5.54;1.36;0;0;0;0;0;0;0;0;0;0;0;0;0;0;0;0;0;0;0;0;0;0;0;0;0;0;0;0;0;0;0;0;0;0;0;0;0;0;0;0;0;0;0;0;0;0;0;0;0;0;0;0;0;0;0;0;0;0;0;0;0;0;0;0;0;5;0;2;1;2;3;2;2015-06-14 17:00:00;54;0;59;17;13;0;-1;1;-1;-1;-1;-1;-1;-1;0;1;1;3;1;4;-1;0;0;0;0;0;0;0;0;0;0;0;0;0;1;1;0;0;-1;-1;0;0;-1;-1;-1;-1;-1;-1;-1;-1;-1;17;46;46;88;100;34;63;100;42;10.25;5.25;6.25;2.96;ÍBV;FH;1.36;2;1.33;1.75;0.57;2.29;84;54;54;13;0;42;42;42;0;0;0;739;22;Y;Y;Y;Y;Y;N;Y
213576;3815;3809;2015;complete;1291;8;-1;63;42,43;1;2;3;9;12;21;0;4;1;2;0;0;5;5;2;3;7;8;11;17;49;51;1;2;4.16;3.92;1.87;0;0;0;0;0;0;0;0;0;0;0;0;0;0;0;0;0;0;0;0;0;0;0;0;0;0;0;0;0;0;0;0;0;0;0;0;0;0;0;0;0;0;0;0;0;0;0;0;0;0;0;0;0;0;0;0;0;0;0;0;0;0;0;0;0;3;0;2;1;0;1;2;2015-06-14 19:15:00;3809;0;67;13;38;0;-1;1;-1;-1;-1;-1;-1;-1;0;1;1;1;1;2;-1;0;0;0;0;0;0;0;0;1;0;1;0;0;1;1;0;0;-1;-1;0;0;-1;-1;-1;-1;-1;-1;-1;-1;-1;0;54;71;84;100;42;59;100;84;13.17;3.67;5.25;3.09;Keflavík;Valur;0.73;1.45;1;1.33;0.57;1.57;100;46;29;17;0;84;67;50;0;0;0;739;22;Y;Y;Y;N;N;N;Y
213577;3803;3810;2015;complete;1291;8;-1;15,26,57,86;50;4;1;5;2;9;11;0;6;1;0;0;0;5;3;4;4;9;7;11;11;49;51;1;0;1.8;3.94;4.52;0;0;0;0;0;0;0;0;0;0;0;0;0;0;0;0;0;0;0;0;0;0;0;0;0;0;0;0;0;0;0;0;0;0;0;0;0;0;0;0;0;0;0;0;0;0;0;0;0;0;0;0;0;0;0;0;0;0;0;0;0;0;0;0;0;5;2;0;2;1;3;2;2015-06-14 19:15:00;3803;0;54;29;29;0;-1;1;-1;-1;-1;-1;-1;-1;0;0;1;0;0;1;-1;0;0;0;0;0;0;0;0;0;0;0;0;0;1;1;0;0;-1;-1;0;0;-1;-1;-1;-1;-1;-1;-1;-1;-1;13;42;59;84;100;71;84;71;42;10.42;3.33;3;2.96;Breidablik;Víkingur Reykjavík;2.36;0.73;2.33;1;2.14;0.86;88;59;42;17;0;100;84;67;0;0;0;739;22;Y;Y;Y;Y;Y;N;Y
213578;3812;971;2015;complete;1291;8;-1;;42,72;0;2;2;5;1;6;1;2;1;2;0;0;7;3;7;0;14;3;14;15;50;50;1;2;3.11;3.61;2.32;0;0;0;0;0;0;0;0;0;0;0;0;0;0;0;0;0;0;0;0;0;0;0;0;0;0;0;0;0;0;0;0;0;0;0;0;0;0;0;0;0;0;0;0;0;0;0;0;0;0;0;0;0;0;0;0;0;0;0;0;0;0;0;0;0;2;0;1;0;1;1;1;2015-06-15 19:15:00;971;0;38;25;0;0;-1;1;-1;-1;-1;-1;-1;-1;1;1;0;1;2;1;-1;0;0;0;0;0;0;0;0;0;0;0;0;0;1;1;0;0;-1;-1;0;0;-1;-1;-1;-1;-1;-1;-1;-1;-1;0;25;63;88;100;38;88;63;25;10.75;2.5;2;2.75;Fylkir;Stjarnan;1.36;1.82;1;1.75;1.29;1.29;100;75;38;13;0;75;50;38;0;0;0;739;22;Y;Y;N;N;N;N;N
213579;973;3807;2015;complete;1291;8;-1;61;44;1;1;2;14;3;17;6;1;3;3;0;0;10;7;8;5;18;12;14;11;65;35;3;3;1.34;5.84;8.82;0;0;0;0;0;0;0;0;0;0;0;0;0;0;0;0;0;0;0;0;0;0;0;0;0;0;0;0;0;0;0;0;0;0;0;0;0;0;0;0;0;0;0;0;0;0;0;0;0;0;0;0;0;0;0;0;0;0;0;0;0;0;0;0;0;2;0;1;1;0;1;1;2015-06-15 19:15:00;-1;0;29;0;29;0;-1;1;-1;-1;-1;-1;-1;-1;0;2;3;1;2;4;-1;0;0;0;0;0;0;0;0;0;0;0;0;0;1;1;0;0;-1;-1;0;0;-1;-1;-1;-1;-1;-1;-1;-1;-1;17;42;42;71;100;17;59;100;42;12.33;3.17;2.67;2.71;KR;ÍA;1.91;1.18;2.25;1;1.86;0.71;84;59;59;29;0;71;71;71;0;0;0;739;22;Y;Y;N;N;N;N;Y
213580;3808;3814;2015;complete;1291;8;-1;59,88,90;;3;0;3;3;6;9;0;1;3;2;0;0;4;5;10;5;14;10;15;11;44;56;3;2;1.93;3.81;4.05;0;0;0;0;0;0;0;0;0;0;0;0;0;0;0;0;0;0;0;0;0;0;0;0;0;0;0;0;0;0;0;0;0;0;0;0;0;0;0;0;0;0;0;0;0;0;0;0;0;0;0;0;0;0;0;0;0;0;0;0;0;0;0;0;0;3;0;0;3;0;3;0;2015-06-15 20:00:00;3808;0;50;25;13;0;-1;1;-1;-1;-1;-1;-1;-1;1;0;2;2;1;4;-1;0;0;0;0;0;0;0;0;0;0;0;0;0;1;1;0;0;-1;-1;0;0;-1;-1;-1;-1;-1;-1;-1;-1;-1;13;25;38;75;100;38;75;100;13;8;3.75;3.25;2.63;Fjölnir;Leiknir Reykjavík;1.91;0.64;2.5;1.25;2;1.14;88;75;63;25;0;38;38;25;0;0;0;739;22;Y;Y;Y;N;N;N;N
213581;3809;3805;2015;complete;1291;9;-1;69;38;1;1;2;2;3;5;2;2;1;3;0;0;4;3;4;1;8;4;9;20;58;42;1;3;1.47;4.99;6.71;0;0;0;0;0;0;0;0;0;0;0;0;0;0;0;0;0;0;0;0;0;0;0;0;0;0;0;0;0;0;0;0;0;0;0;0;0;0;0;0;0;0;0;0;0;0;0;0;0;0;0;0;0;0;0;0;0;0;0;0;0;0;0;0;0;2;0;1;1;0;1;1;2015-06-21 17:00:00;-1;0;25;25;0;0;-1;1;-1;-1;-1;-1;-1;-1;0;1;1;2;1;3;-1;0;0;0;0;0;0;0;0;1;0;1;0;0;1;1;0;0;-1;-1;0;1;-1;-1;-1;-1;-1;-1;-1;-1;-1;13;25;63;75;100;38;50;88;50;9.25;3.75;4.25;2.88;Valur;ÍBV;1.55;0.36;1.75;0;1.75;0.5;88;75;38;25;0;88;75;63;0;0;0;739;22;Y;Y;N;N;N;N;Y
213582;54;3803;2015;complete;1291;9;-1;90;69;1;1;2;4;6;10;2;1;3;1;1;0;4;3;2;6;6;9;15;10;48;52;5;1;1.71;4;5.06;0;0;0;0;0;0;0;0;0;0;0;0;0;0;0;0;0;0;0;0;0;0;0;0;0;0;0;0;0;0;0;0;0;0;0;0;0;0;0;0;0;0;0;0;0;0;0;0;0;0;0;0;0;0;0;0;0;0;0;0;0;0;0;0;0;2;0;0;1;1;2;0;2015-06-21 20:00:00;-1;0;59;17;46;0;-1;1;-1;-1;-1;-1;-1;-1;1;0;3;1;1;4;-1;0;0;0;0;0;0;0;0;0;0;0;0;0;1;1;0;0;-1;-1;0;0;-1;-1;-1;-1;-1;-1;-1;-1;-1;34;34;34;88;100;34;59;100;63;15.33;4.25;3.17;3.04;FH;Breidablik;2.36;1.82;3;2;2.38;2.25;67;67;67;13;0;100;100;100;0;0;0;739;22;Y;Y;N;N;N;N;Y
213583;3814;3812;2015;complete;1291;9;-1;89;74;1;1;2;5;8;13;0;5;1;1;0;0;4;4;2;5;6;9;6;16;44;56;1;1;2.95;3.59;2.42;0;0;0;0;0;0;0;0;0;0;0;0;0;0;0;0;0;0;0;0;0;0;0;0;0;0;0;0;0;0;0;0;0;0;0;0;0;0;0;0;0;0;0;0;0;0;0;0;0;0;0;0;0;0;0;0;0;0;0;0;0;0;0;0;0;2;0;0;1;1;2;0;2015-06-22 19:15:00;-1;0;34;0;17;0;-1;1;-1;-1;-1;-1;-1;-1;0;0;1;1;0;2;-1;0;0;0;0;0;0;0;0;0;0;0;0;0;1;1;0;0;-1;-1;0;0;-1;-1;-1;-1;-1;-1;-1;-1;-1;0;17;17;67;84;0;50;84;17;12.34;5.33;4;1.84;Leiknir Reykjavík;Fylkir;0.73;1.27;1;1.67;1;1.13;100;84;84;33;17;67;50;50;0;0;0;739;22;Y;Y;N;N;N;N;Y
213584;3810;3808;2015;complete;1291;9;-1;39,55;;2;0;2;4;9;13;7;1;2;3;0;0;8;4;4;4;12;8;7;13;46;54;2;3;2.73;3.6;2.59;0;0;0;0;0;0;0;0;0;0;0;0;0;0;0;0;0;0;0;0;0;0;0;0;0;0;0;0;0;0;0;0;0;0;0;0;0;0;0;0;0;0;0;0;0;0;0;0;0;0;0;0;0;0;0;0;0;0;0;0;0;0;0;0;0;2;1;0;1;0;1;1;2015-06-22 19:15:00;3810;0;67;33;17;0;-1;1;-1;-1;-1;-1;-1;-1;1;1;1;2;2;3;-1;0;0;0;0;0;0;0;0;0;0;0;0;0;1;1;0;0;-1;-1;1;0;-1;-1;-1;-1;-1;-1;-1;-1;-1;17;67;67;84;100;50;84;67;33;10;4.34;5.67;3.5;Víkingur Reykjavík;Fjölnir;1.36;1.09;0.67;1.33;0.75;2.13;84;33;33;17;0;84;84;67;0;0;0;739;22;Y;Y;N;N;N;N;N
213585;3807;3815;2015;complete;1291;9;-1;2,36,39,90;16,34;4;2;6;11;5;16;1;2;2;1;0;0;4;5;6;9;10;14;9;12;43;57;2;1;2.29;3.62;3.15;0;0;0;0;0;0;0;0;0;0;0;0;0;0;0;0;0;0;0;0;0;0;0;0;0;0;0;0;0;0;0;0;0;0;0;0;0;0;0;0;0;0;0;0;0;0;0;0;0;0;0;0;0;0;0;0;0;0;0;0;0;0;0;0;0;6;3;2;1;0;1;5;2015-06-22 19:15:00;3807;0;13;13;0;0;-1;1;-1;-1;-1;-1;-1;-1;0;0;2;1;0;3;-1;0;0;0;0;0;0;0;0;0;0;0;0;0;1;1;1;0;-1;-1;0;0;-1;-1;-1;-1;-1;-1;-1;-1;-1;0;17;17;46;88;13;42;63;34;8;2.92;4.92;1.67;ÍA;Keflavík;1.45;0.18;0.5;0;0.75;0.5;100;84;84;54;13;84;71;71;0;0;0;739;22;Y;Y;Y;Y;Y;Y;Y
213586;971;973;2015;complete;1291;9;-1;;68;0;1;1;3;2;5;1;0;5;1;1;0;3;7;2;6;5;13;18;11;51;49;7;1;2.79;3.61;2.53;0;0;0;0;0;0;0;0;0;0;0;0;0;0;0;0;0;0;0;0;0;0;0;0;0;0;0;0;0;0;0;0;0;0;0;0;0;0;0;0;0;0;0;0;0;0;0;0;0;0;0;0;0;0;0;0;0;0;0;0;0;0;0;0;0;1;0;0;0;1;1;0;2015-06-22 20:00:00;973;0;84;34;33;0;-1;1;-1;-1;-1;-1;-1;-1;1;0;5;1;1;6;-1;0;0;0;0;0;0;0;0;0;0;0;0;0;1;1;0;0;-1;-1;0;0;-1;-1;-1;-1;-1;-1;-1;-1;-1;0;50;67;100;100;34;100;100;50;13.66;3;3.33;3.17;Stjarnan;KR;1.18;1.91;0.67;1.33;1.5;1.75;100;50;34;0;0;84;67;67;0;0;0;739;22;Y;N;N;N;N;N;N
213587;3812;3810;2015;complete;1291;10;-1;90;;1;0;1;6;3;9;2;0;3;1;0;0;5;5;7;5;12;10;13;8;46;54;3;1;1.89;3.74;4.28;0;0;0;0;0;0;0;0;0;0;0;0;0;0;0;0;0;0;0;0;0;0;0;0;0;0;0;0;0;0;0;0;0;0;0;0;0;0;0;0;0;0;0;0;0;0;0;0;0;0;0;0;0;0;0;0;0;0;0;0;0;0;0;0;0;1;0;0;1;0;1;0;2015-06-26 19:15:00;3812;0;60;20;20;0;-1;1;-1;-1;-1;-1;-1;-1;1;0;2;1;1;3;-1;0;0;0;0;0;0;0;0;0;0;0;0;0;1;1;0;0;-1;-1;0;0;-1;-1;-1;-1;-1;-1;-1;-1;-1;20;40;60;100;100;50;90;90;50;12.4;4.2;3.2;3.2;Fylkir;Víkingur Reykjavík;1.36;0.73;0.8;0.8;1.11;1;80;60;40;0;0;80;60;60;0;0;0;739;22;Y;N;N;N;N;N;N
213588;3805;3803;2015;complete;1291;10;-1;72,74;;2;0;2;4;3;7;1;3;3;3;0;0;0;7;4;6;4;13;18;11;47;53;3;3;5.54;4;1.67;0;0;0;0;0;0;0;0;0;0;0;0;0;0;0;0;0;0;0;0;0;0;0;0;0;0;0;0;0;0;0;0;0;0;0;0;0;0;0;0;0;0;0;0;0;0;0;0;0;0;0;0;0;0;0;0;0;0;0;0;0;0;0;0;0;2;0;0;2;0;2;0;2015-06-28 17:00:00;3805;0;68;13;33;0;-1;1;-1;-1;-1;-1;-1;-1;1;1;2;2;2;4;-1;0;0;0;0;0;0;0;0;0;0;0;0;0;1;1;0;0;-1;-1;0;0;-1;-1;-1;-1;-1;-1;-1;-1;-1;25;38;38;90;100;38;70;100;45;11.05;4.5;4.65;2.9;ÍBV;Breidablik;1.36;1.82;1;1.8;0.56;2.11;75;63;63;10;0;75;75;65;0;0;0;739;22;Y;Y;N;N;N;N;N
213589;973;3814;2015;complete;1291;10;-1;75;;1;0;1;5;2;7;2;3;1;3;0;1;4;0;3;5;7;5;10;21;56;44;1;5;1.32;5.66;9.99;0;0;0;0;0;0;0;0;0;0;0;0;0;0;0;0;0;0;0;0;0;0;0;0;0;0;0;0;0;0;0;0;0;0;0;0;0;0;0;0;0;0;0;0;0;0;0;0;0;0;0;0;0;0;0;0;0;0;0;0;0;0;0;0;0;1;0;0;1;0;1;0;2015-06-28 19:15:00;973;0;50;20;20;0;-1;1;-1;-1;-1;-1;-1;-1;1;1;0;3;2;3;-1;0;0;0;0;0;0;0;0;0;0;0;0;0;1;1;0;0;-1;-1;0;0;-1;-1;-1;-1;-1;-1;-1;-1;-1;10;40;60;90;100;30;70;100;40;11.4;4;3;3.1;KR;Leiknir Reykjavík;1.91;0.64;2;1;1.89;1;90;60;40;10;0;60;50;50;0;0;0;739;22;Y;N;N;N;N;N;N
213590;3809;3807;2015;complete;1291;10;-1;21,30,41,82;37,65;4;2;6;2;2;4;7;4;4;1;0;0;5;7;6;4;11;11;13;7;50;50;4;1;1.47;4.94;6.88;0;0;0;0;0;0;0;0;0;0;0;0;0;0;0;0;0;0;0;0;0;0;0;0;0;0;0;0;0;0;0;0;0;0;0;0;0;0;0;0;0;0;0;0;0;0;0;0;0;0;0;0;0;0;0;0;0;0;0;0;0;0;0;0;0;6;3;1;1;1;2;4;2015-06-28 19:15:00;3809;0;45;10;13;0;-1;1;-1;-1;-1;-1;-1;-1;0;0;4;1;0;5;-1;0;0;0;0;0;0;0;0;0;0;0;0;0;1;1;0;0;-1;-1;0;0;-1;-1;-1;-1;-1;-1;-1;-1;-1;23;23;43;88;100;33;78;90;33;10.7;3.35;4.2;2.85;Valur;ÍA;1.55;1.18;1.6;1;1.67;1;78;78;58;13;0;68;68;68;0;0;0;739;22;Y;Y;Y;Y;Y;Y;Y
213591;3808;54;2015;complete;1291;10;-1;39;37,76,83;1;3;4;5;5;10;0;1;2;2;0;0;7;4;2;6;9;10;14;14;40;60;2;2;4.54;3.88;1.81;0;0;0;0;0;0;0;0;0;0;0;0;0;0;0;0;0;0;0;0;0;0;0;0;0;0;0;0;0;0;0;0;0;0;0;0;0;0;0;0;0;0;0;0;0;0;0;0;0;0;0;0;0;0;0;0;0;0;0;0;0;0;0;0;0;4;1;1;0;2;2;2;2015-06-28 20:00:00;54;0;40;0;20;0;-1;1;-1;-1;-1;-1;-1;-1;1;1;1;1;2;2;-1;0;0;0;0;0;0;0;0;0;0;0;0;0;1;1;0;0;-1;-1;0;0;-1;-1;-1;-1;-1;-1;-1;-1;-1;10;20;30;70;100;10;40;100;40;10.6;4.4;4.6;2.3;Fjölnir;FH;1.91;2;2.6;2;1.89;2.22;90;80;70;30;0;60;50;40;0;0;0;739;22;Y;Y;Y;Y;N;N;Y
213592;3815;971;2015;complete;1291;10;-1;36;24,46;1;2;3;5;5;10;2;3;4;1;0;0;6;5;9;10;15;15;13;8;46;54;4;1;3.86;3.76;1.98;0;0;0;0;0;0;0;0;0;0;0;0;0;0;0;0;0;0;0;0;0;0;0;0;0;0;0;0;0;0;0;0;0;0;0;0;0;0;0;0;0;0;0;0;0;0;0;0;0;0;0;0;0;0;0;0;0;0;0;0;0;0;0;0;0;3;1;1;0;1;1;2;2015-06-29 20:00:00;971;0;60;20;30;0;-1;1;-1;-1;-1;-1;-1;-1;1;0;3;1;1;4;-1;0;0;0;0;0;0;0;0;0;0;0;0;0;1;1;0;0;-1;-1;0;0;-1;-1;-1;-1;-1;-1;-1;-1;-1;0;40;60;90;100;50;80;70;40;11.6;2;3.4;2.9;Keflavík;Stjarnan;0.73;1.82;0.8;2;0.44;1.33;100;60;40;10;0;80;80;70;0;0;0;739;22;Y;Y;Y;N;N;N;Y
213593;971;3809;2015;complete;1291;11;-1;21;27,77;1;2;3;9;4;13;0;2;1;1;0;0;3;2;4;8;7;10;11;14;48;52;1;1;2.48;3.6;2.86;0;0;0;0;0;0;0;0;0;0;0;0;0;0;0;0;0;0;0;0;0;0;0;0;0;0;0;0;0;0;0;0;0;0;0;0;0;0;0;0;0;0;0;0;0;0;0;0;0;0;0;0;0;0;0;0;0;0;0;0;0;0;0;0;0;3;1;1;0;1;1;2;2015-07-10 20:00:00;3809;0;63;0;13;0;-1;1;-1;-1;-1;-1;-1;-1;0;0;1;1;0;2;-1;0;0;0;0;0;0;0;0;0;0;0;0;0;1;1;0;0;-1;-1;0;0;-1;-1;-1;-1;-1;-1;-1;-1;-1;0;25;50;75;100;25;75;100;38;12;4;4.75;2.5;Stjarnan;Valur;1.18;1.45;0.5;1.75;1.5;1.8;100;75;50;25;0;63;50;38;0;0;0;739;22;Y;Y;Y;N;N;N;Y
213594;3807;3805;2015;complete;1291;11;-1;39,47,75;11;3;1;4;4;6;10;3;5;0;2;0;0;7;8;6;6;13;14;9;11;44;56;0;2;2.05;3.61;3.77;0;0;0;0;0;0;0;0;0;0;0;0;0;0;0;0;0;0;0;0;0;0;0;0;0;0;0;0;0;0;0;0;0;0;0;0;0;0;0;0;0;0;0;0;0;0;0;0;0;0;0;0;0;0;0;0;0;0;0;0;0;0;0;0;0;4;1;1;2;0;2;2;2015-07-12 17:00:00;3807;0;40;30;0;0;-1;1;-1;-1;-1;-1;-1;-1;0;1;0;1;1;1;-1;0;0;0;0;0;0;0;0;0;0;0;0;0;1;1;0;0;-1;-1;0;0;-1;-1;-1;-1;-1;-1;-1;-1;-1;10;20;30;50;90;30;50;70;20;8.6;3.2;4.2;2.1;ÍA;ÍBV;1.45;0.36;1;0.2;0.9;0.8;90;80;70;50;10;90;70;60;0;0;0;739;22;Y;Y;Y;Y;N;N;Y
213595;3810;973;2015;complete;1291;11;-1;;11,37,40;0;3;3;5;6;11;5;2;4;0;0;0;3;4;2;2;5;6;19;12;44;56;4;0;4.8;3.98;1.75;0;0;0;0;0;0;0;0;0;0;0;0;0;0;0;0;0;0;0;0;0;0;0;0;0;0;0;0;0;0;0;0;0;0;0;0;0;0;0;0;0;0;0;0;0;0;0;0;0;0;0;0;0;0;0;0;0;0;0;0;0;0;0;0;0;3;0;3;0;0;0;3;2015-07-12 19:15:00;973;0;50;38;13;0;-1;1;-1;-1;-1;-1;-1;-1;0;0;4;0;0;4;-1;0;0;0;0;0;0;0;0;0;0;0;0;0;1;1;0;0;-1;-1;0;0;-1;-1;-1;-1;-1;-1;-1;-1;-1;0;50;63;75;100;50;75;88;38;11.25;5.25;4.25;2.88;Víkingur Reykjavík;KR;1.36;1.91;1.25;1.75;0.9;2;100;50;38;25;0;75;63;50;0;0;0;739;22;Y;Y;Y;N;N;N;N
213596;54;3812;2015;complete;1291;11;-1;57,90;47,90;2;2;4;7;5;12;1;3;3;3;0;0;5;3;6;6;11;9;12;12;65;35;3;3;1.38;5.25;8.8;0;0;0;0;0;0;0;0;0;0;0;0;0;0;0;0;0;0;0;0;0;0;0;0;0;0;0;0;0;0;0;0;0;0;0;0;0;0;0;0;0;0;0;0;0;0;0;0;0;0;0;0;0;0;0;0;0;0;0;0;0;0;0;0;0;4;0;0;2;2;4;0;2015-07-12 19:15:00;-1;0;75;13;63;0;-1;1;-1;-1;-1;-1;-1;-1;0;1;3;2;1;5;-1;0;0;0;0;0;0;0;0;0;0;0;0;0;1;1;0;0;-1;-1;0;0;-1;-1;-1;-1;-1;-1;-1;-1;-1;25;38;38;88;88;25;38;88;75;14.25;5.75;4.5;2.88;FH;Fylkir;2.36;1.27;2.5;1.5;2.3;1.3;75;63;63;13;13;88;75;63;0;0;0;739;22;Y;Y;Y;Y;N;N;Y
213597;3814;3815;2015;complete;1291;11;-1;30;6;1;1;2;6;6;12;2;1;3;5;0;0;2;0;3;5;5;5;13;14;48;52;3;5;2.09;3.6;3.65;0;0;0;0;0;0;0;0;0;0;0;0;0;0;0;0;0;0;0;0;0;0;0;0;0;0;0;0;0;0;0;0;0;0;0;0;0;0;0;0;0;0;0;0;0;0;0;0;0;0;0;0;0;0;0;0;0;0;0;0;0;0;0;0;0;2;1;1;0;0;0;2;2015-07-13 19:15:00;-1;0;25;13;13;0;-1;1;-1;-1;-1;-1;-1;-1;1;2;2;3;3;5;-1;0;0;0;0;0;0;0;0;0;0;0;0;0;1;1;0;1;-1;-1;0;0;-1;-1;-1;-1;-1;-1;-1;-1;-1;13;25;25;75;100;13;50;100;38;9.75;2.5;3.75;2.5;Leiknir Reykjavík;Keflavík;0.73;0.18;1;0;0.9;0.4;88;75;75;25;0;75;75;75;0;0;0;739;22;Y;Y;N;N;N;N;Y
213598;3803;3808;2015;complete;1291;11;-1;39,70;;2;0;2;2;5;7;2;2;1;1;0;0;2;13;2;6;4;19;15;13;52;48;1;1;1.78;3.87;4.8;0;0;0;0;0;0;0;0;0;0;0;0;0;0;0;0;0;0;0;0;0;0;0;0;0;0;0;0;0;0;0;0;0;0;0;0;0;0;0;0;0;0;0;0;0;0;0;0;0;0;0;0;0;0;0;0;0;0;0;0;0;0;0;0;0;2;1;0;1;0;1;1;2015-07-13 20:00:00;3803;0;50;25;38;0;-1;1;-1;-1;-1;-1;-1;-1;0;1;1;0;1;1;-1;0;0;0;0;0;0;0;0;0;0;0;0;0;1;1;0;0;-1;-1;0;0;-1;-1;-1;-1;-1;-1;-1;-1;-1;25;50;63;88;100;50;88;75;38;10.25;2.5;4;3.38;Breidablik;Fjölnir;2.36;1.09;2.5;1;1.9;1.7;75;50;38;13;0;100;88;75;0;0;0;739;22;Y;Y;N;N;N;N;N
213599;971;3807;2015;complete;1291;12;-1;38;76;1;1;2;7;2;9;4;3;1;2;0;1;8;4;8;4;16;8;11;18;67;33;1;3;1.96;3.74;3.95;0;0;0;0;0;0;0;0;0;0;0;0;0;0;0;0;0;0;0;0;0;0;0;0;0;0;0;0;0;0;0;0;0;0;0;0;0;0;0;0;0;0;0;0;0;0;0;0;0;0;0;0;0;0;0;0;0;0;0;0;0;0;0;0;0;2;1;0;0;1;1;1;2015-07-18 16:00:00;-1;0;70;20;30;0;-1;1;-1;-1;-1;-1;-1;-1;1;1;0;2;2;2;-1;0;0;0;0;0;0;0;0;0;0;0;0;0;1;1;0;0;-1;-1;0;0;-1;-1;-1;-1;-1;-1;-1;-1;-1;20;30;40;80;100;30;80;100;30;10.4;2.2;4.2;2.8;Stjarnan;ÍA;1.18;1.18;0.4;0.8;1.36;1.09;80;70;60;20;0;60;60;60;0;0;0;739;22;Y;Y;N;N;N;N;Y
213600;3805;3808;2015;complete;1291;12;-1;3,13,30,74;;4;0;4;6;7;13;2;2;2;1;0;0;9;7;3;4;12;11;12;12;52;48;2;1;3.87;3.74;1.98;0;0;0;0;0;0;0;0;0;0;0;0;0;0;0;0;0;0;0;0;0;0;0;0;0;0;0;0;0;0;0;0;0;0;0;0;0;0;0;0;0;0;0;0;0;0;0;0;0;0;0;0;0;0;0;0;0;0;0;0;0;0;0;0;0;4;3;0;1;0;1;3;2015-07-19 17:00:00;3805;0;50;20;20;0;-1;1;-1;-1;-1;-1;-1;-1;1;0;1;1;1;2;-1;0;0;0;0;0;0;0;1;0;1;0;0;0;1;1;1;0;-1;-1;0;0;-1;-1;-1;-1;-1;-1;-1;-1;-1;30;50;50;100;100;40;90;90;40;10.2;3.8;5.8;3.4;ÍBV;Fjölnir;1.36;1.09;1.4;0.8;0.73;1.55;70;50;50;0;0;60;60;60;0;0;0;739;22;Y;Y;Y;Y;N;N;N
213601;3810;3815;2015;complete;1291;12;-1;25,45,65,68,71,80,85;55;7;1;8;4;4;8;3;1;0;2;0;0;3;7;2;6;5;13;12;13;47;53;0;2;1.87;3.84;4.25;0;0;0;0;0;0;0;0;0;0;0;0;0;0;0;0;0;0;0;0;0;0;0;0;0;0;0;0;0;0;0;0;0;0;0;0;0;0;0;0;0;0;0;0;0;0;0;0;0;0;0;0;0;0;0;0;0;0;0;0;0;0;0;0;0;8;2;0;5;1;6;2;2015-07-19 19:15:00;3810;0;40;30;0;0;-1;1;-1;-1;-1;-1;-1;-1;0;1;0;1;1;1;-1;0;0;0;0;0;0;0;0;0;0;0;0;0;1;1;0;0;-1;-1;0;0;-1;-1;-1;-1;-1;-1;-1;-1;-1;10;40;50;80;100;50;70;70;30;9.2;5;5.6;2.9;Víkingur Reykjavík;Keflavík;1.36;0.18;1;0.2;0.82;0.45;90;60;50;20;0;80;80;70;0;0;0;739;22;Y;Y;Y;Y;Y;Y;Y
213602;54;973;2015;complete;1291;12;-1;11;56,58,68;1;3;4;10;4;14;2;1;4;3;0;0;2;2;1;3;3;5;17;16;46;54;4;3;2.14;3.67;3.45;0;0;0;0;0;0;0;0;0;0;0;0;0;0;0;0;0;0;0;0;0;0;0;0;0;0;0;0;0;0;0;0;0;0;0;0;0;0;0;0;0;0;0;0;0;0;0;0;0;0;0;0;0;0;0;0;0;0;0;0;0;0;0;0;0;4;1;0;0;3;3;1;2015-07-19 20:00:00;973;0;60;30;50;0;-1;1;-1;-1;-1;-1;-1;-1;1;1;3;2;2;5;-1;0;0;0;0;0;0;0;0;1;0;1;0;0;1;1;0;0;-1;-1;0;0;-1;-1;-1;-1;-1;-1;-1;-1;-1;20;50;70;90;100;50;60;90;70;13.8;3.4;4;3.4;FH;KR;2.36;1.91;2.2;2;2.18;2.09;80;50;30;10;0;90;80;70;0;0;0;739;22;Y;Y;Y;Y;N;N;Y
213603;3803;3812;2015;complete;1291;12;-1;;70;0;1;1;12;1;13;0;4;1;5;0;0;7;4;6;5;13;9;9;20;64;36;1;5;1.88;3.85;4.16;0;0;0;0;0;0;0;0;0;0;0;0;0;0;0;0;0;0;0;0;0;0;0;0;0;0;0;0;0;0;0;0;0;0;0;0;0;0;0;0;0;0;0;0;0;0;0;0;0;0;0;0;0;0;0;0;0;0;0;0;0;0;0;0;0;1;0;0;0;1;1;0;2015-07-20 19:15:00;3812;0;60;10;50;0;-1;1;-1;-1;-1;-1;-1;-1;0;0;1;5;0;6;-1;0;0;0;0;0;0;0;0;0;0;0;0;0;1;1;0;0;-1;-1;0;0;-1;-1;-1;-1;-1;-1;-1;-1;-1;10;40;50;80;90;30;50;80;50;10.2;4.8;3.2;2.7;Breidablik;Fylkir;2.36;1.27;2.6;1.4;2;1.27;90;60;50;20;10;80;60;50;0;0;0;739;22;Y;N;N;N;N;N;N
213604;3814;3809;2015;complete;1291;12;-1;;23;0;1;1;4;1;5;2;5;2;3;0;0;2;3;2;3;4;6;16;17;53;47;2;3;4.95;4.04;1.72;0;0;0;0;0;0;0;0;0;0;0;0;0;0;0;0;0;0;0;0;0;0;0;0;0;0;0;0;0;0;0;0;0;0;0;0;0;0;0;0;0;0;0;0;0;0;0;0;0;0;0;0;0;0;0;0;0;0;0;0;0;0;0;0;0;1;0;1;0;0;0;1;2015-07-20 20:00:00;3809;0;50;20;10;0;-1;1;-1;-1;-1;-1;-1;-1;0;0;2;3;0;5;-1;0;0;0;0;0;0;0;0;0;0;0;0;0;1;1;0;0;-1;-1;0;0;-1;-1;-1;-1;-1;-1;-1;-1;-1;0;10;40;80;100;40;70;90;30;12.2;4.4;3.6;2.3;Leiknir Reykjavík;Valur;0.73;1.45;1;2;0.91;1.91;100;90;60;20;0;80;70;60;0;0;0;739;22;Y;N;N;N;N;N;N
213605;3809;3810;2015;complete;1291;13;-1;;76;0;1;1;4;5;9;2;5;2;3;0;0;7;9;1;4;8;13;13;9;55;45;2;3;1.71;4.16;4.82;0;0;0;0;0;0;0;0;0;0;0;0;0;0;0;0;0;0;0;0;0;0;0;0;0;0;0;0;0;0;0;0;0;0;0;0;0;0;0;0;0;0;0;0;0;0;0;0;0;0;0;0;0;0;0;0;0;0;0;0;0;0;0;0;0;1;0;0;0;1;1;0;2015-07-25 16:30:00;3810;0;59;25;25;0;-1;1;-1;-1;-1;-1;-1;-1;0;0;2;3;0;5;-1;0;0;0;0;0;0;0;0;1;0;1;0;0;1;1;0;0;-1;-1;0;0;-1;-1;-1;-1;-1;-1;-1;-1;-1;33;42;59;92;100;59;83;83;50;10.5;5.66;4;3.42;Valur;Víkingur Reykjavík;1.55;0.73;1.83;0.67;2;1;67;59;42;9;0;75;67;67;0;0;0;739;22;Y;N;N;N;N;N;N
213606;971;3805;2015;complete;1291;13;-1;19,35,90;;3;0;3;5;3;8;0;1;1;3;0;0;5;6;9;3;14;9;13;14;51;49;1;3;1.73;4.03;4.89;0;0;0;0;0;0;0;0;0;0;0;0;0;0;0;0;0;0;0;0;0;0;0;0;0;0;0;0;0;0;0;0;0;0;0;0;0;0;0;0;0;0;0;0;0;0;0;0;0;0;0;0;0;0;0;0;0;0;0;0;0;0;0;0;0;3;2;0;1;0;1;2;2015-07-26 17:00:00;971;0;67;25;9;0;-1;1;-1;-1;-1;-1;-1;-1;1;1;0;2;2;2;-1;0;0;0;0;0;0;0;0;0;0;0;0;0;1;1;0;0;-1;-1;0;0;-1;-1;-1;-1;-1;-1;-1;-1;-1;0;25;42;75;100;25;67;100;34;9.5;3.16;4.17;2.42;Stjarnan;ÍBV;1.18;0.36;0.5;0.17;1.33;0.92;100;75;59;25;0;75;59;42;0;0;0;739;22;Y;Y;Y;N;N;N;N
213607;3807;3814;2015;complete;1291;13;-1;38,84;90;2;1;3;3;9;12;0;4;1;1;0;0;6;4;9;5;15;9;12;17;40;60;1;1;2.15;3.68;3.4;0;0;0;0;0;0;0;0;0;0;0;0;0;0;0;0;0;0;0;0;0;0;0;0;0;0;0;0;0;0;0;0;0;0;0;0;0;0;0;0;0;0;0;0;0;0;0;0;0;0;0;0;0;0;0;0;0;0;0;0;0;0;0;0;0;3;1;0;1;1;2;1;2015-07-26 19:15:00;3807;0;50;42;9;0;-1;1;-1;-1;-1;-1;-1;-1;1;0;0;1;1;1;-1;0;0;0;0;0;0;0;0;0;0;0;0;0;1;1;0;0;-1;-1;0;0;-1;-1;-1;-1;-1;-1;-1;-1;-1;17;33;50;67;92;50;67;75;25;8.67;3.34;4;2.75;ÍA;Leiknir Reykjavík;1.45;0.64;1.33;0.83;1.08;0.83;83;67;50;34;9;67;50;42;0;0;0;739;22;Y;Y;Y;N;N;N;Y
213608;3812;3808;2015;complete;1291;13;-1;;5,29,36,89;0;4;4;8;2;10;0;1;0;1;0;0;5;0;2;0;7;0;12;16;55;45;0;1;2.16;3.62;3.44;0;0;0;0;0;0;0;0;0;0;0;0;0;0;0;0;0;0;0;0;0;0;0;0;0;0;0;0;0;0;0;0;0;0;0;0;0;0;0;0;0;0;0;0;0;0;0;0;0;0;0;0;0;0;0;0;0;0;0;0;0;0;0;0;0;4;0;3;0;1;1;3;2015-07-26 19:15:00;3808;0;33;17;9;0;-1;1;-1;-1;-1;-1;-1;-1;0;0;0;1;0;1;-1;0;0;0;0;0;0;0;0;0;0;0;0;0;1;1;0;1;-1;-1;0;0;-1;-1;-1;-1;-1;-1;-1;-1;-1;9;34;50;92;100;25;84;92;25;12.17;3.17;4.16;2.92;Fylkir;Fjölnir;1.36;1.09;1.17;0.67;1.42;1.42;92;67;50;9;0;75;50;50;0;0;0;739;22;Y;Y;Y;Y;N;N;N
213609;973;3803;2015;complete;1291;13;-1;;;0;0;0;3;4;7;5;1;1;1;0;0;6;6;6;4;12;10;11;17;61;39;1;1;1.62;4.15;5.85;0;0;0;0;0;0;0;0;0;0;0;0;0;0;0;0;0;0;0;0;0;0;0;0;0;0;0;0;0;0;0;0;0;0;0;0;0;0;0;0;0;0;0;0;0;0;0;0;0;0;0;0;0;0;0;0;0;0;0;0;0;0;0;0;0;0;0;0;0;0;0;0;2015-07-27 20:00:00;-1;0;42;0;25;0;-1;1;-1;-1;-1;-1;-1;-1;1;1;0;0;2;0;-1;0;0;0;0;0;0;0;0;0;0;0;0;0;1;1;0;0;-1;-1;0;0;-1;-1;-1;-1;-1;-1;-1;-1;-1;0;17;17;75;100;0;42;100;42;13.34;5.17;3;2.08;KR;Breidablik;1.91;1.82;2.17;1.5;2.17;1.83;100;84;84;25;0;75;75;67;0;0;0;739;22;N;N;N;N;N;N;N
213610;3815;54;2015;complete;1291;13;-1;44;32,74;1;2;3;1;6;7;1;3;1;3;0;0;2;3;2;4;4;7;8;12;39;61;1;3;8.4;5.08;1.4;0;0;0;0;0;0;0;0;0;0;0;0;0;0;0;0;0;0;0;0;0;0;0;0;0;0;0;0;0;0;0;0;0;0;0;0;0;0;0;0;0;0;0;0;0;0;0;0;0;0;0;0;0;0;0;0;0;0;0;0;0;0;0;0;0;3;1;1;0;1;1;2;2015-07-28 19:15:00;54;0;84;25;42;0;-1;1;-1;-1;-1;-1;-1;-1;1;1;0;2;2;2;-1;0;0;0;0;0;0;0;0;0;0;0;0;0;1;1;0;0;-1;-1;0;0;-1;-1;-1;-1;-1;-1;-1;-1;-1;9;50;67;92;100;50;59;100;67;13.33;2.83;5.5;3.17;Keflavík;FH;0.73;2;0.67;2.17;0.42;2;92;50;34;9;0;84;84;67;0;0;0;739;22;Y;Y;Y;N;N;N;Y
213611;3805;3812;2015;complete;1291;14;-1;;60;0;1;1;2;7;9;1;2;3;2;0;0;4;7;4;4;8;11;17;11;59;41;3;2;3.09;3.56;2.35;0;0;0;0;0;0;0;0;0;0;0;0;0;0;0;0;0;0;0;0;0;0;0;0;0;0;0;0;0;0;0;0;0;0;0;0;0;0;0;0;0;0;0;0;0;0;0;0;0;0;0;0;0;0;0;0;0;0;0;0;0;0;0;0;0;1;0;0;0;1;1;0;2015-08-05 18:00:00;3812;0;59;9;34;0;-1;1;-1;-1;-1;-1;-1;-1;1;0;2;2;1;4;-1;0;0;0;0;0;0;0;0;0;0;0;0;0;1;1;0;0;-1;-1;0;0;-1;-1;-1;-1;-1;-1;-1;-1;-1;17;50;50;84;92;34;50;92;50;10.17;5.84;5.67;2.92;ÍBV;Fylkir;1.36;1.27;1.67;1.67;0.85;1.31;84;50;50;17;9;67;59;59;0;0;0;739;22;Y;N;N;N;N;N;N
213612;3810;3807;2015;complete;1291;14;-1;3;32;1;1;2;3;10;13;7;2;1;2;0;0;4;3;3;9;7;12;9;8;46;54;1;2;1.61;4.29;5.64;0;0;0;0;0;0;0;0;0;0;0;0;0;0;0;0;0;0;0;0;0;0;0;0;0;0;0;0;0;0;0;0;0;0;0;0;0;0;0;0;0;0;0;0;0;0;0;0;0;0;0;0;0;0;0;0;0;0;0;0;0;0;0;0;0;2;1;1;0;0;0;2;2015-08-05 19:15:00;-1;0;59;17;25;0;-1;1;-1;-1;-1;-1;-1;-1;1;0;0;2;1;2;-1;0;0;0;0;0;0;0;0;0;0;0;0;0;1;1;1;0;-1;-1;0;0;-1;-1;-1;-1;-1;-1;-1;-1;-1;25;42;50;83;100;50;83;84;33;8.83;5.5;4.33;3.34;Víkingur Reykjavík;ÍA;1.36;1.18;1.33;0.83;1.15;1.23;75;59;50;17;0;67;59;50;0;0;0;739;22;Y;Y;N;N;N;N;Y
213613;54;3809;2015;complete;1291;14;-1;45,81;67;2;1;3;1;2;3;3;3;1;2;0;0;6;2;1;4;7;6;14;15;51;49;1;2;1.85;3.92;4.28;0;0;0;0;0;0;0;0;0;0;0;0;0;0;0;0;0;0;0;0;0;0;0;0;0;0;0;0;0;0;0;0;0;0;0;0;0;0;0;0;0;0;0;0;0;0;0;0;0;0;0;0;0;0;0;0;0;0;0;0;0;0;0;0;0;3;1;0;1;1;2;1;2015-08-05 19:15:00;54;0;67;17;34;0;-1;1;-1;-1;-1;-1;-1;-1;0;1;1;1;1;2;-1;0;0;0;0;0;0;0;0;0;0;0;0;0;1;1;0;0;-1;-1;0;0;-1;-1;-1;-1;-1;-1;-1;-1;-1;17;42;67;84;100;42;67;92;67;13.34;5;4.83;3.17;FH;Valur;2.36;1.45;1.83;2.17;2.08;1.85;84;58;33;17;0;84;75;58;0;0;0;739;22;Y;Y;Y;N;N;N;Y
213614;3814;971;2015;complete;1291;14;-1;74;;1;0;1;5;5;10;5;3;2;2;0;0;5;5;2;7;7;12;12;18;46;54;2;2;4.13;3.72;1.93;0;0;0;0;0;0;0;0;0;0;0;0;0;0;0;0;0;0;0;0;0;0;0;0;0;0;0;0;0;0;0;0;0;0;0;0;0;0;0;0;0;0;0;0;0;0;0;0;0;0;0;0;0;0;0;0;0;0;0;0;0;0;0;0;0;1;0;0;1;0;1;0;2015-08-05 19:15:00;3814;0;33;25;9;0;-1;1;-1;-1;-1;-1;-1;-1;0;0;2;2;0;4;-1;0;0;0;0;0;0;0;0;0;0;0;0;0;1;1;0;0;-1;-1;0;0;-1;-1;-1;-1;-1;-1;-1;-1;-1;0;9;25;75;100;34;84;59;9;9.33;3.17;2.5;2.09;Leiknir Reykjavík;Stjarnan;0.73;1.82;0.83;2.17;0.77;1.46;100;92;75;25;0;67;67;50;0;0;0;739;22;Y;N;N;N;N;N;N
213615;3808;973;2015;complete;1291;14;-1;5,77;57;2;1;3;2;14;16;4;2;5;1;0;0;4;6;1;5;5;11;18;10;33;67;5;1;4.9;3.99;1.74;0;0;0;0;0;0;0;0;0;0;0;0;0;0;0;0;0;0;0;0;0;0;0;0;0;0;0;0;0;0;0;0;0;0;0;0;0;0;0;0;0;0;0;0;0;0;0;0;0;0;0;0;0;0;0;0;0;0;0;0;0;0;0;0;0;3;1;0;1;1;2;1;2015-08-05 19:15:00;3808;0;42;25;9;0;-1;1;-1;-1;-1;-1;-1;-1;1;0;4;1;1;5;-1;0;0;0;0;0;0;0;0;0;0;0;0;0;1;1;1;0;-1;-1;0;0;-1;-1;-1;-1;-1;-1;-1;-1;-1;0;34;58;75;100;34;67;92;42;10.67;3.5;3.67;2.67;Fjölnir;KR;1.91;1.91;2.17;2.17;1.54;2.08;100;67;42;25;0;75;59;42;0;0;0;739;22;Y;Y;Y;N;N;N;Y
213616;3803;3815;2015;complete;1291;14;-1;42,44,50,67;;4;0;4;9;5;14;3;3;0;4;0;0;6;4;2;2;8;6;7;18;56;44;0;4;1.36;5.34;9.3;0;0;0;0;0;0;0;0;0;0;0;0;0;0;0;0;0;0;0;0;0;0;0;0;0;0;0;0;0;0;0;0;0;0;0;0;0;0;0;0;0;0;0;0;0;0;0;0;0;0;0;0;0;0;0;0;0;0;0;0;0;0;0;0;0;4;2;0;2;0;2;2;2015-08-05 19:15:00;3803;0;42;25;25;0;-1;1;-1;-1;-1;-1;-1;-1;0;0;0;4;0;4;-1;0;0;0;0;0;0;0;0;0;0;0;0;0;1;1;0;0;-1;-1;0;0;-1;-1;-1;-1;-1;-1;-1;-1;-1;25;42;50;75;100;50;67;83;42;9.5;2;3.67;3.25;Breidablik;Keflavík;2.36;0.18;2.17;0.17;1.77;0.38;75;59;50;25;0;75;67;59;0;0;0;739;22;Y;Y;Y;Y;N;N;N
213617;3814;3805;2015;complete;1291;15;-1;;13,58;0;2;2;15;2;17;3;0;2;3;0;0;10;2;4;2;14;4;13;17;64;36;2;3;2.35;3.54;3.11;0;0;0;0;0;0;0;0;0;0;0;0;0;0;0;0;0;0;0;0;0;0;0;0;0;0;0;0;0;0;0;0;0;0;0;0;0;0;0;0;0;0;0;0;0;0;0;0;0;0;0;0;0;0;0;0;0;0;0;0;0;0;0;0;0;2;0;1;0;1;1;1;2015-08-09 17:00:00;3805;0;36;22;7;0;-1;1;-1;-1;-1;-1;-1;-1;1;3;1;0;4;1;-1;0;0;0;0;0;0;0;0;0;0;0;0;0;1;1;0;0;-1;-1;0;0;-1;-1;-1;-1;-1;-1;-1;-1;-1;0;15;29;64;100;29;57;86;29;8.86;3.85;4;2.07;Leiknir Reykjavík;ÍBV;0.73;0.36;1.14;0.14;0.93;0.79;100;86;72;36;0;71;64;43;0;0;0;739;22;Y;Y;N;N;N;N;N
213618;971;3810;2015;complete;1291;15;-1;75;83;1;1;2;6;3;9;1;2;3;3;2;0;4;5;6;3;10;8;14;17;60;40;6;3;2.31;3.65;3.09;0;0;0;0;0;0;0;0;0;0;0;0;0;0;0;0;0;0;0;0;0;0;0;0;0;0;0;0;0;0;0;0;0;0;0;0;0;0;0;0;0;0;0;0;0;0;0;0;0;0;0;0;0;0;0;0;0;0;0;0;0;0;0;0;0;2;0;0;1;1;2;0;2015-08-09 19:15:00;-1;0;64;14;22;0;-1;1;-1;-1;-1;-1;-1;-1;0;1;5;2;1;7;-1;0;0;0;0;0;0;0;0;0;0;0;0;0;1;1;0;0;-1;-1;0;0;-1;-1;-1;-1;-1;-1;-1;-1;-1;15;29;43;79;100;43;79;93;29;11.42;3.85;3.71;2.65;Stjarnan;Víkingur Reykjavík;1.18;0.73;0.86;1;1.36;1.14;86;72;57;22;0;79;57;57;0;0;0;739;22;Y;Y;N;N;N;N;Y
213619;3807;54;2015;complete;1291;15;-1;4,81;25,49,53;2;3;5;2;12;14;1;2;2;3;1;0;4;7;6;4;10;11;13;15;41;59;4;3;7.73;4.87;1.44;0;0;0;0;0;0;0;0;0;0;0;0;0;0;0;0;0;0;0;0;0;0;0;0;0;0;0;0;0;0;0;0;0;0;0;0;0;0;0;0;0;0;0;0;0;0;0;0;0;0;0;0;0;0;0;0;0;0;0;0;0;0;0;0;0;5;1;1;1;2;3;2;2015-08-10 19:15:00;54;0;64;36;22;0;-1;1;-1;-1;-1;-1;-1;-1;1;0;2;3;1;5;-1;0;0;0;0;0;0;0;0;0;0;0;0;0;1;1;1;0;-1;-1;0;0;-1;-1;-1;-1;-1;-1;-1;-1;-1;14;36;50;72;93;43;64;79;43;10.86;3.86;4.28;2.72;ÍA;FH;1.45;2;1.57;2.29;1.21;2.14;86;64;50;29;7;79;72;57;0;0;0;739;22;Y;Y;Y;Y;Y;N;Y
213620;3815;3808;2015;complete;1291;15;-1;62;43;1;1;2;5;4;9;0;3;4;1;0;0;6;6;7;5;13;11;15;13;50;50;4;1;3.65;3.77;2.04;0;0;0;0;0;0;0;0;0;0;0;0;0;0;0;0;0;0;0;0;0;0;0;0;0;0;0;0;0;0;0;0;0;0;0;0;0;0;0;0;0;0;0;0;0;0;0;0;0;0;0;0;0;0;0;0;0;0;0;0;0;0;0;0;0;2;0;1;1;0;1;1;2015-08-10 19:15:00;-1;0;65;29;29;0;-1;1;-1;-1;-1;-1;-1;-1;1;0;3;1;1;4;-1;0;0;0;0;0;0;0;0;0;0;0;0;0;1;1;0;0;-1;-1;0;0;-1;-1;-1;-1;-1;-1;-1;-1;-1;7;50;72;100;100;57;86;93;36;12;2.57;4.85;3.36;Keflavík;Fjölnir;0.73;1.09;0.57;1;0.36;1.64;93;50;29;0;0;86;86;71;0;0;0;739;22;Y;Y;N;N;N;N;Y
213621;3809;3803;2015;complete;1291;15;-1;;38;0;1;1;9;5;14;1;2;3;4;0;0;5;2;8;8;13;10;20;11;51;49;3;4;2.47;3.48;2.96;0;0;0;0;0;0;0;0;0;0;0;0;0;0;0;0;0;0;0;0;0;0;0;0;0;0;0;0;0;0;0;0;0;0;0;0;0;0;0;0;0;0;0;0;0;0;0;0;0;0;0;0;0;0;0;0;0;0;0;0;0;0;0;0;0;1;0;1;0;0;0;1;2015-08-10 19:15:00;3803;0;43;15;22;0;-1;1;-1;-1;-1;-1;-1;-1;1;1;2;3;2;5;-1;0;0;0;0;0;0;0;0;0;0;0;0;0;1;1;0;0;-1;-1;0;0;-1;-1;-1;-1;-1;-1;-1;-1;-1;15;15;29;79;93;22;50;86;43;10.43;5.14;4;2.43;Valur;Breidablik;1.55;1.82;1.57;1.43;1.71;1.86;86;86;72;22;7;64;57;50;0;0;0;739;22;Y;N;N;N;N;N;N
213622;973;3812;2015;complete;1291;15;-1;79,83;;2;0;2;8;3;11;1;9;2;4;0;0;4;3;9;1;13;4;14;22;68;32;2;4;3.65;3.77;2.04;0;0;0;0;0;0;0;0;0;0;0;0;0;0;0;0;0;0;0;0;0;0;0;0;0;0;0;0;0;0;0;0;0;0;0;0;0;0;0;0;0;0;0;0;0;0;0;0;0;0;0;0;0;0;0;0;0;0;0;0;0;0;0;0;0;2;0;0;2;0;2;0;2015-08-10 19:15:00;973;0;43;0;29;0;-1;1;-1;-1;-1;-1;-1;-1;2;1;0;3;3;3;-1;0;0;0;0;0;0;0;0;0;0;0;0;0;1;1;0;0;-1;-1;0;0;-1;-1;-1;-1;-1;-1;-1;-1;-1;0;29;29;57;86;0;29;86;36;12.43;6.72;3.86;2;KR;Fylkir;1.91;1.27;2;1.86;1.93;1.43;100;71;71;43;14;72;57;57;0;0;0;739;22;Y;Y;N;N;N;N;N
213623;3810;3814;2015;complete;1291;16;-1;90;87;1;1;2;4;6;10;2;1;2;5;0;0;4;6;8;5;12;11;12;12;52;48;2;5;1.7;4.06;5.07;0;0;0;0;0;0;0;0;0;0;0;0;0;0;0;0;0;0;0;0;0;0;0;0;0;0;0;0;0;0;0;0;0;0;0;0;0;0;0;0;0;0;0;0;0;0;0;0;0;0;0;0;0;0;0;0;0;0;0;0;0;0;0;0;0;2;0;0;1;1;2;0;2015-08-17 18:00:00;-1;0;57;29;22;0;-1;1;-1;-1;-1;-1;-1;-1;2;0;0;5;2;5;-1;0;0;0;0;0;0;0;1;0;1;0;0;0;1;1;0;0;-1;-1;0;0;-1;-1;-1;-1;-1;-1;-1;-1;-1;14;36;64;86;100;57;79;79;36;8.58;5.86;4.14;3.29;Víkingur Reykjavík;Leiknir Reykjavík;1.36;0.64;1.29;0.71;1.13;0.87;86;64;36;14;0;57;50;43;0;0;0;739;22;Y;Y;N;N;N;N;Y
213624;3803;3807;2015;complete;1291;16;-1;48,88,90;84;3;1;4;12;6;18;10;1;0;1;0;0;6;2;9;2;15;4;7;5;62;38;0;1;1.46;4.7;7.58;0;0;0;0;0;0;0;0;0;0;0;0;0;0;0;0;0;0;0;0;0;0;0;0;0;0;0;0;0;0;0;0;0;0;0;0;0;0;0;0;0;0;0;0;0;0;0;0;0;0;0;0;0;0;0;0;0;0;0;0;0;0;0;0;0;4;0;0;3;1;4;0;2015-08-17 18:00:00;3803;0;50;22;29;0;-1;1;-1;-1;-1;-1;-1;-1;0;0;0;1;0;1;-1;0;0;0;0;0;0;0;0;0;0;0;0;0;1;1;0;0;-1;-1;0;0;-1;-1;-1;-1;-1;-1;-1;-1;-1;22;36;43;79;100;50;79;86;36;10.71;3;2.86;2.86;Breidablik;ÍA;2.36;1.18;2.29;0.86;1.93;1.13;79;64;57;22;0;79;64;57;0;0;0;739;22;Y;Y;Y;Y;N;N;Y
213625;3812;3815;2015;complete;1291;16;-1;11,19,21;6,15,76;3;3;6;15;6;21;2;1;1;1;0;0;8;3;7;6;15;9;6;7;60;40;1;1;1.57;4.36;6.13;0;0;0;0;0;0;0;0;0;0;0;0;0;0;0;0;0;0;0;0;0;0;0;0;0;0;0;0;0;0;0;0;0;0;0;0;0;0;0;0;0;0;0;0;0;0;0;0;0;0;0;0;0;0;0;0;0;0;0;0;0;0;0;0;0;6;3;2;0;1;1;5;2015-08-17 18:00:00;-1;0;36;22;7;0;-1;1;-1;-1;-1;-1;-1;-1;0;0;1;1;0;2;-1;0;0;0;0;0;0;0;0;1;0;1;0;0;1;1;0;1;-1;-1;0;0;-1;-1;-1;-1;-1;-1;-1;-1;-1;15;43;57;86;100;43;71;93;43;10.86;2.58;4.43;3.29;Fylkir;Keflavík;1.36;0.18;1;0.14;1.33;0.4;86;57;43;14;0;71;50;43;0;0;0;739;22;Y;Y;Y;Y;Y;Y;Y
213626;54;971;2015;complete;1291;16;-1;12,23,49,67;;4;0;4;5;4;9;8;0;1;3;0;0;4;6;8;3;12;9;7;9;54;46;1;3;1.56;4.43;6.14;0;0;0;0;0;0;0;0;0;0;0;0;0;0;0;0;0;0;0;0;0;0;0;0;0;0;0;0;0;0;0;0;0;0;0;0;0;0;0;0;0;0;0;0;0;0;0;0;0;0;0;0;0;0;0;0;0;0;0;0;0;0;0;0;0;4;2;0;2;0;2;2;2015-08-17 18:30:00;54;0;58;22;36;0;-1;1;-1;-1;-1;-1;-1;-1;0;0;1;3;0;4;-1;0;0;0;0;0;0;0;0;0;0;0;0;0;1;1;0;0;-1;-1;0;0;-1;-1;-1;-1;-1;-1;-1;-1;-1;15;36;57;86;100;36;72;79;50;10.85;3.71;3.43;3;FH;Stjarnan;2.36;1.82;2;1.86;2.2;1.33;86;65;43;15;0;79;79;50;0;0;0;739;22;Y;Y;Y;Y;N;N;N
213627;3808;3809;2015;complete;1291;16;-1;7;89;1;1;2;2;2;4;1;5;1;1;0;0;4;2;4;0;8;2;9;13;39;61;1;1;2.96;3.6;2.41;0;0;0;0;0;0;0;0;0;0;0;0;0;0;0;0;0;0;0;0;0;0;0;0;0;0;0;0;0;0;0;0;0;0;0;0;0;0;0;0;0;0;0;0;0;0;0;0;0;0;0;0;0;0;0;0;0;0;0;0;0;0;0;0;0;2;1;0;0;1;1;1;2015-08-20 18:00:00;-1;0;50;14;14;0;-1;1;-1;-1;-1;-1;-1;-1;1;1;0;0;2;0;-1;0;0;0;0;0;0;0;0;0;0;0;0;0;1;1;1;0;-1;-1;0;1;-1;-1;-1;-1;-1;-1;-1;-1;-1;0;14;57;71;100;29;72;93;43;9.28;5.43;4.43;2.43;Fjölnir;Valur;1.91;1.45;2.29;1.86;1.6;1.6;100;86;43;29;0;64;50;29;0;0;0;739;22;Y;Y;N;N;N;N;Y
213628;3805;973;2015;complete;1291;16;-1;41;73;1;1;2;1;2;3;4;4;4;4;0;0;7;5;3;2;10;7;21;15;42;58;4;4;5.6;4.15;1.64;0;0;0;0;0;0;0;0;0;0;0;0;0;0;0;0;0;0;0;0;0;0;0;0;0;0;0;0;0;0;0;0;0;0;0;0;0;0;0;0;0;0;0;0;0;0;0;0;0;0;0;0;0;0;0;0;0;0;0;0;0;0;0;0;0;2;1;0;0;1;1;1;2015-08-21 18:00:00;-1;0;50;22;22;0;-1;1;-1;-1;-1;-1;-1;-1;0;1;4;3;1;7;-1;0;0;0;0;0;0;0;0;0;0;0;0;0;1;1;0;0;-1;-1;0;0;-1;-1;-1;-1;-1;-1;-1;-1;-1;15;50;72;86;100;50;79;93;50;11.43;3.57;4.57;3.22;ÍBV;KR;1.36;1.91;1.43;1.86;0.93;2;86;50;29;14;0;72;57;57;0;0;0;739;22;Y;Y;N;N;N;N;Y
213629;3807;3808;2015;complete;1291;17;-1;16,28,32,90;27,45,75,80;4;4;8;5;4;9;2;2;3;2;0;0;3;4;5;6;8;10;13;11;44;56;3;2;3.23;3.65;2.24;0;0;0;0;0;0;0;0;0;0;0;0;0;0;0;0;0;0;0;0;0;0;0;0;0;0;0;0;0;0;0;0;0;0;0;0;0;0;0;0;0;0;0;0;0;0;0;0;0;0;0;0;0;0;0;0;0;0;0;0;0;0;0;0;0;8;3;2;1;2;3;5;2015-08-24 18:00:00;-1;0;51;32;19;0;-1;1;-1;-1;-1;-1;-1;-1;0;0;3;2;0;5;-1;0;0;0;0;0;0;0;0;0;0;0;0;0;1;1;0;0;-1;-1;0;0;-1;-1;-1;-1;-1;-1;-1;-1;-1;19;44;50;82;94;44;88;76;26;9.88;3.5;4;3;ÍA;Fjölnir;1.45;1.09;1.38;1;1.06;1.56;82;57;50;19;7;94;82;69;0;0;0;739;22;Y;Y;Y;Y;Y;Y;Y
213630;3814;54;2015;complete;1291;17;-1;;90;0;1;1;2;10;12;2;2;4;1;0;0;3;7;1;6;4;13;19;8;34;66;4;1;7.08;4.63;1.49;0;0;0;0;0;0;0;0;0;0;0;0;0;0;0;0;0;0;0;0;0;0;0;0;0;0;0;0;0;0;0;0;0;0;0;0;0;0;0;0;0;0;0;0;0;0;0;0;0;0;0;0;0;0;0;0;0;0;0;0;0;0;0;0;0;1;0;0;0;1;1;0;2015-08-24 18:00:00;54;0;50;26;26;0;-1;1;-1;-1;-1;-1;-1;-1;1;1;3;0;2;3;-1;0;0;0;0;0;0;0;0;0;0;0;0;0;1;1;0;0;-1;-1;0;0;-1;-1;-1;-1;-1;-1;-1;-1;-1;13;25;32;76;100;32;63;88;38;13.25;4.25;4.51;2.44;Leiknir Reykjavík;FH;0.73;2;1;2.38;0.88;2.25;88;75;69;26;0;69;69;57;0;0;0;739;22;Y;N;N;N;N;N;N
213631;3809;3812;2015;complete;1291;17;-1;9,37,54,65;55,77;4;2;6;2;4;6;3;3;2;2;0;0;4;4;2;3;6;7;13;11;52;48;2;2;2.12;3.63;3.53;0;0;0;0;0;0;0;0;0;0;0;0;0;0;0;0;0;0;0;0;0;0;0;0;0;0;0;0;0;0;0;0;0;0;0;0;0;0;0;0;0;0;0;0;0;0;0;0;0;0;0;0;0;0;0;0;0;0;0;0;0;0;0;0;0;6;2;0;2;2;4;2;2015-08-24 18:00:00;3809;0;44;13;26;0;-1;1;-1;-1;-1;-1;-1;-1;0;1;2;1;1;3;-1;0;0;0;0;0;0;0;1;0;1;0;0;0;1;1;1;0;-1;-1;0;0;-1;-1;-1;-1;-1;-1;-1;-1;-1;13;25;38;69;94;19;44;82;44;10.63;7.01;5.25;2.5;Valur;Fylkir;1.55;1.27;1.38;1.63;1.56;1.31;88;75;63;32;7;76;57;57;0;0;0;739;22;Y;Y;Y;Y;Y;Y;Y
213632;971;3803;2015;complete;1291;17;-1;;43;0;1;1;6;6;12;1;3;1;3;0;0;6;4;7;4;13;8;17;19;52;48;1;3;3.01;3.47;2.44;0;0;0;0;0;0;0;0;0;0;0;0;0;0;0;0;0;0;0;0;0;0;0;0;0;0;0;0;0;0;0;0;0;0;0;0;0;0;0;0;0;0;0;0;0;0;0;0;0;0;0;0;0;0;0;0;0;0;0;0;0;0;0;0;0;1;0;1;0;0;0;1;2015-08-24 20:00:00;3803;0;57;7;25;0;-1;1;-1;-1;-1;-1;-1;-1;0;1;1;2;1;3;-1;0;0;0;0;0;0;0;0;0;0;0;0;0;1;1;0;0;-1;-1;0;0;-1;-1;-1;-1;-1;-1;-1;-1;-1;0;7;19;76;94;13;57;88;32;11.5;3.13;4.38;1.94;Stjarnan;Breidablik;1.18;1.82;0.88;1.63;1.25;2;100;94;82;26;7;69;57;51;0;0;0;739;22;Y;N;N;N;N;N;N
213633;3810;3805;2015;complete;1291;17;-1;90;;1;0;1;9;3;12;3;1;0;3;0;0;10;5;8;7;18;12;7;9;58;42;0;3;1.94;3.76;4;0;0;0;0;0;0;0;0;0;0;0;0;0;0;0;0;0;0;0;0;0;0;0;0;0;0;0;0;0;0;0;0;0;0;0;0;0;0;0;0;0;0;0;0;0;0;0;0;0;0;0;0;0;0;0;0;0;0;0;0;0;0;0;0;0;1;0;0;1;0;1;0;2015-08-25 18:00:00;3810;0;51;25;13;0;-1;1;-1;-1;-1;-1;-1;-1;0;2;0;1;2;1;-1;0;0;0;0;0;0;0;0;0;0;0;0;0;1;1;0;0;-1;-1;0;0;-1;-1;-1;-1;-1;-1;-1;-1;-1;7;32;50;82;100;51;69;82;38;7.63;5.5;4.38;2.88;Víkingur Reykjavík;ÍBV;1.36;0.36;1.25;0.5;1.13;0.94;94;69;50;19;0;75;69;44;0;0;0;739;22;Y;N;N;N;N;N;N
213634;3815;973;2015;complete;1291;17;-1;;71;0;1;1;1;8;9;1;2;1;2;0;0;3;9;8;8;11;17;12;7;33;67;1;2;7.16;4.73;1.47;0;0;0;0;0;0;0;0;0;0;0;0;0;0;0;0;0;0;0;0;0;0;0;0;0;0;0;0;0;0;0;0;0;0;0;0;0;0;0;0;0;0;0;0;0;0;0;0;0;0;0;0;0;0;0;0;0;0;0;0;0;0;0;0;0;1;0;0;0;1;1;0;2015-08-25 18:00:00;973;0;82;32;32;0;-1;1;-1;-1;-1;-1;-1;-1;1;0;0;2;1;2;-1;0;0;0;0;0;0;0;0;0;0;0;0;0;1;1;0;0;-1;-1;0;0;-1;-1;-1;-1;-1;-1;-1;-1;-1;0;38;75;94;100;51;82;94;50;12.88;2.76;4.76;3.07;Keflavík;KR;0.73;1.91;0.63;1.75;0.44;1.94;100;63;25;7;0;82;69;63;0;0;0;739;22;Y;N;N;N;N;N;N
213635;3805;3815;2015;complete;1291;18;-1;31,38,73;;3;0;3;6;8;14;4;2;0;2;0;0;6;11;8;4;14;15;7;17;51;49;0;2;2.03;3.73;3.78;0;0;0;0;0;0;0;0;0;0;0;0;0;0;0;0;0;0;0;0;0;0;0;0;0;0;0;0;0;0;0;0;0;0;0;0;0;0;0;0;0;0;0;0;0;0;0;0;0;0;0;0;0;0;0;0;0;0;0;0;0;0;0;0;0;3;2;0;1;0;1;2;2015-08-30 17:00:00;3805;0;50;26;13;0;-1;1;-1;-1;-1;-1;-1;-1;0;1;0;1;1;1;-1;0;0;0;0;0;0;0;1;0;1;0;0;0;1;1;0;0;-1;-1;0;0;-1;-1;-1;-1;-1;-1;-1;-1;-1;32;57;57;88;100;57;75;94;44;8.5;3.5;5.76;3.63;ÍBV;Keflavík;1.36;0.18;1.38;0.25;0.88;0.41;69;44;44;13;0;63;57;57;0;0;0;739;22;Y;Y;Y;N;N;N;N
213636;54;3810;2015;complete;1291;18;-1;40;;1;0;1;3;4;7;2;1;5;2;0;0;4;5;3;6;7;11;14;11;51;49;5;2;1.49;4.7;7.1;0;0;0;0;0;0;0;0;0;0;0;0;0;0;0;0;0;0;0;0;0;0;0;0;0;0;0;0;0;0;0;0;0;0;0;0;0;0;0;0;0;0;0;0;0;0;0;0;0;0;0;0;0;0;0;0;0;0;0;0;0;0;0;0;0;1;1;0;0;0;0;1;2015-08-30 18:00:00;54;0;69;13;51;0;-1;1;-1;-1;-1;-1;-1;-1;1;1;4;1;2;5;-1;0;0;0;0;0;0;0;1;0;1;0;0;0;1;1;0;0;-1;-1;0;0;-1;-1;-1;-1;-1;-1;-1;-1;-1;25;51;57;88;100;44;63;94;75;11.88;5.38;4.26;3.25;FH;Víkingur Reykjavík;2.36;0.73;2.13;1;2.29;1.24;75;51;44;13;0;94;69;63;0;0;0;739;22;Y;N;N;N;N;N;N
213637;973;3809;2015;complete;1291;18;-1;32,90;1,51;2;2;4;9;3;12;5;0;2;4;1;0;5;4;5;7;10;11;16;16;51;49;3;4;1.91;3.81;4.18;0;0;0;0;0;0;0;0;0;0;0;0;0;0;0;0;0;0;0;0;0;0;0;0;0;0;0;0;0;0;0;0;0;0;0;0;0;0;0;0;0;0;0;0;0;0;0;0;0;0;0;0;0;0;0;0;0;0;0;0;0;0;0;0;0;4;1;1;1;1;2;2;2015-08-30 18:00:00;-1;0;44;7;13;0;-1;1;-1;-1;-1;-1;-1;-1;0;1;3;3;1;6;-1;0;0;0;0;0;0;0;0;0;0;0;0;0;1;1;0;1;-1;-1;0;0;-1;-1;-1;-1;-1;-1;-1;-1;-1;0;19;44;69;94;19;63;88;38;11.5;6.38;3.26;2.25;KR;Valur;1.91;1.45;2.13;1.75;2;1.65;100;82;57;32;7;57;51;44;0;0;0;739;22;Y;Y;Y;Y;N;N;Y
213638;3812;3807;2015;complete;1291;18;-1;;;0;0;0;5;0;5;2;0;2;3;0;1;6;2;10;0;16;2;15;18;62;38;2;4;1.7;4.17;5.06;0;0;0;0;0;0;0;0;0;0;0;0;0;0;0;0;0;0;0;0;0;0;0;0;0;0;0;0;0;0;0;0;0;0;0;0;0;0;0;0;0;0;0;0;0;0;0;0;0;0;0;0;0;0;0;0;0;0;0;0;0;0;0;0;0;0;0;0;0;0;0;0;2015-08-30 18:00:00;-1;0;57;25;19;0;-1;1;-1;-1;-1;-1;-1;-1;2;1;0;3;3;3;-1;0;0;0;0;0;0;0;0;0;0;0;0;0;1;1;0;0;-1;-1;0;0;-1;-1;-1;-1;-1;-1;-1;-1;-1;19;38;51;88;100;38;75;94;32;12.63;3.01;3.38;3.07;Fylkir;ÍA;1.36;1.18;1;0.75;1.24;1.06;82;63;51;13;0;75;51;44;0;0;0;739;22;N;N;N;N;N;N;N
213639;3808;971;2015;complete;1291;18;-1;25;77;1;1;2;4;8;12;2;2;0;1;0;0;5;2;8;9;13;11;7;4;40;60;0;1;2.48;3.59;2.91;0;0;0;0;0;0;0;0;0;0;0;0;0;0;0;0;0;0;0;0;0;0;0;0;0;0;0;0;0;0;0;0;0;0;0;0;0;0;0;0;0;0;0;0;0;0;0;0;0;0;0;0;0;0;0;0;0;0;0;0;0;0;0;0;0;2;1;0;0;1;1;1;2015-08-30 18:00:00;-1;0;38;19;7;0;-1;1;-1;-1;-1;-1;-1;-1;0;0;0;1;0;1;-1;0;0;0;0;0;0;0;0;0;0;0;0;0;1;1;0;0;-1;-1;0;0;-1;-1;-1;-1;-1;-1;-1;-1;-1;0;19;44;75;100;32;76;82;26;8.01;3.63;3.38;2.38;Fjölnir;Stjarnan;1.91;1.82;2.13;1.63;1.53;1.18;100;82;57;25;0;69;57;25;0;0;0;739;22;Y;Y;N;N;N;N;Y
213640;3803;3814;2015;complete;1291;18;-1;;;0;0;0;7;3;10;3;1;2;3;0;0;6;4;5;7;11;11;9;13;60;40;2;3;1.49;4.7;7.18;0;0;0;0;0;0;0;0;0;0;0;0;0;0;0;0;0;0;0;0;0;0;0;0;0;0;0;0;0;0;0;0;0;0;0;0;0;0;0;0;0;0;0;0;0;0;0;0;0;0;0;0;0;0;0;0;0;0;0;0;0;0;0;0;0;0;0;0;0;0;0;0;2015-08-30 18:00:00;-1;0;51;19;38;0;-1;1;-1;-1;-1;-1;-1;-1;0;0;2;3;0;5;-1;0;0;0;0;0;0;0;0;0;0;0;0;0;1;1;0;0;-1;-1;0;0;-1;-1;-1;-1;-1;-1;-1;-1;-1;13;38;63;82;100;44;63;94;50;10.88;3.88;3.13;3;Breidablik;Leiknir Reykjavík;2.36;0.64;2.38;0.75;2.06;0.82;88;63;38;19;0;69;57;44;0;0;0;739;22;N;N;N;N;N;N;N
213641;3809;3815;2015;complete;1291;19;-1;5,53,73;14,20;3;2;5;8;5;13;2;1;4;2;0;0;4;3;5;1;9;4;11;12;55;45;4;2;1.47;4.88;7.03;0;0;0;0;0;0;0;0;0;0;0;0;0;0;0;0;0;0;0;0;0;0;0;0;0;0;0;0;0;0;0;0;0;0;0;0;0;0;0;0;0;0;0;0;0;0;0;0;0;0;0;0;0;0;0;0;0;0;0;0;0;0;0;0;0;5;1;2;2;0;2;3;2015-09-13 17:00:00;3809;0;44;28;17;0;-1;1;-1;-1;-1;-1;-1;-1;2;0;2;2;2;4;-1;0;0;0;0;0;0;0;1;1;1;1;0;0;1;1;1;0;-1;-1;0;0;-1;-1;-1;-1;-1;-1;-1;-1;-1;33;45;62;84;100;56;78;84;44;9.89;4.22;5;3.67;Valur;Keflavík;1.55;0.18;1.56;0.22;1.61;0.39;67;56;39;17;0;67;61;61;0;0;0;739;22;Y;Y;Y;Y;Y;N;Y
213642;54;3805;2015;complete;1291;19;-1;25,48,79;15;3;1;4;5;4;9;1;0;1;3;0;0;5;3;6;3;11;6;12;13;62;38;1;3;1.31;5.99;9.99;0;0;0;0;0;0;0;0;0;0;0;0;0;0;0;0;0;0;0;0;0;0;0;0;0;0;0;0;0;0;0;0;0;0;0;0;0;0;0;0;0;0;0;0;0;0;0;0;0;0;0;0;0;0;0;0;0;0;0;0;0;0;0;0;0;4;1;1;2;0;2;2;2015-09-13 17:00:00;54;0;50;17;28;0;-1;1;-1;-1;-1;-1;-1;-1;1;1;0;2;2;2;-1;0;0;0;0;0;0;0;1;0;1;0;0;0;1;1;0;0;-1;-1;1;0;-1;-1;-1;-1;-1;-1;-1;-1;-1;11;39;56;78;100;33;62;95;61;9.44;4.11;5;2.89;FH;ÍBV;2.36;0.36;2.22;0.44;2.33;1;89;61;45;22;0;78;67;50;0;0;0;739;22;Y;Y;Y;Y;N;N;Y
213643;3810;3803;2015;complete;1291;19;-1;47,88;18,71;2;2;4;5;6;11;3;2;4;1;0;0;5;4;3;8;8;12;18;16;52;48;4;1;3.78;3.61;2.07;0;0;0;0;0;0;0;0;0;0;0;0;0;0;0;0;0;0;0;0;0;0;0;0;0;0;0;0;0;0;0;0;0;0;0;0;0;0;0;0;0;0;0;0;0;0;0;0;0;0;0;0;0;0;0;0;0;0;0;0;0;0;0;0;0;4;0;1;2;1;3;1;2015-09-13 17:00:00;-1;0;45;11;22;0;-1;1;-1;-1;-1;-1;-1;-1;1;0;3;1;1;4;-1;0;0;0;0;0;0;0;1;0;1;0;0;0;1;1;0;0;-1;-1;0;0;-1;-1;-1;-1;-1;-1;-1;-1;-1;6;17;22;67;95;28;56;67;33;10.56;6;3.89;2.22;Víkingur Reykjavík;Breidablik;1.36;1.82;1.44;1.78;1.17;2;95;84;78;33;6;78;78;62;0;0;0;739;22;Y;Y;Y;Y;N;N;Y
213644;3807;973;2015;complete;1291;19;-1;;;0;0;0;2;8;10;2;6;1;2;0;0;3;4;2;11;5;15;22;9;42;58;1;2;5.65;4.19;1.64;0;0;0;0;0;0;0;0;0;0;0;0;0;0;0;0;0;0;0;0;0;0;0;0;0;0;0;0;0;0;0;0;0;0;0;0;0;0;0;0;0;0;0;0;0;0;0;0;0;0;0;0;0;0;0;0;0;0;0;0;0;0;0;0;0;0;0;0;0;0;0;0;2015-09-13 17:00:00;-1;0;62;39;28;0;-1;1;-1;-1;-1;-1;-1;-1;0;1;1;1;1;2;-1;0;0;0;0;0;0;0;0;0;0;0;0;0;1;1;0;0;-1;-1;0;0;-1;-1;-1;-1;-1;-1;-1;-1;-1;17;39;62;73;95;45;78;78;44;11.34;3.67;4;3.06;ÍA;KR;1.45;1.91;1.33;1.89;1.06;1.94;84;62;39;28;6;89;67;62;0;0;0;739;22;N;N;N;N;N;N;N
213645;3814;3808;2015;complete;1291;19;-1;20,24;16,83,90;2;3;5;5;3;8;2;0;1;0;0;0;3;3;2;8;5;11;10;16;50;50;1;0;2.75;3.5;2.66;0;0;0;0;0;0;0;0;0;0;0;0;0;0;0;0;0;0;0;0;0;0;0;0;0;0;0;0;0;0;0;0;0;0;0;0;0;0;0;0;0;0;0;0;0;0;0;0;0;0;0;0;0;0;0;0;0;0;0;0;0;0;0;0;0;5;2;1;0;2;2;3;2015-09-13 17:00:00;3808;0;33;17;17;0;-1;1;-1;-1;-1;-1;-1;-1;0;0;1;0;0;1;-1;0;0;0;0;0;0;0;0;0;0;0;0;0;1;1;0;0;-1;-1;0;0;-1;-1;-1;-1;-1;-1;-1;-1;-1;11;28;28;78;100;28;78;84;17;11.22;4;4.11;2.67;Leiknir Reykjavík;Fjölnir;0.73;1.09;0.89;1;0.83;1.5;89;72;72;22;0;84;73;62;0;0;0;739;22;Y;Y;Y;Y;Y;N;Y
213646;971;3812;2015;complete;1291;19;-1;31;;1;0;1;5;1;6;2;5;3;4;0;0;6;2;7;2;13;4;14;17;60;40;3;4;2.08;3.64;3.71;0;0;0;0;0;0;0;0;0;0;0;0;0;0;0;0;0;0;0;0;0;0;0;0;0;0;0;0;0;0;0;0;0;0;0;0;0;0;0;0;0;0;0;0;0;0;0;0;0;0;0;0;0;0;0;0;0;0;0;0;0;0;0;0;0;1;1;0;0;0;0;1;2015-09-14 19:15:00;971;0;62;6;33;0;-1;1;-1;-1;-1;-1;-1;-1;2;1;1;3;3;4;-1;0;0;0;0;0;0;0;0;0;0;0;0;0;1;1;0;0;-1;-1;0;0;-1;-1;-1;-1;-1;-1;-1;-1;-1;6;22;33;73;95;17;50;89;39;11.11;5.11;5;2.33;Stjarnan;Fylkir;1.18;1.27;0.78;1.44;1.17;1.22;95;78;67;28;6;73;50;50;0;0;0;739;22;Y;N;N;N;N;N;N
213647;3808;3810;2015;complete;1291;20;-1;24,28,39,84;44,45,87;4;3;7;5;6;11;4;2;2;6;1;0;4;4;4;3;8;7;15;16;38;62;4;6;2.32;3.61;3.16;0;0;0;0;0;0;0;0;0;0;0;0;0;0;0;0;0;0;0;0;0;0;0;0;0;0;0;0;0;0;0;0;0;0;0;0;0;0;0;0;0;0;0;0;0;0;0;0;0;0;0;0;0;0;0;0;0;0;0;0;0;0;0;0;0;7;3;2;1;1;2;5;2015-09-20 16:00:00;3808;0;56;11;22;0;-1;1;-1;-1;-1;-1;-1;-1;1;3;2;3;4;5;-1;0;0;0;0;0;0;0;0;0;0;0;0;0;1;1;0;0;-1;-1;0;1;-1;-1;-1;-1;-1;-1;-1;-1;-1;11;22;33;73;100;28;67;89;39;9.11;4.55;3.89;2.39;Fjölnir;Víkingur Reykjavík;1.91;0.73;2;0.89;1.58;1.16;89;78;67;28;0;78;56;45;0;0;0;739;22;Y;Y;Y;Y;Y;Y;Y
213648;3805;3809;2015;complete;1291;20;-1;16,80,82;23,55,60;3;3;6;3;5;8;2;5;1;3;0;0;4;8;6;5;10;13;12;12;44;56;1;3;3.02;3.63;2.39;0;0;0;0;0;0;0;0;0;0;0;0;0;0;0;0;0;0;0;0;0;0;0;0;0;0;0;0;0;0;0;0;0;0;0;0;0;0;0;0;0;0;0;0;0;0;0;0;0;0;0;0;0;0;0;0;0;0;0;0;0;0;0;0;0;6;1;1;2;2;4;2;2015-09-20 16:00:00;-1;0;56;17;17;0;-1;1;-1;-1;-1;-1;-1;-1;1;2;0;1;3;1;-1;0;0;0;0;0;0;0;0;0;0;0;0;0;1;1;0;0;-1;-1;0;0;-1;-1;-1;-1;-1;-1;-1;-1;-1;11;33;62;84;100;50;84;95;39;8.56;5.44;4.89;2.89;ÍBV;Valur;1.36;1.45;1.56;1.67;0.95;1.68;89;67;39;17;0;56;44;39;0;0;0;739;22;Y;Y;Y;Y;Y;Y;Y
213649;973;971;2015;complete;1291;20;-1;;31,46,77;0;3;3;7;3;10;2;2;2;6;1;0;8;4;4;10;12;14;11;20;55;45;4;6;1.68;3.97;5.6;0;0;0;0;0;0;0;0;0;0;0;0;0;0;0;0;0;0;0;0;0;0;0;0;0;0;0;0;0;0;0;0;0;0;0;0;0;0;0;0;0;0;0;0;0;0;0;0;0;0;0;0;0;0;0;0;0;0;0;0;0;0;0;0;0;3;0;1;0;2;2;1;2015-09-20 16:00:00;971;0;33;17;11;0;-1;1;-1;-1;-1;-1;-1;-1;1;2;2;4;3;6;-1;0;0;0;0;0;0;0;0;1;0;1;0;0;1;1;0;0;-1;-1;0;0;-1;-1;-1;-1;-1;-1;-1;-1;-1;0;28;39;73;95;28;67;78;28;11.56;4.78;2.67;2.33;KR;Stjarnan;1.91;1.82;2;1.56;1.89;1.26;100;73;62;28;6;73;67;50;0;0;0;739;22;Y;Y;Y;N;N;N;N
213650;3812;3814;2015;complete;1291;20;-1;21,27,29;90;3;1;4;3;7;10;5;1;2;3;0;0;8;3;6;8;14;11;16;9;53;47;2;3;2.32;3.61;3.16;0;0;0;0;0;0;0;0;0;0;0;0;0;0;0;0;0;0;0;0;0;0;0;0;0;0;0;0;0;0;0;0;0;0;0;0;0;0;0;0;0;0;0;0;0;0;0;0;0;0;0;0;0;0;0;0;0;0;0;0;0;0;0;0;0;4;3;0;0;1;1;3;2015-09-20 16:00:00;3812;0;45;22;17;0;-1;1;-1;-1;-1;-1;-1;-1;1;1;1;2;2;3;-1;0;0;0;0;0;0;0;1;0;1;0;0;0;1;1;0;0;-1;-1;0;0;-1;-1;-1;-1;-1;-1;-1;-1;-1;11;28;56;78;89;33;62;89;33;11.44;2.88;4;2.73;Fylkir;Leiknir Reykjavík;1.36;0.64;1;0.78;1.16;0.79;89;73;44;22;11;62;39;22;0;0;0;739;22;Y;Y;Y;Y;N;N;Y
213651;3815;3807;2015;complete;1291;20;-1;;15,25,30,50;0;4;4;4;5;9;2;3;4;1;0;0;3;4;9;3;12;7;12;8;55;45;4;1;3.32;3.79;2.17;0;0;0;0;0;0;0;0;0;0;0;0;0;0;0;0;0;0;0;0;0;0;0;0;0;0;0;0;0;0;0;0;0;0;0;0;0;0;0;0;0;0;0;0;0;0;0;0;0;0;0;0;0;0;0;0;0;0;0;0;0;0;0;0;0;4;0;3;0;1;1;3;2015-09-20 16:00:00;3807;0;78;28;33;0;-1;1;-1;-1;-1;-1;-1;-1;2;0;2;1;2;3;-1;0;0;0;0;0;0;0;0;0;0;0;0;0;1;1;0;0;-1;-1;0;0;-1;-1;-1;-1;-1;-1;-1;-1;-1;11;33;50;84;95;45;67;89;39;10.34;2.33;4.78;2.78;Keflavík;ÍA;0.73;1.18;0.56;0.78;0.37;1.05;89;67;50;17;6;78;62;56;0;0;0;739;22;Y;Y;Y;Y;N;N;N
213652;3803;54;2015;complete;1291;20;-1;74,77;72;2;1;3;5;5;10;1;1;3;4;0;0;4;10;3;6;7;16;11;15;48;52;3;4;2.85;3.53;2.56;0;0;0;0;0;0;0;0;0;0;0;0;0;0;0;0;0;0;0;0;0;0;0;0;0;0;0;0;0;0;0;0;0;0;0;0;0;0;0;0;0;0;0;0;0;0;0;0;0;0;0;0;0;0;0;0;0;0;0;0;0;0;0;0;0;3;0;0;2;1;3;0;2015-09-20 16:30:00;3803;0;50;22;33;0;-1;1;-1;-1;-1;-1;-1;-1;1;1;2;3;2;5;-1;0;0;0;0;0;0;0;0;0;0;0;0;0;1;1;0;0;-1;-1;0;0;-1;-1;-1;-1;-1;-1;-1;-1;-1;17;44;56;73;95;44;56;89;50;13.55;4.44;3.33;2.84;Breidablik;FH;2.36;2;2.22;2.44;1.95;2.37;84;56;44;28;6;78;73;56;0;0;0;739;22;Y;Y;Y;N;N;N;Y
213653;971;3815;2015;complete;1291;21;-1;5,15,18,54,56,85,90;;7;0;7;8;0;8;4;2;0;2;0;0;13;4;6;2;19;6;10;11;59;41;0;2;1.4;5.11;8.55;0;0;0;0;0;0;0;0;0;0;0;0;0;0;0;0;0;0;0;0;0;0;0;0;0;0;0;0;0;0;0;0;0;0;0;0;0;0;0;0;0;0;0;0;0;0;0;0;0;0;0;0;0;0;0;0;0;0;0;0;0;0;0;0;0;7;3;0;4;0;4;3;2015-09-26 14:00:00;971;0;55;25;15;0;-1;1;-1;-1;-1;-1;-1;-1;0;0;0;2;0;2;-1;0;0;0;0;0;0;0;0;0;0;0;0;0;1;1;1;0;-1;-1;0;0;-1;-1;-1;-1;-1;-1;-1;-1;-1;20;35;50;80;100;45;80;85;35;10.8;2.5;4.9;3.1;Stjarnan;Keflavík;1.18;0.18;1;0.2;1.35;0.35;80;65;50;20;0;70;60;60;0;0;0;739;22;Y;Y;Y;Y;Y;Y;N
213654;3814;973;2015;complete;1291;21;-1;;56,63;0;2;2;-1;-1;-1;-1;-1;2;0;1;0;-1;-1;-1;-1;-1;-1;-1;-1;-1;-1;3;0;5.72;4.17;1.64;0;0;0;0;0;0;0;0;0;0;0;0;0;0;0;0;0;0;0;0;0;0;0;0;0;0;0;0;0;0;0;0;0;0;0;0;0;0;0;0;0;0;0;0;0;0;0;0;0;0;0;0;0;0;0;0;0;0;0;0;0;0;0;0;0;2;0;0;0;2;2;0;2015-09-26 14:00:00;973;0;40;20;15;0;-1;1;-1;-1;-1;-1;-1;-1;2;0;1;0;2;1;-1;0;0;0;0;0;0;0;0;0;0;0;0;0;1;1;0;0;-1;-1;0;0;-1;-1;-1;-1;-1;-1;-1;-1;-1;5;20;35;65;95;25;65;80;30;12.8;4.5;3.9;2.2;Leiknir Reykjavík;KR;0.73;1.91;0.8;1.8;0.75;1.8;95;80;65;35;5;75;65;55;0;0;0;739;22;Y;Y;N;N;N;N;N
213655;3810;3812;2015;complete;1291;21;-1;;;0;0;0;5;6;11;2;1;2;5;0;0;4;8;4;8;8;16;7;12;46;54;2;5;2.24;3.63;3.3;0;0;0;0;0;0;0;0;0;0;0;0;0;0;0;0;0;0;0;0;0;0;0;0;0;0;0;0;0;0;0;0;0;0;0;0;0;0;0;0;0;0;0;0;0;0;0;0;0;0;0;0;0;0;0;0;0;0;0;0;0;0;0;0;0;0;0;0;0;0;0;0;2015-09-26 14:00:00;-1;0;55;10;35;0;-1;1;-1;-1;-1;-1;-1;-1;0;4;2;1;4;3;-1;0;0;0;0;0;0;0;0;0;0;0;0;0;1;1;0;0;-1;-1;0;0;-1;-1;-1;-1;-1;-1;-1;-1;-1;10;35;40;70;95;30;50;75;45;9.7;7.9;4.9;2.7;Víkingur Reykjavík;Fylkir;1.36;1.27;1.4;1.3;1.1;1.25;90;65;60;30;5;75;65;55;0;0;0;739;22;N;N;N;N;N;N;N
213656;54;3808;2015;complete;1291;21;-1;50,79;69;2;1;3;8;5;13;1;0;2;1;0;0;8;6;7;5;15;11;15;14;52;48;2;1;1.42;5.1;7.95;0;0;0;0;0;0;0;0;0;0;0;0;0;0;0;0;0;0;0;0;0;0;0;0;0;0;0;0;0;0;0;0;0;0;0;0;0;0;0;0;0;0;0;0;0;0;0;0;0;0;0;0;0;0;0;0;0;0;0;0;0;0;0;0;0;3;0;0;2;1;3;0;2015-09-26 14:00:00;54;0;60;25;35;0;-1;1;-1;-1;-1;-1;-1;-1;0;0;2;1;0;3;-1;0;0;0;0;0;0;0;0;0;0;0;0;0;1;1;0;0;-1;-1;0;0;-1;-1;-1;-1;-1;-1;-1;-1;-1;25;60;65;95;100;45;85;90;60;11;4.1;4.3;3.7;FH;Fjölnir;2.36;1.09;2.3;1.2;2.25;1.65;75;40;35;5;0;80;60;50;0;0;0;739;22;Y;Y;Y;N;N;N;Y
213657;3803;3805;2015;complete;1291;21;-1;51;;1;0;1;6;7;13;0;1;1;1;0;0;5;5;4;3;9;8;18;8;47;53;1;1;0;0;0;0;0;0;0;0;0;0;0;0;0;0;0;0;0;0;0;0;0;0;0;0;0;0;0;0;0;0;0;0;0;0;0;0;0;0;0;0;0;0;0;0;0;0;0;0;0;0;0;0;0;0;0;0;0;0;0;0;0;0;0;0;0;0;0;0;1;0;0;1;0;1;0;2015-09-26 14:00:00;3803;0;40;20;20;0;-1;1;-1;-1;-1;-1;-1;-1;0;1;1;0;1;1;-1;0;0;0;0;0;0;0;0;0;0;0;0;0;1;1;0;0;-1;-1;0;0;-1;-1;-1;-1;-1;-1;-1;-1;-1;5;35;55;70;95;40;55;90;45;9.7;3.6;3.5;2.6;Breidablik;ÍBV;2.36;0.36;2.3;0.4;2;0.95;95;65;45;30;5;85;70;45;0;0;0;739;22;Y;N;N;N;N;N;N
213658;3807;3809;2015;complete;1291;21;-1;26;;1;0;1;8;10;18;3;1;0;1;0;0;5;11;0;11;5;22;4;6;43;57;0;1;3.59;3.86;2.05;0;0;0;0;0;0;0;0;0;0;0;0;0;0;0;0;0;0;0;0;0;0;0;0;0;0;0;0;0;0;0;0;0;0;0;0;0;0;0;0;0;0;0;0;0;0;0;0;0;0;0;0;0;0;0;0;0;0;0;0;0;0;0;0;0;1;1;0;0;0;0;1;2015-09-26 14:00:00;3807;0;65;40;30;0;-1;1;-1;-1;-1;-1;-1;-1;0;0;0;1;0;1;-1;0;0;0;0;0;0;0;0;0;0;0;0;0;1;1;0;0;-1;-1;0;0;-1;-1;-1;-1;-1;-1;-1;-1;-1;20;35;60;70;90;50;80;75;45;8.9;5;4.2;3;ÍA;Valur;1.45;1.45;1.3;1.6;1.15;1.65;80;65;40;30;10;75;60;45;0;0;0;739;22;Y;N;N;N;N;N;N
213659;3809;971;2015;complete;1291;22;-1;71;65,67;1;2;3;2;10;12;4;1;2;1;0;1;5;4;5;5;10;9;13;12;54;46;2;2;2.09;3.84;3.49;0;0;0;0;0;0;0;0;0;0;0;0;0;0;0;0;0;0;0;0;0;0;0;0;0;0;0;0;0;0;0;0;0;0;0;0;0;0;0;0;0;0;0;0;0;0;0;0;0;0;0;0;0;0;0;0;0;0;0;0;0;0;0;0;0;3;0;0;1;2;3;0;2015-10-03 14:00:00;971;0;40;25;10;0;-1;1;-1;-1;-1;-1;-1;-1;1;0;1;2;1;3;-1;0;0;0;0;0;0;0;0;0;0;0;0;0;1;1;0;0;-1;-1;0;0;-1;-1;-1;-1;-1;-1;-1;-1;-1;20;30;55;80;100;45;85;75;35;9.5;4.4;4.2;3;Valur;Stjarnan;1.55;1.82;1.7;1.7;1.57;1.43;80;70;45;20;0;70;60;40;0;0;0;739;22;Y;Y;Y;N;N;N;Y
213660;3815;3814;2015;complete;1291;22;-1;4,35,83;27,90;3;2;5;4;5;9;2;1;2;2;0;0;7;4;9;5;16;9;7;11;51;49;2;2;2.61;3.75;2.66;0;0;0;0;0;0;0;0;0;0;0;0;0;0;0;0;0;0;0;0;0;0;0;0;0;0;0;0;0;0;0;0;0;0;0;0;0;0;0;0;0;0;0;0;0;0;0;0;0;0;0;0;0;0;0;0;0;0;0;0;0;0;0;0;0;5;2;1;1;1;2;3;2015-10-03 14:00:00;3815;0;70;25;30;0;-1;1;-1;-1;-1;-1;-1;-1;0;1;2;1;1;3;-1;0;0;0;0;0;0;0;0;0;0;0;0;0;1;1;1;0;-1;-1;0;0;-1;-1;-1;-1;-1;-1;-1;-1;-1;5;35;65;85;95;50;65;95;40;10.1;2.4;5.3;2.9;Keflavík;Leiknir Reykjavík;0.73;0.64;0.5;0.7;0.33;0.71;95;65;35;15;5;75;55;35;0;0;0;739;22;Y;Y;Y;Y;Y;N;Y
213661;3808;3803;2015;complete;1291;22;-1;;20,90;0;2;2;9;7;16;1;3;3;1;0;1;5;3;11;4;16;7;11;10;54;46;3;3;3.46;3.76;2.13;0;0;0;0;0;0;0;0;0;0;0;0;0;0;0;0;0;0;0;0;0;0;0;0;0;0;0;0;0;0;0;0;0;0;0;0;0;0;0;0;0;0;0;0;0;0;0;0;0;0;0;0;0;0;0;0;0;0;0;0;0;0;0;0;0;2;0;1;0;1;1;1;2015-10-03 14:00:00;3803;0;50;10;25;0;-1;1;-1;-1;-1;-1;-1;-1;1;0;2;2;1;4;-1;0;0;0;0;0;0;0;0;0;0;0;0;0;1;1;0;0;-1;-1;1;0;-1;-1;-1;-1;-1;-1;-1;-1;-1;5;15;25;70;95;10;60;85;40;9.8;4.4;4.1;2.2;Fjölnir;Breidablik;1.91;1.82;2.1;1.7;1.57;2.05;95;85;75;30;5;75;70;55;0;0;0;739;22;Y;Y;N;N;N;N;N
213662;973;3810;2015;complete;1291;22;-1;5,6,38,53,60;45,46;5;2;7;4;7;11;1;0;1;3;0;0;3;2;5;5;8;7;12;11;48;52;1;3;1.63;4.33;5.52;0;0;0;0;0;0;0;0;0;0;0;0;0;0;0;0;0;0;0;0;0;0;0;0;0;0;0;0;0;0;0;0;0;0;0;0;0;0;0;0;0;0;0;0;0;0;0;0;0;0;0;0;0;0;0;0;0;0;0;0;0;0;0;0;0;7;3;1;2;1;3;4;2015-10-03 14:00:00;973;0;45;15;30;0;-1;1;-1;-1;-1;-1;-1;-1;0;2;1;1;2;2;-1;0;0;0;0;0;0;0;0;0;0;0;0;0;1;1;2;0;-1;-1;0;0;-1;-1;-1;-1;-1;-1;-1;-1;-1;15;35;40;70;95;30;60;85;50;12.3;5.5;4.1;2.65;KR;Víkingur Reykjavík;1.91;0.73;1.8;0.8;1.86;1.1;85;65;60;30;5;80;65;60;0;0;0;739;22;Y;Y;Y;Y;Y;Y;Y
213663;3812;54;2015;complete;1291;22;-1;12,25,54;23,72;3;2;5;6;6;12;4;2;1;1;0;0;5;2;14;4;19;6;9;13;43;57;1;1;5.21;4.32;1.66;0;0;0;0;0;0;0;0;0;0;0;0;0;0;0;0;0;0;0;0;0;0;0;0;0;0;0;0;0;0;0;0;0;0;0;0;0;0;0;0;0;0;0;0;0;0;0;0;0;0;0;0;0;0;0;0;0;0;0;0;0;0;0;0;0;5;2;1;1;1;2;3;2015-10-03 14:00:00;3812;0;55;25;20;0;-1;1;-1;-1;-1;-1;-1;-1;0;1;1;0;1;1;-1;0;0;0;0;0;0;0;0;0;0;0;0;0;1;1;0;0;-1;-1;0;0;-1;-1;-1;-1;-1;-1;-1;-1;-1;15;40;60;80;95;40;60;95;40;13.6;3.7;4.2;2.95;Fylkir;FH;1.36;2;1.2;2.2;1.24;2.29;85;60;40;20;5;70;55;35;0;0;0;739;22;Y;Y;Y;Y;Y;N;Y
213664;3805;3807;2015;complete;1291;22;-1;12;41,49;1;2;3;0;4;4;1;3;2;2;0;0;4;4;8;9;12;13;8;9;57;43;2;2;2.04;3.93;3.56;0;0;0;0;0;0;0;0;0;0;0;0;0;0;0;0;0;0;0;0;0;0;0;0;0;0;0;0;0;0;0;0;0;0;0;0;0;0;0;0;0;0;0;0;0;0;0;0;0;0;0;0;0;0;0;0;0;0;0;0;0;0;0;0;0;3;1;1;0;1;1;2;2015-10-03 14:00:00;3807;0;55;20;25;0;-1;1;-1;-1;-1;-1;-1;-1;0;0;2;2;0;4;-1;0;0;0;0;0;0;0;0;0;0;0;0;0;1;1;0;0;-1;-1;0;0;-1;-1;-1;-1;-1;-1;-1;-1;-1;25;45;50;85;95;50;75;90;35;8.6;4;4.6;3.1;ÍBV;ÍA;1.36;1.18;1.5;1;0.9;1.24;75;55;50;15;5;60;45;45;0;0;0;739;22;Y;Y;Y;N;N;N;Y
