ID;HOMEID;AWAYID;SEASON;STATUS;ROUNDID;GAME_WEEK;REVISED_GAME_WEEK;HOMEGOALS;AWAYGOALS;HOMEGOALCOUNT;AWAYGOALCOUNT;TOTALGOALCOUNT;TEAM_A_CORNERS;TEAM_B_CORNERS;TOTALCORNERCOUNT;TEAM_A_OFFSIDES;TEAM_B_OFFSIDES;TEAM_A_YELLOW_CARDS;TEAM_B_YELLOW_CARDS;TEAM_A_RED_CARDS;TEAM_B_RED_CARDS;TEAM_A_SHOTSONTARGET;TEAM_B_SHOTSONTARGET;TEAM_A_SHOTSOFFTARGET;TEAM_B_SHOTSOFFTARGET;TEAM_A_SHOTS;TEAM_B_SHOTS;TEAM_A_FOULS;TEAM_B_FOULS;TEAM_A_POSSESSION;TEAM_B_POSSESSION;TEAM_A_CARDS_NUM;TEAM_B_CARDS_NUM;ODDS_FT_1;ODDS_FT_X;ODDS_FT_2;ODDS_FT_OVER05;ODDS_FT_OVER15;ODDS_FT_OVER25;ODDS_FT_OVER35;ODDS_FT_OVER45;ODDS_FT_UNDER05;ODDS_FT_UNDER15;ODDS_FT_UNDER25;ODDS_FT_UNDER35;ODDS_FT_UNDER45;ODDS_BTTS_YES;ODDS_BTTS_NO;ODDS_TEAM_A_CS_YES;ODDS_TEAM_A_CS_NO;ODDS_TEAM_B_CS_YES;ODDS_TEAM_B_CS_NO;ODDS_DOUBLECHANCE_1X;ODDS_DOUBLECHANCE_12;ODDS_DOUBLECHANCE_X2;ODDS_1ST_HALF_RESULT_1;ODDS_1ST_HALF_RESULT_X;ODDS_1ST_HALF_RESULT_2;ODDS_2ND_HALF_RESULT_1;ODDS_2ND_HALF_RESULT_X;ODDS_2ND_HALF_RESULT_2;ODDS_DNB_1;ODDS_DNB_2;ODDS_CORNERS_OVER_75;ODDS_CORNERS_OVER_85;ODDS_CORNERS_OVER_95;ODDS_CORNERS_OVER_105;ODDS_CORNERS_OVER_115;ODDS_CORNERS_UNDER_75;ODDS_CORNERS_UNDER_85;ODDS_CORNERS_UNDER_95;ODDS_CORNERS_UNDER_105;ODDS_CORNERS_UNDER_115;ODDS_CORNERS_1;ODDS_CORNERS_X;ODDS_CORNERS_2;ODDS_TEAM_TO_SCORE_FIRST_1;ODDS_TEAM_TO_SCORE_FIRST_X;ODDS_TEAM_TO_SCORE_FIRST_2;ODDS_WIN_TO_NIL_1;ODDS_WIN_TO_NIL_2;ODDS_1ST_HALF_OVER05;ODDS_1ST_HALF_OVER15;ODDS_1ST_HALF_OVER25;ODDS_1ST_HALF_OVER35;ODDS_1ST_HALF_UNDER05;ODDS_1ST_HALF_UNDER15;ODDS_1ST_HALF_UNDER25;ODDS_1ST_HALF_UNDER35;ODDS_2ND_HALF_OVER05;ODDS_2ND_HALF_OVER15;ODDS_2ND_HALF_OVER25;ODDS_2ND_HALF_OVER35;ODDS_2ND_HALF_UNDER05;ODDS_2ND_HALF_UNDER15;ODDS_2ND_HALF_UNDER25;ODDS_2ND_HALF_UNDER35;ODDS_BTTS_1ST_HALF_YES;ODDS_BTTS_1ST_HALF_NO;ODDS_BTTS_2ND_HALF_YES;ODDS_BTTS_2ND_HALF_NO;OVERALLGOALCOUNT;HT_GOALS_TEAM_A;HT_GOALS_TEAM_B;GOALS_2HG_TEAM_A;GOALS_2HG_TEAM_B;GOALCOUNT_2HG;HTGOALCOUNT;DATE_UNIX;WINNINGTEAM;NO_HOME_AWAY;BTTS_POTENTIAL;BTTS_FHG_POTENTIAL;BTTS_2HG_POTENTIAL;GOALTIMINGDISABLED;CORNER_TIMINGS_RECORDED;CARD_TIMINGS_RECORDED;TEAM_A_FH_CORNERS;TEAM_B_FH_CORNERS;TEAM_A_2H_CORNERS;TEAM_B_2H_CORNERS;CORNER_FH_COUNT;CORNER_2H_COUNT;TEAM_A_FH_CARDS;TEAM_B_FH_CARDS;TEAM_A_2H_CARDS;TEAM_B_2H_CARDS;TOTAL_FH_CARDS;TOTAL_2H_CARDS;ATTACKS_RECORDED;TEAM_A_DANGEROUS_ATTACKS;TEAM_B_DANGEROUS_ATTACKS;TEAM_A_ATTACKS;TEAM_B_ATTACKS;TEAM_A_XG;TEAM_B_XG;TOTAL_XG;TEAM_A_PENALTIES_WON;TEAM_B_PENALTIES_WON;TEAM_A_PENALTY_GOALS;TEAM_B_PENALTY_GOALS;TEAM_A_PENALTY_MISSED;TEAM_B_PENALTY_MISSED;PENS_RECORDED;GOAL_TIMINGS_RECORDED;TEAM_A_0_10_MIN_GOALS;TEAM_B_0_10_MIN_GOALS;TEAM_A_CORNERS_0_10_MIN;TEAM_B_CORNERS_0_10_MIN;TEAM_A_CARDS_0_10_MIN;TEAM_B_CARDS_0_10_MIN;THROWINS_RECORDED;TEAM_A_THROWINS;TEAM_B_THROWINS;FREEKICKS_RECORDED;TEAM_A_FREEKICKS;TEAM_B_FREEKICKS;GOALKICKS_RECORDED;TEAM_A_GOALKICKS;TEAM_B_GOALKICKS;O45_POTENTIAL;O35_POTENTIAL;O25_POTENTIAL;O15_POTENTIAL;O05_POTENTIAL;O15HT_POTENTIAL;O05HT_POTENTIAL;O05_2H_POTENTIAL;O15_2H_POTENTIAL;CORNERS_POTENTIAL;OFFSIDES_POTENTIAL;CARDS_POTENTIAL;AVG_POTENTIAL;HOME_NAME;AWAY_NAME;HOME_PPG;AWAY_PPG;PRE_MATCH_HOME_PPG;PRE_MATCH_AWAY_PPG;PRE_MATCH_TEAMA_OVERALL_PPG;PRE_MATCH_TEAMB_OVERALL_PPG;U45_POTENTIAL;U35_POTENTIAL;U25_POTENTIAL;U15_POTENTIAL;U05_POTENTIAL;CORNERS_O85_POTENTIAL;CORNERS_O95_POTENTIAL;CORNERS_O105_POTENTIAL;TEAM_A_XG_PREMATCH;TEAM_B_XG_PREMATCH;TOTAL_XG_PREMATCH;COMPETITION_ID;MATCHES_COMPLETED_MINIMUM;OVER05;OVER15;OVER25;OVER35;OVER45;OVER55;BTTS
529797;3809;3810;2019;complete;4218;1;-1;55,81,89;19,74,87;3;3;6;3;5;8;2;1;3;1;0;0;5;6;3;4;8;10;17;8;55;45;3;1;1.33;5.15;7.25;1;1.12;1.43;2.1;3.75;14.25;5.45;2.65;1.67;1.27;1.69;2.05;2.2;1.61;7.5;1.07;1.1;1.14;3;1.75;2.78;6.65;1.61;3;6;0;0;1.22;1.44;1.72;2.38;3.2;3.7;2.5;2;1.5;1.29;0;0;0;1.28;17;3.75;2.38;15;0;0;0;0;0;0;0;0;1.25;2.2;5;13;3.75;1.61;1.16;1.04;0;0;0;0;6;0;1;3;2;5;1;2019-04-26 20:00:00;-1;0;0;0;0;0;1;1;2;1;1;4;3;5;2;1;1;0;3;1;1;52;38;72;53;1.23;1.32;2.55;0;0;0;0;0;0;1;1;0;0;1;1;0;0;-1;-1;-1;-1;-1;-1;-1;-1;-1;0;0;0;0;0;0;0;0;0;0;0;0;0;Valur;Víkingur Reykjavík;1.55;1.09;0;0;0;0;0;0;0;0;0;0;0;0;0;0;0;1832;22;Y;Y;Y;Y;Y;Y;Y
529798;3806;3803;2019;complete;4218;1;-1;;62,90;0;2;2;1;7;8;6;2;3;1;0;0;3;6;7;10;10;16;11;15;43;57;3;1;3.9;3.75;1.77;1.01;1.22;1.75;2.75;5;13;4;2.05;1.4;1.14;1.64;2.18;5;1.14;2.62;1.44;2.1;1.28;1.2;4.65;2.33;2.29;4.4;2.62;2.12;0;0;0;0;0;1.9;0;0;0;0;1.8;0;0;0;0;2.75;13;1.5;8.5;3.1;0;0;0;0;0;0;0;0;1.29;2.46;5.8;17;3.4;1.51;1.11;1.02;0;0;0;0;2;0;0;0;2;2;0;2019-04-27 14:00:00;3803;0;0;0;0;0;1;1;0;4;1;3;4;4;0;0;3;1;0;4;1;65;73;96;103;1.31;1.95;3.27;0;0;0;0;0;0;1;1;0;0;0;1;0;0;-1;-1;-1;-1;-1;-1;-1;-1;-1;0;0;0;0;0;0;0;0;0;0;0;0;0;Grindavík;Breidablik;1.36;1.82;0;0;0;0;0;0;0;0;0;0;0;0;0;0;0;1832;22;Y;Y;N;N;N;N;N
529799;3805;3812;2019;complete;4218;1;-1;;40,45,57;0;3;3;0;0;0;0;2;1;0;0;0;4;5;0;0;4;5;12;10;50;50;1;0;2.4;3.6;2.55;1.01;1.28;1.85;3.25;5.5;12;3.5;1.95;1.33;1.12;1.65;2.16;3.4;1.3;3.5;1.28;1.5;1.29;1.57;3.13;2.19;3.28;2.91;2.44;3.05;0;0;0;0;0;1.72;0;0;0;0;2;0;0;0;0;1.83;13;2.05;4.33;4.5;0;0;0;0;0;0;0;0;1.36;2.75;7;21;3;1.4;1.1;1.01;0;0;0;0;3;0;2;0;1;1;2;2019-04-27 14:15:00;3812;0;0;0;0;0;1;1;0;0;0;0;0;0;0;0;1;0;0;1;-1;0;0;0;0;0;0;0;0;0;0;0;0;0;1;1;0;0;0;0;0;0;-1;-1;-1;-1;-1;-1;-1;-1;-1;0;0;0;0;0;0;0;0;0;0;0;0;0;ÍBV;Fylkir;0.91;0.73;0;0;0;0;0;0;0;0;0;0;0;0;0;0;0;1832;22;Y;Y;Y;N;N;N;N
529800;54;3822;2019;complete;4218;1;-1;9,65;;2;0;2;5;9;14;2;2;0;0;0;0;7;3;5;10;12;13;8;10;52;48;0;0;1.34;4.8;7;1.01;1.17;1.57;2.45;4;12.25;4.55;2.3;1.5;1.19;1.8;1.91;2.1;1.66;7.5;1.07;1.08;1.14;3.25;1.79;2.64;6.95;1.65;3.06;6.75;0;0;0;1.3;1.6;2.1;2.5;0;3.1;2.15;1.66;1.44;0;0;0;1.36;20.5;3.36;2.25;15;0;0;0;0;0;0;0;0;1.25;2.23;5.1;15;3.72;1.61;1.15;1.03;0;0;0;0;2;1;0;1;0;1;1;2019-04-27 16:00:00;54;0;0;0;0;0;1;-1;3;3;2;6;6;8;0;0;0;0;0;0;1;38;35;55;62;1.52;1.28;2.8;0;0;0;0;0;0;1;1;1;0;0;3;-1;-1;-1;-1;-1;-1;-1;-1;-1;-1;-1;0;0;0;0;0;0;0;0;0;0;0;0;0;FH;HK;2.27;1;0;0;0;0;0;0;0;0;0;0;0;0;0;0;0;1832;22;Y;Y;N;N;N;N;N
529801;3807;3811;2019;complete;4218;1;-1;33,40,58;45;3;1;4;3;6;9;2;1;5;3;0;0;8;4;7;6;15;10;20;18;43;57;5;3;2;3.5;3.35;1.02;1.22;1.71;2.8;5;10.75;3.95;2.05;1.39;1.14;1.65;2.15;3;1.36;4.33;1.2;1.36;1.25;1.72;2.56;2.3;3.9;2.38;2.57;3.68;0;0;0;1.25;1.5;1.83;2.3;0;3.5;2.38;1.83;1.53;0;0;0;1.61;13;2.37;3.75;6;0;0;0;0;0;0;0;0;1.33;2.63;6;13;3;1.44;1.1;1.01;0;0;0;0;4;2;1;1;0;1;3;2019-04-27 16:00:00;3807;0;0;0;0;0;1;1;1;3;2;3;4;5;1;1;4;2;2;6;1;77;96;113;126;2.06;1.61;3.67;0;0;0;0;0;0;1;1;0;0;0;2;0;0;-1;-1;-1;-1;-1;-1;-1;-1;-1;0;0;0;0;0;0;0;0;0;0;0;0;0;ÍA;KA;1.45;0.91;0;0;0;0;0;0;0;0;0;0;0;0;0;0;0;1832;22;Y;Y;Y;Y;N;N;Y
529802;971;973;2019;complete;4218;1;-1;45;50;1;1;2;6;4;10;-1;-1;2;1;0;1;2;2;0;0;2;2;-1;-1;50;50;2;3;2.3;3.35;2.85;1.02;1.22;1.74;2.85;5.5;10.5;3.9;2;1.38;1.13;1.61;2.2;3;1.36;4;1.22;1.36;1.28;1.72;2.75;2.25;3.4;2.52;2.5;3.52;0;0;1.13;1.29;1.5;1.9;2.38;5;3.2;2.38;1.8;1.5;0;0;0;1.66;12;2.3;3.75;5.5;0;0;0;0;0;0;0;0;1.33;2.62;6.5;19;3.25;1.44;1.11;1.02;0;0;0;0;2;1;0;0;1;1;1;2019-04-27 20:00:00;-1;0;0;0;0;0;1;1;2;4;4;0;6;4;0;2;2;0;2;2;1;42;11;0;0;0.56;0.34;0.9;1;1;1;1;0;0;1;1;0;0;0;0;0;0;-1;-1;-1;-1;-1;-1;-1;-1;-1;0;0;0;0;0;0;0;0;0;0;0;0;0;Stjarnan;KR;1.82;2.09;0;0;0;0;0;0;0;0;0;0;0;0;0;0;0;1832;22;Y;Y;N;N;N;N;Y
529803;3822;3803;2019;complete;4218;2;-1;46,50;89,90;2;2;4;5;2;7;3;3;2;3;0;0;5;7;5;9;10;16;21;8;42;58;2;3;5.65;4.05;1.51;1.01;1.19;1.65;2.65;4.5;11.25;4.2;2.15;1.43;1.16;1.77;2;6;1.11;2.25;1.57;2.5;1.22;1.14;5;2.37;2.05;5;3.1;1.67;0;0;0;0;0;2;0;0;0;0;1.72;0;0;0;0;3.2;13;1.36;10;2.6;0;0;0;0;0;0;0;0;1.28;2.4;5.9;17;3.52;1.53;1.11;1.02;0;0;0;0;4;0;0;2;2;4;0;2019-05-04 16:00:00;-1;0;0;0;0;0;1;1;2;1;3;1;3;4;1;0;1;3;1;4;1;28;39;53;71;1.18;1.78;2.96;0;0;0;0;0;0;1;1;0;0;0;0;0;0;-1;-1;-1;-1;-1;-1;-1;-1;-1;0;0;0;50;50;0;0;50;50;7;2;1;1;HK;Breidablik;1.45;1.82;0;3;0;3;50;50;50;0;0;0;0;0;0;1.95;1.95;1832;22;Y;Y;Y;Y;N;N;Y
529804;3811;3809;2019;complete;4218;2;-1;54;;1;0;1;4;5;9;0;2;1;3;0;0;6;4;5;5;11;9;12;20;44;56;1;3;4.8;3.95;1.61;1.01;1.18;1.61;2.5;4.5;11.75;4.4;2.2;1.48;1.18;1.67;2.1;4.85;1.11;2.75;1.4;2;1.28;1.22;4.5;2.25;2.25;4.2;2.7;2;0;0;0;1.25;1.5;1.83;2.38;0;3.5;2.38;1.83;1.5;0;0;0;2.62;13;1.53;6.6;3.1;0;0;0;0;0;0;0;0;1.3;2.35;5.25;11.5;3.2;1.53;1.12;1.01;0;0;0;0;1;0;0;1;0;1;0;2019-05-05 16:00:00;3811;0;0;0;0;0;1;1;1;3;3;2;4;5;1;0;0;3;1;3;1;76;86;103;120;1.66;1.48;3.14;1;0;1;0;0;0;1;1;0;0;0;0;0;0;-1;-1;-1;-1;-1;-1;-1;-1;-1;0;0;0;0;0;0;0;0;0;0;0;0;0;KA;Valur;1.91;1.09;0;0;0;1;0;0;0;0;0;0;0;0;0;0;0;1832;22;Y;N;N;N;N;N;N
529805;973;3805;2019;complete;4218;2;-1;55,67,87;;3;0;3;7;3;10;4;1;1;2;0;0;9;3;8;4;17;7;8;9;61;39;1;2;1.38;4.55;6.9;1.01;1.18;1.61;2.5;4.33;11.75;4.4;2.2;1.48;1.18;1.8;1.95;2.1;1.57;7;1.08;1.07;1.22;2.75;1.92;2.56;5.9;1.76;2.97;5.65;0;0;1.15;1.29;1.53;2;2.5;4.5;3.2;2.3;1.72;1.44;0;0;0;1.3;13;3.6;2.35;9.25;0;0;0;0;0;0;0;0;1.26;2.31;5.5;11;3.68;1.57;1.13;1.01;0;0;0;0;3;0;0;3;0;3;0;2019-05-05 17:00:00;973;0;0;0;0;0;1;1;3;2;4;1;5;5;1;0;0;2;1;2;1;129;93;171;138;2.64;1.34;3.97;0;0;0;0;0;0;1;1;0;0;0;0;0;0;-1;-1;-1;-1;-1;-1;-1;-1;-1;0;0;0;0;0;0;0;0;0;0;0;0;0;KR;ÍBV;2.64;0;0;0;1;0;0;0;0;0;0;0;0;0;0;0;0;1832;22;Y;Y;Y;N;N;N;N
529806;3806;971;2019;complete;4218;2;-1;65;29;1;1;2;1;6;7;0;1;2;1;0;0;2;5;5;7;7;12;14;15;48;52;2;1;4.9;3.9;1.61;1.01;1.2;1.67;2.7;4.5;11;4.1;2.1;1.42;1.15;1.71;2;4.9;1.1;2.62;1.44;2.2;1.28;1.14;4.65;2.39;2.23;4.4;2.73;2.05;0;0;0;0;0;1.83;0;0;0;0;1.83;0;0;0;0;2.75;13;1.44;6.95;2.75;0;0;0;0;0;0;0;0;1.29;2.47;6.2;12;3.4;1.51;1.1;1.01;0;0;0;0;2;0;1;1;0;1;1;2019-05-05 19:15:00;-1;0;0;0;0;0;1;1;1;2;0;4;3;4;0;1;2;0;1;2;1;51;73;90;91;0.96;1.63;2.59;1;1;1;1;0;0;1;1;0;0;0;0;0;0;-1;-1;-1;-1;-1;-1;-1;-1;-1;0;0;0;50;50;0;0;50;50;1;6;3;1;Grindavík;Stjarnan;1.36;1.36;0;0;0;1;50;50;50;0;0;0;0;0;1.31;0;1.31;1832;22;Y;Y;N;N;N;N;Y
529807;3812;3807;2019;complete;4218;2;-1;52,71;13,90;2;2;4;4;8;12;1;2;4;2;0;0;4;8;4;6;8;14;16;13;44;56;4;2;2.45;3.3;2.65;1.02;1.23;1.74;2.9;5;10.5;3.85;2;1.37;1.13;1.62;2.2;3.55;1.21;3.75;1.25;1.5;1.28;1.53;2.98;2.31;3.2;2.76;2.62;2.97;0;0;1.1;1.22;1.44;1.72;2.2;5.5;3.7;2.5;2;1.57;0;0;0;1.83;13;2.05;4.45;4.45;0;0;0;0;0;0;0;0;1.3;2.48;6.25;13;3.38;1.51;1.1;1.01;0;0;0;0;4;0;1;2;1;3;1;2019-05-05 19:15:00;-1;0;0;0;0;0;1;1;2;4;2;4;6;6;2;1;2;1;3;3;1;39;50;50;56;1.06;1.79;2.86;0;0;0;0;0;0;1;1;0;0;0;1;1;0;-1;-1;-1;-1;-1;-1;-1;-1;-1;0;0;0;0;0;0;0;0;0;0;0;0;0;Fylkir;ÍA;1.82;1;0;0;3;3;0;0;0;0;0;0;0;0;0;0;0;1832;22;Y;Y;Y;Y;N;N;Y
529808;3810;54;2019;complete;4218;2;-1;39;71;1;1;2;5;4;9;1;2;4;2;0;1;8;6;5;6;13;12;16;9;56;44;4;3;4.35;3.7;1.71;1.02;1.22;1.71;2.8;5;10.75;3.95;2.05;1.39;1.14;1.69;2.05;5;1.14;2.5;1.5;2.1;1.25;1.16;4.5;2.25;2.25;4.35;2.68;2.09;0;0;1.22;1.44;1.72;2.3;3.2;3.7;2.5;2;1.53;1.29;0;0;0;2.75;12;1.5;8;3.1;0;0;0;0;0;0;0;0;1.31;2.55;6.5;19;3.3;1.48;1.09;1.02;0;0;0;0;2;1;0;0;1;1;1;2019-05-06 19:15:00;-1;0;0;0;0;0;1;1;2;2;3;2;4;5;2;2;2;1;4;3;1;45;34;58;48;1.7;1.42;3.11;0;0;0;0;0;0;1;1;0;0;0;0;0;0;-1;-1;-1;-1;-1;-1;-1;-1;-1;0;0;0;0;0;0;0;0;0;0;0;0;0;Víkingur Reykjavík;FH;1.45;1.09;0;0;1;3;0;0;0;0;0;0;0;0;0;0;0;1832;22;Y;Y;N;N;N;N;Y
529809;971;3822;2019;complete;4218;3;-1;54;;1;0;1;5;1;6;2;0;2;3;0;0;4;3;11;3;15;6;14;20;59;41;2;3;1.29;5.25;8;1.01;1.2;1.61;2.5;4.33;15;4.33;2.25;1.5;1.2;1.83;1.91;2.05;1.61;7;1.08;1.07;1.14;3.25;1.77;2.69;6.95;1.64;3.1;6.7;0;0;1.13;1.25;1.44;1.9;2.3;5;3.5;2.5;1.8;1.53;0;0;0;1.25;15;3.75;2.25;9;0;0;0;0;0;0;0;0;1.26;2.33;5.65;15;3.64;1.56;1.12;1.03;0;0;0;0;1;0;0;1;0;1;0;2019-05-10 19:15:00;971;0;50;0;0;0;1;1;4;0;1;1;4;2;0;0;2;3;0;5;1;99;64;103;76;1.93;1.05;2.99;0;0;0;0;0;0;1;1;0;0;1;0;0;0;-1;-1;-1;-1;-1;-1;-1;-1;-1;0;0;0;100;100;0;100;100;0;15;1;2;2;Stjarnan;HK;1.82;1;1;0;1;0.5;100;100;100;0;0;100;100;50;0.56;1.28;1.84;1832;22;Y;N;N;N;N;N;N
529810;3803;3810;2019;complete;4218;3;-1;11,43,66;12;3;1;4;7;3;10;1;5;2;0;0;0;10;4;9;4;19;8;15;10;40;60;2;0;1.62;4.2;4.2;1.01;1.2;1.6;2.5;4.33;15;4.33;2.3;1.5;1.2;1.66;2.1;2.6;1.38;5.5;1.12;1.22;1.22;2.2;2.05;2.35;5;1.95;2.75;4;0;0;1.2;1.44;1.72;2.2;3.1;3.9;2.5;2;1.57;1.3;0;0;0;1.44;17;2.87;3;7;0;0;0;0;0;0;0;0;1.3;2.37;5.5;15;3.4;1.53;1.14;1.03;0;0;0;0;4;2;1;1;0;1;3;2019-05-10 20:00:00;3803;0;50;0;50;0;1;1;3;1;4;2;4;6;2;0;0;0;2;0;1;76;50;105;93;2.44;1.15;3.6;0;0;0;0;0;0;1;1;0;0;1;0;0;0;-1;-1;-1;-1;-1;-1;-1;-1;-1;50;50;50;50;50;0;50;50;50;5;1;1;3;Breidablik;Víkingur Reykjavík;1.64;1.09;0;1;2;1;0;0;0;0;0;0;0;0;0;1.32;1.32;1832;22;Y;Y;Y;Y;N;N;Y
529811;3805;3806;2019;complete;4218;3;-1;45,45;45,60;2;2;4;0;0;0;-1;-1;3;2;0;0;-1;-1;-1;-1;-1;-1;-1;-1;-1;-1;3;2;2;3.75;2.9;1.01;1.22;1.72;2.75;4.5;13;4;2.07;1.4;1.16;1.74;2.02;2.75;1.33;4;1.22;1.4;1.25;1.72;2.73;2.21;3.8;2.52;2.5;3.52;0;0;0;0;0;1.9;0;0;0;0;1.8;0;0;0;0;1.66;15;2.25;3.5;4.95;0;0;0;0;0;0;0;0;1.26;2.62;5.5;19;3.66;1.46;1.13;1.02;0;0;0;0;4;2;1;0;1;1;3;2019-05-11 14:00:00;-1;0;0;0;0;0;1;1;0;0;0;0;0;0;0;1;3;1;1;4;-1;0;0;0;0;0;0;0;0;0;0;0;0;0;1;1;0;0;0;0;0;0;-1;-1;-1;-1;-1;-1;-1;-1;-1;0;0;50;50;50;50;50;50;0;0;0;1;1.5;ÍBV;Grindavík;0.91;0.45;0;0;0;0.5;50;50;0;0;0;0;0;0;0;0;0;1832;22;Y;Y;Y;Y;N;N;Y
529812;54;3811;2019;complete;4218;3;-1;6,75,87;53,65;3;2;5;5;5;10;1;1;5;5;0;0;8;5;6;6;14;11;14;11;61;39;5;5;1.7;3.8;4.2;1.01;1.25;1.72;2.75;5;13;3.75;2.07;1.4;1.14;1.72;2;2.62;1.44;4.5;1.16;1.22;1.25;2.1;2.3;2.2;4.6;2.05;2.62;4;0;0;1.1;1.25;1.5;1.83;2.38;5.5;3.5;2.38;1.83;1.5;0;0;0;1.5;13;2.75;3.1;7.5;0;0;0;0;0;0;0;0;1.33;2.62;6.5;19;3.25;1.44;1.11;1.02;0;0;0;0;5;1;0;2;2;4;1;2019-05-10 18:00:00;54;0;50;50;0;0;1;1;2;2;3;3;4;6;1;1;4;4;2;8;1;76;59;92;70;1.99;1.47;3.45;1;0;1;0;0;0;1;1;1;0;0;0;1;0;-1;-1;-1;-1;-1;-1;-1;-1;-1;0;50;50;100;100;50;100;100;0;11;3;3;3;FH;KA;2.27;0.91;3;0;2;1.5;100;50;50;0;0;100;50;50;1.52;1.61;3.13;1832;22;Y;Y;Y;Y;Y;N;Y
529813;3809;3807;2019;complete;4218;3;-1;58;21,45;1;2;3;4;6;10;-1;-1;3;3;0;0;4;6;7;4;11;10;-1;-1;50;50;3;3;1.72;4;4.33;1.02;1.16;1.57;2.37;4;11;4.5;2.35;1.53;1.22;1.51;2.45;2.75;1.33;5.5;1.12;1.2;1.22;2;2.28;2.43;4.33;2.12;2.79;3.98;0;0;1.13;1.29;1.5;1.9;2.38;5;3.2;2.38;1.8;1.5;0;0;0;1.5;17;2.62;3.2;7;0;0;0;0;0;0;0;0;1.22;2.23;4.8;12;4.1;1.61;1.16;1.02;0;0;0;0;3;0;2;1;0;1;2;2019-05-11 20:00:00;3807;0;100;0;100;0;1;1;2;4;2;2;6;4;0;1;3;2;1;5;1;61;36;111;69;1.42;1.31;2.74;1;0;1;0;0;0;1;1;0;0;0;0;0;0;-1;-1;-1;-1;-1;-1;-1;-1;-1;50;100;100;100;100;0;100;100;100;11;4;5;5;Valur;ÍA;1.55;1;1;1;0.5;2;50;0;0;0;0;50;50;50;1.23;1.79;3.02;1832;22;Y;Y;Y;N;N;N;Y
529814;973;3812;2019;complete;4218;3;-1;32;90;1;1;2;6;6;12;3;1;1;3;0;0;4;5;5;3;9;8;17;19;45;55;1;3;1.71;3.8;4.15;1.02;1.22;1.71;2.8;5.5;10.75;3.95;2.05;1.39;1.14;1.71;2.05;2.2;1.61;5;1.14;1.14;1.22;2.5;2.1;2.2;5;1.91;2.63;4.5;0;0;0;0;0;1.83;0;0;0;0;1.83;0;1.25;7.25;4.7;1.4;12;3.1;2.6;8.5;0;0;0;0;0;0;0;0;1.33;2.75;6.5;15;3;1.4;1.08;1.01;0;0;0;0;2;1;0;0;1;1;1;2019-05-12 19:15:00;-1;0;0;0;0;0;1;1;2;2;4;4;4;8;1;1;0;2;2;2;1;109;122;130;155;1.64;1.75;3.39;0;0;0;0;0;0;1;1;0;0;0;0;0;0;-1;-1;-1;-1;-1;-1;-1;-1;-1;0;0;100;100;100;50;50;100;50;7;6;1;3;KR;Fylkir;2.64;0.73;3;3;2;2;100;100;0;0;0;50;50;0;2.64;0;2.64;1832;22;Y;Y;N;N;N;N;Y
529815;3807;54;2019;complete;4218;4;-1;3,68;;2;0;2;3;4;7;3;4;3;3;0;1;5;6;7;6;12;12;15;13;36;64;3;5;2.4;3.4;2.65;1.02;1.21;1.71;2.75;4.5;10.75;4;2.05;1.4;1.14;1.59;2.25;3.4;1.22;4;1.22;1.4;1.28;1.57;2.88;2.25;3.1;2.5;2.55;2.85;0;0;1.1;1.25;1.44;1.8;2.3;5.5;3.5;2.5;1.9;1.53;0;0;0;1.8;13;2.05;4.2;4.85;0;0;0;0;0;0;0;0;1.29;2.43;6;12;3.45;1.52;1.11;1.02;0;0;0;0;2;1;0;1;0;1;1;2019-05-15 19:15:00;3807;0;100;50;0;0;1;1;3;1;0;3;4;3;1;1;2;3;2;5;1;54;84;91;146;1.5;1.8;3.3;0;0;0;0;0;0;1;1;1;0;1;0;0;0;-1;-1;-1;-1;-1;-1;-1;-1;-1;0;50;50;100;100;50;100;100;0;7;4;8;3;ÍA;FH;1.45;1.09;3;1;2.33;2.33;100;50;50;0;0;100;0;0;2.06;1.42;3.48;1832;22;Y;Y;N;N;N;N;N
529816;3822;3805;2019;complete;4218;4;-1;14,45;;2;0;2;6;3;9;5;5;2;1;0;1;8;4;10;4;18;8;8;9;58;42;2;3;2.2;3.4;2.95;1.03;1.25;1.83;3.1;5.5;9.75;3.6;1.91;1.33;1.11;1.69;2.05;2.95;1.3;3.75;1.25;1.4;1.28;1.66;2.75;2.1;3.6;2.5;2.5;3.25;0;0;1.22;1.44;1.72;2.3;3.2;3.7;2.5;2;1.53;1.29;0;0;0;1.72;12;2.1;3.7;4.85;0;0;0;0;0;0;0;0;1.32;2.6;6.75;14.25;3.22;1.46;1.09;1.01;0;0;0;0;2;2;0;0;0;0;2;2019-05-16 18:45:00;3822;0;50;0;50;0;1;1;1;2;5;1;3;6;1;2;1;0;3;1;1;134;112;172;149;2.67;1.6;4.27;0;0;0;0;0;0;1;1;0;0;0;0;0;0;-1;-1;-1;-1;-1;-1;-1;-1;-1;0;50;100;100;100;0;0;100;100;8;4;4;3.5;HK;ÍBV;1.45;0;1;0;0.33;0.33;100;50;0;0;0;50;50;0;1.18;1.34;2.52;1832;22;Y;Y;N;N;N;N;N
529817;3810;971;2019;complete;4218;4;-1;54,72,88;31,39,48,64;3;4;7;6;3;9;1;0;0;1;0;0;11;7;15;7;26;14;7;11;59;41;0;1;5.4;4.05;1.53;1.01;1.2;1.67;2.65;4.5;11.25;4.15;2.1;1.43;1.15;1.77;1.95;5.55;1.07;2.37;1.53;2.37;1.22;1.12;5.35;2.46;2.05;5.1;2.83;1.88;0;0;1.22;1.44;1.83;1.9;3.2;3.7;2.5;1.83;1.8;1.29;0;0;0;3.1;13;1.4;7.75;2.55;0;0;0;0;0;0;0;0;1.28;2.43;6;13;3.48;1.52;1.11;1.02;0;0;0;0;7;0;2;3;2;5;2;2019-05-15 19:15:00;971;0;100;0;0;0;1;1;1;1;5;2;2;7;0;0;0;1;0;1;1;42;30;68;56;2.7;1.58;4.28;0;0;0;0;0;0;1;1;0;0;0;1;0;0;-1;-1;-1;-1;-1;-1;-1;-1;-1;0;0;0;100;100;0;100;100;0;11;2;5;2;Víkingur Reykjavík;Stjarnan;1.45;1.36;1;1;0.67;1.67;100;100;100;0;0;50;0;0;1.7;1.63;3.33;1832;22;Y;Y;Y;Y;Y;Y;Y
529818;3811;3803;2019;complete;4218;4;-1;;3;0;1;1;16;3;19;2;0;3;4;0;0;5;5;9;7;14;12;18;22;60;40;3;4;2.95;3.45;2.2;1.01;1.2;1.67;2.65;4.4;11.25;4.15;2.1;1.43;1.15;1.57;2.25;3.55;1.21;4;1.22;1.44;1.3;1.53;3.1;2.2;3;2.74;2.63;2.98;0;0;1.13;1.25;1.5;1.8;2.38;5;3.5;2.38;1.9;1.5;0;0;0;1.8;13;2.1;4.4;4.65;0;0;0;0;0;0;0;0;1.29;2.46;6.15;12;3.42;1.51;1.1;1.02;0;0;0;0;1;0;1;0;0;0;1;2019-05-15 19:15:00;3803;0;25;0;25;0;1;1;5;3;11;0;8;11;0;1;3;3;1;6;1;110;47;107;97;2.02;1.45;3.47;0;1;0;1;0;0;1;1;0;1;1;1;0;0;-1;-1;-1;-1;-1;-1;-1;-1;-1;0;25;25;50;100;0;0;100;50;8.5;2.5;3;2;KA;Breidablik;1.91;1.82;3;2;1;2.33;100;75;75;50;0;50;0;0;1.66;1.87;3.53;1832;22;Y;N;N;N;N;N;N
529819;3812;3809;2019;complete;4218;4;-1;;5;0;1;1;10;5;15;0;3;2;2;0;0;6;5;7;1;13;6;12;10;54;46;2;2;2.95;3.2;2.3;1.03;1.27;1.87;3.2;6;9.25;3.45;1.87;1.31;1.1;1.69;2.05;3.5;1.28;3;1.36;1.53;1.3;1.36;3.5;2.2;2.7;3.2;2.6;2.4;0;0;0;0;0;1.9;0;0;0;0;1.8;0;0;0;0;2.2;10;1.8;5;4;0;0;0;0;0;0;0;0;1.33;2.75;6;13;3;1.4;1.1;1.01;0;0;0;0;1;0;1;0;0;0;1;2019-05-16 19:15:00;3809;0;50;0;50;0;1;1;2;3;8;2;5;10;1;0;1;2;1;3;1;32;21;55;37;1.47;0.88;2.35;0;0;0;0;0;0;1;1;0;1;0;1;0;0;-1;-1;-1;-1;-1;-1;-1;-1;-1;0;50;50;50;100;0;50;100;50;9;3;7;2.5;Fylkir;Valur;1.82;1.09;1;0;1.67;0.33;100;50;50;50;0;100;50;50;1.06;1.48;2.54;1832;22;Y;N;N;N;N;N;N
529820;3806;973;2019;complete;4218;4;-1;24,30;60;2;1;3;2;6;8;1;1;5;2;0;0;4;5;1;7;5;12;19;12;43;57;5;2;4.55;3.6;1.71;1.04;1.3;1.95;3.4;6.5;8.75;3.3;1.77;1.28;1.09;1.91;1.83;4.33;1.2;2.37;1.53;2;1.25;1.22;5.05;2.18;2.36;4.75;2.47;2.15;0;0;0;0;1.72;2.21;0;0;0;2;1.65;0;0;0;0;2.75;10;1.5;6.5;2.87;0;0;0;0;0;0;0;0;1.37;2.86;7.2;23;2.94;1.39;1.07;1.01;0;0;0;0;3;2;0;0;1;1;2;2019-05-16 19:15:00;3806;0;75;0;0;0;1;1;1;4;1;2;5;3;2;0;3;2;2;5;1;52;101;94;133;0.98;1.84;2.82;1;0;1;0;0;0;1;1;0;0;0;0;0;0;-1;-1;-1;-1;-1;-1;-1;-1;-1;0;0;0;100;100;0;75;100;25;5;2;5.5;2;Grindavík;KR;1.36;2.09;0.5;1;0.67;1.67;100;100;100;0;0;50;50;0;1.14;0.34;1.48;1832;22;Y;Y;Y;N;N;N;Y
529821;3805;3810;2019;complete;4218;5;-1;90;71;1;1;2;1;2;3;2;1;3;2;1;0;7;6;6;7;13;13;18;10;49;51;5;2;2.3;3.35;2.8;1.03;1.25;1.8;3.05;4.33;9.75;3.65;1.91;1.34;1.11;1.67;2.1;4.05;1.16;3.75;1.25;1.57;1.3;1.4;3.3;2.35;2.84;3.08;2.67;2.63;0;0;0;0;0;1.67;2.15;0;0;0;2.18;1.69;2.1;6.9;1.87;2.1;15;1.8;5.1;4.15;0;0;0;0;0;0;0;0;1.29;2.5;6;17;3.25;1.5;1.11;1.02;0;0;0;0;2;0;0;1;1;2;0;2019-05-19 16:00:00;-1;0;75;50;25;0;1;1;0;1;1;1;1;2;1;1;3;1;2;4;1;48;50;108;98;1.66;1.61;3.27;0;1;0;1;0;0;1;1;0;0;0;0;0;1;-1;-1;-1;-1;-1;-1;-1;-1;-1;25;75;100;100;100;75;100;100;25;4;2.5;2.5;4.25;ÍBV;Víkingur Reykjavík;0.91;1.09;0.5;0.5;0.25;0.5;75;25;0;0;0;25;25;0;0;1.24;1.24;1832;22;Y;Y;N;N;N;N;Y
529822;971;3811;2019;complete;4218;5;-1;;50,55;0;2;2;5;1;6;2;2;2;2;0;0;10;4;10;4;20;8;15;16;57;43;2;2;1.69;3.8;4.3;1.01;1.19;1.65;2.6;4.5;11.5;4.25;2.15;1.44;1.16;1.62;2.15;2.65;1.37;5;1.14;1.22;1.25;2.1;2.29;2.41;4.35;2.11;2.76;4.1;0;0;0;0;0;2.05;2.15;0;0;0;1.77;1.69;1.35;7;3.65;1.5;15;2.62;3.1;6.7;0;0;0;0;0;0;0;0;1.27;2.38;5.8;17;3.55;1.55;1.12;1.02;0;0;0;0;2;0;0;0;2;2;0;2019-05-19 17:00:00;3811;0;75;25;25;0;1;1;1;1;4;0;2;4;0;1;2;1;1;3;1;162;74;180;154;3.13;1.34;4.47;0;0;0;0;0;0;1;1;0;0;0;0;0;0;-1;-1;-1;-1;-1;-1;-1;-1;-1;25;50;50;75;100;25;75;100;25;11;1.5;6;3;Stjarnan;KA;1.82;0.91;2;0;2;0.75;75;50;50;25;0;75;50;0;1.25;1.54;2.79;1832;22;Y;Y;N;N;N;N;N
529823;3803;3807;2019;complete;4218;5;-1;;90;0;1;1;6;6;12;2;2;4;3;0;0;4;6;5;5;9;11;18;9;52;48;4;3;2.1;3.5;3;1.01;1.2;1.67;2.7;4.5;11;4.1;2.1;1.42;1.15;1.59;2.25;3.05;1.28;4.33;1.2;1.36;1.25;1.8;2.5;2.2;3.75;2.3;2.6;3.3;0;0;0;0;1.83;0;0;0;0;1.98;0;0;0;0;0;1.61;15;2.3;3.65;5.55;0;0;0;0;0;0;0;0;1.28;2.41;5.95;17;3.5;1.53;1.11;1.02;0;0;0;0;1;0;0;0;1;1;0;2019-05-19 19:15:00;3807;0;100;50;25;0;1;1;4;3;2;3;7;5;1;0;3;3;1;6;1;39;26;57;48;1.13;1.3;2.43;0;0;0;0;0;0;1;1;0;0;1;1;0;0;-1;-1;-1;-1;-1;-1;-1;-1;-1;0;75;100;100;100;75;100;100;25;14;1.5;4.5;3.75;Breidablik;ÍA;1.64;1;3;2;2.5;2.5;100;25;0;0;0;100;100;25;2.44;1.55;3.99;1832;22;Y;N;N;N;N;N;N
529824;973;3822;2019;complete;4218;5;-1;21,45,55;86,88;3;2;5;4;5;9;5;1;3;1;0;0;7;12;4;4;11;16;13;13;50;50;3;1;1.41;4.35;6.65;1.01;1.2;1.67;2.7;4.5;11;4.1;2.1;1.42;1.15;1.83;1.87;2.5;1.5;5.5;1.12;1.14;1.22;2.25;2.11;2.45;5;1.83;2.8;4.5;0;0;1.2;1.44;1.66;2.21;3.1;3.9;2.5;2.1;1.63;1.3;1.25;7.25;4.75;1.44;13;2.87;2.87;9.5;0;0;0;0;0;0;0;0;1.28;2.41;5.95;17;3.5;1.53;1.11;1.02;0;0;0;0;5;2;0;1;2;3;2;2019-05-20 19:15:00;973;0;25;0;0;0;1;1;2;2;2;3;4;5;1;1;2;0;2;2;1;146;116;178;146;2.25;2.69;4.94;0;0;0;0;0;0;1;1;0;0;0;1;0;1;-1;-1;-1;-1;-1;-1;-1;-1;-1;0;0;25;75;100;0;50;100;25;11.5;4.5;2.5;2;KR;HK;2.64;1;2;0;1.25;1;100;100;75;25;0;75;75;50;2.14;1.17;3.31;1832;22;Y;Y;Y;Y;Y;N;Y
529825;3806;3812;2019;complete;4218;5;-1;75;;1;0;1;6;8;14;2;1;2;2;0;0;3;3;8;11;11;14;8;13;45;55;2;2;2.65;3.3;2.45;1.02;1.23;1.77;2.9;5;10.25;3.8;2;1.36;1.12;1.62;2.2;4;1.22;3.25;1.33;1.57;1.28;1.36;3.64;2.27;2.73;3.3;2.57;2.57;0;0;1.1;1.25;1.44;1.9;2.3;5.5;3.5;2.5;1.8;1.53;1.83;6.25;2.2;2.2;12;1.72;5.5;4.33;0;0;0;0;0;0;0;0;1.32;2.62;6.8;19;3.22;1.46;1.08;1.02;0;0;0;0;1;0;0;1;0;1;0;2019-05-20 19:15:00;3806;0;59;0;0;0;1;1;3;3;3;5;6;8;1;1;1;1;2;2;1;71;91;84;99;1.41;1.74;3.16;0;0;0;0;0;0;1;1;0;0;0;2;0;0;-1;-1;-1;-1;-1;-1;-1;-1;-1;0;0;42;100;100;42;84;100;17;7.33;3.83;4.83;2.42;Grindavík;Fylkir;1.36;0.73;1.33;2;1.25;1.25;100;100;59;0;0;50;50;50;1.08;1.75;2.83;1832;22;Y;N;N;N;N;N;N
529826;54;3809;2019;complete;4218;5;-1;34,76,86;69,79;3;2;5;2;17;19;1;2;0;2;0;0;6;7;0;5;6;12;5;11;45;55;0;2;2.35;3.3;2.75;1.02;1.23;1.77;2.9;5;10.25;3.8;2;1.36;1.12;1.62;2.15;3.25;1.33;4;1.22;1.33;1.3;1.66;2.65;2.27;3.8;2.5;2.57;3.42;0;0;1.17;1.33;1.66;2.21;2.8;4.33;2.9;2.1;1.65;1.36;1.83;6.15;2.2;1.72;11;2.25;4;6;0;0;0;0;0;0;0;0;1.33;2.63;6.85;19;3.18;1.46;1.08;1.02;0;0;0;0;5;1;0;2;2;4;1;2019-05-20 19:15:00;54;0;25;0;25;0;1;1;0;5;2;12;5;14;0;2;0;0;2;0;1;34;43;50;55;1.05;1.55;2.6;1;0;1;0;0;0;1;1;0;0;0;0;0;0;-1;-1;-1;-1;-1;-1;-1;-1;-1;25;25;25;50;100;0;75;75;25;10;4;5;2.25;FH;Valur;2.27;1.09;3;1.5;1.75;1;75;75;75;50;0;100;75;50;1.75;1.18;2.93;1832;22;Y;Y;Y;Y;Y;N;Y
529827;3822;3806;2019;complete;4218;6;-1;;;0;0;0;5;7;12;0;2;2;1;0;0;3;5;7;4;10;9;12;18;50;50;2;1;2.05;3.45;3.2;1.02;1.24;1.8;3;5.5;10;3.7;1.95;1.35;1.12;1.69;2.05;3;1.36;4;1.22;1.36;1.28;1.66;2.62;2.2;3.75;2.5;2.5;3.2;0;0;0;0;1.81;0;0;0;0;2.01;0;0;0;0;0;1.66;12;2.37;3.75;6;0;0;0;0;0;0;0;0;1.33;2.63;6;19;3;1.44;1.1;1.02;0;0;0;0;0;0;0;0;0;0;0;2019-05-25 16:00:00;-1;0;75;50;25;0;1;1;2;4;3;3;6;6;1;0;1;1;1;2;1;125;121;151;159;1.75;1.8;3.55;0;0;0;0;0;0;1;1;0;0;1;1;0;0;-1;-1;-1;-1;-1;-1;-1;-1;-1;0;75;75;100;100;75;75;75;25;5.5;3;4;3.5;HK;Grindavík;1.45;0.45;2;1;0.8;1.6;100;25;25;0;0;25;0;0;1.92;0;1.92;1832;22;N;N;N;N;N;N;N
529828;3811;3805;2019;complete;4218;6;-1;76,81;;2;0;2;2;4;6;4;0;0;4;0;0;9;2;7;5;16;7;8;12;50;50;0;4;1.44;4.1;6.4;1.02;1.24;1.77;2.95;5;10;3.75;1.95;1.36;1.12;1.91;1.83;2.2;1.61;5.5;1.12;1.1;1.22;2.37;2.05;2.3;5.5;1.8;2.7;5.5;0;0;0;1.3;1.66;1.95;2.5;0;3.1;2.1;1.73;1.44;0;0;0;1.4;11;3.25;2.5;11;0;0;0;0;0;0;0;0;1.33;2.63;6;19;3;1.44;1.1;1.02;0;0;0;0;2;0;0;2;0;2;0;2019-05-25 16:30:00;3811;0;0;0;0;0;1;1;0;1;2;3;1;5;0;1;0;3;1;3;1;63;53;98;97;2.09;0.97;3.07;0;0;0;0;0;0;1;1;0;0;0;0;0;0;-1;-1;-1;-1;-1;-1;-1;-1;-1;0;0;25;50;100;25;50;50;25;13;4;4.5;1.75;KA;ÍBV;1.91;0;1.5;0;1.2;0.4;100;100;75;50;0;100;50;25;1.84;1.47;3.31;1832;22;Y;Y;N;N;N;N;N
529829;3810;973;2019;complete;4218;6;-1;;4;0;1;1;5;6;11;3;2;3;1;0;0;2;8;8;8;10;16;12;12;55;45;3;1;3.65;3.55;1.87;1.01;1.19;1.65;2.6;4.5;11.5;4.25;2.15;1.44;1.16;1.59;2.25;4.5;1.16;3.25;1.33;1.72;1.28;1.28;3.6;2.3;2.6;3.3;2.63;2.3;0;0;0;1.5;1.83;2.5;3.5;0;2.38;1.83;1.44;1.25;0;0;0;2.3;13;1.61;7;4;0;0;0;0;0;0;0;0;1.3;2.5;6;17;3.2;1.5;1.11;1.02;0;0;0;0;1;0;1;0;0;0;1;2019-05-25 18:00:00;973;0;100;0;25;0;1;1;3;2;2;4;5;6;0;1;3;0;1;3;1;39;34;64;69;1.05;1.81;2.86;0;0;0;0;0;0;1;1;0;1;0;0;0;0;-1;-1;-1;-1;-1;-1;-1;-1;-1;25;25;50;100;100;50;100;100;25;10.5;1;4.5;3.5;Víkingur Reykjavík;KR;1.45;2.09;0.5;0.5;0.6;1.6;75;75;50;0;0;75;25;0;2.2;1.09;3.29;1832;22;Y;N;N;N;N;N;N
529830;3807;971;2019;complete;4218;6;-1;54,90;;2;0;2;2;2;4;1;2;1;3;0;0;5;4;7;8;12;12;21;20;51;49;1;3;2.45;3.3;2.65;1.02;1.23;1.77;2.9;5;10.25;3.8;2;1.36;1.12;1.62;2.15;3.5;1.28;3.75;1.25;1.44;1.33;1.53;3;2.28;3.24;2.78;2.58;3;0;0;1.17;1.33;1.6;2.1;2.8;4.33;2.9;2.15;1.66;1.36;0;0;0;1.83;12;2.05;4.75;5;0;0;0;0;0;0;0;0;1.31;2.57;6.6;13;3.28;1.47;1.09;1.01;0;0;0;0;2;0;0;2;0;2;0;2019-05-26 17:00:00;3807;0;75;25;25;0;1;1;2;0;0;2;2;2;1;1;0;2;2;2;1;60;51;79;86;1.54;1.41;2.94;0;0;0;0;0;0;1;1;0;0;1;0;0;0;-1;-1;-1;-1;-1;-1;-1;-1;-1;25;50;50;100;100;50;100;100;25;7.5;3;5;3.75;ÍA;Stjarnan;1.45;1.36;3;2;2.6;1.6;75;50;50;0;0;50;0;0;1.78;1.61;3.39;1832;22;Y;Y;N;N;N;N;N
529831;3812;54;2019;complete;4218;6;-1;11,61;22,62;2;2;4;3;11;14;2;3;2;1;0;0;9;7;4;8;13;15;14;8;46;54;2;1;3.05;3.45;2.15;1.02;1.23;1.74;2.9;5;10.5;3.85;2;1.37;1.13;1.62;2.15;4;1.22;3.25;1.33;1.66;1.28;1.33;3.66;2.26;2.73;3.28;2.59;2.56;0;0;1.13;1.25;1.5;1.83;2.38;5;3.5;2.38;1.83;1.5;0;0;0;2.25;12;1.72;5.5;4;0;0;0;0;0;0;0;0;1.31;2.56;6.6;13;3.28;1.48;1.09;1.01;0;0;0;0;4;1;1;1;1;2;2;2019-05-26 19:15:00;-1;0;50;0;25;0;1;1;0;5;3;6;5;9;0;1;2;0;1;2;1;114;123;137;158;2.28;2.33;4.6;0;0;0;0;0;0;1;1;0;0;0;1;0;0;-1;-1;-1;-1;-1;-1;-1;-1;-1;0;25;25;75;100;0;100;75;25;11;3.5;7;2.25;Fylkir;FH;1.82;1.09;0.5;0.5;1;2;100;75;75;25;0;75;50;50;1.27;1.61;2.88;1832;22;Y;Y;Y;Y;N;N;Y
529832;3809;3803;2019;complete;4218;6;-1;;76;0;1;1;4;3;7;9;2;1;3;1;0;2;9;3;8;5;17;15;14;51;49;3;3;2.2;3.2;3.1;1.03;1.28;1.91;3.25;5;9.25;3.4;1.83;1.3;1.1;1.71;2;3.25;1.33;4.33;1.2;1.36;1.3;1.66;2.75;2.2;3.4;2.55;2.46;3.55;0;0;1.13;1.29;1.53;2;2.5;5;3.2;2.3;1.72;1.44;0;0;0;1.72;12;2.2;4;6;0;0;0;0;0;0;0;0;1.39;2.89;8;15;2.88;1.39;1.06;1.01;0;0;0;0;1;0;0;0;1;1;0;2019-05-26 19:15:00;3803;0;67;0;42;0;1;1;1;1;3;2;2;5;1;1;1;2;2;3;1;27;37;49;50;0.65;1.96;2.61;0;0;0;0;0;0;1;1;0;0;0;1;0;0;-1;-1;-1;-1;-1;-1;-1;-1;-1;25;42;67;84;100;25;67;84;59;7.5;2.17;5.67;3.42;Valur;Breidablik;1.55;1.82;0.5;2.33;0.8;2;75;59;34;17;0;42;42;17;1.33;1.73;3.06;1832;22;Y;N;N;N;N;N;N
529833;3806;3810;2019;complete;4218;7;-1;;;0;0;0;7;2;9;0;0;2;1;0;1;8;3;7;1;15;4;12;16;46;54;2;2;2.3;3.65;2.6;1.01;1.16;1.54;2.4;5.15;12.5;4.7;2.35;1.53;1.2;1.5;2.45;3.2;1.25;3.5;1.28;1.48;1.31;1.53;3.04;2.23;3.3;2.81;2.52;3.05;0;0;0;0;1.83;0;0;0;0;1.83;0;0;0;0;0;2.05;8.1;2.13;4.15;4.3;0;0;0;0;0;0;0;0;1.37;2.6;5.9;13;2.94;1.46;1.11;1.01;0;0;0;0;0;0;0;0;0;0;0;2019-06-01 14:00:00;-1;0;75;17;34;0;1;1;2;2;5;0;4;5;0;0;2;2;0;4;1;30;23;59;59;1.72;0.64;2.35;0;0;0;0;0;0;1;1;0;0;2;0;0;0;-1;-1;-1;-1;-1;-1;-1;-1;-1;17;34;46;88;100;29;59;100;46;5.83;4.58;4;3;Grindavík;Víkingur Reykjavík;1.36;1.09;1.75;0.67;1.5;0.5;84;67;54;13;0;29;29;13;1.17;1.36;2.53;1832;22;N;N;N;N;N;N;N
529834;3803;54;2019;complete;4218;7;-1;54,58,73,76;83;4;1;5;4;3;7;1;4;1;3;0;0;9;5;8;6;17;11;11;13;48;52;1;3;2.1;3.5;3.05;1.01;1.19;1.65;2.65;4.7;11.25;4.2;2.15;1.43;1.16;1.57;2.25;3.25;1.33;4.5;1.16;1.3;1.25;1.62;2.5;2.25;3.6;2.38;2.63;3.25;0;0;0;0;1.62;1.83;0;0;0;2.22;1.83;0;0;0;0;1.67;12;2.25;4;6.5;0;0;0;0;0;0;0;0;1.3;2.5;6;12;3.2;1.5;1.11;1.02;0;0;0;0;5;0;0;4;1;5;0;2019-06-02 17:00:00;3803;0;59;42;17;0;1;1;4;2;0;1;6;1;0;1;1;2;1;3;1;79;62;116;98;2.27;1.5;3.77;0;0;0;0;0;0;1;1;0;0;0;2;0;0;-1;-1;-1;-1;-1;-1;-1;-1;-1;0;42;42;75;100;42;75;100;17;12.83;4.5;6;2.59;Breidablik;FH;1.64;1.09;1.5;0.67;2.17;1.83;100;59;59;25;0;84;67;42;1.78;1.85;3.63;1832;22;Y;Y;Y;Y;Y;N;Y
529835;973;3811;2019;complete;4218;7;-1;66;;1;0;1;3;4;7;0;2;4;2;1;0;5;5;11;7;16;12;16;12;40;60;5;2;2.4;3.45;2.45;1.01;1.16;1.57;2.45;6;11.25;4.4;2.25;1.48;1.18;1.5;2.4;3;1.36;4.5;1.16;1.25;1.25;1.73;2.5;2.2;4;2.3;2.4;3.6;0;0;0;0;0;1.9;0;0;0;0;1.8;0;0;0;0;1.67;11;2.4;3.6;7;0;0;0;0;0;0;0;0;1.36;2.88;7;15;2.88;1.36;1.07;1.01;0;0;0;0;1;0;0;1;0;1;0;2019-06-02 16:00:00;973;0;67;17;33;0;1;1;2;2;1;2;4;3;2;1;3;1;3;4;1;82;144;114;172;1.95;2.15;4.1;0;0;0;0;0;0;1;1;0;0;1;0;0;0;-1;-1;-1;-1;-1;-1;-1;-1;-1;33;50;67;100;100;33;67;100;67;9.67;5.33;5;3.5;KR;KA;2.64;0.91;2.33;1;1.83;1.5;67;50;33;0;0;84;50;17;2.18;1.47;3.65;1832;22;Y;N;N;N;N;N;N
529836;3805;3807;2019;complete;4218;7;-1;27,45,54;6,81;3;2;5;1;7;8;0;1;2;2;1;0;4;7;3;10;7;17;9;20;40;60;4;2;4.85;3.95;1.61;1.02;1.21;1.71;2.75;5.05;10.75;4;2.05;1.4;1.14;1.74;2;5;1.14;2.62;1.44;2.1;1.22;1.14;4.5;2.2;2.2;4.33;2.7;1.91;0;0;0;0;1.72;0;0;0;0;2;0;0;0;0;0;2.75;12;1.5;9;3.1;0;0;0;0;0;0;0;0;1.3;2.63;6;12;3.2;1.44;1.1;1.02;0;0;0;0;5;2;1;1;1;2;3;2019-06-02 16:00:00;3805;0;67;17;33;0;1;1;1;0;0;7;1;7;2;1;1;1;3;2;1;50;112;79;111;1.09;2.36;3.45;0;0;0;0;0;0;1;1;0;1;0;0;0;0;-1;-1;-1;-1;-1;-1;-1;-1;-1;0;33;67;84;100;50;67;100;33;7.67;1.33;5.67;2.84;ÍBV;ÍA;0.91;1;0.67;2.33;0.33;2.67;100;67;33;17;0;50;50;34;1.66;1.47;3.13;1832;22;Y;Y;Y;Y;Y;N;Y
529837;3822;3812;2019;complete;4218;7;-1;24;78,86;1;2;3;4;3;7;0;2;4;2;0;0;4;7;10;3;14;10;12;16;50;50;4;2;5.85;4.6;1.37;1;1.13;1.47;2.2;6;12.5;5;2.45;1.59;1.23;1.67;2.05;3.5;1.28;3.5;1.28;1.44;1.25;1.44;3.1;2.1;3.2;2.88;2.5;2.8;0;0;1.2;1.4;1.72;2.2;3.2;3.9;2.7;2;1.57;1.29;0;0;0;2;10;1.91;4.75;5;0;0;0;0;0;0;0;0;1.33;2.75;6.5;13;3;1.4;1.08;1.01;0;0;0;0;3;1;0;0;2;2;1;2019-06-02 19:15:00;3812;0;33;0;17;0;1;1;2;1;2;2;3;4;2;1;2;1;3;3;1;103;132;150;157;1.91;2.08;4;0;0;0;0;0;0;1;1;0;0;1;0;0;0;-1;-1;-1;-1;-1;-1;-1;-1;-1;0;17;33;67;84;33;50;67;17;12.33;4;3.67;2;HK;Fylkir;1.45;0.73;1.67;1.33;0.83;1;100;84;67;33;17;84;67;67;1.87;1.75;3.62;1832;22;Y;Y;Y;N;N;N;Y
529838;971;3809;2019;complete;4218;7;-1;64,90;33;2;1;3;3;4;7;0;0;2;4;0;0;8;6;6;12;14;18;18;18;47;53;2;4;2.05;3.3;3.4;1.04;1.31;2;3.5;6.7;8.75;3.2;1.77;1.27;1.08;1.8;1.95;2.62;1.44;4;1.22;1.22;1.25;1.8;2.5;2.2;3.75;2.3;2.5;3.6;0;0;0;0;1.72;2.2;0;0;0;2;1.65;0;0;0;0;1.67;9.5;2.4;3.4;6.5;0;0;0;0;0;0;0;0;1.36;2.88;6.5;15;2.88;1.36;1.08;1.01;0;0;0;0;3;0;1;2;0;2;1;2019-06-02 19:15:00;971;0;33;0;17;0;1;1;1;1;2;3;2;5;0;0;2;4;0;6;1;44;38;86;78;1.76;1.83;3.59;0;0;0;0;0;0;1;1;0;0;0;1;0;0;-1;-1;-1;-1;-1;-1;-1;-1;-1;17;17;17;50;100;0;50;84;33;14.33;3.33;4.33;2;Stjarnan;Valur;1.82;1.09;1.33;1;1.33;0.67;84;84;84;50;0;67;50;34;1.87;1.3;3.17;1832;22;Y;Y;Y;N;N;N;Y
529839;3812;3803;2019;complete;4218;8;-1;6,42,57,66;27,48,83;4;3;7;7;5;12;15;1;2;3;0;0;9;11;8;6;17;17;14;15;47;53;2;3;3.3;3.4;2.05;1.02;1.22;1.74;2.85;5.2;10.5;3.9;2;1.38;1.13;1.62;2.15;4.33;1.2;3;1.36;1.72;1.33;1.28;3.92;2.3;2.56;3.54;2.62;2.4;0;0;1.13;1.25;1.5;1.8;2.38;5;3.5;2.38;1.9;1.5;2.72;7.97;1.75;2.3;12;1.66;6.5;3.75;0;0;0;0;0;0;0;0;1.34;2.48;5.55;19;3.1;1.5;1.12;1.02;0;0;0;0;7;2;1;2;2;4;3;2019-06-14 19:15:00;3812;0;46;17;46;0;1;1;4;0;3;5;4;8;2;1;0;2;3;2;1;41;50;78;67;1.99;2.19;4.19;0;0;0;0;0;0;1;1;1;0;0;0;0;0;-1;-1;-1;-1;-1;-1;-1;-1;-1;0;46;46;59;100;17;63;71;59;9.42;2.75;5.42;2.5;Fylkir;Breidablik;1.82;1.82;0.67;2.5;1.29;2.29;100;54;54;42;0;63;63;63;1.6;1.79;3.39;1832;22;Y;Y;Y;Y;Y;Y;Y
529840;3810;3822;2019;complete;4218;8;-1;11,37;26;2;1;3;2;1;3;2;0;2;1;1;0;5;6;7;6;12;12;18;13;47;53;3;1;2.25;3.35;2.85;1.03;1.25;1.83;3.1;5.75;9.75;3.6;1.91;1.33;1.11;1.67;2.1;3.25;1.33;3.75;1.25;1.4;1.28;1.57;2.88;2.24;3.5;2.5;2.5;3.1;0;0;1.22;1.44;1.83;2.3;3.2;3.7;2.5;1.83;1.53;1.29;1.46;8.84;3.64;1.8;11;2.2;4.33;5;0;0;0;0;0;0;0;0;1.36;2.57;5.75;13;2.99;1.47;1.12;1.01;0;0;0;0;3;2;1;0;0;0;3;2019-06-14 19:15:00;3810;0;50;0;33;0;1;1;2;1;0;0;3;0;1;0;2;1;1;3;1;77;88;156;149;1.68;1.82;3.5;0;0;0;0;0;0;1;1;0;0;1;0;0;0;-1;-1;-1;-1;-1;-1;-1;-1;-1;33;33;33;67;100;33;84;84;33;10.33;2.67;3.66;3;Víkingur Reykjavík;HK;1.45;1;0.33;0;0.57;0.71;67;67;67;33;0;84;33;33;1.82;1.67;3.49;1832;22;Y;Y;Y;N;N;N;Y
529841;54;971;2019;complete;4218;8;-1;68,70;45,63;2;2;4;6;5;11;1;0;3;2;0;0;7;5;4;0;11;5;12;12;50;50;3;2;2.45;3.4;2.55;1.01;1.19;1.65;2.65;4.7;11.25;4.2;2.15;1.43;1.16;1.56;2.3;3.75;1.25;4;1.22;1.44;1.28;1.53;2.96;2.33;3.18;2.73;2.66;2.95;0;0;1.17;1.36;1.72;1.9;2.8;4.33;2.8;2;1.8;1.36;1.64;8.45;2.94;1.83;13;2.05;5;5;0;0;0;0;0;0;0;0;1.32;2.38;5.2;12;3.2;1.54;1.14;1.02;0;0;0;0;4;0;1;2;1;3;1;2019-06-14 19:15:00;-1;0;67;0;50;0;1;1;0;2;6;3;2;9;2;0;1;2;2;3;1;43;38;52;55;1.49;0.94;2.43;0;1;0;1;0;0;1;1;0;0;0;1;0;0;-1;-1;-1;-1;-1;-1;-1;-1;-1;50;50;50;100;100;17;84;100;67;7.67;2.33;3.34;3.84;FH;Stjarnan;2.27;1.36;3;1.33;1.57;1.57;50;50;50;0;0;67;50;34;1.52;1.54;3.06;1832;22;Y;Y;Y;Y;N;N;Y
529842;3807;973;2019;complete;4218;8;-1;83;15,23,80;1;3;4;4;8;12;2;1;3;1;0;0;4;7;5;11;9;18;12;9;50;50;3;1;2.45;3.1;2.8;1.03;1.29;1.91;3.3;6.25;9;3.35;1.83;1.29;1.09;1.71;2;3.1;1.27;3.4;1.3;1.44;1.33;1.5;3.06;2.11;3.58;2.74;2.47;3.22;0;0;1.17;1.33;1.66;2.05;2.8;4.33;2.9;2.1;1.67;1.36;0;0;0;1.83;10;2.1;4.15;4.2;0;0;0;0;0;0;0;0;1.42;2.73;6.3;15;2.73;1.42;1.1;1.01;0;0;0;0;4;0;2;1;1;2;2;2019-06-15 16:00:00;973;0;50;17;0;0;1;1;2;4;2;4;6;6;1;1;2;0;2;2;1;64;74;114;91;1.32;2.15;3.47;0;1;0;1;0;0;1;1;0;0;2;0;0;0;-1;-1;-1;-1;-1;-1;-1;-1;-1;0;17;33;84;100;33;84;84;17;8;2.67;5;2.34;ÍA;KR;1.45;2.09;3;1.33;2.29;2;100;84;67;17;0;50;34;17;1.7;1.33;3.03;1832;22;Y;Y;Y;Y;N;N;Y
529843;3811;3806;2019;complete;4218;8;-1;45,71;66;2;1;3;4;7;11;3;1;3;3;0;0;6;5;6;5;12;10;11;15;50;50;3;3;1.69;3.6;4.75;1.03;1.29;1.91;3.3;6.25;9;3.35;1.83;1.29;1.09;1.91;1.83;2.15;1.56;4.5;1.16;1.14;1.28;2.1;2.27;2.23;5.2;2.11;2.56;4.6;0;0;0;0;0;1.9;0;0;0;0;1.8;0;0;0;0;1.5;10;2.87;2.6;6.6;0;0;0;0;0;0;0;0;1.4;2.73;6.35;21;2.81;1.42;1.1;1.01;0;0;0;0;3;1;0;1;1;2;1;2019-06-15 17:00:00;3811;0;25;25;0;0;1;1;3;4;1;3;7;4;0;0;3;3;0;6;1;97;78;110;100;1.88;1.55;3.42;0;0;0;0;0;0;1;1;0;0;0;1;0;0;-1;-1;-1;-1;-1;-1;-1;-1;-1;0;25;25;42;75;25;42;59;17;14.33;2.5;2.83;1.67;KA;Grindavík;1.91;0.45;2;1;1.29;1.43;100;75;75;59;25;84;67;67;1.93;1.8;3.73;1832;22;Y;Y;Y;N;N;N;Y
529844;3809;3805;2019;complete;4218;8;-1;20,55,60,64,84;52;5;1;6;4;4;8;3;0;1;3;0;0;9;3;10;2;19;5;10;14;60;40;1;3;1.34;4.7;7.25;1.01;1.17;1.57;2.45;4.25;12.25;4.55;2.3;1.5;1.19;1.83;1.91;2.05;1.61;7.5;1.07;1.07;1.14;3;1.78;2.5;6.75;1.71;3.02;6.05;0;0;0;0;1.66;2.23;0;0;0;2.1;1.63;0;1.23;7;5.25;1.28;17;3.6;2.3;9.5;0;0;0;0;0;0;0;0;1.3;2.29;4.9;15;3.32;1.58;1.15;1.03;0;0;0;0;6;1;0;4;1;5;1;2019-06-15 16:00:00;3809;0;34;0;17;0;1;1;3;2;1;2;5;3;0;1;1;2;1;3;1;88;40;124;91;2.46;0.83;3.29;0;0;0;0;0;0;1;1;0;0;0;1;0;0;-1;-1;-1;-1;-1;-1;-1;-1;-1;17;17;50;84;100;33;50;84;50;7;5.33;6;2.83;Valur;ÍBV;1.55;0;0.33;0;0.57;0.71;84;84;50;17;0;50;33;0;1.1;1.31;2.41;1832;22;Y;Y;Y;Y;Y;Y;Y
529845;971;3803;2019;complete;4218;9;-1;48;65,78,90;1;3;4;1;8;9;8;1;2;2;0;0;7;10;3;11;10;21;17;17;46;54;2;2;2.55;3.4;2.5;1.01;1.17;1.57;2.45;4.3;12;4.5;2.25;1.5;1.19;1.51;2.45;4;1.22;4;1.22;1.5;1.29;1.44;3;2.3;3;2.88;2.75;2.71;0;0;1.15;1.3;1.72;2;2.5;4.5;3.1;2;1.7;1.44;2.03;7.82;2.26;2.08;9.2;2.05;5.5;5.5;0;0;0;0;0;0;0;0;1.3;2.5;6;12;3.2;1.5;1.11;1.02;0;0;0;0;4;0;0;1;3;4;0;2019-06-18 19:15:00;3803;0;45;10;20;0;1;1;1;2;0;6;3;6;0;1;2;1;1;3;1;80;103;144;163;1.71;2.77;4.49;0;0;0;0;0;0;1;1;0;0;0;0;0;0;-1;-1;-1;-1;-1;-1;-1;-1;-1;10;20;33;68;100;10;45;90;55;8.75;2.35;4.8;2.5;Stjarnan;Breidablik;1.82;1.82;1.75;2;1.5;2;90;80;68;33;0;33;33;20;1.85;1.87;3.72;1832;22;Y;Y;Y;Y;N;N;Y
529846;973;3809;2019;complete;4218;9;-1;57,62,78;16,49;3;2;5;10;4;14;4;2;2;3;0;0;11;6;4;1;15;7;9;17;57;43;2;3;2.5;3.35;2.65;1.03;1.26;1.83;3.15;5.9;10.25;3.65;1.91;1.34;1.12;1.67;2.1;3;1.36;3.4;1.3;1.4;1.29;1.57;2.88;2.1;3.4;2.62;2.4;3.1;0;0;1.25;1.5;1.8;2;3.5;3.5;2.38;1.9;1.72;1.25;1.67;7;2.6;1.83;11;2;3.75;4.5;0;0;0;0;0;0;0;0;1.44;3.25;9;23;2.62;1.33;1.07;1.01;0;0;0;0;5;0;1;3;1;4;1;2019-06-19 19:15:00;973;0;50;0;25;0;1;1;6;4;4;0;10;4;2;1;0;2;3;2;1;76;40;131;134;2.27;1.17;3.45;0;0;0;0;0;0;1;1;0;0;0;2;0;0;-1;-1;-1;-1;-1;-1;-1;-1;-1;25;25;50;63;100;13;63;88;50;12.75;4.75;5.25;2.63;KR;Valur;2.64;1.09;2.5;0.75;2.13;0.88;75;75;50;38;0;75;50;38;2.12;1.43;3.55;1832;22;Y;Y;Y;Y;Y;N;Y
529847;3807;3822;2019;complete;4218;9;-1;;10,55;0;2;2;4;3;7;1;0;5;3;1;0;4;5;3;4;7;9;0;1;63;37;6;3;1.83;3.45;4.25;1.04;1.3;1.95;3.4;6.55;9.5;3.4;1.83;1.3;1.1;1.83;1.91;2.35;1.49;4.5;1.16;1.16;1.25;2.1;2.39;2.2;4.8;2.23;2.51;4.25;0;0;1.2;1.36;1.72;2.15;2.9;3.9;2.8;2;1.6;1.33;2.05;6.3;2.05;1.5;11;2.87;2.85;6.65;0;0;0;0;0;0;0;0;1.41;2.77;6.45;21;2.77;1.41;1.09;1.01;0;0;0;0;2;0;1;0;1;1;1;2019-06-22 17:00:00;3822;0;50;25;25;0;1;1;2;1;2;2;3;4;1;1;5;2;2;7;1;40;19;38;26;1.01;1.05;2.05;0;0;0;0;0;0;1;1;0;1;1;0;0;0;-1;-1;-1;-1;-1;-1;-1;-1;-1;13;38;50;88;100;50;75;88;38;7;2.75;4.25;2.88;ÍA;HK;1.45;1;2.25;0;2;0.63;88;63;50;13;0;50;25;25;1.61;1.71;3.32;1832;22;Y;Y;N;N;N;N;N
529848;3803;3805;2019;complete;4218;9;-1;45,55,74;6;3;1;4;8;5;13;4;3;2;2;0;0;9;6;10;5;19;11;14;13;50;50;2;2;1.3;5.25;8.75;1.01;1.14;1.49;2.25;3.8;14.5;5.3;2.55;1.62;1.25;1.8;1.95;1.91;1.74;8.5;1.05;1.02;1.12;3.75;1.68;2.83;7.5;1.53;3.38;7.5;0;0;1.22;1.44;1.83;2.1;3.2;3.7;2.5;1.83;1.66;1.29;1.23;7.5;5.6;1.2;17;4.5;2.05;12.5;0;0;0;0;0;0;0;0;1.25;2.12;4.35;13;3.7;1.67;1.19;1.04;0;0;0;0;4;1;1;2;0;2;2;2019-06-22 14:00:00;3803;0;46;17;29;0;1;1;3;4;5;1;7;6;0;1;2;1;1;3;1;106;79;146;148;2.59;1.7;4.29;0;0;0;0;0;0;1;1;0;1;1;2;0;0;-1;-1;-1;-1;-1;-1;-1;-1;-1;29;46;59;84;100;29;42;88;54;9.17;2.83;5.33;3.29;Breidablik;ÍBV;1.64;0;2;0;2.11;0.63;71;54;42;17;0;59;46;17;1.95;1.19;3.14;1832;22;Y;Y;Y;Y;N;N;Y
529849;3811;3810;2019;complete;4218;9;-1;10,52,89;8,38,64,69;3;4;7;8;1;9;2;0;2;1;0;0;8;9;5;1;13;10;13;11;53;47;2;1;1.77;3.65;4.25;1.03;1.25;1.8;3.05;5.7;10.5;3.75;1.95;1.36;1.12;1.74;2;2.45;1.44;4.5;1.16;1.16;1.22;1.95;2.29;2.29;4.85;2.15;2.62;4.25;0;0;1.2;1.4;1.72;2.2;3.1;3.9;2.7;2;1.57;1.3;1.74;8;2.25;1.65;8.4;2.81;2.95;6.65;0;0;0;0;0;0;0;0;1.23;2.01;4;10;3.9;1.75;1.22;1.06;0;0;0;0;7;1;2;2;2;4;3;2019-06-23 17:00:00;3810;0;50;13;38;0;1;1;3;0;5;1;3;6;0;0;2;1;0;3;1;87;48;76;73;2;1.61;3.61;0;1;0;1;0;0;1;1;1;1;0;0;0;0;-1;-1;-1;-1;-1;-1;-1;-1;-1;13;25;38;63;88;13;50;75;50;9.5;4;3;2.38;KA;Víkingur Reykjavík;1.91;1.09;2.25;0.75;1.5;0.88;88;75;63;38;13;63;38;25;1.91;1.18;3.09;1832;22;Y;Y;Y;Y;Y;Y;Y
529850;971;3812;2019;complete;4218;9;-1;28,48,69,82,90;30;5;1;6;2;5;7;2;3;0;1;0;0;9;10;6;7;15;17;11;17;44;56;0;1;1.69;4;4.3;1.02;1.19;1.62;2.6;4.6;12.5;4.45;2.2;1.48;1.18;1.62;2.15;2.75;1.4;5.5;1.12;1.16;1.25;2.1;2.19;2.43;4.7;2;2.75;4;0;0;1.1;1.22;1.44;1.9;2.2;5.5;3.7;2.5;1.8;1.57;1.53;8.5;2.75;1.5;15;2.62;3.25;9;0;0;0;0;0;0;0;0;1.3;2.38;5.5;15;3.4;1.53;1.14;1.03;0;0;0;0;6;1;1;4;0;4;2;2019-06-23 16:00:00;971;0;55;0;10;0;1;1;1;3;1;2;4;3;0;0;0;1;0;1;1;25;41;60;84;1.75;2.07;3.82;0;0;0;0;0;0;1;1;0;0;0;2;0;0;-1;-1;-1;-1;-1;-1;-1;-1;-1;0;10;45;78;100;13;58;100;43;9.67;3.7;3.75;2.33;Stjarnan;Fylkir;1.82;0.73;1.4;1.75;1.33;1.5;100;90;55;23;0;54;44;34;1.82;1.86;3.68;1832;22;Y;Y;Y;Y;Y;Y;Y
529851;3809;3806;2019;complete;4218;10;-1;67;;1;0;1;9;5;14;0;0;2;2;0;0;7;4;13;7;20;11;13;10;55;45;2;2;1.5;4;6.25;1.02;1.2;1.65;2.65;4.75;12.25;4.35;2.2;1.45;1.17;1.71;2.05;2.37;1.53;6;1.11;1.11;1.28;2.37;2.04;2.36;6;1.83;2.75;5;0;0;0;0;1.66;2.23;0;0;0;2.1;1.63;0;1.24;8;5.3;1.4;12;3.1;2.75;11;0;0;0;0;0;0;0;0;1.33;2.5;6;17;3.25;1.5;1.12;1.02;0;0;0;0;1;0;0;1;0;1;0;2019-06-23 16:00:00;3809;0;71;17;42;0;1;1;3;2;6;3;5;9;1;1;1;1;2;2;1;104;95;172;132;2.51;1.67;4.18;0;0;0;0;0;0;1;1;0;0;0;1;0;0;-1;-1;-1;-1;-1;-1;-1;-1;-1;25;42;71;71;84;29;71;84;42;10.75;3.92;4.5;3.17;Valur;Grindavík;1.55;0.45;1;0.67;0.78;1.25;75;59;29;29;17;63;63;50;1.44;1.67;3.11;1832;22;Y;N;N;N;N;N;N
529852;54;973;2019;complete;4218;10;-1;81;24,78;1;2;3;9;7;16;0;2;3;1;0;0;5;6;3;8;8;14;13;15;51;49;3;1;2.7;3.3;2.45;1.03;1.26;1.83;3.15;5.9;10.25;3.65;1.91;1.34;1.12;1.67;2.1;4;1.22;3.75;1.25;1.57;1.33;1.36;3.34;2.26;2.95;2.88;2.62;2.6;0;0;1.15;1.3;1.57;2.1;2.5;4.5;3.1;2.2;1.66;1.44;1.8;8;2.2;2;12;1.83;5.5;4.5;0;0;0;0;0;0;0;0;1.33;2.5;6;17;3.25;1.5;1.12;1.02;0;0;0;0;3;0;1;1;1;2;1;2019-06-23 19:15:00;973;0;75;0;50;0;1;1;2;6;7;1;8;8;1;0;2;1;1;3;1;36;38;55;56;1.11;1.57;2.69;0;0;0;0;0;0;1;1;0;0;0;1;0;0;-1;-1;-1;-1;-1;-1;-1;-1;-1;25;50;63;88;100;25;100;88;50;10.5;2;3.75;3.25;FH;KR;2.27;2.09;2.5;1.75;1.5;2.22;75;50;38;13;0;88;88;63;1.51;1.54;3.05;1832;22;Y;Y;Y;N;N;N;Y
529853;3812;3811;2019;complete;4218;10;-1;8,79,90;40,54;3;2;5;1;4;5;0;4;1;2;0;0;9;4;4;6;13;10;10;14;41;59;1;2;2.2;3.55;3;1.02;1.2;1.65;2.65;4.75;12.25;4.35;2.2;1.45;1.17;1.56;2.3;3.75;1.25;4;1.22;1.4;1.29;1.57;2.82;2.28;3.48;2.59;2.69;3.1;0;0;1.1;1.25;1.5;1.72;2.38;5.5;3.5;2.38;2;1.5;2.05;6.5;2.05;1.94;8.9;2.21;4.5;5.5;0;0;0;0;0;0;0;0;1.33;2.33;5.05;12;3.14;1.56;1.15;1.02;0;0;0;0;5;1;1;2;1;3;2;2019-06-30 17:00:00;3812;0;63;38;50;0;1;1;0;1;1;3;1;4;1;0;0;2;1;2;1;98;99;155;165;2.17;1.64;3.81;0;1;0;1;0;0;1;1;1;0;0;0;0;0;-1;-1;-1;-1;-1;-1;-1;-1;-1;25;63;63;75;100;38;75;88;63;10;6;5.5;3.5;Fylkir;KA;1.82;0.91;1.25;0.75;1.33;1.33;75;38;38;25;0;75;63;50;1.7;1.64;3.34;1832;22;Y;Y;Y;Y;Y;N;Y
529854;3805;971;2019;complete;4218;10;-1;;74,83;0;2;2;4;4;8;1;1;3;1;0;0;6;4;6;14;12;18;8;14;50;50;3;1;4.35;3.95;1.69;1.01;1.17;1.56;2.4;4.25;13.5;4.8;2.35;1.54;1.21;1.59;2.25;5.5;1.12;3;1.36;2.2;1.22;1.22;4.7;2.45;2.17;4.35;2.82;2.01;0;0;1.25;1.5;1.9;2.5;3.5;3.5;2.38;1.8;1.44;1.25;0;0;0;2.89;9.9;1.58;8.5;3.4;0;0;0;0;0;0;0;0;1.28;2.25;4.75;11;3.46;1.6;1.16;1.02;0;0;0;0;2;0;0;0;2;2;0;2019-06-30 16:00:00;971;0;75;25;50;0;1;1;3;3;1;1;6;2;1;0;2;1;1;3;1;71;77;99;107;1.69;1.97;3.66;0;1;0;1;0;0;1;1;0;0;2;0;0;0;-1;-1;-1;-1;-1;-1;-1;-1;-1;25;50;63;100;100;50;75;100;63;5;1;5;3.63;ÍBV;Stjarnan;0.91;1.36;1.25;1.25;0.56;1.5;75;50;38;0;0;25;13;13;1.38;1.39;2.77;1832;22;Y;Y;N;N;N;N;N
529855;3822;3809;2019;complete;4218;10;-1;48;73,90;1;2;3;7;5;12;2;3;2;1;0;0;5;4;6;8;11;12;15;10;35;65;2;1;4.05;3.65;1.8;1.03;1.26;1.83;3.1;5.8;10.5;3.7;1.95;1.35;1.12;1.74;2;4;1.22;2.75;1.4;1.8;1.29;1.33;4.3;2.2;2.54;3.8;2.56;2.34;0;0;1.1;1.25;1.72;1.8;2.3;5.5;3.5;2;1.9;1.53;2.9;7.25;1.53;2.6;7.9;1.76;6;3.5;0;0;0;0;0;0;0;0;1.24;2.05;4.1;11;3.8;1.72;1.21;1.05;0;0;0;0;3;0;0;1;2;3;0;2019-06-30 19:15:00;3809;0;55;0;33;0;1;1;4;1;3;4;5;7;0;0;2;1;0;3;1;95;92;118;168;1.73;1.72;3.45;0;0;0;0;0;0;1;1;0;0;1;0;0;0;-1;-1;-1;-1;-1;-1;-1;-1;-1;20;33;55;68;88;13;65;65;55;12;3.8;5.3;2.63;HK;Valur;1.45;1.09;1.25;0.6;0.89;1;80;68;45;33;13;65;43;43;1.88;1.38;3.26;1832;22;Y;Y;Y;N;N;N;Y
529856;3806;54;2019;complete;4218;10;-1;;;0;0;0;5;10;15;3;2;4;3;0;0;2;4;7;12;9;16;15;9;50;50;4;3;4.45;3.85;1.69;1.03;1.25;1.8;3;5.6;10.75;3.8;2;1.37;1.13;1.77;1.95;4.5;1.16;2.37;1.53;2.2;1.25;1.17;4.5;2.25;2.25;4.45;2.61;2.11;0;0;0;0;0;1.83;0;0;0;0;1.83;0;0;0;0;2.94;8.8;1.6;8;2.87;0;0;0;0;0;0;0;0;1.33;2.54;5.65;19;3.14;1.48;1.12;1.02;0;0;0;0;0;0;0;0;0;0;0;2019-07-01 19:15:00;-1;0;58;13;25;0;1;1;4;7;1;3;11;4;0;1;4;2;1;6;1;50;100;83;116;1.07;2.01;3.08;0;0;0;0;0;0;1;1;0;0;1;0;0;0;-1;-1;-1;-1;-1;-1;-1;-1;-1;13;25;35;80;90;23;58;90;35;8.9;5.05;5.8;2.43;Grindavík;FH;1.36;1.09;1.6;0.5;1.11;1.33;88;75;65;20;10;45;23;23;1.28;1.76;3.04;1832;22;N;N;N;N;N;N;N
529857;3810;3807;2019;complete;4218;11;-1;;;0;0;0;7;4;11;2;0;1;4;0;0;4;5;10;4;14;9;3;12;56;44;1;4;2.75;3.45;2.4;1.02;1.21;1.69;2.7;4.9;12;4.25;2.15;1.43;1.16;1.57;2.3;3.75;1.25;3.5;1.28;1.57;1.28;1.4;3.52;2.25;2.84;3.13;2.63;2.63;0;0;1.22;1.44;1.83;2.38;3.2;3.7;2.5;1.83;1.5;1.29;2.41;7.78;1.93;2.1;13;1.72;5;4.5;0;0;0;0;0;0;0;0;1.35;2.43;5.35;19;3.04;1.52;1.13;1.02;0;0;0;0;0;0;0;0;0;0;0;2019-07-01 19:15:00;-1;0;75;25;38;0;1;1;1;0;6;4;1;10;0;2;1;2;2;3;1;80;70;134;125;1.75;1.44;3.18;0;0;0;0;0;0;1;1;0;0;0;0;0;0;-1;-1;-1;-1;-1;-1;-1;-1;-1;25;38;63;75;100;50;88;75;38;11.25;2.75;5;3.25;Víkingur Reykjavík;ÍA;1.45;1;1;1.75;1.11;1.78;75;63;38;25;0;75;50;38;1.78;1.69;3.47;1832;22;N;N;N;N;N;N;N
529858;973;3803;2019;complete;4218;11;-1;8,61;;2;0;2;2;5;7;3;3;2;5;0;0;5;2;4;6;9;8;15;10;44;56;2;5;2.1;3.45;3.2;1.03;1.26;1.83;3.15;5.9;10.25;3.65;1.91;1.34;1.12;1.69;2.05;3.25;1.33;4.5;1.16;1.33;1.28;1.8;2.53;2.31;3.95;2.34;2.7;3.52;0;0;1.13;1.29;1.53;1.72;2.5;5;3.2;2.2;2;1.44;1.6;8.41;3.07;1.61;13;2.3;4;6.5;0;0;0;0;0;0;0;0;1.33;2.36;5.1;12;3.14;1.55;1.15;1.02;0;0;0;0;2;1;0;1;0;1;1;2019-07-01 19:15:00;973;0;55;9;45;0;1;1;1;2;1;3;3;4;0;0;2;5;0;7;1;38;43;80;83;1.2;0.96;2.16;0;0;0;0;0;0;1;1;1;0;1;1;0;0;-1;-1;-1;-1;-1;-1;-1;-1;-1;29;45;55;74;100;19;47;92;64;10.67;4.7;5.07;3.19;KR;Breidablik;2.64;1.82;2.6;2.17;2.3;2.2;72;55;45;27;0;65;47;37;2.15;2.02;4.17;1832;22;Y;Y;N;N;N;N;N
529859;3809;3811;2019;complete;4218;11;-1;45,49,74;81;3;1;4;4;3;7;2;1;0;1;0;0;10;2;8;4;18;6;13;9;55;45;0;1;1.87;3.5;4;1.03;1.25;1.8;3.05;5.7;10.5;3.75;1.95;1.36;1.12;1.71;2.05;0;0;0;0;1.2;1.29;2;0;0;0;2.05;2.62;4;0;0;0;0;0;0;0;0;0;0;0;0;0;0;0;0;0;0;0;0;0;0;0;0;0;0;0;0;1.36;2.62;6.5;19;3;1.44;1.11;1.02;0;0;0;0;4;1;0;2;1;3;1;2019-07-04 18:00:00;3809;0;60;20;40;0;1;1;2;2;2;1;4;3;0;0;0;1;0;1;1;49;38;85;72;2.18;0.8;2.98;0;0;0;0;0;0;1;1;0;0;1;0;0;0;-1;-1;-1;-1;-1;-1;-1;-1;-1;40;50;60;70;100;30;60;100;50;8.8;4.6;5.2;3.4;Valur;KA;1.55;0.91;1.4;0.6;1.18;1.2;60;50;40;30;0;40;30;10;1.66;1.64;3.3;1832;22;Y;Y;Y;Y;N;N;Y
529860;971;3806;2019;complete;4218;11;-1;;;0;0;0;8;8;16;0;1;1;1;0;0;5;8;17;2;22;10;13;15;52;48;1;1;1.45;4.2;6.55;1.02;1.19;1.62;2.6;4.6;12.5;4.45;2.2;1.48;1.18;1.74;2;0;0;0;0;1.08;1.22;2.62;0;0;0;1.73;2.88;5.5;0;0;0;0;0;0;0;0;0;0;0;0;0;0;0;0;0;0;0;0;0;0;0;0;0;0;0;0;1.3;2.38;5.5;15;3.4;1.53;1.14;1.03;0;0;0;0;0;0;0;0;0;0;0;2019-07-05 19:15:00;-1;0;59;21;21;0;1;1;3;3;5;5;6;10;0;0;1;1;0;2;1;43;30;77;54;2.04;1.41;3.44;0;0;0;0;0;0;1;1;0;0;0;0;0;0;-1;-1;-1;-1;-1;-1;-1;-1;-1;9;29;50;67;88;21;50;88;46;10;2.67;3.67;2.5;Stjarnan;Grindavík;1.82;0.45;1.67;0.5;1.64;1.1;92;71;50;34;13;67;59;50;1.81;1.67;3.48;1832;22;N;N;N;N;N;N;N
529861;3807;3812;2019;complete;4218;11;-1;13,80;;2;0;2;4;7;11;3;2;0;2;0;0;5;6;5;10;10;16;11;11;42;58;0;2;2.1;3.5;3.15;1.02;1.22;1.71;2.8;5.15;11.5;4.05;2.05;1.41;1.15;1.61;2.2;0;0;0;0;1.3;1.29;1.73;0;0;0;2.2;2.62;3.6;0;0;0;0;0;0;0;0;0;0;0;0;0;0;0;0;0;0;0;0;0;0;0;0;0;0;0;0;1.33;2.5;6;17;3.25;1.5;1.12;1.02;0;0;0;0;2;1;0;1;0;1;1;2019-07-06 14:00:00;3807;0;50;20;10;0;1;1;2;5;2;2;7;4;0;2;0;0;2;0;1;68;88;103;128;1.48;2.07;3.54;0;0;0;0;0;0;1;1;0;0;0;1;0;0;-1;-1;-1;-1;-1;-1;-1;-1;-1;10;30;50;90;100;40;80;100;40;8.7;3.6;5.2;2.9;ÍA;Fylkir;1.45;0.73;1.8;1.4;1.7;1.5;90;70;50;10;0;45;35;35;1.49;1.91;3.4;1832;22;Y;Y;N;N;N;N;N
529862;3805;973;2019;complete;4218;11;-1;90;20,63;1;2;3;2;3;5;2;7;3;2;0;0;5;6;5;2;10;8;12;19;46;54;3;2;7;4.7;1.38;1.01;1.18;1.61;2.5;4.45;12.75;4.55;2.25;1.5;1.19;1.83;1.91;0;0;0;0;2.5;1.17;1.12;0;0;0;5;2.88;1.73;0;0;0;0;0;0;0;0;0;0;0;0;0;0;0;0;0;0;0;0;0;0;0;0;0;0;0;0;1.3;2.38;5.5;15;3.4;1.53;1.14;1.03;0;0;0;0;3;0;1;1;1;2;1;2019-07-06 16:00:00;973;0;70;20;40;0;1;1;2;0;0;3;2;3;1;0;2;2;1;4;1;97;87;147;133;1.69;1.56;3.26;0;0;0;0;0;0;1;1;0;0;0;0;0;0;-1;-1;-1;-1;-1;-1;-1;-1;-1;10;30;60;90;100;50;80;90;50;8.2;1.4;4.8;2.9;ÍBV;KR;0.91;2.09;1;2;0.5;2.36;90;70;40;10;0;40;40;30;1.48;1.54;3.02;1832;22;Y;Y;Y;N;N;N;Y
529863;3803;3822;2019;complete;4218;12;-1;89;42,60;1;2;3;12;1;13;0;6;3;3;0;0;9;4;18;1;27;5;10;12;57;43;3;3;1.51;4.2;5.75;1.02;1.22;1.71;2.8;5.1;11.5;4.15;2.1;1.42;1.15;1.8;1.91;0;0;0;0;1.17;1.22;2.38;1.67;2.6;8.5;1.91;2.75;4.5;0;0;0;0;0;0;0;0;0;0;0;0;0;0;0;0;0;0;0;0;0;0;0;0;0;0;0;0;1.33;2.62;6.5;19;3.25;1.44;1.11;1.02;0;0;0;0;3;0;1;1;1;2;1;2019-07-07 19:15:00;3822;0;58;35;23;0;1;1;4;0;8;1;4;9;2;2;1;1;4;2;1;177;100;228;147;3.61;1.33;4.95;0;0;0;0;0;0;1;1;0;0;1;0;0;1;-1;-1;-1;-1;-1;-1;-1;-1;-1;23;48;58;78;100;45;65;90;35;10.05;2.6;3.85;3.05;Breidablik;HK;1.64;1;2.25;0.6;2;0.8;78;53;43;23;0;58;48;35;2.11;1.58;3.69;1832;22;Y;Y;Y;N;N;N;Y
529864;54;3810;2019;complete;4218;12;-1;77;;1;0;1;0;5;5;2;2;0;0;0;0;6;6;5;6;11;12;17;10;45;55;0;0;1.69;3.85;4.45;1.01;1.16;1.54;2.35;4.1;13.75;4.95;2.4;1.56;1.22;1.54;2.35;0;0;0;0;1.2;1.22;2;0;0;0;2.1;2.75;3.6;0;0;0;0;0;0;0;0;0;0;0;0;0;0;0;0;0;0;0;0;0;0;0;0;0;0;0;0;1.29;2.38;5.5;15;3.5;1.53;1.14;1.03;0;0;0;0;1;0;0;1;0;1;0;2019-07-08 19:15:00;54;0;80;20;70;0;-1;-1;-1;-1;-1;-1;-1;-1;0;0;0;0;0;0;1;105;115;172;184;1.89;2.02;3.91;-1;-1;-1;-1;-1;-1;-1;1;0;0;-1;-1;-1;-1;-1;-1;-1;-1;-1;-1;-1;-1;-1;40;60;70;90;90;20;80;90;70;8;2.4;3.4;3.8;FH;Víkingur Reykjavík;2.27;1.09;2;1.2;1.3;1.1;60;40;30;10;10;80;60;40;1.43;1.27;2.7;1832;22;Y;N;N;N;N;N;N
529865;3805;54;2019;complete;4218;12;-1;90;35,70;1;2;3;2;7;9;3;2;5;3;1;0;4;6;5;11;9;17;15;14;50;50;6;3;5.1;3.95;1.61;1.02;1.2;1.65;2.6;4.7;12.25;4.4;2.2;1.47;1.18;1.67;2.1;5.15;1.11;0;0;2.1;1.29;1.14;0;0;0;4.33;2.75;1.95;0;0;0;0;0;0;0;0;0;0;0;0;0;0;0;0;0;0;7;3.2;1.31;2.36;5.1;12;3.26;1.55;1.14;1.02;1.2;1.89;3.62;8;4.25;1.85;1.26;1.06;0;0;0;0;3;0;1;1;1;2;1;2019-07-13 16:00:00;54;0;64;27;45;0;1;1;2;6;0;1;8;1;2;0;4;3;2;7;1;77;103;112;117;1.41;2.23;3.64;1;1;1;1;0;0;1;1;0;0;0;1;0;0;-1;-1;-1;-1;-1;-1;-1;-1;-1;19;37;54;90;90;35;64;90;54;8.4;3.67;6.17;2.89;ÍBV;FH;0.91;1.09;0.83;0.6;0.45;1.45;82;64;47;10;10;30;20;20;1.53;1.81;3.34;1832;22;Y;Y;Y;N;N;N;Y
529866;3822;3811;2019;complete;4218;12;-1;33,85;43;2;1;3;4;4;8;1;0;2;3;1;1;7;5;4;7;11;12;17;17;42;58;4;4;2.45;3.4;2.65;1.03;1.25;1.8;3;5.6;10.75;3.8;2;1.37;1.13;1.65;2.15;3.65;1.21;0;0;1.57;1.29;1.4;0;0;0;3;2.6;2.6;0;0;0;0;1.71;2.24;0;0;0;2.13;1.64;0;2.29;7.8;1.99;0;0;0;4.75;4.3;1.32;2.6;6.3;14;2.9;1.39;1.06;1.01;1.22;1.91;3.9;8;4;1.77;1.23;1.06;0;0;0;0;3;1;1;1;0;1;2;2019-07-14 17:00:00;3822;0;64;17;45;0;1;1;3;2;1;2;5;3;1;0;2;4;1;6;1;91;109;131;158;1.85;1.9;3.75;0;1;0;1;0;0;1;1;0;0;1;0;0;0;-1;-1;-1;-1;-1;-1;-1;-1;-1;17;44;64;82;90;27;54;80;64;9.23;3.83;4.9;2.95;HK;KA;1.45;0.91;1;0.5;1;1.09;84;57;37;19;10;47;29;20;1.85;1.5;3.35;1832;22;Y;Y;Y;N;N;N;Y
529867;3810;3812;2019;complete;4218;12;-1;25;17;1;1;2;6;5;11;1;1;1;3;1;0;6;5;7;5;13;10;14;16;46;54;2;3;2.15;3.5;3.1;1.02;1.2;1.65;2.6;4.7;12.25;4.4;2.2;1.47;1.18;1.54;2.35;3.4;1.24;4.5;1.16;1.33;1.28;1.66;2.65;2.33;3.65;2.4;2.75;3;0;0;1.22;1.4;1.66;2.1;2.86;4;2.88;2.1;1.66;1.41;1.85;7;2.19;1.72;15;2.2;3.95;5.55;1.3;2.31;5;12;3.32;1.57;1.15;1.02;1.17;1.85;3.75;7.5;4.5;1.85;1.25;1.07;0;0;0;0;2;1;1;0;0;0;2;2019-07-15 19:15:00;-1;0;55;19;10;0;1;1;0;5;6;0;5;6;0;2;2;1;2;3;1;105;110;143;166;2;1.79;3.79;0;0;0;0;0;0;1;1;0;0;0;1;0;0;-1;-1;-1;-1;-1;-1;-1;-1;-1;19;19;45;72;90;37;82;70;27;10.8;3.63;3.87;2.72;Víkingur Reykjavík;Fylkir;1.45;0.73;1;1.17;1;1.36;82;82;55;29;10;70;50;50;1.78;1.94;3.72;1832;22;Y;Y;N;N;N;N;Y
529868;3806;3807;2019;complete;4218;12;-1;28;26;1;1;2;3;9;12;0;4;0;0;0;0;2;2;0;0;2;2;15;13;54;46;0;0;3.4;3.3;2.1;1.05;1.32;2;3.6;6.95;9;3.25;1.77;1.27;1.09;1.8;1.91;3.6;1.22;2.62;1.44;1.66;1.3;1.28;3.8;2.1;2.6;3.4;2.4;2.5;0;0;1.14;1.29;1.5;1.85;2.3;5.5;3.5;2.5;1.95;1.57;2.38;7.5;1.75;2.37;9;1.72;5.15;3.3;1.43;2.85;6.7;17;2.7;1.39;1.09;1.01;1.25;2.1;4.5;10;3.75;1.67;1.17;1.04;0;0;0;0;2;1;1;0;0;0;2;2019-07-15 19:15:00;-1;0;47;10;20;0;1;-1;2;3;1;6;5;7;0;0;0;0;0;0;1;8;3;19;15;0.33;0.29;0.62;-1;-1;-1;-1;-1;-1;-1;1;0;0;0;0;-1;-1;-1;-1;-1;-1;-1;-1;-1;-1;-1;10;20;39;55;74;29;47;74;29;9.87;2.8;5.8;1.97;Grindavík;ÍA;1.36;1;1.5;1.6;1.09;1.82;90;80;62;45;27;65;57;47;1.24;1.64;2.88;1832;22;Y;Y;N;N;N;N;Y
529869;3810;3809;2019;complete;4218;13;-1;59,87;7,52;2;2;4;0;3;3;1;2;0;2;0;0;6;4;7;3;13;7;13;11;15;85;0;2;3.05;3.4;2.2;1.02;1.22;1.71;2.8;5.15;11.5;4.05;2.05;1.41;1.15;1.59;2.25;3.85;1.19;3.5;1.28;1.54;1.25;1.33;3.1;2.2;3;2.87;2.6;2.62;0;0;1.29;1.53;1.95;2.5;3.7;3.2;2.3;1.73;1.44;1.22;0;0;0;2.05;11.25;1.83;5.1;4.1;1.34;2.48;5.55;15;3.1;1.5;1.13;1.02;1.23;2;3.94;9;4.02;1.79;1.25;1.06;0;0;0;0;4;0;1;2;1;3;1;2019-07-21 19:15:00;-1;0;67;17;34;0;-1;1;-1;-1;-1;-1;-1;-1;0;1;0;1;1;1;1;65;45;86;85;1.71;1.05;2.76;0;0;0;0;0;0;1;1;0;1;-1;-1;0;0;-1;-1;-1;-1;-1;-1;-1;-1;-1;25;25;50;67;92;25;75;58;42;11.84;3.67;4.67;2.75;Víkingur Reykjavík;Valur;1.45;1.09;1;1;1;1.33;75;75;50;33;9;83;59;59;1.81;1.44;3.25;1832;22;Y;Y;Y;Y;N;N;Y
529870;3811;3807;2019;complete;4218;13;-1;58;9;1;1;2;6;8;14;1;0;4;5;0;0;4;6;8;8;12;14;11;19;58;42;4;5;2.5;3.4;2.65;1.03;1.23;1.74;2.9;5.35;11.25;3.95;2.05;1.39;1.14;1.61;2.2;3.5;1.28;3.75;1.25;1.44;1.25;1.53;2.87;2.2;3.1;2.79;2.62;2.98;0;0;1.2;1.4;1.73;2.2;3.1;3.9;2.7;1.95;1.57;1.3;0;0;0;1.8;13;2.1;4.5;5;1.33;2.45;5.45;15;3.1;1.51;1.13;1.02;1.22;1.97;3.8;9;4;1.78;1.24;1.06;0;0;0;0;2;0;1;1;0;1;1;2019-07-21 17:00:00;-1;0;54;27;37;0;1;1;2;1;4;7;3;11;2;4;2;1;6;3;1;94;89;123;90;1.72;1.94;3.66;0;0;0;0;0;0;1;1;0;1;0;0;0;0;-1;-1;-1;-1;-1;-1;-1;-1;-1;19;27;45;64;92;35;64;74;47;13.47;3.53;4.13;2.65;KA;ÍA;1.91;1;1.8;1.5;1;1.75;82;74;55;37;9;82;62;54;1.93;1.42;3.35;1832;22;Y;Y;N;N;N;N;Y
529871;3803;3806;2019;complete;4218;13;-1;;;0;0;0;13;6;19;-1;-1;1;4;0;0;7;2;15;7;22;9;-1;-1;50;50;1;4;1.43;4.45;6.6;1.01;1.18;1.61;2.5;4.45;12.75;4.55;2.25;1.5;1.19;1.74;2;2.3;1.5;6.5;1.1;1.07;1.16;2.45;1.95;2.4;5.5;1.71;2.85;4.9;0;0;0;0;0;1.84;0;0;0;0;1.97;0;0;0;0;1.36;13.25;3.2;2.6;9;1.26;2.3;5.3;11.75;3.25;1.5;1.1;1.03;1.16;1.91;3.5;8;5;1.74;1.28;1.08;0;0;0;0;0;0;0;0;0;0;0;2019-07-22 19:15:00;-1;0;60;30;30;0;1;1;4;2;9;4;6;13;1;2;0;2;3;2;1;136;80;178;115;2.86;1.29;4.15;0;0;0;0;0;0;1;1;0;0;0;0;0;0;-1;-1;-1;-1;-1;-1;-1;-1;-1;10;40;60;60;80;30;50;80;40;14.15;2.2;4.2;2.5;Breidablik;Grindavík;1.64;0.45;1.8;0.6;1.83;1.08;90;60;40;40;20;90;90;80;2.41;1.61;4.02;1832;22;N;N;N;N;N;N;N
529872;3812;3805;2019;complete;4218;13;-1;12,45,84;;3;0;3;8;5;13;2;4;1;1;0;0;11;4;6;10;17;14;13;8;49;51;1;1;1.65;3.95;4.65;1.01;1.15;1.5;2.25;3.85;14.5;5.2;2.5;1.61;1.24;1.54;2.35;3;1.36;6.5;1.1;1.14;1.2;2.2;2.1;2.4;4.33;1.91;2.88;4.2;0;0;1.15;1.3;1.57;2;2.5;4.5;3.1;2.2;1.7;1.44;0;0;0;1.44;17;2.75;3.25;10;1.26;2.12;4.4;13;3.62;1.67;1.19;1.04;1.16;1.73;3.1;7;4.9;2.04;1.34;1.1;0;0;0;0;3;2;0;1;0;1;2;2019-07-21 16:00:00;3812;0;60;40;50;0;1;1;8;1;0;4;9;4;0;1;1;0;1;1;1;46;31;70;69;2.17;1.39;3.55;0;0;0;0;0;0;1;1;0;0;4;0;0;0;-1;-1;-1;-1;-1;-1;-1;-1;-1;30;60;70;90;100;50;80;80;80;8.8;5.4;5;3.8;Fylkir;ÍBV;1.82;0;1.6;0;1.33;0.42;70;40;30;10;0;70;60;50;1.79;1.29;3.08;1832;22;Y;Y;Y;N;N;N;N
529873;973;971;2019;complete;4218;13;-1;57,80;29,90;2;2;4;4;6;10;1;1;2;3;0;0;7;5;4;4;11;9;11;15;49;51;2;3;1.87;3.55;3.75;1.03;1.26;1.83;3.1;5.8;10.5;3.7;1.95;1.35;1.12;1.74;2;2.5;1.5;4.5;1.16;1.21;1.29;2.04;2.31;2.28;4.82;2.18;2.63;4.22;0;0;1.2;1.44;1.73;2.2;3.1;3.9;2.5;1.95;1.57;1.29;0;0;0;1.53;11;2.75;3;7.5;1.36;2.54;5.7;15;2.99;1.48;1.12;1.02;1.23;2.01;4;9;3.9;1.75;1.22;1.06;0;0;0;0;4;0;1;2;1;3;1;2019-07-21 19:15:00;-1;0;55;0;37;0;1;1;1;2;3;4;3;7;0;0;2;3;0;5;1;48;33;66;62;1.53;1.16;2.69;1;0;1;0;0;0;1;1;0;0;0;0;0;0;-1;-1;-1;-1;-1;-1;-1;-1;-1;27;37;45;92;100;19;64;100;65;9.33;3.97;3.93;3.2;KR;Stjarnan;2.64;1.36;2.67;1.6;2.42;1.58;74;64;55;9;0;54;35;27;1.99;1.51;3.5;1832;22;Y;Y;Y;Y;N;N;Y
529874;3822;54;2019;complete;4218;13;-1;32,45;;2;0;2;4;5;9;3;2;2;3;0;0;3;6;3;5;6;11;13;13;43;57;2;3;3.6;3.7;1.91;1.03;1.24;1.77;2.9;5.45;11;3.9;2;1.38;1.14;1.69;2.05;5;1.14;2.75;1.4;1.83;1.28;1.22;4;2.25;2.37;3.75;2.62;2.1;0;0;1.13;1.29;1.65;1.95;2.5;5;3.2;2.13;1.73;1.44;0;0;0;2.6;13;1.53;8;3.4;1.32;2.4;5.25;17;3.2;1.53;1.14;1.02;1.18;1.83;3.75;9;4.5;1.83;1.25;1.07;0;0;0;0;2;2;0;0;0;0;2;2019-07-22 19:15:00;3822;0;67;17;42;0;1;1;0;2;4;3;2;7;0;1;2;2;1;4;1;26;47;45;85;0.78;1.46;2.23;1;0;1;0;0;0;1;1;0;0;0;1;0;0;-1;-1;-1;-1;-1;-1;-1;-1;-1;9;25;59;83;83;25;59;75;50;11.67;4.66;5.67;2.59;HK;FH;1.45;1.09;1.33;1;1.17;1.58;92;75;42;17;17;59;33;33;1.85;1.88;3.73;1832;22;Y;Y;N;N;N;N;N
529875;3811;54;2019;complete;4218;14;-1;82;;1;0;1;4;10;14;3;1;2;1;0;0;2;0;0;5;2;5;11;11;49;51;2;1;2.85;3.35;2.35;1.03;1.24;1.77;2.95;5.55;10.75;3.85;2;1.38;1.13;1.62;2.15;4.05;1.17;3.5;1.28;1.53;1.3;1.4;3.2;2.25;2.87;2.88;2.6;2.63;0;0;1.1;1.22;1.55;2;2.73;5.5;3.7;2.37;1.8;1.44;1.96;7.99;2.43;2.1;13;1.8;5.15;4.2;1.32;2.38;5.2;12;3.2;1.54;1.14;1.02;1.21;1.92;3.66;7.7;4.26;1.86;1.28;1.08;0;0;0;0;1;0;0;1;0;1;0;2019-07-28 17:00:00;3811;0;54;16;38;0;1;1;2;5;2;5;7;7;1;0;1;1;1;2;1;4;11;7;6;0.29;0.39;0.68;0;0;0;0;0;0;1;1;0;0;0;2;0;0;-1;-1;-1;-1;-1;-1;-1;-1;-1;16;23;38;77;93;23;69;77;47;12.96;4.71;5.17;2.62;KA;FH;1.91;1.09;1.67;0.86;1;1.46;85;77;62;24;7;77;40;40;1.9;1.82;3.72;1832;22;Y;N;N;N;N;N;N
529876;3806;3805;2019;complete;4218;14;-1;54,77;26;2;1;3;8;5;13;1;1;0;0;0;0;2;2;1;0;3;2;0;1;54;46;0;0;1.77;3.55;4.35;1.03;1.26;1.83;3.15;5.9;10.25;3.65;1.91;1.34;1.12;1.74;2;2.45;1.44;4.5;1.16;1.2;1.22;2;2.3;2.25;4.5;2.14;2.64;4.25;0;0;0;0;1.73;2.13;0;0;0;2;1.7;0;1.65;7.87;3.18;1.5;12;2.75;2.95;6.8;1.36;2.54;5.7;15;2.99;1.48;1.12;1.02;1.23;2.02;4;9;3.9;1.74;1.22;1.06;0;0;0;0;3;0;1;2;0;2;1;2019-07-28 16:00:00;3806;0;38;16;9;0;1;-1;2;2;6;3;4;9;0;0;0;0;0;0;1;15;4;11;6;0.43;0.29;0.73;0;0;0;0;0;0;1;1;0;0;1;0;-1;-1;-1;-1;-1;-1;-1;-1;-1;-1;-1;9;17;41;79;86;40;55;70;41;7.57;3.88;5.07;2.38;Grindavík;ÍBV;1.36;0;1.43;0;1.08;0.38;92;84;60;22;15;62;47;38;1.11;1.3;2.41;1832;22;Y;Y;Y;N;N;N;Y
529877;3822;971;2019;complete;4218;14;-1;39;23;1;1;2;6;7;13;2;6;0;2;0;0;8;6;7;12;15;18;12;10;44;56;0;2;1.04;11;27.25;1;1.09;1.33;1.87;2.95;16.25;6.45;3.05;1.87;1.36;5.05;1.14;4.33;1.2;3;1.36;1.66;1.3;1.3;3.6;2.2;2.65;3.25;2.5;2.4;0;0;0;1.51;1.88;2.63;0;0;2.53;1.93;1.47;0;2.63;7.84;1.78;2.3;11;1.66;5.65;3.7;1.36;2.62;6.5;19;3;1.44;1.11;1.02;1.19;1.91;3.8;8;4.1;1.8;1.22;1.05;0;0;0;0;2;1;1;0;0;0;2;2019-07-29 19:15:00;-1;0;62;7;40;0;1;1;1;3;5;4;4;9;0;0;0;2;0;2;1;40;46;67;68;1.79;1.88;3.67;0;0;0;0;0;0;1;1;0;0;0;0;0;0;-1;-1;-1;-1;-1;-1;-1;-1;-1;9;32;54;93;93;30;62;79;63;9.33;2.83;4.4;2.97;HK;Stjarnan;1.45;1.36;1.57;1.5;1.31;1.54;92;68;47;7;7;54;31;23;1.7;1.45;3.15;1832;22;Y;Y;N;N;N;N;Y
529878;3812;973;2019;complete;4218;14;-1;66;5,35,39,90;1;4;5;7;3;10;5;5;6;5;0;0;8;10;4;3;12;13;14;15;58;42;6;5;3.55;3.65;1.91;1.03;1.24;1.77;2.9;5.45;11;3.9;2;1.38;1.14;1.69;2.05;4.4;1.15;3.25;1.33;1.66;1.25;1.33;4;2.31;2.51;3.58;2.64;2.36;0;0;1.13;1.25;1.54;1.95;2.65;5;3.5;2.38;1.85;1.43;3.18;8.58;1.62;2.3;13;1.66;5.85;3.7;1.33;2.45;5.45;12;3.13;1.51;1.13;1.02;1.22;1.96;3.8;9;4;1.79;1.24;1.06;0;0;0;0;5;0;3;1;1;2;3;2019-07-28 19:15:00;973;0;75;25;59;0;1;1;2;1;5;2;3;7;4;3;2;2;7;4;1;98;80;161;129;2.04;2.1;4.14;0;0;0;0;0;0;1;1;0;1;0;0;1;0;-1;-1;-1;-1;-1;-1;-1;-1;-1;17;42;75;83;100;50;100;83;59;11.17;5.33;3.67;3.34;Fylkir;KR;1.82;2.09;1.83;2.17;1.46;2.31;84;58;25;17;0;75;75;67;1.86;1.55;3.41;1832;22;Y;Y;Y;Y;Y;N;Y
529879;3807;3809;2019;complete;4218;14;-1;25;16,69;1;2;3;4;2;6;1;1;4;1;0;0;4;5;10;3;14;8;21;8;38;62;4;1;2.5;3.35;2.65;1.03;1.26;1.83;3.15;5.9;10.25;3.65;1.91;1.34;1.12;1.69;2.1;3.65;1.22;3.4;1.3;1.53;1.3;1.36;3.25;2.2;3;2.88;2.4;2.75;0;0;1.17;1.33;1.66;2.24;2.8;4.33;2.9;2.1;1.65;1.36;2.15;7.29;2.16;2.1;11;1.8;4.8;4.05;1.37;2.6;5.85;13;2.94;1.46;1.11;1.01;1.25;2.08;4.14;9;3.82;1.73;1.23;1.06;0;0;0;0;3;1;1;0;1;1;2;2019-07-28 19:15:00;3809;0;52;9;37;0;1;1;1;2;3;0;3;3;1;1;3;0;2;3;1;73;71;59;92;1.68;1.37;3.05;0;1;0;1;0;0;1;1;0;0;0;0;1;0;-1;-1;-1;-1;-1;-1;-1;-1;-1;15;38;52;86;100;17;77;93;52;9.47;4;5.43;2.91;ÍA;Valur;1.45;1.09;2;1;1.69;1.31;86;62;48;15;0;61;45;45;1.48;1.38;2.86;1832;22;Y;Y;Y;N;N;N;Y
529880;3810;3803;2019;complete;4218;14;-1;13,55,64;54,56;3;2;5;3;9;12;2;3;3;4;0;0;5;6;4;15;9;21;9;21;40;60;3;4;3.3;3.55;2.05;1.03;1.2;1.67;2.75;5;10;4;2.15;1.4;1.14;1.57;2.25;4.33;1.2;3.25;1.33;1.62;1.25;1.3;3.72;2.34;2.63;3.38;2.67;2.47;0;0;0;1.43;1.7;2.12;0;0;2.78;2.1;1.73;0;2.53;7.59;1.87;2.1;12;1.8;5.8;3.8;1.33;2.43;5.25;14;3.2;1.55;1.15;1.01;1.22;1.93;3.74;8.3;4.12;1.85;1.26;1.06;0;0;0;0;5;1;0;2;2;4;1;2019-07-29 19:15:00;3810;0;57;22;36;0;1;1;2;2;1;7;4;8;0;0;3;4;0;7;1;63;140;123;177;1.39;2.76;4.14;0;0;0;0;0;0;1;1;0;0;0;1;0;0;-1;-1;-1;-1;-1;-1;-1;-1;-1;14;36;43;71;93;29;65;65;43;9.14;3.28;4.86;2.86;Víkingur Reykjavík;Breidablik;1.45;1.82;1;1.86;1;1.77;86;64;57;29;7;57;36;36;1.8;1.87;3.67;1832;22;Y;Y;Y;Y;Y;N;Y
529881;3805;3822;2019;complete;4218;15;-1;;47;0;1;1;6;5;11;0;4;1;3;0;0;4;10;2;3;6;13;20;17;57;43;1;3;3;3.5;2.2;1.02;1.22;1.71;2.8;5.1;11.5;4.15;2.1;1.42;1.15;1.59;2.25;4.1;1.17;3.25;1.33;1.72;1.3;1.36;3.8;2.15;2.56;3.66;2.58;2.38;0;0;1.25;1.5;2;2.5;3.5;3.5;2.38;1.8;1.44;1.25;2.9;7.99;1.67;2.25;12;1.72;5.7;3.4;1.36;2.57;5.8;13;2.99;1.47;1.12;1.01;1.24;2.04;4.1;9;3.8;1.73;1.21;1.06;0;0;0;0;1;0;0;0;1;1;0;2019-08-03 14:00:00;3822;0;61;23;45;0;1;1;2;1;4;4;3;8;0;1;1;2;1;3;1;106;87;91;91;1.42;2.14;3.56;0;0;0;0;0;0;1;1;0;0;1;0;0;0;-1;-1;-1;-1;-1;-1;-1;-1;-1;16;23;61;92;100;38;77;92;52;5.33;2.5;5.4;2.91;ÍBV;HK;0.91;1;0.71;1;0.36;1.29;85;77;40;9;0;35;17;17;1.51;1.54;3.05;1832;22;Y;N;N;N;N;N;N
529882;971;3810;2019;complete;4218;15;-1;53,56;65;2;1;3;9;8;17;0;4;3;4;0;0;8;6;9;12;17;18;15;6;49;51;3;4;1.8;3.65;4;1.01;1.18;1.61;2.5;4.45;12.75;4.55;2.25;1.5;1.19;1.57;2.3;2.85;1.33;5;1.14;1.22;1.25;1.9;2.3;2.3;4;2.1;2.7;3.75;0;0;1.22;1.51;1.88;2.54;3.2;3.7;2.56;1.92;1.51;1.29;1.49;6.8;3.2;1.57;15;2.5;3.4;6.65;1.32;2.32;4.96;14;3.26;1.6;1.17;1.01;1.19;1.86;3.48;7.7;4.46;1.92;1.3;1.08;0;0;0;0;3;0;0;2;1;3;0;2019-08-07 19:15:00;971;0;62;24;32;0;1;1;6;5;3;3;11;6;1;1;2;3;2;5;1;39;34;64;69;1.91;1.79;3.7;1;0;1;0;0;0;1;1;0;0;0;2;0;0;-1;-1;-1;-1;-1;-1;-1;-1;-1;24;40;47;69;85;24;47;85;54;7.29;3.36;2.57;2.95;Stjarnan;Víkingur Reykjavík;1.82;1.09;1.57;1;1.5;1.14;77;61;54;31;16;47;23;7;1.84;1.39;3.23;1832;22;Y;Y;Y;N;N;N;Y
529883;54;3807;2019;complete;4218;15;-1;88;;1;0;1;7;7;14;0;1;1;3;0;0;4;4;6;5;10;9;5;18;49;51;1;3;1.91;3.55;3.7;1.03;1.24;1.77;2.95;5.55;10.75;3.85;2;1.38;1.13;1.69;2.05;2.65;1.38;4.5;1.16;1.22;1.25;1.83;2.63;2.2;3.6;2.23;2.64;3.94;0;0;1.15;1.3;1.57;1.94;2.7;4.5;3.1;2.2;1.86;1.44;1.65;6.35;2.75;1.57;12;2.5;3.25;6.35;1.33;2.75;6;15;3;1.4;1.1;1.02;1.23;2;3.98;9;3.9;1.76;1.22;1.06;0;0;0;0;1;0;0;1;0;1;0;2019-08-06 19:15:00;54;0;69;15;48;0;1;1;4;5;3;2;9;5;1;1;0;2;2;2;1;41;49;60;61;1.21;1.2;2.4;0;0;0;0;0;0;1;1;0;0;0;0;0;0;-1;-1;-1;-1;-1;-1;-1;-1;-1;24;40;55;77;93;22;77;86;48;11.36;2.31;4.54;2.88;FH;ÍA;2.27;1;2.17;1.43;1.36;1.57;77;61;45;23;7;85;85;69;1.51;1.49;3;1832;22;Y;N;N;N;N;N;N
529884;973;3806;2019;complete;4218;15;-1;28,47,55,59,89;56,72;5;2;7;6;4;10;2;1;0;2;0;0;13;4;5;0;18;4;14;21;57;43;0;2;1.49;4.25;5.85;1.02;1.22;1.71;2.8;5.1;11.5;4.15;2.1;1.42;1.15;1.8;1.95;2.05;1.65;6;1.11;1.12;1.2;2.5;1.73;2.6;7;1.86;2.79;5.4;0;0;0;0;1.53;1.89;2;0;0;2.5;1.91;1.73;1.24;10.39;5.58;1.36;13;3.2;2.35;9;1.31;2.48;5.5;15;3.26;1.5;1.13;1.02;1.23;2.01;4;9;3.9;1.75;1.22;1.06;0;0;0;0;7;1;0;4;2;6;1;2019-08-06 19:15:00;973;0;45;9;30;0;1;1;5;1;1;3;6;4;0;0;0;2;0;2;1;114;80;150;122;2.87;1.12;3.99;0;0;0;0;0;0;1;1;0;0;0;0;0;0;-1;-1;-1;-1;-1;-1;-1;-1;-1;15;30;45;60;75;16;52;75;37;11.74;3.19;4.46;2.24;KR;Grindavík;2.64;0.45;2.43;0.67;2.36;1.21;86;70;55;41;25;86;79;65;1.92;1.54;3.46;1832;22;Y;Y;Y;Y;Y;Y;Y
529885;3803;3811;2019;complete;4218;15;-1;21,37,80,87;;4;0;4;4;6;10;0;4;3;1;0;0;11;4;6;13;17;17;18;9;51;49;3;1;1.49;4.45;5.6;1.01;1.15;1.5;2.25;3.85;14.5;5.2;2.5;1.61;1.24;1.59;2.25;2.5;1.43;8;1.06;1.08;1.22;2.62;2.05;2.4;4.75;1.76;3.1;5.25;0;0;1.15;1.33;1.63;2.09;2.7;4.5;2.9;2.28;1.68;1.4;1.29;7.75;4.5;1.33;17;3.25;2.75;9.25;1.26;2.12;4.4;10.5;3.62;1.67;1.19;1.03;1.16;1.73;3.1;7;4.9;2.04;1.34;1.08;0;0;0;0;4;2;0;2;0;2;2;2019-08-07 18:00:00;3803;0;69;38;38;0;1;1;3;4;1;2;7;3;1;1;2;0;2;2;1;45;28;76;72;2.16;1.55;3.71;0;0;0;0;0;0;1;1;0;0;1;3;0;0;-1;-1;-1;-1;-1;-1;-1;-1;-1;23;54;69;77;92;38;61;92;54;12.19;2.74;4.88;3.13;Breidablik;KA;1.64;0.91;1.67;0.43;1.64;1.14;77;47;31;24;9;56;49;34;2.48;1.56;4.04;1832;22;Y;Y;Y;Y;N;N;N
529886;3809;3812;2019;complete;4218;15;-1;37;;1;0;1;6;5;11;3;4;1;3;0;0;8;2;4;7;12;9;14;14;55;45;1;3;1.61;4.2;4.6;1.01;1.15;1.51;2.3;3.95;14.25;5.15;2.5;1.59;1.24;1.56;2.3;2.9;1.32;6;1.11;1.16;1.22;2.2;2.38;2.38;4;2.03;2.92;4.05;0;0;0;0;1.53;1.95;2.56;0;0;2.5;1.85;1.51;1.48;7.25;3.15;1.44;17;2.62;3.3;7.5;1.26;2.13;4.4;10.5;3.62;1.67;1.19;1.03;1.16;1.73;3.13;7.1;4.9;2.04;1.33;1.09;0;0;0;0;1;1;0;0;0;0;1;2019-08-07 19:15:00;3809;0;62;15;25;0;1;1;3;3;3;2;6;5;0;2;1;1;2;2;1;98;99;150;156;2.04;1.44;3.47;0;0;0;0;0;0;1;1;0;0;0;0;0;0;-1;-1;-1;-1;-1;-1;-1;-1;-1;24;32;55;77;100;30;77;93;40;10.34;4.21;3.86;3.11;Valur;Fylkir;1.55;0.73;1.67;1.14;1.43;1.36;77;68;45;24;0;50;50;42;1.74;1.92;3.66;1832;22;Y;N;N;N;N;N;N
529887;3807;3803;2019;complete;4218;16;-1;10;4,7;1;2;3;5;3;8;2;1;3;3;0;0;5;8;5;19;10;27;19;14;44;56;3;3;2.45;3.5;2.6;1.02;1.25;1.8;3;5;12;3.75;2;1.36;1.14;1.66;2.14;4;1.22;3.25;1.33;1.57;1.3;1.36;3.4;2.2;2.87;3.28;2.57;2.58;0;0;0;0;1.47;1.83;2.49;0;0;2.67;1.83;1.53;2.5;8.62;1.82;2.2;12;1.72;5;3.85;1.36;2.54;5.7;13;2.99;1.48;1.12;1.01;1.23;2.02;4;9;3.9;1.74;1.22;1.06;0;0;0;0;3;1;2;0;0;0;3;2019-08-11 16:00:00;3803;0;47;21;32;0;1;1;1;1;4;2;2;6;1;0;2;3;1;5;1;81;87;85;104;1.56;2.87;4.44;1;0;1;0;0;0;1;1;1;2;0;0;0;0;-1;-1;-1;-1;-1;-1;-1;-1;-1;13;40;47;88;100;28;68;94;46;8.68;3.74;6.27;2.98;ÍA;Breidablik;1.45;1.82;1.71;1.63;1.47;1.73;88;61;54;13;0;47;34;34;1.51;1.98;3.49;1832;22;Y;Y;Y;N;N;N;Y
529888;3822;973;2019;complete;4218;16;-1;6,12,20,89;45;4;1;5;2;13;15;5;1;2;0;0;0;7;6;1;6;8;12;8;10;35;65;2;0;3.75;3.7;1.87;1.01;1.22;1.72;2.75;4.5;13;4;2.07;1.4;1.16;1.7;2.08;5;1.14;2.62;1.44;2.1;1.25;1.16;4.33;2.3;2.25;4.33;2.65;2.11;0;0;0;1.45;1.73;2.47;0;0;2.6;2;1.5;0;3.55;8.31;1.55;2.75;13;1.5;6.8;2.95;1.34;2.48;5.55;13;3.1;1.5;1.12;1.02;1.22;2;3.9;9;3.98;1.76;1.23;1.06;0;0;0;0;5;3;1;1;0;1;4;2019-08-11 16:00:00;3822;0;75;13;41;0;1;1;2;7;0;6;9;6;0;0;2;0;0;2;1;40;57;53;68;1.28;1.58;2.87;0;0;0;0;0;0;1;1;1;0;0;1;0;0;-1;-1;-1;-1;-1;-1;-1;-1;-1;7;21;61;87;94;47;82;68;48;10.42;4.43;4.39;2.69;HK;KR;1.45;2.09;1.5;2.29;1.4;2.4;93;80;40;14;7;67;55;41;1.71;1.63;3.34;1832;22;Y;Y;Y;Y;Y;N;Y
529889;3811;971;2019;complete;4218;16;-1;6,14,50,68;18,64;4;2;6;7;10;17;1;0;0;0;0;0;11;4;11;2;22;6;11;12;50;50;0;0;3.35;3.75;2;1.01;1.22;1.72;2.5;4.5;13;4;2.07;1.4;1.16;1.54;2.38;4.33;1.2;3.25;1.33;1.66;1.28;1.36;3.4;2.25;2.75;3.32;2.73;2.42;0;0;0;1.39;1.73;2.1;0;0;2.97;2;1.67;0;2.4;7.28;1.96;2.25;13;1.66;5.8;3.9;1.3;2.29;4.9;12;3.32;1.58;1.16;1.02;1.18;1.84;3.46;7.7;4.45;1.9;1.28;1.08;0;0;0;0;6;2;1;2;1;3;3;2019-08-11 16:00:00;3811;0;57;14;36;0;1;-1;1;8;6;2;9;8;0;0;0;0;0;0;1;70;83;61;69;2.64;1.25;3.9;-1;-1;-1;-1;-1;-1;-1;1;1;0;0;3;-1;-1;-1;-1;-1;-1;-1;-1;-1;-1;-1;14;29;36;79;100;22;64;86;57;11;3.71;4;2.86;KA;Stjarnan;1.91;1.36;1.86;1.43;1.07;1.6;86;72;64;22;0;72;50;43;1.67;1.51;3.18;1832;22;Y;Y;Y;Y;Y;Y;Y
529890;3812;3806;2019;complete;4218;16;-1;4,15;90;2;1;3;3;9;12;2;2;1;1;0;0;5;10;4;6;9;16;15;10;43;57;1;1;1.83;3.8;3.8;1.02;1.2;1.58;2.43;4.06;12;4.46;2.36;1.55;1.23;1.52;2.5;3;1.36;5.5;1.12;1.27;1.26;1.95;2.4;2.43;4.04;2.2;2.78;3.82;0;0;0;0;0;1.73;1.9;0;0;0;2;1.9;1.53;8.87;3.53;1.53;15;2.5;3.35;6.75;1.3;2.3;4.9;12.5;3.4;1.61;1.17;1.02;1.18;1.85;3.46;7.7;4.52;1.93;1.3;1.08;0;0;0;0;3;2;0;0;1;1;2;2019-08-12 19:15:00;3812;0;57;29;50;0;1;1;1;4;2;5;5;7;0;0;1;1;0;2;1;85;115;120;160;1.54;2.55;4.08;1;0;1;0;0;0;1;1;1;0;0;1;0;0;-1;-1;-1;-1;-1;-1;-1;-1;-1;29;50;65;65;79;43;72;72;50;11.88;4;4.71;3.14;Fylkir;Grindavík;1.82;0.45;1.57;0.57;1.27;1.13;72;50;36;36;22;93;93;77;1.88;1.47;3.35;1832;22;Y;Y;Y;N;N;N;Y
529891;3809;54;2019;complete;4218;16;-1;55,64;51,75,83;2;3;5;2;7;9;1;0;1;4;0;0;5;6;6;3;11;9;9;14;58;42;1;4;1.83;3.75;3.75;1.01;1.2;1.7;2.5;4.5;13;4.33;2.1;1.44;1.16;1.54;2.38;3.25;1.33;4.5;1.16;1.28;1.28;1.72;2.6;2.25;3.6;2.4;2.7;3.4;0;0;0;0;1.48;1.9;2.45;0;0;2.65;1.9;1.55;1.94;9.12;2.28;1.66;13;2.3;3.85;6;1.3;2.31;5;11;3.32;1.57;1.15;1.02;1.19;1.86;3.46;7.1;4.4;1.88;1.28;1.09;0;0;0;0;5;0;0;2;3;5;0;2019-08-11 20:00:00;54;0;54;7;41;0;1;1;2;3;0;4;5;4;1;1;0;3;2;3;1;38;33;64;62;1.32;1.23;2.54;2;1;2;1;0;0;1;1;0;0;1;0;0;0;-1;-1;-1;-1;-1;-1;-1;-1;-1;21;34;48;66;94;20;67;81;41;11.61;5.07;4.61;2.76;Valur;FH;1.55;1.09;1.86;0.75;1.53;1.47;80;66;53;34;7;59;41;34;1.79;1.64;3.43;1832;22;Y;Y;Y;Y;Y;N;Y
529892;3810;3805;2019;complete;4218;16;-1;38,75,81;77;3;1;4;7;3;10;2;4;0;0;0;0;10;2;12;6;22;8;7;17;65;35;0;0;1.45;4;7;1.01;1.16;1.57;2.38;4.33;15;4.5;2.35;1.53;1.2;1.67;2.1;2.37;1.53;6.5;1.1;1.08;1.22;2.62;1.95;2.4;5.5;1.73;3;5;0;0;1.25;0;1.83;2.52;0;3.83;0;1.83;1.52;0;1.49;8.71;3.51;1.36;15;3.2;2.6;9;1.25;2.25;5.5;11;3.5;1.57;1.13;1.02;1.17;1.78;3.26;6.6;4.7;1.97;1.31;1.09;0;0;0;0;4;1;0;2;1;3;1;2019-08-11 16:00:00;3810;0;59;20;26;0;1;-1;3;1;4;2;4;6;0;0;0;0;0;0;1;110;82;168;131;2.88;1.25;4.13;-1;-1;-1;-1;-1;-1;-1;1;0;0;1;1;-1;-1;-1;-1;-1;-1;-1;-1;-1;-1;-1;20;34;61;88;94;41;80;68;55;8.39;3.63;4.14;3.15;Víkingur Reykjavík;ÍBV;1.45;0;1.25;0;1.07;0.33;81;67;40;13;7;73;54;47;1.75;1.16;2.91;1832;22;Y;Y;Y;Y;N;N;Y
529893;3806;3822;2019;complete;4218;17;-1;79;28;1;1;2;8;6;14;1;3;2;3;0;0;5;5;5;6;10;11;20;12;43;57;2;3;2.35;3.35;2.8;1.04;1.33;2.05;3.5;7;9;3.25;1.75;1.28;1.08;1.83;1.83;3;1.36;3.25;1.33;1.4;1.33;1.53;3.1;2.05;3.25;2.75;2.4;3;0;0;0;0;1.52;1.93;0;0;0;2.53;1.89;0;1.85;8.11;2.51;1.83;9;2.1;4.15;4.2;1.44;3;9;23;2.62;1.36;1.07;1.01;1.26;2.15;4.45;10;3.62;1.59;1.19;1.04;0;0;0;0;2;0;1;1;0;1;1;2019-08-18 17:00:00;-1;0;47;14;15;0;1;1;5;2;3;4;7;7;0;1;2;2;1;4;1;80;81;106;109;1.56;1.63;3.19;0;1;0;1;0;0;1;1;0;0;0;1;0;0;-1;-1;-1;-1;-1;-1;-1;-1;-1;7;7;34;67;88;27;61;75;27;7.7;3.49;4.25;2.03;Grindavík;HK;1.36;1;1.63;1.29;1.06;1.5;93;93;66;34;13;60;47;47;1.03;1.62;2.65;1832;22;Y;Y;N;N;N;N;Y
529894;3805;3811;2019;complete;4218;17;-1;49;18;1;1;2;2;8;10;1;2;2;0;0;0;3;6;3;11;6;17;23;9;50;50;2;0;3.6;3.85;1.87;1.01;1.2;1.61;2.5;4.33;15;4.33;2.25;1.5;1.2;1.66;2.1;5.5;1.12;2.62;1.44;2.2;1.22;1.14;4.33;2.37;2.2;4;2.75;1.95;0;0;0;0;1.9;0;0;0;0;1.9;0;0;0;0;0;2.75;15;1.44;6.95;3.2;1.3;2.37;5.5;15;3.4;1.53;1.14;1.03;1.18;1.84;3.46;7.5;4.45;1.9;1.28;1.07;0;0;0;0;2;0;1;1;0;1;1;2019-08-18 16:00:00;-1;0;63;32;44;0;-1;1;-1;-1;-1;-1;-1;-1;1;0;1;0;1;1;1;54;101;92;124;0.99;2.22;3.21;1;0;1;0;0;0;1;1;0;0;-1;-1;0;0;-1;-1;-1;-1;-1;-1;-1;-1;-1;19;44;69;88;100;44;69;100;63;6.8;2.76;5.75;3.19;ÍBV;KA;0.91;0.91;0.63;0.38;0.31;1.19;82;57;32;13;0;36;21;9;1.49;1.56;3.05;1832;22;Y;Y;N;N;N;N;Y
529895;54;3812;2019;complete;4218;17;-1;62,90;50;2;1;3;9;5;14;3;1;1;3;1;0;6;7;17;6;23;13;6;15;59;41;3;3;1.67;3.9;4.55;1.01;1.17;1.57;2.38;4;15;4.5;2.35;1.53;1.22;1.61;2.2;2.75;1.4;6;1.11;1.14;1.25;2.2;2.1;2.4;4.5;1.9;2.75;4.33;0;0;0;0;0;1.63;0;0;0;0;2.28;0;1.48;7.91;3.7;1.44;15;2.75;3.15;7.5;1.28;2.25;5.5;15;3.5;1.57;1.14;1.03;1.17;1.73;3.4;8;5;2;1.3;1.08;0;0;0;0;3;0;0;2;1;3;0;2019-08-18 18:00:00;54;0;54;13;29;0;1;1;4;2;5;3;6;8;0;0;2;3;0;5;1;46;38;84;69;2.19;1.58;3.78;0;0;0;0;0;0;1;1;0;0;0;1;0;0;-1;-1;-1;-1;-1;-1;-1;-1;-1;21;28;48;73;100;19;80;88;41;10.43;3;3.71;2.75;FH;Fylkir;2.27;0.73;2.29;1;1.56;1.38;80;73;53;27;0;79;79;71;1.46;1.85;3.31;1832;22;Y;Y;Y;N;N;N;Y
529896;971;3807;2019;complete;4218;17;-1;25,46,70;45;3;1;4;9;4;13;1;1;0;5;0;0;13;8;3;13;16;21;10;11;50;50;0;5;1.83;3.65;3.9;1.01;1.2;1.61;2.5;4.33;15;4.33;2.25;1.5;1.2;1.57;2.25;3;1.36;5;1.14;1.22;1.28;1.83;2.37;2.3;4;2.1;2.75;3.6;0;0;0;1.38;1.73;2.25;0;0;2.77;2;1.62;0;1.61;8.23;3.3;1.57;15;2.5;3.55;6.55;1.3;2.37;5.5;15;3.4;1.53;1.14;1.03;1.19;1.87;3.54;8;4.33;1.87;1.27;1.06;0;0;0;0;4;1;1;2;0;2;2;2019-08-18 19:15:00;971;0;63;19;25;0;1;1;6;4;3;0;10;3;0;2;0;3;2;3;1;98;118;146;170;2.63;2.74;5.37;0;0;0;0;0;0;1;1;0;0;2;1;0;1;-1;-1;-1;-1;-1;-1;-1;-1;-1;13;25;44;69;88;26;51;82;44;11.76;2.76;4.5;2.44;Stjarnan;ÍA;1.82;1;1.75;1.25;1.5;1.38;88;75;57;32;13;69;63;50;1.85;1.45;3.3;1832;22;Y;Y;Y;Y;N;N;Y
529897;973;3810;2019;complete;4218;17;-1;41;;1;0;1;7;7;14;2;0;2;3;0;0;7;4;4;2;11;6;19;16;52;48;2;3;1.59;3.95;5.15;1.01;1.17;1.56;2.4;4.25;13.5;4.8;2.35;1.54;1.21;1.61;2.2;2.75;1.4;5.5;1.12;1.14;1.28;2.1;2.2;2.3;4.5;1.95;2.75;4;0;0;1.2;1.44;1.83;2.2;3.1;3.9;2.5;1.98;1.57;1.3;1.33;7.5;4;1.5;13;2.75;3.15;7.5;1.3;2.37;5.5;15;3.4;1.53;1.14;1.03;1.19;1.87;3.54;7.5;4.4;1.87;1.27;1.07;0;0;0;0;1;1;0;0;0;0;1;2019-08-19 18:00:00;973;0;67;15;54;0;1;1;2;4;5;3;6;8;2;1;0;2;3;2;1;119;61;151;129;2.05;1.12;3.17;0;0;0;0;0;0;1;1;0;0;1;0;0;0;-1;-1;-1;-1;-1;-1;-1;-1;-1;34;47;60;80;93;21;59;93;60;8.96;4.61;3.43;3.46;KR;Víkingur Reykjavík;2.64;1.09;2.5;0.86;2.25;1.19;67;54;41;21;7;66;46;20;2.04;1.45;3.49;1832;22;Y;N;N;N;N;N;N
529898;3803;3809;2019;complete;4218;17;-1;37,41,61;14,19,69;3;3;6;8;1;9;1;9;2;2;0;0;8;4;6;1;14;5;20;22;54;46;2;2;2.05;3.45;3.3;1.02;1.2;1.67;2.65;4.85;12;4.3;2.15;1.44;1.17;1.57;2.3;3.4;1.3;4.33;1.2;1.33;1.28;1.72;2.62;2.25;3.4;2.37;2.62;3.2;0;0;1.15;1.3;1.57;1.9;2.7;4.5;3.1;2.2;1.81;1.4;1.62;8.47;3.21;1.66;13;2.25;3.9;5.75;1.33;2.5;6;17;3.25;1.5;1.12;1.02;1.19;1.87;3.54;8;4.33;1.87;1.27;1.06;0;0;0;0;6;2;2;1;1;2;4;2019-08-19 19:15:00;-1;0;66;21;40;0;1;1;5;1;3;0;6;3;0;1;2;1;1;3;1;30;23;67;61;1.66;0.77;2.43;0;0;0;0;0;0;1;1;0;0;1;1;0;0;-1;-1;-1;-1;-1;-1;-1;-1;-1;20;48;73;73;93;28;66;87;60;13.34;2.88;4.54;3.07;Breidablik;Valur;1.64;1.09;1.86;1.25;1.81;1.44;81;53;27;27;7;75;68;54;2.44;1.38;3.82;1832;22;Y;Y;Y;Y;Y;Y;Y
529899;3807;3805;2019;complete;4218;18;-1;45,62;72;2;1;3;3;2;5;4;2;0;1;0;0;7;2;9;5;16;7;8;9;55;45;0;1;1.59;3.95;5.25;1.01;1.17;1.57;2.38;4;15;4.5;2.35;1.53;1.22;1.83;1.83;2;1.72;7.5;1.07;1.05;1.14;3.25;1.72;2.6;6.5;1.57;3;7;0;0;0;1.51;1.88;2.62;0;0;2.46;1.93;1.44;0;1.21;8;5.75;1.25;15;4;2.2;17;1.28;2.25;5.5;15;3.5;1.57;1.14;1.03;1.18;1.82;3.4;8;4.55;1.92;1.29;1.08;0;0;0;0;3;1;0;1;1;2;1;2019-08-24 16:00:00;3807;0;50;26;19;0;1;1;2;2;1;0;4;1;0;0;0;1;0;1;1;71;53;76;87;2;0.97;2.97;1;0;1;0;0;0;1;1;0;0;0;2;0;0;-1;-1;-1;-1;-1;-1;-1;-1;-1;7;32;63;100;100;44;82;88;50;7.63;4.13;5.01;3.07;ÍA;ÍBV;1.45;0;1.5;0;1.29;0.35;94;69;38;0;0;57;44;32;1.52;1.17;2.69;1832;22;Y;Y;Y;N;N;N;Y
529900;3812;3822;2019;complete;4218;18;-1;8,28,55;19,52;3;2;5;3;12;15;2;2;4;4;1;0;9;6;5;12;14;18;16;12;47;53;6;4;2.05;3;3.4;1.01;1.22;2.03;2.62;5;12;4;1.83;1.4;1.14;1.66;2.1;3.25;1.33;4.33;1.2;1.3;1.3;1.66;2.63;2.2;3.6;2.4;2.6;3.25;0;0;1.1;1.22;1.44;1.92;2.3;5.5;3.7;2.5;1.88;1.53;1.7;8.22;2.78;1.66;12;2.3;4;6.5;1.36;2.62;6.5;19;3;1.44;1.11;1.02;1.2;1.9;4;10;4.33;1.8;1.22;1.06;0;0;0;0;5;2;1;1;1;2;3;2019-08-26 19:15:00;3812;0;63;26;44;0;1;1;3;2;0;10;5;10;1;0;4;4;1;8;1;42;38;67;62;1.81;1.82;3.63;0;0;0;0;0;0;1;1;1;0;0;0;0;0;-1;-1;-1;-1;-1;-1;-1;-1;-1;26;38;63;82;100;50;88;88;44;9.26;5.38;4.51;3.19;Fylkir;HK;1.82;1;1.75;1.25;1.29;1.47;76;63;38;19;0;76;69;63;1.84;1.63;3.47;1832;22;Y;Y;Y;Y;Y;N;Y
529901;3811;973;2019;complete;4218;18;-1;;;0;0;0;3;3;6;3;3;3;2;0;0;0;2;8;2;8;4;16;15;48;52;3;2;4.5;3.8;1.7;1.02;1.25;1.9;3;5;12;3.75;1.95;1.36;1.14;1.72;2;4;1.22;3;1.36;1.72;1.25;1.33;4.33;2.3;2.25;3.25;2.6;2.37;0;0;0;0;1.53;1.9;2.63;0;0;2.49;1.8;1.48;2.77;8.66;1.69;2.37;12;1.66;6;3.75;1.36;2.62;7;19;3;1.44;1.1;1.02;1.22;1.98;3.9;9;3.98;1.77;1.23;1.06;0;0;0;0;0;0;0;0;0;0;0;2019-08-25 16:00:00;-1;0;69;19;44;0;1;1;0;2;3;1;2;4;1;1;2;1;2;3;1;41;53;77;112;0.81;0.79;1.6;0;0;0;0;0;0;1;1;0;0;0;0;0;0;-1;-1;-1;-1;-1;-1;-1;-1;-1;25;32;57;76;100;38;82;88;50;12.63;4.25;3.76;3.07;KA;KR;1.91;2.09;2;2;1.18;2.29;75;69;44;26;0;82;69;57;1.79;1.62;3.41;1832;22;N;N;N;N;N;N;N
529902;3810;3806;2019;complete;4218;18;-1;80;;1;0;1;8;3;11;1;0;2;3;0;0;5;3;11;3;16;6;12;19;62;38;2;3;1.73;3.75;4;1.02;1.22;1.85;2.75;5;12;4;2;1.4;1.14;1.72;2;2.5;1.5;5;1.14;1.16;1.28;2.2;2.3;2.3;4;2;2.62;4.33;0;0;0;0;1.63;2;2.9;0;0;2.28;1.72;1.4;1.36;8.7;4.37;1.5;12;2.75;3;9;1.33;2.62;6.5;17;3.25;1.44;1.11;1.02;1.22;1.98;3.9;9;3.98;1.77;1.23;1.06;0;0;0;0;1;0;0;1;0;1;0;2019-08-25 19:15:00;3810;0;64;18;35;0;1;1;6;1;2;2;7;4;1;2;1;1;3;2;1;46;25;65;36;1.68;0.77;2.45;0;0;0;0;0;0;1;1;0;0;2;0;0;0;-1;-1;-1;-1;-1;-1;-1;-1;-1;18;35;53;64;76;29;70;60;35;11.13;2.3;3.78;2.68;Víkingur Reykjavík;Grindavík;1.45;0.45;1.44;0.5;1.12;1.06;83;66;47;36;25;89;78;65;1.87;1.63;3.5;1832;22;Y;N;N;N;N;N;N
529903;54;3803;2019;complete;4218;18;-1;11,17;23,57,62,73;2;4;6;3;7;10;5;1;2;1;1;0;5;7;4;8;9;15;14;17;41;59;4;1;2.1;3.8;2.8;1.01;1.16;2;2.38;4.33;15;4.5;1.85;1.53;1.2;1.5;2.5;4;1.22;4;1.22;1.5;1.28;1.5;2.63;2.38;3.25;2.62;2.75;2.75;0;0;0;0;0;1.83;0;0;0;0;1.83;0;0;0;0;1.8;15;2;5.5;5.5;1.3;2.37;5.5;15;3.4;1.53;1.14;1.03;1.17;1.73;3.4;8;5;2;1.3;1.08;0;0;0;0;6;2;1;0;3;3;3;2019-08-26 18:00:00;3803;0;60;11;54;0;1;1;2;5;1;2;7;3;1;0;2;1;1;3;1;82;107;142;182;1.52;2.22;3.75;0;0;0;0;0;0;1;1;0;0;2;0;0;0;-1;-1;-1;-1;-1;-1;-1;-1;-1;24;41;60;77;100;11;60;89;60;10.38;3.03;4.99;3.11;FH;Breidablik;2.27;1.82;2.38;1.78;1.65;1.76;77;60;41;24;0;66;61;54;1.55;2.08;3.63;1832;22;Y;Y;Y;Y;Y;Y;Y
529904;3809;971;2019;complete;4218;18;-1;7,83;28,57;2;2;4;7;5;12;1;1;3;3;0;0;6;5;4;8;10;13;13;15;50;50;3;3;2;3;3.5;1.01;1.17;1.8;2.25;4.33;13;4.33;2.05;1.5;1.2;1.53;2.37;3.5;1.28;4.5;1.16;1.3;1.3;1.66;2.6;2.25;3.5;2.37;2.62;3.2;0;0;1.1;1.22;1.44;1.9;2.2;5.5;3.7;2.5;1.9;1.57;1.65;7;2.6;1.66;13;2.25;4.33;7;1.3;2.37;6;17;3.4;1.53;1.12;1.02;1.18;1.8;3.32;8;4.6;1.95;1.3;1.08;0;0;0;0;4;1;1;1;1;2;2;2019-08-26 19:15:00;-1;0;69;13;50;0;1;1;3;1;4;4;4;8;1;1;2;2;2;4;1;75;79;85;95;1.59;1.74;3.33;0;0;0;0;0;0;1;1;1;0;0;0;0;0;-1;-1;-1;-1;-1;-1;-1;-1;-1;32;50;57;82;100;26;69;88;63;9.88;3.76;3.38;3.51;Valur;Stjarnan;1.55;1.36;1.63;1.25;1.41;1.59;69;50;44;19;0;57;44;32;1.73;1.48;3.21;1832;22;Y;Y;Y;Y;N;N;Y
529905;3806;3811;2019;complete;4218;19;-1;;90,90;0;2;2;6;4;10;0;1;3;2;0;0;4;8;5;9;9;17;18;9;44;56;3;2;2.45;3.25;2.8;1.05;1.32;2;3.6;6.95;9;3.25;1.77;1.27;1.09;1.8;1.95;3.5;1.23;3.4;1.3;1.57;1.32;1.43;3.48;2.2;2.95;3;2.5;2.94;0;0;0;0;1.46;1.66;2.43;0;0;2.71;2.1;1.56;2.05;7.5;1.95;2.05;9.75;1.83;5;4;1.41;2.9;7.5;15;2.7;1.36;1.06;1.02;1.24;2.17;5.7;12.5;3.86;1.68;1.13;1.02;0;0;0;0;2;0;0;0;2;2;0;2019-08-31 16:00:00;3811;0;62;22;17;0;1;1;1;3;5;1;4;6;2;1;1;1;3;2;1;79;73;101;99;1.42;2.15;3.58;0;1;0;1;0;0;1;1;0;0;0;0;0;0;-1;-1;-1;-1;-1;-1;-1;-1;-1;11;28;45;78;89;33;67;84;39;9.12;3.45;4.44;2.5;Grindavík;KA;1.36;0.91;1.56;0.44;1;1.17;89;72;56;22;11;56;45;28;1.09;1.63;2.72;1832;22;Y;Y;N;N;N;N;N
529906;971;54;2019;complete;4218;19;-1;45;61,72,82;1;3;4;7;4;11;2;1;3;3;0;0;4;6;7;6;11;12;14;20;53;47;3;3;2.3;3.55;2.75;1.02;1.2;1.67;2.65;4.85;12;4.3;2.15;1.44;1.17;1.57;2.3;3.55;1.22;4;1.22;1.43;1.3;1.61;2.82;2.32;3.42;2.4;2.7;3;0;0;1.1;1.25;1.44;1.8;2.3;5.5;3.5;2.5;1.9;1.53;1.8;7;2.35;1.8;15;2;4.2;5.5;1.25;2.25;5.5;11;3.5;1.57;1.13;1.02;1.15;1.8;3.64;9;5.05;1.99;1.28;1.06;0;0;0;0;4;1;0;0;3;3;1;2019-08-31 19:15:00;54;0;62;17;33;0;1;1;2;1;5;3;3;8;1;2;2;1;3;3;1;103;111;133;156;1.72;1.99;3.71;0;0;0;0;0;0;1;1;0;0;0;1;0;0;-1;-1;-1;-1;-1;-1;-1;-1;-1;17;33;50;78;89;22;50;84;56;12.11;3.78;4.45;2.73;Stjarnan;FH;1.82;1.09;1.89;1;1.56;1.56;84;67;50;22;11;67;39;33;1.94;1.59;3.53;1832;22;Y;Y;Y;Y;N;N;Y
529907;3805;3809;2019;complete;4218;19;-1;11,58;2;2;1;3;4;3;7;2;2;0;2;0;0;2;2;0;0;2;2;17;9;46;54;0;2;5.35;4.2;1.54;1.01;1.16;1.5;2.25;3.75;15;4.5;2.5;1.57;1.25;1.67;2.13;6.9;1.05;2.37;1.53;2.62;1.22;1.08;5.5;2.5;1.9;5.35;3.06;1.76;0;0;0;1.48;1.83;2.55;0;0;2.63;1.83;1.51;0;5.19;9.33;1.28;3.4;15;1.33;11;2.75;1.26;2.16;4.5;11;3.62;1.65;1.18;1.03;1.16;1.75;3.14;7;4.8;2.01;1.33;1.08;0;0;0;0;3;1;1;1;0;1;2;2019-09-01 16:00:00;3805;0;73;22;50;0;1;1;3;1;1;2;4;3;0;1;0;1;1;1;-1;0;0;0;0;0;0;0;0;0;0;0;0;0;1;1;0;1;0;0;0;0;-1;-1;-1;-1;-1;-1;-1;-1;-1;22;33;67;84;100;28;73;95;62;7.68;3.56;5.33;3.11;ÍBV;Valur;0.91;1.09;0.67;1.22;0.33;1.39;78;67;33;17;0;55;37;29;1.42;1.31;2.73;1832;22;Y;Y;Y;N;N;N;Y
529908;973;3807;2019;complete;4218;19;-1;35,87;;2;0;2;9;4;13;2;2;1;1;0;0;6;2;12;7;18;9;7;16;64;36;1;1;1.61;4.05;4.95;1.01;1.2;1.66;2.62;4.5;13;4.33;2.15;1.44;1.16;1.67;2.1;2.4;1.48;5.5;1.12;1.12;1.22;2.25;2.1;2.37;4.75;1.91;2.62;4.5;0;0;0;1.35;1.68;1.9;2.7;0;3.17;2.2;1.8;1.46;1.4;7.9;4.25;1.44;13;3;2.9;9.5;1.32;2.38;5.2;11;3.2;1.54;1.14;1.03;1.21;1.91;3.7;8;4.1;1.83;1.25;1.06;0;0;0;0;2;1;0;1;0;1;1;2019-09-01 17:00:00;973;0;62;17;33;0;1;1;3;0;6;4;3;10;1;0;0;1;1;1;1;132;72;180;126;2.51;1.24;3.75;0;0;0;0;0;0;1;1;0;0;1;0;0;0;-1;-1;-1;-1;-1;-1;-1;-1;-1;22;39;50;73;95;28;73;84;45;12;3.78;5;2.89;KR;ÍA;2.64;1;2.56;1.11;2.22;1.39;78;62;50;28;6;84;78;56;2.04;1.6;3.64;1832;22;Y;Y;N;N;N;N;N
529909;3822;3810;2019;complete;4218;19;-1;48;23,53,59;1;3;4;5;9;14;2;0;1;3;0;0;3;4;3;7;6;11;17;15;46;54;1;3;2.35;3.35;2.8;1.01;1.2;1.7;2.62;4.5;13;4.33;2.1;1.44;1.16;1.67;2.1;4;1.22;3.75;1.25;1.57;1.33;1.4;3.2;2.25;2.87;2.8;2.38;2.9;0;0;0;1.5;1.83;2.61;0;0;2.57;1.83;1.49;0;2.2;7.71;2.08;2.1;13;1.8;4.4;4.8;1.4;2.62;6;13;2.75;1.44;1.11;1.02;1.21;1.93;3.7;9;4.1;1.81;1.25;1.05;0;0;0;0;4;0;1;1;2;3;1;2019-09-01 16:00:00;3810;0;65;29;36;0;1;1;2;6;3;3;8;6;1;1;0;2;2;2;1;36;40;55;60;0.85;1.26;2.11;0;0;0;0;0;0;1;1;0;0;1;2;0;0;-1;-1;-1;-1;-1;-1;-1;-1;-1;18;30;53;76;89;41;59;66;42;8.91;3.96;3.85;2.84;HK;Víkingur Reykjavík;1.45;1.09;1.67;0.75;1.39;1.22;82;71;47;25;12;65;41;35;1.66;1.41;3.07;1832;22;Y;Y;Y;Y;N;N;Y
529910;3803;3812;2019;complete;4218;19;-1;9,10,38,47;64,75,90;4;3;7;6;3;9;0;3;0;1;1;0;6;14;6;6;12;20;7;13;51;49;2;1;1.67;4;4.45;1.02;1.12;1.4;1.91;3.25;15;5.5;2.87;1.8;1.33;1.6;2.25;2.55;1.41;8.5;1.05;1.11;1.15;2.7;2;2.4;4.8;1.75;2.88;4.8;0;0;1.13;1.29;1.49;1.83;2.49;5;3.2;2.5;1.83;1.49;1.26;10.34;6.27;1.3;21;3.4;2.88;12;1.22;1.98;3.9;10;4;1.77;1.23;1.04;1.14;1.63;2.81;6;5.3;2.19;1.4;1.11;0;0;0;0;7;3;0;1;3;4;3;2019-09-01 19:15:00;3803;0;60;30;25;0;1;1;3;2;3;1;5;4;0;0;1;1;0;2;1;103;106;161;164;1.93;3.01;4.94;0;0;0;0;0;0;1;1;2;0;0;1;0;0;-1;-1;-1;-1;-1;-1;-1;-1;-1;18;37;60;77;94;42;71;83;48;13.25;2.89;4.36;2.97;Breidablik;Fylkir;1.64;0.73;1.75;0.89;1.83;1.39;82;64;41;24;7;82;75;63;2.34;1.81;4.15;1832;22;Y;Y;Y;Y;Y;Y;Y
529911;3811;3822;2019;complete;4218;20;-1;8;90;1;1;2;3;3;6;6;0;2;3;0;1;5;5;5;9;10;14;8;21;51;49;2;4;1.95;3.55;3.65;1.02;1.22;1.7;2.75;5;12;4;2.1;1.4;1.14;1.66;2.1;2.75;1.4;4.5;1.16;1.28;1.28;1.8;2.5;2.2;4;2.25;2.6;3.5;0;0;1.15;1.3;1.64;2;2.5;4.5;3.1;2.27;1.73;1.44;1.56;8.29;3.26;1.61;12;2.4;3.4;6.5;1.36;2.62;6.5;19;3;1.44;1.11;1.02;1.21;1.92;3.7;8;4.1;1.82;1.25;1.06;0;0;0;0;2;1;0;0;1;1;1;2019-09-15 16:45:00;-1;0;50;22;33;0;1;1;2;1;1;2;3;3;0;0;2;4;0;6;1;43;67;99;109;1.3;1.72;3.02;0;0;0;0;0;0;1;1;1;0;1;0;0;0;-1;-1;-1;-1;-1;-1;-1;-1;-1;22;22;39;67;95;28;67;84;39;10.78;4.11;4.33;2.62;KA;HK;1.91;1;1.89;1.11;1.26;1.32;78;78;62;33;6;73;56;56;1.68;1.65;3.33;1832;22;Y;Y;N;N;N;N;Y
529912;54;3805;2019;complete;4218;20;-1;25,30,34,45,52,61;28,80,82,86;6;4;10;11;8;19;0;1;3;3;0;0;10;7;7;6;17;13;11;10;60;40;3;3;1.25;5.8;9.5;1;1.09;1.33;1.87;2.9;18;6.85;3.2;1.91;1.38;1.62;2.2;2.3;1.5;10;1.03;1.03;1.11;3.75;1.61;2.87;7;1.54;3.6;6.45;0;0;1.17;1.33;1.66;1.83;2.7;4.33;2.9;2.1;1.83;1.4;1.16;10.75;5.85;1.22;26;4;2.55;26;1.19;1.87;3.54;9.5;4.4;1.87;1.27;1.04;1.14;1.54;2.57;5;5.25;2.38;1.47;1.14;0;0;0;0;10;4;1;2;3;5;5;2019-09-18 16:45:00;54;0;62;11;45;0;1;1;4;4;7;4;8;11;0;2;3;1;2;4;1;106;99;152;135;2.54;2.03;4.57;1;0;1;0;0;0;1;1;0;0;0;1;0;0;-1;-1;-1;-1;-1;-1;-1;-1;-1;22;39;73;89;100;22;73;95;73;8.89;3.89;3.89;3.33;FH;ÍBV;2.27;0;2.11;0;1.63;0.47;78;62;28;11;0;78;73;50;1.55;1.15;2.7;1832;22;Y;Y;Y;Y;Y;Y;Y
529913;3807;3806;2019;complete;4218;20;-1;24;86;1;1;2;9;12;21;3;2;1;1;0;0;2;5;2;11;4;16;14;10;43;57;1;1;1.61;3.7;5.4;1.02;1.22;1.7;2.62;4.5;12;4;2.1;1.44;1.16;1.72;2;2.5;1.5;5.5;1.12;1.12;1.25;2.2;2.1;2.3;4.75;1.9;2.75;4.5;0;0;1.15;1.41;1.58;1.85;2.72;4.5;2.82;2.39;1.95;1.45;1.36;8.44;4.46;1.44;12;3;2.5;8.5;1.33;2.5;6;17;3.25;1.5;1.12;1.02;1.22;1.98;3.9;10;4;1.77;1.23;1.04;0;0;0;0;2;1;0;0;1;1;1;2019-09-16 17:00:00;-1;0;50;22;22;0;1;1;7;2;2;10;9;12;0;1;1;0;1;1;1;54;79;77;105;0.79;1.93;2.72;0;0;0;0;0;0;1;1;0;0;1;0;0;0;-1;-1;-1;-1;-1;-1;-1;-1;-1;6;22;50;72;84;33;67;78;28;9.69;2.67;4.89;2.45;ÍA;Grindavík;1.45;0.45;1.67;0.44;1.32;0.95;95;78;50;28;17;67;61;55;1.57;1.52;3.09;1832;22;Y;Y;N;N;N;N;Y
529914;3812;3810;2019;complete;4218;20;-1;10,86,90;57;3;1;4;3;9;12;1;1;3;1;0;0;9;2;8;9;17;11;15;9;38;62;3;1;2.8;3.25;2.45;1.02;1.2;1.65;2.65;4.75;12.25;4.35;2.2;1.45;1.17;1.54;2.35;4.33;1.2;4;1.22;1.57;1.28;1.44;3;2.3;2.87;2.84;2.78;2.7;0;0;1.13;1.29;1.5;1.98;2.38;5;3.2;2.38;1.74;1.5;2.17;8.09;2.09;2.05;17;1.8;5.5;5;1.31;2.16;4.5;10.5;3.26;1.65;1.18;1.02;1.16;1.71;3.04;7;4.85;2.06;1.35;1.08;0;0;0;0;4;1;0;2;1;3;1;2019-09-18 19:15:00;3812;0;73;33;62;0;1;1;1;5;2;4;6;6;0;1;3;0;1;3;1;98;131;157;179;2.42;1.79;4.21;0;0;0;0;0;0;1;1;1;0;0;2;0;0;-1;-1;-1;-1;-1;-1;-1;-1;-1;33;56;73;78;95;50;78;84;62;9.78;4.66;4.56;3.61;Fylkir;Víkingur Reykjavík;1.82;1.09;1.89;1;1.32;1.32;67;45;28;22;6;78;67;56;1.84;1.39;3.23;1832;22;Y;Y;Y;Y;N;N;Y
529915;3803;971;2019;complete;4218;20;-1;72;38;1;1;2;7;6;13;2;6;1;3;0;0;10;7;9;1;19;8;5;6;58;42;1;3;1.83;3.8;3.75;1.01;1.16;1.53;2.35;4.05;14;5;2.45;1.57;1.22;1.5;2.45;3.4;1.24;6.5;1.1;1.2;1.25;2;2.25;2.5;4;2.1;2.62;3.7;0;0;1.1;1.22;1.44;1.84;2.2;5.5;3.7;2.5;1.97;1.57;1.6;9.01;3;1.53;19;2.5;3.6;8;1.21;2.1;4.6;10.25;3.65;1.61;1.13;1.04;1.14;1.67;2.94;6;5.15;2.13;1.37;1.11;0;0;0;0;2;0;1;1;0;1;1;2019-09-16 19:15:00;-1;0;73;33;50;0;1;1;4;2;3;4;6;7;1;1;0;2;2;2;1;172;94;196;136;3.14;1.68;4.83;0;0;0;0;0;0;1;1;0;0;1;0;0;0;-1;-1;-1;-1;-1;-1;-1;-1;-1;28;62;67;89;95;50;73;89;73;12.89;2.22;4;3.73;Breidablik;Stjarnan;1.64;1.36;1.89;1.22;1.89;1.47;73;39;33;11;6;78;62;44;2.3;1.51;3.81;1832;22;Y;Y;N;N;N;N;Y
529916;3809;973;2019;complete;4218;20;-1;;4;0;1;1;4;7;11;1;1;3;1;0;0;2;8;5;11;7;19;21;7;50;50;3;1;2.6;3.65;2.4;1.01;1.17;1.56;2.4;4.25;13.5;4.8;2.35;1.54;1.21;1.49;2.45;4.45;1.14;3.5;1.28;1.61;1.28;1.36;3.25;2.3;2.75;3;2.5;2.6;0;0;1.15;1.29;1.57;2;2.5;4.5;3.2;2.2;1.73;1.44;2.51;8.07;1.9;2.2;15;1.72;5.8;4.4;1.27;2.35;5.4;12;3.25;1.48;1.09;1.03;1.19;1.86;3.46;7;4.4;1.88;1.28;1.08;0;0;0;0;1;0;1;0;0;0;1;2019-09-16 19:15:00;973;0;73;11;50;0;1;1;3;2;1;5;5;6;1;0;2;1;1;3;1;40;42;76;77;0.88;2.06;2.93;0;0;0;0;0;0;1;1;0;1;1;0;0;0;-1;-1;-1;-1;-1;-1;-1;-1;-1;28;45;67;73;95;33;78;84;50;10.67;4.55;3.78;3.17;Valur;KR;1.55;2.09;1.56;1.89;1.32;2.26;73;56;33;28;6;62;56;39;1.71;1.53;3.24;1832;22;Y;N;N;N;N;N;N
529917;3822;3807;2019;complete;4218;21;-1;55;89;1;1;2;8;2;10;1;0;2;4;0;0;8;4;10;9;18;13;10;16;45;55;2;4;2.15;3.6;2.8;1.02;1.25;1.8;3;5;12;3.75;2;1.36;1.14;1.72;2;3;1.36;4;1.22;1.36;1.25;1.61;2.62;2.2;3.6;2.4;2.6;3.2;0;0;0;0;1.68;2.2;0;0;0;2.19;1.68;0;2;7.49;2.33;1.66;12;2.3;3.75;5.5;1.36;2.62;7;19;3;1.44;1.1;1.02;1.21;1.95;3.8;8;4.1;1.8;1.24;1.06;0;0;0;0;2;0;0;1;1;2;0;2019-09-22 14:00:00;-1;0;65;30;25;0;1;1;5;1;3;1;6;4;0;3;2;1;3;3;1;76;85;99;91;2.24;1.71;3.95;0;1;0;1;0;0;1;1;0;0;1;0;0;0;-1;-1;-1;-1;-1;-1;-1;-1;-1;10;30;50;80;90;45;70;70;35;11.1;3.5;4.9;2.6;HK;ÍA;1.45;1;1.5;1;1.3;1.3;90;70;50;20;10;80;70;65;1.58;1.56;3.14;1832;22;Y;Y;N;N;N;N;Y
529918;3810;3811;2019;complete;4218;21;-1;58,90;38,53,65;2;3;5;7;2;9;0;0;3;1;0;0;10;8;12;5;22;13;18;8;58;42;3;1;2.1;3.6;2.9;1.01;1.2;1.61;2.62;4.33;15;4.33;2.25;1.5;1.2;1.57;2.25;3.4;1.3;4.5;1.16;1.36;1.25;1.61;2.6;2.3;3.5;2.3;2.75;3.2;0;0;0;0;1.76;2.33;0;0;0;2.08;1.61;0;1.85;7.83;2.52;1.66;15;2.25;4;6.5;1.3;2.37;6;15;3.4;1.53;1.12;1.03;1.21;1.91;3.62;7.5;4.1;1.83;1.26;1.07;0;0;0;0;5;0;1;2;2;4;1;2019-09-22 14:00:00;3811;0;65;25;35;0;1;1;4;2;3;0;6;3;1;0;2;1;1;3;1;53;26;73;59;2.46;1.57;4.02;0;0;0;0;0;0;1;1;0;0;2;0;0;0;-1;-1;-1;-1;-1;-1;-1;-1;-1;20;45;55;80;95;35;75;80;50;9.4;3.4;4;3.05;Víkingur Reykjavík;KA;1.45;0.91;1.6;0.7;1.25;1.25;80;55;45;20;5;65;50;25;1.85;1.68;3.53;1832;22;Y;Y;Y;Y;Y;N;Y
529919;973;54;2019;complete;4218;21;-1;16,18,54;10,49;3;2;5;9;2;11;0;5;3;4;0;0;7;5;3;5;10;10;14;15;59;41;3;4;2;3.5;3.25;1.01;1.14;1.44;2.1;3.75;15;5;2.7;1.66;1.25;1.44;2.62;3.75;1.25;5.5;1.12;1.33;1.28;1.72;2.4;2.4;3.5;2.2;2.87;3.25;0;0;0;0;1.5;1.93;2.53;0;0;2.58;1.91;1.52;1.69;8.14;2.82;1.61;19;2.25;4.33;8;1.25;2.2;5;13;3.75;1.61;1.16;1.04;1.14;1.67;3.25;7;5.5;2.1;1.33;1.1;0;0;0;0;5;2;1;1;1;2;3;2019-09-22 14:00:00;973;0;55;5;40;0;1;1;3;2;6;0;5;6;2;1;1;3;3;4;1;129;87;175;157;2.07;1.63;3.69;1;0;1;0;0;0;1;1;0;1;1;1;0;0;-1;-1;-1;-1;-1;-1;-1;-1;-1;25;40;50;80;95;15;70;85;50;12.3;4.7;4.8;3;KR;FH;2.64;1.09;2.6;1.2;2.3;1.7;75;60;50;20;5;80;55;40;2.09;1.63;3.72;1832;22;Y;Y;Y;Y;Y;N;Y
529920;3806;3809;2019;complete;4218;21;-1;41,69;16,81;2;2;4;11;5;16;2;2;3;2;0;0;7;6;11;5;18;11;17;6;50;50;3;2;3.25;3.6;2;1.01;1.22;1.75;2.62;5;13;4;2.05;1.4;1.14;1.66;2.1;4.33;1.2;3.25;1.33;1.72;1.28;1.33;3.6;2.25;2.6;3.25;2.6;2.37;0;0;0;0;1.53;1.97;2.62;0;0;2.49;1.85;1.49;2.54;8.24;1.82;2.3;13;1.66;6;3.75;1.33;2.62;6.5;19;3.25;1.44;1.11;1.02;1.21;1.92;3.7;8;4.1;1.82;1.25;1.06;0;0;0;0;4;1;1;1;1;2;2;2019-09-22 14:00:00;-1;0;65;20;25;0;1;1;4;1;7;4;5;11;1;1;2;1;2;3;1;89;61;97;97;2.26;1.56;3.82;0;0;0;0;0;0;1;1;0;0;1;0;0;0;-1;-1;-1;-1;-1;-1;-1;-1;-1;15;20;50;75;90;25;65;80;45;9.6;4;4.5;2.55;Grindavík;Valur;1.36;1.09;1.4;1.1;0.95;1.25;85;80;50;25;10;65;50;45;1.12;1.31;2.43;1832;22;Y;Y;Y;Y;N;N;Y
529921;3812;971;2019;complete;4218;21;-1;50;51,54,56,69;1;4;5;4;7;11;2;4;0;1;0;0;5;8;6;6;11;14;15;5;43;57;0;1;2.6;3.4;2.4;1.02;1.12;1.44;2;3.5;12;5.5;2.7;1.72;1.28;1.4;2.75;4.5;1.16;4.5;1.16;1.5;1.28;1.44;2.87;2.4;2.75;2.62;2.87;2.6;0;0;0;0;1.47;1.85;2.44;0;0;2.67;1.97;1.55;2.27;8.18;2;2;19;1.8;6.5;6;1.25;2.1;4.5;13;3.75;1.66;1.18;1.04;1.15;1.69;2.99;6;5.05;2.09;1.36;1.11;0;0;0;0;5;0;0;1;4;5;0;2019-09-22 14:00:00;971;0;80;35;60;0;1;1;4;4;0;3;8;3;0;0;0;1;0;1;1;74;84;96;117;1.58;2.05;3.63;0;1;0;1;0;0;1;1;0;0;0;1;0;0;-1;-1;-1;-1;-1;-1;-1;-1;-1;30;60;70;95;100;55;90;90;70;10.3;4.8;4.7;3.8;Fylkir;Stjarnan;1.82;1.36;2;1.2;1.4;1.45;70;40;30;5;0;80;75;65;1.89;1.52;3.41;1832;22;Y;Y;Y;Y;Y;N;Y
529922;3805;3803;2019;complete;4218;21;-1;32;23;1;1;2;4;4;8;1;0;3;0;0;0;4;8;5;9;9;17;15;10;50;50;3;0;6;4.2;1.44;1.01;1.14;1.4;1.83;2.75;15;5;2.87;1.66;1.25;1.57;2.25;7;1.08;2.62;1.44;2.5;1.2;1.1;4.75;2.5;1.95;4.75;3;1.8;0;0;0;0;1.85;0;0;0;0;1.95;0;0;0;0;0;3;19;1.36;13;3;1.25;2.1;4.5;13;3.75;1.66;1.18;1.04;1.14;1.56;2.6;5.5;5.3;2.33;1.46;1.13;0;0;0;0;2;1;1;0;0;0;2;2019-09-22 14:00:00;-1;0;65;30;40;0;1;1;4;0;0;4;4;4;2;0;1;0;2;1;1;75;74;103;128;1.39;2.17;3.56;0;0;0;0;0;0;1;1;0;0;2;0;0;0;-1;-1;-1;-1;-1;-1;-1;-1;-1;20;35;60;85;100;35;65;90;55;7.95;2.7;5.7;3.15;ÍBV;Breidablik;0.91;1.82;0.9;1.9;0.45;1.85;80;65;40;15;0;44;33;22;1.42;2.09;3.51;1832;22;Y;Y;N;N;N;N;Y
529923;3803;973;2019;complete;4218;22;-1;89;24,25;1;2;3;10;1;11;3;8;2;2;0;0;0;2;0;3;0;5;12;13;58;42;2;2;2.45;3.6;2.55;1.01;1.16;1.56;2.4;4.15;13.75;4.85;2.4;1.56;1.21;1.49;2.5;4.1;1.17;4;1.22;1.5;1.33;1.44;3;2.3;2.87;2.5;2.7;2.7;0;0;0;0;1.56;1.9;2.69;0;0;2.35;1.8;1.41;2.09;8.1;2.24;2;15;1.8;4.95;4.9;1.27;2.19;4.6;11.5;3.54;1.63;1.17;1.03;1.17;1.78;3.26;7;4.7;1.97;1.31;1.08;0;0;0;0;3;0;2;1;0;1;2;2019-09-28 14:00:00;973;0;70;20;40;0;1;1;3;1;7;0;4;7;0;0;2;2;0;4;1;14;12;17;9;0.1;0.54;0.64;1;0;1;0;0;0;1;1;0;0;1;0;0;0;-1;-1;-1;-1;-1;-1;-1;-1;-1;25;45;65;75;90;45;80;80;50;13.5;3.2;3.9;3.15;Breidablik;KR;1.64;2.09;1.8;2;1.81;2.33;75;55;35;25;10;80;70;50;2.38;1.58;3.96;1832;22;Y;Y;Y;N;N;N;Y
529924;54;3806;2019;complete;4218;22;-1;16,49,60;;3;0;3;6;1;7;4;0;0;2;0;1;3;2;3;1;6;3;9;11;58;42;0;4;1.28;5.55;8.75;1.01;1.12;1.42;2.05;3.4;16;5.9;2.8;1.74;1.3;1.69;2.05;2.05;1.65;9;1.04;1.04;1.12;3.75;1.61;2.75;7.5;1.43;3.35;6.65;0;0;0;0;0;1.64;2;0;0;0;2.27;1.72;1.16;10.9;8.16;1.2;21;4.33;2.26;26;1.22;2;3.98;9.5;4;1.76;1.22;1.01;1.14;1.64;2.85;5.5;5.25;2.18;1.39;1.11;0;0;0;0;3;1;0;2;0;2;1;2019-09-28 14:00:00;54;0;60;15;40;0;1;1;3;1;3;0;4;3;0;0;0;3;0;3;1;11;17;13;13;0.66;0.45;1.11;1;0;1;0;0;0;1;1;0;0;0;0;0;0;-1;-1;-1;-1;-1;-1;-1;-1;-1;25;35;55;65;85;20;60;85;45;12.48;2.2;4.2;3.05;FH;Grindavík;2.27;0.45;2.2;0.5;1.62;0.95;75;65;45;35;15;95;95;80;1.65;1.56;3.21;1832;22;Y;Y;Y;N;N;N;N
529925;3809;3822;2019;complete;4218;22;-1;17,45;;2;0;2;5;7;12;3;1;4;3;0;0;7;9;6;6;13;15;13;12;52;48;4;3;1.77;3.8;4.15;1.01;1.14;1.49;2.25;3.8;14.5;5.3;2.55;1.62;1.25;1.49;2.5;3.1;1.29;6;1.11;1.14;1.28;2;2.2;2.4;4.33;1.95;2.8;3.7;0;0;0;0;1.72;2.27;0;0;0;2;1.64;0;1.61;7.57;3.14;1.5;17;2.62;3.6;7.25;1.26;2.14;4.5;10.5;3.62;1.66;1.18;1.02;1.16;1.75;3.14;6;4.8;2.01;1.33;1.09;0;0;0;0;2;2;0;0;0;0;2;2019-09-28 14:00:00;3809;0;60;15;40;0;1;1;1;4;4;3;5;7;1;0;3;3;1;6;1;74;77;127;104;1.85;2.13;3.98;0;0;0;0;0;0;1;1;0;0;1;1;0;0;-1;-1;-1;-1;-1;-1;-1;-1;-1;25;35;50;70;100;25;75;85;40;9.3;3.9;4.5;2.9;Valur;HK;1.55;1;1.4;1.1;1.24;1.29;75;65;50;30;0;60;50;45;1.63;1.65;3.28;1832;22;Y;Y;N;N;N;N;N
529926;971;3805;2019;complete;4218;22;-1;39,74,84;64,87;3;2;5;7;4;11;3;1;2;1;0;0;10;5;7;5;17;10;11;11;60;40;2;1;1.17;7;12;1;1.06;1.25;1.67;2.45;20.75;8.25;3.8;2.15;1.51;1.65;2.15;2.3;1.51;11;1.02;1.01;1.06;4.5;1.44;3.25;8;1.36;3.85;6.7;0;0;0;0;1.72;2.35;0;0;0;2;1.6;0;1.12;11.91;10.29;1.2;34;4.33;2.41;36;1.15;1.71;3.04;6.3;5.05;2.06;1.35;1.06;1.07;1.43;2.23;4.1;7;2.7;1.61;1.2;0;0;0;0;5;1;0;2;2;4;1;2019-09-28 14:00:00;971;0;65;20;30;0;1;1;1;1;6;3;2;9;0;0;2;1;0;3;1;121;95;164;144;2.65;1.68;4.33;0;1;0;1;0;0;1;1;0;0;0;0;0;0;-1;-1;-1;-1;-1;-1;-1;-1;-1;15;40;70;90;95;30;65;90;75;9.7;3.7;3.6;3.45;Stjarnan;ÍBV;1.82;0;1.7;0;1.52;0.48;85;60;30;10;5;65;55;40;1.91;1.24;3.15;1832;22;Y;Y;Y;Y;Y;N;Y
529927;3811;3812;2019;complete;4218;22;-1;16,28,64,90;1,81;4;2;6;6;4;10;2;0;1;2;0;0;7;3;10;6;17;9;12;17;47;53;1;2;1.91;3.9;3.35;1;1.08;1.32;1.83;2.85;18.5;7;3.25;1.95;1.4;1.33;3.1;4;1.22;6.5;1.1;1.25;1.25;1.8;2.3;2.5;3.5;2.2;2.95;2.95;0;0;0;0;1.51;1.83;2.56;0;0;2.44;1.83;1.46;1.71;8.39;2.92;1.57;21;2.3;4.8;7;1.2;1.89;3.62;11;4.3;1.85;1.26;1.05;1.1;1.56;2.63;5;6;2.33;1.45;1.14;0;0;0;0;6;2;1;2;1;3;3;2019-09-28 14:00:00;3811;0;55;20;25;0;1;1;2;1;4;3;3;7;0;1;1;1;1;2;1;66;58;75;107;2.03;1.21;3.23;1;0;1;0;0;0;1;1;0;1;1;0;0;0;-1;-1;-1;-1;-1;-1;-1;-1;-1;20;20;40;70;95;30;70;80;40;10.92;4.5;4;2.75;KA;Fylkir;1.91;0.73;1.8;0.8;1.33;1.33;80;80;60;30;5;74;59;59;1.64;1.95;3.59;1832;22;Y;Y;Y;Y;Y;Y;Y
529928;3807;3810;2019;complete;4218;22;-1;13;16,23,56,75,89;1;5;6;5;7;12;3;1;1;2;0;0;2;4;0;0;2;4;12;9;43;57;1;2;2.25;3.5;2.85;1.01;1.16;1.53;2.35;4.05;14;5;2.45;1.57;1.22;1.47;2.55;3.75;1.2;4.5;1.16;1.4;1.28;1.57;2.75;2.37;3.2;2.55;2.65;2.65;0;0;0;1.42;1.72;2.4;0;0;2.66;2;1.53;0;2.16;7.32;2.24;1.72;17;2.1;4.5;5.6;1.28;2.19;4.65;11;3.46;1.63;1.17;1.02;1.17;1.78;3.26;6.25;4.65;1.97;1.31;1.09;0;0;0;0;6;1;2;0;3;3;3;2019-09-28 14:00:00;3810;0;65;25;40;0;1;1;1;2;4;5;3;9;1;1;0;1;2;1;1;9;6;4;8;0.33;0.57;0.9;0;0;0;0;0;0;1;1;0;0;0;1;0;0;-1;-1;-1;-1;-1;-1;-1;-1;-1;10;35;55;85;95;30;75;85;45;9.2;3.6;4.3;2.95;ÍA;Víkingur Reykjavík;1.45;1.09;1.6;0.9;1.29;1.19;90;65;45;15;5;55;40;35;1.49;1.43;2.92;1832;22;Y;Y;Y;Y;Y;Y;Y
