ID;HOMEID;AWAYID;SEASON;STATUS;ROUNDID;GAME_WEEK;REVISED_GAME_WEEK;HOMEGOALS;AWAYGOALS;HOMEGOALCOUNT;AWAYGOALCOUNT;TOTALGOALCOUNT;TEAM_A_CORNERS;TEAM_B_CORNERS;TOTALCORNERCOUNT;TEAM_A_OFFSIDES;TEAM_B_OFFSIDES;TEAM_A_YELLOW_CARDS;TEAM_B_YELLOW_CARDS;TEAM_A_RED_CARDS;TEAM_B_RED_CARDS;TEAM_A_SHOTSONTARGET;TEAM_B_SHOTSONTARGET;TEAM_A_SHOTSOFFTARGET;TEAM_B_SHOTSOFFTARGET;TEAM_A_SHOTS;TEAM_B_SHOTS;TEAM_A_FOULS;TEAM_B_FOULS;TEAM_A_POSSESSION;TEAM_B_POSSESSION;TEAM_A_CARDS_NUM;TEAM_B_CARDS_NUM;ODDS_FT_1;ODDS_FT_X;ODDS_FT_2;ODDS_FT_OVER05;ODDS_FT_OVER15;ODDS_FT_OVER25;ODDS_FT_OVER35;ODDS_FT_OVER45;ODDS_FT_UNDER05;ODDS_FT_UNDER15;ODDS_FT_UNDER25;ODDS_FT_UNDER35;ODDS_FT_UNDER45;ODDS_BTTS_YES;ODDS_BTTS_NO;ODDS_TEAM_A_CS_YES;ODDS_TEAM_A_CS_NO;ODDS_TEAM_B_CS_YES;ODDS_TEAM_B_CS_NO;ODDS_DOUBLECHANCE_1X;ODDS_DOUBLECHANCE_12;ODDS_DOUBLECHANCE_X2;ODDS_1ST_HALF_RESULT_1;ODDS_1ST_HALF_RESULT_X;ODDS_1ST_HALF_RESULT_2;ODDS_2ND_HALF_RESULT_1;ODDS_2ND_HALF_RESULT_X;ODDS_2ND_HALF_RESULT_2;ODDS_DNB_1;ODDS_DNB_2;ODDS_CORNERS_OVER_75;ODDS_CORNERS_OVER_85;ODDS_CORNERS_OVER_95;ODDS_CORNERS_OVER_105;ODDS_CORNERS_OVER_115;ODDS_CORNERS_UNDER_75;ODDS_CORNERS_UNDER_85;ODDS_CORNERS_UNDER_95;ODDS_CORNERS_UNDER_105;ODDS_CORNERS_UNDER_115;ODDS_CORNERS_1;ODDS_CORNERS_X;ODDS_CORNERS_2;ODDS_TEAM_TO_SCORE_FIRST_1;ODDS_TEAM_TO_SCORE_FIRST_X;ODDS_TEAM_TO_SCORE_FIRST_2;ODDS_WIN_TO_NIL_1;ODDS_WIN_TO_NIL_2;ODDS_1ST_HALF_OVER05;ODDS_1ST_HALF_OVER15;ODDS_1ST_HALF_OVER25;ODDS_1ST_HALF_OVER35;ODDS_1ST_HALF_UNDER05;ODDS_1ST_HALF_UNDER15;ODDS_1ST_HALF_UNDER25;ODDS_1ST_HALF_UNDER35;ODDS_2ND_HALF_OVER05;ODDS_2ND_HALF_OVER15;ODDS_2ND_HALF_OVER25;ODDS_2ND_HALF_OVER35;ODDS_2ND_HALF_UNDER05;ODDS_2ND_HALF_UNDER15;ODDS_2ND_HALF_UNDER25;ODDS_2ND_HALF_UNDER35;ODDS_BTTS_1ST_HALF_YES;ODDS_BTTS_1ST_HALF_NO;ODDS_BTTS_2ND_HALF_YES;ODDS_BTTS_2ND_HALF_NO;OVERALLGOALCOUNT;HT_GOALS_TEAM_A;HT_GOALS_TEAM_B;GOALS_2HG_TEAM_A;GOALS_2HG_TEAM_B;GOALCOUNT_2HG;HTGOALCOUNT;DATE_UNIX;WINNINGTEAM;NO_HOME_AWAY;BTTS_POTENTIAL;BTTS_FHG_POTENTIAL;BTTS_2HG_POTENTIAL;GOALTIMINGDISABLED;CORNER_TIMINGS_RECORDED;CARD_TIMINGS_RECORDED;TEAM_A_FH_CORNERS;TEAM_B_FH_CORNERS;TEAM_A_2H_CORNERS;TEAM_B_2H_CORNERS;CORNER_FH_COUNT;CORNER_2H_COUNT;TEAM_A_FH_CARDS;TEAM_B_FH_CARDS;TEAM_A_2H_CARDS;TEAM_B_2H_CARDS;TOTAL_FH_CARDS;TOTAL_2H_CARDS;ATTACKS_RECORDED;TEAM_A_DANGEROUS_ATTACKS;TEAM_B_DANGEROUS_ATTACKS;TEAM_A_ATTACKS;TEAM_B_ATTACKS;TEAM_A_XG;TEAM_B_XG;TOTAL_XG;TEAM_A_PENALTIES_WON;TEAM_B_PENALTIES_WON;TEAM_A_PENALTY_GOALS;TEAM_B_PENALTY_GOALS;TEAM_A_PENALTY_MISSED;TEAM_B_PENALTY_MISSED;PENS_RECORDED;GOAL_TIMINGS_RECORDED;TEAM_A_0_10_MIN_GOALS;TEAM_B_0_10_MIN_GOALS;TEAM_A_CORNERS_0_10_MIN;TEAM_B_CORNERS_0_10_MIN;TEAM_A_CARDS_0_10_MIN;TEAM_B_CARDS_0_10_MIN;THROWINS_RECORDED;TEAM_A_THROWINS;TEAM_B_THROWINS;FREEKICKS_RECORDED;TEAM_A_FREEKICKS;TEAM_B_FREEKICKS;GOALKICKS_RECORDED;TEAM_A_GOALKICKS;TEAM_B_GOALKICKS;O45_POTENTIAL;O35_POTENTIAL;O25_POTENTIAL;O15_POTENTIAL;O05_POTENTIAL;O15HT_POTENTIAL;O05HT_POTENTIAL;O05_2H_POTENTIAL;O15_2H_POTENTIAL;CORNERS_POTENTIAL;OFFSIDES_POTENTIAL;CARDS_POTENTIAL;AVG_POTENTIAL;HOME_NAME;AWAY_NAME;HOME_PPG;AWAY_PPG;PRE_MATCH_HOME_PPG;PRE_MATCH_AWAY_PPG;PRE_MATCH_TEAMA_OVERALL_PPG;PRE_MATCH_TEAMB_OVERALL_PPG;U45_POTENTIAL;U35_POTENTIAL;U25_POTENTIAL;U15_POTENTIAL;U05_POTENTIAL;CORNERS_O85_POTENTIAL;CORNERS_O95_POTENTIAL;CORNERS_O105_POTENTIAL;TEAM_A_XG_PREMATCH;TEAM_B_XG_PREMATCH;TOTAL_XG_PREMATCH;COMPETITION_ID;MATCHES_COMPLETED_MINIMUM;OVER05;OVER15;OVER25;OVER35;OVER45;OVER55;BTTS
213401;3813;54;2016;complete;1290;1;-1;;36,85,87;0;3;3;4;5;9;1;2;2;1;0;0;4;5;5;2;9;7;8;15;42;58;2;1;9.99;6.9;1.25;0;0;0;0;0;0;0;0;0;0;0;0;0;0;0;0;0;0;0;0;0;0;0;0;0;0;0;0;0;0;0;0;0;0;0;0;0;0;0;0;0;0;0;0;0;0;0;0;0;0;0;0;0;0;0;0;0;0;0;0;0;0;0;0;0;3;0;1;0;2;2;1;2016-05-01 16:00:00;54;0;0;0;0;0;-1;1;-1;-1;-1;-1;-1;-1;1;0;1;1;1;2;-1;0;0;0;0;0;0;0;0;0;0;0;0;0;1;1;0;0;-1;-1;0;0;-1;-1;-1;-1;-1;-1;-1;-1;-1;0;0;0;0;0;0;0;0;0;0;0;0;0;Thróttur Reykjavík;FH;0.82;2.09;0;0;0;0;0;0;0;0;0;0;0;0;0;0;0;738;22;Y;Y;Y;N;N;N;N
213402;3805;3807;2016;complete;1290;1;-1;9,15,36,81;;4;0;4;3;2;5;3;0;4;4;0;0;7;8;4;8;11;16;13;7;51;49;4;4;2.34;3.53;3.18;0;0;0;0;0;0;0;0;0;0;0;0;0;0;0;0;0;0;0;0;0;0;0;0;0;0;0;0;0;0;0;0;0;0;0;0;0;0;0;0;0;0;0;0;0;0;0;0;0;0;0;0;0;0;0;0;0;0;0;0;0;0;0;0;0;4;3;0;1;0;1;3;2016-05-01 17:00:00;3805;0;0;0;0;0;-1;1;-1;-1;-1;-1;-1;-1;2;2;2;2;4;4;-1;0;0;0;0;0;0;0;0;0;0;0;0;0;1;1;1;0;-1;-1;0;0;-1;-1;-1;-1;-1;-1;-1;-1;-1;0;0;0;0;0;0;0;0;0;0;0;0;0;ÍBV;ÍA;1.09;0.82;0;0;0;0;0;0;0;0;0;0;0;0;0;0;0;738;22;Y;Y;Y;Y;N;N;N
213403;3803;3804;2016;complete;1290;1;-1;47;33,82;1;2;3;7;5;12;5;1;1;3;0;1;5;2;3;2;8;4;12;14;56;44;1;4;1.46;4.69;7.8;0;0;0;0;0;0;0;0;0;0;0;0;0;0;0;0;0;0;0;0;0;0;0;0;0;0;0;0;0;0;0;0;0;0;0;0;0;0;0;0;0;0;0;0;0;0;0;0;0;0;0;0;0;0;0;0;0;0;0;0;0;0;0;0;0;3;0;1;1;1;2;1;2016-05-01 19:15:00;3804;0;0;0;0;0;-1;1;-1;-1;-1;-1;-1;-1;0;2;1;2;2;3;-1;0;0;0;0;0;0;0;0;0;0;0;0;0;1;1;0;0;-1;-1;0;0;-1;-1;-1;-1;-1;-1;-1;-1;-1;0;0;0;0;0;0;0;0;0;0;0;0;0;Breidablik;Víkingur Ólafsvík;1.36;0.64;0;0;0;0;0;0;0;0;0;0;0;0;0;0;0;738;22;Y;Y;Y;N;N;N;Y
213404;3809;3808;2016;complete;1290;1;-1;80;38,69;1;2;3;7;4;11;1;1;4;2;0;0;3;3;7;6;10;9;11;11;58;42;4;2;1.68;4.15;5.24;0;0;0;0;0;0;0;0;0;0;0;0;0;0;0;0;0;0;0;0;0;0;0;0;0;0;0;0;0;0;0;0;0;0;0;0;0;0;0;0;0;0;0;0;0;0;0;0;0;0;0;0;0;0;0;0;0;0;0;0;0;0;0;0;0;3;0;1;1;1;2;1;2016-05-01 20:00:00;3808;0;0;0;0;0;-1;1;-1;-1;-1;-1;-1;-1;1;0;3;2;1;5;-1;0;0;0;0;0;0;0;0;1;0;1;0;0;1;1;0;0;-1;-1;0;0;-1;-1;-1;-1;-1;-1;-1;-1;-1;0;0;0;0;0;0;0;0;0;0;0;0;0;Valur;Fjölnir;2.18;1.55;0;0;0;0;0;0;0;0;0;0;0;0;0;0;0;738;22;Y;Y;Y;N;N;N;Y
213405;971;3812;2016;complete;1290;1;-1;78,86;;2;0;2;9;3;12;0;1;1;1;0;1;2;4;9;5;11;9;7;11;54;46;1;2;2.02;3.7;3.85;0;0;0;0;0;0;0;0;0;0;0;0;0;0;0;0;0;0;0;0;0;0;0;0;0;0;0;0;0;0;0;0;0;0;0;0;0;0;0;0;0;0;0;0;0;0;0;0;0;0;0;0;0;0;0;0;0;0;0;0;0;0;0;0;0;2;0;0;2;0;2;0;2016-05-02 19:15:00;971;0;0;0;0;0;-1;1;-1;-1;-1;-1;-1;-1;0;0;1;2;0;3;-1;0;0;0;0;0;0;0;0;0;0;0;0;0;1;1;0;0;-1;-1;0;0;-1;-1;-1;-1;-1;-1;-1;-1;-1;0;0;0;0;0;0;0;0;0;0;0;0;0;Stjarnan;Fylkir;2;0.91;0;0;0;0;0;0;0;0;0;0;0;0;0;0;0;738;22;Y;Y;N;N;N;N;N
213406;973;3810;2016;complete;1290;1;-1;;;0;0;0;3;4;7;2;6;1;1;0;0;9;9;2;2;11;11;12;6;55;45;1;1;1.45;4.71;8.05;0;0;0;0;0;0;0;0;0;0;0;0;0;0;0;0;0;0;0;0;0;0;0;0;0;0;0;0;0;0;0;0;0;0;0;0;0;0;0;0;0;0;0;0;0;0;0;0;0;0;0;0;0;0;0;0;0;0;0;0;0;0;0;0;0;0;0;0;0;0;0;0;2016-05-02 19:15:00;-1;0;0;0;0;0;-1;1;-1;-1;-1;-1;-1;-1;1;1;0;0;2;0;-1;0;0;0;0;0;0;0;0;0;0;0;0;0;1;1;0;0;-1;-1;1;0;-1;-1;-1;-1;-1;-1;-1;-1;-1;0;0;0;0;0;0;0;0;0;0;0;0;0;KR;Víkingur Reykjavík;2;0.82;0;0;0;0;0;0;0;0;0;0;0;0;0;0;0;738;22;N;N;N;N;N;N;N
213407;3808;3805;2016;complete;1290;2;-1;72,83;;2;0;2;2;4;6;0;0;0;3;0;0;6;3;9;5;15;8;7;12;48;52;0;3;2.38;3.61;3.05;0;0;0;0;0;0;0;0;0;0;0;0;0;0;0;0;0;0;0;0;0;0;0;0;0;0;0;0;0;0;0;0;0;0;0;0;0;0;0;0;0;0;0;0;0;0;0;0;0;0;0;0;0;0;0;0;0;0;0;0;0;0;0;0;0;2;0;0;2;0;2;0;2016-05-07 16:00:00;3808;0;0;0;0;0;-1;1;-1;-1;-1;-1;-1;-1;0;0;0;3;0;3;-1;0;0;0;0;0;0;0;0;0;0;0;0;0;1;1;0;0;-1;-1;0;0;-1;-1;-1;-1;-1;-1;-1;-1;-1;0;0;0;0;0;0;0;0;0;0;0;0;0;Fjölnir;ÍBV;1.82;1;0;0;3;3;0;0;0;0;0;0;0;0;0;0;0;738;22;Y;Y;N;N;N;N;N
213408;3804;3809;2016;complete;1290;2;-1;24,75;42;2;1;3;0;5;5;1;2;2;2;0;0;4;8;4;6;8;14;9;15;43;57;2;2;3.62;3.64;2.11;0;0;0;0;0;0;0;0;0;0;0;0;0;0;0;0;0;0;0;0;0;0;0;0;0;0;0;0;0;0;0;0;0;0;0;0;0;0;0;0;0;0;0;0;0;0;0;0;0;0;0;0;0;0;0;0;0;0;0;0;0;0;0;0;0;3;1;1;1;0;1;2;2016-05-08 16:00:00;3804;0;0;0;0;0;-1;1;-1;-1;-1;-1;-1;-1;0;0;2;2;0;4;-1;0;0;0;0;0;0;0;0;0;0;0;0;0;1;1;0;0;-1;-1;0;0;-1;-1;-1;-1;-1;-1;-1;-1;-1;0;0;0;0;0;0;0;0;0;0;0;0;0;Víkingur Ólafsvík;Valur;1.27;1;0;0;3;0;0;0;0;0;0;0;0;0;0;0;0;738;22;Y;Y;Y;N;N;N;Y
213409;54;3807;2016;complete;1290;2;-1;41,87;82;2;1;3;11;2;13;2;2;3;2;1;0;9;3;4;2;13;5;10;7;61;39;5;2;1.25;6.8;9.99;0;0;0;0;0;0;0;0;0;0;0;0;0;0;0;0;0;0;0;0;0;0;0;0;0;0;0;0;0;0;0;0;0;0;0;0;0;0;0;0;0;0;0;0;0;0;0;0;0;0;0;0;0;0;0;0;0;0;0;0;0;0;0;0;0;3;1;0;1;1;2;1;2016-05-08 19:15:00;54;0;0;0;0;0;-1;1;-1;-1;-1;-1;-1;-1;1;0;3;2;1;5;-1;0;0;0;0;0;0;0;0;0;0;0;0;0;1;1;0;0;-1;-1;0;0;-1;-1;-1;-1;-1;-1;-1;-1;-1;0;50;50;50;50;50;50;50;0;2;0;4;2;FH;ÍA;1.82;0.82;0;0;3;0;50;0;0;0;0;0;0;0;0;0;0;738;22;Y;Y;Y;N;N;N;Y
213410;3812;3803;2016;complete;1290;2;-1;29;12,81;1;2;3;6;4;10;2;1;1;1;0;0;4;2;3;7;7;9;9;12;46;54;1;1;2.97;3.49;2.49;0;0;0;0;0;0;0;0;0;0;0;0;0;0;0;0;0;0;0;0;0;0;0;0;0;0;0;0;0;0;0;0;0;0;0;0;0;0;0;0;0;0;0;0;0;0;0;0;0;0;0;0;0;0;0;0;0;0;0;0;0;0;0;0;0;3;1;1;0;1;1;2;2016-05-08 19:15:00;3803;0;0;0;0;0;-1;1;-1;-1;-1;-1;-1;-1;1;0;0;1;1;1;-1;0;0;0;0;0;0;0;0;0;0;0;0;0;1;1;0;0;-1;-1;0;0;-1;-1;-1;-1;-1;-1;-1;-1;-1;0;0;0;0;0;0;0;0;0;0;0;0;0;Fylkir;Breidablik;0.82;1.82;0;0;0;0;0;0;0;0;0;0;0;0;0;0;0;738;22;Y;Y;Y;N;N;N;Y
213411;3813;973;2016;complete;1290;2;-1;17,71;45,80;2;2;4;2;7;9;3;3;1;1;0;0;4;10;1;10;5;20;11;10;35;65;1;1;8.86;5.3;1.38;0;0;0;0;0;0;0;0;0;0;0;0;0;0;0;0;0;0;0;0;0;0;0;0;0;0;0;0;0;0;0;0;0;0;0;0;0;0;0;0;0;0;0;0;0;0;0;0;0;0;0;0;0;0;0;0;0;0;0;0;0;0;0;0;0;4;1;1;1;1;2;2;2016-05-08 19:15:00;-1;0;0;0;0;0;-1;1;-1;-1;-1;-1;-1;-1;0;0;1;1;0;2;-1;0;0;0;0;0;0;0;0;1;0;1;0;0;1;1;0;0;-1;-1;0;0;-1;-1;-1;-1;-1;-1;-1;-1;-1;0;0;50;50;50;0;50;50;50;4;1;2;1.5;Thróttur Reykjavík;KR;0.82;1.45;0;0;0;1;50;50;0;0;0;50;0;0;0;0;0;738;22;Y;Y;Y;Y;N;N;Y
213412;3810;971;2016;complete;1290;2;-1;10;58,68;1;2;3;8;2;10;3;2;1;2;0;0;6;3;4;2;10;5;8;8;56;44;1;2;2.93;3.51;2.51;0;0;0;0;0;0;0;0;0;0;0;0;0;0;0;0;0;0;0;0;0;0;0;0;0;0;0;0;0;0;0;0;0;0;0;0;0;0;0;0;0;0;0;0;0;0;0;0;0;0;0;0;0;0;0;0;0;0;0;0;0;0;0;0;0;3;1;0;0;2;2;1;2016-05-08 19:15:00;971;0;0;0;0;0;-1;1;-1;-1;-1;-1;-1;-1;0;0;1;2;0;3;-1;0;0;0;0;0;0;0;0;0;0;0;0;0;1;1;1;0;-1;-1;0;0;-1;-1;-1;-1;-1;-1;-1;-1;-1;0;0;0;0;0;0;0;0;0;0;0;0;0;Víkingur Reykjavík;Stjarnan;2.09;1.55;0;0;1;3;0;0;0;0;0;0;0;0;0;0;0;738;22;Y;Y;Y;N;N;N;Y
213413;3805;3804;2016;complete;1290;3;-1;83;85;1;1;2;7;5;12;3;1;3;3;0;0;8;7;5;3;13;10;14;8;55;45;3;3;2.39;3.56;3.08;0;0;0;0;0;0;0;0;0;0;0;0;0;0;0;0;0;0;0;0;0;0;0;0;0;0;0;0;0;0;0;0;0;0;0;0;0;0;0;0;0;0;0;0;0;0;0;0;0;0;0;0;0;0;0;0;0;0;0;0;0;0;0;0;0;2;0;0;1;1;2;0;2016-05-12 18:00:00;-1;0;50;0;50;0;-1;1;-1;-1;-1;-1;-1;-1;2;2;1;1;4;2;-1;0;0;0;0;0;0;0;0;1;0;1;0;0;1;1;0;0;-1;-1;0;0;-1;-1;-1;-1;-1;-1;-1;-1;-1;0;50;100;100;100;50;100;100;50;8;4;8;3.5;ÍBV;Víkingur Ólafsvík;1.09;0.64;3;3;1.5;3;100;50;0;0;0;50;50;50;0;0;0;738;22;Y;Y;N;N;N;N;Y
213414;3809;3812;2016;complete;1290;3;-1;13,54;;2;0;2;14;4;18;4;1;0;1;0;0;5;2;6;8;11;10;15;9;60;40;0;1;1.93;3.78;4.14;0;0;0;0;0;0;0;0;0;0;0;0;0;0;0;0;0;0;0;0;0;0;0;0;0;0;0;0;0;0;0;0;0;0;0;0;0;0;0;0;0;0;0;0;0;0;0;0;0;0;0;0;0;0;0;0;0;0;0;0;0;0;0;0;0;2;1;0;1;0;1;1;2016-05-12 19:15:00;3809;0;50;0;50;0;-1;1;-1;-1;-1;-1;-1;-1;0;0;0;1;0;1;-1;0;0;0;0;0;0;0;0;0;0;0;0;0;1;1;0;0;-1;-1;0;0;-1;-1;-1;-1;-1;-1;-1;-1;-1;0;0;50;100;100;0;50;100;100;10;2;6;2.5;Valur;Fylkir;2.18;0.91;0;0;0;0;100;100;50;0;0;100;100;100;0;0;0;738;22;Y;Y;N;N;N;N;N
213415;3807;3808;2016;complete;1290;3;-1;17;;1;0;1;4;4;8;1;1;1;3;0;0;2;5;5;7;7;12;13;12;44;56;1;3;3.15;3.6;2.33;0;0;0;0;0;0;0;0;0;0;0;0;0;0;0;0;0;0;0;0;0;0;0;0;0;0;0;0;0;0;0;0;0;0;0;0;0;0;0;0;0;0;0;0;0;0;0;0;0;0;0;0;0;0;0;0;0;0;0;0;0;0;0;0;0;1;1;0;0;0;0;1;2016-05-12 19:15:00;3807;0;50;0;50;0;-1;1;-1;-1;-1;-1;-1;-1;1;2;0;1;3;1;-1;0;0;0;0;0;0;0;0;0;0;0;0;0;1;1;0;0;-1;-1;0;0;-1;-1;-1;-1;-1;-1;-1;-1;-1;0;0;50;50;50;0;50;50;50;4;1;2;1.5;ÍA;Fjölnir;2;1.55;0;3;0;3;50;50;0;0;0;50;50;50;0;0;0;738;22;Y;N;N;N;N;N;N
213416;971;3813;2016;complete;1290;3;-1;1,9,28,49,51,52;;6;0;6;3;4;7;2;1;1;2;0;0;6;5;5;1;11;6;8;15;55;45;1;2;1.34;5.61;9.99;0;0;0;0;0;0;0;0;0;0;0;0;0;0;0;0;0;0;0;0;0;0;0;0;0;0;0;0;0;0;0;0;0;0;0;0;0;0;0;0;0;0;0;0;0;0;0;0;0;0;0;0;0;0;0;0;0;0;0;0;0;0;0;0;0;6;3;0;3;0;3;3;2016-05-12 19:15:00;971;0;0;0;0;0;-1;1;-1;-1;-1;-1;-1;-1;1;0;0;2;1;2;-1;0;0;0;0;0;0;0;0;0;0;0;0;0;1;1;2;0;-1;-1;0;0;-1;-1;-1;-1;-1;-1;-1;-1;-1;0;0;0;50;50;0;0;50;50;9;0;1;1;Stjarnan;Thróttur Reykjavík;2;0.45;3;0;3;0.5;50;50;50;0;0;50;50;50;0;0;0;738;22;Y;Y;Y;Y;Y;Y;N
213417;973;54;2016;complete;1290;3;-1;65;;1;0;1;4;3;7;2;4;2;5;0;0;3;2;2;6;5;8;15;18;53;47;2;5;3.05;3.54;2.41;0;0;0;0;0;0;0;0;0;0;0;0;0;0;0;0;0;0;0;0;0;0;0;0;0;0;0;0;0;0;0;0;0;0;0;0;0;0;0;0;0;0;0;0;0;0;0;0;0;0;0;0;0;0;0;0;0;0;0;0;0;0;0;0;0;1;0;0;1;0;1;0;2016-05-12 20:00:00;973;0;0;0;0;0;-1;1;-1;-1;-1;-1;-1;-1;0;1;2;4;1;6;-1;0;0;0;0;0;0;0;0;0;0;0;0;0;1;1;0;0;-1;-1;0;0;-1;-1;-1;-1;-1;-1;-1;-1;-1;0;0;50;50;50;0;50;50;50;8;4;2;1.5;KR;FH;2;2.09;1;3;1;3;100;100;50;50;50;50;0;0;0;0;0;738;22;Y;N;N;N;N;N;N
213418;3803;3810;2016;complete;1290;3;-1;15;;1;0;1;6;5;11;5;1;5;3;0;1;6;4;4;3;10;7;7;10;50;50;5;4;1.88;3.79;4.37;0;0;0;0;0;0;0;0;0;0;0;0;0;0;0;0;0;0;0;0;0;0;0;0;0;0;0;0;0;0;0;0;0;0;0;0;0;0;0;0;0;0;0;0;0;0;0;0;0;0;0;0;0;0;0;0;0;0;0;0;0;0;0;0;0;1;1;0;0;0;0;1;2016-05-13 20:00:00;3803;0;50;0;50;0;-1;1;-1;-1;-1;-1;-1;-1;3;3;2;1;6;3;-1;0;0;0;0;0;0;0;0;0;0;0;0;0;1;1;0;0;-1;-1;0;0;-1;-1;-1;-1;-1;-1;-1;-1;-1;0;0;50;50;50;0;50;50;50;11;11;2;1.5;Breidablik;Víkingur Reykjavík;1.36;0.82;0;1;1.5;0.5;100;100;50;50;50;50;50;50;0;0;0;738;22;Y;N;N;N;N;N;N
213419;3812;3805;2016;complete;1290;4;-1;;3,8,85;0;3;3;4;5;9;2;1;3;0;0;0;3;6;6;1;9;7;11;16;58;42;3;0;2.16;3.6;3.51;0;0;0;0;0;0;0;0;0;0;0;0;0;0;0;0;0;0;0;0;0;0;0;0;0;0;0;0;0;0;0;0;0;0;0;0;0;0;0;0;0;0;0;0;0;0;0;0;0;0;0;0;0;0;0;0;0;0;0;0;0;0;0;0;0;3;0;2;0;1;1;2;2016-05-16 17:00:00;3805;0;50;50;0;0;-1;1;-1;-1;-1;-1;-1;-1;0;0;3;0;0;3;-1;0;0;0;0;0;0;0;0;0;0;0;0;0;1;1;0;2;-1;-1;0;0;-1;-1;-1;-1;-1;-1;-1;-1;-1;0;0;50;100;100;50;50;100;50;10;2;4;2.5;Fylkir;ÍBV;0.82;1;0;0;0;1.33;100;100;50;0;0;50;50;0;0;0;0;738;22;Y;Y;Y;N;N;N;N
213420;54;3808;2016;complete;1290;4;-1;3,54;;2;0;2;7;10;17;2;1;1;1;0;0;7;5;2;7;9;12;15;7;53;47;1;1;1.53;4.55;6.58;0;0;0;0;0;0;0;0;0;0;0;0;0;0;0;0;0;0;0;0;0;0;0;0;0;0;0;0;0;0;0;0;0;0;0;0;0;0;0;0;0;0;0;0;0;0;0;0;0;0;0;0;0;0;0;0;0;0;0;0;0;0;0;0;0;2;1;0;1;0;1;1;2016-05-16 19:15:00;54;0;75;0;75;0;-1;1;-1;-1;-1;-1;-1;-1;1;0;0;1;1;1;-1;0;0;0;0;0;0;0;0;0;0;0;0;0;1;1;1;0;-1;-1;0;0;-1;-1;-1;-1;-1;-1;-1;-1;-1;0;0;75;75;100;0;100;75;75;15;3;7.5;2.5;FH;Fjölnir;1.82;1.55;3;1.5;2;2;100;100;25;25;0;75;75;75;0;0;0;738;22;Y;Y;N;N;N;N;N
213421;3804;3807;2016;complete;1290;4;-1;6,38,83;;3;0;3;7;1;8;0;2;3;1;0;0;4;9;7;8;11;17;10;7;50;50;3;1;1.94;3.72;4.16;0;0;0;0;0;0;0;0;0;0;0;0;0;0;0;0;0;0;0;0;0;0;0;0;0;0;0;0;0;0;0;0;0;0;0;0;0;0;0;0;0;0;0;0;0;0;0;0;0;0;0;0;0;0;0;0;0;0;0;0;0;0;0;0;0;3;2;0;1;0;1;2;2016-05-16 20:00:00;3804;0;75;50;25;0;-1;1;-1;-1;-1;-1;-1;-1;0;0;3;1;0;4;-1;0;0;0;0;0;0;0;0;0;0;0;0;0;1;1;1;0;-1;-1;0;0;-1;-1;-1;-1;-1;-1;-1;-1;-1;0;25;100;100;100;75;100;100;25;2;2;5;3.25;Víkingur Ólafsvík;ÍA;1.27;0.82;3;0;2.33;1;100;75;0;0;0;25;25;25;0;0;0;738;22;Y;Y;Y;N;N;N;N
213422;3810;3809;2016;complete;1290;4;-1;10,79;53,67;2;2;4;7;4;11;1;2;3;1;0;0;0;6;4;4;4;10;12;12;44;56;3;1;3.07;3.54;2.4;0;0;0;0;0;0;0;0;0;0;0;0;0;0;0;0;0;0;0;0;0;0;0;0;0;0;0;0;0;0;0;0;0;0;0;0;0;0;0;0;0;0;0;0;0;0;0;0;0;0;0;0;0;0;0;0;0;0;0;0;0;0;0;0;0;4;1;0;1;2;3;1;2016-05-17 19:15:00;-1;0;100;50;0;0;-1;1;-1;-1;-1;-1;-1;-1;1;0;2;1;1;3;-1;0;0;0;0;0;0;0;0;0;0;0;0;0;1;1;1;0;-1;-1;0;0;-1;-1;-1;-1;-1;-1;-1;-1;-1;0;0;100;100;100;50;100;100;50;13;5;3;3;Víkingur Reykjavík;Valur;2.09;1;0;0;0.33;1;100;100;0;0;0;50;50;0;0;0;0;738;22;Y;Y;Y;Y;N;N;Y
213423;3813;3803;2016;complete;1290;4;-1;13,89;;2;0;2;5;7;12;2;3;4;1;0;1;5;12;2;6;7;18;18;15;47;53;4;2;5.65;4.18;1.65;0;0;0;0;0;0;0;0;0;0;0;0;0;0;0;0;0;0;0;0;0;0;0;0;0;0;0;0;0;0;0;0;0;0;0;0;0;0;0;0;0;0;0;0;0;0;0;0;0;0;0;0;0;0;0;0;0;0;0;0;0;0;0;0;0;2;1;0;1;0;1;1;2016-05-17 19:15:00;3813;0;75;75;25;0;-1;1;-1;-1;-1;-1;-1;-1;1;2;3;0;3;3;-1;0;0;0;0;0;0;0;0;0;0;0;0;0;1;1;0;0;-1;-1;0;0;-1;-1;-1;-1;-1;-1;-1;-1;-1;0;25;100;100;100;75;100;100;50;7;3;2.5;3.25;Thróttur Reykjavík;Breidablik;0.82;1.82;0.5;3;0.33;2;100;75;0;0;0;100;50;0;0;0;0;738;22;Y;Y;N;N;N;N;N
213424;973;971;2016;complete;1290;4;-1;50;5;1;1;2;7;1;8;0;3;2;4;0;0;6;4;7;1;13;5;14;17;60;40;2;4;2.33;3.53;3.2;0;0;0;0;0;0;0;0;0;0;0;0;0;0;0;0;0;0;0;0;0;0;0;0;0;0;0;0;0;0;0;0;0;0;0;0;0;0;0;0;0;0;0;0;0;0;0;0;0;0;0;0;0;0;0;0;0;0;0;0;0;0;0;0;0;2;0;1;1;0;1;1;2016-05-17 20:00:00;-1;0;50;0;0;0;-1;1;-1;-1;-1;-1;-1;-1;0;3;2;1;3;3;-1;0;0;0;0;0;0;0;0;0;0;0;0;0;1;1;0;1;-1;-1;0;0;-1;-1;-1;-1;-1;-1;-1;-1;-1;0;0;50;50;75;0;50;75;50;5.5;4;3.5;1.75;KR;Stjarnan;2;1.55;2;3;1.67;3;100;100;50;50;25;50;50;0;0;0;0;738;22;Y;Y;N;N;N;N;Y
213425;3807;3812;2016;complete;1290;5;-1;36;28;1;1;2;2;3;5;3;5;0;1;0;0;3;4;5;11;8;15;9;7;45;55;0;1;2.94;3.43;2.54;0;0;0;0;0;0;0;0;0;0;0;0;0;0;0;0;0;0;0;0;0;0;0;0;0;0;0;0;0;0;0;0;0;0;0;0;0;0;0;0;0;0;0;0;0;0;0;0;0;0;0;0;0;0;0;0;0;0;0;0;0;0;0;0;0;2;1;1;0;0;0;2;2016-05-21 16:00:00;-1;0;0;0;0;0;-1;1;-1;-1;-1;-1;-1;-1;0;0;0;1;0;1;-1;0;0;0;0;0;0;0;0;0;0;0;0;0;1;1;0;0;-1;-1;0;0;-1;-1;-1;-1;-1;-1;-1;-1;-1;0;0;0;50;100;0;75;50;25;7.5;2;2.5;1.5;ÍA;Fylkir;2;0.91;3;0;0.75;0;100;100;100;50;0;50;50;50;0;0;0;738;22;Y;Y;N;N;N;N;Y
213426;3805;3810;2016;complete;1290;5;-1;;52,61,84;0;3;3;5;7;12;1;1;1;1;0;0;6;10;9;7;15;17;9;13;52;48;1;1;2.51;3.53;2.91;0;0;0;0;0;0;0;0;0;0;0;0;0;0;0;0;0;0;0;0;0;0;0;0;0;0;0;0;0;0;0;0;0;0;0;0;0;0;0;0;0;0;0;0;0;0;0;0;0;0;0;0;0;0;0;0;0;0;0;0;0;0;0;0;0;3;0;0;0;3;3;0;2016-05-22 17:00:00;3810;0;25;0;25;0;-1;1;-1;-1;-1;-1;-1;-1;1;0;0;1;1;1;-1;0;0;0;0;0;0;0;0;0;0;0;0;0;1;1;0;0;-1;-1;0;0;-1;-1;-1;-1;-1;-1;-1;-1;-1;0;25;25;50;75;25;50;50;25;9.5;6.5;6;1.75;ÍBV;Víkingur Reykjavík;1.09;0.82;2;0.5;1.75;0.5;100;75;75;50;25;50;50;50;0;0;0;738;22;Y;Y;Y;N;N;N;N
213427;3808;3804;2016;complete;1290;5;-1;29,44,50,79,85;48;5;1;6;2;7;9;3;0;3;2;0;0;4;5;8;2;12;7;12;19;46;54;3;2;2.56;3.55;2.83;0;0;0;0;0;0;0;0;0;0;0;0;0;0;0;0;0;0;0;0;0;0;0;0;0;0;0;0;0;0;0;0;0;0;0;0;0;0;0;0;0;0;0;0;0;0;0;0;0;0;0;0;0;0;0;0;0;0;0;0;0;0;0;0;0;6;2;0;3;1;4;2;2016-05-22 19:15:00;3808;0;50;0;50;0;-1;1;-1;-1;-1;-1;-1;-1;2;0;1;2;2;3;-1;0;0;0;0;0;0;0;0;0;0;0;0;0;1;1;0;0;-1;-1;0;0;-1;-1;-1;-1;-1;-1;-1;-1;-1;0;0;25;100;100;0;25;100;100;7;1;3.5;2.25;Fjölnir;Víkingur Ólafsvík;1.82;0.64;3;2;1.5;2.5;100;100;75;0;0;50;50;50;0;0;0;738;22;Y;Y;Y;Y;Y;Y;Y
213428;3809;3813;2016;complete;1290;5;-1;25,38,44,51;90;4;1;5;5;1;6;2;1;2;1;0;0;5;0;13;5;18;5;19;9;55;45;2;1;1.4;5.11;8.48;0;0;0;0;0;0;0;0;0;0;0;0;0;0;0;0;0;0;0;0;0;0;0;0;0;0;0;0;0;0;0;0;0;0;0;0;0;0;0;0;0;0;0;0;0;0;0;0;0;0;0;0;0;0;0;0;0;0;0;0;0;0;0;0;0;5;3;0;1;1;2;3;2016-05-22 19:15:00;3809;0;25;0;25;0;-1;1;-1;-1;-1;-1;-1;-1;1;1;1;0;2;1;-1;0;0;0;0;0;0;0;0;0;0;0;0;0;1;1;0;0;-1;-1;0;0;-1;-1;-1;-1;-1;-1;-1;-1;-1;50;50;75;100;100;50;100;100;75;14.5;3.5;4;4.25;Valur;Thróttur Reykjavík;2.18;0.45;1.5;0;1;1;50;50;25;0;0;50;50;50;0;0;0;738;22;Y;Y;Y;Y;Y;N;Y
213429;3803;973;2016;complete;1290;5;-1;35;;1;0;1;3;11;14;1;4;1;1;0;0;7;6;4;6;11;12;11;14;46;54;1;1;2.71;3.48;2.71;0;0;0;0;0;0;0;0;0;0;0;0;0;0;0;0;0;0;0;0;0;0;0;0;0;0;0;0;0;0;0;0;0;0;0;0;0;0;0;0;0;0;0;0;0;0;0;0;0;0;0;0;0;0;0;0;0;0;0;0;0;0;0;0;0;1;1;0;0;0;0;1;2016-05-22 20:00:00;3803;0;75;50;75;0;-1;1;-1;-1;-1;-1;-1;-1;0;0;1;1;0;2;-1;0;0;0;0;0;0;0;0;0;0;0;0;0;1;1;0;0;-1;-1;0;0;-1;-1;-1;-1;-1;-1;-1;-1;-1;0;50;75;75;100;50;100;75;75;13.5;8;4;3;Breidablik;KR;1.36;1.45;1.5;1;1.5;1.5;100;50;25;25;0;100;50;50;0;0;0;738;22;Y;N;N;N;N;N;N
213430;971;54;2016;complete;1290;5;-1;87;39;1;1;2;10;6;16;0;2;2;4;0;0;3;8;0;3;3;11;13;14;45;55;2;4;2.91;3.53;2.51;0;0;0;0;0;0;0;0;0;0;0;0;0;0;0;0;0;0;0;0;0;0;0;0;0;0;0;0;0;0;0;0;0;0;0;0;0;0;0;0;0;0;0;0;0;0;0;0;0;0;0;0;0;0;0;0;0;0;0;0;0;0;0;0;0;2;0;1;1;0;1;1;2016-05-23 20:00:00;-1;0;0;0;0;0;-1;1;-1;-1;-1;-1;-1;-1;1;2;1;2;3;3;-1;0;0;0;0;0;0;0;0;0;0;0;0;0;1;1;0;0;-1;-1;0;0;-1;-1;-1;-1;-1;-1;-1;-1;-1;25;25;50;75;100;25;50;100;75;10;4;4;3;Stjarnan;FH;2;2.09;3;1.5;2.5;2.25;75;75;50;25;0;50;25;25;0;0;0;738;22;Y;Y;N;N;N;N;Y
213431;3813;3805;2016;complete;1290;6;-1;;55;0;1;1;0;9;9;0;2;4;2;1;0;7;10;7;8;14;18;14;18;55;45;6;2;3.67;3.62;2.03;0;0;0;0;0;0;0;0;0;0;0;0;0;0;0;0;0;0;0;0;0;0;0;0;0;0;0;0;0;0;0;0;0;0;0;0;0;0;0;0;0;0;0;0;0;0;0;0;0;0;0;0;0;0;0;0;0;0;0;0;0;0;0;0;0;1;0;0;0;1;1;0;2016-05-29 17:00:00;3805;0;17;17;17;0;-1;1;-1;-1;-1;-1;-1;-1;2;0;3;2;2;5;-1;0;0;0;0;0;0;0;0;0;0;0;0;0;1;1;0;0;-1;-1;0;0;-1;-1;-1;-1;-1;-1;-1;-1;-1;0;17;59;100;100;42;75;100;59;8.17;2.5;3.83;2.75;Thróttur Reykjavík;ÍBV;0.82;1;1.33;1.5;0.8;1.4;100;84;42;0;0;75;17;17;0;0;0;738;22;Y;N;N;N;N;N;N
213432;3810;3807;2016;complete;1290;6;-1;3,55,90;2,5;3;2;5;6;3;9;2;2;2;1;0;0;8;7;8;5;16;12;8;5;56;44;2;1;1.58;4.39;5.88;0;0;0;0;0;0;0;0;0;0;0;0;0;0;0;0;0;0;0;0;0;0;0;0;0;0;0;0;0;0;0;0;0;0;0;0;0;0;0;0;0;0;0;0;0;0;0;0;0;0;0;0;0;0;0;0;0;0;0;0;0;0;0;0;0;5;1;2;2;0;2;3;2016-05-29 19:15:00;3810;0;67;0;42;0;-1;1;-1;-1;-1;-1;-1;-1;0;0;2;1;0;3;-1;0;0;0;0;0;0;0;0;0;0;0;0;0;1;1;1;2;-1;-1;0;0;-1;-1;-1;-1;-1;-1;-1;-1;-1;0;42;100;100;100;34;100;100;67;9.17;3.33;4.33;3.42;Víkingur Reykjavík;ÍA;2.09;0.82;0.5;0;1;0.8;100;59;0;0;0;67;67;42;0;0;0;738;22;Y;Y;Y;Y;Y;N;Y
213433;973;3809;2016;complete;1290;6;-1;35,48;90;2;1;3;5;5;10;1;4;1;3;0;0;3;6;1;3;4;9;11;13;45;55;1;3;2.12;3.58;3.58;0;0;0;0;0;0;0;0;0;0;0;0;0;0;0;0;0;0;0;0;0;0;0;0;0;0;0;0;0;0;0;0;0;0;0;0;0;0;0;0;0;0;0;0;0;0;0;0;0;0;0;0;0;0;0;0;0;0;0;0;0;0;0;0;0;3;1;0;1;1;2;1;2016-05-29 20:00:00;973;0;67;25;25;0;-1;1;-1;-1;-1;-1;-1;-1;0;1;1;2;1;3;-1;0;0;0;0;0;0;0;0;0;0;0;0;0;1;1;0;0;-1;-1;0;0;-1;-1;-1;-1;-1;-1;-1;-1;-1;0;25;50;67;84;25;67;84;25;9.17;3.33;3.17;2.25;KR;Valur;2;1;1.67;0.5;1.2;1.4;100;75;50;34;17;25;25;25;0;0;0;738;22;Y;Y;Y;N;N;N;Y
213434;54;3804;2016;complete;1290;6;-1;28;86;1;1;2;6;4;10;3;0;1;1;0;0;8;3;4;0;12;3;12;7;49;51;1;1;1.38;5.2;8.6;0;0;0;0;0;0;0;0;0;0;0;0;0;0;0;0;0;0;0;0;0;0;0;0;0;0;0;0;0;0;0;0;0;0;0;0;0;0;0;0;0;0;0;0;0;0;0;0;0;0;0;0;0;0;0;0;0;0;0;0;0;0;0;0;0;2;1;0;0;1;1;1;2016-05-30 19:15:00;-1;0;75;0;75;0;-1;1;-1;-1;-1;-1;-1;-1;0;0;1;1;0;2;-1;0;0;0;0;0;0;0;0;0;0;0;0;0;1;1;0;0;-1;-1;0;0;-1;-1;-1;-1;-1;-1;-1;-1;-1;17;17;59;100;100;17;84;100;75;14.67;2.67;6;3.09;FH;Víkingur Ólafsvík;1.82;0.64;3;1.33;2;2;84;84;42;0;0;100;84;84;0;0;0;738;22;Y;Y;N;N;N;N;Y
213435;3812;3808;2016;complete;1290;6;-1;52,61;5,90;2;2;4;14;3;17;6;1;2;0;0;0;9;2;5;3;14;5;10;8;53;47;2;0;2.78;3.65;2.52;0;0;0;0;0;0;0;0;0;0;0;0;0;0;0;0;0;0;0;0;0;0;0;0;0;0;0;0;0;0;0;0;0;0;0;0;0;0;0;0;0;0;0;0;0;0;0;0;0;0;0;0;0;0;0;0;0;0;0;0;0;0;0;0;0;4;0;1;2;1;3;1;2016-05-30 19:15:00;-1;0;42;25;17;0;-1;1;-1;-1;-1;-1;-1;-1;1;0;1;0;1;1;-1;0;0;0;0;0;0;0;0;0;0;0;0;0;1;1;0;1;-1;-1;0;0;-1;-1;-1;-1;-1;-1;-1;-1;-1;0;0;67;84;100;50;100;84;17;11;3;4;2.5;Fylkir;Fjölnir;0.82;1.55;0;1;0.2;1.8;100;100;34;17;0;84;59;34;0;0;0;738;22;Y;Y;Y;Y;N;N;Y
213436;971;3803;2016;complete;1290;6;-1;82;72,80,90;1;3;4;12;4;16;1;3;1;2;0;0;6;6;6;5;12;11;10;9;49;51;1;2;2.15;3.54;3.54;0;0;0;0;0;0;0;0;0;0;0;0;0;0;0;0;0;0;0;0;0;0;0;0;0;0;0;0;0;0;0;0;0;0;0;0;0;0;0;0;0;0;0;0;0;0;0;0;0;0;0;0;0;0;0;0;0;0;0;0;0;0;0;0;0;4;0;0;1;3;4;0;2016-05-30 20:00:00;3803;0;42;25;0;0;-1;1;-1;-1;-1;-1;-1;-1;0;0;1;2;0;3;-1;0;0;0;0;0;0;0;0;0;0;0;0;0;1;1;0;0;-1;-1;0;0;-1;-1;-1;-1;-1;-1;-1;-1;-1;17;17;42;100;100;42;84;100;34;12.83;2.67;2.83;2.92;Stjarnan;Breidablik;2;1.82;2.33;1.5;2.2;1.8;84;84;59;0;0;84;84;59;0;0;0;738;22;Y;Y;Y;Y;N;N;Y
213437;3805;973;2016;complete;1290;7;-1;86;;1;0;1;6;6;12;2;2;3;2;0;0;4;9;10;12;14;21;8;12;52;48;3;2;4.39;3.74;1.87;0;0;0;0;0;0;0;0;0;0;0;0;0;0;0;0;0;0;0;0;0;0;0;0;0;0;0;0;0;0;0;0;0;0;0;0;0;0;0;0;0;0;0;0;0;0;0;0;0;0;0;0;0;0;0;0;0;0;0;0;0;0;0;0;0;1;0;0;1;0;1;0;2016-06-04 16:00:00;3805;0;42;25;42;0;-1;1;-1;-1;-1;-1;-1;-1;1;0;2;2;1;4;-1;0;0;0;0;0;0;0;0;0;0;0;0;0;1;1;0;0;-1;-1;0;0;-1;-1;-1;-1;-1;-1;-1;-1;-1;0;42;59;75;100;42;67;75;59;14;5.83;3.67;2.75;ÍBV;KR;1.09;1.45;1.33;0.5;1.67;1.5;100;59;42;25;0;84;59;59;0;0;0;738;22;Y;N;N;N;N;N;N
213438;3804;3812;2016;complete;1290;7;-1;90;;1;0;1;5;6;11;0;3;1;2;0;0;5;6;4;7;9;13;10;12;42;58;1;2;2.23;3.6;3.29;0;0;0;0;0;0;0;0;0;0;0;0;0;0;0;0;0;0;0;0;0;0;0;0;0;0;0;0;0;0;0;0;0;0;0;0;0;0;0;0;0;0;0;0;0;0;0;0;0;0;0;0;0;0;0;0;0;0;0;0;0;0;0;0;0;1;0;0;1;0;1;0;2016-06-05 17:00:00;3804;0;42;42;0;0;-1;1;-1;-1;-1;-1;-1;-1;0;1;1;1;1;2;-1;0;0;0;0;0;0;0;0;0;0;0;0;0;1;1;0;0;-1;-1;0;1;-1;-1;-1;-1;-1;-1;-1;-1;-1;0;0;50;100;100;67;84;84;17;6.83;2.83;3.83;2.5;Víkingur Ólafsvík;Fylkir;1.27;0.91;3;0.33;1.83;0.33;100;100;50;0;0;34;34;34;0;0;0;738;22;Y;N;N;N;N;N;N
213439;3809;971;2016;complete;1290;7;-1;21,62;;2;0;2;7;9;16;0;0;1;2;0;0;5;9;0;8;5;17;12;9;41;59;1;2;2.36;3.47;3.14;0;0;0;0;0;0;0;0;0;0;0;0;0;0;0;0;0;0;0;0;0;0;0;0;0;0;0;0;0;0;0;0;0;0;0;0;0;0;0;0;0;0;0;0;0;0;0;0;0;0;0;0;0;0;0;0;0;0;0;0;0;0;0;0;0;2;1;0;1;0;1;1;2016-06-05 17:00:00;3809;0;84;0;34;0;-1;1;-1;-1;-1;-1;-1;-1;0;0;1;2;0;3;-1;0;0;0;0;0;0;0;0;0;0;0;0;0;1;1;0;0;-1;-1;0;0;-1;-1;-1;-1;-1;-1;-1;-1;-1;17;17;59;100;100;17;100;100;59;10.17;4.83;5;2.92;Valur;Stjarnan;2.18;1.55;2;2;1.17;1.83;84;84;42;0;0;59;59;34;0;0;0;738;22;Y;Y;N;N;N;N;N
213440;3808;3810;2016;complete;1290;7;-1;84,88;90;2;1;3;7;5;12;1;2;3;3;0;0;6;2;7;7;13;9;8;10;51;49;3;3;2.59;3.46;2.82;0;0;0;0;0;0;0;0;0;0;0;0;0;0;0;0;0;0;0;0;0;0;0;0;0;0;0;0;0;0;0;0;0;0;0;0;0;0;0;0;0;0;0;0;0;0;0;0;0;0;0;0;0;0;0;0;0;0;0;0;0;0;0;0;0;3;0;0;2;1;3;0;2016-06-05 19:15:00;3808;0;25;0;25;0;-1;1;-1;-1;-1;-1;-1;-1;1;1;2;2;2;4;-1;0;0;0;0;0;0;0;0;0;0;0;0;0;1;1;0;0;-1;-1;0;0;-1;-1;-1;-1;-1;-1;-1;-1;-1;25;25;42;67;84;25;42;67;67;7.33;4.17;3.5;2.67;Fjölnir;Víkingur Reykjavík;1.82;0.82;3;1.33;1.67;1.33;75;75;59;34;17;59;34;34;0;0;0;738;22;Y;Y;Y;N;N;N;Y
213441;3807;3813;2016;complete;1290;7;-1;;90;0;1;1;6;8;14;2;3;3;2;0;0;9;3;6;8;15;11;3;14;48;52;3;2;1.91;3.83;4.08;0;0;0;0;0;0;0;0;0;0;0;0;0;0;0;0;0;0;0;0;0;0;0;0;0;0;0;0;0;0;0;0;0;0;0;0;0;0;0;0;0;0;0;0;0;0;0;0;0;0;0;0;0;0;0;0;0;0;0;0;0;0;0;0;0;1;0;0;0;1;1;0;2016-06-05 19:15:00;3813;0;50;25;25;0;-1;1;-1;-1;-1;-1;-1;-1;1;0;2;2;1;4;-1;0;0;0;0;0;0;0;0;0;0;0;0;0;1;1;0;0;-1;-1;0;0;-1;-1;-1;-1;-1;-1;-1;-1;-1;50;50;50;75;100;75;100;50;50;5.5;3;2;3.5;ÍA;Thróttur Reykjavík;2;0.45;2;0;0.67;0.67;50;50;50;25;0;0;0;0;0;0;0;738;22;Y;N;N;N;N;N;N
213442;3803;54;2016;complete;1290;7;-1;;5;0;1;1;4;3;7;0;2;2;0;0;0;0;2;6;2;6;4;13;18;55;45;2;0;3.57;3.47;2.16;0;0;0;0;0;0;0;0;0;0;0;0;0;0;0;0;0;0;0;0;0;0;0;0;0;0;0;0;0;0;0;0;0;0;0;0;0;0;0;0;0;0;0;0;0;0;0;0;0;0;0;0;0;0;0;0;0;0;0;0;0;0;0;0;0;1;0;1;0;0;0;1;2016-06-05 20:00:00;54;0;33;0;17;0;-1;1;-1;-1;-1;-1;-1;-1;0;0;2;0;0;2;-1;0;0;0;0;0;0;0;0;0;0;0;0;0;1;1;0;1;-1;-1;0;0;-1;-1;-1;-1;-1;-1;-1;-1;-1;0;0;33;50;100;0;84;67;33;10;6.34;5.66;1.84;Breidablik;FH;1.36;2.09;2;1.33;2;1.83;100;100;67;50;0;84;67;67;0;0;0;738;22;Y;N;N;N;N;N;N
213443;3805;3803;2016;complete;1290;9;-1;;3,6;0;2;2;7;4;11;0;1;1;2;0;1;5;3;6;2;11;5;10;10;56;44;1;3;3.4;3.56;2.22;0;0;0;0;0;0;0;0;0;0;0;0;0;0;0;0;0;0;0;0;0;0;0;0;0;0;0;0;0;0;0;0;0;0;0;0;0;0;0;0;0;0;0;0;0;0;0;0;0;0;0;0;0;0;0;0;0;0;0;0;0;0;0;0;0;2;0;2;0;0;0;2;2016-06-15 18:00:00;3803;0;46;17;29;0;-1;1;-1;-1;-1;-1;-1;-1;0;1;1;2;1;3;-1;0;0;0;0;0;0;0;0;0;0;0;0;0;1;1;0;2;-1;-1;0;0;-1;-1;-1;-1;-1;-1;-1;-1;-1;0;29;59;88;100;29;46;100;42;10.25;4.58;4.42;2.75;ÍBV;Breidablik;1.09;1.82;1.75;2;1.86;1.71;100;71;42;13;0;88;88;71;0;0;0;738;22;Y;Y;N;N;N;N;N
213444;3808;973;2016;complete;1290;9;-1;44,52,72;27;3;1;4;2;10;12;2;4;4;2;0;0;3;6;4;9;7;15;12;12;35;65;4;2;3.42;3.64;2.18;0;0;0;0;0;0;0;0;0;0;0;0;0;0;0;0;0;0;0;0;0;0;0;0;0;0;0;0;0;0;0;0;0;0;0;0;0;0;0;0;0;0;0;0;0;0;0;0;0;0;0;0;0;0;0;0;0;0;0;0;0;0;0;0;0;4;1;1;2;0;2;2;2016-06-15 19:15:00;3808;0;50;17;50;0;-1;1;-1;-1;-1;-1;-1;-1;0;1;4;1;1;5;-1;0;0;0;0;0;0;0;0;0;0;0;0;0;1;1;0;0;-1;-1;0;0;-1;-1;-1;-1;-1;-1;-1;-1;-1;17;33;50;67;100;33;50;84;67;11.67;4.33;3.33;2.84;Fjölnir;KR;1.82;1.45;3;0.33;1.86;1.29;84;67;50;34;0;84;50;50;0;0;0;738;22;Y;Y;Y;Y;N;N;Y
213445;3809;54;2016;complete;1290;9;-1;;75;0;1;1;1;4;5;1;2;5;1;0;0;5;0;5;9;10;9;13;4;51;49;5;1;3.33;3.7;2.2;0;0;0;0;0;0;0;0;0;0;0;0;0;0;0;0;0;0;0;0;0;0;0;0;0;0;0;0;0;0;0;0;0;0;0;0;0;0;0;0;0;0;0;0;0;0;0;0;0;0;0;0;0;0;0;0;0;0;0;0;0;0;0;0;0;1;0;0;0;1;1;0;2016-06-16 20:00:00;54;0;38;0;25;0;-1;1;-1;-1;-1;-1;-1;-1;0;1;5;0;1;5;-1;0;0;0;0;0;0;0;0;0;0;0;0;0;1;1;0;0;-1;-1;0;0;-1;-1;-1;-1;-1;-1;-1;-1;-1;13;13;38;75;100;13;88;88;38;12.5;4.25;4.25;2.38;Valur;FH;2.18;2.09;2.25;1.75;1.43;2;88;88;63;25;0;63;50;50;0;0;0;738;22;Y;N;N;N;N;N;N
213446;971;3805;2016;complete;1290;8;-1;29;;1;0;1;6;6;12;1;2;2;3;1;0;4;6;5;8;9;14;16;11;49;51;4;3;1.64;4.18;5.74;0;0;0;0;0;0;0;0;0;0;0;0;0;0;0;0;0;0;0;0;0;0;0;0;0;0;0;0;0;0;0;0;0;0;0;0;0;0;0;0;0;0;0;0;0;0;0;0;0;0;0;0;0;0;0;0;0;0;0;0;0;0;0;0;0;1;1;0;0;0;0;1;2016-06-23 18:00:00;971;0;25;0;13;0;-1;1;-1;-1;-1;-1;-1;-1;1;0;2;3;1;5;-1;0;0;0;0;0;0;0;0;0;0;0;0;0;1;1;0;0;-1;-1;0;0;-1;-1;-1;-1;-1;-1;-1;-1;-1;13;25;42;84;100;29;42;100;54;14.5;1.75;2.92;2.75;Stjarnan;ÍBV;2;1;1.75;2;1.57;1.63;88;75;59;17;0;71;38;38;0;0;0;738;22;Y;N;N;N;N;N;N
213447;973;3807;2016;complete;1290;8;-1;53;83,90;1;2;3;6;1;7;5;5;1;1;0;0;4;3;7;3;11;6;12;10;62;38;1;1;1.39;5.2;8.89;0;0;0;0;0;0;0;0;0;0;0;0;0;0;0;0;0;0;0;0;0;0;0;0;0;0;0;0;0;0;0;0;0;0;0;0;0;0;0;0;0;0;0;0;0;0;0;0;0;0;0;0;0;0;0;0;0;0;0;0;0;0;0;0;0;3;0;0;1;2;3;0;2016-06-23 19:15:00;3807;0;50;13;25;0;-1;1;-1;-1;-1;-1;-1;-1;0;1;1;0;1;1;-1;0;0;0;0;0;0;0;0;1;0;1;0;0;1;1;0;0;-1;-1;0;0;-1;-1;-1;-1;-1;-1;-1;-1;-1;13;25;63;75;88;38;75;88;38;6.75;2.75;3.5;2.63;KR;ÍA;2;0.82;2;0;1.13;0.57;88;75;38;25;13;38;25;13;0;0;0;738;22;Y;Y;Y;N;N;N;Y
213448;54;3812;2016;complete;1290;8;-1;51;;1;0;1;3;1;4;3;2;2;2;0;0;8;0;4;5;12;5;6;9;60;40;2;2;1.41;5.15;8.34;0;0;0;0;0;0;0;0;0;0;0;0;0;0;0;0;0;0;0;0;0;0;0;0;0;0;0;0;0;0;0;0;0;0;0;0;0;0;0;0;0;0;0;0;0;0;0;0;0;0;0;0;0;0;0;0;0;0;0;0;0;0;0;0;0;1;0;0;1;0;1;0;2016-06-24 19:15:00;54;0;46;13;17;0;-1;1;-1;-1;-1;-1;-1;-1;0;1;2;1;1;3;-1;0;0;0;0;0;0;0;0;0;0;0;0;0;1;1;0;0;-1;-1;0;0;-1;-1;-1;-1;-1;-1;-1;-1;-1;0;0;17;88;100;13;75;88;29;12;4.83;3.83;2.04;FH;Fylkir;1.82;0.91;2.33;0.25;2.13;0.29;100;100;84;13;0;88;88;71;0;0;0;738;22;Y;N;N;N;N;N;N
213449;3810;3804;2016;complete;1290;8;-1;10,12;;2;0;2;7;2;9;6;3;2;0;0;0;4;5;6;3;10;8;10;7;54;46;2;0;1.77;4;4.77;0;0;0;0;0;0;0;0;0;0;0;0;0;0;0;0;0;0;0;0;0;0;0;0;0;0;0;0;0;0;0;0;0;0;0;0;0;0;0;0;0;0;0;0;0;0;0;0;0;0;0;0;0;0;0;0;0;0;0;0;0;0;0;0;0;2;2;0;0;0;0;2;2016-06-24 19:15:00;3810;0;100;17;54;0;-1;1;-1;-1;-1;-1;-1;-1;1;0;1;0;1;1;-1;0;0;0;0;0;0;0;1;0;1;0;0;0;1;1;1;0;-1;-1;0;0;-1;-1;-1;-1;-1;-1;-1;-1;-1;29;46;75;100;100;29;88;100;88;12.25;2.5;4.5;3.63;Víkingur Reykjavík;Víkingur Ólafsvík;2.09;0.64;1.33;1.25;1.14;2;71;54;25;0;0;100;71;42;0;0;0;738;22;Y;Y;N;N;N;N;N
213450;3803;3809;2016;complete;1290;8;-1;;;0;0;0;8;10;18;3;6;0;2;0;0;3;4;5;5;8;9;5;11;55;45;0;2;2.39;3.55;3.08;0;0;0;0;0;0;0;0;0;0;0;0;0;0;0;0;0;0;0;0;0;0;0;0;0;0;0;0;0;0;0;0;0;0;0;0;0;0;0;0;0;0;0;0;0;0;0;0;0;0;0;0;0;0;0;0;0;0;0;0;0;0;0;0;0;0;0;0;0;0;0;0;2016-06-24 20:00:00;-1;0;63;17;46;0;-1;1;-1;-1;-1;-1;-1;-1;0;0;0;2;0;2;-1;0;0;0;0;0;0;0;0;0;0;0;0;0;1;1;0;0;-1;-1;0;0;-1;-1;-1;-1;-1;-1;-1;-1;-1;0;17;63;63;100;17;100;63;46;9.67;5.42;4.25;2.42;Breidablik;Valur;1.36;1;1.5;0.33;1.88;1.25;100;84;38;38;0;71;71;54;0;0;0;738;22;N;N;N;N;N;N;N
213451;3813;3808;2016;complete;1290;8;-1;;37,40,62,71,73;0;5;5;1;9;10;3;1;5;0;0;0;4;4;8;12;12;16;8;4;44;56;5;0;4.97;4.11;1.72;0;0;0;0;0;0;0;0;0;0;0;0;0;0;0;0;0;0;0;0;0;0;0;0;0;0;0;0;0;0;0;0;0;0;0;0;0;0;0;0;0;0;0;0;0;0;0;0;0;0;0;0;0;0;0;0;0;0;0;0;0;0;0;0;0;5;0;2;0;3;3;2;2016-06-24 20:00:00;3808;0;38;13;38;0;-1;1;-1;-1;-1;-1;-1;-1;0;0;5;0;0;5;-1;0;0;0;0;0;0;0;0;1;0;1;0;0;1;1;0;0;-1;-1;0;0;-1;-1;-1;-1;-1;-1;-1;-1;-1;0;25;50;75;100;13;88;88;50;8;2.5;4.75;2.5;Thróttur Reykjavík;Fjölnir;0.82;1.55;1;1;1;2;100;75;50;25;0;88;50;50;0;0;0;738;22;Y;Y;Y;Y;Y;N;N
213452;3804;3813;2016;complete;1290;9;-1;40,84,90;1,2;3;2;5;8;9;17;4;0;1;4;0;0;6;4;4;4;10;8;9;15;50;50;1;4;0;0;0;0;0;0;0;0;0;0;0;0;0;0;0;0;0;0;0;0;0;0;0;0;0;0;0;0;0;0;0;0;0;0;0;0;0;0;0;0;0;0;0;0;0;0;0;0;0;0;0;0;0;0;0;0;0;0;0;0;0;0;0;0;0;0;0;0;5;1;2;2;0;2;3;2016-06-28 19:15:00;3804;0;33;17;17;0;-1;1;-1;-1;-1;-1;-1;-1;0;2;1;2;2;3;-1;0;0;0;0;0;0;0;0;0;0;0;0;0;1;1;0;2;-1;-1;0;0;-1;-1;-1;-1;-1;-1;-1;-1;-1;34;34;67;67;100;67;67;100;34;8.33;2;3.67;3.17;Víkingur Ólafsvík;Thróttur Reykjavík;1.27;0.45;3;1;1.75;0.88;67;67;33;33;0;33;33;33;0;0;0;738;22;Y;Y;Y;Y;Y;N;Y
213453;3812;3810;2016;complete;1290;9;-1;81;;1;0;1;5;3;8;3;3;3;1;0;0;2;5;6;9;8;14;18;15;48;52;3;1;2.61;3.39;2.84;0;0;0;0;0;0;0;0;0;0;0;0;0;0;0;0;0;0;0;0;0;0;0;0;0;0;0;0;0;0;0;0;0;0;0;0;0;0;0;0;0;0;0;0;0;0;0;0;0;0;0;0;0;0;0;0;0;0;0;0;0;0;0;0;0;1;0;0;1;0;1;0;2016-06-28 19:15:00;3812;0;46;17;29;0;-1;1;-1;-1;-1;-1;-1;-1;1;1;2;0;2;2;-1;0;0;0;0;0;0;0;0;0;0;0;0;0;1;1;0;0;-1;-1;0;0;-1;-1;-1;-1;-1;-1;-1;-1;-1;0;17;75;75;88;34;63;75;42;13.25;5.83;4.25;2.54;Fylkir;Víkingur Reykjavík;0.82;0.82;0.33;1;0.25;1.38;100;84;25;25;13;88;71;54;0;0;0;738;22;Y;N;N;N;N;N;N
213454;3807;971;2016;complete;1290;9;-1;8,63,66,72;5,56;4;2;6;6;6;12;2;5;1;0;0;0;3;6;2;5;5;11;3;5;53;47;1;0;3.47;3.67;2.13;0;0;0;0;0;0;0;0;0;0;0;0;0;0;0;0;0;0;0;0;0;0;0;0;0;0;0;0;0;0;0;0;0;0;0;0;0;0;0;0;0;0;0;0;0;0;0;0;0;0;0;0;0;0;0;0;0;0;0;0;0;0;0;0;0;6;1;1;3;1;4;2;2016-06-29 20:00:00;3807;0;50;17;0;0;-1;1;-1;-1;-1;-1;-1;-1;0;0;1;0;0;1;-1;0;0;0;0;0;0;0;1;0;1;0;0;0;1;1;1;1;-1;-1;0;0;-1;-1;-1;-1;-1;-1;-1;-1;-1;0;0;17;67;100;17;84;67;17;8;3.67;4;1.83;ÍA;Stjarnan;2;1.55;1.33;1.33;0.88;1.75;100;100;84;34;0;50;50;33;0;0;0;738;22;Y;Y;Y;Y;Y;Y;Y
213455;54;3810;2016;complete;1290;10;-1;79,87;10,90;2;2;4;9;4;13;0;0;2;2;0;1;7;4;6;2;13;6;14;9;59;41;2;4;1.55;4.44;6.45;0;0;0;0;0;0;0;0;0;0;0;0;0;0;0;0;0;0;0;0;0;0;0;0;0;0;0;0;0;0;0;0;0;0;0;0;0;0;0;0;0;0;0;0;0;0;0;0;0;0;0;0;0;0;0;0;0;0;0;0;0;0;0;0;0;4;0;1;2;1;3;1;2016-07-09 16:00:00;-1;0;35;0;23;0;-1;1;-1;-1;-1;-1;-1;-1;1;2;1;1;3;2;-1;0;0;0;0;0;0;0;0;0;0;0;0;0;1;1;0;1;-1;-1;0;0;-1;-1;-1;-1;-1;-1;-1;-1;-1;0;0;33;58;90;0;48;80;33;11.55;5.1;4.25;1.8;FH;Víkingur Reykjavík;1.82;0.82;2.5;0.8;2.22;1.22;100;100;68;43;10;68;68;55;0;0;0;738;22;Y;Y;Y;Y;N;N;Y
213456;973;3804;2016;complete;1290;10;-1;;;0;0;0;7;3;10;5;3;2;1;0;0;7;2;11;4;18;6;12;6;59;41;2;1;1.6;4.35;5.95;0;0;0;0;0;0;0;0;0;0;0;0;0;0;0;0;0;0;0;0;0;0;0;0;0;0;0;0;0;0;0;0;0;0;0;0;0;0;0;0;0;0;0;0;0;0;0;0;0;0;0;0;0;0;0;0;0;0;0;0;0;0;0;0;0;0;0;0;0;0;0;0;2016-07-10 16:00:00;-1;0;70;0;50;0;-1;1;-1;-1;-1;-1;-1;-1;1;0;1;1;1;2;-1;0;0;0;0;0;0;0;0;0;0;0;0;0;1;1;0;0;-1;-1;0;0;-1;-1;-1;-1;-1;-1;-1;-1;-1;10;10;40;80;90;20;60;80;50;9.6;3;3.4;2.4;KR;Víkingur Ólafsvík;2;0.64;1.6;1;1;1.89;90;90;60;20;10;60;40;20;0;0;0;738;22;N;N;N;N;N;N;N
213457;3809;3805;2016;complete;1290;10;-1;17,44;11;2;1;3;3;3;6;5;2;1;1;0;0;2;4;3;5;5;9;15;9;53;47;1;1;1.75;3.98;4.99;0;0;0;0;0;0;0;0;0;0;0;0;0;0;0;0;0;0;0;0;0;0;0;0;0;0;0;0;0;0;0;0;0;0;0;0;0;0;0;0;0;0;0;0;0;0;0;0;0;0;0;0;0;0;0;0;0;0;0;0;0;0;0;0;0;3;2;1;0;0;0;3;2016-07-11 17:30:00;3809;0;20;0;20;0;-1;1;-1;-1;-1;-1;-1;-1;0;1;1;0;1;1;-1;0;0;0;0;0;0;0;0;0;0;0;0;0;1;1;0;0;-1;-1;0;0;-1;-1;-1;-1;-1;-1;-1;-1;-1;10;10;33;65;100;23;65;88;33;12.8;2.85;4.4;2.18;Valur;ÍBV;2.18;1;1.8;1.5;1.22;1.44;90;90;68;35;0;68;43;43;0;0;0;738;22;Y;Y;Y;N;N;N;Y
213458;3803;3807;2016;complete;1290;10;-1;;11;0;1;1;13;1;14;5;0;2;3;0;0;4;2;8;0;12;2;11;9;58;42;2;3;1.54;4.44;6.66;0;0;0;0;0;0;0;0;0;0;0;0;0;0;0;0;0;0;0;0;0;0;0;0;0;0;0;0;0;0;0;0;0;0;0;0;0;0;0;0;0;0;0;0;0;0;0;0;0;0;0;0;0;0;0;0;0;0;0;0;0;0;0;0;0;1;0;1;0;0;0;1;2016-07-11 19:15:00;3807;0;40;10;30;0;-1;1;-1;-1;-1;-1;-1;-1;1;2;1;1;3;2;-1;0;0;0;0;0;0;0;0;0;0;0;0;0;1;1;0;0;-1;-1;0;0;-1;-1;-1;-1;-1;-1;-1;-1;-1;10;20;60;60;90;30;80;60;40;7.4;5;3.6;2.4;Breidablik;ÍA;1.36;0.82;1.4;0.6;1.78;1.11;90;80;40;40;10;60;50;50;0;0;0;738;22;Y;N;N;N;N;N;N
213459;971;3808;2016;complete;1290;10;-1;13,75;61;2;1;3;3;6;9;2;2;3;3;0;0;5;9;9;7;14;16;13;13;50;50;3;3;2.06;3.7;3.72;0;0;0;0;0;0;0;0;0;0;0;0;0;0;0;0;0;0;0;0;0;0;0;0;0;0;0;0;0;0;0;0;0;0;0;0;0;0;0;0;0;0;0;0;0;0;0;0;0;0;0;0;0;0;0;0;0;0;0;0;0;0;0;0;0;3;1;0;1;1;2;1;2016-07-11 19:15:00;971;0;40;0;30;0;-1;1;-1;-1;-1;-1;-1;-1;1;1;2;2;2;4;-1;0;0;0;0;0;0;0;0;0;0;0;0;0;1;1;0;0;-1;-1;0;0;-1;-1;-1;-1;-1;-1;-1;-1;-1;20;40;50;80;100;20;80;80;60;14;1.8;3;3;Stjarnan;Fjölnir;2;1.55;2;1.4;1.56;2.11;80;60;50;20;0;80;80;70;0;0;0;738;22;Y;Y;Y;N;N;N;Y
213460;3813;3812;2016;complete;1290;10;-1;38;16,51,65,72;1;4;5;10;4;14;3;1;0;1;0;0;8;6;6;5;14;11;8;8;52;48;0;1;3.78;3.74;2.03;0;0;0;0;0;0;0;0;0;0;0;0;0;0;0;0;0;0;0;0;0;0;0;0;0;0;0;0;0;0;0;0;0;0;0;0;0;0;0;0;0;0;0;0;0;0;0;0;0;0;0;0;0;0;0;0;0;0;0;0;0;0;0;0;0;5;1;1;0;3;3;2;2016-07-11 20:00:00;3812;0;20;20;10;0;-1;1;-1;-1;-1;-1;-1;-1;0;1;0;0;1;0;-1;0;0;0;0;0;0;0;0;0;0;0;0;0;1;1;0;0;-1;-1;0;0;-1;-1;-1;-1;-1;-1;-1;-1;-1;10;20;30;70;100;30;60;90;40;5.8;4.2;5.2;2.3;Thróttur Reykjavík;Fylkir;0.82;0.91;0.8;0.2;0.78;0.56;90;80;70;30;0;80;50;40;0;0;0;738;22;Y;Y;Y;Y;Y;N;Y
213461;3805;54;2016;complete;1290;11;-1;85;52;1;1;2;5;4;9;2;2;3;5;0;0;2;5;5;4;7;9;10;10;46;54;3;5;4.82;3.86;1.79;0;0;0;0;0;0;0;0;0;0;0;0;0;0;0;0;0;0;0;0;0;0;0;0;0;0;0;0;0;0;0;0;0;0;0;0;0;0;0;0;0;0;0;0;0;0;0;0;0;0;0;0;0;0;0;0;0;0;0;0;0;0;0;0;0;2;0;0;1;1;2;0;2016-07-16 16:00:00;-1;0;20;0;10;0;-1;1;-1;-1;-1;-1;-1;-1;1;3;2;2;4;4;-1;0;0;0;0;0;0;0;0;0;0;0;0;0;1;1;0;0;-1;-1;0;0;-1;-1;-1;-1;-1;-1;-1;-1;-1;0;10;30;60;100;20;50;80;30;9.8;4.2;4.6;2;ÍBV;FH;1.09;2.09;1.4;2;1.3;2.1;100;90;70;40;0;60;50;50;0;0;0;738;22;Y;Y;N;N;N;N;Y
213462;3807;3809;2016;complete;1290;11;-1;33,38;64;2;1;3;1;7;8;0;4;3;2;0;0;0;6;3;7;3;13;12;8;38;62;3;2;3.64;3.72;2.08;0;0;0;0;0;0;0;0;0;0;0;0;0;0;0;0;0;0;0;0;0;0;0;0;0;0;0;0;0;0;0;0;0;0;0;0;0;0;0;0;0;0;0;0;0;0;0;0;0;0;0;0;0;0;0;0;0;0;0;0;0;0;0;0;0;3;2;0;0;1;1;2;2016-07-17 19:15:00;3807;0;63;38;38;0;-1;1;-1;-1;-1;-1;-1;-1;0;0;3;2;0;5;-1;0;0;0;0;0;0;0;0;0;0;0;0;0;1;1;0;0;-1;-1;0;0;-1;-1;-1;-1;-1;-1;-1;-1;-1;13;25;50;63;88;38;75;63;38;10.5;5.5;3.25;2.5;ÍA;Valur;2;1;1.75;0.5;1.3;1.4;88;75;50;38;13;63;63;50;0;0;0;738;22;Y;Y;Y;N;N;N;Y
213463;3812;973;2016;complete;1290;11;-1;15;2,10,42,53;1;4;5;6;2;8;9;1;2;1;0;0;7;5;3;6;10;11;9;14;41;59;2;1;3.9;3.62;2.03;0;0;0;0;0;0;0;0;0;0;0;0;0;0;0;0;0;0;0;0;0;0;0;0;0;0;0;0;0;0;0;0;0;0;0;0;0;0;0;0;0;0;0;0;0;0;0;0;0;0;0;0;0;0;0;0;0;0;0;0;0;0;0;0;0;5;1;3;0;1;1;4;2016-07-17 19:15:00;973;0;50;38;25;0;-1;1;-1;-1;-1;-1;-1;-1;0;0;2;1;0;3;-1;0;0;0;0;0;0;0;0;0;0;0;0;0;1;1;0;2;-1;-1;0;0;-1;-1;-1;-1;-1;-1;-1;-1;-1;0;38;63;63;100;50;75;88;38;15.75;6.5;3.75;2.63;Fylkir;KR;0.82;1.45;1;0.25;0.8;1;100;63;38;38;0;88;63;50;0;0;0;738;22;Y;Y;Y;Y;Y;N;Y
213464;3804;971;2016;complete;1290;11;-1;19,65;17,29,67;2;3;5;4;10;14;0;2;1;3;1;0;4;5;3;7;7;12;6;10;38;62;3;3;2.59;3.61;2.76;0;0;0;0;0;0;0;0;0;0;0;0;0;0;0;0;0;0;0;0;0;0;0;0;0;0;0;0;0;0;0;0;0;0;0;0;0;0;0;0;0;0;0;0;0;0;0;0;0;0;0;0;0;0;0;0;0;0;0;0;0;0;0;0;0;5;1;2;1;1;2;3;2016-07-17 19:15:00;971;0;63;38;13;0;-1;1;-1;-1;-1;-1;-1;-1;1;0;1;3;1;4;-1;0;0;0;0;0;0;0;0;0;0;0;0;0;1;1;0;0;-1;-1;0;0;-1;-1;-1;-1;-1;-1;-1;-1;-1;25;25;63;88;100;50;88;100;38;9.5;3.75;3.75;3.13;Víkingur Ólafsvík;Stjarnan;1.27;1.55;3;1;1.8;1.7;75;75;38;13;0;63;63;50;0;0;0;738;22;Y;Y;Y;Y;Y;N;Y
213465;3808;3803;2016;complete;1290;11;-1;;18,23,74;0;3;3;8;4;12;0;5;2;2;0;0;2;3;4;2;6;5;12;6;58;42;2;2;2.38;3.52;3.12;0;0;0;0;0;0;0;0;0;0;0;0;0;0;0;0;0;0;0;0;0;0;0;0;0;0;0;0;0;0;0;0;0;0;0;0;0;0;0;0;0;0;0;0;0;0;0;0;0;0;0;0;0;0;0;0;0;0;0;0;0;0;0;0;0;3;0;2;0;1;1;2;2016-07-17 20:00:00;3803;0;63;25;38;0;-1;1;-1;-1;-1;-1;-1;-1;1;0;1;2;1;3;-1;0;0;0;0;0;0;0;0;0;0;0;0;0;1;1;0;0;-1;-1;0;0;-1;-1;-1;-1;-1;-1;-1;-1;-1;13;38;63;100;100;50;63;88;63;8;3.5;4.5;3.25;Fjölnir;Breidablik;1.82;1.82;3;2.25;1.9;1.6;88;63;38;0;0;88;75;63;0;0;0;738;22;Y;Y;Y;N;N;N;N
213466;3810;3813;2016;complete;1290;11;-1;90,90;;2;0;2;7;4;11;0;0;1;4;0;0;7;0;11;7;18;7;8;14;63;37;1;4;1.38;5.55;8.28;0;0;0;0;0;0;0;0;0;0;0;0;0;0;0;0;0;0;0;0;0;0;0;0;0;0;0;0;0;0;0;0;0;0;0;0;0;0;0;0;0;0;0;0;0;0;0;0;0;0;0;0;0;0;0;0;0;0;0;0;0;0;0;0;0;2;0;0;2;0;2;0;2016-07-18 20:00:00;3810;0;63;25;25;0;-1;1;-1;-1;-1;-1;-1;-1;0;3;1;1;3;2;-1;0;0;0;0;0;0;0;0;0;0;0;0;0;1;1;0;0;-1;-1;0;1;-1;-1;-1;-1;-1;-1;-1;-1;-1;50;63;75;88;100;63;88;88;75;12.5;4.25;4.25;3.88;Víkingur Reykjavík;Thróttur Reykjavík;2.09;0.45;1.75;0.75;1.2;0.7;50;38;25;13;0;75;50;38;0;0;0;738;22;Y;Y;N;N;N;N;N
213467;3807;3805;2016;complete;1290;12;-1;17,33;;2;0;2;3;5;8;0;2;2;2;1;0;8;7;4;4;12;11;7;10;45;55;3;2;2.42;3.58;3;0;0;0;0;0;0;0;0;0;0;0;0;0;0;0;0;0;0;0;0;0;0;0;0;0;0;0;0;0;0;0;0;0;0;0;0;0;0;0;0;0;0;0;0;0;0;0;0;0;0;0;0;0;0;0;0;0;0;0;0;0;0;0;0;0;2;2;0;0;0;0;2;2016-07-24 17:00:00;3807;0;40;30;10;0;-1;1;-1;-1;-1;-1;-1;-1;2;0;1;2;2;3;-1;0;0;0;0;0;0;0;0;0;0;0;0;0;1;1;0;0;-1;-1;0;0;-1;-1;-1;-1;-1;-1;-1;-1;-1;10;10;40;60;100;50;70;60;20;9.2;3;3.4;2.3;ÍA;ÍBV;2;1;2;1.2;1.45;1.27;90;90;60;40;0;50;30;30;0;0;0;738;22;Y;Y;N;N;N;N;N
213468;54;3813;2016;complete;1290;12;-1;17,59;;2;0;2;7;1;8;2;1;2;1;0;0;7;2;6;4;13;6;11;11;71;29;2;1;1.13;9.99;9.99;0;0;0;0;0;0;0;0;0;0;0;0;0;0;0;0;0;0;0;0;0;0;0;0;0;0;0;0;0;0;0;0;0;0;0;0;0;0;0;0;0;0;0;0;0;0;0;0;0;0;0;0;0;0;0;0;0;0;0;0;0;0;0;0;0;2;1;0;1;0;1;1;2016-07-24 19:15:00;54;0;50;10;30;0;-1;1;-1;-1;-1;-1;-1;-1;2;1;0;0;3;0;-1;0;0;0;0;0;0;0;0;0;0;0;0;0;1;1;0;0;-1;-1;0;0;-1;-1;-1;-1;-1;-1;-1;-1;-1;30;40;50;80;100;30;70;100;60;12.4;3;4.8;3.1;FH;Thróttur Reykjavík;1.82;0.45;2.2;0.6;2;0.64;70;60;50;20;0;70;70;60;0;0;0;738;22;Y;Y;N;N;N;N;N
213469;3804;3803;2016;complete;1290;12;-1;;65,85;0;2;2;6;7;13;0;5;2;2;0;0;5;3;6;5;11;8;9;14;41;59;2;2;3.52;3.78;2.1;0;0;0;0;0;0;0;0;0;0;0;0;0;0;0;0;0;0;0;0;0;0;0;0;0;0;0;0;0;0;0;0;0;0;0;0;0;0;0;0;0;0;0;0;0;0;0;0;0;0;0;0;0;0;0;0;0;0;0;0;0;0;0;0;0;2;0;0;0;2;2;0;2016-07-24 19:15:00;3803;0;50;40;20;0;-1;1;-1;-1;-1;-1;-1;-1;1;0;1;2;1;3;-1;0;0;0;0;0;0;0;0;0;0;0;0;0;1;1;0;0;-1;-1;0;0;-1;-1;-1;-1;-1;-1;-1;-1;-1;20;30;70;90;100;70;80;90;30;9.4;3.6;4;3.1;Víkingur Ólafsvík;Breidablik;1.27;1.82;2.4;2.4;1.64;1.73;80;70;30;10;0;80;80;70;0;0;0;738;22;Y;Y;N;N;N;N;N
213470;3808;3809;2016;complete;1290;12;-1;6,89;37,50;2;2;4;5;9;14;3;3;0;1;0;0;6;0;7;3;13;3;7;13;52;48;0;1;2.81;3.69;2.51;0;0;0;0;0;0;0;0;0;0;0;0;0;0;0;0;0;0;0;0;0;0;0;0;0;0;0;0;0;0;0;0;0;0;0;0;0;0;0;0;0;0;0;0;0;0;0;0;0;0;0;0;0;0;0;0;0;0;0;0;0;0;0;0;0;4;1;1;1;1;2;2;2016-07-24 19:15:00;-1;0;70;20;40;0;-1;1;-1;-1;-1;-1;-1;-1;0;0;0;1;0;1;-1;0;0;0;0;0;0;0;0;0;0;0;0;0;1;1;1;0;-1;-1;0;0;-1;-1;-1;-1;-1;-1;-1;-1;-1;10;30;80;90;90;50;70;90;60;10.4;4.8;4.4;3.1;Fjölnir;Valur;1.82;1;2.4;0.4;1.73;1.27;90;70;20;10;10;70;60;50;0;0;0;738;22;Y;Y;Y;Y;N;N;Y
213471;3812;971;2016;complete;1290;12;-1;62;88,90;1;2;3;5;8;13;3;2;1;2;0;0;5;4;3;4;8;8;13;15;46;54;1;2;3.24;3.72;2.23;0;0;0;0;0;0;0;0;0;0;0;0;0;0;0;0;0;0;0;0;0;0;0;0;0;0;0;0;0;0;0;0;0;0;0;0;0;0;0;0;0;0;0;0;0;0;0;0;0;0;0;0;0;0;0;0;0;0;0;0;0;0;0;0;0;3;0;0;1;2;3;0;2016-07-24 20:00:00;971;0;70;40;30;0;-1;1;-1;-1;-1;-1;-1;-1;0;0;1;2;0;3;-1;0;0;0;0;0;0;0;0;0;0;0;0;0;1;1;0;0;-1;-1;0;0;-1;-1;-1;-1;-1;-1;-1;-1;-1;30;40;70;90;100;50;90;100;40;12.6;6.8;4.4;3.4;Fylkir;Stjarnan;0.82;1.55;0.8;1.4;0.73;1.82;70;60;30;10;0;70;60;40;0;0;0;738;22;Y;Y;Y;N;N;N;Y
213472;3810;973;2016;complete;1290;12;-1;31;;1;0;1;0;9;9;2;3;3;3;0;0;4;7;6;16;10;23;11;12;27;73;3;3;3.04;3.56;2.4;0;0;0;0;0;0;0;0;0;0;0;0;0;0;0;0;0;0;0;0;0;0;0;0;0;0;0;0;0;0;0;0;0;0;0;0;0;0;0;0;0;0;0;0;0;0;0;0;0;0;0;0;0;0;0;0;0;0;0;0;0;0;0;0;0;1;1;0;0;0;0;1;2016-07-25 20:00:00;3810;0;60;40;20;0;-1;1;-1;-1;-1;-1;-1;-1;1;1;2;2;2;4;-1;0;0;0;0;0;0;0;0;0;0;0;0;0;1;1;0;0;-1;-1;0;0;-1;-1;-1;-1;-1;-1;-1;-1;-1;20;50;60;80;100;50;80;80;60;14.2;5.2;3.2;3.1;Víkingur Reykjavík;KR;2.09;1.45;2;0.8;1.36;1.18;80;50;40;20;0;90;60;50;0;0;0;738;22;Y;N;N;N;N;N;N
213473;3805;3808;2016;complete;1290;13;-1;;34,90;0;2;2;-1;-1;-1;-1;-1;4;2;0;0;-1;-1;-1;-1;-1;-1;-1;-1;-1;-1;4;2;2.73;3.58;2.64;0;0;0;0;0;0;0;0;0;0;0;0;0;0;0;0;0;0;0;0;0;0;0;0;0;0;0;0;0;0;0;0;0;0;0;0;0;0;0;0;0;0;0;0;0;0;0;0;0;0;0;0;0;0;0;0;0;0;0;0;0;0;0;0;0;2;0;1;0;1;1;1;2016-08-03 18:00:00;3808;0;42;0;42;0;-1;1;-1;-1;-1;-1;-1;-1;1;0;3;2;1;5;-1;0;0;0;0;0;0;0;0;0;0;0;0;0;1;1;0;0;-1;-1;0;0;-1;-1;-1;-1;-1;-1;-1;-1;-1;9;25;50;83;100;25;67;83;59;11.5;3;4;2.67;ÍBV;Fjölnir;1.09;1.55;1.33;1.17;1.17;1.67;92;75;50;17;0;83;67;59;0;0;0;738;22;Y;Y;N;N;N;N;N
213474;973;3813;2016;complete;1290;13;-1;44,45;8;2;1;3;6;6;12;4;4;1;1;0;0;6;2;12;6;18;8;7;15;62;38;1;1;1.22;7.39;9.99;0;0;0;0;0;0;0;0;0;0;0;0;0;0;0;0;0;0;0;0;0;0;0;0;0;0;0;0;0;0;0;0;0;0;0;0;0;0;0;0;0;0;0;0;0;0;0;0;0;0;0;0;0;0;0;0;0;0;0;0;0;0;0;0;0;3;2;1;0;0;0;3;2016-08-03 19:15:00;973;0;42;9;25;0;-1;1;-1;-1;-1;-1;-1;-1;0;1;1;0;1;1;-1;0;0;0;0;0;0;0;0;0;0;0;0;0;1;1;0;1;-1;-1;0;0;-1;-1;-1;-1;-1;-1;-1;-1;-1;25;25;42;67;84;25;50;84;50;9.83;3.5;3.83;2.5;KR;Thróttur Reykjavík;2;0.45;1.5;0.5;1.08;0.58;75;75;59;34;17;42;42;25;0;0;0;738;22;Y;Y;Y;N;N;N;Y
213475;3803;3812;2016;complete;1290;13;-1;54;57;1;1;2;15;3;18;2;0;2;2;0;0;7;5;7;8;14;13;9;8;60;40;2;2;1.46;4.91;7.31;0;0;0;0;0;0;0;0;0;0;0;0;0;0;0;0;0;0;0;0;0;0;0;0;0;0;0;0;0;0;0;0;0;0;0;0;0;0;0;0;0;0;0;0;0;0;0;0;0;0;0;0;0;0;0;0;0;0;0;0;0;0;0;0;0;2;0;0;1;1;2;0;2016-08-03 19:15:00;-1;0;25;17;9;0;-1;1;-1;-1;-1;-1;-1;-1;1;0;1;2;1;3;-1;0;0;0;0;0;0;0;0;0;0;0;0;0;1;1;0;0;-1;-1;0;0;-1;-1;-1;-1;-1;-1;-1;-1;-1;9;9;17;42;92;17;67;50;25;10.33;5.34;3.33;1.67;Breidablik;Fylkir;1.36;0.91;1.17;0.67;1.83;0.67;92;92;83;58;9;75;75;75;0;0;0;738;22;Y;Y;N;N;N;N;Y
213476;3807;54;2016;complete;1290;13;-1;16;34,51,62;1;3;4;3;6;9;1;3;2;2;0;0;3;8;5;7;8;15;6;12;38;62;2;2;5.65;4.42;1.61;0;0;0;0;0;0;0;0;0;0;0;0;0;0;0;0;0;0;0;0;0;0;0;0;0;0;0;0;0;0;0;0;0;0;0;0;0;0;0;0;0;0;0;0;0;0;0;0;0;0;0;0;0;0;0;0;0;0;0;0;0;0;0;0;0;4;1;1;0;2;2;2;2016-08-03 19:15:00;54;0;42;17;17;0;-1;1;-1;-1;-1;-1;-1;-1;1;1;1;1;2;2;-1;0;0;0;0;0;0;0;0;0;0;0;0;0;1;1;0;0;-1;-1;0;0;-1;-1;-1;-1;-1;-1;-1;-1;-1;9;9;25;59;100;34;67;67;25;7.84;3.66;4.5;2.09;ÍA;FH;2;2.09;2.17;1.83;1.58;2.08;92;92;75;42;0;42;25;25;0;0;0;738;22;Y;Y;Y;Y;N;N;Y
213477;3809;3804;2016;complete;1290;13;-1;8,23,69;65;3;1;4;9;5;14;2;1;1;2;0;0;6;0;3;6;9;6;15;10;52;48;1;2;1.49;4.75;7.03;0;0;0;0;0;0;0;0;0;0;0;0;0;0;0;0;0;0;0;0;0;0;0;0;0;0;0;0;0;0;0;0;0;0;0;0;0;0;0;0;0;0;0;0;0;0;0;0;0;0;0;0;0;0;0;0;0;0;0;0;0;0;0;0;0;4;2;0;1;1;2;2;2016-08-03 20:00:00;3809;0;59;9;42;0;-1;1;-1;-1;-1;-1;-1;-1;0;2;1;0;2;1;-1;0;0;0;0;0;0;0;1;0;1;0;0;0;1;1;1;0;-1;-1;0;0;-1;-1;-1;-1;-1;-1;-1;-1;-1;17;17;42;83;92;33;75;75;42;10.5;3.5;4;2.59;Valur;Víkingur Ólafsvík;2.18;0.64;2;1;1.25;1.5;83;83;59;17;9;75;59;42;0;0;0;738;22;Y;Y;Y;Y;N;N;Y
213478;971;3810;2016;complete;1290;13;-1;18,52,84;;3;0;3;5;8;13;1;0;3;2;0;0;5;11;9;8;14;19;11;12;51;49;3;2;2.12;3.67;3.56;0;0;0;0;0;0;0;0;0;0;0;0;0;0;0;0;0;0;0;0;0;0;0;0;0;0;0;0;0;0;0;0;0;0;0;0;0;0;0;0;0;0;0;0;0;0;0;0;0;0;0;0;0;0;0;0;0;0;0;0;0;0;0;0;0;3;1;0;2;0;2;1;2016-08-04 20:00:00;971;0;42;0;33;0;-1;1;-1;-1;-1;-1;-1;-1;1;1;2;1;2;3;-1;0;0;0;0;0;0;0;0;0;0;0;0;0;1;1;0;0;-1;-1;0;0;-1;-1;-1;-1;-1;-1;-1;-1;-1;9;25;50;67;92;9;50;75;59;11.84;3.17;4.33;2.5;Stjarnan;Víkingur Reykjavík;2;0.82;2.17;0.83;1.92;1.5;92;75;50;34;9;75;67;67;0;0;0;738;22;Y;Y;Y;N;N;N;N
213479;3804;3805;2016;complete;1290;14;-1;;5;0;1;1;-1;-1;-1;-1;-1;4;0;0;0;-1;-1;-1;-1;-1;-1;-1;-1;-1;-1;4;0;2.7;3.52;2.7;0;0;0;0;0;0;0;0;0;0;0;0;0;0;0;0;0;0;0;0;0;0;0;0;0;0;0;0;0;0;0;0;0;0;0;0;0;0;0;0;0;0;0;0;0;0;0;0;0;0;0;0;0;0;0;0;0;0;0;0;0;0;0;0;0;1;0;1;0;0;0;1;2016-08-07 16:00:00;3805;0;34;34;9;0;-1;1;-1;-1;-1;-1;-1;-1;0;0;4;0;0;4;-1;0;0;0;0;0;0;0;0;0;0;0;0;0;1;1;0;1;-1;-1;0;0;-1;-1;-1;-1;-1;-1;-1;-1;-1;17;17;50;75;100;59;67;75;34;10.33;2.33;3.83;2.59;Víkingur Ólafsvík;ÍBV;1.27;1;2;1;1.38;1.08;84;84;50;25;0;59;42;42;0;0;0;738;22;Y;N;N;N;N;N;N
213480;3808;3807;2016;complete;1290;14;-1;18,38,54,89;;4;0;4;6;7;13;3;4;1;1;0;0;5;3;6;4;11;7;14;5;45;55;1;1;1.58;4.41;5.99;0;0;0;0;0;0;0;0;0;0;0;0;0;0;0;0;0;0;0;0;0;0;0;0;0;0;0;0;0;0;0;0;0;0;0;0;0;0;0;0;0;0;0;0;0;0;0;0;0;0;0;0;0;0;0;0;0;0;0;0;0;0;0;0;0;4;2;0;2;0;2;2;2016-08-07 19:15:00;3808;0;59;25;42;0;-1;1;-1;-1;-1;-1;-1;-1;1;1;0;0;2;0;-1;0;0;0;0;0;0;0;0;0;0;0;0;0;1;1;0;0;-1;-1;0;0;-1;-1;-1;-1;-1;-1;-1;-1;-1;17;42;83;92;100;59;75;92;67;6;3.33;4;3.42;Fjölnir;ÍA;1.82;0.82;2.17;1;1.77;1.46;83;59;17;9;0;67;50;50;0;0;0;738;22;Y;Y;Y;Y;N;N;N
213481;3812;3809;2016;complete;1290;14;-1;50,81;35,69;2;2;4;1;3;4;5;0;3;0;0;0;5;3;1;11;6;14;13;14;40;60;3;0;3.83;3.79;2;0;0;0;0;0;0;0;0;0;0;0;0;0;0;0;0;0;0;0;0;0;0;0;0;0;0;0;0;0;0;0;0;0;0;0;0;0;0;0;0;0;0;0;0;0;0;0;0;0;0;0;0;0;0;0;0;0;0;0;0;0;0;0;0;0;4;0;1;2;1;3;1;2016-08-07 19:15:00;-1;0;75;33;42;0;-1;1;-1;-1;-1;-1;-1;-1;2;0;1;0;2;1;-1;0;0;0;0;0;0;0;0;0;0;0;0;0;1;1;0;0;-1;-1;0;0;-1;-1;-1;-1;-1;-1;-1;-1;-1;9;33;83;83;92;50;75;92;42;13.34;7.67;3.83;3;Fylkir;Valur;0.82;1;0.67;0.5;0.69;1.38;92;67;17;17;9;67;59;42;0;0;0;738;22;Y;Y;Y;Y;N;N;Y
213482;3813;971;2016;complete;1290;14;-1;19;34;1;1;2;5;10;15;1;1;6;0;0;0;4;8;5;8;9;16;12;8;41;59;6;0;7.75;5.15;1.42;0;0;0;0;0;0;0;0;0;0;0;0;0;0;0;0;0;0;0;0;0;0;0;0;0;0;0;0;0;0;0;0;0;0;0;0;0;0;0;0;0;0;0;0;0;0;0;0;0;0;0;0;0;0;0;0;0;0;0;0;0;0;0;0;0;2;1;1;0;0;0;2;2016-08-08 19:15:00;-1;0;58;33;34;0;-1;1;-1;-1;-1;-1;-1;-1;3;0;3;0;3;3;-1;0;0;0;0;0;0;0;0;1;0;1;0;0;1;1;0;0;-1;-1;0;0;-1;-1;-1;-1;-1;-1;-1;-1;-1;33;42;67;92;100;42;83;100;67;9.67;4.33;5.17;3.42;Thróttur Reykjavík;Stjarnan;0.82;1.55;0.67;1.67;0.54;2;67;59;33;9;0;92;67;50;0;0;0;738;22;Y;Y;N;N;N;N;Y
213483;54;973;2016;complete;1290;14;-1;;90;0;1;1;3;2;5;2;0;1;3;0;0;2;4;1;2;3;6;9;9;50;50;1;3;2.04;3.67;3.81;0;0;0;0;0;0;0;0;0;0;0;0;0;0;0;0;0;0;0;0;0;0;0;0;0;0;0;0;0;0;0;0;0;0;0;0;0;0;0;0;0;0;0;0;0;0;0;0;0;0;0;0;0;0;0;0;0;0;0;0;0;0;0;0;0;1;0;0;0;1;1;0;2016-08-08 19:15:00;973;0;50;25;25;0;-1;1;-1;-1;-1;-1;-1;-1;0;0;1;3;0;4;-1;0;0;0;0;0;0;0;0;0;0;0;0;0;1;1;0;0;-1;-1;0;0;-1;-1;-1;-1;-1;-1;-1;-1;-1;9;34;42;67;100;25;83;84;33;14.67;4.83;3.84;2.5;FH;KR;1.82;1.45;2.33;0.67;2.15;1.23;92;67;59;34;0;75;59;50;0;0;0;738;22;Y;N;N;N;N;N;N
213484;3810;3803;2016;complete;1290;14;-1;40,72,83;9;3;1;4;10;3;13;2;0;2;3;0;1;4;3;6;2;10;5;11;12;59;41;2;4;2.83;3.57;2.55;0;0;0;0;0;0;0;0;0;0;0;0;0;0;0;0;0;0;0;0;0;0;0;0;0;0;0;0;0;0;0;0;0;0;0;0;0;0;0;0;0;0;0;0;0;0;0;0;0;0;0;0;0;0;0;0;0;0;0;0;0;0;0;0;0;4;1;1;2;0;2;2;2016-08-08 19:15:00;3810;0;42;17;17;0;-1;1;-1;-1;-1;-1;-1;-1;0;1;2;3;1;5;-1;0;0;0;0;0;0;0;0;0;0;0;0;0;1;1;0;1;-1;-1;0;0;-1;-1;-1;-1;-1;-1;-1;-1;-1;9;25;50;92;100;42;75;75;50;10.83;5.33;4;2.75;Víkingur Reykjavík;Breidablik;2.09;1.82;2.17;2.5;1.38;1.77;92;75;50;9;0;100;75;58;0;0;0;738;22;Y;Y;Y;Y;N;N;Y
213485;3808;54;2016;complete;1290;15;-1;;86;0;1;1;7;7;14;3;5;0;4;0;0;6;4;5;2;11;6;15;11;53;47;0;4;3.5;3.64;2.15;0;0;0;0;0;0;0;0;0;0;0;0;0;0;0;0;0;0;0;0;0;0;0;0;0;0;0;0;0;0;0;0;0;0;0;0;0;0;0;0;0;0;0;0;0;0;0;0;0;0;0;0;0;0;0;0;0;0;0;0;0;0;0;0;0;1;0;0;0;1;1;0;2016-08-15 18:00:00;54;0;50;22;29;0;-1;1;-1;-1;-1;-1;-1;-1;0;1;0;3;1;3;-1;0;0;0;0;0;0;0;0;0;0;0;0;0;1;1;0;0;-1;-1;0;0;-1;-1;-1;-1;-1;-1;-1;-1;-1;7;36;58;79;100;43;64;93;65;9;4.14;4.43;2.86;Fjölnir;FH;1.82;2.09;2.29;2;1.86;2;93;65;43;22;0;72;43;43;0;0;0;738;22;Y;N;N;N;N;N;N
213486;3803;3813;2016;complete;1290;15;-1;5,26;;2;0;2;6;7;13;6;0;0;3;0;0;4;5;3;6;7;11;10;13;55;45;0;3;1.24;6.68;9.99;0;0;0;0;0;0;0;0;0;0;0;0;0;0;0;0;0;0;0;0;0;0;0;0;0;0;0;0;0;0;0;0;0;0;0;0;0;0;0;0;0;0;0;0;0;0;0;0;0;0;0;0;0;0;0;0;0;0;0;0;0;0;0;0;0;2;2;0;0;0;0;2;2016-08-15 18:00:00;3803;0;36;15;22;0;-1;1;-1;-1;-1;-1;-1;-1;0;1;0;2;1;2;-1;0;0;0;0;0;0;0;0;0;0;0;0;0;1;1;1;0;-1;-1;0;0;-1;-1;-1;-1;-1;-1;-1;-1;-1;22;22;36;58;93;29;71;58;43;12.71;4.43;4;2.36;Breidablik;Thróttur Reykjavík;1.36;0.45;1.14;0.43;1.64;0.57;79;79;65;43;7;72;72;72;0;0;0;738;22;Y;Y;N;N;N;N;N
213487;3807;3804;2016;complete;1290;15;-1;36,66,85;;3;0;3;6;4;10;4;2;1;3;0;0;4;8;4;5;8;13;10;16;43;57;1;3;2.15;3.74;3.42;0;0;0;0;0;0;0;0;0;0;0;0;0;0;0;0;0;0;0;0;0;0;0;0;0;0;0;0;0;0;0;0;0;0;0;0;0;0;0;0;0;0;0;0;0;0;0;0;0;0;0;0;0;0;0;0;0;0;0;0;0;0;0;0;0;3;1;0;2;0;2;1;2016-08-15 18:00:00;3807;0;64;22;36;0;-1;1;-1;-1;-1;-1;-1;-1;0;0;1;3;0;4;-1;0;0;0;0;0;0;0;0;0;0;0;0;0;1;1;0;0;-1;-1;0;0;-1;-1;-1;-1;-1;-1;-1;-1;-1;14;29;43;79;93;57;79;64;43;8;2.58;3.72;2.71;ÍA;Víkingur Ólafsvík;2;0.64;1.86;0.86;1.36;1.29;86;71;57;22;7;72;50;36;0;0;0;738;22;Y;Y;Y;N;N;N;N
213488;971;973;2016;complete;1290;15;-1;59;23,79,90;1;3;4;12;4;16;5;1;1;4;0;0;7;3;9;1;16;4;14;11;47;53;1;4;2.59;3.51;2.82;0;0;0;0;0;0;0;0;0;0;0;0;0;0;0;0;0;0;0;0;0;0;0;0;0;0;0;0;0;0;0;0;0;0;0;0;0;0;0;0;0;0;0;0;0;0;0;0;0;0;0;0;0;0;0;0;0;0;0;0;0;0;0;0;0;4;0;1;1;2;3;1;2016-08-15 20:00:00;973;0;43;22;22;0;-1;1;-1;-1;-1;-1;-1;-1;1;1;0;3;2;3;-1;0;0;0;0;0;0;0;0;1;0;1;0;0;1;1;0;0;-1;-1;0;0;-1;-1;-1;-1;-1;-1;-1;-1;-1;14;36;50;65;100;29;71;79;50;13.57;3.43;4;2.72;Stjarnan;KR;2;1.45;2.29;1;1.93;1.36;86;64;50;36;0;79;57;57;0;0;0;738;22;Y;Y;Y;Y;N;N;Y
213489;3805;3812;2016;complete;1290;15;-1;57;15,79;1;2;3;6;4;10;0;1;3;2;0;0;9;9;10;6;19;15;15;11;56;44;3;2;2.25;3.57;3.33;0;0;0;0;0;0;0;0;0;0;0;0;0;0;0;0;0;0;0;0;0;0;0;0;0;0;0;0;0;0;0;0;0;0;0;0;0;0;0;0;0;0;0;0;0;0;0;0;0;0;0;0;0;0;0;0;0;0;0;0;0;0;0;0;0;3;0;1;1;1;2;1;2016-08-18 18:00:00;3812;0;36;15;22;0;-1;1;-1;-1;-1;-1;-1;-1;0;1;3;1;1;4;-1;0;0;0;0;0;0;0;0;0;0;0;0;0;1;1;0;0;-1;-1;0;0;-1;-1;-1;-1;-1;-1;-1;-1;-1;7;14;22;79;100;29;43;86;43;8.93;3.29;4.28;2.22;ÍBV;Fylkir;1.09;0.91;1.14;0.71;1.21;0.71;93;86;79;22;0;77;69;69;0;0;0;738;22;Y;Y;Y;N;N;N;Y
213490;3809;3810;2016;complete;1290;15;-1;19,29,46,52,64,68,84;;7;0;7;3;1;4;4;1;1;1;0;0;9;5;2;4;11;9;8;8;59;41;1;1;1.98;3.8;3.89;0;0;0;0;0;0;0;0;0;0;0;0;0;0;0;0;0;0;0;0;0;0;0;0;0;0;0;0;0;0;0;0;0;0;0;0;0;0;0;0;0;0;0;0;0;0;0;0;0;0;0;0;0;0;0;0;0;0;0;0;0;0;0;0;0;7;2;0;5;0;5;2;2016-08-18 20:00:00;3809;0;43;7;36;0;-1;1;-1;-1;-1;-1;-1;-1;1;1;0;0;2;0;-1;0;0;0;0;0;0;0;0;0;0;0;0;0;1;1;0;0;-1;-1;0;0;-1;-1;-1;-1;-1;-1;-1;-1;-1;7;22;57;72;93;22;65;79;50;11.71;4;4.29;2.5;Valur;Víkingur Reykjavík;2.18;0.82;2.14;0.71;1.36;1.5;93;79;43;29;7;64;64;64;0;0;0;738;22;Y;Y;Y;Y;Y;Y;N
213491;973;3803;2016;complete;1290;16;-1;78;39;1;1;2;6;3;9;1;4;4;4;0;0;5;4;5;6;10;10;14;12;51;49;4;4;1.95;3.58;4.27;0;0;0;0;0;0;0;0;0;0;0;0;0;0;0;0;0;0;0;0;0;0;0;0;0;0;0;0;0;0;0;0;0;0;0;0;0;0;0;0;0;0;0;0;0;0;0;0;0;0;0;0;0;0;0;0;0;0;0;0;0;0;0;0;0;2;0;1;1;0;1;1;2016-08-21 18:00:00;-1;0;50;22;22;0;-1;1;-1;-1;-1;-1;-1;-1;2;2;2;2;4;4;-1;0;0;0;0;0;0;0;0;1;0;1;0;0;1;1;0;0;-1;-1;0;0;-1;-1;-1;-1;-1;-1;-1;-1;-1;0;15;50;79;86;36;57;72;36;10.14;5.28;3.72;2.29;KR;Breidablik;2;1.82;1.71;2.14;1.47;1.73;100;86;50;22;15;72;72;50;0;0;0;738;22;Y;Y;N;N;N;N;Y
213492;3804;3808;2016;complete;1290;16;-1;7,41;38,75;2;2;4;1;5;6;2;1;2;1;1;0;2;5;1;9;3;14;9;11;39;61;4;1;4.18;3.82;1.91;0;0;0;0;0;0;0;0;0;0;0;0;0;0;0;0;0;0;0;0;0;0;0;0;0;0;0;0;0;0;0;0;0;0;0;0;0;0;0;0;0;0;0;0;0;0;0;0;0;0;0;0;0;0;0;0;0;0;0;0;0;0;0;0;0;4;2;1;0;1;1;3;2016-08-21 18:00:00;-1;0;43;22;29;0;-1;1;-1;-1;-1;-1;-1;-1;2;1;1;0;3;1;-1;0;0;0;0;0;0;0;0;0;0;0;0;0;1;1;1;0;-1;-1;0;0;-1;-1;-1;-1;-1;-1;-1;-1;-1;22;29;57;79;100;36;86;86;50;11;1.43;3.86;2.86;Víkingur Ólafsvík;Fjölnir;1.27;1.55;1.71;1.43;1.2;1.73;79;71;43;22;0;75;67;59;0;0;0;738;22;Y;Y;Y;Y;N;N;Y
213493;3810;3805;2016;complete;1290;16;-1;34,89;36;2;1;3;9;3;12;1;2;3;3;0;0;3;5;5;7;8;12;12;13;45;55;3;3;1.97;3.67;4.08;0;0;0;0;0;0;0;0;0;0;0;0;0;0;0;0;0;0;0;0;0;0;0;0;0;0;0;0;0;0;0;0;0;0;0;0;0;0;0;0;0;0;0;0;0;0;0;0;0;0;0;0;0;0;0;0;0;0;0;0;0;0;0;0;0;3;1;1;1;0;1;2;2016-08-22 18:00:00;3810;0;36;22;7;0;-1;1;-1;-1;-1;-1;-1;-1;2;2;1;1;4;2;-1;0;0;0;0;0;0;0;0;0;0;0;0;0;1;1;0;0;-1;-1;0;0;-1;-1;-1;-1;-1;-1;-1;-1;-1;7;22;43;72;100;43;79;57;43;11.76;3.43;3.57;2.43;Víkingur Reykjavík;ÍBV;2.09;1;2.29;1.29;1.4;1.13;93;79;57;29;0;75;37;30;0;0;0;738;22;Y;Y;Y;N;N;N;Y
213494;3812;3807;2016;complete;1290;16;-1;;10,27,57;0;3;3;8;3;11;2;1;3;1;0;0;9;2;5;3;14;5;10;12;57;43;3;1;2.01;3.74;3.83;0;0;0;0;0;0;0;0;0;0;0;0;0;0;0;0;0;0;0;0;0;0;0;0;0;0;0;0;0;0;0;0;0;0;0;0;0;0;0;0;0;0;0;0;0;0;0;0;0;0;0;0;0;0;0;0;0;0;0;0;0;0;0;0;0;3;0;2;0;1;1;2;2016-08-22 18:00:00;3807;0;57;22;36;0;-1;1;-1;-1;-1;-1;-1;-1;1;0;2;1;1;3;-1;0;0;0;0;0;0;0;0;0;0;0;0;0;1;1;0;1;-1;-1;0;0;-1;-1;-1;-1;-1;-1;-1;-1;-1;14;43;86;86;100;50;79;93;50;8.29;6.43;4;3.29;Fylkir;ÍA;0.82;0.82;0.71;0.86;0.87;1.47;86;57;14;14;0;57;43;36;0;0;0;738;22;Y;Y;Y;N;N;N;N
213495;54;971;2016;complete;1290;16;-1;25,53,78;34,57;3;2;5;4;6;10;3;0;2;1;0;0;2;2;1;4;3;6;15;9;59;41;2;1;1.87;3.75;4.47;0;0;0;0;0;0;0;0;0;0;0;0;0;0;0;0;0;0;0;0;0;0;0;0;0;0;0;0;0;0;0;0;0;0;0;0;0;0;0;0;0;0;0;0;0;0;0;0;0;0;0;0;0;0;0;0;0;0;0;0;0;0;0;0;0;5;1;1;2;1;3;2;2016-08-22 18:00:00;54;0;65;22;36;0;-1;1;-1;-1;-1;-1;-1;-1;1;0;1;1;1;2;-1;0;0;0;0;0;0;0;0;0;0;0;0;0;1;1;0;0;-1;-1;0;0;-1;-1;-1;-1;-1;-1;-1;-1;-1;15;22;43;86;100;22;79;93;43;13.14;4.14;3.86;2.72;FH;Stjarnan;1.82;1.55;2;1.57;2.07;1.8;86;79;57;15;0;72;72;57;0;0;0;738;22;Y;Y;Y;Y;Y;N;Y
213496;3813;3809;2016;complete;1290;16;-1;;26,48,62,65;0;4;4;6;6;12;0;1;5;1;0;0;9;3;7;12;16;15;9;11;44;56;5;1;7.85;5.14;1.42;0;0;0;0;0;0;0;0;0;0;0;0;0;0;0;0;0;0;0;0;0;0;0;0;0;0;0;0;0;0;0;0;0;0;0;0;0;0;0;0;0;0;0;0;0;0;0;0;0;0;0;0;0;0;0;0;0;0;0;0;0;0;0;0;0;4;0;1;0;3;3;1;2016-08-22 20:00:00;3809;0;65;36;36;0;-1;1;-1;-1;-1;-1;-1;-1;1;0;4;1;1;5;-1;0;0;0;0;0;0;0;0;0;0;0;0;0;1;1;0;0;-1;-1;0;0;-1;-1;-1;-1;-1;-1;-1;-1;-1;15;43;72;86;93;50;86;86;57;10;4.86;5;3.07;Thróttur Reykjavík;Valur;0.82;1;0.71;0.57;0.53;1.47;86;57;29;14;7;79;57;43;0;0;0;738;22;Y;Y;Y;Y;N;N;N
213497;3803;971;2016;complete;1290;17;-1;10,90;11;2;1;3;-1;-1;-1;-1;-1;1;2;0;0;-1;-1;-1;-1;-1;-1;-1;-1;-1;-1;1;2;2.4;3.52;3.08;0;0;0;0;0;0;0;0;0;0;0;0;0;0;0;0;0;0;0;0;0;0;0;0;0;0;0;0;0;0;0;0;0;0;0;0;0;0;0;0;0;0;0;0;0;0;0;0;0;0;0;0;0;0;0;0;0;0;0;0;0;0;0;0;0;3;1;1;1;0;1;2;2016-08-27 17:00:00;3803;0;57;25;38;0;-1;1;-1;-1;-1;-1;-1;-1;1;0;0;2;1;2;-1;0;0;0;0;0;0;0;0;0;0;0;0;0;1;1;1;0;-1;-1;0;0;-1;-1;-1;-1;-1;-1;-1;-1;-1;19;19;38;69;94;32;82;57;44;14.25;5.26;3.38;2.44;Breidablik;Stjarnan;1.36;1.55;1.38;1.38;1.69;1.69;82;82;63;32;7;88;88;76;0;0;0;738;22;Y;Y;Y;N;N;N;Y
213498;3805;3813;2016;complete;1290;17;-1;9;72;1;1;2;6;6;12;1;2;3;2;0;0;7;6;9;9;16;15;16;15;47;53;3;2;1.5;4.66;7.05;0;0;0;0;0;0;0;0;0;0;0;0;0;0;0;0;0;0;0;0;0;0;0;0;0;0;0;0;0;0;0;0;0;0;0;0;0;0;0;0;0;0;0;0;0;0;0;0;0;0;0;0;0;0;0;0;0;0;0;0;0;0;0;0;0;2;1;0;0;1;1;1;2016-08-28 17:00:00;-1;0;38;13;26;0;-1;1;-1;-1;-1;-1;-1;-1;0;0;3;2;0;5;-1;0;0;0;0;0;0;0;0;0;0;0;0;0;1;1;1;0;-1;-1;0;0;-1;-1;-1;-1;-1;-1;-1;-1;-1;19;26;44;88;100;44;63;82;50;10.57;2.5;5;2.82;ÍBV;Thróttur Reykjavík;1.09;0.45;1;0.38;1.06;0.5;82;76;57;13;0;75;67;60;0;0;0;738;22;Y;Y;N;N;N;N;Y
213499;3807;3810;2016;complete;1290;17;-1;4,33;;2;0;2;4;6;10;2;1;2;3;0;0;5;3;5;10;10;13;8;18;46;54;2;3;2.84;3.62;2.52;0;0;0;0;0;0;0;0;0;0;0;0;0;0;0;0;0;0;0;0;0;0;0;0;0;0;0;0;0;0;0;0;0;0;0;0;0;0;0;0;0;0;0;0;0;0;0;0;0;0;0;0;0;0;0;0;0;0;0;0;0;0;0;0;0;2;2;0;0;0;0;2;2016-08-28 18:00:00;3807;0;38;19;19;0;-1;1;-1;-1;-1;-1;-1;-1;1;1;1;2;2;3;-1;0;0;0;0;0;0;0;0;0;0;0;0;0;1;1;1;0;-1;-1;0;0;-1;-1;-1;-1;-1;-1;-1;-1;-1;13;25;57;69;94;38;69;69;51;8.51;3.38;3.88;2.75;ÍA;Víkingur Reykjavík;2;0.82;2;0.63;1.56;1.5;88;75;44;32;7;57;51;44;0;0;0;738;22;Y;Y;N;N;N;N;N
213500;3804;54;2016;complete;1290;17;-1;;44,62;0;2;2;2;3;5;-1;-1;0;1;0;0;5;5;4;7;9;12;-1;-1;-1;-1;0;1;7.24;4.55;1.5;0;0;0;0;0;0;0;0;0;0;0;0;0;0;0;0;0;0;0;0;0;0;0;0;0;0;0;0;0;0;0;0;0;0;0;0;0;0;0;0;0;0;0;0;0;0;0;0;0;0;0;0;0;0;0;0;0;0;0;0;0;0;0;0;0;2;0;1;0;1;1;1;2016-08-28 18:00:00;54;0;44;32;13;0;-1;1;-1;-1;-1;-1;-1;-1;0;0;0;1;0;1;-1;0;0;0;0;0;0;0;0;0;0;0;0;0;1;1;0;0;-1;-1;0;0;-1;-1;-1;-1;-1;-1;-1;-1;-1;13;26;44;63;100;38;63;88;38;9.18;3.5;5.25;2.44;Víkingur Ólafsvík;FH;1.27;2.09;1.63;2.13;1.19;2.13;88;76;57;38;0;60;41;41;0;0;0;738;22;Y;Y;N;N;N;N;N
213501;3808;3812;2016;complete;1290;17;-1;90;55;1;1;2;7;6;13;1;2;0;5;0;0;5;7;16;8;21;15;7;10;57;43;0;5;1.93;3.85;4.05;0;0;0;0;0;0;0;0;0;0;0;0;0;0;0;0;0;0;0;0;0;0;0;0;0;0;0;0;0;0;0;0;0;0;0;0;0;0;0;0;0;0;0;0;0;0;0;0;0;0;0;0;0;0;0;0;0;0;0;0;0;0;0;0;0;2;0;0;1;1;2;0;2016-08-28 18:00:00;-1;0;50;25;32;0;-1;1;-1;-1;-1;-1;-1;-1;0;1;0;4;1;4;-1;0;0;0;0;0;0;0;0;0;0;0;0;0;1;1;0;0;-1;-1;0;0;-1;-1;-1;-1;-1;-1;-1;-1;-1;13;32;50;82;100;44;57;94;63;8.38;3.63;3.26;2.82;Fjölnir;Fylkir;1.82;0.91;2;1;1.69;0.81;88;69;50;19;0;82;75;69;0;0;0;738;22;Y;Y;N;N;N;N;Y
213502;3809;973;2016;complete;1290;17;-1;73,88;;2;0;2;7;3;10;3;3;2;2;0;1;12;5;3;3;15;8;14;13;57;43;2;3;2.56;3.56;2.82;0;0;0;0;0;0;0;0;0;0;0;0;0;0;0;0;0;0;0;0;0;0;0;0;0;0;0;0;0;0;0;0;0;0;0;0;0;0;0;0;0;0;0;0;0;0;0;0;0;0;0;0;0;0;0;0;0;0;0;0;0;0;0;0;0;2;0;0;2;0;2;0;2016-08-28 20:00:00;3809;0;50;26;32;0;-1;1;-1;-1;-1;-1;-1;-1;1;1;1;2;2;3;-1;0;0;0;0;0;0;0;1;0;1;0;0;0;1;1;0;0;-1;-1;0;0;-1;-1;-1;-1;-1;-1;-1;-1;-1;19;44;57;69;100;44;82;82;44;12.51;4.63;4.01;3.01;Valur;KR;2.18;1.45;2.25;1.25;1.56;1.44;82;57;44;32;0;63;50;50;0;0;0;738;22;Y;Y;N;N;N;N;N
213503;973;3805;2016;complete;1290;18;-1;73,87;;2;0;2;7;7;14;-1;-1;2;1;0;0;3;0;0;0;3;0;-1;-1;-1;-1;2;1;1.67;4.06;5.59;0;0;0;0;0;0;0;0;0;0;0;0;0;0;0;0;0;0;0;0;0;0;0;0;0;0;0;0;0;0;0;0;0;0;0;0;0;0;0;0;0;0;0;0;0;0;0;0;0;0;0;0;0;0;0;0;0;0;0;0;0;0;0;0;0;2;0;0;2;0;2;0;2016-09-10 16:00:00;973;0;44;19;13;0;-1;1;-1;-1;-1;-1;-1;-1;0;1;2;0;1;2;-1;0;0;0;0;0;0;0;0;0;0;0;0;0;1;1;0;0;-1;-1;0;1;-1;-1;-1;-1;-1;-1;-1;-1;-1;0;0;38;63;88;32;63;57;19;10.5;3.75;3.5;1.88;KR;ÍBV;2;1;1.63;1.13;1.35;1.06;100;100;63;38;13;54;34;21;0;0;0;738;22;Y;Y;N;N;N;N;N
213504;3810;3808;2016;complete;1290;18;-1;35;34,81;1;2;3;6;6;12;2;0;2;3;0;0;3;10;5;13;8;23;12;16;46;54;2;3;2.57;3.66;2.76;0;0;0;0;0;0;0;0;0;0;0;0;0;0;0;0;0;0;0;0;0;0;0;0;0;0;0;0;0;0;0;0;0;0;0;0;0;0;0;0;0;0;0;0;0;0;0;0;0;0;0;0;0;0;0;0;0;0;0;0;0;0;0;0;0;3;1;1;0;1;1;2;2016-09-10 17:00:00;3808;0;57;26;26;0;-1;1;-1;-1;-1;-1;-1;-1;1;1;1;2;2;3;-1;0;0;0;0;0;0;0;0;0;0;0;0;0;1;1;0;0;-1;-1;0;0;-1;-1;-1;-1;-1;-1;-1;-1;-1;13;38;63;88;100;38;94;82;57;12.61;3.01;3.63;3;Víkingur Reykjavík;Fjölnir;2.09;1.55;2.38;1.38;1.41;1.65;88;63;38;13;0;86;60;47;0;0;0;738;22;Y;Y;Y;N;N;N;Y
213505;54;3803;2016;complete;1290;18;-1;33;32;1;1;2;5;2;7;2;1;2;1;0;0;5;2;8;5;13;7;11;10;46;54;2;1;1.85;3.69;4.65;0;0;0;0;0;0;0;0;0;0;0;0;0;0;0;0;0;0;0;0;0;0;0;0;0;0;0;0;0;0;0;0;0;0;0;0;0;0;0;0;0;0;0;0;0;0;0;0;0;0;0;0;0;0;0;0;0;0;0;0;0;0;0;0;0;2;1;1;0;0;0;2;2016-09-11 17:00:00;-1;0;50;19;26;0;-1;1;-1;-1;-1;-1;-1;-1;1;1;1;0;2;1;-1;0;0;0;0;0;0;0;0;0;0;0;0;0;1;1;0;0;-1;-1;0;0;-1;-1;-1;-1;-1;-1;-1;-1;-1;7;25;44;88;100;32;75;94;38;10.75;4.88;4.5;2.63;FH;Breidablik;1.82;1.82;2.13;2;2.18;1.76;94;75;57;13;0;82;76;57;0;0;0;738;22;Y;Y;N;N;N;N;Y
213506;3812;3804;2016;complete;1290;18;-1;8,64;83;2;1;3;5;4;9;3;1;3;5;0;1;9;5;4;10;13;15;14;13;47;53;3;6;2.05;3.71;3.76;0;0;0;0;0;0;0;0;0;0;0;0;0;0;0;0;0;0;0;0;0;0;0;0;0;0;0;0;0;0;0;0;0;0;0;0;0;0;0;0;0;0;0;0;0;0;0;0;0;0;0;0;0;0;0;0;0;0;0;0;0;0;0;0;0;3;1;0;1;1;2;1;2016-09-11 17:00:00;3812;0;63;13;44;0;-1;1;-1;-1;-1;-1;-1;-1;2;2;1;4;4;5;-1;0;0;0;0;0;0;0;1;0;1;0;0;0;1;1;1;0;-1;-1;0;0;-1;-1;-1;-1;-1;-1;-1;-1;-1;13;32;69;88;94;44;75;88;51;10.51;5.38;4.25;3;Fylkir;Víkingur Ólafsvík;0.82;0.64;0.63;0.75;0.82;1.12;88;69;32;13;7;82;63;38;0;0;0;738;22;Y;Y;Y;N;N;N;Y
213507;3813;3807;2016;complete;1290;18;-1;25,48,80;88;3;1;4;8;10;18;3;2;4;3;0;0;9;8;13;12;22;20;14;6;51;49;4;3;2.95;3.74;2.4;0;0;0;0;0;0;0;0;0;0;0;0;0;0;0;0;0;0;0;0;0;0;0;0;0;0;0;0;0;0;0;0;0;0;0;0;0;0;0;0;0;0;0;0;0;0;0;0;0;0;0;0;0;0;0;0;0;0;0;0;0;0;0;0;0;4;1;0;2;1;3;1;2016-09-11 19:15:00;3813;0;38;26;19;0;-1;1;-1;-1;-1;-1;-1;-1;2;1;2;2;3;4;-1;0;0;0;0;0;0;0;0;0;0;0;0;0;1;1;0;0;-1;-1;0;0;-1;-1;-1;-1;-1;-1;-1;-1;-1;19;44;76;88;100;57;88;88;57;6.63;3.63;5.38;3.25;Thróttur Reykjavík;ÍA;0.82;0.82;0.63;1.13;0.53;1.65;82;57;26;13;0;82;57;50;0;0;0;738;22;Y;Y;Y;Y;N;N;Y
213508;971;3809;2016;complete;1290;18;-1;13,41;45,79,90;2;3;5;5;6;11;-1;-1;1;6;0;0;6;8;5;5;11;13;-1;-1;-1;-1;1;6;3.5;3.62;2.16;0;0;0;0;0;0;0;0;0;0;0;0;0;0;0;0;0;0;0;0;0;0;0;0;0;0;0;0;0;0;0;0;0;0;0;0;0;0;0;0;0;0;0;0;0;0;0;0;0;0;0;0;0;0;0;0;0;0;0;0;0;0;0;0;0;5;2;1;0;2;2;3;2016-09-11 20:00:00;3809;0;63;13;44;0;-1;1;-1;-1;-1;-1;-1;-1;0;1;1;5;1;6;-1;0;0;0;0;0;0;0;0;0;0;0;0;0;1;1;0;0;-1;-1;0;0;-1;-1;-1;-1;-1;-1;-1;-1;-1;7;44;76;88;94;26;82;88;69;13.63;4.25;3.5;3.13;Stjarnan;Valur;2;1;2;0.88;1.59;1.65;94;57;26;13;7;76;69;63;0;0;0;738;22;Y;Y;Y;Y;Y;N;Y
213509;3804;3810;2016;complete;1290;19;-1;3;29;1;1;2;4;6;10;-1;-1;1;1;0;0;3;5;7;16;10;21;-1;-1;-1;-1;1;1;0;0;0;0;0;0;0;0;0;0;0;0;0;0;0;0;0;0;0;0;0;0;0;0;0;0;0;0;0;0;0;0;0;0;0;0;0;0;0;0;0;0;0;0;0;0;0;0;0;0;0;0;0;0;0;0;0;0;0;0;0;0;0;0;0;0;0;0;2;1;1;0;0;0;2;2016-09-15 17:00:00;-1;0;33;22;17;0;-1;1;-1;-1;-1;-1;-1;-1;0;0;1;1;0;2;-1;0;0;0;0;0;0;0;0;0;0;0;0;0;1;1;1;0;-1;-1;0;0;-1;-1;-1;-1;-1;-1;-1;-1;-1;17;28;56;73;95;39;67;78;45;8.91;2.23;4.44;2.78;Víkingur Ólafsvík;Víkingur Reykjavík;1.27;0.82;1.44;0.56;1.06;1.33;84;73;44;28;6;59;59;53;0;0;0;738;22;Y;Y;N;N;N;N;Y
213510;3808;3813;2016;complete;1290;19;-1;25,73;;2;0;2;13;0;13;0;1;1;2;0;1;8;0;22;3;30;3;8;7;66;34;1;4;0;0;0;0;0;0;0;0;0;0;0;0;0;0;0;0;0;0;0;0;0;0;0;0;0;0;0;0;0;0;0;0;0;0;0;0;0;0;0;0;0;0;0;0;0;0;0;0;0;0;0;0;0;0;0;0;0;0;0;0;0;0;0;0;0;0;0;0;2;1;0;1;0;1;1;2016-09-15 17:00:00;3808;0;50;22;28;0;-1;1;-1;-1;-1;-1;-1;-1;1;2;0;1;3;1;-1;0;0;0;0;0;0;0;1;0;1;0;0;0;1;1;0;0;-1;-1;0;0;-1;-1;-1;-1;-1;-1;-1;-1;-1;22;39;56;89;100;56;67;89;61;10.22;3.11;3.66;3.17;Fjölnir;Thróttur Reykjavík;1.82;0.45;1.89;0.44;1.72;0.67;78;62;45;11;0;78;73;73;0;0;0;738;22;Y;Y;N;N;N;N;N
213511;3812;54;2016;complete;1290;19;-1;18,45;22,59,74;2;3;5;3;9;12;0;0;1;2;1;0;3;8;2;5;5;13;9;8;44;56;3;2;0;0;0;0;0;0;0;0;0;0;0;0;0;0;0;0;0;0;0;0;0;0;0;0;0;0;0;0;0;0;0;0;0;0;0;0;0;0;0;0;0;0;0;0;0;0;0;0;0;0;0;0;0;0;0;0;0;0;0;0;0;0;0;0;0;0;0;0;5;2;1;0;2;2;3;2016-09-15 17:00:00;54;0;50;17;28;0;-1;1;-1;-1;-1;-1;-1;-1;0;1;2;1;1;3;-1;0;0;0;0;0;0;0;0;0;0;0;0;0;1;1;0;0;-1;-1;0;0;-1;-1;-1;-1;-1;-1;-1;-1;-1;6;22;56;73;100;28;67;95;39;10.56;6.22;4.89;2.56;Fylkir;FH;0.82;2.09;0.89;2.22;0.94;2.11;95;78;45;28;0;62;33;28;0;0;0;738;22;Y;Y;Y;Y;Y;N;Y
213512;3807;973;2016;complete;1290;19;-1;;61;0;1;1;2;7;9;4;4;1;1;0;0;4;4;5;12;9;16;14;13;36;64;1;1;0;0;0;0;0;0;0;0;0;0;0;0;0;0;0;0;0;0;0;0;0;0;0;0;0;0;0;0;0;0;0;0;0;0;0;0;0;0;0;0;0;0;0;0;0;0;0;0;0;0;0;0;0;0;0;0;0;0;0;0;0;0;0;0;0;0;0;0;1;0;0;0;1;1;0;2016-09-15 17:00:00;973;0;44;33;17;0;-1;1;-1;-1;-1;-1;-1;-1;0;0;1;1;0;2;-1;0;0;0;0;0;0;0;0;0;0;0;0;0;1;1;0;0;-1;-1;0;0;-1;-1;-1;-1;-1;-1;-1;-1;-1;11;33;44;67;100;50;78;67;39;9.89;4;4;2.62;ÍA;KR;2;1.45;2.11;1.11;1.56;1.44;89;67;56;33;0;67;50;33;0;0;0;738;22;Y;N;N;N;N;N;N
213513;3809;3803;2016;complete;1290;19;-1;;37,52,66;0;3;3;7;4;11;4;6;2;3;1;0;8;6;9;8;17;14;7;8;49;51;4;3;1.85;3.69;4.65;0;0;0;0;0;0;0;0;0;0;0;0;0;0;0;0;0;0;0;0;0;0;0;0;0;0;0;0;0;0;0;0;0;0;0;0;0;0;0;0;0;0;0;0;0;0;0;0;0;0;0;0;0;0;0;0;0;0;0;0;0;0;0;0;0;3;0;1;0;2;2;1;2016-09-15 20:00:00;3803;0;50;22;22;0;-1;1;-1;-1;-1;-1;-1;-1;2;1;1;2;3;3;-1;0;0;0;0;0;0;0;0;0;0;0;0;0;1;1;0;0;-1;-1;0;0;-1;-1;-1;-1;-1;-1;-1;-1;-1;11;28;50;95;100;50;78;84;45;10.44;5;4.22;2.95;Valur;Breidablik;2.18;1.82;2.33;1.89;1.72;1.72;89;73;50;6;0;73;67;56;0;0;0;738;22;Y;Y;Y;N;N;N;N
213514;3805;971;2016;complete;1290;19;-1;61;19,72;1;2;3;10;2;12;4;0;4;1;0;0;7;5;17;4;24;9;10;12;54;46;4;1;0;0;0;0;0;0;0;0;0;0;0;0;0;0;0;0;0;0;0;0;0;0;0;0;0;0;0;0;0;0;0;0;0;0;0;0;0;0;0;0;0;0;0;0;0;0;0;0;0;0;0;0;0;0;0;0;0;0;0;0;0;0;0;0;0;0;0;0;3;0;1;1;1;2;1;2016-09-16 16:45:00;971;0;67;28;39;0;-1;1;-1;-1;-1;-1;-1;-1;1;1;3;0;2;3;-1;0;0;0;0;0;0;0;0;0;0;0;0;0;1;1;0;0;-1;-1;0;0;-1;-1;-1;-1;-1;-1;-1;-1;-1;17;22;50;95;100;39;73;89;50;12.13;2.78;4.56;2.89;ÍBV;Stjarnan;1.09;1.55;1;1.22;1;1.5;84;78;50;6;0;88;82;63;0;0;0;738;22;Y;Y;Y;N;N;N;Y
213515;54;3809;2016;complete;1290;20;-1;84;20;1;1;2;6;5;11;1;1;2;3;0;0;6;6;8;11;14;17;11;12;23;77;2;3;0;0;0;0;0;0;0;0;0;0;0;0;0;0;0;0;0;0;0;0;0;0;0;0;0;0;0;0;0;0;0;0;0;0;0;0;0;0;0;0;0;0;0;0;0;0;0;0;0;0;0;0;0;0;0;0;0;0;0;0;0;0;0;0;0;0;0;0;2;0;1;1;0;1;1;2016-09-18 14:00:00;-1;0;67;28;39;0;-1;1;-1;-1;-1;-1;-1;-1;0;1;2;2;1;4;-1;0;0;0;0;0;0;0;0;1;0;1;0;0;1;1;0;0;-1;-1;0;0;-1;-1;-1;-1;-1;-1;-1;-1;-1;11;39;61;84;95;33;84;89;50;12.22;4.44;4;2.89;FH;Valur;1.82;1;2;1.11;2.16;1.63;89;61;39;17;6;62;62;45;0;0;0;738;22;Y;Y;N;N;N;N;Y
213516;3810;3812;2016;complete;1290;20;-1;8,83;22,72;2;2;4;7;10;17;-1;-1;1;3;0;0;5;7;7;11;12;18;-1;-1;-1;-1;1;3;0;0;0;0;0;0;0;0;0;0;0;0;0;0;0;0;0;0;0;0;0;0;0;0;0;0;0;0;0;0;0;0;0;0;0;0;0;0;0;0;0;0;0;0;0;0;0;0;0;0;0;0;0;0;0;0;0;0;0;0;0;0;0;0;0;0;0;0;4;1;1;1;1;2;2;2016-09-18 16:00:00;-1;0;62;33;22;0;-1;1;-1;-1;-1;-1;-1;-1;0;2;1;1;2;2;-1;0;0;0;0;0;0;0;0;0;0;0;0;0;1;1;1;0;-1;-1;0;0;-1;-1;-1;-1;-1;-1;-1;-1;-1;11;22;45;84;100;39;67;84;56;10.45;3.89;4.11;2.61;Víkingur Reykjavík;Fylkir;2.09;0.91;2.11;1;1.32;0.89;89;78;56;17;0;89;73;62;0;0;0;738;22;Y;Y;Y;Y;N;N;Y
213517;973;3808;2016;complete;1290;20;-1;30,49,71;8,51;3;2;5;10;5;15;0;0;3;2;0;1;9;7;9;8;18;15;4;4;-1;-1;3;4;0;0;0;0;0;0;0;0;0;0;0;0;0;0;0;0;0;0;0;0;0;0;0;0;0;0;0;0;0;0;0;0;0;0;0;0;0;0;0;0;0;0;0;0;0;0;0;0;0;0;0;0;0;0;0;0;0;0;0;0;0;0;0;0;0;0;0;0;5;1;1;2;1;3;2;2016-09-18 16:00:00;973;0;56;17;28;0;-1;1;-1;-1;-1;-1;-1;-1;2;1;1;2;3;3;-1;0;0;0;0;0;0;0;0;0;0;0;0;0;1;1;0;1;-1;-1;0;0;-1;-1;-1;-1;-1;-1;-1;-1;-1;6;17;50;78;89;22;72;78;39;11.55;2.89;3.45;2.39;KR;Fjölnir;2;1.55;1.78;1.56;1.53;1.79;95;84;50;22;11;66;54;36;0;0;0;738;22;Y;Y;Y;Y;Y;N;Y
213518;3803;3805;2016;complete;1290;20;-1;49;38;1;1;2;6;5;11;1;1;0;3;0;0;3;4;10;8;13;12;8;21;56;44;0;3;0;0;0;0;0;0;0;0;0;0;0;0;0;0;0;0;0;0;0;0;0;0;0;0;0;0;0;0;0;0;0;0;0;0;0;0;0;0;0;0;0;0;0;0;0;0;0;0;0;0;0;0;0;0;0;0;0;0;0;0;0;0;0;0;0;0;0;0;2;0;1;1;0;1;1;2016-09-19 16:45:00;-1;0;28;17;11;0;-1;1;-1;-1;-1;-1;-1;-1;0;1;0;2;1;2;-1;0;0;0;0;0;0;0;0;0;0;0;0;0;1;1;0;0;-1;-1;0;0;-1;-1;-1;-1;-1;-1;-1;-1;-1;0;0;28;56;95;33;73;45;22;13;3.89;3.23;1.78;Breidablik;ÍBV;1.36;1;1.56;1;1.79;0.95;100;100;73;45;6;76;63;63;0;0;0;738;22;Y;Y;N;N;N;N;Y
213519;3813;3804;2016;complete;1290;20;-1;27;85;1;1;2;5;3;8;1;1;2;0;1;0;5;4;13;5;18;9;16;10;50;50;3;0;0;0;0;0;0;0;0;0;0;0;0;0;0;0;0;0;0;0;0;0;0;0;0;0;0;0;0;0;0;0;0;0;0;0;0;0;0;0;0;0;0;0;0;0;0;0;0;0;0;0;0;0;0;0;0;0;0;0;0;0;0;0;0;0;0;0;0;0;2;1;0;0;1;1;1;2016-09-19 19:15:00;-1;0;56;17;39;0;-1;1;-1;-1;-1;-1;-1;-1;1;0;2;0;1;2;-1;0;0;0;0;0;0;0;0;0;0;0;0;0;1;1;0;0;-1;-1;0;0;-1;-1;-1;-1;-1;-1;-1;-1;-1;17;39;62;89;95;39;84;84;67;8.89;3.11;6.11;3.06;Thróttur Reykjavík;Víkingur Ólafsvík;0.82;0.64;0.89;0.67;0.63;1.05;84;61;39;11;6;100;67;45;0;0;0;738;22;Y;Y;N;N;N;N;Y
213520;971;3807;2016;complete;1290;20;-1;45,50,81;3;3;1;4;10;5;15;2;1;0;1;0;0;5;5;12;6;17;11;9;8;60;40;0;1;0;0;0;0;0;0;0;0;0;0;0;0;0;0;0;0;0;0;0;0;0;0;0;0;0;0;0;0;0;0;0;0;0;0;0;0;0;0;0;0;0;0;0;0;0;0;0;0;0;0;0;0;0;0;0;0;0;0;0;0;0;0;0;0;0;0;0;0;4;1;1;2;0;2;2;2016-09-19 20:00:00;971;0;50;11;33;0;-1;1;-1;-1;-1;-1;-1;-1;0;1;0;0;1;0;-1;0;0;0;0;0;0;0;0;0;0;0;0;0;1;1;0;1;-1;-1;0;0;-1;-1;-1;-1;-1;-1;-1;-1;-1;17;44;78;89;100;39;84;89;67;10.55;3.22;3.78;3.33;Stjarnan;ÍA;2;0.82;1.78;1;1.58;1.47;84;56;22;11;0;78;67;67;0;0;0;738;22;Y;Y;Y;Y;N;N;Y
213521;3805;3809;2016;complete;1290;21;-1;10,33,41,85;;4;0;4;5;5;10;1;3;1;0;0;0;7;4;5;11;12;15;10;8;37;63;1;0;0;0;0;0;0;0;0;0;0;0;0;0;0;0;0;0;0;0;0;0;0;0;0;0;0;0;0;0;0;0;0;0;0;0;0;0;0;0;0;0;0;0;0;0;0;0;0;0;0;0;0;0;0;0;0;0;0;0;0;0;0;0;0;0;0;0;0;0;4;3;0;1;0;1;3;2016-09-25 14:00:00;3805;0;65;15;40;0;-1;1;-1;-1;-1;-1;-1;-1;0;0;1;0;0;1;-1;0;0;0;0;0;0;0;0;0;0;0;0;0;1;1;1;0;-1;-1;0;0;-1;-1;-1;-1;-1;-1;-1;-1;-1;5;30;60;90;95;30;75;90;55;12.11;3.7;5;2.8;ÍBV;Valur;1.09;1;0.9;1.1;0.95;1.6;95;70;40;10;5;80;74;64;0;0;0;738;22;Y;Y;Y;Y;N;N;N
213522;3812;3813;2016;complete;1290;21;-1;19,21;13,60;2;2;4;8;3;11;1;0;1;2;0;0;6;5;16;7;22;12;13;18;57;43;1;2;0;0;0;0;0;0;0;0;0;0;0;0;0;0;0;0;0;0;0;0;0;0;0;0;0;0;0;0;0;0;0;0;0;0;0;0;0;0;0;0;0;0;0;0;0;0;0;0;0;0;0;0;0;0;0;0;0;0;0;0;0;0;0;0;0;0;0;0;4;2;1;0;1;1;3;2016-09-25 14:00:00;-1;0;55;25;25;0;-1;1;-1;-1;-1;-1;-1;-1;0;0;1;2;0;3;-1;0;0;0;0;0;0;0;0;0;0;0;0;0;1;1;0;0;-1;-1;0;0;-1;-1;-1;-1;-1;-1;-1;-1;-1;25;35;65;90;100;50;80;90;45;10.3;4.8;4.8;3.2;Fylkir;Thróttur Reykjavík;0.82;0.45;0.8;0.4;0.9;0.65;75;65;35;10;0;70;60;55;0;0;0;738;22;Y;Y;Y;Y;N;N;Y
213523;3810;54;2016;complete;1290;21;-1;14;;1;0;1;8;12;20;1;3;1;3;0;0;7;11;10;8;17;19;9;11;45;55;1;3;0;0;0;0;0;0;0;0;0;0;0;0;0;0;0;0;0;0;0;0;0;0;0;0;0;0;0;0;0;0;0;0;0;0;0;0;0;0;0;0;0;0;0;0;0;0;0;0;0;0;0;0;0;0;0;0;0;0;0;0;0;0;0;0;0;0;0;0;1;1;0;0;0;0;1;2016-09-25 14:00:00;3810;0;55;35;15;0;-1;1;-1;-1;-1;-1;-1;-1;0;1;1;2;1;3;-1;0;0;0;0;0;0;0;0;0;0;0;0;0;1;1;0;0;-1;-1;0;0;-1;-1;-1;-1;-1;-1;-1;-1;-1;10;30;50;75;100;40;75;85;50;11.7;3.9;4.5;2.65;Víkingur Reykjavík;FH;2.09;2.09;2;2.3;1.3;2.1;90;70;50;25;0;80;50;45;0;0;0;738;22;Y;N;N;N;N;N;N
213524;3807;3803;2016;complete;1290;21;-1;57;;1;0;1;3;11;14;2;2;1;0;0;0;4;10;4;16;8;26;6;11;40;60;1;0;0;0;0;0;0;0;0;0;0;0;0;0;0;0;0;0;0;0;0;0;0;0;0;0;0;0;0;0;0;0;0;0;0;0;0;0;0;0;0;0;0;0;0;0;0;0;0;0;0;0;0;0;0;0;0;0;0;0;0;0;0;0;0;0;0;0;0;0;1;0;0;1;0;1;0;2016-09-25 14:00:00;3807;0;45;30;10;0;-1;1;-1;-1;-1;-1;-1;-1;1;0;0;0;1;0;-1;0;0;0;0;0;0;0;0;0;0;0;0;0;1;1;0;0;-1;-1;0;0;-1;-1;-1;-1;-1;-1;-1;-1;-1;5;20;45;85;100;55;80;70;35;7.9;4.8;4.1;2.6;ÍA;Breidablik;2;1.82;1.9;2;1.4;1.75;95;80;55;15;0;75;60;45;0;0;0;738;22;Y;N;N;N;N;N;N
213525;3808;971;2016;complete;1290;21;-1;;65;0;1;1;8;5;13;1;3;2;2;0;0;8;5;11;5;19;10;12;20;60;40;2;2;0;0;0;0;0;0;0;0;0;0;0;0;0;0;0;0;0;0;0;0;0;0;0;0;0;0;0;0;0;0;0;0;0;0;0;0;0;0;0;0;0;0;0;0;0;0;0;0;0;0;0;0;0;0;0;0;0;0;0;0;0;0;0;0;0;0;0;0;1;0;0;0;1;1;0;2016-09-25 14:00:00;971;0;70;35;45;0;-1;1;-1;-1;-1;-1;-1;-1;0;1;2;1;1;3;-1;0;0;0;0;0;0;0;0;0;0;0;0;0;1;1;0;0;-1;-1;0;0;-1;-1;-1;-1;-1;-1;-1;-1;-1;20;35;65;95;100;50;75;95;65;11.9;3;3.1;3.25;Fjölnir;Stjarnan;1.82;1.55;2;1.4;1.7;1.65;80;65;35;5;0;90;85;74;0;0;0;738;22;Y;N;N;N;N;N;N
213526;3804;973;2016;complete;1290;21;-1;;28;0;1;1;5;3;8;-1;-1;5;2;0;0;0;2;0;0;0;2;-1;-1;-1;-1;5;2;0;0;0;0;0;0;0;0;0;0;0;0;0;0;0;0;0;0;0;0;0;0;0;0;0;0;0;0;0;0;0;0;0;0;0;0;0;0;0;0;0;0;0;0;0;0;0;0;0;0;0;0;0;0;0;0;0;0;0;0;0;0;0;0;0;0;0;0;1;0;1;0;0;0;1;2016-09-25 14:00:00;973;0;45;40;15;0;-1;1;-1;-1;-1;-1;-1;-1;3;0;2;2;3;4;-1;0;0;0;0;0;0;0;0;0;0;0;0;0;1;1;0;0;-1;-1;0;0;-1;-1;-1;-1;-1;-1;-1;-1;-1;15;35;45;65;100;45;70;80;35;10.21;2.9;4.2;2.6;Víkingur Ólafsvík;KR;1.27;1.45;1.4;1.3;1.05;1.6;85;65;55;35;0;68;53;42;0;0;0;738;22;Y;N;N;N;N;N;N
213527;3813;3810;2016;complete;1290;22;-1;47;22,57;1;2;3;2;9;11;1;0;1;1;0;0;4;10;3;7;7;17;11;8;39;61;1;1;0;0;0;0;0;0;0;0;0;0;0;0;0;0;0;0;0;0;0;0;0;0;0;0;0;0;0;0;0;0;0;0;0;0;0;0;0;0;0;0;0;0;0;0;0;0;0;0;0;0;0;0;0;0;0;0;0;0;0;0;0;0;0;0;0;0;0;0;3;0;1;1;1;2;1;2016-10-01 14:00:00;3810;0;40;20;20;0;-1;1;-1;-1;-1;-1;-1;-1;0;1;1;0;1;1;-1;0;0;0;0;0;0;0;0;0;0;0;0;0;1;1;0;0;-1;-1;0;0;-1;-1;-1;-1;-1;-1;-1;-1;-1;15;35;55;80;95;35;75;75;55;9.5;3.1;5.7;2.9;Thróttur Reykjavík;Víkingur Reykjavík;0.82;0.82;0.9;0.6;0.67;1.38;85;65;45;20;5;80;65;50;0;0;0;738;22;Y;Y;Y;N;N;N;Y
213528;973;3812;2016;complete;1290;22;-1;6,42,80;;3;0;3;3;5;8;3;3;0;2;0;0;8;6;10;14;18;20;11;9;54;46;0;2;0;0;0;0;0;0;0;0;0;0;0;0;0;0;0;0;0;0;0;0;0;0;0;0;0;0;0;0;0;0;0;0;0;0;0;0;0;0;0;0;0;0;0;0;0;0;0;0;0;0;0;0;0;0;0;0;0;0;0;0;0;0;0;0;0;0;0;0;3;2;0;1;0;1;2;2016-10-01 14:00:00;973;0;60;25;35;0;-1;1;-1;-1;-1;-1;-1;-1;0;0;0;2;0;2;-1;0;0;0;0;0;0;0;0;0;0;0;0;0;1;1;1;0;-1;-1;0;0;-1;-1;-1;-1;-1;-1;-1;-1;-1;10;15;35;75;90;25;50;80;50;10.5;3.4;4;2.25;KR;Fylkir;2;0.91;1.9;1;1.67;0.9;90;85;65;25;10;70;65;50;0;0;0;738;22;Y;Y;Y;N;N;N;N
213529;54;3805;2016;complete;1290;22;-1;84;53;1;1;2;6;4;10;3;3;2;2;0;0;5;4;6;7;11;11;13;9;59;41;2;2;0;0;0;0;0;0;0;0;0;0;0;0;0;0;0;0;0;0;0;0;0;0;0;0;0;0;0;0;0;0;0;0;0;0;0;0;0;0;0;0;0;0;0;0;0;0;0;0;0;0;0;0;0;0;0;0;0;0;0;0;0;0;0;0;0;0;0;0;2;0;0;1;1;2;0;2016-10-01 14:00:00;-1;0;45;20;15;0;-1;1;-1;-1;-1;-1;-1;-1;2;1;0;1;3;1;-1;0;0;0;0;0;0;0;1;0;1;0;0;0;1;1;0;0;-1;-1;0;0;-1;-1;-1;-1;-1;-1;-1;-1;-1;5;10;30;75;100;30;75;75;25;11.32;3;3.8;2.2;FH;ÍBV;1.82;1;1.9;1;2;1.05;95;90;70;25;0;64;52;42;0;0;0;738;22;Y;Y;N;N;N;N;Y
213530;3809;3807;2016;complete;1290;22;-1;60;;1;0;1;14;5;19;2;0;1;0;0;0;11;4;14;5;25;9;7;8;64;36;1;0;0;0;0;0;0;0;0;0;0;0;0;0;0;0;0;0;0;0;0;0;0;0;0;0;0;0;0;0;0;0;0;0;0;0;0;0;0;0;0;0;0;0;0;0;0;0;0;0;0;0;0;0;0;0;0;0;0;0;0;0;0;0;0;0;0;0;0;0;1;0;0;1;0;1;0;2016-10-01 14:00:00;3809;0;45;15;30;0;-1;1;-1;-1;-1;-1;-1;-1;0;0;1;0;0;1;-1;0;0;0;0;0;0;0;0;0;0;0;0;0;1;1;0;0;-1;-1;0;0;-1;-1;-1;-1;-1;-1;-1;-1;-1;15;40;75;90;100;50;85;90;60;9.8;4.5;3.9;3.3;Valur;ÍA;2.18;0.82;2.1;0.9;1.52;1.48;85;60;25;10;0;65;60;55;0;0;0;738;22;Y;N;N;N;N;N;N
213531;971;3804;2016;complete;1290;22;-1;25,50,62,71;57;4;1;5;6;2;8;-1;-1;1;3;0;0;5;2;0;0;5;2;-1;-1;-1;-1;1;3;0;0;0;0;0;0;0;0;0;0;0;0;0;0;0;0;0;0;0;0;0;0;0;0;0;0;0;0;0;0;0;0;0;0;0;0;0;0;0;0;0;0;0;0;0;0;0;0;0;0;0;0;0;0;0;0;0;0;0;0;0;0;0;0;0;0;0;0;5;1;0;3;1;4;1;2016-10-01 14:00:00;971;0;65;10;40;0;-1;1;-1;-1;-1;-1;-1;-1;1;3;0;0;4;0;-1;0;0;0;0;0;0;0;0;1;0;1;0;0;1;1;0;0;-1;-1;0;1;-1;-1;-1;-1;-1;-1;-1;-1;-1;15;35;60;90;95;30;80;85;70;11.7;2.6;3.9;3.05;Stjarnan;Víkingur Ólafsvík;2;0.64;1.9;0.7;1.71;1;85;65;40;10;5;90;70;55;0;0;0;738;22;Y;Y;Y;Y;Y;N;Y
213532;3803;3808;2016;complete;1290;22;-1;;85,87,90;0;3;3;10;6;16;-1;-1;1;3;0;0;4;5;11;10;15;15;-1;-1;-1;-1;1;3;0;0;0;0;0;0;0;0;0;0;0;0;0;0;0;0;0;0;0;0;0;0;0;0;0;0;0;0;0;0;0;0;0;0;0;0;0;0;0;0;0;0;0;0;0;0;0;0;0;0;0;0;0;0;0;0;0;0;0;0;0;0;0;0;0;0;0;0;3;0;0;0;3;3;0;2016-10-01 14:00:00;3808;0;50;20;30;0;-1;1;-1;-1;-1;-1;-1;-1;0;1;1;2;1;3;-1;0;0;0;0;0;0;0;0;0;0;0;0;0;1;1;0;0;-1;-1;0;0;-1;-1;-1;-1;-1;-1;-1;-1;-1;10;20;45;70;95;30;90;65;35;13.34;3.4;3.3;2.4;Breidablik;Fjölnir;1.36;1.55;1.5;1.4;1.67;1.62;90;80;55;30;5;84;78;73;0;0;0;738;22;Y;Y;Y;N;N;N;N
