ID;HOMEID;AWAYID;SEASON;STATUS;ROUNDID;GAME_WEEK;REVISED_GAME_WEEK;HOMEGOALS;AWAYGOALS;HOMEGOALCOUNT;AWAYGOALCOUNT;TOTALGOALCOUNT;TEAM_A_CORNERS;TEAM_B_CORNERS;TOTALCORNERCOUNT;TEAM_A_OFFSIDES;TEAM_B_OFFSIDES;TEAM_A_YELLOW_CARDS;TEAM_B_YELLOW_CARDS;TEAM_A_RED_CARDS;TEAM_B_RED_CARDS;TEAM_A_SHOTSONTARGET;TEAM_B_SHOTSONTARGET;TEAM_A_SHOTSOFFTARGET;TEAM_B_SHOTSOFFTARGET;TEAM_A_SHOTS;TEAM_B_SHOTS;TEAM_A_FOULS;TEAM_B_FOULS;TEAM_A_POSSESSION;TEAM_B_POSSESSION;TEAM_A_CARDS_NUM;TEAM_B_CARDS_NUM;ODDS_FT_1;ODDS_FT_X;ODDS_FT_2;ODDS_FT_OVER05;ODDS_FT_OVER15;ODDS_FT_OVER25;ODDS_FT_OVER35;ODDS_FT_OVER45;ODDS_FT_UNDER05;ODDS_FT_UNDER15;ODDS_FT_UNDER25;ODDS_FT_UNDER35;ODDS_FT_UNDER45;ODDS_BTTS_YES;ODDS_BTTS_NO;ODDS_TEAM_A_CS_YES;ODDS_TEAM_A_CS_NO;ODDS_TEAM_B_CS_YES;ODDS_TEAM_B_CS_NO;ODDS_DOUBLECHANCE_1X;ODDS_DOUBLECHANCE_12;ODDS_DOUBLECHANCE_X2;ODDS_1ST_HALF_RESULT_1;ODDS_1ST_HALF_RESULT_X;ODDS_1ST_HALF_RESULT_2;ODDS_2ND_HALF_RESULT_1;ODDS_2ND_HALF_RESULT_X;ODDS_2ND_HALF_RESULT_2;ODDS_DNB_1;ODDS_DNB_2;ODDS_CORNERS_OVER_75;ODDS_CORNERS_OVER_85;ODDS_CORNERS_OVER_95;ODDS_CORNERS_OVER_105;ODDS_CORNERS_OVER_115;ODDS_CORNERS_UNDER_75;ODDS_CORNERS_UNDER_85;ODDS_CORNERS_UNDER_95;ODDS_CORNERS_UNDER_105;ODDS_CORNERS_UNDER_115;ODDS_CORNERS_1;ODDS_CORNERS_X;ODDS_CORNERS_2;ODDS_TEAM_TO_SCORE_FIRST_1;ODDS_TEAM_TO_SCORE_FIRST_X;ODDS_TEAM_TO_SCORE_FIRST_2;ODDS_WIN_TO_NIL_1;ODDS_WIN_TO_NIL_2;ODDS_1ST_HALF_OVER05;ODDS_1ST_HALF_OVER15;ODDS_1ST_HALF_OVER25;ODDS_1ST_HALF_OVER35;ODDS_1ST_HALF_UNDER05;ODDS_1ST_HALF_UNDER15;ODDS_1ST_HALF_UNDER25;ODDS_1ST_HALF_UNDER35;ODDS_2ND_HALF_OVER05;ODDS_2ND_HALF_OVER15;ODDS_2ND_HALF_OVER25;ODDS_2ND_HALF_OVER35;ODDS_2ND_HALF_UNDER05;ODDS_2ND_HALF_UNDER15;ODDS_2ND_HALF_UNDER25;ODDS_2ND_HALF_UNDER35;ODDS_BTTS_1ST_HALF_YES;ODDS_BTTS_1ST_HALF_NO;ODDS_BTTS_2ND_HALF_YES;ODDS_BTTS_2ND_HALF_NO;OVERALLGOALCOUNT;HT_GOALS_TEAM_A;HT_GOALS_TEAM_B;GOALS_2HG_TEAM_A;GOALS_2HG_TEAM_B;GOALCOUNT_2HG;HTGOALCOUNT;DATE_UNIX;WINNINGTEAM;NO_HOME_AWAY;BTTS_POTENTIAL;BTTS_FHG_POTENTIAL;BTTS_2HG_POTENTIAL;GOALTIMINGDISABLED;CORNER_TIMINGS_RECORDED;CARD_TIMINGS_RECORDED;TEAM_A_FH_CORNERS;TEAM_B_FH_CORNERS;TEAM_A_2H_CORNERS;TEAM_B_2H_CORNERS;CORNER_FH_COUNT;CORNER_2H_COUNT;TEAM_A_FH_CARDS;TEAM_B_FH_CARDS;TEAM_A_2H_CARDS;TEAM_B_2H_CARDS;TOTAL_FH_CARDS;TOTAL_2H_CARDS;ATTACKS_RECORDED;TEAM_A_DANGEROUS_ATTACKS;TEAM_B_DANGEROUS_ATTACKS;TEAM_A_ATTACKS;TEAM_B_ATTACKS;TEAM_A_XG;TEAM_B_XG;TOTAL_XG;TEAM_A_PENALTIES_WON;TEAM_B_PENALTIES_WON;TEAM_A_PENALTY_GOALS;TEAM_B_PENALTY_GOALS;TEAM_A_PENALTY_MISSED;TEAM_B_PENALTY_MISSED;PENS_RECORDED;GOAL_TIMINGS_RECORDED;TEAM_A_0_10_MIN_GOALS;TEAM_B_0_10_MIN_GOALS;TEAM_A_CORNERS_0_10_MIN;TEAM_B_CORNERS_0_10_MIN;TEAM_A_CARDS_0_10_MIN;TEAM_B_CARDS_0_10_MIN;THROWINS_RECORDED;TEAM_A_THROWINS;TEAM_B_THROWINS;FREEKICKS_RECORDED;TEAM_A_FREEKICKS;TEAM_B_FREEKICKS;GOALKICKS_RECORDED;TEAM_A_GOALKICKS;TEAM_B_GOALKICKS;O45_POTENTIAL;O35_POTENTIAL;O25_POTENTIAL;O15_POTENTIAL;O05_POTENTIAL;O15HT_POTENTIAL;O05HT_POTENTIAL;O05_2H_POTENTIAL;O15_2H_POTENTIAL;CORNERS_POTENTIAL;OFFSIDES_POTENTIAL;CARDS_POTENTIAL;AVG_POTENTIAL;HOME_NAME;AWAY_NAME;HOME_PPG;AWAY_PPG;PRE_MATCH_HOME_PPG;PRE_MATCH_AWAY_PPG;PRE_MATCH_TEAMA_OVERALL_PPG;PRE_MATCH_TEAMB_OVERALL_PPG;U45_POTENTIAL;U35_POTENTIAL;U25_POTENTIAL;U15_POTENTIAL;U05_POTENTIAL;CORNERS_O85_POTENTIAL;CORNERS_O95_POTENTIAL;CORNERS_O105_POTENTIAL;TEAM_A_XG_PREMATCH;TEAM_B_XG_PREMATCH;TOTAL_XG_PREMATCH;COMPETITION_ID;MATCHES_COMPLETED_MINIMUM;OVER05;OVER15;OVER25;OVER35;OVER45;OVER55;BTTS
213665;3815;3817;2014;complete;1292;1;-1;25,33,81;85;3;1;4;8;5;13;2;3;2;2;0;0;3;4;5;7;8;11;15;10;44;56;2;2;2.33;3.75;2.99;0;0;0;0;0;0;0;0;0;0;0;0;0;0;0;0;0;0;0;0;0;0;0;0;0;0;0;0;0;0;0;0;0;0;0;0;0;0;0;0;0;0;0;0;0;0;0;0;0;0;0;0;0;0;0;0;0;0;0;0;0;0;0;0;0;4;2;0;1;1;2;2;2014-05-04 16:00:00;3815;0;0;0;0;0;-1;1;-1;-1;-1;-1;-1;-1;1;0;1;2;1;3;-1;0;0;0;0;0;0;0;1;0;1;0;0;0;1;1;0;0;-1;-1;0;0;-1;-1;-1;-1;-1;-1;-1;-1;-1;0;0;0;0;0;0;0;0;0;0;0;0;0;Keflavík;Thór;1.09;0.09;0;0;0;0;0;0;0;0;0;0;0;0;0;0;0;740;22;Y;Y;Y;Y;N;N;Y
213666;3816;3805;2014;complete;1292;1;-1;31;72;1;1;2;4;11;15;1;0;2;1;0;0;5;8;7;5;12;13;21;16;48;52;2;1;2.35;3.56;3.09;0;0;0;0;0;0;0;0;0;0;0;0;0;0;0;0;0;0;0;0;0;0;0;0;0;0;0;0;0;0;0;0;0;0;0;0;0;0;0;0;0;0;0;0;0;0;0;0;0;0;0;0;0;0;0;0;0;0;0;0;0;0;0;0;0;2;1;0;0;1;1;1;2014-05-04 16:00:00;-1;0;0;0;0;0;-1;1;-1;-1;-1;-1;-1;-1;1;0;1;1;1;2;-1;0;0;0;0;0;0;0;0;0;0;0;0;0;1;1;0;0;-1;-1;0;0;-1;-1;-1;-1;-1;-1;-1;-1;-1;0;0;0;0;0;0;0;0;0;0;0;0;0;Fram;ÍBV;1.09;0.91;0;0;0;0;0;0;0;0;0;0;0;0;0;0;0;740;22;Y;Y;N;N;N;N;Y
213667;3808;3810;2014;complete;1292;1;-1;15,45,78;;3;0;3;2;7;9;1;5;0;0;0;1;3;6;1;7;4;13;13;14;50;50;0;2;2.91;3.7;2.4;0;0;0;0;0;0;0;0;0;0;0;0;0;0;0;0;0;0;0;0;0;0;0;0;0;0;0;0;0;0;0;0;0;0;0;0;0;0;0;0;0;0;0;0;0;0;0;0;0;0;0;0;0;0;0;0;0;0;0;0;0;0;0;0;0;3;2;0;1;0;1;2;2014-05-04 19:15:00;3808;0;0;0;0;0;-1;1;-1;-1;-1;-1;-1;-1;0;0;0;1;0;1;-1;0;0;0;0;0;0;0;0;0;0;0;0;0;1;1;0;0;-1;-1;0;0;-1;-1;-1;-1;-1;-1;-1;-1;-1;0;0;0;0;0;0;0;0;0;0;0;0;0;Fjölnir;Víkingur Reykjavík;1.36;1.27;0;0;0;0;0;0;0;0;0;0;0;0;0;0;0;740;22;Y;Y;Y;N;N;N;N
213668;971;3812;2014;complete;1292;1;-1;85;;1;0;1;8;6;14;1;5;1;2;0;0;6;7;3;4;9;11;9;9;52;48;1;2;1.72;4.07;4.92;0;0;0;0;0;0;0;0;0;0;0;0;0;0;0;0;0;0;0;0;0;0;0;0;0;0;0;0;0;0;0;0;0;0;0;0;0;0;0;0;0;0;0;0;0;0;0;0;0;0;0;0;0;0;0;0;0;0;0;0;0;0;0;0;0;1;0;0;1;0;1;0;2014-05-04 19:15:00;971;0;0;0;0;0;-1;1;-1;-1;-1;-1;-1;-1;0;2;1;0;2;1;-1;0;0;0;0;0;0;0;1;0;1;0;0;0;1;1;0;0;-1;-1;0;0;-1;-1;-1;-1;-1;-1;-1;-1;-1;0;0;0;0;0;0;0;0;0;0;0;0;0;Stjarnan;Fylkir;2.27;1;0;0;0;0;0;0;0;0;0;0;0;0;0;0;0;740;22;Y;N;N;N;N;N;N
213669;973;3809;2014;complete;1292;1;-1;60;11,47;1;2;3;7;8;15;3;5;2;4;0;0;5;3;9;2;14;5;8;12;53;47;2;4;1.58;4.46;5.74;0;0;0;0;0;0;0;0;0;0;0;0;0;0;0;0;0;0;0;0;0;0;0;0;0;0;0;0;0;0;0;0;0;0;0;0;0;0;0;0;0;0;0;0;0;0;0;0;0;0;0;0;0;0;0;0;0;0;0;0;0;0;0;0;0;3;0;1;1;1;2;1;2014-05-04 20:00:00;3809;0;0;0;0;0;-1;1;-1;-1;-1;-1;-1;-1;0;1;2;3;1;5;-1;0;0;0;0;0;0;0;0;0;0;0;0;0;1;1;0;0;-1;-1;0;0;-1;-1;-1;-1;-1;-1;-1;-1;-1;0;0;0;0;0;0;0;0;0;0;0;0;0;KR;Valur;1.82;1.18;0;0;0;0;0;0;0;0;0;0;0;0;0;0;0;740;22;Y;Y;Y;N;N;N;Y
213670;54;3803;2014;complete;1292;1;-1;35;4;1;1;2;8;15;23;0;1;3;2;0;0;3;3;1;9;4;12;12;12;51;49;3;2;2.07;3.8;3.52;0;0;0;0;0;0;0;0;0;0;0;0;0;0;0;0;0;0;0;0;0;0;0;0;0;0;0;0;0;0;0;0;0;0;0;0;0;0;0;0;0;0;0;0;0;0;0;0;0;0;0;0;0;0;0;0;0;0;0;0;0;0;0;0;0;2;1;1;0;0;0;2;2014-05-05 19:15:00;-1;0;0;0;0;0;-1;1;-1;-1;-1;-1;-1;-1;1;2;2;0;3;2;-1;0;0;0;0;0;0;0;0;0;0;0;0;0;1;1;0;1;-1;-1;0;0;-1;-1;-1;-1;-1;-1;-1;-1;-1;0;0;0;0;0;0;0;0;0;0;0;0;0;FH;Breidablik;2.18;0.91;0;0;0;0;0;0;0;0;0;0;0;0;0;0;0;740;22;Y;Y;N;N;N;N;Y
213671;3805;971;2014;complete;1292;2;-1;85;45,65;1;2;3;8;4;12;3;0;1;1;0;0;5;4;4;4;9;8;9;12;62;38;1;1;3.03;3.39;2.47;0;0;0;0;0;0;0;0;0;0;0;0;0;0;0;0;0;0;0;0;0;0;0;0;0;0;0;0;0;0;0;0;0;0;0;0;0;0;0;0;0;0;0;0;0;0;0;0;0;0;0;0;0;0;0;0;0;0;0;0;0;0;0;0;0;3;0;1;1;1;2;1;2014-05-08 17:00:00;971;0;0;0;0;0;-1;1;-1;-1;-1;-1;-1;-1;1;0;0;1;1;1;-1;0;0;0;0;0;0;0;1;0;1;0;0;0;1;1;0;0;-1;-1;0;0;-1;-1;-1;-1;-1;-1;-1;-1;-1;0;0;0;0;0;0;0;0;0;0;0;0;0;ÍBV;Stjarnan;1.09;2.45;0;0;1;3;0;0;0;0;0;0;0;0;0;0;0;740;22;Y;Y;Y;N;N;N;Y
213672;3817;3808;2014;complete;1292;2;-1;74;18,35;1;2;3;2;2;4;3;2;1;2;0;0;3;5;8;6;11;11;12;19;49;51;1;2;1.88;3.81;4.25;0;0;0;0;0;0;0;0;0;0;0;0;0;0;0;0;0;0;0;0;0;0;0;0;0;0;0;0;0;0;0;0;0;0;0;0;0;0;0;0;0;0;0;0;0;0;0;0;0;0;0;0;0;0;0;0;0;0;0;0;0;0;0;0;0;3;0;2;1;0;1;2;2014-05-08 18:00:00;3808;0;0;0;0;0;-1;1;-1;-1;-1;-1;-1;-1;0;1;1;1;1;2;-1;0;0;0;0;0;0;0;1;0;1;0;0;0;1;1;0;0;-1;-1;0;0;-1;-1;-1;-1;-1;-1;-1;-1;-1;0;0;0;0;0;0;0;0;0;0;0;0;0;Thór;Fjölnir;1;0.73;0;0;0;3;0;0;0;0;0;0;0;0;0;0;0;740;22;Y;Y;Y;N;N;N;Y
213673;3810;3816;2014;complete;1292;2;-1;33,68;89;2;1;3;6;11;17;1;4;1;2;0;0;5;8;4;6;9;14;13;10;43;57;1;2;2.82;3.48;2.58;0;0;0;0;0;0;0;0;0;0;0;0;0;0;0;0;0;0;0;0;0;0;0;0;0;0;0;0;0;0;0;0;0;0;0;0;0;0;0;0;0;0;0;0;0;0;0;0;0;0;0;0;0;0;0;0;0;0;0;0;0;0;0;0;0;3;1;0;1;1;2;1;2014-05-08 18:00:00;3810;0;0;0;0;0;-1;1;-1;-1;-1;-1;-1;-1;1;1;0;1;2;1;-1;0;0;0;0;0;0;0;0;0;0;0;0;0;1;1;0;0;-1;-1;0;0;-1;-1;-1;-1;-1;-1;-1;-1;-1;0;0;0;0;0;0;0;0;0;0;0;0;0;Víkingur Reykjavík;Fram;1.45;0.82;0;0;0;1;0;0;0;0;0;0;0;0;0;0;0;740;22;Y;Y;Y;N;N;N;Y
213674;3803;973;2014;complete;1292;2;-1;38;2,57;1;2;3;2;6;8;0;6;0;1;0;0;2;7;4;1;6;8;10;14;53;47;0;1;3.45;3.64;2.15;0;0;0;0;0;0;0;0;0;0;0;0;0;0;0;0;0;0;0;0;0;0;0;0;0;0;0;0;0;0;0;0;0;0;0;0;0;0;0;0;0;0;0;0;0;0;0;0;0;0;0;0;0;0;0;0;0;0;0;0;0;0;0;0;0;3;1;1;0;1;1;2;2014-05-08 19:15:00;973;0;0;0;0;0;-1;1;-1;-1;-1;-1;-1;-1;0;0;0;1;0;1;-1;0;0;0;0;0;0;0;0;0;0;0;0;0;1;1;0;1;-1;-1;0;0;-1;-1;-1;-1;-1;-1;-1;-1;-1;0;0;0;0;0;0;0;0;0;0;0;0;0;Breidablik;KR;1.55;2.09;0;0;1;0;0;0;0;0;0;0;0;0;0;0;0;740;22;Y;Y;Y;N;N;N;Y
213675;54;3812;2014;complete;1292;2;-1;17,46,78;;3;0;3;12;6;18;2;0;1;1;0;0;13;5;5;0;18;5;8;6;56;44;1;1;1.37;5.22;9.09;0;0;0;0;0;0;0;0;0;0;0;0;0;0;0;0;0;0;0;0;0;0;0;0;0;0;0;0;0;0;0;0;0;0;0;0;0;0;0;0;0;0;0;0;0;0;0;0;0;0;0;0;0;0;0;0;0;0;0;0;0;0;0;0;0;3;1;0;2;0;2;1;2014-05-08 19:15:00;54;0;50;50;0;0;-1;1;-1;-1;-1;-1;-1;-1;1;0;0;1;1;1;-1;0;0;0;0;0;0;0;0;0;0;0;0;0;1;1;0;0;-1;-1;0;0;-1;-1;-1;-1;-1;-1;-1;-1;-1;0;0;0;50;100;50;50;50;0;14;5;5;1.5;FH;Fylkir;2.18;1;1;0;1;0;100;100;100;50;0;100;100;100;0;0;0;740;22;Y;Y;Y;N;N;N;N
213676;3809;3815;2014;complete;1292;2;-1;;44;0;1;1;10;7;17;3;2;3;1;0;0;5;0;8;2;13;2;13;7;55;45;3;1;1.76;3.97;4.75;0;0;0;0;0;0;0;0;0;0;0;0;0;0;0;0;0;0;0;0;0;0;0;0;0;0;0;0;0;0;0;0;0;0;0;0;0;0;0;0;0;0;0;0;0;0;0;0;0;0;0;0;0;0;0;0;0;0;0;0;0;0;0;0;0;1;0;1;0;0;0;1;2014-05-08 20:30:00;3815;0;0;0;0;0;-1;1;-1;-1;-1;-1;-1;-1;0;0;3;1;0;4;-1;0;0;0;0;0;0;0;0;0;0;0;0;0;1;1;0;0;-1;-1;0;0;-1;-1;-1;-1;-1;-1;-1;-1;-1;0;0;0;0;0;0;0;0;0;0;0;0;0;Valur;Keflavík;1.36;1.18;0;0;3;3;0;0;0;0;0;0;0;0;0;0;0;740;22;Y;N;N;N;N;N;N
213677;3808;3809;2014;complete;1292;3;-1;84;78;1;1;2;3;8;11;0;4;1;2;0;0;5;7;7;5;12;12;13;18;43;57;1;2;4.3;3.88;1.87;0;0;0;0;0;0;0;0;0;0;0;0;0;0;0;0;0;0;0;0;0;0;0;0;0;0;0;0;0;0;0;0;0;0;0;0;0;0;0;0;0;0;0;0;0;0;0;0;0;0;0;0;0;0;0;0;0;0;0;0;0;0;0;0;0;2;0;0;1;1;2;0;2014-05-11 19:15:00;-1;0;50;0;50;0;-1;1;-1;-1;-1;-1;-1;-1;0;1;1;1;1;2;-1;0;0;0;0;0;0;0;0;0;0;0;0;0;1;1;0;0;-1;-1;0;0;-1;-1;-1;-1;-1;-1;-1;-1;-1;0;0;100;100;100;50;100;100;50;10;6;4;3;Fjölnir;Valur;1.36;1.18;3;3;3;1.5;100;100;0;0;0;100;50;50;0;0;0;740;22;Y;Y;N;N;N;N;Y
213678;3816;3817;2014;complete;1292;3;-1;65;;1;0;1;5;7;12;6;1;4;4;0;1;5;6;7;6;12;12;16;18;58;42;4;5;2.06;3.66;3.68;0;0;0;0;0;0;0;0;0;0;0;0;0;0;0;0;0;0;0;0;0;0;0;0;0;0;0;0;0;0;0;0;0;0;0;0;0;0;0;0;0;0;0;0;0;0;0;0;0;0;0;0;0;0;0;0;0;0;0;0;0;0;0;0;0;1;0;0;1;0;1;0;2014-05-12 18:00:00;3816;0;100;0;50;0;-1;1;-1;-1;-1;-1;-1;-1;1;2;3;3;3;6;-1;0;0;0;0;0;0;0;1;0;1;0;0;0;1;1;0;0;-1;-1;0;0;-1;-1;-1;-1;-1;-1;-1;-1;-1;0;50;50;100;100;50;100;100;50;9;4;4;3;Fram;Thór;1.09;0.09;1;0;0.5;0;100;50;50;0;0;100;100;100;0;0;0;740;22;Y;N;N;N;N;N;N
213679;3805;3812;2014;complete;1292;3;-1;7;18,25,85;1;3;4;6;2;8;1;1;1;2;0;0;8;3;4;7;12;10;12;8;58;42;1;2;2.45;3.49;2.98;0;0;0;0;0;0;0;0;0;0;0;0;0;0;0;0;0;0;0;0;0;0;0;0;0;0;0;0;0;0;0;0;0;0;0;0;0;0;0;0;0;0;0;0;0;0;0;0;0;0;0;0;0;0;0;0;0;0;0;0;0;0;0;0;0;4;1;2;0;1;1;3;2014-05-12 18:00:00;3812;0;50;0;50;0;-1;1;-1;-1;-1;-1;-1;-1;1;0;0;2;1;2;-1;0;0;0;0;0;0;0;0;0;0;0;0;0;1;1;1;0;-1;-1;0;0;-1;-1;-1;-1;-1;-1;-1;-1;-1;0;0;75;75;100;0;75;100;75;14;5.5;2.5;2.5;ÍBV;Fylkir;1.09;1;0;0;0.5;0;100;100;25;25;0;100;100;100;0;0;0;740;22;Y;Y;Y;Y;N;N;Y
213680;971;3810;2014;complete;1292;3;-1;;;0;0;0;4;4;8;3;1;2;4;0;0;3;4;7;3;10;7;14;16;49;51;2;4;1.46;4.7;7.52;0;0;0;0;0;0;0;0;0;0;0;0;0;0;0;0;0;0;0;0;0;0;0;0;0;0;0;0;0;0;0;0;0;0;0;0;0;0;0;0;0;0;0;0;0;0;0;0;0;0;0;0;0;0;0;0;0;0;0;0;0;0;0;0;0;0;0;0;0;0;0;0;2014-05-12 19:15:00;-1;0;0;0;0;0;-1;1;-1;-1;-1;-1;-1;-1;1;2;1;2;3;3;-1;0;0;0;0;0;0;0;0;0;0;0;0;0;1;1;0;0;-1;-1;0;0;-1;-1;-1;-1;-1;-1;-1;-1;-1;0;0;50;50;100;50;50;100;0;15;6;3;2;Stjarnan;Víkingur Reykjavík;2.27;1.27;3;0;3;1.5;100;100;50;50;0;100;50;50;0;0;0;740;22;N;N;N;N;N;N;N
213681;3815;3803;2014;complete;1292;3;-1;62,82;;2;0;2;9;3;12;2;2;3;1;0;0;5;4;9;3;14;7;8;15;45;55;3;1;3.46;3.65;2.14;0;0;0;0;0;0;0;0;0;0;0;0;0;0;0;0;0;0;0;0;0;0;0;0;0;0;0;0;0;0;0;0;0;0;0;0;0;0;0;0;0;0;0;0;0;0;0;0;0;0;0;0;0;0;0;0;0;0;0;0;0;0;0;0;0;2;0;0;2;0;2;0;2014-05-12 19:15:00;3815;0;100;50;50;0;-1;1;-1;-1;-1;-1;-1;-1;1;0;2;1;1;3;-1;0;0;0;0;0;0;0;0;0;0;0;0;0;1;1;0;0;-1;-1;0;0;-1;-1;-1;-1;-1;-1;-1;-1;-1;0;50;50;100;100;100;100;50;50;23;3;4;3;Keflavík;Breidablik;1.09;0.91;3;1;3;0.5;100;50;50;0;0;100;100;100;0;0;0;740;22;Y;Y;N;N;N;N;N
213682;973;54;2014;complete;1292;3;-1;;39;0;1;1;5;5;10;1;4;2;1;1;0;5;6;3;4;8;10;12;19;55;45;4;1;2.64;3.51;2.73;0;0;0;0;0;0;0;0;0;0;0;0;0;0;0;0;0;0;0;0;0;0;0;0;0;0;0;0;0;0;0;0;0;0;0;0;0;0;0;0;0;0;0;0;0;0;0;0;0;0;0;0;0;0;0;0;0;0;0;0;0;0;0;0;0;1;0;1;0;0;0;1;2014-05-12 20:30:00;54;0;50;0;50;0;-1;1;-1;-1;-1;-1;-1;-1;0;0;3;1;0;4;-1;0;0;0;0;0;0;0;0;0;0;0;0;0;1;1;0;0;-1;-1;0;0;-1;-1;-1;-1;-1;-1;-1;-1;-1;0;0;50;50;50;0;50;50;50;7;3;2;1.5;KR;FH;1.82;2.45;0;0;1.5;2;50;50;0;0;0;50;50;50;0;0;0;740;22;Y;N;N;N;N;N;N
213683;3817;971;2014;complete;1292;4;-1;44,69,78;26,43,48,53;3;4;7;5;4;9;0;0;2;2;0;0;3;2;5;5;8;7;14;15;48;52;2;2;4.47;3.87;1.83;0;0;0;0;0;0;0;0;0;0;0;0;0;0;0;0;0;0;0;0;0;0;0;0;0;0;0;0;0;0;0;0;0;0;0;0;0;0;0;0;0;0;0;0;0;0;0;0;0;0;0;0;0;0;0;0;0;0;0;0;0;0;0;0;0;7;1;2;2;2;4;3;2014-05-18 17:00:00;971;0;100;0;50;0;-1;1;-1;-1;-1;-1;-1;-1;1;2;1;0;3;1;-1;0;0;0;0;0;0;0;1;0;1;0;0;0;1;1;0;0;-1;-1;0;0;-1;-1;-1;-1;-1;-1;-1;-1;-1;0;0;100;100;100;50;100;100;50;6;3;2;3;Thór;Stjarnan;1;2.45;0;3;0;2.33;100;100;0;0;0;50;50;50;0;0;0;740;22;Y;Y;Y;Y;Y;Y;Y
213684;54;3805;2014;complete;1292;4;-1;90;;1;0;1;6;3;9;0;0;0;2;0;0;9;3;5;0;14;3;14;11;63;37;0;2;1.34;5.44;9.99;0;0;0;0;0;0;0;0;0;0;0;0;0;0;0;0;0;0;0;0;0;0;0;0;0;0;0;0;0;0;0;0;0;0;0;0;0;0;0;0;0;0;0;0;0;0;0;0;0;0;0;0;0;0;0;0;0;0;0;0;0;0;0;0;0;1;0;0;1;0;1;0;2014-05-18 17:00:00;54;0;75;25;0;0;-1;1;-1;-1;-1;-1;-1;-1;0;0;0;2;0;2;-1;0;0;0;0;0;0;0;0;0;0;0;0;0;1;1;0;0;-1;-1;0;0;-1;-1;-1;-1;-1;-1;-1;-1;-1;0;0;25;100;100;25;100;75;25;21;1;3;2.25;FH;ÍBV;2.18;0.91;2;1;2.33;0.33;100;100;75;0;0;100;100;100;0;0;0;740;22;Y;N;N;N;N;N;N
213685;3803;3808;2014;complete;1292;4;-1;28,62;55,73;2;2;4;5;6;11;0;2;4;1;0;0;4;7;3;7;7;14;18;9;55;45;4;1;1.56;4.3;6.32;0;0;0;0;0;0;0;0;0;0;0;0;0;0;0;0;0;0;0;0;0;0;0;0;0;0;0;0;0;0;0;0;0;0;0;0;0;0;0;0;0;0;0;0;0;0;0;0;0;0;0;0;0;0;0;0;0;0;0;0;0;0;0;0;0;4;1;0;1;2;3;1;2014-05-18 19:15:00;-1;0;100;50;0;0;-1;1;-1;-1;-1;-1;-1;-1;0;0;4;1;0;5;-1;0;0;0;0;0;0;0;0;0;0;0;0;0;1;1;0;0;-1;-1;0;0;-1;-1;-1;-1;-1;-1;-1;-1;-1;0;0;100;100;100;100;100;100;0;4;2;2;3;Breidablik;Fjölnir;1.55;0.73;0;3;0.33;2.33;100;100;0;0;0;0;0;0;0;0;0;740;22;Y;Y;Y;Y;N;N;Y
213686;3815;973;2014;complete;1292;4;-1;;89;0;1;1;2;5;7;1;3;2;1;0;0;4;8;8;5;12;13;10;9;52;48;2;1;4.13;3.72;1.93;0;0;0;0;0;0;0;0;0;0;0;0;0;0;0;0;0;0;0;0;0;0;0;0;0;0;0;0;0;0;0;0;0;0;0;0;0;0;0;0;0;0;0;0;0;0;0;0;0;0;0;0;0;0;0;0;0;0;0;0;0;0;0;0;0;1;0;0;0;1;1;0;2014-05-18 19:15:00;973;0;75;50;25;0;-1;1;-1;-1;-1;-1;-1;-1;1;0;1;1;1;2;-1;0;0;0;0;0;0;0;0;0;0;0;0;0;1;1;0;0;-1;-1;0;0;-1;-1;-1;-1;-1;-1;-1;-1;-1;0;25;75;100;100;75;75;100;50;14.5;8;3.5;3;Keflavík;KR;1.09;2.09;3;3;3;1;100;75;25;0;0;50;50;50;0;0;0;740;22;Y;N;N;N;N;N;N
213687;3810;3812;2014;complete;1292;4;-1;59;22,62;1;2;3;8;1;9;5;0;0;0;0;1;8;4;9;5;17;9;7;11;54;46;0;2;2.71;3.58;2.62;0;0;0;0;0;0;0;0;0;0;0;0;0;0;0;0;0;0;0;0;0;0;0;0;0;0;0;0;0;0;0;0;0;0;0;0;0;0;0;0;0;0;0;0;0;0;0;0;0;0;0;0;0;0;0;0;0;0;0;0;0;0;0;0;0;3;0;1;1;1;2;1;2014-05-19 19:15:00;3812;0;67;17;50;0;-1;1;-1;-1;-1;-1;-1;-1;0;0;0;1;0;1;-1;0;0;0;0;0;0;0;0;0;0;0;0;0;1;1;0;0;-1;-1;0;0;-1;-1;-1;-1;-1;-1;-1;-1;-1;0;17;84;84;100;17;84;100;67;10.67;3;2.67;2.84;Víkingur Reykjavík;Fylkir;1.45;1;3;1;1.33;1;100;84;17;17;0;84;84;84;0;0;0;740;22;Y;Y;Y;N;N;N;Y
213688;3809;3816;2014;complete;1292;4;-1;10,31,42,65,88;18,39,90;5;3;8;3;9;12;1;0;2;1;0;0;7;6;8;5;15;11;12;4;50;50;2;1;1.86;3.74;4.43;0;0;0;0;0;0;0;0;0;0;0;0;0;0;0;0;0;0;0;0;0;0;0;0;0;0;0;0;0;0;0;0;0;0;0;0;0;0;0;0;0;0;0;0;0;0;0;0;0;0;0;0;0;0;0;0;0;0;0;0;0;0;0;0;0;8;3;2;2;1;3;5;2014-05-19 20:00:00;3809;0;50;0;50;0;-1;1;-1;-1;-1;-1;-1;-1;1;0;1;1;1;2;-1;0;0;0;0;0;0;0;0;0;0;0;0;0;1;1;1;0;-1;-1;0;0;-1;-1;-1;-1;-1;-1;-1;-1;-1;0;0;50;50;100;0;100;50;50;21;7;5;2;Valur;Fram;1.36;0.82;0;0;1.33;1.33;100;100;50;50;0;100;100;100;0;0;0;740;22;Y;Y;Y;Y;Y;Y;Y
213689;3805;3810;2014;complete;1292;5;-1;72;54,80;1;2;3;4;11;15;2;0;2;2;1;0;2;8;0;5;2;13;9;13;47;53;4;2;1.75;3.92;4.9;0;0;0;0;0;0;0;0;0;0;0;0;0;0;0;0;0;0;0;0;0;0;0;0;0;0;0;0;0;0;0;0;0;0;0;0;0;0;0;0;0;0;0;0;0;0;0;0;0;0;0;0;0;0;0;0;0;0;0;0;0;0;0;0;0;3;0;0;1;2;3;0;2014-05-22 18:00:00;3810;0;50;25;25;0;-1;1;-1;-1;-1;-1;-1;-1;2;1;1;1;3;2;-1;0;0;0;0;0;0;0;1;0;1;0;0;0;1;1;0;0;-1;-1;1;0;-1;-1;-1;-1;-1;-1;-1;-1;-1;0;25;75;75;75;50;75;75;25;12.5;5;4;2.5;ÍBV;Víkingur Reykjavík;1.09;1.27;0;0.5;0.25;1;100;75;25;25;25;50;25;25;0;0;0;740;22;Y;Y;Y;N;N;N;Y
213690;3817;3812;2014;complete;1292;5;-1;8,28,40,43,44;36,56;5;2;7;4;7;11;4;3;2;2;0;2;3;4;2;5;5;9;18;15;42;58;2;6;3.77;3.77;2;0;0;0;0;0;0;0;0;0;0;0;0;0;0;0;0;0;0;0;0;0;0;0;0;0;0;0;0;0;0;0;0;0;0;0;0;0;0;0;0;0;0;0;0;0;0;0;0;0;0;0;0;0;0;0;0;0;0;0;0;0;0;0;0;0;7;5;1;0;1;1;6;2014-05-22 19:15:00;3817;0;75;38;38;0;-1;1;-1;-1;-1;-1;-1;-1;0;1;2;3;1;5;-1;0;0;0;0;0;0;0;0;1;0;1;0;0;1;1;1;0;-1;-1;0;0;-1;-1;-1;-1;-1;-1;-1;-1;-1;25;38;88;88;100;63;88;100;50;7.25;3;3.25;3.88;Thór;Fylkir;1;1;0;1.5;0;1.5;75;63;13;13;0;63;25;25;0;0;0;740;22;Y;Y;Y;Y;Y;Y;Y
213691;3816;3803;2014;complete;1292;5;-1;76;90;1;1;2;4;15;19;6;0;4;1;0;0;6;14;2;8;8;22;15;9;38;62;4;1;2.56;3.48;2.84;0;0;0;0;0;0;0;0;0;0;0;0;0;0;0;0;0;0;0;0;0;0;0;0;0;0;0;0;0;0;0;0;0;0;0;0;0;0;0;0;0;0;0;0;0;0;0;0;0;0;0;0;0;0;0;0;0;0;0;0;0;0;0;0;0;2;0;0;1;1;2;0;2014-05-22 19:15:00;-1;0;50;25;0;0;-1;1;-1;-1;-1;-1;-1;-1;1;0;3;1;1;4;-1;0;0;0;0;0;0;0;0;1;0;1;0;0;1;1;0;0;-1;-1;0;0;-1;-1;-1;-1;-1;-1;-1;-1;-1;0;0;0;75;100;25;50;75;25;13.5;5;4.5;1.75;Fram;Breidablik;1.09;0.91;2;0.5;1;0.5;100;100;100;25;0;100;100;100;0;0;0;740;22;Y;Y;N;N;N;N;Y
213692;971;3809;2014;complete;1292;5;-1;20;90;1;1;2;6;11;17;0;2;1;0;0;0;3;8;6;9;9;17;15;13;44;56;1;0;2.03;3.66;3.79;0;0;0;0;0;0;0;0;0;0;0;0;0;0;0;0;0;0;0;0;0;0;0;0;0;0;0;0;0;0;0;0;0;0;0;0;0;0;0;0;0;0;0;0;0;0;0;0;0;0;0;0;0;0;0;0;0;0;0;0;0;0;0;0;0;2;1;0;0;1;1;1;2014-05-22 19:15:00;-1;0;50;0;50;0;-1;1;-1;-1;-1;-1;-1;-1;0;0;1;0;0;1;-1;0;0;0;0;0;0;0;0;0;0;0;0;0;1;1;0;0;-1;-1;0;0;-1;-1;-1;-1;-1;-1;-1;-1;-1;0;0;25;50;75;0;25;75;50;14;6.5;4.5;1.5;Stjarnan;Valur;2.27;1.18;2;2;2.5;1.75;100;100;75;50;25;75;75;75;0;0;0;740;22;Y;Y;N;N;N;N;Y
213693;3808;973;2014;complete;1292;5;-1;45;45;1;1;2;4;7;11;1;7;2;2;0;0;9;8;4;5;13;13;14;14;36;64;2;2;4.96;4.08;1.71;0;0;0;0;0;0;0;0;0;0;0;0;0;0;0;0;0;0;0;0;0;0;0;0;0;0;0;0;0;0;0;0;0;0;0;0;0;0;0;0;0;0;0;0;0;0;0;0;0;0;0;0;0;0;0;0;0;0;0;0;0;0;0;0;0;2;1;1;0;0;0;2;2014-05-22 19:15:00;-1;0;50;25;25;0;-1;1;-1;-1;-1;-1;-1;-1;1;1;1;1;2;2;-1;0;0;0;0;0;0;0;0;0;0;0;0;0;1;1;0;0;-1;-1;0;0;-1;-1;-1;-1;-1;-1;-1;-1;-1;0;0;50;75;100;50;50;100;25;8;5;1.5;2.25;Fjölnir;KR;1.36;2.09;2;3;2;1.5;100;100;50;25;0;50;25;25;0;0;0;740;22;Y;Y;N;N;N;N;Y
213694;3815;54;2014;complete;1292;5;-1;3;83;1;1;2;4;7;11;0;2;1;4;1;1;5;5;3;6;8;11;10;19;40;60;3;6;4.8;3.9;1.77;0;0;0;0;0;0;0;0;0;0;0;0;0;0;0;0;0;0;0;0;0;0;0;0;0;0;0;0;0;0;0;0;0;0;0;0;0;0;0;0;0;0;0;0;0;0;0;0;0;0;0;0;0;0;0;0;0;0;0;0;0;0;0;0;0;2;1;0;0;1;1;1;2014-05-22 20:00:00;-1;0;17;0;17;0;-1;1;-1;-1;-1;-1;-1;-1;1;1;1;4;2;5;-1;0;0;0;0;0;0;0;0;0;0;0;0;0;1;1;1;0;-1;-1;0;0;-1;-1;-1;-1;-1;-1;-1;-1;-1;0;17;17;34;100;17;67;50;34;11.33;5.67;3.33;1.67;Keflavík;FH;1.09;2.45;2;3;2.25;2.5;100;84;84;67;0;84;84;34;0;0;0;740;22;Y;Y;N;N;N;N;Y
213695;3817;3805;2014;complete;1292;6;-1;90;38;1;1;2;6;5;11;3;2;1;1;0;1;8;5;4;2;12;7;9;10;52;48;1;3;2.4;3.55;3.02;0;0;0;0;0;0;0;0;0;0;0;0;0;0;0;0;0;0;0;0;0;0;0;0;0;0;0;0;0;0;0;0;0;0;0;0;0;0;0;0;0;0;0;0;0;0;0;0;0;0;0;0;0;0;0;0;0;0;0;0;0;0;0;0;0;2;0;1;1;0;1;1;2014-06-01 15:00:00;-1;0;75;34;17;0;-1;1;-1;-1;-1;-1;-1;-1;1;2;0;0;3;0;-1;0;0;0;0;0;0;0;0;0;0;0;0;0;1;1;0;0;-1;-1;0;0;-1;-1;-1;-1;-1;-1;-1;-1;-1;34;34;50;75;100;50;75;100;17;10.67;2.33;3.17;3.59;Thór;ÍBV;1;0.91;1;0.5;0.6;0.2;67;67;50;25;0;84;42;42;0;0;0;740;22;Y;Y;N;N;N;N;Y
213696;54;3810;2014;complete;1292;6;-1;74;;1;0;1;8;3;11;2;3;0;2;0;0;9;2;6;7;15;9;10;9;58;42;0;2;1.29;5.84;9.99;0;0;0;0;0;0;0;0;0;0;0;0;0;0;0;0;0;0;0;0;0;0;0;0;0;0;0;0;0;0;0;0;0;0;0;0;0;0;0;0;0;0;0;0;0;0;0;0;0;0;0;0;0;0;0;0;0;0;0;0;0;0;0;0;0;1;0;0;1;0;1;0;2014-06-01 19:15:00;54;0;33;17;17;0;-1;1;-1;-1;-1;-1;-1;-1;0;0;0;2;0;2;-1;0;0;0;0;0;0;0;0;0;0;0;0;0;1;1;0;0;-1;-1;0;0;-1;-1;-1;-1;-1;-1;-1;-1;-1;0;0;50;67;84;33;50;67;33;16;2.67;4;2;FH;Víkingur Reykjavík;2.18;1.27;2.33;1.33;2.2;1.4;100;100;50;33;17;84;50;50;0;0;0;740;22;Y;N;N;N;N;N;N
213697;3815;3808;2014;complete;1292;6;-1;69;83;1;1;2;6;9;15;0;2;2;0;0;0;5;9;3;14;8;23;4;8;47;53;2;0;2.01;3.72;3.8;0;0;0;0;0;0;0;0;0;0;0;0;0;0;0;0;0;0;0;0;0;0;0;0;0;0;0;0;0;0;0;0;0;0;0;0;0;0;0;0;0;0;0;0;0;0;0;0;0;0;0;0;0;0;0;0;0;0;0;0;0;0;0;0;0;2;0;0;1;1;2;0;2014-06-01 19:15:00;-1;0;75;0;38;0;-1;1;-1;-1;-1;-1;-1;-1;2;0;0;0;2;0;-1;0;0;0;0;0;0;0;0;0;0;0;0;0;1;1;0;0;-1;-1;0;0;-1;-1;-1;-1;-1;-1;-1;-1;-1;0;38;63;88;100;38;75;100;50;9.75;3.25;4;2.88;Keflavík;Fjölnir;1.09;0.73;1.75;2;2;1.8;100;63;38;13;0;63;63;63;0;0;0;740;22;Y;Y;N;N;N;N;Y
213698;973;3816;2014;complete;1292;6;-1;15,76,81;27,59;3;2;5;8;5;13;3;0;2;3;0;0;5;3;5;5;10;8;15;15;55;45;2;3;1.51;4.49;6.94;0;0;0;0;0;0;0;0;0;0;0;0;0;0;0;0;0;0;0;0;0;0;0;0;0;0;0;0;0;0;0;0;0;0;0;0;0;0;0;0;0;0;0;0;0;0;0;0;0;0;0;0;0;0;0;0;0;0;0;0;0;0;0;0;0;5;1;1;2;1;3;2;2014-06-02 19:15:00;973;0;75;25;75;0;-1;1;-1;-1;-1;-1;-1;-1;1;1;1;2;2;3;-1;0;0;0;0;0;0;0;1;0;1;0;0;0;1;1;0;0;-1;-1;0;0;-1;-1;-1;-1;-1;-1;-1;-1;-1;25;25;75;75;100;25;100;75;75;16;4;4.5;3.75;KR;Fram;1.82;0.82;0;0;1.4;1;75;75;25;25;0;100;100;75;0;0;0;740;22;Y;Y;Y;Y;Y;N;Y
213699;3809;3812;2014;complete;1292;6;-1;50;;1;0;1;7;4;11;1;0;4;1;0;0;5;2;5;6;10;8;13;2;51;49;4;1;1.79;3.92;4.6;0;0;0;0;0;0;0;0;0;0;0;0;0;0;0;0;0;0;0;0;0;0;0;0;0;0;0;0;0;0;0;0;0;0;0;0;0;0;0;0;0;0;0;0;0;0;0;0;0;0;0;0;0;0;0;0;0;0;0;0;0;0;0;0;0;1;0;0;1;0;1;0;2014-06-02 19:15:00;3809;0;55;45;35;0;-1;1;-1;-1;-1;-1;-1;-1;1;0;3;1;1;4;-1;0;0;0;0;0;0;0;0;0;0;0;0;0;1;1;0;0;-1;-1;0;0;-1;-1;-1;-1;-1;-1;-1;-1;-1;35;45;65;65;100;45;90;75;45;10.9;3.8;5.1;4.05;Valur;Fylkir;1.36;1;1.5;1.2;1.6;1.2;65;55;35;35;0;90;80;80;0;0;0;740;22;Y;N;N;N;N;N;N
213700;3803;971;2014;complete;1292;6;-1;74;19;1;1;2;8;13;21;3;2;3;2;1;0;3;6;2;3;5;9;16;11;50;50;4;2;2.52;3.54;2.85;0;0;0;0;0;0;0;0;0;0;0;0;0;0;0;0;0;0;0;0;0;0;0;0;0;0;0;0;0;0;0;0;0;0;0;0;0;0;0;0;0;0;0;0;0;0;0;0;0;0;0;0;0;0;0;0;0;0;0;0;0;0;0;0;0;2;0;1;1;0;1;1;2014-06-02 20:00:00;-1;0;100;50;75;0;-1;1;-1;-1;-1;-1;-1;-1;1;1;3;1;2;4;-1;0;0;0;0;0;0;0;0;0;0;0;0;0;1;1;0;0;-1;-1;0;0;-1;-1;-1;-1;-1;-1;-1;-1;-1;25;50;100;100;100;50;100;100;75;7.5;0;3.5;4.25;Breidablik;Stjarnan;1.55;2.45;0.5;3;0.6;2.2;75;50;0;0;0;75;50;50;0;0;0;740;22;Y;Y;N;N;N;N;Y
213701;3805;3809;2014;complete;1292;7;-1;82,85;63,90;2;2;4;8;8;16;3;1;2;2;0;0;3;7;4;5;7;12;13;11;50;50;2;2;3.85;3.81;1.99;0;0;0;0;0;0;0;0;0;0;0;0;0;0;0;0;0;0;0;0;0;0;0;0;0;0;0;0;0;0;0;0;0;0;0;0;0;0;0;0;0;0;0;0;0;0;0;0;0;0;0;0;0;0;0;0;0;0;0;0;0;0;0;0;0;4;0;0;2;2;4;0;2014-06-09 17:00:00;-1;0;100;17;67;0;-1;1;-1;-1;-1;-1;-1;-1;0;2;2;0;2;2;-1;0;0;0;0;0;0;0;0;0;0;0;0;0;1;1;0;0;-1;-1;0;0;-1;-1;-1;-1;-1;-1;-1;-1;-1;0;17;67;100;100;17;67;100;67;15;5.67;4;2.83;ÍBV;Valur;1.09;1.18;0;1.67;0.33;1.83;100;84;34;0;0;84;84;84;0;0;0;740;22;Y;Y;Y;Y;N;N;Y
213702;3810;3817;2014;complete;1292;7;-1;20,45,88;76,90;3;2;5;6;3;9;2;2;2;2;0;0;12;3;3;2;15;5;10;14;51;49;2;2;2.17;3.68;3.41;0;0;0;0;0;0;0;0;0;0;0;0;0;0;0;0;0;0;0;0;0;0;0;0;0;0;0;0;0;0;0;0;0;0;0;0;0;0;0;0;0;0;0;0;0;0;0;0;0;0;0;0;0;0;0;0;0;0;0;0;0;0;0;0;0;5;2;0;1;2;3;2;2014-06-09 17:00:00;3810;0;75;0;75;0;-1;1;-1;-1;-1;-1;-1;-1;0;1;2;1;1;3;-1;0;0;0;0;0;0;0;0;0;0;0;0;0;1;1;0;0;-1;-1;0;0;-1;-1;-1;-1;-1;-1;-1;-1;-1;0;25;75;75;100;25;75;100;75;13;5;4;2.75;Víkingur Reykjavík;Thór;1.45;0.09;1.5;0;1.17;0.67;100;75;25;25;0;100;75;75;0;0;0;740;22;Y;Y;Y;Y;Y;N;Y
213703;3816;3815;2014;complete;1292;7;-1;42;11;1;1;2;4;8;12;2;1;6;3;1;0;4;6;9;5;13;11;17;17;47;53;7;3;2.57;3.59;2.8;0;0;0;0;0;0;0;0;0;0;0;0;0;0;0;0;0;0;0;0;0;0;0;0;0;0;0;0;0;0;0;0;0;0;0;0;0;0;0;0;0;0;0;0;0;0;0;0;0;0;0;0;0;0;0;0;0;0;0;0;0;0;0;0;0;2;1;1;0;0;0;2;2014-06-10 19:15:00;-1;0;34;0;17;0;-1;1;-1;-1;-1;-1;-1;-1;3;0;4;3;3;7;-1;0;0;0;0;0;0;0;0;0;0;0;0;0;1;1;0;0;-1;-1;1;0;-1;-1;-1;-1;-1;-1;-1;-1;-1;0;0;0;34;100;0;67;50;17;11.33;6.33;4.33;1.34;Fram;Keflavík;1.09;1.18;1.67;3;0.83;1.83;100;100;100;67;0;100;100;100;0;0;0;740;22;Y;Y;N;N;N;N;Y
213704;3808;54;2014;complete;1292;7;-1;;16;0;1;1;5;10;15;0;2;2;1;0;0;5;9;8;8;13;17;11;15;49;51;2;1;6.45;4.61;1.53;0;0;0;0;0;0;0;0;0;0;0;0;0;0;0;0;0;0;0;0;0;0;0;0;0;0;0;0;0;0;0;0;0;0;0;0;0;0;0;0;0;0;0;0;0;0;0;0;0;0;0;0;0;0;0;0;0;0;0;0;0;0;0;0;0;1;0;1;0;0;0;1;2014-06-11 19:15:00;54;0;59;17;17;0;-1;1;-1;-1;-1;-1;-1;-1;0;0;2;1;0;3;-1;0;0;0;0;0;0;0;0;0;0;0;0;0;1;1;0;0;-1;-1;0;0;-1;-1;-1;-1;-1;-1;-1;-1;-1;0;0;17;75;100;34;84;59;17;9;3.67;4.5;1.92;Fjölnir;FH;1.36;2.45;1.67;2;1.67;2.33;100;100;84;25;0;100;84;59;0;0;0;740;22;Y;N;N;N;N;N;N
213705;3812;3803;2014;complete;1292;7;-1;14;33;1;1;2;8;8;16;5;2;1;4;0;0;3;4;2;6;5;10;18;13;50;50;1;4;2.87;3.72;2.45;0;0;0;0;0;0;0;0;0;0;0;0;0;0;0;0;0;0;0;0;0;0;0;0;0;0;0;0;0;0;0;0;0;0;0;0;0;0;0;0;0;0;0;0;0;0;0;0;0;0;0;0;0;0;0;0;0;0;0;0;0;0;0;0;0;2;1;1;0;0;0;2;2014-06-11 19:15:00;-1;0;34;17;17;0;-1;1;-1;-1;-1;-1;-1;-1;0;2;1;2;2;3;-1;0;0;0;0;0;0;0;0;0;0;0;0;0;1;1;0;0;-1;-1;0;0;-1;-1;-1;-1;-1;-1;-1;-1;-1;0;0;0;50;50;17;17;34;34;11;1;1.33;1;Fylkir;Breidablik;1.55;0.91;0;0.67;1;0.67;50;50;50;0;0;50;50;50;0;0;0;740;22;Y;Y;N;N;N;N;Y
213706;971;973;2014;complete;1292;7;-1;38,42;20;2;1;3;8;8;16;1;1;1;1;0;1;5;6;5;8;10;14;8;10;46;54;1;2;3.13;3.74;2.28;0;0;0;0;0;0;0;0;0;0;0;0;0;0;0;0;0;0;0;0;0;0;0;0;0;0;0;0;0;0;0;0;0;0;0;0;0;0;0;0;0;0;0;0;0;0;0;0;0;0;0;0;0;0;0;0;0;0;0;0;0;0;0;0;0;3;2;1;0;0;0;3;2014-06-11 20:00:00;971;0;50;34;0;0;-1;1;-1;-1;-1;-1;-1;-1;1;0;0;2;1;2;-1;0;0;0;0;0;0;0;0;0;0;0;0;0;1;1;0;0;-1;-1;0;0;-1;-1;-1;-1;-1;-1;-1;-1;-1;0;0;17;50;84;34;50;67;0;12;6.66;2.66;1.5;Stjarnan;KR;2.27;2.09;1.67;2.33;2;1.67;100;100;84;50;17;50;50;50;0;0;0;740;22;Y;Y;Y;N;N;N;Y
213707;54;3817;2014;complete;1292;8;-1;13;56;1;1;2;11;3;14;3;2;1;2;0;0;8;3;8;2;16;5;22;15;60;40;1;2;1.26;6.43;9.99;0;0;0;0;0;0;0;0;0;0;0;0;0;0;0;0;0;0;0;0;0;0;0;0;0;0;0;0;0;0;0;0;0;0;0;0;0;0;0;0;0;0;0;0;0;0;0;0;0;0;0;0;0;0;0;0;0;0;0;0;0;0;0;0;0;2;1;0;0;1;1;1;2014-06-15 17:00:00;-1;0;46;13;34;0;-1;1;-1;-1;-1;-1;-1;-1;1;1;0;1;2;1;-1;0;0;0;0;0;0;0;0;0;0;0;0;0;1;1;0;0;-1;-1;1;0;-1;-1;-1;-1;-1;-1;-1;-1;-1;17;34;46;59;100;46;59;88;46;13.5;3;4;2.54;FH;Thór;2.18;0.09;2.5;0;2.43;0.57;84;67;54;42;0;100;71;71;0;0;0;740;22;Y;Y;N;N;N;N;Y
213708;3803;3805;2014;complete;1292;8;-1;8;81;1;1;2;3;2;5;4;1;2;1;0;0;4;4;8;3;12;7;15;16;58;42;2;1;1.7;3.98;5.33;0;0;0;0;0;0;0;0;0;0;0;0;0;0;0;0;0;0;0;0;0;0;0;0;0;0;0;0;0;0;0;0;0;0;0;0;0;0;0;0;0;0;0;0;0;0;0;0;0;0;0;0;0;0;0;0;0;0;0;0;0;0;0;0;0;2;1;0;0;1;1;1;2014-06-15 17:00:00;-1;0;84;17;17;0;-1;1;-1;-1;-1;-1;-1;-1;0;0;2;1;0;3;-1;0;0;0;0;0;0;0;0;0;0;0;0;0;1;1;1;0;-1;-1;0;0;-1;-1;-1;-1;-1;-1;-1;-1;-1;0;17;34;84;100;17;84;100;17;11.33;1.67;4.67;2.34;Breidablik;ÍBV;1.55;0.91;0.67;0.67;0.71;0.43;100;84;67;17;0;84;67;67;0;0;0;740;22;Y;Y;N;N;N;N;Y
213709;3808;3816;2014;complete;1292;8;-1;65;19,28,81,87;1;4;5;8;3;11;0;4;1;4;0;0;7;0;5;3;12;3;11;13;58;42;1;4;2.18;3.69;3.38;0;0;0;0;0;0;0;0;0;0;0;0;0;0;0;0;0;0;0;0;0;0;0;0;0;0;0;0;0;0;0;0;0;0;0;0;0;0;0;0;0;0;0;0;0;0;0;0;0;0;0;0;0;0;0;0;0;0;0;0;0;0;0;0;0;5;0;2;1;2;3;2;2014-06-15 19:15:00;3816;0;75;46;63;0;-1;1;-1;-1;-1;-1;-1;-1;0;0;1;4;0;5;-1;0;0;0;0;0;0;0;0;0;0;0;0;0;1;1;0;0;-1;-1;0;0;-1;-1;-1;-1;-1;-1;-1;-1;-1;34;34;63;88;100;59;88;75;63;11.83;1.83;3.25;3.67;Fjölnir;Fram;1.36;0.82;1.25;0;1.43;0.86;67;67;38;13;0;100;88;88;0;0;0;740;22;Y;Y;Y;Y;Y;N;Y
213710;3809;3810;2014;complete;1292;8;-1;28;29,83;1;2;3;7;4;11;0;0;1;1;0;0;9;6;4;3;13;9;10;13;51;49;1;1;1.53;4.47;6.78;0;0;0;0;0;0;0;0;0;0;0;0;0;0;0;0;0;0;0;0;0;0;0;0;0;0;0;0;0;0;0;0;0;0;0;0;0;0;0;0;0;0;0;0;0;0;0;0;0;0;0;0;0;0;0;0;0;0;0;0;0;0;0;0;0;3;1;1;0;1;1;2;2014-06-15 19:15:00;3810;0;29;17;29;0;-1;1;-1;-1;-1;-1;-1;-1;0;0;1;1;0;2;-1;0;0;0;0;0;0;0;0;0;0;0;0;0;1;1;0;0;-1;-1;0;0;-1;-1;-1;-1;-1;-1;-1;-1;-1;17;17;42;42;88;29;46;71;29;12.92;3.92;5.5;2.54;Valur;Víkingur Reykjavík;1.36;1.27;2;1;1.71;1.43;84;84;59;59;13;88;75;75;0;0;0;740;22;Y;Y;Y;N;N;N;Y
213711;973;3812;2014;complete;1292;8;-1;58;;1;0;1;5;4;9;4;3;1;2;0;0;7;4;9;4;16;8;6;12;53;47;1;2;1.36;5.5;9;0;0;0;0;0;0;0;0;0;0;0;0;0;0;0;0;0;0;0;0;0;0;0;0;0;0;0;0;0;0;0;0;0;0;0;0;0;0;0;0;0;0;0;0;0;0;0;0;0;0;0;0;0;0;0;0;0;0;0;0;0;0;0;0;0;1;0;0;1;0;1;0;2014-06-15 19:15:00;973;0;59;33;42;0;-1;1;-1;-1;-1;-1;-1;-1;0;1;1;1;1;2;-1;0;0;0;0;0;0;0;0;0;0;0;0;0;1;1;0;0;-1;-1;0;0;-1;-1;-1;-1;-1;-1;-1;-1;-1;25;33;67;67;100;33;84;84;50;11;3.83;5;3.09;KR;Fylkir;1.82;1;1;1;1.43;1;75;67;33;33;0;92;84;67;0;0;0;740;22;Y;N;N;N;N;N;N
213712;3815;971;2014;complete;1292;8;-1;50,68;61,67;2;2;4;6;4;10;4;4;4;1;0;0;4;8;10;3;14;11;13;14;45;55;4;1;2.91;3.63;2.46;0;0;0;0;0;0;0;0;0;0;0;0;0;0;0;0;0;0;0;0;0;0;0;0;0;0;0;0;0;0;0;0;0;0;0;0;0;0;0;0;0;0;0;0;0;0;0;0;0;0;0;0;0;0;0;0;0;0;0;0;0;0;0;0;0;4;0;0;2;2;4;0;2014-06-15 20:00:00;-1;0;80;17;54;0;-1;1;-1;-1;-1;-1;-1;-1;0;0;4;1;0;5;-1;0;0;0;0;0;0;0;0;1;0;1;0;0;1;1;0;0;-1;-1;0;0;-1;-1;-1;-1;-1;-1;-1;-1;-1;17;27;44;90;100;27;70;100;64;12.8;1.67;4.07;3.1;Keflavík;Stjarnan;1.09;2.45;1.6;2.33;1.71;2.14;84;74;57;10;0;90;74;74;0;0;0;740;22;Y;Y;Y;Y;N;N;Y
213713;3817;3809;2014;complete;1292;9;-1;;15;0;1;1;9;3;12;1;3;2;4;0;0;2;4;4;2;6;6;14;20;49;51;2;4;4.44;4;1.82;0;0;0;0;0;0;0;0;0;0;0;0;0;0;0;0;0;0;0;0;0;0;0;0;0;0;0;0;0;0;0;0;0;0;0;0;0;0;0;0;0;0;0;0;0;0;0;0;0;0;0;0;0;0;0;0;0;0;0;0;0;0;0;0;0;1;0;1;0;0;0;1;2014-06-22 17:00:00;3809;0;100;25;50;0;-1;1;-1;-1;-1;-1;-1;-1;0;3;2;1;3;3;-1;0;0;0;0;0;0;0;0;0;0;0;0;0;1;1;0;0;-1;-1;0;0;-1;-1;-1;-1;-1;-1;-1;-1;-1;25;38;63;100;100;38;75;100;50;13;5.5;3.5;3.75;Thór;Valur;1;1.18;1;1.5;0.63;1.5;75;63;38;0;0;88;75;75;0;0;0;740;22;Y;N;N;N;N;N;N
213714;3805;973;2014;complete;1292;9;-1;34,39;45,82,89;2;3;5;4;5;9;0;3;3;1;0;0;3;8;2;9;5;17;10;11;43;57;3;1;4.97;3.99;1.75;0;0;0;0;0;0;0;0;0;0;0;0;0;0;0;0;0;0;0;0;0;0;0;0;0;0;0;0;0;0;0;0;0;0;0;0;0;0;0;0;0;0;0;0;0;0;0;0;0;0;0;0;0;0;0;0;0;0;0;0;0;0;0;0;0;5;2;1;0;2;2;3;2014-06-22 17:00:00;973;0;88;50;38;0;-1;1;-1;-1;-1;-1;-1;-1;2;0;1;1;2;2;-1;0;0;0;0;0;0;0;0;0;0;0;0;0;1;1;0;0;-1;-1;2;0;-1;-1;-1;-1;-1;-1;-1;-1;-1;0;25;75;88;100;50;63;75;38;13;6.5;3.5;2.88;ÍBV;KR;1.09;2.09;0.25;1.75;0.5;1.63;100;75;25;13;0;63;63;63;0;0;0;740;22;Y;Y;Y;Y;Y;N;Y
213715;3810;3803;2014;complete;1292;9;-1;16;;1;0;1;3;9;12;3;2;3;1;2;0;7;7;4;8;11;15;21;10;41;59;6;1;3.2;3.63;2.29;0;0;0;0;0;0;0;0;0;0;0;0;0;0;0;0;0;0;0;0;0;0;0;0;0;0;0;0;0;0;0;0;0;0;0;0;0;0;0;0;0;0;0;0;0;0;0;0;0;0;0;0;0;0;0;0;0;0;0;0;0;0;0;0;0;1;1;0;0;0;0;1;2014-06-22 19:15:00;3810;0;88;25;63;0;-1;1;-1;-1;-1;-1;-1;-1;1;0;4;1;1;5;-1;0;0;0;0;0;0;0;0;0;0;0;0;0;1;1;0;0;-1;-1;0;0;-1;-1;-1;-1;-1;-1;-1;-1;-1;17;17;50;100;100;42;75;75;75;16.92;3.92;3;2.84;Víkingur Reykjavík;Breidablik;1.45;0.91;2;0.75;1.63;0.75;84;84;50;0;0;100;67;67;0;0;0;740;22;Y;N;N;N;N;N;N
213716;3812;3815;2014;complete;1292;9;-1;54,90;12,30,37,56;2;4;6;7;6;13;5;1;1;1;0;0;5;6;5;8;10;14;8;7;58;42;1;1;2.68;3.64;2.65;0;0;0;0;0;0;0;0;0;0;0;0;0;0;0;0;0;0;0;0;0;0;0;0;0;0;0;0;0;0;0;0;0;0;0;0;0;0;0;0;0;0;0;0;0;0;0;0;0;0;0;0;0;0;0;0;0;0;0;0;0;0;0;0;0;6;0;3;2;1;3;3;2014-06-22 19:15:00;3815;0;75;75;0;0;-1;1;-1;-1;-1;-1;-1;-1;1;0;0;1;1;1;-1;0;0;0;0;0;0;0;1;0;1;0;0;0;1;1;0;0;-1;-1;0;0;-1;-1;-1;-1;-1;-1;-1;-1;-1;0;0;0;75;100;75;100;0;0;15.5;6.5;3;1.75;Fylkir;Keflavík;1.55;1.18;1;2;0.88;1.63;100;100;100;25;0;100;100;100;0;0;0;740;22;Y;Y;Y;Y;Y;Y;Y
213717;971;3808;2014;complete;1292;9;-1;17,90;55;2;1;3;7;7;14;4;2;2;1;0;0;4;5;1;4;5;9;17;15;55;45;2;1;1.59;4.33;6.03;0;0;0;0;0;0;0;0;0;0;0;0;0;0;0;0;0;0;0;0;0;0;0;0;0;0;0;0;0;0;0;0;0;0;0;0;0;0;0;0;0;0;0;0;0;0;0;0;0;0;0;0;0;0;0;0;0;0;0;0;0;0;0;0;0;3;1;0;1;1;2;1;2014-06-22 19:15:00;971;0;75;13;34;0;-1;1;-1;-1;-1;-1;-1;-1;0;0;2;1;0;3;-1;0;0;0;0;0;0;0;0;0;0;0;0;0;1;1;0;0;-1;-1;0;0;-1;-1;-1;-1;-1;-1;-1;-1;-1;0;17;46;75;88;29;59;75;34;12.17;3.25;2.25;2.25;Stjarnan;Fjölnir;2.27;0.73;2;1.67;2;1.25;100;84;54;25;13;71;71;71;0;0;0;740;22;Y;Y;Y;N;N;N;Y
213718;3816;54;2014;complete;1292;9;-1;;7,48,58,87;0;4;4;3;4;7;2;1;1;0;0;0;4;9;7;6;11;15;10;15;45;55;1;0;6.15;4.3;1.56;0;0;0;0;0;0;0;0;0;0;0;0;0;0;0;0;0;0;0;0;0;0;0;0;0;0;0;0;0;0;0;0;0;0;0;0;0;0;0;0;0;0;0;0;0;0;0;0;0;0;0;0;0;0;0;0;0;0;0;0;0;0;0;0;0;4;0;1;0;3;3;1;2014-06-23 19:00:00;54;0;54;13;13;0;-1;1;-1;-1;-1;-1;-1;-1;0;0;1;0;0;1;-1;0;0;0;0;0;0;0;0;0;0;0;0;0;1;1;0;1;-1;-1;0;0;-1;-1;-1;-1;-1;-1;-1;-1;-1;0;0;0;54;100;13;75;54;13;11.58;6.42;6.92;1.54;Fram;FH;1.09;2.45;1.5;2.33;1.13;2.25;100;100;100;46;0;100;100;84;0;0;0;740;22;Y;Y;Y;Y;N;N;N
213719;54;3809;2014;complete;1292;10;-1;22,90;58;2;1;3;7;4;11;2;2;1;2;0;0;3;2;6;3;9;5;17;20;49;51;1;2;1.68;4.12;5.08;0;0;0;0;0;0;0;0;0;0;0;0;0;0;0;0;0;0;0;0;0;0;0;0;0;0;0;0;0;0;0;0;0;0;0;0;0;0;0;0;0;0;0;0;0;0;0;0;0;0;0;0;0;0;0;0;0;0;0;0;0;0;0;0;0;3;1;0;1;1;2;1;2014-06-27 19:15:00;54;0;60;10;30;0;-1;1;-1;-1;-1;-1;-1;-1;0;1;1;1;1;2;-1;0;0;0;0;0;0;0;1;0;1;0;0;0;1;1;0;0;-1;-1;0;0;-1;-1;-1;-1;-1;-1;-1;-1;-1;0;10;30;70;100;10;60;80;40;16.6;4.4;3.4;2.1;FH;Valur;2.18;1.18;2.2;1.8;2.33;1.67;100;90;70;30;0;100;90;90;0;0;0;740;22;Y;Y;Y;N;N;N;Y
213720;3816;971;2014;complete;1292;10;-1;4;65,83;1;2;3;10;8;18;1;1;2;1;0;1;6;6;6;2;12;8;9;8;50;50;2;3;3.47;3.78;2.07;0;0;0;0;0;0;0;0;0;0;0;0;0;0;0;0;0;0;0;0;0;0;0;0;0;0;0;0;0;0;0;0;0;0;0;0;0;0;0;0;0;0;0;0;0;0;0;0;0;0;0;0;0;0;0;0;0;0;0;0;0;0;0;0;0;3;1;0;0;2;2;1;2014-06-27 19:15:00;971;0;80;23;48;0;-1;1;-1;-1;-1;-1;-1;-1;2;1;0;1;3;1;-1;0;0;0;0;0;0;0;0;0;0;0;0;0;1;1;1;0;-1;-1;0;0;-1;-1;-1;-1;-1;-1;-1;-1;-1;13;35;48;90;100;23;68;90;58;10.25;4.9;5.1;3.1;Fram;Stjarnan;1.09;2.45;1.2;2;1;2.11;88;65;53;10;0;90;78;65;0;0;0;740;22;Y;Y;Y;N;N;N;Y
213721;3815;3805;2014;complete;1292;10;-1;45;86,90;1;2;3;2;9;11;1;3;3;3;0;0;4;6;4;4;8;10;15;13;40;60;3;3;1.93;3.82;4.01;0;0;0;0;0;0;0;0;0;0;0;0;0;0;0;0;0;0;0;0;0;0;0;0;0;0;0;0;0;0;0;0;0;0;0;0;0;0;0;0;0;0;0;0;0;0;0;0;0;0;0;0;0;0;0;0;0;0;0;0;0;0;0;0;0;3;1;0;0;2;2;1;2014-07-02 18:00:00;3805;0;71;0;25;0;-1;1;-1;-1;-1;-1;-1;-1;0;1;3;2;1;5;-1;0;0;0;0;0;0;0;0;1;0;1;0;0;1;1;0;0;-1;-1;0;0;-1;-1;-1;-1;-1;-1;-1;-1;-1;0;17;17;79;100;9;54;100;34;11.08;2.25;4.42;2.13;Keflavík;ÍBV;1.09;0.91;1.5;0.75;1.78;0.44;100;84;84;21;0;79;67;59;0;0;0;740;22;Y;Y;Y;N;N;N;Y
213722;3803;3817;2014;complete;1292;10;-1;23,45,54;37,90;3;2;5;9;1;10;2;3;1;3;0;0;3;6;5;2;8;8;17;23;48;52;1;3;1.54;4.53;6.32;0;0;0;0;0;0;0;0;0;0;0;0;0;0;0;0;0;0;0;0;0;0;0;0;0;0;0;0;0;0;0;0;0;0;0;0;0;0;0;0;0;0;0;0;0;0;0;0;0;0;0;0;0;0;0;0;0;0;0;0;0;0;0;0;0;5;2;1;1;1;2;3;2014-07-02 19:15:00;3803;0;88;13;38;0;-1;1;-1;-1;-1;-1;-1;-1;0;1;1;2;1;3;-1;0;0;0;0;0;0;0;0;0;0;0;0;0;1;1;0;0;-1;-1;0;0;-1;-1;-1;-1;-1;-1;-1;-1;-1;13;38;50;88;100;38;88;100;38;9;3.75;5.25;2.88;Breidablik;Thór;1.55;0.09;0.75;0.25;0.67;0.56;88;63;50;13;0;75;63;63;0;0;0;740;22;Y;Y;Y;Y;Y;N;Y
213723;973;3810;2014;complete;1292;10;-1;54,64;;2;0;2;5;3;8;1;0;1;2;0;0;5;6;3;4;8;10;11;17;54;46;1;2;1.5;4.77;6.6;0;0;0;0;0;0;0;0;0;0;0;0;0;0;0;0;0;0;0;0;0;0;0;0;0;0;0;0;0;0;0;0;0;0;0;0;0;0;0;0;0;0;0;0;0;0;0;0;0;0;0;0;0;0;0;0;0;0;0;0;0;0;0;0;0;2;0;0;2;0;2;0;2014-07-02 19:15:00;973;0;45;23;35;0;-1;1;-1;-1;-1;-1;-1;-1;0;1;1;1;1;2;-1;0;0;0;0;0;0;0;0;0;0;0;0;0;1;1;0;0;-1;-1;0;0;-1;-1;-1;-1;-1;-1;-1;-1;-1;13;13;55;55;90;33;58;78;35;12.05;4.55;4.45;2.25;KR;Víkingur Reykjavík;1.82;1.27;1.5;1.4;1.78;1.78;88;88;45;45;10;90;68;55;0;0;0;740;22;Y;Y;N;N;N;N;N
213724;3808;3812;2014;complete;1292;10;-1;19,44,90;67,69,84;3;3;6;3;8;11;0;2;0;1;0;0;3;4;4;11;7;15;13;10;42;58;0;1;2.22;3.63;3.29;0;0;0;0;0;0;0;0;0;0;0;0;0;0;0;0;0;0;0;0;0;0;0;0;0;0;0;0;0;0;0;0;0;0;0;0;0;0;0;0;0;0;0;0;0;0;0;0;0;0;0;0;0;0;0;0;0;0;0;0;0;0;0;0;0;6;2;0;1;3;4;2;2014-07-02 20:00:00;-1;0;52;25;27;0;-1;1;-1;-1;-1;-1;-1;-1;0;1;0;0;1;0;-1;0;0;0;0;0;0;0;0;0;0;0;0;0;1;1;0;0;-1;-1;0;0;-1;-1;-1;-1;-1;-1;-1;-1;-1;17;25;49;69;100;45;69;80;35;8.69;2.11;3.49;2.73;Fjölnir;Fylkir;1.36;1;1;0.86;1.11;0.78;83;76;52;32;0;93;69;69;0;0;0;740;22;Y;Y;Y;Y;Y;Y;Y
213725;3817;973;2014;complete;1292;11;-1;44,69;;2;0;2;4;4;8;2;8;4;1;0;0;3;8;3;9;6;17;13;14;35;65;4;1;6.68;4.6;1.51;0;0;0;0;0;0;0;0;0;0;0;0;0;0;0;0;0;0;0;0;0;0;0;0;0;0;0;0;0;0;0;0;0;0;0;0;0;0;0;0;0;0;0;0;0;0;0;0;0;0;0;0;0;0;0;0;0;0;0;0;0;0;0;0;0;2;1;0;1;0;1;1;2014-07-10 18:00:00;3817;0;80;60;10;0;-1;1;-1;-1;-1;-1;-1;-1;0;0;4;1;0;5;-1;0;0;0;0;0;0;0;0;0;0;0;0;0;1;1;0;0;-1;-1;0;0;-1;-1;-1;-1;-1;-1;-1;-1;-1;30;30;60;80;100;70;90;70;20;11.4;6.2;3;3.4;Thór;KR;1;2.09;0.8;2;0.5;1.9;70;70;40;20;0;70;50;50;0;0;0;740;22;Y;Y;N;N;N;N;N
213726;3805;3808;2014;complete;1292;11;-1;44,59,64,73;12,62;4;2;6;7;5;12;2;5;0;1;0;0;7;11;5;5;12;16;11;9;54;46;0;1;2.08;3.76;3.52;0;0;0;0;0;0;0;0;0;0;0;0;0;0;0;0;0;0;0;0;0;0;0;0;0;0;0;0;0;0;0;0;0;0;0;0;0;0;0;0;0;0;0;0;0;0;0;0;0;0;0;0;0;0;0;0;0;0;0;0;0;0;0;0;0;6;1;1;3;1;4;2;2014-07-13 14:00:00;3805;0;100;20;68;0;-1;1;-1;-1;-1;-1;-1;-1;0;1;0;0;1;0;-1;0;0;0;0;0;0;0;0;0;0;0;0;0;1;1;0;0;-1;-1;0;0;-1;-1;-1;-1;-1;-1;-1;-1;-1;10;43;88;100;100;33;68;100;78;12;3.8;3.2;3.4;ÍBV;Fjölnir;1.09;0.73;0.2;1.25;0.7;1.1;90;58;13;0;0;78;68;68;0;0;0;740;22;Y;Y;Y;Y;Y;Y;Y
213727;971;54;2014;complete;1292;11;-1;33,82;24,67;2;2;4;2;4;6;2;2;1;2;0;1;8;5;3;7;11;12;10;16;55;45;1;4;3.3;3.61;2.22;0;0;0;0;0;0;0;0;0;0;0;0;0;0;0;0;0;0;0;0;0;0;0;0;0;0;0;0;0;0;0;0;0;0;0;0;0;0;0;0;0;0;0;0;0;0;0;0;0;0;0;0;0;0;0;0;0;0;0;0;0;0;0;0;0;4;1;1;1;1;2;2;2014-07-13 16:00:00;-1;0;43;10;10;0;-1;1;-1;-1;-1;-1;-1;-1;0;2;1;1;2;2;-1;0;0;0;0;0;0;0;0;0;0;0;0;0;1;1;0;0;-1;-1;0;0;-1;-1;-1;-1;-1;-1;-1;-1;-1;0;13;33;55;90;10;80;55;23;13.1;4.05;3.4;1.9;Stjarnan;FH;2.27;2.45;2.2;2.5;2.2;2.4;100;88;68;45;10;78;78;65;0;0;0;740;22;Y;Y;Y;Y;N;N;Y
213728;3812;3816;2014;complete;1292;11;-1;53,85;;2;0;2;4;4;8;0;3;2;2;0;0;8;6;11;3;19;9;10;10;58;42;2;2;2.25;3.66;3.2;0;0;0;0;0;0;0;0;0;0;0;0;0;0;0;0;0;0;0;0;0;0;0;0;0;0;0;0;0;0;0;0;0;0;0;0;0;0;0;0;0;0;0;0;0;0;0;0;0;0;0;0;0;0;0;0;0;0;0;0;0;0;0;0;0;2;0;0;2;0;2;0;2014-07-14 19:15:00;3812;0;100;50;75;0;-1;1;-1;-1;-1;-1;-1;-1;1;0;1;2;1;3;-1;0;0;0;0;0;0;0;1;0;1;0;0;0;1;1;0;0;-1;-1;0;0;-1;-1;-1;-1;-1;-1;-1;-1;-1;63;63;75;100;100;88;100;75;75;14.5;7;3.5;4.63;Fylkir;Fram;1.55;0.82;0.5;0.75;0.8;0.9;38;38;25;0;0;100;100;100;0;0;0;740;22;Y;Y;N;N;N;N;N
213729;3810;3815;2014;complete;1292;11;-1;37,57,86;42;3;1;4;6;6;12;2;2;1;2;0;1;6;7;7;4;13;11;4;10;50;50;1;3;2.54;3.56;2.81;0;0;0;0;0;0;0;0;0;0;0;0;0;0;0;0;0;0;0;0;0;0;0;0;0;0;0;0;0;0;0;0;0;0;0;0;0;0;0;0;0;0;0;0;0;0;0;0;0;0;0;0;0;0;0;0;0;0;0;0;0;0;0;0;0;4;1;1;2;0;2;2;2014-07-14 19:15:00;3810;0;71;17;54;0;-1;1;-1;-1;-1;-1;-1;-1;1;1;0;2;2;2;-1;0;0;0;0;0;0;0;0;0;0;0;0;0;1;1;0;0;-1;-1;0;0;-1;-1;-1;-1;-1;-1;-1;-1;-1;29;29;54;71;100;46;100;54;54;12.75;4.08;3.92;3;Víkingur Reykjavík;Keflavík;1.45;1.18;2.25;2.33;1.6;1.6;71;71;46;29;0;100;75;75;0;0;0;740;22;Y;Y;Y;Y;N;N;Y
213730;3809;3803;2014;complete;1292;11;-1;30;17,21;1;2;3;5;3;8;2;3;2;0;0;0;4;5;6;6;10;11;14;6;52;48;2;0;2.15;3.56;3.52;0;0;0;0;0;0;0;0;0;0;0;0;0;0;0;0;0;0;0;0;0;0;0;0;0;0;0;0;0;0;0;0;0;0;0;0;0;0;0;0;0;0;0;0;0;0;0;0;0;0;0;0;0;0;0;0;0;0;0;0;0;0;0;0;0;3;1;2;0;0;0;3;2014-07-14 19:15:00;3803;0;55;45;23;0;-1;1;-1;-1;-1;-1;-1;-1;1;0;1;0;1;1;-1;0;0;0;0;0;0;0;0;0;0;0;0;0;1;1;0;0;-1;-1;0;0;-1;-1;-1;-1;-1;-1;-1;-1;-1;13;13;25;65;100;45;68;58;33;16.75;2.65;4.3;2.53;Valur;Breidablik;1.36;0.91;1.5;0.6;1.5;0.9;88;88;75;35;0;100;100;100;0;0;0;740;22;Y;Y;Y;N;N;N;Y
213731;3809;973;2014;complete;1292;12;-1;41;28,35,37,58;1;4;5;5;4;9;3;3;1;1;0;0;4;6;4;3;8;9;7;9;47;53;1;1;3.02;3.59;2.38;0;0;0;0;0;0;0;0;0;0;0;0;0;0;0;0;0;0;0;0;0;0;0;0;0;0;0;0;0;0;0;0;0;0;0;0;0;0;0;0;0;0;0;0;0;0;0;0;0;0;0;0;0;0;0;0;0;0;0;0;0;0;0;0;0;5;1;3;0;1;1;4;2014-07-19 16:00:00;973;0;64;64;10;0;-1;1;-1;-1;-1;-1;-1;-1;0;0;1;1;0;2;-1;0;0;0;0;0;0;0;0;0;0;0;0;0;1;1;0;0;-1;-1;0;0;-1;-1;-1;-1;-1;-1;-1;-1;-1;19;19;55;72;100;64;82;64;19;12.23;6.07;3.73;2.94;Valur;KR;1.36;2.09;1.2;1.67;1.36;1.73;82;82;45;29;0;65;57;57;0;0;0;740;22;Y;Y;Y;Y;Y;N;Y
213732;3817;3815;2014;complete;1292;12;-1;;;0;0;0;10;7;17;1;1;3;3;1;0;4;5;4;5;8;10;16;15;48;52;4;3;3.24;3.71;2.21;0;0;0;0;0;0;0;0;0;0;0;0;0;0;0;0;0;0;0;0;0;0;0;0;0;0;0;0;0;0;0;0;0;0;0;0;0;0;0;0;0;0;0;0;0;0;0;0;0;0;0;0;0;0;0;0;0;0;0;0;0;0;0;0;0;0;0;0;0;0;0;0;2014-07-20 17:00:00;-1;0;71;42;21;0;-1;1;-1;-1;-1;-1;-1;-1;1;2;3;1;3;4;-1;0;0;0;0;0;0;0;0;0;0;0;0;0;1;1;0;0;-1;-1;0;0;-1;-1;-1;-1;-1;-1;-1;-1;-1;29;42;50;79;100;63;100;67;34;11.75;3.67;4;3.46;Thór;Keflavík;1;1.18;1.17;1.75;0.73;1.45;71;59;50;21;0;84;75;75;0;0;0;740;22;N;N;N;N;N;N;N
213733;3805;3816;2014;complete;1292;12;-1;5,90;;2;0;2;5;6;11;2;0;1;3;0;0;8;5;9;6;17;11;15;11;54;46;1;3;2.02;3.84;3.64;0;0;0;0;0;0;0;0;0;0;0;0;0;0;0;0;0;0;0;0;0;0;0;0;0;0;0;0;0;0;0;0;0;0;0;0;0;0;0;0;0;0;0;0;0;0;0;0;0;0;0;0;0;0;0;0;0;0;0;0;0;0;0;0;0;2;1;0;1;0;1;1;2014-07-20 17:00:00;3805;0;90;45;74;0;-1;1;-1;-1;-1;-1;-1;-1;1;0;0;3;1;3;-1;0;0;0;0;0;0;0;0;0;0;0;0;0;1;1;1;0;-1;-1;0;0;-1;-1;-1;-1;-1;-1;-1;-1;-1;47;64;90;100;100;55;74;100;92;12.57;4.03;4.23;4.39;ÍBV;Fram;1.09;0.82;0.67;0.6;0.91;0.82;54;37;10;0;0;82;74;74;0;0;0;740;22;Y;Y;N;N;N;N;N
213734;3812;971;2014;complete;1292;12;-1;45;35,37,81;1;3;4;5;7;12;0;2;0;1;0;0;6;2;9;2;15;4;11;6;50;50;0;1;3.44;3.76;2.11;0;0;0;0;0;0;0;0;0;0;0;0;0;0;0;0;0;0;0;0;0;0;0;0;0;0;0;0;0;0;0;0;0;0;0;0;0;0;0;0;0;0;0;0;0;0;0;0;0;0;0;0;0;0;0;0;0;0;0;0;0;0;0;0;0;4;1;2;0;1;1;3;2014-07-20 20:00:00;971;0;84;27;47;0;-1;1;-1;-1;-1;-1;-1;-1;0;0;0;1;0;1;-1;0;0;0;0;0;0;0;0;0;0;0;0;0;1;1;0;0;-1;-1;0;0;-1;-1;-1;-1;-1;-1;-1;-1;-1;27;37;57;100;100;44;74;84;74;12.93;4.73;3.13;3.57;Fylkir;Stjarnan;1.55;2.45;1.33;2.2;1;2.09;74;64;44;0;0;84;74;64;0;0;0;740;22;Y;Y;Y;Y;N;N;Y
213735;3803;54;2014;complete;1292;12;-1;11,44;10,31,39,90;2;4;6;13;8;21;2;1;1;5;0;1;4;2;3;5;7;7;6;16;51;49;1;7;4.6;3.8;1.82;0;0;0;0;0;0;0;0;0;0;0;0;0;0;0;0;0;0;0;0;0;0;0;0;0;0;0;0;0;0;0;0;0;0;0;0;0;0;0;0;0;0;0;0;0;0;0;0;0;0;0;0;0;0;0;0;0;0;0;0;0;0;0;0;0;6;2;3;0;1;1;5;2014-07-21 19:15:00;54;0;70;30;30;0;-1;1;-1;-1;-1;-1;-1;-1;0;4;1;2;4;3;-1;0;0;0;0;0;0;0;0;0;0;0;0;0;1;1;0;1;-1;-1;0;0;-1;-1;-1;-1;-1;-1;-1;-1;-1;10;40;50;80;100;30;100;80;40;11.4;4;4.6;2.8;Breidablik;FH;1.55;2.45;1.2;2.2;1.09;2.27;90;60;50;20;0;60;60;40;0;0;0;740;22;Y;Y;Y;Y;Y;Y;Y
213736;3810;3808;2014;complete;1292;12;-1;90;;1;0;1;4;4;8;4;2;3;3;0;0;4;5;7;4;11;9;16;11;58;42;3;3;2.12;3.7;3.48;0;0;0;0;0;0;0;0;0;0;0;0;0;0;0;0;0;0;0;0;0;0;0;0;0;0;0;0;0;0;0;0;0;0;0;0;0;0;0;0;0;0;0;0;0;0;0;0;0;0;0;0;0;0;0;0;0;0;0;0;0;0;0;0;0;1;0;0;1;0;1;0;2014-07-21 19:15:00;3810;0;90;20;70;0;-1;1;-1;-1;-1;-1;-1;-1;1;0;2;3;1;5;-1;0;0;0;0;0;0;0;0;0;0;0;0;0;1;1;0;0;-1;-1;0;0;-1;-1;-1;-1;-1;-1;-1;-1;-1;20;40;80;90;100;40;90;90;80;11.6;5.2;3;3.4;Víkingur Reykjavík;Fjölnir;1.45;0.73;2.4;1;1.73;1;80;60;20;10;0;90;70;70;0;0;0;740;22;Y;N;N;N;N;N;N
213737;3808;3817;2014;complete;1292;13;-1;7,32,45,89;87;4;1;5;7;5;12;3;5;4;1;0;0;4;3;7;8;11;11;20;18;49;51;4;1;2.27;3.74;3.1;0;0;0;0;0;0;0;0;0;0;0;0;0;0;0;0;0;0;0;0;0;0;0;0;0;0;0;0;0;0;0;0;0;0;0;0;0;0;0;0;0;0;0;0;0;0;0;0;0;0;0;0;0;0;0;0;0;0;0;0;0;0;0;0;0;5;3;0;1;1;2;3;2014-07-27 17:00:00;3808;0;74;19;55;0;-1;1;-1;-1;-1;-1;-1;-1;2;0;2;1;2;3;-1;0;0;0;0;0;0;0;0;0;0;0;0;0;1;1;1;0;-1;-1;0;0;-1;-1;-1;-1;-1;-1;-1;-1;-1;37;47;55;82;100;64;82;84;55;7.97;2.53;3.8;3.29;Fjölnir;Thór;1.36;0.09;1;0.2;0.92;0.75;64;54;45;19;0;100;82;72;0;0;0;740;22;Y;Y;Y;Y;Y;N;Y
213738;971;3805;2014;complete;1292;13;-1;29,90;;2;0;2;1;12;13;1;2;1;1;1;0;4;6;7;5;11;11;17;17;47;53;2;1;1.93;3.88;3.93;0;0;0;0;0;0;0;0;0;0;0;0;0;0;0;0;0;0;0;0;0;0;0;0;0;0;0;0;0;0;0;0;0;0;0;0;0;0;0;0;0;0;0;0;0;0;0;0;0;0;0;0;0;0;0;0;0;0;0;0;0;0;0;0;0;2;1;0;1;0;1;1;2014-07-27 17:00:00;971;0;74;17;17;0;-1;1;-1;-1;-1;-1;-1;-1;0;0;2;1;0;3;-1;0;0;0;0;0;0;0;0;0;0;0;0;0;1;1;0;0;-1;-1;0;0;-1;-1;-1;-1;-1;-1;-1;-1;-1;0;9;35;74;92;17;74;84;27;11.83;3.03;3.33;2.09;Stjarnan;ÍBV;2.27;0.91;2;1.2;2.17;1.08;100;92;65;27;9;74;64;64;0;0;0;740;22;Y;Y;N;N;N;N;N
213739;3812;54;2014;complete;1292;13;-1;;79,86;0;2;2;3;10;13;1;2;2;1;0;0;5;3;5;5;10;8;12;5;43;57;2;1;6.15;4.29;1.57;0;0;0;0;0;0;0;0;0;0;0;0;0;0;0;0;0;0;0;0;0;0;0;0;0;0;0;0;0;0;0;0;0;0;0;0;0;0;0;0;0;0;0;0;0;0;0;0;0;0;0;0;0;0;0;0;0;0;0;0;0;0;0;0;0;2;0;0;0;2;2;0;2014-07-27 19:15:00;54;0;63;42;21;0;-1;1;-1;-1;-1;-1;-1;-1;2;0;0;1;2;1;-1;0;0;0;0;0;0;0;0;0;0;0;0;0;1;1;0;0;-1;-1;0;0;-1;-1;-1;-1;-1;-1;-1;-1;-1;21;50;50;84;100;54;88;71;42;12.33;4.5;4.17;3.25;Fylkir;FH;1.55;2.45;1;2.33;0.92;2.33;79;50;50;17;0;71;71;63;0;0;0;740;22;Y;Y;N;N;N;N;N
213740;3816;3810;2014;complete;1292;13;-1;;66,78,86;0;3;3;6;11;17;2;0;5;4;0;0;6;10;8;9;14;19;10;14;47;53;5;4;2.76;3.59;2.56;0;0;0;0;0;0;0;0;0;0;0;0;0;0;0;0;0;0;0;0;0;0;0;0;0;0;0;0;0;0;0;0;0;0;0;0;0;0;0;0;0;0;0;0;0;0;0;0;0;0;0;0;0;0;0;0;0;0;0;0;0;0;0;0;0;3;0;0;0;3;3;0;2014-07-27 19:15:00;3810;0;50;17;17;0;-1;1;-1;-1;-1;-1;-1;-1;2;2;3;2;4;5;-1;0;0;0;0;0;0;0;0;0;0;0;0;0;1;1;0;0;-1;-1;1;0;-1;-1;-1;-1;-1;-1;-1;-1;-1;0;9;42;75;92;25;50;83;42;10.33;4.5;5.5;2.17;Fram;Víkingur Reykjavík;1.09;1.27;1;1.17;0.75;1.83;100;92;59;25;9;75;67;67;0;0;0;740;22;Y;Y;Y;N;N;N;N
213741;3815;3809;2014;complete;1292;13;-1;71;42,87;1;2;3;4;6;10;0;4;1;2;0;0;5;7;1;6;6;13;10;17;44;56;1;2;2.63;3.59;2.68;0;0;0;0;0;0;0;0;0;0;0;0;0;0;0;0;0;0;0;0;0;0;0;0;0;0;0;0;0;0;0;0;0;0;0;0;0;0;0;0;0;0;0;0;0;0;0;0;0;0;0;0;0;0;0;0;0;0;0;0;0;0;0;0;0;3;0;1;1;1;2;1;2014-07-27 19:15:00;3809;0;77;0;55;0;-1;1;-1;-1;-1;-1;-1;-1;0;1;1;1;1;2;-1;0;0;0;0;0;0;0;0;0;0;0;0;0;1;1;0;0;-1;-1;0;0;-1;-1;-1;-1;-1;-1;-1;-1;-1;0;23;47;85;100;7;55;92;69;12.29;4.26;5.04;2.54;Keflavík;Valur;1.09;1.18;1.29;1.5;1.42;1.25;100;77;54;16;0;93;93;86;0;0;0;740;22;Y;Y;Y;N;N;N;Y
213742;973;3803;2014;complete;1292;13;-1;53;9;1;1;2;6;1;7;8;0;1;1;1;0;3;5;7;7;10;12;11;18;60;40;3;1;1.63;4.12;5.72;0;0;0;0;0;0;0;0;0;0;0;0;0;0;0;0;0;0;0;0;0;0;0;0;0;0;0;0;0;0;0;0;0;0;0;0;0;0;0;0;0;0;0;0;0;0;0;0;0;0;0;0;0;0;0;0;0;0;0;0;0;0;0;0;0;2;0;1;1;0;1;1;2014-07-27 20:00:00;-1;0;54;35;29;0;-1;1;-1;-1;-1;-1;-1;-1;0;0;2;1;0;3;-1;0;0;0;0;0;0;0;0;0;0;0;0;0;1;1;0;1;-1;-1;0;0;-1;-1;-1;-1;-1;-1;-1;-1;-1;10;10;29;72;100;35;64;57;47;14.83;4.07;3.5;2.2;KR;Breidablik;1.82;0.91;1.8;1;1.83;1;90;90;72;29;0;82;72;62;0;0;0;740;22;Y;Y;N;N;N;N;Y
213743;3812;3805;2014;complete;1292;14;-1;25,41,87;80;3;1;4;2;8;10;2;1;2;2;0;0;4;8;9;7;13;15;11;11;47;53;2;2;2.58;3.51;2.8;0;0;0;0;0;0;0;0;0;0;0;0;0;0;0;0;0;0;0;0;0;0;0;0;0;0;0;0;0;0;0;0;0;0;0;0;0;0;0;0;0;0;0;0;0;0;0;0;0;0;0;0;0;0;0;0;0;0;0;0;0;0;0;0;0;4;2;0;1;1;2;2;2014-08-06 18:00:00;3812;0;64;20;10;0;-1;1;-1;-1;-1;-1;-1;-1;0;1;2;1;1;3;-1;0;0;0;0;0;0;0;0;0;0;0;0;0;1;1;0;0;-1;-1;0;0;-1;-1;-1;-1;-1;-1;-1;-1;-1;10;20;29;92;100;30;72;90;39;12.4;3.53;3.03;2.6;Fylkir;ÍBV;1.55;0.91;0.8;1;0.85;1;90;80;72;9;0;82;74;74;0;0;0;740;22;Y;Y;Y;Y;N;N;Y
213744;3817;3816;2014;complete;1292;14;-1;;74,89;0;2;2;10;4;14;1;5;2;3;1;1;2;2;9;2;11;4;14;27;52;48;4;5;2.01;3.8;3.7;0;0;0;0;0;0;0;0;0;0;0;0;0;0;0;0;0;0;0;0;0;0;0;0;0;0;0;0;0;0;0;0;0;0;0;0;0;0;0;0;0;0;0;0;0;0;0;0;0;0;0;0;0;0;0;0;0;0;0;0;0;0;0;0;0;2;0;0;0;2;2;0;2014-08-06 18:00:00;3816;0;62;31;41;0;-1;1;-1;-1;-1;-1;-1;-1;1;0;2;4;1;6;-1;0;0;0;0;0;0;0;0;0;0;0;0;0;1;1;0;0;-1;-1;0;0;-1;-1;-1;-1;-1;-1;-1;-1;-1;40;40;55;86;93;47;85;86;49;12.04;3.83;4.79;3.66;Thór;Fram;1;0.82;1.14;0.5;0.69;0.69;61;61;45;15;7;77;70;70;0;0;0;740;22;Y;Y;N;N;N;N;N
213745;3803;3815;2014;complete;1292;14;-1;36,47,87,90;6,45,50,68;4;4;8;7;3;10;4;2;0;2;0;0;8;5;9;5;17;10;20;15;59;41;0;2;1.99;3.74;3.83;0;0;0;0;0;0;0;0;0;0;0;0;0;0;0;0;0;0;0;0;0;0;0;0;0;0;0;0;0;0;0;0;0;0;0;0;0;0;0;0;0;0;0;0;0;0;0;0;0;0;0;0;0;0;0;0;0;0;0;0;0;0;0;0;0;8;1;2;3;2;5;3;2014-08-06 19:15:00;-1;0;80;45;27;0;-1;1;-1;-1;-1;-1;-1;-1;0;1;0;1;1;1;-1;0;0;0;0;0;0;0;0;0;0;0;0;0;1;1;0;1;-1;-1;0;0;-1;-1;-1;-1;-1;-1;-1;-1;-1;27;45;54;80;90;55;90;70;37;13.47;3.23;4.2;3.14;Breidablik;Keflavík;1.55;1.18;1;1.6;1;1.31;74;55;47;20;10;84;84;75;0;0;0;740;22;Y;Y;Y;Y;Y;Y;Y
213746;3809;3808;2014;complete;1292;14;-1;24,31,35,62;49,72,82;4;3;7;5;5;10;2;0;1;1;0;0;6;6;3;8;9;14;17;15;52;48;1;1;1.71;4.1;4.97;0;0;0;0;0;0;0;0;0;0;0;0;0;0;0;0;0;0;0;0;0;0;0;0;0;0;0;0;0;0;0;0;0;0;0;0;0;0;0;0;0;0;0;0;0;0;0;0;0;0;0;0;0;0;0;0;0;0;0;0;0;0;0;0;0;7;3;0;1;3;4;3;2014-08-06 19:15:00;3809;0;75;42;42;0;-1;1;-1;-1;-1;-1;-1;-1;0;0;1;1;0;2;-1;0;0;0;0;0;0;0;0;0;0;0;0;0;1;1;0;0;-1;-1;0;0;-1;-1;-1;-1;-1;-1;-1;-1;-1;25;33;67;75;100;50;75;84;42;11.67;4.17;3.5;3.34;Valur;Fjölnir;1.36;0.73;1;0.83;1.38;1.08;75;67;33;25;0;75;67;67;0;0;0;740;22;Y;Y;Y;Y;Y;Y;Y
213747;3805;54;2014;complete;1292;15;-1;41;33;1;1;2;2;5;7;2;0;1;1;0;0;6;8;8;7;14;15;6;11;45;55;1;1;6.73;4.61;1.52;0;0;0;0;0;0;0;0;0;0;0;0;0;0;0;0;0;0;0;0;0;0;0;0;0;0;0;0;0;0;0;0;0;0;0;0;0;0;0;0;0;0;0;0;0;0;0;0;0;0;0;0;0;0;0;0;0;0;0;0;0;0;0;0;0;2;1;1;0;0;0;2;2014-08-10 17:00:00;-1;0;65;36;36;0;-1;1;-1;-1;-1;-1;-1;-1;0;0;1;1;0;2;-1;0;0;0;0;0;0;0;0;0;0;0;0;0;1;1;0;0;-1;-1;0;0;-1;-1;-1;-1;-1;-1;-1;-1;-1;22;50;65;86;100;36;79;86;57;12.86;3.86;4.57;3.36;ÍBV;FH;1.09;2.45;1;2.43;0.93;2.38;79;50;36;15;0;79;71;64;0;0;0;740;22;Y;Y;N;N;N;N;Y
213748;3812;3810;2014;complete;1292;15;-1;27;60;1;1;2;4;3;7;0;1;1;2;0;0;5;4;5;6;10;10;17;13;39;61;1;2;2.95;3.69;2.41;0;0;0;0;0;0;0;0;0;0;0;0;0;0;0;0;0;0;0;0;0;0;0;0;0;0;0;0;0;0;0;0;0;0;0;0;0;0;0;0;0;0;0;0;0;0;0;0;0;0;0;0;0;0;0;0;0;0;0;0;0;0;0;0;0;2;1;0;0;1;1;1;2014-08-10 19:15:00;-1;0;48;24;24;0;-1;1;-1;-1;-1;-1;-1;-1;1;0;0;2;1;2;-1;0;0;0;0;0;0;0;0;0;0;0;0;0;1;1;0;0;-1;-1;0;0;-1;-1;-1;-1;-1;-1;-1;-1;-1;9;25;54;86;93;48;48;85;55;10.97;3.46;3.76;2.74;Fylkir;Víkingur Reykjavík;1.55;1.27;1.17;1.43;1;1.92;92;75;47;15;7;77;70;62;0;0;0;740;22;Y;Y;N;N;N;N;Y
213749;3816;3809;2014;complete;1292;15;-1;63;;1;0;1;5;6;11;1;1;3;2;0;0;7;4;3;6;10;10;13;13;46;54;3;2;3.96;3.9;1.92;0;0;0;0;0;0;0;0;0;0;0;0;0;0;0;0;0;0;0;0;0;0;0;0;0;0;0;0;0;0;0;0;0;0;0;0;0;0;0;0;0;0;0;0;0;0;0;0;0;0;0;0;0;0;0;0;0;0;0;0;0;0;0;0;0;1;0;0;1;0;1;0;2014-08-11 19:15:00;3816;0;72;7;43;0;-1;1;-1;-1;-1;-1;-1;-1;1;1;2;1;2;3;-1;0;0;0;0;0;0;0;0;0;0;0;0;0;1;1;0;0;-1;-1;0;0;-1;-1;-1;-1;-1;-1;-1;-1;-1;0;14;50;86;100;7;64;86;64;12;5.86;5.86;2.5;Fram;Valur;1.09;1.18;0.86;1.71;0.86;1.5;100;86;50;14;0;93;93;86;0;0;0;740;22;Y;N;N;N;N;N;N
213750;3808;3803;2014;complete;1292;15;-1;76;52;1;1;2;6;5;11;3;3;1;2;0;0;5;3;5;3;10;6;18;13;49;51;1;2;2.83;3.73;2.45;0;0;0;0;0;0;0;0;0;0;0;0;0;0;0;0;0;0;0;0;0;0;0;0;0;0;0;0;0;0;0;0;0;0;0;0;0;0;0;0;0;0;0;0;0;0;0;0;0;0;0;0;0;0;0;0;0;0;0;0;0;0;0;0;0;2;0;0;1;1;2;0;2014-08-11 19:15:00;-1;0;71;29;36;0;-1;1;-1;-1;-1;-1;-1;-1;1;1;0;1;2;1;-1;0;0;0;0;0;0;0;0;0;0;0;0;0;1;1;0;0;-1;-1;1;0;-1;-1;-1;-1;-1;-1;-1;-1;-1;22;22;36;86;100;57;79;57;43;12.28;2.14;2.86;2.72;Fjölnir;Breidablik;1.36;0.91;1.29;1;1;1;79;79;65;14;0;86;79;79;0;0;0;740;22;Y;Y;N;N;N;N;Y
213751;973;3815;2014;complete;1292;15;-1;58,62;;2;0;2;6;7;13;3;1;2;1;0;0;8;4;7;10;15;14;8;12;53;47;2;1;1.57;4.38;5.99;0;0;0;0;0;0;0;0;0;0;0;0;0;0;0;0;0;0;0;0;0;0;0;0;0;0;0;0;0;0;0;0;0;0;0;0;0;0;0;0;0;0;0;0;0;0;0;0;0;0;0;0;0;0;0;0;0;0;0;0;0;0;0;0;0;2;0;0;2;0;2;0;2014-08-11 19:15:00;973;0;59;34;33;0;-1;1;-1;-1;-1;-1;-1;-1;1;1;1;0;2;1;-1;0;0;0;0;0;0;0;0;0;0;0;0;0;1;1;0;0;-1;-1;0;0;-1;-1;-1;-1;-1;-1;-1;-1;-1;25;34;42;67;92;42;75;67;50;12.17;4.83;4.34;2.92;KR;Keflavík;1.82;1.18;1.67;1.5;1.77;1.29;75;67;59;33;9;84;75;58;0;0;0;740;22;Y;Y;N;N;N;N;N
213752;971;3817;2014;complete;1292;15;-1;37,90;47;2;1;3;4;3;7;4;0;3;3;0;0;4;7;5;7;9;14;14;13;57;43;3;3;1.58;4.4;5.84;0;0;0;0;0;0;0;0;0;0;0;0;0;0;0;0;0;0;0;0;0;0;0;0;0;0;0;0;0;0;0;0;0;0;0;0;0;0;0;0;0;0;0;0;0;0;0;0;0;0;0;0;0;0;0;0;0;0;0;0;0;0;0;0;0;3;1;0;1;1;2;1;2014-08-11 20:00:00;971;0;70;23;48;0;-1;1;-1;-1;-1;-1;-1;-1;0;0;3;3;0;6;-1;0;0;0;0;0;0;0;0;0;0;0;0;0;1;1;0;0;-1;-1;0;0;-1;-1;-1;-1;-1;-1;-1;-1;-1;25;41;55;77;93;48;77;86;48;9.14;4.38;3.93;2.91;Stjarnan;Thór;2.27;0.09;2.14;0.17;2.23;0.64;75;60;45;23;7;86;77;69;0;0;0;740;22;Y;Y;Y;N;N;N;Y
213753;3809;971;2014;complete;1292;16;-1;90;42,53;1;2;3;6;5;11;3;4;1;0;0;0;6;5;12;4;18;9;10;5;57;43;1;0;2.54;3.71;2.73;0;0;0;0;0;0;0;0;0;0;0;0;0;0;0;0;0;0;0;0;0;0;0;0;0;0;0;0;0;0;0;0;0;0;0;0;0;0;0;0;0;0;0;0;0;0;0;0;0;0;0;0;0;0;0;0;0;0;0;0;0;0;0;0;0;3;0;1;1;1;2;1;2014-08-15 18:30:00;971;0;86;45;40;0;-1;1;-1;-1;-1;-1;-1;-1;1;0;0;0;1;0;-1;0;0;0;0;0;0;0;0;0;0;0;0;0;1;1;0;0;-1;-1;0;0;-1;-1;-1;-1;-1;-1;-1;-1;-1;30;47;77;86;100;52;85;86;48;12.67;3.21;3.67;3.92;Valur;Stjarnan;1.36;2.45;1.29;2.33;1.4;2.29;70;54;23;15;0;93;77;62;0;0;0;740;22;Y;Y;Y;N;N;N;Y
213754;3810;3805;2014;complete;1292;16;-1;86;38,48;1;2;3;13;3;16;1;3;2;2;0;0;9;5;7;1;16;6;12;13;69;31;2;2;2.15;3.7;3.4;0;0;0;0;0;0;0;0;0;0;0;0;0;0;0;0;0;0;0;0;0;0;0;0;0;0;0;0;0;0;0;0;0;0;0;0;0;0;0;0;0;0;0;0;0;0;0;0;0;0;0;0;0;0;0;0;0;0;0;0;0;0;0;0;0;3;0;1;1;1;2;1;2014-08-18 18:00:00;3805;0;69;9;32;0;-1;1;-1;-1;-1;-1;-1;-1;1;1;1;1;2;2;-1;0;0;0;0;0;0;0;0;0;0;0;0;0;1;1;0;0;-1;-1;0;0;-1;-1;-1;-1;-1;-1;-1;-1;-1;9;24;48;77;100;24;85;92;48;12.64;4.12;4.03;2.56;Víkingur Reykjavík;ÍBV;1.45;0.91;2.5;0.86;1.86;0.93;92;77;52;24;0;85;61;54;0;0;0;740;22;Y;Y;Y;N;N;N;Y
213755;3812;3817;2014;complete;1292;16;-1;13,24,69,76;40;4;1;5;4;6;10;6;0;0;2;0;0;2;3;5;4;7;7;11;12;57;43;0;2;2.11;3.75;3.46;0;0;0;0;0;0;0;0;0;0;0;0;0;0;0;0;0;0;0;0;0;0;0;0;0;0;0;0;0;0;0;0;0;0;0;0;0;0;0;0;0;0;0;0;0;0;0;0;0;0;0;0;0;0;0;0;0;0;0;0;0;0;0;0;0;5;2;1;2;0;2;3;2014-08-18 18:00:00;3812;0;79;22;50;0;-1;1;-1;-1;-1;-1;-1;-1;0;0;0;2;0;2;-1;0;0;0;0;0;0;0;0;0;0;0;0;0;1;1;0;0;-1;-1;0;0;-1;-1;-1;-1;-1;-1;-1;-1;-1;29;50;57;93;100;57;79;93;64;8.57;4.15;3.86;3.36;Fylkir;Thór;1.55;0.09;1.14;0.14;1;0.6;72;50;43;7;0;79;71;57;0;0;0;740;22;Y;Y;Y;Y;Y;N;Y
213756;3803;3816;2014;complete;1292;16;-1;78,80,84;;3;0;3;12;1;13;1;6;2;3;0;0;12;4;4;4;16;8;16;14;63;37;2;3;1.64;4.33;5.32;0;0;0;0;0;0;0;0;0;0;0;0;0;0;0;0;0;0;0;0;0;0;0;0;0;0;0;0;0;0;0;0;0;0;0;0;0;0;0;0;0;0;0;0;0;0;0;0;0;0;0;0;0;0;0;0;0;0;0;0;0;0;0;0;0;3;0;0;3;0;3;0;2014-08-18 19:15:00;3803;0;79;43;50;0;-1;1;-1;-1;-1;-1;-1;-1;0;2;2;1;2;3;-1;0;0;0;0;0;0;0;0;0;0;0;0;0;1;1;0;0;-1;-1;0;0;-1;-1;-1;-1;-1;-1;-1;-1;-1;43;50;64;100;100;50;86;100;65;12.71;4.43;4.57;4.08;Breidablik;Fram;1.55;0.82;1;0.86;1;1;57;50;36;0;0;79;79;65;0;0;0;740;22;Y;Y;Y;N;N;N;N
213757;54;3815;2014;complete;1292;16;-1;15,63;;2;0;2;6;4;10;4;0;3;1;0;0;5;2;9;3;14;5;13;10;55;45;3;1;1.37;5.21;8.53;0;0;0;0;0;0;0;0;0;0;0;0;0;0;0;0;0;0;0;0;0;0;0;0;0;0;0;0;0;0;0;0;0;0;0;0;0;0;0;0;0;0;0;0;0;0;0;0;0;0;0;0;0;0;0;0;0;0;0;0;0;0;0;0;0;2;1;0;1;0;1;1;2014-08-20 18:00:00;54;0;54;30;23;0;-1;1;-1;-1;-1;-1;-1;-1;1;0;2;1;1;3;-1;0;0;0;0;0;0;0;0;0;0;0;0;0;1;1;0;0;-1;-1;0;0;-1;-1;-1;-1;-1;-1;-1;-1;-1;15;22;38;69;93;37;69;70;45;14.96;2.93;3;2.65;FH;Keflavík;2.18;1.18;2.33;1.29;2.29;1.2;86;79;62;31;7;100;92;85;0;0;0;740;22;Y;Y;N;N;N;N;N
213758;973;3808;2014;complete;1292;16;-1;36;;1;0;1;4;10;14;5;0;0;4;0;0;5;3;4;6;9;9;6;17;57;43;0;4;1.38;5.19;8.02;0;0;0;0;0;0;0;0;0;0;0;0;0;0;0;0;0;0;0;0;0;0;0;0;0;0;0;0;0;0;0;0;0;0;0;0;0;0;0;0;0;0;0;0;0;0;0;0;0;0;0;0;0;0;0;0;0;0;0;0;0;0;0;0;0;1;1;0;0;0;0;1;2014-08-20 18:00:00;973;0;65;14;50;0;-1;1;-1;-1;-1;-1;-1;-1;0;1;0;3;1;3;-1;0;0;0;0;0;0;0;0;0;0;0;0;0;1;1;0;0;-1;-1;0;1;-1;-1;-1;-1;-1;-1;-1;-1;-1;22;29;50;79;100;29;64;93;64;11.43;5.43;3.43;3;KR;Fjölnir;1.82;0.73;1.86;0.71;1.86;1;79;72;50;22;0;71;64;50;0;0;0;740;22;Y;N;N;N;N;N;N
213759;3805;3817;2014;complete;1292;17;-1;81,88;;2;0;2;5;7;12;7;1;2;4;0;0;6;13;1;2;7;15;9;11;56;44;2;4;1.71;4.11;4.91;0;0;0;0;0;0;0;0;0;0;0;0;0;0;0;0;0;0;0;0;0;0;0;0;0;0;0;0;0;0;0;0;0;0;0;0;0;0;0;0;0;0;0;0;0;0;0;0;0;0;0;0;0;0;0;0;0;0;0;0;0;0;0;0;0;2;0;0;2;0;2;0;2014-08-24 17:00:00;3805;0;88;38;57;0;-1;1;-1;-1;-1;-1;-1;-1;0;1;2;3;1;5;-1;0;0;0;0;0;0;0;0;0;0;0;0;0;1;1;0;0;-1;-1;0;0;-1;-1;-1;-1;-1;-1;-1;-1;-1;38;57;75;94;100;57;82;94;69;9.63;3.88;4.13;3.69;ÍBV;Thór;1.09;0.09;1;0.13;1.06;0.56;63;44;25;7;0;82;69;57;0;0;0;740;22;Y;Y;N;N;N;N;N
213760;3812;3809;2014;complete;1292;17;-1;37,72;;2;0;2;4;5;9;1;2;2;3;0;0;3;4;4;3;7;7;13;14;47;53;2;3;2.95;3.63;2.4;0;0;0;0;0;0;0;0;0;0;0;0;0;0;0;0;0;0;0;0;0;0;0;0;0;0;0;0;0;0;0;0;0;0;0;0;0;0;0;0;0;0;0;0;0;0;0;0;0;0;0;0;0;0;0;0;0;0;0;0;0;0;0;0;0;2;1;0;1;0;1;1;2014-08-24 18:00:00;3812;0;75;19;44;0;-1;1;-1;-1;-1;-1;-1;-1;0;0;2;3;0;5;-1;0;0;0;0;0;0;0;1;0;1;0;0;0;1;1;0;0;-1;-1;0;0;-1;-1;-1;-1;-1;-1;-1;-1;-1;13;32;50;88;100;32;69;88;63;11.38;5.13;3.38;2.88;Fylkir;Valur;1.55;1.18;1.38;1.5;1.13;1.31;88;69;50;13;0;88;88;69;0;0;0;740;22;Y;Y;N;N;N;N;N
213761;971;3803;2014;complete;1292;17;-1;44,82;49,52;2;2;4;9;3;12;2;4;2;3;1;0;5;2;6;2;11;4;14;13;50;50;4;3;2.18;3.65;3.36;0;0;0;0;0;0;0;0;0;0;0;0;0;0;0;0;0;0;0;0;0;0;0;0;0;0;0;0;0;0;0;0;0;0;0;0;0;0;0;0;0;0;0;0;0;0;0;0;0;0;0;0;0;0;0;0;0;0;0;0;0;0;0;0;0;4;1;0;1;2;3;1;2014-08-24 19:15:00;-1;0;69;32;32;0;-1;1;-1;-1;-1;-1;-1;-1;0;0;3;3;0;6;-1;0;0;0;0;0;0;0;1;0;1;0;0;0;1;1;0;0;-1;-1;0;0;-1;-1;-1;-1;-1;-1;-1;-1;-1;0;7;32;82;94;32;69;63;38;12.38;3.63;3.13;2.13;Stjarnan;Breidablik;2.27;0.91;2.25;1;2.33;1.13;100;94;69;19;7;69;69;69;0;0;0;740;22;Y;Y;Y;Y;N;N;Y
213762;3810;54;2014;complete;1292;17;-1;49,90;50,85,88;2;3;5;1;7;8;2;3;2;1;1;0;2;3;2;8;4;11;15;13;45;55;3;1;5.13;4.17;1.69;0;0;0;0;0;0;0;0;0;0;0;0;0;0;0;0;0;0;0;0;0;0;0;0;0;0;0;0;0;0;0;0;0;0;0;0;0;0;0;0;0;0;0;0;0;0;0;0;0;0;0;0;0;0;0;0;0;0;0;0;0;0;0;0;0;5;0;0;2;3;5;0;2014-08-25 18:00:00;54;0;61;26;35;0;-1;1;-1;-1;-1;-1;-1;-1;1;1;2;0;2;2;-1;0;0;0;0;0;0;0;0;0;0;0;0;0;1;1;0;0;-1;-1;0;0;-1;-1;-1;-1;-1;-1;-1;-1;-1;14;34;55;73;100;34;87;75;55;13.2;4.32;4.77;2.81;Víkingur Reykjavík;FH;1.45;2.45;2.14;2.25;1.73;2.33;87;67;46;27;0;75;60;54;0;0;0;740;22;Y;Y;Y;Y;Y;N;Y
213763;3808;3815;2014;complete;1292;17;-1;19;3;1;1;2;5;11;16;5;4;2;2;0;0;9;5;11;10;20;15;23;10;45;55;2;2;2.19;3.7;3.35;0;0;0;0;0;0;0;0;0;0;0;0;0;0;0;0;0;0;0;0;0;0;0;0;0;0;0;0;0;0;0;0;0;0;0;0;0;0;0;0;0;0;0;0;0;0;0;0;0;0;0;0;0;0;0;0;0;0;0;0;0;0;0;0;0;2;1;1;0;0;0;2;2014-08-25 18:00:00;-1;0;63;26;44;0;-1;1;-1;-1;-1;-1;-1;-1;0;1;2;1;1;3;-1;0;0;0;0;0;0;0;0;0;0;0;0;0;1;1;0;1;-1;-1;0;0;-1;-1;-1;-1;-1;-1;-1;-1;-1;32;38;44;82;94;57;75;69;57;10.75;2.25;3.26;3.19;Fjölnir;Keflavík;1.36;1.18;1.25;1.13;0.94;1.13;69;63;57;19;7;100;94;82;0;0;0;740;22;Y;Y;N;N;N;N;Y
213764;3816;973;2014;complete;1292;17;-1;76;49,56;1;2;3;4;7;11;1;1;0;2;0;0;5;4;7;7;12;11;15;14;43;57;0;2;6.94;4.76;1.49;0;0;0;0;0;0;0;0;0;0;0;0;0;0;0;0;0;0;0;0;0;0;0;0;0;0;0;0;0;0;0;0;0;0;0;0;0;0;0;0;0;0;0;0;0;0;0;0;0;0;0;0;0;0;0;0;0;0;0;0;0;0;0;0;0;3;0;0;1;2;3;0;2014-08-25 19:15:00;973;0;61;42;7;0;-1;1;-1;-1;-1;-1;-1;-1;0;2;0;0;2;0;-1;0;0;0;0;0;0;0;0;0;0;0;0;0;1;1;0;0;-1;-1;0;0;-1;-1;-1;-1;-1;-1;-1;-1;-1;15;21;48;81;100;42;68;80;32;10.7;7.06;4.79;2.63;Fram;KR;1.09;2.09;1.13;1.86;0.94;1.93;86;80;53;20;0;73;59;59;0;0;0;740;22;Y;Y;Y;N;N;N;Y
213765;3809;3805;2014;complete;1292;18;-1;10,34,54;;3;0;3;3;4;7;2;1;1;2;0;0;6;0;7;2;13;2;12;9;48;52;1;2;2.15;3.66;3.49;0;0;0;0;0;0;0;0;0;0;0;0;0;0;0;0;0;0;0;0;0;0;0;0;0;0;0;0;0;0;0;0;0;0;0;0;0;0;0;0;0;0;0;0;0;0;0;0;0;0;0;0;0;0;0;0;0;0;0;0;0;0;0;0;0;3;2;0;1;0;1;2;2014-08-31 17:00:00;3809;0;75;25;32;0;-1;1;-1;-1;-1;-1;-1;-1;0;1;1;1;1;2;-1;0;0;0;0;0;0;0;0;0;0;0;0;0;1;1;1;0;-1;-1;0;0;-1;-1;-1;-1;-1;-1;-1;-1;-1;19;26;57;82;100;38;88;88;38;12.63;3.38;3.76;3.13;Valur;ÍBV;1.36;0.91;1.13;1.13;1.24;1.18;82;76;44;19;0;88;75;63;0;0;0;740;22;Y;Y;Y;N;N;N;N
213766;54;3808;2014;complete;1292;18;-1;55,61,64,74;;4;0;4;12;2;14;4;0;0;0;0;0;5;3;5;7;10;10;10;9;57;43;0;0;1.33;5.68;9.99;0;0;0;0;0;0;0;0;0;0;0;0;0;0;0;0;0;0;0;0;0;0;0;0;0;0;0;0;0;0;0;0;0;0;0;0;0;0;0;0;0;0;0;0;0;0;0;0;0;0;0;0;0;0;0;0;0;0;0;0;0;0;0;0;0;4;0;0;4;0;4;0;2014-08-31 18:00:00;54;0;59;14;39;0;-1;-1;-1;-1;-1;-1;-1;-1;0;0;0;0;0;0;-1;0;0;0;0;0;0;0;0;0;0;0;0;0;1;1;0;0;-1;-1;-1;-1;-1;-1;-1;-1;-1;-1;-1;-1;-1;13;19;46;73;100;26;73;87;46;14.29;3.74;2.92;2.69;FH;Fjölnir;2.18;0.73;2.43;0.63;2.38;0.94;88;82;55;27;0;88;81;67;0;0;0;740;22;Y;Y;Y;Y;N;N;N
213767;3815;3816;2014;complete;1292;18;-1;35,86;50,58,66,85;2;4;6;6;5;11;0;3;4;5;0;0;6;4;10;5;16;9;15;23;56;44;4;5;1.93;3.88;4.02;0;0;0;0;0;0;0;0;0;0;0;0;0;0;0;0;0;0;0;0;0;0;0;0;0;0;0;0;0;0;0;0;0;0;0;0;0;0;0;0;0;0;0;0;0;0;0;0;0;0;0;0;0;0;0;0;0;0;0;0;0;0;0;0;0;6;1;0;1;4;5;1;2014-08-31 18:00:00;3816;0;63;13;50;0;-1;1;-1;-1;-1;-1;-1;-1;1;2;3;3;3;6;-1;0;0;0;0;0;0;0;0;0;0;0;0;0;1;1;0;0;-1;-1;0;0;-1;-1;-1;-1;-1;-1;-1;-1;-1;19;32;57;94;100;26;57;100;82;10.51;4;5.38;3.19;Keflavík;Fram;1.09;0.82;1.13;0.75;1.12;0.88;82;69;44;7;0;88;88;76;0;0;0;740;22;Y;Y;Y;Y;Y;Y;Y
213768;3803;3812;2014;complete;1292;18;-1;53,79;40,81;2;2;4;6;6;12;3;3;0;2;0;0;7;5;4;4;11;9;12;20;47;53;0;2;1.85;3.99;4.25;0;0;0;0;0;0;0;0;0;0;0;0;0;0;0;0;0;0;0;0;0;0;0;0;0;0;0;0;0;0;0;0;0;0;0;0;0;0;0;0;0;0;0;0;0;0;0;0;0;0;0;0;0;0;0;0;0;0;0;0;0;0;0;0;0;4;0;1;2;1;3;1;2014-08-31 18:00:00;-1;0;69;38;32;0;-1;1;-1;-1;-1;-1;-1;-1;0;0;0;2;0;2;-1;0;0;0;0;0;0;0;0;0;0;0;0;0;1;1;0;0;-1;-1;0;0;-1;-1;-1;-1;-1;-1;-1;-1;-1;32;44;69;82;100;44;76;100;44;12.13;3.75;3.88;3.69;Breidablik;Fylkir;1.55;1;1.25;0.88;1.12;1.24;69;57;32;19;0;82;69;57;0;0;0;740;22;Y;Y;Y;Y;N;N;Y
213769;973;971;2014;complete;1292;18;-1;19,76;61,69,88;2;3;5;4;12;16;1;3;3;1;0;0;6;4;6;14;12;18;10;10;44;56;3;1;1.68;4.18;5.27;0;0;0;0;0;0;0;0;0;0;0;0;0;0;0;0;0;0;0;0;0;0;0;0;0;0;0;0;0;0;0;0;0;0;0;0;0;0;0;0;0;0;0;0;0;0;0;0;0;0;0;0;0;0;0;0;0;0;0;0;0;0;0;0;0;5;1;0;1;3;4;1;2014-08-31 18:00:00;971;0;69;21;41;0;-1;1;-1;-1;-1;-1;-1;-1;1;0;2;1;1;3;-1;0;0;0;0;0;0;0;0;0;0;0;0;0;1;1;0;0;-1;-1;0;0;-1;-1;-1;-1;-1;-1;-1;-1;-1;14;28;56;82;100;21;75;88;61;12.18;5.36;3.31;2.92;KR;Stjarnan;1.82;2.45;2;2.43;2;2.25;87;73;45;19;0;88;75;61;0;0;0;740;22;Y;Y;Y;Y;Y;N;Y
213770;3817;3810;2014;complete;1292;18;-1;;59;0;1;1;10;4;14;3;8;3;1;0;0;2;4;1;3;3;7;16;10;46;54;3;1;3.37;3.77;2.16;0;0;0;0;0;0;0;0;0;0;0;0;0;0;0;0;0;0;0;0;0;0;0;0;0;0;0;0;0;0;0;0;0;0;0;0;0;0;0;0;0;0;0;0;0;0;0;0;0;0;0;0;0;0;0;0;0;0;0;0;0;0;0;0;0;1;0;0;0;1;1;0;2014-08-31 18:15:00;3810;0;44;19;13;0;-1;1;-1;-1;-1;-1;-1;-1;1;1;2;0;2;2;-1;0;0;0;0;0;0;0;0;0;0;0;0;0;1;1;0;0;-1;-1;0;0;-1;-1;-1;-1;-1;-1;-1;-1;-1;13;13;44;75;88;32;57;82;32;12;3.13;4.88;2.57;Thór;Víkingur Reykjavík;1;1.27;1;1.38;0.53;1.63;88;88;57;25;13;69;57;57;0;0;0;740;22;Y;N;N;N;N;N;N
213771;3805;3803;2014;complete;1292;19;-1;25;71;1;1;2;7;9;16;8;3;5;2;0;0;4;4;2;4;6;8;20;16;50;50;5;2;2.75;3.51;2.65;0;0;0;0;0;0;0;0;0;0;0;0;0;0;0;0;0;0;0;0;0;0;0;0;0;0;0;0;0;0;0;0;0;0;0;0;0;0;0;0;0;0;0;0;0;0;0;0;0;0;0;0;0;0;0;0;0;0;0;0;0;0;0;0;0;2;1;0;0;1;1;1;2014-09-14 17:00:00;-1;0;78;39;39;0;-1;1;-1;-1;-1;-1;-1;-1;3;1;2;1;4;3;-1;0;0;0;0;0;0;0;0;0;0;0;0;0;1;1;0;0;-1;-1;1;0;-1;-1;-1;-1;-1;-1;-1;-1;-1;11;28;45;95;100;39;67;73;56;12.33;4.33;3.34;2.83;ÍBV;Breidablik;1.09;0.91;1.22;1;1.11;1.11;89;73;56;6;0;78;73;73;0;0;0;740;22;Y;Y;N;N;N;N;Y
213772;3812;973;2014;complete;1292;19;-1;;16,37,44,72;0;4;4;7;4;11;3;2;1;1;1;0;5;3;2;9;7;12;6;11;47;53;3;1;4.46;4.1;1.79;0;0;0;0;0;0;0;0;0;0;0;0;0;0;0;0;0;0;0;0;0;0;0;0;0;0;0;0;0;0;0;0;0;0;0;0;0;0;0;0;0;0;0;0;0;0;0;0;0;0;0;0;0;0;0;0;0;0;0;0;0;0;0;0;0;4;0;3;0;1;1;3;2014-09-14 17:00:00;973;0;71;48;18;0;-1;1;-1;-1;-1;-1;-1;-1;0;0;2;1;0;3;-1;0;0;0;0;0;0;0;0;2;0;2;0;0;1;1;0;0;-1;-1;0;0;-1;-1;-1;-1;-1;-1;-1;-1;-1;24;35;54;94;100;60;77;82;41;10.31;6.22;2.6;3.11;Fylkir;KR;1.55;2.09;1.56;2;1.22;1.88;77;66;47;7;0;71;53;41;0;0;0;740;22;Y;Y;Y;Y;N;N;N
213773;3817;54;2014;complete;1292;19;-1;;61,64;0;2;2;4;5;9;5;6;3;3;0;0;3;6;8;2;11;8;17;20;46;54;3;3;9.99;5.89;1.31;0;0;0;0;0;0;0;0;0;0;0;0;0;0;0;0;0;0;0;0;0;0;0;0;0;0;0;0;0;0;0;0;0;0;0;0;0;0;0;0;0;0;0;0;0;0;0;0;0;0;0;0;0;0;0;0;0;0;0;0;0;0;0;0;0;2;0;0;0;2;2;0;2014-09-14 17:00:00;54;0;50;28;17;0;-1;1;-1;-1;-1;-1;-1;-1;0;0;3;3;0;6;-1;0;0;0;0;0;0;0;0;0;0;0;0;0;1;1;0;0;-1;-1;0;0;-1;-1;-1;-1;-1;-1;-1;-1;-1;22;33;39;73;95;33;73;73;33;13.34;3.89;5;2.89;Thór;FH;1;2.45;0.89;2.33;0.5;2.41;78;67;62;28;6;67;62;56;0;0;0;740;22;Y;Y;N;N;N;N;N
213774;3810;3809;2014;complete;1292;19;-1;7;28;1;1;2;6;3;9;2;2;2;5;0;0;4;6;1;8;5;14;9;9;52;48;2;5;2.76;3.52;2.64;0;0;0;0;0;0;0;0;0;0;0;0;0;0;0;0;0;0;0;0;0;0;0;0;0;0;0;0;0;0;0;0;0;0;0;0;0;0;0;0;0;0;0;0;0;0;0;0;0;0;0;0;0;0;0;0;0;0;0;0;0;0;0;0;0;2;1;1;0;0;0;2;2014-09-14 17:00:00;-1;0;71;7;60;0;-1;1;-1;-1;-1;-1;-1;-1;2;3;0;2;5;2;-1;0;0;0;0;0;0;0;0;0;0;0;0;0;1;1;1;0;-1;-1;0;0;-1;-1;-1;-1;-1;-1;-1;-1;-1;13;25;60;77;100;13;71;89;66;12.44;5.17;4.58;2.73;Víkingur Reykjavík;Valur;1.45;1.18;1.88;1.33;1.71;1.33;88;76;41;24;0;88;70;64;0;0;0;740;22;Y;Y;N;N;N;N;Y
213775;971;3815;2014;complete;1292;19;-1;25,90;;2;0;2;6;7;13;3;1;2;3;0;1;5;7;9;9;14;16;9;14;49;51;2;4;1.52;4.5;6.8;0;0;0;0;0;0;0;0;0;0;0;0;0;0;0;0;0;0;0;0;0;0;0;0;0;0;0;0;0;0;0;0;0;0;0;0;0;0;0;0;0;0;0;0;0;0;0;0;0;0;0;0;0;0;0;0;0;0;0;0;0;0;0;0;0;2;1;0;1;0;1;1;2014-09-14 20:00:00;971;0;62;33;33;0;-1;1;-1;-1;-1;-1;-1;-1;0;2;2;2;2;4;-1;0;0;0;0;0;0;0;0;0;0;0;0;0;1;1;0;0;-1;-1;0;0;-1;-1;-1;-1;-1;-1;-1;-1;-1;11;28;45;78;89;39;78;67;44;12;3.56;3.78;2.72;Stjarnan;Keflavík;2.27;1.18;2.11;1.11;2.29;1.06;89;73;56;22;11;84;84;73;0;0;0;740;22;Y;Y;N;N;N;N;N
213776;3816;3808;2014;complete;1292;19;-1;88;26,32,54;1;3;4;2;6;8;3;0;2;2;0;0;6;5;7;9;13;14;13;11;45;55;2;2;2.52;3.72;2.75;0;0;0;0;0;0;0;0;0;0;0;0;0;0;0;0;0;0;0;0;0;0;0;0;0;0;0;0;0;0;0;0;0;0;0;0;0;0;0;0;0;0;0;0;0;0;0;0;0;0;0;0;0;0;0;0;0;0;0;0;0;0;0;0;0;4;0;2;1;1;2;2;2014-09-15 19:15:00;3808;0;62;11;39;0;-1;1;-1;-1;-1;-1;-1;-1;1;2;1;0;3;1;-1;0;0;0;0;0;0;0;0;0;0;0;0;0;1;1;0;0;-1;-1;0;0;-1;-1;-1;-1;-1;-1;-1;-1;-1;11;28;56;78;100;22;56;89;62;10.56;4.11;4.55;2.89;Fram;Fjölnir;1.09;0.73;1;0.56;1;0.89;89;73;45;22;0;84;84;78;0;0;0;740;22;Y;Y;Y;Y;N;N;Y
213777;3810;971;2014;complete;1292;14;-1;;9;0;1;1;8;5;13;1;3;2;1;1;0;9;7;8;2;17;9;11;11;53;47;4;1;3.65;3.7;2.06;0;0;0;0;0;0;0;0;0;0;0;0;0;0;0;0;0;0;0;0;0;0;0;0;0;0;0;0;0;0;0;0;0;0;0;0;0;0;0;0;0;0;0;0;0;0;0;0;0;0;0;0;0;0;0;0;0;0;0;0;0;0;0;0;0;1;0;1;0;0;0;1;2014-09-18 17:00:00;971;0;89;24;60;0;-1;1;-1;-1;-1;-1;-1;-1;1;0;2;1;1;3;-1;0;0;0;0;0;0;0;0;0;0;0;0;0;1;1;0;1;-1;-1;0;0;-1;-1;-1;-1;-1;-1;-1;-1;-1;24;42;78;89;100;29;83;89;71;13.02;4.44;3.6;3.44;Víkingur Reykjavík;Stjarnan;1.45;2.45;1.78;2.5;1.67;2.33;77;59;23;11;0;89;66;60;0;0;0;740;22;Y;N;N;N;N;N;N
213778;54;973;2014;complete;1292;14;-1;65;84;1;1;2;7;5;12;2;1;1;2;0;0;6;4;10;4;16;8;15;16;56;44;1;2;1.85;3.92;4.29;0;0;0;0;0;0;0;0;0;0;0;0;0;0;0;0;0;0;0;0;0;0;0;0;0;0;0;0;0;0;0;0;0;0;0;0;0;0;0;0;0;0;0;0;0;0;0;0;0;0;0;0;0;0;0;0;0;0;0;0;0;0;0;0;0;2;0;0;1;1;2;0;2014-09-18 17:00:00;-1;0;53;35;12;0;-1;1;-1;-1;-1;-1;-1;-1;0;1;1;1;1;2;-1;0;0;0;0;0;0;0;0;0;0;0;0;0;1;1;0;0;-1;-1;0;0;-1;-1;-1;-1;-1;-1;-1;-1;-1;11;23;53;82;100;40;71;83;30;14.31;5.91;2.46;2.68;FH;KR;2.18;2.09;2.5;2.11;2.44;1.94;89;78;48;18;0;84;66;60;0;0;0;740;22;Y;Y;N;N;N;N;Y
213779;54;3816;2014;complete;1292;20;-1;3,14,59,86;57,73;4;2;6;5;1;6;1;0;2;3;0;0;3;2;8;2;11;4;12;20;62;38;2;3;1.21;7.35;9.99;0;0;0;0;0;0;0;0;0;0;0;0;0;0;0;0;0;0;0;0;0;0;0;0;0;0;0;0;0;0;0;0;0;0;0;0;0;0;0;0;0;0;0;0;0;0;0;0;0;0;0;0;0;0;0;0;0;0;0;0;0;0;0;0;0;6;2;0;2;2;4;2;2014-09-21 16:00:00;54;0;50;17;39;0;-1;1;-1;-1;-1;-1;-1;-1;0;0;2;3;0;5;-1;0;0;0;0;0;0;0;0;0;0;0;0;0;1;1;1;0;-1;-1;0;0;-1;-1;-1;-1;-1;-1;-1;-1;-1;22;28;50;89;100;22;62;95;67;13.89;4.89;4.22;3.11;FH;Fram;2.18;0.82;2.33;1;2.37;0.95;78;73;50;11;0;95;89;84;0;0;0;740;22;Y;Y;Y;Y;Y;Y;Y
213780;3809;3817;2014;complete;1292;20;-1;73,81;;2;0;2;7;5;12;5;1;2;2;0;0;5;3;6;2;11;5;14;11;53;47;2;2;1.43;5.01;7.7;0;0;0;0;0;0;0;0;0;0;0;0;0;0;0;0;0;0;0;0;0;0;0;0;0;0;0;0;0;0;0;0;0;0;0;0;0;0;0;0;0;0;0;0;0;0;0;0;0;0;0;0;0;0;0;0;0;0;0;0;0;0;0;0;0;2;0;0;2;0;2;0;2014-09-21 16:00:00;3809;0;73;33;45;0;-1;1;-1;-1;-1;-1;-1;-1;1;1;1;1;2;2;-1;0;0;0;0;0;0;0;0;0;0;0;0;0;1;1;0;0;-1;-1;1;0;-1;-1;-1;-1;-1;-1;-1;-1;-1;39;45;73;84;100;62;84;89;56;10.11;3.78;4.45;3.67;Valur;Thór;1.36;0.09;1.33;0.11;1.32;0.47;62;56;28;17;0;84;73;56;0;0;0;740;22;Y;Y;N;N;N;N;N
213781;3803;3810;2014;complete;1292;20;-1;9,19,81,90;78;4;1;5;12;4;16;3;3;3;1;0;1;10;2;8;4;18;6;11;10;56;44;3;3;2.13;3.75;3.41;0;0;0;0;0;0;0;0;0;0;0;0;0;0;0;0;0;0;0;0;0;0;0;0;0;0;0;0;0;0;0;0;0;0;0;0;0;0;0;0;0;0;0;0;0;0;0;0;0;0;0;0;0;0;0;0;0;0;0;0;0;0;0;0;0;5;2;0;2;1;3;2;2014-09-21 16:00:00;3803;0;61;28;28;0;-1;1;-1;-1;-1;-1;-1;-1;0;1;3;1;1;4;-1;0;0;0;0;0;0;0;0;1;0;1;0;0;1;1;1;0;-1;-1;0;0;-1;-1;-1;-1;-1;-1;-1;-1;-1;17;28;61;84;95;33;61;95;45;12.78;4.11;3.78;3.06;Breidablik;Víkingur Reykjavík;1.55;1.27;1.22;1.56;1.11;1.58;84;72;39;17;6;73;67;56;0;0;0;740;22;Y;Y;Y;Y;Y;N;Y
213782;973;3805;2014;complete;1292;20;-1;45,78,87;8,55,68;3;3;6;8;2;10;0;2;4;4;0;0;4;2;5;5;9;7;13;16;63;37;4;4;1.46;4.8;7.29;0;0;0;0;0;0;0;0;0;0;0;0;0;0;0;0;0;0;0;0;0;0;0;0;0;0;0;0;0;0;0;0;0;0;0;0;0;0;0;0;0;0;0;0;0;0;0;0;0;0;0;0;0;0;0;0;0;0;0;0;0;0;0;0;0;6;1;1;2;2;4;2;2014-09-21 16:00:00;-1;0;56;6;28;0;-1;1;-1;-1;-1;-1;-1;-1;2;2;2;2;4;4;-1;0;0;0;0;0;0;0;0;1;0;1;0;0;1;1;0;1;-1;-1;1;0;-1;-1;-1;-1;-1;-1;-1;-1;-1;11;17;39;78;100;17;78;89;45;11.89;4.66;3.89;2.44;KR;ÍBV;1.82;0.91;1.78;1;1.89;1.11;89;84;62;22;0;78;67;56;0;0;0;740;22;Y;Y;Y;Y;Y;Y;Y
213783;3815;3812;2014;complete;1292;20;-1;;39;0;1;1;4;6;10;0;3;0;1;0;0;3;5;5;5;8;10;8;14;50;50;0;1;2.41;3.71;2.89;0;0;0;0;0;0;0;0;0;0;0;0;0;0;0;0;0;0;0;0;0;0;0;0;0;0;0;0;0;0;0;0;0;0;0;0;0;0;0;0;0;0;0;0;0;0;0;0;0;0;0;0;0;0;0;0;0;0;0;0;0;0;0;0;0;1;0;1;0;0;0;1;2014-09-21 16:00:00;3812;0;67;11;45;0;-1;1;-1;-1;-1;-1;-1;-1;0;0;0;1;0;1;-1;0;0;0;0;0;0;0;0;0;0;0;0;0;1;1;0;0;-1;-1;0;0;-1;-1;-1;-1;-1;-1;-1;-1;-1;17;39;62;78;100;22;62;100;61;10.11;3;4.78;3.17;Keflavík;Fylkir;1.09;1;1;0.89;1;1.16;84;62;39;22;0;89;78;67;0;0;0;740;22;Y;N;N;N;N;N;N
213784;3808;971;2014;complete;1292;20;-1;;;0;0;0;3;10;13;3;3;2;2;1;0;4;4;8;4;12;8;15;14;42;58;4;2;3.52;3.91;2.04;0;0;0;0;0;0;0;0;0;0;0;0;0;0;0;0;0;0;0;0;0;0;0;0;0;0;0;0;0;0;0;0;0;0;0;0;0;0;0;0;0;0;0;0;0;0;0;0;0;0;0;0;0;0;0;0;0;0;0;0;0;0;0;0;0;0;0;0;0;0;0;0;2014-09-23 16:30:00;-1;0;84;22;56;0;-1;1;-1;-1;-1;-1;-1;-1;1;0;2;2;1;4;-1;0;0;0;0;0;0;0;0;0;0;0;0;0;1;1;0;0;-1;-1;0;0;-1;-1;-1;-1;-1;-1;-1;-1;-1;28;39;61;89;100;45;84;78;62;11.67;3.55;2.77;3.34;Fjölnir;Stjarnan;1.36;2.45;1.22;2.56;1;2.37;73;62;39;11;0;100;89;84;0;0;0;740;22;N;N;N;N;N;N;N
213785;3817;3803;2014;complete;1292;21;-1;4,82;;2;0;2;2;6;8;7;8;3;1;0;0;2;4;6;8;8;12;12;16;40;60;3;1;4.94;4.03;1.71;0;0;0;0;0;0;0;0;0;0;0;0;0;0;0;0;0;0;0;0;0;0;0;0;0;0;0;0;0;0;0;0;0;0;0;0;0;0;0;0;0;0;0;0;0;0;0;0;0;0;0;0;0;0;0;0;0;0;0;0;0;0;0;0;0;2;1;0;1;0;1;1;2014-09-28 14:00:00;3817;0;60;25;20;0;-1;1;-1;-1;-1;-1;-1;-1;2;1;1;0;3;1;-1;0;0;0;0;0;0;0;0;0;0;0;0;0;1;1;1;0;-1;-1;0;0;-1;-1;-1;-1;-1;-1;-1;-1;-1;10;15;25;80;95;30;65;70;35;13.5;4.3;4.3;2.45;Thór;Breidablik;1;0.91;0.8;1;0.45;1.2;90;85;75;20;5;80;70;70;0;0;0;740;22;Y;Y;N;N;N;N;N
213786;971;3816;2014;complete;1292;21;-1;4,18,27,72;;4;0;4;5;3;8;2;1;1;3;0;0;5;5;10;3;15;8;18;9;48;52;1;3;1.43;4.9;7.5;0;0;0;0;0;0;0;0;0;0;0;0;0;0;0;0;0;0;0;0;0;0;0;0;0;0;0;0;0;0;0;0;0;0;0;0;0;0;0;0;0;0;0;0;0;0;0;0;0;0;0;0;0;0;0;0;0;0;0;0;0;0;0;0;0;4;3;0;1;0;1;3;2014-09-28 14:00:00;971;0;60;20;50;0;-1;1;-1;-1;-1;-1;-1;-1;0;0;1;3;0;4;-1;0;0;0;0;0;0;0;0;0;0;0;0;0;1;1;1;0;-1;-1;0;0;-1;-1;-1;-1;-1;-1;-1;-1;-1;25;35;60;90;95;30;75;90;65;10.4;4.6;5;3.3;Stjarnan;Fram;2.27;0.82;2.2;0.9;2.3;0.9;75;65;40;10;5;75;75;75;0;0;0;740;22;Y;Y;Y;Y;N;N;N
213787;3810;973;2014;complete;1292;21;-1;;43;0;1;1;4;10;14;3;2;2;2;0;0;4;6;8;11;12;17;11;10;49;51;2;2;3.8;3.72;1.98;0;0;0;0;0;0;0;0;0;0;0;0;0;0;0;0;0;0;0;0;0;0;0;0;0;0;0;0;0;0;0;0;0;0;0;0;0;0;0;0;0;0;0;0;0;0;0;0;0;0;0;0;0;0;0;0;0;0;0;0;0;0;0;0;0;1;0;1;0;0;0;1;2014-09-28 14:00:00;973;0;70;35;35;0;-1;1;-1;-1;-1;-1;-1;-1;0;0;2;2;0;4;-1;0;0;0;0;0;0;0;0;0;0;0;0;0;1;1;0;0;-1;-1;0;0;-1;-1;-1;-1;-1;-1;-1;-1;-1;20;30;60;80;100;45;75;75;45;11.6;5.8;3.8;2.9;Víkingur Reykjavík;KR;1.45;2.09;1.6;2;1.5;1.85;80;70;40;20;0;75;50;50;0;0;0;740;22;Y;N;N;N;N;N;N
213788;3812;3808;2014;complete;1292;21;-1;12,44;38;2;1;3;8;4;12;3;2;2;0;0;1;10;4;5;6;15;10;17;8;51;49;2;2;2.56;3.66;2.69;0;0;0;0;0;0;0;0;0;0;0;0;0;0;0;0;0;0;0;0;0;0;0;0;0;0;0;0;0;0;0;0;0;0;0;0;0;0;0;0;0;0;0;0;0;0;0;0;0;0;0;0;0;0;0;0;0;0;0;0;0;0;0;0;0;3;2;1;0;0;0;3;2014-09-28 14:00:00;3812;0;65;20;40;0;-1;1;-1;-1;-1;-1;-1;-1;0;1;2;0;1;2;-1;0;0;0;0;0;0;0;0;0;0;0;0;0;1;1;0;0;-1;-1;0;0;-1;-1;-1;-1;-1;-1;-1;-1;-1;20;50;60;90;100;50;75;90;60;10.4;3.8;2.9;3.4;Fylkir;Fjölnir;1.55;0.73;1.4;0.8;1.25;1;80;50;40;10;0;75;70;55;0;0;0;740;22;Y;Y;Y;N;N;N;Y
213789;3805;3815;2014;complete;1292;21;-1;;7,90;0;2;2;7;4;11;0;0;1;1;0;0;6;5;5;4;11;9;9;12;56;44;1;1;1.85;3.86;4.27;0;0;0;0;0;0;0;0;0;0;0;0;0;0;0;0;0;0;0;0;0;0;0;0;0;0;0;0;0;0;0;0;0;0;0;0;0;0;0;0;0;0;0;0;0;0;0;0;0;0;0;0;0;0;0;0;0;0;0;0;0;0;0;0;0;2;0;1;0;1;1;1;2014-09-28 14:00:00;3815;0;65;40;30;0;-1;1;-1;-1;-1;-1;-1;-1;0;1;1;0;1;1;-1;0;0;0;0;0;0;0;0;0;0;0;0;0;1;1;0;1;-1;-1;0;0;-1;-1;-1;-1;-1;-1;-1;-1;-1;20;35;45;90;95;45;75;75;50;12.2;4.5;4.1;3.1;ÍBV;Keflavík;1.09;1.18;1.2;1;1.1;0.95;80;65;55;10;5;90;85;75;0;0;0;740;22;Y;Y;N;N;N;N;N
213790;3809;54;2014;complete;1292;21;-1;16;17,47,54,70;1;4;5;2;4;6;0;2;3;2;0;0;4;5;7;6;11;11;14;15;50;50;3;2;5.73;4.39;1.58;0;0;0;0;0;0;0;0;0;0;0;0;0;0;0;0;0;0;0;0;0;0;0;0;0;0;0;0;0;0;0;0;0;0;0;0;0;0;0;0;0;0;0;0;0;0;0;0;0;0;0;0;0;0;0;0;0;0;0;0;0;0;0;0;0;5;1;1;0;3;3;2;2014-09-28 14:00:00;54;0;55;35;25;0;-1;1;-1;-1;-1;-1;-1;-1;0;1;3;1;1;4;-1;0;0;0;0;0;0;0;0;0;0;0;0;0;1;1;0;0;-1;-1;0;0;-1;-1;-1;-1;-1;-1;-1;-1;-1;25;35;55;80;100;45;75;75;45;12.3;4.5;4.3;3.25;Valur;FH;1.36;2.45;1.5;2.4;1.4;2.4;75;65;45;20;0;70;60;50;0;0;0;740;22;Y;Y;Y;Y;Y;N;Y
213791;3808;3805;2014;complete;1292;22;-1;9,53,69;;3;0;3;3;9;12;0;4;0;0;0;1;5;8;4;2;9;10;12;5;42;58;0;2;1.96;3.78;3.98;0;0;0;0;0;0;0;0;0;0;0;0;0;0;0;0;0;0;0;0;0;0;0;0;0;0;0;0;0;0;0;0;0;0;0;0;0;0;0;0;0;0;0;0;0;0;0;0;0;0;0;0;0;0;0;0;0;0;0;0;0;0;0;0;0;3;1;0;2;0;2;1;2014-10-04 13:30:00;3808;0;70;15;40;0;-1;1;-1;-1;-1;-1;-1;-1;0;1;0;0;1;0;-1;0;0;0;0;0;0;0;0;0;0;0;0;0;1;1;1;0;-1;-1;0;0;-1;-1;-1;-1;-1;-1;-1;-1;-1;20;25;45;85;95;45;80;80;45;10.5;3.1;3.8;2.8;Fjölnir;ÍBV;1.36;0.91;1.2;1;0.95;1.05;80;75;55;15;5;90;80;70;0;0;0;740;22;Y;Y;Y;N;N;N;N
213792;3815;3810;2014;complete;1292;22;-1;2,35;;2;0;2;4;8;12;2;5;2;2;0;0;4;7;5;10;9;17;16;9;40;60;2;2;2.98;3.66;2.4;0;0;0;0;0;0;0;0;0;0;0;0;0;0;0;0;0;0;0;0;0;0;0;0;0;0;0;0;0;0;0;0;0;0;0;0;0;0;0;0;0;0;0;0;0;0;0;0;0;0;0;0;0;0;0;0;0;0;0;0;0;0;0;0;0;2;2;0;0;0;0;2;2014-10-04 13:30:00;3815;0;55;5;35;0;-1;1;-1;-1;-1;-1;-1;-1;1;0;1;2;1;3;-1;0;0;0;0;0;0;0;0;0;0;0;0;0;1;1;1;0;-1;-1;0;0;-1;-1;-1;-1;-1;-1;-1;-1;-1;10;20;50;75;95;20;50;90;55;10.5;3.1;4.7;2.55;Keflavík;Víkingur Reykjavík;1.09;1.27;0.9;1.4;1.05;1.43;90;80;50;25;5;80;75;60;0;0;0;740;22;Y;Y;N;N;N;N;N
213793;973;3817;2014;complete;1292;22;-1;17,45,72,76;3;4;1;5;6;5;11;9;2;1;2;0;0;8;9;4;7;12;16;14;8;54;46;1;2;1.31;5.98;9.99;0;0;0;0;0;0;0;0;0;0;0;0;0;0;0;0;0;0;0;0;0;0;0;0;0;0;0;0;0;0;0;0;0;0;0;0;0;0;0;0;0;0;0;0;0;0;0;0;0;0;0;0;0;0;0;0;0;0;0;0;0;0;0;0;0;5;2;1;2;0;2;3;2014-10-04 13:30:00;973;0;60;20;45;0;-1;1;-1;-1;-1;-1;-1;-1;1;1;0;1;2;1;-1;0;0;0;0;0;0;0;2;0;2;0;0;0;1;1;0;1;-1;-1;0;0;-1;-1;-1;-1;-1;-1;-1;-1;-1;35;40;50;80;100;35;70;90;70;10.3;4.7;4.8;3.1;KR;Thór;1.82;0.09;1.7;0.1;1.9;0.57;65;60;50;20;0;85;75;55;0;0;0;740;22;Y;Y;Y;Y;Y;N;Y
213794;3803;3809;2014;complete;1292;22;-1;67,90,90;;3;0;3;3;9;12;3;11;2;5;0;1;3;4;9;3;12;7;10;19;55;45;2;6;2.57;3.7;2.73;0;0;0;0;0;0;0;0;0;0;0;0;0;0;0;0;0;0;0;0;0;0;0;0;0;0;0;0;0;0;0;0;0;0;0;0;0;0;0;0;0;0;0;0;0;0;0;0;0;0;0;0;0;0;0;0;0;0;0;0;0;0;0;0;0;3;0;0;3;0;3;0;2014-10-04 13:30:00;3803;0;80;25;50;0;-1;1;-1;-1;-1;-1;-1;-1;1;2;1;4;3;5;-1;0;0;0;0;0;0;0;1;0;1;0;0;0;1;1;0;0;-1;-1;0;0;-1;-1;-1;-1;-1;-1;-1;-1;-1;20;35;60;90;100;30;80;90;55;13.9;4.8;4.3;3.25;Breidablik;Valur;1.55;1.18;1.4;1.3;1.14;1.33;80;65;40;10;0;90;80;65;0;0;0;740;22;Y;Y;Y;N;N;N;N
213795;3816;3812;2014;complete;1292;22;-1;30,43,63,81;21,38,55;4;3;7;0;11;11;2;2;4;4;1;0;5;6;3;18;8;24;9;16;46;54;6;4;2.47;3.79;2.81;0;0;0;0;0;0;0;0;0;0;0;0;0;0;0;0;0;0;0;0;0;0;0;0;0;0;0;0;0;0;0;0;0;0;0;0;0;0;0;0;0;0;0;0;0;0;0;0;0;0;0;0;0;0;0;0;0;0;0;0;0;0;0;0;0;7;2;2;2;1;3;4;2014-10-04 13:30:00;3816;0;55;15;30;0;-1;1;-1;-1;-1;-1;-1;-1;2;0;3;4;2;7;-1;0;0;0;0;0;0;0;0;0;0;0;0;0;1;1;0;0;-1;-1;0;0;-1;-1;-1;-1;-1;-1;-1;-1;-1;10;30;55;70;100;25;60;90;50;9.7;4.5;5;2.8;Fram;Fylkir;1.09;1;0.9;1.1;0.86;1.33;90;70;45;30;0;85;75;70;0;0;0;740;22;Y;Y;Y;Y;Y;Y;Y
213796;54;971;2014;complete;1292;22;-1;64;40,90;1;2;3;11;5;16;3;1;5;2;1;1;6;0;3;2;9;2;13;7;52;48;6;4;1.78;4.06;4.64;0;0;0;0;0;0;0;0;0;0;0;0;0;0;0;0;0;0;0;0;0;0;0;0;0;0;0;0;0;0;0;0;0;0;0;0;0;0;0;0;0;0;0;0;0;0;0;0;0;0;0;0;0;0;0;0;0;0;0;0;0;0;0;0;0;3;0;1;1;1;2;1;2014-10-04 16:00:00;971;0;65;15;40;0;-1;1;-1;-1;-1;-1;-1;-1;2;0;4;3;2;7;-1;0;0;0;0;0;0;0;0;1;0;1;0;0;1;1;0;0;-1;-1;0;0;-1;-1;-1;-1;-1;-1;-1;-1;-1;15;30;55;80;95;20;70;85;55;15.4;4.2;2.6;2.9;FH;Stjarnan;2.18;2.45;2.4;2.4;2.43;2.33;85;70;45;20;5;95;85;75;0;0;0;740;22;Y;Y;Y;N;N;N;Y
