ID;HOMEID;AWAYID;SEASON;STATUS;ROUNDID;GAME_WEEK;REVISED_GAME_WEEK;HOMEGOALS;AWAYGOALS;HOMEGOALCOUNT;AWAYGOALCOUNT;TOTALGOALCOUNT;TEAM_A_CORNERS;TEAM_B_CORNERS;TOTALCORNERCOUNT;TEAM_A_OFFSIDES;TEAM_B_OFFSIDES;TEAM_A_YELLOW_CARDS;TEAM_B_YELLOW_CARDS;TEAM_A_RED_CARDS;TEAM_B_RED_CARDS;TEAM_A_SHOTSONTARGET;TEAM_B_SHOTSONTARGET;TEAM_A_SHOTSOFFTARGET;TEAM_B_SHOTSOFFTARGET;TEAM_A_SHOTS;TEAM_B_SHOTS;TEAM_A_FOULS;TEAM_B_FOULS;TEAM_A_POSSESSION;TEAM_B_POSSESSION;TEAM_A_CARDS_NUM;TEAM_B_CARDS_NUM;ODDS_FT_1;ODDS_FT_X;ODDS_FT_2;ODDS_FT_OVER05;ODDS_FT_OVER15;ODDS_FT_OVER25;ODDS_FT_OVER35;ODDS_FT_OVER45;ODDS_FT_UNDER05;ODDS_FT_UNDER15;ODDS_FT_UNDER25;ODDS_FT_UNDER35;ODDS_FT_UNDER45;ODDS_BTTS_YES;ODDS_BTTS_NO;ODDS_TEAM_A_CS_YES;ODDS_TEAM_A_CS_NO;ODDS_TEAM_B_CS_YES;ODDS_TEAM_B_CS_NO;ODDS_DOUBLECHANCE_1X;ODDS_DOUBLECHANCE_12;ODDS_DOUBLECHANCE_X2;ODDS_1ST_HALF_RESULT_1;ODDS_1ST_HALF_RESULT_X;ODDS_1ST_HALF_RESULT_2;ODDS_2ND_HALF_RESULT_1;ODDS_2ND_HALF_RESULT_X;ODDS_2ND_HALF_RESULT_2;ODDS_DNB_1;ODDS_DNB_2;ODDS_CORNERS_OVER_75;ODDS_CORNERS_OVER_85;ODDS_CORNERS_OVER_95;ODDS_CORNERS_OVER_105;ODDS_CORNERS_OVER_115;ODDS_CORNERS_UNDER_75;ODDS_CORNERS_UNDER_85;ODDS_CORNERS_UNDER_95;ODDS_CORNERS_UNDER_105;ODDS_CORNERS_UNDER_115;ODDS_CORNERS_1;ODDS_CORNERS_X;ODDS_CORNERS_2;ODDS_TEAM_TO_SCORE_FIRST_1;ODDS_TEAM_TO_SCORE_FIRST_X;ODDS_TEAM_TO_SCORE_FIRST_2;ODDS_WIN_TO_NIL_1;ODDS_WIN_TO_NIL_2;ODDS_1ST_HALF_OVER05;ODDS_1ST_HALF_OVER15;ODDS_1ST_HALF_OVER25;ODDS_1ST_HALF_OVER35;ODDS_1ST_HALF_UNDER05;ODDS_1ST_HALF_UNDER15;ODDS_1ST_HALF_UNDER25;ODDS_1ST_HALF_UNDER35;ODDS_2ND_HALF_OVER05;ODDS_2ND_HALF_OVER15;ODDS_2ND_HALF_OVER25;ODDS_2ND_HALF_OVER35;ODDS_2ND_HALF_UNDER05;ODDS_2ND_HALF_UNDER15;ODDS_2ND_HALF_UNDER25;ODDS_2ND_HALF_UNDER35;ODDS_BTTS_1ST_HALF_YES;ODDS_BTTS_1ST_HALF_NO;ODDS_BTTS_2ND_HALF_YES;ODDS_BTTS_2ND_HALF_NO;OVERALLGOALCOUNT;HT_GOALS_TEAM_A;HT_GOALS_TEAM_B;GOALS_2HG_TEAM_A;GOALS_2HG_TEAM_B;GOALCOUNT_2HG;HTGOALCOUNT;DATE_UNIX;WINNINGTEAM;NO_HOME_AWAY;BTTS_POTENTIAL;BTTS_FHG_POTENTIAL;BTTS_2HG_POTENTIAL;GOALTIMINGDISABLED;CORNER_TIMINGS_RECORDED;CARD_TIMINGS_RECORDED;TEAM_A_FH_CORNERS;TEAM_B_FH_CORNERS;TEAM_A_2H_CORNERS;TEAM_B_2H_CORNERS;CORNER_FH_COUNT;CORNER_2H_COUNT;TEAM_A_FH_CARDS;TEAM_B_FH_CARDS;TEAM_A_2H_CARDS;TEAM_B_2H_CARDS;TOTAL_FH_CARDS;TOTAL_2H_CARDS;ATTACKS_RECORDED;TEAM_A_DANGEROUS_ATTACKS;TEAM_B_DANGEROUS_ATTACKS;TEAM_A_ATTACKS;TEAM_B_ATTACKS;TEAM_A_XG;TEAM_B_XG;TOTAL_XG;TEAM_A_PENALTIES_WON;TEAM_B_PENALTIES_WON;TEAM_A_PENALTY_GOALS;TEAM_B_PENALTY_GOALS;TEAM_A_PENALTY_MISSED;TEAM_B_PENALTY_MISSED;PENS_RECORDED;GOAL_TIMINGS_RECORDED;TEAM_A_0_10_MIN_GOALS;TEAM_B_0_10_MIN_GOALS;TEAM_A_CORNERS_0_10_MIN;TEAM_B_CORNERS_0_10_MIN;TEAM_A_CARDS_0_10_MIN;TEAM_B_CARDS_0_10_MIN;THROWINS_RECORDED;TEAM_A_THROWINS;TEAM_B_THROWINS;FREEKICKS_RECORDED;TEAM_A_FREEKICKS;TEAM_B_FREEKICKS;GOALKICKS_RECORDED;TEAM_A_GOALKICKS;TEAM_B_GOALKICKS;O45_POTENTIAL;O35_POTENTIAL;O25_POTENTIAL;O15_POTENTIAL;O05_POTENTIAL;O15HT_POTENTIAL;O05HT_POTENTIAL;O05_2H_POTENTIAL;O15_2H_POTENTIAL;CORNERS_POTENTIAL;OFFSIDES_POTENTIAL;CARDS_POTENTIAL;AVG_POTENTIAL;HOME_NAME;AWAY_NAME;HOME_PPG;AWAY_PPG;PRE_MATCH_HOME_PPG;PRE_MATCH_AWAY_PPG;PRE_MATCH_TEAMA_OVERALL_PPG;PRE_MATCH_TEAMB_OVERALL_PPG;U45_POTENTIAL;U35_POTENTIAL;U25_POTENTIAL;U15_POTENTIAL;U05_POTENTIAL;CORNERS_O85_POTENTIAL;CORNERS_O95_POTENTIAL;CORNERS_O105_POTENTIAL;TEAM_A_XG_PREMATCH;TEAM_B_XG_PREMATCH;TOTAL_XG_PREMATCH;COMPETITION_ID;MATCHES_COMPLETED_MINIMUM;OVER05;OVER15;OVER25;OVER35;OVER45;OVER55;BTTS
71768;815;827;2012;complete;344;1;-1;65;12,16,67;1;3;4;-1;-1;-1;-1;-1;2;3;0;0;-1;-1;-1;-1;-1;-1;-1;-1;-1;-1;2;3;0;0;0;0;0;0;0;0;0;0;0;0;0;0;0;0;0;0;0;0;0;0;0;0;0;0;0;0;0;0;0;0;0;0;0;0;0;0;0;0;0;0;0;0;0;0;0;0;0;0;0;0;0;0;0;0;0;0;0;0;0;0;0;0;0;0;0;0;4;0;2;1;1;2;2;2012-03-24 12:00:00;827;0;0;0;0;0;-1;1;-1;-1;-1;-1;-1;-1;0;1;2;2;1;4;-1;0;0;0;0;0;0;0;0;0;0;0;0;0;1;1;0;0;-1;-1;0;0;-1;-1;-1;-1;-1;-1;-1;-1;-1;0;0;0;0;0;0;0;0;0;0;0;0;0;Slavia;Neman Grodno;1.4;1.2;0;0;0;0;0;0;0;0;0;0;0;0;0;0;0;249;30;Y;Y;Y;Y;N;N;Y
71769;818;816;2012;complete;344;1;-1;7,69,90;4;3;1;4;-1;-1;-1;-1;-1;1;1;0;0;-1;-1;-1;-1;-1;-1;-1;-1;-1;-1;1;1;0;0;0;0;0;0;0;0;0;0;0;0;0;0;0;0;0;0;0;0;0;0;0;0;0;0;0;0;0;0;0;0;0;0;0;0;0;0;0;0;0;0;0;0;0;0;0;0;0;0;0;0;0;0;0;0;0;0;0;0;0;0;0;0;0;0;0;0;4;1;1;2;0;2;2;2012-03-24 12:00:00;818;0;0;0;0;0;-1;1;-1;-1;-1;-1;-1;-1;0;1;1;0;1;1;-1;0;0;0;0;0;0;0;0;0;0;0;0;0;1;1;1;1;-1;-1;0;0;-1;-1;-1;-1;-1;-1;-1;-1;-1;0;0;0;0;0;0;0;0;0;0;0;0;0;Belshina;Dinamo Brest;1.53;0.6;0;0;0;0;0;0;0;0;0;0;0;0;0;0;0;249;30;Y;Y;Y;Y;N;N;Y
71770;821;87;2012;complete;344;1;-1;76;;1;0;1;-1;-1;-1;-1;-1;3;1;0;0;-1;-1;-1;-1;-1;-1;-1;-1;-1;-1;3;1;0;0;0;0;0;0;0;0;0;0;0;0;0;0;0;0;0;0;0;0;0;0;0;0;0;0;0;0;0;0;0;0;0;0;0;0;0;0;0;0;0;0;0;0;0;0;0;0;0;0;0;0;0;0;0;0;0;0;0;0;0;0;0;0;0;0;0;0;1;0;0;1;0;1;0;2012-03-24 13:00:00;821;0;0;0;0;0;-1;1;-1;-1;-1;-1;-1;-1;0;0;3;1;0;4;-1;0;0;0;0;0;0;0;0;0;0;0;0;0;1;1;0;0;-1;-1;0;0;-1;-1;-1;-1;-1;-1;-1;-1;-1;0;0;0;0;0;0;0;0;0;0;0;0;0;Minsk;BATE;1.53;2.2;0;0;0;0;0;0;0;0;0;0;0;0;0;0;0;249;30;Y;N;N;N;N;N;N
71771;819;824;2012;complete;344;1;-1;57;16,55;1;2;3;-1;-1;-1;-1;-1;0;2;0;0;-1;-1;-1;-1;-1;-1;-1;-1;-1;-1;0;2;0;0;0;0;0;0;0;0;0;0;0;0;0;0;0;0;0;0;0;0;0;0;0;0;0;0;0;0;0;0;0;0;0;0;0;0;0;0;0;0;0;0;0;0;0;0;0;0;0;0;0;0;0;0;0;0;0;0;0;0;0;0;0;0;0;0;0;0;3;0;1;1;1;2;1;2012-03-25 12:00:00;824;0;0;0;0;0;-1;1;-1;-1;-1;-1;-1;-1;0;2;0;0;2;0;-1;0;0;0;0;0;0;0;0;0;0;0;0;0;1;1;0;0;-1;-1;0;1;-1;-1;-1;-1;-1;-1;-1;-1;-1;0;0;0;0;0;0;0;0;0;0;0;0;0;Naftan;Shakhtyor;1.2;2.2;0;0;0;0;0;0;0;0;0;0;0;0;0;0;0;249;30;Y;Y;Y;N;N;N;Y
71772;830;825;2012;complete;344;1;-1;;;0;0;0;-1;-1;-1;-1;-1;1;3;0;0;-1;-1;-1;-1;-1;-1;-1;-1;-1;-1;1;3;0;0;0;0;0;0;0;0;0;0;0;0;0;0;0;0;0;0;0;0;0;0;0;0;0;0;0;0;0;0;0;0;0;0;0;0;0;0;0;0;0;0;0;0;0;0;0;0;0;0;0;0;0;0;0;0;0;0;0;0;0;0;0;0;0;0;0;0;0;0;0;0;0;0;0;2012-03-25 14:00:00;-1;0;0;0;0;0;-1;1;-1;-1;-1;-1;-1;-1;0;1;1;2;1;3;-1;0;0;0;0;0;0;0;0;0;0;0;0;0;1;1;0;0;-1;-1;0;1;-1;-1;-1;-1;-1;-1;-1;-1;-1;0;0;0;0;0;0;0;0;0;0;0;0;0;Gomel;Dinamo Minsk;1.73;1.73;0;0;0;0;0;0;0;0;0;0;0;0;0;0;0;249;30;N;N;N;N;N;N;N
71773;824;830;2012;complete;344;2;-1;46;10,63;1;2;3;-1;-1;-1;-1;-1;1;3;0;0;-1;-1;-1;-1;-1;-1;-1;-1;-1;-1;1;3;0;0;0;0;0;0;0;0;0;0;0;0;0;0;0;0;0;0;0;0;0;0;0;0;0;0;0;0;0;0;0;0;0;0;0;0;0;0;0;0;0;0;0;0;0;0;0;0;0;0;0;0;0;0;0;0;0;0;0;0;0;0;0;0;0;0;0;0;3;0;1;1;1;2;1;2012-03-31 12:00:00;830;0;0;0;0;0;-1;1;-1;-1;-1;-1;-1;-1;0;0;1;3;0;4;-1;0;0;0;0;0;0;0;0;0;0;0;0;0;1;1;0;1;-1;-1;0;0;-1;-1;-1;-1;-1;-1;-1;-1;-1;0;0;0;0;0;0;0;0;0;0;0;0;0;Shakhtyor;Gomel;1.87;1.6;0;0;3;1;0;0;0;0;0;0;0;0;0;0;0;249;30;Y;Y;Y;N;N;N;Y
71774;827;821;2012;complete;344;2;-1;;26;0;1;1;-1;-1;-1;-1;-1;2;3;1;0;-1;-1;-1;-1;-1;-1;-1;-1;-1;-1;3;3;0;0;0;0;0;0;0;0;0;0;0;0;0;0;0;0;0;0;0;0;0;0;0;0;0;0;0;0;0;0;0;0;0;0;0;0;0;0;0;0;0;0;0;0;0;0;0;0;0;0;0;0;0;0;0;0;0;0;0;0;0;0;0;0;0;0;0;0;1;0;1;0;0;0;1;2012-03-31 12:30:00;821;0;0;0;0;0;-1;1;-1;-1;-1;-1;-1;-1;2;1;1;2;3;3;-1;0;0;0;0;0;0;0;0;0;0;0;0;0;1;1;0;0;-1;-1;0;0;-1;-1;-1;-1;-1;-1;-1;-1;-1;0;0;0;0;0;0;0;0;0;0;0;0;0;Neman Grodno;Minsk;1.53;1.07;0;0;3;3;0;0;0;0;0;0;0;0;0;0;0;249;30;Y;N;N;N;N;N;N
71775;87;818;2012;complete;344;2;-1;13,69,90;57;3;1;4;-1;-1;-1;-1;-1;1;2;0;0;-1;-1;-1;-1;-1;-1;-1;-1;-1;-1;1;2;0;0;0;0;0;0;0;0;0;0;0;0;0;0;0;0;0;0;0;0;0;0;0;0;0;0;0;0;0;0;0;0;0;0;0;0;0;0;0;0;0;0;0;0;0;0;0;0;0;0;0;0;0;0;0;0;0;0;0;0;0;0;0;0;0;0;0;0;4;1;0;2;1;3;1;2012-03-31 14:00:00;87;0;0;0;0;0;-1;1;-1;-1;-1;-1;-1;-1;0;1;1;1;1;2;-1;0;0;0;0;0;0;0;0;0;0;0;0;0;1;1;0;0;-1;-1;0;0;-1;-1;-1;-1;-1;-1;-1;-1;-1;0;0;0;0;0;0;0;0;0;0;0;0;0;BATE;Belshina;2.33;0.47;0;0;0;3;0;0;0;0;0;0;0;0;0;0;0;249;30;Y;Y;Y;Y;N;N;Y
71776;820;819;2012;complete;344;2;-1;;90;0;1;1;-1;-1;-1;-1;-1;1;3;1;0;-1;-1;-1;-1;-1;-1;-1;-1;-1;-1;3;3;0;0;0;0;0;0;0;0;0;0;0;0;0;0;0;0;0;0;0;0;0;0;0;0;0;0;0;0;0;0;0;0;0;0;0;0;0;0;0;0;0;0;0;0;0;0;0;0;0;0;0;0;0;0;0;0;0;0;0;0;0;0;0;0;0;0;0;0;1;0;0;0;1;1;0;2012-03-31 14:00:00;819;0;0;0;0;0;-1;1;-1;-1;-1;-1;-1;-1;0;1;2;2;1;4;-1;0;0;0;0;0;0;0;0;0;0;0;0;0;1;1;0;0;-1;-1;0;0;-1;-1;-1;-1;-1;-1;-1;-1;-1;0;0;0;0;0;0;0;0;0;0;0;0;0;Torpedo BelAZ;Naftan;1.07;0.73;0;0;0;0;0;0;0;0;0;0;0;0;0;0;0;249;30;Y;N;N;N;N;N;N
71777;825;815;2012;complete;344;2;-1;26,45,83;4;3;1;4;-1;-1;-1;-1;-1;1;2;0;0;-1;-1;-1;-1;-1;-1;-1;-1;-1;-1;1;2;0;0;0;0;0;0;0;0;0;0;0;0;0;0;0;0;0;0;0;0;0;0;0;0;0;0;0;0;0;0;0;0;0;0;0;0;0;0;0;0;0;0;0;0;0;0;0;0;0;0;0;0;0;0;0;0;0;0;0;0;0;0;0;0;0;0;0;0;4;2;1;1;0;1;3;2012-04-01 14:00:00;825;0;0;0;0;0;-1;1;-1;-1;-1;-1;-1;-1;1;0;0;2;1;2;-1;0;0;0;0;0;0;0;0;0;0;0;0;0;1;1;0;1;-1;-1;0;0;-1;-1;-1;-1;-1;-1;-1;-1;-1;0;0;0;0;0;0;0;0;0;0;0;0;0;Dinamo Minsk;Slavia;2;0.4;0;0;1;0;0;0;0;0;0;0;0;0;0;0;0;249;30;Y;Y;Y;Y;N;N;Y
71778;815;824;2012;complete;344;3;-1;;28,57;0;2;2;-1;-1;-1;-1;-1;3;1;0;0;-1;-1;-1;-1;-1;-1;-1;-1;-1;-1;3;1;0;0;0;0;0;0;0;0;0;0;0;0;0;0;0;0;0;0;0;0;0;0;0;0;0;0;0;0;0;0;0;0;0;0;0;0;0;0;0;0;0;0;0;0;0;0;0;0;0;0;0;0;0;0;0;0;0;0;0;0;0;0;0;0;0;0;0;0;2;0;1;0;1;1;1;2012-04-06 13:30:00;824;0;100;0;100;0;-1;1;-1;-1;-1;-1;-1;-1;0;1;3;0;1;3;-1;0;0;0;0;0;0;0;0;0;0;0;0;0;1;1;0;0;-1;-1;0;0;-1;-1;-1;-1;-1;-1;-1;-1;-1;0;50;100;100;100;50;100;100;100;0;0;4;3.5;Slavia;Shakhtyor;1.4;2.2;0;3;0;1.5;100;50;0;0;0;0;0;0;0;0;0;249;30;Y;Y;N;N;N;N;N
71779;818;827;2012;complete;344;3;-1;;;0;0;0;-1;-1;-1;-1;-1;2;2;0;0;-1;-1;-1;-1;-1;-1;-1;-1;-1;-1;2;2;0;0;0;0;0;0;0;0;0;0;0;0;0;0;0;0;0;0;0;0;0;0;0;0;0;0;0;0;0;0;0;0;0;0;0;0;0;0;0;0;0;0;0;0;0;0;0;0;0;0;0;0;0;0;0;0;0;0;0;0;0;0;0;0;0;0;0;0;0;0;0;0;0;0;0;2012-04-06 14:00:00;-1;0;100;50;50;0;-1;1;-1;-1;-1;-1;-1;-1;0;1;2;1;1;3;-1;0;0;0;0;0;0;0;0;0;0;0;0;0;1;1;0;0;-1;-1;0;1;-1;-1;-1;-1;-1;-1;-1;-1;-1;0;100;100;100;100;100;100;100;100;0;0;4;4;Belshina;Neman Grodno;1.53;1.2;3;3;1.5;1.5;100;0;0;0;0;0;0;0;0;0;0;249;30;N;N;N;N;N;N;N
71780;830;820;2012;complete;344;3;-1;54,58;;2;0;2;-1;-1;-1;-1;-1;1;2;0;0;-1;-1;-1;-1;-1;-1;-1;-1;-1;-1;1;2;0;0;0;0;0;0;0;0;0;0;0;0;0;0;0;0;0;0;0;0;0;0;0;0;0;0;0;0;0;0;0;0;0;0;0;0;0;0;0;0;0;0;0;0;0;0;0;0;0;0;0;0;0;0;0;0;0;0;0;0;0;0;0;0;0;0;0;0;2;0;0;2;0;2;0;2012-04-06 15:00:00;830;0;0;0;0;0;-1;1;-1;-1;-1;-1;-1;-1;1;0;0;2;1;2;-1;0;0;0;0;0;0;0;0;0;0;0;0;0;1;1;0;0;-1;-1;0;0;-1;-1;-1;-1;-1;-1;-1;-1;-1;0;0;0;0;0;0;0;0;0;0;0;1;0;Gomel;Torpedo BelAZ;1.73;0.53;1;0;2;0;50;50;50;50;50;0;0;0;0;0;0;249;30;Y;Y;N;N;N;N;N
71781;816;87;2012;complete;344;3;-1;;1,89;0;2;2;-1;-1;-1;-1;-1;3;3;1;1;-1;-1;-1;-1;-1;-1;-1;-1;-1;-1;4;4;0;0;0;0;0;0;0;0;0;0;0;0;0;0;0;0;0;0;0;0;0;0;0;0;0;0;0;0;0;0;0;0;0;0;0;0;0;0;0;0;0;0;0;0;0;0;0;0;0;0;0;0;0;0;0;0;0;0;0;0;0;0;0;0;0;0;0;0;2;0;1;0;1;1;1;2012-04-06 15:00:00;87;0;0;0;0;0;-1;1;-1;-1;-1;-1;-1;-1;2;1;2;3;3;5;-1;0;0;0;0;0;0;0;0;0;0;0;0;0;1;1;0;1;-1;-1;0;0;-1;-1;-1;-1;-1;-1;-1;-1;-1;0;0;0;0;50;0;0;50;0;0;0;1;0.5;Dinamo Brest;BATE;1.33;2.2;0;0;0;1.5;50;50;50;50;0;0;0;0;0;0;0;249;30;Y;Y;N;N;N;N;N
71782;821;825;2012;complete;344;3;-1;;;0;0;0;-1;-1;-1;-1;-1;2;2;0;1;-1;-1;-1;-1;-1;-1;-1;-1;-1;-1;2;3;0;0;0;0;0;0;0;0;0;0;0;0;0;0;0;0;0;0;0;0;0;0;0;0;0;0;0;0;0;0;0;0;0;0;0;0;0;0;0;0;0;0;0;0;0;0;0;0;0;0;0;0;0;0;0;0;0;0;0;0;0;0;0;0;0;0;0;0;0;0;0;0;0;0;0;2012-04-06 17:00:00;-1;0;0;0;0;0;-1;1;-1;-1;-1;-1;-1;-1;2;2;0;1;4;1;-1;0;0;0;0;0;0;0;0;0;0;0;0;0;1;1;0;0;-1;-1;0;0;-1;-1;-1;-1;-1;-1;-1;-1;-1;0;0;0;0;50;0;0;50;0;0;0;6;0.5;Minsk;Dinamo Minsk;1.53;1.73;3;1;3;2;100;100;100;100;50;0;0;0;0;0;0;249;30;N;N;N;N;N;N;N
71783;820;815;2012;complete;344;4;-1;;;0;0;0;-1;-1;-1;-1;-1;1;4;0;0;-1;-1;-1;-1;-1;-1;-1;-1;-1;-1;1;4;0;0;0;0;0;0;0;0;0;0;0;0;0;0;0;0;0;0;0;0;0;0;0;0;0;0;0;0;0;0;0;0;0;0;0;0;0;0;0;0;0;0;0;0;0;0;0;0;0;0;0;0;0;0;0;0;0;0;0;0;0;0;0;0;0;0;0;0;0;0;0;0;0;0;0;2012-04-10 14:00:00;-1;0;50;50;0;0;-1;1;-1;-1;-1;-1;-1;-1;0;0;1;4;0;5;-1;0;0;0;0;0;0;0;0;0;0;0;0;0;1;1;0;0;-1;-1;0;0;-1;-1;-1;-1;-1;-1;-1;-1;-1;0;50;50;50;100;50;50;100;0;0;0;5;2.5;Torpedo BelAZ;Slavia;1.07;0.4;0;0;0;0;100;50;50;50;0;0;0;0;0;0;0;249;30;N;N;N;N;N;N;N
71784;824;821;2012;complete;344;4;-1;6,7,9,12,56,84,89;;7;0;7;-1;-1;-1;-1;-1;0;3;0;0;-1;-1;-1;-1;-1;-1;-1;-1;-1;-1;0;3;0;0;0;0;0;0;0;0;0;0;0;0;0;0;0;0;0;0;0;0;0;0;0;0;0;0;0;0;0;0;0;0;0;0;0;0;0;0;0;0;0;0;0;0;0;0;0;0;0;0;0;0;0;0;0;0;0;0;0;0;0;0;0;0;0;0;0;0;7;4;0;3;0;3;4;2012-04-10 15:00:00;824;0;50;0;50;0;-1;1;-1;-1;-1;-1;-1;-1;0;1;0;2;1;2;-1;0;0;0;0;0;0;0;0;0;0;0;0;0;1;1;3;0;-1;-1;0;0;-1;-1;-1;-1;-1;-1;-1;-1;-1;0;0;50;50;100;0;100;50;50;0;0;4;2;Shakhtyor;Minsk;1.87;1.07;0;3;2;2.33;100;100;50;50;0;0;0;0;0;0;0;249;30;Y;Y;Y;Y;Y;Y;N
71785;830;819;2012;complete;344;4;-1;;;0;0;0;-1;-1;-1;-1;-1;2;1;0;0;-1;-1;-1;-1;-1;-1;-1;-1;-1;-1;2;1;0;0;0;0;0;0;0;0;0;0;0;0;0;0;0;0;0;0;0;0;0;0;0;0;0;0;0;0;0;0;0;0;0;0;0;0;0;0;0;0;0;0;0;0;0;0;0;0;0;0;0;0;0;0;0;0;0;0;0;0;0;0;0;0;0;0;0;0;0;0;0;0;0;0;0;2012-04-10 15:15:00;-1;0;0;0;0;0;-1;1;-1;-1;-1;-1;-1;-1;1;0;1;1;1;2;-1;0;0;0;0;0;0;0;0;0;0;0;0;0;1;1;0;0;-1;-1;0;0;-1;-1;-1;-1;-1;-1;-1;-1;-1;0;0;0;25;75;0;0;75;25;0;0;4;1;Gomel;Naftan;1.73;0.73;2;3;2.33;1.5;100;100;100;75;25;0;0;0;0;0;0;249;30;N;N;N;N;N;N;N
71786;827;816;2012;complete;344;4;-1;10;20;1;1;2;-1;-1;-1;-1;-1;2;1;0;0;-1;-1;-1;-1;-1;-1;-1;-1;-1;-1;2;1;0;0;0;0;0;0;0;0;0;0;0;0;0;0;0;0;0;0;0;0;0;0;0;0;0;0;0;0;0;0;0;0;0;0;0;0;0;0;0;0;0;0;0;0;0;0;0;0;0;0;0;0;0;0;0;0;0;0;0;0;0;0;0;0;0;0;0;0;2;1;1;0;0;0;2;2012-04-10 16:00:00;-1;0;50;50;0;0;-1;1;-1;-1;-1;-1;-1;-1;1;1;1;0;2;1;-1;0;0;0;0;0;0;0;0;0;0;0;0;0;1;1;1;0;-1;-1;0;0;-1;-1;-1;-1;-1;-1;-1;-1;-1;0;50;50;50;100;50;100;50;50;0;0;4;2.5;Neman Grodno;Dinamo Brest;1.53;0.6;0;0;1.33;0;100;50;50;50;0;0;0;0;0;0;0;249;30;Y;Y;N;N;N;N;Y
71787;825;818;2012;complete;344;4;-1;49;;1;0;1;-1;-1;-1;-1;-1;0;2;0;0;-1;-1;-1;-1;-1;-1;-1;-1;-1;-1;0;2;0;0;0;0;0;0;0;0;0;0;0;0;0;0;0;0;0;0;0;0;0;0;0;0;0;0;0;0;0;0;0;0;0;0;0;0;0;0;0;0;0;0;0;0;0;0;0;0;0;0;0;0;0;0;0;0;0;0;0;0;0;0;0;0;0;0;0;0;1;0;0;1;0;1;0;2012-04-10 16:00:00;825;0;100;50;50;0;-1;1;-1;-1;-1;-1;-1;-1;0;0;0;2;0;2;-1;0;0;0;0;0;0;0;0;0;0;0;0;0;1;1;0;0;-1;-1;0;0;-1;-1;-1;-1;-1;-1;-1;-1;-1;0;100;100;100;100;50;100;100;50;0;0;3;4;Dinamo Minsk;Belshina;2;0.47;3;0;1.67;1.33;100;0;0;0;0;0;0;0;0;0;0;249;30;Y;N;N;N;N;N;N
71788;815;819;2012;complete;344;5;-1;32,64;78;2;1;3;-1;-1;-1;-1;-1;1;2;0;0;-1;-1;-1;-1;-1;-1;-1;-1;-1;-1;1;2;0;0;0;0;0;0;0;0;0;0;0;0;0;0;0;0;0;0;0;0;0;0;0;0;0;0;0;0;0;0;0;0;0;0;0;0;0;0;0;0;0;0;0;0;0;0;0;0;0;0;0;0;0;0;0;0;0;0;0;0;0;0;0;0;0;0;0;0;3;1;0;1;1;2;1;2012-04-14 13:00:00;815;0;25;0;25;0;-1;1;-1;-1;-1;-1;-1;-1;0;0;1;2;0;3;-1;0;0;0;0;0;0;0;0;0;0;0;0;0;1;1;0;0;-1;-1;0;0;-1;-1;-1;-1;-1;-1;-1;-1;-1;0;25;25;50;75;25;50;75;25;0;0;4.5;1.75;Slavia;Naftan;1.4;0.73;0;2;0.25;1.33;100;75;75;50;25;0;0;0;0;0;0;249;30;Y;Y;Y;N;N;N;Y
71789;818;824;2012;complete;344;5;-1;;4,64,73,78;0;4;4;-1;-1;-1;-1;-1;1;1;0;0;-1;-1;-1;-1;-1;-1;-1;-1;-1;-1;1;1;0;0;0;0;0;0;0;0;0;0;0;0;0;0;0;0;0;0;0;0;0;0;0;0;0;0;0;0;0;0;0;0;0;0;0;0;0;0;0;0;0;0;0;0;0;0;0;0;0;0;0;0;0;0;0;0;0;0;0;0;0;0;0;0;0;0;0;0;4;0;1;0;3;3;1;2012-04-14 13:00:00;824;0;50;25;25;0;-1;1;-1;-1;-1;-1;-1;-1;1;1;0;0;2;0;-1;0;0;0;0;0;0;0;0;0;0;0;0;0;1;1;0;1;-1;-1;0;0;-1;-1;-1;-1;-1;-1;-1;-1;-1;0;25;50;75;75;25;75;75;50;0;0;3;2.25;Belshina;Shakhtyor;1.53;2.2;2;3;1;2.25;100;75;50;25;25;0;0;0;0;0;0;249;30;Y;Y;Y;Y;N;N;N
71790;821;820;2012;complete;344;5;-1;36;34,57;1;2;3;-1;-1;-1;-1;-1;2;3;0;0;-1;-1;-1;-1;-1;-1;-1;-1;-1;-1;2;3;0;0;0;0;0;0;0;0;0;0;0;0;0;0;0;0;0;0;0;0;0;0;0;0;0;0;0;0;0;0;0;0;0;0;0;0;0;0;0;0;0;0;0;0;0;0;0;0;0;0;0;0;0;0;0;0;0;0;0;0;0;0;0;0;0;0;0;0;3;1;1;0;1;1;2;2012-04-14 14:00:00;820;0;0;0;0;0;-1;1;-1;-1;-1;-1;-1;-1;2;2;0;1;4;1;-1;0;0;0;0;0;0;0;1;0;1;0;0;0;1;1;0;0;-1;-1;0;0;-1;-1;-1;-1;-1;-1;-1;-1;-1;0;0;0;50;75;0;0;75;50;0;0;4.5;1.25;Minsk;Torpedo BelAZ;1.53;0.53;2;0;1.75;0.33;100;100;100;50;25;0;0;0;0;0;0;249;30;Y;Y;Y;N;N;N;Y
71791;816;825;2012;complete;344;5;-1;25;58,74;1;2;3;-1;-1;-1;-1;-1;3;1;1;0;-1;-1;-1;-1;-1;-1;-1;-1;-1;-1;4;1;0;0;0;0;0;0;0;0;0;0;0;0;0;0;0;0;0;0;0;0;0;0;0;0;0;0;0;0;0;0;0;0;0;0;0;0;0;0;0;0;0;0;0;0;0;0;0;0;0;0;0;0;0;0;0;0;0;0;0;0;0;0;0;0;0;0;0;0;3;1;0;0;2;2;1;2012-04-14 14:00:00;825;0;0;0;0;0;-1;1;-1;-1;-1;-1;-1;-1;1;1;3;0;2;3;-1;0;0;0;0;0;0;0;0;0;0;0;0;0;1;1;0;0;-1;-1;0;0;-1;-1;-1;-1;-1;-1;-1;-1;-1;0;0;0;50;50;0;50;50;0;0;0;7;1;Dinamo Brest;Dinamo Minsk;1.33;1.73;0;1;0.33;2;100;100;100;50;50;0;0;0;0;0;0;249;30;Y;Y;Y;N;N;N;Y
71792;87;827;2012;complete;344;5;-1;7,27;;2;0;2;-1;-1;-1;-1;-1;1;1;0;0;-1;-1;-1;-1;-1;-1;-1;-1;-1;-1;1;1;0;0;0;0;0;0;0;0;0;0;0;0;0;0;0;0;0;0;0;0;0;0;0;0;0;0;0;0;0;0;0;0;0;0;0;0;0;0;0;0;0;0;0;0;0;0;0;0;0;0;0;0;0;0;0;0;0;0;0;0;0;0;0;0;0;0;0;0;2;2;0;0;0;0;2;2012-04-14 15:00:00;87;0;75;0;75;0;-1;1;-1;-1;-1;-1;-1;-1;0;0;1;1;0;2;-1;0;0;0;0;0;0;0;0;0;0;0;0;0;1;1;1;0;-1;-1;0;0;-1;-1;-1;-1;-1;-1;-1;-1;-1;0;75;75;75;75;25;75;75;75;0;0;3.5;3;BATE;Neman Grodno;2.33;1.2;3;2;2;1.25;100;25;25;25;25;0;0;0;0;0;0;249;30;Y;Y;N;N;N;N;N
71793;819;821;2012;complete;344;6;-1;67;7,48,90;1;3;4;-1;-1;-1;-1;-1;2;4;0;0;-1;-1;-1;-1;-1;-1;-1;-1;-1;-1;2;4;0;0;0;0;0;0;0;0;0;0;0;0;0;0;0;0;0;0;0;0;0;0;0;0;0;0;0;0;0;0;0;0;0;0;0;0;0;0;0;0;0;0;0;0;0;0;0;0;0;0;0;0;0;0;0;0;0;0;0;0;0;0;0;0;0;0;0;0;4;0;1;1;2;3;1;2012-04-20 13:00:00;821;0;50;0;50;0;-1;1;-1;-1;-1;-1;-1;-1;1;2;1;2;3;3;-1;0;0;0;0;0;0;0;0;1;0;1;0;0;1;1;0;1;-1;-1;1;0;-1;-1;-1;-1;-1;-1;-1;-1;-1;25;25;75;75;100;25;100;75;75;0;0;3;3.5;Naftan;Minsk;1.2;1.07;0;1.5;1;1.4;75;75;25;25;0;0;0;0;0;0;0;249;30;Y;Y;Y;Y;N;N;Y
71794;824;816;2012;complete;344;6;-1;;35;0;1;1;-1;-1;-1;-1;-1;0;2;0;0;-1;-1;-1;-1;-1;-1;-1;-1;-1;-1;0;2;0;0;0;0;0;0;0;0;0;0;0;0;0;0;0;0;0;0;0;0;0;0;0;0;0;0;0;0;0;0;0;0;0;0;0;0;0;0;0;0;0;0;0;0;0;0;0;0;0;0;0;0;0;0;0;0;0;0;0;0;0;0;0;0;0;0;0;0;1;0;1;0;0;0;1;2012-04-21 13:00:00;816;0;75;50;25;0;-1;1;-1;-1;-1;-1;-1;-1;0;2;0;0;2;0;-1;0;0;0;0;0;0;0;0;0;0;0;0;0;1;1;0;0;-1;-1;0;0;-1;-1;-1;-1;-1;-1;-1;-1;-1;25;50;75;100;100;75;100;75;75;0;0;1.5;4;Shakhtyor;Dinamo Brest;1.87;0.6;1.5;0.5;2.4;0.25;75;50;25;0;0;0;0;0;0;0;0;249;30;Y;N;N;N;N;N;N
71795;820;818;2012;complete;344;6;-1;;87;0;1;1;-1;-1;-1;-1;-1;2;1;0;0;-1;-1;-1;-1;-1;-1;-1;-1;-1;-1;2;1;0;0;0;0;0;0;0;0;0;0;0;0;0;0;0;0;0;0;0;0;0;0;0;0;0;0;0;0;0;0;0;0;0;0;0;0;0;0;0;0;0;0;0;0;0;0;0;0;0;0;0;0;0;0;0;0;0;0;0;0;0;0;0;0;0;0;0;0;1;0;0;0;1;1;0;2012-04-21 13:00:00;818;0;25;0;25;0;-1;1;-1;-1;-1;-1;-1;-1;0;0;2;1;0;3;-1;0;0;0;0;0;0;0;0;0;0;0;0;0;1;1;0;0;-1;-1;0;0;-1;-1;-1;-1;-1;-1;-1;-1;-1;0;25;25;25;75;0;25;75;25;0;0;4;1.5;Torpedo BelAZ;Belshina;1.07;0.47;0.5;0;1;0.8;100;75;75;75;25;0;0;0;0;0;0;249;30;Y;N;N;N;N;N;N
71796;825;87;2012;complete;344;6;-1;;45,85;0;2;2;-1;-1;-1;-1;-1;4;2;1;0;-1;-1;-1;-1;-1;-1;-1;-1;-1;-1;5;2;0;0;0;0;0;0;0;0;0;0;0;0;0;0;0;0;0;0;0;0;0;0;0;0;0;0;0;0;0;0;0;0;0;0;0;0;0;0;0;0;0;0;0;0;0;0;0;0;0;0;0;0;0;0;0;0;0;0;0;0;0;0;0;0;0;0;0;0;2;0;1;0;1;1;1;2012-04-21 14:00:00;87;0;25;25;0;0;-1;1;-1;-1;-1;-1;-1;-1;1;1;4;1;2;5;-1;0;0;0;0;0;0;0;0;0;0;0;0;0;1;1;0;0;-1;-1;0;1;-1;-1;-1;-1;-1;-1;-1;-1;-1;0;25;25;50;100;25;50;100;0;0;0;3;2;Dinamo Minsk;BATE;2;2.2;3;1.5;2.2;2.25;100;75;75;50;0;0;0;0;0;0;0;249;30;Y;Y;N;N;N;N;N
71797;830;815;2012;complete;344;6;-1;7,61,90;;3;0;3;-1;-1;-1;-1;-1;2;1;0;0;-1;-1;-1;-1;-1;-1;-1;-1;-1;-1;2;1;0;0;0;0;0;0;0;0;0;0;0;0;0;0;0;0;0;0;0;0;0;0;0;0;0;0;0;0;0;0;0;0;0;0;0;0;0;0;0;0;0;0;0;0;0;0;0;0;0;0;0;0;0;0;0;0;0;0;0;0;0;0;0;0;0;0;0;0;3;1;0;2;0;2;1;2012-04-21 14:00:00;830;0;25;25;0;0;-1;1;-1;-1;-1;-1;-1;-1;1;0;1;1;1;2;-1;0;0;0;0;0;0;0;0;0;0;0;0;0;1;1;1;0;-1;-1;0;0;-1;-1;-1;-1;-1;-1;-1;-1;-1;0;25;25;42;42;25;25;42;17;0;0;4.33;1.34;Gomel;Slavia;1.73;0.4;1.67;0.5;2;0.8;100;75;75;59;59;0;0;0;0;0;0;249;30;Y;Y;Y;N;N;N;N
71798;87;824;2012;complete;344;7;-1;35;;1;0;1;-1;-1;-1;-1;-1;1;2;0;0;-1;-1;-1;-1;-1;-1;-1;-1;-1;-1;1;2;0;0;0;0;0;0;0;0;0;0;0;0;0;0;0;0;0;0;0;0;0;0;0;0;0;0;0;0;0;0;0;0;0;0;0;0;0;0;0;0;0;0;0;0;0;0;0;0;0;0;0;0;0;0;0;0;0;0;0;0;0;0;0;0;0;0;0;0;1;1;0;0;0;0;1;2012-04-28 16:00:00;87;0;42;0;42;0;-1;1;-1;-1;-1;-1;-1;-1;0;0;1;2;0;3;-1;0;0;0;0;0;0;0;0;0;0;0;0;0;1;1;0;0;-1;-1;0;0;-1;-1;-1;-1;-1;-1;-1;-1;-1;0;42;59;100;100;25;100;75;59;0;0;2.33;3;BATE;Shakhtyor;2.33;2.2;3;3;2.4;2;100;59;42;0;0;0;0;0;0;0;0;249;30;Y;N;N;N;N;N;N
71799;818;819;2012;complete;344;7;-1;;;0;0;0;-1;-1;-1;-1;-1;0;4;0;0;-1;-1;-1;-1;-1;-1;-1;-1;-1;-1;0;4;0;0;0;0;0;0;0;0;0;0;0;0;0;0;0;0;0;0;0;0;0;0;0;0;0;0;0;0;0;0;0;0;0;0;0;0;0;0;0;0;0;0;0;0;0;0;0;0;0;0;0;0;0;0;0;0;0;0;0;0;0;0;0;0;0;0;0;0;0;0;0;0;0;0;0;2012-04-29 13:00:00;-1;0;33;17;17;0;-1;1;-1;-1;-1;-1;-1;-1;0;1;0;3;1;3;-1;0;0;0;0;0;0;0;0;0;0;0;0;0;1;1;0;0;-1;-1;0;1;-1;-1;-1;-1;-1;-1;-1;-1;-1;0;34;50;50;67;17;50;67;50;0;0;3.33;2;Belshina;Naftan;1.53;0.73;1.33;1.33;1.17;0.8;100;67;50;50;33;0;0;0;0;0;0;249;30;N;N;N;N;N;N;N
71800;816;820;2012;complete;344;7;-1;60;;1;0;1;-1;-1;-1;-1;-1;3;3;0;0;-1;-1;-1;-1;-1;-1;-1;-1;-1;-1;3;3;0;0;0;0;0;0;0;0;0;0;0;0;0;0;0;0;0;0;0;0;0;0;0;0;0;0;0;0;0;0;0;0;0;0;0;0;0;0;0;0;0;0;0;0;0;0;0;0;0;0;0;0;0;0;0;0;0;0;0;0;0;0;0;0;0;0;0;0;1;0;0;1;0;1;0;2012-04-29 13:00:00;816;0;50;25;0;0;-1;1;-1;-1;-1;-1;-1;-1;1;1;2;2;2;4;-1;0;0;0;0;0;0;0;0;0;0;0;0;0;1;1;0;0;-1;-1;0;0;-1;-1;-1;-1;-1;-1;-1;-1;-1;0;0;50;100;100;25;75;100;50;0;0;6.5;2.5;Dinamo Brest;Torpedo BelAZ;1.33;0.53;0;1.5;0.8;0.8;100;100;50;0;0;0;0;0;0;0;0;249;30;Y;N;N;N;N;N;N
71801;827;825;2012;complete;344;7;-1;;;0;0;0;-1;-1;-1;-1;-1;1;2;0;0;-1;-1;-1;-1;-1;-1;-1;-1;-1;-1;1;2;0;0;0;0;0;0;0;0;0;0;0;0;0;0;0;0;0;0;0;0;0;0;0;0;0;0;0;0;0;0;0;0;0;0;0;0;0;0;0;0;0;0;0;0;0;0;0;0;0;0;0;0;0;0;0;0;0;0;0;0;0;0;0;0;0;0;0;0;0;0;0;0;0;0;0;2012-04-29 13:00:00;-1;0;42;25;0;0;-1;1;-1;-1;-1;-1;-1;-1;0;1;1;1;1;2;-1;0;0;0;0;0;0;0;0;0;0;0;0;0;1;1;0;0;-1;-1;0;0;-1;-1;-1;-1;-1;-1;-1;-1;-1;0;0;17;42;67;25;67;17;17;0;0;4.83;1.25;Neman Grodno;Dinamo Minsk;1.53;1.73;0.5;1.67;1;1.83;100;100;84;59;34;0;0;0;0;0;0;249;30;N;N;N;N;N;N;N
71802;821;830;2012;complete;344;7;-1;33;45,70;1;2;3;-1;-1;-1;-1;-1;3;3;0;0;-1;-1;-1;-1;-1;-1;-1;-1;-1;-1;3;3;0;0;0;0;0;0;0;0;0;0;0;0;0;0;0;0;0;0;0;0;0;0;0;0;0;0;0;0;0;0;0;0;0;0;0;0;0;0;0;0;0;0;0;0;0;0;0;0;0;0;0;0;0;0;0;0;0;0;0;0;0;0;0;0;0;0;0;0;3;1;1;0;1;1;2;2012-04-29 15:00:00;830;0;67;17;50;0;-1;1;-1;-1;-1;-1;-1;-1;1;2;2;1;3;3;-1;0;0;0;0;0;0;0;1;1;1;1;0;0;1;1;0;0;-1;-1;1;0;-1;-1;-1;-1;-1;-1;-1;-1;-1;0;0;67;67;84;17;67;84;50;0;0;5.33;2.17;Minsk;Gomel;1.53;1.6;1.33;3;1.67;2.2;100;100;34;34;17;0;0;0;0;0;0;249;30;Y;Y;Y;N;N;N;Y
71803;820;87;2012;complete;344;8;-1;;4,34;0;2;2;-1;-1;-1;-1;-1;2;4;0;0;-1;-1;-1;-1;-1;-1;-1;-1;-1;-1;2;4;0;0;0;0;0;0;0;0;0;0;0;0;0;0;0;0;0;0;0;0;0;0;0;0;0;0;0;0;0;0;0;0;0;0;0;0;0;0;0;0;0;0;0;0;0;0;0;0;0;0;0;0;0;0;0;0;0;0;0;0;0;0;0;0;0;0;0;0;2;0;2;0;0;0;2;2012-05-03 14:30:00;87;0;0;0;0;0;-1;1;-1;-1;-1;-1;-1;-1;1;1;1;3;2;4;-1;0;0;0;0;0;0;0;0;0;0;0;0;0;1;1;0;1;-1;-1;0;0;-1;-1;-1;-1;-1;-1;-1;-1;-1;0;0;0;34;84;0;34;84;0;0;0;4.33;1.17;Torpedo BelAZ;BATE;1.07;2.2;0.33;2;0.67;2.5;100;100;100;67;17;0;0;0;0;0;0;249;30;Y;Y;N;N;N;N;N
71804;819;816;2012;complete;344;8;-1;84;;1;0;1;-1;-1;-1;-1;-1;1;0;0;0;-1;-1;-1;-1;-1;-1;-1;-1;-1;-1;1;0;0;0;0;0;0;0;0;0;0;0;0;0;0;0;0;0;0;0;0;0;0;0;0;0;0;0;0;0;0;0;0;0;0;0;0;0;0;0;0;0;0;0;0;0;0;0;0;0;0;0;0;0;0;0;0;0;0;0;0;0;0;0;0;0;0;0;0;0;1;0;0;1;0;1;0;2012-05-03 14:30:00;819;0;84;34;50;0;-1;1;-1;-1;-1;-1;-1;-1;1;0;0;0;1;0;-1;0;0;0;0;0;0;0;0;0;0;0;0;0;1;1;0;0;-1;-1;0;0;-1;-1;-1;-1;-1;-1;-1;-1;-1;0;42;67;84;100;34;100;67;67;0;0;2.33;2.92;Naftan;Dinamo Brest;1.2;0.6;0;1.33;0.83;1.17;100;59;34;17;0;0;0;0;0;0;0;249;30;Y;N;N;N;N;N;N
71805;815;821;2012;complete;344;8;-1;79;;1;0;1;-1;-1;-1;-1;-1;5;1;0;0;-1;-1;-1;-1;-1;-1;-1;-1;-1;-1;5;1;0;0;0;0;0;0;0;0;0;0;0;0;0;0;0;0;0;0;0;0;0;0;0;0;0;0;0;0;0;0;0;0;0;0;0;0;0;0;0;0;0;0;0;0;0;0;0;0;0;0;0;0;0;0;0;0;0;0;0;0;0;0;0;0;0;0;0;0;1;0;0;1;0;1;0;2012-05-03 14:30:00;815;0;50;0;50;0;-1;1;-1;-1;-1;-1;-1;-1;1;0;4;1;1;5;-1;0;0;0;0;0;0;0;0;0;0;0;0;0;1;1;0;0;-1;-1;1;0;-1;-1;-1;-1;-1;-1;-1;-1;-1;17;50;67;84;100;33;100;84;67;0;0;5.33;3.5;Slavia;Minsk;1.4;1.07;1;2;0.67;1.43;84;50;33;17;0;0;0;0;0;0;0;249;30;Y;N;N;N;N;N;N
71806;830;818;2012;complete;344;8;-1;24;;1;0;1;-1;-1;-1;-1;-1;1;0;0;0;-1;-1;-1;-1;-1;-1;-1;-1;-1;-1;1;0;0;0;0;0;0;0;0;0;0;0;0;0;0;0;0;0;0;0;0;0;0;0;0;0;0;0;0;0;0;0;0;0;0;0;0;0;0;0;0;0;0;0;0;0;0;0;0;0;0;0;0;0;0;0;0;0;0;0;0;0;0;0;0;0;0;0;0;0;1;1;0;0;0;0;1;2012-05-03 15:30:00;830;0;17;0;17;0;-1;1;-1;-1;-1;-1;-1;-1;0;0;1;0;0;1;-1;0;0;0;0;0;0;0;0;0;0;0;0;0;1;1;0;0;-1;-1;0;0;-1;-1;-1;-1;-1;-1;-1;-1;-1;0;17;29;42;75;0;29;75;42;0;0;3.17;1.63;Gomel;Belshina;1.73;0.47;2;1;2.33;1.14;100;84;71;59;25;0;0;0;0;0;0;249;30;Y;N;N;N;N;N;N
71807;824;827;2012;complete;344;8;-1;70;62;1;1;2;-1;-1;-1;-1;-1;0;2;0;0;-1;-1;-1;-1;-1;-1;-1;-1;-1;-1;0;2;0;0;0;0;0;0;0;0;0;0;0;0;0;0;0;0;0;0;0;0;0;0;0;0;0;0;0;0;0;0;0;0;0;0;0;0;0;0;0;0;0;0;0;0;0;0;0;0;0;0;0;0;0;0;0;0;0;0;0;0;0;0;0;0;0;0;0;0;2;0;0;1;1;2;0;2012-05-03 16:00:00;-1;0;33;0;33;0;-1;1;-1;-1;-1;-1;-1;-1;0;1;0;1;1;1;-1;0;0;0;0;0;0;0;0;0;0;0;0;0;1;1;0;0;-1;-1;0;0;-1;-1;-1;-1;-1;-1;-1;-1;-1;17;33;50;67;84;50;84;50;50;0;0;2.33;2.84;Shakhtyor;Neman Grodno;1.87;1.2;1;1.33;1.71;1;84;67;50;33;17;0;0;0;0;0;0;249;30;Y;Y;N;N;N;N;Y
71808;825;824;2012;complete;344;9;-1;31;2,8;1;2;3;-1;-1;-1;-1;-1;1;1;0;0;-1;-1;-1;-1;-1;-1;-1;-1;-1;-1;1;1;0;0;0;0;0;0;0;0;0;0;0;0;0;0;0;0;0;0;0;0;0;0;0;0;0;0;0;0;0;0;0;0;0;0;0;0;0;0;0;0;0;0;0;0;0;0;0;0;0;0;0;0;0;0;0;0;0;0;0;0;0;0;0;0;0;0;0;0;3;1;2;0;0;0;3;2012-05-07 14:00:00;824;0;29;17;13;0;-1;1;-1;-1;-1;-1;-1;-1;0;0;1;1;0;2;-1;0;0;0;0;0;0;0;0;0;0;0;0;0;1;1;0;2;-1;-1;0;0;-1;-1;-1;-1;-1;-1;-1;-1;-1;0;29;42;71;100;17;84;88;25;0;0;3.5;2.42;Dinamo Minsk;Shakhtyor;2;2.2;2;2.25;1.71;1.63;100;71;59;29;0;0;0;0;0;0;0;249;30;Y;Y;Y;N;N;N;Y
71809;818;815;2012;complete;344;9;-1;44,81,90;;3;0;3;-1;-1;-1;-1;-1;2;0;0;0;-1;-1;-1;-1;-1;-1;-1;-1;-1;-1;2;0;0;0;0;0;0;0;0;0;0;0;0;0;0;0;0;0;0;0;0;0;0;0;0;0;0;0;0;0;0;0;0;0;0;0;0;0;0;0;0;0;0;0;0;0;0;0;0;0;0;0;0;0;0;0;0;0;0;0;0;0;0;0;0;0;0;0;0;0;3;1;0;2;0;2;1;2012-05-07 15:00:00;818;0;29;29;0;0;-1;1;-1;-1;-1;-1;-1;-1;0;0;2;0;0;2;-1;0;0;0;0;0;0;0;0;0;0;0;0;0;1;1;0;0;-1;-1;0;0;-1;-1;-1;-1;-1;-1;-1;-1;-1;0;42;59;59;59;29;59;59;42;0;0;3.33;2.17;Belshina;Slavia;1.53;0.4;1.25;0.33;1;1;100;59;42;42;42;0;0;0;0;0;0;249;30;Y;Y;Y;N;N;N;N
71810;816;830;2012;complete;344;9;-1;;33;0;1;1;-1;-1;-1;-1;-1;1;1;0;0;-1;-1;-1;-1;-1;-1;-1;-1;-1;-1;1;1;0;0;0;0;0;0;0;0;0;0;0;0;0;0;0;0;0;0;0;0;0;0;0;0;0;0;0;0;0;0;0;0;0;0;0;0;0;0;0;0;0;0;0;0;0;0;0;0;0;0;0;0;0;0;0;0;0;0;0;0;0;0;0;0;0;0;0;0;1;0;1;0;0;0;1;2012-05-07 16:00:00;830;0;67;25;25;0;-1;1;-1;-1;-1;-1;-1;-1;1;1;0;0;2;0;-1;0;0;0;0;0;0;0;0;0;0;0;0;0;1;1;0;0;-1;-1;0;0;-1;-1;-1;-1;-1;-1;-1;-1;-1;0;0;67;84;100;25;84;100;42;0;0;6.67;2.5;Dinamo Brest;Gomel;1.33;1.6;1;3;1;2.43;100;100;34;17;0;0;0;0;0;0;0;249;30;Y;N;N;N;N;N;N
71811;87;819;2012;complete;344;9;-1;21,31,40;;3;0;3;-1;-1;-1;-1;-1;2;1;0;0;-1;-1;-1;-1;-1;-1;-1;-1;-1;-1;2;1;0;0;0;0;0;0;0;0;0;0;0;0;0;0;0;0;0;0;0;0;0;0;0;0;0;0;0;0;0;0;0;0;0;0;0;0;0;0;0;0;0;0;0;0;0;0;0;0;0;0;0;0;0;0;0;0;0;0;0;0;0;0;0;0;0;0;0;0;3;3;0;0;0;0;3;2012-05-07 16:00:00;87;0;29;0;29;0;-1;1;-1;-1;-1;-1;-1;-1;1;0;1;1;1;2;-1;0;0;0;0;0;0;0;0;0;0;0;0;0;1;1;0;0;-1;-1;0;0;-1;-1;-1;-1;-1;-1;-1;-1;-1;0;17;29;46;75;17;63;42;29;0;0;3.5;1.67;BATE;Naftan;2.33;0.73;3;1.25;2.57;1.14;100;84;71;54;25;0;0;0;0;0;0;249;30;Y;Y;Y;N;N;N;N
71812;827;820;2012;complete;344;9;-1;29;82;1;1;2;-1;-1;-1;-1;-1;2;2;0;0;-1;-1;-1;-1;-1;-1;-1;-1;-1;-1;2;2;0;0;0;0;0;0;0;0;0;0;0;0;0;0;0;0;0;0;0;0;0;0;0;0;0;0;0;0;0;0;0;0;0;0;0;0;0;0;0;0;0;0;0;0;0;0;0;0;0;0;0;0;0;0;0;0;0;0;0;0;0;0;0;0;0;0;0;0;2;1;0;0;1;1;1;2012-05-07 16:00:00;-1;0;33;33;0;0;-1;1;-1;-1;-1;-1;-1;-1;2;1;0;1;3;1;-1;0;0;0;0;0;0;0;0;0;0;0;0;0;1;1;0;0;-1;-1;0;0;-1;-1;-1;-1;-1;-1;-1;-1;-1;0;0;17;50;84;33;50;50;17;0;0;4.67;1.5;Neman Grodno;Torpedo BelAZ;1.53;0.53;0.67;1;1;0.57;100;100;84;50;17;0;0;0;0;0;0;249;30;Y;Y;N;N;N;N;Y
71813;830;87;2012;complete;344;10;-1;;38;0;1;1;-1;-1;-1;-1;-1;2;2;0;0;-1;-1;-1;-1;-1;-1;-1;-1;-1;-1;2;2;0;0;0;0;0;0;0;0;0;0;0;0;0;0;0;0;0;0;0;0;0;0;0;0;0;0;0;0;0;0;0;0;0;0;0;0;0;0;0;0;0;0;0;0;0;0;0;0;0;0;0;0;0;0;0;0;0;0;0;0;0;0;0;0;0;0;0;0;1;0;1;0;0;0;1;2012-05-12 14:00:00;87;0;0;0;0;0;-1;1;-1;-1;-1;-1;-1;-1;1;1;1;1;2;2;-1;0;0;0;0;0;0;0;0;0;0;0;0;0;1;1;0;0;-1;-1;0;0;-1;-1;-1;-1;-1;-1;-1;-1;-1;0;0;10;58;80;13;58;58;20;0;0;4.15;1.48;Gomel;BATE;1.73;2.2;2.2;2.25;2.5;2.63;100;100;90;43;20;0;0;0;0;0;0;249;30;Y;N;N;N;N;N;N
71814;819;827;2012;complete;344;10;-1;41,49;51;2;1;3;-1;-1;-1;-1;-1;0;2;0;0;-1;-1;-1;-1;-1;-1;-1;-1;-1;-1;0;2;0;0;0;0;0;0;0;0;0;0;0;0;0;0;0;0;0;0;0;0;0;0;0;0;0;0;0;0;0;0;0;0;0;0;0;0;0;0;0;0;0;0;0;0;0;0;0;0;0;0;0;0;0;0;0;0;0;0;0;0;0;0;0;0;0;0;0;0;3;1;0;1;1;2;1;2012-05-12 14:30:00;819;0;59;0;59;0;-1;1;-1;-1;-1;-1;-1;-1;0;1;0;1;1;1;-1;0;0;0;0;0;0;0;0;0;0;0;0;0;1;1;0;0;-1;-1;0;0;-1;-1;-1;-1;-1;-1;-1;-1;-1;0;29;46;71;88;25;59;75;59;0;0;3;2.34;Naftan;Neman Grodno;1.2;1.2;1;1.25;1;1;100;71;54;29;13;0;0;0;0;0;0;249;30;Y;Y;Y;N;N;N;Y
71815;820;825;2012;complete;344;10;-1;;;0;0;0;-1;-1;-1;-1;-1;0;2;0;0;-1;-1;-1;-1;-1;-1;-1;-1;-1;-1;0;2;0;0;0;0;0;0;0;0;0;0;0;0;0;0;0;0;0;0;0;0;0;0;0;0;0;0;0;0;0;0;0;0;0;0;0;0;0;0;0;0;0;0;0;0;0;0;0;0;0;0;0;0;0;0;0;0;0;0;0;0;0;0;0;0;0;0;0;0;0;0;0;0;0;0;0;2012-05-12 15:00:00;-1;0;13;0;0;0;-1;1;-1;-1;-1;-1;-1;-1;0;0;0;2;0;2;-1;0;0;0;0;0;0;0;0;0;0;0;0;0;1;1;0;0;-1;-1;0;0;-1;-1;-1;-1;-1;-1;-1;-1;-1;0;0;13;25;50;13;25;38;13;0;0;4.25;0.88;Torpedo BelAZ;Dinamo Minsk;1.07;1.73;0.25;1.5;0.63;1.5;100;100;88;75;50;0;0;0;0;0;0;249;30;N;N;N;N;N;N;N
71816;815;816;2012;complete;344;10;-1;8,26;22;2;1;3;-1;-1;-1;-1;-1;2;2;0;0;-1;-1;-1;-1;-1;-1;-1;-1;-1;-1;2;2;0;0;0;0;0;0;0;0;0;0;0;0;0;0;0;0;0;0;0;0;0;0;0;0;0;0;0;0;0;0;0;0;0;0;0;0;0;0;0;0;0;0;0;0;0;0;0;0;0;0;0;0;0;0;0;0;0;0;0;0;0;0;0;0;0;0;0;0;3;2;1;0;0;0;3;2012-05-12 15:00:00;815;0;50;25;25;0;-1;1;-1;-1;-1;-1;-1;-1;0;0;2;2;0;4;-1;0;0;0;0;0;0;0;0;0;0;0;0;0;1;1;1;0;-1;-1;0;0;-1;-1;-1;-1;-1;-1;-1;-1;-1;0;25;38;63;100;38;75;75;38;0;0;3.75;2.25;Slavia;Dinamo Brest;1.4;0.6;1.5;1;0.88;0.88;100;75;63;38;0;0;0;0;0;0;0;249;30;Y;Y;Y;N;N;N;Y
71817;821;818;2012;complete;344;10;-1;10,48,70;;3;0;3;-1;-1;-1;-1;-1;1;2;0;1;-1;-1;-1;-1;-1;-1;-1;-1;-1;-1;1;3;0;0;0;0;0;0;0;0;0;0;0;0;0;0;0;0;0;0;0;0;0;0;0;0;0;0;0;0;0;0;0;0;0;0;0;0;0;0;0;0;0;0;0;0;0;0;0;0;0;0;0;0;0;0;0;0;0;0;0;0;0;0;0;0;0;0;0;0;3;1;0;2;0;2;1;2012-05-12 15:00:00;821;0;38;25;13;0;-1;1;-1;-1;-1;-1;-1;-1;0;0;1;3;0;4;-1;0;0;0;0;0;0;0;0;0;0;0;0;0;1;1;1;0;-1;-1;0;0;-1;-1;-1;-1;-1;-1;-1;-1;-1;0;13;38;38;88;25;50;75;13;0;0;3.75;1.75;Minsk;Belshina;1.53;0.47;1;0.75;1.25;1.22;100;88;63;63;13;0;0;0;0;0;0;249;30;Y;Y;Y;N;N;N;N
71818;825;819;2012;complete;344;11;-1;19,49,80,90;54,85;4;2;6;-1;-1;-1;-1;-1;3;1;0;0;-1;-1;-1;-1;-1;-1;-1;-1;-1;-1;3;1;0;0;0;0;0;0;0;0;0;0;0;0;0;0;0;0;0;0;0;0;0;0;0;0;0;0;0;0;0;0;0;0;0;0;0;0;0;0;0;0;0;0;0;0;0;0;0;0;0;0;0;0;0;0;0;0;0;0;0;0;0;0;0;0;0;0;0;0;6;1;0;3;2;5;1;2012-05-16 15:30:00;825;0;35;25;10;0;-1;1;-1;-1;-1;-1;-1;-1;2;0;1;1;2;2;-1;0;0;0;0;0;0;0;0;0;0;0;0;0;1;1;0;0;-1;-1;0;0;-1;-1;-1;-1;-1;-1;-1;-1;-1;0;13;45;58;80;35;58;58;10;0;0;3.95;1.95;Dinamo Minsk;Naftan;2;0.73;1.5;1;1.44;1.22;100;88;55;43;20;0;0;0;0;0;0;249;30;Y;Y;Y;Y;Y;Y;Y
71819;816;821;2012;complete;344;11;-1;;30;0;1;1;-1;-1;-1;-1;-1;3;1;0;0;-1;-1;-1;-1;-1;-1;-1;-1;-1;-1;3;1;0;0;0;0;0;0;0;0;0;0;0;0;0;0;0;0;0;0;0;0;0;0;0;0;0;0;0;0;0;0;0;0;0;0;0;0;0;0;0;0;0;0;0;0;0;0;0;0;0;0;0;0;0;0;0;0;0;0;0;0;0;0;0;0;0;0;0;0;1;0;1;0;0;0;1;2012-05-16 16:00:00;821;0;25;0;13;0;-1;1;-1;-1;-1;-1;-1;-1;1;0;2;1;1;3;-1;0;0;0;0;0;0;0;0;0;0;0;0;0;1;1;0;0;-1;-1;0;0;-1;-1;-1;-1;-1;-1;-1;-1;-1;13;25;38;50;100;13;75;75;38;0;0;5.75;2.5;Dinamo Brest;Minsk;1.33;1.07;0.75;1.5;0.78;1.44;88;75;63;50;0;0;0;0;0;0;0;249;30;Y;N;N;N;N;N;N
71820;827;830;2012;complete;344;11;-1;;5,12,80;0;3;3;-1;-1;-1;-1;-1;1;1;0;0;-1;-1;-1;-1;-1;-1;-1;-1;-1;-1;1;1;0;0;0;0;0;0;0;0;0;0;0;0;0;0;0;0;0;0;0;0;0;0;0;0;0;0;0;0;0;0;0;0;0;0;0;0;0;0;0;0;0;0;0;0;0;0;0;0;0;0;0;0;0;0;0;0;0;0;0;0;0;0;0;0;0;0;0;0;3;0;2;0;1;1;2;2012-05-18 15:00:00;830;0;59;29;17;0;-1;1;-1;-1;-1;-1;-1;-1;1;0;0;1;1;1;-1;0;0;0;0;0;0;0;0;0;0;0;0;0;1;1;0;1;-1;-1;0;0;-1;-1;-1;-1;-1;-1;-1;-1;-1;0;0;34;59;88;29;88;46;17;0;0;4.33;1.79;Neman Grodno;Gomel;1.53;1.6;0.75;3;0.89;2.22;100;100;67;42;13;0;0;0;0;0;0;249;30;Y;Y;Y;N;N;N;N
71821;87;815;2012;complete;344;11;-1;31,35;47;2;1;3;-1;-1;-1;-1;-1;1;1;0;0;-1;-1;-1;-1;-1;-1;-1;-1;-1;-1;1;1;0;0;0;0;0;0;0;0;0;0;0;0;0;0;0;0;0;0;0;0;0;0;0;0;0;0;0;0;0;0;0;0;0;0;0;0;0;0;0;0;0;0;0;0;0;0;0;0;0;0;0;0;0;0;0;0;0;0;0;0;0;0;0;0;0;0;0;0;3;2;0;0;1;1;2;2012-05-18 16:00:00;87;0;25;13;13;0;-1;1;-1;-1;-1;-1;-1;-1;1;1;0;0;2;0;-1;0;0;0;0;0;0;0;0;0;0;0;0;0;1;1;0;0;-1;-1;1;0;-1;-1;-1;-1;-1;-1;-1;-1;-1;0;25;63;75;88;38;88;50;38;0;0;3;2.5;BATE;Slavia;2.33;0.4;3;0.25;2.67;1.11;100;75;38;25;13;0;0;0;0;0;0;249;30;Y;Y;Y;N;N;N;Y
71822;824;820;2012;complete;344;11;-1;28;;1;0;1;-1;-1;-1;-1;-1;0;3;0;0;-1;-1;-1;-1;-1;-1;-1;-1;-1;-1;0;3;0;0;0;0;0;0;0;0;0;0;0;0;0;0;0;0;0;0;0;0;0;0;0;0;0;0;0;0;0;0;0;0;0;0;0;0;0;0;0;0;0;0;0;0;0;0;0;0;0;0;0;0;0;0;0;0;0;0;0;0;0;0;0;0;0;0;0;0;1;1;0;0;0;0;1;2012-05-18 17:00:00;824;0;50;13;25;0;-1;1;-1;-1;-1;-1;-1;-1;0;1;0;2;1;2;-1;0;0;0;0;0;0;0;0;0;0;0;0;0;1;1;0;0;-1;-1;0;0;-1;-1;-1;-1;-1;-1;-1;-1;-1;13;13;38;75;100;25;63;88;50;0;0;2.75;2.63;Shakhtyor;Torpedo BelAZ;1.87;0.53;1;1;1.78;0.67;88;88;63;25;0;0;0;0;0;0;0;249;30;Y;N;N;N;N;N;N
71823;827;815;2012;complete;344;12;-1;9,22,37,39,41,43,56,79;;8;0;8;-1;-1;-1;-1;-1;1;2;1;1;-1;-1;-1;-1;-1;-1;-1;-1;-1;-1;3;4;0;0;0;0;0;0;0;0;0;0;0;0;0;0;0;0;0;0;0;0;0;0;0;0;0;0;0;0;0;0;0;0;0;0;0;0;0;0;0;0;0;0;0;0;0;0;0;0;0;0;0;0;0;0;0;0;0;0;0;0;0;0;0;0;0;0;0;0;8;6;0;2;0;2;6;2012-05-24 16:00:00;827;0;40;20;0;0;-1;1;-1;-1;-1;-1;-1;-1;1;0;1;3;1;4;-1;0;0;0;0;0;0;0;0;0;0;0;0;0;1;1;1;0;-1;-1;1;0;-1;-1;-1;-1;-1;-1;-1;-1;-1;0;10;50;70;80;40;80;60;20;0;0;3.4;2.1;Neman Grodno;Slavia;1.53;0.4;0.6;0.2;0.8;1;100;90;50;30;20;0;0;0;0;0;0;249;30;Y;Y;Y;Y;Y;Y;N
71824;87;821;2012;complete;344;12;-1;10,20;;2;0;2;-1;-1;-1;-1;-1;0;1;0;0;-1;-1;-1;-1;-1;-1;-1;-1;-1;-1;0;1;0;0;0;0;0;0;0;0;0;0;0;0;0;0;0;0;0;0;0;0;0;0;0;0;0;0;0;0;0;0;0;0;0;0;0;0;0;0;0;0;0;0;0;0;0;0;0;0;0;0;0;0;0;0;0;0;0;0;0;0;0;0;0;0;0;0;0;0;2;2;0;0;0;0;2;2012-05-24 16:00:00;87;0;30;0;20;0;-1;1;-1;-1;-1;-1;-1;-1;0;1;0;0;1;0;-1;0;0;0;0;0;0;0;0;0;0;0;0;0;1;1;1;0;-1;-1;0;0;-1;-1;-1;-1;-1;-1;-1;-1;-1;10;30;50;60;100;40;90;50;30;0;0;3.6;2.7;BATE;Minsk;2.33;1.07;3;1.8;2.7;1.6;90;70;50;40;0;0;0;0;0;0;0;249;30;Y;Y;N;N;N;N;N
71825;824;819;2012;complete;344;12;-1;;;0;0;0;-1;-1;-1;-1;-1;1;2;0;0;-1;-1;-1;-1;-1;-1;-1;-1;-1;-1;1;2;0;0;0;0;0;0;0;0;0;0;0;0;0;0;0;0;0;0;0;0;0;0;0;0;0;0;0;0;0;0;0;0;0;0;0;0;0;0;0;0;0;0;0;0;0;0;0;0;0;0;0;0;0;0;0;0;0;0;0;0;0;0;0;0;0;0;0;0;0;0;0;0;0;0;0;2012-05-24 17:00:00;-1;0;37;0;37;0;-1;1;-1;-1;-1;-1;-1;-1;0;1;1;1;1;2;-1;0;0;0;0;0;0;0;0;0;0;0;0;0;1;1;0;0;-1;-1;0;1;-1;-1;-1;-1;-1;-1;-1;-1;-1;19;19;45;55;84;19;65;55;47;0;0;2.2;2.49;Shakhtyor;Naftan;1.87;0.73;1.4;0.83;1.9;1.1;82;82;55;45;17;0;0;0;0;0;0;249;30;N;N;N;N;N;N;N
71826;818;87;2012;complete;344;13;-1;;26;0;1;1;-1;-1;-1;-1;-1;0;1;0;0;-1;-1;-1;-1;-1;-1;-1;-1;-1;-1;0;1;0;0;0;0;0;0;0;0;0;0;0;0;0;0;0;0;0;0;0;0;0;0;0;0;0;0;0;0;0;0;0;0;0;0;0;0;0;0;0;0;0;0;0;0;0;0;0;0;0;0;0;0;0;0;0;0;0;0;0;0;0;0;0;0;0;0;0;0;1;0;1;0;0;0;1;2012-06-11 15:00:00;87;0;10;10;0;0;-1;1;-1;-1;-1;-1;-1;-1;0;0;0;1;0;1;-1;0;0;0;0;0;0;0;0;0;0;0;0;0;1;1;0;0;-1;-1;0;0;-1;-1;-1;-1;-1;-1;-1;-1;-1;0;20;30;60;80;20;70;60;30;0;0;3.8;1.9;Belshina;BATE;1.53;2.2;1.6;2.4;1.1;2.73;100;80;70;40;20;0;0;0;0;0;0;249;30;Y;N;N;N;N;N;N
71827;815;825;2012;complete;344;13;-1;;20,22;0;2;2;-1;-1;-1;-1;-1;-1;-1;-1;-1;-1;-1;-1;-1;-1;-1;-1;-1;-1;-1;-1;-1;0;0;0;0;0;0;0;0;0;0;0;0;0;0;0;0;0;0;0;0;0;0;0;0;0;0;0;0;0;0;0;0;0;0;0;0;0;0;0;0;0;0;0;0;0;0;0;0;0;0;0;0;0;0;0;0;0;0;0;0;0;0;0;0;0;0;0;0;2;0;2;0;0;0;2;2012-06-11 15:00:00;825;0;40;10;20;0;-1;-1;-1;-1;-1;-1;-1;-1;-1;-1;-1;-1;-1;-1;-1;0;0;0;0;0;0;0;0;0;0;0;0;0;1;1;0;0;-1;-1;-1;-1;-1;-1;-1;-1;-1;-1;-1;-1;-1;0;10;40;50;60;20;50;50;30;0;0;4.8;1.6;Slavia;Dinamo Minsk;1.4;1.73;1.8;1.4;0.91;1.6;100;90;60;50;40;0;0;0;0;0;0;249;30;Y;Y;N;N;N;N;N
71828;819;820;2012;complete;344;13;-1;;;0;0;0;-1;-1;-1;-1;-1;3;0;0;0;-1;-1;-1;-1;-1;-1;-1;-1;-1;-1;3;0;0;0;0;0;0;0;0;0;0;0;0;0;0;0;0;0;0;0;0;0;0;0;0;0;0;0;0;0;0;0;0;0;0;0;0;0;0;0;0;0;0;0;0;0;0;0;0;0;0;0;0;0;0;0;0;0;0;0;0;0;0;0;0;0;0;0;0;0;0;0;0;0;0;0;0;2012-06-11 15:00:00;-1;0;58;10;38;0;-1;1;-1;-1;-1;-1;-1;-1;2;0;1;0;2;1;-1;0;0;0;0;0;0;0;0;0;0;0;0;0;1;1;0;0;-1;-1;0;0;-1;-1;-1;-1;-1;-1;-1;-1;-1;0;13;48;68;100;10;68;90;48;0;0;3.35;2.28;Naftan;Torpedo BelAZ;1.2;0.53;1.5;0.8;1.09;0.6;100;88;53;33;0;0;0;0;0;0;0;249;30;N;N;N;N;N;N;N
71829;821;827;2012;complete;344;13;-1;7,44,48,73;12,85,87,89;4;4;8;-1;-1;-1;-1;-1;2;0;0;0;-1;-1;-1;-1;-1;-1;-1;-1;-1;-1;2;0;0;0;0;0;0;0;0;0;0;0;0;0;0;0;0;0;0;0;0;0;0;0;0;0;0;0;0;0;0;0;0;0;0;0;0;0;0;0;0;0;0;0;0;0;0;0;0;0;0;0;0;0;0;0;0;0;0;0;0;0;0;0;0;0;0;0;0;0;8;2;1;2;3;5;3;2012-06-11 15:30:00;-1;0;50;20;30;0;-1;1;-1;-1;-1;-1;-1;-1;1;0;1;0;1;1;-1;0;0;0;0;0;0;0;0;1;0;1;0;0;1;1;1;0;-1;-1;0;0;-1;-1;-1;-1;-1;-1;-1;-1;-1;0;10;50;70;80;40;60;70;40;0;0;4.2;2.1;Minsk;Neman Grodno;1.53;1.2;1.4;1;1.45;1;100;90;50;30;20;0;0;0;0;0;0;249;30;Y;Y;Y;Y;Y;Y;Y
71830;830;824;2012;complete;344;13;-1;9;90;1;1;2;-1;-1;-1;-1;-1;1;2;0;0;-1;-1;-1;-1;-1;-1;-1;-1;-1;-1;1;2;0;0;0;0;0;0;0;0;0;0;0;0;0;0;0;0;0;0;0;0;0;0;0;0;0;0;0;0;0;0;0;0;0;0;0;0;0;0;0;0;0;0;0;0;0;0;0;0;0;0;0;0;0;0;0;0;0;0;0;0;0;0;0;0;0;0;0;0;2;1;0;0;1;1;1;2012-06-11 16:00:00;-1;0;20;10;10;0;-1;1;-1;-1;-1;-1;-1;-1;0;1;1;1;1;2;-1;0;0;0;0;0;0;0;0;0;0;0;0;0;1;1;1;0;-1;-1;0;0;-1;-1;-1;-1;-1;-1;-1;-1;-1;0;10;39;57;84;10;75;47;37;0;0;2.9;1.89;Gomel;Shakhtyor;1.73;2.2;1.83;2.4;2.3;1.82;100;90;62;44;17;0;0;0;0;0;0;249;30;Y;Y;N;N;N;N;Y
71831;820;830;2012;complete;344;14;-1;34;;1;0;1;-1;-1;-1;-1;-1;2;3;0;0;-1;-1;-1;-1;-1;-1;-1;-1;-1;-1;2;3;0;0;0;0;0;0;0;0;0;0;0;0;0;0;0;0;0;0;0;0;0;0;0;0;0;0;0;0;0;0;0;0;0;0;0;0;0;0;0;0;0;0;0;0;0;0;0;0;0;0;0;0;0;0;0;0;0;0;0;0;0;0;0;0;0;0;0;0;1;1;0;0;0;0;1;2012-06-15 14:00:00;820;0;25;13;13;0;-1;1;-1;-1;-1;-1;-1;-1;0;2;2;1;2;3;-1;0;0;0;0;0;0;0;0;0;0;0;0;0;1;1;0;0;-1;-1;0;0;-1;-1;-1;-1;-1;-1;-1;-1;-1;0;0;38;48;80;35;60;58;13;0;0;3.6;1.65;Torpedo BelAZ;Gomel;1.07;1.6;0.4;3;0.64;2.18;100;100;63;53;20;0;0;0;0;0;0;249;30;Y;N;N;N;N;N;N
71832;825;821;2012;complete;344;14;-1;12;;1;0;1;-1;-1;-1;-1;-1;4;6;0;1;-1;-1;-1;-1;-1;-1;-1;-1;-1;-1;4;7;0;0;0;0;0;0;0;0;0;0;0;0;0;0;0;0;0;0;0;0;0;0;0;0;0;0;0;0;0;0;0;0;0;0;0;0;0;0;0;0;0;0;0;0;0;0;0;0;0;0;0;0;0;0;0;0;0;0;0;0;0;0;0;0;0;0;0;0;1;1;0;0;0;0;1;2012-06-15 16:00:00;825;0;39;20;19;0;-1;1;-1;-1;-1;-1;-1;-1;1;4;3;3;5;6;-1;0;0;0;0;0;0;0;0;0;0;0;0;0;1;1;0;0;-1;-1;0;0;-1;-1;-1;-1;-1;-1;-1;-1;-1;19;37;47;65;100;37;82;65;27;0;0;4.17;2.94;Dinamo Minsk;Minsk;2;1.07;1.8;1.5;1.73;1.42;82;64;54;35;0;0;0;0;0;0;0;249;30;Y;N;N;N;N;N;N
71833;827;818;2012;complete;344;14;-1;71;;1;0;1;-1;-1;-1;-1;-1;1;1;0;0;-1;-1;-1;-1;-1;-1;-1;-1;-1;-1;1;1;0;0;0;0;0;0;0;0;0;0;0;0;0;0;0;0;0;0;0;0;0;0;0;0;0;0;0;0;0;0;0;0;0;0;0;0;0;0;0;0;0;0;0;0;0;0;0;0;0;0;0;0;0;0;0;0;0;0;0;0;0;0;0;0;0;0;0;0;1;0;0;1;0;1;0;2012-06-15 16:00:00;827;0;27;9;10;0;-1;1;-1;-1;-1;-1;-1;-1;0;0;1;1;0;2;-1;0;0;0;0;0;0;0;0;0;0;0;0;0;1;1;0;0;-1;-1;0;0;-1;-1;-1;-1;-1;-1;-1;-1;-1;9;19;37;54;92;25;72;65;29;0;0;3.6;2.34;Neman Grodno;Belshina;1.53;0.47;1;0.6;1;1;92;82;64;47;9;0;0;0;0;0;0;249;30;Y;N;N;N;N;N;N
71834;87;816;2012;complete;344;14;-1;;90;0;1;1;-1;-1;-1;-1;-1;1;0;1;0;-1;-1;-1;-1;-1;-1;-1;-1;-1;-1;2;0;0;0;0;0;0;0;0;0;0;0;0;0;0;0;0;0;0;0;0;0;0;0;0;0;0;0;0;0;0;0;0;0;0;0;0;0;0;0;0;0;0;0;0;0;0;0;0;0;0;0;0;0;0;0;0;0;0;0;0;0;0;0;0;0;0;0;0;0;1;0;0;0;1;1;0;2012-06-15 16:00:00;816;0;47;30;9;0;-1;1;-1;-1;-1;-1;-1;-1;0;0;2;0;0;2;-1;0;0;0;0;0;0;0;0;0;0;0;0;0;1;1;0;0;-1;-1;0;0;-1;-1;-1;-1;-1;-1;-1;-1;-1;0;19;45;72;100;64;90;37;19;0;0;2.2;2.35;BATE;Dinamo Brest;2.33;0.6;3;0.8;2.75;0.7;100;82;55;29;0;0;0;0;0;0;0;249;30;Y;N;N;N;N;N;N
71835;824;815;2012;complete;344;14;-1;5,56,69,70,90;;5;0;5;-1;-1;-1;-1;-1;1;0;0;0;-1;-1;-1;-1;-1;-1;-1;-1;-1;-1;1;0;0;0;0;0;0;0;0;0;0;0;0;0;0;0;0;0;0;0;0;0;0;0;0;0;0;0;0;0;0;0;0;0;0;0;0;0;0;0;0;0;0;0;0;0;0;0;0;0;0;0;0;0;0;0;0;0;0;0;0;0;0;0;0;0;0;0;0;0;5;1;0;4;0;4;1;2012-06-16 14:00:00;824;0;33;9;17;0;-1;1;-1;-1;-1;-1;-1;-1;1;0;0;0;1;0;-1;0;0;0;0;0;0;0;0;0;0;0;0;0;1;1;1;0;-1;-1;0;0;-1;-1;-1;-1;-1;-1;-1;-1;-1;17;25;58;67;83;34;75;67;50;0;0;2.33;2.92;Shakhtyor;Slavia;1.87;0.4;1.33;0.17;1.75;0.83;83;75;42;34;17;0;0;0;0;0;0;249;30;Y;Y;Y;Y;Y;N;N
71836;825;830;2012;complete;344;12;-1;;39;0;1;1;-1;-1;-1;-1;-1;2;1;0;0;-1;-1;-1;-1;-1;-1;-1;-1;-1;-1;2;1;0;0;0;0;0;0;0;0;0;0;0;0;0;0;0;0;0;0;0;0;0;0;0;0;0;0;0;0;0;0;0;0;0;0;0;0;0;0;0;0;0;0;0;0;0;0;0;0;0;0;0;0;0;0;0;0;0;0;0;0;0;0;0;0;0;0;0;0;1;0;1;0;0;0;1;2012-06-19 16:00:00;830;0;45;27;19;0;-1;1;-1;-1;-1;-1;-1;-1;0;0;2;1;0;3;-1;0;0;0;0;0;0;0;0;0;0;0;0;0;1;1;0;0;-1;-1;0;0;-1;-1;-1;-1;-1;-1;-1;-1;-1;9;17;55;64;100;37;92;64;19;0;0;4.53;2.52;Dinamo Minsk;Gomel;2;1.6;2;2.4;1.83;2;92;84;45;37;0;0;0;0;0;0;0;249;30;Y;N;N;N;N;N;N
71837;816;818;2012;complete;344;12;-1;25;6;1;1;2;-1;-1;-1;-1;-1;3;4;0;0;-1;-1;-1;-1;-1;-1;-1;-1;-1;-1;3;4;0;0;0;0;0;0;0;0;0;0;0;0;0;0;0;0;0;0;0;0;0;0;0;0;0;0;0;0;0;0;0;0;0;0;0;0;0;0;0;0;0;0;0;0;0;0;0;0;0;0;0;0;0;0;0;0;0;0;0;0;0;0;0;0;0;0;0;0;2;1;1;0;0;0;2;2012-06-19 16:00:00;-1;0;19;0;9;0;-1;1;-1;-1;-1;-1;-1;-1;0;0;3;4;0;7;-1;0;0;0;0;0;0;0;0;0;0;0;0;0;1;1;0;1;-1;-1;0;0;-1;-1;-1;-1;-1;-1;-1;-1;-1;0;9;27;37;100;0;65;72;27;0;0;4.5;1.72;Dinamo Brest;Belshina;1.33;0.47;0.6;0.5;0.91;0.92;100;92;74;64;0;0;0;0;0;0;0;249;30;Y;Y;N;N;N;N;Y
71838;821;824;2012;complete;344;15;-1;;9,12;0;2;2;-1;-1;-1;-1;-1;1;2;1;0;-1;-1;-1;-1;-1;-1;-1;-1;-1;-1;3;2;0;0;0;0;0;0;0;0;0;0;0;0;0;0;0;0;0;0;0;0;0;0;0;0;0;0;0;0;0;0;0;0;0;0;0;0;0;0;0;0;0;0;0;0;0;0;0;0;0;0;0;0;0;0;0;0;0;0;0;0;0;0;0;0;0;0;0;0;2;0;2;0;0;0;2;2012-06-23 14:00:00;824;0;50;34;17;0;-1;1;-1;-1;-1;-1;-1;-1;0;1;2;1;1;3;-1;0;0;0;0;0;0;0;0;0;0;0;0;0;1;1;0;1;-1;-1;0;0;-1;-1;-1;-1;-1;-1;-1;-1;-1;9;17;59;75;92;34;84;75;33;0;0;3.67;2.75;Minsk;Shakhtyor;1.53;2.2;1.33;2.17;1.31;1.85;92;83;42;25;9;0;0;0;0;0;0;249;30;Y;Y;N;N;N;N;N
71839;818;825;2012;complete;344;15;-1;28;;1;0;1;-1;-1;-1;-1;-1;1;2;0;0;-1;-1;-1;-1;-1;-1;-1;-1;-1;-1;1;2;0;0;0;0;0;0;0;0;0;0;0;0;0;0;0;0;0;0;0;0;0;0;0;0;0;0;0;0;0;0;0;0;0;0;0;0;0;0;0;0;0;0;0;0;0;0;0;0;0;0;0;0;0;0;0;0;0;0;0;0;0;0;0;0;0;0;0;0;1;1;0;0;0;0;1;2012-06-23 15:00:00;818;0;17;9;0;0;-1;1;-1;-1;-1;-1;-1;-1;0;0;1;2;0;3;-1;0;0;0;0;0;0;0;0;0;0;0;0;0;1;1;0;0;-1;-1;0;0;-1;-1;-1;-1;-1;-1;-1;-1;-1;0;17;34;42;50;17;50;34;34;0;0;3.2;1.42;Belshina;Dinamo Minsk;1.53;1.73;1.33;1.67;0.92;1.69;100;84;67;59;50;0;0;0;0;0;0;249;30;Y;N;N;N;N;N;N
71840;815;820;2012;complete;344;15;-1;39;;1;0;1;-1;-1;-1;-1;-1;1;2;0;2;-1;-1;-1;-1;-1;-1;-1;-1;-1;-1;1;6;0;0;0;0;0;0;0;0;0;0;0;0;0;0;0;0;0;0;0;0;0;0;0;0;0;0;0;0;0;0;0;0;0;0;0;0;0;0;0;0;0;0;0;0;0;0;0;0;0;0;0;0;0;0;0;0;0;0;0;0;0;0;0;0;0;0;0;0;1;1;0;0;0;0;1;2012-06-23 15:00:00;815;0;42;17;17;0;-1;1;-1;-1;-1;-1;-1;-1;0;3;1;1;3;2;-1;0;0;0;0;0;0;0;1;0;1;0;0;0;1;1;0;0;-1;-1;0;0;-1;-1;-1;-1;-1;-1;-1;-1;-1;0;9;34;67;92;34;67;67;25;0;0;4.77;2;Slavia;Torpedo BelAZ;1.4;0.53;1.5;0.83;0.77;0.83;100;92;67;34;9;0;0;0;0;0;0;249;30;Y;N;N;N;N;N;N
71841;819;830;2012;complete;344;15;-1;;17;0;1;1;-1;-1;-1;-1;-1;3;1;0;0;-1;-1;-1;-1;-1;-1;-1;-1;-1;-1;3;1;0;0;0;0;0;0;0;0;0;0;0;0;0;0;0;0;0;0;0;0;0;0;0;0;0;0;0;0;0;0;0;0;0;0;0;0;0;0;0;0;0;0;0;0;0;0;0;0;0;0;0;0;0;0;0;0;0;0;0;0;0;0;0;0;0;0;0;0;1;0;1;0;0;0;1;2012-06-23 15:00:00;830;0;47;9;39;0;-1;1;-1;-1;-1;-1;-1;-1;2;1;1;0;3;1;-1;0;0;0;0;0;0;0;0;0;0;0;0;0;1;1;0;0;-1;-1;0;0;-1;-1;-1;-1;-1;-1;-1;-1;-1;0;10;55;55;90;17;80;65;39;0;0;3.2;2.1;Naftan;Gomel;1.2;1.6;1.4;2.5;1.08;2.08;100;90;45;45;10;0;0;0;0;0;0;249;30;Y;N;N;N;N;N;N
71842;816;827;2012;complete;344;15;-1;18;71;1;1;2;-1;-1;-1;-1;-1;0;2;0;0;-1;-1;-1;-1;-1;-1;-1;-1;-1;-1;0;2;0;0;0;0;0;0;0;0;0;0;0;0;0;0;0;0;0;0;0;0;0;0;0;0;0;0;0;0;0;0;0;0;0;0;0;0;0;0;0;0;0;0;0;0;0;0;0;0;0;0;0;0;0;0;0;0;0;0;0;0;0;0;0;0;0;0;0;0;2;1;0;0;1;1;1;2012-06-23 16:00:00;-1;0;50;17;34;0;-1;1;-1;-1;-1;-1;-1;-1;0;0;0;2;0;2;-1;0;0;0;0;0;0;0;0;0;0;0;0;0;1;1;0;0;-1;-1;0;0;-1;-1;-1;-1;-1;-1;-1;-1;-1;9;17;34;67;92;34;75;59;42;0;0;4.67;2.42;Dinamo Brest;Neman Grodno;1.33;1.2;0.67;1;0.92;1.15;92;84;67;34;9;0;0;0;0;0;0;249;30;Y;Y;N;N;N;N;Y
71843;819;815;2012;complete;344;16;-1;;;0;0;0;-1;-1;-1;-1;-1;2;2;0;0;-1;-1;-1;-1;-1;-1;-1;-1;-1;-1;2;2;0;0;0;0;0;0;0;0;0;0;0;0;0;0;0;0;0;0;0;0;0;0;0;0;0;0;0;0;0;0;0;0;0;0;0;0;0;0;0;0;0;0;0;0;0;0;0;0;0;0;0;0;0;0;0;0;0;0;0;0;0;0;0;0;0;0;0;0;0;0;0;0;0;0;0;2012-06-27 15:00:00;-1;0;40;7;25;0;-1;1;-1;-1;-1;-1;-1;-1;0;1;2;1;1;3;-1;0;0;0;0;0;0;0;0;0;0;0;0;0;1;1;0;0;-1;-1;0;0;-1;-1;-1;-1;-1;-1;-1;-1;-1;15;30;68;68;85;22;77;77;54;0;0;3.21;2.86;Naftan;Slavia;1.2;0.4;1.17;0.14;1;0.93;86;70;32;32;16;0;0;0;0;0;0;249;30;N;N;N;N;N;N;N
71844;820;821;2012;complete;344;16;-1;26,73;40;2;1;3;-1;-1;-1;-1;-1;3;3;0;0;-1;-1;-1;-1;-1;-1;-1;-1;-1;-1;3;3;0;0;0;0;0;0;0;0;0;0;0;0;0;0;0;0;0;0;0;0;0;0;0;0;0;0;0;0;0;0;0;0;0;0;0;0;0;0;0;0;0;0;0;0;0;0;0;0;0;0;0;0;0;0;0;0;0;0;0;0;0;0;0;0;0;0;0;0;3;1;1;1;0;1;2;2012-06-27 15:00:00;820;0;7;0;7;0;-1;1;-1;-1;-1;-1;-1;-1;0;1;3;2;1;5;-1;0;0;0;0;0;0;0;0;0;0;0;0;0;1;1;0;0;-1;-1;0;0;-1;-1;-1;-1;-1;-1;-1;-1;-1;7;15;15;30;84;23;60;38;15;0;0;4.53;1.63;Torpedo BelAZ;Minsk;1.07;1.07;0.83;1.29;0.77;1.21;93;86;86;70;17;0;0;0;0;0;0;249;30;Y;Y;Y;N;N;N;Y
71845;824;818;2012;complete;344;16;-1;40,90;8;2;1;3;-1;-1;-1;-1;-1;2;2;0;0;-1;-1;-1;-1;-1;-1;-1;-1;-1;-1;2;2;0;0;0;0;0;0;0;0;0;0;0;0;0;0;0;0;0;0;0;0;0;0;0;0;0;0;0;0;0;0;0;0;0;0;0;0;0;0;0;0;0;0;0;0;0;0;0;0;0;0;0;0;0;0;0;0;0;0;0;0;0;0;0;0;0;0;0;0;3;1;1;1;0;1;2;2012-06-27 16:00:00;824;0;29;7;22;0;-1;1;-1;-1;-1;-1;-1;-1;0;1;2;1;1;3;-1;0;0;0;0;0;0;0;0;0;0;0;0;0;1;1;0;1;-1;-1;0;0;-1;-1;-1;-1;-1;-1;-1;-1;-1;15;22;36;50;93;14;64;64;43;0;0;2.29;2.29;Shakhtyor;Belshina;1.87;0.47;1.57;0.57;1.93;1.07;86;79;64;50;7;0;0;0;0;0;0;249;30;Y;Y;Y;N;N;N;Y
71846;825;816;2012;complete;344;16;-1;68;;1;0;1;-1;-1;-1;-1;-1;0;3;0;0;-1;-1;-1;-1;-1;-1;-1;-1;-1;-1;0;3;0;0;0;0;0;0;0;0;0;0;0;0;0;0;0;0;0;0;0;0;0;0;0;0;0;0;0;0;0;0;0;0;0;0;0;0;0;0;0;0;0;0;0;0;0;0;0;0;0;0;0;0;0;0;0;0;0;0;0;0;0;0;0;0;0;0;0;0;1;0;0;1;0;1;0;2012-06-27 16:00:00;825;0;47;40;7;0;-1;1;-1;-1;-1;-1;-1;-1;0;0;0;3;0;3;-1;0;0;0;0;0;0;0;0;0;0;0;0;0;1;1;0;0;-1;-1;0;0;-1;-1;-1;-1;-1;-1;-1;-1;-1;7;23;38;54;100;40;77;54;16;0;0;3.29;2.29;Dinamo Minsk;Dinamo Brest;2;0.6;1.71;1.17;1.57;0.92;93;77;62;47;0;0;0;0;0;0;0;249;30;Y;N;N;N;N;N;N
71847;827;87;2012;complete;344;16;-1;90;67,83;1;2;3;-1;-1;-1;-1;-1;1;1;0;0;-1;-1;-1;-1;-1;-1;-1;-1;-1;-1;1;1;0;0;0;0;0;0;0;0;0;0;0;0;0;0;0;0;0;0;0;0;0;0;0;0;0;0;0;0;0;0;0;0;0;0;0;0;0;0;0;0;0;0;0;0;0;0;0;0;0;0;0;0;0;0;0;0;0;0;0;0;0;0;0;0;0;0;0;0;3;0;0;1;2;3;0;2012-06-27 16:00:00;87;0;15;7;0;0;-1;1;-1;-1;-1;-1;-1;-1;0;0;1;1;0;2;-1;0;0;0;0;0;0;0;0;0;0;0;0;0;1;1;0;0;-1;-1;0;0;-1;-1;-1;-1;-1;-1;-1;-1;-1;7;7;15;54;93;30;77;54;7;0;0;4.19;1.97;Neman Grodno;BATE;1.53;2.2;1.29;2.5;1.14;2.54;93;93;86;47;7;0;0;0;0;0;0;249;30;Y;Y;Y;N;N;N;Y
71848;821;819;2012;complete;344;17;-1;40;;1;0;1;-1;-1;-1;-1;-1;2;0;0;0;-1;-1;-1;-1;-1;-1;-1;-1;-1;-1;2;0;0;0;0;0;0;0;0;0;0;0;0;0;0;0;0;0;0;0;0;0;0;0;0;0;0;0;0;0;0;0;0;0;0;0;0;0;0;0;0;0;0;0;0;0;0;0;0;0;0;0;0;0;0;0;0;0;0;0;0;0;0;0;0;0;0;0;0;0;1;1;0;0;0;0;1;2012-07-01 14:30:00;821;0;36;22;22;0;-1;1;-1;-1;-1;-1;-1;-1;0;0;2;0;0;2;-1;0;0;0;0;0;0;0;0;0;0;0;0;0;1;1;0;0;-1;-1;0;0;-1;-1;-1;-1;-1;-1;-1;-1;-1;14;14;50;57;72;36;57;57;29;0;0;4.29;2.36;Minsk;Naftan;1.53;0.73;1.14;0.86;1.13;1;86;86;50;43;29;0;0;0;0;0;0;249;30;Y;N;N;N;N;N;N
71849;87;825;2012;complete;344;17;-1;44;32,66,74;1;3;4;-1;-1;-1;-1;-1;1;4;0;0;-1;-1;-1;-1;-1;-1;-1;-1;-1;-1;1;4;0;0;0;0;0;0;0;0;0;0;0;0;0;0;0;0;0;0;0;0;0;0;0;0;0;0;0;0;0;0;0;0;0;0;0;0;0;0;0;0;0;0;0;0;0;0;0;0;0;0;0;0;0;0;0;0;0;0;0;0;0;0;0;0;0;0;0;0;4;1;1;0;2;2;2;2012-07-01 15:00:00;825;0;22;0;7;0;-1;1;-1;-1;-1;-1;-1;-1;0;1;1;3;1;4;-1;0;0;0;0;0;0;0;0;0;0;0;0;0;1;1;0;0;-1;-1;0;0;-1;-1;-1;-1;-1;-1;-1;-1;-1;0;7;29;50;72;36;65;29;14;0;0;3.31;1.58;BATE;Dinamo Minsk;2.33;1.73;2.57;1.43;2.57;1.67;100;93;72;50;29;0;0;0;0;0;0;249;30;Y;Y;Y;Y;N;N;Y
71850;816;824;2012;complete;344;17;-1;22;11,60;1;2;3;-1;-1;-1;-1;-1;1;1;0;0;-1;-1;-1;-1;-1;-1;-1;-1;-1;-1;1;1;0;0;0;0;0;0;0;0;0;0;0;0;0;0;0;0;0;0;0;0;0;0;0;0;0;0;0;0;0;0;0;0;0;0;0;0;0;0;0;0;0;0;0;0;0;0;0;0;0;0;0;0;0;0;0;0;0;0;0;0;0;0;0;0;0;0;0;0;3;1;1;0;1;1;2;2012-07-01 15:00:00;824;0;43;14;7;0;-1;1;-1;-1;-1;-1;-1;-1;0;0;1;1;0;2;-1;0;0;0;0;0;0;0;0;0;0;0;0;0;1;1;0;0;-1;-1;0;0;-1;-1;-1;-1;-1;-1;-1;-1;-1;0;7;29;72;100;22;93;57;22;0;0;4.14;2.07;Dinamo Brest;Shakhtyor;1.33;2.2;0.71;2.29;0.86;2;100;93;72;29;0;0;0;0;0;0;0;249;30;Y;Y;Y;N;N;N;Y
71851;818;820;2012;complete;344;17;-1;;;0;0;0;-1;-1;-1;-1;-1;0;1;0;0;-1;-1;-1;-1;-1;-1;-1;-1;-1;-1;0;1;0;0;0;0;0;0;0;0;0;0;0;0;0;0;0;0;0;0;0;0;0;0;0;0;0;0;0;0;0;0;0;0;0;0;0;0;0;0;0;0;0;0;0;0;0;0;0;0;0;0;0;0;0;0;0;0;0;0;0;0;0;0;0;0;0;0;0;0;0;0;0;0;0;0;0;2012-07-01 15:00:00;-1;0;22;14;0;0;-1;1;-1;-1;-1;-1;-1;-1;0;1;0;0;1;0;-1;0;0;0;0;0;0;0;0;0;0;0;0;0;1;1;0;0;-1;-1;0;0;-1;-1;-1;-1;-1;-1;-1;-1;-1;0;15;29;43;79;14;64;50;29;0;0;3.71;1.65;Belshina;Torpedo BelAZ;1.53;0.53;1.57;0.71;1;0.93;100;86;72;57;22;0;0;0;0;0;0;249;30;N;N;N;N;N;N;N
71852;824;87;2012;complete;344;18;-1;19;74;1;1;2;-1;-1;-1;-1;-1;2;0;0;0;-1;-1;-1;-1;-1;-1;-1;-1;-1;-1;2;0;0;0;0;0;0;0;0;0;0;0;0;0;0;0;0;0;0;0;0;0;0;0;0;0;0;0;0;0;0;0;0;0;0;0;0;0;0;0;0;0;0;0;0;0;0;0;0;0;0;0;0;0;0;0;0;0;0;0;0;0;0;0;0;0;0;0;0;0;2;1;0;0;1;1;1;2012-07-07 14:00:00;-1;0;26;7;20;0;-1;1;-1;-1;-1;-1;-1;-1;1;0;1;0;1;1;-1;0;0;0;0;0;0;0;0;0;0;0;0;0;1;1;0;0;-1;-1;0;0;-1;-1;-1;-1;-1;-1;-1;-1;-1;13;13;32;60;94;20;73;60;32;0;0;2.77;2.23;Shakhtyor;BATE;1.87;2.2;1.75;2.57;2.06;2.4;88;88;68;41;7;0;0;0;0;0;0;249;30;Y;Y;N;N;N;N;Y
71853;820;816;2012;complete;344;18;-1;90;;1;0;1;-1;-1;-1;-1;-1;2;2;0;1;-1;-1;-1;-1;-1;-1;-1;-1;-1;-1;2;4;0;0;0;0;0;0;0;0;0;0;0;0;0;0;0;0;0;0;0;0;0;0;0;0;0;0;0;0;0;0;0;0;0;0;0;0;0;0;0;0;0;0;0;0;0;0;0;0;0;0;0;0;0;0;0;0;0;0;0;0;0;0;0;0;0;0;0;0;1;0;0;1;0;1;0;2012-07-07 15:00:00;820;0;29;29;0;0;-1;1;-1;-1;-1;-1;-1;-1;1;2;1;1;3;2;-1;0;0;0;0;0;0;0;0;0;0;0;0;0;1;1;0;0;-1;-1;0;0;-1;-1;-1;-1;-1;-1;-1;-1;-1;0;7;22;36;86;36;50;50;7;0;0;3.15;1.5;Torpedo BelAZ;Dinamo Brest;1.07;0.6;1.14;1;0.93;0.8;100;93;79;64;15;0;0;0;0;0;0;249;30;Y;N;N;N;N;N;N
71854;819;818;2012;complete;344;18;-1;68,73,82;;3;0;3;-1;-1;-1;-1;-1;2;0;0;0;-1;-1;-1;-1;-1;-1;-1;-1;-1;-1;2;0;0;0;0;0;0;0;0;0;0;0;0;0;0;0;0;0;0;0;0;0;0;0;0;0;0;0;0;0;0;0;0;0;0;0;0;0;0;0;0;0;0;0;0;0;0;0;0;0;0;0;0;0;0;0;0;0;0;0;0;0;0;0;0;0;0;0;0;0;3;0;0;3;0;3;0;2012-07-07 16:00:00;819;0;41;13;28;0;-1;1;-1;-1;-1;-1;-1;-1;1;0;1;0;1;1;-1;0;0;0;0;0;0;0;0;0;0;0;0;0;1;1;0;0;-1;-1;1;0;-1;-1;-1;-1;-1;-1;-1;-1;-1;0;14;41;47;86;13;60;66;34;0;0;3.45;1.86;Naftan;Belshina;1.2;0.47;1.14;0.5;0.93;1;100;87;60;54;15;0;0;0;0;0;0;249;30;Y;Y;Y;N;N;N;N
71855;830;821;2012;complete;344;18;-1;81,83;45,49;2;2;4;-1;-1;-1;-1;-1;0;2;0;0;-1;-1;-1;-1;-1;-1;-1;-1;-1;-1;0;2;0;0;0;0;0;0;0;0;0;0;0;0;0;0;0;0;0;0;0;0;0;0;0;0;0;0;0;0;0;0;0;0;0;0;0;0;0;0;0;0;0;0;0;0;0;0;0;0;0;0;0;0;0;0;0;0;0;0;0;0;0;0;0;0;0;0;0;0;4;0;1;2;1;3;1;2012-07-08 14:00:00;-1;0;20;7;7;0;-1;1;-1;-1;-1;-1;-1;-1;0;1;0;1;1;1;-1;0;0;0;0;0;0;0;0;1;0;1;0;0;1;1;0;0;-1;-1;0;0;-1;-1;-1;-1;-1;-1;-1;-1;-1;7;13;26;47;86;19;73;47;27;0;0;4.31;1.9;Gomel;Minsk;1.73;1.07;1.71;1.13;2.14;1.25;94;88;75;54;15;0;0;0;0;0;0;249;30;Y;Y;Y;Y;N;N;Y
71856;825;827;2012;complete;344;18;-1;66;28;1;1;2;-1;-1;-1;-1;-1;2;4;0;0;-1;-1;-1;-1;-1;-1;-1;-1;-1;-1;2;4;0;0;0;0;0;0;0;0;0;0;0;0;0;0;0;0;0;0;0;0;0;0;0;0;0;0;0;0;0;0;0;0;0;0;0;0;0;0;0;0;0;0;0;0;0;0;0;0;0;0;0;0;0;0;0;0;0;0;0;0;0;0;0;0;0;0;0;0;2;0;1;1;0;1;1;2012-07-08 16:00:00;-1;0;55;20;35;0;-1;1;-1;-1;-1;-1;-1;-1;0;1;2;3;1;5;-1;0;0;0;0;0;0;0;0;0;0;0;0;0;1;1;0;0;-1;-1;0;0;-1;-1;-1;-1;-1;-1;-1;-1;-1;14;27;41;68;93;34;73;67;35;0;0;3.71;2.69;Dinamo Minsk;Neman Grodno;2;1.2;1.88;1;1.75;1.07;87;73;60;32;7;0;0;0;0;0;0;249;30;Y;Y;N;N;N;N;Y
71857;827;824;2012;complete;344;19;-1;82;21;1;1;2;-1;-1;-1;-1;-1;-1;-1;-1;-1;-1;-1;-1;-1;-1;-1;-1;-1;-1;-1;-1;-1;0;0;0;0;0;0;0;0;0;0;0;0;0;0;0;0;0;0;0;0;0;0;0;0;0;0;0;0;0;0;0;0;0;0;0;0;0;0;0;0;0;0;0;0;0;0;0;0;0;0;0;0;0;0;0;0;0;0;0;0;0;0;0;0;0;0;0;0;2;0;1;1;0;1;1;2012-07-13 16:00:00;-1;0;44;19;13;0;-1;-1;-1;-1;-1;-1;-1;-1;-1;-1;-1;-1;-1;-1;-1;0;0;0;0;0;0;0;0;0;0;0;0;0;1;1;0;0;-1;-1;-1;-1;-1;-1;-1;-1;-1;-1;-1;-1;-1;7;13;44;76;94;38;82;63;25;0;0;3.25;2.5;Neman Grodno;Shakhtyor;1.53;2.2;1.13;2.38;1.06;2;94;88;57;26;7;0;0;0;0;0;0;249;30;Y;Y;N;N;N;N;Y
71858;87;820;2012;complete;344;19;-1;;;0;0;0;-1;-1;-1;-1;-1;2;3;0;0;-1;-1;-1;-1;-1;-1;-1;-1;-1;-1;2;3;0;0;0;0;0;0;0;0;0;0;0;0;0;0;0;0;0;0;0;0;0;0;0;0;0;0;0;0;0;0;0;0;0;0;0;0;0;0;0;0;0;0;0;0;0;0;0;0;0;0;0;0;0;0;0;0;0;0;0;0;0;0;0;0;0;0;0;0;0;0;0;0;0;0;0;2012-07-13 16:00:00;-1;0;32;13;7;0;-1;1;-1;-1;-1;-1;-1;-1;2;0;0;3;2;3;-1;0;0;0;0;0;0;0;0;0;0;0;0;0;1;1;0;0;-1;-1;0;0;-1;-1;-1;-1;-1;-1;-1;-1;-1;0;13;32;57;88;38;69;50;19;0;0;3.63;1.88;BATE;Torpedo BelAZ;2.33;0.53;2.25;0.75;2.31;1.06;100;88;69;44;13;0;0;0;0;0;0;249;30;N;N;N;N;N;N;N
71859;816;819;2012;complete;344;19;-1;74,81;13;2;1;3;-1;-1;-1;-1;-1;4;0;0;0;-1;-1;-1;-1;-1;-1;-1;-1;-1;-1;4;0;0;0;0;0;0;0;0;0;0;0;0;0;0;0;0;0;0;0;0;0;0;0;0;0;0;0;0;0;0;0;0;0;0;0;0;0;0;0;0;0;0;0;0;0;0;0;0;0;0;0;0;0;0;0;0;0;0;0;0;0;0;0;0;0;0;0;0;0;3;0;1;2;0;2;1;2012-07-13 16:00:00;816;0;38;13;13;0;-1;1;-1;-1;-1;-1;-1;-1;3;0;1;0;3;1;-1;0;0;0;0;0;0;0;0;0;0;0;0;0;1;1;0;0;-1;-1;0;0;-1;-1;-1;-1;-1;-1;-1;-1;-1;7;7;32;51;82;19;69;51;19;0;0;4.13;1.82;Dinamo Brest;Naftan;1.33;0.73;0.63;0.75;0.75;1.06;94;94;69;51;19;0;0;0;0;0;0;249;30;Y;Y;Y;N;N;N;Y
71860;821;815;2012;complete;344;19;-1;25,77,90;9,47;3;2;5;-1;-1;-1;-1;-1;2;2;0;0;-1;-1;-1;-1;-1;-1;-1;-1;-1;-1;2;2;0;0;0;0;0;0;0;0;0;0;0;0;0;0;0;0;0;0;0;0;0;0;0;0;0;0;0;0;0;0;0;0;0;0;0;0;0;0;0;0;0;0;0;0;0;0;0;0;0;0;0;0;0;0;0;0;0;0;0;0;0;0;0;0;0;0;0;0;5;1;1;2;1;3;2;2012-07-14 14:00:00;821;0;32;26;7;0;-1;1;-1;-1;-1;-1;-1;-1;1;0;1;2;1;3;-1;0;0;0;0;0;0;0;0;1;0;1;0;0;1;1;0;1;-1;-1;1;0;-1;-1;-1;-1;-1;-1;-1;-1;-1;19;26;63;69;82;44;75;69;38;0;0;4;2.94;Minsk;Slavia;1.53;0.4;1.38;0.25;1.24;0.93;82;76;38;32;19;0;0;0;0;0;0;249;30;Y;Y;Y;Y;Y;N;Y
71861;815;818;2012;complete;344;20;-1;27;;1;0;1;-1;-1;-1;-1;-1;-1;-1;-1;-1;-1;-1;-1;-1;-1;-1;-1;-1;-1;-1;-1;-1;0;0;0;0;0;0;0;0;0;0;0;0;0;0;0;0;0;0;0;0;0;0;0;0;0;0;0;0;0;0;0;0;0;0;0;0;0;0;0;0;0;0;0;0;0;0;0;0;0;0;0;0;0;0;0;0;0;0;0;0;0;0;0;0;0;0;0;0;1;1;0;0;0;0;1;2012-08-11 15:00:00;815;0;38;18;20;0;-1;-1;-1;-1;-1;-1;-1;-1;-1;-1;-1;-1;-1;-1;-1;0;0;0;0;0;0;0;0;0;0;0;0;0;1;1;0;0;-1;-1;-1;-1;-1;-1;-1;-1;-1;-1;-1;-1;-1;0;13;44;64;100;33;71;68;31;0;0;4;2.2;Slavia;Belshina;1.4;0.47;1.71;0.44;0.88;0.94;100;88;57;37;0;0;0;0;0;0;0;249;30;Y;N;N;N;N;N;N
71862;824;825;2012;complete;344;20;-1;30;;1;0;1;-1;-1;-1;-1;-1;1;2;0;0;-1;-1;-1;-1;-1;-1;-1;-1;-1;-1;1;2;0;0;0;0;0;0;0;0;0;0;0;0;0;0;0;0;0;0;0;0;0;0;0;0;0;0;0;0;0;0;0;0;0;0;0;0;0;0;0;0;0;0;0;0;0;0;0;0;0;0;0;0;0;0;0;0;0;0;0;0;0;0;0;0;0;0;0;0;1;1;0;0;0;0;1;2012-08-12 14:00:00;824;0;35;12;11;0;-1;1;-1;-1;-1;-1;-1;-1;0;1;1;1;1;2;-1;0;0;0;0;0;0;0;0;0;0;0;0;0;1;1;0;0;-1;-1;0;1;-1;-1;-1;-1;-1;-1;-1;-1;-1;11;18;35;53;70;24;64;46;35;0;0;3.21;1.96;Shakhtyor;Dinamo Minsk;1.87;1.73;1.67;1.63;1.94;1.71;89;83;66;48;31;0;0;0;0;0;0;249;30;Y;N;N;N;N;N;N
71863;819;87;2012;complete;344;20;-1;;4,71,74,90;0;4;4;-1;-1;-1;-1;-1;1;1;0;0;-1;-1;-1;-1;-1;-1;-1;-1;-1;-1;1;1;0;0;0;0;0;0;0;0;0;0;0;0;0;0;0;0;0;0;0;0;0;0;0;0;0;0;0;0;0;0;0;0;0;0;0;0;0;0;0;0;0;0;0;0;0;0;0;0;0;0;0;0;0;0;0;0;0;0;0;0;0;0;0;0;0;0;0;0;4;0;1;0;3;3;1;2012-08-12 14:30:00;87;0;32;0;26;0;-1;1;-1;-1;-1;-1;-1;-1;1;1;0;0;2;0;-1;0;0;0;0;0;0;0;0;0;0;0;0;0;1;1;0;1;-1;-1;0;0;-1;-1;-1;-1;-1;-1;-1;-1;-1;0;7;32;57;88;7;63;63;32;0;0;3.51;1.82;Naftan;BATE;1.2;2.2;1.38;2.38;1;2.24;100;94;69;44;13;0;0;0;0;0;0;249;30;Y;Y;Y;Y;N;N;N
71864;820;827;2012;complete;344;20;-1;90;20,60,69,79,89;1;5;6;-1;-1;-1;-1;-1;1;2;0;0;-1;-1;-1;-1;-1;-1;-1;-1;-1;-1;1;2;0;0;0;0;0;0;0;0;0;0;0;0;0;0;0;0;0;0;0;0;0;0;0;0;0;0;0;0;0;0;0;0;0;0;0;0;0;0;0;0;0;0;0;0;0;0;0;0;0;0;0;0;0;0;0;0;0;0;0;0;0;0;0;0;0;0;0;0;6;0;1;1;4;5;1;2012-08-12 15:00:00;827;0;44;13;25;0;-1;1;-1;-1;-1;-1;-1;-1;1;2;0;0;3;0;-1;0;0;0;0;0;0;0;0;1;0;1;0;0;1;1;0;0;-1;-1;0;0;-1;-1;-1;-1;-1;-1;-1;-1;-1;7;13;26;57;82;32;57;63;25;0;0;3.88;2.01;Torpedo BelAZ;Neman Grodno;1.07;1.2;1.38;1;1.06;1.06;94;88;76;44;19;0;0;0;0;0;0;249;30;Y;Y;Y;Y;Y;Y;Y
71865;87;830;2012;complete;344;21;-1;;;0;0;0;-1;-1;-1;-1;-1;0;3;0;0;-1;-1;-1;-1;-1;-1;-1;-1;-1;-1;0;3;0;0;0;0;0;0;0;0;0;0;0;0;0;0;0;0;0;0;0;0;0;0;0;0;0;0;0;0;0;0;0;0;0;0;0;0;0;0;0;0;0;0;0;0;0;0;0;0;0;0;0;0;0;0;0;0;0;0;0;0;0;0;0;0;0;0;0;0;0;0;0;0;0;0;0;2012-08-17 16:00:00;-1;0;31;13;13;0;-1;1;-1;-1;-1;-1;-1;-1;0;1;0;2;1;2;-1;0;0;0;0;0;0;0;0;0;0;0;0;0;1;1;0;0;-1;-1;0;0;-1;-1;-1;-1;-1;-1;-1;-1;-1;0;11;44;55;95;43;89;44;18;0;0;3.08;2.04;BATE;Gomel;2.33;1.6;2.11;2.57;2.28;2.07;100;89;57;45;6;0;0;0;0;0;0;249;30;N;N;N;N;N;N;N
71866;825;820;2012;complete;344;21;-1;36,62;;2;0;2;-1;-1;-1;-1;-1;-1;-1;-1;-1;-1;-1;-1;-1;-1;-1;-1;-1;-1;-1;-1;-1;0;0;0;0;0;0;0;0;0;0;0;0;0;0;0;0;0;0;0;0;0;0;0;0;0;0;0;0;0;0;0;0;0;0;0;0;0;0;0;0;0;0;0;0;0;0;0;0;0;0;0;0;0;0;0;0;0;0;0;0;0;0;0;0;0;0;0;0;2;1;0;1;0;1;1;2012-08-18 15:00:00;825;0;33;17;6;0;-1;-1;-1;-1;-1;-1;-1;-1;-1;-1;-1;-1;-1;-1;-1;0;0;0;0;0;0;0;0;0;0;0;0;0;1;1;0;0;-1;-1;-1;-1;-1;-1;-1;-1;-1;-1;-1;-1;-1;6;11;22;45;84;17;61;56;11;0;0;4.56;1.72;Dinamo Minsk;Torpedo BelAZ;2;0.53;1.78;0.78;1.61;1;95;89;78;56;17;0;0;0;0;0;0;249;30;Y;Y;N;N;N;N;N
71867;827;819;2012;complete;344;21;-1;23,78,84;;3;0;3;-1;-1;-1;-1;-1;0;2;0;0;-1;-1;-1;-1;-1;-1;-1;-1;-1;-1;0;2;0;0;0;0;0;0;0;0;0;0;0;0;0;0;0;0;0;0;0;0;0;0;0;0;0;0;0;0;0;0;0;0;0;0;0;0;0;0;0;0;0;0;0;0;0;0;0;0;0;0;0;0;0;0;0;0;0;0;0;0;0;0;0;0;0;0;0;0;3;1;0;2;0;2;1;2012-08-18 16:00:00;827;0;39;6;17;0;-1;1;-1;-1;-1;-1;-1;-1;0;1;0;1;1;1;-1;0;0;0;0;0;0;0;0;0;0;0;0;0;1;1;0;0;-1;-1;0;0;-1;-1;-1;-1;-1;-1;-1;-1;-1;11;11;39;56;78;22;62;56;28;0;0;3.31;2.17;Neman Grodno;Naftan;1.53;0.73;1.11;0.67;1.17;0.94;89;89;62;45;22;0;0;0;0;0;0;249;30;Y;Y;Y;N;N;N;N
71868;816;815;2012;complete;344;21;-1;80;48,90;1;2;3;-1;-1;-1;-1;-1;2;0;0;0;-1;-1;-1;-1;-1;-1;-1;-1;-1;-1;2;0;0;0;0;0;0;0;0;0;0;0;0;0;0;0;0;0;0;0;0;0;0;0;0;0;0;0;0;0;0;0;0;0;0;0;0;0;0;0;0;0;0;0;0;0;0;0;0;0;0;0;0;0;0;0;0;0;0;0;0;0;0;0;0;0;0;0;0;0;3;0;0;1;2;3;0;2012-08-19 14:00:00;815;0;45;22;6;0;-1;1;-1;-1;-1;-1;-1;-1;1;0;1;0;1;1;-1;0;0;0;0;0;0;0;1;1;1;1;0;0;1;1;0;0;-1;-1;0;0;-1;-1;-1;-1;-1;-1;-1;-1;-1;17;22;56;73;89;33;84;73;39;0;0;4.34;2.72;Dinamo Brest;Slavia;1.33;0.4;0.89;0.22;0.88;1;84;78;45;28;11;0;0;0;0;0;0;249;30;Y;Y;Y;N;N;N;Y
71869;818;821;2012;complete;344;21;-1;10,23,90;;3;0;3;-1;-1;-1;-1;-1;-1;-1;-1;-1;-1;-1;-1;-1;-1;-1;-1;-1;-1;-1;-1;-1;0;0;0;0;0;0;0;0;0;0;0;0;0;0;0;0;0;0;0;0;0;0;0;0;0;0;0;0;0;0;0;0;0;0;0;0;0;0;0;0;0;0;0;0;0;0;0;0;0;0;0;0;0;0;0;0;0;0;0;0;0;0;0;0;0;0;0;0;3;2;0;1;0;1;2;2012-08-19 15:00:00;818;0;23;12;11;0;-1;-1;-1;-1;-1;-1;-1;-1;-1;-1;-1;-1;-1;-1;-1;0;0;0;0;0;0;0;0;0;0;0;0;0;1;1;1;0;-1;-1;-1;-1;-1;-1;-1;-1;-1;-1;-1;-1;-1;6;29;41;47;82;23;76;47;36;0;0;3.66;2.15;Belshina;Minsk;1.53;1.07;1.5;1.11;0.89;1.33;95;71;60;54;19;0;0;0;0;0;0;249;30;Y;Y;Y;N;N;N;N
71870;830;827;2012;complete;344;22;-1;36;51;1;1;2;-1;-1;-1;-1;-1;2;0;0;0;-1;-1;-1;-1;-1;-1;-1;-1;-1;-1;2;0;0;0;0;0;0;0;0;0;0;0;0;0;0;0;0;0;0;0;0;0;0;0;0;0;0;0;0;0;0;0;0;0;0;0;0;0;0;0;0;0;0;0;0;0;0;0;0;0;0;0;0;0;0;0;0;0;0;0;0;0;0;0;0;0;0;0;0;0;2;1;0;0;1;1;1;2012-08-26 14:00:00;-1;0;52;6;35;0;-1;1;-1;-1;-1;-1;-1;-1;1;0;1;0;1;1;-1;0;0;0;0;0;0;0;0;0;0;0;0;0;1;1;0;0;-1;-1;0;0;-1;-1;-1;-1;-1;-1;-1;-1;-1;11;23;35;70;82;17;71;64;47;0;0;3.25;2.43;Gomel;Neman Grodno;1.73;1.2;1.63;1.22;2;1.26;89;78;66;31;18;0;0;0;0;0;0;249;30;Y;Y;N;N;N;N;Y
71871;819;825;2012;complete;344;22;-1;;22,60;0;2;2;-1;-1;-1;-1;-1;1;3;0;0;-1;-1;-1;-1;-1;-1;-1;-1;-1;-1;1;3;0;0;0;0;0;0;0;0;0;0;0;0;0;0;0;0;0;0;0;0;0;0;0;0;0;0;0;0;0;0;0;0;0;0;0;0;0;0;0;0;0;0;0;0;0;0;0;0;0;0;0;0;0;0;0;0;0;0;0;0;0;0;0;0;0;0;0;0;2;0;1;0;1;1;1;2012-08-26 14:00:00;825;0;28;6;17;0;-1;1;-1;-1;-1;-1;-1;-1;0;1;1;2;1;3;-1;0;0;0;0;0;0;0;0;0;0;0;0;0;1;1;0;0;-1;-1;0;0;-1;-1;-1;-1;-1;-1;-1;-1;-1;0;17;39;45;67;11;56;45;39;0;0;3.94;1.67;Naftan;Dinamo Minsk;1.2;1.73;1.22;1.44;0.89;1.68;100;84;61;56;33;0;0;0;0;0;0;249;30;Y;Y;N;N;N;N;N
71872;820;824;2012;complete;344;22;-1;23,73;39,78,89;2;3;5;-1;-1;-1;-1;-1;0;1;1;0;-1;-1;-1;-1;-1;-1;-1;-1;-1;-1;2;1;0;0;0;0;0;0;0;0;0;0;0;0;0;0;0;0;0;0;0;0;0;0;0;0;0;0;0;0;0;0;0;0;0;0;0;0;0;0;0;0;0;0;0;0;0;0;0;0;0;0;0;0;0;0;0;0;0;0;0;0;0;0;0;0;0;0;0;0;5;1;1;1;2;3;2;2012-08-26 14:00:00;824;0;39;17;11;0;-1;1;-1;-1;-1;-1;-1;-1;1;0;0;1;1;1;-1;0;0;0;0;0;0;0;0;0;0;0;0;0;1;1;0;0;-1;-1;1;0;-1;-1;-1;-1;-1;-1;-1;-1;-1;6;11;33;61;89;28;72;62;17;0;0;3.28;2.06;Torpedo BelAZ;Shakhtyor;1.07;2.2;1.22;2.22;0.95;2;95;89;67;39;11;0;0;0;0;0;0;249;30;Y;Y;Y;Y;Y;N;Y
71873;821;816;2012;complete;344;22;-1;62,63;35;2;1;3;-1;-1;-1;-1;-1;1;1;0;0;-1;-1;-1;-1;-1;-1;-1;-1;-1;-1;1;1;0;0;0;0;0;0;0;0;0;0;0;0;0;0;0;0;0;0;0;0;0;0;0;0;0;0;0;0;0;0;0;0;0;0;0;0;0;0;0;0;0;0;0;0;0;0;0;0;0;0;0;0;0;0;0;0;0;0;0;0;0;0;0;0;0;0;0;0;3;0;1;2;0;2;1;2012-08-26 16:30:00;821;0;41;41;11;0;-1;1;-1;-1;-1;-1;-1;-1;1;0;0;1;1;1;-1;0;0;0;0;0;0;0;0;0;0;0;0;0;1;1;0;0;-1;-1;0;0;-1;-1;-1;-1;-1;-1;-1;-1;-1;11;18;41;53;95;47;64;65;23;0;0;3.85;2.32;Minsk;Dinamo Brest;1.53;0.6;1.56;0.88;1.26;0.83;89;83;60;48;6;0;0;0;0;0;0;249;30;Y;Y;Y;N;N;N;Y
71874;815;819;2012;complete;344;23;-1;90;12;1;1;2;-1;-1;-1;-1;-1;1;2;0;1;-1;-1;-1;-1;-1;-1;-1;-1;-1;-1;1;3;0;0;0;0;0;0;0;0;0;0;0;0;0;0;0;0;0;0;0;0;0;0;0;0;0;0;0;0;0;0;0;0;0;0;0;0;0;0;0;0;0;0;0;0;0;0;0;0;0;0;0;0;0;0;0;0;0;0;0;0;0;0;0;0;0;0;0;0;2;0;1;1;0;1;1;2012-09-01 13:30:00;-1;0;34;7;23;0;-1;1;-1;-1;-1;-1;-1;-1;1;1;0;2;2;2;-1;0;0;0;0;0;0;0;0;0;0;0;0;0;1;1;0;0;-1;-1;0;0;-1;-1;-1;-1;-1;-1;-1;-1;-1;5;12;44;57;85;24;74;50;33;0;0;3.93;2.07;Slavia;Naftan;1.4;0.73;1.88;0.6;1.11;0.85;95;89;57;44;15;0;0;0;0;0;0;249;30;Y;Y;N;N;N;N;Y
71875;820;818;2012;complete;344;23;-1;55,66;47,71;2;2;4;-1;-1;-1;-1;-1;4;2;0;0;-1;-1;-1;-1;-1;-1;-1;-1;-1;-1;4;2;0;0;0;0;0;0;0;0;0;0;0;0;0;0;0;0;0;0;0;0;0;0;0;0;0;0;0;0;0;0;0;0;0;0;0;0;0;0;0;0;0;0;0;0;0;0;0;0;0;0;0;0;0;0;0;0;0;0;0;0;0;0;0;0;0;0;0;0;4;0;0;2;2;4;0;2012-09-01 14:00:00;-1;0;30;20;15;0;-1;1;-1;-1;-1;-1;-1;-1;2;0;2;2;2;4;-1;0;0;0;0;0;0;0;0;0;0;0;0;0;1;1;0;0;-1;-1;0;0;-1;-1;-1;-1;-1;-1;-1;-1;-1;10;15;35;45;90;25;55;65;25;0;0;3.47;2;Torpedo BelAZ;Belshina;1.07;0.47;1.1;0.4;0.9;1;90;85;65;55;10;0;0;0;0;0;0;249;30;Y;Y;Y;Y;N;N;Y
71876;824;816;2012;complete;344;23;-1;9,24,40,51;12,77;4;2;6;-1;-1;-1;-1;-1;1;0;0;0;-1;-1;-1;-1;-1;-1;-1;-1;-1;-1;1;0;0;0;0;0;0;0;0;0;0;0;0;0;0;0;0;0;0;0;0;0;0;0;0;0;0;0;0;0;0;0;0;0;0;0;0;0;0;0;0;0;0;0;0;0;0;0;0;0;0;0;0;0;0;0;0;0;0;0;0;0;0;0;0;0;0;0;0;0;6;3;1;1;1;2;4;2012-09-02 14:00:00;824;0;42;22;10;0;-1;1;-1;-1;-1;-1;-1;-1;0;0;1;0;0;1;-1;0;0;0;0;0;0;0;0;0;0;0;0;0;1;1;1;0;-1;-1;0;0;-1;-1;-1;-1;-1;-1;-1;-1;-1;10;16;37;52;95;27;68;64;31;0;0;2.36;2.2;Shakhtyor;Dinamo Brest;1.87;0.6;1.8;0.78;2.05;0.79;90;85;64;48;5;0;0;0;0;0;0;249;30;Y;Y;Y;Y;Y;Y;Y
71877;825;827;2012;complete;344;23;-1;23;;1;0;1;-1;-1;-1;-1;-1;0;1;0;0;-1;-1;-1;-1;-1;-1;-1;-1;-1;-1;0;1;0;0;0;0;0;0;0;0;0;0;0;0;0;0;0;0;0;0;0;0;0;0;0;0;0;0;0;0;0;0;0;0;0;0;0;0;0;0;0;0;0;0;0;0;0;0;0;0;0;0;0;0;0;0;0;0;0;0;0;0;0;0;0;0;0;0;0;0;1;1;0;0;0;0;1;2012-09-02 14:00:00;825;0;60;15;30;0;-1;1;-1;-1;-1;-1;-1;-1;0;0;0;1;0;1;-1;0;0;0;0;0;0;0;0;0;0;0;0;0;1;1;0;0;-1;-1;0;0;-1;-1;-1;-1;-1;-1;-1;-1;-1;15;25;35;75;95;25;80;75;30;0;0;3.8;2.7;Dinamo Minsk;Neman Grodno;2;1.2;1.9;1.2;1.75;1.25;85;75;65;25;5;0;0;0;0;0;0;249;30;Y;N;N;N;N;N;N
71878;830;87;2012;complete;344;23;-1;26;37,51;1;2;3;-1;-1;-1;-1;-1;4;1;0;0;-1;-1;-1;-1;-1;-1;-1;-1;-1;-1;4;1;0;0;0;0;0;0;0;0;0;0;0;0;0;0;0;0;0;0;0;0;0;0;0;0;0;0;0;0;0;0;0;0;0;0;0;0;0;0;0;0;0;0;0;0;0;0;0;0;0;0;0;0;0;0;0;0;0;0;0;0;0;0;0;0;0;0;0;0;3;1;1;0;1;1;2;2012-09-02 16:00:00;87;0;28;0;11;0;-1;1;-1;-1;-1;-1;-1;-1;0;0;4;1;0;5;-1;0;0;0;0;0;0;0;0;0;0;0;0;0;1;1;0;0;-1;-1;0;0;-1;-1;-1;-1;-1;-1;-1;-1;-1;0;11;22;62;89;6;73;62;28;0;0;3.11;1.84;Gomel;BATE;1.73;2.2;1.56;2.44;1.94;2.21;100;89;78;39;11;0;0;0;0;0;0;249;30;Y;Y;Y;N;N;N;Y
71879;815;830;2012;complete;344;17;-1;;25,31;0;2;2;-1;-1;-1;-1;-1;2;1;0;0;-1;-1;-1;-1;-1;-1;-1;-1;-1;-1;2;1;0;0;0;0;0;0;0;0;0;0;0;0;0;0;0;0;0;0;0;0;0;0;0;0;0;0;0;0;0;0;0;0;0;0;0;0;0;0;0;0;0;0;0;0;0;0;0;0;0;0;0;0;0;0;0;0;0;0;0;0;0;0;0;0;0;0;0;0;2;0;2;0;0;0;2;2012-09-08 13:00:00;830;0;35;12;18;0;-1;1;-1;-1;-1;-1;-1;-1;1;0;1;1;1;2;-1;0;0;0;0;0;0;0;0;0;0;0;0;0;1;1;0;0;-1;-1;0;0;-1;-1;-1;-1;-1;-1;-1;-1;-1;0;6;36;53;94;29;89;47;18;0;0;4.14;1.87;Slavia;Gomel;1.4;1.6;1.78;2.38;1.11;1.83;100;95;65;48;7;0;0;0;0;0;0;249;30;Y;Y;N;N;N;N;N
71880;87;820;2012;complete;344;24;-1;66,76;;2;0;2;-1;-1;-1;-1;-1;3;3;0;1;-1;-1;-1;-1;-1;-1;-1;-1;-1;-1;3;4;0;0;0;0;0;0;0;0;0;0;0;0;0;0;0;0;0;0;0;0;0;0;0;0;0;0;0;0;0;0;0;0;0;0;0;0;0;0;0;0;0;0;0;0;0;0;0;0;0;0;0;0;0;0;0;0;0;0;0;0;0;0;0;0;0;0;0;0;2;0;0;2;0;2;0;2012-09-15 12:00:00;87;0;25;10;5;0;-1;1;-1;-1;-1;-1;-1;-1;0;0;3;4;0;7;-1;0;0;0;0;0;0;0;0;0;0;0;0;0;1;1;0;0;-1;-1;0;0;-1;-1;-1;-1;-1;-1;-1;-1;-1;0;10;25;50;75;30;60;45;15;0;0;3.66;1.6;BATE;Torpedo BelAZ;2.33;0.53;2;0.7;2.25;0.9;100;90;75;50;25;0;0;0;0;0;0;249;30;Y;Y;N;N;N;N;N
71881;818;825;2012;complete;344;24;-1;;2,75;0;2;2;-1;-1;-1;-1;-1;1;1;0;0;-1;-1;-1;-1;-1;-1;-1;-1;-1;-1;1;1;0;0;0;0;0;0;0;0;0;0;0;0;0;0;0;0;0;0;0;0;0;0;0;0;0;0;0;0;0;0;0;0;0;0;0;0;0;0;0;0;0;0;0;0;0;0;0;0;0;0;0;0;0;0;0;0;0;0;0;0;0;0;0;0;0;0;0;0;2;0;1;0;1;1;1;2012-09-15 13:00:00;825;0;16;11;0;0;-1;1;-1;-1;-1;-1;-1;-1;1;1;0;0;2;0;-1;0;0;0;0;0;0;0;0;0;0;0;0;0;1;1;0;1;-1;-1;0;1;-1;-1;-1;-1;-1;-1;-1;-1;-1;0;16;32;42;64;21;64;37;27;0;0;3.32;1.54;Belshina;Dinamo Minsk;1.53;1.73;1.67;1.6;1;1.81;100;84;68;58;37;0;0;0;0;0;0;249;30;Y;Y;N;N;N;N;N
71882;819;824;2012;complete;344;24;-1;82;6,17;1;2;3;-1;-1;-1;-1;-1;2;0;0;1;-1;-1;-1;-1;-1;-1;-1;-1;-1;-1;2;2;0;0;0;0;0;0;0;0;0;0;0;0;0;0;0;0;0;0;0;0;0;0;0;0;0;0;0;0;0;0;0;0;0;0;0;0;0;0;0;0;0;0;0;0;0;0;0;0;0;0;0;0;0;0;0;0;0;0;0;0;0;0;0;0;0;0;0;0;3;0;2;1;0;1;2;2012-09-15 13:00:00;824;0;45;15;25;0;-1;1;-1;-1;-1;-1;-1;-1;1;1;1;0;2;1;-1;0;0;0;0;0;0;0;0;0;0;0;0;0;1;1;0;1;-1;-1;0;0;-1;-1;-1;-1;-1;-1;-1;-1;-1;5;20;50;75;90;20;80;70;40;0;0;2.94;2.4;Naftan;Shakhtyor;1.2;2.2;1.1;2.3;0.86;2.1;95;80;50;25;10;0;0;0;0;0;0;249;30;Y;Y;Y;N;N;N;Y
71883;816;830;2012;complete;344;24;-1;71,84;51;2;1;3;-1;-1;-1;-1;-1;3;3;0;2;-1;-1;-1;-1;-1;-1;-1;-1;-1;-1;3;7;0;0;0;0;0;0;0;0;0;0;0;0;0;0;0;0;0;0;0;0;0;0;0;0;0;0;0;0;0;0;0;0;0;0;0;0;0;0;0;0;0;0;0;0;0;0;0;0;0;0;0;0;0;0;0;0;0;0;0;0;0;0;0;0;0;0;0;0;3;0;0;2;1;3;0;2012-09-15 14:00:00;816;0;41;16;11;0;-1;1;-1;-1;-1;-1;-1;-1;1;2;2;3;3;5;-1;0;0;0;0;0;0;0;1;0;1;0;0;0;1;1;0;0;-1;-1;0;0;-1;-1;-1;-1;-1;-1;-1;-1;-1;0;0;37;57;95;27;85;52;21;0;0;4.39;1.89;Dinamo Brest;Gomel;1.33;1.6;0.8;2.44;0.75;1.89;100;100;64;43;6;0;0;0;0;0;0;249;30;Y;Y;Y;N;N;N;Y
71884;821;815;2012;complete;344;24;-1;22,59,67;;3;0;3;-1;-1;-1;-1;-1;1;1;0;0;-1;-1;-1;-1;-1;-1;-1;-1;-1;-1;1;1;0;0;0;0;0;0;0;0;0;0;0;0;0;0;0;0;0;0;0;0;0;0;0;0;0;0;0;0;0;0;0;0;0;0;0;0;0;0;0;0;0;0;0;0;0;0;0;0;0;0;0;0;0;0;0;0;0;0;0;0;0;0;0;0;0;0;0;0;3;1;0;2;0;2;1;2012-09-15 16:00:00;821;0;45;30;20;0;-1;1;-1;-1;-1;-1;-1;-1;0;1;1;0;1;1;-1;0;0;0;0;0;0;0;0;0;0;0;0;0;1;1;0;0;-1;-1;0;0;-1;-1;-1;-1;-1;-1;-1;-1;-1;25;30;70;75;85;45;75;75;50;0;0;3.7;3.15;Minsk;Slavia;1.53;0.4;1.7;0.5;1.35;1.05;75;70;30;25;15;0;0;0;0;0;0;249;30;Y;Y;Y;N;N;N;N
71885;827;818;2012;complete;344;25;-1;;;0;0;0;-1;-1;-1;-1;-1;1;2;0;0;-1;-1;-1;-1;-1;-1;-1;-1;-1;-1;1;2;0;0;0;0;0;0;0;0;0;0;0;0;0;0;0;0;0;0;0;0;0;0;0;0;0;0;0;0;0;0;0;0;0;0;0;0;0;0;0;0;0;0;0;0;0;0;0;0;0;0;0;0;0;0;0;0;0;0;0;0;0;0;0;0;0;0;0;0;0;0;0;0;0;0;0;2012-09-22 12:00:00;-1;0;38;14;14;0;-1;1;-1;-1;-1;-1;-1;-1;0;0;1;2;0;3;-1;0;0;0;0;0;0;0;0;0;0;0;0;0;1;1;0;0;-1;-1;0;0;-1;-1;-1;-1;-1;-1;-1;-1;-1;5;14;43;63;95;24;63;72;33;0;0;3.26;2.34;Neman Grodno;Belshina;1.53;0.47;1.3;0.45;1.19;0.95;95;86;58;38;5;0;0;0;0;0;0;249;30;N;N;N;N;N;N;N
71886;824;821;2012;complete;344;25;-1;;20,41;0;2;2;-1;-1;-1;-1;-1;1;4;0;0;-1;-1;-1;-1;-1;-1;-1;-1;-1;-1;1;4;0;0;0;0;0;0;0;0;0;0;0;0;0;0;0;0;0;0;0;0;0;0;0;0;0;0;0;0;0;0;0;0;0;0;0;0;0;0;0;0;0;0;0;0;0;0;0;0;0;0;0;0;0;0;0;0;0;0;0;0;0;0;0;0;0;0;0;0;2;0;2;0;0;0;2;2012-09-22 13:00:00;821;0;38;14;24;0;-1;1;-1;-1;-1;-1;-1;-1;0;2;1;2;2;3;-1;0;0;0;0;0;0;0;0;0;0;0;0;0;1;1;0;0;-1;-1;0;0;-1;-1;-1;-1;-1;-1;-1;-1;-1;19;29;48;62;96;34;86;62;38;0;0;3.6;2.76;Shakhtyor;Minsk;1.87;1.07;1.91;1;2.14;1.43;82;72;53;38;5;0;0;0;0;0;0;249;30;Y;Y;N;N;N;N;N
71887;820;816;2012;complete;344;25;-1;;;0;0;0;-1;-1;-1;-1;-1;-1;-1;-1;-1;-1;-1;-1;-1;-1;-1;-1;-1;-1;-1;-1;-1;0;0;0;0;0;0;0;0;0;0;0;0;0;0;0;0;0;0;0;0;0;0;0;0;0;0;0;0;0;0;0;0;0;0;0;0;0;0;0;0;0;0;0;0;0;0;0;0;0;0;0;0;0;0;0;0;0;0;0;0;0;0;0;0;0;0;0;0;0;0;0;0;0;0;0;2012-09-22 13:00:00;-1;0;43;29;19;0;-1;-1;-1;-1;-1;-1;-1;-1;-1;-1;-1;-1;-1;-1;-1;0;0;0;0;0;0;0;0;0;0;0;0;0;1;1;0;0;-1;-1;-1;-1;-1;-1;-1;-1;-1;-1;-1;-1;-1;14;24;38;48;91;34;53;67;29;0;0;3.4;2.24;Torpedo BelAZ;Dinamo Brest;1.07;0.6;1.09;0.7;0.86;0.86;86;77;62;53;9;0;0;0;0;0;0;249;30;N;N;N;N;N;N;N
71888;830;819;2012;complete;344;25;-1;40,54;;2;0;2;-1;-1;-1;-1;-1;1;3;0;0;-1;-1;-1;-1;-1;-1;-1;-1;-1;-1;1;3;0;0;0;0;0;0;0;0;0;0;0;0;0;0;0;0;0;0;0;0;0;0;0;0;0;0;0;0;0;0;0;0;0;0;0;0;0;0;0;0;0;0;0;0;0;0;0;0;0;0;0;0;0;0;0;0;0;0;0;0;0;0;0;0;0;0;0;0;2;1;0;1;0;1;1;2012-09-22 14:00:00;830;0;38;5;14;0;-1;1;-1;-1;-1;-1;-1;-1;1;1;0;2;2;2;-1;0;0;0;0;0;0;0;0;0;0;0;0;0;1;1;0;0;-1;-1;0;0;-1;-1;-1;-1;-1;-1;-1;-1;-1;5;10;38;58;77;10;67;58;33;0;0;3.33;1.9;Gomel;Naftan;1.73;0.73;1.4;0.64;1.8;0.82;96;91;63;43;24;0;0;0;0;0;0;249;30;Y;Y;N;N;N;N;N
71889;825;87;2012;complete;344;25;-1;;;0;0;0;-1;-1;-1;-1;-1;2;2;0;0;-1;-1;-1;-1;-1;-1;-1;-1;-1;-1;2;2;0;0;0;0;0;0;0;0;0;0;0;0;0;0;0;0;0;0;0;0;0;0;0;0;0;0;0;0;0;0;0;0;0;0;0;0;0;0;0;0;0;0;0;0;0;0;0;0;0;0;0;0;0;0;0;0;0;0;0;0;0;0;0;0;0;0;0;0;0;0;0;0;0;0;0;2012-09-23 12:00:00;-1;0;33;14;10;0;-1;1;-1;-1;-1;-1;-1;-1;0;1;2;1;1;3;-1;0;0;0;0;0;0;0;0;0;0;0;0;0;1;1;0;0;-1;-1;0;0;-1;-1;-1;-1;-1;-1;-1;-1;-1;5;14;29;63;100;19;81;67;15;0;0;3.5;2.14;Dinamo Minsk;BATE;2;2.2;2;2.5;1.86;2.29;96;86;72;38;0;0;0;0;0;0;0;249;30;N;N;N;N;N;N;N
71890;87;827;2012;complete;344;26;-1;26,45,51,61,64;39;5;1;6;-1;-1;-1;-1;-1;1;3;0;0;-1;-1;-1;-1;-1;-1;-1;-1;-1;-1;1;3;0;0;0;0;0;0;0;0;0;0;0;0;0;0;0;0;0;0;0;0;0;0;0;0;0;0;0;0;0;0;0;0;0;0;0;0;0;0;0;0;0;0;0;0;0;0;0;0;0;0;0;0;0;0;0;0;0;0;0;0;0;0;0;0;0;0;0;0;6;2;1;3;0;3;3;2012-09-28 15:00:00;87;0;50;9;27;0;-1;1;-1;-1;-1;-1;-1;-1;0;1;1;2;1;3;-1;0;0;0;0;0;0;0;1;0;1;0;0;0;1;1;0;0;-1;-1;0;0;-1;-1;-1;-1;-1;-1;-1;-1;-1;9;23;36;73;87;36;73;59;36;0;0;3;2.46;BATE;Neman Grodno;2.33;1.2;2.09;1.09;2.23;1.18;91;78;64;27;14;0;0;0;0;0;0;249;30;Y;Y;Y;Y;Y;Y;Y
71891;821;830;2012;complete;344;26;-1;90;81;1;1;2;-1;-1;-1;-1;-1;-1;-1;-1;-1;-1;-1;-1;-1;-1;-1;-1;-1;-1;-1;-1;-1;0;0;0;0;0;0;0;0;0;0;0;0;0;0;0;0;0;0;0;0;0;0;0;0;0;0;0;0;0;0;0;0;0;0;0;0;0;0;0;0;0;0;0;0;0;0;0;0;0;0;0;0;0;0;0;0;0;0;0;0;0;0;0;0;0;0;0;0;2;0;0;1;1;2;0;2012-09-29 17:15:00;-1;0;38;23;19;0;-1;-1;-1;-1;-1;-1;-1;-1;-1;-1;-1;-1;-1;-1;-1;0;0;0;0;0;0;0;0;1;0;1;0;0;1;1;0;0;-1;-1;-1;-1;-1;-1;-1;-1;-1;-1;-1;-1;-1;9;9;52;62;91;38;81;57;33;0;0;4.4;2.36;Minsk;Gomel;1.53;1.6;1.82;2.2;1.5;1.86;91;91;48;39;10;0;0;0;0;0;0;249;30;Y;Y;N;N;N;N;Y
71892;816;825;2012;complete;344;26;-1;41,90;;2;0;2;-1;-1;-1;-1;-1;3;0;0;0;-1;-1;-1;-1;-1;-1;-1;-1;-1;-1;3;0;0;0;0;0;0;0;0;0;0;0;0;0;0;0;0;0;0;0;0;0;0;0;0;0;0;0;0;0;0;0;0;0;0;0;0;0;0;0;0;0;0;0;0;0;0;0;0;0;0;0;0;0;0;0;0;0;0;0;0;0;0;0;0;0;0;0;0;0;2;1;0;1;0;1;1;2012-09-30 12:00:00;816;0;41;14;9;0;-1;1;-1;-1;-1;-1;-1;-1;1;0;2;0;1;2;-1;0;0;0;0;0;0;0;0;0;0;0;0;0;1;1;0;0;-1;-1;0;0;-1;-1;-1;-1;-1;-1;-1;-1;-1;0;5;32;59;82;18;69;55;27;0;0;4.85;1.77;Dinamo Brest;Dinamo Minsk;1.33;1.73;1;1.73;0.86;1.83;100;96;69;41;18;0;0;0;0;0;0;249;30;Y;Y;N;N;N;N;N
71893;819;820;2012;complete;344;26;-1;15;52;1;1;2;-1;-1;-1;-1;-1;1;2;0;0;-1;-1;-1;-1;-1;-1;-1;-1;-1;-1;1;2;0;0;0;0;0;0;0;0;0;0;0;0;0;0;0;0;0;0;0;0;0;0;0;0;0;0;0;0;0;0;0;0;0;0;0;0;0;0;0;0;0;0;0;0;0;0;0;0;0;0;0;0;0;0;0;0;0;0;0;0;0;0;0;0;0;0;0;0;2;1;0;0;1;1;1;2012-09-30 12:00:00;-1;0;27;5;14;0;-1;1;-1;-1;-1;-1;-1;-1;0;0;1;2;0;3;-1;0;0;0;0;0;0;0;0;0;0;0;0;0;1;1;0;0;-1;-1;0;0;-1;-1;-1;-1;-1;-1;-1;-1;-1;0;9;32;55;78;9;55;64;32;0;0;4.25;1.73;Naftan;Torpedo BelAZ;1.2;0.53;1;0.64;0.78;0.87;100;91;68;46;23;0;0;0;0;0;0;249;30;Y;Y;N;N;N;N;Y
71894;815;824;2012;complete;344;26;-1;;;0;0;0;-1;-1;-1;-1;-1;1;0;0;0;-1;-1;-1;-1;-1;-1;-1;-1;-1;-1;1;0;0;0;0;0;0;0;0;0;0;0;0;0;0;0;0;0;0;0;0;0;0;0;0;0;0;0;0;0;0;0;0;0;0;0;0;0;0;0;0;0;0;0;0;0;0;0;0;0;0;0;0;0;0;0;0;0;0;0;0;0;0;0;0;0;0;0;0;0;0;0;0;0;0;0;0;2012-09-30 12:00:00;-1;0;52;19;19;0;-1;1;-1;-1;-1;-1;-1;-1;0;0;1;0;0;1;-1;0;0;0;0;0;0;0;0;0;0;0;0;0;1;1;0;0;-1;-1;0;0;-1;-1;-1;-1;-1;-1;-1;-1;-1;5;14;43;81;100;43;95;62;24;0;0;3.63;2.42;Slavia;Shakhtyor;1.4;2.2;1.6;2.36;1;2.04;96;86;58;20;0;0;0;0;0;0;0;249;30;N;N;N;N;N;N;N
71895;820;821;2012;complete;344;27;-1;77;;1;0;1;-1;-1;-1;-1;-1;0;1;0;0;-1;-1;-1;-1;-1;-1;-1;-1;-1;-1;0;1;0;0;0;0;0;0;0;0;0;0;0;0;0;0;0;0;0;0;0;0;0;0;0;0;0;0;0;0;0;0;0;0;0;0;0;0;0;0;0;0;0;0;0;0;0;0;0;0;0;0;0;0;0;0;0;0;0;0;0;0;0;0;0;0;0;0;0;0;1;0;0;1;0;1;0;2012-10-07 11:00:00;820;0;30;13;22;0;-1;1;-1;-1;-1;-1;-1;-1;0;0;0;1;0;1;-1;0;0;0;0;0;0;0;0;0;0;0;0;0;1;1;0;0;-1;-1;0;0;-1;-1;-1;-1;-1;-1;-1;-1;-1;13;26;39;53;88;35;67;57;26;0;0;4.9;2.32;Torpedo BelAZ;Minsk;1.07;1.07;1.08;1.18;0.88;1.48;87;74;61;47;13;0;0;0;0;0;0;249;30;Y;N;N;N;N;N;N
71896;825;819;2012;complete;344;27;-1;5;80;1;1;2;-1;-1;-1;-1;-1;2;3;0;0;-1;-1;-1;-1;-1;-1;-1;-1;-1;-1;2;3;0;0;0;0;0;0;0;0;0;0;0;0;0;0;0;0;0;0;0;0;0;0;0;0;0;0;0;0;0;0;0;0;0;0;0;0;0;0;0;0;0;0;0;0;0;0;0;0;0;0;0;0;0;0;0;0;0;0;0;0;0;0;0;0;0;0;0;0;2;1;0;0;1;1;1;2012-10-07 12:00:00;-1;0;33;9;13;0;-1;1;-1;-1;-1;-1;-1;-1;2;0;0;3;2;3;-1;0;0;0;0;0;0;0;0;1;0;1;0;0;1;1;1;0;-1;-1;0;0;-1;-1;-1;-1;-1;-1;-1;-1;-1;8;13;34;54;84;13;71;58;21;0;0;3.65;2;Dinamo Minsk;Naftan;2;0.73;1.92;0.58;1.75;0.79;92;88;67;46;17;0;0;0;0;0;0;249;30;Y;Y;N;N;N;N;Y
71897;818;87;2012;complete;344;27;-1;;39;0;1;1;-1;-1;-1;-1;-1;-1;-1;-1;-1;-1;-1;-1;-1;-1;-1;-1;-1;-1;-1;-1;-1;0;0;0;0;0;0;0;0;0;0;0;0;0;0;0;0;0;0;0;0;0;0;0;0;0;0;0;0;0;0;0;0;0;0;0;0;0;0;0;0;0;0;0;0;0;0;0;0;0;0;0;0;0;0;0;0;0;0;0;0;0;0;0;0;0;0;0;0;1;0;1;0;0;0;1;2012-10-07 12:00:00;87;0;19;10;5;0;-1;-1;-1;-1;-1;-1;-1;-1;-1;-1;-1;-1;-1;-1;-1;0;0;0;0;0;0;0;0;0;0;0;0;0;1;1;0;0;-1;-1;-1;-1;-1;-1;-1;-1;-1;-1;-1;-1;-1;0;15;34;57;81;19;72;57;24;0;0;2.62;1.86;Belshina;BATE;1.53;2.2;1.5;2.36;0.95;2.26;100;86;67;43;20;0;0;0;0;0;0;249;30;Y;N;N;N;N;N;N
71898;830;815;2012;complete;344;27;-1;11,13,86,90;9;4;1;5;-1;-1;-1;-1;-1;3;0;0;0;-1;-1;-1;-1;-1;-1;-1;-1;-1;-1;3;0;0;0;0;0;0;0;0;0;0;0;0;0;0;0;0;0;0;0;0;0;0;0;0;0;0;0;0;0;0;0;0;0;0;0;0;0;0;0;0;0;0;0;0;0;0;0;0;0;0;0;0;0;0;0;0;0;0;0;0;0;0;0;0;0;0;0;0;0;5;2;1;2;0;2;3;2012-10-07 14:00:00;830;0;36;14;14;0;-1;1;-1;-1;-1;-1;-1;-1;0;0;3;0;0;3;-1;0;0;0;0;0;0;0;0;0;0;0;0;0;1;1;0;1;-1;-1;0;0;-1;-1;-1;-1;-1;-1;-1;-1;-1;14;23;55;73;82;23;73;73;46;0;0;3.1;2.59;Gomel;Slavia;1.73;0.4;1.55;0.45;1.82;1;87;78;46;27;18;0;0;0;0;0;0;249;30;Y;Y;Y;Y;Y;N;Y
71899;827;816;2012;complete;344;27;-1;11,16,90;;3;0;3;-1;-1;-1;-1;-1;1;4;0;0;-1;-1;-1;-1;-1;-1;-1;-1;-1;-1;1;4;0;0;0;0;0;0;0;0;0;0;0;0;0;0;0;0;0;0;0;0;0;0;0;0;0;0;0;0;0;0;0;0;0;0;0;0;0;0;0;0;0;0;0;0;0;0;0;0;0;0;0;0;0;0;0;0;0;0;0;0;0;0;0;0;0;0;0;0;3;2;0;1;0;1;2;2012-10-07 14:00:00;827;0;41;23;9;0;-1;1;-1;-1;-1;-1;-1;-1;0;2;1;2;2;3;-1;0;0;0;0;0;0;0;1;0;1;0;0;0;1;1;0;0;-1;-1;0;0;-1;-1;-1;-1;-1;-1;-1;-1;-1;9;14;36;55;87;32;60;64;27;0;0;2.9;2.18;Neman Grodno;Dinamo Brest;1.53;0.6;1.27;0.73;1.13;0.96;91;87;64;46;14;0;0;0;0;0;0;249;30;Y;Y;Y;N;N;N;N
71900;818;830;2012;complete;344;19;-1;57;89;1;1;2;-1;-1;-1;-1;-1;2;3;1;0;-1;-1;-1;-1;-1;-1;-1;-1;-1;-1;4;3;0;0;0;0;0;0;0;0;0;0;0;0;0;0;0;0;0;0;0;0;0;0;0;0;0;0;0;0;0;0;0;0;0;0;0;0;0;0;0;0;0;0;0;0;0;0;0;0;0;0;0;0;0;0;0;0;0;0;0;0;0;0;0;0;0;0;0;0;2;0;0;1;1;2;0;2012-10-14 12:00:00;-1;0;23;9;14;0;-1;1;-1;-1;-1;-1;-1;-1;0;1;3;2;1;5;-1;0;0;0;0;0;0;0;0;0;0;0;0;0;1;1;0;0;-1;-1;0;0;-1;-1;-1;-1;-1;-1;-1;-1;-1;0;9;36;50;82;23;73;45;27;0;0;3.29;1.78;Belshina;Gomel;1.53;1.6;1.36;2.09;0.91;1.87;100;91;64;50;18;0;0;0;0;0;0;249;30;Y;Y;N;N;N;N;Y
71901;815;87;2012;complete;344;22;-1;71;20,43;1;2;3;-1;-1;-1;-1;-1;1;0;0;0;-1;-1;-1;-1;-1;-1;-1;-1;-1;-1;1;0;0;0;0;0;0;0;0;0;0;0;0;0;0;0;0;0;0;0;0;0;0;0;0;0;0;0;0;0;0;0;0;0;0;0;0;0;0;0;0;0;0;0;0;0;0;0;0;0;0;0;0;0;0;0;0;0;0;0;0;0;0;0;0;0;0;0;0;0;3;0;2;1;0;1;2;2012-10-18 12:00:00;87;0;31;9;13;0;-1;1;-1;-1;-1;-1;-1;-1;1;0;0;0;1;0;-1;0;0;0;0;0;0;0;0;0;0;0;0;0;1;1;0;0;-1;-1;0;0;-1;-1;-1;-1;-1;-1;-1;-1;-1;0;9;26;61;92;27;79;52;18;0;0;3.73;1.87;Slavia;BATE;1.4;2.2;1.55;2.42;0.96;2.29;100;92;74;39;9;0;0;0;0;0;0;249;30;Y;Y;Y;N;N;N;Y
71902;816;818;2012;complete;344;28;-1;10,21,30,90;;4;0;4;-1;-1;-1;-1;-1;0;1;0;0;-1;-1;-1;-1;-1;-1;-1;-1;-1;-1;0;1;0;0;0;0;0;0;0;0;0;0;0;0;0;0;0;0;0;0;0;0;0;0;0;0;0;0;0;0;0;0;0;0;0;0;0;0;0;0;0;0;0;0;0;0;0;0;0;0;0;0;0;0;0;0;0;0;0;0;0;0;0;0;0;0;0;0;0;0;4;3;0;1;0;1;3;2012-10-20 12:00:00;816;0;46;17;17;0;-1;1;-1;-1;-1;-1;-1;-1;0;0;0;1;0;1;-1;0;0;0;0;0;0;0;0;0;0;0;0;0;1;1;1;0;-1;-1;0;0;-1;-1;-1;-1;-1;-1;-1;-1;-1;0;9;42;63;96;17;63;71;33;0;0;4.31;2.09;Dinamo Brest;Belshina;1.33;0.47;1.17;0.5;0.92;0.92;100;92;58;38;4;0;0;0;0;0;0;249;30;Y;Y;Y;Y;N;N;N
71903;819;827;2012;complete;344;28;-1;37;;1;0;1;-1;-1;-1;-1;-1;3;2;0;0;-1;-1;-1;-1;-1;-1;-1;-1;-1;-1;3;2;0;0;0;0;0;0;0;0;0;0;0;0;0;0;0;0;0;0;0;0;0;0;0;0;0;0;0;0;0;0;0;0;0;0;0;0;0;0;0;0;0;0;0;0;0;0;0;0;0;0;0;0;0;0;0;0;0;0;0;0;0;0;0;0;0;0;0;0;1;1;0;0;0;0;1;2012-10-20 12:00:00;819;0;59;9;34;0;-1;1;-1;-1;-1;-1;-1;-1;1;1;2;1;2;3;-1;0;0;0;0;0;0;0;0;0;0;0;0;0;1;1;0;0;-1;-1;0;0;-1;-1;-1;-1;-1;-1;-1;-1;-1;13;25;46;75;88;21;75;75;46;0;0;3.33;2.67;Naftan;Neman Grodno;1.2;1.2;1;1;0.8;1.21;88;75;54;25;13;0;0;0;0;0;0;249;30;Y;N;N;N;N;N;N
71904;821;825;2012;complete;344;28;-1;;55,64;0;2;2;-1;-1;-1;-1;-1;4;1;0;0;-1;-1;-1;-1;-1;-1;-1;-1;-1;-1;4;1;0;0;0;0;0;0;0;0;0;0;0;0;0;0;0;0;0;0;0;0;0;0;0;0;0;0;0;0;0;0;0;0;0;0;0;0;0;0;0;0;0;0;0;0;0;0;0;0;0;0;0;0;0;0;0;0;0;0;0;0;0;0;0;0;0;0;0;0;2;0;0;0;2;2;0;2012-10-20 12:00:00;825;0;34;21;13;0;-1;1;-1;-1;-1;-1;-1;-1;3;1;1;0;4;1;-1;0;0;0;0;0;0;0;0;0;0;0;0;0;1;1;0;0;-1;-1;0;0;-1;-1;-1;-1;-1;-1;-1;-1;-1;9;13;38;63;80;30;71;59;34;0;0;4.09;2.13;Minsk;Dinamo Minsk;1.53;1.73;1.75;1.58;1.42;1.72;92;88;63;38;21;0;0;0;0;0;0;249;30;Y;Y;N;N;N;N;N
71905;824;830;2012;complete;344;28;-1;31,64,76,90;50;4;1;5;-1;-1;-1;-1;-1;2;2;0;0;-1;-1;-1;-1;-1;-1;-1;-1;-1;-1;2;2;0;0;0;0;0;0;0;0;0;0;0;0;0;0;0;0;0;0;0;0;0;0;0;0;0;0;0;0;0;0;0;0;0;0;0;0;0;0;0;0;0;0;0;0;0;0;0;0;0;0;0;0;0;0;0;0;0;0;0;0;0;0;0;0;0;0;0;0;5;1;0;3;1;4;1;2012-10-20 14:00:00;824;0;42;13;29;0;-1;1;-1;-1;-1;-1;-1;-1;2;0;0;2;2;2;-1;0;0;0;0;0;0;0;0;0;0;0;0;0;1;1;0;0;-1;-1;0;0;-1;-1;-1;-1;-1;-1;-1;-1;-1;13;13;38;63;92;29;75;54;38;0;0;3.28;2.29;Shakhtyor;Gomel;1.87;1.6;1.75;2;2;1.83;88;88;63;38;8;0;0;0;0;0;0;249;30;Y;Y;Y;Y;Y;N;Y
71906;815;820;2012;complete;344;28;-1;55,80,80;49,54;3;2;5;-1;-1;-1;-1;-1;1;1;0;0;-1;-1;-1;-1;-1;-1;-1;-1;-1;-1;1;1;0;0;0;0;0;0;0;0;0;0;0;0;0;0;0;0;0;0;0;0;0;0;0;0;0;0;0;0;0;0;0;0;0;0;0;0;0;0;0;0;0;0;0;0;0;0;0;0;0;0;0;0;0;0;0;0;0;0;0;0;0;0;0;0;0;0;0;0;5;0;0;3;2;5;0;2012-10-23 11:00:00;815;0;34;8;9;0;-1;1;-1;-1;-1;-1;-1;-1;0;1;1;0;1;1;-1;0;0;0;0;0;0;0;1;1;1;1;0;0;1;1;0;0;-1;-1;0;0;-1;-1;-1;-1;-1;-1;-1;-1;-1;0;4;21;59;84;25;67;54;17;0;0;4.54;1.67;Slavia;Torpedo BelAZ;1.4;0.53;1.42;0.67;0.92;0.96;100;96;80;42;17;0;0;0;0;0;0;249;30;Y;Y;Y;Y;Y;N;Y
71907;825;815;2012;complete;344;29;-1;31,49,80,90;60,67;4;2;6;-1;-1;-1;-1;-1;3;2;0;0;-1;-1;-1;-1;-1;-1;-1;-1;-1;-1;3;2;0;0;0;0;0;0;0;0;0;0;0;0;0;0;0;0;0;0;0;0;0;0;0;0;0;0;0;0;0;0;0;0;0;0;0;0;0;0;0;0;0;0;0;0;0;0;0;0;0;0;0;0;0;0;0;0;0;0;0;0;0;0;0;0;0;0;0;0;6;1;0;3;2;5;1;2012-10-27 11:30:00;825;0;40;20;13;0;-1;1;-1;-1;-1;-1;-1;-1;1;1;2;1;2;3;-1;0;0;0;0;0;0;0;0;0;0;0;0;0;1;1;0;0;-1;-1;0;0;-1;-1;-1;-1;-1;-1;-1;-1;-1;21;29;53;69;88;29;76;73;38;0;0;3.25;2.75;Dinamo Minsk;Slavia;2;0.4;1.85;0.42;1.77;1;80;72;47;32;13;0;0;0;0;0;0;249;30;Y;Y;Y;Y;Y;Y;Y
71908;818;819;2012;complete;344;29;-1;20,75,83;18,72;3;2;5;-1;-1;-1;-1;-1;5;2;0;0;-1;-1;-1;-1;-1;-1;-1;-1;-1;-1;5;2;0;0;0;0;0;0;0;0;0;0;0;0;0;0;0;0;0;0;0;0;0;0;0;0;0;0;0;0;0;0;0;0;0;0;0;0;0;0;0;0;0;0;0;0;0;0;0;0;0;0;0;0;0;0;0;0;0;0;0;0;0;0;0;0;0;0;0;0;5;1;1;2;1;3;2;2012-10-27 12:00:00;818;0;28;4;12;0;-1;1;-1;-1;-1;-1;-1;-1;1;1;4;1;2;5;-1;0;0;0;0;0;0;0;0;0;0;0;0;0;1;1;0;0;-1;-1;0;0;-1;-1;-1;-1;-1;-1;-1;-1;-1;4;13;36;56;76;13;68;56;32;0;0;3.12;1.88;Belshina;Naftan;1.53;0.73;1.33;0.62;0.88;0.88;96;88;65;44;24;0;0;0;0;0;0;249;30;Y;Y;Y;Y;Y;N;Y
71909;827;821;2012;complete;344;29;-1;32,62;84;2;1;3;-1;-1;-1;-1;-1;1;1;0;0;-1;-1;-1;-1;-1;-1;-1;-1;-1;-1;1;1;0;0;0;0;0;0;0;0;0;0;0;0;0;0;0;0;0;0;0;0;0;0;0;0;0;0;0;0;0;0;0;0;0;0;0;0;0;0;0;0;0;0;0;0;0;0;0;0;0;0;0;0;0;0;0;0;0;0;0;0;0;0;0;0;0;0;0;0;3;1;0;1;1;2;1;2012-10-27 14:00:00;827;0;29;8;13;0;-1;1;-1;-1;-1;-1;-1;-1;1;1;0;0;2;0;-1;0;0;0;0;0;0;0;0;0;0;0;0;0;1;1;0;0;-1;-1;0;0;-1;-1;-1;-1;-1;-1;-1;-1;-1;8;17;42;63;92;38;75;63;25;0;0;4.18;2.42;Neman Grodno;Minsk;1.53;1.07;1.42;1.08;1.16;1.36;92;84;58;38;9;0;0;0;0;0;0;249;30;Y;Y;Y;N;N;N;Y
71910;820;824;2012;complete;344;29;-1;;44,84;0;2;2;-1;-1;-1;-1;-1;0;3;0;0;-1;-1;-1;-1;-1;-1;-1;-1;-1;-1;0;3;0;0;0;0;0;0;0;0;0;0;0;0;0;0;0;0;0;0;0;0;0;0;0;0;0;0;0;0;0;0;0;0;0;0;0;0;0;0;0;0;0;0;0;0;0;0;0;0;0;0;0;0;0;0;0;0;0;0;0;0;0;0;0;0;0;0;0;0;2;0;1;0;1;1;1;2012-10-28 11:00:00;824;0;45;20;20;0;-1;1;-1;-1;-1;-1;-1;-1;0;0;0;3;0;3;-1;0;0;0;0;0;0;0;0;0;0;0;0;0;1;1;0;0;-1;-1;0;0;-1;-1;-1;-1;-1;-1;-1;-1;-1;12;20;41;61;85;33;65;65;24;0;0;3.19;2.21;Torpedo BelAZ;Shakhtyor;1.07;2.2;1.23;2.25;0.92;2.04;89;80;60;40;16;0;0;0;0;0;0;249;30;Y;Y;N;N;N;N;N
71911;87;816;2012;complete;344;29;-1;10,50,90;76;3;1;4;-1;-1;-1;-1;-1;0;2;0;0;-1;-1;-1;-1;-1;-1;-1;-1;-1;-1;0;2;0;0;0;0;0;0;0;0;0;0;0;0;0;0;0;0;0;0;0;0;0;0;0;0;0;0;0;0;0;0;0;0;0;0;0;0;0;0;0;0;0;0;0;0;0;0;0;0;0;0;0;0;0;0;0;0;0;0;0;0;0;0;0;0;0;0;0;0;4;1;0;2;1;3;1;2012-10-28 14:00:00;87;0;38;25;8;0;-1;1;-1;-1;-1;-1;-1;-1;0;1;0;1;1;1;-1;0;0;0;0;0;0;0;0;0;0;0;0;0;1;1;1;0;-1;-1;0;0;-1;-1;-1;-1;-1;-1;-1;-1;-1;8;21;42;59;88;46;63;59;29;0;0;2.89;2.25;BATE;Dinamo Brest;2.33;0.6;2.17;0.67;2.32;1;92;79;58;42;13;0;0;0;0;0;0;249;30;Y;Y;Y;Y;N;N;Y
71912;830;816;2012;complete;344;20;-1;45,62;;2;0;2;-1;-1;-1;-1;-1;1;1;0;0;-1;-1;-1;-1;-1;-1;-1;-1;-1;-1;1;1;0;0;0;0;0;0;0;0;0;0;0;0;0;0;0;0;0;0;0;0;0;0;0;0;0;0;0;0;0;0;0;0;0;0;0;0;0;0;0;0;0;0;0;0;0;0;0;0;0;0;0;0;0;0;0;0;0;0;0;0;0;0;0;0;0;0;0;0;2;1;0;1;0;1;1;2012-11-01 15:00:00;830;0;44;24;12;0;-1;1;-1;-1;-1;-1;-1;-1;0;0;1;1;0;2;-1;0;0;0;0;0;0;0;0;0;0;0;0;0;1;1;0;0;-1;-1;0;0;-1;-1;-1;-1;-1;-1;-1;-1;-1;8;20;40;61;88;28;69;68;32;0;0;3.34;2.2;Gomel;Dinamo Brest;1.73;0.6;1.67;0.62;1.76;0.96;92;80;61;40;13;0;0;0;0;0;0;249;30;Y;Y;N;N;N;N;N
71913;815;827;2012;complete;344;30;-1;;53;0;1;1;-1;-1;-1;-1;-1;1;3;1;0;-1;-1;-1;-1;-1;-1;-1;-1;-1;-1;3;3;0;0;0;0;0;0;0;0;0;0;0;0;0;0;0;0;0;0;0;0;0;0;0;0;0;0;0;0;0;0;0;0;0;0;0;0;0;0;0;0;0;0;0;0;0;0;0;0;0;0;0;0;0;0;0;0;0;0;0;0;0;0;0;0;0;0;0;0;1;0;0;0;1;1;0;2012-11-03 11:00:00;827;0;58;12;31;0;-1;1;-1;-1;-1;-1;-1;-1;0;0;2;3;0;5;-1;0;0;0;0;0;0;0;0;0;0;0;0;0;1;1;0;0;-1;-1;0;0;-1;-1;-1;-1;-1;-1;-1;-1;-1;16;23;38;73;92;35;81;62;35;0;0;3.67;2.62;Slavia;Neman Grodno;1.4;1.2;1.54;0.92;0.96;1.23;85;77;62;27;8;0;0;0;0;0;0;249;30;Y;N;N;N;N;N;N
71914;819;87;2012;complete;344;30;-1;42;;1;0;1;-1;-1;-1;-1;-1;1;0;0;0;-1;-1;-1;-1;-1;-1;-1;-1;-1;-1;1;0;0;0;0;0;0;0;0;0;0;0;0;0;0;0;0;0;0;0;0;0;0;0;0;0;0;0;0;0;0;0;0;0;0;0;0;0;0;0;0;0;0;0;0;0;0;0;0;0;0;0;0;0;0;0;0;0;0;0;0;0;0;0;0;0;0;0;0;0;1;1;0;0;0;0;1;2012-11-03 11:30:00;819;0;35;4;16;0;-1;1;-1;-1;-1;-1;-1;-1;1;0;0;0;1;0;-1;0;0;0;0;0;0;0;0;0;0;0;0;0;1;1;0;0;-1;-1;0;0;-1;-1;-1;-1;-1;-1;-1;-1;-1;0;12;39;62;89;16;73;66;27;0;0;3.2;2;Naftan;BATE;1.2;2.2;1.15;2.46;0.85;2.35;100;89;62;38;12;0;0;0;0;0;0;249;30;Y;N;N;N;N;N;N
71915;821;818;2012;complete;344;30;-1;50,50;33,90;2;2;4;-1;-1;-1;-1;-1;3;4;1;1;-1;-1;-1;-1;-1;-1;-1;-1;-1;-1;4;5;0;0;0;0;0;0;0;0;0;0;0;0;0;0;0;0;0;0;0;0;0;0;0;0;0;0;0;0;0;0;0;0;0;0;0;0;0;0;0;0;0;0;0;0;0;0;0;0;0;0;0;0;0;0;0;0;0;0;0;0;0;0;0;0;0;0;0;0;4;0;1;2;1;3;1;2012-11-03 11:30:00;-1;0;39;23;19;0;-1;1;-1;-1;-1;-1;-1;-1;1;1;3;4;2;7;-1;0;0;0;0;0;0;0;0;1;0;1;0;0;1;1;0;0;-1;-1;0;0;-1;-1;-1;-1;-1;-1;-1;-1;-1;8;19;50;66;92;31;62;73;43;0;0;3.84;2.46;Minsk;Belshina;1.53;0.47;1.62;0.46;1.31;0.96;93;81;50;35;8;0;0;0;0;0;0;249;30;Y;Y;Y;Y;N;N;Y
71916;824;825;2012;complete;344;30;-1;89;16;1;1;2;-1;-1;-1;-1;-1;1;2;0;0;-1;-1;-1;-1;-1;-1;-1;-1;-1;-1;1;2;0;0;0;0;0;0;0;0;0;0;0;0;0;0;0;0;0;0;0;0;0;0;0;0;0;0;0;0;0;0;0;0;0;0;0;0;0;0;0;0;0;0;0;0;0;0;0;0;0;0;0;0;0;0;0;0;0;0;0;0;0;0;0;0;0;0;0;0;2;0;1;1;0;1;1;2012-11-04 13:00:00;-1;0;31;12;16;0;-1;1;-1;-1;-1;-1;-1;-1;0;0;1;2;0;3;-1;0;0;0;0;0;0;0;0;0;0;0;0;0;1;1;0;0;-1;-1;0;0;-1;-1;-1;-1;-1;-1;-1;-1;-1;16;20;31;62;81;23;74;54;35;0;0;2.92;2.19;Shakhtyor;Dinamo Minsk;1.87;1.73;1.85;1.69;2.08;1.81;85;81;70;39;20;0;0;0;0;0;0;249;30;Y;Y;N;N;N;N;Y
71917;830;820;2012;complete;344;30;-1;26,58,85;;3;0;3;-1;-1;-1;-1;-1;0;0;1;0;-1;-1;-1;-1;-1;-1;-1;-1;-1;-1;2;0;0;0;0;0;0;0;0;0;0;0;0;0;0;0;0;0;0;0;0;0;0;0;0;0;0;0;0;0;0;0;0;0;0;0;0;0;0;0;0;0;0;0;0;0;0;0;0;0;0;0;0;0;0;0;0;0;0;0;0;0;0;0;0;0;0;0;0;0;3;1;0;2;0;2;1;2012-11-04 14:00:00;830;0;35;12;8;0;-1;1;-1;-1;-1;-1;-1;-1;0;0;1;0;0;1;-1;0;0;0;0;0;0;0;1;0;1;0;0;0;1;1;0;0;-1;-1;0;0;-1;-1;-1;-1;-1;-1;-1;-1;-1;8;12;23;62;81;12;62;66;27;0;0;4.12;1.85;Gomel;Torpedo BelAZ;1.73;0.53;1.77;0.62;1.81;0.89;92;89;77;39;19;0;0;0;0;0;0;249;30;Y;Y;Y;N;N;N;N
71918;825;830;2012;complete;344;31;-1;76;;1;0;1;-1;-1;-1;-1;-1;1;0;0;0;-1;-1;-1;-1;-1;-1;-1;-1;-1;-1;1;0;0;0;0;0;0;0;0;0;0;0;0;0;0;0;0;0;0;0;0;0;0;0;0;0;0;0;0;0;0;0;0;0;0;0;0;0;0;0;0;0;0;0;0;0;0;0;0;0;0;0;0;0;0;0;0;0;0;0;0;0;0;0;0;0;0;0;0;0;1;0;0;1;0;1;0;2012-11-10 11:00:00;825;0;45;11;26;0;-1;1;-1;-1;-1;-1;-1;-1;1;0;0;0;1;0;-1;0;0;0;0;0;0;0;0;0;0;0;0;0;1;1;0;0;-1;-1;0;0;-1;-1;-1;-1;-1;-1;-1;-1;-1;11;15;34;60;93;19;74;59;26;0;0;4.34;2.19;Dinamo Minsk;Gomel;2;1.6;1.93;1.85;1.79;1.85;89;86;67;41;8;0;0;0;0;0;0;249;30;Y;N;N;N;N;N;N
71919;818;815;2012;complete;344;31;-1;;;0;0;0;-1;-1;-1;-1;-1;0;1;0;0;-1;-1;-1;-1;-1;-1;-1;-1;-1;-1;0;1;0;0;0;0;0;0;0;0;0;0;0;0;0;0;0;0;0;0;0;0;0;0;0;0;0;0;0;0;0;0;0;0;0;0;0;0;0;0;0;0;0;0;0;0;0;0;0;0;0;0;0;0;0;0;0;0;0;0;0;0;0;0;0;0;0;0;0;0;0;0;0;0;0;0;0;2012-11-10 11:00:00;-1;0;35;19;19;0;-1;1;-1;-1;-1;-1;-1;-1;0;0;0;1;0;1;-1;0;0;0;0;0;0;0;0;0;0;0;0;0;1;1;0;0;-1;-1;0;0;-1;-1;-1;-1;-1;-1;-1;-1;-1;23;35;62;70;81;31;73;70;54;0;0;3.01;2.85;Belshina;Slavia;1.53;0.4;1.46;0.38;0.96;0.93;77;66;39;31;19;0;0;0;0;0;0;249;30;N;N;N;N;N;N;N
71920;816;819;2012;complete;344;31;-1;;80;0;1;1;-1;-1;-1;-1;-1;1;0;0;0;-1;-1;-1;-1;-1;-1;-1;-1;-1;-1;1;0;0;0;0;0;0;0;0;0;0;0;0;0;0;0;0;0;0;0;0;0;0;0;0;0;0;0;0;0;0;0;0;0;0;0;0;0;0;0;0;0;0;0;0;0;0;0;0;0;0;0;0;0;0;0;0;0;0;0;0;0;0;0;0;0;0;0;0;0;1;0;0;0;1;1;0;2012-11-10 11:00:00;819;0;49;11;18;0;-1;1;-1;-1;-1;-1;-1;-1;1;0;0;0;1;0;-1;0;0;0;0;0;0;0;0;0;0;0;0;0;1;1;0;0;-1;-1;0;0;-1;-1;-1;-1;-1;-1;-1;-1;-1;7;11;45;71;90;19;74;71;34;0;0;4.31;2.26;Dinamo Brest;Naftan;1.33;0.73;1.31;0.57;0.93;0.93;93;89;56;30;11;0;0;0;0;0;0;249;30;Y;N;N;N;N;N;N
71921;827;824;2012;complete;344;31;-1;;3,15,63,90;0;4;4;-1;-1;-1;-1;-1;2;0;0;0;-1;-1;-1;-1;-1;-1;-1;-1;-1;-1;2;0;0;0;0;0;0;0;0;0;0;0;0;0;0;0;0;0;0;0;0;0;0;0;0;0;0;0;0;0;0;0;0;0;0;0;0;0;0;0;0;0;0;0;0;0;0;0;0;0;0;0;0;0;0;0;0;0;0;0;0;0;0;0;0;0;0;0;0;0;4;0;2;0;2;2;2;2012-11-11 11:00:00;824;0;46;16;15;0;-1;1;-1;-1;-1;-1;-1;-1;1;0;1;0;1;1;-1;0;0;0;0;0;0;0;0;0;0;0;0;0;1;1;0;1;-1;-1;0;0;-1;-1;-1;-1;-1;-1;-1;-1;-1;8;12;46;77;89;35;81;69;27;0;0;2.92;2.42;Neman Grodno;Shakhtyor;1.53;2.2;1.54;2.31;1.3;2.04;92;89;54;23;12;0;0;0;0;0;0;249;30;Y;Y;Y;Y;N;N;N
71922;87;821;2012;complete;344;31;-1;23,54,64,71,82;29;5;1;6;-1;-1;-1;-1;-1;3;5;0;1;-1;-1;-1;-1;-1;-1;-1;-1;-1;-1;3;6;0;0;0;0;0;0;0;0;0;0;0;0;0;0;0;0;0;0;0;0;0;0;0;0;0;0;0;0;0;0;0;0;0;0;0;0;0;0;0;0;0;0;0;0;0;0;0;0;0;0;0;0;0;0;0;0;0;0;0;0;0;0;0;0;0;0;0;0;6;1;1;4;0;4;2;2012-11-11 13:00:00;87;0;35;12;19;0;-1;1;-1;-1;-1;-1;-1;-1;0;3;3;3;3;6;-1;0;0;0;0;0;0;0;1;0;1;0;0;0;1;1;0;0;-1;-1;0;1;-1;-1;-1;-1;-1;-1;-1;-1;-1;8;27;46;66;93;42;77;58;35;0;0;3.73;2.5;BATE;Minsk;2.33;1.07;2.23;1;2.26;1.3;92;73;54;35;8;0;0;0;0;0;0;249;30;Y;Y;Y;Y;Y;Y;Y
71923;821;816;2012;complete;344;32;-1;;;0;0;0;-1;-1;-1;-1;-1;0;2;0;0;-1;-1;-1;-1;-1;-1;-1;-1;-1;-1;0;2;0;0;0;0;0;0;0;0;0;0;0;0;0;0;0;0;0;0;0;0;0;0;0;0;0;0;0;0;0;0;0;0;0;0;0;0;0;0;0;0;0;0;0;0;0;0;0;0;0;0;0;0;0;0;0;0;0;0;0;0;0;0;0;0;0;0;0;0;0;0;0;0;0;0;0;2012-11-17 11:00:00;-1;0;47;29;22;0;-1;1;-1;-1;-1;-1;-1;-1;0;0;0;2;0;2;-1;0;0;0;0;0;0;0;0;0;0;0;0;0;1;1;0;0;-1;-1;0;0;-1;-1;-1;-1;-1;-1;-1;-1;-1;11;21;50;68;93;36;68;75;43;0;0;3.93;2.58;Minsk;Dinamo Brest;1.53;0.6;1.57;0.57;1.25;0.89;90;79;50;32;7;0;0;0;0;0;0;249;30;N;N;N;N;N;N;N
71924;815;87;2012;complete;344;32;-1;;;0;0;0;-1;-1;-1;-1;-1;4;1;0;0;-1;-1;-1;-1;-1;-1;-1;-1;-1;-1;4;1;0;0;0;0;0;0;0;0;0;0;0;0;0;0;0;0;0;0;0;0;0;0;0;0;0;0;0;0;0;0;0;0;0;0;0;0;0;0;0;0;0;0;0;0;0;0;0;0;0;0;0;0;0;0;0;0;0;0;0;0;0;0;0;0;0;0;0;0;0;0;0;0;0;0;0;2012-11-17 11:00:00;-1;0;36;7;14;0;-1;1;-1;-1;-1;-1;-1;-1;2;0;2;1;2;3;-1;0;0;0;0;0;0;0;0;0;0;0;0;0;1;1;0;0;-1;-1;0;0;-1;-1;-1;-1;-1;-1;-1;-1;-1;4;11;33;61;93;29;75;57;18;0;0;3.38;2;Slavia;BATE;1.4;2.2;1.43;2.29;0.93;2.29;97;90;68;40;7;0;0;0;0;0;0;249;30;N;N;N;N;N;N;N
71925;824;818;2012;complete;344;32;-1;47,68,73;69;3;1;4;-1;-1;-1;-1;-1;2;1;0;0;-1;-1;-1;-1;-1;-1;-1;-1;-1;-1;2;1;0;0;0;0;0;0;0;0;0;0;0;0;0;0;0;0;0;0;0;0;0;0;0;0;0;0;0;0;0;0;0;0;0;0;0;0;0;0;0;0;0;0;0;0;0;0;0;0;0;0;0;0;0;0;0;0;0;0;0;0;0;0;0;0;0;0;0;0;4;0;0;3;1;4;0;2012-11-17 11:00:00;824;0;43;14;25;0;-1;1;-1;-1;-1;-1;-1;-1;1;0;1;1;1;2;-1;0;0;0;0;0;0;0;1;0;1;0;0;0;1;1;0;0;-1;-1;0;0;-1;-1;-1;-1;-1;-1;-1;-1;-1;15;29;47;64;93;25;72;68;40;0;0;2.85;2.58;Shakhtyor;Belshina;1.87;0.47;1.79;0.5;2.07;0.96;86;71;54;36;7;0;0;0;0;0;0;249;30;Y;Y;Y;Y;N;N;Y
71926;830;827;2012;complete;344;32;-1;;9;0;1;1;-1;-1;-1;-1;-1;5;2;1;0;-1;-1;-1;-1;-1;-1;-1;-1;-1;-1;6;2;0;0;0;0;0;0;0;0;0;0;0;0;0;0;0;0;0;0;0;0;0;0;0;0;0;0;0;0;0;0;0;0;0;0;0;0;0;0;0;0;0;0;0;0;0;0;0;0;0;0;0;0;0;0;0;0;0;0;0;0;0;0;0;0;0;0;0;0;1;0;1;0;0;0;1;2012-11-17 11:00:00;827;0;50;14;22;0;-1;1;-1;-1;-1;-1;-1;-1;5;1;1;1;6;2;-1;0;0;0;0;0;0;0;0;0;0;0;0;0;1;1;0;1;-1;-1;0;0;-1;-1;-1;-1;-1;-1;-1;-1;-1;14;22;36;71;90;22;79;71;40;0;0;3.57;2.5;Gomel;Neman Grodno;1.73;1.2;1.86;1.07;1.79;1.25;86;79;64;29;11;0;0;0;0;0;0;249;30;Y;N;N;N;N;N;N
71927;820;825;2012;complete;344;32;-1;;62,81;0;2;2;-1;-1;-1;-1;-1;3;1;0;0;-1;-1;-1;-1;-1;-1;-1;-1;-1;-1;3;1;0;0;0;0;0;0;0;0;0;0;0;0;0;0;0;0;0;0;0;0;0;0;0;0;0;0;0;0;0;0;0;0;0;0;0;0;0;0;0;0;0;0;0;0;0;0;0;0;0;0;0;0;0;0;0;0;0;0;0;0;0;0;0;0;0;0;0;0;2;0;0;0;2;2;0;2012-11-17 11:00:00;825;0;25;11;11;0;-1;1;-1;-1;-1;-1;-1;-1;2;0;1;1;2;2;-1;0;0;0;0;0;0;0;0;1;0;1;0;0;1;1;0;0;-1;-1;0;0;-1;-1;-1;-1;-1;-1;-1;-1;-1;7;14;22;50;75;18;54;57;21;0;0;3.69;1.72;Torpedo BelAZ;Dinamo Minsk;1.07;1.73;1.14;1.64;0.86;1.83;93;86;79;50;25;0;0;0;0;0;0;249;30;Y;Y;N;N;N;N;N
71928;827;820;2012;complete;344;33;-1;86,90;4;2;1;3;-1;-1;-1;-1;-1;1;1;0;0;-1;-1;-1;-1;-1;-1;-1;-1;-1;-1;1;1;0;0;0;0;0;0;0;0;0;0;0;0;0;0;0;0;0;0;0;0;0;0;0;0;0;0;0;0;0;0;0;0;0;0;0;0;0;0;0;0;0;0;0;0;0;0;0;0;0;0;0;0;0;0;0;0;0;0;0;0;0;0;0;0;0;0;0;0;3;0;1;2;0;2;1;2012-11-25 10:00:00;827;0;33;7;11;0;-1;1;-1;-1;-1;-1;-1;-1;0;1;1;0;1;1;-1;0;0;0;0;0;0;0;0;0;0;0;0;0;1;1;0;1;-1;-1;0;0;-1;-1;-1;-1;-1;-1;-1;-1;-1;7;11;36;64;83;22;61;68;33;0;0;3.77;2.11;Neman Grodno;Torpedo BelAZ;1.53;0.53;1.43;0.57;1.31;0.83;93;90;65;36;18;0;0;0;0;0;0;249;30;Y;Y;Y;N;N;N;Y
71929;818;830;2012;complete;344;33;-1;33,39,88;86;3;1;4;-1;-1;-1;-1;-1;-1;-1;-1;-1;-1;-1;-1;-1;-1;-1;-1;-1;-1;-1;-1;-1;0;0;0;0;0;0;0;0;0;0;0;0;0;0;0;0;0;0;0;0;0;0;0;0;0;0;0;0;0;0;0;0;0;0;0;0;0;0;0;0;0;0;0;0;0;0;0;0;0;0;0;0;0;0;0;0;0;0;0;0;0;0;0;0;0;0;0;0;4;2;0;1;1;2;2;2012-11-25 10:00:00;818;0;32;11;25;0;-1;-1;-1;-1;-1;-1;-1;-1;-1;-1;-1;-1;-1;-1;-1;0;0;0;0;0;0;0;0;0;0;0;0;0;1;1;0;0;-1;-1;-1;-1;-1;-1;-1;-1;-1;-1;-1;-1;-1;7;14;36;54;82;21;64;54;36;0;0;3.65;1.93;Belshina;Gomel;1.53;1.6;1.43;1.71;0.93;1.72;93;86;64;47;18;0;0;0;0;0;0;249;30;Y;Y;Y;Y;N;N;Y
71930;87;824;2012;complete;344;33;-1;35,51;53;2;1;3;-1;-1;-1;-1;-1;2;2;0;0;-1;-1;-1;-1;-1;-1;-1;-1;-1;-1;2;2;0;0;0;0;0;0;0;0;0;0;0;0;0;0;0;0;0;0;0;0;0;0;0;0;0;0;0;0;0;0;0;0;0;0;0;0;0;0;0;0;0;0;0;0;0;0;0;0;0;0;0;0;0;0;0;0;0;0;0;0;0;0;0;0;0;0;0;0;3;1;0;1;1;2;1;2012-11-25 10:00:00;87;0;47;21;14;0;-1;1;-1;-1;-1;-1;-1;-1;1;0;1;2;1;3;-1;0;0;0;0;0;0;0;0;0;0;0;0;0;1;1;0;0;-1;-1;0;0;-1;-1;-1;-1;-1;-1;-1;-1;-1;11;29;50;79;90;47;82;64;36;0;0;2.67;2.64;BATE;Shakhtyor;2.33;2.2;2.29;2.36;2.24;2.1;90;72;50;22;11;0;0;0;0;0;0;249;30;Y;Y;Y;N;N;N;Y
71931;816;815;2012;complete;344;33;-1;4,66;;2;0;2;-1;-1;-1;-1;-1;2;8;1;0;-1;-1;-1;-1;-1;-1;-1;-1;-1;-1;4;8;0;0;0;0;0;0;0;0;0;0;0;0;0;0;0;0;0;0;0;0;0;0;0;0;0;0;0;0;0;0;0;0;0;0;0;0;0;0;0;0;0;0;0;0;0;0;0;0;0;0;0;0;0;0;0;0;0;0;0;0;0;0;0;0;0;0;0;0;2;1;0;1;0;1;1;2012-11-25 10:00:00;816;0;47;18;18;0;-1;1;-1;-1;-1;-1;-1;-1;1;4;2;4;5;6;-1;0;0;0;0;0;0;0;0;0;0;0;0;0;1;1;1;0;-1;-1;0;1;-1;-1;-1;-1;-1;-1;-1;-1;-1;18;25;61;75;90;29;71;79;47;0;0;3.72;2.82;Dinamo Brest;Slavia;1.33;0.4;1.21;0.43;0.9;0.93;82;75;39;25;11;0;0;0;0;0;0;249;30;Y;Y;N;N;N;N;N
71932;819;821;2012;complete;344;33;-1;72;39,56;1;2;3;-1;-1;-1;-1;-1;4;1;0;0;-1;-1;-1;-1;-1;-1;-1;-1;-1;-1;4;1;0;0;0;0;0;0;0;0;0;0;0;0;0;0;0;0;0;0;0;0;0;0;0;0;0;0;0;0;0;0;0;0;0;0;0;0;0;0;0;0;0;0;0;0;0;0;0;0;0;0;0;0;0;0;0;0;0;0;0;0;0;0;0;0;0;0;0;0;3;0;1;1;1;2;1;2012-11-25 10:00:00;821;0;36;7;21;0;-1;1;-1;-1;-1;-1;-1;-1;1;0;3;1;1;4;-1;0;0;0;0;0;0;0;0;0;0;0;0;0;1;1;0;0;-1;-1;0;0;-1;-1;-1;-1;-1;-1;-1;-1;-1;7;22;47;61;93;25;79;64;36;0;0;4.42;2.4;Naftan;Minsk;1.2;1.07;1.29;0.93;1;1.24;93;79;54;40;7;0;0;0;0;0;0;249;30;Y;Y;Y;N;N;N;Y
