ID;HOMEID;AWAYID;SEASON;STATUS;ROUNDID;GAME_WEEK;REVISED_GAME_WEEK;HOMEGOALS;AWAYGOALS;HOMEGOALCOUNT;AWAYGOALCOUNT;TOTALGOALCOUNT;TEAM_A_CORNERS;TEAM_B_CORNERS;TOTALCORNERCOUNT;TEAM_A_OFFSIDES;TEAM_B_OFFSIDES;TEAM_A_YELLOW_CARDS;TEAM_B_YELLOW_CARDS;TEAM_A_RED_CARDS;TEAM_B_RED_CARDS;TEAM_A_SHOTSONTARGET;TEAM_B_SHOTSONTARGET;TEAM_A_SHOTSOFFTARGET;TEAM_B_SHOTSOFFTARGET;TEAM_A_SHOTS;TEAM_B_SHOTS;TEAM_A_FOULS;TEAM_B_FOULS;TEAM_A_POSSESSION;TEAM_B_POSSESSION;TEAM_A_CARDS_NUM;TEAM_B_CARDS_NUM;ODDS_FT_1;ODDS_FT_X;ODDS_FT_2;ODDS_FT_OVER05;ODDS_FT_OVER15;ODDS_FT_OVER25;ODDS_FT_OVER35;ODDS_FT_OVER45;ODDS_FT_UNDER05;ODDS_FT_UNDER15;ODDS_FT_UNDER25;ODDS_FT_UNDER35;ODDS_FT_UNDER45;ODDS_BTTS_YES;ODDS_BTTS_NO;ODDS_TEAM_A_CS_YES;ODDS_TEAM_A_CS_NO;ODDS_TEAM_B_CS_YES;ODDS_TEAM_B_CS_NO;ODDS_DOUBLECHANCE_1X;ODDS_DOUBLECHANCE_12;ODDS_DOUBLECHANCE_X2;ODDS_1ST_HALF_RESULT_1;ODDS_1ST_HALF_RESULT_X;ODDS_1ST_HALF_RESULT_2;ODDS_2ND_HALF_RESULT_1;ODDS_2ND_HALF_RESULT_X;ODDS_2ND_HALF_RESULT_2;ODDS_DNB_1;ODDS_DNB_2;ODDS_CORNERS_OVER_75;ODDS_CORNERS_OVER_85;ODDS_CORNERS_OVER_95;ODDS_CORNERS_OVER_105;ODDS_CORNERS_OVER_115;ODDS_CORNERS_UNDER_75;ODDS_CORNERS_UNDER_85;ODDS_CORNERS_UNDER_95;ODDS_CORNERS_UNDER_105;ODDS_CORNERS_UNDER_115;ODDS_CORNERS_1;ODDS_CORNERS_X;ODDS_CORNERS_2;ODDS_TEAM_TO_SCORE_FIRST_1;ODDS_TEAM_TO_SCORE_FIRST_X;ODDS_TEAM_TO_SCORE_FIRST_2;ODDS_WIN_TO_NIL_1;ODDS_WIN_TO_NIL_2;ODDS_1ST_HALF_OVER05;ODDS_1ST_HALF_OVER15;ODDS_1ST_HALF_OVER25;ODDS_1ST_HALF_OVER35;ODDS_1ST_HALF_UNDER05;ODDS_1ST_HALF_UNDER15;ODDS_1ST_HALF_UNDER25;ODDS_1ST_HALF_UNDER35;ODDS_2ND_HALF_OVER05;ODDS_2ND_HALF_OVER15;ODDS_2ND_HALF_OVER25;ODDS_2ND_HALF_OVER35;ODDS_2ND_HALF_UNDER05;ODDS_2ND_HALF_UNDER15;ODDS_2ND_HALF_UNDER25;ODDS_2ND_HALF_UNDER35;ODDS_BTTS_1ST_HALF_YES;ODDS_BTTS_1ST_HALF_NO;ODDS_BTTS_2ND_HALF_YES;ODDS_BTTS_2ND_HALF_NO;OVERALLGOALCOUNT;HT_GOALS_TEAM_A;HT_GOALS_TEAM_B;GOALS_2HG_TEAM_A;GOALS_2HG_TEAM_B;GOALCOUNT_2HG;HTGOALCOUNT;DATE_UNIX;WINNINGTEAM;NO_HOME_AWAY;BTTS_POTENTIAL;BTTS_FHG_POTENTIAL;BTTS_2HG_POTENTIAL;GOALTIMINGDISABLED;CORNER_TIMINGS_RECORDED;CARD_TIMINGS_RECORDED;TEAM_A_FH_CORNERS;TEAM_B_FH_CORNERS;TEAM_A_2H_CORNERS;TEAM_B_2H_CORNERS;CORNER_FH_COUNT;CORNER_2H_COUNT;TEAM_A_FH_CARDS;TEAM_B_FH_CARDS;TEAM_A_2H_CARDS;TEAM_B_2H_CARDS;TOTAL_FH_CARDS;TOTAL_2H_CARDS;ATTACKS_RECORDED;TEAM_A_DANGEROUS_ATTACKS;TEAM_B_DANGEROUS_ATTACKS;TEAM_A_ATTACKS;TEAM_B_ATTACKS;TEAM_A_XG;TEAM_B_XG;TOTAL_XG;TEAM_A_PENALTIES_WON;TEAM_B_PENALTIES_WON;TEAM_A_PENALTY_GOALS;TEAM_B_PENALTY_GOALS;TEAM_A_PENALTY_MISSED;TEAM_B_PENALTY_MISSED;PENS_RECORDED;GOAL_TIMINGS_RECORDED;TEAM_A_0_10_MIN_GOALS;TEAM_B_0_10_MIN_GOALS;TEAM_A_CORNERS_0_10_MIN;TEAM_B_CORNERS_0_10_MIN;TEAM_A_CARDS_0_10_MIN;TEAM_B_CARDS_0_10_MIN;THROWINS_RECORDED;TEAM_A_THROWINS;TEAM_B_THROWINS;FREEKICKS_RECORDED;TEAM_A_FREEKICKS;TEAM_B_FREEKICKS;GOALKICKS_RECORDED;TEAM_A_GOALKICKS;TEAM_B_GOALKICKS;O45_POTENTIAL;O35_POTENTIAL;O25_POTENTIAL;O15_POTENTIAL;O05_POTENTIAL;O15HT_POTENTIAL;O05HT_POTENTIAL;O05_2H_POTENTIAL;O15_2H_POTENTIAL;CORNERS_POTENTIAL;OFFSIDES_POTENTIAL;CARDS_POTENTIAL;AVG_POTENTIAL;HOME_NAME;AWAY_NAME;HOME_PPG;AWAY_PPG;PRE_MATCH_HOME_PPG;PRE_MATCH_AWAY_PPG;PRE_MATCH_TEAMA_OVERALL_PPG;PRE_MATCH_TEAMB_OVERALL_PPG;U45_POTENTIAL;U35_POTENTIAL;U25_POTENTIAL;U15_POTENTIAL;U05_POTENTIAL;CORNERS_O85_POTENTIAL;CORNERS_O95_POTENTIAL;CORNERS_O105_POTENTIAL;TEAM_A_XG_PREMATCH;TEAM_B_XG_PREMATCH;TOTAL_XG_PREMATCH;COMPETITION_ID;MATCHES_COMPLETED_MINIMUM;OVER05;OVER15;OVER25;OVER35;OVER45;OVER55;BTTS
709442;5137;5140;2019/2020;complete;52482;1;-1;60,68;38,64,78;2;3;5;3;4;7;4;1;0;0;0;0;4;6;3;5;7;11;24;19;50;50;0;0;1.95;3.15;3.65;0;0;0;0;0;0;0;0;0;0;0;0;0;0;0;0;0;0;0;0;0;0;0;0;0;0;0;0;0;0;0;0;0;0;0;0;0;0;0;0;0;0;0;0;0;0;0;0;0;0;0;0;0;0;0;0;0;0;0;0;0;0;0;0;0;5;0;1;2;2;4;1;2019-09-29 13:00:00;5140;0;0;0;0;0;-1;-1;-1;-1;-1;-1;-1;-1;0;0;0;0;0;0;1;0;0;0;0;1.21;1.56;2.76;-1;-1;-1;-1;-1;-1;-1;1;0;0;-1;-1;-1;-1;-1;-1;-1;-1;-1;-1;-1;-1;-1;0;0;0;0;0;0;0;0;0;0;0;0;0;Doxa Dramas;Karaiskakis;1;1;0;0;0;0;0;0;0;0;0;0;0;0;0;0;0;2784;20;Y;Y;Y;Y;Y;N;Y
709443;5135;5145;2019/2020;complete;52482;1;-1;;51,58,59,68;0;4;4;5;2;7;1;0;0;0;0;0;5;7;2;8;7;15;11;21;50;50;0;0;0;0;0;0;0;0;0;0;0;0;0;0;0;0;0;0;0;0;0;0;0;0;0;0;0;0;0;0;0;0;0;0;0;0;0;0;0;0;0;0;0;0;0;0;0;0;0;0;0;0;0;0;0;0;0;0;0;0;0;0;0;0;0;0;0;0;0;0;4;0;0;0;4;4;0;2019-09-29 13:00:00;5145;0;0;0;0;0;-1;-1;-1;-1;-1;-1;-1;-1;0;0;0;0;0;0;1;0;0;0;0;1.18;1.87;3.05;-1;-1;-1;-1;-1;-1;-1;1;0;0;-1;-1;-1;-1;-1;-1;-1;-1;-1;-1;-1;-1;-1;0;0;0;0;0;0;0;0;0;0;0;0;0;Apollon Pontou;AOX Kissamikos;0.3;1.7;0;0;0;0;0;0;0;0;0;0;0;0;0;0;0;2784;20;Y;Y;Y;Y;N;N;N
709444;5134;1100;2019/2020;complete;52482;1;-1;7,48;85;2;1;3;2;2;4;1;6;3;4;0;0;7;4;8;3;15;7;25;18;50;50;3;4;0;0;0;0;0;0;0;0;0;0;0;0;0;0;0;0;0;0;0;0;0;0;0;0;0;0;0;0;0;0;0;0;0;0;0;0;0;0;0;0;0;0;0;0;0;0;0;0;0;0;0;0;0;0;0;0;0;0;0;0;0;0;0;0;0;0;0;0;3;1;0;1;1;2;1;2019-09-28 13:00:00;5134;0;0;0;0;0;-1;1;-1;-1;-1;-1;-1;-1;2;3;1;1;5;2;1;0;0;0;0;1.96;1.18;3.13;0;0;0;0;0;0;1;1;1;0;-1;-1;1;1;-1;-1;-1;-1;-1;-1;-1;-1;-1;0;0;0;0;0;0;0;0;0;0;0;0;0;Apollon Larissa;Kerkyra;2;0;0;0;0;0;0;0;0;0;0;0;0;0;0;0;0;2784;20;Y;Y;Y;N;N;N;Y
709445;1102;5128;2019/2020;complete;52482;1;-1;39,49,56;;3;0;3;3;3;6;2;1;2;1;0;0;6;5;9;6;15;11;20;15;50;50;2;1;1.62;3.6;4.95;0;0;0;0;0;0;0;0;0;0;0;0;0;0;0;0;0;0;0;0;0;0;0;0;0;0;0;0;0;0;0;0;0;0;0;0;0;0;0;0;0;0;0;0;0;0;0;0;0;0;0;0;0;0;0;0;0;0;0;0;0;0;0;0;0;3;1;0;2;0;2;1;2019-09-29 13:00:00;1102;0;0;0;0;0;-1;1;-1;-1;-1;-1;-1;-1;2;1;0;0;3;0;1;0;0;0;0;1.85;1.26;3.11;0;0;0;0;0;0;1;1;0;0;-1;-1;0;0;-1;-1;-1;-1;-1;-1;-1;-1;-1;0;0;0;0;0;0;0;0;0;0;0;0;0;Apollon Smirnis;Ergotelis;1.8;1.3;0;0;0;0;0;0;0;0;0;0;0;0;0;0;0;2784;20;Y;Y;Y;N;N;N;N
709446;5139;1098;2019/2020;complete;52482;1;-1;26;38;1;1;2;3;7;10;1;1;0;0;0;0;4;9;13;11;17;20;12;23;50;50;0;0;3.25;3.1;2.15;0;0;0;0;0;0;0;0;0;0;0;0;0;0;0;0;0;0;0;0;0;0;0;0;0;0;0;0;0;0;0;0;0;0;0;0;0;0;0;0;0;0;0;0;0;0;0;0;0;0;0;0;0;0;0;0;0;0;0;0;0;0;0;0;0;2;1;1;0;0;0;2;2019-09-29 13:00:00;-1;0;0;0;0;0;-1;-1;-1;-1;-1;-1;-1;-1;0;0;0;0;0;0;1;0;0;0;0;1.69;2.39;4.08;-1;-1;-1;-1;-1;-1;-1;1;0;0;-1;-1;-1;-1;-1;-1;-1;-1;-1;-1;-1;-1;-1;0;0;0;0;0;0;0;0;0;0;0;0;0;Panachaiki;PAS Giannina;1.82;2.6;0;0;0;0;0;0;0;0;0;0;0;0;0;0;0;2784;20;Y;Y;N;N;N;N;Y
709447;1105;1108;2019/2020;complete;52482;1;-1;52,55,78;22,58;3;2;5;6;4;10;1;1;0;0;0;0;7;5;1;1;8;6;22;30;50;50;0;0;2.2;2.95;3.25;0;0;0;0;0;0;0;0;0;0;0;0;0;0;0;0;0;0;0;0;0;0;0;0;0;0;0;0;0;0;0;0;0;0;0;0;0;0;0;0;0;0;0;0;0;0;0;0;0;0;0;0;0;0;0;0;0;0;0;0;0;0;0;0;0;5;0;1;3;1;4;1;2019-09-29 13:00:00;1105;0;0;0;0;0;-1;-1;-1;-1;-1;-1;-1;-1;0;0;0;0;0;0;1;0;0;0;0;1.37;1.07;2.44;-1;-1;-1;-1;-1;-1;-1;1;0;0;-1;-1;-1;-1;-1;-1;-1;-1;-1;-1;-1;-1;-1;0;0;0;0;0;0;0;0;0;0;0;0;0;Platanias;Levadiakos;1.6;1.5;0;0;0;0;0;0;0;0;0;0;0;0;0;0;0;2784;20;Y;Y;Y;Y;Y;N;Y
709448;5135;5137;2019/2020;complete;52482;2;-1;;86;0;1;1;3;4;7;1;1;2;3;0;0;3;2;3;4;6;6;26;17;50;50;2;3;2.65;2.9;2.65;1.07;1.45;2.4;4.65;8.75;6.5;2.5;1.49;1.15;1.02;2.05;1.67;0;0;0;0;0;0;0;0;0;0;0;0;0;0;0;0;0;0;0;0;0;0;0;0;0;0;0;0;0;0;0;0;0;0;0;0;0;0;0;0;0;0;0;0;0;0;0;0;0;0;0;0;0;1;0;0;0;1;1;0;2019-10-27 13:00:00;5137;0;0;0;0;0;-1;1;-1;-1;-1;-1;-1;-1;1;2;1;1;3;2;1;0;0;0;0;1.37;1.03;2.4;0;0;0;0;0;0;1;1;0;0;-1;-1;0;0;-1;-1;-1;-1;-1;-1;-1;-1;-1;0;50;50;50;50;0;0;50;50;5;1;0;2;Apollon Pontou;Doxa Dramas;0.3;1.36;0;0;0;0;50;0;0;0;0;0;0;0;1.18;0;1.18;2784;20;Y;N;N;N;N;N;N
709449;5140;5134;2019/2020;complete;52482;2;-1;13,42;;2;0;2;1;5;6;-1;-1;4;1;1;0;5;4;5;6;10;10;-1;-1;50;50;6;1;2.65;2.95;2.6;1.06;1.4;2.25;4.2;8;7;2.7;1.56;1.18;1.04;1.95;1.74;0;0;0;0;0;0;0;0;0;0;0;0;0;0;0;0;0;0;0;0;0;0;0;0;0;0;0;0;0;0;0;0;0;0;0;0;0;0;0;0;0;0;0;0;0;0;0;0;0;0;0;0;0;2;2;0;0;0;0;2;2019-10-26 12:00:00;5140;0;0;0;0;0;-1;1;-1;-1;-1;-1;-1;-1;3;1;2;0;4;2;1;0;0;0;0;1.33;1.47;2.8;0;0;0;0;0;0;1;1;0;0;-1;-1;0;0;-1;-1;-1;-1;-1;-1;-1;-1;-1;0;0;0;0;0;0;0;0;0;0;0;0;0;Karaiskakis;Apollon Larissa;2.1;1;0;0;3;3;0;0;0;0;0;0;0;0;0;0;0;2784;20;Y;Y;N;N;N;N;N
709450;5145;1102;2019/2020;complete;52482;2;-1;;55;0;1;1;4;4;8;-1;-1;2;2;0;0;4;2;4;1;8;3;-1;-1;50;50;2;2;2.85;3;2.4;0;0;0;0;0;0;0;0;0;0;0;0;0;0;0;0;0;0;0;0;0;0;0;0;0;0;0;0;0;0;0;0;0;0;0;0;0;0;0;0;0;0;0;0;0;0;0;0;0;0;0;0;0;0;0;0;0;0;0;0;0;0;0;0;0;1;0;0;0;1;1;0;2019-10-27 12:45:00;1102;0;0;0;0;0;-1;1;-1;-1;-1;-1;-1;-1;0;2;2;0;2;2;1;0;0;0;0;1.16;0.71;1.87;0;1;0;1;0;0;1;1;0;0;-1;-1;0;0;-1;-1;-1;-1;-1;-1;-1;-1;-1;0;0;0;0;0;0;0;0;0;0;0;0;0;AOX Kissamikos;Apollon Smirnis;1.8;2.4;0;0;3;3;0;0;0;0;0;0;0;0;0;0;0;2784;20;Y;N;N;N;N;N;N
709451;1100;5139;2019/2020;complete;52482;2;-1;;30,50;0;2;2;0;0;0;2;2;2;1;0;0;2;5;3;2;5;7;15;17;50;50;2;1;3.6;2.9;2.1;1.06;1.42;2.3;4.3;8.25;6.9;2.65;1.54;1.17;1.03;1.95;1.74;0;0;0;0;0;0;0;0;0;0;0;0;0;0;0;0;0;0;0;0;0;0;0;0;0;0;0;0;0;0;0;0;0;0;0;0;0;0;0;0;0;0;0;0;0;0;0;0;0;0;0;0;0;2;0;1;0;1;1;1;2019-10-27 13:00:00;5139;0;0;0;0;0;-1;1;-1;-1;-1;-1;-1;-1;1;0;1;1;1;2;1;0;0;0;0;0.68;1.06;1.74;0;0;0;0;0;0;1;1;0;0;-1;-1;0;0;-1;-1;-1;-1;-1;-1;-1;-1;-1;0;0;0;0;0;0;0;0;0;0;0;0;0;Kerkyra;Panachaiki;0.3;0.89;0;0;0;1;0;0;0;0;0;0;0;0;0;0;0;2784;20;Y;Y;N;N;N;N;N
709452;5128;1105;2019/2020;complete;52482;2;-1;1;37,89;1;2;3;5;1;6;2;3;0;0;0;0;4;5;9;11;13;16;18;18;50;50;0;0;2.3;3.05;2.95;1.04;1.34;2.05;3.75;7;7.75;2.95;1.67;1.22;1.06;1.83;1.87;0;0;0;0;0;0;0;0;0;0;0;0;0;0;0;0;0;0;0;0;0;0;0;0;0;0;0;0;0;0;0;0;0;0;0;0;0;0;0;0;0;0;0;0;0;0;0;0;0;0;0;0;0;3;1;1;0;1;1;2;2019-10-28 15:00:00;1105;0;0;0;0;0;-1;-1;-1;-1;-1;-1;-1;-1;0;0;0;0;0;0;1;0;0;0;0;1.51;1.76;3.27;-1;-1;-1;-1;-1;-1;-1;1;1;0;-1;-1;-1;-1;-1;-1;-1;-1;-1;-1;-1;-1;-1;0;0;0;0;0;0;0;0;0;0;0;0;0;Ergotelis;Platanias;1.6;1;0;0;0;3;0;0;0;0;0;0;0;0;0;0;0;2784;20;Y;Y;Y;N;N;N;Y
709453;1108;1098;2019/2020;complete;52482;2;-1;44;9,47;1;2;3;6;4;10;-1;-1;1;2;0;0;3;6;3;1;6;7;-1;-1;50;50;1;2;2.65;2.9;2.65;1.1;1.57;2.8;5.6;10.75;5.65;2.2;1.37;1.1;1.01;2.3;1.54;0;0;0;0;0;0;0;0;0;0;0;0;0;0;0;0;0;0;0;0;0;0;0;0;0;0;0;0;0;0;0;0;0;0;0;0;0;0;0;0;0;0;0;0;0;0;0;0;0;0;0;0;0;3;1;1;0;1;1;2;2019-10-25 16:30:00;1098;0;50;50;0;0;-1;1;-1;-1;-1;-1;-1;-1;0;1;1;1;1;2;1;0;0;0;0;1.23;1.29;2.52;1;1;1;1;0;0;1;1;0;1;-1;-1;0;0;-1;-1;-1;-1;-1;-1;-1;-1;-1;0;0;0;50;50;50;50;0;0;7;1;0;1;Levadiakos;PAS Giannina;2.3;2.6;0;1;0;1;50;50;50;0;0;50;50;0;0;2.39;2.39;2784;20;Y;Y;Y;N;N;N;Y
709454;5137;5134;2019/2020;complete;52482;3;-1;;;0;0;0;1;2;3;3;3;0;0;0;0;4;3;5;7;9;10;16;21;50;50;0;0;0;0;0;0;0;0;0;0;0;0;0;0;0;0;0;0;0;0;0;0;0;0;0;0;0;0;0;0;0;0;0;0;0;0;0;0;0;0;0;0;0;0;0;0;0;0;0;0;0;0;0;0;0;0;0;0;0;0;0;0;0;0;0;0;0;0;0;0;0;0;0;0;0;0;0;2019-11-01 17:30:00;-1;0;50;0;50;0;-1;-1;-1;-1;-1;-1;-1;-1;0;0;0;0;0;0;1;0;0;0;0;1.27;1.3;2.57;0;0;0;0;0;0;1;1;0;0;-1;-1;-1;-1;-1;-1;-1;-1;-1;-1;-1;-1;-1;50;50;50;100;100;50;100;50;50;8;3;1;3.5;Doxa Dramas;Apollon Larissa;1;1;0;0;1.5;1.5;50;50;50;0;0;0;0;0;1.21;1.47;2.68;2784;20;N;N;N;N;N;N;N
709455;1102;5135;2019/2020;complete;52482;3;-1;32,38,61,73;;4;0;4;6;4;10;3;3;0;0;0;0;7;2;3;1;10;3;18;18;50;50;0;0;1.13;6.55;16.5;1.01;1.18;1.61;2.55;4.45;10.75;4.2;2.15;1.44;1.16;2.6;1.42;0;0;0;0;0;0;0;0;0;0;0;0;0;0;0;0;0;0;0;0;0;0;0;0;0;0;0;0;0;0;0;0;0;0;0;0;0;0;0;0;0;0;0;0;0;0;0;0;0;0;0;0;0;4;2;0;2;0;2;2;2019-11-03 13:00:00;1102;0;0;0;0;0;-1;-1;-1;-1;-1;-1;-1;-1;0;0;0;0;0;0;1;0;0;0;0;1.66;0.63;2.29;-1;-1;-1;-1;-1;-1;-1;1;0;0;-1;-1;-1;-1;-1;-1;-1;-1;-1;-1;-1;-1;-1;0;0;50;50;50;0;50;50;50;3;2;2;1.5;Apollon Smirnis;Apollon Pontou;1.8;0.3;3;0;3;0;50;50;0;0;0;0;0;0;1.85;0;1.85;2784;20;Y;Y;Y;Y;N;N;N
709456;5139;5140;2019/2020;complete;52482;3;-1;34,53;;2;0;2;6;1;7;1;1;0;0;0;0;6;3;5;6;11;9;21;19;50;50;0;0;1.57;3.7;5.25;1.04;1.31;2;3.55;6.7;8;3.05;1.71;1.24;1.07;2.05;1.67;0;0;0;0;0;0;0;0;0;0;0;0;0;0;0;0;0;0;0;0;0;0;0;0;0;0;0;0;0;0;0;0;0;0;0;0;0;0;0;0;0;0;0;0;0;0;0;0;0;0;0;0;0;2;1;0;1;0;1;1;2019-11-03 13:00:00;5139;0;100;50;50;0;-1;-1;-1;-1;-1;-1;-1;-1;0;0;0;0;0;0;1;0;0;0;0;1.55;1.19;2.74;-1;-1;-1;-1;-1;-1;-1;1;0;0;-1;-1;-1;-1;-1;-1;-1;-1;-1;-1;-1;-1;-1;50;50;50;100;100;50;100;50;50;7;2;0;3.5;Panachaiki;Karaiskakis;1.82;1;1;3;2;3;50;50;50;0;0;50;50;0;1.69;1.56;3.25;2784;20;Y;Y;N;N;N;N;N
709457;1105;5145;2019/2020;complete;52482;3;-1;55;72;1;1;2;3;3;6;2;2;0;0;0;0;5;6;5;5;10;11;22;24;50;50;0;0;0;0;0;0;0;0;0;0;0;0;0;0;0;0;0;0;0;0;0;0;0;0;0;0;0;0;0;0;0;0;0;0;0;0;0;0;0;0;0;0;0;0;0;0;0;0;0;0;0;0;0;0;0;0;0;0;0;0;0;0;0;0;0;0;0;0;0;0;2;0;0;1;1;2;0;2019-11-03 12:45:00;-1;0;50;0;50;0;-1;-1;-1;-1;-1;-1;-1;-1;0;0;0;0;0;0;1;0;0;0;0;1.44;1.5;2.94;-1;-1;-1;-1;-1;-1;-1;1;0;0;-1;-1;-1;-1;-1;-1;-1;-1;-1;-1;-1;-1;-1;50;100;100;100;100;0;50;100;100;8;1;0;4.5;Platanias;AOX Kissamikos;1.6;1.7;3;3;3;1.5;50;0;0;0;0;50;50;0;1.37;1.87;3.24;2784;20;Y;Y;N;N;N;N;Y
709458;1108;1100;2019/2020;complete;52482;3;-1;45;;1;0;1;6;4;10;4;1;0;0;0;0;4;0;7;8;11;8;22;30;50;50;0;0;1.22;5.2;11.25;1.02;1.26;1.87;3.15;5.85;9;3.4;1.83;1.3;1.09;2.5;1.45;0;0;0;0;0;0;0;0;0;0;0;0;0;0;0;0;0;0;0;0;0;0;0;0;0;0;0;0;0;0;0;0;0;0;0;0;0;0;0;0;0;0;0;0;0;0;0;0;0;0;0;0;0;1;1;0;0;0;0;1;2019-11-03 13:00:00;1108;0;100;50;50;0;-1;-1;-1;-1;-1;-1;-1;-1;0;0;0;0;0;0;1;0;0;0;0;1.73;0.89;2.62;-1;-1;-1;-1;-1;-1;-1;1;0;0;-1;-1;-1;-1;-1;-1;-1;-1;-1;-1;-1;-1;-1;0;0;100;100;100;50;100;100;50;8;5;5;3;Levadiakos;Kerkyra;2.3;0;0;0;0;0;100;100;0;0;0;50;50;0;1.23;1.18;2.41;2784;20;Y;N;N;N;N;N;N
709459;1098;5128;2019/2020;complete;52482;3;-1;55,74;18,59;2;2;4;12;5;17;5;2;0;0;0;0;10;6;12;2;22;8;16;12;50;50;0;0;1.53;3.65;5.85;1.03;1.27;1.91;3.25;6.05;8.75;3.3;1.8;1.28;1.09;2;1.71;0;0;0;0;0;0;0;0;0;0;0;0;0;0;0;0;0;0;0;0;0;0;0;0;0;0;0;0;0;0;0;0;0;0;0;0;0;0;0;0;0;0;0;0;0;0;0;0;0;0;0;0;0;4;0;1;2;1;3;1;2019-11-04 15:00:00;-1;0;0;0;0;0;-1;-1;-1;-1;-1;-1;-1;-1;0;0;0;0;0;0;1;0;0;0;0;2.89;1.29;4.18;-1;-1;-1;-1;-1;-1;-1;1;0;0;-1;-1;-1;-1;-1;-1;-1;-1;-1;-1;-1;-1;-1;0;0;50;50;50;0;50;50;50;3;1;1;1.5;PAS Giannina;Ergotelis;2.3;1.3;0;0;2;0;50;50;0;0;0;0;0;0;0;1.26;1.26;2784;20;Y;Y;Y;Y;N;N;Y
709460;1102;5137;2019/2020;complete;52482;4;-1;27;14;1;1;2;2;3;5;-1;-1;-1;-1;-1;-1;4;3;9;7;13;10;-1;-1;50;50;-1;-1;1.22;5.5;11;1.04;1.33;2.05;3.7;6.95;7.75;3;1.67;1.23;1.06;2.85;1.36;0;0;0;0;0;0;0;0;0;0;0;0;0;0;0;0;0;0;0;0;0;0;0;0;0;0;0;0;0;0;0;0;0;0;0;0;0;0;0;0;0;0;0;0;0;0;0;0;0;0;0;0;0;2;1;1;0;0;0;2;2019-11-10 13:00:00;-1;0;0;0;0;0;-1;-1;-1;-1;-1;-1;-1;-1;-1;-1;-1;-1;-1;-1;1;0;0;0;0;1.67;1.19;2.86;-1;-1;-1;-1;-1;-1;-1;1;0;0;-1;-1;-1;-1;-1;-1;-1;-1;-1;-1;-1;-1;-1;0;25;50;50;100;25;50;100;50;8.5;3.5;4;2.25;Apollon Smirnis;Doxa Dramas;1.8;1.36;3;3;3;1.33;100;75;50;50;0;25;25;0;1.76;1.03;2.79;2784;20;Y;Y;N;N;N;N;Y
709461;5134;5139;2019/2020;complete;52482;4;-1;23;84;1;1;2;5;2;7;-1;-1;-1;-1;-1;-1;3;2;3;4;6;6;-1;-1;50;50;-1;-1;2.5;2.85;2.85;1.05;1.38;2.2;4.1;7.75;7.25;2.75;1.59;1.19;1.04;1.87;1.8;0;0;0;0;0;0;0;0;0;0;0;0;0;0;0;0;0;0;0;0;0;0;0;0;0;0;0;0;0;0;0;0;0;0;0;0;0;0;0;0;0;0;0;0;0;0;0;0;0;0;0;0;0;2;1;0;0;1;1;1;2019-11-10 13:00:00;-1;0;50;0;50;0;-1;-1;-1;-1;-1;-1;-1;-1;-1;-1;-1;-1;-1;-1;1;0;0;0;0;1.03;0.96;1.98;-1;-1;-1;-1;-1;-1;-1;1;0;0;-1;-1;-1;-1;-1;-1;-1;-1;-1;-1;-1;-1;-1;0;0;50;100;100;0;100;100;50;2;3;4;2.5;Apollon Larissa;Panachaiki;2;0.89;3;3;1.33;2.33;100;100;50;0;0;0;0;0;1.96;1.06;3.02;2784;20;Y;Y;N;N;N;N;Y
709462;5135;1105;2019/2020;complete;52482;4;-1;;15,27;0;2;2;11;3;14;-1;-1;-1;-1;-1;-1;0;4;8;3;8;7;-1;-1;50;50;-1;-1;6.5;3.8;1.45;1.03;1.3;1.95;3.45;6.45;8.25;3.15;1.74;1.26;1.07;2.15;1.62;0;0;0;0;0;0;0;0;0;0;0;0;0;0;0;0;0;0;0;0;0;0;0;0;0;0;0;0;0;0;0;0;0;0;0;0;0;0;0;0;0;0;0;0;0;0;0;0;0;0;0;0;0;2;0;2;0;0;0;2;2019-11-10 12:45:00;1105;0;50;50;0;0;-1;-1;-1;-1;-1;-1;-1;-1;-1;-1;-1;-1;-1;-1;1;0;0;0;0;1.3;1.21;2.51;-1;-1;-1;-1;-1;-1;-1;1;0;0;-1;-1;-1;-1;-1;-1;-1;-1;-1;-1;-1;-1;-1;0;25;75;75;100;50;50;100;25;5;4;1;2.75;Apollon Pontou;Platanias;0.3;1;0;3;0;2.33;100;75;25;25;0;0;0;0;1.28;1.76;3.04;2784;20;Y;Y;N;N;N;N;N
709463;5140;1108;2019/2020;complete;52482;4;-1;33;3;1;1;2;7;5;12;-1;-1;-1;-1;-1;-1;4;4;1;4;5;8;-1;-1;50;50;-1;-1;2.1;2.85;3.6;1.07;1.45;2.4;4.65;8.75;6.5;2.5;1.49;1.15;1.02;2;1.69;0;0;0;0;0;0;0;0;0;0;0;0;0;0;0;0;0;0;0;0;0;0;0;0;0;0;0;0;0;0;0;0;0;0;0;0;0;0;0;0;0;0;0;0;0;0;0;0;0;0;0;0;0;2;1;1;0;0;0;2;2019-11-10 13:00:00;-1;0;50;0;50;0;-1;-1;-1;-1;-1;-1;-1;-1;-1;-1;-1;-1;-1;-1;1;0;0;0;0;1.12;1.23;2.35;-1;-1;-1;-1;-1;-1;-1;1;0;1;-1;-1;-1;-1;-1;-1;-1;-1;-1;-1;-1;-1;-1;50;50;50;100;100;50;100;50;50;5;0;6;3.5;Karaiskakis;Levadiakos;2.1;1.5;3;0;2;1;50;50;50;0;0;50;50;0;1.33;1.07;2.4;2784;20;Y;Y;N;N;N;N;Y
709464;5145;1098;2019/2020;complete;52482;4;-1;;59;0;1;1;3;3;6;4;1;0;0;0;0;2;2;4;5;6;7;3;16;50;50;0;0;0;0;0;0;0;0;0;0;0;0;0;0;0;0;0;0;0;0;0;0;0;0;0;0;0;0;0;0;0;0;0;0;0;0;0;0;0;0;0;0;0;0;0;0;0;0;0;0;0;0;0;0;0;0;0;0;0;0;0;0;0;0;0;0;0;0;0;0;1;0;0;0;1;1;0;2019-11-08 15:00:00;1098;0;50;50;0;0;-1;-1;-1;-1;-1;-1;-1;-1;0;0;0;0;0;0;1;0;0;0;0;0.99;0.88;1.86;-1;-1;-1;-1;-1;-1;-1;1;0;0;-1;-1;-1;-1;-1;-1;-1;-1;-1;-1;-1;-1;-1;0;0;25;50;100;50;50;75;0;9.5;0;3;1.75;AOX Kissamikos;PAS Giannina;1.8;2.6;0;2;1.33;1.67;100;100;75;50;0;50;50;0;1.16;1.84;3;2784;20;Y;N;N;N;N;N;N
709465;5128;1100;2019/2020;complete;52482;4;-1;64,90;89;2;1;3;5;2;7;-1;-1;-1;-1;-1;-1;5;3;6;10;11;13;-1;-1;50;50;-1;-1;1.45;4.3;5.35;1.01;1.21;1.71;2.8;5.05;10;3.8;2;1.37;1.12;0;0;0;0;0;0;0;0;0;0;0;0;0;0;0;0;0;0;0;0;0;0;0;0;0;0;0;0;0;0;0;0;0;0;0;0;0;0;0;0;0;0;0;0;0;0;0;0;0;0;0;0;0;0;0;3;0;0;2;1;3;0;2019-11-11 15:00:00;5128;0;75;50;25;0;-1;-1;-1;-1;-1;-1;-1;-1;-1;-1;-1;-1;-1;-1;1;0;0;0;0;1.81;1.32;3.14;-1;-1;-1;-1;-1;-1;-1;1;0;0;-1;-1;-1;-1;-1;-1;-1;-1;-1;-1;-1;-1;-1;0;0;75;75;100;50;100;75;25;8;5.5;2;2.5;Ergotelis;Kerkyra;1.6;0;0;0;0.33;0;100;100;25;25;0;25;25;0;1.51;1.04;2.55;2784;20;Y;Y;Y;N;N;N;Y
709466;5137;5139;2019/2020;complete;52482;5;-1;4;54;1;1;2;2;5;7;-1;-1;-1;-1;-1;-1;5;8;7;6;12;14;-1;-1;50;50;-1;-1;2.55;2.8;2.8;1.05;1.37;2.15;4;7.5;7.25;2.8;1.61;1.2;1.05;1.87;1.83;0;0;0;0;0;0;0;0;0;0;0;0;0;0;0;0;0;0;0;0;0;0;0;0;0;0;0;0;0;0;0;0;0;0;0;0;0;0;0;0;0;0;0;0;0;0;0;0;0;0;0;0;0;2;1;0;0;1;1;1;2019-11-15 15:30:00;-1;0;50;0;25;0;-1;-1;-1;-1;-1;-1;-1;-1;-1;-1;-1;-1;-1;-1;1;0;0;0;0;1.5;2.1;3.6;-1;-1;-1;-1;-1;-1;-1;1;1;0;-1;-1;-1;-1;-1;-1;-1;-1;-1;-1;-1;-1;-1;25;25;25;75;75;0;75;75;25;3;4;1;2.25;Doxa Dramas;Panachaiki;1;0.89;0.5;2;1.25;2;75;75;75;25;25;0;0;0;1.24;1.01;2.25;2784;20;Y;Y;N;N;N;N;Y
709467;1105;1102;2019/2020;complete;52482;5;-1;;59;0;1;1;8;4;12;-1;-1;-1;-1;-1;-1;4;4;8;2;12;6;-1;-1;50;50;-1;-1;3.1;2.65;2.45;0;0;0;0;0;0;0;0;0;0;0;0;0;0;0;0;0;0;0;0;0;0;0;0;0;0;0;0;0;0;0;0;0;0;0;0;0;0;0;0;0;0;0;0;0;0;0;0;0;0;0;0;0;0;0;0;0;0;0;0;0;0;0;0;0;1;0;0;0;1;1;0;2019-11-17 12:45:00;1102;0;50;0;50;0;-1;-1;-1;-1;-1;-1;-1;-1;-1;-1;-1;-1;-1;-1;1;0;0;0;0;1.58;1.05;2.63;-1;-1;-1;-1;-1;-1;-1;1;0;0;-1;-1;-1;-1;-1;-1;-1;-1;-1;-1;-1;-1;-1;25;25;25;50;100;0;25;100;50;8.5;0.5;2;2.25;Platanias;Apollon Smirnis;1.6;2.4;2;3;2.5;2.5;75;75;75;50;0;25;25;0;1.4;0.71;2.11;2784;20;Y;N;N;N;N;N;N
709468;1108;5134;2019/2020;complete;52482;5;-1;43,90;;2;0;2;8;6;14;-1;-1;-1;-1;-1;-1;9;6;12;5;21;11;-1;-1;50;50;-1;-1;1.95;3.3;3.65;1.05;1.37;2.15;4;7.5;7.25;2.8;1.61;1.19;1.05;2;1.69;0;0;0;0;0;0;0;0;0;0;0;0;0;0;0;0;0;0;0;0;0;0;0;0;0;0;0;0;0;0;0;0;0;0;0;0;0;0;0;0;0;0;0;0;0;0;0;0;0;0;0;0;0;2;1;0;1;0;1;1;2019-11-17 13:00:00;1108;0;25;25;0;0;-1;-1;-1;-1;-1;-1;-1;-1;-1;-1;-1;-1;-1;-1;1;0;0;0;0;2.53;1.47;4.01;-1;-1;-1;-1;-1;-1;-1;1;0;0;-1;-1;-1;-1;-1;-1;-1;-1;-1;-1;-1;-1;-1;0;0;25;50;75;50;75;25;0;9.5;2.5;1;1.5;Levadiakos;Apollon Larissa;2.3;1;1.5;0.5;1;1.25;100;100;75;50;25;50;50;0;1.48;1.38;2.86;2784;20;Y;Y;N;N;N;N;N
709469;1098;5135;2019/2020;complete;52482;5;-1;78,80,84;;3;0;3;9;1;10;-1;-1;-1;-1;-1;-1;8;4;1;2;9;6;-1;-1;59;41;-1;-1;1.11;7;18;1;1.12;1.45;2.15;3.65;12.75;5.05;2.5;1.61;1.23;2.4;1.49;1.57;2.25;11;1.05;1.04;1.08;5.5;1.5;3;13;1.33;3.75;11;0;0;0;0;0;0;0;0;0;0;0;0;0;0;0;0;0;0;0;0;1.22;2.1;4.5;13;4;1.67;1.18;1.04;1.14;1.67;3.25;7;5.5;2.1;1.33;1.1;0;0;0;0;3;0;0;3;0;3;0;2019-11-18 15:00:00;1098;0;50;0;50;0;1;-1;2;1;7;0;3;7;-1;-1;-1;-1;-1;-1;1;71;47;139;97;1.66;1.01;2.67;-1;-1;-1;-1;-1;-1;-1;1;0;0;1;1;-1;-1;-1;-1;-1;-1;-1;-1;-1;-1;-1;0;100;100;100;100;50;100;100;100;16;8;0;4;PAS Giannina;Apollon Pontou;2.3;0.3;1;0;2;0;100;0;0;0;0;100;100;50;2.89;0.63;3.52;2784;20;Y;Y;Y;N;N;N;N
709470;5128;5140;2019/2020;complete;52482;5;-1;13,21,24,90;32,75;4;2;6;5;2;7;-1;-1;-1;-1;-1;-1;12;6;12;9;24;15;-1;-1;50;50;-1;-1;1.95;3.4;3.4;1.03;1.27;1.91;3.25;6.05;8.75;3.3;1.8;1.28;1.09;1.8;1.91;0;0;0;0;0;0;0;0;0;0;0;0;0;0;0;0;0;0;0;0;0;0;0;0;0;0;0;0;0;0;0;0;0;0;0;0;0;0;0;0;0;0;0;0;0;0;0;0;0;0;0;0;0;6;3;1;1;1;2;4;2019-11-17 13:00:00;5128;0;75;25;50;0;-1;-1;-1;-1;-1;-1;-1;-1;-1;-1;-1;-1;-1;-1;1;0;0;0;0;2.86;1.88;4.74;-1;-1;-1;-1;-1;-1;-1;1;0;0;-1;-1;-1;-1;-1;-1;-1;-1;-1;-1;-1;-1;-1;25;25;75;100;100;25;75;100;50;7.5;1.5;0;3.25;Ergotelis;Karaiskakis;1.6;1;1.5;1.5;1;1.75;75;75;25;0;0;0;0;0;1.66;1.37;3.03;2784;20;Y;Y;Y;Y;Y;Y;Y
709471;1100;5145;2019/2020;complete;52482;5;-1;;22,52;0;2;2;7;3;10;-1;-1;-1;-1;-1;-1;3;7;7;6;10;13;-1;-1;50;50;-1;-1;0;0;0;0;0;0;0;0;0;0;0;0;0;0;0;0;0;0;0;0;0;0;0;0;0;0;0;0;0;0;0;0;0;0;0;0;0;0;0;0;0;0;0;0;0;0;0;0;0;0;0;0;0;0;0;0;0;0;0;0;0;0;0;0;0;0;0;0;2;0;1;0;1;1;1;2019-11-17 13:00:00;5145;0;25;0;25;0;-1;-1;-1;-1;-1;-1;-1;-1;-1;-1;-1;-1;-1;-1;1;0;0;0;0;1.14;1.69;2.83;-1;-1;-1;-1;-1;-1;-1;1;0;0;-1;-1;-1;-1;-1;-1;-1;-1;-1;-1;-1;-1;-1;0;25;25;100;100;0;50;100;50;2.5;3;2;2.5;Kerkyra;AOX Kissamikos;0.3;1.7;0;2;0;1;100;75;75;0;0;0;0;0;0.68;1.69;2.37;2784;20;Y;Y;N;N;N;N;N
709472;1105;5137;2019/2020;complete;52482;6;-1;42;45,76,90;1;3;4;6;5;11;-1;-1;-1;-1;-1;-1;3;5;6;5;9;10;-1;-1;49;51;-1;-1;1.71;3.6;3.9;1.03;1.27;1.91;3.25;6.05;8.75;3.3;1.8;1.28;1.09;1.83;1.83;2.62;1.44;4.33;1.2;1.22;1.3;1.8;2.6;2.2;4.33;2.2;2.5;3.75;0;0;0;0;0;0;0;0;0;0;0;0;0;0;0;1.67;9;2.5;2.75;8;1.4;3;8;23;2.75;1.36;1.08;1.01;1.22;2.1;4.5;13;4;1.67;1.18;1.04;0;0;0;0;4;1;1;0;2;2;2;2019-11-22 14:00:00;5137;0;59;25;34;0;1;-1;2;5;4;0;7;4;-1;-1;-1;-1;-1;-1;1;54;50;115;109;1.18;1.35;2.53;-1;-1;-1;-1;-1;-1;-1;1;0;0;0;1;-1;-1;-1;-1;-1;-1;-1;-1;-1;-1;-1;17;17;17;59;100;25;42;75;34;9.17;0.67;3;2.09;Platanias;Doxa Dramas;1.6;1.36;1.33;2;2;1.2;84;84;84;42;0;34;34;17;1.46;1.11;2.57;2784;20;Y;Y;Y;Y;N;N;Y
709473;5139;1108;2019/2020;complete;52482;6;-1;4;;1;0;1;1;3;4;-1;-1;1;2;0;0;2;7;6;8;8;15;-1;-1;45;55;1;2;2.25;3;3.15;1.06;1.42;2.3;4.35;8.25;6.85;2.6;1.53;1.17;1.03;1.95;1.74;2.25;1.57;3;1.36;1.36;1.36;1.57;3.2;1.91;4;2.75;2.2;3.5;0;0;0;0;0;0;0;0;0;0;0;0;0;0;0;1.83;6;2.38;3.4;4.75;1.57;4;13;26;2.25;1.22;1.04;1;1.36;2.62;7;19;3;1.44;1.1;1.02;0;0;0;0;1;1;0;0;0;0;1;2019-11-25 15:00:00;5139;0;75;50;25;0;1;1;0;0;1;3;0;4;0;1;1;1;1;2;1;40;55;112;125;0.95;1.84;2.79;0;0;0;0;0;0;1;1;1;0;0;0;0;0;-1;-1;-1;-1;-1;-1;-1;-1;-1;25;25;25;100;100;50;100;50;25;9;1;0;2.75;Panachaiki;Levadiakos;1.82;1.5;2;0.5;1.8;1.4;75;75;75;0;0;75;75;25;1.62;1.15;2.77;2784;20;Y;N;N;N;N;N;N
709474;1102;1098;2019/2020;complete;52482;6;-1;;;0;0;0;3;2;5;-1;-1;-1;-1;-1;-1;2;2;2;3;4;5;-1;-1;54;46;-1;-1;1.87;3.15;4.15;1.07;1.43;2.35;4.45;8.5;6.7;2.55;1.51;1.16;1.03;2.1;1.62;1.91;1.8;3.4;1.3;1.2;1.33;1.8;2.75;1.91;5.5;2.3;2.2;4.5;0;0;0;0;0;0;0;0;0;0;0;0;0;0;0;1.67;6;3;2.6;6;1.59;4;13;26;2.18;1.22;1.04;1;1.3;2.75;8;17;3.4;1.4;1.08;1.03;0;0;0;0;0;0;0;0;0;0;0;2019-11-24 13:00:00;-1;0;50;50;0;0;1;-1;2;1;1;1;3;2;-1;-1;-1;-1;-1;-1;1;44;34;133;101;0.74;0.72;1.45;0;0;0;0;0;0;1;1;0;0;0;0;-1;-1;-1;-1;-1;-1;-1;-1;-1;-1;-1;0;17;50;84;100;67;84;67;34;8.34;1.66;1.67;2.5;Apollon Smirnis;PAS Giannina;1.8;2.6;2.33;2.33;2.6;2.2;100;84;50;17;0;50;50;0;1.73;1.52;3.25;2784;20;N;N;N;N;N;N;N
709475;5134;5128;2019/2020;complete;52482;6;-1;16,43,49;75;3;1;4;4;2;6;-1;-1;-1;-1;-1;-1;5;4;6;2;11;6;-1;-1;41;59;-1;-1;2.15;3.25;3.05;1.03;1.3;1.95;3.45;6.45;8.25;3.15;1.74;1.26;1.07;1.77;1.91;2.75;1.4;3.4;1.3;1.36;1.3;1.57;3;2.1;3.6;2.62;2.38;3.2;0;0;0;0;0;0;0;0;0;0;0;0;0;0;0;0;0;0;3.75;5;1.44;3.25;9;26;2.62;1.33;1.07;1.01;1.25;2.25;5;15;3.75;1.57;1.17;1.03;0;0;0;0;4;2;0;1;1;2;2;2019-11-24 12:00:00;5134;0;75;0;50;0;1;-1;1;0;3;2;1;5;-1;-1;-1;-1;-1;-1;1;74;50;134;136;1.59;1.04;2.63;-1;-1;-1;-1;-1;-1;-1;1;0;0;0;0;-1;-1;-1;-1;-1;-1;-1;-1;-1;-1;-1;0;25;75;100;100;0;100;100;75;7.5;1.5;3.5;3;Apollon Larissa;Ergotelis;2;1.3;2;0.5;1;1.4;100;75;25;0;0;25;25;25;1.49;1.28;2.77;2784;20;Y;Y;Y;Y;N;N;Y
709476;5135;1100;2019/2020;complete;52482;6;-1;75;;1;0;1;5;1;6;-1;-1;-1;-1;-1;-1;6;5;2;4;8;9;-1;-1;57;43;-1;-1;1.87;3.25;3.85;1.07;1.43;2.35;4.45;8.5;6.7;2.55;1.51;1.16;1.03;2.15;1.61;2;1.73;3.75;1.25;1.17;1.33;1.83;2.6;2;5.5;2.41;2.36;4.18;0;0;0;0;0;0;0;0;0;0;0;0;0;0;0;0;7.5;2.8;2.75;6.5;1.53;3.5;7.5;41;2.38;1.29;1.05;1.02;1.33;2.63;5.25;19;3.25;1.44;1.11;1.02;0;0;0;0;1;0;0;1;0;1;0;2019-11-24 13:00:00;5135;0;34;0;34;0;1;-1;1;0;4;1;1;5;-1;-1;-1;-1;-1;-1;1;87;55;102;110;1.56;1.33;2.88;-1;-1;-1;-1;-1;-1;-1;1;0;0;1;0;-1;-1;-1;-1;-1;-1;-1;-1;-1;-1;-1;0;17;50;67;100;17;50;67;50;9;2.33;3;2.33;Apollon Pontou;Kerkyra;0.3;0;0;0;0;0;100;84;50;33;0;33;33;17;1.28;1.13;2.41;2784;20;Y;N;N;N;N;N;N
709477;5140;5145;2019/2020;complete;52482;6;-1;;;0;0;0;5;6;11;-1;-1;-1;-1;-1;-1;3;2;9;8;12;10;-1;-1;50;50;-1;-1;2.7;3;2.47;0;0;0;0;0;0;0;0;0;0;0;0;0;0;0;0;0;0;0;0;0;0;0;0;0;0;0;0;0;0;0;0;0;0;0;0;0;0;0;0;0;0;0;0;0;0;0;0;0;0;0;0;0;0;0;0;0;0;0;0;0;0;0;0;0;0;0;0;0;0;0;0;2019-11-24 12:45:00;-1;0;42;25;17;0;-1;-1;-1;-1;-1;-1;-1;-1;-1;-1;-1;-1;-1;-1;1;0;0;0;0;1.49;1.27;2.77;0;0;0;0;0;0;1;1;0;0;-1;-1;-1;-1;-1;-1;-1;-1;-1;-1;-1;-1;-1;0;17;17;100;100;50;67;50;34;6.67;0;6;2.34;Karaiskakis;AOX Kissamikos;2.1;1.7;2;2.33;1.4;1.4;100;84;84;0;0;42;42;25;1.22;1.69;2.91;2784;20;N;N;N;N;N;N;N
709478;5137;1108;2019/2020;complete;52482;7;-1;;;0;0;0;2;4;6;-1;-1;-1;-1;-1;-1;0;3;4;5;4;8;-1;-1;46;54;-1;-1;2.05;3.2;3.25;1.04;1.34;2.05;3.75;7;7.75;2.95;1.67;1.22;1.06;1.91;1.8;2.5;1.5;3.5;1.29;1.25;1.33;1.67;2.88;2.05;4;2.5;2.3;3.5;0;0;0;0;0;0;0;0;0;0;0;0;0;0;0;1.67;8;2.5;3.1;6;1.44;3.25;7.5;15;2.63;1.33;1.07;1.02;1.3;2.38;5.5;15;3.4;1.53;1.14;1.03;0;0;0;0;0;0;0;0;0;0;0;2019-12-01 13:00:00;-1;0;67;17;33;0;1;-1;0;1;2;3;1;5;-1;-1;-1;-1;-1;-1;1;51;73;119;129;0.64;1.26;1.9;0;0;0;0;0;0;1;1;0;0;0;0;-1;-1;-1;-1;-1;-1;-1;-1;-1;-1;-1;33;33;33;67;84;17;84;50;33;6;1.67;1;2.5;Doxa Dramas;Levadiakos;1;1.5;0.67;0.33;1.5;1.17;67;67;67;33;17;34;34;17;1.33;1.38;2.71;2784;20;N;N;N;N;N;N;N
709479;1098;1105;2019/2020;complete;52482;7;-1;64,76;;2;0;2;5;1;6;-1;-1;-1;-1;-1;-1;6;3;9;1;15;4;-1;-1;63;37;-1;-1;2;3.15;3.5;1.05;1.39;2.2;4.15;7.75;7;2.7;1.57;1.18;1.04;1.95;1.74;2.38;1.53;3.75;1.25;1.25;1.36;1.8;2.75;2;4.33;2.38;2.3;3.75;0;0;0;0;0;0;0;0;0;0;0;0;0;0;0;1.67;7.25;2.6;3;6;1.5;3.4;10;16.5;2.5;1.3;1.06;1;1.3;2.38;6;17;3.4;1.53;1.13;1.03;0;0;0;0;2;0;0;2;0;2;0;2019-12-01 17:30:00;1098;0;50;25;25;0;1;-1;2;1;3;0;3;3;-1;-1;-1;-1;-1;-1;1;94;46;148;83;2.05;0.8;2.86;-1;-1;-1;-1;-1;-1;-1;1;0;0;1;0;-1;-1;-1;-1;-1;-1;-1;-1;-1;-1;-1;0;25;75;100;100;50;75;75;50;12.5;3;0;3;PAS Giannina;Platanias;2.3;1;2;3;2;1.67;100;75;25;0;0;75;75;50;2.28;1.48;3.76;2784;20;Y;Y;N;N;N;N;N
709480;5128;5139;2019/2020;complete;52482;7;-1;17,28;42;2;1;3;2;5;7;-1;-1;-1;-1;-1;-1;4;6;7;11;11;17;-1;-1;44;56;-1;-1;2.35;3.1;2.85;1.03;1.3;1.95;3.45;6.45;8.25;3.15;1.74;1.26;1.07;1.77;1.95;3;1.36;3.5;1.29;1.36;1.36;1.57;3.26;2.08;3.48;2.52;2.4;3.24;0;0;0;0;0;0;0;0;0;0;0;0;0;0;0;1.83;8;2.2;4;4.75;1.4;3;7.5;23;2.75;1.37;1.07;1.01;1.25;2.1;4.5;13;3.74;1.67;1.18;1.04;0;0;0;0;3;2;1;0;0;0;3;2019-11-29 15:30:00;5128;0;84;34;34;0;1;-1;2;2;0;3;4;3;-1;-1;-1;-1;-1;-1;1;73;80;108;131;1.51;2.07;3.58;-1;-1;-1;-1;-1;-1;-1;1;0;0;1;0;-1;-1;-1;-1;-1;-1;-1;-1;-1;-1;-1;17;17;50;100;100;34;84;100;34;7.33;0;1;3;Ergotelis;Panachaiki;1.6;0.89;2;1.67;1.17;2;84;84;50;0;0;0;0;0;2.06;1.37;3.43;2784;20;Y;Y;Y;N;N;N;Y
709481;1100;1102;2019/2020;complete;52482;7;-1;;16,43;0;2;2;3;7;10;-1;-1;-1;-1;-1;-1;2;8;3;3;5;11;-1;-1;43;57;-1;-1;15.75;5.6;1.18;1.02;1.23;1.77;2.95;5.4;9.5;3.6;1.91;1.34;1.11;2.85;1.35;10;1.06;1.36;3;5;1.08;1.02;13;2.62;1.57;15;3.25;1.33;0;0;0;0;0;0;0;0;0;0;0;0;0;0;0;6;13;1.14;21;1.5;1.3;2.5;6;17;3.28;1.5;1.13;1.03;1.2;1.91;4;10;4.32;1.8;1.22;1.06;0;0;0;0;2;0;2;0;0;0;2;2019-12-02 14:00:00;1102;0;0;0;0;0;1;-1;2;3;1;4;5;5;-1;-1;-1;-1;-1;-1;1;43;53;130;141;0.79;1.66;2.45;-1;-1;-1;-1;-1;-1;-1;1;0;0;2;0;-1;-1;-1;-1;-1;-1;-1;-1;-1;-1;-1;0;0;0;50;100;0;50;100;0;7.5;0;4;1.5;Kerkyra;Apollon Smirnis;0.3;2.4;0;3;0;2.33;100;100;100;50;0;50;50;25;0.91;0.88;1.79;2784;20;Y;Y;N;N;N;N;N
709482;5145;5134;2019/2020;complete;52482;7;-1;45;87,90;1;2;3;2;3;5;-1;-1;-1;-1;-1;-1;7;3;3;4;10;7;-1;-1;50;50;-1;-1;1.95;3.05;3.8;0;0;0;0;0;0;0;0;0;0;0;0;0;0;0;0;0;0;0;0;0;0;0;0;0;0;0;0;0;0;0;0;0;0;0;0;0;0;0;0;0;0;0;0;0;0;0;0;0;0;0;0;0;0;0;0;0;0;0;0;0;0;0;0;0;3;1;0;0;2;2;1;2019-11-30 13:00:00;5134;0;0;0;0;0;-1;-1;-1;-1;-1;-1;-1;-1;-1;-1;-1;-1;-1;-1;1;0;0;0;0;1.7;1.09;2.79;-1;-1;-1;-1;-1;-1;-1;1;0;0;-1;-1;-1;-1;-1;-1;-1;-1;-1;-1;-1;-1;-1;0;0;0;34;84;17;34;67;0;7.83;1.83;1.5;1.17;AOX Kissamikos;Apollon Larissa;1.8;1;0;0.33;1.33;1.33;100;100;100;67;17;17;17;17;1.08;1.41;2.49;2784;20;Y;Y;Y;N;N;N;Y
709483;5140;5135;2019/2020;complete;52482;7;-1;73,77;45;2;1;3;2;5;7;-1;-1;-1;-1;-1;-1;4;3;3;4;7;7;-1;-1;58;42;-1;-1;1.36;4.15;7.75;1.05;1.39;2.2;4.15;7.75;7;2.7;1.57;1.18;1.04;2.55;1.43;1.62;2.2;4.33;1.2;1.1;1.29;2.5;2.2;2;7.5;1.91;2.3;6.5;0;0;0;0;0;0;0;0;0;0;0;0;0;0;0;1.36;6.5;4.2;2.05;10;1.57;3.75;11;26;2.25;1.25;1.05;1;1.33;2.63;6.5;17;3.25;1.44;1.11;1.03;0;0;0;0;3;0;1;2;0;2;1;2019-12-01 13:00:00;5140;0;17;17;0;0;1;-1;1;2;1;3;3;4;-1;-1;-1;-1;-1;-1;1;65;49;140;109;1.21;1.02;2.23;-1;-1;-1;-1;-1;-1;-1;1;0;0;0;1;-1;-1;-1;-1;-1;-1;-1;-1;-1;-1;-1;0;25;50;84;84;59;59;50;50;6.83;0;6;2.42;Karaiskakis;Apollon Pontou;2.1;0.3;1.67;0;1.33;0.5;100;75;50;17;17;84;84;34;1.31;0.82;2.13;2784;20;Y;Y;Y;N;N;N;Y
709484;1098;5137;2019/2020;complete;52482;8;-1;25;;1;0;1;9;0;9;1;0;2;2;0;0;9;2;5;3;14;5;17;16;52;48;2;2;1.39;3.65;8.5;1.03;1.31;2.18;3.4;6.8;9.1;3.1;1.62;1.27;1.07;2.2;1.62;1.83;1.83;5;1.17;1.09;1.25;2.45;2.05;2;6.25;1.83;2.5;6;0;0;0;0;0;0;0;0;0;0;0;0;0;0;0;1.36;8.5;3.75;2.3;10;1.41;3;7.5;15;2.7;1.37;1.07;1.02;1.29;2.25;5.5;15;3.5;1.57;1.14;1.03;0;0;0;0;1;1;0;0;0;0;1;2019-12-08 15:30:00;1098;0;50;34;17;0;-1;1;-1;-1;-1;-1;-1;-1;1;0;1;2;1;3;1;86;40;129;109;2.14;0.76;2.9;0;0;0;0;0;0;1;1;0;0;-1;-1;0;0;-1;-1;-1;-1;-1;-1;-1;-1;-1;0;33;50;84;100;34;50;84;67;12.67;0.67;3;2.67;PAS Giannina;Doxa Dramas;2.3;1.36;2.33;2.33;2.14;1.43;100;67;50;17;0;50;50;33;2.2;1.19;3.39;2784;20;Y;N;N;N;N;N;N
709485;1108;5128;2019/2020;complete;52482;8;-1;31;;1;0;1;6;1;7;-1;-1;-1;-1;-1;-1;7;3;9;5;16;8;-1;-1;51;49;-1;-1;1.67;3.6;4.55;1.02;1.26;1.87;3.15;5.85;9;3.4;1.83;1.3;1.09;1.87;1.83;2.2;1.62;5.5;1.14;1.12;1.25;2.25;2.2;2.25;5.5;1.91;2.6;5;0;0;0;0;0;0;0;0;0;0;0;0;0;0;0;1.44;10;3.1;2.63;9.5;1.4;3.4;8;17;2.8;1.3;1.1;1.02;1.22;2;4.32;11;3.98;1.73;1.2;1.05;0;0;0;0;1;1;0;0;0;0;1;2019-12-06 14:00:00;1108;0;50;17;34;0;1;-1;5;1;1;0;6;1;-1;-1;-1;-1;-1;-1;1;83;81;129;134;2.1;1.31;3.41;-1;-1;-1;-1;-1;-1;-1;1;0;0;0;0;-1;-1;-1;-1;-1;-1;-1;-1;-1;-1;-1;0;34;67;84;100;33;100;84;50;10;1.34;1;2.84;Levadiakos;Ergotelis;2.3;1.3;2;0.33;1.14;1.43;100;67;34;17;0;67;67;33;1.83;1.2;3.03;2784;20;Y;N;N;N;N;N;N
709486;1105;1100;2019/2020;complete;52482;8;-1;45,50,60,90;;4;0;4;4;5;9;2;3;2;3;0;0;8;2;6;3;14;5;20;12;59;41;2;3;1.18;5.5;16.75;1.05;1.23;1.76;2.81;5.3;11;3.8;1.97;1.38;1.12;2.34;1.57;1.33;3.25;10;1.06;1.03;1.11;4.15;1.72;2.28;11.5;1.48;3.32;15;0;0;0;0;0;0;0;0;0;0;0;0;0;0;0;1.1;13;8.5;1.44;21;1.34;2.02;4.28;21;3;1.67;1.1;1.02;1.22;2;3.3;13;4;1.73;1.29;1.04;0;0;0;0;4;1;0;3;0;3;1;2019-12-08 13:00:00;1105;0;63;13;50;0;1;1;3;2;1;3;5;4;1;2;1;1;3;2;1;59;34;125;108;1.88;0.72;2.6;0;0;0;0;0;0;1;1;0;0;1;0;0;1;-1;-1;-1;-1;-1;-1;-1;-1;-1;13;25;50;63;100;13;50;88;63;8;1.5;2;2.5;Platanias;Kerkyra;1.6;0;1;0;1.43;0;88;75;50;38;0;50;50;25;1.39;1.18;2.57;2784;20;Y;Y;Y;Y;N;N;N
709487;5139;5145;2019/2020;complete;52482;8;-1;;90;0;1;1;8;0;8;2;2;2;7;0;0;5;3;12;3;17;6;12;27;50;50;2;7;1.74;3.38;4.52;0;0;0;0;0;0;0;0;0;0;0;0;0;0;0;0;0;0;0;0;0;0;0;0;0;0;0;0;0;0;0;0;0;0;0;0;0;0;0;0;0;0;0;0;0;0;0;0;0;0;0;0;0;0;0;0;0;0;0;0;0;0;0;0;0;1;0;0;0;1;1;0;2019-12-09 15:00:00;5145;0;29;17;13;0;-1;1;-1;-1;-1;-1;-1;-1;0;2;2;5;2;7;1;0;0;0;0;1.94;0.84;2.78;0;0;0;0;0;0;1;1;0;0;-1;-1;0;0;-1;-1;-1;-1;-1;-1;-1;-1;-1;0;13;13;71;88;17;63;54;25;6.83;0.33;0.33;1.84;Panachaiki;AOX Kissamikos;1.82;1.7;2.33;2;1.71;1.14;100;88;88;29;13;42;42;13;1.4;1.58;2.98;2784;20;Y;N;N;N;N;N;N
709488;1102;5140;2019/2020;complete;52482;8;-1;49;11,72;1;2;3;5;3;8;3;0;3;7;0;0;5;6;13;1;18;7;14;17;66;34;3;7;1.21;4.75;16;1.05;1.4;2.32;4.1;8.6;7.6;2.7;1.55;1.19;1.04;3.4;1.3;1.33;3.25;7;1.1;1.04;1.17;3.4;1.75;2.15;10.25;1.59;2.82;10.5;0;0;0;0;0;0;0;0;0;0;0;0;0;0;0;1.17;8;8;1.53;21;1.48;3.4;7;26;2.47;1.3;1.06;1.01;1.29;2.38;5.5;15;3.5;1.53;1.14;1.03;0;0;0;0;3;0;1;1;1;2;1;2019-12-08 13:00:00;5140;0;46;29;34;0;1;1;3;1;2;2;4;4;2;3;1;4;5;5;1;44;21;82;56;1.8;1.02;2.82;0;0;0;0;0;0;1;1;0;0;0;1;0;0;-1;-1;-1;-1;-1;-1;-1;-1;-1;34;46;59;88;88;42;88;75;59;5.83;1.08;1;3.29;Apollon Smirnis;Karaiskakis;1.8;1;2;1;2.43;1.57;67;54;42;13;13;13;13;0;1.48;1.54;3.02;2784;20;Y;Y;Y;N;N;N;Y
709489;5134;5135;2019/2020;complete;52482;8;-1;18,27,68,77;;4;0;4;4;3;7;2;7;1;2;0;0;7;4;7;4;14;8;14;16;61;39;1;2;1.34;4.3;8.25;1.05;1.25;1.8;3;5.5;11;3.75;2;1.36;1.14;2.38;1.53;1.62;2.2;9;1.07;1.05;1.18;3.75;1.73;2.5;9;1.5;2.88;10;0;0;0;0;0;0;0;0;0;0;0;0;0;0;0;0;0;0;0;0;1.33;2.62;6.5;19;3.25;1.44;1.11;1.02;1.2;2;4;11;4.33;1.73;1.22;1.05;0;0;0;0;4;2;0;2;0;2;2;2019-12-08 13:00:00;5134;0;67;0;34;0;1;1;2;0;2;3;2;5;1;0;0;2;1;2;1;86;62;129;111;2;1.24;3.24;1;0;1;0;0;0;1;1;0;0;0;0;0;0;-1;-1;-1;-1;-1;-1;-1;-1;-1;0;33;84;100;100;33;84;100;84;7;0;3;3.17;Apollon Larissa;Apollon Pontou;2;0.3;2.33;0;1.57;0.43;100;67;17;0;0;34;34;0;1.52;0.89;2.41;2784;20;Y;Y;Y;Y;N;N;N
709490;5137;5128;2019/2020;complete;52482;9;-1;3;83,90;1;2;3;11;2;13;3;0;2;4;0;0;5;6;2;9;7;15;23;12;44;56;2;4;2.4;3.15;2.75;1.03;1.3;1.95;3.45;6.45;8.25;3.15;1.74;1.26;1.07;1.77;1.91;0;0;0;0;1.5;1.33;1.5;3.4;2.05;3.4;0;0;0;0;0;0;0;0;0;0;0;0;0;0;0;0;0;0;0;0;2.1;0;0;1.4;0;0;0;2.75;0;0;0;0;0;0;0;0;0;0;0;0;0;0;0;3;1;0;0;2;2;1;2019-12-14 13:00:00;5128;0;50;0;38;0;1;1;8;1;3;1;9;4;1;2;1;2;3;3;1;86;95;111;126;1.42;2.05;3.47;0;0;0;0;0;0;1;1;1;0;1;0;0;0;-1;-1;-1;-1;-1;-1;-1;-1;-1;13;38;50;63;75;13;75;63;50;4.75;1.5;0.5;2.38;Doxa Dramas;Ergotelis;1;1.3;0.75;0.25;1.25;1.25;88;63;50;38;25;13;13;13;1.15;1.23;2.38;2784;20;Y;Y;Y;N;N;N;Y
709491;1100;1098;2019/2020;complete;52482;9;-1;;3,9,30,90;0;4;4;5;5;10;1;1;1;2;0;0;6;9;6;8;12;17;21;24;41;59;1;2;12;4.9;1.24;1.03;1.29;1.91;3.35;6.25;8.5;3.2;1.77;1.27;1.08;3.08;1.35;8;1.08;1.44;2.62;3.9;1.09;1.03;11;2.53;1.61;11;2.7;1.51;0;0;0;0;0;0;0;0;0;0;0;0;0;0;0;5.5;11;1.2;13;1.83;1.36;3;8;23;2.9;1.37;1.08;1.01;1.25;2;4.32;11;3.74;1.73;1.2;1.05;0;0;0;0;4;0;3;0;1;1;3;2019-12-13 15:00:00;1098;0;25;25;0;0;1;1;3;2;2;3;5;5;0;2;1;0;2;1;1;40;59;120;135;1.48;2.14;3.62;0;0;0;0;0;0;1;1;0;2;0;0;0;0;-1;-1;-1;-1;-1;-1;-1;-1;-1;0;0;13;75;88;42;75;59;0;7.33;0;2.67;1.75;Kerkyra;PAS Giannina;0.3;2.6;0;2;0;2.25;100;100;88;25;13;59;59;0;0.87;1.32;2.19;2784;20;Y;Y;Y;Y;N;N;N
709492;5145;1108;2019/2020;complete;52482;9;-1;31,90;;2;0;2;3;6;9;1;3;2;0;0;0;4;3;2;3;6;6;16;9;50;50;2;0;2.12;3.4;2.86;0;0;0;0;0;0;0;0;0;0;0;0;0;0;0;0;0;0;0;0;0;0;0;0;0;0;0;0;0;0;0;0;0;0;0;0;0;0;0;0;0;0;0;0;0;0;0;0;0;0;0;0;0;0;0;0;0;0;0;0;0;0;0;0;0;2;1;0;1;0;1;1;2019-12-16 14:00:00;5145;0;42;13;13;0;-1;1;-1;-1;-1;-1;-1;-1;0;0;2;0;0;2;1;0;0;0;0;0.94;0.97;1.91;0;0;0;0;0;0;1;1;0;0;-1;-1;0;0;-1;-1;-1;-1;-1;-1;-1;-1;-1;13;13;29;42;88;13;54;63;29;7;0.17;2;1.84;AOX Kissamikos;Levadiakos;1.8;1.5;0;0.5;1.38;1.38;88;88;71;59;13;25;25;13;1.29;1.35;2.64;2784;20;Y;Y;N;N;N;N;N
709493;5140;1105;2019/2020;complete;52482;9;-1;57,80,90,90;17,62;4;2;6;10;5;15;1;5;6;3;0;0;6;6;8;5;14;11;14;22;54;46;6;3;2.35;3.15;2.8;1.04;1.34;2.05;3.75;7;7.75;2.95;1.67;1.22;1.06;1.83;1.87;2.75;1.4;3.75;1.25;1.25;1.28;1.58;2.8;2.07;3.72;2.62;2.4;3.4;0;0;0;0;0;0;0;0;0;0;0;0;0;0;0;1.83;9.5;2.2;4;5.5;1.45;3;7;15;2.63;1.37;1.07;1.02;1.22;2.2;4.88;13;3.74;1.62;1.17;1.04;0;0;0;0;6;0;1;4;1;5;1;2019-12-15 12:00:00;5140;0;42;29;0;0;1;1;5;4;5;1;9;6;3;3;3;0;6;3;1;95;55;133;104;1.99;1.52;3.51;0;0;0;0;0;0;1;1;0;0;3;1;1;0;-1;-1;-1;-1;-1;-1;-1;-1;-1;0;0;29;88;88;59;71;46;29;5.42;0;6;2.04;Karaiskakis;Platanias;2.1;1;2;2;1.75;1.63;100;100;71;13;13;42;42;42;1.29;1.26;2.55;2784;20;Y;Y;Y;Y;Y;Y;Y
709494;5135;5139;2019/2020;complete;52482;9;-1;;44,54,63;0;3;3;4;7;11;3;0;1;0;0;0;7;6;3;0;10;6;11;10;50;50;1;0;6.7;4.6;1.36;1.01;1.2;1.67;2.7;4.85;10.25;3.95;2.05;1.39;1.14;1.91;1.77;6.5;1.11;2;1.73;2.62;1.2;1.11;6.5;2.38;2;6;2.62;1.73;0;0;0;0;0;0;0;0;0;0;0;0;0;0;0;0;0;0;0;0;1.36;2.75;7;21;3;1.4;1.1;1.02;1.22;2;4.33;11;4;1.73;1.2;1.05;0;0;0;0;3;0;1;0;2;2;1;2019-12-15 13:00:00;5139;0;38;13;0;0;1;1;1;6;3;1;7;4;0;0;1;0;0;1;1;64;77;137;136;1.6;1.37;2.97;0;0;0;0;0;0;1;1;0;0;0;1;0;0;-1;-1;-1;-1;-1;-1;-1;-1;-1;0;13;25;75;100;25;63;75;13;9;0;2;2.13;Apollon Pontou;Panachaiki;0.3;0.89;0.75;1.25;0.38;1.5;100;88;75;25;0;13;13;13;1.35;1.55;2.9;2784;20;Y;Y;Y;N;N;N;N
709495;5134;1102;2019/2020;complete;52482;9;-1;18;;1;0;1;0;4;4;1;6;4;5;0;0;2;3;4;6;6;9;16;17;50;50;4;5;17.25;4.9;1.2;1.03;1.31;1.96;3.4;6.8;9.1;3.1;1.79;1.27;1.07;2.09;1.7;6;1.12;1.57;2.25;3.3;1.17;1.04;6.7;2.09;2.22;4.3;2.4;2.22;0;0;0;0;0;0;0;0;0;0;0;0;0;0;0;5.5;0;1.22;9;2.4;1.41;3.17;7.4;26;2.7;1.26;1.06;1.01;1.24;2.25;5.5;15;3.6;1.57;1.14;1.03;0;0;0;0;1;1;0;0;0;0;1;2019-12-15 12:45:00;5134;0;38;0;25;0;-1;1;-1;-1;-1;-1;-1;-1;1;2;3;3;3;6;-1;0;0;0;0;0;0;0;0;0;0;0;0;0;1;1;0;0;-1;-1;0;0;-1;-1;-1;-1;-1;-1;-1;-1;-1;0;25;38;67;100;42;67;84;38;8.75;0;4;2.29;Apollon Larissa;Apollon Smirnis;2;2.4;2.5;3;1.75;2.13;100;75;63;34;0;34;34;17;1.64;1.14;2.78;2784;20;Y;N;N;N;N;N;N
709496;1100;5137;2019/2020;complete;52482;10;-1;;44,57;0;2;2;1;5;6;1;6;0;1;0;0;7;8;3;7;10;15;26;11;41;59;0;1;6.85;3.45;1.47;1.07;1.44;2.4;4.55;8.75;6.6;2.55;1.5;1.15;1.03;2.35;1.51;4;1.22;1.8;1.91;2.2;1.29;1.12;6;2.1;2.3;5.5;2.3;2;0;0;0;0;0;0;0;0;0;0;0;0;0;0;0;4.05;6.6;1.38;9;2.1;1.46;3.5;9;34;2.5;1.29;1.05;1;1.33;2.62;6.5;19;3.25;1.44;1.11;1.02;0;0;0;0;2;0;1;0;1;1;1;2019-12-22 12:30:00;5137;0;25;25;0;0;1;1;0;3;1;2;3;3;0;0;0;1;0;1;1;38;42;125;131;1.41;1.82;3.24;0;0;0;0;0;0;1;1;0;0;0;1;0;0;-1;-1;-1;-1;-1;-1;-1;-1;-1;0;25;25;75;100;50;88;63;13;6.75;0;4;2.25;Kerkyra;Doxa Dramas;0.3;1.36;0;1.75;0;1.11;100;75;75;25;0;63;50;13;1.02;1.08;2.1;2784;20;Y;Y;N;N;N;N;N
709497;5128;5145;2019/2020;complete;52482;10;-1;90;;1;0;1;4;8;12;2;0;3;3;0;0;4;4;3;8;7;12;14;16;50;50;3;3;2.4;3.15;2.7;0;0;0;0;0;0;0;0;0;0;0;0;0;0;0;0;0;0;0;0;0;0;0;0;0;0;0;0;0;0;0;0;0;0;0;0;0;0;0;0;0;0;0;0;0;0;0;0;0;0;0;0;0;0;0;0;0;0;0;0;0;0;0;0;0;1;0;0;1;0;1;0;2019-12-23 15:00:00;5128;0;60;38;35;0;-1;1;-1;-1;-1;-1;-1;-1;0;1;3;2;1;5;1;0;0;0;0;1.19;1.49;2.68;0;0;0;0;0;0;1;1;0;0;-1;-1;0;0;-1;-1;-1;-1;-1;-1;-1;-1;-1;13;23;60;80;90;38;48;78;45;7.05;0.15;2.33;2.78;Ergotelis;AOX Kissamikos;1.6;1.7;2.25;2.2;1.44;1.56;88;78;40;20;10;20;20;10;1.92;1.43;3.35;2784;20;Y;N;N;N;N;N;N
709498;1098;5140;2019/2020;complete;52482;10;-1;24,25;;2;0;2;9;2;11;1;1;2;2;0;0;8;3;6;4;14;7;24;16;48;52;2;2;1.29;4.55;8.5;1.03;1.3;1.95;3.45;6.45;8.25;3.15;1.74;1.26;1.07;2.45;1.48;1.57;2.25;7;1.1;1.04;1.18;3.4;1.8;2.3;10;1.53;2.75;10;0;0;0;0;0;0;0;0;0;0;0;0;0;0;0;1.25;10;4.5;1.8;19;1.41;3;8;21;2.7;1.36;1.08;1.02;1.25;2.1;4.5;13;3.75;1.67;1.18;1.04;0;0;0;0;2;2;0;0;0;0;2;2019-12-22 13:00:00;1098;0;50;13;50;0;1;1;6;0;3;2;6;5;0;0;2;2;0;4;1;90;71;119;135;2.09;1.18;3.28;0;0;0;0;0;0;1;1;0;0;1;0;0;0;-1;-1;-1;-1;-1;-1;-1;-1;-1;25;38;63;88;100;13;75;88;75;11.25;1.25;3.33;3.25;PAS Giannina;Karaiskakis;2.3;1;2.5;1.5;2.33;1.89;75;63;38;13;0;38;25;13;2.19;1.41;3.6;2784;20;Y;Y;N;N;N;N;N
709499;1108;5135;2019/2020;complete;52482;10;-1;38,52;;2;0;2;4;4;8;1;2;2;1;0;0;3;2;8;2;11;4;15;7;53;47;2;1;1.06;9.5;15.75;1;1.03;1.2;1.56;2.25;17.5;8.25;4;2.25;1.57;1.83;1.87;1.83;1.83;23;1.01;1.03;1.04;9;1.4;3.6;11;1.22;5;11;0;0;0;0;0;0;0;0;0;0;0;0;0;0;0;1.11;51;7.5;1.83;29;1.1;1.7;2.75;5.45;5.8;2.01;1.4;1.13;1.05;1.33;2.1;3.75;11;3.25;1.67;1.25;0;0;0;0;2;1;0;1;0;1;1;2019-12-22 12:45:00;1108;0;25;13;0;0;1;1;3;1;1;3;4;4;0;1;2;0;1;2;1;68;41;118;98;1.4;0.7;2.11;0;0;0;0;0;0;1;1;0;0;2;0;0;0;-1;-1;-1;-1;-1;-1;-1;-1;-1;0;25;63;75;100;38;88;75;50;9.75;2.25;1.5;2.63;Levadiakos;Apollon Pontou;2.3;0.3;2.25;0;1.22;0.33;100;75;38;25;0;63;63;13;1.9;0.98;2.88;2784;20;Y;Y;N;N;N;N;N
709500;1105;5134;2019/2020;complete;52482;10;-1;64,90;4;2;1;3;10;2;12;2;6;2;5;0;0;9;7;12;3;21;10;26;15;50;50;2;5;1.65;4.05;4.05;1.02;1.25;1.83;3.05;5.65;9;3.5;1.87;1.31;1.1;1.83;1.83;2.38;1.53;5;1.17;1.18;1.29;2.2;2.3;2.3;4.75;2;2.6;4.5;0;0;0;0;0;0;0;0;0;0;0;0;0;0;0;0;0;0;3;8;1.36;2.75;7;21;3;1.4;1.1;1.02;1.22;2;4.33;11;4;1.73;1.2;1.05;0;0;0;0;3;0;1;2;0;2;1;2019-12-21 13:00:00;1105;0;43;10;20;0;1;1;6;1;4;1;7;5;1;3;1;2;4;3;1;78;46;111;113;2.51;1.47;3.98;0;0;0;0;0;0;1;1;0;1;1;0;0;0;-1;-1;-1;-1;-1;-1;-1;-1;-1;10;30;43;78;88;23;68;75;53;9.4;0.6;1.17;2.48;Platanias;Apollon Larissa;1.6;1;1.4;1;1.44;1.89;90;70;58;23;13;53;43;33;1.49;1.33;2.82;2784;20;Y;Y;Y;N;N;N;Y
709501;5139;1102;2019/2020;complete;52482;10;-1;37;71,75,90;1;3;4;4;0;4;3;0;1;3;0;0;4;7;8;11;12;18;12;21;50;50;1;3;3.45;2.6;2.35;1.11;1.61;2.9;5.8;11.25;5.45;2.15;1.35;1.09;1.01;2.3;1.54;2.63;1.44;2.38;1.53;1.55;1.4;1.3;3.7;1.85;2.9;3.25;2.1;3;0;0;0;0;0;0;0;0;0;0;0;0;0;0;0;2.38;5.45;1.95;4.33;3.75;1.56;3.24;9.5;34;2.24;1.29;1.04;0;1.4;2.75;8;21;2.75;1.4;1.08;1.02;0;0;0;0;4;1;0;0;3;3;1;2019-12-20 17:30:00;1102;0;13;13;0;0;-1;1;-1;-1;-1;-1;-1;-1;0;2;1;1;2;2;1;48;42;127;135;1.4;1.94;3.34;0;1;0;1;0;0;1;1;0;0;-1;-1;0;0;-1;-1;-1;-1;-1;-1;-1;-1;-1;0;0;0;38;100;25;63;50;0;9.25;1.5;4.25;1.38;Panachaiki;Apollon Smirnis;1.82;2.4;1.75;2.25;1.67;1.89;100;100;100;63;0;38;38;13;1.53;1.14;2.67;2784;20;Y;Y;Y;Y;N;N;Y
709502;5145;5137;2019/2020;complete;52482;11;-1;33,35;48;2;1;3;4;3;7;4;2;3;2;0;0;4;5;1;5;5;10;19;11;50;50;3;2;1.67;3.3;5.3;0;0;0;0;0;0;0;0;0;0;0;0;0;0;0;0;0;0;0;0;0;0;0;0;0;0;0;0;0;0;0;0;0;0;0;0;0;0;0;0;0;0;0;0;0;0;0;0;0;0;0;0;0;0;0;0;0;0;0;0;0;0;0;0;0;3;2;0;0;1;1;2;2020-01-06 14:00:00;5145;0;33;20;0;0;1;1;4;1;0;2;5;2;0;0;3;2;0;5;1;0;0;0;0;1.01;1.44;2.44;0;0;0;0;0;0;1;1;0;0;1;0;0;0;-1;-1;-1;-1;-1;-1;-1;-1;-1;0;10;23;55;100;20;65;80;23;6.4;1.75;3.33;1.88;AOX Kissamikos;Doxa Dramas;1.8;1.36;0.75;2;1.4;1.3;100;90;78;45;0;33;10;10;1.2;1.23;2.43;2784;20;Y;Y;Y;N;N;N;Y
709503;5140;1100;2019/2020;complete;52482;11;-1;26,46,56;;3;0;3;7;3;10;4;2;2;1;0;0;10;2;13;7;23;9;14;5;69;31;2;1;1.2;5.45;10.75;1.01;1.2;1.71;2.65;4.6;12.5;4;2.04;1.42;1.16;2.4;1.5;1.5;2.5;11;1.05;1.03;1.1;4.5;1.62;2.59;9.4;1.36;3.25;12;0;0;0;0;0;0;0;0;0;0;0;0;0;0;0;1.17;14;5.5;1.62;0;1.31;2.5;5.5;17;3.1;1.42;1.12;1.02;1.18;1.91;4;10;4.5;1.8;1.22;1.06;0;0;0;0;3;1;0;2;0;2;1;2020-01-05 13:00:00;5140;0;50;10;30;0;1;1;6;1;1;2;7;3;0;1;2;0;1;2;1;111;42;155;88;2.95;1.02;3.97;0;0;0;0;0;0;1;1;0;0;1;1;0;0;-1;-1;-1;-1;-1;-1;-1;-1;-1;10;20;50;70;90;20;70;60;50;7.8;1;8.33;2.5;Karaiskakis;Kerkyra;2.1;0;2.2;0;1.7;0;90;80;50;30;10;50;40;30;1.43;1.09;2.52;2784;20;Y;Y;Y;N;N;N;N
709504;5135;5128;2019/2020;complete;52482;11;-1;89;40,67,73;1;3;4;5;10;15;0;6;0;1;0;0;7;12;2;11;9;23;5;14;37;63;0;1;7.5;4.8;1.31;1.03;1.17;1.57;2.38;4;15;5;2.35;1.53;1.22;2.1;1.67;10;1.06;1.8;1.91;3.75;1.12;1.05;9.5;2.75;1.62;9;3.1;1.44;0;0;0;0;0;0;0;0;0;0;0;0;0;0;0;4.5;15;1.36;19;1.95;1.25;2.2;5;13;3.75;1.62;1.17;1.04;1.17;1.8;3.5;9;5;1.91;1.29;1.07;0;0;0;0;4;0;1;1;2;3;1;2020-01-05 12:30:00;5128;0;30;0;20;0;1;1;2;2;3;8;4;11;0;0;0;1;0;1;1;49;103;118;186;1.43;3.04;4.47;1;0;1;0;0;0;1;1;0;0;0;0;0;0;-1;-1;-1;-1;-1;-1;-1;-1;-1;0;30;60;70;100;20;70;80;60;8.2;0.8;2.67;2.6;Apollon Pontou;Ergotelis;0.3;1.3;0.6;0.8;0.3;1.6;100;70;40;30;0;40;40;40;1.4;1.39;2.79;2784;20;Y;Y;Y;Y;N;N;Y
709505;5134;1098;2019/2020;complete;52482;11;-1;;31,37,81;0;3;3;8;7;15;3;7;3;1;0;0;4;11;2;7;6;18;14;20;50;50;3;1;5.05;3.25;1.65;1.06;1.29;1.9;3.36;6.5;10;3.5;1.85;1.33;1.11;2.04;1.91;5.5;1.14;2.2;1.62;2;1.29;1.17;5.5;2.25;2.2;5.05;2.51;2.08;0;0;0;0;0;0;0;0;0;0;0;0;0;0;0;2.6;8.25;1.57;0;0;1.36;2.75;7;21;3;1.4;1.1;1.02;1.22;2.2;4.72;11;4;1.6;1.15;1.05;0;0;0;0;3;0;2;0;1;1;2;2020-01-05 12:45:00;1098;0;50;20;20;0;1;1;3;4;5;3;7;8;3;1;0;0;4;0;1;72;74;133;116;1.2;2.44;3.63;0;0;0;0;0;0;1;1;0;0;1;1;1;0;-1;-1;-1;-1;-1;-1;-1;-1;-1;0;30;50;70;90;50;80;70;30;7.2;0.6;3.67;2.4;Apollon Larissa;PAS Giannina;2;2.6;2.6;2.2;1.7;2.4;100;70;50;30;10;30;30;0;1.64;1.48;3.12;2784;20;Y;Y;Y;N;N;N;N
709506;1102;1108;2019/2020;complete;52482;11;-1;;32;0;1;1;2;2;4;0;0;3;5;0;1;3;4;6;0;9;4;17;24;58;42;3;6;1.53;3.1;7;1.06;1.44;2.3;5;9.4;7.2;2.6;1.55;1.17;1.03;2.35;1.57;1.91;1.8;3.75;1.25;1.06;1.22;1.95;2.5;2;5.5;1.97;2.38;5.45;0;0;0;0;0;0;0;0;0;0;0;0;0;0;0;1.43;7;3.6;2.52;7.4;1.51;3.6;9;21;2.4;1.25;1.03;1;1.33;2.51;5.65;19;3.25;1.47;1.11;1.02;0;0;0;0;1;0;1;0;0;0;1;2020-01-05 13:00:00;1108;0;40;20;20;0;1;1;0;2;2;0;2;2;1;2;2;4;3;6;1;40;12;77;63;1.07;0.63;1.7;0;0;0;0;0;0;1;1;0;0;0;2;0;1;-1;-1;-1;-1;-1;-1;-1;-1;-1;10;20;40;70;80;30;80;50;40;8.2;1.4;2.34;2.2;Apollon Smirnis;Levadiakos;1.8;1.5;1.6;0.4;2;1.4;90;80;60;30;20;40;30;10;1.54;1.27;2.81;2784;20;Y;N;N;N;N;N;N
709507;5139;1105;2019/2020;complete;52482;11;-1;24,39;32,55;2;2;4;6;2;8;4;0;0;1;0;0;6;4;7;5;13;9;16;9;60;40;0;1;1.69;3.3;4.65;1.05;1.38;2.2;4.05;7.5;7.25;2.75;1.59;1.19;1.04;2.05;1.67;2.2;1.62;4.33;1.2;1.14;1.33;1.91;2.4;2.1;5.5;2.1;2.4;4.5;0;0;0;0;0;0;0;0;0;0;0;0;0;0;0;0;0;0;0;0;1.44;3.25;9;26;2.62;1.33;1.07;1.01;1.29;2.25;5.5;15;3.5;1.57;1.14;1.03;0;0;0;0;4;2;1;0;1;1;3;2020-01-03 16:00:00;-1;0;45;23;13;0;1;1;0;1;6;1;1;7;0;0;0;1;0;1;1;61;31;153;105;1.7;1.09;2.79;0;0;0;0;0;0;1;1;0;0;0;0;0;0;-1;-1;-1;-1;-1;-1;-1;-1;-1;13;23;35;80;100;35;78;68;35;6.9;2.7;2.3;2.63;Panachaiki;Platanias;1.82;1;1.4;1.5;1.5;1.6;88;78;65;20;0;35;35;25;1.51;1.32;2.83;2784;20;Y;Y;Y;Y;N;N;Y
709508;5140;5137;2019/2020;complete;52482;12;-1;34,70;28,84;2;2;4;3;1;4;2;6;0;0;0;0;4;7;5;3;9;10;15;15;49;51;0;0;1.95;3.2;3.4;1.03;1.25;1.91;3.3;7;9;3.6;1.8;1.29;1.07;1.73;2;2.75;1.4;4;1.22;1.29;1.29;1.73;2.75;2.25;3.75;2.38;2.5;3.5;0;0;0;0;0;0;0;0;0;0;0;0;0;0;0;1.67;10;2.5;3.75;6;1.36;2.88;7.5;19;2.88;1.36;1.08;1.02;1.22;2.1;4.5;11;4;1.67;1.18;1.05;0;0;0;0;4;1;1;1;1;2;2;2020-01-12 13:00:00;-1;0;50;25;9;0;1;-1;0;0;3;1;0;4;0;0;0;0;0;0;1;114;90;161;145;1.68;1.78;3.47;-1;-1;-1;-1;-1;-1;-1;1;0;0;0;0;-1;-1;-1;-1;-1;-1;-1;-1;-1;-1;-1;9;17;42;75;92;42;83;59;34;8.66;1.34;6.67;2.42;Karaiskakis;Doxa Dramas;2.1;1.36;2.33;1.67;1.82;1.18;92;83;59;25;9;50;42;34;1.68;1.27;2.95;2784;20;Y;Y;Y;Y;N;N;Y
709509;5145;5135;2019/2020;complete;52482;12;-1;;-1,-1,-1;0;3;3;-1;-1;-1;-1;-1;-1;-1;-1;-1;-1;-1;-1;-1;-1;-1;-1;-1;-1;-1;-1;-1;1.18;7;11;0;0;0;0;0;0;0;0;0;0;0;0;0;0;0;0;0;0;0;0;0;0;0;0;0;0;0;0;0;0;0;0;0;0;0;0;0;0;0;0;0;0;0;0;0;0;0;0;0;0;0;0;0;0;0;0;0;0;0;0;0;0;0;0;0;3;0;0;0;0;0;0;2020-01-12 13:00:00;5135;0;30;0;0;1;-1;-1;-1;-1;-1;-1;-1;-1;-1;-1;-1;-1;-1;-1;-1;0;0;0;0;0;0;0;-1;-1;-1;-1;-1;-1;-1;-1;-1;-1;-1;-1;-1;-1;-1;-1;-1;-1;-1;-1;-1;-1;-1;0;20;60;80;100;30;70;100;50;6.6;3.4;2.75;2.6;AOX Kissamikos;Apollon Pontou;1.8;0.3;1.2;0;1.55;0.27;100;80;40;20;0;30;20;0;1.16;0.92;2.08;2784;20;Y;Y;Y;N;N;N;N
709510;1100;5134;2019/2020;complete;52482;12;-1;81;55,62,73;1;3;4;0;4;4;3;2;0;0;0;0;3;5;3;4;6;9;10;3;29;71;0;0;8;3.75;1.4;1.06;1.29;2;3.25;6.5;10;3.5;1.8;1.33;1.11;2;1.73;6;1.12;1.91;1.8;2.62;1.22;1.07;7.5;2.4;1.83;6.5;2.5;1.8;0;0;0;0;0;0;0;0;0;0;0;0;0;0;0;3.85;8.75;1.31;12;2.3;1.4;3;8;23;2.75;1.37;1.08;1.01;1.23;2.1;5;15;3.7;1.67;1.17;1.03;0;0;0;0;4;0;0;1;3;4;0;2020-01-11 13:00:00;5134;0;20;0;0;0;1;-1;0;0;0;4;0;4;0;0;0;0;0;0;1;14;39;99;125;0.71;1.22;1.93;1;0;1;0;0;0;1;1;0;0;0;0;-1;-1;-1;-1;-1;-1;-1;-1;-1;-1;-1;0;10;30;90;90;30;90;70;20;6.8;1.6;3;2.2;Kerkyra;Apollon Larissa;0.3;1;0;0.8;0;1.55;100;90;70;10;10;50;50;20;1.1;1.36;2.46;2784;20;Y;Y;Y;Y;N;N;Y
709511;5128;1102;2019/2020;complete;52482;12;-1;;28,88;0;2;2;6;4;10;0;0;3;4;0;0;3;4;11;4;14;8;19;16;53;47;3;4;3.35;3.2;2;1.05;1.33;2.05;3.75;8;11;3.25;1.75;1.25;1.08;1.83;1.83;3.75;1.25;2.62;1.44;1.73;1.22;1.33;4;2.2;2.62;3.75;2.5;2.3;0;0;0;0;0;0;0;0;0;0;0;0;0;0;0;0;0;0;0;0;1.4;3;9;23;2.75;1.36;1.07;1.01;1.25;2.2;5;13;3.75;1.62;1.17;1.04;0;0;0;0;2;0;1;0;1;1;1;2020-01-10 15:00:00;1102;0;50;30;20;0;1;1;2;1;4;3;3;7;1;1;2;3;2;5;1;65;42;125;123;1.57;1.11;2.68;0;1;0;1;0;0;1;1;0;0;0;0;0;0;-1;-1;-1;-1;-1;-1;-1;-1;-1;10;20;50;60;100;40;60;70;30;8;0.8;4.83;2.5;Ergotelis;Apollon Smirnis;1.6;2.4;2.4;2.4;1.73;1.82;90;80;50;40;0;30;30;20;1.78;1.34;3.12;2784;20;Y;Y;N;N;N;N;N
709512;1098;5139;2019/2020;complete;52482;12;-1;42;;1;0;1;7;1;8;1;0;3;3;0;0;6;6;10;1;16;7;17;27;59;41;3;3;5.55;4.05;1.38;1.05;1.33;2.1;4;8;8;3;1.65;1.2;1.06;2.5;1.5;1.67;2.1;6;1.12;1.08;1.2;2.75;2;2.25;7.5;1.73;2.5;7.5;0;0;1.67;0;0;0;0;2.1;0;0;0;0;0;0;0;1.29;9;4.2;2;12;1.4;3.3;8.5;21;2.75;1.29;1.05;1;1.29;2.5;5.5;15;3.5;1.5;1.14;1.03;0;0;0;0;1;1;0;0;0;0;1;2020-01-12 13:15:00;1098;0;40;10;10;0;1;1;2;0;5;1;2;6;1;2;2;1;3;3;1;92;42;148;108;2.1;1.18;3.28;0;0;0;0;0;0;1;1;0;0;1;0;0;0;-1;-1;-1;-1;-1;-1;-1;-1;-1;0;10;40;90;100;20;80;70;40;12.6;0.8;1.83;2.4;PAS Giannina;Panachaiki;2.3;0.89;2.6;1.6;2.45;1.45;100;90;60;10;0;50;40;30;2.17;1.51;3.68;2784;20;Y;N;N;N;N;N;N
709513;1108;1105;2019/2020;complete;52482;12;-1;14;;1;0;1;8;1;9;4;1;0;0;0;0;5;0;5;3;10;3;25;17;59;41;0;0;1.75;3.2;4.33;1.08;1.4;2.25;4.33;10;8;2.75;1.62;1.2;1.06;2.1;1.67;2.2;1.62;3.75;1.25;1.2;1.29;1.83;2.6;2.05;4.75;2.25;2.38;4.33;0;0;0;1.98;0;0;0;0;1.83;0;0;0;0;0;0;1.57;7.5;2.8;2.88;6;1.5;3.4;10;0;2.5;1.3;1.06;1;1.3;2.38;6;17;3.4;1.53;1.12;1.02;0;0;0;0;1;1;0;0;0;0;1;2020-01-13 14:00:00;1108;0;40;30;10;0;1;-1;2;1;6;0;3;6;0;0;0;0;0;0;1;102;62;170;117;1.74;0.66;2.39;-1;-1;-1;-1;-1;-1;-1;1;0;0;0;0;-1;-1;-1;-1;-1;-1;-1;-1;-1;-1;-1;10;20;40;80;100;40;90;70;20;8.4;1.6;2.33;2.6;Levadiakos;Platanias;2.3;1;2.4;1.4;1.55;1.55;90;80;60;20;0;50;50;30;1.8;1.28;3.08;2784;20;Y;N;N;N;N;N;N
709514;5137;5135;2019/2020;complete;52482;13;-1;-1,-1,-1;;3;0;3;-1;-1;-1;-1;-1;-1;-1;-1;-1;-1;-1;-1;-1;-1;-1;-1;-1;-1;-1;-1;-1;1.06;10.5;24;1;1.05;1.25;1.75;2.35;21;8;3.6;1.95;1.51;2.75;1.4;0;0;0;0;1.03;1.07;5.5;1.32;3.72;12.75;0;0;0;0;0;0;0;0;0;0;0;0;0;0;0;0;0;0;1.17;31;4.5;1.5;1.86;1.27;1.8;0;0;3.4;1.91;0;0;1.14;1.78;2.25;4.33;4.9;1.93;1.57;1.2;0;0;0;0;3;0;0;0;0;0;0;2020-01-19 13:00:00;5137;0;39;0;10;1;-1;-1;-1;-1;-1;-1;-1;-1;-1;-1;-1;-1;-1;-1;-1;0;0;0;0;0;0;0;-1;-1;-1;-1;-1;-1;-1;-1;-1;-1;-1;-1;-1;-1;-1;-1;-1;-1;-1;-1;-1;-1;-1;10;27;62;80;80;17;64;72;54;7.2;3.1;1.67;2.59;Doxa Dramas;Apollon Pontou;1;0.3;0.6;0.5;1.17;0.5;90;74;39;20;20;30;30;10;1.21;0.92;2.13;2784;20;Y;Y;Y;N;N;N;N
709515;5134;5140;2019/2020;complete;52482;13;-1;43,80;;2;0;2;3;5;8;2;5;0;0;0;0;9;4;8;7;17;11;12;21;51;49;0;0;1.74;3.4;4.2;1.03;1.3;1.95;3.45;6.45;8.25;3.15;1.74;1.26;1.07;1.83;1.83;2.38;1.53;4.33;1.2;1.18;1.29;1.91;2.5;2.1;4.75;2.2;2.5;4;0;0;0;0;0;0;0;0;0;0;0;0;0;0;0;1.61;9.5;2.62;3;7;1.4;3;8;21;2.75;1.36;1.08;1.02;1.25;2.1;5;13;3.74;1.65;1.17;1.04;0;0;0;0;2;1;0;1;0;1;1;2020-01-19 10:45:00;5134;0;55;10;47;0;1;-1;1;3;2;2;4;4;0;0;0;0;0;0;1;81;85;117;139;2.29;1.6;3.88;-1;-1;-1;-1;-1;-1;-1;1;0;0;0;0;-1;-1;-1;-1;-1;-1;-1;-1;-1;-1;-1;20;37;64;92;100;45;100;82;55;6.23;1.23;5;3.22;Apollon Larissa;Karaiskakis;2;1;2.17;1.2;1.67;1.75;80;64;37;9;0;19;19;19;1.55;1.36;2.91;2784;20;Y;Y;N;N;N;N;N
709516;1102;5145;2019/2020;complete;52482;13;-1;;;0;0;0;3;2;5;6;0;0;0;0;0;8;4;3;3;11;7;11;28;50;50;0;0;1.51;3.74;5.45;0;0;0;0;0;0;0;0;0;0;0;0;0;0;0;0;0;0;0;0;0;0;0;0;0;0;0;0;0;0;0;0;0;0;0;0;0;0;0;0;0;0;0;0;0;0;0;0;0;0;0;0;0;0;0;0;0;0;0;0;0;0;0;0;0;0;0;0;0;0;0;0;2020-01-19 13:00:00;-1;0;25;9;17;0;1;-1;2;0;1;2;2;3;0;0;0;0;0;0;1;0;0;0;0;1.58;0.97;2.56;0;0;0;0;0;0;1;1;0;0;1;0;-1;-1;-1;-1;-1;-1;-1;-1;-1;-1;-1;0;17;34;59;83;17;50;67;42;7.17;1.33;4.5;1.92;Apollon Smirnis;AOX Kissamikos;1.8;1.7;1.33;1.83;1.92;1.42;100;83;67;42;17;34;34;17;1.46;1.44;2.9;2784;20;N;N;N;N;N;N;N
709517;5139;1100;2019/2020;complete;52482;13;-1;22,42,60,63;;4;0;4;14;1;15;4;2;0;0;0;0;9;2;11;5;20;7;16;12;65;35;0;0;1.07;8;18;1;1.06;1.28;1.77;2.7;15.5;6.75;3.25;1.95;1.4;2.15;1.61;1.83;1.83;21;1.02;1.03;1.06;6.5;1.4;3.6;11;1.25;4.33;11;0;0;0;0;0;0;0;0;0;0;0;0;0;0;0;1.13;34;5.5;1.91;29;1.21;1.92;3.25;7;3.9;1.79;1.33;1.1;1.14;1.83;2.38;4.5;4.9;1.83;1.53;1.18;0;0;0;0;4;2;0;2;0;2;2;2020-01-19 12:00:00;5139;0;42;17;17;0;1;-1;7;0;7;1;7;8;0;0;0;0;0;0;1;94;31;129;108;2.57;0.82;3.39;-1;-1;-1;-1;-1;-1;-1;1;0;0;3;0;-1;-1;-1;-1;-1;-1;-1;-1;-1;-1;-1;0;25;50;67;100;17;75;75;42;7.5;3.34;2.67;2.42;Panachaiki;Kerkyra;1.82;0;1.33;0;1.33;0;100;75;50;33;0;34;25;0;1.54;1.08;2.62;2784;20;Y;Y;Y;Y;N;N;N
709518;1105;5128;2019/2020;complete;52482;13;-1;58,90;22,34,64,90;2;4;6;4;2;6;1;2;0;0;0;0;6;6;8;5;14;11;14;23;55;45;0;0;1.91;3.3;3.4;1.06;1.25;1.91;4.5;6;10;3.75;1.8;1.17;1.12;1.67;2.1;2.75;1.4;4.5;1.18;1.2;1.33;1.73;2.6;2.2;4.33;2.25;2.5;3.75;0;0;0;0;0;0;0;0;0;0;0;0;0;0;0;1.73;0;2.3;4;5;1.36;2.62;7;19;2.88;1.44;1.1;1;1.22;2;4.32;13;4;1.73;1.2;1.04;0;0;0;0;6;0;2;2;2;4;2;2020-01-17 15:30:00;5128;0;67;9;42;0;1;-1;1;2;3;0;3;3;0;0;0;0;0;0;1;74;51;136;125;1.85;1.5;3.34;-1;-1;-1;-1;-1;-1;-1;1;0;0;0;1;-1;-1;-1;-1;-1;-1;-1;-1;-1;-1;-1;9;50;75;83;100;17;84;92;83;10;2;2.5;3.17;Platanias;Ergotelis;1.6;1.3;1.67;1.17;1.42;1.58;92;50;25;17;0;67;59;50;1.66;1.67;3.33;2784;20;Y;Y;Y;Y;Y;Y;Y
709519;1098;1108;2019/2020;complete;52482;13;-1;;90;0;1;1;4;2;6;1;0;0;0;0;0;3;2;2;4;5;6;21;14;56;44;0;0;1.41;4;6.3;1.03;1.33;2.08;3.56;6.8;9.1;3;1.75;1.24;1.07;2.2;1.62;1.83;1.83;5.5;1.14;1.08;1.22;2.5;2.1;2.2;6.5;1.83;2.5;6;0;0;0;0;0;0;0;0;0;0;0;0;0;0;0;1.4;9.5;3.5;2.25;9.5;1.41;2.9;7.7;21;2.7;1.36;1.05;1.02;1.22;2;4.32;11;4;1.73;1.2;1.05;0;0;0;0;1;0;0;0;1;1;0;2020-01-20 14:30:00;1108;0;25;9;17;0;1;-1;2;1;2;1;3;3;0;0;0;0;0;0;1;119;90;174;138;1.41;1.18;2.59;-1;-1;-1;-1;-1;-1;-1;1;0;0;0;0;-1;-1;-1;-1;-1;-1;-1;-1;-1;-1;-1;9;17;25;59;92;17;75;42;34;12.5;1.17;3.75;2;PAS Giannina;Levadiakos;2.3;1.5;2.67;0.83;2.5;1.67;92;83;75;42;9;59;42;25;2.16;1.17;3.33;2784;20;Y;N;N;N;N;N;N
709520;5134;5137;2019/2020;complete;52482;14;-1;30,49,90,90;61;4;1;5;6;5;11;3;7;0;0;0;0;5;4;2;4;7;8;19;17;54;46;0;0;1.77;3.35;4.1;1.07;1.33;1.93;3.75;8;9.5;3.25;1.78;1.25;1.08;2.1;1.67;2;1.73;5;1.17;1.16;1.27;1.93;2.46;2.2;4.88;1.91;2.5;5;0;0;0;0;0;0;0;0;0;0;0;0;0;0;0;1.43;8;3.2;2.75;1.41;1.4;3;9;26;2.75;1.36;1.07;1.01;1.25;2.2;5;15;3.75;1.62;1.17;1.03;0;0;0;0;5;1;0;3;1;4;1;2020-01-26 13:00:00;5134;0;50;22;22;0;1;-1;4;1;2;4;5;6;0;0;0;0;0;0;1;72;65;112;109;1.32;1.26;2.59;-1;-1;-1;-1;-1;-1;-1;1;0;0;1;0;-1;-1;-1;-1;-1;-1;-1;-1;-1;-1;-1;0;29;50;79;100;50;93;79;36;6.71;2.86;3.8;2.57;Apollon Larissa;Doxa Dramas;2;1.36;2.29;1.57;1.77;1.31;100;71;50;22;0;22;14;14;1.68;1.34;3.02;2784;20;Y;Y;Y;Y;Y;N;Y
709521;5135;1102;2019/2020;complete;52482;14;-1;;19,20,28,38,64;0;5;5;1;6;7;0;2;0;0;0;0;2;10;3;4;5;14;5;14;42;58;0;0;14.5;8;1.09;1.02;1.07;1.25;1.62;2.38;19;9;4;2.2;1.53;3;1.36;19;1.02;1.4;2.75;10;1.05;1.01;23;4;1.25;15;5.5;1.17;0;0;0;0;0;0;0;0;0;0;0;0;0;0;0;6;51;1.1;26;1.44;1.14;1.73;3.4;8;5.5;2;1.3;1.08;1.08;1.44;2.38;4.5;8;2.62;1.53;1.18;0;0;0;0;5;0;4;0;1;1;4;2020-01-26 13:00:00;1102;0;17;0;9;0;1;-1;0;5;1;1;5;2;0;0;0;0;0;0;1;46;83;116;149;0.81;2.19;3;-1;-1;-1;-1;-1;-1;-1;1;0;0;0;1;-1;-1;-1;-1;-1;-1;-1;-1;-1;-1;-1;0;25;34;59;100;17;59;75;34;9.33;1;4.25;2.17;Apollon Pontou;Apollon Smirnis;0.3;2.4;0.5;2.5;0.46;1.85;100;75;67;42;0;50;50;34;1.41;1.29;2.7;2784;20;Y;Y;Y;Y;Y;N;N
709522;5140;5139;2019/2020;complete;52482;14;-1;39,88;;2;0;2;1;2;3;1;4;0;0;0;0;4;3;4;5;8;8;16;15;54;46;0;0;2;3.2;3.3;1.04;1.31;2;3.5;6.55;8.25;3.1;1.71;1.25;1.07;1.8;1.87;2.75;1.4;2.75;1.4;1.5;1.33;1.5;3.4;2;3.5;2.65;2.3;3.4;0;0;0;0;0;0;0;0;0;0;0;0;0;0;0;1.83;7.25;2.25;4;0;1.44;3.3;9;21;2.6;1.29;1.03;1;1.29;2.38;5.5;15;3.5;1.53;1.14;1.03;0;0;0;0;2;1;0;1;0;1;1;2020-01-27 13:00:00;5140;0;54;23;15;0;1;-1;0;2;1;0;2;1;0;0;0;0;0;0;1;125;128;140;130;1.69;1.64;3.33;-1;-1;-1;-1;-1;-1;-1;1;0;0;0;2;-1;-1;-1;-1;-1;-1;-1;-1;-1;-1;-1;7;15;45;85;93;30;93;62;37;8.33;0.26;4.83;2.52;Karaiskakis;Panachaiki;2.1;0.89;2.14;1.33;1.62;1.46;93;86;55;16;7;37;37;30;1.68;1.46;3.14;2784;20;Y;Y;N;N;N;N;N
709523;5145;1105;2019/2020;complete;52482;14;-1;60,78,89;;3;0;3;5;5;10;0;3;0;0;0;0;5;3;6;5;11;8;20;17;50;50;0;0;1.8;3.15;4.4;0;0;0;0;0;0;0;0;0;0;0;0;0;0;0;0;0;0;0;0;0;0;0;0;0;0;0;0;0;0;0;0;0;0;0;0;0;0;0;0;0;0;0;0;0;0;0;0;0;0;0;0;0;0;0;0;0;0;0;0;0;0;0;0;0;3;0;0;3;0;3;0;2020-01-24 16:30:00;5145;0;42;17;9;0;1;-1;4;2;1;3;6;4;0;0;0;0;0;0;1;0;0;0;0;1.59;1.14;2.72;-1;-1;-1;-1;-1;-1;-1;1;0;0;1;1;-1;-1;-1;-1;-1;-1;-1;-1;-1;-1;-1;9;17;50;75;100;34;67;75;25;5.37;2.17;2.75;2.59;AOX Kissamikos;Platanias;1.8;1;1;1.17;1.38;1.31;92;84;50;25;0;35;17;17;1.16;1.17;2.33;2784;20;Y;Y;Y;N;N;N;N
709524;1100;1108;2019/2020;complete;52482;14;-1;;41,57,63,85;0;4;4;4;11;15;2;6;0;0;0;0;0;13;0;2;0;15;20;11;37;63;0;0;11;7.5;1.13;1.04;1.14;1.44;2.1;3.5;13;5.5;2.7;1.67;1.29;2.71;1.44;11;1.05;1.4;2.75;5.5;1.08;1.04;17;3.6;1.33;17;3.6;1.3;0;0;0;0;0;0;0;0;0;0;0;0;0;0;0;6;26;1.1;0;0;1.26;1.95;3.38;8;3.5;1.76;1.3;1.08;1.14;1.73;3.4;8;5.5;2;1.3;1.08;0;0;0;0;4;0;1;0;3;3;1;2020-01-27 12:30:00;1108;0;23;7;16;0;1;-1;3;8;1;3;11;4;0;0;0;0;0;0;1;36;64;114;127;0.29;2.33;2.61;-1;-1;-1;-1;-1;-1;-1;1;0;0;2;0;-1;-1;-1;-1;-1;-1;-1;-1;-1;-1;-1;7;24;24;72;93;24;77;63;16;6.38;0.97;2.35;2.19;Kerkyra;Levadiakos;0.3;1.5;0;1.14;0;1.77;93;77;77;29;7;47;40;7;1.03;1.17;2.2;2784;20;Y;Y;Y;Y;N;N;N
709525;5128;1098;2019/2020;complete;52482;14;-1;90;39,51;1;2;3;2;3;5;1;1;0;0;0;0;8;7;10;6;18;13;8;17;54;46;0;0;3.45;2.95;2.05;1.05;1.4;2.38;4.5;10;8;2.71;1.58;1.18;1.06;2;1.73;3.4;1.3;2.38;1.53;1.6;1.34;1.26;4.33;2;3;3.6;2.25;2.5;0;0;0;0;0;0;0;0;0;0;0;0;0;0;0;2.4;8;1.8;5.5;3.5;1.45;3.5;11;26;2.55;1.29;1.05;1.01;1.29;2.38;5.5;15;3.5;1.53;1.14;1.03;0;0;0;0;3;0;1;1;1;2;1;2020-01-26 15:00:00;1098;0;50;42;17;0;1;-1;2;3;0;0;5;0;0;0;0;0;0;0;1;64;58;140;120;2.17;1.74;3.9;-1;-1;-1;-1;-1;-1;-1;1;0;0;0;0;-1;-1;-1;-1;-1;-1;-1;-1;-1;-1;-1;9;17;59;75;92;59;67;75;17;9.17;1.5;3;2.59;Ergotelis;PAS Giannina;1.6;2.6;2;2.33;1.69;2.31;92;83;42;25;9;50;50;17;1.74;1.64;3.38;2784;20;Y;Y;Y;N;N;N;Y
709526;5137;1102;2019/2020;complete;52482;15;-1;;84;0;1;1;3;3;6;1;4;0;0;0;0;2;5;2;9;4;14;24;25;43;57;0;0;6.2;3.4;1.51;1.06;1.38;2.25;4.04;8.9;7.5;2.76;1.65;1.19;1.03;2.18;1.65;5;1.17;1.83;1.83;2.38;1.22;1.1;6.5;2.1;2.2;6;2.4;1.83;0;0;0;0;0;0;0;0;0;0;0;0;0;0;0;3.4;9.5;1.44;0;0;1.49;3.3;9.2;17;2.44;1.28;1.03;1.01;1.3;2.4;5.6;12;3.2;1.5;1.11;1.03;0;0;0;0;1;0;0;0;1;1;0;2020-02-03 15:00:00;1102;0;32;0;10;0;1;-1;0;2;3;1;2;4;0;0;0;0;0;0;1;44;89;101;126;0.73;1.88;2.61;-1;-1;-1;-1;-1;-1;-1;1;0;0;0;0;-1;-1;-1;-1;-1;-1;-1;-1;-1;-1;-1;16;23;40;62;84;15;61;61;24;7.94;1.88;3.47;2.23;Doxa Dramas;Apollon Smirnis;1;2.4;1;2.57;1.21;1.93;85;77;61;38;17;32;32;17;1.21;1.44;2.65;2784;20;Y;N;N;N;N;N;N
709527;5139;5134;2019/2020;complete;52482;15;-1;4,15,32,83;;4;0;4;7;5;12;5;1;0;0;0;0;9;4;3;10;12;14;13;12;49;51;0;0;3.85;3.2;1.87;1.1;1.44;2.1;4.33;10;7.5;2.62;1.65;1.2;1.06;2.1;1.67;3.5;1.29;2.25;1.57;1.55;1.26;1.35;3.75;1.95;2.8;2.51;2.41;3.78;0;0;0;0;0;0;0;0;0;0;0;0;0;0;0;2.4;7.75;1.87;0;0;1.5;3.06;11;0;2.55;1.29;1.05;0;1.3;2.29;5.05;17;3.4;1.55;1.13;1.02;0;0;0;0;4;3;0;1;0;1;3;2020-01-31 14:00:00;5139;0;47;15;9;0;1;-1;4;4;3;1;8;4;0;0;0;0;0;0;1;49;44;127;121;1.76;1.49;3.25;-1;-1;-1;-1;-1;-1;-1;1;1;0;4;0;-1;-1;-1;-1;-1;-1;-1;-1;-1;-1;-1;0;30;47;77;92;30;77;69;40;9.67;3.33;2.07;2.45;Panachaiki;Apollon Larissa;1.82;1;1.57;1.17;1.36;1.86;100;70;54;23;9;31;31;24;1.69;1.34;3.03;2784;20;Y;Y;Y;Y;N;N;N
709528;1105;5135;2019/2020;complete;52482;15;-1;73,90;;2;0;2;8;0;8;1;2;0;0;0;0;4;0;5;3;9;3;23;10;64;36;0;0;1.03;12;23;0;0;1.12;0;0;0;0;6;0;0;0;0;0;0;0;0;0;0;0;0;0;0;0;0;0;0;0;0;0;0;0;0;0;0;0;0;0;0;0;0;0;0;0;0;0;0;0;0;0;0;0;0;0;0;0;0;0;0;0;0;0;0;0;0;0;2;0;0;2;0;2;0;2020-02-03 13:00:00;1105;0;43;7;22;0;1;-1;1;0;7;0;1;7;0;0;0;0;0;0;1;73;17;151;94;1.39;0.33;1.73;-1;-1;-1;-1;-1;-1;-1;1;0;0;1;0;-1;-1;-1;-1;-1;-1;-1;-1;-1;-1;-1;15;43;79;93;100;29;64;86;72;9.26;2;1.8;3.36;Platanias;Apollon Pontou;1.6;0.3;1.43;0.43;1.21;0.43;86;57;22;7;0;56;49;22;1.69;0.92;2.61;2784;20;Y;Y;N;N;N;N;N
709529;1108;5140;2019/2020;complete;52482;15;-1;41;51;1;1;2;5;1;6;4;1;0;0;0;0;6;3;9;7;15;10;16;21;58;42;0;0;1.42;3.45;8;1.04;1.45;2.25;5.2;9;8.1;2.55;1.57;1.13;1.03;2.64;1.46;1.8;1.91;5;1.17;1.08;1.22;2.5;2.2;2.1;6.5;1.83;2.5;6.5;0;0;0;0;0;0;0;0;0;0;0;0;0;0;0;1.4;7;3.75;2.05;10;1.45;3.8;9;21;2.55;1.22;1.03;1;1.29;2.25;5.5;15;3.5;1.57;1.14;1.03;0;0;0;0;2;1;0;0;1;1;1;2020-02-02 13:00:00;-1;0;34;17;25;0;1;-1;3;0;2;1;3;3;0;0;0;0;0;0;1;92;58;148;112;2.04;1.27;3.31;-1;-1;-1;-1;-1;-1;-1;1;0;0;0;0;-1;-1;-1;-1;-1;-1;-1;-1;-1;-1;-1;17;17;34;75;100;25;100;67;25;9.16;2.17;2.55;2.5;Levadiakos;Karaiskakis;2.3;1;2.5;1;1.86;1.71;84;84;67;25;0;42;34;17;1.79;1.4;3.19;2784;20;Y;Y;N;N;N;N;Y
709530;1098;5145;2019/2020;complete;52482;15;-1;16;90;1;1;2;4;3;7;3;6;0;0;0;0;7;5;6;3;13;8;18;14;50;50;0;0;1.45;3.65;7.75;0;0;0;0;0;0;0;0;0;0;0;0;0;0;0;0;0;0;0;0;0;0;0;0;0;0;0;0;0;0;0;0;0;0;0;0;0;0;0;0;0;0;0;0;0;0;0;0;0;0;0;0;0;0;0;0;0;0;0;0;0;0;0;0;0;2;1;0;0;1;1;1;2020-02-02 12:45:00;-1;0;14;0;14;0;1;-1;1;2;3;1;3;4;0;0;0;0;0;0;1;0;0;0;0;1.76;1.28;3.04;-1;-1;-1;-1;-1;-1;-1;1;0;0;0;2;-1;-1;-1;-1;-1;-1;-1;-1;-1;-1;-1;0;14;22;50;86;7;36;64;36;11.29;1.29;3.4;1.72;PAS Giannina;AOX Kissamikos;2.3;1.7;2.29;1.71;2.36;1.5;100;86;79;50;15;50;43;29;2.05;1.38;3.43;2784;20;Y;Y;N;N;N;N;Y
709531;1100;5128;2019/2020;complete;52482;15;-1;;29,35,48,70;0;4;4;1;8;9;2;12;0;0;0;0;5;11;0;8;5;19;8;19;41;59;0;0;13;7.5;1.13;1.03;1.14;1.48;2.1;3.75;15;5.5;2.6;1.67;1.25;2.75;1.4;11;1.05;1.5;2.5;5.5;1.08;1.03;17;3.1;1.44;13;3.75;1.29;0;0;0;0;0;0;0;0;0;0;0;0;0;0;0;5;26;1.14;0;0;1.25;2.1;4.5;13;3.75;1.67;1.18;1.04;1.14;1.67;3.25;7;5.5;2.1;1.33;1.1;0;0;0;0;4;0;2;0;2;2;2;2020-01-31 13:00:00;5128;0;43;0;36;0;1;-1;1;4;0;4;5;4;0;0;0;0;0;0;1;34;58;116;115;0.93;2.39;3.32;-1;-1;-1;-1;-1;-1;-1;1;0;0;1;1;-1;-1;-1;-1;-1;-1;-1;-1;-1;-1;-1;7;50;65;93;100;29;93;86;58;6.43;2.29;1.8;3.22;Kerkyra;Ergotelis;0.3;1.3;0;1.43;0;1.57;93;50;36;7;0;50;50;29;0.93;1.64;2.57;2784;20;Y;Y;Y;Y;N;N;N
709532;5139;5137;2019/2020;complete;52482;16;-1;;59;0;1;1;5;3;8;1;1;0;0;0;0;5;5;5;1;10;6;17;19;59;41;0;0;1.65;3.3;5.05;1.05;1.35;2.1;3.85;7.25;7.5;2.85;1.62;1.21;1.05;2.05;1.69;2.1;1.67;4.5;1.18;1.13;1.25;2;2.29;2.08;5.4;2.02;2.4;4.94;0;0;0;0;0;0;0;0;0;0;0;0;0;0;0;1.53;7.5;3.2;2.5;7;1.45;3.1;8.3;26;2.55;1.32;1.04;1.01;1.29;2.38;5.5;15;3.5;1.53;1.14;1.03;0;0;0;0;1;0;0;0;1;1;0;2020-02-10 14:00:00;5137;0;51;32;13;0;1;-1;1;1;4;2;2;6;0;0;0;0;0;0;1;100;42;141;98;1.71;1.05;2.76;-1;-1;-1;-1;-1;-1;-1;1;0;0;0;0;-1;-1;-1;-1;-1;-1;-1;-1;-1;-1;-1;7;44;50;75;100;50;88;75;32;9.38;4.88;1.83;2.75;Panachaiki;Doxa Dramas;1.82;1.36;1.75;1.38;1.47;1.13;94;57;50;25;0;38;32;25;1.69;1.33;3.02;2784;20;Y;N;N;N;N;N;N
709533;1102;1105;2019/2020;complete;52482;16;-1;20,31,62,65;;4;0;4;3;1;4;2;3;0;0;0;0;8;3;5;3;13;6;21;17;55;45;0;0;1.29;4.6;8.75;1.02;1.33;1.9;3.62;6.75;10;2.96;1.9;1.2;1.05;2.4;1.54;2;1.73;6.5;1.11;1.07;1.14;2.88;2;2.23;7.8;1.78;2.65;7.2;0;0;0;0;0;0;0;0;0;0;0;0;0;0;0;1.33;11;3.75;0;0;1.36;2.94;6.9;17;2.88;1.3;1.07;1;1.22;2;5.05;11;4;1.73;1.13;1.05;0;0;0;0;4;2;0;2;0;2;2;2020-02-09 13:00:00;1102;0;36;22;14;0;1;-1;2;0;1;1;2;2;0;0;0;0;0;0;1;32;23;72;55;1.61;0.76;2.37;-1;-1;-1;-1;-1;-1;-1;1;0;0;0;0;-1;-1;-1;-1;-1;-1;-1;-1;-1;-1;-1;7;22;50;72;86;36;71;57;43;6;3.14;2.4;2.43;Apollon Smirnis;Platanias;1.8;1;1.29;1;2;1.33;93;79;50;29;15;36;29;15;1.48;1.17;2.65;2784;20;Y;Y;Y;Y;N;N;N
709534;5134;1108;2019/2020;complete;52482;16;-1;76;16;1;1;2;6;3;9;0;7;0;0;0;0;3;3;6;5;9;8;12;16;65;35;0;0;2.85;3;2.35;1.08;1.37;2.2;3.94;9;8;2.77;1.6;1.17;1.07;1.83;1.83;3.25;1.33;2.75;1.4;1.5;1.33;1.36;3.6;2;3.25;3.1;2.3;2.75;0;0;0;0;0;0;0;0;0;0;0;0;0;0;0;2;7.25;2;0;0;1.5;3.4;10;26;2.5;1.3;1.06;1.01;1.29;2.38;5.5;15;3.5;1.53;1.14;1.03;0;0;0;0;2;0;1;1;0;1;1;2020-02-09 13:00:00;-1;0;38;7;26;0;1;-1;3;2;3;1;5;4;0;0;0;0;0;0;1;98;66;148;106;1.5;1.2;2.7;-1;-1;-1;-1;-1;-1;-1;1;0;0;0;1;-1;-1;-1;-1;-1;-1;-1;-1;-1;-1;-1;13;32;44;69;94;26;88;69;38;8.63;2.13;3.16;2.5;Apollon Larissa;Levadiakos;2;1.5;2.38;1.38;1.73;1.8;88;69;57;32;7;38;32;25;1.63;1.31;2.94;2784;20;Y;Y;N;N;N;N;Y
709535;5135;1098;2019/2020;complete;52482;16;-1;27;53,54,59,65,79,89;1;6;7;2;10;12;2;3;0;0;0;0;4;11;2;8;6;19;16;22;32;68;0;0;23;13;1.03;1.02;1.03;1.14;1.33;1.8;21;15;5.5;3.25;1.91;4.48;1.19;29;1.01;1.25;3.75;13;1.03;1.01;41;5.5;1.14;41;8;1.08;0;0;0;0;0;0;0;0;0;0;0;0;0;0;0;12;81;1.03;0;0;1.1;1.94;2.5;5;7;1.77;1.5;1.17;1.05;1.29;1.83;3.25;11;3.5;1.83;1.33;0;0;0;0;7;1;0;0;6;6;1;2020-02-09 13:00:00;1098;0;29;15;14;0;1;-1;2;6;0;4;8;4;0;0;0;0;0;0;1;39;107;82;149;0.95;2.74;3.69;-1;-1;-1;-1;-1;-1;-1;1;0;0;0;0;-1;-1;-1;-1;-1;-1;-1;-1;-1;-1;-1;7;29;57;71;93;43;64;79;29;9.29;1.72;1.43;2.58;Apollon Pontou;PAS Giannina;0.3;2.6;0.43;2.43;0.4;2.27;93;72;43;29;7;50;50;29;1.32;1.66;2.98;2784;20;Y;Y;Y;Y;Y;Y;Y
709536;5140;5128;2019/2020;complete;52482;16;-1;16,41,54;;3;0;3;5;6;11;4;4;0;0;0;0;5;2;3;3;8;5;20;16;49;51;0;0;2.15;3.3;2.9;1.02;1.22;1.85;3.07;5.6;10;3.4;1.95;1.27;1.09;1.6;2.2;3;1.36;4.33;1.2;1.33;1.3;1.62;2.75;2.25;3.6;2.38;2.5;3.4;0;0;0;0;0;0;0;0;0;0;0;0;0;0;0;1.8;11;2.2;0;0;1.33;2.7;6;17;3;1.35;1.09;1;1.2;1.91;4;10;4.33;1.8;1.22;1.06;0;0;0;0;3;2;0;1;0;1;2;2020-02-09 12:45:00;5140;0;57;13;38;0;1;-1;0;3;5;3;3;8;0;0;0;0;0;0;1;83;65;123;118;1.46;0.94;2.4;-1;-1;-1;-1;-1;-1;-1;1;0;0;0;0;-1;-1;-1;-1;-1;-1;-1;-1;-1;-1;-1;13;44;69;88;94;38;94;76;69;8.63;3.13;3.8;3.19;Karaiskakis;Ergotelis;2.1;1.3;2.25;1.63;1.67;1.67;88;57;32;13;7;50;44;38;1.68;1.74;3.42;2784;20;Y;Y;Y;N;N;N;N
709537;5145;1100;2019/2020;complete;52482;16;-1;17,29,45,55;;4;0;4;6;1;7;4;1;0;0;0;0;10;0;15;4;25;4;19;17;67;33;0;0;0;0;0;0;0;0;0;0;0;0;0;0;0;0;0;0;0;0;0;0;0;0;0;0;0;0;0;0;0;0;0;0;0;0;0;0;0;0;0;0;0;0;0;0;0;0;0;0;0;0;0;0;0;0;0;0;0;0;0;0;0;0;0;0;0;0;0;0;4;3;0;1;0;1;3;2020-02-07 14:00:00;5145;0;29;0;15;0;1;-1;4;1;2;0;5;2;0;0;0;0;0;0;1;114;37;127;84;3.09;0.53;3.62;-1;-1;-1;-1;-1;-1;-1;1;0;0;1;0;-1;-1;-1;-1;-1;-1;-1;-1;-1;-1;-1;0;15;64;71;100;14;57;86;50;6.07;2.57;3;2.5;AOX Kissamikos;Kerkyra;1.8;0;1.29;0;1.47;0;100;86;36;29;0;45;30;7;1.23;1.04;2.27;2784;20;Y;Y;Y;Y;N;N;N
709538;5137;1105;2019/2020;complete;52482;17;-1;47;;1;0;1;6;6;12;0;1;0;0;0;0;4;4;4;3;8;7;17;24;49;51;0;0;2.15;2.9;3.2;1.05;1.38;2.2;4.15;7.75;7;2.75;1.57;1.18;1.04;1.91;1.8;2.62;1.44;3.4;1.3;1.36;1.36;1.57;3.1;2;3.75;2.62;2.3;3.25;0;0;0;0;0;0;0;0;0;0;0;0;0;0;0;1.83;0;2.3;3.6;5;1.44;3.4;10;21;2.55;1.3;1.06;1;1.29;2.38;5.5;15;3.5;1.53;1.14;1.03;0;0;0;0;1;0;0;1;0;1;0;2020-02-16 13:00:00;5137;0;41;13;15;0;1;-1;5;2;1;4;7;5;0;0;0;0;0;0;1;69;81;95;105;1.29;1.31;2.6;-1;-1;-1;-1;-1;-1;-1;1;0;0;0;1;-1;-1;-1;-1;-1;-1;-1;-1;-1;-1;-1;14;26;53;73;86;25;59;66;40;6.05;2.77;1.17;2.57;Doxa Dramas;Platanias;1;1;0.86;0.88;1.25;1.25;87;75;48;28;15;34;28;21;1.13;1.12;2.25;2784;20;Y;N;N;N;N;N;N
709539;1108;5139;2019/2020;complete;52482;17;-1;72,76;15;2;1;3;6;0;6;-1;-1;-1;-1;-1;-1;6;7;10;1;16;8;-1;-1;59;41;-1;-1;1.34;4;8;1.04;1.34;2.1;3.8;7;7.5;2.9;1.65;1.21;1.05;2.35;1.5;1.8;1.91;5;1.17;1.07;1.22;2.6;2.1;2.25;6.5;1.83;2.4;6.5;0;0;0;0;0;0;0;0;0;0;0;0;0;0;0;1.4;8;3.75;1.95;11;1.45;3;8;19;2.55;1.33;1.05;1;1.29;2.25;5.5;15;3.5;1.57;1.14;1.03;0;0;0;0;3;0;1;2;0;2;1;2020-02-17 13:00:00;1108;0;36;14;0;0;1;-1;2;0;4;0;2;4;-1;-1;-1;-1;-1;-1;1;131;64;186;118;2.38;1.47;3.85;-1;-1;-1;-1;-1;-1;-1;1;0;0;0;0;-1;-1;-1;-1;-1;-1;-1;-1;-1;-1;-1;0;0;22;72;100;14;100;64;7;9.28;1.86;1.6;1.93;Levadiakos;Panachaiki;2.3;0.89;2.29;1.14;1.75;1.38;100;100;79;29;0;36;29;14;1.82;1.48;3.3;2784;20;Y;Y;Y;N;N;N;Y
709540;1098;1102;2019/2020;complete;52482;17;-1;10,33,41,62,81;52;5;1;6;9;1;10;0;0;0;0;0;0;8;4;4;1;12;5;22;20;53;47;0;0;2.2;2.95;3.1;1.1;1.44;2.25;4.5;10;7.5;2.62;1.57;1.18;1.06;2;1.73;2.38;1.53;3.4;1.3;1.25;1.33;1.67;2.88;2;4.33;2.5;2.25;3.75;0;0;0;0;0;0;0;0;0;0;0;0;0;0;0;0;0;0;3.6;4.75;1.5;3.5;11;0;2.4;1.29;1.05;1;1.3;2.38;6;17;3.4;1.53;1.13;1.03;0;0;0;0;6;3;0;2;1;3;3;2020-02-16 15:00:00;1098;0;19;0;7;0;1;-1;5;0;4;1;5;5;0;0;0;0;0;0;1;99;43;107;109;2.03;0.92;2.95;-1;-1;-1;-1;-1;-1;-1;1;1;0;2;0;-1;-1;-1;-1;-1;-1;-1;-1;-1;-1;-1;7;19;25;57;100;19;63;69;26;11.38;2.38;3.5;2.07;PAS Giannina;Apollon Smirnis;2.3;2.4;2.13;2.63;2.31;2.06;94;82;75;44;0;44;38;19;2.01;1.5;3.51;2784;20;Y;Y;Y;Y;Y;Y;Y
709541;5128;5134;2019/2020;complete;52482;17;-1;35;;1;0;1;4;9;13;3;2;0;0;0;0;6;5;12;3;18;8;9;9;50;50;0;0;1.95;3.2;3.5;1.03;1.27;1.91;3.25;6.05;8.75;3.3;1.8;1.28;1.09;1.74;1.95;2.5;1.5;4.33;1.2;1.22;1.3;1.8;2.6;2.1;4.5;2.2;2.5;3.75;0;0;0;0;0;0;0;0;0;0;0;0;0;0;0;0;0;0;0;0;1.4;3;8;23;2.75;1.36;1.08;1.01;1.25;2.1;4.5;13;3.75;1.67;1.18;1.04;0;0;0;0;1;1;0;0;0;0;1;2020-02-14 14:00:00;5128;0;57;22;29;0;1;-1;4;2;0;7;6;7;0;0;0;0;0;0;1;0;0;0;0;2.12;1.42;3.54;-1;-1;-1;-1;-1;-1;-1;1;0;0;2;1;-1;-1;-1;-1;-1;-1;-1;-1;-1;-1;-1;7;22;64;86;93;36;71;79;43;8;1.58;2.7;2.79;Ergotelis;Apollon Larissa;1.6;1;1.71;1;1.56;1.69;93;79;36;14;7;36;36;29;1.8;1.36;3.16;2784;20;Y;N;N;N;N;N;N
709542;1100;5135;2019/2020;complete;52482;17;-1;90;;1;0;1;5;3;8;0;5;0;0;0;0;6;2;4;2;10;4;26;20;47;53;0;0;1.91;3.6;3.2;0;0;1.67;2.4;4.5;0;0;2.15;1.5;1.17;0;0;0;0;0;0;1.33;1.25;1.73;2.6;2.4;3.6;0;0;0;0;0;0;0;0;0;0;0;0;0;0;0;0;0;0;1.67;14;2.3;0;0;0;2.4;5.5;13;0;1.5;1.11;1.01;0;0;0;0;0;0;0;0;0;0;0;0;1;0;0;1;0;1;0;2020-02-17 13:00:00;1100;0;13;0;7;0;1;-1;2;0;3;3;2;6;0;0;0;0;0;0;1;43;37;113;108;1.37;0.68;2.05;-1;-1;-1;-1;-1;-1;-1;1;0;0;0;0;-1;-1;-1;-1;-1;-1;-1;-1;-1;-1;-1;0;38;63;100;100;32;69;82;51;5.46;2.38;1.25;3;Kerkyra;Apollon Pontou;0.3;0.3;0;0.38;0;0.38;100;63;38;0;0;48;42;7;0.93;0.82;1.75;2784;20;Y;N;N;N;N;N;N
709543;5145;5140;2019/2020;complete;52482;17;-1;11,18,33,53,82;81;5;1;6;2;10;12;4;2;0;0;0;0;7;2;6;6;13;8;19;16;42;58;0;0;1.7;3.4;4.75;1.08;1.36;2.15;4;9;8;3;1.67;1.22;1.07;2.1;1.67;2.1;1.67;4.33;1.2;1.18;1.3;2.1;2.4;2.1;5;2.1;2.38;4.5;0;0;0;0;0;0;0;0;0;0;0;0;0;0;0;0;0;0;0;0;1.44;3.25;10;26;2.62;1.33;1.06;1.01;1.29;2.38;5.5;15;3.5;1.53;1.14;1.03;0;0;0;0;6;3;0;2;1;3;3;2020-02-16 13:00:00;5145;0;41;7;22;0;1;-1;0;4;2;6;4;8;0;0;0;0;0;0;1;33;46;100;120;1.56;0.99;2.55;-1;-1;-1;-1;-1;-1;-1;1;0;0;0;0;-1;-1;-1;-1;-1;-1;-1;-1;-1;-1;-1;15;21;53;88;100;27;75;87;34;6.43;2.39;2.67;2.82;AOX Kissamikos;Karaiskakis;1.8;1;1.5;1;1.56;1.75;86;80;48;13;0;22;14;7;1.5;1.38;2.88;2784;20;Y;Y;Y;Y;Y;Y;Y
709544;1108;5137;2019/2020;complete;52482;18;-1;14,69,71;6,90;3;2;5;7;3;10;0;0;0;0;0;0;8;3;10;4;18;7;15;15;56;44;0;0;1.3;4.45;8.5;1.03;1.32;2;3.6;6.8;8;3;1.69;1.23;1.06;2.5;1.45;1.57;2.25;6.5;1.11;1.06;1.18;3.4;1.91;2.25;8.5;1.62;2.62;9;0;0;0;0;0;0;0;0;0;0;0;0;0;0;0;1.29;11;4.33;1.8;0;1.36;2.88;8;19;2.88;1.36;1.05;1.01;1.25;2.25;5.5;15;3.75;1.57;1.14;1.03;0;0;0;0;5;1;1;2;1;3;2;2020-02-21 13:00:00;1108;0;47;23;11;0;1;-1;1;1;6;2;2;8;0;0;0;0;0;0;1;110;57;171;118;2.5;1.08;3.58;-1;-1;-1;-1;-1;-1;-1;1;0;1;0;0;-1;-1;-1;-1;-1;-1;-1;-1;-1;-1;-1;6;17;35;65;100;29;89;71;23;9.35;3.46;1.74;2.22;Levadiakos;Doxa Dramas;2.3;1.36;2.38;1.56;1.82;1.35;95;84;66;36;0;42;30;18;1.89;1.3;3.19;2784;20;Y;Y;Y;Y;Y;N;Y
709545;1105;1098;2019/2020;complete;52482;18;-1;;19,56;0;2;2;0;3;3;2;1;4;2;0;0;0;3;6;1;6;4;20;15;47;53;4;2;5.55;3.65;1.53;1.01;1.23;1.8;3;5.45;9.25;3.55;1.91;1.32;1.1;1.83;1.87;7;1.1;2.1;1.67;2.62;1.2;1.1;6;2.4;1.95;6;2.75;1.73;0;0;0;0;0;0;0;0;0;0;0;0;0;0;0;3.4;13;1.36;13;2.4;1.33;2.5;6.5;17;3.25;1.5;1.11;1.02;1.18;1.83;3.75;10;4.5;1.83;1.25;1.06;0;0;0;0;2;0;1;0;1;1;1;2020-02-24 14:00:00;1098;0;57;19;26;0;1;1;0;3;0;0;3;0;2;1;2;1;3;3;1;39;35;123;140;0.68;0.75;1.43;0;0;0;0;0;0;1;1;0;0;0;1;0;0;-1;-1;-1;-1;-1;-1;-1;-1;-1;19;38;63;82;94;38;69;88;57;11.26;2.38;1.38;3.13;Platanias;PAS Giannina;1.6;2.6;1.63;2.5;1.18;2.35;82;63;38;19;7;63;57;32;1.65;1.79;3.44;2784;20;Y;Y;N;N;N;N;N
709546;5139;5128;2019/2020;complete;52482;18;-1;13,21;;2;0;2;3;7;10;1;4;0;0;0;0;4;2;4;2;8;4;17;16;38;62;0;0;2.35;2.95;2.9;1.05;1.33;2.2;4;8;8;3;1.6;1.2;1.05;1.91;1.85;2.62;1.44;3.4;1.3;1.33;1.33;1.57;2.93;2.01;3.78;2.62;2.3;3.25;0;0;0;0;0;0;0;0;0;0;0;0;0;0;0;1.83;8;2.3;3.75;5;1.44;3.2;8;19;2.6;1.3;1.05;1;1.29;2.38;5.5;15;3.5;1.53;1.14;1.03;0;0;0;0;2;2;0;0;0;0;2;2020-02-23 11:00:00;5139;0;45;11;22;0;1;-1;3;1;0;6;4;6;0;0;0;0;0;0;1;41;69;102;151;1.09;0.92;2.01;-1;-1;-1;-1;-1;-1;-1;1;0;0;0;0;-1;-1;-1;-1;-1;-1;-1;-1;-1;-1;-1;6;50;67;78;100;44;89;84;50;10.33;5;1.3;3.06;Panachaiki;Ergotelis;1.82;1.3;1.56;1.44;1.29;1.65;95;50;34;22;0;45;39;33;1.7;1.65;3.35;2784;20;Y;Y;N;N;N;N;N
709547;1102;1100;2019/2020;complete;52482;18;-1;33,62;27;2;1;3;9;0;9;3;0;0;0;0;0;9;0;8;2;17;2;19;15;50;50;0;0;1.05;13.44;43.66;0;0;0;0;0;0;0;0;0;0;0;0;0;0;0;0;0;0;0;0;0;0;0;0;0;0;0;0;0;0;0;0;0;0;0;0;0;0;0;0;0;0;0;0;0;0;0;0;0;0;0;0;0;0;0;0;0;0;0;0;0;0;0;0;0;3;1;1;1;0;1;2;2020-02-23 13:00:00;1102;0;25;7;19;0;-1;-1;-1;-1;-1;-1;-1;-1;0;0;0;0;0;0;1;75;13;111;71;2.24;0.24;2.48;-1;-1;-1;-1;-1;-1;-1;1;0;0;-1;-1;-1;-1;-1;-1;-1;-1;-1;-1;-1;-1;-1;0;32;63;69;88;32;75;69;57;5.76;3.38;2.66;2.51;Apollon Smirnis;Kerkyra;1.8;0;1.5;0;1.94;0.18;100;69;38;32;13;32;26;7;1.5;0.98;2.48;2784;20;Y;Y;Y;N;N;N;Y
709548;5134;5145;2019/2020;complete;52482;18;-1;;78;0;1;1;9;9;18;-1;-1;-1;-1;-1;-1;5;6;3;12;8;18;-1;-1;45;55;-1;-1;1.8;3.75;3.6;0;0;0;0;0;0;0;0;0;0;0;0;0;0;0;0;0;0;0;0;0;0;0;0;0;0;0;0;0;0;0;0;0;0;0;0;0;0;0;0;0;0;0;0;0;0;0;0;0;0;0;0;0;0;0;0;0;0;0;0;0;0;0;0;0;1;0;0;0;1;1;0;2020-02-23 12:00:00;5145;0;41;0;23;0;1;-1;4;2;0;7;6;7;-1;-1;-1;-1;-1;-1;1;76;77;132;151;1.42;2.12;3.54;-1;-1;-1;-1;-1;-1;-1;1;0;0;2;1;-1;-1;-1;-1;-1;-1;-1;-1;-1;-1;-1;6;23;35;70;88;17;63;82;35;7.6;2.11;3.24;2.2;Apollon Larissa;AOX Kissamikos;2;1.7;2.22;1.63;1.59;1.65;95;78;66;31;13;36;30;24;1.61;1.36;2.97;2784;20;Y;N;N;N;N;N;N
709549;5135;5140;2019/2020;complete;52482;18;-1;52;28,32,86;1;3;4;2;7;9;2;4;0;0;0;0;0;11;3;11;3;22;12;14;50;50;0;0;39.75;10;1.01;1;1.01;1.14;1.43;2;18.75;9.5;4.6;2.55;1.71;3.1;1.29;26;1.01;1.33;3.25;13;1.01;1;29;6.5;1.12;126;5.5;1.14;0;0;0;0;0;0;0;0;0;0;0;0;0;0;0;18.5;18;1.01;67;1.33;1.06;1.33;2;3.75;10;3.25;1.73;1.25;1.14;1.67;3.25;7;5.5;2.1;1.33;1.1;0;0;0;0;4;0;2;1;1;2;2;2020-02-22 13:00:00;5140;0;44;7;32;0;-1;-1;-1;-1;-1;-1;-1;-1;0;0;0;0;0;0;-1;0;0;0;0;0;0;0;-1;-1;-1;-1;-1;-1;-1;1;0;0;-1;-1;-1;-1;-1;-1;-1;-1;-1;-1;-1;-1;-1;32;44;57;88;100;32;82;88;50;8;1.88;1.79;3.44;Apollon Pontou;Karaiskakis;0.3;1;0.38;0.88;0.35;1.65;69;57;44;13;0;38;38;38;1.27;1.34;2.61;2784;20;Y;Y;Y;Y;N;N;Y
709550;5137;1098;2019/2020;complete;52482;19;-1;63;21,90;1;2;3;1;12;13;0;2;4;4;0;0;3;5;3;5;6;10;20;22;47;53;4;4;5.75;3.9;1.47;1.02;1.23;1.77;2.9;5.3;9.5;3.65;1.95;1.34;1.11;1.91;1.8;6;1.12;2.1;1.67;2.62;1.22;1.11;6;2.3;2.05;5.5;2.75;1.8;0;0;0;0;0;0;0;0;0;0;0;0;0;0;0;0;0;0;0;0;1.36;2.62;7;19;3;1.44;1.1;1.02;1.2;2;4;11;4.33;1.73;1.22;1.05;0;0;0;0;3;0;1;1;1;2;1;2020-02-28 14:00:00;1098;0;41;11;13;0;1;1;1;9;0;3;10;3;2;2;2;2;4;4;1;33;102;93;145;0.84;1.73;2.57;0;0;0;0;0;0;1;1;0;0;0;2;0;0;-1;-1;-1;-1;-1;-1;-1;-1;-1;12;18;47;64;82;22;58;71;24;8.89;2.44;1.28;2.33;Doxa Dramas;PAS Giannina;1;2.6;1.13;2.56;1.28;2.39;89;83;54;36;18;43;43;26;1.15;1.68;2.83;2784;20;Y;Y;Y;N;N;N;Y
709551;5128;1108;2019/2020;complete;52482;19;-1;90;70,83,90;1;3;4;0;0;0;1;0;2;3;0;0;-1;-1;-1;-1;-1;-1;15;19;52;48;2;3;2.8;2.65;2.65;1.05;1.39;2.2;4.15;7.75;7;2.7;1.57;1.18;1.04;1.87;1.83;3;1.36;3;1.36;1.41;1.37;1.39;3.64;1.86;3.44;3;2.35;2.92;0;0;0;0;0;0;0;0;0;0;0;0;0;0;0;2.1;8;1.91;4.33;4.33;1.49;3.28;9.2;26;2.44;1.28;1.03;1.01;1.29;2.38;5.5;12;3.24;1.53;1.12;1.02;0;0;0;0;4;0;0;1;3;4;0;2020-03-02 14:00:00;1108;0;48;25;25;0;1;1;0;0;0;0;0;0;2;2;0;1;4;1;1;3;2;5;4;0;0;0;1;0;1;0;0;0;1;1;0;0;0;0;0;0;-1;-1;-1;-1;-1;-1;-1;-1;-1;12;18;43;66;95;25;77;66;30;8.57;2.19;2.34;2.38;Ergotelis;Levadiakos;1.6;1.5;1.88;1.33;1.56;1.89;89;83;58;35;6;47;36;24;1.84;1.3;3.14;2784;20;Y;Y;Y;Y;N;N;Y
709552;1100;1105;2019/2020;complete;52482;19;-1;;11,55;0;2;2;3;2;5;3;4;2;3;0;0;0;3;3;7;3;10;10;16;50;50;2;3;0;0;0;0;0;0;0;0;0;0;0;0;0;0;0;0;0;0;0;0;0;0;0;0;0;0;0;0;0;0;0;0;0;0;0;0;0;0;0;0;0;0;0;0;0;0;0;0;0;0;0;0;0;0;0;0;0;0;0;0;0;0;0;0;0;0;0;0;2;0;1;0;1;1;1;2020-02-29 13:00:00;1105;0;22;11;11;0;-1;1;-1;-1;-1;-1;-1;-1;2;0;0;3;2;3;1;24;36;101;122;0.38;1.12;1.5;0;0;0;0;0;0;1;1;0;0;-1;-1;0;0;-1;-1;-1;-1;-1;-1;-1;-1;-1;6;39;50;84;100;39;73;84;39;5.67;2.56;1;2.84;Kerkyra;Platanias;0.3;1;0.33;0.78;0.17;1.11;95;62;50;17;0;56;44;22;0.98;1.14;2.12;2784;20;Y;Y;N;N;N;N;N
709553;5145;5139;2019/2020;complete;52482;19;-1;4,41;15;2;1;3;8;1;9;3;3;1;4;0;0;5;2;7;0;12;2;19;14;50;50;1;4;1.65;3.4;5;1.08;1.4;2.25;4.33;10;8;2.75;1.62;1.2;1.06;2.2;1.62;2;1.73;4.33;1.2;1.14;1.29;2.1;2.4;2.1;5.5;2.05;2.38;5;0;0;0;0;0;0;0;0;0;0;0;0;0;0;0;0;0;0;0;0;1.5;3.4;10;26;2.5;1.3;1.06;1.01;1.3;2.38;6;17;3.4;1.53;1.12;1.02;0;0;0;0;3;2;1;0;0;0;3;2020-03-01 13:00:00;5145;0;42;7;7;0;1;1;6;1;2;0;7;2;0;2;1;2;2;3;1;48;29;114;104;1.46;0.5;1.96;0;0;0;0;0;0;1;1;1;0;2;1;0;0;-1;-1;-1;-1;-1;-1;-1;-1;-1;6;11;53;83;100;23;78;82;29;6.38;1.81;2;2.57;AOX Kissamikos;Panachaiki;1.8;0.89;1.67;1;1.72;1.39;95;89;48;18;0;26;19;13;1.5;1.48;2.98;2784;20;Y;Y;Y;N;N;N;Y
709554;5140;1102;2019/2020;complete;52482;19;-1;67;2,62;1;2;3;2;6;8;0;1;4;2;2;0;3;2;5;4;8;6;18;21;51;49;8;2;4.15;3.15;1.8;1.03;1.27;1.91;3.25;6.05;8.75;3.3;1.8;1.28;1.09;1.71;2;3.75;1.25;2.5;1.5;1.8;1.29;1.3;4.33;2.1;2.75;3.75;2.4;2.3;0;0;0;0;0;0;0;0;0;0;0;0;0;0;0;0;0;0;0;0;1.44;3.25;9;26;2.62;1.33;1.07;1.01;1.25;2.25;5;15;3.75;1.57;1.17;1.03;0;0;0;0;3;0;1;1;1;2;1;2020-03-01 12:45:00;1102;0;33;11;17;0;1;1;2;2;0;4;4;4;1;1;5;1;2;6;1;73;55;156;113;1.26;0.93;2.19;0;1;0;1;0;0;1;1;0;1;0;0;0;0;-1;-1;-1;-1;-1;-1;-1;-1;-1;17;28;45;73;95;39;78;73;33;8.23;1.89;4.33;2.67;Karaiskakis;Apollon Smirnis;2.1;2.4;2.33;2.33;1.72;2;84;73;56;28;6;50;50;28;1.66;1.43;3.09;2784;20;Y;Y;Y;N;N;N;Y
709555;5135;5134;2019/2020;complete;52482;19;-1;;67,81,90;0;3;3;2;7;9;3;4;2;1;0;0;2;10;2;11;4;21;11;15;50;50;2;1;0;0;0;0;0;0;0;0;0;0;0;0;0;0;0;0;0;0;0;0;0;0;0;0;0;0;0;0;0;0;0;0;0;0;0;0;0;0;0;0;0;0;0;0;0;0;0;0;0;0;0;0;0;0;0;0;0;0;0;0;0;0;0;0;0;0;0;0;3;0;0;0;3;3;0;2020-02-28 13:00:00;5134;0;36;0;18;0;-1;1;-1;-1;-1;-1;-1;-1;0;1;2;0;1;2;1;30;76;88;123;0.62;2.57;3.2;0;1;0;1;0;0;1;1;0;0;-1;-1;0;0;-1;-1;-1;-1;-1;-1;-1;-1;-1;11;41;59;77;94;29;71;76;47;8.72;2.16;1.43;2.91;Apollon Pontou;Apollon Larissa;0.3;1;0.33;0.88;0.33;1.5;89;60;42;24;7;53;47;47;1.27;1.37;2.64;2784;20;Y;Y;Y;N;N;N;N
709556;5128;5137;2019/2020;complete;52482;20;-1;22,83;29,90;2;2;4;7;5;12;3;2;4;1;0;0;11;6;3;7;14;13;19;13;55;45;4;1;1.71;3.6;3.95;1.02;1.26;1.83;3.1;5.75;9;3.45;1.83;1.3;1.09;1.77;1.91;2.25;1.57;5.5;1.14;1.1;1.16;2;2.2;2.2;4.5;2.06;2.7;4.16;0;0;0;0;0;0;0;0;0;0;0;0;0;0;0;1.5;10;2.88;2.75;8.5;1.37;2.7;6.8;15;2.85;1.4;1.07;1.02;1.22;2;4.32;11;4;1.73;1.2;1.05;0;0;0;0;4;1;1;1;1;2;2;2020-03-09 14:00:00;-1;0;64;37;37;0;1;1;3;0;4;5;3;9;1;1;3;0;2;3;1;102;72;141;116;2.39;1.76;4.16;0;0;0;0;0;0;1;1;0;0;0;0;0;0;-1;-1;-1;-1;-1;-1;-1;-1;-1;16;31;59;74;100;42;74;79;42;7.33;2.77;2.33;2.85;Ergotelis;Doxa Dramas;1.6;1.36;1.67;1.4;1.47;1.21;85;69;42;26;0;39;34;23;1.84;1.28;3.12;2784;20;Y;Y;Y;Y;N;N;Y
709557;1098;1100;2019/2020;complete;52482;20;-1;19,38,42,75;40;4;1;5;11;1;12;7;0;1;3;0;0;3;3;7;3;10;6;17;14;50;50;1;3;0;0;0;0;0;0;0;0;0;0;0;0;0;0;0;0;0;0;0;0;0;0;0;0;0;0;0;0;0;0;0;0;0;0;0;0;0;0;0;0;0;0;0;0;0;0;0;0;0;0;0;0;0;0;0;0;0;0;0;0;0;0;0;0;0;0;0;0;5;3;1;1;0;1;4;2020-03-08 13:00:00;1098;0;33;6;22;0;-1;1;-1;-1;-1;-1;-1;-1;0;1;1;2;1;3;1;79;29;134;73;1.42;0.81;2.23;2;0;2;0;0;0;1;1;0;0;-1;-1;0;0;-1;-1;-1;-1;-1;-1;-1;-1;-1;6;28;56;73;100;28;73;78;50;9.67;2.55;2.14;2.67;PAS Giannina;Kerkyra;2.3;0;2.22;0;2.42;0.16;95;73;45;28;0;56;39;17;2.01;0.89;2.9;2784;20;Y;Y;Y;Y;Y;N;Y
709558;1108;5145;2019/2020;complete;52482;20;-1;;;0;0;0;9;0;9;2;0;4;3;1;0;3;2;5;6;8;8;16;20;55;45;6;3;1.8;3.15;3.95;1.07;1.44;2.43;4.5;7;7.5;2.55;1.56;1.16;1.08;2.25;1.61;2.1;1.67;3.75;1.25;1.14;1.23;1.74;2.6;1.91;4.4;2.22;2.3;4.46;0;0;0;0;0;0;0;0;0;0;0;0;0;0;0;1.57;6.7;2.88;2.75;6;1.45;3.24;7.5;34;2.63;1.33;1.07;1.01;1.33;2.63;6.5;19;3.24;1.45;1.11;1.02;0;0;0;0;0;0;0;0;0;0;0;2020-03-08 12:45:00;-1;0;33;11;11;0;1;1;6;0;3;0;6;3;0;1;5;2;1;7;1;95;45;127;112;1.41;0.98;2.39;0;0;0;0;0;0;1;1;0;0;2;0;0;0;-1;-1;-1;-1;-1;-1;-1;-1;-1;6;11;22;56;89;11;61;73;22;10.22;1.78;2.17;1.83;Levadiakos;AOX Kissamikos;2.3;1.7;2.44;1.78;1.95;1.79;95;89;78;45;11;50;44;22;1.96;1.45;3.41;2784;20;N;N;N;N;N;N;N
709559;1105;5140;2019/2020;complete;52482;20;-1;87;;1;0;1;1;6;7;2;2;2;1;0;1;4;3;1;7;5;10;15;12;56;44;2;2;2.15;3.2;3.05;1.01;1.22;1.74;2.85;5.15;9.75;3.75;1.95;1.36;1.12;1.62;2.1;3.4;1.3;3.75;1.25;1.4;1.29;1.57;2.88;2.25;3.5;2.6;2.5;3;0;0;0;0;0;0;0;0;0;0;0;0;0;0;0;1.83;10;2.1;4;5.5;1.33;2.62;6.5;13;3.01;1.45;1.1;1.02;1.2;2;4;11;4.32;1.73;1.22;1.05;0;0;0;0;1;0;0;1;0;1;0;2020-03-06 13:00:00;1105;0;62;11;45;0;1;1;1;4;0;2;5;2;0;0;2;2;0;4;1;54;50;120;104;1;1.21;2.22;1;0;1;0;0;0;1;1;0;0;0;0;0;0;-1;-1;-1;-1;-1;-1;-1;-1;-1;28;44;56;95;100;33;84;95;67;9.33;2.56;2.27;3.39;Platanias;Karaiskakis;1.6;1;1.44;1.11;1.21;1.63;73;56;44;6;0;45;33;28;1.54;1.34;2.88;2784;20;Y;N;N;N;N;N;N
709560;5139;5135;2019/2020;complete;52482;20;-1;13,15,19,28,55,61,71;;7;0;7;1;1;2;-1;-1;2;1;0;0;-1;-1;-1;-1;-1;-1;-1;-1;-1;-1;2;1;0;0;0;0;0;0;0;0;0;0;0;0;0;0;0;0;0;0;0;0;0;0;0;0;0;0;0;0;0;0;0;0;0;0;0;0;0;0;0;0;0;0;0;0;0;0;0;0;0;0;0;0;0;0;0;0;0;0;0;0;0;0;0;0;0;0;0;0;7;4;0;3;0;3;4;2020-03-10 13:00:00;5139;0;21;10;0;0;-1;1;-1;-1;-1;-1;-1;-1;0;0;2;1;0;3;1;68;14;144;72;0;0;0;1;0;1;0;0;0;1;1;0;0;-1;-1;0;0;-1;-1;-1;-1;-1;-1;-1;-1;-1;0;31;54;80;100;36;62;74;38;8.56;3.77;1;2.64;Panachaiki;Apollon Pontou;1.82;0.3;1.7;0.33;1.32;0.32;100;69;47;21;0;35;35;10;1.64;0.8;2.44;2784;20;Y;Y;Y;Y;Y;Y;N
709561;1102;5134;2019/2020;complete;52482;20;-1;7,34,73;;3;0;3;5;3;8;3;2;2;2;1;0;8;4;6;7;14;11;25;17;50;50;3;2;1.29;4.45;9;1.03;1.27;1.9;3.14;5.8;9.5;3.34;1.9;1.3;1.1;2.33;1.57;0;0;0;0;1.03;1.14;3.1;1.82;2.35;7.8;1.72;2.9;5.95;0;0;0;0;0;0;0;0;0;0;0;0;0;0;0;1.26;8.5;4.5;1.87;17;1.37;2.7;6.8;26;2.86;1.4;1.07;1.01;1.2;2;4.2;0;4;1.71;1.19;0;0;0;0;0;3;2;0;1;0;1;2;2020-03-09 14:00:00;1102;0;33;11;11;0;1;1;3;2;2;1;5;3;1;2;2;0;3;2;1;70;70;129;124;1.96;1.49;3.45;0;0;0;0;0;0;1;1;1;0;1;0;0;0;-1;-1;-1;-1;-1;-1;-1;-1;-1;0;22;56;73;84;33;73;62;44;8.78;3.56;2.14;2.33;Apollon Smirnis;Apollon Larissa;1.8;1;1.67;1.11;2.05;1.58;100;78;44;28;17;39;28;22;1.58;1.5;3.08;2784;20;Y;Y;Y;N;N;N;N
