ID;HOMEID;AWAYID;SEASON;STATUS;ROUNDID;GAME_WEEK;REVISED_GAME_WEEK;HOMEGOALS;AWAYGOALS;HOMEGOALCOUNT;AWAYGOALCOUNT;TOTALGOALCOUNT;TEAM_A_CORNERS;TEAM_B_CORNERS;TOTALCORNERCOUNT;TEAM_A_OFFSIDES;TEAM_B_OFFSIDES;TEAM_A_YELLOW_CARDS;TEAM_B_YELLOW_CARDS;TEAM_A_RED_CARDS;TEAM_B_RED_CARDS;TEAM_A_SHOTSONTARGET;TEAM_B_SHOTSONTARGET;TEAM_A_SHOTSOFFTARGET;TEAM_B_SHOTSOFFTARGET;TEAM_A_SHOTS;TEAM_B_SHOTS;TEAM_A_FOULS;TEAM_B_FOULS;TEAM_A_POSSESSION;TEAM_B_POSSESSION;TEAM_A_CARDS_NUM;TEAM_B_CARDS_NUM;ODDS_FT_1;ODDS_FT_X;ODDS_FT_2;ODDS_FT_OVER05;ODDS_FT_OVER15;ODDS_FT_OVER25;ODDS_FT_OVER35;ODDS_FT_OVER45;ODDS_FT_UNDER05;ODDS_FT_UNDER15;ODDS_FT_UNDER25;ODDS_FT_UNDER35;ODDS_FT_UNDER45;ODDS_BTTS_YES;ODDS_BTTS_NO;ODDS_TEAM_A_CS_YES;ODDS_TEAM_A_CS_NO;ODDS_TEAM_B_CS_YES;ODDS_TEAM_B_CS_NO;ODDS_DOUBLECHANCE_1X;ODDS_DOUBLECHANCE_12;ODDS_DOUBLECHANCE_X2;ODDS_1ST_HALF_RESULT_1;ODDS_1ST_HALF_RESULT_X;ODDS_1ST_HALF_RESULT_2;ODDS_2ND_HALF_RESULT_1;ODDS_2ND_HALF_RESULT_X;ODDS_2ND_HALF_RESULT_2;ODDS_DNB_1;ODDS_DNB_2;ODDS_CORNERS_OVER_75;ODDS_CORNERS_OVER_85;ODDS_CORNERS_OVER_95;ODDS_CORNERS_OVER_105;ODDS_CORNERS_OVER_115;ODDS_CORNERS_UNDER_75;ODDS_CORNERS_UNDER_85;ODDS_CORNERS_UNDER_95;ODDS_CORNERS_UNDER_105;ODDS_CORNERS_UNDER_115;ODDS_CORNERS_1;ODDS_CORNERS_X;ODDS_CORNERS_2;ODDS_TEAM_TO_SCORE_FIRST_1;ODDS_TEAM_TO_SCORE_FIRST_X;ODDS_TEAM_TO_SCORE_FIRST_2;ODDS_WIN_TO_NIL_1;ODDS_WIN_TO_NIL_2;ODDS_1ST_HALF_OVER05;ODDS_1ST_HALF_OVER15;ODDS_1ST_HALF_OVER25;ODDS_1ST_HALF_OVER35;ODDS_1ST_HALF_UNDER05;ODDS_1ST_HALF_UNDER15;ODDS_1ST_HALF_UNDER25;ODDS_1ST_HALF_UNDER35;ODDS_2ND_HALF_OVER05;ODDS_2ND_HALF_OVER15;ODDS_2ND_HALF_OVER25;ODDS_2ND_HALF_OVER35;ODDS_2ND_HALF_UNDER05;ODDS_2ND_HALF_UNDER15;ODDS_2ND_HALF_UNDER25;ODDS_2ND_HALF_UNDER35;ODDS_BTTS_1ST_HALF_YES;ODDS_BTTS_1ST_HALF_NO;ODDS_BTTS_2ND_HALF_YES;ODDS_BTTS_2ND_HALF_NO;OVERALLGOALCOUNT;HT_GOALS_TEAM_A;HT_GOALS_TEAM_B;GOALS_2HG_TEAM_A;GOALS_2HG_TEAM_B;GOALCOUNT_2HG;HTGOALCOUNT;DATE_UNIX;WINNINGTEAM;NO_HOME_AWAY;BTTS_POTENTIAL;BTTS_FHG_POTENTIAL;BTTS_2HG_POTENTIAL;GOALTIMINGDISABLED;CORNER_TIMINGS_RECORDED;CARD_TIMINGS_RECORDED;TEAM_A_FH_CORNERS;TEAM_B_FH_CORNERS;TEAM_A_2H_CORNERS;TEAM_B_2H_CORNERS;CORNER_FH_COUNT;CORNER_2H_COUNT;TEAM_A_FH_CARDS;TEAM_B_FH_CARDS;TEAM_A_2H_CARDS;TEAM_B_2H_CARDS;TOTAL_FH_CARDS;TOTAL_2H_CARDS;ATTACKS_RECORDED;TEAM_A_DANGEROUS_ATTACKS;TEAM_B_DANGEROUS_ATTACKS;TEAM_A_ATTACKS;TEAM_B_ATTACKS;TEAM_A_XG;TEAM_B_XG;TOTAL_XG;TEAM_A_PENALTIES_WON;TEAM_B_PENALTIES_WON;TEAM_A_PENALTY_GOALS;TEAM_B_PENALTY_GOALS;TEAM_A_PENALTY_MISSED;TEAM_B_PENALTY_MISSED;PENS_RECORDED;GOAL_TIMINGS_RECORDED;TEAM_A_0_10_MIN_GOALS;TEAM_B_0_10_MIN_GOALS;TEAM_A_CORNERS_0_10_MIN;TEAM_B_CORNERS_0_10_MIN;TEAM_A_CARDS_0_10_MIN;TEAM_B_CARDS_0_10_MIN;THROWINS_RECORDED;TEAM_A_THROWINS;TEAM_B_THROWINS;FREEKICKS_RECORDED;TEAM_A_FREEKICKS;TEAM_B_FREEKICKS;GOALKICKS_RECORDED;TEAM_A_GOALKICKS;TEAM_B_GOALKICKS;O45_POTENTIAL;O35_POTENTIAL;O25_POTENTIAL;O15_POTENTIAL;O05_POTENTIAL;O15HT_POTENTIAL;O05HT_POTENTIAL;O05_2H_POTENTIAL;O15_2H_POTENTIAL;CORNERS_POTENTIAL;OFFSIDES_POTENTIAL;CARDS_POTENTIAL;AVG_POTENTIAL;HOME_NAME;AWAY_NAME;HOME_PPG;AWAY_PPG;PRE_MATCH_HOME_PPG;PRE_MATCH_AWAY_PPG;PRE_MATCH_TEAMA_OVERALL_PPG;PRE_MATCH_TEAMB_OVERALL_PPG;U45_POTENTIAL;U35_POTENTIAL;U25_POTENTIAL;U15_POTENTIAL;U05_POTENTIAL;CORNERS_O85_POTENTIAL;CORNERS_O95_POTENTIAL;CORNERS_O105_POTENTIAL;TEAM_A_XG_PREMATCH;TEAM_B_XG_PREMATCH;TOTAL_XG_PREMATCH;COMPETITION_ID;MATCHES_COMPLETED_MINIMUM;OVER05;OVER15;OVER25;OVER35;OVER45;OVER55;BTTS
881907;8434;6927;2014/2015;complete;56366;1;-1;24,90;;2;0;2;3;5;8;3;1;1;2;0;0;8;6;6;7;14;13;8;14;50;50;1;2;0;0;0;0;0;0;0;0;0;0;0;0;0;0;0;0;0;0;0;0;0;0;0;0;0;0;0;0;0;0;0;0;0;0;0;0;0;0;0;0;0;0;0;0;0;0;0;0;0;0;0;0;0;0;0;0;0;0;0;0;0;0;0;0;0;0;0;0;2;1;0;1;0;1;1;2014-09-16 13:00:00;8434;1;0;0;0;0;-1;1;-1;-1;-1;-1;-1;-1;0;1;1;1;1;2;-1;0;0;0;0;0;0;0;0;0;0;0;0;0;1;1;0;0;-1;-1;0;1;-1;-1;-1;-1;-1;-1;-1;-1;-1;0;0;0;0;0;0;0;0;0;0;0;0;0;Juventus U19;Malmö FF U19;0.83;0.17;0;0;0;0;0;0;0;0;0;0;0;0;0;0;0;4049;6;Y;Y;N;N;N;N;N
881909;678824;678832;2014/2015;complete;56366;1;-1;30,38,39,87;;4;0;4;-1;-1;-1;-1;-1;0;2;0;0;-1;-1;-1;-1;-1;-1;-1;-1;-1;-1;0;2;0;0;0;0;0;0;0;0;0;0;0;0;0;0;0;0;0;0;0;0;0;0;0;0;0;0;0;0;0;0;0;0;0;0;0;0;0;0;0;0;0;0;0;0;0;0;0;0;0;0;0;0;0;0;0;0;0;0;0;0;0;0;0;0;0;0;0;0;4;3;0;1;0;1;3;2014-09-16 13:00:00;678824;1;0;0;0;0;-1;1;-1;-1;-1;-1;-1;-1;0;1;0;1;1;1;-1;0;0;0;0;0;0;0;0;0;0;0;0;0;1;1;0;0;-1;-1;0;0;-1;-1;-1;-1;-1;-1;-1;-1;-1;0;0;0;0;0;0;0;0;0;0;0;0;0;Liverpool U19;Ludogorets U19;1.71;0;0;0;0;0;0;0;0;0;0;0;0;0;0;0;0;4049;6;Y;Y;Y;Y;N;N;N
881911;4222;1590;2014/2015;complete;56366;1;-1;4,45,77;49;3;1;4;-1;-1;-1;-1;-1;2;2;1;0;-1;-1;-1;-1;-1;-1;-1;-1;-1;-1;4;2;0;0;0;0;0;0;0;0;0;0;0;0;0;0;0;0;0;0;0;0;0;0;0;0;0;0;0;0;0;0;0;0;0;0;0;0;0;0;0;0;0;0;0;0;0;0;0;0;0;0;0;0;0;0;0;0;0;0;0;0;0;0;0;0;0;0;0;0;4;2;0;1;1;2;2;2014-09-16 13:00:00;4222;1;0;0;0;0;-1;1;-1;-1;-1;-1;-1;-1;1;2;2;0;3;2;-1;0;0;0;0;0;0;0;0;0;0;0;0;0;1;1;1;0;-1;-1;0;0;-1;-1;-1;-1;-1;-1;-1;-1;-1;0;0;0;0;0;0;0;0;0;0;0;0;0;Monaco  U19;Bayer Leverkusen U19;1;1;0;0;0;0;0;0;0;0;0;0;0;0;0;0;0;4049;6;Y;Y;Y;Y;N;N;Y
881914;678199;679652;2014/2015;complete;56366;1;-1;34,42,75;;3;0;3;-1;-1;-1;-1;-1;1;2;0;0;-1;-1;-1;-1;-1;-1;-1;-1;-1;-1;1;2;0;0;0;0;0;0;0;0;0;0;0;0;0;0;0;0;0;0;0;0;0;0;0;0;0;0;0;0;0;0;0;0;0;0;0;0;0;0;0;0;0;0;0;0;0;0;0;0;0;0;0;0;0;0;0;0;0;0;0;0;0;0;0;0;0;0;0;0;3;2;0;1;0;1;2;2014-09-16 13:00:00;678199;1;0;0;0;0;-1;1;-1;-1;-1;-1;-1;-1;0;1;1;1;1;2;-1;0;0;0;0;0;0;0;0;0;0;0;0;0;1;1;0;0;-1;-1;0;0;-1;-1;-1;-1;-1;-1;-1;-1;-1;0;0;0;0;0;0;0;0;0;0;0;0;0;Galatasaray U19;Anderlecht U19;1;2.11;0;0;0;0;0;0;0;0;0;0;0;0;0;0;0;4049;6;Y;Y;Y;N;N;N;N
881918;677021;6988;2014/2015;complete;56366;1;-1;6;60,74;1;2;3;1;3;4;2;2;3;1;0;0;3;7;4;5;7;12;23;20;50;50;3;1;0;0;0;0;0;0;0;0;0;0;0;0;0;0;0;0;0;0;0;0;0;0;0;0;0;0;0;0;0;0;0;0;0;0;0;0;0;0;0;0;0;0;0;0;0;0;0;0;0;0;0;0;0;0;0;0;0;0;0;0;0;0;0;0;0;0;0;0;3;1;0;0;2;2;1;2014-09-16 16:00:00;6988;1;0;0;0;0;-1;1;-1;-1;-1;-1;-1;-1;2;0;1;1;2;2;-1;0;0;0;0;0;0;0;0;0;0;0;0;0;1;1;1;0;-1;-1;0;0;-1;-1;-1;-1;-1;-1;-1;-1;-1;0;0;0;0;0;0;0;0;0;0;0;0;0;Olympiakos CFP U19;Atlético Madrid U19;2;2.25;0;0;0;0;0;0;0;0;0;0;0;0;0;0;0;4049;7;Y;Y;Y;N;N;N;Y
881921;4668;679653;2014/2015;complete;56366;1;-1;26,57;;2;0;2;8;3;11;3;2;0;2;0;0;13;4;6;5;19;9;8;13;50;50;0;2;0;0;0;0;0;0;0;0;0;0;0;0;0;0;0;0;0;0;0;0;0;0;0;0;0;0;0;0;0;0;0;0;0;0;0;0;0;0;0;0;0;0;0;0;0;0;0;0;0;0;0;0;0;0;0;0;0;0;0;0;0;0;0;0;0;0;0;0;2;1;0;1;0;1;1;2014-09-16 16:00:00;4668;1;0;0;0;0;-1;1;-1;-1;-1;-1;-1;-1;0;0;0;2;0;2;-1;0;0;0;0;0;0;0;0;0;0;0;0;0;1;1;0;0;-1;-1;0;0;-1;-1;-1;-1;-1;-1;-1;-1;-1;0;0;0;0;0;0;0;0;0;0;0;0;0;Real Madrid U19;Basel U19;1.86;2;0;0;0;0;0;0;0;0;0;0;0;0;0;0;0;4049;6;Y;Y;N;N;N;N;N
881923;4648;678831;2014/2015;complete;56366;1;-1;3,3,18;;3;0;3;5;2;7;2;2;1;2;0;0;7;0;9;2;16;2;6;13;50;50;1;2;0;0;0;0;0;0;0;0;0;0;0;0;0;0;0;0;0;0;0;0;0;0;0;0;0;0;0;0;0;0;0;0;0;0;0;0;0;0;0;0;0;0;0;0;0;0;0;0;0;0;0;0;0;0;0;0;0;0;0;0;0;0;0;0;0;0;0;0;3;3;0;0;0;0;3;2014-09-16 17:00:00;4648;1;0;0;0;0;-1;1;-1;-1;-1;-1;-1;-1;1;1;0;1;2;1;-1;0;0;0;0;0;0;0;0;0;0;0;0;0;1;1;2;0;-1;-1;0;0;-1;-1;-1;-1;-1;-1;-1;-1;-1;0;0;0;0;0;0;0;0;0;0;0;0;0;Barcelona U19;APOEL U19;1.29;0.17;0;0;0;0;0;0;0;0;0;0;0;0;0;0;0;4049;6;Y;Y;Y;N;N;N;N
881925;1574;679650;2014/2015;complete;56366;1;-1;;14,32;0;2;2;7;5;12;3;4;2;2;0;0;4;3;4;5;8;8;19;11;-1;-1;2;2;0;0;0;0;0;0;0;0;0;0;0;0;0;0;0;0;0;0;0;0;0;0;0;0;0;0;0;0;0;0;0;0;0;0;0;0;0;0;0;0;0;0;0;0;0;0;0;0;0;0;0;0;0;0;0;0;0;0;0;0;0;0;0;0;0;0;0;0;2;0;2;0;0;0;2;2014-09-17 10:00:00;679650;1;0;0;0;0;-1;1;-1;-1;-1;-1;-1;-1;1;0;1;2;1;3;-1;0;0;0;0;0;0;0;0;0;0;0;0;0;1;1;0;0;-1;-1;0;0;-1;-1;-1;-1;-1;-1;-1;-1;-1;0;0;0;0;0;0;0;0;0;0;0;0;0;Borussia Dortmund U19;Arsenal U19;0.67;1.71;0;0;0;0;0;0;0;0;0;0;0;0;0;0;0;4049;6;Y;Y;N;N;N;N;N
881927;678846;679649;2014/2015;complete;56366;1;-1;19,76;;2;0;2;14;3;17;0;0;2;3;0;0;7;0;8;5;15;5;11;12;-1;-1;2;3;0;0;0;0;0;0;0;0;0;0;0;0;0;0;0;0;0;0;0;0;0;0;0;0;0;0;0;0;0;0;0;0;0;0;0;0;0;0;0;0;0;0;0;0;0;0;0;0;0;0;0;0;0;0;0;0;0;0;0;0;0;0;0;0;0;0;0;0;2;1;0;1;0;1;1;2014-09-17 10:00:00;678846;1;0;0;0;0;-1;1;-1;-1;-1;-1;-1;-1;2;0;0;3;2;3;-1;0;0;0;0;0;0;0;2;0;2;0;0;0;1;1;0;0;-1;-1;1;0;-1;-1;-1;-1;-1;-1;-1;-1;-1;0;0;0;0;0;0;0;0;0;0;0;0;0;Porto U19;BATE U19;1.25;0.17;0;0;0;0;0;0;0;0;0;0;0;0;0;0;0;4049;6;Y;Y;N;N;N;N;N
881929;4670;1752;2014/2015;complete;56366;1;-1;;25,61;0;2;2;5;4;9;4;2;2;2;0;0;6;8;9;7;15;15;10;20;50;50;2;2;0;0;0;0;0;0;0;0;0;0;0;0;0;0;0;0;0;0;0;0;0;0;0;0;0;0;0;0;0;0;0;0;0;0;0;0;0;0;0;0;0;0;0;0;0;0;0;0;0;0;0;0;0;0;0;0;0;0;0;0;0;0;0;0;0;0;0;0;2;0;1;0;1;1;1;2014-09-17 10:00:00;1752;1;0;0;0;0;-1;1;-1;-1;-1;-1;-1;-1;0;1;2;1;1;3;-1;0;0;0;0;0;0;0;0;0;0;0;0;0;1;1;0;0;-1;-1;0;0;-1;-1;-1;-1;-1;-1;-1;-1;-1;0;0;0;0;0;0;0;0;0;0;0;0;0;Athletic Club U19;Shakhtar Donetsk U19;1.5;1.9;0;0;0;0;0;0;0;0;0;0;0;0;0;0;0;4049;6;Y;Y;N;N;N;N;N
881932;679648;679647;2014/2015;complete;56366;1;-1;80;30,76,90;1;3;4;2;12;14;0;2;3;3;0;0;2;5;3;9;5;14;13;14;-1;-1;3;3;0;0;0;0;0;0;0;0;0;0;0;0;0;0;0;0;0;0;0;0;0;0;0;0;0;0;0;0;0;0;0;0;0;0;0;0;0;0;0;0;0;0;0;0;0;0;0;0;0;0;0;0;0;0;0;0;0;0;0;0;0;0;0;0;0;0;0;0;4;0;1;1;2;3;1;2014-09-17 11:30:00;679647;1;0;0;0;0;-1;1;-1;-1;-1;-1;-1;-1;1;0;2;3;1;5;-1;0;0;0;0;0;0;0;1;1;1;1;0;0;1;1;0;0;-1;-1;0;0;-1;-1;-1;-1;-1;-1;-1;-1;-1;0;0;0;0;0;0;0;0;0;0;0;0;0;Maribor U19;Sporting CP U19;0;1;0;0;0;0;0;0;0;0;0;0;0;0;0;0;0;4049;6;Y;Y;Y;Y;N;N;Y
881934;678819;1596;2014/2015;complete;56366;1;-1;9,30,55,67;14;4;1;5;-1;-1;-1;-1;-1;1;2;0;1;-1;-1;-1;-1;-1;-1;-1;-1;-1;-1;1;3;0;0;0;0;0;0;0;0;0;0;0;0;0;0;0;0;0;0;0;0;0;0;0;0;0;0;0;0;0;0;0;0;0;0;0;0;0;0;0;0;0;0;0;0;0;0;0;0;0;0;0;0;0;0;0;0;0;0;0;0;0;0;0;0;0;0;0;0;5;2;1;2;0;2;3;2014-09-17 12:05:00;678819;1;0;0;0;0;-1;1;-1;-1;-1;-1;-1;-1;0;0;1;3;0;4;-1;0;0;0;0;0;0;0;0;0;0;0;0;0;1;1;1;0;-1;-1;0;0;-1;-1;-1;-1;-1;-1;-1;-1;-1;0;0;0;0;0;0;0;0;0;0;0;0;0;Chelsea U19;Schalke 04 U19;2.7;2.29;0;0;0;0;0;0;0;0;0;0;0;0;0;0;0;4049;7;Y;Y;Y;Y;Y;N;Y
881936;8443;679651;2014/2015;complete;56366;1;-1;37,43,55;7;3;1;4;-1;-1;-1;-1;-1;1;0;0;0;-1;-1;-1;-1;-1;-1;-1;-1;-1;-1;1;0;0;0;0;0;0;0;0;0;0;0;0;0;0;0;0;0;0;0;0;0;0;0;0;0;0;0;0;0;0;0;0;0;0;0;0;0;0;0;0;0;0;0;0;0;0;0;0;0;0;0;0;0;0;0;0;0;0;0;0;0;0;0;0;0;0;0;0;0;4;2;1;1;0;1;3;2014-09-17 12:30:00;8443;1;0;0;0;0;-1;1;-1;-1;-1;-1;-1;-1;1;0;0;0;1;0;-1;0;0;0;0;0;0;0;0;0;0;0;0;0;1;1;0;1;-1;-1;0;0;-1;-1;-1;-1;-1;-1;-1;-1;-1;0;0;0;0;0;0;0;0;0;0;0;0;0;Roma U19;CSKA Moskva U19;1.44;0.5;0;0;0;0;0;0;0;0;0;0;0;0;0;0;0;4049;6;Y;Y;Y;Y;N;N;Y
881938;1573;678825;2014/2015;complete;56366;1;-1;90;26,43,60,66;1;4;5;6;2;8;2;3;1;4;1;0;10;2;4;6;14;8;12;16;50;50;3;4;0;0;0;0;0;0;0;0;0;0;0;0;0;0;0;0;0;0;0;0;0;0;0;0;0;0;0;0;0;0;0;0;0;0;0;0;0;0;0;0;0;0;0;0;0;0;0;0;0;0;0;0;0;0;0;0;0;0;0;0;0;0;0;0;0;0;0;0;5;0;2;1;2;3;2;2014-09-17 12:30:00;678825;1;0;0;0;0;-1;1;-1;-1;-1;-1;-1;-1;2;1;0;3;3;3;-1;0;0;0;0;0;0;0;0;0;0;0;0;0;1;1;0;0;-1;-1;0;0;-1;-1;-1;-1;-1;-1;-1;-1;-1;0;0;0;0;0;0;0;0;0;0;0;0;0;Bayern München U19;Manchester City U19;1;2.38;0;0;0;0;0;0;0;0;0;0;0;0;0;0;0;4049;6;Y;Y;Y;Y;Y;N;Y
881940;678845;4198;2014/2015;complete;56366;1;-1;16,31,40,55,62,86;73;6;1;7;-1;-1;-1;-1;-1;1;1;0;0;-1;-1;-1;-1;-1;-1;-1;-1;-1;-1;1;1;0;0;0;0;0;0;0;0;0;0;0;0;0;0;0;0;0;0;0;0;0;0;0;0;0;0;0;0;0;0;0;0;0;0;0;0;0;0;0;0;0;0;0;0;0;0;0;0;0;0;0;0;0;0;0;0;0;0;0;0;0;0;0;0;0;0;0;0;7;3;0;3;1;4;3;2014-09-18 13:30:00;678845;1;0;0;0;0;-1;1;-1;-1;-1;-1;-1;-1;1;0;0;1;1;1;-1;0;0;0;0;0;0;0;1;0;1;0;0;0;1;1;0;0;-1;-1;0;0;-1;-1;-1;-1;-1;-1;-1;-1;-1;0;0;0;0;0;0;0;0;0;0;0;0;0;Ajax U19;PSG U19;2.14;1.33;0;0;0;0;0;0;0;0;0;0;0;0;0;0;0;4049;6;Y;Y;Y;Y;Y;Y;Y
881942;679651;1573;2014/2015;complete;56366;2;-1;25,43,90;56;3;1;4;3;9;12;6;1;4;3;0;1;4;6;4;8;8;14;21;8;50;50;4;4;0;0;0;0;0;0;0;0;0;0;0;0;0;0;0;0;0;0;0;0;0;0;0;0;0;0;0;0;0;0;0;0;0;0;0;0;0;0;0;0;0;0;0;0;0;0;0;0;0;0;0;0;0;0;0;0;0;0;0;0;0;0;0;0;0;0;0;0;4;2;0;1;1;2;2;2014-09-30 08:00:00;679651;1;100;0;0;0;-1;1;-1;-1;-1;-1;-1;-1;3;2;1;2;5;3;-1;0;0;0;0;0;0;0;1;0;1;0;0;0;1;1;0;0;-1;-1;0;0;-1;-1;-1;-1;-1;-1;-1;-1;-1;50;100;100;100;100;100;100;100;50;6;1;3;4.5;CSKA Moskva U19;Bayern München U19;0.5;1;0;0;0;0;50;0;0;0;0;0;0;0;0;0;0;4049;6;Y;Y;Y;Y;N;N;Y
881944;1596;679648;2014/2015;complete;56366;2;-1;20,26,41,69,83;;5;0;5;8;0;8;7;0;1;3;0;0;4;2;6;1;10;3;14;11;-1;-1;1;3;0;0;0;0;0;0;0;0;0;0;0;0;0;0;0;0;0;0;0;0;0;0;0;0;0;0;0;0;0;0;0;0;0;0;0;0;0;0;0;0;0;0;0;0;0;0;0;0;0;0;0;0;0;0;0;0;0;0;0;0;0;0;0;0;0;0;0;0;5;3;0;2;0;2;3;2014-09-30 12:00:00;1596;1;100;0;0;0;-1;1;-1;-1;-1;-1;-1;-1;0;2;1;1;2;2;-1;0;0;0;0;0;0;0;0;0;0;0;0;0;1;1;0;0;-1;-1;0;0;-1;-1;-1;-1;-1;-1;-1;-1;-1;50;100;100;100;100;50;100;100;100;2;0;6;4.5;Schalke 04 U19;Maribor U19;2.29;0;0;0;0;0;50;0;0;0;0;50;50;50;0;0;0;4049;6;Y;Y;Y;Y;Y;N;N
881946;1752;678846;2014/2015;complete;56366;2;-1;2;16;1;1;2;6;6;12;1;0;2;2;0;0;6;4;1;4;7;8;14;14;50;50;2;2;0;0;0;0;0;0;0;0;0;0;0;0;0;0;0;0;0;0;0;0;0;0;0;0;0;0;0;0;0;0;0;0;0;0;0;0;0;0;0;0;0;0;0;0;0;0;0;0;0;0;0;0;0;0;0;0;0;0;0;0;0;0;0;0;0;0;0;0;2;1;1;0;0;0;2;2014-09-30 12:00:00;-1;1;0;0;0;0;-1;1;-1;-1;-1;-1;-1;-1;1;1;1;1;2;2;-1;0;0;0;0;0;0;0;1;1;1;1;0;0;1;1;1;0;-1;-1;0;0;-1;-1;-1;-1;-1;-1;-1;-1;-1;0;0;0;100;100;0;100;100;0;18;2;4;2;Shakhtar Donetsk U19;Porto U19;1.9;1.25;3;3;3;3;100;100;100;0;0;100;50;50;0;0;0;4049;8;Y;Y;N;N;N;N;Y
881948;678825;8443;2014/2015;complete;56366;2;-1;64,71;54;2;1;3;-1;-1;-1;-1;-1;3;2;0;0;-1;-1;-1;-1;-1;-1;-1;-1;-1;-1;3;2;0;0;0;0;0;0;0;0;0;0;0;0;0;0;0;0;0;0;0;0;0;0;0;0;0;0;0;0;0;0;0;0;0;0;0;0;0;0;0;0;0;0;0;0;0;0;0;0;0;0;0;0;0;0;0;0;0;0;0;0;0;0;0;0;0;0;0;0;3;0;0;2;1;3;0;2014-09-30 13:00:00;678825;1;100;0;0;0;-1;1;-1;-1;-1;-1;-1;-1;1;0;2;2;1;4;-1;0;0;0;0;0;0;0;0;0;0;0;0;0;1;1;0;0;-1;-1;0;0;-1;-1;-1;-1;-1;-1;-1;-1;-1;50;100;100;100;100;100;100;100;50;2;2;5;4.5;Manchester City U19;Roma U19;2.38;1.44;3;3;3;3;50;0;0;0;0;0;0;0;0;0;0;4049;8;Y;Y;Y;N;N;N;Y
881950;678831;678845;2014/2015;complete;56366;2;-1;;;0;0;0;3;9;12;1;0;2;1;0;0;3;6;4;9;7;15;14;12;50;50;2;1;0;0;0;0;0;0;0;0;0;0;0;0;0;0;0;0;0;0;0;0;0;0;0;0;0;0;0;0;0;0;0;0;0;0;0;0;0;0;0;0;0;0;0;0;0;0;0;0;0;0;0;0;0;0;0;0;0;0;0;0;0;0;0;0;0;0;0;0;0;0;0;0;0;0;0;2014-09-30 13:00:00;-1;1;50;0;0;0;-1;1;-1;-1;-1;-1;-1;-1;0;0;2;1;0;3;-1;0;0;0;0;0;0;0;0;0;0;0;0;0;1;1;0;0;-1;-1;0;0;-1;-1;-1;-1;-1;-1;-1;-1;-1;50;50;100;100;100;100;100;50;50;2;1;3;5;APOEL U19;Ajax U19;0.17;2.14;0;3;0;3;50;50;0;0;0;0;0;0;0;0;0;4049;6;N;N;N;N;N;N;N
881952;679649;4670;2014/2015;complete;56366;2;-1;70;33,87;1;2;3;5;8;13;0;2;3;1;0;0;6;6;3;8;9;14;19;15;-1;-1;3;1;0;0;0;0;0;0;0;0;0;0;0;0;0;0;0;0;0;0;0;0;0;0;0;0;0;0;0;0;0;0;0;0;0;0;0;0;0;0;0;0;0;0;0;0;0;0;0;0;0;0;0;0;0;0;0;0;0;0;0;0;0;0;0;0;0;0;0;0;3;0;1;1;1;2;1;2014-09-30 13:00:00;4670;1;0;0;0;0;-1;1;-1;-1;-1;-1;-1;-1;0;1;3;0;1;3;-1;0;0;0;0;0;0;0;0;0;0;0;0;0;1;1;0;0;-1;-1;0;0;-1;-1;-1;-1;-1;-1;-1;-1;-1;0;0;0;100;100;0;100;100;0;8;4;5;2;BATE U19;Athletic Club U19;0.17;1.5;0;0;0;0;100;100;100;0;0;100;50;50;0;0;0;4049;6;Y;Y;Y;N;N;N;Y
881954;4198;4648;2014/2015;complete;56366;2;-1;19,59;66,90;2;2;4;4;4;8;5;4;1;3;0;0;4;2;5;4;9;6;15;17;50;50;1;3;0;0;0;0;0;0;0;0;0;0;0;0;0;0;0;0;0;0;0;0;0;0;0;0;0;0;0;0;0;0;0;0;0;0;0;0;0;0;0;0;0;0;0;0;0;0;0;0;0;0;0;0;0;0;0;0;0;0;0;0;0;0;0;0;0;0;0;0;4;1;0;1;2;3;1;2014-09-30 14:00:00;-1;1;50;0;0;0;-1;1;-1;-1;-1;-1;-1;-1;1;1;0;2;2;2;-1;0;0;0;0;0;0;0;0;1;0;1;0;0;1;1;0;0;-1;-1;0;0;-1;-1;-1;-1;-1;-1;-1;-1;-1;50;50;100;100;100;100;100;50;50;5;1;2;5;PSG U19;Barcelona U19;1.33;1.29;0;3;0;3;50;50;0;0;0;0;0;0;0;0;0;4049;6;Y;Y;Y;Y;N;N;Y
881956;679647;678819;2014/2015;complete;56366;2;-1;;3,8,25,27,46;0;5;5;5;6;11;0;7;4;2;0;0;0;5;4;6;4;11;26;11;50;50;4;2;0;0;0;0;0;0;0;0;0;0;0;0;0;0;0;0;0;0;0;0;0;0;0;0;0;0;0;0;0;0;0;0;0;0;0;0;0;0;0;0;0;0;0;0;0;0;0;0;0;0;0;0;0;0;0;0;0;0;0;0;0;0;0;0;0;0;0;0;5;0;4;0;1;1;4;2014-09-30 14:00:00;678819;1;100;0;0;0;-1;1;-1;-1;-1;-1;-1;-1;1;1;3;1;2;4;-1;0;0;0;0;0;0;0;0;1;0;1;0;0;1;1;0;2;-1;-1;0;0;-1;-1;-1;-1;-1;-1;-1;-1;-1;50;100;100;100;100;50;100;100;100;12;1;4;4.5;Sporting CP U19;Chelsea U19;1;2.7;3;3;3;3;50;0;0;0;0;50;50;50;0;0;0;4049;6;Y;Y;Y;Y;Y;N;N
881958;678835;4222;2014/2015;complete;56366;2;-1;;7,75,78;0;3;3;7;4;11;2;8;2;1;0;0;4;5;7;4;11;9;16;17;-1;-1;2;1;0;0;0;0;0;0;0;0;0;0;0;0;0;0;0;0;0;0;0;0;0;0;0;0;0;0;0;0;0;0;0;0;0;0;0;0;0;0;0;0;0;0;0;0;0;0;0;0;0;0;0;0;0;0;0;0;0;0;0;0;0;0;0;0;0;0;0;0;3;0;1;0;2;2;1;2014-10-01 09:00:00;4222;1;50;0;0;0;-1;1;-1;-1;-1;-1;-1;-1;0;1;2;0;1;2;-1;0;0;0;0;0;0;0;0;0;0;0;0;0;1;1;0;1;-1;-1;0;0;-1;-1;-1;-1;-1;-1;-1;-1;-1;0;50;50;50;50;50;50;50;50;0;0;4;2;Zenit U19;Monaco  U19;1.5;1;0;3;0;3;50;0;0;0;0;0;0;0;0;0;0;4049;6;Y;Y;Y;N;N;N;N
881960;6988;8434;2014/2015;complete;56366;2;-1;29;;1;0;1;-1;-1;-1;-1;-1;1;3;0;1;-1;-1;-1;-1;-1;-1;-1;-1;-1;-1;1;4;0;0;0;0;0;0;0;0;0;0;0;0;0;0;0;0;0;0;0;0;0;0;0;0;0;0;0;0;0;0;0;0;0;0;0;0;0;0;0;0;0;0;0;0;0;0;0;0;0;0;0;0;0;0;0;0;0;0;0;0;0;0;0;0;0;0;0;0;1;1;0;0;0;0;1;2014-10-01 10:00:00;6988;1;50;0;0;0;-1;1;-1;-1;-1;-1;-1;-1;0;2;1;2;2;3;-1;0;0;0;0;0;0;0;0;0;0;0;0;0;1;1;0;0;-1;-1;0;0;-1;-1;-1;-1;-1;-1;-1;-1;-1;0;0;50;100;100;0;100;100;50;6;5;2;2.5;Atlético Madrid U19;Juventus U19;2.25;0.83;3;3;3;3;100;100;50;0;0;0;0;0;0;0;0;4049;6;Y;N;N;N;N;N;N
881962;1590;678844;2014/2015;complete;56366;2;-1;21,90;54,56,72;2;3;5;3;6;9;3;5;1;4;1;0;2;3;4;5;6;8;6;11;50;50;2;4;0;0;0;0;0;0;0;0;0;0;0;0;0;0;0;0;0;0;0;0;0;0;0;0;0;0;0;0;0;0;0;0;0;0;0;0;0;0;0;0;0;0;0;0;0;0;0;0;0;0;0;0;0;0;0;0;0;0;0;0;0;0;0;0;0;0;0;0;5;1;0;1;3;4;1;2014-10-01 12:00:00;678844;1;50;0;0;0;-1;1;-1;-1;-1;-1;-1;-1;2;1;0;3;3;3;-1;0;0;0;0;0;0;0;1;0;1;0;0;0;1;1;0;0;-1;-1;0;0;-1;-1;-1;-1;-1;-1;-1;-1;-1;0;50;50;50;50;50;50;50;50;0;0;2;2;Bayer Leverkusen U19;Benfica U19;1;2.29;0;0;0;0;50;0;0;0;0;0;0;0;0;0;0;4049;6;Y;Y;Y;Y;Y;N;Y
881964;678832;4668;2014/2015;complete;56366;2;-1;;20,53,90;0;3;3;1;3;4;2;1;3;0;0;0;3;5;2;6;5;11;16;19;50;50;3;0;0;0;0;0;0;0;0;0;0;0;0;0;0;0;0;0;0;0;0;0;0;0;0;0;0;0;0;0;0;0;0;0;0;0;0;0;0;0;0;0;0;0;0;0;0;0;0;0;0;0;0;0;0;0;0;0;0;0;0;0;0;0;0;0;0;0;0;0;3;0;1;0;2;2;1;2014-10-01 13:00:00;4668;1;0;0;0;0;-1;1;-1;-1;-1;-1;-1;-1;1;0;2;0;1;2;-1;0;0;0;0;0;0;0;0;0;0;0;0;0;1;1;0;0;-1;-1;0;0;-1;-1;-1;-1;-1;-1;-1;-1;-1;0;50;50;100;100;50;100;100;0;8;2;2;3;Ludogorets U19;Real Madrid U19;0;1.86;0;3;0;3;100;50;50;0;0;50;50;50;0;0;0;4049;6;Y;Y;Y;N;N;N;N
881966;679653;678824;2014/2015;complete;56366;2;-1;14,87,90;67,72;3;2;5;-1;-1;-1;-1;-1;1;2;0;0;-1;-1;-1;-1;-1;-1;-1;-1;-1;-1;1;2;0;0;0;0;0;0;0;0;0;0;0;0;0;0;0;0;0;0;0;0;0;0;0;0;0;0;0;0;0;0;0;0;0;0;0;0;0;0;0;0;0;0;0;0;0;0;0;0;0;0;0;0;0;0;0;0;0;0;0;0;0;0;0;0;0;0;0;0;5;1;0;2;2;4;1;2014-10-01 13:00:00;679653;1;0;0;0;0;-1;1;-1;-1;-1;-1;-1;-1;0;0;1;2;0;3;-1;0;0;0;0;0;0;0;0;0;0;0;0;0;1;1;0;0;-1;-1;0;0;-1;-1;-1;-1;-1;-1;-1;-1;-1;0;50;50;100;100;50;100;100;0;3;1;2;3;Basel U19;Liverpool U19;2;1.71;0;3;0;3;100;50;50;0;0;50;50;50;0;0;0;4049;6;Y;Y;Y;Y;Y;N;Y
881968;679650;678199;2014/2015;complete;56366;2;-1;45,57,59,66,71;90;5;1;6;5;6;11;2;1;0;1;0;0;5;6;10;3;15;9;10;14;-1;-1;0;1;0;0;0;0;0;0;0;0;0;0;0;0;0;0;0;0;0;0;0;0;0;0;0;0;0;0;0;0;0;0;0;0;0;0;0;0;0;0;0;0;0;0;0;0;0;0;0;0;0;0;0;0;0;0;0;0;0;0;0;0;0;0;0;0;0;0;0;0;6;1;0;4;1;5;1;2014-10-01 13:00:00;679650;1;0;0;0;0;-1;1;-1;-1;-1;-1;-1;-1;0;1;0;0;1;0;-1;0;0;0;0;0;0;0;1;0;1;0;0;0;1;1;0;0;-1;-1;0;0;-1;-1;-1;-1;-1;-1;-1;-1;-1;0;0;50;100;100;100;100;50;0;5;3;3;2.5;Arsenal U19;Galatasaray U19;1.71;1;3;3;3;3;100;100;50;0;0;50;50;50;0;0;0;4049;6;Y;Y;Y;Y;Y;Y;Y
881971;6927;677021;2014/2015;complete;56366;2;-1;18;34,39,43;1;3;4;3;8;11;1;4;3;1;1;0;3;4;1;7;4;11;17;10;50;50;5;1;0;0;0;0;0;0;0;0;0;0;0;0;0;0;0;0;0;0;0;0;0;0;0;0;0;0;0;0;0;0;0;0;0;0;0;0;0;0;0;0;0;0;0;0;0;0;0;0;0;0;0;0;0;0;0;0;0;0;0;0;0;0;0;0;0;0;0;0;4;1;3;0;0;0;4;2014-10-01 13:30:00;677021;1;50;0;0;0;-1;1;-1;-1;-1;-1;-1;-1;2;0;2;1;2;3;-1;0;0;0;0;0;0;0;0;1;0;1;0;0;1;1;0;0;-1;-1;0;0;-1;-1;-1;-1;-1;-1;-1;-1;-1;0;0;50;100;100;0;100;100;50;6;3;5;2.5;Malmö FF U19;Olympiakos CFP U19;0.17;2;0;0;0;0;100;100;50;0;0;0;0;0;0;0;0;4049;6;Y;Y;Y;Y;N;N;Y
881973;679652;1574;2014/2015;complete;56366;2;-1;7,30,50,75,90;;5;0;5;5;1;6;6;0;1;1;0;2;7;2;4;2;11;4;15;9;-1;-1;1;4;0;0;0;0;0;0;0;0;0;0;0;0;0;0;0;0;0;0;0;0;0;0;0;0;0;0;0;0;0;0;0;0;0;0;0;0;0;0;0;0;0;0;0;0;0;0;0;0;0;0;0;0;0;0;0;0;0;0;0;0;0;0;0;0;0;0;0;0;5;2;0;3;0;3;2;2014-10-02 15:00:00;679652;1;0;0;0;0;-1;1;-1;-1;-1;-1;-1;-1;1;2;0;1;3;1;-1;0;0;0;0;0;0;0;1;0;1;0;0;0;1;1;1;0;-1;-1;0;0;-1;-1;-1;-1;-1;-1;-1;-1;-1;0;0;50;100;100;100;100;50;0;7;2;4;2.5;Anderlecht U19;Borussia Dortmund U19;2.11;0.67;0;0;0;0;100;100;50;0;0;50;50;50;0;0;0;4049;6;Y;Y;Y;Y;Y;N;N
881975;679651;678825;2014/2015;complete;56366;3;-1;;21,70;0;2;2;1;11;12;1;2;1;3;0;0;0;7;2;5;2;12;5;12;50;50;1;3;0;0;0;0;0;0;0;0;0;0;0;0;0;0;0;0;0;0;0;0;0;0;0;0;0;0;0;0;0;0;0;0;0;0;0;0;0;0;0;0;0;0;0;0;0;0;0;0;0;0;0;0;0;0;0;0;0;0;0;0;0;0;0;0;0;0;0;0;2;0;1;0;1;1;1;2014-10-21 09:30:00;678825;1;100;0;100;0;-1;1;-1;-1;-1;-1;-1;-1;1;1;0;2;2;2;-1;0;0;0;0;0;0;0;0;0;0;0;0;0;1;1;0;0;-1;-1;0;0;-1;-1;-1;-1;-1;-1;-1;-1;-1;25;75;100;100;100;75;75;100;75;5;3.5;5.5;4;CSKA Moskva U19;Manchester City U19;0.5;2.38;1.5;3;1.5;3;75;25;0;0;0;50;50;50;0;0;0;4049;6;Y;Y;N;N;N;N;N
881976;8443;1573;2014/2015;complete;56366;3;-1;5;;1;0;1;-1;-1;-1;-1;-1;1;0;0;0;-1;-1;-1;-1;-1;-1;-1;-1;-1;-1;1;0;0;0;0;0;0;0;0;0;0;0;0;0;0;0;0;0;0;0;0;0;0;0;0;0;0;0;0;0;0;0;0;0;0;0;0;0;0;0;0;0;0;0;0;0;0;0;0;0;0;0;0;0;0;0;0;0;0;0;0;0;0;0;0;0;0;0;0;0;1;1;0;0;0;0;1;2014-10-21 10:00:00;8443;1;100;50;50;0;-1;1;-1;-1;-1;-1;-1;-1;0;0;1;0;0;1;-1;0;0;0;0;0;0;0;0;0;0;0;0;0;1;1;1;0;-1;-1;0;0;-1;-1;-1;-1;-1;-1;-1;-1;-1;25;75;100;100;100;75;75;100;75;7.5;0.5;5;4;Roma U19;Bayern München U19;1.44;1;1.5;0;1.5;0;75;25;0;0;0;25;25;25;0;0;0;4049;6;Y;N;N;N;N;N;N
881978;678846;4670;2014/2015;complete;56366;3;-1;39,80;;2;0;2;2;5;7;0;5;2;3;1;0;3;7;4;6;7;13;15;16;50;50;4;3;0;0;0;0;0;0;0;0;0;0;0;0;0;0;0;0;0;0;0;0;0;0;0;0;0;0;0;0;0;0;0;0;0;0;0;0;0;0;0;0;0;0;0;0;0;0;0;0;0;0;0;0;0;0;0;0;0;0;0;0;0;0;0;0;0;0;0;0;2;1;0;1;0;1;1;2014-10-21 10:00:00;678846;1;50;0;50;0;-1;1;-1;-1;-1;-1;-1;-1;1;1;2;2;2;4;-1;0;0;0;0;0;0;0;0;0;0;0;0;0;1;1;0;0;-1;-1;0;0;-1;-1;-1;-1;-1;-1;-1;-1;-1;0;0;25;100;100;25;100;75;25;16.5;3;3.5;2.25;Porto U19;Athletic Club U19;1.25;1.5;2;1.5;2;1.5;100;100;75;0;0;100;75;75;0;0;0;4049;6;Y;Y;N;N;N;N;N
881980;1596;679647;2014/2015;complete;56366;3;-1;4,28,87;;3;0;3;-1;-1;-1;-1;-1;2;3;0;1;-1;-1;-1;-1;-1;-1;-1;-1;-1;-1;2;4;0;0;0;0;0;0;0;0;0;0;0;0;0;0;0;0;0;0;0;0;0;0;0;0;0;0;0;0;0;0;0;0;0;0;0;0;0;0;0;0;0;0;0;0;0;0;0;0;0;0;0;0;0;0;0;0;0;0;0;0;0;0;0;0;0;0;0;0;3;2;0;1;0;1;2;2014-10-21 12:00:00;1596;1;50;0;50;0;-1;1;-1;-1;-1;-1;-1;-1;2;1;0;3;3;3;-1;0;0;0;0;0;0;0;0;0;0;0;0;0;1;1;1;0;-1;-1;0;0;-1;-1;-1;-1;-1;-1;-1;-1;-1;75;100;100;100;100;75;100;100;75;16.5;4;5.5;4.75;Schalke 04 U19;Sporting CP U19;2.29;1;1.5;1.5;1.5;1.5;25;0;0;0;0;50;50;50;0;0;0;4049;6;Y;Y;Y;N;N;N;N
881982;678819;679648;2014/2015;complete;56366;3;-1;13,45;;2;0;2;-1;-1;-1;-1;-1;0;2;0;0;-1;-1;-1;-1;-1;-1;-1;-1;-1;-1;0;2;0;0;0;0;0;0;0;0;0;0;0;0;0;0;0;0;0;0;0;0;0;0;0;0;0;0;0;0;0;0;0;0;0;0;0;0;0;0;0;0;0;0;0;0;0;0;0;0;0;0;0;0;0;0;0;0;0;0;0;0;0;0;0;0;0;0;0;0;2;2;0;0;0;0;2;2014-10-21 12:05:00;678819;1;50;50;0;0;-1;1;-1;-1;-1;-1;-1;-1;0;1;0;1;1;1;-1;0;0;0;0;0;0;0;0;0;0;0;0;0;1;1;0;0;-1;-1;0;0;-1;-1;-1;-1;-1;-1;-1;-1;-1;75;100;100;100;100;75;100;100;75;7;3;4.5;4.75;Chelsea U19;Maribor U19;2.7;0;3;0;3;0;25;0;0;0;0;75;75;75;0;0;0;4049;6;Y;Y;N;N;N;N;N
881984;679649;1752;2014/2015;complete;56366;3;-1;34;29,30,56,86;1;4;5;4;8;12;1;1;2;1;0;0;10;8;4;5;14;13;11;17;-1;-1;2;1;0;0;0;0;0;0;0;0;0;0;0;0;0;0;0;0;0;0;0;0;0;0;0;0;0;0;0;0;0;0;0;0;0;0;0;0;0;0;0;0;0;0;0;0;0;0;0;0;0;0;0;0;0;0;0;0;0;0;0;0;0;0;0;0;0;0;0;0;5;1;2;0;2;2;3;2014-10-21 13:00:00;1752;1;50;0;50;0;-1;1;-1;-1;-1;-1;-1;-1;0;0;2;1;0;3;-1;0;0;0;0;0;0;0;0;0;0;0;0;0;1;1;0;0;-1;-1;0;0;-1;-1;-1;-1;-1;-1;-1;-1;-1;0;0;25;100;100;25;100;75;25;9;1.5;5;2.25;BATE U19;Shakhtar Donetsk U19;0.17;1.9;0;2;0;2;100;100;75;0;0;100;75;75;0;0;0;4049;6;Y;Y;Y;Y;Y;N;Y
881986;4648;678845;2014/2015;complete;56366;3;-1;73,79;3,34;2;2;4;6;4;10;1;5;2;2;0;1;6;9;6;0;12;9;8;10;50;50;2;3;0;0;0;0;0;0;0;0;0;0;0;0;0;0;0;0;0;0;0;0;0;0;0;0;0;0;0;0;0;0;0;0;0;0;0;0;0;0;0;0;0;0;0;0;0;0;0;0;0;0;0;0;0;0;0;0;0;0;0;0;0;0;0;0;0;0;0;0;4;0;2;2;0;2;2;2014-10-21 14:00:00;-1;1;50;0;0;0;-1;1;-1;-1;-1;-1;-1;-1;1;1;1;2;2;3;-1;0;0;0;0;0;0;0;0;1;0;1;0;0;1;1;0;1;-1;-1;0;0;-1;-1;-1;-1;-1;-1;-1;-1;-1;25;50;75;75;75;50;75;50;50;13.5;2.5;3;3.5;Barcelona U19;Ajax U19;1.29;2.14;2;2;2;2;75;50;25;25;25;50;50;50;0;0;0;4049;7;Y;Y;Y;Y;N;N;Y
881988;679652;679650;2014/2015;complete;56366;3;-1;2,23,36,39;11,19,85;4;3;7;6;2;8;5;1;1;1;0;0;5;3;7;4;12;7;20;14;-1;-1;1;1;0;0;0;0;0;0;0;0;0;0;0;0;0;0;0;0;0;0;0;0;0;0;0;0;0;0;0;0;0;0;0;0;0;0;0;0;0;0;0;0;0;0;0;0;0;0;0;0;0;0;0;0;0;0;0;0;0;0;0;0;0;0;0;0;0;0;0;0;7;4;2;0;1;1;6;2014-10-21 17:00:00;679652;1;25;0;0;0;-1;1;-1;-1;-1;-1;-1;-1;0;0;1;1;0;2;-1;0;0;0;0;0;0;0;1;1;1;1;0;0;1;1;1;0;-1;-1;0;0;-1;-1;-1;-1;-1;-1;-1;-1;-1;50;50;75;100;100;75;100;75;50;10;5.5;2.5;4;Anderlecht U19;Arsenal U19;2.11;1.71;1.5;3;1.5;3;50;50;25;0;0;50;50;50;0;0;0;4049;7;Y;Y;Y;Y;Y;Y;Y
881991;6988;6927;2014/2015;complete;56366;3;-1;45,59,87;50;3;1;4;-1;-1;-1;-1;-1;0;1;0;0;-1;-1;-1;-1;-1;-1;-1;-1;-1;-1;0;1;0;0;0;0;0;0;0;0;0;0;0;0;0;0;0;0;0;0;0;0;0;0;0;0;0;0;0;0;0;0;0;0;0;0;0;0;0;0;0;0;0;0;0;0;0;0;0;0;0;0;0;0;0;0;0;0;0;0;0;0;0;0;0;0;0;0;0;0;4;1;0;2;1;3;1;2014-10-22 10:00:00;6988;1;50;0;0;0;-1;1;-1;-1;-1;-1;-1;-1;0;0;0;1;0;1;-1;0;0;0;0;0;0;0;0;0;0;0;0;0;1;1;0;0;-1;-1;0;0;-1;-1;-1;-1;-1;-1;-1;-1;-1;0;25;50;75;100;25;100;50;25;7;1.5;4.5;2.5;Atlético Madrid U19;Malmö FF U19;2.25;0.17;3;0;3;0;100;75;50;25;0;25;25;25;0;0;0;4049;6;Y;Y;Y;Y;N;N;Y
881993;1590;678835;2014/2015;complete;56366;3;-1;90;45,58,63,89;1;4;5;6;8;14;2;2;3;4;1;0;4;5;2;5;6;10;9;14;50;50;5;4;0;0;0;0;0;0;0;0;0;0;0;0;0;0;0;0;0;0;0;0;0;0;0;0;0;0;0;0;0;0;0;0;0;0;0;0;0;0;0;0;0;0;0;0;0;0;0;0;0;0;0;0;0;0;0;0;0;0;0;0;0;0;0;0;0;0;0;0;5;0;1;1;3;4;1;2014-10-22 11:00:00;678835;1;50;0;50;0;-1;1;-1;-1;-1;-1;-1;-1;3;1;1;3;4;4;-1;0;0;0;0;0;0;0;0;0;0;0;0;0;1;1;0;0;-1;-1;1;0;-1;-1;-1;-1;-1;-1;-1;-1;-1;25;50;100;100;100;25;100;100;100;10;3;4;3.75;Bayer Leverkusen U19;Zenit U19;1;1.5;0;0;0;0;75;50;0;0;0;100;50;50;0;0;0;4049;6;Y;Y;Y;Y;Y;N;Y
881995;678199;1574;2014/2015;complete;56366;3;-1;72,73,89;11,88;3;2;5;-1;-1;-1;-1;-1;0;1;0;0;-1;-1;-1;-1;-1;-1;-1;-1;-1;-1;0;1;0;0;0;0;0;0;0;0;0;0;0;0;0;0;0;0;0;0;0;0;0;0;0;0;0;0;0;0;0;0;0;0;0;0;0;0;0;0;0;0;0;0;0;0;0;0;0;0;0;0;0;0;0;0;0;0;0;0;0;0;0;0;0;0;0;0;0;0;5;0;1;3;1;4;1;2014-10-22 11:00:00;678199;1;25;0;0;0;-1;1;-1;-1;-1;-1;-1;-1;0;0;0;1;0;1;-1;0;0;0;0;0;0;0;0;0;0;0;0;0;1;1;0;0;-1;-1;0;0;-1;-1;-1;-1;-1;-1;-1;-1;-1;50;50;75;100;100;75;100;75;50;10;1.5;4;4;Galatasaray U19;Borussia Dortmund U19;1;0.67;1.5;0;1.5;0;50;50;25;0;0;75;75;75;0;0;0;4049;6;Y;Y;Y;Y;Y;N;Y
881996;678832;679653;2014/2015;complete;56366;3;-1;;13,19,42,64,65;0;5;5;2;8;10;0;1;1;1;0;0;2;7;4;7;6;14;7;17;50;50;1;1;0;0;0;0;0;0;0;0;0;0;0;0;0;0;0;0;0;0;0;0;0;0;0;0;0;0;0;0;0;0;0;0;0;0;0;0;0;0;0;0;0;0;0;0;0;0;0;0;0;0;0;0;0;0;0;0;0;0;0;0;0;0;0;0;0;0;0;0;5;0;3;0;2;2;3;2014-10-22 13:00:00;679653;1;25;0;0;0;-1;1;-1;-1;-1;-1;-1;-1;0;0;1;1;0;2;-1;0;0;0;0;0;0;0;0;0;0;0;0;0;1;1;0;0;-1;-1;0;0;-1;-1;-1;-1;-1;-1;-1;-1;-1;25;50;75;100;100;25;100;100;50;4;1;4;3.5;Ludogorets U19;Basel U19;0;2;0;1.5;0;1.5;75;50;25;0;0;50;50;50;0;0;0;4049;6;Y;Y;Y;Y;Y;N;N
881997;678824;4668;2014/2015;complete;56366;3;-1;15,20,88;53,67;3;2;5;1;7;8;3;1;1;3;0;0;5;4;3;4;8;8;19;15;50;50;1;3;0;0;0;0;0;0;0;0;0;0;0;0;0;0;0;0;0;0;0;0;0;0;0;0;0;0;0;0;0;0;0;0;0;0;0;0;0;0;0;0;0;0;0;0;0;0;0;0;0;0;0;0;0;0;0;0;0;0;0;0;0;0;0;0;0;0;0;0;5;2;0;1;2;3;2;2014-10-22 13:00:00;678824;1;25;0;0;0;-1;1;-1;-1;-1;-1;-1;-1;1;2;0;1;3;1;-1;0;0;0;0;0;0;0;0;0;0;0;0;0;1;1;0;0;-1;-1;0;0;-1;-1;-1;-1;-1;-1;-1;-1;-1;25;50;75;100;100;25;100;100;50;5.5;1;1;3.5;Liverpool U19;Real Madrid U19;1.71;1.86;1.5;3;1.5;3;75;50;25;0;0;25;25;25;0;0;0;4049;7;Y;Y;Y;Y;Y;N;Y
881998;4222;678844;2014/2015;complete;56366;3;-1;;34;0;1;1;10;4;14;0;2;2;2;0;1;5;4;9;2;14;6;18;15;-1;-1;2;4;0;0;0;0;0;0;0;0;0;0;0;0;0;0;0;0;0;0;0;0;0;0;0;0;0;0;0;0;0;0;0;0;0;0;0;0;0;0;0;0;0;0;0;0;0;0;0;0;0;0;0;0;0;0;0;0;0;0;0;0;0;0;0;0;0;0;0;0;1;0;1;0;0;0;1;2014-10-22 13:00:00;678844;1;75;0;100;0;-1;1;-1;-1;-1;-1;-1;-1;0;1;2;2;1;4;-1;0;0;0;0;0;0;0;0;0;0;0;0;0;1;1;0;0;-1;-1;0;0;-1;-1;-1;-1;-1;-1;-1;-1;-1;50;75;100;100;100;25;100;100;100;10;8.5;6.5;4.25;Monaco  U19;Benfica U19;1;2.29;3;3;3;3;50;25;0;0;0;100;50;50;0;0;0;4049;6;Y;N;N;N;N;N;N
881999;678831;4198;2014/2015;complete;56366;3;-1;;19,81,87;0;3;3;0;7;7;6;2;2;1;0;0;0;9;4;10;4;19;11;12;50;50;2;1;0;0;0;0;0;0;0;0;0;0;0;0;0;0;0;0;0;0;0;0;0;0;0;0;0;0;0;0;0;0;0;0;0;0;0;0;0;0;0;0;0;0;0;0;0;0;0;0;0;0;0;0;0;0;0;0;0;0;0;0;0;0;0;0;0;0;0;0;3;0;1;0;2;2;1;2014-10-22 13:00:00;4198;1;50;0;50;0;-1;1;-1;-1;-1;-1;-1;-1;0;1;2;0;1;2;-1;0;0;0;0;0;0;0;0;0;0;0;0;0;1;1;0;0;-1;-1;0;0;-1;-1;-1;-1;-1;-1;-1;-1;-1;25;50;75;75;75;50;75;50;50;6.5;3.5;3;3.5;APOEL U19;PSG U19;0.17;1.33;0.5;0.5;0.5;0.5;75;50;25;25;25;25;25;25;0;0;0;4049;6;Y;Y;Y;N;N;N;N
882000;677021;8434;2014/2015;complete;56366;3;-1;7;65;1;1;2;7;3;10;3;1;2;2;0;0;8;7;6;2;14;9;20;15;50;50;2;2;0;0;0;0;0;0;0;0;0;0;0;0;0;0;0;0;0;0;0;0;0;0;0;0;0;0;0;0;0;0;0;0;0;0;0;0;0;0;0;0;0;0;0;0;0;0;0;0;0;0;0;0;0;0;0;0;0;0;0;0;0;0;0;0;0;0;0;0;2;1;0;0;1;1;1;2014-10-22 16:00:00;-1;1;50;0;0;0;-1;1;-1;-1;-1;-1;-1;-1;0;0;2;2;0;4;-1;0;0;0;0;0;0;0;0;0;0;0;0;0;1;1;1;0;-1;-1;0;0;-1;-1;-1;-1;-1;-1;-1;-1;-1;0;25;50;75;100;25;100;50;25;7.5;4;4.5;2.5;Olympiakos CFP U19;Juventus U19;2;0.83;1.5;1.5;1.5;1.5;100;75;50;25;0;25;25;25;0;0;0;4049;6;Y;Y;N;N;N;N;Y
882001;678835;1590;2014/2015;complete;56366;4;-1;;25,55,63;0;3;3;9;8;17;0;3;3;3;0;0;5;5;5;1;10;6;14;16;50;50;3;3;0;0;0;0;0;0;0;0;0;0;0;0;0;0;0;0;0;0;0;0;0;0;0;0;0;0;0;0;0;0;0;0;0;0;0;0;0;0;0;0;0;0;0;0;0;0;0;0;0;0;0;0;0;0;0;0;0;0;0;0;0;0;0;0;0;0;0;0;3;0;1;0;2;2;1;2014-11-04 10:00:00;1590;1;75;0;50;0;-1;1;-1;-1;-1;-1;-1;-1;1;1;2;2;2;4;-1;0;0;0;0;0;0;0;0;0;0;0;0;0;1;1;0;0;-1;-1;0;0;-1;-1;-1;-1;-1;-1;-1;-1;-1;59;75;100;100;100;17;100;100;100;12;3.33;6;4.34;Zenit U19;Bayer Leverkusen U19;1.5;1;1.5;0;1.5;0;42;25;0;0;0;100;75;75;0;0;0;4049;6;Y;Y;Y;N;N;N;N
882002;8434;677021;2014/2015;complete;56366;4;-1;;50,76,87;0;3;3;4;5;9;0;2;2;2;2;0;5;5;5;5;10;10;19;11;50;50;5;2;0;0;0;0;0;0;0;0;0;0;0;0;0;0;0;0;0;0;0;0;0;0;0;0;0;0;0;0;0;0;0;0;0;0;0;0;0;0;0;0;0;0;0;0;0;0;0;0;0;0;0;0;0;0;0;0;0;0;0;0;0;0;0;0;0;0;0;0;3;0;0;0;3;3;0;2014-11-04 13:30:00;677021;1;67;50;0;0;-1;1;-1;-1;-1;-1;-1;-1;3;2;1;0;5;1;-1;0;0;0;0;0;0;0;0;0;0;0;0;0;1;1;0;0;-1;-1;0;0;-1;-1;-1;-1;-1;-1;-1;-1;-1;0;17;34;84;100;17;100;67;17;8.33;4;4.33;2.34;Juventus U19;Olympiakos CFP U19;0.83;2;1.33;1.33;1.33;1.33;100;84;67;17;0;59;59;17;0;0;0;4049;6;Y;Y;Y;N;N;N;N
882003;679653;678832;2014/2015;complete;56366;4;-1;51,54,57,74,76,90;;6;0;6;6;2;8;0;0;1;1;0;0;4;2;5;4;9;6;18;10;50;50;1;1;0;0;0;0;0;0;0;0;0;0;0;0;0;0;0;0;0;0;0;0;0;0;0;0;0;0;0;0;0;0;0;0;0;0;0;0;0;0;0;0;0;0;0;0;0;0;0;0;0;0;0;0;0;0;0;0;0;0;0;0;0;0;0;0;0;0;0;0;6;0;0;6;0;6;0;2014-11-04 14:00:00;679653;1;17;0;50;0;-1;1;-1;-1;-1;-1;-1;-1;1;1;0;0;2;0;-1;0;0;0;0;0;0;0;0;0;0;0;0;0;1;1;0;0;-1;-1;0;0;-1;-1;-1;-1;-1;-1;-1;-1;-1;50;67;84;100;100;50;100;100;67;7;1;3.33;4;Basel U19;Ludogorets U19;2;0;2;0;2;0;50;33;17;0;0;75;75;25;0;0;0;4049;6;Y;Y;Y;Y;Y;Y;N
882004;679650;679652;2014/2015;complete;56366;4;-1;22;5,74;1;2;3;1;3;4;2;2;1;2;0;0;4;4;6;2;10;6;11;17;-1;-1;1;2;0;0;0;0;0;0;0;0;0;0;0;0;0;0;0;0;0;0;0;0;0;0;0;0;0;0;0;0;0;0;0;0;0;0;0;0;0;0;0;0;0;0;0;0;0;0;0;0;0;0;0;0;0;0;0;0;0;0;0;0;0;0;0;0;0;0;0;0;3;1;1;0;1;1;2;2014-11-04 14:00:00;679652;1;50;0;50;0;-1;1;-1;-1;-1;-1;-1;-1;1;0;0;2;1;2;-1;0;0;0;0;0;0;0;0;0;0;0;0;0;1;1;0;1;-1;-1;0;0;-1;-1;-1;-1;-1;-1;-1;-1;-1;67;67;84;100;100;84;100;84;33;9.5;5.66;2.33;5;Arsenal U19;Anderlecht U19;1.71;2.11;2;2;2;2;33;33;17;0;0;34;34;34;0;0;0;4049;7;Y;Y;Y;N;N;N;Y
882005;6927;6988;2014/2015;complete;56366;4;-1;22;2,79;1;2;3;-1;-1;-1;-1;-1;2;2;0;0;-1;-1;-1;-1;-1;-1;-1;-1;-1;-1;2;2;0;0;0;0;0;0;0;0;0;0;0;0;0;0;0;0;0;0;0;0;0;0;0;0;0;0;0;0;0;0;0;0;0;0;0;0;0;0;0;0;0;0;0;0;0;0;0;0;0;0;0;0;0;0;0;0;0;0;0;0;0;0;0;0;0;0;0;0;3;1;1;0;1;1;2;2014-11-04 14:30:00;6988;1;67;50;0;0;-1;1;-1;-1;-1;-1;-1;-1;0;1;2;1;1;3;-1;0;0;0;0;0;0;0;0;0;0;0;0;0;1;1;0;1;-1;-1;0;0;-1;-1;-1;-1;-1;-1;-1;-1;-1;0;50;67;84;100;17;100;67;50;7;0.33;3.34;3;Malmö FF U19;Atlético Madrid U19;0.17;2.25;0;3;0;3;100;50;33;17;0;25;25;25;0;0;0;4049;6;Y;Y;Y;N;N;N;Y
882006;4668;678824;2014/2015;complete;56366;4;-1;7,73,78,87;39;4;1;5;3;2;5;0;5;1;4;0;0;4;6;6;7;10;13;12;18;50;50;1;4;0;0;0;0;0;0;0;0;0;0;0;0;0;0;0;0;0;0;0;0;0;0;0;0;0;0;0;0;0;0;0;0;0;0;0;0;0;0;0;0;0;0;0;0;0;0;0;0;0;0;0;0;0;0;0;0;0;0;0;0;0;0;0;0;0;0;0;0;5;1;1;3;0;3;2;2014-11-04 15:00:00;4668;1;50;0;50;0;-1;1;-1;-1;-1;-1;-1;-1;0;0;1;4;0;5;-1;0;0;0;0;0;0;0;1;0;1;0;0;0;1;1;1;0;-1;-1;0;0;-1;-1;-1;-1;-1;-1;-1;-1;-1;50;67;84;100;100;50;100;100;67;7;2;2;4;Real Madrid U19;Liverpool U19;1.86;1.71;2;2;2;2;50;34;17;0;0;17;17;17;0;0;0;4049;7;Y;Y;Y;Y;Y;N;Y
882007;678844;4222;2014/2015;complete;56366;4;-1;8,22,82;;3;0;3;2;9;11;0;3;2;2;0;0;3;9;6;10;9;19;15;17;-1;-1;2;2;0;0;0;0;0;0;0;0;0;0;0;0;0;0;0;0;0;0;0;0;0;0;0;0;0;0;0;0;0;0;0;0;0;0;0;0;0;0;0;0;0;0;0;0;0;0;0;0;0;0;0;0;0;0;0;0;0;0;0;0;0;0;0;0;0;0;0;0;3;2;0;1;0;1;2;2014-11-04 15:00:00;678844;1;42;0;0;0;-1;1;-1;-1;-1;-1;-1;-1;0;1;2;1;1;3;-1;0;0;0;0;0;0;0;0;0;0;0;0;0;1;1;1;0;-1;-1;0;0;-1;-1;-1;-1;-1;-1;-1;-1;-1;25;42;59;59;100;17;100;59;59;12;5.83;6.33;2.84;Benfica U19;Monaco  U19;2.29;1;3;2;3;2;75;59;42;42;0;100;75;75;0;0;0;4049;6;Y;Y;Y;N;N;N;N
882008;1574;678199;2014/2015;complete;56366;4;-1;14,48,58,72,90;69,80;5;2;7;8;3;11;3;12;1;1;0;0;8;8;9;3;17;11;10;15;50;50;1;1;0;0;0;0;0;0;0;0;0;0;0;0;0;0;0;0;0;0;0;0;0;0;0;0;0;0;0;0;0;0;0;0;0;0;0;0;0;0;0;0;0;0;0;0;0;0;0;0;0;0;0;0;0;0;0;0;0;0;0;0;0;0;0;0;0;0;0;0;7;1;0;4;2;6;1;2014-11-04 15:00:00;1574;1;50;0;50;0;-1;1;-1;-1;-1;-1;-1;-1;0;1;1;0;1;1;-1;0;0;0;0;0;0;0;0;0;0;0;0;0;1;1;0;0;-1;-1;0;0;-1;-1;-1;-1;-1;-1;-1;-1;-1;67;67;84;100;100;50;100;84;67;10;0.34;3;4.34;Borussia Dortmund U19;Galatasaray U19;0.67;1;0;2;0;2;33;33;17;0;0;75;75;75;0;0;0;4049;6;Y;Y;Y;Y;Y;Y;Y
882009;678845;4648;2014/2015;complete;56366;4;-1;60;;1;0;1;8;7;15;2;3;2;2;0;0;5;3;11;5;16;8;9;11;50;50;2;2;0;0;0;0;0;0;0;0;0;0;0;0;0;0;0;0;0;0;0;0;0;0;0;0;0;0;0;0;0;0;0;0;0;0;0;0;0;0;0;0;0;0;0;0;0;0;0;0;0;0;0;0;0;0;0;0;0;0;0;0;0;0;0;0;0;0;0;0;1;0;0;1;0;1;0;2014-11-04 18:00:00;678845;1;67;0;100;0;-1;1;-1;-1;-1;-1;-1;-1;1;0;1;2;1;3;-1;0;0;0;0;0;0;0;0;0;0;0;0;0;1;1;0;0;-1;-1;0;0;-1;-1;-1;-1;-1;-1;-1;-1;-1;17;67;84;84;84;67;84;67;67;11.5;3.66;3.67;3.67;Ajax U19;Barcelona U19;2.14;1.29;1.67;1.67;1.67;1.67;84;33;17;17;17;67;67;25;0;0;0;4049;7;Y;N;N;N;N;N;N
882010;4670;678846;2014/2015;complete;56366;4;-1;57,68,70;21;3;1;4;-1;-1;-1;-1;-1;3;3;0;0;-1;-1;-1;-1;-1;-1;-1;-1;-1;-1;3;3;0;0;0;0;0;0;0;0;0;0;0;0;0;0;0;0;0;0;0;0;0;0;0;0;0;0;0;0;0;0;0;0;0;0;0;0;0;0;0;0;0;0;0;0;0;0;0;0;0;0;0;0;0;0;0;0;0;0;0;0;0;0;0;0;0;0;0;0;4;0;1;3;0;3;1;2014-11-05 11:00:00;4670;1;33;50;0;0;-1;1;-1;-1;-1;-1;-1;-1;1;2;2;1;3;3;-1;0;0;0;0;0;0;0;1;1;1;1;0;0;1;1;0;0;-1;-1;0;0;-1;-1;-1;-1;-1;-1;-1;-1;-1;0;0;17;100;100;17;100;84;17;13.33;3.67;4.67;2.17;Athletic Club U19;Porto U19;1.5;1.25;1;2.33;1;2.33;100;100;84;0;0;67;50;50;0;0;0;4049;6;Y;Y;Y;Y;N;N;Y
882011;679648;678819;2014/2015;complete;56366;4;-1;;6,11,25,36,40,81,90;0;7;7;0;4;4;1;7;3;1;1;0;0;10;2;5;2;15;15;12;-1;-1;4;1;0;0;0;0;0;0;0;0;0;0;0;0;0;0;0;0;0;0;0;0;0;0;0;0;0;0;0;0;0;0;0;0;0;0;0;0;0;0;0;0;0;0;0;0;0;0;0;0;0;0;0;0;0;0;0;0;0;0;0;0;0;0;0;0;0;0;0;0;7;0;5;0;2;2;5;2014-11-05 12:00:00;678819;1;33;0;50;0;-1;1;-1;-1;-1;-1;-1;-1;1;0;3;1;1;4;-1;0;0;0;0;0;0;0;0;1;0;1;0;0;1;1;0;1;-1;-1;0;0;-1;-1;-1;-1;-1;-1;-1;-1;-1;50;67;67;100;100;84;100;67;50;7;1.34;3.67;3.84;Maribor U19;Chelsea U19;0;2.7;0;3;0;3;50;33;33;0;0;75;75;75;0;0;0;4049;6;Y;Y;Y;Y;Y;Y;N
882012;1752;679649;2014/2015;complete;56366;4;-1;37;;1;0;1;11;2;13;1;1;0;1;0;1;8;0;8;2;16;2;8;9;-1;-1;0;2;0;0;0;0;0;0;0;0;0;0;0;0;0;0;0;0;0;0;0;0;0;0;0;0;0;0;0;0;0;0;0;0;0;0;0;0;0;0;0;0;0;0;0;0;0;0;0;0;0;0;0;0;0;0;0;0;0;0;0;0;0;0;0;0;0;0;0;0;1;1;0;0;0;0;1;2014-11-05 12:00:00;1752;1;67;50;0;0;-1;1;-1;-1;-1;-1;-1;-1;0;0;0;2;0;2;-1;0;0;0;0;0;0;0;0;0;0;0;0;0;1;1;0;0;-1;-1;0;0;-1;-1;-1;-1;-1;-1;-1;-1;-1;33;33;50;100;100;50;100;84;50;10;1.66;4.34;3.17;Shakhtar Donetsk U19;BATE U19;1.9;0.17;2.33;0;2.33;0;67;67;50;0;0;100;84;84;0;0;0;4049;6;Y;N;N;N;N;N;N
882013;1573;8443;2014/2015;complete;56366;4;-1;72,74,82;25,69;3;2;5;-1;-1;-1;-1;-1;2;2;0;0;-1;-1;-1;-1;-1;-1;-1;-1;-1;-1;2;2;0;0;0;0;0;0;0;0;0;0;0;0;0;0;0;0;0;0;0;0;0;0;0;0;0;0;0;0;0;0;0;0;0;0;0;0;0;0;0;0;0;0;0;0;0;0;0;0;0;0;0;0;0;0;0;0;0;0;0;0;0;0;0;0;0;0;0;0;5;0;1;3;1;4;1;2014-11-05 13:30:00;1573;1;67;0;100;0;-1;1;-1;-1;-1;-1;-1;-1;1;2;1;0;3;1;-1;0;0;0;0;0;0;0;0;0;0;0;0;0;1;1;0;0;-1;-1;0;0;-1;-1;-1;-1;-1;-1;-1;-1;-1;17;50;67;67;100;50;84;67;50;7.5;0;3.66;3;Bayern München U19;Roma U19;1;1.44;0;2;0;2;84;50;33;33;0;25;25;25;0;0;0;4049;6;Y;Y;Y;Y;Y;N;Y
882014;678825;679651;2014/2015;complete;56366;4;-1;8,33,75,90;31,50;4;2;6;11;1;12;6;5;2;1;0;0;7;3;10;0;17;3;17;11;50;50;2;1;0;0;0;0;0;0;0;0;0;0;0;0;0;0;0;0;0;0;0;0;0;0;0;0;0;0;0;0;0;0;0;0;0;0;0;0;0;0;0;0;0;0;0;0;0;0;0;0;0;0;0;0;0;0;0;0;0;0;0;0;0;0;0;0;0;0;0;0;6;2;1;2;1;3;3;2014-11-05 14:00:00;678825;1;67;50;50;0;-1;1;-1;-1;-1;-1;-1;-1;0;1;2;0;1;2;-1;0;0;0;0;0;0;0;0;0;0;0;0;0;1;1;1;0;-1;-1;0;0;-1;-1;-1;-1;-1;-1;-1;-1;-1;17;50;67;100;100;50;84;100;50;8.5;3.33;5;3.33;Manchester City U19;CSKA Moskva U19;2.38;0.5;3;1;3;1;84;50;33;0;0;75;75;75;0;0;0;4049;6;Y;Y;Y;Y;Y;Y;Y
882015;679647;1596;2014/2015;complete;56366;4;-1;5,45;53,65,90;2;3;5;7;10;17;0;4;3;1;1;0;0;4;7;5;7;9;19;13;50;50;4;1;0;0;0;0;0;0;0;0;0;0;0;0;0;0;0;0;0;0;0;0;0;0;0;0;0;0;0;0;0;0;0;0;0;0;0;0;0;0;0;0;0;0;0;0;0;0;0;0;0;0;0;0;0;0;0;0;0;0;0;0;0;0;0;0;0;0;0;0;5;2;0;0;3;3;2;2014-11-05 14:00:00;1596;1;33;50;0;0;-1;1;-1;-1;-1;-1;-1;-1;0;1;4;0;1;4;-1;0;0;0;0;0;0;0;0;0;0;0;0;0;1;1;1;0;-1;-1;0;0;-1;-1;-1;-1;-1;-1;-1;-1;-1;50;67;100;100;100;84;100;100;50;16.5;2;5.67;4.17;Sporting CP U19;Schalke 04 U19;1;2.29;1;2;1;2;50;33;0;0;0;50;50;50;0;0;0;4049;6;Y;Y;Y;Y;Y;N;Y
882016;4198;678831;2014/2015;complete;56366;4;-1;7,41,49,52,77,89;;6;0;6;-1;-1;-1;-1;-1;4;2;0;1;-1;-1;-1;-1;-1;-1;-1;-1;-1;-1;4;4;0;0;0;0;0;0;0;0;0;0;0;0;0;0;0;0;0;0;0;0;0;0;0;0;0;0;0;0;0;0;0;0;0;0;0;0;0;0;0;0;0;0;0;0;0;0;0;0;0;0;0;0;0;0;0;0;0;0;0;0;0;0;0;0;0;0;0;0;6;2;0;4;0;4;2;2014-11-05 14:00:00;4198;1;34;0;50;0;-1;1;-1;-1;-1;-1;-1;-1;1;0;3;3;1;6;-1;0;0;0;0;0;0;0;1;0;1;0;0;0;1;1;1;0;-1;-1;0;0;-1;-1;-1;-1;-1;-1;-1;-1;-1;17;34;84;84;84;33;84;67;67;7.17;5;3;3.34;PSG U19;APOEL U19;1.33;0.17;1.33;0.33;1.33;0.33;84;67;17;17;17;17;17;17;0;0;0;4049;6;Y;Y;Y;Y;Y;Y;N
882017;679651;8443;2014/2015;complete;56366;5;-1;;77,88;0;2;2;5;9;14;2;2;3;1;1;0;0;5;3;11;3;16;21;11;50;50;4;1;0;0;0;0;0;0;0;0;0;0;0;0;0;0;0;0;0;0;0;0;0;0;0;0;0;0;0;0;0;0;0;0;0;0;0;0;0;0;0;0;0;0;0;0;0;0;0;0;0;0;0;0;0;0;0;0;0;0;0;0;0;0;0;0;0;0;0;0;2;0;0;0;2;2;0;2014-11-25 10:30:00;8443;1;75;0;75;0;-1;1;-1;-1;-1;-1;-1;-1;2;1;2;0;3;2;-1;0;0;0;0;0;0;0;0;1;0;1;0;0;1;1;0;0;-1;-1;0;0;-1;-1;-1;-1;-1;-1;-1;-1;-1;25;63;75;88;100;50;88;88;50;1.67;1.75;3;3.63;CSKA Moskva U19;Roma U19;0.5;1.44;0.75;1.5;0.75;1.5;75;38;25;13;0;50;50;50;0;0;0;4049;6;Y;Y;N;N;N;N;N
882018;679647;679648;2014/2015;complete;56366;5;-1;20,34,65;14,43;3;2;5;9;2;11;1;4;3;1;0;0;10;4;9;4;19;8;19;11;-1;-1;3;1;0;0;0;0;0;0;0;0;0;0;0;0;0;0;0;0;0;0;0;0;0;0;0;0;0;0;0;0;0;0;0;0;0;0;0;0;0;0;0;0;0;0;0;0;0;0;0;0;0;0;0;0;0;0;0;0;0;0;0;0;0;0;0;0;0;0;0;0;5;2;2;1;0;1;4;2014-11-25 11:00:00;679647;1;38;0;0;0;-1;1;-1;-1;-1;-1;-1;-1;1;0;2;1;1;3;-1;0;0;0;0;0;0;0;0;0;0;0;0;0;1;1;0;0;-1;-1;0;0;-1;-1;-1;-1;-1;-1;-1;-1;-1;50;75;88;100;100;75;100;88;63;8.67;0.25;6.75;4.38;Sporting CP U19;Maribor U19;1;0;0.75;0;0.75;0;50;25;13;0;0;67;67;67;0;0;0;4049;6;Y;Y;Y;Y;Y;N;Y
882019;679649;678846;2014/2015;complete;56366;5;-1;;;0;0;0;0;7;7;4;0;2;1;0;0;5;6;2;10;7;16;13;8;-1;-1;2;1;0;0;0;0;0;0;0;0;0;0;0;0;0;0;0;0;0;0;0;0;0;0;0;0;0;0;0;0;0;0;0;0;0;0;0;0;0;0;0;0;0;0;0;0;0;0;0;0;0;0;0;0;0;0;0;0;0;0;0;0;0;0;0;0;0;0;0;0;0;0;0;0;0;0;0;2014-11-25 12:00:00;-1;1;50;50;25;0;-1;1;-1;-1;-1;-1;-1;-1;0;0;2;1;0;3;-1;0;0;0;0;0;0;0;0;0;0;0;0;0;1;1;0;0;-1;-1;0;0;-1;-1;-1;-1;-1;-1;-1;-1;-1;13;25;38;88;100;25;100;75;38;10.83;0.25;5.25;2.63;BATE U19;Porto U19;0.17;1.25;0;1.75;0;1.75;88;75;63;13;0;84;84;84;0;0;0;4049;6;N;N;N;N;N;N;N
882020;1752;4670;2014/2015;complete;56366;5;-1;7,9,18,44,65,82;;6;0;6;6;9;15;4;2;2;1;0;1;5;11;6;5;11;16;14;17;50;50;2;2;0;0;0;0;0;0;0;0;0;0;0;0;0;0;0;0;0;0;0;0;0;0;0;0;0;0;0;0;0;0;0;0;0;0;0;0;0;0;0;0;0;0;0;0;0;0;0;0;0;0;0;0;0;0;0;0;0;0;0;0;0;0;0;0;0;0;0;0;6;4;0;2;0;2;4;2014-11-25 12:00:00;1752;1;50;25;25;0;-1;1;-1;-1;-1;-1;-1;-1;0;1;2;1;1;3;-1;0;0;0;0;0;0;0;0;0;0;0;0;0;1;1;2;0;-1;-1;0;0;-1;-1;-1;-1;-1;-1;-1;-1;-1;13;25;38;88;100;25;100;75;38;13.25;3.75;3.5;2.63;Shakhtar Donetsk U19;Athletic Club U19;1.9;1.5;2.5;1.5;2.5;1.5;88;75;63;13;0;84;54;54;0;0;0;4049;6;Y;Y;Y;Y;Y;Y;N
882021;1596;678819;2014/2015;complete;56366;5;-1;61,76;;2;0;2;-1;-1;-1;-1;-1;0;2;0;0;-1;-1;-1;-1;-1;-1;-1;-1;-1;-1;0;2;0;0;0;0;0;0;0;0;0;0;0;0;0;0;0;0;0;0;0;0;0;0;0;0;0;0;0;0;0;0;0;0;0;0;0;0;0;0;0;0;0;0;0;0;0;0;0;0;0;0;0;0;0;0;0;0;0;0;0;0;0;0;0;0;0;0;0;0;2;0;0;2;0;2;0;2014-11-25 12:30:00;1596;1;38;0;0;0;-1;1;-1;-1;-1;-1;-1;-1;0;0;0;2;0;2;-1;0;0;0;0;0;0;0;0;0;0;0;0;0;1;1;0;0;-1;-1;0;0;-1;-1;-1;-1;-1;-1;-1;-1;-1;75;75;88;100;100;100;100;88;63;14;5.25;2.75;4.63;Schalke 04 U19;Chelsea U19;2.29;2.7;2.25;3;2.25;3;25;25;13;0;0;50;50;50;0;0;0;4049;7;Y;Y;N;N;N;N;N
882022;678831;4648;2014/2015;complete;56366;5;-1;27,41;19,76,82;2;3;5;2;4;6;4;2;2;2;1;0;0;6;4;7;4;13;8;14;50;50;3;2;0;0;0;0;0;0;0;0;0;0;0;0;0;0;0;0;0;0;0;0;0;0;0;0;0;0;0;0;0;0;0;0;0;0;0;0;0;0;0;0;0;0;0;0;0;0;0;0;0;0;0;0;0;0;0;0;0;0;0;0;0;0;0;0;0;0;0;0;5;2;1;0;2;2;3;2014-11-25 14:00:00;4648;1;25;0;25;0;-1;1;-1;-1;-1;-1;-1;-1;0;1;3;1;1;4;-1;0;0;0;0;0;0;0;0;0;0;0;0;0;1;1;0;0;-1;-1;0;0;-1;-1;-1;-1;-1;-1;-1;-1;-1;13;38;75;75;88;50;75;63;50;7.17;4.5;4.5;3;APOEL U19;Barcelona U19;0.17;1.29;0.25;1.25;0.25;1.25;88;63;25;25;13;42;42;29;0;0;0;4049;6;Y;Y;Y;Y;Y;N;Y
882023;678825;1573;2014/2015;complete;56366;5;-1;9,25,29,64,80,88;;6;0;6;4;1;5;4;3;3;2;0;0;6;4;3;2;9;6;18;15;50;50;3;2;0;0;0;0;0;0;0;0;0;0;0;0;0;0;0;0;0;0;0;0;0;0;0;0;0;0;0;0;0;0;0;0;0;0;0;0;0;0;0;0;0;0;0;0;0;0;0;0;0;0;0;0;0;0;0;0;0;0;0;0;0;0;0;0;0;0;0;0;6;3;0;3;0;3;3;2014-11-25 15:00:00;678825;1;75;25;75;0;-1;1;-1;-1;-1;-1;-1;-1;0;0;3;2;0;5;-1;0;0;0;0;0;0;0;0;0;0;0;0;0;1;1;1;0;-1;-1;0;0;-1;-1;-1;-1;-1;-1;-1;-1;-1;50;63;75;88;100;50;88;88;75;15.5;2.75;5.25;3.88;Manchester City U19;Bayern München U19;2.38;1;3;0.75;3;0.75;50;38;25;13;0;59;59;59;0;0;0;4049;6;Y;Y;Y;Y;Y;Y;N
882024;679652;678199;2014/2015;complete;56366;5;-1;39,90;;2;0;2;1;3;4;4;2;4;1;0;1;7;4;6;3;13;7;13;9;-1;-1;4;3;0;0;0;0;0;0;0;0;0;0;0;0;0;0;0;0;0;0;0;0;0;0;0;0;0;0;0;0;0;0;0;0;0;0;0;0;0;0;0;0;0;0;0;0;0;0;0;0;0;0;0;0;0;0;0;0;0;0;0;0;0;0;0;0;0;0;0;0;2;1;0;1;0;1;1;2014-11-25 19:45:00;679652;1;63;25;50;0;-1;1;-1;-1;-1;-1;-1;-1;1;0;3;2;1;5;-1;0;0;0;0;0;0;0;0;0;0;0;0;0;1;1;0;0;-1;-1;0;0;-1;-1;-1;-1;-1;-1;-1;-1;-1;63;63;100;100;100;63;100;100;50;9.17;5.75;2.25;4.88;Anderlecht U19;Galatasaray U19;2.11;1;2.25;1.5;2.25;1.5;38;38;0;0;0;50;50;50;0;0;0;4049;6;Y;Y;N;N;N;N;N
882025;678835;678844;2014/2015;complete;56366;5;-1;59,68,72,86,88;4;5;1;6;7;5;12;1;4;1;2;0;0;5;5;12;5;17;10;12;6;50;50;1;2;0;0;0;0;0;0;0;0;0;0;0;0;0;0;0;0;0;0;0;0;0;0;0;0;0;0;0;0;0;0;0;0;0;0;0;0;0;0;0;0;0;0;0;0;0;0;0;0;0;0;0;0;0;0;0;0;0;0;0;0;0;0;0;0;0;0;0;0;6;0;1;5;0;5;1;2014-11-26 10:00:00;678835;1;33;0;25;0;-1;1;-1;-1;-1;-1;-1;-1;0;0;1;2;0;3;-1;0;0;0;0;0;0;0;1;0;1;0;0;0;1;1;0;1;-1;-1;0;0;-1;-1;-1;-1;-1;-1;-1;-1;-1;33;33;84;84;100;17;100;84;67;12;3.66;6.33;3.34;Zenit U19;Benfica U19;1.5;2.29;1;3;1;3;67;67;17;17;0;100;84;84;0;0;0;4049;6;Y;Y;Y;Y;Y;Y;Y
882026;6988;677021;2014/2015;complete;56366;5;-1;;59,79;0;2;2;-1;-1;-1;-1;-1;0;1;0;0;-1;-1;-1;-1;-1;-1;-1;-1;-1;-1;0;1;0;0;0;0;0;0;0;0;0;0;0;0;0;0;0;0;0;0;0;0;0;0;0;0;0;0;0;0;0;0;0;0;0;0;0;0;0;0;0;0;0;0;0;0;0;0;0;0;0;0;0;0;0;0;0;0;0;0;0;0;0;0;0;0;0;0;0;0;2;0;0;0;2;2;0;2014-11-26 12:00:00;677021;1;75;25;25;0;-1;1;-1;-1;-1;-1;-1;-1;0;0;0;1;0;1;-1;0;0;0;0;0;0;0;0;0;0;0;0;0;1;1;0;0;-1;-1;0;0;-1;-1;-1;-1;-1;-1;-1;-1;-1;0;25;75;88;100;25;88;75;50;8.25;2.5;3;2.88;Atlético Madrid U19;Olympiakos CFP U19;2.25;2;3;1.75;3;1.75;100;75;25;13;0;38;25;13;0;0;0;4049;7;Y;Y;N;N;N;N;N
882027;1590;4222;2014/2015;complete;56366;5;-1;45,50,62,76;;4;0;4;6;5;11;1;0;1;2;0;1;4;5;5;0;9;5;11;18;-1;-1;1;3;0;0;0;0;0;0;0;0;0;0;0;0;0;0;0;0;0;0;0;0;0;0;0;0;0;0;0;0;0;0;0;0;0;0;0;0;0;0;0;0;0;0;0;0;0;0;0;0;0;0;0;0;0;0;0;0;0;0;0;0;0;0;0;0;0;0;0;0;4;1;0;3;0;3;1;2014-11-26 13:00:00;1590;1;50;0;50;0;-1;1;-1;-1;-1;-1;-1;-1;1;2;0;1;3;1;-1;0;0;0;0;0;0;0;1;0;1;0;0;0;1;1;0;0;-1;-1;0;0;-1;-1;-1;-1;-1;-1;-1;-1;-1;25;50;88;88;100;38;100;88;75;13.34;4.25;5.25;3.5;Bayer Leverkusen U19;Monaco  U19;1;1;0.75;1.5;0.75;1.5;75;50;13;13;0;100;84;84;0;0;0;4049;6;Y;Y;Y;Y;N;N;N
882028;678832;678824;2014/2015;complete;56366;5;-1;;26,58,82;0;3;3;1;11;12;0;0;2;1;0;0;0;4;4;7;4;11;12;12;50;50;2;1;0;0;0;0;0;0;0;0;0;0;0;0;0;0;0;0;0;0;0;0;0;0;0;0;0;0;0;0;0;0;0;0;0;0;0;0;0;0;0;0;0;0;0;0;0;0;0;0;0;0;0;0;0;0;0;0;0;0;0;0;0;0;0;0;0;0;0;0;3;0;1;0;2;2;1;2014-11-26 14:00:00;678824;1;38;25;25;0;-1;1;-1;-1;-1;-1;-1;-1;0;0;2;1;0;3;-1;0;0;0;0;0;0;0;0;0;0;0;0;0;1;1;0;0;-1;-1;0;0;-1;-1;-1;-1;-1;-1;-1;-1;-1;63;88;100;100;100;63;88;100;75;3.17;1.75;3.5;4.63;Ludogorets U19;Liverpool U19;0;1.71;0;1.5;0;1.5;38;13;0;0;0;17;17;0;0;0;0;4049;6;Y;Y;Y;N;N;N;N
882029;679653;4668;2014/2015;complete;56366;5;-1;8,45,49;40,42;3;2;5;9;5;14;6;3;3;0;0;1;9;3;2;6;11;9;13;9;50;50;3;2;0;0;0;0;0;0;0;0;0;0;0;0;0;0;0;0;0;0;0;0;0;0;0;0;0;0;0;0;0;0;0;0;0;0;0;0;0;0;0;0;0;0;0;0;0;0;0;0;0;0;0;0;0;0;0;0;0;0;0;0;0;0;0;0;0;0;0;0;5;2;2;1;0;1;4;2014-11-26 14:00:00;679653;1;38;0;50;0;-1;1;-1;-1;-1;-1;-1;-1;0;0;3;1;0;4;-1;0;0;0;0;0;0;0;0;0;0;0;0;0;1;1;1;0;-1;-1;0;0;-1;-1;-1;-1;-1;-1;-1;-1;-1;63;63;75;100;100;38;88;100;75;10.92;1.75;2.25;4.13;Basel U19;Real Madrid U19;2;1.86;2.25;2.25;2.25;2.25;38;38;25;0;0;46;46;29;0;0;0;4049;6;Y;Y;Y;Y;Y;N;Y
882030;679650;1574;2014/2015;complete;56366;5;-1;49;;1;0;1;5;3;8;4;2;0;4;0;0;8;0;7;9;15;9;13;12;-1;-1;0;4;0;0;0;0;0;0;0;0;0;0;0;0;0;0;0;0;0;0;0;0;0;0;0;0;0;0;0;0;0;0;0;0;0;0;0;0;0;0;0;0;0;0;0;0;0;0;0;0;0;0;0;0;0;0;0;0;0;0;0;0;0;0;0;0;0;0;0;0;1;0;0;1;0;1;0;2014-11-26 14:00:00;679650;1;63;25;50;0;-1;1;-1;-1;-1;-1;-1;-1;0;2;0;2;2;2;-1;0;0;0;0;0;0;0;0;0;0;0;0;0;1;1;0;0;-1;-1;0;0;-1;-1;-1;-1;-1;-1;-1;-1;-1;63;63;75;100;100;63;100;75;50;8.58;3.5;3;4.63;Arsenal U19;Borussia Dortmund U19;1.71;0.67;1.5;0.75;1.5;0.75;38;38;25;0;0;59;59;59;0;0;0;4049;6;Y;N;N;N;N;N;N
882031;4198;678845;2014/2015;complete;56366;5;-1;49,56,69;25,34,51,54,63,89;3;6;9;-1;-1;-1;-1;-1;2;2;0;0;-1;-1;-1;-1;-1;-1;-1;-1;-1;-1;2;2;0;0;0;0;0;0;0;0;0;0;0;0;0;0;0;0;0;0;0;0;0;0;0;0;0;0;0;0;0;0;0;0;0;0;0;0;0;0;0;0;0;0;0;0;0;0;0;0;0;0;0;0;0;0;0;0;0;0;0;0;0;0;0;0;0;0;0;0;9;0;2;3;4;7;2;2014-11-26 14:00:00;678845;1;50;0;25;0;-1;1;-1;-1;-1;-1;-1;-1;1;0;1;2;1;3;-1;0;0;0;0;0;0;0;0;0;0;0;0;0;1;1;0;0;-1;-1;0;0;-1;-1;-1;-1;-1;-1;-1;-1;-1;38;63;75;75;88;50;75;88;75;12.5;2.75;3.5;4;PSG U19;Ajax U19;1.33;2.14;1.75;2;1.75;2;63;38;25;25;13;50;50;34;0;0;0;4049;6;Y;Y;Y;Y;Y;Y;Y
882032;6927;8434;2014/2015;complete;56366;5;-1;69,82;50,66;2;2;4;-1;-1;-1;-1;-1;2;2;1;0;-1;-1;-1;-1;-1;-1;-1;-1;-1;-1;3;2;0;0;0;0;0;0;0;0;0;0;0;0;0;0;0;0;0;0;0;0;0;0;0;0;0;0;0;0;0;0;0;0;0;0;0;0;0;0;0;0;0;0;0;0;0;0;0;0;0;0;0;0;0;0;0;0;0;0;0;0;0;0;0;0;0;0;0;0;4;0;0;2;2;4;0;2014-11-26 14:30:00;-1;1;50;50;0;0;-1;1;-1;-1;-1;-1;-1;-1;0;1;3;1;1;4;-1;0;0;0;0;0;0;0;0;0;0;0;0;0;1;1;0;0;-1;-1;0;0;-1;-1;-1;-1;-1;-1;-1;-1;-1;0;25;50;88;100;25;88;75;25;7.33;0.75;5.5;2.63;Malmö FF U19;Juventus U19;0.17;0.83;0;1;0;1;100;75;50;13;0;59;42;25;0;0;0;4049;6;Y;Y;Y;Y;N;N;Y
882033;678199;679650;2014/2015;complete;56366;6;-1;8;40,42,47;1;3;4;-1;-1;-1;-1;-1;4;2;0;0;-1;-1;-1;-1;-1;-1;-1;-1;-1;-1;4;2;0;0;0;0;0;0;0;0;0;0;0;0;0;0;0;0;0;0;0;0;0;0;0;0;0;0;0;0;0;0;0;0;0;0;0;0;0;0;0;0;0;0;0;0;0;0;0;0;0;0;0;0;0;0;0;0;0;0;0;0;0;0;0;0;0;0;0;0;4;1;2;0;1;1;3;2014-12-09 12:00:00;679650;1;60;25;25;0;-1;1;-1;-1;-1;-1;-1;-1;1;2;3;0;3;3;-1;0;0;0;0;0;0;0;0;0;0;0;0;0;1;1;1;0;-1;-1;0;0;-1;-1;-1;-1;-1;-1;-1;-1;-1;50;50;70;90;100;40;90;90;40;7.6;5.2;2;4.2;Galatasaray U19;Arsenal U19;1;1.71;1.2;1.8;1.2;1.8;50;50;30;10;0;54;54;54;0;0;0;4049;6;Y;Y;Y;Y;N;N;Y
882034;678824;679653;2014/2015;complete;56366;6;-1;38,90,90;;3;0;3;11;6;17;4;2;1;5;0;1;6;3;4;4;10;7;13;17;50;50;1;6;0;0;0;0;0;0;0;0;0;0;0;0;0;0;0;0;0;0;0;0;0;0;0;0;0;0;0;0;0;0;0;0;0;0;0;0;0;0;0;0;0;0;0;0;0;0;0;0;0;0;0;0;0;0;0;0;0;0;0;0;0;0;0;0;0;0;0;0;3;1;0;2;0;2;1;2014-12-09 14:00:00;678824;1;50;0;25;0;-1;1;-1;-1;-1;-1;-1;-1;1;4;0;2;5;2;-1;0;0;0;0;0;0;0;0;0;0;0;0;0;1;1;0;0;-1;-1;0;0;-1;-1;-1;-1;-1;-1;-1;-1;-1;70;80;90;100;100;50;90;100;70;11.17;2.8;3.2;4.5;Liverpool U19;Basel U19;1.71;2;1.8;2.4;1.8;2.4;30;20;10;0;0;54;54;42;0;0;0;4049;6;Y;Y;Y;N;N;N;N
882035;4668;678832;2014/2015;complete;56366;6;-1;7,41,49,54,77,90;;6;0;6;-1;-1;-1;-1;-1;1;1;0;0;-1;-1;-1;-1;-1;-1;-1;-1;-1;-1;1;1;0;0;0;0;0;0;0;0;0;0;0;0;0;0;0;0;0;0;0;0;0;0;0;0;0;0;0;0;0;0;0;0;0;0;0;0;0;0;0;0;0;0;0;0;0;0;0;0;0;0;0;0;0;0;0;0;0;0;0;0;0;0;0;0;0;0;0;0;6;2;0;4;0;4;2;2014-12-09 14:00:00;4668;1;30;25;0;0;-1;1;-1;-1;-1;-1;-1;-1;1;0;0;1;1;1;-1;0;0;0;0;0;0;0;0;0;0;0;0;0;1;1;1;0;-1;-1;0;0;-1;-1;-1;-1;-1;-1;-1;-1;-1;50;60;90;100;100;50;90;100;70;6.7;1.8;3;4.1;Real Madrid U19;Ludogorets U19;1.86;0;1.8;0;1.8;0;50;40;10;0;0;45;45;33;0;0;0;4049;6;Y;Y;Y;Y;Y;Y;N
882036;4222;678835;2014/2015;complete;56366;6;-1;88;3,41,53;1;3;4;3;5;8;2;1;3;2;0;0;2;3;6;3;8;6;21;15;-1;-1;3;2;0;0;0;0;0;0;0;0;0;0;0;0;0;0;0;0;0;0;0;0;0;0;0;0;0;0;0;0;0;0;0;0;0;0;0;0;0;0;0;0;0;0;0;0;0;0;0;0;0;0;0;0;0;0;0;0;0;0;0;0;0;0;0;0;0;0;0;0;4;0;2;1;1;2;2;2014-12-09 14:00:00;678835;1;35;0;75;0;-1;1;-1;-1;-1;-1;-1;-1;1;1;2;1;2;3;-1;0;0;0;0;0;0;0;0;0;0;0;0;0;1;1;0;1;-1;-1;0;0;-1;-1;-1;-1;-1;-1;-1;-1;-1;25;45;90;90;100;20;100;90;80;14.75;3.25;4.9;3.63;Monaco  U19;Zenit U19;1;1.5;1.2;1.5;1.2;1.5;75;55;10;10;0;100;100;100;0;0;0;4049;6;Y;Y;Y;Y;N;N;Y
882037;678844;1590;2014/2015;complete;56366;6;-1;54,79,90,90;65;4;1;5;6;7;13;2;3;1;4;0;0;3;9;5;5;8;14;11;20;50;50;1;4;0;0;0;0;0;0;0;0;0;0;0;0;0;0;0;0;0;0;0;0;0;0;0;0;0;0;0;0;0;0;0;0;0;0;0;0;0;0;0;0;0;0;0;0;0;0;0;0;0;0;0;0;0;0;0;0;0;0;0;0;0;0;0;0;0;0;0;0;5;0;0;4;1;5;0;2014-12-09 15:00:00;678844;1;55;0;25;0;-1;1;-1;-1;-1;-1;-1;-1;0;0;1;4;0;5;-1;0;0;0;0;0;0;0;0;0;0;0;0;0;1;1;0;0;-1;-1;0;0;-1;-1;-1;-1;-1;-1;-1;-1;-1;45;65;88;88;100;23;100;88;75;10;4.35;5.6;3.98;Benfica U19;Bayer Leverkusen U19;2.29;1;2.25;1.2;2.25;1.2;55;35;13;13;0;100;75;75;0;0;0;4049;6;Y;Y;Y;Y;Y;N;Y
882038;8434;6988;2014/2015;complete;56366;6;-1;;5,23,47;0;3;3;5;2;7;6;3;1;0;0;0;4;5;10;4;14;9;15;27;50;50;1;0;0;0;0;0;0;0;0;0;0;0;0;0;0;0;0;0;0;0;0;0;0;0;0;0;0;0;0;0;0;0;0;0;0;0;0;0;0;0;0;0;0;0;0;0;0;0;0;0;0;0;0;0;0;0;0;0;0;0;0;0;0;0;0;0;0;0;0;0;3;0;2;0;1;1;2;2014-12-09 17:00:00;6988;1;50;25;0;0;-1;1;-1;-1;-1;-1;-1;-1;0;0;1;0;0;1;-1;0;0;0;0;0;0;0;0;1;0;1;0;0;1;1;0;1;-1;-1;0;0;-1;-1;-1;-1;-1;-1;-1;-1;-1;0;20;50;80;100;10;70;80;50;6.33;0;3.6;2.5;Juventus U19;Atlético Madrid U19;0.83;2.25;1;2.4;1;2.4;100;80;50;20;0;34;17;0;0;0;0;4049;6;Y;Y;Y;N;N;N;N
882039;677021;6927;2014/2015;complete;56366;6;-1;19,67;;2;0;2;13;1;14;2;0;0;3;0;0;17;6;9;3;26;9;9;11;50;50;0;3;0;0;0;0;0;0;0;0;0;0;0;0;0;0;0;0;0;0;0;0;0;0;0;0;0;0;0;0;0;0;0;0;0;0;0;0;0;0;0;0;0;0;0;0;0;0;0;0;0;0;0;0;0;0;0;0;0;0;0;0;0;0;0;0;0;0;0;0;2;1;0;1;0;1;1;2014-12-09 17:00:00;677021;1;70;0;25;0;-1;1;-1;-1;-1;-1;-1;-1;0;1;0;2;1;2;-1;0;0;0;0;0;0;0;0;0;0;0;0;0;1;1;0;0;-1;-1;0;0;-1;-1;-1;-1;-1;-1;-1;-1;-1;0;40;70;100;100;30;70;80;50;9.25;1.8;4.4;3.1;Olympiakos CFP U19;Malmö FF U19;2;0.17;2;0.2;2;0.2;100;60;30;0;0;63;50;38;0;0;0;4049;6;Y;Y;N;N;N;N;N
882040;678845;678831;2014/2015;complete;56366;6;-1;7,43,51,55;21;4;1;5;6;3;9;3;2;0;1;0;0;7;5;4;2;11;7;10;7;50;50;0;1;0;0;0;0;0;0;0;0;0;0;0;0;0;0;0;0;0;0;0;0;0;0;0;0;0;0;0;0;0;0;0;0;0;0;0;0;0;0;0;0;0;0;0;0;0;0;0;0;0;0;0;0;0;0;0;0;0;0;0;0;0;0;0;0;0;0;0;0;5;2;1;2;0;2;3;2014-12-09 17:30:00;678845;1;40;0;25;0;-1;1;-1;-1;-1;-1;-1;-1;0;1;0;0;1;0;-1;0;0;0;0;0;0;0;0;0;0;0;0;0;1;1;1;0;-1;-1;0;0;-1;-1;-1;-1;-1;-1;-1;-1;-1;40;50;70;70;80;60;70;70;60;8.75;3.4;4.4;3.8;Ajax U19;APOEL U19;2.14;0.17;2.2;0.2;2.2;0.2;60;50;30;30;20;63;63;46;0;0;0;4049;6;Y;Y;Y;Y;Y;N;Y
882041;4648;4198;2014/2015;complete;56366;6;-1;;;0;0;0;-1;-1;-1;-1;-1;3;2;0;1;-1;-1;-1;-1;-1;-1;-1;-1;-1;-1;3;4;0;0;0;0;0;0;0;0;0;0;0;0;0;0;0;0;0;0;0;0;0;0;0;0;0;0;0;0;0;0;0;0;0;0;0;0;0;0;0;0;0;0;0;0;0;0;0;0;0;0;0;0;0;0;0;0;0;0;0;0;0;0;0;0;0;0;0;0;0;0;0;0;0;0;0;2014-12-09 19:00:00;-1;1;60;0;25;0;-1;1;-1;-1;-1;-1;-1;-1;1;2;2;1;3;3;-1;0;0;0;0;0;0;0;0;0;0;0;0;0;1;1;0;0;-1;-1;0;0;-1;-1;-1;-1;-1;-1;-1;-1;-1;40;70;90;90;100;60;90;90;80;10.7;3.2;3.8;4.6;Barcelona U19;PSG U19;1.29;1.33;1.6;1.4;1.6;1.4;60;30;10;10;0;20;20;10;0;0;0;4049;6;N;N;N;N;N;N;N
882042;8443;678825;2014/2015;complete;56366;6;-1;;71,76,82,90;0;4;4;6;2;8;1;3;3;1;0;0;11;6;7;4;18;10;11;23;50;50;3;1;0;0;0;0;0;0;0;0;0;0;0;0;0;0;0;0;0;0;0;0;0;0;0;0;0;0;0;0;0;0;0;0;0;0;0;0;0;0;0;0;0;0;0;0;0;0;0;0;0;0;0;0;0;0;0;0;0;0;0;0;0;0;0;0;0;0;0;0;4;0;0;0;4;4;0;2014-12-10 11:00:00;678825;1;60;25;25;0;-1;1;-1;-1;-1;-1;-1;-1;0;0;3;1;0;4;-1;0;0;0;0;0;0;0;0;0;0;0;0;0;1;1;0;0;-1;-1;0;0;-1;-1;-1;-1;-1;-1;-1;-1;-1;40;50;70;90;100;40;70;90;70;16;2.4;4.4;3.7;Roma U19;Manchester City U19;1.44;2.38;1.8;3;1.8;3;60;50;30;10;0;75;75;75;0;0;0;4049;8;Y;Y;Y;Y;N;N;N
882043;678846;1752;2014/2015;complete;56366;6;-1;90;47;1;1;2;-1;-1;-1;-1;-1;1;2;0;0;-1;-1;-1;-1;-1;-1;-1;-1;-1;-1;1;2;0;0;0;0;0;0;0;0;0;0;0;0;0;0;0;0;0;0;0;0;0;0;0;0;0;0;0;0;0;0;0;0;0;0;0;0;0;0;0;0;0;0;0;0;0;0;0;0;0;0;0;0;0;0;0;0;0;0;0;0;0;0;0;0;0;0;0;0;2;0;0;1;1;2;0;2014-12-10 11:00:00;-1;1;40;25;0;0;-1;1;-1;-1;-1;-1;-1;-1;0;1;1;1;1;2;-1;0;0;0;0;0;0;0;1;0;1;0;0;0;1;1;0;0;-1;-1;0;0;-1;-1;-1;-1;-1;-1;-1;-1;-1;20;30;30;80;90;40;90;60;30;14.25;1.6;3.8;2.6;Porto U19;Shakhtar Donetsk U19;1.25;1.9;1.6;2.6;1.6;2.6;80;70;70;20;10;75;65;65;0;0;0;4049;8;Y;Y;N;N;N;N;Y
882044;4670;679649;2014/2015;complete;56366;6;-1;74,79,86,90;;4;0;4;-1;-1;-1;-1;-1;0;4;0;1;-1;-1;-1;-1;-1;-1;-1;-1;-1;-1;0;5;0;0;0;0;0;0;0;0;0;0;0;0;0;0;0;0;0;0;0;0;0;0;0;0;0;0;0;0;0;0;0;0;0;0;0;0;0;0;0;0;0;0;0;0;0;0;0;0;0;0;0;0;0;0;0;0;0;0;0;0;0;0;0;0;0;0;0;0;4;0;0;4;0;4;0;2014-12-10 11:00:00;4670;1;40;0;0;0;-1;1;-1;-1;-1;-1;-1;-1;0;0;0;5;0;5;-1;0;0;0;0;0;0;0;1;0;1;0;0;0;1;1;0;0;-1;-1;0;0;-1;-1;-1;-1;-1;-1;-1;-1;-1;20;30;50;80;90;20;90;80;50;9.55;3.6;4.6;2.8;Athletic Club U19;BATE U19;1.5;0.17;1.2;0.2;1.2;0.2;80;70;50;20;10;78;65;65;0;0;0;4049;6;Y;Y;Y;Y;N;N;N
882045;679648;1596;2014/2015;complete;56366;6;-1;85;39,41,48,57,78;1;5;6;2;12;14;2;7;1;0;0;0;3;5;2;3;5;8;7;21;-1;-1;1;0;0;0;0;0;0;0;0;0;0;0;0;0;0;0;0;0;0;0;0;0;0;0;0;0;0;0;0;0;0;0;0;0;0;0;0;0;0;0;0;0;0;0;0;0;0;0;0;0;0;0;0;0;0;0;0;0;0;0;0;0;0;0;0;0;0;0;0;0;6;0;2;1;3;4;2;2014-12-10 12:00:00;1596;1;40;25;25;0;-1;1;-1;-1;-1;-1;-1;-1;0;0;1;0;0;1;-1;0;0;0;0;0;0;0;0;0;0;0;0;0;1;1;0;0;-1;-1;0;0;-1;-1;-1;-1;-1;-1;-1;-1;-1;60;70;80;100;100;80;90;90;70;10;2.4;4;4.3;Maribor U19;Schalke 04 U19;0;2.29;0;2.4;0;2.4;40;30;20;0;0;50;50;50;0;0;0;4049;6;Y;Y;Y;Y;Y;Y;Y
882046;678819;679647;2014/2015;complete;56366;6;-1;18,23,45,56,71,79;;6;0;6;-1;-1;-1;-1;-1;1;5;0;0;-1;-1;-1;-1;-1;-1;-1;-1;-1;-1;1;5;0;0;0;0;0;0;0;0;0;0;0;0;0;0;0;0;0;0;0;0;0;0;0;0;0;0;0;0;0;0;0;0;0;0;0;0;0;0;0;0;0;0;0;0;0;0;0;0;0;0;0;0;0;0;0;0;0;0;0;0;0;0;0;0;0;0;0;0;6;3;0;3;0;3;3;2014-12-10 13:05:00;678819;1;40;25;25;0;-1;1;-1;-1;-1;-1;-1;-1;1;1;0;4;2;4;-1;0;0;0;0;0;0;0;0;0;0;0;0;0;1;1;0;0;-1;-1;0;0;-1;-1;-1;-1;-1;-1;-1;-1;-1;60;70;80;100;100;80;90;90;50;13.25;2.6;4.8;4.3;Chelsea U19;Sporting CP U19;2.7;1;2.4;1.2;2.4;1.2;40;30;20;0;0;75;75;75;0;0;0;4049;6;Y;Y;Y;Y;Y;Y;N
882047;1573;679651;2014/2015;complete;56366;6;-1;34,54,56;2,68;3;2;5;3;3;6;3;2;1;1;0;0;6;2;4;3;10;5;8;18;50;50;1;1;0;0;0;0;0;0;0;0;0;0;0;0;0;0;0;0;0;0;0;0;0;0;0;0;0;0;0;0;0;0;0;0;0;0;0;0;0;0;0;0;0;0;0;0;0;0;0;0;0;0;0;0;0;0;0;0;0;0;0;0;0;0;0;0;0;0;0;0;5;1;1;2;1;3;2;2014-12-10 13:30:00;1573;1;60;50;75;0;-1;1;-1;-1;-1;-1;-1;-1;1;0;0;1;1;1;-1;0;0;0;0;0;0;0;1;0;1;0;0;0;1;1;0;1;-1;-1;0;0;-1;-1;-1;-1;-1;-1;-1;-1;-1;40;70;70;90;100;60;90;90;70;7.83;3.4;4.2;3.9;Bayern München U19;CSKA Moskva U19;1;0.5;0.6;0.6;0.6;0.6;60;30;30;10;0;67;67;67;0;0;0;4049;6;Y;Y;Y;Y;Y;N;Y
882048;1574;679652;2014/2015;complete;56366;6;-1;3;51;1;1;2;0;2;2;3;5;4;3;2;0;3;3;2;1;5;4;17;20;-1;-1;6;3;0;0;0;0;0;0;0;0;0;0;0;0;0;0;0;0;0;0;0;0;0;0;0;0;0;0;0;0;0;0;0;0;0;0;0;0;0;0;0;0;0;0;0;0;0;0;0;0;0;0;0;0;0;0;0;0;0;0;0;0;0;0;0;0;0;0;0;0;2;1;0;0;1;1;1;2014-12-10 16:00:00;-1;1;40;25;25;0;-1;1;-1;-1;-1;-1;-1;-1;3;2;3;1;5;4;-1;0;0;0;0;0;0;0;0;0;0;0;0;0;1;1;1;0;-1;-1;0;0;-1;-1;-1;-1;-1;-1;-1;-1;-1;50;50;70;90;100;60;90;90;40;8.5;4.6;4.4;4;Borussia Dortmund U19;Anderlecht U19;0.67;2.11;0.6;2.4;0.6;2.4;50;50;30;10;0;25;25;25;0;0;0;4049;6;Y;Y;N;N;N;N;Y
882049;6988;679650;2014/2015;complete;56367;0;-1;1;;1;0;1;-1;-1;-1;-1;-1;4;1;1;0;-1;-1;-1;-1;-1;-1;-1;-1;-1;-1;6;1;0;0;0;0;0;0;0;0;0;0;0;0;0;0;0;0;0;0;0;0;0;0;0;0;0;0;0;0;0;0;0;0;0;0;0;0;0;0;0;0;0;0;0;0;0;0;0;0;0;0;0;0;0;0;0;0;0;0;0;0;0;0;0;0;0;0;0;0;1;1;0;0;0;0;1;2015-01-27 18:00:00;6988;1;59;34;17;0;-1;1;-1;-1;-1;-1;-1;-1;1;0;4;1;1;5;-1;0;0;0;0;0;0;0;0;0;0;0;0;0;1;1;1;0;-1;-1;0;0;-1;-1;-1;-1;-1;-1;-1;-1;-1;17;34;67;83;100;50;83;83;34;6.1;2.17;1.67;3.25;Atlético Madrid U19;Arsenal U19;2.25;1.71;2.5;2;2.5;2;84;67;33;17;0;20;20;20;0;0;0;4049;7;Y;N;N;N;N;N;N
882050;4668;678846;2014/2015;complete;56367;0;-1;60;81;1;1;2;5;4;9;4;3;3;2;1;0;6;2;4;1;10;3;10;5;50;50;4;2;0;0;0;0;0;0;0;0;0;0;0;0;0;0;0;0;0;0;0;0;0;0;0;0;0;0;0;0;0;0;0;0;0;0;0;0;0;0;0;0;0;0;0;0;0;0;0;0;0;0;0;0;0;0;0;0;0;0;0;0;0;0;0;0;0;0;0;0;2;0;0;1;1;2;0;2015-02-17 17:00:00;-1;1;50;33;0;0;-1;1;-1;-1;-1;-1;-1;-1;2;1;2;1;3;3;-1;0;0;0;0;0;0;0;0;1;0;1;0;0;1;1;0;0;-1;-1;0;1;-1;-1;-1;-1;-1;-1;-1;-1;-1;34;42;50;92;92;42;84;84;50;12.45;0.84;3.34;3.17;Real Madrid U19;Porto U19;1.86;1.25;2;1.5;2;1.5;67;58;50;9;9;45;45;45;0;0;0;4049;7;Y;Y;N;N;N;N;Y
882051;1752;677021;2014/2015;complete;56367;0;-1;27;11;1;1;2;6;5;11;0;3;1;1;0;0;5;2;3;11;8;13;13;17;50;50;1;1;0;0;0;0;0;0;0;0;0;0;0;0;0;0;0;0;0;0;0;0;0;0;0;0;0;0;0;0;0;0;0;0;0;0;0;0;0;0;0;0;0;0;0;0;0;0;0;0;0;0;0;0;0;0;0;0;0;0;0;0;0;0;0;0;0;0;0;0;2;1;1;0;0;0;2;2015-02-23 10:00:00;-1;1;50;33;0;0;-1;1;-1;-1;-1;-1;-1;-1;0;0;1;1;0;2;-1;0;0;0;0;0;0;0;1;0;1;0;0;0;1;1;0;0;-1;-1;0;0;-1;-1;-1;-1;-1;-1;-1;-1;-1;17;25;42;92;100;34;75;75;50;13.8;3.33;3;2.84;Shakhtar Donetsk U19;Olympiakos CFP U19;1.9;2;2.33;2.17;2.33;2.17;84;75;59;9;0;90;70;60;0;0;0;4049;7;Y;Y;N;N;N;N;Y
882053;679652;4648;2014/2015;complete;56367;0;-1;53;;1;0;1;3;5;8;4;0;1;1;0;0;6;4;4;5;10;9;19;16;-1;-1;1;1;0;0;0;0;0;0;0;0;0;0;0;0;0;0;0;0;0;0;0;0;0;0;0;0;0;0;0;0;0;0;0;0;0;0;0;0;0;0;0;0;0;0;0;0;0;0;0;0;0;0;0;0;0;0;0;0;0;0;0;0;0;0;0;0;0;0;0;0;1;0;0;1;0;1;0;2015-02-23 19:00:00;679652;1;50;33;17;0;-1;1;-1;-1;-1;-1;-1;-1;1;0;0;1;1;1;-1;0;0;0;0;0;0;0;0;0;0;0;0;0;1;1;0;0;-1;-1;0;0;-1;-1;-1;-1;-1;-1;-1;-1;-1;25;42;67;84;92;59;84;84;34;8.6;5.33;4.34;3.25;Anderlecht U19;Barcelona U19;2.11;1.29;2.17;1.5;2.17;1.5;75;59;33;17;9;20;20;10;0;0;0;4049;7;Y;N;N;N;N;N;N
882055;678844;678824;2014/2015;complete;56367;0;-1;5,75;9;2;1;3;6;5;11;1;5;3;1;0;0;6;7;9;1;15;8;9;13;50;50;3;1;0;0;0;0;0;0;0;0;0;0;0;0;0;0;0;0;0;0;0;0;0;0;0;0;0;0;0;0;0;0;0;0;0;0;0;0;0;0;0;0;0;0;0;0;0;0;0;0;0;0;0;0;0;0;0;0;0;0;0;0;0;0;0;0;0;0;0;0;3;1;1;1;0;1;2;2015-02-24 15:00:00;678844;1;55;17;42;0;-1;1;-1;-1;-1;-1;-1;-1;2;0;1;1;2;2;-1;0;0;0;0;0;0;0;0;0;0;0;0;0;1;1;1;1;-1;-1;0;0;-1;-1;-1;-1;-1;-1;-1;-1;-1;55;64;90;90;100;35;90;90;72;10.85;4.27;4.1;4.09;Benfica U19;Liverpool U19;2.29;1.71;2.4;2;2.4;2;45;37;10;10;0;75;65;65;0;0;0;4049;7;Y;Y;Y;N;N;N;Y
882057;678825;1596;2014/2015;complete;56367;0;-1;33;90;1;1;2;2;3;5;0;0;5;1;0;0;4;5;5;9;9;14;21;18;50;50;5;1;0;0;0;0;0;0;0;0;0;0;0;0;0;0;0;0;0;0;0;0;0;0;0;0;0;0;0;0;0;0;0;0;0;0;0;0;0;0;0;0;0;0;0;0;0;0;0;0;0;0;0;0;0;0;0;0;0;0;0;0;0;0;0;0;0;0;0;0;2;1;0;0;1;1;1;2015-02-24 16:00:00;-1;1;50;33;50;0;-1;1;-1;-1;-1;-1;-1;-1;1;0;4;1;1;5;-1;0;0;0;0;0;0;0;0;0;0;0;0;0;1;1;0;0;-1;-1;0;0;-1;-1;-1;-1;-1;-1;-1;-1;-1;59;67;83;100;100;67;75;100;83;16;5.33;3.84;4.33;Manchester City U19;Schalke 04 U19;2.38;2.29;3;2.5;3;2.5;42;33;17;0;0;54;54;54;0;0;0;4049;7;Y;Y;N;N;N;N;Y
882058;678845;8443;2014/2015;complete;56367;0;-1;;;0;0;0;2;6;8;0;0;3;4;0;0;6;5;4;5;10;10;18;14;50;50;3;4;0;0;0;0;0;0;0;0;0;0;0;0;0;0;0;0;0;0;0;0;0;0;0;0;0;0;0;0;0;0;0;0;0;0;0;0;0;0;0;0;0;0;0;0;0;0;0;0;0;0;0;0;0;0;0;0;0;0;0;0;0;0;0;0;0;0;0;0;0;0;0;0;0;0;0;2015-02-24 17:30:00;-1;1;59;17;50;0;-1;1;-1;-1;-1;-1;-1;-1;0;1;3;3;1;6;-1;0;0;0;0;0;0;0;0;0;0;0;0;0;1;1;0;0;-1;-1;0;0;-1;-1;-1;-1;-1;-1;-1;-1;-1;34;59;67;75;92;42;59;83;67;14.25;1.16;3.17;3.75;Ajax U19;Roma U19;2.14;1.44;2.33;1.5;2.33;1.5;67;42;33;25;9;75;63;50;0;0;0;4049;7;N;N;N;N;N;N;N
882060;678819;678835;2014/2015;complete;56367;0;-1;21,49,72;13;3;1;4;-1;-1;-1;-1;-1;1;3;0;1;-1;-1;-1;-1;-1;-1;-1;-1;-1;-1;1;4;0;0;0;0;0;0;0;0;0;0;0;0;0;0;0;0;0;0;0;0;0;0;0;0;0;0;0;0;0;0;0;0;0;0;0;0;0;0;0;0;0;0;0;0;0;0;0;0;0;0;0;0;0;0;0;0;0;0;0;0;0;0;0;0;0;0;0;0;4;1;1;2;0;2;2;2015-02-25 19:00:00;678819;1;39;17;50;0;-1;1;-1;-1;-1;-1;-1;-1;1;1;0;3;2;3;-1;0;0;0;0;0;0;0;1;0;1;0;0;0;1;1;0;0;-1;-1;0;0;-1;-1;-1;-1;-1;-1;-1;-1;-1;54;64;84;100;100;52;92;92;84;12.2;2.87;3.57;4.35;Chelsea U19;Zenit U19;2.7;1.5;2.5;1.8;2.5;1.8;47;37;17;0;0;65;65;65;0;0;0;4049;6;Y;Y;Y;Y;N;N;Y
882062;678819;6988;2014/2015;complete;56367;0;-1;38,89;;2;0;2;-1;-1;-1;-1;-1;1;2;0;0;-1;-1;-1;-1;-1;-1;-1;-1;-1;-1;1;2;0;0;0;0;0;0;0;0;0;0;0;0;0;0;0;0;0;0;0;0;0;0;0;0;0;0;0;0;0;0;0;0;0;0;0;0;0;0;0;0;0;0;0;0;0;0;0;0;0;0;0;0;0;0;0;0;0;0;0;0;0;0;0;0;0;0;0;0;2;1;0;1;0;1;1;2015-03-10 15:00:00;678819;1;36;42;0;0;-1;1;-1;-1;-1;-1;-1;-1;0;0;1;2;0;3;-1;0;0;0;0;0;0;0;0;0;0;0;0;0;1;1;0;0;-1;-1;0;0;-1;-1;-1;-1;-1;-1;-1;-1;-1;29;43;64;86;100;58;86;79;57;7.5;1.29;2.57;3.43;Chelsea U19;Atlético Madrid U19;2.7;2.25;2.57;2.57;2.57;2.57;72;58;36;15;0;25;25;25;0;0;0;4049;8;Y;Y;N;N;N;N;N
882064;678844;1752;2014/2015;complete;56367;0;-1;42;64;1;1;2;11;1;12;5;1;3;3;0;0;8;4;5;4;13;8;13;8;50;50;3;3;0;0;0;0;0;0;0;0;0;0;0;0;0;0;0;0;0;0;0;0;0;0;0;0;0;0;0;0;0;0;0;0;0;0;0;0;0;0;0;0;0;0;0;0;0;0;0;0;0;0;0;0;0;0;0;0;0;0;0;0;0;0;0;0;0;0;0;0;2;1;0;0;1;1;1;2015-03-17 16:00:00;-1;1;62;33;33;0;-1;1;-1;-1;-1;-1;-1;-1;0;0;3;3;0;6;-1;0;0;0;0;0;0;0;0;0;0;0;0;0;1;1;0;0;-1;-1;0;0;-1;-1;-1;-1;-1;-1;-1;-1;-1;40;40;56;85;100;45;85;70;47;11.66;3.47;4.1;3.35;Benfica U19;Shakhtar Donetsk U19;2.29;1.9;2.5;2.14;2.5;2.14;61;61;44;16;0;100;83;83;0;0;0;4049;7;Y;Y;N;N;N;N;Y
882066;8443;678825;2014/2015;complete;56367;0;-1;62,86;90;2;1;3;4;3;7;0;0;2;4;1;2;3;7;6;4;9;11;12;19;50;50;4;6;0;0;0;0;0;0;0;0;0;0;0;0;0;0;0;0;0;0;0;0;0;0;0;0;0;0;0;0;0;0;0;0;0;0;0;0;0;0;0;0;0;0;0;0;0;0;0;0;0;0;0;0;0;0;0;0;0;0;0;0;0;0;0;0;0;0;0;0;3;0;0;2;1;3;0;2015-03-17 17:00:00;8443;1;50;17;17;0;-1;1;-1;-1;-1;-1;-1;-1;0;1;3;5;1;8;-1;0;0;0;0;0;0;0;0;1;0;1;0;0;1;1;0;0;-1;-1;0;0;-1;-1;-1;-1;-1;-1;-1;-1;-1;29;50;64;86;93;29;57;86;64;12.33;2.29;5;3.36;Roma U19;Manchester City U19;1.44;2.38;1.43;2.71;1.43;2.71;72;50;36;15;7;33;33;33;0;0;0;4049;8;Y;Y;Y;N;N;N;Y
882068;679652;678846;2014/2015;complete;56367;0;-1;4,16,25,55,62;;5;0;5;-1;-1;-1;-1;-1;2;2;0;0;-1;-1;-1;-1;-1;-1;-1;-1;-1;-1;2;2;0;0;0;0;0;0;0;0;0;0;0;0;0;0;0;0;0;0;0;0;0;0;0;0;0;0;0;0;0;0;0;0;0;0;0;0;0;0;0;0;0;0;0;0;0;0;0;0;0;0;0;0;0;0;0;0;0;0;0;0;0;0;0;0;0;0;0;0;5;3;0;2;0;2;3;2015-03-18 18:00:00;679652;1;50;25;13;0;-1;1;-1;-1;-1;-1;-1;-1;0;1;2;1;1;3;-1;0;0;0;0;0;0;0;2;0;2;0;0;0;1;1;1;0;-1;-1;0;0;-1;-1;-1;-1;-1;-1;-1;-1;-1;15;22;36;86;93;36;72;86;29;9.93;3.71;4.14;2.65;Anderlecht U19;Porto U19;2.11;1.25;2.29;1.43;2.29;1.43;86;79;65;14;7;30;20;20;0;0;0;4049;8;Y;Y;Y;Y;Y;N;N
882070;679652;1752;2014/2015;complete;56367;0;-1;55;76,80,87;1;3;4;10;1;11;0;2;3;1;0;0;6;4;6;3;12;7;20;7;-1;-1;3;1;0;0;0;0;0;0;0;0;0;0;0;0;0;0;0;0;0;0;0;0;0;0;0;0;0;0;0;0;0;0;0;0;0;0;0;0;0;0;0;0;0;0;0;0;0;0;0;0;0;0;0;0;0;0;0;0;0;0;0;0;0;0;0;0;0;0;0;0;4;0;0;1;3;4;0;2015-04-10 11:00:00;1752;1;51;23;13;0;-1;1;-1;-1;-1;-1;-1;-1;1;0;2;1;1;3;-1;0;0;0;0;0;0;0;0;0;0;0;0;0;1;1;0;0;-1;-1;0;0;-1;-1;-1;-1;-1;-1;-1;-1;-1;32;32;44;88;100;57;88;82;32;9.33;4.13;3.63;3.13;Anderlecht U19;Shakhtar Donetsk U19;2.11;1.9;2.38;2;2.38;2;69;69;57;13;0;50;43;43;0;0;0;4049;9;Y;Y;Y;Y;N;N;Y
882072;8443;678819;2014/2015;complete;56367;0;-1;;47,49,56,83;0;4;4;-1;-1;-1;-1;-1;3;1;0;0;-1;-1;-1;-1;-1;-1;-1;-1;-1;-1;3;1;0;0;0;0;0;0;0;0;0;0;0;0;0;0;0;0;0;0;0;0;0;0;0;0;0;0;0;0;0;0;0;0;0;0;0;0;0;0;0;0;0;0;0;0;0;0;0;0;0;0;0;0;0;0;0;0;0;0;0;0;0;0;0;0;0;0;0;0;4;0;0;0;4;4;0;2015-04-10 15:15:00;678819;1;38;13;13;0;-1;1;-1;-1;-1;-1;-1;-1;1;0;2;1;1;3;-1;0;0;0;0;0;0;0;0;0;0;0;0;0;1;1;0;0;-1;-1;0;0;-1;-1;-1;-1;-1;-1;-1;-1;-1;32;51;63;88;94;44;63;82;63;11.25;0.87;3.38;3.44;Roma U19;Chelsea U19;1.44;2.7;1.63;2.63;1.63;2.63;69;51;38;13;7;38;38;38;0;0;0;4049;9;Y;Y;Y;Y;N;N;N
882074;1752;678819;2014/2015;complete;56367;0;-1;37,90;7,47,55;2;3;5;3;2;5;2;0;2;0;0;0;2;6;6;10;8;16;14;11;50;50;2;0;0;0;0;0;0;0;0;0;0;0;0;0;0;0;0;0;0;0;0;0;0;0;0;0;0;0;0;0;0;0;0;0;0;0;0;0;0;0;0;0;0;0;0;0;0;0;0;0;0;0;0;0;0;0;0;0;0;0;0;0;0;0;0;0;0;0;0;0;5;1;1;1;2;3;2;2015-04-13 14:00:00;678819;1;45;25;0;0;-1;1;-1;-1;-1;-1;-1;-1;0;0;2;0;0;2;-1;0;0;0;0;0;0;0;0;0;0;0;0;0;1;1;0;1;-1;-1;0;0;-1;-1;-1;-1;-1;-1;-1;-1;-1;33;50;50;95;100;56;78;78;56;10.38;2;2.67;3.5;Shakhtar Donetsk U19;Chelsea U19;1.9;2.7;2.11;2.67;2.11;2.67;67;50;50;6;0;75;69;69;0;0;0;4049;10;Y;Y;Y;Y;Y;N;Y
