ID;HOMEID;AWAYID;SEASON;STATUS;ROUNDID;GAME_WEEK;REVISED_GAME_WEEK;HOMEGOALS;AWAYGOALS;HOMEGOALCOUNT;AWAYGOALCOUNT;TOTALGOALCOUNT;TEAM_A_CORNERS;TEAM_B_CORNERS;TOTALCORNERCOUNT;TEAM_A_OFFSIDES;TEAM_B_OFFSIDES;TEAM_A_YELLOW_CARDS;TEAM_B_YELLOW_CARDS;TEAM_A_RED_CARDS;TEAM_B_RED_CARDS;TEAM_A_SHOTSONTARGET;TEAM_B_SHOTSONTARGET;TEAM_A_SHOTSOFFTARGET;TEAM_B_SHOTSOFFTARGET;TEAM_A_SHOTS;TEAM_B_SHOTS;TEAM_A_FOULS;TEAM_B_FOULS;TEAM_A_POSSESSION;TEAM_B_POSSESSION;TEAM_A_CARDS_NUM;TEAM_B_CARDS_NUM;ODDS_FT_1;ODDS_FT_X;ODDS_FT_2;ODDS_FT_OVER05;ODDS_FT_OVER15;ODDS_FT_OVER25;ODDS_FT_OVER35;ODDS_FT_OVER45;ODDS_FT_UNDER05;ODDS_FT_UNDER15;ODDS_FT_UNDER25;ODDS_FT_UNDER35;ODDS_FT_UNDER45;ODDS_BTTS_YES;ODDS_BTTS_NO;ODDS_TEAM_A_CS_YES;ODDS_TEAM_A_CS_NO;ODDS_TEAM_B_CS_YES;ODDS_TEAM_B_CS_NO;ODDS_DOUBLECHANCE_1X;ODDS_DOUBLECHANCE_12;ODDS_DOUBLECHANCE_X2;ODDS_1ST_HALF_RESULT_1;ODDS_1ST_HALF_RESULT_X;ODDS_1ST_HALF_RESULT_2;ODDS_2ND_HALF_RESULT_1;ODDS_2ND_HALF_RESULT_X;ODDS_2ND_HALF_RESULT_2;ODDS_DNB_1;ODDS_DNB_2;ODDS_CORNERS_OVER_75;ODDS_CORNERS_OVER_85;ODDS_CORNERS_OVER_95;ODDS_CORNERS_OVER_105;ODDS_CORNERS_OVER_115;ODDS_CORNERS_UNDER_75;ODDS_CORNERS_UNDER_85;ODDS_CORNERS_UNDER_95;ODDS_CORNERS_UNDER_105;ODDS_CORNERS_UNDER_115;ODDS_CORNERS_1;ODDS_CORNERS_X;ODDS_CORNERS_2;ODDS_TEAM_TO_SCORE_FIRST_1;ODDS_TEAM_TO_SCORE_FIRST_X;ODDS_TEAM_TO_SCORE_FIRST_2;ODDS_WIN_TO_NIL_1;ODDS_WIN_TO_NIL_2;ODDS_1ST_HALF_OVER05;ODDS_1ST_HALF_OVER15;ODDS_1ST_HALF_OVER25;ODDS_1ST_HALF_OVER35;ODDS_1ST_HALF_UNDER05;ODDS_1ST_HALF_UNDER15;ODDS_1ST_HALF_UNDER25;ODDS_1ST_HALF_UNDER35;ODDS_2ND_HALF_OVER05;ODDS_2ND_HALF_OVER15;ODDS_2ND_HALF_OVER25;ODDS_2ND_HALF_OVER35;ODDS_2ND_HALF_UNDER05;ODDS_2ND_HALF_UNDER15;ODDS_2ND_HALF_UNDER25;ODDS_2ND_HALF_UNDER35;ODDS_BTTS_1ST_HALF_YES;ODDS_BTTS_1ST_HALF_NO;ODDS_BTTS_2ND_HALF_YES;ODDS_BTTS_2ND_HALF_NO;OVERALLGOALCOUNT;HT_GOALS_TEAM_A;HT_GOALS_TEAM_B;GOALS_2HG_TEAM_A;GOALS_2HG_TEAM_B;GOALCOUNT_2HG;HTGOALCOUNT;DATE_UNIX;WINNINGTEAM;NO_HOME_AWAY;BTTS_POTENTIAL;BTTS_FHG_POTENTIAL;BTTS_2HG_POTENTIAL;GOALTIMINGDISABLED;CORNER_TIMINGS_RECORDED;CARD_TIMINGS_RECORDED;TEAM_A_FH_CORNERS;TEAM_B_FH_CORNERS;TEAM_A_2H_CORNERS;TEAM_B_2H_CORNERS;CORNER_FH_COUNT;CORNER_2H_COUNT;TEAM_A_FH_CARDS;TEAM_B_FH_CARDS;TEAM_A_2H_CARDS;TEAM_B_2H_CARDS;TOTAL_FH_CARDS;TOTAL_2H_CARDS;ATTACKS_RECORDED;TEAM_A_DANGEROUS_ATTACKS;TEAM_B_DANGEROUS_ATTACKS;TEAM_A_ATTACKS;TEAM_B_ATTACKS;TEAM_A_XG;TEAM_B_XG;TOTAL_XG;TEAM_A_PENALTIES_WON;TEAM_B_PENALTIES_WON;TEAM_A_PENALTY_GOALS;TEAM_B_PENALTY_GOALS;TEAM_A_PENALTY_MISSED;TEAM_B_PENALTY_MISSED;PENS_RECORDED;GOAL_TIMINGS_RECORDED;TEAM_A_0_10_MIN_GOALS;TEAM_B_0_10_MIN_GOALS;TEAM_A_CORNERS_0_10_MIN;TEAM_B_CORNERS_0_10_MIN;TEAM_A_CARDS_0_10_MIN;TEAM_B_CARDS_0_10_MIN;THROWINS_RECORDED;TEAM_A_THROWINS;TEAM_B_THROWINS;FREEKICKS_RECORDED;TEAM_A_FREEKICKS;TEAM_B_FREEKICKS;GOALKICKS_RECORDED;TEAM_A_GOALKICKS;TEAM_B_GOALKICKS;O45_POTENTIAL;O35_POTENTIAL;O25_POTENTIAL;O15_POTENTIAL;O05_POTENTIAL;O15HT_POTENTIAL;O05HT_POTENTIAL;O05_2H_POTENTIAL;O15_2H_POTENTIAL;CORNERS_POTENTIAL;OFFSIDES_POTENTIAL;CARDS_POTENTIAL;AVG_POTENTIAL;HOME_NAME;AWAY_NAME;HOME_PPG;AWAY_PPG;PRE_MATCH_HOME_PPG;PRE_MATCH_AWAY_PPG;PRE_MATCH_TEAMA_OVERALL_PPG;PRE_MATCH_TEAMB_OVERALL_PPG;U45_POTENTIAL;U35_POTENTIAL;U25_POTENTIAL;U15_POTENTIAL;U05_POTENTIAL;CORNERS_O85_POTENTIAL;CORNERS_O95_POTENTIAL;CORNERS_O105_POTENTIAL;TEAM_A_XG_PREMATCH;TEAM_B_XG_PREMATCH;TOTAL_XG_PREMATCH;COMPETITION_ID;MATCHES_COMPLETED_MINIMUM;OVER05;OVER15;OVER25;OVER35;OVER45;OVER55;BTTS
882198;3715;678825;2013/2014;complete;56383;1;-1;51;10,31,54,63;1;4;5;8;7;15;2;1;1;1;0;0;4;9;8;10;12;19;12;11;50;50;1;1;0;0;0;0;0;0;0;0;0;0;0;0;0;0;0;0;0;0;0;0;0;0;0;0;0;0;0;0;0;0;0;0;0;0;0;0;0;0;0;0;0;0;0;0;0;0;0;0;0;0;0;0;0;0;0;0;0;0;0;0;0;0;0;0;0;0;0;0;5;0;2;1;2;3;2;2013-09-17 09:30:00;678825;1;0;0;0;0;-1;1;-1;-1;-1;-1;-1;-1;0;0;1;1;0;2;-1;0;0;0;0;0;0;0;0;0;0;0;0;0;1;1;0;1;-1;-1;0;0;-1;-1;-1;-1;-1;-1;-1;-1;-1;0;0;0;0;0;0;0;0;0;0;0;0;0;Viktoria Plzeň U19;Manchester City U19;0;1.75;0;0;0;0;0;0;0;0;0;0;0;0;0;0;0;4054;6;Y;Y;Y;Y;Y;N;Y
882201;1573;679651;2013/2014;complete;56383;1;-1;;64,88;0;2;2;6;7;13;0;2;2;2;0;0;4;3;5;2;9;5;12;16;50;50;2;2;0;0;0;0;0;0;0;0;0;0;0;0;0;0;0;0;0;0;0;0;0;0;0;0;0;0;0;0;0;0;0;0;0;0;0;0;0;0;0;0;0;0;0;0;0;0;0;0;0;0;0;0;0;0;0;0;0;0;0;0;0;0;0;0;0;0;0;0;2;0;0;0;2;2;0;2013-09-17 12:00:00;679651;1;0;0;0;0;-1;1;-1;-1;-1;-1;-1;-1;0;1;2;1;1;3;-1;0;0;0;0;0;0;0;0;0;0;0;0;0;1;1;0;0;-1;-1;0;0;-1;-1;-1;-1;-1;-1;-1;-1;-1;0;0;0;0;0;0;0;0;0;0;0;0;0;Bayern München U19;CSKA Moskva U19;1.67;1.86;0;0;0;0;0;0;0;0;0;0;0;0;0;0;0;4054;6;Y;Y;N;N;N;N;N
882205;9434;8434;2013/2014;complete;56383;1;-1;12,90;26,62;2;2;4;1;8;9;2;5;1;4;0;1;4;5;1;8;5;13;15;5;53;47;1;5;0;0;0;0;0;0;0;0;0;0;0;0;0;0;0;0;0;0;0;0;0;0;0;0;0;0;0;0;0;0;0;0;0;0;0;0;0;0;0;0;0;0;0;0;0;0;0;0;0;0;0;0;0;0;0;0;0;0;0;0;0;0;0;0;0;0;0;0;4;1;1;1;1;2;2;2013-09-17 13:00:00;-1;1;0;0;0;0;-1;1;-1;-1;-1;-1;-1;-1;0;2;1;3;2;4;-1;0;0;0;0;0;0;0;1;0;1;0;0;0;1;1;0;0;-1;-1;0;0;-1;-1;-1;-1;-1;-1;-1;-1;-1;0;0;0;0;0;0;0;0;0;0;0;0;0;København U19;Juventus U19;1.43;1.33;0;0;0;0;0;0;0;0;0;0;0;0;0;0;0;4054;6;Y;Y;Y;Y;N;N;Y
882208;678199;4668;2013/2014;complete;56383;1;-1;15;16;1;1;2;3;5;8;2;11;5;1;0;0;0;7;6;5;6;12;21;14;50;50;5;1;0;0;0;0;0;0;0;0;0;0;0;0;0;0;0;0;0;0;0;0;0;0;0;0;0;0;0;0;0;0;0;0;0;0;0;0;0;0;0;0;0;0;0;0;0;0;0;0;0;0;0;0;0;0;0;0;0;0;0;0;0;0;0;0;0;0;0;0;2;1;1;0;0;0;2;2013-09-17 13:00:00;-1;1;0;0;0;0;-1;1;-1;-1;-1;-1;-1;-1;2;1;3;0;3;3;-1;0;0;0;0;0;0;0;0;0;0;0;0;0;1;1;0;0;-1;-1;0;0;-1;-1;-1;-1;-1;-1;-1;-1;-1;0;0;0;0;0;0;0;0;0;0;0;0;0;Galatasaray U19;Real Madrid U19;0.33;1.89;0;0;0;0;0;0;0;0;0;0;0;0;0;0;0;4054;6;Y;Y;N;N;N;N;Y
882211;4669;1752;2013/2014;complete;56383;1;-1;15,32,38;9,87;3;2;5;7;3;10;0;4;3;1;0;0;8;6;4;3;12;9;19;19;50;50;3;1;0;0;0;0;0;0;0;0;0;0;0;0;0;0;0;0;0;0;0;0;0;0;0;0;0;0;0;0;0;0;0;0;0;0;0;0;0;0;0;0;0;0;0;0;0;0;0;0;0;0;0;0;0;0;0;0;0;0;0;0;0;0;0;0;0;0;0;0;5;3;1;0;1;1;4;2013-09-17 14:00:00;4669;1;0;0;0;0;-1;1;-1;-1;-1;-1;-1;-1;0;1;3;0;1;3;-1;0;0;0;0;0;0;0;0;0;0;0;0;0;1;1;0;1;-1;-1;0;0;-1;-1;-1;-1;-1;-1;-1;-1;-1;0;0;0;0;0;0;0;0;0;0;0;0;0;Real Sociedad U19;Shakhtar Donetsk U19;1.43;1.29;0;0;0;0;0;0;0;0;0;0;0;0;0;0;0;4054;7;Y;Y;Y;Y;Y;N;Y
882217;679673;1590;2013/2014;complete;56383;1;-1;4,10,71,89;27,29,61;4;3;7;3;7;10;1;0;2;2;1;0;4;5;2;7;6;12;10;7;50;50;3;2;0;0;0;0;0;0;0;0;0;0;0;0;0;0;0;0;0;0;0;0;0;0;0;0;0;0;0;0;0;0;0;0;0;0;0;0;0;0;0;0;0;0;0;0;0;0;0;0;0;0;0;0;0;0;0;0;0;0;0;0;0;0;0;0;0;0;0;0;7;2;2;2;1;3;4;2013-09-17 15:00:00;679673;1;0;0;0;0;-1;1;-1;-1;-1;-1;-1;-1;0;1;3;1;1;4;-1;0;0;0;0;0;0;0;1;0;1;0;0;0;1;1;2;0;-1;-1;0;0;-1;-1;-1;-1;-1;-1;-1;-1;-1;0;0;0;0;0;0;0;0;0;0;0;0;0;Manchester United U19;Bayer Leverkusen U19;1.17;1.17;0;0;0;0;0;0;0;0;0;0;0;0;0;0;0;4054;6;Y;Y;Y;Y;Y;Y;Y
882220;4648;678845;2013/2014;complete;56383;1;-1;45,53,74,84;19;4;1;5;6;3;9;0;9;1;2;0;0;5;3;5;6;10;9;7;6;50;50;1;2;0;0;0;0;0;0;0;0;0;0;0;0;0;0;0;0;0;0;0;0;0;0;0;0;0;0;0;0;0;0;0;0;0;0;0;0;0;0;0;0;0;0;0;0;0;0;0;0;0;0;0;0;0;0;0;0;0;0;0;0;0;0;0;0;0;0;0;0;5;1;1;3;0;3;2;2013-09-17 18:00:00;4648;1;0;0;0;0;-1;1;-1;-1;-1;-1;-1;-1;1;1;0;1;2;1;-1;0;0;0;0;0;0;0;0;0;0;0;0;0;1;1;0;0;-1;-1;0;0;-1;-1;-1;-1;-1;-1;-1;-1;-1;0;0;0;0;0;0;0;0;0;0;0;0;0;Barcelona U19;Ajax U19;2.8;0.6;0;0;0;0;0;0;0;0;0;0;0;0;0;0;0;4054;5;Y;Y;Y;Y;Y;N;Y
882224;679687;678846;2013/2014;complete;56383;1;-1;26,37,55;;3;0;3;4;7;11;3;0;2;3;0;0;5;6;3;7;8;13;15;12;51;49;2;3;0;0;0;0;0;0;0;0;0;0;0;0;0;0;0;0;0;0;0;0;0;0;0;0;0;0;0;0;0;0;0;0;0;0;0;0;0;0;0;0;0;0;0;0;0;0;0;0;0;0;0;0;0;0;0;0;0;0;0;0;0;0;0;0;0;0;0;0;3;2;0;1;0;1;2;2013-09-18 09:00:00;679687;1;0;0;0;0;-1;1;-1;-1;-1;-1;-1;-1;0;0;2;3;0;5;-1;0;0;0;0;0;0;0;0;0;0;0;0;0;1;1;0;0;-1;-1;0;0;-1;-1;-1;-1;-1;-1;-1;-1;-1;0;0;0;0;0;0;0;0;0;0;0;0;0;Austria Wien U19;Porto U19;1.57;1.33;0;0;0;0;0;0;0;0;0;0;0;0;0;0;0;4054;6;Y;Y;Y;N;N;N;N
882228;6988;678835;2013/2014;complete;56383;1;-1;23,35,43,69;76,88;4;2;6;9;3;12;4;1;1;3;0;1;3;6;4;4;7;10;19;13;50;50;1;4;0;0;0;0;0;0;0;0;0;0;0;0;0;0;0;0;0;0;0;0;0;0;0;0;0;0;0;0;0;0;0;0;0;0;0;0;0;0;0;0;0;0;0;0;0;0;0;0;0;0;0;0;0;0;0;0;0;0;0;0;0;0;0;0;0;0;0;0;6;3;0;1;2;3;3;2013-09-18 10:00:00;6988;1;0;0;0;0;-1;1;-1;-1;-1;-1;-1;-1;0;1;1;3;1;4;-1;0;0;0;0;0;0;0;0;1;0;1;0;0;1;1;0;0;-1;-1;0;0;-1;-1;-1;-1;-1;-1;-1;-1;-1;0;0;0;0;0;0;0;0;0;0;0;0;0;Atlético Madrid U19;Zenit U19;1.86;0.17;0;0;0;0;0;0;0;0;0;0;0;0;0;0;0;4054;6;Y;Y;Y;Y;Y;Y;Y
882232;677021;4198;2013/2014;complete;56383;1;-1;;;0;0;0;7;4;11;1;2;2;3;0;1;4;4;9;7;13;11;16;21;50;50;2;4;0;0;0;0;0;0;0;0;0;0;0;0;0;0;0;0;0;0;0;0;0;0;0;0;0;0;0;0;0;0;0;0;0;0;0;0;0;0;0;0;0;0;0;0;0;0;0;0;0;0;0;0;0;0;0;0;0;0;0;0;0;0;0;0;0;0;0;0;0;0;0;0;0;0;0;2013-09-18 11:00:00;-1;1;0;0;0;0;-1;1;-1;-1;-1;-1;-1;-1;0;0;2;4;0;6;-1;0;0;0;0;0;0;0;0;0;0;0;0;0;1;1;0;0;-1;-1;0;0;-1;-1;-1;-1;-1;-1;-1;-1;-1;0;0;0;0;0;0;0;0;0;0;0;0;0;Olympiakos CFP U19;PSG U19;0.67;1.25;0;0;0;0;0;0;0;0;0;0;0;0;0;0;0;4054;6;N;N;N;N;N;N;N
882235;678819;679653;2013/2014;complete;56383;1;-1;20,27,67,88;;4;0;4;-1;-1;-1;-1;-1;0;2;0;0;-1;-1;-1;-1;-1;-1;-1;-1;-1;-1;0;2;0;0;0;0;0;0;0;0;0;0;0;0;0;0;0;0;0;0;0;0;0;0;0;0;0;0;0;0;0;0;0;0;0;0;0;0;0;0;0;0;0;0;0;0;0;0;0;0;0;0;0;0;0;0;0;0;0;0;0;0;0;0;0;0;0;0;0;0;4;2;0;2;0;2;2;2013-09-18 12:00:00;678819;1;0;0;0;0;-1;1;-1;-1;-1;-1;-1;-1;0;0;0;2;0;2;-1;0;0;0;0;0;0;0;0;0;0;0;0;0;1;1;0;0;-1;-1;0;0;-1;-1;-1;-1;-1;-1;-1;-1;-1;0;0;0;0;0;0;0;0;0;0;0;0;0;Chelsea U19;Basel U19;2.63;0.17;0;0;0;0;0;0;0;0;0;0;0;0;0;0;0;4054;6;Y;Y;Y;Y;N;N;N
882240;1596;679688;2013/2014;complete;56383;1;-1;16,57,79;;3;0;3;-1;-1;-1;-1;-1;3;2;0;0;-1;-1;-1;-1;-1;-1;-1;-1;-1;-1;3;2;0;0;0;0;0;0;0;0;0;0;0;0;0;0;0;0;0;0;0;0;0;0;0;0;0;0;0;0;0;0;0;0;0;0;0;0;0;0;0;0;0;0;0;0;0;0;0;0;0;0;0;0;0;0;0;0;0;0;0;0;0;0;0;0;0;0;0;0;3;1;0;2;0;2;1;2013-09-18 13:00:00;1596;1;0;0;0;0;-1;1;-1;-1;-1;-1;-1;-1;2;2;1;0;4;1;-1;0;0;0;0;0;0;0;0;0;0;0;0;0;1;1;0;0;-1;-1;0;1;-1;-1;-1;-1;-1;-1;-1;-1;-1;0;0;0;0;0;0;0;0;0;0;0;0;0;Schalke 04 U19;FCSB U19;1.78;0.83;0;0;0;0;0;0;0;0;0;0;0;0;0;0;0;4054;6;Y;Y;Y;N;N;N;N
882243;4191;679650;2013/2014;complete;56383;1;-1;76;7,55,61,78;1;4;5;-1;-1;-1;-1;-1;2;0;0;0;-1;-1;-1;-1;-1;-1;-1;-1;-1;-1;2;0;0;0;0;0;0;0;0;0;0;0;0;0;0;0;0;0;0;0;0;0;0;0;0;0;0;0;0;0;0;0;0;0;0;0;0;0;0;0;0;0;0;0;0;0;0;0;0;0;0;0;0;0;0;0;0;0;0;0;0;0;0;0;0;0;0;0;0;0;5;0;1;1;3;4;1;2013-09-18 13:00:00;679650;1;0;0;0;0;-1;1;-1;-1;-1;-1;-1;-1;0;0;2;0;0;2;-1;0;0;0;0;0;0;0;0;0;0;0;0;0;1;1;0;1;-1;-1;0;0;-1;-1;-1;-1;-1;-1;-1;-1;-1;0;0;0;0;0;0;0;0;0;0;0;0;0;Olympique Marseille U19;Arsenal U19;1.17;1.5;0;0;0;0;0;0;0;0;0;0;0;0;0;0;0;4054;6;Y;Y;Y;Y;Y;N;Y
882247;8436;1574;2013/2014;complete;56383;1;-1;16;;1;0;1;4;6;10;4;1;8;3;2;2;3;9;5;5;8;14;17;16;50;50;10;6;0;0;0;0;0;0;0;0;0;0;0;0;0;0;0;0;0;0;0;0;0;0;0;0;0;0;0;0;0;0;0;0;0;0;0;0;0;0;0;0;0;0;0;0;0;0;0;0;0;0;0;0;0;0;0;0;0;0;0;0;0;0;0;0;0;0;0;0;1;1;0;0;0;0;1;2013-09-18 13:00:00;8436;1;0;0;0;0;-1;1;-1;-1;-1;-1;-1;-1;6;4;4;1;10;5;-1;0;0;0;0;0;0;0;1;0;1;0;0;0;1;1;0;0;-1;-1;0;0;-1;-1;-1;-1;-1;-1;-1;-1;-1;0;0;0;0;0;0;0;0;0;0;0;0;0;Napoli U19;Borussia Dortmund U19;1.29;1.33;0;0;0;0;0;0;0;0;0;0;0;0;0;0;0;4054;6;Y;N;N;N;N;N;N
882250;8461;679689;2013/2014;complete;56383;1;-1;7,50,75;43;3;1;4;4;5;9;1;1;1;3;0;0;3;5;5;3;8;8;18;15;50;50;1;3;0;0;0;0;0;0;0;0;0;0;0;0;0;0;0;0;0;0;0;0;0;0;0;0;0;0;0;0;0;0;0;0;0;0;0;0;0;0;0;0;0;0;0;0;0;0;0;0;0;0;0;0;0;0;0;0;0;0;0;0;0;0;0;0;0;0;0;0;4;1;1;2;0;2;2;2013-09-18 13:00:00;8461;1;0;0;0;0;-1;1;-1;-1;-1;-1;-1;-1;1;2;0;1;3;1;-1;0;0;0;0;0;0;0;1;0;1;0;0;0;1;1;1;0;-1;-1;0;0;-1;-1;-1;-1;-1;-1;-1;-1;-1;0;0;0;0;0;0;0;0;0;0;0;0;0;Milan U19;Celtic U19;1.33;0.67;0;0;0;0;0;0;0;0;0;0;0;0;0;0;0;4054;6;Y;Y;Y;Y;N;N;Y
882254;678835;679687;2013/2014;complete;56383;2;-1;;9,61,72;0;3;3;6;6;12;2;5;3;0;0;0;8;3;5;5;13;8;17;12;-1;-1;3;0;0;0;0;0;0;0;0;0;0;0;0;0;0;0;0;0;0;0;0;0;0;0;0;0;0;0;0;0;0;0;0;0;0;0;0;0;0;0;0;0;0;0;0;0;0;0;0;0;0;0;0;0;0;0;0;0;0;0;0;0;0;0;0;0;0;0;0;0;3;0;1;0;2;2;1;2013-10-01 09:00:00;679687;1;50;0;0;0;-1;1;-1;-1;-1;-1;-1;-1;2;0;1;0;2;1;-1;0;0;0;0;0;0;0;0;0;0;0;0;0;1;1;0;1;-1;-1;0;0;-1;-1;-1;-1;-1;-1;-1;-1;-1;50;50;100;100;100;100;100;100;50;7;4;6;4.5;Zenit U19;Austria Wien U19;0.17;1.57;0;3;0;3;50;50;0;0;0;100;100;100;0;0;0;4054;6;Y;Y;Y;N;N;N;N
882258;678846;6988;2013/2014;complete;56383;2;-1;8,26,42;90;3;1;4;4;6;10;2;1;4;6;1;1;5;7;3;6;8;13;23;13;50;50;5;7;0;0;0;0;0;0;0;0;0;0;0;0;0;0;0;0;0;0;0;0;0;0;0;0;0;0;0;0;0;0;0;0;0;0;0;0;0;0;0;0;0;0;0;0;0;0;0;0;0;0;0;0;0;0;0;0;0;0;0;0;0;0;0;0;0;0;0;0;4;3;0;0;1;1;3;2013-10-01 10:00:00;678846;1;50;0;0;0;-1;1;-1;-1;-1;-1;-1;-1;2;1;3;6;3;9;-1;0;0;0;0;0;0;0;1;0;1;0;0;0;1;1;1;0;-1;-1;0;0;-1;-1;-1;-1;-1;-1;-1;-1;-1;50;50;100;100;100;100;100;100;50;16;4;4;4.5;Porto U19;Atlético Madrid U19;1.33;1.86;0;3;0;3;50;50;0;0;0;100;100;100;0;0;0;4054;6;Y;Y;Y;Y;N;N;Y
882262;679688;678819;2013/2014;complete;56383;2;-1;;27,51,79,88;0;4;4;2;3;5;1;3;2;1;0;0;0;7;5;4;5;11;8;13;-1;-1;2;1;0;0;0;0;0;0;0;0;0;0;0;0;0;0;0;0;0;0;0;0;0;0;0;0;0;0;0;0;0;0;0;0;0;0;0;0;0;0;0;0;0;0;0;0;0;0;0;0;0;0;0;0;0;0;0;0;0;0;0;0;0;0;0;0;0;0;0;0;4;0;1;0;3;3;1;2013-10-01 13:00:00;678819;1;0;0;0;0;-1;1;-1;-1;-1;-1;-1;-1;1;0;1;1;1;2;-1;0;0;0;0;0;0;0;0;0;0;0;0;0;1;1;0;0;-1;-1;0;0;-1;-1;-1;-1;-1;-1;-1;-1;-1;0;50;100;100;100;50;100;100;100;0;0;2;3.5;FCSB U19;Chelsea U19;0.83;2.63;0;3;0;3;100;50;0;0;0;0;0;0;0;0;0;4054;6;Y;Y;Y;Y;N;N;N
882265;679653;1596;2013/2014;complete;56383;2;-1;;11,16,50,82,83;0;5;5;-1;-1;-1;-1;-1;3;0;0;0;-1;-1;-1;-1;-1;-1;-1;-1;-1;-1;3;0;0;0;0;0;0;0;0;0;0;0;0;0;0;0;0;0;0;0;0;0;0;0;0;0;0;0;0;0;0;0;0;0;0;0;0;0;0;0;0;0;0;0;0;0;0;0;0;0;0;0;0;0;0;0;0;0;0;0;0;0;0;0;0;0;0;0;0;0;5;0;2;0;3;3;2;2013-10-01 13:00:00;1596;1;0;0;0;0;-1;1;-1;-1;-1;-1;-1;-1;2;0;1;0;2;1;-1;0;0;0;0;0;0;0;0;0;0;0;0;0;1;1;0;0;-1;-1;1;0;-1;-1;-1;-1;-1;-1;-1;-1;-1;0;50;100;100;100;50;100;100;100;0;0;5;3.5;Basel U19;Schalke 04 U19;0.17;1.78;0;3;0;3;100;50;0;0;0;0;0;0;0;0;0;4054;6;Y;Y;Y;Y;Y;N;N
882271;1574;4191;2013/2014;complete;56383;2;-1;15,21,62,73,84;68,87;5;2;7;-1;-1;-1;-1;-1;2;2;0;0;-1;-1;-1;-1;-1;-1;-1;-1;-1;-1;2;2;0;0;0;0;0;0;0;0;0;0;0;0;0;0;0;0;0;0;0;0;0;0;0;0;0;0;0;0;0;0;0;0;0;0;0;0;0;0;0;0;0;0;0;0;0;0;0;0;0;0;0;0;0;0;0;0;0;0;0;0;0;0;0;0;0;0;0;0;7;2;0;3;2;5;2;2013-10-01 13:00:00;1574;1;50;0;0;0;-1;1;-1;-1;-1;-1;-1;-1;1;1;1;1;2;2;-1;0;0;0;0;0;0;0;0;0;0;0;0;0;1;1;0;0;-1;-1;0;0;-1;-1;-1;-1;-1;-1;-1;-1;-1;50;50;50;50;100;0;100;50;50;6;0;8;3;Borussia Dortmund U19;Olympique Marseille U19;1.33;1.17;0;0;0;0;50;50;50;50;0;50;50;0;0;0;0;4054;6;Y;Y;Y;Y;Y;Y;Y
882274;679689;4648;2013/2014;complete;56383;2;-1;52;14,83;1;2;3;5;7;12;11;2;2;1;0;0;5;7;4;10;9;17;16;11;50;50;2;1;0;0;0;0;0;0;0;0;0;0;0;0;0;0;0;0;0;0;0;0;0;0;0;0;0;0;0;0;0;0;0;0;0;0;0;0;0;0;0;0;0;0;0;0;0;0;0;0;0;0;0;0;0;0;0;0;0;0;0;0;0;0;0;0;0;0;0;0;3;0;1;1;1;2;1;2013-10-01 13:00:00;4648;1;100;0;0;0;-1;1;-1;-1;-1;-1;-1;-1;2;1;0;0;3;0;-1;0;0;0;0;0;0;0;0;0;0;0;0;0;1;1;0;0;-1;-1;0;0;-1;-1;-1;-1;-1;-1;-1;-1;-1;50;100;100;100;100;100;100;100;100;11;1;4;4.5;Celtic U19;Barcelona U19;0.67;2.8;0;3;0;3;50;0;0;0;0;100;0;0;0;0;0;4054;6;Y;Y;Y;N;N;N;Y
882278;679651;3715;2013/2014;complete;56383;2;-1;2,30,39,42,83;;5;0;5;5;5;10;1;1;1;3;1;0;9;3;2;5;11;8;9;13;50;50;2;3;0;0;0;0;0;0;0;0;0;0;0;0;0;0;0;0;0;0;0;0;0;0;0;0;0;0;0;0;0;0;0;0;0;0;0;0;0;0;0;0;0;0;0;0;0;0;0;0;0;0;0;0;0;0;0;0;0;0;0;0;0;0;0;0;0;0;0;0;5;4;0;1;0;1;4;2013-10-02 09:00:00;679651;1;50;0;0;0;-1;1;-1;-1;-1;-1;-1;-1;1;1;1;2;2;3;-1;0;0;0;0;0;0;0;0;0;0;0;0;0;1;1;1;0;-1;-1;0;1;-1;-1;-1;-1;-1;-1;-1;-1;-1;50;50;50;100;100;50;50;100;100;15;4;3;3.5;CSKA Moskva U19;Viktoria Plzeň U19;1.86;0;3;0;3;0;50;50;50;0;0;100;100;100;0;0;0;4054;6;Y;Y;Y;Y;Y;N;N
882282;1590;4669;2013/2014;complete;56383;2;-1;6;15,21,62,75,83;1;5;6;1;2;3;3;1;4;1;0;0;0;4;2;3;2;7;22;6;50;50;4;1;0;0;0;0;0;0;0;0;0;0;0;0;0;0;0;0;0;0;0;0;0;0;0;0;0;0;0;0;0;0;0;0;0;0;0;0;0;0;0;0;0;0;0;0;0;0;0;0;0;0;0;0;0;0;0;0;0;0;0;0;0;0;0;0;0;0;0;0;6;1;2;0;3;3;3;2013-10-02 11:00:00;4669;1;100;0;0;0;-1;1;-1;-1;-1;-1;-1;-1;1;1;3;0;2;3;-1;0;0;0;0;0;0;0;0;1;0;1;0;0;1;1;1;0;-1;-1;0;0;-1;-1;-1;-1;-1;-1;-1;-1;-1;100;100;100;100;100;100;100;100;50;14;0;5;6;Bayer Leverkusen U19;Real Sociedad U19;1.17;1.43;0;3;0;3;0;0;0;0;0;100;100;0;0;0;0;4054;6;Y;Y;Y;Y;Y;Y;Y
882286;1752;679673;2013/2014;complete;56383;2;-1;3,87;76;2;1;3;6;4;10;0;0;1;4;0;0;2;3;8;8;10;11;12;10;50;50;1;4;0;0;0;0;0;0;0;0;0;0;0;0;0;0;0;0;0;0;0;0;0;0;0;0;0;0;0;0;0;0;0;0;0;0;0;0;0;0;0;0;0;0;0;0;0;0;0;0;0;0;0;0;0;0;0;0;0;0;0;0;0;0;0;0;0;0;0;0;3;1;0;1;1;2;1;2013-10-02 12:00:00;1752;1;100;0;0;0;-1;1;-1;-1;-1;-1;-1;-1;0;2;1;2;2;3;-1;0;0;0;0;0;0;0;0;0;0;0;0;0;1;1;1;0;-1;-1;0;1;-1;-1;-1;-1;-1;-1;-1;-1;-1;100;100;100;100;100;100;100;100;50;6;5;4;6;Shakhtar Donetsk U19;Manchester United U19;1.29;1.17;0;3;0;3;0;0;0;0;0;100;100;0;0;0;0;4054;6;Y;Y;Y;N;N;N;Y
882289;8434;678199;2013/2014;complete;56383;2;-1;48,65,79;74;3;1;4;6;5;11;4;2;2;0;0;0;7;4;9;4;16;8;19;12;50;50;2;0;0;0;0;0;0;0;0;0;0;0;0;0;0;0;0;0;0;0;0;0;0;0;0;0;0;0;0;0;0;0;0;0;0;0;0;0;0;0;0;0;0;0;0;0;0;0;0;0;0;0;0;0;0;0;0;0;0;0;0;0;0;0;0;0;0;0;0;0;4;0;0;3;1;4;0;2013-10-02 13:00:00;8434;1;100;0;0;0;-1;1;-1;-1;-1;-1;-1;-1;0;0;2;0;0;2;-1;0;0;0;0;0;0;0;0;0;0;0;0;0;1;1;0;0;-1;-1;0;0;-1;-1;-1;-1;-1;-1;-1;-1;-1;0;50;50;100;100;100;100;50;50;11;7;10;3;Juventus U19;Galatasaray U19;1.33;0.33;1;1;1;1;100;50;50;0;0;50;0;0;0;0;0;4054;6;Y;Y;Y;Y;N;N;Y
882293;4198;678844;2013/2014;complete;56383;2;-1;57;41,48,52,89;1;4;5;-1;-1;-1;-1;-1;2;0;0;0;-1;-1;-1;-1;-1;-1;-1;-1;-1;-1;2;0;0;0;0;0;0;0;0;0;0;0;0;0;0;0;0;0;0;0;0;0;0;0;0;0;0;0;0;0;0;0;0;0;0;0;0;0;0;0;0;0;0;0;0;0;0;0;0;0;0;0;0;0;0;0;0;0;0;0;0;0;0;0;0;0;0;0;0;0;5;0;1;1;3;4;1;2013-10-02 13:00:00;678844;1;0;0;0;0;-1;1;-1;-1;-1;-1;-1;-1;0;0;2;0;0;2;-1;0;0;0;0;0;0;0;0;0;0;0;0;0;1;1;0;0;-1;-1;0;0;-1;-1;-1;-1;-1;-1;-1;-1;-1;0;0;50;50;50;0;50;50;50;5;5;7;1.5;PSG U19;Benfica U19;1.25;2.3;1;3;1;3;100;100;50;50;50;50;50;50;0;0;0;4054;8;Y;Y;Y;Y;Y;N;Y
882297;4668;9434;2013/2014;complete;56383;2;-1;45;63;1;1;2;6;5;11;1;1;1;4;1;0;6;3;12;4;18;7;9;14;-1;-1;3;4;0;0;0;0;0;0;0;0;0;0;0;0;0;0;0;0;0;0;0;0;0;0;0;0;0;0;0;0;0;0;0;0;0;0;0;0;0;0;0;0;0;0;0;0;0;0;0;0;0;0;0;0;0;0;0;0;0;0;0;0;0;0;0;0;0;0;0;0;2;1;0;0;1;1;1;2013-10-02 14:00:00;-1;1;100;0;0;0;-1;1;-1;-1;-1;-1;-1;-1;1;1;1;3;2;4;-1;0;0;0;0;0;0;0;0;0;0;0;0;0;1;1;0;0;-1;-1;0;0;-1;-1;-1;-1;-1;-1;-1;-1;-1;0;50;50;100;100;100;100;50;50;6;13;2;3;Real Madrid U19;København U19;1.89;1.43;1;1;1;1;100;50;50;0;0;50;0;0;0;0;0;4054;7;Y;Y;N;N;N;N;Y
882301;678825;1573;2013/2014;complete;56383;2;-1;6,13,21,61,64,72;;6;0;6;6;1;7;7;1;1;1;0;0;4;4;4;5;8;9;13;14;50;50;1;1;0;0;0;0;0;0;0;0;0;0;0;0;0;0;0;0;0;0;0;0;0;0;0;0;0;0;0;0;0;0;0;0;0;0;0;0;0;0;0;0;0;0;0;0;0;0;0;0;0;0;0;0;0;0;0;0;0;0;0;0;0;0;0;0;0;0;0;0;6;3;0;3;0;3;3;2013-10-02 14:00:00;678825;1;50;0;0;0;-1;1;-1;-1;-1;-1;-1;-1;1;0;0;1;1;1;-1;0;0;0;0;0;0;0;1;0;1;0;0;0;1;1;1;0;-1;-1;0;0;-1;-1;-1;-1;-1;-1;-1;-1;-1;50;50;50;100;100;50;50;100;100;13;1;3;3.5;Manchester City U19;Bayern München U19;1.75;1.67;3;0;3;0;50;50;50;0;0;100;100;100;0;0;0;4054;6;Y;Y;Y;Y;Y;Y;N
882306;678845;8461;2013/2014;complete;56383;2;-1;7,84;52,62,86;2;3;5;1;6;7;2;0;1;0;0;0;3;2;2;10;5;12;14;7;50;50;1;0;0;0;0;0;0;0;0;0;0;0;0;0;0;0;0;0;0;0;0;0;0;0;0;0;0;0;0;0;0;0;0;0;0;0;0;0;0;0;0;0;0;0;0;0;0;0;0;0;0;0;0;0;0;0;0;0;0;0;0;0;0;0;0;0;0;0;0;0;5;1;0;1;3;4;1;2013-10-02 17:00:00;8461;1;100;0;0;0;-1;1;-1;-1;-1;-1;-1;-1;1;0;0;0;1;0;-1;0;0;0;0;0;0;0;0;0;0;0;0;0;1;1;1;0;-1;-1;0;0;-1;-1;-1;-1;-1;-1;-1;-1;-1;50;100;100;100;100;100;100;100;100;7;10;3;4.5;Ajax U19;Milan U19;0.6;1.33;0;3;0;3;50;0;0;0;0;100;0;0;0;0;0;4054;5;Y;Y;Y;Y;Y;N;Y
882309;679650;8436;2013/2014;complete;56383;2;-1;38,51,53,79;67;4;1;5;8;4;12;2;2;0;2;0;0;2;2;8;6;10;8;14;15;-1;-1;0;2;0;0;0;0;0;0;0;0;0;0;0;0;0;0;0;0;0;0;0;0;0;0;0;0;0;0;0;0;0;0;0;0;0;0;0;0;0;0;0;0;0;0;0;0;0;0;0;0;0;0;0;0;0;0;0;0;0;0;0;0;0;0;0;0;0;0;0;0;5;1;0;3;1;4;1;2013-10-02 18:00:00;679650;1;50;0;0;0;-1;1;-1;-1;-1;-1;-1;-1;0;1;0;1;1;1;-1;0;0;0;0;0;0;0;1;0;1;0;0;0;1;1;0;0;-1;-1;0;0;-1;-1;-1;-1;-1;-1;-1;-1;-1;50;50;50;50;100;0;100;50;50;4;3;10;3;Arsenal U19;Napoli U19;1.5;1.29;3;3;3;3;50;50;50;50;0;50;50;0;0;0;0;4054;7;Y;Y;Y;Y;Y;N;Y
882313;679652;677021;2013/2014;complete;56383;2;-1;37,43,48,61;40,86;4;2;6;8;0;8;2;0;1;2;0;0;3;4;6;4;9;8;23;14;-1;-1;1;2;0;0;0;0;0;0;0;0;0;0;0;0;0;0;0;0;0;0;0;0;0;0;0;0;0;0;0;0;0;0;0;0;0;0;0;0;0;0;0;0;0;0;0;0;0;0;0;0;0;0;0;0;0;0;0;0;0;0;0;0;0;0;0;0;0;0;0;0;6;2;1;2;1;3;3;2013-10-03 17:00:00;679652;1;0;0;0;0;-1;1;-1;-1;-1;-1;-1;-1;1;1;0;1;2;1;-1;0;0;0;0;0;0;0;0;0;0;0;0;0;1;1;0;0;-1;-1;0;0;-1;-1;-1;-1;-1;-1;-1;-1;-1;0;0;50;50;50;0;50;50;50;13;3;3;1.5;Anderlecht U19;Olympiakos CFP U19;0.83;0.67;0;1;0;1;100;100;50;50;50;50;50;50;0;0;0;4054;6;Y;Y;Y;Y;Y;Y;Y
882316;679687;6988;2013/2014;complete;56383;3;-1;8,23,25;12,69,90;3;3;6;8;7;15;2;2;3;3;1;0;6;4;1;8;7;12;17;15;-1;-1;4;3;0;0;0;0;0;0;0;0;0;0;0;0;0;0;0;0;0;0;0;0;0;0;0;0;0;0;0;0;0;0;0;0;0;0;0;0;0;0;0;0;0;0;0;0;0;0;0;0;0;0;0;0;0;0;0;0;0;0;0;0;0;0;0;0;0;0;0;0;6;3;1;0;2;2;4;2013-10-22 09:00:00;-1;1;50;0;0;0;-1;1;-1;-1;-1;-1;-1;-1;2;1;2;2;3;4;-1;0;0;0;0;0;0;0;0;0;0;0;0;0;1;1;1;0;-1;-1;1;1;-1;-1;-1;-1;-1;-1;-1;-1;-1;25;50;100;100;100;75;100;100;50;12.5;6.5;5;4;Austria Wien U19;Atlético Madrid U19;1.57;1.86;3;1.5;3;1.5;75;50;0;0;0;100;100;75;0;0;0;4054;7;Y;Y;Y;Y;Y;Y;Y
882321;678846;678835;2013/2014;complete;56383;3;-1;9,38;68,90;2;2;4;11;6;17;1;2;2;4;0;0;7;0;3;4;10;4;8;15;50;50;2;4;0;0;0;0;0;0;0;0;0;0;0;0;0;0;0;0;0;0;0;0;0;0;0;0;0;0;0;0;0;0;0;0;0;0;0;0;0;0;0;0;0;0;0;0;0;0;0;0;0;0;0;0;0;0;0;0;0;0;0;0;0;0;0;0;0;0;0;0;4;2;0;0;2;2;2;2013-10-22 10:00:00;-1;1;50;0;50;0;-1;1;-1;-1;-1;-1;-1;-1;0;1;2;3;1;5;-1;0;0;0;0;0;0;0;0;0;0;0;0;0;1;1;1;0;-1;-1;0;0;-1;-1;-1;-1;-1;-1;-1;-1;-1;25;50;100;100;100;75;100;100;50;10;2.5;7.5;4;Porto U19;Zenit U19;1.33;0.17;1.5;0;1.5;0;75;50;0;0;0;100;100;75;0;0;0;4054;6;Y;Y;Y;Y;N;N;Y
882324;1596;678819;2013/2014;complete;56383;3;-1;;73,87;0;2;2;8;4;12;1;6;3;2;0;0;4;2;8;7;12;9;7;12;50;50;3;2;0;0;0;0;0;0;0;0;0;0;0;0;0;0;0;0;0;0;0;0;0;0;0;0;0;0;0;0;0;0;0;0;0;0;0;0;0;0;0;0;0;0;0;0;0;0;0;0;0;0;0;0;0;0;0;0;0;0;0;0;0;0;0;0;0;0;0;0;2;0;0;0;2;2;0;2013-10-22 12:00:00;678819;1;0;0;0;0;-1;1;-1;-1;-1;-1;-1;-1;0;2;3;0;2;3;-1;0;0;0;0;0;0;0;0;1;0;1;0;0;1;1;0;0;-1;-1;0;0;-1;-1;-1;-1;-1;-1;-1;-1;-1;25;75;100;100;100;50;100;100;100;3;0;2;4;Schalke 04 U19;Chelsea U19;1.78;2.63;3;3;3;3;75;25;0;0;0;0;0;0;0;0;0;4054;8;Y;Y;N;N;N;N;N
882327;679688;679653;2013/2014;complete;56383;3;-1;53;38;1;1;2;3;7;10;1;0;1;1;0;0;6;9;8;8;14;17;14;14;-1;-1;1;1;0;0;0;0;0;0;0;0;0;0;0;0;0;0;0;0;0;0;0;0;0;0;0;0;0;0;0;0;0;0;0;0;0;0;0;0;0;0;0;0;0;0;0;0;0;0;0;0;0;0;0;0;0;0;0;0;0;0;0;0;0;0;0;0;0;0;0;0;2;0;1;1;0;1;1;2013-10-22 13:00:00;-1;1;0;0;0;0;-1;1;-1;-1;-1;-1;-1;-1;0;0;1;1;0;2;-1;0;0;0;0;0;0;0;0;0;0;0;0;0;1;1;0;0;-1;-1;0;0;-1;-1;-1;-1;-1;-1;-1;-1;-1;25;75;100;100;100;50;100;100;100;2;0;4.5;4;FCSB U19;Basel U19;0.83;0.17;0;0;0;0;75;25;0;0;0;0;0;0;0;0;0;4054;6;Y;Y;N;N;N;N;Y
882330;4191;8436;2013/2014;complete;56383;3;-1;82,88;10;2;1;3;-1;-1;-1;-1;-1;5;1;2;1;-1;-1;-1;-1;-1;-1;-1;-1;-1;-1;8;3;0;0;0;0;0;0;0;0;0;0;0;0;0;0;0;0;0;0;0;0;0;0;0;0;0;0;0;0;0;0;0;0;0;0;0;0;0;0;0;0;0;0;0;0;0;0;0;0;0;0;0;0;0;0;0;0;0;0;0;0;0;0;0;0;0;0;0;0;3;0;1;2;0;2;1;2013-10-22 13:00:00;4191;1;75;0;100;0;-1;1;-1;-1;-1;-1;-1;-1;5;0;2;2;5;4;-1;0;0;0;0;0;0;0;0;0;0;0;0;0;1;1;0;1;-1;-1;2;0;-1;-1;-1;-1;-1;-1;-1;-1;-1;75;75;75;75;100;25;100;75;75;4;2;8;4.5;Olympique Marseille U19;Napoli U19;1.17;1.29;0;1.5;0;1.5;25;25;25;25;0;50;50;25;0;0;0;4054;6;Y;Y;Y;N;N;N;Y
882333;8461;4648;2013/2014;complete;56383;3;-1;16,47;20,22,45,72,77,90;2;6;8;-1;-1;-1;-1;-1;2;0;0;0;-1;-1;-1;-1;-1;-1;-1;-1;-1;-1;2;0;0;0;0;0;0;0;0;0;0;0;0;0;0;0;0;0;0;0;0;0;0;0;0;0;0;0;0;0;0;0;0;0;0;0;0;0;0;0;0;0;0;0;0;0;0;0;0;0;0;0;0;0;0;0;0;0;0;0;0;0;0;0;0;0;0;0;0;0;8;1;3;1;3;4;4;2013-10-22 13:00:00;4648;1;100;50;50;0;-1;1;-1;-1;-1;-1;-1;-1;0;0;2;0;0;2;-1;0;0;0;0;0;0;0;0;0;0;0;0;0;1;1;0;0;-1;-1;0;0;-1;-1;-1;-1;-1;-1;-1;-1;-1;50;75;100;100;100;50;100;100;100;11.5;1.5;1.5;4.25;Milan U19;Barcelona U19;1.33;2.8;3;3;3;3;50;25;0;0;0;75;25;25;0;0;0;4054;6;Y;Y;Y;Y;Y;Y;Y
882336;679689;678845;2013/2014;complete;56383;3;-1;32,35,43,66;50;4;1;5;4;9;13;3;0;0;2;0;0;5;4;4;6;9;10;2;8;50;50;0;2;0;0;0;0;0;0;0;0;0;0;0;0;0;0;0;0;0;0;0;0;0;0;0;0;0;0;0;0;0;0;0;0;0;0;0;0;0;0;0;0;0;0;0;0;0;0;0;0;0;0;0;0;0;0;0;0;0;0;0;0;0;0;0;0;0;0;0;0;5;3;0;1;1;2;3;2013-10-22 13:00:00;679689;1;100;50;50;0;-1;1;-1;-1;-1;-1;-1;-1;0;0;0;2;0;2;-1;0;0;0;0;0;0;0;1;0;1;0;0;0;1;1;0;0;-1;-1;0;0;-1;-1;-1;-1;-1;-1;-1;-1;-1;50;75;100;100;100;50;100;100;100;7;11.5;4;4.25;Celtic U19;Ajax U19;0.67;0.6;0;0;0;0;50;25;0;0;0;75;25;25;0;0;0;4054;5;Y;Y;Y;Y;Y;N;Y
882339;679651;678825;2013/2014;complete;56383;3;-1;80;73;1;1;2;2;10;12;0;4;2;4;0;0;5;8;5;3;10;11;13;16;50;50;2;4;0;0;0;0;0;0;0;0;0;0;0;0;0;0;0;0;0;0;0;0;0;0;0;0;0;0;0;0;0;0;0;0;0;0;0;0;0;0;0;0;0;0;0;0;0;0;0;0;0;0;0;0;0;0;0;0;0;0;0;0;0;0;0;0;0;0;0;0;2;0;0;1;1;2;0;2013-10-23 09:00:00;-1;1;25;0;50;0;-1;1;-1;-1;-1;-1;-1;-1;1;2;1;2;3;3;-1;0;0;0;0;0;0;0;0;0;0;0;0;0;1;1;0;0;-1;-1;0;0;-1;-1;-1;-1;-1;-1;-1;-1;-1;75;75;75;100;100;75;75;100;75;12.5;5.5;3;4.5;CSKA Moskva U19;Manchester City U19;1.86;1.75;3;3;3;3;25;25;25;0;0;75;75;50;0;0;0;4054;7;Y;Y;N;N;N;N;Y
882342;1590;1752;2013/2014;complete;56383;3;-1;59;48,51;1;2;3;4;6;10;2;2;6;1;0;0;6;3;4;4;10;7;21;9;50;50;6;1;0;0;0;0;0;0;0;0;0;0;0;0;0;0;0;0;0;0;0;0;0;0;0;0;0;0;0;0;0;0;0;0;0;0;0;0;0;0;0;0;0;0;0;0;0;0;0;0;0;0;0;0;0;0;0;0;0;0;0;0;0;0;0;0;0;0;0;0;3;0;0;1;2;3;0;2013-10-23 12:00:00;1752;1;100;100;0;0;-1;1;-1;-1;-1;-1;-1;-1;1;0;5;1;1;6;-1;0;0;0;0;0;0;0;0;0;0;0;0;0;1;1;0;0;-1;-1;0;0;-1;-1;-1;-1;-1;-1;-1;-1;-1;75;75;100;100;100;75;100;100;75;8.5;3.5;4;5.25;Bayer Leverkusen U19;Shakhtar Donetsk U19;1.17;1.29;0;1.5;0;1.5;25;25;0;0;0;75;75;0;0;0;0;4054;6;Y;Y;Y;N;N;N;Y
882345;678199;9434;2013/2014;complete;56383;3;-1;;58;0;1;1;4;4;8;3;2;2;2;0;0;9;6;6;5;15;11;9;22;-1;-1;2;2;0;0;0;0;0;0;0;0;0;0;0;0;0;0;0;0;0;0;0;0;0;0;0;0;0;0;0;0;0;0;0;0;0;0;0;0;0;0;0;0;0;0;0;0;0;0;0;0;0;0;0;0;0;0;0;0;0;0;0;0;0;0;0;0;0;0;0;0;1;0;0;0;1;1;0;2013-10-23 12:00:00;9434;1;100;50;0;0;-1;1;-1;-1;-1;-1;-1;-1;0;0;2;2;0;4;-1;0;0;0;0;0;0;0;0;0;0;0;0;0;1;1;0;0;-1;-1;0;0;-1;-1;-1;-1;-1;-1;-1;-1;-1;0;50;50;100;100;50;75;75;50;7;3.5;5;3;Galatasaray U19;København U19;0.33;1.43;0.5;1;0.5;1;100;50;50;0;0;75;50;50;0;0;0;4054;6;Y;N;N;N;N;N;N
882347;679673;4669;2013/2014;complete;56383;3;-1;;4;0;1;1;6;7;13;1;2;4;1;1;0;3;7;3;2;6;9;14;7;50;50;5;1;0;0;0;0;0;0;0;0;0;0;0;0;0;0;0;0;0;0;0;0;0;0;0;0;0;0;0;0;0;0;0;0;0;0;0;0;0;0;0;0;0;0;0;0;0;0;0;0;0;0;0;0;0;0;0;0;0;0;0;0;0;0;0;0;0;0;0;0;1;0;1;0;0;0;1;2013-10-23 13:00:00;4669;1;100;100;50;0;-1;1;-1;-1;-1;-1;-1;-1;1;1;4;0;2;4;-1;0;0;0;0;0;0;0;0;0;0;0;0;0;1;1;0;1;-1;-1;0;0;-1;-1;-1;-1;-1;-1;-1;-1;-1;75;75;100;100;100;75;100;100;75;8;1;5.5;5.25;Manchester United U19;Real Sociedad U19;1.17;1.43;1.5;3;1.5;3;25;25;0;0;0;75;75;0;0;0;0;4054;6;Y;N;N;N;N;N;N
882350;1573;3715;2013/2014;complete;56383;3;-1;11,25,41,89;;4;0;4;6;4;10;0;4;0;3;0;1;11;3;11;5;22;8;7;22;50;50;0;4;0;0;0;0;0;0;0;0;0;0;0;0;0;0;0;0;0;0;0;0;0;0;0;0;0;0;0;0;0;0;0;0;0;0;0;0;0;0;0;0;0;0;0;0;0;0;0;0;0;0;0;0;0;0;0;0;0;0;0;0;0;0;0;0;0;0;0;0;4;3;0;1;0;1;3;2013-10-23 13:00:00;1573;1;25;0;0;0;-1;1;-1;-1;-1;-1;-1;-1;0;0;0;4;0;4;-1;0;0;0;0;0;0;0;1;0;1;0;0;0;1;1;0;0;-1;-1;0;0;-1;-1;-1;-1;-1;-1;-1;-1;-1;75;75;75;100;100;75;75;100;75;10;2;3.5;4.5;Bayern München U19;Viktoria Plzeň U19;1.67;0;0;0;0;0;25;25;25;0;0;75;75;50;0;0;0;4054;6;Y;Y;Y;Y;N;N;N
882354;4668;8434;2013/2014;complete;56383;3;-1;15,34,38,52,80,85;75,78;6;2;8;-1;-1;-1;-1;-1;0;3;0;0;-1;-1;-1;-1;-1;-1;-1;-1;-1;-1;0;3;0;0;0;0;0;0;0;0;0;0;0;0;0;0;0;0;0;0;0;0;0;0;0;0;0;0;0;0;0;0;0;0;0;0;0;0;0;0;0;0;0;0;0;0;0;0;0;0;0;0;0;0;0;0;0;0;0;0;0;0;0;0;0;0;0;0;0;0;8;3;0;3;2;5;3;2013-10-23 14:00:00;4668;1;100;50;50;0;-1;1;-1;-1;-1;-1;-1;-1;0;1;0;2;1;2;-1;0;0;0;0;0;0;0;1;0;1;0;0;0;1;1;0;0;-1;-1;0;0;-1;-1;-1;-1;-1;-1;-1;-1;-1;0;50;50;100;100;50;75;75;50;12.5;10.5;5.5;3;Real Madrid U19;Juventus U19;1.89;1.33;1;2;1;2;100;50;50;0;0;75;50;50;0;0;0;4054;6;Y;Y;Y;Y;Y;Y;Y
882356;678844;677021;2013/2014;complete;56383;3;-1;;;0;0;0;8;9;17;1;4;3;4;0;0;9;7;7;7;16;14;22;18;50;50;3;4;0;0;0;0;0;0;0;0;0;0;0;0;0;0;0;0;0;0;0;0;0;0;0;0;0;0;0;0;0;0;0;0;0;0;0;0;0;0;0;0;0;0;0;0;0;0;0;0;0;0;0;0;0;0;0;0;0;0;0;0;0;0;0;0;0;0;0;0;0;0;0;0;0;0;0;2013-10-23 14:00:00;-1;1;50;50;50;0;-1;1;-1;-1;-1;-1;-1;-1;2;1;1;3;3;4;-1;0;0;0;0;0;0;0;0;0;0;0;0;0;1;1;0;0;-1;-1;0;0;-1;-1;-1;-1;-1;-1;-1;-1;-1;50;50;75;75;75;25;75;75;75;4.5;1.5;3.5;3.5;Benfica U19;Olympiakos CFP U19;2.3;0.67;3;0.5;3;0.5;50;50;25;25;25;25;25;25;0;0;0;4054;6;N;N;N;N;N;N;N
882358;679650;1574;2013/2014;complete;56383;3;-1;;;0;0;0;7;2;9;6;2;3;3;1;1;3;4;3;7;6;11;13;15;-1;-1;4;4;0;0;0;0;0;0;0;0;0;0;0;0;0;0;0;0;0;0;0;0;0;0;0;0;0;0;0;0;0;0;0;0;0;0;0;0;0;0;0;0;0;0;0;0;0;0;0;0;0;0;0;0;0;0;0;0;0;0;0;0;0;0;0;0;0;0;0;0;0;0;0;0;0;0;0;2013-10-23 18:00:00;-1;1;75;0;50;0;-1;1;-1;-1;-1;-1;-1;-1;3;3;1;1;6;2;-1;0;0;0;0;0;0;0;0;0;0;0;0;0;1;1;0;0;-1;-1;0;0;-1;-1;-1;-1;-1;-1;-1;-1;-1;75;75;75;75;100;25;100;75;75;14;0.5;4;4.5;Arsenal U19;Borussia Dortmund U19;1.5;1.33;3;1.5;3;1.5;25;25;25;25;0;100;100;50;0;0;0;4054;6;N;N;N;N;N;N;N
882361;679652;4198;2013/2014;complete;56383;3;-1;;21;0;1;1;5;3;8;0;1;2;2;1;0;8;5;3;3;11;8;15;18;-1;-1;4;2;0;0;0;0;0;0;0;0;0;0;0;0;0;0;0;0;0;0;0;0;0;0;0;0;0;0;0;0;0;0;0;0;0;0;0;0;0;0;0;0;0;0;0;0;0;0;0;0;0;0;0;0;0;0;0;0;0;0;0;0;0;0;0;0;0;0;0;0;1;0;1;0;0;0;1;2013-10-24 14:00:00;4198;1;50;50;50;0;-1;1;-1;-1;-1;-1;-1;-1;2;1;1;1;3;2;-1;0;0;0;0;0;0;0;0;1;0;1;0;0;1;1;0;0;-1;-1;0;0;-1;-1;-1;-1;-1;-1;-1;-1;-1;50;50;75;75;75;25;75;75;75;11;2.5;4;3.5;Anderlecht U19;PSG U19;0.83;1.25;1.5;0.5;1.5;0.5;50;50;25;25;25;50;50;50;0;0;0;4054;6;Y;N;N;N;N;N;N
882364;3715;1573;2013/2014;complete;56383;4;-1;60;8,11,18,71;1;4;5;0;4;4;4;5;2;0;0;0;4;5;5;12;9;17;21;8;50;50;2;0;0;0;0;0;0;0;0;0;0;0;0;0;0;0;0;0;0;0;0;0;0;0;0;0;0;0;0;0;0;0;0;0;0;0;0;0;0;0;0;0;0;0;0;0;0;0;0;0;0;0;0;0;0;0;0;0;0;0;0;0;0;0;0;0;0;0;0;0;5;0;3;1;1;2;3;2013-11-05 10:30:00;1573;1;17;0;50;0;-1;1;-1;-1;-1;-1;-1;-1;1;0;1;0;1;1;-1;0;0;0;0;0;0;0;0;1;0;1;0;0;1;1;0;1;-1;-1;0;0;-1;-1;-1;-1;-1;-1;-1;-1;-1;50;84;84;100;100;84;84;100;50;10;2.66;3.67;4.34;Viktoria Plzeň U19;Bayern München U19;0;1.67;0;1;0;1;50;17;17;0;0;84;84;33;0;0;0;4054;6;Y;Y;Y;Y;Y;N;Y
882367;1752;1590;2013/2014;complete;56383;4;-1;19,59;90,90;2;2;4;4;7;11;0;1;1;2;0;0;4;5;5;5;9;10;8;14;50;50;1;2;0;0;0;0;0;0;0;0;0;0;0;0;0;0;0;0;0;0;0;0;0;0;0;0;0;0;0;0;0;0;0;0;0;0;0;0;0;0;0;0;0;0;0;0;0;0;0;0;0;0;0;0;0;0;0;0;0;0;0;0;0;0;0;0;0;0;0;0;4;1;0;1;2;3;1;2013-11-05 13:00:00;-1;1;100;50;100;0;-1;1;-1;-1;-1;-1;-1;-1;0;0;1;2;0;3;-1;0;0;0;0;0;0;0;0;0;0;0;0;0;1;1;0;0;-1;-1;0;0;-1;-1;-1;-1;-1;-1;-1;-1;-1;50;50;100;100;100;50;67;100;84;9;3.67;5;4.5;Shakhtar Donetsk U19;Bayer Leverkusen U19;1.29;1.17;2;0;2;0;50;50;0;0;0;84;84;0;0;0;0;4054;6;Y;Y;Y;Y;N;N;Y
882370;8434;4668;2013/2014;complete;56383;4;-1;;36,90;0;2;2;-1;-1;-1;-1;-1;4;3;0;0;-1;-1;-1;-1;-1;-1;-1;-1;-1;-1;4;3;0;0;0;0;0;0;0;0;0;0;0;0;0;0;0;0;0;0;0;0;0;0;0;0;0;0;0;0;0;0;0;0;0;0;0;0;0;0;0;0;0;0;0;0;0;0;0;0;0;0;0;0;0;0;0;0;0;0;0;0;0;0;0;0;0;0;0;0;2;0;1;0;1;1;1;2013-11-05 13:30:00;4668;1;100;50;50;0;-1;1;-1;-1;-1;-1;-1;-1;2;1;2;2;3;4;-1;0;0;0;0;0;0;0;0;0;0;0;0;0;1;1;0;0;-1;-1;0;0;-1;-1;-1;-1;-1;-1;-1;-1;-1;33;67;67;100;100;67;84;84;67;12.5;6.34;4.66;4.67;Juventus U19;Real Madrid U19;1.33;1.89;1.33;1.67;1.33;1.67;67;34;34;0;0;75;50;50;0;0;0;4054;6;Y;Y;N;N;N;N;N
882373;4669;679673;2013/2014;complete;56383;4;-1;;11,56;0;2;2;6;1;7;1;2;1;3;0;0;8;2;8;2;16;4;15;15;50;50;1;3;0;0;0;0;0;0;0;0;0;0;0;0;0;0;0;0;0;0;0;0;0;0;0;0;0;0;0;0;0;0;0;0;0;0;0;0;0;0;0;0;0;0;0;0;0;0;0;0;0;0;0;0;0;0;0;0;0;0;0;0;0;0;0;0;0;0;0;0;2;0;1;0;1;1;1;2013-11-05 14:00:00;679673;1;67;50;50;0;-1;1;-1;-1;-1;-1;-1;-1;1;1;0;2;2;2;-1;0;0;0;0;0;0;0;0;0;0;0;0;0;1;1;0;0;-1;-1;0;0;-1;-1;-1;-1;-1;-1;-1;-1;-1;50;50;67;67;100;50;100;67;50;9.66;1.67;5.67;3.84;Real Sociedad U19;Manchester United U19;1.43;1.17;3;1;3;1;50;50;33;33;0;84;84;33;0;0;0;4054;6;Y;Y;N;N;N;N;N
882376;678825;679651;2013/2014;complete;56383;4;-1;21;66,78;1;2;3;5;2;7;4;1;2;2;0;0;6;4;4;4;10;8;13;8;50;50;2;2;0;0;0;0;0;0;0;0;0;0;0;0;0;0;0;0;0;0;0;0;0;0;0;0;0;0;0;0;0;0;0;0;0;0;0;0;0;0;0;0;0;0;0;0;0;0;0;0;0;0;0;0;0;0;0;0;0;0;0;0;0;0;0;0;0;0;0;0;3;1;0;0;2;2;1;2013-11-05 15:00:00;679651;1;50;0;0;0;-1;1;-1;-1;-1;-1;-1;-1;0;0;2;2;0;4;-1;0;0;0;0;0;0;0;0;0;0;0;0;0;1;1;0;0;-1;-1;0;0;-1;-1;-1;-1;-1;-1;-1;-1;-1;50;50;50;100;100;50;50;100;84;12.34;5;4;3.67;Manchester City U19;CSKA Moskva U19;1.75;1.86;2.33;2.33;2.33;2.33;50;50;50;0;0;84;84;67;0;0;0;4054;7;Y;Y;Y;N;N;N;Y
882379;9434;678199;2013/2014;complete;56383;4;-1;29,61;18,76;2;2;4;8;4;12;5;3;2;4;0;0;4;5;7;5;11;10;14;10;-1;-1;2;4;0;0;0;0;0;0;0;0;0;0;0;0;0;0;0;0;0;0;0;0;0;0;0;0;0;0;0;0;0;0;0;0;0;0;0;0;0;0;0;0;0;0;0;0;0;0;0;0;0;0;0;0;0;0;0;0;0;0;0;0;0;0;0;0;0;0;0;0;4;1;1;1;1;2;2;2013-11-05 16:00:00;-1;1;67;50;100;0;-1;1;-1;-1;-1;-1;-1;-1;0;2;2;2;2;4;-1;0;0;0;0;0;0;0;0;0;0;0;0;0;1;1;0;0;-1;-1;0;0;-1;-1;-1;-1;-1;-1;-1;-1;-1;0;33;33;67;100;33;50;84;33;7.33;4;4.66;2.33;København U19;Galatasaray U19;1.43;0.33;1.67;0.33;1.67;0.33;100;67;67;33;0;50;33;33;0;0;0;4054;6;Y;Y;Y;Y;N;N;Y
882382;678845;679689;2013/2014;complete;56383;4;-1;60,88;29;2;1;3;8;6;14;3;2;4;1;0;0;2;5;8;2;10;7;10;9;50;50;4;1;0;0;0;0;0;0;0;0;0;0;0;0;0;0;0;0;0;0;0;0;0;0;0;0;0;0;0;0;0;0;0;0;0;0;0;0;0;0;0;0;0;0;0;0;0;0;0;0;0;0;0;0;0;0;0;0;0;0;0;0;0;0;0;0;0;0;0;0;3;0;1;2;0;2;1;2013-11-05 16:00:00;678845;1;100;50;50;0;-1;1;-1;-1;-1;-1;-1;-1;2;0;2;1;2;3;-1;0;0;0;0;0;0;0;0;0;0;0;0;0;1;1;0;0;-1;-1;0;0;-1;-1;-1;-1;-1;-1;-1;-1;-1;67;84;100;100;100;67;100;100;100;9;8.67;3.34;4.5;Ajax U19;Celtic U19;0.6;0.67;0;1;0;1;34;17;0;0;0;84;50;50;0;0;0;4054;5;Y;Y;Y;N;N;N;Y
882385;4648;8461;2013/2014;complete;56383;4;-1;79;17;1;1;2;-1;-1;-1;-1;-1;2;2;0;0;-1;-1;-1;-1;-1;-1;-1;-1;-1;-1;2;2;0;0;0;0;0;0;0;0;0;0;0;0;0;0;0;0;0;0;0;0;0;0;0;0;0;0;0;0;0;0;0;0;0;0;0;0;0;0;0;0;0;0;0;0;0;0;0;0;0;0;0;0;0;0;0;0;0;0;0;0;0;0;0;0;0;0;0;0;2;0;1;1;0;1;1;2013-11-05 16:45:00;-1;1;100;50;50;0;-1;1;-1;-1;-1;-1;-1;-1;0;0;2;2;0;4;-1;0;0;0;0;0;0;0;0;0;0;0;0;0;1;1;0;0;-1;-1;0;0;-1;-1;-1;-1;-1;-1;-1;-1;-1;67;84;100;100;100;67;100;100;100;11.5;0.33;1.67;5.5;Barcelona U19;Milan U19;2.8;1.33;3;2;3;2;33;17;0;0;0;75;25;25;0;0;0;4054;6;Y;Y;N;N;N;N;Y
882388;678835;678846;2013/2014;complete;56383;4;-1;30;47,64;1;2;3;2;8;10;2;0;3;3;0;0;4;6;3;7;7;13;14;15;50;50;3;3;0;0;0;0;0;0;0;0;0;0;0;0;0;0;0;0;0;0;0;0;0;0;0;0;0;0;0;0;0;0;0;0;0;0;0;0;0;0;0;0;0;0;0;0;0;0;0;0;0;0;0;0;0;0;0;0;0;0;0;0;0;0;0;0;0;0;0;0;3;1;0;0;2;2;1;2013-11-06 09:00:00;678846;1;67;0;0;0;-1;1;-1;-1;-1;-1;-1;-1;3;2;0;1;5;1;-1;0;0;0;0;0;0;0;0;0;0;0;0;0;1;1;0;0;-1;-1;0;0;-1;-1;-1;-1;-1;-1;-1;-1;-1;17;67;100;100;100;84;100;100;67;12.33;2.67;7;4;Zenit U19;Porto U19;0.17;1.33;0.33;1.33;0.33;1.33;84;33;0;0;0;100;100;84;0;0;0;4054;6;Y;Y;Y;N;N;N;Y
882392;6988;679687;2013/2014;complete;56383;4;-1;8,22;3;2;1;3;8;5;13;2;3;4;3;0;0;7;3;5;3;12;6;14;16;-1;-1;4;3;0;0;0;0;0;0;0;0;0;0;0;0;0;0;0;0;0;0;0;0;0;0;0;0;0;0;0;0;0;0;0;0;0;0;0;0;0;0;0;0;0;0;0;0;0;0;0;0;0;0;0;0;0;0;0;0;0;0;0;0;0;0;0;0;0;0;0;0;3;2;1;0;0;0;3;2013-11-06 11:00:00;6988;1;67;0;50;0;-1;1;-1;-1;-1;-1;-1;-1;2;0;2;3;2;5;-1;0;0;0;0;0;0;0;0;0;0;0;0;0;1;1;1;1;-1;-1;0;0;-1;-1;-1;-1;-1;-1;-1;-1;-1;50;67;100;100;100;84;100;100;67;13.33;5.66;5.67;4.67;Atlético Madrid U19;Austria Wien U19;1.86;1.57;1.33;2.33;1.33;2.33;50;34;0;0;0;100;100;84;0;0;0;4054;7;Y;Y;Y;N;N;N;Y
882395;4198;679652;2013/2014;complete;56383;4;-1;16;23;1;1;2;-1;-1;-1;-1;-1;3;3;1;0;-1;-1;-1;-1;-1;-1;-1;-1;-1;-1;4;3;0;0;0;0;0;0;0;0;0;0;0;0;0;0;0;0;0;0;0;0;0;0;0;0;0;0;0;0;0;0;0;0;0;0;0;0;0;0;0;0;0;0;0;0;0;0;0;0;0;0;0;0;0;0;0;0;0;0;0;0;0;0;0;0;0;0;0;0;2;1;1;0;0;0;2;2013-11-06 13:30:00;-1;1;33;0;50;0;-1;1;-1;-1;-1;-1;-1;-1;1;1;3;2;2;5;-1;0;0;0;0;0;0;0;0;0;0;0;0;0;1;1;0;0;-1;-1;0;0;-1;-1;-1;-1;-1;-1;-1;-1;-1;33;33;50;50;84;17;84;50;50;9.83;2;4.67;2.67;PSG U19;Anderlecht U19;1.25;0.83;1.33;1;1.33;1;67;67;50;50;17;25;25;25;0;0;0;4054;6;Y;Y;N;N;N;N;Y
882398;679653;679688;2013/2014;complete;56383;4;-1;43;62,82,90;1;3;4;-1;-1;-1;-1;-1;3;5;0;0;-1;-1;-1;-1;-1;-1;-1;-1;-1;-1;3;5;0;0;0;0;0;0;0;0;0;0;0;0;0;0;0;0;0;0;0;0;0;0;0;0;0;0;0;0;0;0;0;0;0;0;0;0;0;0;0;0;0;0;0;0;0;0;0;0;0;0;0;0;0;0;0;0;0;0;0;0;0;0;0;0;0;0;0;0;4;1;0;0;3;3;1;2013-11-06 14:00:00;679688;1;33;0;0;0;-1;1;-1;-1;-1;-1;-1;-1;1;0;2;5;1;7;-1;0;0;0;0;0;0;0;0;0;0;0;0;0;1;1;0;0;-1;-1;0;0;-1;-1;-1;-1;-1;-1;-1;-1;-1;17;50;67;100;100;34;100;100;67;9.5;0;3.67;3.34;Basel U19;FCSB U19;0.17;0.83;0.33;0.33;0.33;0.33;84;50;33;0;0;75;75;0;0;0;0;4054;6;Y;Y;Y;Y;N;N;Y
882401;8436;4191;2013/2014;complete;56383;4;-1;40,60;;2;0;2;-1;-1;-1;-1;-1;3;3;0;1;-1;-1;-1;-1;-1;-1;-1;-1;-1;-1;3;4;0;0;0;0;0;0;0;0;0;0;0;0;0;0;0;0;0;0;0;0;0;0;0;0;0;0;0;0;0;0;0;0;0;0;0;0;0;0;0;0;0;0;0;0;0;0;0;0;0;0;0;0;0;0;0;0;0;0;0;0;0;0;0;0;0;0;0;0;2;1;0;1;0;1;1;2013-11-06 14:00:00;8436;1;84;0;50;0;-1;1;-1;-1;-1;-1;-1;-1;0;2;3;2;2;5;-1;0;0;0;0;0;0;0;1;0;1;0;0;0;1;1;0;0;-1;-1;0;1;-1;-1;-1;-1;-1;-1;-1;-1;-1;50;50;84;84;100;17;100;84;84;4;0.67;9;4;Napoli U19;Olympique Marseille U19;1.29;1.17;1;1;1;1;50;50;17;17;0;50;50;25;0;0;0;4054;6;Y;Y;N;N;N;N;N
882404;678819;1596;2013/2014;complete;56383;4;-1;17;;1;0;1;4;7;11;2;0;0;1;0;0;2;11;3;7;5;18;12;21;50;50;0;1;0;0;0;0;0;0;0;0;0;0;0;0;0;0;0;0;0;0;0;0;0;0;0;0;0;0;0;0;0;0;0;0;0;0;0;0;0;0;0;0;0;0;0;0;0;0;0;0;0;0;0;0;0;0;0;0;0;0;0;0;0;0;0;0;0;0;0;0;1;1;0;0;0;0;1;2013-11-06 15:00:00;678819;1;0;0;0;0;-1;1;-1;-1;-1;-1;-1;-1;0;0;0;1;0;1;-1;0;0;0;0;0;0;0;0;0;0;0;0;0;1;1;0;0;-1;-1;0;0;-1;-1;-1;-1;-1;-1;-1;-1;-1;17;50;67;100;100;33;67;100;100;11.5;2.34;3;3.33;Chelsea U19;Schalke 04 U19;2.63;1.78;3;2;3;2;84;50;33;0;0;75;75;75;0;0;0;4054;8;Y;N;N;N;N;N;N
882407;1574;679650;2013/2014;complete;56383;4;-1;42,47;28,36;2;2;4;4;6;10;0;3;2;1;0;0;5;8;7;3;12;11;24;8;-1;-1;2;1;0;0;0;0;0;0;0;0;0;0;0;0;0;0;0;0;0;0;0;0;0;0;0;0;0;0;0;0;0;0;0;0;0;0;0;0;0;0;0;0;0;0;0;0;0;0;0;0;0;0;0;0;0;0;0;0;0;0;0;0;0;0;0;0;0;0;0;0;4;1;2;1;0;1;3;2013-11-06 15:00:00;-1;1;50;0;100;0;-1;1;-1;-1;-1;-1;-1;-1;2;1;0;0;3;0;-1;0;0;0;0;0;0;0;0;0;0;0;0;0;1;1;0;0;-1;-1;0;0;-1;-1;-1;-1;-1;-1;-1;-1;-1;50;50;50;50;67;17;67;50;50;11.5;3;5.33;3;Borussia Dortmund U19;Arsenal U19;1.33;1.5;1.33;2.33;1.33;2.33;50;50;50;50;33;100;50;25;0;0;0;4054;6;Y;Y;Y;Y;N;N;Y
882410;677021;678844;2013/2014;complete;56383;4;-1;;70;0;1;1;6;10;16;1;1;2;0;0;0;8;9;9;9;17;18;21;12;50;50;2;0;0;0;0;0;0;0;0;0;0;0;0;0;0;0;0;0;0;0;0;0;0;0;0;0;0;0;0;0;0;0;0;0;0;0;0;0;0;0;0;0;0;0;0;0;0;0;0;0;0;0;0;0;0;0;0;0;0;0;0;0;0;0;0;0;0;0;0;0;1;0;0;0;1;1;0;2013-11-06 17:00:00;678844;1;33;0;50;0;-1;1;-1;-1;-1;-1;-1;-1;1;0;1;0;1;1;-1;0;0;0;0;0;0;0;0;0;0;0;0;0;1;1;0;0;-1;-1;0;0;-1;-1;-1;-1;-1;-1;-1;-1;-1;33;33;50;50;50;17;50;50;50;9.83;2.67;4.67;2.34;Olympiakos CFP U19;Benfica U19;0.67;2.3;0.67;2.33;0.67;2.33;67;67;50;50;50;59;59;59;0;0;0;4054;6;Y;N;N;N;N;N;N
882413;679650;4191;2013/2014;complete;56383;5;-1;39;35;1;1;2;4;3;7;7;0;0;1;1;1;8;0;2;5;10;5;10;16;-1;-1;2;3;0;0;0;0;0;0;0;0;0;0;0;0;0;0;0;0;0;0;0;0;0;0;0;0;0;0;0;0;0;0;0;0;0;0;0;0;0;0;0;0;0;0;0;0;0;0;0;0;0;0;0;0;0;0;0;0;0;0;0;0;0;0;0;0;0;0;0;0;2;1;1;0;0;0;2;2013-11-25 19:00:00;-1;1;75;0;50;0;-1;1;-1;-1;-1;-1;-1;-1;1;0;0;2;1;2;-1;0;0;0;0;0;0;0;1;0;1;0;0;0;1;1;0;0;-1;-1;0;0;-1;-1;-1;-1;-1;-1;-1;-1;-1;50;63;75;88;88;25;88;88;63;7;1.5;5.25;3.88;Arsenal U19;Olympique Marseille U19;1.5;1.17;2;0.75;2;0.75;50;38;25;13;13;50;34;17;0;0;0;4054;6;Y;Y;N;N;N;N;Y
882416;678835;6988;2013/2014;complete;56383;5;-1;27,36,45;14,58,85,88;3;4;7;5;4;9;5;6;4;3;1;0;4;2;7;4;11;6;23;10;50;50;5;3;0;0;0;0;0;0;0;0;0;0;0;0;0;0;0;0;0;0;0;0;0;0;0;0;0;0;0;0;0;0;0;0;0;0;0;0;0;0;0;0;0;0;0;0;0;0;0;0;0;0;0;0;0;0;0;0;0;0;0;0;0;0;0;0;0;0;0;0;7;3;1;0;3;3;4;2013-11-26 09:00:00;6988;1;88;25;0;0;-1;1;-1;-1;-1;-1;-1;-1;2;0;3;3;2;6;-1;0;0;0;0;0;0;0;0;0;0;0;0;0;1;1;0;0;-1;-1;0;0;-1;-1;-1;-1;-1;-1;-1;-1;-1;38;63;100;100;100;75;100;88;75;11.75;4;7.25;4.38;Zenit U19;Atlético Madrid U19;0.17;1.86;0.25;1.75;0.25;1.75;63;38;0;0;0;100;100;75;0;0;0;4054;6;Y;Y;Y;Y;Y;Y;Y
882419;678846;679687;2013/2014;complete;56383;5;-1;;;0;0;0;2;4;6;1;1;4;3;0;0;9;4;3;2;12;6;14;15;-1;-1;4;3;0;0;0;0;0;0;0;0;0;0;0;0;0;0;0;0;0;0;0;0;0;0;0;0;0;0;0;0;0;0;0;0;0;0;0;0;0;0;0;0;0;0;0;0;0;0;0;0;0;0;0;0;0;0;0;0;0;0;0;0;0;0;0;0;0;0;0;0;0;0;0;0;0;0;0;2013-11-26 11:00:00;-1;1;63;25;0;0;-1;1;-1;-1;-1;-1;-1;-1;2;1;2;2;3;4;-1;0;0;0;0;0;0;0;0;0;0;0;0;0;1;1;0;0;-1;-1;0;0;-1;-1;-1;-1;-1;-1;-1;-1;-1;13;38;100;100;100;75;100;88;50;13.25;4;5.5;3.63;Porto U19;Austria Wien U19;1.33;1.57;1.75;1.75;1.75;1.75;88;63;0;0;0;100;100;75;0;0;0;4054;6;N;N;N;N;N;N;N
882421;679688;1596;2013/2014;complete;56383;5;-1;2;26;1;1;2;4;3;7;0;10;1;1;0;1;4;9;3;6;7;15;17;15;-1;-1;1;2;0;0;0;0;0;0;0;0;0;0;0;0;0;0;0;0;0;0;0;0;0;0;0;0;0;0;0;0;0;0;0;0;0;0;0;0;0;0;0;0;0;0;0;0;0;0;0;0;0;0;0;0;0;0;0;0;0;0;0;0;0;0;0;0;0;0;0;0;2;1;1;0;0;0;2;2013-11-26 14:00:00;-1;1;25;0;0;0;-1;1;-1;-1;-1;-1;-1;-1;0;0;1;2;0;3;-1;0;0;0;0;0;0;0;0;0;0;0;0;0;1;1;1;0;-1;-1;0;0;-1;-1;-1;-1;-1;-1;-1;-1;-1;13;38;63;88;100;13;88;88;75;10;0;4.25;3;FCSB U19;Schalke 04 U19;0.83;1.78;1;1.5;1;1.5;88;63;38;13;0;75;75;50;0;0;0;4054;6;Y;Y;N;N;N;N;Y
882424;679653;678819;2013/2014;complete;56383;5;-1;90;60,63;1;2;3;-1;-1;-1;-1;-1;2;0;0;0;-1;-1;-1;-1;-1;-1;-1;-1;-1;-1;2;0;0;0;0;0;0;0;0;0;0;0;0;0;0;0;0;0;0;0;0;0;0;0;0;0;0;0;0;0;0;0;0;0;0;0;0;0;0;0;0;0;0;0;0;0;0;0;0;0;0;0;0;0;0;0;0;0;0;0;0;0;0;0;0;0;0;0;0;0;3;0;0;1;2;3;0;2013-11-26 14:00:00;678819;1;25;0;0;0;-1;1;-1;-1;-1;-1;-1;-1;1;0;1;0;1;1;-1;0;0;0;0;0;0;0;1;0;1;0;0;0;1;1;0;0;-1;-1;0;0;-1;-1;-1;-1;-1;-1;-1;-1;-1;13;63;63;88;100;38;88;88;75;10.67;1.75;3;3.25;Basel U19;Chelsea U19;0.17;2.63;0.25;3;0.25;3;88;38;38;13;0;84;84;34;0;0;0;4054;6;Y;Y;Y;N;N;N;Y
882428;1574;8436;2013/2014;complete;56383;5;-1;75,78;53;2;1;3;-1;-1;-1;-1;-1;5;2;0;0;-1;-1;-1;-1;-1;-1;-1;-1;-1;-1;5;2;0;0;0;0;0;0;0;0;0;0;0;0;0;0;0;0;0;0;0;0;0;0;0;0;0;0;0;0;0;0;0;0;0;0;0;0;0;0;0;0;0;0;0;0;0;0;0;0;0;0;0;0;0;0;0;0;0;0;0;0;0;0;0;0;0;0;0;0;3;0;0;2;1;3;0;2013-11-26 14:30:00;1574;1;50;25;50;0;-1;1;-1;-1;-1;-1;-1;-1;2;1;3;1;3;4;-1;0;0;0;0;0;0;0;0;0;0;0;0;0;1;1;0;0;-1;-1;0;0;-1;-1;-1;-1;-1;-1;-1;-1;-1;25;38;50;63;88;25;88;63;38;8;1.5;8;2.88;Borussia Dortmund U19;Napoli U19;1.33;1.29;1.25;1.5;1.25;1.5;75;63;50;38;13;100;84;25;0;0;0;4054;6;Y;Y;Y;N;N;N;Y
882431;679689;8461;2013/2014;complete;56383;5;-1;51;88;1;1;2;-1;-1;-1;-1;-1;2;3;0;0;-1;-1;-1;-1;-1;-1;-1;-1;-1;-1;2;3;0;0;0;0;0;0;0;0;0;0;0;0;0;0;0;0;0;0;0;0;0;0;0;0;0;0;0;0;0;0;0;0;0;0;0;0;0;0;0;0;0;0;0;0;0;0;0;0;0;0;0;0;0;0;0;0;0;0;0;0;0;0;0;0;0;0;0;0;2;0;0;1;1;2;0;2013-11-26 15:00:00;-1;1;100;0;75;0;-1;1;-1;-1;-1;-1;-1;-1;1;0;1;3;1;4;-1;0;0;0;0;0;0;0;0;0;0;0;0;0;1;1;0;0;-1;-1;0;0;-1;-1;-1;-1;-1;-1;-1;-1;-1;38;63;88;100;100;50;100;100;88;10;4;2.75;4.25;Celtic U19;Milan U19;0.67;1.33;0.75;1.75;0.75;1.75;63;38;13;0;0;75;38;38;0;0;0;4054;6;Y;Y;N;N;N;N;Y
882434;679651;1573;2013/2014;complete;56383;5;-1;2;56,79;1;2;3;5;6;11;4;1;3;4;0;0;4;3;1;5;5;8;24;10;50;50;3;4;0;0;0;0;0;0;0;0;0;0;0;0;0;0;0;0;0;0;0;0;0;0;0;0;0;0;0;0;0;0;0;0;0;0;0;0;0;0;0;0;0;0;0;0;0;0;0;0;0;0;0;0;0;0;0;0;0;0;0;0;0;0;0;0;0;0;0;0;3;1;0;0;2;2;1;2013-11-27 09:00:00;1573;1;38;0;50;0;-1;1;-1;-1;-1;-1;-1;-1;0;2;3;2;2;5;-1;0;0;0;0;0;0;0;1;1;1;1;0;0;1;1;1;0;-1;-1;0;1;-1;-1;-1;-1;-1;-1;-1;-1;-1;38;50;63;100;100;50;63;100;75;8.25;2.5;2.75;3.63;CSKA Moskva U19;Bayern München U19;1.86;1.67;2.5;1.5;2.5;1.5;63;50;38;0;0;63;63;38;0;0;0;4054;6;Y;Y;Y;N;N;N;Y
882437;1752;4669;2013/2014;complete;56383;5;-1;;;0;0;0;5;1;6;2;1;0;1;0;0;5;0;10;2;15;2;16;13;50;50;0;1;0;0;0;0;0;0;0;0;0;0;0;0;0;0;0;0;0;0;0;0;0;0;0;0;0;0;0;0;0;0;0;0;0;0;0;0;0;0;0;0;0;0;0;0;0;0;0;0;0;0;0;0;0;0;0;0;0;0;0;0;0;0;0;0;0;0;0;0;0;0;0;0;0;0;0;2013-11-27 13:00:00;-1;1;75;25;50;0;-1;1;-1;-1;-1;-1;-1;-1;0;1;0;0;1;0;-1;0;0;0;0;0;0;0;0;0;0;0;0;0;1;1;0;0;-1;-1;0;0;-1;-1;-1;-1;-1;-1;-1;-1;-1;38;50;75;88;100;38;88;88;50;10.25;2.5;2.5;3.63;Shakhtar Donetsk U19;Real Sociedad U19;1.29;1.43;1.75;2.25;1.75;2.25;63;50;25;13;0;75;75;25;0;0;0;4054;7;N;N;N;N;N;N;N
882440;1590;679673;2013/2014;complete;56383;5;-1;18,29,90;49;3;1;4;2;4;6;1;3;6;1;1;2;3;4;4;3;7;7;11;14;50;50;8;4;0;0;0;0;0;0;0;0;0;0;0;0;0;0;0;0;0;0;0;0;0;0;0;0;0;0;0;0;0;0;0;0;0;0;0;0;0;0;0;0;0;0;0;0;0;0;0;0;0;0;0;0;0;0;0;0;0;0;0;0;0;0;0;0;0;0;0;0;4;2;0;1;1;2;2;2013-11-27 13:00:00;1590;1;75;25;50;0;-1;1;-1;-1;-1;-1;-1;-1;1;2;6;1;3;7;-1;0;0;0;0;0;0;0;0;1;0;1;0;0;1;1;0;0;-1;-1;0;0;-1;-1;-1;-1;-1;-1;-1;-1;-1;38;50;75;88;100;38;88;88;75;8.25;2.5;7.25;4.13;Bayer Leverkusen U19;Manchester United U19;1.17;1.17;0.25;1.5;0.25;1.5;63;50;25;13;0;75;75;25;0;0;0;4054;6;Y;Y;Y;Y;N;N;Y
882443;8434;9434;2013/2014;complete;56383;5;-1;38,80;34,51;2;2;4;-1;-1;-1;-1;-1;1;2;0;0;-1;-1;-1;-1;-1;-1;-1;-1;-1;-1;1;2;0;0;0;0;0;0;0;0;0;0;0;0;0;0;0;0;0;0;0;0;0;0;0;0;0;0;0;0;0;0;0;0;0;0;0;0;0;0;0;0;0;0;0;0;0;0;0;0;0;0;0;0;0;0;0;0;0;0;0;0;0;0;0;0;0;0;0;0;4;1;1;1;1;2;2;2013-11-27 13:30:00;-1;1;75;0;25;0;-1;1;-1;-1;-1;-1;-1;-1;0;0;1;2;0;3;-1;0;0;0;0;0;0;0;0;0;0;0;0;0;1;1;0;0;-1;-1;0;0;-1;-1;-1;-1;-1;-1;-1;-1;-1;13;63;63;88;100;50;75;100;63;11.5;4.25;5.75;3.63;Juventus U19;København U19;1.33;1.43;1;1.5;1;1.5;88;38;38;13;0;88;50;50;0;0;0;4054;6;Y;Y;Y;Y;N;N;Y
882446;4198;677021;2013/2014;complete;56383;5;-1;56;82;1;1;2;-1;-1;-1;-1;-1;1;2;0;0;-1;-1;-1;-1;-1;-1;-1;-1;-1;-1;1;2;0;0;0;0;0;0;0;0;0;0;0;0;0;0;0;0;0;0;0;0;0;0;0;0;0;0;0;0;0;0;0;0;0;0;0;0;0;0;0;0;0;0;0;0;0;0;0;0;0;0;0;0;0;0;0;0;0;0;0;0;0;0;0;0;0;0;0;0;2;0;0;1;1;2;0;2013-11-27 13:30:00;-1;1;38;50;50;0;-1;1;-1;-1;-1;-1;-1;-1;0;0;1;2;0;3;-1;0;0;0;0;0;0;0;1;0;1;0;0;0;1;1;0;0;-1;-1;0;0;-1;-1;-1;-1;-1;-1;-1;-1;-1;25;25;25;38;63;25;50;38;25;9;1.75;5.5;1.88;PSG U19;Olympiakos CFP U19;1.25;0.67;1.25;0.5;1.25;0.5;75;75;75;63;38;63;63;63;0;0;0;4054;6;Y;Y;N;N;N;N;Y
882449;4668;678199;2013/2014;complete;56383;5;-1;15,25,30,54;79;4;1;5;9;1;10;2;2;1;1;0;0;9;0;6;2;15;2;9;14;50;50;1;1;0;0;0;0;0;0;0;0;0;0;0;0;0;0;0;0;0;0;0;0;0;0;0;0;0;0;0;0;0;0;0;0;0;0;0;0;0;0;0;0;0;0;0;0;0;0;0;0;0;0;0;0;0;0;0;0;0;0;0;0;0;0;0;0;0;0;0;0;5;3;0;1;1;2;3;2013-11-27 15:00:00;4668;1;75;25;75;0;-1;1;-1;-1;-1;-1;-1;-1;0;0;1;1;0;2;-1;0;0;0;0;0;0;0;0;0;0;0;0;0;1;1;0;0;-1;-1;0;0;-1;-1;-1;-1;-1;-1;-1;-1;-1;13;38;38;88;100;50;75;75;38;9.5;5;4.5;3.13;Real Madrid U19;Galatasaray U19;1.89;0.33;2;0.5;2;0.5;88;63;63;13;0;50;50;50;0;0;0;4054;6;Y;Y;Y;Y;Y;N;Y
882452;678825;3715;2013/2014;complete;56383;5;-1;22,25,81;;3;0;3;5;5;10;2;0;1;0;0;0;3;4;6;1;9;5;11;12;50;50;1;0;0;0;0;0;0;0;0;0;0;0;0;0;0;0;0;0;0;0;0;0;0;0;0;0;0;0;0;0;0;0;0;0;0;0;0;0;0;0;0;0;0;0;0;0;0;0;0;0;0;0;0;0;0;0;0;0;0;0;0;0;0;0;0;0;0;0;0;0;3;2;0;1;0;1;2;2013-11-27 15:00:00;678825;1;63;0;0;0;-1;1;-1;-1;-1;-1;-1;-1;0;0;1;0;0;1;-1;0;0;0;0;0;0;0;0;0;0;0;0;0;1;1;0;0;-1;-1;0;0;-1;-1;-1;-1;-1;-1;-1;-1;-1;63;75;88;100;100;75;88;100;75;11.25;6.75;4.5;4.38;Manchester City U19;Viktoria Plzeň U19;1.75;0;1.75;0;1.75;0;38;25;13;0;0;63;63;38;0;0;0;4054;6;Y;Y;Y;N;N;N;N
882455;678845;4648;2013/2014;complete;56383;5;-1;;2,26,70,83;0;4;4;14;2;16;3;0;2;2;0;0;7;2;10;2;17;4;20;8;50;50;2;2;0;0;0;0;0;0;0;0;0;0;0;0;0;0;0;0;0;0;0;0;0;0;0;0;0;0;0;0;0;0;0;0;0;0;0;0;0;0;0;0;0;0;0;0;0;0;0;0;0;0;0;0;0;0;0;0;0;0;0;0;0;0;0;0;0;0;0;0;4;0;2;0;2;2;2;2013-11-27 18:00:00;4648;1;100;25;75;0;-1;1;-1;-1;-1;-1;-1;-1;1;0;1;2;1;3;-1;0;0;0;0;0;0;0;0;0;0;0;0;0;1;1;0;1;-1;-1;0;0;-1;-1;-1;-1;-1;-1;-1;-1;-1;63;63;88;100;100;50;100;100;88;11.75;3.5;3.25;4.5;Ajax U19;Barcelona U19;0.6;2.8;0.75;2.5;0.75;2.5;38;38;13;0;0;88;50;50;0;0;0;4054;5;Y;Y;Y;Y;N;N;N
882458;679652;678844;2013/2014;complete;56383;5;-1;3,11,78;23,25,28,66,76,90;3;6;9;9;3;12;1;2;2;3;0;0;8;6;5;1;13;7;14;6;-1;-1;2;3;0;0;0;0;0;0;0;0;0;0;0;0;0;0;0;0;0;0;0;0;0;0;0;0;0;0;0;0;0;0;0;0;0;0;0;0;0;0;0;0;0;0;0;0;0;0;0;0;0;0;0;0;0;0;0;0;0;0;0;0;0;0;0;0;0;0;0;0;9;2;3;1;3;4;5;2013-11-28 18:00:00;678844;1;38;25;50;0;-1;1;-1;-1;-1;-1;-1;-1;1;0;1;3;1;4;-1;0;0;0;0;0;0;0;0;0;0;0;0;0;1;1;1;0;-1;-1;0;0;-1;-1;-1;-1;-1;-1;-1;-1;-1;25;25;50;63;88;25;75;63;50;12.66;1.75;3.75;2.63;Anderlecht U19;Benfica U19;0.83;2.3;1;2.5;1;2.5;75;75;50;38;13;34;34;34;0;0;0;4054;6;Y;Y;Y;Y;Y;Y;Y
882461;679673;1752;2013/2014;complete;56383;6;-1;86;77;1;1;2;3;4;7;1;2;2;2;0;0;6;4;2;6;8;10;13;7;50;50;2;2;0;0;0;0;0;0;0;0;0;0;0;0;0;0;0;0;0;0;0;0;0;0;0;0;0;0;0;0;0;0;0;0;0;0;0;0;0;0;0;0;0;0;0;0;0;0;0;0;0;0;0;0;0;0;0;0;0;0;0;0;0;0;0;0;0;0;0;0;2;0;0;1;1;2;0;2013-12-09 19:00:00;-1;1;70;50;50;0;-1;1;-1;-1;-1;-1;-1;-1;2;1;0;1;3;1;-1;0;0;0;0;0;0;0;0;0;0;0;0;0;1;1;0;0;-1;-1;1;0;-1;-1;-1;-1;-1;-1;-1;-1;-1;20;40;70;80;90;30;80;80;60;8.4;3;4.6;3.2;Manchester United U19;Shakhtar Donetsk U19;1.17;1.29;1.2;1.6;1.2;1.6;80;60;30;20;10;70;70;20;0;0;0;4054;6;Y;Y;N;N;N;N;Y
882464;3715;679651;2013/2014;complete;56383;6;-1;;8,67;0;2;2;3;4;7;1;0;1;0;0;0;9;5;5;4;14;9;12;15;50;50;1;0;0;0;0;0;0;0;0;0;0;0;0;0;0;0;0;0;0;0;0;0;0;0;0;0;0;0;0;0;0;0;0;0;0;0;0;0;0;0;0;0;0;0;0;0;0;0;0;0;0;0;0;0;0;0;0;0;0;0;0;0;0;0;0;0;0;0;0;0;2;0;1;0;1;1;1;2013-12-10 10:45:00;679651;1;50;0;50;0;-1;1;-1;-1;-1;-1;-1;-1;0;0;1;0;0;1;-1;0;0;0;0;0;0;0;0;0;0;0;0;0;1;1;0;1;-1;-1;0;0;-1;-1;-1;-1;-1;-1;-1;-1;-1;40;50;80;100;100;60;80;100;60;8.6;3.8;4.2;3.7;Viktoria Plzeň U19;CSKA Moskva U19;0;1.86;0;2;0;2;60;50;20;0;0;80;80;40;0;0;0;4054;6;Y;Y;N;N;N;N;N
882467;678199;8434;2013/2014;complete;56383;6;-1;;15,64,72,76,78;0;5;5;-1;-1;-1;-1;-1;1;4;0;0;-1;-1;-1;-1;-1;-1;-1;-1;-1;-1;1;4;0;0;0;0;0;0;0;0;0;0;0;0;0;0;0;0;0;0;0;0;0;0;0;0;0;0;0;0;0;0;0;0;0;0;0;0;0;0;0;0;0;0;0;0;0;0;0;0;0;0;0;0;0;0;0;0;0;0;0;0;0;0;0;0;0;0;0;0;5;0;1;0;4;4;1;2013-12-10 13:00:00;8434;1;80;50;50;0;-1;1;-1;-1;-1;-1;-1;-1;0;0;1;4;0;5;-1;0;0;0;0;0;0;0;0;0;0;0;0;0;1;1;0;0;-1;-1;0;0;-1;-1;-1;-1;-1;-1;-1;-1;-1;20;70;70;90;100;60;70;90;70;10.4;3.6;5.4;3.8;Galatasaray U19;Juventus U19;0.33;1.33;0.4;1;0.4;1;80;30;30;10;0;80;55;45;0;0;0;4054;6;Y;Y;Y;Y;Y;N;N
882470;1573;678825;2013/2014;complete;56383;6;-1;;;0;0;0;4;4;8;1;1;1;1;1;0;7;5;5;5;12;10;10;16;50;50;2;1;0;0;0;0;0;0;0;0;0;0;0;0;0;0;0;0;0;0;0;0;0;0;0;0;0;0;0;0;0;0;0;0;0;0;0;0;0;0;0;0;0;0;0;0;0;0;0;0;0;0;0;0;0;0;0;0;0;0;0;0;0;0;0;0;0;0;0;0;0;0;0;0;0;0;0;2013-12-10 13:00:00;-1;1;50;0;50;0;-1;1;-1;-1;-1;-1;-1;-1;0;0;2;1;0;3;-1;0;0;0;0;0;0;0;0;0;0;0;0;0;1;1;0;0;-1;-1;0;0;-1;-1;-1;-1;-1;-1;-1;-1;-1;40;50;80;100;100;60;80;100;80;11.2;5;3.2;3.9;Bayern München U19;Manchester City U19;1.67;1.75;1.8;2;1.8;2;60;50;20;0;0;60;60;40;0;0;0;4054;6;N;N;N;N;N;N;N
882473;4669;1590;2013/2014;complete;56383;6;-1;;51;0;1;1;1;4;5;1;6;3;3;0;0;4;5;8;4;12;9;18;23;50;50;3;3;0;0;0;0;0;0;0;0;0;0;0;0;0;0;0;0;0;0;0;0;0;0;0;0;0;0;0;0;0;0;0;0;0;0;0;0;0;0;0;0;0;0;0;0;0;0;0;0;0;0;0;0;0;0;0;0;0;0;0;0;0;0;0;0;0;0;0;0;1;0;0;0;1;1;0;2013-12-10 14:00:00;1590;1;70;50;50;0;-1;1;-1;-1;-1;-1;-1;-1;0;0;3;3;0;6;-1;0;0;0;0;0;0;0;0;0;0;0;0;0;1;1;0;0;-1;-1;0;0;-1;-1;-1;-1;-1;-1;-1;-1;-1;40;60;70;80;90;50;80;80;60;8.8;2.4;5.8;3.8;Real Sociedad U19;Bayer Leverkusen U19;1.43;1.17;2;0.8;2;0.8;60;40;30;20;10;50;50;20;0;0;0;4054;6;Y;N;N;N;N;N;N
882476;9434;4668;2013/2014;complete;56383;6;-1;17,69,72;42,59;3;2;5;6;14;20;2;0;1;1;0;1;3;5;5;4;8;9;5;13;-1;-1;1;3;0;0;0;0;0;0;0;0;0;0;0;0;0;0;0;0;0;0;0;0;0;0;0;0;0;0;0;0;0;0;0;0;0;0;0;0;0;0;0;0;0;0;0;0;0;0;0;0;0;0;0;0;0;0;0;0;0;0;0;0;0;0;0;0;0;0;0;0;5;1;1;2;1;3;2;2013-12-10 15:00:00;9434;1;80;75;50;0;-1;1;-1;-1;-1;-1;-1;-1;0;0;1;2;0;3;-1;0;0;0;0;0;0;0;1;0;1;0;0;0;1;1;0;0;-1;-1;0;0;-1;-1;-1;-1;-1;-1;-1;-1;-1;20;50;50;90;100;60;90;90;50;11.17;4.2;3.8;3.4;København U19;Real Madrid U19;1.43;1.89;1.4;2.2;1.4;2.2;80;50;50;10;0;71;59;42;0;0;0;4054;7;Y;Y;Y;Y;Y;N;Y
882479;678844;4198;2013/2014;complete;56383;6;-1;14;90;1;1;2;4;1;5;3;1;4;3;0;0;5;6;4;6;9;12;19;14;50;50;4;3;0;0;0;0;0;0;0;0;0;0;0;0;0;0;0;0;0;0;0;0;0;0;0;0;0;0;0;0;0;0;0;0;0;0;0;0;0;0;0;0;0;0;0;0;0;0;0;0;0;0;0;0;0;0;0;0;0;0;0;0;0;0;0;0;0;0;0;0;2;1;0;0;1;1;1;2013-12-10 15:00:00;-1;1;50;0;0;0;-1;1;-1;-1;-1;-1;-1;-1;1;2;3;1;3;4;-1;0;0;0;0;0;0;0;0;0;0;0;0;0;1;1;0;0;-1;-1;0;0;-1;-1;-1;-1;-1;-1;-1;-1;-1;30;30;40;60;80;20;60;60;50;9;1.2;4.4;2.8;Benfica U19;PSG U19;2.3;1.25;2.6;1.2;2.6;1.2;70;70;60;40;20;63;63;63;0;0;0;4054;8;Y;Y;N;N;N;N;Y
882482;4648;679689;2013/2014;complete;56383;6;-1;55,77,87;;3;0;3;2;6;8;0;3;2;3;0;0;4;3;6;8;10;11;9;17;50;50;2;3;0;0;0;0;0;0;0;0;0;0;0;0;0;0;0;0;0;0;0;0;0;0;0;0;0;0;0;0;0;0;0;0;0;0;0;0;0;0;0;0;0;0;0;0;0;0;0;0;0;0;0;0;0;0;0;0;0;0;0;0;0;0;0;0;0;0;0;0;3;0;0;3;0;3;0;2013-12-10 17:00:00;4648;1;90;50;0;0;-1;1;-1;-1;-1;-1;-1;-1;0;0;2;3;0;5;-1;0;0;0;0;0;0;0;1;0;1;0;0;0;1;1;0;0;-1;-1;0;0;-1;-1;-1;-1;-1;-1;-1;-1;-1;30;50;80;100;100;50;90;100;90;10;3.2;2.8;3.9;Barcelona U19;Celtic U19;2.8;0.67;2.6;0.8;2.6;0.8;70;50;20;0;0;100;71;71;0;0;0;4054;6;Y;Y;Y;N;N;N;N
882485;678819;679688;2013/2014;complete;56383;6;-1;3,22,30,40,60;;5;0;5;-1;-1;-1;-1;-1;3;1;0;0;-1;-1;-1;-1;-1;-1;-1;-1;-1;-1;3;1;0;0;0;0;0;0;0;0;0;0;0;0;0;0;0;0;0;0;0;0;0;0;0;0;0;0;0;0;0;0;0;0;0;0;0;0;0;0;0;0;0;0;0;0;0;0;0;0;0;0;0;0;0;0;0;0;0;0;0;0;0;0;0;0;0;0;0;0;5;4;0;1;0;1;4;2013-12-10 19:00:00;678819;1;40;0;0;0;-1;1;-1;-1;-1;-1;-1;-1;2;0;1;1;2;2;-1;0;0;0;0;0;0;0;0;0;0;0;0;0;1;1;1;0;-1;-1;0;0;-1;-1;-1;-1;-1;-1;-1;-1;-1;0;40;60;90;100;20;80;80;70;6.67;1.8;2.8;2.9;Chelsea U19;FCSB U19;2.63;0.83;3;1;3;1;100;60;40;10;0;50;50;34;0;0;0;4054;6;Y;Y;Y;Y;Y;N;N
882488;679687;678835;2013/2014;complete;56383;6;-1;17,70;12;2;1;3;6;5;11;1;1;2;3;0;1;6;7;9;12;15;19;13;20;-1;-1;2;4;0;0;0;0;0;0;0;0;0;0;0;0;0;0;0;0;0;0;0;0;0;0;0;0;0;0;0;0;0;0;0;0;0;0;0;0;0;0;0;0;0;0;0;0;0;0;0;0;0;0;0;0;0;0;0;0;0;0;0;0;0;0;0;0;0;0;0;0;3;1;1;1;0;1;2;2013-12-11 10:00:00;679687;1;60;25;25;0;-1;1;-1;-1;-1;-1;-1;-1;0;1;2;3;1;5;-1;0;0;0;0;0;0;0;0;0;0;0;0;0;1;1;0;0;-1;-1;0;0;-1;-1;-1;-1;-1;-1;-1;-1;-1;30;40;90;90;90;60;90;80;70;9.8;5.2;6.2;3.8;Austria Wien U19;Zenit U19;1.57;0.17;1.6;0.2;1.6;0.2;70;60;10;10;10;90;80;70;0;0;0;4054;6;Y;Y;Y;N;N;N;Y
882491;6988;678846;2013/2014;complete;56383;6;-1;55,69,80;14,72;3;2;5;3;3;6;1;0;8;7;1;0;2;6;6;3;8;9;26;20;50;50;9;7;0;0;0;0;0;0;0;0;0;0;0;0;0;0;0;0;0;0;0;0;0;0;0;0;0;0;0;0;0;0;0;0;0;0;0;0;0;0;0;0;0;0;0;0;0;0;0;0;0;0;0;0;0;0;0;0;0;0;0;0;0;0;0;0;0;0;0;0;5;0;1;3;1;4;1;2013-12-11 11:00:00;6988;1;80;25;25;0;-1;1;-1;-1;-1;-1;-1;-1;4;2;5;5;6;10;-1;0;0;0;0;0;0;0;0;0;0;0;0;0;1;1;0;0;-1;-1;0;0;-1;-1;-1;-1;-1;-1;-1;-1;-1;30;60;90;90;90;80;90;80;50;13.2;3.8;7;4;Atlético Madrid U19;Porto U19;1.86;1.33;2;1.6;2;1.6;70;40;10;10;10;90;80;50;0;0;0;4054;6;Y;Y;Y;Y;Y;N;Y
882493;1596;679653;2013/2014;complete;56383;6;-1;7,17,56,71,87;32;5;1;6;7;2;9;0;3;1;3;0;0;9;5;5;3;14;8;15;13;50;50;1;3;0;0;0;0;0;0;0;0;0;0;0;0;0;0;0;0;0;0;0;0;0;0;0;0;0;0;0;0;0;0;0;0;0;0;0;0;0;0;0;0;0;0;0;0;0;0;0;0;0;0;0;0;0;0;0;0;0;0;0;0;0;0;0;0;0;0;0;0;6;2;1;3;0;3;3;2013-12-11 13:00:00;1596;1;40;0;0;0;-1;1;-1;-1;-1;-1;-1;-1;0;2;1;1;2;2;-1;0;0;0;0;0;0;0;0;0;0;0;0;0;1;1;1;0;-1;-1;0;0;-1;-1;-1;-1;-1;-1;-1;-1;-1;20;40;60;90;100;40;80;80;70;13;1;4;3.1;Schalke 04 U19;Basel U19;1.78;0.17;1.4;0.2;1.4;0.2;80;60;40;10;0;84;84;34;0;0;0;4054;6;Y;Y;Y;Y;Y;Y;Y
882496;4191;1574;2013/2014;complete;56383;6;-1;41,43,71,89;88;4;1;5;-1;-1;-1;-1;-1;3;3;0;0;-1;-1;-1;-1;-1;-1;-1;-1;-1;-1;3;3;0;0;0;0;0;0;0;0;0;0;0;0;0;0;0;0;0;0;0;0;0;0;0;0;0;0;0;0;0;0;0;0;0;0;0;0;0;0;0;0;0;0;0;0;0;0;0;0;0;0;0;0;0;0;0;0;0;0;0;0;0;0;0;0;0;0;0;0;5;2;0;2;1;3;2;2013-12-11 14:00:00;4191;1;70;0;25;0;-1;1;-1;-1;-1;-1;-1;-1;1;0;2;3;1;5;-1;0;0;0;0;0;0;0;0;1;0;1;0;0;1;1;0;0;-1;-1;0;0;-1;-1;-1;-1;-1;-1;-1;-1;-1;30;40;60;80;90;40;80;70;50;7;0;7.6;3.4;Olympique Marseille U19;Borussia Dortmund U19;1.17;1.33;0.8;1.6;0.8;1.6;70;60;40;20;10;50;34;0;0;0;0;4054;6;Y;Y;Y;Y;Y;N;Y
882499;8436;679650;2013/2014;complete;56383;6;-1;34,70;61;2;1;3;-1;-1;-1;-1;-1;4;1;0;0;-1;-1;-1;-1;-1;-1;-1;-1;-1;-1;4;1;0;0;0;0;0;0;0;0;0;0;0;0;0;0;0;0;0;0;0;0;0;0;0;0;0;0;0;0;0;0;0;0;0;0;0;0;0;0;0;0;0;0;0;0;0;0;0;0;0;0;0;0;0;0;0;0;0;0;0;0;0;0;0;0;0;0;0;0;3;1;0;1;1;2;1;2013-12-11 14:00:00;8436;1;70;25;25;0;-1;1;-1;-1;-1;-1;-1;-1;1;0;3;1;1;4;-1;0;0;0;0;0;0;0;0;0;0;0;0;0;1;1;0;0;-1;-1;0;0;-1;-1;-1;-1;-1;-1;-1;-1;-1;30;40;60;80;90;20;80;70;50;10.25;4;5.4;3;Napoli U19;Arsenal U19;1.29;1.5;1.2;1.8;1.2;1.8;70;60;40;20;10;88;75;38;0;0;0;4054;7;Y;Y;Y;N;N;N;Y
882502;677021;679652;2013/2014;complete;56383;6;-1;;;0;0;0;1;1;2;0;3;3;2;1;0;3;8;11;12;14;20;11;16;-1;-1;5;2;0;0;0;0;0;0;0;0;0;0;0;0;0;0;0;0;0;0;0;0;0;0;0;0;0;0;0;0;0;0;0;0;0;0;0;0;0;0;0;0;0;0;0;0;0;0;0;0;0;0;0;0;0;0;0;0;0;0;0;0;0;0;0;0;0;0;0;0;0;0;0;0;0;0;0;2013-12-11 17:00:00;-1;1;50;25;0;0;-1;1;-1;-1;-1;-1;-1;-1;3;1;1;1;4;2;-1;0;0;0;0;0;0;0;0;0;0;0;0;0;1;1;0;0;-1;-1;0;0;-1;-1;-1;-1;-1;-1;-1;-1;-1;30;30;40;60;80;40;60;60;50;12.5;1.8;4.6;3;Olympiakos CFP U19;Anderlecht U19;0.67;0.83;0.6;0.8;0.6;0.8;70;70;60;40;20;50;50;50;0;0;0;4054;6;N;N;N;N;N;N;N
882505;4648;9434;2013/2014;complete;56384;0;-1;26,37,77,88;16;4;1;5;10;1;11;1;3;1;1;0;0;4;5;11;2;15;7;7;13;-1;-1;1;1;0;0;0;0;0;0;0;0;0;0;0;0;0;0;0;0;0;0;0;0;0;0;0;0;0;0;0;0;0;0;0;0;0;0;0;0;0;0;0;0;0;0;0;0;0;0;0;0;0;0;0;0;0;0;0;0;0;0;0;0;0;0;0;0;0;0;0;0;5;2;1;2;0;2;3;2014-02-18 17:00:00;4648;1;75;33;17;0;-1;1;-1;-1;-1;-1;-1;-1;1;1;0;0;2;0;-1;0;0;0;0;0;0;0;1;0;1;0;0;0;1;1;0;0;-1;-1;0;0;-1;-1;-1;-1;-1;-1;-1;-1;-1;25;59;75;92;100;59;83;100;75;9.05;1.83;3.33;3.75;Barcelona U19;København U19;2.8;1.43;2.67;1.67;2.67;1.67;75;42;25;9;0;78;55;55;0;0;0;4054;7;Y;Y;Y;Y;Y;N;Y
882508;678819;8461;2013/2014;complete;56384;0;-1;44,53,74,78;81;4;1;5;-1;-1;-1;-1;-1;2;3;0;0;-1;-1;-1;-1;-1;-1;-1;-1;-1;-1;2;3;0;0;0;0;0;0;0;0;0;0;0;0;0;0;0;0;0;0;0;0;0;0;0;0;0;0;0;0;0;0;0;0;0;0;0;0;0;0;0;0;0;0;0;0;0;0;0;0;0;0;0;0;0;0;0;0;0;0;0;0;0;0;0;0;0;0;0;0;5;1;0;3;1;4;1;2014-02-25 15:00:00;678819;1;59;0;34;0;-1;1;-1;-1;-1;-1;-1;-1;0;1;2;2;1;4;-1;0;0;0;0;0;0;0;0;0;0;0;0;0;1;1;0;0;-1;-1;0;0;-1;-1;-1;-1;-1;-1;-1;-1;-1;29;55;64;92;100;37;74;92;74;8.67;0.93;2.6;3.69;Chelsea U19;Milan U19;2.63;1.33;3;1.6;3;1.6;72;45;37;9;0;59;34;34;0;0;0;4054;6;Y;Y;Y;Y;Y;N;Y
882511;4669;1596;2013/2014;complete;56384;0;-1;54;64,74;1;2;3;1;3;4;0;5;2;4;1;0;4;2;4;2;8;4;6;17;50;50;4;4;0;0;0;0;0;0;0;0;0;0;0;0;0;0;0;0;0;0;0;0;0;0;0;0;0;0;0;0;0;0;0;0;0;0;0;0;0;0;0;0;0;0;0;0;0;0;0;0;0;0;0;0;0;0;0;0;0;0;0;0;0;0;0;0;0;0;0;0;3;0;0;1;2;3;0;2014-02-25 18:00:00;1596;1;33;33;0;0;-1;1;-1;-1;-1;-1;-1;-1;1;0;2;4;1;6;-1;0;0;0;0;0;0;0;0;0;0;0;0;0;1;1;0;0;-1;-1;0;0;-1;-1;-1;-1;-1;-1;-1;-1;-1;33;33;42;67;92;42;75;67;42;10.25;2.5;3.34;2.84;Real Sociedad U19;Schalke 04 U19;1.43;1.78;1.67;1.67;1.67;1.67;67;67;59;34;9;54;42;34;0;0;0;4054;7;Y;Y;Y;N;N;N;Y
882514;679650;1752;2013/2014;complete;56384;0;-1;24,71,73;44;3;1;4;-1;-1;-1;-1;-1;2;3;1;0;-1;-1;-1;-1;-1;-1;-1;-1;-1;-1;3;3;0;0;0;0;0;0;0;0;0;0;0;0;0;0;0;0;0;0;0;0;0;0;0;0;0;0;0;0;0;0;0;0;0;0;0;0;0;0;0;0;0;0;0;0;0;0;0;0;0;0;0;0;0;0;0;0;0;0;0;0;0;0;0;0;0;0;0;0;4;1;1;2;0;2;2;2014-02-25 19:00:00;679650;1;83;33;50;0;-1;1;-1;-1;-1;-1;-1;-1;1;1;2;2;2;4;-1;0;0;0;0;0;0;0;1;0;1;0;0;0;1;1;0;0;-1;-1;0;0;-1;-1;-1;-1;-1;-1;-1;-1;-1;25;42;67;83;83;25;67;75;59;10.92;4.34;2.33;3;Arsenal U19;Shakhtar Donetsk U19;1.5;1.29;1.5;1.5;1.5;1.5;75;59;33;17;17;71;59;21;0;0;0;4054;7;Y;Y;Y;Y;N;N;Y
882517;679651;4198;2013/2014;complete;56384;0;-1;49;19,45;1;2;3;-1;-1;-1;-1;-1;2;4;0;0;-1;-1;-1;-1;-1;-1;-1;-1;-1;-1;2;4;0;0;0;0;0;0;0;0;0;0;0;0;0;0;0;0;0;0;0;0;0;0;0;0;0;0;0;0;0;0;0;0;0;0;0;0;0;0;0;0;0;0;0;0;0;0;0;0;0;0;0;0;0;0;0;0;0;0;0;0;0;0;0;0;0;0;0;0;3;0;2;1;0;1;2;2014-02-26 14:00:00;4198;1;59;0;17;0;-1;1;-1;-1;-1;-1;-1;-1;1;2;1;2;3;3;-1;0;0;0;0;0;0;0;0;0;0;0;0;0;1;1;0;0;-1;-1;0;0;-1;-1;-1;-1;-1;-1;-1;-1;-1;17;17;34;84;92;17;67;75;50;6.84;1.5;4.5;2.42;CSKA Moskva U19;PSG U19;1.86;1.25;2.17;1.17;2.17;1.17;83;83;67;17;9;50;50;42;0;0;0;4054;7;Y;Y;Y;N;N;N;Y
882520;678844;679687;2013/2014;complete;56384;0;-1;52,70,79,90;9;4;1;5;7;1;8;3;0;1;1;0;0;6;5;6;5;12;10;17;15;-1;-1;1;1;0;0;0;0;0;0;0;0;0;0;0;0;0;0;0;0;0;0;0;0;0;0;0;0;0;0;0;0;0;0;0;0;0;0;0;0;0;0;0;0;0;0;0;0;0;0;0;0;0;0;0;0;0;0;0;0;0;0;0;0;0;0;0;0;0;0;0;0;5;0;1;4;0;4;1;2014-02-26 16:00:00;678844;1;50;17;0;0;-1;1;-1;-1;-1;-1;-1;-1;1;1;0;0;2;0;-1;0;0;0;0;0;0;0;0;0;0;0;0;0;1;1;0;1;-1;-1;0;0;-1;-1;-1;-1;-1;-1;-1;-1;-1;25;25;67;75;83;42;75;75;42;10.7;4;4.5;3.17;Benfica U19;Austria Wien U19;2.3;1.57;2.33;1.83;2.33;1.83;75;75;34;25;17;72;72;72;0;0;0;4054;7;Y;Y;Y;Y;Y;N;Y
882523;4668;8436;2013/2014;complete;56384;0;-1;15,90;71;2;1;3;-1;-1;-1;-1;-1;3;5;0;0;-1;-1;-1;-1;-1;-1;-1;-1;-1;-1;3;5;0;0;0;0;0;0;0;0;0;0;0;0;0;0;0;0;0;0;0;0;0;0;0;0;0;0;0;0;0;0;0;0;0;0;0;0;0;0;0;0;0;0;0;0;0;0;0;0;0;0;0;0;0;0;0;0;0;0;0;0;0;0;0;0;0;0;0;0;3;1;0;1;1;2;1;2014-02-26 17:00:00;4668;1;75;0;67;0;-1;1;-1;-1;-1;-1;-1;-1;0;1;3;4;1;7;-1;0;0;0;0;0;0;0;0;0;0;0;0;0;1;1;0;0;-1;-1;0;0;-1;-1;-1;-1;-1;-1;-1;-1;-1;34;34;59;92;100;34;92;83;59;12.5;2.33;5.83;3.42;Real Madrid U19;Napoli U19;1.89;1.29;1.83;1.5;1.83;1.5;67;67;42;9;0;88;88;50;0;0;0;4054;7;Y;Y;Y;N;N;N;Y
882526;6988;678825;2013/2014;complete;56384;0;-1;;25;0;1;1;6;5;11;8;7;2;2;0;0;2;3;9;7;11;10;10;16;50;50;2;2;0;0;0;0;0;0;0;0;0;0;0;0;0;0;0;0;0;0;0;0;0;0;0;0;0;0;0;0;0;0;0;0;0;0;0;0;0;0;0;0;0;0;0;0;0;0;0;0;0;0;0;0;0;0;0;0;0;0;0;0;0;0;0;0;0;0;0;0;1;0;1;0;0;0;1;2014-02-26 19:00:00;678825;1;75;17;67;0;-1;1;-1;-1;-1;-1;-1;-1;0;2;2;0;2;2;-1;0;0;0;0;0;0;0;0;0;0;0;0;0;1;1;0;0;-1;-1;0;0;-1;-1;-1;-1;-1;-1;-1;-1;-1;50;58;84;92;92;67;84;83;67;12.34;5.84;6.17;4.17;Atlético Madrid U19;Manchester City U19;1.86;1.75;2.17;1.83;2.17;1.83;50;42;17;9;9;67;59;42;0;0;0;4054;7;Y;N;N;N;N;N;N
882530;4198;4668;2013/2014;complete;56384;0;-1;;72;0;1;1;2;5;7;5;1;3;4;0;1;8;10;1;6;9;16;17;14;50;50;3;6;0;0;0;0;0;0;0;0;0;0;0;0;0;0;0;0;0;0;0;0;0;0;0;0;0;0;0;0;0;0;0;0;0;0;0;0;0;0;0;0;0;0;0;0;0;0;0;0;0;0;0;0;0;0;0;0;0;0;0;0;0;0;0;0;0;0;0;0;1;0;0;0;1;1;0;2014-03-11 17:00:00;4668;1;79;50;50;0;-1;1;-1;-1;-1;-1;-1;-1;0;1;3;4;1;7;-1;0;0;0;0;0;0;0;0;0;0;0;0;0;1;1;0;0;-1;-1;0;0;-1;-1;-1;-1;-1;-1;-1;-1;-1;29;29;43;86;93;43;86;72;43;11.17;1.57;4.86;3;PSG U19;Real Madrid U19;1.25;1.89;1.43;2;1.43;2;72;72;57;15;7;54;54;42;0;0;0;4054;8;Y;N;N;N;N;N;N
882533;678819;1596;2013/2014;complete;56384;0;-1;65;6,44,78;1;3;4;-1;-1;-1;-1;-1;2;1;0;0;-1;-1;-1;-1;-1;-1;-1;-1;-1;-1;2;1;0;0;0;0;0;0;0;0;0;0;0;0;0;0;0;0;0;0;0;0;0;0;0;0;0;0;0;0;0;0;0;0;0;0;0;0;0;0;0;0;0;0;0;0;0;0;0;0;0;0;0;0;0;0;0;0;0;0;0;0;0;0;0;0;0;0;0;0;4;0;2;1;1;2;2;2014-03-16 13:30:00;1596;1;36;13;25;0;-1;1;-1;-1;-1;-1;-1;-1;1;1;1;0;2;1;-1;0;0;0;0;0;0;0;0;1;0;1;0;0;1;1;0;1;-1;-1;0;0;-1;-1;-1;-1;-1;-1;-1;-1;-1;29;43;64;86;100;36;71;79;71;9.27;3;3.14;3.29;Chelsea U19;Schalke 04 U19;2.63;1.78;3;1.86;3;1.86;71;57;36;14;0;64;54;54;0;0;0;4054;8;Y;Y;Y;Y;N;N;Y
882536;4648;679650;2013/2014;complete;56384;0;-1;31,50,88,90;42,83;4;2;6;7;4;11;0;4;0;1;0;1;4;7;13;4;17;11;5;13;-1;-1;0;3;0;0;0;0;0;0;0;0;0;0;0;0;0;0;0;0;0;0;0;0;0;0;0;0;0;0;0;0;0;0;0;0;0;0;0;0;0;0;0;0;0;0;0;0;0;0;0;0;0;0;0;0;0;0;0;0;0;0;0;0;0;0;0;0;0;0;0;0;6;1;1;3;1;4;2;2014-03-18 17:00:00;4648;1;79;42;34;0;-1;1;-1;-1;-1;-1;-1;-1;0;1;0;1;1;1;-1;0;0;0;0;0;0;0;0;0;0;0;0;0;1;1;0;0;-1;-1;0;0;-1;-1;-1;-1;-1;-1;-1;-1;-1;36;57;79;93;93;50;86;86;72;11.65;2.28;2.86;3.79;Barcelona U19;Arsenal U19;2.8;1.5;2.71;1.71;2.71;1.71;64;43;22;7;7;78;55;43;0;0;0;4054;8;Y;Y;Y;Y;Y;Y;Y
882539;678825;678844;2013/2014;complete;56384;0;-1;12;74,82;1;2;3;-1;-1;-1;-1;-1;3;3;0;0;-1;-1;-1;-1;-1;-1;-1;-1;-1;-1;3;3;0;0;0;0;0;0;0;0;0;0;0;0;0;0;0;0;0;0;0;0;0;0;0;0;0;0;0;0;0;0;0;0;0;0;0;0;0;0;0;0;0;0;0;0;0;0;0;0;0;0;0;0;0;0;0;0;0;0;0;0;0;0;0;0;0;0;0;0;3;1;0;0;2;2;1;2014-03-18 19:00:00;678844;1;50;17;34;0;-1;1;-1;-1;-1;-1;-1;-1;0;0;3;3;0;6;-1;0;0;0;0;0;0;0;0;0;0;0;0;0;1;1;0;0;-1;-1;0;0;-1;-1;-1;-1;-1;-1;-1;-1;-1;36;36;57;71;86;29;71;79;57;11.5;5.42;3.71;3.22;Manchester City U19;Benfica U19;1.75;2.3;2;2.43;2;2.43;64;64;43;29;14;54;54;47;0;0;0;4054;8;Y;Y;Y;N;N;N;Y
882542;4668;678844;2013/2014;complete;56384;0;-1;;9,15,17,56;0;4;4;5;4;9;1;2;3;1;1;0;7;4;12;3;19;7;9;13;50;50;5;1;0;0;0;0;0;0;0;0;0;0;0;0;0;0;0;0;0;0;0;0;0;0;0;0;0;0;0;0;0;0;0;0;0;0;0;0;0;0;0;0;0;0;0;0;0;0;0;0;0;0;0;0;0;0;0;0;0;0;0;0;0;0;0;0;0;0;0;0;4;0;3;0;1;1;3;2014-04-11 11:00:00;678844;1;69;13;63;0;-1;1;-1;-1;-1;-1;-1;-1;2;1;2;0;3;2;-1;0;0;0;0;0;0;0;0;2;0;2;0;0;1;1;0;1;-1;-1;0;0;-1;-1;-1;-1;-1;-1;-1;-1;-1;38;38;57;82;94;32;82;88;57;13.3;2.88;4.63;3.5;Real Madrid U19;Benfica U19;1.89;2.3;2.13;2.5;2.13;2.5;63;63;44;19;7;55;55;45;0;0;0;4054;9;Y;Y;Y;Y;N;N;N
882544;1596;4648;2013/2014;complete;56384;0;-1;;72;0;1;1;2;6;8;5;2;2;3;0;0;5;7;5;12;10;19;13;8;50;50;2;3;0;0;0;0;0;0;0;0;0;0;0;0;0;0;0;0;0;0;0;0;0;0;0;0;0;0;0;0;0;0;0;0;0;0;0;0;0;0;0;0;0;0;0;0;0;0;0;0;0;0;0;0;0;0;0;0;0;0;0;0;0;0;0;0;0;0;0;0;1;0;0;0;1;1;0;2014-04-11 14:30:00;4648;1;63;33;34;0;-1;1;-1;-1;-1;-1;-1;-1;1;0;1;3;1;4;-1;0;0;0;0;0;0;0;0;0;0;0;0;0;1;1;0;0;-1;-1;0;0;-1;-1;-1;-1;-1;-1;-1;-1;-1;38;51;76;94;100;57;82;88;82;11.27;1.76;3.01;3.88;Schalke 04 U19;Barcelona U19;1.78;2.8;2;2.75;2;2.75;63;51;26;7;0;72;54;54;0;0;0;4054;9;Y;N;N;N;N;N;N
882547;678844;4648;2013/2014;complete;56384;0;-1;;9,33,88;0;3;3;8;4;12;2;2;5;5;0;0;10;5;10;4;20;9;12;12;50;50;5;5;0;0;0;0;0;0;0;0;0;0;0;0;0;0;0;0;0;0;0;0;0;0;0;0;0;0;0;0;0;0;0;0;0;0;0;0;0;0;0;0;0;0;0;0;0;0;0;0;0;0;0;0;0;0;0;0;0;0;0;0;0;0;0;0;0;0;0;0;3;0;2;0;1;1;2;2014-04-14 14:30:00;4648;1;62;13;25;0;-1;1;-1;-1;-1;-1;-1;-1;3;3;2;2;6;4;-1;0;0;0;0;0;0;0;0;0;0;0;0;0;1;1;0;1;-1;-1;0;0;-1;-1;-1;-1;-1;-1;-1;-1;-1;39;50;73;84;95;39;78;95;67;11;1.77;3.33;3.84;Benfica U19;Barcelona U19;2.3;2.8;2.56;2.78;2.56;2.78;62;50;28;17;6;64;50;50;0;0;0;4054;10;Y;Y;Y;N;N;N;N
1094956;678844;679652;2013/2014;complete;56383;1;-1;45,60,90;;3;0;3;1;6;7;3;2;3;1;0;0;4;3;2;9;6;12;14;12;51;49;3;1;0;0;0;0;0;0;0;0;0;0;0;0;0;0;0;0;0;0;0;0;0;0;0;0;0;0;0;0;0;0;0;0;0;0;0;0;0;0;0;0;0;0;0;0;0;0;0;0;0;0;0;0;0;0;0;0;0;0;0;0;0;0;0;0;0;0;0;0;3;1;0;2;0;2;1;2013-09-17 14:00:00;678844;1;0;0;0;0;-1;1;-1;-1;-1;-1;-1;-1;1;1;2;0;2;2;-1;0;0;0;0;0;0;0;0;0;0;0;0;0;1;1;0;0;-1;-1;0;0;-1;-1;-1;-1;-1;-1;-1;-1;-1;0;0;0;0;0;0;0;0;0;0;0;0;0;Benfica U19;Anderlecht U19;2.3;0.83;0;0;0;0;0;0;0;0;0;0;0;0;0;0;0;4054;6;Y;Y;Y;N;N;N;N
