ID;HOMEID;AWAYID;SEASON;STATUS;ROUNDID;GAME_WEEK;REVISED_GAME_WEEK;HOMEGOALS;AWAYGOALS;HOMEGOALCOUNT;AWAYGOALCOUNT;TOTALGOALCOUNT;TEAM_A_CORNERS;TEAM_B_CORNERS;TOTALCORNERCOUNT;TEAM_A_OFFSIDES;TEAM_B_OFFSIDES;TEAM_A_YELLOW_CARDS;TEAM_B_YELLOW_CARDS;TEAM_A_RED_CARDS;TEAM_B_RED_CARDS;TEAM_A_SHOTSONTARGET;TEAM_B_SHOTSONTARGET;TEAM_A_SHOTSOFFTARGET;TEAM_B_SHOTSOFFTARGET;TEAM_A_SHOTS;TEAM_B_SHOTS;TEAM_A_FOULS;TEAM_B_FOULS;TEAM_A_POSSESSION;TEAM_B_POSSESSION;TEAM_A_CARDS_NUM;TEAM_B_CARDS_NUM;ODDS_FT_1;ODDS_FT_X;ODDS_FT_2;ODDS_FT_OVER05;ODDS_FT_OVER15;ODDS_FT_OVER25;ODDS_FT_OVER35;ODDS_FT_OVER45;ODDS_FT_UNDER05;ODDS_FT_UNDER15;ODDS_FT_UNDER25;ODDS_FT_UNDER35;ODDS_FT_UNDER45;ODDS_BTTS_YES;ODDS_BTTS_NO;ODDS_TEAM_A_CS_YES;ODDS_TEAM_A_CS_NO;ODDS_TEAM_B_CS_YES;ODDS_TEAM_B_CS_NO;ODDS_DOUBLECHANCE_1X;ODDS_DOUBLECHANCE_12;ODDS_DOUBLECHANCE_X2;ODDS_1ST_HALF_RESULT_1;ODDS_1ST_HALF_RESULT_X;ODDS_1ST_HALF_RESULT_2;ODDS_2ND_HALF_RESULT_1;ODDS_2ND_HALF_RESULT_X;ODDS_2ND_HALF_RESULT_2;ODDS_DNB_1;ODDS_DNB_2;ODDS_CORNERS_OVER_75;ODDS_CORNERS_OVER_85;ODDS_CORNERS_OVER_95;ODDS_CORNERS_OVER_105;ODDS_CORNERS_OVER_115;ODDS_CORNERS_UNDER_75;ODDS_CORNERS_UNDER_85;ODDS_CORNERS_UNDER_95;ODDS_CORNERS_UNDER_105;ODDS_CORNERS_UNDER_115;ODDS_CORNERS_1;ODDS_CORNERS_X;ODDS_CORNERS_2;ODDS_TEAM_TO_SCORE_FIRST_1;ODDS_TEAM_TO_SCORE_FIRST_X;ODDS_TEAM_TO_SCORE_FIRST_2;ODDS_WIN_TO_NIL_1;ODDS_WIN_TO_NIL_2;ODDS_1ST_HALF_OVER05;ODDS_1ST_HALF_OVER15;ODDS_1ST_HALF_OVER25;ODDS_1ST_HALF_OVER35;ODDS_1ST_HALF_UNDER05;ODDS_1ST_HALF_UNDER15;ODDS_1ST_HALF_UNDER25;ODDS_1ST_HALF_UNDER35;ODDS_2ND_HALF_OVER05;ODDS_2ND_HALF_OVER15;ODDS_2ND_HALF_OVER25;ODDS_2ND_HALF_OVER35;ODDS_2ND_HALF_UNDER05;ODDS_2ND_HALF_UNDER15;ODDS_2ND_HALF_UNDER25;ODDS_2ND_HALF_UNDER35;ODDS_BTTS_1ST_HALF_YES;ODDS_BTTS_1ST_HALF_NO;ODDS_BTTS_2ND_HALF_YES;ODDS_BTTS_2ND_HALF_NO;OVERALLGOALCOUNT;HT_GOALS_TEAM_A;HT_GOALS_TEAM_B;GOALS_2HG_TEAM_A;GOALS_2HG_TEAM_B;GOALCOUNT_2HG;HTGOALCOUNT;DATE_UNIX;WINNINGTEAM;NO_HOME_AWAY;BTTS_POTENTIAL;BTTS_FHG_POTENTIAL;BTTS_2HG_POTENTIAL;GOALTIMINGDISABLED;CORNER_TIMINGS_RECORDED;CARD_TIMINGS_RECORDED;TEAM_A_FH_CORNERS;TEAM_B_FH_CORNERS;TEAM_A_2H_CORNERS;TEAM_B_2H_CORNERS;CORNER_FH_COUNT;CORNER_2H_COUNT;TEAM_A_FH_CARDS;TEAM_B_FH_CARDS;TEAM_A_2H_CARDS;TEAM_B_2H_CARDS;TOTAL_FH_CARDS;TOTAL_2H_CARDS;ATTACKS_RECORDED;TEAM_A_DANGEROUS_ATTACKS;TEAM_B_DANGEROUS_ATTACKS;TEAM_A_ATTACKS;TEAM_B_ATTACKS;TEAM_A_XG;TEAM_B_XG;TOTAL_XG;TEAM_A_PENALTIES_WON;TEAM_B_PENALTIES_WON;TEAM_A_PENALTY_GOALS;TEAM_B_PENALTY_GOALS;TEAM_A_PENALTY_MISSED;TEAM_B_PENALTY_MISSED;PENS_RECORDED;GOAL_TIMINGS_RECORDED;TEAM_A_0_10_MIN_GOALS;TEAM_B_0_10_MIN_GOALS;TEAM_A_CORNERS_0_10_MIN;TEAM_B_CORNERS_0_10_MIN;TEAM_A_CARDS_0_10_MIN;TEAM_B_CARDS_0_10_MIN;THROWINS_RECORDED;TEAM_A_THROWINS;TEAM_B_THROWINS;FREEKICKS_RECORDED;TEAM_A_FREEKICKS;TEAM_B_FREEKICKS;GOALKICKS_RECORDED;TEAM_A_GOALKICKS;TEAM_B_GOALKICKS;O45_POTENTIAL;O35_POTENTIAL;O25_POTENTIAL;O15_POTENTIAL;O05_POTENTIAL;O15HT_POTENTIAL;O05HT_POTENTIAL;O05_2H_POTENTIAL;O15_2H_POTENTIAL;CORNERS_POTENTIAL;OFFSIDES_POTENTIAL;CARDS_POTENTIAL;AVG_POTENTIAL;HOME_NAME;AWAY_NAME;HOME_PPG;AWAY_PPG;PRE_MATCH_HOME_PPG;PRE_MATCH_AWAY_PPG;PRE_MATCH_TEAMA_OVERALL_PPG;PRE_MATCH_TEAMB_OVERALL_PPG;U45_POTENTIAL;U35_POTENTIAL;U25_POTENTIAL;U15_POTENTIAL;U05_POTENTIAL;CORNERS_O85_POTENTIAL;CORNERS_O95_POTENTIAL;CORNERS_O105_POTENTIAL;TEAM_A_XG_PREMATCH;TEAM_B_XG_PREMATCH;TOTAL_XG_PREMATCH;COMPETITION_ID;MATCHES_COMPLETED_MINIMUM;OVER05;OVER15;OVER25;OVER35;OVER45;OVER55;BTTS
883346;1741;8436;2016/2017;complete;56416;1;-1;50,55,77,81;25;4;1;5;7;2;9;4;0;5;5;0;0;8;3;8;2;16;5;18;19;58;42;5;5;0;0;0;0;0;0;0;0;0;0;0;0;0;0;0;0;0;0;0;0;0;0;0;0;0;0;0;0;0;0;0;0;0;0;0;0;0;0;0;0;0;0;0;0;0;0;0;0;0;0;0;0;0;0;0;0;0;0;0;0;0;0;0;0;0;0;0;0;5;0;1;4;0;4;1;2016-09-13 11:00:00;1741;1;0;0;0;0;-1;1;-1;-1;-1;-1;-1;-1;1;2;4;3;3;7;-1;0;0;0;0;0;0;0;0;0;0;0;0;0;1;1;0;0;-1;-1;0;0;-1;-1;-1;-1;-1;-1;-1;-1;-1;0;0;0;0;0;0;0;0;0;0;0;0;0;Dynamo Kyiv U19;Napoli U19;2.29;0.67;0;0;0;0;0;0;0;0;0;0;0;0;0;0;0;4063;6;Y;Y;Y;Y;Y;N;Y
883347;1573;679737;2016/2017;complete;56416;1;-1;17,43,77,87;37,90;4;2;6;-1;-1;-1;-1;-1;2;3;0;1;-1;-1;-1;-1;-1;-1;-1;-1;-1;-1;2;4;0;0;0;0;0;0;0;0;0;0;0;0;0;0;0;0;0;0;0;0;0;0;0;0;0;0;0;0;0;0;0;0;0;0;0;0;0;0;0;0;0;0;0;0;0;0;0;0;0;0;0;0;0;0;0;0;0;0;0;0;0;0;0;0;0;0;0;0;6;2;1;2;1;3;3;2016-09-13 12:00:00;1573;1;0;0;0;0;-1;1;-1;-1;-1;-1;-1;-1;0;2;2;2;2;4;-1;0;0;0;0;0;0;0;2;0;2;0;0;0;1;1;0;0;-1;-1;0;0;-1;-1;-1;-1;-1;-1;-1;-1;-1;0;0;0;0;0;0;0;0;0;0;0;0;0;Bayern München U19;Rostov U19;1.67;0;0;0;0;0;0;0;0;0;0;0;0;0;0;0;0;4063;6;Y;Y;Y;Y;Y;Y;Y
883348;679653;678832;2016/2017;complete;56416;1;-1;90;;1;0;1;6;0;6;1;1;0;2;0;0;11;0;11;5;22;5;11;11;64;36;0;2;0;0;0;0;0;0;0;0;0;0;0;0;0;0;0;0;0;0;0;0;0;0;0;0;0;0;0;0;0;0;0;0;0;0;0;0;0;0;0;0;0;0;0;0;0;0;0;0;0;0;0;0;0;0;0;0;0;0;0;0;0;0;0;0;0;0;0;0;1;0;0;1;0;1;0;2016-09-13 14:00:00;679653;1;0;0;0;0;-1;1;-1;-1;-1;-1;-1;-1;0;0;0;2;0;2;-1;0;0;0;0;0;0;0;0;0;0;0;0;0;1;1;0;0;-1;-1;0;0;-1;-1;-1;-1;-1;-1;-1;-1;-1;0;0;0;0;0;0;0;0;0;0;0;0;0;Basel U19;Ludogorets U19;1.43;0.17;0;0;0;0;0;0;0;0;0;0;0;0;0;0;0;4063;6;Y;N;N;N;N;N;N
883349;678844;678213;2016/2017;complete;56416;1;-1;;;0;0;0;7;6;13;2;0;5;3;0;0;2;4;4;6;6;10;18;16;55;45;5;3;0;0;0;0;0;0;0;0;0;0;0;0;0;0;0;0;0;0;0;0;0;0;0;0;0;0;0;0;0;0;0;0;0;0;0;0;0;0;0;0;0;0;0;0;0;0;0;0;0;0;0;0;0;0;0;0;0;0;0;0;0;0;0;0;0;0;0;0;0;0;0;0;0;0;0;2016-09-13 14:00:00;-1;1;0;0;0;0;-1;1;-1;-1;-1;-1;-1;-1;2;1;3;2;3;5;-1;0;0;0;0;0;0;0;0;0;0;0;0;0;1;1;0;0;-1;-1;0;0;-1;-1;-1;-1;-1;-1;-1;-1;-1;0;0;0;0;0;0;0;0;0;0;0;0;0;Benfica U19;Beşiktaş U19;1.64;0.5;0;0;0;0;0;0;0;0;0;0;0;0;0;0;0;4063;6;N;N;N;N;N;N;N
883350;4648;679689;2016/2017;complete;56416;1;-1;3,64;72;2;1;3;0;4;4;0;5;2;3;0;0;5;2;4;2;9;4;14;8;59;41;2;3;0;0;0;0;0;0;0;0;0;0;0;0;0;0;0;0;0;0;0;0;0;0;0;0;0;0;0;0;0;0;0;0;0;0;0;0;0;0;0;0;0;0;0;0;0;0;0;0;0;0;0;0;0;0;0;0;0;0;0;0;0;0;0;0;0;0;0;0;3;1;0;1;1;2;1;2016-09-13 14:00:00;4648;1;0;0;0;0;-1;1;-1;-1;-1;-1;-1;-1;0;0;2;3;0;5;-1;0;0;0;0;0;0;0;0;0;0;0;0;0;1;1;1;0;-1;-1;0;0;-1;-1;-1;-1;-1;-1;-1;-1;-1;0;0;0;0;0;0;0;0;0;0;0;0;0;Barcelona U19;Celtic U19;2.33;0.17;0;0;0;0;0;0;0;0;0;0;0;0;0;0;0;4063;6;Y;Y;Y;N;N;N;Y
883351;678825;1601;2016/2017;complete;56416;1;-1;6,10,58,78;75;4;1;5;7;1;8;0;3;2;1;0;0;8;4;4;4;12;8;14;14;63;37;2;1;0;0;0;0;0;0;0;0;0;0;0;0;0;0;0;0;0;0;0;0;0;0;0;0;0;0;0;0;0;0;0;0;0;0;0;0;0;0;0;0;0;0;0;0;0;0;0;0;0;0;0;0;0;0;0;0;0;0;0;0;0;0;0;0;0;0;0;0;5;2;0;2;1;3;2;2016-09-13 14:00:00;678825;1;0;0;0;0;-1;1;-1;-1;-1;-1;-1;-1;1;1;1;0;2;1;-1;0;0;0;0;0;0;0;1;0;1;0;0;0;1;1;2;0;-1;-1;0;1;-1;-1;-1;-1;-1;-1;-1;-1;-1;0;0;0;0;0;0;0;0;0;0;0;0;0;Manchester City U19;Borussia M'gladbach U19;1.86;1.17;0;0;0;0;0;0;0;0;0;0;0;0;0;0;0;4063;6;Y;Y;Y;Y;Y;N;Y
883352;679668;6988;2016/2017;complete;56416;1;-1;;;0;0;0;-1;-1;-1;-1;-1;1;2;0;0;-1;-1;-1;-1;-1;-1;-1;-1;-1;-1;1;2;0;0;0;0;0;0;0;0;0;0;0;0;0;0;0;0;0;0;0;0;0;0;0;0;0;0;0;0;0;0;0;0;0;0;0;0;0;0;0;0;0;0;0;0;0;0;0;0;0;0;0;0;0;0;0;0;0;0;0;0;0;0;0;0;0;0;0;0;0;0;0;0;0;0;0;2016-09-13 14:00:00;-1;1;0;0;0;0;-1;1;-1;-1;-1;-1;-1;-1;0;1;1;1;1;2;-1;0;0;0;0;0;0;0;0;0;0;0;0;0;1;1;0;0;-1;-1;0;0;-1;-1;-1;-1;-1;-1;-1;-1;-1;0;0;0;0;0;0;0;0;0;0;0;0;0;PSV U19;Atlético Madrid U19;2;1.89;0;0;0;0;0;0;0;0;0;0;0;0;0;0;0;4063;7;N;N;N;N;N;N;N
883353;4198;679650;2016/2017;complete;56416;1;-1;;;0;0;0;8;5;13;0;2;1;3;0;0;5;3;8;3;13;6;14;15;67;33;1;3;0;0;0;0;0;0;0;0;0;0;0;0;0;0;0;0;0;0;0;0;0;0;0;0;0;0;0;0;0;0;0;0;0;0;0;0;0;0;0;0;0;0;0;0;0;0;0;0;0;0;0;0;0;0;0;0;0;0;0;0;0;0;0;0;0;0;0;0;0;0;0;0;0;0;0;2016-09-13 16:00:00;-1;1;0;0;0;0;-1;1;-1;-1;-1;-1;-1;-1;0;0;1;3;0;4;-1;0;0;0;0;0;0;0;0;0;0;0;0;0;1;1;0;0;-1;-1;0;0;-1;-1;-1;-1;-1;-1;-1;-1;-1;0;0;0;0;0;0;0;0;0;0;0;0;0;PSG U19;Arsenal U19;2;1.17;0;0;0;0;0;0;0;0;0;0;0;0;0;0;0;4063;6;N;N;N;N;N;N;N
883354;678834;679739;2016/2017;complete;56416;1;-1;15,39;43;2;1;3;-1;-1;-1;-1;-1;1;3;0;0;-1;-1;-1;-1;-1;-1;-1;-1;-1;-1;1;3;0;0;0;0;0;0;0;0;0;0;0;0;0;0;0;0;0;0;0;0;0;0;0;0;0;0;0;0;0;0;0;0;0;0;0;0;0;0;0;0;0;0;0;0;0;0;0;0;0;0;0;0;0;0;0;0;0;0;0;0;0;0;0;0;0;0;0;0;3;2;1;0;0;0;3;2016-09-13 17:00:00;678834;1;0;0;0;0;-1;1;-1;-1;-1;-1;-1;-1;0;2;1;1;2;2;-1;0;0;0;0;0;0;0;1;0;1;0;0;0;1;1;0;0;-1;-1;0;0;-1;-1;-1;-1;-1;-1;-1;-1;-1;0;0;0;0;0;0;0;0;0;0;0;0;0;Club Brugge U19;Leicester City U19;1.67;0.5;0;0;0;0;0;0;0;0;0;0;0;0;0;0;0;4063;6;Y;Y;Y;N;N;N;Y
883355;1590;679651;2016/2017;complete;56416;1;-1;28,39;35;2;1;3;6;3;9;2;0;2;4;0;0;4;6;4;4;8;10;13;14;53;47;2;4;0;0;0;0;0;0;0;0;0;0;0;0;0;0;0;0;0;0;0;0;0;0;0;0;0;0;0;0;0;0;0;0;0;0;0;0;0;0;0;0;0;0;0;0;0;0;0;0;0;0;0;0;0;0;0;0;0;0;0;0;0;0;0;0;0;0;0;0;3;2;1;0;0;0;3;2016-09-14 12:00:00;1590;1;0;0;0;0;-1;1;-1;-1;-1;-1;-1;-1;0;0;2;4;0;6;-1;0;0;0;0;0;0;0;0;1;0;1;0;0;1;1;0;0;-1;-1;0;0;-1;-1;-1;-1;-1;-1;-1;-1;-1;0;0;0;0;0;0;0;0;0;0;0;0;0;Bayer Leverkusen U19;CSKA Moskva U19;1;2;0;0;0;0;0;0;0;0;0;0;0;0;0;0;0;4063;6;Y;Y;Y;N;N;N;Y
883356;678828;4222;2016/2017;complete;56416;1;-1;24,78;7,43,62;2;3;5;-1;-1;-1;-1;-1;2;2;0;0;-1;-1;-1;-1;-1;-1;-1;-1;-1;-1;2;2;0;0;0;0;0;0;0;0;0;0;0;0;0;0;0;0;0;0;0;0;0;0;0;0;0;0;0;0;0;0;0;0;0;0;0;0;0;0;0;0;0;0;0;0;0;0;0;0;0;0;0;0;0;0;0;0;0;0;0;0;0;0;0;0;0;0;0;0;5;1;2;1;1;2;3;2016-09-14 13:00:00;4222;1;0;0;0;0;-1;1;-1;-1;-1;-1;-1;-1;1;1;1;1;2;2;-1;0;0;0;0;0;0;0;1;0;1;0;0;0;1;1;0;1;-1;-1;0;0;-1;-1;-1;-1;-1;-1;-1;-1;-1;0;0;0;0;0;0;0;0;0;0;0;0;0;Tottenham Hotspur U19;Monaco  U19;0.67;1.88;0;0;0;0;0;0;0;0;0;0;0;0;0;0;0;4063;6;Y;Y;Y;Y;Y;N;Y
883357;4190;1898;2016/2017;complete;56416;1;-1;18,58;;2;0;2;-1;-1;-1;-1;-1;1;3;0;1;-1;-1;-1;-1;-1;-1;-1;-1;-1;-1;1;5;0;0;0;0;0;0;0;0;0;0;0;0;0;0;0;0;0;0;0;0;0;0;0;0;0;0;0;0;0;0;0;0;0;0;0;0;0;0;0;0;0;0;0;0;0;0;0;0;0;0;0;0;0;0;0;0;0;0;0;0;0;0;0;0;0;0;0;0;2;1;0;1;0;1;1;2016-09-14 13:00:00;4190;1;0;0;0;0;-1;1;-1;-1;-1;-1;-1;-1;0;1;1;3;1;4;-1;0;0;0;0;0;0;0;0;0;0;0;0;0;1;1;0;0;-1;-1;0;0;-1;-1;-1;-1;-1;-1;-1;-1;-1;0;0;0;0;0;0;0;0;0;0;0;0;0;Olympique Lyonnais U19;Dinamo Zagreb U19;1.5;1.17;0;0;0;0;0;0;0;0;0;0;0;0;0;0;0;4063;6;Y;Y;N;N;N;N;N
883358;679541;1574;2016/2017;complete;56416;1;-1;;10,68;0;2;2;6;7;13;2;4;3;0;0;0;4;3;4;12;8;15;8;11;50;50;3;0;0;0;0;0;0;0;0;0;0;0;0;0;0;0;0;0;0;0;0;0;0;0;0;0;0;0;0;0;0;0;0;0;0;0;0;0;0;0;0;0;0;0;0;0;0;0;0;0;0;0;0;0;0;0;0;0;0;0;0;0;0;0;0;0;0;0;0;0;2;0;1;0;1;1;1;2016-09-14 14:00:00;1574;1;0;0;0;0;-1;1;-1;-1;-1;-1;-1;-1;1;0;2;0;1;2;-1;0;0;0;0;0;0;0;0;0;0;0;0;0;1;1;0;1;-1;-1;0;0;-1;-1;-1;-1;-1;-1;-1;-1;-1;0;0;0;0;0;0;0;0;0;0;0;0;0;Legia Warszawa U19;Borussia Dortmund U19;0.83;1.38;0;0;0;0;0;0;0;0;0;0;0;0;0;0;0;4063;6;Y;Y;N;N;N;N;N
883359;678846;9434;2016/2017;complete;56416;1;-1;19,51,59,90;12;4;1;5;6;5;11;0;1;3;1;0;0;3;2;7;3;10;5;11;7;61;39;3;1;0;0;0;0;0;0;0;0;0;0;0;0;0;0;0;0;0;0;0;0;0;0;0;0;0;0;0;0;0;0;0;0;0;0;0;0;0;0;0;0;0;0;0;0;0;0;0;0;0;0;0;0;0;0;0;0;0;0;0;0;0;0;0;0;0;0;0;0;5;1;1;3;0;3;2;2016-09-14 14:00:00;678846;1;0;0;0;0;-1;1;-1;-1;-1;-1;-1;-1;1;1;2;0;2;2;-1;0;0;0;0;0;0;0;1;0;1;0;0;0;1;1;0;0;-1;-1;0;0;-1;-1;-1;-1;-1;-1;-1;-1;-1;0;0;0;0;0;0;0;0;0;0;0;0;0;Porto U19;København U19;1.88;1.43;0;0;0;0;0;0;0;0;0;0;0;0;0;0;0;4063;7;Y;Y;Y;Y;Y;N;Y
883361;4668;679647;2016/2017;complete;56416;1;-1;55;90;1;1;2;0;6;6;4;1;3;3;0;0;4;4;5;7;9;11;14;18;46;54;3;3;0;0;0;0;0;0;0;0;0;0;0;0;0;0;0;0;0;0;0;0;0;0;0;0;0;0;0;0;0;0;0;0;0;0;0;0;0;0;0;0;0;0;0;0;0;0;0;0;0;0;0;0;0;0;0;0;0;0;0;0;0;0;0;0;0;0;0;0;2;0;0;1;1;2;0;2016-09-14 16:00:00;-1;1;0;0;0;0;-1;1;-1;-1;-1;-1;-1;-1;2;1;1;2;3;3;-1;0;0;0;0;0;0;0;0;0;0;0;0;0;1;1;0;0;-1;-1;0;0;-1;-1;-1;-1;-1;-1;-1;-1;-1;0;0;0;0;0;0;0;0;0;0;0;0;0;Real Madrid U19;Sporting CP U19;2.11;1;0;0;0;0;0;0;0;0;0;0;0;0;0;0;0;4063;6;Y;Y;N;N;N;N;Y
883362;678829;679736;2016/2017;complete;56417;0;-1;;42,48;0;2;2;7;9;16;2;1;2;1;0;0;6;0;6;10;12;10;13;13;56;44;2;1;0;0;0;0;0;0;0;0;0;0;0;0;0;0;0;0;0;0;0;0;0;0;0;0;0;0;0;0;0;0;0;0;0;0;0;0;0;0;0;0;0;0;0;0;0;0;0;0;0;0;0;0;0;0;0;0;0;0;0;0;0;0;0;0;0;0;0;0;2;0;1;0;1;1;1;2016-09-21 15:00:00;679736;1;0;0;0;0;-1;1;-1;-1;-1;-1;-1;-1;0;0;2;1;0;3;-1;0;0;0;0;0;0;0;0;0;0;0;0;0;1;1;0;0;-1;-1;0;0;-1;-1;-1;-1;-1;-1;-1;-1;-1;0;0;0;0;0;0;0;0;0;0;0;0;0;Qabala U19;Dinamo Moskva U19;0;2;0;0;0;0;0;0;0;0;0;0;0;0;0;0;0;4063;2;Y;Y;N;N;N;N;N
883363;679651;678828;2016/2017;complete;56416;2;-1;59,66,90;39,90;3;2;5;6;2;8;2;1;5;1;0;0;6;3;6;2;12;5;20;13;45;55;5;1;0;0;0;0;0;0;0;0;0;0;0;0;0;0;0;0;0;0;0;0;0;0;0;0;0;0;0;0;0;0;0;0;0;0;0;0;0;0;0;0;0;0;0;0;0;0;0;0;0;0;0;0;0;0;0;0;0;0;0;0;0;0;0;0;0;0;0;0;5;0;1;3;1;4;1;2016-09-27 11:00:00;679651;1;100;0;0;0;-1;1;-1;-1;-1;-1;-1;-1;2;0;3;1;2;4;-1;0;0;0;0;0;0;0;0;0;0;0;0;0;1;1;0;0;-1;-1;0;0;-1;-1;-1;-1;-1;-1;-1;-1;-1;50;50;100;100;100;100;100;50;50;3;0;6;4;CSKA Moskva U19;Tottenham Hotspur U19;2;0.67;0;0;0;0;50;50;0;0;0;50;0;0;0;0;0;4063;6;Y;Y;Y;Y;Y;N;Y
883364;4615;4190;2016/2017;complete;56416;2;-1;35,90;6;2;1;3;6;5;11;1;4;5;5;0;0;0;0;0;2;0;2;16;16;46;54;5;5;0;0;0;0;0;0;0;0;0;0;0;0;0;0;0;0;0;0;0;0;0;0;0;0;0;0;0;0;0;0;0;0;0;0;0;0;0;0;0;0;0;0;0;0;0;0;0;0;0;0;0;0;0;0;0;0;0;0;0;0;0;0;0;0;0;0;0;0;3;1;1;1;0;1;2;2016-09-27 12:00:00;4615;1;50;0;0;0;-1;1;-1;-1;-1;-1;-1;-1;2;2;3;3;4;6;-1;0;0;0;0;0;0;0;0;1;0;1;0;0;1;1;0;1;-1;-1;1;0;-1;-1;-1;-1;-1;-1;-1;-1;-1;0;0;50;100;100;0;100;100;50;5;0;5;2.5;Sevilla U19;Olympique Lyonnais U19;1.43;1.5;0;3;0;3;100;100;50;0;0;50;50;50;0;0;0;4063;6;Y;Y;Y;N;N;N;Y
883365;4222;1590;2016/2017;complete;56416;2;-1;45,76;13;2;1;3;4;1;5;1;0;0;4;0;0;5;6;6;4;11;10;10;14;58;42;0;4;0;0;0;0;0;0;0;0;0;0;0;0;0;0;0;0;0;0;0;0;0;0;0;0;0;0;0;0;0;0;0;0;0;0;0;0;0;0;0;0;0;0;0;0;0;0;0;0;0;0;0;0;0;0;0;0;0;0;0;0;0;0;0;0;0;0;0;0;3;1;1;1;0;1;2;2016-09-27 13:00:00;4222;1;100;0;0;0;-1;1;-1;-1;-1;-1;-1;-1;0;2;0;2;2;2;-1;0;0;0;0;0;0;0;1;0;1;0;0;0;1;1;0;0;-1;-1;0;0;-1;-1;-1;-1;-1;-1;-1;-1;-1;50;50;100;100;100;100;100;50;50;6;1;4;4;Monaco  U19;Bayer Leverkusen U19;1.88;1;3;3;3;3;50;50;0;0;0;50;0;0;0;0;0;4063;6;Y;Y;Y;N;N;N;Y
883366;679739;678846;2016/2017;complete;56416;2;-1;;69,86;0;2;2;3;3;6;6;2;2;0;0;0;3;7;3;5;6;12;11;19;-1;-1;2;0;0;0;0;0;0;0;0;0;0;0;0;0;0;0;0;0;0;0;0;0;0;0;0;0;0;0;0;0;0;0;0;0;0;0;0;0;0;0;0;0;0;0;0;0;0;0;0;0;0;0;0;0;0;0;0;0;0;0;0;0;0;0;0;0;0;0;0;0;2;0;0;0;2;2;0;2016-09-27 13:00:00;678846;1;100;0;0;0;-1;1;-1;-1;-1;-1;-1;-1;1;0;1;0;1;1;-1;0;0;0;0;0;0;0;0;0;0;0;0;0;1;1;0;0;-1;-1;0;0;-1;-1;-1;-1;-1;-1;-1;-1;-1;50;50;100;100;100;100;100;50;50;6;0;6;4;Leicester City U19;Porto U19;0.5;1.88;0;3;0;3;50;50;0;0;0;50;50;50;0;0;0;4063;6;Y;Y;N;N;N;N;N
883367;1574;4668;2016/2017;complete;56416;2;-1;12,52;10,28,35,57,63;2;5;7;6;3;9;6;1;1;2;0;0;8;10;7;9;15;19;17;8;-1;-1;1;2;0;0;0;0;0;0;0;0;0;0;0;0;0;0;0;0;0;0;0;0;0;0;0;0;0;0;0;0;0;0;0;0;0;0;0;0;0;0;0;0;0;0;0;0;0;0;0;0;0;0;0;0;0;0;0;0;0;0;0;0;0;0;0;0;0;0;0;0;7;1;3;1;2;3;4;2016-09-27 14:00:00;4668;1;50;0;0;0;-1;1;-1;-1;-1;-1;-1;-1;0;0;1;2;0;3;-1;0;0;0;0;0;0;0;0;0;0;0;0;0;1;1;0;1;-1;-1;0;0;-1;-1;-1;-1;-1;-1;-1;-1;-1;0;0;0;100;100;0;50;100;50;7;8;3;2;Borussia Dortmund U19;Real Madrid U19;1.38;2.11;3;1;3;1;100;100;100;0;0;50;50;50;0;0;0;4063;8;Y;Y;Y;Y;Y;Y;Y
883368;679647;679541;2016/2017;complete;56416;2;-1;32,79;38,90;2;2;4;6;3;9;1;1;7;2;0;0;2;2;11;5;13;7;19;10;-1;-1;7;2;0;0;0;0;0;0;0;0;0;0;0;0;0;0;0;0;0;0;0;0;0;0;0;0;0;0;0;0;0;0;0;0;0;0;0;0;0;0;0;0;0;0;0;0;0;0;0;0;0;0;0;0;0;0;0;0;0;0;0;0;0;0;0;0;0;0;0;0;4;1;1;1;1;2;2;2016-09-27 14:00:00;-1;1;50;0;0;0;-1;1;-1;-1;-1;-1;-1;-1;3;1;4;1;4;5;-1;0;0;0;0;0;0;0;0;0;0;0;0;0;1;1;0;0;-1;-1;0;0;-1;-1;-1;-1;-1;-1;-1;-1;-1;0;0;0;100;100;0;50;100;50;12;3;6;2;Sporting CP U19;Legia Warszawa U19;1;0.83;1;0;1;0;100;100;100;0;0;50;50;50;0;0;0;4063;6;Y;Y;Y;Y;N;N;Y
883369;9434;678834;2016/2017;complete;56416;2;-1;;;0;0;0;5;8;13;4;4;1;4;0;0;4;0;1;6;5;6;14;13;-1;-1;1;4;0;0;0;0;0;0;0;0;0;0;0;0;0;0;0;0;0;0;0;0;0;0;0;0;0;0;0;0;0;0;0;0;0;0;0;0;0;0;0;0;0;0;0;0;0;0;0;0;0;0;0;0;0;0;0;0;0;0;0;0;0;0;0;0;0;0;0;0;0;0;0;0;0;0;0;2016-09-27 14:00:00;-1;1;100;0;0;0;-1;1;-1;-1;-1;-1;-1;-1;0;2;1;2;2;3;-1;0;0;0;0;0;0;0;0;0;0;0;0;0;1;1;0;0;-1;-1;0;0;-1;-1;-1;-1;-1;-1;-1;-1;-1;50;50;100;100;100;100;100;50;50;5;0;2;4;København U19;Club Brugge U19;1.43;1.67;0;3;0;3;50;50;0;0;0;50;50;50;0;0;0;4063;6;N;N;N;N;N;N;N
883370;1898;8434;2016/2017;complete;56416;2;-1;17,90;12;2;1;3;11;2;13;1;9;3;2;0;0;13;2;11;1;24;3;11;18;-1;-1;3;2;0;0;0;0;0;0;0;0;0;0;0;0;0;0;0;0;0;0;0;0;0;0;0;0;0;0;0;0;0;0;0;0;0;0;0;0;0;0;0;0;0;0;0;0;0;0;0;0;0;0;0;0;0;0;0;0;0;0;0;0;0;0;0;0;0;0;0;0;3;1;1;1;0;1;2;2016-09-27 14:00:00;1898;1;50;0;0;0;-1;1;-1;-1;-1;-1;-1;-1;0;1;3;1;1;4;-1;0;0;0;0;0;0;0;0;0;0;0;0;0;1;1;0;0;-1;-1;0;0;-1;-1;-1;-1;-1;-1;-1;-1;-1;0;0;50;100;100;0;100;100;50;6;0;7;2.5;Dinamo Zagreb U19;Juventus U19;1.17;1.29;0;3;0;3;100;100;50;0;0;50;50;50;0;0;0;4063;6;Y;Y;Y;N;N;N;Y
883371;678821;679741;2016/2017;complete;56417;0;-1;21,33,43,65,88;;5;0;5;12;0;12;3;0;1;2;0;0;8;2;10;0;18;2;17;13;-1;-1;1;2;0;0;0;0;0;0;0;0;0;0;0;0;0;0;0;0;0;0;0;0;0;0;0;0;0;0;0;0;0;0;0;0;0;0;0;0;0;0;0;0;0;0;0;0;0;0;0;0;0;0;0;0;0;0;0;0;0;0;0;0;0;0;0;0;0;0;0;0;5;3;0;2;0;2;3;2016-09-27 16:00:00;678821;1;0;0;0;0;-1;1;-1;-1;-1;-1;-1;-1;0;0;1;2;0;3;-1;0;0;0;0;0;0;0;0;0;0;0;0;0;1;1;0;0;-1;-1;0;0;-1;-1;-1;-1;-1;-1;-1;-1;-1;0;0;0;0;0;0;0;0;0;0;0;0;0;Salzburg U19;Vardar U19;2.78;0;0;0;0;0;0;0;0;0;0;0;0;0;0;0;0;4063;2;Y;Y;Y;Y;Y;N;N
883372;679652;9428;2016/2017;complete;56417;0;-1;;;0;0;0;4;3;7;5;1;2;2;0;0;4;6;3;6;7;12;13;17;-1;-1;2;2;0;0;0;0;0;0;0;0;0;0;0;0;0;0;0;0;0;0;0;0;0;0;0;0;0;0;0;0;0;0;0;0;0;0;0;0;0;0;0;0;0;0;0;0;0;0;0;0;0;0;0;0;0;0;0;0;0;0;0;0;0;0;0;0;0;0;0;0;0;0;0;0;0;0;0;2016-09-27 17:00:00;-1;1;0;0;0;0;-1;1;-1;-1;-1;-1;-1;-1;0;0;2;2;0;4;-1;0;0;0;0;0;0;0;0;0;0;0;0;0;1;1;0;0;-1;-1;0;0;-1;-1;-1;-1;-1;-1;-1;-1;-1;0;0;0;0;0;0;0;0;0;0;0;0;0;Anderlecht U19;Midtjylland U19;0.5;1.6;0;0;0;0;0;0;0;0;0;0;0;0;0;0;0;4063;2;N;N;N;N;N;N;N
883373;678213;1741;2016/2017;complete;56416;2;-1;3,24,40;59,66,69;3;3;6;6;5;11;0;0;5;4;0;0;3;7;9;9;12;16;18;17;-1;-1;5;4;0;0;0;0;0;0;0;0;0;0;0;0;0;0;0;0;0;0;0;0;0;0;0;0;0;0;0;0;0;0;0;0;0;0;0;0;0;0;0;0;0;0;0;0;0;0;0;0;0;0;0;0;0;0;0;0;0;0;0;0;0;0;0;0;0;0;0;0;6;3;0;0;3;3;3;2016-09-28 11:00:00;-1;1;50;0;0;0;-1;1;-1;-1;-1;-1;-1;-1;1;1;4;3;2;7;-1;0;0;0;0;0;0;0;0;0;0;0;0;0;1;1;1;0;-1;-1;0;0;-1;-1;-1;-1;-1;-1;-1;-1;-1;50;50;50;50;50;0;50;50;50;13;4;8;2.5;Beşiktaş U19;Dynamo Kyiv U19;0.5;2.29;1;3;1;3;50;50;50;50;50;100;50;50;0;0;0;4063;6;Y;Y;Y;Y;Y;Y;Y
883374;679737;679668;2016/2017;complete;56416;2;-1;;7,11,22,30,49,60;0;6;6;1;4;5;1;3;3;1;0;0;6;4;2;5;8;9;19;20;-1;-1;3;1;0;0;0;0;0;0;0;0;0;0;0;0;0;0;0;0;0;0;0;0;0;0;0;0;0;0;0;0;0;0;0;0;0;0;0;0;0;0;0;0;0;0;0;0;0;0;0;0;0;0;0;0;0;0;0;0;0;0;0;0;0;0;0;0;0;0;0;0;6;0;4;0;2;2;4;2016-09-28 11:00:00;679668;1;50;0;0;0;-1;1;-1;-1;-1;-1;-1;-1;2;1;1;0;3;1;-1;0;0;0;0;0;0;0;0;1;0;1;0;0;1;1;0;1;-1;-1;1;0;-1;-1;-1;-1;-1;-1;-1;-1;-1;50;50;50;50;50;50;50;50;50;0;0;5;3;Rostov U19;PSV U19;0;2;0;1;0;1;50;50;50;50;50;0;0;0;0;0;0;4063;6;Y;Y;Y;Y;Y;Y;N
883375;1601;4648;2016/2017;complete;56416;2;-1;45;9,39,90;1;3;4;0;3;3;3;1;3;2;0;0;3;4;4;7;7;11;14;13;-1;-1;3;2;0;0;0;0;0;0;0;0;0;0;0;0;0;0;0;0;0;0;0;0;0;0;0;0;0;0;0;0;0;0;0;0;0;0;0;0;0;0;0;0;0;0;0;0;0;0;0;0;0;0;0;0;0;0;0;0;0;0;0;0;0;0;0;0;0;0;0;0;4;1;2;0;1;1;3;2016-09-28 12:00:00;4648;1;100;0;0;0;-1;1;-1;-1;-1;-1;-1;-1;2;0;1;2;2;3;-1;0;0;0;0;0;0;0;0;0;0;0;0;0;1;1;0;1;-1;-1;0;0;-1;-1;-1;-1;-1;-1;-1;-1;-1;50;50;100;100;100;50;100;100;100;1;3;3;4;Borussia M'gladbach U19;Barcelona U19;1.17;2.33;0;3;0;3;50;50;0;0;0;0;0;0;0;0;0;4063;6;Y;Y;Y;Y;N;N;Y
883376;3720;679734;2016/2017;complete;56417;0;-1;20,45,45,69;;4;0;4;7;3;10;5;3;2;3;0;0;9;3;6;5;15;8;13;10;-1;-1;2;3;0;0;0;0;0;0;0;0;0;0;0;0;0;0;0;0;0;0;0;0;0;0;0;0;0;0;0;0;0;0;0;0;0;0;0;0;0;0;0;0;0;0;0;0;0;0;0;0;0;0;0;0;0;0;0;0;0;0;0;0;0;0;0;0;0;0;0;0;4;3;0;1;0;1;3;2016-09-28 12:00:00;3720;1;0;0;0;0;-1;1;-1;-1;-1;-1;-1;-1;1;1;1;2;2;3;-1;0;0;0;0;0;0;0;1;0;1;0;0;0;1;1;0;0;-1;-1;0;0;-1;-1;-1;-1;-1;-1;-1;-1;-1;0;0;0;0;0;0;0;0;0;0;0;0;0;Sparta Praha U19;Mladost U19;2.25;0;0;0;0;0;0;0;0;0;0;0;0;0;0;0;0;4063;2;Y;Y;Y;Y;N;N;N
883377;678832;4198;2016/2017;complete;56416;2;-1;38;9,29,32,39,48,79,85,88;1;8;9;0;7;7;0;1;1;0;1;0;0;4;2;9;2;13;10;19;-1;-1;2;0;0;0;0;0;0;0;0;0;0;0;0;0;0;0;0;0;0;0;0;0;0;0;0;0;0;0;0;0;0;0;0;0;0;0;0;0;0;0;0;0;0;0;0;0;0;0;0;0;0;0;0;0;0;0;0;0;0;0;0;0;0;0;0;0;0;0;0;0;9;1;4;0;4;4;5;2016-09-28 13:00:00;4198;1;0;0;0;0;-1;1;-1;-1;-1;-1;-1;-1;0;0;2;0;0;2;-1;0;0;0;0;0;0;0;0;1;0;1;0;0;1;1;0;1;-1;-1;0;0;-1;-1;-1;-1;-1;-1;-1;-1;-1;0;0;0;0;50;0;0;50;0;8;1;3;0.5;Ludogorets U19;PSG U19;0.17;2;0;1;0;1;100;100;100;100;50;50;50;50;0;0;0;4063;6;Y;Y;Y;Y;Y;Y;Y
883378;679650;679653;2016/2017;complete;56416;2;-1;55;40,90;1;2;3;2;1;3;0;3;1;2;0;0;2;4;0;9;2;13;14;17;-1;-1;1;2;0;0;0;0;0;0;0;0;0;0;0;0;0;0;0;0;0;0;0;0;0;0;0;0;0;0;0;0;0;0;0;0;0;0;0;0;0;0;0;0;0;0;0;0;0;0;0;0;0;0;0;0;0;0;0;0;0;0;0;0;0;0;0;0;0;0;0;0;3;0;1;1;1;2;1;2016-09-28 13:00:00;679653;1;0;0;0;0;-1;1;-1;-1;-1;-1;-1;-1;0;0;1;2;0;3;-1;0;0;0;0;0;0;0;0;1;0;1;0;0;1;1;0;0;-1;-1;0;0;-1;-1;-1;-1;-1;-1;-1;-1;-1;0;0;0;0;50;0;0;50;0;11;3;3;0.5;Arsenal U19;Basel U19;1.17;1.43;1;3;1;3;100;100;100;100;50;50;50;50;0;0;0;4063;6;Y;Y;Y;N;N;N;Y
883379;678831;8443;2016/2017;complete;56417;0;-1;;28,30,78;0;3;3;5;11;16;1;1;1;0;0;0;3;6;2;8;5;14;10;12;-1;-1;1;0;0;0;0;0;0;0;0;0;0;0;0;0;0;0;0;0;0;0;0;0;0;0;0;0;0;0;0;0;0;0;0;0;0;0;0;0;0;0;0;0;0;0;0;0;0;0;0;0;0;0;0;0;0;0;0;0;0;0;0;0;0;0;0;0;0;0;0;0;3;0;2;0;1;1;2;2016-09-28 13:00:00;8443;1;0;0;0;0;-1;1;-1;-1;-1;-1;-1;-1;0;0;1;0;0;1;-1;0;0;0;0;0;0;0;0;0;0;0;0;0;1;1;0;0;-1;-1;0;0;-1;-1;-1;-1;-1;-1;-1;-1;-1;0;0;0;0;0;0;0;0;0;0;0;0;0;APOEL U19;Roma U19;0;2.4;0;0;0;0;0;0;0;0;0;0;0;0;0;0;0;4063;2;Y;Y;Y;N;N;N;N
883380;8436;678844;2016/2017;complete;56416;2;-1;79,85;24,55,86;2;3;5;2;2;4;2;2;5;4;2;0;2;8;3;3;5;11;24;18;-1;-1;7;4;0;0;0;0;0;0;0;0;0;0;0;0;0;0;0;0;0;0;0;0;0;0;0;0;0;0;0;0;0;0;0;0;0;0;0;0;0;0;0;0;0;0;0;0;0;0;0;0;0;0;0;0;0;0;0;0;0;0;0;0;0;0;0;0;0;0;0;0;5;0;1;2;2;4;1;2016-09-28 14:00:00;678844;1;50;0;0;0;-1;1;-1;-1;-1;-1;-1;-1;2;1;5;3;3;8;-1;0;0;0;0;0;0;0;0;1;0;1;0;0;1;1;0;0;-1;-1;0;0;-1;-1;-1;-1;-1;-1;-1;-1;-1;50;50;50;50;50;0;50;50;50;9;2;10;2.5;Napoli U19;Benfica U19;0.67;1.64;0;1;0;1;50;50;50;50;50;100;50;50;0;0;0;4063;6;Y;Y;Y;Y;Y;N;Y
883381;6988;1573;2016/2017;complete;56416;2;-1;72;4,60,90;1;3;4;6;3;9;3;1;2;5;1;0;3;4;1;5;4;9;23;22;-1;-1;4;5;0;0;0;0;0;0;0;0;0;0;0;0;0;0;0;0;0;0;0;0;0;0;0;0;0;0;0;0;0;0;0;0;0;0;0;0;0;0;0;0;0;0;0;0;0;0;0;0;0;0;0;0;0;0;0;0;0;0;0;0;0;0;0;0;0;0;0;0;4;0;1;1;2;3;1;2016-09-28 14:00:00;1573;1;50;0;0;0;-1;1;-1;-1;-1;-1;-1;-1;1;4;2;1;5;3;-1;0;0;0;0;0;0;0;0;0;0;0;0;0;1;1;0;1;-1;-1;0;0;-1;-1;-1;-1;-1;-1;-1;-1;-1;50;50;50;50;50;50;50;50;50;0;0;4;3;Atlético Madrid U19;Bayern München U19;1.89;1.67;1;3;1;3;50;50;50;50;50;0;0;0;0;0;0;4063;6;Y;Y;Y;Y;N;N;Y
883382;678207;679743;2016/2017;complete;56417;0;-1;33,36,50,60,62;;5;0;5;13;0;13;2;1;2;2;0;1;7;2;6;0;13;2;11;10;-1;-1;2;4;0;0;0;0;0;0;0;0;0;0;0;0;0;0;0;0;0;0;0;0;0;0;0;0;0;0;0;0;0;0;0;0;0;0;0;0;0;0;0;0;0;0;0;0;0;0;0;0;0;0;0;0;0;0;0;0;0;0;0;0;0;0;0;0;0;0;0;0;5;2;0;3;0;3;2;2016-09-28 15:00:00;678207;1;0;0;0;0;-1;1;-1;-1;-1;-1;-1;-1;1;1;1;2;2;3;-1;0;0;0;0;0;0;0;0;0;0;0;0;0;1;1;0;0;-1;-1;0;1;-1;-1;-1;-1;-1;-1;-1;-1;-1;0;0;0;0;0;0;0;0;0;0;0;0;0;Altınordu U19;Levski Sofia U19;1.4;0.5;0;0;0;0;0;0;0;0;0;0;0;0;0;0;0;4063;2;Y;Y;Y;Y;Y;N;N
883383;679689;678825;2016/2017;complete;56416;2;-1;;25,32,71,89;0;4;4;7;7;14;1;1;0;2;0;0;4;2;4;9;8;11;15;9;-1;-1;0;2;0;0;0;0;0;0;0;0;0;0;0;0;0;0;0;0;0;0;0;0;0;0;0;0;0;0;0;0;0;0;0;0;0;0;0;0;0;0;0;0;0;0;0;0;0;0;0;0;0;0;0;0;0;0;0;0;0;0;0;0;0;0;0;0;0;0;0;0;4;0;2;0;2;2;2;2016-09-28 16:00:00;678825;1;100;0;0;0;-1;1;-1;-1;-1;-1;-1;-1;0;1;0;1;1;1;-1;0;0;0;0;0;0;0;0;0;0;0;0;0;1;1;0;0;-1;-1;0;0;-1;-1;-1;-1;-1;-1;-1;-1;-1;50;50;100;100;100;50;100;100;100;11;5;5;4;Celtic U19;Manchester City U19;0.17;1.86;0;3;0;3;50;50;0;0;0;0;0;0;0;0;0;4063;6;Y;Y;Y;Y;N;N;N
883384;679740;677011;2016/2017;complete;56417;0;-1;58;75;1;1;2;6;4;10;4;1;3;1;0;0;3;5;4;8;7;13;20;15;-1;-1;3;1;0;0;0;0;0;0;0;0;0;0;0;0;0;0;0;0;0;0;0;0;0;0;0;0;0;0;0;0;0;0;0;0;0;0;0;0;0;0;0;0;0;0;0;0;0;0;0;0;0;0;0;0;0;0;0;0;0;0;0;0;0;0;0;0;0;0;0;0;2;0;0;1;1;2;0;2016-09-28 16:00:00;-1;1;0;0;0;0;-1;1;-1;-1;-1;-1;-1;-1;2;0;1;1;2;2;-1;0;0;0;0;0;0;0;0;0;0;0;0;0;1;1;0;0;-1;-1;0;0;-1;-1;-1;-1;-1;-1;-1;-1;-1;0;0;0;0;0;0;0;0;0;0;0;0;0;Puskás Akadémia U19;PAOK U19;1;0.5;0;0;0;0;0;0;0;0;0;0;0;0;0;0;0;4063;2;Y;Y;N;N;N;N;Y
883385;678820;678815;2016/2017;complete;56417;0;-1;10,32,65,90;45;4;1;5;7;0;7;1;0;1;2;0;1;9;2;7;2;16;4;20;14;-1;-1;1;3;0;0;0;0;0;0;0;0;0;0;0;0;0;0;0;0;0;0;0;0;0;0;0;0;0;0;0;0;0;0;0;0;0;0;0;0;0;0;0;0;0;0;0;0;0;0;0;0;0;0;0;0;0;0;0;0;0;0;0;0;0;0;0;0;0;0;0;0;5;2;1;2;0;2;3;2016-09-28 16:00:00;678820;1;0;0;0;0;-1;1;-1;-1;-1;-1;-1;-1;1;1;0;2;2;2;-1;0;0;0;0;0;0;0;0;1;0;1;0;0;1;1;1;0;-1;-1;0;0;-1;-1;-1;-1;-1;-1;-1;-1;-1;0;0;0;0;0;0;0;0;0;0;0;0;0;Viitorul U19;Sheriff U19;2;0;0;0;0;0;0;0;0;0;0;0;0;0;0;0;0;4063;2;Y;Y;Y;Y;Y;N;Y
883386;678817;679738;2016/2017;complete;56417;0;-1;;9,33,76;0;3;3;-1;-1;-1;-1;-1;2;0;0;0;-1;-1;-1;-1;-1;-1;-1;-1;-1;-1;2;0;0;0;0;0;0;0;0;0;0;0;0;0;0;0;0;0;0;0;0;0;0;0;0;0;0;0;0;0;0;0;0;0;0;0;0;0;0;0;0;0;0;0;0;0;0;0;0;0;0;0;0;0;0;0;0;0;0;0;0;0;0;0;0;0;0;0;0;0;3;0;2;0;1;1;2;2016-09-28 16:00:00;679738;1;0;0;0;0;-1;1;-1;-1;-1;-1;-1;-1;1;0;1;0;1;1;-1;0;0;0;0;0;0;0;0;0;0;0;0;0;1;1;0;1;-1;-1;0;0;-1;-1;-1;-1;-1;-1;-1;-1;-1;0;0;0;0;0;0;0;0;0;0;0;0;0;Zrinjski U19;Zürich U19;0;2.25;0;0;0;0;0;0;0;0;0;0;0;0;0;0;0;4063;2;Y;Y;Y;N;N;N;N
883387;668323;4659;2016/2017;complete;56417;0;-1;14,57;56,87,90;2;3;5;3;9;12;0;1;4;0;0;0;4;7;4;10;8;17;17;6;-1;-1;4;0;0;0;0;0;0;0;0;0;0;0;0;0;0;0;0;0;0;0;0;0;0;0;0;0;0;0;0;0;0;0;0;0;0;0;0;0;0;0;0;0;0;0;0;0;0;0;0;0;0;0;0;0;0;0;0;0;0;0;0;0;0;0;0;0;0;0;0;0;5;1;0;1;3;4;1;2016-09-28 16:00:00;4659;1;0;0;0;0;-1;1;-1;-1;-1;-1;-1;-1;1;0;3;0;1;3;-1;0;0;0;0;0;0;0;0;0;0;0;0;0;1;1;0;0;-1;-1;0;0;-1;-1;-1;-1;-1;-1;-1;-1;-1;0;0;0;0;0;0;0;0;0;0;0;0;0;Nitra U19;Málaga U19;0;2.25;0;0;0;0;0;0;0;0;0;0;0;0;0;0;0;4063;2;Y;Y;Y;Y;Y;N;Y
883388;678816;679735;2016/2017;complete;56417;0;-1;54;63;1;1;2;4;4;8;1;5;1;2;0;0;7;5;6;2;13;7;20;17;-1;-1;1;2;0;0;0;0;0;0;0;0;0;0;0;0;0;0;0;0;0;0;0;0;0;0;0;0;0;0;0;0;0;0;0;0;0;0;0;0;0;0;0;0;0;0;0;0;0;0;0;0;0;0;0;0;0;0;0;0;0;0;0;0;0;0;0;0;0;0;0;0;2;0;0;1;1;2;0;2016-09-28 16:00:00;-1;1;0;0;0;0;-1;1;-1;-1;-1;-1;-1;-1;1;0;0;2;1;2;-1;0;0;0;0;0;0;0;0;0;0;0;0;0;1;1;0;0;-1;-1;0;0;-1;-1;-1;-1;-1;-1;-1;-1;-1;0;0;0;0;0;0;0;0;0;0;0;0;0;Domžale U19;Čukarički U19;0.5;1.75;0;0;0;0;0;0;0;0;0;0;0;0;0;0;0;4063;2;Y;Y;N;N;N;N;Y
883389;674302;6930;2016/2017;complete;56417;0;-1;;;0;0;0;5;0;5;2;5;0;3;0;0;4;2;9;0;13;2;8;9;-1;-1;0;3;0;0;0;0;0;0;0;0;0;0;0;0;0;0;0;0;0;0;0;0;0;0;0;0;0;0;0;0;0;0;0;0;0;0;0;0;0;0;0;0;0;0;0;0;0;0;0;0;0;0;0;0;0;0;0;0;0;0;0;0;0;0;0;0;0;0;0;0;0;0;0;0;0;0;0;2016-09-28 16:00:00;-1;1;0;0;0;0;-1;1;-1;-1;-1;-1;-1;-1;0;1;0;2;1;2;-1;0;0;0;0;0;0;0;0;0;0;0;0;0;1;1;0;0;-1;-1;0;0;-1;-1;-1;-1;-1;-1;-1;-1;-1;0;0;0;0;0;0;0;0;0;0;0;0;0;Rosenborg U19;AIK U19;1.67;0.5;0;0;0;0;0;0;0;0;0;0;0;0;0;0;0;4063;2;N;N;N;N;N;N;N
883390;10933;678845;2016/2017;complete;56417;0;-1;;5,25,69;0;3;3;-1;-1;-1;-1;-1;1;0;0;0;-1;-1;-1;-1;-1;-1;-1;-1;-1;-1;1;0;0;0;0;0;0;0;0;0;0;0;0;0;0;0;0;0;0;0;0;0;0;0;0;0;0;0;0;0;0;0;0;0;0;0;0;0;0;0;0;0;0;0;0;0;0;0;0;0;0;0;0;0;0;0;0;0;0;0;0;0;0;0;0;0;0;0;0;0;3;0;2;0;1;1;2;2016-09-28 16:00:00;678845;1;0;0;0;0;-1;1;-1;-1;-1;-1;-1;-1;0;0;1;0;0;1;-1;0;0;0;0;0;0;0;0;0;0;0;0;0;1;1;0;1;-1;-1;0;0;-1;-1;-1;-1;-1;-1;-1;-1;-1;0;0;0;0;0;0;0;0;0;0;0;0;0;Breidablik U19;Ajax U19;0;2.57;0;0;0;0;0;0;0;0;0;0;0;0;0;0;0;4063;2;Y;Y;Y;N;N;N;N
883391;679664;679742;2016/2017;complete;56417;0;-1;;;0;0;0;6;5;11;0;1;1;1;0;0;2;4;2;5;4;9;11;9;-1;-1;1;1;0;0;0;0;0;0;0;0;0;0;0;0;0;0;0;0;0;0;0;0;0;0;0;0;0;0;0;0;0;0;0;0;0;0;0;0;0;0;0;0;0;0;0;0;0;0;0;0;0;0;0;0;0;0;0;0;0;0;0;0;0;0;0;0;0;0;0;0;0;0;0;0;0;0;0;2016-09-28 16:00:00;-1;1;0;0;0;0;-1;1;-1;-1;-1;-1;-1;-1;0;1;1;0;1;1;-1;0;0;0;0;0;0;0;0;0;0;0;0;0;1;1;0;0;-1;-1;0;0;-1;-1;-1;-1;-1;-1;-1;-1;-1;0;0;0;0;0;0;0;0;0;0;0;0;0;HJK U19;Cork City U19;0.5;1;0;0;0;0;0;0;0;0;0;0;0;0;0;0;0;4063;2;N;N;N;N;N;N;N
883392;679733;679699;2016/2017;complete;56417;0;-1;;54,60,72;0;3;3;4;1;5;2;2;2;4;0;0;5;3;3;6;8;9;13;19;-1;-1;2;4;0;0;0;0;0;0;0;0;0;0;0;0;0;0;0;0;0;0;0;0;0;0;0;0;0;0;0;0;0;0;0;0;0;0;0;0;0;0;0;0;0;0;0;0;0;0;0;0;0;0;0;0;0;0;0;0;0;0;0;0;0;0;0;0;0;0;0;0;3;0;0;0;3;3;0;2016-09-29 16:00:00;679699;1;0;0;0;0;-1;1;-1;-1;-1;-1;-1;-1;1;3;1;1;4;2;-1;0;0;0;0;0;0;0;0;0;0;0;0;0;1;1;0;0;-1;-1;0;0;-1;-1;-1;-1;-1;-1;-1;-1;-1;0;0;0;0;0;0;0;0;0;0;0;0;0;Dinamo Tbilisi U19;Kairat U19;0;1.5;0;0;0;0;0;0;0;0;0;0;0;0;0;0;0;4063;2;Y;Y;Y;N;N;N;N
883393;679706;679700;2016/2017;complete;56417;0;-1;42,68,71,74,90;;5;0;5;6;0;6;0;0;1;2;0;0;13;2;13;1;26;3;6;11;-1;-1;1;2;0;0;0;0;0;0;0;0;0;0;0;0;0;0;0;0;0;0;0;0;0;0;0;0;0;0;0;0;0;0;0;0;0;0;0;0;0;0;0;0;0;0;0;0;0;0;0;0;0;0;0;0;0;0;0;0;0;0;0;0;0;0;0;0;0;0;0;0;5;1;0;4;0;4;1;2016-10-05 15:00:00;679706;1;0;0;0;0;-1;1;-1;-1;-1;-1;-1;-1;0;0;1;2;0;3;-1;0;0;0;0;0;0;0;1;0;1;0;0;0;1;1;0;0;-1;-1;0;0;-1;-1;-1;-1;-1;-1;-1;-1;-1;0;0;0;0;0;0;0;0;0;0;0;0;0;Maccabi Haifa U19;Shakhtyor U19;1.6;0;0;0;0;0;0;0;0;0;0;0;0;0;0;0;0;4063;2;Y;Y;Y;Y;Y;N;N
883394;679651;4222;2016/2017;complete;56416;3;-1;24,54,79,89;30;4;1;5;9;3;12;1;1;1;1;0;0;6;3;2;4;8;7;5;23;-1;-1;1;1;0;0;0;0;0;0;0;0;0;0;0;0;0;0;0;0;0;0;0;0;0;0;0;0;0;0;0;0;0;0;0;0;0;0;0;0;0;0;0;0;0;0;0;0;0;0;0;0;0;0;0;0;0;0;0;0;0;0;0;0;0;0;0;0;0;0;0;0;5;1;1;3;0;3;2;2016-10-18 11:00:00;679651;1;100;50;100;0;-1;1;-1;-1;-1;-1;-1;-1;0;0;1;1;0;2;-1;0;0;0;0;0;0;0;0;0;0;0;0;0;1;1;0;0;-1;-1;0;0;-1;-1;-1;-1;-1;-1;-1;-1;-1;50;50;100;100;100;75;100;75;50;8.5;1;5.5;4;CSKA Moskva U19;Monaco  U19;2;1.88;1.5;3;1.5;3;50;50;0;0;0;25;0;0;0;0;0;4063;8;Y;Y;Y;Y;Y;N;Y
883395;679739;9434;2016/2017;complete;56416;3;-1;45,51,66;12,72;3;2;5;6;7;13;6;4;0;0;0;1;10;2;3;4;13;6;11;9;-1;-1;0;2;0;0;0;0;0;0;0;0;0;0;0;0;0;0;0;0;0;0;0;0;0;0;0;0;0;0;0;0;0;0;0;0;0;0;0;0;0;0;0;0;0;0;0;0;0;0;0;0;0;0;0;0;0;0;0;0;0;0;0;0;0;0;0;0;0;0;0;0;5;1;1;2;1;3;2;2016-10-18 12:00:00;679739;1;50;50;0;0;-1;1;-1;-1;-1;-1;-1;-1;0;1;0;0;1;0;-1;0;0;0;0;0;0;0;0;0;0;0;0;0;1;1;0;0;-1;-1;0;0;-1;-1;-1;-1;-1;-1;-1;-1;-1;25;25;50;75;75;50;50;50;50;8;5;3.5;2.5;Leicester City U19;København U19;0.5;1.43;0;0.5;0;0.5;75;75;50;25;25;50;50;50;0;0;0;4063;6;Y;Y;Y;Y;Y;N;Y
883396;678834;678846;2016/2017;complete;56416;3;-1;;43,58;0;2;2;4;7;11;2;2;2;2;0;0;4;7;4;6;8;13;11;14;-1;-1;2;2;0;0;0;0;0;0;0;0;0;0;0;0;0;0;0;0;0;0;0;0;0;0;0;0;0;0;0;0;0;0;0;0;0;0;0;0;0;0;0;0;0;0;0;0;0;0;0;0;0;0;0;0;0;0;0;0;0;0;0;0;0;0;0;0;0;0;0;0;2;0;1;0;1;1;1;2016-10-18 12:00:00;678846;1;50;50;0;0;-1;1;-1;-1;-1;-1;-1;-1;2;2;0;0;4;0;-1;0;0;0;0;0;0;0;0;0;0;0;0;0;1;1;0;0;-1;-1;0;0;-1;-1;-1;-1;-1;-1;-1;-1;-1;25;25;50;75;75;50;50;50;50;12.5;2.5;4;2.5;Club Brugge U19;Porto U19;1.67;1.88;2;3;2;3;75;75;50;25;25;75;75;75;0;0;0;4063;6;Y;Y;N;N;N;N;N
883397;4190;8434;2016/2017;complete;56416;3;-1;;34,61,72;0;3;3;4;4;8;0;2;1;4;1;0;2;0;7;4;9;4;22;12;-1;-1;3;4;0;0;0;0;0;0;0;0;0;0;0;0;0;0;0;0;0;0;0;0;0;0;0;0;0;0;0;0;0;0;0;0;0;0;0;0;0;0;0;0;0;0;0;0;0;0;0;0;0;0;0;0;0;0;0;0;0;0;0;0;0;0;0;0;0;0;0;0;3;0;1;0;2;2;1;2016-10-18 12:00:00;8434;1;75;50;0;0;-1;1;-1;-1;-1;-1;-1;-1;1;1;1;3;2;4;-1;0;0;0;0;0;0;0;0;0;0;0;0;0;1;1;0;0;-1;-1;0;0;-1;-1;-1;-1;-1;-1;-1;-1;-1;0;0;75;100;100;50;100;100;25;9;6;5;2.75;Olympique Lyonnais U19;Juventus U19;1.5;1.29;1.5;1.5;1.5;1.5;100;100;25;0;0;100;100;100;0;0;0;4063;6;Y;Y;Y;N;N;N;N
883398;1898;4615;2016/2017;complete;56416;3;-1;6,30;3,14,45,89;2;4;6;8;4;12;4;2;3;5;0;0;4;3;8;2;12;5;14;20;-1;-1;3;5;0;0;0;0;0;0;0;0;0;0;0;0;0;0;0;0;0;0;0;0;0;0;0;0;0;0;0;0;0;0;0;0;0;0;0;0;0;0;0;0;0;0;0;0;0;0;0;0;0;0;0;0;0;0;0;0;0;0;0;0;0;0;0;0;0;0;0;0;6;2;3;0;1;1;5;2016-10-18 13:00:00;4615;1;75;50;50;0;-1;1;-1;-1;-1;-1;-1;-1;3;2;0;3;5;3;-1;0;0;0;0;0;0;0;0;0;0;0;0;0;1;1;1;1;-1;-1;0;0;-1;-1;-1;-1;-1;-1;-1;-1;-1;0;0;75;100;100;50;100;100;25;16.5;1;8.5;2.75;Dinamo Zagreb U19;Sevilla U19;1.17;1.43;1.5;1.5;1.5;1.5;100;100;25;0;0;100;100;100;0;0;0;4063;6;Y;Y;Y;Y;Y;Y;Y
883399;1590;678828;2016/2017;complete;56416;3;-1;57,67,90;18;3;1;4;5;5;10;1;1;0;3;0;0;5;3;8;1;13;4;10;16;-1;-1;0;3;0;0;0;0;0;0;0;0;0;0;0;0;0;0;0;0;0;0;0;0;0;0;0;0;0;0;0;0;0;0;0;0;0;0;0;0;0;0;0;0;0;0;0;0;0;0;0;0;0;0;0;0;0;0;0;0;0;0;0;0;0;0;0;0;0;0;0;0;4;0;1;3;0;3;1;2016-10-18 14:00:00;1590;1;100;50;50;0;-1;1;-1;-1;-1;-1;-1;-1;0;0;0;3;0;3;-1;0;0;0;0;0;0;0;1;0;1;0;0;0;1;1;0;0;-1;-1;0;0;-1;-1;-1;-1;-1;-1;-1;-1;-1;50;50;100;100;100;75;100;75;50;5.5;1;4.5;4;Bayer Leverkusen U19;Tottenham Hotspur U19;1;0.67;1.5;0;1.5;0;50;50;0;0;0;25;0;0;0;0;0;4063;6;Y;Y;Y;Y;N;N;Y
883400;679647;1574;2016/2017;complete;56416;3;-1;45;63;1;1;2;5;4;9;1;2;3;1;0;0;11;7;7;3;18;10;18;12;-1;-1;3;1;0;0;0;0;0;0;0;0;0;0;0;0;0;0;0;0;0;0;0;0;0;0;0;0;0;0;0;0;0;0;0;0;0;0;0;0;0;0;0;0;0;0;0;0;0;0;0;0;0;0;0;0;0;0;0;0;0;0;0;0;0;0;0;0;0;0;0;0;2;1;0;0;1;1;1;2016-10-18 14:00:00;-1;1;75;50;50;0;-1;1;-1;-1;-1;-1;-1;-1;1;0;2;1;1;3;-1;0;0;0;0;0;0;0;0;0;0;0;0;0;1;1;0;0;-1;-1;0;0;-1;-1;-1;-1;-1;-1;-1;-1;-1;25;50;50;100;100;50;75;100;75;12.5;6;5.5;3.75;Sporting CP U19;Borussia Dortmund U19;1;1.38;1;1.5;1;1.5;75;50;50;0;0;75;25;25;0;0;0;4063;6;Y;Y;N;N;N;N;Y
883401;4668;679541;2016/2017;complete;56416;3;-1;3,61,76;41,65;3;2;5;3;3;6;0;0;1;5;0;0;7;0;10;7;17;7;13;23;-1;-1;1;5;0;0;0;0;0;0;0;0;0;0;0;0;0;0;0;0;0;0;0;0;0;0;0;0;0;0;0;0;0;0;0;0;0;0;0;0;0;0;0;0;0;0;0;0;0;0;0;0;0;0;0;0;0;0;0;0;0;0;0;0;0;0;0;0;0;0;0;0;5;1;1;2;1;3;2;2016-10-18 14:00:00;4668;1;75;50;100;0;-1;1;-1;-1;-1;-1;-1;-1;1;4;0;1;5;1;-1;0;0;0;0;0;0;0;0;0;0;0;0;0;1;1;1;0;-1;-1;0;1;-1;-1;-1;-1;-1;-1;-1;-1;-1;25;50;50;100;100;50;75;100;75;6;4;5;3.75;Real Madrid U19;Legia Warszawa U19;2.11;0.83;2;0.5;2;0.5;75;50;50;0;0;75;25;25;0;0;0;4063;6;Y;Y;Y;Y;Y;N;Y
883402;1741;678844;2016/2017;complete;56416;3;-1;20,56;90;2;1;3;6;6;12;7;1;1;4;0;0;5;5;4;4;9;9;22;20;-1;-1;1;4;0;0;0;0;0;0;0;0;0;0;0;0;0;0;0;0;0;0;0;0;0;0;0;0;0;0;0;0;0;0;0;0;0;0;0;0;0;0;0;0;0;0;0;0;0;0;0;0;0;0;0;0;0;0;0;0;0;0;0;0;0;0;0;0;0;0;0;0;3;1;0;1;1;2;1;2016-10-19 11:00:00;1741;1;75;0;50;0;-1;1;-1;-1;-1;-1;-1;-1;0;2;1;2;2;3;-1;0;0;0;0;0;0;0;0;0;0;0;0;0;1;1;0;0;-1;-1;0;1;-1;-1;-1;-1;-1;-1;-1;-1;-1;75;75;75;75;75;25;75;75;75;10.5;4;9;4;Dynamo Kyiv U19;Benfica U19;2.29;1.64;2;2;2;2;25;25;25;25;25;75;50;50;0;0;0;4063;7;Y;Y;Y;N;N;N;Y
883403;679737;6988;2016/2017;complete;56416;3;-1;64;45,62,83;1;3;4;1;10;11;0;4;2;1;0;0;5;8;3;3;8;11;17;14;-1;-1;2;1;0;0;0;0;0;0;0;0;0;0;0;0;0;0;0;0;0;0;0;0;0;0;0;0;0;0;0;0;0;0;0;0;0;0;0;0;0;0;0;0;0;0;0;0;0;0;0;0;0;0;0;0;0;0;0;0;0;0;0;0;0;0;0;0;0;0;0;0;4;0;1;1;2;3;1;2016-10-19 11:00:00;6988;1;50;0;0;0;-1;1;-1;-1;-1;-1;-1;-1;1;1;1;0;2;1;-1;0;0;0;0;0;0;0;0;0;0;0;0;0;1;1;0;0;-1;-1;0;0;-1;-1;-1;-1;-1;-1;-1;-1;-1;50;75;75;75;75;50;75;75;75;7;1;6.5;4;Rostov U19;Atlético Madrid U19;0;1.89;0;0.5;0;0.5;50;25;25;25;25;50;0;0;0;0;0;4063;6;Y;Y;Y;Y;N;N;Y
883404;679734;3720;2016/2017;complete;56417;0;-1;;10,32,41,49,58;0;5;5;-1;-1;-1;-1;-1;2;1;0;0;-1;-1;-1;-1;-1;-1;-1;-1;-1;-1;2;1;0;0;0;0;0;0;0;0;0;0;0;0;0;0;0;0;0;0;0;0;0;0;0;0;0;0;0;0;0;0;0;0;0;0;0;0;0;0;0;0;0;0;0;0;0;0;0;0;0;0;0;0;0;0;0;0;0;0;0;0;0;0;0;0;0;0;0;0;5;0;3;0;2;2;3;2016-10-19 11:30:00;3720;1;0;0;0;0;-1;1;-1;-1;-1;-1;-1;-1;1;0;1;1;1;2;-1;0;0;0;0;0;0;0;0;0;0;0;0;0;1;1;0;1;-1;-1;0;0;-1;-1;-1;-1;-1;-1;-1;-1;-1;0;100;100;100;100;100;100;100;0;10;8;5;4;Mladost U19;Sparta Praha U19;0;2.25;0;3;0;3;100;0;0;0;0;100;100;0;0;0;0;4063;2;Y;Y;Y;Y;Y;N;N
883405;679650;678832;2016/2017;complete;56416;3;-1;3,81,87;;3;0;3;5;0;5;0;0;0;2;0;0;10;0;7;2;17;2;11;5;-1;-1;0;2;0;0;0;0;0;0;0;0;0;0;0;0;0;0;0;0;0;0;0;0;0;0;0;0;0;0;0;0;0;0;0;0;0;0;0;0;0;0;0;0;0;0;0;0;0;0;0;0;0;0;0;0;0;0;0;0;0;0;0;0;0;0;0;0;0;0;0;0;3;1;0;2;0;2;1;2016-10-19 12:00:00;679650;1;50;0;50;0;-1;1;-1;-1;-1;-1;-1;-1;0;1;0;1;1;1;-1;0;0;0;0;0;0;0;1;0;1;0;0;0;1;1;1;0;-1;-1;0;0;-1;-1;-1;-1;-1;-1;-1;-1;-1;25;25;50;50;75;25;50;75;50;3.5;1.5;4;3.25;Arsenal U19;Ludogorets U19;1.17;0.17;0.5;0;0.5;0;75;75;50;50;25;25;25;25;0;0;0;4063;6;Y;Y;Y;N;N;N;N
883406;8436;678213;2016/2017;complete;56416;3;-1;35,85;28,59;2;2;4;7;3;10;3;2;4;7;0;0;5;3;7;3;12;6;22;19;-1;-1;4;7;0;0;0;0;0;0;0;0;0;0;0;0;0;0;0;0;0;0;0;0;0;0;0;0;0;0;0;0;0;0;0;0;0;0;0;0;0;0;0;0;0;0;0;0;0;0;0;0;0;0;0;0;0;0;0;0;0;0;0;0;0;0;0;0;0;0;0;0;4;1;1;1;1;2;2;2016-10-19 13:00:00;-1;1;75;0;50;0;-1;1;-1;-1;-1;-1;-1;-1;1;1;3;6;2;9;-1;0;0;0;0;0;0;0;0;0;0;0;0;0;1;1;0;0;-1;-1;0;0;-1;-1;-1;-1;-1;-1;-1;-1;-1;75;75;75;75;75;25;75;75;75;8;1;10;4;Napoli U19;Beşiktaş U19;0.67;0.5;0;1;0;1;25;25;25;25;25;75;50;50;0;0;0;4063;6;Y;Y;Y;Y;N;N;Y
883407;679689;1601;2016/2017;complete;56416;3;-1;22;57;1;1;2;7;5;12;0;1;4;2;1;0;5;11;1;5;6;16;12;17;-1;-1;5;2;0;0;0;0;0;0;0;0;0;0;0;0;0;0;0;0;0;0;0;0;0;0;0;0;0;0;0;0;0;0;0;0;0;0;0;0;0;0;0;0;0;0;0;0;0;0;0;0;0;0;0;0;0;0;0;0;0;0;0;0;0;0;0;0;0;0;0;0;2;1;0;0;1;1;1;2016-10-19 13:00:00;-1;1;75;0;50;0;-1;1;-1;-1;-1;-1;-1;-1;2;0;3;2;2;5;-1;0;0;0;0;0;0;0;0;0;0;0;0;0;1;1;0;0;-1;-1;1;0;-1;-1;-1;-1;-1;-1;-1;-1;-1;25;75;100;100;100;75;100;100;75;6;6;3.5;4;Celtic U19;Borussia M'gladbach U19;0.17;1.17;0;0;0;0;75;25;0;0;0;25;25;25;0;0;0;4063;6;Y;Y;N;N;N;N;Y
883408;679699;679733;2016/2017;complete;56417;0;-1;53,71,80,87,90;7;5;1;6;6;5;11;0;4;3;4;0;0;6;4;6;5;12;9;15;10;-1;-1;3;4;0;0;0;0;0;0;0;0;0;0;0;0;0;0;0;0;0;0;0;0;0;0;0;0;0;0;0;0;0;0;0;0;0;0;0;0;0;0;0;0;0;0;0;0;0;0;0;0;0;0;0;0;0;0;0;0;0;0;0;0;0;0;0;0;0;0;0;0;6;0;1;5;0;5;1;2016-10-19 13:00:00;679699;1;0;0;0;0;-1;1;-1;-1;-1;-1;-1;-1;3;3;0;1;6;1;-1;0;0;0;0;0;0;0;1;0;1;0;0;0;1;1;0;1;-1;-1;1;0;-1;-1;-1;-1;-1;-1;-1;-1;-1;0;0;100;100;100;0;0;100;100;5;4;6;3;Kairat U19;Dinamo Tbilisi U19;1.5;0;3;0;3;0;100;100;0;0;0;0;0;0;0;0;0;4063;2;Y;Y;Y;Y;Y;Y;Y
883409;8443;678831;2016/2017;complete;56417;0;-1;22,42,59,73,83,90;81;6;1;7;3;2;5;2;0;1;3;0;0;11;5;8;2;19;7;15;20;-1;-1;1;3;0;0;0;0;0;0;0;0;0;0;0;0;0;0;0;0;0;0;0;0;0;0;0;0;0;0;0;0;0;0;0;0;0;0;0;0;0;0;0;0;0;0;0;0;0;0;0;0;0;0;0;0;0;0;0;0;0;0;0;0;0;0;0;0;0;0;0;0;7;2;0;4;1;5;2;2016-10-19 13:30:00;8443;1;0;0;0;0;-1;1;-1;-1;-1;-1;-1;-1;0;0;1;3;0;4;-1;0;0;0;0;0;0;0;0;0;0;0;0;0;1;1;0;0;-1;-1;0;0;-1;-1;-1;-1;-1;-1;-1;-1;-1;0;0;100;100;100;100;100;100;0;16;2;1;3;Roma U19;APOEL U19;2.4;0;3;0;3;0;100;100;0;0;0;100;100;100;0;0;0;4063;2;Y;Y;Y;Y;Y;Y;Y
883410;4198;679653;2016/2017;complete;56416;3;-1;35,47,74,87;76;4;1;5;7;2;9;1;3;1;0;0;0;6;5;7;7;13;12;8;14;-1;-1;1;0;0;0;0;0;0;0;0;0;0;0;0;0;0;0;0;0;0;0;0;0;0;0;0;0;0;0;0;0;0;0;0;0;0;0;0;0;0;0;0;0;0;0;0;0;0;0;0;0;0;0;0;0;0;0;0;0;0;0;0;0;0;0;0;0;0;0;0;0;5;1;0;3;1;4;1;2016-10-19 14:00:00;4198;1;50;0;50;0;-1;1;-1;-1;-1;-1;-1;-1;1;0;0;0;1;0;-1;0;0;0;0;0;0;0;0;0;0;0;0;0;1;1;0;0;-1;-1;0;0;-1;-1;-1;-1;-1;-1;-1;-1;-1;25;25;50;50;75;25;50;75;50;11;2.5;1.5;3.25;PSG U19;Basel U19;2;1.43;2;3;2;3;75;75;50;50;25;25;25;25;0;0;0;4063;7;Y;Y;Y;Y;Y;N;Y
883411;4648;678825;2016/2017;complete;56416;3;-1;86;;1;0;1;3;6;9;0;3;2;0;0;0;7;7;6;7;13;14;14;7;-1;-1;2;0;0;0;0;0;0;0;0;0;0;0;0;0;0;0;0;0;0;0;0;0;0;0;0;0;0;0;0;0;0;0;0;0;0;0;0;0;0;0;0;0;0;0;0;0;0;0;0;0;0;0;0;0;0;0;0;0;0;0;0;0;0;0;0;0;0;0;0;0;1;0;0;1;0;1;0;2016-10-19 14:00:00;4648;1;75;0;50;0;-1;1;-1;-1;-1;-1;-1;-1;0;0;2;0;0;2;-1;0;0;0;0;0;0;0;0;0;0;0;0;0;1;1;0;0;-1;-1;0;0;-1;-1;-1;-1;-1;-1;-1;-1;-1;25;75;100;100;100;75;100;100;75;8.5;1;4;4;Barcelona U19;Manchester City U19;2.33;1.86;3;3;3;3;75;25;0;0;0;25;25;25;0;0;0;4063;7;Y;N;N;N;N;N;N
883412;679743;678207;2016/2017;complete;56417;0;-1;41;80;1;1;2;9;3;12;1;2;0;3;0;0;2;5;1;3;3;8;7;25;-1;-1;0;3;0;0;0;0;0;0;0;0;0;0;0;0;0;0;0;0;0;0;0;0;0;0;0;0;0;0;0;0;0;0;0;0;0;0;0;0;0;0;0;0;0;0;0;0;0;0;0;0;0;0;0;0;0;0;0;0;0;0;0;0;0;0;0;0;0;0;0;0;2;1;0;0;1;1;1;2016-10-19 14:00:00;-1;1;0;0;0;0;-1;1;-1;-1;-1;-1;-1;-1;0;1;0;2;1;2;-1;0;0;0;0;0;0;0;0;0;0;0;0;0;1;1;0;0;-1;-1;0;1;-1;-1;-1;-1;-1;-1;-1;-1;-1;100;100;100;100;100;100;100;100;100;13;3;6;5;Levski Sofia U19;Altınordu U19;0.5;1.4;0;3;0;3;0;0;0;0;0;100;100;100;0;0;0;4063;2;Y;Y;N;N;N;N;Y
883413;679736;678829;2016/2017;complete;56417;0;-1;29,50,73,85,89;;5;0;5;1;4;5;2;2;4;0;0;0;5;5;6;4;11;9;13;14;-1;-1;4;0;0;0;0;0;0;0;0;0;0;0;0;0;0;0;0;0;0;0;0;0;0;0;0;0;0;0;0;0;0;0;0;0;0;0;0;0;0;0;0;0;0;0;0;0;0;0;0;0;0;0;0;0;0;0;0;0;0;0;0;0;0;0;0;0;0;0;0;0;5;1;0;4;0;4;1;2016-10-19 15:00:00;679736;1;0;0;0;0;-1;1;-1;-1;-1;-1;-1;-1;2;0;2;0;2;2;-1;0;0;0;0;0;0;0;0;0;0;0;0;0;1;1;0;0;-1;-1;0;0;-1;-1;-1;-1;-1;-1;-1;-1;-1;0;0;0;100;100;0;100;100;0;16;3;3;2;Dinamo Moskva U19;Qabala U19;2;0;3;0;3;0;100;100;100;0;0;100;100;100;0;0;0;4063;2;Y;Y;Y;Y;Y;N;N
883414;677011;679740;2016/2017;complete;56417;0;-1;;;0;0;0;5;4;9;3;1;2;5;0;0;6;4;4;1;10;5;19;27;-1;-1;2;5;0;0;0;0;0;0;0;0;0;0;0;0;0;0;0;0;0;0;0;0;0;0;0;0;0;0;0;0;0;0;0;0;0;0;0;0;0;0;0;0;0;0;0;0;0;0;0;0;0;0;0;0;0;0;0;0;0;0;0;0;0;0;0;0;0;0;0;0;0;0;0;0;0;0;0;2016-10-19 15:00:00;-1;1;100;0;0;0;-1;1;-1;-1;-1;-1;-1;-1;1;2;1;3;3;4;-1;0;0;0;0;0;0;0;0;0;0;0;0;0;1;1;0;0;-1;-1;0;0;-1;-1;-1;-1;-1;-1;-1;-1;-1;0;0;0;100;100;0;0;100;100;10;5;4;2;PAOK U19;Puskás Akadémia U19;0.5;1;1;1;1;1;100;100;100;0;0;100;100;0;0;0;0;4063;2;N;N;N;N;N;N;N
883415;678815;678820;2016/2017;complete;56417;0;-1;;45;0;1;1;-1;-1;-1;-1;-1;2;3;0;0;-1;-1;-1;-1;-1;-1;-1;-1;-1;-1;2;3;0;0;0;0;0;0;0;0;0;0;0;0;0;0;0;0;0;0;0;0;0;0;0;0;0;0;0;0;0;0;0;0;0;0;0;0;0;0;0;0;0;0;0;0;0;0;0;0;0;0;0;0;0;0;0;0;0;0;0;0;0;0;0;0;0;0;0;0;1;0;1;0;0;0;1;2016-10-19 15:00:00;678820;1;100;0;0;0;-1;1;-1;-1;-1;-1;-1;-1;1;1;1;2;2;3;-1;0;0;0;0;0;0;0;0;1;0;1;0;0;1;1;0;0;-1;-1;0;0;-1;-1;-1;-1;-1;-1;-1;-1;-1;100;100;100;100;100;100;100;100;100;7;1;4;5;Sheriff U19;Viitorul U19;0;2;0;3;0;3;0;0;0;0;0;0;0;0;0;0;0;4063;2;Y;N;N;N;N;N;N
883416;679738;678817;2016/2017;complete;56417;0;-1;20,24,68,82,85,90;;6;0;6;8;1;9;2;1;0;2;0;0;3;3;12;2;15;5;13;8;-1;-1;0;2;0;0;0;0;0;0;0;0;0;0;0;0;0;0;0;0;0;0;0;0;0;0;0;0;0;0;0;0;0;0;0;0;0;0;0;0;0;0;0;0;0;0;0;0;0;0;0;0;0;0;0;0;0;0;0;0;0;0;0;0;0;0;0;0;0;0;0;0;6;2;0;4;0;4;2;2016-10-19 15:00:00;679738;1;0;0;0;0;-1;1;-1;-1;-1;-1;-1;-1;0;1;0;1;1;1;-1;0;0;0;0;0;0;0;0;0;0;0;0;0;1;1;0;0;-1;-1;0;0;-1;-1;-1;-1;-1;-1;-1;-1;-1;0;0;100;100;100;100;100;100;0;0;0;2;3;Zürich U19;Zrinjski U19;2.25;0;3;0;3;0;100;100;0;0;0;0;0;0;0;0;0;4063;2;Y;Y;Y;Y;Y;Y;N
883417;1573;679668;2016/2017;complete;56416;3;-1;;28,55;0;2;2;6;2;8;3;2;2;1;1;0;7;5;7;6;14;11;11;20;-1;-1;3;1;0;0;0;0;0;0;0;0;0;0;0;0;0;0;0;0;0;0;0;0;0;0;0;0;0;0;0;0;0;0;0;0;0;0;0;0;0;0;0;0;0;0;0;0;0;0;0;0;0;0;0;0;0;0;0;0;0;0;0;0;0;0;0;0;0;0;0;0;2;0;1;0;1;1;1;2016-10-19 16:00:00;679668;1;50;50;50;0;-1;1;-1;-1;-1;-1;-1;-1;0;0;3;1;0;4;-1;0;0;0;0;0;0;0;0;0;0;0;0;0;1;1;0;0;-1;-1;0;0;-1;-1;-1;-1;-1;-1;-1;-1;-1;50;75;75;75;75;50;75;75;75;7;1;4.5;4;Bayern München U19;PSV U19;1.67;2;3;2;3;2;50;25;25;25;25;50;0;0;0;0;0;4063;6;Y;Y;N;N;N;N;N
883418;4659;668323;2016/2017;complete;56417;0;-1;27,45,58,62,90;;5;0;5;-1;-1;-1;-1;-1;2;5;0;0;-1;-1;-1;-1;-1;-1;-1;-1;-1;-1;2;5;0;0;0;0;0;0;0;0;0;0;0;0;0;0;0;0;0;0;0;0;0;0;0;0;0;0;0;0;0;0;0;0;0;0;0;0;0;0;0;0;0;0;0;0;0;0;0;0;0;0;0;0;0;0;0;0;0;0;0;0;0;0;0;0;0;0;0;0;5;2;0;3;0;3;2;2016-10-19 16:00:00;4659;1;100;0;0;0;-1;1;-1;-1;-1;-1;-1;-1;1;2;1;3;3;4;-1;0;0;0;0;0;0;0;0;0;0;0;0;0;1;1;0;0;-1;-1;0;1;-1;-1;-1;-1;-1;-1;-1;-1;-1;100;100;100;100;100;0;100;100;100;12;1;4;5;Málaga U19;Nitra U19;2.25;0;3;0;3;0;0;0;0;0;0;100;100;100;0;0;0;4063;2;Y;Y;Y;Y;Y;N;N
883419;679735;678816;2016/2017;complete;56417;0;-1;9,49,73,89;82;4;1;5;5;9;14;6;3;1;4;0;0;3;3;3;7;6;10;18;23;-1;-1;1;4;0;0;0;0;0;0;0;0;0;0;0;0;0;0;0;0;0;0;0;0;0;0;0;0;0;0;0;0;0;0;0;0;0;0;0;0;0;0;0;0;0;0;0;0;0;0;0;0;0;0;0;0;0;0;0;0;0;0;0;0;0;0;0;0;0;0;0;0;5;1;0;3;1;4;1;2016-10-19 16:00:00;679735;1;100;0;0;0;-1;1;-1;-1;-1;-1;-1;-1;0;1;1;3;1;4;-1;0;0;0;0;0;0;0;1;0;1;0;0;0;1;1;1;0;-1;-1;0;0;-1;-1;-1;-1;-1;-1;-1;-1;-1;0;0;0;100;100;0;0;100;100;8;6;3;2;Čukarički U19;Domžale U19;1.75;0.5;1;1;1;1;100;100;100;0;0;0;0;0;0;0;0;4063;2;Y;Y;Y;Y;Y;N;Y
883420;6930;674302;2016/2017;complete;56417;0;-1;25;7,17,90;1;3;4;-1;-1;-1;-1;-1;3;2;0;0;-1;-1;-1;-1;-1;-1;-1;-1;-1;-1;3;2;0;0;0;0;0;0;0;0;0;0;0;0;0;0;0;0;0;0;0;0;0;0;0;0;0;0;0;0;0;0;0;0;0;0;0;0;0;0;0;0;0;0;0;0;0;0;0;0;0;0;0;0;0;0;0;0;0;0;0;0;0;0;0;0;0;0;0;0;4;1;2;0;1;1;3;2016-10-19 16:00:00;674302;1;0;0;0;0;-1;1;-1;-1;-1;-1;-1;-1;0;2;3;0;2;3;-1;0;0;0;0;0;0;0;1;0;1;0;0;0;1;1;0;1;-1;-1;0;0;-1;-1;-1;-1;-1;-1;-1;-1;-1;0;0;0;0;0;0;0;0;0;5;7;3;0;AIK U19;Rosenborg U19;0.5;1.67;1;1;1;1;100;100;100;100;100;0;0;0;0;0;0;4063;2;Y;Y;Y;Y;N;N;Y
883421;679700;679706;2016/2017;complete;56417;0;-1;68,90;8,18,37;2;3;5;4;4;8;3;5;1;1;0;0;0;2;5;5;5;7;21;12;-1;-1;1;1;0;0;0;0;0;0;0;0;0;0;0;0;0;0;0;0;0;0;0;0;0;0;0;0;0;0;0;0;0;0;0;0;0;0;0;0;0;0;0;0;0;0;0;0;0;0;0;0;0;0;0;0;0;0;0;0;0;0;0;0;0;0;0;0;0;0;0;0;5;0;3;2;0;2;3;2016-10-19 16:00:00;679706;1;0;0;0;0;-1;1;-1;-1;-1;-1;-1;-1;1;0;0;1;1;1;-1;0;0;0;0;0;0;0;1;0;1;0;0;0;1;1;0;1;-1;-1;0;0;-1;-1;-1;-1;-1;-1;-1;-1;-1;100;100;100;100;100;0;100;100;100;6;0;3;5;Shakhtyor U19;Maccabi Haifa U19;0;1.6;0;3;0;3;0;0;0;0;0;0;0;0;0;0;0;4063;2;Y;Y;Y;Y;Y;N;Y
883422;679741;678821;2016/2017;complete;56417;0;-1;;69,84,86;0;3;3;3;4;7;2;4;1;1;0;0;2;4;1;3;3;7;8;11;-1;-1;1;1;0;0;0;0;0;0;0;0;0;0;0;0;0;0;0;0;0;0;0;0;0;0;0;0;0;0;0;0;0;0;0;0;0;0;0;0;0;0;0;0;0;0;0;0;0;0;0;0;0;0;0;0;0;0;0;0;0;0;0;0;0;0;0;0;0;0;0;0;3;0;0;0;3;3;0;2016-10-19 17:00:00;678821;1;0;0;0;0;-1;1;-1;-1;-1;-1;-1;-1;0;1;1;0;1;1;-1;0;0;0;0;0;0;0;0;0;0;0;0;0;1;1;0;0;-1;-1;0;0;-1;-1;-1;-1;-1;-1;-1;-1;-1;100;100;100;100;100;100;100;100;100;12;3;3;5;Vardar U19;Salzburg U19;0;2.78;0;3;0;3;0;0;0;0;0;100;100;100;0;0;0;4063;2;Y;Y;Y;N;N;N;N
883423;9428;679652;2016/2017;complete;56417;0;-1;45,65,90;72;3;1;4;6;8;14;0;0;0;1;0;0;4;3;5;7;9;10;14;9;-1;-1;0;1;0;0;0;0;0;0;0;0;0;0;0;0;0;0;0;0;0;0;0;0;0;0;0;0;0;0;0;0;0;0;0;0;0;0;0;0;0;0;0;0;0;0;0;0;0;0;0;0;0;0;0;0;0;0;0;0;0;0;0;0;0;0;0;0;0;0;0;0;4;1;0;2;1;3;1;2016-10-19 17:00:00;9428;1;0;0;0;0;-1;1;-1;-1;-1;-1;-1;-1;0;0;0;1;0;1;-1;0;0;0;0;0;0;0;0;0;0;0;0;0;1;1;0;0;-1;-1;0;0;-1;-1;-1;-1;-1;-1;-1;-1;-1;0;0;0;0;0;0;0;0;0;7;6;4;0;Midtjylland U19;Anderlecht U19;1.6;0.5;1;1;1;1;100;100;100;100;100;0;0;0;0;0;0;4063;2;Y;Y;Y;Y;N;N;Y
883424;678845;10933;2016/2017;complete;56417;0;-1;9,13,40,82;;4;0;4;8;3;11;1;1;0;1;0;0;10;0;5;3;15;3;17;12;-1;-1;0;1;0;0;0;0;0;0;0;0;0;0;0;0;0;0;0;0;0;0;0;0;0;0;0;0;0;0;0;0;0;0;0;0;0;0;0;0;0;0;0;0;0;0;0;0;0;0;0;0;0;0;0;0;0;0;0;0;0;0;0;0;0;0;0;0;0;0;0;0;4;3;0;1;0;1;3;2016-10-19 17:00:00;678845;1;0;0;0;0;-1;1;-1;-1;-1;-1;-1;-1;0;0;0;1;0;1;-1;0;0;0;0;0;0;0;0;0;0;0;0;0;1;1;1;0;-1;-1;0;0;-1;-1;-1;-1;-1;-1;-1;-1;-1;0;0;100;100;100;100;100;100;0;0;0;1;3;Ajax U19;Breidablik U19;2.57;0;3;0;3;0;100;100;0;0;0;0;0;0;0;0;0;4063;2;Y;Y;Y;Y;N;N;N
883425;679742;679664;2016/2017;complete;56417;0;-1;47;;1;0;1;5;9;14;2;0;1;1;0;0;4;10;4;7;8;17;11;9;-1;-1;1;1;0;0;0;0;0;0;0;0;0;0;0;0;0;0;0;0;0;0;0;0;0;0;0;0;0;0;0;0;0;0;0;0;0;0;0;0;0;0;0;0;0;0;0;0;0;0;0;0;0;0;0;0;0;0;0;0;0;0;0;0;0;0;0;0;0;0;0;0;1;0;0;1;0;1;0;2016-10-19 18:00:00;679742;1;0;0;0;0;-1;1;-1;-1;-1;-1;-1;-1;0;0;1;1;0;2;-1;0;0;0;0;0;0;0;1;0;1;0;0;0;1;1;0;0;-1;-1;0;0;-1;-1;-1;-1;-1;-1;-1;-1;-1;0;0;0;0;0;0;0;0;0;11;1;2;0;Cork City U19;HJK U19;1;0.5;1;1;1;1;100;100;100;100;100;100;100;100;0;0;0;4063;2;Y;N;N;N;N;N;N
883426;678213;8436;2016/2017;complete;56416;4;-1;;12;0;1;1;8;4;12;1;1;4;4;0;0;6;3;4;2;10;5;26;20;-1;-1;4;4;0;0;0;0;0;0;0;0;0;0;0;0;0;0;0;0;0;0;0;0;0;0;0;0;0;0;0;0;0;0;0;0;0;0;0;0;0;0;0;0;0;0;0;0;0;0;0;0;0;0;0;0;0;0;0;0;0;0;0;0;0;0;0;0;0;0;0;0;1;0;1;0;0;0;1;2016-11-01 11:00:00;8436;1;84;0;0;0;-1;1;-1;-1;-1;-1;-1;-1;3;1;1;3;4;4;-1;0;0;0;0;0;0;0;0;1;0;1;0;0;1;1;0;0;-1;-1;0;0;-1;-1;-1;-1;-1;-1;-1;-1;-1;50;84;84;84;84;50;84;84;84;8.67;2.34;10.33;4;Beşiktaş U19;Napoli U19;0.5;0.67;1;0.33;1;0.33;50;17;17;17;17;84;67;34;0;0;0;4063;6;Y;N;N;N;N;N;N
883427;6988;679737;2016/2017;complete;56416;4;-1;72;;1;0;1;6;0;6;7;1;2;2;0;0;7;0;6;2;13;2;11;14;-1;-1;2;2;0;0;0;0;0;0;0;0;0;0;0;0;0;0;0;0;0;0;0;0;0;0;0;0;0;0;0;0;0;0;0;0;0;0;0;0;0;0;0;0;0;0;0;0;0;0;0;0;0;0;0;0;0;0;0;0;0;0;0;0;0;0;0;0;0;0;0;0;1;0;0;1;0;1;0;2016-11-01 11:00:00;6988;1;67;50;100;0;-1;1;-1;-1;-1;-1;-1;-1;0;1;2;1;1;3;-1;0;0;0;0;0;0;0;0;0;0;0;0;0;1;1;0;0;-1;-1;0;0;-1;-1;-1;-1;-1;-1;-1;-1;-1;34;84;84;84;84;34;84;84;84;9;2;5.33;4;Atlético Madrid U19;Rostov U19;1.89;0;1.33;0;1.33;0;67;17;17;17;17;75;50;50;0;0;0;4063;6;Y;N;N;N;N;N;N
883428;1601;679689;2016/2017;complete;56416;4;-1;21,28,31,83;12;4;1;5;4;3;7;0;2;2;3;0;0;6;4;1;0;7;4;12;24;-1;-1;2;3;0;0;0;0;0;0;0;0;0;0;0;0;0;0;0;0;0;0;0;0;0;0;0;0;0;0;0;0;0;0;0;0;0;0;0;0;0;0;0;0;0;0;0;0;0;0;0;0;0;0;0;0;0;0;0;0;0;0;0;0;0;0;0;0;0;0;0;0;5;3;1;1;0;1;4;2016-11-01 13:00:00;1601;1;84;50;50;0;-1;1;-1;-1;-1;-1;-1;-1;2;2;0;1;4;1;-1;0;0;0;0;0;0;0;0;1;0;1;0;0;1;1;0;0;-1;-1;0;0;-1;-1;-1;-1;-1;-1;-1;-1;-1;17;50;67;100;100;50;100;100;50;8;4.33;4.67;3.34;Borussia M'gladbach U19;Celtic U19;1.17;0.17;0.33;0.33;0.33;0.33;84;50;33;0;0;50;50;50;0;0;0;4063;6;Y;Y;Y;Y;Y;N;Y
883429;679668;1573;2016/2017;complete;56416;4;-1;38,68;;2;0;2;10;4;14;2;1;3;5;0;0;9;4;8;8;17;12;23;14;-1;-1;3;5;0;0;0;0;0;0;0;0;0;0;0;0;0;0;0;0;0;0;0;0;0;0;0;0;0;0;0;0;0;0;0;0;0;0;0;0;0;0;0;0;0;0;0;0;0;0;0;0;0;0;0;0;0;0;0;0;0;0;0;0;0;0;0;0;0;0;0;0;2;1;0;1;0;1;1;2016-11-01 13:00:00;679668;1;34;0;50;0;-1;1;-1;-1;-1;-1;-1;-1;0;0;3;5;0;8;-1;0;0;0;0;0;0;0;0;0;0;0;0;0;1;1;0;0;-1;-1;0;0;-1;-1;-1;-1;-1;-1;-1;-1;-1;33;50;50;84;84;33;84;84;50;7.5;2.33;4.33;3.34;PSV U19;Bayern München U19;2;1.67;2.33;2;2.33;2;67;50;50;17;17;25;0;0;0;0;0;4063;6;Y;Y;N;N;N;N;N
883430;678832;679650;2016/2017;complete;56416;4;-1;73;33;1;1;2;1;12;13;3;1;2;0;0;0;2;3;0;9;2;12;8;14;-1;-1;2;0;0;0;0;0;0;0;0;0;0;0;0;0;0;0;0;0;0;0;0;0;0;0;0;0;0;0;0;0;0;0;0;0;0;0;0;0;0;0;0;0;0;0;0;0;0;0;0;0;0;0;0;0;0;0;0;0;0;0;0;0;0;0;0;0;0;0;0;0;2;0;1;1;0;1;1;2016-11-01 14:00:00;-1;1;33;50;0;0;-1;1;-1;-1;-1;-1;-1;-1;1;0;1;0;1;1;-1;0;0;0;0;0;0;0;0;0;0;0;0;0;1;1;0;0;-1;-1;0;0;-1;-1;-1;-1;-1;-1;-1;-1;-1;17;17;67;67;84;17;67;84;67;4;1;3.33;3.17;Ludogorets U19;Arsenal U19;0.17;1.17;0;1.33;0;1.33;84;84;33;33;17;17;17;17;0;0;0;4063;6;Y;Y;N;N;N;N;Y
883431;679653;4198;2016/2017;complete;56416;4;-1;16,47;40,76,80;2;3;5;-1;-1;-1;-1;-1;1;1;0;0;-1;-1;-1;-1;-1;-1;-1;-1;-1;-1;1;1;0;0;0;0;0;0;0;0;0;0;0;0;0;0;0;0;0;0;0;0;0;0;0;0;0;0;0;0;0;0;0;0;0;0;0;0;0;0;0;0;0;0;0;0;0;0;0;0;0;0;0;0;0;0;0;0;0;0;0;0;0;0;0;0;0;0;0;0;5;1;1;1;2;3;2;2016-11-01 15:00:00;4198;1;67;50;0;0;-1;1;-1;-1;-1;-1;-1;-1;0;0;1;1;0;2;-1;0;0;0;0;0;0;0;0;0;0;0;0;0;1;1;0;0;-1;-1;0;0;-1;-1;-1;-1;-1;-1;-1;-1;-1;50;50;67;67;84;17;67;84;67;10.33;3;1.34;3.84;Basel U19;PSG U19;1.43;2;2;2.33;2;2.33;50;50;33;33;17;50;17;17;0;0;0;4063;7;Y;Y;Y;Y;Y;N;Y
883432;678844;1741;2016/2017;complete;56416;4;-1;18;47,86;1;2;3;7;2;9;1;3;3;3;0;1;5;4;3;6;8;10;19;17;-1;-1;3;4;0;0;0;0;0;0;0;0;0;0;0;0;0;0;0;0;0;0;0;0;0;0;0;0;0;0;0;0;0;0;0;0;0;0;0;0;0;0;0;0;0;0;0;0;0;0;0;0;0;0;0;0;0;0;0;0;0;0;0;0;0;0;0;0;0;0;0;0;3;1;0;0;2;2;1;2016-11-01 15:00:00;1741;1;84;0;0;0;-1;1;-1;-1;-1;-1;-1;-1;1;2;2;2;3;4;-1;0;0;0;0;0;0;0;1;1;1;1;0;0;1;1;0;0;-1;-1;0;1;-1;-1;-1;-1;-1;-1;-1;-1;-1;50;50;84;84;84;17;84;84;84;11;5.34;7.66;3.67;Benfica U19;Dynamo Kyiv U19;1.64;2.29;1.33;2.33;1.33;2.33;50;50;17;17;17;84;67;67;0;0;0;4063;7;Y;Y;Y;N;N;N;Y
883433;678825;4648;2016/2017;complete;56416;4;-1;;19,45;0;2;2;6;0;6;4;1;2;1;0;0;5;6;10;4;15;10;13;12;-1;-1;2;1;0;0;0;0;0;0;0;0;0;0;0;0;0;0;0;0;0;0;0;0;0;0;0;0;0;0;0;0;0;0;0;0;0;0;0;0;0;0;0;0;0;0;0;0;0;0;0;0;0;0;0;0;0;0;0;0;0;0;0;0;0;0;0;0;0;0;0;0;2;0;2;0;0;0;2;2016-11-01 15:00:00;4648;1;50;50;50;0;-1;1;-1;-1;-1;-1;-1;-1;1;0;1;1;1;2;-1;0;0;0;0;0;0;0;0;0;0;0;0;0;1;1;0;0;-1;-1;0;0;-1;-1;-1;-1;-1;-1;-1;-1;-1;17;50;67;67;100;50;67;100;50;8.67;1.66;3.33;3;Manchester City U19;Barcelona U19;1.86;2.33;2;3;2;3;84;50;33;33;0;50;17;17;0;0;0;4063;7;Y;Y;N;N;N;N;N
883434;1574;679647;2016/2017;complete;56416;4;-1;;41;0;1;1;5;2;7;6;0;1;4;0;1;3;7;3;4;6;11;11;17;-1;-1;1;5;0;0;0;0;0;0;0;0;0;0;0;0;0;0;0;0;0;0;0;0;0;0;0;0;0;0;0;0;0;0;0;0;0;0;0;0;0;0;0;0;0;0;0;0;0;0;0;0;0;0;0;0;0;0;0;0;0;0;0;0;0;0;0;0;0;0;0;0;1;0;1;0;0;0;1;2016-11-02 13:00:00;679647;1;84;50;100;0;-1;1;-1;-1;-1;-1;-1;-1;0;1;1;4;1;5;-1;0;0;0;0;0;0;0;0;0;0;0;0;0;1;1;0;0;-1;-1;0;0;-1;-1;-1;-1;-1;-1;-1;-1;-1;17;33;33;100;100;33;84;100;50;11.34;5;5;3.17;Borussia Dortmund U19;Sporting CP U19;1.38;1;1.33;1;1.33;1;84;67;67;0;0;84;17;17;0;0;0;4063;6;Y;N;N;N;N;N;N
883435;4615;1898;2016/2017;complete;56416;4;-1;5;58;1;1;2;7;5;12;5;2;2;5;0;2;2;0;3;0;5;0;16;19;-1;-1;2;7;0;0;0;0;0;0;0;0;0;0;0;0;0;0;0;0;0;0;0;0;0;0;0;0;0;0;0;0;0;0;0;0;0;0;0;0;0;0;0;0;0;0;0;0;0;0;0;0;0;0;0;0;0;0;0;0;0;0;0;0;0;0;0;0;0;0;0;0;2;1;0;0;1;1;1;2016-11-02 13:00:00;-1;1;84;50;0;0;-1;1;-1;-1;-1;-1;-1;-1;0;2;2;5;2;7;-1;0;0;0;0;0;0;0;0;0;0;0;0;0;1;1;1;0;-1;-1;0;0;-1;-1;-1;-1;-1;-1;-1;-1;-1;33;33;84;100;100;67;100;100;17;14.5;2.66;8.34;3.84;Sevilla U19;Dinamo Zagreb U19;1.43;1.17;2;1;2;1;67;67;17;0;0;100;100;100;0;0;0;4063;6;Y;Y;N;N;N;N;Y
883436;677011;678845;2016/2017;complete;56418;0;-1;;24,75;0;2;2;-1;-1;-1;-1;-1;0;1;0;0;-1;-1;-1;-1;-1;-1;-1;-1;-1;-1;0;1;0;0;0;0;0;0;0;0;0;0;0;0;0;0;0;0;0;0;0;0;0;0;0;0;0;0;0;0;0;0;0;0;0;0;0;0;0;0;0;0;0;0;0;0;0;0;0;0;0;0;0;0;0;0;0;0;0;0;0;0;0;0;0;0;0;0;0;0;2;0;1;0;1;1;1;2016-11-02 13:00:00;678845;1;25;0;0;0;-1;1;-1;-1;-1;-1;-1;-1;0;0;0;1;0;1;-1;0;0;0;0;0;0;0;0;0;0;0;0;0;1;1;0;0;-1;-1;0;0;-1;-1;-1;-1;-1;-1;-1;-1;-1;0;25;50;75;75;50;50;75;25;12.5;2;1.5;2.25;PAOK U19;Ajax U19;0.5;2.57;1;3;1;3;100;75;50;25;25;100;75;50;0;0;0;4063;4;Y;Y;N;N;N;N;N
883437;4222;679651;2016/2017;complete;56416;4;-1;;8,43,45,49,79;0;5;5;7;3;10;1;1;1;1;0;0;14;5;5;2;19;7;9;8;-1;-1;1;1;0;0;0;0;0;0;0;0;0;0;0;0;0;0;0;0;0;0;0;0;0;0;0;0;0;0;0;0;0;0;0;0;0;0;0;0;0;0;0;0;0;0;0;0;0;0;0;0;0;0;0;0;0;0;0;0;0;0;0;0;0;0;0;0;0;0;0;0;5;0;3;0;2;2;3;2016-11-02 14:00:00;679651;1;100;100;0;0;-1;1;-1;-1;-1;-1;-1;-1;1;1;0;0;2;0;-1;0;0;0;0;0;0;0;0;1;0;1;0;0;1;1;0;1;-1;-1;0;0;-1;-1;-1;-1;-1;-1;-1;-1;-1;67;67;100;100;100;84;100;84;67;9.5;1.33;4.33;4.33;Monaco  U19;CSKA Moskva U19;1.88;2;2;2;2;2;33;33;0;0;0;59;42;42;0;0;0;4063;8;Y;Y;Y;Y;Y;N;N
883438;678846;678834;2016/2017;complete;56416;4;-1;90;20,36,86;1;3;4;12;3;15;2;3;3;1;0;0;9;0;6;5;15;5;12;9;-1;-1;3;1;0;0;0;0;0;0;0;0;0;0;0;0;0;0;0;0;0;0;0;0;0;0;0;0;0;0;0;0;0;0;0;0;0;0;0;0;0;0;0;0;0;0;0;0;0;0;0;0;0;0;0;0;0;0;0;0;0;0;0;0;0;0;0;0;0;0;0;0;4;0;2;1;1;2;2;2016-11-02 14:00:00;678834;1;33;50;0;0;-1;1;-1;-1;-1;-1;-1;-1;1;0;2;1;1;3;-1;0;0;0;0;0;0;0;0;0;0;0;0;0;1;1;0;0;-1;-1;0;0;-1;-1;-1;-1;-1;-1;-1;-1;-1;17;17;33;84;84;33;67;67;34;11.33;3;4;2.34;Porto U19;Club Brugge U19;1.88;1.67;3;1.33;3;1.33;84;84;67;17;17;84;84;84;0;0;0;4063;6;Y;Y;Y;Y;N;N;Y
883439;679541;4668;2016/2017;complete;56416;4;-1;90;40,45;1;2;3;5;8;13;4;2;1;2;0;0;8;7;2;5;10;12;16;19;-1;-1;1;2;0;0;0;0;0;0;0;0;0;0;0;0;0;0;0;0;0;0;0;0;0;0;0;0;0;0;0;0;0;0;0;0;0;0;0;0;0;0;0;0;0;0;0;0;0;0;0;0;0;0;0;0;0;0;0;0;0;0;0;0;0;0;0;0;0;0;0;0;3;0;2;1;0;1;2;2016-11-02 15:00:00;4668;1;84;50;50;0;-1;1;-1;-1;-1;-1;-1;-1;0;1;1;1;1;2;-1;0;0;0;0;0;0;0;0;0;0;0;0;0;1;1;0;0;-1;-1;0;0;-1;-1;-1;-1;-1;-1;-1;-1;-1;50;67;67;100;100;67;84;100;84;6;2.67;5.33;4.17;Legia Warszawa U19;Real Madrid U19;0.83;2.11;0.33;2.33;0.33;2.33;50;33;33;0;0;50;17;17;0;0;0;4063;6;Y;Y;Y;N;N;N;Y
883440;9434;679739;2016/2017;complete;56416;4;-1;1,8,90;14,51;3;2;5;7;5;12;3;3;0;4;0;0;8;3;9;4;17;7;14;9;-1;-1;0;4;0;0;0;0;0;0;0;0;0;0;0;0;0;0;0;0;0;0;0;0;0;0;0;0;0;0;0;0;0;0;0;0;0;0;0;0;0;0;0;0;0;0;0;0;0;0;0;0;0;0;0;0;0;0;0;0;0;0;0;0;0;0;0;0;0;0;0;0;5;2;1;1;1;2;3;2016-11-02 15:00:00;9434;1;67;50;0;0;-1;1;-1;-1;-1;-1;-1;-1;0;1;0;3;1;3;-1;0;0;0;0;0;0;0;0;0;0;0;0;0;1;1;2;0;-1;-1;0;0;-1;-1;-1;-1;-1;-1;-1;-1;-1;50;50;67;84;84;67;67;67;67;10.17;6.67;3;3.33;København U19;Leicester City U19;1.43;0.5;0.33;1;0.33;1;50;50;33;17;17;75;75;75;0;0;0;4063;6;Y;Y;Y;Y;Y;N;Y
883441;678820;679738;2016/2017;complete;56418;0;-1;4,39,74,82,89;;5;0;5;-1;-1;-1;-1;-1;1;4;0;1;-1;-1;-1;-1;-1;-1;-1;-1;-1;-1;1;5;0;0;0;0;0;0;0;0;0;0;0;0;0;0;0;0;0;0;0;0;0;0;0;0;0;0;0;0;0;0;0;0;0;0;0;0;0;0;0;0;0;0;0;0;0;0;0;0;0;0;0;0;0;0;0;0;0;0;0;0;0;0;0;0;0;0;0;0;5;2;0;3;0;3;2;2016-11-02 16:00:00;678820;1;25;50;0;0;-1;1;-1;-1;-1;-1;-1;-1;0;0;1;5;0;6;-1;0;0;0;0;0;0;0;1;0;1;0;0;0;1;1;1;0;-1;-1;0;0;-1;-1;-1;-1;-1;-1;-1;-1;-1;50;50;75;75;100;75;100;75;50;15;0.5;2;3.75;Viitorul U19;Zürich U19;2;2.25;3;3;3;3;50;50;25;25;0;50;0;0;0;0;0;4063;4;Y;Y;Y;Y;Y;N;N
883442;678828;1590;2016/2017;complete;56416;4;-1;35,55;90;2;1;3;7;6;13;5;2;3;2;0;1;14;5;2;2;16;7;11;11;-1;-1;3;4;0;0;0;0;0;0;0;0;0;0;0;0;0;0;0;0;0;0;0;0;0;0;0;0;0;0;0;0;0;0;0;0;0;0;0;0;0;0;0;0;0;0;0;0;0;0;0;0;0;0;0;0;0;0;0;0;0;0;0;0;0;0;0;0;0;0;0;0;3;1;0;1;1;2;1;2016-11-02 17:00:00;678828;1;100;100;50;0;-1;1;-1;-1;-1;-1;-1;-1;1;2;2;1;3;3;-1;0;0;0;0;0;0;0;0;0;0;0;0;0;1;1;0;0;-1;-1;1;0;-1;-1;-1;-1;-1;-1;-1;-1;-1;34;67;100;100;100;50;100;84;67;7.5;1.33;4;4;Tottenham Hotspur U19;Bayer Leverkusen U19;0.67;1;0;2;0;2;67;34;0;0;0;59;42;0;0;0;0;4063;6;Y;Y;Y;N;N;N;Y
883443;8434;4190;2016/2017;complete;56416;4;-1;;37;0;1;1;2;5;7;3;1;4;4;0;0;2;4;4;4;6;8;10;15;-1;-1;4;4;0;0;0;0;0;0;0;0;0;0;0;0;0;0;0;0;0;0;0;0;0;0;0;0;0;0;0;0;0;0;0;0;0;0;0;0;0;0;0;0;0;0;0;0;0;0;0;0;0;0;0;0;0;0;0;0;0;0;0;0;0;0;0;0;0;0;0;0;1;0;1;0;0;0;1;2016-11-02 17:00:00;4190;1;50;50;50;0;-1;1;-1;-1;-1;-1;-1;-1;1;0;3;4;1;7;-1;0;0;0;0;0;0;0;0;0;0;0;0;0;1;1;0;0;-1;-1;0;0;-1;-1;-1;-1;-1;-1;-1;-1;-1;0;0;84;100;100;33;100;100;50;8.5;4.67;5.67;2.84;Juventus U19;Olympique Lyonnais U19;1.29;1.5;2;1;2;1;100;100;17;0;0;59;59;59;0;0;0;4063;6;Y;N;N;N;N;N;N
883444;678821;679699;2016/2017;complete;56418;0;-1;16,24,68,70,79,80,87,90;55;8;1;9;-1;-1;-1;-1;-1;1;3;0;1;-1;-1;-1;-1;-1;-1;-1;-1;-1;-1;1;4;0;0;0;0;0;0;0;0;0;0;0;0;0;0;0;0;0;0;0;0;0;0;0;0;0;0;0;0;0;0;0;0;0;0;0;0;0;0;0;0;0;0;0;0;0;0;0;0;0;0;0;0;0;0;0;0;0;0;0;0;0;0;0;0;0;0;0;0;9;2;0;6;1;7;2;2016-11-02 17:00:00;678821;1;25;0;0;0;-1;1;-1;-1;-1;-1;-1;-1;0;0;1;4;0;5;-1;0;0;0;0;0;0;0;0;0;0;0;0;0;1;1;0;0;-1;-1;0;0;-1;-1;-1;-1;-1;-1;-1;-1;-1;50;50;100;100;100;25;50;100;100;11.5;4.5;4.5;4.25;Salzburg U19;Kairat U19;2.78;1.5;3;3;3;3;50;50;0;0;0;50;50;50;0;0;0;4063;4;Y;Y;Y;Y;Y;Y;Y
883445;674302;679735;2016/2017;complete;56418;0;-1;;76;0;1;1;-1;-1;-1;-1;-1;2;1;0;0;-1;-1;-1;-1;-1;-1;-1;-1;-1;-1;2;1;0;0;0;0;0;0;0;0;0;0;0;0;0;0;0;0;0;0;0;0;0;0;0;0;0;0;0;0;0;0;0;0;0;0;0;0;0;0;0;0;0;0;0;0;0;0;0;0;0;0;0;0;0;0;0;0;0;0;0;0;0;0;0;0;0;0;0;0;1;0;0;0;1;1;0;2016-11-02 17:00:00;679735;1;75;0;50;0;-1;1;-1;-1;-1;-1;-1;-1;0;0;2;1;0;3;-1;0;0;0;0;0;0;0;0;0;0;0;0;0;1;1;0;0;-1;-1;0;0;-1;-1;-1;-1;-1;-1;-1;-1;-1;25;50;50;75;75;25;50;75;50;9.5;6;2.5;2.75;Rosenborg U19;Čukarički U19;1.67;1.75;2;2;2;2;75;50;50;25;25;25;25;25;0;0;0;4063;4;Y;N;N;N;N;N;N
883446;4659;9428;2016/2017;complete;56418;0;-1;78,90;;2;0;2;-1;-1;-1;-1;-1;2;4;0;0;-1;-1;-1;-1;-1;-1;-1;-1;-1;-1;2;4;0;0;0;0;0;0;0;0;0;0;0;0;0;0;0;0;0;0;0;0;0;0;0;0;0;0;0;0;0;0;0;0;0;0;0;0;0;0;0;0;0;0;0;0;0;0;0;0;0;0;0;0;0;0;0;0;0;0;0;0;0;0;0;0;0;0;0;0;2;0;0;2;0;2;0;2016-11-02 17:00:00;4659;1;50;0;0;0;-1;1;-1;-1;-1;-1;-1;-1;1;0;1;4;1;5;-1;0;0;0;0;0;0;0;1;0;1;0;0;0;1;1;0;0;-1;-1;0;0;-1;-1;-1;-1;-1;-1;-1;-1;-1;50;75;75;75;75;25;75;75;75;13.5;0.5;2;3.5;Málaga U19;Midtjylland U19;2.25;1.6;3;2;3;2;50;25;25;25;25;75;75;75;0;0;0;4063;4;Y;Y;N;N;N;N;N
883447;679742;8443;2016/2017;complete;56418;0;-1;20;10,86,90;1;3;4;10;6;16;0;2;1;4;0;0;5;8;7;9;12;17;9;19;-1;-1;1;4;0;0;0;0;0;0;0;0;0;0;0;0;0;0;0;0;0;0;0;0;0;0;0;0;0;0;0;0;0;0;0;0;0;0;0;0;0;0;0;0;0;0;0;0;0;0;0;0;0;0;0;0;0;0;0;0;0;0;0;0;0;0;0;0;0;0;0;0;4;1;1;0;2;2;2;2016-11-02 19:00:00;8443;1;25;0;0;0;-1;1;-1;-1;-1;-1;-1;-1;1;1;0;3;2;3;-1;0;0;0;0;0;0;0;0;0;0;0;0;0;1;1;0;1;-1;-1;0;0;-1;-1;-1;-1;-1;-1;-1;-1;-1;25;25;50;50;75;50;50;75;25;12;3;1.5;2.75;Cork City U19;Roma U19;1;2.4;2;3;2;3;75;75;50;50;25;75;75;75;0;0;0;4063;4;Y;Y;Y;Y;N;N;Y
883448;678207;3720;2016/2017;complete;56418;0;-1;3,23,41,47,60,90;45,82;6;2;8;-1;-1;-1;-1;-1;0;3;0;0;-1;-1;-1;-1;-1;-1;-1;-1;-1;-1;0;3;0;0;0;0;0;0;0;0;0;0;0;0;0;0;0;0;0;0;0;0;0;0;0;0;0;0;0;0;0;0;0;0;0;0;0;0;0;0;0;0;0;0;0;0;0;0;0;0;0;0;0;0;0;0;0;0;0;0;0;0;0;0;0;0;0;0;0;0;8;3;1;3;1;4;4;2016-11-09 13:00:00;678207;1;25;0;0;0;-1;1;-1;-1;-1;-1;-1;-1;0;0;0;3;0;3;-1;0;0;0;0;0;0;0;0;0;0;0;0;0;1;1;1;0;-1;-1;0;0;-1;-1;-1;-1;-1;-1;-1;-1;-1;50;75;75;100;100;75;100;100;50;15;4;4;4;Altınordu U19;Sparta Praha U19;1.4;2.25;2;3;2;3;50;25;25;0;0;100;100;50;0;0;0;4063;4;Y;Y;Y;Y;Y;Y;Y
883449;679706;679736;2016/2017;complete;56418;0;-1;;;0;0;0;10;0;10;1;0;4;2;0;0;3;4;6;5;9;9;13;11;-1;-1;4;2;0;0;0;0;0;0;0;0;0;0;0;0;0;0;0;0;0;0;0;0;0;0;0;0;0;0;0;0;0;0;0;0;0;0;0;0;0;0;0;0;0;0;0;0;0;0;0;0;0;0;0;0;0;0;0;0;0;0;0;0;0;0;0;0;0;0;0;0;0;0;0;0;0;0;0;2016-11-16 15:00:00;-1;1;25;0;0;0;-1;1;-1;-1;-1;-1;-1;-1;0;0;4;2;0;6;-1;0;0;0;0;0;0;0;0;0;0;0;0;0;1;1;0;0;-1;-1;0;0;-1;-1;-1;-1;-1;-1;-1;-1;-1;75;75;75;100;100;25;100;100;75;10;4;3.5;4.25;Maccabi Haifa U19;Dinamo Moskva U19;1.6;2;3;3;3;3;25;25;25;0;0;25;25;25;0;0;0;4063;4;N;N;N;N;N;N;N
883450;679651;1590;2016/2017;complete;56416;5;-1;24,74;30;2;1;3;6;4;10;0;2;3;1;0;0;5;6;2;5;7;11;8;14;-1;-1;3;1;0;0;0;0;0;0;0;0;0;0;0;0;0;0;0;0;0;0;0;0;0;0;0;0;0;0;0;0;0;0;0;0;0;0;0;0;0;0;0;0;0;0;0;0;0;0;0;0;0;0;0;0;0;0;0;0;0;0;0;0;0;0;0;0;0;0;0;0;3;1;1;1;0;1;2;2016-11-22 11:00:00;679651;1;88;50;50;0;-1;1;-1;-1;-1;-1;-1;-1;1;1;2;0;2;2;-1;0;0;0;0;0;0;0;0;0;0;0;0;0;1;1;0;0;-1;-1;0;0;-1;-1;-1;-1;-1;-1;-1;-1;-1;38;50;100;100;100;63;100;75;63;9.75;2.25;5.25;3.88;CSKA Moskva U19;Bayer Leverkusen U19;2;1;2.25;1.5;2.25;1.5;63;50;0;0;0;75;50;25;0;0;0;4063;6;Y;Y;Y;N;N;N;Y
883451;679647;4668;2016/2017;complete;56416;5;-1;69;7,38,73;1;3;4;4;5;9;3;2;1;4;0;0;5;5;2;6;7;11;21;14;-1;-1;1;4;0;0;0;0;0;0;0;0;0;0;0;0;0;0;0;0;0;0;0;0;0;0;0;0;0;0;0;0;0;0;0;0;0;0;0;0;0;0;0;0;0;0;0;0;0;0;0;0;0;0;0;0;0;0;0;0;0;0;0;0;0;0;0;0;0;0;0;0;4;0;2;1;1;2;2;2016-11-22 13:00:00;4668;1;88;50;50;0;-1;1;-1;-1;-1;-1;-1;-1;0;1;1;3;1;4;-1;0;0;0;0;0;0;0;0;0;0;0;0;0;1;1;0;1;-1;-1;0;0;-1;-1;-1;-1;-1;-1;-1;-1;-1;25;38;50;88;100;50;75;88;63;8.25;2.5;6.5;3.25;Sporting CP U19;Real Madrid U19;1;2.11;1.5;2.5;1.5;2.5;75;63;50;13;0;50;13;13;0;0;0;4063;6;Y;Y;Y;Y;N;N;Y
883452;1574;679541;2016/2017;complete;56416;5;-1;10,59,79;31,41,88;3;3;6;-1;-1;-1;-1;-1;4;1;0;0;-1;-1;-1;-1;-1;-1;-1;-1;-1;-1;4;1;0;0;0;0;0;0;0;0;0;0;0;0;0;0;0;0;0;0;0;0;0;0;0;0;0;0;0;0;0;0;0;0;0;0;0;0;0;0;0;0;0;0;0;0;0;0;0;0;0;0;0;0;0;0;0;0;0;0;0;0;0;0;0;0;0;0;0;0;6;1;2;2;1;3;3;2016-11-22 13:00:00;-1;1;63;75;75;0;-1;1;-1;-1;-1;-1;-1;-1;0;0;4;1;0;5;-1;0;0;0;0;0;0;0;0;0;0;0;0;0;1;1;1;0;-1;-1;0;0;-1;-1;-1;-1;-1;-1;-1;-1;-1;25;38;50;88;100;50;100;88;38;9.75;6.25;3.5;3.25;Borussia Dortmund U19;Legia Warszawa U19;1.38;0.83;1;0.25;1;0.25;75;63;50;13;0;75;38;38;0;0;0;4063;6;Y;Y;Y;Y;Y;Y;Y
883453;1898;4190;2016/2017;complete;56416;5;-1;8;67,83;1;2;3;3;10;13;1;4;4;4;0;0;4;6;5;5;9;11;19;19;-1;-1;4;4;0;0;0;0;0;0;0;0;0;0;0;0;0;0;0;0;0;0;0;0;0;0;0;0;0;0;0;0;0;0;0;0;0;0;0;0;0;0;0;0;0;0;0;0;0;0;0;0;0;0;0;0;0;0;0;0;0;0;0;0;0;0;0;0;0;0;0;0;3;1;0;0;2;2;1;2016-11-22 13:00:00;4190;1;50;75;0;0;-1;1;-1;-1;-1;-1;-1;-1;2;1;2;3;3;5;-1;0;0;0;0;0;0;0;0;0;0;0;0;0;1;1;1;0;-1;-1;0;0;-1;-1;-1;-1;-1;-1;-1;-1;-1;13;13;50;88;100;38;100;88;13;12.67;2.5;7.75;2.75;Dinamo Zagreb U19;Olympique Lyonnais U19;1.17;1.5;1;1.5;1;1.5;88;88;50;13;0;67;67;67;0;0;0;4063;6;Y;Y;Y;N;N;N;Y
883454;4222;678828;2016/2017;complete;56416;5;-1;62,67;52;2;1;3;9;4;13;0;1;3;2;1;0;11;10;3;4;14;14;16;12;-1;-1;4;2;0;0;0;0;0;0;0;0;0;0;0;0;0;0;0;0;0;0;0;0;0;0;0;0;0;0;0;0;0;0;0;0;0;0;0;0;0;0;0;0;0;0;0;0;0;0;0;0;0;0;0;0;0;0;0;0;0;0;0;0;0;0;0;0;0;0;0;0;3;0;0;2;1;3;0;2016-11-22 14:00:00;4222;1;88;25;25;0;-1;1;-1;-1;-1;-1;-1;-1;2;2;2;0;4;2;-1;0;0;0;0;0;0;0;0;0;0;0;0;0;1;1;0;0;-1;-1;1;0;-1;-1;-1;-1;-1;-1;-1;-1;-1;63;75;100;100;100;63;100;100;88;9.34;2;3.25;4.38;Monaco  U19;Tottenham Hotspur U19;1.88;0.67;1.5;0.75;1.5;0.75;38;25;0;0;0;67;67;33;0;0;0;4063;6;Y;Y;Y;N;N;N;Y
883455;679739;678834;2016/2017;complete;56416;5;-1;65,71;18,39,53;2;3;5;-1;-1;-1;-1;-1;3;2;0;0;-1;-1;-1;-1;-1;-1;-1;-1;-1;-1;3;2;0;0;0;0;0;0;0;0;0;0;0;0;0;0;0;0;0;0;0;0;0;0;0;0;0;0;0;0;0;0;0;0;0;0;0;0;0;0;0;0;0;0;0;0;0;0;0;0;0;0;0;0;0;0;0;0;0;0;0;0;0;0;0;0;0;0;0;0;5;0;2;2;1;3;2;2016-11-22 14:45:00;678834;1;63;25;50;0;-1;1;-1;-1;-1;-1;-1;-1;1;0;2;2;1;4;-1;0;0;0;0;0;0;0;0;1;0;1;0;0;1;1;0;0;-1;-1;0;0;-1;-1;-1;-1;-1;-1;-1;-1;-1;25;38;63;88;88;63;75;63;50;9.67;5.5;4.25;3;Leicester City U19;Club Brugge U19;0.5;1.67;0.75;1.75;0.75;1.75;75;63;38;13;13;84;84;84;0;0;0;4063;6;Y;Y;Y;Y;Y;N;Y
883456;9434;678846;2016/2017;complete;56416;5;-1;50,51,90;45;3;1;4;5;3;8;2;1;2;1;0;0;5;3;7;5;12;8;11;14;-1;-1;2;1;0;0;0;0;0;0;0;0;0;0;0;0;0;0;0;0;0;0;0;0;0;0;0;0;0;0;0;0;0;0;0;0;0;0;0;0;0;0;0;0;0;0;0;0;0;0;0;0;0;0;0;0;0;0;0;0;0;0;0;0;0;0;0;0;0;0;0;0;4;0;1;3;0;3;1;2016-11-22 15:00:00;9434;1;63;25;25;0;-1;1;-1;-1;-1;-1;-1;-1;1;1;1;0;2;1;-1;0;0;0;0;0;0;0;0;0;0;0;0;0;1;1;0;0;-1;-1;0;0;-1;-1;-1;-1;-1;-1;-1;-1;-1;50;63;63;88;88;63;75;88;75;13;4.5;3;3.5;København U19;Porto U19;1.43;1.88;1;2.25;1;2.25;50;38;38;13;13;88;88;88;0;0;0;4063;7;Y;Y;Y;Y;N;N;Y
883457;4615;8434;2016/2017;complete;56416;5;-1;;4,63;0;2;2;3;2;5;8;2;2;5;0;0;0;0;0;0;0;0;18;18;-1;-1;2;5;0;0;0;0;0;0;0;0;0;0;0;0;0;0;0;0;0;0;0;0;0;0;0;0;0;0;0;0;0;0;0;0;0;0;0;0;0;0;0;0;0;0;0;0;0;0;0;0;0;0;0;0;0;0;0;0;0;0;0;0;0;0;0;0;0;0;0;0;2;0;1;0;1;1;1;2016-11-22 15:00:00;8434;1;75;50;0;0;-1;1;-1;-1;-1;-1;-1;-1;1;1;1;4;2;5;-1;0;0;0;0;0;0;0;0;0;0;0;0;0;1;1;0;1;-1;-1;0;0;-1;-1;-1;-1;-1;-1;-1;-1;-1;13;13;75;88;100;38;100;88;38;9;5.75;7;3;Sevilla U19;Juventus U19;1.43;1.29;1.75;1.5;1.75;1.5;88;88;25;13;0;75;75;75;0;0;0;4063;7;Y;Y;N;N;N;N;N
883458;678845;677011;2016/2017;complete;56418;0;-1;73,75;86;2;1;3;11;3;14;0;4;0;4;0;0;9;5;9;3;18;8;10;14;-1;-1;0;4;0;0;0;0;0;0;0;0;0;0;0;0;0;0;0;0;0;0;0;0;0;0;0;0;0;0;0;0;0;0;0;0;0;0;0;0;0;0;0;0;0;0;0;0;0;0;0;0;0;0;0;0;0;0;0;0;0;0;0;0;0;0;0;0;0;0;0;0;3;0;0;2;1;3;0;2016-11-22 18:00:00;678845;1;17;0;50;0;-1;1;-1;-1;-1;-1;-1;-1;0;2;0;2;2;2;-1;0;0;0;0;0;0;0;1;0;1;0;0;0;1;1;0;0;-1;-1;0;0;-1;-1;-1;-1;-1;-1;-1;-1;-1;0;17;34;84;84;34;67;84;17;12.5;0.67;1.33;2.17;Ajax U19;PAOK U19;2.57;0.5;3;0.67;3;0.67;100;84;67;17;17;100;75;50;0;0;0;4063;4;Y;Y;Y;N;N;N;Y
883459;679737;1573;2016/2017;complete;56416;5;-1;;53;0;1;1;4;11;15;0;1;5;4;1;0;3;4;4;4;7;8;21;14;-1;-1;6;4;0;0;0;0;0;0;0;0;0;0;0;0;0;0;0;0;0;0;0;0;0;0;0;0;0;0;0;0;0;0;0;0;0;0;0;0;0;0;0;0;0;0;0;0;0;0;0;0;0;0;0;0;0;0;0;0;0;0;0;0;0;0;0;0;0;0;0;0;1;0;0;0;1;1;0;2016-11-23 09:00:00;1573;1;50;0;50;0;-1;1;-1;-1;-1;-1;-1;-1;1;1;5;3;2;8;-1;0;0;0;0;0;0;0;0;0;0;0;0;0;1;1;0;0;-1;-1;0;0;-1;-1;-1;-1;-1;-1;-1;-1;-1;38;63;63;88;100;38;88;100;63;5;1.25;6.5;3.88;Rostov U19;Bayern München U19;0;1.67;0;1.5;0;1.5;63;38;38;13;0;50;33;33;0;0;0;4063;6;Y;N;N;N;N;N;N
883460;679736;679706;2016/2017;complete;56418;0;-1;55;64;1;1;2;3;2;5;0;1;2;2;0;0;4;2;7;2;11;4;13;18;-1;-1;2;2;0;0;0;0;0;0;0;0;0;0;0;0;0;0;0;0;0;0;0;0;0;0;0;0;0;0;0;0;0;0;0;0;0;0;0;0;0;0;0;0;0;0;0;0;0;0;0;0;0;0;0;0;0;0;0;0;0;0;0;0;0;0;0;0;0;0;0;0;2;0;0;1;1;2;0;2016-11-23 10:30:00;-1;1;17;0;0;0;-1;1;-1;-1;-1;-1;-1;-1;1;0;1;2;1;3;-1;0;0;0;0;0;0;0;0;0;0;0;0;0;1;1;0;0;-1;-1;0;0;-1;-1;-1;-1;-1;-1;-1;-1;-1;50;50;50;67;67;17;67;67;50;10;3;4.33;2.83;Dinamo Moskva U19;Maccabi Haifa U19;2;1.6;2.33;2.33;2.33;2.33;50;50;50;33;33;50;50;17;0;0;0;4063;4;Y;Y;N;N;N;N;Y
883461;678213;678844;2016/2017;complete;56416;5;-1;;76,87,90;0;3;3;5;5;10;1;0;3;2;1;0;7;4;1;8;8;12;25;12;-1;-1;4;2;0;0;0;0;0;0;0;0;0;0;0;0;0;0;0;0;0;0;0;0;0;0;0;0;0;0;0;0;0;0;0;0;0;0;0;0;0;0;0;0;0;0;0;0;0;0;0;0;0;0;0;0;0;0;0;0;0;0;0;0;0;0;0;0;0;0;0;0;3;0;0;0;3;3;0;2016-11-23 11:00:00;678844;1;63;0;50;0;-1;1;-1;-1;-1;-1;-1;-1;1;1;3;1;2;4;-1;0;0;0;0;0;0;0;0;0;0;0;0;0;1;1;0;0;-1;-1;0;0;-1;-1;-1;-1;-1;-1;-1;-1;-1;25;38;63;63;75;25;75;63;63;11.25;2.25;8.75;2.75;Beşiktaş U19;Benfica U19;0.5;1.64;0.75;1;0.75;1;75;63;38;38;25;88;75;63;0;0;0;4063;6;Y;Y;Y;N;N;N;N
883462;679650;4198;2016/2017;complete;56416;5;-1;40,90;17,83;2;2;4;2;6;8;2;1;0;3;0;0;4;6;2;4;6;10;6;16;-1;-1;0;3;0;0;0;0;0;0;0;0;0;0;0;0;0;0;0;0;0;0;0;0;0;0;0;0;0;0;0;0;0;0;0;0;0;0;0;0;0;0;0;0;0;0;0;0;0;0;0;0;0;0;0;0;0;0;0;0;0;0;0;0;0;0;0;0;0;0;0;0;4;1;1;1;1;2;2;2016-11-23 13:00:00;-1;1;63;50;50;0;-1;1;-1;-1;-1;-1;-1;-1;0;1;0;2;1;2;-1;0;0;0;0;0;0;0;1;0;1;0;0;0;1;1;0;0;-1;-1;0;0;-1;-1;-1;-1;-1;-1;-1;-1;-1;38;38;63;75;75;25;75;75;63;13.33;1;1.75;3.38;Arsenal U19;PSG U19;1.17;2;1.25;2.5;1.25;2.5;63;63;38;25;25;59;42;42;0;0;0;4063;6;Y;Y;Y;Y;N;N;Y
883463;678832;679653;2016/2017;complete;56416;5;-1;;37,53,61,84;0;4;4;1;5;6;0;0;3;1;0;0;2;6;1;7;3;13;10;18;-1;-1;3;1;0;0;0;0;0;0;0;0;0;0;0;0;0;0;0;0;0;0;0;0;0;0;0;0;0;0;0;0;0;0;0;0;0;0;0;0;0;0;0;0;0;0;0;0;0;0;0;0;0;0;0;0;0;0;0;0;0;0;0;0;0;0;0;0;0;0;0;0;4;0;1;0;3;3;1;2016-11-23 13:00:00;679653;1;63;25;50;0;-1;1;-1;-1;-1;-1;-1;-1;0;0;3;1;0;4;-1;0;0;0;0;0;0;0;0;2;0;2;0;0;1;1;0;0;-1;-1;0;0;-1;-1;-1;-1;-1;-1;-1;-1;-1;38;38;63;75;100;25;75;100;63;3.25;2.5;2.75;3.63;Ludogorets U19;Basel U19;0.17;1.43;0.25;1.5;0.25;1.5;63;63;38;25;0;29;13;13;0;0;0;4063;6;Y;Y;Y;Y;N;N;N
883464;679699;678821;2016/2017;complete;56418;0;-1;;16;0;1;1;5;4;9;1;3;2;0;0;0;6;7;2;4;8;11;17;4;-1;-1;2;0;0;0;0;0;0;0;0;0;0;0;0;0;0;0;0;0;0;0;0;0;0;0;0;0;0;0;0;0;0;0;0;0;0;0;0;0;0;0;0;0;0;0;0;0;0;0;0;0;0;0;0;0;0;0;0;0;0;0;0;0;0;0;0;0;0;0;0;0;1;0;1;0;0;0;1;2016-11-23 13:00:00;678821;1;50;0;0;0;-1;1;-1;-1;-1;-1;-1;-1;0;0;2;0;0;2;-1;0;0;0;0;0;0;0;0;0;0;0;0;0;1;1;0;0;-1;-1;0;0;-1;-1;-1;-1;-1;-1;-1;-1;-1;67;67;100;100;100;50;67;100;100;11.5;2.33;4.67;5.84;Kairat U19;Salzburg U19;1.5;2.78;2;3;2;3;33;33;0;0;0;50;50;50;0;0;0;4063;4;Y;N;N;N;N;N;N
883465;8436;1741;2016/2017;complete;56416;5;-1;;20,58;0;2;2;6;7;13;2;3;5;6;0;0;9;7;3;7;12;14;19;28;-1;-1;5;6;0;0;0;0;0;0;0;0;0;0;0;0;0;0;0;0;0;0;0;0;0;0;0;0;0;0;0;0;0;0;0;0;0;0;0;0;0;0;0;0;0;0;0;0;0;0;0;0;0;0;0;0;0;0;0;0;0;0;0;0;0;0;0;0;0;0;0;0;2;0;1;0;1;1;1;2016-11-23 14:00:00;1741;1;88;25;50;0;-1;1;-1;-1;-1;-1;-1;-1;1;1;4;5;2;9;-1;0;0;0;0;0;0;0;0;0;0;0;0;0;1;1;0;0;-1;-1;0;0;-1;-1;-1;-1;-1;-1;-1;-1;-1;50;63;88;88;100;25;100;88;88;8.75;5;8.5;4;Napoli U19;Dynamo Kyiv U19;0.67;2.29;1;2.5;1;2.5;50;38;13;13;0;88;50;38;0;0;0;4063;6;Y;Y;N;N;N;N;N
883466;679689;4648;2016/2017;complete;56416;5;-1;84;8,36,44,55;1;4;5;3;3;6;2;1;1;1;0;0;8;5;7;1;15;6;11;15;-1;-1;1;1;0;0;0;0;0;0;0;0;0;0;0;0;0;0;0;0;0;0;0;0;0;0;0;0;0;0;0;0;0;0;0;0;0;0;0;0;0;0;0;0;0;0;0;0;0;0;0;0;0;0;0;0;0;0;0;0;0;0;0;0;0;0;0;0;0;0;0;0;5;0;3;1;1;2;3;2016-11-23 14:00:00;4648;1;63;25;0;0;-1;1;-1;-1;-1;-1;-1;-1;0;0;1;1;0;2;-1;0;0;0;0;0;0;0;0;0;0;0;0;0;1;1;0;1;-1;-1;0;0;-1;-1;-1;-1;-1;-1;-1;-1;-1;13;38;63;88;100;50;88;88;38;6.75;2.5;4.5;3;Celtic U19;Barcelona U19;0.17;2.33;0.25;3;0.25;3;88;63;38;13;0;38;25;25;0;0;0;4063;6;Y;Y;Y;Y;Y;N;Y
883467;8443;679742;2016/2017;complete;56418;0;-1;61;;1;0;1;11;6;17;1;2;2;3;0;0;6;7;7;4;13;11;13;13;-1;-1;2;3;0;0;0;0;0;0;0;0;0;0;0;0;0;0;0;0;0;0;0;0;0;0;0;0;0;0;0;0;0;0;0;0;0;0;0;0;0;0;0;0;0;0;0;0;0;0;0;0;0;0;0;0;0;0;0;0;0;0;0;0;0;0;0;0;0;0;0;0;1;0;0;1;0;1;0;2016-11-23 14:00:00;8443;1;50;0;50;0;-1;1;-1;-1;-1;-1;-1;-1;2;3;0;0;5;0;-1;0;0;0;0;0;0;0;0;0;0;0;0;0;1;1;0;0;-1;-1;0;0;-1;-1;-1;-1;-1;-1;-1;-1;-1;17;50;67;67;84;67;67;84;50;13.34;2.67;2.67;3.17;Roma U19;Cork City U19;2.4;1;3;1.33;3;1.33;84;50;34;34;17;84;84;84;0;0;0;4063;4;Y;N;N;N;N;N;N
883468;1601;678825;2016/2017;complete;56416;5;-1;33;7,58;1;2;3;1;10;11;0;0;1;1;0;0;4;0;4;7;8;7;11;11;-1;-1;1;1;0;0;0;0;0;0;0;0;0;0;0;0;0;0;0;0;0;0;0;0;0;0;0;0;0;0;0;0;0;0;0;0;0;0;0;0;0;0;0;0;0;0;0;0;0;0;0;0;0;0;0;0;0;0;0;0;0;0;0;0;0;0;0;0;0;0;0;0;3;1;1;0;1;1;2;2016-11-23 15:00:00;678825;1;63;50;0;0;-1;1;-1;-1;-1;-1;-1;-1;0;0;1;1;0;2;-1;0;0;0;0;0;0;0;0;0;0;0;0;0;1;1;0;1;-1;-1;0;0;-1;-1;-1;-1;-1;-1;-1;-1;-1;38;63;63;88;100;75;88;88;38;9;3.75;3.5;3.5;Borussia M'gladbach U19;Manchester City U19;1.17;1.86;1;1.5;1;1.5;63;38;38;13;0;38;25;25;0;0;0;4063;6;Y;Y;Y;N;N;N;Y
883469;6988;679668;2016/2017;complete;56416;5;-1;29,90;;2;0;2;1;3;4;2;2;2;4;0;0;2;4;2;2;4;6;16;21;-1;-1;2;4;0;0;0;0;0;0;0;0;0;0;0;0;0;0;0;0;0;0;0;0;0;0;0;0;0;0;0;0;0;0;0;0;0;0;0;0;0;0;0;0;0;0;0;0;0;0;0;0;0;0;0;0;0;0;0;0;0;0;0;0;0;0;0;0;0;0;0;0;2;1;0;1;0;1;1;2016-11-23 15:00:00;6988;1;25;0;25;0;-1;1;-1;-1;-1;-1;-1;-1;1;3;1;1;4;2;-1;0;0;0;0;0;0;0;0;0;0;0;0;0;1;1;0;0;-1;-1;0;0;-1;-1;-1;-1;-1;-1;-1;-1;-1;13;38;38;63;75;13;63;75;38;12.66;4.75;3.75;2.38;Atlético Madrid U19;PSV U19;1.89;2;1.75;2.5;1.75;2.5;88;63;63;38;25;50;33;33;0;0;0;4063;7;Y;Y;N;N;N;N;N
883470;679738;678820;2016/2017;complete;56418;0;-1;14,19;;2;0;2;6;1;7;2;1;4;4;0;0;5;6;8;2;13;8;18;17;-1;-1;4;4;0;0;0;0;0;0;0;0;0;0;0;0;0;0;0;0;0;0;0;0;0;0;0;0;0;0;0;0;0;0;0;0;0;0;0;0;0;0;0;0;0;0;0;0;0;0;0;0;0;0;0;0;0;0;0;0;0;0;0;0;0;0;0;0;0;0;0;0;2;2;0;0;0;0;2;2016-11-23 16:00:00;679738;1;17;0;0;0;-1;1;-1;-1;-1;-1;-1;-1;0;1;4;3;1;7;-1;0;0;0;0;0;0;0;1;0;1;0;0;0;1;1;0;0;-1;-1;0;0;-1;-1;-1;-1;-1;-1;-1;-1;-1;67;67;84;84;100;84;100;84;67;15;0;3.34;4.17;Zürich U19;Viitorul U19;2.25;2;2;3;2;3;33;33;17;17;0;50;0;0;0;0;0;4063;4;Y;Y;N;N;N;N;N
883471;679735;674302;2016/2017;complete;56418;0;-1;;88,90;0;2;2;7;0;7;5;1;2;1;1;0;4;2;7;4;11;6;16;14;-1;-1;3;1;0;0;0;0;0;0;0;0;0;0;0;0;0;0;0;0;0;0;0;0;0;0;0;0;0;0;0;0;0;0;0;0;0;0;0;0;0;0;0;0;0;0;0;0;0;0;0;0;0;0;0;0;0;0;0;0;0;0;0;0;0;0;0;0;0;0;0;0;2;0;0;0;2;2;0;2016-11-23 17:00:00;674302;1;50;50;50;0;-1;1;-1;-1;-1;-1;-1;-1;2;0;1;1;2;2;-1;0;0;0;0;0;0;0;0;1;0;1;0;0;1;1;0;0;-1;-1;0;0;-1;-1;-1;-1;-1;-1;-1;-1;-1;17;33;33;50;84;17;33;84;34;9.5;3.33;2.66;2.17;Čukarički U19;Rosenborg U19;1.75;1.67;2.33;1.33;2.33;1.33;84;67;67;50;17;25;25;25;0;0;0;4063;4;Y;Y;N;N;N;N;N
883472;9428;4659;2016/2017;complete;56418;0;-1;7,24,85,88;;4;0;4;5;1;6;0;1;2;5;0;2;9;4;5;2;14;6;15;11;-1;-1;2;9;0;0;0;0;0;0;0;0;0;0;0;0;0;0;0;0;0;0;0;0;0;0;0;0;0;0;0;0;0;0;0;0;0;0;0;0;0;0;0;0;0;0;0;0;0;0;0;0;0;0;0;0;0;0;0;0;0;0;0;0;0;0;0;0;0;0;0;0;4;2;0;2;0;2;2;2016-11-23 18:00:00;9428;1;33;0;100;0;-1;1;-1;-1;-1;-1;-1;-1;0;2;2;5;2;7;-1;0;0;0;0;0;0;0;0;0;0;0;0;0;1;1;1;0;-1;-1;0;0;-1;-1;-1;-1;-1;-1;-1;-1;-1;34;50;50;84;84;17;50;84;84;13.5;0;3.33;3;Midtjylland U19;Málaga U19;1.6;2.25;1.33;3;1.33;3;67;50;50;17;17;75;75;75;0;0;0;4063;4;Y;Y;Y;Y;N;N;N
883473;3720;678207;2016/2017;complete;56418;0;-1;55,66,78;4,89;3;2;5;11;2;13;3;0;2;3;1;0;8;4;6;2;14;6;24;16;-1;-1;4;3;0;0;0;0;0;0;0;0;0;0;0;0;0;0;0;0;0;0;0;0;0;0;0;0;0;0;0;0;0;0;0;0;0;0;0;0;0;0;0;0;0;0;0;0;0;0;0;0;0;0;0;0;0;0;0;0;0;0;0;0;0;0;0;0;0;0;0;0;5;0;1;3;1;4;1;2016-11-30 14:00:00;3720;1;50;0;0;0;-1;1;-1;-1;-1;-1;-1;-1;1;0;2;3;1;5;-1;0;0;0;0;0;0;0;0;0;0;0;0;0;1;1;0;1;-1;-1;0;0;-1;-1;-1;-1;-1;-1;-1;-1;-1;67;84;84;100;100;84;100;100;67;15;2;3.67;5.34;Sparta Praha U19;Altınordu U19;2.25;1.4;2;2.33;2;2.33;33;17;17;0;0;100;100;50;0;0;0;4063;4;Y;Y;Y;Y;Y;N;Y
883474;1741;678213;2016/2017;complete;56416;6;-1;39,64,73;43;3;1;4;7;1;8;0;2;0;2;0;0;6;3;8;2;14;5;17;17;-1;-1;0;2;0;0;0;0;0;0;0;0;0;0;0;0;0;0;0;0;0;0;0;0;0;0;0;0;0;0;0;0;0;0;0;0;0;0;0;0;0;0;0;0;0;0;0;0;0;0;0;0;0;0;0;0;0;0;0;0;0;0;0;0;0;0;0;0;0;0;0;0;4;1;1;2;0;2;2;2016-12-06 12:00:00;1741;1;60;25;50;0;-1;1;-1;-1;-1;-1;-1;-1;0;1;0;1;1;1;-1;0;0;0;0;0;0;0;0;0;0;0;0;0;1;1;0;0;-1;-1;0;0;-1;-1;-1;-1;-1;-1;-1;-1;-1;30;40;70;80;90;30;80;80;70;11;4.2;8.6;3.3;Dynamo Kyiv U19;Beşiktaş U19;2.29;0.5;2.6;0.6;2.6;0.6;70;60;30;20;10;100;80;60;0;0;0;4063;6;Y;Y;Y;Y;N;N;Y
883475;678825;679689;2016/2017;complete;56416;6;-1;50,81,90;5,32;3;2;5;8;5;13;1;5;0;0;0;0;8;3;3;2;11;5;13;7;-1;-1;0;0;0;0;0;0;0;0;0;0;0;0;0;0;0;0;0;0;0;0;0;0;0;0;0;0;0;0;0;0;0;0;0;0;0;0;0;0;0;0;0;0;0;0;0;0;0;0;0;0;0;0;0;0;0;0;0;0;0;0;0;0;0;0;0;0;0;0;0;0;5;0;2;3;0;3;2;2016-12-06 13:00:00;678825;1;60;25;50;0;-1;-1;-1;-1;-1;-1;-1;-1;0;0;0;0;0;0;-1;0;0;0;0;0;0;0;0;1;0;1;0;0;1;1;0;1;-1;-1;-1;-1;-1;-1;-1;-1;-1;-1;-1;-1;-1;30;50;70;90;100;70;90;90;50;12;3.6;3.8;3.4;Manchester City U19;Celtic U19;1.86;0.17;1.8;0.2;1.8;0.2;70;50;30;10;0;50;40;40;0;0;0;4063;6;Y;Y;Y;Y;Y;N;Y
883476;1573;6988;2016/2017;complete;56416;6;-1;38;79;1;1;2;3;6;9;0;1;5;4;0;0;7;7;4;4;11;11;21;22;-1;-1;5;4;0;0;0;0;0;0;0;0;0;0;0;0;0;0;0;0;0;0;0;0;0;0;0;0;0;0;0;0;0;0;0;0;0;0;0;0;0;0;0;0;0;0;0;0;0;0;0;0;0;0;0;0;0;0;0;0;0;0;0;0;0;0;0;0;0;0;0;0;2;1;0;0;1;1;1;2016-12-06 13:00:00;-1;1;40;25;50;0;-1;1;-1;-1;-1;-1;-1;-1;1;0;4;4;1;8;-1;0;0;0;0;0;0;0;0;0;0;0;0;0;1;1;0;0;-1;-1;0;0;-1;-1;-1;-1;-1;-1;-1;-1;-1;10;40;40;70;90;10;70;90;40;11.75;4;6;2.6;Bayern München U19;Atlético Madrid U19;1.67;1.89;1.8;2;1.8;2;90;60;60;30;10;63;38;38;0;0;0;4063;6;Y;Y;N;N;N;N;Y
883477;4198;678832;2016/2017;complete;56416;6;-1;32,62,74,90;34;4;1;5;10;0;10;1;0;0;2;0;1;11;0;16;2;27;2;12;5;-1;-1;0;3;0;0;0;0;0;0;0;0;0;0;0;0;0;0;0;0;0;0;0;0;0;0;0;0;0;0;0;0;0;0;0;0;0;0;0;0;0;0;0;0;0;0;0;0;0;0;0;0;0;0;0;0;0;0;0;0;0;0;0;0;0;0;0;0;0;0;0;0;5;1;1;3;0;3;2;2016-12-06 14:00:00;4198;1;60;0;25;0;-1;1;-1;-1;-1;-1;-1;-1;0;0;0;3;0;3;-1;0;0;0;0;0;0;0;0;0;0;0;0;0;1;1;0;0;-1;-1;0;0;-1;-1;-1;-1;-1;-1;-1;-1;-1;40;60;70;80;90;40;80;90;70;7.4;1.2;3.4;4.2;PSG U19;Ludogorets U19;2;0.17;2.2;0.2;2.2;0.2;60;40;30;20;10;35;23;23;0;0;0;4063;6;Y;Y;Y;Y;Y;N;Y
883478;679653;679650;2016/2017;complete;56416;6;-1;90;80;1;1;2;-1;-1;-1;-1;-1;2;2;0;0;-1;-1;-1;-1;-1;-1;-1;-1;-1;-1;2;2;0;0;0;0;0;0;0;0;0;0;0;0;0;0;0;0;0;0;0;0;0;0;0;0;0;0;0;0;0;0;0;0;0;0;0;0;0;0;0;0;0;0;0;0;0;0;0;0;0;0;0;0;0;0;0;0;0;0;0;0;0;0;0;0;0;0;0;0;2;0;0;1;1;2;0;2016-12-06 15:00:00;-1;1;60;25;25;0;-1;1;-1;-1;-1;-1;-1;-1;0;0;2;2;0;4;-1;0;0;0;0;0;0;0;0;0;0;0;0;0;1;1;0;0;-1;-1;0;0;-1;-1;-1;-1;-1;-1;-1;-1;-1;20;40;70;80;90;20;80;90;70;8.7;2.2;1.6;3;Basel U19;Arsenal U19;1.43;1.17;1.8;1.2;1.8;1.2;80;60;30;20;10;33;20;20;0;0;0;4063;6;Y;Y;N;N;N;N;Y
883479;4648;1601;2016/2017;complete;56416;6;-1;79;22,85;1;2;3;7;1;8;0;1;3;4;0;0;6;3;7;4;13;7;10;15;-1;-1;3;4;0;0;0;0;0;0;0;0;0;0;0;0;0;0;0;0;0;0;0;0;0;0;0;0;0;0;0;0;0;0;0;0;0;0;0;0;0;0;0;0;0;0;0;0;0;0;0;0;0;0;0;0;0;0;0;0;0;0;0;0;0;0;0;0;0;0;0;0;3;0;1;1;1;2;1;2016-12-06 15:00:00;1601;1;80;0;50;0;-1;1;-1;-1;-1;-1;-1;-1;1;2;2;2;3;4;-1;0;0;0;0;0;0;0;0;0;0;0;0;0;1;1;0;0;-1;-1;0;0;-1;-1;-1;-1;-1;-1;-1;-1;-1;30;50;70;90;100;70;90;90;30;4;2;3.4;3.4;Barcelona U19;Borussia M'gladbach U19;2.33;1.17;3;0.8;3;0.8;70;50;30;10;0;30;20;20;0;0;0;4063;6;Y;Y;Y;N;N;N;Y
883480;679668;679737;2016/2017;complete;56416;6;-1;1,12,19,25,73,75;;6;0;6;4;0;4;3;0;0;2;0;0;5;2;14;4;19;6;18;11;-1;-1;0;2;0;0;0;0;0;0;0;0;0;0;0;0;0;0;0;0;0;0;0;0;0;0;0;0;0;0;0;0;0;0;0;0;0;0;0;0;0;0;0;0;0;0;0;0;0;0;0;0;0;0;0;0;0;0;0;0;0;0;0;0;0;0;0;0;0;0;0;0;6;4;0;2;0;2;4;2016-12-06 15:00:00;679668;1;20;25;25;0;-1;1;-1;-1;-1;-1;-1;-1;0;2;0;0;2;0;-1;0;0;0;0;0;0;0;0;0;0;0;0;0;1;1;1;0;-1;-1;0;0;-1;-1;-1;-1;-1;-1;-1;-1;-1;30;40;40;70;90;30;70;90;40;6.25;1.8;5.4;3;PSV U19;Rostov U19;2;0;2;0;2;0;70;60;60;30;10;38;38;38;0;0;0;4063;6;Y;Y;Y;Y;Y;Y;N
883481;678844;8436;2016/2017;complete;56416;6;-1;47,75;;2;0;2;7;5;12;2;6;1;5;0;0;11;2;8;1;19;3;12;29;-1;-1;1;5;0;0;0;0;0;0;0;0;0;0;0;0;0;0;0;0;0;0;0;0;0;0;0;0;0;0;0;0;0;0;0;0;0;0;0;0;0;0;0;0;0;0;0;0;0;0;0;0;0;0;0;0;0;0;0;0;0;0;0;0;0;0;0;0;0;0;0;0;2;0;0;2;0;2;0;2016-12-06 17:00:00;678844;1;60;0;0;0;-1;1;-1;-1;-1;-1;-1;-1;0;3;1;2;3;3;-1;0;0;0;0;0;0;0;1;0;1;0;0;0;1;1;0;0;-1;-1;0;0;-1;-1;-1;-1;-1;-1;-1;-1;-1;30;40;70;80;90;10;80;80;70;9.6;2.8;8.6;3.1;Benfica U19;Napoli U19;1.64;0.67;1.4;0.8;1.4;0.8;70;60;30;20;10;80;60;40;0;0;0;4063;6;Y;Y;N;N;N;N;N
883482;1590;4222;2016/2017;complete;56416;6;-1;9;37,59;1;2;3;7;1;8;3;1;1;1;0;0;8;5;6;2;14;7;13;9;-1;-1;1;1;0;0;0;0;0;0;0;0;0;0;0;0;0;0;0;0;0;0;0;0;0;0;0;0;0;0;0;0;0;0;0;0;0;0;0;0;0;0;0;0;0;0;0;0;0;0;0;0;0;0;0;0;0;0;0;0;0;0;0;0;0;0;0;0;0;0;0;0;3;1;1;0;1;1;2;2016-12-07 13:00:00;4222;1;90;75;25;0;-1;1;-1;-1;-1;-1;-1;-1;0;0;1;1;0;2;-1;0;0;0;0;0;0;0;0;0;0;0;0;0;1;1;1;0;-1;-1;0;0;-1;-1;-1;-1;-1;-1;-1;-1;-1;30;40;100;100;100;70;90;90;60;10.15;1.8;3.8;3.7;Bayer Leverkusen U19;Monaco  U19;1;1.88;1.2;1.8;1.2;1.8;70;60;0;0;0;78;68;35;0;0;0;4063;6;Y;Y;Y;N;N;N;Y
883483;678846;679739;2016/2017;complete;56416;6;-1;21,56;55;2;1;3;10;1;11;0;2;2;0;0;0;5;3;5;2;10;5;13;9;-1;-1;2;0;0;0;0;0;0;0;0;0;0;0;0;0;0;0;0;0;0;0;0;0;0;0;0;0;0;0;0;0;0;0;0;0;0;0;0;0;0;0;0;0;0;0;0;0;0;0;0;0;0;0;0;0;0;0;0;0;0;0;0;0;0;0;0;0;0;0;0;0;3;1;0;1;1;2;1;2016-12-07 13:00:00;678846;1;70;75;50;0;-1;1;-1;-1;-1;-1;-1;-1;0;0;2;0;0;2;-1;0;0;0;0;0;0;0;0;0;0;0;0;0;1;1;0;0;-1;-1;0;0;-1;-1;-1;-1;-1;-1;-1;-1;-1;40;60;70;100;100;60;80;90;80;10.87;4;4.2;3.7;Porto U19;Leicester City U19;1.88;0.5;1.8;0.6;1.8;0.6;60;40;30;0;0;64;64;64;0;0;0;4063;6;Y;Y;Y;N;N;N;Y
883484;678828;679651;2016/2017;complete;56416;6;-1;;;0;0;0;3;6;9;4;3;2;1;0;0;6;4;3;4;9;8;16;14;-1;-1;2;1;0;0;0;0;0;0;0;0;0;0;0;0;0;0;0;0;0;0;0;0;0;0;0;0;0;0;0;0;0;0;0;0;0;0;0;0;0;0;0;0;0;0;0;0;0;0;0;0;0;0;0;0;0;0;0;0;0;0;0;0;0;0;0;0;0;0;0;0;0;0;0;0;0;0;0;2016-12-07 14:00:00;-1;1;90;50;50;0;-1;1;-1;-1;-1;-1;-1;-1;1;1;1;0;2;1;-1;0;0;0;0;0;0;0;0;0;0;0;0;0;1;1;0;0;-1;-1;0;0;-1;-1;-1;-1;-1;-1;-1;-1;-1;50;60;100;100;100;50;90;90;80;9.9;2.2;5;4.1;Tottenham Hotspur U19;CSKA Moskva U19;0.67;2;0.6;2.4;0.6;2.4;50;40;0;0;0;78;68;35;0;0;0;4063;6;N;N;N;N;N;N;N
883485;4190;4615;2016/2017;complete;56416;6;-1;;19;0;1;1;8;3;11;2;1;3;4;0;0;4;4;3;3;7;7;15;14;-1;-1;3;4;0;0;0;0;0;0;0;0;0;0;0;0;0;0;0;0;0;0;0;0;0;0;0;0;0;0;0;0;0;0;0;0;0;0;0;0;0;0;0;0;0;0;0;0;0;0;0;0;0;0;0;0;0;0;0;0;0;0;0;0;0;0;0;0;0;0;0;0;1;0;1;0;0;0;1;2016-12-07 14:00:00;4615;1;60;25;25;0;-1;1;-1;-1;-1;-1;-1;-1;0;2;3;2;2;5;-1;0;0;0;0;0;0;0;0;0;0;0;0;0;1;1;0;0;-1;-1;0;0;-1;-1;-1;-1;-1;-1;-1;-1;-1;10;10;60;90;100;30;100;90;30;11;5;7;2.8;Olympique Lyonnais U19;Sevilla U19;1.5;1.43;1.8;1.4;1.8;1.4;90;90;40;10;0;65;65;65;0;0;0;4063;6;Y;N;N;N;N;N;N
883486;8434;1898;2016/2017;complete;56416;6;-1;;78;0;1;1;8;5;13;5;4;2;2;0;0;4;3;5;2;9;5;10;21;-1;-1;2;2;0;0;0;0;0;0;0;0;0;0;0;0;0;0;0;0;0;0;0;0;0;0;0;0;0;0;0;0;0;0;0;0;0;0;0;0;0;0;0;0;0;0;0;0;0;0;0;0;0;0;0;0;0;0;0;0;0;0;0;0;0;0;0;0;0;0;0;0;1;0;0;0;1;1;0;2016-12-07 14:00:00;1898;1;60;0;25;0;-1;1;-1;-1;-1;-1;-1;-1;0;0;2;2;0;4;-1;0;0;0;0;0;0;0;0;0;0;0;0;0;1;1;0;0;-1;-1;0;0;-1;-1;-1;-1;-1;-1;-1;-1;-1;10;10;60;90;100;30;100;90;30;9.95;4.6;7.8;2.8;Juventus U19;Dinamo Zagreb U19;1.29;1.17;1.8;0.8;1.8;0.8;90;90;40;10;0;70;70;70;0;0;0;4063;6;Y;N;N;N;N;N;N
883487;679541;679647;2016/2017;complete;56416;6;-1;3,55;;2;0;2;2;4;6;3;1;0;1;0;0;8;10;4;10;12;20;18;17;-1;-1;0;1;0;0;0;0;0;0;0;0;0;0;0;0;0;0;0;0;0;0;0;0;0;0;0;0;0;0;0;0;0;0;0;0;0;0;0;0;0;0;0;0;0;0;0;0;0;0;0;0;0;0;0;0;0;0;0;0;0;0;0;0;0;0;0;0;0;0;0;0;2;1;0;1;0;1;1;2016-12-07 15:00:00;679541;1;80;0;25;0;-1;1;-1;-1;-1;-1;-1;-1;0;1;0;0;1;0;-1;0;0;0;0;0;0;0;0;0;0;0;0;0;1;1;1;0;-1;-1;0;0;-1;-1;-1;-1;-1;-1;-1;-1;-1;20;50;60;90;100;60;90;90;60;8.85;2.4;6.2;3.3;Legia Warszawa U19;Sporting CP U19;0.83;1;0.4;1.2;0.4;1.2;80;50;40;10;0;68;25;25;0;0;0;4063;6;Y;Y;N;N;N;N;N
883488;678834;9434;2016/2017;complete;56416;6;-1;;14,56,77;0;3;3;7;4;11;4;3;2;2;0;0;6;8;4;2;10;10;18;16;-1;-1;2;2;0;0;0;0;0;0;0;0;0;0;0;0;0;0;0;0;0;0;0;0;0;0;0;0;0;0;0;0;0;0;0;0;0;0;0;0;0;0;0;0;0;0;0;0;0;0;0;0;0;0;0;0;0;0;0;0;0;0;0;0;0;0;0;0;0;0;0;0;3;0;1;0;2;2;1;2016-12-07 15:00:00;9434;1;70;75;25;0;-1;1;-1;-1;-1;-1;-1;-1;1;2;1;0;3;1;-1;0;0;0;0;0;0;0;0;1;0;1;0;0;1;1;0;0;-1;-1;0;0;-1;-1;-1;-1;-1;-1;-1;-1;-1;40;60;70;80;80;60;80;70;60;10.8;4.2;3.2;3.3;Club Brugge U19;København U19;1.67;1.43;2;1.4;2;1.4;60;40;30;20;20;90;90;90;0;0;0;4063;6;Y;Y;Y;N;N;N;N
883489;4668;1574;2016/2017;complete;56416;6;-1;45;51,68,83;1;3;4;7;3;10;1;1;2;1;0;1;9;3;11;0;20;3;11;24;-1;-1;2;3;0;0;0;0;0;0;0;0;0;0;0;0;0;0;0;0;0;0;0;0;0;0;0;0;0;0;0;0;0;0;0;0;0;0;0;0;0;0;0;0;0;0;0;0;0;0;0;0;0;0;0;0;0;0;0;0;0;0;0;0;0;0;0;0;0;0;0;0;4;1;0;0;3;3;1;2016-12-07 17:00:00;1574;1;80;25;50;0;-1;1;-1;-1;-1;-1;-1;-1;1;2;1;0;3;1;-1;0;0;0;0;0;0;0;0;0;0;0;0;0;1;1;0;0;-1;-1;0;0;-1;-1;-1;-1;-1;-1;-1;-1;-1;40;50;60;90;100;60;90;90;60;9.3;5.2;3.8;3.9;Real Madrid U19;Borussia Dortmund U19;2.11;1.38;2.6;1;2.6;1;60;50;40;10;0;68;23;23;0;0;0;4063;8;Y;Y;Y;Y;N;N;Y
883490;9428;678844;2016/2017;complete;56419;0;-1;82;41;1;1;2;3;10;13;2;4;1;3;0;1;3;6;5;5;8;11;16;15;-1;-1;1;4;0;0;0;0;0;0;0;0;0;0;0;0;0;0;0;0;0;0;0;0;0;0;0;0;0;0;0;0;0;0;0;0;0;0;0;0;0;0;0;0;0;0;0;0;0;0;0;0;0;0;0;0;0;0;0;0;0;0;0;0;0;0;0;0;0;0;0;0;2;0;1;1;0;1;1;2017-02-07 15:00:00;-1;1;38;0;59;0;-1;1;-1;-1;-1;-1;-1;-1;0;2;1;2;2;3;-1;0;0;0;0;0;0;0;0;0;0;0;0;0;1;1;0;0;-1;-1;0;0;-1;-1;-1;-1;-1;-1;-1;-1;-1;9;34;59;79;79;13;50;79;79;10.34;1.33;5.17;2.59;Midtjylland U19;Benfica U19;1.6;1.64;1.75;1.67;1.75;1.67;92;67;42;21;21;58;50;42;0;0;0;4063;5;Y;Y;N;N;N;N;Y
883491;679706;1574;2016/2017;complete;56419;0;-1;;60;0;1;1;7;1;8;4;0;1;1;0;0;7;4;4;4;11;8;13;14;-1;-1;1;1;0;0;0;0;0;0;0;0;0;0;0;0;0;0;0;0;0;0;0;0;0;0;0;0;0;0;0;0;0;0;0;0;0;0;0;0;0;0;0;0;0;0;0;0;0;0;0;0;0;0;0;0;0;0;0;0;0;0;0;0;0;0;0;0;0;0;0;0;1;0;0;0;1;1;0;2017-02-07 15:30:00;1574;1;59;0;0;0;-1;1;-1;-1;-1;-1;-1;-1;0;0;1;1;0;2;-1;0;0;0;0;0;0;0;0;0;0;0;0;0;1;1;0;0;-1;-1;0;0;-1;-1;-1;-1;-1;-1;-1;-1;-1;42;50;50;79;88;29;75;79;63;10.5;4.75;3.67;3.34;Maccabi Haifa U19;Borussia Dortmund U19;1.6;1.38;2;1.33;2;1.33;59;50;50;21;13;53;33;10;0;0;0;4063;5;Y;N;N;N;N;N;N
883492;678845;8434;2016/2017;complete;56419;0;-1;44,48;;2;0;2;5;1;6;0;1;2;4;0;0;6;5;3;1;9;6;19;17;-1;-1;2;4;0;0;0;0;0;0;0;0;0;0;0;0;0;0;0;0;0;0;0;0;0;0;0;0;0;0;0;0;0;0;0;0;0;0;0;0;0;0;0;0;0;0;0;0;0;0;0;0;0;0;0;0;0;0;0;0;0;0;0;0;0;0;0;0;0;0;0;0;2;1;0;1;0;1;1;2017-02-07 17:00:00;678845;1;29;17;25;0;-1;1;-1;-1;-1;-1;-1;-1;1;2;1;2;3;3;-1;0;0;0;0;0;0;0;0;0;0;0;0;0;1;1;0;0;-1;-1;0;1;-1;-1;-1;-1;-1;-1;-1;-1;-1;0;13;63;84;100;34;79;92;29;13.5;3.25;3.42;2.59;Ajax U19;Juventus U19;2.57;1.29;3;1.5;3;1.5;100;88;38;17;0;75;75;75;0;0;0;4063;7;Y;Y;N;N;N;N;N
883493;8443;4222;2016/2017;complete;56419;0;-1;11;56,58;1;2;3;9;5;14;0;0;4;6;2;1;4;5;4;7;8;12;17;17;-1;-1;6;7;0;0;0;0;0;0;0;0;0;0;0;0;0;0;0;0;0;0;0;0;0;0;0;0;0;0;0;0;0;0;0;0;0;0;0;0;0;0;0;0;0;0;0;0;0;0;0;0;0;0;0;0;0;0;0;0;0;0;0;0;0;0;0;0;0;0;0;0;3;1;0;0;2;2;1;2017-02-08 13:00:00;4222;1;67;50;42;0;-1;1;-1;-1;-1;-1;-1;-1;1;4;5;3;5;8;-1;0;0;0;0;0;0;0;0;1;0;1;0;0;1;1;0;0;-1;-1;0;2;-1;-1;-1;-1;-1;-1;-1;-1;-1;38;50;88;88;100;79;79;100;59;12.55;2;3.25;3.88;Roma U19;Monaco  U19;2.4;1.88;3;2;3;2;63;50;13;13;0;68;68;58;0;0;0;4063;5;Y;Y;Y;N;N;N;Y
883494;678820;9434;2016/2017;complete;56419;0;-1;32,67,79,83;35,90;4;2;6;4;4;8;3;0;2;3;0;0;12;0;11;2;23;2;11;22;-1;-1;2;3;0;0;0;0;0;0;0;0;0;0;0;0;0;0;0;0;0;0;0;0;0;0;0;0;0;0;0;0;0;0;0;0;0;0;0;0;0;0;0;0;0;0;0;0;0;0;0;0;0;0;0;0;0;0;0;0;0;0;0;0;0;0;0;0;0;0;0;0;6;1;1;3;1;4;2;2017-02-08 15:00:00;678820;1;46;59;17;0;-1;1;-1;-1;-1;-1;-1;-1;1;1;1;2;2;3;-1;0;0;0;0;0;0;0;0;0;0;0;0;0;1;1;0;0;-1;-1;1;0;-1;-1;-1;-1;-1;-1;-1;-1;-1;50;59;67;79;92;63;92;67;67;9.5;2.83;3.58;3.46;Viitorul U19;København U19;2;1.43;2.25;1.67;2.25;1.67;50;42;34;21;9;42;42;42;0;0;0;4063;6;Y;Y;Y;Y;Y;Y;Y
883495;678207;6988;2016/2017;complete;56419;0;-1;;12,90;0;2;2;3;2;5;0;2;8;5;2;1;3;2;3;5;6;7;17;28;-1;-1;10;6;0;0;0;0;0;0;0;0;0;0;0;0;0;0;0;0;0;0;0;0;0;0;0;0;0;0;0;0;0;0;0;0;0;0;0;0;0;0;0;0;0;0;0;0;0;0;0;0;0;0;0;0;0;0;0;0;0;0;0;0;0;0;0;0;0;0;0;0;2;0;1;0;1;1;1;2017-02-08 15:00:00;6988;1;63;25;42;0;-1;1;-1;-1;-1;-1;-1;-1;5;0;5;6;5;11;-1;0;0;0;0;0;0;0;0;1;0;1;0;0;1;1;0;0;-1;-1;0;0;-1;-1;-1;-1;-1;-1;-1;-1;-1;38;54;54;84;92;25;84;92;54;11.8;3.42;4.5;3.59;Altınordu U19;Atlético Madrid U19;1.4;1.89;1.75;1.83;1.75;1.83;63;46;46;17;9;80;60;60;0;0;0;4063;5;Y;Y;N;N;N;N;N
883496;678821;678825;2016/2017;complete;56419;0;-1;12;30;1;1;2;10;3;13;2;0;1;5;0;0;16;3;3;2;19;5;16;13;-1;-1;1;5;0;0;0;0;0;0;0;0;0;0;0;0;0;0;0;0;0;0;0;0;0;0;0;0;0;0;0;0;0;0;0;0;0;0;0;0;0;0;0;0;0;0;0;0;0;0;0;0;0;0;0;0;0;0;0;0;0;0;0;0;0;0;0;0;0;0;0;0;2;1;1;0;0;0;2;2017-02-08 17:00:00;-1;1;38;17;25;0;-1;1;-1;-1;-1;-1;-1;-1;0;2;1;3;2;4;-1;0;0;0;0;0;0;0;0;0;0;0;0;0;1;1;0;0;-1;-1;0;1;-1;-1;-1;-1;-1;-1;-1;-1;-1;42;50;71;79;100;67;79;79;63;14;3.75;1.92;3.92;Salzburg U19;Manchester City U19;2.78;1.86;3;2;3;2;59;50;29;21;0;67;42;42;0;0;0;4063;7;Y;Y;N;N;N;N;Y
883497;674302;679653;2016/2017;complete;56419;0;-1;76;;1;0;1;4;10;14;0;3;3;1;1;0;2;3;5;10;7;13;18;23;-1;-1;5;1;0;0;0;0;0;0;0;0;0;0;0;0;0;0;0;0;0;0;0;0;0;0;0;0;0;0;0;0;0;0;0;0;0;0;0;0;0;0;0;0;0;0;0;0;0;0;0;0;0;0;0;0;0;0;0;0;0;0;0;0;0;0;0;0;0;0;0;0;1;0;0;1;0;1;0;2017-02-08 17:00:00;674302;1;46;0;34;0;-1;1;-1;-1;-1;-1;-1;-1;1;0;3;1;1;4;-1;0;0;0;0;0;0;0;0;0;0;0;0;0;1;1;0;0;-1;-1;0;0;-1;-1;-1;-1;-1;-1;-1;-1;-1;17;38;46;67;88;21;46;88;54;6;1.08;2.25;2.54;Rosenborg U19;Basel U19;1.67;1.43;1.75;1.67;1.75;1.67;84;63;54;34;13;13;0;0;0;0;0;4063;6;Y;N;N;N;N;N;N
883498;678846;678820;2016/2017;complete;56420;0;-1;55,68,90;;3;0;3;5;6;11;0;5;1;3;0;0;4;9;6;4;10;13;17;13;-1;-1;1;3;0;0;0;0;0;0;0;0;0;0;0;0;0;0;0;0;0;0;0;0;0;0;0;0;0;0;0;0;0;0;0;0;0;0;0;0;0;0;0;0;0;0;0;0;0;0;0;0;0;0;0;0;0;0;0;0;0;0;0;0;0;0;0;0;0;0;0;0;3;0;0;3;0;3;0;2017-02-21 14:00:00;678846;1;54;17;34;0;-1;1;-1;-1;-1;-1;-1;-1;0;1;1;2;1;3;-1;0;0;0;0;0;0;0;0;0;0;0;0;0;1;1;0;0;-1;-1;0;0;-1;-1;-1;-1;-1;-1;-1;-1;-1;39;55;64;90;100;57;92;80;72;10.83;1.77;4.03;3.57;Porto U19;Viitorul U19;1.88;2;2;2.4;2;2.4;62;45;37;10;0;34;34;34;0;0;0;4063;6;Y;Y;Y;N;N;N;N
883499;6988;4615;2016/2017;complete;56420;0;-1;13,63,86;57,83;3;2;5;5;1;6;5;1;5;3;1;2;5;5;6;2;11;7;16;20;-1;-1;6;6;0;0;0;0;0;0;0;0;0;0;0;0;0;0;0;0;0;0;0;0;0;0;0;0;0;0;0;0;0;0;0;0;0;0;0;0;0;0;0;0;0;0;0;0;0;0;0;0;0;0;0;0;0;0;0;0;0;0;0;0;0;0;0;0;0;0;0;0;5;1;0;2;2;4;1;2017-02-21 15:00:00;6988;1;55;17;33;0;-1;1;-1;-1;-1;-1;-1;-1;4;5;2;0;9;2;-1;0;0;0;0;0;0;0;0;2;0;2;0;0;1;1;0;0;-1;-1;0;1;-1;-1;-1;-1;-1;-1;-1;-1;-1;9;23;40;77;93;17;86;85;23;9.84;5.57;6.67;2.49;Atlético Madrid U19;Sevilla U19;1.89;1.43;2;1.67;2;1.67;92;77;61;23;7;67;50;50;0;0;0;4063;7;Y;Y;Y;Y;Y;N;Y
883500;678845;1741;2016/2017;complete;56420;0;-1;11,62,87;;3;0;3;1;1;2;6;3;1;3;0;0;3;5;5;2;8;7;18;9;-1;-1;1;3;0;0;0;0;0;0;0;0;0;0;0;0;0;0;0;0;0;0;0;0;0;0;0;0;0;0;0;0;0;0;0;0;0;0;0;0;0;0;0;0;0;0;0;0;0;0;0;0;0;0;0;0;0;0;0;0;0;0;0;0;0;0;0;0;0;0;0;0;3;1;0;2;0;2;1;2017-02-21 17:00:00;678845;1;52;0;17;0;-1;1;-1;-1;-1;-1;-1;-1;1;1;0;2;2;2;-1;0;0;0;0;0;0;0;0;0;0;0;0;0;1;1;0;0;-1;-1;0;0;-1;-1;-1;-1;-1;-1;-1;-1;-1;17;35;72;100;100;37;90;100;52;13.67;2.63;3.93;3.32;Ajax U19;Dynamo Kyiv U19;2.57;2.29;3;2.67;3;2.67;84;65;29;0;0;75;59;59;0;0;0;4063;7;Y;Y;Y;N;N;N;N
883501;678821;4198;2016/2017;complete;56420;0;-1;15,31,34,61,73;;5;0;5;7;3;10;9;0;0;1;0;1;7;2;6;1;13;3;14;10;-1;-1;0;3;0;0;0;0;0;0;0;0;0;0;0;0;0;0;0;0;0;0;0;0;0;0;0;0;0;0;0;0;0;0;0;0;0;0;0;0;0;0;0;0;0;0;0;0;0;0;0;0;0;0;0;0;0;0;0;0;0;0;0;0;0;0;0;0;0;0;0;0;5;3;0;2;0;2;3;2017-02-21 17:00:00;678821;1;62;67;50;0;-1;1;-1;-1;-1;-1;-1;-1;0;1;0;1;1;1;-1;0;0;0;0;0;0;0;0;0;0;0;0;0;1;1;0;0;-1;-1;0;0;-1;-1;-1;-1;-1;-1;-1;-1;-1;54;62;72;82;92;64;82;72;72;15.1;2.7;1.8;4.34;Salzburg U19;PSG U19;2.78;2;2.6;2.33;2.6;2.33;47;39;29;19;9;68;45;35;0;0;0;4063;7;Y;Y;Y;Y;Y;N;N
883502;679668;678844;2016/2017;complete;56420;0;-1;44;47;1;1;2;4;3;7;2;0;3;4;0;0;6;4;8;3;14;7;20;10;-1;-1;3;4;0;0;0;0;0;0;0;0;0;0;0;0;0;0;0;0;0;0;0;0;0;0;0;0;0;0;0;0;0;0;0;0;0;0;0;0;0;0;0;0;0;0;0;0;0;0;0;0;0;0;0;0;0;0;0;0;0;0;0;0;0;0;0;0;0;0;0;0;2;1;0;0;1;1;1;2017-02-21 17:00:00;-1;1;29;0;25;0;-1;1;-1;-1;-1;-1;-1;-1;0;0;3;4;0;7;-1;0;0;0;0;0;0;0;0;0;0;0;0;0;1;1;0;0;-1;-1;0;0;-1;-1;-1;-1;-1;-1;-1;-1;-1;24;24;45;85;85;17;70;85;52;10.89;3.54;4.96;2.79;PSV U19;Benfica U19;2;1.64;2.17;1.57;2.17;1.57;77;77;55;16;16;53;46;39;0;0;0;4063;7;Y;Y;N;N;N;N;Y
883503;679651;674302;2016/2017;complete;56420;0;-1;26,89;37;2;1;3;8;4;12;3;0;3;3;0;0;5;3;8;3;13;6;17;16;-1;-1;3;3;0;0;0;0;0;0;0;0;0;0;0;0;0;0;0;0;0;0;0;0;0;0;0;0;0;0;0;0;0;0;0;0;0;0;0;0;0;0;0;0;0;0;0;0;0;0;0;0;0;0;0;0;0;0;0;0;0;0;0;0;0;0;0;0;0;0;0;0;3;1;1;1;0;1;2;2017-02-22 11:00:00;679651;1;44;59;17;0;-1;1;-1;-1;-1;-1;-1;-1;1;0;2;3;1;5;-1;0;0;0;0;0;0;0;1;1;1;1;0;0;1;1;0;0;-1;-1;0;0;-1;-1;-1;-1;-1;-1;-1;-1;-1;25;35;52;62;82;44;52;74;35;8.5;1.37;4.5;2.55;CSKA Moskva U19;Rosenborg U19;2;1.67;2.17;2;2.17;2;75;65;49;39;19;58;42;25;0;0;0;4063;6;Y;Y;Y;N;N;N;Y
883504;4222;4668;2016/2017;complete;56420;0;-1;24,33,90;57,67,71,90;3;4;7;7;5;12;3;0;4;1;0;1;4;8;6;4;10;12;18;10;-1;-1;4;3;0;0;0;0;0;0;0;0;0;0;0;0;0;0;0;0;0;0;0;0;0;0;0;0;0;0;0;0;0;0;0;0;0;0;0;0;0;0;0;0;0;0;0;0;0;0;0;0;0;0;0;0;0;0;0;0;0;0;0;0;0;0;0;0;0;0;0;0;7;2;0;1;4;5;2;2017-02-22 15:00:00;4668;1;93;33;50;0;-1;1;-1;-1;-1;-1;-1;-1;1;0;3;2;1;5;-1;0;0;0;0;0;0;0;1;1;1;1;0;0;1;1;0;0;-1;-1;0;0;-1;-1;-1;-1;-1;-1;-1;-1;-1;38;55;92;100;100;69;85;100;77;9.16;2.1;4.62;4.02;Monaco  U19;Real Madrid U19;1.88;2.11;2.14;2.17;2.14;2.17;62;45;9;0;0;67;50;34;0;0;0;4063;8;Y;Y;Y;Y;Y;Y;Y
883505;4648;1574;2016/2017;complete;56420;0;-1;41,51,62,68;6;4;1;5;5;4;9;1;1;1;1;0;0;7;4;4;3;11;7;8;3;-1;-1;1;1;0;0;0;0;0;0;0;0;0;0;0;0;0;0;0;0;0;0;0;0;0;0;0;0;0;0;0;0;0;0;0;0;0;0;0;0;0;0;0;0;0;0;0;0;0;0;0;0;0;0;0;0;0;0;0;0;0;0;0;0;0;0;0;0;0;0;0;0;5;1;1;3;0;3;2;2017-02-22 17:00:00;4648;1;62;0;34;0;-1;1;-1;-1;-1;-1;-1;-1;0;0;1;1;0;2;-1;0;0;0;0;0;0;0;0;0;0;0;0;0;1;1;0;1;-1;-1;0;0;-1;-1;-1;-1;-1;-1;-1;-1;-1;23;38;55;77;100;40;85;85;47;7;3.07;3.4;3.15;Barcelona U19;Borussia Dortmund U19;2.33;1.38;2.5;1.57;2.5;1.57;77;62;45;23;0;42;17;9;0;0;0;4063;8;Y;Y;Y;Y;Y;N;Y
883506;679651;678844;2016/2017;complete;56420;0;-1;;16,47;0;2;2;8;6;14;1;4;3;2;0;0;4;3;5;3;9;6;23;19;-1;-1;3;2;0;0;0;0;0;0;0;0;0;0;0;0;0;0;0;0;0;0;0;0;0;0;0;0;0;0;0;0;0;0;0;0;0;0;0;0;0;0;0;0;0;0;0;0;0;0;0;0;0;0;0;0;0;0;0;0;0;0;0;0;0;0;0;0;0;0;0;0;2;0;1;0;1;1;1;2017-03-07 13:00:00;678844;1;67;38;33;0;-1;1;-1;-1;-1;-1;-1;-1;1;0;2;2;1;4;-1;0;0;0;0;0;0;0;0;0;0;0;0;0;1;1;0;0;-1;-1;0;0;-1;-1;-1;-1;-1;-1;-1;-1;-1;28;28;68;87;87;36;75;80;53;11.74;2.93;5.95;2.97;CSKA Moskva U19;Benfica U19;2;1.64;2.29;1.5;2.29;1.5;73;73;32;14;14;81;60;40;0;0;0;4063;8;Y;Y;N;N;N;N;N
883507;678821;6988;2016/2017;complete;56420;0;-1;48,61;79;2;1;3;2;6;8;3;1;3;3;0;0;5;4;8;7;13;11;17;17;-1;-1;3;3;0;0;0;0;0;0;0;0;0;0;0;0;0;0;0;0;0;0;0;0;0;0;0;0;0;0;0;0;0;0;0;0;0;0;0;0;0;0;0;0;0;0;0;0;0;0;0;0;0;0;0;0;0;0;0;0;0;0;0;0;0;0;0;0;0;0;0;0;3;0;0;2;1;3;0;2017-03-07 15:00:00;678821;1;42;13;25;0;-1;1;-1;-1;-1;-1;-1;-1;2;1;1;2;3;3;-1;0;0;0;0;0;0;0;0;0;0;0;0;0;1;1;0;0;-1;-1;0;0;-1;-1;-1;-1;-1;-1;-1;-1;-1;32;44;53;79;94;34;79;78;53;12.54;6.21;4.05;3.34;Salzburg U19;Atlético Madrid U19;2.78;1.89;2.67;2.13;2.67;2.13;69;57;48;21;7;62;37;27;0;0;0;4063;9;Y;Y;Y;N;N;N;Y
883508;4648;678846;2016/2017;complete;56420;0;-1;75,87;62;2;1;3;8;5;13;4;1;1;5;0;0;5;3;4;1;9;4;11;17;-1;-1;1;5;0;0;0;0;0;0;0;0;0;0;0;0;0;0;0;0;0;0;0;0;0;0;0;0;0;0;0;0;0;0;0;0;0;0;0;0;0;0;0;0;0;0;0;0;0;0;0;0;0;0;0;0;0;0;0;0;0;0;0;0;0;0;0;0;0;0;0;0;3;0;0;2;1;3;0;2017-03-07 17:00:00;4648;1;64;13;25;0;-1;1;-1;-1;-1;-1;-1;-1;0;2;1;3;2;4;-1;0;0;0;0;0;0;0;1;0;1;0;0;0;1;1;0;0;-1;-1;0;0;-1;-1;-1;-1;-1;-1;-1;-1;-1;22;43;71;93;100;43;79;93;72;9.57;1.57;3.42;3.29;Barcelona U19;Porto U19;2.33;1.88;2.57;2.14;2.57;2.14;79;57;29;7;0;50;36;36;0;0;0;4063;8;Y;Y;Y;N;N;N;Y
883509;4668;678845;2016/2017;complete;56420;0;-1;5,78;66;2;1;3;3;7;10;2;2;2;4;0;0;4;6;4;4;8;10;10;15;-1;-1;2;4;0;0;0;0;0;0;0;0;0;0;0;0;0;0;0;0;0;0;0;0;0;0;0;0;0;0;0;0;0;0;0;0;0;0;0;0;0;0;0;0;0;0;0;0;0;0;0;0;0;0;0;0;0;0;0;0;0;0;0;0;0;0;0;0;0;0;0;0;3;1;0;1;1;2;1;2017-03-08 15:00:00;4668;1;59;17;34;0;-1;1;-1;-1;-1;-1;-1;-1;0;2;2;2;2;4;-1;0;0;0;0;0;0;0;1;0;1;0;0;0;1;1;1;0;-1;-1;0;0;-1;-1;-1;-1;-1;-1;-1;-1;-1;22;44;77;100;100;52;85;100;60;10.68;2.26;3.1;3.7;Real Madrid U19;Ajax U19;2.11;2.57;2.29;3;2.29;3;79;56;24;0;0;61;47;40;0;0;0;4063;7;Y;Y;Y;N;N;N;Y
883510;4648;678821;2016/2017;complete;56420;0;-1;19;63,84;1;2;3;2;9;11;1;2;2;2;0;0;0;5;2;8;2;13;9;16;-1;-1;2;2;0;0;0;0;0;0;0;0;0;0;0;0;0;0;0;0;0;0;0;0;0;0;0;0;0;0;0;0;0;0;0;0;0;0;0;0;0;0;0;0;0;0;0;0;0;0;0;0;0;0;0;0;0;0;0;0;0;0;0;0;0;0;0;0;0;0;0;0;3;1;0;0;2;2;1;2017-04-21 11:00:00;678821;1;59;10;30;0;-1;1;-1;-1;-1;-1;-1;-1;1;1;1;1;2;2;-1;0;0;0;0;0;0;0;0;0;0;0;0;0;1;1;0;0;-1;-1;0;0;-1;-1;-1;-1;-1;-1;-1;-1;-1;34;41;73;87;100;54;73;80;67;10.13;4.29;2.63;3.63;Barcelona U19;Salzburg U19;2.33;2.78;2.63;2.71;2.63;2.71;66;60;27;14;0;53;32;23;0;0;0;4063;9;Y;Y;Y;N;N;N;Y
883511;4668;678844;2016/2017;complete;56420;0;-1;28,55;5,17,19,90;2;4;6;11;3;14;1;2;3;1;0;0;10;7;5;0;15;7;14;16;-1;-1;3;1;0;0;0;0;0;0;0;0;0;0;0;0;0;0;0;0;0;0;0;0;0;0;0;0;0;0;0;0;0;0;0;0;0;0;0;0;0;0;0;0;0;0;0;0;0;0;0;0;0;0;0;0;0;0;0;0;0;0;0;0;0;0;0;0;0;0;0;0;6;1;3;1;1;2;4;2017-04-21 15:00:00;678844;1;78;13;54;0;-1;1;-1;-1;-1;-1;-1;-1;1;1;2;0;2;2;-1;0;0;0;0;0;0;0;0;0;0;0;0;0;1;1;0;1;-1;-1;0;0;-1;-1;-1;-1;-1;-1;-1;-1;-1;25;37;66;95;95;32;78;95;72;10.14;3.28;5.6;3.41;Real Madrid U19;Benfica U19;2.11;1.64;2.38;1.67;2.38;1.67;76;64;35;6;6;77;59;41;0;0;0;4063;9;Y;Y;Y;Y;Y;Y;Y
883512;678844;678821;2016/2017;complete;56420;0;-1;29;72,76;1;2;3;5;6;11;1;3;3;2;0;1;4;5;3;6;7;11;14;23;47;53;3;3;0;0;0;0;0;0;0;0;0;0;0;0;0;0;0;0;0;0;0;0;0;0;0;0;0;0;0;0;0;0;0;0;0;0;0;0;0;0;0;0;0;0;0;0;0;0;0;0;0;0;0;0;0;0;0;0;0;0;0;0;0;0;0;0;0;0;0;0;3;1;0;0;2;2;1;2017-04-24 15:00:00;678821;1;55;0;0;0;-1;1;-1;-1;-1;-1;-1;-1;0;0;3;3;0;6;-1;0;0;0;0;0;0;0;0;0;0;0;0;0;1;1;0;0;-1;-1;0;0;-1;-1;-1;-1;-1;-1;-1;-1;-1;29;29;63;89;95;30;73;83;68;12.46;4.93;4.13;3.34;Benfica U19;Salzburg U19;1.64;2.78;1.8;2.75;1.8;2.75;72;72;38;12;5;76;64;52;0;0;0;4063;9;Y;Y;Y;N;N;N;Y
1097263;8434;4615;2016/2017;complete;56416;1;-1;35,90;53;2;1;3;6;5;11;0;1;2;4;0;0;0;3;5;2;5;5;18;20;57;43;2;4;0;0;0;0;0;0;0;0;0;0;0;0;0;0;0;0;0;0;0;0;0;0;0;0;0;0;0;0;0;0;0;0;0;0;0;0;0;0;0;0;0;0;0;0;0;0;0;0;0;0;0;0;0;0;0;0;0;0;0;0;0;0;0;0;0;0;0;0;3;1;0;1;1;2;1;2016-09-14 14:00:00;8434;1;0;0;0;0;-1;1;-1;-1;-1;-1;-1;-1;1;1;1;3;2;4;-1;0;0;0;0;0;0;0;0;0;0;0;0;0;1;1;0;0;-1;-1;0;0;-1;-1;-1;-1;-1;-1;-1;-1;-1;0;0;0;0;0;0;0;0;0;0;0;0;0;Juventus U19;Sevilla U19;1.29;1.43;0;0;0;0;0;0;0;0;0;0;0;0;0;0;0;4063;7;Y;Y;Y;N;N;N;Y
