ID;HOMEID;AWAYID;SEASON;STATUS;ROUNDID;GAME_WEEK;REVISED_GAME_WEEK;HOMEGOALS;AWAYGOALS;HOMEGOALCOUNT;AWAYGOALCOUNT;TOTALGOALCOUNT;TEAM_A_CORNERS;TEAM_B_CORNERS;TOTALCORNERCOUNT;TEAM_A_OFFSIDES;TEAM_B_OFFSIDES;TEAM_A_YELLOW_CARDS;TEAM_B_YELLOW_CARDS;TEAM_A_RED_CARDS;TEAM_B_RED_CARDS;TEAM_A_SHOTSONTARGET;TEAM_B_SHOTSONTARGET;TEAM_A_SHOTSOFFTARGET;TEAM_B_SHOTSOFFTARGET;TEAM_A_SHOTS;TEAM_B_SHOTS;TEAM_A_FOULS;TEAM_B_FOULS;TEAM_A_POSSESSION;TEAM_B_POSSESSION;TEAM_A_CARDS_NUM;TEAM_B_CARDS_NUM;ODDS_FT_1;ODDS_FT_X;ODDS_FT_2;ODDS_FT_OVER05;ODDS_FT_OVER15;ODDS_FT_OVER25;ODDS_FT_OVER35;ODDS_FT_OVER45;ODDS_FT_UNDER05;ODDS_FT_UNDER15;ODDS_FT_UNDER25;ODDS_FT_UNDER35;ODDS_FT_UNDER45;ODDS_BTTS_YES;ODDS_BTTS_NO;ODDS_TEAM_A_CS_YES;ODDS_TEAM_A_CS_NO;ODDS_TEAM_B_CS_YES;ODDS_TEAM_B_CS_NO;ODDS_DOUBLECHANCE_1X;ODDS_DOUBLECHANCE_12;ODDS_DOUBLECHANCE_X2;ODDS_1ST_HALF_RESULT_1;ODDS_1ST_HALF_RESULT_X;ODDS_1ST_HALF_RESULT_2;ODDS_2ND_HALF_RESULT_1;ODDS_2ND_HALF_RESULT_X;ODDS_2ND_HALF_RESULT_2;ODDS_DNB_1;ODDS_DNB_2;ODDS_CORNERS_OVER_75;ODDS_CORNERS_OVER_85;ODDS_CORNERS_OVER_95;ODDS_CORNERS_OVER_105;ODDS_CORNERS_OVER_115;ODDS_CORNERS_UNDER_75;ODDS_CORNERS_UNDER_85;ODDS_CORNERS_UNDER_95;ODDS_CORNERS_UNDER_105;ODDS_CORNERS_UNDER_115;ODDS_CORNERS_1;ODDS_CORNERS_X;ODDS_CORNERS_2;ODDS_TEAM_TO_SCORE_FIRST_1;ODDS_TEAM_TO_SCORE_FIRST_X;ODDS_TEAM_TO_SCORE_FIRST_2;ODDS_WIN_TO_NIL_1;ODDS_WIN_TO_NIL_2;ODDS_1ST_HALF_OVER05;ODDS_1ST_HALF_OVER15;ODDS_1ST_HALF_OVER25;ODDS_1ST_HALF_OVER35;ODDS_1ST_HALF_UNDER05;ODDS_1ST_HALF_UNDER15;ODDS_1ST_HALF_UNDER25;ODDS_1ST_HALF_UNDER35;ODDS_2ND_HALF_OVER05;ODDS_2ND_HALF_OVER15;ODDS_2ND_HALF_OVER25;ODDS_2ND_HALF_OVER35;ODDS_2ND_HALF_UNDER05;ODDS_2ND_HALF_UNDER15;ODDS_2ND_HALF_UNDER25;ODDS_2ND_HALF_UNDER35;ODDS_BTTS_1ST_HALF_YES;ODDS_BTTS_1ST_HALF_NO;ODDS_BTTS_2ND_HALF_YES;ODDS_BTTS_2ND_HALF_NO;OVERALLGOALCOUNT;HT_GOALS_TEAM_A;HT_GOALS_TEAM_B;GOALS_2HG_TEAM_A;GOALS_2HG_TEAM_B;GOALCOUNT_2HG;HTGOALCOUNT;DATE_UNIX;WINNINGTEAM;NO_HOME_AWAY;BTTS_POTENTIAL;BTTS_FHG_POTENTIAL;BTTS_2HG_POTENTIAL;GOALTIMINGDISABLED;CORNER_TIMINGS_RECORDED;CARD_TIMINGS_RECORDED;TEAM_A_FH_CORNERS;TEAM_B_FH_CORNERS;TEAM_A_2H_CORNERS;TEAM_B_2H_CORNERS;CORNER_FH_COUNT;CORNER_2H_COUNT;TEAM_A_FH_CARDS;TEAM_B_FH_CARDS;TEAM_A_2H_CARDS;TEAM_B_2H_CARDS;TOTAL_FH_CARDS;TOTAL_2H_CARDS;ATTACKS_RECORDED;TEAM_A_DANGEROUS_ATTACKS;TEAM_B_DANGEROUS_ATTACKS;TEAM_A_ATTACKS;TEAM_B_ATTACKS;TEAM_A_XG;TEAM_B_XG;TOTAL_XG;TEAM_A_PENALTIES_WON;TEAM_B_PENALTIES_WON;TEAM_A_PENALTY_GOALS;TEAM_B_PENALTY_GOALS;TEAM_A_PENALTY_MISSED;TEAM_B_PENALTY_MISSED;PENS_RECORDED;GOAL_TIMINGS_RECORDED;TEAM_A_0_10_MIN_GOALS;TEAM_B_0_10_MIN_GOALS;TEAM_A_CORNERS_0_10_MIN;TEAM_B_CORNERS_0_10_MIN;TEAM_A_CARDS_0_10_MIN;TEAM_B_CARDS_0_10_MIN;THROWINS_RECORDED;TEAM_A_THROWINS;TEAM_B_THROWINS;FREEKICKS_RECORDED;TEAM_A_FREEKICKS;TEAM_B_FREEKICKS;GOALKICKS_RECORDED;TEAM_A_GOALKICKS;TEAM_B_GOALKICKS;O45_POTENTIAL;O35_POTENTIAL;O25_POTENTIAL;O15_POTENTIAL;O05_POTENTIAL;O15HT_POTENTIAL;O05HT_POTENTIAL;O05_2H_POTENTIAL;O15_2H_POTENTIAL;CORNERS_POTENTIAL;OFFSIDES_POTENTIAL;CARDS_POTENTIAL;AVG_POTENTIAL;HOME_NAME;AWAY_NAME;HOME_PPG;AWAY_PPG;PRE_MATCH_HOME_PPG;PRE_MATCH_AWAY_PPG;PRE_MATCH_TEAMA_OVERALL_PPG;PRE_MATCH_TEAMB_OVERALL_PPG;U45_POTENTIAL;U35_POTENTIAL;U25_POTENTIAL;U15_POTENTIAL;U05_POTENTIAL;CORNERS_O85_POTENTIAL;CORNERS_O95_POTENTIAL;CORNERS_O105_POTENTIAL;TEAM_A_XG_PREMATCH;TEAM_B_XG_PREMATCH;TOTAL_XG_PREMATCH;COMPETITION_ID;MATCHES_COMPLETED_MINIMUM;OVER05;OVER15;OVER25;OVER35;OVER45;OVER55;BTTS
883628;679668;679673;2015/2016;complete;56423;1;-1;;28,47,68;0;3;3;13;3;16;0;0;2;1;1;0;11;2;12;3;23;5;10;7;58;42;3;1;0;0;0;0;0;0;0;0;0;0;0;0;0;0;0;0;0;0;0;0;0;0;0;0;0;0;0;0;0;0;0;0;0;0;0;0;0;0;0;0;0;0;0;0;0;0;0;0;0;0;0;0;0;0;0;0;0;0;0;0;0;0;0;0;0;0;0;0;3;0;1;0;2;2;1;2015-09-15 12:00:00;679673;1;0;0;0;0;-1;1;-1;-1;-1;-1;-1;-1;1;0;2;1;1;3;-1;0;0;0;0;0;0;0;0;1;0;1;0;0;1;1;0;0;-1;-1;0;0;-1;-1;-1;-1;-1;-1;-1;-1;-1;0;0;0;0;0;0;0;0;0;0;0;0;0;PSV U19;Manchester United U19;1.57;1.33;0;0;0;0;0;0;0;0;0;0;0;0;0;0;0;4065;6;Y;Y;Y;N;N;N;N
883629;4198;6927;2015/2016;complete;56423;1;-1;;;0;0;0;-1;-1;-1;-1;-1;1;3;0;0;-1;-1;-1;-1;-1;-1;-1;-1;-1;-1;1;3;0;0;0;0;0;0;0;0;0;0;0;0;0;0;0;0;0;0;0;0;0;0;0;0;0;0;0;0;0;0;0;0;0;0;0;0;0;0;0;0;0;0;0;0;0;0;0;0;0;0;0;0;0;0;0;0;0;0;0;0;0;0;0;0;0;0;0;0;0;0;0;0;0;0;0;2015-09-15 13:00:00;-1;1;0;0;0;0;-1;1;-1;-1;-1;-1;-1;-1;0;1;1;2;1;3;-1;0;0;0;0;0;0;0;0;0;0;0;0;0;1;1;0;0;-1;-1;0;0;-1;-1;-1;-1;-1;-1;-1;-1;-1;0;0;0;0;0;0;0;0;0;0;0;0;0;PSG U19;Malmö FF U19;2.2;0.83;0;0;0;0;0;0;0;0;0;0;0;0;0;0;0;4065;6;N;N;N;N;N;N;N
883630;678199;6988;2015/2016;complete;56423;1;-1;41;75,78,80;1;3;4;-1;-1;-1;-1;-1;3;2;0;0;-1;-1;-1;-1;-1;-1;-1;-1;-1;-1;3;2;0;0;0;0;0;0;0;0;0;0;0;0;0;0;0;0;0;0;0;0;0;0;0;0;0;0;0;0;0;0;0;0;0;0;0;0;0;0;0;0;0;0;0;0;0;0;0;0;0;0;0;0;0;0;0;0;0;0;0;0;0;0;0;0;0;0;0;0;4;1;0;0;3;3;1;2015-09-15 13:00:00;6988;1;0;0;0;0;-1;1;-1;-1;-1;-1;-1;-1;1;1;2;1;2;3;-1;0;0;0;0;0;0;0;0;0;0;0;0;0;1;1;0;0;-1;-1;0;0;-1;-1;-1;-1;-1;-1;-1;-1;-1;0;0;0;0;0;0;0;0;0;0;0;0;0;Galatasaray U19;Atlético Madrid U19;1;2;0;0;0;0;0;0;0;0;0;0;0;0;0;0;0;4065;6;Y;Y;Y;Y;N;N;Y
883631;4668;1752;2015/2016;complete;56423;1;-1;28,32,59,83;;4;0;4;7;6;13;0;2;1;1;0;0;3;4;5;3;8;7;9;7;50;50;1;1;0;0;0;0;0;0;0;0;0;0;0;0;0;0;0;0;0;0;0;0;0;0;0;0;0;0;0;0;0;0;0;0;0;0;0;0;0;0;0;0;0;0;0;0;0;0;0;0;0;0;0;0;0;0;0;0;0;0;0;0;0;0;0;0;0;0;0;0;4;2;0;2;0;2;2;2015-09-15 14:00:00;4668;1;0;0;0;0;-1;1;-1;-1;-1;-1;-1;-1;1;0;0;1;1;1;-1;0;0;0;0;0;0;0;0;0;0;0;0;0;1;1;0;0;-1;-1;0;0;-1;-1;-1;-1;-1;-1;-1;-1;-1;0;0;0;0;0;0;0;0;0;0;0;0;0;Real Madrid U19;Shakhtar Donetsk U19;2.1;0.67;0;0;0;0;0;0;0;0;0;0;0;0;0;0;0;4065;6;Y;Y;Y;Y;N;N;N
883632;1602;679651;2015/2016;complete;56423;1;-1;11,19;54,66,67,80;2;4;6;9;2;11;8;2;1;3;0;0;5;3;9;1;14;4;8;17;50;50;1;3;0;0;0;0;0;0;0;0;0;0;0;0;0;0;0;0;0;0;0;0;0;0;0;0;0;0;0;0;0;0;0;0;0;0;0;0;0;0;0;0;0;0;0;0;0;0;0;0;0;0;0;0;0;0;0;0;0;0;0;0;0;0;0;0;0;0;0;0;6;2;0;0;4;4;2;2015-09-15 14:00:00;679651;1;0;0;0;0;-1;1;-1;-1;-1;-1;-1;-1;0;0;1;3;0;4;-1;0;0;0;0;0;0;0;0;0;0;0;0;0;1;1;0;0;-1;-1;0;0;-1;-1;-1;-1;-1;-1;-1;-1;-1;0;0;0;0;0;0;0;0;0;0;0;0;0;Wolfsburg U19;CSKA Moskva U19;1.17;1.29;0;0;0;0;0;0;0;0;0;0;0;0;0;0;0;4065;6;Y;Y;Y;Y;Y;Y;Y
883633;678844;678813;2015/2016;complete;56423;1;-1;10,21,26,34,36,42,55,78;;8;0;8;18;1;19;3;3;0;0;0;0;18;0;22;2;40;2;6;11;50;50;0;0;0;0;0;0;0;0;0;0;0;0;0;0;0;0;0;0;0;0;0;0;0;0;0;0;0;0;0;0;0;0;0;0;0;0;0;0;0;0;0;0;0;0;0;0;0;0;0;0;0;0;0;0;0;0;0;0;0;0;0;0;0;0;0;0;0;0;0;0;8;6;0;2;0;2;6;2015-09-15 14:00:00;678844;1;0;0;0;0;-1;-1;-1;-1;-1;-1;-1;-1;0;0;0;0;0;0;-1;0;0;0;0;0;0;0;0;0;0;0;0;0;1;1;1;0;-1;-1;-1;-1;-1;-1;-1;-1;-1;-1;-1;-1;-1;0;0;0;0;0;0;0;0;0;0;0;0;0;Benfica U19;Astana U19;2.13;0;0;0;0;0;0;0;0;0;0;0;0;0;0;0;0;4065;6;Y;Y;Y;Y;Y;Y;N
883634;4615;1601;2015/2016;complete;56423;1;-1;13,20,83,90;43,58;4;2;6;7;0;7;1;3;5;1;0;1;8;3;6;2;14;5;24;17;50;50;5;2;0;0;0;0;0;0;0;0;0;0;0;0;0;0;0;0;0;0;0;0;0;0;0;0;0;0;0;0;0;0;0;0;0;0;0;0;0;0;0;0;0;0;0;0;0;0;0;0;0;0;0;0;0;0;0;0;0;0;0;0;0;0;0;0;0;0;0;0;6;2;1;2;1;3;3;2015-09-15 14:00:00;4615;1;0;0;0;0;-1;1;-1;-1;-1;-1;-1;-1;2;0;3;2;2;5;-1;0;0;0;0;0;0;0;0;0;0;0;0;0;1;1;0;0;-1;-1;0;0;-1;-1;-1;-1;-1;-1;-1;-1;-1;0;0;0;0;0;0;0;0;0;0;0;0;0;Sevilla U19;Borussia M'gladbach U19;1.57;0.83;0;0;0;0;0;0;0;0;0;0;0;0;0;0;0;4065;6;Y;Y;Y;Y;Y;Y;Y
883635;678825;8434;2015/2016;complete;56423;1;-1;22,52,87,90;9;4;1;5;-1;-1;-1;-1;-1;0;3;0;2;-1;-1;-1;-1;-1;-1;-1;-1;-1;-1;0;6;0;0;0;0;0;0;0;0;0;0;0;0;0;0;0;0;0;0;0;0;0;0;0;0;0;0;0;0;0;0;0;0;0;0;0;0;0;0;0;0;0;0;0;0;0;0;0;0;0;0;0;0;0;0;0;0;0;0;0;0;0;0;0;0;0;0;0;0;5;1;1;3;0;3;2;2015-09-15 16:00:00;678825;1;0;0;0;0;-1;1;-1;-1;-1;-1;-1;-1;0;3;0;2;3;2;-1;0;0;0;0;0;0;0;0;0;0;0;0;0;1;1;0;1;-1;-1;0;0;-1;-1;-1;-1;-1;-1;-1;-1;-1;0;0;0;0;0;0;0;0;0;0;0;0;0;Manchester City U19;Juventus U19;1.57;1;0;0;0;0;0;0;0;0;0;0;0;0;0;0;0;4065;6;Y;Y;Y;Y;Y;N;Y
883637;677021;1573;2015/2016;complete;56423;1;-1;82;;1;0;1;5;5;10;3;1;1;5;0;1;6;7;9;8;15;15;16;18;50;50;1;6;0;0;0;0;0;0;0;0;0;0;0;0;0;0;0;0;0;0;0;0;0;0;0;0;0;0;0;0;0;0;0;0;0;0;0;0;0;0;0;0;0;0;0;0;0;0;0;0;0;0;0;0;0;0;0;0;0;0;0;0;0;0;0;0;0;0;0;0;1;0;0;1;0;1;0;2015-09-16 09:00:00;677021;1;0;0;0;0;-1;1;-1;-1;-1;-1;-1;-1;1;2;0;4;3;4;-1;0;0;0;0;0;0;0;1;0;1;0;0;0;1;1;0;0;-1;-1;0;0;-1;-1;-1;-1;-1;-1;-1;-1;-1;0;0;0;0;0;0;0;0;0;0;0;0;0;Olympiakos CFP U19;Bayern München U19;1.67;0.67;0;0;0;0;0;0;0;0;0;0;0;0;0;0;0;4065;6;Y;N;N;N;N;N;N
883639;1741;678846;2015/2016;complete;56423;1;-1;43,81;3;2;1;3;3;7;10;7;3;2;1;0;0;2;4;4;1;6;5;18;12;50;50;2;1;0;0;0;0;0;0;0;0;0;0;0;0;0;0;0;0;0;0;0;0;0;0;0;0;0;0;0;0;0;0;0;0;0;0;0;0;0;0;0;0;0;0;0;0;0;0;0;0;0;0;0;0;0;0;0;0;0;0;0;0;0;0;0;0;0;0;0;0;3;1;1;1;0;1;2;2015-09-16 11:00:00;1741;1;0;0;0;0;-1;1;-1;-1;-1;-1;-1;-1;1;0;1;1;1;2;-1;0;0;0;0;0;0;0;0;0;0;0;0;0;1;1;0;1;-1;-1;0;0;-1;-1;-1;-1;-1;-1;-1;-1;-1;0;0;0;0;0;0;0;0;0;0;0;0;0;Dynamo Kyiv U19;Porto U19;1.43;1.33;0;0;0;0;0;0;0;0;0;0;0;0;0;0;0;4065;6;Y;Y;Y;N;N;N;Y
883641;1590;679649;2015/2016;complete;56423;1;-1;72;;1;0;1;8;0;8;4;0;4;2;0;0;5;0;5;5;10;5;14;13;61;39;4;2;0;0;0;0;0;0;0;0;0;0;0;0;0;0;0;0;0;0;0;0;0;0;0;0;0;0;0;0;0;0;0;0;0;0;0;0;0;0;0;0;0;0;0;0;0;0;0;0;0;0;0;0;0;0;0;0;0;0;0;0;0;0;0;0;0;0;0;0;1;0;0;1;0;1;0;2015-09-16 12:00:00;1590;1;0;0;0;0;-1;1;-1;-1;-1;-1;-1;-1;0;0;4;2;0;6;-1;0;0;0;0;0;0;0;0;0;0;0;0;0;1;1;0;0;-1;-1;0;0;-1;-1;-1;-1;-1;-1;-1;-1;-1;0;0;0;0;0;0;0;0;0;0;0;0;0;Bayer Leverkusen U19;BATE U19;1.33;0.33;0;0;0;0;0;0;0;0;0;0;0;0;0;0;0;4065;6;Y;N;N;N;N;N;N
883643;679747;4190;2015/2016;complete;56423;1;-1;;10,63,72;0;3;3;3;6;9;3;6;1;3;0;0;4;3;2;4;6;7;9;20;45;55;1;3;0;0;0;0;0;0;0;0;0;0;0;0;0;0;0;0;0;0;0;0;0;0;0;0;0;0;0;0;0;0;0;0;0;0;0;0;0;0;0;0;0;0;0;0;0;0;0;0;0;0;0;0;0;0;0;0;0;0;0;0;0;0;0;0;0;0;0;0;3;0;1;0;2;2;1;2015-09-16 12:00:00;4190;1;0;0;0;0;-1;1;-1;-1;-1;-1;-1;-1;1;1;0;2;2;2;-1;0;0;0;0;0;0;0;0;0;0;0;0;0;1;1;0;1;-1;-1;1;0;-1;-1;-1;-1;-1;-1;-1;-1;-1;0;0;0;0;0;0;0;0;0;0;0;0;0;Gent U19;Olympique Lyonnais U19;0.5;1.86;0;0;0;0;0;0;0;0;0;0;0;0;0;0;0;4065;6;Y;Y;Y;N;N;N;N
883645;678819;679674;2015/2016;complete;56423;1;-1;20,47,78;;3;0;3;-1;-1;-1;-1;-1;2;1;0;0;-1;-1;-1;-1;-1;-1;-1;-1;-1;-1;2;1;0;0;0;0;0;0;0;0;0;0;0;0;0;0;0;0;0;0;0;0;0;0;0;0;0;0;0;0;0;0;0;0;0;0;0;0;0;0;0;0;0;0;0;0;0;0;0;0;0;0;0;0;0;0;0;0;0;0;0;0;0;0;0;0;0;0;0;0;3;1;0;2;0;2;1;2015-09-16 12:05:00;678819;1;0;0;0;0;-1;1;-1;-1;-1;-1;-1;-1;0;0;2;1;0;3;-1;0;0;0;0;0;0;0;0;0;0;0;0;0;1;1;0;0;-1;-1;0;0;-1;-1;-1;-1;-1;-1;-1;-1;-1;0;0;0;0;0;0;0;0;0;0;0;0;0;Chelsea U19;Maccabi Tel Aviv U19;2.4;0.17;0;0;0;0;0;0;0;0;0;0;0;0;0;0;0;4065;6;Y;Y;Y;N;N;N;N
883646;8443;4648;2015/2016;complete;56423;1;-1;;;0;0;0;-1;-1;-1;-1;-1;2;3;0;0;-1;-1;-1;-1;-1;-1;-1;-1;-1;-1;2;3;0;0;0;0;0;0;0;0;0;0;0;0;0;0;0;0;0;0;0;0;0;0;0;0;0;0;0;0;0;0;0;0;0;0;0;0;0;0;0;0;0;0;0;0;0;0;0;0;0;0;0;0;0;0;0;0;0;0;0;0;0;0;0;0;0;0;0;0;0;0;0;0;0;0;0;2015-09-16 14:00:00;-1;1;0;0;0;0;-1;1;-1;-1;-1;-1;-1;-1;1;0;1;3;1;4;-1;0;0;0;0;0;0;0;0;0;0;0;0;0;1;1;0;0;-1;-1;0;0;-1;-1;-1;-1;-1;-1;-1;-1;-1;0;0;0;0;0;0;0;0;0;0;0;0;0;Roma U19;Barcelona U19;1.44;1.88;0;0;0;0;0;0;0;0;0;0;0;0;0;0;0;4065;8;N;N;N;N;N;N;N
883648;1898;679650;2015/2016;complete;56423;1;-1;;43,66;0;2;2;4;2;6;1;0;1;0;0;0;10;4;3;2;13;6;9;7;48;52;1;0;0;0;0;0;0;0;0;0;0;0;0;0;0;0;0;0;0;0;0;0;0;0;0;0;0;0;0;0;0;0;0;0;0;0;0;0;0;0;0;0;0;0;0;0;0;0;0;0;0;0;0;0;0;0;0;0;0;0;0;0;0;0;0;0;0;0;0;0;2;0;1;0;1;1;1;2015-09-16 14:00:00;679650;1;0;0;0;0;-1;1;-1;-1;-1;-1;-1;-1;0;0;1;0;0;1;-1;0;0;0;0;0;0;0;0;1;0;1;0;0;1;1;0;0;-1;-1;0;0;-1;-1;-1;-1;-1;-1;-1;-1;-1;0;0;0;0;0;0;0;0;0;0;0;0;0;Dinamo Zagreb U19;Arsenal U19;1.86;1.43;0;0;0;0;0;0;0;0;0;0;0;0;0;0;0;4065;7;Y;Y;N;N;N;N;N
883651;4616;678835;2015/2016;complete;56423;1;-1;30,76;;2;0;2;4;2;6;4;2;1;1;0;0;6;6;6;2;12;8;18;7;50;50;1;1;0;0;0;0;0;0;0;0;0;0;0;0;0;0;0;0;0;0;0;0;0;0;0;0;0;0;0;0;0;0;0;0;0;0;0;0;0;0;0;0;0;0;0;0;0;0;0;0;0;0;0;0;0;0;0;0;0;0;0;0;0;0;0;0;0;0;0;0;2;1;0;1;0;1;1;2015-09-16 14:00:00;4616;1;0;0;0;0;-1;1;-1;-1;-1;-1;-1;-1;0;0;1;1;0;2;-1;0;0;0;0;0;0;0;0;0;0;0;0;0;1;1;0;0;-1;-1;0;0;-1;-1;-1;-1;-1;-1;-1;-1;-1;0;0;0;0;0;0;0;0;0;0;0;0;0;Valencia U19;Zenit U19;1.88;1;0;0;0;0;0;0;0;0;0;0;0;0;0;0;0;4065;6;Y;Y;N;N;N;N;N
883653;678835;679747;2015/2016;complete;56423;2;-1;;50;0;1;1;5;5;10;4;3;0;2;0;0;4;4;9;2;13;6;16;13;53;47;0;2;0;0;0;0;0;0;0;0;0;0;0;0;0;0;0;0;0;0;0;0;0;0;0;0;0;0;0;0;0;0;0;0;0;0;0;0;0;0;0;0;0;0;0;0;0;0;0;0;0;0;0;0;0;0;0;0;0;0;0;0;0;0;0;0;0;0;0;0;1;0;0;0;1;1;0;2015-09-29 08:00:00;679747;1;0;0;0;0;-1;1;-1;-1;-1;-1;-1;-1;0;2;0;0;2;0;-1;0;0;0;0;0;0;0;0;0;0;0;0;0;1;1;0;0;-1;-1;0;0;-1;-1;-1;-1;-1;-1;-1;-1;-1;0;0;50;100;100;0;100;100;50;5;5;2;2.5;Zenit U19;Gent U19;1;0.5;0;0;0;0;100;100;50;0;0;50;0;0;0;0;0;4065;6;Y;N;N;N;N;N;N
883656;679674;1741;2015/2016;complete;56423;2;-1;24;21;1;1;2;5;6;11;0;0;3;2;0;0;8;4;3;4;11;8;10;9;50;50;3;2;0;0;0;0;0;0;0;0;0;0;0;0;0;0;0;0;0;0;0;0;0;0;0;0;0;0;0;0;0;0;0;0;0;0;0;0;0;0;0;0;0;0;0;0;0;0;0;0;0;0;0;0;0;0;0;0;0;0;0;0;0;0;0;0;0;0;0;0;2;1;1;0;0;0;2;2015-09-29 10:00:00;-1;1;50;0;0;0;-1;1;-1;-1;-1;-1;-1;-1;1;1;2;1;2;3;-1;0;0;0;0;0;0;0;0;0;0;0;0;0;1;1;0;0;-1;-1;0;0;-1;-1;-1;-1;-1;-1;-1;-1;-1;0;0;100;100;100;50;100;100;50;3;6;3;3;Maccabi Tel Aviv U19;Dynamo Kyiv U19;0.17;1.43;0;3;0;3;100;100;0;0;0;50;50;0;0;0;0;4065;6;Y;Y;N;N;N;N;Y
883659;1573;1898;2015/2016;complete;56423;2;-1;84;5,18;1;2;3;-1;-1;-1;-1;-1;3;2;1;1;-1;-1;-1;-1;-1;-1;-1;-1;-1;-1;4;3;0;0;0;0;0;0;0;0;0;0;0;0;0;0;0;0;0;0;0;0;0;0;0;0;0;0;0;0;0;0;0;0;0;0;0;0;0;0;0;0;0;0;0;0;0;0;0;0;0;0;0;0;0;0;0;0;0;0;0;0;0;0;0;0;0;0;0;0;3;0;2;1;0;1;2;2015-09-29 12:00:00;1898;1;0;0;0;0;-1;1;-1;-1;-1;-1;-1;-1;1;2;3;1;3;4;-1;0;0;0;0;0;0;0;0;1;0;1;0;0;1;1;0;1;-1;-1;0;0;-1;-1;-1;-1;-1;-1;-1;-1;-1;0;0;0;50;100;0;50;100;0;9;2;7;1.5;Bayern München U19;Dinamo Zagreb U19;0.67;1.86;0;0;0;0;100;100;100;50;0;50;50;0;0;0;0;4065;6;Y;Y;Y;N;N;N;Y
883661;678846;678819;2015/2016;complete;56423;2;-1;35,52,71;9,17,26;3;3;6;11;7;18;2;3;2;5;0;1;11;3;5;2;16;5;14;10;50;50;2;6;0;0;0;0;0;0;0;0;0;0;0;0;0;0;0;0;0;0;0;0;0;0;0;0;0;0;0;0;0;0;0;0;0;0;0;0;0;0;0;0;0;0;0;0;0;0;0;0;0;0;0;0;0;0;0;0;0;0;0;0;0;0;0;0;0;0;0;0;6;1;3;2;0;2;4;2015-09-29 12:00:00;-1;1;50;0;0;0;-1;1;-1;-1;-1;-1;-1;-1;1;5;1;1;6;2;-1;0;0;0;0;0;0;0;1;0;1;0;0;0;1;1;0;1;-1;-1;1;1;-1;-1;-1;-1;-1;-1;-1;-1;-1;0;0;100;100;100;50;100;100;50;7;2;3;3;Porto U19;Chelsea U19;1.33;2.4;0;3;0;3;100;100;0;0;0;50;50;0;0;0;0;4065;6;Y;Y;Y;Y;Y;Y;Y
883664;4190;4616;2015/2016;complete;56423;2;-1;63;;1;0;1;9;4;13;4;2;3;2;0;0;6;5;4;3;10;8;18;14;50;50;3;2;0;0;0;0;0;0;0;0;0;0;0;0;0;0;0;0;0;0;0;0;0;0;0;0;0;0;0;0;0;0;0;0;0;0;0;0;0;0;0;0;0;0;0;0;0;0;0;0;0;0;0;0;0;0;0;0;0;0;0;0;0;0;0;0;0;0;0;0;1;0;0;1;0;1;0;2015-09-29 12:00:00;4190;1;0;0;0;0;-1;1;-1;-1;-1;-1;-1;-1;0;0;3;2;0;5;-1;0;0;0;0;0;0;0;0;0;0;0;0;0;1;1;0;0;-1;-1;0;0;-1;-1;-1;-1;-1;-1;-1;-1;-1;0;0;50;100;100;0;100;100;50;10;10;4;2.5;Olympique Lyonnais U19;Valencia U19;1.86;1.88;3;3;3;3;100;100;50;0;0;50;0;0;0;0;0;4065;7;Y;N;N;N;N;N;N
883665;679649;8443;2015/2016;complete;56423;2;-1;;;0;0;0;1;9;10;1;6;2;1;0;0;2;7;7;7;9;14;14;14;-1;-1;2;1;0;0;0;0;0;0;0;0;0;0;0;0;0;0;0;0;0;0;0;0;0;0;0;0;0;0;0;0;0;0;0;0;0;0;0;0;0;0;0;0;0;0;0;0;0;0;0;0;0;0;0;0;0;0;0;0;0;0;0;0;0;0;0;0;0;0;0;0;0;0;0;0;0;0;0;2015-09-29 13:00:00;-1;1;0;0;0;0;-1;1;-1;-1;-1;-1;-1;-1;0;0;2;1;0;3;-1;0;0;0;0;0;0;0;0;0;0;0;0;0;1;1;0;0;-1;-1;0;0;-1;-1;-1;-1;-1;-1;-1;-1;-1;0;0;0;0;50;0;0;50;0;0;0;4;0.5;BATE U19;Roma U19;0.33;1.44;0;1;0;1;100;100;100;100;50;0;0;0;0;0;0;4065;6;N;N;N;N;N;N;N
883667;679650;677021;2015/2016;complete;56423;2;-1;13,48,63;7,50;3;2;5;7;3;10;0;0;1;0;0;0;4;7;9;8;13;15;8;11;-1;-1;1;0;0;0;0;0;0;0;0;0;0;0;0;0;0;0;0;0;0;0;0;0;0;0;0;0;0;0;0;0;0;0;0;0;0;0;0;0;0;0;0;0;0;0;0;0;0;0;0;0;0;0;0;0;0;0;0;0;0;0;0;0;0;0;0;0;0;0;0;0;5;1;1;2;1;3;2;2015-09-29 13:00:00;679650;1;0;0;0;0;-1;1;-1;-1;-1;-1;-1;-1;0;0;1;0;0;1;-1;0;0;0;0;0;0;0;1;0;1;0;0;0;1;1;0;1;-1;-1;0;0;-1;-1;-1;-1;-1;-1;-1;-1;-1;0;0;0;50;100;0;50;100;0;7;3;1;1.5;Arsenal U19;Olympiakos CFP U19;1.43;1.67;3;3;3;3;100;100;100;50;0;50;50;0;0;0;0;4065;6;Y;Y;Y;Y;Y;N;Y
883669;4648;1590;2015/2016;complete;56423;2;-1;71;88;1;1;2;3;6;9;2;4;2;5;1;0;9;5;3;5;12;10;13;21;50;50;3;5;0;0;0;0;0;0;0;0;0;0;0;0;0;0;0;0;0;0;0;0;0;0;0;0;0;0;0;0;0;0;0;0;0;0;0;0;0;0;0;0;0;0;0;0;0;0;0;0;0;0;0;0;0;0;0;0;0;0;0;0;0;0;0;0;0;0;0;0;2;0;0;1;1;2;0;2015-09-29 14:00:00;-1;1;0;0;0;0;-1;1;-1;-1;-1;-1;-1;-1;1;0;2;5;1;7;-1;0;0;0;0;0;0;0;0;0;0;0;0;0;1;1;0;0;-1;-1;0;0;-1;-1;-1;-1;-1;-1;-1;-1;-1;0;0;0;0;50;0;0;50;0;8;3;7;0.5;Barcelona U19;Bayer Leverkusen U19;1.88;1.33;1;3;1;3;100;100;100;100;50;0;0;0;0;0;0;4065;6;Y;Y;N;N;N;N;Y
883671;678841;678820;2015/2016;complete;56424;0;-1;6,18;25,67;2;2;4;3;8;11;1;0;1;2;0;0;8;6;1;6;9;12;17;13;50;50;1;2;0;0;0;0;0;0;0;0;0;0;0;0;0;0;0;0;0;0;0;0;0;0;0;0;0;0;0;0;0;0;0;0;0;0;0;0;0;0;0;0;0;0;0;0;0;0;0;0;0;0;0;0;0;0;0;0;0;0;0;0;0;0;0;0;0;0;0;0;4;2;1;0;1;1;3;2015-09-29 15:00:00;-1;1;0;0;0;0;-1;1;-1;-1;-1;-1;-1;-1;1;1;0;1;2;1;-1;0;0;0;0;0;0;0;0;1;0;1;0;0;1;1;1;0;-1;-1;0;0;-1;-1;-1;-1;-1;-1;-1;-1;-1;0;0;0;0;0;0;0;0;0;0;0;0;0;Minsk U19;Viitorul U19;0.5;1.25;0;0;0;0;0;0;0;0;0;0;0;0;0;0;0;4065;2;Y;Y;Y;Y;N;N;Y
883673;668319;8467;2015/2016;complete;56424;0;-1;;;0;0;0;-1;-1;-1;-1;-1;3;3;1;0;-1;-1;-1;-1;-1;-1;-1;-1;-1;-1;4;3;0;0;0;0;0;0;0;0;0;0;0;0;0;0;0;0;0;0;0;0;0;0;0;0;0;0;0;0;0;0;0;0;0;0;0;0;0;0;0;0;0;0;0;0;0;0;0;0;0;0;0;0;0;0;0;0;0;0;0;0;0;0;0;0;0;0;0;0;0;0;0;0;0;0;0;2015-09-29 16:00:00;-1;1;0;0;0;0;-1;1;-1;-1;-1;-1;-1;-1;1;0;3;3;1;6;-1;0;0;0;0;0;0;0;0;0;0;0;0;0;1;1;0;0;-1;-1;0;0;-1;-1;-1;-1;-1;-1;-1;-1;-1;0;0;0;0;0;0;0;0;0;0;0;0;0;Senica U19;Torino U19;0.5;1.25;0;0;0;0;0;0;0;0;0;0;0;0;0;0;0;4065;2;N;N;N;N;N;N;N
883674;678813;678199;2015/2016;complete;56423;2;-1;;11,77,80;0;3;3;2;7;9;0;2;1;1;0;0;0;5;6;13;6;18;22;13;50;50;1;1;0;0;0;0;0;0;0;0;0;0;0;0;0;0;0;0;0;0;0;0;0;0;0;0;0;0;0;0;0;0;0;0;0;0;0;0;0;0;0;0;0;0;0;0;0;0;0;0;0;0;0;0;0;0;0;0;0;0;0;0;0;0;0;0;0;0;0;0;3;0;1;0;2;2;1;2015-09-30 09:00:00;678199;1;50;0;0;0;-1;1;-1;-1;-1;-1;-1;-1;1;0;0;1;1;1;-1;0;0;0;0;0;0;0;0;0;0;0;0;0;1;1;0;0;-1;-1;0;0;-1;-1;-1;-1;-1;-1;-1;-1;-1;50;100;100;100;100;50;100;100;100;1;2;3;6;Astana U19;Galatasaray U19;0;1;0;0;0;0;50;0;0;0;0;50;50;50;0;0;0;4065;6;Y;Y;Y;N;N;N;N
883676;6988;678844;2015/2016;complete;56423;2;-1;78;35,89;1;2;3;-1;-1;-1;-1;-1;3;5;0;0;-1;-1;-1;-1;-1;-1;-1;-1;-1;-1;3;5;0;0;0;0;0;0;0;0;0;0;0;0;0;0;0;0;0;0;0;0;0;0;0;0;0;0;0;0;0;0;0;0;0;0;0;0;0;0;0;0;0;0;0;0;0;0;0;0;0;0;0;0;0;0;0;0;0;0;0;0;0;0;0;0;0;0;0;0;3;0;1;1;1;2;1;2015-09-30 10:00:00;678844;1;50;0;0;0;-1;1;-1;-1;-1;-1;-1;-1;1;1;2;4;2;6;-1;0;0;0;0;0;0;0;0;0;0;0;0;0;1;1;0;0;-1;-1;0;0;-1;-1;-1;-1;-1;-1;-1;-1;-1;50;100;100;100;100;50;100;100;100;18;2;2;6;Atlético Madrid U19;Benfica U19;2;2.13;3;3;3;3;50;0;0;0;0;50;50;50;0;0;0;4065;7;Y;Y;Y;N;N;N;Y
883678;1752;4198;2015/2016;complete;56423;2;-1;73;7,44,53,81;1;4;5;2;10;12;4;2;1;1;0;0;3;8;6;3;9;11;13;13;50;50;1;1;0;0;0;0;0;0;0;0;0;0;0;0;0;0;0;0;0;0;0;0;0;0;0;0;0;0;0;0;0;0;0;0;0;0;0;0;0;0;0;0;0;0;0;0;0;0;0;0;0;0;0;0;0;0;0;0;0;0;0;0;0;0;0;0;0;0;0;0;5;0;2;1;2;3;2;2015-09-30 11:00:00;4198;1;0;0;0;0;-1;1;-1;-1;-1;-1;-1;-1;0;0;1;1;0;2;-1;0;0;0;0;0;0;0;0;1;0;1;0;0;1;1;0;1;-1;-1;0;0;-1;-1;-1;-1;-1;-1;-1;-1;-1;0;50;50;50;50;50;50;50;50;6;1;2;2;Shakhtar Donetsk U19;PSG U19;0.67;2.2;0;1;0;1;100;50;50;50;50;50;50;50;0;0;0;4065;6;Y;Y;Y;Y;Y;N;Y
883679;679651;679668;2015/2016;complete;56423;2;-1;;;0;0;0;12;1;13;1;3;2;3;0;0;3;2;3;4;6;6;13;18;-1;-1;2;3;0;0;0;0;0;0;0;0;0;0;0;0;0;0;0;0;0;0;0;0;0;0;0;0;0;0;0;0;0;0;0;0;0;0;0;0;0;0;0;0;0;0;0;0;0;0;0;0;0;0;0;0;0;0;0;0;0;0;0;0;0;0;0;0;0;0;0;0;0;0;0;0;0;0;0;2015-09-30 11:00:00;-1;1;50;0;0;0;-1;1;-1;-1;-1;-1;-1;-1;1;0;1;3;1;4;-1;0;0;0;0;0;0;0;0;0;0;0;0;0;1;1;0;0;-1;-1;0;0;-1;-1;-1;-1;-1;-1;-1;-1;-1;50;50;100;100;100;50;100;100;100;15;2;6;4.5;CSKA Moskva U19;PSV U19;1.29;1.57;3;0;3;0;50;50;0;0;0;100;100;100;0;0;0;4065;7;N;N;N;N;N;N;N
883681;1601;678825;2015/2016;complete;56423;2;-1;1;62,70;1;2;3;-1;-1;-1;-1;-1;2;2;0;0;-1;-1;-1;-1;-1;-1;-1;-1;-1;-1;2;2;0;0;0;0;0;0;0;0;0;0;0;0;0;0;0;0;0;0;0;0;0;0;0;0;0;0;0;0;0;0;0;0;0;0;0;0;0;0;0;0;0;0;0;0;0;0;0;0;0;0;0;0;0;0;0;0;0;0;0;0;0;0;0;0;0;0;0;0;3;1;0;0;2;2;1;2015-09-30 11:00:00;678825;1;100;0;0;0;-1;1;-1;-1;-1;-1;-1;-1;0;2;2;0;2;2;-1;0;0;0;0;0;0;0;0;0;0;0;0;0;1;1;1;0;-1;-1;0;0;-1;-1;-1;-1;-1;-1;-1;-1;-1;100;100;100;100;100;100;100;100;100;0;2;2;5.5;Borussia M'gladbach U19;Manchester City U19;0.83;1.57;0;3;0;3;0;0;0;0;0;0;0;0;0;0;0;4065;6;Y;Y;Y;N;N;N;Y
883683;4618;679749;2015/2016;complete;56424;0;-1;48,90;44,49,51;2;3;5;6;1;7;0;6;3;4;0;0;7;3;5;1;12;4;14;19;-1;-1;3;4;0;0;0;0;0;0;0;0;0;0;0;0;0;0;0;0;0;0;0;0;0;0;0;0;0;0;0;0;0;0;0;0;0;0;0;0;0;0;0;0;0;0;0;0;0;0;0;0;0;0;0;0;0;0;0;0;0;0;0;0;0;0;0;0;0;0;0;0;5;0;1;2;2;4;1;2015-09-30 11:00:00;679749;1;0;0;0;0;-1;1;-1;-1;-1;-1;-1;-1;2;2;1;2;4;3;-1;0;0;0;0;0;0;0;0;0;0;0;0;0;1;1;0;0;-1;-1;0;0;-1;-1;-1;-1;-1;-1;-1;-1;-1;0;0;0;0;0;0;0;0;0;0;0;0;0;Villarreal U19;Servette U19;1.5;1;0;0;0;0;0;0;0;0;0;0;0;0;0;0;0;4065;2;Y;Y;Y;Y;Y;N;Y
883685;8434;4615;2015/2016;complete;56423;2;-1;;23;0;1;1;5;7;12;0;4;3;1;0;0;5;3;8;6;13;9;16;18;50;50;3;1;0;0;0;0;0;0;0;0;0;0;0;0;0;0;0;0;0;0;0;0;0;0;0;0;0;0;0;0;0;0;0;0;0;0;0;0;0;0;0;0;0;0;0;0;0;0;0;0;0;0;0;0;0;0;0;0;0;0;0;0;0;0;0;0;0;0;0;0;1;0;1;0;0;0;1;2015-09-30 12:00:00;4615;1;100;0;0;0;-1;1;-1;-1;-1;-1;-1;-1;1;0;2;1;1;3;-1;0;0;0;0;0;0;0;0;0;0;0;0;0;1;1;0;0;-1;-1;0;0;-1;-1;-1;-1;-1;-1;-1;-1;-1;100;100;100;100;100;100;100;100;100;7;0;11;5.5;Juventus U19;Sevilla U19;1;1.57;0;3;0;3;0;0;0;0;0;0;0;0;0;0;0;4065;6;Y;N;N;N;N;N;N
883686;679752;678816;2015/2016;complete;56424;0;-1;;37;0;1;1;-1;-1;-1;-1;-1;4;5;2;1;-1;-1;-1;-1;-1;-1;-1;-1;-1;-1;7;7;0;0;0;0;0;0;0;0;0;0;0;0;0;0;0;0;0;0;0;0;0;0;0;0;0;0;0;0;0;0;0;0;0;0;0;0;0;0;0;0;0;0;0;0;0;0;0;0;0;0;0;0;0;0;0;0;0;0;0;0;0;0;0;0;0;0;0;0;1;0;1;0;0;0;1;2015-09-30 12:00:00;678816;1;0;0;0;0;-1;1;-1;-1;-1;-1;-1;-1;3;2;3;4;5;7;-1;0;0;0;0;0;0;0;0;0;0;0;0;0;1;1;0;0;-1;-1;1;2;-1;-1;-1;-1;-1;-1;-1;-1;-1;0;0;0;0;0;0;0;0;0;0;0;0;0;Rad U19;Domžale U19;1;1.5;0;0;0;0;0;0;0;0;0;0;0;0;0;0;0;4065;2;Y;N;N;N;N;N;N
883689;679698;679751;2015/2016;complete;56424;0;-1;53,60,78,80;;4;0;4;5;3;8;5;2;0;3;0;0;4;3;7;0;11;3;12;15;-1;-1;0;3;0;0;0;0;0;0;0;0;0;0;0;0;0;0;0;0;0;0;0;0;0;0;0;0;0;0;0;0;0;0;0;0;0;0;0;0;0;0;0;0;0;0;0;0;0;0;0;0;0;0;0;0;0;0;0;0;0;0;0;0;0;0;0;0;0;0;0;0;4;0;0;4;0;4;0;2015-09-30 12:00:00;679698;1;0;0;0;0;-1;1;-1;-1;-1;-1;-1;-1;0;2;0;1;2;1;-1;0;0;0;0;0;0;0;0;0;0;0;0;0;1;1;0;0;-1;-1;0;0;-1;-1;-1;-1;-1;-1;-1;-1;-1;0;0;0;0;0;0;0;0;0;0;0;0;0;Spartak Moskva U19;Rəvan U19;1;0.5;0;0;0;0;0;0;0;0;0;0;0;0;0;0;0;4065;2;Y;Y;Y;Y;N;N;N
883691;679754;678213;2015/2016;complete;56424;0;-1;;44,73;0;2;2;-1;-1;-1;-1;-1;4;4;0;1;-1;-1;-1;-1;-1;-1;-1;-1;-1;-1;4;5;0;0;0;0;0;0;0;0;0;0;0;0;0;0;0;0;0;0;0;0;0;0;0;0;0;0;0;0;0;0;0;0;0;0;0;0;0;0;0;0;0;0;0;0;0;0;0;0;0;0;0;0;0;0;0;0;0;0;0;0;0;0;0;0;0;0;0;0;2;0;1;0;1;1;1;2015-09-30 13:00:00;678213;1;0;0;0;0;-1;1;-1;-1;-1;-1;-1;-1;1;0;3;5;1;8;-1;0;0;0;0;0;0;0;0;0;0;0;0;0;1;1;0;0;-1;-1;0;0;-1;-1;-1;-1;-1;-1;-1;-1;-1;0;0;0;0;0;0;0;0;0;0;0;0;0;Aktobe U19;Beşiktaş U19;0;2.25;0;0;0;0;0;0;0;0;0;0;0;0;0;0;0;4065;2;Y;Y;N;N;N;N;N
883694;678831;679740;2015/2016;complete;56424;0;-1;27,52,58;6,45,70;3;3;6;4;5;9;3;0;3;5;0;0;4;6;0;6;4;12;9;21;-1;-1;3;5;0;0;0;0;0;0;0;0;0;0;0;0;0;0;0;0;0;0;0;0;0;0;0;0;0;0;0;0;0;0;0;0;0;0;0;0;0;0;0;0;0;0;0;0;0;0;0;0;0;0;0;0;0;0;0;0;0;0;0;0;0;0;0;0;0;0;0;0;6;1;2;2;1;3;3;2015-09-30 13:00:00;-1;1;0;0;0;0;-1;1;-1;-1;-1;-1;-1;-1;0;2;3;3;2;6;-1;0;0;0;0;0;0;0;1;0;1;0;0;0;1;1;0;1;-1;-1;0;0;-1;-1;-1;-1;-1;-1;-1;-1;-1;0;0;0;0;0;0;0;0;0;0;0;0;0;APOEL U19;Puskás Akadémia U19;0.5;1.75;0;0;0;0;0;0;0;0;0;0;0;0;0;0;0;4065;2;Y;Y;Y;Y;Y;Y;Y
883696;6927;4668;2015/2016;complete;56423;2;-1;88;;1;0;1;-1;-1;-1;-1;-1;3;3;0;0;-1;-1;-1;-1;-1;-1;-1;-1;-1;-1;3;3;0;0;0;0;0;0;0;0;0;0;0;0;0;0;0;0;0;0;0;0;0;0;0;0;0;0;0;0;0;0;0;0;0;0;0;0;0;0;0;0;0;0;0;0;0;0;0;0;0;0;0;0;0;0;0;0;0;0;0;0;0;0;0;0;0;0;0;0;1;0;0;1;0;1;0;2015-09-30 13:30:00;6927;1;0;0;0;0;-1;1;-1;-1;-1;-1;-1;-1;0;0;3;3;0;6;-1;0;0;0;0;0;0;0;0;0;0;0;0;0;1;1;0;0;-1;-1;0;0;-1;-1;-1;-1;-1;-1;-1;-1;-1;0;50;50;50;50;50;50;50;50;7;0;4;2;Malmö FF U19;Real Madrid U19;0.83;2.1;1;3;1;3;100;50;50;50;50;50;50;50;0;0;0;4065;6;Y;N;N;N;N;N;N
883698;679673;1602;2015/2016;complete;56423;2;-1;22;61;1;1;2;4;9;13;1;5;1;2;0;0;5;5;3;6;8;11;8;14;50;50;1;2;0;0;0;0;0;0;0;0;0;0;0;0;0;0;0;0;0;0;0;0;0;0;0;0;0;0;0;0;0;0;0;0;0;0;0;0;0;0;0;0;0;0;0;0;0;0;0;0;0;0;0;0;0;0;0;0;0;0;0;0;0;0;0;0;0;0;0;0;2;1;0;0;1;1;1;2015-09-30 14:00:00;-1;1;50;0;0;0;-1;1;-1;-1;-1;-1;-1;-1;0;2;1;0;2;1;-1;0;0;0;0;0;0;0;1;0;1;0;0;0;1;1;0;0;-1;-1;0;0;-1;-1;-1;-1;-1;-1;-1;-1;-1;50;50;100;100;100;50;100;100;100;12;8;2;4.5;Manchester United U19;Wolfsburg U19;1.33;1.17;3;0;3;0;50;50;0;0;0;100;100;100;0;0;0;4065;6;Y;Y;N;N;N;N;Y
883700;1596;678845;2015/2016;complete;56424;0;-1;45,65;7,34,54;2;3;5;-1;-1;-1;-1;-1;1;3;0;0;-1;-1;-1;-1;-1;-1;-1;-1;-1;-1;1;3;0;0;0;0;0;0;0;0;0;0;0;0;0;0;0;0;0;0;0;0;0;0;0;0;0;0;0;0;0;0;0;0;0;0;0;0;0;0;0;0;0;0;0;0;0;0;0;0;0;0;0;0;0;0;0;0;0;0;0;0;0;0;0;0;0;0;0;0;5;1;2;1;1;2;3;2015-09-30 14:00:00;678845;1;0;0;0;0;-1;1;-1;-1;-1;-1;-1;-1;0;1;1;2;1;3;-1;0;0;0;0;0;0;0;0;0;0;0;0;0;1;1;0;1;-1;-1;0;0;-1;-1;-1;-1;-1;-1;-1;-1;-1;0;0;0;0;0;0;0;0;0;0;0;0;0;Schalke 04 U19;Ajax U19;0;2.57;0;0;0;0;0;0;0;0;0;0;0;0;0;0;0;4065;2;Y;Y;Y;Y;Y;N;Y
883702;3706;679708;2015/2016;complete;56424;0;-1;11,81;;2;0;2;-1;-1;-1;-1;-1;1;5;0;0;-1;-1;-1;-1;-1;-1;-1;-1;-1;-1;1;5;0;0;0;0;0;0;0;0;0;0;0;0;0;0;0;0;0;0;0;0;0;0;0;0;0;0;0;0;0;0;0;0;0;0;0;0;0;0;0;0;0;0;0;0;0;0;0;0;0;0;0;0;0;0;0;0;0;0;0;0;0;0;0;0;0;0;0;0;2;1;0;1;0;1;1;2015-09-30 15:00:00;3706;1;0;0;0;0;-1;1;-1;-1;-1;-1;-1;-1;0;0;1;5;0;6;-1;0;0;0;0;0;0;0;0;0;0;0;0;0;1;1;0;0;-1;-1;0;0;-1;-1;-1;-1;-1;-1;-1;-1;-1;0;0;0;0;0;0;0;0;0;0;0;0;0;Příbram U19;Zimbru U19;2;0;0;0;0;0;0;0;0;0;0;0;0;0;0;0;0;4065;2;Y;Y;N;N;N;N;N
883704;679664;679689;2015/2016;complete;56424;0;-1;;32,35,37,53,66;0;5;5;6;7;13;0;2;0;0;0;0;2;5;4;3;6;8;4;13;-1;-1;0;0;0;0;0;0;0;0;0;0;0;0;0;0;0;0;0;0;0;0;0;0;0;0;0;0;0;0;0;0;0;0;0;0;0;0;0;0;0;0;0;0;0;0;0;0;0;0;0;0;0;0;0;0;0;0;0;0;0;0;0;0;0;0;0;0;0;0;0;0;5;0;3;0;2;2;3;2015-09-30 15:30:00;679689;1;0;0;0;0;-1;-1;-1;-1;-1;-1;-1;-1;0;0;0;0;0;0;-1;0;0;0;0;0;0;0;0;0;0;0;0;0;1;1;0;0;-1;-1;-1;-1;-1;-1;-1;-1;-1;-1;-1;-1;-1;0;0;0;0;0;0;0;0;0;0;0;0;0;HJK U19;Celtic U19;0.5;1.6;0;0;0;0;0;0;0;0;0;0;0;0;0;0;0;4065;2;Y;Y;Y;Y;Y;N;N
883706;678821;679709;2015/2016;complete;56424;0;-1;19,26,67,75;;4;0;4;16;1;17;0;4;2;3;0;0;5;3;7;0;12;3;9;22;-1;-1;2;3;0;0;0;0;0;0;0;0;0;0;0;0;0;0;0;0;0;0;0;0;0;0;0;0;0;0;0;0;0;0;0;0;0;0;0;0;0;0;0;0;0;0;0;0;0;0;0;0;0;0;0;0;0;0;0;0;0;0;0;0;0;0;0;0;0;0;0;0;4;2;0;2;0;2;2;2015-09-30 16:00:00;678821;1;0;0;0;0;-1;1;-1;-1;-1;-1;-1;-1;2;0;0;3;2;3;-1;0;0;0;0;0;0;0;0;0;0;0;0;0;1;1;0;0;-1;-1;0;0;-1;-1;-1;-1;-1;-1;-1;-1;-1;0;0;0;0;0;0;0;0;0;0;0;0;0;Salzburg U19;Željezničar U19;1.2;1.5;0;0;0;0;0;0;0;0;0;0;0;0;0;0;0;4065;2;Y;Y;Y;Y;N;N;N
883708;679755;679541;2015/2016;complete;56424;0;-1;52;9,84;1;2;3;1;7;8;0;1;2;1;0;0;4;3;13;7;17;10;12;11;-1;-1;2;1;0;0;0;0;0;0;0;0;0;0;0;0;0;0;0;0;0;0;0;0;0;0;0;0;0;0;0;0;0;0;0;0;0;0;0;0;0;0;0;0;0;0;0;0;0;0;0;0;0;0;0;0;0;0;0;0;0;0;0;0;0;0;0;0;0;0;0;0;3;0;1;1;1;2;1;2015-09-30 16:00:00;679541;1;0;0;0;0;-1;1;-1;-1;-1;-1;-1;-1;1;0;1;1;1;2;-1;0;0;0;0;0;0;0;0;1;0;1;0;0;1;1;0;1;-1;-1;0;0;-1;-1;-1;-1;-1;-1;-1;-1;-1;0;0;0;0;0;0;0;0;0;0;0;0;0;Lovech U19;Legia Warszawa U19;0;1.5;0;0;0;0;0;0;0;0;0;0;0;0;0;0;0;4065;2;Y;Y;Y;N;N;N;Y
883711;9428;679696;2015/2016;complete;56424;0;-1;23,41,84;50;3;1;4;3;1;4;1;1;3;2;0;0;7;3;1;6;8;9;23;11;-1;-1;3;2;0;0;0;0;0;0;0;0;0;0;0;0;0;0;0;0;0;0;0;0;0;0;0;0;0;0;0;0;0;0;0;0;0;0;0;0;0;0;0;0;0;0;0;0;0;0;0;0;0;0;0;0;0;0;0;0;0;0;0;0;0;0;0;0;0;0;0;0;4;2;0;1;1;2;2;2015-09-30 16:00:00;9428;1;0;0;0;0;-1;1;-1;-1;-1;-1;-1;-1;2;1;1;1;3;2;-1;0;0;0;0;0;0;0;0;0;0;0;0;0;1;1;0;0;-1;-1;1;0;-1;-1;-1;-1;-1;-1;-1;-1;-1;0;0;0;0;0;0;0;0;0;0;0;0;0;Midtjylland U19;Saburtalo U19;2.17;0;0;0;0;0;0;0;0;0;0;0;0;0;0;0;0;4065;2;Y;Y;Y;Y;N;N;Y
883713;6922;679748;2015/2016;complete;56424;0;-1;14,62;;2;0;2;-1;-1;-1;-1;-1;1;1;1;0;-1;-1;-1;-1;-1;-1;-1;-1;-1;-1;2;1;0;0;0;0;0;0;0;0;0;0;0;0;0;0;0;0;0;0;0;0;0;0;0;0;0;0;0;0;0;0;0;0;0;0;0;0;0;0;0;0;0;0;0;0;0;0;0;0;0;0;0;0;0;0;0;0;0;0;0;0;0;0;0;0;0;0;0;0;2;1;0;1;0;1;1;2015-09-30 16:00:00;6922;1;0;0;0;0;-1;1;-1;-1;-1;-1;-1;-1;0;0;2;1;0;3;-1;0;0;0;0;0;0;0;1;0;1;0;0;0;1;1;0;0;-1;-1;0;0;-1;-1;-1;-1;-1;-1;-1;-1;-1;0;0;0;0;0;0;0;0;0;0;0;0;0;Elfsborg U19;Stjarnan U19;1.4;1.5;0;0;0;0;0;0;0;0;0;0;0;0;0;0;0;4065;2;Y;Y;N;N;N;N;N
883716;679753;679652;2015/2016;complete;56424;0;-1;90;51;1;1;2;-1;-1;-1;-1;-1;2;1;0;0;-1;-1;-1;-1;-1;-1;-1;-1;-1;-1;2;1;0;0;0;0;0;0;0;0;0;0;0;0;0;0;0;0;0;0;0;0;0;0;0;0;0;0;0;0;0;0;0;0;0;0;0;0;0;0;0;0;0;0;0;0;0;0;0;0;0;0;0;0;0;0;0;0;0;0;0;0;0;0;0;0;0;0;0;0;2;0;0;1;1;2;0;2015-09-30 17:00:00;-1;1;0;0;0;0;-1;1;-1;-1;-1;-1;-1;-1;1;0;1;1;1;2;-1;0;0;0;0;0;0;0;0;0;0;0;0;0;1;1;0;0;-1;-1;0;0;-1;-1;-1;-1;-1;-1;-1;-1;-1;0;0;0;0;0;0;0;0;0;0;0;0;0;Brann U19;Anderlecht U19;0.5;1.75;0;0;0;0;0;0;0;0;0;0;0;0;0;0;0;4065;2;Y;Y;N;N;N;N;Y
883718;4174;679750;2015/2016;complete;56424;0;-1;3,13,58,60,62;58,69,76;5;3;8;-1;-1;-1;-1;-1;0;3;0;0;-1;-1;-1;-1;-1;-1;-1;-1;-1;-1;0;3;0;0;0;0;0;0;0;0;0;0;0;0;0;0;0;0;0;0;0;0;0;0;0;0;0;0;0;0;0;0;0;0;0;0;0;0;0;0;0;0;0;0;0;0;0;0;0;0;0;0;0;0;0;0;0;0;0;0;0;0;0;0;0;0;0;0;0;0;8;2;0;3;3;6;2;2015-09-30 17:00:00;4174;1;0;0;0;0;-1;1;-1;-1;-1;-1;-1;-1;0;1;0;2;1;2;-1;0;0;0;0;0;0;0;1;1;1;1;0;0;1;1;1;0;-1;-1;0;1;-1;-1;-1;-1;-1;-1;-1;-1;-1;0;0;0;0;0;0;0;0;0;0;0;0;0;Reims U19;Middlesbrough U19;1.5;1.67;0;0;0;0;0;0;0;0;0;0;0;0;0;0;0;4065;2;Y;Y;Y;Y;Y;Y;Y
883720;679652;679753;2015/2016;complete;56424;0;-1;31,40,59,82,90;;5;0;5;-1;-1;-1;-1;-1;2;3;0;0;-1;-1;-1;-1;-1;-1;-1;-1;-1;-1;2;3;0;0;0;0;0;0;0;0;0;0;0;0;0;0;0;0;0;0;0;0;0;0;0;0;0;0;0;0;0;0;0;0;0;0;0;0;0;0;0;0;0;0;0;0;0;0;0;0;0;0;0;0;0;0;0;0;0;0;0;0;0;0;0;0;0;0;0;0;5;2;0;3;0;3;2;2015-10-07 17:30:00;679652;1;100;0;0;0;-1;1;-1;-1;-1;-1;-1;-1;1;2;1;1;3;2;-1;0;0;0;0;0;0;0;0;0;0;0;0;0;1;1;0;0;-1;-1;1;0;-1;-1;-1;-1;-1;-1;-1;-1;-1;0;0;0;100;100;0;0;100;100;0;0;3;2;Anderlecht U19;Brann U19;1.75;0.5;1;1;1;1;100;100;100;0;0;0;0;0;0;0;0;4065;2;Y;Y;Y;Y;Y;N;N
883722;679709;678821;2015/2016;complete;56424;0;-1;7,27;82;2;1;3;-1;-1;-1;-1;-1;5;2;0;0;-1;-1;-1;-1;-1;-1;-1;-1;-1;-1;5;2;0;0;0;0;0;0;0;0;0;0;0;0;0;0;0;0;0;0;0;0;0;0;0;0;0;0;0;0;0;0;0;0;0;0;0;0;0;0;0;0;0;0;0;0;0;0;0;0;0;0;0;0;0;0;0;0;0;0;0;0;0;0;0;0;0;0;0;0;3;2;0;0;1;1;2;2015-10-14 18:00:00;679709;1;0;0;0;0;-1;1;-1;-1;-1;-1;-1;-1;1;0;4;2;1;6;-1;0;0;0;0;0;0;0;0;0;0;0;0;0;1;1;1;0;-1;-1;1;0;-1;-1;-1;-1;-1;-1;-1;-1;-1;0;100;100;100;100;100;100;100;100;17;4;5;4;Željezničar U19;Salzburg U19;1.5;1.2;0;3;0;3;100;0;0;0;0;100;100;100;0;0;0;4065;2;Y;Y;Y;N;N;N;Y
883724;678835;4190;2015/2016;complete;56423;3;-1;36,44,63;86;3;1;4;4;4;8;2;4;1;4;0;0;3;7;1;7;4;14;18;19;50;50;1;4;0;0;0;0;0;0;0;0;0;0;0;0;0;0;0;0;0;0;0;0;0;0;0;0;0;0;0;0;0;0;0;0;0;0;0;0;0;0;0;0;0;0;0;0;0;0;0;0;0;0;0;0;0;0;0;0;0;0;0;0;0;0;0;0;0;0;0;0;4;2;0;1;1;2;2;2015-10-20 08:00:00;678835;1;0;0;0;0;-1;1;-1;-1;-1;-1;-1;-1;1;0;0;4;1;4;-1;0;0;0;0;0;0;0;0;0;0;0;0;0;1;1;0;0;-1;-1;0;0;-1;-1;-1;-1;-1;-1;-1;-1;-1;0;0;25;50;100;0;50;100;25;11;8;3.5;1.75;Zenit U19;Olympique Lyonnais U19;1;1.86;0;3;0;3;100;100;75;50;0;75;50;25;0;0;0;4065;6;Y;Y;Y;Y;N;N;Y
883726;1741;678819;2015/2016;complete;56423;3;-1;;13,72;0;2;2;2;4;6;2;2;0;2;0;0;3;7;1;3;4;10;18;16;50;50;0;2;0;0;0;0;0;0;0;0;0;0;0;0;0;0;0;0;0;0;0;0;0;0;0;0;0;0;0;0;0;0;0;0;0;0;0;0;0;0;0;0;0;0;0;0;0;0;0;0;0;0;0;0;0;0;0;0;0;0;0;0;0;0;0;0;0;0;0;0;2;0;1;0;1;1;1;2015-10-20 11:00:00;678819;1;75;100;0;0;-1;1;-1;-1;-1;-1;-1;-1;0;0;0;2;0;2;-1;0;0;0;0;0;0;0;0;0;0;0;0;0;1;1;0;0;-1;-1;0;0;-1;-1;-1;-1;-1;-1;-1;-1;-1;25;25;75;100;100;75;100;75;50;11.5;4.5;6;3.5;Dynamo Kyiv U19;Chelsea U19;1.43;2.4;2;2;2;2;75;75;25;0;0;100;100;75;0;0;0;4065;7;Y;Y;N;N;N;N;N
883728;679650;1573;2015/2016;complete;56423;3;-1;74,78;;2;0;2;4;2;6;0;0;1;2;0;0;4;9;8;7;12;16;11;14;-1;-1;1;2;0;0;0;0;0;0;0;0;0;0;0;0;0;0;0;0;0;0;0;0;0;0;0;0;0;0;0;0;0;0;0;0;0;0;0;0;0;0;0;0;0;0;0;0;0;0;0;0;0;0;0;0;0;0;0;0;0;0;0;0;0;0;0;0;0;0;0;0;2;0;0;2;0;2;0;2015-10-20 12:00:00;679650;1;50;50;50;0;-1;1;-1;-1;-1;-1;-1;-1;0;0;1;2;0;3;-1;0;0;0;0;0;0;0;0;0;0;0;0;0;1;1;0;0;-1;-1;0;0;-1;-1;-1;-1;-1;-1;-1;-1;-1;25;25;50;75;100;50;75;100;25;9.5;0;5.5;2.75;Arsenal U19;Bayern München U19;1.43;0.67;3;0;3;0;75;75;50;25;0;75;75;0;0;0;0;4065;6;Y;Y;N;N;N;N;N
883730;678846;679674;2015/2016;complete;56423;3;-1;6,85;;2;0;2;4;3;7;0;4;2;2;0;0;6;4;5;1;11;5;13;13;-1;-1;2;2;0;0;0;0;0;0;0;0;0;0;0;0;0;0;0;0;0;0;0;0;0;0;0;0;0;0;0;0;0;0;0;0;0;0;0;0;0;0;0;0;0;0;0;0;0;0;0;0;0;0;0;0;0;0;0;0;0;0;0;0;0;0;0;0;0;0;0;0;2;1;0;1;0;1;1;2015-10-20 12:00:00;678846;1;75;50;0;0;-1;1;-1;-1;-1;-1;-1;-1;1;1;1;1;2;2;-1;0;0;0;0;0;0;0;1;0;1;0;0;0;1;1;1;0;-1;-1;0;0;-1;-1;-1;-1;-1;-1;-1;-1;-1;25;25;75;100;100;75;100;75;50;14;2;3.5;3.5;Porto U19;Maccabi Tel Aviv U19;1.33;0.17;0.5;0.5;0.5;0.5;75;75;25;0;0;100;100;75;0;0;0;4065;6;Y;Y;N;N;N;N;N
883732;679649;4648;2015/2016;complete;56423;3;-1;;21,71,75;0;3;3;5;4;9;3;3;1;4;0;0;4;8;10;11;14;19;10;18;-1;-1;1;4;0;0;0;0;0;0;0;0;0;0;0;0;0;0;0;0;0;0;0;0;0;0;0;0;0;0;0;0;0;0;0;0;0;0;0;0;0;0;0;0;0;0;0;0;0;0;0;0;0;0;0;0;0;0;0;0;0;0;0;0;0;0;0;0;0;0;0;0;3;0;1;0;2;2;1;2015-10-20 13:00:00;4648;1;25;0;0;0;-1;1;-1;-1;-1;-1;-1;-1;0;1;1;3;1;4;-1;0;0;0;0;0;0;0;0;0;0;0;0;0;1;1;0;0;-1;-1;0;0;-1;-1;-1;-1;-1;-1;-1;-1;-1;0;0;0;25;50;0;0;50;25;3.5;1;5;0.75;BATE U19;Barcelona U19;0.33;1.88;0.5;1;0.5;1;100;100;100;75;50;75;25;0;0;0;0;4065;6;Y;Y;Y;N;N;N;N
883734;1898;677021;2015/2016;complete;56423;3;-1;84,90;25,73;2;2;4;4;0;4;4;2;4;3;0;1;4;2;8;2;12;4;12;15;50;50;4;4;0;0;0;0;0;0;0;0;0;0;0;0;0;0;0;0;0;0;0;0;0;0;0;0;0;0;0;0;0;0;0;0;0;0;0;0;0;0;0;0;0;0;0;0;0;0;0;0;0;0;0;0;0;0;0;0;0;0;0;0;0;0;0;0;0;0;0;0;4;0;1;2;1;3;1;2015-10-20 13:00:00;-1;1;50;50;50;0;-1;1;-1;-1;-1;-1;-1;-1;1;0;3;4;1;7;-1;0;0;0;0;0;0;0;0;1;0;1;0;0;1;1;0;0;-1;-1;0;0;-1;-1;-1;-1;-1;-1;-1;-1;-1;25;25;50;75;100;50;75;100;25;8;1.5;2.5;2.75;Dinamo Zagreb U19;Olympiakos CFP U19;1.86;1.67;1.5;1.5;1.5;1.5;75;75;50;25;0;50;50;0;0;0;0;4065;6;Y;Y;Y;Y;N;N;Y
883736;1590;8443;2015/2016;complete;56423;3;-1;38,90;55;2;1;3;10;3;13;3;2;2;4;0;0;6;2;7;4;13;6;18;28;50;50;2;4;0;0;0;0;0;0;0;0;0;0;0;0;0;0;0;0;0;0;0;0;0;0;0;0;0;0;0;0;0;0;0;0;0;0;0;0;0;0;0;0;0;0;0;0;0;0;0;0;0;0;0;0;0;0;0;0;0;0;0;0;0;0;0;0;0;0;0;0;3;1;0;1;1;2;1;2015-10-20 14:00:00;1590;1;25;0;0;0;-1;1;-1;-1;-1;-1;-1;-1;0;0;2;4;0;6;-1;0;0;0;0;0;0;0;0;0;0;0;0;0;1;1;0;0;-1;-1;0;0;-1;-1;-1;-1;-1;-1;-1;-1;-1;0;0;0;25;50;0;0;50;25;16;6.5;6;0.75;Bayer Leverkusen U19;Roma U19;1.33;1.44;2;1;2;1;100;100;100;75;50;75;50;0;0;0;0;4065;6;Y;Y;Y;N;N;N;Y
883739;4616;679747;2015/2016;complete;56423;3;-1;10,42,64,82,88;67;5;1;6;7;1;8;6;2;1;2;0;0;5;0;10;5;15;5;16;18;-1;-1;1;2;0;0;0;0;0;0;0;0;0;0;0;0;0;0;0;0;0;0;0;0;0;0;0;0;0;0;0;0;0;0;0;0;0;0;0;0;0;0;0;0;0;0;0;0;0;0;0;0;0;0;0;0;0;0;0;0;0;0;0;0;0;0;0;0;0;0;0;0;6;2;0;3;1;4;2;2015-10-20 14:00:00;4616;1;0;0;0;0;-1;1;-1;-1;-1;-1;-1;-1;1;1;0;1;2;1;-1;0;0;0;0;0;0;0;0;0;0;0;0;0;1;1;1;0;-1;-1;0;0;-1;-1;-1;-1;-1;-1;-1;-1;-1;0;0;25;50;100;0;50;100;25;8;6;3;1.75;Valencia U19;Gent U19;1.88;0.5;1.5;1.5;1.5;1.5;100;100;75;50;0;75;50;25;0;0;0;4065;6;Y;Y;Y;Y;Y;Y;Y
883741;678816;679752;2015/2016;complete;56424;0;-1;;52;0;1;1;2;2;4;2;0;2;3;0;0;3;2;3;9;6;11;15;20;50;50;2;3;0;0;0;0;0;0;0;0;0;0;0;0;0;0;0;0;0;0;0;0;0;0;0;0;0;0;0;0;0;0;0;0;0;0;0;0;0;0;0;0;0;0;0;0;0;0;0;0;0;0;0;0;0;0;0;0;0;0;0;0;0;0;0;0;0;0;0;0;1;0;0;0;1;1;0;2015-10-20 14:00:00;679752;1;0;0;0;0;-1;1;-1;-1;-1;-1;-1;-1;0;0;2;3;0;5;-1;0;0;0;0;0;0;0;0;0;0;0;0;0;1;1;0;0;-1;-1;0;0;-1;-1;-1;-1;-1;-1;-1;-1;-1;0;0;0;0;100;0;100;0;0;0;0;14;1;Domžale U19;Rad U19;1.5;1;3;0;3;0;100;100;100;100;0;0;0;0;0;0;0;4065;2;Y;N;N;N;N;N;N
883743;679541;679755;2015/2016;complete;56424;0;-1;45,53,57;63;3;1;4;3;10;13;0;2;0;5;0;0;10;8;2;3;12;11;15;11;-1;-1;0;5;0;0;0;0;0;0;0;0;0;0;0;0;0;0;0;0;0;0;0;0;0;0;0;0;0;0;0;0;0;0;0;0;0;0;0;0;0;0;0;0;0;0;0;0;0;0;0;0;0;0;0;0;0;0;0;0;0;0;0;0;0;0;0;0;0;0;0;0;4;1;0;2;1;3;1;2015-10-20 16:00:00;679541;1;100;0;0;0;-1;1;-1;-1;-1;-1;-1;-1;0;1;0;4;1;4;-1;0;0;0;0;0;0;0;1;1;1;1;0;0;1;1;0;0;-1;-1;0;0;-1;-1;-1;-1;-1;-1;-1;-1;-1;0;0;100;100;100;0;100;100;100;8;1;3;3;Legia Warszawa U19;Lovech U19;1.5;0;3;0;3;0;100;100;0;0;0;0;0;0;0;0;0;4065;2;Y;Y;Y;Y;N;N;Y
883745;679689;679664;2015/2016;complete;56424;0;-1;61;87;1;1;2;7;6;13;1;0;2;2;0;0;7;3;4;3;11;6;10;15;-1;-1;2;2;0;0;0;0;0;0;0;0;0;0;0;0;0;0;0;0;0;0;0;0;0;0;0;0;0;0;0;0;0;0;0;0;0;0;0;0;0;0;0;0;0;0;0;0;0;0;0;0;0;0;0;0;0;0;0;0;0;0;0;0;0;0;0;0;0;0;0;0;2;0;0;1;1;2;0;2015-10-20 18:00:00;-1;1;0;0;0;0;-1;1;-1;-1;-1;-1;-1;-1;0;2;2;0;2;2;-1;0;0;0;0;0;0;0;0;0;0;0;0;0;1;1;0;0;-1;-1;0;0;-1;-1;-1;-1;-1;-1;-1;-1;-1;100;100;100;100;100;100;100;100;100;13;2;0;5;Celtic U19;HJK U19;1.6;0.5;3;0;3;0;0;0;0;0;0;100;100;100;0;0;0;4065;2;Y;Y;N;N;N;N;Y
883747;6988;678813;2015/2016;complete;56423;3;-1;15,23,28,30,36,56,75;21;7;1;8;12;0;12;3;0;2;2;0;0;12;0;8;3;20;3;13;15;50;50;2;2;0;0;0;0;0;0;0;0;0;0;0;0;0;0;0;0;0;0;0;0;0;0;0;0;0;0;0;0;0;0;0;0;0;0;0;0;0;0;0;0;0;0;0;0;0;0;0;0;0;0;0;0;0;0;0;0;0;0;0;0;0;0;0;0;0;0;0;0;8;5;1;2;0;2;6;2015-10-21 10:00:00;6988;1;50;0;50;0;-1;1;-1;-1;-1;-1;-1;-1;1;0;1;2;1;3;-1;0;0;0;0;0;0;0;1;0;1;0;0;0;1;1;0;0;-1;-1;0;0;-1;-1;-1;-1;-1;-1;-1;-1;-1;25;50;100;100;100;25;100;100;100;1.5;0.5;3;4.5;Atlético Madrid U19;Astana U19;2;0;1.5;0;1.5;0;75;50;0;0;0;50;25;25;0;0;0;4065;6;Y;Y;Y;Y;Y;Y;Y
883748;679651;679673;2015/2016;complete;56423;3;-1;14,45,55,88;;4;0;4;2;3;5;0;5;3;2;0;0;7;7;3;3;10;10;24;9;50;50;3;2;0;0;0;0;0;0;0;0;0;0;0;0;0;0;0;0;0;0;0;0;0;0;0;0;0;0;0;0;0;0;0;0;0;0;0;0;0;0;0;0;0;0;0;0;0;0;0;0;0;0;0;0;0;0;0;0;0;0;0;0;0;0;0;0;0;0;0;0;4;2;0;2;0;2;2;2015-10-21 11:00:00;679651;1;50;0;0;0;-1;1;-1;-1;-1;-1;-1;-1;0;1;3;1;1;4;-1;0;0;0;0;0;0;0;2;0;2;0;0;0;1;1;0;0;-1;-1;0;0;-1;-1;-1;-1;-1;-1;-1;-1;-1;25;25;50;75;75;25;75;75;50;10.5;2;3.5;2.75;CSKA Moskva U19;Manchester United U19;1.29;1.33;2;2;2;2;75;75;50;25;25;100;100;100;0;0;0;4065;6;Y;Y;Y;Y;N;N;N
883751;678199;678844;2015/2016;complete;56423;3;-1;16;24,27,32,34,58,63,65,72,76,78,90;1;11;12;-1;-1;-1;-1;-1;1;0;0;0;-1;-1;-1;-1;-1;-1;-1;-1;-1;-1;1;0;0;0;0;0;0;0;0;0;0;0;0;0;0;0;0;0;0;0;0;0;0;0;0;0;0;0;0;0;0;0;0;0;0;0;0;0;0;0;0;0;0;0;0;0;0;0;0;0;0;0;0;0;0;0;0;0;0;0;0;0;0;0;0;0;0;0;0;0;12;1;4;0;7;7;5;2015-10-21 11:00:00;678844;1;50;0;50;0;-1;1;-1;-1;-1;-1;-1;-1;0;0;1;0;0;1;-1;0;0;0;0;0;0;0;1;1;1;1;0;0;1;1;0;0;-1;-1;0;0;-1;-1;-1;-1;-1;-1;-1;-1;-1;25;50;100;100;100;25;100;100;100;25;1.5;4.5;4.5;Galatasaray U19;Benfica U19;1;2.13;1.5;3;1.5;3;75;50;0;0;0;100;50;50;0;0;0;4065;6;Y;Y;Y;Y;Y;Y;Y
883753;678213;679754;2015/2016;complete;56424;0;-1;36,61,63,86;;4;0;4;-1;-1;-1;-1;-1;0;2;0;0;-1;-1;-1;-1;-1;-1;-1;-1;-1;-1;0;2;0;0;0;0;0;0;0;0;0;0;0;0;0;0;0;0;0;0;0;0;0;0;0;0;0;0;0;0;0;0;0;0;0;0;0;0;0;0;0;0;0;0;0;0;0;0;0;0;0;0;0;0;0;0;0;0;0;0;0;0;0;0;0;0;0;0;0;0;4;1;0;3;0;3;1;2015-10-21 11:00:00;678213;1;0;0;0;0;-1;1;-1;-1;-1;-1;-1;-1;0;0;0;2;0;2;-1;0;0;0;0;0;0;0;0;0;0;0;0;0;1;1;0;0;-1;-1;0;0;-1;-1;-1;-1;-1;-1;-1;-1;-1;0;0;0;100;100;0;100;100;0;0;0;9;2;Beşiktaş U19;Aktobe U19;2.25;0;3;0;3;0;100;100;100;0;0;0;0;0;0;0;0;4065;2;Y;Y;Y;Y;N;N;N
883754;4198;4668;2015/2016;complete;56423;3;-1;40,51,83,90;57;4;1;5;10;5;15;1;0;2;3;0;0;7;4;2;4;9;8;15;17;50;50;2;3;0;0;0;0;0;0;0;0;0;0;0;0;0;0;0;0;0;0;0;0;0;0;0;0;0;0;0;0;0;0;0;0;0;0;0;0;0;0;0;0;0;0;0;0;0;0;0;0;0;0;0;0;0;0;0;0;0;0;0;0;0;0;0;0;0;0;0;0;5;1;0;3;1;4;1;2015-10-21 12:00:00;4198;1;25;0;0;0;-1;1;-1;-1;-1;-1;-1;-1;0;1;2;2;1;4;-1;0;0;0;0;0;0;0;0;0;0;0;0;0;1;1;0;0;-1;-1;0;0;-1;-1;-1;-1;-1;-1;-1;-1;-1;25;50;50;50;75;50;50;75;50;17;0;3;2.5;PSG U19;Real Madrid U19;2.2;2.1;2;1.5;2;1.5;75;50;50;50;25;100;100;100;0;0;0;4065;10;Y;Y;Y;Y;Y;N;Y
883756;679749;4618;2015/2016;complete;56424;0;-1;90;56,85;1;2;3;-1;-1;-1;-1;-1;3;5;0;1;-1;-1;-1;-1;-1;-1;-1;-1;-1;-1;3;6;0;0;0;0;0;0;0;0;0;0;0;0;0;0;0;0;0;0;0;0;0;0;0;0;0;0;0;0;0;0;0;0;0;0;0;0;0;0;0;0;0;0;0;0;0;0;0;0;0;0;0;0;0;0;0;0;0;0;0;0;0;0;0;0;0;0;0;0;3;0;0;1;2;3;0;2015-10-21 12:00:00;4618;1;100;0;0;0;-1;1;-1;-1;-1;-1;-1;-1;1;3;2;3;4;5;-1;0;0;0;0;0;0;0;0;0;0;0;0;0;1;1;0;0;-1;-1;0;0;-1;-1;-1;-1;-1;-1;-1;-1;-1;100;100;100;100;100;0;100;100;100;7;6;7;5;Servette U19;Villarreal U19;1;1.5;3;0;3;0;0;0;0;0;0;0;0;0;0;0;0;4065;2;Y;Y;Y;N;N;N;Y
883758;8434;1601;2015/2016;complete;56423;3;-1;38,90;48;2;1;3;7;1;8;4;3;2;2;0;0;10;8;10;7;20;15;25;15;50;50;2;2;0;0;0;0;0;0;0;0;0;0;0;0;0;0;0;0;0;0;0;0;0;0;0;0;0;0;0;0;0;0;0;0;0;0;0;0;0;0;0;0;0;0;0;0;0;0;0;0;0;0;0;0;0;0;0;0;0;0;0;0;0;0;0;0;0;0;0;0;3;1;0;1;1;2;1;2015-10-21 12:30:00;8434;1;75;50;50;0;-1;1;-1;-1;-1;-1;-1;-1;0;1;2;1;1;3;-1;0;0;0;0;0;0;0;0;0;0;0;0;0;1;1;0;0;-1;-1;0;0;-1;-1;-1;-1;-1;-1;-1;-1;-1;50;50;75;75;100;50;100;75;75;5;0.5;6.5;3.75;Juventus U19;Borussia M'gladbach U19;1;0.83;0;0;0;0;50;50;25;25;0;50;50;50;0;0;0;4065;6;Y;Y;Y;N;N;N;Y
883760;6927;1752;2015/2016;complete;56423;3;-1;16,27,46,59,80;13,53,61,62,87;5;5;10;-1;-1;-1;-1;-1;1;0;0;0;-1;-1;-1;-1;-1;-1;-1;-1;-1;-1;1;0;0;0;0;0;0;0;0;0;0;0;0;0;0;0;0;0;0;0;0;0;0;0;0;0;0;0;0;0;0;0;0;0;0;0;0;0;0;0;0;0;0;0;0;0;0;0;0;0;0;0;0;0;0;0;0;0;0;0;0;0;0;0;0;0;0;0;0;0;10;2;1;3;4;7;3;2015-10-21 13:30:00;-1;1;25;0;0;0;-1;1;-1;-1;-1;-1;-1;-1;1;0;0;0;1;0;-1;0;0;0;0;0;0;0;0;0;0;0;0;0;1;1;0;0;-1;-1;0;0;-1;-1;-1;-1;-1;-1;-1;-1;-1;25;50;50;50;75;50;50;75;50;4;2;4;2.5;Malmö FF U19;Shakhtar Donetsk U19;0.83;0.67;2;0;2;0;75;50;50;50;25;50;50;50;0;0;0;4065;6;Y;Y;Y;Y;Y;Y;Y
883762;1602;679668;2015/2016;complete;56423;3;-1;8,41,75,90;13;4;1;5;2;6;8;3;1;2;2;0;0;4;6;2;5;6;11;13;9;-1;-1;2;2;0;0;0;0;0;0;0;0;0;0;0;0;0;0;0;0;0;0;0;0;0;0;0;0;0;0;0;0;0;0;0;0;0;0;0;0;0;0;0;0;0;0;0;0;0;0;0;0;0;0;0;0;0;0;0;0;0;0;0;0;0;0;0;0;0;0;0;0;5;2;1;2;0;2;3;2015-10-21 14:00:00;1602;1;50;0;0;0;-1;1;-1;-1;-1;-1;-1;-1;2;2;0;0;4;0;-1;0;0;0;0;0;0;0;1;0;1;0;0;0;1;1;1;0;-1;-1;0;0;-1;-1;-1;-1;-1;-1;-1;-1;-1;25;25;50;75;75;25;75;75;50;16;8;4.5;2.75;Wolfsburg U19;PSV U19;1.17;1.57;0.5;0.5;0.5;0.5;75;75;50;25;25;100;100;100;0;0;0;4065;6;Y;Y;Y;Y;Y;N;Y
883764;679751;679698;2015/2016;complete;56424;0;-1;;;0;0;0;-1;-1;-1;-1;-1;2;4;0;0;-1;-1;-1;-1;-1;-1;-1;-1;-1;-1;2;4;0;0;0;0;0;0;0;0;0;0;0;0;0;0;0;0;0;0;0;0;0;0;0;0;0;0;0;0;0;0;0;0;0;0;0;0;0;0;0;0;0;0;0;0;0;0;0;0;0;0;0;0;0;0;0;0;0;0;0;0;0;0;0;0;0;0;0;0;0;0;0;0;0;0;0;2015-10-21 14:00:00;-1;1;0;0;0;0;-1;1;-1;-1;-1;-1;-1;-1;1;0;1;4;1;5;-1;0;0;0;0;0;0;0;0;0;0;0;0;0;1;1;0;0;-1;-1;0;0;-1;-1;-1;-1;-1;-1;-1;-1;-1;0;100;100;100;100;0;0;100;100;8;7;3;4;Rəvan U19;Spartak Moskva U19;0.5;1;0;3;0;3;100;0;0;0;0;0;0;0;0;0;0;4065;2;N;N;N;N;N;N;N
883766;679708;3706;2015/2016;complete;56424;0;-1;48;27,82;1;2;3;2;1;3;1;3;2;1;0;0;3;13;3;6;6;19;12;22;-1;-1;2;1;0;0;0;0;0;0;0;0;0;0;0;0;0;0;0;0;0;0;0;0;0;0;0;0;0;0;0;0;0;0;0;0;0;0;0;0;0;0;0;0;0;0;0;0;0;0;0;0;0;0;0;0;0;0;0;0;0;0;0;0;0;0;0;0;0;0;0;0;3;0;1;1;1;2;1;2015-10-21 14:00:00;3706;1;0;0;0;0;-1;1;-1;-1;-1;-1;-1;-1;1;0;1;1;1;2;-1;0;0;0;0;0;0;0;1;1;1;1;0;0;1;1;0;0;-1;-1;0;0;-1;-1;-1;-1;-1;-1;-1;-1;-1;0;0;0;100;100;0;100;100;0;0;0;6;2;Zimbru U19;Příbram U19;0;2;0;3;0;3;100;100;100;0;0;0;0;0;0;0;0;4065;2;Y;Y;Y;N;N;N;Y
883768;678820;678841;2015/2016;complete;56424;0;-1;54,61,62,69,86;28;5;1;6;3;7;10;4;0;1;4;0;2;5;4;10;3;15;7;13;22;50;50;1;7;0;0;0;0;0;0;0;0;0;0;0;0;0;0;0;0;0;0;0;0;0;0;0;0;0;0;0;0;0;0;0;0;0;0;0;0;0;0;0;0;0;0;0;0;0;0;0;0;0;0;0;0;0;0;0;0;0;0;0;0;0;0;0;0;0;0;0;0;6;0;1;5;0;5;1;2015-10-21 15:00:00;678820;1;100;0;0;0;-1;1;-1;-1;-1;-1;-1;-1;0;2;1;4;2;5;-1;0;0;0;0;0;0;0;1;0;1;0;0;0;1;1;0;0;-1;-1;0;1;-1;-1;-1;-1;-1;-1;-1;-1;-1;0;100;100;100;100;100;100;100;0;11;1;3;4;Viitorul U19;Minsk U19;1.25;0.5;1;1;1;1;100;0;0;0;0;100;100;100;0;0;0;4065;2;Y;Y;Y;Y;Y;Y;Y
883770;679696;9428;2015/2016;complete;56424;0;-1;62;38,53;1;2;3;3;7;10;3;2;2;1;0;1;10;6;6;4;16;10;10;27;-1;-1;2;2;0;0;0;0;0;0;0;0;0;0;0;0;0;0;0;0;0;0;0;0;0;0;0;0;0;0;0;0;0;0;0;0;0;0;0;0;0;0;0;0;0;0;0;0;0;0;0;0;0;0;0;0;0;0;0;0;0;0;0;0;0;0;0;0;0;0;0;0;3;0;1;1;1;2;1;2015-10-21 15:00:00;9428;1;100;0;0;0;-1;1;-1;-1;-1;-1;-1;-1;0;0;2;2;0;4;-1;0;0;0;0;0;0;0;0;0;0;0;0;0;1;1;0;0;-1;-1;0;0;-1;-1;-1;-1;-1;-1;-1;-1;-1;0;100;100;100;100;100;100;100;100;4;2;5;4;Saburtalo U19;Midtjylland U19;0;2.17;0;3;0;3;100;0;0;0;0;0;0;0;0;0;0;4065;2;Y;Y;Y;N;N;N;Y
883772;678825;4615;2015/2016;complete;56423;3;-1;31;80;1;1;2;2;2;4;2;2;2;5;0;0;4;3;7;3;11;6;19;19;50;50;2;5;0;0;0;0;0;0;0;0;0;0;0;0;0;0;0;0;0;0;0;0;0;0;0;0;0;0;0;0;0;0;0;0;0;0;0;0;0;0;0;0;0;0;0;0;0;0;0;0;0;0;0;0;0;0;0;0;0;0;0;0;0;0;0;0;0;0;0;0;2;1;0;0;1;1;1;2015-10-21 16:00:00;-1;1;75;50;0;0;-1;1;-1;-1;-1;-1;-1;-1;1;3;1;2;4;3;-1;0;0;0;0;0;0;0;0;0;0;0;0;0;1;1;0;0;-1;-1;0;1;-1;-1;-1;-1;-1;-1;-1;-1;-1;50;50;75;75;100;50;100;75;75;7;1.5;4;3.75;Manchester City U19;Sevilla U19;1.57;1.57;3;3;3;3;50;50;25;25;0;25;25;25;0;0;0;4065;7;Y;Y;N;N;N;N;Y
883774;679740;678831;2015/2016;complete;56424;0;-1;20,37,54,73,78,89;15;6;1;7;5;4;9;1;3;2;1;0;1;5;2;8;0;13;2;18;10;-1;-1;2;3;0;0;0;0;0;0;0;0;0;0;0;0;0;0;0;0;0;0;0;0;0;0;0;0;0;0;0;0;0;0;0;0;0;0;0;0;0;0;0;0;0;0;0;0;0;0;0;0;0;0;0;0;0;0;0;0;0;0;0;0;0;0;0;0;0;0;0;0;7;2;1;4;0;4;3;2015-10-21 16:00:00;679740;1;100;0;0;0;-1;1;-1;-1;-1;-1;-1;-1;1;0;1;2;1;3;-1;0;0;0;0;0;0;0;2;0;2;0;0;0;1;1;0;0;-1;-1;0;0;-1;-1;-1;-1;-1;-1;-1;-1;-1;100;100;100;100;100;100;100;100;100;9;3;8;6;Puskás Akadémia U19;APOEL U19;1.75;0.5;1;1;1;1;0;0;0;0;0;100;0;0;0;0;0;4065;2;Y;Y;Y;Y;Y;Y;Y
883776;8467;668319;2015/2016;complete;56424;0;-1;40,90;38;2;1;3;6;2;8;1;1;1;3;0;0;5;2;10;3;15;5;17;22;-1;-1;1;3;0;0;0;0;0;0;0;0;0;0;0;0;0;0;0;0;0;0;0;0;0;0;0;0;0;0;0;0;0;0;0;0;0;0;0;0;0;0;0;0;0;0;0;0;0;0;0;0;0;0;0;0;0;0;0;0;0;0;0;0;0;0;0;0;0;0;0;0;3;1;1;1;0;1;2;2015-10-21 16:30:00;8467;1;0;0;0;0;-1;1;-1;-1;-1;-1;-1;-1;1;1;0;2;2;2;-1;0;0;0;0;0;0;0;0;0;0;0;0;0;1;1;0;0;-1;-1;0;0;-1;-1;-1;-1;-1;-1;-1;-1;-1;0;0;0;0;0;0;0;0;0;0;0;7;0;Torino U19;Senica U19;1.25;0.5;1;1;1;1;100;100;100;100;100;0;0;0;0;0;0;4065;2;Y;Y;Y;N;N;N;Y
883778;678845;1596;2015/2016;complete;56424;0;-1;40,62;;2;0;2;1;3;4;0;4;3;2;0;0;9;7;3;3;12;10;19;21;50;50;3;2;0;0;0;0;0;0;0;0;0;0;0;0;0;0;0;0;0;0;0;0;0;0;0;0;0;0;0;0;0;0;0;0;0;0;0;0;0;0;0;0;0;0;0;0;0;0;0;0;0;0;0;0;0;0;0;0;0;0;0;0;0;0;0;0;0;0;0;0;2;1;0;1;0;1;1;2015-10-21 17:00:00;678845;1;100;0;0;0;-1;1;-1;-1;-1;-1;-1;-1;0;1;3;1;1;4;-1;0;0;0;0;0;0;0;0;0;0;0;0;0;1;1;0;0;-1;-1;0;0;-1;-1;-1;-1;-1;-1;-1;-1;-1;100;100;100;100;100;100;100;100;100;0;0;4;5;Ajax U19;Schalke 04 U19;2.57;0;3;0;3;0;0;0;0;0;0;0;0;0;0;0;0;4065;2;Y;Y;N;N;N;N;N
883780;679748;6922;2015/2016;complete;56424;0;-1;3;;1;0;1;2;13;15;2;6;0;1;0;0;5;17;1;2;6;19;8;7;-1;-1;0;1;0;0;0;0;0;0;0;0;0;0;0;0;0;0;0;0;0;0;0;0;0;0;0;0;0;0;0;0;0;0;0;0;0;0;0;0;0;0;0;0;0;0;0;0;0;0;0;0;0;0;0;0;0;0;0;0;0;0;0;0;0;0;0;0;0;0;0;0;1;1;0;0;0;0;1;2015-10-21 18:00:00;679748;1;0;0;0;0;-1;1;-1;-1;-1;-1;-1;-1;0;1;0;0;1;0;-1;0;0;0;0;0;0;0;0;0;0;0;0;0;1;1;1;0;-1;-1;0;0;-1;-1;-1;-1;-1;-1;-1;-1;-1;0;0;0;100;100;0;100;100;0;0;0;3;2;Stjarnan U19;Elfsborg U19;1.5;1.4;0;3;0;3;100;100;100;0;0;0;0;0;0;0;0;4065;2;Y;N;N;N;N;N;N
883782;679750;4174;2015/2016;complete;56424;0;-1;75,79,90;;3;0;3;7;2;9;2;1;3;2;0;1;6;6;5;2;11;8;20;9;-1;-1;3;4;0;0;0;0;0;0;0;0;0;0;0;0;0;0;0;0;0;0;0;0;0;0;0;0;0;0;0;0;0;0;0;0;0;0;0;0;0;0;0;0;0;0;0;0;0;0;0;0;0;0;0;0;0;0;0;0;0;0;0;0;0;0;0;0;0;0;0;0;3;0;0;3;0;3;0;2015-10-21 18:00:00;679750;1;100;0;0;0;-1;1;-1;-1;-1;-1;-1;-1;1;1;2;2;2;4;-1;0;0;0;0;0;0;0;1;0;1;0;0;0;1;1;0;0;-1;-1;0;0;-1;-1;-1;-1;-1;-1;-1;-1;-1;100;100;100;100;100;100;100;100;100;0;0;3;8;Middlesbrough U19;Reims U19;1.67;1.5;0;3;0;3;0;0;0;0;0;0;0;0;0;0;0;4065;2;Y;Y;Y;N;N;N;N
883784;678813;6988;2015/2016;complete;56423;4;-1;;6,28,45,52,57,57,59,79,84;0;9;9;0;9;9;2;1;2;0;0;0;2;13;0;11;2;24;21;17;50;50;2;0;0;0;0;0;0;0;0;0;0;0;0;0;0;0;0;0;0;0;0;0;0;0;0;0;0;0;0;0;0;0;0;0;0;0;0;0;0;0;0;0;0;0;0;0;0;0;0;0;0;0;0;0;0;0;0;0;0;0;0;0;0;0;0;0;0;0;0;0;9;0;3;0;6;6;3;2015-11-03 07:00:00;6988;1;67;0;0;0;-1;1;-1;-1;-1;-1;-1;-1;2;0;0;0;2;0;-1;0;0;0;0;0;0;0;0;0;0;0;0;0;1;1;0;1;-1;-1;1;0;-1;-1;-1;-1;-1;-1;-1;-1;-1;50;67;100;100;100;50;100;100;100;13;1.33;3.33;5.67;Astana U19;Atlético Madrid U19;0;2;0;2;0;2;50;33;0;0;0;100;84;84;0;0;0;4065;6;Y;Y;Y;Y;Y;Y;N
883786;1752;6927;2015/2016;complete;56423;4;-1;40,65,84;17;3;1;4;8;7;15;3;0;1;2;0;0;3;4;9;5;12;9;3;14;50;50;1;2;0;0;0;0;0;0;0;0;0;0;0;0;0;0;0;0;0;0;0;0;0;0;0;0;0;0;0;0;0;0;0;0;0;0;0;0;0;0;0;0;0;0;0;0;0;0;0;0;0;0;0;0;0;0;0;0;0;0;0;0;0;0;0;0;0;0;0;0;4;1;1;2;0;2;2;2015-11-03 12:00:00;1752;1;50;0;50;0;-1;1;-1;-1;-1;-1;-1;-1;0;0;1;2;0;3;-1;0;0;0;0;0;0;0;1;0;1;0;0;0;1;1;0;0;-1;-1;0;0;-1;-1;-1;-1;-1;-1;-1;-1;-1;50;67;67;67;84;67;67;84;67;4;0.67;3;5;Shakhtar Donetsk U19;Malmö FF U19;0.67;0.83;0.33;1.67;0.33;1.67;50;34;34;34;17;50;50;50;0;0;0;4065;6;Y;Y;Y;Y;N;N;Y
883788;1601;8434;2015/2016;complete;56423;4;-1;4,35,51;90,90;3;2;5;-1;-1;-1;-1;-1;2;3;0;0;-1;-1;-1;-1;-1;-1;-1;-1;-1;-1;2;3;0;0;0;0;0;0;0;0;0;0;0;0;0;0;0;0;0;0;0;0;0;0;0;0;0;0;0;0;0;0;0;0;0;0;0;0;0;0;0;0;0;0;0;0;0;0;0;0;0;0;0;0;0;0;0;0;0;0;0;0;0;0;0;0;0;0;0;0;5;2;0;1;2;3;2;2015-11-03 12:30:00;1601;1;84;50;0;0;-1;1;-1;-1;-1;-1;-1;-1;1;2;1;1;3;2;-1;0;0;0;0;0;0;0;1;0;1;0;0;0;1;1;1;0;-1;-1;0;1;-1;-1;-1;-1;-1;-1;-1;-1;-1;33;33;84;84;100;33;100;84;84;6.5;2.67;5.67;3.5;Borussia M'gladbach U19;Juventus U19;0.83;1;0;1;0;1;67;67;17;17;0;25;25;25;0;0;0;4065;6;Y;Y;Y;Y;Y;N;Y
883790;4668;4198;2015/2016;complete;56423;4;-1;22,57;;2;0;2;3;5;8;3;0;3;4;0;0;5;4;2;5;7;9;15;15;50;50;3;4;0;0;0;0;0;0;0;0;0;0;0;0;0;0;0;0;0;0;0;0;0;0;0;0;0;0;0;0;0;0;0;0;0;0;0;0;0;0;0;0;0;0;0;0;0;0;0;0;0;0;0;0;0;0;0;0;0;0;0;0;0;0;0;0;0;0;0;0;2;1;0;1;0;1;1;2015-11-03 13:00:00;4668;1;50;0;50;0;-1;1;-1;-1;-1;-1;-1;-1;1;1;2;3;2;5;-1;0;0;0;0;0;0;0;0;0;0;0;0;0;1;1;0;0;-1;-1;0;0;-1;-1;-1;-1;-1;-1;-1;-1;-1;50;67;67;67;84;33;67;84;67;16;0.34;3.66;3.33;Real Madrid U19;PSG U19;2.1;2.2;1;2.33;1;2.33;50;33;33;33;17;100;100;100;0;0;0;4065;10;Y;Y;N;N;N;N;N
883792;678844;678199;2015/2016;complete;56423;4;-1;24,60;;2;0;2;14;1;15;4;4;1;1;0;0;11;0;9;2;20;2;11;12;50;50;1;1;0;0;0;0;0;0;0;0;0;0;0;0;0;0;0;0;0;0;0;0;0;0;0;0;0;0;0;0;0;0;0;0;0;0;0;0;0;0;0;0;0;0;0;0;0;0;0;0;0;0;0;0;0;0;0;0;0;0;0;0;0;0;0;0;0;0;0;0;2;1;0;1;0;1;1;2015-11-03 13:00:00;678844;1;67;0;0;0;-1;1;-1;-1;-1;-1;-1;-1;0;1;1;0;1;1;-1;0;0;0;0;0;0;0;0;0;0;0;0;0;1;1;0;0;-1;-1;0;1;-1;-1;-1;-1;-1;-1;-1;-1;-1;50;67;100;100;100;50;100;100;100;25;0.33;3.34;7;Benfica U19;Galatasaray U19;2.13;1;3;1;3;1;50;33;0;0;0;100;50;50;0;0;0;4065;6;Y;Y;N;N;N;N;N
883794;4615;678825;2015/2016;complete;56423;4;-1;;20,90;0;2;2;5;3;8;0;0;3;4;1;1;5;9;4;3;9;12;19;15;50;50;4;6;0;0;0;0;0;0;0;0;0;0;0;0;0;0;0;0;0;0;0;0;0;0;0;0;0;0;0;0;0;0;0;0;0;0;0;0;0;0;0;0;0;0;0;0;0;0;0;0;0;0;0;0;0;0;0;0;0;0;0;0;0;0;0;0;0;0;0;0;2;0;1;0;1;1;1;2015-11-03 13:00:00;678825;1;84;50;50;0;-1;1;-1;-1;-1;-1;-1;-1;1;1;3;4;2;7;-1;0;0;0;0;0;0;0;0;0;0;0;0;0;1;1;0;0;-1;-1;0;0;-1;-1;-1;-1;-1;-1;-1;-1;-1;33;33;50;84;100;33;100;84;50;7.33;2.33;5;3.17;Sevilla U19;Manchester City U19;1.57;1.57;2.33;2.33;2.33;2.33;67;67;50;17;0;17;17;17;0;0;0;4065;7;Y;Y;N;N;N;N;N
883796;679673;679651;2015/2016;complete;56423;4;-1;;;0;0;0;13;3;16;2;3;1;2;0;0;7;2;4;0;11;2;9;19;50;50;1;2;0;0;0;0;0;0;0;0;0;0;0;0;0;0;0;0;0;0;0;0;0;0;0;0;0;0;0;0;0;0;0;0;0;0;0;0;0;0;0;0;0;0;0;0;0;0;0;0;0;0;0;0;0;0;0;0;0;0;0;0;0;0;0;0;0;0;0;0;0;0;0;0;0;0;0;2015-11-03 14:00:00;-1;1;33;0;0;0;-1;1;-1;-1;-1;-1;-1;-1;1;0;0;2;1;2;-1;0;0;0;0;0;0;0;0;0;0;0;0;0;1;1;0;0;-1;-1;0;0;-1;-1;-1;-1;-1;-1;-1;-1;-1;17;50;67;84;84;50;84;84;67;8.66;3;4;3.17;Manchester United U19;CSKA Moskva U19;1.33;1.29;1.33;2.33;1.33;2.33;84;50;33;17;17;67;67;67;0;0;0;4065;6;N;N;N;N;N;N;N
883798;679668;1602;2015/2016;complete;56423;4;-1;63,90;90;2;1;3;-1;-1;-1;-1;-1;2;0;0;0;-1;-1;-1;-1;-1;-1;-1;-1;-1;-1;2;0;0;0;0;0;0;0;0;0;0;0;0;0;0;0;0;0;0;0;0;0;0;0;0;0;0;0;0;0;0;0;0;0;0;0;0;0;0;0;0;0;0;0;0;0;0;0;0;0;0;0;0;0;0;0;0;0;0;0;0;0;0;0;0;0;0;0;0;0;3;0;0;2;1;3;0;2015-11-03 15:00:00;679668;1;67;0;0;0;-1;1;-1;-1;-1;-1;-1;-1;0;0;2;0;0;2;-1;0;0;0;0;0;0;0;0;0;0;0;0;0;1;1;0;0;-1;-1;0;0;-1;-1;-1;-1;-1;-1;-1;-1;-1;50;50;67;84;84;50;84;84;67;13.34;6.66;4.34;3.5;PSV U19;Wolfsburg U19;1.57;1.17;0.33;1.33;0.33;1.33;50;50;33;17;17;67;67;67;0;0;0;4065;6;Y;Y;Y;N;N;N;Y
883800;679698;678845;2015/2016;complete;56425;0;-1;;44,49,70;0;3;3;5;6;11;3;0;1;0;0;0;3;6;2;6;5;12;10;9;50;50;1;0;0;0;0;0;0;0;0;0;0;0;0;0;0;0;0;0;0;0;0;0;0;0;0;0;0;0;0;0;0;0;0;0;0;0;0;0;0;0;0;0;0;0;0;0;0;0;0;0;0;0;0;0;0;0;0;0;0;0;0;0;0;0;0;0;0;0;0;0;3;0;1;0;2;2;1;2015-11-04 10:00:00;678845;1;25;50;50;0;-1;1;-1;-1;-1;-1;-1;-1;0;0;1;0;0;1;-1;0;0;0;0;0;0;0;0;1;0;1;0;0;1;1;0;0;-1;-1;0;0;-1;-1;-1;-1;-1;-1;-1;-1;-1;25;50;50;75;75;25;50;75;50;6;1.5;5;2.75;Spartak Moskva U19;Ajax U19;1;2.57;2;3;2;3;75;50;50;25;25;0;0;0;0;0;0;4065;4;Y;Y;Y;N;N;N;N
883802;678213;678821;2015/2016;complete;56425;0;-1;69;;1;0;1;-1;-1;-1;-1;-1;3;3;0;0;-1;-1;-1;-1;-1;-1;-1;-1;-1;-1;3;3;0;0;0;0;0;0;0;0;0;0;0;0;0;0;0;0;0;0;0;0;0;0;0;0;0;0;0;0;0;0;0;0;0;0;0;0;0;0;0;0;0;0;0;0;0;0;0;0;0;0;0;0;0;0;0;0;0;0;0;0;0;0;0;0;0;0;0;0;1;0;0;1;0;1;0;2015-11-04 11:00:00;678213;1;25;0;0;0;-1;1;-1;-1;-1;-1;-1;-1;1;1;2;2;2;4;-1;0;0;0;0;0;0;0;0;0;0;0;0;0;1;1;0;0;-1;-1;0;0;-1;-1;-1;-1;-1;-1;-1;-1;-1;0;50;75;100;100;50;100;100;50;16;0;4.5;3.25;Beşiktaş U19;Salzburg U19;2.25;1.2;3;1.5;3;1.5;100;50;25;0;0;50;50;50;0;0;0;4065;4;Y;N;N;N;N;N;N
883804;679674;678846;2015/2016;complete;56423;4;-1;44;17,40;1;2;3;4;7;11;0;2;1;1;0;0;4;5;2;3;6;8;23;4;-1;-1;1;1;0;0;0;0;0;0;0;0;0;0;0;0;0;0;0;0;0;0;0;0;0;0;0;0;0;0;0;0;0;0;0;0;0;0;0;0;0;0;0;0;0;0;0;0;0;0;0;0;0;0;0;0;0;0;0;0;0;0;0;0;0;0;0;0;0;0;0;0;3;1;2;0;0;0;3;2015-11-04 12:00:00;678846;1;50;100;0;0;-1;1;-1;-1;-1;-1;-1;-1;1;0;0;1;1;1;-1;0;0;0;0;0;0;0;0;0;0;0;0;0;1;1;0;0;-1;-1;1;0;-1;-1;-1;-1;-1;-1;-1;-1;-1;17;17;50;100;100;50;100;84;33;11.33;2.67;3.67;3;Maccabi Tel Aviv U19;Porto U19;0.17;1.33;0.33;1.33;0.33;1.33;84;84;50;0;0;59;59;42;0;0;0;4065;6;Y;Y;Y;N;N;N;Y
883806;8443;1590;2015/2016;complete;56423;4;-1;6,27,34,57,84;83;5;1;6;2;6;8;0;2;2;1;0;0;8;5;5;5;13;10;22;10;50;50;2;1;0;0;0;0;0;0;0;0;0;0;0;0;0;0;0;0;0;0;0;0;0;0;0;0;0;0;0;0;0;0;0;0;0;0;0;0;0;0;0;0;0;0;0;0;0;0;0;0;0;0;0;0;0;0;0;0;0;0;0;0;0;0;0;0;0;0;0;0;6;3;0;2;1;3;3;2015-11-04 13:00:00;8443;1;50;0;50;0;-1;1;-1;-1;-1;-1;-1;-1;0;0;2;1;0;3;-1;0;0;0;0;0;0;0;0;0;0;0;0;0;1;1;1;0;-1;-1;0;0;-1;-1;-1;-1;-1;-1;-1;-1;-1;0;0;33;50;67;0;33;67;50;14;6;6;1.5;Roma U19;Bayer Leverkusen U19;1.44;1.33;0.67;2.33;0.67;2.33;100;100;67;50;34;84;67;42;0;0;0;4065;6;Y;Y;Y;Y;Y;Y;Y
883808;1573;679650;2015/2016;complete;56423;4;-1;10;38;1;1;2;-1;-1;-1;-1;-1;2;1;0;0;-1;-1;-1;-1;-1;-1;-1;-1;-1;-1;2;1;0;0;0;0;0;0;0;0;0;0;0;0;0;0;0;0;0;0;0;0;0;0;0;0;0;0;0;0;0;0;0;0;0;0;0;0;0;0;0;0;0;0;0;0;0;0;0;0;0;0;0;0;0;0;0;0;0;0;0;0;0;0;0;0;0;0;0;0;2;1;1;0;0;0;2;2015-11-04 13:00:00;-1;1;33;0;0;0;-1;1;-1;-1;-1;-1;-1;-1;0;1;2;0;1;2;-1;0;0;0;0;0;0;0;0;0;0;0;0;0;1;1;1;0;-1;-1;0;0;-1;-1;-1;-1;-1;-1;-1;-1;-1;17;17;33;84;100;33;50;100;50;7.83;0;4.67;2.5;Bayern München U19;Arsenal U19;0.67;1.43;0;3;0;3;84;84;67;17;0;42;42;0;0;0;0;4065;6;Y;Y;N;N;N;N;Y
883810;678819;1741;2015/2016;complete;56423;4;-1;25,57,90;46;3;1;4;1;8;9;5;2;2;1;0;0;4;5;4;5;8;10;11;14;50;50;2;1;0;0;0;0;0;0;0;0;0;0;0;0;0;0;0;0;0;0;0;0;0;0;0;0;0;0;0;0;0;0;0;0;0;0;0;0;0;0;0;0;0;0;0;0;0;0;0;0;0;0;0;0;0;0;0;0;0;0;0;0;0;0;0;0;0;0;0;0;4;1;0;2;1;3;1;2015-11-04 13:00:00;678819;1;50;50;0;0;-1;1;-1;-1;-1;-1;-1;-1;1;0;1;1;1;2;-1;0;0;0;0;0;0;0;0;0;0;0;0;0;1;1;0;0;-1;-1;0;0;-1;-1;-1;-1;-1;-1;-1;-1;-1;17;17;50;100;100;50;100;84;34;9.17;4.33;4.66;3;Chelsea U19;Dynamo Kyiv U19;2.4;1.43;2.33;1.33;2.33;1.33;84;84;50;0;0;59;59;42;0;0;0;4065;7;Y;Y;Y;Y;N;N;Y
883812;679747;4616;2015/2016;complete;56423;4;-1;;17,34,69,88;0;4;4;4;4;8;3;1;4;1;0;0;5;4;2;3;7;7;21;18;-1;-1;4;1;0;0;0;0;0;0;0;0;0;0;0;0;0;0;0;0;0;0;0;0;0;0;0;0;0;0;0;0;0;0;0;0;0;0;0;0;0;0;0;0;0;0;0;0;0;0;0;0;0;0;0;0;0;0;0;0;0;0;0;0;0;0;0;0;0;0;0;0;4;0;2;0;2;2;2;2015-11-04 13:00:00;4616;1;33;0;0;0;-1;1;-1;-1;-1;-1;-1;-1;1;0;3;1;1;4;-1;0;0;0;0;0;0;0;0;0;0;0;0;0;1;1;0;0;-1;-1;0;0;-1;-1;-1;-1;-1;-1;-1;-1;-1;33;33;50;67;100;33;67;100;50;8;6.67;3;3.17;Gent U19;Valencia U19;0.5;1.88;1;2;1;2;67;67;50;33;0;50;33;17;0;0;0;4065;6;Y;Y;Y;Y;N;N;N
883814;679752;6922;2015/2016;complete;56425;0;-1;;62;0;1;1;10;5;15;2;3;3;1;1;0;6;3;2;2;8;5;13;22;50;50;4;1;0;0;0;0;0;0;0;0;0;0;0;0;0;0;0;0;0;0;0;0;0;0;0;0;0;0;0;0;0;0;0;0;0;0;0;0;0;0;0;0;0;0;0;0;0;0;0;0;0;0;0;0;0;0;0;0;0;0;0;0;0;0;0;0;0;0;0;0;1;0;0;0;1;1;0;2015-11-04 13:00:00;6922;1;0;0;0;0;-1;1;-1;-1;-1;-1;-1;-1;1;0;3;1;1;4;-1;0;0;0;0;0;0;0;0;0;0;0;0;0;1;1;0;0;-1;-1;0;0;-1;-1;-1;-1;-1;-1;-1;-1;-1;0;0;0;25;100;0;75;50;0;15;2;6.5;1.25;Rad U19;Elfsborg U19;1;1.4;1.5;1.5;1.5;1.5;100;100;100;75;0;50;50;50;0;0;0;4065;4;Y;N;N;N;N;N;N
883816;4190;678835;2015/2016;complete;56423;4;-1;2,26,34,38,72,74;;6;0;6;-1;-1;-1;-1;-1;1;4;0;0;-1;-1;-1;-1;-1;-1;-1;-1;-1;-1;1;4;0;0;0;0;0;0;0;0;0;0;0;0;0;0;0;0;0;0;0;0;0;0;0;0;0;0;0;0;0;0;0;0;0;0;0;0;0;0;0;0;0;0;0;0;0;0;0;0;0;0;0;0;0;0;0;0;0;0;0;0;0;0;0;0;0;0;0;0;6;4;0;2;0;2;4;2015-11-04 14:00:00;4190;1;33;0;0;0;-1;1;-1;-1;-1;-1;-1;-1;1;1;0;3;2;3;-1;0;0;0;0;0;0;0;1;0;1;0;0;0;1;1;1;0;-1;-1;0;0;-1;-1;-1;-1;-1;-1;-1;-1;-1;0;33;50;67;100;33;67;100;50;10;7.34;4;2.5;Olympique Lyonnais U19;Zenit U19;1.86;1;2;1;2;1;100;67;50;33;0;50;33;17;0;0;0;4065;6;Y;Y;Y;Y;Y;Y;N
883818;4648;679649;2015/2016;complete;56423;4;-1;20,52;;2;0;2;6;2;8;5;0;0;2;0;0;8;5;7;4;15;9;5;7;-1;-1;0;2;0;0;0;0;0;0;0;0;0;0;0;0;0;0;0;0;0;0;0;0;0;0;0;0;0;0;0;0;0;0;0;0;0;0;0;0;0;0;0;0;0;0;0;0;0;0;0;0;0;0;0;0;0;0;0;0;0;0;0;0;0;0;0;0;0;0;0;0;2;1;0;1;0;1;1;2015-11-04 15:00:00;4648;1;17;0;50;0;-1;1;-1;-1;-1;-1;-1;-1;0;1;0;1;1;1;-1;0;0;0;0;0;0;0;0;0;0;0;0;0;1;1;0;0;-1;-1;0;0;-1;-1;-1;-1;-1;-1;-1;-1;-1;0;0;33;50;67;0;33;67;50;5.5;2.66;5;1.5;Barcelona U19;BATE U19;1.88;0.33;1.67;0.33;1.67;0.33;100;100;67;50;33;84;17;0;0;0;0;4065;6;Y;Y;N;N;N;N;N
883820;3706;678820;2015/2016;complete;56425;0;-1;33,72;;2;0;2;4;7;11;1;1;4;1;0;1;4;14;6;10;10;24;29;8;50;50;4;3;0;0;0;0;0;0;0;0;0;0;0;0;0;0;0;0;0;0;0;0;0;0;0;0;0;0;0;0;0;0;0;0;0;0;0;0;0;0;0;0;0;0;0;0;0;0;0;0;0;0;0;0;0;0;0;0;0;0;0;0;0;0;0;0;0;0;0;0;2;1;0;1;0;1;1;2015-11-04 16:00:00;3706;1;75;50;0;0;-1;1;-1;-1;-1;-1;-1;-1;1;1;3;1;2;4;-1;0;0;0;0;0;0;0;0;0;0;0;0;0;1;1;0;0;-1;-1;0;0;-1;-1;-1;-1;-1;-1;-1;-1;-1;25;50;75;100;100;25;100;100;50;6.5;3;2.5;3.75;Příbram U19;Viitorul U19;2;1.25;3;2;3;2;75;50;25;0;0;50;50;25;0;0;0;4065;4;Y;Y;N;N;N;N;N
883822;677021;1898;2015/2016;complete;56423;4;-1;56;2,12,85;1;3;4;8;3;11;5;2;2;3;0;0;8;0;6;3;14;3;14;22;50;50;2;3;0;0;0;0;0;0;0;0;0;0;0;0;0;0;0;0;0;0;0;0;0;0;0;0;0;0;0;0;0;0;0;0;0;0;0;0;0;0;0;0;0;0;0;0;0;0;0;0;0;0;0;0;0;0;0;0;0;0;0;0;0;0;0;0;0;0;0;0;4;0;2;1;1;2;2;2015-11-04 17:00:00;1898;1;67;0;0;0;-1;1;-1;-1;-1;-1;-1;-1;0;2;2;1;2;3;-1;0;0;0;0;0;0;0;0;0;0;0;0;0;1;1;0;1;-1;-1;0;0;-1;-1;-1;-1;-1;-1;-1;-1;-1;17;50;67;84;100;33;84;100;50;6.67;3;4.34;3.17;Olympiakos CFP U19;Dinamo Zagreb U19;1.67;1.86;1.33;1.33;1.33;1.33;84;50;33;17;0;34;34;0;0;0;0;4065;6;Y;Y;Y;Y;N;N;Y
883824;9428;679541;2015/2016;complete;56425;0;-1;63,90;;2;0;2;10;7;17;1;0;0;2;0;0;5;2;5;5;10;7;14;17;50;50;0;2;0;0;0;0;0;0;0;0;0;0;0;0;0;0;0;0;0;0;0;0;0;0;0;0;0;0;0;0;0;0;0;0;0;0;0;0;0;0;0;0;0;0;0;0;0;0;0;0;0;0;0;0;0;0;0;0;0;0;0;0;0;0;0;0;0;0;0;0;2;0;0;2;0;2;0;2015-11-04 17:00:00;9428;1;100;0;100;0;-1;1;-1;-1;-1;-1;-1;-1;0;0;0;2;0;2;-1;0;0;0;0;0;0;0;1;0;1;0;0;0;1;1;0;0;-1;-1;0;0;-1;-1;-1;-1;-1;-1;-1;-1;-1;0;50;100;100;100;25;100;100;100;10;2;3;3.5;Midtjylland U19;Legia Warszawa U19;2.17;1.5;3;3;3;3;100;50;0;0;0;50;50;25;0;0;0;4065;4;Y;Y;N;N;N;N;N
883826;679740;679689;2015/2016;complete;56425;0;-1;90;;1;0;1;13;6;19;1;5;2;3;0;1;6;5;8;1;14;6;13;8;-1;-1;2;5;0;0;0;0;0;0;0;0;0;0;0;0;0;0;0;0;0;0;0;0;0;0;0;0;0;0;0;0;0;0;0;0;0;0;0;0;0;0;0;0;0;0;0;0;0;0;0;0;0;0;0;0;0;0;0;0;0;0;0;0;0;0;0;0;0;0;0;0;1;0;0;1;0;1;0;2015-11-04 17:00:00;679740;1;75;50;0;0;-1;1;-1;-1;-1;-1;-1;-1;0;1;2;3;1;5;-1;0;0;0;0;0;0;0;0;0;0;0;0;0;1;1;0;0;-1;-1;0;0;-1;-1;-1;-1;-1;-1;-1;-1;-1;75;75;75;100;100;75;75;100;100;12;2;4.5;5;Puskás Akadémia U19;Celtic U19;1.75;1.6;2;2;2;2;25;25;25;0;0;100;50;50;0;0;0;4065;4;Y;N;N;N;N;N;N
883828;679750;8467;2015/2016;complete;56425;0;-1;77,84,87;;3;0;3;8;4;12;4;3;1;2;0;0;8;5;6;6;14;11;13;11;-1;-1;1;2;0;0;0;0;0;0;0;0;0;0;0;0;0;0;0;0;0;0;0;0;0;0;0;0;0;0;0;0;0;0;0;0;0;0;0;0;0;0;0;0;0;0;0;0;0;0;0;0;0;0;0;0;0;0;0;0;0;0;0;0;0;0;0;0;0;0;0;0;3;0;0;3;0;3;0;2015-11-05 19:00:00;679750;1;50;0;0;0;-1;1;-1;-1;-1;-1;-1;-1;1;0;0;2;1;2;-1;0;0;0;0;0;0;0;0;0;0;0;0;0;1;1;0;0;-1;-1;0;0;-1;-1;-1;-1;-1;-1;-1;-1;-1;25;25;75;75;75;50;50;75;50;13;0.5;5;3.5;Middlesbrough U19;Torino U19;1.67;1.25;1.5;2;1.5;2;75;75;25;25;25;50;0;0;0;0;0;4065;4;Y;Y;Y;N;N;N;N
883830;678835;4616;2015/2016;complete;56423;5;-1;;73;0;1;1;4;3;7;3;5;2;1;0;0;7;5;7;6;14;11;18;12;50;50;2;1;0;0;0;0;0;0;0;0;0;0;0;0;0;0;0;0;0;0;0;0;0;0;0;0;0;0;0;0;0;0;0;0;0;0;0;0;0;0;0;0;0;0;0;0;0;0;0;0;0;0;0;0;0;0;0;0;0;0;0;0;0;0;0;0;0;0;0;0;1;0;0;0;1;1;0;2015-11-24 08:00:00;4616;1;25;0;25;0;-1;1;-1;-1;-1;-1;-1;-1;1;0;1;1;1;2;-1;0;0;0;0;0;0;0;0;0;0;0;0;0;1;1;0;0;-1;-1;0;0;-1;-1;-1;-1;-1;-1;-1;-1;-1;25;50;50;75;100;50;75;100;50;8.42;5;2.75;3.25;Zenit U19;Valencia U19;1;1.88;0.75;2.25;0.75;2.25;75;50;50;25;0;29;29;13;0;0;0;4065;6;Y;N;N;N;N;N;N
883832;4648;8443;2015/2016;complete;56423;5;-1;21,23,40;45,65,86;3;3;6;4;2;6;0;4;4;6;1;0;6;4;4;3;10;7;13;22;50;50;5;6;0;0;0;0;0;0;0;0;0;0;0;0;0;0;0;0;0;0;0;0;0;0;0;0;0;0;0;0;0;0;0;0;0;0;0;0;0;0;0;0;0;0;0;0;0;0;0;0;0;0;0;0;0;0;0;0;0;0;0;0;0;0;0;0;0;0;0;0;6;3;1;0;2;2;4;2015-11-24 11:00:00;-1;1;38;0;50;0;-1;1;-1;-1;-1;-1;-1;-1;2;1;3;5;3;8;-1;0;0;0;0;0;0;0;0;1;0;1;0;0;1;1;0;0;-1;-1;1;0;-1;-1;-1;-1;-1;-1;-1;-1;-1;13;13;38;63;63;13;50;63;50;9;4;4.75;2;Barcelona U19;Roma U19;1.88;1.44;2;1.25;2;1.25;88;88;63;38;38;67;34;17;0;0;0;4065;8;Y;Y;Y;Y;Y;Y;Y
883834;679649;1590;2015/2016;complete;56423;5;-1;45;57;1;1;2;4;8;12;1;2;3;1;1;0;4;8;5;2;9;10;14;17;-1;-1;4;1;0;0;0;0;0;0;0;0;0;0;0;0;0;0;0;0;0;0;0;0;0;0;0;0;0;0;0;0;0;0;0;0;0;0;0;0;0;0;0;0;0;0;0;0;0;0;0;0;0;0;0;0;0;0;0;0;0;0;0;0;0;0;0;0;0;0;0;0;2;1;0;0;1;1;1;2015-11-24 12:00:00;-1;1;38;0;50;0;-1;1;-1;-1;-1;-1;-1;-1;0;0;4;1;0;5;-1;0;0;0;0;0;0;0;0;1;0;1;0;0;1;1;0;0;-1;-1;0;0;-1;-1;-1;-1;-1;-1;-1;-1;-1;13;13;38;63;88;13;50;88;50;9.5;4.25;4.75;2.25;BATE U19;Bayer Leverkusen U19;0.33;1.33;0.25;1.75;0.25;1.75;88;88;63;38;13;50;25;13;0;0;0;4065;6;Y;Y;N;N;N;N;Y
883836;679674;678819;2015/2016;complete;56423;5;-1;;16,19,39,86;0;4;4;3;8;11;0;0;2;1;0;0;4;7;5;4;9;11;11;8;-1;-1;2;1;0;0;0;0;0;0;0;0;0;0;0;0;0;0;0;0;0;0;0;0;0;0;0;0;0;0;0;0;0;0;0;0;0;0;0;0;0;0;0;0;0;0;0;0;0;0;0;0;0;0;0;0;0;0;0;0;0;0;0;0;0;0;0;0;0;0;0;0;4;0;3;0;1;1;3;2015-11-24 12:00:00;678819;1;50;75;0;0;-1;1;-1;-1;-1;-1;-1;-1;1;0;1;1;1;2;-1;0;0;0;0;0;0;0;0;1;0;1;0;0;1;1;0;0;-1;-1;0;0;-1;-1;-1;-1;-1;-1;-1;-1;-1;13;25;63;100;100;38;100;75;50;8;3;4.75;3.13;Maccabi Tel Aviv U19;Chelsea U19;0.17;2.4;0.25;2.5;0.25;2.5;88;75;38;0;0;67;50;50;0;0;0;4065;6;Y;Y;Y;Y;N;N;N
883838;1573;677021;2015/2016;complete;56423;5;-1;;50;0;1;1;-1;-1;-1;-1;-1;2;3;0;0;-1;-1;-1;-1;-1;-1;-1;-1;-1;-1;2;3;0;0;0;0;0;0;0;0;0;0;0;0;0;0;0;0;0;0;0;0;0;0;0;0;0;0;0;0;0;0;0;0;0;0;0;0;0;0;0;0;0;0;0;0;0;0;0;0;0;0;0;0;0;0;0;0;0;0;0;0;0;0;0;0;0;0;0;0;1;0;0;0;1;1;0;2015-11-24 13:00:00;677021;1;63;50;50;0;-1;1;-1;-1;-1;-1;-1;-1;1;1;1;2;2;3;-1;0;0;0;0;0;0;0;0;0;0;0;0;0;1;1;0;0;-1;-1;0;0;-1;-1;-1;-1;-1;-1;-1;-1;-1;13;38;50;75;100;50;63;88;50;7.5;2.25;5.25;2.75;Bayern München U19;Olympiakos CFP U19;0.67;1.67;0.25;1;0.25;1;88;63;50;25;0;63;63;13;0;0;0;4065;6;Y;N;N;N;N;N;N
883840;678846;1741;2015/2016;complete;56423;5;-1;;69;0;1;1;6;6;12;2;1;2;2;0;0;9;3;11;5;20;8;12;16;50;50;2;2;0;0;0;0;0;0;0;0;0;0;0;0;0;0;0;0;0;0;0;0;0;0;0;0;0;0;0;0;0;0;0;0;0;0;0;0;0;0;0;0;0;0;0;0;0;0;0;0;0;0;0;0;0;0;0;0;0;0;0;0;0;0;0;0;0;0;0;0;1;0;0;0;1;1;0;2015-11-24 13:00:00;1741;1;75;50;25;0;-1;1;-1;-1;-1;-1;-1;-1;1;0;1;2;1;3;-1;0;0;0;0;0;0;0;0;0;0;0;0;0;1;1;0;0;-1;-1;0;0;-1;-1;-1;-1;-1;-1;-1;-1;-1;13;25;63;100;100;63;100;75;25;12;4.5;2.75;3.13;Porto U19;Dynamo Kyiv U19;1.33;1.43;1.75;1;1.75;1;88;75;38;0;0;75;63;38;0;0;0;4065;6;Y;N;N;N;N;N;N
883842;4190;679747;2015/2016;complete;56423;5;-1;18,20,58,59;;4;0;4;6;2;8;15;2;0;1;0;0;8;4;13;1;21;5;13;15;-1;-1;0;1;0;0;0;0;0;0;0;0;0;0;0;0;0;0;0;0;0;0;0;0;0;0;0;0;0;0;0;0;0;0;0;0;0;0;0;0;0;0;0;0;0;0;0;0;0;0;0;0;0;0;0;0;0;0;0;0;0;0;0;0;0;0;0;0;0;0;0;0;4;2;0;2;0;2;2;2015-11-24 13:00:00;4190;1;25;0;25;0;-1;1;-1;-1;-1;-1;-1;-1;0;0;0;1;0;1;-1;0;0;0;0;0;0;0;0;0;0;0;0;0;1;1;0;0;-1;-1;0;0;-1;-1;-1;-1;-1;-1;-1;-1;-1;25;50;75;75;100;50;75;100;75;9.58;6;5;3.5;Olympique Lyonnais U19;Gent U19;1.86;0.5;2.25;0.75;2.25;0.75;75;50;25;25;0;59;29;17;0;0;0;4065;6;Y;Y;Y;Y;N;N;N
883844;679650;1898;2015/2016;complete;56423;5;-1;78;54,69;1;2;3;-1;-1;-1;-1;-1;2;3;0;0;-1;-1;-1;-1;-1;-1;-1;-1;-1;-1;2;3;0;0;0;0;0;0;0;0;0;0;0;0;0;0;0;0;0;0;0;0;0;0;0;0;0;0;0;0;0;0;0;0;0;0;0;0;0;0;0;0;0;0;0;0;0;0;0;0;0;0;0;0;0;0;0;0;0;0;0;0;0;0;0;0;0;0;0;0;3;0;0;1;2;3;0;2015-11-24 14:00:00;1898;1;63;25;50;0;-1;1;-1;-1;-1;-1;-1;-1;1;0;1;3;1;4;-1;0;0;0;0;0;0;0;0;0;0;0;0;0;1;1;0;0;-1;-1;0;0;-1;-1;-1;-1;-1;-1;-1;-1;-1;13;38;50;100;100;50;88;88;50;8;1.25;3.5;3;Arsenal U19;Dinamo Zagreb U19;1.43;1.86;2.5;1.75;2.5;1.75;88;63;50;0;0;33;33;17;0;0;0;4065;7;Y;Y;Y;N;N;N;Y
883846;679541;9428;2015/2016;complete;56425;0;-1;73;12,62,66;1;3;4;7;5;12;1;2;1;0;0;0;7;10;4;3;11;13;10;17;50;50;1;0;0;0;0;0;0;0;0;0;0;0;0;0;0;0;0;0;0;0;0;0;0;0;0;0;0;0;0;0;0;0;0;0;0;0;0;0;0;0;0;0;0;0;0;0;0;0;0;0;0;0;0;0;0;0;0;0;0;0;0;0;0;0;0;0;0;0;0;0;4;0;1;1;2;3;1;2015-11-24 15:00:00;9428;1;67;0;100;0;-1;1;-1;-1;-1;-1;-1;-1;0;0;1;0;0;1;-1;0;0;0;0;0;0;0;1;1;1;1;0;0;1;1;0;0;-1;-1;0;0;-1;-1;-1;-1;-1;-1;-1;-1;-1;0;33;67;100;100;17;67;100;100;12.34;1.66;2.67;3;Legia Warszawa U19;Midtjylland U19;1.5;2.17;2;3;2;3;100;67;33;0;0;67;67;50;0;0;0;4065;4;Y;Y;Y;Y;N;N;Y
883848;678821;678213;2015/2016;complete;56425;0;-1;13,59,66,74,77;36;5;1;6;6;3;9;2;2;2;3;0;0;6;2;6;1;12;3;12;15;50;50;2;3;0;0;0;0;0;0;0;0;0;0;0;0;0;0;0;0;0;0;0;0;0;0;0;0;0;0;0;0;0;0;0;0;0;0;0;0;0;0;0;0;0;0;0;0;0;0;0;0;0;0;0;0;0;0;0;0;0;0;0;0;0;0;0;0;0;0;0;0;6;1;1;4;0;4;2;2015-11-24 17:00:00;678821;1;17;0;0;0;-1;1;-1;-1;-1;-1;-1;-1;0;0;2;3;0;5;-1;0;0;0;0;0;0;0;0;0;0;0;0;0;1;1;0;0;-1;-1;0;0;-1;-1;-1;-1;-1;-1;-1;-1;-1;0;33;50;67;100;34;67;100;33;16;0;5;2.5;Salzburg U19;Beşiktaş U19;1.2;2.25;1;3;1;3;100;67;50;33;0;50;50;50;0;0;0;4065;4;Y;Y;Y;Y;Y;Y;Y
883850;8467;679750;2015/2016;complete;56425;0;-1;60,63,68;67,87,90;3;3;6;6;5;11;3;1;3;4;1;0;7;3;9;7;16;10;15;15;-1;-1;5;4;0;0;0;0;0;0;0;0;0;0;0;0;0;0;0;0;0;0;0;0;0;0;0;0;0;0;0;0;0;0;0;0;0;0;0;0;0;0;0;0;0;0;0;0;0;0;0;0;0;0;0;0;0;0;0;0;0;0;0;0;0;0;0;0;0;0;0;0;6;0;0;3;3;6;0;2015-11-24 19:00:00;-1;1;33;50;50;0;-1;1;-1;-1;-1;-1;-1;-1;1;3;3;1;4;4;-1;0;0;0;0;0;0;0;0;0;0;0;0;0;1;1;0;0;-1;-1;0;0;-1;-1;-1;-1;-1;-1;-1;-1;-1;17;17;84;84;84;33;33;84;67;12.5;2.67;4.33;3.34;Torino U19;Middlesbrough U19;1.25;1.67;1.33;2;1.33;2;84;84;17;17;17;75;50;50;0;0;0;4065;4;Y;Y;Y;Y;Y;Y;Y
883852;678813;678844;2015/2016;complete;56423;5;-1;;28,72,73,90,90;0;5;5;0;13;13;2;7;2;0;0;0;2;7;0;10;2;17;18;8;50;50;2;0;0;0;0;0;0;0;0;0;0;0;0;0;0;0;0;0;0;0;0;0;0;0;0;0;0;0;0;0;0;0;0;0;0;0;0;0;0;0;0;0;0;0;0;0;0;0;0;0;0;0;0;0;0;0;0;0;0;0;0;0;0;0;0;0;0;0;0;0;5;0;1;0;4;4;1;2015-11-25 07:00:00;678844;1;38;25;25;0;-1;1;-1;-1;-1;-1;-1;-1;0;0;2;0;0;2;-1;0;0;0;0;0;0;0;0;1;0;1;0;0;1;1;0;0;-1;-1;0;0;-1;-1;-1;-1;-1;-1;-1;-1;-1;63;63;88;100;100;63;100;100;88;16.75;2.5;2.75;6.63;Astana U19;Benfica U19;0;2.13;0;3;0;3;38;38;13;0;0;100;75;75;0;0;0;4065;6;Y;Y;Y;Y;Y;N;N
883854;1752;4668;2015/2016;complete;56423;5;-1;23,73;9,26,59,79,81,86;2;6;8;1;5;6;4;0;2;1;0;0;5;3;4;7;9;10;10;18;50;50;2;1;0;0;0;0;0;0;0;0;0;0;0;0;0;0;0;0;0;0;0;0;0;0;0;0;0;0;0;0;0;0;0;0;0;0;0;0;0;0;0;0;0;0;0;0;0;0;0;0;0;0;0;0;0;0;0;0;0;0;0;0;0;0;0;0;0;0;0;0;8;1;2;1;4;5;3;2015-11-25 11:00:00;4668;1;50;25;50;0;-1;1;-1;-1;-1;-1;-1;-1;1;0;1;1;1;2;-1;0;0;0;0;0;0;0;0;0;0;0;0;0;1;1;0;1;-1;-1;0;0;-1;-1;-1;-1;-1;-1;-1;-1;-1;38;75;75;88;100;63;88;100;75;10.33;2.5;3.25;4.38;Shakhtar Donetsk U19;Real Madrid U19;0.67;2.1;1;1.5;1;1.5;63;25;25;13;0;84;84;84;0;0;0;4065;6;Y;Y;Y;Y;Y;Y;Y
883856;679651;1602;2015/2016;complete;56423;5;-1;55;3,39;1;2;3;7;5;12;2;6;2;2;0;0;4;4;2;2;6;6;5;8;50;50;2;2;0;0;0;0;0;0;0;0;0;0;0;0;0;0;0;0;0;0;0;0;0;0;0;0;0;0;0;0;0;0;0;0;0;0;0;0;0;0;0;0;0;0;0;0;0;0;0;0;0;0;0;0;0;0;0;0;0;0;0;0;0;0;0;0;0;0;0;0;3;0;2;1;0;1;2;2015-11-25 11:00:00;1602;1;63;0;25;0;-1;1;-1;-1;-1;-1;-1;-1;1;0;1;2;1;3;-1;0;0;0;0;0;0;0;0;0;0;0;0;0;1;1;0;1;-1;-1;0;0;-1;-1;-1;-1;-1;-1;-1;-1;-1;38;50;63;75;75;50;63;75;63;11.42;5.25;3.75;3.25;CSKA Moskva U19;Wolfsburg U19;1.29;1.17;2;1;2;1;63;50;38;25;25;71;71;71;0;0;0;4065;6;Y;Y;Y;N;N;N;Y
883858;6988;678199;2015/2016;complete;56423;5;-1;32,48,50,90;;4;0;4;-1;-1;-1;-1;-1;1;2;0;0;-1;-1;-1;-1;-1;-1;-1;-1;-1;-1;1;2;0;0;0;0;0;0;0;0;0;0;0;0;0;0;0;0;0;0;0;0;0;0;0;0;0;0;0;0;0;0;0;0;0;0;0;0;0;0;0;0;0;0;0;0;0;0;0;0;0;0;0;0;0;0;0;0;0;0;0;0;0;0;0;0;0;0;0;0;4;1;0;3;0;3;1;2015-11-25 11:00:00;6988;1;63;25;25;0;-1;1;-1;-1;-1;-1;-1;-1;1;1;0;1;2;1;-1;0;0;0;0;0;0;0;0;0;0;0;0;0;1;1;0;0;-1;-1;0;0;-1;-1;-1;-1;-1;-1;-1;-1;-1;38;63;88;100;100;38;100;100;88;14.5;1.5;3.25;5.63;Atlético Madrid U19;Galatasaray U19;2;1;2.25;0.75;2.25;0.75;63;38;13;0;0;100;50;50;0;0;0;4065;6;Y;Y;Y;Y;N;N;N
883860;1601;4615;2015/2016;complete;56423;5;-1;55,90;26,50;2;2;4;4;3;7;1;1;1;6;0;1;5;4;6;2;11;6;16;15;50;50;1;8;0;0;0;0;0;0;0;0;0;0;0;0;0;0;0;0;0;0;0;0;0;0;0;0;0;0;0;0;0;0;0;0;0;0;0;0;0;0;0;0;0;0;0;0;0;0;0;0;0;0;0;0;0;0;0;0;0;0;0;0;0;0;0;0;0;0;0;0;4;0;1;2;1;3;1;2015-11-25 13:00:00;-1;1;75;0;25;0;-1;1;-1;-1;-1;-1;-1;-1;0;1;1;6;1;7;-1;0;0;0;0;0;0;0;0;0;0;0;0;0;1;1;0;0;-1;-1;0;0;-1;-1;-1;-1;-1;-1;-1;-1;-1;38;38;63;88;100;38;100;88;63;5.75;2.75;5.75;3.5;Borussia M'gladbach U19;Sevilla U19;0.83;1.57;0.75;1.75;0.75;1.75;63;63;38;13;0;13;13;13;0;0;0;4065;6;Y;Y;Y;Y;N;N;Y
883862;8434;678825;2015/2016;complete;56423;5;-1;27,60;90;2;1;3;4;2;6;0;2;1;2;0;0;2;4;7;6;9;10;20;13;50;50;1;2;0;0;0;0;0;0;0;0;0;0;0;0;0;0;0;0;0;0;0;0;0;0;0;0;0;0;0;0;0;0;0;0;0;0;0;0;0;0;0;0;0;0;0;0;0;0;0;0;0;0;0;0;0;0;0;0;0;0;0;0;0;0;0;0;0;0;0;0;3;1;0;1;1;2;1;2015-11-25 13:00:00;8434;1;75;0;25;0;-1;1;-1;-1;-1;-1;-1;-1;0;1;1;1;1;2;-1;0;0;0;0;0;0;0;0;0;0;0;0;0;1;1;0;0;-1;-1;0;0;-1;-1;-1;-1;-1;-1;-1;-1;-1;38;38;63;88;100;38;100;88;63;8.5;0.5;6;3.25;Juventus U19;Manchester City U19;1;1.57;0.75;2.5;0.75;2.5;63;63;38;13;0;25;25;25;0;0;0;4065;6;Y;Y;Y;N;N;N;Y
883864;679673;679668;2015/2016;complete;56423;5;-1;;13,21,37,66,83;0;5;5;1;7;8;0;0;2;3;0;0;6;5;7;6;13;11;15;9;-1;-1;2;3;0;0;0;0;0;0;0;0;0;0;0;0;0;0;0;0;0;0;0;0;0;0;0;0;0;0;0;0;0;0;0;0;0;0;0;0;0;0;0;0;0;0;0;0;0;0;0;0;0;0;0;0;0;0;0;0;0;0;0;0;0;0;0;0;0;0;0;0;5;0;3;0;2;2;3;2015-11-25 14:00:00;679668;1;38;25;0;0;-1;1;-1;-1;-1;-1;-1;-1;1;0;1;3;1;4;-1;0;0;0;0;0;0;0;0;0;0;0;0;0;1;1;0;0;-1;-1;0;0;-1;-1;-1;-1;-1;-1;-1;-1;-1;13;25;63;75;75;25;63;75;63;12.42;2.75;3.75;2.5;Manchester United U19;PSV U19;1.33;1.57;1.25;1;1.25;1;88;75;38;25;25;71;71;71;0;0;0;4065;6;Y;Y;Y;Y;Y;N;N
883866;6927;4198;2015/2016;complete;56423;5;-1;;12,19,90;0;3;3;-1;-1;-1;-1;-1;1;2;0;0;-1;-1;-1;-1;-1;-1;-1;-1;-1;-1;1;2;0;0;0;0;0;0;0;0;0;0;0;0;0;0;0;0;0;0;0;0;0;0;0;0;0;0;0;0;0;0;0;0;0;0;0;0;0;0;0;0;0;0;0;0;0;0;0;0;0;0;0;0;0;0;0;0;0;0;0;0;0;0;0;0;0;0;0;0;3;0;2;0;1;1;2;2015-11-25 14:30:00;4198;1;50;25;50;0;-1;1;-1;-1;-1;-1;-1;-1;0;0;1;2;0;3;-1;0;0;0;0;0;0;0;0;0;0;0;0;0;1;1;0;0;-1;-1;0;0;-1;-1;-1;-1;-1;-1;-1;-1;-1;38;50;50;63;75;38;63;75;50;15.33;0;4.25;3.38;Malmö FF U19;PSG U19;0.83;2.2;1.25;1.75;1.25;1.75;63;50;50;38;25;84;84;84;0;0;0;4065;6;Y;Y;Y;N;N;N;N
883868;678820;3706;2015/2016;complete;56425;0;-1;;;0;0;0;10;2;12;1;1;1;3;0;0;11;6;10;6;21;12;12;32;50;50;1;3;0;0;0;0;0;0;0;0;0;0;0;0;0;0;0;0;0;0;0;0;0;0;0;0;0;0;0;0;0;0;0;0;0;0;0;0;0;0;0;0;0;0;0;0;0;0;0;0;0;0;0;0;0;0;0;0;0;0;0;0;0;0;0;0;0;0;0;0;0;0;0;0;0;0;0;2015-11-25 16:00:00;-1;1;50;0;50;0;-1;1;-1;-1;-1;-1;-1;-1;0;0;1;3;0;4;-1;0;0;0;0;0;0;0;0;0;0;0;0;0;1;1;0;0;-1;-1;0;0;-1;-1;-1;-1;-1;-1;-1;-1;-1;17;34;50;100;100;17;100;100;33;8.5;2.67;4;3.17;Viitorul U19;Příbram U19;1.25;2;1.33;3;1.33;3;84;67;50;0;0;75;75;59;0;0;0;4065;4;N;N;N;N;N;N;N
883870;6922;679752;2015/2016;complete;56425;0;-1;;;0;0;0;-1;-1;-1;-1;-1;0;2;0;0;-1;-1;-1;-1;-1;-1;-1;-1;-1;-1;0;2;0;0;0;0;0;0;0;0;0;0;0;0;0;0;0;0;0;0;0;0;0;0;0;0;0;0;0;0;0;0;0;0;0;0;0;0;0;0;0;0;0;0;0;0;0;0;0;0;0;0;0;0;0;0;0;0;0;0;0;0;0;0;0;0;0;0;0;0;0;0;0;0;0;0;0;2015-11-25 17:00:00;-1;1;0;0;0;0;-1;1;-1;-1;-1;-1;-1;-1;0;0;0;2;0;2;-1;0;0;0;0;0;0;0;0;0;0;0;0;0;1;1;0;0;-1;-1;0;0;-1;-1;-1;-1;-1;-1;-1;-1;-1;0;0;0;17;100;0;50;67;0;15;3;6;1.17;Elfsborg U19;Rad U19;1.4;1;2;1;2;1;100;100;100;84;0;75;75;75;0;0;0;4065;4;N;N;N;N;N;N;N
883871;678845;679698;2015/2016;complete;56425;0;-1;26,53;67;2;1;3;6;3;9;5;0;0;1;0;0;7;9;6;3;13;12;7;9;50;50;0;1;0;0;0;0;0;0;0;0;0;0;0;0;0;0;0;0;0;0;0;0;0;0;0;0;0;0;0;0;0;0;0;0;0;0;0;0;0;0;0;0;0;0;0;0;0;0;0;0;0;0;0;0;0;0;0;0;0;0;0;0;0;0;0;0;0;0;0;0;3;1;0;1;1;2;1;2015-11-25 17:30:00;678845;1;17;0;0;0;-1;1;-1;-1;-1;-1;-1;-1;0;0;0;1;0;1;-1;0;0;0;0;0;0;0;0;0;0;0;0;0;1;1;0;0;-1;-1;0;0;-1;-1;-1;-1;-1;-1;-1;-1;-1;17;33;67;84;84;17;67;84;67;8.5;2;3.67;2.83;Ajax U19;Spartak Moskva U19;2.57;1;3;1.33;3;1.33;84;67;33;17;17;50;50;50;0;0;0;4065;4;Y;Y;Y;N;N;N;Y
883872;679689;679740;2015/2016;complete;56425;0;-1;29,38,84;;3;0;3;8;4;12;2;0;1;2;0;0;6;5;5;4;11;9;14;15;-1;-1;1;2;0;0;0;0;0;0;0;0;0;0;0;0;0;0;0;0;0;0;0;0;0;0;0;0;0;0;0;0;0;0;0;0;0;0;0;0;0;0;0;0;0;0;0;0;0;0;0;0;0;0;0;0;0;0;0;0;0;0;0;0;0;0;0;0;0;0;0;0;3;2;0;1;0;1;2;2015-11-25 19:00:00;679689;1;50;50;100;0;-1;1;-1;-1;-1;-1;-1;-1;0;1;1;1;1;2;-1;0;0;0;0;0;0;0;0;0;0;0;0;0;1;1;0;0;-1;-1;0;0;-1;-1;-1;-1;-1;-1;-1;-1;-1;50;50;50;67;100;50;50;100;67;14.34;3.34;5.33;3.67;Celtic U19;Puskás Akadémia U19;1.6;1.75;1.33;2.33;1.33;2.33;50;50;50;33;0;100;67;67;0;0;0;4065;4;Y;Y;Y;N;N;N;N
883873;679749;679652;2015/2016;complete;56425;0;-1;53;49,56;1;2;3;3;4;7;1;0;1;3;0;0;3;3;3;3;6;6;12;24;-1;-1;1;3;0;0;0;0;0;0;0;0;0;0;0;0;0;0;0;0;0;0;0;0;0;0;0;0;0;0;0;0;0;0;0;0;0;0;0;0;0;0;0;0;0;0;0;0;0;0;0;0;0;0;0;0;0;0;0;0;0;0;0;0;0;0;0;0;0;0;0;0;3;0;0;1;2;3;0;2015-12-02 13:00:00;679652;1;75;0;100;0;-1;1;-1;-1;-1;-1;-1;-1;0;0;1;3;0;4;-1;0;0;0;0;0;0;0;0;0;0;0;0;0;1;1;0;0;-1;-1;0;0;-1;-1;-1;-1;-1;-1;-1;-1;-1;50;50;75;100;100;25;50;100;100;1;1.5;5;3.75;Servette U19;Anderlecht U19;1;1.75;1.5;2;1.5;2;50;50;25;0;0;0;0;0;0;0;0;4065;4;Y;Y;Y;N;N;N;Y
883874;679652;679749;2015/2016;complete;56425;0;-1;44,58;31,34;2;2;4;-1;-1;-1;-1;-1;2;2;0;0;-1;-1;-1;-1;-1;-1;-1;-1;-1;-1;2;2;0;0;0;0;0;0;0;0;0;0;0;0;0;0;0;0;0;0;0;0;0;0;0;0;0;0;0;0;0;0;0;0;0;0;0;0;0;0;0;0;0;0;0;0;0;0;0;0;0;0;0;0;0;0;0;0;0;0;0;0;0;0;0;0;0;0;0;0;4;1;2;1;0;1;3;2015-12-06 13:00:00;-1;1;84;0;50;0;-1;1;-1;-1;-1;-1;-1;-1;1;1;1;1;2;2;-1;0;0;0;0;0;0;0;0;0;0;0;0;0;1;1;0;0;-1;-1;0;0;-1;-1;-1;-1;-1;-1;-1;-1;-1;33;33;84;100;100;17;33;100;100;6;1.33;4.67;3.5;Anderlecht U19;Servette U19;1.75;1;2.33;1;2.33;1;67;67;17;0;0;0;0;0;0;0;0;4065;4;Y;Y;Y;Y;N;N;Y
883875;678199;678813;2015/2016;complete;56423;6;-1;36,37,41;;3;0;3;-1;-1;-1;-1;-1;0;3;0;0;-1;-1;-1;-1;-1;-1;-1;-1;-1;-1;0;3;0;0;0;0;0;0;0;0;0;0;0;0;0;0;0;0;0;0;0;0;0;0;0;0;0;0;0;0;0;0;0;0;0;0;0;0;0;0;0;0;0;0;0;0;0;0;0;0;0;0;0;0;0;0;0;0;0;0;0;0;0;0;0;0;0;0;0;0;3;3;0;0;0;0;3;2015-12-08 12:00:00;678199;1;30;50;0;0;-1;1;-1;-1;-1;-1;-1;-1;0;1;0;2;1;2;-1;0;0;0;0;0;0;0;0;0;0;0;0;0;1;1;0;0;-1;-1;0;0;-1;-1;-1;-1;-1;-1;-1;-1;-1;50;70;90;100;100;40;100;100;90;4.6;2;3;5.8;Galatasaray U19;Astana U19;1;0;0.6;0;0.6;0;50;30;10;0;0;100;55;55;0;0;0;4065;6;Y;Y;Y;N;N;N;N
883876;4615;8434;2015/2016;complete;56423;6;-1;56;;1;0;1;5;4;9;5;2;4;3;0;1;8;2;5;3;13;5;36;18;50;50;4;5;0;0;0;0;0;0;0;0;0;0;0;0;0;0;0;0;0;0;0;0;0;0;0;0;0;0;0;0;0;0;0;0;0;0;0;0;0;0;0;0;0;0;0;0;0;0;0;0;0;0;0;0;0;0;0;0;0;0;0;0;0;0;0;0;0;0;0;0;1;0;0;1;0;1;0;2015-12-08 13:00:00;4615;1;70;50;50;0;-1;1;-1;-1;-1;-1;-1;-1;1;2;3;2;3;5;-1;0;0;0;0;0;0;0;0;0;0;0;0;0;1;1;0;0;-1;-1;0;0;-1;-1;-1;-1;-1;-1;-1;-1;-1;30;40;60;80;100;30;100;80;60;10.13;2;7.6;3.2;Sevilla U19;Juventus U19;1.57;1;1.6;1.2;1.6;1.2;70;60;40;20;0;27;27;27;0;0;0;4065;6;Y;N;N;N;N;N;N
883877;678825;1601;2015/2016;complete;56423;6;-1;45;20;1;1;2;5;2;7;1;4;2;1;1;0;3;3;2;3;5;6;11;14;50;50;4;1;0;0;0;0;0;0;0;0;0;0;0;0;0;0;0;0;0;0;0;0;0;0;0;0;0;0;0;0;0;0;0;0;0;0;0;0;0;0;0;0;0;0;0;0;0;0;0;0;0;0;0;0;0;0;0;0;0;0;0;0;0;0;0;0;0;0;0;0;2;1;1;0;0;0;2;2015-12-08 13:00:00;-1;1;90;50;50;0;-1;1;-1;-1;-1;-1;-1;-1;2;0;1;1;2;2;-1;0;0;0;0;0;0;0;0;1;0;1;0;0;1;1;0;0;-1;-1;0;0;-1;-1;-1;-1;-1;-1;-1;-1;-1;30;40;80;100;100;30;100;100;80;4;1.4;4.2;3.6;Manchester City U19;Borussia M'gladbach U19;1.57;0.83;2;0.8;2;0.8;70;60;20;0;0;0;0;0;0;0;0;4065;6;Y;Y;N;N;N;N;Y
883878;4198;1752;2015/2016;complete;56423;6;-1;10,58,64,76,82;37,78;5;2;7;-1;-1;-1;-1;-1;2;1;0;0;-1;-1;-1;-1;-1;-1;-1;-1;-1;-1;2;1;0;0;0;0;0;0;0;0;0;0;0;0;0;0;0;0;0;0;0;0;0;0;0;0;0;0;0;0;0;0;0;0;0;0;0;0;0;0;0;0;0;0;0;0;0;0;0;0;0;0;0;0;0;0;0;0;0;0;0;0;0;0;0;0;0;0;0;0;7;1;1;4;1;5;2;2015-12-08 15:00:00;4198;1;60;25;50;0;-1;1;-1;-1;-1;-1;-1;-1;2;0;0;1;2;1;-1;0;0;0;0;0;0;0;0;0;0;0;0;0;1;1;1;0;-1;-1;0;0;-1;-1;-1;-1;-1;-1;-1;-1;-1;50;70;80;90;90;70;90;90;70;12.58;2.6;3;4.6;PSG U19;Shakhtar Donetsk U19;2.2;0.67;2;0.8;2;0.8;50;30;20;10;10;71;71;71;0;0;0;4065;6;Y;Y;Y;Y;Y;Y;Y
883879;4668;6927;2015/2016;complete;56423;6;-1;12,59,77;;3;0;3;11;5;16;1;1;1;4;0;0;13;4;6;2;19;6;9;18;50;50;1;4;0;0;0;0;0;0;0;0;0;0;0;0;0;0;0;0;0;0;0;0;0;0;0;0;0;0;0;0;0;0;0;0;0;0;0;0;0;0;0;0;0;0;0;0;0;0;0;0;0;0;0;0;0;0;0;0;0;0;0;0;0;0;0;0;0;0;0;0;3;1;0;2;0;2;1;2015-12-08 15:00:00;4668;1;40;25;0;0;-1;1;-1;-1;-1;-1;-1;-1;0;1;1;3;1;4;-1;0;0;0;0;0;0;0;1;0;1;0;0;0;1;1;0;0;-1;-1;0;0;-1;-1;-1;-1;-1;-1;-1;-1;-1;30;50;60;70;90;50;70;90;50;12;0;4.2;3.8;Real Madrid U19;Malmö FF U19;2.1;0.83;1.8;1;1.8;1;70;50;40;30;10;75;75;75;0;0;0;4065;6;Y;Y;Y;N;N;N;N
883880;1602;679673;2015/2016;complete;56423;6;-1;;43,56;0;2;2;10;7;17;1;0;0;2;0;0;3;3;8;3;11;6;9;13;50;50;0;2;0;0;0;0;0;0;0;0;0;0;0;0;0;0;0;0;0;0;0;0;0;0;0;0;0;0;0;0;0;0;0;0;0;0;0;0;0;0;0;0;0;0;0;0;0;0;0;0;0;0;0;0;0;0;0;0;0;0;0;0;0;0;0;0;0;0;0;0;2;0;1;0;1;1;1;2015-12-08 15:00:00;679673;1;60;25;0;0;-1;1;-1;-1;-1;-1;-1;-1;0;0;0;2;0;2;-1;0;0;0;0;0;0;0;0;0;0;0;0;0;1;1;0;0;-1;-1;0;0;-1;-1;-1;-1;-1;-1;-1;-1;-1;30;40;70;90;90;50;80;90;60;11.05;5.8;2.8;3.3;Wolfsburg U19;Manchester United U19;1.17;1.33;1.4;1;1.4;1;70;60;30;10;10;68;68;68;0;0;0;4065;6;Y;Y;N;N;N;N;N
883881;679668;679651;2015/2016;complete;56423;6;-1;18,33;25;2;1;3;-1;-1;-1;-1;-1;0;2;0;1;-1;-1;-1;-1;-1;-1;-1;-1;-1;-1;0;4;0;0;0;0;0;0;0;0;0;0;0;0;0;0;0;0;0;0;0;0;0;0;0;0;0;0;0;0;0;0;0;0;0;0;0;0;0;0;0;0;0;0;0;0;0;0;0;0;0;0;0;0;0;0;0;0;0;0;0;0;0;0;0;0;0;0;0;0;3;2;1;0;0;0;3;2015-12-08 15:00:00;679668;1;40;0;25;0;-1;1;-1;-1;-1;-1;-1;-1;0;1;0;2;1;2;-1;0;0;0;0;0;0;0;0;0;0;0;0;0;1;1;0;0;-1;-1;0;0;-1;-1;-1;-1;-1;-1;-1;-1;-1;30;40;70;70;70;50;60;70;60;11.95;2.2;5;2.9;PSV U19;CSKA Moskva U19;1.57;1.29;1.4;1.6;1.4;1.6;70;60;30;30;30;65;65;65;0;0;0;4065;7;Y;Y;Y;N;N;N;Y
883882;678844;6988;2015/2016;complete;56423;6;-1;61;63;1;1;2;5;4;9;5;4;3;5;1;0;0;3;4;10;4;13;18;26;50;50;4;5;0;0;0;0;0;0;0;0;0;0;0;0;0;0;0;0;0;0;0;0;0;0;0;0;0;0;0;0;0;0;0;0;0;0;0;0;0;0;0;0;0;0;0;0;0;0;0;0;0;0;0;0;0;0;0;0;0;0;0;0;0;0;0;0;0;0;0;0;2;0;0;1;1;2;0;2015-12-08 15:00:00;-1;1;50;0;0;0;-1;1;-1;-1;-1;-1;-1;-1;1;1;3;4;2;7;-1;0;0;0;0;0;0;0;0;0;0;0;0;0;1;1;0;0;-1;-1;0;0;-1;-1;-1;-1;-1;-1;-1;-1;-1;50;70;90;100;100;40;100;100;90;25.5;2.6;2.8;5.8;Benfica U19;Atlético Madrid U19;2.13;2;3;2.4;3;2.4;50;30;10;0;0;100;75;75;0;0;0;4065;7;Y;Y;N;N;N;N;Y
883883;1741;679674;2015/2016;complete;56423;6;-1;20,72;;2;0;2;3;0;3;1;2;1;4;0;0;5;0;6;2;11;2;10;17;-1;-1;1;4;0;0;0;0;0;0;0;0;0;0;0;0;0;0;0;0;0;0;0;0;0;0;0;0;0;0;0;0;0;0;0;0;0;0;0;0;0;0;0;0;0;0;0;0;0;0;0;0;0;0;0;0;0;0;0;0;0;0;0;0;0;0;0;0;0;0;0;0;2;1;0;1;0;1;1;2015-12-09 12:00:00;1741;1;50;25;0;0;-1;1;-1;-1;-1;-1;-1;-1;0;1;1;3;1;4;-1;0;0;0;0;0;0;0;0;0;0;0;0;0;1;1;0;0;-1;-1;0;0;-1;-1;-1;-1;-1;-1;-1;-1;-1;0;20;50;90;100;50;90;70;20;8.75;3;3.2;2.6;Dynamo Kyiv U19;Maccabi Tel Aviv U19;1.43;0.17;1.4;0.2;1.4;0.2;100;80;50;10;0;78;68;58;0;0;0;4065;6;Y;Y;N;N;N;N;N
883884;1898;1573;2015/2016;complete;56423;6;-1;;74;0;1;1;10;1;11;1;5;3;1;0;0;8;3;5;2;13;5;24;17;50;50;3;1;0;0;0;0;0;0;0;0;0;0;0;0;0;0;0;0;0;0;0;0;0;0;0;0;0;0;0;0;0;0;0;0;0;0;0;0;0;0;0;0;0;0;0;0;0;0;0;0;0;0;0;0;0;0;0;0;0;0;0;0;0;0;0;0;0;0;0;0;1;0;0;0;1;1;0;2015-12-09 13:00:00;1573;1;60;0;25;0;-1;1;-1;-1;-1;-1;-1;-1;1;0;2;1;1;3;-1;0;0;0;0;0;0;0;0;0;0;0;0;0;1;1;0;0;-1;-1;0;0;-1;-1;-1;-1;-1;-1;-1;-1;-1;0;20;50;80;100;40;60;90;40;7.17;0.6;6;2.5;Dinamo Zagreb U19;Bayern München U19;1.86;0.67;2;0.2;2;0.2;100;80;50;20;0;42;42;17;0;0;0;4065;6;Y;N;N;N;N;N;N
883885;678819;678846;2015/2016;complete;56423;6;-1;;;0;0;0;6;1;7;2;1;0;1;0;0;2;7;4;6;6;13;10;12;50;50;0;1;0;0;0;0;0;0;0;0;0;0;0;0;0;0;0;0;0;0;0;0;0;0;0;0;0;0;0;0;0;0;0;0;0;0;0;0;0;0;0;0;0;0;0;0;0;0;0;0;0;0;0;0;0;0;0;0;0;0;0;0;0;0;0;0;0;0;0;0;0;0;0;0;0;0;0;2015-12-09 13:00:00;-1;1;50;50;25;0;-1;1;-1;-1;-1;-1;-1;-1;0;0;0;1;0;1;-1;0;0;0;0;0;0;0;0;0;0;0;0;0;1;1;0;0;-1;-1;0;0;-1;-1;-1;-1;-1;-1;-1;-1;-1;20;40;70;90;100;50;90;90;40;12;3.6;4.2;3.4;Chelsea U19;Porto U19;2.4;1.33;2.6;1.4;2.6;1.4;80;60;30;10;0;78;65;55;0;0;0;4065;6;N;N;N;N;N;N;N
883886;679747;678835;2015/2016;complete;56423;6;-1;;62,65;0;2;2;4;4;8;2;4;3;1;0;0;5;7;7;4;12;11;13;16;-1;-1;3;1;0;0;0;0;0;0;0;0;0;0;0;0;0;0;0;0;0;0;0;0;0;0;0;0;0;0;0;0;0;0;0;0;0;0;0;0;0;0;0;0;0;0;0;0;0;0;0;0;0;0;0;0;0;0;0;0;0;0;0;0;0;0;0;0;0;0;0;0;2;0;0;0;2;2;0;2015-12-09 13:00:00;678835;1;20;0;0;0;-1;1;-1;-1;-1;-1;-1;-1;2;1;1;0;3;1;-1;0;0;0;0;0;0;0;0;0;0;0;0;0;1;1;0;0;-1;-1;0;0;-1;-1;-1;-1;-1;-1;-1;-1;-1;20;50;60;70;100;50;70;100;60;6.75;4.6;3.6;3.2;Gent U19;Zenit U19;0.5;1;0.6;0.6;0.6;0.6;80;50;40;30;0;33;23;0;0;0;0;4065;6;Y;Y;N;N;N;N;N
883887;4616;4190;2015/2016;complete;56423;6;-1;68;76;1;1;2;3;2;5;1;4;4;2;0;0;7;4;6;4;13;8;16;19;50;50;4;2;0;0;0;0;0;0;0;0;0;0;0;0;0;0;0;0;0;0;0;0;0;0;0;0;0;0;0;0;0;0;0;0;0;0;0;0;0;0;0;0;0;0;0;0;0;0;0;0;0;0;0;0;0;0;0;0;0;0;0;0;0;0;0;0;0;0;0;0;2;0;0;1;1;2;0;2015-12-09 13:00:00;-1;1;20;0;50;0;-1;1;-1;-1;-1;-1;-1;-1;1;1;3;1;2;4;-1;0;0;0;0;0;0;0;0;0;0;0;0;0;1;1;0;0;-1;-1;0;0;-1;-1;-1;-1;-1;-1;-1;-1;-1;20;50;60;70;100;50;70;100;60;10.65;9.2;3.4;3.2;Valencia U19;Olympique Lyonnais U19;1.88;1.86;2.4;2.4;2.4;2.4;80;50;40;30;0;35;23;23;0;0;0;4065;7;Y;Y;N;N;N;N;Y
883888;8443;679649;2015/2016;complete;56423;6;-1;23,75,78;;3;0;3;4;5;9;1;2;2;2;0;0;9;4;7;3;16;7;25;10;-1;-1;2;2;0;0;0;0;0;0;0;0;0;0;0;0;0;0;0;0;0;0;0;0;0;0;0;0;0;0;0;0;0;0;0;0;0;0;0;0;0;0;0;0;0;0;0;0;0;0;0;0;0;0;0;0;0;0;0;0;0;0;0;0;0;0;0;0;0;0;0;0;3;1;0;2;0;2;1;2015-12-09 13:30:00;8443;1;40;0;25;0;-1;1;-1;-1;-1;-1;-1;-1;1;0;1;2;1;3;-1;0;0;0;0;0;0;0;0;0;0;0;0;0;1;1;0;0;-1;-1;0;0;-1;-1;-1;-1;-1;-1;-1;-1;-1;20;20;40;60;70;20;60;70;40;6.4;3.2;5.2;2.3;Roma U19;BATE U19;1.44;0.33;1.2;0.4;1.2;0.4;80;80;60;40;30;55;45;23;0;0;0;4065;6;Y;Y;Y;N;N;N;N
883889;1590;4648;2015/2016;complete;56423;6;-1;;89;0;1;1;7;4;11;2;0;2;2;0;0;5;3;3;3;8;6;9;9;50;50;2;2;0;0;0;0;0;0;0;0;0;0;0;0;0;0;0;0;0;0;0;0;0;0;0;0;0;0;0;0;0;0;0;0;0;0;0;0;0;0;0;0;0;0;0;0;0;0;0;0;0;0;0;0;0;0;0;0;0;0;0;0;0;0;0;0;0;0;0;0;1;0;0;0;1;1;0;2015-12-09 13:30:00;4648;1;60;0;25;0;-1;1;-1;-1;-1;-1;-1;-1;0;0;2;2;0;4;-1;0;0;0;0;0;0;0;0;0;0;0;0;0;1;1;0;0;-1;-1;0;0;-1;-1;-1;-1;-1;-1;-1;-1;-1;20;20;40;80;90;20;60;90;60;11.85;4.8;5.6;2.7;Bayer Leverkusen U19;Barcelona U19;1.33;1.88;1.6;1.8;1.6;1.8;80;80;60;20;10;55;20;20;0;0;0;4065;6;Y;N;N;N;N;N;N
883890;677021;679650;2015/2016;complete;56423;6;-1;10,36;;2;0;2;6;3;9;1;2;0;1;0;0;2;4;4;5;6;9;17;11;-1;-1;0;1;0;0;0;0;0;0;0;0;0;0;0;0;0;0;0;0;0;0;0;0;0;0;0;0;0;0;0;0;0;0;0;0;0;0;0;0;0;0;0;0;0;0;0;0;0;0;0;0;0;0;0;0;0;0;0;0;0;0;0;0;0;0;0;0;0;0;0;0;2;2;0;0;0;0;2;2015-12-09 16:00:00;677021;1;60;25;25;0;-1;1;-1;-1;-1;-1;-1;-1;0;1;0;0;1;0;-1;0;0;0;0;0;0;0;0;0;0;0;0;0;1;1;1;0;-1;-1;0;0;-1;-1;-1;-1;-1;-1;-1;-1;-1;20;40;50;80;100;40;60;90;60;8.33;1.4;3;2.9;Olympiakos CFP U19;Arsenal U19;1.67;1.43;1.4;2;1.4;2;80;60;50;20;0;54;54;13;0;0;0;4065;6;Y;Y;N;N;N;N;N
883891;678845;4615;2015/2016;complete;56426;0;-1;14,49,79;36;3;1;4;3;7;10;2;2;1;3;0;0;6;2;6;7;12;9;9;19;50;50;1;3;0;0;0;0;0;0;0;0;0;0;0;0;0;0;0;0;0;0;0;0;0;0;0;0;0;0;0;0;0;0;0;0;0;0;0;0;0;0;0;0;0;0;0;0;0;0;0;0;0;0;0;0;0;0;0;0;0;0;0;0;0;0;0;0;0;0;0;0;4;1;1;2;0;2;2;2016-02-09 15:00:00;678845;1;50;0;42;0;-1;1;-1;-1;-1;-1;-1;-1;0;0;1;3;0;4;-1;0;0;0;0;0;0;0;0;0;0;0;0;0;1;1;0;0;-1;-1;0;0;-1;-1;-1;-1;-1;-1;-1;-1;-1;21;29;54;84;100;21;92;92;54;9.16;3.17;6;2.96;Ajax U19;Sevilla U19;2.57;1.57;3;1.83;3;1.83;79;71;46;17;0;50;25;25;0;0;0;4065;7;Y;Y;Y;Y;N;N;Y
883892;679652;679650;2015/2016;complete;56426;0;-1;8,28;;2;0;2;3;8;11;2;2;2;2;0;0;5;5;3;8;8;13;20;7;-1;-1;2;2;0;0;0;0;0;0;0;0;0;0;0;0;0;0;0;0;0;0;0;0;0;0;0;0;0;0;0;0;0;0;0;0;0;0;0;0;0;0;0;0;0;0;0;0;0;0;0;0;0;0;0;0;0;0;0;0;0;0;0;0;0;0;0;0;0;0;0;0;2;2;0;0;0;0;2;2016-02-09 17:00:00;679652;1;63;42;0;0;-1;1;-1;-1;-1;-1;-1;-1;1;0;1;2;1;3;-1;0;0;0;0;0;0;0;0;0;0;0;0;0;1;1;1;0;-1;-1;0;0;-1;-1;-1;-1;-1;-1;-1;-1;-1;21;34;54;100;100;50;59;84;63;8;0;3;3.09;Anderlecht U19;Arsenal U19;1.75;1.43;2;1.67;2;1.67;79;67;46;0;0;25;13;0;0;0;0;4065;7;Y;Y;N;N;N;N;N
883893;679750;1741;2015/2016;complete;56426;0;-1;8,31,49,68,78;;5;0;5;6;7;13;1;0;0;1;0;0;3;4;4;8;7;12;10;12;-1;-1;0;1;0;0;0;0;0;0;0;0;0;0;0;0;0;0;0;0;0;0;0;0;0;0;0;0;0;0;0;0;0;0;0;0;0;0;0;0;0;0;0;0;0;0;0;0;0;0;0;0;0;0;0;0;0;0;0;0;0;0;0;0;0;0;0;0;0;0;0;0;5;2;0;3;0;3;2;2016-02-09 19:00:00;679750;1;50;17;17;0;-1;1;-1;-1;-1;-1;-1;-1;0;1;0;0;1;0;-1;0;0;0;0;0;0;0;0;0;0;0;0;0;1;1;1;0;-1;-1;0;0;-1;-1;-1;-1;-1;-1;-1;-1;-1;25;34;67;92;100;29;54;92;59;11.34;3.67;4.08;3.67;Middlesbrough U19;Dynamo Kyiv U19;1.67;1.43;1.75;1.67;1.75;1.67;75;67;34;9;0;84;59;50;0;0;0;4065;6;Y;Y;Y;Y;Y;N;N
883894;678821;8443;2015/2016;complete;56426;0;-1;;8,17,39,72;0;4;4;4;7;11;1;2;1;3;2;0;2;8;8;5;10;13;11;12;50;50;5;3;0;0;0;0;0;0;0;0;0;0;0;0;0;0;0;0;0;0;0;0;0;0;0;0;0;0;0;0;0;0;0;0;0;0;0;0;0;0;0;0;0;0;0;0;0;0;0;0;0;0;0;0;0;0;0;0;0;0;0;0;0;0;0;0;0;0;0;0;4;0;3;0;1;1;3;2016-02-10 15:00:00;8443;1;50;42;17;0;-1;1;-1;-1;-1;-1;-1;-1;1;1;2;2;2;4;-1;0;0;0;0;0;0;0;0;1;0;1;0;0;1;1;0;1;-1;-1;1;0;-1;-1;-1;-1;-1;-1;-1;-1;-1;29;42;71;71;84;54;71;84;59;15;2;5.08;3.25;Salzburg U19;Roma U19;1.2;1.44;1.5;1.5;1.5;1.5;71;59;29;29;17;80;45;35;0;0;0;4065;5;Y;Y;Y;Y;N;N;N
883895;3706;679651;2015/2016;complete;56426;0;-1;13,71;46,56;2;2;4;8;7;15;2;0;4;2;0;1;5;3;9;6;14;9;19;18;50;50;4;4;0;0;0;0;0;0;0;0;0;0;0;0;0;0;0;0;0;0;0;0;0;0;0;0;0;0;0;0;0;0;0;0;0;0;0;0;0;0;0;0;0;0;0;0;0;0;0;0;0;0;0;0;0;0;0;0;0;0;0;0;0;0;0;0;0;0;0;0;4;1;0;1;2;3;1;2016-02-10 16:00:00;-1;1;38;17;0;0;-1;1;-1;-1;-1;-1;-1;-1;3;1;1;2;4;3;-1;0;0;0;0;0;0;0;1;0;1;0;0;0;1;1;0;0;-1;-1;0;0;-1;-1;-1;-1;-1;-1;-1;-1;-1;9;17;46;71;71;34;71;63;29;7.53;2.17;4.92;2.21;Příbram U19;CSKA Moskva U19;2;1.29;2.5;1.33;2.5;1.33;92;84;54;29;29;74;74;74;0;0;0;4065;6;Y;Y;Y;Y;N;N;Y
883896;9428;6988;2015/2016;complete;56426;0;-1;32,43,56,67;37,42,51,90;4;4;8;6;7;13;1;0;2;4;0;0;6;6;4;6;10;12;20;17;50;50;2;4;0;0;0;0;0;0;0;0;0;0;0;0;0;0;0;0;0;0;0;0;0;0;0;0;0;0;0;0;0;0;0;0;0;0;0;0;0;0;0;0;0;0;0;0;0;0;0;0;0;0;0;0;0;0;0;0;0;0;0;0;0;0;0;0;0;0;0;0;8;2;2;2;2;4;4;2016-02-10 16:00:00;-1;1;71;0;42;0;-1;1;-1;-1;-1;-1;-1;-1;1;0;1;4;1;5;-1;0;0;0;0;0;0;0;0;0;0;0;0;0;1;1;0;0;-1;-1;0;0;-1;-1;-1;-1;-1;-1;-1;-1;-1;17;59;79;100;100;29;79;100;100;14.58;2.33;3.42;4.13;Midtjylland U19;Atlético Madrid U19;2.17;2;3;2.17;3;2.17;84;42;21;0;0;88;54;42;0;0;0;4065;6;Y;Y;Y;Y;Y;Y;Y
883897;679689;4616;2015/2016;complete;56426;0;-1;40;87;1;1;2;5;13;18;6;1;3;3;0;1;4;8;4;9;8;17;15;10;50;50;3;5;0;0;0;0;0;0;0;0;0;0;0;0;0;0;0;0;0;0;0;0;0;0;0;0;0;0;0;0;0;0;0;0;0;0;0;0;0;0;0;0;0;0;0;0;0;0;0;0;0;0;0;0;0;0;0;0;0;0;0;0;0;0;0;0;0;0;0;0;2;1;0;0;1;1;1;2016-02-10 17:00:00;-1;1;29;0;25;0;-1;1;-1;-1;-1;-1;-1;-1;2;1;1;3;3;4;-1;0;0;0;0;0;0;0;0;0;0;0;0;0;1;1;0;0;-1;-1;0;0;-1;-1;-1;-1;-1;-1;-1;-1;-1;21;29;42;71;100;42;50;100;50;11.17;5.67;3.67;2.71;Celtic U19;Valencia U19;1.6;1.88;1.75;2.17;1.75;2.17;79;71;59;29;0;59;59;59;0;0;0;4065;5;Y;Y;N;N;N;N;Y
883898;6922;4668;2015/2016;complete;56426;0;-1;63;48,72,84;1;3;4;4;8;12;1;1;2;1;0;0;5;11;4;9;9;20;13;4;50;50;2;1;0;0;0;0;0;0;0;0;0;0;0;0;0;0;0;0;0;0;0;0;0;0;0;0;0;0;0;0;0;0;0;0;0;0;0;0;0;0;0;0;0;0;0;0;0;0;0;0;0;0;0;0;0;0;0;0;0;0;0;0;0;0;0;0;0;0;0;0;4;0;0;1;3;4;0;2016-02-10 17:00:00;4668;1;17;17;34;0;-1;1;-1;-1;-1;-1;-1;-1;1;0;1;1;1;2;-1;0;0;0;0;0;0;0;0;0;0;0;0;0;1;1;0;0;-1;-1;0;0;-1;-1;-1;-1;-1;-1;-1;-1;-1;17;25;34;54;88;17;67;75;34;15.2;2.25;3;2.42;Elfsborg U19;Real Madrid U19;1.4;2.1;1.75;2;1.75;2;84;75;67;46;13;80;80;80;0;0;0;4065;5;Y;Y;Y;Y;N;N;Y
883899;4648;9428;2015/2016;complete;56427;0;-1;51,90,90;34;3;1;4;4;5;9;3;1;5;6;1;1;2;2;6;4;8;6;16;18;50;50;6;8;0;0;0;0;0;0;0;0;0;0;0;0;0;0;0;0;0;0;0;0;0;0;0;0;0;0;0;0;0;0;0;0;0;0;0;0;0;0;0;0;0;0;0;0;0;0;0;0;0;0;0;0;0;0;0;0;0;0;0;0;0;0;0;0;0;0;0;0;4;0;1;3;0;3;1;2016-02-23 13:00:00;4648;1;57;17;67;0;-1;1;-1;-1;-1;-1;-1;-1;2;3;4;4;5;8;-1;0;0;0;0;0;0;0;0;0;0;0;0;0;1;1;0;0;-1;-1;0;1;-1;-1;-1;-1;-1;-1;-1;-1;-1;19;39;57;84;92;29;65;92;75;10.4;2.9;4.23;3.27;Barcelona U19;Midtjylland U19;1.88;2.17;2;2.6;2;2.6;82;62;44;17;9;70;50;40;0;0;0;4065;6;Y;Y;Y;Y;N;N;Y
883900;678819;4616;2015/2016;complete;56427;0;-1;44;45;1;1;2;1;7;8;7;1;5;4;0;0;2;3;3;3;5;6;13;15;50;50;5;4;0;0;0;0;0;0;0;0;0;0;0;0;0;0;0;0;0;0;0;0;0;0;0;0;0;0;0;0;0;0;0;0;0;0;0;0;0;0;0;0;0;0;0;0;0;0;0;0;0;0;0;0;0;0;0;0;0;0;0;0;0;0;0;0;0;0;0;0;2;1;1;0;0;0;2;2016-02-23 15:00:00;-1;1;38;0;17;0;-1;1;-1;-1;-1;-1;-1;-1;2;1;3;3;3;6;-1;0;0;0;0;0;0;0;0;1;0;1;0;0;1;1;0;0;-1;-1;0;0;-1;-1;-1;-1;-1;-1;-1;-1;-1;16;40;48;77;92;31;70;92;47;10.63;4.69;4.31;2.87;Chelsea U19;Valencia U19;2.4;1.88;2.33;2;2.33;2;85;61;52;23;9;45;35;35;0;0;0;4065;8;Y;Y;N;N;N;N;Y
883901;4668;678825;2015/2016;complete;56427;0;-1;36,41,87;63;3;1;4;1;6;7;1;0;0;2;0;1;8;10;6;4;14;14;6;15;50;50;0;4;0;0;0;0;0;0;0;0;0;0;0;0;0;0;0;0;0;0;0;0;0;0;0;0;0;0;0;0;0;0;0;0;0;0;0;0;0;0;0;0;0;0;0;0;0;0;0;0;0;0;0;0;0;0;0;0;0;0;0;0;0;0;0;0;0;0;0;0;4;2;0;1;1;2;2;2016-02-23 17:00:00;4668;1;63;0;17;0;-1;1;-1;-1;-1;-1;-1;-1;0;0;0;3;0;3;-1;0;0;0;0;0;0;0;0;0;0;0;0;0;1;1;0;0;-1;-1;0;0;-1;-1;-1;-1;-1;-1;-1;-1;-1;23;37;61;93;100;31;86;92;61;9.5;1.07;4.53;3.35;Real Madrid U19;Manchester City U19;2.1;1.57;2.14;1.83;2.14;1.83;77;63;40;7;0;34;34;34;0;0;0;4065;7;Y;Y;Y;Y;N;N;Y
883902;679652;1898;2015/2016;complete;56427;0;-1;;47,57;0;2;2;7;5;12;1;4;3;4;0;0;7;4;4;8;11;12;20;14;-1;-1;3;4;0;0;0;0;0;0;0;0;0;0;0;0;0;0;0;0;0;0;0;0;0;0;0;0;0;0;0;0;0;0;0;0;0;0;0;0;0;0;0;0;0;0;0;0;0;0;0;0;0;0;0;0;0;0;0;0;0;0;0;0;0;0;0;0;0;0;0;0;2;0;0;0;2;2;0;2016-02-23 18:00:00;1898;1;64;17;34;0;-1;1;-1;-1;-1;-1;-1;-1;0;1;3;3;1;6;-1;0;0;0;0;0;0;0;0;0;0;0;0;0;1;1;0;0;-1;-1;0;0;-1;-1;-1;-1;-1;-1;-1;-1;-1;10;37;64;92;100;47;64;90;55;8.75;0.8;4.83;3.02;Anderlecht U19;Dinamo Zagreb U19;1.75;1.86;2.2;1.67;2.2;1.67;90;64;37;9;0;50;50;50;0;0;0;4065;7;Y;Y;N;N;N;N;N
883903;679668;8443;2015/2016;complete;56427;0;-1;14,73;49,68;2;2;4;4;5;9;0;3;2;3;0;0;7;6;3;7;10;13;12;13;-1;-1;2;3;0;0;0;0;0;0;0;0;0;0;0;0;0;0;0;0;0;0;0;0;0;0;0;0;0;0;0;0;0;0;0;0;0;0;0;0;0;0;0;0;0;0;0;0;0;0;0;0;0;0;0;0;0;0;0;0;0;0;0;0;0;0;0;0;0;0;0;0;4;1;0;1;2;3;1;2016-02-24 13:00:00;-1;1;47;29;29;0;-1;1;-1;-1;-1;-1;-1;-1;1;2;1;1;3;2;-1;0;0;0;0;0;0;0;0;1;0;1;0;0;1;1;0;0;-1;-1;0;0;-1;-1;-1;-1;-1;-1;-1;-1;-1;31;38;77;77;77;47;69;69;62;11.25;2.33;5.03;3.16;PSV U19;Roma U19;1.57;1.44;1.67;1.71;1.67;1.71;69;62;23;23;23;59;50;42;0;0;0;4065;7;Y;Y;Y;Y;N;N;Y
883904;4198;679750;2015/2016;complete;56427;0;-1;41;;1;0;1;7;4;11;0;0;1;0;0;0;10;3;5;4;15;7;19;14;-1;-1;1;0;0;0;0;0;0;0;0;0;0;0;0;0;0;0;0;0;0;0;0;0;0;0;0;0;0;0;0;0;0;0;0;0;0;0;0;0;0;0;0;0;0;0;0;0;0;0;0;0;0;0;0;0;0;0;0;0;0;0;0;0;0;0;0;0;0;0;0;0;1;1;0;0;0;0;1;2016-02-24 15:00:00;4198;1;45;17;84;0;-1;1;-1;-1;-1;-1;-1;-1;0;0;1;0;0;1;-1;0;0;0;0;0;0;0;0;0;0;0;0;0;1;1;0;0;-1;-1;0;0;-1;-1;-1;-1;-1;-1;-1;-1;-1;55;55;84;92;92;45;62;92;75;14.83;1.4;4.2;4.34;PSG U19;Middlesbrough U19;2.2;1.67;2.17;2;2.17;2;45;45;17;9;9;84;71;71;0;0;0;4065;6;Y;N;N;N;N;N;N
883905;3706;678844;2015/2016;complete;56427;0;-1;85;34;1;1;2;1;4;5;9;1;3;1;0;0;3;3;5;5;8;8;22;10;50;50;3;1;0;0;0;0;0;0;0;0;0;0;0;0;0;0;0;0;0;0;0;0;0;0;0;0;0;0;0;0;0;0;0;0;0;0;0;0;0;0;0;0;0;0;0;0;0;0;0;0;0;0;0;0;0;0;0;0;0;0;0;0;0;0;0;0;0;0;0;0;2;0;1;1;0;1;1;2016-02-24 16:00:00;-1;1;45;17;33;0;-1;1;-1;-1;-1;-1;-1;-1;1;0;2;1;1;3;-1;0;0;0;0;0;0;0;0;0;0;0;0;0;1;1;0;0;-1;-1;0;0;-1;-1;-1;-1;-1;-1;-1;-1;-1;25;35;54;90;90;17;82;90;62;16.25;4.03;4.27;3.77;Příbram U19;Benfica U19;2;2.13;2.2;2.67;2.2;2.67;75;65;47;10;10;88;75;75;0;0;0;4065;6;Y;Y;N;N;N;N;Y
883906;4190;678845;2015/2016;complete;56427;0;-1;;18,25,51;0;3;3;-1;-1;-1;-1;-1;1;5;1;0;-1;-1;-1;-1;-1;-1;-1;-1;-1;-1;3;5;0;0;0;0;0;0;0;0;0;0;0;0;0;0;0;0;0;0;0;0;0;0;0;0;0;0;0;0;0;0;0;0;0;0;0;0;0;0;0;0;0;0;0;0;0;0;0;0;0;0;0;0;0;0;0;0;0;0;0;0;0;0;0;0;0;0;0;0;3;0;2;0;1;1;2;2016-02-24 16:00:00;678845;1;47;25;25;0;-1;1;-1;-1;-1;-1;-1;-1;0;1;2;4;1;6;-1;0;0;0;0;0;0;0;0;0;0;0;0;0;1;1;0;0;-1;-1;0;0;-1;-1;-1;-1;-1;-1;-1;-1;-1;19;45;74;92;100;45;84;100;82;9.4;6.53;3.57;3.37;Olympique Lyonnais U19;Ajax U19;1.86;2.57;2.17;3;2.17;3;82;55;27;9;0;58;35;23;0;0;0;4065;7;Y;Y;Y;N;N;N;N
883907;4668;678844;2015/2016;complete;56427;0;-1;66,77;;2;0;2;5;3;8;2;0;2;6;0;1;3;0;4;3;7;3;10;14;50;50;2;7;0;0;0;0;0;0;0;0;0;0;0;0;0;0;0;0;0;0;0;0;0;0;0;0;0;0;0;0;0;0;0;0;0;0;0;0;0;0;0;0;0;0;0;0;0;0;0;0;0;0;0;0;0;0;0;0;0;0;0;0;0;0;0;0;0;0;0;0;2;0;0;2;0;2;0;2016-03-08 15:00:00;4668;1;54;13;25;0;-1;1;-1;-1;-1;-1;-1;-1;0;2;2;5;2;7;-1;0;0;0;0;0;0;0;0;0;0;0;0;0;1;1;0;0;-1;-1;0;1;-1;-1;-1;-1;-1;-1;-1;-1;-1;34;53;66;94;100;34;81;100;73;16.51;3.2;3.2;4.37;Real Madrid U19;Benfica U19;2.1;2.13;2.25;2.43;2.25;2.43;66;48;34;7;0;69;59;59;0;0;0;4065;8;Y;Y;N;N;N;N;N
883908;679652;4648;2015/2016;complete;56427;0;-1;53,88;;2;0;2;3;8;11;2;2;2;3;1;0;2;7;2;4;4;11;19;17;-1;-1;4;3;0;0;0;0;0;0;0;0;0;0;0;0;0;0;0;0;0;0;0;0;0;0;0;0;0;0;0;0;0;0;0;0;0;0;0;0;0;0;0;0;0;0;0;0;0;0;0;0;0;0;0;0;0;0;0;0;0;0;0;0;0;0;0;0;0;0;0;0;2;0;0;2;0;2;0;2016-03-08 17:00:00;679652;1;47;13;0;0;-1;1;-1;-1;-1;-1;-1;-1;2;2;1;1;4;2;-1;0;0;0;0;0;0;0;0;0;0;0;0;0;1;1;0;0;-1;-1;0;0;-1;-1;-1;-1;-1;-1;-1;-1;-1;16;31;47;86;93;32;54;85;62;8.84;1.71;5.46;2.79;Anderlecht U19;Barcelona U19;1.75;1.88;1.83;2.14;1.83;2.14;85;69;54;15;7;67;42;42;0;0;0;4065;8;Y;Y;N;N;N;N;N
883909;4198;8443;2015/2016;complete;56427;0;-1;26,39,90;75;3;1;4;11;5;16;1;2;3;5;0;0;6;4;6;1;12;5;7;17;50;50;3;5;0;0;0;0;0;0;0;0;0;0;0;0;0;0;0;0;0;0;0;0;0;0;0;0;0;0;0;0;0;0;0;0;0;0;0;0;0;0;0;0;0;0;0;0;0;0;0;0;0;0;0;0;0;0;0;0;0;0;0;0;0;0;0;0;0;0;0;0;4;2;0;1;1;2;2;2016-03-09 15:00:00;4198;1;47;23;45;0;-1;1;-1;-1;-1;-1;-1;-1;2;2;1;3;4;4;-1;0;0;0;0;0;0;0;0;0;0;0;0;0;1;1;0;0;-1;-1;0;0;-1;-1;-1;-1;-1;-1;-1;-1;-1;34;47;66;73;81;41;81;73;53;12.57;2.13;4.74;3.27;PSG U19;Roma U19;2.2;1.44;2.29;1.63;2.29;1.63;66;54;34;27;20;73;59;52;0;0;0;4065;9;Y;Y;Y;Y;N;N;Y
883910;678819;678845;2015/2016;complete;56427;0;-1;45;;1;0;1;6;12;18;1;1;1;1;0;0;5;4;3;2;8;6;11;13;50;50;1;1;0;0;0;0;0;0;0;0;0;0;0;0;0;0;0;0;0;0;0;0;0;0;0;0;0;0;0;0;0;0;0;0;0;0;0;0;0;0;0;0;0;0;0;0;0;0;0;0;0;0;0;0;0;0;0;0;0;0;0;0;0;0;0;0;0;0;0;0;1;1;0;0;0;0;1;2016-03-15 16:00:00;678819;1;47;29;29;0;-1;1;-1;-1;-1;-1;-1;-1;1;1;0;0;2;0;-1;0;0;0;0;0;0;0;0;0;0;0;0;0;1;1;0;0;-1;-1;0;0;-1;-1;-1;-1;-1;-1;-1;-1;-1;16;38;70;93;93;47;93;86;55;8.5;3.4;4.57;3.17;Chelsea U19;Ajax U19;2.4;2.57;2.14;3;2.14;3;85;62;30;7;7;63;42;29;0;0;0;4065;7;Y;N;N;N;N;N;N
883911;678819;679652;2015/2016;complete;56427;0;-1;21,56,75;;3;0;3;3;6;9;0;0;0;3;0;0;5;3;1;0;6;3;17;21;-1;-1;0;3;0;0;0;0;0;0;0;0;0;0;0;0;0;0;0;0;0;0;0;0;0;0;0;0;0;0;0;0;0;0;0;0;0;0;0;0;0;0;0;0;0;0;0;0;0;0;0;0;0;0;0;0;0;0;0;0;0;0;0;0;0;0;0;0;0;0;0;0;3;1;0;2;0;2;1;2016-04-15 11:00:00;678819;1;41;10;60;0;-1;1;-1;-1;-1;-1;-1;-1;0;2;0;1;2;1;-1;0;0;0;0;0;0;0;0;0;0;0;0;0;1;1;0;0;-1;-1;0;0;-1;-1;-1;-1;-1;-1;-1;-1;-1;14;34;47;88;94;41;66;75;55;8.96;2.67;4.81;2.81;Chelsea U19;Anderlecht U19;2.4;1.75;2.25;2;2.25;2;87;67;54;13;7;66;59;59;0;0;0;4065;8;Y;Y;Y;N;N;N;N
883912;4668;4198;2015/2016;complete;56427;0;-1;33;5,84,90;1;3;4;4;5;9;2;2;2;4;1;0;5;6;2;4;7;10;12;12;50;50;3;4;0;0;0;0;0;0;0;0;0;0;0;0;0;0;0;0;0;0;0;0;0;0;0;0;0;0;0;0;0;0;0;0;0;0;0;0;0;0;0;0;0;0;0;0;0;0;0;0;0;0;0;0;0;0;0;0;0;0;0;0;0;0;0;0;0;0;0;0;4;1;1;0;2;2;2;2016-04-15 15:00:00;4198;1;47;0;27;0;-1;1;-1;-1;-1;-1;-1;-1;1;2;2;2;3;4;-1;0;0;0;0;0;0;0;1;0;1;0;0;0;1;1;0;1;-1;-1;0;0;-1;-1;-1;-1;-1;-1;-1;-1;-1;30;53;65;82;94;42;78;88;64;14.23;0.91;3.67;3.53;Real Madrid U19;PSG U19;2.1;2.2;2.33;2.38;2.33;2.38;71;47;36;18;7;65;65;65;0;0;0;4065;10;Y;Y;Y;Y;N;N;Y
883913;4198;678819;2015/2016;complete;56427;0;-1;58;10,61;1;2;3;6;5;11;1;2;2;5;0;0;5;2;9;4;14;6;15;18;50;50;2;5;0;0;0;0;0;0;0;0;0;0;0;0;0;0;0;0;0;0;0;0;0;0;0;0;0;0;0;0;0;0;0;0;0;0;0;0;0;0;0;0;0;0;0;0;0;0;0;0;0;0;0;0;0;0;0;0;0;0;0;0;0;0;0;0;0;0;0;0;3;0;1;1;1;2;1;2016-04-18 15:00:00;678819;1;45;27;30;0;-1;1;-1;-1;-1;-1;-1;-1;1;2;1;3;3;4;-1;0;0;0;0;0;0;0;0;0;0;0;0;0;1;1;0;1;-1;-1;0;0;-1;-1;-1;-1;-1;-1;-1;-1;-1;22;45;62;78;89;45;89;73;50;12.5;2.44;4.33;3.11;PSG U19;Chelsea U19;2.2;2.4;2.44;2.33;2.44;2.33;78;56;39;22;11;73;53;53;0;0;0;4065;10;Y;Y;Y;N;N;N;Y
