ID;HOMEID;AWAYID;SEASON;STATUS;ROUNDID;GAME_WEEK;REVISED_GAME_WEEK;HOMEGOALS;AWAYGOALS;HOMEGOALCOUNT;AWAYGOALCOUNT;TOTALGOALCOUNT;TEAM_A_CORNERS;TEAM_B_CORNERS;TOTALCORNERCOUNT;TEAM_A_OFFSIDES;TEAM_B_OFFSIDES;TEAM_A_YELLOW_CARDS;TEAM_B_YELLOW_CARDS;TEAM_A_RED_CARDS;TEAM_B_RED_CARDS;TEAM_A_SHOTSONTARGET;TEAM_B_SHOTSONTARGET;TEAM_A_SHOTSOFFTARGET;TEAM_B_SHOTSOFFTARGET;TEAM_A_SHOTS;TEAM_B_SHOTS;TEAM_A_FOULS;TEAM_B_FOULS;TEAM_A_POSSESSION;TEAM_B_POSSESSION;TEAM_A_CARDS_NUM;TEAM_B_CARDS_NUM;ODDS_FT_1;ODDS_FT_X;ODDS_FT_2;ODDS_FT_OVER05;ODDS_FT_OVER15;ODDS_FT_OVER25;ODDS_FT_OVER35;ODDS_FT_OVER45;ODDS_FT_UNDER05;ODDS_FT_UNDER15;ODDS_FT_UNDER25;ODDS_FT_UNDER35;ODDS_FT_UNDER45;ODDS_BTTS_YES;ODDS_BTTS_NO;ODDS_TEAM_A_CS_YES;ODDS_TEAM_A_CS_NO;ODDS_TEAM_B_CS_YES;ODDS_TEAM_B_CS_NO;ODDS_DOUBLECHANCE_1X;ODDS_DOUBLECHANCE_12;ODDS_DOUBLECHANCE_X2;ODDS_1ST_HALF_RESULT_1;ODDS_1ST_HALF_RESULT_X;ODDS_1ST_HALF_RESULT_2;ODDS_2ND_HALF_RESULT_1;ODDS_2ND_HALF_RESULT_X;ODDS_2ND_HALF_RESULT_2;ODDS_DNB_1;ODDS_DNB_2;ODDS_CORNERS_OVER_75;ODDS_CORNERS_OVER_85;ODDS_CORNERS_OVER_95;ODDS_CORNERS_OVER_105;ODDS_CORNERS_OVER_115;ODDS_CORNERS_UNDER_75;ODDS_CORNERS_UNDER_85;ODDS_CORNERS_UNDER_95;ODDS_CORNERS_UNDER_105;ODDS_CORNERS_UNDER_115;ODDS_CORNERS_1;ODDS_CORNERS_X;ODDS_CORNERS_2;ODDS_TEAM_TO_SCORE_FIRST_1;ODDS_TEAM_TO_SCORE_FIRST_X;ODDS_TEAM_TO_SCORE_FIRST_2;ODDS_WIN_TO_NIL_1;ODDS_WIN_TO_NIL_2;ODDS_1ST_HALF_OVER05;ODDS_1ST_HALF_OVER15;ODDS_1ST_HALF_OVER25;ODDS_1ST_HALF_OVER35;ODDS_1ST_HALF_UNDER05;ODDS_1ST_HALF_UNDER15;ODDS_1ST_HALF_UNDER25;ODDS_1ST_HALF_UNDER35;ODDS_2ND_HALF_OVER05;ODDS_2ND_HALF_OVER15;ODDS_2ND_HALF_OVER25;ODDS_2ND_HALF_OVER35;ODDS_2ND_HALF_UNDER05;ODDS_2ND_HALF_UNDER15;ODDS_2ND_HALF_UNDER25;ODDS_2ND_HALF_UNDER35;ODDS_BTTS_1ST_HALF_YES;ODDS_BTTS_1ST_HALF_NO;ODDS_BTTS_2ND_HALF_YES;ODDS_BTTS_2ND_HALF_NO;OVERALLGOALCOUNT;HT_GOALS_TEAM_A;HT_GOALS_TEAM_B;GOALS_2HG_TEAM_A;GOALS_2HG_TEAM_B;GOALCOUNT_2HG;HTGOALCOUNT;DATE_UNIX;WINNINGTEAM;NO_HOME_AWAY;BTTS_POTENTIAL;BTTS_FHG_POTENTIAL;BTTS_2HG_POTENTIAL;GOALTIMINGDISABLED;CORNER_TIMINGS_RECORDED;CARD_TIMINGS_RECORDED;TEAM_A_FH_CORNERS;TEAM_B_FH_CORNERS;TEAM_A_2H_CORNERS;TEAM_B_2H_CORNERS;CORNER_FH_COUNT;CORNER_2H_COUNT;TEAM_A_FH_CARDS;TEAM_B_FH_CARDS;TEAM_A_2H_CARDS;TEAM_B_2H_CARDS;TOTAL_FH_CARDS;TOTAL_2H_CARDS;ATTACKS_RECORDED;TEAM_A_DANGEROUS_ATTACKS;TEAM_B_DANGEROUS_ATTACKS;TEAM_A_ATTACKS;TEAM_B_ATTACKS;TEAM_A_XG;TEAM_B_XG;TOTAL_XG;TEAM_A_PENALTIES_WON;TEAM_B_PENALTIES_WON;TEAM_A_PENALTY_GOALS;TEAM_B_PENALTY_GOALS;TEAM_A_PENALTY_MISSED;TEAM_B_PENALTY_MISSED;PENS_RECORDED;GOAL_TIMINGS_RECORDED;TEAM_A_0_10_MIN_GOALS;TEAM_B_0_10_MIN_GOALS;TEAM_A_CORNERS_0_10_MIN;TEAM_B_CORNERS_0_10_MIN;TEAM_A_CARDS_0_10_MIN;TEAM_B_CARDS_0_10_MIN;THROWINS_RECORDED;TEAM_A_THROWINS;TEAM_B_THROWINS;FREEKICKS_RECORDED;TEAM_A_FREEKICKS;TEAM_B_FREEKICKS;GOALKICKS_RECORDED;TEAM_A_GOALKICKS;TEAM_B_GOALKICKS;O45_POTENTIAL;O35_POTENTIAL;O25_POTENTIAL;O15_POTENTIAL;O05_POTENTIAL;O15HT_POTENTIAL;O05HT_POTENTIAL;O05_2H_POTENTIAL;O15_2H_POTENTIAL;CORNERS_POTENTIAL;OFFSIDES_POTENTIAL;CARDS_POTENTIAL;AVG_POTENTIAL;HOME_NAME;AWAY_NAME;HOME_PPG;AWAY_PPG;PRE_MATCH_HOME_PPG;PRE_MATCH_AWAY_PPG;PRE_MATCH_TEAMA_OVERALL_PPG;PRE_MATCH_TEAMB_OVERALL_PPG;U45_POTENTIAL;U35_POTENTIAL;U25_POTENTIAL;U15_POTENTIAL;U05_POTENTIAL;CORNERS_O85_POTENTIAL;CORNERS_O95_POTENTIAL;CORNERS_O105_POTENTIAL;TEAM_A_XG_PREMATCH;TEAM_B_XG_PREMATCH;TOTAL_XG_PREMATCH;COMPETITION_ID;MATCHES_COMPLETED_MINIMUM;OVER05;OVER15;OVER25;OVER35;OVER45;OVER55;BTTS
117668;2015;1217;2017/2018;complete;638;1;-1;16;;1;0;1;1;8;9;0;0;2;2;0;0;5;6;3;19;8;25;16;17;31;69;2;2;5.33;4.11;1.64;0;0;0;0;0;0;0;0;0;0;0;0;0;0;0;0;0;0;0;0;0;0;0;0;0;0;0;0;0;0;0;0;0;0;0;0;0;0;0;0;0;0;0;0;0;0;0;0;0;0;0;0;0;0;0;0;0;0;0;0;0;0;0;0;0;1;1;0;0;0;0;1;2017-07-22 16:30:00;2015;0;0;0;0;0;-1;1;-1;-1;-1;-1;-1;-1;0;1;2;1;1;3;-1;0;0;0;0;0;0;0;0;0;0;0;0;0;1;1;0;0;-1;-1;0;0;-1;-1;-1;-1;-1;-1;-1;-1;-1;0;0;0;0;0;0;0;0;0;0;0;0;0;Nitra;Žilina;1.73;0.82;0;0;0;0;0;0;0;0;0;0;0;0;0;0;0;447;22;Y;N;N;N;N;N;N
117669;2010;2008;2017/2018;complete;638;1;-1;5;;1;0;1;5;5;10;2;1;1;4;0;0;6;3;12;7;18;10;11;18;46;54;1;4;1.4;4.78;8.41;0;0;0;0;0;0;0;0;0;0;0;0;0;0;0;0;0;0;0;0;0;0;0;0;0;0;0;0;0;0;0;0;0;0;0;0;0;0;0;0;0;0;0;0;0;0;0;0;0;0;0;0;0;0;0;0;0;0;0;0;0;0;0;0;0;1;1;0;0;0;0;1;2017-07-22 17:00:00;2010;0;0;0;0;0;-1;1;-1;-1;-1;-1;-1;-1;1;3;0;1;4;1;-1;0;0;0;0;0;0;0;0;0;0;0;0;0;1;1;1;0;-1;-1;0;1;-1;-1;-1;-1;-1;-1;-1;-1;-1;0;0;0;0;0;0;0;0;0;0;0;0;0;Spartak Trnava;Zemplín Michalovce;2.27;0.73;0;0;0;0;0;0;0;0;0;0;0;0;0;0;0;447;22;Y;N;N;N;N;N;N
117670;2007;2005;2017/2018;complete;638;1;-1;44;;1;0;1;6;1;7;2;2;1;3;0;0;9;0;11;3;20;3;12;24;52;48;1;3;1.69;3.71;5.59;0;0;0;0;0;0;0;0;0;0;0;0;0;0;0;0;0;0;0;0;0;0;0;0;0;0;0;0;0;0;0;0;0;0;0;0;0;0;0;0;0;0;0;0;0;0;0;0;0;0;0;0;0;0;0;0;0;0;0;0;0;0;0;0;0;1;1;0;0;0;0;1;2017-07-22 18:30:00;2007;0;0;0;0;0;-1;1;-1;-1;-1;-1;-1;-1;0;1;1;2;1;3;-1;0;0;0;0;0;0;0;0;0;0;0;0;0;1;1;0;0;-1;-1;0;0;-1;-1;-1;-1;-1;-1;-1;-1;-1;0;0;0;0;0;0;0;0;0;0;0;0;0;DAC;Podbrezová;1.82;0.36;0;0;0;0;0;0;0;0;0;0;0;0;0;0;0;447;22;Y;N;N;N;N;N;N
117671;2009;110;2017/2018;complete;638;1;-1;90;14,47;1;2;3;1;9;10;1;2;1;1;0;0;3;6;4;11;7;17;10;8;25;75;1;1;7.19;4.39;1.49;0;0;0;0;0;0;0;0;0;0;0;0;0;0;0;0;0;0;0;0;0;0;0;0;0;0;0;0;0;0;0;0;0;0;0;0;0;0;0;0;0;0;0;0;0;0;0;0;0;0;0;0;0;0;0;0;0;0;0;0;0;0;0;0;0;3;0;1;1;1;2;1;2017-07-23 16:30:00;110;0;0;0;0;0;-1;1;-1;-1;-1;-1;-1;-1;0;0;1;1;0;2;-1;0;0;0;0;0;0;0;0;0;0;0;0;0;1;1;0;0;-1;-1;0;0;-1;-1;-1;-1;-1;-1;-1;-1;-1;0;0;0;0;0;0;0;0;0;0;0;0;0;Senica;Trenčín;1;1.73;0;0;0;0;0;0;0;0;0;0;0;0;0;0;0;447;22;Y;Y;Y;N;N;N;Y
117672;2006;2011;2017/2018;complete;638;1;-1;21,56;26;2;1;3;10;2;12;4;0;0;1;0;0;7;5;10;2;17;7;17;17;52;48;0;1;2.38;3.26;3.2;0;0;0;0;0;0;0;0;0;0;0;0;0;0;0;0;0;0;0;0;0;0;0;0;0;0;0;0;0;0;0;0;0;0;0;0;0;0;0;0;0;0;0;0;0;0;0;0;0;0;0;0;0;0;0;0;0;0;0;0;0;0;0;0;0;3;1;1;1;0;1;2;2017-07-23 17:00:00;2006;0;0;0;0;0;-1;1;-1;-1;-1;-1;-1;-1;0;0;0;1;0;1;-1;0;0;0;0;0;0;0;0;0;0;0;0;0;1;1;0;0;-1;-1;0;0;-1;-1;-1;-1;-1;-1;-1;-1;-1;0;0;0;0;0;0;0;0;0;0;0;0;0;Zlaté Moravce;Ružomberok;1.73;1.27;0;0;0;0;0;0;0;0;0;0;0;0;0;0;0;447;22;Y;Y;Y;N;N;N;Y
117673;2042;982;2017/2018;complete;638;1;-1;56;16,55,62,66,74;1;5;6;1;5;6;2;5;3;4;1;0;6;8;4;11;10;19;23;11;31;69;4;4;7.26;4.95;1.43;0;0;0;0;0;0;0;0;0;0;0;0;0;0;0;0;0;0;0;0;0;0;0;0;0;0;0;0;0;0;0;0;0;0;0;0;0;0;0;0;0;0;0;0;0;0;0;0;0;0;0;0;0;0;0;0;0;0;0;0;0;0;0;0;0;6;0;1;1;4;5;1;2017-07-23 17:00:00;982;0;0;0;0;0;-1;1;-1;-1;-1;-1;-1;-1;3;1;1;3;4;4;-1;0;0;0;0;0;0;0;0;0;0;0;0;0;1;1;0;0;-1;-1;0;0;-1;-1;-1;-1;-1;-1;-1;-1;-1;0;0;0;0;0;0;0;0;0;0;0;0;0;Tatran Prešov;Slovan Bratislava;0.64;1.45;0;0;0;0;0;0;0;0;0;0;0;0;0;0;0;447;22;Y;Y;Y;Y;Y;Y;Y
117674;2005;2010;2017/2018;complete;638;2;-1;90;37,42;1;2;3;6;4;10;1;1;3;3;0;0;4;5;6;9;10;14;33;18;55;45;3;3;2.9;3.23;2.59;0;0;0;0;0;0;0;0;0;0;0;0;0;0;0;0;0;0;0;0;0;0;0;0;0;0;0;0;0;0;0;0;0;0;0;0;0;0;0;0;0;0;0;0;0;0;0;0;0;0;0;0;0;0;0;0;0;0;0;0;0;0;0;0;0;3;0;2;1;0;1;2;2017-07-28 16:30:00;2010;0;0;0;0;0;-1;1;-1;-1;-1;-1;-1;-1;0;1;3;2;1;5;-1;0;0;0;0;0;0;0;0;0;0;0;0;0;1;1;0;0;-1;-1;0;0;-1;-1;-1;-1;-1;-1;-1;-1;-1;0;0;0;0;0;0;0;0;0;0;0;0;0;Podbrezová;Spartak Trnava;1.45;2.27;0;0;0;3;0;0;0;0;0;0;0;0;0;0;0;447;22;Y;Y;Y;N;N;N;Y
117675;110;2007;2017/2018;complete;638;2;-1;60;25,76;1;2;3;10;1;11;2;2;1;2;0;0;7;4;8;6;15;10;15;18;64;36;1;2;1.62;4.06;5.69;0;0;0;0;0;0;0;0;0;0;0;0;0;0;0;0;0;0;0;0;0;0;0;0;0;0;0;0;0;0;0;0;0;0;0;0;0;0;0;0;0;0;0;0;0;0;0;0;0;0;0;0;0;0;0;0;0;0;0;0;0;0;0;0;0;3;0;1;1;1;2;1;2017-07-29 16:30:00;2007;0;0;0;0;0;-1;1;-1;-1;-1;-1;-1;-1;0;0;1;2;0;3;-1;0;0;0;0;0;0;0;0;0;0;0;0;0;1;1;0;0;-1;-1;0;0;-1;-1;-1;-1;-1;-1;-1;-1;-1;0;0;0;0;0;0;0;0;0;0;0;0;0;Trenčín;DAC;1.55;1.73;0;0;3;3;0;0;0;0;0;0;0;0;0;0;0;447;22;Y;Y;Y;N;N;N;Y
117676;1217;2042;2017/2018;complete;638;2;-1;7,40;4,16,60;2;3;5;9;3;12;1;2;1;3;0;1;7;6;28;5;35;11;10;14;75;25;1;4;1.17;8.1;9.99;0;0;0;0;0;0;0;0;0;0;0;0;0;0;0;0;0;0;0;0;0;0;0;0;0;0;0;0;0;0;0;0;0;0;0;0;0;0;0;0;0;0;0;0;0;0;0;0;0;0;0;0;0;0;0;0;0;0;0;0;0;0;0;0;0;5;2;2;0;1;1;4;2017-07-29 17:00:00;2042;0;0;0;0;0;-1;1;-1;-1;-1;-1;-1;-1;0;3;1;1;3;2;-1;0;0;0;0;0;0;0;1;1;1;1;0;0;1;1;1;1;-1;-1;0;0;-1;-1;-1;-1;-1;-1;-1;-1;-1;0;0;0;0;0;0;0;0;0;0;0;0;0;Žilina;Tatran Prešov;2.55;0.64;0;0;0;0;0;0;0;0;0;0;0;0;0;0;0;447;22;Y;Y;Y;Y;Y;N;Y
117677;982;2006;2017/2018;complete;638;2;-1;6,52;41;2;1;3;9;4;13;1;5;0;3;0;0;6;3;9;5;15;8;5;16;59;41;0;3;1.32;5.55;9.55;0;0;0;0;0;0;0;0;0;0;0;0;0;0;0;0;0;0;0;0;0;0;0;0;0;0;0;0;0;0;0;0;0;0;0;0;0;0;0;0;0;0;0;0;0;0;0;0;0;0;0;0;0;0;0;0;0;0;0;0;0;0;0;0;0;3;1;1;1;0;1;2;2017-07-29 17:00:00;982;0;0;0;0;0;-1;1;-1;-1;-1;-1;-1;-1;0;1;0;2;1;2;-1;0;0;0;0;0;0;0;0;0;0;0;0;0;1;1;1;0;-1;-1;0;0;-1;-1;-1;-1;-1;-1;-1;-1;-1;0;0;0;0;0;0;0;0;0;0;0;0;0;Slovan Bratislava;Zlaté Moravce;2.27;0.55;0;0;3;3;0;0;0;0;0;0;0;0;0;0;0;447;22;Y;Y;Y;N;N;N;Y
117678;2015;2008;2017/2018;complete;638;2;-1;;;0;0;0;5;5;10;1;0;0;0;0;0;2;6;9;9;11;15;11;18;48;52;0;0;1.87;3.65;4.32;0;0;0;0;0;0;0;0;0;0;0;0;0;0;0;0;0;0;0;0;0;0;0;0;0;0;0;0;0;0;0;0;0;0;0;0;0;0;0;0;0;0;0;0;0;0;0;0;0;0;0;0;0;0;0;0;0;0;0;0;0;0;0;0;0;0;0;0;0;0;0;0;2017-07-29 17:00:00;-1;0;0;0;0;0;-1;-1;-1;-1;-1;-1;-1;-1;0;0;0;0;0;0;-1;0;0;0;0;0;0;0;0;0;0;0;0;0;1;1;0;0;-1;-1;-1;-1;-1;-1;-1;-1;-1;-1;-1;-1;-1;0;0;0;0;100;0;100;0;0;6;1;6;1;Nitra;Zemplín Michalovce;1.73;0.73;3;0;3;0;100;100;100;100;0;100;50;0;0;0;0;447;22;N;N;N;N;N;N;N
117679;2011;2009;2017/2018;complete;638;2;-1;26,43,58,74;;4;0;4;16;2;18;0;0;2;3;0;1;11;3;17;1;28;4;7;12;74;26;2;4;1.4;4.57;9.19;0;0;0;0;0;0;0;0;0;0;0;0;0;0;0;0;0;0;0;0;0;0;0;0;0;0;0;0;0;0;0;0;0;0;0;0;0;0;0;0;0;0;0;0;0;0;0;0;0;0;0;0;0;0;0;0;0;0;0;0;0;0;0;0;0;4;2;0;2;0;2;2;2017-07-30 17:00:00;2011;0;0;0;0;0;-1;1;-1;-1;-1;-1;-1;-1;1;4;1;0;5;1;-1;0;0;0;0;0;0;0;1;0;1;0;0;0;1;1;0;0;-1;-1;0;0;-1;-1;-1;-1;-1;-1;-1;-1;-1;0;0;0;0;0;0;0;0;0;0;0;0;0;Ružomberok;Senica;1.73;0.27;0;0;0;0;0;0;0;0;0;0;0;0;0;0;0;447;22;Y;Y;Y;Y;N;N;N
117680;2009;982;2017/2018;complete;638;3;-1;81;2;1;1;2;2;5;7;0;3;2;3;0;0;4;2;5;6;9;8;10;17;33;67;2;3;9.99;4.94;1.33;0;0;0;0;0;0;0;0;0;0;0;0;0;0;0;0;0;0;0;0;0;0;0;0;0;0;0;0;0;0;0;0;0;0;0;0;0;0;0;0;0;0;0;0;0;0;0;0;0;0;0;0;0;0;0;0;0;0;0;0;0;0;0;0;0;2;0;1;1;0;1;1;2017-08-04 16:30:00;-1;0;100;0;100;0;-1;1;-1;-1;-1;-1;-1;-1;1;3;1;0;4;1;-1;0;0;0;0;0;0;0;0;0;0;0;0;0;1;1;0;1;-1;-1;0;0;-1;-1;-1;-1;-1;-1;-1;-1;-1;50;50;100;100;100;0;100;100;100;6;6;5;4.5;Senica;Slovan Bratislava;1;1.45;0;3;0;3;50;50;0;0;0;50;50;0;0;0;0;447;22;Y;Y;N;N;N;N;Y
117681;2042;2015;2017/2018;complete;638;3;-1;;60,70,74,83;0;4;4;7;4;11;3;3;1;1;0;0;5;5;8;4;13;9;10;23;46;54;1;1;2.62;3.22;2.87;0;0;0;0;0;0;0;0;0;0;0;0;0;0;0;0;0;0;0;0;0;0;0;0;0;0;0;0;0;0;0;0;0;0;0;0;0;0;0;0;0;0;0;0;0;0;0;0;0;0;0;0;0;0;0;0;0;0;0;0;0;0;0;0;0;4;0;0;0;4;4;0;2017-08-04 17:00:00;2015;0;50;0;50;0;-1;1;-1;-1;-1;-1;-1;-1;0;1;1;0;1;1;-1;0;0;0;0;0;0;0;0;0;0;0;0;0;1;1;0;0;-1;-1;0;0;-1;-1;-1;-1;-1;-1;-1;-1;-1;50;50;50;50;50;0;50;50;50;1;2;4;3;Tatran Prešov;Nitra;0.64;1;0;0;1.5;2;0;0;0;0;0;0;0;0;0;0;0;447;22;Y;Y;Y;Y;N;N;N
117682;2010;110;2017/2018;complete;638;3;-1;31,54;23;2;1;3;2;11;13;2;1;2;3;0;2;5;5;6;8;11;13;11;24;39;61;2;5;2.43;3.44;2.96;0;0;0;0;0;0;0;0;0;0;0;0;0;0;0;0;0;0;0;0;0;0;0;0;0;0;0;0;0;0;0;0;0;0;0;0;0;0;0;0;0;0;0;0;0;0;0;0;0;0;0;0;0;0;0;0;0;0;0;0;0;0;0;0;0;3;1;1;1;0;1;2;2017-08-05 16:30:00;2010;0;50;0;50;0;-1;1;-1;-1;-1;-1;-1;-1;0;0;2;5;0;7;-1;0;0;0;0;0;0;0;1;0;1;0;0;0;1;1;0;0;-1;-1;0;0;-1;-1;-1;-1;-1;-1;-1;-1;-1;0;0;50;50;100;0;100;50;50;14;4;2;2;Spartak Trnava;Trenčín;2.27;1.73;3;3;3;1.5;100;100;50;50;0;100;100;0;0;0;0;447;22;Y;Y;Y;N;N;N;Y
117683;2005;2008;2017/2018;complete;638;3;-1;64;;1;0;1;2;5;7;2;1;2;1;0;0;9;4;7;8;16;12;13;13;47;53;2;1;2.14;3.45;3.54;0;0;0;0;0;0;0;0;0;0;0;0;0;0;0;0;0;0;0;0;0;0;0;0;0;0;0;0;0;0;0;0;0;0;0;0;0;0;0;0;0;0;0;0;0;0;0;0;0;0;0;0;0;0;0;0;0;0;0;0;0;0;0;0;0;1;0;0;1;0;1;0;2017-08-05 17:00:00;2005;0;50;0;0;0;-1;1;-1;-1;-1;-1;-1;-1;1;1;1;0;2;1;-1;0;0;0;0;0;0;0;0;0;0;0;0;0;1;1;0;0;-1;-1;0;0;-1;-1;-1;-1;-1;-1;-1;-1;-1;0;0;50;50;75;50;75;50;0;11;1.5;5;1.75;Podbrezová;Zemplín Michalovce;1.45;0.73;0;0.5;0;0.5;100;100;50;50;25;100;100;0;0;0;0;447;22;Y;N;N;N;N;N;N
117684;2006;1217;2017/2018;complete;638;3;-1;27,73;;2;0;2;5;9;14;4;3;1;2;0;0;6;3;8;9;14;12;13;16;35;65;1;2;3.84;3.57;2;0;0;0;0;0;0;0;0;0;0;0;0;0;0;0;0;0;0;0;0;0;0;0;0;0;0;0;0;0;0;0;0;0;0;0;0;0;0;0;0;0;0;0;0;0;0;0;0;0;0;0;0;0;0;0;0;0;0;0;0;0;0;0;0;0;2;1;0;1;0;1;1;2017-08-05 17:00:00;2006;0;50;50;0;0;-1;1;-1;-1;-1;-1;-1;-1;1;1;0;1;2;1;-1;0;0;0;0;0;0;0;0;0;0;0;0;0;1;1;0;0;-1;-1;1;0;-1;-1;-1;-1;-1;-1;-1;-1;-1;0;0;50;50;100;50;100;50;0;18;4;2;2;Zlaté Moravce;Žilina;1.73;0.82;3;0;1.5;0;100;100;50;50;0;100;50;50;0;0;0;447;22;Y;Y;N;N;N;N;N
117685;2007;2011;2017/2018;complete;638;3;-1;5;61;1;1;2;6;5;11;1;4;2;1;0;0;6;2;4;7;10;9;17;7;54;46;2;1;2.14;3.4;3.59;0;0;0;0;0;0;0;0;0;0;0;0;0;0;0;0;0;0;0;0;0;0;0;0;0;0;0;0;0;0;0;0;0;0;0;0;0;0;0;0;0;0;0;0;0;0;0;0;0;0;0;0;0;0;0;0;0;0;0;0;0;0;0;0;0;2;1;0;0;1;1;1;2017-08-06 16:30:00;-1;0;50;50;0;0;-1;1;-1;-1;-1;-1;-1;-1;1;1;1;0;2;1;-1;0;0;0;0;0;0;0;1;0;1;0;0;0;1;1;1;0;-1;-1;0;0;-1;-1;-1;-1;-1;-1;-1;-1;-1;0;0;50;50;100;50;100;50;0;8;2;2;2;DAC;Ružomberok;1.82;1.27;3;0;3;1.5;100;100;50;50;0;50;50;50;0;0;0;447;22;Y;Y;N;N;N;N;Y
117686;2015;2006;2017/2018;complete;638;4;-1;47;;1;0;1;4;4;8;6;0;2;3;0;1;7;4;8;8;15;12;4;22;46;54;2;4;2.29;3.38;3.25;0;0;0;0;0;0;0;0;0;0;0;0;0;0;0;0;0;0;0;0;0;0;0;0;0;0;0;0;0;0;0;0;0;0;0;0;0;0;0;0;0;0;0;0;0;0;0;0;0;0;0;0;0;0;0;0;0;0;0;0;0;0;0;0;0;1;0;0;1;0;1;0;2017-08-11 16:30:00;2015;0;50;50;0;0;-1;1;-1;-1;-1;-1;-1;-1;1;2;1;2;3;3;-1;0;0;0;0;0;0;0;0;0;0;0;0;0;1;1;0;0;-1;-1;0;1;-1;-1;-1;-1;-1;-1;-1;-1;-1;0;0;50;50;75;50;75;50;0;7;5.5;4;1.75;Nitra;Zlaté Moravce;1.73;0.55;2;0;2.33;2;100;100;50;50;25;100;75;50;0;0;0;447;22;Y;N;N;N;N;N;N
117687;2008;2042;2017/2018;complete;638;4;-1;;53;0;1;1;7;0;7;4;3;3;2;0;0;5;6;5;7;10;13;16;18;62;38;3;2;0;0;0;0;0;0;0;0;0;0;0;0;0;0;0;0;0;0;0;0;0;0;0;0;0;0;0;0;0;0;0;0;0;0;0;0;0;0;0;0;0;0;0;0;0;0;0;0;0;0;0;0;0;0;0;0;0;0;0;0;0;0;0;0;0;0;0;0;1;0;0;0;1;1;0;2017-08-12 16:30:00;2042;0;50;50;0;0;-1;1;-1;-1;-1;-1;-1;-1;1;0;2;2;1;4;-1;0;0;0;0;0;0;0;0;0;0;0;0;0;1;1;0;0;-1;-1;0;0;-1;-1;-1;-1;-1;-1;-1;-1;-1;50;50;50;50;50;50;50;50;0;3;2;4;2.5;Zemplín Michalovce;Tatran Prešov;1.45;0.64;0;3;0.33;1;0;0;0;0;0;50;50;50;0;0;0;447;22;Y;N;N;N;N;N;N
117688;1217;2009;2017/2018;complete;638;4;-1;20,29,34,35,74,78,84;67;7;1;8;4;3;7;1;1;2;4;0;0;10;3;9;2;19;5;12;10;65;35;2;4;1.21;7;9.99;0;0;0;0;0;0;0;0;0;0;0;0;0;0;0;0;0;0;0;0;0;0;0;0;0;0;0;0;0;0;0;0;0;0;0;0;0;0;0;0;0;0;0;0;0;0;0;0;0;0;0;0;0;0;0;0;0;0;0;0;0;0;0;0;0;8;4;0;3;1;4;4;2017-08-12 17:00:00;1217;0;50;50;0;0;-1;1;-1;-1;-1;-1;-1;-1;0;0;2;4;0;6;-1;0;0;0;0;0;0;0;0;1;0;1;0;0;1;1;0;0;-1;-1;0;0;-1;-1;-1;-1;-1;-1;-1;-1;-1;50;100;100;100;100;100;100;100;50;11;1;5;4.5;Žilina;Senica;2.55;0.27;0;0;0;0.33;50;0;0;0;0;100;100;100;0;0;0;447;22;Y;Y;Y;Y;Y;Y;Y
117689;2011;2010;2017/2018;complete;638;4;-1;;9,20;0;2;2;11;2;13;2;2;0;0;0;0;7;3;7;3;14;6;15;9;63;37;0;0;2.18;3.47;3.41;0;0;0;0;0;0;0;0;0;0;0;0;0;0;0;0;0;0;0;0;0;0;0;0;0;0;0;0;0;0;0;0;0;0;0;0;0;0;0;0;0;0;0;0;0;0;0;0;0;0;0;0;0;0;0;0;0;0;0;0;0;0;0;0;0;2;0;2;0;0;0;2;2017-08-12 17:00:00;2010;0;50;0;0;0;-1;-1;-1;-1;-1;-1;-1;-1;0;0;0;0;0;0;-1;0;0;0;0;0;0;0;0;0;0;0;0;0;1;1;0;1;-1;-1;-1;-1;-1;-1;-1;-1;-1;-1;-1;-1;-1;0;50;100;100;100;100;100;100;50;20;1;5;3.5;Ružomberok;Spartak Trnava;1.73;2.27;3;3;1.33;3;100;50;0;0;0;100;100;50;0;0;0;447;22;Y;Y;N;N;N;N;N
117690;110;2005;2017/2018;complete;638;4;-1;39;69;1;1;2;10;0;10;1;1;0;3;0;0;4;2;15;6;19;8;12;12;61;39;0;3;1.41;4.8;8.16;0;0;0;0;0;0;0;0;0;0;0;0;0;0;0;0;0;0;0;0;0;0;0;0;0;0;0;0;0;0;0;0;0;0;0;0;0;0;0;0;0;0;0;0;0;0;0;0;0;0;0;0;0;0;0;0;0;0;0;0;0;0;0;0;0;2;1;0;0;1;1;1;2017-08-12 17:00:00;-1;0;50;0;50;0;-1;1;-1;-1;-1;-1;-1;-1;0;2;0;1;2;1;-1;0;0;0;0;0;0;0;0;0;0;0;0;0;1;1;0;0;-1;-1;0;0;-1;-1;-1;-1;-1;-1;-1;-1;-1;0;0;50;50;100;0;100;50;50;11;4;4;2;Trenčín;Podbrezová;1.55;0.36;0;0;1;1;100;100;50;50;0;50;50;50;0;0;0;447;22;Y;Y;N;N;N;N;Y
117691;982;2007;2017/2018;complete;638;4;-1;53;62;1;1;2;7;3;10;2;6;2;4;0;0;7;4;7;4;14;8;18;20;49;51;2;4;1.81;3.8;4.43;0;0;0;0;0;0;0;0;0;0;0;0;0;0;0;0;0;0;0;0;0;0;0;0;0;0;0;0;0;0;0;0;0;0;0;0;0;0;0;0;0;0;0;0;0;0;0;0;0;0;0;0;0;0;0;0;0;0;0;0;0;0;0;0;0;2;0;0;1;1;2;0;2017-08-13 16:30:00;-1;0;100;50;50;0;-1;1;-1;-1;-1;-1;-1;-1;1;0;1;4;1;5;-1;0;0;0;0;0;0;0;0;0;0;0;0;0;1;1;0;0;-1;-1;0;0;-1;-1;-1;-1;-1;-1;-1;-1;-1;0;0;100;100;100;50;100;100;50;10;3;2;3;Slovan Bratislava;DAC;2.27;1.73;3;3;2.33;2.33;100;100;0;0;0;100;100;100;0;0;0;447;22;Y;Y;N;N;N;N;Y
117692;2005;2011;2017/2018;complete;638;5;-1;78;21,56,81;1;3;4;0;7;7;0;1;2;4;1;0;3;5;6;7;9;12;23;18;45;55;3;4;3.21;3.42;2.29;0;0;0;0;0;0;0;0;0;0;0;0;0;0;0;0;0;0;0;0;0;0;0;0;0;0;0;0;0;0;0;0;0;0;0;0;0;0;0;0;0;0;0;0;0;0;0;0;0;0;0;0;0;0;0;0;0;0;0;0;0;0;0;0;0;4;0;1;1;2;3;1;2017-08-18 16:30:00;2011;0;75;25;0;0;-1;1;-1;-1;-1;-1;-1;-1;1;1;2;3;2;5;-1;0;0;0;0;0;0;0;0;0;0;0;0;0;1;1;0;0;-1;-1;0;0;-1;-1;-1;-1;-1;-1;-1;-1;-1;0;0;50;75;100;50;75;100;0;7.5;3.5;3.5;2.25;Podbrezová;Ružomberok;1.45;1.27;1.5;0.5;1;1;100;100;50;25;0;75;75;50;0;0;0;447;22;Y;Y;Y;Y;N;N;Y
117693;2010;982;2017/2018;complete;638;5;-1;77;27,30;1;2;3;6;4;10;1;6;2;5;0;0;9;4;4;9;13;13;15;10;51;49;2;5;2.55;3.34;2.87;0;0;0;0;0;0;0;0;0;0;0;0;0;0;0;0;0;0;0;0;0;0;0;0;0;0;0;0;0;0;0;0;0;0;0;0;0;0;0;0;0;0;0;0;0;0;0;0;0;0;0;0;0;0;0;0;0;0;0;0;0;0;0;0;0;3;0;2;1;0;1;2;2017-08-19 16:30:00;982;0;75;25;25;0;-1;1;-1;-1;-1;-1;-1;-1;0;2;2;3;2;5;-1;0;0;0;0;0;0;0;0;0;0;0;0;0;1;1;0;0;-1;-1;0;0;-1;-1;-1;-1;-1;-1;-1;-1;-1;25;25;50;75;100;25;100;75;25;8.5;6;5;3;Spartak Trnava;Slovan Bratislava;2.27;1.45;3;2;3;2;75;75;50;25;0;50;50;25;0;0;0;447;22;Y;Y;Y;N;N;N;Y
117694;110;2008;2017/2018;complete;638;5;-1;76;65,70;1;2;3;7;2;9;3;4;3;2;0;0;4;3;16;3;20;6;18;12;63;37;3;2;1.4;5.02;8.05;0;0;0;0;0;0;0;0;0;0;0;0;0;0;0;0;0;0;0;0;0;0;0;0;0;0;0;0;0;0;0;0;0;0;0;0;0;0;0;0;0;0;0;0;0;0;0;0;0;0;0;0;0;0;0;0;0;0;0;0;0;0;0;0;0;3;0;0;1;2;3;0;2017-08-19 17:00:00;2008;0;50;0;25;0;-1;1;-1;-1;-1;-1;-1;-1;0;0;3;2;0;5;-1;0;0;0;0;0;0;0;0;0;0;0;0;0;1;1;0;0;-1;-1;0;0;-1;-1;-1;-1;-1;-1;-1;-1;-1;0;0;25;50;84;0;67;67;25;15;2.17;2.17;1.59;Trenčín;Zemplín Michalovce;1.55;0.73;0.5;0.33;1;0.25;100;100;75;50;17;84;84;25;0;0;0;447;22;Y;Y;Y;N;N;N;Y
117695;2006;2042;2017/2018;complete;638;5;-1;26,40,45,51;24;4;1;5;6;2;8;3;1;2;3;0;0;7;5;11;7;18;12;12;12;60;40;2;3;1.67;3.92;5.4;0;0;0;0;0;0;0;0;0;0;0;0;0;0;0;0;0;0;0;0;0;0;0;0;0;0;0;0;0;0;0;0;0;0;0;0;0;0;0;0;0;0;0;0;0;0;0;0;0;0;0;0;0;0;0;0;0;0;0;0;0;0;0;0;0;5;3;1;1;0;1;4;2017-08-19 17:00:00;2006;0;50;50;0;0;-1;1;-1;-1;-1;-1;-1;-1;0;2;2;1;2;3;-1;0;0;0;0;0;0;0;0;0;0;0;0;0;1;1;0;0;-1;-1;0;0;-1;-1;-1;-1;-1;-1;-1;-1;-1;25;25;50;75;100;50;75;100;0;9;6.5;3.5;2.75;Zlaté Moravce;Tatran Prešov;1.73;0.64;3;3;1.5;1.5;75;75;50;25;0;75;75;75;0;0;0;447;22;Y;Y;Y;Y;Y;N;Y
117696;2009;2015;2017/2018;complete;638;5;-1;;65;0;1;1;1;5;6;2;2;5;3;1;1;3;3;5;9;8;12;17;15;46;54;7;5;3.23;3.2;2.39;0;0;0;0;0;0;0;0;0;0;0;0;0;0;0;0;0;0;0;0;0;0;0;0;0;0;0;0;0;0;0;0;0;0;0;0;0;0;0;0;0;0;0;0;0;0;0;0;0;0;0;0;0;0;0;0;0;0;0;0;0;0;0;0;0;1;0;0;0;1;1;0;2017-08-19 17:00:00;2015;0;50;0;25;0;-1;1;-1;-1;-1;-1;-1;-1;0;1;6;3;1;9;-1;0;0;0;0;0;0;0;0;1;0;1;0;0;1;1;0;0;-1;-1;0;0;-1;-1;-1;-1;-1;-1;-1;-1;-1;0;50;75;100;100;0;50;100;75;5.5;3.5;2.5;3.25;Senica;Nitra;1;1;0.5;3;0.25;2.5;100;50;25;0;0;75;75;50;0;0;0;447;22;Y;N;N;N;N;N;N
117697;2007;1217;2017/2018;complete;638;5;-1;15,48,64,90;66,78;4;2;6;8;3;11;4;5;2;1;0;0;12;4;7;2;19;6;8;7;39;61;2;1;3.05;3.42;2.38;0;0;0;0;0;0;0;0;0;0;0;0;0;0;0;0;0;0;0;0;0;0;0;0;0;0;0;0;0;0;0;0;0;0;0;0;0;0;0;0;0;0;0;0;0;0;0;0;0;0;0;0;0;0;0;0;0;0;0;0;0;0;0;0;0;6;1;0;3;2;5;1;2017-08-20 16:30:00;2007;0;25;0;0;0;-1;1;-1;-1;-1;-1;-1;-1;1;1;1;0;2;1;-1;0;0;0;0;0;0;0;0;0;0;0;0;0;1;1;0;0;-1;-1;0;0;-1;-1;-1;-1;-1;-1;-1;-1;-1;0;0;0;50;100;0;100;50;0;14.5;3;3.5;1.5;DAC;Žilina;1.82;0.82;2;0;2;0.75;100;100;100;50;0;75;50;50;0;0;0;447;22;Y;Y;Y;Y;Y;Y;Y
117698;1217;2010;2017/2018;complete;638;6;-1;13,81,90;17;3;1;4;7;6;13;3;0;3;3;0;0;8;2;10;8;18;10;14;6;64;36;3;3;1.68;4.03;5.11;0;0;0;0;0;0;0;0;0;0;0;0;0;0;0;0;0;0;0;0;0;0;0;0;0;0;0;0;0;0;0;0;0;0;0;0;0;0;0;0;0;0;0;0;0;0;0;0;0;0;0;0;0;0;0;0;0;0;0;0;0;0;0;0;0;4;1;1;2;0;2;2;2017-08-25 16:30:00;1217;0;75;25;25;0;-1;1;-1;-1;-1;-1;-1;-1;0;1;3;2;1;5;-1;0;0;0;0;0;0;0;0;0;0;0;0;0;1;1;0;0;-1;-1;0;0;-1;-1;-1;-1;-1;-1;-1;-1;-1;50;50;75;100;100;100;100;75;25;9.5;2.5;3;4.5;Žilina;Spartak Trnava;2.55;2.27;1.5;3;0.6;2.4;50;50;25;0;0;75;75;50;0;0;0;447;22;Y;Y;Y;Y;N;N;Y
117699;2011;110;2017/2018;complete;638;6;-1;26,50,84;11,14,56;3;3;6;4;4;8;7;3;0;0;0;0;7;7;7;4;14;11;8;18;53;47;0;0;2.16;3.62;3.32;0;0;0;0;0;0;0;0;0;0;0;0;0;0;0;0;0;0;0;0;0;0;0;0;0;0;0;0;0;0;0;0;0;0;0;0;0;0;0;0;0;0;0;0;0;0;0;0;0;0;0;0;0;0;0;0;0;0;0;0;0;0;0;0;0;6;1;2;2;1;3;3;2017-08-26 16:30:00;-1;0;50;25;25;0;-1;-1;-1;-1;-1;-1;-1;-1;0;0;0;0;0;0;-1;0;0;0;0;0;0;0;0;0;0;0;0;0;1;1;0;0;-1;-1;-1;-1;-1;-1;-1;-1;-1;-1;-1;-1;-1;0;25;75;100;100;75;100;75;50;23.5;2.5;4;3;Ružomberok;Trenčín;1.73;1.73;1.5;1.5;1.4;0.8;100;75;25;0;0;100;100;75;0;0;0;447;22;Y;Y;Y;Y;Y;Y;Y
117700;2008;2006;2017/2018;complete;638;6;-1;17,60;;2;0;2;1;3;4;2;1;2;1;0;1;7;5;12;6;19;11;10;16;54;46;2;2;2.47;3.36;2.96;0;0;0;0;0;0;0;0;0;0;0;0;0;0;0;0;0;0;0;0;0;0;0;0;0;0;0;0;0;0;0;0;0;0;0;0;0;0;0;0;0;0;0;0;0;0;0;0;0;0;0;0;0;0;0;0;0;0;0;0;0;0;0;0;0;2;1;0;1;0;1;1;2017-08-26 17:00:00;2008;0;25;25;0;0;-1;1;-1;-1;-1;-1;-1;-1;0;1;2;1;1;3;-1;0;0;0;0;0;0;0;0;0;0;0;0;0;1;1;0;0;-1;-1;0;0;-1;-1;-1;-1;-1;-1;-1;-1;-1;0;0;25;25;100;25;25;100;0;11;6.5;6.5;1.5;Zemplín Michalovce;Zlaté Moravce;1.45;0.55;0;0;0.8;1.8;100;100;75;75;0;25;25;25;0;0;0;447;22;Y;Y;N;N;N;N;N
117701;2042;2009;2017/2018;complete;638;6;-1;28,61;69,90;2;2;4;6;1;7;1;3;0;2;1;1;6;6;9;6;15;12;21;21;52;48;2;4;1.9;3.56;4.28;0;0;0;0;0;0;0;0;0;0;0;0;0;0;0;0;0;0;0;0;0;0;0;0;0;0;0;0;0;0;0;0;0;0;0;0;0;0;0;0;0;0;0;0;0;0;0;0;0;0;0;0;0;0;0;0;0;0;0;0;0;0;0;0;0;4;1;0;1;2;3;1;2017-08-26 17:00:00;-1;0;50;0;50;0;-1;1;-1;-1;-1;-1;-1;-1;0;0;1;3;0;4;-1;0;0;0;0;0;0;0;0;0;0;0;0;0;1;1;0;0;-1;-1;0;0;-1;-1;-1;-1;-1;-1;-1;-1;-1;50;100;100;100;100;50;75;100;100;6.5;3;6.5;5.5;Tatran Prešov;Senica;0.64;0.27;0;0;1.2;0.2;50;0;0;0;0;50;50;50;0;0;0;447;22;Y;Y;Y;Y;N;N;Y
117702;2015;2007;2017/2018;complete;638;6;-1;47,79,83;20;3;1;4;3;6;9;2;3;2;2;0;0;5;4;2;8;7;12;17;17;39;61;2;2;3.22;3.31;2.34;0;0;0;0;0;0;0;0;0;0;0;0;0;0;0;0;0;0;0;0;0;0;0;0;0;0;0;0;0;0;0;0;0;0;0;0;0;0;0;0;0;0;0;0;0;0;0;0;0;0;0;0;0;0;0;0;0;0;0;0;0;0;0;0;0;4;0;1;3;0;3;1;2017-08-26 17:00:00;2015;0;50;0;50;0;-1;1;-1;-1;-1;-1;-1;-1;0;0;2;2;0;4;-1;0;0;0;0;0;0;0;0;0;0;0;0;0;1;1;0;0;-1;-1;0;0;-1;-1;-1;-1;-1;-1;-1;-1;-1;0;0;25;50;84;0;42;67;50;5.33;6.33;4.33;1.59;Nitra;DAC;1.73;1.73;2.33;2;2.6;2.2;100;100;75;50;17;84;67;25;0;0;0;447;22;Y;Y;Y;Y;N;N;Y
117703;982;2005;2017/2018;complete;638;6;-1;4,11,52,80;75;4;1;5;3;2;5;2;5;0;0;1;0;7;5;7;3;14;8;14;8;50;50;2;0;1.29;5.69;9.99;0;0;0;0;0;0;0;0;0;0;0;0;0;0;0;0;0;0;0;0;0;0;0;0;0;0;0;0;0;0;0;0;0;0;0;0;0;0;0;0;0;0;0;0;0;0;0;0;0;0;0;0;0;0;0;0;0;0;0;0;0;0;0;0;0;5;2;0;2;1;3;2;2017-08-27 16:00:00;982;0;75;25;25;0;-1;1;-1;-1;-1;-1;-1;-1;0;0;1;0;0;1;-1;0;0;0;0;0;0;0;0;0;0;0;0;0;1;1;1;0;-1;-1;0;0;-1;-1;-1;-1;-1;-1;-1;-1;-1;0;0;25;75;100;25;75;75;25;8.5;3;4;2;Slovan Bratislava;Podbrezová;2.27;0.36;2;0.5;2.2;0.8;100;100;75;25;0;75;75;25;0;0;0;447;22;Y;Y;Y;Y;Y;N;Y
117704;110;982;2017/2018;complete;638;7;-1;27,53;40,80;2;2;4;11;3;14;0;2;1;0;0;0;13;5;13;8;26;13;15;8;54;46;1;0;2.85;3.64;2.41;0;0;0;0;0;0;0;0;0;0;0;0;0;0;0;0;0;0;0;0;0;0;0;0;0;0;0;0;0;0;0;0;0;0;0;0;0;0;0;0;0;0;0;0;0;0;0;0;0;0;0;0;0;0;0;0;0;0;0;0;0;0;0;0;0;4;1;1;1;1;2;2;2017-09-09 15:00:00;-1;0;100;0;50;0;-1;1;-1;-1;-1;-1;-1;-1;1;0;0;0;1;0;-1;0;0;0;0;0;0;0;1;0;1;0;0;0;1;1;0;0;-1;-1;0;0;-1;-1;-1;-1;-1;-1;-1;-1;-1;17;17;67;100;100;17;84;100;50;13.67;6.67;5.33;3.17;Trenčín;Slovan Bratislava;1.55;1.45;0.33;2.33;0.83;2.33;84;84;33;0;0;67;50;17;0;0;0;447;22;Y;Y;Y;Y;N;N;Y
117705;2011;2008;2017/2018;complete;638;7;-1;79,88;6;2;1;3;12;5;17;3;1;1;1;0;0;7;5;11;5;18;10;7;12;64;36;1;1;1.47;4.66;7;0;0;0;0;0;0;0;0;0;0;0;0;0;0;0;0;0;0;0;0;0;0;0;0;0;0;0;0;0;0;0;0;0;0;0;0;0;0;0;0;0;0;0;0;0;0;0;0;0;0;0;0;0;0;0;0;0;0;0;0;0;0;0;0;0;3;0;1;2;0;2;1;2017-09-09 17:00:00;2011;0;29;17;29;0;-1;1;-1;-1;-1;-1;-1;-1;0;0;1;1;0;2;-1;0;0;0;0;0;0;0;0;0;0;0;0;0;1;1;0;1;-1;-1;0;0;-1;-1;-1;-1;-1;-1;-1;-1;-1;17;34;46;63;88;50;63;59;46;14.58;4.5;2.42;2.63;Ružomberok;Zemplín Michalovce;1.73;0.73;1.33;1;1.33;1.17;84;67;54;38;13;71;59;34;0;0;0;447;22;Y;Y;Y;N;N;N;Y
117706;2005;1217;2017/2018;complete;638;7;-1;15,76;4,52,66,75;2;4;6;11;6;17;3;2;2;2;0;0;7;7;11;7;18;14;10;13;45;55;2;2;4.03;3.92;1.86;0;0;0;0;0;0;0;0;0;0;0;0;0;0;0;0;0;0;0;0;0;0;0;0;0;0;0;0;0;0;0;0;0;0;0;0;0;0;0;0;0;0;0;0;0;0;0;0;0;0;0;0;0;0;0;0;0;0;0;0;0;0;0;0;0;6;1;1;1;3;4;2;2017-09-09 17:00:00;1217;0;50;0;33;0;-1;1;-1;-1;-1;-1;-1;-1;0;1;2;1;1;3;-1;0;0;0;0;0;0;0;1;0;1;0;0;0;1;1;0;1;-1;-1;0;0;-1;-1;-1;-1;-1;-1;-1;-1;-1;17;33;50;67;100;17;84;84;33;9.34;3.67;4.34;2.84;Podbrezová;Žilina;1.45;0.82;1;0;0.67;1;84;67;50;33;0;67;50;34;0;0;0;447;22;Y;Y;Y;Y;Y;Y;Y
117707;2007;2042;2017/2018;complete;638;7;-1;;;0;0;0;6;2;8;3;3;2;1;0;0;3;0;10;5;13;5;16;23;67;33;2;1;0;0;0;0;0;0;0;0;0;0;0;0;0;0;0;0;0;0;0;0;0;0;0;0;0;0;0;0;0;0;0;0;0;0;0;0;0;0;0;0;0;0;0;0;0;0;0;0;0;0;0;0;0;0;0;0;0;0;0;0;0;0;0;0;0;0;0;0;0;0;0;0;0;0;0;2017-09-09 17:00:00;-1;0;67;34;17;0;-1;1;-1;-1;-1;-1;-1;-1;0;1;2;0;1;2;-1;0;0;0;0;0;0;0;0;0;0;0;0;0;1;1;0;0;-1;-1;0;1;-1;-1;-1;-1;-1;-1;-1;-1;-1;50;50;50;67;100;34;84;84;17;8.34;4.33;4.67;3.34;DAC;Tatran Prešov;1.82;0.64;2.33;2;1.83;1.17;50;50;50;33;0;50;50;50;0;0;0;447;22;N;N;N;N;N;N;N
117708;2009;2006;2017/2018;complete;638;7;-1;;45;0;1;1;6;7;13;4;0;1;3;0;0;4;5;7;8;11;13;9;19;44;56;1;3;2.96;3.2;2.57;0;0;0;0;0;0;0;0;0;0;0;0;0;0;0;0;0;0;0;0;0;0;0;0;0;0;0;0;0;0;0;0;0;0;0;0;0;0;0;0;0;0;0;0;0;0;0;0;0;0;0;0;0;0;0;0;0;0;0;0;0;0;0;0;0;1;0;1;0;0;0;1;2017-09-09 17:00:00;2006;0;50;17;17;0;-1;1;-1;-1;-1;-1;-1;-1;0;0;1;3;0;4;-1;0;0;0;0;0;0;0;0;1;0;1;0;0;1;1;0;0;-1;-1;0;0;-1;-1;-1;-1;-1;-1;-1;-1;-1;0;0;33;67;100;17;67;100;17;5;3;6.33;2;Senica;Zlaté Moravce;1;0.55;0.33;0;0.33;1.5;100;100;67;33;0;33;33;17;0;0;0;447;22;Y;N;N;N;N;N;N
117709;2010;2015;2017/2018;complete;638;7;-1;81,90;76;2;1;3;3;7;10;2;2;3;5;0;1;6;4;11;4;17;8;14;18;56;44;3;6;1.85;3.51;4.7;0;0;0;0;0;0;0;0;0;0;0;0;0;0;0;0;0;0;0;0;0;0;0;0;0;0;0;0;0;0;0;0;0;0;0;0;0;0;0;0;0;0;0;0;0;0;0;0;0;0;0;0;0;0;0;0;0;0;0;0;0;0;0;0;0;3;0;0;2;1;3;0;2017-09-10 17:00:00;2010;0;34;17;0;0;-1;1;-1;-1;-1;-1;-1;-1;3;3;0;3;6;3;-1;0;0;0;0;0;0;0;0;0;0;0;0;0;1;1;0;0;-1;-1;0;0;-1;-1;-1;-1;-1;-1;-1;-1;-1;0;25;59;59;100;34;50;84;25;8.83;4.17;4.67;2.42;Spartak Trnava;Nitra;2.27;1;2;3;2;2.67;100;75;42;42;0;75;75;42;0;0;0;447;22;Y;Y;Y;N;N;N;Y
117710;982;2011;2017/2018;complete;638;8;-1;32,34;83;2;1;3;6;4;10;0;2;0;0;0;0;11;6;10;0;21;6;10;16;60;40;0;0;1.55;4.45;5.88;0;0;0;0;0;0;0;0;0;0;0;0;0;0;0;0;0;0;0;0;0;0;0;0;0;0;0;0;0;0;0;0;0;0;0;0;0;0;0;0;0;0;0;0;0;0;0;0;0;0;0;0;0;0;0;0;0;0;0;0;0;0;0;0;0;3;2;0;0;1;1;2;2017-09-16 15:30:00;982;0;100;33;50;0;-1;-1;-1;-1;-1;-1;-1;-1;0;0;0;0;0;0;-1;0;0;0;0;0;0;0;0;0;0;0;0;0;1;1;0;0;-1;-1;-1;-1;-1;-1;-1;-1;-1;-1;-1;-1;-1;17;33;67;100;100;50;84;100;50;11;3.34;3.33;3.17;Slovan Bratislava;Ružomberok;2.27;1.27;2.33;1.33;2.14;1.57;84;67;33;0;0;67;67;50;0;0;0;447;22;Y;Y;Y;N;N;N;Y
117711;2008;2009;2017/2018;complete;638;8;-1;25,76;60;2;1;3;3;2;5;1;7;1;2;0;0;5;4;11;3;16;7;23;24;57;43;1;2;1.65;3.92;5.55;0;0;0;0;0;0;0;0;0;0;0;0;0;0;0;0;0;0;0;0;0;0;0;0;0;0;0;0;0;0;0;0;0;0;0;0;0;0;0;0;0;0;0;0;0;0;0;0;0;0;0;0;0;0;0;0;0;0;0;0;0;0;0;0;0;3;1;0;1;1;2;1;2017-09-16 17:00:00;2008;0;34;0;34;0;-1;1;-1;-1;-1;-1;-1;-1;0;0;1;2;0;3;-1;0;0;0;0;0;0;0;0;0;0;0;0;0;1;1;0;0;-1;-1;0;0;-1;-1;-1;-1;-1;-1;-1;-1;-1;17;50;50;75;100;34;75;100;50;6;4.33;6.5;3.42;Zemplín Michalovce;Senica;1.45;0.27;1.5;0.33;1;0.29;84;50;50;25;0;17;17;17;0;0;0;447;22;Y;Y;Y;N;N;N;Y
117712;2042;2010;2017/2018;complete;638;8;-1;;21,86;0;2;2;3;5;8;1;4;1;0;0;0;4;3;8;8;12;11;22;12;45;55;1;0;0;0;0;0;0;0;0;0;0;0;0;0;0;0;0;0;0;0;0;0;0;0;0;0;0;0;0;0;0;0;0;0;0;0;0;0;0;0;0;0;0;0;0;0;0;0;0;0;0;0;0;0;0;0;0;0;0;0;0;0;0;0;0;0;0;0;0;0;2;0;1;0;1;1;1;2017-09-16 17:00:00;2010;0;67;17;34;0;-1;1;-1;-1;-1;-1;-1;-1;1;0;0;0;1;0;-1;0;0;0;0;0;0;0;0;0;0;0;0;0;1;1;0;0;-1;-1;0;0;-1;-1;-1;-1;-1;-1;-1;-1;-1;17;67;84;100;100;50;84;84;67;8.67;3;4.33;3.84;Tatran Prešov;Spartak Trnava;0.64;2.27;0.33;2;1.14;2.14;84;34;17;0;0;67;67;50;0;0;0;447;22;Y;Y;N;N;N;N;N
117713;2015;2005;2017/2018;complete;638;8;-1;58;;1;0;1;4;11;15;2;2;0;1;0;0;4;0;6;8;10;8;13;15;46;54;0;1;1.76;3.66;5.05;0;0;0;0;0;0;0;0;0;0;0;0;0;0;0;0;0;0;0;0;0;0;0;0;0;0;0;0;0;0;0;0;0;0;0;0;0;0;0;0;0;0;0;0;0;0;0;0;0;0;0;0;0;0;0;0;0;0;0;0;0;0;0;0;0;1;0;0;1;0;1;0;2017-09-16 17:00:00;2015;0;46;0;17;0;-1;1;-1;-1;-1;-1;-1;-1;0;0;0;1;0;1;-1;0;0;0;0;0;0;0;0;0;0;0;0;0;1;1;0;0;-1;-1;0;0;-1;-1;-1;-1;-1;-1;-1;-1;-1;17;29;29;46;88;17;75;59;29;4.25;4.92;3.5;2.09;Nitra;Podbrezová;1.73;0.36;2.5;0.33;2.29;0.57;84;71;71;54;13;54;29;0;0;0;0;447;22;Y;N;N;N;N;N;N
117714;1217;110;2017/2018;complete;638;8;-1;21,38,44,71,73;28;5;1;6;3;13;16;6;1;0;0;0;0;11;7;4;19;15;26;11;11;41;59;0;0;1.89;4.24;3.62;0;0;0;0;0;0;0;0;0;0;0;0;0;0;0;0;0;0;0;0;0;0;0;0;0;0;0;0;0;0;0;0;0;0;0;0;0;0;0;0;0;0;0;0;0;0;0;0;0;0;0;0;0;0;0;0;0;0;0;0;0;0;0;0;0;6;3;1;2;0;2;4;2017-09-16 17:30:00;1217;0;100;67;50;0;-1;-1;-1;-1;-1;-1;-1;-1;0;0;0;0;0;0;-1;0;0;0;0;0;0;0;0;0;0;0;0;0;1;1;0;0;-1;-1;-1;-1;-1;-1;-1;-1;-1;-1;-1;-1;-1;50;67;100;100;100;84;100;100;67;14.67;3.67;4;4.84;Žilina;Trenčín;2.55;1.73;2;1.33;1.29;0.86;50;34;0;0;0;67;67;50;0;0;0;447;22;Y;Y;Y;Y;Y;Y;Y
117715;2006;2007;2017/2018;complete;638;8;-1;62,63;52,78,84;2;3;5;5;2;7;4;1;2;1;0;0;7;8;14;7;21;15;17;13;49;51;2;1;3.33;3.34;2.27;0;0;0;0;0;0;0;0;0;0;0;0;0;0;0;0;0;0;0;0;0;0;0;0;0;0;0;0;0;0;0;0;0;0;0;0;0;0;0;0;0;0;0;0;0;0;0;0;0;0;0;0;0;0;0;0;0;0;0;0;0;0;0;0;0;5;0;0;2;3;5;0;2017-09-17 17:00:00;2007;0;84;34;34;0;-1;1;-1;-1;-1;-1;-1;-1;2;1;0;0;3;0;-1;0;0;0;0;0;0;0;0;0;0;0;0;0;1;1;0;0;-1;-1;0;0;-1;-1;-1;-1;-1;-1;-1;-1;-1;17;33;67;100;100;34;84;100;50;10.33;7.34;3.67;3.17;Zlaté Moravce;DAC;1.73;1.73;3;1.33;1.71;1.71;84;67;33;0;0;84;67;50;0;0;0;447;22;Y;Y;Y;Y;Y;N;Y
117716;2011;1217;2017/2018;complete;638;9;-1;84;;1;0;1;5;3;8;0;2;2;0;0;0;4;0;10;7;14;7;10;15;42;58;2;0;2.86;3.95;2.34;0;0;0;0;0;0;0;0;0;0;0;0;0;0;0;0;0;0;0;0;0;0;0;0;0;0;0;0;0;0;0;0;0;0;0;0;0;0;0;0;0;0;0;0;0;0;0;0;0;0;0;0;0;0;0;0;0;0;0;0;0;0;0;0;0;1;0;0;1;0;1;0;2017-09-19 16:30:00;2011;0;50;25;38;0;-1;1;-1;-1;-1;-1;-1;-1;0;0;2;0;0;2;-1;0;0;0;0;0;0;0;0;0;0;0;0;0;1;1;0;0;-1;-1;0;0;-1;-1;-1;-1;-1;-1;-1;-1;-1;38;50;63;88;100;50;100;75;63;17.25;5.5;2.5;3.75;Ružomberok;Žilina;1.73;0.82;1.75;0.75;1.38;1.5;63;50;38;13;0;88;75;75;0;0;0;447;22;Y;N;N;N;N;N;N
117717;2005;2042;2017/2018;complete;638;9;-1;4,44;;2;0;2;4;4;8;1;3;3;2;0;0;6;6;9;9;15;15;17;13;43;57;3;2;1.72;3.9;4.96;0;0;0;0;0;0;0;0;0;0;0;0;0;0;0;0;0;0;0;0;0;0;0;0;0;0;0;0;0;0;0;0;0;0;0;0;0;0;0;0;0;0;0;0;0;0;0;0;0;0;0;0;0;0;0;0;0;0;0;0;0;0;0;0;0;2;2;0;0;0;0;2;2017-09-19 17:00:00;2005;0;63;38;25;0;-1;1;-1;-1;-1;-1;-1;-1;0;1;3;1;1;4;-1;0;0;0;0;0;0;0;0;0;0;0;0;0;1;1;1;0;-1;-1;0;0;-1;-1;-1;-1;-1;-1;-1;-1;-1;38;50;63;63;88;50;63;88;25;6.5;3.75;5;3.13;Podbrezová;Tatran Prešov;1.45;0.64;0.75;1.75;0.5;1;63;50;38;38;13;38;38;25;0;0;0;447;22;Y;Y;N;N;N;N;N
117718;982;2008;2017/2018;complete;638;9;-1;45,53,64;72;3;1;4;7;2;9;9;2;0;1;0;0;9;4;9;2;18;6;7;14;59;41;0;1;1.26;6.6;9.99;0;0;0;0;0;0;0;0;0;0;0;0;0;0;0;0;0;0;0;0;0;0;0;0;0;0;0;0;0;0;0;0;0;0;0;0;0;0;0;0;0;0;0;0;0;0;0;0;0;0;0;0;0;0;0;0;0;0;0;0;0;0;0;0;0;4;1;0;2;1;3;1;2017-09-19 18:30:00;982;0;70;13;35;0;-1;1;-1;-1;-1;-1;-1;-1;0;0;0;1;0;1;-1;0;0;0;0;0;0;0;0;0;0;0;0;0;1;1;0;0;-1;-1;0;0;-1;-1;-1;-1;-1;-1;-1;-1;-1;13;13;58;70;90;38;58;80;45;10.65;2.65;2.6;2.43;Slovan Bratislava;Zemplín Michalovce;2.27;0.73;2.5;0.8;2.25;1.25;88;88;43;30;10;78;68;23;0;0;0;447;22;Y;Y;Y;Y;N;N;Y
117719;110;2015;2017/2018;complete;638;9;-1;22,75;63;2;1;3;7;5;12;2;3;0;0;0;0;9;3;14;7;23;10;11;9;61;39;0;0;1.44;4.78;7.36;0;0;0;0;0;0;0;0;0;0;0;0;0;0;0;0;0;0;0;0;0;0;0;0;0;0;0;0;0;0;0;0;0;0;0;0;0;0;0;0;0;0;0;0;0;0;0;0;0;0;0;0;0;0;0;0;0;0;0;0;0;0;0;0;0;3;1;0;1;1;2;1;2017-09-20 16:30:00;110;0;67;13;54;0;-1;-1;-1;-1;-1;-1;-1;-1;0;0;0;0;0;0;-1;0;0;0;0;0;0;0;0;0;0;0;0;0;1;1;0;0;-1;-1;-1;-1;-1;-1;-1;-1;-1;-1;-1;-1;-1;0;29;71;84;100;13;38;100;71;14.83;3.83;5.25;2.84;Trenčín;Nitra;1.55;1;0.5;2;0.75;2.38;100;71;29;17;0;84;71;42;0;0;0;447;22;Y;Y;Y;N;N;N;Y
117720;2010;2006;2017/2018;complete;638;9;-1;32;;1;0;1;5;3;8;0;2;1;3;0;0;5;3;9;6;14;9;9;23;52;48;1;3;1.62;4.12;5.6;0;0;0;0;0;0;0;0;0;0;0;0;0;0;0;0;0;0;0;0;0;0;0;0;0;0;0;0;0;0;0;0;0;0;0;0;0;0;0;0;0;0;0;0;0;0;0;0;0;0;0;0;0;0;0;0;0;0;0;0;0;0;0;0;0;1;1;0;0;0;0;1;2017-09-20 17:00:00;2010;0;50;25;13;0;-1;1;-1;-1;-1;-1;-1;-1;1;2;0;1;3;1;-1;0;0;0;0;0;0;0;0;0;0;0;0;0;1;1;0;0;-1;-1;0;1;-1;-1;-1;-1;-1;-1;-1;-1;-1;0;0;50;63;100;38;75;75;13;8.5;3.25;5;2.13;Spartak Trnava;Zlaté Moravce;2.27;0.55;2.25;0.75;2.25;1.5;100;100;50;38;0;75;75;38;0;0;0;447;22;Y;N;N;N;N;N;N
117721;2007;2009;2017/2018;complete;638;9;-1;87;;1;0;1;3;2;5;0;5;1;2;0;0;5;3;10;3;15;6;9;24;60;40;1;2;1.21;6.78;9.99;0;0;0;0;0;0;0;0;0;0;0;0;0;0;0;0;0;0;0;0;0;0;0;0;0;0;0;0;0;0;0;0;0;0;0;0;0;0;0;0;0;0;0;0;0;0;0;0;0;0;0;0;0;0;0;0;0;0;0;0;0;0;0;0;0;1;0;0;1;0;1;0;2017-09-20 17:00:00;2007;0;63;0;50;0;-1;1;-1;-1;-1;-1;-1;-1;0;0;1;2;0;3;-1;0;0;0;0;0;0;0;0;0;0;0;0;0;1;1;0;0;-1;-1;0;0;-1;-1;-1;-1;-1;-1;-1;-1;-1;25;50;63;75;88;25;88;75;63;8.5;5.25;5.25;3.5;DAC;Senica;1.82;0.27;2;0.25;1.88;0.25;75;50;38;25;13;38;38;38;0;0;0;447;22;Y;N;N;N;N;N;N
117722;2015;2011;2017/2018;complete;638;10;-1;;;0;0;0;4;11;15;5;2;2;1;0;0;9;6;1;7;10;13;16;13;45;55;2;1;2.46;3.35;2.99;0;0;0;0;0;0;0;0;0;0;0;0;0;0;0;0;0;0;0;0;0;0;0;0;0;0;0;0;0;0;0;0;0;0;0;0;0;0;0;0;0;0;0;0;0;0;0;0;0;0;0;0;0;0;0;0;0;0;0;0;0;0;0;0;0;0;0;0;0;0;0;0;2017-09-23 15:00:00;-1;0;60;13;13;0;-1;1;-1;-1;-1;-1;-1;-1;0;0;2;1;0;3;-1;0;0;0;0;0;0;0;0;0;0;0;0;0;1;1;0;0;-1;-1;0;0;-1;-1;-1;-1;-1;-1;-1;-1;-1;0;23;48;60;90;25;70;80;23;7.9;3.95;2.7;2.2;Nitra;Ružomberok;1.73;1.27;2.6;1;2.11;1.56;100;78;53;40;10;78;58;35;0;0;0;447;22;N;N;N;N;N;N;N
117723;2009;2010;2017/2018;complete;638;10;-1;70;15,38,77;1;3;4;5;3;8;0;1;5;2;0;0;6;10;6;4;12;14;16;22;53;47;5;2;6.14;3.94;1.61;0;0;0;0;0;0;0;0;0;0;0;0;0;0;0;0;0;0;0;0;0;0;0;0;0;0;0;0;0;0;0;0;0;0;0;0;0;0;0;0;0;0;0;0;0;0;0;0;0;0;0;0;0;0;0;0;0;0;0;0;0;0;0;0;0;4;0;2;1;1;2;2;2017-09-23 17:00:00;2010;0;50;13;13;0;-1;1;-1;-1;-1;-1;-1;-1;2;0;3;2;2;5;-1;0;0;0;0;0;0;0;0;1;0;1;0;0;1;1;0;0;-1;-1;0;0;-1;-1;-1;-1;-1;-1;-1;-1;-1;0;13;38;75;100;38;88;75;25;6.75;3.5;4.25;2.25;Senica;Spartak Trnava;1;2.27;0.25;2.25;0.22;2.33;100;88;63;25;0;63;63;38;0;0;0;447;22;Y;Y;Y;Y;N;N;Y
117724;2006;2005;2017/2018;complete;638;10;-1;44;;1;0;1;4;1;5;3;1;2;4;0;0;7;3;6;5;13;8;12;25;57;43;2;4;2.02;3.51;3.84;0;0;0;0;0;0;0;0;0;0;0;0;0;0;0;0;0;0;0;0;0;0;0;0;0;0;0;0;0;0;0;0;0;0;0;0;0;0;0;0;0;0;0;0;0;0;0;0;0;0;0;0;0;0;0;0;0;0;0;0;0;0;0;0;0;1;1;0;0;0;0;1;2017-09-23 17:00:00;2006;0;63;25;25;0;-1;1;-1;-1;-1;-1;-1;-1;0;2;2;2;2;4;-1;0;0;0;0;0;0;0;0;0;0;0;0;0;1;1;0;0;-1;-1;0;0;-1;-1;-1;-1;-1;-1;-1;-1;-1;38;38;50;75;100;38;75;88;25;10;6.25;3;3;Zlaté Moravce;Podbrezová;1.73;0.36;2.25;0.25;1.33;0.78;63;63;50;25;0;50;50;38;0;0;0;447;22;Y;N;N;N;N;N;N
117725;2008;2007;2017/2018;complete;638;10;-1;10;44,71;1;2;3;3;1;4;3;2;4;1;0;0;5;6;8;6;13;12;15;20;54;46;4;1;3.24;3.32;2.33;0;0;0;0;0;0;0;0;0;0;0;0;0;0;0;0;0;0;0;0;0;0;0;0;0;0;0;0;0;0;0;0;0;0;0;0;0;0;0;0;0;0;0;0;0;0;0;0;0;0;0;0;0;0;0;0;0;0;0;0;0;0;0;0;0;3;1;1;0;1;1;2;2017-09-24 17:00:00;2007;0;67;0;54;0;-1;1;-1;-1;-1;-1;-1;-1;2;1;2;0;3;2;-1;0;0;0;0;0;0;0;0;0;0;0;0;0;1;1;1;0;-1;-1;0;0;-1;-1;-1;-1;-1;-1;-1;-1;-1;13;25;54;84;100;0;59;100;67;6.67;5.33;4.25;2.75;Zemplín Michalovce;DAC;1.45;1.73;2;1.75;1.11;2;88;75;46;17;0;38;25;13;0;0;0;447;22;Y;Y;Y;N;N;N;Y
117726;2042;110;2017/2018;complete;638;10;-1;;27,33,37,46,60,78,89;0;7;7;6;4;10;1;4;2;0;0;0;4;12;8;9;12;21;14;19;36;64;2;0;0;0;0;0;0;0;0;0;0;0;0;0;0;0;0;0;0;0;0;0;0;0;0;0;0;0;0;0;0;0;0;0;0;0;0;0;0;0;0;0;0;0;0;0;0;0;0;0;0;0;0;0;0;0;0;0;0;0;0;0;0;0;0;0;0;0;0;0;7;0;3;0;4;4;3;2017-09-24 17:00:00;110;0;75;38;50;0;-1;1;-1;-1;-1;-1;-1;-1;0;0;2;0;0;2;-1;0;0;0;0;0;0;0;0;0;0;0;0;0;1;1;0;0;-1;-1;0;0;-1;-1;-1;-1;-1;-1;-1;-1;-1;38;63;88;100;100;38;88;100;75;13.5;3.5;3.5;4.25;Tatran Prešov;Trenčín;0.64;1.73;0.25;1;0.89;1;63;38;13;0;0;50;50;38;0;0;0;447;22;Y;Y;Y;Y;Y;Y;N
117727;1217;982;2017/2018;complete;638;10;-1;14,55,71;9,87;3;2;5;5;12;17;2;2;2;1;0;0;8;5;12;9;20;14;12;7;51;49;2;1;2.41;3.57;2.89;0;0;0;0;0;0;0;0;0;0;0;0;0;0;0;0;0;0;0;0;0;0;0;0;0;0;0;0;0;0;0;0;0;0;0;0;0;0;0;0;0;0;0;0;0;0;0;0;0;0;0;0;0;0;0;0;0;0;0;0;0;0;0;0;0;5;1;1;2;1;3;2;2017-09-24 17:00:00;1217;0;100;50;38;0;-1;1;-1;-1;-1;-1;-1;-1;1;0;1;1;1;2;-1;0;0;0;0;0;0;0;0;0;0;0;0;0;1;1;0;1;-1;-1;0;0;-1;-1;-1;-1;-1;-1;-1;-1;-1;50;75;88;100;100;75;100;100;63;10;6.75;4.5;4.75;Žilina;Slovan Bratislava;2.55;1.45;2.25;2;1.33;2.33;50;25;13;0;0;63;63;50;0;0;0;447;22;Y;Y;Y;Y;Y;N;Y
117728;2010;2007;2017/2018;complete;638;11;-1;82,84;;2;0;2;10;1;11;2;1;0;0;0;0;5;5;11;2;16;7;13;20;62;38;0;0;0;0;0;0;0;0;0;0;0;0;0;0;0;0;0;0;0;0;0;0;0;0;0;0;0;0;0;0;0;0;0;0;0;0;0;0;0;0;0;0;0;0;0;0;0;0;0;0;0;0;0;0;0;0;0;0;0;0;0;0;0;0;0;0;0;0;0;0;2;0;0;2;0;2;0;2017-09-30 15:15:00;2010;0;80;20;40;0;-1;-1;-1;-1;-1;-1;-1;-1;0;0;0;0;0;0;-1;0;0;0;0;0;0;0;-1;-1;-1;-1;-1;-1;-1;1;0;0;-1;-1;-1;-1;-1;-1;-1;-1;-1;-1;-1;-1;-1;10;20;70;80;100;30;70;80;50;6.8;4.2;3.8;2.8;Spartak Trnava;DAC;2.27;1.73;2.4;2;2.4;2.1;90;80;30;20;0;70;60;20;0;0;0;447;22;Y;Y;N;N;N;N;N
117729;1217;2008;2017/2018;complete;638;11;-1;59,78;23;2;1;3;7;1;8;2;2;0;0;0;0;8;5;12;7;20;12;4;6;54;46;0;0;1.24;6.7;9.99;0;0;0;0;0;0;0;0;0;0;0;0;0;0;0;0;0;0;0;0;0;0;0;0;0;0;0;0;0;0;0;0;0;0;0;0;0;0;0;0;0;0;0;0;0;0;0;0;0;0;0;0;0;0;0;0;0;0;0;0;0;0;0;0;0;3;0;1;2;0;2;1;2017-09-30 17:00:00;1217;0;75;40;37;0;-1;-1;-1;-1;-1;-1;-1;-1;0;0;0;0;0;0;-1;0;0;0;0;0;0;0;-1;-1;-1;-1;-1;-1;-1;1;0;0;-1;-1;-1;-1;-1;-1;-1;-1;-1;-1;-1;-1;-1;40;59;75;75;92;50;75;84;65;9.6;4.1;3.1;3.8;Žilina;Zemplín Michalovce;2.55;0.73;2.4;0.67;1.5;1;60;42;25;25;9;82;65;49;0;0;0;447;22;Y;Y;Y;N;N;N;Y
117730;2005;2009;2017/2018;complete;638;11;-1;10;;1;0;1;6;2;8;1;3;0;0;0;0;7;6;13;4;20;10;19;20;50;50;0;0;1.53;4.08;7.05;0;0;0;0;0;0;0;0;0;0;0;0;0;0;0;0;0;0;0;0;0;0;0;0;0;0;0;0;0;0;0;0;0;0;0;0;0;0;0;0;0;0;0;0;0;0;0;0;0;0;0;0;0;0;0;0;0;0;0;0;0;0;0;0;0;1;1;0;0;0;0;1;2017-09-30 17:00:00;2005;0;60;10;50;0;-1;-1;-1;-1;-1;-1;-1;-1;0;0;0;0;0;0;-1;0;0;0;0;0;0;0;-1;-1;-1;-1;-1;-1;-1;1;1;0;-1;-1;-1;-1;-1;-1;-1;-1;-1;-1;-1;-1;-1;20;50;70;80;100;50;80;90;60;6.6;4.6;5.8;3.6;Podbrezová;Senica;1.45;0.27;1.2;0.2;0.7;0.2;80;50;30;20;0;30;30;20;0;0;0;447;22;Y;N;N;N;N;N;N
117731;982;2015;2017/2018;complete;638;11;-1;8;88;1;1;2;4;4;8;0;4;0;0;0;0;3;4;10;8;13;12;17;20;64;36;0;0;1.33;5.35;9.8;0;0;0;0;0;0;0;0;0;0;0;0;0;0;0;0;0;0;0;0;0;0;0;0;0;0;0;0;0;0;0;0;0;0;0;0;0;0;0;0;0;0;0;0;0;0;0;0;0;0;0;0;0;0;0;0;0;0;0;0;0;0;0;0;0;2;1;0;0;1;1;1;2017-09-30 17:00:00;-1;0;75;10;55;0;-1;-1;-1;-1;-1;-1;-1;-1;0;0;0;0;0;0;-1;0;0;0;0;0;0;0;-1;-1;-1;-1;-1;-1;-1;1;1;0;-1;-1;-1;-1;-1;-1;-1;-1;-1;-1;-1;-1;-1;10;33;78;88;100;30;53;100;68;11.65;5.3;3.8;3.08;Slovan Bratislava;Nitra;2.27;1;2.6;1.5;2.1;2;90;68;23;13;0;78;68;35;0;0;0;447;22;Y;Y;N;N;N;N;Y
117732;110;2006;2017/2018;complete;638;11;-1;20,75,78;;3;0;3;7;1;8;3;1;0;0;0;0;5;2;9;3;14;5;10;15;69;31;0;0;1.33;5.57;9.33;0;0;0;0;0;0;0;0;0;0;0;0;0;0;0;0;0;0;0;0;0;0;0;0;0;0;0;0;0;0;0;0;0;0;0;0;0;0;0;0;0;0;0;0;0;0;0;0;0;0;0;0;0;0;0;0;0;0;0;0;0;0;0;0;0;3;1;0;2;0;2;1;2017-09-30 18:00:00;110;0;60;20;40;0;-1;-1;-1;-1;-1;-1;-1;-1;0;0;0;0;0;0;-1;0;0;0;0;0;0;0;-1;-1;-1;-1;-1;-1;-1;1;0;0;-1;-1;-1;-1;-1;-1;-1;-1;-1;-1;-1;-1;-1;0;10;50;70;100;20;80;80;40;13.2;3.2;4;2.3;Trenčín;Zlaté Moravce;1.55;0.55;1;0.6;1.2;1.5;100;90;50;30;0;70;60;50;0;0;0;447;22;Y;Y;Y;N;N;N;N
117733;2011;2042;2017/2018;complete;638;11;-1;17,78,87;37;3;1;4;10;0;10;0;0;0;0;0;0;11;4;9;10;20;14;5;11;68;32;0;0;1.28;5.9;9.99;0;0;0;0;0;0;0;0;0;0;0;0;0;0;0;0;0;0;0;0;0;0;0;0;0;0;0;0;0;0;0;0;0;0;0;0;0;0;0;0;0;0;0;0;0;0;0;0;0;0;0;0;0;0;0;0;0;0;0;0;0;0;0;0;0;4;1;1;2;0;2;2;2017-10-01 17:00:00;2011;0;40;30;10;0;-1;-1;-1;-1;-1;-1;-1;-1;0;0;0;0;0;0;-1;0;0;0;0;0;0;0;-1;-1;-1;-1;-1;-1;-1;1;0;0;-1;-1;-1;-1;-1;-1;-1;-1;-1;-1;-1;-1;-1;30;40;50;70;90;60;70;70;30;11.8;4.8;3.4;2.9;Ružomberok;Tatran Prešov;1.73;0.64;2;1.4;1.5;0.8;70;60;50;30;10;40;40;40;0;0;0;447;22;Y;Y;Y;Y;N;N;Y
117734;2008;2010;2017/2018;complete;638;12;-1;;5,23,83;0;3;3;5;5;10;4;4;0;0;0;0;4;5;3;1;7;6;20;14;57;43;0;0;3.45;3.41;2.18;0;0;0;0;0;0;0;0;0;0;0;0;0;0;0;0;0;0;0;0;0;0;0;0;0;0;0;0;0;0;0;0;0;0;0;0;0;0;0;0;0;0;0;0;0;0;0;0;0;0;0;0;0;0;0;0;0;0;0;0;0;0;0;0;0;3;0;2;0;1;1;2;2017-10-14 13:00:00;2010;0;55;23;23;0;-1;-1;-1;-1;-1;-1;-1;-1;0;0;0;0;0;0;-1;0;0;0;0;0;0;0;-1;-1;-1;-1;-1;-1;-1;1;0;1;-1;-1;-1;-1;-1;-1;-1;-1;-1;-1;-1;-1;-1;0;20;55;88;100;53;88;90;33;7.5;4.1;4.1;2.63;Zemplín Michalovce;Spartak Trnava;1.45;2.27;1.5;2.4;0.91;2.45;100;80;45;13;0;30;30;20;0;0;0;447;22;Y;Y;Y;N;N;N;N
117735;2005;2007;2017/2018;complete;638;12;-1;;65,88;0;2;2;5;3;8;1;1;0;0;0;0;4;5;11;7;15;12;7;14;51;49;0;0;4.02;3.4;2.01;0;0;0;0;0;0;0;0;0;0;0;0;0;0;0;0;0;0;0;0;0;0;0;0;0;0;0;0;0;0;0;0;0;0;0;0;0;0;0;0;0;0;0;0;0;0;0;0;0;0;0;0;0;0;0;0;0;0;0;0;0;0;0;0;0;2;0;0;0;2;2;0;2017-10-14 15:00:00;2007;0;67;17;42;0;-1;-1;-1;-1;-1;-1;-1;-1;0;0;0;0;0;0;-1;0;0;0;0;0;0;0;-1;-1;-1;-1;-1;-1;-1;1;0;0;-1;-1;-1;-1;-1;-1;-1;-1;-1;-1;-1;-1;-1;17;33;59;84;100;34;67;84;58;7.16;3.83;3.84;3;Podbrezová;DAC;1.45;1.73;1.5;1.67;0.91;1.91;83;67;42;17;0;50;42;25;0;0;0;447;22;Y;Y;N;N;N;N;N
117736;110;2009;2017/2018;complete;638;12;-1;41,44,52,66;80;4;1;5;3;4;7;1;0;0;0;0;0;11;3;9;3;20;6;19;15;56;44;0;0;0;0;0;0;0;0;0;0;0;0;0;0;0;0;0;0;0;0;0;0;0;0;0;0;0;0;0;0;0;0;0;0;0;0;0;0;0;0;0;0;0;0;0;0;0;0;0;0;0;0;0;0;0;0;0;0;0;0;0;0;0;0;0;0;0;0;0;0;5;2;0;2;1;3;2;2017-10-14 15:00:00;110;0;67;9;59;0;-1;-1;-1;-1;-1;-1;-1;-1;0;0;0;0;0;0;-1;0;0;0;0;0;0;0;-1;-1;-1;-1;-1;-1;-1;1;0;0;-1;-1;-1;-1;-1;-1;-1;-1;-1;-1;-1;-1;-1;9;34;75;84;100;25;83;92;75;10.67;5;3.5;3.25;Trenčín;Senica;1.55;0.27;1.33;0.17;1.36;0.18;92;67;25;17;0;50;42;34;0;0;0;447;22;Y;Y;Y;Y;Y;N;Y
117737;982;2042;2017/2018;complete;638;12;-1;30,67,77;23,54;3;2;5;10;0;10;2;2;0;0;0;0;7;3;16;2;23;5;12;19;68;32;0;0;0;0;0;0;0;0;0;0;0;0;0;0;0;0;0;0;0;0;0;0;0;0;0;0;0;0;0;0;0;0;0;0;0;0;0;0;0;0;0;0;0;0;0;0;0;0;0;0;0;0;0;0;0;0;0;0;0;0;0;0;0;0;0;0;0;0;0;0;5;1;1;2;1;3;2;2017-10-14 15:00:00;982;0;75;34;25;0;-1;-1;-1;-1;-1;-1;-1;-1;0;0;0;0;0;0;-1;0;0;0;0;0;0;0;-1;-1;-1;-1;-1;-1;-1;1;0;0;-1;-1;-1;-1;-1;-1;-1;-1;-1;-1;-1;-1;-1;25;42;59;84;92;59;75;84;34;7.83;4.33;2.67;3;Slovan Bratislava;Tatran Prešov;2.27;0.64;2.33;1.17;2;0.73;75;59;42;17;9;50;42;17;0;0;0;447;22;Y;Y;Y;Y;Y;N;Y
117738;2011;2006;2017/2018;complete;638;12;-1;30;33;1;1;2;4;4;8;2;1;0;0;0;0;7;7;12;8;19;15;10;15;59;41;0;0;1.63;4.15;5.4;0;0;0;0;0;0;0;0;0;0;0;0;0;0;0;0;0;0;0;0;0;0;0;0;0;0;0;0;0;0;0;0;0;0;0;0;0;0;0;0;0;0;0;0;0;0;0;0;0;0;0;0;0;0;0;0;0;0;0;0;0;0;0;0;0;2;1;1;0;0;0;2;2017-10-14 16:00:00;-1;0;34;25;9;0;-1;-1;-1;-1;-1;-1;-1;-1;0;0;0;0;0;0;-1;0;0;0;0;0;0;0;-1;-1;-1;-1;-1;-1;-1;1;0;0;-1;-1;-1;-1;-1;-1;-1;-1;-1;-1;-1;-1;-1;9;25;50;67;100;42;83;75;42;13.34;3.5;3.33;2.58;Ružomberok;Zlaté Moravce;1.73;0.55;2.17;0.5;1.64;1.36;92;75;50;34;0;50;50;42;0;0;0;447;22;Y;Y;N;N;N;N;Y
117739;1217;2015;2017/2018;complete;638;12;-1;22,58;;2;0;2;16;14;30;2;2;0;0;0;0;8;7;13;10;21;17;9;9;59;41;0;0;1.38;5.08;8.5;0;0;1.52;0;0;0;0;0;0;0;0;0;0;0;0;0;0;0;0;0;0;0;0;0;0;0;0;0;0;0;0;0;0;0;0;0;0;0;0;0;0;0;0;0;0;0;0;0;0;0;0;0;0;0;0;0;0;0;0;0;0;0;0;0;0;2;1;0;1;0;1;1;2017-10-15 15:00:00;1217;0;80;34;37;0;-1;-1;-1;-1;-1;-1;-1;-1;0;0;0;0;0;0;-1;0;0;0;0;0;0;0;-1;-1;-1;-1;-1;-1;-1;1;0;0;-1;-1;-1;-1;-1;-1;-1;-1;-1;-1;-1;-1;-1;34;52;80;90;100;42;70;100;72;10.83;5.3;3.73;3.89;Žilina;Nitra;2.55;1;2.5;1.4;1.64;1.91;67;49;20;10;0;64;64;54;0;0;0;447;22;Y;Y;N;N;N;N;N
117740;2007;110;2017/2018;complete;638;13;-1;28;3,69;1;2;3;3;7;10;4;1;0;4;0;0;4;7;6;8;10;15;8;24;44;56;0;4;2.17;3.75;3.2;0;0;1.72;0;0;0;0;0;0;0;0;0;0;0;0;0;0;0;0;0;0;0;0;0;0;0;0;0;0;0;0;0;0;0;0;0;0;0;0;0;0;0;0;0;0;0;0;0;0;0;0;0;0;0;0;0;0;0;0;0;0;0;0;0;0;3;1;1;0;1;1;2;2017-10-21 13:00:00;110;0;60;30;30;0;-1;1;-1;-1;-1;-1;-1;-1;0;2;0;2;2;2;-1;0;0;0;0;0;0;0;0;0;0;0;0;0;1;1;0;1;-1;-1;0;0;-1;-1;-1;-1;-1;-1;-1;-1;-1;40;40;60;70;90;40;80;80;50;14;4.2;2.8;3.5;DAC;Trenčín;1.82;1.73;2.2;1.4;2;1.5;60;60;40;30;10;60;60;40;0;0;0;447;22;Y;Y;Y;N;N;N;Y
117741;2006;982;2017/2018;complete;638;13;-1;9,45,61;27,62;3;2;5;3;5;8;1;1;3;3;0;2;6;7;6;8;12;15;25;11;51;49;3;6;3.63;3.83;1.99;0;0;1.75;0;0;0;0;0;0;0;0;0;0;0;0;0;0;0;0;0;0;0;0;0;0;0;0;0;0;0;0;0;0;0;0;0;0;0;0;0;0;0;0;0;0;0;0;0;0;0;0;0;0;0;0;0;0;0;0;0;0;0;0;0;0;5;2;1;1;1;2;3;2017-10-21 15:00:00;2006;0;80;40;40;0;-1;1;-1;-1;-1;-1;-1;-1;1;1;2;4;2;6;-1;0;0;0;0;0;0;0;0;0;0;0;0;0;1;1;1;0;-1;-1;0;0;-1;-1;-1;-1;-1;-1;-1;-1;-1;40;50;70;90;100;50;90;90;40;11.8;7.2;4;3.6;Zlaté Moravce;Slovan Bratislava;1.73;1.45;2.4;1.6;1.33;2.08;60;50;30;10;0;50;50;40;0;0;0;447;22;Y;Y;Y;Y;Y;N;Y
117742;2009;2011;2017/2018;complete;638;13;-1;;67,69,75;0;3;3;14;2;16;1;3;2;1;0;0;5;8;13;7;18;15;14;11;49;51;2;1;6.09;4.13;1.58;0;0;1.75;0;0;0;0;0;0;0;0;0;0;0;0;0;0;0;0;0;0;0;0;0;0;0;0;0;0;0;0;0;0;0;0;0;0;0;0;0;0;0;0;0;0;0;0;0;0;0;0;0;0;0;0;0;0;0;0;0;0;0;0;0;0;3;0;0;0;3;3;0;2017-10-21 15:00:00;2011;0;70;10;30;0;-1;1;-1;-1;-1;-1;-1;-1;1;0;1;1;1;2;-1;0;0;0;0;0;0;0;0;0;0;0;0;0;1;1;0;0;-1;-1;0;0;-1;-1;-1;-1;-1;-1;-1;-1;-1;0;20;50;70;90;30;80;80;30;8.8;3.2;4.6;2.3;Senica;Ružomberok;1;1.27;0.2;1;0.17;1.58;100;80;50;30;10;60;60;40;0;0;0;447;22;Y;Y;Y;N;N;N;N
117743;2010;2005;2017/2018;complete;638;13;-1;49,78;;2;0;2;6;3;9;4;1;1;3;0;0;3;3;8;10;11;13;24;27;55;45;1;3;1.33;5.03;9.99;0;0;1.75;0;0;0;0;0;0;0;0;0;0;0;0;0;0;0;0;0;0;0;0;0;0;0;0;0;0;0;0;0;0;0;0;0;0;0;0;0;0;0;0;0;0;0;0;0;0;0;0;0;0;0;0;0;0;0;0;0;0;0;0;0;0;2;0;0;2;0;2;0;2017-10-21 15:00:00;2010;0;45;9;19;0;-1;1;-1;-1;-1;-1;-1;-1;1;2;0;1;3;1;-1;0;0;0;0;0;0;0;0;0;0;0;0;0;1;1;0;0;-1;-1;0;1;-1;-1;-1;-1;-1;-1;-1;-1;-1;10;10;35;54;100;27;74;64;27;8.17;3.7;3.7;2.09;Spartak Trnava;Podbrezová;2.27;0.36;2.5;0.2;2.5;0.83;90;90;65;47;0;62;62;27;0;0;0;447;22;Y;Y;N;N;N;N;N
117744;2008;2015;2017/2018;complete;638;13;-1;;;0;0;0;16;2;18;1;3;2;1;0;0;7;2;5;3;12;5;12;14;58;42;2;1;2.69;3.33;2.72;0;0;2.04;0;0;0;0;0;0;0;0;0;0;0;0;0;0;0;0;0;0;0;0;0;0;0;0;0;0;0;0;0;0;0;0;0;0;0;0;0;0;0;0;0;0;0;0;0;0;0;0;0;0;0;0;0;0;0;0;0;0;0;0;0;0;0;0;0;0;0;0;0;2017-10-21 15:00:00;-1;0;45;10;27;0;-1;1;-1;-1;-1;-1;-1;-1;1;1;1;0;2;1;-1;0;0;0;0;0;0;0;0;0;0;0;0;0;1;1;0;0;-1;-1;0;0;-1;-1;-1;-1;-1;-1;-1;-1;-1;0;9;55;82;100;20;65;100;35;10.3;5.47;4;2.45;Zemplín Michalovce;Nitra;1.45;1;1.2;1.17;0.83;1.75;100;92;45;19;0;44;44;25;0;0;0;447;22;N;N;N;N;N;N;N
117745;2042;1217;2017/2018;complete;638;13;-1;;28;0;1;1;2;7;9;1;3;1;3;0;0;2;6;7;12;9;18;13;15;35;65;1;3;8.15;5.55;1.36;0;0;1.52;0;0;0;0;0;0;0;0;0;0;0;0;0;0;0;0;0;0;0;0;0;0;0;0;0;0;0;0;0;0;0;0;0;0;0;0;0;0;0;0;0;0;0;0;0;0;0;0;0;0;0;0;0;0;0;0;0;0;0;0;0;0;1;0;1;0;0;0;1;2017-10-22 15:00:00;1217;0;40;10;40;0;-1;1;-1;-1;-1;-1;-1;-1;0;0;1;3;0;4;-1;0;0;0;0;0;0;0;0;0;0;0;0;0;1;1;0;0;-1;-1;0;0;-1;-1;-1;-1;-1;-1;-1;-1;-1;40;60;60;80;100;20;80;90;60;10.4;4;3.4;3.9;Tatran Prešov;Žilina;0.64;0.82;0.2;0.6;0.67;1.75;60;40;40;20;0;60;50;40;0;0;0;447;22;Y;N;N;N;N;N;N
117746;2008;2005;2017/2018;complete;638;14;-1;6,18;29;2;1;3;8;7;15;8;4;2;2;0;1;7;4;10;5;17;9;14;18;54;46;2;4;2.02;3.34;4.06;0;0;0;0;0;0;0;0;0;0;0;0;0;0;0;0;0;0;0;0;0;0;0;0;0;0;0;0;0;0;0;0;0;0;0;0;0;0;0;0;0;0;0;0;0;0;0;0;0;0;0;0;0;0;0;0;0;0;0;0;0;0;0;0;0;3;2;1;0;0;0;3;2017-10-28 15:00:00;2008;0;33;9;17;0;-1;1;-1;-1;-1;-1;-1;-1;1;2;1;1;3;2;-1;0;0;0;0;0;0;0;1;0;1;0;0;0;1;1;1;0;-1;-1;0;1;-1;-1;-1;-1;-1;-1;-1;-1;-1;9;9;34;59;92;25;67;75;25;8.83;4.5;4.33;2;Zemplín Michalovce;Podbrezová;1.45;0.36;1.17;0.17;0.85;0.77;92;92;67;42;9;42;33;17;0;0;0;447;22;Y;Y;Y;N;N;N;Y
117747;110;2010;2017/2018;complete;638;14;-1;68;49,58;1;2;3;7;4;11;0;5;3;2;1;0;2;0;2;3;4;3;13;11;65;35;5;2;0;0;0;0;0;0;0;0;0;0;0;0;0;0;0;0;0;0;0;0;0;0;0;0;0;0;0;0;0;0;0;0;0;0;0;0;0;0;0;0;0;0;0;0;0;0;0;0;0;0;0;0;0;0;0;0;0;0;0;0;0;0;0;0;0;0;0;0;3;0;0;1;2;3;0;2017-10-28 15:00:00;2010;0;68;16;44;0;-1;1;-1;-1;-1;-1;-1;-1;3;2;1;0;5;1;-1;0;0;0;0;0;0;0;0;0;0;0;0;0;1;1;0;0;-1;-1;0;0;-1;-1;-1;-1;-1;-1;-1;-1;-1;7;31;77;100;100;56;93;92;60;12.03;3.71;2.04;3.15;Trenčín;Spartak Trnava;1.55;2.27;1.57;2.5;1.62;2.54;93;69;24;0;0;69;62;38;0;0;0;447;22;Y;Y;Y;N;N;N;Y
117748;2011;2007;2017/2018;complete;638;14;-1;85;21;1;1;2;8;1;9;1;3;1;0;0;0;7;9;9;6;16;15;12;14;58;42;1;0;2.06;3.54;3.69;0;0;0;0;0;0;0;0;0;0;0;0;0;0;0;0;0;0;0;0;0;0;0;0;0;0;0;0;0;0;0;0;0;0;0;0;0;0;0;0;0;0;0;0;0;0;0;0;0;0;0;0;0;0;0;0;0;0;0;0;0;0;0;0;0;2;0;1;1;0;1;1;2017-10-28 15:00:00;-1;0;64;29;29;0;-1;1;-1;-1;-1;-1;-1;-1;1;0;0;0;1;0;-1;0;0;0;0;0;0;0;1;0;1;0;0;0;1;1;0;0;-1;-1;1;0;-1;-1;-1;-1;-1;-1;-1;-1;-1;14;36;57;93;100;43;65;86;72;11.29;4.29;2.14;3.07;Ružomberok;DAC;1.73;1.73;2;1.86;1.69;1.85;86;64;43;7;0;57;50;36;0;0;0;447;22;Y;Y;N;N;N;N;Y
117749;982;2009;2017/2018;complete;638;14;-1;7,33;46,49;2;2;4;9;1;10;1;1;1;1;0;0;4;3;13;1;17;4;9;19;69;31;1;1;0;0;0;0;0;0;0;0;0;0;0;0;0;0;0;0;0;0;0;0;0;0;0;0;0;0;0;0;0;0;0;0;0;0;0;0;0;0;0;0;0;0;0;0;0;0;0;0;0;0;0;0;0;0;0;0;0;0;0;0;0;0;0;0;0;0;0;0;4;2;0;0;2;2;2;2017-10-28 15:00:00;-1;0;79;15;57;0;-1;1;-1;-1;-1;-1;-1;-1;1;1;0;0;2;0;-1;0;0;0;0;0;0;0;1;0;1;0;0;0;1;1;1;0;-1;-1;0;0;-1;-1;-1;-1;-1;-1;-1;-1;-1;29;50;71;86;100;50;86;93;64;8.86;5;2.86;3.57;Slovan Bratislava;Senica;2.27;0.27;2.43;0.14;1.92;0.15;71;50;29;15;0;43;36;14;0;0;0;447;22;Y;Y;Y;Y;N;N;Y
117750;1217;2006;2017/2018;complete;638;14;-1;14,90;;2;0;2;10;3;13;6;1;3;3;0;0;11;0;10;8;21;8;15;6;63;37;3;3;0;0;0;0;0;0;0;0;0;0;0;0;0;0;0;0;0;0;0;0;0;0;0;0;0;0;0;0;0;0;0;0;0;0;0;0;0;0;0;0;0;0;0;0;0;0;0;0;0;0;0;0;0;0;0;0;0;0;0;0;0;0;0;0;0;0;0;0;2;1;0;1;0;1;1;2017-10-28 15:00:00;1217;0;58;43;15;0;-1;1;-1;-1;-1;-1;-1;-1;1;2;2;1;3;3;-1;0;0;0;0;0;0;0;1;0;1;0;0;0;1;1;0;0;-1;-1;0;0;-1;-1;-1;-1;-1;-1;-1;-1;-1;29;36;58;79;100;50;93;79;43;11;3.86;3.28;3.29;Žilina;Zlaté Moravce;2.55;0.55;2.57;0.57;1.85;1.46;72;65;43;22;0;50;50;50;0;0;0;447;22;Y;Y;N;N;N;N;N
117751;2015;2042;2017/2018;complete;638;14;-1;66,68;;2;0;2;9;2;11;0;0;0;0;0;0;13;0;11;5;24;5;17;14;58;42;0;0;0;0;0;0;0;0;0;0;0;0;0;0;0;0;0;0;0;0;0;0;0;0;0;0;0;0;0;0;0;0;0;0;0;0;0;0;0;0;0;0;0;0;0;0;0;0;0;0;0;0;0;0;0;0;0;0;0;0;0;0;0;0;0;0;0;0;0;0;2;0;0;2;0;2;0;2017-10-28 15:00:00;2015;0;37;29;7;0;-1;-1;-1;-1;-1;-1;-1;-1;0;0;0;0;0;0;-1;0;0;0;0;0;0;0;1;0;1;0;0;0;1;1;0;0;-1;-1;-1;-1;-1;-1;-1;-1;-1;-1;-1;-1;-1;22;37;37;44;77;36;52;61;23;5.07;4.67;3.04;2.16;Nitra;Tatran Prešov;1.73;0.64;2.33;1;1.69;0.62;79;63;63;56;24;63;47;24;0;0;0;447;22;Y;Y;N;N;N;N;N
117752;2042;2008;2017/2018;complete;638;15;-1;50;;1;0;1;4;2;6;4;1;1;4;0;0;5;3;4;7;9;10;15;24;42;58;1;4;0;0;0;0;0;0;0;0;0;0;0;0;0;0;0;0;0;0;0;0;0;0;0;0;0;0;0;0;0;0;0;0;0;0;0;0;0;0;0;0;0;0;0;0;0;0;0;0;0;0;0;0;0;0;0;0;0;0;0;0;0;0;0;0;0;0;0;0;1;0;0;1;0;1;0;2017-11-03 23:00:00;2042;0;45;0;31;0;-1;1;-1;-1;-1;-1;-1;-1;0;1;1;3;1;4;-1;0;0;0;0;0;0;0;0;0;0;0;0;0;1;1;0;0;-1;-1;0;0;-1;-1;-1;-1;-1;-1;-1;-1;-1;17;41;62;70;93;9;70;77;62;7.74;3.07;3.12;3.07;Tatran Prešov;Zemplín Michalovce;0.64;0.73;0.17;0.57;0.57;1;84;60;38;30;7;61;38;16;0;0;0;447;22;Y;N;N;N;N;N;N
117753;2009;1217;2017/2018;complete;638;15;-1;24,30,47,90;39;4;1;5;2;5;7;1;1;2;0;0;0;3;4;2;4;5;8;19;20;34;66;2;0;0;0;0;0;0;0;0;0;0;0;0;0;0;0;0;0;0;0;0;0;0;0;0;0;0;0;0;0;0;0;0;0;0;0;0;0;0;0;0;0;0;0;0;0;0;0;0;0;0;0;0;0;0;0;0;0;0;0;0;0;0;0;0;0;0;0;0;0;5;2;1;2;0;2;3;2017-11-03 23:00:00;2009;0;42;9;33;0;-1;1;-1;-1;-1;-1;-1;-1;0;0;2;0;0;2;-1;0;0;0;0;0;0;0;0;1;0;1;0;0;1;1;0;0;-1;-1;0;0;-1;-1;-1;-1;-1;-1;-1;-1;-1;17;25;42;59;100;17;75;75;42;10.83;3.83;4.67;2.58;Senica;Žilina;1;0.82;0.17;1;0.21;1.93;84;75;59;42;0;67;50;42;0;0;0;447;22;Y;Y;Y;Y;Y;N;Y
117754;2007;982;2017/2018;complete;638;15;-1;65,83;31;2;1;3;7;1;8;2;4;2;1;0;0;11;3;11;7;22;10;11;7;57;43;2;1;2.67;3.53;2.61;0;0;0;0;0;0;0;0;0;0;0;0;0;0;0;0;0;0;0;0;0;0;0;0;0;0;0;0;0;0;0;0;0;0;0;0;0;0;0;0;0;0;0;0;0;0;0;0;0;0;0;0;0;0;0;0;0;0;0;0;0;0;0;0;0;3;0;1;2;0;2;1;2017-11-03 23:00:00;2007;0;75;34;42;0;-1;1;-1;-1;-1;-1;-1;-1;0;0;2;1;0;3;-1;0;0;0;0;0;0;0;0;0;0;0;0;0;1;1;0;0;-1;-1;0;0;-1;-1;-1;-1;-1;-1;-1;-1;-1;34;42;58;75;92;42;84;84;42;11;5.5;4.5;3.17;DAC;Slovan Bratislava;1.82;1.45;1.83;1.33;1.79;1.86;67;58;42;25;9;50;50;33;0;0;0;447;22;Y;Y;Y;N;N;N;Y
117755;2010;2011;2017/2018;complete;638;15;-1;17;4;1;1;2;8;6;14;2;0;1;2;0;0;7;2;5;0;12;2;16;21;64;36;1;2;0;0;0;0;0;0;0;0;0;0;0;0;0;0;0;0;0;0;0;0;0;0;0;0;0;0;0;0;0;0;0;0;0;0;0;0;0;0;0;0;0;0;0;0;0;0;0;0;0;0;0;0;0;0;0;0;0;0;0;0;0;0;0;0;0;0;0;0;2;1;1;0;0;0;2;2017-11-03 23:00:00;-1;0;55;16;16;0;-1;1;-1;-1;-1;-1;-1;-1;1;1;0;1;2;1;-1;0;0;0;0;0;0;0;0;0;0;0;0;0;1;1;0;1;-1;-1;0;0;-1;-1;-1;-1;-1;-1;-1;-1;-1;0;9;55;77;92;31;62;77;38;10.46;3.86;2.76;2.32;Spartak Trnava;Ružomberok;2.27;1.27;2.57;1.33;2.57;1.64;100;92;45;23;9;85;77;48;0;0;0;447;22;Y;Y;N;N;N;N;Y
117756;2005;110;2017/2018;complete;638;15;-1;80;6,22,33,43,45,48,62,68;1;8;9;0;8;8;1;0;1;1;0;0;5;10;3;12;8;22;13;9;31;69;1;1;4.47;4.04;1.76;0;0;0;0;0;0;0;0;0;0;0;0;0;0;0;0;0;0;0;0;0;0;0;0;0;0;0;0;0;0;0;0;0;0;0;0;0;0;0;0;0;0;0;0;0;0;0;0;0;0;0;0;0;0;0;0;0;0;0;0;0;0;0;0;0;9;0;5;1;3;4;5;2017-11-03 23:00:00;110;0;63;41;31;0;-1;1;-1;-1;-1;-1;-1;-1;1;1;0;0;2;0;-1;0;0;0;0;0;0;0;0;0;0;0;0;0;1;1;0;1;-1;-1;0;0;-1;-1;-1;-1;-1;-1;-1;-1;-1;32;40;72;86;100;63;86;86;55;12.86;3.29;3.53;3.69;Podbrezová;Trenčín;1.45;1.73;1.29;1.67;0.71;1.5;68;61;29;15;0;56;56;24;0;0;0;447;22;Y;Y;Y;Y;Y;Y;Y
117757;2006;2015;2017/2018;complete;638;15;-1;1,43;25,28;2;2;4;6;4;10;1;1;1;3;0;0;7;5;2;2;9;7;17;20;50;50;1;3;0;0;0;0;0;0;0;0;0;0;0;0;0;0;0;0;0;0;0;0;0;0;0;0;0;0;0;0;0;0;0;0;0;0;0;0;0;0;0;0;0;0;0;0;0;0;0;0;0;0;0;0;0;0;0;0;0;0;0;0;0;0;0;0;0;0;0;0;4;2;2;0;0;0;4;2017-11-03 23:00:00;-1;0;55;25;31;0;-1;1;-1;-1;-1;-1;-1;-1;1;1;0;2;2;2;-1;0;0;0;0;0;0;0;0;1;0;1;0;0;1;1;1;0;-1;-1;0;0;-1;-1;-1;-1;-1;-1;-1;-1;-1;25;32;55;77;93;25;63;85;38;11.36;5.88;3.53;2.82;Zlaté Moravce;Nitra;1.73;1;2.5;1.14;1.36;1.79;75;68;45;23;7;52;52;45;0;0;0;447;22;Y;Y;Y;Y;N;N;Y
117758;2008;110;2017/2018;complete;638;16;-1;73;53;1;1;2;9;6;15;1;0;0;0;0;0;3;2;6;2;9;4;6;10;54;46;0;0;4.15;4.49;1.74;0;0;1.61;0;0;0;0;0;0;0;0;0;0;0;0;0;0;0;0;0;0;0;0;0;0;0;0;0;0;0;0;0;0;0;0;0;0;0;0;0;0;0;0;0;0;0;0;0;0;0;0;0;0;0;0;0;0;0;0;0;0;0;0;0;0;2;0;0;1;1;2;0;2017-11-28 15:00:00;-1;0;65;43;29;0;-1;-1;-1;-1;-1;-1;-1;-1;0;0;0;0;0;0;-1;0;0;0;0;0;0;0;-1;-1;-1;-1;-1;-1;-1;1;0;0;-1;-1;-1;-1;-1;-1;-1;-1;-1;-1;-1;-1;-1;29;29;79;86;93;65;86;86;43;14.14;5;3.57;3.72;Zemplín Michalovce;Trenčín;1.45;1.73;1.43;1.86;1.06;1.5;72;72;22;15;7;57;57;29;0;0;0;447;22;Y;Y;N;N;N;N;Y
117759;2011;2005;2017/2018;complete;638;16;-1;15,36,73;;3;0;3;5;3;8;3;2;0;3;0;0;5;4;6;5;11;9;12;14;57;43;0;3;1.34;5.29;9.77;0;0;0;0;0;0;0;0;0;0;0;0;0;0;0;0;0;0;0;0;0;0;0;0;0;0;0;0;0;0;0;0;0;0;0;0;0;0;0;0;0;0;0;0;0;0;0;0;0;0;0;0;0;0;0;0;0;0;0;0;0;0;0;0;0;3;2;0;1;0;1;2;2017-11-17 23:00:00;2011;0;53;26;14;0;-1;1;-1;-1;-1;-1;-1;-1;0;1;0;2;1;2;-1;0;0;0;0;0;0;0;0;0;0;0;0;0;1;1;0;0;-1;-1;0;0;-1;-1;-1;-1;-1;-1;-1;-1;-1;14;26;40;73;100;46;80;66;40;12.32;4.17;3.32;2.57;Ružomberok;Podbrezová;1.73;0.36;1.88;0.14;1.6;0.67;87;75;61;28;0;60;47;34;0;0;0;447;22;Y;Y;Y;N;N;N;N
117760;982;2010;2017/2018;complete;638;16;-1;14;;1;0;1;6;2;8;1;1;2;4;0;0;4;6;1;3;5;9;20;30;63;37;2;4;0;0;0;0;0;0;0;0;0;0;0;0;0;0;0;0;0;0;0;0;0;0;0;0;0;0;0;0;0;0;0;0;0;0;0;0;0;0;0;0;0;0;0;0;0;0;0;0;0;0;0;0;0;0;0;0;0;0;0;0;0;0;0;0;0;0;0;0;1;1;0;0;0;0;1;2017-11-17 23:00:00;982;0;79;20;40;0;-1;1;-1;-1;-1;-1;-1;-1;1;1;1;3;2;4;-1;0;0;0;0;0;0;0;0;0;0;0;0;0;1;1;0;0;-1;-1;0;0;-1;-1;-1;-1;-1;-1;-1;-1;-1;13;40;73;100;100;67;87;93;53;11.02;4.56;2.06;3.25;Slovan Bratislava;Spartak Trnava;2.27;2.27;2.25;2.57;1.73;2.47;88;61;27;0;0;73;67;28;0;0;0;447;22;Y;N;N;N;N;N;N
117761;1217;2007;2017/2018;complete;638;16;-1;;;0;0;0;5;3;8;5;2;1;3;0;0;2;2;11;6;13;8;15;10;55;45;1;3;1.79;4;4.31;0;0;0;0;0;0;0;0;0;0;0;0;0;0;0;0;0;0;0;0;0;0;0;0;0;0;0;0;0;0;0;0;0;0;0;0;0;0;0;0;0;0;0;0;0;0;0;0;0;0;0;0;0;0;0;0;0;0;0;0;0;0;0;0;0;0;0;0;0;0;0;0;2017-11-17 23:00:00;-1;0;75;32;32;0;-1;1;-1;-1;-1;-1;-1;-1;0;1;1;2;1;3;-1;0;0;0;0;0;0;0;0;0;0;0;0;0;1;1;0;0;-1;-1;0;0;-1;-1;-1;-1;-1;-1;-1;-1;-1;32;44;63;100;100;38;75;100;69;9.88;5.26;2.63;3.63;Žilina;DAC;2.55;1.73;2.63;1.75;1.8;1.87;69;57;38;0;0;69;57;50;0;0;0;447;22;N;N;N;N;N;N;N
117762;2042;2006;2017/2018;complete;638;16;-1;87;57;1;1;2;6;3;9;2;5;2;2;0;1;5;3;4;5;9;8;7;12;46;54;2;3;3.12;3.36;2.37;0;0;0;0;0;0;0;0;0;0;0;0;0;0;0;0;0;0;0;0;0;0;0;0;0;0;0;0;0;0;0;0;0;0;0;0;0;0;0;0;0;0;0;0;0;0;0;0;0;0;0;0;0;0;0;0;0;0;0;0;0;0;0;0;0;2;0;0;1;1;2;0;2017-11-17 23:00:00;-1;0;27;13;15;0;-1;1;-1;-1;-1;-1;-1;-1;2;1;0;2;3;2;-1;0;0;0;0;0;0;0;0;0;0;0;0;0;1;1;0;0;-1;-1;0;0;-1;-1;-1;-1;-1;-1;-1;-1;-1;15;29;41;67;100;20;80;75;35;7.77;3.24;3.96;2.73;Tatran Prešov;Zlaté Moravce;0.64;0.55;0.57;0.5;0.73;1.33;86;72;59;34;0;41;34;26;0;0;0;447;22;Y;Y;N;N;N;N;Y
117763;2015;2009;2017/2018;complete;638;16;-1;;;0;0;0;-1;-1;-1;-1;-1;1;1;0;0;-1;-1;-1;-1;-1;-1;-1;-1;-1;-1;1;1;1.43;4.45;8.48;0;0;0;0;0;0;0;0;0;0;0;0;0;0;0;0;0;0;0;0;0;0;0;0;0;0;0;0;0;0;0;0;0;0;0;0;0;0;0;0;0;0;0;0;0;0;0;0;0;0;0;0;0;0;0;0;0;0;0;0;0;0;0;0;0;0;0;0;0;0;0;0;2017-11-17 23:00:00;-1;0;39;0;25;0;-1;1;-1;-1;-1;-1;-1;-1;1;1;0;0;2;0;-1;0;0;0;0;0;0;0;0;0;0;0;0;0;1;1;0;0;-1;-1;0;0;-1;-1;-1;-1;-1;-1;-1;-1;-1;13;39;45;52;86;25;59;73;52;6.42;4.79;3.27;2.52;Nitra;Senica;1.73;0.27;2.43;0.25;1.73;0.4;88;62;56;48;15;56;41;28;0;0;0;447;22;N;N;N;N;N;N;N
117764;2006;2008;2017/2018;complete;638;17;-1;;41;0;1;1;7;5;12;8;3;0;0;0;0;4;3;6;4;10;7;23;18;58;42;0;0;1.82;3.62;4.65;0;0;0;0;0;0;0;0;0;0;0;0;0;0;0;0;0;0;0;0;0;0;0;0;0;0;0;0;0;0;0;0;0;0;0;0;0;0;0;0;0;0;0;0;0;0;0;0;0;0;0;0;0;0;0;0;0;0;0;0;0;0;0;0;0;1;0;1;0;0;0;1;2017-11-25 13:00:00;2008;0;61;29;27;0;-1;-1;-1;-1;-1;-1;-1;-1;0;0;0;0;0;0;-1;0;0;0;0;0;0;0;-1;-1;-1;-1;-1;-1;-1;1;0;0;-1;-1;-1;-1;-1;-1;-1;-1;-1;-1;-1;-1;-1;22;35;61;68;94;29;68;73;40;8.95;4.36;3.2;2.79;Zlaté Moravce;Zemplín Michalovce;1.73;0.73;2.29;0.5;1.31;0.93;79;66;40;32;7;53;41;21;0;0;0;447;22;Y;N;N;N;N;N;N
117765;2009;2042;2017/2018;complete;638;17;-1;76;;1;0;1;7;1;8;3;2;0;0;0;0;4;6;9;7;13;13;19;20;61;39;0;0;2.3;3.42;3.18;0;0;0;0;0;0;0;0;0;0;0;0;0;0;0;0;0;0;0;0;0;0;0;0;0;0;0;0;0;0;0;0;0;0;0;0;0;0;0;0;0;0;0;0;0;0;0;0;0;0;0;0;0;0;0;0;0;0;0;0;0;0;0;0;0;1;0;0;1;0;1;0;2017-11-25 13:00:00;2009;0;54;32;21;0;-1;-1;-1;-1;-1;-1;-1;-1;0;0;0;0;0;0;-1;0;0;0;0;0;0;0;-1;-1;-1;-1;-1;-1;-1;1;0;0;-1;-1;-1;-1;-1;-1;-1;-1;-1;-1;-1;-1;-1;26;40;54;73;94;46;67;81;48;6.06;3.04;4.36;2.86;Senica;Tatran Prešov;1;0.64;0.57;0.88;0.44;0.75;75;61;47;27;7;47;47;27;0;0;0;447;22;Y;N;N;N;N;N;N
117766;2010;1217;2017/2018;complete;638;17;-1;;12,63,75;0;3;3;9;4;13;1;1;0;0;0;0;3;7;3;2;6;9;14;20;52;48;0;0;2.41;3.57;2.91;0;0;0;0;0;0;0;0;0;0;0;0;0;0;0;0;0;0;0;0;0;0;0;0;0;0;0;0;0;0;0;0;0;0;0;0;0;0;0;0;0;0;0;0;0;0;0;0;0;0;0;0;0;0;0;0;0;0;0;0;0;0;0;0;0;3;0;1;0;2;2;1;2017-11-25 14:00:00;1217;0;47;27;21;0;-1;-1;-1;-1;-1;-1;-1;-1;0;0;0;0;0;0;-1;0;0;0;0;0;0;0;-1;-1;-1;-1;-1;-1;-1;1;0;0;-1;-1;-1;-1;-1;-1;-1;-1;-1;-1;-1;-1;-1;22;22;41;66;100;34;75;67;41;11.49;4.17;2.81;2.64;Spartak Trnava;Žilina;2.27;0.82;2.38;0.86;2.31;1.75;79;79;60;34;0;80;59;41;0;0;0;447;22;Y;Y;Y;N;N;N;N
117767;2005;982;2017/2018;complete;638;17;-1;63;10;1;1;2;4;6;10;3;0;0;0;0;0;4;8;11;7;15;15;19;14;44;56;0;0;6.54;4.81;1.47;0;0;0;0;0;0;0;0;0;0;0;0;0;0;0;0;0;0;0;0;0;0;0;0;0;0;0;0;0;0;0;0;0;0;0;0;0;0;0;0;0;0;0;0;0;0;0;0;0;0;0;0;0;0;0;0;0;0;0;0;0;0;0;0;0;2;0;1;1;0;1;1;2017-11-25 13:00:00;-1;0;75;28;48;0;-1;-1;-1;-1;-1;-1;-1;-1;0;0;0;0;0;0;-1;0;0;0;0;0;0;0;-1;-1;-1;-1;-1;-1;-1;1;0;1;-1;-1;-1;-1;-1;-1;-1;-1;-1;-1;-1;-1;-1;34;48;68;88;100;54;88;88;61;9.25;4.54;4.61;3.75;Podbrezová;Slovan Bratislava;1.45;1.45;1.13;1.14;0.63;1.81;66;53;32;13;0;34;34;21;0;0;0;447;22;Y;Y;N;N;N;N;Y
117768;110;2011;2017/2018;complete;638;17;-1;38;85,89;1;2;3;9;8;17;2;2;0;0;0;0;7;8;12;11;19;19;13;8;58;42;0;0;1.56;4.54;5.62;0;0;0;0;0;0;0;0;0;0;0;0;0;0;0;0;0;0;0;0;0;0;0;0;0;0;0;0;0;0;0;0;0;0;0;0;0;0;0;0;0;0;0;0;0;0;0;0;0;0;0;0;0;0;0;0;0;0;0;0;0;0;0;0;0;3;1;0;0;2;2;1;2017-11-25 13:00:00;2011;0;80;21;45;0;-1;-1;-1;-1;-1;-1;-1;-1;0;0;0;0;0;0;-1;0;0;0;0;0;0;0;-1;-1;-1;-1;-1;-1;-1;1;0;0;-1;-1;-1;-1;-1;-1;-1;-1;-1;-1;-1;-1;-1;7;20;73;93;93;34;73;86;59;13.04;3.21;2.68;2.84;Trenčín;Ružomberok;1.55;1.27;1.38;1.29;1.6;1.69;94;81;28;7;7;81;75;61;0;0;0;447;22;Y;Y;Y;N;N;N;Y
117769;2007;2015;2017/2018;complete;638;17;-1;;;0;0;0;11;4;15;1;0;0;0;0;0;7;3;9;5;16;8;7;7;59;41;0;0;1.61;3.83;6.38;0;0;0;0;0;0;0;0;0;0;0;0;0;0;0;0;0;0;0;0;0;0;0;0;0;0;0;0;0;0;0;0;0;0;0;0;0;0;0;0;0;0;0;0;0;0;0;0;0;0;0;0;0;0;0;0;0;0;0;0;0;0;0;0;0;0;0;0;0;0;0;0;2017-11-26 13:00:00;-1;0;54;14;20;0;-1;-1;-1;-1;-1;-1;-1;-1;0;0;0;0;0;0;-1;0;0;0;0;0;0;0;0;0;0;0;0;0;1;1;0;0;-1;-1;-1;-1;-1;-1;-1;-1;-1;-1;-1;-1;-1;7;20;47;66;87;14;61;73;34;11.2;4.79;3.43;2.34;DAC;Nitra;1.82;1;2;1.13;1.81;1.69;93;81;54;34;14;59;59;40;0;0;0;447;22;N;N;N;N;N;N;N
117770;2008;2011;2017/2018;complete;638;18;-1;66;68;1;1;2;6;9;15;0;2;0;0;0;0;2;6;5;4;7;10;14;6;50;50;0;0;3.06;3.53;2.33;0;0;1.95;0;0;0;0;0;0;0;0;0;0;0;0;0;0;0;0;0;0;0;0;0;0;0;0;0;0;0;0;0;0;0;0;0;0;0;0;0;0;0;0;0;0;0;0;0;0;0;0;0;0;0;0;0;0;0;0;0;0;0;0;0;0;2;0;0;1;1;2;0;2017-12-02 13:00:00;-1;0;63;25;19;0;-1;-1;-1;-1;-1;-1;-1;-1;0;0;0;0;0;0;-1;0;0;0;0;0;0;0;-1;-1;-1;-1;-1;-1;-1;1;0;0;-1;-1;-1;-1;-1;-1;-1;-1;-1;-1;-1;-1;-1;0;7;57;82;88;38;69;75;32;12.13;4.75;3;2.32;Zemplín Michalovce;Ružomberok;1.45;1.27;1.38;1.5;1.06;1.76;100;94;44;19;13;69;69;57;0;0;0;447;22;Y;Y;N;N;N;N;Y
117771;982;110;2017/2018;complete;638;18;-1;27;25;1;1;2;4;4;8;3;2;0;0;0;0;3;8;6;4;9;12;11;24;45;55;0;0;2.1;3.92;3.23;0;0;1.55;0;0;0;0;0;0;0;0;0;0;0;0;0;0;0;0;0;0;0;0;0;0;0;0;0;0;0;0;0;0;0;0;0;0;0;0;0;0;0;0;0;0;0;0;0;0;0;0;0;0;0;0;0;0;0;0;0;0;0;0;0;0;2;1;1;0;0;0;2;2017-12-02 14:00:00;-1;0;89;36;47;0;-1;-1;-1;-1;-1;-1;-1;-1;0;0;0;0;0;0;-1;0;0;0;0;0;0;0;-1;-1;-1;-1;-1;-1;-1;1;0;0;-1;-1;-1;-1;-1;-1;-1;-1;-1;-1;-1;-1;-1;36;47;78;95;100;66;89;95;66;14.53;3.5;2.16;4.05;Slovan Bratislava;Trenčín;2.27;1.73;2.33;1.75;1.76;1.47;64;53;23;6;0;71;66;25;0;0;0;447;22;Y;Y;N;N;N;N;Y
117772;1217;2005;2017/2018;complete;638;18;-1;11;;1;0;1;7;3;10;4;0;0;0;0;0;6;2;8;6;14;8;15;18;61;39;0;0;0;0;0;0;0;1.3;0;0;0;0;0;0;0;0;0;0;0;0;0;0;0;0;0;0;0;0;0;0;0;0;0;0;0;0;0;0;0;0;0;0;0;0;0;0;0;0;0;0;0;0;0;0;0;0;0;0;0;0;0;0;0;0;0;0;0;0;0;0;1;1;0;0;0;0;1;2017-12-02 13:00:00;1217;0;53;29;18;0;-1;-1;-1;-1;-1;-1;-1;-1;0;0;0;0;0;0;-1;0;0;0;0;0;0;0;-1;-1;-1;-1;-1;-1;-1;1;0;0;-1;-1;-1;-1;-1;-1;-1;-1;-1;-1;-1;-1;-1;29;35;53;76;95;47;82;76;41;10.83;5.36;3.96;3.07;Žilina;Podbrezová;2.55;0.36;2.44;0.13;1.82;0.65;72;66;48;25;6;59;53;46;0;0;0;447;22;Y;N;N;N;N;N;N
117773;2042;2007;2017/2018;complete;638;18;-1;;;0;0;0;2;7;9;5;4;0;0;0;0;2;6;8;10;10;16;11;8;36;64;0;0;0;0;0;0;0;1.77;0;0;0;0;0;0;0;0;0;0;0;0;0;0;0;0;0;0;0;0;0;0;0;0;0;0;0;0;0;0;0;0;0;0;0;0;0;0;0;0;0;0;0;0;0;0;0;0;0;0;0;0;0;0;0;0;0;0;0;0;0;0;0;0;0;0;0;0;0;2017-12-02 13:00:00;-1;0;53;6;36;0;-1;-1;-1;-1;-1;-1;-1;-1;0;0;0;0;0;0;-1;0;0;0;0;0;0;0;0;0;0;0;0;0;1;1;0;0;-1;-1;-1;-1;-1;-1;-1;-1;-1;-1;-1;-1;-1;18;36;47;82;95;12;54;89;65;6.71;4.21;3.19;2.97;Tatran Prešov;DAC;0.64;1.73;0.63;1.67;0.71;1.76;82;64;53;18;6;53;29;18;0;0;0;447;22;N;N;N;N;N;N;N
117774;2006;2009;2017/2018;complete;638;18;-1;16,19,54;;3;0;3;9;5;14;4;4;0;0;0;0;9;5;9;6;18;11;16;4;53;47;0;0;1.58;3.89;6.59;0;0;1.97;0;0;0;0;0;0;0;0;0;0;0;0;0;0;0;0;0;0;0;0;0;0;0;0;0;0;0;0;0;0;0;0;0;0;0;0;0;0;0;0;0;0;0;0;0;0;0;0;0;0;0;0;0;0;0;0;0;0;0;0;0;0;3;2;0;1;0;1;2;2017-12-02 13:00:00;2006;0;60;25;35;0;-1;-1;-1;-1;-1;-1;-1;-1;0;0;0;0;0;0;-1;0;0;0;0;0;0;0;-1;-1;-1;-1;-1;-1;-1;1;0;0;-1;-1;-1;-1;-1;-1;-1;-1;-1;-1;-1;-1;-1;30;53;65;71;95;47;83;71;46;7.88;5.61;3.38;3.29;Zlaté Moravce;Senica;1.73;0.27;2;0.33;1.24;0.59;71;47;36;29;6;38;38;26;0;0;0;447;22;Y;Y;Y;N;N;N;N
117775;2015;2010;2017/2018;complete;638;18;-1;;88;0;1;1;9;6;15;1;1;0;0;0;0;3;6;0;0;3;6;14;15;50;50;0;0;3.4;2.87;2.51;0;0;2.6;0;0;0;0;0;0;0;0;0;0;0;0;0;0;0;0;0;0;0;0;0;0;0;0;0;0;0;0;0;0;0;0;0;0;0;0;0;0;0;0;0;0;0;0;0;0;0;0;0;0;0;0;0;0;0;0;0;0;0;0;0;0;1;0;0;0;1;1;0;2017-12-05 16:00:00;2010;0;32;7;13;0;-1;-1;-1;-1;-1;-1;-1;-1;0;0;0;0;0;0;-1;0;0;0;0;0;0;0;-1;-1;-1;-1;-1;-1;-1;1;0;0;-1;-1;-1;-1;-1;-1;-1;-1;-1;-1;-1;-1;-1;0;19;38;57;82;32;57;63;32;8.17;4.13;2.88;1.94;Nitra;Spartak Trnava;1.73;2.27;2.25;2.25;1.65;2.18;100;82;63;44;19;75;60;41;0;0;0;447;22;Y;N;N;N;N;N;N
117776;2009;2008;2017/2018;complete;638;19;-1;24;54;1;1;2;6;4;10;4;2;0;0;0;0;6;6;6;6;12;12;26;19;46;54;0;0;2.65;3.06;2.97;0;0;0;0;0;0;0;0;0;0;1.95;1.87;0;0;0;0;0;0;0;0;0;0;0;0;0;0;0;0;0;0;0;0;0;0;0;0;0;0;0;0;0;0;0;0;0;0;0;0;0;0;0;0;0;0;0;0;0;0;0;0;0;0;0;0;0;2;1;0;0;1;1;1;2017-12-09 13:00:00;-1;0;47;7;24;0;-1;-1;-1;-1;-1;-1;-1;-1;0;0;0;0;0;0;-1;0;0;0;0;0;0;0;-1;-1;-1;-1;-1;-1;-1;1;0;0;-1;-1;-1;-1;-1;-1;-1;-1;-1;-1;-1;-1;-1;7;18;47;54;95;13;60;78;47;8.31;3.17;3.94;2.2;Senica;Zemplín Michalovce;1;0.73;0.88;0.78;0.56;1.06;94;82;53;47;6;53;41;24;0;0;0;447;22;Y;Y;N;N;N;N;Y
117777;2007;2006;2017/2018;complete;638;19;-1;18,33,67;62,72,81;3;3;6;10;7;17;2;1;0;0;0;0;9;6;10;3;19;9;19;15;48;52;0;0;1.56;3.95;6.82;0;0;0;0;0;0;0;0;0;0;2.15;1.71;0;0;0;0;0;0;0;0;0;0;0;0;0;0;0;0;0;0;0;0;0;0;0;0;0;0;0;0;0;0;0;0;0;0;0;0;0;0;0;0;0;0;0;0;0;0;0;0;0;0;0;0;0;6;2;0;1;3;4;2;2017-12-09 13:00:00;-1;0;42;18;12;0;-1;-1;-1;-1;-1;-1;-1;-1;0;0;0;0;0;0;-1;0;0;0;0;0;0;0;-1;-1;-1;-1;-1;-1;-1;1;0;0;-1;-1;-1;-1;-1;-1;-1;-1;-1;-1;-1;-1;-1;7;7;30;59;88;18;71;65;24;9.81;3.91;3.58;1.95;DAC;Zlaté Moravce;1.82;0.55;1.88;0.56;1.72;1.33;94;94;71;42;13;47;42;36;0;0;0;447;22;Y;Y;Y;Y;Y;Y;Y
117778;2010;2042;2017/2018;complete;638;19;-1;2;;1;0;1;7;1;8;0;2;0;0;0;0;5;2;8;2;13;4;8;13;57;43;0;0;1.26;5.45;9.25;0;0;0;0;0;0;0;0;0;0;2.15;1.69;0;0;0;0;0;0;0;0;0;0;0;0;0;0;0;0;0;0;0;0;0;0;0;0;0;0;0;0;0;0;0;0;0;0;0;0;0;0;0;0;0;0;0;0;0;0;0;0;0;0;0;0;0;1;1;0;0;0;0;1;2017-12-09 13:00:00;2010;0;44;33;11;0;-1;-1;-1;-1;-1;-1;-1;-1;0;0;0;0;0;0;-1;0;0;0;0;0;0;0;-1;-1;-1;-1;-1;-1;-1;1;1;0;-1;-1;-1;-1;-1;-1;-1;-1;-1;-1;-1;-1;-1;17;22;44;73;95;45;62;73;39;7.56;3.56;2.55;2.5;Spartak Trnava;Tatran Prešov;2.27;0.64;2.11;0.78;2.22;0.72;84;78;56;28;6;67;61;33;0;0;0;447;22;Y;N;N;N;N;N;N
117779;110;1217;2017/2018;complete;638;19;-1;9,13,17,68,70;19,90;5;2;7;9;6;15;2;2;0;0;0;0;9;7;4;2;13;9;7;10;58;42;0;0;2.22;4.11;2.89;0;0;0;0;0;0;0;0;0;0;1.54;2.5;0;0;0;0;0;0;0;0;0;0;0;0;0;0;0;0;0;0;0;0;0;0;0;0;0;0;0;0;0;0;0;0;0;0;0;0;0;0;0;0;0;0;0;0;0;0;0;0;0;0;0;0;0;7;3;1;2;1;3;4;2017-12-09 14:00:00;110;0;64;18;46;0;-1;-1;-1;-1;-1;-1;-1;-1;0;0;0;0;0;0;-1;0;0;0;0;0;0;0;-1;-1;-1;-1;-1;-1;-1;1;1;0;-1;-1;-1;-1;-1;-1;-1;-1;-1;-1;-1;-1;-1;25;30;70;82;100;24;83;88;70;13.52;3.69;2.36;3.18;Trenčín;Žilina;1.55;0.82;1.22;1.13;1.44;1.89;76;71;31;19;0;77;59;53;0;0;0;447;22;Y;Y;Y;Y;Y;Y;Y
117780;2011;982;2017/2018;complete;638;19;-1;;64;0;1;1;10;7;17;0;1;0;0;0;0;2;6;8;6;10;12;10;6;54;46;0;0;2.68;3.38;2.69;0;0;0;0;0;0;0;0;0;0;1.77;2.05;0;0;0;0;0;0;0;0;0;0;0;0;0;0;0;0;0;0;0;0;0;0;0;0;0;0;0;0;0;0;0;0;0;0;0;0;0;0;0;0;0;0;0;0;0;0;0;0;0;0;0;0;0;1;0;0;0;1;1;0;2017-12-10 13:00:00;982;0;78;36;31;0;-1;-1;-1;-1;-1;-1;-1;-1;0;0;0;0;0;0;-1;0;0;0;0;0;0;0;-1;-1;-1;-1;-1;-1;-1;1;0;0;-1;-1;-1;-1;-1;-1;-1;-1;-1;-1;-1;-1;-1;25;42;66;95;100;59;95;89;54;13.46;4.88;3.17;3.38;Ružomberok;Slovan Bratislava;1.73;1.45;2;1.13;1.72;1.72;76;59;35;6;0;53;47;29;0;0;0;447;22;Y;N;N;N;N;N;N
117781;2005;2015;2017/2018;complete;638;19;-1;38;;1;0;1;2;0;2;2;0;0;0;0;0;5;3;17;7;22;10;17;17;44;56;0;0;2.61;3.08;3.01;0;0;0;0;0;0;0;0;0;0;1.95;1.87;0;0;0;0;0;0;0;0;0;0;0;0;0;0;0;0;0;0;0;0;0;0;0;0;0;0;0;0;0;0;0;0;0;0;0;0;0;0;0;0;0;0;0;0;0;0;0;0;0;0;0;0;0;1;1;0;0;0;0;1;2017-12-09 13:00:00;2005;0;50;11;28;0;-1;-1;-1;-1;-1;-1;-1;-1;0;0;0;0;0;0;-1;0;0;0;0;0;0;0;-1;-1;-1;-1;-1;-1;-1;1;0;0;-1;-1;-1;-1;-1;-1;-1;-1;-1;-1;-1;-1;-1;11;28;44;73;89;28;61;73;39;9.66;3.66;3.34;2.72;Podbrezová;Nitra;1.45;1;1.11;1.11;0.61;1.56;89;73;56;28;11;56;56;34;0;0;0;447;22;Y;N;N;N;N;N;N
117782;2008;982;2017/2018;complete;638;20;-1;45;74;1;1;2;4;7;11;11;3;0;1;0;0;4;7;11;4;15;11;15;15;43;57;0;1;5.33;3.9;1.66;1.02;1.21;1.61;2.75;0;0;0;0;0;0;1.83;2;0;0;0;0;0;0;0;0;0;0;0;0;0;0;0;0;0;0;0;0;0;0;0;0;0;0;0;0;0;0;0;0;0;0;0;0;0;0;0;0;0;0;0;0;0;0;0;0;0;0;0;0;0;2;1;0;0;1;1;1;2018-02-18 13:00:00;-1;0;73;28;39;0;-1;1;-1;-1;-1;-1;-1;-1;0;0;0;1;0;1;-1;0;0;0;0;0;0;0;0;0;0;0;0;0;1;1;0;0;-1;-1;0;0;-1;-1;-1;-1;-1;-1;-1;-1;-1;17;22;56;84;95;39;73;89;45;11.77;5.34;3.78;2.78;Zemplín Michalovce;Slovan Bratislava;1.45;1.45;1.33;1.33;1.05;1.79;84;78;45;17;6;56;56;39;0;0;0;447;22;Y;Y;N;N;N;N;Y
117783;1217;2011;2017/2018;complete;638;20;-1;59,73;;2;0;2;5;9;14;5;0;0;2;0;0;7;8;10;4;17;12;7;12;61;39;0;2;1.43;4.75;7.29;1.01;1.2;1.62;2.65;0;0;0;0;0;0;1.8;2;0;0;0;0;0;0;0;0;0;0;0;0;0;0;0;0;0;0;0;0;0;0;0;0;0;0;0;0;0;0;0;0;0;0;0;0;0;0;0;0;0;0;0;0;0;0;0;0;0;0;0;0;0;2;0;0;2;0;2;0;2018-02-18 13:00:00;1217;0;69;31;21;0;-1;1;-1;-1;-1;-1;-1;-1;0;1;0;1;1;1;-1;0;0;0;0;0;0;0;0;0;0;0;0;0;1;1;0;0;-1;-1;0;0;-1;-1;-1;-1;-1;-1;-1;-1;-1;20;31;58;85;90;42;79;79;47;13.3;4.98;2.31;3.02;Žilina;Ružomberok;2.55;1.27;2.5;1.44;1.79;1.63;80;70;42;16;11;80;80;69;0;0;0;447;22;Y;Y;N;N;N;N;N
117784;2042;2005;2017/2018;complete;638;20;-1;;18,28;0;2;2;3;1;4;-1;-1;5;4;1;1;2;6;8;7;10;13;-1;-1;51;49;6;5;2.88;3.13;2.64;1.06;1.39;2.25;4.2;0;0;0;0;0;0;2.05;1.8;0;0;0;0;0;0;0;0;0;0;0;0;0;0;0;0;0;0;0;0;0;0;0;0;0;0;0;0;0;0;0;0;0;0;0;0;0;0;0;0;0;0;0;0;0;0;0;0;0;0;0;0;0;2;0;2;0;0;0;2;2018-02-18 13:00:00;2005;0;33;6;22;0;-1;1;-1;-1;-1;-1;-1;-1;2;3;4;2;5;6;-1;0;0;0;0;0;0;0;0;0;0;0;0;0;1;1;0;0;-1;-1;1;0;-1;-1;-1;-1;-1;-1;-1;-1;-1;17;28;39;62;95;22;67;67;39;7.55;4.22;3.89;2.56;Tatran Prešov;Podbrezová;0.64;0.36;0.67;0.11;0.68;0.74;84;73;62;39;6;56;33;17;0;0;0;447;22;Y;Y;N;N;N;N;N
117785;2006;2010;2017/2018;complete;638;20;-1;84;12,17,27,62;1;4;5;7;5;12;0;4;0;0;0;0;3;8;5;2;8;10;18;14;50;50;0;0;3.91;3.22;2.09;1.04;1.3;1.95;3.45;0;0;0;0;0;0;1.87;1.95;0;0;0;0;0;0;0;0;0;0;0;0;0;0;0;0;0;0;0;0;0;0;0;0;0;0;0;0;0;0;0;0;0;0;0;0;0;0;0;0;0;0;0;0;0;0;0;0;0;0;0;0;0;5;0;3;1;1;2;3;2018-02-17 15:00:00;2010;0;50;28;22;0;-1;-1;-1;-1;-1;-1;-1;-1;0;0;0;0;0;0;-1;0;0;0;0;0;0;0;1;0;1;0;0;0;1;1;0;0;-1;-1;-1;-1;-1;-1;-1;-1;-1;-1;-1;-1;-1;17;33;62;78;100;56;84;73;28;10.22;5.67;2.78;2.89;Zlaté Moravce;Spartak Trnava;1.73;2.27;2.11;2.33;1.32;2.26;84;67;39;22;0;62;62;44;0;0;0;447;22;Y;Y;Y;Y;Y;N;Y
117786;2009;2007;2017/2018;complete;638;20;-1;;66,70;0;2;2;7;4;11;0;3;2;3;0;1;2;8;8;6;10;14;21;14;50;50;2;4;5.35;3.5;1.75;1.04;1.3;1.95;3.45;0;0;0;0;0;0;1.95;1.87;0;0;0;0;0;0;0;0;0;0;0;0;0;0;0;0;0;0;0;0;0;0;0;0;0;0;0;0;0;0;0;0;0;0;0;0;0;0;0;0;0;0;0;0;0;0;0;0;0;0;0;0;0;2;0;0;0;2;2;0;2018-02-18 13:00:00;2007;0;58;11;26;0;-1;1;-1;-1;-1;-1;-1;-1;2;1;0;3;3;3;-1;0;0;0;0;0;0;0;0;0;0;0;0;0;1;1;0;0;-1;-1;0;0;-1;-1;-1;-1;-1;-1;-1;-1;-1;11;21;42;74;90;16;54;85;52;7.69;4.28;3.52;2.37;Senica;DAC;1;1.73;0.89;1.6;0.58;1.68;90;79;58;27;10;52;37;21;0;0;0;447;22;Y;Y;N;N;N;N;N
117787;2015;110;2017/2018;complete;638;20;-1;36;55;1;1;2;3;8;11;3;3;2;0;0;0;6;3;4;8;10;11;15;7;33;67;2;0;3.98;3.43;1.99;1.02;1.23;1.77;2.9;0;0;0;0;0;0;1.71;2.15;0;0;0;0;0;0;0;0;0;0;0;0;0;0;0;0;0;0;0;0;0;0;0;0;0;0;0;0;0;0;0;0;0;0;0;0;0;0;0;0;0;0;0;0;0;0;0;0;0;0;0;0;0;2;1;0;0;1;1;1;2018-02-18 13:00:00;-1;0;50;28;22;0;-1;1;-1;-1;-1;-1;-1;-1;1;0;1;0;1;1;-1;0;0;0;0;0;0;0;0;0;0;0;0;0;1;1;0;0;-1;-1;0;0;-1;-1;-1;-1;-1;-1;-1;-1;-1;22;28;45;61;84;39;56;73;45;12.21;3.34;2.22;2.84;Nitra;Trenčín;1.73;1.73;2;1.67;1.47;1.53;78;73;56;39;17;78;65;42;0;0;0;447;22;Y;Y;N;N;N;N;Y
117788;2007;2008;2017/2018;complete;638;21;-1;65,90;;2;0;2;5;4;9;1;1;0;0;0;0;6;5;8;6;14;11;6;14;54;46;0;0;1.51;3.99;7.57;0;0;0;0;0;0;0;0;0;0;0;0;0;0;0;0;0;0;0;0;0;0;0;0;0;0;0;0;0;0;0;0;0;0;0;0;0;0;0;0;0;0;0;0;0;0;0;0;0;0;0;0;0;0;0;0;0;0;0;0;0;0;0;0;0;2;0;0;2;0;2;0;2018-02-24 13:00:00;2007;0;53;6;21;0;-1;-1;-1;-1;-1;-1;-1;-1;0;0;0;0;0;0;-1;0;0;0;0;0;0;0;-1;-1;-1;-1;-1;-1;-1;1;0;0;-1;-1;-1;-1;-1;-1;-1;-1;-1;-1;-1;-1;-1;11;16;42;53;84;11;64;69;37;10.27;3.81;2.41;2.17;DAC;Zemplín Michalovce;1.82;0.73;1.78;0.8;1.75;1.05;89;84;58;47;16;63;53;32;0;0;0;447;22;Y;Y;N;N;N;N;N
117789;2010;2009;2017/2018;complete;638;21;-1;90;;1;0;1;5;2;7;1;1;0;0;0;0;10;0;14;4;24;4;14;23;58;42;0;0;1.27;5.59;9.99;0;0;0;0;0;0;0;0;0;0;0;0;0;0;0;0;0;0;0;0;0;0;0;0;0;0;0;0;0;0;0;0;0;0;0;0;0;0;0;0;0;0;0;0;0;0;0;0;0;0;0;0;0;0;0;0;0;0;0;0;0;0;0;0;0;1;0;0;1;0;1;0;2018-02-24 13:00:00;2010;0;45;10;25;0;-1;-1;-1;-1;-1;-1;-1;-1;0;0;0;0;0;0;-1;0;0;0;0;0;0;0;-1;-1;-1;-1;-1;-1;-1;1;0;0;-1;-1;-1;-1;-1;-1;-1;-1;-1;-1;-1;-1;-1;10;25;55;70;95;40;75;70;50;8.54;3.9;2.9;2.7;Spartak Trnava;Senica;2.27;0.27;2.2;0.3;2.3;0.55;90;75;45;30;5;57;52;31;0;0;0;447;22;Y;N;N;N;N;N;N
117790;2005;2006;2017/2018;complete;638;21;-1;45,77,82;;3;0;3;5;2;7;6;2;0;0;0;0;10;2;11;9;21;11;11;16;49;51;0;0;1.96;3.38;4.19;0;0;0;0;0;0;0;0;0;0;0;0;0;0;0;0;0;0;0;0;0;0;0;0;0;0;0;0;0;0;0;0;0;0;0;0;0;0;0;0;0;0;0;0;0;0;0;0;0;0;0;0;0;0;0;0;0;0;0;0;0;0;0;0;0;3;1;0;2;0;2;1;2018-02-24 13:00:00;2005;0;45;15;25;0;-1;-1;-1;-1;-1;-1;-1;-1;0;0;0;0;0;0;-1;0;0;0;0;0;0;0;-1;-1;-1;-1;-1;-1;-1;1;0;0;-1;-1;-1;-1;-1;-1;-1;-1;-1;-1;-1;-1;-1;15;20;35;70;100;35;80;70;35;7.9;3.2;3.5;2.7;Podbrezová;Zlaté Moravce;1.45;0.55;1.3;0.6;0.85;1.25;85;80;65;30;0;40;35;25;0;0;0;447;22;Y;Y;Y;N;N;N;N
117791;110;2042;2017/2018;complete;638;21;-1;76,78;;2;0;2;9;2;11;3;2;0;0;0;0;8;3;13;2;21;5;14;10;65;35;0;0;1.12;7.25;13.25;0;0;0;0;0;0;0;0;0;0;0;0;0;0;0;0;0;0;0;0;0;0;0;0;0;0;0;0;0;0;0;0;0;0;0;0;0;0;0;0;0;0;0;0;0;0;0;0;0;0;0;0;0;0;0;0;0;0;0;0;0;0;0;0;0;2;0;0;2;0;2;0;2018-02-24 13:00:00;110;0;65;30;40;0;-1;-1;-1;-1;-1;-1;-1;-1;0;0;0;0;0;0;-1;0;0;0;0;0;0;0;-1;-1;-1;-1;-1;-1;-1;1;0;0;-1;-1;-1;-1;-1;-1;-1;-1;-1;-1;-1;-1;-1;25;35;65;80;95;40;70;85;60;9.5;3.4;2.2;3.1;Trenčín;Tatran Prešov;1.55;0.64;1.4;0.7;1.5;0.65;75;65;35;20;5;60;55;40;0;0;0;447;22;Y;Y;N;N;N;N;N
117792;982;1217;2017/2018;complete;638;21;-1;7,11,18,42,51,84;;6;0;6;4;1;5;-1;-1;-1;-1;-1;-1;10;3;6;4;16;7;-1;-1;50;50;-1;-1;2.5;3.43;2.82;0;0;0;0;0;0;0;0;0;0;0;0;0;0;0;0;0;0;0;0;0;0;0;0;0;0;0;0;0;0;0;0;0;0;0;0;0;0;0;0;0;0;0;0;0;0;0;0;0;0;0;0;0;0;0;0;0;0;0;0;0;0;0;0;0;6;4;0;2;0;2;4;2018-02-24 13:00:00;982;0;67;32;37;0;-1;-1;-1;-1;-1;-1;-1;-1;-1;-1;-1;-1;-1;-1;-1;0;0;0;0;0;0;0;-1;-1;-1;-1;-1;-1;-1;1;1;0;-1;-1;-1;-1;-1;-1;-1;-1;-1;-1;-1;-1;-1;32;42;58;79;100;47;90;79;53;12.17;4.21;1.81;3.33;Slovan Bratislava;Žilina;2.27;0.82;2.2;1;1.75;1.85;68;58;42;22;0;69;53;33;0;0;0;447;22;Y;Y;Y;Y;Y;Y;N
117793;2011;2015;2017/2018;complete;638;21;-1;;;0;0;0;7;4;11;2;5;0;0;0;0;4;4;8;5;12;9;7;20;60;40;0;0;1.57;4.02;6.31;0;0;0;0;0;0;0;0;0;0;0;0;0;0;0;0;0;0;0;0;0;0;0;0;0;0;0;0;0;0;0;0;0;0;0;0;0;0;0;0;0;0;0;0;0;0;0;0;0;0;0;0;0;0;0;0;0;0;0;0;0;0;0;0;0;0;0;0;0;0;0;0;2018-02-26 14:30:00;-1;0;45;20;15;0;-1;-1;-1;-1;-1;-1;-1;-1;0;0;0;0;0;0;-1;0;0;0;0;0;0;0;0;0;0;0;0;0;1;1;0;0;-1;-1;-1;-1;-1;-1;-1;-1;-1;-1;-1;-1;-1;5;25;45;70;90;35;65;70;35;13.4;3.8;2.2;2.4;Ružomberok;Nitra;1.73;1;1.8;1;1.55;1.45;95;75;55;30;10;65;60;45;0;0;0;447;22;N;N;N;N;N;N;N
117794;2008;1217;2017/2018;complete;638;22;-1;87;;1;0;1;11;1;12;3;3;0;0;0;0;7;2;9;6;16;8;8;17;48;52;0;0;3.9;3.49;1.99;1.03;1.27;1.87;3.2;0;0;0;0;0;0;1.83;2;0;0;0;0;0;0;0;0;0;0;0;0;0;0;0;0;0;0;0;0;0;0;0;0;0;0;0;0;0;0;0;0;0;0;0;0;0;0;0;0;0;0;0;0;0;0;0;0;0;0;0;0;0;1;0;0;1;0;1;0;2018-03-03 13:00:00;2008;0;50;25;30;0;-1;-1;-1;-1;-1;-1;-1;-1;0;0;0;0;0;0;-1;0;0;0;0;0;0;0;-1;-1;-1;-1;-1;-1;-1;1;0;0;-1;-1;-1;-1;-1;-1;-1;-1;-1;-1;-1;-1;-1;25;25;50;75;95;35;75;80;45;11.4;5.3;2.51;2.95;Zemplín Michalovce;Žilina;1.45;0.82;1.3;0.9;1;1.76;75;75;50;25;5;65;55;50;0;0;0;447;22;Y;N;N;N;N;N;N
117795;2042;2011;2017/2018;complete;638;22;-1;;;0;0;0;4;11;15;4;1;0;0;0;0;4;5;2;6;6;11;10;11;35;65;0;0;6.34;3.94;1.58;1.04;1.3;1.95;3.4;0;0;0;0;0;0;2.05;1.8;0;0;0;0;0;0;0;0;0;0;0;0;0;0;0;0;0;0;0;0;0;0;0;0;0;0;0;0;0;0;0;0;0;0;0;0;0;0;0;0;0;0;0;0;0;0;0;0;0;0;0;0;0;0;0;0;0;0;0;0;2018-03-03 13:00:00;-1;0;50;10;25;0;-1;-1;-1;-1;-1;-1;-1;-1;0;0;0;0;0;0;-1;0;0;0;0;0;0;0;0;0;0;0;0;0;1;1;0;0;-1;-1;-1;-1;-1;-1;-1;-1;-1;-1;-1;-1;-1;10;25;45;80;90;25;60;75;50;10.3;3.5;3.2;2.65;Tatran Prešov;Ružomberok;0.64;1.27;0.6;1.3;0.62;1.52;90;75;55;20;10;70;55;45;0;0;0;447;22;N;N;N;N;N;N;N
117796;2006;110;2017/2018;complete;638;22;-1;62;1,26,76,86;1;4;5;3;9;12;0;2;0;0;0;0;5;12;2;7;7;19;12;23;40;60;0;0;4.03;3.78;1.88;0;0;0;0;0;0;0;0;0;0;0;0;0;0;0;0;0;0;0;0;0;0;0;0;0;0;0;0;0;0;0;0;0;0;0;0;0;0;0;0;0;0;0;0;0;0;0;0;0;0;0;0;0;0;0;0;0;0;0;0;0;0;0;0;0;5;0;2;1;2;3;2;2018-03-03 13:00:00;110;0;75;45;35;0;-1;-1;-1;-1;-1;-1;-1;-1;0;0;0;0;0;0;-1;0;0;0;0;0;0;0;-1;-1;-1;-1;-1;-1;-1;1;0;1;-1;-1;-1;-1;-1;-1;-1;-1;-1;-1;-1;-1;-1;40;45;70;90;100;65;90;80;45;13.6;4.9;2.2;3.85;Zlaté Moravce;Trenčín;1.73;1.73;1.9;1.6;1.19;1.57;60;55;30;10;0;65;65;45;0;0;0;447;22;Y;Y;Y;Y;Y;N;Y
117797;2009;2005;2017/2018;complete;638;22;-1;88;;1;0;1;8;7;15;0;1;0;0;0;0;6;7;12;6;18;13;13;27;59;41;0;0;2.64;3.15;2.87;1.05;1.34;2.1;3.8;0;0;0;0;0;0;1.91;1.91;0;0;0;0;0;0;0;0;0;0;0;0;0;0;0;0;0;0;0;0;0;0;0;0;0;0;0;0;0;0;0;0;0;0;0;0;0;0;0;0;0;0;0;0;0;0;0;0;0;0;0;0;0;1;0;0;1;0;1;0;2018-03-03 13:00:00;2009;0;40;10;15;0;-1;-1;-1;-1;-1;-1;-1;-1;0;0;0;0;0;0;-1;0;0;0;0;0;0;0;-1;-1;-1;-1;-1;-1;-1;1;0;0;-1;-1;-1;-1;-1;-1;-1;-1;-1;-1;-1;-1;-1;10;15;35;65;100;30;70;70;35;8.3;3.3;4.8;2.25;Senica;Podbrezová;1;0.36;0.8;0.4;0.52;0.95;90;85;65;35;0;50;45;25;0;0;0;447;22;Y;N;N;N;N;N;N
117798;2007;2010;2017/2018;complete;638;22;-1;;;0;0;0;4;2;6;0;3;0;0;0;0;4;3;4;2;8;5;21;23;60;40;0;0;2.2;3.25;3.1;1.04;1.33;2;3.65;0;0;0;0;0;0;1.91;1.91;0;0;0;0;0;0;0;0;0;0;0;0;0;0;0;0;0;0;0;0;0;0;0;0;0;0;0;0;0;0;0;0;0;0;0;0;0;0;0;0;0;0;0;0;0;0;0;0;0;0;0;0;0;0;0;0;0;0;0;0;2018-03-03 13:00:00;-1;0;50;10;25;0;-1;-1;-1;-1;-1;-1;-1;-1;0;0;0;0;0;0;-1;0;0;0;0;0;0;0;0;0;0;0;0;0;1;1;0;0;-1;-1;-1;-1;-1;-1;-1;-1;-1;-1;-1;-1;-1;15;25;50;70;90;40;70;75;40;10.7;4.3;2.4;2.6;DAC;Spartak Trnava;1.82;2.27;1.9;2.4;1.81;2.33;85;75;50;30;10;65;60;45;0;0;0;447;22;N;N;N;N;N;N;N
117799;2015;982;2017/2018;complete;638;22;-1;;37;0;1;1;2;6;8;6;1;0;0;0;0;0;10;4;5;4;15;17;13;43;57;0;0;6.21;3.76;1.62;1.04;1.3;1.95;3.4;0;0;0;0;0;0;2.1;1.74;0;0;0;0;0;0;0;0;0;0;0;0;0;0;0;0;0;0;0;0;0;0;0;0;0;0;0;0;0;0;0;0;0;0;0;0;0;0;0;0;0;0;0;0;0;0;0;0;0;0;0;0;0;1;0;1;0;0;0;1;2018-03-03 13:00:00;982;0;55;15;20;0;-1;-1;-1;-1;-1;-1;-1;-1;0;0;0;0;0;0;-1;0;0;0;0;0;0;0;-1;-1;-1;-1;-1;-1;-1;1;0;0;-1;-1;-1;-1;-1;-1;-1;-1;-1;-1;-1;-1;-1;15;25;35;60;85;20;60;80;35;10.17;4.6;3.2;2.25;Nitra;Slovan Bratislava;1.73;1.45;1.9;1.3;1.43;1.81;85;75;65;40;15;75;64;48;0;0;0;447;22;Y;N;N;N;N;N;N
