ID;HOMEID;AWAYID;SEASON;STATUS;ROUNDID;GAME_WEEK;REVISED_GAME_WEEK;HOMEGOALS;AWAYGOALS;HOMEGOALCOUNT;AWAYGOALCOUNT;TOTALGOALCOUNT;TEAM_A_CORNERS;TEAM_B_CORNERS;TOTALCORNERCOUNT;TEAM_A_OFFSIDES;TEAM_B_OFFSIDES;TEAM_A_YELLOW_CARDS;TEAM_B_YELLOW_CARDS;TEAM_A_RED_CARDS;TEAM_B_RED_CARDS;TEAM_A_SHOTSONTARGET;TEAM_B_SHOTSONTARGET;TEAM_A_SHOTSOFFTARGET;TEAM_B_SHOTSOFFTARGET;TEAM_A_SHOTS;TEAM_B_SHOTS;TEAM_A_FOULS;TEAM_B_FOULS;TEAM_A_POSSESSION;TEAM_B_POSSESSION;TEAM_A_CARDS_NUM;TEAM_B_CARDS_NUM;ODDS_FT_1;ODDS_FT_X;ODDS_FT_2;ODDS_FT_OVER05;ODDS_FT_OVER15;ODDS_FT_OVER25;ODDS_FT_OVER35;ODDS_FT_OVER45;ODDS_FT_UNDER05;ODDS_FT_UNDER15;ODDS_FT_UNDER25;ODDS_FT_UNDER35;ODDS_FT_UNDER45;ODDS_BTTS_YES;ODDS_BTTS_NO;ODDS_TEAM_A_CS_YES;ODDS_TEAM_A_CS_NO;ODDS_TEAM_B_CS_YES;ODDS_TEAM_B_CS_NO;ODDS_DOUBLECHANCE_1X;ODDS_DOUBLECHANCE_12;ODDS_DOUBLECHANCE_X2;ODDS_1ST_HALF_RESULT_1;ODDS_1ST_HALF_RESULT_X;ODDS_1ST_HALF_RESULT_2;ODDS_2ND_HALF_RESULT_1;ODDS_2ND_HALF_RESULT_X;ODDS_2ND_HALF_RESULT_2;ODDS_DNB_1;ODDS_DNB_2;ODDS_CORNERS_OVER_75;ODDS_CORNERS_OVER_85;ODDS_CORNERS_OVER_95;ODDS_CORNERS_OVER_105;ODDS_CORNERS_OVER_115;ODDS_CORNERS_UNDER_75;ODDS_CORNERS_UNDER_85;ODDS_CORNERS_UNDER_95;ODDS_CORNERS_UNDER_105;ODDS_CORNERS_UNDER_115;ODDS_CORNERS_1;ODDS_CORNERS_X;ODDS_CORNERS_2;ODDS_TEAM_TO_SCORE_FIRST_1;ODDS_TEAM_TO_SCORE_FIRST_X;ODDS_TEAM_TO_SCORE_FIRST_2;ODDS_WIN_TO_NIL_1;ODDS_WIN_TO_NIL_2;ODDS_1ST_HALF_OVER05;ODDS_1ST_HALF_OVER15;ODDS_1ST_HALF_OVER25;ODDS_1ST_HALF_OVER35;ODDS_1ST_HALF_UNDER05;ODDS_1ST_HALF_UNDER15;ODDS_1ST_HALF_UNDER25;ODDS_1ST_HALF_UNDER35;ODDS_2ND_HALF_OVER05;ODDS_2ND_HALF_OVER15;ODDS_2ND_HALF_OVER25;ODDS_2ND_HALF_OVER35;ODDS_2ND_HALF_UNDER05;ODDS_2ND_HALF_UNDER15;ODDS_2ND_HALF_UNDER25;ODDS_2ND_HALF_UNDER35;ODDS_BTTS_1ST_HALF_YES;ODDS_BTTS_1ST_HALF_NO;ODDS_BTTS_2ND_HALF_YES;ODDS_BTTS_2ND_HALF_NO;OVERALLGOALCOUNT;HT_GOALS_TEAM_A;HT_GOALS_TEAM_B;GOALS_2HG_TEAM_A;GOALS_2HG_TEAM_B;GOALCOUNT_2HG;HTGOALCOUNT;DATE_UNIX;WINNINGTEAM;NO_HOME_AWAY;BTTS_POTENTIAL;BTTS_FHG_POTENTIAL;BTTS_2HG_POTENTIAL;GOALTIMINGDISABLED;CORNER_TIMINGS_RECORDED;CARD_TIMINGS_RECORDED;TEAM_A_FH_CORNERS;TEAM_B_FH_CORNERS;TEAM_A_2H_CORNERS;TEAM_B_2H_CORNERS;CORNER_FH_COUNT;CORNER_2H_COUNT;TEAM_A_FH_CARDS;TEAM_B_FH_CARDS;TEAM_A_2H_CARDS;TEAM_B_2H_CARDS;TOTAL_FH_CARDS;TOTAL_2H_CARDS;ATTACKS_RECORDED;TEAM_A_DANGEROUS_ATTACKS;TEAM_B_DANGEROUS_ATTACKS;TEAM_A_ATTACKS;TEAM_B_ATTACKS;TEAM_A_XG;TEAM_B_XG;TOTAL_XG;TEAM_A_PENALTIES_WON;TEAM_B_PENALTIES_WON;TEAM_A_PENALTY_GOALS;TEAM_B_PENALTY_GOALS;TEAM_A_PENALTY_MISSED;TEAM_B_PENALTY_MISSED;PENS_RECORDED;GOAL_TIMINGS_RECORDED;TEAM_A_0_10_MIN_GOALS;TEAM_B_0_10_MIN_GOALS;TEAM_A_CORNERS_0_10_MIN;TEAM_B_CORNERS_0_10_MIN;TEAM_A_CARDS_0_10_MIN;TEAM_B_CARDS_0_10_MIN;THROWINS_RECORDED;TEAM_A_THROWINS;TEAM_B_THROWINS;FREEKICKS_RECORDED;TEAM_A_FREEKICKS;TEAM_B_FREEKICKS;GOALKICKS_RECORDED;TEAM_A_GOALKICKS;TEAM_B_GOALKICKS;O45_POTENTIAL;O35_POTENTIAL;O25_POTENTIAL;O15_POTENTIAL;O05_POTENTIAL;O15HT_POTENTIAL;O05HT_POTENTIAL;O05_2H_POTENTIAL;O15_2H_POTENTIAL;CORNERS_POTENTIAL;OFFSIDES_POTENTIAL;CARDS_POTENTIAL;AVG_POTENTIAL;HOME_NAME;AWAY_NAME;HOME_PPG;AWAY_PPG;PRE_MATCH_HOME_PPG;PRE_MATCH_AWAY_PPG;PRE_MATCH_TEAMA_OVERALL_PPG;PRE_MATCH_TEAMB_OVERALL_PPG;U45_POTENTIAL;U35_POTENTIAL;U25_POTENTIAL;U15_POTENTIAL;U05_POTENTIAL;CORNERS_O85_POTENTIAL;CORNERS_O95_POTENTIAL;CORNERS_O105_POTENTIAL;TEAM_A_XG_PREMATCH;TEAM_B_XG_PREMATCH;TOTAL_XG_PREMATCH;COMPETITION_ID;MATCHES_COMPLETED_MINIMUM;OVER05;OVER15;OVER25;OVER35;OVER45;OVER55;BTTS
117800;2008;110;2016/2017;complete;639;1;-1;36,57;83;2;1;3;4;8;12;4;1;3;3;0;0;10;8;6;4;16;12;16;16;39;61;3;3;6.84;4.1;1.54;0;0;0;0;0;0;0;0;0;0;0;0;0;0;0;0;0;0;0;0;0;0;0;0;0;0;0;0;0;0;0;0;0;0;0;0;0;0;0;0;0;0;0;0;0;0;0;0;0;0;0;0;0;0;0;0;0;0;0;0;0;0;0;0;0;3;1;0;1;1;2;1;2016-07-16 17:00:00;2008;0;0;0;0;0;-1;1;-1;-1;-1;-1;-1;-1;1;2;2;1;3;3;-1;0;0;0;0;0;0;0;0;0;0;0;0;0;1;1;0;0;-1;-1;0;0;-1;-1;-1;-1;-1;-1;-1;-1;-1;0;0;0;0;0;0;0;0;0;0;0;0;0;Zemplín Michalovce;Trenčín;1.29;1;0;0;0;0;0;0;0;0;0;0;0;0;0;0;0;448;30;Y;Y;Y;N;N;N;Y
117801;2011;2042;2016/2017;complete;639;1;-1;47;;1;0;1;7;7;14;2;1;1;2;0;0;6;8;5;4;11;12;11;9;56;44;1;2;1.56;4.06;6.56;0;0;0;0;0;0;0;0;0;0;0;0;0;0;0;0;0;0;0;0;0;0;0;0;0;0;0;0;0;0;0;0;0;0;0;0;0;0;0;0;0;0;0;0;0;0;0;0;0;0;0;0;0;0;0;0;0;0;0;0;0;0;0;0;0;1;0;0;1;0;1;0;2016-07-16 17:00:00;2011;0;0;0;0;0;-1;1;-1;-1;-1;-1;-1;-1;0;0;1;2;0;3;-1;0;0;0;0;0;0;0;0;0;0;0;0;0;1;1;0;0;-1;-1;0;0;-1;-1;-1;-1;-1;-1;-1;-1;-1;0;0;0;0;0;0;0;0;0;0;0;0;0;Ružomberok;Tatran Prešov;2.31;0.33;0;0;0;0;0;0;0;0;0;0;0;0;0;0;0;448;30;Y;N;N;N;N;N;N
117802;2005;2010;2016/2017;complete;639;1;-1;48;55;1;1;2;5;5;10;2;3;2;3;0;0;7;4;5;6;12;10;15;15;55;45;2;3;2.15;3.4;3.56;0;0;0;0;0;0;0;0;0;0;0;0;0;0;0;0;0;0;0;0;0;0;0;0;0;0;0;0;0;0;0;0;0;0;0;0;0;0;0;0;0;0;0;0;0;0;0;0;0;0;0;0;0;0;0;0;0;0;0;0;0;0;0;0;0;2;0;0;1;1;2;0;2016-07-17 17:00:00;-1;0;0;0;0;0;-1;1;-1;-1;-1;-1;-1;-1;0;2;2;1;2;3;-1;0;0;0;0;0;0;0;0;0;0;0;0;0;1;1;0;0;-1;-1;0;0;-1;-1;-1;-1;-1;-1;-1;-1;-1;0;0;0;0;0;0;0;0;0;0;0;0;0;Podbrezová;Spartak Trnava;1.53;1.43;0;0;0;0;0;0;0;0;0;0;0;0;0;0;0;448;30;Y;Y;N;N;N;N;Y
117803;2009;982;2016/2017;complete;639;1;-1;;74;0;1;1;3;6;9;0;3;2;3;0;0;6;4;3;4;9;8;16;14;41;59;2;3;3.92;3.45;2.02;0;0;0;0;0;0;0;0;0;0;0;0;0;0;0;0;0;0;0;0;0;0;0;0;0;0;0;0;0;0;0;0;0;0;0;0;0;0;0;0;0;0;0;0;0;0;0;0;0;0;0;0;0;0;0;0;0;0;0;0;0;0;0;0;0;1;0;0;0;1;1;0;2016-07-17 17:00:00;982;0;0;0;0;0;-1;1;-1;-1;-1;-1;-1;-1;1;1;1;2;2;3;-1;0;0;0;0;0;0;0;0;0;0;0;0;0;1;1;0;0;-1;-1;0;0;-1;-1;-1;-1;-1;-1;-1;-1;-1;0;0;0;0;0;0;0;0;0;0;0;0;0;Senica;Slovan Bratislava;1.07;1.47;0;0;0;0;0;0;0;0;0;0;0;0;0;0;0;448;30;Y;N;N;N;N;N;N
117804;1217;2007;2016/2017;complete;639;1;-1;27,77;89,90;2;2;4;7;6;13;4;1;0;3;0;0;6;2;4;2;10;4;10;21;62;38;0;3;1.61;3.94;6;0;0;0;0;0;0;0;0;0;0;0;0;0;0;0;0;0;0;0;0;0;0;0;0;0;0;0;0;0;0;0;0;0;0;0;0;0;0;0;0;0;0;0;0;0;0;0;0;0;0;0;0;0;0;0;0;0;0;0;0;0;0;0;0;0;4;1;0;1;2;3;1;2016-07-17 17:30:00;-1;0;0;0;0;0;-1;1;-1;-1;-1;-1;-1;-1;0;0;0;3;0;3;-1;0;0;0;0;0;0;0;0;0;0;0;0;0;1;1;0;0;-1;-1;0;0;-1;-1;-1;-1;-1;-1;-1;-1;-1;0;0;0;0;0;0;0;0;0;0;0;0;0;Žilina;DAC;2.87;1.13;0;0;0;0;0;0;0;0;0;0;0;0;0;0;0;448;30;Y;Y;Y;Y;N;N;Y
117805;110;2009;2016/2017;complete;639;2;-1;23,27,81;;3;0;3;6;5;11;1;1;0;1;0;0;4;3;1;5;5;8;19;18;54;46;0;1;1.34;5.14;9.85;0;0;0;0;0;0;0;0;0;0;0;0;0;0;0;0;0;0;0;0;0;0;0;0;0;0;0;0;0;0;0;0;0;0;0;0;0;0;0;0;0;0;0;0;0;0;0;0;0;0;0;0;0;0;0;0;0;0;0;0;0;0;0;0;0;3;2;0;1;0;1;2;2016-07-23 17:00:00;110;0;0;0;0;0;-1;1;-1;-1;-1;-1;-1;-1;0;0;0;1;0;1;-1;0;0;0;0;0;0;0;0;0;0;0;0;0;1;1;0;0;-1;-1;0;0;-1;-1;-1;-1;-1;-1;-1;-1;-1;0;0;0;0;0;0;0;0;0;0;0;0;0;Trenčín;Senica;2.06;0.8;0;0;0;0;0;0;0;0;0;0;0;0;0;0;0;448;30;Y;Y;Y;N;N;N;N
117806;1217;2011;2016/2017;complete;639;2;-1;12,38,71;34,81;3;2;5;12;8;20;3;1;2;0;0;0;7;2;9;6;16;8;13;8;56;44;2;0;1.71;3.89;5.02;0;0;0;0;0;0;0;0;0;0;0;0;0;0;0;0;0;0;0;0;0;0;0;0;0;0;0;0;0;0;0;0;0;0;0;0;0;0;0;0;0;0;0;0;0;0;0;0;0;0;0;0;0;0;0;0;0;0;0;0;0;0;0;0;0;5;2;1;1;1;2;3;2016-07-23 17:00:00;1217;0;50;0;50;0;-1;1;-1;-1;-1;-1;-1;-1;0;0;2;0;0;2;-1;0;0;0;0;0;0;0;0;0;0;0;0;0;1;1;0;0;-1;-1;0;0;-1;-1;-1;-1;-1;-1;-1;-1;-1;0;50;50;50;50;0;50;50;50;7;4;0;2;Žilina;Ružomberok;2.87;1.07;1;0;1;3;50;0;0;0;0;50;50;50;0;0;0;448;30;Y;Y;Y;Y;Y;N;Y
117807;982;2006;2016/2017;complete;639;2;-1;36,55,72;54,89;3;2;5;7;4;11;0;2;1;2;0;0;9;3;4;4;13;7;10;18;68;32;1;2;1.27;5.55;9.99;0;0;0;0;0;0;0;0;0;0;0;0;0;0;0;0;0;0;0;0;0;0;0;0;0;0;0;0;0;0;0;0;0;0;0;0;0;0;0;0;0;0;0;0;0;0;0;0;0;0;0;0;0;0;0;0;0;0;0;0;0;0;0;0;0;5;1;0;2;2;4;1;2016-07-24 17:00:00;982;0;0;0;0;0;-1;1;-1;-1;-1;-1;-1;-1;0;0;1;2;0;3;-1;0;0;0;0;0;0;0;1;0;1;0;0;0;1;1;0;0;-1;-1;0;0;-1;-1;-1;-1;-1;-1;-1;-1;-1;0;0;0;0;0;0;0;0;0;0;0;0;0;Slovan Bratislava;Zlaté Moravce;2.33;0.44;0;0;3;0;0;0;0;0;0;0;0;0;0;0;0;448;30;Y;Y;Y;Y;Y;N;Y
117808;2010;2007;2016/2017;complete;639;2;-1;18,32;13;2;1;3;4;3;7;1;3;2;5;0;0;5;0;3;4;8;4;8;21;56;44;2;5;0;0;0;0;0;0;0;0;0;0;0;0;0;0;0;0;0;0;0;0;0;0;0;0;0;0;0;0;0;0;0;0;0;0;0;0;0;0;0;0;0;0;0;0;0;0;0;0;0;0;0;0;0;0;0;0;0;0;0;0;0;0;0;0;0;0;0;0;3;2;1;0;0;0;3;2016-07-24 17:00:00;2010;0;50;0;50;0;-1;1;-1;-1;-1;-1;-1;-1;0;4;2;1;4;3;-1;0;0;0;0;0;0;0;1;0;1;0;0;0;1;1;0;0;-1;-1;0;0;-1;-1;-1;-1;-1;-1;-1;-1;-1;0;50;50;50;50;0;50;50;50;6;1;3;2;Spartak Trnava;DAC;1.44;1.13;0;1;1;1;50;0;0;0;0;50;50;50;0;0;0;448;30;Y;Y;Y;N;N;N;Y
117809;2042;2008;2016/2017;complete;639;2;-1;;;0;0;0;4;2;6;2;2;0;0;0;0;3;4;3;5;6;9;16;12;50;50;0;0;0;0;0;0;0;0;0;0;0;0;0;0;0;0;0;0;0;0;0;0;0;0;0;0;0;0;0;0;0;0;0;0;0;0;0;0;0;0;0;0;0;0;0;0;0;0;0;0;0;0;0;0;0;0;0;0;0;0;0;0;0;0;0;0;0;0;0;0;0;0;0;0;0;0;0;2016-07-24 18:15:00;-1;0;0;0;0;0;-1;-1;-1;-1;-1;-1;-1;-1;0;0;0;0;0;0;-1;0;0;0;0;0;0;0;0;0;0;0;0;0;1;1;0;0;-1;-1;-1;-1;-1;-1;-1;-1;-1;-1;-1;-1;-1;0;0;0;0;0;0;0;0;0;0;0;0;0;Tatran Prešov;Zemplín Michalovce;0.93;0.69;0;0;0;3;0;0;0;0;0;0;0;0;0;0;0;448;30;N;N;N;N;N;N;N
117810;2009;2008;2016/2017;complete;639;3;-1;28,30;;2;0;2;5;4;9;1;6;2;0;0;0;3;3;2;3;5;6;19;14;52;48;2;0;1.96;3.5;4.08;0;0;0;0;0;0;0;0;0;0;0;0;0;0;0;0;0;0;0;0;0;0;0;0;0;0;0;0;0;0;0;0;0;0;0;0;0;0;0;0;0;0;0;0;0;0;0;0;0;0;0;0;0;0;0;0;0;0;0;0;0;0;0;0;0;2;2;0;0;0;0;2;2016-07-30 17:00:00;2009;0;0;0;0;0;-1;1;-1;-1;-1;-1;-1;-1;0;0;2;0;0;2;-1;0;0;0;0;0;0;0;0;0;0;0;0;0;1;1;0;0;-1;-1;0;0;-1;-1;-1;-1;-1;-1;-1;-1;-1;0;0;0;0;50;0;0;50;0;5;2;2;0.5;Senica;Zemplín Michalovce;1.07;0.69;0;1;0;2;100;100;100;100;50;50;0;0;0;0;0;448;30;Y;Y;N;N;N;N;N
117811;2006;110;2016/2017;complete;639;3;-1;10,54,63;;3;0;3;11;9;20;5;4;1;3;0;1;6;6;6;7;12;13;15;16;48;52;1;5;6.62;4.41;1.51;0;0;0;0;0;0;0;0;0;0;0;0;0;0;0;0;0;0;0;0;0;0;0;0;0;0;0;0;0;0;0;0;0;0;0;0;0;0;0;0;0;0;0;0;0;0;0;0;0;0;0;0;0;0;0;0;0;0;0;0;0;0;0;0;0;3;1;0;2;0;2;1;2016-07-30 17:00:00;2006;0;50;0;50;0;-1;1;-1;-1;-1;-1;-1;-1;0;2;1;2;2;3;-1;0;0;0;0;0;0;0;0;0;0;0;0;0;1;1;1;0;-1;-1;0;0;-1;-1;-1;-1;-1;-1;-1;-1;-1;0;0;50;50;50;0;50;50;50;8;1;3;1.5;Zlaté Moravce;Trenčín;1.07;1;0;0;0;1.5;50;50;0;0;0;50;50;50;0;0;0;448;30;Y;Y;Y;N;N;N;N
117812;1217;2042;2016/2017;complete;639;3;-1;5,37,51,69;;4;0;4;7;2;9;5;2;2;1;0;0;8;8;8;3;16;11;16;7;61;39;2;1;1.42;4.69;8.08;0;0;0;0;0;0;0;0;0;0;0;0;0;0;0;0;0;0;0;0;0;0;0;0;0;0;0;0;0;0;0;0;0;0;0;0;0;0;0;0;0;0;0;0;0;0;0;0;0;0;0;0;0;0;0;0;0;0;0;0;0;0;0;0;0;4;2;0;2;0;2;2;2016-07-30 17:00:00;1217;0;50;25;50;0;-1;1;-1;-1;-1;-1;-1;-1;1;0;1;1;1;2;-1;0;0;0;0;0;0;0;0;0;0;0;0;0;1;1;1;0;-1;-1;1;0;-1;-1;-1;-1;-1;-1;-1;-1;-1;25;50;50;50;100;25;50;100;50;16.5;4.5;3;2.75;Žilina;Tatran Prešov;2.87;0.33;2;0;2;0.5;75;50;50;50;0;100;100;100;0;0;0;448;30;Y;Y;Y;Y;N;N;N
117813;2005;982;2016/2017;complete;639;3;-1;78,90;;2;0;2;7;5;12;3;3;1;1;0;0;5;3;6;6;11;9;16;14;51;49;1;1;4.66;3.55;1.84;0;0;0;0;0;0;0;0;0;0;0;0;0;0;0;0;0;0;0;0;0;0;0;0;0;0;0;0;0;0;0;0;0;0;0;0;0;0;0;0;0;0;0;0;0;0;0;0;0;0;0;0;0;0;0;0;0;0;0;0;0;0;0;0;0;2;0;0;2;0;2;0;2016-07-31 15:00:00;2005;0;50;0;50;0;-1;1;-1;-1;-1;-1;-1;-1;0;1;1;0;1;1;-1;0;0;0;0;0;0;0;0;0;0;0;0;0;1;1;0;0;-1;-1;0;0;-1;-1;-1;-1;-1;-1;-1;-1;-1;0;0;0;50;100;0;0;100;50;11;5;5;1.5;Podbrezová;Slovan Bratislava;1.53;1.47;1;3;1;3;100;100;100;50;0;100;50;0;0;0;0;448;30;Y;Y;N;N;N;N;N
117814;2011;2010;2016/2017;complete;639;3;-1;38;31;1;1;2;3;2;5;2;1;0;0;0;0;8;4;8;3;16;7;12;7;53;47;0;0;2.16;3.42;3.51;0;0;0;0;0;0;0;0;0;0;0;0;0;0;0;0;0;0;0;0;0;0;0;0;0;0;0;0;0;0;0;0;0;0;0;0;0;0;0;0;0;0;0;0;0;0;0;0;0;0;0;0;0;0;0;0;0;0;0;0;0;0;0;0;0;2;1;1;0;0;0;2;2016-07-31 17:00:00;-1;0;50;0;50;0;-1;-1;-1;-1;-1;-1;-1;-1;0;0;0;0;0;0;-1;0;0;0;0;0;0;0;0;0;0;0;0;0;1;1;0;0;-1;-1;-1;-1;-1;-1;-1;-1;-1;-1;-1;-1;-1;0;0;0;50;100;0;0;100;50;12;5;4;1.5;Ružomberok;Spartak Trnava;2.31;1.43;3;1;1.5;2;100;100;100;50;0;100;100;50;0;0;0;448;30;Y;Y;N;N;N;N;Y
117815;2008;2006;2016/2017;complete;639;4;-1;;;0;0;0;7;2;9;5;3;1;3;0;0;5;3;4;1;9;4;14;29;61;39;1;3;1.98;3.5;4.01;0;0;0;0;0;0;0;0;0;0;0;0;0;0;0;0;0;0;0;0;0;0;0;0;0;0;0;0;0;0;0;0;0;0;0;0;0;0;0;0;0;0;0;0;0;0;0;0;0;0;0;0;0;0;0;0;0;0;0;0;0;0;0;0;0;0;0;0;0;0;0;0;2016-08-06 17:00:00;-1;0;100;0;100;0;-1;1;-1;-1;-1;-1;-1;-1;1;2;0;1;3;1;-1;0;0;0;0;0;0;0;0;0;0;0;0;0;1;1;0;0;-1;-1;0;0;-1;-1;-1;-1;-1;-1;-1;-1;-1;50;50;100;100;100;0;100;100;100;8;6;5;4;Zemplín Michalovce;Zlaté Moravce;1.29;0.44;3;0;1.33;1.5;50;50;0;0;0;100;100;100;0;0;0;448;30;N;N;N;N;N;N;N
117816;2042;2009;2016/2017;complete;639;4;-1;;30,51,58,82;0;4;4;5;4;9;0;4;1;4;0;0;6;6;9;4;15;10;12;16;50;50;1;4;3.23;3.28;2.35;0;0;0;0;0;0;0;0;0;0;0;0;0;0;0;0;0;0;0;0;0;0;0;0;0;0;0;0;0;0;0;0;0;0;0;0;0;0;0;0;0;0;0;0;0;0;0;0;0;0;0;0;0;0;0;0;0;0;0;0;0;0;0;0;0;4;0;1;0;3;3;1;2016-08-06 17:00:00;2009;0;0;0;0;0;-1;1;-1;-1;-1;-1;-1;-1;0;1;1;3;1;4;-1;0;0;0;0;0;0;0;0;0;0;0;0;0;1;1;0;0;-1;-1;0;0;-1;-1;-1;-1;-1;-1;-1;-1;-1;0;0;50;50;50;50;50;50;0;9;3;1;1.5;Tatran Prešov;Senica;0.93;0.8;1;0;0.33;1;100;100;50;50;50;50;50;50;0;0;0;448;30;Y;Y;Y;Y;N;N;N
117817;982;2007;2016/2017;complete;639;4;-1;10,27,78;24,45;3;2;5;8;3;11;3;2;2;3;0;1;2;4;5;3;7;7;12;21;58;42;2;4;1.41;4.71;8.37;0;0;0;0;0;0;0;0;0;0;0;0;0;0;0;0;0;0;0;0;0;0;0;0;0;0;0;0;0;0;0;0;0;0;0;0;0;0;0;0;0;0;0;0;0;0;0;0;0;0;0;0;0;0;0;0;0;0;0;0;0;0;0;0;0;5;2;2;1;0;1;4;2016-08-06 17:00:00;982;0;100;25;75;0;-1;1;-1;-1;-1;-1;-1;-1;0;0;2;4;0;6;-1;0;0;0;0;0;0;0;0;0;0;0;0;0;1;1;1;0;-1;-1;0;0;-1;-1;-1;-1;-1;-1;-1;-1;-1;50;75;100;100;100;25;100;75;75;11.5;2;5;4.25;Slovan Bratislava;DAC;2.33;1.13;3;0.5;2;0.5;50;25;0;0;0;75;75;75;0;0;0;448;30;Y;Y;Y;Y;Y;N;Y
117818;110;2005;2016/2017;complete;639;4;-1;;56;0;1;1;11;7;18;0;5;2;5;0;0;9;7;9;2;18;9;17;16;61;39;2;5;1.36;5.13;9.18;0;0;0;0;0;0;0;0;0;0;0;0;0;0;0;0;0;0;0;0;0;0;0;0;0;0;0;0;0;0;0;0;0;0;0;0;0;0;0;0;0;0;0;0;0;0;0;0;0;0;0;0;0;0;0;0;0;0;0;0;0;0;0;0;0;1;0;0;0;1;1;0;2016-08-06 17:00:00;2005;0;0;0;0;0;-1;1;-1;-1;-1;-1;-1;-1;1;3;1;2;4;3;-1;0;0;0;0;0;0;0;0;0;0;0;0;0;1;1;0;0;-1;-1;0;0;-1;-1;-1;-1;-1;-1;-1;-1;-1;0;0;50;50;50;50;50;50;0;6;1;0;1.5;Trenčín;Podbrezová;2.06;1.47;3;0;1;2;50;50;0;0;0;50;50;50;0;0;0;448;30;Y;N;N;N;N;N;N
117819;2010;1217;2016/2017;complete;639;4;-1;90;6,10;1;2;3;13;3;16;3;1;1;4;0;0;7;2;6;6;13;8;11;16;50;50;1;4;2.53;3.38;2.86;0;0;0;0;0;0;0;0;0;0;0;0;0;0;0;0;0;0;0;0;0;0;0;0;0;0;0;0;0;0;0;0;0;0;0;0;0;0;0;0;0;0;0;0;0;0;0;0;0;0;0;0;0;0;0;0;0;0;0;0;0;0;0;0;0;3;0;2;1;0;1;2;2016-08-07 17:00:00;1217;0;50;50;0;0;-1;1;-1;-1;-1;-1;-1;-1;0;1;1;3;1;4;-1;0;0;0;0;0;0;0;0;0;0;0;0;0;1;1;0;2;-1;-1;0;0;-1;-1;-1;-1;-1;-1;-1;-1;-1;0;0;50;50;50;50;50;0;0;4;1;2;1.5;Spartak Trnava;Žilina;1.44;2;3;0;1.67;2.33;50;50;0;0;0;0;0;0;0;0;0;448;30;Y;Y;Y;N;N;N;Y
117820;2007;110;2016/2017;complete;639;5;-1;81,85;1,4,69;2;3;5;8;5;13;4;1;3;4;0;0;3;3;9;3;12;6;18;16;52;48;3;4;3.14;3.37;2.35;0;0;0;0;0;0;0;0;0;0;0;0;0;0;0;0;0;0;0;0;0;0;0;0;0;0;0;0;0;0;0;0;0;0;0;0;0;0;0;0;0;0;0;0;0;0;0;0;0;0;0;0;0;0;0;0;0;0;0;0;0;0;0;0;0;5;0;2;2;1;3;2;2016-08-13 17:00:00;110;0;25;0;25;0;-1;1;-1;-1;-1;-1;-1;-1;1;3;2;1;4;3;-1;0;0;0;0;0;0;0;1;0;1;0;0;0;1;1;0;2;-1;-1;0;0;-1;-1;-1;-1;-1;-1;-1;-1;-1;0;0;50;50;50;0;50;50;50;8.5;2.5;4;1.5;DAC;Trenčín;1.71;1;0;0;0.33;0.75;50;50;0;0;0;50;50;50;0;0;0;448;30;Y;Y;Y;Y;Y;N;Y
117821;2005;2008;2016/2017;complete;639;5;-1;77;;1;0;1;8;1;9;3;1;2;4;0;0;6;3;4;2;10;5;18;26;54;46;2;4;1.68;3.69;5.74;0;0;0;0;0;0;0;0;0;0;0;0;0;0;0;0;0;0;0;0;0;0;0;0;0;0;0;0;0;0;0;0;0;0;0;0;0;0;0;0;0;0;0;0;0;0;0;0;0;0;0;0;0;0;0;0;0;0;0;0;0;0;0;0;0;1;0;0;1;0;1;0;2016-08-13 17:00:00;2005;0;25;0;25;0;-1;1;-1;-1;-1;-1;-1;-1;0;0;2;4;0;6;-1;0;0;0;0;0;0;0;0;0;0;0;0;0;1;1;0;0;-1;-1;0;0;-1;-1;-1;-1;-1;-1;-1;-1;-1;0;0;0;75;75;25;25;50;50;9;6.5;1.5;1.5;Podbrezová;Zemplín Michalovce;1.53;0.69;2;0.5;2.33;1.25;100;100;100;25;25;75;50;25;0;0;0;448;30;Y;N;N;N;N;N;N
117822;2011;982;2016/2017;complete;639;5;-1;30,42,56;82,90;3;2;5;4;4;8;2;1;2;3;0;0;6;5;4;9;10;14;11;12;44;56;2;3;2.1;3.43;3.67;0;0;0;0;0;0;0;0;0;0;0;0;0;0;0;0;0;0;0;0;0;0;0;0;0;0;0;0;0;0;0;0;0;0;0;0;0;0;0;0;0;0;0;0;0;0;0;0;0;0;0;0;0;0;0;0;0;0;0;0;0;0;0;0;0;5;2;0;1;2;3;2;2016-08-13 17:00:00;2011;0;25;25;0;0;-1;1;-1;-1;-1;-1;-1;-1;0;3;2;0;3;2;-1;0;0;0;0;0;0;0;0;0;0;0;0;0;1;1;0;0;-1;-1;0;0;-1;-1;-1;-1;-1;-1;-1;-1;-1;0;0;0;50;100;25;25;75;25;10.5;5;2.5;1.5;Ružomberok;Slovan Bratislava;2.31;1.47;2;1.5;1.33;2.25;100;100;100;50;0;75;50;50;0;0;0;448;30;Y;Y;Y;Y;Y;N;Y
117823;2010;2042;2016/2017;complete;639;5;-1;26,90;;2;0;2;7;5;12;6;2;0;1;0;0;8;4;3;2;11;6;15;10;56;44;0;1;0;0;0;0;0;0;0;0;0;0;0;0;0;0;0;0;0;0;0;0;0;0;0;0;0;0;0;0;0;0;0;0;0;0;0;0;0;0;0;0;0;0;0;0;0;0;0;0;0;0;0;0;0;0;0;0;0;0;0;0;0;0;0;0;0;0;0;0;2;1;0;1;0;1;1;2016-08-13 17:00:00;2010;0;50;25;0;0;-1;1;-1;-1;-1;-1;-1;-1;0;0;0;1;0;1;-1;0;0;0;0;0;0;0;0;0;0;0;0;0;1;1;0;0;-1;-1;0;0;-1;-1;-1;-1;-1;-1;-1;-1;-1;0;25;75;75;100;75;75;75;25;13;3.5;3;2.75;Spartak Trnava;Tatran Prešov;1.44;0.33;1.5;0;1.25;0.25;100;75;25;25;0;75;50;50;0;0;0;448;30;Y;Y;N;N;N;N;N
117824;2006;2009;2016/2017;complete;639;5;-1;;72;0;1;1;5;3;8;4;0;2;3;0;0;2;3;4;6;6;9;12;20;48;52;2;3;2.49;3.35;2.94;0;0;0;0;0;0;0;0;0;0;0;0;0;0;0;0;0;0;0;0;0;0;0;0;0;0;0;0;0;0;0;0;0;0;0;0;0;0;0;0;0;0;0;0;0;0;0;0;0;0;0;0;0;0;0;0;0;0;0;0;0;0;0;0;0;1;0;0;0;1;1;0;2016-08-13 17:00:00;2009;0;0;0;0;0;-1;1;-1;-1;-1;-1;-1;-1;1;1;1;2;2;3;-1;0;0;0;0;0;0;0;0;0;0;0;0;0;1;1;0;0;-1;-1;0;0;-1;-1;-1;-1;-1;-1;-1;-1;-1;0;25;100;100;100;25;100;100;75;15.5;7.5;3.5;3.25;Zlaté Moravce;Senica;1.07;0.8;3;1.5;1.33;1.5;100;75;0;0;0;100;75;75;0;0;0;448;30;Y;N;N;N;N;N;N
117825;2008;2007;2016/2017;complete;639;6;-1;60;;1;0;1;6;4;10;3;3;3;5;0;0;5;4;9;4;14;8;21;24;56;44;3;5;2.27;3.43;3.25;0;0;0;0;0;0;0;0;0;0;0;0;0;0;0;0;0;0;0;0;0;0;0;0;0;0;0;0;0;0;0;0;0;0;0;0;0;0;0;0;0;0;0;0;0;0;0;0;0;0;0;0;0;0;0;0;0;0;0;0;0;0;0;0;0;1;0;0;1;0;1;0;2016-08-20 17:00:00;2008;0;75;34;42;0;-1;1;-1;-1;-1;-1;-1;-1;0;1;3;4;1;7;-1;0;0;0;0;0;0;0;0;0;0;0;0;0;1;1;0;0;-1;-1;0;0;-1;-1;-1;-1;-1;-1;-1;-1;-1;17;34;75;75;75;34;75;59;42;9.5;6.5;6;2.75;Zemplín Michalovce;DAC;1.29;1.13;2;0.33;1;0.25;84;67;25;25;25;84;59;59;0;0;0;448;30;Y;N;N;N;N;N;N
117826;2042;2006;2016/2017;complete;639;6;-1;61;;1;0;1;4;6;10;2;5;2;4;0;0;4;5;8;6;12;11;8;24;45;55;2;4;2.23;3.36;3.4;0;0;0;0;0;0;0;0;0;0;0;0;0;0;0;0;0;0;0;0;0;0;0;0;0;0;0;0;0;0;0;0;0;0;0;0;0;0;0;0;0;0;0;0;0;0;0;0;0;0;0;0;0;0;0;0;0;0;0;0;0;0;0;0;0;1;0;0;1;0;1;0;2016-08-20 17:00:00;2042;0;25;0;25;0;-1;1;-1;-1;-1;-1;-1;-1;0;2;2;2;2;4;-1;0;0;0;0;0;0;0;0;0;0;0;0;0;1;1;0;0;-1;-1;0;0;-1;-1;-1;-1;-1;-1;-1;-1;-1;25;50;50;50;50;0;50;50;50;7.5;3.5;3;2.25;Tatran Prešov;Zlaté Moravce;0.93;0.44;0.5;0.5;0.2;1;75;50;50;50;50;75;25;25;0;0;0;448;30;Y;N;N;N;N;N;N
117827;2009;2005;2016/2017;complete;639;6;-1;;2;0;1;1;4;4;8;1;6;4;3;0;0;3;4;5;2;8;6;14;15;47;53;4;3;2.41;3.34;3.07;0;0;0;0;0;0;0;0;0;0;0;0;0;0;0;0;0;0;0;0;0;0;0;0;0;0;0;0;0;0;0;0;0;0;0;0;0;0;0;0;0;0;0;0;0;0;0;0;0;0;0;0;0;0;0;0;0;0;0;0;0;0;0;0;0;1;0;1;0;0;0;1;2016-08-20 17:00:00;2005;0;0;0;0;0;-1;1;-1;-1;-1;-1;-1;-1;2;0;2;3;2;5;-1;0;0;0;0;0;0;0;0;0;0;0;0;0;1;1;0;1;-1;-1;0;0;-1;-1;-1;-1;-1;-1;-1;-1;-1;0;0;0;25;100;25;25;75;0;11;5.5;7;1.25;Senica;Podbrezová;1.07;1.47;1.5;3;1.8;2.5;100;100;100;75;0;100;50;50;0;0;0;448;30;Y;N;N;N;N;N;N
117828;982;1217;2016/2017;complete;639;6;-1;67;;1;0;1;10;7;17;5;2;1;3;0;0;4;2;4;4;8;6;7;13;49;51;1;3;2.33;3.48;3.09;0;0;0;0;0;0;0;0;0;0;0;0;0;0;0;0;0;0;0;0;0;0;0;0;0;0;0;0;0;0;0;0;0;0;0;0;0;0;0;0;0;0;0;0;0;0;0;0;0;0;0;0;0;0;0;0;0;0;0;0;0;0;0;0;0;1;0;0;1;0;1;0;2016-08-20 17:00:00;982;0;100;25;25;0;-1;1;-1;-1;-1;-1;-1;-1;0;0;1;3;0;4;-1;0;0;0;0;0;0;0;0;0;0;0;0;0;1;1;0;0;-1;-1;0;0;-1;-1;-1;-1;-1;-1;-1;-1;-1;50;50;100;100;100;75;100;100;25;10.5;2.5;5.5;4;Slovan Bratislava;Žilina;2.33;2;3;3;1.8;2.5;50;50;0;0;0;100;100;100;0;0;0;448;30;Y;N;N;N;N;N;N
117829;110;2011;2016/2017;complete;639;6;-1;17,57,73;38;3;1;4;13;3;16;2;6;3;1;0;0;7;2;6;1;13;3;13;11;67;33;3;1;1.78;3.9;4.55;0;0;0;0;0;0;0;0;0;0;0;0;0;0;0;0;0;0;0;0;0;0;0;0;0;0;0;0;0;0;0;0;0;0;0;0;0;0;0;0;0;0;0;0;0;0;0;0;0;0;0;0;0;0;0;0;0;0;0;0;0;0;0;0;0;4;1;1;2;0;2;2;2016-08-21 17:00:00;110;0;50;50;50;0;-1;1;-1;-1;-1;-1;-1;-1;1;1;2;0;2;2;-1;0;0;0;0;0;0;0;0;0;0;0;0;0;1;1;0;0;-1;-1;0;0;-1;-1;-1;-1;-1;-1;-1;-1;-1;50;50;75;75;100;75;75;100;50;16.5;1.5;1;3.5;Trenčín;Ružomberok;2.06;1.07;1.5;0;1.2;1.75;50;50;25;25;0;100;100;100;0;0;0;448;30;Y;Y;Y;Y;N;N;Y
117830;2007;2009;2016/2017;complete;639;7;-1;;;0;0;0;7;0;7;5;4;0;3;0;0;6;0;6;2;12;2;17;26;60;40;0;3;1.81;3.6;4.77;0;0;0;0;0;0;0;0;0;0;0;0;0;0;0;0;0;0;0;0;0;0;0;0;0;0;0;0;0;0;0;0;0;0;0;0;0;0;0;0;0;0;0;0;0;0;0;0;0;0;0;0;0;0;0;0;0;0;0;0;0;0;0;0;0;0;0;0;0;0;0;0;2016-08-25 17:00:00;-1;0;50;0;50;0;-1;1;-1;-1;-1;-1;-1;-1;0;2;0;1;2;1;-1;0;0;0;0;0;0;0;0;0;0;0;0;0;1;1;0;0;-1;-1;0;0;-1;-1;-1;-1;-1;-1;-1;-1;-1;50;67;84;84;100;67;84;100;67;12;5.67;5.67;3.84;DAC;Senica;1.71;0.8;0;2;0.2;1.5;50;34;17;17;0;84;67;67;0;0;0;448;30;N;N;N;N;N;N;N
117831;2005;2006;2016/2017;complete;639;7;-1;90;87;1;1;2;-1;-1;-1;-1;-1;2;2;0;0;-1;-1;-1;-1;-1;-1;-1;-1;-1;-1;2;2;1.44;4.29;8.89;0;0;0;0;0;0;0;0;0;0;0;0;0;0;0;0;0;0;0;0;0;0;0;0;0;0;0;0;0;0;0;0;0;0;0;0;0;0;0;0;0;0;0;0;0;0;0;0;0;0;0;0;0;0;0;0;0;0;0;0;0;0;0;0;0;2;0;0;1;1;2;0;2016-08-27 17:00:00;-1;0;33;0;33;0;-1;1;-1;-1;-1;-1;-1;-1;0;0;2;2;0;4;-1;0;0;0;0;0;0;0;1;0;1;0;0;0;1;1;0;0;-1;-1;0;0;-1;-1;-1;-1;-1;-1;-1;-1;-1;17;17;17;50;84;0;17;84;50;10.67;6;4.67;1.84;Podbrezová;Zlaté Moravce;1.53;0.44;2.33;0.33;2.6;0.8;84;84;84;50;17;100;67;33;0;0;0;448;30;Y;Y;N;N;N;N;Y
117832;2011;2008;2016/2017;complete;639;7;-1;15,51,57,81;;4;0;4;2;3;5;4;2;0;2;0;0;2;5;10;6;12;11;16;22;56;44;0;2;1.52;4.14;7.14;0;0;0;0;0;0;0;0;0;0;0;0;0;0;0;0;0;0;0;0;0;0;0;0;0;0;0;0;0;0;0;0;0;0;0;0;0;0;0;0;0;0;0;0;0;0;0;0;0;0;0;0;0;0;0;0;0;0;0;0;0;0;0;0;0;4;1;0;3;0;3;1;2016-08-27 17:00:00;2011;0;34;17;17;0;-1;1;-1;-1;-1;-1;-1;-1;0;1;0;1;1;1;-1;0;0;0;0;0;0;0;0;0;0;0;0;0;1;1;0;0;-1;-1;0;0;-1;-1;-1;-1;-1;-1;-1;-1;-1;17;17;17;50;84;50;50;50;17;7;5;2.33;1.84;Ružomberok;Zemplín Michalovce;2.31;0.69;2.33;0.33;1.4;1.33;84;84;84;50;17;50;17;17;0;0;0;448;30;Y;Y;Y;Y;N;N;N
117833;2010;982;2016/2017;complete;639;7;-1;;;0;0;0;4;3;7;0;2;4;5;1;0;6;9;6;2;12;11;15;17;50;50;6;5;2.47;3.37;2.95;0;0;0;0;0;0;0;0;0;0;0;0;0;0;0;0;0;0;0;0;0;0;0;0;0;0;0;0;0;0;0;0;0;0;0;0;0;0;0;0;0;0;0;0;0;0;0;0;0;0;0;0;0;0;0;0;0;0;0;0;0;0;0;0;0;0;0;0;0;0;0;0;2016-08-27 17:00:00;-1;0;50;17;17;0;-1;1;-1;-1;-1;-1;-1;-1;2;5;3;0;7;3;-1;0;0;0;0;0;0;0;0;0;0;0;0;0;1;1;0;0;-1;-1;0;0;-1;-1;-1;-1;-1;-1;-1;-1;-1;17;17;50;84;100;50;67;84;34;13;5.66;3.33;2.67;Spartak Trnava;Slovan Bratislava;1.44;1.47;2;1;1.6;2;84;84;50;17;0;67;50;50;0;0;0;448;30;N;N;N;N;N;N;N
117834;1217;110;2016/2017;complete;639;7;-1;6,22,54,77;;4;0;4;11;6;17;8;2;1;0;0;0;6;4;7;9;13;13;14;7;43;57;1;0;2.11;3.61;3.46;0;0;0;0;0;0;0;0;0;0;0;0;0;0;0;0;0;0;0;0;0;0;0;0;0;0;0;0;0;0;0;0;0;0;0;0;0;0;0;0;0;0;0;0;0;0;0;0;0;0;0;0;0;0;0;0;0;0;0;0;0;0;0;0;0;4;2;0;2;0;2;2;2016-08-28 17:00:00;1217;0;67;17;67;0;-1;1;-1;-1;-1;-1;-1;-1;0;0;1;0;0;1;-1;0;0;0;0;0;0;0;0;0;0;0;0;0;1;1;1;0;-1;-1;0;0;-1;-1;-1;-1;-1;-1;-1;-1;-1;33;67;100;100;100;50;100;100;100;16;6;5.33;4;Žilina;Trenčín;2.87;1;2.33;1;2;1.5;67;34;0;0;0;100;84;84;0;0;0;448;30;Y;Y;Y;Y;N;N;N
117835;110;2010;2016/2017;complete;639;8;-1;19,29,90;5,42,59;3;3;6;6;2;8;2;4;1;4;0;0;6;4;8;3;14;7;12;19;68;32;1;4;1.86;3.77;4.21;0;0;0;0;0;0;0;0;0;0;0;0;0;0;0;0;0;0;0;0;0;0;0;0;0;0;0;0;0;0;0;0;0;0;0;0;0;0;0;0;0;0;0;0;0;0;0;0;0;0;0;0;0;0;0;0;0;0;0;0;0;0;0;0;0;6;2;2;1;1;2;4;2016-09-10 15:00:00;-1;0;67;42;25;0;-1;1;-1;-1;-1;-1;-1;-1;0;1;1;3;1;4;-1;0;0;0;0;0;0;0;0;0;0;0;0;0;1;1;0;1;-1;-1;0;0;-1;-1;-1;-1;-1;-1;-1;-1;-1;0;17;34;84;100;59;59;75;42;13.5;3;3.17;2.34;Trenčín;Spartak Trnava;2.06;1.43;2;1;1.29;1.5;100;84;67;17;0;75;75;50;0;0;0;448;30;Y;Y;Y;Y;Y;Y;Y
117836;2008;1217;2016/2017;complete;639;8;-1;;14,67;0;2;2;7;11;18;3;5;2;1;0;0;4;7;9;6;13;13;12;12;45;55;2;1;3.95;3.58;1.97;0;0;0;0;0;0;0;0;0;0;0;0;0;0;0;0;0;0;0;0;0;0;0;0;0;0;0;0;0;0;0;0;0;0;0;0;0;0;0;0;0;0;0;0;0;0;0;0;0;0;0;0;0;0;0;0;0;0;0;0;0;0;0;0;0;2;0;1;0;1;1;1;2016-09-10 17:00:00;1217;0;42;0;17;0;-1;1;-1;-1;-1;-1;-1;-1;2;1;0;0;3;0;-1;0;0;0;0;0;0;0;0;0;0;0;0;0;1;1;0;0;-1;-1;0;0;-1;-1;-1;-1;-1;-1;-1;-1;-1;0;0;42;42;84;25;42;84;17;10.67;5.5;5.83;1.67;Zemplín Michalovce;Žilina;1.29;2;2.33;1.5;1.14;2.17;100;100;59;59;17;100;84;67;0;0;0;448;30;Y;Y;N;N;N;N;N
117837;2042;2005;2016/2017;complete;639;8;-1;;22,40;0;2;2;1;4;5;2;2;1;0;0;0;4;7;11;8;15;15;17;11;49;51;1;0;3.12;3.24;2.43;0;0;0;0;0;0;0;0;0;0;0;0;0;0;0;0;0;0;0;0;0;0;0;0;0;0;0;0;0;0;0;0;0;0;0;0;0;0;0;0;0;0;0;0;0;0;0;0;0;0;0;0;0;0;0;0;0;0;0;0;0;0;0;0;0;2;0;2;0;0;0;2;2016-09-10 17:00:00;2005;0;0;0;0;0;-1;1;-1;-1;-1;-1;-1;-1;0;0;1;0;0;1;-1;0;0;0;0;0;0;0;0;0;0;0;0;0;1;1;0;0;-1;-1;0;0;-1;-1;-1;-1;-1;-1;-1;-1;-1;0;17;17;17;84;0;42;59;17;9.83;6.83;5;1.34;Tatran Prešov;Podbrezová;0.93;1.47;1.33;3;0.67;2.33;100;84;84;84;17;59;42;25;0;0;0;448;30;Y;Y;N;N;N;N;N
117838;2009;2011;2016/2017;complete;639;8;-1;67;48;1;1;2;1;7;8;2;5;3;5;0;1;3;6;10;3;13;9;20;17;56;44;3;7;2.81;3.38;2.57;0;0;0;0;0;0;0;0;0;0;0;0;0;0;0;0;0;0;0;0;0;0;0;0;0;0;0;0;0;0;0;0;0;0;0;0;0;0;0;0;0;0;0;0;0;0;0;0;0;0;0;0;0;0;0;0;0;0;0;0;0;0;0;0;0;2;0;0;1;1;2;0;2016-09-10 17:00:00;-1;0;50;50;25;0;-1;1;-1;-1;-1;-1;-1;-1;1;3;2;3;4;5;-1;0;0;0;0;0;0;0;1;0;1;0;0;0;1;1;0;0;-1;-1;0;1;-1;-1;-1;-1;-1;-1;-1;-1;-1;25;50;50;67;100;67;84;67;50;9.5;4.17;3.17;2.92;Senica;Ružomberok;1.07;1.07;1;0;1.43;1.67;75;50;50;34;0;84;50;50;0;0;0;448;30;Y;Y;N;N;N;N;Y
117839;2006;2007;2016/2017;complete;639;8;-1;56;58;1;1;2;3;4;7;0;0;2;3;0;0;3;6;9;8;12;14;18;15;52;48;2;3;2.55;3.23;2.95;0;0;0;0;0;0;0;0;0;0;0;0;0;0;0;0;0;0;0;0;0;0;0;0;0;0;0;0;0;0;0;0;0;0;0;0;0;0;0;0;0;0;0;0;0;0;0;0;0;0;0;0;0;0;0;0;0;0;0;0;0;0;0;0;0;2;0;0;1;1;2;0;2016-09-10 17:00:00;-1;0;38;25;13;0;-1;1;-1;-1;-1;-1;-1;-1;1;1;1;2;2;3;-1;0;0;0;0;0;0;0;1;0;1;0;0;0;1;1;0;0;-1;-1;0;0;-1;-1;-1;-1;-1;-1;-1;-1;-1;13;25;63;63;100;25;63;88;38;12;6.75;5.75;2.63;Zlaté Moravce;DAC;1.07;1.13;1.5;0.25;0.83;0.33;88;75;38;38;0;63;63;50;0;0;0;448;30;Y;Y;N;N;N;N;Y
117840;1217;2009;2016/2017;complete;639;9;-1;11,60,73,83;38,71;4;2;6;12;2;14;7;0;1;4;1;1;8;6;12;3;20;9;9;12;60;40;3;5;1.41;4.73;8.29;0;0;0;0;0;0;0;0;0;0;0;0;0;0;0;0;0;0;0;0;0;0;0;0;0;0;0;0;0;0;0;0;0;0;0;0;0;0;0;0;0;0;0;0;0;0;0;0;0;0;0;0;0;0;0;0;0;0;0;0;0;0;0;0;0;6;1;1;3;1;4;2;2016-09-17 15:00:00;1217;0;25;13;25;0;-1;1;-1;-1;-1;-1;-1;-1;0;2;2;3;2;5;-1;0;0;0;0;0;0;0;0;1;0;1;0;0;1;1;0;0;-1;-1;0;0;-1;-1;-1;-1;-1;-1;-1;-1;-1;13;63;75;75;88;50;75;88;63;12.25;7.25;4;3.13;Žilina;Senica;2.87;0.8;2.5;1.75;2.29;1.38;88;38;25;25;13;75;50;50;0;0;0;448;30;Y;Y;Y;Y;Y;Y;Y
117841;2007;2005;2016/2017;complete;639;9;-1;;;0;0;0;2;4;6;1;1;1;1;0;0;3;3;5;3;8;6;21;20;54;46;1;1;2.45;3.29;3.05;0;0;0;0;0;0;0;0;0;0;0;0;0;0;0;0;0;0;0;0;0;0;0;0;0;0;0;0;0;0;0;0;0;0;0;0;0;0;0;0;0;0;0;0;0;0;0;0;0;0;0;0;0;0;0;0;0;0;0;0;0;0;0;0;0;0;0;0;0;0;0;0;2016-09-17 17:00:00;-1;0;25;0;25;0;-1;1;-1;-1;-1;-1;-1;-1;0;1;1;0;1;1;-1;0;0;0;0;0;0;0;0;0;0;0;0;0;1;1;0;0;-1;-1;0;1;-1;-1;-1;-1;-1;-1;-1;-1;-1;25;25;25;42;75;42;59;42;25;12.5;8.83;4.17;1.92;DAC;Podbrezová;1.71;1.47;0.5;3;0.43;2.43;75;75;75;59;25;42;42;42;0;0;0;448;30;N;N;N;N;N;N;N
117842;2011;2006;2016/2017;complete;639;9;-1;24,52,54,70,82,90;32;6;1;7;7;5;12;2;2;2;0;0;0;12;4;9;8;21;12;8;5;61;39;2;0;1.42;4.65;8.32;0;0;0;0;0;0;0;0;0;0;0;0;0;0;0;0;0;0;0;0;0;0;0;0;0;0;0;0;0;0;0;0;0;0;0;0;0;0;0;0;0;0;0;0;0;0;0;0;0;0;0;0;0;0;0;0;0;0;0;0;0;0;0;0;0;7;1;1;5;0;5;2;2016-09-17 17:00:00;2011;0;50;13;38;0;-1;1;-1;-1;-1;-1;-1;-1;0;0;2;0;0;2;-1;0;0;0;0;0;0;0;0;0;0;0;0;0;1;1;0;0;-1;-1;0;0;-1;-1;-1;-1;-1;-1;-1;-1;-1;25;38;38;63;88;25;50;75;50;8;4.75;3.5;2.5;Ružomberok;Zlaté Moravce;2.31;0.44;2.5;0.5;1.57;0.86;75;63;63;38;13;63;46;29;0;0;0;448;30;Y;Y;Y;Y;Y;Y;Y
117843;2010;2008;2016/2017;complete;639;9;-1;10,68;34,48,64;2;3;5;9;5;14;5;0;1;1;0;0;5;5;4;5;9;10;15;16;53;47;1;1;1.39;4.85;8.82;0;0;0;0;0;0;0;0;0;0;0;0;0;0;0;0;0;0;0;0;0;0;0;0;0;0;0;0;0;0;0;0;0;0;0;0;0;0;0;0;0;0;0;0;0;0;0;0;0;0;0;0;0;0;0;0;0;0;0;0;0;0;0;0;0;5;1;1;1;2;3;2;2016-09-17 17:00:00;2008;0;25;13;0;0;-1;1;-1;-1;-1;-1;-1;-1;1;0;0;1;1;1;-1;0;0;0;0;0;0;0;1;0;1;0;0;0;1;1;1;0;-1;-1;0;0;-1;-1;-1;-1;-1;-1;-1;-1;-1;0;13;38;63;75;38;63;50;13;9.5;5.25;3.75;1.88;Spartak Trnava;Zemplín Michalovce;1.44;0.69;1.75;0.25;1.43;1;100;88;63;38;25;50;25;25;0;0;0;448;30;Y;Y;Y;Y;Y;N;Y
117844;982;2042;2016/2017;complete;639;9;-1;65;90;1;1;2;10;3;13;3;1;1;3;0;0;7;5;12;3;19;8;9;21;73;27;1;3;1.24;6.08;9.99;0;0;0;0;0;0;0;0;0;0;0;0;0;0;0;0;0;0;0;0;0;0;0;0;0;0;0;0;0;0;0;0;0;0;0;0;0;0;0;0;0;0;0;0;0;0;0;0;0;0;0;0;0;0;0;0;0;0;0;0;0;0;0;0;0;2;0;0;1;1;2;0;2016-09-17 18:00:00;-1;0;34;17;17;0;-1;1;-1;-1;-1;-1;-1;-1;1;0;0;3;1;3;-1;0;0;0;0;0;0;0;0;0;0;0;0;0;1;1;0;0;-1;-1;0;0;-1;-1;-1;-1;-1;-1;-1;-1;-1;34;50;50;67;100;33;67;100;33;13;4.34;2.66;3;Slovan Bratislava;Tatran Prešov;2.33;0.33;3;0;1.86;0.57;67;50;50;33;0;100;84;84;0;0;0;448;30;Y;Y;N;N;N;N;Y
117845;110;982;2016/2017;complete;639;10;-1;12,60;29;2;1;3;2;3;5;2;3;1;1;0;0;7;3;4;7;11;10;9;8;62;38;1;1;2.13;3.53;3.48;0;0;0;0;0;0;0;0;0;0;0;0;0;0;0;0;0;0;0;0;0;0;0;0;0;0;0;0;0;0;0;0;0;0;0;0;0;0;0;0;0;0;0;0;0;0;0;0;0;0;0;0;0;0;0;0;0;0;0;0;0;0;0;0;0;3;1;1;1;0;1;2;2016-09-24 15:00:00;110;0;38;25;25;0;-1;1;-1;-1;-1;-1;-1;-1;0;1;1;0;1;1;-1;0;0;0;0;0;0;0;0;0;0;0;0;0;1;1;0;0;-1;-1;0;0;-1;-1;-1;-1;-1;-1;-1;-1;-1;25;38;50;63;88;50;50;88;50;13.5;3.5;4.5;2.75;Trenčín;Slovan Bratislava;2.06;1.47;1.75;1;1.25;1.75;75;63;50;38;13;63;50;50;0;0;0;448;30;Y;Y;Y;N;N;N;Y
117846;2005;2011;2016/2017;complete;639;10;-1;32,48,58;90;3;1;4;7;3;10;1;2;4;3;0;0;11;3;6;2;17;5;16;24;51;49;4;3;2.42;3.32;3.07;0;0;0;0;0;0;0;0;0;0;0;0;0;0;0;0;0;0;0;0;0;0;0;0;0;0;0;0;0;0;0;0;0;0;0;0;0;0;0;0;0;0;0;0;0;0;0;0;0;0;0;0;0;0;0;0;0;0;0;0;0;0;0;0;0;4;1;0;2;1;3;1;2016-09-24 17:00:00;2005;0;75;34;59;0;-1;1;-1;-1;-1;-1;-1;-1;1;1;3;2;2;5;-1;0;0;0;0;0;0;0;0;0;0;0;0;0;1;1;0;0;-1;-1;0;0;-1;-1;-1;-1;-1;-1;-1;-1;-1;17;34;34;88;100;34;34;100;88;12.67;5.75;4.42;2.71;Podbrezová;Ružomberok;1.53;1.07;2;0.33;2.25;1.75;84;67;67;13;0;84;67;50;0;0;0;448;30;Y;Y;Y;Y;N;N;Y
117847;2042;2007;2016/2017;complete;639;10;-1;;44,47,68;0;3;3;2;3;5;1;2;0;2;0;0;3;6;8;6;11;12;11;16;48;52;0;2;0;0;0;0;0;0;0;0;0;0;0;0;0;0;0;0;0;0;0;0;0;0;0;0;0;0;0;0;0;0;0;0;0;0;0;0;0;0;0;0;0;0;0;0;0;0;0;0;0;0;0;0;0;0;0;0;0;0;0;0;0;0;0;0;0;0;0;0;3;0;1;0;2;2;1;2016-09-24 17:00:00;2007;0;40;20;20;0;-1;1;-1;-1;-1;-1;-1;-1;0;1;0;1;1;1;-1;0;0;0;0;0;0;0;0;0;0;0;0;0;1;1;0;0;-1;-1;0;0;-1;-1;-1;-1;-1;-1;-1;-1;-1;10;33;43;65;88;33;55;65;33;7.5;3.3;5;2.38;Tatran Prešov;DAC;0.93;1.13;1;0.4;0.63;0.5;90;68;58;35;13;55;43;20;0;0;0;448;30;Y;Y;Y;N;N;N;N
117848;2009;2010;2016/2017;complete;639;10;-1;;36;0;1;1;4;4;8;0;2;4;5;1;1;0;0;0;0;0;0;22;20;-1;-1;6;6;2.57;3.31;2.86;0;0;0;0;0;0;0;0;0;0;0;0;0;0;0;0;0;0;0;0;0;0;0;0;0;0;0;0;0;0;0;0;0;0;0;0;0;0;0;0;0;0;0;0;0;0;0;0;0;0;0;0;0;0;0;0;0;0;0;0;0;0;0;0;0;1;0;1;0;0;0;1;2016-09-24 17:00:00;2010;0;63;34;46;0;-1;1;-1;-1;-1;-1;-1;-1;1;1;4;5;2;9;-1;0;0;0;0;0;0;0;0;0;0;0;0;0;1;1;0;0;-1;-1;0;0;-1;-1;-1;-1;-1;-1;-1;-1;-1;17;17;17;75;100;46;59;59;46;6.25;3.67;5.08;2.42;Senica;Spartak Trnava;1.07;1.43;1;1;1.22;1.25;84;84;84;25;0;42;17;0;0;0;0;448;30;Y;N;N;N;N;N;N
117849;2006;1217;2016/2017;complete;639;10;-1;;23,70;0;2;2;4;7;11;0;3;4;0;0;0;4;12;6;13;10;25;11;11;37;63;4;0;5.87;4;1.61;0;0;0;0;0;0;0;0;0;0;0;0;0;0;0;0;0;0;0;0;0;0;0;0;0;0;0;0;0;0;0;0;0;0;0;0;0;0;0;0;0;0;0;0;0;0;0;0;0;0;0;0;0;0;0;0;0;0;0;0;0;0;0;0;0;2;0;1;0;1;1;1;2016-09-24 17:00:00;1217;0;33;0;17;0;-1;1;-1;-1;-1;-1;-1;-1;3;0;1;0;3;1;-1;0;0;0;0;0;0;0;0;1;0;1;0;0;1;1;0;0;-1;-1;1;0;-1;-1;-1;-1;-1;-1;-1;-1;-1;0;0;33;67;100;17;50;100;34;13.33;5.67;4.34;2;Zlaté Moravce;Žilina;1.07;2;1.33;2;0.75;2.38;100;100;67;33;0;67;67;67;0;0;0;448;30;Y;Y;N;N;N;N;N
117850;2011;2007;2016/2017;complete;639;11;-1;30,89;44,61;2;2;4;4;7;11;1;0;2;5;0;0;7;12;7;7;14;19;18;19;50;50;2;5;1.48;4.35;7.51;0;0;0;0;0;0;0;0;0;0;0;0;0;0;0;0;0;0;0;0;0;0;0;0;0;0;0;0;0;0;0;0;0;0;0;0;0;0;0;0;0;0;0;0;0;0;0;0;0;0;0;0;0;0;0;0;0;0;0;0;0;0;0;0;0;4;1;1;1;1;2;2;2016-10-01 15:00:00;-1;0;64;37;27;0;-1;1;-1;-1;-1;-1;-1;-1;1;3;1;2;4;3;-1;0;0;0;0;0;0;0;1;1;1;1;0;0;1;1;0;0;-1;-1;0;1;-1;-1;-1;-1;-1;-1;-1;-1;-1;29;47;64;82;100;47;74;82;55;8.43;4.23;4.67;3.4;Ružomberok;DAC;2.31;1.13;2.6;0.83;1.56;0.78;72;54;37;19;0;45;45;37;0;0;0;448;30;Y;Y;Y;Y;N;N;Y
117851;982;2008;2016/2017;complete;639;11;-1;19,33,82;90;3;1;4;4;6;10;2;0;3;4;0;0;9;7;7;6;16;13;11;9;55;45;3;4;1.34;5.07;9.99;0;0;0;0;0;0;0;0;0;0;0;0;0;0;0;0;0;0;0;0;0;0;0;0;0;0;0;0;0;0;0;0;0;0;0;0;0;0;0;0;0;0;0;0;0;0;0;0;0;0;0;0;0;0;0;0;0;0;0;0;0;0;0;0;0;4;2;0;1;1;2;2;2016-10-01 15:00:00;982;0;48;23;35;0;-1;1;-1;-1;-1;-1;-1;-1;1;3;2;1;4;3;-1;0;0;0;0;0;0;0;1;1;1;1;0;0;1;1;0;0;-1;-1;0;0;-1;-1;-1;-1;-1;-1;-1;-1;-1;35;45;45;68;90;33;55;80;45;11.75;4.95;2.65;2.83;Slovan Bratislava;Zemplín Michalovce;2.33;0.69;2.5;0.8;1.56;1.22;65;55;55;33;10;80;60;60;0;0;0;448;30;Y;Y;Y;Y;N;N;Y
117852;2010;2006;2016/2017;complete;639;11;-1;90;;1;0;1;4;1;5;6;6;0;0;0;0;4;2;1;7;5;9;10;9;58;42;0;0;1.39;4.87;8.59;0;0;0;0;0;0;0;0;0;0;0;0;0;0;0;0;0;0;0;0;0;0;0;0;0;0;0;0;0;0;0;0;0;0;0;0;0;0;0;0;0;0;0;0;0;0;0;0;0;0;0;0;0;0;0;0;0;0;0;0;0;0;0;0;0;1;0;0;1;0;1;0;2016-10-01 15:00:00;2010;0;60;30;30;0;-1;-1;-1;-1;-1;-1;-1;-1;0;0;0;0;0;0;-1;0;0;0;0;0;0;0;0;0;0;0;0;0;1;1;0;0;-1;-1;-1;-1;-1;-1;-1;-1;-1;-1;-1;-1;-1;30;30;50;70;80;40;60;70;40;11.65;5.2;4.2;2.8;Spartak Trnava;Zlaté Moravce;1.44;0.44;1.4;0.4;1.44;0.67;70;70;50;30;20;80;68;55;0;0;0;448;30;Y;N;N;N;N;N;N
117853;1217;2005;2016/2017;complete;639;11;-1;50;;1;0;1;14;4;18;3;2;3;3;0;0;9;6;16;3;25;9;11;7;68;32;3;3;1.38;4.81;9.08;0;0;0;0;0;0;0;0;0;0;0;0;0;0;0;0;0;0;0;0;0;0;0;0;0;0;0;0;0;0;0;0;0;0;0;0;0;0;0;0;0;0;0;0;0;0;0;0;0;0;0;0;0;0;0;0;0;0;0;0;0;0;0;0;0;1;0;0;1;0;1;0;2016-10-01 15:00:00;1217;0;30;20;30;0;-1;1;-1;-1;-1;-1;-1;-1;2;2;1;1;4;2;-1;0;0;0;0;0;0;0;0;0;0;0;0;0;1;1;0;0;-1;-1;0;0;-1;-1;-1;-1;-1;-1;-1;-1;-1;20;50;50;63;88;53;75;63;50;14.55;8.9;3.85;2.8;Žilina;Podbrezová;2.87;1.47;2.6;2.5;2.44;2.33;80;50;50;38;13;63;53;53;0;0;0;448;30;Y;N;N;N;N;N;N
117854;110;2042;2016/2017;complete;639;11;-1;71;40;1;1;2;9;5;14;3;2;1;2;0;0;10;7;12;2;22;9;13;12;70;30;1;2;0;0;0;0;0;0;0;0;0;0;0;0;0;0;0;0;0;0;0;0;0;0;0;0;0;0;0;0;0;0;0;0;0;0;0;0;0;0;0;0;0;0;0;0;0;0;0;0;0;0;0;0;0;0;0;0;0;0;0;0;0;0;0;0;0;0;0;0;2;0;1;1;0;1;1;2016-10-02 15:30:00;-1;0;43;30;23;0;-1;1;-1;-1;-1;-1;-1;-1;0;0;1;2;0;3;-1;0;0;0;0;0;0;0;0;0;0;0;0;0;1;1;0;0;-1;-1;0;0;-1;-1;-1;-1;-1;-1;-1;-1;-1;10;33;53;78;100;53;65;100;45;11.85;2.9;3.15;2.83;Trenčín;Tatran Prešov;2.06;0.33;2;0.25;1.44;0.56;90;68;48;23;0;80;68;68;0;0;0;448;30;Y;Y;N;N;N;N;Y
117855;2042;2011;2016/2017;complete;639;12;-1;20,53;18;2;1;3;4;4;8;1;2;1;2;0;0;8;5;9;6;17;11;13;23;42;58;1;2;3.71;3.42;2.09;0;0;0;0;0;0;0;0;0;0;0;0;0;0;0;0;0;0;0;0;0;0;0;0;0;0;0;0;0;0;0;0;0;0;0;0;0;0;0;0;0;0;0;0;0;0;0;0;0;0;0;0;0;0;0;0;0;0;0;0;0;0;0;0;0;3;1;1;1;0;1;2;2016-10-15 15:00:00;2042;0;50;25;38;0;-1;1;-1;-1;-1;-1;-1;-1;1;1;0;1;2;1;-1;0;0;0;0;0;0;0;0;0;0;0;0;0;1;1;0;0;-1;-1;0;0;-1;-1;-1;-1;-1;-1;-1;-1;-1;13;48;58;80;90;35;68;80;70;8.45;4.9;3.55;2.88;Tatran Prešov;Ružomberok;0.93;1.07;0.8;0.25;0.6;1.5;88;53;43;20;10;58;48;25;0;0;0;448;30;Y;Y;Y;N;N;N;Y
117856;2010;2005;2016/2017;complete;639;12;-1;;50,73;0;2;2;6;3;9;0;5;2;3;0;0;6;3;15;7;21;10;20;21;50;50;2;3;1.72;3.7;5.3;0;0;0;0;0;0;0;0;0;0;0;0;0;0;0;0;0;0;0;0;0;0;0;0;0;0;0;0;0;0;0;0;0;0;0;0;0;0;0;0;0;0;0;0;0;0;0;0;0;0;0;0;0;0;0;0;0;0;0;0;0;0;0;0;0;2;0;0;0;2;2;0;2016-10-15 15:00:00;2005;0;25;17;9;0;-1;1;-1;-1;-1;-1;-1;-1;1;0;1;3;1;4;-1;0;0;0;0;0;0;0;0;0;0;0;0;0;1;1;0;0;-1;-1;0;0;-1;-1;-1;-1;-1;-1;-1;-1;-1;9;9;25;44;82;35;54;54;9;11.43;6.7;4.07;1.67;Spartak Trnava;Podbrezová;1.44;1.47;1.67;2;1.6;2.1;92;92;75;57;19;45;45;45;0;0;0;448;30;Y;Y;N;N;N;N;N
117857;2008;110;2016/2017;complete;639;12;-1;31,45;;2;0;2;2;6;8;5;2;1;3;0;1;7;3;6;13;13;16;11;16;46;54;1;5;3.64;3.57;2.06;0;0;0;0;0;0;0;0;0;0;0;0;0;0;0;0;0;0;0;0;0;0;0;0;0;0;0;0;0;0;0;0;0;0;0;0;0;0;0;0;0;0;0;0;0;0;0;0;0;0;0;0;0;0;0;0;0;0;0;0;0;0;0;0;0;2;2;0;0;0;0;2;2016-10-15 15:00:00;2008;0;38;0;38;0;-1;1;-1;-1;-1;-1;-1;-1;0;3;1;1;3;2;-1;0;0;0;0;0;0;0;0;0;0;0;0;0;1;1;0;0;-1;-1;0;0;-1;-1;-1;-1;-1;-1;-1;-1;-1;13;25;63;75;88;25;75;88;63;13;5.75;5.25;2.63;Zemplín Michalovce;Trenčín;1.29;1;1.75;0.75;1.1;1.4;88;75;38;25;13;100;88;75;0;0;0;448;30;Y;Y;N;N;N;N;N
117858;2007;1217;2016/2017;complete;639;12;-1;;11,17,30,32,75,82;0;6;6;9;4;13;2;3;1;1;0;0;7;9;11;5;18;14;8;7;51;49;1;1;4.47;3.63;1.85;0;0;0;0;0;0;0;0;0;0;0;0;0;0;0;0;0;0;0;0;0;0;0;0;0;0;0;0;0;0;0;0;0;0;0;0;0;0;0;0;0;0;0;0;0;0;0;0;0;0;0;0;0;0;0;0;0;0;0;0;0;0;0;0;0;6;0;4;0;2;2;4;2016-10-15 18:30:00;1217;0;29;0;17;0;-1;1;-1;-1;-1;-1;-1;-1;0;0;1;1;0;2;-1;0;0;0;0;0;0;0;0;0;0;0;0;0;1;1;0;0;-1;-1;0;0;-1;-1;-1;-1;-1;-1;-1;-1;-1;17;17;29;54;67;29;54;67;17;12.67;6.08;3.33;1.84;DAC;Žilina;1.71;2;0.67;2.25;0.8;2.5;84;84;71;46;34;67;67;67;0;0;0;448;30;Y;Y;Y;Y;Y;Y;N
117859;982;2009;2016/2017;complete;639;12;-1;43,90;;2;0;2;5;6;11;2;1;2;1;0;0;7;3;5;6;12;9;12;17;49;51;2;1;1.3;5.29;9.99;0;0;0;0;0;0;0;0;0;0;0;0;0;0;0;0;0;0;0;0;0;0;0;0;0;0;0;0;0;0;0;0;0;0;0;0;0;0;0;0;0;0;0;0;0;0;0;0;0;0;0;0;0;0;0;0;0;0;0;0;0;0;0;0;0;2;1;0;1;0;1;1;2016-10-16 15:30:00;982;0;50;20;40;0;-1;1;-1;-1;-1;-1;-1;-1;0;0;2;1;0;3;-1;0;0;0;0;0;0;0;1;0;1;0;0;0;1;1;0;0;-1;-1;0;0;-1;-1;-1;-1;-1;-1;-1;-1;-1;30;50;60;70;90;40;60;90;50;10.6;4.4;4.8;3.1;Slovan Bratislava;Senica;2.33;0.8;2.6;1.4;1.7;1.1;70;50;40;30;10;80;70;60;0;0;0;448;30;Y;Y;N;N;N;N;N
117860;2008;2042;2016/2017;complete;639;13;-1;17,57;13,43;2;2;4;7;4;11;0;3;4;2;0;0;5;6;8;7;13;13;17;19;56;44;4;2;0;0;0;0;0;0;0;0;0;0;0;0;0;0;0;0;0;0;0;0;0;0;0;0;0;0;0;0;0;0;0;0;0;0;0;0;0;0;0;0;0;0;0;0;0;0;0;0;0;0;0;0;0;0;0;0;0;0;0;0;0;0;0;0;0;0;0;0;4;1;2;1;0;1;3;2016-10-22 15:00:00;-1;0;30;0;20;0;-1;1;-1;-1;-1;-1;-1;-1;2;2;2;0;4;2;-1;0;0;0;0;0;0;0;0;0;0;0;0;0;1;1;0;0;-1;-1;0;0;-1;-1;-1;-1;-1;-1;-1;-1;-1;0;10;20;70;90;20;60;80;30;9.6;5.6;3.8;1.9;Zemplín Michalovce;Tatran Prešov;1.29;0.33;2;0.4;1.27;0.82;100;90;80;30;10;90;70;60;0;0;0;448;30;Y;Y;Y;Y;N;N;Y
117861;2011;1217;2016/2017;complete;639;13;-1;;28,65;0;2;2;1;7;8;2;3;2;1;0;0;2;9;9;17;11;26;12;9;34;66;2;1;2.97;3.53;2.38;0;0;0;0;0;0;0;0;0;0;0;0;0;0;0;0;0;0;0;0;0;0;0;0;0;0;0;0;0;0;0;0;0;0;0;0;0;0;0;0;0;0;0;0;0;0;0;0;0;0;0;0;0;0;0;0;0;0;0;0;0;0;0;0;0;2;0;1;0;1;1;1;2016-10-22 15:00:00;1217;0;44;25;17;0;-1;1;-1;-1;-1;-1;-1;-1;0;0;2;1;0;3;-1;0;0;0;0;0;0;0;0;0;0;0;0;0;1;1;0;0;-1;-1;0;0;-1;-1;-1;-1;-1;-1;-1;-1;-1;27;44;54;82;100;54;82;92;44;10.9;4.97;2.97;3.32;Ružomberok;Žilina;2.31;2;2.33;2.4;1.36;2.55;74;57;47;19;0;75;75;75;0;0;0;448;30;Y;Y;N;N;N;N;N
117862;2006;982;2016/2017;complete;639;13;-1;52;10,16,30,47,90;1;5;6;8;4;12;0;5;1;0;0;0;6;8;7;5;13;13;18;11;50;50;1;0;5.41;3.77;1.69;0;0;0;0;0;0;0;0;0;0;0;0;0;0;0;0;0;0;0;0;0;0;0;0;0;0;0;0;0;0;0;0;0;0;0;0;0;0;0;0;0;0;0;0;0;0;0;0;0;0;0;0;0;0;0;0;0;0;0;0;0;0;0;0;0;6;0;3;1;2;3;3;2016-10-22 15:00:00;982;0;33;10;23;0;-1;1;-1;-1;-1;-1;-1;-1;0;0;1;0;0;1;-1;0;0;0;0;0;0;0;0;0;0;0;0;0;1;1;0;1;-1;-1;0;0;-1;-1;-1;-1;-1;-1;-1;-1;-1;10;10;33;68;90;20;45;90;45;9.95;4.65;4.85;2.1;Zlaté Moravce;Slovan Bratislava;1.07;1.47;1;0.8;0.6;1.82;90;90;68;33;10;45;35;35;0;0;0;448;30;Y;Y;Y;Y;Y;Y;Y
117863;2009;110;2016/2017;complete;639;13;-1;65;35,70;1;2;3;1;2;3;1;3;3;2;0;0;3;3;3;11;6;14;21;20;45;55;3;2;3.71;3.53;2.05;0;0;0;0;0;0;0;0;0;0;0;0;0;0;0;0;0;0;0;0;0;0;0;0;0;0;0;0;0;0;0;0;0;0;0;0;0;0;0;0;0;0;0;0;0;0;0;0;0;0;0;0;0;0;0;0;0;0;0;0;0;0;0;0;0;3;0;1;1;1;2;1;2016-10-22 18:30:00;110;0;30;0;30;0;-1;1;-1;-1;-1;-1;-1;-1;2;2;1;0;4;1;-1;0;0;0;0;0;0;0;1;0;1;0;0;0;1;1;0;0;-1;-1;0;0;-1;-1;-1;-1;-1;-1;-1;-1;-1;10;20;40;70;100;40;80;60;50;10.2;2.8;6.8;2.4;Senica;Trenčín;1.07;1;0.8;0.6;1;1.27;90;80;60;30;0;60;40;40;0;0;0;448;30;Y;Y;Y;N;N;N;Y
117864;2010;2007;2016/2017;complete;639;13;-1;30;;1;0;1;4;8;12;1;3;0;2;0;0;6;4;6;11;12;15;12;25;40;60;0;2;0;0;0;0;0;0;0;0;0;0;0;0;0;0;0;0;0;0;0;0;0;0;0;0;0;0;0;0;0;0;0;0;0;0;0;0;0;0;0;0;0;0;0;0;0;0;0;0;0;0;0;0;0;0;0;0;0;0;0;0;0;0;0;0;0;0;0;0;1;1;0;0;0;0;1;2016-10-23 15:30:00;2010;0;57;36;29;0;-1;1;-1;-1;-1;-1;-1;-1;0;1;0;1;1;1;-1;0;0;0;0;0;0;0;0;0;0;0;0;0;1;1;0;0;-1;-1;0;0;-1;-1;-1;-1;-1;-1;-1;-1;-1;14;29;57;79;93;43;64;79;43;11;4.57;5.57;2.72;Spartak Trnava;DAC;1.44;1.13;1.43;0.86;1.45;0.73;86;72;43;22;7;57;50;43;0;0;0;448;30;Y;N;N;N;N;N;N
117865;2008;2009;2016/2017;complete;639;14;-1;;;0;0;0;10;4;14;3;5;5;2;2;0;5;4;5;7;10;11;17;19;58;42;8;2;1.86;3.5;4.6;0;0;0;0;0;0;0;0;0;0;0;0;0;0;0;0;0;0;0;0;0;0;0;0;0;0;0;0;0;0;0;0;0;0;0;0;0;0;0;0;0;0;0;0;0;0;0;0;0;0;0;0;0;0;0;0;0;0;0;0;0;0;0;0;0;0;0;0;0;0;0;0;2016-10-29 15:00:00;-1;0;25;17;17;0;-1;1;-1;-1;-1;-1;-1;-1;1;0;6;2;1;8;-1;0;0;0;0;0;0;0;0;0;0;0;0;0;1;1;0;0;-1;-1;0;0;-1;-1;-1;-1;-1;-1;-1;-1;-1;9;25;42;67;83;33;67;75;25;8.83;5;5.16;2.34;Zemplín Michalovce;Senica;1.29;0.8;1.83;1.17;1.25;0.92;92;75;59;33;17;75;59;50;0;0;0;448;30;N;N;N;N;N;N;N
117866;110;2006;2016/2017;complete;639;14;-1;20,35;;2;0;2;9;3;12;0;3;0;0;0;0;7;0;9;6;16;6;9;4;67;33;0;0;1.29;5.69;9.99;0;0;0;0;0;0;0;0;0;0;0;0;0;0;0;0;0;0;0;0;0;0;0;0;0;0;0;0;0;0;0;0;0;0;0;0;0;0;0;0;0;0;0;0;0;0;0;0;0;0;0;0;0;0;0;0;0;0;0;0;0;0;0;0;0;2;2;0;0;0;0;2;2016-10-29 15:00:00;110;0;59;34;25;0;-1;-1;-1;-1;-1;-1;-1;-1;0;0;0;0;0;0;-1;0;0;0;0;0;0;0;0;0;0;0;0;0;1;1;0;0;-1;-1;-1;-1;-1;-1;-1;-1;-1;-1;-1;-1;-1;25;33;50;67;92;42;58;92;42;11.43;4.5;3.16;2.92;Trenčín;Zlaté Moravce;2.06;0.44;1.83;0.33;1.42;0.55;75;67;50;34;9;74;64;54;0;0;0;448;30;Y;Y;N;N;N;N;N
117867;2010;2011;2016/2017;complete;639;14;-1;;76;0;1;1;5;4;9;2;2;3;3;0;0;4;3;10;1;14;4;19;22;54;46;3;3;2.26;3.44;3.25;0;0;0;0;0;0;0;0;0;0;0;0;0;0;0;0;0;0;0;0;0;0;0;0;0;0;0;0;0;0;0;0;0;0;0;0;0;0;0;0;0;0;0;0;0;0;0;0;0;0;0;0;0;0;0;0;0;0;0;0;0;0;0;0;0;1;0;0;0;1;1;0;2016-10-29 15:00:00;2011;0;69;43;37;0;-1;1;-1;-1;-1;-1;-1;-1;1;1;2;2;2;4;-1;0;0;0;0;0;0;0;0;0;0;0;0;0;1;1;0;0;-1;-1;0;0;-1;-1;-1;-1;-1;-1;-1;-1;-1;17;37;59;82;94;49;72;82;53;11.38;5.95;4.1;2.87;Spartak Trnava;Ružomberok;1.44;1.07;1.63;0.2;1.58;1.25;84;64;42;19;7;62;55;45;0;0;0;448;30;Y;N;N;N;N;N;N
117868;982;2005;2016/2017;complete;639;14;-1;27,41;;2;0;2;7;3;10;1;1;0;2;0;0;5;2;8;7;13;9;16;23;56;44;0;2;1.57;3.94;6.58;0;0;0;0;0;0;0;0;0;0;0;0;0;0;0;0;0;0;0;0;0;0;0;0;0;0;0;0;0;0;0;0;0;0;0;0;0;0;0;0;0;0;0;0;0;0;0;0;0;0;0;0;0;0;0;0;0;0;0;0;0;0;0;0;0;2;2;0;0;0;0;2;2016-10-30 14:20:00;982;0;34;9;25;0;-1;1;-1;-1;-1;-1;-1;-1;0;1;0;1;1;1;-1;0;0;0;0;0;0;0;0;0;0;0;0;0;1;1;0;0;-1;-1;0;0;-1;-1;-1;-1;-1;-1;-1;-1;-1;17;25;25;58;92;25;50;75;34;11.66;6;4.17;2.17;Slovan Bratislava;Podbrezová;2.33;1.47;2.67;2.17;1.92;2.18;84;75;75;42;9;75;67;58;0;0;0;448;30;Y;Y;N;N;N;N;N
117869;2042;1217;2016/2017;complete;639;14;-1;33;80;1;1;2;5;4;9;2;2;2;1;0;0;8;5;7;8;15;13;18;11;37;63;2;1;6.61;4.06;1.56;0;0;0;0;0;0;0;0;0;0;0;0;0;0;0;0;0;0;0;0;0;0;0;0;0;0;0;0;0;0;0;0;0;0;0;0;0;0;0;0;0;0;0;0;0;0;0;0;0;0;0;0;0;0;0;0;0;0;0;0;0;0;0;0;0;2;1;0;0;1;1;1;2016-10-30 16:30:00;-1;0;17;9;0;0;-1;1;-1;-1;-1;-1;-1;-1;0;0;2;1;0;3;-1;0;0;0;0;0;0;0;1;0;1;0;0;0;1;1;0;0;-1;-1;0;0;-1;-1;-1;-1;-1;-1;-1;-1;-1;9;17;42;75;92;33;75;84;25;9.83;4.16;2.5;2.42;Tatran Prešov;Žilina;0.93;2;1.17;2.5;0.83;2.58;92;83;59;25;9;58;50;42;0;0;0;448;30;Y;Y;N;N;N;N;Y
117870;2005;110;2016/2017;complete;639;15;-1;37,45;14;2;1;3;0;2;2;8;1;2;2;1;0;4;6;3;12;7;18;10;22;37;63;3;2;3.08;3.33;2.41;0;0;0;0;0;0;0;0;0;0;0;0;0;0;0;0;0;0;0;0;0;0;0;0;0;0;0;0;0;0;0;0;0;0;0;0;0;0;0;0;0;0;0;0;0;0;0;0;0;0;0;0;0;0;0;0;0;0;0;0;0;0;0;0;0;3;2;1;0;0;0;3;2016-11-04 16:00:00;2005;0;55;0;55;0;-1;1;-1;-1;-1;-1;-1;-1;1;1;2;1;2;3;-1;0;0;0;0;0;0;0;0;0;0;0;0;0;1;1;0;0;-1;-1;0;0;-1;-1;-1;-1;-1;-1;-1;-1;-1;9;27;52;90;100;25;60;92;82;12.75;3.77;5.37;2.77;Podbrezová;Trenčín;1.53;1;2.2;1;2;1.54;92;74;49;10;0;84;71;46;0;0;0;448;30;Y;Y;Y;N;N;N;Y
117871;2009;2042;2016/2017;complete;639;15;-1;;;0;0;0;5;1;6;0;5;1;4;0;0;5;4;6;7;11;11;13;24;62;38;1;4;2.03;3.34;4.03;0;0;0;0;0;0;0;0;0;0;0;0;0;0;0;0;0;0;0;0;0;0;0;0;0;0;0;0;0;0;0;0;0;0;0;0;0;0;0;0;0;0;0;0;0;0;0;0;0;0;0;0;0;0;0;0;0;0;0;0;0;0;0;0;0;0;0;0;0;0;0;0;2016-11-05 16:00:00;-1;0;42;9;25;0;-1;1;-1;-1;-1;-1;-1;-1;0;0;1;4;0;5;-1;0;0;0;0;0;0;0;0;0;0;0;0;0;1;1;0;0;-1;-1;0;0;-1;-1;-1;-1;-1;-1;-1;-1;-1;0;17;25;67;100;25;67;75;33;7.33;2.66;5.16;2.09;Senica;Tatran Prešov;1.07;0.33;0.67;0.5;0.92;0.85;100;84;75;34;0;67;42;42;0;0;0;448;30;N;N;N;N;N;N;N
117872;2008;2006;2016/2017;complete;639;15;-1;18,27,52,60,89;58;5;1;6;10;2;12;1;3;0;1;0;0;9;4;6;4;15;8;9;18;64;36;0;1;0;0;0;0;0;0;0;0;0;0;0;0;0;0;0;0;0;0;0;0;0;0;0;0;0;0;0;0;0;0;0;0;0;0;0;0;0;0;0;0;0;0;0;0;0;0;0;0;0;0;0;0;0;0;0;0;0;0;0;0;0;0;0;0;0;0;0;0;6;2;0;3;1;4;2;2016-11-05 16:00:00;2008;0;36;14;22;0;-1;1;-1;-1;-1;-1;-1;-1;0;0;0;1;0;1;-1;0;0;0;0;0;0;0;0;0;0;0;0;0;1;1;0;0;-1;-1;0;0;-1;-1;-1;-1;-1;-1;-1;-1;-1;15;22;29;57;79;29;50;64;29;9.64;6.15;4.71;2.14;Zemplín Michalovce;Zlaté Moravce;1.29;0.44;1.71;0.29;1.23;0.5;86;79;71;43;22;85;69;54;0;0;0;448;30;Y;Y;Y;Y;Y;Y;Y
117873;982;2007;2016/2017;complete;639;15;-1;82;;1;0;1;6;2;8;3;1;1;4;0;0;5;2;12;6;17;8;9;24;64;36;1;4;0;0;0;0;0;0;0;0;0;0;0;0;0;0;0;0;0;0;0;0;0;0;0;0;0;0;0;0;0;0;0;0;0;0;0;0;0;0;0;0;0;0;0;0;0;0;0;0;0;0;0;0;0;0;0;0;0;0;0;0;0;0;0;0;0;0;0;0;1;0;0;1;0;1;0;2016-11-06 14:20:00;982;0;60;26;41;0;-1;1;-1;-1;-1;-1;-1;-1;1;1;0;3;2;3;-1;0;0;0;0;0;0;0;0;0;0;0;0;0;1;1;0;0;-1;-1;0;0;-1;-1;-1;-1;-1;-1;-1;-1;-1;21;41;53;81;100;41;73;81;47;12.04;4.04;5.06;2.94;Slovan Bratislava;DAC;2.33;1.13;2.71;0.75;2;0.67;80;60;48;20;0;82;82;61;0;0;0;448;30;Y;N;N;N;N;N;N
117874;1217;2010;2016/2017;complete;639;15;-1;9,39,45,47,50,75,84;;7;0;7;9;7;16;7;0;1;3;0;1;12;6;9;12;21;18;11;12;61;39;1;4;1.38;4.85;9.34;0;0;0;0;0;0;0;0;0;0;0;0;0;0;0;0;0;0;0;0;0;0;0;0;0;0;0;0;0;0;0;0;0;0;0;0;0;0;0;0;0;0;0;0;0;0;0;0;0;0;0;0;0;0;0;0;0;0;0;0;0;0;0;0;0;7;3;0;4;0;4;3;2016-11-06 16:30:00;1217;0;63;42;50;0;-1;1;-1;-1;-1;-1;-1;-1;1;1;0;3;2;3;-1;0;0;0;0;0;0;0;0;0;0;0;0;0;1;1;1;0;-1;-1;0;0;-1;-1;-1;-1;-1;-1;-1;-1;-1;29;54;54;79;100;59;79;75;67;13.75;7.5;5.08;3.38;Žilina;Spartak Trnava;2.87;1.43;2.67;1.5;2.46;1.46;71;46;46;21;0;63;54;42;0;0;0;448;30;Y;Y;Y;Y;Y;Y;N
117875;2008;2005;2016/2017;complete;639;16;-1;70;5,26,36;1;3;4;8;1;9;1;2;0;2;0;0;8;4;13;1;21;5;13;16;59;41;0;2;2.82;3.14;2.73;0;0;0;0;0;0;0;0;0;0;0;0;0;0;0;0;0;0;0;0;0;0;0;0;0;0;0;0;0;0;0;0;0;0;0;0;0;0;0;0;0;0;0;0;0;0;0;0;0;0;0;0;0;0;0;0;0;0;0;0;0;0;0;0;0;4;0;3;1;0;1;3;2016-11-19 16:00:00;2005;0;19;7;13;0;-1;1;-1;-1;-1;-1;-1;-1;0;0;0;2;0;2;-1;0;0;0;0;0;0;0;0;0;0;0;0;0;1;1;0;1;-1;-1;0;0;-1;-1;-1;-1;-1;-1;-1;-1;-1;7;13;19;53;81;34;53;53;20;10.77;6.14;5.18;1.77;Zemplín Michalovce;Podbrezová;1.29;1.47;1.88;1.86;1.36;2.08;94;88;82;48;20;73;59;46;0;0;0;448;30;Y;Y;Y;Y;N;N;Y
117876;2042;2010;2016/2017;complete;639;16;-1;72;47,65,90;1;3;4;5;8;13;3;0;5;2;1;0;7;5;5;12;12;17;17;16;50;50;7;2;0;0;0;0;0;0;0;0;0;0;0;0;0;0;0;0;0;0;0;0;0;0;0;0;0;0;0;0;0;0;0;0;0;0;0;0;0;0;0;0;0;0;0;0;0;0;0;0;0;0;0;0;0;0;0;0;0;0;0;0;0;0;0;0;0;0;0;0;4;0;0;1;3;4;0;2016-11-19 16:00:00;2010;0;45;27;20;0;-1;1;-1;-1;-1;-1;-1;-1;1;1;5;1;2;6;-1;0;0;0;0;0;0;0;0;0;0;0;0;0;1;1;0;0;-1;-1;0;0;-1;-1;-1;-1;-1;-1;-1;-1;-1;20;27;42;76;93;45;76;66;45;7.57;3.43;4.4;2.87;Tatran Prešov;Spartak Trnava;0.93;1.43;1.14;1.2;0.86;1.36;80;73;59;25;7;42;27;10;0;0;0;448;30;Y;Y;Y;Y;N;N;Y
117877;2009;2006;2016/2017;complete;639;16;-1;12;6,48,79;1;3;4;6;4;10;4;4;3;3;0;0;4;5;6;6;10;11;15;29;55;45;3;3;1.75;3.68;5.06;0;0;0;0;0;0;0;0;0;0;0;0;0;0;0;0;0;0;0;0;0;0;0;0;0;0;0;0;0;0;0;0;0;0;0;0;0;0;0;0;0;0;0;0;0;0;0;0;0;0;0;0;0;0;0;0;0;0;0;0;0;0;0;0;0;4;1;1;0;2;2;2;2016-11-19 16:00:00;2006;0;40;7;34;0;-1;1;-1;-1;-1;-1;-1;-1;2;2;1;1;4;2;-1;0;0;0;0;0;0;0;0;1;0;1;0;0;1;1;0;1;-1;-1;0;0;-1;-1;-1;-1;-1;-1;-1;-1;-1;19;19;26;53;87;26;54;59;40;6.58;3.59;4.5;2.22;Senica;Zlaté Moravce;1.07;0.44;0.71;0.25;0.93;0.46;82;82;75;48;14;58;36;29;0;0;0;448;30;Y;Y;Y;Y;N;N;Y
117878;2007;110;2016/2017;complete;639;16;-1;72,90;;2;0;2;2;0;2;7;2;4;2;0;0;7;3;5;6;12;9;13;18;40;60;4;2;3.83;3.52;2.02;0;0;0;0;0;0;0;0;0;0;0;0;0;0;0;0;0;0;0;0;0;0;0;0;0;0;0;0;0;0;0;0;0;0;0;0;0;0;0;0;0;0;0;0;0;0;0;0;0;0;0;0;0;0;0;0;0;0;0;0;0;0;0;0;0;2;0;0;2;0;2;0;2016-11-19 16:00:00;2007;0;41;7;34;0;-1;1;-1;-1;-1;-1;-1;-1;0;0;4;2;0;6;-1;0;0;0;0;0;0;0;0;0;0;0;0;0;1;1;0;0;-1;-1;0;0;-1;-1;-1;-1;-1;-1;-1;-1;-1;32;40;68;75;75;54;75;61;61;11.93;5;4.25;3.02;DAC;Trenčín;1.71;1;0.5;0.86;0.62;1.43;68;61;32;25;25;54;54;54;0;0;0;448;30;Y;Y;N;N;N;N;N
117879;982;2011;2016/2017;complete;639;16;-1;79,85;77;2;1;3;3;2;5;2;0;1;6;0;0;10;3;10;2;20;5;9;31;61;39;1;6;1.46;4.56;7.37;0;0;0;0;0;0;0;0;0;0;0;0;0;0;0;0;0;0;0;0;0;0;0;0;0;0;0;0;0;0;0;0;0;0;0;0;0;0;0;0;0;0;0;0;0;0;0;0;0;0;0;0;0;0;0;0;0;0;0;0;0;0;0;0;0;3;0;0;2;1;3;0;2016-11-20 16:30:00;982;0;67;32;44;0;-1;1;-1;-1;-1;-1;-1;-1;0;2;1;4;2;5;-1;0;0;0;0;0;0;0;2;0;2;0;0;0;1;1;0;0;-1;-1;0;0;-1;-1;-1;-1;-1;-1;-1;-1;-1;21;44;53;79;100;44;65;94;53;11.96;5.38;4.05;2.96;Slovan Bratislava;Ružomberok;2.33;1.07;2.75;0.67;2.07;1.38;79;57;48;21;0;78;69;48;0;0;0;448;30;Y;Y;Y;N;N;N;Y
117880;2007;2008;2016/2017;complete;639;17;-1;27,78;28;2;1;3;5;1;6;1;0;1;2;0;1;9;2;8;3;17;5;10;10;55;45;1;3;1.69;3.73;5.49;0;0;0;0;0;0;0;0;0;0;0;0;0;0;0;0;0;0;0;0;0;0;0;0;0;0;0;0;0;0;0;0;0;0;0;0;0;0;0;0;0;0;0;0;0;0;0;0;0;0;0;0;0;0;0;0;0;0;0;0;0;0;0;0;0;3;1;1;1;0;1;2;2016-11-26 16:00:00;2007;0;27;9;27;0;-1;1;-1;-1;-1;-1;-1;-1;0;2;1;1;2;2;-1;0;0;0;0;0;0;0;1;0;1;0;0;0;1;1;0;0;-1;-1;0;1;-1;-1;-1;-1;-1;-1;-1;-1;-1;29;45;45;64;72;45;54;64;55;9.1;5.63;3.63;2.64;DAC;Zemplín Michalovce;1.71;0.69;1;0.67;0.79;1.27;72;55;55;37;29;54;37;29;0;0;0;448;30;Y;Y;Y;N;N;N;Y
117881;2005;2009;2016/2017;complete;639;17;-1;14,31;;2;0;2;7;1;8;2;3;1;3;0;1;5;2;3;1;8;3;20;17;64;36;1;4;1.48;4.21;7.78;0;0;0;0;0;0;0;0;0;0;0;0;0;0;0;0;0;0;0;0;0;0;0;0;0;0;0;0;0;0;0;0;0;0;0;0;0;0;0;0;0;0;0;0;0;0;0;0;0;0;0;0;0;0;0;0;0;0;0;0;0;0;0;0;0;2;2;0;0;0;0;2;2016-11-26 16:00:00;2005;0;41;16;32;0;-1;1;-1;-1;-1;-1;-1;-1;0;0;1;4;0;5;-1;0;0;0;0;0;0;0;1;0;1;0;0;0;1;1;0;0;-1;-1;0;0;-1;-1;-1;-1;-1;-1;-1;-1;-1;7;23;38;70;86;23;45;77;48;8.83;4.81;5.04;2.31;Podbrezová;Senica;1.53;0.8;2.33;1.14;2.14;0.87;93;77;62;30;15;76;59;39;0;0;0;448;30;Y;Y;N;N;N;N;N
117882;2006;2042;2016/2017;complete;639;17;-1;33,69,80;;3;0;3;12;0;12;1;4;0;1;0;0;10;3;3;1;13;4;13;12;55;45;0;1;2.24;3.38;3.36;0;0;0;0;0;0;0;0;0;0;0;0;0;0;0;0;0;0;0;0;0;0;0;0;0;0;0;0;0;0;0;0;0;0;0;0;0;0;0;0;0;0;0;0;0;0;0;0;0;0;0;0;0;0;0;0;0;0;0;0;0;0;0;0;0;3;1;0;2;0;2;1;2016-11-26 16:00:00;2006;0;42;7;27;0;-1;1;-1;-1;-1;-1;-1;-1;0;1;0;0;1;0;-1;0;0;0;0;0;0;0;1;0;1;0;0;0;1;1;0;0;-1;-1;0;0;-1;-1;-1;-1;-1;-1;-1;-1;-1;10;25;35;76;93;25;59;93;45;10.06;4.09;4.14;2.47;Zlaté Moravce;Tatran Prešov;1.07;0.33;0.8;0.57;0.64;0.8;90;76;66;25;7;73;66;66;0;0;0;448;30;Y;Y;Y;N;N;N;N
117883;1217;982;2016/2017;complete;639;17;-1;20,27;25;2;1;3;0;8;8;0;0;4;4;0;0;6;3;8;7;14;10;12;10;52;48;4;4;1.8;3.68;4.69;0;0;0;0;0;0;0;0;0;0;0;0;0;0;0;0;0;0;0;0;0;0;0;0;0;0;0;0;0;0;0;0;0;0;0;0;0;0;0;0;0;0;0;0;0;0;0;0;0;0;0;0;0;0;0;0;0;0;0;0;0;0;0;0;0;3;2;1;0;0;0;3;2016-11-26 16:00:00;1217;0;47;23;38;0;-1;1;-1;-1;-1;-1;-1;-1;2;1;2;3;3;5;-1;0;0;0;0;0;0;0;0;0;0;0;0;0;1;1;0;0;-1;-1;0;0;-1;-1;-1;-1;-1;-1;-1;-1;-1;38;60;68;77;92;61;68;92;68;14.46;8.12;3.88;3.63;Žilina;Slovan Bratislava;2.87;1.47;2.71;1.17;2.5;2.13;62;41;32;24;9;75;60;60;0;0;0;448;30;Y;Y;Y;N;N;N;Y
117884;2011;110;2016/2017;complete;639;17;-1;6,72,78;12,27,76;3;3;6;9;4;13;4;1;1;1;0;0;6;11;8;7;14;18;12;22;42;58;1;1;2.73;3.39;2.64;0;0;0;0;0;0;0;0;0;0;0;0;0;0;0;0;0;0;0;0;0;0;0;0;0;0;0;0;0;0;0;0;0;0;0;0;0;0;0;0;0;0;0;0;0;0;0;0;0;0;0;0;0;0;0;0;0;0;0;0;0;0;0;0;0;6;1;2;2;1;3;3;2016-11-27 14:20:00;-1;0;54;28;34;0;-1;1;-1;-1;-1;-1;-1;-1;0;0;1;1;0;2;-1;0;0;0;0;0;0;0;0;0;0;0;0;0;1;1;1;0;-1;-1;0;0;-1;-1;-1;-1;-1;-1;-1;-1;-1;21;41;66;93;100;54;87;81;66;8.75;4.14;4.17;3.35;Ružomberok;Trenčín;2.31;1;2;0.75;1.29;1.33;80;59;34;7;0;47;47;47;0;0;0;448;30;Y;Y;Y;Y;Y;Y;Y
117885;2009;2007;2016/2017;complete;639;18;-1;79;12;1;1;2;2;5;7;0;1;1;5;0;0;5;4;5;3;10;7;10;27;49;51;1;5;2.81;3.12;2.75;0;0;0;0;0;0;0;0;0;0;0;0;0;0;0;0;0;0;0;0;0;0;0;0;0;0;0;0;0;0;0;0;0;0;0;0;0;0;0;0;0;0;0;0;0;0;0;0;0;0;0;0;0;0;0;0;0;0;0;0;0;0;0;0;0;2;0;1;1;0;1;1;2016-12-03 16:00:00;-1;0;47;23;29;0;-1;1;-1;-1;-1;-1;-1;-1;1;1;0;4;2;4;-1;0;0;0;0;0;0;0;0;0;0;0;0;0;1;1;0;0;-1;-1;0;0;-1;-1;-1;-1;-1;-1;-1;-1;-1;6;23;41;59;94;29;65;64;41;8.07;2.8;6.67;2.21;Senica;DAC;1.07;1.13;0.63;0.67;0.81;0.93;95;78;60;42;7;47;35;22;0;0;0;448;30;Y;Y;N;N;N;N;Y
117886;2006;2005;2016/2017;complete;639;18;-1;63,90;;2;0;2;4;3;7;1;1;3;4;0;0;6;4;6;5;12;9;18;16;48;52;3;4;3.3;3.21;2.35;0;0;0;0;0;0;0;0;0;0;0;0;0;0;0;0;0;0;0;0;0;0;0;0;0;0;0;0;0;0;0;0;0;0;0;0;0;0;0;0;0;0;0;0;0;0;0;0;0;0;0;0;0;0;0;0;0;0;0;0;0;0;0;0;0;2;0;0;2;0;2;0;2016-12-03 16:00:00;2006;0;23;0;17;0;-1;1;-1;-1;-1;-1;-1;-1;2;1;1;3;3;4;-1;0;0;0;0;0;0;0;0;0;0;0;0;0;1;1;0;0;-1;-1;0;0;-1;-1;-1;-1;-1;-1;-1;-1;-1;9;15;32;67;94;28;59;75;40;10.92;4.67;4.05;2.23;Zlaté Moravce;Podbrezová;1.07;1.47;1.17;2;0.8;2.2;92;86;69;34;7;65;53;46;0;0;0;448;30;Y;Y;N;N;N;N;N
117887;1217;110;2016/2017;complete;639;18;-1;51,78,90;;3;0;3;10;9;19;10;0;2;4;0;0;9;7;7;11;16;18;9;15;50;50;2;4;1.59;4.34;5.55;0;0;0;0;0;0;0;0;0;0;0;0;0;0;0;0;0;0;0;0;0;0;0;0;0;0;0;0;0;0;0;0;0;0;0;0;0;0;0;0;0;0;0;0;0;0;0;0;0;0;0;0;0;0;0;0;0;0;0;0;0;0;0;0;0;3;0;0;3;0;3;0;2016-12-03 16:00:00;1217;0;53;30;41;0;-1;1;-1;-1;-1;-1;-1;-1;1;3;1;1;4;2;-1;0;0;0;0;0;0;0;0;0;0;0;0;0;1;1;0;0;-1;-1;0;0;-1;-1;-1;-1;-1;-1;-1;-1;-1;30;54;83;94;100;66;89;83;77;13.67;6.52;4.67;3.85;Žilina;Trenčín;2.87;1;2.75;0.78;2.53;1.31;71;46;18;7;0;72;66;66;0;0;0;448;30;Y;Y;Y;N;N;N;N
117888;982;2010;2016/2017;complete;639;18;-1;;21;0;1;1;4;3;7;5;3;2;2;0;0;4;5;6;8;10;13;16;18;57;43;2;2;1.62;4.03;5.73;0;0;0;0;0;0;0;0;0;0;0;0;0;0;0;0;0;0;0;0;0;0;0;0;0;0;0;0;0;0;0;0;0;0;0;0;0;0;0;0;0;0;0;0;0;0;0;0;0;0;0;0;0;0;0;0;0;0;0;0;0;0;0;0;0;1;0;1;0;0;0;1;2016-12-04 14:20:00;2010;0;62;22;47;0;-1;1;-1;-1;-1;-1;-1;-1;1;2;1;0;3;1;-1;0;0;0;0;0;0;0;0;0;0;0;0;0;1;1;0;0;-1;-1;0;0;-1;-1;-1;-1;-1;-1;-1;-1;-1;28;42;47;81;100;42;62;78;56;11.34;4;4.5;3.23;Slovan Bratislava;Spartak Trnava;2.33;1.43;2.78;1.5;2;1.47;73;59;53;20;0;64;64;45;0;0;0;448;30;Y;N;N;N;N;N;N
117889;2005;2042;2016/2017;complete;639;19;-1;45;64;1;1;2;7;4;11;-1;-1;1;5;1;0;10;4;6;3;16;7;-1;-1;-1;-1;3;5;1.4;4.4;9.9;0;0;0;0;0;0;0;0;0;0;0;0;0;0;0;0;0;0;0;0;0;0;0;0;0;0;0;0;0;0;0;0;0;0;0;0;0;0;0;0;0;0;0;0;0;0;0;0;0;0;0;0;0;0;0;0;0;0;0;0;0;0;0;0;0;2;1;0;0;1;1;1;2016-12-10 13:00:00;-1;0;48;14;28;0;-1;1;-1;-1;-1;-1;-1;-1;0;1;2;4;1;6;-1;0;0;0;0;0;0;0;0;0;0;0;0;0;1;1;0;0;-1;-1;0;0;-1;-1;-1;-1;-1;-1;-1;-1;-1;0;20;34;81;94;27;53;80;48;9.05;5.07;4.14;2.27;Podbrezová;Tatran Prešov;1.53;0.33;2.43;0.5;2.06;0.75;100;81;67;20;7;78;63;46;0;0;0;448;30;Y;Y;N;N;N;N;Y
117890;2007;2006;2016/2017;complete;639;19;-1;25;;1;0;1;5;7;12;1;0;2;1;0;0;9;3;3;8;12;11;11;15;50;50;2;1;1.61;3.94;6;0;0;0;0;0;0;0;0;0;0;0;0;0;0;0;0;0;0;0;0;0;0;0;0;0;0;0;0;0;0;0;0;0;0;0;0;0;0;0;0;0;0;0;0;0;0;0;0;0;0;0;0;0;0;0;0;0;0;0;0;0;0;0;0;0;1;1;0;0;0;0;1;2016-12-10 16:00:00;2007;0;45;20;25;0;-1;1;-1;-1;-1;-1;-1;-1;1;1;1;0;2;1;-1;0;0;0;0;0;0;0;0;0;0;0;0;0;1;1;0;0;-1;-1;0;0;-1;-1;-1;-1;-1;-1;-1;-1;-1;33;39;47;67;78;47;53;73;53;8.88;6.33;3.34;2.89;DAC;Zlaté Moravce;1.71;0.44;1.33;0.56;0.94;0.94;67;62;53;33;22;61;54;42;0;0;0;448;30;Y;N;N;N;N;N;N
117891;2011;2009;2016/2017;complete;639;19;-1;10,72;82;2;1;3;6;1;7;0;1;3;1;0;0;8;6;8;2;16;8;17;16;56;44;3;1;1.49;4.24;7.49;0;0;0;0;0;0;0;0;0;0;0;0;0;0;0;0;0;0;0;0;0;0;0;0;0;0;0;0;0;0;0;0;0;0;0;0;0;0;0;0;0;0;0;0;0;0;0;0;0;0;0;0;0;0;0;0;0;0;0;0;0;0;0;0;0;3;1;0;1;1;2;1;2016-12-10 16:00:00;2011;0;38;32;26;0;-1;1;-1;-1;-1;-1;-1;-1;1;1;2;0;2;2;-1;0;0;0;0;0;0;0;0;0;0;0;0;0;1;1;1;0;-1;-1;0;0;-1;-1;-1;-1;-1;-1;-1;-1;-1;26;44;51;76;88;51;76;76;44;7.76;4.63;4.13;3.07;Ružomberok;Senica;2.31;0.8;1.88;1;1.27;0.82;76;57;51;26;13;57;50;50;0;0;0;448;30;Y;Y;Y;N;N;N;Y
117892;1217;2008;2016/2017;complete;639;19;-1;9,24,30,32,48,52,90;84;7;1;8;6;7;13;7;0;0;0;0;0;11;8;5;4;16;12;4;7;58;42;0;0;1.28;5.98;9.99;0;0;0;0;0;0;0;0;0;0;0;0;0;0;0;0;0;0;0;0;0;0;0;0;0;0;0;0;0;0;0;0;0;0;0;0;0;0;0;0;0;0;0;0;0;0;0;0;0;0;0;0;0;0;0;0;0;0;0;0;0;0;0;0;0;8;4;0;3;1;4;4;2016-12-11 14:20:00;1217;0;44;31;31;0;-1;-1;-1;-1;-1;-1;-1;-1;0;0;0;0;0;0;-1;0;0;0;0;0;0;0;0;0;0;0;0;0;1;1;1;0;-1;-1;-1;-1;-1;-1;-1;-1;-1;-1;-1;-1;-1;24;55;73;80;93;62;75;80;61;12.25;6.79;4;3.41;Žilina;Zemplín Michalovce;2.87;0.69;2.78;0.57;2.56;1.19;77;45;27;20;7;73;54;46;0;0;0;448;30;Y;Y;Y;Y;Y;Y;Y
117893;2010;110;2016/2017;complete;639;19;-1;60;72;1;1;2;9;4;13;1;5;2;3;0;0;5;5;5;6;10;11;16;22;46;54;2;3;2.2;3.44;3.39;0;0;0;0;0;0;0;0;0;0;0;0;0;0;0;0;0;0;0;0;0;0;0;0;0;0;0;0;0;0;0;0;0;0;0;0;0;0;0;0;0;0;0;0;0;0;0;0;0;0;0;0;0;0;0;0;0;0;0;0;0;0;0;0;0;2;0;0;1;1;2;0;2016-12-11 16:30:00;-1;0;42;21;26;0;-1;1;-1;-1;-1;-1;-1;-1;1;2;1;1;3;2;-1;0;0;0;0;0;0;0;1;0;1;0;0;0;1;1;0;0;-1;-1;0;0;-1;-1;-1;-1;-1;-1;-1;-1;-1;16;21;57;78;95;42;68;74;51;11.32;4.37;4.47;2.7;Spartak Trnava;Trenčín;1.44;1;1.44;0.7;1.56;1.24;85;80;44;22;6;64;52;52;0;0;0;448;30;Y;Y;N;N;N;N;Y
117894;2005;2007;2016/2017;complete;639;20;-1;;;0;0;0;3;2;5;1;3;1;3;0;0;3;3;6;5;9;8;14;16;51;49;1;3;1.82;3.41;5.05;0;0;0;0;0;0;0;0;0;0;0;0;0;0;0;0;0;0;0;0;0;0;0;0;0;0;0;0;0;0;0;0;0;0;0;0;0;0;0;0;0;0;0;0;0;0;0;0;0;0;0;0;0;0;0;0;0;0;0;0;0;0;0;0;0;0;0;0;0;0;0;0;2017-02-18 16:00:00;-1;0;62;22;34;0;-1;1;-1;-1;-1;-1;-1;-1;1;1;0;2;2;2;-1;0;0;0;0;0;0;0;0;0;0;0;0;0;1;1;0;0;-1;-1;0;0;-1;-1;-1;-1;-1;-1;-1;-1;-1;5;22;38;79;100;28;60;78;45;10.36;3.73;6.05;2.43;Podbrezová;DAC;1.53;1.13;2.25;0.7;2;1.06;95;79;63;22;0;61;54;35;0;0;0;448;30;N;N;N;N;N;N;N
117895;2009;1217;2016/2017;complete;639;20;-1;16,88;;2;0;2;6;3;9;0;3;1;2;0;0;6;0;6;9;12;9;12;10;34;66;1;2;7.93;4.66;1.43;0;0;0;0;0;0;0;0;0;0;0;0;0;0;0;0;0;0;0;0;0;0;0;0;0;0;0;0;0;0;0;0;0;0;0;0;0;0;0;0;0;0;0;0;0;0;0;0;0;0;0;0;0;0;0;0;0;0;0;0;0;0;0;0;0;2;1;0;1;0;1;1;2017-02-18 16:00:00;2009;0;37;6;11;0;-1;1;-1;-1;-1;-1;-1;-1;0;2;1;0;2;1;-1;0;0;0;0;0;0;0;0;0;0;0;0;0;1;1;0;0;-1;-1;0;1;-1;-1;-1;-1;-1;-1;-1;-1;-1;7;13;26;71;95;26;77;78;24;9.58;3.71;4.35;2.18;Senica;Žilina;1.07;2;0.67;2.29;0.78;2.59;93;88;75;29;6;60;41;36;0;0;0;448;30;Y;Y;N;N;N;N;N
117896;2042;982;2016/2017;complete;639;20;-1;;71,80;0;2;2;4;6;10;1;5;3;0;0;0;3;8;4;5;7;13;24;10;35;65;3;0;6.35;3.99;1.58;0;0;0;0;0;0;0;0;0;0;0;0;0;0;0;0;0;0;0;0;0;0;0;0;0;0;0;0;0;0;0;0;0;0;0;0;0;0;0;0;0;0;0;0;0;0;0;0;0;0;0;0;0;0;0;0;0;0;0;0;0;0;0;0;0;2;0;0;0;2;2;0;2017-02-19 14:20:00;982;0;48;21;21;0;-1;1;-1;-1;-1;-1;-1;-1;2;0;1;0;2;1;-1;0;0;0;0;0;0;0;0;0;0;0;0;0;1;1;0;0;-1;-1;0;0;-1;-1;-1;-1;-1;-1;-1;-1;-1;15;27;54;73;87;41;60;73;41;8.46;4.06;4.18;2.62;Tatran Prešov;Slovan Bratislava;0.93;1.47;1;1;0.76;1.88;86;73;47;27;14;47;27;21;0;0;0;448;30;Y;Y;N;N;N;N;N
117897;2006;2011;2016/2017;complete;639;20;-1;90;75;1;1;2;5;3;8;1;0;2;2;0;0;3;6;12;5;15;11;13;20;49;51;2;2;3.03;3.5;2.35;0;0;0;0;0;0;0;0;0;0;0;0;0;0;0;0;0;0;0;0;0;0;0;0;0;0;0;0;0;0;0;0;0;0;0;0;0;0;0;0;0;0;0;0;0;0;0;0;0;0;0;0;0;0;0;0;0;0;0;0;0;0;0;0;0;2;0;0;1;1;2;0;2017-02-19 16:30:00;-1;0;58;22;43;0;-1;1;-1;-1;-1;-1;-1;-1;1;2;1;0;3;1;-1;0;0;0;0;0;0;0;0;0;0;0;0;0;1;1;0;0;-1;-1;0;0;-1;-1;-1;-1;-1;-1;-1;-1;-1;14;29;57;86;100;29;57;100;71;11.14;4.14;5;2.93;Zlaté Moravce;Ružomberok;1.07;1.07;1.43;0.57;0.88;1.38;86;72;43;14;0;57;50;43;0;0;0;448;30;Y;Y;N;N;N;N;Y
117898;2008;2010;2016/2017;complete;639;20;-1;63,68;;2;0;2;1;5;6;0;5;2;2;0;0;3;5;3;13;6;18;10;15;44;56;2;2;3.7;3.52;2.06;0;0;0;0;0;0;0;0;0;0;0;0;0;0;0;0;0;0;0;0;0;0;0;0;0;0;0;0;0;0;0;0;0;0;0;0;0;0;0;0;0;0;0;0;0;0;0;0;0;0;0;0;0;0;0;0;0;0;0;0;0;0;0;0;0;2;0;0;2;0;2;0;2017-02-21 16:00:00;2008;0;51;20;33;0;-1;1;-1;-1;-1;-1;-1;-1;1;0;1;2;1;3;-1;0;0;0;0;0;0;0;0;0;0;0;0;0;1;1;0;0;-1;-1;0;0;-1;-1;-1;-1;-1;-1;-1;-1;-1;20;38;44;69;89;44;69;62;40;11.21;4.64;5.44;2.87;Zemplín Michalovce;Spartak Trnava;1.29;1.43;1.67;1.71;1.12;1.53;80;62;57;31;11;66;55;43;0;0;0;448;30;Y;Y;N;N;N;N;N
117899;2007;2042;2016/2017;complete;639;21;-1;10,56,65,68,72;;5;0;5;5;3;8;5;1;1;1;0;0;11;3;9;3;20;6;12;13;64;36;1;1;0;0;0;0;0;0;0;0;0;0;0;0;0;0;0;0;0;0;0;0;0;0;0;0;0;0;0;0;0;0;0;0;0;0;0;0;0;0;0;0;0;0;0;0;0;0;0;0;0;0;0;0;0;0;0;0;0;0;0;0;0;0;0;0;0;0;0;0;5;1;0;4;0;4;1;2017-02-25 13:00:00;2007;0;37;13;13;0;-1;1;-1;-1;-1;-1;-1;-1;0;0;1;1;0;2;-1;0;0;0;0;0;0;0;0;0;0;0;0;0;1;1;1;0;-1;-1;0;0;-1;-1;-1;-1;-1;-1;-1;-1;-1;15;26;38;68;80;33;62;73;38;8.87;5.11;4.04;2.33;DAC;Tatran Prešov;1.71;0.33;1.57;0.56;1.06;0.72;86;75;62;33;20;66;61;61;0;0;0;448;30;Y;Y;Y;Y;Y;N;N
117900;982;110;2016/2017;complete;639;21;-1;19,48,61,88;30,52,87;4;3;7;5;5;10;2;2;2;2;0;0;8;5;5;6;13;11;16;23;46;54;2;2;1.81;3.76;4.49;0;0;0;0;0;0;0;0;0;0;0;0;0;0;0;0;0;0;0;0;0;0;0;0;0;0;0;0;0;0;0;0;0;0;0;0;0;0;0;0;0;0;0;0;0;0;0;0;0;0;0;0;0;0;0;0;0;0;0;0;0;0;0;0;0;7;1;1;3;2;5;2;2017-02-25 16:00:00;982;0;53;14;43;0;-1;1;-1;-1;-1;-1;-1;-1;0;1;2;1;1;3;-1;0;0;0;0;0;0;0;0;0;0;0;0;0;1;1;0;0;-1;-1;0;0;-1;-1;-1;-1;-1;-1;-1;-1;-1;19;29;57;85;100;38;67;81;61;11.4;4.6;4.22;2.94;Slovan Bratislava;Trenčín;2.33;1;2.5;0.73;1.94;1.22;81;72;44;15;0;67;67;57;0;0;0;448;30;Y;Y;Y;Y;Y;Y;Y
117901;2010;2009;2016/2017;complete;639;21;-1;;57;0;1;1;8;1;9;0;2;4;4;0;0;5;2;16;2;21;4;12;19;70;30;4;4;1.46;4.33;8.08;0;0;0;0;0;0;0;0;0;0;0;0;0;0;0;0;0;0;0;0;0;0;0;0;0;0;0;0;0;0;0;0;0;0;0;0;0;0;0;0;0;0;0;0;0;0;0;0;0;0;0;0;0;0;0;0;0;0;0;0;0;0;0;0;0;1;0;0;0;1;1;0;2017-02-25 16:00:00;2009;0;31;16;21;0;-1;1;-1;-1;-1;-1;-1;-1;0;1;4;3;1;7;-1;0;0;0;0;0;0;0;0;0;0;0;0;0;1;1;0;0;-1;-1;0;0;-1;-1;-1;-1;-1;-1;-1;-1;-1;11;16;37;64;84;32;59;69;32;9.39;4.61;4.37;2.17;Spartak Trnava;Senica;1.44;0.8;1.4;0.89;1.44;0.89;90;84;63;37;16;63;47;47;0;0;0;448;30;Y;N;N;N;N;N;N
117902;2011;2005;2016/2017;complete;639;21;-1;;;0;0;0;7;3;10;1;2;1;3;0;0;5;2;9;12;14;14;18;16;47;53;1;3;2.11;3.31;3.79;0;0;0;0;0;0;0;0;0;0;0;0;0;0;0;0;0;0;0;0;0;0;0;0;0;0;0;0;0;0;0;0;0;0;0;0;0;0;0;0;0;0;0;0;0;0;0;0;0;0;0;0;0;0;0;0;0;0;0;0;0;0;0;0;0;0;0;0;0;0;0;0;2017-02-26 14:20:00;-1;0;39;22;22;0;-1;1;-1;-1;-1;-1;-1;-1;1;1;0;2;2;2;-1;0;0;0;0;0;0;0;0;0;0;0;0;0;1;1;0;0;-1;-1;0;0;-1;-1;-1;-1;-1;-1;-1;-1;-1;17;34;39;73;95;45;67;73;45;8.45;4.89;4;2.73;Ružomberok;Podbrezová;2.31;1.47;2;1.78;1.35;1.94;84;67;61;28;6;50;39;33;0;0;0;448;30;N;N;N;N;N;N;N
117903;1217;2006;2016/2017;complete;639;21;-1;50,54,85,90;42;4;1;5;14;6;20;4;0;1;2;0;0;8;5;14;8;22;13;14;11;63;37;1;2;1.26;6.19;9.99;0;0;0;0;0;0;0;0;0;0;0;0;0;0;0;0;0;0;0;0;0;0;0;0;0;0;0;0;0;0;0;0;0;0;0;0;0;0;0;0;0;0;0;0;0;0;0;0;0;0;0;0;0;0;0;0;0;0;0;0;0;0;0;0;0;5;0;1;4;0;4;1;2017-02-26 16:30:00;1217;0;50;25;35;0;-1;1;-1;-1;-1;-1;-1;-1;1;0;0;2;1;2;-1;0;0;0;0;0;0;0;0;0;0;0;0;0;1;1;0;0;-1;-1;0;0;-1;-1;-1;-1;-1;-1;-1;-1;-1;35;55;65;75;95;55;70;80;65;12.58;8.1;3.4;3.7;Žilina;Zlaté Moravce;2.87;0.44;2.8;0.5;2.44;0.89;65;45;35;25;5;90;79;68;0;0;0;448;30;Y;Y;Y;Y;Y;N;Y
117904;2008;2011;2016/2017;complete;639;18;-1;38;6,70,75;1;3;4;7;7;14;-1;-1;-1;-1;-1;-1;3;7;13;1;16;8;-1;-1;-1;-1;-1;-1;2.48;3.43;2.89;0;0;0;0;0;0;0;0;0;0;0;0;0;0;0;0;0;0;0;0;0;0;0;0;0;0;0;0;0;0;0;0;0;0;0;0;0;0;0;0;0;0;0;0;0;0;0;0;0;0;0;0;0;0;0;0;0;0;0;0;0;0;0;0;0;4;1;1;0;2;2;2;2017-03-01 16:00:00;2011;0;64;24;42;0;-1;-1;-1;-1;-1;-1;-1;-1;-1;-1;-1;-1;-1;-1;-1;0;0;0;0;0;0;0;0;0;0;0;0;0;1;1;0;1;-1;-1;-1;-1;-1;-1;-1;-1;-1;-1;-1;-1;-1;12;34;52;79;90;39;55;85;53;10.45;4.75;5.4;2.7;Zemplín Michalovce;Ružomberok;1.29;1.07;1.8;0.63;1.22;1.33;89;67;49;22;10;65;49;38;0;0;0;448;30;Y;Y;Y;Y;N;N;Y
117905;2007;2011;2016/2017;complete;639;22;-1;9;42;1;1;2;7;4;11;0;2;1;3;0;0;7;4;8;3;15;7;16;17;57;43;1;3;1.85;3.66;4.42;0;0;0;0;0;0;0;0;0;0;0;0;0;0;0;0;0;0;0;0;0;0;0;0;0;0;0;0;0;0;0;0;0;0;0;0;0;0;0;0;0;0;0;0;0;0;0;0;0;0;0;0;0;0;0;0;0;0;0;0;0;0;0;0;0;2;1;1;0;0;0;2;2017-03-04 13:00:00;-1;0;57;29;35;0;-1;1;-1;-1;-1;-1;-1;-1;0;2;1;1;2;2;-1;0;0;0;0;0;0;0;0;0;0;0;0;0;1;1;1;0;-1;-1;0;0;-1;-1;-1;-1;-1;-1;-1;-1;-1;25;41;59;76;88;41;60;82;64;9.94;5.14;4.63;2.93;DAC;Ružomberok;1.71;1.07;1.75;0.89;1.16;1.42;76;60;42;25;13;47;41;36;0;0;0;448;30;Y;Y;N;N;N;N;Y
117906;2042;110;2016/2017;complete;639;22;-1;90;15,62;1;2;3;4;3;7;4;5;4;3;0;0;2;5;14;4;16;9;8;15;46;54;4;3;0;0;0;0;0;0;0;0;0;0;0;0;0;0;0;0;0;0;0;0;0;0;0;0;0;0;0;0;0;0;0;0;0;0;0;0;0;0;0;0;0;0;0;0;0;0;0;0;0;0;0;0;0;0;0;0;0;0;0;0;0;0;0;0;0;0;0;0;3;0;1;1;1;2;1;2017-03-04 16:00:00;110;0;46;18;31;0;-1;1;-1;-1;-1;-1;-1;-1;1;0;3;3;1;6;-1;0;0;0;0;0;0;0;0;0;0;0;0;0;1;1;0;0;-1;-1;0;0;-1;-1;-1;-1;-1;-1;-1;-1;-1;13;28;60;89;95;36;66;81;64;8.78;3.56;4.64;2.96;Tatran Prešov;Trenčín;0.93;1;0.89;0.67;0.68;1.16;88;73;41;11;6;62;50;35;0;0;0;448;30;Y;Y;Y;N;N;N;Y
117907;2006;2010;2016/2017;complete;639;22;-1;;;0;0;0;7;5;12;3;3;2;1;1;1;2;3;11;7;13;10;19;19;45;55;3;3;3.04;3.32;2.44;0;0;0;0;0;0;0;0;0;0;0;0;0;0;0;0;0;0;0;0;0;0;0;0;0;0;0;0;0;0;0;0;0;0;0;0;0;0;0;0;0;0;0;0;0;0;0;0;0;0;0;0;0;0;0;0;0;0;0;0;0;0;0;0;0;0;0;0;0;0;0;0;2017-03-04 16:00:00;-1;0;44;13;38;0;-1;1;-1;-1;-1;-1;-1;-1;3;1;0;1;4;1;-1;0;0;0;0;0;0;0;0;0;0;0;0;0;1;1;0;0;-1;-1;0;0;-1;-1;-1;-1;-1;-1;-1;-1;-1;19;26;38;82;100;26;57;82;69;11;3.75;4.76;2.88;Zlaté Moravce;Spartak Trnava;1.07;1.43;1.38;1.5;0.84;1.37;82;76;63;19;0;44;44;38;0;0;0;448;30;N;N;N;N;N;N;N
117908;2005;1217;2016/2017;complete;639;22;-1;31,47;30,75;2;2;4;2;8;10;1;0;4;1;0;0;6;9;8;3;14;12;13;20;48;52;4;1;3.75;3.5;2.05;0;0;0;0;0;0;0;0;0;0;0;0;0;0;0;0;0;0;0;0;0;0;0;0;0;0;0;0;0;0;0;0;0;0;0;0;0;0;0;0;0;0;0;0;0;0;0;0;0;0;0;0;0;0;0;0;0;0;0;0;0;0;0;0;0;4;1;1;1;1;2;2;2017-03-05 14:20:00;-1;0;41;6;17;0;-1;1;-1;-1;-1;-1;-1;-1;3;1;1;0;4;1;-1;0;0;0;0;0;0;0;0;0;0;0;0;0;1;1;0;0;-1;-1;0;0;-1;-1;-1;-1;-1;-1;-1;-1;-1;7;12;24;83;95;24;66;84;29;11.25;4.75;3.74;2.25;Podbrezová;Žilina;1.53;2;2.11;2;1.89;2.47;94;89;77;18;6;76;57;44;0;0;0;448;30;Y;Y;Y;Y;N;N;Y
117909;982;2008;2016/2017;complete;639;22;-1;6,20,53;77;3;1;4;5;2;7;1;0;2;5;0;0;6;4;6;4;12;8;12;22;59;41;2;5;1.31;5.71;9.95;0;0;0;0;0;0;0;0;0;0;0;0;0;0;0;0;0;0;0;0;0;0;0;0;0;0;0;0;0;0;0;0;0;0;0;0;0;0;0;0;0;0;0;0;0;0;0;0;0;0;0;0;0;0;0;0;0;0;0;0;0;0;0;0;0;4;2;0;1;1;2;2;2017-03-05 16:30:00;982;0;53;22;42;0;-1;1;-1;-1;-1;-1;-1;-1;0;1;2;4;1;6;-1;0;0;0;0;0;0;0;0;0;0;0;0;0;1;1;1;0;-1;-1;0;0;-1;-1;-1;-1;-1;-1;-1;-1;-1;26;43;54;74;94;50;70;79;48;9.9;3.93;3.2;3.19;Slovan Bratislava;Zemplín Michalovce;2.33;0.69;2.55;0.5;2;1.16;74;57;47;26;7;68;56;35;0;0;0;448;30;Y;Y;Y;Y;N;N;Y
117910;2007;1217;2016/2017;complete;639;23;-1;38,67;3,23;2;2;4;9;2;11;2;1;4;1;0;0;6;5;6;4;12;9;12;14;55;45;4;1;3.08;3.39;2.38;0;0;0;0;0;0;0;0;0;0;0;0;0;0;0;0;0;0;0;0;0;0;0;0;0;0;0;0;0;0;0;0;0;0;0;0;0;0;0;0;0;0;0;0;0;0;0;0;0;0;0;0;0;0;0;0;0;0;0;0;0;0;0;0;0;4;1;2;1;0;1;3;2017-03-11 15:30:00;-1;0;33;17;11;0;-1;1;-1;-1;-1;-1;-1;-1;1;1;3;0;2;3;-1;0;0;0;0;0;0;0;1;0;1;0;0;0;1;1;0;1;-1;-1;0;0;-1;-1;-1;-1;-1;-1;-1;-1;-1;22;28;39;78;89;39;78;78;33;11.56;5.33;3.12;2.67;DAC;Žilina;1.71;2;1.67;1.89;1.15;2.4;78;73;62;22;11;67;56;50;0;0;0;448;30;Y;Y;Y;Y;N;N;Y
117911;2011;2042;2016/2017;complete;639;23;-1;10,45,72,76,79;;5;0;5;6;1;7;7;0;0;0;0;0;10;3;11;2;21;5;8;12;55;45;0;0;1.38;4.85;9.3;0;0;0;0;0;0;0;0;0;0;0;0;0;0;0;0;0;0;0;0;0;0;0;0;0;0;0;0;0;0;0;0;0;0;0;0;0;0;0;0;0;0;0;0;0;0;0;0;0;0;0;0;0;0;0;0;0;0;0;0;0;0;0;0;0;5;2;0;3;0;3;2;2017-03-11 16:00:00;2011;0;50;25;25;0;-1;-1;-1;-1;-1;-1;-1;-1;0;0;0;0;0;0;-1;0;0;0;0;0;0;0;0;0;0;0;0;0;1;1;1;0;-1;-1;-1;-1;-1;-1;-1;-1;-1;-1;-1;-1;-1;20;40;50;80;90;35;75;85;50;8.4;4;3.6;2.95;Ružomberok;Tatran Prešov;2.31;0.33;1.9;0.5;1.4;0.65;80;60;50;20;10;65;60;55;0;0;0;448;30;Y;Y;Y;Y;Y;N;N
117912;2009;982;2016/2017;complete;639;23;-1;;23;0;1;1;2;5;7;3;2;2;0;0;0;4;4;4;6;8;10;18;10;40;60;2;0;6.24;3.85;1.61;0;0;0;0;0;0;0;0;0;0;0;0;0;0;0;0;0;0;0;0;0;0;0;0;0;0;0;0;0;0;0;0;0;0;0;0;0;0;0;0;0;0;0;0;0;0;0;0;0;0;0;0;0;0;0;0;0;0;0;0;0;0;0;0;0;1;0;1;0;0;0;1;2017-03-11 16:00:00;982;0;45;18;23;0;-1;1;-1;-1;-1;-1;-1;-1;0;0;2;0;0;2;-1;0;0;0;0;0;0;0;0;1;0;1;0;0;1;1;0;0;-1;-1;0;0;-1;-1;-1;-1;-1;-1;-1;-1;-1;13;18;35;68;89;35;60;68;40;8.58;3.65;4.73;2.28;Senica;Slovan Bratislava;1.07;1.47;0.9;1.25;1;2.05;88;83;65;33;12;45;24;13;0;0;0;448;30;Y;N;N;N;N;N;N
117913;110;2008;2016/2017;complete;639;23;-1;15,19,41,44;13;4;1;5;7;4;11;1;2;1;2;0;0;14;5;15;4;29;9;10;14;66;34;1;2;1.46;4.64;7.22;0;0;0;0;0;0;0;0;0;0;0;0;0;0;0;0;0;0;0;0;0;0;0;0;0;0;0;0;0;0;0;0;0;0;0;0;0;0;0;0;0;0;0;0;0;0;0;0;0;0;0;0;0;0;0;0;0;0;0;0;0;0;0;0;0;5;4;1;0;0;0;5;2017-03-12 14:20:00;110;0;57;33;29;0;-1;1;-1;-1;-1;-1;-1;-1;0;0;1;2;0;3;-1;0;0;0;0;0;0;0;0;0;0;0;0;0;1;1;0;0;-1;-1;0;0;-1;-1;-1;-1;-1;-1;-1;-1;-1;18;43;62;82;95;69;82;82;43;11.44;2.65;3.25;3.22;Trenčín;Zemplín Michalovce;2.06;0.69;2;0.44;1.25;1.1;82;58;38;18;6;64;52;47;0;0;0;448;30;Y;Y;Y;Y;Y;N;Y
117914;2005;2010;2016/2017;complete;639;23;-1;;50;0;1;1;6;2;8;3;2;2;3;0;0;5;4;9;5;14;9;11;24;62;38;2;3;2.44;3.18;3.16;0;0;0;0;0;0;0;0;0;0;0;0;0;0;0;0;0;0;0;0;0;0;0;0;0;0;0;0;0;0;0;0;0;0;0;0;0;0;0;0;0;0;0;0;0;0;0;0;0;0;0;0;0;0;0;0;0;0;0;0;0;0;0;0;0;1;0;0;0;1;1;0;2017-03-12 16:30:00;2010;0;52;21;37;0;-1;1;-1;-1;-1;-1;-1;-1;1;1;1;2;2;3;-1;0;0;0;0;0;0;0;0;0;0;0;0;0;1;1;0;0;-1;-1;0;1;-1;-1;-1;-1;-1;-1;-1;-1;-1;11;27;32;74;90;32;53;63;53;9.67;4.23;5.19;2.49;Podbrezová;Spartak Trnava;1.53;1.43;2;1.44;1.85;1.35;89;74;69;27;11;56;50;28;0;0;0;448;30;Y;N;N;N;N;N;N
117915;1217;2011;2016/2017;complete;639;24;-1;60,64,90;78;3;1;4;9;3;12;4;2;2;3;0;0;9;8;10;7;19;15;14;13;58;42;2;3;1.49;4.69;6.51;0;0;0;0;0;0;0;0;0;0;0;0;0;0;0;0;0;0;0;0;0;0;0;0;0;0;0;0;0;0;0;0;0;0;0;0;0;0;0;0;0;0;0;0;0;0;0;0;0;0;0;0;0;0;0;0;0;0;0;0;0;0;0;0;0;4;0;0;3;1;4;0;2017-03-18 14:00:00;1217;0;73;39;43;0;-1;1;-1;-1;-1;-1;-1;-1;0;0;2;3;0;5;-1;0;0;0;0;0;0;0;0;0;0;0;0;0;1;1;0;0;-1;-1;0;0;-1;-1;-1;-1;-1;-1;-1;-1;-1;28;57;76;91;100;57;71;91;76;13.77;7.17;4.73;3.78;Žilina;Ružomberok;2.87;1.07;2.82;0.9;2.33;1.48;73;44;25;10;0;76;66;61;0;0;0;448;30;Y;Y;Y;Y;N;N;Y
117916;2042;2008;2016/2017;complete;639;24;-1;5,78;21,71;2;2;4;4;5;9;1;4;2;1;0;0;5;6;3;7;8;13;15;9;42;58;2;1;0;0;0;0;0;0;0;0;0;0;0;0;0;0;0;0;0;0;0;0;0;0;0;0;0;0;0;0;0;0;0;0;0;0;0;0;0;0;0;0;0;0;0;0;0;0;0;0;0;0;0;0;0;0;0;0;0;0;0;0;0;0;0;0;0;0;0;0;4;1;1;1;1;2;2;2017-03-18 16:00:00;-1;0;50;20;30;0;-1;1;-1;-1;-1;-1;-1;-1;0;0;2;1;0;3;-1;0;0;0;0;0;0;0;0;0;0;0;0;0;1;1;1;0;-1;-1;0;0;-1;-1;-1;-1;-1;-1;-1;-1;-1;15;40;60;80;90;45;70;75;50;7.3;3.1;4.2;3;Tatran Prešov;Zemplín Michalovce;0.93;0.69;0.8;0.4;0.62;1.05;85;60;40;20;10;55;35;20;0;0;0;448;30;Y;Y;Y;Y;N;N;Y
117917;982;2006;2016/2017;complete;639;24;-1;47;18;1;1;2;10;4;14;4;4;0;5;0;0;7;2;11;3;18;5;6;22;74;26;0;5;1.18;7.11;9.99;0;0;0;0;0;0;0;0;0;0;0;0;0;0;0;0;0;0;0;0;0;0;0;0;0;0;0;0;0;0;0;0;0;0;0;0;0;0;0;0;0;0;0;0;0;0;0;0;0;0;0;0;0;0;0;0;0;0;0;0;0;0;0;0;0;2;0;1;1;0;1;1;2017-03-18 16:00:00;-1;0;57;18;39;0;-1;1;-1;-1;-1;-1;-1;-1;0;2;0;3;2;3;-1;0;0;0;0;0;0;0;1;0;1;0;0;0;1;1;0;0;-1;-1;0;0;-1;-1;-1;-1;-1;-1;-1;-1;-1;31;44;48;70;96;39;66;78;53;10.17;4.87;3.14;3.09;Slovan Bratislava;Zlaté Moravce;2.33;0.44;2.58;0.45;2.1;0.85;70;57;53;31;5;79;74;51;0;0;0;448;30;Y;Y;N;N;N;N;Y
117918;2007;2010;2016/2017;complete;639;24;-1;;;0;0;0;7;3;10;2;1;0;1;0;0;3;4;5;8;8;12;15;18;55;45;0;1;0;0;0;0;0;0;0;0;0;0;0;0;0;0;0;0;0;0;0;0;0;0;0;0;0;0;0;0;0;0;0;0;0;0;0;0;0;0;0;0;0;0;0;0;0;0;0;0;0;0;0;0;0;0;0;0;0;0;0;0;0;0;0;0;0;0;0;0;0;0;0;0;0;0;0;2017-03-19 14:20:00;-1;0;40;25;20;0;-1;1;-1;-1;-1;-1;-1;-1;0;1;0;0;1;0;-1;0;0;0;0;0;0;0;0;0;0;0;0;0;1;1;0;0;-1;-1;0;0;-1;-1;-1;-1;-1;-1;-1;-1;-1;25;35;40;65;85;40;60;60;45;10.2;5.1;4.7;2.7;DAC;Spartak Trnava;1.71;1.43;1.6;1.6;1.14;1.43;75;65;60;35;15;45;45;40;0;0;0;448;30;N;N;N;N;N;N;N
117919;110;2009;2016/2017;complete;639;24;-1;54;90;1;1;2;4;4;8;1;3;0;1;0;0;7;2;9;5;16;7;9;20;70;30;0;1;1.35;5.16;9.59;0;0;0;0;0;0;0;0;0;0;0;0;0;0;0;0;0;0;0;0;0;0;0;0;0;0;0;0;0;0;0;0;0;0;0;0;0;0;0;0;0;0;0;0;0;0;0;0;0;0;0;0;0;0;0;0;0;0;0;0;0;0;0;0;0;2;0;0;1;1;2;0;2017-03-19 16:30:00;-1;0;42;30;17;0;-1;1;-1;-1;-1;-1;-1;-1;0;0;0;1;0;1;-1;0;0;0;0;0;0;0;0;0;0;0;0;0;1;1;0;0;-1;-1;0;0;-1;-1;-1;-1;-1;-1;-1;-1;-1;18;29;52;74;90;53;74;73;28;10.58;3.48;3.93;2.73;Trenčín;Senica;2.06;0.8;2.13;1.1;1.33;0.95;83;72;49;27;10;68;58;58;0;0;0;448;30;Y;Y;N;N;N;N;Y
117920;2005;982;2016/2017;complete;639;25;-1;69,87;24,60,77;2;3;5;4;6;10;2;0;2;3;0;0;5;7;7;12;12;19;11;19;52;48;2;3;3.95;3.34;2.05;0;0;0;0;0;0;0;0;0;0;0;0;0;0;0;0;0;0;0;0;0;0;0;0;0;0;0;0;0;0;0;0;0;0;0;0;0;0;0;0;0;0;0;0;0;0;0;0;0;0;0;0;0;0;0;0;0;0;0;0;0;0;0;0;0;5;0;1;2;2;4;1;2017-04-01 13:30:00;982;0;50;20;29;0;-1;1;-1;-1;-1;-1;-1;-1;1;1;1;2;2;3;-1;0;0;0;0;0;0;0;0;0;0;0;0;0;1;1;0;0;-1;-1;0;0;-1;-1;-1;-1;-1;-1;-1;-1;-1;11;20;36;70;90;36;51;70;45;10.09;4.67;4.16;2.33;Podbrezová;Slovan Bratislava;1.53;1.47;1.82;1.44;1.76;2.05;89;80;65;30;10;52;42;21;0;0;0;448;30;Y;Y;Y;Y;Y;N;Y
117921;2009;2008;2016/2017;complete;639;25;-1;6;;1;0;1;1;1;2;2;2;0;0;0;0;3;11;2;9;5;20;14;8;32;68;0;0;2.26;3.39;3.3;0;0;0;0;0;0;0;0;0;0;0;0;0;0;0;0;0;0;0;0;0;0;0;0;0;0;0;0;0;0;0;0;0;0;0;0;0;0;0;0;0;0;0;0;0;0;0;0;0;0;0;0;0;0;0;0;0;0;0;0;0;0;0;0;0;1;1;0;0;0;0;1;2017-04-01 15:00:00;2009;0;50;23;32;0;-1;-1;-1;-1;-1;-1;-1;-1;0;0;0;0;0;0;-1;0;0;0;0;0;0;0;0;0;0;0;0;0;1;1;1;0;-1;-1;-1;-1;-1;-1;-1;-1;-1;-1;-1;-1;-1;14;37;46;69;91;46;78;64;41;7.19;2.64;4.55;2.69;Senica;Zemplín Michalovce;1.07;0.69;0.82;0.45;0.95;1.05;87;64;55;32;9;50;23;14;0;0;0;448;30;Y;N;N;N;N;N;N
117922;2006;110;2016/2017;complete;639;25;-1;;40,57;0;2;2;3;3;6;9;4;4;3;0;0;4;8;8;7;12;15;11;14;41;59;4;3;3.62;3.53;2.08;0;0;0;0;0;0;0;0;0;0;0;0;0;0;0;0;0;0;0;0;0;0;0;0;0;0;0;0;0;0;0;0;0;0;0;0;0;0;0;0;0;0;0;0;0;0;0;0;0;0;0;0;0;0;0;0;0;0;0;0;0;0;0;0;0;2;0;1;0;1;1;1;2017-04-01 15:00:00;110;0;48;12;44;0;-1;1;-1;-1;-1;-1;-1;-1;0;0;4;3;0;7;-1;0;0;0;0;0;0;0;0;0;0;0;0;0;1;1;0;0;-1;-1;0;0;-1;-1;-1;-1;-1;-1;-1;-1;-1;17;21;55;89;95;29;61;87;76;11.41;3.9;4.77;2.94;Zlaté Moravce;Trenčín;1.07;1;1.33;0.85;0.86;1.32;83;79;45;11;6;59;59;55;0;0;0;448;30;Y;Y;N;N;N;N;N
117923;2011;2010;2016/2017;complete;639;25;-1;57;;1;0;1;4;4;8;3;2;2;4;0;1;6;5;7;9;13;14;18;19;52;48;2;5;2.05;3.45;3.82;0;0;0;0;0;0;0;0;0;0;0;0;0;0;0;0;0;0;0;0;0;0;0;0;0;0;0;0;0;0;0;0;0;0;0;0;0;0;0;0;0;0;0;0;0;0;0;0;0;0;0;0;0;0;0;0;0;0;0;0;0;0;0;0;0;1;0;0;1;0;1;0;2017-04-02 13:20:00;2011;0;46;27;32;0;-1;1;-1;-1;-1;-1;-1;-1;0;2;2;3;2;5;-1;0;0;0;0;0;0;0;0;0;0;0;0;0;1;1;0;0;-1;-1;0;1;-1;-1;-1;-1;-1;-1;-1;-1;-1;27;41;46;69;87;41;64;69;55;9.27;4.63;4;2.96;Ružomberok;Spartak Trnava;2.31;1.43;2;1.55;1.41;1.41;73;59;55;32;14;45;45;32;0;0;0;448;30;Y;N;N;N;N;N;N
117924;1217;2042;2016/2017;complete;639;25;-1;45,74,79;;3;0;3;7;6;13;4;3;1;4;0;1;9;5;7;2;16;7;12;9;68;32;1;5;1.19;7.22;9.99;0;0;0;0;0;0;0;0;0;0;0;0;0;0;0;0;0;0;0;0;0;0;0;0;0;0;0;0;0;0;0;0;0;0;0;0;0;0;0;0;0;0;0;0;0;0;0;0;0;0;0;0;0;0;0;0;0;0;0;0;0;0;0;0;0;3;1;0;2;0;2;1;2017-04-02 15:30:00;1217;0;47;17;26;0;-1;1;-1;-1;-1;-1;-1;-1;0;2;1;3;2;4;-1;0;0;0;0;0;0;0;0;0;0;0;0;0;1;1;0;0;-1;-1;0;1;-1;-1;-1;-1;-1;-1;-1;-1;-1;30;56;69;87;96;43;74;92;64;12.43;6.99;3.75;3.62;Žilina;Tatran Prešov;2.87;0.33;2.83;0.45;2.36;0.64;70;45;32;13;5;83;74;74;0;0;0;448;30;Y;Y;Y;N;N;N;N
117925;2042;2009;2016/2017;complete;639;26;-1;80;;1;0;1;1;5;6;5;2;2;2;0;0;9;5;3;10;12;15;21;25;49;51;2;2;2.69;3.1;2.88;0;0;0;0;0;0;0;0;0;0;0;0;0;0;0;0;0;0;0;0;0;0;0;0;0;0;0;0;0;0;0;0;0;0;0;0;0;0;0;0;0;0;0;0;0;0;0;0;0;0;0;0;0;0;0;0;0;0;0;0;0;0;0;0;0;1;0;0;1;0;1;0;2017-04-07 15:00:00;2042;0;36;14;27;0;-1;1;-1;-1;-1;-1;-1;-1;1;0;1;2;1;3;-1;0;0;0;0;0;0;0;0;0;0;0;0;0;1;1;0;0;-1;-1;0;0;-1;-1;-1;-1;-1;-1;-1;-1;-1;5;23;46;73;87;27;60;78;46;6.64;3.91;4.73;2.37;Tatran Prešov;Senica;0.93;0.8;0.82;1.09;0.61;1.04;96;78;55;27;14;55;32;23;0;0;0;448;30;Y;N;N;N;N;N;N
117926;2007;982;2016/2017;complete;639;26;-1;90;;1;0;1;2;5;7;1;1;3;2;0;0;5;3;4;5;9;8;23;24;52;48;3;2;3.88;3.36;2.06;0;0;0;0;0;0;0;0;0;0;0;0;0;0;0;0;0;0;0;0;0;0;0;0;0;0;0;0;0;0;0;0;0;0;0;0;0;0;0;0;0;0;0;0;0;0;0;0;0;0;0;0;0;0;0;0;0;0;0;0;0;0;0;0;0;1;0;0;1;0;1;0;2017-04-08 13:30:00;2007;0;43;24;20;0;-1;1;-1;-1;-1;-1;-1;-1;0;0;3;2;0;5;-1;0;0;0;0;0;0;0;0;0;0;0;0;0;1;1;0;0;-1;-1;0;0;-1;-1;-1;-1;-1;-1;-1;-1;-1;29;33;48;67;82;43;62;63;43;11;5.13;3.64;2.68;DAC;Slovan Bratislava;1.71;1.47;1.55;1.6;1.14;2.09;72;67;53;33;19;53;48;33;0;0;0;448;30;Y;N;N;N;N;N;N
117927;2006;2008;2016/2017;complete;639;26;-1;83;12,90;1;2;3;11;1;12;1;2;1;0;0;0;5;5;14;5;19;10;15;18;56;44;1;0;2.18;3.43;3.45;0;0;0;0;0;0;0;0;0;0;0;0;0;0;0;0;0;0;0;0;0;0;0;0;0;0;0;0;0;0;0;0;0;0;0;0;0;0;0;0;0;0;0;0;0;0;0;0;0;0;0;0;0;0;0;0;0;0;0;0;0;0;0;0;0;3;0;1;1;1;2;1;2017-04-08 15:00:00;2008;0;44;17;36;0;-1;1;-1;-1;-1;-1;-1;-1;0;0;1;0;0;1;-1;0;0;0;0;0;0;0;0;0;0;0;0;0;1;1;0;0;-1;-1;0;0;-1;-1;-1;-1;-1;-1;-1;-1;-1;18;34;49;78;91;39;67;79;55;9.62;3.98;4.03;2.86;Zlaté Moravce;Zemplín Michalovce;1.07;0.69;1.2;0.42;0.82;1;83;66;52;23;9;54;42;38;0;0;0;448;30;Y;Y;Y;N;N;N;Y
117928;2010;1217;2016/2017;complete;639;26;-1;85;25,71;1;2;3;7;8;15;0;5;2;3;0;0;7;6;11;7;18;13;11;19;47;53;2;3;3.51;3.44;2.15;0;0;0;0;0;0;0;0;0;0;0;0;0;0;0;0;0;0;0;0;0;0;0;0;0;0;0;0;0;0;0;0;0;0;0;0;0;0;0;0;0;0;0;0;0;0;0;0;0;0;0;0;0;0;0;0;0;0;0;0;0;0;0;0;0;3;0;1;1;1;2;1;2017-04-09 13:20:00;1217;0;38;19;14;0;-1;1;-1;-1;-1;-1;-1;-1;0;1;2;2;1;4;-1;0;0;0;0;0;0;0;0;1;0;1;0;0;1;1;0;0;-1;-1;0;0;-1;-1;-1;-1;-1;-1;-1;-1;-1;10;20;34;73;96;34;68;87;24;12.24;4.57;3.41;2.36;Spartak Trnava;Žilina;1.44;2;1.27;1.8;1.35;2.39;91;81;67;28;5;82;58;53;0;0;0;448;30;Y;Y;Y;N;N;N;Y
117929;110;2005;2016/2017;complete;639;26;-1;11,65;;2;0;2;14;4;18;0;2;4;2;0;0;8;5;6;1;14;6;20;8;56;44;4;2;1.6;4.04;5.93;0;0;0;0;0;0;0;0;0;0;0;0;0;0;0;0;0;0;0;0;0;0;0;0;0;0;0;0;0;0;0;0;0;0;0;0;0;0;0;0;0;0;0;0;0;0;0;0;0;0;0;0;0;0;0;0;0;0;0;0;0;0;0;0;0;2;1;0;1;0;1;1;2017-04-09 15:30:00;110;0;39;22;11;0;-1;1;-1;-1;-1;-1;-1;-1;0;2;4;0;2;4;-1;0;0;0;0;0;0;0;0;0;0;0;0;0;1;1;0;0;-1;-1;0;0;-1;-1;-1;-1;-1;-1;-1;-1;-1;11;22;33;70;90;49;59;64;27;11.04;4.03;3.6;2.31;Trenčín;Podbrezová;2.06;1.47;2;1.7;1.39;1.68;89;79;67;31;10;64;54;44;0;0;0;448;30;Y;Y;N;N;N;N;N
117930;110;2007;2016/2017;complete;639;27;-1;;14;0;1;1;9;2;11;1;7;2;3;0;0;4;3;9;0;13;3;9;10;70;30;2;3;1.67;3.91;5.37;0;0;0;0;0;0;0;0;0;0;0;0;0;0;0;0;0;0;0;0;0;0;0;0;0;0;0;0;0;0;0;0;0;0;0;0;0;0;0;0;0;0;0;0;0;0;0;0;0;0;0;0;0;0;0;0;0;0;0;0;0;0;0;0;0;1;0;1;0;0;0;1;2017-04-15 12:30:00;2007;0;58;34;24;0;-1;1;-1;-1;-1;-1;-1;-1;1;1;1;2;2;3;-1;0;0;0;0;0;0;0;0;0;0;0;0;0;1;1;0;0;-1;-1;0;0;-1;-1;-1;-1;-1;-1;-1;-1;-1;15;29;48;77;96;44;72;77;33;12.37;2.93;5.03;2.68;Trenčín;DAC;2.06;1.13;2.1;0.73;1.46;1.22;86;72;53;23;5;58;58;53;0;0;0;448;30;Y;N;N;N;N;N;N
117931;2005;2008;2016/2017;complete;639;27;-1;54;43,67,72,76;1;4;5;11;2;13;-1;-1;0;1;0;0;8;10;12;4;20;14;-1;-1;-1;-1;0;1;1.68;3.8;5.55;0;0;0;0;0;0;0;0;0;0;0;0;0;0;0;0;0;0;0;0;0;0;0;0;0;0;0;0;0;0;0;0;0;0;0;0;0;0;0;0;0;0;0;0;0;0;0;0;0;0;0;0;0;0;0;0;0;0;0;0;0;0;0;0;0;5;0;1;1;3;4;1;2017-04-15 13:00:00;2008;0;60;24;44;0;-1;1;-1;-1;-1;-1;-1;-1;0;1;0;0;1;0;-1;0;0;0;0;0;0;0;0;1;0;1;0;0;1;1;0;0;-1;-1;0;0;-1;-1;-1;-1;-1;-1;-1;-1;-1;16;40;51;76;92;44;68;72;52;8.32;3.62;3.94;2.86;Podbrezová;Zemplín Michalovce;1.53;0.69;1.67;0.62;1.61;1.08;85;61;49;24;8;63;47;25;0;0;0;448;30;Y;Y;Y;Y;Y;N;Y
117932;2006;2009;2016/2017;complete;639;27;-1;10,90;59;2;1;3;7;2;9;2;2;5;4;0;0;6;4;10;4;16;8;16;21;59;41;5;4;2.19;3.33;3.54;0;0;0;0;0;0;0;0;0;0;0;0;0;0;0;0;0;0;0;0;0;0;0;0;0;0;0;0;0;0;0;0;0;0;0;0;0;0;0;0;0;0;0;0;0;0;0;0;0;0;0;0;0;0;0;0;0;0;0;0;0;0;0;0;0;3;1;0;1;1;2;1;2017-04-15 13:00:00;2006;0;31;4;31;0;-1;1;-1;-1;-1;-1;-1;-1;3;1;2;3;4;5;-1;0;0;0;0;0;0;0;0;0;0;0;0;0;1;1;1;0;-1;-1;0;0;-1;-1;-1;-1;-1;-1;-1;-1;-1;9;13;35;70;87;17;53;83;49;9.64;4.44;4.67;2.22;Zlaté Moravce;Senica;1.07;0.8;1.09;1;0.78;1;92;87;66;30;13;53;44;44;0;0;0;448;30;Y;Y;Y;N;N;N;Y
117933;2011;982;2016/2017;complete;639;27;-1;59,90;64;2;1;3;4;3;7;3;4;0;0;0;0;4;4;5;6;9;10;11;16;45;55;0;0;3.3;3.51;2.21;0;0;0;0;0;0;0;0;0;0;0;0;0;0;0;0;0;0;0;0;0;0;0;0;0;0;0;0;0;0;0;0;0;0;0;0;0;0;0;0;0;0;0;0;0;0;0;0;0;0;0;0;0;0;0;0;0;0;0;0;0;0;0;0;0;3;0;0;2;1;3;0;2017-04-16 13:20:00;2011;0;48;26;30;0;-1;-1;-1;-1;-1;-1;-1;-1;0;0;0;0;0;0;-1;0;0;0;0;0;0;0;0;0;0;0;0;0;1;1;0;0;-1;-1;-1;-1;-1;-1;-1;-1;-1;-1;-1;-1;-1;30;39;52;70;92;43;65;78;52;10;4.77;3.33;2.99;Ružomberok;Slovan Bratislava;2.31;1.47;2.08;1.45;1.48;2;70;62;49;31;9;44;39;26;0;0;0;448;30;Y;Y;Y;N;N;N;Y
117934;2010;2042;2016/2017;complete;639;27;-1;29,37,45,50;;4;0;4;5;4;9;5;0;0;2;0;0;9;0;8;5;17;5;11;21;65;35;0;2;0;0;0;0;0;0;0;0;0;0;0;0;0;0;0;0;0;0;0;0;0;0;0;0;0;0;0;0;0;0;0;0;0;0;0;0;0;0;0;0;0;0;0;0;0;0;0;0;0;0;0;0;0;0;0;0;0;0;0;0;0;0;0;0;0;0;0;0;4;3;0;1;0;1;3;2017-04-16 15:30:00;2010;0;38;13;17;0;-1;1;-1;-1;-1;-1;-1;-1;0;0;0;2;0;2;-1;0;0;0;0;0;0;0;0;0;0;0;0;0;1;1;0;0;-1;-1;0;0;-1;-1;-1;-1;-1;-1;-1;-1;-1;13;21;42;71;92;25;63;84;42;10.09;4;4.17;2.38;Spartak Trnava;Tatran Prešov;1.44;0.33;1.17;0.42;1.29;0.71;88;80;59;30;8;75;59;59;0;0;0;448;30;Y;Y;Y;Y;N;N;N
117935;110;2011;2016/2017;complete;639;28;-1;69,86;13;2;1;3;14;4;18;2;6;3;2;0;0;10;4;16;1;26;5;13;15;65;35;3;2;1.8;3.75;4.59;0;0;0;0;0;0;0;0;0;0;0;0;0;0;0;0;0;0;0;0;0;0;0;0;0;0;0;0;0;0;0;0;0;0;0;0;0;0;0;0;0;0;0;0;0;0;0;0;0;0;0;0;0;0;0;0;0;0;0;0;0;0;0;0;0;3;0;1;2;0;2;1;2017-04-22 13:30:00;110;0;73;41;37;0;-1;1;-1;-1;-1;-1;-1;-1;2;1;1;1;3;2;-1;0;0;0;0;0;0;0;0;0;0;0;0;0;1;1;0;0;-1;-1;0;0;-1;-1;-1;-1;-1;-1;-1;-1;-1;14;36;55;87;100;50;69;82;50;12.54;3.09;4.36;2.96;Trenčín;Ružomberok;2.06;1.07;1.91;0.82;1.4;1.54;87;64;46;14;0;69;64;59;0;0;0;448;30;Y;Y;Y;N;N;N;Y
117936;2008;2007;2016/2017;complete;639;28;-1;31;48,90;1;2;3;4;19;23;0;5;2;1;0;0;0;11;5;2;5;13;9;6;36;64;2;1;4.75;3.62;1.81;0;0;0;0;0;0;0;0;0;0;0;0;0;0;0;0;0;0;0;0;0;0;0;0;0;0;0;0;0;0;0;0;0;0;0;0;0;0;0;0;0;0;0;0;0;0;0;0;0;0;0;0;0;0;0;0;0;0;0;0;0;0;0;0;0;3;1;0;0;2;2;1;2017-04-22 17:00:00;2007;0;48;22;22;0;-1;1;-1;-1;-1;-1;-1;-1;0;0;2;1;0;3;-1;0;0;0;0;0;0;0;0;0;0;0;0;0;1;1;0;0;-1;-1;0;0;-1;-1;-1;-1;-1;-1;-1;-1;-1;9;31;44;66;87;35;66;70;35;10.35;4.35;6.07;2.4;Zemplín Michalovce;DAC;1.29;1.13;1.64;0.92;1.16;1.29;92;70;57;35;13;66;57;49;0;0;0;448;30;Y;Y;Y;N;N;N;Y
117937;982;1217;2016/2017;complete;639;28;-1;;83;0;1;1;2;4;6;1;3;3;2;0;0;3;8;9;2;12;10;14;11;47;53;3;2;2.53;3.44;2.82;0;0;0;0;0;0;0;0;0;0;0;0;0;0;0;0;0;0;0;0;0;0;0;0;0;0;0;0;0;0;0;0;0;0;0;0;0;0;0;0;0;0;0;0;0;0;0;0;0;0;0;0;0;0;0;0;0;0;0;0;0;0;0;0;0;1;0;0;0;1;1;0;2017-04-23 13:20:00;1217;0;54;17;32;0;-1;1;-1;-1;-1;-1;-1;-1;2;0;1;2;2;3;-1;0;0;0;0;0;0;0;0;0;0;0;0;0;1;1;0;0;-1;-1;0;0;-1;-1;-1;-1;-1;-1;-1;-1;-1;16;33;46;84;100;37;80;93;37;12.28;5.09;3.02;2.91;Slovan Bratislava;Žilina;2.33;2;2.46;1.91;1.92;2.42;84;68;55;16;0;80;71;55;0;0;0;448;30;Y;N;N;N;N;N;N
117938;2009;2005;2016/2017;complete;639;28;-1;63;31;1;1;2;4;10;14;1;4;3;1;0;0;4;5;5;10;9;15;17;11;43;57;3;1;3.07;3.21;2.48;0;0;0;0;0;0;0;0;0;0;0;0;0;0;0;0;0;0;0;0;0;0;0;0;0;0;0;0;0;0;0;0;0;0;0;0;0;0;0;0;0;0;0;0;0;0;0;0;0;0;0;0;0;0;0;0;0;0;0;0;0;0;0;0;0;2;0;1;1;0;1;1;2017-04-23 15:30:00;-1;0;21;4;9;0;-1;1;-1;-1;-1;-1;-1;-1;2;0;1;1;2;2;-1;0;0;0;0;0;0;0;1;0;1;0;0;0;1;1;0;0;-1;-1;0;0;-1;-1;-1;-1;-1;-1;-1;-1;-1;0;9;13;53;87;22;60;53;22;6.97;3.81;4.88;1.61;Senica;Podbrezová;1.07;1.47;1;1.55;0.96;1.54;100;92;87;48;13;49;27;14;0;0;0;448;30;Y;Y;N;N;N;N;Y
117939;2010;982;2016/2017;complete;639;29;-1;;29,70,90;0;3;3;4;1;5;1;2;2;3;0;0;3;6;9;6;12;12;15;18;55;45;2;3;2.21;3.22;3.6;0;0;0;0;0;0;0;0;0;0;0;0;0;0;0;0;0;0;0;0;0;0;0;0;0;0;0;0;0;0;0;0;0;0;0;0;0;0;0;0;0;0;0;0;0;0;0;0;0;0;0;0;0;0;0;0;0;0;0;0;0;0;0;0;0;3;0;1;0;2;2;1;2017-04-26 15:20:00;982;0;44;16;28;0;-1;1;-1;-1;-1;-1;-1;-1;1;1;1;2;2;3;-1;0;0;0;0;0;0;0;0;0;0;0;0;0;1;1;0;0;-1;-1;0;0;-1;-1;-1;-1;-1;-1;-1;-1;-1;17;20;44;65;92;32;52;76;41;11.37;4.73;3.6;2.41;Spartak Trnava;Slovan Bratislava;1.44;1.47;1.31;1.33;1.36;1.85;84;80;56;36;8;60;40;32;0;0;0;448;30;Y;Y;Y;N;N;N;N
117940;2005;2006;2016/2017;complete;639;29;-1;18,90;;2;0;2;6;3;9;2;0;0;2;0;0;8;2;11;6;19;8;15;13;47;53;0;2;1.5;4.18;7.41;0;0;0;0;0;0;0;0;0;0;0;0;0;0;0;0;0;0;0;0;0;0;0;0;0;0;0;0;0;0;0;0;0;0;0;0;0;0;0;0;0;0;0;0;0;0;0;0;0;0;0;0;0;0;0;0;0;0;0;0;0;0;0;0;0;2;1;0;1;0;1;1;2017-04-26 17:00:00;2005;0;60;16;36;0;-1;1;-1;-1;-1;-1;-1;-1;0;2;0;0;2;0;-1;0;0;0;0;0;0;0;0;0;0;0;0;0;1;1;0;0;-1;-1;0;0;-1;-1;-1;-1;-1;-1;-1;-1;-1;24;37;40;72;92;28;61;76;52;9.58;4.35;4;2.77;Podbrezová;Zlaté Moravce;1.53;0.44;1.54;0.5;1.52;0.88;76;64;60;28;8;79;70;45;0;0;0;448;30;Y;Y;N;N;N;N;N
117941;2011;2008;2016/2017;complete;639;29;-1;32,37,54;81;3;1;4;0;3;3;2;1;0;0;0;0;5;7;6;6;11;13;14;19;55;45;0;0;1.52;4.49;6.2;0;0;0;0;0;0;0;0;0;0;0;0;0;0;0;0;0;0;0;0;0;0;0;0;0;0;0;0;0;0;0;0;0;0;0;0;0;0;0;0;0;0;0;0;0;0;0;0;0;0;0;0;0;0;0;0;0;0;0;0;0;0;0;0;0;4;2;0;1;1;2;2;2017-04-26 17:00:00;2011;0;59;30;44;0;-1;-1;-1;-1;-1;-1;-1;-1;0;0;0;0;0;0;-1;0;0;0;0;0;0;0;0;0;0;0;0;0;1;1;0;0;-1;-1;-1;-1;-1;-1;-1;-1;-1;-1;-1;-1;-1;30;52;67;78;93;52;78;78;60;8.06;3.97;2.87;3.41;Ružomberok;Zemplín Michalovce;2.31;0.69;2.15;0.79;1.48;1.12;70;49;34;22;8;51;41;34;0;0;0;448;30;Y;Y;Y;Y;N;N;Y
117942;2007;2009;2016/2017;complete;639;29;-1;76;;1;0;1;9;8;17;6;2;2;1;0;0;7;6;11;7;18;13;15;14;64;36;2;1;1.36;4.58;9.99;0;0;0;0;0;0;0;0;0;0;0;0;0;0;0;0;0;0;0;0;0;0;0;0;0;0;0;0;0;0;0;0;0;0;0;0;0;0;0;0;0;0;0;0;0;0;0;0;0;0;0;0;0;0;0;0;0;0;0;0;0;0;0;0;0;1;0;0;1;0;1;0;2017-04-27 16:00:00;2007;0;32;17;20;0;-1;1;-1;-1;-1;-1;-1;-1;1;0;1;1;1;2;-1;0;0;0;0;0;0;0;0;0;0;0;0;0;1;1;0;0;-1;-1;0;0;-1;-1;-1;-1;-1;-1;-1;-1;-1;17;24;40;60;80;33;56;68;36;8.59;4.73;4.44;2.29;DAC;Senica;1.71;0.8;1.67;0.92;1.36;0.96;84;76;60;40;20;52;41;37;0;0;0;448;30;Y;N;N;N;N;N;N
117943;110;1217;2016/2017;complete;639;29;-1;31,66;21;2;1;3;4;3;7;3;10;1;2;0;0;6;2;6;6;12;8;11;12;53;47;1;2;2.14;3.66;3.33;0;0;0;0;0;0;0;0;0;0;0;0;0;0;0;0;0;0;0;0;0;0;0;0;0;0;0;0;0;0;0;0;0;0;0;0;0;0;0;0;0;0;0;0;0;0;0;0;0;0;0;0;0;0;0;0;0;0;0;0;0;0;0;0;0;3;1;1;1;0;1;2;2017-04-28 16:00:00;110;0;50;25;17;0;-1;1;-1;-1;-1;-1;-1;-1;0;0;1;2;0;3;-1;0;0;0;0;0;0;0;0;0;0;0;0;0;1;1;0;0;-1;-1;0;0;-1;-1;-1;-1;-1;-1;-1;-1;-1;13;25;46;83;100;42;83;88;29;14.34;3.83;3.17;2.75;Trenčín;Žilina;2.06;2;2;2;1.46;2.44;88;75;54;17;0;79;71;67;0;0;0;448;30;Y;Y;Y;N;N;N;Y
117944;2042;2006;2016/2017;complete;639;28;-1;85;14;1;1;2;7;3;10;5;3;5;3;1;1;8;2;7;9;15;11;13;12;47;53;6;4;2.44;3.29;3.06;0;0;0;0;0;0;0;0;0;0;0;0;0;0;0;0;0;0;0;0;0;0;0;0;0;0;0;0;0;0;0;0;0;0;0;0;0;0;0;0;0;0;0;0;0;0;0;0;0;0;0;0;0;0;0;0;0;0;0;0;0;0;0;0;0;2;0;1;1;0;1;1;2017-05-03 16:00:00;-1;0;48;16;24;0;-1;1;-1;-1;-1;-1;-1;-1;3;1;3;3;4;6;-1;0;0;0;0;0;0;0;0;0;0;0;0;0;1;1;0;0;-1;-1;0;0;-1;-1;-1;-1;-1;-1;-1;-1;-1;16;32;44;72;92;28;64;80;48;7.5;4.38;4;2.67;Tatran Prešov;Zlaté Moravce;0.93;0.44;1;0.46;0.68;0.84;85;69;56;28;8;71;50;33;0;0;0;448;30;Y;Y;N;N;N;N;Y
117945;2008;1217;2016/2017;complete;639;30;-1;;84;0;1;1;6;6;12;1;4;0;0;0;0;4;6;5;6;9;12;6;6;33;67;0;0;9.99;6.25;1.24;0;0;0;0;0;0;0;0;0;0;0;0;0;0;0;0;0;0;0;0;0;0;0;0;0;0;0;0;0;0;0;0;0;0;0;0;0;0;0;0;0;0;0;0;0;0;0;0;0;0;0;0;0;0;0;0;0;0;0;0;0;0;0;0;0;1;0;0;0;1;1;0;2017-05-06 17:00:00;1217;0;48;20;16;0;-1;-1;-1;-1;-1;-1;-1;-1;0;0;0;0;0;0;-1;0;0;0;0;0;0;0;0;0;0;0;0;0;1;1;0;0;-1;-1;-1;-1;-1;-1;-1;-1;-1;-1;-1;-1;-1;8;28;48;80;92;40;76;88;33;11.54;5.15;4.05;2.64;Zemplín Michalovce;Žilina;1.29;2;1.5;1.85;1.07;2.35;92;72;52;20;9;80;65;56;0;0;0;448;30;Y;N;N;N;N;N;N
117946;2042;2005;2016/2017;complete;639;30;-1;;43,70;0;2;2;4;4;8;1;0;2;3;0;0;2;6;9;8;11;14;16;19;42;58;2;3;4.25;3.47;1.93;0;0;0;0;0;0;0;0;0;0;0;0;0;0;0;0;0;0;0;0;0;0;0;0;0;0;0;0;0;0;0;0;0;0;0;0;0;0;0;0;0;0;0;0;0;0;0;0;0;0;0;0;0;0;0;0;0;0;0;0;0;0;0;0;0;2;0;1;0;1;1;1;2017-05-06 17:00:00;2005;0;32;8;12;0;-1;1;-1;-1;-1;-1;-1;-1;0;2;2;1;2;3;-1;0;0;0;0;0;0;0;0;1;0;1;0;0;1;1;0;0;-1;-1;0;0;-1;-1;-1;-1;-1;-1;-1;-1;-1;0;16;27;68;88;24;56;72;32;8.02;4.98;4.8;1.98;Tatran Prešov;Podbrezová;0.93;1.47;1;1.5;0.69;1.58;100;85;73;33;13;61;41;21;0;0;0;448;30;Y;Y;N;N;N;N;N
117947;2009;2011;2016/2017;complete;639;30;-1;90;77,80;1;2;3;1;5;6;2;2;0;2;0;0;4;7;10;3;14;10;17;6;33;67;0;2;3.79;3.43;2.06;0;0;0;0;0;0;0;0;0;0;0;0;0;0;0;0;0;0;0;0;0;0;0;0;0;0;0;0;0;0;0;0;0;0;0;0;0;0;0;0;0;0;0;0;0;0;0;0;0;0;0;0;0;0;0;0;0;0;0;0;0;0;0;0;0;3;0;0;1;2;3;0;2017-05-06 17:00:00;2011;0;65;25;33;0;-1;1;-1;-1;-1;-1;-1;-1;0;1;0;1;1;1;-1;0;0;0;0;0;0;0;0;0;0;0;0;0;1;1;0;0;-1;-1;0;0;-1;-1;-1;-1;-1;-1;-1;-1;-1;4;25;41;73;96;29;68;73;49;7.71;3.4;5.29;2.39;Senica;Ružomberok;1.07;1.07;1;0.75;0.93;1.54;96;75;59;27;4;53;37;29;0;0;0;448;30;Y;Y;Y;N;N;N;Y
117948;110;2010;2016/2017;complete;639;30;-1;22,72,85;37,54,60,78;3;4;7;6;2;8;3;5;0;1;0;0;7;6;6;4;13;10;15;10;66;34;0;1;1.61;4.16;5.66;0;0;0;0;0;0;0;0;0;0;0;0;0;0;0;0;0;0;0;0;0;0;0;0;0;0;0;0;0;0;0;0;0;0;0;0;0;0;0;0;0;0;0;0;0;0;0;0;0;0;0;0;0;0;0;0;0;0;0;0;0;0;0;0;0;7;1;1;2;3;5;2;2017-05-07 13:20:00;2010;0;48;28;20;0;-1;1;-1;-1;-1;-1;-1;-1;0;1;0;0;1;0;-1;0;0;0;0;0;0;0;0;0;0;0;0;0;1;1;0;0;-1;-1;0;0;-1;-1;-1;-1;-1;-1;-1;-1;-1;16;24;40;68;92;40;64;68;37;12.48;3.55;4.38;2.55;Trenčín;Spartak Trnava;2.06;1.43;2.08;1.42;1.52;1.31;84;76;61;33;9;56;56;47;0;0;0;448;30;Y;Y;Y;Y;Y;Y;Y
117949;2006;2007;2016/2017;complete;639;30;-1;38;83,88;1;2;3;5;2;7;0;2;5;4;0;0;7;8;11;3;18;11;26;18;44;56;5;4;3.06;3.26;2.46;0;0;0;0;0;0;0;0;0;0;0;0;0;0;0;0;0;0;0;0;0;0;0;0;0;0;0;0;0;0;0;0;0;0;0;0;0;0;0;0;0;0;0;0;0;0;0;0;0;0;0;0;0;0;0;0;0;0;0;0;0;0;0;0;0;3;1;0;0;2;2;1;2017-05-07 15:30:00;2007;0;48;12;33;0;-1;1;-1;-1;-1;-1;-1;-1;1;0;4;4;1;8;-1;0;0;0;0;0;0;0;0;0;0;0;0;0;1;1;0;0;-1;-1;0;0;-1;-1;-1;-1;-1;-1;-1;-1;-1;8;16;44;73;92;16;64;81;53;11.9;4.63;5.79;2.37;Zlaté Moravce;DAC;1.07;1.13;1.25;1.08;0.85;1.42;92;85;56;28;8;56;52;48;0;0;0;448;30;Y;Y;Y;N;N;N;Y
117950;982;2042;2016/2017;complete;639;31;-1;26,38,85;17;3;1;4;12;1;13;2;5;2;3;0;0;12;6;9;3;21;9;11;16;76;24;2;3;0;0;0;0;0;0;0;0;0;0;0;0;0;0;0;0;0;0;0;0;0;0;0;0;0;0;0;0;0;0;0;0;0;0;0;0;0;0;0;0;0;0;0;0;0;0;0;0;0;0;0;0;0;0;0;0;0;0;0;0;0;0;0;0;0;0;0;0;4;2;1;1;0;1;3;2017-05-12 17:00:00;982;0;44;11;26;0;-1;1;-1;-1;-1;-1;-1;-1;1;1;1;2;2;3;-1;0;0;0;0;0;0;0;1;0;1;0;0;0;1;1;0;0;-1;-1;0;0;-1;-1;-1;-1;-1;-1;-1;-1;-1;18;37;49;78;96;34;71;89;45;9.6;4.2;3.73;2.86;Slovan Bratislava;Tatran Prešov;2.33;0.33;2.29;0.38;1.89;0.67;82;63;52;22;4;71;63;53;0;0;0;448;30;Y;Y;Y;Y;N;N;Y
117951;2011;2006;2016/2017;complete;639;31;-1;26,32;90;2;1;3;5;3;8;5;2;1;3;0;0;8;3;5;7;13;10;13;17;53;47;1;3;1.25;6.1;9.99;0;0;0;0;0;0;0;0;0;0;0;0;0;0;0;0;0;0;0;0;0;0;0;0;0;0;0;0;0;0;0;0;0;0;0;0;0;0;0;0;0;0;0;0;0;0;0;0;0;0;0;0;0;0;0;0;0;0;0;0;0;0;0;0;0;3;2;0;0;1;1;2;2017-05-13 17:00:00;2011;0;57;22;32;0;-1;1;-1;-1;-1;-1;-1;-1;1;2;0;1;3;1;-1;0;0;0;0;0;0;0;1;0;1;0;0;0;1;1;0;0;-1;-1;0;0;-1;-1;-1;-1;-1;-1;-1;-1;-1;29;43;50;75;93;40;71;83;54;8.42;4.93;3.21;3.11;Ružomberok;Zlaté Moravce;2.31;0.44;2.21;0.5;1.59;0.81;71;57;50;25;7;64;57;42;0;0;0;448;30;Y;Y;Y;N;N;N;Y
117952;2010;2008;2016/2017;complete;639;31;-1;45;;1;0;1;8;1;9;3;6;1;2;0;0;7;2;8;6;15;8;15;15;39;61;1;2;1.63;4.08;5.51;0;0;0;0;0;0;0;0;0;0;0;0;0;0;0;0;0;0;0;0;0;0;0;0;0;0;0;0;0;0;0;0;0;0;0;0;0;0;0;0;0;0;0;0;0;0;0;0;0;0;0;0;0;0;0;0;0;0;0;0;0;0;0;0;0;1;1;0;0;0;0;1;2017-05-13 17:00:00;2010;0;52;21;37;0;-1;1;-1;-1;-1;-1;-1;-1;1;1;0;1;2;1;-1;0;0;0;0;0;0;0;0;0;0;0;0;0;1;1;0;0;-1;-1;0;1;-1;-1;-1;-1;-1;-1;-1;-1;-1;17;37;58;72;93;45;72;76;48;9.49;3.61;3.32;2.87;Spartak Trnava;Zemplín Michalovce;1.44;0.69;1.21;0.73;1.37;1.04;83;63;42;28;7;66;42;38;0;0;0;448;30;Y;N;N;N;N;N;N
117953;1217;2009;2016/2017;complete;639;31;-1;25,45,68;90,90;3;2;5;11;6;17;0;1;2;0;0;0;8;4;14;11;22;15;13;8;67;33;2;0;1.21;6.79;9.99;0;0;0;0;0;0;0;0;0;0;0;0;0;0;0;0;0;0;0;0;0;0;0;0;0;0;0;0;0;0;0;0;0;0;0;0;0;0;0;0;0;0;0;0;0;0;0;0;0;0;0;0;0;0;0;0;0;0;0;0;0;0;0;0;0;5;2;0;1;2;3;2;2017-05-13 17:00:00;1217;0;42;15;34;0;-1;1;-1;-1;-1;-1;-1;-1;0;0;2;0;0;2;-1;0;0;0;0;0;0;0;1;0;1;0;0;0;1;1;0;0;-1;-1;0;0;-1;-1;-1;-1;-1;-1;-1;-1;-1;23;42;64;75;93;38;64;86;61;12.37;7.22;4.26;3.23;Žilina;Senica;2.87;0.8;2.85;0.86;2.37;0.89;78;59;36;26;7;75;61;61;0;0;0;448;30;Y;Y;Y;Y;Y;N;Y
117954;2007;2005;2016/2017;complete;639;31;-1;25,59;27,63;2;2;4;3;2;5;-1;-1;3;2;0;0;7;7;6;7;13;14;-1;-1;-1;-1;3;2;1.85;3.55;4.6;0;0;0;0;0;0;0;0;0;0;0;0;0;0;0;0;0;0;0;0;0;0;0;0;0;0;0;0;0;0;0;0;0;0;0;0;0;0;0;0;0;0;0;0;0;0;0;0;0;0;0;0;0;0;0;0;0;0;0;0;0;0;0;0;0;4;1;1;1;1;2;2;2017-05-14 12:20:00;-1;0;23;12;4;0;-1;1;-1;-1;-1;-1;-1;-1;2;2;1;0;4;1;-1;0;0;0;0;0;0;0;0;0;0;0;0;0;1;1;0;0;-1;-1;0;0;-1;-1;-1;-1;-1;-1;-1;-1;-1;12;20;23;58;81;31;54;62;23;10.07;5.39;4.23;1.97;DAC;Podbrezová;1.71;1.47;1.77;1.62;1.48;1.63;89;81;77;42;19;58;50;39;0;0;0;448;30;Y;Y;Y;Y;N;N;Y
117955;2005;2011;2016/2017;complete;639;32;-1;;88;0;1;1;15;4;19;2;2;4;2;0;0;5;4;14;3;19;7;13;19;55;45;4;2;2.37;3.35;3.13;0;0;0;0;0;0;0;0;0;0;0;0;0;0;0;0;0;0;0;0;0;0;0;0;0;0;0;0;0;0;0;0;0;0;0;0;0;0;0;0;0;0;0;0;0;0;0;0;0;0;0;0;0;0;0;0;0;0;0;0;0;0;0;0;0;1;0;0;0;1;1;0;2017-05-19 15:30:00;2011;0;75;26;49;0;-1;1;-1;-1;-1;-1;-1;-1;3;2;1;0;5;1;-1;0;0;0;0;0;0;0;0;0;0;0;0;0;1;1;0;0;-1;-1;0;0;-1;-1;-1;-1;-1;-1;-1;-1;-1;11;34;53;86;97;30;56;86;64;10;4.02;4.76;2.79;Podbrezová;Ružomberok;1.53;1.07;1.64;0.92;1.61;1.64;89;67;48;15;4;66;54;35;0;0;0;448;30;Y;N;N;N;N;N;N
117956;2042;2007;2016/2017;complete;639;32;-1;37;51;1;1;2;6;4;10;2;6;2;1;0;0;3;3;6;11;9;14;19;8;34;66;2;1;0;0;0;0;0;0;0;0;0;0;0;0;0;0;0;0;0;0;0;0;0;0;0;0;0;0;0;0;0;0;0;0;0;0;0;0;0;0;0;0;0;0;0;0;0;0;0;0;0;0;0;0;0;0;0;0;0;0;0;0;0;0;0;0;0;0;0;0;2;1;0;0;1;1;1;2017-05-19 15:30:00;-1;0;50;18;21;0;-1;1;-1;-1;-1;-1;-1;-1;0;1;2;0;1;2;-1;0;0;0;0;0;0;0;0;0;0;0;0;0;1;1;0;0;-1;-1;0;0;-1;-1;-1;-1;-1;-1;-1;-1;-1;4;21;47;72;93;21;68;79;43;8.86;4.5;5.86;2.36;Tatran Prešov;DAC;0.93;1.13;0.93;1.21;0.64;1.46;97;79;54;29;7;50;40;25;0;0;0;448;30;Y;Y;N;N;N;N;Y
117957;2009;2010;2016/2017;complete;639;32;-1;70;;1;0;1;2;6;8;-1;-1;1;3;0;0;5;3;4;4;9;7;-1;-1;-1;-1;1;3;3.35;3.36;2.25;0;0;0;0;0;0;0;0;0;0;0;0;0;0;0;0;0;0;0;0;0;0;0;0;0;0;0;0;0;0;0;0;0;0;0;0;0;0;0;0;0;0;0;0;0;0;0;0;0;0;0;0;0;0;0;0;0;0;0;0;0;0;0;0;0;1;0;0;1;0;1;0;2017-05-19 15:30:00;2009;0;41;15;26;0;-1;1;-1;-1;-1;-1;-1;-1;0;0;1;3;0;4;-1;0;0;0;0;0;0;0;0;0;0;0;0;0;1;1;0;0;-1;-1;0;0;-1;-1;-1;-1;-1;-1;-1;-1;-1;12;19;26;56;89;23;59;60;38;7.21;3.59;4.98;2.21;Senica;Spartak Trnava;1.07;1.43;0.93;1.54;0.86;1.43;89;81;74;45;11;37;26;15;0;0;0;448;30;Y;N;N;N;N;N;N
117958;110;982;2016/2017;complete;639;32;-1;14,31,89;30,65;3;2;5;4;4;8;0;2;4;4;0;0;7;5;11;7;18;12;19;15;52;48;4;4;1.95;3.72;3.86;0;0;0;0;0;0;0;0;0;0;0;0;0;0;0;0;0;0;0;0;0;0;0;0;0;0;0;0;0;0;0;0;0;0;0;0;0;0;0;0;0;0;0;0;0;0;0;0;0;0;0;0;0;0;0;0;0;0;0;0;0;0;0;0;0;5;2;1;1;1;2;3;2017-05-19 15:30:00;110;0;55;29;26;0;-1;1;-1;-1;-1;-1;-1;-1;1;2;3;2;3;5;-1;0;0;0;0;0;0;0;0;0;0;0;0;0;1;1;0;0;-1;-1;1;1;-1;-1;-1;-1;-1;-1;-1;-1;-1;22;26;56;78;96;44;70;78;45;12.68;3.88;3.28;2.92;Trenčín;Slovan Bratislava;2.06;1.47;1.93;1.46;1.46;1.93;78;74;45;23;4;51;48;40;0;0;0;448;30;Y;Y;Y;Y;Y;N;Y
117959;2006;1217;2016/2017;complete;639;32;-1;10;27,51,53,81;1;4;5;5;3;8;2;2;2;1;0;0;5;7;16;1;21;8;9;16;42;58;2;1;5.5;4.12;1.63;0;0;0;0;0;0;0;0;0;0;0;0;0;0;0;0;0;0;0;0;0;0;0;0;0;0;0;0;0;0;0;0;0;0;0;0;0;0;0;0;0;0;0;0;0;0;0;0;0;0;0;0;0;0;0;0;0;0;0;0;0;0;0;0;0;5;1;1;0;3;3;2;2017-05-19 15:30:00;1217;0;45;11;26;0;-1;1;-1;-1;-1;-1;-1;-1;1;1;1;0;2;1;-1;0;0;0;0;0;0;0;0;0;0;0;0;0;1;1;1;0;-1;-1;1;0;-1;-1;-1;-1;-1;-1;-1;-1;-1;8;15;45;82;96;22;71;96;45;12.04;5.29;4.11;2.52;Zlaté Moravce;Žilina;1.07;2;1.15;1.93;0.79;2.39;93;86;56;18;4;67;55;52;0;0;0;448;30;Y;Y;Y;Y;Y;N;Y
117960;2008;982;2016/2017;complete;639;33;-1;56;26,70,78;1;3;4;1;5;6;2;2;2;2;0;0;4;3;2;6;6;9;15;10;54;46;2;2;0;0;0;0;0;0;0;0;0;0;0;0;0;0;0;0;0;0;0;0;0;0;0;0;0;0;0;0;0;0;0;0;0;0;0;0;0;0;0;0;0;0;0;0;0;0;0;0;0;0;0;0;0;0;0;0;0;0;0;0;0;0;0;0;0;0;0;0;4;0;1;1;2;3;1;2017-05-27 15:30:00;982;0;48;18;26;0;-1;1;-1;-1;-1;-1;-1;-1;1;1;1;1;2;2;-1;0;0;0;0;0;0;0;0;0;0;0;0;0;1;1;0;0;-1;-1;0;0;-1;-1;-1;-1;-1;-1;-1;-1;-1;19;30;52;70;89;37;60;78;48;10.58;4.28;4.24;2.66;Zemplín Michalovce;Slovan Bratislava;1.29;1.47;1.38;1.36;1;1.86;82;70;49;30;11;61;49;38;0;0;0;448;30;Y;Y;Y;Y;N;N;Y
117961;2011;2007;2016/2017;complete;639;33;-1;23,36;;2;0;2;2;8;10;0;1;3;4;0;0;5;3;7;9;12;12;12;16;40;60;3;4;0;0;0;0;0;0;0;0;0;0;0;0;0;0;0;0;0;0;0;0;0;0;0;0;0;0;0;0;0;0;0;0;0;0;0;0;0;0;0;0;0;0;0;0;0;0;0;0;0;0;0;0;0;0;0;0;0;0;0;0;0;0;0;0;0;0;0;0;2;2;0;0;0;0;2;2017-05-27 15:30:00;2011;0;60;24;30;0;-1;1;-1;-1;-1;-1;-1;-1;0;2;3;2;2;5;-1;0;0;0;0;0;0;0;0;0;0;0;0;0;1;1;0;0;-1;-1;0;0;-1;-1;-1;-1;-1;-1;-1;-1;-1;17;34;57;74;93;37;73;80;50;9.53;5.27;4.46;2.83;Ružomberok;DAC;2.31;1.13;2.27;1.2;1.69;1.45;83;67;43;27;7;43;43;34;0;0;0;448;30;Y;Y;N;N;N;N;N
117962;110;2042;2016/2017;complete;639;33;-1;16,45,52,72;;4;0;4;10;3;13;3;3;0;3;0;0;11;2;6;0;17;2;13;6;65;35;0;3;0;0;0;0;0;0;0;0;0;0;0;0;0;0;0;0;0;0;0;0;0;0;0;0;0;0;0;0;0;0;0;0;0;0;0;0;0;0;0;0;0;0;0;0;0;0;0;0;0;0;0;0;0;0;0;0;0;0;0;0;0;0;0;0;0;0;0;0;4;2;0;2;0;2;2;2017-05-27 15:30:00;110;0;52;31;17;0;-1;1;-1;-1;-1;-1;-1;-1;0;1;0;2;1;2;-1;0;0;0;0;0;0;0;0;0;0;0;0;0;1;1;0;0;-1;-1;0;0;-1;-1;-1;-1;-1;-1;-1;-1;-1;21;38;59;87;97;48;83;87;42;11.16;3.4;3.82;3.1;Trenčín;Tatran Prešov;2.06;0.33;2;0.36;1.52;0.66;80;62;42;14;4;70;62;62;0;0;0;448;30;Y;Y;Y;Y;N;N;N
117963;2010;2006;2016/2017;complete;639;33;-1;2,8,44;83;3;1;4;3;8;11;3;3;1;1;0;0;6;8;5;8;11;16;9;11;44;56;1;1;0;0;0;0;0;0;0;0;0;0;0;0;0;0;0;0;0;0;0;0;0;0;0;0;0;0;0;0;0;0;0;0;0;0;0;0;0;0;0;0;0;0;0;0;0;0;0;0;0;0;0;0;0;0;0;0;0;0;0;0;0;0;0;0;0;0;0;0;4;3;0;0;1;1;3;2017-05-27 15:30:00;2010;0;47;13;20;0;-1;1;-1;-1;-1;-1;-1;-1;1;0;0;1;1;1;-1;0;0;0;0;0;0;0;1;0;1;0;0;0;1;1;2;0;-1;-1;0;0;-1;-1;-1;-1;-1;-1;-1;-1;-1;17;23;40;67;93;30;67;77;37;10.26;4.67;3.86;2.5;Spartak Trnava;Zlaté Moravce;1.44;0.44;1.33;0.47;1.38;0.76;83;77;60;34;7;80;56;45;0;0;0;448;30;Y;Y;Y;Y;N;N;Y
117964;1217;2005;2016/2017;complete;639;33;-1;13,82,87,89;;4;0;4;7;7;14;6;2;1;3;0;0;10;3;10;3;20;6;17;13;60;40;1;3;0;0;0;0;0;0;0;0;0;0;0;0;0;0;0;0;0;0;0;0;0;0;0;0;0;0;0;0;0;0;0;0;0;0;0;0;0;0;0;0;0;0;0;0;0;0;0;0;0;0;0;0;0;0;0;0;0;0;0;0;0;0;0;0;0;0;0;0;4;1;0;3;0;3;1;2017-05-27 15:30:00;1217;0;39;14;25;0;-1;1;-1;-1;-1;-1;-1;-1;0;3;1;0;3;1;-1;0;0;0;0;0;0;0;0;0;0;0;0;0;1;1;0;0;-1;-1;0;1;-1;-1;-1;-1;-1;-1;-1;-1;-1;22;43;54;79;93;43;68;79;54;13.21;7;4.14;3.11;Žilina;Podbrezová;2.87;1.47;2.86;1.57;2.41;1.55;79;58;47;22;7;75;65;58;0;0;0;448;30;Y;Y;Y;Y;N;N;N
