ID;HOMEID;AWAYID;SEASON;STATUS;ROUNDID;GAME_WEEK;REVISED_GAME_WEEK;HOMEGOALS;AWAYGOALS;HOMEGOALCOUNT;AWAYGOALCOUNT;TOTALGOALCOUNT;TEAM_A_CORNERS;TEAM_B_CORNERS;TOTALCORNERCOUNT;TEAM_A_OFFSIDES;TEAM_B_OFFSIDES;TEAM_A_YELLOW_CARDS;TEAM_B_YELLOW_CARDS;TEAM_A_RED_CARDS;TEAM_B_RED_CARDS;TEAM_A_SHOTSONTARGET;TEAM_B_SHOTSONTARGET;TEAM_A_SHOTSOFFTARGET;TEAM_B_SHOTSOFFTARGET;TEAM_A_SHOTS;TEAM_B_SHOTS;TEAM_A_FOULS;TEAM_B_FOULS;TEAM_A_POSSESSION;TEAM_B_POSSESSION;TEAM_A_CARDS_NUM;TEAM_B_CARDS_NUM;ODDS_FT_1;ODDS_FT_X;ODDS_FT_2;ODDS_FT_OVER05;ODDS_FT_OVER15;ODDS_FT_OVER25;ODDS_FT_OVER35;ODDS_FT_OVER45;ODDS_FT_UNDER05;ODDS_FT_UNDER15;ODDS_FT_UNDER25;ODDS_FT_UNDER35;ODDS_FT_UNDER45;ODDS_BTTS_YES;ODDS_BTTS_NO;ODDS_TEAM_A_CS_YES;ODDS_TEAM_A_CS_NO;ODDS_TEAM_B_CS_YES;ODDS_TEAM_B_CS_NO;ODDS_DOUBLECHANCE_1X;ODDS_DOUBLECHANCE_12;ODDS_DOUBLECHANCE_X2;ODDS_1ST_HALF_RESULT_1;ODDS_1ST_HALF_RESULT_X;ODDS_1ST_HALF_RESULT_2;ODDS_2ND_HALF_RESULT_1;ODDS_2ND_HALF_RESULT_X;ODDS_2ND_HALF_RESULT_2;ODDS_DNB_1;ODDS_DNB_2;ODDS_CORNERS_OVER_75;ODDS_CORNERS_OVER_85;ODDS_CORNERS_OVER_95;ODDS_CORNERS_OVER_105;ODDS_CORNERS_OVER_115;ODDS_CORNERS_UNDER_75;ODDS_CORNERS_UNDER_85;ODDS_CORNERS_UNDER_95;ODDS_CORNERS_UNDER_105;ODDS_CORNERS_UNDER_115;ODDS_CORNERS_1;ODDS_CORNERS_X;ODDS_CORNERS_2;ODDS_TEAM_TO_SCORE_FIRST_1;ODDS_TEAM_TO_SCORE_FIRST_X;ODDS_TEAM_TO_SCORE_FIRST_2;ODDS_WIN_TO_NIL_1;ODDS_WIN_TO_NIL_2;ODDS_1ST_HALF_OVER05;ODDS_1ST_HALF_OVER15;ODDS_1ST_HALF_OVER25;ODDS_1ST_HALF_OVER35;ODDS_1ST_HALF_UNDER05;ODDS_1ST_HALF_UNDER15;ODDS_1ST_HALF_UNDER25;ODDS_1ST_HALF_UNDER35;ODDS_2ND_HALF_OVER05;ODDS_2ND_HALF_OVER15;ODDS_2ND_HALF_OVER25;ODDS_2ND_HALF_OVER35;ODDS_2ND_HALF_UNDER05;ODDS_2ND_HALF_UNDER15;ODDS_2ND_HALF_UNDER25;ODDS_2ND_HALF_UNDER35;ODDS_BTTS_1ST_HALF_YES;ODDS_BTTS_1ST_HALF_NO;ODDS_BTTS_2ND_HALF_YES;ODDS_BTTS_2ND_HALF_NO;OVERALLGOALCOUNT;HT_GOALS_TEAM_A;HT_GOALS_TEAM_B;GOALS_2HG_TEAM_A;GOALS_2HG_TEAM_B;GOALCOUNT_2HG;HTGOALCOUNT;DATE_UNIX;WINNINGTEAM;NO_HOME_AWAY;BTTS_POTENTIAL;BTTS_FHG_POTENTIAL;BTTS_2HG_POTENTIAL;GOALTIMINGDISABLED;CORNER_TIMINGS_RECORDED;CARD_TIMINGS_RECORDED;TEAM_A_FH_CORNERS;TEAM_B_FH_CORNERS;TEAM_A_2H_CORNERS;TEAM_B_2H_CORNERS;CORNER_FH_COUNT;CORNER_2H_COUNT;TEAM_A_FH_CARDS;TEAM_B_FH_CARDS;TEAM_A_2H_CARDS;TEAM_B_2H_CARDS;TOTAL_FH_CARDS;TOTAL_2H_CARDS;ATTACKS_RECORDED;TEAM_A_DANGEROUS_ATTACKS;TEAM_B_DANGEROUS_ATTACKS;TEAM_A_ATTACKS;TEAM_B_ATTACKS;TEAM_A_XG;TEAM_B_XG;TOTAL_XG;TEAM_A_PENALTIES_WON;TEAM_B_PENALTIES_WON;TEAM_A_PENALTY_GOALS;TEAM_B_PENALTY_GOALS;TEAM_A_PENALTY_MISSED;TEAM_B_PENALTY_MISSED;PENS_RECORDED;GOAL_TIMINGS_RECORDED;TEAM_A_0_10_MIN_GOALS;TEAM_B_0_10_MIN_GOALS;TEAM_A_CORNERS_0_10_MIN;TEAM_B_CORNERS_0_10_MIN;TEAM_A_CARDS_0_10_MIN;TEAM_B_CARDS_0_10_MIN;THROWINS_RECORDED;TEAM_A_THROWINS;TEAM_B_THROWINS;FREEKICKS_RECORDED;TEAM_A_FREEKICKS;TEAM_B_FREEKICKS;GOALKICKS_RECORDED;TEAM_A_GOALKICKS;TEAM_B_GOALKICKS;O45_POTENTIAL;O35_POTENTIAL;O25_POTENTIAL;O15_POTENTIAL;O05_POTENTIAL;O15HT_POTENTIAL;O05HT_POTENTIAL;O05_2H_POTENTIAL;O15_2H_POTENTIAL;CORNERS_POTENTIAL;OFFSIDES_POTENTIAL;CARDS_POTENTIAL;AVG_POTENTIAL;HOME_NAME;AWAY_NAME;HOME_PPG;AWAY_PPG;PRE_MATCH_HOME_PPG;PRE_MATCH_AWAY_PPG;PRE_MATCH_TEAMA_OVERALL_PPG;PRE_MATCH_TEAMB_OVERALL_PPG;U45_POTENTIAL;U35_POTENTIAL;U25_POTENTIAL;U15_POTENTIAL;U05_POTENTIAL;CORNERS_O85_POTENTIAL;CORNERS_O95_POTENTIAL;CORNERS_O105_POTENTIAL;TEAM_A_XG_PREMATCH;TEAM_B_XG_PREMATCH;TOTAL_XG_PREMATCH;COMPETITION_ID;MATCHES_COMPLETED_MINIMUM;OVER05;OVER15;OVER25;OVER35;OVER45;OVER55;BTTS
240882;4365;4353;2016;complete;1514;1;-1;61,86;;2;0;2;4;2;6;2;2;3;2;1;2;4;4;3;4;7;8;17;17;47;53;5;5;0;0;0;0;0;0;0;0;0;0;0;0;0;0;0;0;0;0;0;0;0;0;0;0;0;0;0;0;0;0;0;0;0;0;0;0;0;0;0;0;0;0;0;0;0;0;0;0;0;0;0;0;0;0;0;0;0;0;0;0;0;0;0;0;0;0;0;0;2;0;0;2;0;2;0;2016-08-28 18:30:00;4365;0;0;0;0;0;-1;1;-1;-1;-1;-1;-1;-1;3;0;1;4;3;5;-1;0;0;0;0;0;0;0;0;0;0;0;0;0;1;1;0;0;-1;-1;1;0;-1;-1;-1;-1;-1;-1;-1;-1;-1;0;0;0;0;0;0;0;0;0;0;0;0;0;Juventud;Sud América;1.71;1.25;0;0;0;0;0;0;0;0;0;0;0;0;0;0;0;854;15;Y;Y;N;N;N;N;N
240883;4351;4354;2016;complete;1514;1;-1;70;76;1;1;2;6;4;10;0;2;3;0;1;0;3;6;1;6;4;12;22;18;47;53;5;0;0;0;0;0;0;0;0;0;0;0;0;0;0;0;0;0;0;0;0;0;0;0;0;0;0;0;0;0;0;0;0;0;0;0;0;0;0;0;0;0;0;0;0;0;0;0;0;0;0;0;0;0;0;0;0;0;0;0;0;0;0;0;0;0;0;0;0;0;2;0;0;1;1;2;0;2016-08-28 18:30:00;-1;0;0;0;0;0;-1;1;-1;-1;-1;-1;-1;-1;1;0;3;0;1;3;-1;0;0;0;0;0;0;0;0;0;0;0;0;0;1;1;0;0;-1;-1;0;0;-1;-1;-1;-1;-1;-1;-1;-1;-1;0;0;0;0;0;0;0;0;0;0;0;0;0;Plaza Colonia;Racing;0.88;0.88;0;0;0;0;0;0;0;0;0;0;0;0;0;0;0;854;15;Y;Y;N;N;N;N;Y
240884;4366;4355;2016;complete;1514;1;-1;57;48,60;1;2;3;7;2;9;0;2;1;2;1;0;4;4;13;11;17;15;13;17;53;47;3;2;0;0;0;0;0;0;0;0;0;0;0;0;0;0;0;0;0;0;0;0;0;0;0;0;0;0;0;0;0;0;0;0;0;0;0;0;0;0;0;0;0;0;0;0;0;0;0;0;0;0;0;0;0;0;0;0;0;0;0;0;0;0;0;0;0;0;0;0;3;0;0;1;2;3;0;2016-08-28 18:30:00;4355;0;0;0;0;0;-1;1;-1;-1;-1;-1;-1;-1;1;0;1;2;1;3;-1;0;0;0;0;0;0;0;0;0;0;0;0;0;1;1;0;0;-1;-1;0;0;-1;-1;-1;-1;-1;-1;-1;-1;-1;0;0;0;0;0;0;0;0;0;0;0;0;0;Villa Española;Rampla Juniors;0.75;0.71;0;0;0;0;0;0;0;0;0;0;0;0;0;0;0;854;15;Y;Y;Y;N;N;N;Y
240885;4358;4357;2016;complete;1514;1;-1;;;0;0;0;5;0;5;1;1;2;2;0;0;0;0;0;0;0;0;18;18;56;44;2;2;0;0;0;0;0;0;0;0;0;0;0;0;0;0;0;0;0;0;0;0;0;0;0;0;0;0;0;0;0;0;0;0;0;0;0;0;0;0;0;0;0;0;0;0;0;0;0;0;0;0;0;0;0;0;0;0;0;0;0;0;0;0;0;0;0;0;0;0;0;0;0;0;0;0;0;2016-08-28 22:00:00;-1;0;0;0;0;0;-1;1;-1;-1;-1;-1;-1;-1;0;2;2;0;2;2;-1;0;0;0;0;0;0;0;0;0;0;0;0;0;1;1;0;0;-1;-1;0;0;-1;-1;-1;-1;-1;-1;-1;-1;-1;0;0;0;0;0;0;0;0;0;0;0;0;0;Peñarol;Liverpool FC Montevideo;1;1.13;0;0;0;0;0;0;0;0;0;0;0;0;0;0;0;854;15;N;N;N;N;N;N;N
240886;4362;4360;2016;complete;1514;1;-1;;59;0;1;1;3;5;8;1;3;4;3;1;0;0;0;0;0;0;0;15;20;-1;-1;6;3;0;0;0;0;0;0;0;0;0;0;0;0;0;0;0;0;0;0;0;0;0;0;0;0;0;0;0;0;0;0;0;0;0;0;0;0;0;0;0;0;0;0;0;0;0;0;0;0;0;0;0;0;0;0;0;0;0;0;0;0;0;0;0;0;0;0;0;0;1;0;0;0;1;1;0;2016-08-30 18:30:00;4360;0;0;0;0;0;-1;1;-1;-1;-1;-1;-1;-1;0;0;5;3;0;8;-1;0;0;0;0;0;0;0;0;1;0;1;0;0;1;1;0;0;-1;-1;0;0;-1;-1;-1;-1;-1;-1;-1;-1;-1;0;0;0;0;0;0;0;0;0;0;0;0;0;Fénix;Cerro;1.63;2.29;0;0;0;0;0;0;0;0;0;0;0;0;0;0;0;854;15;Y;N;N;N;N;N;N
240887;4356;4359;2016;complete;1514;1;-1;54,57;21;2;1;3;1;2;3;1;0;3;2;1;1;3;4;4;2;7;6;20;15;49;51;5;4;0;0;0;0;0;0;0;0;0;0;0;0;0;0;0;0;0;0;0;0;0;0;0;0;0;0;0;0;0;0;0;0;0;0;0;0;0;0;0;0;0;0;0;0;0;0;0;0;0;0;0;0;0;0;0;0;0;0;0;0;0;0;0;0;0;0;0;0;3;0;1;2;0;2;1;2016-08-31 18:30:00;4356;0;0;0;0;0;-1;1;-1;-1;-1;-1;-1;-1;2;1;2;2;3;4;-1;0;0;0;0;0;0;0;0;0;0;0;0;0;1;1;0;0;-1;-1;0;0;-1;-1;-1;-1;-1;-1;-1;-1;-1;0;0;0;0;0;0;0;0;0;0;0;0;0;Danubio;Nacional;2.38;1.63;0;0;0;0;0;0;0;0;0;0;0;0;0;0;0;854;15;Y;Y;Y;N;N;N;Y
240888;4363;4361;2016;complete;1514;1;-1;12;88;1;1;2;1;3;4;-1;-1;2;4;1;0;3;2;1;0;4;2;-1;-1;-1;-1;4;4;0;0;0;0;0;0;0;0;0;0;0;0;0;0;0;0;0;0;0;0;0;0;0;0;0;0;0;0;0;0;0;0;0;0;0;0;0;0;0;0;0;0;0;0;0;0;0;0;0;0;0;0;0;0;0;0;0;0;0;0;0;0;0;0;0;0;0;0;2;1;0;0;1;1;1;2016-08-31 18:30:00;-1;0;0;0;0;0;-1;1;-1;-1;-1;-1;-1;-1;1;3;2;1;4;3;-1;0;0;0;0;0;0;0;0;1;0;1;0;0;1;1;0;0;-1;-1;0;0;-1;-1;-1;-1;-1;-1;-1;-1;-1;0;0;0;0;0;0;0;0;0;0;0;0;0;Boston River;Defensor Sporting;1.14;2;0;0;0;0;0;0;0;0;0;0;0;0;0;0;0;854;15;Y;Y;N;N;N;N;Y
240889;4350;4364;2016;complete;1514;1;-1;61;76;1;1;2;8;3;11;0;1;3;2;0;0;6;7;10;9;16;16;10;17;48;52;3;2;0;0;0;0;0;0;0;0;0;0;0;0;0;0;0;0;0;0;0;0;0;0;0;0;0;0;0;0;0;0;0;0;0;0;0;0;0;0;0;0;0;0;0;0;0;0;0;0;0;0;0;0;0;0;0;0;0;0;0;0;0;0;0;0;0;0;0;0;2;0;0;1;1;2;0;2016-08-31 23:00:00;-1;0;0;0;0;0;-1;1;-1;-1;-1;-1;-1;-1;2;1;1;1;3;2;-1;0;0;0;0;0;0;0;0;0;0;0;0;0;1;1;0;0;-1;-1;1;0;-1;-1;-1;-1;-1;-1;-1;-1;-1;0;0;0;0;0;0;0;0;0;0;0;0;0;Wanderers;River Plate;2.13;1.13;0;0;0;0;0;0;0;0;0;0;0;0;0;0;0;854;15;Y;Y;N;N;N;N;Y
240890;4353;4366;2016;complete;1514;2;-1;80;;1;0;1;8;10;18;-1;-1;2;3;0;0;2;0;0;0;2;0;-1;-1;-1;-1;2;3;0;0;0;0;0;0;0;0;0;0;0;0;0;0;0;0;0;0;0;0;0;0;0;0;0;0;0;0;0;0;0;0;0;0;0;0;0;0;0;0;0;0;0;0;0;0;0;0;0;0;0;0;0;0;0;0;0;0;0;0;0;0;0;0;0;0;0;0;1;0;0;1;0;1;0;2016-09-03 18:30:00;4353;0;0;0;0;0;-1;1;-1;-1;-1;-1;-1;-1;0;1;2;2;1;4;-1;0;0;0;0;0;0;0;0;0;0;0;0;0;1;1;0;0;-1;-1;0;0;-1;-1;-1;-1;-1;-1;-1;-1;-1;0;0;0;0;0;0;0;0;0;0;0;0;0;Sud América;Villa Española;1;0.14;0;0;0;0;0;0;0;0;0;0;0;0;0;0;0;854;15;Y;N;N;N;N;N;N
240891;4355;4356;2016;complete;1514;2;-1;57,78;51;2;1;3;3;1;4;0;0;1;5;0;1;5;7;8;6;13;13;21;25;50;50;1;6;0;0;0;0;0;0;0;0;0;0;0;0;0;0;0;0;0;0;0;0;0;0;0;0;0;0;0;0;0;0;0;0;0;0;0;0;0;0;0;0;0;0;0;0;0;0;0;0;0;0;0;0;0;0;0;0;0;0;0;0;0;0;0;0;0;0;0;0;3;0;0;2;1;3;0;2016-09-03 18:30:00;4355;0;0;0;0;0;-1;1;-1;-1;-1;-1;-1;-1;0;1;1;5;1;6;-1;0;0;0;0;0;0;0;1;0;1;0;0;0;1;1;0;0;-1;-1;0;0;-1;-1;-1;-1;-1;-1;-1;-1;-1;0;0;0;0;0;0;0;0;0;0;0;0;0;Rampla Juniors;Danubio;1.5;1.43;0;0;3;3;0;0;0;0;0;0;0;0;0;0;0;854;15;Y;Y;Y;N;N;N;Y
240892;4358;4362;2016;complete;1514;2;-1;18,75;;2;0;2;5;2;7;3;2;2;6;0;1;8;4;10;4;18;8;14;22;65;35;2;8;0;0;0;0;0;0;0;0;0;0;0;0;0;0;0;0;0;0;0;0;0;0;0;0;0;0;0;0;0;0;0;0;0;0;0;0;0;0;0;0;0;0;0;0;0;0;0;0;0;0;0;0;0;0;0;0;0;0;0;0;0;0;0;0;0;0;0;0;2;1;0;1;0;1;1;2016-09-03 22:00:00;4358;0;0;0;0;0;-1;1;-1;-1;-1;-1;-1;-1;0;4;2;3;4;5;-1;0;0;0;0;0;0;0;0;0;0;0;0;0;1;1;0;0;-1;-1;0;1;-1;-1;-1;-1;-1;-1;-1;-1;-1;0;0;0;0;0;0;0;0;0;5;1;2;0;Peñarol;Fénix;1;0.86;1;0;1;0;50;50;50;50;50;0;0;0;0;0;0;854;15;Y;Y;N;N;N;N;N
240893;4354;4357;2016;complete;1514;2;-1;;42;0;1;1;8;1;9;1;3;1;2;0;0;6;5;7;2;13;7;15;12;56;44;1;2;0;0;0;0;0;0;0;0;0;0;0;0;0;0;0;0;0;0;0;0;0;0;0;0;0;0;0;0;0;0;0;0;0;0;0;0;0;0;0;0;0;0;0;0;0;0;0;0;0;0;0;0;0;0;0;0;0;0;0;0;0;0;0;0;0;0;0;0;1;0;1;0;0;0;1;2016-09-04 18:30:00;4357;0;0;0;0;0;-1;1;-1;-1;-1;-1;-1;-1;0;0;1;2;0;3;-1;0;0;0;0;0;0;0;0;0;0;0;0;0;1;1;0;0;-1;-1;0;0;-1;-1;-1;-1;-1;-1;-1;-1;-1;0;0;0;0;0;0;0;0;0;0;1;2;0;Racing;Liverpool FC Montevideo;1.86;1.13;0;1;1;1;50;50;50;50;50;0;0;0;0;0;0;854;15;Y;N;N;N;N;N;N
240894;4360;4350;2016;complete;1514;2;-1;12;41,52,81;1;3;4;4;5;9;-1;-1;2;3;0;0;4;6;2;2;6;8;-1;-1;-1;-1;2;3;0;0;0;0;0;0;0;0;0;0;0;0;0;0;0;0;0;0;0;0;0;0;0;0;0;0;0;0;0;0;0;0;0;0;0;0;0;0;0;0;0;0;0;0;0;0;0;0;0;0;0;0;0;0;0;0;0;0;0;0;0;0;0;0;0;0;0;0;4;1;1;0;2;2;2;2016-09-04 18:30:00;4350;0;0;0;0;0;-1;1;-1;-1;-1;-1;-1;-1;0;2;2;1;2;3;-1;0;0;0;0;0;0;0;0;1;0;1;0;0;1;1;0;0;-1;-1;0;0;-1;-1;-1;-1;-1;-1;-1;-1;-1;0;0;0;0;0;0;0;0;0;0;0;0;0;Cerro;Wanderers;0.75;1.71;0;0;3;1;0;0;0;0;0;0;0;0;0;0;0;854;15;Y;Y;Y;Y;N;N;Y
240895;4364;4363;2016;complete;1514;2;-1;22;20,23,31,76,80;1;5;6;5;8;13;1;5;3;5;1;0;6;10;7;8;13;18;12;22;45;55;4;5;0;0;0;0;0;0;0;0;0;0;0;0;0;0;0;0;0;0;0;0;0;0;0;0;0;0;0;0;0;0;0;0;0;0;0;0;0;0;0;0;0;0;0;0;0;0;0;0;0;0;0;0;0;0;0;0;0;0;0;0;0;0;0;0;0;0;0;0;6;1;3;0;2;2;4;2016-09-04 18:30:00;4363;0;0;0;0;0;-1;1;-1;-1;-1;-1;-1;-1;2;2;2;3;4;5;-1;0;0;0;0;0;0;0;0;1;0;1;0;0;1;1;0;0;-1;-1;0;0;-1;-1;-1;-1;-1;-1;-1;-1;-1;0;0;0;0;0;0;0;0;0;0;0;0;0;River Plate;Boston River;1.29;1.75;0;0;1;1;0;0;0;0;0;0;0;0;0;0;0;854;15;Y;Y;Y;Y;Y;Y;Y
240896;4361;4365;2016;complete;1514;2;-1;;42;0;1;1;8;2;10;3;2;3;4;1;1;4;2;5;1;9;3;19;21;55;45;5;6;0;0;0;0;0;0;0;0;0;0;0;0;0;0;0;0;0;0;0;0;0;0;0;0;0;0;0;0;0;0;0;0;0;0;0;0;0;0;0;0;0;0;0;0;0;0;0;0;0;0;0;0;0;0;0;0;0;0;0;0;0;0;0;0;0;0;0;0;1;0;1;0;0;0;1;2016-09-04 18:30:00;4365;0;0;0;0;0;-1;1;-1;-1;-1;-1;-1;-1;2;2;2;3;4;5;-1;0;0;0;0;0;0;0;0;0;0;0;0;0;1;1;0;0;-1;-1;1;0;-1;-1;-1;-1;-1;-1;-1;-1;-1;0;0;0;0;0;0;0;0;0;0;0;0;0;Defensor Sporting;Juventud;1.38;0.63;0;0;1;3;0;0;0;0;0;0;0;0;0;0;0;854;15;Y;N;N;N;N;N;N
240897;4359;4351;2016;complete;1514;2;-1;18,60,61;43,74;3;2;5;4;2;6;3;1;1;5;0;0;9;4;3;2;12;6;18;21;57;43;1;5;0;0;0;0;0;0;0;0;0;0;0;0;0;0;0;0;0;0;0;0;0;0;0;0;0;0;0;0;0;0;0;0;0;0;0;0;0;0;0;0;0;0;0;0;0;0;0;0;0;0;0;0;0;0;0;0;0;0;0;0;0;0;0;0;0;0;0;0;5;1;1;2;1;3;2;2016-09-04 22:00:00;4359;0;0;0;0;0;-1;1;-1;-1;-1;-1;-1;-1;0;1;1;4;1;5;-1;0;0;0;0;0;0;0;1;0;1;0;0;0;1;1;0;0;-1;-1;0;0;-1;-1;-1;-1;-1;-1;-1;-1;-1;0;0;0;0;0;0;0;0;0;0;0;0;0;Nacional;Plaza Colonia;3;0.71;0;0;0;1;0;0;0;0;0;0;0;0;0;0;0;854;15;Y;Y;Y;Y;Y;N;Y
240898;4363;4360;2016;complete;1514;3;-1;68;60;1;1;2;6;1;7;1;2;1;2;1;1;7;2;16;12;23;14;12;14;59;41;2;4;0;0;0;0;0;0;0;0;0;0;0;0;0;0;0;0;0;0;0;0;0;0;0;0;0;0;0;0;0;0;0;0;0;0;0;0;0;0;0;0;0;0;0;0;0;0;0;0;0;0;0;0;0;0;0;0;0;0;0;0;0;0;0;0;0;0;0;0;2;0;0;1;1;2;0;2016-09-10 18:30:00;-1;0;50;0;0;0;-1;1;-1;-1;-1;-1;-1;-1;2;1;0;2;3;2;-1;0;0;0;0;0;0;0;0;0;0;0;0;0;1;1;0;0;-1;-1;0;0;-1;-1;-1;-1;-1;-1;-1;-1;-1;0;0;0;50;100;0;50;100;0;6;2;7;1.5;Boston River;Cerro;1.14;2.29;1;3;2;1.5;100;100;100;50;0;0;0;0;0;0;0;854;15;Y;Y;N;N;N;N;Y
240899;4358;4350;2016;complete;1514;3;-1;;86;0;1;1;6;5;11;-1;-1;3;4;0;0;2;3;6;7;8;10;-1;-1;-1;-1;3;4;0;0;0;0;0;0;0;0;0;0;0;0;0;0;0;0;0;0;0;0;0;0;0;0;0;0;0;0;0;0;0;0;0;0;0;0;0;0;0;0;0;0;0;0;0;0;0;0;0;0;0;0;0;0;0;0;0;0;0;0;0;0;0;0;0;0;0;0;1;0;0;0;1;1;0;2016-09-10 18:30:00;4350;0;50;50;0;0;-1;1;-1;-1;-1;-1;-1;-1;3;1;0;3;4;3;-1;0;0;0;0;0;0;0;0;0;0;0;0;0;1;1;0;0;-1;-1;0;0;-1;-1;-1;-1;-1;-1;-1;-1;-1;0;50;50;75;75;50;75;75;50;10;1;5;2.5;Peñarol;Wanderers;1;1.71;2;3;2;2;100;50;50;25;25;50;0;0;0;0;0;854;15;Y;N;N;N;N;N;N
240900;4362;4354;2016;complete;1514;3;-1;18,27,45;8;3;1;4;5;8;13;2;0;1;2;0;0;6;6;3;11;9;17;10;12;36;64;1;2;0;0;0;0;0;0;0;0;0;0;0;0;0;0;0;0;0;0;0;0;0;0;0;0;0;0;0;0;0;0;0;0;0;0;0;0;0;0;0;0;0;0;0;0;0;0;0;0;0;0;0;0;0;0;0;0;0;0;0;0;0;0;0;0;0;0;0;0;4;3;1;0;0;0;4;2016-09-10 18:30:00;4362;0;50;0;50;0;-1;1;-1;-1;-1;-1;-1;-1;1;2;0;0;3;0;-1;0;0;0;0;0;0;0;0;0;0;0;0;0;1;1;0;1;-1;-1;1;0;-1;-1;-1;-1;-1;-1;-1;-1;-1;0;0;0;50;100;0;0;100;50;7;3;6;1.5;Fénix;Racing;1.63;0.88;0;1;0;0.5;100;100;100;50;0;50;50;0;0;0;0;854;15;Y;Y;Y;Y;N;N;Y
240901;4351;4355;2016;complete;1514;3;-1;90;53;1;1;2;-1;-1;-1;-1;-1;3;3;0;0;-1;-1;-1;-1;-1;-1;-1;-1;-1;-1;3;3;0;0;0;0;0;0;0;0;0;0;0;0;0;0;0;0;0;0;0;0;0;0;0;0;0;0;0;0;0;0;0;0;0;0;0;0;0;0;0;0;0;0;0;0;0;0;0;0;0;0;0;0;0;0;0;0;0;0;0;0;0;0;0;0;0;0;0;0;2;0;0;1;1;2;0;2016-09-10 21:15:00;-1;0;100;0;100;0;-1;1;-1;-1;-1;-1;-1;-1;0;0;3;3;0;6;-1;0;0;0;0;0;0;0;0;0;0;0;0;0;1;1;0;0;-1;-1;0;0;-1;-1;-1;-1;-1;-1;-1;-1;-1;0;0;50;100;100;0;0;100;100;8;2;7;2.5;Plaza Colonia;Rampla Juniors;0.88;0.71;1;3;0.5;3;100;100;50;0;0;100;50;0;0;0;0;854;15;Y;Y;N;N;N;N;Y
240902;4361;4353;2016;complete;1514;3;-1;22,86;;2;0;2;8;10;18;-1;-1;3;3;0;0;3;3;3;4;6;7;-1;-1;-1;-1;3;3;0;0;0;0;0;0;0;0;0;0;0;0;0;0;0;0;0;0;0;0;0;0;0;0;0;0;0;0;0;0;0;0;0;0;0;0;0;0;0;0;0;0;0;0;0;0;0;0;0;0;0;0;0;0;0;0;0;0;0;0;0;0;0;0;0;0;0;0;2;1;0;1;0;1;1;2016-09-11 18:30:00;4361;0;0;0;0;0;-1;1;-1;-1;-1;-1;-1;-1;2;1;1;2;3;3;-1;0;0;0;0;0;0;0;0;0;0;0;0;0;1;1;0;0;-1;-1;0;1;-1;-1;-1;-1;-1;-1;-1;-1;-1;0;0;0;50;100;0;50;50;50;10;5;10;1.5;Defensor Sporting;Sud América;1.38;1.25;0;0;0.5;1.5;100;100;100;50;0;50;50;0;0;0;0;854;15;Y;Y;N;N;N;N;N
240903;4365;4364;2016;complete;1514;3;-1;;;0;0;0;2;2;4;2;4;2;2;0;0;0;0;0;0;0;0;16;15;45;55;2;2;0;0;0;0;0;0;0;0;0;0;0;0;0;0;0;0;0;0;0;0;0;0;0;0;0;0;0;0;0;0;0;0;0;0;0;0;0;0;0;0;0;0;0;0;0;0;0;0;0;0;0;0;0;0;0;0;0;0;0;0;0;0;0;0;0;0;0;0;0;0;0;0;0;0;0;2016-09-11 18:30:00;-1;0;50;0;50;0;-1;1;-1;-1;-1;-1;-1;-1;0;0;2;2;0;4;-1;0;0;0;0;0;0;0;0;0;0;0;0;0;1;1;0;0;-1;-1;0;0;-1;-1;-1;-1;-1;-1;-1;-1;-1;0;0;0;100;100;0;0;100;100;7;3;7;2;Juventud;River Plate;1.71;1.13;3;1;3;0.5;100;100;100;0;0;50;50;50;0;0;0;854;15;N;N;N;N;N;N;N
240904;4357;4359;2016;complete;1514;3;-1;6,76;47;2;1;3;5;6;11;-1;-1;1;3;0;0;3;2;0;0;3;2;-1;-1;-1;-1;1;3;0;0;0;0;0;0;0;0;0;0;0;0;0;0;0;0;0;0;0;0;0;0;0;0;0;0;0;0;0;0;0;0;0;0;0;0;0;0;0;0;0;0;0;0;0;0;0;0;0;0;0;0;0;0;0;0;0;0;0;0;0;0;0;0;0;0;0;0;3;1;0;1;1;2;1;2016-09-11 18:30:00;4357;0;50;0;0;0;-1;1;-1;-1;-1;-1;-1;-1;0;1;1;2;1;3;-1;0;0;0;0;0;0;0;0;0;0;0;0;0;1;1;1;0;-1;-1;0;0;-1;-1;-1;-1;-1;-1;-1;-1;-1;0;0;50;50;50;0;50;50;50;2;0;4;1.5;Liverpool FC Montevideo;Nacional;2.14;1.63;0;0;2;1.5;50;50;0;0;0;0;0;0;0;0;0;854;15;Y;Y;Y;N;N;N;Y
240905;4356;4366;2016;complete;1514;3;-1;90;;1;0;1;11;4;15;0;0;1;3;0;0;4;5;12;4;16;9;24;17;59;41;1;3;0;0;0;0;0;0;0;0;0;0;0;0;0;0;0;0;0;0;0;0;0;0;0;0;0;0;0;0;0;0;0;0;0;0;0;0;0;0;0;0;0;0;0;0;0;0;0;0;0;0;0;0;0;0;0;0;0;0;0;0;0;0;0;0;0;0;0;0;1;0;0;1;0;1;0;2016-09-11 18:30:00;4356;0;50;0;0;0;-1;1;-1;-1;-1;-1;-1;-1;1;1;0;2;2;2;-1;0;0;0;0;0;0;0;0;0;0;0;0;0;1;1;0;0;-1;-1;0;0;-1;-1;-1;-1;-1;-1;-1;-1;-1;0;0;50;50;100;0;50;100;50;11;0;8;2;Danubio;Villa Española;2.38;0.14;3;0;1.5;0;100;100;50;50;0;50;50;50;0;0;0;854;15;Y;N;N;N;N;N;N
240906;4353;4356;2016;complete;1514;4;-1;;19,81;0;2;2;2;4;6;-1;-1;4;4;0;0;0;3;0;0;0;3;-1;-1;-1;-1;4;4;0;0;0;0;0;0;0;0;0;0;0;0;0;0;0;0;0;0;0;0;0;0;0;0;0;0;0;0;0;0;0;0;0;0;0;0;0;0;0;0;0;0;0;0;0;0;0;0;0;0;0;0;0;0;0;0;0;0;0;0;0;0;0;0;0;0;0;0;2;0;1;0;1;1;1;2016-09-17 18:30:00;4356;0;50;0;50;0;-1;1;-1;-1;-1;-1;-1;-1;2;1;2;3;3;5;-1;0;0;0;0;0;0;0;0;0;0;0;0;0;1;1;0;0;-1;-1;0;0;-1;-1;-1;-1;-1;-1;-1;-1;-1;0;0;50;50;100;0;0;100;50;9;0;8;2;Sud América;Danubio;1;1.43;3;0;1;2;100;100;50;50;0;50;50;50;0;0;0;854;15;Y;Y;N;N;N;N;N
240907;4354;4350;2016;complete;1514;4;-1;77;83;1;1;2;2;2;4;0;2;2;1;0;0;6;8;8;7;14;15;20;19;48;52;2;1;0;0;0;0;0;0;0;0;0;0;0;0;0;0;0;0;0;0;0;0;0;0;0;0;0;0;0;0;0;0;0;0;0;0;0;0;0;0;0;0;0;0;0;0;0;0;0;0;0;0;0;0;0;0;0;0;0;0;0;0;0;0;0;0;0;0;0;0;2;0;0;1;1;2;0;2016-09-17 18:30:00;-1;0;25;25;0;0;-1;1;-1;-1;-1;-1;-1;-1;0;0;2;1;0;3;-1;0;0;0;0;0;0;0;0;1;0;1;0;0;1;1;0;0;-1;-1;0;0;-1;-1;-1;-1;-1;-1;-1;-1;-1;0;25;25;25;100;25;75;50;25;13;0;4.5;1.75;Racing;Wanderers;1.86;1.71;0;3;0.33;2.33;100;75;75;75;0;100;25;25;0;0;0;854;15;Y;Y;N;N;N;N;Y
240908;4360;4365;2016;complete;1514;4;-1;69;31;1;1;2;11;8;19;3;2;4;4;0;0;5;5;8;4;13;9;20;24;48;52;4;4;0;0;0;0;0;0;0;0;0;0;0;0;0;0;0;0;0;0;0;0;0;0;0;0;0;0;0;0;0;0;0;0;0;0;0;0;0;0;0;0;0;0;0;0;0;0;0;0;0;0;0;0;0;0;0;0;0;0;0;0;0;0;0;0;0;0;0;0;2;0;1;1;0;1;1;2016-09-17 18:30:00;-1;0;50;50;0;0;-1;1;-1;-1;-1;-1;-1;-1;2;1;2;3;3;5;-1;0;0;0;0;0;0;0;1;1;1;1;0;0;1;1;0;0;-1;-1;0;0;-1;-1;-1;-1;-1;-1;-1;-1;-1;0;50;50;50;100;50;100;50;50;6;1;8;2.5;Cerro;Juventud;0.75;0.63;0;3;1.33;2.33;100;50;50;50;0;100;50;0;0;0;0;854;15;Y;Y;N;N;N;N;Y
240909;4362;4359;2016;complete;1514;4;-1;;79;0;1;1;2;10;12;1;1;4;1;0;0;0;4;3;16;3;20;22;21;30;70;4;1;0;0;0;0;0;0;0;0;0;0;0;0;0;0;0;0;0;0;0;0;0;0;0;0;0;0;0;0;0;0;0;0;0;0;0;0;0;0;0;0;0;0;0;0;0;0;0;0;0;0;0;0;0;0;0;0;0;0;0;0;0;0;0;0;0;0;0;0;1;0;0;0;1;1;0;2016-09-17 22:00:00;4359;0;75;25;25;0;-1;1;-1;-1;-1;-1;-1;-1;3;1;1;0;4;1;-1;0;0;0;0;0;0;0;0;0;0;0;0;0;1;1;0;0;-1;-1;0;0;-1;-1;-1;-1;-1;-1;-1;-1;-1;0;25;75;75;100;25;75;75;50;8;1;7;2.75;Fénix;Nacional;1.63;1.63;1.5;0;1;1;100;75;25;25;0;50;50;50;0;0;0;854;15;Y;N;N;N;N;N;N
240910;4366;4351;2016;complete;1514;4;-1;14,88;7,10,24,41;2;4;6;5;4;9;1;0;2;3;0;0;3;5;0;0;3;5;26;16;-1;-1;2;3;0;0;0;0;0;0;0;0;0;0;0;0;0;0;0;0;0;0;0;0;0;0;0;0;0;0;0;0;0;0;0;0;0;0;0;0;0;0;0;0;0;0;0;0;0;0;0;0;0;0;0;0;0;0;0;0;0;0;0;0;0;0;0;0;0;0;0;0;6;1;4;1;0;1;5;2016-09-18 18:30:00;4351;0;100;50;100;0;-1;1;-1;-1;-1;-1;-1;-1;0;0;2;3;0;5;-1;0;0;0;0;0;0;0;1;0;1;0;0;0;1;1;0;2;-1;-1;0;0;-1;-1;-1;-1;-1;-1;-1;-1;-1;50;50;100;100;100;50;50;100;100;9;1;8;4;Villa Española;Plaza Colonia;0.75;0.71;0;0;0;0.67;50;50;0;0;0;50;0;0;0;0;0;854;15;Y;Y;Y;Y;Y;Y;Y
240911;4355;4357;2016;complete;1514;4;-1;;;0;0;0;-1;-1;-1;-1;-1;3;3;1;1;-1;-1;-1;-1;-1;-1;-1;-1;-1;-1;4;5;0;0;0;0;0;0;0;0;0;0;0;0;0;0;0;0;0;0;0;0;0;0;0;0;0;0;0;0;0;0;0;0;0;0;0;0;0;0;0;0;0;0;0;0;0;0;0;0;0;0;0;0;0;0;0;0;0;0;0;0;0;0;0;0;0;0;0;0;0;0;0;0;0;0;0;2016-09-18 18:30:00;-1;0;50;0;50;0;-1;1;-1;-1;-1;-1;-1;-1;2;2;2;2;4;4;-1;0;0;0;0;0;0;0;0;0;0;0;0;0;1;1;0;0;-1;-1;0;0;-1;-1;-1;-1;-1;-1;-1;-1;-1;0;0;50;50;75;0;25;50;50;3.5;2;3;1.75;Rampla Juniors;Liverpool FC Montevideo;1.5;1.13;3;2;2.33;2.33;100;100;50;50;25;25;0;0;0;0;0;854;15;N;N;N;N;N;N;N
240912;4364;4361;2016;complete;1514;4;-1;;31,37,49,67,70;0;5;5;2;4;6;1;1;0;3;0;0;0;6;0;0;0;6;16;17;-1;-1;0;3;0;0;0;0;0;0;0;0;0;0;0;0;0;0;0;0;0;0;0;0;0;0;0;0;0;0;0;0;0;0;0;0;0;0;0;0;0;0;0;0;0;0;0;0;0;0;0;0;0;0;0;0;0;0;0;0;0;0;0;0;0;0;0;0;0;0;0;0;5;0;2;0;3;3;2;2016-09-18 18:30:00;4361;0;100;50;0;0;-1;1;-1;-1;-1;-1;-1;-1;0;0;0;3;0;3;-1;0;0;0;0;0;0;0;0;0;0;0;0;0;1;1;0;0;-1;-1;0;0;-1;-1;-1;-1;-1;-1;-1;-1;-1;50;50;50;100;100;50;100;100;50;8;0;8;4;River Plate;Defensor Sporting;1.29;2;0;1;0.67;1.33;50;50;50;0;0;50;50;50;0;0;0;854;15;Y;Y;Y;Y;Y;N;N
240913;4363;4358;2016;complete;1514;4;-1;;;0;0;0;10;3;13;1;0;3;4;0;0;3;4;11;8;14;12;17;17;53;47;3;4;0;0;0;0;0;0;0;0;0;0;0;0;0;0;0;0;0;0;0;0;0;0;0;0;0;0;0;0;0;0;0;0;0;0;0;0;0;0;0;0;0;0;0;0;0;0;0;0;0;0;0;0;0;0;0;0;0;0;0;0;0;0;0;0;0;0;0;0;0;0;0;0;0;0;0;2016-09-18 22:00:00;-1;0;50;0;25;0;-1;1;-1;-1;-1;-1;-1;-1;1;1;2;3;2;5;-1;0;0;0;0;0;0;0;0;0;0;0;0;0;1;1;0;0;-1;-1;0;0;-1;-1;-1;-1;-1;-1;-1;-1;-1;0;0;0;50;50;0;25;50;25;3.5;0;3;1;Boston River;Peñarol;1.14;1;1;0;1.67;1.33;50;50;50;0;0;0;0;0;0;0;0;854;15;N;N;N;N;N;N;N
240914;4363;4354;2016;complete;1514;5;-1;43;6;1;1;2;-1;-1;-1;-1;-1;2;1;0;0;-1;-1;-1;-1;-1;-1;-1;-1;-1;-1;2;1;0;0;0;0;0;0;0;0;0;0;0;0;0;0;0;0;0;0;0;0;0;0;0;0;0;0;0;0;0;0;0;0;0;0;0;0;0;0;0;0;0;0;0;0;0;0;0;0;0;0;0;0;0;0;0;0;0;0;0;0;0;0;0;0;0;0;0;0;2;1;1;0;0;0;2;2016-09-24 18:30:00;-1;0;84;25;42;0;-1;1;-1;-1;-1;-1;-1;-1;1;0;1;1;1;2;-1;0;0;0;0;0;0;0;0;0;0;0;0;0;1;1;0;1;-1;-1;0;0;-1;-1;-1;-1;-1;-1;-1;-1;-1;0;25;25;84;84;25;42;59;42;11.67;1.33;4;2.17;Boston River;Racing;1.14;0.88;1;0.5;1.5;0.5;100;75;75;17;17;67;67;42;0;0;0;854;15;Y;Y;N;N;N;N;Y
240915;4350;4359;2016;complete;1514;5;-1;14;31,35,82;1;3;4;8;3;11;1;2;3;5;0;0;5;4;10;3;15;7;22;19;53;47;3;5;0;0;0;0;0;0;0;0;0;0;0;0;0;0;0;0;0;0;0;0;0;0;0;0;0;0;0;0;0;0;0;0;0;0;0;0;0;0;0;0;0;0;0;0;0;0;0;0;0;0;0;0;0;0;0;0;0;0;0;0;0;0;0;0;0;0;0;0;4;1;2;0;1;1;3;2016-09-24 18:30:00;4359;0;84;0;67;0;-1;1;-1;-1;-1;-1;-1;-1;2;0;1;5;2;6;-1;0;0;0;0;0;0;0;0;0;0;0;0;0;1;1;0;0;-1;-1;0;0;-1;-1;-1;-1;-1;-1;-1;-1;-1;0;0;34;84;100;0;34;100;84;14;0;5.67;2.17;Wanderers;Nacional;2.13;1.63;1;1;2;1.5;100;100;67;17;0;84;84;84;0;0;0;854;15;Y;Y;Y;Y;N;N;Y
240916;4357;4366;2016;complete;1514;5;-1;45;;1;0;1;2;4;6;0;3;2;6;1;0;4;9;7;12;11;21;11;20;45;55;4;6;0;0;0;0;0;0;0;0;0;0;0;0;0;0;0;0;0;0;0;0;0;0;0;0;0;0;0;0;0;0;0;0;0;0;0;0;0;0;0;0;0;0;0;0;0;0;0;0;0;0;0;0;0;0;0;0;0;0;0;0;0;0;0;0;0;0;0;0;1;1;0;0;0;0;1;2016-09-24 18:30:00;4357;0;50;0;50;0;-1;1;-1;-1;-1;-1;-1;-1;0;5;3;1;5;4;-1;0;0;0;0;0;0;0;1;0;1;0;0;0;1;1;0;0;-1;-1;0;1;-1;-1;-1;-1;-1;-1;-1;-1;-1;0;0;50;50;100;0;50;100;50;12;0;4;2;Liverpool FC Montevideo;Villa Española;2.14;0.14;3;0;2;0;100;100;50;50;0;100;100;100;0;0;0;854;15;Y;N;N;N;N;N;N
240917;4361;4360;2016;complete;1514;5;-1;;59;0;1;1;9;0;9;1;2;3;4;0;0;5;4;10;4;15;8;26;20;52;48;3;4;0;0;0;0;0;0;0;0;0;0;0;0;0;0;0;0;0;0;0;0;0;0;0;0;0;0;0;0;0;0;0;0;0;0;0;0;0;0;0;0;0;0;0;0;0;0;0;0;0;0;0;0;0;0;0;0;0;0;0;0;0;0;0;0;0;0;0;0;1;0;0;0;1;1;0;2016-09-24 21:10:00;4360;0;25;0;25;0;-1;1;-1;-1;-1;-1;-1;-1;1;0;2;4;1;6;-1;0;0;0;0;0;0;0;0;0;0;0;0;0;1;1;0;0;-1;-1;0;0;-1;-1;-1;-1;-1;-1;-1;-1;-1;0;0;0;50;100;0;50;75;25;11;3.5;7.5;1.5;Defensor Sporting;Cerro;1.38;2.29;1.5;2;1.75;1.25;100;100;100;50;0;50;50;25;0;0;0;854;15;Y;N;N;N;N;N;N
240918;4364;4353;2016;complete;1514;5;-1;;11,63,71;0;3;3;7;2;9;3;2;3;2;0;0;4;7;5;3;9;10;12;17;49;51;3;2;0;0;0;0;0;0;0;0;0;0;0;0;0;0;0;0;0;0;0;0;0;0;0;0;0;0;0;0;0;0;0;0;0;0;0;0;0;0;0;0;0;0;0;0;0;0;0;0;0;0;0;0;0;0;0;0;0;0;0;0;0;0;0;0;0;0;0;0;3;0;1;0;2;2;1;2016-09-25 18:30:00;4353;0;25;25;0;0;-1;1;-1;-1;-1;-1;-1;-1;1;1;2;1;2;3;-1;0;0;0;0;0;0;0;0;0;0;0;0;0;1;1;0;0;-1;-1;0;0;-1;-1;-1;-1;-1;-1;-1;-1;-1;50;50;50;100;100;50;75;100;75;9.5;1.5;6;3.75;River Plate;Sud América;1.29;1.25;0;0;0.5;0.75;50;50;50;0;0;50;50;50;0;0;0;854;15;Y;Y;Y;N;N;N;N
240919;4355;4362;2016;complete;1514;5;-1;;;0;0;0;2;12;14;-1;-1;3;3;0;0;9;7;7;5;16;12;-1;-1;-1;-1;3;3;0;0;0;0;0;0;0;0;0;0;0;0;0;0;0;0;0;0;0;0;0;0;0;0;0;0;0;0;0;0;0;0;0;0;0;0;0;0;0;0;0;0;0;0;0;0;0;0;0;0;0;0;0;0;0;0;0;0;0;0;0;0;0;0;0;0;0;0;0;0;0;0;0;0;0;2016-09-25 18:30:00;-1;0;25;0;25;0;-1;1;-1;-1;-1;-1;-1;-1;2;0;1;3;2;4;-1;0;0;0;0;0;0;0;0;0;0;0;0;0;1;1;0;0;-1;-1;0;0;-1;-1;-1;-1;-1;-1;-1;-1;-1;0;0;25;75;75;0;50;75;25;5;1.5;10.5;1.75;Rampla Juniors;Fénix;1.5;0.86;2;0;2;0.75;100;100;75;25;25;0;0;0;0;0;0;854;15;N;N;N;N;N;N;N
240920;4356;4351;2016;complete;1514;5;-1;9,49,65;;3;0;3;3;4;7;3;0;3;3;0;1;12;4;11;4;23;8;20;11;58;42;3;4;0;0;0;0;0;0;0;0;0;0;0;0;0;0;0;0;0;0;0;0;0;0;0;0;0;0;0;0;0;0;0;0;0;0;0;0;0;0;0;0;0;0;0;0;0;0;0;0;0;0;0;0;0;0;0;0;0;0;0;0;0;0;0;0;0;0;0;0;3;1;0;2;0;2;1;2016-09-25 18:30:00;4356;0;75;50;25;0;-1;1;-1;-1;-1;-1;-1;-1;1;3;2;1;4;3;-1;0;0;0;0;0;0;0;0;0;0;0;0;0;1;1;1;0;-1;-1;0;0;-1;-1;-1;-1;-1;-1;-1;-1;-1;50;50;75;75;100;50;75;100;50;9;1;7;3.75;Danubio;Plaza Colonia;2.38;0.71;3;1.5;2.25;1.25;50;50;25;25;0;50;25;25;0;0;0;854;15;Y;Y;Y;N;N;N;N
240921;4365;4358;2016;complete;1514;5;-1;16;;1;0;1;4;9;13;0;2;3;4;0;0;4;6;1;15;5;21;18;14;43;57;3;4;0;0;0;0;0;0;0;0;0;0;0;0;0;0;0;0;0;0;0;0;0;0;0;0;0;0;0;0;0;0;0;0;0;0;0;0;0;0;0;0;0;0;0;0;0;0;0;0;0;0;0;0;0;0;0;0;0;0;0;0;0;0;0;0;0;0;0;0;1;1;0;0;0;0;1;2016-09-25 22:00:00;4365;0;0;0;0;0;-1;1;-1;-1;-1;-1;-1;-1;2;1;1;3;3;4;-1;0;0;0;0;0;0;0;0;0;0;0;0;0;1;1;0;0;-1;-1;1;0;-1;-1;-1;-1;-1;-1;-1;-1;-1;0;0;0;25;25;0;0;25;25;6;2;7.5;0.5;Juventud;Peñarol;1.71;1;2;1;2;1.25;100;100;100;75;75;50;50;50;0;0;0;854;15;Y;N;N;N;N;N;N
240922;4353;4355;2016;complete;1514;6;-1;51,61,90;;3;0;3;6;10;16;-1;-1;2;4;0;0;4;0;0;0;4;0;-1;-1;-1;-1;2;4;0;0;0;0;0;0;0;0;0;0;0;0;0;0;0;0;0;0;0;0;0;0;0;0;0;0;0;0;0;0;0;0;0;0;0;0;0;0;0;0;0;0;0;0;0;0;0;0;0;0;0;0;0;0;0;0;0;0;0;0;0;0;0;0;0;0;0;0;3;0;0;3;0;3;0;2016-10-01 19:00:00;4353;0;50;0;50;0;-1;1;-1;-1;-1;-1;-1;-1;1;2;1;2;3;3;-1;0;0;0;0;0;0;0;0;0;0;0;0;0;1;1;0;0;-1;-1;0;0;-1;-1;-1;-1;-1;-1;-1;-1;-1;0;0;25;75;100;0;25;100;50;7;0;5.5;2;Sud América;Rampla Juniors;1;0.71;1.5;2;1.2;1.8;100;100;75;25;0;75;25;25;0;0;0;854;15;Y;Y;Y;N;N;N;N
240923;4354;4356;2016;complete;1514;6;-1;28,40,55,90;31,90;4;2;6;4;4;8;0;0;2;2;0;0;7;7;1;14;8;21;19;19;38;62;2;2;0;0;0;0;0;0;0;0;0;0;0;0;0;0;0;0;0;0;0;0;0;0;0;0;0;0;0;0;0;0;0;0;0;0;0;0;0;0;0;0;0;0;0;0;0;0;0;0;0;0;0;0;0;0;0;0;0;0;0;0;0;0;0;0;0;0;0;0;6;2;1;2;1;3;3;2016-10-01 19:00:00;4354;0;50;0;50;0;-1;1;-1;-1;-1;-1;-1;-1;0;0;2;2;0;4;-1;0;0;0;0;0;0;0;1;1;1;1;0;0;1;1;0;0;-1;-1;0;0;-1;-1;-1;-1;-1;-1;-1;-1;-1;0;0;25;75;100;0;50;75;50;7.5;0;6.5;2;Racing;Danubio;1.86;1.43;0.5;1.5;0.6;2.4;100;100;75;25;0;25;0;0;0;0;0;854;15;Y;Y;Y;Y;Y;Y;Y
240924;4351;4358;2016;complete;1514;6;-1;;;0;0;0;-1;-1;-1;-1;-1;3;2;0;0;-1;-1;-1;-1;-1;-1;-1;-1;-1;-1;3;2;0;0;0;0;0;0;0;0;0;0;0;0;0;0;0;0;0;0;0;0;0;0;0;0;0;0;0;0;0;0;0;0;0;0;0;0;0;0;0;0;0;0;0;0;0;0;0;0;0;0;0;0;0;0;0;0;0;0;0;0;0;0;0;0;0;0;0;0;0;0;0;0;0;0;0;2016-10-01 19:00:00;-1;0;50;0;50;0;-1;1;-1;-1;-1;-1;-1;-1;1;0;2;2;1;4;-1;0;0;0;0;0;0;0;0;0;0;0;0;0;1;1;0;0;-1;-1;0;0;-1;-1;-1;-1;-1;-1;-1;-1;-1;0;0;0;50;75;0;25;50;50;12;0.5;8;1.25;Plaza Colonia;Peñarol;0.88;1;1;0.5;1;1;100;100;100;50;25;100;100;50;0;0;0;854;15;N;N;N;N;N;N;N
240925;4364;4362;2016;complete;1514;6;-1;6;73,85;1;2;3;3;8;11;4;2;2;2;0;0;4;6;5;8;9;14;21;10;52;48;2;2;0;0;0;0;0;0;0;0;0;0;0;0;0;0;0;0;0;0;0;0;0;0;0;0;0;0;0;0;0;0;0;0;0;0;0;0;0;0;0;0;0;0;0;0;0;0;0;0;0;0;0;0;0;0;0;0;0;0;0;0;0;0;0;0;0;0;0;0;3;1;0;0;2;2;1;2016-10-01 19:00:00;4362;0;17;17;0;0;-1;1;-1;-1;-1;-1;-1;-1;0;1;2;1;1;3;-1;0;0;0;0;0;0;0;0;0;0;0;0;0;1;1;1;0;-1;-1;0;1;-1;-1;-1;-1;-1;-1;-1;-1;-1;34;34;50;75;75;34;75;75;50;11.67;2.17;7.83;2.84;River Plate;Fénix;1.29;0.86;0;0.5;0.4;0.8;67;67;50;25;25;59;42;42;0;0;0;854;15;Y;Y;Y;N;N;N;Y
240926;4360;4357;2016;complete;1514;6;-1;10,46;;2;0;2;3;2;5;-1;-1;3;3;0;0;4;2;4;4;8;6;-1;-1;-1;-1;3;3;0;0;0;0;0;0;0;0;0;0;0;0;0;0;0;0;0;0;0;0;0;0;0;0;0;0;0;0;0;0;0;0;0;0;0;0;0;0;0;0;0;0;0;0;0;0;0;0;0;0;0;0;0;0;0;0;0;0;0;0;0;0;0;0;0;0;0;0;2;1;0;1;0;1;1;2016-10-02 19:00:00;4360;0;50;25;0;0;-1;1;-1;-1;-1;-1;-1;-1;2;2;1;1;4;2;-1;0;0;0;0;0;0;0;1;0;1;0;0;0;1;1;1;0;-1;-1;0;1;-1;-1;-1;-1;-1;-1;-1;-1;-1;0;25;25;50;67;25;67;50;25;8;2;6;1.67;Cerro;Liverpool FC Montevideo;0.75;1.13;0.5;1.67;1.6;2.2;100;75;75;50;34;75;25;25;0;0;0;854;15;Y;Y;N;N;N;N;N
240927;4365;4363;2016;complete;1514;6;-1;;4;0;1;1;6;3;9;0;3;4;3;1;0;2;5;1;8;3;13;27;12;45;55;6;3;0;0;0;0;0;0;0;0;0;0;0;0;0;0;0;0;0;0;0;0;0;0;0;0;0;0;0;0;0;0;0;0;0;0;0;0;0;0;0;0;0;0;0;0;0;0;0;0;0;0;0;0;0;0;0;0;0;0;0;0;0;0;0;0;0;0;0;0;1;0;1;0;0;0;1;2016-10-02 19:00:00;4363;0;50;50;0;0;-1;1;-1;-1;-1;-1;-1;-1;2;1;3;2;3;5;-1;0;0;0;0;0;0;0;0;0;0;0;0;0;1;1;0;1;-1;-1;1;0;-1;-1;-1;-1;-1;-1;-1;-1;-1;50;50;50;67;84;50;67;67;67;11.33;6.33;8.33;3.5;Juventud;Boston River;1.71;1.75;2.33;3;2.2;1.4;50;50;50;34;17;67;67;67;0;0;0;854;15;Y;N;N;N;N;N;N
240928;4361;4350;2016;complete;1514;6;-1;90;72;1;1;2;4;6;10;1;3;4;2;0;0;10;6;8;4;18;10;26;22;44;56;4;2;0;0;0;0;0;0;0;0;0;0;0;0;0;0;0;0;0;0;0;0;0;0;0;0;0;0;0;0;0;0;0;0;0;0;0;0;0;0;0;0;0;0;0;0;0;0;0;0;0;0;0;0;0;0;0;0;0;0;0;0;0;0;0;0;0;0;0;0;2;0;0;1;1;2;0;2016-10-02 21:00:00;-1;0;34;17;17;0;-1;1;-1;-1;-1;-1;-1;-1;1;0;3;2;1;5;-1;0;0;0;0;0;0;0;0;0;0;0;0;0;1;1;0;0;-1;-1;0;0;-1;-1;-1;-1;-1;-1;-1;-1;-1;0;17;17;50;100;17;50;84;34;12.33;1;6.34;1.83;Defensor Sporting;Wanderers;1.38;1.71;1;2.33;1.4;1.6;100;84;84;50;0;84;50;33;0;0;0;854;15;Y;Y;N;N;N;N;Y
240929;4366;4359;2016;complete;1514;6;-1;;90;0;1;1;4;10;14;-1;-1;1;2;1;0;2;2;2;2;4;4;-1;-1;-1;-1;2;2;0;0;0;0;0;0;0;0;0;0;0;0;0;0;0;0;0;0;0;0;0;0;0;0;0;0;0;0;0;0;0;0;0;0;0;0;0;0;0;0;0;0;0;0;0;0;0;0;0;0;0;0;0;0;0;0;0;0;0;0;0;0;0;0;0;0;0;0;1;0;0;0;1;1;0;2016-10-02 22:00:00;4359;0;88;38;38;0;-1;1;-1;-1;-1;-1;-1;-1;1;0;1;2;1;3;-1;0;0;0;0;0;0;0;0;0;0;0;0;0;1;1;0;0;-1;-1;0;0;-1;-1;-1;-1;-1;-1;-1;-1;-1;25;38;88;88;100;38;63;100;50;11.25;1;5.75;3.63;Villa Española;Nacional;0.75;1.63;0;1.5;0;1.8;75;63;13;13;0;88;38;38;0;0;0;854;15;Y;N;N;N;N;N;N
240930;4353;4363;2016;complete;1514;7;-1;;18;0;1;1;9;8;17;-1;-1;3;1;1;0;0;2;0;0;0;2;-1;-1;-1;-1;4;1;0;0;0;0;0;0;0;0;0;0;0;0;0;0;0;0;0;0;0;0;0;0;0;0;0;0;0;0;0;0;0;0;0;0;0;0;0;0;0;0;0;0;0;0;0;0;0;0;0;0;0;0;0;0;0;0;0;0;0;0;0;0;0;0;0;0;0;0;1;0;1;0;0;0;1;2016-10-08 19:00:00;4363;0;25;25;0;0;-1;1;-1;-1;-1;-1;-1;-1;2;1;2;0;3;2;-1;0;0;0;0;0;0;0;0;1;0;1;0;0;1;1;0;0;-1;-1;0;0;-1;-1;-1;-1;-1;-1;-1;-1;-1;25;25;42;59;100;25;67;75;42;10.83;3;6.67;2.75;Sud América;Boston River;1;1.75;2;3;1.5;1.67;75;75;59;42;0;84;59;59;0;0;0;854;15;Y;N;N;N;N;N;N
240931;4350;4365;2016;complete;1514;7;-1;19;;1;0;1;4;5;9;5;3;3;3;0;1;8;3;8;3;16;6;13;23;53;47;3;4;0;0;0;0;0;0;0;0;0;0;0;0;0;0;0;0;0;0;0;0;0;0;0;0;0;0;0;0;0;0;0;0;0;0;0;0;0;0;0;0;0;0;0;0;0;0;0;0;0;0;0;0;0;0;0;0;0;0;0;0;0;0;0;0;0;0;0;0;1;1;0;0;0;0;1;2016-10-08 19:00:00;4350;0;75;25;25;0;-1;1;-1;-1;-1;-1;-1;-1;2;2;1;2;4;3;-1;0;0;0;0;0;0;0;0;0;0;0;0;0;1;1;0;0;-1;-1;0;0;-1;-1;-1;-1;-1;-1;-1;-1;-1;0;25;25;75;100;25;75;75;25;13;2.5;8;2.25;Wanderers;Juventud;2.13;0.63;0.5;2;1.5;1.83;100;75;75;25;0;100;100;75;0;0;0;854;15;Y;N;N;N;N;N;N
240932;4357;4364;2016;complete;1514;7;-1;12,86;22,50;2;2;4;3;6;9;2;0;2;3;0;1;10;5;15;10;25;15;14;17;54;46;2;5;0;0;0;0;0;0;0;0;0;0;0;0;0;0;0;0;0;0;0;0;0;0;0;0;0;0;0;0;0;0;0;0;0;0;0;0;0;0;0;0;0;0;0;0;0;0;0;0;0;0;0;0;0;0;0;0;0;0;0;0;0;0;0;0;0;0;0;0;4;1;1;1;1;2;2;2016-10-08 19:00:00;-1;0;50;0;50;0;-1;1;-1;-1;-1;-1;-1;-1;0;2;2;2;2;4;-1;0;0;0;0;0;0;0;0;0;0;0;0;0;1;1;0;0;-1;-1;0;0;-1;-1;-1;-1;-1;-1;-1;-1;-1;0;0;25;50;75;0;50;50;50;6;2;4.5;1.5;Liverpool FC Montevideo;River Plate;2.14;1.13;3;1;1.83;0.33;100;100;75;50;25;50;50;50;0;0;0;854;15;Y;Y;Y;Y;N;N;Y
240933;4359;4355;2016;complete;1514;7;-1;12,36;;2;0;2;7;2;9;0;0;3;2;0;0;4;2;8;7;12;9;20;18;53;47;3;2;0;0;0;0;0;0;0;0;0;0;0;0;0;0;0;0;0;0;0;0;0;0;0;0;0;0;0;0;0;0;0;0;0;0;0;0;0;0;0;0;0;0;0;0;0;0;0;0;0;0;0;0;0;0;0;0;0;0;0;0;0;0;0;0;0;0;0;0;2;2;0;0;0;0;2;2016-10-08 22:15:00;4359;0;84;50;84;0;-1;1;-1;-1;-1;-1;-1;-1;1;2;2;0;3;2;-1;0;0;0;0;0;0;0;0;0;0;0;0;0;1;1;0;0;-1;-1;0;0;-1;-1;-1;-1;-1;-1;-1;-1;-1;50;50;84;100;100;50;50;100;100;10;3;4;3.84;Nacional;Rampla Juniors;3;0.71;3;1.33;2;1.5;50;50;17;0;0;50;25;25;0;0;0;854;15;Y;Y;N;N;N;N;N
240934;4362;4361;2016;complete;1514;7;-1;55,80,90;24;3;1;4;6;2;8;0;1;2;4;0;1;6;5;4;4;10;9;23;27;50;50;2;5;0;0;0;0;0;0;0;0;0;0;0;0;0;0;0;0;0;0;0;0;0;0;0;0;0;0;0;0;0;0;0;0;0;0;0;0;0;0;0;0;0;0;0;0;0;0;0;0;0;0;0;0;0;0;0;0;0;0;0;0;0;0;0;0;0;0;0;0;4;0;1;3;0;3;1;2016-10-09 19:00:00;4362;0;42;17;0;0;-1;1;-1;-1;-1;-1;-1;-1;0;1;2;4;1;6;-1;0;0;0;0;0;0;0;0;0;0;0;0;0;1;1;0;0;-1;-1;0;0;-1;-1;-1;-1;-1;-1;-1;-1;-1;25;42;42;67;100;42;67;84;25;6.83;1.33;7.17;2.75;Fénix;Defensor Sporting;1.63;2;1;2;1.17;1.33;75;59;59;34;0;34;34;34;0;0;0;854;15;Y;Y;Y;Y;N;N;Y
240935;4351;4360;2016;complete;1514;7;-1;9,44;19,39,75;2;3;5;2;3;5;-1;-1;4;3;0;0;3;4;0;0;3;4;-1;-1;-1;-1;4;3;0;0;0;0;0;0;0;0;0;0;0;0;0;0;0;0;0;0;0;0;0;0;0;0;0;0;0;0;0;0;0;0;0;0;0;0;0;0;0;0;0;0;0;0;0;0;0;0;0;0;0;0;0;0;0;0;0;0;0;0;0;0;0;0;0;0;0;0;5;2;2;0;1;1;4;2016-10-09 19:00:00;4360;0;50;0;50;0;-1;1;-1;-1;-1;-1;-1;-1;3;0;1;3;3;4;-1;0;0;0;0;0;0;0;0;2;0;2;0;0;1;1;1;0;-1;-1;1;0;-1;-1;-1;-1;-1;-1;-1;-1;-1;0;0;0;50;84;0;0;84;50;8;1.66;7.34;1.33;Plaza Colonia;Cerro;0.88;2.29;1;2.33;1;1.83;100;100;100;50;17;67;50;0;0;0;0;854;15;Y;Y;Y;Y;Y;N;Y
240936;4356;4358;2016;complete;1514;7;-1;15,21,90;12,16;3;2;5;2;8;10;2;2;4;4;0;1;6;8;4;6;10;14;22;24;46;54;4;5;0;0;0;0;0;0;0;0;0;0;0;0;0;0;0;0;0;0;0;0;0;0;0;0;0;0;0;0;0;0;0;0;0;0;0;0;0;0;0;0;0;0;0;0;0;0;0;0;0;0;0;0;0;0;0;0;0;0;0;0;0;0;0;0;0;0;0;0;5;2;2;1;0;1;4;2016-10-09 19:00:00;4356;0;17;0;0;0;-1;1;-1;-1;-1;-1;-1;-1;3;2;1;3;5;4;-1;0;0;0;0;0;0;0;0;1;0;1;0;0;1;1;0;0;-1;-1;1;0;-1;-1;-1;-1;-1;-1;-1;-1;-1;0;0;34;34;67;0;50;50;34;11;1.66;6.33;1.33;Danubio;Peñarol;2.38;1;3;0.67;2;1;100;100;67;67;34;67;67;67;0;0;0;854;15;Y;Y;Y;Y;Y;N;Y
240937;4366;4354;2016;complete;1514;7;-1;71;66;1;1;2;5;10;15;-1;-1;5;2;0;0;4;4;8;4;12;8;-1;-1;-1;-1;5;2;0;0;0;0;0;0;0;0;0;0;0;0;0;0;0;0;0;0;0;0;0;0;0;0;0;0;0;0;0;0;0;0;0;0;0;0;0;0;0;0;0;0;0;0;0;0;0;0;0;0;0;0;0;0;0;0;0;0;0;0;0;0;0;0;0;0;0;0;2;0;0;1;1;2;0;2016-10-09 19:00:00;-1;0;84;50;33;0;-1;1;-1;-1;-1;-1;-1;-1;2;1;3;1;3;4;-1;0;0;0;0;0;0;0;0;0;0;0;0;0;1;1;0;0;-1;-1;0;0;-1;-1;-1;-1;-1;-1;-1;-1;-1;17;33;50;84;100;50;50;67;33;11.33;0.33;3.33;3;Villa Española;Racing;0.75;0.88;0;0.67;0;1;84;67;50;17;0;100;67;42;0;0;0;854;15;Y;Y;N;N;N;N;Y
240938;4354;4355;2016;complete;1514;8;-1;74,85;13;2;1;3;3;10;13;-1;-1;3;2;0;0;3;2;0;0;3;2;-1;-1;-1;-1;3;2;0;0;0;0;0;0;0;0;0;0;0;0;0;0;0;0;0;0;0;0;0;0;0;0;0;0;0;0;0;0;0;0;0;0;0;0;0;0;0;0;0;0;0;0;0;0;0;0;0;0;0;0;0;0;0;0;0;0;0;0;0;0;0;0;0;0;0;0;3;0;1;2;0;2;1;2016-10-15 19:00:00;4354;0;59;17;59;0;-1;1;-1;-1;-1;-1;-1;-1;2;1;1;1;3;2;-1;0;0;0;0;0;0;0;1;0;1;0;0;0;1;1;0;0;-1;-1;1;0;-1;-1;-1;-1;-1;-1;-1;-1;-1;17;17;42;84;100;29;46;71;71;9.34;0.33;4.42;2.75;Racing;Rampla Juniors;1.86;0.71;1.33;1;1;1.29;84;84;59;17;0;67;17;17;0;0;0;854;15;Y;Y;Y;N;N;N;Y
240939;4350;4363;2016;complete;1514;8;-1;33;;1;0;1;6;7;13;1;1;2;2;0;1;8;9;13;10;21;19;10;18;46;54;2;3;0;0;0;0;0;0;0;0;0;0;0;0;0;0;0;0;0;0;0;0;0;0;0;0;0;0;0;0;0;0;0;0;0;0;0;0;0;0;0;0;0;0;0;0;0;0;0;0;0;0;0;0;0;0;0;0;0;0;0;0;0;0;0;0;0;0;0;0;1;1;0;0;0;0;1;2016-10-15 19:00:00;4350;0;50;33;17;0;-1;1;-1;-1;-1;-1;-1;-1;2;1;0;2;3;2;-1;0;0;0;0;0;0;0;0;0;0;0;0;0;1;1;0;0;-1;-1;0;0;-1;-1;-1;-1;-1;-1;-1;-1;-1;17;33;33;50;100;33;84;50;33;13;4.33;6;2.5;Wanderers;Boston River;2.13;1.75;1.33;3;1.71;1.86;84;67;67;50;0;100;67;67;0;0;0;854;15;Y;N;N;N;N;N;N
240940;4358;4366;2016;complete;1514;8;-1;8,76;88;2;1;3;4;5;9;1;2;2;3;0;0;10;4;6;5;16;9;18;17;53;47;2;3;0;0;0;0;0;0;0;0;0;0;0;0;0;0;0;0;0;0;0;0;0;0;0;0;0;0;0;0;0;0;0;0;0;0;0;0;0;0;0;0;0;0;0;0;0;0;0;0;0;0;0;0;0;0;0;0;0;0;0;0;0;0;0;0;0;0;0;0;3;1;0;1;1;2;1;2016-10-15 22:15:00;4358;0;0;0;0;0;-1;1;-1;-1;-1;-1;-1;-1;0;1;2;2;1;4;-1;0;0;0;0;0;0;0;0;0;0;0;0;0;1;1;1;0;-1;-1;0;0;-1;-1;-1;-1;-1;-1;-1;-1;-1;0;0;0;17;84;0;33;67;0;11.33;1.67;6.33;1;Peñarol;Villa Española;1;0.14;1.33;0;0.86;0.14;100;100;100;84;17;50;50;50;0;0;0;854;15;Y;Y;Y;N;N;N;Y
240941;4360;4356;2016;complete;1514;8;-1;;80;0;1;1;12;2;14;0;0;5;2;0;0;8;4;16;10;24;14;17;23;46;54;5;2;0;0;0;0;0;0;0;0;0;0;0;0;0;0;0;0;0;0;0;0;0;0;0;0;0;0;0;0;0;0;0;0;0;0;0;0;0;0;0;0;0;0;0;0;0;0;0;0;0;0;0;0;0;0;0;0;0;0;0;0;0;0;0;0;0;0;0;0;1;0;0;0;1;1;0;2016-10-16 19:00:00;4356;0;67;33;34;0;-1;1;-1;-1;-1;-1;-1;-1;0;1;5;1;1;6;-1;0;0;0;0;0;0;0;0;0;0;0;0;0;1;1;0;0;-1;-1;0;0;-1;-1;-1;-1;-1;-1;-1;-1;-1;17;33;50;100;100;33;84;100;50;9;0;7;3.17;Cerro;Danubio;0.75;1.43;1.33;1;2;2.14;84;67;50;0;0;34;17;17;0;0;0;854;15;Y;N;N;N;N;N;N
240942;4364;4351;2016;complete;1514;8;-1;13,88;22;2;1;3;13;2;15;-1;-1;1;4;0;2;3;2;0;0;3;2;-1;-1;-1;-1;1;7;0;0;0;0;0;0;0;0;0;0;0;0;0;0;0;0;0;0;0;0;0;0;0;0;0;0;0;0;0;0;0;0;0;0;0;0;0;0;0;0;0;0;0;0;0;0;0;0;0;0;0;0;0;0;0;0;0;0;0;0;0;0;0;0;0;0;0;0;3;1;1;1;0;1;2;2016-10-16 19:00:00;4364;0;59;46;17;0;-1;1;-1;-1;-1;-1;-1;-1;1;1;0;5;2;5;-1;0;0;0;0;0;0;0;0;0;0;0;0;0;1;1;0;0;-1;-1;0;0;-1;-1;-1;-1;-1;-1;-1;-1;-1;59;59;100;100;100;59;100;100;84;7.58;2.58;6.25;4.46;River Plate;Plaza Colonia;1.29;0.71;0;1;0.43;0.86;42;42;0;0;0;54;25;25;0;0;0;854;15;Y;Y;Y;N;N;N;Y
240943;4361;4357;2016;complete;1514;8;-1;5;18,22,90;1;3;4;8;2;10;-1;-1;4;4;1;0;2;4;0;0;2;4;-1;-1;-1;-1;5;4;0;0;0;0;0;0;0;0;0;0;0;0;0;0;0;0;0;0;0;0;0;0;0;0;0;0;0;0;0;0;0;0;0;0;0;0;0;0;0;0;0;0;0;0;0;0;0;0;0;0;0;0;0;0;0;0;0;0;0;0;0;0;0;0;0;0;0;0;4;1;2;0;1;1;3;2016-10-16 19:00:00;4357;0;13;0;13;0;-1;1;-1;-1;-1;-1;-1;-1;2;1;3;3;3;6;-1;0;0;0;0;0;0;0;0;1;0;1;0;0;1;1;1;0;-1;-1;0;0;-1;-1;-1;-1;-1;-1;-1;-1;-1;0;0;0;38;75;0;50;50;13;8.25;1.5;6.75;1.13;Defensor Sporting;Liverpool FC Montevideo;1.38;1.13;1;1.25;1.14;1.71;100;100;100;63;25;67;38;13;0;0;0;854;15;Y;Y;Y;Y;N;N;Y
240944;4365;4362;2016;complete;1514;8;-1;;;0;0;0;-1;-1;-1;-1;-1;3;2;1;1;-1;-1;-1;-1;-1;-1;-1;-1;-1;-1;5;4;0;0;0;0;0;0;0;0;0;0;0;0;0;0;0;0;0;0;0;0;0;0;0;0;0;0;0;0;0;0;0;0;0;0;0;0;0;0;0;0;0;0;0;0;0;0;0;0;0;0;0;0;0;0;0;0;0;0;0;0;0;0;0;0;0;0;0;0;0;0;0;0;0;0;0;2016-10-16 19:00:00;-1;0;17;0;0;0;-1;1;-1;-1;-1;-1;-1;-1;2;3;2;0;5;2;-1;0;0;0;0;0;0;0;0;0;0;0;0;0;1;1;0;0;-1;-1;0;0;-1;-1;-1;-1;-1;-1;-1;-1;-1;0;0;17;46;71;0;59;46;29;11.33;2;8.33;1.34;Juventud;Fénix;1.71;0.86;1.75;1.33;1.57;1.43;100;100;84;54;29;59;46;46;0;0;0;854;15;N;N;N;N;N;N;N
240945;4359;4353;2016;complete;1514;8;-1;77;;1;0;1;4;3;7;3;0;2;5;0;1;8;5;13;4;21;9;11;13;54;46;2;6;0;0;0;0;0;0;0;0;0;0;0;0;0;0;0;0;0;0;0;0;0;0;0;0;0;0;0;0;0;0;0;0;0;0;0;0;0;0;0;0;0;0;0;0;0;0;0;0;0;0;0;0;0;0;0;0;0;0;0;0;0;0;0;0;0;0;0;0;1;0;0;1;0;1;0;2016-10-16 22:15:00;4359;0;25;25;25;0;-1;1;-1;-1;-1;-1;-1;-1;0;2;2;4;2;6;-1;0;0;0;0;0;0;0;0;0;0;0;0;0;1;1;0;0;-1;-1;0;0;-1;-1;-1;-1;-1;-1;-1;-1;-1;25;25;42;100;100;50;84;75;59;10.17;2.5;5.33;2.92;Nacional;Sud América;3;1.25;3;1;2.14;1.29;75;75;59;0;0;59;17;17;0;0;0;854;15;Y;N;N;N;N;N;N
240946;4362;4363;2016;complete;1514;9;-1;47;84;1;1;2;5;5;10;2;0;4;5;0;0;4;8;12;11;16;19;15;12;37;63;4;5;0;0;0;0;0;0;0;0;0;0;0;0;0;0;0;0;0;0;0;0;0;0;0;0;0;0;0;0;0;0;0;0;0;0;0;0;0;0;0;0;0;0;0;0;0;0;0;0;0;0;0;0;0;0;0;0;0;0;0;0;0;0;0;0;0;0;0;0;2;0;0;1;1;2;0;2016-10-22 19:00:00;-1;0;38;25;0;0;-1;1;-1;-1;-1;-1;-1;-1;1;2;3;3;3;6;-1;0;0;0;0;0;0;0;0;0;0;0;0;0;1;1;0;0;-1;-1;0;0;-1;-1;-1;-1;-1;-1;-1;-1;-1;13;38;38;38;100;25;75;50;25;10.5;3;6.25;2.38;Fénix;Boston River;1.63;1.75;1.5;2.25;1.38;1.63;88;63;63;63;0;75;63;63;0;0;0;854;15;Y;Y;N;N;N;N;Y
240947;4357;4365;2016;complete;1514;9;-1;69;;1;0;1;2;3;5;3;0;1;5;0;0;2;0;0;0;2;0;11;14;53;47;1;5;0;0;0;0;0;0;0;0;0;0;0;0;0;0;0;0;0;0;0;0;0;0;0;0;0;0;0;0;0;0;0;0;0;0;0;0;0;0;0;0;0;0;0;0;0;0;0;0;0;0;0;0;0;0;0;0;0;0;0;0;0;0;0;0;0;0;0;0;1;0;0;1;0;1;0;2016-10-22 19:00:00;4357;0;50;17;34;0;-1;1;-1;-1;-1;-1;-1;-1;1;1;0;4;2;4;-1;0;0;0;0;0;0;0;0;0;0;0;0;0;1;1;0;0;-1;-1;0;0;-1;-1;-1;-1;-1;-1;-1;-1;-1;0;17;34;50;100;17;100;50;34;8.33;2.66;7;2;Liverpool FC Montevideo;Juventud;2.14;0.63;2.33;1.33;1.88;1.5;100;84;67;50;0;84;50;33;0;0;0;854;15;Y;N;N;N;N;N;N
240948;4366;4360;2016;complete;1514;9;-1;26,90;;2;0;2;1;7;8;-1;-1;4;3;0;0;3;0;0;0;3;0;-1;-1;-1;-1;4;3;0;0;0;0;0;0;0;0;0;0;0;0;0;0;0;0;0;0;0;0;0;0;0;0;0;0;0;0;0;0;0;0;0;0;0;0;0;0;0;0;0;0;0;0;0;0;0;0;0;0;0;0;0;0;0;0;0;0;0;0;0;0;0;0;0;0;0;0;2;1;0;1;0;1;1;2016-10-22 19:00:00;4366;0;63;25;38;0;-1;1;-1;-1;-1;-1;-1;-1;0;0;4;3;0;7;-1;0;0;0;0;0;0;0;0;0;0;0;0;0;1;1;0;0;-1;-1;0;0;-1;-1;-1;-1;-1;-1;-1;-1;-1;25;25;38;63;100;25;25;100;38;7.5;1.25;6.5;2.63;Villa Española;Cerro;0.75;2.29;0.25;2.5;0.13;1.75;75;75;63;38;0;63;25;25;0;0;0;854;15;Y;Y;N;N;N;N;N
240949;4359;4354;2016;complete;1514;9;-1;11,64,87;57;3;1;4;3;2;5;4;0;2;4;0;0;7;6;7;2;14;8;10;11;50;50;2;4;0;0;0;0;0;0;0;0;0;0;0;0;0;0;0;0;0;0;0;0;0;0;0;0;0;0;0;0;0;0;0;0;0;0;0;0;0;0;0;0;0;0;0;0;0;0;0;0;0;0;0;0;0;0;0;0;0;0;0;0;0;0;0;0;0;0;0;0;4;1;0;2;1;3;1;2016-10-22 22:15:00;4359;0;67;42;42;0;-1;1;-1;-1;-1;-1;-1;-1;0;3;2;1;3;3;-1;0;0;0;0;0;0;0;0;1;0;1;0;0;1;1;0;0;-1;-1;0;1;-1;-1;-1;-1;-1;-1;-1;-1;-1;17;29;29;84;100;59;59;59;42;12.33;2;3.25;2.59;Nacional;Racing;3;0.88;3;0.75;2.25;1.25;84;71;71;17;0;67;50;34;0;0;0;854;15;Y;Y;Y;Y;N;N;Y
240950;4350;4353;2016;complete;1514;9;-1;1,90;48;2;1;3;2;5;7;7;3;2;2;0;0;4;5;1;4;5;9;22;22;52;48;2;2;0;0;0;0;0;0;0;0;0;0;0;0;0;0;0;0;0;0;0;0;0;0;0;0;0;0;0;0;0;0;0;0;0;0;0;0;0;0;0;0;0;0;0;0;0;0;0;0;0;0;0;0;0;0;0;0;0;0;0;0;0;0;0;0;0;0;0;0;3;1;0;1;1;2;1;2016-10-23 19:00:00;4350;0;25;13;13;0;-1;1;-1;-1;-1;-1;-1;-1;0;0;2;2;0;4;-1;0;0;0;0;0;0;0;0;0;0;0;0;0;1;1;1;0;-1;-1;0;0;-1;-1;-1;-1;-1;-1;-1;-1;-1;0;13;25;63;100;13;63;75;38;10.75;2.5;6.75;2;Wanderers;Sud América;2.13;1.25;1.75;0.75;1.88;1.13;100;88;75;38;0;75;50;50;0;0;0;854;15;Y;Y;Y;N;N;N;Y
240951;4351;4361;2016;complete;1514;9;-1;;33;0;1;1;2;5;7;-1;-1;1;5;0;0;0;0;0;0;0;0;-1;-1;-1;-1;1;5;0;0;0;0;0;0;0;0;0;0;0;0;0;0;0;0;0;0;0;0;0;0;0;0;0;0;0;0;0;0;0;0;0;0;0;0;0;0;0;0;0;0;0;0;0;0;0;0;0;0;0;0;0;0;0;0;0;0;0;0;0;0;0;0;0;0;0;0;1;0;1;0;0;0;1;2016-10-23 19:00:00;4361;0;71;13;25;0;-1;1;-1;-1;-1;-1;-1;-1;0;2;1;3;2;4;-1;0;0;0;0;0;0;0;0;1;0;1;0;0;1;1;0;0;-1;-1;0;0;-1;-1;-1;-1;-1;-1;-1;-1;-1;29;46;46;88;88;29;63;88;59;7;0;7.75;2.96;Plaza Colonia;Defensor Sporting;0.88;2;0.75;1.33;0.75;1;71;54;54;13;13;25;25;0;0;0;0;854;15;Y;N;N;N;N;N;N
240952;4356;4364;2016;complete;1514;9;-1;51,59;19;2;1;3;5;2;7;0;0;4;5;0;0;8;7;10;5;18;12;27;25;57;43;4;5;0;0;0;0;0;0;0;0;0;0;0;0;0;0;0;0;0;0;0;0;0;0;0;0;0;0;0;0;0;0;0;0;0;0;0;0;0;0;0;0;0;0;0;0;0;0;0;0;0;0;0;0;0;0;0;0;0;0;0;0;0;0;0;0;0;0;0;0;3;0;1;2;0;2;1;2016-10-23 19:00:00;4356;0;59;29;34;0;-1;1;-1;-1;-1;-1;-1;-1;3;0;1;5;3;6;-1;0;0;0;0;0;0;0;0;0;0;0;0;0;1;1;0;0;-1;-1;0;0;-1;-1;-1;-1;-1;-1;-1;-1;-1;13;29;54;71;84;29;54;84;59;7.92;3.17;6.25;2.5;Danubio;River Plate;2.38;1.13;3;1;2.25;0.75;88;71;46;29;17;59;42;29;0;0;0;854;15;Y;Y;Y;N;N;N;Y
240953;4355;4358;2016;complete;1514;9;-1;38;;1;0;1;1;8;9;0;2;1;2;0;0;5;0;3;5;8;5;10;7;44;56;1;2;0;0;0;0;0;0;0;0;0;0;0;0;0;0;0;0;0;0;0;0;0;0;0;0;0;0;0;0;0;0;0;0;0;0;0;0;0;0;0;0;0;0;0;0;0;0;0;0;0;0;0;0;0;0;0;0;0;0;0;0;0;0;0;0;0;0;0;0;1;1;0;0;0;0;1;2016-10-23 22:15:00;4355;0;29;13;17;0;-1;1;-1;-1;-1;-1;-1;-1;1;2;0;0;3;0;-1;0;0;0;0;0;0;0;0;0;0;0;0;0;1;1;0;0;-1;-1;0;0;-1;-1;-1;-1;-1;-1;-1;-1;-1;13;13;29;29;42;13;25;29;17;9.17;0.08;6.42;1.25;Rampla Juniors;Peñarol;1.5;1;1.67;0.5;1.13;1.13;88;88;71;71;59;75;75;59;0;0;0;854;15;Y;N;N;N;N;N;N
240954;4353;4358;2016;complete;1514;10;-1;16;45,65,75,86;1;4;5;4;3;7;-1;-1;0;3;0;0;4;6;4;6;8;12;-1;-1;-1;-1;0;3;0;0;0;0;0;0;0;0;0;0;0;0;0;0;0;0;0;0;0;0;0;0;0;0;0;0;0;0;0;0;0;0;0;0;0;0;0;0;0;0;0;0;0;0;0;0;0;0;0;0;0;0;0;0;0;0;0;0;0;0;0;0;0;0;0;0;0;0;5;1;1;0;3;3;2;2016-10-29 19:00:00;4358;0;10;10;0;0;-1;1;-1;-1;-1;-1;-1;-1;0;1;0;2;1;2;-1;0;0;0;0;0;0;0;0;0;0;0;0;0;1;1;0;0;-1;-1;0;0;-1;-1;-1;-1;-1;-1;-1;-1;-1;10;10;23;35;80;10;55;48;13;13.25;0;6.4;1.58;Sud América;Peñarol;1;1;1.5;0.4;1;1;90;90;78;65;20;88;75;63;0;0;0;854;15;Y;Y;Y;Y;Y;N;Y
240955;4355;4361;2016;complete;1514;10;-1;;90;0;1;1;2;5;7;-1;-1;2;2;0;0;0;3;2;2;2;5;-1;-1;-1;-1;2;2;0;0;0;0;0;0;0;0;0;0;0;0;0;0;0;0;0;0;0;0;0;0;0;0;0;0;0;0;0;0;0;0;0;0;0;0;0;0;0;0;0;0;0;0;0;0;0;0;0;0;0;0;0;0;0;0;0;0;0;0;0;0;0;0;0;0;0;0;1;0;0;0;1;1;0;2016-10-29 19:00:00;4361;0;38;0;13;0;-1;1;-1;-1;-1;-1;-1;-1;1;1;1;1;2;2;-1;0;0;0;0;0;0;0;0;0;0;0;0;0;1;1;0;0;-1;-1;0;0;-1;-1;-1;-1;-1;-1;-1;-1;-1;13;25;38;50;75;13;63;50;38;5.5;0;6.5;2;Rampla Juniors;Defensor Sporting;1.5;2;2;1.75;1.33;1.22;88;75;63;50;25;34;17;17;0;0;0;854;15;Y;N;N;N;N;N;N
240956;4363;4356;2016;complete;1514;10;-1;28;62,84;1;2;3;2;4;6;3;0;2;4;1;1;7;8;3;7;10;15;12;25;47;53;3;5;0;0;0;0;0;0;0;0;0;0;0;0;0;0;0;0;0;0;0;0;0;0;0;0;0;0;0;0;0;0;0;0;0;0;0;0;0;0;0;0;0;0;0;0;0;0;0;0;0;0;0;0;0;0;0;0;0;0;0;0;0;0;0;0;0;0;0;0;3;1;0;0;2;2;1;2016-10-29 19:00:00;4356;0;63;25;38;0;-1;1;-1;-1;-1;-1;-1;-1;0;3;3;2;3;5;-1;0;0;0;0;0;0;0;0;0;0;0;0;0;1;1;0;0;-1;-1;0;0;-1;-1;-1;-1;-1;-1;-1;-1;-1;13;13;25;75;88;25;50;75;38;8.42;0;6.25;2.25;Boston River;Danubio;1.14;1.43;1;1.5;1.56;2.33;88;88;75;25;13;29;29;29;0;0;0;854;15;Y;Y;Y;N;N;N;Y
240957;4362;4357;2016;complete;1514;10;-1;16;;1;0;1;2;5;7;4;1;4;3;0;1;4;3;3;11;7;14;17;17;40;60;4;4;0;0;0;0;0;0;0;0;0;0;0;0;0;0;0;0;0;0;0;0;0;0;0;0;0;0;0;0;0;0;0;0;0;0;0;0;0;0;0;0;0;0;0;0;0;0;0;0;0;0;0;0;0;0;0;0;0;0;0;0;0;0;0;0;0;0;0;0;1;1;0;0;0;0;1;2016-10-29 19:00:00;4362;0;40;20;10;0;-1;1;-1;-1;-1;-1;-1;-1;2;1;2;3;3;5;-1;0;0;0;0;0;0;0;0;0;0;0;0;0;1;1;0;0;-1;-1;0;0;-1;-1;-1;-1;-1;-1;-1;-1;-1;0;30;30;50;80;20;50;60;20;5.45;1.4;6.6;1.9;Fénix;Liverpool FC Montevideo;1.63;1.13;1.4;1.6;1.33;2;100;70;70;50;20;55;43;20;0;0;0;854;15;Y;N;N;N;N;N;N
240958;4360;4354;2016;complete;1514;10;-1;40,48;1,10,19;2;3;5;8;6;14;-1;-1;0;4;0;0;8;5;6;3;14;8;-1;-1;-1;-1;0;4;0;0;0;0;0;0;0;0;0;0;0;0;0;0;0;0;0;0;0;0;0;0;0;0;0;0;0;0;0;0;0;0;0;0;0;0;0;0;0;0;0;0;0;0;0;0;0;0;0;0;0;0;0;0;0;0;0;0;0;0;0;0;0;0;0;0;0;0;5;1;3;1;0;1;4;2016-10-30 19:00:00;4354;0;75;33;30;0;-1;1;-1;-1;-1;-1;-1;-1;0;1;0;3;1;3;-1;0;0;0;0;0;0;0;2;0;2;0;0;0;1;1;0;2;-1;-1;0;0;-1;-1;-1;-1;-1;-1;-1;-1;-1;0;33;33;88;100;33;68;80;43;13.5;0.25;5.3;2.53;Cerro;Racing;0.75;0.88;1;0.6;1.56;1.11;100;68;68;13;0;75;63;50;0;0;0;854;15;Y;Y;Y;Y;Y;N;Y
240959;4365;4366;2016;complete;1514;10;-1;3;67;1;1;2;6;4;10;1;5;5;4;1;0;4;3;3;1;7;4;18;12;50;50;7;4;0;0;0;0;0;0;0;0;0;0;0;0;0;0;0;0;0;0;0;0;0;0;0;0;0;0;0;0;0;0;0;0;0;0;0;0;0;0;0;0;0;0;0;0;0;0;0;0;0;0;0;0;0;0;0;0;0;0;0;0;0;0;0;0;0;0;0;0;2;1;0;0;1;1;1;2016-10-30 19:00:00;-1;0;13;0;13;0;-1;1;-1;-1;-1;-1;-1;-1;3;0;3;4;3;7;-1;0;0;0;0;0;0;0;0;0;0;0;0;0;1;1;1;0;-1;-1;0;0;-1;-1;-1;-1;-1;-1;-1;-1;-1;0;0;13;23;80;0;45;48;23;9.75;1.6;7.95;1.15;Juventud;Villa Española;1.71;0.14;1.6;0;1.33;0.44;100;100;88;78;20;63;38;38;0;0;0;854;15;Y;Y;N;N;N;N;Y
240960;4350;4351;2016;complete;1514;10;-1;;;0;0;0;8;7;15;3;2;1;2;0;0;6;5;2;10;8;15;15;15;55;45;1;2;0;0;0;0;0;0;0;0;0;0;0;0;0;0;0;0;0;0;0;0;0;0;0;0;0;0;0;0;0;0;0;0;0;0;0;0;0;0;0;0;0;0;0;0;0;0;0;0;0;0;0;0;0;0;0;0;0;0;0;0;0;0;0;0;0;0;0;0;0;0;0;0;0;0;0;2016-10-30 19:00:00;-1;0;68;48;33;0;-1;1;-1;-1;-1;-1;-1;-1;0;1;1;1;1;2;-1;0;0;0;0;0;0;0;0;0;0;0;0;0;1;1;0;0;-1;-1;0;0;-1;-1;-1;-1;-1;-1;-1;-1;-1;25;35;70;80;100;48;90;80;45;8.6;2.8;7.35;3.23;Wanderers;Plaza Colonia;2.13;0.71;2;0.75;2;0.67;75;65;30;20;0;65;43;43;0;0;0;854;15;N;N;N;N;N;N;N
240961;4359;4364;2016;complete;1514;10;-1;11,23,71;74;3;1;4;3;6;9;1;1;1;1;0;1;6;8;3;1;9;9;15;10;57;43;1;3;0;0;0;0;0;0;0;0;0;0;0;0;0;0;0;0;0;0;0;0;0;0;0;0;0;0;0;0;0;0;0;0;0;0;0;0;0;0;0;0;0;0;0;0;0;0;0;0;0;0;0;0;0;0;0;0;0;0;0;0;0;0;0;0;0;0;0;0;4;2;0;1;1;2;2;2016-10-30 22:15:00;4359;0;63;25;50;0;-1;1;-1;-1;-1;-1;-1;-1;0;2;1;0;2;1;-1;0;0;0;0;0;0;0;0;1;0;1;0;0;1;1;0;0;-1;-1;0;1;-1;-1;-1;-1;-1;-1;-1;-1;-1;13;38;50;75;88;38;63;75;63;7.75;3.75;5.5;2.63;Nacional;River Plate;3;1.13;3;0.75;2.33;0.67;88;63;50;25;13;38;13;13;0;0;0;854;15;Y;Y;Y;Y;N;N;Y
240962;4362;4353;2016;complete;1514;11;-1;38;30,68;1;2;3;10;8;18;-1;-1;2;4;0;0;2;3;0;0;2;3;-1;-1;-1;-1;2;4;0;0;0;0;0;0;0;0;0;0;0;0;0;0;0;0;0;0;0;0;0;0;0;0;0;0;0;0;0;0;0;0;0;0;0;0;0;0;0;0;0;0;0;0;0;0;0;0;0;0;0;0;0;0;0;0;0;0;0;0;0;0;0;0;0;0;0;0;3;1;1;0;1;1;2;2016-11-12 19:00:00;4353;0;35;9;19;0;-1;1;-1;-1;-1;-1;-1;-1;1;1;1;3;2;4;-1;0;0;0;0;0;0;0;0;0;0;0;0;0;1;1;0;0;-1;-1;0;0;-1;-1;-1;-1;-1;-1;-1;-1;-1;0;17;37;65;100;9;55;84;47;8.23;2.87;7.1;2.19;Fénix;Sud América;1.63;1.25;1.67;0.6;1.5;0.9;100;84;64;35;0;45;35;27;0;0;0;854;15;Y;Y;Y;N;N;N;Y
240963;4357;4350;2016;complete;1514;11;-1;26,90;34;2;1;3;2;6;8;3;2;3;3;0;0;3;2;0;0;3;2;17;17;41;59;3;3;0;0;0;0;0;0;0;0;0;0;0;0;0;0;0;0;0;0;0;0;0;0;0;0;0;0;0;0;0;0;0;0;0;0;0;0;0;0;0;0;0;0;0;0;0;0;0;0;0;0;0;0;0;0;0;0;0;0;0;0;0;0;0;0;0;0;0;0;3;1;1;1;0;1;2;2016-11-12 19:00:00;4357;0;63;25;50;0;-1;1;-1;-1;-1;-1;-1;-1;1;1;2;2;2;4;-1;0;0;0;0;0;0;0;0;0;0;0;0;0;1;1;0;0;-1;-1;0;0;-1;-1;-1;-1;-1;-1;-1;-1;-1;0;25;38;63;100;25;50;88;63;7.5;1.75;4.5;2.25;Liverpool FC Montevideo;Wanderers;2.14;1.71;2.5;2;1.8;1.9;100;75;63;38;0;63;38;25;0;0;0;854;15;Y;Y;Y;N;N;N;Y
240964;4366;4361;2016;complete;1514;11;-1;20,66;31,90;2;2;4;3;12;15;3;0;5;4;1;0;6;5;9;8;15;13;17;19;42;58;6;4;0;0;0;0;0;0;0;0;0;0;0;0;0;0;0;0;0;0;0;0;0;0;0;0;0;0;0;0;0;0;0;0;0;0;0;0;0;0;0;0;0;0;0;0;0;0;0;0;0;0;0;0;0;0;0;0;0;0;0;0;0;0;0;0;0;0;0;0;4;1;1;1;1;2;2;2016-11-12 19:00:00;-1;0;50;10;20;0;-1;1;-1;-1;-1;-1;-1;-1;2;2;4;2;4;6;-1;0;0;0;0;0;0;0;1;0;1;0;0;0;1;1;0;0;-1;-1;0;0;-1;-1;-1;-1;-1;-1;-1;-1;-1;20;30;40;70;100;20;60;90;40;8.2;0;7;2.7;Villa Española;Defensor Sporting;0.75;2;0.8;2;0.5;1.4;80;70;60;30;0;40;20;20;0;0;0;854;15;Y;Y;Y;Y;N;N;Y
240965;4360;4359;2016;complete;1514;11;-1;;;0;0;0;2;9;11;-1;-1;2;2;1;0;0;0;0;0;0;0;-1;-1;-1;-1;3;2;0;0;0;0;0;0;0;0;0;0;0;0;0;0;0;0;0;0;0;0;0;0;0;0;0;0;0;0;0;0;0;0;0;0;0;0;0;0;0;0;0;0;0;0;0;0;0;0;0;0;0;0;0;0;0;0;0;0;0;0;0;0;0;0;0;0;0;0;0;0;0;0;0;0;0;2016-11-12 19:15:00;-1;0;60;30;10;0;-1;1;-1;-1;-1;-1;-1;-1;2;0;1;2;2;3;-1;0;0;0;0;0;0;0;0;0;0;0;0;0;1;1;0;0;-1;-1;0;0;-1;-1;-1;-1;-1;-1;-1;-1;-1;10;30;50;70;100;30;70;100;30;13.8;0.2;5.8;2.6;Cerro;Nacional;0.75;1.63;0.8;1.8;1.4;2.4;90;70;50;30;0;80;70;70;0;0;0;854;15;N;N;N;N;N;N;N
240966;4351;4363;2016;complete;1514;11;-1;21,26;1,81;2;2;4;6;4;10;-1;-1;3;3;0;0;7;4;6;6;13;10;-1;-1;-1;-1;3;3;0;0;0;0;0;0;0;0;0;0;0;0;0;0;0;0;0;0;0;0;0;0;0;0;0;0;0;0;0;0;0;0;0;0;0;0;0;0;0;0;0;0;0;0;0;0;0;0;0;0;0;0;0;0;0;0;0;0;0;0;0;0;0;0;0;0;0;0;4;2;1;0;1;1;3;2016-11-13 19:00:00;-1;0;50;20;30;0;-1;1;-1;-1;-1;-1;-1;-1;0;1;3;2;1;5;-1;0;0;0;0;0;0;0;0;0;0;0;0;0;1;1;0;1;-1;-1;0;0;-1;-1;-1;-1;-1;-1;-1;-1;-1;20;20;20;50;90;20;60;50;40;9.53;0.8;6.6;2.1;Plaza Colonia;Boston River;0.88;1.75;0.6;2;0.7;1.4;80;80;80;50;10;67;57;30;0;0;0;854;15;Y;Y;Y;Y;N;N;Y
240967;4356;4365;2016;complete;1514;11;-1;83;30;1;1;2;6;4;10;2;3;6;4;1;1;11;3;15;2;26;5;21;22;53;47;8;5;0;0;0;0;0;0;0;0;0;0;0;0;0;0;0;0;0;0;0;0;0;0;0;0;0;0;0;0;0;0;0;0;0;0;0;0;0;0;0;0;0;0;0;0;0;0;0;0;0;0;0;0;0;0;0;0;0;0;0;0;0;0;0;0;0;0;0;0;2;0;1;1;0;1;1;2016-11-13 19:00:00;-1;0;43;10;0;0;-1;1;-1;-1;-1;-1;-1;-1;2;1;5;4;3;9;-1;0;0;0;0;0;0;0;0;0;0;0;0;0;1;1;0;0;-1;-1;0;0;-1;-1;-1;-1;-1;-1;-1;-1;-1;10;10;40;53;100;10;78;75;30;8.9;2.95;8.15;2.13;Danubio;Juventud;2.38;0.63;3;1;2.4;1.3;90;90;60;48;0;58;45;23;0;0;0;854;15;Y;Y;N;N;N;N;Y
240968;4355;4364;2016;complete;1514;11;-1;;45,86;0;2;2;8;2;10;-1;-1;1;3;0;0;0;3;6;2;6;5;-1;-1;-1;-1;1;3;0;0;0;0;0;0;0;0;0;0;0;0;0;0;0;0;0;0;0;0;0;0;0;0;0;0;0;0;0;0;0;0;0;0;0;0;0;0;0;0;0;0;0;0;0;0;0;0;0;0;0;0;0;0;0;0;0;0;0;0;0;0;0;0;0;0;0;0;2;0;1;0;1;1;1;2016-11-13 19:00:00;4364;0;50;10;40;0;-1;1;-1;-1;-1;-1;-1;-1;1;1;0;2;2;2;-1;0;0;0;0;0;0;0;0;0;0;0;0;0;1;1;0;0;-1;-1;0;0;-1;-1;-1;-1;-1;-1;-1;-1;-1;0;20;40;50;70;20;40;60;50;5.8;0.6;5.6;1.8;Rampla Juniors;River Plate;1.5;1.13;1.6;0.6;1.2;0.6;100;80;60;50;30;55;23;23;0;0;0;854;15;Y;Y;N;N;N;N;N
240969;4354;4358;2016;complete;1514;11;-1;10,38;28,32,37,77,81;2;5;7;6;0;6;1;0;2;1;0;1;0;0;0;0;0;0;15;17;-1;-1;2;3;0;0;0;0;0;0;0;0;0;0;0;0;0;0;0;0;0;0;0;0;0;0;0;0;0;0;0;0;0;0;0;0;0;0;0;0;0;0;0;0;0;0;0;0;0;0;0;0;0;0;0;0;0;0;0;0;0;0;0;0;0;0;0;0;0;0;0;0;7;2;3;0;2;2;5;2016-11-13 22:15:00;4358;0;54;29;25;0;-1;1;-1;-1;-1;-1;-1;-1;1;1;1;1;2;2;-1;0;0;0;0;0;0;0;1;1;1;1;0;0;1;1;1;0;-1;-1;0;1;-1;-1;-1;-1;-1;-1;-1;-1;-1;29;29;42;54;84;29;71;54;46;10.45;0.67;5.33;2.5;Racing;Peñarol;1.86;1;1.75;0.83;1.3;1.2;71;71;59;46;17;65;43;33;0;0;0;854;15;Y;Y;Y;Y;Y;Y;Y
240970;4366;4363;2016;complete;1514;12;-1;;24,47,67;0;3;3;12;6;18;0;1;3;2;0;0;3;8;14;12;17;20;11;12;50;50;3;2;0;0;0;0;0;0;0;0;0;0;0;0;0;0;0;0;0;0;0;0;0;0;0;0;0;0;0;0;0;0;0;0;0;0;0;0;0;0;0;0;0;0;0;0;0;0;0;0;0;0;0;0;0;0;0;0;0;0;0;0;0;0;0;0;0;0;0;0;3;0;1;0;2;2;1;2016-11-19 19:00:00;4363;0;59;33;34;0;-1;1;-1;-1;-1;-1;-1;-1;2;1;1;1;3;2;-1;0;0;0;0;0;0;0;0;0;0;0;0;0;1;1;0;0;-1;-1;0;0;-1;-1;-1;-1;-1;-1;-1;-1;-1;17;33;42;67;100;33;67;75;42;10;1.34;7;2.75;Villa Española;Boston River;0.75;1.75;0.83;1.83;0.55;1.36;83;67;59;34;0;92;67;50;0;0;0;854;15;Y;Y;Y;N;N;N;N
240971;4354;4364;2016;complete;1514;12;-1;46,47;10;2;1;3;8;8;16;1;4;2;4;0;0;6;3;5;6;11;9;10;18;47;53;2;4;0;0;0;0;0;0;0;0;0;0;0;0;0;0;0;0;0;0;0;0;0;0;0;0;0;0;0;0;0;0;0;0;0;0;0;0;0;0;0;0;0;0;0;0;0;0;0;0;0;0;0;0;0;0;0;0;0;0;0;0;0;0;0;0;0;0;0;0;3;0;1;2;0;2;1;2016-11-19 19:00:00;4354;0;74;29;45;0;-1;1;-1;-1;-1;-1;-1;-1;0;0;2;4;0;6;-1;0;0;0;0;0;0;0;0;0;0;0;0;0;1;1;0;1;-1;-1;0;0;-1;-1;-1;-1;-1;-1;-1;-1;-1;20;37;55;82;92;37;74;82;74;8.1;1.03;5.33;3.15;Racing;River Plate;1.86;1.13;1.4;1;1.18;0.82;80;64;45;19;9;54;27;19;0;0;0;854;15;Y;Y;Y;N;N;N;Y
240972;4358;4360;2016;complete;1514;12;-1;46;8,74;1;2;3;8;3;11;1;7;2;5;0;0;11;3;10;7;21;10;19;21;60;40;2;5;0;0;0;0;0;0;0;0;0;0;0;0;0;0;0;0;0;0;0;0;0;0;0;0;0;0;0;0;0;0;0;0;0;0;0;0;0;0;0;0;0;0;0;0;0;0;0;0;0;0;0;0;0;0;0;0;0;0;0;0;0;0;0;0;0;0;0;0;3;0;1;1;1;2;1;2016-11-19 20:15:00;4360;0;33;10;23;0;-1;1;-1;-1;-1;-1;-1;-1;1;3;1;2;4;3;-1;0;0;0;0;0;0;0;0;0;0;0;0;0;1;1;0;1;-1;-1;0;0;-1;-1;-1;-1;-1;-1;-1;-1;-1;10;10;23;55;88;10;45;88;23;8.2;2;5.65;1.85;Peñarol;Cerro;1;2.29;1.75;2;1.36;1.36;90;90;78;45;13;35;13;13;0;0;0;854;15;Y;Y;Y;N;N;N;Y
240973;4357;4353;2016;complete;1514;12;-1;83;60;1;1;2;4;5;9;1;0;4;2;0;0;9;9;5;8;14;17;21;19;40;60;4;2;0;0;0;0;0;0;0;0;0;0;0;0;0;0;0;0;0;0;0;0;0;0;0;0;0;0;0;0;0;0;0;0;0;0;0;0;0;0;0;0;0;0;0;0;0;0;0;0;0;0;0;0;0;0;0;0;0;0;0;0;0;0;0;0;0;0;0;0;2;0;0;1;1;2;0;2016-11-20 19:00:00;-1;0;47;29;29;0;-1;1;-1;-1;-1;-1;-1;-1;2;1;2;1;3;3;-1;0;0;0;0;0;0;0;0;0;0;0;0;0;1;1;0;0;-1;-1;0;0;-1;-1;-1;-1;-1;-1;-1;-1;-1;0;10;55;72;100;29;74;90;45;7.8;2.23;5.87;2.37;Liverpool FC Montevideo;Sud América;2.14;1.25;2.6;1;1.91;1.09;100;90;45;29;0;45;27;27;0;0;0;854;15;Y;Y;N;N;N;N;Y
240974;4351;4362;2016;complete;1514;12;-1;16,90;;2;0;2;1;3;4;-1;-1;1;5;0;2;4;7;7;6;11;13;-1;-1;-1;-1;1;7;0;0;0;0;0;0;0;0;0;0;0;0;0;0;0;0;0;0;0;0;0;0;0;0;0;0;0;0;0;0;0;0;0;0;0;0;0;0;0;0;0;0;0;0;0;0;0;0;0;0;0;0;0;0;0;0;0;0;0;0;0;0;0;0;0;0;0;0;2;1;0;1;0;1;1;2016-11-20 19:00:00;4351;0;46;17;17;0;-1;1;-1;-1;-1;-1;-1;-1;0;3;1;4;3;5;-1;0;0;0;0;0;0;0;1;0;1;0;0;0;1;1;0;0;-1;-1;0;0;-1;-1;-1;-1;-1;-1;-1;-1;-1;9;17;29;59;67;17;50;59;29;11.33;0;7.42;1.79;Plaza Colonia;Fénix;0.88;0.86;0.67;1.25;0.73;1.36;92;84;71;42;34;59;59;34;0;0;0;854;15;Y;Y;N;N;N;N;N
240975;4356;4350;2016;complete;1514;12;-1;;90;0;1;1;11;3;14;0;0;3;3;2;0;7;6;14;5;21;11;29;19;53;47;6;3;0;0;0;0;0;0;0;0;0;0;0;0;0;0;0;0;0;0;0;0;0;0;0;0;0;0;0;0;0;0;0;0;0;0;0;0;0;0;0;0;0;0;0;0;0;0;0;0;0;0;0;0;0;0;0;0;0;0;0;0;0;0;0;0;0;0;0;0;1;0;0;0;1;1;0;2016-11-20 19:00:00;4350;0;74;29;20;0;-1;1;-1;-1;-1;-1;-1;-1;0;0;5;3;0;8;-1;0;0;0;0;0;0;0;0;0;0;0;0;0;1;1;0;0;-1;-1;0;0;-1;-1;-1;-1;-1;-1;-1;-1;-1;9;19;54;82;100;29;62;100;55;9.47;2.33;6.77;2.62;Danubio;Wanderers;2.38;1.71;2.67;1.6;2.27;1.73;92;82;47;19;0;55;45;19;0;0;0;854;15;Y;N;N;N;N;N;N
240976;4355;4365;2016;complete;1514;12;-1;22;;1;0;1;6;3;9;-1;-1;3;4;0;0;2;0;0;0;2;0;-1;-1;-1;-1;3;4;0;0;0;0;0;0;0;0;0;0;0;0;0;0;0;0;0;0;0;0;0;0;0;0;0;0;0;0;0;0;0;0;0;0;0;0;0;0;0;0;0;0;0;0;0;0;0;0;0;0;0;0;0;0;0;0;0;0;0;0;0;0;0;0;0;0;0;0;1;1;0;0;0;0;1;2016-11-20 19:00:00;4355;0;29;0;9;0;-1;1;-1;-1;-1;-1;-1;-1;2;3;1;1;5;2;-1;0;0;0;0;0;0;0;1;0;1;0;0;0;1;1;0;0;-1;-1;0;0;-1;-1;-1;-1;-1;-1;-1;-1;-1;0;0;9;37;84;0;57;55;9;7.6;1.33;6.8;1.29;Rampla Juniors;Juventud;1.5;0.63;1.33;1;1.09;1.27;100;100;92;64;17;70;50;20;0;0;0;854;15;Y;N;N;N;N;N;N
240977;4361;4359;2016;complete;1514;12;-1;34,45,57;13,19;3;2;5;6;9;15;2;3;6;2;0;0;8;7;1;2;9;9;22;18;38;62;6;2;0;0;0;0;0;0;0;0;0;0;0;0;0;0;0;0;0;0;0;0;0;0;0;0;0;0;0;0;0;0;0;0;0;0;0;0;0;0;0;0;0;0;0;0;0;0;0;0;0;0;0;0;0;0;0;0;0;0;0;0;0;0;0;0;0;0;0;0;5;2;2;1;0;1;4;2016-11-20 22:15:00;4361;0;45;19;19;0;-1;1;-1;-1;-1;-1;-1;-1;1;1;5;1;2;6;-1;0;0;0;0;0;0;0;0;0;0;0;0;0;1;1;0;0;-1;-1;0;0;-1;-1;-1;-1;-1;-1;-1;-1;-1;0;19;35;55;92;19;55;82;27;14.07;0.6;6.83;2;Defensor Sporting;Nacional;1.38;1.63;0.8;1.67;1.36;2.27;100;82;65;45;9;92;82;52;0;0;0;854;15;Y;Y;Y;Y;Y;N;Y
240978;4353;4354;2016;complete;1514;13;-1;1,31;79,80;2;2;4;7;7;14;-1;-1;2;1;2;0;5;3;1;5;6;8;-1;-1;-1;-1;6;1;0;0;0;0;0;0;0;0;0;0;0;0;0;0;0;0;0;0;0;0;0;0;0;0;0;0;0;0;0;0;0;0;0;0;0;0;0;0;0;0;0;0;0;0;0;0;0;0;0;0;0;0;0;0;0;0;0;0;0;0;0;0;0;0;0;0;0;0;4;2;0;0;2;2;2;2016-11-26 19:00:00;-1;0;60;35;25;0;-1;1;-1;-1;-1;-1;-1;-1;2;0;2;1;2;3;-1;0;0;0;0;0;0;0;0;0;0;0;0;0;1;1;1;0;-1;-1;0;0;-1;-1;-1;-1;-1;-1;-1;-1;-1;19;35;45;80;100;35;64;74;45;11.8;0;4.57;2.79;Sud América;Racing;1;0.88;1.2;1;1.08;1.33;82;65;55;20;0;70;70;60;0;0;0;854;15;Y;Y;Y;Y;N;N;Y
240979;4360;4355;2016;complete;1514;13;-1;;;0;0;0;6;2;8;1;1;3;3;0;0;2;3;10;4;12;7;17;23;56;44;3;3;0;0;0;0;0;0;0;0;0;0;0;0;0;0;0;0;0;0;0;0;0;0;0;0;0;0;0;0;0;0;0;0;0;0;0;0;0;0;0;0;0;0;0;0;0;0;0;0;0;0;0;0;0;0;0;0;0;0;0;0;0;0;0;0;0;0;0;0;0;0;0;0;0;0;0;2016-11-26 19:30:00;-1;0;55;17;20;0;-1;1;-1;-1;-1;-1;-1;-1;2;1;1;2;3;3;-1;0;0;0;0;0;0;0;0;0;0;0;0;0;1;1;0;0;-1;-1;1;1;-1;-1;-1;-1;-1;-1;-1;-1;-1;9;17;47;84;92;27;54;82;49;12.67;0;5.43;2.47;Cerro;Rampla Juniors;0.75;0.71;0.83;0.8;1.5;1.25;92;84;54;17;9;92;59;59;0;0;0;854;15;N;N;N;N;N;N;N
240980;4364;4366;2016;complete;1514;13;-1;39,59;17;2;1;3;8;2;10;-1;-1;2;3;0;0;3;2;0;0;3;2;-1;-1;-1;-1;2;3;0;0;0;0;0;0;0;0;0;0;0;0;0;0;0;0;0;0;0;0;0;0;0;0;0;0;0;0;0;0;0;0;0;0;0;0;0;0;0;0;0;0;0;0;0;0;0;0;0;0;0;0;0;0;0;0;0;0;0;0;0;0;0;0;0;0;0;0;3;1;1;1;0;1;2;2016-11-26 19:30:00;4364;0;50;20;10;0;-1;1;-1;-1;-1;-1;-1;-1;1;1;1;2;2;3;-1;0;0;0;0;0;0;0;0;0;0;0;0;0;1;1;0;0;-1;-1;0;0;-1;-1;-1;-1;-1;-1;-1;-1;-1;20;20;60;70;100;30;80;90;50;11.4;3.4;5.8;2.8;River Plate;Villa Española;1.29;0.14;0.6;0.2;0.75;0.5;80;80;40;30;0;80;60;50;0;0;0;854;15;Y;Y;Y;N;N;N;Y
240981;4365;4351;2016;complete;1514;13;-1;45,73;;2;0;2;2;6;8;2;2;4;2;0;0;7;4;4;6;11;10;23;18;40;60;4;2;0;0;0;0;0;0;0;0;0;0;0;0;0;0;0;0;0;0;0;0;0;0;0;0;0;0;0;0;0;0;0;0;0;0;0;0;0;0;0;0;0;0;0;0;0;0;0;0;0;0;0;0;0;0;0;0;0;0;0;0;0;0;0;0;0;0;0;0;2;1;0;1;0;1;1;2016-11-26 19:30:00;4365;0;39;30;10;0;-1;1;-1;-1;-1;-1;-1;-1;2;2;2;0;4;2;-1;0;0;0;0;0;0;0;0;0;0;0;0;0;1;1;0;0;-1;-1;0;0;-1;-1;-1;-1;-1;-1;-1;-1;-1;20;20;40;57;74;30;65;57;29;8.2;1.07;8.87;2.2;Juventud;Plaza Colonia;1.71;0.71;1.5;0.8;1.17;0.92;80;80;60;44;27;60;40;30;0;0;0;854;15;Y;Y;N;N;N;N;N
240982;4350;4362;2016;complete;1514;13;-1;27,37,74,89;11,28;4;2;6;11;3;14;0;1;3;4;0;0;9;7;7;8;16;15;16;20;58;42;3;4;0;0;0;0;0;0;0;0;0;0;0;0;0;0;0;0;0;0;0;0;0;0;0;0;0;0;0;0;0;0;0;0;0;0;0;0;0;0;0;0;0;0;0;0;0;0;0;0;0;0;0;0;0;0;0;0;0;0;0;0;0;0;0;0;0;0;0;0;6;2;2;2;0;2;4;2016-11-26 19:30:00;4350;0;35;9;17;0;-1;1;-1;-1;-1;-1;-1;-1;0;2;3;2;2;5;-1;0;0;0;0;0;0;0;1;0;1;0;0;0;1;1;0;0;-1;-1;0;0;-1;-1;-1;-1;-1;-1;-1;-1;-1;0;9;27;55;72;9;64;55;27;12.25;3.03;7.13;1.62;Wanderers;Fénix;2.13;0.86;1.83;1;1.83;1.25;100;92;74;45;29;67;59;59;0;0;0;854;15;Y;Y;Y;Y;Y;Y;Y
240983;4361;4356;2016;complete;1514;13;-1;;;0;0;0;3;6;9;2;1;1;1;0;1;11;8;4;6;15;14;17;21;47;53;1;2;0;0;0;0;0;0;0;0;0;0;0;0;0;0;0;0;0;0;0;0;0;0;0;0;0;0;0;0;0;0;0;0;0;0;0;0;0;0;0;0;0;0;0;0;0;0;0;0;0;0;0;0;0;0;0;0;0;0;0;0;0;0;0;0;0;0;0;0;0;0;0;0;0;0;0;2016-11-26 22:15:00;-1;0;55;27;29;0;-1;1;-1;-1;-1;-1;-1;-1;0;1;1;1;1;2;-1;0;0;0;0;0;0;0;0;0;0;0;0;0;1;1;0;0;-1;-1;0;0;-1;-1;-1;-1;-1;-1;-1;-1;-1;19;27;47;74;100;27;64;92;39;10.17;0.63;8.13;2.75;Defensor Sporting;Danubio;1.38;1.43;1.17;1.8;1.5;2.08;82;74;54;27;0;60;52;27;0;0;0;854;15;N;N;N;N;N;N;N
240984;4358;4359;2016;complete;1514;13;-1;;-1,-1,-1;0;3;3;0;0;0;-1;-1;-1;-1;-1;-1;0;0;0;0;0;0;-1;-1;-1;-1;-1;-1;0;0;0;0;0;0;0;0;0;0;0;0;0;0;0;0;0;0;0;0;0;0;0;0;0;0;0;0;0;0;0;0;0;0;0;0;0;0;0;0;0;0;0;0;0;0;0;0;0;0;0;0;0;0;0;0;0;0;0;0;0;0;0;0;0;0;0;0;3;0;0;0;0;0;0;2016-11-27 20:00:00;4359;0;49;15;27;1;-1;-1;-1;-1;-1;-1;-1;-1;-1;-1;-1;-1;-1;-1;-1;0;0;0;0;0;0;0;-1;-1;-1;-1;-1;-1;-1;-1;-1;-1;-1;-1;-1;-1;-1;-1;-1;-1;-1;-1;-1;-1;-1;7;15;49;59;83;15;59;83;35;12.6;1.43;4.91;2.12;Peñarol;Nacional;1;1.63;1.4;1.43;1.25;2.08;93;86;52;42;17;73;63;63;0;0;0;854;15;Y;Y;Y;N;N;N;N
240985;4363;4357;2016;complete;1514;13;-1;;;0;0;0;7;5;12;-1;-1;4;4;0;0;2;0;7;8;9;8;-1;-1;-1;-1;4;4;0;0;0;0;0;0;0;0;0;0;0;0;0;0;0;0;0;0;0;0;0;0;0;0;0;0;0;0;0;0;0;0;0;0;0;0;0;0;0;0;0;0;0;0;0;0;0;0;0;0;0;0;0;0;0;0;0;0;0;0;0;0;0;0;0;0;0;0;0;0;0;0;0;0;0;2016-11-28 19:30:00;-1;0;49;19;10;0;-1;1;-1;-1;-1;-1;-1;-1;2;0;2;4;2;6;-1;0;0;0;0;0;0;0;0;0;0;0;0;0;1;1;0;0;-1;-1;0;0;-1;-1;-1;-1;-1;-1;-1;-1;-1;0;9;19;57;74;19;64;47;20;6.75;0.93;6.13;1.57;Boston River;Liverpool FC Montevideo;1.14;1.13;0.8;1.33;1.5;1.83;100;92;82;44;27;33;23;13;0;0;0;854;15;N;N;N;N;N;N;N
240986;4353;4360;2016;complete;1514;14;-1;;26,54;0;2;2;2;3;5;1;4;2;2;1;0;8;9;7;5;15;14;17;23;50;50;3;2;0;0;0;0;0;0;0;0;0;0;0;0;0;0;0;0;0;0;0;0;0;0;0;0;0;0;0;0;0;0;0;0;0;0;0;0;0;0;0;0;0;0;0;0;0;0;0;0;0;0;0;0;0;0;0;0;0;0;0;0;0;0;0;0;0;0;0;0;2;0;1;0;1;1;1;2016-12-03 19:30:00;4360;0;42;17;17;0;-1;1;-1;-1;-1;-1;-1;-1;2;1;1;1;3;2;-1;0;0;0;0;0;0;0;0;0;0;0;0;0;1;1;0;0;-1;-1;0;0;-1;-1;-1;-1;-1;-1;-1;-1;-1;17;25;42;67;100;25;59;92;42;9.17;1;6.67;2.5;Sud América;Cerro;1;2.29;1.17;2.17;1.08;1.46;83;75;59;33;0;50;42;42;0;0;0;854;15;Y;Y;N;N;N;N;N
240987;4364;4358;2016;complete;1514;14;-1;7,47,70;83;3;1;4;7;2;9;-1;-1;3;5;1;1;5;3;5;9;10;12;-1;-1;-1;-1;5;7;0;0;0;0;0;0;0;0;0;0;0;0;0;0;0;0;0;0;0;0;0;0;0;0;0;0;0;0;0;0;0;0;0;0;0;0;0;0;0;0;0;0;0;0;0;0;0;0;0;0;0;0;0;0;0;0;0;0;0;0;0;0;0;0;0;0;0;0;4;1;0;2;1;3;1;2016-12-03 19:30:00;4364;0;55;47;0;0;-1;1;-1;-1;-1;-1;-1;-1;1;1;3;5;2;8;-1;0;0;0;0;0;0;0;0;1;0;1;0;0;1;1;1;0;-1;-1;0;0;-1;-1;-1;-1;-1;-1;-1;-1;-1;38;38;72;72;86;55;86;72;48;11.5;1.74;5.29;3.27;River Plate;Peñarol;1.29;1;1;1.14;0.92;1.15;62;62;29;29;15;75;59;42;0;0;0;854;15;Y;Y;Y;Y;N;N;Y
240988;4363;4355;2016;complete;1514;14;-1;44,84;;2;0;2;6;1;7;1;1;1;3;0;0;7;5;8;8;15;13;23;16;47;53;1;3;0;0;0;0;0;0;0;0;0;0;0;0;0;0;0;0;0;0;0;0;0;0;0;0;0;0;0;0;0;0;0;0;0;0;0;0;0;0;0;0;0;0;0;0;0;0;0;0;0;0;0;0;0;0;0;0;0;0;0;0;0;0;0;0;0;0;0;0;2;1;0;1;0;1;1;2016-12-03 19:30:00;4363;0;59;9;25;0;-1;1;-1;-1;-1;-1;-1;-1;0;2;1;1;2;2;-1;0;0;0;0;0;0;0;0;0;0;0;0;0;1;1;0;0;-1;-1;0;0;-1;-1;-1;-1;-1;-1;-1;-1;-1;0;0;34;75;75;17;42;59;50;10.4;0.33;5.67;1.84;Boston River;Rampla Juniors;1.14;0.71;0.83;0.83;1.46;1.23;100;100;67;25;25;60;40;40;0;0;0;854;15;Y;Y;N;N;N;N;N
240989;4361;4354;2016;complete;1514;14;-1;44,82;2;2;1;3;7;3;10;-1;-1;2;2;0;0;11;6;14;2;25;8;-1;-1;-1;-1;2;2;0;0;0;0;0;0;0;0;0;0;0;0;0;0;0;0;0;0;0;0;0;0;0;0;0;0;0;0;0;0;0;0;0;0;0;0;0;0;0;0;0;0;0;0;0;0;0;0;0;0;0;0;0;0;0;0;0;0;0;0;0;0;0;0;0;0;0;0;3;1;1;1;0;1;2;2016-12-04 19:30:00;4361;0;72;36;29;0;-1;1;-1;-1;-1;-1;-1;-1;1;0;1;2;1;3;-1;0;0;0;0;0;0;0;0;0;0;0;0;0;1;1;0;1;-1;-1;0;0;-1;-1;-1;-1;-1;-1;-1;-1;-1;14;43;43;79;93;43;64;71;36;12.74;0.71;5.86;2.72;Defensor Sporting;Racing;1.38;0.88;1.14;1;1.46;1.31;86;57;57;22;7;92;77;48;0;0;0;854;15;Y;Y;Y;N;N;N;Y
240990;4359;4365;2016;complete;1514;14;-1;50,66;;2;0;2;6;2;8;3;0;2;2;0;0;0;0;0;0;0;0;12;16;-1;-1;2;2;0;0;0;0;0;0;0;0;0;0;0;0;0;0;0;0;0;0;0;0;0;0;0;0;0;0;0;0;0;0;0;0;0;0;0;0;0;0;0;0;0;0;0;0;0;0;0;0;0;0;0;0;0;0;0;0;0;0;0;0;0;0;0;0;0;0;0;0;2;0;0;2;0;2;0;2016-12-04 19:30:00;4359;0;47;10;30;0;-1;1;-1;-1;-1;-1;-1;-1;1;1;1;1;2;2;-1;0;0;0;0;0;0;0;0;0;0;0;0;0;1;1;0;0;-1;-1;0;0;-1;-1;-1;-1;-1;-1;-1;-1;-1;10;30;30;57;100;30;82;65;30;8.37;3.7;6.47;2.27;Nacional;Juventud;3;0.63;3;0.83;2.15;1.31;90;70;70;44;0;62;25;9;0;0;0;854;15;Y;Y;N;N;N;N;N
240991;4350;4366;2016;complete;1514;14;-1;1,11,23;61;3;1;4;2;3;5;-1;-1;1;3;0;0;4;2;0;0;4;2;-1;-1;-1;-1;1;3;0;0;0;0;0;0;0;0;0;0;0;0;0;0;0;0;0;0;0;0;0;0;0;0;0;0;0;0;0;0;0;0;0;0;0;0;0;0;0;0;0;0;0;0;0;0;0;0;0;0;0;0;0;0;0;0;0;0;0;0;0;0;0;0;0;0;0;0;4;3;0;0;1;1;3;2016-12-04 19:30:00;4350;0;54;23;23;0;-1;1;-1;-1;-1;-1;-1;-1;0;1;1;2;1;3;-1;0;0;0;0;0;0;0;0;0;0;0;0;0;1;1;1;0;-1;-1;0;0;-1;-1;-1;-1;-1;-1;-1;-1;-1;7;15;38;54;93;23;69;70;30;11.54;3.76;6.1;2.13;Wanderers;Villa Española;2.13;0.14;2;0.17;1.92;0.46;93;86;62;47;7;85;69;52;0;0;0;854;15;Y;Y;Y;Y;N;N;Y
240992;4362;4356;2016;complete;1514;14;-1;8,13,26,59;58;4;1;5;6;8;14;2;0;2;1;0;0;7;7;7;14;14;21;20;21;38;62;2;1;0;0;0;0;0;0;0;0;0;0;0;0;0;0;0;0;0;0;0;0;0;0;0;0;0;0;0;0;0;0;0;0;0;0;0;0;0;0;0;0;0;0;0;0;0;0;0;0;0;0;0;0;0;0;0;0;0;0;0;0;0;0;0;0;0;0;0;0;5;3;0;1;1;2;3;2016-12-04 19:30:00;4362;0;54;23;24;0;-1;1;-1;-1;-1;-1;-1;-1;0;1;2;0;1;2;-1;0;0;0;0;0;0;0;0;0;0;0;0;0;1;1;1;0;-1;-1;0;0;-1;-1;-1;-1;-1;-1;-1;-1;-1;9;23;47;62;92;23;54;77;40;8.21;1.29;6.79;2.4;Fénix;Danubio;1.63;1.43;1.43;1.67;1.15;2;92;77;54;38;9;45;37;30;0;0;0;854;15;Y;Y;Y;Y;Y;N;Y
240993;4357;4351;2016;complete;1514;14;-1;4;83;1;1;2;4;4;8;-1;-1;5;3;0;0;2;11;1;7;3;18;-1;-1;-1;-1;5;3;0;0;0;0;0;0;0;0;0;0;0;0;0;0;0;0;0;0;0;0;0;0;0;0;0;0;0;0;0;0;0;0;0;0;0;0;0;0;0;0;0;0;0;0;0;0;0;0;0;0;0;0;0;0;0;0;0;0;0;0;0;0;0;0;0;0;0;0;2;1;0;0;1;1;1;2016-12-04 19:30:00;-1;0;59;42;34;0;-1;1;-1;-1;-1;-1;-1;-1;3;2;2;1;5;3;-1;0;0;0;0;0;0;0;0;0;0;0;0;0;1;1;1;0;-1;-1;0;1;-1;-1;-1;-1;-1;-1;-1;-1;-1;17;25;59;75;92;42;75;83;42;7.17;2;6.33;2.75;Liverpool FC Montevideo;Plaza Colonia;2.14;0.71;2.33;0.67;1.77;0.85;84;75;42;25;9;50;25;25;0;0;0;854;15;Y;Y;N;N;N;N;Y
240994;4351;4353;2016;complete;1514;15;-1;;39,63,81;0;3;3;3;5;8;-1;-1;2;1;0;0;7;8;8;4;15;12;-1;-1;-1;-1;2;1;0;0;0;0;0;0;0;0;0;0;0;0;0;0;0;0;0;0;0;0;0;0;0;0;0;0;0;0;0;0;0;0;0;0;0;0;0;0;0;0;0;0;0;0;0;0;0;0;0;0;0;0;0;0;0;0;0;0;0;0;0;0;0;0;0;0;0;0;3;0;1;0;2;2;1;2016-12-10 20:00:00;4353;0;50;22;29;0;-1;1;-1;-1;-1;-1;-1;-1;1;0;1;1;1;2;-1;0;0;0;0;0;0;0;0;1;0;1;0;0;1;1;0;0;-1;-1;0;0;-1;-1;-1;-1;-1;-1;-1;-1;-1;7;15;36;79;93;22;57;86;43;8.4;0;6.29;2.29;Plaza Colonia;Sud América;0.88;1.25;1;1;0.86;1;93;86;64;22;7;49;35;15;0;0;0;854;15;Y;Y;Y;N;N;N;N
240995;4366;4362;2016;complete;1514;15;-1;10,57;13,73;2;2;4;2;12;14;1;2;1;3;0;0;4;6;12;12;16;18;21;13;55;45;1;3;0;0;0;0;0;0;0;0;0;0;0;0;0;0;0;0;0;0;0;0;0;0;0;0;0;0;0;0;0;0;0;0;0;0;0;0;0;0;0;0;0;0;0;0;0;0;0;0;0;0;0;0;0;0;0;0;0;0;0;0;0;0;0;0;0;0;0;0;4;1;1;1;1;2;2;2016-12-10 20:00:00;-1;0;45;23;22;0;-1;1;-1;-1;-1;-1;-1;-1;1;2;0;1;3;1;-1;0;0;0;0;0;0;0;1;0;1;0;0;0;1;1;1;0;-1;-1;0;1;-1;-1;-1;-1;-1;-1;-1;-1;-1;16;23;45;77;84;23;62;84;45;10.89;0.47;8.24;2.59;Villa Española;Fénix;0.75;0.86;0.71;0.83;0.43;1.29;85;77;55;24;17;73;59;59;0;0;0;854;15;Y;Y;Y;Y;N;N;Y
240996;4354;4365;2016;complete;1514;15;-1;61,87;;2;0;2;4;4;8;1;1;1;2;0;1;7;2;7;6;14;8;17;12;47;53;1;3;0;0;0;0;0;0;0;0;0;0;0;0;0;0;0;0;0;0;0;0;0;0;0;0;0;0;0;0;0;0;0;0;0;0;0;0;0;0;0;0;0;0;0;0;0;0;0;0;0;0;0;0;0;0;0;0;0;0;0;0;0;0;0;0;0;0;0;0;2;0;0;2;0;2;0;2016-12-10 20:00:00;4354;0;56;17;17;0;-1;1;-1;-1;-1;-1;-1;-1;0;1;1;2;1;3;-1;0;0;0;0;0;0;0;0;0;0;0;0;0;1;1;0;0;-1;-1;0;0;-1;-1;-1;-1;-1;-1;-1;-1;-1;17;17;34;63;100;17;77;70;49;9.03;1.62;6.29;2.55;Racing;Juventud;1.86;0.63;1.67;0.71;1.21;1.21;84;84;67;37;0;61;38;24;0;0;0;854;15;Y;Y;N;N;N;N;N
240997;4360;4364;2016;complete;1514;15;-1;;38;0;1;1;7;3;10;3;3;4;2;0;0;17;5;13;2;30;7;11;12;56;44;4;2;0;0;0;0;0;0;0;0;0;0;0;0;0;0;0;0;0;0;0;0;0;0;0;0;0;0;0;0;0;0;0;0;0;0;0;0;0;0;0;0;0;0;0;0;0;0;0;0;0;0;0;0;0;0;0;0;0;0;0;0;0;0;0;0;0;0;0;0;1;0;1;0;0;0;1;2016-12-10 20:00:00;4364;0;57;22;22;0;-1;1;-1;-1;-1;-1;-1;-1;2;0;2;2;2;4;-1;0;0;0;0;0;0;0;0;0;0;0;0;0;1;1;0;0;-1;-1;0;0;-1;-1;-1;-1;-1;-1;-1;-1;-1;7;29;43;72;79;29;64;79;43;10.71;1.29;6.29;2.29;Cerro;River Plate;0.75;1.13;0.86;0.86;1.57;1.07;93;71;57;29;22;71;50;43;0;0;0;854;15;Y;N;N;N;N;N;N
240998;4358;4361;2016;complete;1514;15;-1;;4,84;0;2;2;4;3;7;-1;-1;4;3;0;1;2;5;9;4;11;9;-1;-1;-1;-1;4;5;0;0;0;0;0;0;0;0;0;0;0;0;0;0;0;0;0;0;0;0;0;0;0;0;0;0;0;0;0;0;0;0;0;0;0;0;0;0;0;0;0;0;0;0;0;0;0;0;0;0;0;0;0;0;0;0;0;0;0;0;0;0;0;0;0;0;0;0;2;0;1;0;1;1;1;2016-12-10 20:15:00;4361;0;42;9;29;0;-1;1;-1;-1;-1;-1;-1;-1;3;1;1;3;4;4;-1;0;0;0;0;0;0;0;0;0;0;0;0;0;1;1;0;1;-1;-1;0;0;-1;-1;-1;-1;-1;-1;-1;-1;-1;9;25;50;67;92;17;67;75;42;9.84;0.5;6.03;2.42;Peñarol;Defensor Sporting;1;2;1.17;1.83;1.07;1.57;92;75;50;33;9;34;25;25;0;0;0;854;15;Y;Y;N;N;N;N;N
240999;4356;4357;2016;complete;1514;15;-1;20,36,55;23,78;3;2;5;2;7;9;1;1;3;2;0;0;7;4;5;10;12;14;21;24;55;45;3;2;0;0;0;0;0;0;0;0;0;0;0;0;0;0;0;0;0;0;0;0;0;0;0;0;0;0;0;0;0;0;0;0;0;0;0;0;0;0;0;0;0;0;0;0;0;0;0;0;0;0;0;0;0;0;0;0;0;0;0;0;0;0;0;0;0;0;0;0;5;2;1;1;1;2;3;2016-12-11 20:00:00;4356;0;36;14;0;0;-1;1;-1;-1;-1;-1;-1;-1;1;0;2;2;1;4;-1;0;0;0;0;0;0;0;0;0;0;0;0;0;1;1;0;0;-1;-1;0;0;-1;-1;-1;-1;-1;-1;-1;-1;-1;7;14;36;50;79;14;64;65;22;8.07;1.28;7.86;1.86;Danubio;Liverpool FC Montevideo;2.38;1.13;2.29;1.29;1.86;1.71;93;86;65;50;22;54;45;23;0;0;0;854;15;Y;Y;Y;Y;Y;N;Y
241000;4355;4350;2016;complete;1514;15;-1;5;45;1;1;2;3;1;4;1;2;4;3;0;1;6;8;6;1;12;9;25;13;42;58;4;4;0;0;0;0;0;0;0;0;0;0;0;0;0;0;0;0;0;0;0;0;0;0;0;0;0;0;0;0;0;0;0;0;0;0;0;0;0;0;0;0;0;0;0;0;0;0;0;0;0;0;0;0;0;0;0;0;0;0;0;0;0;0;0;0;0;0;0;0;2;1;1;0;0;0;2;2016-12-11 20:00:00;-1;0;41;17;24;0;-1;1;-1;-1;-1;-1;-1;-1;2;2;2;2;4;4;-1;0;0;0;0;0;0;0;0;0;0;0;0;0;1;1;1;0;-1;-1;0;0;-1;-1;-1;-1;-1;-1;-1;-1;-1;0;9;24;48;86;17;38;72;32;8.17;0.12;4.81;1.66;Rampla Juniors;Wanderers;1.5;1.71;1.57;1.83;1.14;2;100;92;77;52;15;67;42;25;0;0;0;854;15;Y;Y;N;N;N;N;Y
241001;4359;4363;2016;complete;1514;15;-1;48;;1;0;1;5;8;13;0;0;2;1;0;0;8;3;3;3;11;6;13;15;46;54;2;1;0;0;0;0;0;0;0;0;0;0;0;0;0;0;0;0;0;0;0;0;0;0;0;0;0;0;0;0;0;0;0;0;0;0;0;0;0;0;0;0;0;0;0;0;0;0;0;0;0;0;0;0;0;0;0;0;0;0;0;0;0;0;0;0;0;0;0;0;1;0;0;1;0;1;0;2016-12-11 20:00:00;4359;0;47;23;32;0;-1;1;-1;-1;-1;-1;-1;-1;1;1;1;0;2;1;-1;0;0;0;0;0;0;0;0;0;0;0;0;0;1;1;0;0;-1;-1;0;0;-1;-1;-1;-1;-1;-1;-1;-1;-1;16;40;47;70;100;40;77;70;55;10.36;3.47;4.97;2.79;Nacional;Boston River;3;1.75;3;2;2.21;1.57;85;61;54;30;0;67;43;29;0;0;0;854;15;Y;N;N;N;N;N;N
