ID;HOMEID;AWAYID;SEASON;STATUS;ROUNDID;GAME_WEEK;REVISED_GAME_WEEK;HOMEGOALS;AWAYGOALS;HOMEGOALCOUNT;AWAYGOALCOUNT;TOTALGOALCOUNT;TEAM_A_CORNERS;TEAM_B_CORNERS;TOTALCORNERCOUNT;TEAM_A_OFFSIDES;TEAM_B_OFFSIDES;TEAM_A_YELLOW_CARDS;TEAM_B_YELLOW_CARDS;TEAM_A_RED_CARDS;TEAM_B_RED_CARDS;TEAM_A_SHOTSONTARGET;TEAM_B_SHOTSONTARGET;TEAM_A_SHOTSOFFTARGET;TEAM_B_SHOTSOFFTARGET;TEAM_A_SHOTS;TEAM_B_SHOTS;TEAM_A_FOULS;TEAM_B_FOULS;TEAM_A_POSSESSION;TEAM_B_POSSESSION;TEAM_A_CARDS_NUM;TEAM_B_CARDS_NUM;ODDS_FT_1;ODDS_FT_X;ODDS_FT_2;ODDS_FT_OVER05;ODDS_FT_OVER15;ODDS_FT_OVER25;ODDS_FT_OVER35;ODDS_FT_OVER45;ODDS_FT_UNDER05;ODDS_FT_UNDER15;ODDS_FT_UNDER25;ODDS_FT_UNDER35;ODDS_FT_UNDER45;ODDS_BTTS_YES;ODDS_BTTS_NO;ODDS_TEAM_A_CS_YES;ODDS_TEAM_A_CS_NO;ODDS_TEAM_B_CS_YES;ODDS_TEAM_B_CS_NO;ODDS_DOUBLECHANCE_1X;ODDS_DOUBLECHANCE_12;ODDS_DOUBLECHANCE_X2;ODDS_1ST_HALF_RESULT_1;ODDS_1ST_HALF_RESULT_X;ODDS_1ST_HALF_RESULT_2;ODDS_2ND_HALF_RESULT_1;ODDS_2ND_HALF_RESULT_X;ODDS_2ND_HALF_RESULT_2;ODDS_DNB_1;ODDS_DNB_2;ODDS_CORNERS_OVER_75;ODDS_CORNERS_OVER_85;ODDS_CORNERS_OVER_95;ODDS_CORNERS_OVER_105;ODDS_CORNERS_OVER_115;ODDS_CORNERS_UNDER_75;ODDS_CORNERS_UNDER_85;ODDS_CORNERS_UNDER_95;ODDS_CORNERS_UNDER_105;ODDS_CORNERS_UNDER_115;ODDS_CORNERS_1;ODDS_CORNERS_X;ODDS_CORNERS_2;ODDS_TEAM_TO_SCORE_FIRST_1;ODDS_TEAM_TO_SCORE_FIRST_X;ODDS_TEAM_TO_SCORE_FIRST_2;ODDS_WIN_TO_NIL_1;ODDS_WIN_TO_NIL_2;ODDS_1ST_HALF_OVER05;ODDS_1ST_HALF_OVER15;ODDS_1ST_HALF_OVER25;ODDS_1ST_HALF_OVER35;ODDS_1ST_HALF_UNDER05;ODDS_1ST_HALF_UNDER15;ODDS_1ST_HALF_UNDER25;ODDS_1ST_HALF_UNDER35;ODDS_2ND_HALF_OVER05;ODDS_2ND_HALF_OVER15;ODDS_2ND_HALF_OVER25;ODDS_2ND_HALF_OVER35;ODDS_2ND_HALF_UNDER05;ODDS_2ND_HALF_UNDER15;ODDS_2ND_HALF_UNDER25;ODDS_2ND_HALF_UNDER35;ODDS_BTTS_1ST_HALF_YES;ODDS_BTTS_1ST_HALF_NO;ODDS_BTTS_2ND_HALF_YES;ODDS_BTTS_2ND_HALF_NO;OVERALLGOALCOUNT;HT_GOALS_TEAM_A;HT_GOALS_TEAM_B;GOALS_2HG_TEAM_A;GOALS_2HG_TEAM_B;GOALCOUNT_2HG;HTGOALCOUNT;DATE_UNIX;WINNINGTEAM;NO_HOME_AWAY;BTTS_POTENTIAL;BTTS_FHG_POTENTIAL;BTTS_2HG_POTENTIAL;GOALTIMINGDISABLED;CORNER_TIMINGS_RECORDED;CARD_TIMINGS_RECORDED;TEAM_A_FH_CORNERS;TEAM_B_FH_CORNERS;TEAM_A_2H_CORNERS;TEAM_B_2H_CORNERS;CORNER_FH_COUNT;CORNER_2H_COUNT;TEAM_A_FH_CARDS;TEAM_B_FH_CARDS;TEAM_A_2H_CARDS;TEAM_B_2H_CARDS;TOTAL_FH_CARDS;TOTAL_2H_CARDS;ATTACKS_RECORDED;TEAM_A_DANGEROUS_ATTACKS;TEAM_B_DANGEROUS_ATTACKS;TEAM_A_ATTACKS;TEAM_B_ATTACKS;TEAM_A_XG;TEAM_B_XG;TOTAL_XG;TEAM_A_PENALTIES_WON;TEAM_B_PENALTIES_WON;TEAM_A_PENALTY_GOALS;TEAM_B_PENALTY_GOALS;TEAM_A_PENALTY_MISSED;TEAM_B_PENALTY_MISSED;PENS_RECORDED;GOAL_TIMINGS_RECORDED;TEAM_A_0_10_MIN_GOALS;TEAM_B_0_10_MIN_GOALS;TEAM_A_CORNERS_0_10_MIN;TEAM_B_CORNERS_0_10_MIN;TEAM_A_CARDS_0_10_MIN;TEAM_B_CARDS_0_10_MIN;THROWINS_RECORDED;TEAM_A_THROWINS;TEAM_B_THROWINS;FREEKICKS_RECORDED;TEAM_A_FREEKICKS;TEAM_B_FREEKICKS;GOALKICKS_RECORDED;TEAM_A_GOALKICKS;TEAM_B_GOALKICKS;O45_POTENTIAL;O35_POTENTIAL;O25_POTENTIAL;O15_POTENTIAL;O05_POTENTIAL;O15HT_POTENTIAL;O05HT_POTENTIAL;O05_2H_POTENTIAL;O15_2H_POTENTIAL;CORNERS_POTENTIAL;OFFSIDES_POTENTIAL;CARDS_POTENTIAL;AVG_POTENTIAL;HOME_NAME;AWAY_NAME;HOME_PPG;AWAY_PPG;PRE_MATCH_HOME_PPG;PRE_MATCH_AWAY_PPG;PRE_MATCH_TEAMA_OVERALL_PPG;PRE_MATCH_TEAMB_OVERALL_PPG;U45_POTENTIAL;U35_POTENTIAL;U25_POTENTIAL;U15_POTENTIAL;U05_POTENTIAL;CORNERS_O85_POTENTIAL;CORNERS_O95_POTENTIAL;CORNERS_O105_POTENTIAL;TEAM_A_XG_PREMATCH;TEAM_B_XG_PREMATCH;TOTAL_XG_PREMATCH;COMPETITION_ID;MATCHES_COMPLETED_MINIMUM;OVER05;OVER15;OVER25;OVER35;OVER45;OVER55;BTTS
228567;4098;4104;2017/2018;complete;1421;1;-1;70;2;1;1;2;7;5;12;4;5;0;1;0;0;2;2;11;6;13;8;9;20;61;39;0;1;0;0;0;0;0;0;0;0;0;0;0;0;0;0;0;0;0;0;0;0;0;0;0;0;0;0;0;0;0;0;0;0;0;0;0;0;0;0;0;0;0;0;0;0;0;0;0;0;0;0;0;0;0;0;0;0;0;0;0;0;0;0;0;0;0;0;0;0;2;0;1;1;0;1;1;2017-09-15 15:00:00;-1;0;0;0;0;0;-1;1;-1;-1;-1;-1;-1;-1;0;0;0;1;0;1;-1;0;0;0;0;0;0;0;0;0;0;0;0;0;1;1;0;1;-1;-1;0;0;-1;-1;-1;-1;-1;-1;-1;-1;-1;0;0;0;0;0;0;0;0;0;0;0;0;0;Al Gharafa;Al Ahli;1.64;1.27;0;0;0;0;0;0;0;0;0;0;0;0;0;0;0;808;22;Y;Y;N;N;N;N;Y
228568;4095;4100;2017/2018;complete;1421;1;-1;29,40,90;71;3;1;4;2;1;3;0;1;1;3;0;0;5;4;6;7;11;11;26;11;53;47;1;3;0;0;0;0;0;0;0;0;0;0;0;0;0;0;0;0;0;0;0;0;0;0;0;0;0;0;0;0;0;0;0;0;0;0;0;0;0;0;0;0;0;0;0;0;0;0;0;0;0;0;0;0;0;0;0;0;0;0;0;0;0;0;0;0;0;0;0;0;4;2;0;1;1;2;2;2017-09-15 17:10:00;4095;0;0;0;0;0;-1;1;-1;-1;-1;-1;-1;-1;0;1;1;2;1;3;-1;0;0;0;0;0;0;0;1;0;1;0;0;0;1;1;0;0;-1;-1;0;0;-1;-1;-1;-1;-1;-1;-1;-1;-1;0;0;0;0;0;0;0;0;0;0;0;0;0;Umm Salal;Al Kharitiyath;1.73;0.09;0;0;0;0;0;0;0;0;0;0;0;0;0;0;0;808;22;Y;Y;Y;Y;N;N;Y
228569;4096;4101;2017/2018;complete;1421;1;-1;18,78,90;35,81;3;2;5;6;2;8;1;2;1;1;0;0;4;3;10;5;14;8;8;7;66;34;1;1;0;0;0;0;0;0;0;0;0;0;0;0;0;0;0;0;0;0;0;0;0;0;0;0;0;0;0;0;0;0;0;0;0;0;0;0;0;0;0;0;0;0;0;0;0;0;0;0;0;0;0;0;0;0;0;0;0;0;0;0;0;0;0;0;0;0;0;0;5;1;1;2;1;3;2;2017-09-15 17:10:00;4096;0;0;0;0;0;-1;1;-1;-1;-1;-1;-1;-1;0;0;1;1;0;2;-1;0;0;0;0;0;0;0;0;0;0;0;0;0;1;1;0;0;-1;-1;0;0;-1;-1;-1;-1;-1;-1;-1;-1;-1;0;0;0;0;0;0;0;0;0;0;0;0;0;Al Duhail;Qatar SC;2.64;1.18;0;0;0;0;0;0;0;0;0;0;0;0;0;0;0;808;22;Y;Y;Y;Y;Y;N;Y
228570;4094;4103;2017/2018;complete;1421;1;-1;82,85;20;2;1;3;7;3;10;1;3;1;0;0;0;4;3;3;6;7;9;16;12;47;53;1;0;0;0;0;0;0;0;0;0;0;0;0;0;0;0;0;0;0;0;0;0;0;0;0;0;0;0;0;0;0;0;0;0;0;0;0;0;0;0;0;0;0;0;0;0;0;0;0;0;0;0;0;0;0;0;0;0;0;0;0;0;0;0;0;0;0;0;0;0;3;0;1;2;0;2;1;2017-09-16 15:00:00;4094;0;0;0;0;0;-1;1;-1;-1;-1;-1;-1;-1;1;0;0;0;1;0;-1;0;0;0;0;0;0;0;0;0;0;0;0;0;1;1;0;0;-1;-1;0;0;-1;-1;-1;-1;-1;-1;-1;-1;-1;0;0;0;0;0;0;0;0;0;0;0;0;0;Al Markhiya;Al Sadd;0.91;2.18;0;0;0;0;0;0;0;0;0;0;0;0;0;0;0;808;22;Y;Y;Y;N;N;N;Y
228571;4097;4093;2017/2018;complete;1421;1;-1;23;33,49,76;1;3;4;4;6;10;4;0;2;3;0;0;3;4;9;9;12;13;10;18;50;50;2;3;0;0;0;0;0;0;0;0;0;0;0;0;0;0;0;0;0;0;0;0;0;0;0;0;0;0;0;0;0;0;0;0;0;0;0;0;0;0;0;0;0;0;0;0;0;0;0;0;0;0;0;0;0;0;0;0;0;0;0;0;0;0;0;0;0;0;0;0;4;1;1;0;2;2;2;2017-09-16 17:10:00;4093;0;0;0;0;0;-1;1;-1;-1;-1;-1;-1;-1;1;1;1;2;2;3;-1;0;0;0;0;0;0;0;0;0;0;0;0;0;1;1;0;0;-1;-1;1;0;-1;-1;-1;-1;-1;-1;-1;-1;-1;0;0;0;0;0;0;0;0;0;0;0;0;0;Al Arabi;Al Sailiya;1.45;1.55;0;0;0;0;0;0;0;0;0;0;0;0;0;0;0;808;22;Y;Y;Y;Y;N;N;Y
228572;4099;4102;2017/2018;complete;1421;1;-1;63,87;15,23,77,86;2;4;6;4;4;8;-1;-1;2;3;1;1;4;7;1;5;5;12;-1;-1;51;49;3;4;0;0;0;0;0;0;0;0;0;0;0;0;0;0;0;0;0;0;0;0;0;0;0;0;0;0;0;0;0;0;0;0;0;0;0;0;0;0;0;0;0;0;0;0;0;0;0;0;0;0;0;0;0;0;0;0;0;0;0;0;0;0;0;0;0;0;0;0;6;0;2;2;2;4;2;2017-09-16 17:10:00;4102;0;0;0;0;0;-1;1;-1;-1;-1;-1;-1;-1;2;3;1;1;5;2;-1;0;0;0;0;0;0;0;1;1;1;1;0;0;1;1;0;0;-1;-1;0;1;-1;-1;-1;-1;-1;-1;-1;-1;-1;0;0;0;0;0;0;0;0;0;0;0;0;0;Al Khor;Al Rayyan;1.09;2.09;0;0;0;0;0;0;0;0;0;0;0;0;0;0;0;808;22;Y;Y;Y;Y;Y;Y;Y
228573;4098;4095;2017/2018;complete;1421;2;-1;;;0;0;0;2;7;9;0;5;2;5;0;0;2;0;6;8;8;8;10;20;57;43;2;5;0;0;0;0;0;0;0;0;0;0;0;0;0;0;0;0;0;0;0;0;0;0;0;0;0;0;0;0;0;0;0;0;0;0;0;0;0;0;0;0;0;0;0;0;0;0;0;0;0;0;0;0;0;0;0;0;0;0;0;0;0;0;0;0;0;0;0;0;0;0;0;0;0;0;0;2017-09-21 17:00:00;-1;0;50;0;0;0;-1;1;-1;-1;-1;-1;-1;-1;0;1;2;4;1;6;-1;0;0;0;0;0;0;0;0;0;0;0;0;0;1;1;0;0;-1;-1;0;0;-1;-1;-1;-1;-1;-1;-1;-1;-1;0;0;0;50;50;0;50;50;0;7;4;0;1;Al Gharafa;Umm Salal;1.64;1.27;1;0;1;3;50;50;50;0;0;50;50;50;0;0;0;808;22;N;N;N;N;N;N;N
228574;4100;4102;2017/2018;complete;1421;2;-1;63;21,24,72;1;3;4;8;7;15;3;0;4;2;0;0;7;13;11;3;18;16;16;12;40;60;4;2;0;0;0;0;0;0;0;0;0;0;0;0;0;0;0;0;0;0;0;0;0;0;0;0;0;0;0;0;0;0;0;0;0;0;0;0;0;0;0;0;0;0;0;0;0;0;0;0;0;0;0;0;0;0;0;0;0;0;0;0;0;0;0;0;0;0;0;0;4;0;2;1;1;2;2;2017-09-22 14:50:00;4102;0;50;0;50;0;-1;1;-1;-1;-1;-1;-1;-1;2;0;2;2;2;4;-1;0;0;0;0;0;0;0;1;0;1;0;0;0;1;1;0;0;-1;-1;0;0;-1;-1;-1;-1;-1;-1;-1;-1;-1;50;50;50;50;50;50;50;50;50;4;0;4;3;Al Kharitiyath;Al Rayyan;1.36;2.09;0;3;0;3;0;0;0;0;0;0;0;0;0;0;0;808;22;Y;Y;Y;Y;N;N;Y
228575;4093;4103;2017/2018;complete;1421;2;-1;13,83;17,32,63;2;3;5;5;2;7;4;3;2;1;0;0;4;6;5;4;9;10;16;8;48;52;2;1;0;0;0;0;0;0;0;0;0;0;0;0;0;0;0;0;0;0;0;0;0;0;0;0;0;0;0;0;0;0;0;0;0;0;0;0;0;0;0;0;0;0;0;0;0;0;0;0;0;0;0;0;0;0;0;0;0;0;0;0;0;0;0;0;0;0;0;0;5;1;2;1;1;2;3;2017-09-22 17:00:00;4103;0;50;0;0;0;-1;1;-1;-1;-1;-1;-1;-1;0;0;2;1;0;3;-1;0;0;0;0;0;0;0;1;0;1;0;0;0;1;1;0;0;-1;-1;0;0;-1;-1;-1;-1;-1;-1;-1;-1;-1;0;0;50;50;50;0;50;50;50;3;3;0;1.5;Al Sailiya;Al Sadd;1;2.18;0;0;3;0;50;50;0;0;0;50;50;0;0;0;0;808;22;Y;Y;Y;Y;Y;N;Y
228576;4101;4094;2017/2018;complete;1421;2;-1;44;;1;0;1;9;5;14;2;0;1;1;0;0;3;0;7;8;10;8;15;9;49;51;1;1;0;0;0;0;0;0;0;0;0;0;0;0;0;0;0;0;0;0;0;0;0;0;0;0;0;0;0;0;0;0;0;0;0;0;0;0;0;0;0;0;0;0;0;0;0;0;0;0;0;0;0;0;0;0;0;0;0;0;0;0;0;0;0;0;0;0;0;0;1;1;0;0;0;0;1;2017-09-22 17:00:00;4101;0;0;0;0;0;-1;1;-1;-1;-1;-1;-1;-1;0;0;1;1;0;2;-1;0;0;0;0;0;0;0;0;0;0;0;0;0;1;1;0;0;-1;-1;0;0;-1;-1;-1;-1;-1;-1;-1;-1;-1;0;0;0;0;0;0;0;0;0;0;0;0;0;Qatar SC;Al Markhiya;0.82;0.82;0;0;0;3;0;0;0;0;0;0;0;0;0;0;0;808;22;Y;N;N;N;N;N;N
228577;4096;4097;2017/2018;complete;1421;2;-1;13,75;;2;0;2;10;2;12;3;2;0;1;0;0;7;3;10;4;17;7;17;8;63;37;0;1;0;0;0;0;0;0;0;0;0;0;0;0;0;0;0;0;0;0;0;0;0;0;0;0;0;0;0;0;0;0;0;0;0;0;0;0;0;0;0;0;0;0;0;0;0;0;0;0;0;0;0;0;0;0;0;0;0;0;0;0;0;0;0;0;0;0;0;0;2;1;0;1;0;1;1;2017-09-23 14:50:00;4096;0;50;50;50;0;-1;1;-1;-1;-1;-1;-1;-1;0;0;0;1;0;1;-1;0;0;0;0;0;0;0;0;0;0;0;0;0;1;1;0;0;-1;-1;0;0;-1;-1;-1;-1;-1;-1;-1;-1;-1;50;50;50;50;50;50;50;50;50;6;1;1;2.5;Al Duhail;Al Arabi;2.64;0.73;3;0;3;0;0;0;0;0;0;0;0;0;0;0;0;808;22;Y;Y;N;N;N;N;N
228578;4099;4104;2017/2018;complete;1421;2;-1;62,88;;2;0;2;7;7;14;0;1;0;3;0;0;9;4;13;5;22;9;11;21;52;48;0;3;0;0;0;0;0;0;0;0;0;0;0;0;0;0;0;0;0;0;0;0;0;0;0;0;0;0;0;0;0;0;0;0;0;0;0;0;0;0;0;0;0;0;0;0;0;0;0;0;0;0;0;0;0;0;0;0;0;0;0;0;0;0;0;0;0;0;0;0;2;0;0;2;0;2;0;2017-09-23 17:00:00;4099;0;100;0;50;0;-1;1;-1;-1;-1;-1;-1;-1;0;0;0;3;0;3;-1;0;0;0;0;0;0;0;0;0;0;0;0;0;1;1;0;0;-1;-1;0;0;-1;-1;-1;-1;-1;-1;-1;-1;-1;50;50;50;100;100;50;100;100;50;9;4;4;4;Al Khor;Al Ahli;1.09;1.27;0;1;0;1;50;50;50;0;0;50;50;50;0;0;0;808;22;Y;Y;N;N;N;N;N
228579;4094;4093;2017/2018;complete;1421;3;-1;12,88;3,23,38,55,85;2;5;7;6;7;13;2;4;1;0;0;0;4;12;15;5;19;17;10;12;40;60;1;0;0;0;0;0;0;0;0;0;0;0;0;0;0;0;0;0;0;0;0;0;0;0;0;0;0;0;0;0;0;0;0;0;0;0;0;0;0;0;0;0;0;0;0;0;0;0;0;0;0;0;0;0;0;0;0;0;0;0;0;0;0;0;0;0;0;0;0;0;7;1;3;1;2;3;4;2017-09-28 14:45:00;4093;0;100;50;0;0;-1;1;-1;-1;-1;-1;-1;-1;1;0;0;0;1;0;-1;0;0;0;0;0;0;0;0;0;0;0;0;0;1;1;0;1;-1;-1;0;0;-1;-1;-1;-1;-1;-1;-1;-1;-1;0;50;100;100;100;50;100;100;100;13;1;4;3.5;Al Markhiya;Al Sailiya;0.91;1.55;3;3;1.5;1.5;100;50;0;0;0;100;100;0;0;0;0;808;22;Y;Y;Y;Y;Y;Y;Y
228580;4102;4096;2017/2018;complete;1421;3;-1;74,80,90;30,44,55,68,90;3;5;8;2;3;5;2;1;2;5;0;0;6;7;4;5;10;12;11;20;43;57;2;5;0;0;0;0;0;0;0;0;0;0;0;0;0;0;0;0;0;0;0;0;0;0;0;0;0;0;0;0;0;0;0;0;0;0;0;0;0;0;0;0;0;0;0;0;0;0;0;0;0;0;0;0;0;0;0;0;0;0;0;0;0;0;0;0;0;0;0;0;8;0;2;3;3;6;2;2017-09-29 14:45:00;4096;0;0;0;0;0;-1;1;-1;-1;-1;-1;-1;-1;0;1;2;4;1;6;-1;0;0;0;0;0;0;0;0;2;0;2;0;0;1;1;0;0;-1;-1;0;0;-1;-1;-1;-1;-1;-1;-1;-1;-1;0;0;0;0;0;0;0;0;0;0;0;0;0;Al Rayyan;Al Duhail;1.82;2.82;0;0;3;3;0;0;0;0;0;0;0;0;0;0;0;808;22;Y;Y;Y;Y;Y;Y;Y
228581;4103;4098;2017/2018;complete;1421;3;-1;56,86;29;2;1;3;6;4;10;2;0;3;3;0;1;10;3;10;3;20;6;16;14;52;48;3;4;0;0;0;0;0;0;0;0;0;0;0;0;0;0;0;0;0;0;0;0;0;0;0;0;0;0;0;0;0;0;0;0;0;0;0;0;0;0;0;0;0;0;0;0;0;0;0;0;0;0;0;0;0;0;0;0;0;0;0;0;0;0;0;0;0;0;0;0;3;0;1;2;0;2;1;2017-09-29 16:55:00;4103;0;0;0;0;0;-1;1;-1;-1;-1;-1;-1;-1;1;3;2;1;4;3;-1;0;0;0;0;0;0;0;0;1;0;1;0;0;1;1;0;0;-1;-1;1;0;-1;-1;-1;-1;-1;-1;-1;-1;-1;0;0;0;0;0;0;0;0;0;0;0;0;0;Al Sadd;Al Gharafa;2;1.27;0;0;1.5;1;0;0;0;0;0;0;0;0;0;0;0;808;22;Y;Y;Y;N;N;N;Y
228582;4100;4099;2017/2018;complete;1421;3;-1;38;90;1;1;2;7;3;10;2;0;2;1;0;0;3;2;6;6;9;8;18;17;42;58;2;1;0;0;0;0;0;0;0;0;0;0;0;0;0;0;0;0;0;0;0;0;0;0;0;0;0;0;0;0;0;0;0;0;0;0;0;0;0;0;0;0;0;0;0;0;0;0;0;0;0;0;0;0;0;0;0;0;0;0;0;0;0;0;0;0;0;0;0;0;2;1;0;0;1;1;1;2017-09-29 16:55:00;-1;0;50;0;50;0;-1;1;-1;-1;-1;-1;-1;-1;0;0;2;1;0;3;-1;0;0;0;0;0;0;0;0;0;0;0;0;0;1;1;0;0;-1;-1;0;0;-1;-1;-1;-1;-1;-1;-1;-1;-1;0;50;50;50;50;50;50;50;50;8;3;4;2;Al Kharitiyath;Al Khor;1.36;1.09;0;0;0;1.5;50;0;0;0;0;50;50;50;0;0;0;808;22;Y;Y;N;N;N;N;Y
228583;4097;4101;2017/2018;complete;1421;3;-1;9,43;63;2;1;3;3;5;8;0;1;1;2;0;0;4;6;7;10;11;16;7;15;55;45;1;2;0;0;0;0;0;0;0;0;0;0;0;0;0;0;0;0;0;0;0;0;0;0;0;0;0;0;0;0;0;0;0;0;0;0;0;0;0;0;0;0;0;0;0;0;0;0;0;0;0;0;0;0;0;0;0;0;0;0;0;0;0;0;0;0;0;0;0;0;3;2;0;0;1;1;2;2017-09-30 14:45:00;4097;0;100;100;50;0;-1;1;-1;-1;-1;-1;-1;-1;1;1;0;1;2;1;-1;0;0;0;0;0;0;0;0;0;0;0;0;0;1;1;1;0;-1;-1;0;0;-1;-1;-1;-1;-1;-1;-1;-1;-1;50;100;100;100;100;100;100;100;100;6;6;3;4.5;Al Arabi;Qatar SC;1.45;1.18;0;0;0;1.5;50;0;0;0;0;50;50;0;0;0;0;808;22;Y;Y;Y;N;N;N;Y
228584;4104;4095;2017/2018;complete;1421;3;-1;;23,90;0;2;2;1;11;12;0;1;1;2;1;0;0;9;10;8;10;17;12;19;45;55;3;2;0;0;0;0;0;0;0;0;0;0;0;0;0;0;0;0;0;0;0;0;0;0;0;0;0;0;0;0;0;0;0;0;0;0;0;0;0;0;0;0;0;0;0;0;0;0;0;0;0;0;0;0;0;0;0;0;0;0;0;0;0;0;0;0;0;0;0;0;2;0;1;0;1;1;1;2017-09-30 16:55:00;4095;0;0;0;0;0;-1;1;-1;-1;-1;-1;-1;-1;0;2;2;0;2;2;-1;0;0;0;0;0;0;0;0;0;0;0;0;0;1;1;0;0;-1;-1;0;0;-1;-1;-1;-1;-1;-1;-1;-1;-1;0;0;0;0;0;0;0;0;0;7;5;5;0;Al Ahli;Umm Salal;0.73;1.27;0;1;0.5;2;50;50;50;50;50;50;0;0;0;0;0;808;22;Y;Y;N;N;N;N;N
228585;4098;4099;2017/2018;complete;1421;4;-1;22,57,64;;3;0;3;4;2;6;2;4;1;1;0;1;7;0;6;2;13;2;13;14;57;43;1;3;0;0;0;0;0;0;0;0;0;0;0;0;0;0;0;0;0;0;0;0;0;0;0;0;0;0;0;0;0;0;0;0;0;0;0;0;0;0;0;0;0;0;0;0;0;0;0;0;0;0;0;0;0;0;0;0;0;0;0;0;0;0;0;0;0;0;0;0;3;1;0;2;0;2;1;2017-10-14 14:30:00;4098;0;75;0;0;0;-1;1;-1;-1;-1;-1;-1;-1;1;2;0;0;3;0;-1;0;0;0;0;0;0;0;0;0;0;0;0;0;1;1;0;0;-1;-1;0;0;-1;-1;-1;-1;-1;-1;-1;-1;-1;0;0;0;75;75;0;75;75;0;7.5;2;2;1.5;Al Gharafa;Al Khor;1.64;1.09;1;1;0.67;1.33;100;100;100;25;25;100;75;25;0;0;0;808;22;Y;Y;Y;N;N;N;N
228586;4095;4097;2017/2018;complete;1421;4;-1;7,41,57,60;75;4;1;5;4;6;10;3;1;3;1;0;0;5;3;5;7;10;10;26;20;41;59;3;1;0;0;0;0;0;0;0;0;0;0;0;0;0;0;0;0;0;0;0;0;0;0;0;0;0;0;0;0;0;0;0;0;0;0;0;0;0;0;0;0;0;0;0;0;0;0;0;0;0;0;0;0;0;0;0;0;0;0;0;0;0;0;0;0;0;0;0;0;5;2;0;2;1;3;2;2017-10-14 16:40:00;4095;0;50;0;50;0;-1;1;-1;-1;-1;-1;-1;-1;1;1;2;0;2;2;-1;0;0;0;0;0;0;0;0;0;0;0;0;0;1;1;1;0;-1;-1;0;0;-1;-1;-1;-1;-1;-1;-1;-1;-1;0;50;50;100;100;50;100;100;50;4;2;2;3;Umm Salal;Al Arabi;1.73;0.73;3;0;2.33;1;100;50;50;0;0;50;50;50;0;0;0;808;22;Y;Y;Y;Y;Y;N;Y
228587;4093;4100;2017/2018;complete;1421;4;-1;40,65;37;2;1;3;5;3;8;1;3;1;0;0;1;5;3;5;3;10;6;16;18;60;40;1;2;0;0;0;0;0;0;0;0;0;0;0;0;0;0;0;0;0;0;0;0;0;0;0;0;0;0;0;0;0;0;0;0;0;0;0;0;0;0;0;0;0;0;0;0;0;0;0;0;0;0;0;0;0;0;0;0;0;0;0;0;0;0;0;0;0;0;0;0;3;1;1;1;0;1;2;2017-10-14 16:40:00;4093;0;100;50;100;0;-1;1;-1;-1;-1;-1;-1;-1;0;0;1;1;0;2;-1;0;0;0;0;0;0;0;0;0;0;0;0;0;1;1;0;0;-1;-1;0;0;-1;-1;-1;-1;-1;-1;-1;-1;-1;50;100;100;100;100;100;100;100;100;6;5;5;4.5;Al Sailiya;Al Kharitiyath;1;0.09;0;0;2;0.33;50;0;0;0;0;0;0;0;0;0;0;808;22;Y;Y;Y;N;N;N;Y
228588;4102;4094;2017/2018;complete;1421;4;-1;2,26,71,79;80;4;1;5;4;2;6;3;0;2;1;0;0;5;2;1;7;6;9;18;7;47;53;2;1;0;0;0;0;0;0;0;0;0;0;0;0;0;0;0;0;0;0;0;0;0;0;0;0;0;0;0;0;0;0;0;0;0;0;0;0;0;0;0;0;0;0;0;0;0;0;0;0;0;0;0;0;0;0;0;0;0;0;0;0;0;0;0;0;0;0;0;0;5;2;0;2;1;3;2;2017-10-15 14:30:00;4102;0;50;0;50;0;-1;1;-1;-1;-1;-1;-1;-1;1;1;1;0;2;1;-1;0;0;0;0;0;0;0;0;0;0;0;0;0;1;1;1;0;-1;-1;0;0;-1;-1;-1;-1;-1;-1;-1;-1;-1;50;50;50;50;100;50;100;50;50;7;2;3;4.5;Al Rayyan;Al Markhiya;1.82;0.82;0;0;2;1;50;50;50;50;0;50;50;50;0;0;0;808;22;Y;Y;Y;Y;Y;N;Y
228589;4103;4101;2017/2018;complete;1421;4;-1;24,62,86;60;3;1;4;8;11;19;0;3;2;1;0;0;5;4;9;11;14;15;13;20;52;48;2;1;0;0;0;0;0;0;0;0;0;0;0;0;0;0;0;0;0;0;0;0;0;0;0;0;0;0;0;0;0;0;0;0;0;0;0;0;0;0;0;0;0;0;0;0;0;0;0;0;0;0;0;0;0;0;0;0;0;0;0;0;0;0;0;0;0;0;0;0;4;1;0;2;1;3;1;2017-10-15 16:40:00;4103;0;100;25;25;0;-1;1;-1;-1;-1;-1;-1;-1;0;1;2;0;1;2;-1;0;0;0;0;0;0;0;0;0;0;0;0;0;1;1;0;0;-1;-1;0;0;-1;-1;-1;-1;-1;-1;-1;-1;-1;25;25;100;100;100;50;100;100;75;9.5;3.5;4.5;3.5;Al Sadd;Qatar SC;2;1.18;3;0;2;1;75;75;0;0;0;50;50;0;0;0;0;808;22;Y;Y;Y;Y;N;N;Y
228590;4096;4104;2017/2018;complete;1421;4;-1;26,39,54,64,68,90;46;6;1;7;7;2;9;0;1;2;4;0;0;10;4;12;1;22;5;12;12;64;36;2;4;0;0;0;0;0;0;0;0;0;0;0;0;0;0;0;0;0;0;0;0;0;0;0;0;0;0;0;0;0;0;0;0;0;0;0;0;0;0;0;0;0;0;0;0;0;0;0;0;0;0;0;0;0;0;0;0;0;0;0;0;0;0;0;0;0;0;0;0;7;2;0;4;1;5;2;2017-10-15 16:40:00;4096;0;50;25;25;0;-1;1;-1;-1;-1;-1;-1;-1;1;1;1;3;2;4;-1;0;0;0;0;0;0;0;1;0;1;0;0;0;1;1;0;0;-1;-1;0;0;-1;-1;-1;-1;-1;-1;-1;-1;-1;25;25;25;100;100;25;75;100;50;14;5;2.5;2.75;Al Duhail;Al Ahli;2.64;1.27;3;0.5;3;0.33;75;75;75;0;0;75;75;75;0;0;0;808;22;Y;Y;Y;Y;Y;Y;Y
228591;4100;4098;2017/2018;complete;1421;5;-1;41,65,79,90;59;4;1;5;5;11;16;2;0;2;3;0;0;13;10;6;7;19;17;18;18;45;55;2;3;0;0;0;0;0;0;0;0;0;0;0;0;0;0;0;0;0;0;0;0;0;0;0;0;0;0;0;0;0;0;0;0;0;0;0;0;0;0;0;0;0;0;0;0;0;0;0;0;0;0;0;0;0;0;0;0;0;0;0;0;0;0;0;0;0;0;0;0;5;1;0;3;1;4;1;2017-10-19 16:35:00;4100;0;100;0;25;0;-1;1;-1;-1;-1;-1;-1;-1;1;3;1;0;4;1;-1;0;0;0;0;0;0;0;1;0;1;0;0;0;1;1;0;0;-1;-1;0;0;-1;-1;-1;-1;-1;-1;-1;-1;-1;0;25;75;100;100;25;100;100;75;11.5;2.5;7;3;Al Kharitiyath;Al Gharafa;1.36;1.27;0.5;0;0.25;1.25;100;75;25;0;0;100;100;25;0;0;0;808;22;Y;Y;Y;Y;Y;N;Y
228592;4093;4102;2017/2018;complete;1421;5;-1;;83;0;1;1;7;5;12;2;5;1;2;0;0;5;12;10;11;15;23;18;12;44;56;1;2;0;0;0;0;0;1.42;0;0;0;0;0;0;0;0;0;0;0;0;0;0;0;0;0;0;0;0;0;0;0;0;0;0;0;0;0;0;0;0;0;0;0;0;0;0;0;0;0;0;0;0;0;0;0;0;0;0;0;0;0;0;0;0;0;0;0;0;0;0;1;0;0;0;1;1;0;2017-10-20 14:25:00;4102;0;100;50;75;0;-1;1;-1;-1;-1;-1;-1;-1;1;1;0;1;2;1;-1;0;0;0;0;0;0;0;0;1;0;1;0;0;1;1;0;0;-1;-1;0;1;-1;-1;-1;-1;-1;-1;-1;-1;-1;50;75;100;100;100;100;100;100;75;10.5;2;4.5;4.5;Al Sailiya;Al Rayyan;1;2.09;1.5;3;2.25;2.25;50;25;0;0;0;25;25;25;0;0;0;808;22;Y;N;N;N;N;N;N
228593;4099;4094;2017/2018;complete;1421;5;-1;;56;0;1;1;6;2;8;2;4;2;3;0;0;7;5;5;3;12;8;14;16;59;41;2;3;0;0;0;0;0;1.64;0;0;0;0;0;0;0;0;0;0;0;0;0;0;0;0;0;0;0;0;0;0;0;0;0;0;0;0;0;0;0;0;0;0;0;0;0;0;0;0;0;0;0;0;0;0;0;0;0;0;0;0;0;0;0;0;0;0;0;0;0;0;1;0;0;0;1;1;0;2017-10-20 14:25:00;4094;0;50;0;50;0;-1;1;-1;-1;-1;-1;-1;-1;1;3;1;0;4;1;-1;0;0;0;0;0;0;0;0;0;0;0;0;0;1;1;0;0;-1;-1;0;1;-1;-1;-1;-1;-1;-1;-1;-1;-1;50;50;50;75;100;50;75;75;75;9;0;2.5;3.5;Al Khor;Al Markhiya;1.09;0.82;1.5;0;1;0.75;50;50;50;25;0;50;50;50;0;0;0;808;22;Y;N;N;N;N;N;N
228594;4097;4103;2017/2018;complete;1421;5;-1;43;4,26,90;1;3;4;7;5;12;2;6;5;1;0;0;8;7;10;11;18;18;16;5;51;49;5;1;0;0;0;0;0;1.39;0;0;0;0;0;0;0;0;0;0;0;0;0;0;0;0;0;0;0;0;0;0;0;0;0;0;0;0;0;0;0;0;0;0;0;0;0;0;0;0;0;0;0;0;0;0;0;0;0;0;0;0;0;0;0;0;0;0;0;0;0;0;4;1;2;0;1;1;3;2017-10-20 16:35:00;4103;0;100;50;25;0;-1;1;-1;-1;-1;-1;-1;-1;0;0;5;1;0;6;-1;0;0;0;0;0;0;0;0;0;0;0;0;0;1;1;0;1;-1;-1;0;0;-1;-1;-1;-1;-1;-1;-1;-1;-1;25;50;100;100;100;75;100;100;75;6;5;2;3.75;Al Arabi;Al Sadd;1.45;2.18;1.5;1.5;0.75;2.25;75;50;0;0;0;50;50;0;0;0;0;808;22;Y;Y;Y;Y;N;N;Y
228595;4095;4096;2017/2018;complete;1421;5;-1;87;5,40,68,70;1;4;5;4;4;8;5;2;5;3;0;0;6;8;6;3;12;11;14;8;41;59;5;3;0;0;0;0;0;1.5;0;0;0;0;0;0;0;0;0;0;0;0;0;0;0;0;0;0;0;0;0;0;0;0;0;0;0;0;0;0;0;0;0;0;0;0;0;0;0;0;0;0;0;0;0;0;0;0;0;0;0;0;0;0;0;0;0;0;0;0;0;0;5;0;2;1;2;3;2;2017-10-21 14:25:00;4096;0;100;0;100;0;-1;1;-1;-1;-1;-1;-1;-1;3;2;2;1;5;3;-1;0;0;0;0;0;0;0;0;1;0;1;0;0;1;1;0;1;-1;-1;0;0;-1;-1;-1;-1;-1;-1;-1;-1;-1;75;100;100;100;100;100;100;100;100;6;2.5;7;6.25;Umm Salal;Al Duhail;1.73;2.82;3;3;2.5;3;25;0;0;0;0;25;25;0;0;0;0;808;22;Y;Y;Y;Y;Y;N;Y
228596;4101;4104;2017/2018;complete;1421;5;-1;;12,45,62;0;3;3;8;3;11;1;2;0;2;0;0;3;4;15;5;18;9;11;11;59;41;0;2;0;0;0;0;0;1.64;0;0;0;0;0;0;0;0;0;0;0;0;0;0;0;0;0;0;0;0;0;0;0;0;0;0;0;0;0;0;0;0;0;0;0;0;0;0;0;0;0;0;0;0;0;0;0;0;0;0;0;0;0;0;0;0;0;0;0;0;0;0;3;0;2;0;1;1;2;2017-10-21 16:35:00;4104;0;34;0;17;0;-1;1;-1;-1;-1;-1;-1;-1;0;1;0;1;1;1;-1;0;0;0;0;0;0;0;0;0;0;0;0;0;1;1;0;0;-1;-1;0;0;-1;-1;-1;-1;-1;-1;-1;-1;-1;17;17;17;50;100;17;84;50;34;13.67;4.33;3.67;2.34;Qatar SC;Al Ahli;0.82;1.27;3;0.33;0.75;0.25;84;84;84;50;0;100;84;84;0;0;0;808;22;Y;Y;Y;N;N;N;N
228597;4094;4100;2017/2018;complete;1421;6;-1;;;0;0;0;5;8;13;2;2;1;3;0;0;6;6;5;6;11;12;5;11;50;50;1;3;0;0;0;0;0;0;0;0;0;0;0;0;0;0;0;0;0;0;0;0;0;0;0;0;0;0;0;0;0;0;0;0;0;0;0;0;0;0;0;0;0;0;0;0;0;0;0;0;0;0;0;0;0;0;0;0;0;0;0;0;0;0;0;0;0;0;0;0;0;0;0;0;0;0;0;2017-10-26 16:30:00;-1;0;100;50;50;0;-1;1;-1;-1;-1;-1;-1;-1;1;2;0;1;3;1;-1;0;0;0;0;0;0;0;0;0;0;0;0;0;1;1;0;0;-1;-1;0;0;-1;-1;-1;-1;-1;-1;-1;-1;-1;25;50;100;100;100;75;100;100;75;8.5;3.5;3.5;4.25;Al Markhiya;Al Kharitiyath;0.91;0.09;1.5;0;1.2;0.8;75;50;0;0;0;50;50;25;0;0;0;808;22;N;N;N;N;N;N;N
228598;4095;4099;2017/2018;complete;1421;6;-1;49;;1;0;1;5;4;9;3;0;1;0;0;0;6;6;7;12;13;18;18;19;53;47;1;0;0;0;0;0;0;0;0;0;0;0;0;0;0;0;0;0;0;0;0;0;0;0;0;0;0;0;0;0;0;0;0;0;0;0;0;0;0;0;0;0;0;0;0;0;0;0;0;0;0;0;0;0;0;0;0;0;0;0;0;0;0;0;0;0;0;0;0;0;1;0;0;1;0;1;0;2017-10-27 14:20:00;4095;0;75;0;50;0;-1;1;-1;-1;-1;-1;-1;-1;0;0;1;0;0;1;-1;0;0;0;0;0;0;0;0;0;0;0;0;0;1;1;0;0;-1;-1;0;0;-1;-1;-1;-1;-1;-1;-1;-1;-1;34;50;75;100;100;50;100;100;75;5.83;4.67;5;3.59;Umm Salal;Al Khor;1.73;1.09;2;0.5;2;0.8;67;50;25;0;0;42;42;0;0;0;0;808;22;Y;N;N;N;N;N;N
228599;4104;4097;2017/2018;complete;1421;6;-1;50,85;21,64;2;2;4;4;5;9;3;0;3;2;0;0;5;6;3;2;8;8;13;17;49;51;3;2;0;0;0;0;0;0;0;0;0;0;0;0;0;0;0;0;0;0;0;0;0;0;0;0;0;0;0;0;0;0;0;0;0;0;0;0;0;0;0;0;0;0;0;0;0;0;0;0;0;0;0;0;0;0;0;0;0;0;0;0;0;0;0;0;0;0;0;0;4;0;1;2;1;3;1;2017-10-27 14:20:00;-1;0;25;0;25;0;-1;1;-1;-1;-1;-1;-1;-1;0;0;3;2;0;5;-1;0;0;0;0;0;0;0;0;0;0;0;0;0;1;1;0;0;-1;-1;0;0;-1;-1;-1;-1;-1;-1;-1;-1;-1;25;25;25;100;100;25;100;100;25;5;1.5;4;2.75;Al Ahli;Al Arabi;0.73;0.73;0;0;0.8;0.6;75;75;75;0;0;100;100;75;0;0;0;808;22;Y;Y;Y;Y;N;N;Y
228600;4103;4102;2017/2018;complete;1421;6;-1;12;55,71;1;2;3;2;6;8;2;3;3;4;0;0;4;5;2;8;6;13;16;19;50;50;3;4;0;0;0;0;0;0;0;0;0;0;0;0;0;0;0;0;0;0;0;0;0;0;0;0;0;0;0;0;0;0;0;0;0;0;0;0;0;0;0;0;0;0;0;0;0;0;0;0;0;0;0;0;0;0;0;0;0;0;0;0;0;0;0;0;0;0;0;0;3;1;0;0;2;2;1;2017-10-27 16:30:00;4102;0;84;0;59;0;-1;1;-1;-1;-1;-1;-1;-1;1;0;2;4;1;6;-1;0;0;0;0;0;0;0;0;0;0;0;0;0;1;1;0;0;-1;-1;0;0;-1;-1;-1;-1;-1;-1;-1;-1;-1;17;59;84;84;100;34;84;100;84;12.33;2.33;5.17;3.59;Al Sadd;Al Rayyan;2;2.09;3;3;2.4;2.4;84;42;17;17;0;84;84;59;0;0;0;808;22;Y;Y;Y;N;N;N;Y
228601;4101;4093;2017/2018;complete;1421;6;-1;90;13,23,45,49,62;1;5;6;3;4;7;4;3;1;2;0;0;8;9;10;6;18;15;14;14;44;56;1;2;0;0;0;0;0;0;0;0;0;0;0;0;0;0;0;0;0;0;0;0;0;0;0;0;0;0;0;0;0;0;0;0;0;0;0;0;0;0;0;0;0;0;0;0;0;0;0;0;0;0;0;0;0;0;0;0;0;0;0;0;0;0;0;0;0;0;0;0;6;0;3;1;2;3;3;2017-10-28 14:20:00;4093;0;50;50;25;0;-1;1;-1;-1;-1;-1;-1;-1;1;1;0;1;2;1;-1;0;0;0;0;0;0;0;1;1;1;1;0;0;1;1;0;0;-1;-1;0;0;-1;-1;-1;-1;-1;-1;-1;-1;-1;25;50;75;75;100;75;100;75;50;15;3.5;2;3.75;Qatar SC;Al Sailiya;0.82;1.55;1.5;3;0.6;1.8;75;50;25;25;0;100;100;75;0;0;0;808;22;Y;Y;Y;Y;Y;Y;Y
228602;4096;4098;2017/2018;complete;1421;6;-1;25;56;1;1;2;4;5;9;8;1;1;3;0;0;4;4;4;3;8;7;11;9;55;45;1;3;0;0;0;0;0;0;0;0;0;0;0;0;0;0;0;0;0;0;0;0;0;0;0;0;0;0;0;0;0;0;0;0;0;0;0;0;0;0;0;0;0;0;0;0;0;0;0;0;0;0;0;0;0;0;0;0;0;0;0;0;0;0;0;0;0;0;0;0;2;1;0;0;1;1;1;2017-10-28 16:30:00;-1;0;84;17;59;0;-1;1;-1;-1;-1;-1;-1;-1;1;0;0;3;1;3;-1;0;0;0;0;0;0;0;0;0;0;0;0;0;1;1;0;0;-1;-1;0;0;-1;-1;-1;-1;-1;-1;-1;-1;-1;59;59;84;100;100;34;100;100;84;15.17;1.33;4.5;4.34;Al Duhail;Al Gharafa;2.64;1.27;3;0;3;1;42;42;17;0;0;84;67;42;0;0;0;808;22;Y;Y;N;N;N;N;Y
228603;4104;4103;2017/2018;complete;1421;7;-1;90;7,18;1;2;3;3;2;5;2;1;0;0;0;0;4;4;3;10;7;14;19;12;50;50;0;0;0;0;0;0;0;0;0;0;0;0;0;0;0;0;0;0;0;0;0;0;0;0;0;0;0;0;0;0;0;0;0;0;0;0;0;0;0;0;0;0;0;0;0;0;0;0;0;0;0;0;0;0;0;0;0;0;0;0;0;0;0;0;0;0;0;0;0;0;3;0;2;1;0;1;2;2017-11-02 16:25:00;4103;0;75;34;42;0;-1;-1;-1;-1;-1;-1;-1;-1;0;0;0;0;0;0;-1;0;0;0;0;0;0;0;0;0;0;0;0;0;1;1;0;1;-1;-1;-1;-1;-1;-1;-1;-1;-1;-1;-1;-1;-1;17;59;75;100;100;34;100;100;59;5.83;5.5;3.67;3.5;Al Ahli;Al Sadd;0.73;2.18;0.5;2;0.83;2;84;42;25;0;0;84;59;42;0;0;0;808;22;Y;Y;Y;N;N;N;Y
228604;4102;4101;2017/2018;complete;1421;7;-1;43,62;;2;0;2;10;6;16;1;0;1;3;0;1;7;4;12;3;19;7;12;15;63;37;1;4;0;0;0;0;0;0;0;0;0;0;0;0;0;0;0;0;0;0;0;0;0;0;0;0;0;0;0;0;0;0;0;0;0;0;0;0;0;0;0;0;0;0;0;0;0;0;0;0;0;0;0;0;0;0;0;0;0;0;0;0;0;0;0;0;0;0;0;0;2;1;0;1;0;1;1;2017-11-03 14:15:00;4102;0;100;17;84;0;-1;1;-1;-1;-1;-1;-1;-1;0;3;1;1;3;2;-1;0;0;0;0;0;0;0;0;0;0;0;0;0;1;1;0;0;-1;-1;0;0;-1;-1;-1;-1;-1;-1;-1;-1;-1;67;84;100;100;100;84;100;100;84;9;4.5;3.33;5.25;Al Rayyan;Qatar SC;1.82;1.18;1.5;0;2.5;0.5;34;17;0;0;0;17;17;17;0;0;0;808;22;Y;Y;N;N;N;N;N
228605;4098;4094;2017/2018;complete;1421;7;-1;10;64;1;1;2;2;6;8;1;2;1;0;0;0;3;3;3;7;6;10;18;19;54;46;1;0;0;0;0;0;0;0;0;0;0;0;0;0;0;0;0;0;0;0;0;0;0;0;0;0;0;0;0;0;0;0;0;0;0;0;0;0;0;0;0;0;0;0;0;0;0;0;0;0;0;0;0;0;0;0;0;0;0;0;0;0;0;0;0;0;0;0;0;0;2;1;0;0;1;1;1;2017-11-03 14:15:00;-1;0;33;0;17;0;-1;1;-1;-1;-1;-1;-1;-1;0;0;1;0;0;1;-1;0;0;0;0;0;0;0;0;0;0;0;0;0;1;1;1;0;-1;-1;0;0;-1;-1;-1;-1;-1;-1;-1;-1;-1;17;17;33;50;84;17;67;67;33;7.33;3.33;2.67;2;Al Gharafa;Al Markhiya;1.64;0.82;1.67;1;1;1.17;84;84;67;50;17;50;33;33;0;0;0;808;22;Y;Y;N;N;N;N;Y
228606;4099;4096;2017/2018;complete;1421;7;-1;68,87;30,34,45,90;2;4;6;2;4;6;4;2;2;1;0;0;4;8;2;8;6;16;16;10;42;58;2;1;0;0;0;0;0;0;0;0;0;0;0;0;0;0;0;0;0;0;0;0;0;0;0;0;0;0;0;0;0;0;0;0;0;0;0;0;0;0;0;0;0;0;0;0;0;0;0;0;0;0;0;0;0;0;0;0;0;0;0;0;0;0;0;0;0;0;0;0;6;0;3;2;1;3;3;2017-11-03 16:25:00;4096;0;67;0;67;0;-1;1;-1;-1;-1;-1;-1;-1;1;1;1;0;2;1;-1;0;0;0;0;0;0;0;1;0;1;0;0;0;1;1;0;0;-1;-1;1;0;-1;-1;-1;-1;-1;-1;-1;-1;-1;67;67;67;84;100;67;67;100;84;9.17;1.83;5.67;4.75;Al Khor;Al Duhail;1.09;2.82;1;3;0.67;2.67;34;34;34;17;0;17;17;17;0;0;0;808;22;Y;Y;Y;Y;Y;Y;Y
228607;4093;4095;2017/2018;complete;1421;7;-1;36,79,87;48,55;3;2;5;6;6;12;1;8;0;3;0;1;7;3;4;4;11;7;10;17;59;41;0;5;0;0;0;0;0;0;0;0;0;0;0;0;0;0;0;0;0;0;0;0;0;0;0;0;0;0;0;0;0;0;0;0;0;0;0;0;0;0;0;0;0;0;0;0;0;0;0;0;0;0;0;0;0;0;0;0;0;0;0;0;0;0;0;0;0;0;0;0;5;1;0;2;2;4;1;2017-11-04 14:15:00;4093;0;34;34;17;0;-1;1;-1;-1;-1;-1;-1;-1;0;1;0;3;1;3;-1;0;0;0;0;0;0;0;0;0;0;0;0;0;1;1;0;0;-1;-1;0;0;-1;-1;-1;-1;-1;-1;-1;-1;-1;17;17;34;59;75;34;59;75;17;14.67;5.33;4.83;2;Al Sailiya;Umm Salal;1;1.27;1;2;2;2.17;84;84;67;42;25;67;42;42;0;0;0;808;22;Y;Y;Y;Y;Y;N;Y
228608;4100;4097;2017/2018;complete;1421;7;-1;90;79;1;1;2;7;4;11;3;0;3;2;0;0;4;4;10;5;14;9;17;16;51;49;3;2;0;0;0;0;0;0;0;0;0;0;0;0;0;0;0;0;0;0;0;0;0;0;0;0;0;0;0;0;0;0;0;0;0;0;0;0;0;0;0;0;0;0;0;0;0;0;0;0;0;0;0;0;0;0;0;0;0;0;0;0;0;0;0;0;0;0;0;0;2;0;0;1;1;2;0;2017-11-04 16:25:00;-1;0;84;0;67;0;-1;1;-1;-1;-1;-1;-1;-1;2;2;1;0;4;1;-1;0;0;0;0;0;0;0;0;0;0;0;0;0;1;1;0;0;-1;-1;0;0;-1;-1;-1;-1;-1;-1;-1;-1;-1;33;67;67;100;100;33;100;100;67;11;3.33;4;3.67;Al Kharitiyath;Al Arabi;1.36;0.73;1.33;0.33;0.83;0.67;67;33;33;0;0;100;84;50;0;0;0;808;22;Y;Y;N;N;N;N;Y
228609;4098;4093;2017/2018;complete;1421;8;-1;68,85;61,72,90;2;3;5;2;5;7;5;2;1;2;0;0;4;4;6;8;10;12;5;18;44;56;1;2;0;0;0;0;0;0;0;0;0;0;0;0;0;0;0;0;0;0;0;0;0;0;0;0;0;0;0;0;0;0;0;0;0;0;0;0;0;0;0;0;0;0;0;0;0;0;0;0;0;0;0;0;0;0;0;0;0;0;0;0;0;0;0;0;0;0;0;0;5;0;0;2;3;5;0;2017-11-18 13:00:00;4093;0;75;34;34;0;-1;1;-1;-1;-1;-1;-1;-1;0;0;1;2;0;3;-1;0;0;0;0;0;0;0;0;1;0;1;0;0;1;1;0;0;-1;-1;0;0;-1;-1;-1;-1;-1;-1;-1;-1;-1;34;50;63;88;88;50;88;88;63;9.42;4.08;2.67;3.71;Al Gharafa;Al Sailiya;1.64;1.55;1.5;3;1;2.14;67;50;38;13;13;59;46;29;0;0;0;808;22;Y;Y;Y;Y;Y;N;Y
228610;4094;4104;2017/2018;complete;1421;8;-1;;69;0;1;1;1;2;3;1;2;1;4;0;0;5;9;7;9;12;18;15;19;41;59;1;4;0;0;0;0;0;0;0;0;0;0;0;0;0;0;0;0;0;0;0;0;0;0;0;0;0;0;0;0;0;0;0;0;0;0;0;0;0;0;0;0;0;0;0;0;0;0;0;0;0;0;0;0;0;0;0;0;0;0;0;0;0;0;0;0;0;0;0;0;1;0;0;0;1;1;0;2017-11-18 13:00:00;4104;0;59;17;29;0;-1;1;-1;-1;-1;-1;-1;-1;0;2;1;2;2;3;-1;0;0;0;0;0;0;0;0;0;0;0;0;0;1;1;0;0;-1;-1;0;0;-1;-1;-1;-1;-1;-1;-1;-1;-1;29;29;59;84;84;42;71;84;59;10.25;3.92;3.5;3.42;Al Markhiya;Al Ahli;0.91;1.27;1.33;1;1.14;0.71;71;71;42;17;17;100;88;71;0;0;0;808;22;Y;N;N;N;N;N;N
228611;4101;4099;2017/2018;complete;1421;8;-1;6;1,75;1;2;3;5;7;12;2;1;2;3;0;0;3;5;7;3;10;8;15;15;47;53;2;3;0;0;0;0;0;0;0;0;0;0;0;0;0;0;0;0;0;0;0;0;0;0;0;0;0;0;0;0;0;0;0;0;0;0;0;0;0;0;0;0;0;0;0;0;0;0;0;0;0;0;0;0;0;0;0;0;0;0;0;0;0;0;0;0;0;0;0;0;3;1;1;0;1;1;2;2017-11-18 15:10:00;4099;0;33;0;17;0;-1;1;-1;-1;-1;-1;-1;-1;0;1;2;2;1;4;-1;0;0;0;0;0;0;0;1;1;1;1;0;0;1;1;1;1;-1;-1;0;0;-1;-1;-1;-1;-1;-1;-1;-1;-1;17;17;50;67;100;34;84;84;33;9.67;3.66;2;2.67;Qatar SC;Al Khor;0.82;1.09;1;0.33;0.43;0.57;84;84;50;33;0;67;50;34;0;0;0;808;22;Y;Y;Y;N;N;N;Y
228612;4103;4095;2017/2018;complete;1421;8;-1;39,52,84,89;9;4;1;5;8;5;13;1;0;2;3;0;0;8;3;6;6;14;9;9;17;55;45;2;3;0;0;0;0;0;0;0;0;0;0;0;0;0;0;0;0;0;0;0;0;0;0;0;0;0;0;0;0;0;0;0;0;0;0;0;0;0;0;0;0;0;0;0;0;0;0;0;0;0;0;0;0;0;0;0;0;0;0;0;0;0;0;0;0;0;0;0;0;5;1;1;3;0;3;2;2017-11-19 13:00:00;4103;0;67;0;33;0;-1;1;-1;-1;-1;-1;-1;-1;0;1;2;2;1;4;-1;0;0;0;0;0;0;0;1;0;1;0;0;0;1;1;0;1;-1;-1;0;0;-1;-1;-1;-1;-1;-1;-1;-1;-1;17;33;67;84;84;0;84;84;67;13.33;6;6.67;2.83;Al Sadd;Umm Salal;2;1.27;2;1.33;2.14;1.86;84;67;34;17;17;84;67;50;0;0;0;808;22;Y;Y;Y;Y;Y;N;Y
228613;4097;4102;2017/2018;complete;1421;8;-1;71,85;8,32,59,73;2;4;6;3;8;11;3;0;3;3;0;0;7;10;4;7;11;17;12;15;47;53;3;3;0;0;0;0;0;0;0;0;0;0;0;0;0;0;0;0;0;0;0;0;0;0;0;0;0;0;0;0;0;0;0;0;0;0;0;0;0;0;0;0;0;0;0;0;0;0;0;0;0;0;0;0;0;0;0;0;0;0;0;0;0;0;0;0;0;0;0;0;6;0;2;2;2;4;2;2017-11-19 15:10:00;4102;0;88;34;25;0;-1;1;-1;-1;-1;-1;-1;-1;2;2;1;1;4;2;-1;0;0;0;0;0;0;0;0;1;0;1;0;0;1;1;0;1;-1;-1;0;0;-1;-1;-1;-1;-1;-1;-1;-1;-1;13;59;88;88;100;75;88;100;54;10.17;3.75;5.67;3.59;Al Arabi;Al Rayyan;1.45;2.09;1;3;0.71;2.57;88;42;13;13;0;59;59;42;0;0;0;808;22;Y;Y;Y;Y;Y;Y;Y
228614;4096;4100;2017/2018;complete;1421;8;-1;7,17,31,39,84,86,88,90;48,56;8;2;10;6;5;11;2;1;0;2;0;0;11;4;10;3;21;7;16;6;64;36;0;2;0;0;0;0;0;0;0;0;0;0;0;0;0;0;0;0;0;0;0;0;0;0;0;0;0;0;0;0;0;0;0;0;0;0;0;0;0;0;0;0;0;0;0;0;0;0;0;0;0;0;0;0;0;0;0;0;0;0;0;0;0;0;0;0;0;0;0;0;10;4;0;4;2;6;4;2017-11-19 15:10:00;4096;0;71;29;42;0;-1;1;-1;-1;-1;-1;-1;-1;0;1;0;1;1;1;-1;0;0;0;0;0;0;0;0;0;0;0;0;0;1;1;1;0;-1;-1;0;0;-1;-1;-1;-1;-1;-1;-1;-1;-1;25;42;59;84;84;59;84;84;42;10.75;5;3.67;3.17;Al Duhail;Al Kharitiyath;2.64;0.09;2.5;0.33;2.71;0.86;75;59;42;17;17;54;29;29;0;0;0;808;22;Y;Y;Y;Y;Y;Y;Y
228615;4094;4097;2017/2018;complete;1421;9;-1;77;50;1;1;2;3;1;4;5;3;3;0;0;0;2;2;11;5;13;7;11;21;60;40;3;0;0;0;0;0;0;0;0;0;0;0;0;0;0;0;0;0;0;0;0;0;0;0;0;0;0;0;0;0;0;0;0;0;0;0;0;0;0;0;0;0;0;0;0;0;0;0;0;0;0;0;0;0;0;0;0;0;0;0;0;0;0;0;0;0;0;0;0;0;2;0;0;1;1;2;0;2017-11-24 13:00:00;-1;0;63;13;50;0;-1;1;-1;-1;-1;-1;-1;-1;2;0;1;0;2;1;-1;0;0;0;0;0;0;0;0;0;0;0;0;0;1;1;0;0;-1;-1;0;0;-1;-1;-1;-1;-1;-1;-1;-1;-1;25;38;50;75;88;25;63;88;63;9;2.25;2.5;3;Al Markhiya;Al Arabi;0.91;0.73;1;0.5;1;0.63;75;63;50;25;13;88;75;50;0;0;0;808;22;Y;Y;N;N;N;N;Y
228616;4099;4093;2017/2018;complete;1421;9;-1;84;;1;0;1;3;11;14;3;2;2;2;0;1;8;8;1;1;9;9;21;14;42;58;2;3;0;0;0;0;0;0;0;0;0;0;0;0;0;0;0;0;0;0;0;0;0;0;0;0;0;0;0;0;0;0;0;0;0;0;0;0;0;0;0;0;0;0;0;0;0;0;0;0;0;0;0;0;0;0;0;0;0;0;0;0;0;0;0;0;0;0;0;0;1;0;0;1;0;1;0;2017-11-24 13:00:00;4099;0;75;25;63;0;-1;1;-1;-1;-1;-1;-1;-1;0;3;2;0;3;2;-1;0;0;0;0;0;0;0;0;0;0;0;0;0;1;1;0;0;-1;-1;0;0;-1;-1;-1;-1;-1;-1;-1;-1;-1;63;75;75;88;100;63;63;100;88;10.25;3.5;3.5;4.63;Al Khor;Al Sailiya;1.09;1.55;0.75;3;0.88;2.25;38;25;25;13;0;38;38;25;0;0;0;808;22;Y;N;N;N;N;N;N
228617;4103;4096;2017/2018;complete;1421;9;-1;12,80;6,20,72,89;2;4;6;9;10;19;4;0;3;3;0;0;6;15;9;9;15;24;10;19;54;46;3;3;0;0;0;0;0;0;0;0;0;0;0;0;0;0;0;0;0;0;0;0;0;0;0;0;0;0;0;0;0;0;0;0;0;0;0;0;0;0;0;0;0;0;0;0;0;0;0;0;0;0;0;0;0;0;0;0;0;0;0;0;0;0;0;0;0;0;0;0;6;1;2;1;2;3;3;2017-11-24 15:10:00;4096;0;100;13;63;0;-1;1;-1;-1;-1;-1;-1;-1;1;1;2;2;2;4;-1;0;0;0;0;0;0;0;0;0;0;0;0;0;1;1;0;1;-1;-1;0;0;-1;-1;-1;-1;-1;-1;-1;-1;-1;63;75;100;100;100;63;100;100;100;9.67;2.92;5.5;5.04;Al Sadd;Al Duhail;2;2.82;2.25;3;2.25;2.75;38;25;0;0;0;38;38;25;0;0;0;808;22;Y;Y;Y;Y;Y;Y;Y
228618;4100;4104;2017/2018;complete;1421;9;-1;69;;1;0;1;4;2;6;0;5;1;2;0;0;5;10;11;11;16;21;12;14;39;61;1;2;2.3;3.6;2.55;0;0;0;0;0;0;0;0;0;0;0;0;0;0;0;0;0;0;0;0;0;0;0;0;0;0;0;0;0;0;0;0;0;0;0;0;0;0;0;0;0;0;0;0;0;0;0;0;0;0;0;0;0;0;0;0;0;0;0;0;0;0;0;0;0;1;0;0;1;0;1;0;2017-11-25 13:00:00;4100;0;70;0;48;0;-1;1;-1;-1;-1;-1;-1;-1;0;0;1;2;0;3;-1;0;0;0;0;0;0;0;0;0;0;0;0;0;1;1;0;0;-1;-1;0;0;-1;-1;-1;-1;-1;-1;-1;-1;-1;23;35;45;90;100;33;68;100;58;10.55;4.7;5.55;3.13;Al Kharitiyath;Al Ahli;1.36;1.27;1.25;1.4;0.75;1;78;65;55;10;0;90;80;68;0;0;0;808;22;Y;N;N;N;N;N;N
228619;4095;4101;2017/2018;complete;1421;9;-1;6;48;1;1;2;6;5;11;1;2;2;4;0;0;3;2;6;6;9;8;10;14;53;47;2;4;1.44;4.35;5.3;0;0;0;0;0;0;0;0;0;0;0;0;0;0;0;0;0;0;0;0;0;0;0;0;0;0;0;0;0;0;0;0;0;0;0;0;0;0;0;0;0;0;0;0;0;0;0;0;0;0;0;0;0;0;0;0;0;0;0;0;0;0;0;0;0;2;1;0;0;1;1;1;2017-11-25 13:00:00;-1;0;75;13;63;0;-1;1;-1;-1;-1;-1;-1;-1;1;2;1;2;3;3;-1;0;0;0;0;0;0;0;0;1;0;1;0;0;1;1;1;0;-1;-1;0;0;-1;-1;-1;-1;-1;-1;-1;-1;-1;38;63;75;88;100;63;88;100;63;9.75;4.25;4.5;3.63;Umm Salal;Qatar SC;1.73;1.18;2.25;0;1.63;0.38;63;38;25;13;0;50;38;25;0;0;0;808;22;Y;Y;N;N;N;N;Y
228620;4102;4098;2017/2018;complete;1421;9;-1;9,32,64;41,90;3;2;5;3;5;8;4;1;1;1;0;0;6;3;3;3;9;6;12;13;48;52;1;1;1.33;5.25;5.95;0;0;0;0;0;0;0;0;0;0;0;0;0;0;0;0;0;0;0;0;0;0;0;0;0;0;0;0;0;0;0;0;0;0;0;0;0;0;0;0;0;0;0;0;0;0;0;0;0;0;0;0;0;0;0;0;0;0;0;0;0;0;0;0;0;5;2;1;1;1;2;3;2017-11-25 15:10:00;4102;0;84;0;50;0;-1;1;-1;-1;-1;-1;-1;-1;0;0;1;1;0;2;-1;0;0;0;0;0;0;0;1;0;1;0;0;0;1;1;1;0;-1;-1;0;0;-1;-1;-1;-1;-1;-1;-1;-1;-1;50;50;67;100;100;34;100;100;67;12;2.33;5;4.17;Al Rayyan;Al Gharafa;1.82;1.27;2;0.33;2.63;0.88;50;50;33;0;0;67;50;33;0;0;0;808;22;Y;Y;Y;Y;Y;N;Y
228621;4098;4097;2017/2018;complete;1421;10;-1;61,73,85;58;3;1;4;7;3;10;2;5;3;2;0;0;8;6;9;3;17;9;14;16;57;43;3;2;0;0;0;0;0;1.6;0;0;0;0;0;0;0;0;0;0;0;0;0;0;0;0;0;0;0;0;0;0;0;0;0;0;0;0;0;0;0;0;0;0;0;0;0;0;0;0;0;0;0;0;0;0;0;0;0;0;0;0;0;0;0;0;0;0;0;0;0;0;4;0;0;3;1;4;0;2017-11-30 13:00:00;4098;0;70;0;50;0;-1;1;-1;-1;-1;-1;-1;-1;2;1;1;1;3;2;-1;0;0;0;0;0;0;0;0;0;0;0;0;0;1;1;0;0;-1;-1;0;0;-1;-1;-1;-1;-1;-1;-1;-1;-1;20;30;40;90;90;10;60;90;60;7;3.6;2.2;2.7;Al Gharafa;Al Arabi;1.64;0.73;1.2;0.6;0.78;0.67;80;70;60;10;10;60;40;30;0;0;0;808;22;Y;Y;Y;Y;N;N;Y
228622;4095;4102;2017/2018;complete;1421;10;-1;60;48;1;1;2;1;10;11;2;2;4;2;0;0;3;7;3;8;6;15;10;7;35;65;4;2;0;0;0;0;0;1.57;0;0;0;0;0;0;0;0;0;0;0;0;0;0;0;0;0;0;0;0;0;0;0;0;0;0;0;0;0;0;0;0;0;0;0;0;0;0;0;0;0;0;0;0;0;0;0;0;0;0;0;0;0;0;0;0;0;0;0;0;0;0;2;0;0;1;1;2;0;2017-11-30 15:10:00;-1;0;80;0;60;0;-1;1;-1;-1;-1;-1;-1;-1;1;0;3;2;1;5;-1;0;0;0;0;0;0;0;0;0;0;0;0;0;1;1;0;0;-1;-1;0;0;-1;-1;-1;-1;-1;-1;-1;-1;-1;40;60;70;80;100;60;80;100;70;10.2;3.8;5.4;3.7;Umm Salal;Al Rayyan;1.73;2.09;2;3;1.56;2.67;60;40;30;20;0;60;50;40;0;0;0;808;22;Y;Y;N;N;N;N;Y
228623;4101;4100;2017/2018;complete;1421;10;-1;18,20,69;40,53;3;2;5;9;2;11;1;3;2;1;0;0;10;8;6;3;16;11;14;16;52;48;2;1;0;0;0;0;0;1.8;0;0;0;0;0;0;0;0;0;0;0;0;0;0;0;0;0;0;0;0;0;0;0;0;0;0;0;0;0;0;0;0;0;0;0;0;0;0;0;0;0;0;0;0;0;0;0;0;0;0;0;0;0;0;0;0;0;0;0;0;0;0;5;2;1;1;1;2;3;2017-12-01 13:00:00;4101;0;63;25;38;0;-1;1;-1;-1;-1;-1;-1;-1;0;0;2;1;0;3;-1;0;0;0;0;0;0;0;1;1;1;1;0;0;1;1;0;0;-1;-1;0;0;-1;-1;-1;-1;-1;-1;-1;-1;-1;25;38;75;75;88;75;88;75;38;10.5;4;3.5;3.75;Qatar SC;Al Kharitiyath;0.82;0.09;0.75;0.25;0.44;1;75;63;25;25;13;63;63;63;0;0;0;808;22;Y;Y;Y;Y;Y;N;Y
228624;4099;4103;2017/2018;complete;1421;10;-1;59,70;15,56,89;2;3;5;5;4;9;1;3;2;0;0;0;9;7;9;6;18;13;13;10;44;56;2;0;0;0;0;0;0;1.42;0;0;0;0;0;0;0;0;0;0;0;0;0;0;0;0;0;0;0;0;0;0;0;0;0;0;0;0;0;0;0;0;0;0;0;0;0;0;0;0;0;0;0;0;0;0;0;0;0;0;0;0;0;0;0;0;0;0;0;0;0;0;5;0;1;2;2;4;1;2017-12-01 15:10:00;4103;0;70;25;33;0;-1;1;-1;-1;-1;-1;-1;-1;1;0;1;0;1;1;-1;0;0;0;0;0;0;0;0;1;0;1;0;0;1;1;0;0;-1;-1;0;0;-1;-1;-1;-1;-1;-1;-1;-1;-1;33;45;70;80;100;58;70;100;55;7.4;4.85;2.3;3.48;Al Khor;Al Sadd;1.09;2.18;1.2;2.25;1.11;2;68;55;30;20;0;45;45;33;0;0;0;808;22;Y;Y;Y;Y;Y;N;Y
228625;4096;4094;2017/2018;complete;1421;10;-1;9,43;15;2;1;3;3;1;4;3;2;2;3;0;0;4;2;6;1;10;3;13;13;62;38;2;3;0;0;0;0;0;1.36;0;0;0;0;0;0;0;0;0;0;0;0;0;0;0;0;0;0;0;0;0;0;0;0;0;0;0;0;0;0;0;0;0;0;0;0;0;0;0;0;0;0;0;0;0;0;0;0;0;0;0;0;0;0;0;0;0;0;0;0;0;0;3;2;1;0;0;0;3;2017-12-02 13:00:00;4096;0;65;10;43;0;-1;1;-1;-1;-1;-1;-1;-1;0;1;2;2;1;4;-1;0;0;0;0;0;0;0;0;0;0;0;0;0;1;1;1;0;-1;-1;0;0;-1;-1;-1;-1;-1;-1;-1;-1;-1;43;43;43;75;100;43;88;88;43;10.35;4.3;2.05;3.73;Al Duhail;Al Markhiya;2.64;0.82;2.6;1;2.78;1;58;58;58;25;0;53;33;33;0;0;0;808;22;Y;Y;Y;N;N;N;Y
228626;4093;4104;2017/2018;complete;1421;10;-1;21;24,85;1;2;3;6;6;12;1;3;2;0;0;0;6;6;9;11;15;17;9;20;54;46;2;0;0;0;0;0;0;1.57;0;0;0;0;0;0;0;0;0;0;0;0;0;0;0;0;0;0;0;0;0;0;0;0;0;0;0;0;0;0;0;0;0;0;0;0;0;0;0;0;0;0;0;0;0;0;0;0;0;0;0;0;0;0;0;0;0;0;0;0;0;0;3;1;1;0;1;1;2;2017-12-02 15:10:00;4104;0;54;25;34;0;-1;1;-1;-1;-1;-1;-1;-1;1;0;1;0;1;1;-1;0;0;0;0;0;0;0;0;0;0;0;0;0;1;1;0;0;-1;-1;0;0;-1;-1;-1;-1;-1;-1;-1;-1;-1;34;34;54;71;100;42;63;100;42;9.25;4.67;3.67;3.09;Al Sailiya;Al Ahli;1;1.27;1.5;1.17;2;0.89;67;67;46;29;0;59;50;50;0;0;0;808;22;Y;Y;Y;N;N;N;Y
228627;4093;4096;2017/2018;complete;1421;11;-1;52;50;1;1;2;6;8;14;2;3;1;1;0;1;7;6;7;16;14;22;12;11;43;57;1;3;5.1;5.1;1.39;0;0;0;0;0;0;0;0;0;0;0;0;0;0;0;0;0;0;0;0;0;0;0;0;0;0;0;0;0;0;0;0;0;0;0;0;0;0;0;0;0;0;0;0;0;0;0;0;0;0;0;0;0;0;0;0;0;0;0;0;0;0;0;0;0;2;0;0;1;1;2;0;2017-12-07 13:00:00;-1;0;90;43;70;0;-1;1;-1;-1;-1;-1;-1;-1;1;1;0;1;2;1;-1;0;0;0;0;0;0;0;0;1;0;1;0;0;1;1;0;0;-1;-1;0;0;-1;-1;-1;-1;-1;-1;-1;-1;-1;70;70;90;90;100;80;90;100;70;11.05;3.05;4.2;4.83;Al Sailiya;Al Duhail;1;2.82;1.2;3;1.8;2.8;30;30;10;10;0;43;43;43;0;0;0;808;22;Y;Y;N;N;N;N;Y
228628;4104;4102;2017/2018;complete;1421;11;-1;19,39;;2;0;2;2;10;12;4;1;4;1;0;0;4;3;7;18;11;21;18;13;32;68;4;1;5.5;4.2;1.44;0;0;0;0;0;0;0;0;0;0;0;0;0;0;0;0;0;0;0;0;0;0;0;0;0;0;0;0;0;0;0;0;0;0;0;0;0;0;0;0;0;0;0;0;0;0;0;0;0;0;0;0;0;0;0;0;0;0;0;0;0;0;0;0;0;2;2;0;0;0;0;2;2017-12-07 15:10:00;4104;0;75;0;50;0;-1;1;-1;-1;-1;-1;-1;-1;1;0;3;1;1;4;-1;0;0;0;0;0;0;0;0;0;0;0;0;0;1;1;0;0;-1;-1;0;0;-1;-1;-1;-1;-1;-1;-1;-1;-1;17;42;67;92;100;42;84;100;58;9.34;3.17;4.83;3.34;Al Ahli;Al Rayyan;0.73;2.09;0.33;2.67;1.1;2.5;84;59;33;9;0;67;50;50;0;0;0;808;22;Y;Y;N;N;N;N;N
228629;4100;4103;2017/2018;complete;1421;11;-1;;40,52,77,81;0;4;4;9;4;13;1;0;2;1;0;0;6;6;13;9;19;15;17;13;36;64;2;1;5.65;4.65;1.38;0;0;0;0;0;0;0;0;0;0;0;0;0;0;0;0;0;0;0;0;0;0;0;0;0;0;0;0;0;0;0;0;0;0;0;0;0;0;0;0;0;0;0;0;0;0;0;0;0;0;0;0;0;0;0;0;0;0;0;0;0;0;0;0;0;4;0;1;0;3;3;1;2017-12-07 15:10:00;4103;0;90;20;50;0;-1;1;-1;-1;-1;-1;-1;-1;1;1;1;0;2;1;-1;0;0;0;0;0;0;0;0;1;0;1;0;0;1;1;0;0;-1;-1;0;0;-1;-1;-1;-1;-1;-1;-1;-1;-1;30;50;70;90;100;40;80;100;60;9.4;5.2;2.8;3.4;Al Kharitiyath;Al Sadd;1.36;2.18;1.6;2.4;0.9;2.1;70;50;30;10;0;70;60;40;0;0;0;808;22;Y;Y;Y;Y;N;N;N
228630;4097;4099;2017/2018;complete;1421;11;-1;35,71,89;;3;0;3;4;1;5;2;2;2;2;0;2;4;2;6;1;10;3;16;15;63;37;2;5;2.25;3.55;2.65;0;0;0;0;0;0;0;0;0;0;0;0;0;0;0;0;0;0;0;0;0;0;0;0;0;0;0;0;0;0;0;0;0;0;0;0;0;0;0;0;0;0;0;0;0;0;0;0;0;0;0;0;0;0;0;0;0;0;0;0;0;0;0;0;0;3;1;0;2;0;2;1;2017-12-08 13:00:00;4097;0;75;38;13;0;-1;1;-1;-1;-1;-1;-1;-1;1;2;1;2;3;3;-1;0;0;0;0;0;0;0;1;0;1;0;0;0;1;1;0;0;-1;-1;0;1;-1;-1;-1;-1;-1;-1;-1;-1;-1;13;38;75;88;100;63;88;100;38;8.25;3.5;4.5;3.25;Al Arabi;Al Khor;1.45;1.09;0.75;1;0.6;1;88;63;25;13;0;75;63;38;0;0;0;808;22;Y;Y;Y;N;N;N;N
228631;4094;4095;2017/2018;complete;1421;11;-1;13;57;1;1;2;5;4;9;3;5;3;1;0;0;13;7;10;8;23;15;14;12;50;50;3;1;3.45;3.65;1.87;0;0;0;0;0;0;0;0;0;0;0;0;0;0;0;0;0;0;0;0;0;0;0;0;0;0;0;0;0;0;0;0;0;0;0;0;0;0;0;0;0;0;0;0;0;0;0;0;0;0;0;0;0;0;0;0;0;0;0;0;0;0;0;0;0;2;1;0;0;1;1;1;2017-12-08 15:10:00;-1;0;55;23;33;0;-1;1;-1;-1;-1;-1;-1;-1;2;1;1;0;3;1;-1;0;0;0;0;0;0;0;0;0;0;0;0;0;1;1;0;0;-1;-1;0;0;-1;-1;-1;-1;-1;-1;-1;-1;-1;35;35;45;68;78;23;58;78;55;11.65;5.7;5.15;2.8;Al Markhiya;Umm Salal;0.91;1.27;1;1;0.9;1.5;65;65;55;33;23;80;68;58;0;0;0;808;22;Y;Y;N;N;N;N;Y
228632;4101;4098;2017/2018;complete;1421;11;-1;83;34;1;1;2;8;5;13;5;2;3;2;0;0;2;2;8;6;10;8;18;5;45;55;3;2;2.9;3.8;2.05;0;0;0;0;0;0;0;0;0;0;0;0;0;0;0;0;0;0;0;0;0;0;0;0;0;0;0;0;0;0;0;0;0;0;0;0;0;0;0;0;0;0;0;0;0;0;0;0;0;0;0;0;0;0;0;0;0;0;0;0;0;0;0;0;0;2;0;1;1;0;1;1;2017-12-08 15:10:00;-1;0;80;33;45;0;-1;1;-1;-1;-1;-1;-1;-1;2;0;1;2;2;3;-1;0;0;0;0;0;0;0;0;1;0;1;0;0;1;1;0;0;-1;-1;0;0;-1;-1;-1;-1;-1;-1;-1;-1;-1;45;45;78;90;100;53;100;90;58;13.05;2.5;3.95;3.68;Qatar SC;Al Gharafa;0.82;1.27;1.2;0.25;0.7;1;55;55;23;10;0;78;65;53;0;0;0;808;22;Y;Y;N;N;N;N;Y
291788;4101;4103;2017/2018;complete;1421;15;-1;3;24,43,45;1;3;4;4;2;6;0;2;1;2;0;0;7;11;5;5;12;16;18;14;45;55;1;2;0;0;0;0;0;0;0;0;0;0;0;0;0;0;0;0;0;0;0;0;0;0;0;0;0;0;0;0;0;0;0;0;0;0;0;0;0;0;0;0;0;0;0;0;0;0;0;0;0;0;0;0;0;0;0;0;0;0;0;0;0;0;0;0;0;0;0;0;4;1;3;0;0;0;4;2018-02-03 15:45:00;4103;0;67;27;27;0;-1;1;-1;-1;-1;-1;-1;-1;1;1;0;1;2;1;-1;0;0;0;0;0;0;0;0;0;0;0;0;0;1;1;1;0;-1;-1;0;0;-1;-1;-1;-1;-1;-1;-1;-1;-1;34;55;82;94;100;60;100;94;55;9.57;4.88;2.2;3.75;Qatar SC;Al Sadd;0.82;2.18;1;2.57;0.86;2.21;67;46;19;7;0;73;66;46;0;0;0;808;22;Y;Y;Y;Y;N;N;Y
291789;4100;4095;2017/2018;complete;1421;12;-1;83;22,24,43;1;3;4;3;3;6;0;1;1;0;0;0;5;6;6;5;11;11;9;13;51;49;1;0;2.9;3.5;2.15;0;0;0;0;0;0;0;0;0;0;0;0;0;0;0;0;0;0;0;0;0;0;0;0;0;0;0;0;0;0;0;0;0;0;0;0;0;0;0;0;0;0;0;0;0;0;0;0;0;0;0;0;0;0;0;0;0;0;0;0;0;0;0;0;0;4;0;3;1;0;1;3;2018-01-11 15:30:00;4095;0;64;10;35;0;-1;1;-1;-1;-1;-1;-1;-1;0;0;1;0;0;1;-1;0;0;0;0;0;0;0;0;0;0;0;0;0;1;1;0;0;-1;-1;0;0;-1;-1;-1;-1;-1;-1;-1;-1;-1;29;45;45;82;90;19;74;90;54;13.27;5.63;5.53;2.9;Al Kharitiyath;Umm Salal;1.36;1.27;1.33;1;0.82;1.45;72;55;55;19;10;92;72;64;0;0;0;808;22;Y;Y;Y;Y;N;N;Y
291790;4104;4098;2017/2018;complete;1421;12;-1;16;58,70;1;2;3;2;6;8;2;0;3;1;0;0;5;9;9;13;14;22;8;17;41;59;3;1;2.25;3.5;2.7;0;0;0;0;0;0;0;0;0;0;0;0;0;0;0;0;0;0;0;0;0;0;0;0;0;0;0;0;0;0;0;0;0;0;0;0;0;0;0;0;0;0;0;0;0;0;0;0;0;0;0;0;0;0;0;0;0;0;0;0;0;0;0;0;0;3;1;0;0;2;2;1;2018-01-12 13:20:00;4098;0;75;10;33;0;-1;1;-1;-1;-1;-1;-1;-1;2;1;1;0;3;1;-1;0;0;0;0;0;0;0;0;0;0;0;0;0;1;1;0;0;-1;-1;0;0;-1;-1;-1;-1;-1;-1;-1;-1;-1;20;33;55;100;100;35;100;88;43;8.5;3.05;5.1;3.08;Al Ahli;Al Gharafa;0.73;1.27;1;0.4;1.27;1;80;68;45;0;0;78;55;45;0;0;0;808;22;Y;Y;Y;N;N;N;Y
291791;4093;4097;2017/2018;complete;1421;12;-1;76;45;1;1;2;9;1;10;2;4;0;5;0;0;6;3;8;7;14;10;10;11;58;42;0;5;1.62;4.2;4.1;0;0;0;0;0;0;0;0;0;0;0;0;0;0;0;0;0;0;0;0;0;0;0;0;0;0;0;0;0;0;0;0;0;0;0;0;0;0;0;0;0;0;0;0;0;0;0;0;0;0;0;0;0;0;0;0;0;0;0;0;0;0;0;0;0;2;0;1;1;0;1;1;2018-01-12 15:30:00;-1;0;83;25;67;0;-1;1;-1;-1;-1;-1;-1;-1;0;5;0;0;5;0;-1;0;0;0;0;0;0;0;0;0;0;0;0;0;1;1;0;0;-1;-1;0;0;-1;-1;-1;-1;-1;-1;-1;-1;-1;25;42;59;92;100;34;59;100;67;9.33;3.66;2.5;3.17;Al Sailiya;Al Arabi;1;0.73;1.17;0.5;1.73;0.82;75;59;42;9;0;75;67;50;0;0;0;808;22;Y;Y;N;N;N;N;Y
291792;4102;4099;2017/2018;complete;1421;12;-1;45,53,56;;3;0;3;3;5;8;3;1;1;1;0;0;8;8;8;11;16;19;6;6;53;47;1;1;1.26;5.55;7.25;0;0;0;0;0;0;0;0;0;0;0;0;0;0;0;0;0;0;0;0;0;0;0;0;0;0;0;0;0;0;0;0;0;0;0;0;0;0;0;0;0;0;0;0;0;0;0;0;0;0;0;0;0;0;0;0;0;0;0;0;0;0;0;0;0;3;1;0;2;0;2;1;2018-01-13 13:20:00;4102;0;58;23;38;0;-1;1;-1;-1;-1;-1;-1;-1;1;0;0;1;1;1;-1;0;0;0;0;0;0;0;1;0;1;0;0;0;1;1;0;0;-1;-1;0;0;-1;-1;-1;-1;-1;-1;-1;-1;-1;38;38;68;90;100;48;90;100;58;8.15;3.9;3.9;3.7;Al Rayyan;Al Khor;1.82;1.09;2.25;0.8;2.27;0.91;63;63;33;10;0;43;33;23;0;0;0;808;22;Y;Y;Y;N;N;N;N
291793;4103;4094;2017/2018;complete;1421;12;-1;;;0;0;0;5;6;11;5;4;0;1;0;0;2;4;14;8;16;12;9;15;54;46;0;1;1.18;6.15;9.5;0;0;0;0;0;0;0;0;0;0;0;0;0;0;0;0;0;0;0;0;0;0;0;0;0;0;0;0;0;0;0;0;0;0;0;0;0;0;0;0;0;0;0;0;0;0;0;0;0;0;0;0;0;0;0;0;0;0;0;0;0;0;0;0;0;0;0;0;0;0;0;0;2018-01-13 15:30:00;-1;0;80;30;30;0;-1;1;-1;-1;-1;-1;-1;-1;0;0;0;1;0;1;-1;0;0;0;0;0;0;0;0;0;0;0;0;0;1;1;0;0;-1;-1;0;0;-1;-1;-1;-1;-1;-1;-1;-1;-1;30;40;70;80;100;40;90;80;60;9.8;3.4;4.2;3.3;Al Sadd;Al Markhiya;2;0.82;1.8;0.8;2.18;0.91;70;60;30;20;0;50;50;40;0;0;0;808;22;N;N;N;N;N;N;N
291794;4101;4096;2017/2018;complete;1421;12;-1;;38,43,55,69,90,90;0;6;6;1;9;10;0;0;3;3;0;0;0;12;3;13;3;25;10;9;28;72;3;3;11.25;5.8;1.18;0;0;0;0;0;0;0;0;0;0;0;0;0;0;0;0;0;0;0;0;0;0;0;0;0;0;0;0;0;0;0;0;0;0;0;0;0;0;0;0;0;0;0;0;0;0;0;0;0;0;0;0;0;0;0;0;0;0;0;0;0;0;0;0;0;6;0;2;0;4;4;2;2018-01-13 15:30:00;4096;0;84;27;67;0;-1;1;-1;-1;-1;-1;-1;-1;0;2;3;1;2;4;-1;0;0;0;0;0;0;0;0;1;0;1;0;0;1;1;0;0;-1;-1;0;0;-1;-1;-1;-1;-1;-1;-1;-1;-1;57;57;74;92;100;74;90;92;67;12.8;4.1;4.5;4.37;Qatar SC;Al Duhail;0.82;2.82;1.17;2.6;0.73;2.64;44;44;27;9;0;62;62;62;0;0;0;808;22;Y;Y;Y;Y;Y;Y;N
291795;4104;4099;2017/2018;complete;1421;13;-1;27,90;12,65;2;2;4;6;3;9;0;0;3;1;0;0;5;6;7;7;12;13;14;19;54;46;3;1;2.3;3.3;2.8;0;0;0;0;0;0;0;0;0;0;0;0;0;0;0;0;0;0;0;0;0;0;0;0;0;0;0;0;0;0;0;0;0;0;0;0;0;0;0;0;0;0;0;0;0;0;0;0;0;0;0;0;0;0;0;0;0;0;0;0;0;0;0;0;0;4;1;1;1;1;2;2;2018-01-18 15:35:00;-1;0;47;9;10;0;-1;1;-1;-1;-1;-1;-1;-1;0;0;3;1;0;4;-1;0;0;0;0;0;0;0;0;0;0;0;0;0;1;1;0;0;-1;-1;0;0;-1;-1;-1;-1;-1;-1;-1;-1;-1;0;10;64;92;100;29;92;90;45;6.07;3.53;4.77;2.65;Al Ahli;Al Khor;0.73;1.09;0.8;0.67;1.17;0.83;100;90;37;9;0;55;37;29;0;0;0;808;22;Y;Y;Y;Y;N;N;Y
291796;4097;4096;2017/2018;complete;1421;13;-1;;29;0;1;1;2;6;8;3;3;1;1;0;0;0;8;9;9;9;17;11;14;42;58;1;1;9.25;5.7;1.23;0;0;0;0;0;0;0;0;0;0;0;0;0;0;0;0;0;0;0;0;0;0;0;0;0;0;0;0;0;0;0;0;0;0;0;0;0;0;0;0;0;0;0;0;0;0;0;0;0;0;0;0;0;0;0;0;0;0;0;0;0;0;0;0;0;1;0;1;0;0;0;1;2018-01-19 13:25:00;4096;0;82;29;52;0;-1;1;-1;-1;-1;-1;-1;-1;1;0;0;1;1;1;-1;0;0;0;0;0;0;0;0;0;0;0;0;0;1;1;0;0;-1;-1;1;0;-1;-1;-1;-1;-1;-1;-1;-1;-1;52;72;92;100;100;82;92;100;80;10.53;3.53;5.6;4.75;Al Arabi;Al Duhail;1.45;2.82;1.2;2.67;0.83;2.67;49;29;9;0;0;55;55;37;0;0;0;808;22;Y;N;N;N;N;N;N
291797;4094;4101;2017/2018;complete;1421;13;-1;;5;0;1;1;4;1;5;4;4;0;1;0;0;4;2;4;3;8;5;9;18;60;40;0;1;2.45;3.4;2.5;0;0;0;0;0;0;0;0;0;0;0;0;0;0;0;0;0;0;0;0;0;0;0;0;0;0;0;0;0;0;0;0;0;0;0;0;0;0;0;0;0;0;0;0;0;0;0;0;0;0;0;0;0;0;0;0;0;0;0;0;0;0;0;0;0;1;0;1;0;0;0;1;2018-01-19 15:35:00;4101;0;74;19;37;0;-1;1;-1;-1;-1;-1;-1;-1;0;1;0;0;1;0;-1;0;0;0;0;0;0;0;0;0;0;0;0;0;1;1;0;1;-1;-1;0;0;-1;-1;-1;-1;-1;-1;-1;-1;-1;19;29;47;84;92;29;75;92;45;10.3;3.93;4.07;2.85;Al Markhiya;Qatar SC;0.91;1.18;1;0.2;0.92;0.67;82;72;54;17;9;64;55;47;0;0;0;808;22;Y;N;N;N;N;N;N
291798;4103;4093;2017/2018;complete;1421;13;-1;32,38,64,65,68,82;;6;0;6;5;4;9;3;2;1;3;0;1;11;3;7;1;18;4;8;11;56;44;1;4;1.67;3.8;4;0;0;0;0;0;0;0;0;0;0;0;0;0;0;0;0;0;0;0;0;0;0;0;0;0;0;0;0;0;0;0;0;0;0;0;0;0;0;0;0;0;0;0;0;0;0;0;0;0;0;0;0;0;0;0;0;0;0;0;0;0;0;0;0;0;6;2;0;4;0;4;2;2018-01-20 13:25:00;4103;0;82;37;47;0;-1;1;-1;-1;-1;-1;-1;-1;1;2;0;2;3;2;-1;0;0;0;0;0;0;0;1;0;1;0;0;0;1;1;0;0;-1;-1;0;0;-1;-1;-1;-1;-1;-1;-1;-1;-1;47;65;82;82;92;47;72;92;82;12.93;4.53;4.17;4.05;Al Sadd;Al Sailiya;2;1.55;1.67;2.4;2.08;1.67;54;35;19;19;9;72;72;54;0;0;0;808;22;Y;Y;Y;Y;Y;Y;N
291799;4102;4100;2017/2018;complete;1421;13;-1;30,39,45,90;49,81;4;2;6;4;0;4;2;2;3;2;0;0;9;6;5;3;14;9;12;16;62;38;3;2;1.22;5.55;9.25;0;0;0;0;0;0;0;0;0;0;0;0;0;0;0;0;0;0;0;0;0;0;0;0;0;0;0;0;0;0;0;0;0;0;0;0;0;0;0;0;0;0;0;0;0;0;0;0;0;0;0;0;0;0;0;0;0;0;0;0;0;0;0;0;0;6;3;0;1;2;3;3;2018-01-20 15:35:00;4102;0;70;30;60;0;-1;1;-1;-1;-1;-1;-1;-1;2;2;1;0;4;1;-1;0;0;0;0;0;0;0;0;0;0;0;0;0;1;1;0;0;-1;-1;0;0;-1;-1;-1;-1;-1;-1;-1;-1;-1;50;60;80;90;90;70;90;90;70;8.2;4.6;3.6;4.5;Al Rayyan;Al Kharitiyath;1.82;0.09;2.4;0.2;2.33;0.75;50;40;20;10;10;40;40;40;0;0;0;808;22;Y;Y;Y;Y;Y;Y;Y
291800;4095;4098;2017/2018;complete;1421;13;-1;69,81;33,45,61,90;2;4;6;5;6;11;5;2;1;1;0;0;5;10;6;3;11;13;14;18;42;58;1;1;2.25;3.3;2.75;0;0;0;0;0;0;0;0;0;0;0;0;0;0;0;0;0;0;0;0;0;0;0;0;0;0;0;0;0;0;0;0;0;0;0;0;0;0;0;0;0;0;0;0;0;0;0;0;0;0;0;0;0;0;0;0;0;0;0;0;0;0;0;0;0;6;0;2;2;2;4;2;2018-01-20 15:35:00;4098;0;92;9;50;0;-1;1;-1;-1;-1;-1;-1;-1;0;1;1;0;1;1;-1;0;0;0;0;0;0;0;1;0;1;0;0;0;1;1;0;0;-1;-1;0;0;-1;-1;-1;-1;-1;-1;-1;-1;-1;33;42;59;92;100;34;84;100;67;9.67;3;5;3.25;Umm Salal;Al Gharafa;1.73;1.27;1.83;0.83;1.58;1.17;67;59;42;9;0;67;50;33;0;0;0;808;22;Y;Y;Y;Y;Y;Y;Y
291801;4098;4103;2017/2018;complete;1421;14;-1;;33,45,73,87;0;4;4;5;5;10;2;5;3;1;1;0;0;7;6;6;6;13;14;17;47;53;4;1;0;0;0;0;0;0;0;0;0;0;0;0;0;0;0;0;0;0;0;0;0;0;0;0;0;0;0;0;0;0;0;0;0;0;0;0;0;0;0;0;0;0;0;0;0;0;0;0;0;0;0;0;0;0;0;0;0;0;0;0;0;0;0;0;0;0;0;0;4;0;2;0;2;2;2;2018-01-25 15:40:00;4103;0;75;17;33;0;-1;1;-1;-1;-1;-1;-1;-1;2;1;2;0;3;2;-1;0;0;0;0;0;0;0;0;0;0;0;0;0;1;1;0;0;-1;-1;1;0;-1;-1;-1;-1;-1;-1;-1;-1;-1;25;50;75;92;92;25;75;92;59;7.33;5;1.83;3.34;Al Gharafa;Al Sadd;1.64;2.18;1.5;2.5;1.31;2.15;75;50;25;9;9;59;42;25;0;0;0;808;22;Y;Y;Y;Y;N;N;N
291802;4093;4094;2017/2018;complete;1421;14;-1;33,37,64,87;61;4;1;5;6;3;9;2;4;1;3;0;1;11;5;5;5;16;10;15;14;55;45;1;4;0;0;0;0;0;0;0;0;0;0;0;0;0;0;0;0;0;0;0;0;0;0;0;0;0;0;0;0;0;0;0;0;0;0;0;0;0;0;0;0;0;0;0;0;0;0;0;0;0;0;0;0;0;0;0;0;0;0;0;0;0;0;0;0;0;0;0;0;5;2;0;2;1;3;2;2018-01-26 13:30:00;4093;0;68;30;30;0;-1;1;-1;-1;-1;-1;-1;-1;0;2;1;2;2;3;-1;0;0;0;0;0;0;0;1;0;1;0;0;0;1;1;0;0;-1;-1;0;0;-1;-1;-1;-1;-1;-1;-1;-1;-1;23;23;45;68;92;38;69;75;30;9.96;3.86;2.5;2.5;Al Sailiya;Al Markhiya;1;0.82;1.14;0.83;1.54;0.85;77;77;55;32;9;52;52;45;0;0;0;808;22;Y;Y;Y;Y;Y;N;Y
291803;4101;4097;2017/2018;complete;1421;14;-1;46;26;1;1;2;5;2;7;0;3;1;1;0;0;5;4;9;6;14;10;24;12;53;47;1;1;0;0;0;0;0;0;0;0;0;0;0;0;0;0;0;0;0;0;0;0;0;0;0;0;0;0;0;0;0;0;0;0;0;0;0;0;0;0;0;0;0;0;0;0;0;0;0;0;0;0;0;0;0;0;0;0;0;0;0;0;0;0;0;0;0;0;0;0;2;0;1;1;0;1;1;2018-01-26 15:40:00;-1;0;72;15;50;0;-1;1;-1;-1;-1;-1;-1;-1;0;1;1;0;1;1;-1;0;0;0;0;0;0;0;0;0;0;0;0;0;1;1;0;0;-1;-1;0;0;-1;-1;-1;-1;-1;-1;-1;-1;-1;29;43;57;93;100;43;79;93;57;9.28;4.28;3.57;3.36;Qatar SC;Al Arabi;0.82;0.73;1;0.57;0.85;0.77;72;57;43;7;0;86;79;50;0;0;0;808;22;Y;Y;N;N;N;N;Y
291804;4095;4104;2017/2018;complete;1421;14;-1;25;88;1;1;2;5;5;10;-1;-1;3;2;1;1;3;5;7;6;10;11;-1;-1;48;52;4;3;0;0;0;0;0;0;0;0;0;0;0;0;0;0;0;0;0;0;0;0;0;0;0;0;0;0;0;0;0;0;0;0;0;0;0;0;0;0;0;0;0;0;0;0;0;0;0;0;0;0;0;0;0;0;0;0;0;0;0;0;0;0;0;0;0;0;0;0;2;1;0;0;1;1;1;2018-01-27 13:30:00;-1;0;65;7;43;0;-1;1;-1;-1;-1;-1;-1;-1;3;1;1;2;4;3;-1;0;0;0;0;0;0;0;0;0;0;0;0;0;1;1;0;0;-1;-1;2;0;-1;-1;-1;-1;-1;-1;-1;-1;-1;29;36;50;79;100;50;64;100;50;7.72;5.42;4.72;3.14;Umm Salal;Al Ahli;1.73;1.27;1.57;1.43;1.46;1.15;72;65;50;22;0;71;57;50;0;0;0;808;22;Y;Y;N;N;N;N;Y
291805;4099;4100;2017/2018;complete;1421;14;-1;11,14;;2;0;2;10;4;14;2;2;4;1;0;0;6;5;3;3;9;8;13;13;47;53;4;1;0;0;0;0;0;0;0;0;0;0;0;0;0;0;0;0;0;0;0;0;0;0;0;0;0;0;0;0;0;0;0;0;0;0;0;0;0;0;0;0;0;0;0;0;0;0;0;0;0;0;0;0;0;0;0;0;0;0;0;0;0;0;0;0;0;0;0;0;2;2;0;0;0;0;2;2018-01-27 13:30:00;4099;0;67;17;59;0;-1;1;-1;-1;-1;-1;-1;-1;2;1;2;0;3;2;-1;0;0;0;0;0;0;0;0;0;0;0;0;0;1;1;0;0;-1;-1;0;0;-1;-1;-1;-1;-1;-1;-1;-1;-1;50;59;67;75;92;58;67;92;67;7.67;3.5;4;4.09;Al Khor;Al Kharitiyath;1.09;0.09;1;0.17;0.85;0.69;50;42;34;25;9;50;42;42;0;0;0;808;22;Y;Y;N;N;N;N;N
291806;4096;4102;2017/2018;complete;1421;14;-1;3,15,63;25,27,43;3;3;6;12;5;17;0;0;1;2;0;0;7;6;10;12;17;18;12;11;54;46;1;2;0;0;0;0;0;0;0;0;0;0;0;0;0;0;0;0;0;0;0;0;0;0;0;0;0;0;0;0;0;0;0;0;0;0;0;0;0;0;0;0;0;0;0;0;0;0;0;0;0;0;0;0;0;0;0;0;0;0;0;0;0;0;0;0;0;0;0;0;6;2;3;1;0;1;5;2018-01-27 15:40:00;-1;0;77;17;54;0;-1;1;-1;-1;-1;-1;-1;-1;1;0;0;2;1;2;-1;0;0;0;0;0;0;0;0;1;0;1;0;0;1;1;1;0;-1;-1;0;0;-1;-1;-1;-1;-1;-1;-1;-1;-1;40;47;62;93;100;62;86;85;61;13.14;4.26;3.57;4.13;Al Duhail;Al Rayyan;2.64;2.09;2.67;2.29;2.69;2.38;61;54;38;7;0;69;52;52;0;0;0;808;22;Y;Y;Y;Y;Y;Y;Y
291807;4100;4093;2017/2018;complete;1421;15;-1;45,84;35,58;2;2;4;2;5;7;2;1;2;1;0;0;4;4;1;7;5;11;12;7;37;63;2;1;0;0;0;0;0;0;0;0;0;0;0;0;0;0;0;0;0;0;0;0;0;0;0;0;0;0;0;0;0;0;0;0;0;0;0;0;0;0;0;0;0;0;0;0;0;0;0;0;0;0;0;0;0;0;0;0;0;0;0;0;0;0;0;0;0;0;0;0;4;1;1;1;1;2;2;2018-02-01 15:45:00;-1;0;69;17;47;0;-1;1;-1;-1;-1;-1;-1;-1;1;0;1;1;1;2;-1;0;0;0;0;0;0;0;0;0;0;0;0;0;1;1;0;0;-1;-1;0;0;-1;-1;-1;-1;-1;-1;-1;-1;-1;41;70;70;85;100;48;69;100;70;12.31;3.74;4.47;3.99;Al Kharitiyath;Al Sailiya;1.36;1.55;1.14;2;0.64;1.64;60;30;30;16;0;69;61;45;0;0;0;808;22;Y;Y;Y;Y;N;N;Y
291808;4104;4096;2017/2018;complete;1421;15;-1;;6,23,36,78;0;4;4;5;8;13;2;2;2;1;0;0;4;5;7;7;11;12;7;12;43;57;2;1;0;0;0;0;0;0;0;0;0;0;0;0;0;0;0;0;0;0;0;0;0;0;0;0;0;0;0;0;0;0;0;0;0;0;0;0;0;0;0;0;0;0;0;0;0;0;0;0;0;0;0;0;0;0;0;0;0;0;0;0;0;0;0;0;0;0;0;0;4;0;3;0;1;1;3;2018-02-02 13:35:00;4096;0;69;16;52;0;-1;1;-1;-1;-1;-1;-1;-1;1;0;1;1;1;2;-1;0;0;0;0;0;0;0;0;0;0;0;0;0;1;1;0;1;-1;-1;0;0;-1;-1;-1;-1;-1;-1;-1;-1;-1;36;52;69;93;100;61;93;85;68;9.29;3.4;5.38;3.93;Al Ahli;Al Duhail;0.73;2.82;0.83;2.71;1.14;2.57;65;48;31;7;0;55;38;31;0;0;0;808;22;Y;Y;Y;Y;N;N;N
291809;4094;4102;2017/2018;complete;1421;15;-1;22;10,70,86;1;3;4;5;10;15;1;3;2;1;0;0;3;4;6;7;9;11;8;12;45;55;2;1;0;0;0;0;0;0;0;0;0;0;0;0;0;0;0;0;0;0;0;0;0;0;0;0;0;0;0;0;0;0;0;0;0;0;0;0;0;0;0;0;0;0;0;0;0;0;0;0;0;0;0;0;0;0;0;0;0;0;0;0;0;0;0;0;0;0;0;0;4;1;1;0;2;2;2;2018-02-02 13:35:00;4102;0;66;14;40;0;-1;1;-1;-1;-1;-1;-1;-1;1;0;1;1;1;2;-1;0;0;0;0;0;0;0;0;0;0;0;0;0;1;1;0;1;-1;-1;0;0;-1;-1;-1;-1;-1;-1;-1;-1;-1;26;32;46;73;93;39;66;80;53;11.31;3.82;3.93;3.02;Al Markhiya;Al Rayyan;0.91;2.09;0.86;2.13;0.79;2.29;75;68;55;28;7;66;59;52;0;0;0;808;22;Y;Y;Y;Y;N;N;Y
291810;4097;4095;2017/2018;complete;1421;15;-1;;;0;0;0;4;4;8;2;2;2;1;1;0;4;5;4;9;8;14;13;11;48;52;4;1;0;0;0;0;0;0;0;0;0;0;0;0;0;0;0;0;0;0;0;0;0;0;0;0;0;0;0;0;0;0;0;0;0;0;0;0;0;0;0;0;0;0;0;0;0;0;0;0;0;0;0;0;0;0;0;0;0;0;0;0;0;0;0;0;0;0;0;0;0;0;0;0;0;0;0;2018-02-02 15:45:00;-1;0;67;25;17;0;-1;1;-1;-1;-1;-1;-1;-1;0;0;3;1;0;4;-1;0;0;0;0;0;0;0;0;0;0;0;0;0;1;1;0;0;-1;-1;0;0;-1;-1;-1;-1;-1;-1;-1;-1;-1;25;50;67;83;92;50;92;83;42;9.83;5.66;5;3.25;Al Arabi;Umm Salal;1.45;1.27;1;1.33;0.79;1.43;75;50;34;17;9;67;50;42;0;0;0;808;22;N;N;N;N;N;N;N
291811;4099;4098;2017/2018;complete;1421;15;-1;83;23,33;1;2;3;10;5;15;1;1;3;3;0;0;7;3;12;5;19;8;13;23;52;48;3;3;0;0;0;0;0;0;0;0;0;0;0;0;0;0;0;0;0;0;0;0;0;0;0;0;0;0;0;0;0;0;0;0;0;0;0;0;0;0;0;0;0;0;0;0;0;0;0;0;0;0;0;0;0;0;0;0;0;0;0;0;0;0;0;0;0;0;0;0;3;0;2;1;0;1;2;2018-02-03 13:35:00;4098;0;72;7;43;0;-1;1;-1;-1;-1;-1;-1;-1;2;0;1;3;2;4;-1;0;0;0;0;0;0;0;0;0;0;0;0;0;1;1;0;0;-1;-1;0;0;-1;-1;-1;-1;-1;-1;-1;-1;-1;43;43;57;86;100;36;79;93;64;11.29;2.43;4.28;3.5;Al Khor;Al Gharafa;1.09;1.27;1.29;1.14;1;1.21;57;57;43;15;0;64;50;43;0;0;0;808;22;Y;Y;Y;N;N;N;Y
291812;4098;4096;2017/2018;complete;1421;16;-1;41;19,23,52,56,88;1;5;6;2;4;6;1;3;2;3;1;0;3;14;6;9;9;23;7;11;38;62;3;3;6.5;5;1.34;0;0;0;0;0;0;0;0;0;0;0;0;0;0;0;0;0;0;0;0;0;0;0;0;0;0;0;0;0;0;0;0;0;0;0;0;0;0;0;0;0;0;0;0;0;0;0;0;0;0;0;0;0;0;0;0;0;0;0;0;0;0;0;0;0;6;1;2;0;3;3;3;2018-02-08 13:40:00;4096;0;60;7;46;0;-1;1;-1;-1;-1;-1;-1;-1;1;1;2;2;2;4;-1;0;0;0;0;0;0;0;0;1;0;1;0;0;1;1;0;0;-1;-1;1;0;-1;-1;-1;-1;-1;-1;-1;-1;-1;39;59;66;87;93;45;73;87;66;10.64;3.92;4.21;3.81;Al Gharafa;Al Duhail;1.64;2.82;1.29;2.75;1.33;2.6;62;41;34;14;7;54;47;26;0;0;0;808;22;Y;Y;Y;Y;Y;Y;Y
291813;4102;4103;2017/2018;complete;1421;16;-1;;44,79;0;2;2;4;6;10;3;3;1;1;0;0;4;6;12;10;16;16;19;11;40;60;1;1;2.35;3.8;2.45;0;0;0;0;0;0;0;0;0;0;1.35;3.05;0;0;0;0;0;0;0;0;0;0;0;0;0;0;0;0;0;0;0;0;0;0;0;0;0;0;0;0;0;0;0;0;0;0;0;0;0;0;0;0;0;0;0;0;0;0;0;0;0;0;0;0;0;2;0;1;0;1;1;1;2018-02-08 15:50:00;4103;0;71;28;46;0;-1;1;-1;-1;-1;-1;-1;-1;0;1;1;0;1;1;-1;0;0;0;0;0;0;0;0;0;0;0;0;0;1;1;0;0;-1;-1;0;0;-1;-1;-1;-1;-1;-1;-1;-1;-1;46;71;92;100;100;65;100;94;73;7.71;5.38;2.42;4.42;Al Rayyan;Al Sadd;1.82;2.18;2.5;2.63;2.33;2.27;54;29;9;0;0;40;34;21;0;0;0;808;22;Y;Y;N;N;N;N;N
291814;4093;4101;2017/2018;complete;1421;16;-1;;29,85;0;2;2;10;5;15;0;4;3;2;1;0;7;7;11;7;18;14;20;17;52;48;4;2;1.74;3.8;3.85;0;0;0;0;0;0;0;0;0;0;0;0;0;0;0;0;0;0;0;0;0;0;0;0;0;0;0;0;0;0;0;0;0;0;0;0;0;0;0;0;0;0;0;0;0;0;0;0;0;0;0;0;0;0;0;0;0;0;0;0;0;0;0;0;0;2;0;1;0;1;1;1;2018-02-09 13:40:00;4101;0;78;28;42;0;-1;1;-1;-1;-1;-1;-1;-1;2;0;2;2;2;4;-1;0;0;0;0;0;0;0;0;0;0;0;0;0;1;1;0;0;-1;-1;0;0;-1;-1;-1;-1;-1;-1;-1;-1;-1;28;36;57;86;100;42;88;92;42;11.25;3.88;3.17;3.04;Al Sailiya;Qatar SC;1;1.18;1.38;0.67;1.6;0.8;73;65;44;15;0;63;57;50;0;0;0;808;22;Y;Y;N;N;N;N;N
291815;4099;4095;2017/2018;complete;1421;16;-1;14;54,90;1;2;3;3;7;10;2;2;3;2;0;1;5;7;9;4;14;11;15;7;44;56;3;4;2.5;3.65;2.3;0;0;0;0;0;0;0;0;0;0;0;0;0;0;0;0;0;0;0;0;0;0;0;0;0;0;0;0;0;0;0;0;0;0;0;0;0;0;0;0;0;0;0;0;0;0;0;0;0;0;0;0;0;0;0;0;0;0;0;0;0;0;0;0;0;3;1;0;0;2;2;1;2018-02-09 15:50:00;4095;0;54;7;26;0;-1;1;-1;-1;-1;-1;-1;-1;1;3;2;0;4;2;-1;0;0;0;0;0;0;0;0;0;0;0;0;0;1;1;0;0;-1;-1;0;0;-1;-1;-1;-1;-1;-1;-1;-1;-1;34;41;47;73;86;40;67;80;40;11.59;4.64;4.68;2.91;Al Khor;Umm Salal;1.09;1.27;1.13;1.29;0.93;1.4;67;60;54;27;15;67;47;47;0;0;0;808;22;Y;Y;Y;N;N;N;Y
291816;4100;4094;2017/2018;complete;1421;16;-1;43,87,90;21,22;3;2;5;4;2;6;9;0;4;5;0;0;5;8;7;3;12;11;14;16;54;46;4;5;2.2;3.5;2.75;0;0;0;0;0;0;0;0;0;0;0;0;0;0;0;0;0;0;0;0;0;0;0;0;0;0;0;0;0;0;0;0;0;0;0;0;0;0;0;0;0;0;0;0;0;0;0;0;0;0;0;0;0;0;0;0;0;0;0;0;0;0;0;0;0;5;1;2;2;0;2;3;2018-02-10 13:40:00;4100;0;66;14;40;0;-1;1;-1;-1;-1;-1;-1;-1;0;1;4;4;1;8;-1;0;0;0;0;0;0;0;0;0;0;0;0;0;1;1;0;0;-1;-1;0;0;-1;-1;-1;-1;-1;-1;-1;-1;-1;21;46;53;73;93;41;73;79;46;9.2;3.92;3.99;2.84;Al Kharitiyath;Al Markhiya;1.36;0.82;1.13;0.71;0.67;0.73;80;55;48;28;7;53;46;40;0;0;0;808;22;Y;Y;Y;Y;Y;N;Y
291817;4097;4104;2017/2018;complete;1421;16;-1;;31,49,90,90;0;4;4;11;5;16;3;5;2;3;0;0;7;6;14;6;21;12;11;11;54;46;2;3;2.2;3.55;2.75;0;0;0;0;0;0;0;0;0;0;0;0;0;0;0;0;0;0;0;0;0;0;0;0;0;0;0;0;0;0;0;0;0;0;0;0;0;0;0;0;0;0;0;0;0;0;0;0;0;0;0;0;0;0;0;0;0;0;0;0;0;0;0;0;0;4;0;1;0;3;3;1;2018-02-10 15:50:00;4104;0;54;21;14;0;-1;1;-1;-1;-1;-1;-1;-1;1;1;1;2;2;3;-1;0;0;0;0;0;0;0;0;1;0;1;0;0;1;1;0;0;-1;-1;1;0;-1;-1;-1;-1;-1;-1;-1;-1;-1;14;28;55;73;93;48;75;86;34;7.86;4.54;4.95;2.82;Al Arabi;Al Ahli;1.45;1.27;1;1.38;0.8;1.07;87;73;46;27;7;59;53;40;0;0;0;808;22;Y;Y;Y;Y;N;N;N
291818;4096;4095;2017/2018;complete;1421;17;-1;5,10,13,15,59;;5;0;5;10;0;10;2;1;0;1;0;0;15;4;18;8;33;12;5;7;62;38;0;1;1.59;3.95;5.6;1.02;1.23;1.74;2.85;0;0;0;0;0;0;1.83;2;0;0;0;0;0;0;0;0;0;0;0;0;0;0;0;0;0;0;0;0;0;0;0;0;0;0;0;0;0;0;0;0;0;0;0;0;0;0;0;0;0;0;0;0;0;0;0;0;0;0;0;0;0;5;4;0;1;0;1;4;2018-02-15 15:55:00;4096;0;75;28;28;0;-1;1;-1;-1;-1;-1;-1;-1;0;0;0;1;0;1;-1;0;0;0;0;0;0;0;0;0;0;0;0;0;1;1;2;0;-1;-1;0;0;-1;-1;-1;-1;-1;-1;-1;-1;-1;41;48;61;88;88;48;88;81;41;12.74;5.43;3.63;3.82;Al Duhail;Umm Salal;2.64;1.27;2.43;1.5;2.63;1.5;59;53;40;13;13;73;47;41;0;0;0;808;22;Y;Y;Y;Y;Y;N;N
291819;4102;4093;2017/2018;complete;1421;17;-1;60,68;5,79;2;2;4;8;3;11;2;0;2;4;0;0;6;7;5;10;11;17;15;11;52;48;2;4;1.53;4.1;5;0;0;0;0;0;0;0;0;0;0;0;0;0;0;0;0;0;0;0;0;0;0;0;0;0;0;0;0;0;0;0;0;0;0;0;0;0;0;0;0;0;0;0;0;0;0;0;0;0;0;0;0;0;0;0;0;0;0;0;0;0;0;0;0;0;4;0;1;2;1;3;1;2018-02-16 13:45:00;-1;0;64;29;57;0;-1;1;-1;-1;-1;-1;-1;-1;1;2;1;2;3;3;-1;0;0;0;0;0;0;0;0;0;0;0;0;0;1;1;0;1;-1;-1;1;0;-1;-1;-1;-1;-1;-1;-1;-1;-1;57;72;79;93;100;64;86;100;79;10.29;4.57;3.71;4.57;Al Rayyan;Al Sailiya;1.82;1.55;2.14;1.86;2.19;1.5;43;29;22;7;0;43;36;22;0;0;0;808;22;Y;Y;Y;Y;N;N;Y
291820;4098;4100;2017/2018;complete;1421;17;-1;19,90;;2;0;2;1;2;3;1;3;2;3;0;0;12;6;9;7;21;13;14;14;56;44;2;3;1.91;3.75;3.25;0;0;0;0;0;0;0;0;0;0;0;0;0;0;0;0;0;0;0;0;0;0;0;0;0;0;0;0;0;0;0;0;0;0;0;0;0;0;0;0;0;0;0;0;0;0;0;0;0;0;0;0;0;0;0;0;0;0;0;0;0;0;0;0;0;2;1;0;1;0;1;1;2018-02-16 15:55:00;4098;0;67;21;41;0;-1;1;-1;-1;-1;-1;-1;-1;0;2;2;1;2;3;-1;0;0;0;0;0;0;0;0;0;0;0;0;0;1;1;0;0;-1;-1;0;0;-1;-1;-1;-1;-1;-1;-1;-1;-1;34;54;67;87;87;56;75;80;60;7.17;4.13;3.88;3.77;Al Gharafa;Al Kharitiyath;1.64;0.09;1.13;0.14;1.25;0.81;66;47;34;14;14;54;48;35;0;0;0;808;22;Y;Y;N;N;N;N;N
291821;4104;4101;2017/2018;complete;1421;17;-1;;57;0;1;1;7;8;15;2;1;5;2;0;0;3;5;3;3;6;8;11;12;50;50;5;2;2.15;3.55;2.85;0;0;0;0;0;0;0;0;0;0;0;0;0;0;0;0;0;0;0;0;0;0;0;0;0;0;0;0;0;0;0;0;0;0;0;0;0;0;0;0;0;0;0;0;0;0;0;0;0;0;0;0;0;0;0;0;0;0;0;0;0;0;0;0;0;1;0;0;0;1;1;0;2018-02-16 15:55:00;4101;0;57;14;29;0;-1;1;-1;-1;-1;-1;-1;-1;3;1;2;1;4;3;-1;0;0;0;0;0;0;0;0;0;0;0;0;0;1;1;0;0;-1;-1;0;0;-1;-1;-1;-1;-1;-1;-1;-1;-1;7;36;57;93;100;43;100;86;36;8.29;4.15;4.71;2.93;Al Ahli;Qatar SC;0.73;1.18;0.71;1;1.19;0.94;93;64;43;7;0;64;50;50;0;0;0;808;22;Y;N;N;N;N;N;N
291822;4094;4099;2017/2018;complete;1421;17;-1;5;65;1;1;2;0;8;8;4;3;2;4;0;0;2;3;2;3;4;6;15;21;52;48;2;4;2.65;3.4;2.3;0;0;0;0;0;0;0;0;0;0;0;0;0;0;0;0;0;0;0;0;0;0;0;0;0;0;0;0;0;0;0;0;0;0;0;0;0;0;0;0;0;0;0;0;0;0;0;0;0;0;0;0;0;0;0;0;0;0;0;0;0;0;0;0;0;2;1;0;0;1;1;1;2018-02-17 13:45:00;-1;0;53;27;20;0;-1;1;-1;-1;-1;-1;-1;-1;0;0;2;4;0;6;-1;0;0;0;0;0;0;0;0;0;0;0;0;0;1;1;1;0;-1;-1;0;0;-1;-1;-1;-1;-1;-1;-1;-1;-1;7;20;55;75;94;27;75;88;54;8.07;3.52;3.5;2.61;Al Markhiya;Al Khor;0.91;1.09;0.75;0.71;0.69;0.88;94;81;46;26;7;60;40;26;0;0;0;808;22;Y;Y;N;N;N;N;Y
291823;4103;4097;2017/2018;complete;1421;17;-1;7,9,57,60,79;10;5;1;6;3;1;4;1;1;0;1;0;0;13;3;10;4;23;7;8;11;56;44;0;1;1.27;5.5;7.5;0;0;0;0;0;0;0;0;0;0;0;0;0;0;0;0;0;0;0;0;0;0;0;0;0;0;0;0;0;0;0;0;0;0;0;0;0;0;0;0;0;0;0;0;0;0;0;0;0;0;0;0;0;0;0;0;0;0;0;0;0;0;0;0;0;6;2;1;3;0;3;3;2018-02-17 15:55:00;4103;0;80;15;46;0;-1;1;-1;-1;-1;-1;-1;-1;0;1;0;0;1;0;-1;0;0;0;0;0;0;0;1;0;1;0;0;0;1;1;2;1;-1;-1;0;0;-1;-1;-1;-1;-1;-1;-1;-1;-1;28;48;62;93;93;28;75;93;75;9.14;4.68;3.75;3.37;Al Sadd;Al Arabi;2;0.73;1.86;0.63;2.31;0.75;73;53;39;7;7;81;67;41;0;0;0;808;22;Y;Y;Y;Y;Y;Y;Y
291824;4097;4100;2017/2018;complete;1421;18;-1;41,85;89;2;1;3;2;7;9;3;1;3;4;0;0;6;5;4;5;10;10;19;15;45;55;3;4;2.2;3.55;2.7;0;0;0;0;0;0;0;0;0;0;0;0;0;0;0;0;0;0;0;0;0;0;0;0;0;0;0;0;0;0;0;0;0;0;0;0;0;0;0;0;0;0;0;0;0;0;0;0;0;0;0;0;0;0;0;0;0;0;0;0;0;0;0;0;0;3;1;0;1;1;2;1;2018-02-23 13:50:00;4097;0;57;25;32;0;-1;1;-1;-1;-1;-1;-1;-1;2;1;1;3;3;4;-1;0;0;0;0;0;0;0;0;0;0;0;0;0;1;1;0;0;-1;-1;0;0;-1;-1;-1;-1;-1;-1;-1;-1;-1;26;50;69;82;88;63;88;75;50;7.88;4.51;4.63;3.57;Al Arabi;Al Kharitiyath;1.45;0.09;0.88;0.13;0.71;0.76;76;50;32;19;13;50;50;44;0;0;0;808;22;Y;Y;Y;N;N;N;Y
291825;4095;4093;2017/2018;complete;1421;18;-1;33;;1;0;1;0;7;7;2;2;5;5;0;0;6;5;3;8;9;13;19;16;38;62;5;5;2.3;3.6;2.55;0;0;0;0;0;0;0;0;0;0;0;0;0;0;0;0;0;0;0;0;0;0;0;0;0;0;0;0;0;0;0;0;0;0;0;0;0;0;0;0;0;0;0;0;0;0;0;0;0;0;0;0;0;0;0;0;0;0;0;0;0;0;0;0;0;1;1;0;0;0;0;1;2018-02-23 16:00:00;4095;0;82;19;63;0;-1;1;-1;-1;-1;-1;-1;-1;1;2;4;3;3;7;-1;0;0;0;0;0;0;0;0;0;0;0;0;0;1;1;0;0;-1;-1;0;0;-1;-1;-1;-1;-1;-1;-1;-1;-1;44;69;69;88;100;57;75;100;76;9.63;4;5.01;4.01;Umm Salal;Al Sailiya;1.73;1.55;1.5;1.75;1.41;1.47;57;32;32;13;0;69;57;38;0;0;0;808;22;Y;N;N;N;N;N;N
291826;4096;4099;2017/2018;complete;1421;18;-1;24,30,34,52;;4;0;4;8;5;13;1;0;2;2;0;1;7;0;6;4;13;4;5;2;64;36;2;4;1.14;7;10.75;0;0;0;0;0;0;0;0;0;0;0;0;0;0;0;0;0;0;0;0;0;0;0;0;0;0;0;0;0;0;0;0;0;0;0;0;0;0;0;0;0;0;0;0;0;0;0;0;0;0;0;0;0;0;0;0;0;0;0;0;0;0;0;0;0;4;3;0;1;0;1;3;2018-02-24 13:50:00;4096;0;63;32;26;0;-1;1;-1;-1;-1;-1;-1;-1;0;1;2;2;1;4;-1;0;0;0;0;0;0;0;1;0;1;0;0;0;1;1;0;0;-1;-1;0;0;-1;-1;-1;-1;-1;-1;-1;-1;-1;32;38;69;94;100;50;94;94;44;11.38;3.76;3.13;3.82;Al Duhail;Al Khor;2.64;1.09;2.5;0.75;2.65;0.88;69;63;32;7;0;63;38;26;0;0;0;808;22;Y;Y;Y;Y;N;N;N
291827;4094;4098;2017/2018;complete;1421;18;-1;27,62,64;16,23;3;2;5;2;11;13;3;2;4;1;0;0;6;5;4;4;10;9;12;19;37;63;4;1;4.1;4.05;1.62;0;0;0;0;0;0;0;0;0;0;0;0;0;0;0;0;0;0;0;0;0;0;0;0;0;0;0;0;0;0;0;0;0;0;0;0;0;0;0;0;0;0;0;0;0;0;0;0;0;0;0;0;0;0;0;0;0;0;0;0;0;0;0;0;0;5;1;2;2;0;2;3;2018-02-24 16:00:00;4094;0;84;18;30;0;-1;1;-1;-1;-1;-1;-1;-1;2;0;2;1;2;3;-1;0;0;0;0;0;0;0;0;1;0;1;0;0;1;1;0;0;-1;-1;0;0;-1;-1;-1;-1;-1;-1;-1;-1;-1;25;30;54;84;95;30;84;89;54;9.88;3.44;3.81;3.04;Al Markhiya;Al Gharafa;0.91;1.27;0.78;1.38;0.71;1.35;76;71;46;17;6;66;54;42;0;0;0;808;22;Y;Y;Y;Y;Y;N;Y
291828;4103;4104;2017/2018;complete;1421;18;-1;5,55,75,82,90;;5;0;5;8;4;12;3;2;1;4;0;0;7;0;0;2;7;2;6;10;52;48;1;4;1.27;5.15;7.5;0;0;0;0;0;0;0;0;0;0;0;0;0;0;0;0;0;0;0;0;0;0;0;0;0;0;0;0;0;0;0;0;0;0;0;0;0;0;0;0;0;0;0;0;0;0;0;0;0;0;0;0;0;0;0;0;0;0;0;0;0;0;0;0;0;5;1;0;4;0;4;1;2018-02-25 13:50:00;4103;0;60;25;18;0;-1;1;-1;-1;-1;-1;-1;-1;0;1;1;3;1;4;-1;0;0;0;0;0;0;0;0;0;0;0;0;0;1;1;1;0;-1;-1;0;0;-1;-1;-1;-1;-1;-1;-1;-1;-1;31;43;66;83;94;42;78;94;61;9.86;4.81;4.19;3.46;Al Sadd;Al Ahli;2;1.27;2;1.56;2.35;1.12;70;58;35;18;7;77;65;53;0;0;0;808;22;Y;Y;Y;Y;Y;N;N
291829;4101;4102;2017/2018;complete;1421;18;-1;;25,37,61,83;0;4;4;7;4;11;0;1;1;2;0;0;4;5;5;6;9;11;9;20;49;51;1;2;5.1;4.45;1.44;0;0;0;0;0;0;0;0;0;0;0;0;0;0;0;0;0;0;0;0;0;0;0;0;0;0;0;0;0;0;0;0;0;0;0;0;0;0;0;0;0;0;0;0;0;0;0;0;0;0;0;0;0;0;0;0;0;0;0;0;0;0;0;0;0;4;0;2;0;2;2;2;2018-02-25 16:00:00;4102;0;73;28;33;0;-1;1;-1;-1;-1;-1;-1;-1;0;0;1;2;0;3;-1;0;0;0;0;0;0;0;0;0;0;0;0;0;1;1;0;0;-1;-1;0;0;-1;-1;-1;-1;-1;-1;-1;-1;-1;33;50;67;89;100;67;89;84;50;13;3.11;3.89;3.67;Qatar SC;Al Rayyan;0.82;2.09;0.89;2.22;1.06;2.12;67;50;33;11;0;73;73;67;0;0;0;808;22;Y;Y;Y;Y;N;N;N
291830;4096;4103;2017/2018;complete;1421;19;-1;37,40,88,90;11,71,81;4;3;7;4;3;7;2;2;4;2;0;1;10;5;17;13;27;18;11;15;55;45;4;3;1.95;3.75;3.1;0;1.04;1.22;1.61;0;0;0;0;0;0;1.28;3.5;0;0;0;0;0;0;0;0;0;0;0;0;0;0;0;0;0;0;0;0;0;0;0;0;0;0;0;0;0;0;0;0;0;0;0;0;0;0;0;0;0;0;0;0;0;0;0;0;0;0;0;0;0;7;2;1;2;2;4;3;2018-03-01 15:00:00;4096;0;67;33;28;0;-1;1;-1;-1;-1;-1;-1;-1;1;0;3;3;1;6;-1;0;0;0;0;0;0;0;0;0;0;0;0;0;1;1;0;0;-1;-1;0;0;-1;-1;-1;-1;-1;-1;-1;-1;-1;39;67;84;100;100;67;100;89;45;11;5.11;1.78;4.34;Al Duhail;Al Sadd;2.64;2.18;2.56;2.67;2.67;2.39;61;33;17;0;0;73;56;33;0;0;0;808;22;Y;Y;Y;Y;Y;Y;Y
291831;4098;4102;2017/2018;complete;1421;19;-1;15,22,25,54,62,90;27;6;1;7;3;4;7;4;7;1;4;0;0;8;5;7;3;15;8;14;10;47;53;1;4;4.25;4.25;1.59;0;0;0;0;0;0;0;0;0;0;0;0;0;0;0;0;0;0;0;0;0;0;0;0;0;0;0;0;0;0;0;0;0;0;0;0;0;0;0;0;0;0;0;0;0;0;0;0;0;0;0;0;0;0;0;0;0;0;0;0;0;0;0;0;0;7;3;1;3;0;3;4;2018-03-01 17:10:00;4098;0;63;16;31;0;-1;1;-1;-1;-1;-1;-1;-1;0;2;1;2;2;3;-1;0;0;0;0;0;0;0;1;0;1;0;0;0;1;1;0;0;-1;-1;0;0;-1;-1;-1;-1;-1;-1;-1;-1;-1;26;52;63;90;95;46;74;90;63;10.46;3.4;4.19;3.46;Al Gharafa;Al Rayyan;1.64;2.09;1.33;2.3;1.28;2.17;74;48;37;11;6;62;57;46;0;0;0;808;22;Y;Y;Y;Y;Y;Y;Y
291832;4104;4100;2017/2018;complete;1421;19;-1;2,50,78;21,52;3;2;5;3;3;6;2;3;3;1;0;0;4;3;2;2;6;5;15;13;54;46;3;1;2;3.75;2.95;0;0;0;0;0;0;0;0;0;0;0;0;0;0;0;0;0;0;0;0;0;0;0;0;0;0;0;0;0;0;0;0;0;0;0;0;0;0;0;0;0;0;0;0;0;0;0;0;0;0;0;0;0;0;0;0;0;0;0;0;0;0;0;0;0;5;1;1;2;1;3;2;2018-03-02 15:00:00;4104;0;59;18;41;0;-1;1;-1;-1;-1;-1;-1;-1;1;1;2;0;2;2;-1;0;0;0;0;0;0;0;1;0;1;0;0;0;1;1;1;0;-1;-1;0;0;-1;-1;-1;-1;-1;-1;-1;-1;-1;17;41;65;89;95;59;89;83;47;7.31;3.88;5.21;3.39;Al Ahli;Al Kharitiyath;0.73;0.09;0.63;0.11;1.06;0.72;84;60;36;12;6;66;47;47;0;0;0;808;22;Y;Y;Y;Y;Y;N;Y
291833;4093;4099;2017/2018;complete;1421;19;-1;60;63,84;1;2;3;2;6;8;0;3;2;1;2;0;2;3;0;4;2;7;15;15;57;43;4;1;1.8;3.8;3.6;0;0;0;0;0;0;0;0;0;0;0;0;0;0;0;0;0;0;0;0;0;0;0;0;0;0;0;0;0;0;0;0;0;0;0;0;0;0;0;0;0;0;0;0;0;0;0;0;0;0;0;0;0;0;0;0;0;0;0;0;0;0;0;0;0;3;0;0;1;2;3;0;2018-03-02 17:10:00;4099;0;61;28;28;0;-1;1;-1;-1;-1;-1;-1;-1;1;0;3;1;1;4;-1;0;0;0;0;0;0;0;1;1;1;1;0;0;1;1;0;0;-1;-1;0;0;-1;-1;-1;-1;-1;-1;-1;-1;-1;17;28;62;89;100;39;84;100;44;10.89;2.89;3.77;2.95;Al Sailiya;Al Khor;1;1.09;1.22;0.67;1.39;0.83;84;73;39;11;0;67;50;39;0;0;0;808;22;Y;Y;Y;N;N;N;Y
291834;4101;4095;2017/2018;complete;1421;19;-1;65,76;3,20;2;2;4;7;4;11;0;1;2;2;0;0;7;8;11;3;18;11;15;19;61;39;2;2;3.05;3.6;2;0;0;0;0;0;0;0;0;0;0;0;0;0;0;0;0;0;0;0;0;0;0;0;0;0;0;0;0;0;0;0;0;0;0;0;0;0;0;0;0;0;0;0;0;0;0;0;0;0;0;0;0;0;0;0;0;0;0;0;0;0;0;0;0;0;4;0;2;2;0;2;2;2018-03-03 15:00:00;-1;0;58;21;16;0;-1;1;-1;-1;-1;-1;-1;-1;0;1;2;1;1;3;-1;0;0;0;0;0;0;0;1;0;1;0;0;0;1;1;0;1;-1;-1;0;0;-1;-1;-1;-1;-1;-1;-1;-1;-1;32;47;63;84;89;52;89;79;37;11.12;4.28;3.94;3.25;Qatar SC;Umm Salal;0.82;1.27;0.8;1.33;1;1.5;69;53;37;16;11;74;63;47;0;0;0;808;22;Y;Y;Y;Y;N;N;Y
291835;4097;4094;2017/2018;complete;1421;19;-1;8,21,90;30;3;1;4;4;5;9;0;1;3;3;0;0;5;3;1;0;6;3;16;14;36;64;3;3;2.4;3.45;2.5;0;0;0;0;0;0;0;0;0;0;0;0;0;0;0;0;0;0;0;0;0;0;0;0;0;0;0;0;0;0;0;0;0;0;0;0;0;0;0;0;0;0;0;0;0;0;0;0;0;0;0;0;0;0;0;0;0;0;0;0;0;0;0;0;0;4;2;1;1;0;1;3;2018-03-03 17:10:00;4097;0;60;24;24;0;-1;1;-1;-1;-1;-1;-1;-1;1;0;2;3;1;5;-1;0;0;0;0;0;0;0;1;0;1;0;0;0;1;1;1;0;-1;-1;0;0;-1;-1;-1;-1;-1;-1;-1;-1;-1;25;41;64;71;89;47;82;71;47;7.82;4.44;4.81;2.93;Al Arabi;Al Markhiya;1.45;0.82;1.11;0.63;0.83;0.83;76;60;36;30;12;47;35;29;0;0;0;808;22;Y;Y;Y;Y;N;N;Y
291836;4093;4098;2017/2018;complete;1421;20;-1;;26,45,90;0;3;3;4;5;9;4;5;1;1;0;0;3;5;6;3;9;8;15;15;53;47;1;1;2.9;3.55;2.1;1.01;1.1;1.38;2;0;0;0;0;0;0;1.42;2.8;0;0;0;0;0;0;0;0;0;0;0;0;0;0;0;0;0;0;0;0;0;0;0;0;0;0;0;0;0;0;0;0;0;0;0;0;0;0;0;0;0;0;0;0;0;0;0;0;0;0;0;0;0;3;0;2;0;1;1;2;2018-03-09 15:00:00;4098;0;90;26;42;0;-1;1;-1;-1;-1;-1;-1;-1;0;1;1;0;1;1;-1;0;0;0;0;0;0;0;0;0;0;0;0;0;1;1;0;0;-1;-1;0;0;-1;-1;-1;-1;-1;-1;-1;-1;-1;37;37;69;95;100;42;85;100;59;12.64;2.5;3.71;3.44;Al Sailiya;Al Gharafa;1;1.27;1.1;1.22;1.32;1.37;63;63;31;5;0;74;64;53;0;0;0;808;22;Y;Y;Y;N;N;N;N
291837;4095;4103;2017/2018;complete;1421;20;-1;49,66;11;2;1;3;7;2;9;6;0;2;1;1;0;2;2;1;0;3;2;16;6;47;53;3;1;2.55;3.55;2.35;1;1.09;1.36;1.91;0;0;0;0;0;0;1.38;2.9;0;0;0;0;0;0;0;0;0;0;0;0;0;0;0;0;0;0;0;0;0;0;0;0;0;0;0;0;0;0;0;0;0;0;0;0;0;0;0;0;0;0;0;0;0;0;0;0;0;0;0;0;0;3;0;1;2;0;2;1;2018-03-09 15:00:00;4095;0;74;20;43;0;-1;1;-1;-1;-1;-1;-1;-1;1;0;2;1;1;3;-1;0;0;0;0;0;0;0;0;0;0;0;0;0;1;1;0;0;-1;-1;0;0;-1;-1;-1;-1;-1;-1;-1;-1;-1;32;57;67;89;100;52;89;90;58;7.16;5.02;3.89;3.61;Umm Salal;Al Sadd;1.73;2.18;1.67;2.4;1.47;2.26;69;43;33;11;0;64;53;27;0;0;0;808;22;Y;Y;Y;N;N;N;Y
291838;4102;4097;2017/2018;complete;1421;20;-1;72;20,53,90;1;3;4;6;5;11;0;2;2;3;0;0;4;4;7;3;11;7;14;9;55;45;2;3;2;3.9;2.85;1;1.07;1.3;1.8;0;0;0;0;0;0;1.34;3.1;0;0;0;0;0;0;0;0;0;0;0;0;0;0;0;0;0;0;0;0;0;0;0;0;0;0;0;0;0;0;0;0;0;0;0;0;0;0;0;0;0;0;0;0;0;0;0;0;0;0;0;0;0;4;0;1;1;2;3;1;2018-03-09 17:10:00;4097;0;76;12;60;0;-1;1;-1;-1;-1;-1;-1;-1;0;1;2;2;1;4;-1;0;0;0;0;0;0;0;1;0;1;0;0;0;1;1;0;0;-1;-1;0;0;-1;-1;-1;-1;-1;-1;-1;-1;-1;36;54;60;100;100;36;84;100;71;7.53;4.61;3.3;3.8;Al Rayyan;Al Arabi;1.82;0.73;2;0.56;2.05;0.95;64;47;41;0;0;53;47;24;0;0;0;808;22;Y;Y;Y;Y;N;N;Y
291839;4100;4096;2017/2018;complete;1421;20;-1;;26,36,56,82,84;0;5;5;7;5;12;2;1;1;0;0;0;0;6;0;0;0;6;2;12;43;57;1;0;8.75;6.05;1.22;0;1.04;1.2;1.56;0;0;0;0;0;0;1.48;2.6;0;0;0;0;0;0;0;0;0;0;0;0;0;0;0;0;0;0;0;0;0;0;0;0;0;0;0;0;0;0;0;0;0;0;0;0;0;0;0;0;0;0;0;0;0;0;0;0;0;0;0;0;0;5;0;2;0;3;3;2;2018-03-09 17:10:00;4096;0;73;22;50;0;-1;1;-1;-1;-1;-1;-1;-1;1;0;0;0;1;0;-1;0;0;0;0;0;0;0;0;0;0;0;0;0;1;1;0;0;-1;-1;0;0;-1;-1;-1;-1;-1;-1;-1;-1;-1;45;73;73;89;100;61;84;95;73;11.66;4.22;4.89;4.17;Al Kharitiyath;Al Duhail;1.36;2.82;1.33;2.78;0.68;2.68;56;28;28;11;0;50;50;39;0;0;0;808;22;Y;Y;Y;Y;Y;N;N
291840;4099;4101;2017/2018;complete;1421;20;-1;;48,58;0;2;2;6;4;10;1;0;2;4;0;0;4;4;6;4;10;8;20;16;50;50;2;4;2.3;3.45;2.65;0;0;0;0;0;0;0;0;0;0;0;0;0;0;0;0;0;0;0;0;0;0;0;0;0;0;0;0;0;0;0;0;0;0;0;0;0;0;0;0;0;0;0;0;0;0;0;0;0;0;0;0;0;0;0;0;0;0;0;0;0;0;0;0;0;2;0;0;0;2;2;0;2018-03-10 15:00:00;4101;0;53;7;29;0;-1;1;-1;-1;-1;-1;-1;-1;0;1;2;3;1;5;-1;0;0;0;0;0;0;0;0;1;0;1;0;0;1;1;0;0;-1;-1;0;0;-1;-1;-1;-1;-1;-1;-1;-1;-1;23;29;47;77;100;35;78;89;41;10.94;3.69;4.46;2.86;Al Khor;Qatar SC;1.09;1.18;1;1.25;0.95;1;78;71;54;24;0;65;60;54;0;0;0;808;22;Y;Y;N;N;N;N;N
291841;4104;4094;2017/2018;complete;1421;20;-1;;44,90;0;2;2;1;4;5;3;1;5;0;1;0;0;3;2;2;2;5;14;8;48;52;6;0;2.25;3.4;2.75;1;1.16;1.54;2.35;0;0;0;0;0;0;1.53;2.45;0;0;0;0;0;0;0;0;0;0;0;0;0;0;0;0;0;0;0;0;0;0;0;0;0;0;0;0;0;0;0;0;0;0;0;0;0;0;0;0;0;0;0;0;0;0;0;0;0;0;0;0;0;2;0;1;0;1;1;1;2018-03-10 17:10:00;4094;0;62;28;28;0;-1;1;-1;-1;-1;-1;-1;-1;2;0;4;0;2;4;-1;0;0;0;0;0;0;0;0;1;0;1;0;0;1;1;0;0;-1;-1;0;0;-1;-1;-1;-1;-1;-1;-1;-1;-1;22;44;62;78;95;56;84;78;39;7.23;3.78;5.22;3;Al Ahli;Al Markhiya;0.73;0.82;0.89;0.56;1.16;0.79;78;56;39;22;6;56;33;33;0;0;0;808;22;Y;Y;N;N;N;N;N
291842;4097;4098;2017/2018;complete;1421;21;-1;45,73,81;42;3;1;4;1;10;11;4;2;1;4;0;1;5;5;1;1;6;6;12;12;45;55;1;6;4.05;3.75;1.71;1.01;1.12;1.44;2.15;0;0;0;0;0;0;1.54;2.4;0;0;0;0;0;0;0;0;0;0;0;0;0;0;0;0;0;0;0;0;0;0;0;0;0;0;0;0;0;0;0;0;0;0;0;0;0;0;0;0;0;0;0;0;0;0;0;0;0;0;0;0;0;4;1;1;2;0;2;2;2018-03-17 15:05:00;4097;0;75;25;25;0;-1;1;-1;-1;-1;-1;-1;-1;1;3;0;2;4;2;-1;0;0;0;0;0;0;0;1;0;1;0;0;0;1;1;0;0;-1;-1;0;0;-1;-1;-1;-1;-1;-1;-1;-1;-1;25;45;80;90;95;50;95;90;55;10.7;3.6;4.6;3.45;Al Arabi;Al Gharafa;1.45;1.27;1.3;1.4;1.05;1.45;75;55;20;10;5;70;50;40;0;0;0;808;22;Y;Y;Y;Y;N;N;Y
291843;4102;4095;2017/2018;complete;1421;21;-1;61,90;65,75;2;2;4;7;5;12;1;4;1;1;0;0;6;4;9;9;15;13;5;12;62;38;1;1;2.15;3.45;2.85;1.01;1.14;1.49;2.25;0;0;0;0;0;0;1.49;2.55;0;0;0;0;0;0;0;0;0;0;0;0;0;0;0;0;0;0;0;0;0;0;0;0;0;0;0;0;0;0;0;0;0;0;0;0;0;0;0;0;0;0;0;0;0;0;0;0;0;0;0;0;0;4;0;0;2;2;4;0;2018-03-17 15:05:00;-1;0;64;11;39;0;-1;1;-1;-1;-1;-1;-1;-1;1;0;0;1;1;1;-1;0;0;0;0;0;0;0;0;0;0;0;0;0;1;1;0;0;-1;-1;0;0;-1;-1;-1;-1;-1;-1;-1;-1;-1;37;59;69;90;90;42;90;90;59;9.99;4.82;4.07;3.67;Al Rayyan;Umm Salal;1.82;1.27;1.78;1.3;1.95;1.55;63;42;31;10;10;62;52;37;0;0;0;808;22;Y;Y;Y;Y;N;N;Y
291844;4100;4101;2017/2018;complete;1421;21;-1;42,50,90;5,90;3;2;5;5;5;10;0;0;1;1;0;0;8;6;7;3;15;9;12;7;50;50;1;1;2;3.45;3.3;1.01;1.21;1.69;2.75;0;0;0;0;0;0;1.67;2.15;0;0;0;0;0;0;0;0;0;0;0;0;0;0;0;0;0;0;0;0;0;0;0;0;0;0;0;0;0;0;0;0;0;0;0;0;0;0;0;0;0;0;0;0;0;0;0;0;0;0;0;0;0;5;1;1;2;1;3;2;2018-03-17 15:05:00;4100;0;57;16;31;0;-1;1;-1;-1;-1;-1;-1;-1;0;0;1;1;0;2;-1;0;0;0;0;0;0;0;0;0;0;0;0;0;1;1;0;1;-1;-1;0;0;-1;-1;-1;-1;-1;-1;-1;-1;-1;21;46;52;84;100;36;79;95;52;10.82;4.29;4.53;3.02;Al Kharitiyath;Qatar SC;1.36;1.18;1.2;1.44;0.65;1.1;80;54;49;16;0;64;64;53;0;0;0;808;22;Y;Y;Y;Y;Y;N;Y
291845;4103;4099;2017/2018;complete;1421;21;-1;;85;0;1;1;12;3;15;-1;-1;1;3;1;0;6;8;15;10;21;18;-1;-1;47;53;3;3;1.57;4.15;4.5;1;1.09;1.34;1.91;0;0;0;0;0;0;1.44;2.65;0;0;0;0;0;0;0;0;0;0;0;0;0;0;0;0;0;0;0;0;0;0;0;0;0;0;0;0;0;0;0;0;0;0;0;0;0;0;0;0;0;0;0;0;0;0;0;0;0;0;0;0;0;1;0;0;0;1;1;0;2018-03-17 15:05:00;4099;0;59;27;21;0;-1;1;-1;-1;-1;-1;-1;-1;0;0;2;3;0;5;-1;0;0;0;0;0;0;0;0;0;0;0;0;0;1;1;0;0;-1;-1;0;0;-1;-1;-1;-1;-1;-1;-1;-1;-1;28;44;80;90;95;37;85;95;70;10.4;3.73;3.97;3.51;Al Sadd;Al Khor;2;1.09;2.11;0.9;2.15;0.9;72;57;21;11;6;64;49;38;0;0;0;808;22;Y;N;N;N;N;N;N
291846;4094;4096;2017/2018;complete;1421;21;-1;40,71;27,75,80,83;2;4;6;3;3;6;4;6;4;2;0;0;4;8;4;4;8;12;7;6;40;60;4;2;3.7;4.35;1.67;0;1.06;1.27;1.71;0;0;0;0;0;0;1.35;3.05;0;0;0;0;0;0;0;0;0;0;0;0;0;0;0;0;0;0;0;0;0;0;0;0;0;0;0;0;0;0;0;0;0;0;0;0;0;0;0;0;0;0;0;0;0;0;0;0;0;0;0;0;0;6;1;1;1;3;4;2;2018-03-17 15:05:00;4096;0;65;25;35;0;-1;1;-1;-1;-1;-1;-1;-1;1;1;3;1;2;4;-1;0;0;0;0;0;0;0;0;2;0;2;0;0;1;1;0;0;-1;-1;0;0;-1;-1;-1;-1;-1;-1;-1;-1;-1;45;55;60;80;95;55;80;85;65;9.9;4.3;4.1;3.8;Al Markhiya;Al Duhail;0.91;2.82;1;2.8;0.9;2.7;55;45;40;20;5;55;50;40;0;0;0;808;22;Y;Y;Y;Y;Y;Y;Y
291847;4104;4093;2017/2018;complete;1421;21;-1;;11,24,30;0;3;3;4;3;7;-1;-1;0;3;0;0;3;5;4;4;7;9;-1;-1;50;50;0;3;2.8;3.4;2.2;1;1.15;1.51;2.3;0;0;0;0;0;0;1.51;2.5;0;0;0;0;0;0;0;0;0;0;0;0;0;0;0;0;0;0;0;0;0;0;0;0;0;0;0;0;0;0;0;0;0;0;0;0;0;0;0;0;0;0;0;0;0;0;0;0;0;0;0;0;0;3;0;3;0;0;0;3;2018-03-17 15:05:00;4093;0;59;27;43;0;-1;1;-1;-1;-1;-1;-1;-1;0;0;0;3;0;3;-1;0;0;0;0;0;0;0;0;1;0;1;0;0;1;1;0;0;-1;-1;0;0;-1;-1;-1;-1;-1;-1;-1;-1;-1;27;59;69;84;100;53;84;90;59;9.18;3.78;5.87;3.61;Al Ahli;Al Sailiya;0.73;1.55;0.8;1.56;1.1;1.25;73;41;31;16;0;58;42;37;0;0;0;808;22;Y;Y;Y;N;N;N;N
323797;4103;4100;2017/2018;complete;1421;22;-1;20,33,36,42,45,54,72,73,85;79;9;1;10;7;2;9;6;1;1;4;0;0;11;2;1;0;12;2;12;11;67;33;1;4;1.34;5.2;6.45;0;0;0;0;0;0;0;0;0;0;0;0;0;0;0;0;0;0;0;0;0;0;0;0;0;0;0;0;0;0;0;0;0;0;0;0;0;0;0;0;0;0;0;0;0;0;0;0;0;0;0;0;0;0;0;0;0;0;0;0;0;0;0;0;0;10;5;0;4;1;5;5;2018-04-07 15:15:00;4103;0;65;30;40;0;-1;1;-1;-1;-1;-1;-1;-1;0;2;1;2;2;3;-1;0;0;0;0;0;0;0;1;0;1;0;0;0;1;1;0;0;-1;-1;0;0;-1;-1;-1;-1;-1;-1;-1;-1;-1;45;55;75;85;90;55;85;85;70;10.1;4.1;4;3.95;Al Sadd;Al Kharitiyath;2;0.09;1.9;0.1;2.05;0.76;55;45;25;15;10;65;55;50;0;0;0;808;22;Y;Y;Y;Y;Y;Y;Y
323798;4102;4104;2017/2018;complete;1421;22;-1;18,44,49,90;80;4;1;5;5;2;7;-1;-1;1;0;0;0;7;4;9;3;16;7;-1;-1;60;40;1;0;1.61;4.1;4.35;1;1.05;1.24;1.65;0;0;0;0;0;0;1.32;3.2;0;0;0;0;0;0;0;0;0;0;0;0;0;0;0;0;0;0;0;0;0;0;0;0;0;0;0;0;0;0;0;0;0;0;0;0;0;0;0;0;0;0;0;0;0;0;0;0;0;0;0;0;0;5;2;0;2;1;3;2;2018-04-08 15:15:00;4102;0;55;10;40;0;-1;1;-1;-1;-1;-1;-1;-1;0;0;1;0;0;1;-1;0;0;0;0;0;0;0;0;0;0;0;0;0;1;1;0;0;-1;-1;0;0;-1;-1;-1;-1;-1;-1;-1;-1;-1;30;50;65;90;100;35;80;100;60;9.2;4.6;4.2;3.65;Al Rayyan;Al Ahli;1.82;1.27;1.7;1.4;1.9;1.05;70;50;35;10;0;65;60;50;0;0;0;808;22;Y;Y;Y;Y;Y;N;Y
323799;4096;4093;2017/2018;complete;1421;22;-1;8,27,42,56,85;80,90;5;2;7;6;3;9;2;1;0;0;0;0;10;3;5;2;15;5;11;2;56;44;0;0;1.33;5.55;6.2;1;1.02;1.16;1.44;0;0;0;0;0;0;1.31;3.3;0;0;0;0;0;0;0;0;0;0;0;0;0;0;0;0;0;0;0;0;0;0;0;0;0;0;0;0;0;0;0;0;0;0;0;0;0;0;0;0;0;0;0;0;0;0;0;0;0;0;0;0;0;7;3;0;2;2;4;3;2018-04-07 15:15:00;4096;0;65;35;45;0;-1;-1;-1;-1;-1;-1;-1;-1;0;0;0;0;0;0;-1;0;0;0;0;0;0;0;0;0;0;0;0;0;1;1;1;0;-1;-1;-1;-1;-1;-1;-1;-1;-1;-1;-1;-1;-1;50;70;80;90;100;70;90;85;55;12.5;3.7;4;4.6;Al Duhail;Al Sailiya;2.64;1.55;2.6;1.7;2.71;1.33;50;30;20;10;0;60;45;35;0;0;0;808;22;Y;Y;Y;Y;Y;Y;Y
323800;4099;4097;2017/2018;complete;1421;22;-1;16,87;71;2;1;3;6;5;11;-1;-1;2;0;0;0;4;5;8;4;12;9;-1;-1;51;49;2;0;2.55;3.6;2.35;1.01;1.18;1.61;2.55;0;0;0;0;0;0;1.59;2.3;0;0;0;0;0;0;0;0;0;0;0;0;0;0;0;0;0;0;0;0;0;0;0;0;0;0;0;0;0;0;0;0;0;0;0;0;0;0;0;0;0;0;0;0;0;0;0;0;0;0;0;0;0;3;1;0;1;1;2;1;2018-04-08 15:15:00;4099;0;70;5;45;0;-1;1;-1;-1;-1;-1;-1;-1;0;0;2;0;0;2;-1;0;0;0;0;0;0;0;0;0;0;0;0;0;1;1;0;0;-1;-1;0;0;-1;-1;-1;-1;-1;-1;-1;-1;-1;25;40;50;90;100;30;65;95;65;8.6;3.6;4.1;3.2;Al Khor;Al Arabi;1.09;0.73;0.9;0.8;1;1.14;75;60;50;10;0;70;60;35;0;0;0;808;22;Y;Y;Y;N;N;N;Y
323801;4095;4094;2017/2018;complete;1421;22;-1;2;74;1;1;2;3;5;8;-1;-1;3;1;0;1;4;3;1;2;5;5;-1;-1;46;54;3;3;1.69;3.8;4.1;1.01;1.16;1.56;2.4;0;0;0;0;0;0;1.65;2.2;0;0;0;0;0;0;0;0;0;0;0;0;0;0;0;0;0;0;0;0;0;0;0;0;0;0;0;0;0;0;0;0;0;0;0;0;0;0;0;0;0;0;0;0;0;0;0;0;0;0;0;0;0;2;1;0;0;1;1;1;2018-04-08 15:15:00;-1;0;70;15;35;0;-1;1;-1;-1;-1;-1;-1;-1;3;0;0;2;3;2;-1;0;0;0;0;0;0;0;0;0;0;0;0;0;1;1;1;0;-1;-1;0;0;-1;-1;-1;-1;-1;-1;-1;-1;-1;30;40;50;75;95;45;80;80;45;7.5;4.4;5;2.95;Umm Salal;Al Markhiya;1.73;0.82;1.8;0.8;1.52;0.86;70;60;50;25;5;55;35;25;0;0;0;808;22;Y;Y;N;N;N;N;Y
323802;4098;4101;2017/2018;complete;1421;22;-1;45,68,85;;3;0;3;7;3;10;3;1;1;2;0;0;7;3;12;10;19;13;13;11;54;46;1;2;1.69;4;3.85;0;0;0;0;0;0;0;0;0;0;0;0;0;0;0;0;0;0;0;0;0;0;0;0;0;0;0;0;0;0;0;0;0;0;0;0;0;0;0;0;0;0;0;0;0;0;0;0;0;0;0;0;0;0;0;0;0;0;0;0;0;0;0;0;0;3;1;0;2;0;2;1;2018-04-08 15:15:00;4098;0;55;20;25;0;-1;1;-1;-1;-1;-1;-1;-1;1;1;0;1;2;1;-1;0;0;0;0;0;0;0;0;0;0;0;0;0;1;1;0;0;-1;-1;0;1;-1;-1;-1;-1;-1;-1;-1;-1;-1;25;40;50;85;95;30;75;90;50;8.7;3.9;4;3.1;Al Gharafa;Qatar SC;1.64;1.18;1.5;1.3;1.38;1.05;75;60;50;15;5;55;50;30;0;0;0;808;22;Y;Y;Y;N;N;N;N
