ID;HOMEID;AWAYID;SEASON;STATUS;ROUNDID;GAME_WEEK;REVISED_GAME_WEEK;HOMEGOALS;AWAYGOALS;HOMEGOALCOUNT;AWAYGOALCOUNT;TOTALGOALCOUNT;TEAM_A_CORNERS;TEAM_B_CORNERS;TOTALCORNERCOUNT;TEAM_A_OFFSIDES;TEAM_B_OFFSIDES;TEAM_A_YELLOW_CARDS;TEAM_B_YELLOW_CARDS;TEAM_A_RED_CARDS;TEAM_B_RED_CARDS;TEAM_A_SHOTSONTARGET;TEAM_B_SHOTSONTARGET;TEAM_A_SHOTSOFFTARGET;TEAM_B_SHOTSOFFTARGET;TEAM_A_SHOTS;TEAM_B_SHOTS;TEAM_A_FOULS;TEAM_B_FOULS;TEAM_A_POSSESSION;TEAM_B_POSSESSION;TEAM_A_CARDS_NUM;TEAM_B_CARDS_NUM;ODDS_FT_1;ODDS_FT_X;ODDS_FT_2;ODDS_FT_OVER05;ODDS_FT_OVER15;ODDS_FT_OVER25;ODDS_FT_OVER35;ODDS_FT_OVER45;ODDS_FT_UNDER05;ODDS_FT_UNDER15;ODDS_FT_UNDER25;ODDS_FT_UNDER35;ODDS_FT_UNDER45;ODDS_BTTS_YES;ODDS_BTTS_NO;ODDS_TEAM_A_CS_YES;ODDS_TEAM_A_CS_NO;ODDS_TEAM_B_CS_YES;ODDS_TEAM_B_CS_NO;ODDS_DOUBLECHANCE_1X;ODDS_DOUBLECHANCE_12;ODDS_DOUBLECHANCE_X2;ODDS_1ST_HALF_RESULT_1;ODDS_1ST_HALF_RESULT_X;ODDS_1ST_HALF_RESULT_2;ODDS_2ND_HALF_RESULT_1;ODDS_2ND_HALF_RESULT_X;ODDS_2ND_HALF_RESULT_2;ODDS_DNB_1;ODDS_DNB_2;ODDS_CORNERS_OVER_75;ODDS_CORNERS_OVER_85;ODDS_CORNERS_OVER_95;ODDS_CORNERS_OVER_105;ODDS_CORNERS_OVER_115;ODDS_CORNERS_UNDER_75;ODDS_CORNERS_UNDER_85;ODDS_CORNERS_UNDER_95;ODDS_CORNERS_UNDER_105;ODDS_CORNERS_UNDER_115;ODDS_CORNERS_1;ODDS_CORNERS_X;ODDS_CORNERS_2;ODDS_TEAM_TO_SCORE_FIRST_1;ODDS_TEAM_TO_SCORE_FIRST_X;ODDS_TEAM_TO_SCORE_FIRST_2;ODDS_WIN_TO_NIL_1;ODDS_WIN_TO_NIL_2;ODDS_1ST_HALF_OVER05;ODDS_1ST_HALF_OVER15;ODDS_1ST_HALF_OVER25;ODDS_1ST_HALF_OVER35;ODDS_1ST_HALF_UNDER05;ODDS_1ST_HALF_UNDER15;ODDS_1ST_HALF_UNDER25;ODDS_1ST_HALF_UNDER35;ODDS_2ND_HALF_OVER05;ODDS_2ND_HALF_OVER15;ODDS_2ND_HALF_OVER25;ODDS_2ND_HALF_OVER35;ODDS_2ND_HALF_UNDER05;ODDS_2ND_HALF_UNDER15;ODDS_2ND_HALF_UNDER25;ODDS_2ND_HALF_UNDER35;ODDS_BTTS_1ST_HALF_YES;ODDS_BTTS_1ST_HALF_NO;ODDS_BTTS_2ND_HALF_YES;ODDS_BTTS_2ND_HALF_NO;OVERALLGOALCOUNT;HT_GOALS_TEAM_A;HT_GOALS_TEAM_B;GOALS_2HG_TEAM_A;GOALS_2HG_TEAM_B;GOALCOUNT_2HG;HTGOALCOUNT;DATE_UNIX;WINNINGTEAM;NO_HOME_AWAY;BTTS_POTENTIAL;BTTS_FHG_POTENTIAL;BTTS_2HG_POTENTIAL;GOALTIMINGDISABLED;CORNER_TIMINGS_RECORDED;CARD_TIMINGS_RECORDED;TEAM_A_FH_CORNERS;TEAM_B_FH_CORNERS;TEAM_A_2H_CORNERS;TEAM_B_2H_CORNERS;CORNER_FH_COUNT;CORNER_2H_COUNT;TEAM_A_FH_CARDS;TEAM_B_FH_CARDS;TEAM_A_2H_CARDS;TEAM_B_2H_CARDS;TOTAL_FH_CARDS;TOTAL_2H_CARDS;ATTACKS_RECORDED;TEAM_A_DANGEROUS_ATTACKS;TEAM_B_DANGEROUS_ATTACKS;TEAM_A_ATTACKS;TEAM_B_ATTACKS;TEAM_A_XG;TEAM_B_XG;TOTAL_XG;TEAM_A_PENALTIES_WON;TEAM_B_PENALTIES_WON;TEAM_A_PENALTY_GOALS;TEAM_B_PENALTY_GOALS;TEAM_A_PENALTY_MISSED;TEAM_B_PENALTY_MISSED;PENS_RECORDED;GOAL_TIMINGS_RECORDED;TEAM_A_0_10_MIN_GOALS;TEAM_B_0_10_MIN_GOALS;TEAM_A_CORNERS_0_10_MIN;TEAM_B_CORNERS_0_10_MIN;TEAM_A_CARDS_0_10_MIN;TEAM_B_CARDS_0_10_MIN;THROWINS_RECORDED;TEAM_A_THROWINS;TEAM_B_THROWINS;FREEKICKS_RECORDED;TEAM_A_FREEKICKS;TEAM_B_FREEKICKS;GOALKICKS_RECORDED;TEAM_A_GOALKICKS;TEAM_B_GOALKICKS;O45_POTENTIAL;O35_POTENTIAL;O25_POTENTIAL;O15_POTENTIAL;O05_POTENTIAL;O15HT_POTENTIAL;O05HT_POTENTIAL;O05_2H_POTENTIAL;O15_2H_POTENTIAL;CORNERS_POTENTIAL;OFFSIDES_POTENTIAL;CARDS_POTENTIAL;AVG_POTENTIAL;HOME_NAME;AWAY_NAME;HOME_PPG;AWAY_PPG;PRE_MATCH_HOME_PPG;PRE_MATCH_AWAY_PPG;PRE_MATCH_TEAMA_OVERALL_PPG;PRE_MATCH_TEAMB_OVERALL_PPG;U45_POTENTIAL;U35_POTENTIAL;U25_POTENTIAL;U15_POTENTIAL;U05_POTENTIAL;CORNERS_O85_POTENTIAL;CORNERS_O95_POTENTIAL;CORNERS_O105_POTENTIAL;TEAM_A_XG_PREMATCH;TEAM_B_XG_PREMATCH;TOTAL_XG_PREMATCH;COMPETITION_ID;MATCHES_COMPLETED_MINIMUM;OVER05;OVER15;OVER25;OVER35;OVER45;OVER55;BTTS
443680;4098;4101;2018/2019;complete;3484;1;-1;87;52,70,90;1;3;4;7;1;8;1;4;1;0;0;0;3;7;14;2;17;9;15;9;56;44;1;0;1.62;4.15;4.15;1;1.09;1.37;1.95;3.26;19;5.4;3.04;1.8;1.31;1.47;2.6;3.4;1.3;7;1.08;1.21;1.22;2.09;2.05;2.64;4.55;1.92;2.95;4.4;0;0;0;0;1.8;0;0;0;0;1.9;0;0;0;0;0;1.52;26;2.56;3.75;11;0;0;0;0;0;0;0;0;1.22;1.99;4.8;10;4;1.78;1.16;1.03;0;0;0;0;4;0;0;1;3;4;0;2018-08-04 14:35:00;4101;0;0;0;0;0;1;1;4;1;3;0;5;3;0;0;1;0;0;1;1;86;34;85;69;1.89;1.31;3.2;0;0;0;0;0;0;1;1;0;0;1;0;0;0;-1;-1;-1;-1;-1;-1;-1;-1;-1;0;0;0;0;0;0;0;0;0;0;0;0;0;Al Gharafa;Qatar SC;1.27;1;0;0;0;0;0;0;0;0;0;0;0;0;0;0;0;1595;22;Y;Y;Y;Y;N;N;Y
443681;4097;4099;2018/2019;complete;3484;1;-1;23;;1;0;1;3;5;8;3;0;1;2;0;0;4;8;3;8;7;16;17;19;47;53;1;2;2.45;3.3;2.6;1.02;1.24;1.8;3;0;0;0;0;0;0;1.71;2.1;3.5;1.28;3.5;1.28;0;0;0;0;0;0;2.87;2.5;2.75;0;0;0;0;1.83;0;0;0;0;1.83;0;0;0;0;0;2.04;11;1.83;4.75;4.5;0;0;0;0;0;0;0;0;1.36;2.75;7;19;3;1.4;1.1;1.02;0;0;0;0;1;1;0;0;0;0;1;2018-08-04 14:35:00;4097;0;0;0;0;0;1;1;1;2;2;3;3;5;0;1;1;1;1;2;1;68;89;127;126;1.23;2.21;3.44;0;0;0;0;0;0;1;1;0;0;0;0;0;0;-1;-1;-1;-1;-1;-1;-1;-1;-1;0;0;0;0;0;0;0;0;0;0;0;0;0;Al Arabi;Al Khor;1.09;0.55;0;0;0;0;0;0;0;0;0;0;0;0;0;0;0;1595;22;Y;N;N;N;N;N;N
443682;4093;4095;2018/2019;complete;3484;1;-1;45,90;81;2;1;3;6;5;11;3;0;2;1;0;0;6;5;4;4;10;9;11;10;48;52;2;1;2.45;3.65;2.4;1;1.13;1.47;2.2;0;0;0;0;0;0;1.47;2.6;0;0;0;0;0;0;0;0;0;0;0;0;0;0;0;0;0;0;0;0;0;0;0;0;0;0;0;0;0;0;0;0;0;0;0;0;0;0;0;0;0;0;0;0;0;0;0;0;0;0;0;0;0;3;1;0;1;1;2;1;2018-08-04 16:45:00;4093;0;0;0;0;0;1;1;2;4;4;1;6;5;0;0;2;1;0;3;1;0;0;0;0;1.44;1.31;2.75;0;0;0;0;0;0;1;1;0;0;1;1;0;0;-1;-1;-1;-1;-1;-1;-1;-1;-1;0;0;0;0;0;0;0;0;0;0;0;0;0;Al Sailiya;Umm Salal;1.36;1.09;0;0;0;0;0;0;0;0;0;0;0;0;0;0;0;1595;22;Y;Y;Y;N;N;N;Y
443683;4100;4103;2018/2019;complete;3484;1;-1;;8,59,78,83,89,90;0;6;6;0;6;6;3;2;1;0;0;0;4;9;3;10;7;19;15;9;33;67;1;0;8.75;6.05;1.22;1;1.05;1.23;1.62;2.36;48;8.5;4.1;2.36;1.55;1.57;2.35;0;0;0;0;3.32;1.1;1.08;6.85;3.42;1.54;6.2;3.86;1.5;0;0;0;0;1.9;0;0;0;0;1.8;0;0;0;0;0;4;34;1.22;0;0;0;0;0;0;0;0;0;0;1.14;1.7;3.7;8;5.2;2.1;1.25;1.06;0;0;0;0;6;0;1;0;5;5;1;2018-08-05 14:35:00;4103;0;0;0;0;0;1;1;0;6;0;0;6;0;1;0;0;0;1;0;1;28;105;74;164;0.93;2.59;3.52;0;1;0;1;0;0;1;1;0;1;0;2;0;0;-1;-1;-1;-1;-1;-1;-1;-1;-1;0;0;0;0;0;0;0;0;0;0;0;0;0;Al Kharitiyath;Al Sadd;0.82;2.55;0;0;0;0;0;0;0;0;0;0;0;0;0;0;0;1595;22;Y;Y;Y;Y;Y;Y;N
443684;4102;4104;2018/2019;complete;3484;1;-1;23,29;;2;0;2;-1;-1;-1;-1;-1;2;1;0;0;-1;-1;-1;-1;-1;-1;-1;-1;-1;-1;2;1;6.25;4.8;1.34;1;1.1;1.38;2;3.75;28;7.2;2.98;1.8;1.35;1.59;2.3;0;0;0;0;1.05;1.15;2.45;2.14;2.46;4.7;1.83;3.02;4.75;0;0;0;0;0;0;0;0;0;0;0;0;0;0;0;1.53;22;2.57;0;0;0;0;0;0;0;0;0;0;1.17;2.01;4.6;9.5;4.5;1.77;1.17;1.04;0;0;0;0;2;2;0;0;0;0;2;2018-08-05 16:45:00;4102;0;0;0;0;0;-1;1;-1;-1;-1;-1;-1;-1;0;0;2;1;0;3;-1;0;0;0;0;0;0;0;0;0;0;0;0;0;1;1;0;0;-1;-1;0;0;-1;-1;-1;-1;-1;-1;-1;-1;-1;0;0;0;0;0;0;0;0;0;0;0;0;0;Al Rayyan;Al Ahli;2;1.64;0;0;0;0;0;0;0;0;0;0;0;0;0;0;0;1595;22;Y;Y;N;N;N;N;N
443685;4106;4096;2018/2019;complete;3484;1;-1;;58,63,72;0;3;3;0;14;14;1;6;1;2;1;0;0;12;2;14;2;26;5;10;31;69;3;2;12;7.5;1.13;1;1.04;1.22;1.61;2.51;50;7.75;4;2.23;1.49;1.77;2.05;0;0;0;0;5.1;1.05;1.02;8.7;3.74;1.42;6;3.94;1.5;0;0;0;0;1.83;0;0;0;0;1.83;0;0;0;0;0;4.75;29;1.16;0;0;0;0;0;0;0;0;0;0;1.14;1.76;3.46;7.75;5.2;2.02;1.29;1.06;0;0;0;0;3;0;0;0;3;3;0;2018-08-05 16:45:00;4096;0;0;0;0;0;1;1;0;7;0;7;7;7;1;1;1;1;2;2;1;23;124;64;134;0.3;3.36;3.66;0;0;0;0;0;0;1;1;0;0;0;2;0;0;-1;-1;-1;-1;-1;-1;-1;-1;-1;0;0;0;0;0;0;0;0;0;0;0;0;0;Al Shahaniya;Al Duhail;1.27;2.09;0;0;0;0;0;0;0;0;0;0;0;0;0;0;0;1595;22;Y;Y;Y;N;N;N;N
443686;4102;4095;2018/2019;complete;3484;2;-1;75;16;1;1;2;11;1;12;4;4;1;5;0;0;5;2;10;2;15;4;14;14;64;36;1;5;1.43;4.55;5.7;1;1.12;1.45;2.15;0;0;0;0;0;0;1.65;2.2;0;0;0;0;0;0;0;0;0;0;0;0;0;0;0;0;0;0;0;0;0;0;0;0;0;0;0;0;0;0;0;0;0;0;0;0;0;0;0;0;0;0;0;0;0;0;0;0;0;0;0;0;0;2;0;1;1;0;1;1;2018-08-10 14:30:00;-1;0;50;0;50;0;1;1;4;0;7;1;4;8;0;2;1;3;2;4;1;0;0;0;0;2.07;0.8;2.87;0;0;0;0;0;0;1;1;0;0;0;0;0;0;-1;-1;-1;-1;-1;-1;-1;-1;-1;0;0;50;100;100;50;100;50;50;5;0;3;2.5;Al Rayyan;Umm Salal;2;1.09;3;0;3;0;100;100;50;0;0;50;50;50;0;1.31;1.31;1595;22;Y;Y;N;N;N;N;Y
443687;4104;4101;2018/2019;complete;3484;2;-1;10,66;;2;0;2;4;3;7;2;1;2;0;1;0;3;6;1;12;4;18;10;7;43;57;4;0;2.75;3.45;2.25;1.01;1.17;1.57;2.45;0;0;0;0;0;0;1.56;2.35;0;0;0;0;0;0;0;0;0;0;0;0;0;0;0;0;0;0;0;0;0;0;0;0;0;0;0;0;0;0;0;0;0;0;0;0;0;0;0;0;0;0;0;0;0;0;0;0;0;0;0;0;0;2;1;0;1;0;1;1;2018-08-10 16:40:00;4104;0;50;0;50;0;1;1;2;0;2;3;2;5;1;0;2;0;1;2;1;0;0;0;0;0.99;2.43;3.43;0;0;0;0;0;0;1;1;1;0;0;0;0;0;-1;-1;-1;-1;-1;-1;-1;-1;-1;0;50;50;50;50;0;0;50;50;1;4;0;2;Al Ahli;Qatar SC;1.45;1;0;3;0;3;50;0;0;0;0;0;0;0;0;1.31;1.31;1595;22;Y;Y;N;N;N;N;N
443688;4098;4093;2018/2019;complete;3484;2;-1;25,49;80;2;1;3;3;8;11;1;6;0;4;0;0;10;7;11;10;21;17;9;15;51;49;0;4;1.83;3.9;3.35;1;1.12;1.44;2.15;0;0;0;0;0;0;1.49;2.55;0;0;0;0;0;0;0;0;0;0;0;0;0;0;0;0;0;0;0;0;0;0;0;0;0;0;0;0;0;0;0;0;0;0;0;0;0;0;0;0;0;0;0;0;0;0;0;0;0;0;0;0;0;3;1;0;1;1;2;1;2018-08-11 14:30:00;4098;0;50;0;50;0;1;1;1;7;2;1;8;3;0;1;0;3;1;3;1;0;0;0;0;2.48;2.29;4.76;1;0;1;0;0;0;1;1;0;0;0;2;0;0;-1;-1;-1;-1;-1;-1;-1;-1;-1;0;50;50;50;50;0;0;50;50;7;1;1;2;Al Gharafa;Al Sailiya;1.27;2.09;0;0;0;3;50;0;0;0;0;0;0;0;1.89;0;1.89;1595;22;Y;Y;Y;N;N;N;Y
443689;4106;4100;2018/2019;complete;3484;2;-1;27;;1;0;1;7;5;12;1;0;2;0;0;0;4;4;7;1;11;5;3;5;50;50;2;0;2.65;3.75;2.2;1;1.1;1.38;2;3.4;22;6.4;2.7;1.75;1.29;1.4;2.85;4.5;1.16;4.33;1.2;1.6;1.25;1.42;3.2;2.43;2.76;2.75;2.87;2.5;0;0;0;1.66;0;0;0;0;2.1;0;0;0;0;0;0;2.04;21;1.72;6.5;5.5;0;0;0;0;0;0;0;0;1.25;2.03;5;13;3.75;1.75;1.16;1.04;0;0;0;0;1;1;0;0;0;0;1;2018-08-12 14:30:00;4106;0;0;0;0;0;1;1;3;1;4;4;4;8;0;0;2;0;0;2;1;63;78;61;78;1.42;1.16;2.58;0;0;0;0;0;0;1;1;0;0;0;0;0;0;-1;-1;-1;-1;-1;-1;-1;-1;-1;0;0;50;50;50;0;0;50;50;0;1;3;1.5;Al Shahaniya;Al Kharitiyath;1.27;0.55;0;0;0;0;50;50;0;0;0;50;50;50;0.3;0;0.3;1595;22;Y;N;N;N;N;N;N
443690;4103;4097;2018/2019;complete;3484;2;-1;14,25,43,47,50,62,64,72,85,89;34;10;1;11;2;4;6;0;5;2;3;0;0;11;5;8;2;19;7;17;6;56;44;2;3;1.22;6;8.75;1;1.04;1.22;1.62;0;0;0;0;0;0;1.62;2.25;0;0;0;0;0;0;0;0;0;0;0;0;0;0;0;0;0;0;0;0;0;0;0;0;0;0;0;0;0;0;0;0;0;0;0;0;0;0;0;0;0;0;0;0;0;0;0;0;0;0;0;0;0;11;3;1;7;0;7;4;2018-08-12 16:40:00;4103;0;0;0;0;0;1;1;1;3;1;1;4;2;2;3;0;0;5;0;1;0;0;0;0;2.57;1.24;3.81;1;0;1;0;0;0;1;1;0;0;0;0;0;0;-1;-1;-1;-1;-1;-1;-1;-1;-1;0;0;0;0;0;0;0;0;0;0;0;0;0;Al Sadd;Al Arabi;2.64;1.64;0;0;3;3;0;0;0;0;0;0;0;0;0;0;0;1595;22;Y;Y;Y;Y;Y;Y;Y
443691;4096;4099;2018/2019;complete;3484;2;-1;10,23,58,62,63,73;;6;0;6;7;3;10;4;1;3;2;0;0;9;3;9;5;18;8;16;6;62;38;3;2;1.18;6.95;9.25;1;1.06;1.26;1.69;2.27;25;9.2;4.5;2.36;1.59;1.74;2.05;2.2;1.61;11;1.02;0;0;4;1.46;3.72;7.5;1.33;4;9;0;0;0;0;1.8;0;0;0;0;1.9;0;0;0;0;0;1.2;34;4.33;2.25;29;0;0;0;0;0;0;0;0;1.14;1.71;3.4;8;5.5;2.09;1.3;1.08;0;0;0;0;6;2;0;4;0;4;2;2018-08-11 16:40:00;4096;0;0;0;0;0;1;1;2;2;5;1;4;6;0;2;3;0;2;3;1;112;70;156;107;2.58;1.23;3.8;1;0;1;0;0;0;1;1;1;0;0;0;0;0;-1;-1;-1;-1;-1;-1;-1;-1;-1;0;0;0;0;50;0;50;0;0;5;0;2;0.5;Al Duhail;Al Khor;2.45;0.55;0;0;3;0;50;50;50;50;0;0;0;0;0;2.21;2.21;1595;22;Y;Y;Y;Y;Y;Y;N
443692;4095;4104;2018/2019;complete;3484;3;-1;10,54,58,72;84;4;1;5;2;4;6;1;3;2;2;1;0;7;4;6;4;13;8;6;10;48;52;3;2;2.15;3.25;3.05;1.01;1.18;1.61;2.55;0;0;0;0;0;0;1.59;2.3;0;0;0;0;0;0;0;0;0;0;0;0;0;0;0;0;0;0;0;0;0;0;0;0;0;0;0;0;0;0;0;0;0;0;0;0;0;0;0;0;0;0;0;0;0;0;0;0;0;0;0;0;0;5;1;0;3;1;4;1;2018-08-17 14:25:00;4095;0;0;0;0;0;1;1;1;3;1;1;4;2;1;1;2;1;2;3;1;0;0;0;0;1.91;1.42;3.34;0;1;0;1;0;0;1;1;1;0;0;0;0;1;-1;-1;-1;-1;-1;-1;-1;-1;-1;0;0;0;50;50;50;50;0;0;0;0;1;1;Umm Salal;Al Ahli;1;1.64;0;0;0.5;1.5;50;50;50;0;0;0;0;0;0;0;0;1595;22;Y;Y;Y;Y;Y;N;Y
443693;4101;4093;2018/2019;complete;3484;3;-1;;16,36;0;2;2;5;3;8;0;0;0;2;0;0;6;8;6;4;12;12;11;14;54;46;0;2;2.3;3.45;2.65;1;1.13;1.47;2.2;0;0;0;0;0;0;1.47;2.6;0;0;0;0;0;0;0;0;0;0;0;0;0;0;0;0;0;0;0;0;0;0;0;0;0;0;0;0;0;0;0;0;0;0;0;0;0;0;0;0;0;0;0;0;0;0;0;0;0;0;0;0;0;2;0;2;0;0;0;2;2018-08-17 16:35:00;4093;0;50;0;50;0;1;1;2;0;3;3;2;6;0;1;0;1;1;1;1;0;0;0;0;2.02;1.82;3.85;0;1;0;1;0;0;1;1;0;0;0;0;0;0;-1;-1;-1;-1;-1;-1;-1;-1;-1;0;0;50;50;50;0;50;50;50;8;6;4;1.5;Qatar SC;Al Sailiya;0.45;2.09;0;0;1.5;1.5;50;50;0;0;0;50;50;50;0;2.29;2.29;1595;22;Y;Y;N;N;N;N;N
443694;4099;4106;2018/2019;complete;3484;3;-1;9;40;1;1;2;9;3;12;1;0;4;1;0;0;3;6;6;2;9;8;13;14;47;53;4;1;1.71;3.7;4.1;1.01;1.21;1.71;2.8;0;0;0;0;0;0;1.74;2.05;2.75;1.4;4.5;1.16;0;0;0;0;0;0;2.2;2.62;3.6;0;0;0;0;1.83;0;0;0;0;1.83;0;0;0;0;0;1.57;12;2.5;3.4;7;0;0;0;0;0;0;0;0;1.33;2.62;6.5;19;3.25;1.44;1.11;1.02;0;0;0;0;2;1;1;0;0;0;2;2018-08-18 14:25:00;-1;0;0;0;0;0;1;1;5;3;4;0;8;4;4;0;0;1;4;1;1;87;60;108;101;1.41;1.37;2.78;0;0;0;0;0;0;1;1;1;0;3;1;0;0;-1;-1;-1;-1;-1;-1;-1;-1;-1;0;0;0;0;0;0;0;0;0;0;0;0;0;Al Khor;Al Shahaniya;1.27;1.18;0;0;0;1.5;0;0;0;0;0;0;0;0;0;0;0;1595;22;Y;Y;N;N;N;N;Y
443695;4100;4097;2018/2019;complete;3484;3;-1;;15;0;1;1;7;3;10;0;0;1;3;0;1;6;4;9;4;15;8;19;17;52;48;1;5;2.6;3.45;2.35;1;1.14;1.49;2.25;0;0;0;0;0;0;1.49;2.55;4.5;1.16;4;1.22;0;0;0;0;0;0;2.75;2.75;2.5;0;0;0;0;2.1;0;0;0;0;1.66;0;0;0;0;0;2.04;17;1.72;6;5;0;0;0;0;0;0;0;0;1.28;2.25;5.5;15;3.5;1.57;1.14;1.03;0;0;0;0;1;0;1;0;0;0;1;2018-08-18 16:35:00;4097;0;50;50;0;0;1;1;2;3;5;0;5;5;1;2;0;2;3;2;1;105;68;118;116;2.12;1.29;3.41;0;0;0;0;0;0;1;1;0;0;1;0;0;0;-1;-1;-1;-1;-1;-1;-1;-1;-1;100;100;100;100;100;50;100;100;100;4;8;4;8.5;Al Kharitiyath;Al Arabi;0.82;1.64;0;0;0;1.5;0;0;0;0;0;0;0;0;0.93;1.24;2.17;1595;22;Y;N;N;N;N;N;N
443696;4096;4102;2018/2019;complete;3484;3;-1;;;0;0;0;10;5;15;4;0;1;1;0;0;8;3;12;7;20;10;17;9;57;43;1;1;1.37;5.1;5.65;1;1.05;1.24;1.65;0;0;0;0;0;0;1.43;2.75;0;0;0;0;0;0;0;0;0;0;0;0;0;0;0;0;0;0;0;0;0;0;0;0;0;0;0;0;0;0;0;0;0;0;0;0;0;0;0;0;0;0;0;0;0;0;0;0;0;0;0;0;0;0;0;0;0;0;0;0;2018-08-19 16:35:00;-1;0;0;0;0;0;1;1;4;0;2;4;4;6;0;1;1;0;1;1;1;0;0;0;0;2.6;1.27;3.87;0;0;0;0;0;0;1;1;0;0;0;0;0;0;-1;-1;-1;-1;-1;-1;-1;-1;-1;50;50;50;50;50;50;50;50;50;7;4;3;3;Al Duhail;Al Rayyan;2.45;1.36;3;0;3;2;0;0;0;0;0;50;50;0;2.58;0;2.58;1595;22;N;N;N;N;N;N;N
443697;4103;4098;2018/2019;complete;3484;3;-1;90;49;1;1;2;11;2;13;4;1;1;4;0;0;6;4;10;3;16;7;14;13;63;37;1;4;1.17;7;9.25;1;1.02;1.15;1.43;0;0;0;0;0;0;1.49;2.55;0;0;0;0;0;0;0;0;0;0;0;0;0;0;0;0;0;0;0;0;0;0;0;0;0;0;0;0;0;0;0;0;0;0;0;0;0;0;0;0;0;0;0;0;0;0;0;0;0;0;0;0;0;2;0;0;1;1;2;0;2018-08-19 14:25:00;-1;0;50;50;0;0;1;1;9;2;2;0;11;2;0;1;1;3;1;4;1;0;0;0;0;2.18;1.06;3.24;0;0;0;0;0;0;1;1;0;0;2;1;0;0;-1;-1;-1;-1;-1;-1;-1;-1;-1;50;50;50;50;50;50;50;50;50;2;0;2;5.5;Al Sadd;Al Gharafa;2.64;1.09;3;0;3;1.5;0;0;0;0;0;0;0;0;2.57;0;2.57;1595;22;Y;Y;N;N;N;N;Y
443698;4097;4095;2018/2019;complete;3484;4;-1;14,20,66,90,90;59;5;1;6;2;6;8;7;0;0;4;0;1;7;3;5;7;12;10;8;20;55;45;0;5;4.15;4;1.65;1;1.14;1.51;2.3;0;0;0;0;0;0;1.59;2.3;0;0;0;0;0;0;0;0;0;0;0;0;0;0;0;0;0;0;0;0;0;0;0;0;0;0;0;0;0;0;0;0;0;0;0;0;0;0;0;0;0;0;0;0;0;0;0;0;0;0;0;0;0;6;2;0;3;1;4;2;2018-09-01 16:20:00;4097;0;50;0;25;0;1;1;1;0;1;6;1;7;0;1;0;4;1;4;1;0;0;0;0;1.65;1.38;3.02;1;0;1;0;0;0;1;1;0;0;0;0;0;0;-1;-1;-1;-1;-1;-1;-1;-1;-1;0;0;25;50;100;0;100;50;25;6;5;4;1.75;Al Arabi;Umm Salal;1.09;1.09;3;0.5;2;1.33;100;100;75;50;0;50;50;50;1.23;1.06;2.29;1595;22;Y;Y;Y;Y;Y;Y;Y
443699;4104;4098;2018/2019;complete;3484;4;-1;;12,59,63,69;0;4;4;2;2;4;5;1;2;2;1;0;2;7;2;3;4;10;12;13;50;50;4;2;3.75;3.45;1.8;1;1.11;1.4;2;0;0;0;0;0;0;1.45;2.65;0;0;0;0;0;0;0;0;0;0;0;0;0;0;0;0;0;0;0;0;0;0;0;0;0;0;0;0;0;0;0;0;0;0;0;0;0;0;0;0;0;0;0;0;0;0;0;0;0;0;0;0;0;4;0;1;0;3;3;1;2018-08-31 16:20:00;4098;0;50;0;50;0;1;1;0;1;2;1;1;3;0;2;3;0;2;3;1;0;0;0;0;0.84;1.49;2.32;0;1;0;1;0;0;1;1;0;0;0;0;0;1;-1;-1;-1;-1;-1;-1;-1;-1;-1;0;0;0;100;100;0;50;100;50;6;3;8;2;Al Ahli;Al Gharafa;1.45;1.09;3;1;1;1.33;100;100;100;0;0;50;50;50;0.99;1.06;2.05;1595;22;Y;Y;Y;Y;N;N;N
443700;4102;4100;2018/2019;complete;3484;4;-1;40,49;53;2;1;3;2;2;4;2;3;0;1;0;0;6;7;10;2;16;9;13;17;63;37;0;1;1.21;6;9;1;1.06;1.28;1.74;0;0;0;0;0;0;1.62;2.25;0;0;0;0;0;0;0;0;0;0;0;0;0;0;0;0;0;0;0;0;0;0;0;0;0;0;0;0;0;0;0;0;0;0;0;0;0;0;0;0;0;0;0;0;0;0;0;0;0;0;0;0;0;3;1;0;1;1;2;1;2018-09-01 14:10:00;4102;0;25;0;0;0;1;1;1;1;1;1;2;2;0;1;0;0;1;0;1;0;0;0;0;2.1;1.42;3.52;0;0;0;0;0;0;1;1;0;0;0;0;0;0;-1;-1;-1;-1;-1;-1;-1;-1;-1;0;0;0;50;100;25;100;25;0;16;1.5;1.5;1.5;Al Rayyan;Al Kharitiyath;2;0.55;2;0;1.67;0;100;100;100;50;0;100;100;100;2.07;1.16;3.23;1595;22;Y;Y;Y;N;N;N;Y
443701;4103;4106;2018/2019;complete;3484;4;-1;3,8,14,40;;4;0;4;8;2;10;4;1;0;0;0;0;7;0;9;5;16;5;15;7;50;50;0;0;1.09;8.5;16;1;1.03;1.18;1.5;2.21;12.25;9.25;4.25;2.63;1.71;1.69;2.1;2;1.72;15;1.01;1.01;1.01;4.5;1.37;3.72;11.25;1.25;4.5;11;0;0;0;0;1.9;0;0;0;0;1.8;0;0;0;0;0;1.18;34;4.5;2.04;41;0;0;0;0;0;0;0;0;1.12;1.61;3;6;6;2.26;1.36;1.12;0;0;0;0;4;4;0;0;0;0;4;2018-09-02 14:10:00;4103;0;100;75;25;0;1;-1;5;1;3;1;6;4;0;0;0;0;0;0;1;92;52;122;100;2.16;0.7;2.87;0;0;0;0;0;0;1;1;2;0;0;0;-1;-1;-1;-1;-1;-1;-1;-1;-1;-1;-1;25;25;25;100;100;75;75;50;50;9.5;2;2.5;4.25;Al Sadd;Al Shahaniya;2.64;1.18;2;1;2.33;1.33;75;75;75;0;0;75;75;75;2.37;1.37;3.74;1595;22;Y;Y;Y;Y;N;N;N
443702;4093;4099;2018/2019;complete;3484;4;-1;6,86;11;2;1;3;4;6;10;0;1;2;1;0;0;6;6;5;7;11;13;19;8;51;49;2;1;1.8;3.7;3.7;1.01;1.17;1.59;2.5;0;0;0;0;0;0;1.62;2.25;0;0;0;0;0;0;0;0;0;0;0;0;0;0;0;0;0;0;0;0;0;0;0;0;0;0;0;0;0;0;0;0;0;0;0;0;0;0;0;0;0;0;0;0;0;0;0;0;0;0;0;0;0;3;1;1;1;0;1;2;2018-08-31 14:10:00;4093;0;50;0;50;0;1;1;1;2;3;4;3;7;0;1;2;0;1;2;1;0;0;0;0;1.58;1.66;3.25;0;0;0;0;0;0;1;1;1;0;0;0;0;0;-1;-1;-1;-1;-1;-1;-1;-1;-1;25;25;75;75;100;25;100;75;75;10;3.5;4;3.25;Al Sailiya;Al Khor;1.36;0.55;3;0;2;0.33;75;75;25;25;0;75;75;50;1.44;1.72;3.16;1595;22;Y;Y;Y;N;N;N;Y
443703;4101;4096;2018/2019;complete;3484;4;-1;38,42;56,68,84;2;3;5;3;13;16;0;0;4;1;1;0;4;8;7;18;11;26;12;12;33;67;5;1;8.25;6;1.23;1;1.05;1.25;1.67;0;0;0;0;0;0;1.57;2.35;0;0;0;0;0;0;0;0;0;0;0;0;0;0;0;0;0;0;0;0;0;0;0;0;0;0;0;0;0;0;0;0;0;0;0;0;0;0;0;0;0;0;0;0;0;0;0;0;0;0;0;0;0;5;2;0;0;3;3;2;2018-09-02 16:20:00;4096;0;0;0;0;0;1;1;3;5;0;8;8;8;1;0;4;1;1;5;1;0;0;0;0;1.2;3.01;4.22;0;0;0;0;0;0;1;1;0;0;0;1;0;0;-1;-1;-1;-1;-1;-1;-1;-1;-1;0;0;50;100;100;50;50;50;50;19;6;2;2.5;Qatar SC;Al Duhail;0.45;2.09;0;3;1;2.33;100;100;50;0;0;50;50;50;2.02;3.36;5.38;1595;22;Y;Y;Y;Y;Y;N;Y
443704;4097;4102;2018/2019;complete;3484;5;-1;;37;0;1;1;3;5;8;6;1;2;3;0;0;4;5;2;11;6;16;16;10;48;52;2;3;4.75;4.35;1.53;1;1.13;1.49;2.25;0;0;0;0;0;0;1.59;2.3;6.5;1.1;2.62;1.44;2.5;1.22;1.12;0;0;0;4.5;2.87;1.8;0;0;0;0;1.9;0;0;0;0;1.8;0;0;0;0;0;3;17;1.4;11;3;0;0;0;0;0;0;0;0;1.28;2.25;5;13;3.5;1.57;1.16;1.04;0;0;0;0;1;0;1;0;0;0;1;2018-09-14 15:00:00;4102;0;25;0;25;0;1;1;2;1;1;4;3;5;1;0;1;3;1;4;1;66;72;100;116;1.14;1.88;3.02;0;0;0;0;0;0;1;1;0;0;1;0;0;0;-1;-1;-1;-1;-1;-1;-1;-1;-1;25;25;25;25;50;25;50;25;25;7.5;5;1.5;1.75;Al Arabi;Al Rayyan;1.09;1.36;3;1;2.25;2;75;75;75;75;50;50;50;50;1.44;1.27;2.71;1595;22;Y;N;N;N;N;N;N
443705;4106;4101;2018/2019;complete;3484;5;-1;7,30,79;52,90;3;2;5;3;7;10;0;1;3;3;0;0;4;7;2;5;6;12;5;4;38;62;3;3;4;3.8;1.71;1.01;1.17;1.59;2.5;5.4;17.5;4.8;2.24;1.47;1.2;1.65;2.2;5;1.14;2.75;1.4;2;1.25;1.25;4.45;2.32;2.32;4.35;2.71;2.05;0;0;0;0;1.83;0;0;0;0;1.83;0;0;0;0;0;2.62;15;1.5;8;3.2;0;0;0;0;0;0;0;0;1.29;2.39;6;17;3.5;1.55;1.12;1.02;0;0;0;0;5;2;0;1;2;3;2;2018-09-14 17:10:00;4106;0;25;0;25;0;1;1;2;5;1;2;7;3;0;1;3;2;1;5;1;31;53;51;65;0.88;1.62;2.51;0;0;0;0;0;0;1;1;1;0;1;0;0;0;-1;-1;-1;-1;-1;-1;-1;-1;-1;0;25;50;75;100;0;50;75;50;5.5;3.5;2.5;2.5;Al Shahaniya;Qatar SC;1.27;1;1.5;1.5;1;0.75;100;75;50;25;0;50;50;50;0.86;1.87;2.73;1595;22;Y;Y;Y;Y;Y;N;Y
443706;4098;4095;2018/2019;complete;3484;5;-1;36,40;28,44,48;2;3;5;9;3;12;0;3;1;2;0;0;8;6;14;3;22;9;4;14;63;37;1;2;1.95;3.7;3.15;1.03;1.17;1.42;2.3;3.62;21;6.2;2.74;1.66;1.26;1.44;2.62;3.75;1.25;5.5;1.12;1.36;1.25;1.8;2.3;2.51;3.94;2.2;2.87;3.2;0;0;0;0;1.83;0;0;0;0;1.83;0;0;0;0;0;1.61;21;2.25;4.33;7.5;0;0;0;0;0;0;0;0;1.25;2.12;5;13;3.75;1.69;1.16;1.04;0;0;0;0;5;2;2;0;1;1;4;2018-09-15 15:00:00;4095;0;100;0;84;0;1;1;4;0;5;3;4;8;0;1;1;1;1;2;1;80;38;84;55;2.51;1.26;3.77;1;0;1;0;0;0;1;1;0;0;1;0;0;1;-1;-1;-1;-1;-1;-1;-1;-1;-1;17;42;84;100;100;17;75;100;84;9;2.33;4.17;3.59;Al Gharafa;Umm Salal;1.27;1.09;1.5;0.33;1.75;1;84;59;17;0;0;59;59;59;2.18;1.16;3.34;1595;22;Y;Y;Y;Y;Y;N;Y
443707;4104;4100;2018/2019;complete;3484;5;-1;35,45,79;56,70;3;2;5;0;8;8;3;2;0;2;0;0;5;4;2;2;7;6;9;11;50;50;0;2;1.91;3.75;3.25;1.04;1.16;1.53;2.5;4.25;18;4.5;2.4;1.57;1.2;1.53;2.37;3.75;1.25;4.33;1.2;1.44;1.28;1.57;2.88;2.3;3.28;2.5;2.75;2.87;0;0;0;1.72;0;0;0;0;2;0;0;0;0;0;0;1.72;17;2.04;4.75;6;0;0;0;0;0;0;0;0;1.28;2.24;5.5;15;3.5;1.62;1.14;1.03;0;0;0;0;5;2;0;1;2;3;2;2018-09-15 17:10:00;4104;0;25;0;25;0;1;1;0;2;0;6;2;6;0;2;0;0;2;0;1;0;0;0;0;1.21;1.08;2.3;0;1;0;1;0;0;1;1;0;0;0;1;0;0;-1;-1;-1;-1;-1;-1;-1;-1;-1;0;25;50;75;100;0;100;75;50;6.5;5;4.5;2.5;Al Ahli;Al Kharitiyath;1.45;0.55;1.5;0;0.75;0;100;75;50;25;0;25;25;25;0.92;1.29;2.21;1595;22;Y;Y;Y;Y;Y;N;Y
443708;4093;4096;2018/2019;complete;3484;5;-1;;12;0;1;1;7;6;13;1;0;3;2;0;0;6;5;2;10;8;15;18;13;45;55;3;2;8.75;6.6;1.2;1;1.08;1.32;1.87;2.94;14.5;6.05;2.95;1.8;1.33;1.83;1.95;10;1.03;2.25;1.57;3.4;1.08;1.05;7.2;3.28;1.54;6.8;3.7;1.48;0;0;0;0;0;0;0;0;0;0;0;0;0;0;0;3.44;41;1.29;23;2.37;0;0;0;0;0;0;0;0;1.2;1.98;3.65;9;5.3;1.93;1.2;1.07;0;0;0;0;1;0;1;0;0;0;1;2018-10-30 16:25:00;4096;0;84;20;20;0;1;1;3;5;4;1;8;5;2;1;1;1;3;2;1;69;69;94;97;1.43;1.79;3.22;0;0;0;0;0;0;1;1;0;0;2;1;0;0;-1;-1;-1;-1;-1;-1;-1;-1;-1;27;37;100;100;100;54;74;100;74;15.4;4.4;2.93;3.74;Al Sailiya;Al Duhail;1.36;2.09;1.8;3;1.78;2.75;74;64;0;0;0;74;64;54;1.17;2.73;3.9;1595;22;Y;N;N;N;N;N;N
443709;4099;4103;2018/2019;complete;3484;5;-1;70;16,86;1;2;3;3;6;9;0;2;4;1;0;0;4;5;4;12;8;17;16;10;47;53;4;1;10.75;6.15;1.19;1;1.07;1.3;1.8;0;14.75;6.35;3.05;1.87;1.36;1.71;2.05;0;0;0;0;0;0;0;0;0;0;0;0;0;0;0;0;0;0;0;0;0;0;0;0;0;0;0;0;0;0;0;0;0;0;0;0;0;0;0;0;0;0;0;0;0;0;0;0;0;0;0;0;0;3;0;1;1;1;2;1;2018-11-28 15:30:00;4103;0;40;30;10;0;1;1;1;3;2;3;4;5;2;0;2;1;2;3;1;0;0;0;0;1.13;2.01;3.14;0;0;0;0;0;0;1;1;0;0;0;1;0;0;-1;-1;-1;-1;-1;-1;-1;-1;-1;40;40;50;70;100;50;90;70;40;17.4;2;3.8;3.3;Al Khor;Al Sadd;1.27;2.55;0.8;2.4;0.67;2.36;60;60;50;30;0;90;90;70;1.41;2.53;3.94;1595;22;Y;Y;Y;N;N;N;Y
443710;4101;4099;2018/2019;complete;3484;6;-1;;;0;0;0;5;9;14;1;2;2;1;1;0;0;2;2;2;2;4;8;12;55;45;4;1;1.91;3.55;3.35;1.01;1.18;1.61;2.55;0;10.5;4.1;2.1;1.43;1.15;1.61;2.3;0;0;0;0;0;0;0;0;0;0;0;0;0;0;0;0;0;0;0;0;0;0;0;0;0;0;0;0;0;0;0;0;0;0;0;0;0;0;0;0;0;0;0;0;0;0;0;0;0;0;0;0;0;0;0;0;0;0;0;0;2018-09-20 14:55:00;-1;0;42;17;0;0;1;1;2;5;3;4;7;7;2;1;1;0;3;1;1;0;0;0;0;0.53;0.82;1.35;0;0;0;0;0;0;1;1;0;0;1;2;0;0;-1;-1;-1;-1;-1;-1;-1;-1;-1;42;42;59;84;100;84;100;59;42;8.67;0.67;4.17;3.42;Qatar SC;Al Khor;0.45;0.55;0;0;0.6;0.25;59;59;42;17;0;59;59;25;1.61;1.7;3.31;1595;22;N;N;N;N;N;N;N
443711;4106;4097;2018/2019;complete;3484;6;-1;;22,57,84;0;3;3;8;3;11;3;6;0;0;0;0;3;6;10;5;13;11;10;16;58;42;0;0;3;3.6;2.05;1.01;1.15;1.53;2.3;0;11.5;4.5;2.25;1.5;1.19;1.53;2.45;5;1.14;3.75;1.25;1.72;1.28;1.36;0;0;0;3;2.75;2.37;0;0;0;0;1.9;0;0;0;0;1.8;0;0;0;0;0;2.2;19;1.66;7;4.5;0;0;0;0;0;0;0;0;1.25;2.2;5;13;3.75;1.61;1.16;1.04;0;0;0;0;3;0;1;0;2;2;1;2018-09-20 17:05:00;4097;0;42;25;17;0;1;-1;4;3;4;0;7;4;0;0;0;0;0;0;1;64;57;70;80;1.49;1.53;3.01;0;0;0;0;0;0;1;1;0;0;1;1;-1;-1;-1;-1;-1;-1;-1;-1;-1;-1;-1;42;42;59;59;100;42;84;59;59;6.83;3.17;6.67;4.5;Al Shahaniya;Al Arabi;1.27;1.64;2;1.5;1.4;1.8;59;59;42;42;0;75;75;34;0.87;1.26;2.13;1595;22;Y;Y;Y;N;N;N;N
443712;4093;4104;2018/2019;complete;3484;6;-1;69,82,88,90;54,75;4;2;6;3;6;9;1;1;1;3;0;0;0;6;9;4;9;10;8;8;50;50;1;3;1.95;3.85;3.1;1.03;1.15;1.3;1.94;3.34;21;7;3.5;1.78;1.27;1.44;2.95;0;0;0;0;1.25;1.25;2;2.2;2.5;3.75;2.31;2.74;3.46;0;0;0;0;0;0;0;0;0;0;0;0;0;0;0;1.53;21;2.4;0;0;0;0;0;0;0;0;0;0;1.18;1.98;4.75;0;3.6;1.74;1.1;0;0;0;0;0;6;0;0;4;2;6;0;2018-09-21 14:55:00;4093;0;75;25;50;0;-1;1;-1;-1;-1;-1;-1;-1;0;1;1;2;1;3;-1;0;0;0;0;0;0;0;1;0;1;0;0;0;1;1;0;0;-1;-1;0;0;-1;-1;-1;-1;-1;-1;-1;-1;-1;25;25;75;100;100;50;100;75;50;9;2.5;3.5;3.25;Al Sailiya;Al Ahli;1.36;1.64;3;0;2.25;1.2;75;75;25;0;0;50;50;25;1.51;1.42;2.93;1595;22;Y;Y;Y;Y;Y;Y;Y
443713;4100;4095;2018/2019;complete;3484;6;-1;5;20,24;1;2;3;3;9;12;0;2;2;3;0;0;6;11;2;6;8;17;5;13;47;53;2;3;3.9;3.95;1.69;1;1.1;1.38;2;0;13.5;5.45;2.7;1.69;1.27;1.45;2.65;0;0;0;0;0;0;0;0;0;0;0;0;0;0;0;0;0;0;0;0;0;0;0;0;0;0;0;0;0;0;0;0;0;0;0;0;0;0;0;0;0;0;0;0;0;0;0;0;0;0;0;0;0;3;1;2;0;0;0;3;2018-09-21 17:05:00;4095;0;50;13;25;0;1;1;2;4;1;5;6;6;2;1;0;2;3;2;1;0;0;0;0;1.45;2.35;3.8;0;1;0;1;0;0;1;1;1;0;0;0;0;0;-1;-1;-1;-1;-1;-1;-1;-1;-1;50;50;63;75;100;25;100;75;50;7.25;3.25;4.25;3.75;Al Kharitiyath;Umm Salal;0.82;1.09;0;1;0;1.4;50;50;38;25;0;63;63;38;1.53;1.19;2.72;1595;22;Y;Y;Y;N;N;N;Y
443714;4103;4102;2018/2019;complete;3484;6;-1;11,31,59,70,79;;5;0;5;2;4;6;-1;-1;1;2;0;0;8;4;3;10;11;14;-1;-1;2;98;1;2;1.49;4.55;4.75;1;1.08;1.33;1.87;0;14.25;5.9;2.9;1.77;1.32;1.48;2.55;0;0;0;0;0;0;0;0;0;0;0;0;0;0;0;0;0;0;0;0;0;0;0;0;0;0;0;0;0;0;0;0;0;0;0;0;0;0;0;0;0;0;0;0;0;0;0;0;0;0;0;0;0;5;2;0;3;0;3;2;2018-09-22 14:55:00;4103;0;34;17;17;0;1;1;0;1;2;3;1;5;1;0;0;2;1;2;1;0;0;0;0;1.71;1.54;3.25;0;0;0;0;0;0;1;1;0;0;0;0;0;0;-1;-1;-1;-1;-1;-1;-1;-1;-1;17;34;34;50;75;34;59;34;34;12;3.17;3;3.09;Al Sadd;Al Rayyan;2.64;1.36;2.33;2;2.5;2.2;84;67;67;50;25;59;59;42;2.3;1.57;3.87;1595;22;Y;Y;Y;Y;Y;N;N
443715;4096;4098;2018/2019;complete;3484;6;-1;9,42,62,88;16,51;4;2;6;4;7;11;3;5;1;4;1;0;12;7;6;6;18;13;6;5;49;51;3;4;1.33;5.4;6.45;1;1.05;1.24;1.65;0;16.25;7.25;3.5;2.05;1.45;1.47;2.6;0;0;0;0;0;0;0;0;0;0;0;0;0;0;0;0;0;0;0;0;0;0;0;0;0;0;0;0;0;0;0;0;0;0;0;0;0;0;0;0;0;0;0;0;0;0;0;0;0;0;0;0;0;6;2;1;2;1;3;3;2018-09-22 17:05:00;4096;0;25;0;25;0;1;1;4;4;0;3;8;3;2;2;0;2;4;2;1;0;0;0;0;2.58;2.03;4.61;1;2;1;2;0;0;1;1;1;0;1;2;0;0;-1;-1;-1;-1;-1;-1;-1;-1;-1;25;50;50;75;75;25;50;75;75;10.5;5;5;3;Al Duhail;Al Gharafa;2.45;1.09;2;2;2.5;1.4;75;50;50;25;25;75;75;50;2.59;1.27;3.86;1595;22;Y;Y;Y;Y;Y;Y;Y
443716;4104;4096;2018/2019;complete;3484;7;-1;88;31,36;1;2;3;2;6;8;1;0;1;1;0;0;3;5;3;10;6;15;11;18;50;50;1;1;10;7.25;1.16;1;1.04;1.22;1.61;2.4;16.5;7.5;3.6;2.1;1.48;1.74;2.05;10.5;1.02;2;1.72;4.5;1.1;1.01;6.75;3.38;1.54;6.7;3.66;1.49;0;0;0;0;1.83;0;0;0;0;1.83;0;0;0;0;0;3.35;51;1.29;29;2.04;0;0;0;0;0;0;0;0;1.1;1.68;3.15;8;4.75;2.08;1.32;1.08;0;0;0;0;3;0;2;1;0;1;2;2018-09-27 14:50:00;4096;0;42;0;17;0;1;1;0;2;2;4;2;6;0;0;1;1;0;2;1;31;72;69;82;0.82;1.81;2.63;0;0;0;0;0;0;1;1;0;0;0;1;0;0;-1;-1;-1;-1;-1;-1;-1;-1;-1;42;59;84;100;100;42;75;100;84;15.5;6.33;4.17;3.84;Al Ahli;Al Duhail;1.45;2.09;2;3;1;2.6;59;42;17;0;0;50;50;50;1.01;3.19;4.2;1595;22;Y;Y;Y;N;N;N;Y
443717;4101;4103;2018/2019;complete;3484;7;-1;40;13,20,29,58,90;1;5;6;7;4;11;1;0;2;1;0;0;6;13;8;8;14;21;11;6;45;55;2;1;9.75;6.75;1.18;1;1.04;1.2;1.56;0;17;7.75;3.8;2.2;1.53;1.59;2.3;0;0;0;0;0;0;0;0;0;0;0;0;0;0;0;0;0;0;0;0;0;0;0;0;0;0;0;0;0;0;0;0;0;0;0;0;0;0;0;0;0;0;0;0;0;0;0;0;0;0;0;0;0;6;1;3;0;2;2;4;2018-09-27 17:00:00;4103;0;17;0;0;0;1;1;2;3;5;1;5;6;1;0;1;1;1;2;1;0;0;0;0;1.68;2.73;4.41;0;0;0;0;0;0;1;1;0;0;0;0;0;0;-1;-1;-1;-1;-1;-1;-1;-1;-1;67;67;67;84;84;34;84;67;67;10.33;2.33;3;4.17;Qatar SC;Al Sadd;0.45;2.55;0.33;3;0.67;2.6;34;34;34;17;17;34;34;34;1.25;2.59;3.84;1595;22;Y;Y;Y;Y;Y;Y;Y
443718;4098;4100;2018/2019;complete;3484;7;-1;;37,59;0;2;2;7;1;8;1;7;3;1;0;0;3;3;0;0;3;3;15;10;55;45;3;1;1.62;3.95;4.4;1;1.07;1.3;1.8;0;14.75;6.35;3.05;1.87;1.36;1.39;2.85;0;0;0;0;0;0;0;0;0;0;0;0;0;0;0;0;0;0;0;0;0;0;0;0;0;0;0;0;0;0;0;0;0;0;0;0;0;0;0;0;0;0;0;0;0;0;0;0;0;0;0;0;0;2;0;1;0;1;1;1;2018-09-28 14:50:00;4100;0;84;17;67;0;1;1;4;1;3;0;5;3;0;1;3;0;1;3;1;0;0;0;0;1.01;0.79;1.8;0;0;0;0;0;0;1;1;0;0;1;0;0;1;-1;-1;-1;-1;-1;-1;-1;-1;-1;33;50;84;84;100;33;84;84;67;11.33;2.34;1.67;3.5;Al Gharafa;Al Kharitiyath;1.27;0.55;1;0;1.17;0;67;50;17;17;0;50;50;50;2.29;1.22;3.51;1595;22;Y;Y;N;N;N;N;N
443719;4095;4099;2018/2019;complete;3484;7;-1;71;;1;0;1;3;4;7;1;1;2;3;0;1;4;3;8;2;12;5;14;13;55;45;2;4;2.2;3.25;2.95;1.01;1.2;1.69;2.7;4.5;9.75;3.8;2;1.37;1.12;1.65;2.2;3.5;1.28;4;1.22;1.44;1.28;1.57;0;0;0;2.6;2.62;2.87;0;0;0;0;1.83;0;0;0;0;1.83;0;0;0;0;0;1.8;13;2.1;4.5;5.5;0;0;0;0;0;0;0;0;1.33;2.62;6.5;19;3.25;1.44;1.11;1.02;0;0;0;0;1;0;0;1;0;1;0;2018-09-28 17:00:00;4095;0;63;13;50;0;1;1;2;0;1;4;2;5;1;2;1;2;3;3;1;75;47;127;89;1.59;0.88;2.46;0;0;0;0;0;0;1;1;0;0;0;0;0;0;-1;-1;-1;-1;-1;-1;-1;-1;-1;63;63;75;75;88;25;88;75;63;7.75;2;4.5;3.75;Umm Salal;Al Khor;1;0.55;3;0.25;1.67;0.4;38;38;25;25;13;38;38;13;1.91;1.48;3.39;1595;22;Y;N;N;N;N;N;N
443720;4102;4106;2018/2019;complete;3484;7;-1;40;;1;0;1;10;1;11;2;1;1;3;0;0;3;2;1;0;4;2;18;11;55;45;1;3;1.32;5.1;7.25;1;1.11;1.43;2.1;0;12.75;5.1;2.5;1.61;1.24;1.71;2.05;0;0;0;0;0;0;0;0;0;0;0;0;0;0;0;0;0;0;0;0;0;0;0;0;0;0;0;0;0;0;0;0;0;0;0;0;0;0;0;0;0;0;0;0;0;0;0;0;0;0;0;0;0;1;1;0;0;0;0;1;2018-09-29 14:50:00;4102;0;59;25;17;0;1;1;5;0;5;1;5;6;0;2;1;1;2;2;1;0;0;0;0;1.01;0.67;1.67;0;0;0;0;0;0;1;1;0;0;3;0;0;0;-1;-1;-1;-1;-1;-1;-1;-1;-1;0;25;42;100;100;67;100;34;17;9;2.17;1.5;2.67;Al Rayyan;Al Shahaniya;2;1.18;2.33;0.5;1.83;1.17;100;75;59;0;0;75;75;50;2.09;1.04;3.13;1595;22;Y;N;N;N;N;N;N
443721;4097;4093;2018/2019;complete;3484;7;-1;;23,88;0;2;2;7;5;12;3;2;4;3;0;0;0;4;3;0;3;4;8;18;52;48;4;3;2.9;3.7;2.05;1;1.12;1.44;2.15;0;12.5;5;2.45;1.59;1.23;1.47;2.65;0;0;0;0;0;0;0;0;0;0;0;0;0;0;0;0;0;0;0;0;0;0;0;0;0;0;0;0;0;0;0;0;0;0;0;0;0;0;0;0;0;0;0;0;0;0;0;0;0;0;0;0;0;2;0;1;0;1;1;1;2018-09-29 17:00:00;4093;0;42;0;42;0;1;1;2;1;5;4;3;9;3;1;1;2;4;3;1;0;0;0;0;0.72;0.95;1.67;0;0;0;0;0;0;1;1;0;0;0;0;0;0;-1;-1;-1;-1;-1;-1;-1;-1;-1;17;17;42;67;100;42;100;42;42;8.17;8.33;4;2.59;Al Arabi;Al Sailiya;1.09;2.09;2;1.5;2;2.4;84;84;59;34;0;25;25;25;1.34;2.05;3.39;1595;22;Y;Y;N;N;N;N;N
443722;4098;4097;2018/2019;complete;3484;8;-1;10,40,45;;3;0;3;3;4;7;0;0;2;2;0;0;4;2;1;0;5;2;8;7;55;45;2;2;1.69;4.1;3.85;0;0;0;0;0;0;0;0;0;0;1.53;2.37;3.4;1.3;5.5;1.12;1.3;1.22;2;0;0;0;2.1;2.87;3.5;0;0;0;0;2.1;0;0;0;0;1.66;0;0;0;0;0;1.53;19;2.4;3.75;7.5;0;0;0;0;0;0;0;0;1.25;2.25;5;13;3.75;1.57;1.16;1.04;0;0;0;0;3;3;0;0;0;0;3;2018-10-05 14:40:00;4098;0;54;29;25;0;1;1;1;2;2;2;3;4;1;1;1;1;2;2;1;57;58;58;65;1.01;0.69;1.7;1;0;1;0;0;0;1;1;1;0;0;0;0;0;-1;-1;-1;-1;-1;-1;-1;-1;-1;29;42;71;84;100;29;88;84;59;9.83;4.42;3.92;4.25;Al Gharafa;Al Arabi;1.27;1.64;0.75;2;1;1.71;71;59;29;17;0;59;59;42;1.97;1.35;3.32;1595;22;Y;Y;Y;N;N;N;N
443723;4101;4100;2018/2019;complete;3484;8;-1;6,45;;2;0;2;2;5;7;1;2;1;3;0;0;3;4;2;3;5;7;14;9;44;56;1;3;2.05;3.6;2.95;0;0;0;0;0;0;0;0;0;0;0;0;0;0;0;0;0;0;0;0;0;0;0;0;0;0;0;0;0;0;0;0;0;0;0;0;0;0;0;0;0;0;0;0;0;0;0;0;0;0;0;0;0;0;0;0;0;0;0;0;0;0;0;0;0;2;2;0;0;0;0;2;2018-10-05 16:50:00;4101;0;50;13;25;0;1;1;1;1;1;4;2;5;1;2;0;1;3;1;1;0;0;0;0;0.89;1.3;2.19;0;0;0;0;0;0;1;1;1;0;1;0;0;0;-1;-1;-1;-1;-1;-1;-1;-1;-1;38;38;50;75;88;50;88;63;50;9;3.5;3.75;3;Qatar SC;Al Kharitiyath;0.45;0.55;0.25;0.75;0.57;0.43;63;63;50;25;13;50;50;50;1.36;1.11;2.47;1595;22;Y;Y;N;N;N;N;N
443724;4099;4102;2018/2019;complete;3484;8;-1;90;;1;0;1;6;9;15;2;3;1;0;0;0;3;4;7;3;10;7;16;15;38;62;1;0;5.05;4.05;1.51;0;0;0;0;0;0;0;0;0;0;1.61;2.2;5.5;1.12;2.75;1.4;2.1;1.25;1.2;0;0;0;4;2.75;2;0;0;0;0;1.83;0;0;0;0;1.83;0;0;0;0;0;2.62;15;1.5;8.5;3.25;0;0;0;0;0;0;0;0;1.3;2.37;6;15;3.4;1.53;1.12;1.03;0;0;0;0;1;0;0;1;0;1;0;2018-10-06 14:40:00;4099;0;50;50;0;0;1;1;2;3;4;6;5;10;0;0;1;0;0;1;1;82;102;98;126;1.43;1.47;2.9;0;0;0;0;0;0;1;1;0;0;0;1;0;0;-1;-1;-1;-1;-1;-1;-1;-1;-1;17;17;17;67;84;67;84;17;17;13.67;1;6;2;Al Khor;Al Rayyan;1.27;1.36;1;1.33;0.33;2;84;84;84;34;17;67;67;67;1.41;1.56;2.97;1595;22;Y;N;N;N;N;N;N
443725;4106;4104;2018/2019;complete;3484;8;-1;79;13,72;1;2;3;5;3;8;2;3;5;1;0;0;2;3;0;0;2;3;13;11;52;48;5;1;3.1;3.6;1.95;0;0;0;0;0;0;0;0;0;0;0;0;0;0;0;0;0;0;0;0;0;0;0;0;0;0;0;0;0;0;0;0;0;0;0;0;0;0;0;0;0;0;0;0;0;0;0;0;0;0;0;0;0;0;0;0;0;0;0;0;0;0;0;0;0;3;0;1;1;1;2;1;2018-10-06 16:50:00;4104;0;46;0;46;0;1;1;2;0;3;3;2;6;1;0;4;1;1;5;1;0;0;0;0;0.74;0.75;1.49;0;0;0;0;0;0;1;1;0;0;0;0;0;0;-1;-1;-1;-1;-1;-1;-1;-1;-1;46;46;71;88;100;29;71;71;71;9.5;2.25;4;3.67;Al Shahaniya;Al Ahli;1.27;1.64;1.5;0;1;0.86;54;54;29;13;0;75;50;38;1.02;1.42;2.44;1595;22;Y;Y;Y;N;N;N;Y
443726;4096;4095;2018/2019;complete;3484;8;-1;13,90;;2;0;2;6;3;9;2;1;1;0;0;0;6;5;12;2;18;7;10;10;60;40;1;0;1.22;5.55;9;0;0;0;0;0;0;0;0;0;0;0;0;0;0;0;0;0;0;0;0;0;0;0;0;0;0;0;0;0;0;0;0;0;0;0;0;0;0;0;0;0;0;0;0;0;0;0;0;0;0;0;0;0;0;0;0;0;0;0;0;0;0;0;0;0;2;1;0;1;0;1;1;2018-10-07 14:40:00;4096;0;67;37;37;0;1;1;4;1;2;2;5;4;0;0;1;0;0;1;1;0;0;0;0;2.33;1.09;3.41;0;0;0;0;0;0;1;1;0;0;3;0;0;0;-1;-1;-1;-1;-1;-1;-1;-1;-1;54;54;74;84;84;64;84;74;54;11.8;5.47;5.53;3.9;Al Duhail;Umm Salal;2.45;1.09;2.33;1.4;2.67;1.86;47;47;27;17;17;90;90;74;2.59;1.42;4.01;1595;22;Y;Y;N;N;N;N;N
443727;4103;4093;2018/2019;complete;3484;8;-1;66;87;1;1;2;5;2;7;0;3;1;4;0;0;7;6;9;8;16;14;10;10;55;45;1;4;1.18;6.05;10.25;0;0;0;0;0;0;0;0;0;0;0;0;0;0;0;0;0;0;0;0;0;0;0;0;0;0;0;0;0;0;0;0;0;0;0;0;0;0;0;0;0;0;0;0;0;0;0;0;0;0;0;0;0;0;0;0;0;0;0;0;0;0;0;0;0;2;0;0;1;1;2;0;2018-10-07 16:50:00;-1;0;42;13;29;0;1;1;2;2;3;0;4;3;0;1;1;3;1;4;1;0;0;0;0;2.08;1.57;3.65;0;1;0;1;0;0;1;1;0;0;0;0;0;0;-1;-1;-1;-1;-1;-1;-1;-1;-1;25;38;54;100;100;54;88;71;54;11.08;4.42;4;3.92;Al Sadd;Al Sailiya;2.64;2.09;2.5;2;2.67;2.5;75;63;46;0;0;59;59;46;2.16;1.69;3.85;1595;22;Y;Y;N;N;N;N;Y
443728;4097;4104;2018/2019;complete;3484;9;-1;;5,22,37;0;3;3;9;5;14;0;0;2;2;0;0;0;4;0;1;0;5;0;6;42;58;2;2;2.6;3.7;2.25;1.01;1.15;1.53;2.3;0;11.5;4.5;2.25;1.5;1.19;1.51;2.5;4.33;1.2;4;1.22;1.57;1.28;1.44;0;0;0;2.75;2.75;2.6;0;0;0;1.8;0;0;0;0;1.9;0;0;0;0;0;0;2.04;17;1.8;5.5;5;0;0;0;0;0;0;0;0;1.28;2.37;5.5;15;3.5;1.53;1.14;1.03;0;0;0;0;3;0;3;0;0;0;3;2018-10-20 14:25:00;4104;0;50;0;50;0;1;1;7;2;2;3;9;5;1;0;1;2;1;3;1;51;60;34;47;0.37;1.02;1.39;0;1;0;1;0;0;1;1;0;1;2;1;0;0;-1;-1;-1;-1;-1;-1;-1;-1;-1;38;38;50;75;100;25;88;63;50;8.08;6.25;3.5;3.25;Al Arabi;Al Ahli;1.09;1.64;1.5;0.75;1.5;1.13;63;63;50;25;0;29;13;13;1.18;1.09;2.27;1595;22;Y;Y;Y;N;N;N;N
443729;4102;4098;2018/2019;complete;3484;9;-1;68;83;1;1;2;5;6;11;7;1;2;1;0;1;3;4;3;1;6;5;10;11;52;48;2;3;1.91;3.75;3.3;1;1.12;1.45;2.15;0;12.25;4.9;2.45;1.57;1.22;1.49;2.55;0;0;0;0;0;0;0;0;0;0;0;0;0;0;0;0;0;0;0;0;0;0;0;0;0;0;0;0;0;0;0;0;0;0;0;0;0;0;0;0;0;0;0;0;0;0;0;0;0;0;0;0;0;2;0;0;1;1;2;0;2018-10-20 16:35:00;-1;0;59;17;46;0;1;1;3;3;2;3;6;5;0;1;2;1;1;3;1;0;0;0;0;1.02;0.96;1.98;1;0;1;0;0;0;1;1;0;0;0;0;0;0;-1;-1;-1;-1;-1;-1;-1;-1;-1;17;34;46;88;100;29;84;75;63;11.34;4.08;4.33;3;Al Rayyan;Al Gharafa;2;1.09;2.5;1.33;1.75;1.25;84;67;54;13;0;67;67;67;1.73;1.52;3.25;1595;22;Y;Y;N;N;N;N;Y
443730;4095;4101;2018/2019;complete;3484;9;-1;90;78;1;1;2;5;4;9;1;1;1;3;0;0;3;2;8;4;11;6;16;10;49;51;1;3;2.15;3.5;2.9;1.01;1.17;1.57;2.45;5.3;11;4.25;2.15;1.45;1.16;1.56;2.35;3.5;1.28;4.33;1.2;1.31;1.22;1.67;2.63;2.32;3.55;2.19;2.7;3.76;0;0;0;0;1.83;0;0;0;0;1.83;0;0;0;0;0;1.76;16.5;2.15;4.33;6;0;0;0;0;0;0;0;0;1.2;2.25;5.5;15;3.5;1.5;1.14;1.03;0;0;0;0;2;0;0;1;1;2;0;2018-10-20 14:25:00;-1;0;59;0;59;0;1;1;2;1;3;3;3;6;1;2;0;1;3;1;1;54;48;77;73;1.29;0.87;2.16;0;0;0;0;0;0;1;1;0;0;0;0;0;0;-1;-1;-1;-1;-1;-1;-1;-1;-1;42;59;59;75;100;17;59;100;59;6.17;3;3.5;3.34;Umm Salal;Qatar SC;1;1;3;1;1.63;0.88;59;42;42;25;0;17;17;0;1.75;1.79;3.54;1595;22;Y;Y;N;N;N;N;Y
443731;4100;4099;2018/2019;complete;3484;9;-1;4;41,51,54,57,61;1;5;6;8;6;14;3;0;3;2;0;0;7;10;6;15;13;25;14;11;44;56;3;2;2.95;3.35;2.15;1.01;1.2;1.67;2.7;0;10;3.85;2;1.38;1.13;1.65;2.2;0;0;0;0;0;0;0;0;0;0;0;0;0;0;0;0;0;0;0;0;0;0;0;0;0;0;0;0;0;0;0;0;0;0;0;0;0;0;0;0;0;0;0;0;0;0;0;0;0;0;0;0;0;6;1;1;0;4;4;2;2018-10-21 16:35:00;4099;0;27;27;0;0;1;1;3;5;5;1;8;6;2;2;1;0;4;1;1;0;0;0;0;1.77;2.96;4.73;0;0;0;0;0;0;1;1;1;0;1;0;0;0;-1;-1;-1;-1;-1;-1;-1;-1;-1;27;27;54;54;90;37;80;47;27;8.73;2;3.33;2.77;Al Kharitiyath;Al Khor;0.82;0.55;0;0.2;0.38;0.71;74;74;47;47;10;64;64;27;1.5;1.36;2.86;1595;22;Y;Y;Y;Y;Y;Y;Y
443732;4103;4096;2018/2019;complete;3484;9;-1;9,89,90;6;3;1;4;5;7;12;1;0;2;2;0;0;6;2;1;0;7;2;4;7;46;54;2;2;1.87;3.55;3.55;1.01;1.22;1.74;2.85;5.2;9.75;3.75;1.95;1.36;1.12;1.62;2.2;3;1.36;4.33;1.2;1.36;1.22;1.8;2.66;2.4;3.95;2.25;2.62;3.4;0;0;0;0;1.72;0;0;0;0;2;0;0;0;0;0;1.68;15.75;2.3;3.6;6;0;0;0;0;0;0;0;0;1.35;2.64;1.04;17;3.7;1.57;1.15;1.02;0;0;0;0;4;1;1;2;0;2;2;2018-12-11 15:30:00;4103;0;59;17;34;0;1;1;1;4;4;3;5;7;1;1;1;1;2;2;1;64;70;60;68;1.32;0.77;2.09;0;1;0;1;0;0;1;1;1;1;1;0;1;0;-1;-1;-1;-1;-1;-1;-1;-1;-1;34;50;67;84;100;59;75;75;67;14.5;2.5;2.5;4.08;Al Sadd;Al Duhail;2.64;2.09;2.33;2.67;2.5;2.57;67;50;33;17;0;58;58;34;2.08;2.13;4.21;1595;22;Y;Y;Y;Y;N;N;Y
443733;4093;4106;2018/2019;complete;3484;9;-1;42;19,56,60;1;3;4;3;3;6;5;0;1;2;0;0;2;4;2;3;4;7;14;8;46;54;1;2;1.56;3.95;4.9;1;1.11;1.43;2.1;0;12.75;5.1;2.5;1.61;1.24;1.54;2.4;0;0;0;0;0;0;0;0;0;0;0;0;0;0;0;0;0;0;0;0;0;0;0;0;0;0;0;0;0;0;0;0;0;0;0;0;0;0;0;0;0;0;0;0;0;0;0;0;0;0;0;0;0;4;1;1;0;2;2;2;2018-10-21 14:25:00;4106;0;67;33;34;0;1;1;0;2;3;1;2;4;1;0;0;2;1;2;1;0;0;0;0;0.9;1.1;2;0;0;0;0;0;0;1;1;0;0;0;0;0;0;-1;-1;-1;-1;-1;-1;-1;-1;-1;17;33;67;84;100;50;84;50;34;6.33;2;3;3.17;Al Sailiya;Al Shahaniya;1.36;1.18;3;0.33;2.29;0.88;84;67;34;17;0;100;84;50;1.51;0.91;2.42;1595;22;Y;Y;Y;Y;N;N;Y
443734;4106;4095;2018/2019;complete;3484;10;-1;32;72;1;1;2;7;8;15;1;0;2;1;1;0;3;5;6;7;9;12;19;13;40;60;4;1;3.85;3.65;1.77;0;0;0;0;0;0;0;0;0;0;0;0;0;0;0;0;0;0;0;0;0;0;0;0;0;0;0;0;0;0;0;0;0;0;0;0;0;0;0;0;0;0;0;0;0;0;0;0;0;0;0;0;0;0;0;0;0;0;0;0;0;0;0;0;0;2;1;0;0;1;1;1;2018-10-27 16:30:00;-1;0;62;17;37;0;1;1;5;4;2;4;9;6;2;0;1;1;2;2;1;0;0;0;0;1.1;1.72;2.82;0;1;0;1;0;0;1;1;0;0;0;0;1;0;-1;-1;-1;-1;-1;-1;-1;-1;-1;27;27;74;90;100;35;90;82;57;9.1;3.07;5.27;3.25;Al Shahaniya;Umm Salal;1.27;1.09;1.2;1.17;1.11;1.56;74;74;27;10;0;82;74;64;0.97;1.36;2.33;1595;22;Y;Y;N;N;N;N;Y
443735;4097;4101;2018/2019;complete;3484;10;-1;;25;0;1;1;4;4;8;-1;-1;2;4;0;0;6;3;1;5;7;8;-1;-1;47;53;2;4;3.35;3.4;2;1.01;1.18;1.61;2.5;0;10.75;4.15;2.15;1.43;1.16;1.59;2.3;0;0;0;0;0;0;0;0;0;0;0;0;0;0;0;0;0;0;0;0;0;0;0;0;0;0;0;0;0;0;0;0;0;0;0;0;0;0;0;0;0;0;0;0;0;0;0;0;0;0;0;0;0;1;0;1;0;0;0;1;2018-10-26 14:20:00;4101;0;48;0;48;0;1;1;1;3;3;1;4;4;0;0;2;4;0;6;1;0;0;0;0;1.37;1.13;2.49;0;0;0;0;0;0;1;1;0;0;0;0;0;0;-1;-1;-1;-1;-1;-1;-1;-1;-1;23;35;45;80;100;33;75;70;48;8.55;5.55;3.3;2.93;Al Arabi;Qatar SC;1.09;1;1.2;1;1.33;0.89;78;65;55;20;0;45;33;20;1.02;1.56;2.58;1595;22;Y;N;N;N;N;N;N
443736;4098;4099;2018/2019;complete;3484;10;-1;16,52,53,64,72,83;;6;0;6;11;5;16;5;7;1;1;0;1;14;4;6;6;20;10;20;6;50;50;1;2;1.87;3.6;3.45;1;1.14;1.49;2.25;4;11.75;4.7;2.35;1.53;1.2;1.51;2.45;3.4;1.3;5;1.14;1.28;1.28;1.8;2.4;2.37;3.6;2.2;2.75;3.4;0;0;0;0;1.72;0;0;0;0;2;0;0;0;0;0;1.61;17;2.3;4;8;0;0;0;0;0;0;0;0;1.28;2.25;5.5;15;3.5;1.57;1.14;1.03;0;0;0;0;6;1;0;5;0;5;1;2018-10-26 16:30:00;4098;0;47;27;20;0;1;1;5;2;6;3;7;9;1;2;0;0;3;0;1;70;59;81;75;2.73;1.34;4.07;0;0;0;0;0;0;1;1;0;0;1;0;0;0;-1;-1;-1;-1;-1;-1;-1;-1;-1;27;37;65;75;92;45;74;74;37;11.3;1.43;3.4;3.12;Al Gharafa;Al Khor;1.27;0.55;1.2;0.67;1.22;1;74;64;35;25;9;54;54;37;1.78;1.63;3.41;1595;22;Y;Y;Y;Y;Y;Y;N
443737;4093;4102;2018/2019;complete;3484;10;-1;45;71,82;1;2;3;6;7;13;3;1;2;0;0;0;2;3;2;2;4;5;15;7;42;58;2;0;4;3.95;1.67;1;1.13;1.47;2.2;0;12.25;4.85;2.4;1.57;1.22;1.53;2.45;0;0;0;0;0;0;0;0;0;0;0;0;0;0;0;0;0;0;0;0;0;0;0;0;0;0;0;0;0;0;0;0;0;0;0;0;0;0;0;0;0;0;0;0;0;0;0;0;0;0;0;0;0;3;1;0;0;2;2;1;2018-10-25 16:30:00;4102;0;50;25;25;0;1;1;6;1;0;6;7;6;2;0;0;0;2;0;1;0;0;0;0;0.74;1.04;1.79;0;0;0;0;0;0;1;1;0;0;0;1;0;0;-1;-1;-1;-1;-1;-1;-1;-1;-1;25;38;63;63;88;38;63;75;50;9.75;3;3;2.88;Al Sailiya;Al Rayyan;1.36;1.36;2.25;1;2;1.67;75;63;38;38;13;63;50;38;1.31;1.54;2.85;1595;22;Y;Y;Y;N;N;N;Y
443738;4096;4100;2018/2019;complete;3484;10;-1;32,60,78,86;23;4;1;5;8;2;10;-1;-1;1;2;1;0;5;2;0;0;5;2;-1;-1;49;51;3;2;1.07;9;17.75;1;1.02;1.16;1.47;0;18;8.75;4.25;2.4;1.65;1.87;1.91;0;0;0;0;0;0;0;0;0;0;0;0;0;0;0;0;0;0;0;0;0;0;0;0;0;0;0;0;0;0;0;0;0;0;0;0;0;0;0;0;0;0;0;0;0;0;0;0;0;0;0;0;0;5;1;1;3;0;3;2;2018-10-25 14:20:00;4096;0;33;13;33;0;1;1;6;2;2;0;8;2;0;0;2;2;0;4;1;0;0;0;0;1.23;0.55;1.78;1;0;1;0;0;0;1;1;0;0;1;0;0;0;-1;-1;-1;-1;-1;-1;-1;-1;-1;35;35;45;78;88;45;88;68;45;10.95;6.05;3.4;3.05;Al Duhail;Al Kharitiyath;2.45;0.55;2.5;0.6;2.71;0.33;65;65;55;23;13;60;48;35;2.52;1.15;3.67;1595;22;Y;Y;Y;Y;Y;N;Y
443739;4104;4103;2018/2019;complete;3484;10;-1;5,21,34,63;52;4;1;5;1;16;17;0;2;4;4;0;0;8;9;7;14;15;23;13;13;45;55;4;4;9.25;6.05;1.21;0;0;0;0;0;0;0;0;0;0;0;0;0;0;0;0;0;0;0;0;0;0;0;0;0;0;0;0;0;0;0;0;0;0;0;0;0;0;0;0;0;0;0;0;0;0;0;0;0;0;0;0;0;0;0;0;0;0;0;0;0;0;0;0;0;5;3;0;1;1;2;3;2018-10-27 14:20:00;4104;0;50;25;13;0;1;1;0;8;1;8;8;9;0;1;4;3;1;7;1;0;0;0;0;1.8;2.87;4.67;1;1;1;1;0;0;1;1;1;0;0;0;0;0;-1;-1;-1;-1;-1;-1;-1;-1;-1;63;75;88;100;100;50;100;100;75;7;3.75;2.75;4.75;Al Ahli;Al Sadd;1.45;2.55;1.5;3;1.33;2.43;38;25;13;0;0;25;25;25;0.97;2.66;3.63;1595;22;Y;Y;Y;Y;Y;N;Y
443740;4098;4106;2018/2019;complete;3484;11;-1;;;0;0;0;1;3;4;2;3;1;3;0;0;8;3;8;4;16;7;11;12;52;48;1;3;1.47;4.55;5.1;1;1.1;1.38;2;0;13.5;5.55;2.7;1.69;1.28;1.53;2.45;0;0;0;0;0;0;0;0;0;0;0;0;0;0;0;0;0;0;0;0;0;0;0;0;0;0;0;0;0;0;0;0;0;0;0;0;0;0;0;0;0;0;0;0;0;0;0;0;0;0;0;0;0;0;0;0;0;0;0;0;2018-11-02 14:15:00;-1;0;50;34;17;0;1;1;1;3;0;0;4;0;1;0;0;3;1;3;1;0;0;0;0;2.24;1.14;3.37;0;0;0;0;0;0;1;1;0;0;0;0;0;0;-1;-1;-1;-1;-1;-1;-1;-1;-1;17;50;67;88;100;54;92;54;38;8.92;1.83;2.83;3.29;Al Gharafa;Al Shahaniya;1.27;1.18;1.5;1;1.4;1.1;84;50;34;13;0;63;63;50;1.94;0.96;2.9;1595;22;N;N;N;N;N;N;N
443741;4095;4103;2018/2019;complete;3484;11;-1;33;20,29,55,69,87;1;5;6;0;14;14;3;3;2;1;0;0;3;12;3;14;6;26;12;12;36;64;2;1;5.65;5.05;1.38;1;1.07;1.3;1.8;2.85;14.75;6.3;3.05;1.83;1.35;1.53;2.45;8.5;1.05;2.75;1.4;3;1.16;1.1;5.7;2.92;1.74;5.5;3.06;1.71;0;0;0;0;1.9;0;0;0;0;1.8;0;0;0;0;0;3.25;23;1.33;17;3;0;0;0;0;0;0;0;0;1.15;1.86;3.85;10;4.8;1.86;1.22;1.06;0;0;0;0;6;1;2;0;3;3;3;2018-11-02 16:25:00;4103;0;67;17;50;0;1;1;0;6;0;8;6;8;0;1;2;0;1;2;1;41;100;83;127;0.89;3.19;4.08;0;0;0;0;0;0;1;1;0;0;0;2;0;0;-1;-1;-1;-1;-1;-1;-1;-1;-1;67;67;67;84;100;34;67;100;84;12;2.33;3.67;4.17;Umm Salal;Al Sadd;1;2.55;2.33;2;1.5;2.13;34;34;34;17;0;50;34;34;1.6;2.73;4.33;1595;22;Y;Y;Y;Y;Y;Y;Y
443742;4096;4097;2018/2019;complete;3484;11;-1;55,64;;2;0;2;9;4;13;1;0;1;0;0;0;4;0;0;0;4;0;10;10;62;38;1;0;1.12;8;12.5;1;1.06;1.26;1.71;0;15.75;6.85;3.3;1.95;1.42;2;1.77;0;0;0;0;0;0;0;0;0;0;0;0;0;0;0;0;0;0;0;0;0;0;0;0;0;0;0;0;0;0;0;0;0;0;0;0;0;0;0;0;0;0;0;0;0;0;0;0;0;0;0;0;0;2;0;0;2;0;2;0;2018-11-04 14:15:00;4096;0;33;33;10;0;1;1;3;0;6;4;3;10;1;0;0;0;1;0;1;0;0;0;0;1.08;0.3;1.37;0;0;0;0;0;0;1;1;0;0;0;0;0;0;-1;-1;-1;-1;-1;-1;-1;-1;-1;43;43;68;78;90;55;90;65;55;10.5;5.15;4.7;4.15;Al Duhail;Al Arabi;2.45;1.64;2.6;1.5;2.78;1.2;58;58;33;23;10;75;65;33;2.26;1.19;3.45;1595;22;Y;Y;N;N;N;N;N
443743;4100;4093;2018/2019;complete;3484;11;-1;;33,45,52,56,88;0;5;5;8;3;11;4;3;0;0;0;0;5;12;11;5;16;17;6;12;48;52;0;0;3.35;3.6;1.91;1;1.1;1.39;2;0;13.25;5.4;2.65;1.67;1.27;1.43;2.75;0;0;0;0;0;0;0;0;0;0;0;0;0;0;0;0;0;0;0;0;0;0;0;0;0;0;0;0;0;0;0;0;0;0;0;0;0;0;0;0;0;0;0;0;0;0;0;0;0;0;0;0;0;5;0;2;0;3;3;2;2018-11-04 16:25:00;4093;0;50;25;25;0;1;-1;4;3;4;0;7;4;0;0;0;0;0;0;1;0;0;0;0;1.92;2.48;4.39;0;0;0;0;0;0;1;1;0;0;3;0;-1;-1;-1;-1;-1;-1;-1;-1;-1;-1;-1;25;25;50;88;100;38;88;63;50;9;4.25;5;3.13;Al Kharitiyath;Al Sailiya;0.82;2.09;0;1.75;0.3;1.6;75;75;50;13;0;63;63;50;1.57;1.66;3.23;1595;22;Y;Y;Y;Y;Y;N;N
443744;4101;4102;2018/2019;complete;3484;11;-1;;16,58;0;2;2;6;5;11;1;5;3;3;0;0;8;4;9;3;17;7;11;15;54;46;3;3;4.65;4;1.59;1.01;1.15;1.53;2.3;0;11.5;4.5;2.25;1.5;1.19;1.65;2.2;0;0;0;0;0;0;0;0;0;0;0;0;0;0;0;0;0;0;0;0;0;0;0;0;0;0;0;0;0;0;0;0;0;0;0;0;0;0;0;0;0;0;0;0;0;0;0;0;0;0;0;0;0;2;0;1;0;1;1;1;2018-11-03 14:15:00;4102;0;30;10;0;0;1;1;2;5;4;0;7;4;1;0;2;3;1;5;1;0;0;0;0;2.15;1.1;3.25;0;0;0;0;0;0;1;1;0;0;0;1;0;0;-1;-1;-1;-1;-1;-1;-1;-1;-1;30;30;40;60;80;50;70;50;40;10.4;1.4;3.6;2.5;Qatar SC;Al Rayyan;0.45;1.36;0.8;1.4;1.1;1.8;70;70;60;40;20;60;60;60;1.26;1.44;2.7;1595;22;Y;Y;N;N;N;N;N
443745;4099;4104;2018/2019;complete;3484;11;-1;;44,90;0;2;2;13;3;16;1;0;4;2;0;0;6;5;6;4;12;9;19;13;54;46;4;2;2.8;3.45;2.2;1.01;1.17;1.57;2.45;0;11;4.25;2.15;1.45;1.16;1.56;2.4;0;0;0;0;0;0;0;0;0;0;0;0;0;0;0;0;0;0;0;0;0;0;0;0;0;0;0;0;0;0;0;0;0;0;0;0;0;0;0;0;0;0;0;0;0;0;0;0;0;0;0;0;0;2;0;1;0;1;1;1;2018-11-03 16:25:00;4104;0;55;25;30;0;1;1;7;1;6;2;8;8;0;1;4;1;1;5;1;0;0;0;0;1.88;1.41;3.29;0;0;0;0;0;0;1;1;0;0;1;1;0;0;-1;-1;-1;-1;-1;-1;-1;-1;-1;20;20;40;75;100;45;65;55;30;12;2.7;4.3;2.65;Al Khor;Al Ahli;1.27;1.64;2;1.2;0.89;1.5;80;80;60;25;0;75;63;63;1.42;1.07;2.49;1595;22;Y;Y;N;N;N;N;N
518809;4096;4106;2018/2019;complete;3484;12;-1;24,41,46,67,90;87;5;1;6;6;2;8;1;0;1;1;0;0;6;2;1;0;7;2;7;3;60;40;1;1;1.08;8.5;17;1;1.05;1.25;1.69;2.39;15.75;7;3.4;2;1.43;2.35;1.57;1.66;2.1;11;1.02;1.01;1.04;6.5;1.27;4.2;15;1.2;4.75;20.5;0;0;0;0;0;1.72;0;0;0;0;2;0;0;0;0;1.12;53;5.55;1.72;34;0;0;0;0;0;0;0;0;1.16;1.69;3.2;8;5;2.07;1.31;1.08;0;0;0;0;6;2;0;3;1;4;2;2018-11-08 14:10:00;4096;0;37;37;9;0;1;1;4;2;2;0;6;2;0;0;1;1;0;2;1;82;47;57;48;1.45;0.61;2.05;0;0;0;0;0;0;1;1;0;0;1;1;0;0;-1;-1;-1;-1;-1;-1;-1;-1;-1;25;45;45;72;82;55;74;52;44;9.73;3.17;3.8;2.85;Al Duhail;Al Shahaniya;2.45;1.18;2.67;1;2.8;1.09;75;55;55;29;19;80;72;45;2.07;0.99;3.06;1595;22;Y;Y;Y;Y;Y;Y;Y
518810;4101;4098;2018/2019;complete;3484;12;-1;;45,83;0;2;2;7;5;12;2;0;3;2;0;1;6;7;7;8;13;15;14;12;52;48;3;4;3.5;3.95;1.8;1;1.13;1.49;2.25;3.92;12;4.75;2.35;1.54;1.21;1.54;2.4;5;1.14;3.4;1.3;1.83;1.22;1.28;3.92;2.48;2.3;3.58;2.89;2.14;0;0;0;0;1.83;0;0;0;0;1.83;0;0;0;0;0;2.34;19.5;1.63;7.5;4;0;0;0;0;0;0;0;0;1.28;2.18;5;13;3.5;1.62;1.16;1.04;0;0;0;0;2;0;1;0;1;1;1;2018-11-08 16:20:00;4098;0;54;21;38;0;1;1;3;3;4;2;6;6;0;0;3;3;0;6;1;88;65;101;92;1.87;1.9;3.77;0;1;0;1;0;0;1;1;0;0;2;0;0;0;-1;-1;-1;-1;-1;-1;-1;-1;-1;29;42;42;92;92;46;67;75;67;8.92;2.67;5.75;3.17;Qatar SC;Al Gharafa;0.45;1.09;0.67;1.25;1;1.36;71;59;59;9;9;71;71;71;1.41;1.38;2.79;1595;22;Y;Y;N;N;N;N;N
518811;4103;4100;2018/2019;complete;3484;12;-1;17,18,38,46,64,86,90;82;7;1;8;8;0;8;1;1;0;0;0;0;8;2;0;0;8;2;9;4;72;28;0;0;1.05;9.25;28;0;1;1.06;1.21;0;0;13.25;6.85;3.7;2.25;2.15;1.67;0;0;0;0;0;0;0;0;0;0;0;0;0;0;0;0;0;0;0;0;0;0;0;0;0;0;0;0;0;0;0;0;0;0;0;0;0;0;0;0;0;0;0;0;0;0;0;0;0;0;0;0;0;8;3;0;4;1;5;3;2018-11-08 16:20:00;4103;0;55;19;37;0;1;-1;5;0;3;0;5;3;0;0;0;0;0;0;1;0;0;0;0;1.8;0.46;2.25;1;0;1;0;0;0;1;1;0;0;1;0;-1;-1;-1;-1;-1;-1;-1;-1;-1;-1;-1;37;47;55;92;100;55;80;74;65;9.43;3.57;2.5;3.9;Al Sadd;Al Kharitiyath;2.64;0.55;2.2;0.5;2.22;0.27;64;54;45;9;0;37;37;19;2.14;1.05;3.19;1595;22;Y;Y;Y;Y;Y;Y;Y
518812;4104;4102;2018/2019;complete;3484;12;-1;75;3;1;1;2;5;8;13;2;2;1;0;0;0;8;5;8;10;16;15;4;12;47;53;1;0;4.55;4.1;1.57;1;1.14;1.51;2.3;0;11.5;4.55;2.3;1.51;1.19;1.67;2.2;6;1.11;2.62;1.44;2.37;1.22;1.14;0;0;0;4.33;2.87;1.83;0;0;0;0;1.83;1.9;0;0;0;1.83;1.8;0;0;0;0;2.87;17;1.4;10;3;0;0;0;0;0;0;0;0;1.28;2.25;5.5;15;3.5;1.57;1.14;1.03;0;0;0;0;2;0;1;1;0;1;1;2018-11-09 14:10:00;-1;0;39;0;20;0;1;1;3;2;2;6;5;8;0;0;1;0;0;1;1;60;80;116;122;2.01;1.88;3.88;0;0;0;0;0;0;1;1;0;1;1;0;0;0;-1;-1;-1;-1;-1;-1;-1;-1;-1;29;39;57;75;92;39;84;84;47;7.63;3.7;4.1;2.9;Al Ahli;Al Rayyan;1.45;1.36;1.8;1.67;1.64;1.91;72;62;44;25;9;44;44;44;1.13;1.38;2.51;1595;22;Y;Y;N;N;N;N;Y
518813;4099;4097;2018/2019;complete;3484;12;-1;;26;0;1;1;9;1;10;0;1;1;2;0;0;3;2;3;2;6;4;6;13;63;37;1;2;2.3;3.4;2.7;1.01;1.22;1.71;2.85;0;9.5;3.65;1.95;1.34;1.11;1.67;2.15;3.75;1.25;4.5;1.16;1.36;1.3;1.66;0;0;0;2.4;2.75;3;0;0;0;0;1.83;2.1;0;0;0;1.83;1.66;0;0;0;0;1.72;17;2.1;4.75;7;0;0;0;0;0;0;0;0;1.28;2.2;5;13;3.5;1.61;1.16;1.04;0;0;0;0;1;0;1;0;0;0;1;2018-11-09 14:10:00;4097;0;27;27;0;0;1;1;5;1;4;0;6;4;0;2;1;0;2;1;1;85;49;75;46;1.2;0.74;1.94;0;0;0;0;0;0;1;1;0;0;0;1;0;0;-1;-1;-1;-1;-1;-1;-1;-1;-1;10;10;30;74;100;37;74;64;30;12.93;3.53;5;2.84;Al Khor;Al Arabi;1.27;1.64;1.33;1.2;0.8;1.09;90;90;70;27;0;80;80;70;1.57;1.01;2.58;1595;22;Y;N;N;N;N;N;N
518814;4095;4093;2018/2019;complete;3484;12;-1;;27,76;0;2;2;5;5;10;1;1;2;0;1;1;2;3;0;1;2;4;9;4;54;46;3;2;2.35;3.4;2.6;1.01;1.17;1.59;2.5;3.9;10.75;4.2;2.15;1.44;1.16;1.56;2.35;3.5;1.28;4.33;1.2;1.4;1.25;1.66;3.25;2.35;2.78;2.5;2.75;3;0;0;0;0;1.83;0;0;0;0;1.83;0;0;0;0;0;1.72;15;2.1;4.5;6;0;0;0;0;0;0;0;0;1.22;2.17;6;15;3.9;1.63;1.12;1.03;0;0;0;0;2;0;1;0;1;1;1;2018-11-09 16:20:00;4093;0;58;13;45;0;1;1;2;3;3;2;5;5;3;1;0;0;4;0;1;67;42;63;53;0.75;0.77;1.52;0;0;0;0;0;0;1;1;0;0;0;0;0;1;-1;-1;-1;-1;-1;-1;-1;-1;-1;35;35;45;88;100;33;65;90;68;6.7;4.3;4.6;3.15;Umm Salal;Al Sailiya;1;2.09;1.75;2;1.36;1.73;65;65;55;13;0;55;43;43;1.42;1.82;3.24;1595;22;Y;Y;N;N;N;N;N
518815;4101;4104;2018/2019;complete;3484;13;-1;;60;0;1;1;3;6;9;1;5;4;2;0;0;5;5;5;10;10;15;15;9;51;49;4;2;2.7;3.45;2.25;1.01;1.18;1.61;2.55;4.7;10.5;4.1;2.1;1.43;1.15;1.59;2.3;4.33;1.2;3.75;1.25;1.55;1.21;1.41;3.44;2.27;2.76;3.02;2.64;2.61;0;0;0;0;1.83;0;0;0;0;1.83;0;0;0;0;0;2.1;15.5;1.81;6;4.75;0;0;0;0;0;0;0;0;1.26;2.32;6;17;3.55;1.55;1.12;1.02;0;0;0;0;1;0;0;0;1;1;0;2018-11-23 13:00:00;4104;0;40;7;25;0;1;1;1;3;2;3;4;5;2;0;2;2;2;4;1;66;61;113;130;1.47;1.75;3.21;0;1;0;1;0;0;1;1;0;0;0;0;1;0;-1;-1;-1;-1;-1;-1;-1;-1;-1;31;31;48;93;93;45;85;62;40;9.2;1.86;4.4;3.11;Qatar SC;Al Ahli;0.45;1.64;0.57;1.5;0.92;1.58;69;69;52;7;7;66;56;56;1.48;1.15;2.63;1595;22;Y;N;N;N;N;N;N
518816;4095;4102;2018/2019;complete;3484;13;-1;66;79;1;1;2;5;5;10;3;0;3;3;0;0;4;7;3;7;7;14;13;8;41;59;3;3;3.6;3.6;1.87;1.01;1.19;1.65;2.65;0;10.25;3.95;2.05;1.4;1.14;1.67;2.15;5;1.14;2.62;1.44;2.1;1.25;1.22;4.33;2.3;2.3;4;2.75;2.04;0;0;0;0;1.72;0;0;0;0;2;0;0;0;0;0;2.62;13;1.5;7.5;3.2;0;0;0;0;0;0;0;0;1.33;2.5;6;17;3.25;1.5;1.12;1.02;0;0;0;0;2;0;0;1;1;2;0;2018-11-23 15:30:00;-1;0;45;10;20;0;1;1;3;1;2;4;4;6;1;1;2;2;2;4;1;54;90;93;150;1.12;2.03;3.15;0;0;0;0;0;0;1;1;0;0;1;0;0;0;-1;-1;-1;-1;-1;-1;-1;-1;-1;27;27;35;69;93;17;66;86;45;9.14;2.97;3.49;2.6;Umm Salal;Al Rayyan;1;1.36;1.4;1.57;1.25;1.83;73;73;66;32;7;66;56;46;1.29;1.45;2.74;1595;22;Y;Y;N;N;N;N;Y
518817;4100;4106;2018/2019;complete;3484;13;-1;;29;0;1;1;3;5;8;1;0;3;2;0;0;7;4;5;6;12;10;17;10;50;50;3;2;2.55;3.5;2.4;1.01;1.16;1.54;2.35;4.3;11.25;4.4;2.25;1.49;1.18;1.53;2.45;4.33;1.2;3.75;1.25;1.35;1.25;1.55;3.3;2.29;2.83;2.67;2.7;2.88;0;0;0;0;1.9;0;0;0;0;1.8;0;0;0;0;0;2.05;16.5;1.84;6;4.5;0;0;0;0;0;0;0;0;1.3;2.26;6;17;3.4;1.58;1.12;1.02;0;0;0;0;1;0;1;0;0;0;1;2018-11-23 15:30:00;4106;0;45;37;9;0;1;1;1;0;2;5;1;7;1;2;2;0;3;2;1;0;0;0;0;1.84;1.37;3.21;0;0;0;0;0;0;1;1;0;0;0;0;0;1;-1;-1;-1;-1;-1;-1;-1;-1;-1;39;55;65;74;92;64;92;47;47;7.53;2.83;3.07;3.52;Al Kharitiyath;Al Shahaniya;0.82;1.18;0;0.83;0.25;1;62;45;35;27;9;65;65;47;1.64;0.93;2.57;1595;22;Y;N;N;N;N;N;N
518818;4093;4098;2018/2019;complete;3484;13;-1;73,90;52;2;1;3;6;3;9;3;0;2;1;0;0;3;2;0;1;3;3;19;13;47;53;2;1;2.8;3.75;2.1;0;0;0;0;0;0;0;0;0;0;0;0;0;0;0;0;0;0;0;0;0;0;0;0;0;0;0;0;0;0;0;0;0;0;0;0;0;0;0;0;0;0;0;0;0;0;0;0;0;0;0;0;0;0;0;0;0;0;0;0;0;0;0;0;0;3;0;0;2;1;3;0;2018-11-24 13:00:00;4093;0;72;27;47;0;1;1;3;2;3;1;5;4;1;1;1;0;2;1;1;0;0;0;0;0.88;0.8;1.67;0;1;0;1;0;0;1;1;0;0;1;0;0;0;-1;-1;-1;-1;-1;-1;-1;-1;-1;19;37;62;92;100;27;72;92;74;9.23;3.77;5.23;3.27;Al Sailiya;Al Gharafa;1.36;1.09;1.5;1.6;1.83;1.5;82;64;39;9;0;82;74;65;1.22;1.49;2.71;1595;22;Y;Y;Y;N;N;N;Y
518819;4099;4096;2018/2019;complete;3484;13;-1;;35;0;1;1;5;5;10;-1;-1;2;3;0;0;2;4;8;6;10;10;-1;-1;40;60;2;3;10.75;5.85;1.19;0;0;0;0;0;0;0;0;0;0;0;0;0;0;0;0;0;0;0;0;0;0;0;0;0;0;0;0;0;0;0;0;0;0;0;0;0;0;0;0;0;0;0;0;0;0;0;0;0;0;0;0;0;0;0;0;0;0;0;0;0;0;0;0;0;1;0;1;0;0;0;1;2018-11-24 13:00:00;4096;0;38;13;0;0;1;1;2;5;3;0;7;3;0;1;2;2;1;4;1;0;0;0;0;1.12;1.56;2.69;0;1;0;1;0;0;1;1;0;0;0;0;0;1;-1;-1;-1;-1;-1;-1;-1;-1;-1;13;13;38;63;100;38;75;63;25;19;2.5;4;2.25;Al Khor;Al Duhail;1.27;2.09;1;3;0.73;2.82;88;88;63;38;0;88;88;75;1.48;2.49;3.97;1595;22;Y;N;N;N;N;N;N
518820;4097;4103;2018/2019;complete;3484;13;-1;;7,45,49;0;3;3;8;5;13;0;0;2;1;0;0;0;5;2;1;2;6;10;14;38;62;2;1;11.5;7;1.15;0;0;0;0;0;0;0;0;0;0;0;0;0;0;0;0;0;0;0;0;0;0;0;0;0;0;0;0;0;0;0;0;0;0;0;0;0;0;0;0;0;0;0;0;0;0;0;0;0;0;0;0;0;0;0;0;0;0;0;0;0;0;0;0;0;3;0;2;0;1;1;2;2018-11-24 15:30:00;4103;0;46;25;21;0;1;1;2;4;6;1;6;7;1;0;1;1;1;2;1;0;0;0;0;0.56;1.26;1.81;0;2;0;2;0;0;1;1;0;1;0;1;0;0;-1;-1;-1;-1;-1;-1;-1;-1;-1;59;59;67;75;100;54;100;67;59;14.67;4.75;3.33;4.04;Al Arabi;Al Sadd;1.09;2.55;1;2.25;1.25;2.3;42;42;34;25;0;54;54;54;1.08;2.84;3.92;1595;22;Y;Y;Y;N;N;N;N
518821;4104;4095;2018/2019;complete;3484;14;-1;;;0;0;0;9;3;12;0;3;1;4;0;0;0;2;0;0;0;2;15;13;50;50;1;4;2.15;3.45;2.9;1.01;1.21;1.71;2.8;5.8;9.75;3.7;1.95;1.35;1.12;1.67;2.15;3.4;1.3;4;1.22;1.55;1.25;1.35;2.71;2.22;3.66;2.94;2.61;2.71;0;0;0;0;1.83;0;0;0;0;1.83;0;0;0;0;0;1.78;13.25;2.19;4;5.5;0;0;0;0;0;0;0;0;1.3;2.5;6.5;19;3.26;1.48;1.11;1.02;0;0;0;0;0;0;0;0;0;0;0;2018-11-30 13:00:00;-1;0;77;15;31;0;1;1;2;3;7;0;5;7;0;2;1;2;2;3;1;0;0;0;0;0.52;0.73;1.25;0;0;0;0;0;0;1;1;0;0;0;0;0;0;-1;-1;-1;-1;-1;-1;-1;-1;-1;31;40;62;100;100;47;100;93;40;7.33;3.6;4.76;3.4;Al Ahli;Umm Salal;1.45;1.09;1.67;1.14;1.69;1.23;69;61;38;0;0;60;52;52;1.28;1.42;2.7;1595;22;N;N;N;N;N;N;N
518822;4093;4101;2018/2019;complete;3484;14;-1;;15;0;1;1;3;3;6;0;1;3;2;0;0;0;6;0;0;0;6;9;8;58;42;3;2;2.05;3.55;2.95;1;1.11;1.43;2.1;3.42;12.75;5.15;2.55;1.62;1.24;1.43;2.7;4.33;1.2;5;1.14;1.55;1.25;1.35;2.42;2.48;3.62;2.35;2.65;3.44;0;0;0;0;1.72;1.72;0;0;0;2;2;0;0;0;0;1.68;22;2.21;4.75;7.5;0;0;0;0;0;0;0;0;1.21;2.13;4.5;13;4.05;1.65;1.18;1.04;0;0;0;0;1;0;1;0;0;0;1;2018-11-30 15:30:00;4101;0;73;15;52;0;1;1;1;2;2;1;3;3;2;1;1;1;3;2;1;78;52;64;51;0.57;1.17;1.74;0;0;0;0;0;0;1;1;0;0;0;1;1;0;-1;-1;-1;-1;-1;-1;-1;-1;-1;17;35;63;83;100;25;66;83;66;8.8;3.49;3.86;3.05;Al Sailiya;Qatar SC;1.36;1;1.71;1.4;1.92;0.85;83;66;37;17;0;63;39;22;1.16;1.47;2.63;1595;22;Y;N;N;N;N;N;N
518823;4097;4100;2018/2019;complete;3484;14;-1;43,49;55;2;1;3;2;2;4;1;0;2;3;0;1;4;5;5;5;9;10;10;15;51;49;2;4;1.83;3.7;3.6;1.01;1.16;1.56;2.4;0;11.25;4.35;2.2;1.48;1.17;1.59;2.3;0;0;0;0;0;0;0;0;0;0;0;0;0;0;0;0;0;0;0;0;0;0;0;0;0;0;0;0;0;0;0;0;0;0;0;0;0;0;0;0;0;0;0;0;0;0;0;0;0;0;0;0;0;3;1;0;1;1;2;1;2018-12-01 15:30:00;4097;0;36;7;29;0;1;1;0;1;2;1;1;3;0;3;2;1;3;3;1;0;0;0;0;1.41;1.43;2.84;0;0;0;0;0;0;1;1;0;0;0;0;0;1;-1;-1;-1;-1;-1;-1;-1;-1;-1;29;29;50;72;100;50;100;57;36;8.43;4.57;3.15;3.07;Al Arabi;Al Kharitiyath;1.09;0.55;0.86;0.43;1.15;0.23;72;72;50;29;0;36;36;29;1;0.97;1.97;1595;22;Y;Y;Y;N;N;N;Y
518824;4098;4103;2018/2019;complete;3484;14;-1;53;19,24,28,40,45,58,63,86;1;8;9;3;2;5;2;5;1;1;0;0;4;9;2;0;6;9;1;3;44;56;1;1;5.3;5.25;1.39;1;1.05;1.24;1.65;2.71;16.25;7.25;3.5;2.05;1.45;1.41;2.8;8.5;1.05;3.25;1.33;3.05;1.1;1.02;4.95;3.06;1.77;4.75;3.4;1.66;0;0;0;0;1.72;0;0;0;0;2;0;0;0;0;0;3.25;34;1.33;15;3.4;0;0;0;0;0;0;0;0;1.16;1.78;3.55;8;5;1.95;1.26;1.08;0;0;0;0;9;0;5;1;3;4;5;2018-12-02 13:00:00;4103;0;55;24;31;0;1;1;2;1;1;1;3;2;1;0;0;1;1;1;1;63;69;66;61;1.11;1.69;2.8;1;1;1;1;0;0;1;1;0;0;0;1;0;0;-1;-1;-1;-1;-1;-1;-1;-1;-1;48;55;86;93;93;48;86;86;63;14.36;2.93;2.62;4.06;Al Gharafa;Al Sadd;1.27;2.55;1.43;2.5;1.38;2.42;52;45;15;7;7;63;55;55;1.98;2.44;4.42;1595;22;Y;Y;Y;Y;Y;Y;Y
518825;4102;4096;2018/2019;complete;3484;14;-1;41,83;20,52;2;2;4;3;7;10;2;2;1;1;0;0;3;4;0;3;3;7;14;15;42;58;1;1;4.6;4.05;1.59;1;1.14;1.5;2.25;0;11.75;4.65;2.3;1.53;1.2;1.62;2.25;0;0;0;0;0;0;0;0;0;0;0;0;0;0;0;0;0;0;0;0;0;0;0;0;0;0;0;0;0;0;0;0;0;0;0;0;0;0;0;0;0;0;0;0;0;0;0;0;0;0;0;0;0;4;1;1;1;1;2;2;2018-12-02 15:30:00;-1;0;50;0;20;0;1;1;2;6;1;1;8;2;0;0;1;1;0;2;1;0;0;0;0;0.76;1.24;1.99;0;0;0;0;0;0;1;1;0;0;0;3;0;0;-1;-1;-1;-1;-1;-1;-1;-1;-1;10;10;40;70;100;30;80;60;40;15.8;3.8;3;2.3;Al Rayyan;Al Duhail;2;2.09;2.2;3;1.77;2.83;90;90;60;30;0;78;78;68;1.55;2.31;3.86;1595;22;Y;Y;Y;Y;N;N;Y
518826;4106;4099;2018/2019;complete;3484;14;-1;47;67;1;1;2;4;5;9;3;1;1;1;0;0;5;4;5;8;10;12;10;12;49;51;1;1;2.95;3.35;2.15;1.03;1.26;1.87;3.15;0;8.75;3.3;1.8;1.29;1.09;1.77;2;0;0;0;0;0;0;0;0;0;0;0;0;0;0;0;0;0;0;0;0;0;0;0;0;0;0;0;0;0;0;0;0;0;0;0;0;0;0;0;0;0;0;0;0;0;0;0;0;0;0;0;0;0;2;0;0;1;1;2;0;2018-12-02 15:30:00;-1;0;40;15;17;0;1;1;2;1;2;4;3;6;0;0;1;1;0;2;1;0;0;0;0;1.33;1.51;2.84;0;0;0;0;0;0;1;1;0;0;0;0;0;0;-1;-1;-1;-1;-1;-1;-1;-1;-1;30;30;62;70;93;30;77;77;55;10.43;3.04;4.83;3.06;Al Shahaniya;Al Khor;1.27;0.55;1.17;0.57;1.15;0.62;70;70;38;30;7;77;77;55;0.99;1.59;2.58;1595;22;Y;Y;N;N;N;N;Y
518827;4098;4104;2018/2019;complete;3484;15;-1;37;1,58,84;1;3;4;5;3;8;1;5;2;2;0;0;2;5;3;0;5;5;13;18;52;48;2;2;1.91;3.6;3.3;1;1.13;1.47;2.2;0;12.5;5;2.45;1.59;1.23;1.48;2.6;0;0;0;0;0;0;0;0;0;0;0;0;0;0;0;0;0;0;0;0;0;0;0;0;0;0;0;0;0;0;0;0;0;0;0;0;0;0;0;0;0;0;0;0;0;0;0;0;0;0;0;0;0;4;1;1;0;2;2;2;2018-12-06 13:00:00;4104;0;47;7;41;0;1;1;2;1;3;2;3;5;0;1;2;1;1;3;1;0;0;0;0;1.02;1.11;2.13;0;0;0;0;0;0;1;1;0;1;0;0;0;0;-1;-1;-1;-1;-1;-1;-1;-1;-1;34;40;66;87;94;34;73;73;47;10;3.07;3.11;3.57;Al Gharafa;Al Ahli;1.27;1.64;1.25;1.71;1.29;1.64;67;61;34;14;7;53;36;36;1.87;1.27;3.14;1595;22;Y;Y;Y;Y;N;N;Y
518828;4100;4102;2018/2019;complete;3484;15;-1;;1,24,70,71,83,85;0;6;6;8;6;14;1;3;1;0;0;0;4;8;9;7;13;15;10;9;46;54;1;0;9.25;5.45;1.24;1;1.11;1.43;2.1;0;13.25;5.3;2.6;1.65;1.26;1.83;1.95;0;0;0;0;0;0;0;0;0;0;0;0;0;0;0;0;0;0;0;0;0;0;0;0;0;0;0;0;0;0;0;0;0;0;0;0;0;0;0;0;0;0;0;0;0;0;0;0;0;0;0;0;0;6;0;2;0;4;4;2;2018-12-06 15:30:00;4102;0;36;17;7;0;1;1;1;2;7;4;3;11;0;0;1;0;0;1;1;0;0;0;0;1.63;2.09;3.72;0;0;0;0;0;0;1;1;0;1;0;1;0;0;-1;-1;-1;-1;-1;-1;-1;-1;-1;32;32;46;65;94;32;82;63;44;10.83;3.21;3.17;2.84;Al Kharitiyath;Al Rayyan;0.82;1.36;0;1.5;0.21;1.71;69;69;54;36;7;71;71;57;1.67;1.53;3.2;1595;22;Y;Y;Y;Y;Y;Y;N
518829;4096;4101;2018/2019;complete;3484;15;-1;76;22;1;1;2;7;4;11;5;0;3;2;0;0;5;5;8;2;13;7;16;8;58;42;3;2;1.16;6.9;11;1;1.06;1.27;1.74;2.52;15.75;6.9;3.3;1.95;1.42;1.74;2.05;1.9;1.8;11;1.02;1.01;1.04;6.5;1.49;3.85;10.5;1.3;4.5;9.9;0;0;0;0;0;1.83;0;0;0;0;1.83;0;0;0;0;1.16;34;5;2;34;0;0;0;0;0;0;0;0;1.14;1.73;3.34;7;5.5;2.01;1.29;1.1;0;0;0;0;2;0;1;1;0;1;1;2018-12-07 13:00:00;-1;0;47;15;40;0;1;1;4;4;3;0;8;3;2;0;1;2;2;3;1;111;44;130;84;1.97;1.12;3.09;0;0;0;0;0;0;1;1;0;0;1;1;0;0;-1;-1;-1;-1;-1;-1;-1;-1;-1;37;45;45;77;93;37;69;77;61;10.81;3.17;3.86;3.18;Al Duhail;Qatar SC;2.45;1;2.71;1.67;2.69;1;63;55;55;24;7;60;44;22;1.98;1.42;3.4;1595;22;Y;Y;N;N;N;N;Y
518830;4106;4103;2018/2019;complete;3484;15;-1;42;23,50,76,90;1;4;5;1;5;6;0;2;2;2;0;0;5;10;3;15;8;25;13;9;33;67;2;2;10.75;7.25;1.15;1;1.04;1.22;1.61;2.41;17;7.75;3.75;2.15;1.51;1.77;2.05;11;1.02;1.9;1.8;5.5;1.07;1.01;8.2;3.6;1.44;6.65;3.75;1.48;0;0;0;0;1.83;0;0;0;0;1.83;0;0;0;0;0;3.84;51;1.23;29;1.95;0;0;0;0;0;0;0;0;1.18;1.72;3.26;9;4.5;2.03;1.3;1.07;0;0;0;0;5;1;1;0;3;3;2;2018-12-07 15:30:00;4103;0;64;15;43;0;1;1;0;4;1;1;4;2;1;1;1;1;2;2;1;52;118;63;151;1.23;3.12;4.35;0;0;0;0;0;0;1;1;0;0;0;1;0;0;-1;-1;-1;-1;-1;-1;-1;-1;-1;43;43;79;93;100;43;86;93;79;12.43;3.57;3.86;4.07;Al Shahaniya;Al Sadd;1.27;2.55;1.14;2.57;1.14;2.46;58;58;22;7;0;79;64;57;1.04;2.33;3.37;1595;22;Y;Y;Y;Y;Y;N;Y
518831;4099;4093;2018/2019;complete;3484;15;-1;79;14,48;1;2;3;9;2;11;-1;-1;0;2;0;0;10;4;11;4;21;8;-1;-1;49;51;0;2;3.5;3.4;1.95;1.01;1.18;1.62;2.55;0;10.75;4.2;2.1;1.43;1.15;1.61;2.25;0;0;0;0;0;0;0;0;0;0;0;0;0;0;0;0;0;0;0;0;0;0;0;0;0;0;0;0;0;0;0;0;0;0;0;0;0;0;0;0;0;0;0;0;0;0;0;0;0;0;0;0;0;3;0;1;1;1;2;1;2018-12-08 13:00:00;4093;0;33;9;25;0;1;1;2;2;7;0;4;7;0;1;0;1;1;1;1;0;0;0;0;2.64;1.11;3.75;1;0;1;0;0;0;1;1;0;0;0;2;0;0;-1;-1;-1;-1;-1;-1;-1;-1;-1;9;9;25;75;100;25;83;67;34;11.83;3;5.17;2.17;Al Khor;Al Sailiya;1.27;2.09;0.67;2.17;0.64;1.79;92;92;75;25;0;84;75;50;1.36;1.65;3.01;1595;22;Y;Y;Y;N;N;N;Y
518832;4095;4097;2018/2019;complete;3484;15;-1;;27,36,52;0;3;3;6;5;11;0;1;1;2;0;0;3;5;6;6;9;11;14;11;55;45;1;2;2.2;3.35;2.95;1.02;1.22;1.74;2.85;0;9.75;3.7;1.95;1.35;1.12;1.67;2.15;0;0;0;0;0;0;0;0;0;0;0;0;0;0;0;0;0;0;0;0;0;0;0;0;0;0;0;0;0;0;0;0;0;0;0;0;0;0;0;0;0;0;0;0;0;0;0;0;0;0;0;0;0;3;0;2;0;1;1;2;2018-12-08 15:30:00;4097;0;42;17;25;0;1;1;4;2;2;3;6;5;1;0;0;2;1;2;1;0;0;0;0;1.15;1.4;2.54;0;0;0;0;0;0;1;1;0;0;0;1;0;0;-1;-1;-1;-1;-1;-1;-1;-1;-1;25;25;42;75;100;25;67;75;59;6.5;3.67;4.33;3.25;Umm Salal;Al Arabi;1;1.64;1.33;1.5;1.21;1.29;75;75;59;25;0;67;59;25;1.26;0.96;2.22;1595;22;Y;Y;Y;N;N;N;N
518833;4095;4098;2018/2019;complete;3484;16;-1;72,79;39;2;1;3;9;5;14;1;0;1;1;0;1;7;3;3;4;10;7;12;8;53;47;1;3;2.75;3.3;2.3;1.01;1.21;1.71;2.8;5;10;3.8;2;1.37;1.12;1.59;2.15;3.75;1.25;3.5;1.28;1.55;1.31;1.43;3.4;2.15;3;3.13;2.45;2.74;0;0;0;0;1.83;0;0;0;0;1.83;0;0;0;0;0;2.07;12.5;1.89;5;4.5;0;0;0;0;0;0;0;0;1.32;2.59;6.75;12;3.15;1.45;1.09;1.02;0;0;0;0;3;0;1;2;0;2;1;2019-02-14 14:50:00;4095;0;62;16;55;0;1;1;2;3;7;2;5;9;1;2;0;0;3;0;1;109;68;126;97;1.91;1.15;3.06;0;0;0;0;0;0;1;1;0;0;2;1;0;0;-1;-1;-1;-1;-1;-1;-1;-1;-1;23;31;47;93;100;23;54;100;70;7.88;2.76;5.14;3.09;Umm Salal;Al Gharafa;1;1.09;1.14;1.33;1.13;1.2;77;69;54;7;0;77;62;48;1.24;1.37;2.61;1595;22;Y;Y;Y;N;N;N;Y
518834;4101;4106;2018/2019;complete;3484;16;-1;;;0;0;0;6;1;7;0;0;1;1;0;0;2;0;2;3;4;3;5;8;57;43;1;1;2.05;3.35;3.2;1.02;1.25;1.83;3.05;7.5;9;3.5;1.87;1.31;1.1;1.71;2;2.5;1.5;3.5;1.28;1.24;1.23;1.67;2.75;2.05;3.75;2.4;2.37;3.5;0;0;0;0;2.1;0;0;0;0;1.66;0;0;0;0;0;1.66;9;2.5;3.25;5;0;0;0;0;0;0;0;0;1.44;3.25;9;26;2.62;1.33;1.07;1.01;0;0;0;0;0;0;0;0;0;0;0;2019-02-15 16:10:00;-1;0;34;21;7;0;1;1;4;0;2;1;4;3;1;1;0;0;2;0;1;67;57;74;58;0.88;0.6;1.48;0;0;0;0;0;0;1;1;0;0;0;0;0;0;-1;-1;-1;-1;-1;-1;-1;-1;-1;20;34;34;66;87;54;81;46;27;7.46;1.59;4.46;2.54;Qatar SC;Al Shahaniya;0.45;1.18;0.5;1.14;1;1.07;81;66;66;34;14;59;53;46;1.48;0.99;2.47;1595;22;N;N;N;N;N;N;N
518835;4102;4097;2018/2019;complete;3484;16;-1;13,19,67;52;3;1;4;5;8;13;0;2;2;2;0;0;6;4;5;10;11;14;15;16;39;61;2;2;2.15;3.3;3;1.03;1.27;1.87;3.2;6;8.75;3.35;1.8;1.29;1.09;1.71;2;2.75;1.4;4;1.22;1.33;1.29;1.71;2.67;2.18;3.86;2.48;2.44;3.58;0;0;0;0;1.83;0;0;0;0;1.83;0;0;0;0;0;1.76;12.25;2.26;3.6;5.5;0;0;0;0;0;0;0;0;1.34;2.8;7.5;15;3;1.38;1.07;1.01;0;0;0;0;4;2;0;1;1;2;2;2019-02-14 17:10:00;4102;0;41;16;25;0;1;1;1;3;4;5;4;9;2;1;0;1;3;1;1;68;118;112;135;1.61;2.01;3.63;0;0;0;0;0;0;1;1;0;0;0;1;0;0;-1;-1;-1;-1;-1;-1;-1;-1;-1;7;16;45;77;100;38;85;62;47;9.63;4.53;3.17;2.88;Al Rayyan;Al Arabi;2;1.64;2;1.71;1.8;1.4;93;85;55;23;0;76;76;52;1.39;1.03;2.42;1595;22;Y;Y;Y;Y;N;N;Y
518836;4096;4093;2018/2019;complete;3484;16;-1;70;;1;0;1;6;0;6;0;0;2;3;0;0;6;2;6;3;12;5;16;17;62;38;2;3;1.29;5.25;7.75;1.01;1.14;1.47;2.1;3.5;15;5;2.6;1.66;1.28;1.86;1.94;1.83;1.83;8.5;1.05;1.02;1.12;4;1.61;2.75;8;1.56;3.13;7.6;0;0;0;0;1.83;0;0;0;0;1.83;0;0;0;0;0;1.18;17;4.75;2;23;0;0;0;0;0;0;0;0;1.23;2.18;4.5;11;3.82;1.62;1.18;1.05;0;0;0;0;1;0;0;1;0;1;0;2019-02-16 13:45:00;4096;0;47;13;34;0;1;1;2;0;4;0;2;4;0;1;2;2;1;4;1;106;43;146;94;1.95;0.78;2.73;0;0;0;0;0;0;1;1;0;0;0;0;0;0;-1;-1;-1;-1;-1;-1;-1;-1;-1;32;32;47;94;94;40;81;87;60;11.13;4.38;4.43;3.17;Al Duhail;Al Sailiya;2.45;2.09;2.5;2.29;2.4;1.87;68;68;54;7;7;80;73;54;1.98;1.57;3.55;1595;22;Y;N;N;N;N;N;N
518837;4100;4104;2018/2019;complete;3484;16;-1;69;29,90;1;2;3;12;9;21;2;0;3;0;0;0;6;7;12;9;18;16;16;7;48;52;3;0;5.3;4.2;1.49;1;1.09;1.36;1.95;4;14;5.85;2.85;1.74;1.31;1.48;2.45;7;1.08;2.5;1.5;2.4;1.15;1.08;5;2.5;1.95;5;2.87;1.72;0;0;1.25;1.5;1.9;2.4;3.3;3.6;2.4;1.8;1.5;1.29;0;0;0;3.1;17;1.36;12;2.75;0;0;0;0;0;0;0;0;1.28;2.25;5;13;3.5;1.57;1.16;1.04;0;0;0;0;3;0;1;1;1;2;1;2019-02-15 13:45:00;4104;0;40;21;19;0;1;1;2;3;10;6;5;16;1;0;2;0;1;2;1;79;68;81;81;2.11;1.98;4.1;0;0;0;0;0;0;1;1;0;0;1;2;0;0;-1;-1;-1;-1;-1;-1;-1;-1;-1;41;48;67;80;100;48;88;66;54;9.58;3.71;3.45;3.63;Al Kharitiyath;Al Ahli;0.82;1.64;0;1.88;0.2;1.73;59;53;34;21;0;64;50;43;1.67;1.24;2.91;1595;22;Y;Y;Y;N;N;N;Y
518838;4103;4099;2018/2019;complete;3484;16;-1;7,10,42,55,57,64;15,90;6;2;8;4;2;6;1;2;2;0;0;0;7;6;13;4;20;10;8;11;61;39;2;0;1.16;7;10.5;1.01;1.1;1.3;1.8;2.75;15;6.5;3.5;1.9;1.4;1.66;2.1;2.25;1.57;10;1.03;1.05;1.11;3.75;1.61;2.87;6.5;1.44;3.5;7;0;0;0;0;1.66;0;0;0;0;2.1;0;0;0;0;0;1.22;26;4;2.4;23;0;0;0;0;0;0;0;0;1.18;1.83;3.75;9;4.5;1.83;1.25;1.07;0;0;0;0;8;3;1;3;1;4;4;2019-02-16 16:10:00;4103;0;55;27;28;0;1;1;3;2;1;0;5;1;0;0;2;0;0;2;1;99;64;134;82;2.46;1.51;3.98;0;1;0;1;0;0;1;1;2;0;0;0;0;0;-1;-1;-1;-1;-1;-1;-1;-1;-1;41;55;61;82;94;55;67;81;68;11.24;2.92;2.88;4.14;Al Sadd;Al Khor;2.64;0.55;2.43;0.63;2.53;0.6;60;46;40;19;7;59;53;34;1.97;1.58;3.55;1595;22;Y;Y;Y;Y;Y;Y;Y
536089;4098;4096;2018/2019;complete;3484;17;-1;;;0;0;0;2;5;7;0;2;0;3;0;0;3;7;3;9;6;16;1;2;50;50;0;3;11.75;6.55;1.16;1;1.1;1.38;2;3.4;14;5.7;2.75;1.71;1.29;2.05;1.65;10;1.03;1.72;2;4.3;1.04;1.01;10;2.87;1.5;10;3.86;1.36;0;0;0;0;1.72;0;0;0;0;2;0;0;0;0;0;5.5;19;1.14;26;1.8;0;0;0;0;0;0;0;0;1.22;1.97;4.33;11;4;1.76;1.2;1.05;0;0;0;0;0;0;0;0;0;0;0;2019-02-23 13:50:00;-1;0;57;26;24;0;1;1;1;1;1;4;2;5;0;1;0;2;1;2;1;42;96;92;100;0.9;2.18;3.09;0;0;0;0;0;0;1;1;0;0;1;0;0;0;-1;-1;-1;-1;-1;-1;-1;-1;-1;24;50;75;80;95;51;82;75;57;13.73;2.44;3.04;3.5;Al Gharafa;Al Duhail;1.27;2.09;1.11;2.29;1.13;2.44;77;51;26;20;6;60;60;45;1.78;1.94;3.72;1595;22;N;N;N;N;N;N;N
536090;4102;4103;2018/2019;complete;3484;17;-1;;33,35,62,72;0;4;4;3;5;8;0;1;4;1;1;1;4;7;3;11;7;18;13;10;33;67;5;3;5.05;4.6;1.47;1;1.06;1.28;1.77;2.62;15.5;6.75;3.25;1.95;1.4;1.48;2.45;9;1.04;2.75;1.4;3.5;1.14;1.06;5.5;2.87;1.72;5.8;3.42;1.59;0;0;0;0;1.72;0;0;0;0;2;0;0;0;0;0;3.4;29;1.3;19;2.87;0;0;0;0;0;0;0;0;1.18;1.81;3.75;9;4.5;1.91;1.25;1.07;0;0;0;0;4;0;2;0;2;2;2;2019-02-23 16:10:00;4103;0;73;26;48;0;1;1;2;5;1;0;7;1;1;1;4;1;2;5;1;40;79;71;110;1.02;2.19;3.21;0;1;0;1;0;0;1;1;0;0;0;1;1;0;-1;-1;-1;-1;-1;-1;-1;-1;-1;38;52;72;93;100;59;93;86;73;13.25;4.29;2.67;3.98;Al Rayyan;Al Sadd;2;2.55;2.14;2.63;1.88;2.56;63;48;29;7;0;73;67;59;1.43;2.43;3.86;1595;22;Y;Y;Y;Y;N;N;N
536091;4104;4093;2018/2019;complete;3484;17;-1;;2;0;1;1;2;1;3;1;0;4;3;0;0;2;3;3;0;5;3;7;15;62;38;4;3;2.2;3.45;2.75;1.01;1.19;1.67;2.65;4.5;10.5;4;2.05;1.41;1.14;1.57;2.2;3.4;1.3;4.33;1.2;1.38;1.28;1.65;2.74;2.28;3.46;2.54;2.55;3.26;0;0;1.25;1.45;1.83;2.4;3.3;3.6;2.55;1.83;1.5;1.29;0;0;0;1.8;15;2.12;4;5.5;0;0;0;0;0;0;0;0;1.27;2.38;6.5;17;3.48;1.53;1.11;1.02;0;0;0;0;1;0;1;0;0;0;1;2019-02-21 14:50:00;4093;0;48;0;34;0;1;1;1;1;1;0;2;1;1;1;3;2;2;5;1;78;52;83;68;1.02;0.78;1.8;0;0;0;0;0;0;1;1;0;1;0;0;0;0;-1;-1;-1;-1;-1;-1;-1;-1;-1;21;28;48;87;93;34;81;87;47;6.79;3.61;4.64;2.75;Al Ahli;Al Sailiya;1.45;2.09;1.57;2;1.81;1.75;80;73;53;14;7;53;53;47;1.17;1.47;2.64;1595;22;Y;N;N;N;N;N;N
536092;4097;4106;2018/2019;complete;3484;17;-1;8,30;28;2;1;3;3;2;5;6;1;4;4;0;0;10;7;11;5;21;12;18;13;40;60;4;4;1.8;3.5;3.9;1.01;1.2;1.69;2.75;5;10.25;3.9;2;1.38;1.13;1.65;2.1;2.5;1.5;5;1.14;1.17;1.23;2.23;2.14;2.31;5.2;1.96;2.64;4.9;0;0;1.29;1.66;2;2.55;3.3;3.3;2.1;1.72;1.45;1.29;0;0;0;1.52;12.75;2.8;3;8.5;0;0;0;0;0;0;0;0;1.33;2.66;6.5;19;3.1;1.43;1.11;1.02;0;0;0;0;3;2;1;0;0;0;3;2019-02-21 17:10:00;4097;0;32;13;19;0;1;1;2;0;1;2;2;3;1;1;3;3;2;6;1;59;65;96;123;2.44;1.73;4.17;0;0;0;0;0;0;1;1;1;0;0;0;0;0;-1;-1;-1;-1;-1;-1;-1;-1;-1;13;26;44;57;88;44;88;38;25;7.25;3.01;3.51;2.38;Al Arabi;Al Shahaniya;1.09;1.18;1.13;1.13;1.31;1.06;88;76;57;44;13;38;38;32;1.05;0.94;1.99;1595;22;Y;Y;Y;N;N;N;Y
536093;4099;4101;2018/2019;complete;3484;17;-1;40,51,90;70;3;1;4;3;4;7;2;1;2;3;0;0;4;2;0;0;4;2;17;10;34;66;2;3;2.7;3.25;2.4;1.02;1.25;1.83;3.05;5.5;9;3.5;1.87;1.31;1.1;1.67;2.05;3.5;1.28;3.5;1.28;1.43;1.25;1.39;3.1;2.2;3.1;2.75;2.6;2.75;0;0;0;0;1.83;0;0;0;0;1.83;0;0;0;0;0;1.95;12;1.95;4.5;4.5;0;0;0;0;0;0;0;0;1.36;2.75;7;21;3;1.4;1.1;1.01;0;0;0;0;4;1;0;2;1;3;1;2019-02-22 13:50:00;4099;0;50;7;36;0;1;1;3;4;0;0;7;0;1;1;1;2;2;3;1;4;9;7;12;0.56;0.33;0.89;1;1;1;1;0;0;1;1;0;0;0;1;0;0;-1;-1;-1;-1;-1;-1;-1;-1;-1;7;15;29;64;100;14;79;64;36;11.42;1.29;4.29;2.15;Al Khor;Qatar SC;1.27;1;0.57;1.57;0.56;1;93;86;71;36;0;72;58;36;1.55;1.38;2.93;1595;22;Y;Y;Y;Y;N;N;Y
536094;4095;4100;2018/2019;complete;3484;17;-1;;17;0;1;1;7;7;14;0;1;1;2;0;0;2;4;3;0;5;4;2;13;62;38;1;2;1.71;3.8;4;1;1.15;1.53;2.3;4;11.75;4.65;2.3;1.53;1.19;1.53;2.3;3.25;1.33;5.5;1.12;1.19;1.21;1.8;2.3;2.4;4;2.05;2.87;3.6;0;0;0;0;1.9;0;0;0;0;1.8;0;0;0;0;0;1.53;17;2.5;3.6;8;0;0;0;0;0;0;0;0;1.28;2.25;5.5;15;3.5;1.57;1.14;1.03;0;0;0;0;1;0;1;0;0;0;1;2019-02-22 16:10:00;4100;0;63;13;44;0;1;1;4;2;3;5;6;8;0;1;1;1;1;2;1;99;42;103;57;1.17;0.84;2.01;0;1;0;1;0;0;1;1;0;0;0;0;0;0;-1;-1;-1;-1;-1;-1;-1;-1;-1;32;32;57;88;100;38;82;88;63;7.51;3.13;3.63;3.32;Umm Salal;Al Kharitiyath;1;0.55;1.38;0.38;1.25;0.19;69;69;44;13;0;50;44;26;1.33;1.02;2.35;1595;22;Y;N;N;N;N;N;N
536095;4096;4104;2018/2019;complete;3484;18;-1;20,38,52,68,80,88;;6;0;6;7;2;9;5;1;2;0;0;0;12;2;8;5;20;7;15;5;50;50;2;0;1.19;5.95;11.5;1;1.13;1.47;2.2;3.75;12.5;5;2.45;1.59;1.23;2.05;1.69;1.72;2;8.5;1.05;1.02;1.12;4.33;1.61;2.75;8.5;1.41;3.58;9.6;0;0;1.29;1.57;1.83;2.55;3.6;3.3;2.25;1.83;1.45;1.25;0;0;0;1.16;17;5;1.9;23;0;0;0;0;0;0;0;0;1.23;2.17;5;13;3.82;1.63;1.16;1.04;0;0;0;0;6;2;0;4;0;4;2;2019-02-28 15:00:00;4096;0;50;17;33;0;1;1;5;1;2;1;6;3;1;0;1;0;1;1;1;96;47;117;119;2.79;0.94;3.73;0;0;0;0;0;0;1;1;0;0;1;1;0;0;-1;-1;-1;-1;-1;-1;-1;-1;-1;33;39;56;84;95;39;73;84;56;11.88;3.89;3.67;3.28;Al Duhail;Al Ahli;2.45;1.64;2.56;2;2.35;1.71;67;62;45;17;6;71;53;41;1.97;1.35;3.32;1595;22;Y;Y;Y;Y;Y;Y;N
536096;4093;4097;2018/2019;complete;3484;18;-1;52,61;11,78,80;2;3;5;8;1;9;1;1;2;1;0;0;4;5;1;0;5;5;11;6;53;47;2;1;2;3.5;3.1;1.01;1.2;1.7;2.62;4.5;13;4.33;2.1;1.44;1.16;1.57;2.25;3.5;1.28;4;1.22;1.44;1.3;1.57;2.87;2.25;3.2;2.6;2.62;2.87;0;0;1.25;1.5;1.9;2.4;3.3;3.6;2.4;1.8;1.5;1.29;0;0;0;1.8;13;2.1;4.5;5.5;0;0;0;0;0;0;0;0;1.33;2.5;6;17;3.25;1.5;1.12;1.02;0;0;0;0;5;0;1;2;2;4;1;2019-03-01 13:50:00;4097;0;50;19;26;0;1;1;6;0;2;1;6;3;2;1;0;0;3;0;1;79;50;81;67;1.17;1.03;2.2;0;0;0;0;0;0;1;1;0;0;1;0;0;0;-1;-1;-1;-1;-1;-1;-1;-1;-1;13;25;69;75;100;38;82;69;57;8.75;3.88;4;3.25;Al Sailiya;Al Arabi;1.36;1.64;1.5;1.5;1.82;1.41;88;75;32;25;0;75;63;44;1.08;1.15;2.23;1595;22;Y;Y;Y;Y;Y;N;Y
536097;4099;4095;2018/2019;complete;3484;18;-1;62;;1;0;1;5;3;8;2;1;3;2;0;0;4;3;1;1;5;4;13;11;42;58;3;2;2.2;3.4;2.85;1.02;1.25;1.83;3.05;5.5;9;3.5;1.87;1.31;1.1;1.69;2;3.25;1.33;3.5;1.28;1.44;1.28;1.57;3;2.1;3.25;2.62;2.5;2.87;0;0;1.22;1.44;1.72;2.25;3.2;3.8;2.6;2;1.57;1.3;0;0;0;1.8;11;2.1;4.33;4.75;0;0;0;0;0;0;0;0;1.4;2.75;7;21;2.75;1.4;1.1;1.01;0;0;0;0;1;0;0;1;0;1;0;2019-03-01 16:15:00;4099;0;63;19;32;0;1;1;2;2;3;1;4;4;2;1;1;1;3;2;1;60;64;80;115;1.03;0.94;1.97;0;0;0;0;0;0;1;1;0;0;0;0;0;0;-1;-1;-1;-1;-1;-1;-1;-1;-1;13;19;44;76;94;26;88;69;32;11.88;2.13;4.88;2.51;Al Khor;Umm Salal;1.27;1.09;0.88;1.13;0.71;1.18;88;82;57;26;7;88;75;63;1.42;1.33;2.75;1595;22;Y;N;N;N;N;N;N
536098;4103;4101;2018/2019;complete;3484;18;-1;23,30,35,45,58,71,84,90;52;8;1;9;4;3;7;0;1;0;3;0;0;10;4;7;6;17;10;10;7;55;45;0;3;1.18;6.95;9.5;1;1.02;1.17;1.48;2;18.25;9;4.3;2.45;1.65;1.48;2.45;2.62;1.44;12;1.01;1.02;1.07;5;1.5;3.4;7;1.37;4.25;7.9;0;0;1.29;1.5;1.83;2.4;3.3;3.3;2.4;1.83;1.5;1.29;0;0;0;1.25;34;3.75;2.62;29;0;0;0;0;0;0;0;0;1.12;1.61;2.94;6;6;2.2;1.36;1.12;0;0;0;0;9;4;0;4;1;5;4;2019-02-28 17:10:00;4103;0;69;19;50;0;1;1;3;1;1;2;4;3;0;3;0;0;3;0;1;70;46;112;80;2.28;1.25;3.52;2;0;2;0;0;0;1;1;0;0;0;0;0;1;-1;-1;-1;-1;-1;-1;-1;-1;-1;32;57;57;88;100;44;75;82;69;9.38;2.25;3.26;4.07;Al Sadd;Qatar SC;2.64;1;2.5;1.38;2.59;0.94;69;44;44;13;0;38;32;19;2.04;1.25;3.29;1595;22;Y;Y;Y;Y;Y;Y;Y
536099;4100;4098;2018/2019;complete;3484;18;-1;31,61,71;;3;0;3;4;2;6;0;1;3;0;0;0;11;5;5;6;16;11;12;3;50;50;3;0;3.8;3.6;1.8;1;1.13;1.48;2.2;3.5;12.5;4.95;2.45;1.57;1.22;1.47;2.5;6;1.11;3.4;1.3;2.1;1.22;1.25;4;2.5;2.2;3.6;2.87;2;0;0;0;0;1.9;0;0;0;0;1.8;0;0;0;0;0;2.5;21;1.5;9;3.75;0;0;0;0;0;0;0;0;1.25;2.1;4.5;13;3.75;1.66;1.18;1.04;0;0;0;0;3;1;0;2;0;2;1;2019-02-27 15:00:00;4100;0;55;20;35;0;1;1;1;1;3;1;2;4;0;0;3;0;0;3;1;67;71;96;108;2.26;1.56;3.82;0;0;0;0;0;0;1;1;0;0;0;0;0;0;-1;-1;-1;-1;-1;-1;-1;-1;-1;32;40;66;88;100;32;79;82;75;10.42;2.89;4.75;3.51;Al Kharitiyath;Al Gharafa;0.82;1.09;0;1.14;0.35;1.12;68;61;34;13;0;81;73;67;1.72;1.34;3.06;1595;22;Y;Y;Y;N;N;N;N
536100;4106;4102;2018/2019;complete;3484;18;-1;6,34,48;;3;0;3;3;1;4;0;1;0;2;0;0;5;4;10;6;15;10;12;11;41;59;0;2;5.15;4.25;1.49;1.01;1.16;1.57;2.45;4.33;11.25;4.4;2.25;1.48;1.18;1.71;2;6.5;1.1;2.37;1.53;2.62;1.16;1.11;5;2.4;2;5;2.87;1.8;0;0;0;0;1.83;0;0;0;0;1.83;0;0;0;0;0;3.2;15;1.36;11;2.62;0;0;0;0;0;0;0;0;1.28;2.37;5.5;15;3.5;1.53;1.14;1.03;0;0;0;0;3;2;0;1;0;1;2;2019-02-27 17:10:00;4106;0;48;7;25;0;1;1;2;0;1;1;2;2;0;0;0;2;0;2;1;61;75;100;177;1.74;1.48;3.22;0;0;0;0;0;0;1;1;1;0;1;0;0;0;-1;-1;-1;-1;-1;-1;-1;-1;-1;24;24;48;78;95;24;71;83;60;10.38;2.94;3.83;2.72;Al Shahaniya;Al Rayyan;1.27;1.36;1;1.67;1;1.76;77;77;53;23;6;77;71;59;1.06;1.59;2.65;1595;22;Y;Y;Y;N;N;N;N
536101;4102;4099;2018/2019;complete;3484;19;-1;36;;1;0;1;3;9;12;0;1;2;2;0;0;8;5;5;8;13;13;9;5;61;39;2;2;1.77;3.75;3.75;1;1.12;1.44;2.15;4;12.75;5.15;2.5;1.61;1.24;1.45;2.5;3.2;1.27;5.5;1.12;1.28;1.22;2;2.3;2.4;3.75;2.1;2.62;3.7;0;0;0;0;1.72;0;0;0;0;2;0;0;0;0;0;1.5;19;2.5;3.5;8.5;0;0;0;0;0;0;0;0;1.25;2.25;5;11;3.5;1.57;1.14;1.02;0;0;0;0;1;1;0;0;0;0;1;2019-03-15 14:00:00;4102;0;54;23;36;0;1;1;2;4;1;5;6;6;0;1;2;1;1;3;1;126;80;186;95;2.3;1.74;4.05;0;0;0;0;0;0;1;1;0;0;1;0;0;0;-1;-1;-1;-1;-1;-1;-1;-1;-1;22;41;53;78;95;47;78;77;60;10.57;3.67;3.42;3.21;Al Rayyan;Al Khor;2;0.55;1.88;0.56;1.67;0.83;78;60;47;23;6;69;64;45;1.37;1.57;2.94;1595;22;Y;N;N;N;N;N;N
536102;4097;4098;2018/2019;complete;3484;19;-1;2;7,73;1;2;3;3;2;5;0;0;4;1;0;1;2;4;4;1;6;5;8;9;55;45;4;3;1.95;3.5;3.35;1.01;1.17;1.59;2.5;4;11;4.3;2.2;1.47;1.17;1.53;2.3;3.3;1.26;5;1.14;1.28;1.3;1.8;2.4;2.37;3.6;2.25;2.63;3.5;0;0;0;0;1.9;0;0;0;0;1.8;0;0;0;0;0;1.57;17;2.37;4;7;0;0;0;0;0;0;0;0;1.28;2.25;5.5;13;3.5;1.57;1.14;1.04;0;0;0;0;3;1;1;0;1;1;2;2019-03-15 16:25:00;4098;0;48;12;36;0;1;1;3;1;0;1;4;1;2;0;2;2;2;4;1;88;61;72;57;1.15;1.03;2.18;0;0;0;0;0;0;1;1;1;1;0;0;2;0;-1;-1;-1;-1;-1;-1;-1;-1;-1;12;18;60;84;100;29;82;72;55;8.56;3.91;4.74;2.85;Al Arabi;Al Gharafa;1.09;1.09;1.33;1;1.5;1.06;89;82;41;17;0;54;48;48;1.21;1.37;2.58;1595;22;Y;Y;Y;N;N;N;Y
536103;4093;4103;2018/2019;complete;3484;19;-1;;18,84;0;2;2;3;4;7;2;1;1;2;1;0;5;8;3;5;8;13;8;10;38;62;3;2;6.65;5.7;1.3;1;1.06;1.23;1.77;2.55;34;7.5;3.74;2.09;1.45;1.59;2.36;10;1.03;2.1;1.66;3.5;1.07;1.01;7.4;3.16;1.56;7.5;3.7;1.45;0;0;0;0;2;0;0;0;0;1.72;0;0;0;0;0;3.52;36;1.28;15;2.75;0;0;0;0;0;0;0;0;1.17;1.79;3.75;8.5;4.5;1.94;1.22;1.05;0;0;0;0;2;0;1;0;1;1;1;2019-03-16 14:00:00;4103;0;73;28;39;0;1;1;0;2;3;2;2;5;1;0;1;2;1;3;1;56;88;79;114;1.26;2.02;3.28;0;0;0;0;0;0;1;1;0;0;0;1;0;0;-1;-1;-1;-1;-1;-1;-1;-1;-1;45;56;89;89;100;50;89;89;78;12.11;3.78;3.56;4.22;Al Sailiya;Al Sadd;1.36;2.55;1.33;2.67;1.72;2.61;56;45;11;11;0;67;44;39;1.09;2.41;3.5;1595;22;Y;Y;N;N;N;N;N
536104;4095;4096;2018/2019;complete;3484;19;-1;54;64,90,90;1;3;4;3;8;11;0;0;0;3;0;0;2;5;4;4;6;9;11;11;39;61;0;3;11.5;7.75;1.13;1.01;1.11;1.4;1.83;3;15;6;2.87;1.83;1.36;1.83;1.83;10;1.03;2;1.72;4.5;1.1;1.04;7.5;3;1.53;9;3.75;1.36;0;0;0;0;0;2.1;0;0;0;0;1.66;0;0;0;0;4.5;26;1.18;23;2.1;0;0;0;0;0;0;0;0;1.18;1.83;3.75;10;4.5;1.83;1.25;1.06;0;0;0;0;4;0;0;1;3;4;0;2019-03-16 16:25:00;4096;0;53;18;23;0;1;1;0;5;3;3;5;6;0;1;0;2;1;2;1;37;91;52;70;0.79;1.57;2.35;0;0;0;0;0;0;1;1;0;0;0;0;0;0;-1;-1;-1;-1;-1;-1;-1;-1;-1;18;30;54;71;94;36;71;76;53;12.55;2.35;3.77;2.71;Umm Salal;Al Duhail;1;2.09;1.22;2.13;1.11;2.39;83;71;47;30;7;77;71;47;1.31;1.97;3.28;1595;22;Y;Y;Y;Y;N;N;Y
536105;4104;4106;2018/2019;complete;3484;19;-1;;;0;0;0;4;6;10;4;0;2;4;1;0;2;4;2;6;4;10;14;15;43;57;4;4;1.83;3.65;3.55;1.01;1.17;1.59;2.5;4.33;11;4.3;2.2;1.47;1.17;1.56;2.25;3.05;1.29;5;1.14;1.33;1.29;1.7;2.6;2.15;3.6;2.38;2.5;3.3;0;0;1.29;1.66;2;2.6;3.6;3.3;2.1;1.72;1.44;1.25;0;0;0;1.63;16.5;2.39;4;6;0;0;0;0;0;0;0;0;1.26;2.3;5.5;13;3.55;1.56;1.12;1.02;0;0;0;0;0;0;0;0;0;0;0;2019-03-14 15:05:00;-1;0;47;17;18;0;1;1;3;2;1;4;5;5;2;1;1;3;3;4;1;48;82;73;95;0.75;1.5;2.25;0;0;0;0;0;0;1;1;0;0;1;1;0;0;-1;-1;-1;-1;-1;-1;-1;-1;-1;18;36;47;66;83;47;83;49;30;5.57;2.42;4.27;2.54;Al Ahli;Al Shahaniya;1.45;1.18;1.38;1;1.61;1.11;82;65;53;35;18;36;36;30;1.15;1.03;2.18;1595;22;N;N;N;N;N;N;N
536106;4100;4101;2018/2019;complete;3484;19;-1;6;;1;0;1;2;18;20;1;2;4;0;0;0;3;4;1;8;4;12;12;14;37;63;4;0;2.25;3.75;2.55;1;1.14;1.5;2.25;4;12;4.75;2.35;1.54;1.2;1.47;2.45;4.33;1.2;4;1.22;1.55;1.25;1.44;2.88;2.2;3.1;2.88;2.5;2.62;0;0;0;0;2;0;0;0;0;1.72;0;0;0;0;0;1.99;20.5;1.85;5.5;5;0;0;0;0;0;0;0;0;1.28;2.25;5.5;15;3.5;1.57;1.14;1.03;0;0;0;0;1;1;0;0;0;0;1;2019-03-14 17:15:00;4100;0;50;11;34;0;1;1;0;8;2;10;8;12;2;0;2;0;2;2;1;41;111;72;110;0.77;1.83;2.6;0;0;0;0;0;0;1;1;1;0;0;2;1;0;-1;-1;-1;-1;-1;-1;-1;-1;-1;33;44;61;78;100;33;89;73;62;9.56;2.56;4.11;3.56;Al Kharitiyath;Qatar SC;0.82;1;0.33;1.22;0.5;0.89;67;56;39;22;0;50;45;34;1.78;1.25;3.03;1595;22;Y;N;N;N;N;N;N
536107;4099;4100;2018/2019;complete;3484;20;-1;58,61,70,82;;4;0;4;8;3;11;2;1;3;4;0;1;9;3;12;1;21;4;15;17;57;43;3;5;2.05;3.65;2.95;1.03;1.2;1.73;2.88;5.5;10;4;2.08;1.36;1.14;1.67;2.1;3.5;1.28;4;1.22;1.29;1.25;1.67;2.5;2.2;3.75;2.3;2.62;3.4;0;0;0;0;1.83;0;0;0;0;1.83;0;0;0;0;0;1.67;11;2.3;4.33;5.5;0;0;0;0;0;0;0;0;1.33;2.62;6.5;19;3.25;1.44;1.11;1.02;0;0;0;0;4;0;0;4;0;4;0;2019-03-31 14:05:00;4099;0;50;11;39;0;1;1;4;1;4;2;5;6;1;2;2;3;3;5;1;61;32;81;76;2.38;0.7;3.09;0;0;0;0;0;0;1;1;0;0;1;1;0;0;-1;-1;-1;-1;-1;-1;-1;-1;-1;17;22;45;67;100;28;89;67;45;10.45;2.34;4;2.67;Al Khor;Al Kharitiyath;1.27;0.55;1.11;0.67;0.79;0.63;84;78;56;33;0;56;50;33;1.38;1;2.38;1595;22;Y;Y;Y;Y;N;N;N
536108;4104;4097;2018/2019;complete;3484;20;-1;24,86;61;2;1;3;4;3;7;0;1;1;1;0;0;8;10;4;6;12;16;11;7;50;50;1;1;2.9;3.4;2.15;1.01;1.21;1.71;2.8;4.5;10;3.8;2;1.37;1.12;1.61;2.15;4;1.22;3.4;1.3;1.67;1.29;1.36;3.4;2.25;2.75;3;2.6;2.5;0;0;0;0;1.9;0;0;0;0;1.8;0;0;0;0;0;2;14;1.8;5.5;4.33;0;0;0;0;0;0;0;0;1.33;2.62;6.5;19;3.25;1.44;1.11;1.02;0;0;0;0;3;1;0;1;1;2;1;2019-03-30 14:05:00;4104;0;39;6;22;0;1;1;2;1;2;2;3;4;1;1;0;0;2;0;1;82;71;114;101;1.91;2.22;4.13;0;0;0;0;0;0;1;1;0;0;1;0;0;0;-1;-1;-1;-1;-1;-1;-1;-1;-1;22;33;56;73;89;39;84;67;45;6.89;3.78;4.45;3.06;Al Ahli;Al Arabi;1.45;1.64;1.33;1.67;1.58;1.42;78;67;45;28;11;61;56;39;1.11;1.14;2.25;1595;22;Y;Y;Y;N;N;N;Y
536109;4106;4093;2018/2019;complete;3484;20;-1;;10;0;1;1;3;1;4;3;1;2;3;0;0;3;4;7;4;10;8;13;20;62;38;2;3;2.8;3.55;2.15;1.05;1.29;1.85;3.2;6;8.5;3.25;1.95;1.3;1.1;1.8;1.91;4;1.22;2.75;1.4;1.83;1.29;1.33;4;2.2;2.5;3.6;2.6;2.25;0;0;0;2;0;0;0;0;1.72;0;0;0;0;0;0;2.38;9.5;1.73;6;3.4;0;0;0;0;0;0;0;0;1.36;2.75;7;21;3;1.4;1.1;1.02;0;0;0;0;1;0;1;0;0;0;1;2019-03-31 16:15:00;4093;0;45;6;33;0;1;1;2;0;1;1;2;2;1;1;1;2;2;3;1;70;47;95;65;1.35;1.12;2.47;0;0;0;0;0;0;1;1;0;1;0;0;1;0;-1;-1;-1;-1;-1;-1;-1;-1;-1;17;17;50;84;100;28;78;84;56;7.44;2.78;4.78;2.67;Al Shahaniya;Al Sailiya;1.27;2.09;1.22;2.11;1.11;1.63;84;84;50;17;0;62;56;44;1.14;1.39;2.53;1595;22;Y;N;N;N;N;N;N
536110;4101;4095;2018/2019;complete;3484;20;-1;;21;0;1;1;13;4;17;4;1;0;1;0;0;6;6;10;0;16;6;9;13;55;45;0;1;2.45;3.6;2.45;1.04;1.25;1.95;3.2;6.4;11;3.56;1.85;1.3;1.1;1.8;1.91;3.5;1.28;3.25;1.33;1.62;1.3;1.44;3.4;2.1;2.87;3;2.5;2.6;0;0;0;0;1.83;0;0;0;0;1.83;0;0;0;0;0;2.07;11.5;1.91;5;4;0;0;0;0;0;0;0;0;1.4;2.75;8;21;2.75;1.4;1.08;1.02;0;0;0;0;1;0;1;0;0;0;1;2019-03-31 14:05:00;4095;0;45;17;11;0;1;1;5;2;8;2;7;10;0;0;0;1;0;1;1;89;41;66;66;2.05;1.1;3.15;0;0;0;0;0;0;1;1;0;0;1;1;0;0;-1;-1;-1;-1;-1;-1;-1;-1;-1;22;22;33;73;84;39;73;67;22;9.45;2.34;5.12;2.45;Qatar SC;Umm Salal;0.45;1.09;0.56;1;0.84;1.05;78;78;67;28;17;73;62;62;1.41;1.29;2.7;1595;22;Y;N;N;N;N;N;N
536111;4098;4102;2018/2019;complete;3484;20;-1;22,28,56,78;15,38;4;2;6;7;5;12;1;2;2;4;0;0;7;5;1;0;8;5;5;6;49;51;2;4;3;3.45;2.1;1.01;1.2;1.67;2.7;4;10.25;3.95;2.05;1.39;1.14;1.59;2.2;4.5;1.16;3.75;1.25;1.61;1.22;1.29;3.25;2.37;2.62;3;2.75;2.4;0;0;0;0;1.83;0;0;0;0;1.83;0;0;0;0;0;2.14;17.25;1.76;6.5;4.5;0;0;0;0;0;0;0;0;1.29;2.38;5.5;15;3.5;1.53;1.14;1.03;0;0;0;0;6;2;2;2;0;2;4;2019-03-30 14:05:00;4098;0;40;10;20;0;1;1;1;2;6;3;3;9;1;1;1;3;2;4;1;62;70;80;59;1.44;1.17;2.61;1;1;1;1;0;0;1;1;0;0;0;1;0;0;-1;-1;-1;-1;-1;-1;-1;-1;-1;25;35;55;75;85;35;70;75;45;10.6;2.8;2.6;3.05;Al Gharafa;Al Rayyan;1.27;1.36;1.1;1.5;1.16;1.74;75;65;45;25;15;50;50;45;1.69;1.58;3.27;1595;22;Y;Y;Y;Y;Y;Y;Y
536112;4096;4103;2018/2019;complete;3484;20;-1;75,85;26,90;2;2;4;6;2;8;1;0;4;4;0;0;8;5;13;5;21;10;17;10;51;49;4;4;2.65;3.5;2.25;1;1.14;1.49;2.25;4;12.25;4.8;2.4;1.56;1.21;1.44;2.55;4.33;1.2;4.33;1.2;1.5;1.29;1.53;3;2.37;2.87;2.62;2.75;2.62;0;0;0;0;1.9;0;0;0;0;1.8;0;0;0;0;0;1.91;15;1.91;5.5;5.5;0;0;0;0;0;0;0;0;1.29;2.25;5;13;3.5;1.57;1.17;1.04;0;0;0;0;4;0;1;2;1;3;1;2019-03-30 16:15:00;-1;0;50;25;25;0;1;1;3;1;3;1;4;4;1;2;3;2;3;5;1;89;67;88;102;2.51;1.47;3.98;1;0;1;0;0;0;1;1;0;0;1;0;1;0;-1;-1;-1;-1;-1;-1;-1;-1;-1;55;60;70;90;95;60;85;95;70;13.7;4.2;3.6;4.25;Al Duhail;Al Sadd;2.45;2.55;2.6;2.7;2.42;2.63;45;40;30;10;5;65;50;40;2.05;2.37;4.42;1595;22;Y;Y;Y;Y;N;N;Y
553327;4100;4096;2018/2019;complete;3484;21;-1;77;;1;0;1;2;12;14;-1;-1;2;4;0;0;2;2;2;2;4;4;-1;-1;50;50;2;4;10.25;6.25;1.19;1;1.06;1.28;1.77;0;15.5;6.75;3.25;1.95;1.4;1.67;2.05;0;0;0;0;0;0;0;0;0;0;0;0;0;0;0;0;0;0;0;0;0;0;0;0;0;0;0;0;0;0;0;0;0;0;0;0;0;0;0;0;0;0;0;0;0;0;0;0;0;0;0;0;0;1;0;0;1;0;1;0;2019-04-04 15:10:00;4100;0;43;21;16;0;1;1;1;5;1;7;6;8;0;2;2;2;2;4;1;0;0;0;0;0.56;0.83;1.39;0;0;0;0;0;0;1;1;0;0;0;0;0;0;-1;-1;-1;-1;-1;-1;-1;-1;-1;26;42;69;69;95;42;84;64;58;13.39;2.5;4.1;3.14;Al Kharitiyath;Al Duhail;0.82;2.09;0.6;2.22;0.6;2.35;75;58;32;32;6;74;74;58;1.68;1.92;3.6;1595;22;Y;N;N;N;N;N;N
553328;4099;4098;2018/2019;complete;3484;21;-1;;;0;0;0;4;3;7;-1;-1;1;2;0;0;3;3;6;11;9;14;-1;-1;50;50;1;2;1.95;3.75;3.2;1;1.13;1.49;2.25;0;12.25;4.9;2.4;1.57;1.22;1.47;2.45;0;0;0;0;0;0;0;0;0;0;0;0;0;0;0;0;0;0;0;0;0;0;0;0;0;0;0;0;0;0;0;0;0;0;0;0;0;0;0;0;0;0;0;0;0;0;0;0;0;0;0;0;0;0;0;0;0;0;0;0;2019-04-04 15:10:00;-1;0;54;16;37;0;1;1;3;1;1;2;4;3;0;0;1;2;0;3;1;0;0;0;0;1.21;1.79;3;0;0;0;0;0;0;1;1;0;0;0;0;0;0;-1;-1;-1;-1;-1;-1;-1;-1;-1;6;21;54;80;100;16;69;85;59;10.78;1.8;5.07;2.66;Al Khor;Al Gharafa;1.27;1.09;1.3;1.22;0.9;1.25;95;79;47;20;0;74;63;53;1.48;1.33;2.81;1595;22;N;N;N;N;N;N;N
553329;4103;4104;2018/2019;complete;3484;21;-1;6,24,45,53,75,81,90;71,79;7;2;9;5;6;11;-1;-1;0;4;0;0;10;8;7;6;17;14;-1;-1;50;50;0;4;1.19;6.25;9.5;1;1.06;1.28;1.77;0;15.5;6.75;3.25;1.95;1.4;1.67;2.05;0;0;0;0;0;0;0;0;0;0;0;0;0;0;0;0;0;0;0;0;0;0;0;0;0;0;0;0;0;0;0;0;0;0;0;0;0;0;0;0;0;0;0;0;0;0;0;0;0;0;0;0;0;9;3;0;4;2;6;3;2019-04-04 15:10:00;4103;0;64;22;48;0;1;1;5;4;0;2;9;2;0;3;0;1;3;1;1;0;0;0;0;2.3;1.91;4.21;2;0;2;0;0;0;1;1;1;0;1;0;0;1;-1;-1;-1;-1;-1;-1;-1;-1;-1;43;59;74;95;100;59;79;85;75;10;2.81;2.5;4.7;Al Sadd;Al Ahli;2.64;1.64;2.56;1.8;2.55;1.65;57;41;26;5;0;50;33;28;2.06;1.3;3.36;1595;22;Y;Y;Y;Y;Y;Y;Y
553330;4101;4097;2018/2019;complete;3484;21;-1;48;10,84;1;2;3;5;5;10;0;3;4;1;0;0;6;10;5;9;11;19;13;11;50;50;4;1;2.4;3.5;2.5;1.01;1.18;1.62;2.55;0;10.75;4.2;2.1;1.43;1.15;1.54;2.3;0;0;0;0;0;0;0;0;0;0;0;0;0;0;0;0;0;0;0;0;0;0;0;0;0;0;0;0;0;0;0;0;0;0;0;0;0;0;0;0;0;0;0;0;0;0;0;0;0;0;0;0;0;3;0;1;1;1;2;1;2019-04-04 15:10:00;4097;0;30;10;15;0;1;1;4;3;1;2;7;3;2;0;2;1;2;3;1;0;0;0;0;1.38;2.23;3.61;0;0;0;0;0;0;1;1;0;1;3;0;0;0;-1;-1;-1;-1;-1;-1;-1;-1;-1;20;25;45;70;90;40;80;60;40;9.3;2.8;4.1;2.85;Qatar SC;Al Arabi;0.45;1.64;0.5;1.5;0.8;1.35;80;75;55;30;10;70;60;50;1.47;1.24;2.71;1595;22;Y;Y;Y;N;N;N;Y
553331;4102;4093;2018/2019;complete;3484;21;-1;26,90;21,50;2;2;4;5;2;7;-1;-1;3;2;0;0;7;4;10;5;17;9;-1;-1;50;50;3;2;2.45;3.4;2.55;1;1.15;1.53;2.3;0;11.75;4.65;2.3;1.53;1.19;1.47;2.45;0;0;0;0;0;0;0;0;0;0;0;0;0;0;0;0;0;0;0;0;0;0;0;0;0;0;0;0;0;0;0;0;0;0;0;0;0;0;0;0;0;0;0;0;0;0;0;0;0;0;0;0;0;4;1;1;1;1;2;2;2019-04-04 17:20:00;-1;0;43;6;37;0;1;1;3;0;2;2;3;4;1;1;2;1;2;3;1;0;0;0;0;2;1.29;3.29;1;0;1;0;0;0;1;1;0;0;0;0;1;0;-1;-1;-1;-1;-1;-1;-1;-1;-1;5;22;37;74;100;32;85;69;48;8.25;3.28;4.38;2.38;Al Rayyan;Al Sailiya;2;2.09;2;2.2;1.65;1.7;95;79;63;26;0;63;63;52;1.49;1.37;2.86;1595;22;Y;Y;Y;Y;N;N;Y
553332;4095;4106;2018/2019;complete;3484;21;-1;67,83;9,16,49,52,81;2;5;7;5;4;9;7;1;1;1;0;0;3;7;5;7;8;14;9;14;50;50;1;1;2.45;3.15;2.7;1.03;1.3;1.95;3.45;0;8.25;3.15;1.74;1.25;1.07;1.77;1.91;0;0;0;0;0;0;0;0;0;0;0;0;0;0;0;0;0;0;0;0;0;0;0;0;0;0;0;0;0;0;0;0;0;0;0;0;0;0;0;0;0;0;0;0;0;0;0;0;0;0;0;0;0;7;0;2;2;3;5;2;2019-04-04 17:20:00;4106;0;50;20;25;0;1;1;3;4;2;0;7;2;1;0;0;1;1;1;1;0;0;0;0;1.28;1.79;3.06;0;0;0;0;0;0;1;1;0;1;1;3;0;0;-1;-1;-1;-1;-1;-1;-1;-1;-1;15;30;45;65;85;35;65;55;40;7.3;1.7;3.8;2.5;Umm Salal;Al Shahaniya;1;1.18;1.1;1;1.15;1.05;85;70;55;35;15;60;55;35;1.26;1.08;2.34;1595;22;Y;Y;Y;Y;Y;Y;Y
553333;4097;4096;2018/2019;complete;3484;22;-1;;40,51,73;0;3;3;7;7;14;-1;-1;3;1;0;0;0;7;0;0;0;7;8;4;43;57;3;1;4.55;3.85;1.61;1;1.13;1.47;2.2;3.75;12.5;5;2.45;1.59;1.23;1.53;2.3;7;1.08;2.62;1.44;2.5;1.22;1.12;5;2.5;1.95;4.75;3;1.8;0;0;0;0;1.9;0;0;0;0;1.8;0;0;0;0;0;3;17;1.36;13;3;0;0;0;0;0;0;0;0;1.28;2.25;5;13;3.5;1.57;1.16;1.04;0;0;0;0;3;0;1;0;2;2;1;2019-04-13 15:20:00;4096;0;45;20;20;0;1;1;2;4;5;3;6;8;1;0;2;1;1;3;1;73;81;65;66;0.53;1.51;2.04;0;0;0;0;0;0;1;1;0;0;0;0;0;0;-1;-1;-1;-1;-1;-1;-1;-1;-1;10;25;60;65;95;45;80;60;35;12.7;3.3;4.5;2.6;Al Arabi;Al Duhail;1.09;2.09;1.2;2;1.43;2.24;90;75;40;35;5;55;55;45;1.2;1.81;3.01;1595;22;Y;Y;Y;N;N;N;N
553334;4103;4095;2018/2019;complete;3484;22;-1;30,41,57,63,65,69;34;6;1;7;10;6;16;-1;-1;0;1;0;0;14;3;8;3;22;6;-1;-1;58;42;0;1;1.21;6.45;8.25;1;1.01;1.14;1.42;1.9;19;9.75;4.75;2.65;1.74;1.38;2.75;2.75;1.4;12;1.01;1.03;1.07;4.5;1.5;3.4;6.5;1.36;4;7;0;0;0;0;1.72;0;0;0;0;2;0;0;0;0;0;1.25;34;3.75;2.87;29;0;0;0;0;0;0;0;0;1.11;1.57;2.75;6;6.5;2.25;1.4;1.12;0;0;0;0;7;2;1;4;0;4;3;2019-04-13 15:20:00;4103;0;70;25;40;0;1;1;4;3;6;3;7;9;0;0;0;1;0;1;1;69;40;89;82;2.85;0.89;3.74;1;0;1;0;0;0;1;1;0;0;1;1;0;0;-1;-1;-1;-1;-1;-1;-1;-1;-1;40;50;60;85;95;55;80;80;55;9.9;2.4;3.3;4.35;Al Sadd;Umm Salal;2.64;1.09;2.6;1.2;2.57;1.1;60;50;40;15;5;60;55;50;2.09;1.27;3.36;1595;22;Y;Y;Y;Y;Y;Y;Y
553335;4102;4101;2018/2019;complete;3484;22;-1;11,65,68,78;8,41,74;4;3;7;5;9;14;1;2;2;2;0;0;8;7;4;6;12;13;18;10;51;49;2;2;1.77;3.7;3.85;1;1.14;1.49;2.25;4;12.25;4.8;2.4;1.56;1.21;1.5;2.4;3.4;1.3;5.5;1.12;1.25;1.28;1.83;2.37;2.4;3.75;2.1;2.75;3.4;0;0;0;0;1.83;0;0;0;0;1.83;0;0;0;0;0;1.57;17;2.37;4;8;0;0;0;0;0;0;0;0;1.25;2.2;5;13;3.75;1.61;1.16;1.04;0;0;0;0;7;1;2;3;1;4;3;2019-04-13 17:30:00;4102;0;60;10;50;0;1;1;1;4;4;5;5;9;1;1;1;1;2;2;1;83;82;105;72;1.92;1.89;3.81;0;0;0;0;0;0;1;1;0;1;0;1;0;0;-1;-1;-1;-1;-1;-1;-1;-1;-1;10;40;45;75;100;35;85;70;55;10.32;2.6;3.9;2.9;Al Rayyan;Qatar SC;2;1;1.9;1.1;1.62;0.76;90;60;55;25;0;54;49;38;1.54;1.31;2.85;1595;22;Y;Y;Y;Y;Y;Y;Y
553336;4093;4100;2018/2019;complete;3484;22;-1;5,68,81,82,87;51,78;5;2;7;4;4;8;1;1;3;1;0;0;8;6;3;4;11;10;16;15;53;47;3;1;1.69;4.2;3.7;1.02;1.14;1.44;2.1;3.5;12;5;2.7;1.66;1.28;1.5;2.5;3.5;1.28;5.5;1.12;1.3;1.22;2;2.25;2.5;4;2.05;2.87;3.5;0;0;0;0;1.9;0;0;0;0;1.8;0;0;0;0;0;1.53;21;2.4;4;8.5;0;0;0;0;0;0;0;0;1.25;2.2;5;13;3.75;1.61;1.16;1.04;0;0;0;0;7;1;0;4;2;6;1;2019-04-13 17:30:00;4093;0;60;15;40;0;1;1;1;2;3;2;3;5;0;0;3;1;0;4;1;58;67;103;102;1.68;1.54;3.22;1;1;1;1;0;0;1;1;1;0;0;1;0;0;-1;-1;-1;-1;-1;-1;-1;-1;-1;25;35;65;80;100;30;85;75;60;8.4;3.5;4.1;3.25;Al Sailiya;Al Kharitiyath;1.36;0.55;1.2;0.6;1.67;0.71;75;65;35;20;0;55;40;30;1.11;0.97;2.08;1595;22;Y;Y;Y;Y;Y;Y;Y
553337;4106;4098;2018/2019;complete;3484;22;-1;17,27,90;59;3;1;4;4;2;6;2;1;2;0;0;0;8;7;7;3;15;10;17;7;50;50;2;0;2.7;3.55;2.25;1;1.13;1.48;2.2;4;12.5;4.95;2.45;1.57;1.22;1.43;2.55;4.5;1.16;4;1.22;1.61;1.33;1.36;3.1;2.37;2.75;2.75;2.75;2.5;0;0;0;0;0;0;0;0;0;0;0;0;0;0;0;2.05;17;1.72;6.5;5;0;0;0;0;0;0;0;0;1.28;2.25;5.5;15;3.5;1.57;1.14;1.03;0;0;0;0;4;2;0;1;1;2;2;2019-04-13 15:20:00;4106;0;55;15;35;0;-1;1;-1;-1;-1;-1;-1;-1;0;0;2;0;0;2;-1;0;0;0;0;0;0;0;0;1;0;1;0;0;1;1;0;0;-1;-1;0;0;-1;-1;-1;-1;-1;-1;-1;-1;-1;15;20;60;85;95;25;70;85;65;7.8;2.2;4.8;2.8;Al Shahaniya;Al Gharafa;1.27;1.09;1.1;1.2;1.14;1.24;85;80;40;15;5;60;50;45;1.16;1.38;2.54;1595;22;Y;Y;Y;Y;N;N;Y
553338;4104;4099;2018/2019;complete;3484;22;-1;31;22;1;1;2;9;3;12;1;2;3;2;0;0;3;2;1;0;4;2;6;5;60;40;3;2;2.45;3.5;2.45;1.01;1.18;1.62;2.55;4.33;10.75;4.2;2.1;1.43;1.15;1.53;2.3;4;1.22;4;1.22;1.5;1.33;1.5;3;2.25;3;2.75;2.62;2.62;0;0;0;0;1.83;0;0;0;0;1.83;0;0;0;0;0;1.9;15;1.9;5.5;5;0;0;0;0;0;0;0;0;1.33;2.5;6;17;3.25;1.5;1.12;1.02;0;0;0;0;2;1;1;0;0;0;2;2019-04-13 17:30:00;-1;0;45;15;25;0;1;1;1;2;8;1;3;9;2;2;1;0;4;1;1;79;60;51;51;1.03;0.7;1.73;1;1;1;1;0;0;1;1;0;0;0;0;1;0;-1;-1;-1;-1;-1;-1;-1;-1;-1;30;35;50;65;85;35;75;70;45;8.7;3.4;4.1;2.95;Al Ahli;Al Khor;1.45;0.55;1.5;0.5;1.57;0.9;70;65;50;35;15;55;50;35;1.19;1.59;2.78;1595;22;Y;Y;N;N;N;N;Y
