ID;HOMEID;AWAYID;SEASON;STATUS;ROUNDID;GAME_WEEK;REVISED_GAME_WEEK;HOMEGOALS;AWAYGOALS;HOMEGOALCOUNT;AWAYGOALCOUNT;TOTALGOALCOUNT;TEAM_A_CORNERS;TEAM_B_CORNERS;TOTALCORNERCOUNT;TEAM_A_OFFSIDES;TEAM_B_OFFSIDES;TEAM_A_YELLOW_CARDS;TEAM_B_YELLOW_CARDS;TEAM_A_RED_CARDS;TEAM_B_RED_CARDS;TEAM_A_SHOTSONTARGET;TEAM_B_SHOTSONTARGET;TEAM_A_SHOTSOFFTARGET;TEAM_B_SHOTSOFFTARGET;TEAM_A_SHOTS;TEAM_B_SHOTS;TEAM_A_FOULS;TEAM_B_FOULS;TEAM_A_POSSESSION;TEAM_B_POSSESSION;TEAM_A_CARDS_NUM;TEAM_B_CARDS_NUM;ODDS_FT_1;ODDS_FT_X;ODDS_FT_2;ODDS_FT_OVER05;ODDS_FT_OVER15;ODDS_FT_OVER25;ODDS_FT_OVER35;ODDS_FT_OVER45;ODDS_FT_UNDER05;ODDS_FT_UNDER15;ODDS_FT_UNDER25;ODDS_FT_UNDER35;ODDS_FT_UNDER45;ODDS_BTTS_YES;ODDS_BTTS_NO;ODDS_TEAM_A_CS_YES;ODDS_TEAM_A_CS_NO;ODDS_TEAM_B_CS_YES;ODDS_TEAM_B_CS_NO;ODDS_DOUBLECHANCE_1X;ODDS_DOUBLECHANCE_12;ODDS_DOUBLECHANCE_X2;ODDS_1ST_HALF_RESULT_1;ODDS_1ST_HALF_RESULT_X;ODDS_1ST_HALF_RESULT_2;ODDS_2ND_HALF_RESULT_1;ODDS_2ND_HALF_RESULT_X;ODDS_2ND_HALF_RESULT_2;ODDS_DNB_1;ODDS_DNB_2;ODDS_CORNERS_OVER_75;ODDS_CORNERS_OVER_85;ODDS_CORNERS_OVER_95;ODDS_CORNERS_OVER_105;ODDS_CORNERS_OVER_115;ODDS_CORNERS_UNDER_75;ODDS_CORNERS_UNDER_85;ODDS_CORNERS_UNDER_95;ODDS_CORNERS_UNDER_105;ODDS_CORNERS_UNDER_115;ODDS_CORNERS_1;ODDS_CORNERS_X;ODDS_CORNERS_2;ODDS_TEAM_TO_SCORE_FIRST_1;ODDS_TEAM_TO_SCORE_FIRST_X;ODDS_TEAM_TO_SCORE_FIRST_2;ODDS_WIN_TO_NIL_1;ODDS_WIN_TO_NIL_2;ODDS_1ST_HALF_OVER05;ODDS_1ST_HALF_OVER15;ODDS_1ST_HALF_OVER25;ODDS_1ST_HALF_OVER35;ODDS_1ST_HALF_UNDER05;ODDS_1ST_HALF_UNDER15;ODDS_1ST_HALF_UNDER25;ODDS_1ST_HALF_UNDER35;ODDS_2ND_HALF_OVER05;ODDS_2ND_HALF_OVER15;ODDS_2ND_HALF_OVER25;ODDS_2ND_HALF_OVER35;ODDS_2ND_HALF_UNDER05;ODDS_2ND_HALF_UNDER15;ODDS_2ND_HALF_UNDER25;ODDS_2ND_HALF_UNDER35;ODDS_BTTS_1ST_HALF_YES;ODDS_BTTS_1ST_HALF_NO;ODDS_BTTS_2ND_HALF_YES;ODDS_BTTS_2ND_HALF_NO;OVERALLGOALCOUNT;HT_GOALS_TEAM_A;HT_GOALS_TEAM_B;GOALS_2HG_TEAM_A;GOALS_2HG_TEAM_B;GOALCOUNT_2HG;HTGOALCOUNT;DATE_UNIX;WINNINGTEAM;NO_HOME_AWAY;BTTS_POTENTIAL;BTTS_FHG_POTENTIAL;BTTS_2HG_POTENTIAL;GOALTIMINGDISABLED;CORNER_TIMINGS_RECORDED;CARD_TIMINGS_RECORDED;TEAM_A_FH_CORNERS;TEAM_B_FH_CORNERS;TEAM_A_2H_CORNERS;TEAM_B_2H_CORNERS;CORNER_FH_COUNT;CORNER_2H_COUNT;TEAM_A_FH_CARDS;TEAM_B_FH_CARDS;TEAM_A_2H_CARDS;TEAM_B_2H_CARDS;TOTAL_FH_CARDS;TOTAL_2H_CARDS;ATTACKS_RECORDED;TEAM_A_DANGEROUS_ATTACKS;TEAM_B_DANGEROUS_ATTACKS;TEAM_A_ATTACKS;TEAM_B_ATTACKS;TEAM_A_XG;TEAM_B_XG;TOTAL_XG;TEAM_A_PENALTIES_WON;TEAM_B_PENALTIES_WON;TEAM_A_PENALTY_GOALS;TEAM_B_PENALTY_GOALS;TEAM_A_PENALTY_MISSED;TEAM_B_PENALTY_MISSED;PENS_RECORDED;GOAL_TIMINGS_RECORDED;TEAM_A_0_10_MIN_GOALS;TEAM_B_0_10_MIN_GOALS;TEAM_A_CORNERS_0_10_MIN;TEAM_B_CORNERS_0_10_MIN;TEAM_A_CARDS_0_10_MIN;TEAM_B_CARDS_0_10_MIN;THROWINS_RECORDED;TEAM_A_THROWINS;TEAM_B_THROWINS;FREEKICKS_RECORDED;TEAM_A_FREEKICKS;TEAM_B_FREEKICKS;GOALKICKS_RECORDED;TEAM_A_GOALKICKS;TEAM_B_GOALKICKS;O45_POTENTIAL;O35_POTENTIAL;O25_POTENTIAL;O15_POTENTIAL;O05_POTENTIAL;O15HT_POTENTIAL;O05HT_POTENTIAL;O05_2H_POTENTIAL;O15_2H_POTENTIAL;CORNERS_POTENTIAL;OFFSIDES_POTENTIAL;CARDS_POTENTIAL;AVG_POTENTIAL;HOME_NAME;AWAY_NAME;HOME_PPG;AWAY_PPG;PRE_MATCH_HOME_PPG;PRE_MATCH_AWAY_PPG;PRE_MATCH_TEAMA_OVERALL_PPG;PRE_MATCH_TEAMB_OVERALL_PPG;U45_POTENTIAL;U35_POTENTIAL;U25_POTENTIAL;U15_POTENTIAL;U05_POTENTIAL;CORNERS_O85_POTENTIAL;CORNERS_O95_POTENTIAL;CORNERS_O105_POTENTIAL;TEAM_A_XG_PREMATCH;TEAM_B_XG_PREMATCH;TOTAL_XG_PREMATCH;COMPETITION_ID;MATCHES_COMPLETED_MINIMUM;OVER05;OVER15;OVER25;OVER35;OVER45;OVER55;BTTS
74301;1232;1229;2017;complete;361;1;-1;56;;1;0;1;9;2;11;3;3;3;3;0;0;3;3;6;4;9;7;20;19;60;40;3;3;0;0;0;0;0;0;0;0;0;0;0;0;0;0;0;0;0;0;0;0;0;0;0;0;0;0;0;0;0;0;0;0;0;0;0;0;0;0;0;0;0;0;0;0;0;0;0;0;0;0;0;0;0;0;0;0;0;0;0;0;0;0;0;0;0;0;0;0;1;0;0;1;0;1;0;2017-03-03 17:30:00;1232;0;0;0;0;0;-1;1;-1;-1;-1;-1;-1;-1;0;2;3;1;2;4;-1;0;0;0;0;0;0;0;0;0;0;0;0;0;1;1;0;0;-1;-1;0;0;-1;-1;-1;-1;-1;-1;-1;-1;-1;0;0;0;0;0;0;0;0;0;0;0;0;0;Trakai;Stumbras;2.29;0.71;0;0;0;0;0;0;0;0;0;0;0;0;0;0;0;258;28;Y;N;N;N;N;N;N
74302;1233;85;2017;complete;361;1;-1;62;21,27;1;2;3;5;7;12;4;2;1;3;0;0;3;4;4;5;7;9;17;21;44;56;1;3;0;0;0;0;0;0;0;0;0;0;0;0;0;0;0;0;0;0;0;0;0;0;0;0;0;0;0;0;0;0;0;0;0;0;0;0;0;0;0;0;0;0;0;0;0;0;0;0;0;0;0;0;0;0;0;0;0;0;0;0;0;0;0;0;0;0;0;0;3;0;2;1;0;1;2;2017-03-04 11:00:00;85;0;0;0;0;0;-1;1;-1;-1;-1;-1;-1;-1;0;0;1;3;0;4;-1;0;0;0;0;0;0;0;0;1;0;1;0;0;1;1;0;0;-1;-1;0;0;-1;-1;-1;-1;-1;-1;-1;-1;-1;0;0;0;0;0;0;0;0;0;0;0;0;0;Atlantas;Žalgiris;1;1.86;0;0;0;0;0;0;0;0;0;0;0;0;0;0;0;258;28;Y;Y;Y;N;N;N;Y
74303;1230;1228;2017;complete;361;1;-1;18,60,90;7,69,90;3;3;6;12;2;14;1;1;4;2;0;0;5;4;11;3;16;7;17;13;56;44;4;2;0;0;0;0;0;0;0;0;0;0;0;0;0;0;0;0;0;0;0;0;0;0;0;0;0;0;0;0;0;0;0;0;0;0;0;0;0;0;0;0;0;0;0;0;0;0;0;0;0;0;0;0;0;0;0;0;0;0;0;0;0;0;0;0;0;0;0;0;6;1;1;2;2;4;2;2017-03-04 13:00:00;-1;0;0;0;0;0;-1;1;-1;-1;-1;-1;-1;-1;3;1;1;1;4;2;-1;0;0;0;0;0;0;0;0;0;0;0;0;0;1;1;0;1;-1;-1;0;0;-1;-1;-1;-1;-1;-1;-1;-1;-1;0;0;0;0;0;0;0;0;0;0;0;0;0;Sūduva;Jonava;2.14;1.21;0;0;0;0;0;0;0;0;0;0;0;0;0;0;0;258;28;Y;Y;Y;Y;Y;Y;Y
74304;1229;1230;2017;complete;361;2;-1;4;54,86;1;2;3;2;7;9;0;0;1;0;0;0;4;10;3;0;7;10;12;6;38;62;1;0;0;0;0;0;0;0;0;0;0;0;0;0;0;0;0;0;0;0;0;0;0;0;0;0;0;0;0;0;0;0;0;0;0;0;0;0;0;0;0;0;0;0;0;0;0;0;0;0;0;0;0;0;0;0;0;0;0;0;0;0;0;0;0;0;0;0;0;0;3;1;0;0;2;2;1;2017-03-09 16:00:00;1230;0;0;0;0;0;-1;1;-1;-1;-1;-1;-1;-1;0;0;1;0;0;1;-1;0;0;0;0;0;0;0;0;0;0;0;0;0;1;1;1;0;-1;-1;0;0;-1;-1;-1;-1;-1;-1;-1;-1;-1;0;0;0;0;0;0;0;0;0;0;0;0;0;Stumbras;Sūduva;0.86;2.07;0;0;0;1;0;0;0;0;0;0;0;0;0;0;0;258;28;Y;Y;Y;N;N;N;Y
74305;1231;1233;2017;complete;361;2;-1;;12;0;1;1;4;6;10;7;2;4;0;0;0;3;5;1;12;4;17;13;15;45;55;4;0;0;0;0;0;0;0;0;0;0;0;0;0;0;0;0;0;0;0;0;0;0;0;0;0;0;0;0;0;0;0;0;0;0;0;0;0;0;0;0;0;0;0;0;0;0;0;0;0;0;0;0;0;0;0;0;0;0;0;0;0;0;0;0;0;0;0;0;0;1;0;1;0;0;0;1;2017-03-11 11:00:00;1233;0;0;0;0;0;-1;1;-1;-1;-1;-1;-1;-1;1;0;3;0;1;3;-1;0;0;0;0;0;0;0;0;0;0;0;0;0;1;1;0;0;-1;-1;0;0;-1;-1;-1;-1;-1;-1;-1;-1;-1;0;0;0;0;0;0;0;0;0;0;0;0;0;Kauno Žalgiris;Atlantas;0.71;1.36;0;0;0;0;0;0;0;0;0;0;0;0;0;0;0;258;28;Y;N;N;N;N;N;N
74306;1228;1232;2017;complete;361;2;-1;;;0;0;0;2;0;2;1;0;1;4;0;0;3;3;1;9;4;12;17;21;44;56;1;4;0;0;0;0;0;0;0;0;0;0;0;0;0;0;0;0;0;0;0;0;0;0;0;0;0;0;0;0;0;0;0;0;0;0;0;0;0;0;0;0;0;0;0;0;0;0;0;0;0;0;0;0;0;0;0;0;0;0;0;0;0;0;0;0;0;0;0;0;0;0;0;0;0;0;0;2017-03-12 11:00:00;-1;0;0;0;0;0;-1;1;-1;-1;-1;-1;-1;-1;1;1;0;3;2;3;-1;0;0;0;0;0;0;0;0;0;0;0;0;0;1;1;0;0;-1;-1;0;0;-1;-1;-1;-1;-1;-1;-1;-1;-1;0;0;0;0;0;0;0;0;0;0;0;0;0;Jonava;Trakai;1;1.57;0;0;1;3;0;0;0;0;0;0;0;0;0;0;0;258;28;N;N;N;N;N;N;N
74307;85;1227;2017;complete;361;2;-1;;41;0;1;1;14;2;16;1;4;2;4;0;0;10;2;12;4;22;6;18;8;62;38;2;4;0;0;0;0;0;0;0;0;0;0;0;0;0;0;0;0;0;0;0;0;0;0;0;0;0;0;0;0;0;0;0;0;0;0;0;0;0;0;0;0;0;0;0;0;0;0;0;0;0;0;0;0;0;0;0;0;0;0;0;0;0;0;0;0;0;0;0;0;1;0;1;0;0;0;1;2017-03-12 17:30:00;1227;0;0;0;0;0;-1;1;-1;-1;-1;-1;-1;-1;0;0;2;4;0;6;-1;0;0;0;0;0;0;0;0;0;0;0;0;0;1;1;0;0;-1;-1;0;0;-1;-1;-1;-1;-1;-1;-1;-1;-1;0;0;0;0;0;0;0;0;0;0;0;0;0;Žalgiris;Utenis Utena;2.29;1.29;0;0;3;0;0;0;0;0;0;0;0;0;0;0;0;258;28;Y;N;N;N;N;N;N
74308;1233;1229;2017;complete;361;3;-1;13,31,52,90;90;4;1;5;7;4;11;2;5;2;3;0;0;7;4;7;5;14;9;27;10;45;55;2;3;0;0;0;0;0;0;0;0;0;0;0;0;0;0;0;0;0;0;0;0;0;0;0;0;0;0;0;0;0;0;0;0;0;0;0;0;0;0;0;0;0;0;0;0;0;0;0;0;0;0;0;0;0;0;0;0;0;0;0;0;0;0;0;0;0;0;0;0;5;2;0;2;1;3;2;2017-03-15 16:00:00;1233;0;50;0;0;0;-1;1;-1;-1;-1;-1;-1;-1;1;3;1;0;4;1;-1;0;0;0;0;0;0;0;1;0;1;0;0;0;1;1;0;0;-1;-1;0;0;-1;-1;-1;-1;-1;-1;-1;-1;-1;0;0;50;50;100;50;50;100;0;7;7;4;2;Atlantas;Stumbras;1;0.71;0;0;1.5;0;100;100;50;50;0;100;100;100;0;0;0;258;28;Y;Y;Y;Y;Y;N;Y
74309;1230;1232;2017;complete;361;3;-1;36;51;1;1;2;4;3;7;3;3;0;3;0;0;5;5;5;5;10;10;14;10;42;58;0;3;0;0;0;0;0;0;0;0;0;0;0;0;0;0;0;0;0;0;0;0;0;0;0;0;0;0;0;0;0;0;0;0;0;0;0;0;0;0;0;0;0;0;0;0;0;0;0;0;0;0;0;0;0;0;0;0;0;0;0;0;0;0;0;0;0;0;0;0;2;1;0;0;1;1;1;2017-03-16 16:00:00;-1;0;50;50;50;0;-1;1;-1;-1;-1;-1;-1;-1;0;3;0;0;3;0;-1;0;0;0;0;0;0;0;0;0;0;0;0;0;1;1;0;0;-1;-1;0;0;-1;-1;-1;-1;-1;-1;-1;-1;-1;50;50;50;50;50;50;50;50;50;12;1;8;3;Sūduva;Trakai;2.14;1.57;1;1;2;2;50;50;50;50;50;50;50;50;0;0;0;258;28;Y;Y;N;N;N;N;Y
74310;85;1231;2017;complete;361;3;-1;65;;1;0;1;15;1;16;3;1;0;0;0;0;2;4;14;4;16;8;13;12;72;28;0;0;0;0;0;0;0;0;0;0;0;0;0;0;0;0;0;0;0;0;0;0;0;0;0;0;0;0;0;0;0;0;0;0;0;0;0;0;0;0;0;0;0;0;0;0;0;0;0;0;0;0;0;0;0;0;0;0;0;0;0;0;0;0;0;0;0;0;0;0;1;0;0;1;0;1;0;2017-03-16 17:30:00;85;0;0;0;0;0;-1;-1;-1;-1;-1;-1;-1;-1;0;0;0;0;0;0;-1;0;0;0;0;0;0;0;0;0;0;0;0;0;1;1;0;0;-1;-1;-1;-1;-1;-1;-1;-1;-1;-1;-1;-1;-1;0;0;0;0;50;0;50;0;0;14;1;2;0.5;Žalgiris;Kauno Žalgiris;2.29;0.36;0;0;1.5;0;50;50;50;50;0;50;50;50;0;0;0;258;28;Y;N;N;N;N;N;N
74311;1227;1228;2017;complete;361;3;-1;17;35;1;1;2;9;1;10;1;3;3;0;0;0;11;7;4;5;15;12;25;12;55;45;3;0;0;0;0;0;0;0;0;0;0;0;0;0;0;0;0;0;0;0;0;0;0;0;0;0;0;0;0;0;0;0;0;0;0;0;0;0;0;0;0;0;0;0;0;0;0;0;0;0;0;0;0;0;0;0;0;0;0;0;0;0;0;0;0;0;0;0;0;0;2;1;1;0;0;0;2;2017-03-18 11:00:00;-1;0;50;50;50;0;-1;1;-1;-1;-1;-1;-1;-1;1;0;2;0;1;2;-1;0;0;0;0;0;0;0;0;0;0;0;0;0;1;1;0;0;-1;-1;0;0;-1;-1;-1;-1;-1;-1;-1;-1;-1;50;50;50;50;50;50;50;50;50;2;1;2;3;Utenis Utena;Jonava;1;1.21;0;1;3;1;0;0;0;0;0;50;50;50;0;0;0;258;28;Y;Y;N;N;N;N;Y
74312;1232;85;2017;complete;361;4;-1;;87;0;1;1;3;6;9;6;1;2;3;0;0;0;9;6;10;6;19;14;11;41;59;2;3;0;0;0;0;0;0;0;0;0;0;0;0;0;0;0;0;0;0;0;0;0;0;0;0;0;0;0;0;0;0;0;0;0;0;0;0;0;0;0;0;0;0;0;0;0;0;0;0;0;0;0;0;0;0;0;0;0;0;0;0;0;0;0;0;0;0;0;0;1;0;0;0;1;1;0;2017-03-29 15:00:00;85;0;50;0;0;0;-1;1;-1;-1;-1;-1;-1;-1;0;0;2;3;0;5;-1;0;0;0;0;0;0;0;0;0;0;0;0;0;1;1;0;0;-1;-1;0;0;-1;-1;-1;-1;-1;-1;-1;-1;-1;0;0;50;50;100;50;50;100;0;16;5;6;2;Trakai;Žalgiris;2.29;1.86;3;3;1.67;2;100;100;50;50;0;100;100;100;0;0;0;258;28;Y;N;N;N;N;N;N
74313;1229;1227;2017;complete;361;4;-1;46;45;1;1;2;5;2;7;1;1;1;1;0;0;0;7;22;0;22;7;16;19;46;54;1;1;0;0;0;0;0;0;0;0;0;0;0;0;0;0;0;0;0;0;0;0;0;0;0;0;0;0;0;0;0;0;0;0;0;0;0;0;0;0;0;0;0;0;0;0;0;0;0;0;0;0;0;0;0;0;0;0;0;0;0;0;0;0;0;0;0;0;0;0;2;0;1;1;0;1;1;2017-03-30 15:00:00;-1;0;50;0;0;0;-1;1;-1;-1;-1;-1;-1;-1;0;0;1;1;0;2;-1;0;0;0;0;0;0;0;0;0;0;0;0;0;1;1;0;0;-1;-1;0;0;-1;-1;-1;-1;-1;-1;-1;-1;-1;0;0;50;50;100;0;100;50;50;4;4;5;2;Stumbras;Utenis Utena;0.86;1.29;0;3;0;2;100;100;50;50;0;100;50;50;0;0;0;258;28;Y;Y;N;N;N;N;Y
74314;1230;1233;2017;complete;361;4;-1;;;0;0;0;10;1;11;4;4;2;3;0;0;6;3;9;7;15;10;15;16;53;47;2;3;0;0;0;0;0;0;0;0;0;0;0;0;0;0;0;0;0;0;0;0;0;0;0;0;0;0;0;0;0;0;0;0;0;0;0;0;0;0;0;0;0;0;0;0;0;0;0;0;0;0;0;0;0;0;0;0;0;0;0;0;0;0;0;0;0;0;0;0;0;0;0;0;0;0;0;2017-03-30 17:00:00;-1;0;50;25;25;0;-1;1;-1;-1;-1;-1;-1;-1;1;2;1;1;3;2;-1;0;0;0;0;0;0;0;0;0;0;0;0;0;1;1;0;0;-1;-1;0;0;-1;-1;-1;-1;-1;-1;-1;-1;-1;25;25;25;50;100;25;100;50;25;14;4;2;2.5;Sūduva;Atlantas;2.14;1.36;1;3;1.67;2;75;75;75;50;0;75;75;25;0;0;0;258;28;N;N;N;N;N;N;N
74315;1228;1231;2017;complete;361;4;-1;13,34,57,70,75;54,77;5;2;7;7;3;10;1;1;1;4;0;0;3;3;4;5;7;8;17;18;-1;-1;1;4;0;0;0;0;0;0;0;0;0;0;0;0;0;0;0;0;0;0;0;0;0;0;0;0;0;0;0;0;0;0;0;0;0;0;0;0;0;0;0;0;0;0;0;0;0;0;0;0;0;0;0;0;0;0;0;0;0;0;0;0;0;0;0;0;0;0;0;0;7;2;0;3;2;5;2;2017-04-01 10:00:00;1228;0;0;0;0;0;-1;1;-1;-1;-1;-1;-1;-1;0;2;1;2;2;3;-1;0;0;0;0;0;0;0;1;0;1;0;0;0;1;1;0;0;-1;-1;0;0;-1;-1;-1;-1;-1;-1;-1;-1;-1;0;0;0;0;50;0;0;50;0;3;2;1;0.5;Jonava;Kauno Žalgiris;1;0.36;1;0;1;0;100;100;100;100;50;50;50;50;0;0;0;258;28;Y;Y;Y;Y;Y;Y;Y
74316;1233;1232;2017;complete;361;5;-1;79;87;1;1;2;6;3;9;2;6;2;3;0;0;4;2;4;3;8;5;11;11;-1;-1;2;3;0;0;0;0;0;0;0;0;0;0;0;0;0;0;0;0;0;0;0;0;0;0;0;0;0;0;0;0;0;0;0;0;0;0;0;0;0;0;0;0;0;0;0;0;0;0;0;0;0;0;0;0;0;0;0;0;0;0;0;0;0;0;0;0;0;0;0;0;2;0;0;1;1;2;0;2017-04-04 15:00:00;-1;0;75;0;25;0;-1;1;-1;-1;-1;-1;-1;-1;0;0;2;3;0;5;-1;0;0;0;0;0;0;0;0;0;0;0;0;0;1;1;0;0;-1;-1;0;0;-1;-1;-1;-1;-1;-1;-1;-1;-1;25;25;50;75;75;50;75;75;25;7.5;4.5;5;2.5;Atlantas;Trakai;1;1.57;1.5;1;1.75;1.25;75;75;50;25;25;50;50;50;0;0;0;258;28;Y;Y;N;N;N;N;Y
74317;1231;1229;2017;complete;361;5;-1;;;0;0;0;5;6;11;1;0;5;1;0;0;0;8;6;16;6;24;34;18;45;55;5;1;0;0;0;0;0;0;0;0;0;0;0;0;0;0;0;0;0;0;0;0;0;0;0;0;0;0;0;0;0;0;0;0;0;0;0;0;0;0;0;0;0;0;0;0;0;0;0;0;0;0;0;0;0;0;0;0;0;0;0;0;0;0;0;0;0;0;0;0;0;0;0;0;0;0;0;2017-04-05 15:00:00;-1;0;25;0;25;0;-1;1;-1;-1;-1;-1;-1;-1;0;1;5;0;1;5;-1;0;0;0;0;0;0;0;0;0;0;0;0;0;1;1;0;0;-1;-1;0;0;-1;-1;-1;-1;-1;-1;-1;-1;-1;25;25;25;25;100;25;75;50;25;7;11;7;2;Kauno Žalgiris;Stumbras;0.71;0.71;0;0;0;0.25;75;75;75;75;0;100;100;50;0;0;0;258;28;N;N;N;N;N;N;N
74318;85;1228;2017;complete;361;5;-1;57,65;90;2;1;3;3;2;5;0;4;3;3;1;0;4;5;10;9;14;14;13;18;58;42;5;3;0;0;0;0;0;0;0;0;0;0;0;0;0;0;0;0;0;0;0;0;0;0;0;0;0;0;0;0;0;0;0;0;0;0;0;0;0;0;0;0;0;0;0;0;0;0;0;0;0;0;0;0;0;0;0;0;0;0;0;0;0;0;0;0;0;0;0;0;3;0;0;2;1;3;0;2017-04-05 17:00:00;85;0;50;50;25;0;-1;1;-1;-1;-1;-1;-1;-1;2;1;2;2;3;4;-1;0;0;0;0;0;0;0;0;0;0;0;0;0;1;1;0;0;-1;-1;0;0;-1;-1;-1;-1;-1;-1;-1;-1;-1;25;25;25;50;100;50;75;50;25;16;4;2;2.5;Žalgiris;Jonava;2.29;1.21;1.5;1;2.25;1.5;75;75;75;50;0;100;100;75;0;0;0;258;28;Y;Y;Y;N;N;N;Y
74319;1227;1230;2017;complete;361;5;-1;57,78;3,12,49,54;2;4;6;6;6;12;3;1;3;1;0;0;6;9;4;9;10;18;7;9;53;47;3;1;0;0;0;0;0;0;0;0;0;0;0;0;0;0;0;0;0;0;0;0;0;0;0;0;0;0;0;0;0;0;0;0;0;0;0;0;0;0;0;0;0;0;0;0;0;0;0;0;0;0;0;0;0;0;0;0;0;0;0;0;0;0;0;0;0;0;0;0;6;0;2;2;2;4;2;2017-04-09 10:00:00;1230;0;100;50;0;0;-1;1;-1;-1;-1;-1;-1;-1;2;0;1;1;2;2;-1;0;0;0;0;0;0;0;0;0;0;0;0;0;1;1;0;1;-1;-1;1;0;-1;-1;-1;-1;-1;-1;-1;-1;-1;0;0;50;100;100;50;100;50;50;16;1;3;2.5;Utenis Utena;Sūduva;1;2.07;1;3;1.67;1.5;100;100;50;0;0;100;50;0;0;0;0;258;28;Y;Y;Y;Y;Y;Y;Y
74320;1228;1233;2017;complete;361;6;-1;;42,90;0;2;2;8;2;10;-1;-1;1;4;0;0;3;7;7;5;10;12;-1;-1;-1;-1;1;4;0;0;0;0;0;0;0;0;0;0;0;0;0;0;0;0;0;0;0;0;0;0;0;0;0;0;0;0;0;0;0;0;0;0;0;0;0;0;0;0;0;0;0;0;0;0;0;0;0;0;0;0;0;0;0;0;0;0;0;0;0;0;0;0;0;0;0;0;2;0;1;0;1;1;1;2017-04-12 14:00:00;1233;0;25;0;25;0;-1;1;-1;-1;-1;-1;-1;-1;0;1;1;3;1;4;-1;0;0;0;0;0;0;0;0;0;0;0;0;0;1;1;0;0;-1;-1;0;0;-1;-1;-1;-1;-1;-1;-1;-1;-1;25;25;25;25;50;25;50;25;25;8;4;2.5;2;Jonava;Atlantas;1;1.36;2;2;1.2;1.6;75;75;75;75;50;75;75;25;0;0;0;258;28;Y;Y;N;N;N;N;N
74321;1229;85;2017;complete;361;6;-1;75;48,64,85;1;3;4;4;4;8;2;4;3;2;0;0;3;4;5;6;8;10;10;17;43;57;3;2;0;0;0;0;0;0;0;0;0;0;0;0;0;0;0;0;0;0;0;0;0;0;0;0;0;0;0;0;0;0;0;0;0;0;0;0;0;0;0;0;0;0;0;0;0;0;0;0;0;0;0;0;0;0;0;0;0;0;0;0;0;0;0;0;0;0;0;0;4;0;0;1;3;4;0;2017-04-12 15:00:00;85;0;75;0;0;0;-1;1;-1;-1;-1;-1;-1;-1;1;0;2;2;1;4;-1;0;0;0;0;0;0;0;0;0;0;0;0;0;1;1;0;0;-1;-1;0;0;-1;-1;-1;-1;-1;-1;-1;-1;-1;0;0;50;75;100;25;75;100;25;10;2;4;2.25;Stumbras;Žalgiris;0.86;1.86;0.5;3;0.4;2.4;100;100;50;25;0;75;25;25;0;0;0;258;28;Y;Y;Y;Y;N;N;Y
74322;1230;1231;2017;complete;361;6;-1;12,45,56;9;3;1;4;9;0;9;1;1;1;3;0;0;8;4;3;2;11;6;14;17;59;41;1;3;0;0;0;0;0;0;0;0;0;0;0;0;0;0;0;0;0;0;0;0;0;0;0;0;0;0;0;0;0;0;0;0;0;0;0;0;0;0;0;0;0;0;0;0;0;0;0;0;0;0;0;0;0;0;0;0;0;0;0;0;0;0;0;0;0;0;0;0;4;2;1;1;0;1;3;2017-04-13 15:00:00;1230;0;59;17;42;0;-1;1;-1;-1;-1;-1;-1;-1;0;3;1;0;3;1;-1;0;0;0;0;0;0;0;0;0;0;0;0;0;1;1;0;1;-1;-1;0;0;-1;-1;-1;-1;-1;-1;-1;-1;-1;42;42;42;59;84;42;59;84;42;10.67;3.67;4;3.34;Sūduva;Kauno Žalgiris;2.14;0.36;1;0;1.8;0.25;59;59;59;42;17;84;84;59;0;0;0;258;28;Y;Y;Y;Y;N;N;Y
74323;1232;1227;2017;complete;361;6;-1;80;;1;0;1;11;2;13;2;3;1;1;0;0;11;4;10;7;21;11;5;15;64;36;1;1;0;0;0;0;0;0;0;0;0;0;0;0;0;0;0;0;0;0;0;0;0;0;0;0;0;0;0;0;0;0;0;0;0;0;0;0;0;0;0;0;0;0;0;0;0;0;0;0;0;0;0;0;0;0;0;0;0;0;0;0;0;0;0;0;0;0;0;0;1;0;0;1;0;1;0;2017-04-13 17:00:00;1232;0;25;0;0;0;-1;1;-1;-1;-1;-1;-1;-1;1;0;0;1;1;1;-1;0;0;0;0;0;0;0;0;0;0;0;0;0;1;1;0;0;-1;-1;1;0;-1;-1;-1;-1;-1;-1;-1;-1;-1;0;0;0;25;100;0;50;75;0;8;7;5;1.25;Trakai;Utenis Utena;2.29;1.29;1.5;2;1.2;1.25;100;100;100;75;0;75;50;50;0;0;0;258;28;Y;N;N;N;N;N;N
74324;1227;1231;2017;complete;361;1;-1;78;;1;0;1;3;8;11;4;1;0;3;0;1;3;7;4;6;7;13;10;21;60;40;0;4;0;0;0;0;0;0;0;0;0;0;0;0;0;0;0;0;0;0;0;0;0;0;0;0;0;0;0;0;0;0;0;0;0;0;0;0;0;0;0;0;0;0;0;0;0;0;0;0;0;0;0;0;0;0;0;0;0;0;0;0;0;0;0;0;0;0;0;0;1;0;0;1;0;1;0;2017-04-17 10:00:00;1227;0;84;42;42;0;-1;1;-1;-1;-1;-1;-1;-1;0;1;0;3;1;3;-1;0;0;0;0;0;0;0;0;0;0;0;0;0;1;1;0;0;-1;-1;0;0;-1;-1;-1;-1;-1;-1;-1;-1;-1;42;59;59;84;100;84;84;75;42;8.83;3;5.33;4;Utenis Utena;Kauno Žalgiris;1;0.36;0.5;0;1;0.2;59;42;42;17;0;100;84;42;0;0;0;258;28;Y;N;N;N;N;N;N
74325;1229;1228;2017;complete;361;7;-1;35;;1;0;1;2;4;6;0;3;5;3;0;0;5;3;6;2;11;5;22;18;43;57;5;3;0;0;0;0;0;0;0;0;0;0;0;0;0;0;0;0;0;0;0;0;0;0;0;0;0;0;0;0;0;0;0;0;0;0;0;0;0;0;0;0;0;0;0;0;0;0;0;0;0;0;0;0;0;0;0;0;0;0;0;0;0;0;0;0;0;0;0;0;1;1;0;0;0;0;1;2017-04-19 15:00:00;1229;0;100;34;50;0;-1;1;-1;-1;-1;-1;-1;-1;2;1;3;2;3;5;-1;0;0;0;0;0;0;0;0;0;0;0;0;0;1;1;0;0;-1;-1;0;0;-1;-1;-1;-1;-1;-1;-1;-1;-1;17;33;67;100;100;34;67;84;67;5.34;3.67;3.34;3.34;Stumbras;Jonava;0.86;1.21;0.33;0.67;0.33;1;84;67;33;0;0;50;34;17;0;0;0;258;28;Y;N;N;N;N;N;N
74326;85;1230;2017;complete;361;7;-1;17,35,65;7;3;1;4;9;11;20;1;4;5;2;0;0;7;3;5;7;12;10;10;14;58;42;5;2;0;0;0;0;0;0;0;0;0;0;0;0;0;0;0;0;0;0;0;0;0;0;0;0;0;0;0;0;0;0;0;0;0;0;0;0;0;0;0;0;0;0;0;0;0;0;0;0;0;0;0;0;0;0;0;0;0;0;0;0;0;0;0;0;0;0;0;0;4;2;1;1;0;1;3;2017-04-19 17:00:00;85;0;67;0;42;0;-1;1;-1;-1;-1;-1;-1;-1;3;1;2;1;4;3;-1;0;0;0;0;0;0;0;1;0;1;0;0;0;1;1;0;1;-1;-1;0;0;-1;-1;-1;-1;-1;-1;-1;-1;-1;25;25;67;67;100;25;67;84;67;17.17;1.83;2.83;3.09;Žalgiris;Sūduva;2.29;2.07;2;3;2.5;2;75;75;34;34;0;84;59;59;0;0;0;258;28;Y;Y;Y;Y;N;N;Y
74327;1227;1233;2017;complete;361;7;-1;;23,65,85;0;3;3;7;9;16;4;1;1;2;0;0;3;7;10;7;13;14;8;15;61;39;1;2;0;0;0;0;0;0;0;0;0;0;0;0;0;0;0;0;0;0;0;0;0;0;0;0;0;0;0;0;0;0;0;0;0;0;0;0;0;0;0;0;0;0;0;0;0;0;0;0;0;0;0;0;0;0;0;0;0;0;0;0;0;0;0;0;0;0;0;0;3;0;1;0;2;2;1;2017-04-20 15:00:00;1233;0;34;17;17;0;-1;1;-1;-1;-1;-1;-1;-1;0;1;1;1;1;2;-1;0;0;0;0;0;0;0;0;0;0;0;0;0;1;1;0;0;-1;-1;0;0;-1;-1;-1;-1;-1;-1;-1;-1;-1;17;17;17;50;84;34;67;50;17;9;4.34;4.33;2;Utenis Utena;Atlantas;1;1.36;1.33;2.33;1.33;1.83;84;84;84;50;17;100;100;50;0;0;0;258;28;Y;Y;Y;N;N;N;N
74328;1231;1232;2017;complete;361;7;-1;52;74;1;1;2;1;17;18;1;2;2;3;0;1;2;6;0;5;2;11;24;25;36;64;2;4;0;0;0;0;0;0;0;0;0;0;0;0;0;0;0;0;0;0;0;0;0;0;0;0;0;0;0;0;0;0;0;0;0;0;0;0;0;0;0;0;0;0;0;0;0;0;0;0;0;0;0;0;0;0;0;0;0;0;0;0;0;0;0;0;0;0;0;0;2;0;0;1;1;2;0;2017-04-20 17:00:00;-1;0;34;0;17;0;-1;1;-1;-1;-1;-1;-1;-1;1;1;1;3;2;4;-1;0;0;0;0;0;0;0;0;0;0;0;0;0;1;1;0;0;-1;-1;0;0;-1;-1;-1;-1;-1;-1;-1;-1;-1;0;0;0;34;59;0;42;34;17;6.5;7;7.83;0.92;Kauno Žalgiris;Trakai;0.71;1.57;0.5;1;0.17;1.5;100;100;100;67;42;67;50;25;0;0;0;258;28;Y;Y;N;N;N;N;Y
74329;1227;85;2017;complete;361;8;-1;;22,66,71,78;0;4;4;0;15;15;3;1;3;1;0;0;2;13;3;10;5;23;16;13;43;57;3;1;0;0;0;0;0;0;0;0;0;0;0;0;0;0;0;0;0;0;0;0;0;0;0;0;0;0;0;0;0;0;0;0;0;0;0;0;0;0;0;0;0;0;0;0;0;0;0;0;0;0;0;0;0;0;0;0;0;0;0;0;0;0;0;0;0;0;0;0;4;0;1;0;3;3;1;2017-04-25 15:00:00;85;0;59;13;29;0;-1;1;-1;-1;-1;-1;-1;-1;2;0;1;1;2;2;-1;0;0;0;0;0;0;0;0;0;0;0;0;0;1;1;0;0;-1;-1;1;0;-1;-1;-1;-1;-1;-1;-1;-1;-1;13;29;59;71;100;42;54;88;42;11.92;5.33;4.42;2.84;Utenis Utena;Žalgiris;1;1.86;1;3;1.14;2.57;88;71;42;29;0;84;67;54;0;0;0;258;28;Y;Y;Y;Y;N;N;N
74330;1230;1229;2017;complete;361;8;-1;7,24;;2;0;2;4;3;7;2;2;0;1;0;0;7;3;4;5;11;8;18;8;48;52;0;1;0;0;0;0;0;0;0;0;0;0;0;0;0;0;0;0;0;0;0;0;0;0;0;0;0;0;0;0;0;0;0;0;0;0;0;0;0;0;0;0;0;0;0;0;0;0;0;0;0;0;0;0;0;0;0;0;0;0;0;0;0;0;0;0;0;0;0;0;2;2;0;0;0;0;2;2017-04-25 17:00:00;1230;0;54;25;29;0;-1;1;-1;-1;-1;-1;-1;-1;0;1;0;0;1;0;-1;0;0;0;0;0;0;0;0;0;0;0;0;0;1;1;1;0;-1;-1;0;0;-1;-1;-1;-1;-1;-1;-1;-1;-1;29;42;42;54;71;42;54;71;29;12.75;4.92;4.08;2.5;Sūduva;Stumbras;2.14;0.71;1.5;0.33;1.71;0.71;71;59;59;46;29;88;75;75;0;0;0;258;28;Y;Y;N;N;N;N;N
74331;1233;1231;2017;complete;361;8;-1;12,14,63;39;3;1;4;3;9;12;2;1;2;3;0;0;5;4;6;5;11;9;16;14;43;57;2;3;0;0;0;0;0;0;0;0;0;0;0;0;0;0;0;0;0;0;0;0;0;0;0;0;0;0;0;0;0;0;0;0;0;0;0;0;0;0;0;0;0;0;0;0;0;0;0;0;0;0;0;0;0;0;0;0;0;0;0;0;0;0;0;0;0;0;0;0;4;2;1;1;0;1;3;2017-04-26 15:00:00;1233;0;75;13;46;0;-1;1;-1;-1;-1;-1;-1;-1;0;2;2;1;2;3;-1;0;0;0;0;0;0;0;0;0;0;0;0;0;1;1;0;0;-1;-1;0;0;-1;-1;-1;-1;-1;-1;-1;-1;-1;29;42;59;75;100;59;59;100;46;9;3.67;4.42;3.29;Atlantas;Kauno Žalgiris;1;0.36;1.33;0;2;0.29;71;59;42;25;0;100;71;59;0;0;0;258;28;Y;Y;Y;Y;N;N;Y
74332;1232;1228;2017;complete;361;8;-1;34;;1;0;1;8;4;12;2;2;1;0;0;0;6;3;6;2;12;5;17;23;54;46;1;0;0;0;0;0;0;0;0;0;0;0;0;0;0;0;0;0;0;0;0;0;0;0;0;0;0;0;0;0;0;0;0;0;0;0;0;0;0;0;0;0;0;0;0;0;0;0;0;0;0;0;0;0;0;0;0;0;0;0;0;0;0;0;0;0;0;0;0;0;1;1;0;0;0;0;1;2017-04-26 17:00:00;1232;0;38;25;25;0;-1;1;-1;-1;-1;-1;-1;-1;0;0;1;0;0;1;-1;0;0;0;0;0;0;0;0;0;0;0;0;0;1;1;0;0;-1;-1;0;0;-1;-1;-1;-1;-1;-1;-1;-1;-1;13;13;25;38;100;25;38;75;25;9.92;6.42;4;2;Trakai;Jonava;2.29;1.21;2;0.5;1.43;0.86;88;88;75;63;0;75;59;46;0;0;0;258;28;Y;N;N;N;N;N;N
74333;1228;1230;2017;complete;361;9;-1;52;2,58,77,83;1;4;5;0;5;5;4;3;2;2;1;0;2;11;1;3;3;14;15;11;43;57;3;2;0;0;0;0;0;0;0;0;0;0;0;0;0;0;0;0;0;0;0;0;0;0;0;0;0;0;0;0;0;0;0;0;0;0;0;0;0;0;0;0;0;0;0;0;0;0;0;0;0;0;0;0;0;0;0;0;0;0;0;0;0;0;0;0;0;0;0;0;5;0;1;1;3;4;1;2017-04-29 10:00:00;1230;0;67;17;33;0;-1;1;-1;-1;-1;-1;-1;-1;2;0;1;2;2;3;-1;0;0;0;0;0;0;0;0;0;0;0;0;0;1;1;0;1;-1;-1;1;0;-1;-1;-1;-1;-1;-1;-1;-1;-1;33;50;67;84;84;50;84;84;50;13.67;2;2;3.67;Jonava;Sūduva;1;2.07;1.33;2;0.75;1.88;67;50;34;17;17;84;67;34;0;0;0;258;28;Y;Y;Y;Y;Y;N;Y
74334;1229;1232;2017;complete;361;9;-1;57;45;1;1;2;5;4;9;4;1;1;2;0;0;5;4;6;6;11;10;20;18;32;68;1;2;0;0;0;0;0;0;0;0;0;0;0;0;0;0;0;0;0;0;0;0;0;0;0;0;0;0;0;0;0;0;0;0;0;0;0;0;0;0;0;0;0;0;0;0;0;0;0;0;0;0;0;0;0;0;0;0;0;0;0;0;0;0;0;0;0;0;0;0;2;0;1;1;0;1;1;2017-04-29 12:00:00;-1;0;75;0;38;0;-1;1;-1;-1;-1;-1;-1;-1;0;0;1;2;0;3;-1;0;0;0;0;0;0;0;0;1;0;1;0;0;1;1;0;0;-1;-1;0;0;-1;-1;-1;-1;-1;-1;-1;-1;-1;0;13;25;75;88;0;50;75;50;9;3.5;6;2;Stumbras;Trakai;0.86;1.57;1;1;0.63;1.63;100;88;75;25;13;38;13;13;0;0;0;258;28;Y;Y;N;N;N;N;Y
74335;1231;1227;2017;complete;361;9;-1;;41;0;1;1;6;5;11;2;7;0;3;0;0;3;3;6;3;9;6;9;15;53;47;0;3;0;0;0;0;0;0;0;0;0;0;0;0;0;0;0;0;0;0;0;0;0;0;0;0;0;0;0;0;0;0;0;0;0;0;0;0;0;0;0;0;0;0;0;0;0;0;0;0;0;0;0;0;0;0;0;0;0;0;0;0;0;0;0;0;0;0;0;0;1;0;1;0;0;0;1;2017-04-30 14:00:00;1227;0;33;0;17;0;-1;1;-1;-1;-1;-1;-1;-1;0;2;0;1;2;1;-1;0;0;0;0;0;0;0;0;0;0;0;0;0;1;1;0;0;-1;-1;0;0;-1;-1;-1;-1;-1;-1;-1;-1;-1;0;0;0;33;84;0;50;50;17;5.33;5.67;5.67;1.17;Kauno Žalgiris;Utenis Utena;0.71;1.29;0.67;1.33;0.25;1;100;100;100;67;17;84;84;67;0;0;0;258;28;Y;N;N;N;N;N;N
74336;85;1233;2017;complete;361;9;-1;20;;1;0;1;6;3;9;5;1;3;3;0;0;5;5;5;7;10;12;10;16;51;49;3;3;0;0;0;0;0;0;0;0;0;0;0;0;0;0;0;0;0;0;0;0;0;0;0;0;0;0;0;0;0;0;0;0;0;0;0;0;0;0;0;0;0;0;0;0;0;0;0;0;0;0;0;0;0;0;0;0;0;0;0;0;0;0;0;0;0;0;0;0;1;1;0;0;0;0;1;2017-04-30 15:30:00;85;0;25;13;13;0;-1;1;-1;-1;-1;-1;-1;-1;0;1;3;2;1;5;-1;0;0;0;0;0;0;0;0;0;0;0;0;0;1;1;0;0;-1;-1;0;0;-1;-1;-1;-1;-1;-1;-1;-1;-1;0;13;38;50;88;13;63;63;25;14.75;2.75;5.25;1.88;Žalgiris;Atlantas;2.29;1.36;2.25;2.5;2.63;2.13;100;88;63;50;13;88;88;63;0;0;0;258;28;Y;N;N;N;N;N;N
74337;1227;1232;2017;complete;361;10;-1;86;;1;0;1;3;8;11;1;5;1;3;0;1;6;9;4;12;10;21;10;11;48;52;1;4;0;0;0;0;0;0;0;0;0;0;0;0;0;0;0;0;0;0;0;0;0;0;0;0;0;0;0;0;0;0;0;0;0;0;0;0;0;0;0;0;0;0;0;0;0;0;0;0;0;0;0;0;0;0;0;0;0;0;0;0;0;0;0;0;0;0;0;0;1;0;0;1;0;1;0;2017-05-03 15:00:00;1227;0;60;10;30;0;-1;1;-1;-1;-1;-1;-1;-1;1;1;0;3;2;3;-1;0;0;0;0;0;0;0;0;0;0;0;0;0;1;1;0;0;-1;-1;0;0;-1;-1;-1;-1;-1;-1;-1;-1;-1;10;20;30;80;90;20;60;80;50;10.4;5.4;5.2;2.4;Utenis Utena;Trakai;1;1.57;0.8;1;1.22;1.56;90;80;70;20;10;80;60;50;0;0;0;258;28;Y;N;N;N;N;N;N
74338;85;1229;2017;complete;361;10;-1;9,13,15,89;90;4;1;5;6;6;12;1;3;1;0;0;0;8;5;3;6;11;11;21;9;54;46;1;0;0;0;0;0;0;0;0;0;0;0;0;0;0;0;0;0;0;0;0;0;0;0;0;0;0;0;0;0;0;0;0;0;0;0;0;0;0;0;0;0;0;0;0;0;0;0;0;0;0;0;0;0;0;0;0;0;0;0;0;0;0;0;0;0;0;0;0;0;5;3;0;1;1;2;3;2017-05-03 17:00:00;85;0;33;10;23;0;-1;1;-1;-1;-1;-1;-1;-1;1;0;0;0;1;0;-1;0;0;0;0;0;0;0;0;0;0;0;0;0;1;1;1;0;-1;-1;0;0;-1;-1;-1;-1;-1;-1;-1;-1;-1;13;23;33;45;88;35;55;55;23;13.15;4.5;5;2;Žalgiris;Stumbras;2.29;0.71;2.4;0.25;2.67;0.67;88;78;68;55;13;78;68;68;0;0;0;258;28;Y;Y;Y;Y;Y;N;Y
74339;1231;1228;2017;complete;361;10;-1;88;43,76,90;1;3;4;5;8;13;1;0;3;2;0;0;4;6;2;4;6;10;22;25;57;43;3;2;0;0;0;0;0;0;0;0;0;0;0;0;0;0;0;0;0;0;0;0;0;0;0;0;0;0;0;0;0;0;0;0;0;0;0;0;0;0;0;0;0;0;0;0;0;0;0;0;0;0;0;0;0;0;0;0;0;0;0;0;0;0;0;0;0;0;0;0;4;0;1;1;2;3;1;2017-05-04 15:00:00;1228;0;43;20;33;0;-1;1;-1;-1;-1;-1;-1;-1;0;1;3;1;1;4;-1;0;0;0;0;0;0;0;0;0;0;0;0;0;1;1;0;0;-1;-1;0;0;-1;-1;-1;-1;-1;-1;-1;-1;-1;10;10;20;43;88;20;65;33;33;6.6;5.35;4.35;1.8;Kauno Žalgiris;Jonava;0.71;1.21;0.5;0.4;0.22;0.67;90;90;80;58;13;80;80;58;0;0;0;258;28;Y;Y;Y;Y;N;N;Y
74340;1233;1230;2017;complete;361;10;-1;66;23;1;1;2;7;7;14;2;3;2;3;0;0;6;6;7;3;13;9;12;13;51;49;2;3;0;0;0;0;0;0;0;0;0;0;0;0;0;0;0;0;0;0;0;0;0;0;0;0;0;0;0;0;0;0;0;0;0;0;0;0;0;0;0;0;0;0;0;0;0;0;0;0;0;0;0;0;0;0;0;0;0;0;0;0;0;0;0;0;0;0;0;0;2;0;1;1;0;1;1;2017-05-04 17:00:00;-1;0;100;25;50;0;-1;1;-1;-1;-1;-1;-1;-1;1;3;1;0;4;1;-1;0;0;0;0;0;0;0;0;0;0;0;0;0;1;1;0;0;-1;-1;0;0;-1;-1;-1;-1;-1;-1;-1;-1;-1;38;63;88;100;100;63;88;100;63;12.5;4.5;3;4;Atlantas;Sūduva;1;2.07;1.75;2.25;1.89;2;63;38;13;0;0;88;63;63;0;0;0;258;28;Y;Y;N;N;N;N;Y
74341;1228;85;2017;complete;361;11;-1;;18,43;0;2;2;4;4;8;2;2;2;2;1;1;3;6;3;3;6;9;18;15;36;64;3;3;0;0;0;0;0;0;0;0;0;0;0;0;0;0;0;0;0;0;0;0;0;0;0;0;0;0;0;0;0;0;0;0;0;0;0;0;0;0;0;0;0;0;0;0;0;0;0;0;0;0;0;0;0;0;0;0;0;0;0;0;0;0;0;0;0;0;0;0;2;0;2;0;0;0;2;2017-05-10 15:00:00;85;0;50;0;38;0;-1;1;-1;-1;-1;-1;-1;-1;0;2;3;1;2;4;-1;0;0;0;0;0;0;0;0;0;0;0;0;0;1;1;0;0;-1;-1;0;0;-1;-1;-1;-1;-1;-1;-1;-1;-1;25;50;63;75;88;25;63;88;50;12.25;3.25;3.75;3.25;Jonava;Žalgiris;1;1.86;1;3;0.9;2.7;75;50;38;25;13;63;50;25;0;0;0;258;28;Y;Y;N;N;N;N;N
74342;1232;1233;2017;complete;361;11;-1;9,27,52,90;22;4;1;5;1;9;10;4;2;0;3;0;1;8;5;2;6;10;11;7;19;48;52;0;4;0;0;0;0;0;0;0;0;0;0;0;0;0;0;0;0;0;0;0;0;0;0;0;0;0;0;0;0;0;0;0;0;0;0;0;0;0;0;0;0;0;0;0;0;0;0;0;0;0;0;0;0;0;0;0;0;0;0;0;0;0;0;0;0;0;0;0;0;5;2;1;2;0;2;3;2017-05-10 17:00:00;1232;0;0;0;0;0;-1;1;-1;-1;-1;-1;-1;-1;0;1;0;3;1;3;-1;0;0;0;0;0;0;0;0;0;0;0;0;0;1;1;1;0;-1;-1;0;0;-1;-1;-1;-1;-1;-1;-1;-1;-1;0;0;10;20;90;0;53;58;10;11.95;4.65;4.15;1.2;Trakai;Atlantas;2.29;1.36;2.25;2;1.4;1.8;100;100;90;80;10;100;78;58;0;0;0;258;28;Y;Y;Y;Y;Y;N;Y
74343;1230;1227;2017;complete;361;11;-1;34,90;42;2;1;3;9;4;13;0;3;2;3;0;0;4;5;7;1;11;6;18;18;51;49;2;3;0;0;0;0;0;0;0;0;0;0;0;0;0;0;0;0;0;0;0;0;0;0;0;0;0;0;0;0;0;0;0;0;0;0;0;0;0;0;0;0;0;0;0;0;0;0;0;0;0;0;0;0;0;0;0;0;0;0;0;0;0;0;0;0;0;0;0;0;3;1;1;1;0;1;2;2017-05-11 15:00:00;1230;0;43;20;10;0;-1;1;-1;-1;-1;-1;-1;-1;0;3;2;0;3;2;-1;0;0;0;0;0;0;0;0;0;0;0;0;0;1;1;0;0;-1;-1;0;0;-1;-1;-1;-1;-1;-1;-1;-1;-1;10;20;20;53;90;30;78;55;10;10.55;5.95;3.65;2.03;Sūduva;Utenis Utena;2.14;1.29;1.8;1.75;1.9;1.4;90;80;80;48;10;68;58;58;0;0;0;258;28;Y;Y;Y;N;N;N;Y
74344;1229;1231;2017;complete;361;11;-1;73,76,90;;3;0;3;2;3;5;1;2;1;5;0;1;9;4;4;5;13;9;20;27;50;50;1;6;0;0;0;0;0;0;0;0;0;0;0;0;0;0;0;0;0;0;0;0;0;0;0;0;0;0;0;0;0;0;0;0;0;0;0;0;0;0;0;0;0;0;0;0;0;0;0;0;0;0;0;0;0;0;0;0;0;0;0;0;0;0;0;0;0;0;0;0;3;0;0;3;0;3;0;2017-05-11 17:00:00;1229;0;70;20;20;0;-1;1;-1;-1;-1;-1;-1;-1;1;3;0;3;4;3;-1;0;0;0;0;0;0;0;0;0;0;0;0;0;1;1;0;0;-1;-1;0;0;-1;-1;-1;-1;-1;-1;-1;-1;-1;10;40;50;70;100;30;70;90;30;7.8;2.4;5;2.9;Stumbras;Kauno Žalgiris;0.86;0.36;1;0;0.6;0.2;90;60;50;30;0;70;40;30;0;0;0;258;28;Y;Y;Y;N;N;N;N
74345;1231;1230;2017;complete;361;12;-1;;25,60;0;2;2;2;6;8;3;0;0;0;0;0;3;7;4;3;7;10;13;14;50;50;0;0;0;0;0;0;0;0;0;0;0;0;0;0;0;0;0;0;0;0;0;0;0;0;0;0;0;0;0;0;0;0;0;0;0;0;0;0;0;0;0;0;0;0;0;0;0;0;0;0;0;0;0;0;0;0;0;0;0;0;0;0;0;0;0;0;0;0;0;0;2;0;1;0;1;1;1;2017-05-16 15:00:00;1230;0;70;10;40;0;-1;-1;-1;-1;-1;-1;-1;-1;0;0;0;0;0;0;-1;0;0;0;0;0;0;0;0;0;0;0;0;0;1;1;0;0;-1;-1;-1;-1;-1;-1;-1;-1;-1;-1;-1;-1;-1;20;40;50;70;90;20;80;70;50;11.4;4.6;4.4;2.8;Kauno Žalgiris;Sūduva;0.71;2.07;0.4;2;0.18;2;80;60;50;30;10;90;80;70;0;0;0;258;28;Y;Y;N;N;N;N;N
74346;85;1232;2017;complete;361;12;-1;32;49;1;1;2;6;4;10;4;2;1;2;0;0;7;7;10;7;17;14;9;11;55;45;1;2;0;0;0;0;0;0;0;0;0;0;0;0;0;0;0;0;0;0;0;0;0;0;0;0;0;0;0;0;0;0;0;0;0;0;0;0;0;0;0;0;0;0;0;0;0;0;0;0;0;0;0;0;0;0;0;0;0;0;0;0;0;0;0;0;0;0;0;0;2;1;0;0;1;1;1;2017-05-16 17:00:00;-1;0;59;9;33;0;-1;1;-1;-1;-1;-1;-1;-1;0;1;1;1;1;2;-1;0;0;0;0;0;0;0;0;0;0;0;0;0;1;1;0;0;-1;-1;0;0;-1;-1;-1;-1;-1;-1;-1;-1;-1;9;17;25;59;92;17;50;75;33;14.66;4.66;6;2;Žalgiris;Trakai;2.29;1.57;2.5;0.83;2.73;1.55;92;84;75;42;9;75;50;50;0;0;0;258;28;Y;Y;N;N;N;N;Y
74347;1227;1229;2017;complete;361;12;-1;;;0;0;0;2;10;12;0;5;2;1;1;0;0;6;4;5;4;11;17;20;55;45;4;1;0;0;0;0;0;0;0;0;0;0;0;0;0;0;0;0;0;0;0;0;0;0;0;0;0;0;0;0;0;0;0;0;0;0;0;0;0;0;0;0;0;0;0;0;0;0;0;0;0;0;0;0;0;0;0;0;0;0;0;0;0;0;0;0;0;0;0;0;0;0;0;0;0;0;0;2017-05-17 15:00:00;-1;0;37;9;29;0;-1;1;-1;-1;-1;-1;-1;-1;2;0;1;1;2;2;-1;0;0;0;0;0;0;0;0;0;0;0;0;0;1;1;0;0;-1;-1;0;0;-1;-1;-1;-1;-1;-1;-1;-1;-1;29;37;45;64;90;47;64;72;45;8.87;5.27;3.43;2.72;Utenis Utena;Stumbras;1;0.71;1.17;0.2;1.27;0.82;72;64;55;37;10;90;90;82;0;0;0;258;28;N;N;N;N;N;N;N
74348;1233;1228;2017;complete;361;12;-1;;80;0;1;1;3;6;9;3;3;1;1;0;0;7;3;17;2;24;5;18;13;56;44;1;1;0;0;0;0;0;0;0;0;0;0;0;0;0;0;0;0;0;0;0;0;0;0;0;0;0;0;0;0;0;0;0;0;0;0;0;0;0;0;0;0;0;0;0;0;0;0;0;0;0;0;0;0;0;0;0;0;0;0;0;0;0;0;0;0;0;0;0;0;1;0;0;0;1;1;0;2017-05-17 17:00:00;1228;0;84;27;45;0;-1;1;-1;-1;-1;-1;-1;-1;1;0;0;1;1;1;-1;0;0;0;0;0;0;0;0;0;0;0;0;0;1;1;0;0;-1;-1;0;0;-1;-1;-1;-1;-1;-1;-1;-1;-1;19;37;55;84;100;47;82;75;45;9.1;4.57;3.47;3.02;Atlantas;Jonava;1;1.21;1.6;0.83;1.64;0.82;82;64;45;17;0;84;74;65;0;0;0;258;28;Y;N;N;N;N;N;N
74349;1228;1227;2017;complete;361;13;-1;21;;1;0;1;6;9;15;5;0;1;3;0;0;4;4;7;6;11;10;14;13;41;59;1;3;0;0;0;0;0;0;0;0;0;0;0;0;0;0;0;0;0;0;0;0;0;0;0;0;0;0;0;0;0;0;0;0;0;0;0;0;0;0;0;0;0;0;0;0;0;0;0;0;0;0;0;0;0;0;0;0;0;0;0;0;0;0;0;0;0;0;0;0;1;1;0;0;0;0;1;2017-05-23 15:00:00;1228;0;40;10;20;0;-1;1;-1;-1;-1;-1;-1;-1;0;1;1;2;1;3;-1;0;0;0;0;0;0;0;0;0;0;0;0;0;1;1;0;0;-1;-1;0;0;-1;-1;-1;-1;-1;-1;-1;-1;-1;20;20;30;60;90;30;80;60;20;7.2;5;4.2;2.4;Jonava;Utenis Utena;1;1.29;0.8;1.4;1;1.25;80;80;70;40;10;60;60;40;0;0;0;258;28;Y;N;N;N;N;N;N
74350;1232;1231;2017;complete;361;13;-1;30,56,68,74;41;4;1;5;7;3;10;3;2;2;1;0;0;9;5;8;8;17;13;10;16;60;40;2;1;0;0;0;0;0;0;0;0;0;0;0;0;0;0;0;0;0;0;0;0;0;0;0;0;0;0;0;0;0;0;0;0;0;0;0;0;0;0;0;0;0;0;0;0;0;0;0;0;0;0;0;0;0;0;0;0;0;0;0;0;0;0;0;0;0;0;0;0;5;1;1;3;0;3;2;2017-05-23 17:00:00;1232;0;35;27;9;0;-1;1;-1;-1;-1;-1;-1;-1;0;0;2;1;0;3;-1;0;0;0;0;0;0;0;1;0;1;0;0;0;1;1;0;0;-1;-1;0;0;-1;-1;-1;-1;-1;-1;-1;-1;-1;19;35;44;44;100;35;45;90;27;10.4;4.57;4.73;2.57;Trakai;Kauno Žalgiris;2.29;0.36;2.4;0;1.5;0.17;82;65;57;57;0;92;74;55;0;0;0;258;28;Y;Y;Y;Y;Y;N;Y
74351;1230;85;2017;complete;361;13;-1;;;0;0;0;6;9;15;1;8;1;0;0;0;5;4;9;5;14;9;16;8;45;55;1;0;0;0;0;0;0;0;0;0;0;0;0;0;0;0;0;0;0;0;0;0;0;0;0;0;0;0;0;0;0;0;0;0;0;0;0;0;0;0;0;0;0;0;0;0;0;0;0;0;0;0;0;0;0;0;0;0;0;0;0;0;0;0;0;0;0;0;0;0;0;0;0;0;0;0;0;2017-05-24 15:00:00;-1;0;54;25;19;0;-1;1;-1;-1;-1;-1;-1;-1;0;0;1;0;0;1;-1;0;0;0;0;0;0;0;0;0;0;0;0;0;1;1;0;0;-1;-1;0;0;-1;-1;-1;-1;-1;-1;-1;-1;-1;9;37;55;82;92;54;72;74;29;15.2;3.83;3.9;2.82;Sūduva;Žalgiris;2.14;1.86;2;3;2.08;2.58;92;64;45;19;9;64;45;45;0;0;0;258;28;N;N;N;N;N;N;N
74352;1229;1233;2017;complete;361;13;-1;89;44;1;1;2;2;6;8;3;3;4;4;0;1;6;3;4;6;10;9;13;23;55;45;4;5;0;0;0;0;0;0;0;0;0;0;0;0;0;0;0;0;0;0;0;0;0;0;0;0;0;0;0;0;0;0;0;0;0;0;0;0;0;0;0;0;0;0;0;0;0;0;0;0;0;0;0;0;0;0;0;0;0;0;0;0;0;0;0;0;0;0;0;0;2;0;1;1;0;1;1;2017-05-24 17:00:00;-1;0;42;9;9;0;-1;1;-1;-1;-1;-1;-1;-1;1;1;3;4;2;7;-1;0;0;0;0;0;0;0;0;1;0;1;0;0;1;1;0;0;-1;-1;0;0;-1;-1;-1;-1;-1;-1;-1;-1;-1;9;17;42;67;92;9;75;67;42;8.33;2.83;4.67;2.25;Stumbras;Atlantas;0.86;1.36;1.33;1.67;0.83;1.5;92;83;59;34;9;67;42;17;0;0;0;258;28;Y;Y;N;N;N;N;Y
74353;1228;1229;2017;complete;361;14;-1;90;45,60;1;2;3;7;2;9;5;2;2;2;0;0;3;7;5;6;8;13;12;17;56;44;2;2;0;0;0;0;0;0;0;0;0;0;0;0;0;0;0;0;0;0;0;0;0;0;0;0;0;0;0;0;0;0;0;0;0;0;0;0;0;0;0;0;0;0;0;0;0;0;0;0;0;0;0;0;0;0;0;0;0;0;0;0;0;0;0;0;0;0;0;0;3;0;1;1;1;2;1;2017-05-31 15:00:00;1229;0;33;0;33;0;-1;1;-1;-1;-1;-1;-1;-1;1;2;1;0;3;1;-1;0;0;0;0;0;0;0;0;0;0;0;0;0;1;1;0;0;-1;-1;0;0;-1;-1;-1;-1;-1;-1;-1;-1;-1;33;33;33;59;75;42;67;50;33;9.67;5;3.17;2.5;Jonava;Stumbras;1;0.71;1.17;0.33;1.15;0.85;67;67;67;42;25;67;67;50;0;0;0;258;28;Y;Y;Y;N;N;N;Y
74354;1232;1230;2017;complete;361;14;-1;37,68;;2;0;2;2;9;11;4;2;3;2;0;0;5;11;4;6;9;17;14;13;51;49;3;2;0;0;0;0;0;0;0;0;0;0;0;0;0;0;0;0;0;0;0;0;0;0;0;0;0;0;0;0;0;0;0;0;0;0;0;0;0;0;0;0;0;0;0;0;0;0;0;0;0;0;0;0;0;0;0;0;0;0;0;0;0;0;0;0;0;0;0;0;2;1;0;1;0;1;1;2017-05-31 17:00:00;1232;0;58;25;17;0;-1;1;-1;-1;-1;-1;-1;-1;2;0;1;2;2;3;-1;0;0;0;0;0;0;0;0;0;0;0;0;0;1;1;0;0;-1;-1;1;0;-1;-1;-1;-1;-1;-1;-1;-1;-1;33;42;50;67;100;33;75;92;42;13.5;5.16;2.83;3;Trakai;Sūduva;2.29;2.07;2.5;2.17;1.62;2;67;59;50;34;0;84;67;50;0;0;0;258;28;Y;Y;N;N;N;N;N
74355;1231;85;2017;complete;361;14;-1;28,66;;2;0;2;3;15;18;0;0;3;0;0;0;4;4;4;8;8;12;16;10;29;71;3;0;0;0;0;0;0;0;0;0;0;0;0;0;0;0;0;0;0;0;0;0;0;0;0;0;0;0;0;0;0;0;0;0;0;0;0;0;0;0;0;0;0;0;0;0;0;0;0;0;0;0;0;0;0;0;0;0;0;0;0;0;0;0;0;0;0;0;0;0;2;1;0;1;0;1;1;2017-06-01 15:00:00;1231;0;33;0;25;0;-1;1;-1;-1;-1;-1;-1;-1;1;0;2;0;1;2;-1;0;0;0;0;0;0;0;0;0;0;0;0;0;1;1;0;0;-1;-1;0;0;-1;-1;-1;-1;-1;-1;-1;-1;-1;0;25;34;59;83;17;59;59;33;11.33;5.5;4.33;2;Kauno Žalgiris;Žalgiris;0.71;1.86;0.33;2.67;0.15;2.46;100;75;67;42;17;75;67;59;0;0;0;258;28;Y;Y;N;N;N;N;N
74356;1233;1227;2017;complete;361;14;-1;32,49;7,36;2;2;4;13;3;16;3;5;2;0;0;0;9;6;11;4;20;10;21;13;53;47;2;0;0;0;0;0;0;0;0;0;0;0;0;0;0;0;0;0;0;0;0;0;0;0;0;0;0;0;0;0;0;0;0;0;0;0;0;0;0;0;0;0;0;0;0;0;0;0;0;0;0;0;0;0;0;0;0;0;0;0;0;0;0;0;0;0;0;0;0;0;4;1;2;1;0;1;3;2017-06-01 17:00:00;-1;0;58;17;17;0;-1;1;-1;-1;-1;-1;-1;-1;0;0;2;0;0;2;-1;0;0;0;0;0;0;0;0;0;0;0;0;0;1;1;0;1;-1;-1;0;0;-1;-1;-1;-1;-1;-1;-1;-1;-1;9;17;34;58;100;34;75;75;17;9.17;5.5;4.17;2.17;Atlantas;Utenis Utena;1;1.29;1.33;1.17;1.46;1.15;92;84;67;42;0;92;75;75;0;0;0;258;28;Y;Y;Y;Y;N;N;Y
74357;85;1233;2017;complete;361;15;-1;23,46,59;;3;0;3;10;6;16;11;1;0;1;0;0;5;5;8;15;13;20;12;15;56;44;0;1;0;0;0;0;0;0;0;0;0;0;0;0;0;0;0;0;0;0;0;0;0;0;0;0;0;0;0;0;0;0;0;0;0;0;0;0;0;0;0;0;0;0;0;0;0;0;0;0;0;0;0;0;0;0;0;0;0;0;0;0;0;0;0;0;0;0;0;0;3;1;0;2;0;2;1;2017-06-14 15:00:00;85;0;43;14;15;0;-1;1;-1;-1;-1;-1;-1;-1;0;1;0;0;1;0;-1;0;0;0;0;0;0;0;0;0;0;0;0;0;1;1;0;0;-1;-1;0;0;-1;-1;-1;-1;-1;-1;-1;-1;-1;14;22;36;57;93;22;79;64;29;13.57;3.85;5.43;2.22;Žalgiris;Atlantas;2.29;1.36;2.29;1.57;2.29;1.43;86;79;64;43;7;86;71;43;0;0;0;258;28;Y;Y;Y;N;N;N;N
74358;1229;1232;2017;complete;361;15;-1;;;0;0;0;2;4;6;1;1;1;2;0;0;0;3;4;9;4;12;16;16;38;62;1;2;0;0;0;0;0;0;0;0;0;0;0;0;0;0;0;0;0;0;0;0;0;0;0;0;0;0;0;0;0;0;0;0;0;0;0;0;0;0;0;0;0;0;0;0;0;0;0;0;0;0;0;0;0;0;0;0;0;0;0;0;0;0;0;0;0;0;0;0;0;0;0;0;0;0;0;2017-06-14 17:00:00;-1;0;71;0;22;0;-1;1;-1;-1;-1;-1;-1;-1;0;0;1;2;0;3;-1;0;0;0;0;0;0;0;0;0;0;0;0;0;1;1;0;0;-1;-1;0;0;-1;-1;-1;-1;-1;-1;-1;-1;-1;0;7;22;79;93;0;57;86;36;8.71;4.28;5.43;2;Stumbras;Trakai;0.86;1.57;1.29;0.86;1;1.71;100;93;79;22;7;50;22;15;0;0;0;258;28;N;N;N;N;N;N;N
74359;1227;1231;2017;complete;361;15;-1;;;0;0;0;7;2;9;3;4;3;3;1;0;10;3;16;10;26;13;13;12;64;36;5;3;0;0;0;0;0;0;0;0;0;0;0;0;0;0;0;0;0;0;0;0;0;0;0;0;0;0;0;0;0;0;0;0;0;0;0;0;0;0;0;0;0;0;0;0;0;0;0;0;0;0;0;0;0;0;0;0;0;0;0;0;0;0;0;0;0;0;0;0;0;0;0;0;0;0;0;2017-06-15 15:00:00;-1;0;43;29;14;0;-1;1;-1;-1;-1;-1;-1;-1;1;0;3;3;1;6;-1;0;0;0;0;0;0;0;0;0;0;0;0;0;1;1;0;0;-1;-1;0;0;-1;-1;-1;-1;-1;-1;-1;-1;-1;22;43;57;64;93;43;57;86;43;8.15;3.58;5.14;3;Utenis Utena;Kauno Žalgiris;1;0.36;1.14;0;1.14;0.36;79;57;43;36;7;93;86;65;0;0;0;258;28;N;N;N;N;N;N;N
74360;1230;1228;2017;complete;361;15;-1;41;84;1;1;2;2;5;7;2;2;2;2;0;0;5;3;10;3;15;6;21;18;48;52;2;2;0;0;0;0;0;0;0;0;0;0;0;0;0;0;0;0;0;0;0;0;0;0;0;0;0;0;0;0;0;0;0;0;0;0;0;0;0;0;0;0;0;0;0;0;0;0;0;0;0;0;0;0;0;0;0;0;0;0;0;0;0;0;0;0;0;0;0;0;2;1;0;0;1;1;1;2017-06-15 17:00:00;-1;0;57;36;29;0;-1;1;-1;-1;-1;-1;-1;-1;0;1;2;1;1;3;-1;0;0;0;0;0;0;0;0;0;0;0;0;0;1;1;0;0;-1;-1;0;0;-1;-1;-1;-1;-1;-1;-1;-1;-1;14;29;43;64;86;43;71;57;29;11.57;4;3;2.5;Sūduva;Jonava;2.14;1.21;1.86;1.14;1.86;1.07;86;71;57;36;15;71;57;50;0;0;0;258;28;Y;Y;N;N;N;N;Y
74361;1228;85;2017;complete;361;16;-1;13;29,90;1;2;3;4;3;7;4;3;5;3;1;0;6;8;4;4;10;12;22;17;42;58;6;3;0;0;0;0;0;0;0;0;0;0;0;0;0;0;0;0;0;0;0;0;0;0;0;0;0;0;0;0;0;0;0;0;0;0;0;0;0;0;0;0;0;0;0;0;0;0;0;0;0;0;0;0;0;0;0;0;0;0;0;0;0;0;0;0;0;0;0;0;3;1;1;0;1;1;2;2017-06-20 15:00:00;85;0;36;0;29;0;-1;1;-1;-1;-1;-1;-1;-1;2;1;4;2;3;6;-1;0;0;0;0;0;0;0;0;0;0;0;0;0;1;1;0;0;-1;-1;0;0;-1;-1;-1;-1;-1;-1;-1;-1;-1;15;29;43;71;86;29;72;64;36;13.43;5;3.42;2.58;Jonava;Žalgiris;1;1.86;1;2.29;1.07;2.33;86;71;57;29;14;64;50;36;0;0;0;258;28;Y;Y;Y;N;N;N;Y
74362;1229;1231;2017;complete;361;16;-1;;54;0;1;1;3;5;8;0;2;1;1;0;0;3;4;3;5;6;9;22;28;54;46;1;1;0;0;0;0;0;0;0;0;0;0;0;0;0;0;0;0;0;0;0;0;0;0;0;0;0;0;0;0;0;0;0;0;0;0;0;0;0;0;0;0;0;0;0;0;0;0;0;0;0;0;0;0;0;0;0;0;0;0;0;0;0;0;0;0;0;0;0;0;1;0;0;0;1;1;0;2017-06-20 17:00:00;1231;0;57;19;13;0;-1;1;-1;-1;-1;-1;-1;-1;0;0;1;1;0;2;-1;0;0;0;0;0;0;0;0;0;0;0;0;0;1;1;0;0;-1;-1;0;0;-1;-1;-1;-1;-1;-1;-1;-1;-1;13;32;51;69;88;25;57;82;38;6.63;3.13;5.13;2.63;Stumbras;Kauno Žalgiris;0.86;0.36;1.25;0.13;1;0.4;88;69;51;32;13;57;32;19;0;0;0;258;28;Y;N;N;N;N;N;N
74363;1230;1233;2017;complete;361;16;-1;53;72;1;1;2;6;6;12;5;0;2;2;0;0;5;4;3;7;8;11;18;15;57;43;2;2;0;0;0;0;0;0;0;0;0;0;0;0;0;0;0;0;0;0;0;0;0;0;0;0;0;0;0;0;0;0;0;0;0;0;0;0;0;0;0;0;0;0;0;0;0;0;0;0;0;0;0;0;0;0;0;0;0;0;0;0;0;0;0;0;0;0;0;0;2;0;0;1;1;2;0;2017-06-21 15:00:00;-1;0;44;26;7;0;-1;1;-1;-1;-1;-1;-1;-1;0;0;2;2;0;4;-1;0;0;0;0;0;0;0;0;0;0;0;0;0;1;1;0;0;-1;-1;0;0;-1;-1;-1;-1;-1;-1;-1;-1;-1;13;19;38;69;82;32;82;63;26;12.25;3.38;4.25;2.26;Sūduva;Atlantas;2.14;1.36;1.75;1.38;1.8;1.33;88;82;63;32;19;76;63;44;0;0;0;258;28;Y;Y;N;N;N;N;Y
74364;1232;1227;2017;complete;361;16;-1;15,28,61;;3;0;3;8;4;12;7;1;0;1;0;0;9;2;6;7;15;9;11;10;61;39;0;1;0;0;0;0;0;0;0;0;0;0;0;0;0;0;0;0;0;0;0;0;0;0;0;0;0;0;0;0;0;0;0;0;0;0;0;0;0;0;0;0;0;0;0;0;0;0;0;0;0;0;0;0;0;0;0;0;0;0;0;0;0;0;0;0;0;0;0;0;3;2;0;1;0;1;2;2017-06-21 17:00:00;1232;0;36;29;0;0;-1;1;-1;-1;-1;-1;-1;-1;0;0;0;1;0;1;-1;0;0;0;0;0;0;0;0;0;0;0;0;0;1;1;0;0;-1;-1;0;0;-1;-1;-1;-1;-1;-1;-1;-1;-1;15;22;29;43;100;29;72;72;15;9.72;6.72;3.85;2.08;Trakai;Utenis Utena;2.29;1.29;2.57;1.14;1.67;1.13;86;79;71;57;0;93;86;72;0;0;0;258;28;Y;Y;Y;N;N;N;N
74365;1231;1228;2017;complete;361;17;-1;69;;1;0;1;3;6;9;0;2;2;1;0;0;3;4;6;6;9;10;17;15;44;56;2;1;0;0;0;0;0;0;0;0;0;0;0;0;0;0;0;0;0;0;0;0;0;0;0;0;0;0;0;0;0;0;0;0;0;0;0;0;0;0;0;0;0;0;0;0;0;0;0;0;0;0;0;0;0;0;0;0;0;0;0;0;0;0;0;0;0;0;0;0;1;0;0;1;0;1;0;2017-07-22 14:00:00;1231;0;46;13;34;0;-1;1;-1;-1;-1;-1;-1;-1;0;0;2;1;0;3;-1;0;0;0;0;0;0;0;0;0;0;0;0;0;1;1;0;0;-1;-1;0;0;-1;-1;-1;-1;-1;-1;-1;-1;-1;7;20;26;60;93;13;73;60;34;7.71;4.39;4.06;2.11;Kauno Žalgiris;Jonava;0.71;1.21;0.71;1.13;0.56;1;94;81;75;41;7;75;68;55;0;0;0;258;28;Y;N;N;N;N;N;N
74366;85;1229;2017;complete;361;17;-1;33;;1;0;1;7;3;10;3;3;4;2;0;0;6;4;9;13;15;17;19;15;56;44;4;2;0;0;0;0;0;0;0;0;0;0;0;0;0;0;0;0;0;0;0;0;0;0;0;0;0;0;0;0;0;0;0;0;0;0;0;0;0;0;0;0;0;0;0;0;0;0;0;0;0;0;0;0;0;0;0;0;0;0;0;0;0;0;0;0;0;0;0;0;1;1;0;0;0;0;1;2017-07-22 16:00:00;85;0;47;7;34;0;-1;1;-1;-1;-1;-1;-1;-1;1;1;3;1;2;4;-1;0;0;0;0;0;0;0;0;0;0;0;0;0;1;1;0;0;-1;-1;0;0;-1;-1;-1;-1;-1;-1;-1;-1;-1;21;27;47;60;86;34;66;66;41;13.34;6.11;3.7;2.4;Žalgiris;Stumbras;2.29;0.71;2.38;0.71;2.38;0.94;80;73;54;41;15;87;73;67;0;0;0;258;28;Y;N;N;N;N;N;N
74367;1227;1230;2017;complete;361;17;-1;80;;1;0;1;5;4;9;6;0;3;2;0;0;8;8;8;5;16;13;21;17;54;46;3;2;0;0;0;0;0;0;0;0;0;0;0;0;0;0;0;0;0;0;0;0;0;0;0;0;0;0;0;0;0;0;0;0;0;0;0;0;0;0;0;0;0;0;0;0;0;0;0;0;0;0;0;0;0;0;0;0;0;0;0;0;0;0;0;0;0;0;0;0;1;0;0;1;0;1;0;2017-07-23 15:00:00;1227;0;48;14;21;0;-1;1;-1;-1;-1;-1;-1;-1;1;0;2;2;1;4;-1;0;0;0;0;0;0;0;0;0;0;0;0;0;1;1;0;0;-1;-1;0;0;-1;-1;-1;-1;-1;-1;-1;-1;-1;21;34;48;75;88;27;75;82;41;11.92;4.24;3.93;2.78;Utenis Utena;Sūduva;1;2.07;1.13;1.86;1.06;1.75;80;66;53;25;13;86;73;66;0;0;0;258;28;Y;N;N;N;N;N;N
74368;1233;1232;2017;complete;361;17;-1;;71;0;1;1;6;2;8;1;2;0;2;0;0;6;3;5;4;11;7;13;8;44;56;0;2;0;0;0;0;0;0;0;0;0;0;0;0;0;0;0;0;0;0;0;0;0;0;0;0;0;0;0;0;0;0;0;0;0;0;0;0;0;0;0;0;0;0;0;0;0;0;0;0;0;0;0;0;0;0;0;0;0;0;0;0;0;0;0;0;0;0;0;0;1;0;0;0;1;1;0;2017-07-23 17:00:00;1232;0;75;15;27;0;-1;1;-1;-1;-1;-1;-1;-1;0;2;0;0;2;0;-1;0;0;0;0;0;0;0;0;0;0;0;0;0;1;1;0;0;-1;-1;0;0;-1;-1;-1;-1;-1;-1;-1;-1;-1;7;22;29;75;88;29;55;88;27;11.67;5.07;4.71;2.19;Atlantas;Trakai;1;1.57;1.29;0.88;1.31;1.75;93;79;72;26;13;82;55;48;0;0;0;258;28;Y;N;N;N;N;N;N
74369;1231;85;2017;complete;361;18;-1;11;38;1;1;2;0;8;8;1;3;2;2;0;0;5;4;4;4;9;8;19;19;38;62;2;2;0;0;0;0;0;0;0;0;0;0;0;0;0;0;0;0;0;0;0;0;0;0;0;0;0;0;0;0;0;0;0;0;0;0;0;0;0;0;0;0;0;0;0;0;0;0;0;0;0;0;0;0;0;0;0;0;0;0;0;0;0;0;0;0;0;0;0;0;2;1;1;0;0;0;2;2017-07-25 15:00:00;-1;0;32;7;19;0;-1;1;-1;-1;-1;-1;-1;-1;0;1;2;1;1;3;-1;0;0;0;0;0;0;0;0;0;0;0;0;0;1;1;0;0;-1;-1;0;0;-1;-1;-1;-1;-1;-1;-1;-1;-1;0;19;32;63;88;19;63;69;25;11.51;4.51;4.26;2.01;Kauno Žalgiris;Žalgiris;0.71;1.86;1;2.38;0.71;2.41;100;82;69;38;13;76;63;57;0;0;0;258;28;Y;Y;N;N;N;N;Y
74370;1227;1233;2017;complete;361;18;-1;72;37;1;1;2;7;4;11;7;5;2;2;0;0;6;4;10;8;16;12;10;13;63;37;2;2;0;0;0;0;0;0;0;0;0;0;0;0;0;0;0;0;0;0;0;0;0;0;0;0;0;0;0;0;0;0;0;0;0;0;0;0;0;0;0;0;0;0;0;0;0;0;0;0;0;0;0;0;0;0;0;0;0;0;0;0;0;0;0;0;0;0;0;0;2;0;1;1;0;1;1;2017-07-26 15:00:00;-1;0;28;11;11;0;-1;1;-1;-1;-1;-1;-1;-1;0;0;2;2;0;4;-1;0;0;0;0;0;0;0;0;0;0;0;0;0;1;1;0;0;-1;-1;0;0;-1;-1;-1;-1;-1;-1;-1;-1;-1;11;17;33;56;84;17;61;67;39;10;4.22;5.23;2.06;Utenis Utena;Atlantas;1;1.36;1.33;1.33;1.18;1.24;89;84;67;45;17;95;78;56;0;0;0;258;28;Y;Y;N;N;N;N;Y
74371;1229;1228;2017;complete;361;18;-1;;;0;0;0;4;8;12;2;0;4;3;0;0;5;5;12;8;17;13;26;16;48;52;4;3;0;0;0;0;0;0;0;0;0;0;0;0;0;0;0;0;0;0;0;0;0;0;0;0;0;0;0;0;0;0;0;0;0;0;0;0;0;0;0;0;0;0;0;0;0;0;0;0;0;0;0;0;0;0;0;0;0;0;0;0;0;0;0;0;0;0;0;0;0;0;0;0;0;0;0;2017-07-28 15:00:00;-1;0;56;11;22;0;-1;1;-1;-1;-1;-1;-1;-1;2;1;2;2;3;4;-1;0;0;0;0;0;0;0;0;0;0;0;0;0;1;1;0;0;-1;-1;0;0;-1;-1;-1;-1;-1;-1;-1;-1;-1;6;17;33;62;95;11;62;73;33;7.22;3.55;3.56;2.17;Stumbras;Jonava;0.86;1.21;1.11;1;0.88;0.94;95;84;67;39;6;45;22;17;0;0;0;258;28;N;N;N;N;N;N;N
74372;85;1227;2017;complete;361;19;-1;16,26,37,64,77;;5;0;5;6;5;11;4;5;2;2;0;0;7;10;2;11;9;21;19;27;48;52;2;2;0;0;0;0;0;0;0;0;0;0;0;0;0;0;0;0;0;0;0;0;0;0;0;0;0;0;0;0;0;0;0;0;0;0;0;0;0;0;0;0;0;0;0;0;0;0;0;0;0;0;0;0;0;0;0;0;0;0;0;0;0;0;0;0;0;0;0;0;5;3;0;2;0;2;3;2017-08-02 17:00:00;85;0;41;18;11;0;-1;1;-1;-1;-1;-1;-1;-1;2;1;0;1;3;1;-1;0;0;0;0;0;0;0;0;0;0;0;0;0;1;1;0;0;-1;-1;1;0;-1;-1;-1;-1;-1;-1;-1;-1;-1;6;18;41;53;100;30;83;65;17;12.32;6.22;4.33;2.17;Žalgiris;Utenis Utena;2.29;1.29;2.44;1;2.33;1.17;95;83;60;47;0;89;83;72;0;0;0;258;28;Y;Y;Y;Y;Y;N;N
74373;1233;1231;2017;complete;361;19;-1;72;38;1;1;2;8;3;11;2;6;2;1;0;0;5;4;14;6;19;10;13;12;60;40;2;1;0;0;0;0;0;0;0;0;0;0;0;0;0;0;0;0;0;0;0;0;0;0;0;0;0;0;0;0;0;0;0;0;0;0;0;0;0;0;0;0;0;0;0;0;0;0;0;0;0;0;0;0;0;0;0;0;0;0;0;0;0;0;0;0;0;0;0;0;2;0;1;1;0;1;1;2017-08-03 15:00:00;-1;0;60;29;18;0;-1;1;-1;-1;-1;-1;-1;-1;1;0;1;1;1;2;-1;0;0;0;0;0;0;0;0;0;0;0;0;0;1;1;0;0;-1;-1;1;0;-1;-1;-1;-1;-1;-1;-1;-1;-1;18;41;53;66;95;47;54;95;29;10.03;4.05;4.28;2.82;Atlantas;Kauno Žalgiris;1;0.36;1.13;0.44;1.22;0.72;83;60;47;35;6;83;60;48;0;0;0;258;28;Y;Y;N;N;N;N;Y
74374;1228;1232;2017;complete;361;19;-1;11;43,68,75;1;3;4;4;5;9;4;4;2;1;0;0;6;9;9;9;15;18;10;13;41;59;2;1;0;0;0;0;0;0;0;0;0;0;0;0;0;0;0;0;0;0;0;0;0;0;0;0;0;0;0;0;0;0;0;0;0;0;0;0;0;0;0;0;0;0;0;0;0;0;0;0;0;0;0;0;0;0;0;0;0;0;0;0;0;0;0;0;0;0;0;0;4;1;1;0;2;2;2;2017-08-06 15:00:00;1232;0;53;7;30;0;-1;1;-1;-1;-1;-1;-1;-1;1;1;1;0;2;1;-1;0;0;0;0;0;0;0;0;0;0;0;0;0;1;1;0;0;-1;-1;0;0;-1;-1;-1;-1;-1;-1;-1;-1;-1;13;13;25;66;83;19;61;71;30;9.75;5.07;5.14;2.11;Jonava;Trakai;1;1.57;0.88;1.11;0.94;1.82;88;88;75;35;18;53;36;18;0;0;0;258;28;Y;Y;Y;Y;N;N;Y
74375;1230;1229;2017;complete;361;19;-1;7,10,45,68;51,69;4;2;6;6;1;7;1;1;0;1;0;0;7;5;6;10;13;15;13;15;53;47;0;1;0;0;0;0;0;0;0;0;0;0;0;0;0;0;0;0;0;0;0;0;0;0;0;0;0;0;0;0;0;0;0;0;0;0;0;0;0;0;0;0;0;0;0;0;0;0;0;0;0;0;0;0;0;0;0;0;0;0;0;0;0;0;0;0;0;0;0;0;6;3;0;1;2;3;3;2017-08-06 17:00:00;1230;0;53;17;30;0;-1;1;-1;-1;-1;-1;-1;-1;0;1;0;0;1;0;-1;0;0;0;0;0;0;0;0;0;0;0;0;0;1;1;2;0;-1;-1;0;0;-1;-1;-1;-1;-1;-1;-1;-1;-1;18;24;36;64;77;41;65;59;30;11.39;4.99;3.19;2.23;Sūduva;Stumbras;2.14;0.71;1.67;0.63;1.65;0.89;82;77;65;36;24;78;66;60;0;0;0;258;28;Y;Y;Y;Y;Y;Y;Y
74376;1231;1232;2017;complete;361;20;-1;83;41,90;1;2;3;2;4;6;3;1;3;1;0;0;2;4;8;4;10;8;12;12;42;58;3;1;0;0;0;0;0;0;0;0;0;0;0;0;0;0;0;0;0;0;0;0;0;0;0;0;0;0;0;0;0;0;0;0;0;0;0;0;0;0;0;0;0;0;0;0;0;0;0;0;0;0;0;0;0;0;0;0;0;0;0;0;0;0;0;0;0;0;0;0;3;0;1;1;1;2;1;2017-08-09 15:00:00;1232;0;47;11;21;0;-1;1;-1;-1;-1;-1;-1;-1;1;0;2;1;1;3;-1;0;0;0;0;0;0;0;0;0;0;0;0;0;1;1;0;0;-1;-1;0;0;-1;-1;-1;-1;-1;-1;-1;-1;-1;0;11;11;58;85;11;54;68;26;8.22;4.38;5.03;1.64;Kauno Žalgiris;Trakai;0.71;1.57;1;1.3;0.74;1.89;100;90;90;42;16;69;49;38;0;0;0;258;28;Y;Y;Y;N;N;N;Y
74377;85;1230;2017;complete;361;20;-1;50;79;1;1;2;5;4;9;5;7;3;4;0;0;6;0;6;4;12;4;17;15;57;43;3;4;0;0;0;0;0;0;0;0;0;0;0;0;0;0;0;0;0;0;0;0;0;0;0;0;0;0;0;0;0;0;0;0;0;0;0;0;0;0;0;0;0;0;0;0;0;0;0;0;0;0;0;0;0;0;0;0;0;0;0;0;0;0;0;0;0;0;0;0;2;0;0;1;1;2;0;2017-08-09 17:00:00;-1;0;52;12;23;0;-1;1;-1;-1;-1;-1;-1;-1;2;1;1;3;3;4;-1;0;0;0;0;0;0;0;1;0;1;0;0;0;1;1;0;0;-1;-1;0;0;-1;-1;-1;-1;-1;-1;-1;-1;-1;23;34;50;74;100;28;84;85;39;15.08;4.93;3.8;2.87;Žalgiris;Sūduva;2.29;2.07;2.5;1.63;2.37;1.72;78;67;50;27;0;83;65;55;0;0;0;258;28;Y;Y;N;N;N;N;Y
74378;1227;1229;2017;complete;361;20;-1;52;19;1;1;2;3;3;6;2;2;4;5;1;0;3;2;8;5;11;7;15;18;64;36;6;5;0;0;0;0;0;0;0;0;0;0;0;0;0;0;0;0;0;0;0;0;0;0;0;0;0;0;0;0;0;0;0;0;0;0;0;0;0;0;0;0;0;0;0;0;0;0;0;0;0;0;0;0;0;0;0;0;0;0;0;0;0;0;0;0;0;0;0;0;2;0;1;1;0;1;1;2017-08-10 15:00:00;-1;0;37;5;27;0;-1;1;-1;-1;-1;-1;-1;-1;2;2;3;3;4;6;-1;0;0;0;0;0;0;0;0;0;0;0;0;0;1;1;0;0;-1;-1;0;0;-1;-1;-1;-1;-1;-1;-1;-1;-1;22;27;37;53;79;32;59;63;37;9.01;5.87;4.06;2.28;Utenis Utena;Stumbras;1;0.71;1.3;0.56;1.11;0.84;79;74;63;47;21;89;74;63;0;0;0;258;28;Y;Y;N;N;N;N;Y
74379;1233;1228;2017;complete;361;20;-1;;53;0;1;1;10;4;14;2;5;5;3;0;0;3;5;9;2;12;7;16;9;57;43;5;3;0;0;0;0;0;0;0;0;0;0;0;0;0;0;0;0;0;0;0;0;0;0;0;0;0;0;0;0;0;0;0;0;0;0;0;0;0;0;0;0;0;0;0;0;0;0;0;0;0;0;0;0;0;0;0;0;0;0;0;0;0;0;0;0;0;0;0;0;1;0;0;0;1;1;0;2017-08-10 17:00:00;1228;0;64;21;26;0;-1;1;-1;-1;-1;-1;-1;-1;3;1;2;2;4;4;-1;0;0;0;0;0;0;0;0;0;0;0;0;0;1;1;0;0;-1;-1;0;0;-1;-1;-1;-1;-1;-1;-1;-1;-1;11;27;37;64;95;32;64;80;26;11.04;4.33;3.26;2.39;Atlantas;Jonava;1;1.21;1.11;1;1.21;0.89;90;74;63;36;5;80;59;54;0;0;0;258;28;Y;N;N;N;N;N;N
74380;1232;85;2017;complete;361;21;-1;20,58;12,61;2;2;4;7;3;10;1;1;4;5;0;0;7;6;11;6;18;12;15;14;54;46;4;5;0;0;0;0;0;0;0;0;0;0;0;0;0;0;0;0;0;0;0;0;0;0;0;0;0;0;0;0;0;0;0;0;0;0;0;0;0;0;0;0;0;0;0;0;0;0;0;0;0;0;0;0;0;0;0;0;0;0;0;0;0;0;0;0;0;0;0;0;4;1;1;1;1;2;2;2017-08-12 16:00:00;-1;0;35;24;6;0;-1;1;-1;-1;-1;-1;-1;-1;2;2;2;3;4;5;-1;0;0;0;0;0;0;0;2;0;2;0;0;0;1;1;0;0;-1;-1;0;0;-1;-1;-1;-1;-1;-1;-1;-1;-1;13;24;41;64;95;41;65;78;24;14.02;6.55;3.39;2.36;Trakai;Žalgiris;2.29;1.86;2.63;2.22;1.95;2.3;88;77;60;36;6;78;66;54;0;0;0;258;28;Y;Y;Y;Y;N;N;Y
74381;1229;1233;2017;complete;361;21;-1;;31,35,48;0;3;3;4;6;10;3;3;0;3;0;0;4;7;4;3;8;10;19;24;51;49;0;3;0;0;0;0;0;0;0;0;0;0;0;0;0;0;0;0;0;0;0;0;0;0;0;0;0;0;0;0;0;0;0;0;0;0;0;0;0;0;0;0;0;0;0;0;0;0;0;0;0;0;0;0;0;0;0;0;0;0;0;0;0;0;0;0;0;0;0;0;3;0;2;0;1;1;2;2017-08-13 12:00:00;1233;0;45;5;10;0;-1;1;-1;-1;-1;-1;-1;-1;0;0;0;3;0;3;-1;0;0;0;0;0;0;0;0;0;0;0;0;0;1;1;0;0;-1;-1;0;0;-1;-1;-1;-1;-1;-1;-1;-1;-1;5;10;30;65;85;5;65;70;35;8.3;3.2;4.8;1.95;Stumbras;Atlantas;0.86;1.36;1.1;1.3;0.85;1.15;95;90;70;35;15;60;45;30;0;0;0;258;28;Y;Y;Y;N;N;N;N
74382;1228;1227;2017;complete;361;21;-1;29;25,67,83;1;3;4;2;3;5;3;3;3;4;0;0;4;7;7;8;11;15;25;26;44;56;3;4;0;0;0;0;0;0;0;0;0;0;0;0;0;0;0;0;0;0;0;0;0;0;0;0;0;0;0;0;0;0;0;0;0;0;0;0;0;0;0;0;0;0;0;0;0;0;0;0;0;0;0;0;0;0;0;0;0;0;0;0;0;0;0;0;0;0;0;0;4;1;1;0;2;2;2;2017-08-13 14:00:00;1227;0;45;22;17;0;-1;1;-1;-1;-1;-1;-1;-1;2;2;1;2;4;3;-1;0;0;0;0;0;0;0;0;0;0;0;0;0;1;1;0;0;-1;-1;0;0;-1;-1;-1;-1;-1;-1;-1;-1;-1;17;28;50;67;95;44;89;67;28;8.67;6;4.22;2.67;Jonava;Utenis Utena;1;1.29;0.78;0.89;1;1.1;84;73;50;33;6;73;61;50;0;0;0;258;28;Y;Y;Y;Y;N;N;Y
74383;1227;1232;2017;complete;361;22;-1;;41,56,80,82;0;4;4;2;5;7;-1;-1;3;4;1;0;4;9;6;6;10;15;-1;-1;47;53;5;4;0;0;0;0;0;0;0;0;0;0;0;0;0;0;0;0;0;0;0;0;0;0;0;0;0;0;0;0;0;0;0;0;0;0;0;0;0;0;0;0;0;0;0;0;0;0;0;0;0;0;0;0;0;0;0;0;0;0;0;0;0;0;0;0;0;0;0;0;4;0;1;0;3;3;1;2017-08-16 15:00:00;1232;0;50;9;18;0;-1;1;-1;-1;-1;-1;-1;-1;2;1;2;3;3;5;-1;0;0;0;0;0;0;0;0;0;0;0;0;0;1;1;0;0;-1;-1;0;1;-1;-1;-1;-1;-1;-1;-1;-1;-1;5;14;23;60;82;14;50;78;32;9.64;5.54;5.37;1.87;Utenis Utena;Trakai;1;1.57;1.27;1.45;1.19;1.9;96;87;78;41;18;73;50;41;0;0;0;258;28;Y;Y;Y;Y;N;N;N
74384;85;1228;2017;complete;361;22;-1;8,14,22,59,72;;5;0;5;7;4;11;2;1;2;2;0;0;12;3;12;4;24;7;11;13;65;35;2;2;0;0;0;0;0;0;0;0;0;0;0;0;0;0;0;0;0;0;0;0;0;0;0;0;0;0;0;0;0;0;0;0;0;0;0;0;0;0;0;0;0;0;0;0;0;0;0;0;0;0;0;0;0;0;0;0;0;0;0;0;0;0;0;0;0;0;0;0;5;3;0;2;0;2;3;2017-08-16 17:00:00;85;0;45;14;27;0;-1;1;-1;-1;-1;-1;-1;-1;1;0;1;2;1;3;-1;0;0;0;0;0;0;0;1;0;1;0;0;0;1;1;1;0;-1;-1;1;0;-1;-1;-1;-1;-1;-1;-1;-1;-1;14;23;36;55;96;23;64;69;36;12.46;5.72;4.18;2.28;Žalgiris;Jonava;2.29;1.21;2.36;1.18;2.24;0.95;87;78;64;46;5;82;64;50;0;0;0;258;28;Y;Y;Y;Y;Y;N;N
74385;1231;1229;2017;complete;361;22;-1;;59,72;0;2;2;7;0;7;1;1;4;2;0;1;4;5;6;3;10;8;18;10;61;39;4;4;0;0;0;0;0;0;0;0;0;0;0;0;0;0;0;0;0;0;0;0;0;0;0;0;0;0;0;0;0;0;0;0;0;0;0;0;0;0;0;0;0;0;0;0;0;0;0;0;0;0;0;0;0;0;0;0;0;0;0;0;0;0;0;0;0;0;0;0;2;0;0;0;2;2;0;2017-08-17 15:00:00;1229;0;45;5;35;0;-1;1;-1;-1;-1;-1;-1;-1;1;1;3;2;2;5;-1;0;0;0;0;0;0;0;0;0;0;0;0;0;1;1;0;0;-1;-1;0;1;-1;-1;-1;-1;-1;-1;-1;-1;-1;15;20;30;60;85;25;70;60;35;7.1;4.5;4.3;2.15;Kauno Žalgiris;Stumbras;0.71;0.71;0.9;0.6;0.7;0.81;85;80;70;40;15;70;60;50;0;0;0;258;28;Y;Y;N;N;N;N;N
74386;1229;85;2017;complete;361;23;-1;48;67;1;1;2;4;9;13;1;2;4;1;0;0;5;7;6;15;11;22;18;14;35;65;4;1;0;0;0;0;0;0;0;0;0;0;0;0;0;0;0;0;0;0;0;0;0;0;0;0;0;0;0;0;0;0;0;0;0;0;0;0;0;0;0;0;0;0;0;0;0;0;0;0;0;0;0;0;0;0;0;0;0;0;0;0;0;0;0;0;0;0;0;0;2;0;0;1;1;2;0;2017-08-22 15:00:00;-1;0;48;15;15;0;-1;1;-1;-1;-1;-1;-1;-1;2;0;2;1;2;3;-1;0;0;0;0;0;0;0;0;0;0;0;0;0;1;1;0;0;-1;-1;0;0;-1;-1;-1;-1;-1;-1;-1;-1;-1;0;20;43;72;86;30;63;72;29;10.58;4.05;4.2;2.21;Stumbras;Žalgiris;0.86;1.86;1;2.1;0.91;2.27;100;81;57;28;14;48;34;25;0;0;0;258;28;Y;Y;N;N;N;N;Y
74387;1232;1233;2017;complete;361;23;-1;14,78;;2;0;2;6;4;10;5;1;0;2;0;0;5;0;8;7;13;7;9;14;62;38;0;2;0;0;0;0;0;0;0;0;0;0;0;0;0;0;0;0;0;0;0;0;0;0;0;0;0;0;0;0;0;0;0;0;0;0;0;0;0;0;0;0;0;0;0;0;0;0;0;0;0;0;0;0;0;0;0;0;0;0;0;0;0;0;0;0;0;0;0;0;2;1;0;1;0;1;1;2017-08-22 17:00:00;1232;0;35;21;10;0;-1;1;-1;-1;-1;-1;-1;-1;0;2;0;0;2;0;-1;0;0;0;0;0;0;0;0;0;0;0;0;0;1;1;0;0;-1;-1;0;0;-1;-1;-1;-1;-1;-1;-1;-1;-1;16;21;40;65;96;31;75;81;35;11.49;5.47;4.42;2.37;Trakai;Atlantas;2.29;1.36;2.44;1.45;1.95;1.24;85;79;60;36;5;96;86;51;0;0;0;258;28;Y;Y;N;N;N;N;N
74388;1231;1227;2017;complete;361;23;-1;71;14;1;1;2;3;5;8;5;1;3;3;0;0;3;5;4;4;7;9;18;19;46;54;3;3;0;0;0;0;0;0;0;0;0;0;0;0;0;0;0;0;0;0;0;0;0;0;0;0;0;0;0;0;0;0;0;0;0;0;0;0;0;0;0;0;0;0;0;0;0;0;0;0;0;0;0;0;0;0;0;0;0;0;0;0;0;0;0;0;0;0;0;0;2;0;1;1;0;1;1;2017-08-23 15:00:00;-1;0;38;20;14;0;-1;1;-1;-1;-1;-1;-1;-1;1;1;2;2;2;4;-1;0;0;0;0;0;0;0;0;0;0;0;0;0;1;1;0;0;-1;-1;0;0;-1;-1;-1;-1;-1;-1;-1;-1;-1;5;20;34;62;96;30;77;67;28;7.35;5.02;4.75;2.16;Kauno Žalgiris;Utenis Utena;0.71;1.29;0.82;1.1;0.67;1.14;95;81;66;38;5;72;68;63;0;0;0;258;28;Y;Y;N;N;N;N;Y
74389;1228;1229;2017;complete;361;24;-1;6;79;1;1;2;5;3;8;0;1;5;4;0;0;4;3;4;8;8;11;23;23;54;46;5;4;0;0;0;0;0;0;0;0;0;0;0;0;0;0;0;0;0;0;0;0;0;0;0;0;0;0;0;0;0;0;0;0;0;0;0;0;0;0;0;0;0;0;0;0;0;0;0;0;0;0;0;0;0;0;0;0;0;0;0;0;0;0;0;0;0;0;0;0;2;1;0;0;1;1;1;2017-09-13 14:00:00;-1;0;53;15;33;0;-1;1;-1;-1;-1;-1;-1;-1;0;2;5;2;2;7;-1;0;0;0;0;0;0;0;0;0;0;0;0;0;1;1;1;0;-1;-1;0;0;-1;-1;-1;-1;-1;-1;-1;-1;-1;24;34;48;72;86;43;77;67;48;8.04;5.25;4.39;2.78;Jonava;Stumbras;1;0.71;0.7;0.82;0.91;0.91;77;67;52;28;14;57;43;28;0;0;0;258;28;Y;Y;N;N;N;N;Y
74390;1230;1232;2017;complete;361;24;-1;28,47,55,78,86;10;5;1;6;7;8;15;1;2;1;1;0;0;10;3;6;5;16;8;13;14;47;53;1;1;0;0;0;0;0;0;0;0;0;0;0;0;0;0;0;0;0;0;0;0;0;0;0;0;0;0;0;0;0;0;0;0;0;0;0;0;0;0;0;0;0;0;0;0;0;0;0;0;0;0;0;0;0;0;0;0;0;0;0;0;0;0;0;0;0;0;0;0;6;1;1;4;0;4;2;2017-09-13 15:00:00;1230;0;64;19;28;0;-1;1;-1;-1;-1;-1;-1;-1;1;0;0;1;1;1;-1;0;0;0;0;0;0;0;0;0;0;0;0;0;1;1;0;1;-1;-1;0;0;-1;-1;-1;-1;-1;-1;-1;-1;-1;10;24;33;74;82;29;60;77;36;11.72;4.17;4.07;2.31;Sūduva;Trakai;2.14;1.57;1.8;1.58;1.68;2;90;77;68;27;19;55;38;34;0;0;0;258;28;Y;Y;Y;Y;Y;Y;Y
74391;1233;1227;2017;complete;361;24;-1;;59;0;1;1;3;6;9;1;5;3;1;1;0;6;8;1;9;7;17;12;16;48;52;5;1;0;0;0;0;0;0;0;0;0;0;0;0;0;0;0;0;0;0;0;0;0;0;0;0;0;0;0;0;0;0;0;0;0;0;0;0;0;0;0;0;0;0;0;0;0;0;0;0;0;0;0;0;0;0;0;0;0;0;0;0;0;0;0;0;0;0;0;0;1;0;0;0;1;1;0;2017-09-14 15:00:00;1227;0;58;24;10;0;-1;1;-1;-1;-1;-1;-1;-1;1;0;3;1;1;4;-1;0;0;0;0;0;0;0;0;0;0;0;0;0;1;1;0;0;-1;-1;0;0;-1;-1;-1;-1;-1;-1;-1;-1;-1;10;29;43;67;100;43;76;87;19;10.8;5.3;4.17;2.48;Atlantas;Utenis Utena;1;1.29;1;1.09;1.18;1.13;91;72;58;33;0;82;72;72;0;0;0;258;28;Y;N;N;N;N;N;N
74392;85;1231;2017;complete;361;24;-1;14,22,90;74;3;1;4;7;7;14;5;2;3;3;0;0;5;11;6;4;11;15;10;10;60;40;3;3;0;0;0;0;0;0;0;0;0;0;0;0;0;0;0;0;0;0;0;0;0;0;0;0;0;0;0;0;0;0;0;0;0;0;0;0;0;0;0;0;0;0;0;0;0;0;0;0;0;0;0;0;0;0;0;0;0;0;0;0;0;0;0;0;0;0;0;0;4;2;0;1;1;2;2;2017-09-14 17:00:00;85;0;46;19;18;0;-1;1;-1;-1;-1;-1;-1;-1;0;1;3;2;1;5;-1;0;0;0;0;0;0;0;0;0;0;0;0;0;1;1;0;0;-1;-1;0;0;-1;-1;-1;-1;-1;-1;-1;-1;-1;23;37;50;64;95;37;63;83;40;11.53;5.43;4.93;2.78;Žalgiris;Kauno Žalgiris;2.29;0.36;2.42;0.5;2.22;0.68;78;64;50;37;5;86;68;49;0;0;0;258;28;Y;Y;Y;Y;N;N;Y
74393;1232;1230;2017;complete;361;18;-1;18,29;15,70,77;2;3;5;0;3;3;2;3;0;0;0;0;6;7;2;6;8;13;12;18;54;46;0;0;0;0;0;0;0;0;0;0;0;0;0;0;0;0;0;0;0;0;0;0;0;0;0;0;0;0;0;0;0;0;0;0;0;0;0;0;0;0;0;0;0;0;0;0;0;0;0;0;0;0;0;0;0;0;0;0;0;0;0;0;0;0;0;0;0;0;0;0;5;2;1;0;2;2;3;2017-09-16 17:00:00;1230;0;49;21;22;0;-1;-1;-1;-1;-1;-1;-1;-1;0;0;0;0;0;0;-1;0;0;0;0;0;0;0;0;0;0;0;0;0;1;1;0;0;-1;-1;-1;-1;-1;-1;-1;-1;-1;-1;-1;-1;-1;21;32;42;75;100;31;74;95;37;12.76;5.92;3.38;2.75;Trakai;Sūduva;2.29;2.07;2.5;1.56;1.91;1.75;79;69;58;26;0;89;67;47;0;0;0;258;28;Y;Y;Y;Y;Y;N;Y
74394;1231;1233;2017;complete;361;25;-1;;85;0;1;1;1;3;4;1;2;0;0;0;0;7;2;3;11;10;13;3;7;50;50;0;0;0;0;0;0;0;0;0;0;0;0;0;0;0;0;0;0;0;0;0;0;0;0;0;0;0;0;0;0;0;0;0;0;0;0;0;0;0;0;0;0;0;0;0;0;0;0;0;0;0;0;0;0;0;0;0;0;0;0;0;0;0;0;0;0;0;0;0;0;1;0;0;0;1;1;0;2017-09-19 15:00:00;1233;0;38;8;17;0;-1;-1;-1;-1;-1;-1;-1;-1;0;0;0;0;0;0;-1;0;0;0;0;0;0;0;-1;-1;-1;-1;-1;-1;-1;1;0;0;-1;-1;-1;-1;-1;-1;-1;-1;-1;-1;-1;-1;-1;4;8;25;71;92;13;75;71;33;8.59;3.91;5.16;2;Kauno Žalgiris;Atlantas;0.71;1.36;0.83;1.33;0.65;1.13;96;92;75;29;8;75;67;42;0;0;0;258;28;Y;N;N;N;N;N;N
74395;1232;1228;2017;complete;361;25;-1;;;0;0;0;3;3;6;5;0;0;0;0;0;3;3;13;2;16;5;20;14;64;36;0;0;0;0;0;0;0;0;0;0;0;0;0;0;0;0;0;0;0;0;0;0;0;0;0;0;0;0;0;0;0;0;0;0;0;0;0;0;0;0;0;0;0;0;0;0;0;0;0;0;0;0;0;0;0;0;0;0;0;0;0;0;0;0;0;0;0;0;0;0;0;0;0;0;0;0;0;2017-09-19 17:00:00;-1;0;39;27;17;0;-1;-1;-1;-1;-1;-1;-1;-1;0;0;0;0;0;0;-1;0;0;0;0;0;0;0;0;0;0;0;0;0;1;1;0;0;-1;-1;-1;-1;-1;-1;-1;-1;-1;-1;-1;-1;-1;22;31;39;57;96;35;66;79;35;10.14;5.72;3.28;2.49;Trakai;Jonava;2.29;1.21;2.27;1.08;1.83;0.91;78;70;61;43;4;83;70;48;0;0;0;258;28;N;N;N;N;N;N;N
74396;1227;85;2017;complete;361;25;-1;78;30,76;1;2;3;4;0;4;5;1;0;0;0;0;3;5;10;5;13;10;21;16;49;51;0;0;0;0;0;0;0;0;0;0;0;0;0;0;0;0;0;0;0;0;0;0;0;0;0;0;0;0;0;0;0;0;0;0;0;0;0;0;0;0;0;0;0;0;0;0;0;0;0;0;0;0;0;0;0;0;0;0;0;0;0;0;0;0;0;0;0;0;0;0;3;0;1;1;1;2;1;2017-09-20 14:00:00;85;0;44;18;18;0;-1;-1;-1;-1;-1;-1;-1;-1;0;0;0;0;0;0;-1;0;0;0;0;0;0;0;-1;-1;-1;-1;-1;-1;-1;1;0;0;-1;-1;-1;-1;-1;-1;-1;-1;-1;-1;-1;-1;-1;4;26;39;70;87;31;61;74;35;12.05;5.2;5.09;2.31;Utenis Utena;Žalgiris;1;1.86;1.17;2;1.21;2.25;96;74;61;30;13;74;61;52;0;0;0;258;28;Y;Y;Y;N;N;N;Y
74397;1229;1230;2017;complete;361;25;-1;80;40,70,90;1;3;4;3;6;9;1;2;0;0;0;0;4;7;2;6;6;13;15;11;44;56;0;0;0;0;0;0;0;0;0;0;0;0;0;0;0;0;0;0;0;0;0;0;0;0;0;0;0;0;0;0;0;0;0;0;0;0;0;0;0;0;0;0;0;0;0;0;0;0;0;0;0;0;0;0;0;0;0;0;0;0;0;0;0;0;0;0;0;0;0;0;4;0;1;1;2;3;1;2017-09-20 15:00:00;1230;0;60;10;24;0;-1;-1;-1;-1;-1;-1;-1;-1;0;0;0;0;0;0;-1;0;0;0;0;0;0;0;-1;-1;-1;-1;-1;-1;-1;1;0;0;-1;-1;-1;-1;-1;-1;-1;-1;-1;-1;-1;-1;-1;15;24;42;79;92;19;65;88;42;9.45;3.8;3.77;2.56;Stumbras;Sūduva;0.86;2.07;1;1.7;0.92;1.81;85;76;59;22;9;56;33;29;0;0;0;258;28;Y;Y;Y;Y;N;N;Y
74398;1233;85;2017;complete;361;26;-1;65;78;1;1;2;4;8;12;2;2;0;0;0;0;6;7;6;6;12;13;17;14;41;59;0;0;0;0;0;0;0;0;0;0;0;0;0;0;0;0;0;0;0;0;0;0;0;0;0;0;0;0;0;0;0;0;0;0;0;0;0;0;0;0;0;0;0;0;0;0;0;0;0;0;0;0;0;0;0;0;0;0;0;0;0;0;0;0;0;0;0;0;0;0;2;0;0;1;1;2;0;2017-09-27 15:00:00;-1;0;61;22;26;0;-1;-1;-1;-1;-1;-1;-1;-1;0;0;0;0;0;0;-1;0;0;0;0;0;0;0;-1;-1;-1;-1;-1;-1;-1;1;0;0;-1;-1;-1;-1;-1;-1;-1;-1;-1;-1;-1;-1;-1;5;26;43;74;96;39;61;88;30;13.37;4.51;4.1;2.43;Atlantas;Žalgiris;1;1.86;0.91;2.08;1.21;2.28;96;74;57;27;4;75;57;53;0;0;0;258;28;Y;Y;N;N;N;N;Y
74399;1232;1229;2017;complete;361;26;-1;53;;1;0;1;4;4;8;1;3;1;3;0;0;6;4;6;3;12;7;5;13;60;40;1;3;0;0;0;0;0;0;0;0;0;0;0;0;0;0;0;0;0;0;0;0;0;0;0;0;0;0;0;0;0;0;0;0;0;0;0;0;0;0;0;0;0;0;0;0;0;0;0;0;0;0;0;0;0;0;0;0;0;0;0;0;0;0;0;0;0;0;0;0;1;0;0;1;0;1;0;2017-09-27 17:00:00;1232;0;42;17;21;0;-1;1;-1;-1;-1;-1;-1;-1;0;0;1;3;0;4;-1;0;0;0;0;0;0;0;0;0;0;0;0;0;1;1;0;0;-1;-1;0;0;-1;-1;-1;-1;-1;-1;-1;-1;-1;25;29;38;63;88;38;67;75;38;9;6;3.58;2.46;Trakai;Stumbras;2.29;0.71;2.17;0.83;1.8;0.88;75;71;63;38;13;71;63;42;0;0;0;258;28;Y;N;N;N;N;N;N
74400;1228;1231;2017;complete;361;26;-1;14,82;61;2;1;3;7;3;10;1;0;0;0;0;0;10;6;11;3;21;9;8;10;49;51;0;0;0;0;0;0;0;0;0;0;0;0;0;0;0;0;0;0;0;0;0;0;0;0;0;0;0;0;0;0;0;0;0;0;0;0;0;0;0;0;0;0;0;0;0;0;0;0;0;0;0;0;0;0;0;0;0;0;0;0;0;0;0;0;0;0;0;0;0;0;3;1;0;1;1;2;1;2017-09-28 13:30:00;1228;0;60;27;23;0;-1;-1;-1;-1;-1;-1;-1;-1;0;0;0;0;0;0;-1;0;0;0;0;0;0;0;-1;-1;-1;-1;-1;-1;-1;1;0;0;-1;-1;-1;-1;-1;-1;-1;-1;-1;-1;-1;-1;-1;18;41;55;73;91;45;73;82;41;8.45;4.64;5.19;2.96;Jonava;Kauno Žalgiris;1;0.36;0.73;0.45;0.92;0.63;82;60;45;27;9;64;46;27;0;0;0;258;28;Y;Y;Y;N;N;N;Y
74401;1230;1227;2017;complete;361;26;-1;42,69;;2;0;2;3;3;6;1;2;0;0;0;0;7;5;5;5;12;10;13;13;50;50;0;0;0;0;0;0;0;0;0;0;0;0;0;0;0;0;0;0;0;0;0;0;0;0;0;0;0;0;0;0;0;0;0;0;0;0;0;0;0;0;0;0;0;0;0;0;0;0;0;0;0;0;0;0;0;0;0;0;0;0;0;0;0;0;0;0;0;0;0;0;2;1;0;1;0;1;1;2017-09-28 15:00:00;1230;0;58;31;14;0;-1;-1;-1;-1;-1;-1;-1;-1;0;0;0;0;0;0;-1;0;0;0;0;0;0;0;-1;-1;-1;-1;-1;-1;-1;1;0;0;-1;-1;-1;-1;-1;-1;-1;-1;-1;-1;-1;-1;-1;18;31;44;70;91;49;78;74;27;10.99;5.08;3.53;2.67;Sūduva;Utenis Utena;2.14;1.29;1.91;1.25;1.86;1.16;83;70;57;30;9;70;61;61;0;0;0;258;28;Y;Y;N;N;N;N;N
74402;1233;1230;2017;complete;361;22;-1;25;15,85;1;2;3;7;2;9;0;1;0;0;0;0;7;5;5;7;12;12;22;11;48;52;0;0;0;0;0;0;0;0;0;0;0;0;0;0;0;0;0;0;0;0;0;0;0;0;0;0;0;0;0;0;0;0;0;0;0;0;0;0;0;0;0;0;0;0;0;0;0;0;0;0;0;0;0;0;0;0;0;0;0;0;0;0;0;0;0;0;0;0;0;0;3;1;1;0;1;1;2;2017-10-02 15:30:00;1230;0;70;18;31;0;-1;-1;-1;-1;-1;-1;-1;-1;0;0;0;0;0;0;-1;0;0;0;0;0;0;0;-1;-1;-1;-1;-1;-1;-1;1;0;0;-1;-1;-1;-1;-1;-1;-1;-1;-1;-1;-1;-1;-1;18;35;44;79;100;30;66;100;40;12.43;4.44;3.45;2.8;Atlantas;Sūduva;1;2.07;0.92;1.82;1.2;1.91;83;65;56;21;0;83;52;52;0;0;0;258;28;Y;Y;Y;N;N;N;Y
74403;1230;1231;2017;complete;361;21;-1;8,12,42,63,90;;5;0;5;6;6;12;3;2;0;0;0;0;9;7;6;11;15;18;15;8;53;47;0;0;0;0;0;0;0;0;0;0;0;0;0;0;0;0;0;0;0;0;0;0;0;0;0;0;0;0;0;0;0;0;0;0;0;0;0;0;0;0;0;0;0;0;0;0;0;0;0;0;0;0;0;0;0;0;0;0;0;0;0;0;0;0;0;0;0;0;0;0;5;3;0;2;0;2;3;2017-10-11 15:00:00;1230;0;63;29;25;0;-1;-1;-1;-1;-1;-1;-1;-1;0;0;0;0;0;0;-1;0;0;0;0;0;0;0;-1;-1;-1;-1;-1;-1;-1;1;1;0;-1;-1;-1;-1;-1;-1;-1;-1;-1;-1;-1;-1;-1;21;38;50;75;88;46;67;84;38;10.42;3.75;3.67;2.92;Sūduva;Kauno Žalgiris;2.14;0.36;2;0.42;1.96;0.6;79;63;50;25;13;71;59;46;0;0;0;258;28;Y;Y;Y;Y;Y;N;N
74404;1233;1229;2017;complete;361;27;-1;45,78,87;2,85;3;2;5;6;5;11;1;1;0;0;0;0;7;8;3;3;10;11;12;15;47;53;0;0;0;0;0;0;0;0;0;0;0;0;0;0;0;0;0;0;0;0;0;0;0;0;0;0;0;0;0;0;0;0;0;0;0;0;0;0;0;0;0;0;0;0;0;0;0;0;0;0;0;0;0;0;0;0;0;0;0;0;0;0;0;0;0;0;0;0;0;0;5;1;1;2;1;3;2;2017-10-12 15:00:00;1233;0;58;12;27;0;-1;-1;-1;-1;-1;-1;-1;-1;0;0;0;0;0;0;-1;0;0;0;0;0;0;0;-1;-1;-1;-1;-1;-1;-1;1;0;1;-1;-1;-1;-1;-1;-1;-1;-1;-1;-1;-1;-1;-1;16;23;35;66;93;35;58;85;31;9.93;4.38;4.16;2.35;Atlantas;Stumbras;1;0.71;0.85;0.77;1.15;0.85;85;77;66;35;8;73;54;50;0;0;0;258;28;Y;Y;Y;Y;Y;N;Y
74405;85;1232;2017;complete;361;27;-1;;34;0;1;1;6;5;11;2;4;0;0;0;0;4;6;11;4;15;10;4;9;50;50;0;0;0;0;0;0;0;0;0;0;0;0;0;0;0;0;0;0;0;0;0;0;0;0;0;0;0;0;0;0;0;0;0;0;0;0;0;0;0;0;0;0;0;0;0;0;0;0;0;0;0;0;0;0;0;0;0;0;0;0;0;0;0;0;0;0;0;0;0;0;1;0;1;0;0;0;1;2017-10-12 17:00:00;1232;0;54;12;27;0;-1;-1;-1;-1;-1;-1;-1;-1;0;0;0;0;0;0;-1;0;0;0;0;0;0;0;-1;-1;-1;-1;-1;-1;-1;1;0;0;-1;-1;-1;-1;-1;-1;-1;-1;-1;-1;-1;-1;-1;16;31;43;69;93;27;66;81;50;12.92;5.61;4.92;2.54;Žalgiris;Trakai;2.29;1.57;2.46;1.46;2.23;1.85;85;70;58;31;8;73;54;43;0;0;0;258;28;Y;N;N;N;N;N;N
74406;1227;1228;2017;complete;361;27;-1;59;31,39;1;2;3;5;3;8;3;1;0;0;0;0;4;4;10;4;14;8;16;19;60;40;0;0;0;0;0;0;0;0;0;0;0;0;0;0;0;0;0;0;0;0;0;0;0;0;0;0;0;0;0;0;0;0;0;0;0;0;0;0;0;0;0;0;0;0;0;0;0;0;0;0;0;0;0;0;0;0;0;0;0;0;0;0;0;0;0;0;0;0;0;0;3;0;2;1;0;1;2;2017-10-14 10:00:00;1228;0;38;12;19;0;-1;-1;-1;-1;-1;-1;-1;-1;0;0;0;0;0;0;-1;0;0;0;0;0;0;0;-1;-1;-1;-1;-1;-1;-1;1;0;0;-1;-1;-1;-1;-1;-1;-1;-1;-1;-1;-1;-1;-1;12;23;35;54;85;19;58;70;35;8.84;4.92;4.46;2.16;Utenis Utena;Jonava;1;1.21;1.08;1.08;1.12;1;89;77;66;46;15;73;58;50;0;0;0;258;28;Y;Y;Y;N;N;N;Y
74407;1231;1230;2017;complete;361;27;-1;83;15,43,72,79,90;1;5;6;0;8;8;0;1;0;0;0;0;4;11;4;15;8;26;15;8;42;58;0;0;0;0;0;0;0;0;0;0;0;0;0;0;0;0;0;0;0;0;0;0;0;0;0;0;0;0;0;0;0;0;0;0;0;0;0;0;0;0;0;0;0;0;0;0;0;0;0;0;0;0;0;0;0;0;0;0;0;0;0;0;0;0;0;0;0;0;0;0;6;0;2;1;3;4;2;2017-10-14 12:00:00;1230;0;57;17;28;0;-1;-1;-1;-1;-1;-1;-1;-1;0;0;0;0;0;0;-1;0;0;0;0;0;0;0;-1;-1;-1;-1;-1;-1;-1;1;0;0;-1;-1;-1;-1;-1;-1;-1;-1;-1;-1;-1;-1;-1;13;25;37;77;96;21;73;85;41;9.06;4.17;3.71;2.51;Kauno Žalgiris;Sūduva;0.71;2.07;0.77;1.92;0.58;2;88;75;64;23;4;65;40;36;0;0;0;258;28;Y;Y;Y;Y;Y;Y;Y
74408;1228;1230;2017;complete;361;23;-1;;32,38,44,70,90;0;5;5;4;4;8;1;1;2;0;0;0;5;7;4;13;9;20;12;15;48;52;2;0;0;0;0;0;0;0;0;0;0;0;0;0;0;0;0;0;0;0;0;0;0;0;0;0;0;0;0;0;0;0;0;0;0;0;0;0;0;0;0;0;0;0;0;0;0;0;0;0;0;0;0;0;0;0;0;0;0;0;0;0;0;0;0;0;0;0;0;0;5;0;3;0;2;2;3;2017-10-17 11:30:00;1230;0;72;24;36;0;-1;1;-1;-1;-1;-1;-1;-1;1;0;1;0;1;1;-1;0;0;0;0;0;0;0;0;1;0;1;0;0;1;1;0;0;-1;-1;0;0;-1;-1;-1;-1;-1;-1;-1;-1;-1;24;40;60;88;96;40;89;88;52;10.67;4.5;3.56;3.23;Jonava;Sūduva;1;2.07;0.92;2;1.08;2.04;76;61;40;13;4;60;32;20;0;0;0;258;28;Y;Y;Y;Y;Y;N;N
74409;1229;1227;2017;complete;361;28;-1;;18,61,67;0;3;3;3;0;3;4;3;2;4;1;0;0;10;9;10;9;20;9;16;43;57;4;4;0;0;0;0;0;0;0;0;0;0;0;0;0;0;0;0;0;0;0;0;0;0;0;0;0;0;0;0;0;0;0;0;0;0;0;0;0;0;0;0;0;0;0;0;0;0;0;0;0;0;0;0;0;0;0;0;0;0;0;0;0;0;0;0;0;0;0;0;3;0;1;0;2;2;1;2017-10-22 11:00:00;1227;0;46;12;12;0;-1;1;-1;-1;-1;-1;-1;-1;2;3;1;1;5;2;-1;0;0;0;0;0;0;0;0;0;0;0;0;0;1;1;0;0;-1;-1;0;0;-1;-1;-1;-1;-1;-1;-1;-1;-1;4;19;38;66;93;23;70;77;27;7.31;4.54;4;2.2;Stumbras;Utenis Utena;0.86;1.29;0.92;1.15;0.81;1.07;96;81;62;35;8;58;43;39;0;0;0;258;28;Y;Y;Y;N;N;N;N
74410;1228;1233;2017;complete;361;28;-1;40,67;3;2;1;3;6;3;9;4;2;1;3;0;1;10;7;4;6;14;13;12;9;50;50;1;5;0;0;0;0;0;0;0;0;0;0;0;0;0;0;0;0;0;0;0;0;0;0;0;0;0;0;0;0;0;0;0;0;0;0;0;0;0;0;0;0;0;0;0;0;0;0;0;0;0;0;0;0;0;0;0;0;0;0;0;0;0;0;0;0;0;0;0;0;3;1;1;1;0;1;2;2017-10-22 11:00:00;1228;0;47;16;20;0;-1;1;-1;-1;-1;-1;-1;-1;1;1;0;3;2;3;-1;0;0;0;0;0;0;0;1;0;1;0;0;0;1;1;0;1;-1;-1;0;0;-1;-1;-1;-1;-1;-1;-1;-1;-1;16;23;47;77;92;31;85;77;43;9.62;4.16;4.69;2.62;Jonava;Atlantas;1;1.36;0.85;1.46;1.04;1.22;85;77;54;23;8;66;54;23;0;0;0;258;28;Y;Y;Y;N;N;N;Y
74411;1232;1231;2017;complete;361;28;-1;1,12,16,40,61;74;5;1;6;3;3;6;6;5;1;2;0;0;11;7;7;3;18;10;12;17;59;41;1;2;0;0;0;0;0;0;0;0;0;0;0;0;0;0;0;0;0;0;0;0;0;0;0;0;0;0;0;0;0;0;0;0;0;0;0;0;0;0;0;0;0;0;0;0;0;0;0;0;0;0;0;0;0;0;0;0;0;0;0;0;0;0;0;0;0;0;0;0;6;4;0;1;1;2;4;2017-10-22 11:00:00;1232;0;43;27;16;0;-1;1;-1;-1;-1;-1;-1;-1;1;0;0;2;1;2;-1;0;0;0;0;0;0;0;0;0;0;0;0;0;1;1;1;0;-1;-1;0;0;-1;-1;-1;-1;-1;-1;-1;-1;-1;23;39;50;62;92;42;62;89;39;9.39;5.38;3.54;2.73;Trakai;Kauno Žalgiris;2.29;0.36;2.23;0.38;1.89;0.56;77;62;50;39;8;81;69;42;0;0;0;258;28;Y;Y;Y;Y;Y;Y;Y
74412;1230;85;2017;complete;361;28;-1;7,86,90;;3;0;3;4;6;10;-1;-1;2;3;0;0;5;2;4;10;9;12;-1;-1;53;47;2;3;0;0;0;0;0;0;0;0;0;0;0;0;0;0;0;0;0;0;0;0;0;0;0;0;0;0;0;0;0;0;0;0;0;0;0;0;0;0;0;0;0;0;0;0;0;0;0;0;0;0;0;0;0;0;0;0;0;0;0;0;0;0;0;0;0;0;0;0;3;1;0;2;0;2;1;2017-10-22 11:00:00;1230;0;62;27;31;0;-1;1;-1;-1;-1;-1;-1;-1;1;1;1;2;2;3;-1;0;0;0;0;0;0;0;0;0;0;0;0;0;1;1;1;0;-1;-1;0;0;-1;-1;-1;-1;-1;-1;-1;-1;-1;16;31;46;85;89;46;70;77;42;13.46;4.23;2.92;2.77;Sūduva;Žalgiris;2.14;1.86;2.08;2;2.07;2.15;85;70;54;15;12;62;54;50;0;0;0;258;28;Y;Y;Y;N;N;N;N
