ID;HOMEID;AWAYID;SEASON;STATUS;ROUNDID;GAME_WEEK;REVISED_GAME_WEEK;HOMEGOALS;AWAYGOALS;HOMEGOALCOUNT;AWAYGOALCOUNT;TOTALGOALCOUNT;TEAM_A_CORNERS;TEAM_B_CORNERS;TOTALCORNERCOUNT;TEAM_A_OFFSIDES;TEAM_B_OFFSIDES;TEAM_A_YELLOW_CARDS;TEAM_B_YELLOW_CARDS;TEAM_A_RED_CARDS;TEAM_B_RED_CARDS;TEAM_A_SHOTSONTARGET;TEAM_B_SHOTSONTARGET;TEAM_A_SHOTSOFFTARGET;TEAM_B_SHOTSOFFTARGET;TEAM_A_SHOTS;TEAM_B_SHOTS;TEAM_A_FOULS;TEAM_B_FOULS;TEAM_A_POSSESSION;TEAM_B_POSSESSION;TEAM_A_CARDS_NUM;TEAM_B_CARDS_NUM;ODDS_FT_1;ODDS_FT_X;ODDS_FT_2;ODDS_FT_OVER05;ODDS_FT_OVER15;ODDS_FT_OVER25;ODDS_FT_OVER35;ODDS_FT_OVER45;ODDS_FT_UNDER05;ODDS_FT_UNDER15;ODDS_FT_UNDER25;ODDS_FT_UNDER35;ODDS_FT_UNDER45;ODDS_BTTS_YES;ODDS_BTTS_NO;ODDS_TEAM_A_CS_YES;ODDS_TEAM_A_CS_NO;ODDS_TEAM_B_CS_YES;ODDS_TEAM_B_CS_NO;ODDS_DOUBLECHANCE_1X;ODDS_DOUBLECHANCE_12;ODDS_DOUBLECHANCE_X2;ODDS_1ST_HALF_RESULT_1;ODDS_1ST_HALF_RESULT_X;ODDS_1ST_HALF_RESULT_2;ODDS_2ND_HALF_RESULT_1;ODDS_2ND_HALF_RESULT_X;ODDS_2ND_HALF_RESULT_2;ODDS_DNB_1;ODDS_DNB_2;ODDS_CORNERS_OVER_75;ODDS_CORNERS_OVER_85;ODDS_CORNERS_OVER_95;ODDS_CORNERS_OVER_105;ODDS_CORNERS_OVER_115;ODDS_CORNERS_UNDER_75;ODDS_CORNERS_UNDER_85;ODDS_CORNERS_UNDER_95;ODDS_CORNERS_UNDER_105;ODDS_CORNERS_UNDER_115;ODDS_CORNERS_1;ODDS_CORNERS_X;ODDS_CORNERS_2;ODDS_TEAM_TO_SCORE_FIRST_1;ODDS_TEAM_TO_SCORE_FIRST_X;ODDS_TEAM_TO_SCORE_FIRST_2;ODDS_WIN_TO_NIL_1;ODDS_WIN_TO_NIL_2;ODDS_1ST_HALF_OVER05;ODDS_1ST_HALF_OVER15;ODDS_1ST_HALF_OVER25;ODDS_1ST_HALF_OVER35;ODDS_1ST_HALF_UNDER05;ODDS_1ST_HALF_UNDER15;ODDS_1ST_HALF_UNDER25;ODDS_1ST_HALF_UNDER35;ODDS_2ND_HALF_OVER05;ODDS_2ND_HALF_OVER15;ODDS_2ND_HALF_OVER25;ODDS_2ND_HALF_OVER35;ODDS_2ND_HALF_UNDER05;ODDS_2ND_HALF_UNDER15;ODDS_2ND_HALF_UNDER25;ODDS_2ND_HALF_UNDER35;ODDS_BTTS_1ST_HALF_YES;ODDS_BTTS_1ST_HALF_NO;ODDS_BTTS_2ND_HALF_YES;ODDS_BTTS_2ND_HALF_NO;OVERALLGOALCOUNT;HT_GOALS_TEAM_A;HT_GOALS_TEAM_B;GOALS_2HG_TEAM_A;GOALS_2HG_TEAM_B;GOALCOUNT_2HG;HTGOALCOUNT;DATE_UNIX;WINNINGTEAM;NO_HOME_AWAY;BTTS_POTENTIAL;BTTS_FHG_POTENTIAL;BTTS_2HG_POTENTIAL;GOALTIMINGDISABLED;CORNER_TIMINGS_RECORDED;CARD_TIMINGS_RECORDED;TEAM_A_FH_CORNERS;TEAM_B_FH_CORNERS;TEAM_A_2H_CORNERS;TEAM_B_2H_CORNERS;CORNER_FH_COUNT;CORNER_2H_COUNT;TEAM_A_FH_CARDS;TEAM_B_FH_CARDS;TEAM_A_2H_CARDS;TEAM_B_2H_CARDS;TOTAL_FH_CARDS;TOTAL_2H_CARDS;ATTACKS_RECORDED;TEAM_A_DANGEROUS_ATTACKS;TEAM_B_DANGEROUS_ATTACKS;TEAM_A_ATTACKS;TEAM_B_ATTACKS;TEAM_A_XG;TEAM_B_XG;TOTAL_XG;TEAM_A_PENALTIES_WON;TEAM_B_PENALTIES_WON;TEAM_A_PENALTY_GOALS;TEAM_B_PENALTY_GOALS;TEAM_A_PENALTY_MISSED;TEAM_B_PENALTY_MISSED;PENS_RECORDED;GOAL_TIMINGS_RECORDED;TEAM_A_0_10_MIN_GOALS;TEAM_B_0_10_MIN_GOALS;TEAM_A_CORNERS_0_10_MIN;TEAM_B_CORNERS_0_10_MIN;TEAM_A_CARDS_0_10_MIN;TEAM_B_CARDS_0_10_MIN;THROWINS_RECORDED;TEAM_A_THROWINS;TEAM_B_THROWINS;FREEKICKS_RECORDED;TEAM_A_FREEKICKS;TEAM_B_FREEKICKS;GOALKICKS_RECORDED;TEAM_A_GOALKICKS;TEAM_B_GOALKICKS;O45_POTENTIAL;O35_POTENTIAL;O25_POTENTIAL;O15_POTENTIAL;O05_POTENTIAL;O15HT_POTENTIAL;O05HT_POTENTIAL;O05_2H_POTENTIAL;O15_2H_POTENTIAL;CORNERS_POTENTIAL;OFFSIDES_POTENTIAL;CARDS_POTENTIAL;AVG_POTENTIAL;HOME_NAME;AWAY_NAME;HOME_PPG;AWAY_PPG;PRE_MATCH_HOME_PPG;PRE_MATCH_AWAY_PPG;PRE_MATCH_TEAMA_OVERALL_PPG;PRE_MATCH_TEAMB_OVERALL_PPG;U45_POTENTIAL;U35_POTENTIAL;U25_POTENTIAL;U15_POTENTIAL;U05_POTENTIAL;CORNERS_O85_POTENTIAL;CORNERS_O95_POTENTIAL;CORNERS_O105_POTENTIAL;TEAM_A_XG_PREMATCH;TEAM_B_XG_PREMATCH;TOTAL_XG_PREMATCH;COMPETITION_ID;MATCHES_COMPLETED_MINIMUM;OVER05;OVER15;OVER25;OVER35;OVER45;OVER55;BTTS
339473;1230;1229;2018;complete;2409;1;-1;57,80;;2;0;2;5;3;8;2;1;2;1;0;0;7;2;12;6;19;8;16;11;52;48;2;1;0;0;0;0;0;0;0;0;0;0;0;0;0;0;0;0;0;0;0;0;0;0;0;0;0;0;0;0;0;0;0;0;0;0;0;0;0;0;0;0;0;0;0;0;0;0;0;0;0;0;0;0;0;0;0;0;0;0;0;0;0;0;0;0;0;0;0;0;2;0;0;2;0;2;0;2018-02-24 11:00:00;1230;0;0;0;0;0;1;1;2;2;3;1;4;4;1;0;1;1;1;2;1;0;0;0;0;2.23;1.02;3.25;0;0;0;0;0;0;1;1;0;0;0;1;0;0;-1;-1;-1;-1;-1;-1;-1;-1;-1;0;0;0;0;0;0;0;0;0;0;0;0;0;Sūduva;Stumbras;2.29;1.94;0;0;0;0;0;0;0;0;0;0;0;0;0;0;0;1149;33;Y;Y;N;N;N;N;N
339474;1232;1233;2018;complete;2409;1;-1;;85;0;1;1;6;3;9;2;1;2;2;0;0;5;9;4;7;9;16;20;14;58;42;2;2;0;0;0;0;0;0;0;0;0;0;0;0;0;0;0;0;0;0;0;0;0;0;0;0;0;0;0;0;0;0;0;0;0;0;0;0;0;0;0;0;0;0;0;0;0;0;0;0;0;0;0;0;0;0;0;0;0;0;0;0;0;0;0;0;0;0;0;0;1;0;0;0;1;1;0;2018-02-24 13:00:00;1233;0;0;0;0;0;1;1;2;1;4;2;3;6;0;0;2;2;0;4;1;0;0;0;0;1.65;2.05;3.7;0;0;0;0;0;0;1;1;0;0;0;1;0;0;-1;-1;-1;-1;-1;-1;-1;-1;-1;0;0;0;0;0;0;0;0;0;0;0;0;0;Trakai;Atlantas;1.5;1;0;0;0;0;0;0;0;0;0;0;0;0;0;0;0;1149;33;Y;N;N;N;N;N;N
339475;1242;1228;2018;complete;2409;1;-1;18;90;1;1;2;3;7;10;4;2;2;4;0;0;4;4;5;6;9;10;14;14;36;64;2;4;0;0;0;0;0;0;0;0;0;0;0;0;0;0;0;0;0;0;0;0;0;0;0;0;0;0;0;0;0;0;0;0;0;0;0;0;0;0;0;0;0;0;0;0;0;0;0;0;0;0;0;0;0;0;0;0;0;0;0;0;0;0;0;0;0;0;0;0;2;1;0;0;1;1;1;2018-02-25 11:00:00;-1;0;0;0;0;0;1;1;0;4;3;3;4;6;1;1;1;3;2;4;1;0;0;0;0;1.36;1.69;3.05;0;0;0;0;0;0;1;1;0;0;0;0;0;0;-1;-1;-1;-1;-1;-1;-1;-1;-1;0;0;0;0;0;0;0;0;0;0;0;0;0;Palanga;Jonava;1;0.5;0;0;0;0;0;0;0;0;0;0;0;0;0;0;0;1149;28;Y;Y;N;N;N;N;Y
339476;85;1231;2018;complete;2409;1;-1;41,54;;2;0;2;5;3;8;2;2;2;2;0;0;6;3;6;6;12;9;19;16;60;40;2;2;0;0;0;0;0;0;0;0;0;0;0;0;0;0;0;0;0;0;0;0;0;0;0;0;0;0;0;0;0;0;0;0;0;0;0;0;0;0;0;0;0;0;0;0;0;0;0;0;0;0;0;0;0;0;0;0;0;0;0;0;0;0;0;0;0;0;0;0;2;1;0;1;0;1;1;2018-02-25 16:00:00;85;0;0;0;0;0;1;1;1;0;4;3;1;7;0;1;2;1;1;3;1;0;0;0;0;1.69;1.22;2.91;0;0;0;0;0;0;1;1;0;0;0;0;0;0;-1;-1;-1;-1;-1;-1;-1;-1;-1;0;0;0;0;0;0;0;0;0;0;0;0;0;Žalgiris;Kauno Žalgiris;2.12;1.29;0;0;0;0;0;0;0;0;0;0;0;0;0;0;0;1149;33;Y;Y;N;N;N;N;N
339477;1231;1232;2018;complete;2409;2;-1;62;33,46,82,90;1;4;5;3;10;13;4;3;1;1;0;0;4;8;1;4;5;12;11;7;39;61;1;1;0;0;0;0;0;0;0;0;0;0;0;0;0;0;0;0;0;0;0;0;0;0;0;0;0;0;0;0;0;0;0;0;0;0;0;0;0;0;0;0;0;0;0;0;0;0;0;0;0;0;0;0;0;0;0;0;0;0;0;0;0;0;0;0;0;0;0;0;5;0;1;1;3;4;1;2018-03-03 11:00:00;1232;0;0;0;0;0;1;1;1;7;2;3;8;5;0;0;1;1;0;2;1;0;0;0;0;1.08;2;3.08;0;0;0;0;0;0;1;1;0;0;0;1;0;0;-1;-1;-1;-1;-1;-1;-1;-1;-1;0;0;0;0;0;0;0;0;0;0;0;0;0;Kauno Žalgiris;Trakai;1.06;1.59;0;0;0;0;0;0;0;0;0;0;0;0;0;0;0;1149;33;Y;Y;Y;Y;Y;N;Y
339478;1230;1242;2018;complete;2409;2;-1;49,51;;2;0;2;8;2;10;-1;-1;1;3;0;0;8;2;10;2;18;4;-1;-1;51;49;1;3;0;0;0;0;0;0;0;0;0;0;0;0;0;0;0;0;0;0;0;0;0;0;0;0;0;0;0;0;0;0;0;0;0;0;0;0;0;0;0;0;0;0;0;0;0;0;0;0;0;0;0;0;0;0;0;0;0;0;0;0;0;0;0;0;0;0;0;0;2;0;0;2;0;2;0;2018-03-03 13:00:00;1230;0;0;0;0;0;1;1;2;2;6;0;4;6;1;1;0;2;2;2;1;0;0;0;0;2.48;0.72;3.2;0;0;0;0;0;0;1;1;0;0;0;0;0;0;-1;-1;-1;-1;-1;-1;-1;-1;-1;0;0;0;50;50;0;0;50;50;5;2;2;1;Sūduva;Palanga;2.29;0.43;3;0;3;1;50;50;50;0;0;0;0;0;2.23;0;2.23;1149;28;Y;Y;N;N;N;N;N
339479;1228;1233;2018;complete;2409;2;-1;56;70;1;1;2;1;6;7;1;3;3;1;0;0;6;6;6;9;12;15;19;12;54;46;3;1;0;0;0;0;0;0;0;0;0;0;0;0;0;0;0;0;0;0;0;0;0;0;0;0;0;0;0;0;0;0;0;0;0;0;0;0;0;0;0;0;0;0;0;0;0;0;0;0;0;0;0;0;0;0;0;0;0;0;0;0;0;0;0;0;0;0;0;0;2;0;0;1;1;2;0;2018-03-04 11:00:00;-1;0;0;0;0;0;1;1;1;1;0;5;2;5;1;0;2;1;1;3;1;0;0;0;0;1.78;1.87;3.64;0;1;0;1;0;0;1;1;0;0;1;1;0;0;-1;-1;-1;-1;-1;-1;-1;-1;-1;0;0;0;0;50;0;0;50;0;3;1;2;0.5;Jonava;Atlantas;0.86;1;0;3;1;3;50;50;50;50;0;50;0;0;0;2.05;2.05;1149;28;Y;Y;N;N;N;N;Y
339480;1229;85;2018;complete;2409;2;-1;;;0;0;0;4;8;12;3;1;5;3;0;0;4;7;6;6;10;13;22;11;43;57;5;3;0;0;0;0;0;0;0;0;0;0;0;0;0;0;0;0;0;0;0;0;0;0;0;0;0;0;0;0;0;0;0;0;0;0;0;0;0;0;0;0;0;0;0;0;0;0;0;0;0;0;0;0;0;0;0;0;0;0;0;0;0;0;0;0;0;0;0;0;0;0;0;0;0;0;0;2018-03-04 15:00:00;-1;0;0;0;0;0;1;1;0;4;4;4;4;8;1;0;4;3;1;7;1;0;0;0;0;1.18;1.61;2.79;0;0;0;0;0;0;1;1;0;0;0;1;1;0;-1;-1;-1;-1;-1;-1;-1;-1;-1;0;0;0;0;0;0;0;0;0;0;0;0;0;Stumbras;Žalgiris;1.18;2.44;0;0;0;3;0;0;0;0;0;0;0;0;0;0;0;1149;33;N;N;N;N;N;N;N
339481;1233;1231;2018;complete;2409;3;-1;;20;0;1;1;9;2;11;1;0;1;1;0;0;5;4;9;5;14;9;18;12;61;39;1;1;0;0;0;0;0;0;0;0;0;0;0;0;0;0;0;0;0;0;0;0;0;0;0;0;0;0;0;0;0;0;0;0;0;0;0;0;0;0;0;0;0;0;0;0;0;0;0;0;0;0;0;0;0;0;0;0;0;0;0;0;0;0;0;0;0;0;0;0;1;0;1;0;0;0;1;2018-03-07 16:00:00;1231;0;0;0;0;0;1;1;3;2;6;0;5;6;0;0;1;1;0;2;1;0;0;0;0;1.84;1.23;3.06;0;0;0;0;0;0;1;1;0;0;0;0;0;0;-1;-1;-1;-1;-1;-1;-1;-1;-1;0;0;0;50;50;0;50;50;0;3;2;2;1;Atlantas;Kauno Žalgiris;0.44;1.29;0;0;2;0;50;50;50;0;0;0;0;0;0;1.22;1.22;1149;33;Y;N;N;N;N;N;N
339482;1232;1229;2018;complete;2409;3;-1;25;89;1;1;2;6;3;9;1;1;2;3;0;0;6;3;7;5;13;8;16;14;56;44;2;3;0;0;0;0;0;0;0;0;0;0;0;0;0;0;0;0;0;0;0;0;0;0;0;0;0;0;0;0;0;0;0;0;0;0;0;0;0;0;0;0;0;0;0;0;0;0;0;0;0;0;0;0;0;0;0;0;0;0;0;0;0;0;0;0;0;0;0;0;2;1;0;0;1;1;1;2018-03-07 17:30:00;-1;0;0;0;0;0;1;1;6;0;0;3;6;3;0;0;2;3;0;5;1;0;0;0;0;1.81;1.08;2.89;1;0;1;0;0;0;1;1;0;0;1;0;0;0;-1;-1;-1;-1;-1;-1;-1;-1;-1;0;0;0;50;100;0;0;100;50;9;3;3;1.5;Trakai;Stumbras;1.5;1.94;0;0;1.5;0.5;100;100;100;50;0;50;0;0;1.65;1.02;2.67;1149;33;Y;Y;N;N;N;N;Y
339483;1230;1228;2018;complete;2409;3;-1;18,35,38,45;11,56;4;2;6;7;8;15;0;2;2;1;0;0;12;5;9;4;21;9;15;13;49;51;2;1;0;0;0;0;0;0;0;0;0;0;0;0;0;0;0;0;0;0;0;0;0;0;0;0;0;0;0;0;0;0;0;0;0;0;0;0;0;0;0;0;0;0;0;0;0;0;0;0;0;0;0;0;0;0;0;0;0;0;0;0;0;0;0;0;0;0;0;0;6;4;1;0;1;1;5;2018-03-08 16:00:00;1230;0;50;0;0;0;1;1;2;3;5;5;5;10;1;1;1;0;2;1;1;0;0;0;0;2.62;1.36;3.98;0;0;0;0;0;0;1;1;0;0;0;0;0;0;-1;-1;-1;-1;-1;-1;-1;-1;-1;0;0;0;100;100;0;50;100;50;13.5;2.5;5.5;2;Sūduva;Jonava;2.29;0.5;3;1;3;1;100;100;100;0;0;75;75;0;2.35;1.69;4.04;1149;28;Y;Y;Y;Y;Y;Y;Y
339484;85;1242;2018;complete;2409;3;-1;15,33,55,90;;4;0;4;5;8;13;4;4;1;2;0;0;9;3;13;8;22;11;10;17;59;41;1;2;0;0;0;0;0;0;0;0;0;0;0;0;0;0;0;0;0;0;0;0;0;0;0;0;0;0;0;0;0;0;0;0;0;0;0;0;0;0;0;0;0;0;0;0;0;0;0;0;0;0;0;0;0;0;0;0;0;0;0;0;0;0;0;0;0;0;0;0;4;2;0;2;0;2;2;2018-03-08 17:30:00;85;0;0;0;0;0;1;1;2;3;3;5;5;8;1;1;0;1;2;1;1;0;0;0;0;2.49;1.33;3.82;0;0;0;0;0;0;1;1;0;0;2;0;0;0;-1;-1;-1;-1;-1;-1;-1;-1;-1;0;0;0;100;100;0;50;100;50;7;1;5;2;Žalgiris;Palanga;2.12;0.43;3;0;2;0.5;100;100;100;0;0;50;50;0;1.69;0.72;2.41;1149;28;Y;Y;Y;Y;N;N;N
339485;1242;1232;2018;complete;2409;4;-1;6;50;1;1;2;6;8;14;1;4;2;1;0;0;4;3;3;8;7;11;13;14;37;63;2;1;0;0;0;0;0;0;0;0;0;0;0;0;0;0;0;0;0;0;0;0;0;0;0;0;0;0;0;0;0;0;0;0;0;0;0;0;0;0;0;0;0;0;0;0;0;0;0;0;0;0;0;0;0;0;0;0;0;0;0;0;0;0;0;0;0;0;0;0;2;1;0;0;1;1;1;2018-03-13 16:00:00;-1;0;100;0;50;0;1;1;4;4;2;4;8;6;0;1;2;0;1;2;1;0;0;0;0;1.29;1.66;2.95;0;0;0;0;0;0;1;1;1;0;0;0;0;0;-1;-1;-1;-1;-1;-1;-1;-1;-1;50;50;50;100;100;0;100;100;50;13;7;3;3.5;Palanga;Trakai;1;1.59;1;3;0.33;1.33;50;50;50;0;0;100;100;50;1.36;2;3.36;1149;28;Y;Y;N;N;N;N;Y
339486;1229;1233;2018;complete;2409;4;-1;;40,76;0;2;2;5;3;8;-1;-1;3;4;0;0;5;5;4;1;9;6;-1;-1;52;48;3;4;0;0;0;0;0;0;0;0;0;0;0;0;0;0;0;0;0;0;0;0;0;0;0;0;0;0;0;0;0;0;0;0;0;0;0;0;0;0;0;0;0;0;0;0;0;0;0;0;0;0;0;0;0;0;0;0;0;0;0;0;0;0;0;0;0;0;0;0;2;0;1;0;1;1;1;2018-03-14 16:00:00;1233;0;25;0;25;0;1;1;1;0;4;3;1;7;0;1;3;3;1;6;1;0;0;0;0;1.56;1.05;2.62;0;0;0;0;0;0;1;1;0;0;0;0;0;0;-1;-1;-1;-1;-1;-1;-1;-1;-1;0;0;0;25;50;0;0;50;25;8.5;5;6.5;0.75;Stumbras;Atlantas;1.18;1;1;2;0.67;1.33;100;100;100;75;50;75;50;50;1.18;1.96;3.14;1149;33;Y;Y;N;N;N;N;N
339487;1230;85;2018;complete;2409;4;-1;;;0;0;0;5;3;8;3;3;3;2;1;0;2;2;9;4;11;6;16;12;35;65;4;2;0;0;0;0;0;0;0;0;0;0;0;0;0;0;0;0;0;0;0;0;0;0;0;0;0;0;0;0;0;0;0;0;0;0;0;0;0;0;0;0;0;0;0;0;0;0;0;0;0;0;0;0;0;0;0;0;0;0;0;0;0;0;0;0;0;0;0;0;0;0;0;0;0;0;0;2018-03-14 18:00:00;-1;0;17;17;0;0;1;1;2;1;3;2;3;5;0;1;4;1;1;5;1;0;0;0;0;1.25;1.03;2.28;0;0;0;0;0;0;1;1;0;0;1;0;0;0;-1;-1;-1;-1;-1;-1;-1;-1;-1;17;17;17;50;50;17;17;50;34;14.67;1.33;4.67;1.67;Sūduva;Žalgiris;2.29;2.44;3;1;3;2.33;84;84;84;50;50;84;84;67;2.44;1.61;4.05;1149;33;N;N;N;N;N;N;N
339488;1228;1231;2018;complete;2409;4;-1;;35;0;1;1;3;3;6;1;7;3;4;0;0;5;2;2;2;7;4;15;19;52;48;3;4;0;0;0;0;0;0;0;0;0;0;0;0;0;0;0;0;0;0;0;0;0;0;0;0;0;0;0;0;0;0;0;0;0;0;0;0;0;0;0;0;0;0;0;0;0;0;0;0;0;0;0;0;0;0;0;0;0;0;0;0;0;0;0;0;0;0;0;0;1;0;1;0;0;0;1;2018-03-17 11:00:00;1231;0;50;0;50;0;1;1;2;2;1;1;4;2;1;1;2;3;2;5;1;0;0;0;0;1.45;0.87;2.32;0;0;0;0;0;0;1;1;0;0;0;1;1;0;-1;-1;-1;-1;-1;-1;-1;-1;-1;0;0;0;75;100;0;50;75;50;3.5;2;4.5;1.75;Jonava;Kauno Žalgiris;0.86;1.29;1;1.5;0.67;1;100;100;100;25;0;25;25;25;1.78;1.23;3.01;1149;28;Y;N;N;N;N;N;N
339489;1232;1242;2018;complete;2409;18;-1;2,6,64;13;3;1;4;3;1;4;4;2;0;0;0;0;9;5;9;6;18;11;15;12;54;46;0;0;0;0;0;0;0;0;0;0;0;0;0;0;0;0;0;0;0;0;0;0;0;0;0;0;0;0;0;0;0;0;0;0;0;0;0;0;0;0;0;0;0;0;0;0;0;0;0;0;0;0;0;0;0;0;0;0;0;0;0;0;0;0;0;0;0;0;0;0;4;2;1;1;0;1;3;2018-03-18 16:00:00;1232;0;25;0;0;0;1;-1;1;1;2;0;2;2;0;0;0;0;0;0;1;0;0;0;0;2.37;1.46;3.83;0;0;0;0;0;0;1;1;2;0;0;0;-1;-1;-1;-1;-1;-1;-1;-1;-1;-1;-1;0;25;25;75;100;25;50;100;50;11;3;4.5;2.25;Trakai;Palanga;1.5;0.43;0.5;0;1.25;0.5;100;75;75;25;0;100;50;25;1.73;1.03;2.76;1149;28;Y;Y;Y;Y;N;N;Y
339490;1233;1242;2018;complete;2409;5;-1;21;9;1;1;2;8;5;13;2;2;1;3;0;1;5;4;10;2;15;6;15;9;60;40;1;4;0;0;0;0;0;0;0;0;0;0;0;0;0;0;0;0;0;0;0;0;0;0;0;0;0;0;0;0;0;0;0;0;0;0;0;0;0;0;0;0;0;0;0;0;0;0;0;0;0;0;0;0;0;0;0;0;0;0;0;0;0;0;0;0;0;0;0;0;2;1;1;0;0;0;2;2018-03-30 15:00:00;-1;0;17;17;0;0;1;1;4;4;4;1;8;5;1;1;0;3;2;3;1;0;0;0;0;2.17;1.22;3.39;0;0;0;0;0;0;1;1;0;1;1;1;0;0;-1;-1;-1;-1;-1;-1;-1;-1;-1;0;34;34;50;100;34;84;50;34;12.67;2.67;2.67;2.17;Atlantas;Palanga;0.44;0.43;0;0;1.75;0.4;100;67;67;50;0;84;84;67;1.84;1.17;3.01;1149;28;Y;Y;N;N;N;N;Y
339491;85;1228;2018;complete;2409;5;-1;15;62,67;1;2;3;2;3;5;2;3;3;2;0;0;5;10;11;4;16;14;12;12;57;43;3;2;0;0;0;0;0;0;0;0;0;0;0;0;0;0;0;0;0;0;0;0;0;0;0;0;0;0;0;0;0;0;0;0;0;0;0;0;0;0;0;0;0;0;0;0;0;0;0;0;0;0;0;0;0;0;0;0;0;0;0;0;0;0;0;0;0;0;0;0;3;1;0;0;2;2;1;2018-03-30 16:30:00;1228;0;50;25;0;0;1;1;0;2;2;1;2;3;1;1;2;1;2;3;1;0;0;0;0;1.91;2.07;3.98;0;0;0;0;0;0;1;1;0;0;0;0;0;0;-1;-1;-1;-1;-1;-1;-1;-1;-1;25;50;50;100;100;50;100;100;25;12.5;5;4;3.5;Žalgiris;Jonava;2.12;0.5;3;0.5;2;0.5;75;50;50;0;0;75;75;50;2.09;1.52;3.61;1149;28;Y;Y;Y;N;N;N;Y
339492;1231;1229;2018;complete;2409;5;-1;;68;0;1;1;2;5;7;0;4;4;4;2;0;0;6;3;6;3;12;30;21;44;56;7;4;0;0;0;0;0;0;0;0;0;0;0;0;0;0;0;0;0;0;0;0;0;0;0;0;0;0;0;0;0;0;0;0;0;0;0;0;0;0;0;0;0;0;0;0;0;0;0;0;0;0;0;0;0;0;0;0;0;0;0;0;0;0;0;0;0;0;0;0;1;0;0;0;1;1;0;2018-03-31 10:00:00;1229;0;75;0;50;0;1;1;1;1;1;4;2;5;2;1;4;3;3;7;1;0;0;0;0;0.68;1.69;2.37;0;0;0;0;0;0;1;1;0;0;0;0;0;1;-1;-1;-1;-1;-1;-1;-1;-1;-1;50;50;50;100;100;0;75;100;75;6;5;3;3.5;Kauno Žalgiris;Stumbras;1.06;1.94;0;0.5;1.5;0.5;50;50;50;0;0;75;50;50;1.08;1.05;2.13;1149;33;Y;N;N;N;N;N;N
339493;1232;1230;2018;complete;2409;5;-1;34;31,55,65,79;1;4;5;5;10;15;2;1;2;1;0;0;6;11;5;4;11;15;10;14;54;46;2;1;0;0;0;0;0;0;0;0;0;0;0;0;0;0;0;0;0;0;0;0;0;0;0;0;0;0;0;0;0;0;0;0;0;0;0;0;0;0;0;0;0;0;0;0;0;0;0;0;0;0;0;0;0;0;0;0;0;0;0;0;0;0;0;0;0;0;0;0;5;1;1;0;3;3;2;2018-03-31 10:00:00;1230;0;34;17;0;0;1;1;2;4;3;6;6;9;1;0;1;1;1;2;1;0;0;0;0;1.64;2.24;3.89;0;0;0;0;0;0;1;1;0;0;0;0;0;0;-1;-1;-1;-1;-1;-1;-1;-1;-1;0;17;17;34;50;17;34;50;0;5;2.33;1.33;1.17;Trakai;Sūduva;1.5;2.38;1.33;0;1.6;2.5;50;34;34;17;0;34;0;0;1.95;0;1.95;1149;33;Y;Y;Y;Y;Y;N;Y
339494;1229;1228;2018;complete;2409;6;-1;6,23,33,59;;4;0;4;2;5;7;5;0;0;3;0;0;8;5;4;8;12;13;25;17;41;59;0;3;0;0;0;0;0;0;0;0;0;0;0;0;0;0;0;0;0;0;0;0;0;0;0;0;0;0;0;0;0;0;0;0;0;0;0;0;0;0;0;0;0;0;0;0;0;0;0;0;0;0;0;0;0;0;0;0;0;0;0;0;0;0;0;0;0;0;0;0;4;3;0;1;0;1;3;2018-04-04 15:00:00;1229;0;50;17;0;0;1;1;1;4;1;1;5;2;0;3;0;0;3;0;1;0;0;0;0;1.77;1.8;3.57;0;0;0;0;0;0;1;1;1;0;0;0;0;0;-1;-1;-1;-1;-1;-1;-1;-1;-1;17;17;34;75;75;17;75;75;17;10.5;3.33;6.33;2.34;Stumbras;Jonava;1.18;0.5;0.5;1.33;1;1;84;84;67;25;25;59;59;42;1.37;1.7;3.07;1149;28;Y;Y;Y;Y;N;N;N
339495;1242;1231;2018;complete;2409;6;-1;75;;1;0;1;2;3;5;3;0;3;3;0;0;5;5;4;2;9;7;14;18;53;47;3;3;2.25;3.1;2.85;0;0;0;0;0;0;0;0;0;0;1.83;1.91;0;0;0;0;0;0;0;0;0;0;0;0;0;0;0;0;0;0;0;0;0;0;0;0;0;0;0;0;0;0;0;0;0;0;0;0;0;0;0;0;0;0;0;0;0;0;0;0;0;0;0;0;0;1;0;0;1;0;1;0;2018-04-05 15:00:00;1242;0;50;0;0;0;1;1;1;2;1;1;3;2;0;0;3;3;0;6;1;0;0;0;0;1.45;1.31;2.76;0;0;0;0;0;0;1;1;0;0;1;1;0;0;-1;-1;-1;-1;-1;-1;-1;-1;-1;0;0;0;67;100;0;100;67;0;7.17;5.5;4.33;1.67;Palanga;Kauno Žalgiris;1;1.29;1;2;0.5;1.2;100;100;100;34;0;67;67;42;1.33;1.11;2.44;1149;28;Y;N;N;N;N;N;N
339496;1230;1233;2018;complete;2409;6;-1;15,69;80;2;1;3;9;6;15;1;2;1;1;1;0;8;4;9;11;17;15;12;11;54;46;2;1;1.24;4.85;10.25;0;0;0;0;0;0;0;0;0;0;2.25;1.62;0;0;0;0;0;0;0;0;0;0;0;0;0;0;0;0;0;0;0;0;0;0;0;0;0;0;0;0;0;0;0;0;0;0;0;0;0;0;0;0;0;0;0;0;0;0;0;0;0;0;0;0;0;3;1;0;1;1;2;1;2018-04-05 17:00:00;1230;0;29;13;17;0;1;1;7;1;2;5;8;7;1;0;1;1;1;2;1;0;0;0;0;2.21;1.62;3.82;0;0;0;0;0;0;1;1;0;0;2;0;0;0;-1;-1;-1;-1;-1;-1;-1;-1;-1;13;13;13;71;88;13;29;88;42;10.25;2;4.58;2.09;Sūduva;Atlantas;2.29;1;2.5;2.33;2.6;1.6;88;88;88;29;13;42;25;13;2.14;1.66;3.8;1149;33;Y;Y;Y;N;N;N;Y
339497;85;1232;2018;complete;2409;6;-1;51,69,83;7,43;3;2;5;5;5;10;1;3;1;2;0;0;7;4;3;6;10;10;12;16;55;45;1;2;1.8;3.4;3.9;0;0;0;0;0;0;0;0;0;0;1.87;1.91;0;0;0;0;0;0;0;0;0;0;0;0;0;0;0;0;0;0;0;0;0;0;0;0;0;0;0;0;0;0;0;0;0;0;0;0;0;0;0;0;0;0;0;0;0;0;0;0;0;0;0;0;0;5;0;2;3;0;3;2;2018-04-07 10:00:00;85;0;67;0;25;0;1;1;2;1;3;4;3;7;0;1;1;1;1;2;1;0;0;0;0;1.67;1.36;3.03;0;0;0;0;0;0;1;1;0;1;0;0;0;0;-1;-1;-1;-1;-1;-1;-1;-1;-1;25;42;59;100;100;17;100;100;59;13;6.17;3;3.25;Žalgiris;Trakai;2.12;1.59;2;2;1.6;1.33;75;59;42;0;0;67;67;67;2.03;1.83;3.86;1149;33;Y;Y;Y;Y;Y;N;Y
339498;1233;85;2018;complete;2409;7;-1;7,14;2,42,52,62,75;2;5;7;4;9;13;7;1;0;0;0;0;6;10;4;1;10;11;16;8;42;58;0;0;5.6;3.5;1.53;0;0;0;0;0;0;0;0;0;0;1.91;1.87;0;0;0;0;0;0;0;0;0;0;0;0;0;0;0;0;0;0;0;0;0;0;0;0;0;0;0;0;0;0;0;0;0;0;0;0;0;0;0;0;0;0;0;0;0;0;0;0;0;0;0;0;0;7;2;2;0;3;3;4;2018-04-11 15:00:00;85;0;25;25;0;0;1;-1;2;4;2;5;6;7;0;0;0;0;0;0;1;0;0;0;0;1.68;1.92;3.6;-1;-1;-1;-1;-1;-1;-1;1;1;1;1;2;-1;-1;-1;-1;-1;-1;-1;-1;-1;-1;-1;0;0;0;25;50;25;50;0;0;14;3.5;3.5;0.75;Atlantas;Žalgiris;0.44;2.44;0.5;1;1.33;1.83;100;100;100;75;50;75;75;75;2;1.32;3.32;1149;33;Y;Y;Y;Y;Y;Y;Y
339499;1229;1242;2018;complete;2409;7;-1;;68;0;1;1;5;4;9;3;2;0;0;0;0;7;3;8;3;15;6;16;21;56;44;0;0;1.54;3.6;5.45;0;0;0;0;0;0;0;0;0;0;2.2;1.65;0;0;0;0;0;0;0;0;0;0;0;0;0;0;0;0;0;0;0;0;0;0;0;0;0;0;0;0;0;0;0;0;0;0;0;0;0;0;0;0;0;0;0;0;0;0;0;0;0;0;0;0;0;1;0;0;0;1;1;0;2018-04-11 17:00:00;1242;0;25;25;0;0;1;-1;3;2;2;2;5;4;0;0;0;0;0;0;1;0;0;0;0;2.14;1.03;3.17;-1;-1;-1;-1;-1;-1;-1;1;0;0;1;1;-1;-1;-1;-1;-1;-1;-1;-1;-1;-1;-1;0;42;42;84;84;54;71;71;25;7.67;4.08;4.92;2.5;Stumbras;Palanga;1.18;0.43;1.33;0.25;1.33;0.86;100;59;59;17;17;54;54;42;1.5;1.18;2.68;1149;28;Y;N;N;N;N;N;N
339500;1230;1231;2018;complete;2409;7;-1;45,66,71,84;64;4;1;5;6;4;10;2;0;1;4;0;0;8;2;11;5;19;7;11;13;55;45;1;4;1.12;6.95;14.25;0;0;0;0;0;0;0;0;0;0;0;0;0;0;0;0;0;0;0;0;0;0;0;0;0;0;0;0;0;0;0;0;0;0;0;0;0;0;0;0;0;0;0;0;0;0;0;0;0;0;0;0;0;0;0;0;0;0;0;0;0;0;0;0;0;5;1;0;3;1;4;1;2018-04-12 15:00:00;1230;0;20;10;10;0;1;1;4;3;2;1;7;3;1;2;0;2;3;2;1;0;0;0;0;2.31;1.07;3.38;0;0;0;0;0;0;1;1;0;0;0;2;0;0;-1;-1;-1;-1;-1;-1;-1;-1;-1;10;10;20;53;90;10;58;65;30;9.55;3.25;4.7;1.93;Sūduva;Kauno Žalgiris;2.29;1.29;2.6;1.5;2.67;1;90;90;80;48;10;43;43;33;2.16;1.16;3.32;1149;33;Y;Y;Y;Y;Y;N;Y
339501;1232;1228;2018;complete;2409;7;-1;56;17;1;1;2;5;2;7;3;1;4;3;0;0;4;4;8;5;12;9;16;21;62;38;4;3;1.47;3.85;5.75;0;0;0;0;0;0;0;0;0;0;0;0;0;0;0;0;0;0;0;0;0;0;0;0;0;0;0;0;0;0;0;0;0;0;0;0;0;0;0;0;0;0;0;0;0;0;0;0;0;0;0;0;0;0;0;0;0;0;0;0;0;0;0;0;0;2;0;1;1;0;1;1;2018-04-12 17:00:00;-1;0;75;38;0;0;1;1;2;0;3;2;2;5;0;1;4;2;1;6;1;0;0;0;0;1.67;1.22;2.89;0;0;0;0;0;0;1;1;0;0;0;0;0;0;-1;-1;-1;-1;-1;-1;-1;-1;-1;25;50;63;88;100;50;88;100;25;10.75;4;4;3.38;Trakai;Jonava;1.5;0.5;1;1;1.14;0.83;75;50;38;13;0;63;38;25;1.87;1.73;3.6;1149;28;Y;Y;N;N;N;N;Y
339502;1228;1242;2018;complete;2409;8;-1;38,40,80,90;;4;0;4;8;2;10;0;1;3;4;0;0;8;3;5;8;13;11;24;18;52;48;3;4;1.69;3.6;4.25;1.03;1.28;1.91;3.3;0;0;0;0;0;0;1.95;1.83;0;0;0;0;0;0;0;0;0;0;0;0;0;0;0;0;0;0;0;0;0;0;0;0;0;0;0;0;0;0;0;0;0;0;0;0;0;0;0;0;0;0;0;0;0;0;0;0;0;0;0;0;0;4;2;0;2;0;2;2;2018-04-17 15:00:00;1228;0;45;20;25;0;1;1;6;1;2;1;7;3;2;3;1;1;5;2;1;0;0;0;0;1.85;1.34;3.19;1;0;1;0;0;0;1;1;0;0;0;1;0;0;-1;-1;-1;-1;-1;-1;-1;-1;-1;0;20;20;65;100;30;55;65;45;6;2.8;4.8;2.05;Jonava;Palanga;0.86;0.43;0.5;0.8;0.86;1.13;100;80;80;35;0;40;30;20;1.61;1.15;2.76;1149;28;Y;Y;Y;Y;N;N;N
339503;1229;1230;2018;complete;2409;8;-1;;14;0;1;1;5;5;10;4;2;0;3;0;1;0;2;0;0;0;2;8;14;51;49;0;4;6.45;4.65;1.34;1.01;1.16;1.56;2.4;0;0;0;0;0;0;1.87;1.91;0;0;0;0;0;0;0;0;0;0;0;0;0;0;0;0;0;0;0;0;0;0;0;0;0;0;0;0;0;0;0;0;0;0;0;0;0;0;0;0;0;0;0;0;0;0;0;0;0;0;0;0;0;1;0;1;0;0;0;1;2018-04-17 17:00:00;1230;0;50;50;0;0;1;1;4;4;1;1;8;2;0;0;0;4;0;4;-1;0;0;0;0;0;0;0;0;0;0;0;0;0;1;1;0;0;1;2;0;0;-1;-1;-1;-1;-1;-1;-1;-1;-1;50;63;63;75;88;63;75;88;50;14;3.5;3;3.38;Stumbras;Sūduva;1.18;2.38;1;3;1.14;2.71;50;38;38;25;13;75;63;63;1.66;2.24;3.9;1149;33;Y;N;N;N;N;N;N
339504;1233;1232;2018;complete;2409;8;-1;;11,90;0;2;2;4;2;6;2;2;1;1;0;0;8;4;8;8;16;12;19;12;48;52;1;1;3;3.2;2.15;0;0;0;0;0;0;0;0;0;0;0;0;0;0;0;0;0;0;0;0;0;0;0;0;0;0;0;0;0;0;0;0;0;0;0;0;0;0;0;0;0;0;0;0;0;0;0;0;0;0;0;0;0;0;0;0;0;0;0;0;0;0;0;0;0;2;0;1;0;1;1;1;2018-04-18 15:00:00;1232;0;84;34;17;0;1;1;0;1;4;1;1;5;1;0;0;1;1;1;1;0;0;0;0;1.85;1.28;3.13;0;0;0;0;0;0;1;1;0;0;0;0;0;0;-1;-1;-1;-1;-1;-1;-1;-1;-1;50;50;50;84;100;50;100;67;50;14.67;6.66;2;3.67;Atlantas;Trakai;0.44;1.59;0.33;1.33;1.14;1.13;50;50;50;17;0;100;100;84;1.9;1.67;3.57;1149;33;Y;Y;N;N;N;N;N
339505;1231;85;2018;complete;2409;8;-1;;;0;0;0;4;12;16;3;1;1;0;0;0;0;6;2;3;2;9;24;12;36;64;1;0;8;4.25;1.33;0;0;0;0;0;0;0;0;0;0;0;0;0;0;0;0;0;0;0;0;0;0;0;0;0;0;0;0;0;0;0;0;0;0;0;0;0;0;0;0;0;0;0;0;0;0;0;0;0;0;0;0;0;0;0;0;0;0;0;0;0;0;0;0;0;0;0;0;0;0;0;0;2018-04-18 17:00:00;-1;0;42;17;25;0;1;1;2;1;2;11;3;13;1;0;0;0;1;0;1;0;0;0;0;0.44;1.57;2.01;0;0;0;0;0;0;1;1;0;0;0;1;0;0;-1;-1;-1;-1;-1;-1;-1;-1;-1;42;42;42;42;67;17;42;67;42;9.17;3.67;5.67;2.67;Kauno Žalgiris;Žalgiris;1.06;2.44;0;1.67;0.86;2;59;59;59;59;34;59;59;59;0.88;1.52;2.4;1149;33;N;N;N;N;N;N;N
339506;85;1229;2018;complete;2409;9;-1;74;31;1;1;2;8;4;12;4;2;4;4;0;0;5;6;9;5;14;11;17;10;63;37;4;4;1.35;4.25;7;0;0;0;0;0;0;0;0;0;0;0;0;0;0;0;0;0;0;0;0;0;0;0;0;0;0;0;0;0;0;0;0;0;0;0;0;0;0;0;0;0;0;0;0;0;0;0;0;0;0;0;0;0;0;0;0;0;0;0;0;0;0;0;0;0;2;0;1;1;0;1;1;2018-04-22 10:00:00;-1;0;42;0;0;0;1;1;1;3;7;1;4;8;1;1;3;3;2;6;1;0;0;0;0;1.92;1.48;3.4;0;0;0;0;0;0;1;1;0;0;0;2;0;0;-1;-1;-1;-1;-1;-1;-1;-1;-1;13;25;38;84;100;25;67;100;54;7.92;4.25;4.42;2.59;Žalgiris;Stumbras;2.12;1.94;2.25;1.33;1.88;1;88;75;63;17;0;42;25;13;1.94;1.26;3.2;1149;33;Y;Y;N;N;N;N;Y
339507;1242;1230;2018;complete;2409;9;-1;;62,78;0;2;2;6;9;15;0;4;0;1;0;0;3;8;6;19;9;27;7;14;40;60;0;1;10.25;5.95;1.18;1;1.13;1.47;2.2;0;0;0;0;0;0;2.15;1.69;0;0;0;0;0;0;0;0;0;0;0;0;0;0;0;0;0;0;0;0;0;0;0;0;0;0;0;0;0;0;0;0;0;0;0;0;0;0;0;0;0;0;0;0;0;0;0;0;0;0;0;0;0;2;0;0;0;2;2;0;2018-04-24 15:00:00;1230;0;59;25;0;0;1;1;2;4;4;5;6;9;0;1;0;0;1;0;1;0;0;0;0;1.4;3.18;4.57;0;1;0;1;0;0;1;1;0;0;0;0;0;0;-1;-1;-1;-1;-1;-1;-1;-1;-1;25;25;25;59;100;25;84;75;25;11.17;4.17;4.83;2.34;Palanga;Sūduva;1;2.38;1.67;3;1;2.75;75;75;75;42;0;84;84;42;1.37;2.24;3.61;1149;28;Y;Y;N;N;N;N;N
339508;1232;1231;2018;complete;2409;9;-1;71,90;;2;0;2;3;1;4;3;4;1;2;0;0;7;2;4;3;11;5;14;20;55;45;1;2;1.28;4.45;9.75;1.04;1.31;2;3.5;0;0;0;0;0;0;2.65;1.45;0;0;0;0;0;0;0;0;0;0;0;0;0;0;0;0;0;0;0;0;0;0;0;0;0;0;0;0;0;0;0;0;0;0;0;0;0;0;0;0;0;0;0;0;0;0;0;0;0;0;0;0;0;2;0;0;2;0;2;0;2018-04-24 17:00:00;1232;0;50;20;10;0;1;1;2;0;1;1;2;2;0;0;1;2;0;3;1;0;0;0;0;1.68;1;2.68;0;0;0;0;0;0;1;1;0;0;0;0;0;0;-1;-1;-1;-1;-1;-1;-1;-1;-1;20;30;30;60;100;20;80;80;20;8;4.2;4.8;2.4;Trakai;Kauno Žalgiris;1.5;1.29;1;1.2;1.33;0.88;80;70;70;40;0;50;30;20;1.83;1.14;2.97;1149;33;Y;Y;N;N;N;N;N
339509;1233;1228;2018;complete;2409;9;-1;2;;1;0;1;4;14;18;3;1;3;2;0;0;4;3;6;9;10;12;10;9;38;62;3;2;1.59;3.5;5.1;1.03;1.27;1.87;3.2;0;0;0;0;0;0;1.91;1.87;0;0;0;0;0;0;0;0;0;0;0;0;0;0;0;0;0;0;0;0;0;0;0;0;0;0;0;0;0;0;0;0;0;0;0;0;0;0;0;0;0;0;0;0;0;0;0;0;0;0;0;0;0;1;1;0;0;0;0;1;2018-04-25 15:00:00;1233;0;65;35;0;0;1;1;0;8;4;6;8;10;2;0;1;2;2;3;1;0;0;0;0;1.38;1.86;3.24;0;0;0;0;0;0;1;1;1;0;0;4;0;0;-1;-1;-1;-1;-1;-1;-1;-1;-1;23;33;43;88;100;45;100;75;23;11.25;4.6;3.35;3.2;Atlantas;Jonava;0.44;0.5;0.25;1;1;1.13;78;68;58;13;0;58;58;48;1.88;1.62;3.5;1149;28;Y;N;N;N;N;N;N
339510;1228;1230;2018;complete;2409;10;-1;;;0;0;0;6;7;13;4;5;2;1;0;0;6;6;4;12;10;18;14;12;42;58;2;1;8;4.8;1.29;0;0;0;0;0;0;0;0;0;0;2.1;1.71;0;0;0;0;0;0;0;0;0;0;0;0;0;0;0;0;0;0;0;0;0;0;0;0;0;0;0;0;0;0;0;0;0;0;0;0;0;0;0;0;0;0;0;0;0;0;0;0;0;0;0;0;0;0;0;0;0;0;0;0;2018-04-28 10:00:00;-1;0;33;17;17;0;1;1;1;3;5;4;4;9;0;0;2;1;0;3;1;0;0;0;0;1.54;2.25;3.79;0;0;0;0;0;0;1;1;0;0;0;2;0;0;-1;-1;-1;-1;-1;-1;-1;-1;-1;17;33;33;67;100;33;67;67;67;12;3;5;2.5;Jonava;Sūduva;0.86;2.38;1.33;3;1;2.78;84;67;67;33;0;67;67;34;1.69;2.71;4.4;1149;28;N;N;N;N;N;N;N
339511;1242;85;2018;complete;2409;10;-1;13;2,40;1;2;3;3;5;8;6;2;1;2;0;0;6;9;3;7;9;16;11;14;36;64;1;2;8.75;4.85;1.27;0;0;0;0;0;0;0;0;0;0;2.3;1.59;0;0;0;0;0;0;0;0;0;0;0;0;0;0;0;0;0;0;0;0;0;0;0;0;0;0;0;0;0;0;0;0;0;0;0;0;0;0;0;0;0;0;0;0;0;0;0;0;0;0;0;0;0;3;1;2;0;0;0;3;2018-04-28 10:00:00;85;0;38;13;0;0;1;1;3;3;0;2;6;2;0;1;1;1;1;2;1;0;0;0;0;1.31;2.15;3.46;1;0;1;0;0;0;1;1;0;1;0;0;0;0;-1;-1;-1;-1;-1;-1;-1;-1;-1;13;13;13;50;63;13;38;63;25;12.25;3.5;3;1.75;Palanga;Žalgiris;1;2.44;1.25;1.5;0.9;1.78;88;88;88;50;38;75;75;63;1.37;1.53;2.9;1149;28;Y;Y;Y;N;N;N;Y
339512;1231;1233;2018;complete;2409;10;-1;13,87;7,54,85;2;3;5;10;2;12;4;2;2;1;0;0;5;6;6;4;11;10;15;11;57;43;2;1;3.2;2.95;2.2;0;0;0;0;0;0;0;0;0;0;2.15;1.67;0;0;0;0;0;0;0;0;0;0;0;0;0;0;0;0;0;0;0;0;0;0;0;0;0;0;0;0;0;0;0;0;0;0;0;0;0;0;0;0;0;0;0;0;0;0;0;0;0;0;0;0;0;5;1;1;1;2;3;2;2018-04-29 10:00:00;1233;0;42;0;42;0;1;1;2;1;8;1;3;9;2;0;0;1;2;1;1;0;0;0;0;1.8;1.48;3.28;0;0;0;0;0;0;1;1;0;1;0;0;0;0;-1;-1;-1;-1;-1;-1;-1;-1;-1;17;17;29;54;84;0;42;84;42;7.5;3.58;5;2;Kauno Žalgiris;Atlantas;1.06;1;0.33;1.75;0.78;1.22;84;84;71;46;17;59;46;46;0.73;1.65;2.38;1149;33;Y;Y;Y;Y;Y;N;Y
339513;1229;1232;2018;complete;2409;10;-1;;43,88;0;2;2;6;3;9;0;2;1;1;0;0;4;3;16;3;20;6;12;16;51;49;1;1;3.4;2.9;2.1;0;0;0;0;0;0;0;0;0;0;2.05;1.74;0;0;0;0;0;0;0;0;0;0;0;0;0;0;0;0;0;0;0;0;0;0;0;0;0;0;0;0;0;0;0;0;0;0;0;0;0;0;0;0;0;0;0;0;0;0;0;0;0;0;0;0;0;2;0;1;0;1;1;1;2018-04-29 15:00:00;1232;0;38;0;13;0;1;1;2;2;4;1;4;5;0;0;1;1;0;2;1;0;0;0;0;2.13;1.07;3.2;0;0;0;0;0;0;1;1;0;0;1;0;0;0;-1;-1;-1;-1;-1;-1;-1;-1;-1;25;35;35;70;90;23;80;80;25;10.45;5.8;2.85;2.55;Stumbras;Trakai;1.18;1.59;0.8;1.75;1;1.5;75;65;65;30;10;68;58;35;1.66;1.58;3.24;1149;33;Y;Y;N;N;N;N;N
339514;1242;1232;2018;complete;2409;11;-1;6;;1;0;1;1;9;10;0;3;3;1;0;0;7;3;6;6;13;9;12;10;36;64;3;1;5.55;4;1.47;0;0;0;0;0;0;0;0;0;0;1.91;1.87;0;0;0;0;0;0;0;0;0;0;0;0;0;0;0;0;0;0;0;0;0;0;0;0;0;0;0;0;0;0;0;0;0;0;0;0;0;0;0;0;0;0;0;0;0;0;0;0;0;0;0;0;0;1;1;0;0;0;0;1;2018-05-02 15:00:00;1242;0;60;10;10;0;1;1;1;1;0;8;2;8;1;1;2;0;2;2;1;0;0;0;0;1.73;1.77;3.5;0;0;0;0;0;0;1;1;1;0;1;0;0;0;-1;-1;-1;-1;-1;-1;-1;-1;-1;20;20;30;90;100;20;80;90;30;9.6;5.6;2.8;2.6;Palanga;Trakai;1;1.59;1;2;0.82;1.64;80;80;70;10;0;70;60;40;1.36;1.48;2.84;1149;28;Y;N;N;N;N;N;N
339515;85;1230;2018;complete;2409;11;-1;27,45;5,12,79;2;3;5;7;4;11;1;0;2;2;0;0;8;6;4;4;12;10;13;16;59;41;2;2;3.4;3.4;1.91;0;0;0;0;0;0;0;0;0;0;1.71;2.05;0;0;0;0;0;0;0;0;0;0;0;0;0;0;0;0;0;0;0;0;0;0;0;0;0;0;0;0;0;0;0;0;0;0;0;0;0;0;0;0;0;0;0;0;0;0;0;0;0;0;0;0;0;5;2;2;0;1;1;4;2018-05-02 17:00:00;1230;0;43;13;0;0;1;1;2;2;5;2;4;7;0;0;2;2;0;4;1;0;0;0;0;1.77;1.44;3.21;0;0;0;0;0;0;1;1;0;1;0;0;0;0;-1;-1;-1;-1;-1;-1;-1;-1;-1;23;33;43;75;88;33;75;75;55;12.75;5.6;3.95;2.6;Žalgiris;Sūduva;2.12;2.38;2;2.5;1.9;2.6;78;68;58;25;13;80;80;58;1.94;2.56;4.5;1149;33;Y;Y;Y;Y;Y;N;Y
339516;1231;1228;2018;complete;2409;11;-1;52;;1;0;1;4;5;9;0;2;1;2;0;0;5;5;9;3;14;8;12;19;46;54;1;2;2.6;3.2;2.4;0;0;0;0;0;0;0;0;0;0;0;0;0;0;0;0;0;0;0;0;0;0;0;0;0;0;0;0;0;0;0;0;0;0;0;0;0;0;0;0;0;0;0;0;0;0;0;0;0;0;0;0;0;0;0;0;0;0;0;0;0;0;0;0;0;1;0;0;1;0;1;0;2018-05-03 15:00:00;1231;0;59;21;25;0;1;1;3;4;1;1;7;2;0;1;1;1;1;2;1;0;0;0;0;1.78;1.39;3.17;0;0;0;0;0;0;1;1;0;0;2;0;0;0;-1;-1;-1;-1;-1;-1;-1;-1;-1;34;42;50;67;88;29;75;79;34;11.25;4.25;5.25;2.88;Kauno Žalgiris;Jonava;1.06;0.5;0.25;0.83;0.7;1;67;59;50;34;13;63;63;54;1;1.66;2.66;1149;28;Y;N;N;N;N;N;N
339517;1233;1229;2018;complete;2409;11;-1;;;0;0;0;3;4;7;-1;-1;3;1;0;0;2;3;2;10;4;13;-1;-1;48;52;3;1;1.87;3.15;3.85;0;0;0;0;0;0;0;0;0;0;2.1;1.69;0;0;0;0;0;0;0;0;0;0;0;0;0;0;0;0;0;0;0;0;0;0;0;0;0;0;0;0;0;0;0;0;0;0;0;0;0;0;0;0;0;0;0;0;0;0;0;0;0;0;0;0;0;0;0;0;0;0;0;0;2018-05-03 17:00:00;-1;0;45;20;0;0;1;1;0;2;3;2;2;5;2;0;1;1;2;2;1;0;0;0;0;1.04;1.85;2.89;0;0;0;0;0;0;1;1;0;0;0;0;0;0;-1;-1;-1;-1;-1;-1;-1;-1;-1;10;10;10;68;100;20;75;70;23;9.55;5;4.2;2.18;Atlantas;Stumbras;0.44;1.94;0.8;1.25;1.4;0.9;90;90;90;33;0;65;53;53;1.78;1.32;3.1;1149;33;N;N;N;N;N;N;N
339518;1230;1232;2018;complete;2409;12;-1;;;0;0;0;7;0;7;3;5;0;0;0;1;8;0;10;6;18;6;7;7;45;55;0;2;1.41;4.05;6.2;1.02;1.24;1.8;3.05;0;0;0;0;0;0;2;1.77;0;0;0;0;0;0;0;0;0;0;0;0;0;0;0;0;0;0;0;0;0;0;0;0;0;0;0;0;0;0;0;0;0;0;0;0;0;0;0;0;0;0;0;0;0;0;0;0;0;0;0;0;0;0;0;0;0;0;0;0;2018-05-06 16:00:00;-1;0;50;9;25;0;1;1;0;0;7;0;0;7;0;0;0;1;0;1;1;0;0;0;0;2.36;0.81;3.17;0;0;0;0;0;0;1;1;0;0;0;0;0;0;-1;-1;-1;-1;-1;-1;-1;-1;-1;33;33;42;83;92;17;75;83;50;12.84;4;3.17;2.92;Sūduva;Trakai;2.29;1.59;2.67;1.67;2.64;1.5;67;67;59;17;9;75;67;33;2.18;1.52;3.7;1149;33;N;N;N;N;N;N;N
339519;1229;1231;2018;complete;2409;12;-1;;14,70;0;2;2;5;10;15;2;0;0;1;0;0;3;7;5;7;8;14;19;17;55;45;0;1;1.87;3.1;4.05;0;0;0;0;0;0;0;0;0;0;2.35;1.57;0;0;0;0;0;0;0;0;0;0;0;0;0;0;0;0;0;0;0;0;0;0;0;0;0;0;0;0;0;0;0;0;0;0;0;0;0;0;0;0;0;0;0;0;0;0;0;0;0;0;0;0;0;2;0;1;0;1;1;1;2018-05-08 15:00:00;1231;0;9;0;9;0;1;1;3;4;2;6;7;8;0;1;0;0;1;0;1;0;0;0;0;1.12;1.66;2.77;0;1;0;1;0;0;1;1;0;0;0;1;0;0;-1;-1;-1;-1;-1;-1;-1;-1;-1;9;17;17;50;92;9;67;67;17;7.17;4.5;4.17;1.84;Stumbras;Kauno Žalgiris;1.18;1.29;0.67;1;0.91;0.91;92;83;83;50;9;50;33;17;1.76;1.12;2.88;1149;33;Y;Y;N;N;N;N;N
339520;1228;85;2018;complete;2409;12;-1;55;37,67;1;2;3;6;6;12;1;6;4;2;0;0;6;12;3;5;9;17;12;10;45;55;4;2;6.05;3.8;1.45;0;0;0;0;0;0;0;0;0;0;2.1;1.71;0;0;0;0;0;0;0;0;0;0;0;0;0;0;0;0;0;0;0;0;0;0;0;0;0;0;0;0;0;0;0;0;0;0;0;0;0;0;0;0;0;0;0;0;0;0;0;0;0;0;0;0;0;3;0;1;1;1;2;1;2018-05-08 17:00:00;85;0;33;20;13;0;1;1;1;4;5;2;5;7;2;1;2;1;3;3;1;0;0;0;0;1.56;2.49;4.05;1;0;1;0;0;0;1;1;0;0;0;0;0;0;-1;-1;-1;-1;-1;-1;-1;-1;-1;10;23;33;45;58;33;45;35;35;11.9;3.1;4.15;1.88;Jonava;Žalgiris;0.86;2.44;1.25;1.8;0.91;1.73;90;78;68;55;43;55;55;43;1.65;1.66;3.31;1149;28;Y;Y;Y;N;N;N;Y
339521;1242;1233;2018;complete;2409;12;-1;;23,56;0;2;2;2;5;7;1;3;2;4;0;0;7;4;7;5;14;9;13;27;54;46;2;4;3.9;3.4;1.77;1.02;1.25;1.83;3.1;0;0;0;0;0;0;1.8;1.95;0;0;0;0;0;0;0;0;0;0;0;0;0;0;0;0;0;0;0;0;0;0;0;0;0;0;0;0;0;0;0;0;0;0;0;0;0;0;0;0;0;0;0;0;0;0;0;0;0;0;0;0;0;2;0;1;0;1;1;1;2018-05-09 15:00:00;1233;0;55;19;30;0;1;1;1;4;1;1;5;2;1;0;1;4;1;5;1;0;0;0;0;1.98;1.26;3.24;0;0;0;0;0;0;1;1;0;0;0;0;0;0;-1;-1;-1;-1;-1;-1;-1;-1;-1;10;10;29;74;100;19;64;84;39;7.5;3.73;3.63;2.22;Palanga;Atlantas;1;1;1.33;2;1;1.36;90;90;72;27;0;64;54;37;1.42;1.61;3.03;1149;28;Y;Y;N;N;N;N;N
339522;1232;85;2018;complete;2409;13;-1;;13;0;1;1;4;9;13;3;1;3;3;0;0;3;4;6;11;9;15;15;14;46;54;3;3;3.1;3.15;2.1;1.04;1.33;2.05;3.65;0;0;0;0;0;0;1.91;1.83;0;0;0;0;0;0;0;0;0;0;0;0;0;0;0;0;0;0;0;0;0;0;0;0;0;0;0;0;0;0;0;0;0;0;0;0;0;0;0;0;0;0;0;0;0;0;0;0;0;0;0;0;0;1;0;1;0;0;0;1;2018-05-12 10:00:00;85;0;59;33;9;0;1;1;1;1;3;8;2;11;2;0;1;3;2;4;1;0;0;0;0;1.03;1.49;2.52;0;0;0;0;0;0;1;1;0;0;0;0;0;0;-1;-1;-1;-1;-1;-1;-1;-1;-1;17;25;42;67;75;33;59;67;33;11.84;4.83;3.33;2.42;Trakai;Žalgiris;1.5;2.44;1.33;2;1.46;1.83;83;75;59;34;25;59;42;42;1.81;1.8;3.61;1149;33;Y;N;N;N;N;N;N
339523;1233;1230;2018;complete;2409;13;-1;;67,77,81;0;3;3;5;11;16;1;0;3;1;0;0;4;10;5;7;9;17;10;10;42;58;3;1;4.75;3.6;1.61;1.03;1.28;1.91;3.3;0;0;0;0;0;0;2;1.77;0;0;0;0;0;0;0;0;0;0;0;0;0;0;0;0;0;0;0;0;0;0;0;0;0;0;0;0;0;0;0;0;0;0;0;0;0;0;0;0;0;0;0;0;0;0;0;0;0;0;0;0;0;3;0;0;0;3;3;0;2018-05-12 10:00:00;1230;0;37;37;0;0;1;1;0;7;5;4;7;9;0;0;3;1;0;4;1;0;0;0;0;1.46;2.49;3.96;0;0;0;0;0;0;1;1;0;0;0;1;0;0;-1;-1;-1;-1;-1;-1;-1;-1;-1;29;29;29;55;82;37;72;47;29;12.33;4.73;3.3;2.39;Atlantas;Sūduva;0.44;2.38;0.83;2.6;1.5;2.5;72;72;72;45;19;84;84;74;1.66;2.28;3.94;1149;33;Y;Y;Y;N;N;N;N
339524;1228;1229;2018;complete;2409;13;-1;;45,48;0;2;2;1;4;5;0;4;5;0;0;0;2;7;4;4;6;11;15;11;54;46;5;0;2.9;2.9;2.35;1.08;1.49;2.55;4.9;0;0;0;0;0;0;2.2;1.62;0;0;0;0;0;0;0;0;0;0;0;0;0;0;0;0;0;0;0;0;0;0;0;0;0;0;0;0;0;0;0;0;0;0;0;0;0;0;0;0;0;0;0;0;0;0;0;0;0;0;0;0;0;2;0;1;0;1;1;1;2018-05-13 10:00:00;1229;0;40;0;20;0;1;1;1;2;0;2;3;2;1;0;4;0;1;4;1;0;0;0;0;1.04;1.73;2.76;0;0;0;0;0;0;1;1;0;0;0;2;0;0;-1;-1;-1;-1;-1;-1;-1;-1;-1;0;10;20;60;80;10;50;70;40;8.6;2.8;5.6;1.7;Jonava;Stumbras;0.86;1.94;1;1.2;0.83;0.83;100;90;80;40;20;50;40;30;1.63;1.43;3.06;1149;28;Y;Y;N;N;N;N;N
339525;1231;1242;2018;complete;2409;13;-1;;;0;0;0;4;5;9;4;3;2;0;0;0;7;4;7;3;14;7;18;8;48;52;2;0;2;3.2;3.3;1.05;1.38;2.2;4.05;0;0;0;0;0;0;2.05;1.74;0;0;0;0;0;0;0;0;0;0;0;0;0;0;0;0;0;0;0;0;0;0;0;0;0;0;0;0;0;0;0;0;0;0;0;0;0;0;0;0;0;0;0;0;0;0;0;0;0;0;0;0;0;0;0;0;0;0;0;0;2018-05-13 15:00:00;-1;0;37;27;20;0;1;1;1;1;3;4;2;7;0;0;2;0;0;2;1;0;0;0;0;1.85;1.06;2.91;0;0;0;0;0;0;1;1;0;0;0;0;0;0;-1;-1;-1;-1;-1;-1;-1;-1;-1;20;45;45;62;90;44;54;82;45;8.27;3.87;4.57;2.62;Kauno Žalgiris;Palanga;1.06;0.43;0.8;0.67;1.08;0.92;80;55;55;39;10;82;64;47;1.16;1.18;2.34;1149;28;N;N;N;N;N;N;N
339526;1242;1229;2018;complete;2409;14;-1;;74,82;0;2;2;4;12;16;1;1;1;1;0;0;2;8;5;8;7;16;10;10;44;56;1;1;3.55;3.05;2;1.06;1.4;2.25;4.2;0;0;0;0;0;0;2.1;1.71;0;0;0;0;0;0;0;0;0;0;0;0;0;0;0;0;0;0;0;0;0;0;0;0;0;0;0;0;0;0;0;0;0;0;0;0;0;0;0;0;0;0;0;0;0;0;0;0;0;0;0;0;0;2;0;0;0;2;2;0;2018-05-16 15:00:00;1229;0;38;7;0;0;1;1;1;4;3;8;5;11;1;1;0;0;2;0;1;0;0;0;0;1.3;2.35;3.65;0;0;0;0;0;0;1;1;0;0;1;0;0;0;-1;-1;-1;-1;-1;-1;-1;-1;-1;0;0;7;69;92;7;61;77;16;7.12;3.97;4.03;1.68;Palanga;Stumbras;1;1.94;1.14;1.5;0.93;1;100;100;93;31;9;45;37;23;1.5;1.48;2.98;1149;28;Y;Y;N;N;N;N;N
339527;1228;1232;2018;complete;2409;14;-1;;;0;0;0;1;7;8;0;5;2;1;0;0;3;3;7;7;10;10;6;12;40;60;2;1;3.9;3.25;1.83;1.05;1.37;2.15;4;0;0;0;0;0;0;2.1;1.71;0;0;0;0;0;0;0;0;0;0;0;0;0;0;0;0;0;0;0;0;0;0;0;0;0;0;0;0;0;0;0;0;0;0;0;0;0;0;0;0;0;0;0;0;0;0;0;0;0;0;0;0;0;0;0;0;0;0;0;0;2018-05-16 15:00:00;-1;0;38;0;24;0;1;1;1;5;0;2;6;2;1;1;1;0;2;1;1;0;0;0;0;1.25;1.55;2.8;0;0;0;0;0;0;1;1;0;0;1;0;0;0;-1;-1;-1;-1;-1;-1;-1;-1;-1;15;23;31;69;85;16;77;69;40;9.46;4.31;4.62;2.22;Jonava;Trakai;0.86;1.59;0.83;1.57;0.77;1.36;86;77;69;31;16;61;54;31;1.54;1.42;2.96;1149;28;N;N;N;N;N;N;N
339528;1231;1230;2018;complete;2409;14;-1;;26,55,80;0;3;3;1;5;6;2;3;1;0;0;0;5;4;6;7;11;11;12;13;46;54;1;0;7.25;5.25;1.28;1.01;1.18;1.61;2.55;0;0;0;0;0;0;2.1;1.69;0;0;0;0;0;0;0;0;0;0;0;0;0;0;0;0;0;0;0;0;0;0;0;0;0;0;0;0;0;0;0;0;0;0;0;0;0;0;0;0;0;0;0;0;0;0;0;0;0;0;0;0;0;3;0;1;0;2;2;1;2018-07-01 16:00:00;1230;0;41;21;20;0;1;1;1;3;0;2;4;2;0;0;1;0;0;1;1;0;0;0;0;1.45;1.45;2.9;0;0;0;0;0;0;1;1;0;0;0;0;0;0;-1;-1;-1;-1;-1;-1;-1;-1;-1;34;34;41;55;81;21;48;73;41;11.57;4.49;3.84;2.44;Kauno Žalgiris;Sūduva;1.06;2.38;0.75;2.71;1.13;2.47;66;66;59;46;20;82;69;62;1.14;2.19;3.33;1149;33;Y;Y;Y;N;N;N;N
339529;85;1233;2018;complete;2409;14;-1;15,50,69;48;3;1;4;3;3;6;3;0;1;3;0;0;7;3;11;3;18;6;10;10;58;42;1;3;1.22;5.15;10.25;0;0;0;0;0;0;0;0;0;0;0;0;0;0;0;0;0;0;0;0;0;0;0;0;0;0;0;0;0;0;0;0;0;0;0;0;0;0;0;0;0;0;0;0;0;0;0;0;0;0;0;0;0;0;0;0;0;0;0;0;0;0;0;0;0;4;1;0;2;1;3;1;2018-05-19 10:00:00;85;0;59;17;25;0;1;1;2;2;1;1;4;2;0;1;1;2;1;3;1;0;0;0;0;2.22;1.05;3.26;0;0;0;0;0;0;1;1;0;0;0;0;0;0;-1;-1;-1;-1;-1;-1;-1;-1;-1;25;34;50;92;100;34;84;100;50;9.5;4;4.34;3;Žalgiris;Atlantas;2.12;1;1.67;2.17;1.92;1.38;75;67;50;9;0;59;50;42;1.91;1.55;3.46;1149;33;Y;Y;Y;Y;N;N;Y
339530;1232;1228;2018;complete;2409;19;-1;49;;1;0;1;3;5;8;2;4;2;1;0;0;8;9;7;8;15;17;10;9;52;48;2;1;1.53;3.55;5.65;1.05;1.38;2.2;4.1;0;0;0;0;0;0;2.35;1.57;0;0;0;0;0;0;0;0;0;0;0;0;0;0;0;0;0;0;0;0;0;0;0;0;0;0;0;0;0;0;0;0;0;0;0;0;0;0;0;0;0;0;0;0;0;0;0;0;0;0;0;0;0;1;0;0;1;0;1;0;2018-05-20 10:00:00;1232;0;57;22;0;0;1;1;2;3;1;2;5;3;1;1;1;0;2;1;1;0;0;0;0;2.1;2.3;4.4;0;0;0;0;0;0;1;1;0;0;1;0;0;0;-1;-1;-1;-1;-1;-1;-1;-1;-1;14;29;36;71;100;29;79;86;22;10.86;4.14;4.43;2.57;Trakai;Jonava;1.5;0.5;1.14;0.71;1.33;0.79;86;71;64;29;0;57;36;29;1.69;1.62;3.31;1149;28;Y;N;N;N;N;N;N
339531;1231;85;2018;complete;2409;15;-1;;78;0;1;1;2;6;8;1;4;1;2;0;0;2;7;2;11;4;18;13;12;33;67;1;2;6.55;3.95;1.41;1.03;1.28;1.91;3.3;0;0;0;0;0;0;2.15;1.67;0;0;0;0;0;0;0;0;0;0;0;0;0;0;0;0;0;0;0;0;0;0;0;0;0;0;0;0;0;0;0;0;0;0;0;0;0;0;0;0;0;0;0;0;0;0;0;0;0;0;0;0;0;1;0;0;0;1;1;0;2018-05-23 15:00:00;85;0;38;23;24;0;1;1;2;2;0;4;4;4;0;0;1;2;0;3;1;0;0;0;0;0.65;2.22;2.87;0;0;0;0;0;0;1;1;0;0;2;0;0;0;-1;-1;-1;-1;-1;-1;-1;-1;-1;24;24;38;38;62;23;45;48;31;11.93;4.64;4.04;2;Kauno Žalgiris;Žalgiris;1.06;2.44;0.83;2.14;1.08;2;77;77;62;62;38;77;61;61;1.27;1.75;3.02;1149;33;Y;N;N;N;N;N;N
339532;1230;1229;2018;complete;2409;15;-1;48,56,59;;3;0;3;1;5;6;3;0;2;3;0;0;3;3;3;3;6;6;15;11;52;48;2;3;1.25;5.2;8.75;1.01;1.19;1.65;2.65;0;0;0;0;0;0;2.15;1.67;0;0;0;0;0;0;0;0;0;0;0;0;0;0;0;0;0;0;0;0;0;0;0;0;0;0;0;0;0;0;0;0;0;0;0;0;0;0;0;0;0;0;0;0;0;0;0;0;0;0;0;0;0;3;0;0;3;0;3;0;2018-05-22 15:00:00;1230;0;36;7;15;0;1;1;1;1;0;4;2;4;2;1;0;2;3;2;1;0;0;0;0;0.83;0.81;1.64;1;0;1;0;0;0;1;1;0;0;1;1;0;0;-1;-1;-1;-1;-1;-1;-1;-1;-1;15;15;22;71;79;7;43;79;43;11.71;3.14;3.71;2.07;Sūduva;Stumbras;2.29;1.94;2.43;1.71;2.54;1.14;86;86;79;29;22;50;43;29;2.21;1.6;3.81;1149;33;Y;Y;Y;N;N;N;N
339533;1242;1228;2018;complete;2409;15;-1;4,21,90;49;3;1;4;3;8;11;-1;-1;2;2;0;1;5;6;7;7;12;13;-1;-1;50;50;2;4;2.8;3.05;2.35;1.04;1.34;2.1;3.8;0;0;0;0;0;0;1.95;1.83;0;0;0;0;0;0;0;0;0;0;0;0;0;0;0;0;0;0;0;0;0;0;0;0;0;0;0;0;0;0;0;0;0;0;0;0;0;0;0;0;0;0;0;0;0;0;0;0;0;0;0;0;0;4;2;0;1;1;2;2;2018-05-24 15:00:00;1242;0;44;13;0;0;1;1;3;3;0;5;6;5;0;1;2;2;1;4;1;0;0;0;0;1.68;2.1;3.77;0;0;0;0;0;0;1;1;1;0;0;0;0;0;-1;-1;-1;-1;-1;-1;-1;-1;-1;7;13;26;69;100;19;69;82;19;9.51;3.88;4;2.19;Palanga;Jonava;1;0.5;1;0.63;0.87;0.73;94;88;76;32;0;57;51;32;1.48;1.71;3.19;1149;28;Y;Y;Y;Y;N;N;Y
339534;1232;1233;2018;complete;2409;15;-1;89;12,84;1;2;3;7;6;13;2;4;1;2;0;0;5;7;7;6;12;13;10;16;62;38;1;2;1.83;3.3;3.85;1.04;1.34;2.05;3.75;0;0;0;0;0;0;1.95;1.83;0;0;0;0;0;0;0;0;0;0;0;0;0;0;0;0;0;0;0;0;0;0;0;0;0;0;0;0;0;0;0;0;0;0;0;0;0;0;0;0;0;0;0;0;0;0;0;0;0;0;0;0;0;3;0;1;1;1;2;1;2018-05-23 17:00:00;1233;0;54;20;29;0;1;1;3;2;4;4;5;8;0;1;1;1;1;2;1;0;0;0;0;2.09;1.91;4;0;0;0;0;0;0;1;1;0;0;0;1;0;0;-1;-1;-1;-1;-1;-1;-1;-1;-1;14;27;34;75;100;20;67;94;41;8.38;3.93;4.29;2.48;Trakai;Atlantas;1.5;1;1.38;1.86;1.44;1.29;87;73;66;26;0;47;27;27;1.74;1.48;3.22;1149;33;Y;Y;Y;N;N;N;Y
339535;1231;1232;2018;complete;2409;16;-1;48;44;1;1;2;3;3;6;5;1;2;0;0;0;3;6;1;3;4;9;26;18;43;57;2;0;4.8;3.45;1.65;1.06;1.41;2.25;4.25;0;0;0;0;0;0;2.25;1.62;0;0;0;0;0;0;0;0;0;0;0;0;0;0;0;0;0;0;0;0;0;0;0;0;0;0;0;0;0;0;0;0;0;0;0;0;0;0;0;0;0;0;0;0;0;0;0;0;0;0;0;0;0;2;0;1;1;0;1;1;2018-06-14 15:00:00;-1;0;34;7;21;0;1;1;1;2;2;1;3;3;0;0;2;0;0;2;1;0;0;0;0;0.87;1.39;2.26;0;0;0;0;0;0;1;1;0;0;0;1;0;0;-1;-1;-1;-1;-1;-1;-1;-1;-1;27;27;27;46;73;14;52;67;27;9.64;5.67;3.39;2;Kauno Žalgiris;Trakai;1.06;1.59;0.71;1.5;1;1.35;73;73;73;55;27;67;47;34;1.18;1.44;2.62;1149;33;Y;Y;N;N;N;N;Y
339536;1228;1233;2018;complete;2409;16;-1;45,73;15;2;1;3;3;7;10;4;0;1;0;0;0;4;6;3;6;7;12;14;5;61;39;1;0;2.1;3.2;3.15;1.05;1.38;2.2;4.1;0;0;0;0;0;0;2;1.77;0;0;0;0;0;0;0;0;0;0;0;0;0;0;0;0;0;0;0;0;0;0;0;0;0;0;0;0;0;0;0;0;0;0;0;0;0;0;0;0;0;0;0;0;0;0;0;0;0;0;0;0;0;3;1;1;1;0;1;2;2018-06-15 15:00:00;1228;0;46;7;46;0;1;1;1;2;2;5;3;7;0;0;1;0;0;1;1;0;0;0;0;1.4;1.6;3;0;0;0;0;0;0;1;1;0;0;0;0;0;0;-1;-1;-1;-1;-1;-1;-1;-1;-1;7;20;40;73;86;14;66;79;53;7.96;2.75;5.39;2.23;Jonava;Atlantas;0.86;1;0.86;2;0.69;1.4;94;81;61;28;15;47;41;34;1.49;1.54;3.03;1149;28;Y;Y;Y;N;N;N;Y
339537;85;1229;2018;complete;2409;16;-1;;59;0;1;1;5;6;11;2;3;3;1;0;0;4;4;6;9;10;13;9;18;54;46;3;1;1.2;5.6;10.25;0;0;0;0;0;0;0;0;0;0;0;0;0;0;0;0;0;0;0;0;0;0;0;0;0;0;0;0;0;0;0;0;0;0;0;0;0;0;0;0;0;0;0;0;0;0;0;0;0;0;0;0;0;0;0;0;0;0;0;0;0;0;0;0;0;1;0;0;0;1;1;0;2018-06-16 10:00:00;1229;0;48;7;7;0;1;1;2;3;3;3;5;6;1;0;2;1;1;3;1;0;0;0;0;1.51;1.57;3.08;0;0;0;0;0;0;1;1;0;0;0;0;0;0;-1;-1;-1;-1;-1;-1;-1;-1;-1;15;29;42;88;94;22;69;94;48;10;3.93;4.13;2.66;Žalgiris;Stumbras;2.12;1.94;1.86;1.5;2.07;1.07;86;72;59;13;7;48;41;34;1.95;1.5;3.45;1149;33;Y;N;N;N;N;N;N
339538;1242;1230;2018;complete;2409;16;-1;90;9,54,63,80;1;4;5;6;7;13;2;1;3;2;0;0;5;6;4;2;9;8;13;10;42;58;3;2;12;6;1.16;0;0;0;0;0;0;0;0;0;0;0;0;0;0;0;0;0;0;0;0;0;0;0;0;0;0;0;0;0;0;0;0;0;0;0;0;0;0;0;0;0;0;0;0;0;0;0;0;0;0;0;0;0;0;0;0;0;0;0;0;0;0;0;0;0;5;0;1;1;3;4;1;2018-06-16 10:00:00;1230;0;39;22;6;0;1;1;1;2;5;5;3;10;2;0;1;2;2;3;1;0;0;0;0;1.35;1.52;2.87;0;1;0;1;0;0;1;1;0;1;0;0;0;0;-1;-1;-1;-1;-1;-1;-1;-1;-1;17;22;36;73;92;28;59;73;42;11;3.67;3.45;2.39;Palanga;Sūduva;1;2.38;1.22;2.67;1;2.57;84;78;64;28;9;84;84;64;1.5;2.32;3.82;1149;28;Y;Y;Y;Y;Y;N;Y
339539;1229;1232;2018;complete;2409;17;-1;33;;1;0;1;2;6;8;0;2;0;1;0;0;5;2;3;5;8;7;7;14;38;62;0;1;3;2.9;2.3;1.08;1.48;2.5;4.8;0;0;0;0;0;0;2.2;1.65;0;0;0;0;0;0;0;0;0;0;0;0;0;0;0;0;0;0;0;0;0;0;0;0;0;0;0;0;0;0;0;0;0;0;0;0;0;0;0;0;0;0;0;0;0;0;0;0;0;0;0;0;0;1;1;0;0;0;0;1;2018-06-19 15:00:00;1229;0;22;0;6;0;1;1;2;2;0;4;4;4;0;0;0;1;0;1;1;0;0;0;0;1.15;1.12;2.27;0;0;0;0;0;0;1;1;0;0;0;0;0;0;-1;-1;-1;-1;-1;-1;-1;-1;-1;11;18;18;62;82;13;75;69;11;9.79;5.4;2.4;1.91;Stumbras;Trakai;1.18;1.59;0.57;1.44;1.19;1.33;89;82;82;38;18;64;44;26;1.65;1.43;3.08;1149;33;Y;N;N;N;N;N;N
339540;1233;1231;2018;complete;2409;17;-1;;21;0;1;1;6;7;13;2;2;2;2;0;0;6;7;6;7;12;14;19;16;47;53;2;2;3.85;3.35;1.8;1.06;1.39;2.2;4.15;0;0;0;0;0;0;2.1;1.69;0;0;0;0;0;0;0;0;0;0;0;0;0;0;0;0;0;0;0;0;0;0;0;0;0;0;0;0;0;0;0;0;0;0;0;0;0;0;0;0;0;0;0;0;0;0;0;0;0;0;0;0;0;1;0;1;0;0;0;1;2018-08-15 15:00:00;1231;0;20;15;6;0;1;1;2;4;4;3;6;7;0;0;2;2;0;4;1;0;0;0;0;1.85;2.13;3.99;0;1;0;1;0;0;1;1;0;0;2;2;0;0;-1;-1;-1;-1;-1;-1;-1;-1;-1;13;13;20;57;93;20;75;50;26;9.4;3.92;4.27;2.09;Atlantas;Kauno Žalgiris;0.44;1.29;0.71;1.67;1.17;1.2;88;88;80;44;7;64;64;58;1.63;1.2;2.83;1149;33;Y;N;N;N;N;N;N
339541;85;1242;2018;complete;2409;17;-1;21,81;;2;0;2;12;6;18;1;1;2;4;2;0;4;5;8;2;12;7;10;15;56;44;5;4;1.11;7;16.25;1;1.12;1.45;2.15;0;0;0;0;0;0;0;0;0;0;0;0;0;0;0;0;0;0;0;0;0;0;0;0;0;0;0;0;0;0;0;0;0;0;0;0;0;0;0;0;0;0;0;0;0;0;0;0;0;0;0;0;0;0;0;0;0;0;0;0;0;2;1;0;1;0;1;1;2018-06-20 15:00:00;85;0;46;21;7;0;1;1;6;3;6;3;9;9;1;1;3;3;2;6;1;0;0;0;0;1.64;1.21;2.85;0;0;0;0;0;0;1;1;0;0;2;1;0;0;-1;-1;-1;-1;-1;-1;-1;-1;-1;13;47;53;80;93;48;73;86;47;8.86;4.24;3.99;2.84;Žalgiris;Palanga;2.12;0.43;1.63;0.71;1.94;0.94;88;54;48;21;7;75;60;40;1.9;1.17;3.07;1149;28;Y;Y;N;N;N;N;N
339542;1230;1228;2018;complete;2409;17;-1;9,87;;2;0;2;7;6;13;4;2;1;4;0;0;6;2;5;3;11;5;19;18;54;46;1;4;1.12;6.4;16.25;1;1.13;1.48;2.2;0;0;0;0;0;0;2.4;1.56;0;0;0;0;0;0;0;0;0;0;0;0;0;0;0;0;0;0;0;0;0;0;0;0;0;0;0;0;0;0;0;0;0;0;0;0;0;0;0;0;0;0;0;0;0;0;0;0;0;0;0;0;0;2;1;0;1;0;1;1;2018-06-20 17:00:00;1230;0;47;12;18;0;1;1;6;2;1;4;8;5;0;2;1;2;2;3;1;0;0;0;0;1.62;0.94;2.55;0;0;0;0;0;0;1;1;1;0;0;0;0;0;-1;-1;-1;-1;-1;-1;-1;-1;-1;18;29;47;71;88;23;58;82;43;12.33;3.19;4.19;2.65;Sūduva;Jonava;2.29;0.5;2.5;0.56;2.6;0.82;82;71;53;29;13;53;47;29;2.04;1.75;3.79;1149;28;Y;Y;N;N;N;N;N
339543;1229;1233;2018;complete;2409;18;-1;42,60;52;2;1;3;8;0;8;2;0;1;1;0;0;7;7;7;8;14;15;16;11;55;45;1;1;1.22;5.15;10.25;1.02;1.26;1.83;3.1;0;0;0;0;0;0;2.65;1.45;0;0;0;0;0;0;0;0;0;0;0;0;0;0;0;0;0;0;0;0;0;0;0;0;0;0;0;0;0;0;0;0;0;0;0;0;0;0;0;0;0;0;0;0;0;0;0;0;0;0;0;0;0;3;1;0;1;1;2;1;2018-08-25 10:00:00;1229;0;28;9;23;0;1;1;7;0;1;0;7;1;0;0;1;1;0;2;1;0;0;0;0;1.96;1.85;3.81;1;0;1;0;0;0;1;1;0;0;1;0;0;0;-1;-1;-1;-1;-1;-1;-1;-1;-1;5;14;33;76;95;19;76;80;33;8.01;3.71;3.42;2.22;Stumbras;Atlantas;1.18;1;1;1.45;1.48;1.05;96;86;68;25;5;58;43;28;1.56;1.53;3.09;1149;33;Y;Y;Y;N;N;N;Y
339544;1228;1231;2018;complete;2409;18;-1;;2,37;0;2;2;7;5;12;2;0;1;2;0;1;4;5;8;5;12;10;13;15;55;45;1;3;2.2;3.1;2.95;1.06;1.4;2.25;4.2;0;0;0;0;0;0;2.05;1.74;0;0;0;0;0;0;0;0;0;0;0;0;0;0;0;0;0;0;0;0;0;0;0;0;0;0;0;0;0;0;0;0;0;0;0;0;0;0;0;0;0;0;0;0;0;0;0;0;0;0;0;0;0;2;0;2;0;0;0;2;2018-06-27 15:00:00;1231;0;26;7;20;0;1;1;2;1;5;4;3;9;0;3;1;0;3;1;1;0;0;0;0;1.63;1.38;3.01;0;1;0;1;0;0;1;1;0;1;0;0;0;0;-1;-1;-1;-1;-1;-1;-1;-1;-1;7;14;26;60;88;13;67;67;34;7.34;3.24;5.31;1.94;Jonava;Kauno Žalgiris;0.86;1.29;1.13;1.29;0.78;1;93;87;75;41;13;47;47;27;1.48;1.19;2.67;1149;28;Y;Y;N;N;N;N;N
339545;1230;85;2018;complete;2409;18;-1;;78;0;1;1;3;3;6;3;1;3;6;0;1;6;9;6;4;12;13;16;12;58;42;3;8;1.65;3.7;4.3;1.01;1.22;1.71;2.85;0;0;0;0;0;0;1.8;2;0;0;0;0;0;0;0;0;0;0;0;0;0;0;0;0;0;0;0;0;0;0;0;0;0;0;0;0;0;0;0;0;0;0;0;0;0;0;0;0;0;0;0;0;0;0;0;0;0;0;0;0;0;1;0;0;0;1;1;0;2018-06-27 17:00:00;85;0;36;18;18;0;1;1;3;1;0;2;4;2;0;2;3;5;2;8;1;0;0;0;0;1.83;1.83;3.66;0;0;0;0;0;0;1;1;0;0;1;0;0;0;-1;-1;-1;-1;-1;-1;-1;-1;-1;18;18;41;58;71;18;47;58;41;13.36;4.27;3.42;2.22;Sūduva;Žalgiris;2.29;2.44;2.56;2.25;2.63;2;83;83;60;43;30;60;60;48;1.99;1.81;3.8;1149;33;Y;N;N;N;N;N;N
339546;1231;1230;2018;complete;2409;19;-1;61;;1;0;1;7;9;16;4;1;0;0;0;0;3;4;8;9;11;13;6;13;41;59;0;0;14;6.8;1.12;0;0;0;0;0;0;0;0;0;0;0;0;0;0;0;0;0;0;0;0;0;0;0;0;0;0;0;0;0;0;0;0;0;0;0;0;0;0;0;0;0;0;0;0;0;0;0;0;0;0;0;0;0;0;0;0;0;0;0;0;0;0;0;0;0;1;0;0;1;0;1;0;2018-07-04 15:00:00;1231;0;36;18;18;0;1;-1;3;4;4;5;7;9;0;0;0;0;0;0;1;0;0;0;0;1.09;1.56;2.65;0;0;0;0;0;0;1;1;0;0;0;0;-1;-1;-1;-1;-1;-1;-1;-1;-1;-1;-1;30;30;48;60;83;18;54;77;48;10.92;4.56;3.5;2.5;Kauno Žalgiris;Sūduva;1.06;2.38;0.67;2.75;1.06;2.5;71;71;53;41;18;72;61;54;1.18;2.08;3.26;1149;33;Y;N;N;N;N;N;N
339547;1233;85;2018;complete;2409;19;-1;23;19,35,45,48,57;1;5;6;2;12;14;2;5;2;0;0;0;2;15;3;8;5;23;11;16;31;69;2;0;1.61;4.2;5.8;1.02;1.22;1.71;2.75;0;11.25;4;2.05;1.4;1.14;1.77;1.95;0;0;0;0;0;0;0;0;0;0;0;0;0;0;0;0;0;0;0;0;0;0;0;0;0;0;0;0;0;0;0;0;0;0;0;0;0;0;0;0;0;0;0;0;0;0;0;0;0;0;0;0;0;6;1;3;0;2;2;4;2018-10-07 10:00:00;85;0;35;19;16;0;1;1;1;3;1;9;4;10;1;0;1;0;1;1;1;0;0;0;0;0.84;3.46;4.3;0;0;0;0;0;0;1;1;0;0;0;0;0;0;-1;-1;-1;-1;-1;-1;-1;-1;-1;19;23;35;58;85;35;70;54;35;10.54;4.38;4.08;2.47;Atlantas;Žalgiris;0.44;2.44;0.54;2.31;0.88;2.17;81;77;66;43;16;62;58;50;1.47;2.06;3.53;1149;33;Y;Y;Y;Y;Y;Y;Y
339548;1229;1242;2018;complete;2409;19;-1;55,67;;2;0;2;5;5;10;1;1;2;2;1;0;6;4;5;10;11;14;10;12;37;63;4;2;1.54;3.65;5.35;1.04;1.33;2.05;3.65;0;0;0;0;0;0;2.2;1.62;0;0;0;0;0;0;0;0;0;0;0;0;0;0;0;0;0;0;0;0;0;0;0;0;0;0;0;0;0;0;0;0;0;0;0;0;0;0;0;0;0;0;0;0;0;0;0;0;0;0;0;0;0;2;0;0;2;0;2;0;2018-07-03 15:00:00;1229;0;13;13;0;0;1;1;3;1;2;4;4;6;2;2;1;0;4;1;1;0;0;0;0;1.44;1.84;3.28;0;0;0;0;0;0;1;1;0;0;0;0;0;0;-1;-1;-1;-1;-1;-1;-1;-1;-1;0;26;26;63;88;32;69;69;19;8.38;3.75;3.26;2.01;Stumbras;Palanga;1.18;0.43;0.88;0.63;1.29;0.89;100;76;76;38;13;76;51;32;1.58;1.17;2.75;1149;28;Y;Y;N;N;N;N;N
339549;1228;1229;2018;complete;2409;20;-1;36;9,13,47;1;3;4;8;1;9;3;1;4;4;0;0;8;9;9;8;17;17;20;15;58;42;4;4;3.3;3.15;2.05;1.08;1.48;2.5;4.8;0;0;0;0;0;0;2.25;1.62;0;0;0;0;0;0;0;0;0;0;0;0;0;0;0;0;0;0;0;0;0;0;0;0;0;0;0;0;0;0;0;0;0;0;0;0;0;0;0;0;0;0;0;0;0;0;0;0;0;0;0;0;0;4;1;2;0;1;1;3;2018-08-04 10:00:00;1229;0;28;6;11;0;1;1;3;0;5;1;3;6;3;2;1;2;5;3;1;0;0;0;0;2.34;2.06;4.41;0;0;0;0;0;0;1;1;0;1;0;0;0;0;-1;-1;-1;-1;-1;-1;-1;-1;-1;0;6;22;67;84;17;50;73;33;9.11;3.11;4.67;1.78;Jonava;Stumbras;0.86;1.94;1;1.67;0.74;1.39;100;95;78;33;17;50;45;33;1.5;1.51;3.01;1149;28;Y;Y;Y;Y;N;N;Y
339550;1230;1233;2018;complete;2409;20;-1;37,80,88;;3;0;3;11;1;12;3;2;0;0;0;0;11;3;8;4;19;7;10;7;55;45;0;0;1.11;7.5;13.25;1;1.14;1.49;2.25;0;0;0;0;0;0;2.55;1.49;0;0;0;0;0;0;0;0;0;0;0;0;0;0;0;0;0;0;0;0;0;0;0;0;0;0;0;0;0;0;0;0;0;0;0;0;0;0;0;0;0;0;0;0;0;0;0;0;0;0;0;0;0;3;1;0;2;0;2;1;2018-08-04 10:00:00;1230;0;49;16;38;0;1;-1;6;0;5;1;6;6;0;0;0;0;0;0;1;0;0;0;0;2.67;0.91;3.58;0;0;0;0;0;0;1;1;0;0;2;0;-1;-1;-1;-1;-1;-1;-1;-1;-1;-1;-1;16;21;48;80;90;16;59;90;53;10.36;3.56;3.8;2.59;Sūduva;Atlantas;2.29;1;2.3;1.78;2.37;1.31;85;79;52;21;10;53;47;32;1.97;1.54;3.51;1149;33;Y;Y;Y;N;N;N;N
339551;85;1232;2018;complete;2409;20;-1;58,69;45,88;2;2;4;3;4;7;2;0;1;5;0;0;8;3;8;4;16;7;16;20;48;52;1;5;1.37;4.4;6.3;1.02;1.24;1.8;3.05;0;9;3.45;1.87;1.31;1.1;2.1;1.69;0;0;0;0;0;0;0;0;0;0;0;0;0;0;0;0;0;0;0;0;0;0;0;0;0;0;0;0;0;0;0;0;0;0;0;0;0;0;0;0;0;0;0;0;0;0;0;0;0;0;0;0;0;4;0;1;2;1;3;1;2018-10-21 10:00:00;-1;0;44;4;12;0;1;1;2;2;1;2;4;3;0;3;1;2;3;3;1;0;0;0;0;2.09;1.01;3.1;1;0;1;0;0;0;1;1;0;0;1;0;0;0;-1;-1;-1;-1;-1;-1;-1;-1;-1;16;33;41;73;89;25;80;81;33;10.23;4.79;3.56;2.5;Žalgiris;Trakai;2.12;1.59;2.08;1.54;2.23;1.52;84;68;60;28;12;56;52;37;1.9;1.45;3.35;1149;33;Y;Y;Y;Y;N;N;Y
339552;1242;1231;2018;complete;2409;20;-1;;12;0;1;1;12;6;18;2;3;1;3;0;0;2;2;8;5;10;7;16;15;57;43;1;3;3.8;3.15;1.87;1.08;1.5;2.55;5;0;0;0;0;0;0;2.4;1.54;0;0;0;0;0;0;0;0;0;0;0;0;0;0;0;0;0;0;0;0;0;0;0;0;0;0;0;0;0;0;0;0;0;0;0;0;0;0;0;0;0;0;0;0;0;0;0;0;0;0;0;0;0;1;0;1;0;0;0;1;2018-08-07 15:00:00;1231;0;32;5;17;0;1;1;4;4;8;2;8;10;0;1;1;2;1;3;1;0;0;0;0;1.33;1.02;2.35;0;0;0;0;0;0;1;1;0;0;1;1;0;1;-1;-1;-1;-1;-1;-1;-1;-1;-1;12;17;22;72;100;17;73;72;33;7.48;3.33;4.4;2.2;Palanga;Kauno Žalgiris;1;1.29;1.1;1.5;0.84;1.17;89;84;79;29;0;60;60;44;1.48;1.22;2.7;1149;28;Y;N;N;N;N;N;N
339553;1233;1242;2018;complete;2409;21;-1;46;90;1;1;2;5;5;10;4;0;1;1;0;0;4;5;5;9;9;14;12;15;38;62;1;1;2.5;3.15;2.5;1.05;1.36;2.15;3.95;0;7.25;2.75;1.59;1.19;1.05;1.95;1.8;0;0;0;0;0;0;0;0;0;0;0;0;0;0;0;0;0;0;0;0;0;0;0;0;0;0;0;0;0;0;0;0;0;0;0;0;0;0;0;0;0;0;0;0;0;0;0;0;0;0;0;0;0;2;0;0;1;1;2;0;2018-09-25 15:00:00;-1;0;31;18;9;0;1;1;1;1;4;4;2;8;0;0;1;1;0;2;1;0;0;0;0;1.35;2.22;3.57;0;0;0;0;0;0;1;1;0;0;0;0;0;0;-1;-1;-1;-1;-1;-1;-1;-1;-1;9;30;39;74;92;35;70;69;43;8.55;3.67;3.58;2.51;Atlantas;Palanga;0.44;0.43;0.55;0.42;0.92;0.76;92;70;62;27;9;74;61;49;1.53;1.27;2.8;1149;28;Y;Y;N;N;N;N;Y
339554;85;1228;2018;complete;2409;21;-1;9,37;46;2;1;3;5;3;8;1;1;2;2;0;1;11;4;9;8;20;12;21;13;59;41;2;3;1.03;10.75;21.75;1;1.03;1.2;1.54;0;17.25;8;3.9;2.25;1.54;2.95;1.37;0;0;0;0;0;0;0;0;0;0;0;0;0;0;0;0;0;0;0;0;0;0;0;0;0;0;0;0;0;0;0;0;0;0;0;0;0;0;0;0;0;0;0;0;0;0;0;0;0;0;0;0;0;3;2;0;0;1;1;2;2018-10-17 15:00:00;85;0;50;9;12;0;1;1;5;1;0;2;6;2;0;1;2;2;1;4;1;0;0;0;0;2.59;1.47;4.07;0;0;0;0;0;0;1;1;1;0;2;0;0;0;-1;-1;-1;-1;-1;-1;-1;-1;-1;13;34;47;80;100;30;80;96;38;11.46;3.67;4.65;2.77;Žalgiris;Jonava;2.12;0.5;2;0.54;2.2;0.73;87;66;54;21;0;67;59;51;1.84;1.67;3.51;1149;28;Y;Y;Y;N;N;N;Y
339555;1232;1230;2018;complete;2409;21;-1;79;4,30;1;2;3;6;6;12;0;2;0;2;0;0;7;10;3;5;10;15;15;17;54;46;0;2;3.4;3.3;1.95;1.04;1.34;2.1;3.8;0;7.25;2.85;1.62;1.2;1.05;2.05;1.77;0;0;0;0;0;0;0;0;0;0;0;0;0;0;0;0;0;0;0;0;0;0;0;0;0;0;0;0;0;0;0;0;0;0;0;0;0;0;0;0;0;0;0;0;0;0;0;0;0;0;0;0;0;3;0;2;1;0;1;2;2018-09-29 13:00:00;1230;0;40;19;14;0;1;1;3;3;3;3;6;6;0;1;0;1;1;1;1;0;0;0;0;1.75;2.05;3.8;0;0;0;0;0;0;1;1;0;1;1;0;0;0;-1;-1;-1;-1;-1;-1;-1;-1;-1;19;28;46;64;95;19;54;86;46;13.17;3.97;3.43;2.51;Trakai;Sūduva;1.5;2.38;1.5;2.2;1.52;2.26;81;73;54;37;5;79;66;61;1.93;1.97;3.9;1149;33;Y;Y;Y;N;N;N;Y
339556;1231;1229;2018;complete;2409;21;-1;;53,80;0;2;2;4;2;6;0;3;5;3;0;0;5;7;4;4;9;11;15;25;50;50;5;3;3.1;3.05;2.15;1.08;1.48;2.5;4.8;0;0;0;0;0;0;2.25;1.62;0;0;0;0;0;0;0;0;0;0;0;0;0;0;0;0;0;0;0;0;0;0;0;0;0;0;0;0;0;0;0;0;0;0;0;0;0;0;0;0;0;0;0;0;0;0;0;0;0;0;0;0;0;2;0;0;0;2;2;0;2018-08-11 10:00:00;1229;0;30;10;10;0;1;1;1;0;3;2;1;5;1;1;4;2;2;6;1;0;0;0;0;1.35;1.64;3;0;0;0;0;0;0;1;1;0;0;0;0;0;0;-1;-1;-1;-1;-1;-1;-1;-1;-1;10;15;25;55;85;10;40;85;30;8.7;4.3;4;1.9;Kauno Žalgiris;Stumbras;1.06;1.94;0.9;1.8;1.26;1.47;90;85;75;45;15;55;35;35;1.17;1.57;2.74;1149;33;Y;Y;N;N;N;N;N
339557;1228;1242;2018;complete;2409;22;-1;51,68,75;87;3;1;4;3;6;9;3;2;1;0;0;0;8;5;7;6;15;11;9;13;48;52;1;0;2.05;3.25;3.2;0;0;0;0;0;0;0;0;0;0;0;0;0;0;0;0;0;0;0;0;0;0;0;0;0;0;0;0;0;0;0;0;0;0;0;0;0;0;0;0;0;0;0;0;0;0;0;0;0;0;0;0;0;0;0;0;0;0;0;0;0;0;0;0;0;4;0;0;3;1;4;0;2018-08-18 10:00:00;1228;0;34;20;14;0;1;1;2;5;1;1;7;2;0;0;1;0;0;1;1;0;0;0;0;2.01;1.7;3.7;1;0;1;0;0;0;1;1;0;0;0;0;0;0;-1;-1;-1;-1;-1;-1;-1;-1;-1;0;30;39;76;86;40;65;71;40;8.58;3.03;4.93;2.3;Jonava;Palanga;0.86;0.43;0.82;0.56;0.67;0.9;100;70;61;25;15;77;61;30;1.56;1.25;2.81;1149;28;Y;Y;Y;Y;N;N;Y
339558;1229;1230;2018;complete;2409;22;-1;19;23,66;1;2;3;6;4;10;2;4;2;2;0;0;6;8;8;4;14;12;15;11;45;55;2;2;0;0;0;0;0;0;0;0;0;0;0;0;0;0;0;0;0;0;0;0;0;0;0;0;0;0;0;0;0;0;0;0;0;0;0;0;0;0;0;0;0;0;0;0;0;0;0;0;0;0;0;0;0;0;0;0;0;0;0;0;0;0;0;0;0;0;0;0;3;1;1;0;1;1;2;2018-10-07 10:00:00;1230;0;25;13;13;0;1;1;2;2;4;2;4;6;0;0;2;2;0;4;1;0;0;0;0;1.81;1.75;3.56;0;0;0;0;0;0;1;1;0;0;1;0;0;0;-1;-1;-1;-1;-1;-1;-1;-1;-1;17;21;41;65;89;24;64;73;37;12.34;3.68;3.29;2.39;Stumbras;Sūduva;1.18;2.38;1.31;2.33;1.62;2.32;84;80;60;36;12;77;65;49;1.71;2.05;3.76;1149;33;Y;Y;Y;N;N;N;Y
339559;85;1231;2018;complete;2409;22;-1;42,45,62,70;;4;0;4;0;3;3;3;1;1;1;0;0;10;6;3;6;13;12;17;15;55;45;1;1;1.27;4.75;8.75;1.03;1.27;1.91;3.25;0;0;0;0;0;0;2.4;1.54;0;0;0;0;0;0;0;0;0;0;0;0;0;0;0;0;0;0;0;0;0;0;0;0;0;0;0;0;0;0;0;0;0;0;0;0;0;0;0;0;0;0;0;0;0;0;0;0;0;0;0;0;0;4;2;0;2;0;2;2;2018-08-19 15:00:00;85;0;33;6;11;0;1;1;0;0;0;3;0;3;0;1;1;0;1;1;1;0;0;0;0;1.77;1.4;3.17;0;0;0;0;0;0;1;1;0;0;0;0;0;0;-1;-1;-1;-1;-1;-1;-1;-1;-1;16;27;33;70;100;22;85;75;32;10.18;4.02;4.94;2.46;Žalgiris;Kauno Žalgiris;2.12;1.29;1.78;1.8;2.06;1.29;84;73;67;31;0;64;64;53;1.87;1.29;3.16;1149;33;Y;Y;Y;Y;N;N;N
339560;1233;1232;2018;complete;2409;22;-1;;26,56;0;2;2;2;6;8;3;0;1;1;0;0;3;6;3;6;6;12;9;27;40;60;1;1;8.25;4.45;1.3;1.02;1.23;1.77;2.95;0;0;0;0;0;0;2.25;1.61;0;0;0;0;0;0;0;0;0;0;0;0;0;0;0;0;0;0;0;0;0;0;0;0;0;0;0;0;0;0;0;0;0;0;0;0;0;0;0;0;0;0;0;0;0;0;0;0;0;0;0;0;0;2;0;1;0;1;1;1;2018-08-19 10:00:00;1232;0;35;13;9;0;1;1;1;0;1;6;1;7;1;0;0;1;1;1;1;0;0;0;0;1.17;1.92;3.09;0;0;0;0;0;0;1;1;0;0;0;0;0;0;-1;-1;-1;-1;-1;-1;-1;-1;-1;16;20;26;57;85;17;79;51;26;10.74;4.77;3.02;2.16;Atlantas;Trakai;0.44;1.59;0.63;1.45;1.11;1.35;85;81;74;43;16;65;60;47;1.66;1.45;3.11;1149;33;Y;Y;N;N;N;N;N
339561;1229;85;2018;complete;2409;23;-1;;25,37;0;2;2;2;3;5;1;0;3;2;0;0;3;15;10;8;13;23;9;15;38;62;3;2;6.15;3.8;1.44;0;0;0;0;0;0;0;0;0;0;0;0;0;0;0;0;0;0;0;0;0;0;0;0;0;0;0;0;0;0;0;0;0;0;0;0;0;0;0;0;0;0;0;0;0;0;0;0;0;0;0;0;0;0;0;0;0;0;0;0;0;0;0;0;0;2;0;2;0;0;0;2;2018-08-22 15:00:00;85;0;17;11;6;0;1;1;0;1;2;2;1;4;1;2;2;0;3;2;1;0;0;0;0;1.52;3.08;4.6;0;1;0;1;0;0;1;1;0;0;0;0;0;0;-1;-1;-1;-1;-1;-1;-1;-1;-1;6;11;22;45;78;17;56;56;17;11.11;4.11;3.88;1.73;Stumbras;Žalgiris;1.18;2.44;1.11;2.33;1.55;2.11;95;89;78;56;22;62;50;39;1.56;1.81;3.37;1149;33;Y;Y;N;N;N;N;N
339562;1233;1228;2018;complete;2409;23;-1;7;90;1;1;2;4;9;13;1;0;4;3;1;0;4;6;6;8;10;14;21;16;45;55;5;3;3.3;3.35;1.95;1.04;1.32;2;3.55;0;0;0;0;0;0;1.91;1.87;0;0;0;0;0;0;0;0;0;0;0;0;0;0;0;0;0;0;0;0;0;0;0;0;0;0;0;0;0;0;0;0;0;0;0;0;0;0;0;0;0;0;0;0;0;0;0;0;0;0;0;0;0;2;1;0;0;1;1;1;2018-08-22 17:00:00;-1;0;36;16;5;0;1;1;3;3;1;6;6;7;1;2;4;1;3;5;1;0;0;0;0;1.49;2.14;3.63;0;0;0;0;0;0;1;1;1;0;0;0;0;0;-1;-1;-1;-1;-1;-1;-1;-1;-1;11;21;31;63;95;26;79;67;21;11.3;3.82;4.27;2.36;Atlantas;Jonava;0.44;0.5;0.56;0.5;1.05;0.77;90;80;69;37;6;64;59;54;1.61;1.67;3.28;1149;28;Y;Y;N;N;N;N;Y
339563;1230;1242;2018;complete;2409;23;-1;33,44,69,78,90;;5;0;5;7;1;8;1;2;1;0;0;0;14;3;23;7;37;10;12;8;56;44;1;0;1.05;9.75;17.75;0;0;0;0;0;0;0;0;0;0;0;0;0;0;0;0;0;0;0;0;0;0;0;0;0;0;0;0;0;0;0;0;0;0;0;0;0;0;0;0;0;0;0;0;0;0;0;0;0;0;0;0;0;0;0;0;0;0;0;0;0;0;0;0;0;5;2;0;3;0;3;2;2018-09-15 10:00:00;1230;0;29;15;14;0;1;1;3;0;4;1;3;5;1;0;0;0;1;0;1;0;0;0;0;4.03;1.18;5.21;1;0;1;0;0;0;1;1;0;0;1;0;0;0;-1;-1;-1;-1;-1;-1;-1;-1;-1;9;29;43;77;86;25;48;81;53;10.67;3.79;3.54;2.48;Sūduva;Palanga;2.29;0.43;2.36;0.5;2.4;0.83;91;71;58;24;14;73;58;33;2.04;1.29;3.33;1149;28;Y;Y;Y;Y;Y;N;N
339564;1232;1231;2018;complete;2409;23;-1;85;;1;0;1;6;8;14;1;0;1;3;0;0;9;5;8;8;17;13;20;14;58;42;1;3;1.5;3.7;5.55;1.04;1.33;2.05;3.7;0;0;0;0;0;0;2.2;1.62;0;0;0;0;0;0;0;0;0;0;0;0;0;0;0;0;0;0;0;0;0;0;0;0;0;0;0;0;0;0;0;0;0;0;0;0;0;0;0;0;0;0;0;0;0;0;0;0;0;0;0;0;0;1;0;0;1;0;1;0;2018-08-23 17:00:00;1232;0;33;11;10;0;1;1;4;1;2;7;5;9;0;1;1;2;1;3;1;0;0;0;0;2.27;1.58;3.84;0;0;0;0;0;0;1;1;0;0;1;0;0;0;-1;-1;-1;-1;-1;-1;-1;-1;-1;10;20;26;61;100;20;75;72;30;8.94;4.17;4.25;2.17;Trakai;Kauno Žalgiris;1.5;1.29;1.22;1.64;1.43;1.23;90;80;75;39;0;56;44;39;1.78;1.3;3.08;1149;33;Y;N;N;N;N;N;N
339565;1231;1233;2018;complete;2409;24;-1;23,33,56,80;;4;0;4;6;3;9;1;2;0;3;0;0;8;4;8;6;16;10;15;13;56;44;0;3;1.77;3.35;4.05;1.05;1.38;2.2;4.05;0;0;0;0;0;0;2.1;1.69;0;0;0;0;0;0;0;0;0;0;0;0;0;0;0;0;0;0;0;0;0;0;0;0;0;0;0;0;0;0;0;0;0;0;0;0;0;0;0;0;0;0;0;0;0;0;0;0;0;0;0;0;0;4;2;0;2;0;2;2;2018-08-28 15:00:00;1231;0;43;13;34;0;1;1;2;1;4;2;3;6;0;1;0;2;1;2;1;0;0;0;0;2.13;1.24;3.37;2;0;2;0;0;0;1;1;0;0;0;0;0;0;-1;-1;-1;-1;-1;-1;-1;-1;-1;13;18;43;69;91;13;60;91;47;7.58;4.2;3.84;2.33;Kauno Žalgiris;Atlantas;1.06;1;0.82;1.33;1.17;1;87;83;58;32;9;53;39;35;1.19;1.56;2.75;1149;33;Y;Y;Y;Y;N;N;N
339566;1228;1230;2018;complete;2409;24;-1;48;45,68;1;2;3;1;9;10;2;4;2;3;0;0;3;6;4;7;7;13;18;13;36;64;2;3;11;6.15;1.17;0;0;0;0;0;0;0;0;0;0;0;0;0;0;0;0;0;0;0;0;0;0;0;0;0;0;0;0;0;0;0;0;0;0;0;0;0;0;0;0;0;0;0;0;0;0;0;0;0;0;0;0;0;0;0;0;0;0;0;0;0;0;0;0;0;3;0;1;1;1;2;1;2018-10-21 10:00:00;1230;0;46;23;23;0;1;1;0;4;1;5;4;6;0;2;2;1;2;3;1;0;0;0;0;1.08;1.91;2.98;0;1;0;1;0;0;1;1;0;0;0;0;0;1;-1;-1;-1;-1;-1;-1;-1;-1;-1;20;35;58;73;89;38;66;77;46;11.69;3.62;4.31;2.85;Jonava;Sūduva;0.86;2.38;0.92;2.38;0.7;2.35;81;66;42;27;12;81;70;50;1.57;2.02;3.59;1149;28;Y;Y;Y;N;N;N;Y
339567;1242;85;2018;complete;2409;24;-1;;11,40,71,73,79;0;5;5;3;7;10;1;4;0;2;0;0;6;10;6;13;12;23;10;10;43;57;0;2;9.5;6.2;1.18;1;1.1;1.38;2;0;0;0;0;0;0;2.05;1.8;0;0;0;0;0;0;0;0;0;0;0;0;0;0;0;0;0;0;0;0;0;0;0;0;0;0;0;0;0;0;0;0;0;0;0;0;0;0;0;0;0;0;0;0;0;0;0;0;0;0;0;0;0;5;0;2;0;3;3;2;2018-08-29 15:00:00;85;0;36;14;14;0;1;1;3;6;0;1;9;1;0;1;0;1;1;1;1;0;0;0;0;1.78;2.84;4.62;0;0;0;0;0;0;1;1;0;0;0;2;0;0;-1;-1;-1;-1;-1;-1;-1;-1;-1;9;14;28;58;85;24;63;58;27;10.82;3.92;4.15;2.03;Palanga;Žalgiris;1;2.44;1.17;2.4;0.86;2.15;91;87;73;43;15;59;59;50;1.52;1.94;3.46;1149;28;Y;Y;Y;Y;Y;N;N
339568;1232;1229;2018;complete;2409;24;-1;59,71;52,85;2;2;4;8;1;9;0;1;3;4;0;0;7;4;8;5;15;9;18;16;66;34;3;4;2.15;3.25;2.95;1.05;1.37;2.15;4;0;0;0;0;0;0;2;1.77;0;0;0;0;0;0;0;0;0;0;0;0;0;0;0;0;0;0;0;0;0;0;0;0;0;0;0;0;0;0;0;0;0;0;0;0;0;0;0;0;0;0;0;0;0;0;0;0;0;0;0;0;0;4;0;0;2;2;4;0;2018-08-29 17:00:00;-1;0;39;15;5;0;1;1;3;1;5;0;4;5;2;0;1;4;2;5;1;0;0;0;0;2.07;1.07;3.14;0;0;0;0;0;0;1;1;0;0;1;0;2;0;-1;-1;-1;-1;-1;-1;-1;-1;-1;5;15;24;67;96;15;48;91;33;9.25;4.03;4.07;2.06;Trakai;Stumbras;1.5;1.94;1.4;1.91;1.5;1.55;95;86;76;34;5;53;34;34;1.83;1.57;3.4;1149;33;Y;Y;Y;Y;N;N;Y
339569;1231;1228;2018;complete;2409;25;-1;88;73;1;1;2;4;5;9;0;1;5;1;1;0;6;8;5;7;11;15;25;16;45;55;6;1;2.45;3;2.7;1.05;1.38;2.2;4.05;0;7;2.7;1.56;1.18;1.04;2;1.77;0;0;0;0;0;0;0;0;0;0;0;0;0;0;0;0;0;0;0;0;0;0;0;0;0;0;0;0;0;0;0;0;0;0;0;0;0;0;0;0;0;0;0;0;0;0;0;0;0;0;0;0;0;2;0;0;1;1;2;0;2018-09-19 15:00:00;-1;0;40;9;13;0;1;1;4;3;0;2;7;2;2;0;4;1;2;5;1;0;0;0;0;1.55;1.95;3.5;0;0;0;0;0;0;1;1;0;0;2;2;1;0;-1;-1;-1;-1;-1;-1;-1;-1;-1;13;26;35;62;92;22;62;87;30;10.72;3.78;4.56;2.32;Kauno Žalgiris;Jonava;1.06;0.5;1;0.55;1.25;0.78;87;74;66;39;9;61;44;39;1.27;1.71;2.98;1149;28;Y;Y;N;N;N;N;Y
339570;1233;1229;2018;complete;2409;25;-1;66;23,45,84;1;3;4;1;7;8;2;1;2;1;0;0;2;4;3;6;5;10;9;12;44;56;2;1;6.15;3.6;1.5;1.04;1.34;2.05;3.75;0;7.5;2.85;1.62;1.21;1.05;2.15;1.67;0;0;0;0;0;0;0;0;0;0;0;0;0;0;0;0;0;0;0;0;0;0;0;0;0;0;0;0;0;0;0;0;0;0;0;0;0;0;0;0;0;0;0;0;0;0;0;0;0;0;0;0;0;4;0;2;1;1;2;2;2018-09-19 17:00:00;1229;0;32;14;4;0;1;1;1;3;0;4;4;4;1;0;1;1;1;2;1;0;0;0;0;0.84;1.45;2.3;0;0;0;0;0;0;1;1;0;0;0;0;0;0;-1;-1;-1;-1;-1;-1;-1;-1;-1;5;14;23;68;91;14;57;71;31;9.07;3.77;4.42;2.09;Atlantas;Stumbras;0.44;1.94;0.6;1.83;0.96;1.52;95;87;78;33;9;60;48;48;1.59;1.53;3.12;1149;33;Y;Y;Y;Y;N;N;Y
339571;1232;1242;2018;complete;2409;25;-1;18,54,72;;3;0;3;12;3;15;3;0;1;0;0;0;13;4;7;5;20;9;8;9;58;42;1;0;1.2;5.5;10.25;1.01;1.15;1.53;2.3;0;11.5;4.5;2.25;1.5;1.19;2.15;1.67;0;0;0;0;0;0;0;0;0;0;0;0;0;0;0;0;0;0;0;0;0;0;0;0;0;0;0;0;0;0;0;0;0;0;0;0;0;0;0;0;0;0;0;0;0;0;0;0;0;0;0;0;0;3;1;0;2;0;2;1;2018-09-20 15:00:00;1232;0;41;18;14;0;1;1;6;0;6;3;6;9;1;0;0;0;1;0;1;0;0;0;0;2.75;1.2;3.95;0;0;0;0;0;0;1;1;0;0;0;0;0;0;-1;-1;-1;-1;-1;-1;-1;-1;-1;9;36;41;73;96;32;55;87;46;9.18;3.82;3.64;2.55;Trakai;Palanga;1.5;0.43;1.36;0.45;1.48;0.79;91;64;60;27;5;73;46;32;1.85;1.28;3.13;1149;28;Y;Y;Y;N;N;N;N
339572;1229;1231;2018;complete;2409;26;-1;;;0;0;0;9;1;10;1;0;3;2;0;0;4;0;9;3;13;3;17;16;64;36;3;2;1.77;3.3;4.15;1.07;1.47;2.45;4.75;0;6.2;2.4;1.45;1.13;1.02;2.35;1.56;0;0;0;0;0;0;0;0;0;0;0;0;0;0;0;0;0;0;0;0;0;0;0;0;0;0;0;0;0;0;0;0;0;0;0;0;0;0;0;0;0;0;0;0;0;0;0;0;0;0;0;0;0;0;0;0;0;0;0;0;2018-09-22 14:00:00;-1;0;9;0;9;0;1;1;2;0;7;1;2;8;0;0;3;2;0;5;1;0;0;0;0;1.73;0.45;2.19;0;0;0;0;0;0;1;1;0;0;0;0;0;0;-1;-1;-1;-1;-1;-1;-1;-1;-1;4;13;18;57;96;18;74;61;22;9.03;3.4;3.97;1.87;Stumbras;Kauno Žalgiris;1.18;1.29;1.18;1.5;1.58;1.24;96;87;83;43;5;57;47;34;1.6;1.32;2.92;1149;33;N;N;N;N;N;N;N
339573;85;1230;2018;complete;2409;25;-1;54;;1;0;1;3;8;11;3;1;2;4;0;0;6;6;7;8;13;14;18;15;52;48;2;4;2.1;3.2;3.05;1.02;1.23;1.77;2.9;0;9.25;3.55;1.91;1.33;1.11;1.69;2.1;0;0;0;0;0;0;0;0;0;0;0;0;0;0;0;0;0;0;0;0;0;0;0;0;0;0;0;0;0;0;0;0;0;0;0;0;0;0;0;0;0;0;0;0;0;0;0;0;0;0;0;0;0;1;0;0;1;0;1;0;2018-09-21 17:00:00;85;0;42;16;11;0;1;1;2;4;1;4;6;5;1;2;1;2;3;3;1;0;0;0;0;1.64;1.61;3.25;0;0;0;0;0;0;1;1;0;0;1;0;0;0;-1;-1;-1;-1;-1;-1;-1;-1;-1;27;42;58;79;95;31;73;89;53;12.64;4.19;3.63;2.99;Žalgiris;Sūduva;2.12;2.38;1.9;2.44;2.19;2.43;74;59;42;22;6;75;75;64;1.86;2.02;3.88;1149;33;Y;N;N;N;N;N;N
339574;1242;1233;2018;complete;2409;26;-1;34,75;;2;0;2;5;1;6;4;5;1;2;0;0;6;5;7;11;13;16;16;14;54;46;1;2;1.91;3.3;3.55;1.04;1.32;2;3.6;0;0;0;0;0;0;1.95;1.83;0;0;0;0;0;0;0;0;0;0;0;0;0;0;0;0;0;0;0;0;0;0;0;0;0;0;0;0;0;0;0;0;0;0;0;0;0;0;0;0;0;0;0;0;0;0;0;0;0;0;0;0;0;2;1;0;1;0;1;1;2018-08-11 10:00:00;1242;0;53;15;34;0;1;1;2;1;3;0;3;3;0;0;1;2;0;3;1;0;0;0;0;2.03;2.02;4.06;0;0;0;0;0;0;1;1;0;0;0;0;0;0;-1;-1;-1;-1;-1;-1;-1;-1;-1;10;19;44;82;100;19;77;87;48;8.56;3.33;3.62;2.54;Palanga;Atlantas;1;1;1;1.6;0.8;1.24;91;81;57;19;0;67;62;48;1.47;1.48;2.95;1149;28;Y;Y;N;N;N;N;N
339575;1228;85;2018;complete;2409;26;-1;;16,22,36,50,63,71;0;6;6;8;4;12;3;1;2;1;0;0;6;11;3;4;9;15;6;8;36;64;2;1;15.5;5.95;1.14;1.03;1.27;1.87;3.2;0;8.5;3.25;1.77;1.28;1.08;3.2;1.32;0;0;0;0;0;0;0;0;0;0;0;0;0;0;0;0;0;0;0;0;0;0;0;0;0;0;0;0;0;0;0;0;0;0;0;0;0;0;0;0;0;0;0;0;0;0;0;0;0;0;0;0;0;6;0;3;0;3;3;3;2018-09-26 14:00:00;85;0;39;18;21;0;1;1;0;2;8;2;2;10;1;1;1;0;2;1;1;0;0;0;0;1.28;2.16;3.44;0;0;0;0;0;0;1;1;0;0;0;0;0;0;-1;-1;-1;-1;-1;-1;-1;-1;-1;9;26;43;60;78;35;61;56;35;10.7;3.68;5.03;2.26;Jonava;Žalgiris;0.86;2.44;1;2.45;0.79;2.23;91;75;57;40;22;61;53;35;1.6;2.02;3.62;1149;28;Y;Y;Y;Y;Y;Y;N
339576;1230;1232;2018;complete;2409;26;-1;;;0;0;0;10;3;13;0;4;1;2;0;0;0;2;5;6;5;8;9;14;54;46;1;2;1.62;3.65;4.55;1.02;1.24;1.8;3.05;0;9;3.45;1.87;1.31;1.1;1.87;1.91;0;0;0;0;0;0;0;0;0;0;0;0;0;0;0;0;0;0;0;0;0;0;0;0;0;0;0;0;0;0;0;0;0;0;0;0;0;0;0;0;0;0;0;0;0;0;0;0;0;0;0;0;0;0;0;0;0;0;0;0;2018-09-26 17:00:00;-1;0;34;4;17;0;1;1;3;0;7;3;3;10;0;1;1;1;1;2;1;0;0;0;0;0.89;0.97;1.86;0;0;0;0;0;0;1;1;0;0;0;0;0;0;-1;-1;-1;-1;-1;-1;-1;-1;-1;21;25;38;71;83;13;67;75;42;11.75;4.42;2.83;2.42;Sūduva;Trakai;2.29;1.59;2.42;1.58;2.32;1.54;79;75;63;29;17;50;46;25;2.2;1.49;3.69;1149;33;N;N;N;N;N;N;N
339577;1231;1242;2018;complete;2409;27;-1;34,60;;2;0;2;1;7;8;4;1;1;2;0;0;4;5;5;7;9;12;11;18;47;53;1;2;1.95;3.35;3.3;0;0;0;0;0;0;0;0;0;0;0;0;0;0;0;0;0;0;0;0;0;0;0;0;0;0;0;0;0;0;0;0;0;0;0;0;0;0;0;0;0;0;0;0;0;0;0;0;0;0;0;0;0;0;0;0;0;0;0;0;0;0;0;0;0;2;1;0;1;0;1;1;2018-10-05 13:00:00;1231;0;31;12;19;0;1;1;0;3;1;4;3;5;1;1;0;1;2;1;1;0;0;0;0;1.35;1.68;3.03;0;0;0;0;0;0;1;1;0;0;0;1;0;0;-1;-1;-1;-1;-1;-1;-1;-1;-1;12;31;39;70;89;27;46;85;54;8.23;3.61;3.77;2.39;Kauno Žalgiris;Palanga;1.06;0.43;1;0.46;1.23;0.77;89;70;62;31;12;74;47;31;1.29;1.35;2.64;1149;28;Y;Y;N;N;N;N;N
339578;1233;1230;2018;complete;2409;27;-1;6,87;13,24,63,73,90;2;5;7;1;8;9;1;2;0;2;0;0;3;10;1;7;4;17;10;8;33;67;0;2;15.75;6.75;1.11;1.01;1.16;1.54;2.35;0;11.25;4.4;2.25;1.49;1.18;2.6;1.48;0;0;0;0;0;0;0;0;0;0;0;0;0;0;0;0;0;0;0;0;0;0;0;0;0;0;0;0;0;0;0;0;0;0;0;0;0;0;0;0;0;0;0;0;0;0;0;0;0;0;0;0;0;7;1;2;1;3;4;3;2018-10-04 15:00:00;1230;0;39;18;13;0;1;1;1;2;0;6;3;6;0;1;0;1;1;1;1;0;0;0;0;0.96;2.71;3.67;1;1;1;1;0;0;1;1;1;0;0;0;0;0;-1;-1;-1;-1;-1;-1;-1;-1;-1;18;22;40;66;92;26;65;70;39;11.94;4.07;3.56;2.45;Atlantas;Sūduva;0.44;2.38;0.58;2.27;0.92;2.29;83;78;60;35;9;79;79;70;1.51;1.98;3.49;1149;33;Y;Y;Y;Y;Y;Y;Y
339579;1232;85;2018;complete;2409;27;-1;44;;1;0;1;2;6;8;1;4;2;3;0;0;5;6;2;16;7;22;20;17;49;51;2;3;4.7;3.45;1.65;1.03;1.27;1.91;3.25;0;8.5;3.2;1.77;1.27;1.08;1.95;1.83;0;0;0;0;0;0;0;0;0;0;0;0;0;0;0;0;0;0;0;0;0;0;0;0;0;0;0;0;0;0;0;0;0;0;0;0;0;0;0;0;0;0;0;0;0;0;0;0;0;0;0;0;0;1;1;0;0;0;0;1;2018-10-04 17:00:00;1232;0;40;16;12;0;1;1;1;3;1;3;4;4;0;2;2;1;2;3;1;0;0;0;0;1.16;2.37;3.53;0;0;0;0;0;0;1;1;0;0;1;2;0;0;-1;-1;-1;-1;-1;-1;-1;-1;-1;17;24;44;60;88;33;60;71;36;11.94;4.08;3.94;2.44;Trakai;Žalgiris;1.5;2.44;1.38;2.5;1.46;2.26;84;76;56;41;13;64;52;48;1.91;2.03;3.94;1149;33;Y;N;N;N;N;N;N
339580;1229;1228;2018;complete;2409;27;-1;40,52,68;;3;0;3;6;7;13;3;0;1;1;0;0;10;2;15;5;25;7;14;11;56;44;1;1;1.62;3.6;4.55;1.03;1.28;1.91;3.3;0;8.25;3.2;1.74;1.26;1.08;1.95;1.83;0;0;0;0;0;0;0;0;0;0;0;0;0;0;0;0;0;0;0;0;0;0;0;0;0;0;0;0;0;0;0;0;0;0;0;0;0;0;0;0;0;0;0;0;0;0;0;0;0;0;0;0;0;3;1;0;2;0;2;1;2018-10-04 13:00:00;1229;0;33;4;13;0;1;1;4;5;2;2;9;4;0;0;1;1;0;2;1;0;0;0;0;2.76;0.95;3.71;1;0;1;0;0;0;1;1;0;0;0;0;0;0;-1;-1;-1;-1;-1;-1;-1;-1;-1;4;17;25;67;92;21;71;75;21;11.25;3.17;4.17;2.09;Stumbras;Jonava;1.18;0.5;1.17;0.58;1.56;0.76;96;84;75;34;9;63;46;30;1.61;1.73;3.34;1149;28;Y;Y;Y;N;N;N;N
339581;1228;1232;2018;complete;2409;28;-1;71;43,48,53;1;3;4;4;6;10;-1;-1;3;2;0;1;3;7;7;7;10;14;-1;-1;48;52;3;3;4.3;3.45;1.71;1.05;1.38;2.2;4.1;0;0;0;0;0;0;2.15;1.67;0;0;0;0;0;0;0;0;0;0;0;0;0;0;0;0;0;0;0;0;0;0;0;0;0;0;0;0;0;0;0;0;0;0;0;0;0;0;0;0;0;0;0;0;0;0;0;0;0;0;0;0;0;4;0;1;1;2;3;1;2018-08-12 10:00:00;1232;0;40;10;15;0;1;1;2;4;2;2;6;4;2;1;1;2;3;3;1;0;0;0;0;1.34;1.98;3.32;0;0;0;0;0;0;1;1;0;0;0;2;1;0;-1;-1;-1;-1;-1;-1;-1;-1;-1;10;20;30;65;80;25;75;60;25;9.7;4.6;3.9;2.05;Jonava;Trakai;0.86;1.59;0.9;1.3;0.7;1.26;90;80;70;35;20;55;45;25;1.58;1.4;2.98;1149;28;Y;Y;Y;Y;N;N;Y
339582;85;1233;2018;complete;2409;28;-1;29,40,47;19;3;1;4;5;1;6;1;3;1;6;1;0;11;5;10;6;21;11;12;13;63;37;2;6;1.03;10.75;20;1;1.06;1.26;1.69;0;15.75;6.95;3.35;2;1.43;2.45;1.53;0;0;0;0;0;0;0;0;0;0;0;0;0;0;0;0;0;0;0;0;0;0;0;0;0;0;0;0;0;0;0;0;0;0;0;0;0;0;0;0;0;0;0;0;0;0;0;0;0;0;0;0;0;4;2;1;1;0;1;3;2018-10-24 15:00:00;85;0;54;12;31;0;1;1;2;0;3;1;2;4;2;3;0;3;5;3;1;0;0;0;0;2.4;1.23;3.63;0;0;0;0;0;0;1;1;0;0;0;0;0;0;-1;-1;-1;-1;-1;-1;-1;-1;-1;12;35;62;89;100;31;85;100;54;8.39;4;4;2.97;Žalgiris;Atlantas;2.12;1;2;1.23;2.19;0.85;89;66;38;12;0;54;46;39;1.92;1.53;3.45;1149;33;Y;Y;Y;Y;N;N;Y
339583;1230;1231;2018;complete;2409;28;-1;34;;1;0;1;5;10;15;2;4;3;3;1;0;6;3;5;6;11;9;15;15;62;38;4;3;1.17;6;11;1;1.14;1.5;2.25;0;11.75;4.65;2.3;1.53;1.2;2.25;1.62;0;0;0;0;0;0;0;0;0;0;0;0;0;0;0;0;0;0;0;0;0;0;0;0;0;0;0;0;0;0;0;0;0;0;0;0;0;0;0;0;0;0;0;0;0;0;0;0;0;0;0;0;0;1;1;0;0;0;0;1;2018-10-24 15:00:00;1230;0;16;4;12;0;1;1;4;3;1;7;7;8;1;1;3;2;2;5;1;0;0;0;0;1.75;1.17;2.91;0;0;0;0;0;0;1;1;0;0;2;0;0;0;-1;-1;-1;-1;-1;-1;-1;-1;-1;16;19;31;58;85;15;58;66;39;10.93;3.31;3.92;2.12;Sūduva;Kauno Žalgiris;2.29;1.29;2.31;1.46;2.37;1.3;85;81;70;43;16;58;58;42;2.1;1.26;3.36;1149;33;Y;N;N;N;N;N;N
339584;1242;1229;2018;complete;2409;28;-1;74;16,40,50,67,80;1;5;6;3;5;8;1;5;0;2;0;0;3;8;3;9;6;17;8;11;44;56;0;2;6.8;4.3;1.36;1.01;1.2;1.67;2.7;0;10;3.85;2;1.38;1.13;2;1.8;0;0;0;0;0;0;0;0;0;0;0;0;0;0;0;0;0;0;0;0;0;0;0;0;0;0;0;0;0;0;0;0;0;0;0;0;0;0;0;0;0;0;0;0;0;0;0;0;0;0;0;0;0;6;0;2;1;3;4;2;2018-10-24 13:00:00;1229;0;38;8;15;0;1;1;0;4;3;1;4;4;0;1;0;1;1;1;1;0;0;0;0;1.1;2.42;3.52;0;0;0;0;0;0;1;1;0;0;0;1;0;0;-1;-1;-1;-1;-1;-1;-1;-1;-1;8;23;31;77;96;19;58;85;42;8.69;3.47;3.93;2.35;Palanga;Stumbras;1;1.94;1.08;1.92;0.74;1.56;93;77;69;23;4;58;46;35;1.54;1.52;3.06;1149;28;Y;Y;Y;Y;Y;Y;Y
519545;1232;85;2018;complete;3999;1;-1;;7;0;1;1;4;1;5;4;1;2;3;0;0;2;4;7;4;9;8;10;19;54;46;2;3;5.1;3.65;1.56;1.04;1.31;2;3.55;0;7.75;3;1.69;1.23;1.06;2.1;1.69;0;0;0;0;0;0;0;0;0;0;0;0;0;0;0;0;0;0;0;0;0;0;0;0;0;0;0;0;0;0;0;0;0;0;0;0;0;0;0;0;0;0;0;0;0;0;0;0;0;0;0;0;0;1;0;1;0;0;0;1;2018-10-28 11:00:00;85;0;40;18;11;0;1;1;2;1;2;0;3;2;1;0;1;3;1;4;1;0;0;0;0;1.32;1.34;2.66;0;1;0;1;0;0;1;1;0;1;2;1;1;0;-1;-1;-1;-1;-1;-1;-1;-1;-1;18;25;43;57;90;32;64;68;36;12.07;4.36;3.85;2.47;Trakai;Žalgiris;1.5;2.44;1.5;2.36;1.5;2.21;82;75;57;43;11;61;50;47;1.86;2.16;4.02;1149;33;Y;N;N;N;N;N;N
519546;1231;1230;2018;complete;3999;1;-1;76;61;1;1;2;3;13;16;2;2;3;1;0;0;7;6;9;14;16;20;16;9;48;52;3;1;5.3;3.8;1.51;1.02;1.24;1.8;3;0;9;3.5;1.87;1.31;1.1;1.95;1.83;0;0;0;0;0;0;0;0;0;0;0;0;0;0;0;0;0;0;0;0;0;0;0;0;0;0;0;0;0;0;0;0;0;0;0;0;0;0;0;0;0;0;0;0;0;0;0;0;0;0;0;0;0;2;0;0;1;1;2;0;2018-10-28 11:00:00;-1;0;40;18;21;0;1;1;3;4;0;9;7;9;0;0;3;1;0;4;1;0;0;0;0;1.96;2.24;4.2;0;0;0;0;0;0;1;1;0;0;2;2;0;0;-1;-1;-1;-1;-1;-1;-1;-1;-1;22;25;47;64;90;25;54;86;47;11.22;4.43;3.93;2.54;Kauno Žalgiris;Sūduva;1.06;2.38;1.14;2.43;1.25;2.39;79;75;54;36;11;75;58;47;1.29;2.01;3.3;1149;33;Y;Y;N;N;N;N;Y
519547;1229;1233;2018;complete;3999;1;-1;32,57,58,61,67,89;;6;0;6;6;3;9;-1;-1;1;2;0;0;18;4;15;4;33;8;-1;-1;52;48;1;2;1.19;6.25;8.75;1.01;1.15;1.53;2.3;0;11.5;4.5;2.25;1.5;1.19;2.05;1.71;0;0;0;0;0;0;0;0;0;0;0;0;0;0;0;0;0;0;0;0;0;0;0;0;0;0;0;0;0;0;0;0;0;0;0;0;0;0;0;0;0;0;0;0;0;0;0;0;0;0;0;0;0;6;1;0;5;0;5;1;2018-10-28 15:00:00;1229;0;36;14;25;0;1;1;3;1;3;2;4;5;1;0;0;2;1;2;1;0;0;0;0;3.99;1.18;5.17;0;0;0;0;0;0;1;1;0;0;0;0;0;0;-1;-1;-1;-1;-1;-1;-1;-1;-1;4;18;47;79;93;25;79;82;39;8.36;3.72;3.78;2.4;Stumbras;Atlantas;1.18;1;1.21;1.14;1.61;0.82;97;82;54;22;7;57;43;25;1.71;1.51;3.22;1149;33;Y;Y;Y;Y;Y;Y;N
519548;1233;1231;2018;complete;3999;2;-1;22;16,40,85;1;3;4;10;6;16;1;1;3;1;0;0;7;8;8;7;15;15;7;10;46;54;3;1;5.5;4.3;1.43;1;1.11;1.42;2.05;0;13;5.2;2.55;1.65;1.25;1.59;2.3;0;0;0;0;0;0;0;0;0;0;0;0;0;0;0;0;0;0;0;0;0;0;0;0;0;0;0;0;0;0;0;0;0;0;0;0;0;0;0;0;0;0;0;0;0;0;0;0;0;0;0;0;0;4;1;2;0;1;1;3;2018-10-31 16:00:00;1231;0;29;15;14;0;1;1;6;3;4;3;9;7;1;0;2;1;1;3;1;0;0;0;0;2.04;2.28;4.32;0;0;0;0;0;0;1;1;0;0;2;1;0;0;-1;-1;-1;-1;-1;-1;-1;-1;-1;14;22;25;57;93;25;75;57;32;8.85;3.78;4.22;2.29;Atlantas;Kauno Žalgiris;0.44;1.29;0.5;1.36;0.79;1.24;86;79;75;43;7;68;64;54;1.42;1.25;2.67;1149;33;Y;Y;Y;Y;N;N;Y
519549;1230;1232;2018;complete;3999;2;-1;89;;1;0;1;8;4;12;-1;-1;4;2;0;0;4;2;9;4;13;6;-1;-1;48;52;4;2;1.59;3.6;4.85;1.02;1.23;1.77;2.95;0;9.25;3.5;1.87;1.32;1.1;1.83;1.91;0;0;0;0;0;0;0;0;0;0;0;0;0;0;0;0;0;0;0;0;0;0;0;0;0;0;0;0;0;0;0;0;0;0;0;0;0;0;0;0;0;0;0;0;0;0;0;0;0;0;0;0;0;1;0;0;1;0;1;0;2018-10-31 16:00:00;1230;0;32;4;18;0;1;1;6;1;2;3;7;5;2;2;2;0;4;2;1;0;0;0;0;1.65;1.03;2.68;0;0;0;0;0;0;1;1;0;0;1;1;0;0;-1;-1;-1;-1;-1;-1;-1;-1;-1;18;25;36;64;79;11;65;68;40;11.64;4.22;3.28;2.25;Sūduva;Trakai;2.29;1.59;2.36;1.5;2.34;1.45;83;75;64;36;21;54;50;32;2.08;1.42;3.5;1149;33;Y;N;N;N;N;N;N
519550;85;1229;2018;complete;3999;2;-1;45,90;;2;0;2;8;8;16;0;2;3;3;0;0;11;7;10;14;21;21;17;17;53;47;3;3;1.57;3.5;5.3;1.03;1.28;1.91;3.3;0;8.25;3.2;1.74;1.26;1.08;2;1.77;0;0;0;0;0;0;0;0;0;0;0;0;0;0;0;0;0;0;0;0;0;0;0;0;0;0;0;0;0;0;0;0;0;0;0;0;0;0;0;0;0;0;0;0;0;0;0;0;0;0;0;0;0;2;1;0;1;0;1;1;2018-10-31 18:00:00;85;0;50;11;18;0;1;1;6;5;2;3;11;5;1;3;2;0;4;2;1;0;0;0;0;2.59;2.4;4.99;1;0;1;0;0;0;1;1;0;0;2;1;0;0;-1;-1;-1;-1;-1;-1;-1;-1;-1;11;40;50;83;97;32;65;97;47;9.29;4;4.43;2.82;Žalgiris;Stumbras;2.12;1.94;2.07;2;2.24;1.66;90;61;50;18;4;47;36;32;1.95;1.59;3.54;1149;33;Y;Y;N;N;N;N;N
519551;1229;1230;2018;complete;3999;3;-1;64;8,28,39,67;1;4;5;4;2;6;0;1;1;2;0;0;7;9;9;4;16;13;7;19;51;49;1;2;4.35;3.25;1.74;1.04;1.34;2.05;3.75;0;7.5;2.85;1.62;1.21;1.05;2.05;1.74;0;0;0;0;0;0;0;0;0;0;0;0;0;0;0;0;0;0;0;0;0;0;0;0;0;0;0;0;0;0;0;0;0;0;0;0;0;0;0;0;0;0;0;0;0;0;0;0;0;0;0;0;0;5;0;3;1;1;2;3;2018-11-03 11:00:00;1230;0;33;17;17;0;1;1;2;1;2;1;3;3;1;1;0;1;2;1;1;0;0;0;0;1.89;1.77;3.67;0;0;0;0;0;0;1;1;0;1;0;0;0;0;-1;-1;-1;-1;-1;-1;-1;-1;-1;17;20;47;70;90;27;67;77;40;12.74;3.8;3.33;2.53;Stumbras;Sūduva;1.18;2.38;1.33;2.33;1.6;2.37;83;80;54;30;10;80;67;44;1.88;2.03;3.91;1149;33;Y;Y;Y;Y;Y;N;Y
519552;1232;1231;2018;complete;3999;3;-1;59;;1;0;1;4;6;10;2;1;1;0;0;0;9;6;4;13;13;19;12;7;48;52;1;0;1.74;3.05;4.85;1.08;1.48;2.5;4.8;0;6.15;2.35;1.43;1.13;1.02;2.4;1.54;0;0;0;0;0;0;0;0;0;0;0;0;0;0;0;0;0;0;0;0;0;0;0;0;0;0;0;0;0;0;0;0;0;0;0;0;0;0;0;0;0;0;0;0;0;0;0;0;0;0;0;0;0;1;0;0;1;0;1;0;2018-11-03 11:00:00;1232;0;30;10;10;0;1;1;1;2;3;4;3;7;0;0;1;0;0;1;1;0;0;0;0;1.86;2.11;3.97;0;0;0;0;0;0;1;1;0;0;0;0;0;0;-1;-1;-1;-1;-1;-1;-1;-1;-1;7;20;30;54;97;20;70;67;27;10.13;3.67;4.06;2.07;Trakai;Kauno Žalgiris;1.5;1.29;1.4;1.47;1.4;1.3;93;80;70;47;4;64;54;47;1.82;1.32;3.14;1149;33;Y;N;N;N;N;N;N
519553;85;1233;2018;complete;3999;3;-1;;;0;0;0;12;2;14;-1;-1;1;2;1;0;12;0;18;5;30;5;-1;-1;53;47;2;2;1.03;11.25;20.25;0;0;0;0;0;0;0;0;0;0;0;0;0;0;0;0;0;0;0;0;0;0;0;0;0;0;0;0;0;0;0;0;0;0;0;0;0;0;0;0;0;0;0;0;0;0;0;0;0;0;0;0;0;0;0;0;0;0;0;0;0;0;0;0;0;0;0;0;0;0;0;0;2018-11-03 16:00:00;-1;0;53;17;27;0;1;1;6;0;6;2;6;8;1;0;1;2;1;3;1;0;0;0;0;3.73;0.61;4.34;0;0;0;0;0;0;1;1;0;0;0;0;0;0;-1;-1;-1;-1;-1;-1;-1;-1;-1;13;40;64;90;100;34;87;100;50;8.4;3.67;4.33;3.1;Žalgiris;Atlantas;2.12;1;2.13;1.07;2.27;0.77;87;60;37;10;0;53;43;37;1.99;1.49;3.48;1149;33;N;N;N;N;N;N;N
519554;85;1231;2018;complete;3999;4;-1;15,66,68,83,90;9,58;5;2;7;7;12;19;1;1;1;3;0;0;12;5;9;10;21;15;15;12;60;40;1;3;1.22;5.4;9.75;1.01;1.16;1.56;2.4;0;11;4.3;2.2;1.47;1.17;2.1;1.69;0;0;0;0;0;0;0;0;0;0;0;0;0;0;0;0;0;0;0;0;0;0;0;0;0;0;0;0;0;0;0;0;0;0;0;0;0;0;0;0;0;0;0;0;0;0;0;0;0;0;0;0;0;7;1;1;4;1;5;2;2018-11-07 16:00:00;85;0;32;10;10;0;1;1;3;7;4;5;10;9;1;3;0;0;4;0;1;0;0;0;0;2.83;1.68;4.51;0;0;0;0;0;0;1;1;0;1;0;3;0;0;-1;-1;-1;-1;-1;-1;-1;-1;-1;10;32;38;63;94;29;75;75;29;10.38;3.37;4.38;2.35;Žalgiris;Kauno Žalgiris;2.12;1.29;2.06;1.38;2.23;1.26;91;69;63;38;6;63;63;50;2.1;1.37;3.47;1149;33;Y;Y;Y;Y;Y;Y;Y
519555;1229;1232;2018;complete;3999;4;-1;;23,59,74;0;3;3;4;8;12;1;2;3;3;1;0;6;7;11;4;17;11;14;21;47;53;4;3;2.2;3;3.15;1.05;1.36;2.15;3.95;0;7.25;2.75;1.59;1.19;1.04;2;1.8;0;0;0;0;0;0;0;0;0;0;0;0;0;0;0;0;0;0;0;0;0;0;0;0;0;0;0;0;0;0;0;0;0;0;0;0;0;0;0;0;0;0;0;0;0;0;0;0;0;0;0;0;0;3;0;1;0;2;2;1;2018-11-07 16:00:00;1232;0;30;3;17;0;1;1;2;1;2;7;3;9;3;2;1;1;5;2;1;0;0;0;0;1.88;1.55;3.42;0;1;0;1;0;0;1;1;0;0;1;1;0;0;-1;-1;-1;-1;-1;-1;-1;-1;-1;13;23;33;65;84;16;74;68;29;10.07;3.69;3.16;2.19;Stumbras;Trakai;1.18;1.59;1.25;1.4;1.55;1.45;88;77;68;36;17;58;46;23;1.88;1.39;3.27;1149;33;Y;Y;Y;N;N;N;N
519556;1230;1233;2018;complete;3999;4;-1;3,60,65,68,75,77;;6;0;6;16;2;18;0;1;1;0;0;0;8;2;8;1;16;3;7;7;70;30;1;0;1.04;10.75;18.25;0;1.01;1.09;1.29;0;0;11.5;5.7;3.1;2;1.87;1.91;0;0;0;0;0;0;0;0;0;0;0;0;0;0;0;0;0;0;0;0;0;0;0;0;0;0;0;0;0;0;0;0;0;0;0;0;0;0;0;0;0;0;0;0;0;0;0;0;0;0;0;0;0;6;1;0;5;0;5;1;2018-11-07 18:00:00;1230;0;35;13;26;0;1;1;5;2;11;0;7;11;0;0;1;0;0;1;1;0;0;0;0;2.45;0.48;2.93;1;0;1;0;0;0;1;1;1;0;1;0;0;0;-1;-1;-1;-1;-1;-1;-1;-1;-1;17;26;52;74;87;19;64;84;52;9.85;3.17;4;2.61;Sūduva;Atlantas;2.29;1;2.4;1.06;2.39;0.77;84;75;49;27;13;58;49;39;2.05;1.43;3.48;1149;33;Y;Y;Y;Y;Y;Y;N
519557;1233;1232;2018;complete;3999;5;-1;84;22,25,31,38,76;1;5;6;3;6;9;0;3;0;2;0;0;6;10;4;16;10;26;2;13;28;72;0;2;10.75;6.2;1.17;1;1.09;1.34;1.91;0;14;5.85;2.85;1.77;1.31;1.91;1.87;0;0;0;0;0;0;0;0;0;0;0;0;0;0;0;0;0;0;0;0;0;0;0;0;0;0;0;0;0;0;0;0;0;0;0;0;0;0;0;0;0;0;0;0;0;0;0;0;0;0;0;0;0;6;0;4;1;1;2;4;2018-11-11 11:00:00;1232;0;46;17;20;0;1;1;1;5;2;1;6;3;0;1;0;1;1;1;1;0;0;0;0;1.35;3.43;4.78;0;0;0;0;0;0;1;1;0;0;0;2;0;0;-1;-1;-1;-1;-1;-1;-1;-1;-1;17;29;36;68;87;23;78;68;36;9.78;4.2;3.56;2.53;Atlantas;Trakai;0.44;1.59;0.47;1.5;0.75;1.5;84;71;65;33;13;65;59;46;1.46;1.4;2.86;1149;33;Y;Y;Y;Y;Y;Y;Y
519558;1230;85;2018;complete;3999;5;-1;80;5,90;1;2;3;7;6;13;1;2;2;2;0;0;7;3;4;5;11;8;19;8;52;48;2;2;2.95;3.15;2.2;1.03;1.27;1.87;3.2;0;8.5;3.25;1.77;1.28;1.08;1.8;2;0;0;0;0;0;0;0;0;0;0;0;0;0;0;0;0;0;0;0;0;0;0;0;0;0;0;0;0;0;0;0;0;0;0;0;0;0;0;0;0;0;0;0;0;0;0;0;0;0;0;0;0;0;3;0;1;1;1;2;1;2018-11-11 11:00:00;85;0;23;13;10;0;1;1;1;5;6;1;6;7;1;0;1;2;1;3;1;0;0;0;0;1.8;1.18;2.98;0;0;0;0;0;0;1;1;0;1;0;0;0;0;-1;-1;-1;-1;-1;-1;-1;-1;-1;26;26;42;55;81;27;59;61;42;13.46;3.89;4.01;2.49;Sūduva;Žalgiris;2.29;2.44;2.44;2.4;2.41;2.25;74;74;58;46;20;58;58;49;2.07;2.1;4.17;1149;33;Y;Y;Y;N;N;N;Y
519559;1231;1229;2018;complete;3999;5;-1;80;56,76;1;2;3;4;5;9;1;1;2;2;0;0;6;6;7;10;13;16;23;11;48;52;2;2;4.15;3.45;1.71;1.01;1.16;1.54;2.35;0;11.25;4.4;2.25;1.49;1.18;1.61;2.3;0;0;0;0;0;0;0;0;0;0;0;0;0;0;0;0;0;0;0;0;0;0;0;0;0;0;0;0;0;0;0;0;0;0;0;0;0;0;0;0;0;0;0;0;0;0;0;0;0;0;0;0;0;3;0;0;1;2;3;0;2018-11-11 11:00:00;1229;0;37;7;24;0;1;1;2;3;2;2;5;4;1;2;1;0;3;1;1;0;0;0;0;1.9;1.94;3.83;0;0;0;0;0;0;1;1;0;0;1;1;0;0;-1;-1;-1;-1;-1;-1;-1;-1;-1;10;24;30;70;90;17;44;90;47;8.54;4.14;4.53;2.27;Kauno Žalgiris;Stumbras;1.06;1.94;1.13;1.87;1.22;1.5;90;77;70;30;10;54;30;30;1.34;1.64;2.98;1149;33;Y;Y;Y;N;N;N;Y
