ID;HOMEID;AWAYID;SEASON;STATUS;ROUNDID;GAME_WEEK;REVISED_GAME_WEEK;HOMEGOALS;AWAYGOALS;HOMEGOALCOUNT;AWAYGOALCOUNT;TOTALGOALCOUNT;TEAM_A_CORNERS;TEAM_B_CORNERS;TOTALCORNERCOUNT;TEAM_A_OFFSIDES;TEAM_B_OFFSIDES;TEAM_A_YELLOW_CARDS;TEAM_B_YELLOW_CARDS;TEAM_A_RED_CARDS;TEAM_B_RED_CARDS;TEAM_A_SHOTSONTARGET;TEAM_B_SHOTSONTARGET;TEAM_A_SHOTSOFFTARGET;TEAM_B_SHOTSOFFTARGET;TEAM_A_SHOTS;TEAM_B_SHOTS;TEAM_A_FOULS;TEAM_B_FOULS;TEAM_A_POSSESSION;TEAM_B_POSSESSION;TEAM_A_CARDS_NUM;TEAM_B_CARDS_NUM;ODDS_FT_1;ODDS_FT_X;ODDS_FT_2;ODDS_FT_OVER05;ODDS_FT_OVER15;ODDS_FT_OVER25;ODDS_FT_OVER35;ODDS_FT_OVER45;ODDS_FT_UNDER05;ODDS_FT_UNDER15;ODDS_FT_UNDER25;ODDS_FT_UNDER35;ODDS_FT_UNDER45;ODDS_BTTS_YES;ODDS_BTTS_NO;ODDS_TEAM_A_CS_YES;ODDS_TEAM_A_CS_NO;ODDS_TEAM_B_CS_YES;ODDS_TEAM_B_CS_NO;ODDS_DOUBLECHANCE_1X;ODDS_DOUBLECHANCE_12;ODDS_DOUBLECHANCE_X2;ODDS_1ST_HALF_RESULT_1;ODDS_1ST_HALF_RESULT_X;ODDS_1ST_HALF_RESULT_2;ODDS_2ND_HALF_RESULT_1;ODDS_2ND_HALF_RESULT_X;ODDS_2ND_HALF_RESULT_2;ODDS_DNB_1;ODDS_DNB_2;ODDS_CORNERS_OVER_75;ODDS_CORNERS_OVER_85;ODDS_CORNERS_OVER_95;ODDS_CORNERS_OVER_105;ODDS_CORNERS_OVER_115;ODDS_CORNERS_UNDER_75;ODDS_CORNERS_UNDER_85;ODDS_CORNERS_UNDER_95;ODDS_CORNERS_UNDER_105;ODDS_CORNERS_UNDER_115;ODDS_CORNERS_1;ODDS_CORNERS_X;ODDS_CORNERS_2;ODDS_TEAM_TO_SCORE_FIRST_1;ODDS_TEAM_TO_SCORE_FIRST_X;ODDS_TEAM_TO_SCORE_FIRST_2;ODDS_WIN_TO_NIL_1;ODDS_WIN_TO_NIL_2;ODDS_1ST_HALF_OVER05;ODDS_1ST_HALF_OVER15;ODDS_1ST_HALF_OVER25;ODDS_1ST_HALF_OVER35;ODDS_1ST_HALF_UNDER05;ODDS_1ST_HALF_UNDER15;ODDS_1ST_HALF_UNDER25;ODDS_1ST_HALF_UNDER35;ODDS_2ND_HALF_OVER05;ODDS_2ND_HALF_OVER15;ODDS_2ND_HALF_OVER25;ODDS_2ND_HALF_OVER35;ODDS_2ND_HALF_UNDER05;ODDS_2ND_HALF_UNDER15;ODDS_2ND_HALF_UNDER25;ODDS_2ND_HALF_UNDER35;ODDS_BTTS_1ST_HALF_YES;ODDS_BTTS_1ST_HALF_NO;ODDS_BTTS_2ND_HALF_YES;ODDS_BTTS_2ND_HALF_NO;OVERALLGOALCOUNT;HT_GOALS_TEAM_A;HT_GOALS_TEAM_B;GOALS_2HG_TEAM_A;GOALS_2HG_TEAM_B;GOALCOUNT_2HG;HTGOALCOUNT;DATE_UNIX;WINNINGTEAM;NO_HOME_AWAY;BTTS_POTENTIAL;BTTS_FHG_POTENTIAL;BTTS_2HG_POTENTIAL;GOALTIMINGDISABLED;CORNER_TIMINGS_RECORDED;CARD_TIMINGS_RECORDED;TEAM_A_FH_CORNERS;TEAM_B_FH_CORNERS;TEAM_A_2H_CORNERS;TEAM_B_2H_CORNERS;CORNER_FH_COUNT;CORNER_2H_COUNT;TEAM_A_FH_CARDS;TEAM_B_FH_CARDS;TEAM_A_2H_CARDS;TEAM_B_2H_CARDS;TOTAL_FH_CARDS;TOTAL_2H_CARDS;ATTACKS_RECORDED;TEAM_A_DANGEROUS_ATTACKS;TEAM_B_DANGEROUS_ATTACKS;TEAM_A_ATTACKS;TEAM_B_ATTACKS;TEAM_A_XG;TEAM_B_XG;TOTAL_XG;TEAM_A_PENALTIES_WON;TEAM_B_PENALTIES_WON;TEAM_A_PENALTY_GOALS;TEAM_B_PENALTY_GOALS;TEAM_A_PENALTY_MISSED;TEAM_B_PENALTY_MISSED;PENS_RECORDED;GOAL_TIMINGS_RECORDED;TEAM_A_0_10_MIN_GOALS;TEAM_B_0_10_MIN_GOALS;TEAM_A_CORNERS_0_10_MIN;TEAM_B_CORNERS_0_10_MIN;TEAM_A_CARDS_0_10_MIN;TEAM_B_CARDS_0_10_MIN;THROWINS_RECORDED;TEAM_A_THROWINS;TEAM_B_THROWINS;FREEKICKS_RECORDED;TEAM_A_FREEKICKS;TEAM_B_FREEKICKS;GOALKICKS_RECORDED;TEAM_A_GOALKICKS;TEAM_B_GOALKICKS;O45_POTENTIAL;O35_POTENTIAL;O25_POTENTIAL;O15_POTENTIAL;O05_POTENTIAL;O15HT_POTENTIAL;O05HT_POTENTIAL;O05_2H_POTENTIAL;O15_2H_POTENTIAL;CORNERS_POTENTIAL;OFFSIDES_POTENTIAL;CARDS_POTENTIAL;AVG_POTENTIAL;HOME_NAME;AWAY_NAME;HOME_PPG;AWAY_PPG;PRE_MATCH_HOME_PPG;PRE_MATCH_AWAY_PPG;PRE_MATCH_TEAMA_OVERALL_PPG;PRE_MATCH_TEAMB_OVERALL_PPG;U45_POTENTIAL;U35_POTENTIAL;U25_POTENTIAL;U15_POTENTIAL;U05_POTENTIAL;CORNERS_O85_POTENTIAL;CORNERS_O95_POTENTIAL;CORNERS_O105_POTENTIAL;TEAM_A_XG_PREMATCH;TEAM_B_XG_PREMATCH;TOTAL_XG_PREMATCH;COMPETITION_ID;MATCHES_COMPLETED_MINIMUM;OVER05;OVER15;OVER25;OVER35;OVER45;OVER55;BTTS
551013;1233;1231;2019;complete;4400;1;-1;38,90;;2;0;2;3;7;10;1;3;3;3;0;0;4;3;4;9;8;12;21;15;39;61;3;3;4.9;4.2;1.48;1.02;1.22;1.74;2.85;5.2;8.75;3.4;1.83;1.31;1.1;1.87;1.74;0;0;0;0;2.25;1.12;1.07;5.5;2.1;2.15;5.5;2.5;1.85;0;0;0;0;1.84;0;0;0;0;2;0;0;0;0;0;2.83;14.25;1.48;8.5;2.45;0;0;0;0;0;0;0;0;1.31;2.57;0;0;3.15;1.44;0;0;0;0;0;0;2;1;0;1;0;1;1;2019-03-02 13:00:00;1233;0;0;0;0;0;1;1;1;3;2;4;4;6;0;0;3;3;0;6;1;38;83;100;139;1.07;1.58;2.65;0;0;0;0;0;0;1;1;0;0;0;0;0;0;-1;-1;-1;-1;-1;-1;-1;-1;-1;0;0;0;0;0;0;0;0;0;0;0;0;0;Atlantas;Kauno Žalgiris;1.06;1.29;0;0;0;0;0;0;0;0;0;0;0;0;0;0;0;1928;33;Y;Y;N;N;N;N;N
551014;1229;1246;2019;complete;4400;1;-1;61;;1;0;1;2;3;5;2;0;1;4;1;1;7;0;10;3;17;3;14;22;44;56;3;5;1.78;4.2;3.5;1.02;1.16;1.56;2.4;4.2;10.25;4.05;2.1;1.43;1.15;1.56;2.1;0;0;0;0;1.21;1.13;1.8;2.35;2.05;4.5;2.05;2.62;3.9;0;0;0;0;0;0;0;0;0;0;0;0;0;0;0;1.56;11;2.4;3.5;8.5;0;0;0;0;0;0;0;0;1.25;2.2;4.5;10;3.75;1.62;1.17;1.04;0;0;0;0;1;0;0;1;0;1;0;2019-03-02 15:00:00;1229;0;0;0;0;0;1;1;1;0;1;3;1;4;1;2;1;3;3;4;1;76;54;133;133;2.12;0.6;2.72;0;0;0;0;0;0;1;1;0;0;0;0;0;0;-1;-1;-1;-1;-1;-1;-1;-1;-1;0;0;0;0;0;0;0;0;0;0;0;0;0;Stumbras;Panevėžys;0.86;0.88;0;0;0;0;0;0;0;0;0;0;0;0;0;0;0;1928;28;Y;N;N;N;N;N;N
551015;1230;1232;2019;complete;4400;1;-1;49,80;54;2;1;3;4;4;8;3;4;1;2;0;0;7;3;10;4;17;7;13;20;48;52;1;2;1.4;4.25;5.6;1.02;1.24;1.79;3;5.45;8.5;3.3;1.8;1.29;1.09;2;1.61;0;0;0;0;1.04;1.1;2.4;2;2.25;5.5;1.83;2.7;5;0;0;0;0;0;0;0;0;0;0;0;0;0;0;0;1.31;9;3.95;0;0;0;0;0;0;0;0;0;0;1.26;2.66;6.5;13;3.17;1.4;1.08;1.01;0;0;0;0;3;0;0;2;1;3;0;2019-03-03 15:00:00;1230;0;0;0;0;0;1;1;0;1;4;3;1;7;0;1;1;1;1;2;1;82;67;144;136;2.16;1.15;3.32;0;1;0;1;0;0;1;1;0;0;0;0;0;0;-1;-1;-1;-1;-1;-1;-1;-1;-1;0;0;0;0;0;0;0;0;0;0;0;0;0;Sūduva;Trakai;2.82;1.56;0;0;0;0;0;0;0;0;0;0;0;0;0;0;0;1928;33;Y;Y;Y;N;N;N;Y
551016;85;1242;2019;complete;4400;1;-1;43,55,58,79,90;35;5;1;6;6;2;8;-1;-1;0;2;0;1;7;2;9;2;16;4;-1;-1;50;50;0;3;0;0;0;1.01;1.16;1.47;2.2;3.5;15;4.5;2.6;1.61;1.28;2.1;1.66;1.72;2;9;1.04;1.03;1.08;4.5;1.53;2.87;9;1.36;3.5;9.5;0;0;0;0;0;0;0;0;0;0;0;0;0;0;0;1.14;19;5.5;1.8;21;0;0;0;0;0;0;0;0;1.22;2.1;4.5;11;4;1.66;1.18;1.05;0;0;0;0;6;1;1;4;0;4;2;2019-03-03 17:30:00;85;0;0;0;0;0;1;1;2;2;4;0;4;4;0;1;0;2;1;2;1;92;27;153;105;2.17;0.61;2.78;0;0;0;0;0;0;1;1;0;0;0;0;0;0;-1;-1;-1;-1;-1;-1;-1;-1;-1;0;0;0;0;0;0;0;0;0;0;0;0;0;Žalgiris;Palanga;2.53;0.64;0;0;0;0;0;0;0;0;0;0;0;0;0;0;0;1928;28;Y;Y;Y;Y;Y;Y;Y
551017;1231;1242;2019;complete;4400;2;-1;14,40,50,59,67,73;86;6;1;7;4;3;7;6;2;2;0;0;0;8;5;4;4;12;9;20;8;49;51;2;0;0;0;0;0;0;0;0;0;0;0;0;0;0;0;0;0;0;0;0;0;0;0;0;0;0;0;0;0;0;0;0;0;0;0;0;0;0;0;0;0;0;0;0;0;0;0;0;0;0;0;0;0;0;0;0;0;0;0;0;0;0;0;0;0;0;0;0;0;7;2;0;4;1;5;2;2019-03-09 11:00:00;1231;0;50;50;0;0;1;1;4;2;0;1;6;1;0;0;2;0;0;2;1;47;31;83;79;1.66;1.15;2.81;0;0;0;0;0;0;1;1;0;0;0;0;0;0;-1;-1;-1;-1;-1;-1;-1;-1;-1;50;50;50;50;50;50;50;50;50;2;0;3;3;Kauno Žalgiris;Palanga;1.94;0.64;0;0;0;0;0;0;0;0;0;0;0;0;0;0.61;0.61;1928;28;Y;Y;Y;Y;Y;Y;Y
551018;1246;85;2019;complete;4400;2;-1;;18,53,90;0;3;3;1;4;5;-1;-1;3;1;0;0;0;6;4;10;4;16;-1;-1;50;50;3;1;0;0;0;0;0;0;0;0;0;0;0;0;0;0;0;0;0;0;0;0;0;0;0;0;0;0;0;0;0;0;0;0;0;0;0;0;0;0;0;0;0;0;0;0;0;0;0;0;0;0;0;0;0;0;0;0;0;0;0;0;0;0;0;0;0;0;0;0;3;0;1;0;2;2;1;2019-03-09 13:00:00;85;0;0;0;0;0;1;1;0;4;1;0;4;1;0;0;3;1;0;4;1;61;97;130;161;0.71;2.14;2.85;0;0;0;0;0;0;1;1;0;0;0;1;0;0;-1;-1;-1;-1;-1;-1;-1;-1;-1;0;0;0;0;0;0;0;0;0;0;0;0;0;Panevėžys;Žalgiris;1.38;1.94;0;0;0;3;0;0;0;0;0;0;0;0;0;0;0;1928;33;Y;Y;Y;N;N;N;N
551019;1233;1230;2019;complete;4400;2;-1;;19,27,35,63,90;0;5;5;3;5;8;2;4;1;0;0;0;0;8;5;8;5;16;5;7;46;54;1;0;0;0;0;0;0;0;0;0;0;0;0;0;0;0;0;0;0;0;0;0;0;0;0;0;0;0;0;0;0;0;0;0;0;0;0;0;0;0;0;0;0;0;0;0;0;0;0;0;0;0;0;0;0;0;0;0;0;0;0;0;0;0;0;0;0;0;0;0;5;0;3;0;2;2;3;2019-03-10 13:00:00;1230;0;0;0;0;0;1;1;2;2;1;3;4;4;0;0;1;0;0;1;1;58;82;165;134;0.77;2.17;2.93;0;0;0;0;0;0;1;1;0;0;0;1;0;0;-1;-1;-1;-1;-1;-1;-1;-1;-1;0;0;0;50;50;0;50;50;0;3;1;3;1;Atlantas;Sūduva;1.06;2.44;3;0;3;3;50;50;50;0;0;50;50;0;1.07;0;1.07;1928;33;Y;Y;Y;Y;Y;N;N
551020;1232;1229;2019;complete;4400;2;-1;;;0;0;0;9;2;11;0;1;2;2;0;0;3;7;6;11;9;18;17;26;62;38;2;2;0;0;0;0;0;0;0;0;0;0;0;0;0;0;0;0;0;0;0;0;0;0;0;0;0;0;0;0;0;0;0;0;0;0;0;0;0;0;0;0;0;0;0;0;0;0;0;0;0;0;0;0;0;0;0;0;0;0;0;0;0;0;0;0;0;0;0;0;0;0;0;0;0;0;0;2019-03-11 17:30:00;-1;0;0;0;0;0;1;1;4;0;5;2;4;7;0;0;2;2;0;4;1;98;49;145;92;1.5;1.98;3.47;0;0;0;0;0;0;1;1;0;0;0;0;0;0;-1;-1;-1;-1;-1;-1;-1;-1;-1;0;0;0;0;0;0;0;0;0;0;0;0;0;Trakai;Stumbras;1.76;0.21;0;0;0;3;0;0;0;0;0;0;0;0;0;0;0;1928;28;N;N;N;N;N;N;N
551021;85;1232;2019;complete;4400;3;-1;90;90;1;1;2;11;2;13;1;0;2;1;1;0;7;3;13;5;20;8;16;11;50;50;4;1;0;0;0;0;0;0;0;0;0;0;0;0;0;0;0;0;0;0;0;0;0;0;0;0;0;0;0;0;0;0;0;0;0;0;0;0;0;0;0;0;0;0;0;0;0;0;0;0;0;0;0;0;0;0;0;0;0;0;0;0;0;0;0;0;0;0;0;0;2;0;0;1;1;2;0;2019-03-15 17:30:00;-1;0;100;50;50;0;1;1;6;2;5;0;8;5;0;0;3;1;0;4;1;77;51;131;115;2.31;1.1;3.41;0;0;0;0;0;0;1;1;0;0;1;0;0;0;-1;-1;-1;-1;-1;-1;-1;-1;-1;50;50;100;100;100;50;50;100;100;10;3;2;4.5;Žalgiris;Trakai;2.53;1.56;3;0;3;0.5;50;50;0;0;0;0;0;0;2.17;1.15;3.32;1928;33;Y;Y;N;N;N;N;Y
551022;1229;1233;2019;complete;4400;3;-1;62,81;;2;0;2;4;5;9;3;0;1;4;0;0;4;4;9;3;13;7;12;18;46;54;1;4;0;0;0;0;0;0;0;0;0;0;0;0;0;0;0;0;0;0;0;0;0;0;0;0;0;0;0;0;0;0;0;0;0;0;0;0;0;0;0;0;0;0;0;0;0;0;0;0;0;0;0;0;0;0;0;0;0;0;0;0;0;0;0;0;0;0;0;0;2;0;0;2;0;2;0;2019-03-16 13:00:00;1229;0;0;0;0;0;1;1;3;4;1;1;7;2;0;1;1;3;1;4;1;57;50;86;98;1.51;1.09;2.6;0;0;0;0;0;0;1;1;0;0;0;0;0;0;-1;-1;-1;-1;-1;-1;-1;-1;-1;0;0;0;0;50;0;0;50;0;2;2;3;0.5;Stumbras;Atlantas;0.86;0.53;3;0;2;1.5;50;50;50;50;0;0;0;0;2.12;0;2.12;1928;28;Y;Y;N;N;N;N;N
551023;1230;1231;2019;complete;4400;3;-1;52;;1;0;1;4;4;8;-1;-1;3;2;0;0;7;2;4;9;11;11;-1;-1;50;50;3;2;0;0;0;0;0;0;0;0;0;0;0;0;0;0;0;0;0;0;0;0;0;0;0;0;0;0;0;0;0;0;0;0;0;0;0;0;0;0;0;0;0;0;0;0;0;0;0;0;0;0;0;0;0;0;0;0;0;0;0;0;0;0;0;0;0;0;0;0;1;0;0;1;0;1;0;2019-03-16 15:00:00;1230;0;50;0;50;0;1;1;4;1;0;3;5;3;1;0;2;2;1;4;1;69;53;142;120;1.7;1.23;2.93;0;0;0;0;0;0;1;1;0;0;0;0;0;0;-1;-1;-1;-1;-1;-1;-1;-1;-1;0;0;50;100;100;0;50;100;50;11;6;4;2.5;Sūduva;Kauno Žalgiris;2.82;1.29;3;0;3;1.5;100;100;50;0;0;50;50;0;2.16;1.58;3.74;1928;33;Y;N;N;N;N;N;N
551024;1242;1246;2019;complete;4400;3;-1;6;62;1;1;2;4;9;13;0;7;3;2;0;0;6;5;4;9;10;14;14;13;41;59;3;2;2.95;2.9;2.35;1.07;1.44;2.4;4.55;0;6.6;2.55;1.5;1.15;1.03;2.05;1.69;0;0;0;0;0;0;0;0;0;0;0;0;0;0;0;0;0;0;0;0;0;0;0;0;0;0;0;0;0;0;0;0;0;0;0;0;0;0;0;0;0;0;0;0;0;0;0;0;0;0;0;0;0;2;1;0;0;1;1;1;2019-03-17 13:00:00;-1;0;0;0;0;0;1;1;0;5;4;4;5;8;1;1;2;1;2;3;1;58;130;110;159;1.48;2.18;3.65;0;0;0;0;0;0;1;1;1;0;0;2;0;0;-1;-1;-1;-1;-1;-1;-1;-1;-1;0;0;0;0;50;0;0;50;0;3;0;5;0.5;Palanga;Panevėžys;0.71;0.88;0;0;0;0;50;50;50;50;0;0;0;0;0;0.6;0.6;1928;28;Y;Y;N;N;N;N;Y
551025;1231;1246;2019;complete;4400;4;-1;45,63;;2;0;2;9;8;17;2;1;2;2;0;1;11;5;6;1;17;6;11;14;59;41;2;3;1.57;3.9;4.65;1.02;1.25;1.83;3.05;0;9;3.5;1.87;1.31;1.1;1.87;1.83;0;0;0;0;1.22;1.29;2;0;0;0;2;2.6;4.33;0;0;0;0;0;0;0;0;0;0;0;0;0;0;0;0;0;0;0;0;0;0;0;0;0;0;0;0;1.36;2.75;7;19;3;1.4;1.1;1.02;0;0;0;0;2;1;0;1;0;1;1;2019-03-30 11:00:00;1231;0;75;0;50;0;1;1;4;5;5;3;9;8;1;2;1;1;3;2;1;68;61;100;80;2.33;1.17;3.5;0;0;0;0;0;0;1;1;0;0;2;0;0;0;-1;-1;-1;-1;-1;-1;-1;-1;-1;50;50;50;75;100;50;75;100;50;10;9.5;5.5;4.25;Kauno Žalgiris;Panevėžys;1.94;0.88;3;0.5;1;0.33;50;50;50;25;0;25;25;25;1.66;1.39;3.05;1928;33;Y;Y;N;N;N;N;N
551026;1233;85;2019;complete;4400;4;-1;;23,62,67;0;3;3;4;7;11;-1;-1;2;2;0;0;4;7;4;9;8;16;-1;-1;50;50;2;2;12.75;6.75;1.13;1;1.06;1.28;1.77;0;15.5;6.75;3.25;1.95;1.4;2.05;1.69;0;0;0;0;5;1.08;1.02;0;0;0;11;4;1.29;0;0;0;0;0;0;0;0;0;0;0;0;0;0;0;0;0;0;0;0;0;0;0;0;0;0;0;0;1.18;1.83;3.75;9;4.5;1.83;1.25;1.07;0;0;0;0;3;0;1;0;2;2;1;2019-03-30 11:00:00;85;0;0;0;0;0;1;1;1;5;3;2;6;5;1;1;1;1;2;2;1;69;107;117;170;1.29;2.28;3.58;0;1;0;1;0;0;1;1;0;0;0;0;0;0;-1;-1;-1;-1;-1;-1;-1;-1;-1;25;25;75;100;100;25;100;100;75;7;0.5;3;3.25;Atlantas;Žalgiris;1.06;1.94;1.5;3;1;2.33;75;75;25;0;0;25;25;0;0.92;2.14;3.06;1928;33;Y;Y;Y;N;N;N;N
551027;1229;1230;2019;complete;4400;4;-1;58,78;;2;0;2;3;7;10;1;3;1;3;0;1;8;3;3;4;11;7;14;16;40;60;1;5;5.95;4.35;1.39;0;0;1.85;0;0;0;0;1.95;0;0;2.1;1.67;0;0;0;0;2.75;1.2;1.1;0;0;0;6;2.62;1.8;0;0;0;0;0;0;0;0;0;0;0;0;0;0;0;0;0;0;0;0;0;0;0;0;0;0;0;0;1.36;2.75;7;21;3;1.4;1.1;1.02;0;0;0;0;2;0;0;2;0;2;0;2019-03-31 14:00:00;1229;0;0;0;0;0;1;1;0;3;3;4;3;7;1;1;0;3;2;3;1;53;80;88;119;1.64;1.24;2.88;0;0;0;0;0;0;1;1;0;0;0;0;0;0;-1;-1;-1;-1;-1;-1;-1;-1;-1;50;50;50;75;100;50;50;100;75;8;6.5;2;3.25;Stumbras;Sūduva;0.86;2.44;3;3;2.33;3;50;50;50;25;0;25;0;0;1.81;2.17;3.98;1928;28;Y;Y;N;N;N;N;N
551028;1232;1242;2019;complete;4400;4;-1;17,32,41;45;3;1;4;7;5;12;5;4;0;0;0;0;8;4;6;7;14;11;13;10;47;53;0;0;1.34;4.15;7.5;1.01;1.21;1.69;2.75;0;10;3.85;2;1.38;1.13;1.91;1.8;0;0;0;0;1.1;1.2;2.75;0;0;0;1.67;2.75;6;0;0;0;0;0;0;0;0;0;0;0;0;0;0;0;0;0;0;0;0;0;0;0;0;0;0;0;0;1.33;2.5;6.5;17;3.25;1.5;1.11;1.02;0;0;0;0;4;3;1;0;0;0;4;2019-04-02 16:00:00;1232;0;50;25;25;0;1;-1;4;2;3;3;6;6;0;0;0;0;0;0;1;61;77;107;138;1.89;1.54;3.43;0;0;0;0;0;0;1;1;0;0;2;0;-1;-1;-1;-1;-1;-1;-1;-1;-1;-1;-1;50;50;50;50;50;50;50;50;50;11.5;0.5;3.5;3.25;Trakai;Palanga;1.76;0.64;1;0;0.67;0.33;50;50;50;50;50;50;50;50;1.5;0.88;2.38;1928;28;Y;Y;Y;Y;N;N;Y
551029;1242;1233;2019;complete;4400;5;-1;57,66;45;2;1;3;6;4;10;4;1;1;2;0;0;2;7;11;4;13;11;8;14;58;42;1;2;2.85;3.45;2.1;1.01;1.22;1.74;2.85;0;9.75;3.75;1.95;1.36;1.12;1.62;2.15;0;0;0;0;1.3;1.25;1.91;0;0;0;2.2;2.6;1.95;0;0;0;0;0;0;0;0;0;0;0;0;0;0;0;0;0;0;0;0;0;0;0;0;0;0;0;0;1.36;2.75;7;21;3;1.4;1.1;1.02;0;0;0;0;3;0;1;2;0;2;1;2019-04-06 10:00:00;1242;0;50;0;0;0;1;1;1;2;5;2;3;7;0;0;1;2;0;3;1;112;69;157;130;1.78;1.69;3.47;0;0;0;0;0;0;1;1;0;0;0;0;0;0;-1;-1;-1;-1;-1;-1;-1;-1;-1;0;0;0;100;100;0;50;100;50;9;0;7;2;Palanga;Atlantas;0.71;0.53;1;0;0.25;0.75;100;100;100;0;0;100;50;50;1.48;1.09;2.57;1928;28;Y;Y;Y;N;N;N;Y
551030;1229;1231;2019;complete;4400;5;-1;;56;0;1;1;5;1;6;0;1;4;2;0;0;4;2;9;2;13;4;18;20;50;50;4;2;1.67;3.75;4.1;0;1.38;2.25;0;0;0;2.85;1.62;0;0;1.91;1.8;0;0;0;0;1.3;1.36;1.67;0;0;0;2.5;2.3;3.5;0;0;0;0;0;0;0;0;0;0;0;0;0;0;0;0;0;0;0;0;0;0;0;0;0;0;0;0;1.5;3.4;10;26;2.5;1.3;1.06;1.01;0;0;0;0;1;0;0;0;1;1;0;2019-04-06 14:00:00;1231;0;0;0;0;0;1;1;1;0;4;1;1;5;0;0;4;2;0;6;1;78;48;103;90;1.66;0.75;2.41;0;1;0;1;0;0;1;1;0;0;0;0;0;0;-1;-1;-1;-1;-1;-1;-1;-1;-1;0;0;0;59;100;0;25;100;34;8.5;3;4.17;1.59;Stumbras;Kauno Žalgiris;0.86;1.29;3;0;2.5;1.5;100;100;100;42;0;59;42;0;1.76;1.4;3.16;1928;28;Y;N;N;N;N;N;N
551031;1246;1232;2019;complete;4400;5;-1;57;24,55;1;2;3;3;0;3;7;0;0;1;0;0;5;4;7;6;12;10;13;11;48;52;0;1;6;4.3;1.39;0;0;1.95;0;0;0;0;1.85;0;0;2.1;1.67;0;0;0;0;2.5;1.29;1.1;0;0;0;6.5;2.62;1.73;0;0;0;0;0;0;0;0;0;0;0;0;0;0;0;0;0;0;0;0;0;0;0;0;0;0;0;0;1.4;2.75;7;21;2.75;1.4;1.1;1.02;0;0;0;0;3;0;1;1;1;2;1;2019-04-07 14:00:00;1232;0;50;0;50;0;-1;1;-1;-1;-1;-1;-1;-1;0;0;0;1;0;1;1;90;69;137;136;1.77;1.42;3.19;0;0;0;0;0;0;1;1;0;0;-1;-1;0;0;-1;-1;-1;-1;-1;-1;-1;-1;-1;0;0;75;100;100;0;50;100;100;4;1;4.5;2.75;Panevėžys;Trakai;1.38;1.56;0;0.5;0.25;1.25;100;100;25;0;0;25;25;25;0.71;1.13;1.84;1928;33;Y;Y;Y;N;N;N;Y
551032;85;1230;2019;complete;4400;5;-1;26;;1;0;1;3;2;5;3;2;2;3;0;0;4;4;7;10;11;14;16;14;47;53;2;3;2.25;3.15;2.8;1.04;1.33;2.05;3.7;0;7.75;3;1.67;1.23;1.06;1.83;1.83;0;0;0;0;1.4;1.3;1.67;0;0;0;2.5;2.4;3.25;0;0;0;0;0;0;0;0;0;0;0;0;0;0;0;0;0;0;0;0;0;0;0;0;0;0;0;0;1.44;3.25;9;23;2.62;1.33;1.07;1.01;0;0;0;0;1;1;0;0;0;0;1;2019-04-07 16:00:00;85;0;50;25;25;0;1;1;2;1;1;1;3;2;0;0;2;3;0;5;1;57;63;128;134;1.4;1.63;3.03;0;0;0;0;0;0;1;1;0;0;0;0;0;0;-1;-1;-1;-1;-1;-1;-1;-1;-1;50;50;50;100;100;50;50;100;100;14.5;3.5;4.5;3.75;Žalgiris;Sūduva;2.53;2.44;2;1.5;2.5;2.25;50;50;50;0;0;50;50;25;2.24;1.7;3.94;1928;33;Y;N;N;N;N;N;N
551033;1231;1232;2019;complete;4400;6;-1;48,51,77;87;3;1;4;5;7;12;1;2;3;1;0;0;7;3;4;1;11;4;14;17;49;51;3;1;2.35;3.15;2.7;1.04;1.31;2;3.5;0;8;3.1;1.71;1.25;1.07;1.8;1.91;0;0;0;0;1.5;1.29;1.53;0;0;0;2.88;2.4;2.88;0;0;0;0;0;0;0;0;0;0;0;0;0;0;0;0;0;0;0;0;0;0;0;0;0;0;0;0;1.44;3.25;9;26;2.62;1.33;1.07;1.01;0;0;0;0;4;0;0;3;1;4;0;2019-04-13 10:00:00;1231;0;75;0;75;0;1;1;4;0;1;7;4;8;1;0;2;1;1;3;1;58;59;70;82;1.6;0.9;2.49;0;0;0;0;0;0;1;1;0;0;0;0;0;0;-1;-1;-1;-1;-1;-1;-1;-1;-1;25;25;59;100;100;25;67;100;75;8.5;5.33;3.33;3.59;Kauno Žalgiris;Trakai;1.94;1.56;3;1.33;1.8;1.6;75;75;42;0;0;42;42;42;1.99;1.23;3.22;1928;33;Y;Y;Y;Y;N;N;Y
551034;1229;85;2019;complete;4400;6;-1;62;;1;0;1;5;11;16;2;2;3;2;0;0;9;5;6;7;15;12;14;15;38;62;3;2;3.4;3.6;1.83;1.02;1.24;1.8;3.05;0;9.25;3.55;1.87;1.32;1.1;1.74;1.95;0;0;0;0;2;1.25;1.25;0;0;0;4;2.5;2.1;0;0;0;0;0;0;0;0;0;0;0;0;0;0;0;0;0;0;0;0;0;0;0;0;0;0;0;0;1.4;3;8;21;2.75;1.36;1.08;1.02;0;0;0;0;1;0;0;1;0;1;0;2019-04-13 14:30:00;1229;0;0;0;0;0;1;1;2;9;3;2;11;5;0;0;3;2;0;5;1;60;83;89;113;2.01;1.71;3.72;0;0;0;0;0;0;1;1;0;0;0;0;0;0;-1;-1;-1;-1;-1;-1;-1;-1;-1;0;0;50;75;100;0;50;100;75;9;0.5;3.75;2.25;Stumbras;Žalgiris;0.86;1.94;2.25;3;2;2.6;100;100;50;25;0;50;38;25;1.73;2.21;3.94;1928;28;Y;N;N;N;N;N;N
551035;1233;1246;2019;complete;4400;6;-1;42,46;68;2;1;3;2;7;9;1;3;1;1;0;0;5;3;5;3;10;6;16;10;50;50;1;1;2.3;3.25;2.75;1.02;1.26;1.87;3.15;0;9;3.4;1.83;1.3;1.09;1.69;2;0;0;0;0;1.5;1.3;1.57;0;0;0;2.75;2.4;3;0;0;0;0;0;0;0;0;0;0;0;0;0;0;0;0;0;0;0;0;0;0;0;0;0;0;0;0;1.44;3;9;23;2.62;1.36;1.07;1.01;0;0;0;0;3;1;0;1;1;2;1;2019-04-14 12:00:00;1233;0;17;0;0;0;1;1;1;4;1;3;5;4;0;0;1;1;0;2;1;90;103;129;148;1.64;1.35;2.99;0;0;0;0;0;0;1;1;0;0;0;0;0;0;-1;-1;-1;-1;-1;-1;-1;-1;-1;17;17;34;84;100;17;84;100;34;10;3.34;5.33;2.5;Atlantas;Panevėžys;1.06;0.88;1;0.33;0.6;0.2;84;84;67;17;0;67;67;50;1.04;1.32;2.36;1928;33;Y;Y;Y;N;N;N;Y
551036;1230;1242;2019;complete;4400;6;-1;41,63,88;;3;0;3;10;2;12;5;1;0;4;0;0;12;0;11;2;23;2;13;12;59;41;0;4;1.1;7.25;14.25;1;1.07;1.31;1.8;0;15.25;6.45;3.1;1.87;1.37;1.87;1.8;0;0;0;0;1.01;1.03;8;0;0;0;1.25;4.33;10;0;0;0;0;0;0;0;0;0;0;0;0;0;0;0;0;0;0;0;0;0;0;0;0;0;0;0;0;1.17;1.83;3.5;9;5;1.83;1.29;1.07;0;0;0;0;3;1;0;2;0;2;1;2019-04-14 14:00:00;1230;0;75;34;42;0;1;1;7;2;3;0;9;3;0;2;0;2;2;2;1;64;21;92;69;2.74;0.29;3.03;2;0;2;0;0;0;1;1;0;0;2;0;0;0;-1;-1;-1;-1;-1;-1;-1;-1;-1;34;50;75;75;100;50;50;84;59;7.33;2.67;3;3.84;Sūduva;Palanga;2.82;0.64;3;0;1.8;0.8;67;50;25;25;0;17;17;17;1.93;1.1;3.03;1928;28;Y;Y;Y;N;N;N;N
551037;1232;1233;2019;complete;4400;7;-1;;;0;0;0;6;1;7;7;1;1;2;0;0;2;3;7;3;9;6;7;11;55;45;1;2;1.32;4.6;7;1.01;1.18;1.61;2.55;0;10.75;4.2;2.15;1.44;1.16;1.95;1.77;0;0;0;0;1.03;1.17;3.75;0;0;0;1.5;3;8.5;0;0;0;0;0;0;0;0;0;0;0;0;0;0;0;0;0;0;0;0;0;0;0;0;0;0;0;0;1.3;2.38;5.5;15;3.4;1.53;1.14;1.03;0;0;0;0;0;0;0;0;0;0;0;2019-04-20 12:00:00;-1;0;50;25;0;0;1;1;5;0;1;1;5;2;1;1;0;1;2;1;1;85;56;131;97;1.33;1;2.34;0;0;0;0;0;0;1;1;0;0;5;0;0;0;-1;-1;-1;-1;-1;-1;-1;-1;-1;0;25;50;75;75;25;50;50;50;12.5;3;4;2.25;Trakai;Atlantas;1.76;0.53;2;0;1.33;1;100;75;50;25;25;100;75;50;1.69;1.39;3.08;1928;33;N;N;N;N;N;N;N
551038;1246;1230;2019;complete;4400;7;-1;40;33,74;1;2;3;4;12;16;1;2;3;3;0;0;5;5;5;12;10;17;20;12;43;57;3;3;8.25;4.3;1.32;1.02;1.22;1.74;2.85;0;9.75;3.7;1.95;1.35;1.12;2;1.69;0;0;0;0;3.25;1.17;1.08;0;0;0;7;2.88;1.57;0;0;0;0;0;0;0;0;0;0;0;0;0;0;0;0;0;0;0;0;0;0;0;0;0;0;0;0;1.33;2.5;6.5;17;3.25;1.5;1.11;1.02;0;0;0;0;3;1;1;0;1;1;2;2019-04-19 14:30:00;1230;0;25;0;25;0;1;1;3;4;1;8;7;9;1;1;2;2;2;4;1;62;80;116;134;1.44;2;3.44;0;0;0;0;0;0;1;1;0;0;0;1;0;0;-1;-1;-1;-1;-1;-1;-1;-1;-1;17;17;67;84;100;17;84;84;84;6.67;6;4.17;2.84;Panevėžys;Sūduva;1.38;2.44;0;1;0.17;2;84;84;34;17;0;17;17;0;1.24;1.68;2.92;1928;33;Y;Y;Y;N;N;N;Y
551039;85;1231;2019;complete;4400;7;-1;2,43,70;39;3;1;4;1;1;2;4;1;3;6;0;1;10;4;1;3;11;7;13;18;52;48;3;7;1.32;4.65;7.25;1.01;1.21;1.71;2.8;0;10;3.8;2;1.37;1.12;2;1.69;0;0;0;0;1.06;1.14;3.5;0;0;0;1.57;3;7.5;0;0;0;0;0;0;0;0;0;0;0;0;0;0;0;0;0;0;0;0;0;0;0;0;0;0;0;0;1.33;2.62;6.5;17;3.25;1.44;1.11;1.02;0;0;0;0;4;2;1;1;0;1;3;2019-04-19 16:00:00;85;0;34;17;17;0;1;1;0;1;1;0;1;1;0;3;3;4;3;7;1;70;43;125;97;1.91;1.04;2.95;0;0;0;0;0;0;1;1;1;0;0;0;0;0;-1;-1;-1;-1;-1;-1;-1;-1;-1;17;17;17;50;100;17;50;84;34;10.67;2;4.33;2.17;Žalgiris;Kauno Žalgiris;2.53;1.29;2.33;1;2.17;2;84;84;84;50;0;33;33;17;1.96;1.19;3.15;1928;33;Y;Y;Y;Y;N;N;Y
551040;1242;1229;2019;complete;4400;7;-1;55,61;69;2;1;3;1;9;10;3;4;1;1;0;0;6;7;6;6;12;13;15;12;35;65;1;1;6.1;5.05;1.33;0;0;1.8;0;0;0;0;2;0;0;2.1;1.67;0;0;0;0;3.25;1.17;1.06;0;0;0;7;2.75;1.62;0;0;0;0;0;0;0;0;0;0;0;0;0;0;0;0;0;0;0;0;0;0;0;0;0;0;0;0;1.33;2.62;6.5;19;3.25;1.44;1.11;1.02;0;0;0;0;3;0;0;2;1;3;0;2019-04-20 10:00:00;1242;0;50;0;0;0;1;1;0;2;1;7;2;8;0;0;1;1;0;2;1;60;127;114;151;1.62;2.23;3.85;0;0;0;0;0;0;1;1;0;0;0;1;0;0;-1;-1;-1;-1;-1;-1;-1;-1;-1;0;0;25;50;50;0;50;50;25;7;3;4;1.25;Palanga;Stumbras;0.71;0.21;2;1;0.67;2.17;100;100;75;50;50;100;100;75;1.63;1.98;3.61;1928;28;Y;Y;Y;N;N;N;Y
551041;1246;1229;2019;complete;4400;8;-1;82;17;1;1;2;9;2;11;0;1;4;1;0;0;10;8;6;3;16;11;17;15;53;47;4;1;5.55;3.8;1.5;0;0;2;0;0;0;0;1.8;0;0;2.1;1.67;0;0;0;0;2.5;1.25;1.12;0;0;0;5.5;2.6;1.83;0;0;0;0;0;0;0;0;0;0;0;0;0;0;0;0;0;0;0;0;0;0;0;0;0;0;0;0;1.4;3;8;21;2.75;1.36;1.08;1.02;0;0;0;0;2;0;1;1;0;1;1;2019-04-27 10:00:00;-1;0;59;17;42;0;1;1;4;0;5;2;4;7;2;0;2;1;2;3;1;78;61;133;135;2.28;1.71;3.99;0;0;0;0;0;0;1;1;0;0;0;0;0;0;-1;-1;-1;-1;-1;-1;-1;-1;-1;0;0;75;75;75;17;50;75;59;8.17;4.83;3.5;2.25;Panevėžys;Stumbras;1.38;0.21;0;0.5;0.14;1.86;100;100;25;25;25;67;67;42;1.31;2.1;3.41;1928;28;Y;Y;N;N;N;N;Y
551042;1242;85;2019;complete;4400;8;-1;20;5,51,65,70;1;4;5;0;6;6;2;6;2;2;0;1;3;12;5;5;8;17;8;19;42;58;2;3;6.95;5.6;1.28;0;0;1.5;0;0;0;0;2.5;0;0;1.91;1.8;0;0;0;0;4;1.12;1.06;0;0;0;8.5;3.4;1.44;0;0;0;0;0;0;0;0;0;0;0;0;0;0;0;0;0;0;0;0;0;0;0;0;0;0;0;0;1.25;2.2;5;13;3.75;1.62;1.17;1.04;0;0;0;0;5;1;1;0;3;3;2;2019-04-27 12:00:00;85;0;50;0;17;0;-1;1;-1;-1;-1;-1;-1;-1;1;1;1;2;2;3;1;63;113;123;157;1.18;2.73;3.92;0;0;0;0;0;0;1;1;0;1;-1;-1;0;0;-1;-1;-1;-1;-1;-1;-1;-1;-1;0;0;67;84;100;0;67;100;67;11;2.33;3.34;2.5;Palanga;Žalgiris;0.71;1.94;2.33;2;1;2.29;100;100;33;17;0;84;84;50;1.62;2.04;3.66;1928;28;Y;Y;Y;Y;Y;N;Y
551043;1231;1233;2019;complete;4400;8;-1;16,87;90;2;1;3;2;10;12;5;0;1;2;0;0;5;9;5;12;10;21;10;19;44;56;1;2;1.51;3.95;5;0;0;1.8;0;0;0;0;2;0;0;1.91;1.8;0;0;0;0;1.11;1.22;2.75;0;0;0;1.8;2.75;5.5;0;0;0;0;0;0;0;0;0;0;0;0;0;0;0;0;0;0;0;0;0;0;0;0;0;0;0;0;1.36;2.62;7;19;3;1.44;1.1;1.02;0;0;0;0;3;1;0;1;1;2;1;2019-04-27 14:00:00;1231;0;50;0;34;0;1;1;1;5;1;5;6;6;0;1;1;1;1;2;1;55;83;90;113;1.38;2.55;3.93;0;0;0;0;0;0;1;1;0;0;0;0;0;1;-1;-1;-1;-1;-1;-1;-1;-1;-1;17;34;50;84;84;17;50;84;67;9.33;3.67;5;3;Kauno Žalgiris;Atlantas;1.94;0.53;3;0.33;1.71;1;84;67;50;17;17;67;50;34;1.86;1.26;3.12;1928;33;Y;Y;Y;N;N;N;Y
551044;1232;1230;2019;complete;4400;8;-1;72;35,55;1;2;3;2;8;10;3;3;3;5;0;0;5;9;10;5;15;14;15;16;47;53;3;5;4.5;3.6;1.65;1.04;1.33;2.05;3.7;0;7.75;3;1.67;1.23;1.06;2;1.69;0;0;0;0;2.25;1.25;1.17;0;0;0;4.75;2.4;2;0;0;0;0;0;0;0;0;0;0;0;0;0;0;0;0;0;0;0;0;0;0;0;0;0;0;0;0;1.44;3.25;9;26;2.62;1.33;1.07;1.01;0;0;0;0;3;0;1;1;1;2;1;2019-04-27 17:00:00;1230;0;29;29;0;0;1;1;0;3;2;5;3;7;0;1;3;4;1;7;1;51;75;106;123;1.67;2.06;3.73;0;0;0;0;0;0;1;1;0;0;0;0;0;0;-1;-1;-1;-1;-1;-1;-1;-1;-1;13;29;42;54;67;42;54;38;25;13.83;6.75;3.75;2.04;Trakai;Sūduva;1.76;2.44;1.67;1.5;1.29;2.14;88;71;59;46;34;59;59;46;1.57;1.76;3.33;1928;33;Y;Y;Y;N;N;N;Y
551045;1229;1232;2019;complete;4400;9;-1;;40,73,85;0;3;3;6;6;12;1;1;3;1;1;1;5;11;7;2;12;13;13;18;51;49;5;3;2.05;3.2;3.3;1.05;1.35;2.1;3.85;0;7.5;2.85;1.62;1.21;1.05;1.91;1.77;0;0;0;0;1.3;1.3;1.73;0;0;0;2.4;2.38;3.6;0;0;0;0;0;0;0;0;0;0;0;0;0;0;0;0;0;0;0;0;0;0;0;0;0;0;0;0;1.44;3.25;9;26;2.62;1.33;1.07;1.01;0;0;0;0;3;0;1;0;2;2;1;2019-05-04 14:00:00;1232;0;50;0;50;0;1;1;2;4;4;2;6;6;2;1;2;1;3;3;1;74;70;93;95;1.64;2.09;3.73;0;0;0;0;0;0;1;1;0;0;0;1;0;0;-1;-1;-1;-1;-1;-1;-1;-1;-1;0;13;38;70;100;0;13;100;70;7.05;3.1;3.65;2.2;Stumbras;Trakai;0.86;1.56;2.4;1;1.75;1.13;100;88;63;30;0;55;45;35;1.79;1.14;2.93;1928;28;Y;Y;Y;N;N;N;N
551046;1242;1231;2019;complete;4400;9;-1;;6,18,55;0;3;3;1;7;8;0;8;1;1;0;0;5;8;4;9;9;17;12;12;35;65;1;1;5.1;3.85;1.53;1.01;1.18;1.62;2.55;0;10.75;4.2;2.1;1.43;1.15;1.71;2;0;0;0;0;2.5;1.25;1.11;0;0;0;4.75;3;1.8;0;0;0;0;0;0;0;0;0;0;0;0;0;0;0;0;0;0;0;0;0;0;0;0;0;0;0;0;1.25;2.1;4.5;13;3.75;1.67;1.18;1.04;0;0;0;0;3;0;2;0;1;1;2;2019-05-05 12:00:00;1231;0;63;25;13;0;1;1;1;4;0;3;5;3;0;0;1;1;0;2;1;64;107;116;166;1.39;2.41;3.8;0;0;0;0;0;0;1;1;0;1;0;0;0;0;-1;-1;-1;-1;-1;-1;-1;-1;-1;13;25;50;75;100;25;63;100;38;6;3.25;5.25;2.63;Palanga;Kauno Žalgiris;0.71;1.29;1.75;0.75;0.88;1.88;88;75;50;25;0;50;50;13;1.51;1.15;2.66;1928;28;Y;Y;Y;N;N;N;N
551047;1230;1233;2019;complete;4400;9;-1;36,59,75,79;;4;0;4;12;3;15;1;2;0;1;0;0;11;2;14;1;25;3;13;13;58;42;0;1;1.17;5.9;12;1.01;1.17;1.57;2.45;0;11.25;4.35;2.2;1.48;1.17;2.3;1.54;0;0;0;0;1.01;1.12;4.5;0;0;0;1.4;3.4;10;0;0;0;0;0;0;0;0;0;0;0;0;0;0;0;0;0;0;0;0;0;0;0;0;0;0;0;0;1.25;2.1;4.5;11;3.75;1.67;1.18;1.05;0;0;0;0;4;1;0;3;0;3;1;2019-05-05 14:00:00;1230;0;42;0;29;0;1;1;4;3;8;0;7;8;0;0;0;1;0;1;1;91;46;127;103;3;0.68;3.67;0;0;0;0;0;0;1;1;0;0;2;0;0;0;-1;-1;-1;-1;-1;-1;-1;-1;-1;0;0;59;71;88;0;42;88;71;11;2.83;3.83;2.17;Sūduva;Atlantas;2.82;0.53;3;0.25;2.25;0.88;100;100;42;29;13;54;42;29;2.2;1.58;3.78;1928;33;Y;Y;Y;Y;N;N;N
551048;85;1246;2019;complete;4400;9;-1;24,81;35;2;1;3;4;3;7;-1;-1;4;2;0;0;11;3;6;7;17;10;-1;-1;50;50;4;2;1.12;7;13.75;1.01;1.17;1.59;2.5;0;11;4.3;2.2;1.47;1.17;2.75;1.38;0;0;0;0;1.01;1.06;5.5;0;0;0;1.33;3.5;13;0;0;0;0;0;0;0;0;0;0;0;0;0;0;0;0;0;0;0;0;0;0;0;0;0;0;0;0;1.29;2.38;5.5;15;3.5;1.53;1.14;1.03;0;0;0;0;3;1;1;1;0;1;2;2019-05-05 16:00:00;85;0;63;25;25;0;-1;1;-1;-1;-1;-1;-1;-1;2;1;2;1;3;3;1;77;51;138;82;2.4;1.21;3.62;0;0;0;0;0;0;1;1;0;0;-1;-1;0;0;-1;-1;-1;-1;-1;-1;-1;-1;-1;13;25;38;75;100;25;75;88;38;12;4.5;5;2.63;Žalgiris;Panevėžys;2.53;0.88;2.5;0.25;2.38;0.25;88;75;63;25;0;50;38;38;1.95;1.33;3.28;1928;33;Y;Y;Y;N;N;N;Y
551049;1232;85;2019;complete;4400;10;-1;73;;1;0;1;3;6;9;0;1;2;2;0;0;6;5;3;4;9;9;13;14;41;59;2;2;5.75;4;1.5;0;0;1.85;0;0;0;0;1.95;0;0;2;1.73;0;0;0;0;2.5;1.22;1.12;0;0;0;5;2.62;1.83;0;0;0;0;0;0;0;0;0;0;0;0;0;0;0;0;0;0;0;0;0;0;0;0;0;0;0;0;1.36;2.75;7;19;3;1.4;1.1;1.02;0;0;0;0;1;0;0;1;0;1;0;2019-05-11 10:00:00;1232;0;38;25;13;0;1;1;2;3;1;3;5;4;0;1;2;1;1;3;1;47;81;78;122;1.33;1.51;2.84;0;0;0;0;0;0;1;1;0;0;0;1;0;0;-1;-1;-1;-1;-1;-1;-1;-1;-1;13;25;63;63;75;25;63;63;50;13;5.25;3.5;2.38;Trakai;Žalgiris;1.76;1.94;1.25;2.25;1.33;2.44;88;75;38;38;25;63;63;50;1.6;2.22;3.82;1928;33;Y;N;N;N;N;N;N
551050;1231;1230;2019;complete;4400;10;-1;;11,33,81;0;3;3;4;2;6;2;0;5;3;1;0;8;6;3;2;11;8;12;8;54;46;6;3;4.33;4;1.6;0;0;1.95;0;0;0;0;1.85;0;0;1.91;1.8;0;0;0;0;2.1;1.25;1.25;0;0;0;4;2.6;2.1;0;0;0;0;0;0;0;0;0;0;0;0;0;0;0;0;0;0;0;0;0;0;0;0;0;0;0;0;1.4;3;8;21;2.75;1.36;1.08;1.02;0;0;0;0;3;0;2;0;1;1;2;2019-05-11 12:00:00;1230;0;58;10;48;0;1;1;2;2;2;0;4;2;2;0;4;3;2;7;1;83;54;153;112;1.87;1.33;3.2;0;1;0;1;0;0;1;1;0;0;0;1;0;0;-1;-1;-1;-1;-1;-1;-1;-1;-1;23;35;68;90;100;33;78;90;68;11.8;6.3;5.2;3.4;Kauno Žalgiris;Sūduva;1.94;2.44;3;1.8;2;2.33;78;65;33;10;0;68;68;48;1.74;1.82;3.56;1928;33;Y;Y;Y;N;N;N;N
551051;1233;1229;2019;complete;4400;10;-1;;;0;0;0;7;0;7;1;3;1;1;0;0;5;6;6;7;11;13;21;10;55;45;1;1;4.85;3.7;1.57;1.02;1.24;1.8;3.05;0;9.25;3.55;1.87;1.32;1.1;1.83;1.83;0;0;0;0;2.38;1.17;1.17;0;0;0;4.75;2.62;1.91;0;0;0;0;0;0;0;0;0;0;0;0;0;0;0;0;0;0;0;0;0;0;0;0;0;0;0;0;1.36;2.75;7;21;3;1.4;1.1;1.02;0;0;0;0;0;0;0;0;0;0;0;2019-05-12 11:00:00;-1;0;46;0;29;0;-1;1;-1;-1;-1;-1;-1;-1;1;0;0;1;1;1;1;105;86;144;153;1.81;1.87;3.68;0;0;0;0;0;0;1;1;0;0;-1;-1;0;0;-1;-1;-1;-1;-1;-1;-1;-1;-1;13;13;54;84;84;13;67;84;54;7.33;2.75;3.08;2.46;Atlantas;Stumbras;1.06;0.21;1.5;0.67;0.78;1.56;88;88;46;17;17;88;75;46;1.19;1.97;3.16;1928;28;N;N;N;N;N;N;N
551052;1246;1242;2019;complete;4400;10;-1;48,90;59;2;1;3;7;4;11;5;0;1;1;0;0;7;6;8;2;15;8;3;12;61;39;1;1;2;3.2;3.3;1.02;1.24;1.8;3.05;0;9.25;3.55;1.87;1.32;1.1;1.67;2.05;0;0;0;0;1.22;1.22;2.2;0;0;0;1.95;2.75;4;0;0;0;0;0;0;0;0;0;0;0;0;0;0;0;0;0;0;0;0;0;0;0;0;0;0;0;0;1.33;2.5;6.5;17;3.25;1.5;1.11;1.02;0;0;0;0;3;0;0;2;1;3;0;2019-05-12 14:00:00;1246;0;75;38;25;0;1;1;3;3;4;1;6;5;0;0;1;1;0;2;1;103;56;132;110;2.18;1.34;3.52;0;0;0;0;0;0;1;1;0;0;1;2;0;0;-1;-1;-1;-1;-1;-1;-1;-1;-1;25;38;88;100;100;50;100;88;63;7.25;3.25;4.25;3.88;Panevėžys;Palanga;1.38;0.64;0.25;0;0.22;0.78;75;63;13;0;0;50;50;50;1.55;0.9;2.45;1928;28;Y;Y;Y;N;N;N;Y
551053;85;1233;2019;complete;4400;11;-1;38,40,45;;3;0;3;10;0;10;3;2;2;1;0;0;8;2;11;1;19;3;10;12;71;29;2;1;1.13;6.8;13;1;1.12;1.43;2.1;0;13;5.2;2.55;1.62;1.24;2.35;1.53;0;0;0;0;1.01;1.1;5.5;0;0;0;1.3;3.75;12;0;0;0;0;0;0;0;0;0;0;0;0;0;0;0;0;0;0;0;0;0;0;0;0;0;0;0;0;1.22;2;4;11;4;1.73;1.22;1.05;0;0;0;0;3;3;0;0;0;0;3;2019-05-17 16:00:00;85;0;60;30;20;0;-1;1;-1;-1;-1;-1;-1;-1;0;0;2;1;0;3;1;84;21;138;76;2.37;0.5;2.86;0;0;0;0;0;0;1;1;0;0;-1;-1;0;0;-1;-1;-1;-1;-1;-1;-1;-1;-1;10;30;60;80;90;30;70;80;60;9.6;2;4.8;2.8;Žalgiris;Atlantas;2.53;0.53;2.6;0.2;2.2;0.8;90;70;40;20;10;50;40;30;2.04;1.4;3.44;1928;33;Y;Y;Y;N;N;N;N
551054;1242;1232;2019;complete;4400;11;-1;37;1,76,89;1;3;4;6;7;13;-1;-1;3;0;0;0;5;8;7;3;12;11;-1;-1;50;50;3;0;4.05;3.6;1.71;1.01;1.19;1.65;2.65;0;10.5;4.05;2.1;1.42;1.14;1.65;2.1;0;0;0;0;2;1.29;1.22;0;0;0;4;2.62;2.05;0;0;0;0;0;0;0;0;0;0;0;0;0;0;0;0;0;0;0;0;0;0;0;0;0;0;0;0;1.33;2.5;6;17;3.25;1.5;1.12;1.02;0;0;0;0;4;1;1;0;2;2;2;2019-05-18 15:00:00;1232;0;80;10;50;0;1;1;4;4;2;3;8;5;0;0;3;0;0;3;1;66;100;107;143;1.59;1.98;3.57;0;0;0;0;0;0;1;1;0;1;0;2;0;0;-1;-1;-1;-1;-1;-1;-1;-1;-1;10;20;80;100;100;20;60;100;80;6.2;3.2;3.2;3.1;Palanga;Trakai;0.71;1.56;1.4;1.4;0.7;1.5;90;80;20;0;0;60;60;40;1.49;1.33;2.82;1928;28;Y;Y;Y;Y;N;N;Y
551055;1246;1231;2019;complete;4400;11;-1;21;55;1;1;2;4;7;11;0;0;3;2;0;0;5;5;3;5;8;10;23;13;41;59;3;2;3.55;3.4;1.87;1.02;1.25;1.83;3.05;0;9;3.5;1.87;1.31;1.1;1.74;1.95;0;0;0;0;1.53;1.29;1.53;0;0;0;2.75;2.5;2.75;0;0;0;0;0;0;0;0;0;0;0;0;0;0;0;0;0;0;0;0;0;0;0;0;0;0;0;0;1.4;2.75;8;21;2.75;1.4;1.08;1.02;0;0;0;0;2;1;0;0;1;1;1;2019-05-18 14:00:00;-1;0;50;20;20;0;1;1;2;2;2;5;4;7;0;1;3;1;1;4;1;51;86;106;132;1.23;1.61;2.85;0;0;0;0;0;0;1;1;0;0;0;0;0;0;-1;-1;-1;-1;-1;-1;-1;-1;-1;0;10;60;80;100;30;70;100;30;8.8;4.8;5.2;2.5;Panevėžys;Kauno Žalgiris;1.38;1.29;0.8;1.2;0.5;1.8;100;90;40;20;0;40;40;30;1.68;1.4;3.08;1928;33;Y;Y;N;N;N;N;Y
551056;1230;1229;2019;complete;4400;11;-1;28,55;;2;0;2;5;5;10;1;3;2;1;0;0;6;5;2;7;8;12;13;12;46;54;2;1;1.31;4.7;7.5;1.01;1.22;1.74;2.85;0;9.75;3.75;1.95;1.36;1.12;2.05;1.67;0;0;0;0;1.05;1.14;3.5;0;0;0;0;0;0;0;0;0;0;0;0;0;0;0;0;0;0;0;0;0;0;0;0;0;0;0;0;0;0;0;0;0;0;0;0;0;0;0;0;0;0;0;0;0;0;2;1;0;1;0;1;1;2019-05-18 16:00:00;1230;0;38;0;25;0;1;1;3;1;2;4;4;6;1;1;1;0;2;1;1;54;63;94;109;1.32;1.57;2.89;0;0;0;0;0;0;1;1;0;0;0;0;0;0;-1;-1;-1;-1;-1;-1;-1;-1;-1;0;13;50;63;75;0;38;75;50;10.75;4.25;2.25;2;Sūduva;Stumbras;2.82;0.21;3;0.75;2.4;1.5;100;88;50;38;25;63;63;50;2.4;1.95;4.35;1928;28;Y;Y;N;N;N;N;N
551057;1233;1242;2019;complete;4400;12;-1;34,67;77;2;1;3;2;7;9;7;2;0;0;0;0;6;5;1;10;7;15;12;7;50;50;0;0;2.1;3.35;2.9;1.01;1.22;1.74;2.85;0;9.75;3.75;1.95;1.36;1.12;1.62;2.15;0;0;0;0;1.22;1.25;2;0;0;0;2;3;3.5;0;0;0;0;0;0;0;0;0;0;0;0;0;0;0;0;0;0;0;0;0;0;0;0;0;0;0;0;1.2;1.91;4;10;4.33;1.8;1.22;1.06;0;0;0;0;3;1;0;1;1;2;1;2019-05-21 15:00:00;1233;0;50;20;30;0;-1;-1;-1;-1;-1;-1;-1;-1;0;0;0;0;0;0;-1;0;0;0;0;0;0;0;0;0;0;0;0;0;1;1;0;0;-1;-1;-1;-1;-1;-1;-1;-1;-1;-1;-1;-1;-1;30;40;80;90;90;40;80;80;70;7;2;3.2;3.6;Atlantas;Palanga;1.06;0.64;1.4;0;0.73;0.64;70;60;20;10;10;60;50;40;1.32;0.99;2.31;1928;28;Y;Y;Y;N;N;N;Y
551058;1232;1246;2019;complete;4400;12;-1;38;1;1;1;2;1;2;3;3;1;1;2;0;0;9;7;4;12;13;19;13;16;55;45;1;2;1.49;4;5.3;1.01;1.18;1.62;2.55;0;10.75;4.2;2.1;1.43;1.15;1.71;2;0;0;0;0;1.17;1.22;2.25;0;0;0;1.91;2.75;4.33;0;0;0;0;0;0;0;0;0;0;0;0;0;0;0;0;0;0;0;0;0;0;0;0;0;0;0;0;1.3;2.38;5.5;15;3.4;1.53;1.14;1.03;0;0;0;0;2;1;1;0;0;0;2;2019-05-21 17:00:00;-1;0;50;20;20;0;-1;1;-1;-1;-1;-1;-1;-1;0;1;1;1;1;2;1;64;52;110;117;1.92;2.07;3.98;0;0;0;0;0;0;1;1;0;1;-1;-1;0;0;-1;-1;-1;-1;-1;-1;-1;-1;-1;0;10;40;60;80;20;60;70;20;11.4;5;4.2;1.9;Trakai;Panevėžys;1.76;0.88;1.6;0.2;1.64;0.55;100;90;60;40;20;70;50;40;1.54;1.3;2.84;1928;33;Y;Y;N;N;N;N;Y
551059;1231;1229;2019;complete;4400;12;-1;31,58,72,83;5,8,9;4;3;7;8;3;11;1;1;6;2;0;1;12;10;7;9;19;19;19;13;50;50;6;3;2.6;3;2.55;1.06;1.43;2.35;4.4;0;6.8;2.6;1.53;1.16;1.03;2;1.71;0;0;0;0;1.53;1.33;1.44;0;0;0;3.1;2.3;2.75;0;0;0;0;0;0;0;0;0;0;0;0;0;0;0;0;0;0;0;0;0;0;0;0;0;0;0;0;1.5;3.4;10;26;2.5;1.3;1.06;1.01;0;0;0;0;7;1;3;3;0;3;4;2019-05-22 15:00:00;1231;0;50;0;40;0;1;1;4;3;4;0;7;4;3;0;3;3;3;6;1;86;77;152;141;2.67;2.46;5.12;0;0;0;0;0;0;1;1;0;3;1;0;0;0;-1;-1;-1;-1;-1;-1;-1;-1;-1;10;20;50;80;80;20;60;80;40;8.4;5.6;4;2.6;Kauno Žalgiris;Stumbras;1.94;0.21;2.4;0.6;1.73;1.36;90;80;50;20;20;70;70;50;1.77;1.87;3.64;1928;28;Y;Y;Y;Y;Y;Y;Y
551060;1230;85;2019;complete;4400;12;-1;70;;1;0;1;7;4;11;-1;-1;3;0;0;0;2;3;5;8;7;11;-1;-1;50;50;3;0;2.65;3.05;2.45;1.05;1.35;2.1;3.85;0;7.5;2.85;1.62;1.21;1.05;1.87;1.83;0;0;0;0;1.57;1.33;1.4;0;0;0;3.1;2.38;2.75;0;0;0;0;0;0;0;0;0;0;0;0;0;0;0;0;0;0;0;0;0;0;0;0;0;0;0;0;1.44;3.25;9;26;2.62;1.33;1.07;1.01;0;0;0;0;1;0;0;1;0;1;0;2019-05-22 17:00:00;1230;0;20;10;10;0;1;1;2;0;5;4;2;9;1;0;2;0;1;2;1;66;59;89;104;1.06;1.34;2.4;0;0;0;0;0;0;1;1;0;0;0;0;0;0;-1;-1;-1;-1;-1;-1;-1;-1;-1;10;20;60;70;100;10;60;100;60;13.8;3.2;3.2;2.6;Sūduva;Žalgiris;2.82;1.94;3;1.8;2.45;2.27;90;80;40;30;0;60;50;40;2.18;2.07;4.25;1928;33;Y;N;N;N;N;N;N
551061;85;1229;2019;complete;4400;13;-1;49,72;26;2;1;3;7;2;9;1;0;1;2;0;0;8;4;8;0;16;4;16;18;60;40;1;2;1.27;4.75;9;1.02;1.24;1.8;3.05;0;9.25;3.55;1.87;1.32;1.1;2.25;1.56;0;0;0;0;1.04;1.17;3.4;0;0;0;1.62;2.75;8;0;0;0;0;0;0;0;0;0;0;0;0;0;0;0;0;0;0;0;0;0;0;0;0;0;0;0;0;1.36;2.62;7;19;3;1.44;1.1;1.02;0;0;0;0;3;0;1;2;0;2;1;2019-05-31 16:00:00;85;0;59;34;17;0;1;1;4;2;3;0;6;3;1;2;0;0;3;0;1;81;35;136;87;2.16;0.8;2.96;0;0;0;0;0;0;1;1;0;0;0;1;0;0;-1;-1;-1;-1;-1;-1;-1;-1;-1;17;25;50;75;84;42;67;67;33;9.33;3.67;4;2.75;Žalgiris;Stumbras;2.53;0.21;2.67;0.5;2.08;1.25;83;75;50;25;17;58;58;34;2.09;1.97;4.06;1928;28;Y;Y;Y;N;N;N;Y
551062;1242;1230;2019;complete;4400;13;-1;;51,83;0;2;2;5;9;14;0;3;6;2;0;0;3;7;5;5;8;12;13;13;46;54;6;2;9;7;1.17;0;0;1.25;0;0;0;0;4;0;0;1.83;1.83;0;0;0;0;5;1.08;1.01;0;0;0;10;4;1.3;0;0;0;0;0;0;0;0;0;0;0;0;0;0;0;0;0;0;0;0;0;0;0;0;0;0;0;0;1.18;1.83;3.5;9;4.5;1.83;1.29;1.07;0;0;0;0;2;0;0;0;2;2;0;2019-06-01 14:00:00;1230;0;58;25;17;0;1;1;0;5;5;4;5;9;1;0;5;2;1;7;1;73;99;126;135;1.25;1.97;3.22;0;0;0;0;0;0;1;1;0;0;0;1;0;0;-1;-1;-1;-1;-1;-1;-1;-1;-1;17;25;75;92;100;50;83;92;59;9;3.66;5;3.08;Palanga;Sūduva;0.71;2.44;1.17;2;0.58;2.5;83;75;25;9;0;59;59;25;1.51;1.74;3.25;1928;28;Y;Y;N;N;N;N;N
551063;1232;1231;2019;complete;4400;13;-1;71;;1;0;1;9;2;11;0;2;1;5;0;0;3;3;7;8;10;11;12;11;57;43;1;5;2.25;3.75;2.5;0;0;1.95;0;0;0;0;1.85;0;0;1.73;2;0;0;0;0;1.5;1.25;1.57;0;0;0;2.62;2.6;2.88;0;0;0;0;0;0;0;0;0;0;0;0;0;0;0;0;0;0;0;0;0;0;0;0;0;0;0;0;1.36;2.62;7;19;3;1.44;1.1;1.02;0;0;0;0;1;0;0;1;0;1;0;2019-06-01 16:00:00;1232;0;42;25;9;0;1;1;3;2;6;0;5;6;0;2;1;3;2;4;1;72;55;120;106;1.37;1.31;2.68;1;0;1;0;0;0;1;1;0;0;0;0;0;0;-1;-1;-1;-1;-1;-1;-1;-1;-1;0;17;33;59;84;33;59;67;9;9.17;5;4.33;1.92;Trakai;Kauno Žalgiris;1.76;1.29;1.5;1.17;1.58;1.83;100;83;67;42;17;50;42;25;1.61;1.44;3.05;1928;33;Y;N;N;N;N;N;N
551064;1246;1233;2019;complete;4400;13;-1;3,22,32,90;24;4;1;5;9;4;13;1;1;3;4;0;0;12;5;8;7;20;12;20;13;47;53;3;4;1.74;3.5;4.05;1.02;1.22;1.74;2.85;5.25;9.75;3.7;1.95;1.35;1.12;1.71;2;0;0;0;0;1.2;1.29;2.1;0;0;0;2.05;2.6;4;0;0;0;0;0;0;0;0;0;0;0;0;0;0;0;0;0;0;0;0;0;0;0;0;0;0;0;0;1.36;2.62;7;19;3;1.44;1.1;1.02;0;0;0;0;5;3;1;1;0;1;4;2019-06-02 15:00:00;1246;0;58;9;25;0;1;1;3;1;6;3;4;9;0;1;3;3;1;6;1;81;91;119;129;2.68;1.77;4.45;0;0;0;0;0;0;1;1;1;0;1;0;0;0;-1;-1;-1;-1;-1;-1;-1;-1;-1;0;9;67;92;92;17;75;84;59;8.5;3;4.33;2.59;Panevėžys;Atlantas;1.38;0.53;0.83;0.17;0.58;0.92;100;92;33;9;9;75;67;50;1.6;1.25;2.85;1928;33;Y;Y;Y;Y;Y;N;Y
551065;1233;1232;2019;complete;4400;14;-1;5,23;58,79,86;2;3;5;4;17;21;0;4;0;0;1;0;5;4;4;7;9;11;8;9;35;65;2;0;5.45;4.15;1.45;1.01;1.17;1.61;2.5;4.4;11;4.25;2.15;1.45;1.16;1.74;1.95;0;0;0;0;2.62;1.2;1.14;0;0;0;4.75;2.88;1.8;0;0;0;0;0;0;0;0;0;0;0;0;0;0;0;0;0;0;0;0;0;0;0;0;0;0;0;0;1.29;2.38;5.5;15;3.5;1.53;1.14;1.03;0;0;0;0;5;2;0;0;3;3;2;2019-06-14 15:00:00;1232;0;58;9;50;0;1;1;3;9;1;8;12;9;1;0;0;0;1;0;1;37;100;94;138;1.2;1.7;2.9;0;0;0;0;0;0;1;1;1;0;0;2;0;0;-1;-1;-1;-1;-1;-1;-1;-1;-1;9;25;75;92;92;17;67;92;84;7.83;2.83;2.66;2.92;Atlantas;Trakai;1.06;1.56;1.67;1.67;0.85;1.69;92;75;25;9;9;67;50;42;1.32;1.44;2.76;1928;33;Y;Y;Y;Y;Y;N;Y
551066;1231;85;2019;complete;4400;14;-1;11,44,85;25,32,45,88;3;4;7;3;5;8;1;1;4;5;0;0;6;7;4;8;10;15;21;20;40;60;4;5;4.95;3.65;1.57;1.02;1.26;1.87;3.15;5.85;9;3.4;1.83;1.3;1.09;1.87;1.83;5.5;1.12;2.62;1.44;2.25;1.25;1.16;5.25;2.15;2.1;4.33;2.75;1.95;0;0;0;0;1.83;0;0;0;0;2;0;0;4.15;9.04;1.38;2.87;15;1.44;9;3;0;0;0;0;0;0;0;0;1.3;2.5;6;17;3.4;1.5;1.12;1.02;0;0;0;0;7;2;3;1;1;2;5;2019-06-14 17:00:00;85;0;42;17;25;0;1;1;2;3;1;2;5;3;1;1;3;4;2;7;1;52;69;83;116;1.43;1.94;3.37;1;0;1;0;0;0;1;1;0;0;0;0;0;0;-1;-1;-1;-1;-1;-1;-1;-1;-1;25;34;67;75;100;34;67;100;59;11.66;3.83;5;3.33;Kauno Žalgiris;Žalgiris;1.94;1.94;2.5;1.5;1.69;2.15;75;67;34;25;0;67;59;59;1.92;1.95;3.87;1928;33;Y;Y;Y;Y;Y;Y;Y
551067;1229;1242;2019;complete;4400;14;-1;;-1,-1,-1;0;3;3;0;0;0;-1;-1;-1;-1;-1;-1;-1;-1;-1;-1;-1;-1;-1;-1;-1;-1;-1;-1;1.47;4.45;4.9;1.01;1.1;1.33;1.83;3;15;6.5;3.4;1.83;1.36;1.53;2.37;2.62;1.44;8.5;1.05;1.08;1.14;3;1.8;2.75;5;1.61;3.25;5.5;0;0;0;0;0;0;0;0;0;0;0;0;0;0;0;1.3;26;3.4;2.87;17;0;0;0;0;0;0;0;0;1.2;2.1;4.5;10;4;1.67;1.17;1.03;0;0;0;0;3;0;0;0;0;0;0;2019-06-15 14:00:00;1242;0;42;17;25;1;1;-1;0;0;0;0;0;0;-1;-1;-1;-1;-1;-1;-1;0;0;0;0;0;0;0;-1;-1;-1;-1;-1;-1;-1;-1;-1;-1;0;0;-1;-1;-1;-1;-1;-1;-1;-1;-1;-1;-1;17;25;59;75;100;25;50;92;67;8;2.83;4.16;3;Stumbras;Palanga;0.86;0.64;2;0;1.15;0.54;84;75;42;25;0;67;50;42;1.76;0.99;2.75;1928;28;Y;Y;Y;N;N;N;N
551068;1230;1246;2019;complete;4400;14;-1;56,75;6;2;1;3;8;4;12;1;1;0;2;0;1;9;3;8;2;17;5;11;13;53;47;0;4;1.16;6.15;12;1;1.14;1.51;2.3;3.95;12;4.7;2.35;1.53;1.2;2.15;1.62;1.66;2.1;8.5;1.05;1.02;1.05;5.5;1.57;2.75;8.5;1.4;3.4;9.5;0;0;0;0;0;0;0;0;0;0;0;0;0;0;0;1.14;23;5.5;1.72;17;0;0;0;0;0;0;0;0;1.25;2.25;5.5;12;3.5;1.57;1.13;1.02;0;0;0;0;3;0;1;2;0;2;1;2019-06-15 16:00:00;1230;0;42;17;17;0;1;1;6;2;2;2;8;4;0;1;0;2;1;2;1;50;31;81;64;2.06;0.76;2.81;0;0;0;0;0;0;1;1;0;1;1;0;0;0;-1;-1;-1;-1;-1;-1;-1;-1;-1;0;9;42;75;100;17;67;92;34;12.33;3.16;4;2.25;Sūduva;Panevėžys;2.82;0.88;3;0.33;2.54;0.77;100;92;59;25;0;59;50;42;2;1.43;3.43;1928;33;Y;Y;Y;N;N;N;Y
551069;1233;1231;2019;complete;4400;15;-1;49;20;1;1;2;3;2;5;2;4;2;2;1;0;3;10;11;8;14;18;12;21;48;52;4;2;4.7;4.05;1.54;1.01;1.2;1.67;2.7;4.85;10.25;3.95;2.05;1.39;1.14;1.71;2;5;1.14;2.25;1.57;2.37;1.22;1.16;5;2.37;2.05;4.75;2.75;1.8;0;0;0;0;0;0;0;0;0;0;0;0;0;0;0;3.1;12;1.4;8.5;2.62;0;0;0;0;0;0;0;0;1.33;2.62;6.5;19;3.25;1.44;1.11;1.02;0;0;0;0;2;0;1;1;0;1;1;2019-06-22 12:00:00;-1;0;36;7;15;0;1;1;2;1;1;1;3;2;1;0;2;2;1;4;1;81;83;127;148;1.68;2.44;4.12;0;0;0;0;0;0;1;1;0;0;1;0;0;0;-1;-1;-1;-1;-1;-1;-1;-1;-1;15;22;50;72;93;29;72;93;36;7.71;3.57;4.57;2.5;Atlantas;Kauno Žalgiris;1.06;1.29;1.43;1;0.79;1.57;86;79;50;29;7;57;43;29;1.3;1.42;2.72;1928;33;Y;Y;N;N;N;N;Y
551070;1229;1246;2019;complete;4400;15;-1;;-1,-1,-1;0;3;3;-1;-1;-1;-1;-1;-1;-1;-1;-1;-1;-1;-1;-1;-1;-1;-1;-1;-1;-1;-1;-1;1.8;3.55;3.7;1.01;1.16;1.57;2.45;4.2;11.25;4.4;2.25;1.48;1.18;1.54;2.25;3;1.36;5;1.14;1.25;1.3;1.91;2.4;2.25;4;2.1;2.62;3.6;0;0;0;0;0;0;0;0;0;0;0;0;0;0;0;1.57;13;2.5;3.6;8;0;0;0;0;0;0;0;0;1.33;2.62;6.5;17;3.25;1.44;1.11;1.02;0;0;0;0;3;0;0;0;0;0;0;2019-06-22 14:00:00;1246;0;36;15;7;1;-1;-1;-1;-1;-1;-1;-1;-1;-1;-1;-1;-1;-1;-1;-1;0;0;0;0;0;0;0;-1;-1;-1;-1;-1;-1;-1;-1;-1;-1;-1;-1;-1;-1;-1;-1;-1;-1;-1;-1;-1;-1;-1;0;0;36;72;100;15;50;86;36;9.31;2.85;5.54;2.08;Stumbras;Panevėžys;0.86;0.88;1.71;0.29;1.07;0.71;100;100;64;29;0;62;47;38;1.76;1.33;3.09;1928;28;Y;Y;Y;N;N;N;N
551071;1230;1232;2019;complete;4400;15;-1;44;4,71;1;2;3;5;2;7;4;3;1;1;0;0;9;3;6;3;15;6;12;10;45;55;1;1;1.43;4.05;5.9;1.03;1.27;1.91;3.25;6.05;8.75;3.3;1.8;1.28;1.09;2;1.69;0;0;0;0;1.12;1.22;2.5;0;0;0;1.83;2.6;5;0;0;0;0;0;0;0;0;0;0;0;0;0;0;0;0;0;0;0;0;0;0;0;0;0;0;0;0;1.4;3;8;21;2.75;1.36;1.08;1.02;0;0;0;0;3;1;1;0;1;1;2;2019-06-22 16:00:00;1232;0;58;7;36;0;1;1;4;0;1;2;4;3;0;0;1;1;0;2;1;49;38;86;95;1.93;0.88;2.81;0;1;0;1;0;0;1;1;0;1;0;0;0;0;-1;-1;-1;-1;-1;-1;-1;-1;-1;7;29;72;86;100;15;57;100;79;13.28;2.72;2.43;2.93;Sūduva;Trakai;2.82;1.56;3;1.86;2.57;1.79;93;72;29;15;0;71;71;64;2.01;1.48;3.49;1928;33;Y;Y;Y;N;N;N;Y
551072;85;1242;2019;complete;4400;15;-1;7,34,48;16,30;3;2;5;4;1;5;3;2;2;3;0;0;10;5;8;3;18;8;11;9;67;33;2;3;1.07;8;18.75;1;1.05;1.24;1.65;2.45;16.5;7.25;3.6;2.1;1.48;2.5;1.45;1.25;3.75;10;1.03;1;1.01;6.3;1.26;4.05;17;1.18;4.75;15;0;0;0;0;0;0;0;0;0;0;0;0;0;0;0;1.06;15;10;1.33;29;0;0;0;0;0;0;0;0;1.18;1.81;3.75;9;4.5;1.89;1.25;1.07;0;0;0;0;5;2;2;1;0;1;4;2019-06-23 16:00:00;85;0;71;38;32;0;1;1;2;0;2;1;2;3;1;1;1;2;2;3;1;85;30;162;91;2.46;1.08;3.54;1;1;1;1;0;0;1;1;1;0;0;0;0;1;-1;-1;-1;-1;-1;-1;-1;-1;-1;22;36;86;93;100;50;79;71;57;9.83;2.43;3.62;3.64;Žalgiris;Palanga;2.53;0.64;2.71;0.43;2.21;0.71;79;64;15;7;0;55;40;32;2.1;0.99;3.09;1928;28;Y;Y;Y;Y;Y;N;Y
551073;1246;85;2019;complete;4400;16;-1;;12,44;0;2;2;4;7;11;3;0;1;0;0;0;4;9;8;6;12;15;10;13;47;53;1;0;6.25;4.95;1.32;1;1.09;1.37;1.95;3.15;14;5.75;2.8;1.74;1.3;1.57;2.25;7.5;1.07;2.1;1.66;2.8;1.09;1.02;6;2.5;1.8;7;3;1.57;0;0;0;0;0;0;0;0;0;0;0;0;0;0;0;3.72;9.9;1.38;15;2.3;0;0;0;0;0;0;0;0;1.29;2.25;5.5;15;3.5;1.57;1.14;1.03;0;0;0;0;2;0;2;0;0;0;2;2019-06-29 13:00:00;85;0;58;29;22;0;1;1;1;3;3;4;4;7;0;0;1;0;0;1;1;58;86;137;138;1.47;2.2;3.67;0;0;0;0;0;0;1;1;0;0;1;1;0;0;-1;-1;-1;-1;-1;-1;-1;-1;-1;22;22;64;79;100;29;72;100;50;11.43;2.86;4.57;3;Panevėžys;Žalgiris;1.38;1.94;1.14;1.71;0.87;2.27;79;79;36;22;0;64;57;57;1.76;1.95;3.71;1928;33;Y;Y;N;N;N;N;N
551074;1231;1242;2019;complete;4400;16;-1;20,34,75,78;;4;0;4;5;2;7;2;0;2;2;0;0;10;2;7;2;17;4;15;10;55;45;2;2;1.3;4.75;7.75;1;1.14;1.51;2.3;3.95;12;4.7;2.35;1.53;1.2;1.8;1.91;2.5;1.5;10.5;1.02;1.02;1.17;3.75;1.57;3;7;1.4;3.6;8;0;0;0;0;0;0;0;0;0;0;0;0;0;0;0;1.25;26;3.75;2.6;29;0;0;0;0;0;0;0;0;1.16;1.72;3.4;8;5;2;1.3;1.08;0;0;0;0;4;2;0;2;0;2;2;2019-06-29 15:00:00;1231;0;73;36;50;0;1;1;3;0;2;2;3;4;0;1;2;1;1;3;1;88;49;131;119;2.41;0.77;3.18;2;0;2;0;0;0;1;1;0;0;0;0;0;0;-1;-1;-1;-1;-1;-1;-1;-1;-1;41;54;93;100;100;54;81;88;67;8.43;3.7;5;4.48;Kauno Žalgiris;Palanga;1.94;0.64;2.14;0.38;1.53;0.67;60;47;7;0;0;57;50;50;1.85;1;2.85;1928;28;Y;Y;Y;Y;N;N;N
551076;1232;1229;2019;complete;4400;16;-1;-1,-1,-1;;3;0;3;-1;-1;-1;-1;-1;-1;-1;-1;-1;-1;-1;-1;-1;-1;-1;-1;-1;-1;-1;-1;-1;1.74;3.3;4.05;1.03;1.28;2;3.25;6;10;3.5;1.8;1.33;1.11;2;1.73;2.5;1.5;4.33;1.2;1.12;1.2;1.8;2.5;2.2;4.33;1.91;2.5;5;0;0;0;0;0;0;0;0;0;0;0;0;0;0;0;1.57;10;2.62;3.1;7;0;0;0;0;0;0;0;0;1.4;3;7.5;17;2.75;1.33;1.06;1.01;0;0;0;0;3;0;0;0;0;0;0;2019-06-29 17:00:00;1232;0;50;22;14;1;-1;-1;-1;-1;-1;-1;-1;-1;-1;-1;-1;-1;-1;-1;-1;0;0;0;0;0;0;0;-1;-1;-1;-1;-1;-1;-1;-1;-1;-1;-1;-1;-1;-1;-1;-1;-1;-1;-1;-1;-1;-1;-1;7;14;36;57;71;22;50;57;29;8.58;4.43;3;2;Trakai;Stumbras;1.76;0.21;1.71;0.43;1.87;1;93;86;64;43;29;79;64;43;1.57;1.8;3.37;1928;28;Y;Y;Y;N;N;N;N
551077;1242;1246;2019;complete;4400;17;-1;19;71,81;1;2;3;5;7;12;2;3;0;2;0;0;9;9;11;10;20;19;10;17;40;60;0;2;5.55;4.4;1.43;1;1.14;1.51;2.3;3.95;12;4.7;2.35;1.53;1.2;1.69;2;0;0;0;0;1.57;1.33;1.4;3.4;2.1;2.87;5;3.1;1.73;0;0;0;0;0;0;0;0;0;0;0;0;0;0;0;2.2;11;1.72;0;0;0;0;0;0;0;0;0;0;1.22;2.1;4.5;11;4;1.67;1.18;1.05;0;0;0;0;3;1;0;0;2;2;1;2019-07-04 15:00:00;1246;0;67;29;14;0;-1;1;-1;-1;-1;-1;-1;-1;0;1;0;1;1;1;1;86;113;121;145;2.51;2.64;5.15;0;0;0;0;0;0;1;1;0;0;-1;-1;0;0;-1;-1;-1;-1;-1;-1;-1;-1;-1;7;15;61;94;100;34;73;88;48;8.43;2.52;5.14;2.76;Palanga;Panevėžys;0.71;0.88;1;0.63;0.63;0.81;93;86;40;7;0;64;57;43;1.47;1.33;2.8;1928;28;Y;Y;Y;N;N;N;Y
551078;1230;1231;2019;complete;4400;17;-1;31,43,63;;3;0;3;3;5;8;1;2;1;2;0;0;5;5;9;5;14;10;14;13;52;48;1;2;1.5;4.05;5.05;1.02;1.2;1.67;2.95;5.6;14;4.1;2.15;1.36;1.12;1.83;1.83;1.57;2.25;8;1.06;1.01;1.1;2.9;1.72;2.56;7.9;1.62;2.88;6.5;0;0;0;0;0;0;0;0;0;0;0;0;0;0;0;1.24;9.5;4.55;1.72;17;0;0;0;0;0;0;0;0;1.3;2.38;6;15;3.4;1.53;1.12;1.03;0;0;0;0;3;2;0;1;0;1;2;2019-07-03 17:00:00;1230;0;41;12;6;0;1;1;1;1;2;4;2;6;1;1;0;1;2;1;1;88;79;178;138;1.89;1.56;3.45;0;0;0;0;0;0;1;1;0;0;0;1;0;0;-1;-1;-1;-1;-1;-1;-1;-1;-1;6;18;46;71;100;18;65;100;28;10.44;4.25;4.22;2.39;Sūduva;Kauno Žalgiris;2.82;1.29;2.67;1;2.44;1.63;95;83;54;30;0;47;47;35;2.08;1.55;3.63;1928;33;Y;Y;Y;N;N;N;N
551079;85;1232;2019;complete;4400;17;-1;74,82;35;2;1;3;5;2;7;3;3;4;2;0;0;6;2;8;3;14;5;14;14;56;44;4;2;1.54;3.65;5.3;1.01;1.19;1.67;2.65;4.75;10.5;4;2.05;1.41;1.14;1.71;2;1.83;1.83;5.5;1.12;1.06;1.22;2.62;2;2.2;6.5;1.8;2.62;6;0;0;0;0;0;0;0;0;0;0;0;0;0;0;0;1.33;9.5;3.75;2.25;12;0;0;0;0;0;0;0;0;1.33;2.69;8;21;3.02;1.41;1.08;1.01;0;0;0;0;3;0;1;2;0;2;1;2019-07-05 16:00:00;85;0;82;38;32;0;1;1;4;0;1;2;4;3;0;1;4;1;1;5;1;66;42;136;102;1.79;0.77;2.57;0;0;0;0;0;0;1;1;0;0;1;0;0;0;-1;-1;-1;-1;-1;-1;-1;-1;-1;19;38;82;94;100;51;76;88;63;11.38;3.26;3.38;3.38;Žalgiris;Trakai;2.53;1.56;2.75;2;2.31;1.94;82;63;19;7;0;51;44;38;2.15;1.4;3.55;1928;33;Y;Y;Y;N;N;N;Y
551080;1229;1233;2019;complete;4400;17;-1;;-1,-1,-1;0;3;3;-1;-1;-1;-1;-1;-1;-1;-1;-1;-1;-1;-1;-1;-1;-1;-1;-1;-1;-1;-1;-1;1.34;4.5;6.15;1.02;1.28;1.9;3.25;6;11;3.5;1.9;1.33;1.11;2.1;1.66;1.83;1.83;6;1.11;1.02;1.09;2.6;1.85;2.42;6.85;1.66;2.75;6.5;0;0;0;0;0;0;0;0;0;0;0;0;0;0;0;1.3;11;4;2.1;12;0;0;0;0;0;0;0;0;1.36;2.75;7;21;3;1.4;1.1;1.01;0;0;0;0;3;0;0;0;0;0;0;2019-07-06 14:00:00;1233;0;25;7;7;1;-1;-1;-1;-1;-1;-1;-1;-1;-1;-1;-1;-1;-1;-1;-1;0;0;0;0;0;0;0;-1;-1;-1;-1;-1;-1;-1;-1;-1;-1;-1;-1;-1;-1;-1;-1;-1;-1;-1;-1;-1;-1;-1;13;19;57;76;94;13;44;75;51;7.55;1.76;4.96;2.57;Stumbras;Atlantas;0.86;0.53;1.5;0.13;0.94;0.75;88;82;44;26;7;71;57;36;1.76;1.26;3.02;1928;28;Y;Y;Y;N;N;N;N
551081;1231;1246;2019;complete;4400;18;-1;44,46;19,86;2;2;4;10;5;15;1;1;0;0;0;0;5;8;4;8;9;16;18;10;52;48;0;0;1.14;7.5;11;1.02;1.25;1.85;3;5.5;11;3.75;1.95;1.36;1.12;1.75;1.98;2.37;1.53;4.5;1.16;1.02;1.06;4.5;1.53;2.75;11;2.08;2.63;4.25;0;0;0;1.48;1.9;2.54;0;0;2.51;1.93;1.47;0;1.41;7.91;4.66;1.11;15;6.5;2.5;9.5;1.36;2.5;5.5;13;3;1.5;1.12;1.02;1.36;1.92;7;19;3;1.79;1.1;1.02;0;0;0;0;4;1;1;1;1;2;2;2019-08-03 12:00:00;-1;0;65;25;32;0;-1;-1;-1;-1;-1;-1;-1;-1;0;0;0;0;0;0;1;58;58;99;96;1.34;1.99;3.33;0;0;0;0;0;0;1;1;0;0;-1;-1;-1;-1;-1;-1;-1;-1;-1;-1;-1;-1;-1;19;32;72;95;100;43;83;89;54;10.38;4.06;5.88;3.54;Kauno Žalgiris;Panevėžys;1.94;0.88;2.25;0.89;1.53;0.94;82;69;29;6;0;57;50;50;1.92;1.5;3.42;1928;33;Y;Y;Y;Y;N;N;Y
551082;1232;1242;2019;complete;4400;18;-1;42;;1;0;1;9;3;12;3;1;0;0;0;0;4;5;8;2;12;7;10;8;50;50;0;0;1.14;7.15;16.75;1.01;1.11;1.44;2.2;3.75;13;6;2.7;1.62;1.22;2.25;1.57;0;0;0;0;1.01;1.05;6.5;1.4;3.1;12;1.3;3.75;11;0;0;0;1.43;1.71;2.26;0;0;2.78;2.12;1.63;0;1.07;14.68;14.09;1.13;23;5.5;1.5;29;1.2;2.1;5;10;4;1.67;1.14;1.03;1.12;1.64;2.8;7;5.3;2.12;1.38;1.08;0;0;0;0;1;1;0;0;0;0;1;2019-08-03 14:00:00;1232;0;53;34;26;0;1;-1;8;1;1;2;9;3;0;0;0;0;0;0;1;67;39;131;90;1.53;1.08;2.62;-1;-1;-1;-1;-1;-1;-1;1;0;0;0;0;-1;-1;-1;-1;-1;-1;-1;-1;-1;-1;-1;17;35;69;75;88;41;58;58;40;8.54;3.13;3.06;2.99;Trakai;Palanga;1.76;0.64;1.88;0.33;1.82;0.59;84;66;32;25;13;61;48;41;1.57;0.97;2.54;1928;28;Y;N;N;N;N;N;N
551083;1230;1229;2019;complete;4400;18;-1;-1,-1,-1;;3;0;3;-1;-1;-1;-1;-1;-1;-1;-1;-1;-1;-1;-1;-1;-1;-1;-1;-1;-1;-1;-1;-1;1.3;4.75;7.5;1.03;1.22;1.75;2.88;5.5;10;3.75;2.05;1.36;1.13;2.1;1.67;0;0;0;0;1.05;1.14;3.5;1.8;2.5;6;1.62;2.88;6.5;0;0;0;0;1.84;0;0;0;0;1.98;0;0;0;0;0;1.22;13;4.5;2.05;13;0;0;0;0;0;0;0;0;1.3;2.63;6;13;3.2;1.44;1.1;1.01;0;0;0;0;3;0;0;0;0;0;0;2019-08-03 16:00:00;1230;0;45;12;12;1;-1;-1;-1;-1;-1;-1;-1;-1;-1;-1;-1;-1;-1;-1;-1;0;0;0;0;0;0;0;-1;-1;-1;-1;-1;-1;-1;-1;-1;-1;-1;-1;-1;-1;-1;-1;-1;-1;-1;-1;-1;-1;-1;12;17;60;78;88;17;60;82;44;9.49;3.4;2.77;2.65;Sūduva;Stumbras;2.82;0.21;2.7;0.38;2.47;0.88;89;84;40;23;13;68;61;42;2.06;1.8;3.86;1928;28;Y;Y;Y;N;N;N;N
551084;1233;85;2019;complete;4400;18;-1;13;34,77,90;1;3;4;2;10;12;0;2;0;0;0;0;8;9;7;6;15;15;13;12;37;63;0;0;12.25;6.8;1.14;1.01;1.12;1.4;2;3.4;15;5.5;2.87;1.72;1.3;2.5;1.46;9;1.04;1.66;2.1;5;1.08;1.01;11;3;1.5;13;4.25;1.26;0;0;0;1.47;1.7;2.3;0;0;2.64;2.16;1.62;0;14.02;15.75;1.07;5.5;19;1.14;23;1.75;1.22;2;4.33;11;4;1.72;1.2;1.05;1.12;1.62;2.8;6.5;6;2.16;1.38;1.11;0;0;0;0;4;1;1;0;2;2;2;2019-08-04 16:00:00;85;0;38;13;19;0;1;-1;2;6;0;4;8;4;0;0;0;0;0;0;1;72;130;128;179;2.03;2.52;4.56;0;1;0;1;0;0;1;1;0;0;0;2;-1;-1;-1;-1;-1;-1;-1;-1;-1;-1;-1;25;25;57;76;94;32;76;88;57;9.75;2.51;3.63;2.88;Atlantas;Žalgiris;1.06;1.94;1.38;1.88;0.88;2.35;75;75;44;26;7;63;44;38;1.35;1.98;3.33;1928;33;Y;Y;Y;Y;N;N;Y
551085;1232;1233;2019;complete;4400;19;-1;57;44;1;1;2;4;8;12;2;0;1;4;1;0;4;3;6;7;10;10;10;15;52;48;2;4;1.2;5.9;9;1.01;1.16;1.53;2.37;4;15;4.5;2.4;1.53;1.22;1.8;1.9;2.1;1.66;8;1.06;1.03;1.07;2.6;1.73;2.5;7;1.57;3.1;6.5;0;0;0;0;0;0;0;0;0;0;0;0;0;0;0;1.25;17;3.75;2.3;15;1.29;2.23;5.5;12;3.26;1.58;1.13;1.02;1.14;1.72;3.4;8;5.5;2;1.3;1.08;0;0;0;0;2;0;1;1;0;1;1;2019-08-10 16:00:00;-1;0;39;19;13;0;1;1;2;3;2;5;5;7;1;1;1;3;2;4;1;60;58;97;103;1.35;1.27;2.62;1;0;1;0;0;0;1;1;0;0;1;1;0;0;-1;-1;-1;-1;-1;-1;-1;-1;-1;11;22;56;67;84;22;56;50;34;9.13;2.89;3.38;2.39;Trakai;Atlantas;1.76;0.53;2;0.44;1.89;0.83;89;78;45;34;17;75;63;44;1.57;1.26;2.83;1928;33;Y;Y;N;N;N;N;Y
551086;1242;1229;2019;complete;4400;19;-1;-1,-1,-1;;3;0;3;-1;-1;-1;-1;-1;-1;-1;-1;-1;-1;-1;-1;-1;-1;-1;-1;-1;-1;-1;-1;-1;7;4.35;1.32;1.01;1.28;1.8;3;5;13;3.5;2;1.36;1.14;2.1;1.66;6.5;1.1;1.83;1.83;2.7;1.11;1.01;7.6;2.43;1.8;7;2.75;1.61;0;0;0;0;0;0;0;0;0;0;0;0;0;0;0;3.75;12;1.3;15;2.1;0;0;0;0;0;0;0;0;1.33;2.55;6.5;19;3.25;1.45;1.11;1.02;0;0;0;0;3;0;0;0;0;0;0;2019-08-11 12:00:00;1242;0;60;20;14;1;-1;-1;-1;-1;-1;-1;-1;-1;-1;-1;-1;-1;-1;-1;-1;0;0;0;0;0;0;0;-1;-1;-1;-1;-1;-1;-1;-1;-1;-1;-1;-1;-1;-1;-1;-1;-1;-1;-1;-1;-1;-1;-1;12;18;66;89;89;25;60;78;54;6.79;2.47;3.7;2.85;Palanga;Stumbras;0.71;0.21;0.88;0.33;0.56;0.83;89;82;35;11;11;81;73;47;1.6;1.8;3.4;1928;28;Y;Y;Y;N;N;N;N
551087;1246;1230;2019;complete;4400;19;-1;4,49;34,36,41,54,57,68,87;2;7;9;5;8;13;1;2;0;0;0;0;5;15;5;12;10;27;8;9;50;50;0;0;7.25;4.95;1.3;1;1.15;1.53;2.3;3.8;11.75;4.65;2.3;1.53;1.22;1.77;1.91;7;1.08;2;1.72;2.9;1.08;1.01;6.5;2.5;1.73;6;3.2;1.57;0;0;0;0;1.84;0;0;0;0;2;0;0;0;0;0;3.6;18;1.29;12;2.2;1.25;2.06;4.18;11;3.6;1.68;1.18;1.03;1.16;1.83;3.5;9;5;1.83;1.28;1.07;0;0;0;0;9;1;3;1;4;5;4;2019-09-24 15:00:00;1230;0;48;21;21;0;1;-1;4;5;1;3;9;4;0;0;0;0;0;0;1;0;0;0;0;1.39;3.33;4.72;0;0;0;0;0;0;1;1;1;0;1;0;-1;-1;-1;-1;-1;-1;-1;-1;-1;-1;-1;15;25;65;95;100;40;80;86;45;11.13;4.35;5.38;3.03;Panevėžys;Sūduva;1.38;2.44;1.55;2.33;1.26;2.55;86;76;36;6;0;69;69;41;1.88;1.76;3.64;1928;33;Y;Y;Y;Y;Y;Y;Y
551088;85;1231;2019;complete;4400;19;-1;17,45,78;;3;0;3;5;5;10;4;1;1;6;0;0;7;4;9;7;16;11;15;11;55;45;1;6;1.33;4.75;6.5;1.01;1.12;1.45;2.1;3.5;13;5.5;2.67;1.66;1.28;1.72;2;2.25;1.57;8;1.06;1.01;1.08;3.05;1.8;2.63;6;1.61;3.2;6;0;0;0;0;1.84;0;0;0;0;2;0;0;0;0;0;1.25;17;4;2.5;15;1.29;2.21;4.62;11;3.44;1.59;1.19;1.03;1.12;1.61;3;6.5;6;2.2;1.36;1.11;0;0;0;0;3;2;0;1;0;1;2;2019-08-11 16:00:00;85;0;56;28;6;0;1;1;4;3;1;2;7;3;1;2;0;4;3;4;1;69;61;127;111;2;1.42;3.43;0;0;0;0;0;0;1;1;0;0;1;1;0;0;-1;-1;-1;-1;-1;-1;-1;-1;-1;11;22;56;78;100;45;78;89;22;9.67;4;5.33;2.72;Žalgiris;Kauno Žalgiris;2.53;1.29;2.78;0.89;2.39;1.5;89;78;45;22;0;33;28;17;2.11;1.55;3.66;1928;33;Y;Y;Y;N;N;N;N
551089;1231;1232;2019;complete;4400;20;-1;60;;1;0;1;7;6;13;0;0;5;0;0;1;7;5;9;11;16;16;13;16;48;52;5;2;2.5;3.7;2.25;1.01;1.25;1.8;3.25;5.5;12;3.75;2;1.33;1.12;1.72;2;3.5;1.28;3.5;1.1;1.41;1.21;1.37;3.18;2.22;2.99;2.75;2.6;2.75;0;0;0;0;0;0;0;0;0;0;0;0;0;0;0;1.91;10;1.91;4.5;4.33;1.35;2.52;5.6;17;2.93;1.46;1.11;1.01;1.22;2;4.33;11;4;1.72;1.2;1.05;0;0;0;0;1;0;0;1;0;1;0;2019-08-17 16:00:00;1231;0;78;28;50;0;1;1;3;4;4;2;7;6;2;0;3;1;2;4;1;61;69;91;95;1.94;1.85;3.79;0;0;0;0;0;0;1;1;0;0;0;0;0;0;-1;-1;-1;-1;-1;-1;-1;-1;-1;22;50;89;100;100;50;78;100;84;10.78;4.11;4.11;3.95;Kauno Žalgiris;Trakai;1.94;1.56;2.11;1.78;1.42;1.84;78;50;11;0;0;56;56;56;1.85;1.33;3.18;1928;33;Y;N;N;N;N;N;N
551090;1229;85;2019;complete;4400;20;-1;;-1,-1,-1;0;3;3;-1;-1;-1;-1;-1;-1;-1;-1;-1;-1;-1;-1;-1;-1;-1;-1;-1;-1;-1;-1;-1;3.55;3.7;1.74;1.04;1.26;1.93;3.34;6;9.5;3.4;1.87;1.27;1.1;1.85;1.87;4.33;1.2;2.37;1.53;1.83;1.15;1.16;4.4;2.27;2.32;4;2.5;2.2;0;0;0;0;0;0;0;0;0;0;0;0;0;0;0;2.63;10;1.57;6.5;2.87;0;0;0;0;0;0;0;0;1.33;2.77;6.5;15;2.87;1.39;1.08;1.01;0;0;0;0;3;0;0;0;0;0;0;2019-08-18 12:00:00;85;0;17;17;6;1;-1;-1;-1;-1;-1;-1;-1;-1;-1;-1;-1;-1;-1;-1;-1;0;0;0;0;0;0;0;-1;-1;-1;-1;-1;-1;-1;-1;-1;-1;-1;-1;-1;-1;-1;-1;-1;-1;-1;-1;-1;-1;-1;11;17;50;67;100;22;39;78;45;10.84;1.67;4.5;2.56;Stumbras;Žalgiris;0.86;1.94;1.33;2;0.79;2.42;89;84;50;33;0;67;53;45;1.76;2.04;3.8;1928;28;Y;Y;Y;N;N;N;N
551091;1233;1246;2019;complete;4400;20;-1;;44,47;0;2;2;11;4;15;4;0;3;2;0;0;3;4;5;3;8;7;8;4;61;39;3;2;2.56;3.56;2.51;1.03;1.2;1.73;2.75;5;10;4;2.1;1.4;1.14;1.57;2.25;3.75;1.25;3.75;1.25;1.44;1.25;1.44;3;2.2;3.1;2.8;2.5;2.75;0;0;0;0;1.84;0;0;0;0;2;0;0;0;0;0;1.91;12;1.91;4.75;4.75;1.31;2.36;6;12;3.14;1.52;1.1;1.02;1.4;3;7.5;15;2.75;1.33;1.06;1.01;0;0;0;0;2;0;1;0;1;1;1;2019-08-18 14:00:00;1246;0;63;22;22;0;1;1;4;3;7;1;7;8;0;0;3;2;0;5;1;76;26;80;54;1.26;0.91;2.17;0;0;0;0;0;0;1;1;0;0;2;1;0;0;-1;-1;-1;-1;-1;-1;-1;-1;-1;11;22;64;90;95;32;85;85;54;8.66;2.94;3.89;2.8;Atlantas;Panevėžys;1.06;0.88;1.22;0.9;0.84;1.05;89;79;37;11;6;67;50;45;1.44;1.55;2.99;1928;33;Y;Y;N;N;N;N;N
551092;1230;1242;2019;complete;4400;20;-1;33,47,59,64,89;;5;0;5;15;1;16;3;2;1;2;0;0;16;3;10;1;26;4;9;9;50;50;1;2;1.03;11;21.5;1;1.01;1.12;1.38;1.87;18.75;10.25;5.05;2.8;1.83;2.1;1.62;1.74;1.83;17;1.01;1.01;1;9.9;1.23;4.7;13.5;1.14;6;15;0;0;0;0;2;0;0;0;0;1.84;0;0;0;0;0;1.08;91;6;1.72;51;1.08;1.5;2.75;6;6.5;2.5;1.4;1.11;1.05;1.89;1.95;3.4;11;1.81;1.76;1.3;0;0;0;0;5;1;0;4;0;4;1;2019-10-02 15:30:00;1230;0;50;20;20;0;1;1;7;0;8;1;7;9;1;1;0;1;2;1;1;0;0;0;0;3.68;0.8;4.47;0;0;0;0;0;0;1;1;0;0;0;0;0;1;-1;-1;-1;-1;-1;-1;-1;-1;-1;18;37;82;87;100;32;73;82;55;9.6;2.73;2.8;3.37;Sūduva;Palanga;2.82;0.64;2.73;0.27;2.59;0.54;82;64;18;14;0;55;50;40;2.06;1.07;3.13;1928;28;Y;Y;Y;Y;Y;N;N
551093;1246;1232;2019;complete;4400;21;-1;31,60,87,90;15,86;4;2;6;2;6;8;1;1;3;1;0;0;9;8;5;4;14;12;16;15;47;53;3;1;3.4;3.3;1.95;1.02;1.24;1.8;3;5.45;9.25;3.55;1.91;1.33;1.11;1.67;2.05;4;1.22;3;1.36;1.73;1.25;1.25;3.75;2.1;2.63;3.5;2.5;2.4;0;0;0;1.45;1.77;2.31;0;0;2.59;2.06;1.61;0;2.66;8.05;1.76;2.3;10;1.73;5.5;4;1.4;2.75;7;21;2.75;1.4;1.1;1.01;1.36;2.75;6.5;15;2.88;1.4;1.08;1.01;0;0;0;0;6;1;1;3;1;4;2;2019-08-23 15:00:00;1246;0;79;21;31;0;1;1;1;3;1;3;4;4;1;0;2;1;1;3;1;77;105;126;149;2.07;2.08;4.16;1;0;1;0;0;0;1;1;0;0;0;2;0;0;-1;-1;-1;-1;-1;-1;-1;-1;-1;11;26;74;95;100;32;75;95;62;10.41;3.93;3.86;3.05;Panevėžys;Trakai;1.38;1.56;1.22;1.6;1.15;1.75;90;74;27;5;0;69;69;64;1.85;1.39;3.24;1928;33;Y;Y;Y;Y;Y;Y;Y
551094;85;1230;2019;complete;4400;21;-1;37;2,31,90;1;3;4;5;1;6;-1;-1;3;2;0;0;6;5;14;8;20;13;-1;-1;50;50;3;2;2.5;3.15;2.55;1.03;1.3;1.95;3.45;6.45;8.25;3.15;1.74;1.25;1.07;1.77;1.91;2.75;1.4;2.62;1.44;1.44;1.33;1.44;3.2;2.1;3.2;3;2.25;3;0;0;0;0;0;0;0;0;0;0;0;0;0;0;0;1.9;8;2.2;4;4;1.41;2.76;6.1;15;2.69;1.39;1.09;1.02;1.44;3.2;8.5;21;2.63;1.3;1.05;1;0;0;0;0;4;1;2;0;1;1;3;2019-10-20 16:00:00;1230;0;43;25;13;0;1;1;1;1;4;0;2;4;2;1;1;1;3;2;1;0;0;0;0;2.52;1.52;4.04;0;0;0;0;0;0;1;1;0;1;1;0;0;0;-1;-1;-1;-1;-1;-1;-1;-1;-1;19;35;77;92;100;50;81;81;50;12.17;4.31;4.59;3.42;Žalgiris;Sūduva;2.53;2.44;2.85;2.54;2.5;2.65;81;66;23;8;0;59;50;17;2.11;1.96;4.07;1928;33;Y;Y;Y;Y;N;N;Y
551095;1229;1231;2019;complete;4400;21;-1;;-1,-1,-1;0;3;3;-1;-1;-1;-1;-1;-1;-1;-1;-1;-1;-1;-1;-1;-1;-1;-1;-1;-1;-1;-1;-1;2.14;3.18;3.48;1.05;1.4;2.2;4;7.5;8.5;2.75;1.65;1.22;1.07;1.83;1.83;2.5;1.5;3.5;1.28;1.25;1.3;1.67;2.75;2;4.2;2.5;2.3;3.6;0;0;0;0;0;0;0;0;0;0;0;0;0;0;0;1.73;8;2.4;3.4;5.5;0;0;0;0;0;0;0;0;1.44;3.2;8.5;34;2.63;1.3;1.05;1;0;0;0;0;3;0;0;0;0;0;0;2019-08-24 14:00:00;1231;0;15;5;0;1;-1;-1;-1;-1;-1;-1;-1;-1;-1;-1;-1;-1;-1;-1;-1;0;0;0;0;0;0;0;-1;-1;-1;-1;-1;-1;-1;-1;-1;-1;-1;-1;-1;-1;-1;-1;-1;-1;-1;-1;-1;-1;-1;0;5;45;70;100;20;40;80;15;8.27;2.6;6.03;2.2;Stumbras;Kauno Žalgiris;0.86;1.29;1.2;0.8;0.75;1.5;100;95;55;30;0;54;45;27;1.76;1.54;3.3;1928;28;Y;Y;Y;N;N;N;N
551096;1242;1233;2019;complete;4400;21;-1;;54,90;0;2;2;12;4;16;1;3;1;3;0;0;7;8;5;7;12;15;11;13;59;41;1;3;4.6;3.6;1.87;1.04;1.31;1.95;3.45;6.7;9.25;3.35;1.8;1.29;1.09;1.87;1.83;4.5;1.16;3.5;1.28;1.62;1.18;1.24;3.6;2.39;2.48;3.25;2.7;2.3;0;0;0;1.45;1.85;2.46;0;0;2.73;1.98;1.55;0;2.8;7.64;1.72;2.15;11.75;1.69;6.5;4.33;1.29;2.19;5.5;11;3.26;1.6;1.13;1.02;1.26;1.78;6.25;12;3.5;1.93;1.1;1.02;0;0;0;0;2;0;0;0;2;2;0;2019-08-25 15:00:00;1233;0;59;18;12;0;1;1;7;2;5;2;9;7;1;1;0;2;2;2;1;107;84;153;119;2.03;2.11;4.14;0;1;0;1;0;0;1;1;0;0;1;0;0;1;-1;-1;-1;-1;-1;-1;-1;-1;-1;16;26;74;95;95;27;69;80;59;7.39;1.6;4.46;3.06;Palanga;Atlantas;0.71;0.53;1.11;0.5;0.65;0.8;85;74;26;5;5;77;71;47;1.6;1.26;2.86;1928;28;Y;Y;N;N;N;N;N
551097;1242;85;2019;complete;4400;22;-1;;9,14,18,59;0;4;4;4;7;11;3;6;0;0;0;0;0;9;7;10;7;19;7;12;40;60;0;0;11;7.5;1.13;1.01;1.12;1.4;2;3.25;15;5.5;2.87;1.72;1.33;2;1.72;10;1.03;1.8;1.9;4.15;1.03;1.01;8.8;3.05;1.52;10;3.75;1.33;0;0;0;0;1.84;0;0;0;0;2;0;0;0;0;0;5;23;1.14;23;1.83;1.2;2;4;11;4.33;1.73;1.22;1.05;1.11;1.61;2.75;6;6.5;2.2;1.4;1.12;0;0;0;0;4;0;3;0;1;1;3;2019-08-31 12:00:00;85;0;45;28;11;0;1;-1;2;5;2;2;7;4;0;0;0;0;0;0;1;75;85;117;146;0.99;2.45;3.44;0;0;0;0;0;0;1;1;0;1;1;2;-1;-1;-1;-1;-1;-1;-1;-1;-1;-1;-1;15;25;65;85;100;35;60;85;60;11.11;1.8;3.67;3;Palanga;Žalgiris;0.71;1.94;1;2.1;0.62;2.45;85;75;35;15;0;73;67;56;1.65;2.04;3.69;1928;28;Y;Y;Y;Y;N;N;N
551098;1231;1233;2019;complete;4400;22;-1;86;;1;0;1;9;6;15;7;2;2;5;0;1;8;2;1;5;9;7;16;10;49;51;2;6;1.39;4.6;5.5;1.01;1.2;1.6;2.5;4.33;15;4.33;2.3;1.5;1.2;1.67;2.1;2.1;1.66;7.5;1.07;1.07;1.14;2.8;1.83;2.4;6;1.67;3;5.5;0;0;0;0;0;0;0;0;0;0;0;0;0;0;0;1.33;15;3.4;2.3;13;1.28;2.25;5.5;15;3.5;1.57;1.14;1.03;1.33;2.75;6.5;13;3;1.4;1.08;1.01;0;0;0;0;1;0;0;1;0;1;0;2019-08-31 14:00:00;1231;0;53;20;30;0;1;1;2;2;7;4;4;11;0;2;2;4;2;6;1;88;90;141;152;1.78;1.25;3.03;0;0;0;0;0;0;1;1;0;0;0;0;0;0;-1;-1;-1;-1;-1;-1;-1;-1;-1;24;44;72;91;96;39;72;87;63;9.6;2.92;5.5;3.56;Kauno Žalgiris;Atlantas;1.94;0.53;2.2;0.73;1.57;0.9;76;57;28;10;5;70;65;55;1.86;1.35;3.21;1928;33;Y;N;N;N;N;N;N
551099;1232;1230;2019;complete;4400;22;-1;39;71,84;1;2;3;4;5;9;6;0;0;3;0;0;3;4;9;11;12;15;19;17;50;50;0;3;5.1;3.6;1.57;1.04;1.31;2;3.55;6.65;8;3.05;1.71;1.24;1.07;2;1.69;0;0;0;0;2.7;1.12;1.03;6.75;2.42;1.86;6;2.8;1.67;0;0;0;0;0;0;0;0;0;0;0;0;0;0;0;3.6;12;1.33;15;2.17;1.34;2.52;6;13;2.98;1.46;1.1;1.01;1.24;2.21;4.74;11;3.6;1.59;1.15;1.03;0;0;0;0;3;1;0;0;2;2;1;2019-10-15 16:30:00;1230;0;35;24;14;0;1;1;2;3;2;2;5;4;0;0;0;3;0;3;1;0;0;0;0;1.4;1.77;3.17;0;0;0;0;0;0;1;1;0;0;1;0;0;0;-1;-1;-1;-1;-1;-1;-1;-1;-1;9;21;47;74;91;39;65;60;30;11.74;4.34;3.86;2.58;Trakai;Sūduva;1.76;2.44;1.82;2.5;1.68;2.64;92;79;53;27;9;77;72;44;1.45;1.98;3.43;1928;33;Y;Y;Y;N;N;N;Y
551100;1246;1229;2019;complete;4400;22;-1;-1,-1,-1;;3;0;3;-1;-1;-1;-1;-1;-1;-1;-1;-1;-1;-1;-1;-1;-1;-1;-1;-1;-1;-1;-1;-1;5.2;3.4;1.57;1.03;1.3;2;3.5;6.5;10;3.4;1.8;1.28;1.1;2.1;1.66;5;1.14;2;1.72;2.05;1.2;1.06;6.05;2.11;2.18;5.5;2.6;1.83;0;0;0;0;0;0;0;0;0;0;0;0;0;0;0;3.05;9.6;1.5;9;2.37;0;0;0;0;0;0;0;0;1.4;3;8;21;2.75;1.36;1.08;1.01;0;0;0;0;3;0;0;0;0;0;0;2019-09-01 15:00:00;1246;0;60;22;22;1;-1;-1;-1;-1;-1;-1;-1;-1;-1;-1;-1;-1;-1;-1;-1;0;0;0;0;0;0;0;-1;-1;-1;-1;-1;-1;-1;-1;-1;-1;-1;-1;-1;-1;-1;-1;-1;-1;-1;-1;-1;-1;-1;15;20;65;90;90;25;65;70;40;8.09;3.2;4.17;2.95;Panevėžys;Stumbras;1.38;0.21;1.4;0.3;1.24;0.71;85;80;35;10;10;78;71;52;1.88;1.8;3.68;1928;28;Y;Y;Y;N;N;N;N
551101;1230;1233;2019;complete;4400;23;-1;57,61,86,89;25;4;1;5;4;0;4;5;0;1;1;0;0;11;2;5;2;16;4;6;10;61;39;1;1;1.12;6.95;14;1;1.09;1.37;1.95;3.15;14;5.75;2.8;1.74;1.3;2.15;1.62;1.72;2;9;1.04;1;1.08;4.65;1.49;3.02;10.25;1.39;3.58;10;0;0;0;0;0;0;0;0;0;0;0;0;0;0;0;1.2;25;4.45;1.83;26;0;0;0;0;0;0;0;0;1.3;2.06;4.5;11;3.4;1.68;1.17;1.03;0;0;0;0;5;0;1;4;0;4;1;2019-06-29 16:00:00;1230;0;41;14;14;0;-1;1;-1;-1;-1;-1;-1;-1;0;1;1;0;1;1;1;126;56;223;143;2.71;0.82;3.53;0;0;0;0;0;0;1;1;0;0;-1;-1;0;0;-1;-1;-1;-1;-1;-1;-1;-1;-1;7;21;67;81;93;21;67;86;54;10.74;2.63;3.54;2.68;Sūduva;Atlantas;2.82;0.53;2.63;0.14;2.4;0.8;93;80;34;20;7;75;67;47;2;1.33;3.33;1928;33;Y;Y;Y;Y;Y;N;Y
551105;1232;85;2019;complete;4400;24;-1;38;43;1;1;2;1;10;11;1;2;3;5;0;0;2;12;2;8;4;20;16;12;33;67;3;5;5.75;4;1.44;1.02;1.29;1.9;3.25;6;11;3.5;1.9;1.33;1.11;2.1;1.67;5.5;1.12;1.91;1.8;2.5;1.2;1.11;6;2.25;2;5.5;2.62;1.8;0;0;0;0;0;0;0;0;0;0;0;0;0;0;0;3.1;11;1.44;12;2.65;1.36;2.75;7;21;3;1.4;1.1;1.02;1.22;2.1;4.33;11;4;1.67;1.2;1.05;0;0;0;0;2;1;1;0;0;0;2;2019-09-21 10:00:00;-1;0;34;26;11;0;1;1;1;3;0;7;4;7;1;2;2;3;3;5;1;31;94;75;149;0.63;2.78;3.41;1;0;1;0;0;0;1;1;0;0;0;3;0;0;-1;-1;-1;-1;-1;-1;-1;-1;-1;9;23;47;62;90;33;57;61;28;12.26;3.47;2.83;2.4;Trakai;Žalgiris;1.76;1.94;1.9;2.18;1.73;2.5;91;77;53;39;10;74;64;58;1.54;2.08;3.62;1928;33;Y;Y;N;N;N;N;Y
551106;1231;1230;2019;complete;4400;24;-1;;40,77;0;2;2;7;3;10;2;0;3;2;0;0;5;5;5;0;10;5;13;18;49;51;3;2;5.5;3.75;1.5;1.04;1.33;2.05;3.75;7;9;3.25;1.75;1.25;1.08;2.2;1.62;4.5;1.17;1.91;1.8;2.38;1.22;1.11;5.5;2.2;2.1;5.5;2.5;1.91;0;0;0;0;1.86;0;0;0;0;1.96;0;0;0;0;0;3.1;9;1.44;6.5;2.87;1.44;3;9;23;2.62;1.36;1.07;1.01;1.4;3;8;21;2.75;1.36;1.08;1.01;0;0;0;0;2;0;1;0;1;1;1;2019-09-21 12:00:00;1230;0;40;20;29;0;1;1;3;0;4;3;3;7;1;1;2;1;2;3;1;65;52;101;99;1.46;1.05;2.51;0;2;0;2;0;0;1;1;0;0;2;0;0;0;-1;-1;-1;-1;-1;-1;-1;-1;-1;20;40;68;85;100;53;74;94;57;12.75;5.3;5.88;3.4;Kauno Žalgiris;Sūduva;1.94;2.44;2.27;2.25;1.7;2.53;81;60;33;16;0;64;64;45;1.85;1.85;3.7;1928;33;Y;Y;N;N;N;N;N
551107;1246;1242;2019;complete;4400;24;-1;76,78,85;16;3;1;4;5;5;10;5;2;5;3;0;0;10;9;12;0;22;9;11;10;56;44;5;3;1.18;6.15;9.5;1.01;1.21;1.69;2.53;4.5;13;3.84;2.17;1.44;1.16;1.72;2;2.62;1.44;5;1.14;1.17;1.23;2.15;1.73;2.4;8;1.95;2.75;4;0;0;0;0;0;0;0;0;0;0;0;0;0;0;0;1.44;13;2.75;3;8;1.25;2.2;5;13;3.75;1.62;1.17;1.04;1.33;2.42;6.5;17;3.25;1.5;1.11;1.02;0;0;0;0;4;0;1;3;0;3;1;2019-08-12 15:00:00;1246;0;68;29;29;0;1;1;0;5;5;0;5;5;2;1;3;2;3;5;1;114;75;180;139;2.92;1.75;4.67;0;0;0;0;0;0;1;1;0;0;0;0;0;0;-1;-1;-1;-1;-1;-1;-1;-1;-1;22;32;77;95;100;44;84;79;49;8.35;3;3.69;3.39;Panevėžys;Palanga;1.38;0.64;1;0.3;0.94;0.68;79;69;24;5;0;66;60;60;1.72;0.98;2.7;1928;28;Y;Y;Y;Y;N;N;Y
551108;1233;1229;2019;complete;4400;24;-1;-1,-1,-1;;3;0;3;-1;-1;-1;-1;-1;-1;-1;-1;-1;-1;-1;-1;-1;-1;-1;-1;-1;-1;-1;-1;-1;4.55;3.82;1.7;1.01;1.28;1.82;3.25;5.5;13;3.5;1.97;1.33;1.12;1.8;1.91;4.5;1.16;2.2;1.61;2.1;1.2;1.14;5;2.2;2.1;4.5;2.7;1.91;0;0;0;0;0;0;0;0;0;0;0;0;0;0;0;2.88;11;1.44;7.5;2.62;0;0;0;0;0;0;0;0;1.33;2.75;6.5;13;3;1.4;1.08;1.01;0;0;0;0;3;0;0;0;0;0;0;2019-09-21 16:00:00;1233;0;41;12;16;1;-1;-1;-1;-1;-1;-1;-1;-1;-1;-1;-1;-1;-1;-1;-1;0;0;0;0;0;0;0;-1;-1;-1;-1;-1;-1;-1;-1;-1;-1;-1;-1;-1;-1;-1;-1;-1;-1;-1;-1;-1;-1;-1;14;23;64;87;87;23;64;68;41;7.11;2.37;3.12;2.82;Atlantas;Stumbras;1.06;0.21;1;0.27;0.83;0.65;87;78;36;14;14;80;63;40;1.36;1.8;3.16;1928;28;Y;Y;Y;N;N;N;N
551109;1246;1231;2019;complete;4400;25;-1;68,71,75;9,53,80;3;3;6;6;5;11;1;3;1;4;0;0;5;7;4;10;9;17;16;18;43;57;1;4;2.75;3.55;2.15;1.01;1.16;1.57;2.45;4.2;11.25;4.4;2.25;1.48;1.18;1.51;2.35;4.5;1.16;4;1.22;1.62;1.22;1.36;3.3;2.3;2.7;3.26;2.69;2.38;0;0;0;0;1.85;1.68;2.17;0;0;1.97;2.17;1.68;2.42;8.44;1.86;2;15;1.8;6;4.75;1.28;2.25;5.5;15;3.5;1.57;1.14;1.03;1.36;2.88;6.5;15;2.88;1.36;1.08;1.01;0;0;0;0;6;0;1;3;2;5;1;2019-09-28 15:00:00;-1;0;54;27;23;0;1;1;5;4;1;1;9;2;0;2;1;2;2;3;1;62;75;124;129;1.38;2.11;3.49;0;0;0;0;0;0;1;1;0;1;1;2;0;0;-1;-1;-1;-1;-1;-1;-1;-1;-1;17;25;63;88;100;42;75;88;29;9.09;3.83;5.54;3.13;Panevėžys;Kauno Žalgiris;1.38;1.29;1.42;1.17;1.21;1.63;84;75;38;13;0;55;55;41;1.83;1.61;3.44;1928;33;Y;Y;Y;Y;Y;Y;Y
551110;1242;1232;2019;complete;4400;25;-1;3;25,40,52;1;3;4;2;9;11;-1;-1;0;1;0;0;5;13;4;10;9;23;-1;-1;50;50;0;1;6.15;4.9;1.33;1;1.13;1.47;2.2;3.7;12.5;5;2.45;1.59;1.23;1.71;2;7.5;1.07;2.2;1.61;2.65;1.07;1.02;6;2.5;1.83;5.5;3;1.67;0;0;0;0;0;0;0;0;0;0;0;0;0;0;0;3.25;18;1.33;13;2.37;1.25;2.25;5;10.5;3.5;1.57;1.14;1.03;1.11;1.73;2.8;7;5.5;1.99;1.39;1.08;0;0;0;0;4;1;2;0;1;1;3;2019-09-25 14:00:00;1232;0;67;27;32;0;1;1;2;5;0;4;7;4;0;0;0;1;0;1;1;59;121;131;168;1.36;3.23;4.59;0;0;0;0;0;0;1;1;1;0;2;0;0;0;-1;-1;-1;-1;-1;-1;-1;-1;-1;17;33;79;96;100;38;63;92;71;9.54;2.41;3;3.29;Palanga;Trakai;0.71;1.56;0.83;1.58;0.57;1.7;83;67;21;4;0;64;64;55;1.61;1.45;3.06;1928;28;Y;Y;Y;Y;N;N;Y
551111;1229;1230;2019;complete;4400;25;-1;;-1,-1,-1;0;3;3;-1;-1;-1;-1;-1;-1;-1;-1;-1;-1;-1;-1;-1;-1;-1;-1;-1;-1;-1;-1;-1;5.95;3.85;1.43;1.01;1.28;1.8;3.25;5.5;12;3.5;2;1.33;1.12;2.1;1.66;5.5;1.12;1.9;1.8;2.35;1.13;1.03;6;2.48;1.91;6;2.62;1.8;0;0;0;0;0;0;0;0;0;0;0;0;0;0;0;3.8;9;1.31;10;2.37;0;0;0;0;0;0;0;0;1.33;2.75;6.5;15;3;1.4;1.08;1.01;0;0;0;0;3;0;0;0;0;0;0;2019-09-25 15:00:00;1230;0;15;10;10;1;-1;-1;-1;-1;-1;-1;-1;-1;-1;-1;-1;-1;-1;-1;-1;0;0;0;0;0;0;0;-1;-1;-1;-1;-1;-1;-1;-1;-1;-1;-1;-1;-1;-1;-1;-1;-1;-1;-1;-1;-1;-1;-1;10;15;59;83;100;25;44;70;38;10.67;2.65;5.33;2.87;Stumbras;Sūduva;0.86;2.44;1;2.4;0.63;2.57;90;85;41;18;0;69;60;32;1.76;1.92;3.68;1928;28;Y;Y;Y;N;N;N;N
551112;85;1233;2019;complete;4400;25;-1;25,35,59,68;;4;0;4;7;3;10;8;2;1;1;0;0;7;0;6;5;13;5;8;9;67;33;1;1;1.05;9;19.5;1;1.03;1.18;1.5;2.1;18.25;8.75;4.2;2.4;1.62;2.2;1.57;1.72;2;15;1.01;1;1.01;8;1.29;4.1;12.5;1.16;5.5;17;0;0;0;1.44;1.67;2.19;0;0;2.74;2.2;1.68;0;1.03;22.96;27.68;1.12;34;6;1.72;41;1.11;1.62;3.2;6.5;6;2.2;1.3;1.08;1.06;1.33;2;3.75;10;3.25;1.72;1.25;0;0;0;0;4;2;0;2;0;2;2;2019-09-25 16:00:00;85;0;53;23;9;0;1;1;5;0;2;3;5;5;0;1;1;0;1;1;1;84;26;164;99;1.93;0.52;2.45;1;0;1;0;0;0;1;1;0;0;0;0;0;0;-1;-1;-1;-1;-1;-1;-1;-1;-1;22;31;70;87;96;36;75;79;48;9.64;2.92;5;3.1;Žalgiris;Atlantas;2.53;0.53;2.82;0.67;2.43;0.92;78;70;30;13;4;59;50;32;2.12;1.34;3.46;1928;33;Y;Y;Y;Y;N;N;N
551113;1231;85;2019;complete;4400;26;-1;43;24,60;1;2;3;2;4;6;5;1;2;2;0;0;3;4;5;2;8;6;19;24;52;48;2;2;4.2;3.9;1.62;1.01;1.16;1.57;2.45;4.2;11.25;4.4;2.25;1.48;1.18;1.61;2.15;5;1.14;2.2;1.61;2.32;1.21;1.14;5.1;2.4;2.06;4.75;2.62;1.9;0;0;0;0;0;0;0;0;0;0;0;0;0;0;0;2.75;14;1.44;8.5;2.6;1.29;2.5;6;12;3.25;1.5;1.11;1.02;1.2;2;4;11;4.33;1.72;1.22;1.05;0;0;0;0;3;1;1;0;1;1;2;2019-10-05 10:00:00;85;0;42;31;26;0;1;1;1;1;1;3;2;4;0;0;2;2;0;4;1;59;51;86;88;1.14;1.04;2.18;0;0;0;0;0;0;1;1;0;0;0;0;0;0;-1;-1;-1;-1;-1;-1;-1;-1;-1;21;42;63;79;100;50;71;88;50;13.08;3.83;4.82;3.38;Kauno Žalgiris;Žalgiris;1.94;1.94;2.08;2.08;1.6;2.46;79;59;38;21;0;70;66;61;1.82;2.15;3.97;1928;33;Y;Y;Y;N;N;N;Y
551114;1233;1232;2019;complete;4400;26;-1;69,88;45;2;1;3;6;7;13;-1;-1;3;2;0;0;5;12;11;7;16;19;-1;-1;50;50;3;2;5.95;4.45;1.38;1.01;1.16;1.57;2.45;4.2;11.25;4.4;2.25;1.48;1.18;1.74;1.95;6.5;1.1;2.1;1.66;3.25;1.13;1.05;6.5;2.63;1.73;6;3.3;1.53;0;0;0;0;0;0;0;0;0;0;0;0;0;0;0;3.6;19;1.29;11;2.37;1.22;2.25;5;10.5;3.75;1.57;1.14;1.03;1.18;1.83;3.75;9;4.5;1.83;1.25;1.07;0;0;0;0;3;0;1;2;0;2;1;2019-10-05 12:00:00;1233;0;60;21;30;0;1;1;2;5;4;2;7;6;0;1;3;1;1;4;1;79;103;113;137;1.93;2.78;4.71;0;0;0;0;0;0;1;1;0;0;2;2;0;0;-1;-1;-1;-1;-1;-1;-1;-1;-1;16;36;76;92;96;36;73;88;60;9.49;2.48;2.8;3.19;Atlantas;Trakai;1.06;1.56;1.17;1.69;0.88;1.75;84;65;24;8;4;66;57;47;1.36;1.6;2.96;1928;33;Y;Y;Y;N;N;N;Y
551115;1229;1242;2019;complete;4400;26;-1;;-1,-1,-1;0;3;3;-1;-1;-1;-1;-1;-1;-1;-1;-1;-1;-1;-1;-1;-1;-1;-1;-1;-1;-1;-1;-1;0;0;0;0;0;0;0;0;0;0;0;0;0;0;0;0;0;0;0;0;0;0;0;0;0;0;0;0;0;0;0;0;0;0;0;0;0;0;0;0;0;0;0;0;0;0;0;0;0;0;0;0;0;0;0;0;0;0;0;0;0;0;0;0;0;0;0;0;3;0;0;0;0;0;0;2019-10-05 14:00:00;1242;0;29;14;14;1;-1;-1;-1;-1;-1;-1;-1;-1;-1;-1;-1;-1;-1;-1;-1;0;0;0;0;0;0;0;-1;-1;-1;-1;-1;-1;-1;-1;-1;-1;-1;-1;-1;-1;-1;-1;-1;-1;-1;-1;-1;-1;-1;17;29;77;85;100;21;46;61;45;7.35;1.32;4.47;3.19;Stumbras;Palanga;0.86;0.64;0.92;0.25;0.6;0.52;84;71;23;16;0;66;53;39;1.76;1.04;2.8;1928;28;Y;Y;Y;N;N;N;N
551116;1230;1246;2019;complete;4400;26;-1;13,40,72;17;3;1;4;6;1;7;2;5;0;2;0;0;9;4;10;2;19;6;5;13;56;44;0;2;1.15;6;13.75;1;1.06;1.28;1.74;2.65;15.75;6.85;3.3;1.95;1.41;1.83;1.87;2;1.72;11;1.02;1.02;1.07;4.55;1.5;3.26;7.9;1.33;4;9;0;0;0;0;0;0;0;0;0;0;0;0;0;0;0;1.17;31;4.5;2.05;34;1.17;1.77;4;9.5;4.5;1.94;1.2;1.04;1.1;1.5;2.5;5;7;2.5;1.5;1.17;0;0;0;0;4;2;1;1;0;1;3;2019-10-05 16:00:00;1230;0;46;18;14;0;1;1;2;0;4;1;2;5;0;1;0;1;1;1;1;110;56;178;143;2.63;1.09;3.72;0;1;0;1;0;0;1;1;0;0;0;0;0;0;-1;-1;-1;-1;-1;-1;-1;-1;-1;13;21;67;88;100;21;75;88;46;11.82;3;3.36;2.88;Sūduva;Panevėžys;2.82;0.88;2.75;1;2.61;1.2;88;79;34;13;0;60;55;50;2.2;1.44;3.64;1928;33;Y;Y;Y;Y;N;N;Y
551117;1232;1231;2019;complete;4400;27;-1;;;0;0;0;8;3;11;1;2;1;3;1;2;5;0;18;7;23;7;23;11;59;41;2;6;2.15;3.45;2.75;1.01;1.19;1.65;2.65;4.7;10.5;4.05;2.1;1.42;1.14;1.57;2.25;3.4;1.3;4.33;1.2;1.36;1.25;1.62;2.7;2.25;3.4;2.4;2.6;3.1;0;0;0;0;0;0;0;0;0;0;0;0;0;0;0;1.73;13;2.1;4.33;6;1.29;2.5;6;12;3.25;1.5;1.11;1.02;1.16;1.87;3.3;7;4.6;1.83;1.29;1.08;0;0;0;0;0;0;0;0;0;0;0;2019-10-19 10:00:00;-1;0;44;22;13;0;1;1;4;2;4;1;6;5;1;2;1;3;3;4;1;89;47;93;91;2.43;0.79;3.22;0;0;0;0;0;0;1;1;0;0;1;1;0;0;-1;-1;-1;-1;-1;-1;-1;-1;-1;8;16;44;68;92;32;64;67;16;9.33;4.5;4.61;2.3;Trakai;Kauno Žalgiris;1.76;1.29;1.67;1.15;1.62;1.54;93;85;57;33;9;62;53;40;1.45;1.65;3.1;1928;33;N;N;N;N;N;N;N
551118;1242;1230;2019;complete;4400;27;-1;;4,34,53,73;0;4;4;2;8;10;3;4;0;1;0;0;2;8;4;11;6;19;12;17;37;63;0;1;20;10;1.06;1;1.05;1.2;1.53;2.2;41;8.5;4.33;2.37;1.61;2.25;1.57;15;1.01;1.57;2.25;7.5;1.04;1.01;11;3.6;1.36;17;5.5;1.14;0;0;0;1.44;1.63;2.05;0;0;2.78;2.28;1.78;0;26.19;25.08;1.03;5;51;1.14;34;1.61;1.13;1.6;2.76;7;5.5;2.19;1.39;1.07;1.06;1.36;2.2;4;10;3;1.61;1.22;0;0;0;0;4;0;2;0;2;2;2;2019-10-12 12:00:00;1230;0;45;27;19;0;1;1;1;5;1;3;6;4;0;0;0;1;0;1;1;59;116;122;141;0.96;2.59;3.55;0;0;0;0;0;0;1;1;0;1;1;1;0;0;-1;-1;-1;-1;-1;-1;-1;-1;-1;17;33;71;96;100;46;71;87;54;10.5;3.01;4.08;3.34;Palanga;Sūduva;0.71;2.44;0.77;2.45;0.62;2.63;84;68;30;5;0;73;73;44;1.58;1.92;3.5;1928;28;Y;Y;Y;Y;N;N;N
551119;1246;1233;2019;complete;4400;27;-1;36;30;1;1;2;5;10;15;-1;-1;0;3;0;0;7;9;11;10;18;19;-1;-1;50;50;0;3;1.71;3.8;3.75;1;1.14;1.5;2.25;3.9;12;4.75;2.35;1.54;1.2;1.51;2.35;2.5;1.5;4.5;1.16;1.24;1.24;1.95;2.29;2.42;4;2;2.88;4.2;0;0;0;0;1.84;0;0;0;0;1.98;0;0;0;0;0;1.53;17;2.63;3;7.5;0;2.19;4.54;10;0;1.6;1.14;1.03;1.35;1.78;6.5;13;2.93;1.93;1.08;1.01;0;0;0;0;2;1;1;0;0;0;2;2019-10-19 14:00:00;-1;0;58;21;25;0;1;1;3;7;2;3;10;5;0;2;0;1;2;1;1;63;76;125;136;2.08;2.38;4.47;0;0;0;0;0;0;1;1;0;0;0;2;0;0;-1;-1;-1;-1;-1;-1;-1;-1;-1;23;35;70;93;96;31;74;81;54;8.92;2.77;4.83;3.39;Panevėžys;Atlantas;1.38;0.53;1.38;0.62;1.15;0.96;77;66;31;8;4;79;75;59;1.79;1.27;3.06;1928;33;Y;Y;N;N;N;N;Y
551120;85;1229;2019;complete;4400;27;-1;-1,-1,-1;;3;0;3;-1;-1;-1;-1;-1;-1;-1;-1;-1;-1;-1;-1;-1;-1;-1;-1;-1;-1;-1;-1;-1;1.3;4.5;9.5;1.03;1.28;1.85;3.25;5.5;10;3.5;1.95;1.33;1.12;2.25;1.57;1.66;2.1;6.5;1.1;1.04;1.16;3.4;1.8;2.37;8;1.53;2.88;7.5;0;0;0;0;1.84;0;0;0;0;1.98;0;0;0;0;0;1.25;10;4.75;1.9;17;0;0;0;0;0;0;0;0;1.34;2.49;6.5;13;2.98;1.47;1.08;1.01;0;0;0;0;3;0;0;0;0;0;0;2019-10-19 16:00:00;85;0;46;24;11;1;-1;-1;-1;-1;-1;-1;-1;-1;-1;-1;-1;-1;-1;-1;-1;0;0;0;0;0;0;0;-1;-1;-1;-1;-1;-1;-1;-1;-1;-1;-1;-1;-1;-1;-1;-1;-1;-1;-1;-1;-1;-1;-1;17;25;75;88;92;33;63;63;38;8.96;3.17;3.74;3.09;Žalgiris;Stumbras;2.53;0.21;2.83;0.25;2.48;0.58;84;75;25;13;9;64;52;26;2.11;1.8;3.91;1928;28;Y;Y;Y;N;N;N;N
551121;1231;1229;2019;complete;4400;28;-1;-1,-1,-1;;3;0;3;-1;-1;-1;-1;-1;-1;-1;-1;-1;-1;-1;-1;-1;-1;-1;-1;-1;-1;-1;-1;-1;2.62;3.25;2.37;1.08;1.45;2.4;4.15;8.5;6.5;2.52;1.57;1.18;1.05;2;1.73;3;1.36;2.75;1.4;1.53;1.33;1.44;3.5;2;3.1;3.3;2.25;2.8;0;0;0;0;0;0;0;0;0;0;0;0;0;0;0;2.2;8;1.83;4.33;3.75;0;0;0;0;0;0;0;0;1.47;3.4;8.5;34;2.5;1.28;1.05;1;0;0;0;0;3;0;0;0;0;0;0;2019-10-26 10:00:00;1231;0;43;23;26;1;-1;-1;-1;-1;-1;-1;-1;-1;-1;-1;-1;-1;-1;-1;-1;0;0;0;0;0;0;0;-1;-1;-1;-1;-1;-1;-1;-1;-1;-1;-1;-1;-1;-1;-1;-1;-1;-1;-1;-1;-1;-1;-1;16;27;69;85;93;31;54;69;39;9.06;3.23;4.49;3.19;Kauno Žalgiris;Stumbras;1.94;0.21;1.92;0.23;1.52;0.56;85;73;31;15;8;74;67;49;1.77;1.8;3.57;1928;28;Y;Y;Y;N;N;N;N
551122;1230;85;2019;complete;4400;28;-1;22;;1;0;1;12;9;21;5;2;0;0;0;0;10;6;8;6;18;12;14;9;40;60;0;0;2;3.4;3.15;1.02;1.23;1.77;2.95;5.4;9.5;3.6;1.91;1.34;1.11;1.67;2.05;3.25;1.33;2.75;1.4;1.44;1.3;1.4;3.5;2;3.1;3.2;2.3;2.75;0;0;0;0;0;0;0;0;0;0;0;0;0;0;0;2.1;8;1.91;4.5;3.75;1.36;2.62;7;19;3;1.44;1.1;1.02;1.44;3.2;8;21;2.63;1.3;1.06;1;0;0;0;0;1;1;0;0;0;0;1;2019-10-26 10:00:00;1230;0;38;30;8;0;1;-1;1;7;11;2;8;13;0;0;0;0;0;0;1;63;65;72;109;2.28;1.65;3.93;0;0;0;0;0;0;1;1;0;0;0;1;-1;-1;-1;-1;-1;-1;-1;-1;-1;-1;-1;15;31;70;81;100;39;69;85;42;13.67;3.08;2.91;3.04;Sūduva;Žalgiris;2.82;1.94;2.77;2.15;2.67;2.41;85;69;31;19;0;59;54;50;2.24;2.05;4.29;1928;33;Y;N;N;N;N;N;N
551123;1233;1242;2019;complete;4400;28;-1;;23;0;1;1;3;4;7;0;4;4;2;1;0;2;7;7;6;9;13;16;9;57;43;5;2;1.38;5.2;5.1;1;1.09;1.36;1.95;3.05;14.25;5.9;2.85;1.77;1.31;1.51;2.35;2.75;1.4;8.5;1.05;1.11;1.16;2.67;1.85;2.73;5.2;1.66;3.1;5.5;0;0;0;0;0;0;0;0;0;0;0;0;0;0;0;1.33;23;3.25;3;15;1.21;1.94;3.9;10;3.9;1.77;1.22;1.04;1.28;1.6;2.72;6;3.34;2.19;1.4;1.12;0;0;0;0;1;0;1;0;0;0;1;2019-10-26 10:00:00;1242;0;50;18;22;0;1;1;1;3;2;1;4;3;1;1;4;1;2;5;1;90;85;176;141;1.38;1.93;3.31;0;0;0;0;0;0;1;1;0;0;0;1;0;0;-1;-1;-1;-1;-1;-1;-1;-1;-1;23;43;81;92;96;35;81;77;58;7.18;2.15;3.31;3.46;Atlantas;Palanga;1.06;0.64;1.31;0.46;0.96;0.59;77;58;20;8;4;70;57;44;1.41;1.04;2.45;1928;28;Y;N;N;N;N;N;N
551124;1232;1246;2019;complete;4400;28;-1;24,28,84,87;;4;0;4;4;3;7;1;2;1;3;0;0;11;5;5;7;16;12;22;12;55;45;1;3;1.87;3.55;3.35;1;1.15;1.53;2.3;4;11.75;4.65;2.3;1.53;1.19;1.5;2.4;0;0;0;0;0;0;0;0;0;0;0;0;0;0;0;0;0;0;0;0;0;0;0;0;0;0;0;0;0;0;0;0;0;1.29;2.38;5.5;15;3.5;1.53;1.14;1.03;0;0;0;0;0;0;0;0;0;0;0;0;4;2;0;2;0;2;2;2019-10-26 10:00:00;1232;0;54;29;13;0;-1;1;-1;-1;-1;-1;-1;-1;0;2;1;1;2;2;1;78;65;97;97;2.34;1.58;3.92;1;0;1;0;0;0;1;1;0;0;-1;-1;0;1;-1;-1;-1;-1;-1;-1;-1;-1;-1;4;16;47;73;89;27;70;62;27;9.75;3.85;3.59;2.27;Trakai;Panevėžys;1.76;0.88;1.62;0.92;1.59;1.15;96;85;54;27;12;71;59;54;1.53;1.41;2.94;1928;33;Y;Y;Y;Y;N;N;N
725529;1233;1230;2019;complete;4400;23;-1;;22,27,37,63;0;4;4;1;9;10;0;5;0;2;0;0;2;9;3;7;5;16;3;11;50;50;0;2;10.5;5.5;1.18;1.01;1.16;1.47;2.25;3.75;13;4.5;2.6;1.57;1.25;2.1;1.66;9;1.04;1.8;1.9;3.55;1.05;1.02;9;2.75;1.57;10;3.5;1.36;0;0;0;0;0;0;0;0;0;0;0;0;0;0;0;5;19;1.16;23;1.83;1.17;2;4;9.5;4.5;1.73;1.2;1.04;1.14;1.72;3.25;7;5.5;2;1.33;1.1;0;0;0;0;4;0;3;0;1;1;3;2019-09-13 16:00:00;1230;0;40;12;17;0;1;1;1;2;0;7;3;7;0;0;0;2;0;2;1;0;0;0;0;0.84;2.42;3.27;0;0;0;0;0;0;1;1;0;0;1;1;0;0;-1;-1;-1;-1;-1;-1;-1;-1;-1;17;22;59;88;95;37;81;88;59;10.53;4.13;4.7;2.81;Atlantas;Sūduva;1.06;2.44;1.1;2.14;0.86;2.5;83;78;42;12;5;64;54;35;1.42;1.77;3.19;1928;33;Y;Y;Y;Y;N;N;N
725530;85;1246;2019;complete;4400;23;-1;30,61,68,84,87;;5;0;5;5;1;6;2;0;2;1;0;0;10;4;9;2;19;6;16;9;61;39;2;1;1.14;7;11;1.02;1.17;1.37;1.96;2.88;14;4.3;2.8;1.84;1.35;1.8;1.91;1.9;1.8;10.5;1.02;1.03;1.06;4.5;1.57;2.99;7.8;1.4;3.6;8;0;0;0;0;0;0;0;0;0;0;0;0;0;0;0;1.2;26;4.33;2.05;21;1.2;1.83;3.75;10;4.33;1.83;1.25;1.06;1.25;1.6;2.72;6;3.56;2.19;1.4;1.11;0;0;0;0;5;1;0;4;0;4;1;2019-09-13 16:00:00;85;0;67;35;15;0;-1;1;-1;-1;-1;-1;-1;-1;1;1;1;0;2;1;1;67;46;124;89;2.38;1;3.38;1;0;1;0;0;0;1;1;0;0;-1;-1;0;0;-1;-1;-1;-1;-1;-1;-1;-1;-1;10;20;68;91;100;44;86;81;38;10.8;3.36;4.6;2.93;Žalgiris;Panevėžys;2.53;0.88;2.8;1.09;2.48;1.32;90;81;33;10;0;55;45;35;2.1;1.49;3.59;1928;33;Y;Y;Y;Y;Y;N;N
725531;1242;1231;2019;complete;4400;23;-1;3,51;15,48,78;2;3;5;2;6;8;0;4;1;3;0;0;8;8;2;6;10;14;10;7;43;57;1;3;7.4;5.15;1.35;1.01;1.14;1.44;2.1;3.4;13;5;2.7;1.66;1.3;1.73;1.99;8;1.06;2.5;1.5;3.05;1.14;1.07;6.15;2.69;1.77;6.05;3.16;1.62;0;0;0;0;0;0;0;0;0;0;0;0;0;0;0;3.78;10.75;1.35;15;2.6;1.22;2.1;4.5;11;4;1.66;1.18;1.05;1.26;1.7;5.5;11;3.52;2.03;1.13;1.02;0;0;0;0;5;1;1;1;2;3;2;2019-09-14 12:00:00;1231;0;41;15;5;0;1;1;1;3;1;3;4;4;0;1;1;2;1;3;1;88;123;127;164;1.83;2.34;4.17;1;0;1;0;0;0;1;1;1;0;0;1;0;0;-1;-1;-1;-1;-1;-1;-1;-1;-1;5;18;59;87;100;36;64;91;32;8.5;3;5;2.68;Palanga;Kauno Žalgiris;0.71;1.29;0.91;1;0.59;1.64;96;82;41;14;0;60;60;40;1.58;1.54;3.12;1928;28;Y;Y;Y;Y;Y;N;Y
725532;1229;1232;2019;complete;4400;23;-1;;-1,-1,-1;0;3;3;-1;-1;-1;-1;-1;-1;-1;-1;-1;-1;-1;-1;-1;-1;-1;-1;-1;-1;-1;-1;-1;0;0;0;0;0;0;0;0;0;0;0;0;0;0;0;0;0;0;0;0;0;0;0;0;0;0;0;0;0;0;0;0;0;0;0;0;0;0;0;0;0;0;0;0;0;0;0;0;0;0;0;0;0;0;0;0;0;0;0;0;0;0;0;0;0;0;0;0;3;0;0;0;0;0;0;2019-09-14 14:00:00;1232;0;41;14;23;1;-1;-1;-1;-1;-1;-1;-1;-1;-1;-1;-1;-1;-1;-1;-1;0;0;0;0;0;0;0;-1;-1;-1;-1;-1;-1;-1;-1;-1;-1;-1;-1;-1;-1;-1;-1;-1;-1;-1;-1;-1;-1;-1;9;18;69;82;100;18;37;78;55;9.53;1.91;4.1;2.82;Stumbras;Trakai;0.86;1.56;1.09;1.45;0.68;1.67;91;82;32;18;0;61;53;44;1.76;1.45;3.21;1928;28;Y;Y;Y;N;N;N;N
743131;1233;1246;2019;complete;53350;3;-1;35;12,56,64,72;1;4;5;5;5;10;0;1;4;2;0;0;5;7;5;9;10;16;9;13;50;50;4;2;4.3;4.6;1.51;1.01;1.1;1.25;1.83;3.5;15;6.5;4;1.83;1.36;1.33;3;7.5;1.07;3.25;1.33;2.37;1.14;1.14;2.88;2.3;3;4.33;3.3;1.73;0;0;0;0;0;0;0;0;0;0;0;0;0;0;0;3;26;1.36;12;3.4;1.14;1.8;3.75;8.5;5;1.91;1.22;1.05;1.04;1.45;2.29;4;8.4;2.57;1.55;1.22;0;0;0;0;5;1;1;0;3;3;2;2019-11-08 16:00:00;1246;0;52;19;18;0;-1;1;-1;-1;-1;-1;-1;-1;2;0;2;2;2;4;-1;0;0;0;0;0;0;0;0;1;0;1;0;0;1;1;0;0;-1;-1;0;0;-1;-1;-1;-1;-1;-1;-1;-1;-1;11;31;66;90;97;31;87;83;49;8.49;2.47;4.13;2.93;Atlantas;Panevėžys;1.06;0.88;1.21;0.8;0.87;1.03;90;69;35;11;4;63;52;44;1.41;1.44;2.85;1928;33;Y;Y;Y;Y;Y;N;Y
743132;85;1232;2019;complete;53350;3;-1;39;32,36,74;1;3;4;12;2;14;1;1;1;3;0;0;10;6;11;5;21;11;7;11;67;33;1;3;1.71;3.6;4;1.02;1.23;1.77;2.95;5.4;9.5;3.6;1.91;1.34;1.11;1.77;1.95;2.5;1.5;4.5;1.16;1.22;1.22;2.1;2.38;2.3;4;2;2.6;4.2;0;0;0;0;0;0;0;0;0;0;0;0;0;0;0;1.5;12;2.75;3;7;1.33;2.75;6;13;3;1.4;1.1;1.01;1.22;2.03;4.4;9;3.8;1.7;1.17;1.05;0;0;0;0;4;1;2;0;1;1;3;2019-11-08 17:00:00;1232;0;70;34;26;0;1;1;6;1;6;1;7;7;0;2;1;1;2;2;1;110;58;155;83;2.82;1.53;4.35;1;0;1;0;0;0;1;1;0;0;0;0;0;0;-1;-1;-1;-1;-1;-1;-1;-1;-1;17;42;87;93;100;45;76;87;59;11.63;2.8;3.45;3.45;Žalgiris;Trakai;2.53;1.56;2.67;1.57;2.37;1.63;83;59;14;7;0;53;49;38;2.18;1.69;3.87;1928;33;Y;Y;Y;Y;N;N;Y
743133;1230;1231;2019;complete;53350;3;-1;15,69,84,86;5;4;1;5;4;6;10;0;4;0;1;0;0;3;2;7;5;10;7;21;9;50;50;0;1;1.5;4.48;5.3;0;1.13;1.47;2.25;0;0;5.5;2.63;1.57;0;1.5;2.5;0;0;0;0;1.13;0;2.3;2;2.4;4.5;1.83;0;4.5;0;0;0;0;0;0;0;0;0;0;0;0;0;0;0;1.44;18;2.8;0;0;1.22;2.2;0;0;3.75;1.62;0;0;0;0;0;0;0;0;0;0;0;0;0;0;5;1;1;3;0;3;2;2019-11-09 11:00:00;1230;0;37;14;14;0;-1;1;-1;-1;-1;-1;-1;-1;0;0;0;1;0;1;1;0;0;0;0;1.54;1.06;2.6;0;0;0;0;0;0;1;1;0;1;-1;-1;0;0;-1;-1;-1;-1;-1;-1;-1;-1;-1;17;27;60;74;97;30;67;87;30;11.65;3.67;4.43;2.94;Sūduva;Kauno Žalgiris;2.82;1.29;2.8;1.27;2.7;1.57;84;74;40;27;4;54;54;40;2.27;1.62;3.89;1928;33;Y;Y;Y;Y;Y;N;Y
743134;85;1233;2019;complete;53350;4;-1;6,34,44,56,73;;5;0;5;7;2;9;-1;-1;0;2;0;0;-1;-1;-1;-1;-1;-1;-1;-1;-1;-1;0;2;1.01;12.5;25.5;1;1.01;1.12;1.36;1.83;101;10.75;5.25;2.85;1.87;0;0;0;0;0;0;1.01;1.01;14;1.18;5.35;16;1.11;7.1;18;0;0;0;0;0;0;0;0;0;0;0;0;0;0;0;1.07;91;7;0;0;1.07;1.45;2.35;4.32;6.8;2.55;1.53;1.2;1.06;1.33;1.79;3.5;8;3.24;1.92;1.29;0;0;0;0;5;3;0;2;0;2;3;2019-11-22 17:00:00;85;0;57;30;13;0;-1;1;-1;-1;-1;-1;-1;-1;0;0;0;2;0;2;1;0;0;0;0;0;0;0;0;0;0;0;0;0;1;1;1;0;-1;-1;0;0;-1;-1;-1;-1;-1;-1;-1;-1;-1;22;44;76;91;97;47;79;78;50;10.67;2.5;4.57;3.53;Žalgiris;Atlantas;2.53;0.53;2.5;0.56;2.29;0.84;78;57;26;10;3;67;60;37;2.22;1.38;3.6;1928;33;Y;Y;Y;Y;Y;N;N
743135;1232;1230;2019;complete;53350;4;-1;17,25,56,68,77;45;5;1;6;1;4;5;-1;-1;4;1;0;0;11;7;3;9;14;16;-1;-1;45;55;4;1;4.3;3.95;1.61;1.01;1.15;1.53;2.35;4.05;11.75;4.6;2.3;1.51;1.19;1.59;2.2;5.5;1.12;2.75;1.4;2.38;1.2;1.12;4.33;2.4;2.1;4.2;2.75;2;0;0;0;0;0;0;0;0;0;0;0;0;0;0;0;2.63;13;1.53;9;3.2;1.29;2.5;6;12;3.25;1.5;1.11;1.02;1.16;1.87;3.5;7.5;4.6;1.83;1.26;1.07;0;0;0;0;6;2;1;3;0;3;3;2019-11-23 11:00:00;1232;0;42;24;14;0;1;1;0;1;1;3;1;4;1;1;3;0;2;3;1;51;66;81;119;2.02;1.98;4;1;0;1;0;0;0;1;1;0;0;0;0;0;0;-1;-1;-1;-1;-1;-1;-1;-1;-1;13;30;56;75;91;42;68;69;39;12.18;3.86;3.83;2.87;Trakai;Sūduva;1.76;2.44;1.69;2.6;1.68;2.71;87;71;45;26;10;76;66;45;1.65;1.99;3.64;1928;33;Y;Y;Y;Y;Y;Y;Y
743136;1231;1246;2019;complete;53350;4;-1;40;;1;0;1;15;1;16;-1;-1;1;1;0;0;5;4;8;4;13;8;-1;-1;62;38;1;1;1.74;3.4;4.25;1.01;1.22;1.74;2.85;5.15;9.75;3.75;1.95;1.36;1.12;1.69;2;2.5;1.5;5.5;1.12;1.12;1.29;2.25;2.1;2.3;4.75;2.07;2.66;4.22;0;0;0;0;0;0;0;0;0;0;0;0;0;0;0;1.5;12;2.88;3;10;1.31;2.39;5.7;13;3.14;1.51;1.11;1.02;1.16;1.92;3.5;8;4.6;1.79;1.26;1.06;0;0;0;0;1;1;0;0;0;0;1;2019-11-23 11:00:00;1231;0;58;31;28;0;-1;1;-1;-1;-1;-1;-1;-1;1;0;0;1;1;1;1;114;58;160;118;2;1.22;3.22;1;0;1;0;0;0;1;1;0;0;-1;-1;0;0;-1;-1;-1;-1;-1;-1;-1;-1;-1;17;39;71;91;100;43;81;91;52;10.39;3.85;5.13;3.37;Kauno Žalgiris;Panevėžys;1.94;0.88;1.87;0.94;1.52;1.1;84;62;29;10;0;62;59;52;1.77;1.44;3.21;1928;33;Y;N;N;N;N;N;N
743137;1230;85;2019;complete;53350;5;-1;11,55;9;2;1;3;8;4;12;-1;-1;1;3;0;0;-1;-1;-1;-1;-1;-1;-1;-1;-1;-1;1;3;1.71;3.85;3.7;1;1.1;1.4;2;3.3;13.5;5.5;2.7;1.69;1.27;1.47;2.45;0;0;0;0;1.13;1.17;2;2;2.4;4.33;1.83;2.88;3.75;0;0;0;0;0;0;0;0;0;0;0;0;0;0;0;1.53;15;2.5;3.1;12;1.22;2.2;5;10.5;3.75;1.62;1.14;1.03;1.12;1.78;3.4;8;5.5;1.93;1.25;1.05;0;0;0;0;3;1;1;1;0;1;2;2019-11-27 17:00:00;1230;0;42;28;10;0;-1;1;-1;-1;-1;-1;-1;-1;0;2;1;1;2;2;1;0;0;0;0;0;0;0;0;1;0;1;0;0;1;1;0;1;-1;-1;0;0;-1;-1;-1;-1;-1;-1;-1;-1;-1;19;33;68;77;100;39;74;81;45;14.14;3.22;2.57;3.19;Sūduva;Žalgiris;2.82;1.94;2.81;2.07;2.63;2.31;81;68;33;23;0;66;62;52;2.22;2.01;4.23;1928;33;Y;Y;Y;N;N;N;Y
743138;1246;1232;2019;complete;53350;5;-1;69,86;;2;0;2;1;7;8;-1;-1;2;4;0;0;-1;-1;-1;-1;-1;-1;-1;-1;-1;-1;2;4;4.35;4.1;1.57;1;1.12;1.45;2.15;3.65;12.75;5.05;2.5;1.61;1.23;1.53;2.3;0;0;0;0;2.2;1.17;1.14;4.5;2.4;2.1;4;2.8;1.91;0;0;0;0;0;0;0;0;0;0;0;0;0;0;0;2.6;15;1.5;10.5;3.35;1.25;2.25;5;10.5;3.5;1.57;1.14;1.03;1.12;1.8;3.3;7.5;5.5;1.9;1.25;1.05;0;0;0;0;2;0;0;2;0;2;0;2019-11-27 17:00:00;1246;0;80;36;40;0;-1;1;-1;-1;-1;-1;-1;-1;0;0;2;4;0;6;1;0;0;0;0;0;0;0;0;0;0;0;0;0;1;1;0;0;-1;-1;0;0;-1;-1;-1;-1;-1;-1;-1;-1;-1;23;40;80;97;100;44;77;87;60;10.5;2.4;3.57;3.67;Panevėžys;Trakai;1.38;1.56;1.27;1.67;1.06;1.72;77;60;20;4;0;72;72;68;1.78;1.68;3.46;1928;33;Y;Y;N;N;N;N;N
743139;1233;1231;2019;complete;53350;5;-1;;32,69;0;2;2;1;5;6;-1;-1;1;0;0;0;-1;-1;-1;-1;-1;-1;-1;-1;-1;-1;1;0;5.89;7.41;1.23;0;0;0;0;0;0;0;0;0;0;0;0;0;0;0;0;0;0;0;0;0;0;0;0;0;0;0;0;0;0;0;0;0;0;0;0;0;0;0;0;0;0;0;0;0;0;0;0;0;0;0;0;0;0;0;0;0;0;0;0;0;0;0;0;0;2;0;1;0;1;1;1;2019-11-27 17:00:00;1231;0;43;17;14;0;-1;1;-1;-1;-1;-1;-1;-1;0;0;1;0;0;1;1;0;0;0;0;0;0;0;0;0;0;0;0;0;1;1;0;0;-1;-1;0;0;-1;-1;-1;-1;-1;-1;-1;-1;-1;20;29;59;78;94;36;75;84;36;8.47;3;5.34;2.82;Atlantas;Kauno Žalgiris;1.06;1.29;1.13;1.19;0.81;1.56;81;71;42;22;7;62;55;35;1.41;1.59;3;1928;33;Y;Y;N;N;N;N;N
743140;1230;1233;2019;complete;53350;1;-1;5,10,15,21,25,26,70,82,89;57;9;1;10;7;3;10;-1;-1;-1;-1;-1;-1;12;4;8;2;20;6;-1;-1;50;50;-1;-1;1.05;11;21;1;1.05;1.17;1.53;2.21;61;9;5;2.31;1.67;2.25;1.69;0;0;0;0;1;1.02;8.5;1.22;4.33;19;1.22;5.1;12.5;0;0;0;0;0;0;0;0;0;0;0;0;0;0;0;1.08;71;6.5;1.51;41;1.13;1.66;2.63;4.74;5.5;2.08;1.45;1.15;1.08;1.4;2.14;4;7;2.72;1.63;1.22;0;0;0;0;10;6;0;3;1;4;6;2019-10-30 16:00:00;1230;0;40;15;8;0;1;-1;6;2;1;1;8;2;-1;-1;-1;-1;-1;-1;1;65;28;99;84;2.56;0.87;3.44;0;0;0;0;0;0;1;1;2;0;4;0;-1;-1;-1;-1;-1;-1;-1;-1;-1;-1;-1;14;29;64;83;97;25;68;79;47;11.77;2.86;3.62;2.86;Sūduva;Atlantas;2.82;0.53;2.79;0.64;2.68;0.93;86;71;36;18;4;70;66;50;2.24;1.36;3.6;1928;33;Y;Y;Y;Y;Y;Y;Y
743141;85;1246;2019;complete;53350;1;-1;25,66,90;83;3;1;4;9;7;16;-1;-1;1;2;0;0;11;7;6;4;17;11;-1;-1;50;50;1;2;1.1;9;15;1.01;1.12;1.4;2;3.4;15;5.5;2.88;1.73;1.3;3;1.36;1.44;2.62;9;1.04;1.01;1.04;6.5;1.36;3.2;15;1.29;4;13;0;0;0;0;0;0;0;0;0;0;0;0;0;0;0;1.11;16;7.4;1.5;23;1.22;2;4.33;11;4;1.73;1.2;1.05;1.12;1.62;3;6.5;6;2.2;1.36;1.11;0;0;0;0;4;1;0;2;1;3;1;2019-10-30 17:00:00;85;0;57;35;12;0;-1;1;-1;-1;-1;-1;-1;-1;0;1;1;1;1;2;1;118;59;177;104;2.7;1.62;4.32;0;0;0;0;0;0;1;1;0;0;-1;-1;0;0;-1;-1;-1;-1;-1;-1;-1;-1;-1;14;36;75;93;100;47;86;83;43;10;3.57;4.46;3.22;Žalgiris;Panevėžys;2.53;0.88;2.64;0.86;2.32;1.11;86;64;25;7;0;46;39;27;2.14;1.43;3.57;1928;33;Y;Y;Y;Y;N;N;Y
743142;1232;1231;2019;complete;53350;1;-1;;52;0;1;1;7;6;13;-1;-1;3;3;0;0;5;8;5;9;10;17;-1;-1;50;50;3;3;1.91;3.75;3.25;1.01;1.22;1.75;2.75;4.5;13;4;2.05;1.4;1.17;1.67;2.1;3.25;1.33;4.33;1.2;1.3;1.22;1.73;2.5;2.38;3.6;2.3;2.62;3.25;0;0;0;0;0;0;0;0;0;0;0;0;0;0;0;0;0;0;0;0;1.33;2.62;6.5;19;3.25;1.44;1.11;1.02;1.18;1.83;3.75;10;4.5;1.83;1.25;1.06;0;0;0;0;1;0;0;0;1;1;0;2019-10-31 17:00:00;1231;0;40;19;12;0;1;1;2;4;5;2;6;7;1;1;2;2;2;4;1;89;68;136;123;1.63;2.13;3.76;0;0;0;0;0;0;1;1;0;0;1;1;0;0;-1;-1;-1;-1;-1;-1;-1;-1;-1;7;18;43;64;86;33;61;65;18;9.38;4.28;4.84;2.22;Trakai;Kauno Žalgiris;1.76;1.29;1.71;1.14;1.64;1.57;93;83;57;36;14;62;54;43;1.59;1.58;3.17;1928;33;Y;N;N;N;N;N;N
743143;1246;1230;2019;complete;53350;2;-1;50;3,9,27,73,90;1;5;6;6;15;21;-1;-1;3;2;0;0;3;12;7;9;10;21;-1;-1;50;50;3;2;11;6.5;1.14;1.02;1.14;1.36;2.1;3.4;13;5;3.1;1.67;1.3;2.1;1.81;10;1.03;1.72;2;4.5;1.08;1.02;9.5;3;1.5;7.9;3.58;1.45;0;0;0;0;0;0;0;0;0;0;0;0;0;0;0;3.6;26;1.25;23;1.83;1.2;1.98;4.2;9;4;1.74;1.19;1.05;1.09;1.62;2.8;6.5;6.1;2.16;1.38;1.1;0;0;0;0;6;0;3;1;2;3;3;2019-11-03 15:00:00;1230;0;58;31;27;0;1;1;1;10;5;5;11;10;0;0;3;2;0;5;1;63;81;107;106;1.3;2.74;4.04;0;0;0;0;0;0;1;1;0;2;0;3;0;0;-1;-1;-1;-1;-1;-1;-1;-1;-1;22;36;71;97;100;47;83;83;50;11;3.43;4.46;3.61;Panevėžys;Sūduva;1.38;2.44;1.36;2.57;1.07;2.69;79;64;29;4;0;73;70;46;1.82;1.93;3.75;1928;33;Y;Y;Y;Y;Y;Y;Y
743144;1231;85;2019;complete;53350;2;-1;19;48,73;1;2;3;6;9;15;3;4;3;1;0;0;8;6;7;10;15;16;19;12;43;57;3;1;4.2;3.75;1.65;0;1.17;1.53;2.38;4;0;4.5;2.4;1.53;1.22;1.57;2.25;5.5;1.12;2.75;1.4;2.1;1.22;1.2;4.33;2.4;2.2;4;2.75;1.95;0;0;0;0;0;0;0;0;0;0;0;0;0;0;0;0;0;0;9;3.25;1.29;2.25;5.5;15;3.5;1.57;1.14;1.03;1.17;1.73;3.4;8;5;2;1.3;1.08;0;0;0;0;3;1;0;0;2;2;1;2019-11-04 16:00:00;85;0;43;35;23;0;1;1;2;7;4;2;9;6;1;1;2;0;2;2;1;41;49;69;99;1.8;1.78;3.58;0;0;0;0;0;0;1;1;0;0;0;3;0;1;-1;-1;-1;-1;-1;-1;-1;-1;-1;18;36;64;79;100;50;71;82;43;12.69;3.79;4.61;3.25;Kauno Žalgiris;Žalgiris;1.94;1.94;2;2;1.62;2.34;83;64;36;22;0;66;62;58;1.77;2.02;3.79;1928;33;Y;Y;Y;N;N;N;Y
743145;1232;1233;2019;complete;53350;2;-1;11,13,60,84,88;9,39;5;2;7;8;5;13;5;1;1;1;0;0;11;10;4;7;15;17;14;12;63;37;1;1;1.17;5.75;13;0;1.08;1.25;1.67;2.5;0;7;4;2.1;1.5;1.73;2;2.1;1.66;11;1.02;1.01;1.11;4.33;1.44;3.2;9;1.3;4;10;0;0;0;0;0;0;0;0;0;0;0;0;0;0;0;0;0;0;2.2;34;1.17;1.73;3.4;8;5;2;1.3;1.08;1.08;1.44;2.38;4.5;8;2.62;1.53;1.18;0;0;0;0;7;2;2;3;0;3;4;2019-11-04 17:00:00;1232;0;44;18;11;0;1;1;2;5;6;0;7;6;0;0;1;1;0;2;1;98;65;129;107;2.42;2.24;4.67;0;0;0;0;0;0;1;1;0;1;0;0;0;0;-1;-1;-1;-1;-1;-1;-1;-1;-1;10;23;47;70;87;30;60;60;37;9.65;2.73;4.12;2.54;Trakai;Atlantas;1.76;0.53;1.6;0.6;1.59;0.9;90;77;54;30;14;83;72;54;1.59;1.32;2.91;1928;33;Y;Y;Y;Y;Y;Y;Y
