ID;HOMEID;AWAYID;SEASON;STATUS;ROUNDID;GAME_WEEK;REVISED_GAME_WEEK;HOMEGOALS;AWAYGOALS;HOMEGOALCOUNT;AWAYGOALCOUNT;TOTALGOALCOUNT;TEAM_A_CORNERS;TEAM_B_CORNERS;TOTALCORNERCOUNT;TEAM_A_OFFSIDES;TEAM_B_OFFSIDES;TEAM_A_YELLOW_CARDS;TEAM_B_YELLOW_CARDS;TEAM_A_RED_CARDS;TEAM_B_RED_CARDS;TEAM_A_SHOTSONTARGET;TEAM_B_SHOTSONTARGET;TEAM_A_SHOTSOFFTARGET;TEAM_B_SHOTSOFFTARGET;TEAM_A_SHOTS;TEAM_B_SHOTS;TEAM_A_FOULS;TEAM_B_FOULS;TEAM_A_POSSESSION;TEAM_B_POSSESSION;TEAM_A_CARDS_NUM;TEAM_B_CARDS_NUM;ODDS_FT_1;ODDS_FT_X;ODDS_FT_2;ODDS_FT_OVER05;ODDS_FT_OVER15;ODDS_FT_OVER25;ODDS_FT_OVER35;ODDS_FT_OVER45;ODDS_FT_UNDER05;ODDS_FT_UNDER15;ODDS_FT_UNDER25;ODDS_FT_UNDER35;ODDS_FT_UNDER45;ODDS_BTTS_YES;ODDS_BTTS_NO;ODDS_TEAM_A_CS_YES;ODDS_TEAM_A_CS_NO;ODDS_TEAM_B_CS_YES;ODDS_TEAM_B_CS_NO;ODDS_DOUBLECHANCE_1X;ODDS_DOUBLECHANCE_12;ODDS_DOUBLECHANCE_X2;ODDS_1ST_HALF_RESULT_1;ODDS_1ST_HALF_RESULT_X;ODDS_1ST_HALF_RESULT_2;ODDS_2ND_HALF_RESULT_1;ODDS_2ND_HALF_RESULT_X;ODDS_2ND_HALF_RESULT_2;ODDS_DNB_1;ODDS_DNB_2;ODDS_CORNERS_OVER_75;ODDS_CORNERS_OVER_85;ODDS_CORNERS_OVER_95;ODDS_CORNERS_OVER_105;ODDS_CORNERS_OVER_115;ODDS_CORNERS_UNDER_75;ODDS_CORNERS_UNDER_85;ODDS_CORNERS_UNDER_95;ODDS_CORNERS_UNDER_105;ODDS_CORNERS_UNDER_115;ODDS_CORNERS_1;ODDS_CORNERS_X;ODDS_CORNERS_2;ODDS_TEAM_TO_SCORE_FIRST_1;ODDS_TEAM_TO_SCORE_FIRST_X;ODDS_TEAM_TO_SCORE_FIRST_2;ODDS_WIN_TO_NIL_1;ODDS_WIN_TO_NIL_2;ODDS_1ST_HALF_OVER05;ODDS_1ST_HALF_OVER15;ODDS_1ST_HALF_OVER25;ODDS_1ST_HALF_OVER35;ODDS_1ST_HALF_UNDER05;ODDS_1ST_HALF_UNDER15;ODDS_1ST_HALF_UNDER25;ODDS_1ST_HALF_UNDER35;ODDS_2ND_HALF_OVER05;ODDS_2ND_HALF_OVER15;ODDS_2ND_HALF_OVER25;ODDS_2ND_HALF_OVER35;ODDS_2ND_HALF_UNDER05;ODDS_2ND_HALF_UNDER15;ODDS_2ND_HALF_UNDER25;ODDS_2ND_HALF_UNDER35;ODDS_BTTS_1ST_HALF_YES;ODDS_BTTS_1ST_HALF_NO;ODDS_BTTS_2ND_HALF_YES;ODDS_BTTS_2ND_HALF_NO;OVERALLGOALCOUNT;HT_GOALS_TEAM_A;HT_GOALS_TEAM_B;GOALS_2HG_TEAM_A;GOALS_2HG_TEAM_B;GOALCOUNT_2HG;HTGOALCOUNT;DATE_UNIX;WINNINGTEAM;NO_HOME_AWAY;BTTS_POTENTIAL;BTTS_FHG_POTENTIAL;BTTS_2HG_POTENTIAL;GOALTIMINGDISABLED;CORNER_TIMINGS_RECORDED;CARD_TIMINGS_RECORDED;TEAM_A_FH_CORNERS;TEAM_B_FH_CORNERS;TEAM_A_2H_CORNERS;TEAM_B_2H_CORNERS;CORNER_FH_COUNT;CORNER_2H_COUNT;TEAM_A_FH_CARDS;TEAM_B_FH_CARDS;TEAM_A_2H_CARDS;TEAM_B_2H_CARDS;TOTAL_FH_CARDS;TOTAL_2H_CARDS;ATTACKS_RECORDED;TEAM_A_DANGEROUS_ATTACKS;TEAM_B_DANGEROUS_ATTACKS;TEAM_A_ATTACKS;TEAM_B_ATTACKS;TEAM_A_XG;TEAM_B_XG;TOTAL_XG;TEAM_A_PENALTIES_WON;TEAM_B_PENALTIES_WON;TEAM_A_PENALTY_GOALS;TEAM_B_PENALTY_GOALS;TEAM_A_PENALTY_MISSED;TEAM_B_PENALTY_MISSED;PENS_RECORDED;GOAL_TIMINGS_RECORDED;TEAM_A_0_10_MIN_GOALS;TEAM_B_0_10_MIN_GOALS;TEAM_A_CORNERS_0_10_MIN;TEAM_B_CORNERS_0_10_MIN;TEAM_A_CARDS_0_10_MIN;TEAM_B_CARDS_0_10_MIN;THROWINS_RECORDED;TEAM_A_THROWINS;TEAM_B_THROWINS;FREEKICKS_RECORDED;TEAM_A_FREEKICKS;TEAM_B_FREEKICKS;GOALKICKS_RECORDED;TEAM_A_GOALKICKS;TEAM_B_GOALKICKS;O45_POTENTIAL;O35_POTENTIAL;O25_POTENTIAL;O15_POTENTIAL;O05_POTENTIAL;O15HT_POTENTIAL;O05HT_POTENTIAL;O05_2H_POTENTIAL;O15_2H_POTENTIAL;CORNERS_POTENTIAL;OFFSIDES_POTENTIAL;CARDS_POTENTIAL;AVG_POTENTIAL;HOME_NAME;AWAY_NAME;HOME_PPG;AWAY_PPG;PRE_MATCH_HOME_PPG;PRE_MATCH_AWAY_PPG;PRE_MATCH_TEAMA_OVERALL_PPG;PRE_MATCH_TEAMB_OVERALL_PPG;U45_POTENTIAL;U35_POTENTIAL;U25_POTENTIAL;U15_POTENTIAL;U05_POTENTIAL;CORNERS_O85_POTENTIAL;CORNERS_O95_POTENTIAL;CORNERS_O105_POTENTIAL;TEAM_A_XG_PREMATCH;TEAM_B_XG_PREMATCH;TOTAL_XG_PREMATCH;COMPETITION_ID;MATCHES_COMPLETED_MINIMUM;OVER05;OVER15;OVER25;OVER35;OVER45;OVER55;BTTS
849431;85;1246;2020;complete;55680;1;-1;9,25,49,65;;4;0;4;4;1;5;2;0;2;2;0;1;10;4;10;7;20;11;14;16;64;36;2;4;1.14;7;15;1.02;1.16;1.47;2.2;3.5;11;4.5;2.6;1.61;1.28;2.25;1.57;1.61;2.2;10;1.03;1.01;1.08;5;1.53;2.75;10;1.33;3.75;11;0;0;0;0;0;0;0;0;0;0;0;0;0;0;0;1.14;19;5.5;1.72;29;1.25;2.1;4.5;13;3.75;1.66;1.18;1.04;1.12;1.67;3;6.5;6;2.1;1.36;1.11;0;0;0;0;4;2;0;2;0;2;2;2020-03-06 17:30:00;85;0;0;0;0;0;1;1;1;0;3;1;1;4;1;0;1;3;1;4;1;70;33;127;91;2.47;1.22;3.69;0;0;0;0;0;0;1;1;1;0;0;0;0;0;-1;-1;-1;-1;-1;-1;-1;-1;-1;0;0;0;0;0;0;0;0;0;0;0;0;0;Žalgiris;Panevėžys;2.2;0.3;0;0;0;0;0;0;0;0;0;0;0;0;0;0;0;3825;20;Y;Y;Y;Y;N;N;N
849432;1230;1238;2020;complete;55680;1;-1;64;;1;0;1;9;3;12;7;2;4;4;0;0;5;3;6;6;11;9;16;19;64;36;4;4;1.04;13;21;1;1.07;1.29;1.67;2.5;34;7.5;3.6;2.1;1.5;3.75;1.25;1.25;3.75;12;1.02;1;1.01;9;1.22;4;21;1.14;5.5;21;0;0;0;0;0;0;0;0;0;0;0;0;0;0;0;1.18;10.25;6.5;1.28;1.98;1.17;1.8;3.5;8;5;1.91;1.29;1.08;1.08;1.44;2.5;5;8;2.62;1.5;1.17;0;0;0;0;1;0;0;1;0;1;0;2020-03-07 15:00:00;1230;0;0;0;0;0;1;1;3;1;6;2;4;8;2;2;2;2;4;4;1;109;55;156;88;1.84;1.18;3.02;1;0;1;0;0;0;1;1;0;0;0;0;0;0;-1;-1;-1;-1;-1;-1;-1;-1;-1;0;0;0;0;0;0;0;0;0;0;0;0;0;Sūduva;Banga;2.4;0.9;0;0;0;0;0;0;0;0;0;0;0;0;0;0;0;3825;20;Y;N;N;N;N;N;N
849433;1232;1231;2020;complete;55680;1;-1;;25,48,90;0;3;3;1;6;7;1;2;2;5;0;0;4;5;5;3;9;8;19;15;50;50;2;5;1.95;3.6;3.2;1.03;1.33;2.05;3.5;6.5;10;3.25;1.75;1.29;1.1;1.83;1.83;2.62;1.44;3.75;1.25;1.33;1.25;1.73;2.62;2.1;3.75;2.38;2.5;3.5;0;0;0;0;0;0;0;0;0;0;0;0;0;0;0;1.73;8.5;2.4;3.4;15;1.4;3;8;23;2.75;1.36;1.08;1.01;1.25;2.2;5;13;3.75;1.62;1.17;1.04;0;0;0;0;3;0;1;0;2;2;1;2020-03-08 16:00:00;1231;0;0;0;0;0;1;1;0;3;1;3;3;4;0;3;2;2;3;4;1;59;47;118;104;1.29;1.21;2.49;0;1;0;1;0;0;1;1;0;0;0;3;0;0;-1;-1;-1;-1;-1;-1;-1;-1;-1;0;0;0;0;0;0;0;0;0;0;0;0;0;Trakai;Kauno Žalgiris;0.6;2;0;0;0;0;0;0;0;0;0;0;0;0;0;0;0;3825;20;Y;Y;Y;N;N;N;N
966505;85;1232;2020;complete;55680;2;-1;;20;0;1;1;11;6;17;2;1;1;6;0;0;12;3;9;5;21;8;13;16;63;37;1;6;1.23;4.6;9.5;1;1.16;1.57;2.45;4.25;10.5;4;2.1;1.42;1.14;2.05;1.61;1.8;1.91;8;1.06;1.02;1.12;3.75;1.62;2.62;8.5;1.5;3.1;9;0;0;0;0;0;0;0;0;0;0;0;0;0;0;0;1.25;15;4;2.02;21;1.29;2.25;5.5;15;3.5;1.57;1.14;1.03;1.17;1.8;3.5;8;5;1.91;1.29;1.08;0;0;0;0;1;0;1;0;0;0;1;2020-05-30 12:00:00;1232;0;0;0;0;0;1;1;7;1;4;5;8;9;1;2;0;4;3;4;1;99;46;156;91;2.88;1.06;3.94;0;0;0;0;0;0;1;1;0;0;3;0;0;1;-1;-1;-1;-1;-1;-1;-1;-1;-1;0;50;50;50;50;50;50;50;50;4;2;2;2;Žalgiris;Trakai;2.2;0.6;3;0;3;0;50;0;0;0;0;0;0;0;2.47;0;2.47;3825;20;Y;N;N;N;N;N;N
966506;1238;1246;2020;complete;55680;2;-1;20,44;;2;0;2;5;6;11;3;2;2;0;0;0;5;4;7;8;12;12;19;13;43;57;2;0;2.7;3.6;2.05;1.01;1.21;1.74;2.85;5.1;9.25;3.5;1.87;1.31;1.09;1.65;2;3.75;1.25;3.25;1.33;1.61;1.28;1.4;3.4;2.2;2.75;3;2.6;2.5;0;0;0;0;0;0;0;0;0;0;0;0;0;0;0;2.2;12;1.72;4.55;3.6;1.36;2.62;7;19;3;1.44;1.1;1.02;1.2;1.91;4;10;4.33;1.8;1.22;1.06;0;0;0;0;2;2;0;0;0;0;2;2020-05-30 14:00:00;1238;0;0;0;0;0;1;1;3;2;2;4;5;6;0;0;2;0;0;2;1;51;58;82;84;1.48;1.46;2.93;0;0;0;0;0;0;1;1;0;0;0;0;0;0;-1;-1;-1;-1;-1;-1;-1;-1;-1;0;50;50;50;50;50;50;50;50;1;0;4;2;Banga;Panevėžys;0.7;0.3;0;0;0;0;50;0;0;0;0;0;0;0;0;1.22;1.22;3825;20;Y;Y;N;N;N;N;N
966508;1230;1231;2020;complete;55680;2;-1;68;;1;0;1;8;1;9;1;0;3;4;1;0;4;0;1;0;5;0;2;3;47;53;5;4;1.95;3.3;3.1;1.01;1.2;1.71;2.8;4.95;9.5;3.6;1.91;1.33;1.1;1.62;2.05;2.75;1.4;4.33;1.2;1.29;1.29;1.73;2.6;2.2;3.75;2.3;2.6;3.5;0;0;1.22;1.44;1.8;2.3;3.2;3.7;2.5;1.87;1.53;1.29;0;0;0;1.28;19.25;3.78;4;6;1.36;2.62;7;19;3;1.44;1.1;1.02;1.22;2;4;11;4;1.73;1.22;1.8;0;0;0;0;1;0;0;1;0;1;0;2020-06-01 15:00:00;1230;0;0;0;0;0;1;1;4;0;4;1;4;5;0;1;4;3;1;7;1;10;8;19;16;0.67;0.06;0.73;0;0;0;0;0;0;1;1;0;0;0;0;0;0;-1;-1;-1;-1;-1;-1;-1;-1;-1;0;0;50;50;100;0;50;100;50;15;9;9;2;Sūduva;Kauno Žalgiris;2.4;2;3;3;3;3;100;100;50;50;0;50;50;50;1.84;1.21;3.05;3825;20;Y;N;N;N;N;N;N
966509;1231;85;2020;complete;55680;3;-1;;43;0;1;1;7;7;14;3;6;6;6;1;1;4;7;6;2;10;9;20;21;57;43;7;8;3.95;3.4;1.69;1.01;1.18;1.65;2.65;4.65;10;3.75;2;1.36;1.11;1.61;2.05;4.5;1.17;2.5;1.5;2;1.25;1.2;4.5;2.2;2.3;4.2;2.63;2;0;0;0;0;0;0;0;0;0;0;0;0;0;0;0;2.45;13;1.55;8;3.2;1.29;2.61;6;13;3.17;1.42;1.1;1.01;1.17;2.02;3.4;9;4.4;1.73;1.27;1.05;0;0;0;0;1;0;1;0;0;0;1;2020-06-06 10:00:00;85;0;0;0;0;0;1;1;3;3;4;4;6;8;3;1;4;6;4;10;1;81;54;132;91;1.51;1.45;2.96;0;0;0;0;0;0;1;1;0;0;2;1;0;0;-1;-1;-1;-1;-1;-1;-1;-1;-1;0;0;0;0;0;0;0;0;0;0;0;0;0;Kauno Žalgiris;Žalgiris;1.8;2.3;0;0;1.5;1.5;0;0;0;0;0;0;0;0;0;0;0;3825;20;Y;N;N;N;N;N;N
966510;1246;1230;2020;complete;55680;3;-1;78;9,36,52;1;3;4;4;5;9;2;1;2;0;0;0;3;10;7;2;10;12;14;7;39;61;2;0;8.25;5.85;1.18;1;1.1;1.4;2.05;3.35;12.75;5;2.5;1.61;1.23;1.95;1.67;9;1.04;1.8;1.91;4.5;1.07;1.03;8;2.88;1.57;8.5;3.4;1.42;0;0;0;0;0;0;0;0;0;0;0;0;0;0;0;4;25;1.2;21;2.1;1.27;2.06;5;10.5;3.4;1.69;1.14;1.03;1.11;1.71;2.7;6.5;5.5;2.04;1.41;1.1;0;0;0;0;4;0;2;1;1;2;2;2020-06-06 14:00:00;1230;0;0;0;0;0;1;1;2;1;2;4;3;6;2;0;0;0;2;0;1;70;77;131;148;1.36;2.03;3.39;0;0;0;0;0;0;1;1;0;1;0;0;0;0;-1;-1;-1;-1;-1;-1;-1;-1;-1;0;0;0;0;0;0;0;0;0;0;0;0;0;Panevėžys;Sūduva;0.9;1.9;0;0;0;3;0;0;0;0;0;0;0;0;0;0;0;3825;20;Y;Y;Y;Y;N;N;Y
966511;1232;1238;2020;complete;55680;3;-1;;88;0;1;1;12;4;16;2;0;3;3;0;0;2;5;6;8;8;13;16;12;65;35;3;3;1.51;3.6;5.15;1.02;1.28;1.91;3.3;6;8;3.05;1.69;1.24;1.06;1.95;1.69;2.2;1.62;4.5;1.17;1.12;1.25;2.2;2.2;2.2;5;1.91;2.5;5;0;0;0;0;0;0;0;0;0;0;0;0;0;0;0;1.5;10;2.8;2.6;9;1.45;2.9;7.5;17;2.55;1.35;1.06;1.01;1.24;2.2;4.1;11;3.6;1.61;1.19;1.03;0;0;0;0;1;0;0;0;1;1;0;2020-06-07 14:00:00;1238;0;0;0;0;0;1;1;3;1;9;3;4;12;1;2;2;1;3;3;1;79;43;100;69;1.22;1.48;2.7;0;0;0;0;0;0;1;1;0;0;1;0;0;0;-1;-1;-1;-1;-1;-1;-1;-1;-1;0;0;50;50;100;0;50;100;50;4;3;6;2;Trakai;Banga;0.6;0.9;0;0;1.5;1.5;100;100;50;50;0;50;50;50;1.29;1.18;2.47;3825;20;Y;N;N;N;N;N;N
966513;1231;1246;2020;complete;55680;4;-1;23,82;;2;0;2;4;4;8;2;2;1;7;0;0;6;3;9;4;15;7;9;13;63;37;1;7;1.41;4.25;5.2;1;1.16;1.61;2.15;4.4;10.5;3.95;2.05;1.53;1.13;1.74;1.87;2.25;1.57;7.5;1.07;1.08;1.17;2.75;1.91;2.5;5.5;1.91;2.7;4.5;0;0;0;0;0;0;0;0;0;0;0;0;0;0;0;1.44;12;3;2.75;10;1.3;2.63;6;12;3.2;1.44;1.1;1.02;1.19;1.96;3.6;9;4.2;1.77;1.24;1.05;0;0;0;0;2;1;0;1;0;1;1;2020-06-13 10:00:00;1231;0;0;0;0;0;1;1;1;1;3;3;2;6;1;3;0;4;4;4;1;81;67;152;113;1.96;1.15;3.11;0;0;0;0;0;0;1;1;0;0;0;0;0;1;-1;-1;-1;-1;-1;-1;-1;-1;-1;0;25;25;50;100;50;100;25;25;10.5;4;9;2;Kauno Žalgiris;Panevėžys;1.8;0.3;0;0;1;0;100;75;75;50;0;75;75;75;1.51;1.34;2.85;3825;20;Y;Y;N;N;N;N;N
966515;1238;85;2020;complete;55680;4;-1;;64;0;1;1;3;5;8;1;3;3;1;0;0;2;5;5;6;7;11;22;21;39;61;3;1;7.25;4.65;1.28;1;1.16;1.61;2.55;4.4;10.5;3.95;2.05;1.4;1.13;1.95;1.67;7.5;1.07;1.91;1.8;3.25;1.14;1.05;7;2.5;1.73;7;3;1.53;0;0;0;0;0;0;0;0;0;0;0;0;0;0;0;0;0;0;0;0;1.29;2.38;5.5;15;3.5;1.53;1.14;1.03;1.17;1.8;3.5;8;5;1.91;1.29;1.08;0;0;0;0;1;0;0;0;1;1;0;2020-06-13 14:00:00;85;0;0;0;0;0;1;1;0;2;3;3;2;6;1;0;2;1;1;3;1;33;65;78;102;0.83;1.52;2.35;0;0;0;0;0;0;1;1;0;0;0;0;0;0;-1;-1;-1;-1;-1;-1;-1;-1;-1;0;0;0;50;100;50;100;0;0;12;9;10;1.5;Banga;Žalgiris;0.7;2.3;3;3;2;2;100;100;100;50;0;100;100;100;1.48;1.45;2.93;3825;20;Y;N;N;N;N;N;N
966518;1232;1230;2020;complete;55680;4;-1;78;46,58,63;1;3;4;5;6;11;2;1;4;2;0;1;4;7;8;7;12;14;23;19;58;42;4;3;5.7;4.2;1.38;1.01;1.19;1.67;2.7;4.8;9.75;3.65;1.95;1.34;1.11;1.83;1.77;6;1.11;2;1.73;2.62;1.14;1.1;5.5;2.3;2;5;2.8;1.8;0;0;0;0;0;0;0;0;0;0;0;0;0;0;0;3.25;12;1.4;11;2.5;1.33;2.63;6;12;3;1.44;1.1;1.02;1.18;2.03;3.5;9;4.3;1.72;1.26;1.98;0;0;0;0;4;0;0;1;3;4;0;2020-06-14 14:00:00;1230;0;50;0;50;0;1;1;3;2;2;4;5;6;2;2;2;1;4;3;1;53;55;124;105;1.43;1.77;3.21;0;0;0;0;0;0;1;1;0;0;1;0;0;0;-1;-1;-1;-1;-1;-1;-1;-1;-1;0;50;75;75;100;50;75;100;75;11.5;2.5;2.5;3;Trakai;Sūduva;0.6;1.9;0;3;1;3;100;50;25;25;0;75;25;25;1.25;2.03;3.28;3825;20;Y;Y;Y;Y;N;N;Y
966519;1232;1246;2020;complete;55680;5;-1;7;80;1;1;2;10;3;13;1;1;2;3;0;0;5;6;8;9;13;15;13;5;58;42;2;3;1.61;3.7;4.15;1;1.17;1.62;2.6;4.55;10.25;3.85;2;1.38;1.12;1.61;2.05;2.62;1.44;5;1.14;1.18;1.22;2.03;2.26;2.31;4.52;2.06;2.67;4.22;0;0;0;0;0;0;0;0;0;0;0;0;0;0;0;1.5;12;2.75;3;9;1.31;2.45;5.3;17;3.2;1.5;1.12;1.03;1.18;1.94;3.5;9;4.3;1.79;1.26;1.95;0;0;0;0;2;1;0;0;1;1;1;2020-06-19 16:00:00;-1;0;17;0;17;0;1;1;6;2;4;1;8;5;0;0;2;3;0;5;1;87;45;106;85;1.8;1.69;3.49;0;0;0;0;0;0;1;1;1;0;3;0;0;0;-1;-1;-1;-1;-1;-1;-1;-1;-1;0;33;50;84;100;34;67;84;50;9.67;3;6.67;2.67;Trakai;Panevėžys;0.6;0.3;0;0;0.75;0;100;67;50;17;0;50;50;50;1.31;1.27;2.58;3825;20;Y;Y;N;N;N;N;Y
966521;1238;1231;2020;complete;55680;5;-1;90;77;1;1;2;7;3;10;2;0;2;5;0;0;3;8;7;5;10;13;14;17;40;60;2;5;4.45;3.45;1.61;1.02;1.29;1.95;3.4;6.15;8;3;1.69;1.22;1.05;1.91;1.69;4.33;1.2;1.91;1.8;2;1.24;1.15;5.95;2.1;2.21;5.3;2.41;2.03;0;0;0;0;0;0;0;0;0;0;0;0;0;0;0;3;9;1.45;8;1.77;1.45;3.1;6.8;17;2.61;1.33;1.07;1.01;1.3;2.39;4.6;12;3.26;1.52;1.16;1.03;0;0;0;0;2;0;0;1;1;2;0;2020-06-20 14:00:00;-1;0;0;0;0;0;1;1;5;1;2;2;6;4;0;1;2;4;1;6;1;61;87;94;124;1.29;2.01;3.3;0;0;0;0;0;0;1;1;0;0;0;0;0;0;-1;-1;-1;-1;-1;-1;-1;-1;-1;0;0;25;50;100;25;50;75;25;7.5;3;7;1.75;Banga;Kauno Žalgiris;0.7;2;1.5;1.5;1.5;1.5;100;100;75;50;0;50;25;25;1.15;0.63;1.78;3825;20;Y;Y;N;N;N;N;Y
966522;1230;85;2020;complete;55680;5;-1;90;36;1;1;2;7;3;10;2;8;2;1;0;0;4;4;6;3;10;7;11;16;54;46;2;1;1.91;3.15;3.35;1.02;1.26;1.87;3.2;5.75;8.5;3.15;1.74;1.25;1.07;1.74;1.87;2.62;1.44;4.33;1.2;1.25;1.28;1.68;2.57;2.12;4.24;2.39;2.42;3.78;0;0;0;0;0;0;0;0;0;0;0;0;0;0;0;1.65;11;2.3;3.5;6.5;1.39;2.81;6;15;2.81;1.39;1.09;1.02;1.22;2.2;4;10;3.8;1.61;1.21;1.04;0;0;0;0;2;0;1;1;0;1;1;2020-06-20 16:00:00;-1;0;0;0;0;0;1;1;3;0;4;3;3;7;0;1;2;0;1;2;1;36;28;79;74;1.18;0.93;2.11;0;0;0;0;0;0;1;1;0;0;0;0;0;0;-1;-1;-1;-1;-1;-1;-1;-1;-1;0;0;0;0;100;0;25;75;0;14.5;8.5;9;1;Sūduva;Žalgiris;2.4;2.3;3;3;3;2.25;100;100;100;100;0;75;50;50;1.25;1.49;2.74;3825;20;Y;Y;N;N;N;N;Y
966525;1238;1232;2020;complete;55680;6;-1;54;19;1;1;2;5;3;8;1;5;3;3;0;0;7;5;5;8;12;13;16;22;48;52;3;3;2.75;2.9;2.35;1.07;1.48;2.5;4.3;7.9;6.8;2.45;1.53;1.18;1.05;1.95;1.75;0;0;0;0;1.48;1.32;1.35;3.62;1.95;3.12;3.3;2.2;2.8;0;0;0;0;0;0;0;0;0;0;0;0;0;0;0;2.1;7;1.91;4.5;3.75;1.55;3.3;7.8;17;2.3;1.28;1.05;1.01;1.34;2.48;5.4;12;3;1.48;1.12;1.03;0;0;0;0;2;0;1;1;0;1;1;2020-06-24 17:00:00;-1;0;17;0;17;0;1;1;2;3;3;0;5;3;1;2;2;1;3;3;1;55;58;92;80;1.65;1.59;3.23;0;0;0;0;0;0;1;1;0;0;0;0;0;0;-1;-1;-1;-1;-1;-1;-1;-1;-1;0;0;0;34;100;17;67;34;17;11;3;8.33;1.34;Banga;Trakai;0.7;0.6;1.33;3;1.4;0.8;100;100;100;67;0;84;84;67;1.2;1.06;2.26;3825;20;Y;Y;N;N;N;N;Y
966526;1230;1246;2020;complete;55680;6;-1;11,18,42;;3;0;3;11;2;13;2;2;2;3;0;0;10;6;5;5;15;11;10;14;57;43;2;3;1.09;7;13.5;1.01;1.07;1.36;2;3.3;15;7;2.88;1.73;1.29;2.2;1.6;0;0;0;0;1.01;1.05;6.5;1.4;3.1;12;1.3;4;11;0;0;0;0;0;0;0;0;0;0;0;0;0;0;0;1.13;26;5.5;1.73;41;1.17;2.1;4.5;9.5;4.5;1.67;1.17;1.04;1.11;1.61;2.85;5.5;5.5;2.2;1.38;1.13;0;0;0;0;3;3;0;0;0;0;3;2020-06-24 14:00:00;1230;0;29;0;0;0;1;1;3;1;8;1;4;9;1;1;1;2;2;3;1;72;46;126;97;2.17;1.45;3.62;0;0;0;0;0;0;1;1;0;0;0;0;0;0;-1;-1;-1;-1;-1;-1;-1;-1;-1;0;13;13;67;100;25;67;88;13;11.5;4.58;7.17;1.92;Sūduva;Panevėžys;2.4;0.3;2.33;0.25;2.6;0.2;100;88;88;34;0;75;59;42;1.23;1.38;2.61;3825;20;Y;Y;Y;N;N;N;N
966527;85;1231;2020;complete;55680;6;-1;53,70;25,38,88;2;3;5;4;1;5;3;1;2;4;0;0;6;6;9;6;15;12;9;20;61;39;2;4;1.44;3.75;5.5;1.06;1.3;2.05;3.8;7.5;9;3.2;1.75;1.22;1.09;2.2;1.62;0;0;0;0;1.12;1.2;2.2;2;2.1;6.5;1.8;2.6;6;0;0;0;0;0;0;0;0;0;0;0;0;0;0;0;1.36;9.5;3.6;2.1;11;1.4;3;7.5;17;2.75;1.33;1.06;1.01;1.25;2.26;4.2;11;3.6;1.58;1.18;1.03;0;0;0;0;5;0;2;2;1;3;2;2020-06-24 16:00:00;1231;0;17;0;17;0;1;1;0;0;4;1;0;5;1;0;1;4;1;5;1;97;36;150;81;2.07;1.44;3.51;0;0;0;0;0;0;1;1;0;0;0;0;0;0;-1;-1;-1;-1;-1;-1;-1;-1;-1;0;25;42;59;100;25;67;75;59;10.83;2.67;6.17;2.25;Žalgiris;Kauno Žalgiris;2.2;2;1.5;1.33;2;1.4;100;75;59;42;0;59;42;25;2.67;1.09;3.76;3825;20;Y;Y;Y;Y;Y;N;Y
966529;1231;1230;2020;complete;55680;7;-1;;90;0;1;1;2;5;7;1;3;1;2;0;0;2;4;6;10;8;14;12;14;53;47;1;2;3.75;3.25;1.85;1.02;1.3;2;3.4;6.5;11;3.4;1.8;1.3;1.1;1.75;1.95;3.75;1.25;2.75;1.4;1.62;1.28;1.28;3.75;2.1;2.75;3.5;2.4;2.4;0;0;0;0;0;0;0;0;0;0;0;0;0;0;0;2.2;9;1.7;5.5;3.75;1.45;2.9;7;15;2.55;1.35;1.07;1.01;1.24;2.13;4.1;10;3.6;1.65;1.19;1.04;0;0;0;0;1;0;0;0;1;1;0;2020-06-28 12:00:00;1230;0;50;0;50;0;1;1;1;3;1;2;4;3;1;1;0;1;2;1;1;56;62;131;114;1.07;1.62;2.68;0;0;0;0;0;0;1;1;0;0;1;1;0;0;-1;-1;-1;-1;-1;-1;-1;-1;-1;0;50;50;75;100;25;75;75;50;11;3.5;5.5;2.75;Kauno Žalgiris;Sūduva;1.8;1.9;1.5;3;1.67;2.67;100;50;50;25;0;75;50;50;1.73;1.9;3.63;3825;20;Y;N;N;N;N;N;N
966531;1232;85;2020;complete;55680;7;-1;;13,33,44,45,55,68,85;0;7;7;4;5;9;1;1;2;0;0;0;2;10;4;12;6;22;14;10;39;61;2;0;5.95;3.8;1.41;1.01;1.25;1.83;3.1;5.55;8.5;3.25;1.77;1.27;1.07;1.95;1.67;5;1.14;2;1.73;2.3;1.19;1.11;6.25;2.25;1.95;5.75;2.65;1.75;0;0;0;0;0;0;0;0;0;0;0;0;0;0;0;3.25;11.5;1.4;10;2.4;1.4;2.7;5.6;15;2.7;1.4;1.11;1.02;1.2;2.08;3.7;10;4;1.68;1.23;1.04;0;0;0;0;7;0;4;0;3;3;4;2020-06-28 14:00:00;85;0;42;0;13;0;1;1;2;2;2;3;4;5;2;0;0;0;2;0;1;36;71;85;110;0.79;2.59;3.38;0;0;0;0;0;0;1;1;0;0;0;0;0;0;-1;-1;-1;-1;-1;-1;-1;-1;-1;0;13;25;54;100;0;59;84;25;12;7.17;6.08;1.92;Trakai;Žalgiris;0.6;2.3;0.25;2.33;0.83;1.67;100;88;75;46;0;71;71;54;1.43;1.3;2.73;3825;20;Y;Y;Y;Y;Y;Y;N
966533;1246;1238;2020;complete;55680;7;-1;19,66;90;2;1;3;0;5;5;2;1;4;1;0;0;9;5;10;8;19;13;14;17;43;57;4;1;2.52;3.18;2.51;1.07;1.33;2.1;3.7;7.5;8.5;3.3;1.75;1.29;1.09;1.8;1.95;3.5;1.29;3.25;1.33;1.53;1.29;1.33;3.5;2;3;3.2;2.4;2.63;0;0;0;0;0;0;0;0;0;0;0;0;0;0;0;2.1;8.5;1.91;5;4;1.4;3;8;17;2.75;1.33;1.06;1;1.28;2.26;4.7;9;3.3;1.58;1.15;1.05;0;0;0;0;3;1;0;1;1;2;1;2020-06-28 16:00:00;1246;0;50;0;50;0;1;1;0;0;0;5;0;5;2;0;2;1;2;3;1;68;81;108;142;2.32;1.77;4.08;1;0;1;0;0;0;1;1;0;0;0;0;0;0;-1;-1;-1;-1;-1;-1;-1;-1;-1;0;50;50;50;100;50;50;100;50;7.5;3;5.5;2.5;Panevėžys;Banga;0.9;0.9;0;1.5;0.17;1.33;100;50;50;50;0;100;50;50;1.36;1.33;2.69;3825;20;Y;Y;Y;N;N;N;Y
966535;85;1238;2020;complete;55680;8;-1;;;0;0;0;14;2;16;3;2;2;3;0;0;4;2;13;2;17;4;15;18;65;35;2;3;1.09;7;13;1;1.11;1.44;2.15;3.6;12.25;4.7;2.4;1.54;1.2;2.35;1.47;1.5;2.5;9;1.04;1.01;1.06;5.5;1.5;2.88;11;1.33;3.6;11;0;0;0;0;0;0;0;0;0;0;0;0;0;0;0;1.14;20;5.5;1.67;31;1.22;2.25;5.5;11;3.75;1.57;1.13;1.02;1.14;1.79;3.1;7;4.9;1.94;1.32;1.08;0;0;0;0;0;0;0;0;0;0;0;2020-07-03 15:00:00;-1;0;33;0;33;0;1;1;4;0;10;2;4;12;0;1;2;2;1;4;1;99;34;123;70;2.06;0.65;2.71;0;0;0;0;0;0;1;1;0;0;0;0;0;0;-1;-1;-1;-1;-1;-1;-1;-1;-1;17;34;50;50;100;34;67;84;50;10.33;3.33;4.34;2.5;Žalgiris;Banga;2.2;0.9;1;1;1.86;1.14;84;67;50;50;0;50;50;50;2.47;1.47;3.94;3825;20;N;N;N;N;N;N;N
966537;1246;1231;2020;complete;55680;8;-1;;66,90;0;2;2;3;9;12;0;1;3;4;0;0;4;8;4;8;8;16;12;11;50;50;3;4;8;4;1.36;1.01;1.2;1.6;2.5;4.33;13;4.33;2.3;1.5;1.2;1.75;1.95;7.5;1.07;2.1;1.67;2.8;1.14;1.07;6;2.4;1.91;5;3;1.67;0;0;0;0;0;0;0;0;0;0;0;0;0;0;0;3.3;14;1.36;12;2.5;1.29;2.5;6;12;3.25;1.5;1.11;1.02;1.15;1.85;3.1;7.5;4.7;1.87;1.31;1.77;0;0;0;0;2;0;0;0;2;2;0;2020-07-03 17:00:00;1231;0;75;0;75;0;1;1;1;5;2;4;6;6;2;2;1;2;4;3;1;57;95;116;173;1.21;2.27;3.48;0;0;0;0;0;0;1;1;0;0;0;2;1;0;-1;-1;-1;-1;-1;-1;-1;-1;-1;13;38;75;88;100;38;75;100;88;4.75;2.75;7.5;3.13;Panevėžys;Kauno Žalgiris;0.9;2;1.5;1.75;0.57;1.43;88;63;25;13;0;50;13;0;1.84;1.18;3.02;3825;20;Y;Y;N;N;N;N;N
966538;1230;1232;2020;complete;55680;8;-1;69;;1;0;1;12;5;17;5;2;3;4;0;0;6;0;1;4;7;4;14;18;48;52;3;4;1.15;6.65;8.75;1;1.09;1.37;2;3.2;13.25;5.2;2.6;1.65;1.25;1.87;1.74;1.8;1.91;9;1.04;1.03;1.06;5;1.5;3;9.5;1.33;3.75;9.5;0;0;0;0;0;0;0;0;0;0;0;0;0;0;0;1.17;26;4.5;1.83;31;1.17;2.1;4.5;10;4;1.67;1.17;1.03;1.12;1.66;2.8;6.5;5.3;2.11;1.38;1.95;0;0;0;0;1;0;0;1;0;1;0;2020-07-04 16:00:00;1230;0;38;0;0;0;1;1;3;3;9;2;6;11;2;0;1;4;2;5;1;68;61;111;111;1.36;0.71;2.07;0;0;0;0;0;0;1;1;0;0;0;1;0;0;-1;-1;-1;-1;-1;-1;-1;-1;-1;0;0;13;50;100;13;75;63;0;13.25;6;7.75;1.63;Sūduva;Trakai;2.4;0.6;2.5;2;2.71;0.71;100;100;88;50;0;75;63;50;1.46;1.32;2.78;3825;20;Y;N;N;N;N;N;N
966539;1231;1238;2020;complete;55680;9;-1;31,70;;2;0;2;5;4;9;0;1;4;1;0;0;7;4;4;9;11;13;10;18;64;36;4;1;1.32;4.2;6.75;1.01;1.24;1.8;3;5.4;8.75;3.3;1.8;1.28;1.08;2.05;1.61;1.8;1.91;5;1.83;1.08;1.2;2.62;2;2.2;6.5;1.73;2.63;6.5;0;0;0;0;0;0;0;0;0;0;0;0;0;0;0;1.3;10;3.75;2;12;1.4;3;7.5;17;2.75;1.33;1.06;1;1.29;2.38;4.3;10;3.34;1.53;1.18;1.04;0;0;0;0;2;1;0;1;0;1;1;2020-07-11 12:00:00;1231;0;13;0;13;0;1;1;4;1;1;3;5;4;1;0;3;1;1;4;1;78;62;172;114;1.77;1.55;3.32;0;0;0;0;0;0;1;1;0;0;0;0;0;0;-1;-1;-1;-1;-1;-1;-1;-1;-1;0;0;13;29;88;0;46;71;13;7.83;3.25;5.75;1.29;Kauno Žalgiris;Banga;1.8;0.9;1;1;1.63;1.13;100;100;88;71;13;54;54;54;1.51;1.27;2.78;3825;20;Y;Y;N;N;N;N;N
966540;1246;1232;2020;complete;55680;9;-1;23,55;76;2;1;3;3;11;14;2;1;2;3;1;0;6;5;3;3;9;8;15;12;35;65;3;3;2.9;3.65;1.95;1.01;1.19;1.67;2.7;4.75;9.75;3.7;1.95;1.35;1.11;1.61;2.05;4.33;1.2;3.25;1.33;1.61;1.28;1.36;3.6;2.2;2.6;3.3;2.6;2.38;0;0;0;0;0;0;0;0;0;0;0;0;0;0;0;2.2;11;1.73;6.5;4;1.3;2.63;6;12;3.2;1.44;1.1;1.02;1.16;1.95;3.2;8;4.6;1.78;1.29;1.98;0;0;0;0;3;1;0;1;1;2;1;2020-07-11 15:00:00;1246;0;50;0;34;0;1;1;3;2;0;9;5;9;1;0;2;3;1;5;1;48;103;85;137;1.34;1.61;2.95;0;1;0;1;0;0;1;1;0;0;1;0;0;0;-1;-1;-1;-1;-1;-1;-1;-1;-1;0;17;34;67;100;17;67;84;50;7;4;7.33;2.17;Panevėžys;Trakai;0.9;0.6;1;1.33;0.5;0.63;100;84;67;34;0;67;50;50;1.63;1.12;2.75;3825;20;Y;Y;Y;N;N;N;Y
966541;85;1230;2020;complete;55680;9;-1;37,63,70,90;;4;0;4;5;3;8;2;1;2;5;0;0;8;5;8;4;16;9;27;20;52;48;2;5;2.2;3.3;2.65;1.01;1.24;1.8;3;5.4;8.75;3.3;1.8;1.28;1.08;1.67;1.95;3;1.36;3.75;1.25;1.36;1.25;1.67;2.75;2.2;3.6;2.58;2.47;3.3;0;0;0;0;0;0;0;0;0;0;0;0;0;0;0;1.85;11.5;2.1;3.75;1.85;1.36;2.88;7;15;2.88;1.36;1.07;1.01;1.19;2.11;3.6;10;4.2;1.66;1.25;1.04;0;0;0;0;4;1;0;3;0;3;1;2020-07-12 14:00:00;85;0;46;0;46;0;1;1;0;1;5;2;1;7;0;1;2;4;1;6;1;62;46;117;95;2.02;1.26;3.28;0;0;0;0;0;0;1;1;0;0;0;1;0;0;-1;-1;-1;-1;-1;-1;-1;-1;-1;13;59;59;59;88;42;54;75;59;13.58;4.17;3.42;2.75;Žalgiris;Sūduva;2.2;1.9;1;3;1.75;2.75;88;42;42;42;13;59;42;42;2.37;1.81;4.18;3825;20;Y;Y;Y;Y;N;N;N
966542;1231;1232;2020;complete;55680;10;-1;35,45;21;2;1;3;8;4;12;2;1;1;0;0;0;6;5;12;3;18;8;17;23;58;42;1;0;1.22;5.15;8.25;1.02;1.3;1.95;3.4;6;11;3.4;1.85;1.3;1.11;2;1.73;2.2;1.62;4.5;1.17;1.17;1.22;2.38;2.2;2.2;4.75;1.95;2.6;4.75;0;0;0;0;0;0;0;0;0;0;0;0;0;0;0;1.5;11;2.75;2.6;7.5;1.4;2.75;8;21;2.75;1.4;1.08;1.02;1.22;2.1;4.5;11;4;1.67;1.18;1.05;0;0;0;0;3;2;1;0;0;0;3;2020-07-18 10:00:00;1231;0;25;0;13;0;1;1;5;3;3;1;8;4;1;0;0;0;1;0;1;112;48;155;99;2.37;1.21;3.58;0;0;0;0;0;0;1;1;0;0;3;2;0;0;-1;-1;-1;-1;-1;-1;-1;-1;-1;0;0;13;50;100;0;75;75;13;10.75;3.75;7.25;1.63;Kauno Žalgiris;Trakai;1.8;0.6;1.5;1;1.78;0.56;100;100;88;50;0;63;50;50;1.58;1.24;2.82;3825;20;Y;Y;Y;N;N;N;Y
966543;1246;85;2020;complete;55680;10;-1;83;27,70;1;2;3;3;5;8;1;2;2;2;0;0;4;10;5;9;9;19;16;15;41;59;2;2;6.65;4.95;1.29;1.01;1.15;1.5;2.25;4;17;5.5;2.5;1.57;1.2;1.91;1.8;0;0;0;0;4.33;1.08;1.03;8.5;2.75;1.57;8;3.5;1.4;0;0;0;0;0;0;0;0;0;0;0;0;0;0;0;4.33;21;1.2;21;2;1.22;2.2;5;10.5;3.75;1.62;1.14;1.03;1.11;1.74;2.75;7;5.5;2;1.4;1.08;0;0;0;0;3;0;1;1;1;2;1;2020-07-19 14:00:00;85;0;50;0;38;0;1;1;1;0;2;5;1;7;1;0;1;2;1;3;1;49;93;91;128;1.21;2.57;3.78;0;0;0;0;0;0;1;1;0;0;0;0;0;0;-1;-1;-1;-1;-1;-1;-1;-1;-1;13;25;50;75;100;25;75;88;63;7.5;6;5.5;2.88;Panevėžys;Žalgiris;0.9;2.3;1.5;2.5;0.78;1.89;88;75;50;25;0;75;50;38;1.56;1.62;3.18;3825;20;Y;Y;Y;N;N;N;Y
966544;1238;1230;2020;complete;55680;10;-1;;23,34;0;2;2;4;3;7;5;3;3;2;0;0;4;5;6;6;10;11;15;19;49;51;3;2;6.8;5.1;1.27;1.01;1.17;1.72;2.88;5.5;11;4.5;2.07;1.36;1.11;1.57;2.3;0;0;0;0;3;1.17;1.08;6.5;2.4;1.83;5.5;3.2;1.57;0;0;0;0;0;0;0;0;0;0;0;0;0;0;0;3.6;14;1.3;15;2.7;1.2;2.1;4.5;10;3.75;1.67;1.17;1.03;1.15;1.94;3.2;8;4.7;1.79;1.31;1.06;0;0;0;0;2;0;2;0;0;0;2;2020-07-19 16:00:00;1230;0;50;0;38;0;1;1;1;3;3;0;4;3;1;1;2;1;2;3;1;91;77;143;134;1.58;1.61;3.19;0;0;0;0;0;0;1;1;0;0;0;0;0;0;-1;-1;-1;-1;-1;-1;-1;-1;-1;0;38;38;75;100;25;50;88;50;9.75;3.25;5;2.5;Banga;Sūduva;0.7;1.9;1.25;2.25;1;2.44;100;63;63;25;0;50;38;25;1.31;1.67;2.98;3825;20;Y;Y;N;N;N;N;N
966545;1231;1246;2020;complete;55680;11;-1;40,49,90;73,90;3;2;5;4;6;10;0;0;3;3;1;1;5;6;2;10;7;16;12;12;53;47;4;4;1.31;4.7;6.55;1;1.18;1.65;2.6;4.6;10;3.8;2;1.37;1.12;1.91;1.71;2;1.73;7;1.9;1.06;1.17;3;1.83;2.4;7;1.7;2.88;6.25;0;0;0;0;0;0;0;0;0;0;0;0;0;0;0;1.3;13;3.6;2.25;13;1.31;2.45;4.98;13;3.2;1.5;1.14;1.02;1.16;1.94;3.3;8;4.6;1.79;1.29;1.06;0;0;0;0;5;1;0;2;2;4;1;2020-07-23 15:00:00;1231;0;20;10;0;0;1;1;0;3;4;3;3;7;1;3;3;1;4;4;1;76;75;144;135;1.36;1.98;3.34;0;0;0;0;0;0;1;1;0;0;0;1;0;0;-1;-1;-1;-1;-1;-1;-1;-1;-1;0;10;30;80;100;40;90;60;10;8.4;3;6.2;2.2;Kauno Žalgiris;Panevėžys;1.8;0.3;1.8;0.2;1.9;0.7;100;90;70;20;0;60;50;50;1.73;1.39;3.12;3825;20;Y;Y;Y;Y;Y;N;Y
966546;1230;1238;2020;complete;55680;11;-1;;;0;0;0;7;3;10;1;2;7;3;4;0;6;4;7;11;13;15;17;22;51;49;14;3;1.11;6.8;12;1;1.17;1.62;2.6;4.55;10.25;3.85;2;1.38;1.12;2.4;1.43;1.5;2.5;8;1.06;1.01;1.12;4.5;1.61;2.5;10;1.46;3.22;10;0;0;0;0;0;0;0;0;0;0;0;0;0;0;0;1.14;11;6.5;1.73;20;1.3;2.46;5;12;3.26;1.5;1.13;1.03;1.17;1.92;3.4;9;4.4;1.8;1.28;1.05;0;0;0;0;0;0;0;0;0;0;0;2020-07-23 16:00:00;-1;0;20;0;10;0;1;1;5;2;2;1;7;3;5;3;6;0;8;6;1;63;87;67;87;1.69;1.85;3.53;0;0;0;0;0;0;1;1;0;0;2;0;0;0;-1;-1;-1;-1;-1;-1;-1;-1;-1;0;0;20;40;90;10;40;80;10;13;4.6;5.6;1.5;Sūduva;Banga;2.4;0.9;2.6;0.8;2.5;0.9;100;100;80;60;10;90;70;60;1.44;1.32;2.76;3825;20;N;N;N;N;N;N;N
966547;85;1232;2020;complete;55680;11;-1;6;;1;0;1;7;6;13;6;2;4;2;0;0;3;4;3;4;6;8;16;23;51;49;4;2;1.19;5.95;7.75;1;1.14;1.53;2.35;4;11.25;4.25;2.2;1.47;1.16;2;1.65;1.73;2;8.5;1.05;1.02;1.11;4;1.62;2.75;9;1.46;3.4;8.4;0;0;0;0;0;0;0;0;0;0;0;0;0;0;0;1.17;18;4.5;1.91;23;1.28;2.1;4.62;11;3.3;1.66;1.15;1.03;1.14;1.73;3.1;7.5;4.9;2.02;1.32;1.85;0;0;0;0;1;1;0;0;0;0;1;2020-07-23 17:00:00;85;0;40;10;20;0;1;1;1;5;6;1;6;7;1;1;3;1;2;4;1;65;49;122;97;1.07;1.15;2.22;0;0;0;0;0;0;1;1;1;0;0;0;1;0;-1;-1;-1;-1;-1;-1;-1;-1;-1;10;30;50;60;90;30;80;60;40;13.4;4.4;5;2.4;Žalgiris;Trakai;2.2;0.6;1.4;0.8;2;0.5;90;70;50;40;10;60;60;60;2.3;1.23;3.53;3825;20;Y;N;N;N;N;N;N
1012048;1231;1238;2020;complete;55680;12;-1;64,70;34,38,58;2;3;5;9;0;9;1;3;1;2;0;0;6;5;8;5;14;10;12;14;59;41;1;2;1.53;3.4;5.35;1.03;1.32;2.05;3.65;6.65;7.5;2.8;1.61;1.19;1.04;2;1.65;1.9;1.8;4.33;1.2;1.12;1.25;2.2;1.8;2.4;7;1.95;2.45;5;0;0;0;0;0;0;0;0;0;0;0;0;0;0;0;1.44;8;3.25;2.4;9;1.44;3.2;8.5;34;2.63;1.3;1.05;1;1.3;2.39;4.6;11;3.26;1.52;1.16;1.03;0;0;0;0;5;0;2;2;1;3;2;2020-07-28 15:00:00;1238;0;25;9;17;0;1;1;7;0;2;0;7;2;0;1;1;1;1;2;1;129;68;178;121;2.24;1.48;3.73;0;0;0;0;0;0;1;1;0;0;2;0;0;0;-1;-1;-1;-1;-1;-1;-1;-1;-1;9;9;25;50;84;9;58;67;17;8.5;2.66;5.5;1.75;Kauno Žalgiris;Banga;1.8;0.9;2;0.83;2;0.91;92;92;75;50;17;75;59;42;1.67;1.41;3.08;3825;20;Y;Y;Y;Y;Y;N;Y
1012049;1246;85;2020;complete;55680;12;-1;80;59,67;1;2;3;3;3;6;0;0;1;1;1;0;5;6;6;9;11;15;12;12;48;52;2;1;6.1;4.55;1.32;1;1.14;1.51;2.3;3.95;11.25;4.3;2.2;1.48;1.16;1.71;1.91;7.5;1.07;2.25;1.57;3;1.14;1.08;10;2.75;1.57;6;3.2;1.57;0;0;0;0;0;0;0;0;0;0;0;0;0;0;0;3.6;18;1.29;15;2.3;1.25;2.25;5;11;3.5;1.57;1.14;1.02;1.12;1.72;2.9;7;5.3;2.03;1.36;1.08;0;0;0;0;3;0;0;1;2;3;0;2020-07-28 16:00:00;85;0;60;0;50;0;1;1;1;2;2;1;3;3;1;0;1;1;1;2;1;70;76;128;124;1.56;1.92;3.48;0;0;0;0;0;0;1;1;0;0;0;0;0;0;-1;-1;-1;-1;-1;-1;-1;-1;-1;10;20;60;80;100;20;80;90;70;7.6;5.4;5.2;2.9;Panevėžys;Žalgiris;0.9;2.3;1.2;2.6;0.64;2.09;90;80;40;20;0;60;40;30;1.49;1.81;3.3;3825;20;Y;Y;Y;N;N;N;Y
1012050;1232;1230;2020;complete;55680;12;-1;27;43,87;1;2;3;2;12;14;0;1;3;3;0;0;2;5;3;15;5;20;14;12;45;55;3;3;4.85;3.6;1.54;1.01;1.21;1.71;2.85;5;9.25;3.55;1.91;1.32;1.1;1.71;1.87;5;1.14;2.38;1.53;2.2;1.25;1.16;6;2.3;1.95;4.74;2.63;1.98;0;0;0;0;0;0;0;0;0;0;0;0;0;0;0;2.87;13;1.5;9.5;2.88;1.3;2.63;6;13;3.2;1.44;1.1;1.01;1.18;2;3.5;9;4.3;1.74;1.25;1.05;0;0;0;0;3;1;1;0;1;1;2;2020-07-28 17:00:00;1230;0;40;0;30;0;1;1;0;8;2;4;8;6;1;1;2;2;2;4;1;34;97;85;95;0.71;2.3;3.01;1;0;1;0;0;0;1;1;0;0;0;1;0;0;-1;-1;-1;-1;-1;-1;-1;-1;-1;10;50;60;80;100;30;60;90;60;10.8;3.2;5;3.2;Trakai;Sūduva;0.6;1.9;0.2;2.4;0.45;2.36;90;50;40;20;0;60;40;40;1.3;1.66;2.96;3825;20;Y;Y;Y;N;N;N;Y
1012051;1238;1232;2020;complete;55680;13;-1;38;5;1;1;2;8;4;12;3;2;3;3;0;1;5;4;7;6;12;10;19;19;55;45;3;5;2.6;3.05;2.35;1.04;1.36;2.15;3.95;7;7;2.65;1.54;1.16;1.03;1.91;1.71;3;1.36;2.75;1.4;1.5;1.33;1.4;3.4;2;3.2;3.2;2.23;2.98;0;0;0;0;0;0;0;0;0;0;0;0;0;0;0;2.2;8.5;1.9;4.33;4.33;1.49;3.32;7.5;17;2.47;1.29;1.05;1.01;1.33;2.56;5.1;11;3.1;1.46;1.13;1.03;0;0;0;0;2;1;1;0;0;0;2;2020-08-01 14:00:00;-1;0;45;9;19;0;1;1;0;2;8;2;2;10;1;3;2;1;4;3;1;103;74;146;120;1.86;1.45;3.31;1;0;1;0;0;0;1;1;0;1;0;1;0;0;-1;-1;-1;-1;-1;-1;-1;-1;-1;0;0;17;65;100;29;72;55;19;10.63;4.4;5.6;1.82;Banga;Trakai;0.7;0.6;1;0.67;1.08;0.42;100;100;84;35;0;62;62;52;1.36;1.22;2.58;3825;20;Y;Y;N;N;N;N;Y
1012053;85;1231;2020;complete;55680;13;-1;24,57,75;71;3;1;4;6;2;8;2;1;3;2;0;1;13;3;17;2;30;5;21;13;56;44;3;4;1.51;3.65;4.95;1.01;1.24;1.8;3;5.4;8.75;3.3;1.8;1.28;1.08;1.83;1.77;2;1.72;6;1.11;1.08;1.16;2.62;1.95;2.3;6;1.77;2.78;5.8;0;0;0;0;0;0;0;0;0;0;0;0;0;0;0;1.3;12;3.75;2.4;11;1.32;2.54;6;15;3.14;1.47;1.09;1.02;1.22;1.99;4;9;3.8;1.75;1.2;1.05;0;0;0;0;4;1;0;2;1;3;1;2020-08-02 16:00:00;85;0;29;0;29;0;1;1;2;2;4;0;4;4;3;2;0;1;5;1;1;70;28;105;80;3.29;0.74;4.03;1;0;1;0;0;0;1;1;0;0;0;0;0;0;-1;-1;-1;-1;-1;-1;-1;-1;-1;19;35;45;65;92;27;62;75;65;11.5;3.8;6.57;2.55;Žalgiris;Kauno Žalgiris;2.2;2;1.67;2;2.17;1.83;82;65;55;35;9;55;45;35;2.1;1.4;3.5;3825;20;Y;Y;Y;Y;N;N;Y
1012054;85;1238;2020;complete;55680;14;-1;17;;1;0;1;9;3;12;2;2;6;1;1;0;5;2;5;10;10;12;22;15;51;49;7;1;1.3;4.65;6.75;1;1.16;1.57;2.45;4.25;10.5;4;2.1;1.42;1.14;1.83;1.77;1.8;1.91;7;1.08;1;1.1;3.25;1.73;2.5;7.5;1.5;3.1;8;0;0;0;0;0;0;0;0;0;0;0;0;0;0;0;1.22;14;4.5;1.91;18;1.29;2.4;4.78;12;3.32;1.51;1.14;1.03;1.15;1.9;3.2;8;4.7;1.82;1.3;1.06;0;0;0;0;1;1;0;0;0;0;1;2020-08-07 15:00:00;85;0;29;0;29;0;1;1;6;2;3;1;8;4;4;1;3;0;5;3;1;53;49;98;91;1.37;1.25;2.62;0;0;0;0;0;0;1;1;0;0;3;0;0;0;-1;-1;-1;-1;-1;-1;-1;-1;-1;14;36;43;50;79;22;65;64;43;10.29;4.43;4.72;2.21;Žalgiris;Banga;2.2;0.9;1.86;1.14;2.23;1.08;86;65;57;50;22;65;50;43;2.27;1.42;3.69;3825;20;Y;N;N;N;N;N;N
1012055;1231;1230;2020;complete;55680;14;-1;52,78,82;;3;0;3;1;18;19;2;1;1;1;0;0;5;12;3;12;8;24;21;20;44;56;1;1;3.5;3.1;1.91;1.01;1.18;1.65;2.65;4.65;10;3.75;2;1.36;1.11;1.56;2.15;4.5;1.16;2.75;1.4;1.83;1.3;1.22;4;2.25;2.4;3.75;2.6;2.2;0;0;0;0;0;0;0;0;0;0;0;0;0;0;0;2.5;12;1.57;7;3.5;1.33;2.63;6;13;3;1.44;1.1;1.01;1.18;2;3.5;8;4.3;1.74;1.26;1.06;0;0;0;0;3;0;0;3;0;3;0;2020-08-07 17:00:00;1231;0;47;16;31;0;1;1;1;7;0;11;8;11;1;0;0;1;1;1;1;55;110;107;137;1.26;3.14;4.4;1;0;1;0;0;0;1;1;0;0;1;0;0;0;-1;-1;-1;-1;-1;-1;-1;-1;-1;15;40;55;77;100;40;77;77;40;11.24;2.96;5.21;2.86;Kauno Žalgiris;Sūduva;1.8;1.9;1.71;2.5;1.69;2.46;86;61;45;23;0;61;38;31;1.75;1.76;3.51;3825;20;Y;Y;Y;N;N;N;N
1012056;1246;1232;2020;complete;55680;14;-1;67;56;1;1;2;7;4;11;2;1;3;3;0;0;7;5;5;3;12;8;12;22;45;55;3;3;2.25;3.35;2.55;1;1.13;1.5;2.3;3.9;11.5;4.35;2.25;1.49;1.17;1.44;2.4;4;1.22;4.33;1.2;1.44;1.29;1.53;2.88;2.3;3;2.63;2.7;2.75;0;0;0;0;0;0;0;0;0;0;0;0;0;0;0;1.83;15;1.91;5.5;5.5;1.25;2.25;5;11;3.5;1.57;1.14;1.02;1.14;1.77;3.1;6.5;4.9;1.96;1.32;1.1;0;0;0;0;2;0;0;1;1;2;0;2020-08-08 14:00:00;-1;0;70;15;49;0;1;1;2;2;5;2;4;7;1;1;2;2;2;4;1;68;69;108;109;1.74;1.36;3.1;0;0;0;0;0;0;1;1;0;0;0;1;0;0;-1;-1;-1;-1;-1;-1;-1;-1;-1;0;9;56;79;100;23;77;72;57;8.24;3.17;5.96;2.43;Panevėžys;Trakai;0.9;0.6;1;0.71;0.54;0.46;100;92;44;22;0;68;60;60;1.5;1.25;2.75;3825;20;Y;Y;N;N;N;N;Y
1012057;1230;85;2020;complete;55680;15;-1;71,89;;2;0;2;5;6;11;2;4;4;1;0;0;4;2;3;5;7;7;21;11;40;60;4;1;2.65;3.3;2.2;1.01;1.21;1.74;2.85;5.1;9.25;3.5;1.87;1.31;1.09;1.61;2.05;3.75;1.25;3.4;1.3;1.57;1.33;1.36;3.25;2.2;2.87;3;2.6;2.62;0;0;0;0;0;0;0;0;0;0;0;0;0;0;0;2.1;11;1.8;5.5;4.33;1.36;2.62;7;19;3;1.44;1.1;1.02;1.2;1.91;4;10;4.33;1.8;1.22;1.06;0;0;0;0;2;0;0;2;0;2;0;2020-08-12 16:00:00;1230;0;32;0;17;0;1;1;2;2;3;4;4;7;0;0;4;1;0;5;1;61;62;101;156;1.17;1.05;2.23;0;0;0;0;0;0;1;1;0;0;0;0;0;0;-1;-1;-1;-1;-1;-1;-1;-1;-1;9;9;32;48;93;16;55;70;25;12.96;6.04;6.74;2.06;Sūduva;Žalgiris;2.4;2.3;2.43;2.67;2.29;2.29;92;92;68;52;7;75;60;37;1.55;1.83;3.38;3825;20;Y;Y;N;N;N;N;N
1012058;1232;1231;2020;complete;55680;15;-1;;26;0;1;1;7;7;14;4;1;2;3;0;0;8;4;9;6;17;10;21;18;49;51;2;3;3.5;3;1.95;1.01;1.2;1.71;2.8;4.95;9.5;3.6;1.91;1.33;1.1;1.57;2.1;4.33;1.2;3;1.36;1.8;1.29;1.33;3.75;2.2;2.6;3.3;2.5;2.4;0;0;0;0;0;0;0;0;0;0;0;0;0;0;0;2.25;11;1.73;6;4;1.33;2.63;6;13;3;1.44;1.1;1.01;1.18;2.04;3.5;9;4.3;1.71;1.26;1.05;0;0;0;0;1;0;1;0;0;0;1;2020-08-14 16:00:00;1231;0;50;9;34;0;1;1;1;4;6;3;5;9;1;1;1;2;2;3;1;64;55;107;96;2.09;1.31;3.41;0;0;0;0;0;0;1;1;0;0;1;0;0;0;-1;-1;-1;-1;-1;-1;-1;-1;-1;17;33;59;83;100;25;59;100;67;9.34;2;7;3.08;Trakai;Kauno Žalgiris;0.6;2;0.17;1.67;0.5;1.79;83;67;42;17;0;67;50;42;1.21;1.29;2.5;3825;20;Y;N;N;N;N;N;N
1012059;1238;1246;2020;complete;55680;15;-1;33,57,90;66,70,90;3;3;6;2;5;7;0;3;2;1;0;0;7;8;13;4;20;12;17;13;40;60;2;1;2.4;3.2;2.8;1.06;1.4;2.25;4;7.5;8;2.75;1.61;1.22;1.07;2;1.73;2.75;1.4;3;1.36;1.4;1.36;1.53;3.2;1.95;3.5;2.75;2.3;3.1;0;0;0;0;0;0;0;0;0;0;0;0;0;0;0;1.91;8;2.2;4;4.5;1.5;3.5;10;26;2.5;1.28;1.06;1.01;1.29;2.38;5.5;15;3.5;1.53;1.14;1.03;0;0;0;0;6;1;0;2;3;5;1;2020-08-16 14:00:00;-1;0;40;9;16;0;1;1;1;2;1;3;3;4;1;1;1;0;2;1;1;72;91;131;162;2.27;1.99;4.26;0;1;0;1;0;0;1;1;0;0;0;2;0;0;-1;-1;-1;-1;-1;-1;-1;-1;-1;7;15;22;85;100;47;84;54;23;9.62;3.93;5.96;2.27;Banga;Panevėžys;0.7;0.3;1;0.14;1;0.57;93;86;79;16;0;61;61;45;1.45;1.44;2.89;3825;20;Y;Y;Y;Y;Y;Y;Y
1012060;1246;1231;2020;complete;55680;16;-1;;56;0;1;1;8;5;13;3;0;1;3;0;2;6;6;15;7;21;13;11;13;48;52;1;5;3.6;3.3;1.8;1;1.16;1.59;2.5;4.35;10.5;4;2.1;1.41;1.14;1.51;2.2;4.5;1.16;3.25;1.33;1.77;1.24;1.28;3.78;2.35;2.46;3.44;2.69;2.3;0;0;0;0;0;0;0;0;0;0;0;0;0;0;0;2.2;13;1.73;7;4.2;1.33;2.28;5.2;13;3;1.58;1.13;1.02;1.17;1.83;3.4;7.5;4.4;1.89;1.27;1.07;0;0;0;0;1;0;0;0;1;1;0;2020-08-20 15:00:00;1231;0;65;0;65;0;1;1;3;4;5;1;7;6;1;0;0;5;1;5;1;69;60;116;114;2.24;1.68;3.92;0;0;0;0;0;0;1;1;0;0;1;0;1;0;-1;-1;-1;-1;-1;-1;-1;-1;-1;7;22;57;86;100;14;57;93;86;7.43;2.15;6.85;2.72;Panevėžys;Kauno Žalgiris;0.9;2;1;1.86;0.6;1.87;93;79;43;15;0;57;43;36;1.53;1.29;2.82;3825;20;Y;N;N;N;N;N;N
1012061;1232;85;2020;complete;55680;16;-1;44,79;3,52;2;2;4;0;5;5;0;3;7;4;1;1;9;7;9;7;18;14;15;13;51;49;9;6;6.8;4.45;1.32;1.01;1.19;1.67;2.7;4.8;9.75;3.65;1.95;1.34;1.11;1.95;1.69;7.5;1.07;2;1.72;2.63;1.13;1.12;5.25;2.61;1.91;5.6;2.84;1.77;0;0;0;0;0;0;0;0;0;0;0;0;0;0;0;3.6;15;1.3;14;2.25;1.29;2.53;5.5;13;3.36;1.47;1.11;1.02;1.19;2.03;3.6;8;4.2;1.72;1.24;1.06;0;0;0;0;4;1;1;1;1;2;2;2020-08-20 17:00:00;-1;0;43;7;22;0;1;1;0;2;0;3;2;3;4;2;4;3;6;7;1;64;64;102;96;2.22;1.83;4.06;1;0;1;0;0;0;1;1;0;1;0;1;0;0;-1;-1;-1;-1;-1;-1;-1;-1;-1;14;22;50;71;100;22;64;86;50;10.72;5;4.57;2.86;Trakai;Žalgiris;0.6;2.3;0.14;2.29;0.47;2.13;86;79;50;29;0;72;57;50;1.33;1.72;3.05;3825;20;Y;Y;Y;Y;N;N;Y
1012062;1238;1230;2020;complete;55680;16;-1;21;13,58;1;2;3;5;3;8;1;4;4;5;0;1;6;7;5;5;11;12;16;18;51;49;4;6;9.5;5.3;1.19;1.01;1.22;1.74;2.9;5.15;9.25;3.45;1.87;1.3;1.09;2.25;1.51;0;0;0;0;2.35;1.18;1.1;6.75;2.2;1.95;6.25;2.65;1.72;0;0;0;0;0;0;0;0;0;0;0;0;0;0;0;3.5;10.5;1.38;0;21;1.39;2.85;6.6;21;2.81;1.32;1.08;1.02;1.24;2.16;4.58;13;3.6;1.62;1.16;1.04;0;0;0;0;3;1;1;0;1;1;2;2020-10-10 14:00:00;1230;0;57;13;32;0;1;1;1;2;4;1;3;5;0;1;4;5;1;9;1;101;81;163;132;1.86;1.84;3.7;0;1;0;1;0;0;1;1;0;0;0;0;0;0;-1;-1;-1;-1;-1;-1;-1;-1;-1;7;26;44;88;100;38;69;76;44;12;4.01;4.51;2.69;Banga;Sūduva;0.7;1.9;0.88;2;0.88;2.29;94;76;57;13;0;50;44;38;1.57;1.95;3.52;3825;20;Y;Y;Y;N;N;N;Y
1012063;1238;1231;2020;complete;55680;17;-1;90;38,90;1;2;3;8;3;11;2;2;1;0;0;0;5;5;4;7;9;12;15;15;42;58;1;0;3.7;3.05;1.87;1.05;1.39;2.25;4.1;7.5;6.75;2.55;1.5;1.15;1.02;2;1.65;0;0;0;0;1.73;1.29;1.22;3.75;2.1;2.75;3.5;2.4;2.3;0;0;0;0;0;0;0;0;0;0;0;0;0;0;0;2.5;9.25;1.61;6;3.5;1.44;3;9;23;2.62;1.36;1.07;1.01;1.25;2.2;5;13;3.75;1.61;1.16;21;0;0;0;0;3;0;1;1;1;2;1;2020-09-27 12:00:00;1231;0;48;7;34;0;1;1;2;1;6;2;3;8;1;0;0;0;1;0;1;90;98;138;162;1.58;1.83;3.41;0;0;0;0;0;0;1;1;0;0;0;0;0;0;-1;-1;-1;-1;-1;-1;-1;-1;-1;14;20;26;75;100;28;61;73;46;9.11;2.89;6.82;2.41;Banga;Kauno Žalgiris;0.7;2;1;2;1;1.94;87;81;75;26;0;53;47;34;1.56;1.34;2.9;3825;20;Y;Y;Y;N;N;N;Y
1012064;85;1246;2020;complete;55680;17;-1;17,24,45;60,83;3;2;5;6;6;12;1;1;2;1;0;0;5;3;0;2;5;5;21;13;52;48;2;1;1.15;5.8;10.75;1.01;1.2;1.57;2.37;4;15;4.33;2.35;1.53;1.22;2.4;1.5;0;0;0;0;1.01;1.07;5;1.57;2.62;10;1.36;3.5;10;0;0;0;0;0;0;0;0;0;0;0;0;0;0;0;1.14;17;5.5;1.67;26;1.25;2.38;5.5;12;3.5;1.53;1.13;1.02;1.14;1.81;3.1;8;4.9;1.92;1.32;1.08;0;0;0;0;5;3;0;0;2;2;3;2020-09-27 14:00:00;85;0;32;0;25;0;1;1;5;4;1;2;9;3;1;0;1;1;1;2;1;14;15;26;22;0.77;0.63;1.4;1;1;1;1;0;0;1;1;0;0;0;0;0;0;-1;-1;-1;-1;-1;-1;-1;-1;-1;19;44;50;69;94;32;94;57;44;11.88;4.38;5.88;2.82;Žalgiris;Panevėžys;2.2;0.3;2;0.25;2.06;0.56;82;57;50;32;7;57;57;50;2.16;1.5;3.66;3825;20;Y;Y;Y;Y;Y;N;Y
1012065;1230;1232;2020;complete;55680;17;-1;2,25,27,33,76,80,89;44;7;1;8;7;2;9;3;2;0;2;0;0;14;4;9;3;23;7;10;15;53;47;0;2;1.15;5.85;11;1.01;1.24;1.8;3;5.4;8.75;3.3;1.8;1.28;1.08;2.55;1.38;0;0;0;0;1.02;1.12;3.5;1.66;2.4;10;1.55;3;8.5;0;0;0;0;0;0;0;0;0;0;0;0;0;0;0;1.14;11;7;1.7;19;1.36;2.66;6.2;13;2.94;1.43;1.09;1.02;1.24;2.05;4.1;10;3.6;1.7;1.19;1.04;0;0;0;0;8;4;1;3;0;3;5;2020-09-27 16:00:00;1230;0;38;13;13;0;1;1;3;0;4;2;3;6;0;1;0;1;1;1;1;67;37;112;106;2.91;1;3.91;1;0;1;0;0;0;1;1;1;0;1;0;0;0;-1;-1;-1;-1;-1;-1;-1;-1;-1;0;0;19;51;94;19;57;57;19;13.26;4.51;7.75;1.63;Sūduva;Trakai;2.4;0.6;2.5;0.75;2.33;0.5;100;100;82;51;7;94;88;76;1.5;1.27;2.77;3825;20;Y;Y;Y;Y;Y;Y;Y
1012066;1232;1238;2020;complete;55680;18;-1;10,33,69,81;;4;0;4;4;5;9;5;1;3;4;0;0;8;4;9;8;17;12;17;17;60;40;3;4;2.2;3.3;2.7;1.01;1.19;1.67;2.7;4.75;9.75;3.7;1.95;1.35;1.11;1.56;2.15;0;0;0;0;1.46;1.27;1.46;3.1;2.2;3.1;2.85;2.52;2.87;0;0;0;0;0;0;0;0;0;0;0;0;0;0;0;1.95;12;1.95;4.4;5.5;1.33;2.56;5;19;3.08;1.46;1.14;1.02;1.18;2.03;3.5;10;4.3;1.72;1.26;1.06;0;0;0;0;4;2;0;2;0;2;2;2020-10-02 16:00:00;1232;0;38;13;25;0;1;1;2;1;2;4;3;6;1;1;2;3;2;5;1;69;69;89;84;2.12;1.53;3.66;0;0;0;0;0;0;1;1;1;0;0;0;0;0;-1;-1;-1;-1;-1;-1;-1;-1;-1;13;26;44;57;88;26;63;76;38;8.13;3.01;5.63;2.38;Trakai;Banga;0.6;0.9;0.25;1;0.47;0.94;88;76;57;44;13;82;63;57;1.44;1.4;2.84;3825;20;Y;Y;Y;Y;N;N;N
1012067;1231;85;2020;complete;55680;18;-1;;9;0;1;1;6;6;12;2;4;1;1;1;0;0;2;2;4;2;6;16;21;55;45;3;1;3.05;3.5;1.91;1.01;1.25;1.8;3;5.5;12;3.75;2;1.36;1.12;1.72;2;0;0;0;0;0;0;0;3.6;2.2;2.62;3.25;0;2.37;0;0;0;0;0;0;0;0;0;0;0;0;0;0;0;2.1;0;1.8;0;0;1.36;2.62;7;19;3;1.44;1.1;1.02;1.2;1.9;4;10;4.33;1.8;1.22;1.06;0;0;0;0;1;0;1;0;0;0;1;2020-10-03 12:00:00;85;0;44;13;32;0;1;1;1;2;5;4;3;9;0;1;2;0;1;2;1;39;45;65;59;0.42;0.84;1.26;0;0;0;0;0;0;1;1;0;1;0;0;0;0;-1;-1;-1;-1;-1;-1;-1;-1;-1;19;25;50;75;100;25;69;82;51;9.88;4.76;5;2.82;Kauno Žalgiris;Žalgiris;1.8;2.3;1.88;2.13;2;2.12;82;75;50;25;0;63;44;32;1.69;1.73;3.42;3825;20;Y;N;N;N;N;N;N
1012068;1246;1230;2020;complete;55680;18;-1;37;67;1;1;2;1;2;3;1;4;5;1;0;0;4;6;1;12;5;18;19;16;33;67;5;1;5.7;4.4;1.36;1.01;1.14;1.47;2.2;3.5;15;5;2.6;1.61;1.28;1.86;1.9;0;0;0;0;2.63;1.17;1.08;5;2.37;2;5.65;2.8;1.78;0;0;0;0;0;0;0;0;0;0;0;0;0;0;0;2.75;14;1.44;17;2.25;1.31;2.47;4.7;17;3.2;1.49;1.15;1.03;1.16;1.95;3.3;10;4.6;1.78;1.29;1.06;0;0;0;0;2;1;0;0;1;1;1;2020-10-03 14:00:00;-1;0;59;7;52;0;1;1;0;1;1;1;1;2;1;0;4;1;1;5;1;20;44;59;79;0.75;1.87;2.62;0;0;0;0;0;0;1;1;0;0;0;0;0;0;-1;-1;-1;-1;-1;-1;-1;-1;-1;0;28;67;87;100;28;54;93;73;11.31;3.07;4.79;2.82;Panevėžys;Sūduva;0.9;1.9;0.88;2.14;0.53;2.38;100;73;34;14;0;60;47;47;1.62;1.96;3.58;3825;20;Y;Y;N;N;N;N;Y
1012069;1238;85;2020;complete;55680;19;-1;;13,66,67,86;0;4;4;2;2;4;1;7;3;0;0;0;4;8;3;9;7;17;14;15;40;60;3;0;7.6;5.25;1.32;1.01;1.21;1.75;2.83;4.6;11;3.84;2.1;1.37;1.16;2.01;1.77;0;0;0;0;3.15;1.13;1.05;6.65;2.65;1.76;6.65;2.88;1.67;0;0;0;0;0;0;0;0;0;0;0;0;0;0;0;3.82;16.5;1.29;17;2;1.27;2.47;5.05;15;3.48;1.49;1.13;1.02;1.28;2.02;3.6;9;3.4;1.73;1.25;1.05;0;0;0;0;4;0;1;0;3;3;1;2020-10-20 15:00:00;85;0;56;17;33;0;1;1;0;1;2;1;1;3;0;0;3;0;0;3;1;71;113;123;151;1.25;2.45;3.7;0;0;0;0;0;0;1;1;0;0;0;0;0;0;-1;-1;-1;-1;-1;-1;-1;-1;-1;11;17;39;78;100;33;73;73;45;10.22;5.44;4.89;2.62;Banga;Žalgiris;0.7;2.3;0.78;2.22;0.83;2.17;89;84;62;22;0;50;44;33;1.6;1.64;3.24;3825;20;Y;Y;Y;Y;N;N;N
1012070;1232;1246;2020;complete;55680;19;-1;82;54;1;1;2;4;3;7;2;3;2;3;0;0;4;5;8;4;12;9;22;10;53;47;2;3;2.4;3.25;2.5;1.01;1.18;1.67;2.65;4.65;10.25;3.8;2;1.36;1.11;1.56;2.15;0;0;0;0;1.36;1.27;1.58;2.82;2.18;3.54;2.58;2.49;3.24;0;0;0;0;0;0;0;0;0;0;0;0;0;0;0;1.8;12;2.05;4;5.5;1.4;2.7;5.2;15;2.7;1.4;1.12;1.02;1.2;2.05;3.7;9;4;1.72;1.24;1.05;0;0;0;0;2;0;0;1;1;2;0;2020-10-28 16:30:00;-1;0;44;11;22;0;1;1;2;1;2;2;3;4;0;0;2;3;0;5;1;63;45;104;91;1.5;1.25;2.75;0;0;0;0;0;0;1;1;0;0;1;0;0;0;-1;-1;-1;-1;-1;-1;-1;-1;-1;22;44;62;84;100;44;89;78;50;9.56;3.34;6.11;3.28;Trakai;Panevėžys;0.6;0.3;0.56;0.22;0.61;0.56;78;56;39;17;0;73;62;56;1.52;1.41;2.93;3825;20;Y;Y;N;N;N;N;Y
1012071;1230;1231;2020;complete;55680;19;-1;41;17;1;1;2;8;1;9;3;2;1;1;0;0;4;4;9;4;13;8;12;13;52;48;1;1;1.49;3.75;5.1;1.02;1.27;1.91;3.3;5.95;8.25;3.1;1.71;1.24;1.06;1.91;1.69;0;0;0;0;0;0;0;2.4;2.1;4.33;2;0;5;0;0;0;0;0;0;0;0;0;0;0;0;0;0;0;1.53;0;2.75;0;0;1.44;3.25;9;26;2.63;1.33;1.07;1.01;1.29;2.25;5.5;15;3.5;1.57;1.14;1.03;0;0;0;0;2;1;1;0;0;0;2;2020-10-20 17:00:00;-1;0;33;6;22;0;1;1;3;0;5;1;3;6;1;1;0;0;2;0;1;72;47;129;114;1.63;1.14;2.77;0;1;0;1;0;0;1;1;0;0;0;0;0;0;-1;-1;-1;-1;-1;-1;-1;-1;-1;11;17;33;56;95;17;50;78;45;11.89;3.56;7.78;2.28;Sūduva;Kauno Žalgiris;2.4;2;2.56;2.11;2.33;1.89;89;84;67;45;6;84;67;50;1.66;1.39;3.05;3825;20;Y;Y;N;N;N;N;Y
1012073;85;1230;2020;complete;55680;20;-1;13,17,63;;3;0;3;2;3;5;5;6;1;4;0;0;7;5;8;3;15;8;13;15;53;47;1;4;0;0;0;1.01;1.24;1.8;3;5.5;9;3.35;1.83;1.29;1.08;1.74;1.87;0;0;0;0;1.32;1.25;1.6;2.75;2.2;3.6;2.4;2.6;3.2;0;0;0;0;0;0;0;0;0;0;0;0;0;0;0;1.75;13;2.15;3.1;7.5;1.36;2.66;5.3;21;2.94;1.43;1.12;1.02;1.2;2.1;3.7;11;4;1.67;1.23;1.05;0;0;0;0;3;2;0;1;0;1;2;2020-11-14 13:00:00;85;0;45;11;22;0;1;1;1;1;1;2;2;3;0;0;1;4;0;5;1;81;72;139;120;2.03;1.39;3.41;1;0;1;0;0;0;1;1;0;0;1;0;0;0;-1;-1;-1;-1;-1;-1;-1;-1;-1;11;45;62;73;95;39;78;73;50;13.66;4.67;5.34;2.84;Žalgiris;Sūduva;2.2;1.9;2.11;2.11;2.21;2.26;89;56;39;28;6;50;45;45;2;1.94;3.94;3825;20;Y;Y;Y;N;N;N;N
1012074;1231;1232;2020;complete;55680;20;-1;52;;1;0;1;6;10;16;3;2;2;4;0;0;7;8;4;8;11;16;12;18;50;50;2;4;1.47;4.1;4.85;1;1.17;1.61;2.55;4.4;10.5;3.95;2.1;1.4;1.13;1.67;2;0;0;0;0;1.14;1.19;2.15;2;2.35;5.25;1.8;2.8;4.9;0;0;0;0;0;0;0;0;0;0;0;0;0;0;0;1.45;15;2.85;2.7;10;1.3;2.42;4.7;13;3.26;1.51;1.15;1.02;1.16;1.91;3.3;8;4.6;1.81;1.28;1.06;0;0;0;0;1;0;0;1;0;1;0;2020-10-31 15:00:00;1231;0;50;22;22;0;1;1;4;3;2;7;7;9;0;3;2;1;3;3;1;53;88;100;114;1.57;2.2;3.78;0;0;0;0;0;0;1;1;0;0;1;0;0;0;-1;-1;-1;-1;-1;-1;-1;-1;-1;17;17;39;67;100;28;78;62;33;10.11;3.33;5.67;2.56;Kauno Žalgiris;Trakai;1.8;0.6;1.67;0.67;1.84;0.63;84;84;62;33;0;84;67;61;1.55;1.24;2.79;3825;20;Y;N;N;N;N;N;N
1027410;1230;1246;2020;complete;55680;13;-1;13;;1;0;1;4;8;12;1;3;1;2;1;0;7;2;7;7;14;9;16;12;50;50;2;2;1.2;5.55;10.5;1.01;1.16;1.47;2.2;3.5;17;4.5;2.6;1.61;1.28;1.99;1.78;1.83;1.83;9;1.04;1.04;1.09;3.25;1.57;2.87;8.5;1.48;3.4;7.9;0;0;0;0;0;0;0;0;0;0;0;0;0;0;0;1.16;21;4.75;2.1;23;1.21;2.11;3.9;9;3.9;1.66;1.21;1.05;1.1;1.7;2.6;6.5;5.8;2.05;1.43;1.1;0;0;0;0;1;1;0;0;0;0;1;2020-08-02 14:00:00;1230;0;25;0;9;0;1;1;3;2;1;6;5;7;0;0;2;2;0;4;1;79;53;113;112;1.94;1.1;3.05;0;0;0;0;0;0;1;1;0;0;1;0;0;0;-1;-1;-1;-1;-1;-1;-1;-1;-1;9;17;34;67;92;34;67;67;17;12.67;4.17;8.5;2.17;Sūduva;Panevėžys;2.4;0.3;2.33;0.17;2.42;0.58;92;84;67;34;9;84;75;50;1.48;1.49;2.97;3825;20;Y;N;N;N;N;N;N
1148639;1246;1238;2020;complete;55680;20;-1;13;22;1;1;2;1;2;3;1;0;3;1;0;0;5;4;5;8;10;12;13;27;60;40;3;1;1.56;3.93;4.68;1.01;1.22;1.65;2.63;4.5;15;4;2.2;1.44;1.17;1.65;2.1;0;0;0;0;1.16;1.2;2.05;2.05;2.35;4.8;1.85;2.8;4.5;0;0;0;0;0;0;0;0;0;0;0;0;0;0;0;1.48;17;2.7;3;10;1.26;2.3;4.5;12;3.5;1.56;1.17;1.03;1.15;1.84;3.1;8;4.7;1.88;1.32;1.06;0;0;0;0;2;1;1;0;0;0;2;2020-10-31 15:00:00;-1;0;50;0;45;0;1;1;0;1;1;1;1;2;3;0;0;1;3;1;1;77;54;158;110;1.56;1.44;2.99;0;0;0;0;0;0;1;1;0;0;0;0;0;0;-1;-1;-1;-1;-1;-1;-1;-1;-1;6;17;45;67;89;17;56;84;56;6.78;3;5.22;2.23;Panevėžys;Banga;0.9;0.9;0.89;0.89;0.58;0.79;95;84;56;34;11;73;50;44;1.52;1.42;2.94;3825;20;Y;Y;N;N;N;N;Y
