ID;HOMEID;AWAYID;SEASON;STATUS;ROUNDID;GAME_WEEK;REVISED_GAME_WEEK;HOMEGOALS;AWAYGOALS;HOMEGOALCOUNT;AWAYGOALCOUNT;TOTALGOALCOUNT;TEAM_A_CORNERS;TEAM_B_CORNERS;TOTALCORNERCOUNT;TEAM_A_OFFSIDES;TEAM_B_OFFSIDES;TEAM_A_YELLOW_CARDS;TEAM_B_YELLOW_CARDS;TEAM_A_RED_CARDS;TEAM_B_RED_CARDS;TEAM_A_SHOTSONTARGET;TEAM_B_SHOTSONTARGET;TEAM_A_SHOTSOFFTARGET;TEAM_B_SHOTSOFFTARGET;TEAM_A_SHOTS;TEAM_B_SHOTS;TEAM_A_FOULS;TEAM_B_FOULS;TEAM_A_POSSESSION;TEAM_B_POSSESSION;TEAM_A_CARDS_NUM;TEAM_B_CARDS_NUM;ODDS_FT_1;ODDS_FT_X;ODDS_FT_2;ODDS_FT_OVER05;ODDS_FT_OVER15;ODDS_FT_OVER25;ODDS_FT_OVER35;ODDS_FT_OVER45;ODDS_FT_UNDER05;ODDS_FT_UNDER15;ODDS_FT_UNDER25;ODDS_FT_UNDER35;ODDS_FT_UNDER45;ODDS_BTTS_YES;ODDS_BTTS_NO;ODDS_TEAM_A_CS_YES;ODDS_TEAM_A_CS_NO;ODDS_TEAM_B_CS_YES;ODDS_TEAM_B_CS_NO;ODDS_DOUBLECHANCE_1X;ODDS_DOUBLECHANCE_12;ODDS_DOUBLECHANCE_X2;ODDS_1ST_HALF_RESULT_1;ODDS_1ST_HALF_RESULT_X;ODDS_1ST_HALF_RESULT_2;ODDS_2ND_HALF_RESULT_1;ODDS_2ND_HALF_RESULT_X;ODDS_2ND_HALF_RESULT_2;ODDS_DNB_1;ODDS_DNB_2;ODDS_CORNERS_OVER_75;ODDS_CORNERS_OVER_85;ODDS_CORNERS_OVER_95;ODDS_CORNERS_OVER_105;ODDS_CORNERS_OVER_115;ODDS_CORNERS_UNDER_75;ODDS_CORNERS_UNDER_85;ODDS_CORNERS_UNDER_95;ODDS_CORNERS_UNDER_105;ODDS_CORNERS_UNDER_115;ODDS_CORNERS_1;ODDS_CORNERS_X;ODDS_CORNERS_2;ODDS_TEAM_TO_SCORE_FIRST_1;ODDS_TEAM_TO_SCORE_FIRST_X;ODDS_TEAM_TO_SCORE_FIRST_2;ODDS_WIN_TO_NIL_1;ODDS_WIN_TO_NIL_2;ODDS_1ST_HALF_OVER05;ODDS_1ST_HALF_OVER15;ODDS_1ST_HALF_OVER25;ODDS_1ST_HALF_OVER35;ODDS_1ST_HALF_UNDER05;ODDS_1ST_HALF_UNDER15;ODDS_1ST_HALF_UNDER25;ODDS_1ST_HALF_UNDER35;ODDS_2ND_HALF_OVER05;ODDS_2ND_HALF_OVER15;ODDS_2ND_HALF_OVER25;ODDS_2ND_HALF_OVER35;ODDS_2ND_HALF_UNDER05;ODDS_2ND_HALF_UNDER15;ODDS_2ND_HALF_UNDER25;ODDS_2ND_HALF_UNDER35;ODDS_BTTS_1ST_HALF_YES;ODDS_BTTS_1ST_HALF_NO;ODDS_BTTS_2ND_HALF_YES;ODDS_BTTS_2ND_HALF_NO;OVERALLGOALCOUNT;HT_GOALS_TEAM_A;HT_GOALS_TEAM_B;GOALS_2HG_TEAM_A;GOALS_2HG_TEAM_B;GOALCOUNT_2HG;HTGOALCOUNT;DATE_UNIX;WINNINGTEAM;NO_HOME_AWAY;BTTS_POTENTIAL;BTTS_FHG_POTENTIAL;BTTS_2HG_POTENTIAL;GOALTIMINGDISABLED;CORNER_TIMINGS_RECORDED;CARD_TIMINGS_RECORDED;TEAM_A_FH_CORNERS;TEAM_B_FH_CORNERS;TEAM_A_2H_CORNERS;TEAM_B_2H_CORNERS;CORNER_FH_COUNT;CORNER_2H_COUNT;TEAM_A_FH_CARDS;TEAM_B_FH_CARDS;TEAM_A_2H_CARDS;TEAM_B_2H_CARDS;TOTAL_FH_CARDS;TOTAL_2H_CARDS;ATTACKS_RECORDED;TEAM_A_DANGEROUS_ATTACKS;TEAM_B_DANGEROUS_ATTACKS;TEAM_A_ATTACKS;TEAM_B_ATTACKS;TEAM_A_XG;TEAM_B_XG;TOTAL_XG;TEAM_A_PENALTIES_WON;TEAM_B_PENALTIES_WON;TEAM_A_PENALTY_GOALS;TEAM_B_PENALTY_GOALS;TEAM_A_PENALTY_MISSED;TEAM_B_PENALTY_MISSED;PENS_RECORDED;GOAL_TIMINGS_RECORDED;TEAM_A_0_10_MIN_GOALS;TEAM_B_0_10_MIN_GOALS;TEAM_A_CORNERS_0_10_MIN;TEAM_B_CORNERS_0_10_MIN;TEAM_A_CARDS_0_10_MIN;TEAM_B_CARDS_0_10_MIN;THROWINS_RECORDED;TEAM_A_THROWINS;TEAM_B_THROWINS;FREEKICKS_RECORDED;TEAM_A_FREEKICKS;TEAM_B_FREEKICKS;GOALKICKS_RECORDED;TEAM_A_GOALKICKS;TEAM_B_GOALKICKS;O45_POTENTIAL;O35_POTENTIAL;O25_POTENTIAL;O15_POTENTIAL;O05_POTENTIAL;O15HT_POTENTIAL;O05HT_POTENTIAL;O05_2H_POTENTIAL;O15_2H_POTENTIAL;CORNERS_POTENTIAL;OFFSIDES_POTENTIAL;CARDS_POTENTIAL;AVG_POTENTIAL;HOME_NAME;AWAY_NAME;HOME_PPG;AWAY_PPG;PRE_MATCH_HOME_PPG;PRE_MATCH_AWAY_PPG;PRE_MATCH_TEAMA_OVERALL_PPG;PRE_MATCH_TEAMB_OVERALL_PPG;U45_POTENTIAL;U35_POTENTIAL;U25_POTENTIAL;U15_POTENTIAL;U05_POTENTIAL;CORNERS_O85_POTENTIAL;CORNERS_O95_POTENTIAL;CORNERS_O105_POTENTIAL;TEAM_A_XG_PREMATCH;TEAM_B_XG_PREMATCH;TOTAL_XG_PREMATCH;COMPETITION_ID;MATCHES_COMPLETED_MINIMUM;OVER05;OVER15;OVER25;OVER35;OVER45;OVER55;BTTS
993315;1241;1240;2020;complete;57520;1;-1;32;59;1;1;2;5;8;13;-1;-1;-1;-1;-1;-1;8;5;8;4;16;9;-1;-1;53;47;-1;-1;1.07;6.5;7.5;0;0;1.29;0;0;0;0;3.6;0;0;1.57;2.25;0;0;0;0;1.04;1.08;4;1.57;3;7;1.45;4.04;6.15;0;0;0;0;0;0;0;0;0;0;0;0;0;0;0;1.2;26;4.33;2.35;26;0;0;0;0;0;0;0;0;0;0;0;0;0;0;0;0;0;0;0;0;2;1;0;0;1;1;1;2020-06-05 14:30:00;-1;0;0;0;0;0;1;-1;2;6;3;2;8;5;-1;-1;-1;-1;-1;-1;1;50;28;85;65;1.93;1.12;3.05;-1;-1;-1;-1;-1;-1;-1;1;0;0;0;1;-1;-1;-1;-1;-1;-1;-1;-1;-1;-1;-1;0;0;0;0;0;0;0;0;0;0;0;0;0;Nevėžis;Žalgiris II;2.36;0.9;0;0;0;0;0;0;0;0;0;0;0;0;0;0;0;4452;18;Y;Y;N;N;N;N;Y
993316;1247;685218;2020;complete;57520;1;-1;20,78;;2;0;2;15;3;18;-1;-1;-1;-1;-1;-1;5;0;13;3;18;3;-1;-1;63;37;-1;-1;1.08;5.25;7;0;0;1.44;0;0;0;0;2.7;0;0;1.65;2.1;0;0;0;0;1.06;1.14;3.5;1.67;2.75;6.5;1.56;3.6;5.7;0;0;0;0;0;0;0;0;0;0;0;0;0;0;0;1.2;19;4.33;0;0;0;0;0;0;0;0;0;0;0;0;0;0;0;0;0;0;0;0;0;0;2;1;0;1;0;1;1;2020-06-05 15:00:00;1247;0;0;0;0;0;1;-1;9;0;6;3;9;9;-1;-1;-1;-1;-1;-1;1;115;40;155;115;2.32;0.5;2.82;-1;-1;-1;-1;-1;-1;-1;1;0;0;3;0;-1;-1;-1;-1;-1;-1;-1;-1;-1;-1;-1;0;0;0;0;0;0;0;0;0;0;0;0;0;Džiugas Telšiai;Panevėžys II;1.78;0.5;0;0;0;0;0;0;0;0;0;0;0;0;0;0;0;4452;20;Y;Y;N;N;N;N;N
993317;666715;1244;2020;complete;57520;1;-1;35,48,65;10;3;1;4;3;9;12;-1;-1;-1;-1;-1;-1;5;5;2;5;7;10;-1;-1;39;61;-1;-1;1.85;4.1;3;0;0;1.4;0;0;0;0;2.88;0;0;0;0;0;0;0;0;1.33;1.2;1.8;2.3;2.62;3.4;0;0;0;0;0;0;0;0;0;0;0;0;0;0;0;0;0;0;0;0;0;0;0;0;0;0;0;0;0;0;0;0;0;0;0;0;0;0;0;0;0;0;0;4;1;1;2;0;2;2;2020-06-05 16:00:00;666715;0;0;0;0;0;1;-1;2;4;1;5;6;6;-1;-1;-1;-1;-1;-1;1;0;0;0;0;1.18;1.68;2.87;-1;-1;-1;-1;-1;-1;-1;1;0;1;0;0;-1;-1;-1;-1;-1;-1;-1;-1;-1;-1;-1;0;0;0;0;0;0;0;0;0;0;0;0;0;FA Šiauliai;Trakai II;1.67;0.44;0;0;0;0;0;0;0;0;0;0;0;0;0;0;0;4452;18;Y;Y;Y;Y;N;N;Y
993318;1249;685219;2020;complete;57520;1;-1;62,64;;2;0;2;9;3;12;-1;-1;-1;-1;-1;-1;11;3;8;4;19;7;-1;-1;54;46;-1;-1;0;0;0;0;0;0;0;0;0;0;0;0;0;0;0;0;0;0;0;0;0;0;0;0;0;0;0;0;0;0;0;0;0;0;0;0;0;0;0;0;0;0;0;0;0;0;0;0;0;0;0;0;0;0;0;0;0;0;0;0;0;0;0;0;0;0;0;0;2;0;0;2;0;2;0;2020-06-05 16:00:00;1249;0;0;0;0;0;1;-1;5;3;4;0;8;4;-1;-1;-1;-1;-1;-1;1;0;0;0;0;2.59;1.02;3.61;-1;-1;-1;-1;-1;-1;-1;1;0;0;0;0;-1;-1;-1;-1;-1;-1;-1;-1;-1;-1;-1;0;0;0;0;0;0;0;0;0;0;0;0;0;Vilniaus Vytis;Kauno Žalgiris II;1.73;0.6;0;0;0;0;0;0;0;0;0;0;0;0;0;0;0;4452;18;Y;Y;N;N;N;N;N
993319;1254;11562;2020;complete;57520;1;-1;41,57,76,83;;4;0;4;10;2;12;-1;-1;-1;-1;-1;-1;16;2;11;4;27;6;-1;-1;60;40;-1;-1;1.17;5.75;4.5;0;0;1.29;0;0;0;0;3.6;0;0;1.44;2.6;0;0;0;0;1.07;1.11;3.5;1.62;3.1;6;1.64;3.5;4.88;0;0;0;0;0;0;0;0;0;0;0;0;0;0;0;0;0;0;0;0;0;0;0;0;0;0;0;0;0;0;0;0;0;0;0;0;0;0;0;0;4;1;0;3;0;3;1;2020-06-06 12:00:00;1254;0;0;0;0;0;1;-1;8;1;2;1;9;3;-1;-1;-1;-1;-1;-1;1;0;0;0;0;3.36;0.91;4.27;-1;-1;-1;-1;-1;-1;-1;1;0;0;0;1;-1;-1;-1;-1;-1;-1;-1;-1;-1;-1;-1;0;0;0;0;0;0;0;0;0;0;0;0;0;Hegelmann Litauen;FK Vilnius;2.55;0.5;0;0;0;0;0;0;0;0;0;0;0;0;0;0;0;4452;18;Y;Y;Y;Y;N;N;N
993320;1237;11563;2020;complete;57520;1;-1;44,90;72;2;1;3;7;1;8;-1;-1;-1;-1;-1;-1;4;6;15;5;19;11;-1;-1;60;40;-1;-1;1.25;5.75;7;0;0;1.33;0;0;0;0;3.4;0;0;0;0;0;0;0;0;1.07;1.11;3.5;1.67;3;5.5;0;0;0;0;0;0;0;0;0;0;0;0;0;0;0;0;0;0;0;0;0;0;0;0;0;0;0;0;0;0;0;0;0;0;0;0;0;0;0;0;0;0;0;3;1;0;1;1;2;1;2020-06-06 13:00:00;1237;0;0;0;0;0;1;-1;2;1;5;0;3;5;-1;-1;-1;-1;-1;-1;1;0;0;0;0;1.95;1.33;3.28;-1;-1;-1;-1;-1;-1;-1;1;0;0;2;0;-1;-1;-1;-1;-1;-1;-1;-1;-1;-1;-1;0;0;0;0;0;0;0;0;0;0;0;0;0;Dainava;Atmosfera;1.67;0.89;0;0;0;0;0;0;0;0;0;0;0;0;0;0;0;4452;18;Y;Y;Y;N;N;N;Y
993321;1256;1228;2020;complete;57520;1;-1;55;26,70;1;2;3;7;7;14;-1;-1;-1;-1;-1;-1;4;7;2;9;6;16;-1;-1;46;54;-1;-1;1.57;4.33;2.25;0;0;1.48;0;0;0;0;2.6;0;0;1.36;3;0;0;0;0;1.4;1.17;1.67;2.5;2.6;3.1;2.22;3;3.18;0;0;0;0;0;0;0;0;0;0;0;0;0;0;0;0;0;0;0;0;0;0;0;0;0;0;0;0;0;0;0;0;0;0;0;0;0;0;0;0;3;0;1;1;1;2;1;2020-06-06 14:00:00;1228;0;0;0;0;0;1;-1;3;5;4;2;8;6;-1;-1;-1;-1;-1;-1;1;0;0;0;0;1.06;1.93;2.99;-1;-1;-1;-1;-1;-1;-1;1;0;0;1;0;-1;-1;-1;-1;-1;-1;-1;-1;-1;-1;-1;0;0;0;0;0;0;0;0;0;0;0;0;0;Minija;Jonava;1.2;2.2;0;0;0;0;0;0;0;0;0;0;0;0;0;0;0;4452;18;Y;Y;Y;N;N;N;Y
993322;1244;1241;2020;complete;57520;2;-1;;-1,-1,-1;0;3;3;10;0;10;-1;-1;-1;-1;-1;-1;7;7;8;7;15;14;-1;-1;51;49;-1;-1;1.95;4.2;1.75;0;0;1.44;0;0;0;0;2.7;0;0;1.36;2.88;0;0;0;0;1.36;1.2;1.67;2.5;2.6;3.1;2.44;2.94;2.87;0;0;0;0;0;0;0;0;0;0;0;0;0;0;0;0;0;0;0;0;0;0;0;0;0;0;0;0;0;0;0;0;0;0;0;0;0;0;0;0;3;0;0;0;0;0;0;2020-06-12 14:30:00;1241;0;0;0;0;1;-1;-1;-1;-1;-1;-1;-1;-1;-1;-1;-1;-1;-1;-1;1;0;0;0;0;1.88;1.9;3.78;-1;-1;-1;-1;-1;-1;-1;-1;-1;-1;-1;-1;-1;-1;-1;-1;-1;-1;-1;-1;-1;-1;-1;0;0;0;0;0;0;0;0;0;0;0;0;0;Trakai II;Nevėžis;0.89;2.44;0;0;0;1;0;0;0;0;0;0;0;0;0;0;0;4452;18;Y;Y;Y;N;N;N;N
993323;1256;685218;2020;complete;57520;2;-1;63,77;18,81;2;2;4;5;9;14;-1;-1;-1;-1;-1;-1;4;4;8;6;12;10;-1;-1;51;49;-1;-1;1.29;4.75;3.3;0;0;1.44;0;0;0;0;2.7;0;0;1.44;2.6;0;0;0;0;1.17;1.14;2.38;2.05;2.62;4;1.83;2.95;4.5;0;0;0;0;0;0;0;0;0;0;0;0;0;0;0;0;0;0;0;0;0;0;0;0;0;0;0;0;0;0;0;0;0;0;0;0;0;0;0;0;4;0;1;2;1;3;1;2020-06-12 15:00:00;-1;0;50;0;50;0;1;-1;3;4;2;5;7;7;-1;-1;-1;-1;-1;-1;1;0;0;0;0;1.61;1.58;3.18;-1;-1;-1;-1;-1;-1;-1;1;0;0;0;1;-1;-1;-1;-1;-1;-1;-1;-1;-1;-1;-1;0;0;50;100;100;0;100;100;50;10;0;0;2.5;Minija;Panevėžys II;1.2;0.5;0;0;0;0;100;100;50;0;0;100;100;100;1.06;0.5;1.56;4452;18;Y;Y;Y;Y;N;N;Y
993324;1228;1254;2020;complete;57520;2;-1;36;67;1;1;2;1;6;7;-1;-1;-1;-1;-1;-1;3;9;7;8;10;17;-1;-1;50;50;-1;-1;2.1;4;1.65;0;0;1.53;0;0;0;0;2.4;0;0;1.44;2.55;0;0;0;0;1.73;1.2;1.33;3.4;2.5;2.5;3.25;2.8;2.25;0;0;0;0;0;0;0;0;0;0;0;0;0;0;0;0;0;0;6;5.2;0;0;0;0;0;0;0;0;0;0;0;0;0;0;0;0;0;0;0;0;2;1;0;0;1;1;1;2020-06-12 16:00:00;-1;0;0;0;0;0;1;-1;0;2;1;4;2;5;-1;-1;-1;-1;-1;-1;1;0;0;0;0;1.09;2.04;3.13;-1;-1;-1;-1;-1;-1;-1;1;0;0;0;0;-1;-1;-1;-1;-1;-1;-1;-1;-1;-1;-1;0;0;0;0;0;0;0;0;0;0;0;0;0;Jonava;Hegelmann Litauen;1.9;2;0;0;3;3;0;0;0;0;0;0;0;0;0;0;0;4452;20;Y;Y;N;N;N;N;Y
993325;11563;1249;2020;complete;57520;2;-1;;6,87;0;2;2;4;5;9;-1;-1;-1;-1;-1;-1;6;7;2;8;8;15;-1;-1;55;45;-1;-1;4.5;4.5;1.45;0;0;1.22;0;0;0;0;4.2;0;0;0;0;0;0;0;0;2.5;1.14;1.14;4;3;1.95;0;0;0;0;0;0;0;0;0;0;0;0;0;0;0;0;0;0;0;0;0;0;0;0;0;0;0;0;0;0;0;0;0;0;0;0;0;0;0;0;0;0;0;2;0;1;0;1;1;1;2020-06-13 11:00:00;1249;0;0;0;0;0;1;-1;3;3;1;2;6;3;-1;-1;-1;-1;-1;-1;1;0;0;0;0;1.37;2.03;3.4;-1;-1;-1;-1;-1;-1;-1;1;0;1;1;1;-1;-1;-1;-1;-1;-1;-1;-1;-1;-1;-1;0;0;0;0;0;0;0;0;0;0;0;0;0;Atmosfera;Vilniaus Vytis;0.78;1.22;0;0;0;3;0;0;0;0;0;0;0;0;0;0;0;4452;18;Y;Y;N;N;N;N;N
993326;11562;666715;2020;complete;57520;2;-1;;11,26,45,48,55,71;0;6;6;6;5;11;-1;-1;-1;-1;-1;-1;3;9;5;11;8;20;-1;-1;50;50;-1;-1;0;0;0;0;0;0;0;0;0;0;0;0;0;0;0;0;0;0;0;0;0;0;0;0;0;0;0;0;0;0;0;0;0;0;0;0;0;0;0;0;0;0;0;0;0;0;0;0;0;0;0;0;0;0;0;0;0;0;0;0;0;0;0;0;0;0;0;0;6;0;3;0;3;3;3;2020-06-13 11:00:00;666715;0;0;0;0;0;1;-1;2;5;4;0;7;4;-1;-1;-1;-1;-1;-1;1;58;66;99;83;1.14;2.36;3.5;-1;-1;-1;-1;-1;-1;-1;1;0;0;0;1;-1;-1;-1;-1;-1;-1;-1;-1;-1;-1;-1;0;0;0;0;0;0;0;0;0;0;0;0;0;FK Vilnius;FA Šiauliai;0.75;1.55;0;0;0;3;0;0;0;0;0;0;0;0;0;0;0;4452;18;Y;Y;Y;Y;Y;Y;N
993327;1240;1237;2020;complete;57520;2;-1;;56,65,71;0;3;3;1;8;9;-1;-1;-1;-1;-1;-1;2;9;3;9;5;18;-1;-1;37;63;-1;-1;17;8;1;0;0;1.29;0;0;0;0;3.6;0;0;2;1.73;0;0;0;0;6;1.05;1.01;10;3.5;1.36;11.5;4.34;1.28;0;0;0;0;0;0;0;0;0;0;0;0;0;0;0;0;0;0;0;0;0;0;0;0;0;0;0;0;0;0;0;0;0;0;0;0;0;0;0;0;3;0;0;0;3;3;0;2020-06-14 09:00:00;1237;0;0;0;0;0;1;-1;0;7;1;1;7;2;-1;-1;-1;-1;-1;-1;1;0;0;0;0;0.78;2.35;3.14;-1;-1;-1;-1;-1;-1;-1;1;0;0;0;3;-1;-1;-1;-1;-1;-1;-1;-1;-1;-1;-1;0;0;0;0;0;0;0;0;0;0;0;0;0;Žalgiris II;Dainava;1.5;1.55;0;0;1;3;0;0;0;0;0;0;0;0;0;0;0;4452;18;Y;Y;Y;N;N;N;N
993328;685219;1247;2020;complete;57520;2;-1;;9,15,84;0;3;3;1;6;7;-1;-1;-1;-1;-1;-1;3;11;2;6;5;17;-1;-1;49;51;-1;-1;13;10;1.06;0;0;1.18;0;0;0;0;4.5;0;0;0;0;0;0;0;0;7.5;1.03;1.01;12;4;1.3;0;0;0;0;0;0;0;0;0;0;0;0;0;0;0;0;0;0;0;0;0;0;0;0;0;0;0;0;0;0;0;0;0;0;0;0;0;0;0;0;0;0;0;3;0;2;0;1;1;2;2020-06-14 14:00:00;1247;0;0;0;0;0;1;-1;1;1;0;5;2;5;-1;-1;-1;-1;-1;-1;1;0;0;0;0;0.94;2.5;3.45;-1;-1;-1;-1;-1;-1;-1;1;0;1;0;1;-1;-1;-1;-1;-1;-1;-1;-1;-1;-1;-1;0;0;0;0;0;0;0;0;0;0;0;0;0;Kauno Žalgiris II;Džiugas Telšiai;0.88;2;0;0;0;3;0;0;0;0;0;0;0;0;0;0;0;4452;18;Y;Y;Y;N;N;N;N
993329;1241;11562;2020;complete;57520;3;-1;36,45,48,53;64;4;1;5;9;4;13;-1;-1;-1;-1;-1;-1;12;4;10;3;22;7;-1;-1;64;36;-1;-1;1.05;6.5;8;0;0;1.33;0;0;0;0;3.4;0;0;1.57;2.25;0;0;0;0;1.05;1.08;4;1.57;3.1;6.5;1.43;4;6.9;0;0;0;0;0;0;0;0;0;0;0;0;0;0;0;0;0;0;2.45;26;0;0;0;0;0;0;0;0;0;0;0;0;0;0;0;0;0;0;0;0;5;2;0;2;1;3;2;2020-06-19 14:30:00;1241;0;50;0;0;0;1;-1;5;1;4;3;6;7;-1;-1;-1;-1;-1;-1;1;0;0;0;0;2.88;1.04;3.93;-1;-1;-1;-1;-1;-1;-1;1;0;0;0;0;-1;-1;-1;-1;-1;-1;-1;-1;-1;-1;-1;0;50;50;100;100;0;100;100;50;7;0;0;3;Nevėžis;FK Vilnius;2.36;0.5;1;0;2;0;100;50;50;0;0;100;100;100;1.93;0.91;2.84;4452;18;Y;Y;Y;Y;Y;N;Y
993330;1247;11563;2020;complete;57520;3;-1;67,90;;2;0;2;7;2;9;-1;-1;-1;-1;-1;-1;4;0;8;3;12;3;-1;-1;53;47;-1;-1;1.06;10;17;0;0;1.93;0;0;0;0;1.88;0;0;0;0;0;0;0;0;1;1.03;7.5;1.25;4;17;0;0;0;0;0;0;0;0;0;0;0;0;0;0;0;0;0;0;0;0;0;0;0;0;0;0;0;0;0;0;0;0;0;0;0;0;0;0;0;0;0;0;0;2;0;0;2;0;2;0;2020-06-19 15:00:00;1247;0;50;0;50;0;1;-1;3;2;4;0;5;4;-1;-1;-1;-1;-1;-1;1;0;0;0;0;1.75;0.6;2.35;-1;-1;-1;-1;-1;-1;-1;1;0;0;0;0;-1;-1;-1;-1;-1;-1;-1;-1;-1;-1;-1;0;0;50;100;100;0;100;100;50;16;0;0;2.5;Džiugas Telšiai;Atmosfera;1.78;0.89;3;0;3;0;100;100;50;0;0;50;50;50;2.32;1.33;3.65;4452;18;Y;Y;N;N;N;N;N
993331;666715;1228;2020;complete;57520;3;-1;;90;0;1;1;10;5;15;-1;-1;-1;-1;-1;-1;4;3;6;5;10;8;-1;-1;55;45;-1;-1;1.8;4.2;3.25;0;0;1.83;0;0;0;0;1.98;0;0;0;0;0;0;0;0;1.33;1.2;1.73;2.3;2.5;3.6;0;0;0;0;0;0;0;0;0;0;0;0;0;0;0;0;0;0;0;0;0;0;0;0;0;0;0;0;0;0;0;0;0;0;0;0;0;0;0;0;0;0;0;1;0;0;0;1;1;0;2020-06-19 16:00:00;1228;0;100;50;50;0;1;-1;5;0;5;5;5;10;-1;-1;-1;-1;-1;-1;1;0;0;0;0;1.63;1.19;2.82;-1;-1;-1;-1;-1;-1;-1;1;0;0;1;0;-1;-1;-1;-1;-1;-1;-1;-1;-1;-1;-1;0;50;100;100;100;50;100;100;100;10;0;0;3.5;FA Šiauliai;Jonava;1.67;2.2;3;3;3;2;100;50;0;0;0;100;100;100;1.18;1.93;3.11;4452;20;Y;N;N;N;N;N;N
993332;1237;1244;2020;complete;57520;3;-1;26,34;54;2;1;3;4;3;7;-1;-1;-1;-1;-1;-1;8;6;5;14;13;20;-1;-1;42;58;-1;-1;1.29;4.33;3.3;0;0;1.4;0;0;0;0;2.85;0;0;1.4;2.8;0;0;0;0;1.2;1.17;2.2;2.05;2.62;4;1.97;3.2;3.92;0;0;0;0;0;0;0;0;0;0;0;0;0;0;0;0;0;0;0;0;0;0;0;0;0;0;0;0;0;0;0;0;0;0;0;0;0;0;0;0;3;2;0;0;1;1;2;2020-06-20 13:00:00;1237;0;100;50;50;0;1;-1;4;0;0;3;4;3;-1;-1;-1;-1;-1;-1;1;0;0;0;0;1.78;2.25;4.03;-1;-1;-1;-1;-1;-1;-1;1;0;0;2;0;-1;-1;-1;-1;-1;-1;-1;-1;-1;-1;-1;0;50;100;100;100;50;100;100;100;16;0;0;3.5;Dainava;Trakai II;1.67;0.44;3;0;3;0;100;50;0;0;0;50;50;50;1.95;1.68;3.63;4452;18;Y;Y;Y;N;N;N;Y
993333;1254;1256;2020;complete;57520;3;-1;23,60,79;;3;0;3;9;0;9;-1;-1;-1;-1;-1;-1;9;4;20;2;29;6;-1;-1;63;37;-1;-1;1.85;4.2;3;0;0;1.36;0;0;0;0;3.1;0;0;1.45;2.25;0;0;0;0;1.14;1.14;2.62;2.38;2.6;3.4;1.68;3.15;4.8;0;0;0;0;0;0;0;0;0;0;0;0;0;0;0;0;0;0;3.1;15;0;0;0;0;0;0;0;0;0;0;0;0;0;0;0;0;0;0;0;0;3;1;0;2;0;2;1;2020-06-20 11:00:00;1254;0;0;0;0;0;1;-1;5;0;4;0;5;4;-1;-1;-1;-1;-1;-1;1;116;40;130;89;3.28;0.96;4.24;-1;-1;-1;-1;-1;-1;-1;1;0;0;1;0;-1;-1;-1;-1;-1;-1;-1;-1;-1;-1;-1;0;50;50;50;50;0;50;50;50;10;0;0;2;Hegelmann Litauen;Minija;2.55;1.13;3;0;2;0.5;50;0;0;0;0;50;50;50;3.36;0;3.36;4452;18;Y;Y;Y;N;N;N;N
993334;685218;685219;2020;complete;57520;3;-1;40,60,71;22,45;3;2;5;13;1;14;-1;-1;-1;-1;-1;-1;6;5;4;4;10;9;-1;-1;51;49;-1;-1;3;3.75;1.95;0;0;1.4;0;0;0;0;2.88;0;0;0;0;0;0;0;0;1.73;1.22;1.33;3.1;2.6;2.5;0;0;0;0;0;0;0;0;0;0;0;0;0;0;0;0;0;0;0;0;0;0;0;0;0;0;0;0;0;0;0;0;0;0;0;0;0;0;0;0;0;0;0;5;1;2;2;0;2;3;2020-06-21 14:00:00;685218;0;0;0;0;0;1;-1;5;1;8;0;6;8;-1;-1;-1;-1;-1;-1;1;0;0;0;0;1.69;1.41;3.09;-1;-1;-1;-1;-1;-1;-1;1;0;0;0;0;-1;-1;-1;-1;-1;-1;-1;-1;-1;-1;-1;0;0;0;50;50;0;0;50;50;3;0;0;1;Panevėžys II;Kauno Žalgiris II;1.42;0.6;0;0;0.5;0;50;50;50;0;0;50;50;50;0;1.02;1.02;4452;18;Y;Y;Y;Y;Y;N;Y
993335;1249;1240;2020;complete;57520;3;-1;32,34,56,76;78;4;1;5;8;5;13;-1;-1;-1;-1;-1;-1;10;4;9;8;19;12;-1;-1;47;53;-1;-1;1.1;8;12;0;0;1.22;0;0;0;0;4.2;0;0;0;0;0;0;0;0;1.02;1.05;6;1.4;3.6;9.5;0;0;0;0;0;0;0;0;0;0;0;0;0;0;0;0;0;0;0;0;0;0;0;0;0;0;0;0;0;0;0;0;0;0;0;0;0;0;0;0;0;0;0;5;2;0;2;1;3;2;2020-06-21 14:00:00;1249;0;50;0;0;0;1;-1;4;1;4;4;5;8;-1;-1;-1;-1;-1;-1;1;0;0;0;0;2.35;1.42;3.77;-1;-1;-1;-1;-1;-1;-1;1;0;0;1;1;-1;-1;-1;-1;-1;-1;-1;-1;-1;-1;-1;0;0;0;100;100;0;50;100;50;17;0;0;2;Vilniaus Vytis;Žalgiris II;1.73;0.9;3;1;3;0.5;100;100;100;0;0;100;100;100;2.59;1.12;3.71;4452;18;Y;Y;Y;Y;Y;N;Y
993336;1244;1249;2020;complete;57520;4;-1;15,79;28,34,87;2;3;5;4;5;9;-1;-1;-1;-1;-1;-1;6;6;6;6;12;12;-1;-1;53;47;-1;-1;2.2;4.2;1.6;0;0;1.4;0;0;0;0;2.88;0;0;1.33;3;0;0;0;0;1.62;1.2;1.44;3;2.6;2.6;2.8;2.85;2.4;0;0;0;0;0;0;0;0;0;0;0;0;0;0;0;0;0;0;7.5;4.75;0;0;0;0;0;0;0;0;0;0;0;0;0;0;0;0;0;0;0;0;5;1;2;1;1;2;3;2020-06-26 14:30:00;1249;0;0;0;0;0;1;-1;0;3;4;2;3;6;-1;-1;-1;-1;-1;-1;1;0;0;0;0;1.58;1.63;3.21;-1;-1;-1;-1;-1;-1;-1;1;0;0;0;1;-1;-1;-1;-1;-1;-1;-1;-1;-1;-1;-1;0;0;50;100;100;0;50;50;0;15;0;0;2.5;Trakai II;Vilniaus Vytis;0.89;1.22;0;3;0;3;100;100;50;0;0;100;50;0;1.88;2.03;3.91;4452;18;Y;Y;Y;Y;Y;N;Y
993337;1228;1241;2020;complete;57520;4;-1;52;;1;0;1;4;7;11;-1;-1;-1;-1;-1;-1;7;4;4;7;11;11;-1;-1;42;58;-1;-1;1.36;4.5;2.88;0;0;1.53;0;0;0;0;2.4;0;0;1.5;2.4;0;0;0;0;1.25;1.14;2;2.25;2.5;3.75;2.05;2.85;3.6;0;0;0;0;0;0;0;0;0;0;0;0;0;0;0;0;0;0;3.7;8.5;0;0;0;0;0;0;0;0;0;0;0;0;0;0;0;0;0;0;0;0;1;0;0;1;0;1;0;2020-06-26 15:00:00;1228;0;50;0;0;0;1;-1;4;1;0;6;5;6;-1;-1;-1;-1;-1;-1;1;0;0;0;0;1.59;1.69;3.27;-1;-1;-1;-1;-1;-1;-1;1;0;0;0;0;-1;-1;-1;-1;-1;-1;-1;-1;-1;-1;-1;0;0;50;100;100;0;50;50;0;1;0;0;2.5;Jonava;Nevėžis;1.9;2.44;1;3;2.33;2.33;100;100;50;0;0;50;50;0;1.09;1.9;2.99;4452;20;Y;N;N;N;N;N;N
993338;1254;685218;2020;complete;57520;4;-1;41,44,49,74;;4;0;4;11;4;15;-1;-1;-1;-1;-1;-1;10;5;8;7;18;12;-1;-1;59;41;-1;-1;1.08;4.2;5.75;0;0;1.44;0;0;0;0;2.7;0;0;1.75;2;0;0;0;0;1.07;1.1;3;1.62;2.75;7;1.45;3.4;7.25;0;0;0;0;0;0;0;0;0;0;0;0;0;0;0;0;0;0;0;0;0;0;0;0;0;0;0;0;0;0;0;0;0;0;0;0;0;0;0;0;4;2;0;2;0;2;2;2020-06-27 10:00:00;1254;0;25;0;25;0;1;-1;7;4;4;0;11;4;-1;-1;-1;-1;-1;-1;1;90;64;114;93;2.48;1.57;4.05;-1;-1;-1;-1;-1;-1;-1;1;0;0;1;1;-1;-1;-1;-1;-1;-1;-1;-1;-1;-1;-1;0;50;75;100;100;0;100;100;75;15.5;0;0;3.25;Hegelmann Litauen;Panevėžys II;2.55;0.5;3;0.5;2.33;1.33;100;50;25;0;0;100;75;75;3.32;1.04;4.36;4452;20;Y;Y;Y;Y;N;N;N
993339;11562;1237;2020;complete;57520;4;-1;;64;0;1;1;8;8;16;-1;-1;-1;-1;-1;-1;-1;-1;-1;-1;-1;-1;-1;-1;-1;-1;-1;-1;16;10;1.06;0;0;0;0;0;0;0;0;0;0;0;0;0;0;0;0;0;0;0;0;0;0;0;0;0;0;0;0;0;0;0;0;0;0;0;0;0;0;0;0;0;0;0;0;0;0;0;0;0;0;0;0;0;0;0;0;0;0;0;0;0;0;0;0;0;1;0;0;0;1;1;0;2020-06-27 09:00:00;1237;0;0;0;0;0;-1;-1;-1;-1;-1;-1;-1;-1;-1;-1;-1;-1;-1;-1;1;0;0;0;0;0;0;0;-1;-1;-1;-1;-1;-1;-1;1;0;0;-1;-1;-1;-1;-1;-1;-1;-1;-1;-1;-1;-1;-1;50;50;100;100;100;50;50;100;100;14;0;0;4.5;FK Vilnius;Dainava;0.75;1.55;0;3;0;3;50;50;0;0;0;100;50;50;1.14;2.35;3.49;4452;18;Y;N;N;N;N;N;N
993340;1240;1247;2020;complete;57520;4;-1;;7,40,53;0;3;3;2;8;10;-1;-1;-1;-1;-1;-1;0;6;5;7;5;13;-1;-1;42;58;-1;-1;11;7;1.17;0;0;0;0;0;0;0;0;0;0;0;0;0;0;0;0;0;0;0;0;0;0;0;0;0;0;0;0;0;0;0;0;0;0;0;0;0;0;0;0;0;0;0;0;0;0;0;0;0;0;0;0;0;0;0;0;0;0;0;0;0;0;0;0;0;3;0;2;0;1;1;2;2020-06-27 14:00:00;1247;0;0;0;0;0;1;-1;1;3;1;5;4;6;-1;-1;-1;-1;-1;-1;1;0;0;0;0;0.56;1.81;2.38;-1;-1;-1;-1;-1;-1;-1;1;0;1;0;1;-1;-1;-1;-1;-1;-1;-1;-1;-1;-1;-1;0;0;100;100;100;50;50;100;50;7;0;0;3;Žalgiris II;Džiugas Telšiai;1.5;2;0;3;0.33;3;100;100;0;0;0;50;0;0;0.78;2.5;3.28;4452;18;Y;Y;Y;N;N;N;N
993341;11563;685219;2020;complete;57520;4;-1;65;;1;0;1;7;2;9;-1;-1;-1;-1;-1;-1;6;5;3;3;9;8;-1;-1;45;55;-1;-1;1.83;4.5;3;0;0;1.29;0;0;0;0;3.6;0;0;0;0;0;0;0;0;1.33;1.14;1.8;2.3;2.75;3.2;0;0;0;0;0;0;0;0;0;0;0;0;0;0;0;0;0;0;0;0;0;0;0;0;0;0;0;0;0;0;0;0;0;0;0;0;0;0;0;0;0;0;0;1;0;0;1;0;1;0;2020-06-27 13:00:00;11563;0;25;25;0;0;1;-1;3;1;4;1;4;5;-1;-1;-1;-1;-1;-1;1;0;0;0;0;1.53;1.36;2.89;-1;-1;-1;-1;-1;-1;-1;1;0;0;0;0;-1;-1;-1;-1;-1;-1;-1;-1;-1;-1;-1;25;25;25;100;100;25;75;100;50;6;0;0;2.75;Atmosfera;Kauno Žalgiris II;0.78;0.6;0;0;0;0;75;75;75;0;0;100;50;50;1.37;1.22;2.59;4452;18;Y;N;N;N;N;N;N
993342;1256;666715;2020;complete;57520;4;-1;66,85;8,64;2;2;4;1;4;5;-1;-1;-1;-1;-1;-1;8;7;9;6;17;13;-1;-1;44;56;-1;-1;3.25;4.2;1.75;0;0;1.44;0;0;0;0;2.7;0;0;0;0;0;0;0;0;1.91;1.2;1.3;3.5;2.6;2.3;0;0;0;0;0;0;0;0;0;0;0;0;0;0;0;0;0;0;0;0;0;0;0;0;0;0;0;0;0;0;0;0;0;0;0;0;0;0;0;0;0;0;0;4;0;1;2;1;3;1;2020-06-27 14:00:00;-1;0;50;0;50;0;1;-1;1;3;0;1;4;1;-1;-1;-1;-1;-1;-1;1;44;53;97;92;1.95;1.69;3.65;-1;-1;-1;-1;-1;-1;-1;1;0;1;0;2;-1;-1;-1;-1;-1;-1;-1;-1;-1;-1;-1;50;75;100;100;100;50;100;100;100;11;0;0;4.75;Minija;FA Šiauliai;1.2;1.55;0.5;3;0.33;2;50;25;0;0;0;100;100;100;1.33;2.36;3.69;4452;18;Y;Y;Y;Y;N;N;Y
993343;1249;11562;2020;complete;57520;5;-1;10,45,55,58;26,67;4;2;6;4;5;9;-1;-1;-1;-1;-1;-1;10;6;17;5;27;11;-1;-1;50;50;-1;-1;1;11;26;0;0;1.14;0;0;0;0;5.5;0;0;1.45;2.55;0;0;0;0;1;1.02;8.5;1.25;4.5;11;1.13;5.5;19;0;0;0;0;0;0;0;0;0;0;0;0;0;0;0;0;0;0;1.61;126;0;0;0;0;0;0;0;0;0;0;0;0;0;0;0;0;0;0;0;0;6;2;1;2;1;3;3;2020-07-04 13:00:00;1249;0;50;0;50;0;1;-1;0;4;4;1;4;5;-1;-1;-1;-1;-1;-1;1;0;0;0;0;2.75;1.42;4.18;-1;-1;-1;-1;-1;-1;-1;1;1;0;0;0;-1;-1;-1;-1;-1;-1;-1;-1;-1;-1;-1;50;75;75;100;100;50;75;100;100;11.5;0;0;4;Vilniaus Vytis;FK Vilnius;1.73;0.5;3;0;3;0;50;25;25;0;0;100;100;100;2.47;0.98;3.45;4452;18;Y;Y;Y;Y;Y;Y;Y
993344;1241;1256;2020;complete;57520;5;-1;45,56,87,90;;4;0;4;5;6;11;-1;-1;-1;-1;-1;-1;14;2;9;5;23;7;-1;-1;60;40;-1;-1;1.17;3.8;4.5;0;0;1.36;0;0;0;0;3.1;0;0;1.33;3.1;0;0;0;0;1.06;1.22;2.62;1.8;2.75;5;1.68;3.15;4.9;0;0;0;0;0;0;0;0;0;0;0;0;0;0;0;0;0;0;3.3;13;0;0;0;0;0;0;0;0;0;0;0;0;0;0;0;0;0;0;0;0;4;1;0;3;0;3;1;2020-07-03 14:30:00;1241;0;50;0;25;0;1;-1;2;1;3;5;3;8;-1;-1;-1;-1;-1;-1;1;0;0;0;0;3.1;1.01;4.11;-1;-1;-1;-1;-1;-1;-1;1;0;0;0;1;-1;-1;-1;-1;-1;-1;-1;-1;-1;-1;-1;25;25;75;100;100;25;100;100;75;7;0;0;3.25;Nevėžis;Minija;2.36;1.13;2;0;1.75;0.5;75;75;25;0;0;100;50;50;2.41;0.96;3.37;4452;18;Y;Y;Y;Y;N;N;N
993346;1247;1244;2020;complete;57520;5;-1;12;51;1;1;2;9;2;11;-1;-1;-1;-1;-1;-1;4;3;8;3;12;6;-1;-1;52;48;-1;-1;1.11;4.75;5.5;0;0;1.4;0;0;0;0;2.88;0;0;1.6;2.25;0;0;0;0;1.07;1.17;3.25;1.8;2.75;5.5;1.58;3.2;5.75;0;0;0;0;0;0;0;0;0;0;0;0;0;0;0;0;0;0;2.6;17;0;0;0;0;0;0;0;0;0;0;0;0;0;0;0;0;0;0;0;0;2;1;0;0;1;1;1;2020-07-03 15:00:00;-1;0;50;25;0;0;1;-1;5;1;4;1;6;5;-1;-1;-1;-1;-1;-1;1;0;0;0;0;1.78;1.08;2.86;-1;-1;-1;-1;-1;-1;-1;1;0;0;0;0;-1;-1;-1;-1;-1;-1;-1;-1;-1;-1;-1;0;25;50;100;100;50;75;100;50;17;0;0;2.75;Džiugas Telšiai;Trakai II;1.78;0.44;3;0;3;0;100;75;50;0;0;75;50;50;2.04;1.97;4.01;4452;18;Y;Y;N;N;N;N;Y
993347;666715;1254;2020;complete;57520;5;-1;;18,32,47,74;0;4;4;7;8;15;-1;-1;-1;-1;-1;-1;0;7;6;4;6;11;-1;-1;53;47;-1;-1;2.1;4.33;2.5;0;0;1.36;0;0;0;0;3.1;0;0;0;0;0;0;0;0;1.44;1.17;1.62;2.5;2.62;3.1;0;0;0;0;0;0;0;0;0;0;0;0;0;0;0;0;0;0;0;0;0;0;0;0;0;0;0;0;0;0;0;0;0;0;0;0;0;0;0;0;0;0;0;4;0;2;0;2;2;2;2020-07-03 16:00:00;1254;0;75;25;0;0;1;-1;2;4;5;4;6;9;-1;-1;-1;-1;-1;-1;1;79;74;115;101;0.96;1.72;2.68;-1;-1;-1;-1;-1;-1;-1;1;0;0;1;1;-1;-1;-1;-1;-1;-1;-1;-1;-1;-1;-1;0;25;25;75;100;25;75;100;25;12.5;0;0;2.25;FA Šiauliai;Hegelmann Litauen;1.67;2;1.5;1;1.75;2.5;100;75;75;25;0;50;50;50;1.41;2.04;3.45;4452;20;Y;Y;Y;Y;N;N;N
993348;1237;1228;2020;complete;57520;5;-1;;36;0;1;1;6;6;12;-1;-1;-1;-1;-1;-1;0;2;0;0;0;2;-1;-1;50;50;-1;-1;1.65;3.6;2.1;0;0;1.57;0;0;0;0;2.35;0;0;1.4;2.75;0;0;0;0;1.44;1.29;1.57;2.88;2.38;3;2.55;2.7;2.85;0;0;0;0;0;0;0;0;0;0;0;0;0;0;0;0;0;0;0;0;0;0;0;0;0;0;0;0;0;0;0;0;0;0;0;0;0;0;0;0;1;0;1;0;0;0;1;2020-07-03 16:00:00;1228;0;75;0;50;0;1;-1;3;2;3;4;5;7;-1;-1;-1;-1;-1;-1;-1;0;0;0;0;0;0;0;-1;-1;-1;-1;-1;-1;-1;1;0;0;0;1;-1;-1;-1;-1;-1;-1;-1;-1;-1;-1;-1;0;0;75;75;100;25;75;100;50;11.5;0;0;2.5;Dainava;Jonava;1.67;2.2;3;3;3;2.5;100;100;25;25;0;50;50;50;1.86;1.56;3.42;4452;20;Y;N;N;N;N;N;N
993349;685218;11563;2020;complete;57520;5;-1;;;0;0;0;4;7;11;-1;-1;-1;-1;-1;-1;3;2;5;4;8;6;-1;-1;45;55;-1;-1;2.88;3.5;2.05;0;0;1.2;0;0;0;0;4.33;0;0;0;0;0;0;0;0;1.67;1.25;1.36;2.75;2.88;2.5;0;0;0;0;0;0;0;0;0;0;0;0;0;0;0;0;0;0;0;0;0;0;0;0;0;0;0;0;0;0;0;0;0;0;0;0;0;0;0;0;0;0;0;0;0;0;0;0;0;0;2020-07-04 14:00:00;-1;0;75;50;25;0;1;-1;1;4;3;3;5;6;-1;-1;-1;-1;-1;-1;1;0;0;0;0;1.28;1.14;2.42;0;0;0;0;0;0;1;1;0;0;0;0;-1;-1;-1;-1;-1;-1;-1;-1;-1;-1;-1;50;50;75;100;100;50;75;100;100;14.5;0;0;3.75;Panevėžys II;Atmosfera;1.42;0.89;3;0;1;0.75;50;50;25;0;0;75;50;50;1.69;0.97;2.66;4452;18;N;N;N;N;N;N;N
993350;685219;1240;2020;complete;57520;5;-1;37,67;8,14,42,43,61;2;5;7;8;4;12;-1;-1;-1;-1;-1;-1;9;10;4;11;13;21;-1;-1;50;50;-1;-1;1.6;3.75;4.75;0;0;1.5;0;0;0;0;2.5;0;0;0;0;0;0;0;0;1.14;1.22;2.2;2.1;2.5;4.33;0;0;0;0;0;0;0;0;0;0;0;0;0;0;0;0;0;0;0;0;0;0;0;0;0;0;0;0;0;0;0;0;0;0;0;0;0;0;0;0;0;0;0;7;1;4;1;1;2;5;2020-07-04 14:00:00;1240;0;50;0;25;0;1;-1;5;2;3;2;7;5;-1;-1;-1;-1;-1;-1;1;0;0;0;0;1.96;2.51;4.48;-1;-1;-1;-1;-1;-1;-1;1;0;1;0;1;-1;-1;-1;-1;-1;-1;-1;-1;-1;-1;-1;25;25;75;100;100;75;100;100;25;7.5;0;0;3.25;Kauno Žalgiris II;Žalgiris II;0.88;0.9;0;0.5;0;0.25;75;75;25;0;0;50;50;50;0.94;1.27;2.21;4452;18;Y;Y;Y;Y;Y;Y;Y
993351;1228;1249;2020;complete;57520;6;-1;;;0;0;0;4;6;10;-1;-1;-1;-1;-1;-1;0;8;6;9;6;17;-1;-1;53;47;-1;-1;1.5;3.75;2.4;0;0;1.67;0;0;0;0;2.15;0;0;1.57;2.25;0;0;0;0;1.33;1.22;1.73;2.75;2.3;3.2;2.3;2.65;3.2;0;0;0;0;0;0;0;0;0;0;0;0;0;0;0;0;0;0;3.8;6.5;0;0;0;0;0;0;0;0;0;0;0;0;0;0;0;0;0;0;0;0;0;0;0;0;0;0;0;2020-07-10 15:00:00;-1;0;50;25;25;0;1;-1;3;4;1;2;7;3;-1;-1;-1;-1;-1;-1;1;0;0;0;0;0.82;2.21;3.03;0;0;0;0;0;0;1;1;0;0;1;0;-1;-1;-1;-1;-1;-1;-1;-1;-1;-1;-1;25;25;25;75;100;25;75;100;25;7.5;0;0;2.5;Jonava;Vilniaus Vytis;1.9;1.22;2;3;2.6;3;75;75;75;25;0;75;25;25;1.34;1.83;3.17;4452;20;N;N;N;N;N;N;N
993352;666715;685218;2020;complete;57520;6;-1;17,42,50,75;;4;0;4;4;6;10;-1;-1;-1;-1;-1;-1;9;4;7;10;16;14;-1;-1;52;48;-1;-1;1.3;5.25;9;0;0;1.18;0;0;0;0;4.5;0;0;0;0;0;0;0;0;1.04;1.14;3.4;1.62;3.25;5.5;0;0;0;0;0;0;0;0;0;0;0;0;0;0;0;0;0;0;0;0;0;0;0;0;0;0;0;0;0;0;0;0;0;0;0;0;0;0;0;0;0;0;0;4;2;0;2;0;2;2;2020-07-10 16:00:00;666715;0;33;17;17;0;1;-1;0;2;4;4;2;8;-1;-1;-1;-1;-1;-1;1;0;0;0;0;2.25;1.68;3.93;-1;-1;-1;-1;-1;-1;-1;1;0;0;0;0;-1;-1;-1;-1;-1;-1;-1;-1;-1;-1;-1;0;67;67;84;100;50;84;100;67;12;0;0;3.17;FA Šiauliai;Panevėžys II;1.67;0.5;1;0.33;1.4;1;100;33;33;17;0;100;100;100;1.26;1.22;2.48;4452;20;Y;Y;Y;Y;N;N;N
993353;1254;1241;2020;complete;57520;6;-1;;10,57;0;2;2;12;2;14;-1;-1;-1;-1;-1;-1;8;11;6;4;14;15;-1;-1;55;45;-1;-1;1.11;4.75;5.5;0;0;1.36;0;0;0;0;3.1;0;0;1.45;2.55;0;0;0;0;1.08;1.14;3;1.8;2.75;5;1.58;3.25;5.5;0;0;0;0;0;0;0;0;0;0;0;0;0;0;0;0;0;0;2.8;17;0;0;0;0;0;0;0;0;0;0;0;0;0;0;0;0;0;0;0;0;2;0;1;0;1;1;1;2020-07-11 10:00:00;1241;0;0;0;0;0;1;-1;3;1;9;1;4;10;-1;-1;-1;-1;-1;-1;1;87;58;123;114;2.07;2.14;4.21;-1;-1;-1;-1;-1;-1;-1;1;0;1;2;1;-1;-1;-1;-1;-1;-1;-1;-1;-1;-1;-1;0;34;75;75;100;17;50;75;50;13.5;0;0;2.84;Hegelmann Litauen;Nevėžis;2.55;2.44;3;1.5;2.6;2;100;67;25;25;0;100;84;59;3.04;1.79;4.83;4452;20;Y;Y;N;N;N;N;N
993354;11562;1247;2020;complete;57520;6;-1;82;34,44;1;2;3;5;6;11;-1;-1;-1;-1;-1;-1;4;12;2;9;6;21;-1;-1;50;50;-1;-1;7.5;6.5;1.05;1;1.05;1.29;1.75;0;19;7.5;3.3;1.95;1.36;1.5;2.4;0;0;0;0;4;1.07;1.04;5.85;3;1.69;7;3.5;1.45;0;0;0;0;0;0;0;0;0;0;0;0;0;0;0;0;0;0;0;0;0;0;0;0;0;0;0;0;0;0;0;0;0;0;0;0;0;0;0;0;3;0;2;1;0;1;2;2020-07-11 10:00:00;1247;0;0;0;0;0;1;-1;2;3;3;3;5;6;-1;-1;-1;-1;-1;-1;1;0;0;0;0;1.07;2.75;3.82;-1;-1;-1;-1;-1;-1;-1;1;0;0;0;0;-1;-1;-1;-1;-1;-1;-1;-1;-1;-1;-1;25;25;75;75;100;75;75;100;25;14;0;0;3.25;FK Vilnius;Džiugas Telšiai;0.75;2;0;3;0;2.6;75;75;25;25;0;75;75;50;1.14;2.16;3.3;4452;18;Y;Y;Y;N;N;N;Y
993355;1240;11563;2020;complete;57520;6;-1;61,75,86;;3;0;3;5;3;8;-1;-1;-1;-1;-1;-1;9;0;9;5;18;5;-1;-1;60;40;-1;-1;2.4;4;2.3;0;0;1.33;0;0;0;0;3.4;0;0;0;0;0;0;0;0;1.53;1.2;1.5;2.75;2.62;2.75;0;0;0;0;0;0;0;0;0;0;0;0;0;0;0;0;0;0;0;0;0;0;0;0;0;0;0;0;0;0;0;0;0;0;0;0;0;0;0;0;0;0;0;3;0;0;3;0;3;0;2020-07-10 15:00:00;1240;0;17;0;17;0;1;-1;2;1;3;2;3;5;-1;-1;-1;-1;-1;-1;1;0;0;0;0;2.25;0.61;2.86;-1;-1;-1;-1;-1;-1;-1;1;0;0;0;1;-1;-1;-1;-1;-1;-1;-1;-1;-1;-1;-1;0;0;67;84;84;25;42;84;59;4.83;0;0;2.34;Žalgiris II;Atmosfera;1.5;0.89;0;0.33;0.8;0.8;100;100;34;17;17;84;42;17;0.67;1.02;1.69;4452;18;Y;Y;Y;N;N;N;N
993356;1256;1237;2020;complete;57520;6;-1;14;58,78,90;1;3;4;9;6;15;-1;-1;-1;-1;-1;-1;6;10;4;9;10;19;-1;-1;43;57;-1;-1;5.5;4.2;1.11;0;0;1.36;0;0;0;0;3.1;0;0;1.44;2.6;0;0;0;0;2.5;1.22;1.12;4.75;2.75;1.83;6.05;3.44;1.56;0;0;0;0;0;0;0;0;0;0;0;0;0;0;0;0;0;0;0;0;0;0;0;0;0;0;0;0;0;0;0;0;0;0;0;0;0;0;0;0;4;1;0;0;3;3;1;2020-07-11 14:00:00;1237;0;50;0;50;0;1;-1;7;4;2;2;11;4;-1;-1;-1;-1;-1;-1;1;0;0;0;0;1.68;2.7;4.38;-1;-1;-1;-1;-1;-1;-1;1;0;0;0;1;-1;-1;-1;-1;-1;-1;-1;-1;-1;-1;-1;0;34;75;75;100;0;50;100;75;12.33;0;0;2.84;Minija;Dainava;1.2;1.55;0.67;3;0.4;2.4;100;67;25;25;0;84;59;59;1.54;2.35;3.89;4452;18;Y;Y;Y;Y;N;N;Y
993357;1244;685219;2020;complete;57520;6;-1;4,13,73,86;62;4;1;5;6;2;8;-1;-1;-1;-1;-1;-1;10;3;14;9;24;12;-1;-1;57;43;-1;-1;1.25;5.5;7.5;0;0;1.29;0;0;0;0;3.6;0;0;0;0;0;0;0;0;1.06;1.11;3.5;1.67;3.1;5.5;0;0;0;0;0;0;0;0;0;0;0;0;0;0;0;0;0;0;0;0;0;0;0;0;0;0;0;0;0;0;0;0;0;0;0;0;0;0;0;0;0;0;0;5;2;0;2;1;3;2;2020-07-12 14:30:00;1244;0;42;67;50;0;1;-1;4;1;2;1;5;3;-1;-1;-1;-1;-1;-1;1;0;0;0;0;2.73;1.43;4.16;-1;-1;-1;-1;-1;-1;-1;1;1;0;0;0;-1;-1;-1;-1;-1;-1;-1;-1;-1;-1;-1;42;42;67;84;100;42;42;75;59;9;0;0;3.34;Trakai II;Kauno Žalgiris II;0.89;0.6;0;0;0.2;0;59;59;34;17;0;100;59;34;1.73;1.27;3;4452;18;Y;Y;Y;Y;Y;N;Y
993358;1241;666715;2020;complete;57520;7;-1;32,47;;2;0;2;4;2;6;-1;-1;-1;-1;-1;-1;5;4;7;3;12;7;-1;-1;-1;-1;-1;-1;1.65;4.33;3.6;0;0;1.44;0;0;0;0;2.7;0;0;0;0;0;0;0;0;1.25;1.17;2.1;2.2;2.6;3.75;0;0;0;0;0;0;0;0;0;0;0;0;0;0;0;0;0;0;0;0;0;0;0;0;0;0;0;0;0;0;0;0;0;0;0;0;0;0;0;0;0;0;0;2;1;0;1;0;1;1;2020-07-17 14:30:00;1241;0;59;0;42;0;1;-1;2;0;2;2;2;4;-1;-1;-1;-1;-1;-1;1;0;0;0;0;1.68;1.17;2.85;-1;-1;-1;-1;-1;-1;-1;1;0;0;1;0;-1;-1;-1;-1;-1;-1;-1;-1;-1;-1;-1;42;84;84;100;100;42;100;100;84;10.83;0;0;4.34;Nevėžis;FA Šiauliai;2.36;1.55;2.33;2;2.17;1.67;59;17;17;0;0;75;75;75;2.64;2.03;4.67;4452;20;Y;Y;N;N;N;N;N
993359;1247;1228;2020;complete;57520;7;-1;62,81;69,90;2;2;4;5;5;10;-1;-1;-1;-1;-1;-1;7;6;5;2;12;8;-1;-1;-1;-1;-1;-1;1.08;4.2;6.5;0;0;2.1;0;0;0;0;1.7;0;0;2.25;1.57;0;0;0;0;1.04;1.2;3;1.91;2.2;7.5;1.6;2.65;8.5;0;0;0;0;0;0;0;0;0;0;0;0;0;0;0;0;0;0;2.15;11;0;0;0;0;0;0;0;0;0;0;0;0;0;0;0;0;0;0;0;0;4;0;0;2;2;4;0;2020-07-17 15:00:00;-1;0;33;0;17;0;1;-1;1;3;4;2;4;6;-1;-1;-1;-1;-1;-1;1;0;0;0;0;1.74;1.51;3.25;-1;-1;-1;-1;-1;-1;-1;1;0;0;0;1;-1;-1;-1;-1;-1;-1;-1;-1;-1;-1;-1;0;0;17;67;100;0;67;84;33;16.33;0;0;1.84;Džiugas Telšiai;Jonava;1.78;2.2;2.33;3;2.67;2.33;100;100;84;34;0;100;84;84;1.95;1.56;3.51;4452;20;Y;Y;Y;Y;N;N;Y
993360;685218;1240;2020;complete;57520;7;-1;7,27;;2;0;2;7;3;10;-1;-1;-1;-1;-1;-1;7;3;6;3;13;6;-1;-1;-1;-1;-1;-1;2.6;3.6;1.44;0;0;1.29;0;0;0;0;3.6;0;0;1.25;3.7;0;0;0;0;1.83;1.25;1.22;3.5;2.75;2.2;3.26;3.16;2.11;0;0;0;0;0;0;0;0;0;0;0;0;0;0;0;0;0;0;10;4.8;0;0;0;0;0;0;0;0;0;0;0;0;0;0;0;0;0;0;0;0;2;2;0;0;0;0;2;2020-07-17 16:00:00;685218;0;75;42;34;0;1;-1;4;1;3;2;5;5;-1;-1;-1;-1;-1;-1;1;0;0;0;0;1.62;1.12;2.74;-1;-1;-1;-1;-1;-1;-1;1;1;0;0;0;-1;-1;-1;-1;-1;-1;-1;-1;-1;-1;-1;59;59;59;75;75;59;75;75;59;14.17;0;0;3.59;Panevėžys II;Žalgiris II;1.42;0.9;2;1.33;0.83;1.17;42;42;42;25;25;100;100;100;1.48;1.69;3.17;4452;18;Y;Y;N;N;N;N;N
993361;1249;1256;2020;complete;57520;7;-1;4,13,16,40,64;;5;0;5;5;6;11;-1;-1;-1;-1;-1;-1;10;0;7;7;17;7;-1;-1;66;34;-1;-1;1.01;7.5;11;0;0;1.22;0;0;0;0;4.2;0;0;1.6;2.2;0;0;0;0;1.03;1.06;4.5;1.44;3.4;8;1.36;4.4;8.8;0;0;0;0;0;0;0;0;0;0;0;0;0;0;0;0;0;0;2.2;51;0;0;0;0;0;0;0;0;0;0;0;0;0;0;0;0;0;0;0;0;5;4;0;1;0;1;4;2020-07-18 14:00:00;1249;0;34;17;34;0;1;-1;1;3;4;3;4;7;-1;-1;-1;-1;-1;-1;1;0;0;0;0;2.27;0.75;3.02;-1;-1;-1;-1;-1;-1;-1;1;1;0;0;0;-1;-1;-1;-1;-1;-1;-1;-1;-1;-1;-1;34;59;84;100;100;34;84;100;100;10;0;0;3.92;Vilniaus Vytis;Minija;1.73;1.13;3;0;2.67;0.33;67;42;17;0;0;100;59;59;2.56;0.98;3.54;4452;18;Y;Y;Y;Y;Y;N;N
993362;11563;1244;2020;complete;57520;7;-1;45,48,88;21,30;3;2;5;1;6;7;-1;-1;-1;-1;-1;-1;6;10;3;7;9;17;-1;-1;50;50;-1;-1;2.63;4.2;2;0;0;1.4;0;0;0;0;2.88;0;0;0;0;0;0;0;0;0;0;0;0;0;0;0;0;0;0;0;0;0;0;0;0;0;0;0;0;0;0;0;0;0;0;0;0;0;0;0;0;0;0;0;0;0;0;0;0;0;0;0;0;0;0;0;0;0;5;1;2;2;0;2;3;2020-07-19 13:00:00;11563;0;50;17;0;0;1;-1;0;2;1;4;2;5;-1;-1;-1;-1;-1;-1;1;0;0;0;0;1.38;2.32;3.7;-1;-1;-1;-1;-1;-1;-1;1;0;0;0;0;-1;-1;-1;-1;-1;-1;-1;-1;-1;-1;-1;0;17;34;75;100;34;75;100;17;10.17;0;0;2.25;Atmosfera;Trakai II;0.78;0.44;1.5;0.33;0.67;0.67;100;84;67;25;0;84;34;34;1.45;1.67;3.12;4452;18;Y;Y;Y;Y;Y;N;Y
993363;1237;1254;2020;complete;57520;7;-1;54;45,70;1;2;3;8;1;9;-1;-1;-1;-1;-1;-1;6;6;13;1;19;7;-1;-1;61;39;-1;-1;1.5;3.4;2.4;0;0;1.4;0;0;0;0;2.88;0;0;1.33;3;0;0;0;0;1.3;1.2;1.73;2.4;2.35;3.2;2.25;0;3.05;0;0;0;0;0;0;0;0;0;0;0;0;0;0;0;0;0;0;0;0;0;0;0;0;0;0;0;0;0;0;0;0;0;0;0;0;0;0;0;0;3;0;1;1;1;2;1;2020-07-19 14:00:00;1254;0;59;0;17;0;1;-1;5;0;3;1;5;4;-1;-1;-1;-1;-1;-1;1;0;0;0;0;2.03;1.12;3.14;-1;-1;-1;-1;-1;-1;-1;1;0;0;0;0;-1;-1;-1;-1;-1;-1;-1;-1;-1;-1;-1;0;25;59;84;100;42;100;84;42;12.67;0;0;2.67;Dainava;Hegelmann Litauen;1.67;2;2;2;2.5;2.17;100;75;42;17;0;42;42;42;1.86;1.88;3.74;4452;20;Y;Y;Y;N;N;N;Y
993364;685219;11562;2020;complete;57520;7;-1;22,43,84;39,71;3;2;5;4;9;13;-1;-1;-1;-1;-1;-1;8;10;8;9;16;19;-1;-1;47;53;-1;-1;1.95;3.5;3.1;0;0;1.4;0;0;0;0;2.88;0;0;0;0;0;0;0;0;0;0;0;0;0;0;0;0;0;0;0;0;0;0;0;0;0;0;0;0;0;0;0;0;0;0;0;0;0;0;0;0;0;0;0;0;0;0;0;0;0;0;0;0;0;0;0;0;0;5;2;1;1;1;2;3;2020-07-19 14:00:00;685219;0;59;42;59;0;1;-1;3;5;1;4;8;5;-1;-1;-1;-1;-1;-1;1;0;0;0;0;1.94;2.57;4.51;-1;-1;-1;-1;-1;-1;-1;1;0;0;0;2;-1;-1;-1;-1;-1;-1;-1;-1;-1;-1;-1;59;75;100;100;100;84;100;100;75;8.17;0;0;5;Kauno Žalgiris II;FK Vilnius;0.88;0.5;0;0;0;0;42;25;0;0;0;75;59;59;1.45;1.13;2.58;4452;18;Y;Y;Y;Y;Y;N;Y
993365;1241;685218;2020;complete;57520;8;-1;36,62,77,83;76;4;1;5;4;3;7;-1;-1;-1;-1;-1;-1;9;4;10;2;19;6;-1;-1;55;45;-1;-1;1.01;7;11;0;0;1.4;0;0;0;0;2.88;0;0;1.91;1.8;0;0;0;0;1.03;1.07;4.33;1.5;3.1;8;1.35;3.6;9.75;0;0;0;0;0;0;0;0;0;0;0;0;0;0;0;0;0;0;0;0;0;0;0;0;0;0;0;0;0;0;0;0;0;0;0;0;0;0;0;0;5;1;0;3;1;4;1;2020-07-24 14:30:00;1241;0;38;0;25;0;1;-1;2;1;2;2;3;4;-1;-1;-1;-1;-1;-1;1;0;0;0;0;2.13;0.91;3.04;-1;-1;-1;-1;-1;-1;-1;1;0;0;0;1;-1;-1;-1;-1;-1;-1;-1;-1;-1;-1;-1;13;63;63;100;100;38;100;100;63;11.25;0;0;3.38;Nevėžis;Panevėžys II;2.36;0.5;2.5;0.25;2.29;1.14;88;38;38;0;0;88;88;75;2.4;1.33;3.73;4452;20;Y;Y;Y;Y;Y;N;Y
993366;1244;1240;2020;complete;57520;8;-1;47,56,71,78;10,13,28;4;3;7;4;4;8;-1;-1;-1;-1;-1;-1;10;7;7;8;17;15;-1;-1;51;49;-1;-1;1.25;4.75;3.6;0;0;1.29;0;0;0;0;3.6;0;0;1.3;3.2;0;0;0;0;1.29;1.14;2.1;2.1;2.88;3.5;1.93;3.24;3.7;0;0;0;0;0;0;0;0;0;0;0;0;0;0;0;0;0;0;0;0;0;0;0;0;0;0;0;0;0;0;0;0;0;0;0;0;0;0;0;0;7;0;3;4;0;4;3;2020-07-24 14:30:00;1244;0;71;38;75;0;1;-1;2;2;2;2;4;4;-1;-1;-1;-1;-1;-1;1;0;0;0;0;2.2;1.91;4.11;-1;-1;-1;-1;-1;-1;-1;1;0;1;1;1;-1;-1;-1;-1;-1;-1;-1;-1;-1;-1;-1;59;59;75;100;100;71;84;71;59;11.67;0;0;4.17;Trakai II;Žalgiris II;0.89;0.9;1;1;0.57;1;42;42;25;0;0;84;67;38;2.06;1.54;3.6;4452;18;Y;Y;Y;Y;Y;Y;Y
993367;1228;685219;2020;complete;57520;8;-1;7,23,41,62,67,81;;6;0;6;9;0;9;-1;-1;-1;-1;-1;-1;14;2;16;2;30;4;-1;-1;64;36;-1;-1;1.13;8;11;0;0;1.22;0;0;0;0;4.2;0;0;0;0;0;0;0;0;1.02;1.05;5;1.5;3.4;7;0;0;0;0;0;0;0;0;0;0;0;0;0;0;0;0;0;0;0;0;0;0;0;0;0;0;0;0;0;0;0;0;0;0;0;0;0;0;0;0;0;0;0;6;3;0;3;0;3;3;2020-07-24 15:00:00;1228;0;42;13;13;0;1;-1;6;0;3;0;6;3;-1;-1;-1;-1;-1;-1;1;0;0;0;0;3.57;0.62;4.19;-1;-1;-1;-1;-1;-1;-1;1;1;0;1;0;-1;-1;-1;-1;-1;-1;-1;-1;-1;-1;-1;25;25;25;54;84;25;42;84;38;5;0;0;2.13;Jonava;Kauno Žalgiris II;1.9;0.6;1.67;0;2.14;0.43;75;75;75;46;17;71;59;42;1.17;1.31;2.48;4452;18;Y;Y;Y;Y;Y;Y;N
993368;666715;1237;2020;complete;57520;8;-1;42,90;64;2;1;3;6;6;12;-1;-1;-1;-1;-1;-1;4;9;7;8;11;17;-1;-1;44;56;-1;-1;2.9;4.5;1.8;0;0;1.44;0;0;0;0;2.7;0;0;0;0;0;0;0;0;1.83;1.14;1.36;3.4;2.6;2.3;0;0;0;0;0;0;0;0;0;0;0;0;0;0;0;0;0;0;0;0;0;0;0;0;0;0;0;0;0;0;0;0;0;0;0;0;0;0;0;0;0;0;0;3;1;0;1;1;2;1;2020-07-24 16:00:00;666715;0;29;13;0;0;1;-1;5;2;1;4;7;5;-1;-1;-1;-1;-1;-1;1;79;85;117;126;1.55;2.32;3.87;-1;-1;-1;-1;-1;-1;-1;1;0;0;1;0;-1;-1;-1;-1;-1;-1;-1;-1;-1;-1;-1;0;54;71;71;100;38;54;100;71;13.33;0;0;2.96;FA Šiauliai;Dainava;1.67;1.55;1.5;3;1.43;2.14;100;46;29;29;0;100;84;71;1.51;2.52;4.03;4452;20;Y;Y;Y;N;N;N;Y
993369;1254;1249;2020;complete;57520;8;-1;;;0;0;0;1;8;9;-1;-1;-1;-1;-1;-1;7;7;5;8;12;15;-1;-1;49;51;-1;-1;1.85;3.6;1.85;0;0;1.5;0;0;0;0;2.5;0;0;1.36;2.88;0;0;0;0;1.53;1.25;1.5;2.88;2.5;2.88;2.7;2.75;2.6;0;0;0;0;0;0;0;0;0;0;0;0;0;0;0;0;0;0;0;0;0;0;0;0;0;0;0;0;0;0;0;0;0;0;0;0;0;0;0;0;0;0;0;0;0;0;0;2020-07-25 10:00:00;-1;0;17;17;17;0;1;-1;1;0;0;8;1;8;-1;-1;-1;-1;-1;-1;1;0;0;0;0;1.77;1.97;3.74;0;0;0;0;0;0;1;1;0;0;0;0;-1;-1;-1;-1;-1;-1;-1;-1;-1;-1;-1;17;42;54;84;84;29;84;84;54;15.83;0;0;2.79;Hegelmann Litauen;Vilniaus Vytis;2.55;1.22;2.25;2.33;2.29;2.71;84;59;46;17;17;100;54;38;2.8;1.96;4.76;4452;20;N;N;N;N;N;N;N
993370;11562;11563;2020;complete;57520;8;-1;;43,59,81;0;3;3;6;3;9;-1;-1;-1;-1;-1;-1;8;10;5;14;13;24;-1;-1;45;55;-1;-1;2.55;4;2.15;0;0;1.29;0;0;0;0;3.6;0;0;0;0;0;0;0;0;1.62;1.2;1.44;2.88;2.75;2.6;0;0;0;0;0;0;0;0;0;0;0;0;0;0;0;0;0;0;0;0;0;0;0;0;0;0;0;0;0;0;0;0;0;0;0;0;0;0;0;0;0;0;0;3;0;1;0;2;2;1;2020-07-25 12:00:00;11563;0;29;0;13;0;1;-1;1;3;5;0;4;5;-1;-1;-1;-1;-1;-1;1;0;0;0;0;1.83;2.62;4.45;-1;-1;-1;-1;-1;-1;-1;1;0;0;0;1;-1;-1;-1;-1;-1;-1;-1;-1;-1;-1;-1;17;17;59;71;88;34;46;88;54;9.58;0;0;2.67;FK Vilnius;Atmosfera;0.75;0.89;0;0.25;0;1;84;84;42;29;13;75;63;63;1.11;0.92;2.03;4452;18;Y;Y;Y;N;N;N;N
993371;1256;1247;2020;complete;57520;8;-1;31,34,65;33,44,78,83,88;3;5;8;7;13;20;-1;-1;-1;-1;-1;-1;7;12;3;13;10;25;-1;-1;37;63;-1;-1;9;5.5;1.03;0;0;1.36;0;0;0;0;3.1;0;0;1.65;2.1;0;0;0;0;3.75;1.11;1.04;6.5;2.88;1.62;8;3.6;1.4;0;0;0;0;0;0;0;0;0;0;0;0;0;0;0;0;0;0;0;0;0;0;0;0;0;0;0;0;0;0;0;0;0;0;0;0;0;0;0;0;8;2;2;1;3;4;4;2020-07-25 14:00:00;1247;0;67;0;38;0;1;-1;6;3;1;10;9;11;-1;-1;-1;-1;-1;-1;1;0;0;0;0;1.65;3.27;4.92;-1;-1;-1;-1;-1;-1;-1;1;0;0;2;1;-1;-1;-1;-1;-1;-1;-1;-1;-1;-1;-1;0;38;100;100;100;50;100;100;50;12.17;0;0;3.38;Minija;Džiugas Telšiai;1.2;2;0.5;3;0.29;2.43;100;63;0;0;0;71;71;54;1.58;2.36;3.94;4452;18;Y;Y;Y;Y;Y;Y;Y
993372;1247;1254;2020;complete;57520;9;-1;;;0;0;0;7;0;7;-1;-1;-1;-1;-1;-1;3;3;6;2;9;5;-1;-1;62;38;-1;-1;1.85;3.75;3.2;0;0;1.93;0;0;0;0;1.88;0;0;1.45;2.55;0;0;0;0;1.33;1.22;1.8;2.4;2.4;3.5;2.15;2.75;3.4;0;0;0;0;0;0;0;0;0;0;0;0;0;0;0;0;0;0;4;7.5;0;0;0;0;0;0;0;0;0;0;0;0;0;0;0;0;0;0;0;0;0;0;0;0;0;0;0;2020-07-31 16:00:00;-1;0;59;0;29;0;1;-1;1;0;6;0;1;6;-1;-1;-1;-1;-1;-1;1;0;0;0;0;1.48;0.84;2.32;0;0;0;0;0;0;1;1;0;0;0;0;-1;-1;-1;-1;-1;-1;-1;-1;-1;-1;-1;0;29;46;100;100;17;75;100;59;14;0;0;2.75;Džiugas Telšiai;Hegelmann Litauen;1.78;2;2;2.33;2.5;2.13;100;71;54;0;0;84;54;42;1.9;1.63;3.53;4452;20;N;N;N;N;N;N;N
993373;685218;1244;2020;complete;57520;9;-1;18,45,74;82;3;1;4;8;0;8;-1;-1;-1;-1;-1;-1;8;5;3;2;11;7;-1;-1;52;48;-1;-1;3.75;3.6;1.8;0;0;1.8;0;0;0;0;2;0;0;1.33;3;0;0;0;0;1.83;1.25;1.22;3.6;2.6;2.25;3.4;2.95;2.05;0;0;0;0;0;0;0;0;0;0;0;0;0;0;0;0;0;0;9;4.5;0;0;0;0;0;0;0;0;0;0;0;0;0;0;0;0;0;0;0;0;4;2;0;1;1;2;2;2020-07-31 16:00:00;685218;0;67;42;0;0;1;-1;7;0;1;0;7;1;-1;-1;-1;-1;-1;-1;1;0;0;0;0;1.95;1.21;3.16;-1;-1;-1;-1;-1;-1;-1;1;0;0;2;0;-1;-1;-1;-1;-1;-1;-1;-1;-1;-1;-1;29;42;54;84;84;71;84;67;42;13;0;0;2.92;Panevėžys II;Trakai II;1.42;0.44;2.33;0.25;1;0.88;71;59;46;17;17;75;75;59;1.53;1.83;3.36;4452;18;Y;Y;Y;Y;N;N;Y
993374;1240;11562;2020;complete;57520;9;-1;29,57,71,88;;4;0;4;11;8;19;-1;-1;-1;-1;-1;-1;10;5;3;3;13;8;-1;-1;62;38;-1;-1;1.13;5;4.75;0;0;1.44;0;0;0;0;2.7;0;0;1.57;2.25;0;0;0;0;1.1;1.12;3;1.83;2.62;5;1.71;3.16;5.1;0;0;0;0;0;0;0;0;0;0;0;0;0;0;0;0;0;0;0;0;0;0;0;0;0;0;0;0;0;0;0;0;0;0;0;0;0;0;0;0;4;1;0;3;0;3;1;2020-08-01 09:00:00;1240;0;38;25;38;0;1;-1;5;7;6;1;12;7;-1;-1;-1;-1;-1;-1;1;0;0;0;0;2.01;1.15;3.16;-1;-1;-1;-1;-1;-1;-1;1;0;0;2;2;-1;-1;-1;-1;-1;-1;-1;-1;-1;-1;-1;38;50;100;100;100;54;67;100;84;7.67;0;0;4;Žalgiris II;FK Vilnius;1.5;0.5;1;0;0.88;0;63;50;0;0;0;84;54;38;1.2;1.49;2.69;4452;18;Y;Y;Y;Y;N;N;N
993375;1249;666715;2020;complete;57520;9;-1;63;;1;0;1;4;5;9;-1;-1;-1;-1;-1;-1;5;4;1;11;6;15;-1;-1;43;57;-1;-1;1.62;4.33;3.8;0;0;1.5;0;0;0;0;2.5;0;0;0;0;0;0;0;0;1.12;1.14;2.5;2.1;2.5;4;0;0;0;0;0;0;0;0;0;0;0;0;0;0;0;0;0;0;0;0;0;0;0;0;0;0;0;0;0;0;0;0;0;0;0;0;0;0;0;0;0;0;0;1;0;0;1;0;1;0;2020-08-01 14:00:00;1249;0;42;13;42;0;1;-1;3;3;1;2;6;3;-1;-1;-1;-1;-1;-1;1;0;0;0;0;1.15;1.73;2.88;-1;-1;-1;-1;-1;-1;-1;1;0;0;1;0;-1;-1;-1;-1;-1;-1;-1;-1;-1;-1;-1;54;71;71;100;100;54;88;100;71;10.17;0;0;4.25;Vilniaus Vytis;FA Šiauliai;1.73;1.55;3;1.33;2.5;1.63;46;29;29;0;0;67;54;54;2.49;1.74;4.23;4452;20;Y;N;N;N;N;N;N
993376;11563;1228;2020;complete;57520;9;-1;59;30,41;1;2;3;6;2;8;-1;-1;-1;-1;-1;-1;7;6;4;1;11;7;-1;-1;49;51;-1;-1;5;4.5;1.45;0;0;1.44;0;0;0;0;2.7;0;0;0;0;0;0;0;0;2.5;1.14;1.12;4.75;2.62;1.95;0;0;0;0;0;0;0;0;0;0;0;0;0;0;0;0;0;0;0;0;0;0;0;0;0;0;0;0;0;0;0;0;0;0;0;0;0;0;0;0;0;0;0;3;0;2;1;0;1;2;2020-08-02 13:00:00;1228;0;42;17;25;0;1;-1;2;0;4;0;2;4;-1;-1;-1;-1;-1;-1;1;0;0;0;0;1.73;1.36;3.09;-1;-1;-1;-1;-1;-1;-1;1;0;0;0;0;-1;-1;-1;-1;-1;-1;-1;-1;-1;-1;-1;17;29;42;59;100;17;59;88;42;9.75;0;0;2.46;Atmosfera;Jonava;0.78;2.2;2;2.5;1.25;2.25;84;71;59;42;0;84;50;38;1.43;1.54;2.97;4452;18;Y;Y;Y;N;N;N;Y
993377;685219;1256;2020;complete;57520;9;-1;;69,72,79;0;3;3;4;4;8;-1;-1;-1;-1;-1;-1;5;9;5;5;10;14;-1;-1;59;41;-1;-1;2.25;4.5;2.25;0;0;1.44;0;0;0;0;2.7;0;0;0;0;0;0;0;0;1.62;1.14;1.5;2.63;2.75;2.63;0;0;0;0;0;0;0;0;0;0;0;0;0;0;0;0;0;0;0;0;0;0;0;0;0;0;0;0;0;0;0;0;0;0;0;0;0;0;0;0;0;0;0;3;0;0;0;3;3;0;2020-08-01 14:00:00;1256;0;34;34;34;0;1;-1;4;3;0;1;7;1;-1;-1;-1;-1;-1;-1;1;0;0;0;0;1.47;1.95;3.42;-1;-1;-1;-1;-1;-1;-1;1;0;0;2;1;-1;-1;-1;-1;-1;-1;-1;-1;-1;-1;-1;50;67;100;100;100;67;100;100;67;8.33;0;0;4.5;Kauno Žalgiris II;Minija;0.88;1.13;1;0;0.38;0.25;50;33;0;0;0;84;67;67;1.61;0.91;2.52;4452;18;Y;Y;Y;N;N;N;N
993378;1237;1241;2020;complete;57520;9;-1;;3,55;0;2;2;10;3;13;-1;-1;-1;-1;-1;-1;3;6;7;4;10;10;-1;-1;62;38;-1;-1;1.29;4;3.3;0;0;1.57;0;0;0;0;2.35;0;0;1.5;2.4;0;0;0;0;1.36;1.2;1.73;2.5;2.4;3.4;1.9;2.8;4.25;0;0;0;0;0;0;0;0;0;0;0;0;0;0;0;0;0;0;3.5;8;0;0;0;0;0;0;0;0;0;0;0;0;0;0;0;0;0;0;0;0;2;0;1;0;1;1;1;2020-08-02 14:00:00;1241;0;38;0;25;0;1;-1;4;3;6;0;7;6;-1;-1;-1;-1;-1;-1;1;0;0;0;0;1.54;1.37;2.91;-1;-1;-1;-1;-1;-1;-1;1;0;1;0;1;-1;-1;-1;-1;-1;-1;-1;-1;-1;-1;-1;0;0;54;71;100;13;67;71;25;9.25;0;0;2.25;Dainava;Nevėžis;1.67;2.44;1.5;2;1.88;2.38;100;100;46;29;0;75;63;46;1.92;1.91;3.83;4452;20;Y;Y;N;N;N;N;N
993379;1241;1249;2020;complete;57520;10;-1;19,72;36,41,70;2;3;5;5;7;12;-1;-1;-1;-1;-1;-1;8;10;4;7;12;17;-1;-1;57;43;-1;-1;1.8;3.75;1.91;0;0;1.73;0;0;0;0;2.08;0;0;1.5;2.4;0;0;0;0;1.44;1.25;1.57;2.88;2.3;3.1;2.65;2.6;2.8;0;0;0;0;0;0;0;0;0;0;0;0;0;0;0;0;0;0;5.75;4.75;0;0;0;0;0;0;0;0;0;0;0;0;0;0;0;0;0;0;0;0;5;1;2;1;1;2;3;2020-08-07 14:30:00;1249;0;43;13;33;0;1;-1;1;5;4;2;6;6;-1;-1;-1;-1;-1;-1;1;45;37;76;66;1.64;2.03;3.67;-1;-1;-1;-1;-1;-1;-1;1;0;0;0;0;-1;-1;-1;-1;-1;-1;-1;-1;-1;-1;-1;33;43;43;75;75;23;75;75;43;11.4;0;0;2.68;Nevėžis;Vilniaus Vytis;2.36;1.22;2.6;2;2.44;2.56;68;58;58;25;25;80;43;30;2.34;1.96;4.3;4452;20;Y;Y;Y;Y;Y;N;Y
993380;1228;1240;2020;complete;57520;10;-1;58,68,89;1,10,17;3;3;6;8;4;12;-1;-1;-1;-1;-1;-1;11;8;9;5;20;13;-1;-1;59;41;-1;-1;1.03;6;9;0;0;1.22;0;0;0;0;4.2;0;0;1.44;2.6;0;0;0;0;1.04;1.1;4;1.62;3.2;5.5;1.38;4.04;8;0;0;0;0;0;0;0;0;0;0;0;0;0;0;0;0;0;0;0;0;0;0;0;0;0;0;0;0;0;0;0;0;0;0;0;0;0;0;0;0;6;0;3;3;0;3;3;2020-08-08 10:00:00;-1;0;53;10;20;0;1;-1;3;2;5;2;5;7;-1;-1;-1;-1;-1;-1;1;0;0;0;0;2.41;1.59;4;-1;-1;-1;-1;-1;-1;-1;1;0;2;0;0;-1;-1;-1;-1;-1;-1;-1;-1;-1;-1;-1;43;43;43;75;88;53;75;78;43;9.3;0;0;3.43;Jonava;Žalgiris II;1.9;0.9;2;0.8;2.33;1.11;58;58;58;25;13;78;65;43;1.77;1.62;3.39;4452;18;Y;Y;Y;Y;Y;Y;Y
993381;666715;1247;2020;complete;57520;10;-1;70;61,80,90;1;3;4;4;13;17;-1;-1;-1;-1;-1;-1;5;10;6;12;11;22;-1;-1;49;51;-1;-1;3.4;3.75;1.85;0;0;1.57;0;0;0;0;2.35;0;0;0;0;0;0;0;0;1.8;1.22;1.29;3.6;2.4;2.38;0;0;0;0;0;0;0;0;0;0;0;0;0;0;0;0;0;0;0;0;0;0;0;0;0;0;0;0;0;0;0;0;0;0;0;0;0;0;0;0;0;0;0;4;0;0;1;3;4;0;2020-08-07 16:00:00;1247;0;45;23;23;0;1;-1;2;5;2;8;7;10;-1;-1;-1;-1;-1;-1;1;0;0;0;0;1.51;2.68;4.19;-1;-1;-1;-1;-1;-1;-1;1;0;0;2;1;-1;-1;-1;-1;-1;-1;-1;-1;-1;-1;-1;13;43;90;90;100;80;90;100;53;14.25;0;0;3.73;FA Šiauliai;Džiugas Telšiai;1.67;2;1.8;3;1.44;2.33;88;58;10;10;0;88;88;65;1.52;2.58;4.1;4452;20;Y;Y;Y;Y;N;N;Y
993382;1254;685219;2020;complete;57520;10;-1;50,89;;2;0;2;9;0;9;-1;-1;-1;-1;-1;-1;16;4;12;4;28;8;-1;-1;60;40;-1;-1;1;13;19;0;0;1.18;0;0;0;0;4.5;0;0;0;0;0;0;0;0;1;1.01;10;1.22;4.75;12;1.17;5.8;13.5;0;0;0;0;0;0;0;0;0;0;0;0;0;0;0;0;0;0;0;0;0;0;0;0;0;0;0;0;0;0;0;0;0;0;0;0;0;0;0;0;2;0;0;2;0;2;0;2020-08-08 10:00:00;1254;0;20;10;10;0;1;-1;8;0;1;0;8;1;-1;-1;-1;-1;-1;-1;1;117;49;149;95;3.72;1.15;4.87;-1;-1;-1;-1;-1;-1;-1;1;0;0;5;0;-1;-1;-1;-1;-1;-1;-1;-1;-1;-1;-1;30;50;60;80;90;40;70;90;70;10.2;0;0;3.2;Hegelmann Litauen;Kauno Žalgiris II;2.55;0.6;2;0;2;0.33;70;50;40;20;10;90;50;50;2.59;1.17;3.76;4452;18;Y;Y;N;N;N;N;N
993383;11562;1244;2020;complete;57520;10;-1;;5,19,86;0;3;3;1;7;8;-1;-1;1;2;0;0;3;17;2;11;5;28;-1;-1;50;50;1;2;0;0;0;0;0;0;0;0;0;0;0;0;0;0;0;0;0;0;0;0;0;0;0;0;0;0;0;0;0;0;0;0;0;0;0;0;0;0;0;0;0;0;0;0;0;0;0;0;0;0;0;0;0;0;0;0;0;0;0;0;0;0;0;0;0;0;0;0;3;0;2;0;1;1;2;2020-08-09 11:00:00;1244;0;63;20;10;0;-1;1;-1;-1;-1;-1;-1;-1;1;0;0;2;1;2;1;0;0;0;0;0.74;3.52;4.25;0;0;0;0;0;0;1;1;0;1;-1;-1;0;0;-1;-1;-1;-1;-1;-1;-1;-1;-1;23;43;78;88;100;65;88;100;55;10.25;0;0;3.43;FK Vilnius;Trakai II;0.75;0.44;0;0.2;0;0.78;78;58;23;13;0;70;58;58;1.35;1.71;3.06;4452;18;Y;Y;Y;N;N;N;N
993384;1256;11563;2020;complete;57520;10;-1;36,53;;2;0;2;4;3;7;-1;-1;-1;-1;-1;-1;10;4;11;5;21;9;-1;-1;50;50;-1;-1;2.8;3.8;1.95;0;0;1.29;0;0;0;0;3.6;0;0;0;0;0;0;0;0;1.73;1.22;1.36;3;2.75;2.4;0;0;0;0;0;0;0;0;0;0;0;0;0;0;0;0;0;0;0;0;0;0;0;0;0;0;0;0;0;0;0;0;0;0;0;0;0;0;0;0;0;0;0;2;1;0;1;0;1;1;2020-08-08 14:00:00;1256;0;60;10;50;0;1;-1;3;1;1;2;4;3;-1;-1;-1;-1;-1;-1;1;0;0;0;0;2.72;1.49;4.21;-1;-1;-1;-1;-1;-1;-1;1;0;0;0;1;-1;-1;-1;-1;-1;-1;-1;-1;-1;-1;-1;10;40;80;90;90;10;70;90;90;9;0;0;3.4;Minija;Atmosfera;1.2;0.89;0.4;0.8;0.56;1.11;90;60;20;10;10;70;50;50;1.59;1.26;2.85;4452;18;Y;Y;N;N;N;N;N
993385;1237;685218;2020;complete;57520;10;-1;60,75,78;;3;0;3;8;6;14;-1;-1;-1;-1;-1;-1;9;4;13;7;22;11;-1;-1;55;45;-1;-1;1.8;4.5;3;0;0;1.22;0;0;0;0;4.2;0;0;1.2;4;0;0;0;0;1.33;1.14;1.8;2.25;2.88;3.1;2.14;3.5;3.08;0;0;0;0;0;0;0;0;0;0;0;0;0;0;0;0;0;0;0;0;0;0;0;0;0;0;0;0;0;0;0;0;0;0;0;0;0;0;0;0;3;0;0;3;0;3;0;2020-08-26 16:00:00;1237;0;42;0;33;0;1;-1;7;5;1;1;12;2;-1;-1;-1;-1;-1;-1;1;0;0;0;0;2.4;1.23;3.64;-1;-1;-1;-1;-1;-1;-1;1;0;0;2;0;-1;-1;-1;-1;-1;-1;-1;-1;-1;-1;-1;17;42;67;84;100;34;92;92;58;10.67;0;0;3.17;Dainava;Panevėžys II;1.67;0.5;1;0.67;1.45;1.55;84;59;34;17;0;67;59;50;1.81;1.3;3.11;4452;20;Y;Y;Y;N;N;N;N
993386;1247;1241;2020;complete;57520;11;-1;14;27,77;1;2;3;6;2;8;-1;-1;-1;-1;-1;-1;2;5;4;4;6;9;-1;-1;40;60;-1;-1;1.5;3.75;2.4;0;0;1.57;0;0;0;0;2.35;0;0;1.5;2.4;0;0;0;0;1.3;1.2;1.73;2.45;2.25;3.7;2.25;2.65;3.4;0;0;0;0;0;0;0;0;0;0;0;0;0;0;0;0;0;0;0;0;0;0;0;0;0;0;0;0;0;0;0;0;0;0;0;0;0;0;0;0;3;1;1;0;1;1;2;2020-08-14 15:00:00;1241;0;20;0;10;0;1;-1;3;1;3;1;4;4;-1;-1;-1;-1;-1;-1;1;0;0;0;0;1.02;1.66;2.68;-1;-1;-1;-1;-1;-1;-1;1;0;0;0;0;-1;-1;-1;-1;-1;-1;-1;-1;-1;-1;-1;0;10;23;78;90;0;45;78;20;11.6;0;0;2;Džiugas Telšiai;Nevėžis;1.78;2.44;1.8;2.25;2.4;2.2;100;90;78;23;10;90;80;58;1.81;1.78;3.59;4452;20;Y;Y;Y;N;N;N;Y
993387;1240;1256;2020;complete;57520;11;-1;15,50,60;85;3;1;4;6;8;14;-1;-1;-1;-1;-1;-1;4;9;9;3;13;12;-1;-1;-1;-1;-1;-1;1.8;3.6;3.5;0;0;1.4;0;0;0;0;2.88;0;0;0;0;0;0;0;0;1.25;1.25;1.83;2.25;2.62;3.4;0;0;0;0;0;0;0;0;0;0;0;0;0;0;0;0;0;0;0;0;0;0;0;0;0;0;0;0;0;0;0;0;0;0;0;0;0;0;0;0;0;0;0;4;1;0;2;1;3;1;2020-08-15 10:00:00;1240;0;0;0;0;0;1;-1;4;5;2;3;9;5;-1;-1;-1;-1;-1;-1;1;0;0;0;0;1.45;1.72;3.17;-1;-1;-1;-1;-1;-1;-1;1;0;0;0;1;-1;-1;-1;-1;-1;-1;-1;-1;-1;-1;-1;13;38;100;100;100;25;63;100;75;8.75;0;0;3.5;Žalgiris II;Minija;1.5;1.13;1.5;0.75;1.1;0.8;88;63;0;0;0;75;50;38;1.4;1.17;2.57;4452;18;Y;Y;Y;Y;N;N;Y
993388;11563;1254;2020;complete;57520;11;-1;;55;0;1;1;2;8;10;-1;-1;-1;-1;-1;-1;0;9;3;19;3;28;-1;-1;32;68;-1;-1;7.5;5.25;1.33;0;0;1.44;0;0;0;0;2.7;0;0;0;0;0;0;0;0;3.25;1.14;1.07;6;2.75;1.73;0;0;0;0;0;0;0;0;0;0;0;0;0;0;0;0;0;0;0;0;0;0;0;0;0;0;0;0;0;0;0;0;0;0;0;0;0;0;0;0;0;0;0;1;0;0;0;1;1;0;2020-08-15 13:00:00;1254;0;50;13;13;0;1;-1;1;6;1;2;7;3;-1;-1;-1;-1;-1;-1;1;0;0;0;0;0.51;3.37;3.87;-1;-1;-1;-1;-1;-1;-1;1;0;0;0;0;-1;-1;-1;-1;-1;-1;-1;-1;-1;-1;-1;13;25;50;75;88;38;75;88;38;8.25;0;0;2.5;Atmosfera;Hegelmann Litauen;0.78;2;1.5;2;1;2.1;88;75;50;25;13;50;13;13;1.5;1.43;2.93;4452;18;Y;N;N;N;N;N;N
993389;1249;1237;2020;complete;57520;11;-1;75;8;1;1;2;1;7;8;-1;-1;-1;-1;-1;-1;5;3;8;10;13;13;-1;-1;51;49;-1;-1;1.57;4.33;4.2;0;1.14;1.5;2.2;0;0;5;2.5;1.62;1.25;1.62;2.2;2.75;1.4;5.5;1.12;1.2;1.17;2.2;2.1;2.6;4;1.91;3;4;0;0;0;0;0;0;0;0;0;0;0;0;0;0;0;0;0;0;0;0;0;0;0;0;0;0;0;0;0;0;0;0;0;0;0;0;0;0;0;0;2;0;1;1;0;1;1;2020-08-15 15:00:00;-1;0;45;10;33;0;1;-1;1;1;0;6;2;6;-1;-1;-1;-1;-1;-1;1;0;0;0;0;1.6;1.44;3.04;-1;-1;-1;-1;-1;-1;-1;1;0;1;0;0;-1;-1;-1;-1;-1;-1;-1;-1;-1;-1;-1;30;43;68;78;100;30;55;100;68;13;0;0;3.28;Vilniaus Vytis;Dainava;1.73;1.55;3;2.25;2.6;1.67;70;58;33;23;0;100;68;68;2.22;2.45;4.67;4452;20;Y;Y;N;N;N;N;Y
993390;685219;666715;2020;complete;57520;11;-1;33,57;9,12,90;2;3;5;2;12;14;-1;-1;-1;-1;-1;-1;4;11;8;6;12;17;-1;-1;56;44;-1;-1;12;6.5;1.14;0;0;1.22;0;0;0;0;4.2;0;0;0;0;0;0;0;0;4.5;1.08;1.02;6.5;3.4;1.5;0;0;0;0;0;0;0;0;0;0;0;0;0;0;0;0;0;0;0;0;0;0;0;0;0;0;0;0;0;0;0;0;0;0;0;0;0;0;0;0;0;0;0;5;1;2;1;1;2;3;2020-08-16 14:00:00;666715;0;38;25;38;0;1;-1;2;4;0;8;6;8;-1;-1;-1;-1;-1;-1;1;0;0;0;0;1.52;2.31;3.82;-1;-1;-1;-1;-1;-1;-1;1;0;1;1;1;-1;-1;-1;-1;-1;-1;-1;-1;-1;-1;-1;38;50;75;88;100;50;75;100;63;8.25;0;0;3.88;Kauno Žalgiris II;FA Šiauliai;0.88;1.55;0.75;1;0.3;1.3;63;50;25;13;0;50;38;38;1.58;1.74;3.32;4452;18;Y;Y;Y;Y;Y;N;Y
993391;1244;1228;2020;complete;57520;11;-1;;-1,-1,-1;0;3;3;5;1;6;-1;-1;-1;-1;-1;-1;10;7;9;6;19;13;-1;-1;63;37;-1;-1;2.88;3.6;1.36;0;0;1.48;0;0;0;0;2.6;0;0;1.44;2.6;0;0;0;0;1.83;1.25;1.22;3.6;2.5;2.3;0;0;0;0;0;0;0;0;0;0;0;0;0;0;0;0;0;0;0;0;0;0;0;0;0;0;0;0;0;0;0;0;0;0;0;0;0;0;0;0;0;0;0;3;0;0;0;0;0;0;2020-08-16 14:30:00;1228;0;68;17;54;1;-1;-1;-1;-1;-1;-1;-1;-1;-1;-1;-1;-1;-1;-1;-1;0;0;0;0;0;0;0;-1;-1;-1;-1;-1;-1;-1;-1;-1;-1;-1;-1;-1;-1;-1;-1;-1;-1;-1;-1;-1;-1;-1;38;48;80;80;100;48;68;78;58;11;0;0;3.7;Trakai II;Jonava;0.89;2.2;1.5;2.6;1;2.2;63;53;20;20;0;65;53;30;2.1;1.5;3.6;4452;18;Y;Y;Y;N;N;N;N
993392;685218;11562;2020;complete;57520;11;-1;38,41,46,58,59,65;;6;0;6;7;5;12;-1;-1;-1;-1;-1;-1;13;3;6;2;19;5;-1;-1;54;46;-1;-1;1.03;6;9;0;1.1;1.3;1.8;0;0;6.5;3.5;1.91;1.44;1.83;1.83;1.91;1.8;10;1.03;1.03;1.1;4.33;1.57;3;7.5;1.36;4;8;0;0;0;0;0;0;0;0;0;0;0;0;0;0;0;0;0;0;0;0;0;0;0;0;0;0;0;0;0;0;0;0;0;0;0;0;0;0;0;0;6;2;0;4;0;4;2;2020-08-15 15:00:00;685218;0;55;33;43;0;1;-1;2;3;5;2;5;7;-1;-1;-1;-1;-1;-1;1;0;0;0;0;2.65;0.84;3.49;-1;-1;-1;-1;-1;-1;-1;1;0;0;1;1;-1;-1;-1;-1;-1;-1;-1;-1;-1;-1;-1;43;75;75;88;88;68;88;75;75;13.6;0;0;3.78;Panevėžys II;FK Vilnius;1.42;0.5;2.5;0;1.22;0;58;25;25;13;13;88;78;65;1.64;1.42;3.06;4452;18;Y;Y;Y;Y;Y;Y;N
993393;1241;685219;2020;complete;57520;12;-1;17,35,67;80;3;1;4;4;0;4;-1;-1;-1;-1;-1;-1;10;5;11;4;21;9;-1;-1;58;42;-1;-1;1.07;10;14;0;0;1.18;0;0;0;0;4.5;0;0;1.65;2.1;0;0;0;0;1.02;1.04;6;1.33;4;9.5;1.3;4.4;9.7;0;0;0;0;0;0;0;0;0;0;0;0;0;0;0;0;0;0;2.1;71;0;0;0;0;0;0;0;0;0;0;0;0;0;0;0;0;0;0;0;0;4;2;0;1;1;2;2;2020-08-21 14:30:00;1241;0;50;17;34;0;1;-1;4;0;0;0;4;0;-1;-1;-1;-1;-1;-1;1;85;42;128;98;2.64;1.23;3.87;-1;-1;-1;-1;-1;-1;-1;1;0;0;1;0;-1;-1;-1;-1;-1;-1;-1;-1;-1;-1;-1;50;59;59;92;100;42;75;100;75;6.66;0;0;3.67;Nevėžis;Kauno Žalgiris II;2.36;0.6;2.17;0;2.27;0.27;50;42;42;9;0;75;50;50;2.23;1.17;3.4;4452;18;Y;Y;Y;Y;N;N;Y
993394;1228;11562;2020;complete;57520;12;-1;12,49,90;71;3;1;4;3;3;6;-1;-1;-1;-1;-1;-1;8;8;8;4;16;12;-1;-1;50;50;-1;-1;1;13;17;1;1.01;1.14;1.5;0;34;11;4.8;2.4;0;1.91;1.8;0;0;0;0;1.01;1.03;9.5;1.25;4;13;0;0;0;0;0;0;0;0;0;0;0;0;0;0;0;0;0;0;0;0;0;0;0;0;0;0;0;0;0;0;0;0;0;0;0;0;0;0;0;0;0;0;0;4;1;0;2;1;3;1;2020-08-21 15:00:00;1228;0;45;17;25;0;1;-1;1;1;2;2;2;4;-1;-1;-1;-1;-1;-1;1;0;0;0;0;1.95;1.65;3.61;-1;-1;-1;-1;-1;-1;-1;1;0;0;0;0;-1;-1;-1;-1;-1;-1;-1;-1;-1;-1;-1;54;70;70;80;90;54;80;90;70;10.7;0;0;4;Jonava;FK Vilnius;1.9;0.5;1.8;0;2.27;0;47;30;30;20;10;90;72;62;1.9;1.32;3.22;4452;18;Y;Y;Y;Y;N;N;Y
993395;666715;11563;2020;complete;57520;12;-1;4,54,59,86,90;66;5;1;6;11;3;14;-1;-1;-1;-1;-1;-1;12;4;14;2;26;6;-1;-1;59;41;-1;-1;1.33;5;6;0;0;1.44;0;0;0;0;2.7;0;0;0;0;0;0;0;0;1.01;1.05;5.5;1.8;2.63;6;0;0;0;0;0;0;0;0;0;0;0;0;0;0;0;0;0;0;0;0;0;0;0;0;0;0;0;0;0;0;0;0;0;0;0;0;0;0;0;0;0;0;0;6;1;0;4;1;5;1;2020-08-21 16:00:00;666715;0;34;9;25;0;1;-1;8;2;3;1;10;4;-1;-1;-1;-1;-1;-1;1;109;50;109;99;3.25;1.03;4.28;-1;-1;-1;-1;-1;-1;-1;1;1;0;3;0;-1;-1;-1;-1;-1;-1;-1;-1;-1;-1;-1;0;34;67;83;92;25;59;92;75;8.84;0;0;2.75;FA Šiauliai;Atmosfera;1.67;0.89;1.5;0.67;1.45;0.91;100;67;34;17;9;75;59;50;1.51;1.3;2.81;4452;18;Y;Y;Y;Y;Y;Y;Y
993396;1254;1240;2020;complete;57520;12;-1;16,32;55;2;1;3;7;3;10;-1;-1;-1;-1;-1;-1;15;4;9;8;24;12;-1;-1;57;43;-1;-1;1.17;7;9;0;0;1.25;0;0;0;0;4;0;0;2.1;1.65;0;0;0;0;1.01;1.03;7.5;1.62;3.1;6;1.22;4.72;15;0;0;0;0;0;0;0;0;0;0;0;0;0;0;0;0;0;0;0;0;0;0;0;0;0;0;0;0;0;0;0;0;0;0;0;0;0;0;0;0;3;2;0;0;1;1;2;2020-08-22 10:00:00;1254;0;42;9;17;0;1;-1;4;1;3;2;5;5;-1;-1;-1;-1;-1;-1;1;115;42;138;86;3.38;1.34;4.73;-1;-1;-1;-1;-1;-1;-1;1;0;0;0;0;-1;-1;-1;-1;-1;-1;-1;-1;-1;-1;-1;34;50;59;92;92;50;84;83;67;13.34;0;0;3.67;Hegelmann Litauen;Žalgiris II;2.55;0.9;2.17;0.83;2.18;1.27;67;50;42;9;9;92;67;59;2.78;1.61;4.39;4452;18;Y;Y;Y;N;N;N;Y
993397;1249;685218;2020;complete;57520;12;-1;;9,24,30,50,70,83;0;6;6;7;0;7;-1;-1;-1;-1;-1;-1;7;7;14;5;21;12;-1;-1;60;40;-1;-1;1.2;6;9;0;0;1.36;0;0;0;0;3.1;0;0;1.65;2.1;0;0;0;0;1.04;1.1;4;1.57;3;7.5;1.42;3.5;7.75;0;0;0;0;0;0;0;0;0;0;0;0;0;0;0;0;0;0;0;0;0;0;0;0;0;0;0;0;0;0;0;0;0;0;0;0;0;0;0;0;6;0;3;0;3;3;3;2020-08-22 14:00:00;685218;0;45;9;37;0;1;-1;1;0;6;0;1;6;-1;-1;-1;-1;-1;-1;1;0;0;0;0;2.35;1.55;3.9;-1;-1;-1;-1;-1;-1;-1;1;0;1;0;0;-1;-1;-1;-1;-1;-1;-1;-1;-1;-1;-1;35;65;65;92;100;45;84;100;65;10.17;0;0;3.65;Vilniaus Vytis;Panevėžys II;1.73;0.5;2.67;0.2;2.45;1.4;65;35;35;9;0;82;65;55;2.12;1.25;3.37;4452;20;Y;Y;Y;Y;Y;Y;N
993398;1256;1244;2020;complete;57520;12;-1;50,58,87,90;;4;0;4;8;5;13;-1;-1;-1;-1;-1;-1;15;5;7;7;22;12;-1;-1;45;55;-1;-1;2.75;4;2;0;0;1.2;0;0;0;0;4.33;0;0;1.21;3.64;0;0;0;0;1.73;1.2;1.36;2.88;2.88;2.4;2.87;3.28;2.26;0;0;0;0;0;0;0;0;0;0;0;0;0;0;0;0;0;0;0;0;0;0;0;0;0;0;0;0;0;0;0;0;0;0;0;0;0;0;0;0;4;0;0;4;0;4;0;2020-08-22 14:00:00;1256;0;83;25;42;0;1;-1;5;4;3;1;9;4;-1;-1;-1;-1;-1;-1;1;0;0;0;0;3.08;1.69;4.77;-1;-1;-1;-1;-1;-1;-1;1;0;0;0;1;-1;-1;-1;-1;-1;-1;-1;-1;-1;-1;-1;17;59;83;100;100;50;100;100;67;10;0;2;3.84;Minija;Trakai II;1.2;0.44;0.83;0.67;0.73;0.91;83;42;17;0;0;50;50;50;1.78;2.01;3.79;4452;18;Y;Y;Y;Y;N;N;N
993399;1237;1247;2020;complete;57520;12;-1;;49;0;1;1;4;8;12;-1;-1;-1;-1;-1;-1;7;3;5;6;12;9;-1;-1;54;46;-1;-1;2.9;4;1.91;0;0;1.44;0;0;0;0;2.7;0;0;1.4;2.75;0;0;0;0;1.57;1.2;1.44;3.25;2.6;2.4;2.85;2.75;2.5;0;0;0;0;0;0;0;0;0;0;0;0;0;0;0;0;0;0;0;0;0;0;0;0;0;0;0;0;0;0;0;0;0;0;0;0;0;0;0;0;1;0;0;0;1;1;0;2020-08-23 14:00:00;1247;0;60;10;40;0;1;-1;3;5;1;3;8;4;-1;-1;-1;-1;-1;-1;1;0;0;0;0;1.76;1.2;2.96;-1;-1;-1;-1;-1;-1;-1;1;0;0;0;2;-1;-1;-1;-1;-1;-1;-1;-1;-1;-1;-1;10;20;80;90;100;50;90;90;40;16.2;0;0;3.3;Dainava;Džiugas Telšiai;1.67;2;1.2;3;1.6;2.18;90;80;20;10;0;70;60;50;1.82;2.6;4.42;4452;20;Y;N;N;N;N;N;N
993400;685218;1228;2020;complete;57520;13;-1;-1,-1;-1,-1,-1;2;3;5;-1;-1;-1;-1;-1;-1;-1;-1;-1;-1;-1;-1;-1;-1;-1;-1;-1;-1;-1;-1;-1;0;0;0;0;0;0;0;0;0;0;0;0;0;0;0;0;0;0;0;0;0;0;0;0;0;0;0;0;0;0;0;0;0;0;0;0;0;0;0;0;0;0;0;0;0;0;0;0;0;0;0;0;0;0;0;0;0;0;0;0;0;0;0;0;0;0;0;0;5;0;0;0;0;0;0;2020-08-29 14:00:00;1228;0;45;10;30;1;-1;-1;-1;-1;-1;-1;-1;-1;-1;-1;-1;-1;-1;-1;-1;0;0;0;0;0;0;0;-1;-1;-1;-1;-1;-1;-1;-1;-1;-1;-1;-1;-1;-1;-1;-1;-1;-1;-1;-1;-1;-1;-1;20;39;64;74;90;49;65;64;47;12.13;0;0;2.95;Panevėžys II;Jonava;1.42;2.2;2.6;2.67;1.42;2.33;80;62;37;27;10;74;74;55;1.84;1.5;3.34;4452;20;Y;Y;Y;Y;Y;N;Y
993401;11562;1256;2020;complete;57520;13;-1;20;;1;0;1;3;4;7;-1;-1;-1;-1;-1;-1;6;12;9;11;15;23;-1;-1;43;57;-1;-1;5.25;4;1.5;0;0;1.5;0;0;0;0;2.5;0;0;0;0;0;0;0;0;2.38;1.2;1.12;4.5;2.5;2;0;0;0;0;0;0;0;0;0;0;0;0;0;0;0;0;0;0;0;0;0;0;0;0;0;0;0;0;0;0;0;0;0;0;0;0;0;0;0;0;0;0;0;1;1;0;0;0;0;1;2020-08-29 14:00:00;11562;0;20;0;10;0;1;-1;2;1;1;3;3;4;-1;-1;-1;-1;-1;-1;1;0;0;0;0;1.78;2.83;4.62;-1;-1;-1;-1;-1;-1;-1;1;0;0;1;0;-1;-1;-1;-1;-1;-1;-1;-1;-1;-1;-1;20;40;90;90;100;40;80;100;60;10;0;1;3.5;FK Vilnius;Minija;0.75;1.13;0;0.6;0;0.92;80;60;10;10;0;80;60;60;1.2;1.28;2.48;4452;18;Y;N;N;N;N;N;N
993402;1244;1254;2020;complete;57520;13;-1;49;58;1;1;2;4;5;9;-1;-1;-1;-1;-1;-1;5;8;8;12;13;20;-1;-1;-1;-1;-1;-1;2.9;4;1.91;0;0;1.6;0;0;0;0;2.3;0;0;0;0;0;0;0;0;1.73;1.2;1.36;3.4;2.4;2.5;0;0;0;0;0;0;0;0;0;0;0;0;0;0;0;0;0;0;0;0;0;0;0;0;0;0;0;0;0;0;0;0;0;0;0;0;0;0;0;0;0;0;0;2;0;0;1;1;2;0;2020-08-29 14:00:00;-1;0;50;17;44;0;1;-1;2;2;2;3;4;5;-1;-1;-1;-1;-1;-1;1;0;0;0;0;1.65;2.41;4.07;-1;-1;-1;-1;-1;-1;-1;1;0;0;0;0;-1;-1;-1;-1;-1;-1;-1;-1;-1;-1;-1;30;40;70;80;90;40;60;70;50;10.4;0;0;3.3;Trakai II;Hegelmann Litauen;0.89;2;1.2;2.2;0.83;2.25;70;60;30;20;10;50;30;10;2.1;1.82;3.92;4452;18;Y;Y;N;N;N;N;Y
993403;1240;666715;2020;complete;57520;13;-1;;56,69,80,81;0;4;4;7;10;17;-1;-1;-1;-1;-1;-1;-1;-1;-1;-1;-1;-1;-1;-1;-1;-1;-1;-1;1.26;6;6.8;0;0;1.8;0;0;0;0;2;0;0;0;0;0;0;0;0;0;0;0;0;0;0;0;0;0;0;0;0;0;0;0;0;0;0;0;0;0;0;0;0;0;0;0;0;0;0;0;0;0;0;0;0;0;0;0;0;0;0;0;0;0;0;0;0;0;4;0;0;0;4;4;0;2020-08-29 14:00:00;666715;0;30;10;30;0;-1;-1;-1;-1;-1;-1;-1;-1;-1;-1;-1;-1;-1;-1;1;0;0;0;0;0;0;0;-1;-1;-1;-1;-1;-1;-1;1;0;0;-1;-1;-1;-1;-1;-1;-1;-1;-1;-1;-1;-1;-1;20;50;80;90;100;30;70;100;70;10.6;0;0;3.5;Žalgiris II;FA Šiauliai;1.5;1.55;1.8;1.4;1.17;1.58;80;50;20;10;0;70;50;40;1.41;1.85;3.26;4452;18;Y;Y;Y;Y;N;N;N
993404;11563;1241;2020;complete;57520;13;-1;;10,19,60,80,90;0;5;5;2;4;6;-1;-1;-1;-1;-1;-1;5;8;7;8;12;16;-1;-1;41;59;-1;-1;1.4;2.05;1.1;0;0;1.36;0;0;0;0;3.1;0;0;0;0;0;0;0;0;1.4;1.1;1.1;5;2.6;1.91;0;0;0;0;0;0;0;0;0;0;0;0;0;0;0;0;0;0;0;0;0;0;0;0;0;0;0;0;0;0;0;0;0;0;0;0;0;0;0;0;0;0;0;5;0;2;0;3;3;2;2020-08-29 14:00:00;1241;0;30;23;0;0;1;-1;1;2;1;2;3;3;-1;-1;-1;-1;-1;-1;1;0;0;0;0;1.36;1.84;3.2;-1;-1;-1;-1;-1;-1;-1;1;0;1;0;0;-1;-1;-1;-1;-1;-1;-1;-1;-1;-1;-1;10;10;40;70;100;30;60;90;10;6.8;0;0;2.3;Atmosfera;Nevėžis;0.78;2.44;1.2;2.4;0.83;2.33;90;90;60;30;0;70;50;30;1.3;1.75;3.05;4452;18;Y;Y;Y;Y;Y;N;N
993405;685219;1237;2020;complete;57520;13;-1;;9,39,90;0;3;3;3;8;11;-1;-1;-1;-1;-1;-1;-1;-1;-1;-1;-1;-1;-1;-1;-1;-1;-1;-1;6.83;5.02;1.27;0;0;0;0;0;0;0;0;0;0;0;0;0;0;0;0;0;0;0;0;0;0;0;0;0;0;0;0;0;0;0;0;0;0;0;0;0;0;0;0;0;0;0;0;0;0;0;0;0;0;0;0;0;0;0;0;0;0;0;0;0;0;0;0;0;3;0;2;0;1;1;2;2020-08-29 14:00:00;1237;0;60;30;40;0;-1;-1;-1;-1;-1;-1;-1;-1;-1;-1;-1;-1;-1;-1;1;0;0;0;0;0;0;0;-1;-1;-1;-1;-1;-1;-1;1;0;1;-1;-1;-1;-1;-1;-1;-1;-1;-1;-1;-1;-1;-1;30;40;80;90;100;40;70;100;70;10.8;0;0;3.6;Kauno Žalgiris II;Dainava;0.88;1.55;0.6;2;0.25;1.58;70;60;20;10;0;70;60;60;1.56;2.2;3.76;4452;18;Y;Y;Y;N;N;N;N
993406;1247;1249;2020;complete;57520;13;-1;39,70,74;77;3;1;4;4;2;6;-1;-1;-1;-1;-1;-1;10;5;10;4;20;9;-1;-1;58;42;-1;-1;1.8;4;3.25;0;0;1.6;0;0;0;0;2.3;0;0;0;0;0;0;0;0;1.3;1.2;1.83;2.38;2.4;3.6;0;0;0;0;0;0;0;0;0;0;0;0;0;0;0;0;0;0;0;0;0;0;0;0;0;0;0;0;0;0;0;0;0;0;0;0;0;0;0;0;0;0;0;4;1;0;2;1;3;1;2020-08-29 14:00:00;1247;0;45;29;29;0;1;-1;1;0;3;2;1;5;-1;-1;-1;-1;-1;-1;1;98;74;143;122;2.67;1.46;4.13;-1;-1;-1;-1;-1;-1;-1;1;0;0;0;0;-1;-1;-1;-1;-1;-1;-1;-1;-1;-1;-1;20;29;37;72;72;29;55;72;37;14.37;0;0;2.29;Džiugas Telšiai;Vilniaus Vytis;1.78;1.22;1.5;2.2;2.25;2.25;80;72;64;29;29;84;45;27;1.68;1.97;3.65;4452;20;Y;Y;Y;Y;N;N;Y
1075498;1241;1237;2020;complete;57518;1;-1;;;0;0;0;4;4;8;-1;-1;-1;-1;-1;-1;7;3;6;8;13;11;-1;-1;54;46;-1;-1;1.44;4.5;5;0;0;1.53;0;0;0;0;2.43;0;0;1.65;2.1;0;0;0;0;0;0;0;2.1;2.4;4.5;1.73;2.9;5.25;0;0;0;0;0;0;0;0;0;0;0;0;0;0;0;1.4;14;3;2.6;12;0;0;0;0;0;0;0;0;0;0;0;0;0;0;0;0;0;0;0;0;0;0;0;0;0;0;0;2020-09-11 14:30:00;-1;0;61;7;37;0;1;-1;2;1;2;3;3;5;-1;-1;-1;-1;-1;-1;1;87;41;133;89;1.94;1.21;3.15;0;0;0;0;0;0;1;1;0;0;0;0;-1;-1;-1;-1;-1;-1;-1;-1;-1;-1;-1;22;44;69;92;100;30;84;100;61;12.31;0;0;3.27;Nevėžis;Dainava;2.36;1.55;2.29;2.17;2.38;1.69;79;56;31;9;0;70;62;62;2.28;2.2;4.48;4452;20;N;N;N;N;N;N;N
1075499;1228;685218;2020;complete;57518;1;-1;6,15,86,89;50;4;1;5;3;3;6;-1;-1;-1;-1;-1;-1;8;12;8;4;16;16;-1;-1;49;51;-1;-1;1.2;6.5;8;0;0;1.3;0;0;0;0;3.5;0;0;0;0;0;0;0;0;0;0;0;1.61;3;6.5;0;0;0;0;0;0;0;0;0;0;0;0;0;0;0;0;0;0;0;0;0;0;0;0;0;0;0;0;0;0;0;0;0;0;0;0;0;0;0;0;0;0;0;5;2;0;2;1;3;2;2020-09-12 10:00:00;1228;0;40;0;23;0;1;-1;1;3;2;0;4;2;-1;-1;-1;-1;-1;-1;1;57;83;98;115;1.98;2.45;4.43;-1;-1;-1;-1;-1;-1;-1;1;1;0;0;0;-1;-1;-1;-1;-1;-1;-1;-1;-1;-1;-1;31;61;68;84;92;38;77;92;68;9.26;0;0;3.59;Jonava;Panevėžys II;1.9;0.5;2;0.57;2.38;1.31;69;40;32;17;9;69;61;45;1.91;1.29;3.2;4452;20;Y;Y;Y;Y;Y;N;Y
1075500;1247;666715;2020;complete;57518;1;-1;66;58;1;1;2;13;5;18;-1;-1;-1;-1;-1;-1;7;5;11;6;18;11;-1;-1;55;45;-1;-1;1.33;5;6;0;0;1.3;0;0;0;0;3.45;0;0;0;0;0;0;0;0;0;0;0;1.72;3;5.5;0;0;0;0;0;0;0;0;0;0;0;0;0;0;0;0;0;0;0;0;0;0;0;0;0;0;0;0;0;0;0;0;0;0;0;0;0;0;0;0;0;0;0;2;0;0;1;1;2;0;2020-09-12 14:00:00;-1;0;45;16;31;0;1;-1;5;3;8;2;8;10;-1;-1;-1;-1;-1;-1;1;80;65;103;89;2.2;1.51;3.71;-1;-1;-1;-1;-1;-1;-1;1;0;0;3;1;-1;-1;-1;-1;-1;-1;-1;-1;-1;-1;-1;17;48;55;85;93;24;62;93;55;13.9;0;0;3.05;Džiugas Telšiai;FA Šiauliai;1.78;1.55;1.71;1.67;2.31;1.69;84;52;45;16;7;62;47;40;1.82;1.85;3.67;4452;20;Y;Y;N;N;N;N;Y
1075501;1249;1254;2020;complete;57518;1;-1;41;6,30,68;1;3;4;2;6;8;-1;-1;-1;-1;-1;-1;5;7;1;13;6;20;-1;-1;41;59;-1;-1;2.25;4;2.38;0;0;1.75;0;0;0;0;2.05;0;0;1.57;2.3;0;0;0;0;0;0;0;3.1;2.37;2.75;0;0;0;0;0;0;0;0;0;0;0;0;0;0;0;0;0;0;1.91;11;2;0;0;0;0;0;0;0;0;0;0;0;0;0;0;0;0;0;0;0;0;0;0;4;1;2;0;1;1;3;2020-09-15 16:00:00;1254;0;47;7;31;0;1;-1;0;6;2;0;6;2;-1;-1;-1;-1;-1;-1;1;39;66;96;136;1.02;2.23;3.26;-1;-1;-1;-1;-1;-1;-1;1;0;1;0;2;-1;-1;-1;-1;-1;-1;-1;-1;-1;-1;-1;29;37;45;77;92;37;61;92;54;10.1;0;0;2.93;Vilniaus Vytis;Hegelmann Litauen;1.73;2;2.29;2;2.08;2.15;72;63;55;24;9;69;38;30;2.15;1.92;4.07;4452;20;Y;Y;Y;Y;N;N;Y
1075502;666715;1241;2020;complete;57518;2;-1;;43;0;1;1;9;4;13;-1;-1;-1;-1;-1;-1;3;8;6;9;9;17;-1;-1;48;52;-1;-1;2.6;3.6;2.2;0;0;1.3;0;0;0;0;3.44;0;0;0;0;0;0;0;0;0;0;0;2.87;2.62;2.62;0;0;0;0;0;0;0;0;0;0;0;0;0;0;0;0;0;0;2;0;1.72;0;0;0;0;0;0;0;0;0;0;0;0;0;0;0;0;0;0;0;0;0;0;1;0;1;0;0;0;1;2020-09-18 16:00:00;1241;0;37;17;22;0;1;-1;5;1;4;3;6;7;-1;-1;-1;-1;-1;-1;1;77;75;129;123;1.35;2.18;3.52;-1;-1;-1;-1;-1;-1;-1;1;0;0;1;0;-1;-1;-1;-1;-1;-1;-1;-1;-1;-1;-1;16;44;68;85;100;38;69;92;52;9.43;0;0;3.19;FA Šiauliai;Nevėžis;1.67;2.44;1.71;2.5;1.64;2.29;85;56;32;16;0;84;84;68;1.76;1.77;3.53;4452;20;Y;N;N;N;N;N;N
1075503;1228;1237;2020;complete;57518;2;-1;79;;1;0;1;4;5;9;-1;-1;-1;-1;-1;-1;4;4;3;7;7;11;-1;-1;48;52;-1;-1;1.59;4.5;3.82;0;0;1.45;0;0;0;0;2.68;0;0;0;0;0;0;0;0;0;0;0;2.5;2.4;3.4;0;0;0;0;0;0;0;0;0;0;0;0;0;0;0;0;0;0;1.61;0;2.3;0;0;0;0;0;0;0;0;0;0;0;0;0;0;0;0;0;0;0;0;0;0;1;0;0;1;0;1;0;2020-09-19 10:00:00;1228;0;50;0;22;0;1;-1;1;2;3;3;3;6;-1;-1;-1;-1;-1;-1;1;37;45;86;81;1;1.3;2.3;-1;-1;-1;-1;-1;-1;-1;1;0;0;0;0;-1;-1;-1;-1;-1;-1;-1;-1;-1;-1;-1;22;36;57;71;86;29;64;86;50;11.28;0;0;2.86;Jonava;Dainava;1.9;1.55;2.14;2;2.43;1.64;79;65;43;29;14;64;50;43;1.92;2;3.92;4452;20;Y;N;N;N;N;N;N
1075504;685218;1254;2020;complete;57518;2;-1;70;17,41,66;1;3;4;4;15;19;-1;-1;-1;-1;-1;-1;3;9;4;13;7;22;-1;-1;40;60;-1;-1;3.3;4;1.8;0;0;1.4;0;0;0;0;2.87;0;0;0;0;0;0;0;0;0;0;0;3.5;2.6;2.3;0;0;0;0;0;0;0;0;0;0;0;0;0;0;0;0;0;0;2.3;0;1.57;0;0;0;0;0;0;0;0;0;0;0;0;0;0;0;0;0;0;0;0;0;0;4;0;2;1;1;2;2;2020-09-20 14:00:00;1254;0;54;17;25;0;1;-1;3;6;1;9;9;10;-1;-1;-1;-1;-1;-1;1;30;99;100;140;0.88;2.73;3.61;-1;-1;-1;-1;-1;-1;-1;1;0;0;0;2;-1;-1;-1;-1;-1;-1;-1;-1;-1;-1;-1;25;48;55;77;85;48;62;68;47;12.66;0;0;2.98;Panevėžys II;Hegelmann Litauen;1.42;2;2.17;2.14;1.21;2.21;75;52;45;23;16;69;55;37;1.84;1.96;3.8;4452;20;Y;Y;Y;Y;N;N;Y
1075505;1249;1247;2020;complete;57518;2;-1;58,72;;2;0;2;2;7;9;-1;-1;-1;-1;-1;-1;5;6;4;16;9;22;-1;-1;45;55;-1;-1;2.4;4;2.25;0;0;1.57;0;0;0;0;2.35;0;0;0;0;0;0;0;0;0;0;0;2.87;2.4;2.87;0;0;0;0;0;0;0;0;0;0;0;0;0;0;0;0;0;0;2;0;1.8;0;0;0;0;0;0;0;0;0;0;0;0;0;0;0;0;0;0;0;0;0;0;2;0;0;2;0;2;0;2020-09-20 13:00:00;1249;0;50;21;29;0;1;-1;1;2;1;5;3;6;-1;-1;-1;-1;-1;-1;1;66;78;91;85;1.4;2.36;3.75;-1;-1;-1;-1;-1;-1;-1;1;0;0;0;1;-1;-1;-1;-1;-1;-1;-1;-1;-1;-1;-1;34;48;73;86;100;65;71;100;42;14;0;0;3.78;Vilniaus Vytis;Džiugas Telšiai;1.73;2;2;3;1.93;2.21;67;53;28;15;0;73;61;53;2.01;2.37;4.38;4452;20;Y;Y;N;N;N;N;N
1075506;1228;666715;2020;complete;57518;3;-1;7;47,72;1;2;3;4;1;5;-1;-1;-1;-1;-1;-1;12;8;6;4;18;12;-1;-1;59;41;-1;-1;1.93;4;2.88;0;0;1.45;0;0;0;0;2.68;0;0;0;0;0;0;0;0;0;0;0;2.4;2.5;3.25;0;0;0;0;0;0;0;0;0;0;0;0;0;0;0;0;0;0;1.61;0;2.25;0;0;0;0;0;0;0;0;0;0;0;0;0;0;0;0;0;0;0;0;0;0;3;1;0;0;2;2;1;2020-09-26 14:00:00;666715;0;47;7;34;0;1;-1;2;0;2;1;2;3;-1;-1;-1;-1;-1;-1;1;89;52;145;99;2.62;1.7;4.32;-1;-1;-1;-1;-1;-1;-1;1;1;0;1;0;-1;-1;-1;-1;-1;-1;-1;-1;-1;-1;-1;34;54;54;75;94;34;60;94;61;10.64;0;0;3.28;Jonava;FA Šiauliai;1.9;1.55;2.25;1.57;2.47;1.53;67;47;47;26;7;67;48;41;1.8;1.79;3.59;4452;20;Y;Y;Y;N;N;N;Y
1075507;1254;1247;2020;complete;57518;3;-1;58,86;;2;0;2;7;0;7;-1;-1;-1;-1;-1;-1;5;0;10;4;15;4;-1;-1;55;45;-1;-1;2.27;3.74;2.5;0;0;1.55;0;0;0;0;2.38;0;0;1.57;2.25;0;0;0;0;0;0;0;2.87;2.3;3.1;0;0;0;0;0;0;0;0;0;0;0;0;0;0;0;0;0;0;1.8;0;2.05;0;0;0;0;0;0;0;0;0;0;0;0;0;0;0;0;0;0;0;0;0;0;2;0;0;2;0;2;0;2020-09-26 10:00:00;1254;0;29;7;15;0;1;-1;5;0;2;0;5;2;-1;-1;-1;-1;-1;-1;1;92;49;123;90;1.96;0.62;2.58;-1;-1;-1;-1;-1;-1;-1;1;0;0;1;0;-1;-1;-1;-1;-1;-1;-1;-1;-1;-1;-1;7;29;64;86;93;43;64;93;50;17.14;0;0;3;Hegelmann Litauen;Džiugas Telšiai;2.55;2;2.29;2.57;2.27;2.07;93;71;36;14;7;93;64;50;2.87;2.37;5.24;4452;20;Y;Y;N;N;N;N;N
1075508;685218;1237;2020;complete;57518;3;-1;10;34,58;1;2;3;0;13;13;-1;-1;-1;-1;-1;-1;2;9;1;19;3;28;-1;-1;50;50;-1;-1;2.27;4;2.4;0;0;1.45;0;0;0;0;2.68;0;0;0;0;0;0;0;0;0;0;0;3.1;2.5;2.5;0;0;0;0;0;0;0;0;0;0;0;0;0;0;0;0;0;0;2.1;0;1.72;0;0;0;0;0;0;0;0;0;0;0;0;0;0;0;0;0;0;0;0;0;0;3;1;1;0;1;1;2;2020-09-26 12:00:00;1237;0;48;9;23;0;1;-1;0;2;0;11;2;11;-1;-1;-1;-1;-1;-1;1;35;161;70;158;0.59;3.54;4.13;-1;-1;-1;-1;-1;-1;-1;1;1;0;0;0;-1;-1;-1;-1;-1;-1;-1;-1;-1;-1;-1;22;42;61;75;87;42;61;73;48;13.67;0;0;2.92;Panevėžys II;Dainava;1.42;1.55;1.86;1.75;1.13;1.53;79;59;40;26;14;79;67;59;1.68;1.88;3.56;4452;20;Y;Y;Y;N;N;N;Y
1075509;1249;1241;2020;complete;57518;3;-1;39;18,29,66,84;1;4;5;4;4;8;-1;-1;-1;-1;-1;-1;3;7;3;5;6;12;-1;-1;35;65;-1;-1;2.86;3.74;2.02;0;0;1.5;0;0;0;0;2.5;0;0;0;0;0;0;0;0;0;0;0;3.6;2.4;2.37;0;0;0;0;0;0;0;0;0;0;0;0;0;0;0;0;0;0;2;0;1.8;0;0;0;0;0;0;0;0;0;0;0;0;0;0;0;0;0;0;0;0;0;0;5;1;2;0;2;2;3;2020-09-26 13:00:00;1241;0;29;20;11;0;1;-1;1;1;3;3;2;6;-1;-1;-1;-1;-1;-1;1;50;67;91;129;0.96;1.74;2.7;-1;-1;-1;-1;-1;-1;-1;1;0;0;0;0;-1;-1;-1;-1;-1;-1;-1;-1;-1;-1;-1;29;35;50;80;100;43;69;86;35;7.81;0;0;3.05;Vilniaus Vytis;Nevėžis;1.73;2.44;2.11;2.57;2;2.33;71;65;51;20;0;69;52;45;1.94;1.83;3.77;4452;20;Y;Y;Y;Y;Y;N;Y
1075510;1241;1254;2020;complete;57518;4;-1;19,57,60;34;3;1;4;0;1;1;-1;-1;-1;-1;-1;-1;-1;-1;-1;-1;-1;-1;-1;-1;-1;-1;-1;-1;2.4;3.6;2.42;0;0;1.6;0;0;0;0;2.3;0;0;1.55;2.3;0;0;0;0;0;0;0;2.62;2.4;3.2;0;0;0;0;0;0;0;0;0;0;0;0;0;0;0;0;0;0;1.8;0;2.05;0;0;0;0;0;0;0;0;0;0;0;0;0;0;0;0;0;0;0;0;0;0;4;1;1;2;0;2;2;2020-10-02 15:30:00;1241;0;63;13;44;0;1;-1;0;1;0;0;1;0;-1;-1;-1;-1;-1;-1;1;2;8;9;10;0;0;0;-1;-1;-1;-1;-1;-1;-1;1;0;0;0;1;-1;-1;-1;-1;-1;-1;-1;-1;-1;-1;-1;19;51;57;82;88;38;76;88;57;11.13;0;0;2.94;Nevėžis;Hegelmann Litauen;2.36;2;2.13;2.25;2.38;2.31;82;51;44;19;13;57;44;38;2.24;2.06;4.3;4452;20;Y;Y;Y;Y;N;N;Y
1075511;1237;666715;2020;complete;57518;4;-1;85,90;46;2;1;3;5;4;9;-1;-1;-1;-1;-1;-1;3;2;0;0;3;2;-1;-1;50;50;-1;-1;1.63;4;3.94;0;0;1.7;0;0;0;0;2.1;0;0;0;0;0;0;0;0;0;0;0;2.2;2.4;4;0;0;0;0;0;0;0;0;0;0;0;0;0;0;0;0;0;0;1.53;0;2.6;0;0;0;0;0;0;0;0;0;0;0;0;0;0;0;0;0;0;0;0;0;0;3;0;0;2;1;3;0;2020-10-02 16:00:00;1237;0;47;7;34;0;1;-1;2;3;3;1;5;4;-1;-1;-1;-1;-1;-1;1;74;47;0;0;0.91;0.59;1.51;-1;-1;-1;-1;-1;-1;-1;1;0;0;0;1;-1;-1;-1;-1;-1;-1;-1;-1;-1;-1;-1;13;25;60;80;100;20;67;93;59;12.21;0;0;2.84;Dainava;FA Šiauliai;1.67;1.55;1.29;1.75;1.63;1.63;88;75;41;21;0;67;54;54;1.91;1.78;3.69;4452;20;Y;Y;Y;N;N;N;Y
1075512;1249;1228;2020;complete;57518;4;-1;29;6,24,50;1;3;4;11;4;15;-1;-1;-1;-1;-1;-1;3;9;10;7;13;16;-1;-1;50;50;-1;-1;2.4;4;2.25;0;0;1.55;0;0;0;0;2.38;0;0;1.5;2.4;0;0;0;0;0;0;0;3;2.4;2.75;0;0;0;0;0;0;0;0;0;0;0;0;0;0;0;0;0;0;2;0;1.8;0;0;0;0;0;0;0;0;0;0;0;0;0;0;0;0;0;0;0;0;0;0;4;1;2;0;1;1;3;2020-10-03 13:00:00;1228;0;54;15;30;0;1;-1;7;0;4;0;7;4;-1;-1;-1;-1;-1;-1;1;68;41;109;90;1.52;1.94;3.46;-1;-1;-1;-1;-1;-1;-1;1;0;1;4;0;-1;-1;-1;-1;-1;-1;-1;-1;-1;-1;-1;32;45;66;81;100;37;57;79;45;8.93;0;0;3.33;Vilniaus Vytis;Jonava;1.73;2.2;1.9;2.71;1.88;2.31;68;56;35;20;0;64;49;40;1.84;1.5;3.34;4452;20;Y;Y;Y;Y;N;N;Y
1075513;685218;1247;2020;complete;57518;4;-1;-1,-1;-1,-1,-1,-1;2;4;6;-1;-1;-1;-1;-1;-1;-1;-1;-1;-1;-1;-1;-1;-1;-1;-1;-1;-1;-1;-1;-1;0;0;0;0;0;0;0;0;0;0;0;0;0;0;0;0;0;0;0;0;0;0;0;0;0;0;0;0;0;0;0;0;0;0;0;0;0;0;0;0;0;0;0;0;0;0;0;0;0;0;0;0;0;0;0;0;0;0;0;0;0;0;0;0;0;0;0;0;6;0;0;0;0;0;0;2020-10-04 12:00:00;1247;0;51;21;27;1;-1;-1;-1;-1;-1;-1;-1;-1;-1;-1;-1;-1;-1;-1;-1;0;0;0;0;0;0;0;-1;-1;-1;-1;-1;-1;-1;-1;-1;-1;-1;-1;-1;-1;-1;-1;-1;-1;-1;-1;-1;-1;-1;26;44;69;88;94;63;63;82;50;13.77;0;0;3.44;Panevėžys II;Džiugas Telšiai;1.42;2;1.63;2.25;1.06;1.94;76;57;32;13;7;81;75;61;1.52;2.15;3.67;4452;20;Y;Y;Y;Y;Y;Y;Y
1075514;1241;1247;2020;complete;57518;5;-1;86;;1;0;1;5;4;9;-1;-1;-1;-1;-1;-1;3;3;6;7;9;10;-1;-1;65;35;-1;-1;1.77;3.4;3.5;1;1.14;1.51;2.3;3.95;11.25;4.3;2.2;1.48;1.16;1.49;2.25;0;0;0;0;0;0;0;2.4;2.4;3.5;0;0;0;0;0;0;0;0;0;0;0;0;0;0;0;0;0;0;1.57;0;2.38;3.9;7.5;0;0;0;0;0;0;0;0;0;0;0;0;0;0;0;0;0;0;0;0;1;0;0;1;0;1;0;2020-10-16 14:30:00;1241;0;56;18;35;0;1;-1;2;1;3;3;3;6;-1;-1;-1;-1;-1;-1;1;53;40;92;68;1.17;1.13;2.3;-1;-1;-1;-1;-1;-1;-1;1;0;0;0;0;-1;-1;-1;-1;-1;-1;-1;-1;-1;-1;-1;28;50;67;89;95;44;67;89;56;12.07;0;0;3.5;Nevėžis;Džiugas Telšiai;2.36;2;2.22;2.33;2.41;2;73;50;33;11;6;60;54;47;2.24;2.15;4.39;4452;20;Y;N;N;N;N;N;N
1075515;1237;1249;2020;complete;57518;5;-1;28,75,81,87;23,43;4;2;6;4;5;9;-1;-1;-1;-1;-1;-1;10;5;2;9;12;14;-1;-1;50;50;-1;-1;1.3;4.75;5.6;1;1.09;1.39;2;3.3;13;5.05;2.55;1.62;1.24;1.57;2.1;0;0;0;0;0;0;0;1.91;2.6;5;0;0;0;0;0;0;0;0;0;0;0;0;0;0;0;0;0;0;1.3;0;3.4;2.5;15;0;0;0;0;0;0;0;0;0;0;0;0;0;0;0;0;0;0;0;0;6;1;2;3;0;3;3;2020-10-16 16:00:00;1237;0;50;17;44;0;1;-1;2;2;2;3;4;5;-1;-1;-1;-1;-1;-1;1;59;53;78;71;1.88;1.61;3.49;-1;-1;-1;-1;-1;-1;-1;1;0;0;0;0;-1;-1;-1;-1;-1;-1;-1;-1;-1;-1;-1;17;25;57;71;84;23;65;78;50;12;0;0;2.53;Dainava;Vilniaus Vytis;1.67;1.22;1.5;1.83;1.71;1.76;84;75;44;29;17;79;42;34;1.77;1.89;3.66;4452;20;Y;Y;Y;Y;Y;Y;Y
1075516;1254;1228;2020;complete;57518;5;-1;13,65;76;2;1;3;7;5;12;-1;-1;-1;-1;-1;-1;8;3;8;2;16;5;-1;-1;51;49;-1;-1;2.3;3.6;2.5;0;0;1.7;0;0;0;0;2.1;0;0;0;0;0;0;0;0;0;0;0;2.88;2.3;3.1;0;0;0;0;0;0;0;0;0;0;0;0;0;0;0;0;0;0;1.8;0;2.05;0;0;0;0;0;0;0;0;0;0;0;0;0;0;0;0;0;0;0;0;0;0;3;1;0;1;1;2;1;2020-10-17 10:00:00;1254;0;38;9;17;0;1;-1;4;1;3;4;5;7;-1;-1;-1;-1;-1;-1;1;90;71;121;110;2.22;1.05;3.27;-1;-1;-1;-1;-1;-1;-1;1;0;0;0;0;-1;-1;-1;-1;-1;-1;-1;-1;-1;-1;-1;7;32;63;82;94;25;57;76;44;12.54;0;0;2.75;Hegelmann Litauen;Jonava;2.55;2.2;2.38;2.75;2.18;2.35;94;69;38;19;7;80;61;48;2.75;1.58;4.33;4452;20;Y;Y;Y;N;N;N;Y
1075517;685218;666715;2020;complete;57518;5;-1;;15,57,66,87;0;4;4;5;8;13;-1;-1;-1;-1;-1;-1;2;9;8;9;10;18;-1;-1;52;48;-1;-1;3.25;3.75;1.83;0;0;1.53;0;0;0;0;1.53;0;0;0;0;0;0;0;0;0;0;0;3.6;2.4;2.38;0;0;0;0;0;0;0;0;0;0;0;0;0;0;0;0;0;0;2.1;0;1.73;0;0;0;0;0;0;0;0;0;0;0;0;0;0;0;0;0;0;0;0;0;0;4;0;1;0;3;3;1;2020-10-18 12:00:00;666715;0;62;20;37;0;1;-1;4;5;1;3;9;4;-1;-1;-1;-1;-1;-1;1;35;42;86;73;1.03;2.06;3.09;-1;-1;-1;-1;-1;-1;-1;1;0;0;0;0;-1;-1;-1;-1;-1;-1;-1;-1;-1;-1;-1;33;56;73;89;95;45;62;78;61;11.47;0;0;3.61;Panevėžys II;FA Šiauliai;1.42;1.55;1.44;1.56;1;1.53;67;45;28;11;6;77;65;58;1.52;1.63;3.15;4452;20;Y;Y;Y;Y;N;N;N
1075518;666715;1249;2020;complete;57518;6;-1;37,41,45,76;68;4;1;5;5;4;9;-1;-1;-1;-1;-1;-1;-1;-1;-1;-1;-1;-1;-1;-1;-1;-1;-1;-1;1.28;5.08;7.06;0;0;0;0;0;0;0;0;0;0;0;0;0;0;0;0;0;0;0;0;0;0;0;0;0;0;0;0;0;0;0;0;0;0;0;0;0;0;0;0;0;0;0;0;0;0;0;0;0;0;0;0;0;0;0;0;0;0;0;0;0;0;0;0;0;5;3;0;1;1;2;3;2020-10-23 16:00:00;666715;0;54;28;41;0;-1;-1;-1;-1;-1;-1;-1;-1;-1;-1;-1;-1;-1;-1;1;0;0;0;0;0;0;0;-1;-1;-1;-1;-1;-1;-1;1;0;0;-1;-1;-1;-1;-1;-1;-1;-1;-1;-1;-1;-1;-1;28;60;66;73;86;41;73;80;66;12.18;0;0;3.26;FA Šiauliai;Vilniaus Vytis;1.67;1.22;1.5;1.57;1.61;1.67;73;41;34;27;15;93;65;51;1.71;1.85;3.56;4452;20;Y;Y;Y;Y;Y;N;Y
1075519;1228;1247;2020;complete;57518;6;-1;;;0;0;0;6;8;14;-1;-1;-1;-1;-1;-1;2;4;11;10;13;14;-1;-1;57;43;-1;-1;1.91;4.2;2.8;0;0;1.73;0;0;0;0;2.08;0;0;1.72;2;0;0;0;0;0;0;0;2.5;2.3;3.5;0;0;0;0;0;0;0;0;0;0;0;0;0;0;0;0;0;0;1.62;0;2.4;0;0;0;0;0;0;0;0;0;0;0;0;0;0;0;0;0;0;0;0;0;0;0;0;0;0;0;0;0;2020-10-25 11:00:00;-1;0;48;6;22;0;1;-1;1;6;5;2;7;7;-1;-1;-1;-1;-1;-1;1;66;67;107;98;1.44;1.65;3.09;0;0;0;0;0;0;1;1;0;0;0;3;-1;-1;-1;-1;-1;-1;-1;-1;-1;-1;-1;27;37;58;74;95;37;54;90;48;11.66;0;0;3.21;Jonava;Džiugas Telšiai;1.9;2;2;2.1;2.22;1.89;74;63;42;27;6;67;45;33;1.89;2.04;3.93;4452;20;N;N;N;N;N;N;N
1075520;1254;1237;2020;complete;57518;6;-1;79;;1;0;1;9;2;11;-1;-1;-1;-1;-1;-1;8;5;15;2;23;7;-1;-1;60;40;-1;-1;1.83;3.3;3.75;0;0;1.65;0;0;0;0;2.2;0;0;0;0;0;0;0;0;0;0;0;2.38;2.3;4;0;0;0;0;0;0;0;0;0;0;0;0;0;0;0;0;0;0;1.57;0;2.5;0;0;0;0;0;0;0;0;0;0;0;0;0;0;0;0;0;0;0;0;0;0;1;0;0;1;0;1;0;2020-10-25 11:00:00;1254;0;33;6;11;0;1;-1;3;1;6;1;4;7;-1;-1;-1;-1;-1;-1;1;80;24;120;77;2.58;0.98;3.56;-1;-1;-1;-1;-1;-1;-1;1;0;0;0;0;-1;-1;-1;-1;-1;-1;-1;-1;-1;-1;-1;0;17;56;78;89;22;62;89;50;15.33;0;0;2.39;Hegelmann Litauen;Dainava;2.55;1.55;2.44;1.89;2.22;1.78;100;84;44;22;11;84;56;50;2.69;2.12;4.81;4452;20;Y;N;N;N;N;N;N
1075521;685218;1241;2020;complete;57518;6;-1;-1;-1;1;1;2;-1;-1;-1;-1;-1;-1;-1;-1;-1;-1;-1;-1;-1;-1;-1;-1;-1;-1;-1;-1;-1;0;0;0;0;0;0;0;0;0;0;0;0;0;0;0;0;0;0;0;0;0;0;0;0;0;0;0;0;0;0;0;0;0;0;0;0;0;0;0;0;0;0;0;0;0;0;0;0;0;0;0;0;0;0;0;0;0;0;0;0;0;0;0;0;0;0;0;0;2;0;0;0;0;0;0;2020-10-25 12:00:00;-1;0;43;27;13;1;-1;-1;-1;-1;-1;-1;-1;-1;-1;-1;-1;-1;-1;-1;-1;0;0;0;0;0;0;0;-1;-1;-1;-1;-1;-1;-1;-1;-1;-1;-1;-1;-1;-1;-1;-1;-1;-1;-1;-1;-1;-1;-1;33;48;65;83;95;49;73;68;38;9.25;0;0;3.33;Panevėžys II;Nevėžis;1.42;2.44;1.3;2.63;0.94;2.44;68;53;35;18;5;76;76;63;1.46;1.82;3.28;4452;20;Y;Y;N;N;N;N;Y
1075522;685218;1249;2020;complete;57518;7;-1;32,40,75;17;3;1;4;3;2;5;-1;-1;-1;-1;-1;-1;-1;-1;-1;-1;-1;-1;-1;-1;-1;-1;-1;-1;1.42;5;4.75;0;0;0;0;0;0;0;0;0;0;0;0;0;0;0;0;0;0;0;0;0;0;0;0;0;0;0;0;0;0;0;0;0;0;0;0;0;0;0;0;0;0;0;0;0;0;0;0;0;0;0;0;0;0;0;0;0;0;0;0;0;0;0;0;0;4;2;1;1;0;1;3;2020-10-31 11:00:00;685218;0;64;32;38;0;-1;-1;-1;-1;-1;-1;-1;-1;-1;-1;-1;-1;-1;-1;1;0;0;0;0;0;0;0;-1;-1;-1;-1;-1;-1;-1;1;0;0;-1;-1;-1;-1;-1;-1;-1;-1;-1;-1;-1;-1;-1;43;64;68;83;83;53;70;65;54;11.25;0;0;3.56;Panevėžys II;Vilniaus Vytis;1.42;1.22;1.27;1.38;0.95;1.58;57;37;33;17;17;88;57;44;1.46;1.85;3.31;4452;20;Y;Y;Y;Y;N;N;Y
1075523;1254;666715;2020;complete;57518;7;-1;22,29,79;;3;0;3;11;1;12;-1;-1;-1;-1;-1;-1;9;3;16;2;25;5;-1;-1;62;38;-1;-1;1.5;4.5;4.5;0;0;1.5;0;0;0;0;1.5;0;0;0;0;0;0;0;0;0;0;0;1.95;2.6;4.75;0;0;0;0;0;0;0;0;0;0;0;0;0;0;0;0;0;0;1.36;0;3.1;0;0;0;0;0;0;0;0;0;0;0;0;0;0;0;0;0;0;0;0;0;0;3;2;0;1;0;1;2;2020-10-31 11:00:00;1254;0;35;5;25;0;1;-1;8;0;3;1;8;4;-1;-1;-1;-1;-1;-1;1;51;20;94;57;2.57;0.68;3.24;-1;-1;-1;-1;-1;-1;-1;1;0;0;2;0;-1;-1;-1;-1;-1;-1;-1;-1;-1;-1;-1;10;35;60;85;95;20;60;95;70;13.8;0;0;2.9;Hegelmann Litauen;FA Šiauliai;2.55;1.55;2.5;1.7;2.26;1.68;90;65;40;15;5;80;55;50;2.68;1.68;4.36;4452;20;Y;Y;Y;N;N;N;N
1075524;1247;1237;2020;complete;57518;7;-1;74;;1;0;1;4;4;8;-1;-1;-1;-1;-1;-1;6;3;11;5;17;8;-1;-1;46;54;-1;-1;2;3.3;3.25;0;0;1.8;0;0;0;0;1.8;0;0;0;0;0;0;0;0;0;0;0;2.63;2.2;3.6;0;0;0;0;0;0;0;0;0;0;0;0;0;0;0;0;0;0;1.67;0;2.38;0;0;0;0;0;0;0;0;0;0;0;0;0;0;0;0;0;0;0;0;0;0;1;0;0;1;0;1;0;2020-10-31 11:00:00;1247;0;52;12;24;0;1;-1;3;2;1;2;5;3;-1;-1;-1;-1;-1;-1;1;94;89;129;165;2.17;1.38;3.55;-1;-1;-1;-1;-1;-1;-1;1;0;0;1;1;-1;-1;-1;-1;-1;-1;-1;-1;-1;-1;-1;0;18;44;74;89;17;50;89;40;14.95;0;0;2.24;Džiugas Telšiai;Dainava;1.78;1.55;1.63;1.7;1.84;1.68;100;83;57;27;12;72;55;49;1.87;1.98;3.85;4452;20;Y;N;N;N;N;N;N
1075525;1241;1228;2020;complete;57518;7;-1;5,8;;2;0;2;3;2;5;-1;-1;-1;-1;-1;-1;6;0;4;5;10;5;-1;-1;48;52;-1;-1;1.62;3.4;5;0;0;1.65;0;0;0;0;1.65;0;0;0;0;0;0;0;0;0;0;0;2.05;2.3;5;0;0;0;0;0;0;0;0;0;0;0;0;0;0;0;0;0;0;1.44;0;3;0;0;0;0;0;0;0;0;0;0;0;0;0;0;0;0;0;0;0;0;0;0;2;2;0;0;0;0;2;2020-10-31 11:00:00;1241;0;64;17;42;0;1;-1;1;1;2;1;2;3;-1;-1;-1;-1;-1;-1;1;47;60;92;89;1.4;0.76;2.15;-1;-1;-1;-1;-1;-1;-1;1;2;0;0;0;-1;-1;-1;-1;-1;-1;-1;-1;-1;-1;-1;21;47;69;79;95;31;68;79;47;8.88;0;0;3.1;Nevėžis;Jonava;2.36;2.2;2.3;2.44;2.37;2.16;80;54;31;21;5;63;58;52;2.12;1.5;3.62;4452;20;Y;Y;N;N;N;N;N
1075526;1240;1244;2020;complete;57519;1;-1;22,45;;2;0;2;-1;-1;-1;-1;-1;-1;-1;-1;-1;-1;-1;-1;-1;-1;-1;-1;-1;-1;-1;-1;-1;1.23;6.5;6.85;0;0;1.22;0;0;0;0;4.2;0;0;0;0;0;0;0;0;1.07;1.08;3.74;1.74;3.1;4.92;0;0;0;0;0;0;0;0;0;0;0;0;0;0;0;0;0;0;0;0;0;0;0;0;0;0;0;0;0;0;0;0;0;0;0;0;0;0;0;0;0;0;0;2;2;0;0;0;0;2;2020-09-18 10:00:00;1240;0;44;15;16;0;-1;-1;-1;-1;-1;-1;-1;-1;-1;-1;-1;-1;-1;-1;-1;0;0;0;0;0;0;0;-1;-1;-1;-1;-1;-1;-1;1;0;0;-1;-1;-1;-1;-1;-1;-1;-1;-1;-1;-1;-1;-1;7;54;93;100;100;44;68;100;70;9.9;0;2;3.54;Žalgiris II;Trakai II;1.5;0.44;1.5;0.57;1.08;0.85;93;47;7;0;0;63;55;47;1.41;1.96;3.37;4452;18;Y;Y;N;N;N;N;N
1075527;1256;11562;2020;complete;57519;1;-1;59,68;35,79;2;2;4;9;3;12;-1;-1;-1;-1;-1;-1;13;4;12;1;25;5;-1;-1;62;38;-1;-1;1.5;4.5;4.5;0;0;1.4;0;0;0;0;2.87;0;0;0;0;0;0;0;0;0;0;0;2;2.62;4.33;0;0;0;0;0;0;0;0;0;0;0;0;0;0;0;0;0;0;1.4;0;2.75;0;0;0;0;0;0;0;0;0;0;0;0;0;0;0;0;0;0;0;0;0;0;4;0;1;2;1;3;1;2020-09-19 11:00:00;-1;0;64;22;57;0;1;-1;5;2;4;1;7;5;-1;-1;-1;-1;-1;-1;1;81;31;97;80;3.06;0.83;3.89;-1;-1;-1;-1;-1;-1;-1;1;0;0;1;0;-1;-1;-1;-1;-1;-1;-1;-1;-1;-1;-1;36;86;93;100;100;36;93;100;93;11;0;0;4.5;Minija;FK Vilnius;1.2;0.5;1.14;0;0.85;0.23;65;15;7;0;0;79;71;71;1.97;1.37;3.34;4452;18;Y;Y;Y;Y;N;N;Y
1075528;685219;11563;2020;complete;57519;1;-1;34;28;1;1;2;2;1;3;-1;-1;-1;-1;-1;-1;8;6;12;4;20;10;-1;-1;50;50;-1;-1;1.85;4.2;3;0;0;1.44;0;0;0;0;2.7;0;0;0;0;0;0;0;0;0;0;0;2.37;2.6;3.4;0;0;0;0;0;0;0;0;0;0;0;0;0;0;0;0;0;0;1.61;0;2.3;0;0;0;0;0;0;0;0;0;0;0;0;0;0;0;0;0;0;0;0;0;0;2;1;1;0;0;0;2;2020-09-19 12:00:00;-1;0;40;25;40;0;1;-1;1;1;1;0;2;1;-1;-1;-1;-1;-1;-1;1;97;55;161;105;2.53;1.46;3.98;-1;-1;-1;-1;-1;-1;-1;1;0;0;0;0;-1;-1;-1;-1;-1;-1;-1;-1;-1;-1;-1;32;32;79;93;93;42;70;93;69;6.81;0;0;3.52;Kauno Žalgiris II;Atmosfera;0.88;0.89;0.5;0.57;0.23;0.77;68;68;22;7;7;62;48;48;1.56;1.26;2.82;4452;18;Y;Y;N;N;N;N;Y
1077495;1256;685219;2020;complete;57519;2;-1;18,90;58;2;1;3;4;7;11;-1;-1;-1;-1;-1;-1;6;8;7;8;13;16;-1;-1;42;58;-1;-1;1.46;5;4.44;0;0;1.4;0;0;0;0;2.85;0;0;0;0;0;0;0;0;0;0;0;2.05;2.6;4.33;0;0;0;0;0;0;0;0;0;0;0;0;0;0;0;0;0;0;1.36;0;3;0;0;0;0;0;0;0;0;0;0;0;0;0;0;0;0;0;0;0;0;0;0;3;1;0;1;1;2;1;2020-09-25 14:00:00;1256;0;59;14;46;0;1;-1;0;4;4;3;4;7;-1;-1;-1;-1;-1;-1;1;81;116;113;166;1.83;2.41;4.24;-1;-1;-1;-1;-1;-1;-1;1;0;0;0;0;-1;-1;-1;-1;-1;-1;-1;-1;-1;-1;-1;28;66;73;93;100;35;73;100;87;7.39;0;0;3.85;Minija;Kauno Žalgiris II;1.2;0.6;1.13;0;0.86;0.29;73;34;28;7;0;73;52;52;2.1;1.17;3.27;4452;18;Y;Y;Y;N;N;N;Y
1077496;1244;11563;2020;complete;57519;2;-1;4,90;1,25,56,78,84;2;5;7;2;7;9;-1;-1;-1;-1;-1;-1;4;14;5;5;9;19;-1;-1;53;47;-1;-1;2.97;4.2;1.87;0;0;1.48;0;0;0;0;2.6;0;0;1.5;2.4;0;0;0;0;0;0;0;2.4;2.4;3.5;0;0;0;0;0;0;0;0;0;0;0;0;0;0;0;0;0;0;2;0;1.72;0;0;0;0;0;0;0;0;0;0;0;0;0;0;0;0;0;0;0;0;0;0;7;1;2;1;3;4;3;2020-09-25 14:00:00;11563;0;53;19;50;0;1;-1;2;4;0;3;6;3;-1;-1;-1;-1;-1;-1;1;62;69;126;115;1.31;2.68;3.99;-1;-1;-1;-1;-1;-1;-1;1;1;1;1;0;-1;-1;-1;-1;-1;-1;-1;-1;-1;-1;-1;32;32;67;94;94;32;57;71;65;8.38;0;0;3.4;Trakai II;Atmosfera;0.89;0.89;1.17;0.63;0.79;0.79;69;69;34;7;7;50;21;13;2.01;1.28;3.29;4452;18;Y;Y;Y;Y;Y;Y;Y
1077497;11562;1240;2020;complete;57519;2;-1;-1,-1;-1;2;1;3;0;0;0;-1;-1;-1;-1;-1;-1;-1;-1;-1;-1;-1;-1;-1;-1;-1;-1;-1;-1;5;4;1.5;0;0;1.4;0;0;0;0;2.87;0;0;0;0;0;0;0;0;0;0;0;4.33;2.62;2;0;0;0;0;0;0;0;0;0;0;0;0;0;0;0;0;0;0;2.62;0;1.44;0;0;0;0;0;0;0;0;0;0;0;0;0;0;0;0;0;0;0;0;0;0;3;0;0;0;0;0;0;2020-09-26 14:00:00;11562;0;52;7;15;1;1;-1;0;0;0;0;0;0;-1;-1;-1;-1;-1;-1;-1;0;0;0;0;0;0;0;-1;-1;-1;-1;-1;-1;-1;-1;-1;-1;0;0;-1;-1;-1;-1;-1;-1;-1;-1;-1;-1;-1;37;37;69;84;100;68;92;85;45;9.26;0;1;3.7;FK Vilnius;Žalgiris II;0.75;0.9;0.5;0.71;0.29;1.21;63;63;31;17;0;77;68;54;1.31;1.57;2.88;4452;18;Y;Y;Y;N;N;N;Y
1077498;11563;1256;2020;complete;57519;3;-1;;19,30,58,90;0;4;4;1;2;3;-1;-1;-1;-1;-1;-1;4;10;4;11;8;21;-1;-1;42;58;-1;-1;2.25;3.75;2.5;0;0;1.38;0;0;0;0;3;0;0;0;0;0;0;0;0;0;0;0;2.62;2.6;2.87;0;0;0;0;0;0;0;0;0;0;0;0;0;0;0;0;0;0;1.8;0;2;0;0;0;0;0;0;0;0;0;0;0;0;0;0;0;0;0;0;0;0;0;0;4;0;2;0;2;2;2;2020-10-03 11:00:00;1256;0;25;9;9;0;1;-1;1;0;0;2;1;2;-1;-1;-1;-1;-1;-1;1;59;100;113;151;1.22;2.75;3.97;-1;-1;-1;-1;-1;-1;-1;1;0;0;1;0;-1;-1;-1;-1;-1;-1;-1;-1;-1;-1;-1;25;42;67;75;100;34;75;92;50;8.34;0;0;3.08;Atmosfera;Minija;0.78;1.13;1;0.5;0.93;1;75;59;34;25;0;59;34;25;1.31;1.54;2.85;4452;18;Y;Y;Y;Y;N;N;N
1077499;1244;11562;2020;complete;57519;3;-1;55;88;1;1;2;5;7;12;-1;-1;-1;-1;-1;-1;7;6;12;3;19;9;-1;-1;50;50;-1;-1;2.25;4;2.45;0;0;1.44;0;0;0;0;2.7;0;0;0;0;0;0;0;0;0;0;0;2.62;2.5;3;0;0;0;0;0;0;0;0;0;0;0;0;0;0;0;0;0;0;1.72;0;2;0;0;0;0;0;0;0;0;0;0;0;0;0;0;0;0;0;0;0;0;0;0;2;0;0;1;1;2;0;2020-10-03 12:00:00;-1;0;67;33;72;0;1;-1;3;1;2;6;4;8;-1;-1;-1;-1;-1;-1;1;71;45;150;110;2.21;1.33;3.54;-1;-1;-1;-1;-1;-1;-1;1;0;0;0;0;-1;-1;-1;-1;-1;-1;-1;-1;-1;-1;-1;54;79;93;100;100;54;79;86;86;9.88;0;0;4.66;Trakai II;FK Vilnius;0.89;0.5;1;0.13;0.73;0.47;47;22;7;0;0;73;45;38;1.89;1.3;3.19;4452;18;Y;Y;N;N;N;N;Y
1077500;1240;685219;2020;complete;57519;3;-1;;64,86;0;2;2;7;1;8;-1;-1;-1;-1;-1;-1;6;8;8;3;14;11;-1;-1;50;50;-1;-1;1.34;5;5.9;0;0;1.35;0;0;0;0;3.1;0;0;0;0;0;0;0;0;0;0;0;1.72;2.87;5.5;0;0;0;0;0;0;0;0;0;0;0;0;0;0;0;0;0;0;1.3;0;3.4;0;0;0;0;0;0;0;0;0;0;0;0;0;0;0;0;0;0;0;0;0;0;2;0;0;0;2;2;0;2020-10-04 13:00:00;685219;0;32;7;26;0;1;-1;3;1;4;0;4;4;-1;-1;-1;-1;-1;-1;1;79;60;89;90;1.87;1.69;3.56;-1;-1;-1;-1;-1;-1;-1;1;0;0;1;0;-1;-1;-1;-1;-1;-1;-1;-1;-1;-1;-1;19;47;75;94;100;40;60;93;80;7.21;0;0;3.4;Žalgiris II;Kauno Žalgiris II;1.5;0.6;1.71;0;1.13;0.27;82;54;26;7;0;79;53;44;1.41;1.33;2.74;4452;18;Y;Y;N;N;N;N;N
1077501;11563;1240;2020;complete;57519;4;-1;56,70;6,30;2;2;4;4;4;8;-1;-1;-1;-1;-1;-1;9;4;6;4;15;8;-1;-1;45;55;-1;-1;2.55;3.75;2.05;1;1.09;1.38;2;3.25;13;5.1;2.6;1.65;1.25;1.38;2.6;0;0;0;0;0;0;0;3.1;2.5;2.6;0;0;0;0;0;0;0;0;0;0;0;0;0;0;0;0;0;0;2.1;0;1.67;7;4.8;0;0;0;0;0;0;0;0;0;0;0;0;0;0;0;0;0;0;0;0;4;0;2;2;0;2;2;2020-10-16 16:00:00;-1;0;59;14;15;0;1;-1;2;0;2;4;2;6;-1;-1;-1;-1;-1;-1;1;77;97;109;130;2.13;1.49;3.63;-1;-1;-1;-1;-1;-1;-1;1;0;1;0;0;-1;-1;-1;-1;-1;-1;-1;-1;-1;-1;-1;40;47;66;86;100;66;80;88;47;7.72;0;0;3.69;Atmosfera;Žalgiris II;0.78;0.9;0.86;0.63;0.88;1.06;61;54;34;15;0;65;50;29;1.3;1.57;2.87;4452;18;Y;Y;Y;Y;N;N;Y
1077502;11562;685219;2020;complete;57519;4;-1;62;31,50;1;2;3;13;3;16;-1;-1;-1;-1;-1;-1;6;8;12;4;18;12;-1;-1;50;50;-1;-1;2.1;3.75;2.7;0;0;1.5;0;0;0;0;2.5;0;0;1.48;2.45;0;0;0;0;0;0;0;2.63;2.5;3.1;0;0;0;0;0;0;0;0;0;0;0;0;0;0;0;0;0;0;1.73;0;2.1;0;0;0;0;0;0;0;0;0;0;0;0;0;0;0;0;0;0;0;0;0;0;3;0;1;1;1;2;1;2020-10-17 14:00:00;685219;0;37;6;17;0;1;-1;7;0;6;3;7;9;-1;-1;-1;-1;-1;-1;1;58;42;71;83;1.96;1.62;3.59;-1;-1;-1;-1;-1;-1;-1;1;0;0;1;0;-1;-1;-1;-1;-1;-1;-1;-1;-1;-1;-1;24;29;64;80;100;44;64;86;59;6.61;0;1;3.1;FK Vilnius;Kauno Žalgiris II;0.75;0.6;0.86;0.33;0.5;0.44;77;71;37;20;0;67;42;42;1.31;1.37;2.68;4452;18;Y;Y;Y;N;N;N;Y
1077503;1244;1256;2020;complete;57519;4;-1;54;52,55,60,79,90;1;5;6;0;7;7;-1;-1;-1;-1;-1;-1;3;19;2;12;5;31;-1;-1;50;50;-1;-1;2.38;3.6;2.38;0;0;1.55;0;0;0;0;1.55;0;0;0;0;0;0;0;0;0;0;0;2.88;2.38;2.88;0;0;0;0;0;0;0;0;0;0;0;0;0;0;0;0;0;0;1.91;0;1.91;0;0;0;0;0;0;0;0;0;0;0;0;0;0;0;0;0;0;0;0;0;0;6;0;0;1;5;6;0;2020-10-18 12:00:00;1256;0;45;17;49;0;1;-1;0;2;0;5;2;5;-1;-1;-1;-1;-1;-1;1;17;78;108;118;0.67;3.83;4.5;-1;-1;-1;-1;-1;-1;-1;1;0;0;0;0;-1;-1;-1;-1;-1;-1;-1;-1;-1;-1;-1;32;54;81;93;100;40;68;81;73;9.29;0;0;3.84;Trakai II;Minija;0.89;1.13;1;0.86;0.75;1.13;68;47;20;7;0;60;34;28;1.94;1.71;3.65;4452;18;Y;Y;Y;Y;Y;Y;Y
1077504;685219;1244;2020;complete;57519;5;-1;-1,-1;-1;2;1;3;-1;-1;-1;-1;-1;-1;-1;-1;-1;-1;-1;-1;-1;-1;-1;-1;-1;-1;-1;-1;-1;0;0;0;0;0;0;0;0;0;0;0;0;0;0;0;0;0;0;0;0;0;0;0;0;0;0;0;0;0;0;0;0;0;0;0;0;0;0;0;0;0;0;0;0;0;0;0;0;0;0;0;0;0;0;0;0;0;0;0;0;0;0;0;0;0;0;0;0;3;0;0;0;0;0;0;2020-10-25 12:00:00;685219;0;60;41;28;1;-1;-1;-1;-1;-1;-1;-1;-1;-1;-1;-1;-1;-1;-1;-1;0;0;0;0;0;0;0;-1;-1;-1;-1;-1;-1;-1;-1;-1;-1;-1;-1;-1;-1;-1;-1;-1;-1;-1;-1;-1;-1;-1;28;47;81;100;100;81;87;87;54;8;0;2;3.69;Kauno Žalgiris II;Trakai II;0.88;0.44;0.57;0.5;0.59;0.71;73;54;20;0;0;50;50;50;1.73;1.96;3.69;4452;18;Y;Y;Y;N;N;N;Y
1077505;11563;11562;2020;complete;57519;5;-1;16,90;1,7,36;2;3;5;9;6;15;-1;-1;-1;-1;-1;-1;-1;-1;-1;-1;-1;-1;-1;-1;-1;-1;-1;-1;0;0;0;0;0;0;0;0;0;0;0;0;0;0;0;0;0;0;0;0;0;0;0;0;0;0;0;0;0;0;0;0;0;0;0;0;0;0;0;0;0;0;0;0;0;0;0;0;0;0;0;0;0;0;0;0;0;0;0;0;0;0;0;0;0;0;0;0;5;1;3;1;0;1;4;2020-10-25 12:00:00;11562;0;53;18;34;0;-1;-1;-1;-1;-1;-1;-1;-1;-1;-1;-1;-1;-1;-1;1;0;0;0;0;0;0;0;-1;-1;-1;-1;-1;-1;-1;1;0;2;-1;-1;-1;-1;-1;-1;-1;-1;-1;-1;-1;-1;-1;35;70;76;88;100;54;82;100;75;8.49;0;0;3.79;Atmosfera;FK Vilnius;0.78;0.5;0.88;0.22;0.88;0.47;66;31;25;13;0;64;46;39;1.4;1.31;2.71;4452;18;Y;Y;Y;Y;Y;N;Y
1077506;1256;1240;2020;complete;57519;5;-1;37;39,66,76,83;1;4;5;7;14;21;-1;-1;-1;-1;-1;-1;-1;-1;-1;-1;-1;-1;-1;-1;-1;-1;-1;-1;0;0;0;0;0;0;0;0;0;0;0;0;0;0;0;0;0;0;0;0;0;0;0;0;0;0;0;0;0;0;0;0;0;0;0;0;0;0;0;0;0;0;0;0;0;0;0;0;0;0;0;0;0;0;0;0;0;0;0;0;0;0;0;0;0;0;0;0;5;1;1;0;3;3;2;2020-10-25 12:00:00;1240;0;84;12;46;0;-1;-1;-1;-1;-1;-1;-1;-1;-1;-1;-1;-1;-1;-1;1;0;0;0;0;0;0;0;-1;-1;-1;-1;-1;-1;-1;1;0;0;-1;-1;-1;-1;-1;-1;-1;-1;-1;-1;-1;-1;-1;28;62;84;100;100;45;89;89;73;10.38;0;0;4.17;Minija;Žalgiris II;1.2;0.9;1.33;0.67;1.24;1.06;73;39;17;0;0;77;77;64;2.07;1.56;3.63;4452;18;Y;Y;Y;Y;Y;N;Y
