ID;HOMEID;AWAYID;SEASON;STATUS;ROUNDID;GAME_WEEK;REVISED_GAME_WEEK;HOMEGOALS;AWAYGOALS;HOMEGOALCOUNT;AWAYGOALCOUNT;TOTALGOALCOUNT;TEAM_A_CORNERS;TEAM_B_CORNERS;TOTALCORNERCOUNT;TEAM_A_OFFSIDES;TEAM_B_OFFSIDES;TEAM_A_YELLOW_CARDS;TEAM_B_YELLOW_CARDS;TEAM_A_RED_CARDS;TEAM_B_RED_CARDS;TEAM_A_SHOTSONTARGET;TEAM_B_SHOTSONTARGET;TEAM_A_SHOTSOFFTARGET;TEAM_B_SHOTSOFFTARGET;TEAM_A_SHOTS;TEAM_B_SHOTS;TEAM_A_FOULS;TEAM_B_FOULS;TEAM_A_POSSESSION;TEAM_B_POSSESSION;TEAM_A_CARDS_NUM;TEAM_B_CARDS_NUM;ODDS_FT_1;ODDS_FT_X;ODDS_FT_2;ODDS_FT_OVER05;ODDS_FT_OVER15;ODDS_FT_OVER25;ODDS_FT_OVER35;ODDS_FT_OVER45;ODDS_FT_UNDER05;ODDS_FT_UNDER15;ODDS_FT_UNDER25;ODDS_FT_UNDER35;ODDS_FT_UNDER45;ODDS_BTTS_YES;ODDS_BTTS_NO;ODDS_TEAM_A_CS_YES;ODDS_TEAM_A_CS_NO;ODDS_TEAM_B_CS_YES;ODDS_TEAM_B_CS_NO;ODDS_DOUBLECHANCE_1X;ODDS_DOUBLECHANCE_12;ODDS_DOUBLECHANCE_X2;ODDS_1ST_HALF_RESULT_1;ODDS_1ST_HALF_RESULT_X;ODDS_1ST_HALF_RESULT_2;ODDS_2ND_HALF_RESULT_1;ODDS_2ND_HALF_RESULT_X;ODDS_2ND_HALF_RESULT_2;ODDS_DNB_1;ODDS_DNB_2;ODDS_CORNERS_OVER_75;ODDS_CORNERS_OVER_85;ODDS_CORNERS_OVER_95;ODDS_CORNERS_OVER_105;ODDS_CORNERS_OVER_115;ODDS_CORNERS_UNDER_75;ODDS_CORNERS_UNDER_85;ODDS_CORNERS_UNDER_95;ODDS_CORNERS_UNDER_105;ODDS_CORNERS_UNDER_115;ODDS_CORNERS_1;ODDS_CORNERS_X;ODDS_CORNERS_2;ODDS_TEAM_TO_SCORE_FIRST_1;ODDS_TEAM_TO_SCORE_FIRST_X;ODDS_TEAM_TO_SCORE_FIRST_2;ODDS_WIN_TO_NIL_1;ODDS_WIN_TO_NIL_2;ODDS_1ST_HALF_OVER05;ODDS_1ST_HALF_OVER15;ODDS_1ST_HALF_OVER25;ODDS_1ST_HALF_OVER35;ODDS_1ST_HALF_UNDER05;ODDS_1ST_HALF_UNDER15;ODDS_1ST_HALF_UNDER25;ODDS_1ST_HALF_UNDER35;ODDS_2ND_HALF_OVER05;ODDS_2ND_HALF_OVER15;ODDS_2ND_HALF_OVER25;ODDS_2ND_HALF_OVER35;ODDS_2ND_HALF_UNDER05;ODDS_2ND_HALF_UNDER15;ODDS_2ND_HALF_UNDER25;ODDS_2ND_HALF_UNDER35;ODDS_BTTS_1ST_HALF_YES;ODDS_BTTS_1ST_HALF_NO;ODDS_BTTS_2ND_HALF_YES;ODDS_BTTS_2ND_HALF_NO;OVERALLGOALCOUNT;HT_GOALS_TEAM_A;HT_GOALS_TEAM_B;GOALS_2HG_TEAM_A;GOALS_2HG_TEAM_B;GOALCOUNT_2HG;HTGOALCOUNT;DATE_UNIX;WINNINGTEAM;NO_HOME_AWAY;BTTS_POTENTIAL;BTTS_FHG_POTENTIAL;BTTS_2HG_POTENTIAL;GOALTIMINGDISABLED;CORNER_TIMINGS_RECORDED;CARD_TIMINGS_RECORDED;TEAM_A_FH_CORNERS;TEAM_B_FH_CORNERS;TEAM_A_2H_CORNERS;TEAM_B_2H_CORNERS;CORNER_FH_COUNT;CORNER_2H_COUNT;TEAM_A_FH_CARDS;TEAM_B_FH_CARDS;TEAM_A_2H_CARDS;TEAM_B_2H_CARDS;TOTAL_FH_CARDS;TOTAL_2H_CARDS;ATTACKS_RECORDED;TEAM_A_DANGEROUS_ATTACKS;TEAM_B_DANGEROUS_ATTACKS;TEAM_A_ATTACKS;TEAM_B_ATTACKS;TEAM_A_XG;TEAM_B_XG;TOTAL_XG;TEAM_A_PENALTIES_WON;TEAM_B_PENALTIES_WON;TEAM_A_PENALTY_GOALS;TEAM_B_PENALTY_GOALS;TEAM_A_PENALTY_MISSED;TEAM_B_PENALTY_MISSED;PENS_RECORDED;GOAL_TIMINGS_RECORDED;TEAM_A_0_10_MIN_GOALS;TEAM_B_0_10_MIN_GOALS;TEAM_A_CORNERS_0_10_MIN;TEAM_B_CORNERS_0_10_MIN;TEAM_A_CARDS_0_10_MIN;TEAM_B_CARDS_0_10_MIN;THROWINS_RECORDED;TEAM_A_THROWINS;TEAM_B_THROWINS;FREEKICKS_RECORDED;TEAM_A_FREEKICKS;TEAM_B_FREEKICKS;GOALKICKS_RECORDED;TEAM_A_GOALKICKS;TEAM_B_GOALKICKS;O45_POTENTIAL;O35_POTENTIAL;O25_POTENTIAL;O15_POTENTIAL;O05_POTENTIAL;O15HT_POTENTIAL;O05HT_POTENTIAL;O05_2H_POTENTIAL;O15_2H_POTENTIAL;CORNERS_POTENTIAL;OFFSIDES_POTENTIAL;CARDS_POTENTIAL;AVG_POTENTIAL;HOME_NAME;AWAY_NAME;HOME_PPG;AWAY_PPG;PRE_MATCH_HOME_PPG;PRE_MATCH_AWAY_PPG;PRE_MATCH_TEAMA_OVERALL_PPG;PRE_MATCH_TEAMB_OVERALL_PPG;U45_POTENTIAL;U35_POTENTIAL;U25_POTENTIAL;U15_POTENTIAL;U05_POTENTIAL;CORNERS_O85_POTENTIAL;CORNERS_O95_POTENTIAL;CORNERS_O105_POTENTIAL;TEAM_A_XG_PREMATCH;TEAM_B_XG_PREMATCH;TOTAL_XG_PREMATCH;COMPETITION_ID;MATCHES_COMPLETED_MINIMUM;OVER05;OVER15;OVER25;OVER35;OVER45;OVER55;BTTS
74413;85;1232;2016;complete;362;1;-1;46,57;;2;0;2;5;4;9;3;3;2;4;0;0;3;3;7;5;10;8;9;14;51;49;2;4;0;0;0;0;0;0;0;0;0;0;0;0;0;0;0;0;0;0;0;0;0;0;0;0;0;0;0;0;0;0;0;0;0;0;0;0;0;0;0;0;0;0;0;0;0;0;0;0;0;0;0;0;0;0;0;0;0;0;0;0;0;0;0;0;0;0;0;0;2;0;0;2;0;2;0;2016-03-02 16:10:00;85;0;0;0;0;0;-1;1;-1;-1;-1;-1;-1;-1;2;3;0;1;5;1;-1;0;0;0;0;0;0;0;0;0;0;0;0;0;1;1;0;0;-1;-1;0;0;-1;-1;-1;-1;-1;-1;-1;-1;-1;0;0;0;0;0;0;0;0;0;0;0;0;0;Žalgiris;Trakai;2.41;1.94;0;0;0;0;0;0;0;0;0;0;0;0;0;0;0;259;33;Y;Y;N;N;N;N;N
74414;1227;1231;2016;complete;362;1;-1;22,70;5,35,62;2;3;5;10;7;17;3;7;0;0;0;0;2;4;7;12;9;16;13;8;56;44;0;0;0;0;0;0;0;0;0;0;0;0;0;0;0;0;0;0;0;0;0;0;0;0;0;0;0;0;0;0;0;0;0;0;0;0;0;0;0;0;0;0;0;0;0;0;0;0;0;0;0;0;0;0;0;0;0;0;0;0;0;0;0;0;0;0;0;0;0;0;5;1;2;1;1;2;3;2016-03-05 11:00:00;1231;0;0;0;0;0;-1;-1;-1;-1;-1;-1;-1;-1;0;0;0;0;0;0;-1;0;0;0;0;0;0;0;0;0;0;0;0;0;1;1;0;1;-1;-1;-1;-1;-1;-1;-1;-1;-1;-1;-1;-1;-1;0;0;0;0;0;0;0;0;0;0;0;0;0;Utenis Utena;Kauno Žalgiris;0.79;0.57;0;0;0;0;0;0;0;0;0;0;0;0;0;0;0;259;28;Y;Y;Y;Y;Y;N;Y
74415;1233;1229;2016;complete;362;1;-1;64,74;;2;0;2;11;7;18;1;4;0;0;0;0;8;6;10;0;18;6;15;13;50;50;0;0;0;0;0;0;0;0;0;0;0;0;0;0;0;0;0;0;0;0;0;0;0;0;0;0;0;0;0;0;0;0;0;0;0;0;0;0;0;0;0;0;0;0;0;0;0;0;0;0;0;0;0;0;0;0;0;0;0;0;0;0;0;0;0;0;0;0;0;0;2;0;0;2;0;2;0;2016-03-05 13:00:00;1233;0;0;0;0;0;-1;-1;-1;-1;-1;-1;-1;-1;0;0;0;0;0;0;-1;0;0;0;0;0;0;0;0;0;0;0;0;0;1;1;0;0;-1;-1;-1;-1;-1;-1;-1;-1;-1;-1;-1;-1;-1;0;0;0;0;0;0;0;0;0;0;0;0;0;Atlantas;Stumbras;1.94;0.94;0;0;0;0;0;0;0;0;0;0;0;0;0;0;0;259;33;Y;Y;N;N;N;N;N
74416;1228;1230;2016;complete;362;1;-1;24;84;1;1;2;0;15;15;4;0;2;3;0;0;5;7;2;6;7;13;17;16;36;64;2;3;0;0;0;0;0;0;0;0;0;0;0;0;0;0;0;0;0;0;0;0;0;0;0;0;0;0;0;0;0;0;0;0;0;0;0;0;0;0;0;0;0;0;0;0;0;0;0;0;0;0;0;0;0;0;0;0;0;0;0;0;0;0;0;0;0;0;0;0;2;1;0;0;1;1;1;2016-03-06 11:00:00;-1;0;0;0;0;0;-1;1;-1;-1;-1;-1;-1;-1;1;1;1;2;2;3;-1;0;0;0;0;0;0;0;0;0;0;0;0;0;1;1;0;0;-1;-1;0;0;-1;-1;-1;-1;-1;-1;-1;-1;-1;0;0;0;0;0;0;0;0;0;0;0;0;0;Jonava;Sūduva;1.06;1.38;0;0;0;0;0;0;0;0;0;0;0;0;0;0;0;259;33;Y;Y;N;N;N;N;Y
74417;1230;1233;2016;complete;362;2;-1;53;;1;0;1;7;5;12;3;4;1;3;0;1;4;2;3;7;7;9;16;17;52;48;1;4;0;0;0;0;0;0;0;0;0;0;0;0;0;0;0;0;0;0;0;0;0;0;0;0;0;0;0;0;0;0;0;0;0;0;0;0;0;0;0;0;0;0;0;0;0;0;0;0;0;0;0;0;0;0;0;0;0;0;0;0;0;0;0;0;0;0;0;0;1;0;0;1;0;1;0;2016-03-09 16:10:00;1230;0;0;0;0;0;-1;1;-1;-1;-1;-1;-1;-1;0;1;1;3;1;4;-1;0;0;0;0;0;0;0;0;0;0;0;0;0;1;1;0;0;-1;-1;0;0;-1;-1;-1;-1;-1;-1;-1;-1;-1;0;0;0;0;0;0;0;0;0;0;0;0;0;Sūduva;Atlantas;2.12;1.47;0;0;1;3;0;0;0;0;0;0;0;0;0;0;0;259;33;Y;N;N;N;N;N;N
74418;1229;85;2016;complete;362;2;-1;8,53,83;2,9,19,32,37,78;3;6;9;2;2;4;1;4;4;1;0;0;4;9;1;7;5;16;6;11;36;64;4;1;0;0;0;0;0;0;0;0;0;0;0;0;0;0;0;0;0;0;0;0;0;0;0;0;0;0;0;0;0;0;0;0;0;0;0;0;0;0;0;0;0;0;0;0;0;0;0;0;0;0;0;0;0;0;0;0;0;0;0;0;0;0;0;0;0;0;0;0;9;1;5;2;1;3;6;2016-03-12 11:00:00;85;0;0;0;0;0;-1;1;-1;-1;-1;-1;-1;-1;1;0;3;1;1;4;-1;0;0;0;0;0;0;0;0;0;0;0;0;0;1;1;1;2;-1;-1;0;0;-1;-1;-1;-1;-1;-1;-1;-1;-1;0;0;0;0;0;0;0;0;0;0;0;0;0;Stumbras;Žalgiris;1.06;2.19;0;0;0;3;0;0;0;0;0;0;0;0;0;0;0;259;33;Y;Y;Y;Y;Y;Y;Y
74419;1227;1228;2016;complete;362;2;-1;;16;0;1;1;6;3;9;3;0;2;1;1;0;5;2;8;6;13;8;21;6;55;45;4;1;0;0;0;0;0;0;0;0;0;0;0;0;0;0;0;0;0;0;0;0;0;0;0;0;0;0;0;0;0;0;0;0;0;0;0;0;0;0;0;0;0;0;0;0;0;0;0;0;0;0;0;0;0;0;0;0;0;0;0;0;0;0;0;0;0;0;0;0;1;0;1;0;0;0;1;2016-03-13 11:00:00;1228;0;50;50;50;0;-1;1;-1;-1;-1;-1;-1;-1;2;0;1;1;2;2;-1;0;0;0;0;0;0;0;0;0;0;0;0;0;1;1;0;0;-1;-1;0;0;-1;-1;-1;-1;-1;-1;-1;-1;-1;50;50;50;50;50;50;50;50;50;10;3;0;2.5;Utenis Utena;Jonava;0.79;0.88;0;0;0;1;0;0;0;0;0;50;50;50;0;0;0;259;28;Y;N;N;N;N;N;N
74420;1231;1232;2016;complete;362;2;-1;;34,66;0;2;2;3;9;12;4;2;1;3;0;0;2;4;7;3;9;7;16;19;43;57;1;3;0;0;0;0;0;0;0;0;0;0;0;0;0;0;0;0;0;0;0;0;0;0;0;0;0;0;0;0;0;0;0;0;0;0;0;0;0;0;0;0;0;0;0;0;0;0;0;0;0;0;0;0;0;0;0;0;0;0;0;0;0;0;0;0;0;0;0;0;2;0;1;0;1;1;1;2016-03-13 13:00:00;1232;0;0;0;0;0;-1;1;-1;-1;-1;-1;-1;-1;0;1;1;2;1;3;-1;0;0;0;0;0;0;0;0;0;0;0;0;0;1;1;0;0;-1;-1;0;0;-1;-1;-1;-1;-1;-1;-1;-1;-1;0;0;0;50;50;0;0;50;50;4;3;4;1;Kauno Žalgiris;Trakai;0.5;1.94;0;0;3;0;50;50;50;0;0;50;0;0;0;0;0;259;28;Y;Y;N;N;N;N;N
74421;85;1230;2016;complete;362;3;-1;50,79,90;16,69;3;2;5;7;6;13;2;5;3;3;0;0;6;4;3;4;9;8;20;15;54;46;3;3;0;0;0;0;0;0;0;0;0;0;0;0;0;0;0;0;0;0;0;0;0;0;0;0;0;0;0;0;0;0;0;0;0;0;0;0;0;0;0;0;0;0;0;0;0;0;0;0;0;0;0;0;0;0;0;0;0;0;0;0;0;0;0;0;0;0;0;0;5;0;1;3;1;4;1;2016-03-16 16:10:00;85;0;50;0;0;0;-1;1;-1;-1;-1;-1;-1;-1;0;1;3;2;1;5;-1;0;0;0;0;0;0;0;1;0;1;0;0;0;1;1;0;0;-1;-1;0;0;-1;-1;-1;-1;-1;-1;-1;-1;-1;0;0;0;100;100;0;50;100;50;20;3;5;2;Žalgiris;Sūduva;2.41;1.38;3;1;3;2;100;100;100;0;0;100;50;50;0;0;0;259;33;Y;Y;Y;Y;Y;N;Y
74422;1233;1227;2016;complete;362;3;-1;64;;1;0;1;9;7;16;5;0;0;2;0;0;11;4;13;2;24;6;6;13;58;42;0;2;0;0;0;0;0;0;0;0;0;0;0;0;0;0;0;0;0;0;0;0;0;0;0;0;0;0;0;0;0;0;0;0;0;0;0;0;0;0;0;0;0;0;0;0;0;0;0;0;0;0;0;0;0;0;0;0;0;0;0;0;0;0;0;0;0;0;0;0;1;0;0;1;0;1;0;2016-03-16 17:30:00;1233;0;0;0;0;0;-1;1;-1;-1;-1;-1;-1;-1;0;1;0;1;1;1;-1;0;0;0;0;0;0;0;0;0;0;0;0;0;1;1;0;0;-1;-1;0;0;-1;-1;-1;-1;-1;-1;-1;-1;-1;0;0;0;50;50;0;0;50;50;11;1;0;1;Atlantas;Utenis Utena;1.94;0.36;3;0;1.5;0;50;50;50;0;0;50;50;50;0;0;0;259;28;Y;N;N;N;N;N;N
74423;1228;1231;2016;complete;362;3;-1;54,86;25,33;2;2;4;2;2;4;0;2;1;3;0;0;3;3;3;5;6;8;16;19;58;42;1;3;0;0;0;0;0;0;0;0;0;0;0;0;0;0;0;0;0;0;0;0;0;0;0;0;0;0;0;0;0;0;0;0;0;0;0;0;0;0;0;0;0;0;0;0;0;0;0;0;0;0;0;0;0;0;0;0;0;0;0;0;0;0;0;0;0;0;0;0;4;0;2;2;0;2;2;2016-03-17 16:00:00;-1;0;100;50;50;0;-1;1;-1;-1;-1;-1;-1;-1;0;2;1;1;2;2;-1;0;0;0;0;0;0;0;1;0;1;0;0;0;1;1;0;0;-1;-1;0;0;-1;-1;-1;-1;-1;-1;-1;-1;-1;50;50;50;100;100;50;100;100;50;7;11;2;3.5;Jonava;Kauno Žalgiris;1.06;0.57;1;3;2;1.5;50;50;50;0;0;100;100;100;0;0;0;259;28;Y;Y;Y;Y;N;N;Y
74424;1232;1229;2016;complete;362;3;-1;13,49,72;38,50;3;2;5;6;2;8;1;4;0;0;0;0;2;4;6;4;8;8;14;14;61;39;0;0;0;0;0;0;0;0;0;0;0;0;0;0;0;0;0;0;0;0;0;0;0;0;0;0;0;0;0;0;0;0;0;0;0;0;0;0;0;0;0;0;0;0;0;0;0;0;0;0;0;0;0;0;0;0;0;0;0;0;0;0;0;0;0;0;0;0;0;0;5;1;1;2;1;3;2;2016-03-17 17:30:00;1232;0;0;0;0;0;-1;-1;-1;-1;-1;-1;-1;-1;0;0;0;0;0;0;-1;0;0;0;0;0;0;0;0;0;0;0;0;0;1;1;0;0;-1;-1;-1;-1;-1;-1;-1;-1;-1;-1;-1;-1;-1;0;0;0;50;50;0;0;50;50;7;4;0;1;Trakai;Stumbras;2.12;0.94;0;0;1.5;0;50;50;50;0;0;50;50;50;0;0;0;259;33;Y;Y;Y;Y;Y;N;Y
74425;1227;85;2016;complete;362;4;-1;;78;0;1;1;2;10;12;2;4;1;1;0;0;3;4;3;12;6;16;14;9;36;64;1;1;0;0;0;0;0;0;0;0;0;0;0;0;0;0;0;0;0;0;0;0;0;0;0;0;0;0;0;0;0;0;0;0;0;0;0;0;0;0;0;0;0;0;0;0;0;0;0;0;0;0;0;0;0;0;0;0;0;0;0;0;0;0;0;0;0;0;0;0;1;0;0;0;1;1;0;2016-03-19 12:00:00;85;0;75;75;75;0;-1;1;-1;-1;-1;-1;-1;-1;1;0;0;1;1;1;-1;0;0;0;0;0;0;0;0;0;0;0;0;0;1;1;0;0;-1;-1;0;0;-1;-1;-1;-1;-1;-1;-1;-1;-1;75;75;75;75;100;75;100;75;75;10;7;3;6;Utenis Utena;Žalgiris;0.79;2.19;0;3;0;3;25;25;25;25;0;50;25;25;0;0;0;259;28;Y;N;N;N;N;N;N
74426;1228;1233;2016;complete;362;4;-1;;82;0;1;1;5;10;15;0;3;0;2;0;0;5;7;3;8;8;15;17;21;42;58;0;2;0;0;0;0;0;0;0;0;0;0;0;0;0;0;0;0;0;0;0;0;0;0;0;0;0;0;0;0;0;0;0;0;0;0;0;0;0;0;0;0;0;0;0;0;0;0;0;0;0;0;0;0;0;0;0;0;0;0;0;0;0;0;0;0;0;0;0;0;1;0;0;0;1;1;0;2016-03-20 12:00:00;1233;0;50;0;0;0;-1;1;-1;-1;-1;-1;-1;-1;0;2;0;0;2;0;-1;0;0;0;0;0;0;0;0;0;0;0;0;0;1;1;0;0;-1;-1;0;0;-1;-1;-1;-1;-1;-1;-1;-1;-1;0;25;25;50;100;25;50;100;25;6;6;5.5;2;Jonava;Atlantas;1.06;1.47;1;0;1.67;2;100;75;75;50;0;75;75;75;0;0;0;259;33;Y;N;N;N;N;N;N
74427;1230;1232;2016;complete;362;4;-1;;17,48;0;2;2;7;1;8;1;6;0;1;0;0;8;6;8;4;16;10;5;13;64;36;0;1;0;0;0;0;0;0;0;0;0;0;0;0;0;0;0;0;0;0;0;0;0;0;0;0;0;0;0;0;0;0;0;0;0;0;0;0;0;0;0;0;0;0;0;0;0;0;0;0;0;0;0;0;0;0;0;0;0;0;0;0;0;0;0;0;0;0;0;0;2;0;1;0;1;1;1;2016-03-20 15:00:00;1232;0;0;0;0;0;-1;1;-1;-1;-1;-1;-1;-1;0;0;0;1;0;1;-1;0;0;0;0;0;0;0;0;0;0;0;0;0;1;1;0;0;-1;-1;0;0;-1;-1;-1;-1;-1;-1;-1;-1;-1;0;0;0;50;100;0;25;100;25;13.5;5.5;4.5;1.5;Sūduva;Trakai;2.12;1.94;3;1.5;1.33;2;100;100;100;50;0;100;75;75;0;0;0;259;33;Y;Y;N;N;N;N;N
74428;1231;1229;2016;complete;362;4;-1;62;73,86;1;2;3;2;8;10;0;4;2;1;0;0;2;3;5;4;7;7;20;11;44;56;2;1;0;0;0;0;0;0;0;0;0;0;0;0;0;0;0;0;0;0;0;0;0;0;0;0;0;0;0;0;0;0;0;0;0;0;0;0;0;0;0;0;0;0;0;0;0;0;0;0;0;0;0;0;0;0;0;0;0;0;0;0;0;0;0;0;0;0;0;0;3;0;0;1;2;3;0;2016-03-21 16:30:00;1229;0;25;25;25;0;-1;1;-1;-1;-1;-1;-1;-1;0;0;2;1;0;3;-1;0;0;0;0;0;0;0;0;0;0;0;0;0;1;1;0;0;-1;-1;0;0;-1;-1;-1;-1;-1;-1;-1;-1;-1;25;25;25;100;100;25;75;100;50;7.5;8;1;2.75;Kauno Žalgiris;Stumbras;0.5;0.94;0;0;1.33;0;75;75;75;0;0;75;75;75;0;0;0;259;28;Y;Y;Y;N;N;N;Y
74429;1232;1227;2016;complete;362;5;-1;36;;1;0;1;5;0;5;1;2;2;3;0;0;5;2;8;1;13;3;7;12;62;38;2;3;0;0;0;0;0;0;0;0;0;0;0;0;0;0;0;0;0;0;0;0;0;0;0;0;0;0;0;0;0;0;0;0;0;0;0;0;0;0;0;0;0;0;0;0;0;0;0;0;0;0;0;0;0;0;0;0;0;0;0;0;0;0;0;0;0;0;0;0;1;1;0;0;0;0;1;2016-03-30 15:00:00;1232;0;50;50;50;0;-1;1;-1;-1;-1;-1;-1;-1;1;1;1;2;2;3;-1;0;0;0;0;0;0;0;0;0;0;0;0;0;1;1;0;0;-1;-1;0;0;-1;-1;-1;-1;-1;-1;-1;-1;-1;50;50;50;50;100;50;50;100;50;13;1;2;3;Trakai;Utenis Utena;2.12;0.36;3;0;2.25;0;50;50;50;50;0;50;50;50;0;0;0;259;28;Y;N;N;N;N;N;N
74430;1233;1231;2016;complete;362;5;-1;9,15,68;63;3;1;4;14;2;16;8;3;1;1;0;0;6;0;9;2;15;2;10;12;50;50;1;1;0;0;0;0;0;0;0;0;0;0;0;0;0;0;0;0;0;0;0;0;0;0;0;0;0;0;0;0;0;0;0;0;0;0;0;0;0;0;0;0;0;0;0;0;0;0;0;0;0;0;0;0;0;0;0;0;0;0;0;0;0;0;0;0;0;0;0;0;4;2;0;1;1;2;2;2016-04-02 10:00:00;1233;0;50;25;25;0;-1;1;-1;-1;-1;-1;-1;-1;0;1;1;0;1;1;-1;0;0;0;0;0;0;0;1;0;1;0;0;0;1;1;1;0;-1;-1;0;1;-1;-1;-1;-1;-1;-1;-1;-1;-1;25;50;50;75;100;50;50;100;75;14.5;7.5;1.5;3;Atlantas;Kauno Žalgiris;1.94;0.57;3;2;2.25;1;75;50;50;25;0;75;75;75;0;0;0;259;28;Y;Y;Y;Y;N;N;Y
74431;85;1228;2016;complete;362;5;-1;65,88;2,10;2;2;4;12;0;12;2;1;4;4;0;0;10;6;6;5;16;11;17;7;61;39;4;4;0;0;0;0;0;0;0;0;0;0;0;0;0;0;0;0;0;0;0;0;0;0;0;0;0;0;0;0;0;0;0;0;0;0;0;0;0;0;0;0;0;0;0;0;0;0;0;0;0;0;0;0;0;0;0;0;0;0;0;0;0;0;0;0;0;0;0;0;4;0;2;2;0;2;2;2016-04-02 12:00:00;-1;0;25;0;25;0;-1;1;-1;-1;-1;-1;-1;-1;0;1;4;3;1;7;-1;0;0;0;0;0;0;0;0;1;0;1;0;0;1;1;0;2;-1;-1;0;0;-1;-1;-1;-1;-1;-1;-1;-1;-1;25;25;25;50;100;0;75;50;50;9;2.5;3.5;2.25;Žalgiris;Jonava;2.41;0.88;3;3;3;1.25;75;75;75;50;0;100;25;25;0;0;0;259;33;Y;Y;Y;Y;N;N;Y
74432;1229;1230;2016;complete;362;5;-1;41,82;22,58,85;2;3;5;7;4;11;3;2;3;0;0;0;4;5;6;6;10;11;11;19;47;53;3;0;0;0;0;0;0;0;0;0;0;0;0;0;0;0;0;0;0;0;0;0;0;0;0;0;0;0;0;0;0;0;0;0;0;0;0;0;0;0;0;0;0;0;0;0;0;0;0;0;0;0;0;0;0;0;0;0;0;0;0;0;0;0;0;0;0;0;0;0;5;1;1;1;2;3;2;2016-04-03 11:00:00;1230;0;100;50;75;0;-1;1;-1;-1;-1;-1;-1;-1;1;0;2;0;1;2;-1;0;0;0;0;0;0;0;0;0;0;0;0;0;1;1;0;0;-1;-1;0;0;-1;-1;-1;-1;-1;-1;-1;-1;-1;75;75;75;100;100;50;100;100;75;12.5;3.5;7;6.25;Stumbras;Sūduva;1.06;1.38;0;0.5;0.75;1;25;25;25;0;0;50;50;50;0;0;0;259;33;Y;Y;Y;Y;Y;N;Y
74433;1233;85;2016;complete;362;6;-1;59,74;90;2;1;3;7;8;15;2;1;2;0;0;0;7;2;4;4;11;6;18;10;39;61;2;0;0;0;0;0;0;0;0;0;0;0;0;0;0;0;0;0;0;0;0;0;0;0;0;0;0;0;0;0;0;0;0;0;0;0;0;0;0;0;0;0;0;0;0;0;0;0;0;0;0;0;0;0;0;0;0;0;0;0;0;0;0;0;0;0;0;0;0;0;3;0;0;2;1;3;0;2016-04-06 15:00:00;1233;0;42;25;42;0;-1;1;-1;-1;-1;-1;-1;-1;1;0;1;0;1;1;-1;0;0;0;0;0;0;0;0;0;0;0;0;0;1;1;0;0;-1;-1;0;0;-1;-1;-1;-1;-1;-1;-1;-1;-1;25;42;42;59;100;42;42;100;59;17.33;8.67;1.33;3.67;Atlantas;Žalgiris;1.94;2.19;3;3;2.4;2.6;75;59;59;42;0;75;75;75;0;0;0;259;33;Y;Y;Y;N;N;N;Y
74434;1227;1229;2016;complete;362;6;-1;69;;1;0;1;4;5;9;1;3;3;1;0;0;9;6;3;6;12;12;9;3;53;47;3;1;0;0;0;0;0;0;0;0;0;0;0;0;0;0;0;0;0;0;0;0;0;0;0;0;0;0;0;0;0;0;0;0;0;0;0;0;0;0;0;0;0;0;0;0;0;0;0;0;0;0;0;0;0;0;0;0;0;0;0;0;0;0;0;0;0;0;0;0;1;0;0;1;0;1;0;2016-04-09 11:00:00;1227;0;50;33;50;0;-1;1;-1;-1;-1;-1;-1;-1;0;0;3;1;0;4;-1;0;0;0;0;0;0;0;0;0;0;0;0;0;1;1;0;0;-1;-1;0;0;-1;-1;-1;-1;-1;-1;-1;-1;-1;33;33;50;67;100;33;50;84;67;11.67;6.67;2;2.83;Utenis Utena;Stumbras;0.79;0.94;0;1;0;0.6;67;67;50;34;0;84;67;50;0;0;0;259;28;Y;N;N;N;N;N;N
74435;1231;1230;2016;complete;362;6;-1;74,87;48,75;2;2;4;5;0;5;2;3;3;3;0;0;5;6;2;3;7;9;11;9;41;59;3;3;0;0;0;0;0;0;0;0;0;0;0;0;0;0;0;0;0;0;0;0;0;0;0;0;0;0;0;0;0;0;0;0;0;0;0;0;0;0;0;0;0;0;0;0;0;0;0;0;0;0;0;0;0;0;0;0;0;0;0;0;0;0;0;0;0;0;0;0;4;0;0;2;2;4;0;2016-04-10 11:00:00;-1;0;75;17;59;0;-1;1;-1;-1;-1;-1;-1;-1;1;2;2;1;3;3;-1;0;0;0;0;0;0;0;0;0;0;0;0;0;1;1;0;0;-1;-1;0;0;-1;-1;-1;-1;-1;-1;-1;-1;-1;34;34;59;100;100;17;75;100;59;10.83;4.33;3.5;3.25;Kauno Žalgiris;Sūduva;0.5;1.38;0;1.33;0.8;1.4;67;67;42;0;0;100;100;75;0;0;0;259;28;Y;Y;Y;Y;N;N;Y
74436;1228;1232;2016;complete;362;6;-1;;72;0;1;1;3;12;15;0;1;4;2;0;0;3;11;2;6;5;17;23;21;33;67;4;2;0;0;0;0;0;0;0;0;0;0;0;0;0;0;0;0;0;0;0;0;0;0;0;0;0;0;0;0;0;0;0;0;0;0;0;0;0;0;0;0;0;0;0;0;0;0;0;0;0;0;0;0;0;0;0;0;0;0;0;0;0;0;0;0;0;0;0;0;1;0;0;0;1;1;0;2016-04-10 14:30:00;1232;0;34;0;0;0;-1;1;-1;-1;-1;-1;-1;-1;1;1;3;1;2;4;-1;0;0;0;0;0;0;0;0;0;0;0;0;0;1;1;0;0;-1;-1;0;0;-1;-1;-1;-1;-1;-1;-1;-1;-1;0;17;17;84;100;17;67;100;33;7;5;3.67;2.17;Jonava;Trakai;1.06;1.94;0.67;2;1.2;2.4;100;84;84;17;0;67;50;50;0;0;0;259;33;Y;N;N;N;N;N;N
74437;1229;1228;2016;complete;362;7;-1;20,76;;2;0;2;3;2;5;4;1;0;2;0;0;4;0;7;4;11;4;24;14;45;55;0;2;0;0;0;0;0;0;0;0;0;0;0;0;0;0;0;0;0;0;0;0;0;0;0;0;0;0;0;0;0;0;0;0;0;0;0;0;0;0;0;0;0;0;0;0;0;0;0;0;0;0;0;0;0;0;0;0;0;0;0;0;0;0;0;0;0;0;0;0;2;1;0;1;0;1;1;2016-04-16 11:00:00;1229;0;75;50;50;0;-1;1;-1;-1;-1;-1;-1;-1;0;1;0;1;1;1;-1;0;0;0;0;0;0;0;0;0;0;0;0;0;1;1;0;0;-1;-1;0;0;-1;-1;-1;-1;-1;-1;-1;-1;-1;50;75;75;75;100;75;100;75;75;6;2.5;6;4.75;Stumbras;Jonava;1.06;0.88;0;2;0.5;1;50;25;25;25;0;75;50;50;0;0;0;259;33;Y;Y;N;N;N;N;N
74438;85;1231;2016;complete;362;7;-1;28,56,79;;3;0;3;5;1;6;3;1;2;2;0;2;10;4;8;4;18;8;22;9;64;36;2;5;0;0;0;0;0;0;0;0;0;0;0;0;0;0;0;0;0;0;0;0;0;0;0;0;0;0;0;0;0;0;0;0;0;0;0;0;0;0;0;0;0;0;0;0;0;0;0;0;0;0;0;0;0;0;0;0;0;0;0;0;0;0;0;0;0;0;0;0;3;1;0;2;0;2;1;2016-04-16 13:00:00;85;0;84;17;50;0;-1;1;-1;-1;-1;-1;-1;-1;0;1;2;3;1;5;-1;0;0;0;0;0;0;0;1;0;1;0;0;0;1;1;0;0;-1;-1;0;0;-1;-1;-1;-1;-1;-1;-1;-1;-1;33;84;84;100;100;67;84;100;100;11.67;6.33;4.33;4;Žalgiris;Kauno Žalgiris;2.41;0.57;2.33;1.33;2.17;0.83;67;17;17;0;0;84;67;67;0;0;0;259;28;Y;Y;Y;N;N;N;N
74439;1230;1227;2016;complete;362;7;-1;71,78;86;2;1;3;9;2;11;6;1;1;3;0;0;10;4;6;8;16;12;10;16;60;40;1;3;0;0;0;0;0;0;0;0;0;0;0;0;0;0;0;0;0;0;0;0;0;0;0;0;0;0;0;0;0;0;0;0;0;0;0;0;0;0;0;0;0;0;0;0;0;0;0;0;0;0;0;0;0;0;0;0;0;0;0;0;0;0;0;0;0;0;0;0;3;0;0;2;1;3;0;2016-04-17 14:00:00;1230;0;0;0;0;0;-1;1;-1;-1;-1;-1;-1;-1;0;0;1;3;0;4;-1;0;0;0;0;0;0;0;0;0;0;0;0;0;1;1;0;0;-1;-1;0;0;-1;-1;-1;-1;-1;-1;-1;-1;-1;0;0;0;25;100;0;50;75;0;10.5;3;3;1.25;Sūduva;Utenis Utena;2.12;0.36;1.5;0;1.33;0.5;100;100;100;75;0;50;50;50;0;0;0;259;28;Y;Y;Y;N;N;N;Y
74440;1232;1233;2016;complete;362;7;-1;38,56;;2;0;2;2;3;5;4;1;0;3;0;0;2;5;2;6;4;11;16;17;47;53;0;3;0;0;0;0;0;0;0;0;0;0;0;0;0;0;0;0;0;0;0;0;0;0;0;0;0;0;0;0;0;0;0;0;0;0;0;0;0;0;0;0;0;0;0;0;0;0;0;0;0;0;0;0;0;0;0;0;0;0;0;0;0;0;0;0;0;0;0;0;2;1;0;1;0;1;1;2016-04-17 16:00:00;1232;0;25;25;25;0;-1;1;-1;-1;-1;-1;-1;-1;0;3;0;0;3;0;-1;0;0;0;0;0;0;0;0;0;0;0;0;0;1;1;0;0;-1;-1;0;0;-1;-1;-1;-1;-1;-1;-1;-1;-1;25;25;25;25;100;25;50;75;25;13;4.5;4;2;Trakai;Atlantas;2.12;1.47;3;1.5;2.5;2.5;75;75;75;75;0;50;50;50;0;0;0;259;33;Y;Y;N;N;N;N;N
74441;1232;85;2016;complete;362;8;-1;15;;1;0;1;6;2;8;1;3;0;0;0;0;4;7;2;9;6;16;8;20;43;57;0;0;0;0;0;0;0;0;0;0;0;0;0;0;0;0;0;0;0;0;0;0;0;0;0;0;0;0;0;0;0;0;0;0;0;0;0;0;0;0;0;0;0;0;0;0;0;0;0;0;0;0;0;0;0;0;0;0;0;0;0;0;0;0;0;0;0;0;0;0;1;1;0;0;0;0;1;2016-04-20 16:00:00;1232;0;50;33;50;0;-1;-1;-1;-1;-1;-1;-1;-1;0;0;0;0;0;0;-1;0;0;0;0;0;0;0;0;0;0;0;0;0;1;1;0;0;-1;-1;-1;-1;-1;-1;-1;-1;-1;-1;-1;-1;-1;33;33;50;67;100;33;67;84;50;11;5;1.34;3.5;Trakai;Žalgiris;2.12;2.19;3;2;2.57;2.29;67;67;50;33;0;34;34;34;0;0;0;259;33;Y;N;N;N;N;N;N
74442;1230;1228;2016;complete;362;8;-1;23,40,72;;3;0;3;8;1;9;0;1;1;3;0;0;3;3;7;0;10;3;15;13;56;44;1;3;0;0;0;0;0;0;0;0;0;0;0;0;0;0;0;0;0;0;0;0;0;0;0;0;0;0;0;0;0;0;0;0;0;0;0;0;0;0;0;0;0;0;0;0;0;0;0;0;0;0;0;0;0;0;0;0;0;0;0;0;0;0;0;0;0;0;0;0;3;2;0;1;0;1;2;2016-04-20 16:30:00;1230;0;33;0;17;0;-1;1;-1;-1;-1;-1;-1;-1;1;0;0;3;1;3;-1;0;0;0;0;0;0;0;0;0;0;0;0;0;1;1;0;0;-1;-1;0;0;-1;-1;-1;-1;-1;-1;-1;-1;-1;0;17;33;67;100;17;67;84;33;9.34;4;3;2.17;Sūduva;Jonava;2.12;0.88;2;1.33;1.57;0.86;100;84;67;33;0;67;50;50;0;0;0;259;33;Y;Y;Y;N;N;N;N
74443;1229;1233;2016;complete;362;8;-1;45,73;27,32,85;2;3;5;3;6;9;1;2;2;1;0;0;4;3;3;4;7;7;23;17;48;52;2;1;0;0;0;0;0;0;0;0;0;0;0;0;0;0;0;0;0;0;0;0;0;0;0;0;0;0;0;0;0;0;0;0;0;0;0;0;0;0;0;0;0;0;0;0;0;0;0;0;0;0;0;0;0;0;0;0;0;0;0;0;0;0;0;0;0;0;0;0;5;1;2;1;1;2;3;2016-04-21 15:30:00;1233;0;34;34;34;0;-1;1;-1;-1;-1;-1;-1;-1;0;1;2;0;1;2;-1;0;0;0;0;0;0;0;0;0;0;0;0;0;1;1;0;0;-1;-1;0;0;-1;-1;-1;-1;-1;-1;-1;-1;-1;34;34;34;67;100;34;67;100;34;10;5.34;5.33;3.33;Stumbras;Atlantas;1.06;1.47;1;1;0.86;2.14;67;67;67;34;0;50;50;50;0;0;0;259;33;Y;Y;Y;Y;Y;N;Y
74444;1231;1227;2016;complete;362;8;-1;84;45,53,77;1;3;4;6;4;10;6;4;0;0;0;0;3;5;5;10;8;15;4;10;42;58;0;0;0;0;0;0;0;0;0;0;0;0;0;0;0;0;0;0;0;0;0;0;0;0;0;0;0;0;0;0;0;0;0;0;0;0;0;0;0;0;0;0;0;0;0;0;0;0;0;0;0;0;0;0;0;0;0;0;0;0;0;0;0;0;0;0;0;0;0;0;4;0;1;1;2;3;1;2016-04-22 15:30:00;1227;0;50;0;50;0;-1;-1;-1;-1;-1;-1;-1;-1;0;0;0;0;0;0;-1;0;0;0;0;0;0;0;0;0;0;0;0;0;1;1;0;0;-1;-1;-1;-1;-1;-1;-1;-1;-1;-1;-1;-1;-1;0;17;50;67;100;0;33;84;50;6.33;3;4.67;2.34;Kauno Žalgiris;Utenis Utena;0.5;0.36;0.33;0;0.71;0.43;100;84;50;34;0;67;67;50;0;0;0;259;28;Y;Y;Y;Y;N;N;Y
74445;1228;1227;2016;complete;362;9;-1;21;;1;0;1;2;8;10;3;2;1;3;0;0;2;4;3;5;5;9;10;17;50;50;1;3;0;0;0;0;0;0;0;0;0;0;0;0;0;0;0;0;0;0;0;0;0;0;0;0;0;0;0;0;0;0;0;0;0;0;0;0;0;0;0;0;0;0;0;0;0;0;0;0;0;0;0;0;0;0;0;0;0;0;0;0;0;0;0;0;0;0;0;0;1;1;0;0;0;0;1;2016-04-26 15:00:00;1228;0;50;0;25;0;-1;1;-1;-1;-1;-1;-1;-1;1;2;0;1;3;1;-1;0;0;0;0;0;0;0;0;0;0;0;0;0;1;1;0;0;-1;-1;0;0;-1;-1;-1;-1;-1;-1;-1;-1;-1;0;25;38;50;100;13;50;88;38;5.75;2.75;3.75;2.13;Jonava;Utenis Utena;1.06;0.36;0.5;0.75;0.75;0.75;100;75;63;50;0;75;75;63;0;0;0;259;28;Y;N;N;N;N;N;N
74446;1233;1230;2016;complete;362;9;-1;82;56,57;1;2;3;9;5;14;5;1;2;2;0;0;5;2;8;6;13;8;13;13;56;44;2;2;0;0;0;0;0;0;0;0;0;0;0;0;0;0;0;0;0;0;0;0;0;0;0;0;0;0;0;0;0;0;0;0;0;0;0;0;0;0;0;0;0;0;0;0;0;0;0;0;0;0;0;0;0;0;0;0;0;0;0;0;0;0;0;0;0;0;0;0;3;0;0;1;2;3;0;2016-04-27 15:00:00;1230;0;75;13;63;0;-1;1;-1;-1;-1;-1;-1;-1;1;0;1;2;1;3;-1;0;0;0;0;0;0;0;1;0;1;0;0;0;1;1;0;0;-1;-1;0;0;-1;-1;-1;-1;-1;-1;-1;-1;-1;25;50;63;88;100;25;50;100;75;16.5;6.5;3;3.25;Atlantas;Sūduva;1.94;1.38;3;1.25;2.25;1.75;75;50;38;13;0;88;88;88;0;0;0;259;33;Y;Y;Y;N;N;N;Y
74447;85;1229;2016;complete;362;9;-1;45,90;;2;0;2;7;2;9;5;0;1;2;0;0;5;3;6;6;11;9;16;14;57;43;1;2;0;0;0;0;0;0;0;0;0;0;0;0;0;0;0;0;0;0;0;0;0;0;0;0;0;0;0;0;0;0;0;0;0;0;0;0;0;0;0;0;0;0;0;0;0;0;0;0;0;0;0;0;0;0;0;0;0;0;0;0;0;0;0;0;0;0;0;0;2;1;0;1;0;1;1;2016-04-27 16:30:00;85;0;50;13;38;0;-1;1;-1;-1;-1;-1;-1;-1;0;1;1;1;1;2;-1;0;0;0;0;0;0;0;1;0;1;0;0;0;1;1;0;0;-1;-1;0;0;-1;-1;-1;-1;-1;-1;-1;-1;-1;25;38;63;88;100;25;50;100;88;12.75;6.25;3.25;3.13;Žalgiris;Stumbras;2.41;0.94;2.5;0.75;2;0.75;75;63;38;13;0;75;50;38;0;0;0;259;33;Y;Y;N;N;N;N;N
74448;1232;1231;2016;complete;362;9;-1;;;0;0;0;11;4;15;4;2;2;1;0;0;4;8;10;3;14;11;15;16;63;37;2;1;0;0;0;0;0;0;0;0;0;0;0;0;0;0;0;0;0;0;0;0;0;0;0;0;0;0;0;0;0;0;0;0;0;0;0;0;0;0;0;0;0;0;0;0;0;0;0;0;0;0;0;0;0;0;0;0;0;0;0;0;0;0;0;0;0;0;0;0;0;0;0;0;0;0;0;2016-04-28 15:30:00;-1;0;50;25;38;0;-1;1;-1;-1;-1;-1;-1;-1;0;1;2;0;1;2;-1;0;0;0;0;0;0;0;0;0;0;0;0;0;1;1;0;0;-1;-1;0;0;-1;-1;-1;-1;-1;-1;-1;-1;-1;25;50;63;75;100;50;100;75;63;7.75;5;2.75;3.13;Trakai;Kauno Žalgiris;2.12;0.57;3;1;2.63;0.63;75;50;38;25;0;25;25;25;0;0;0;259;28;N;N;N;N;N;N;N
74449;1229;1232;2016;complete;362;10;-1;;;0;0;0;2;5;7;3;2;1;1;0;0;4;4;5;4;9;8;18;16;47;53;1;1;0;0;0;0;0;0;0;0;0;0;0;0;0;0;0;0;0;0;0;0;0;0;0;0;0;0;0;0;0;0;0;0;0;0;0;0;0;0;0;0;0;0;0;0;0;0;0;0;0;0;0;0;0;0;0;0;0;0;0;0;0;0;0;0;0;0;0;0;0;0;0;0;0;0;0;2016-05-03 15:30:00;-1;0;38;38;38;0;-1;1;-1;-1;-1;-1;-1;-1;0;0;1;1;0;2;-1;0;0;0;0;0;0;0;0;0;0;0;0;0;1;1;0;0;-1;-1;0;0;-1;-1;-1;-1;-1;-1;-1;-1;-1;38;38;38;88;100;38;75;100;50;10.25;5.25;4.75;3.5;Stumbras;Trakai;1.06;1.94;0.75;2.25;0.67;2.44;63;63;63;13;0;63;38;38;0;0;0;259;33;N;N;N;N;N;N;N
74450;1230;85;2016;complete;362;10;-1;25;;1;0;1;2;9;11;3;0;1;0;0;0;0;6;5;9;5;15;10;13;34;66;1;0;0;0;0;0;0;0;0;0;0;0;0;0;0;0;0;0;0;0;0;0;0;0;0;0;0;0;0;0;0;0;0;0;0;0;0;0;0;0;0;0;0;0;0;0;0;0;0;0;0;0;0;0;0;0;0;0;0;0;0;0;0;0;0;0;0;0;0;0;1;1;0;0;0;0;1;2016-05-04 15:10:00;1230;0;38;13;38;0;-1;1;-1;-1;-1;-1;-1;-1;1;0;0;0;1;0;-1;0;0;0;0;0;0;0;0;0;0;0;0;0;1;1;0;0;-1;-1;0;0;-1;-1;-1;-1;-1;-1;-1;-1;-1;13;13;50;63;100;25;50;88;38;13.25;5.5;1.25;2.88;Sūduva;Žalgiris;2.12;2.19;2.25;1.5;1.89;2.11;88;88;50;38;0;63;50;50;0;0;0;259;33;Y;N;N;N;N;N;N
74451;1231;1228;2016;complete;362;10;-1;78;7,54,58,62,85;1;5;6;4;7;11;4;4;3;2;0;0;5;4;8;4;13;8;15;17;52;48;3;2;0;0;0;0;0;0;0;0;0;0;0;0;0;0;0;0;0;0;0;0;0;0;0;0;0;0;0;0;0;0;0;0;0;0;0;0;0;0;0;0;0;0;0;0;0;0;0;0;0;0;0;0;0;0;0;0;0;0;0;0;0;0;0;0;0;0;0;0;6;0;1;1;4;5;1;2016-05-04 16:30:00;1228;0;50;0;38;0;-1;1;-1;-1;-1;-1;-1;-1;1;0;2;2;1;4;-1;0;0;0;0;0;0;0;1;0;1;0;0;0;1;1;0;1;-1;-1;0;0;-1;-1;-1;-1;-1;-1;-1;-1;-1;0;38;63;88;100;25;75;88;50;5.5;3.75;4;2.88;Kauno Žalgiris;Jonava;0.5;0.88;0.25;1;0.67;1;100;63;38;13;0;75;50;25;0;0;0;259;28;Y;Y;Y;Y;Y;Y;Y
74452;1227;1233;2016;complete;362;10;-1;;28,42;0;2;2;4;7;11;1;1;2;2;0;0;2;10;2;3;4;13;17;12;47;53;2;2;0;0;0;0;0;0;0;0;0;0;0;0;0;0;0;0;0;0;0;0;0;0;0;0;0;0;0;0;0;0;0;0;0;0;0;0;0;0;0;0;0;0;0;0;0;0;0;0;0;0;0;0;0;0;0;0;0;0;0;0;0;0;0;0;0;0;0;0;2;0;2;0;0;0;2;2016-05-05 15:00:00;1233;0;25;25;25;0;-1;1;-1;-1;-1;-1;-1;-1;1;1;1;1;2;2;-1;0;0;0;0;0;0;0;0;0;0;0;0;0;1;1;0;0;-1;-1;0;0;-1;-1;-1;-1;-1;-1;-1;-1;-1;25;25;25;38;100;25;50;88;25;11.5;4.75;4.5;2.13;Utenis Utena;Atlantas;0.79;1.47;0.75;1.5;0.67;2;75;75;75;63;0;88;50;50;0;0;0;259;28;Y;Y;N;N;N;N;N
74453;1232;1230;2016;complete;362;11;-1;2,31,51;68;3;1;4;1;4;5;3;3;0;1;0;0;3;4;9;7;12;11;19;9;50;50;0;1;0;0;0;0;0;0;0;0;0;0;0;0;0;0;0;0;0;0;0;0;0;0;0;0;0;0;0;0;0;0;0;0;0;0;0;0;0;0;0;0;0;0;0;0;0;0;0;0;0;0;0;0;0;0;0;0;0;0;0;0;0;0;0;0;0;0;0;0;4;2;0;1;1;2;2;2016-05-07 14:00:00;1232;0;60;20;50;0;-1;1;-1;-1;-1;-1;-1;-1;0;0;0;1;0;1;-1;0;0;0;0;0;0;0;0;0;0;0;0;0;1;1;1;0;-1;-1;0;0;-1;-1;-1;-1;-1;-1;-1;-1;-1;30;40;50;70;90;20;70;70;50;12;4.4;3;2.8;Trakai;Sūduva;2.12;1.38;2.6;1.6;2.3;2;70;60;50;30;10;50;50;50;0;0;0;259;33;Y;Y;Y;Y;N;N;Y
74454;85;1227;2016;complete;362;11;-1;52,90;;2;0;2;18;2;20;7;0;2;1;0;0;11;5;8;5;19;10;11;16;62;38;2;1;0;0;0;0;0;0;0;0;0;0;0;0;0;0;0;0;0;0;0;0;0;0;0;0;0;0;0;0;0;0;0;0;0;0;0;0;0;0;0;0;0;0;0;0;0;0;0;0;0;0;0;0;0;0;0;0;0;0;0;0;0;0;0;0;0;0;0;0;2;0;0;2;0;2;0;2016-05-08 12:00:00;85;0;40;0;30;0;-1;1;-1;-1;-1;-1;-1;-1;1;1;1;0;2;1;-1;0;0;0;0;0;0;0;0;0;0;0;0;0;1;1;0;0;-1;-1;0;0;-1;-1;-1;-1;-1;-1;-1;-1;-1;10;30;50;70;100;10;70;80;60;11.4;4.8;4.6;2.6;Žalgiris;Utenis Utena;2.41;0.36;2.6;0.6;1.9;0.6;90;70;50;30;0;80;60;40;0;0;0;259;28;Y;Y;N;N;N;N;N
74455;1233;1228;2016;complete;362;11;-1;51,63;;2;0;2;6;5;11;5;2;2;3;0;0;4;5;4;3;8;8;21;15;43;57;2;3;0;0;0;0;0;0;0;0;0;0;0;0;0;0;0;0;0;0;0;0;0;0;0;0;0;0;0;0;0;0;0;0;0;0;0;0;0;0;0;0;0;0;0;0;0;0;0;0;0;0;0;0;0;0;0;0;0;0;0;0;0;0;0;0;0;0;0;0;2;0;0;2;0;2;0;2016-05-08 14:00:00;1233;0;50;0;40;0;-1;1;-1;-1;-1;-1;-1;-1;1;2;1;1;3;2;-1;0;0;0;0;0;0;0;0;0;0;0;0;0;1;1;0;0;-1;-1;0;0;-1;-1;-1;-1;-1;-1;-1;-1;-1;10;30;60;80;100;30;60;90;60;12.6;5.6;3.4;2.9;Atlantas;Jonava;1.94;0.88;2.4;1.4;2.1;1.2;90;70;40;20;0;90;70;70;0;0;0;259;33;Y;Y;N;N;N;N;N
74456;1229;1231;2016;complete;362;11;-1;;;0;0;0;2;8;10;3;1;2;3;0;0;6;7;7;7;13;14;16;16;48;52;2;3;0;0;0;0;0;0;0;0;0;0;0;0;0;0;0;0;0;0;0;0;0;0;0;0;0;0;0;0;0;0;0;0;0;0;0;0;0;0;0;0;0;0;0;0;0;0;0;0;0;0;0;0;0;0;0;0;0;0;0;0;0;0;0;0;0;0;0;0;0;0;0;0;0;0;0;2016-05-11 15:00:00;-1;0;60;40;50;0;-1;1;-1;-1;-1;-1;-1;-1;0;1;2;2;1;4;-1;0;0;0;0;0;0;0;0;0;0;0;0;0;1;1;0;0;-1;-1;0;0;-1;-1;-1;-1;-1;-1;-1;-1;-1;40;60;70;80;80;60;80;80;70;6.6;5.4;4;3.7;Stumbras;Kauno Žalgiris;1.06;0.57;0.8;1;0.7;0.6;60;40;30;20;20;50;40;40;0;0;0;259;28;N;N;N;N;N;N;N
74457;1231;1233;2016;complete;362;12;-1;;8,54;0;2;2;2;8;10;6;3;2;0;0;0;3;4;2;5;5;9;9;21;52;48;2;0;0;0;0;0;0;0;0;0;0;0;0;0;0;0;0;0;0;0;0;0;0;0;0;0;0;0;0;0;0;0;0;0;0;0;0;0;0;0;0;0;0;0;0;0;0;0;0;0;0;0;0;0;0;0;0;0;0;0;0;0;0;0;0;0;0;0;0;0;2;0;1;0;1;1;1;2016-05-17 15:30:00;1233;0;50;10;50;0;-1;1;-1;-1;-1;-1;-1;-1;0;0;2;0;0;2;-1;0;0;0;0;0;0;0;0;0;0;0;0;0;1;1;0;1;-1;-1;0;0;-1;-1;-1;-1;-1;-1;-1;-1;-1;20;40;50;80;100;20;60;90;50;10.2;5.4;4.2;3;Kauno Žalgiris;Atlantas;0.5;1.47;0.2;1.8;0.64;2.18;80;60;50;20;0;80;70;50;0;0;0;259;28;Y;Y;N;N;N;N;N
74458;1228;85;2016;complete;362;12;-1;;42;0;1;1;6;8;14;1;5;1;1;0;0;4;7;4;12;8;19;12;17;51;49;1;1;0;0;0;0;0;0;0;0;0;0;0;0;0;0;0;0;0;0;0;0;0;0;0;0;0;0;0;0;0;0;0;0;0;0;0;0;0;0;0;0;0;0;0;0;0;0;0;0;0;0;0;0;0;0;0;0;0;0;0;0;0;0;0;0;0;0;0;0;1;0;1;0;0;0;1;2016-05-18 15:00:00;85;0;40;10;20;0;-1;1;-1;-1;-1;-1;-1;-1;0;1;1;0;1;1;-1;0;0;0;0;0;0;0;0;0;0;0;0;0;1;1;0;0;-1;-1;0;0;-1;-1;-1;-1;-1;-1;-1;-1;-1;10;20;30;40;100;20;60;70;30;8.6;3.8;2;2.4;Jonava;Žalgiris;1.06;2.19;1;1.2;1.09;2;90;80;70;60;0;70;70;60;0;0;0;259;33;Y;N;N;N;N;N;N
74459;1230;1229;2016;complete;362;12;-1;;20;0;1;1;7;5;12;1;2;1;4;0;1;4;5;8;8;12;13;8;18;60;40;1;6;0;0;0;0;0;0;0;0;0;0;0;0;0;0;0;0;0;0;0;0;0;0;0;0;0;0;0;0;0;0;0;0;0;0;0;0;0;0;0;0;0;0;0;0;0;0;0;0;0;0;0;0;0;0;0;0;0;0;0;0;0;0;0;0;0;0;0;0;1;0;1;0;0;0;1;2016-05-18 16:30:00;1229;0;30;10;30;0;-1;1;-1;-1;-1;-1;-1;-1;1;3;0;2;4;2;-1;0;0;0;0;0;0;0;0;0;0;0;0;0;1;1;0;0;-1;-1;0;0;-1;-1;-1;-1;-1;-1;-1;-1;-1;10;10;40;70;100;20;50;90;40;11.4;5.6;1.6;2.3;Sūduva;Stumbras;2.12;0.94;2.4;0.6;1.82;0.73;90;90;60;30;0;80;50;40;0;0;0;259;33;Y;N;N;N;N;N;N
74460;1227;1232;2016;complete;362;12;-1;;22,23;0;2;2;7;11;18;0;4;1;0;0;0;6;3;3;11;9;14;17;11;45;55;1;0;0;0;0;0;0;0;0;0;0;0;0;0;0;0;0;0;0;0;0;0;0;0;0;0;0;0;0;0;0;0;0;0;0;0;0;0;0;0;0;0;0;0;0;0;0;0;0;0;0;0;0;0;0;0;0;0;0;0;0;0;0;0;0;0;0;0;0;0;2;0;2;0;0;0;2;2016-05-19 16:30:00;1232;0;10;10;10;0;-1;1;-1;-1;-1;-1;-1;-1;1;0;0;0;1;0;-1;0;0;0;0;0;0;0;0;0;0;0;0;0;1;1;0;0;-1;-1;0;0;-1;-1;-1;-1;-1;-1;-1;-1;-1;10;10;10;50;90;20;50;70;20;11.4;4.8;4.2;1.7;Utenis Utena;Trakai;0.79;1.94;0.6;2;0.55;2.36;90;90;90;50;10;80;50;50;0;0;0;259;28;Y;Y;N;N;N;N;N
74461;85;1233;2016;complete;362;13;-1;18;;1;0;1;2;8;10;5;6;1;2;0;0;4;3;4;8;8;11;21;20;54;46;1;2;0;0;0;0;0;0;0;0;0;0;0;0;0;0;0;0;0;0;0;0;0;0;0;0;0;0;0;0;0;0;0;0;0;0;0;0;0;0;0;0;0;0;0;0;0;0;0;0;0;0;0;0;0;0;0;0;0;0;0;0;0;0;0;0;0;0;0;0;1;1;0;0;0;0;1;2016-05-21 14:00:00;85;0;25;9;17;0;-1;1;-1;-1;-1;-1;-1;-1;0;1;1;1;1;2;-1;0;0;0;0;0;0;0;0;0;0;0;0;0;1;1;0;0;-1;-1;0;0;-1;-1;-1;-1;-1;-1;-1;-1;-1;17;25;34;84;100;25;67;92;50;15.5;6;4.33;2.59;Žalgiris;Atlantas;2.41;1.47;2.67;2;2.08;2.25;83;75;67;17;0;83;59;50;0;0;0;259;33;Y;N;N;N;N;N;N
74462;1230;1231;2016;complete;362;13;-1;80;;1;0;1;10;2;12;1;5;1;2;0;0;6;5;12;1;18;6;20;14;61;39;1;2;0;0;0;0;0;0;0;0;0;0;0;0;0;0;0;0;0;0;0;0;0;0;0;0;0;0;0;0;0;0;0;0;0;0;0;0;0;0;0;0;0;0;0;0;0;0;0;0;0;0;0;0;0;0;0;0;0;0;0;0;0;0;0;0;0;0;0;0;1;0;0;1;0;1;0;2016-05-21 16:00:00;1230;0;34;9;25;0;-1;1;-1;-1;-1;-1;-1;-1;0;1;1;1;1;2;-1;0;0;0;0;0;0;0;0;0;0;0;0;0;1;1;0;0;-1;-1;0;0;-1;-1;-1;-1;-1;-1;-1;-1;-1;9;25;50;59;84;34;67;67;42;10.67;5;3;2.25;Sūduva;Kauno Žalgiris;2.12;0.57;2;1;1.67;0.58;92;75;50;42;17;75;67;59;0;0;0;259;28;Y;N;N;N;N;N;N
74463;1229;1227;2016;complete;362;13;-1;9,23,58;67;3;1;4;4;7;11;1;1;1;2;0;0;7;2;11;7;18;9;12;13;50;50;1;2;0;0;0;0;0;0;0;0;0;0;0;0;0;0;0;0;0;0;0;0;0;0;0;0;0;0;0;0;0;0;0;0;0;0;0;0;0;0;0;0;0;0;0;0;0;0;0;0;0;0;0;0;0;0;0;0;0;0;0;0;0;0;0;0;0;0;0;0;4;2;0;1;1;2;2;2016-05-22 14:00:00;1229;0;42;25;42;0;-1;1;-1;-1;-1;-1;-1;-1;0;2;1;0;2;1;-1;0;0;0;0;0;0;0;0;0;0;0;0;0;1;1;1;0;-1;-1;0;0;-1;-1;-1;-1;-1;-1;-1;-1;-1;25;34;42;59;84;25;59;67;50;7;4;4;2.75;Stumbras;Utenis Utena;1.06;0.36;0.83;0.5;0.92;0.5;75;67;59;42;17;67;58;34;0;0;0;259;28;Y;Y;Y;Y;N;N;Y
74464;1232;1228;2016;complete;362;13;-1;15,81,84;;3;0;3;12;4;16;3;4;1;2;0;0;5;3;6;2;11;5;14;12;53;47;1;2;0;0;0;0;0;0;0;0;0;0;0;0;0;0;0;0;0;0;0;0;0;0;0;0;0;0;0;0;0;0;0;0;0;0;0;0;0;0;0;0;0;0;0;0;0;0;0;0;0;0;0;0;0;0;0;0;0;0;0;0;0;0;0;0;0;0;0;0;3;1;0;2;0;2;1;2016-05-22 16:00:00;1232;0;33;9;25;0;-1;1;-1;-1;-1;-1;-1;-1;0;2;1;0;2;1;-1;0;0;0;0;0;0;0;0;0;0;0;0;0;1;1;0;0;-1;-1;0;0;-1;-1;-1;-1;-1;-1;-1;-1;-1;17;33;42;67;92;33;83;67;42;8.17;3.83;3.17;2.59;Trakai;Jonava;2.12;0.88;2.67;1.17;2.42;1;83;67;59;34;9;50;34;34;0;0;0;259;33;Y;Y;Y;N;N;N;N
74465;1227;1230;2016;complete;362;14;-1;;7,19,65,83;0;4;4;1;7;8;2;1;3;1;0;0;3;4;3;5;6;9;9;8;46;54;3;1;0;0;0;0;0;0;0;0;0;0;0;0;0;0;0;0;0;0;0;0;0;0;0;0;0;0;0;0;0;0;0;0;0;0;0;0;0;0;0;0;0;0;0;0;0;0;0;0;0;0;0;0;0;0;0;0;0;0;0;0;0;0;0;0;0;0;0;0;4;0;2;0;2;2;2;2016-06-08 15:00:00;1230;0;59;17;50;0;-1;1;-1;-1;-1;-1;-1;-1;1;0;2;1;1;3;-1;0;0;0;0;0;0;0;0;0;0;0;0;0;1;1;0;1;-1;-1;1;0;-1;-1;-1;-1;-1;-1;-1;-1;-1;25;42;50;75;100;42;67;75;50;11.17;4;3.83;2.92;Utenis Utena;Sūduva;0.79;1.38;0.5;1.33;0.46;1.77;75;58;50;25;0;84;67;67;0;0;0;259;28;Y;Y;Y;Y;N;N;N
74466;1228;1229;2016;complete;362;14;-1;28,44;13,71;2;2;4;3;8;11;1;5;3;2;0;0;4;4;7;6;11;10;15;12;52;48;3;2;0;0;0;0;0;0;0;0;0;0;0;0;0;0;0;0;0;0;0;0;0;0;0;0;0;0;0;0;0;0;0;0;0;0;0;0;0;0;0;0;0;0;0;0;0;0;0;0;0;0;0;0;0;0;0;0;0;0;0;0;0;0;0;0;0;0;0;0;4;2;1;0;1;1;3;2016-06-08 16:30:00;-1;0;33;9;17;0;-1;1;-1;-1;-1;-1;-1;-1;0;0;3;2;0;5;-1;0;0;0;0;0;0;0;0;0;0;0;0;0;1;1;0;0;-1;-1;0;0;-1;-1;-1;-1;-1;-1;-1;-1;-1;9;17;25;50;100;17;59;75;34;7.83;4.16;3.17;2;Jonava;Stumbras;1.06;0.94;0.83;1;0.92;1.08;92;83;75;50;0;83;67;50;0;0;0;259;33;Y;Y;Y;Y;N;N;Y
74467;1233;1232;2016;complete;362;14;-1;51,80;30,68;2;2;4;6;5;11;1;7;2;1;0;0;4;3;9;7;13;10;10;11;51;49;2;1;0;0;0;0;0;0;0;0;0;0;0;0;0;0;0;0;0;0;0;0;0;0;0;0;0;0;0;0;0;0;0;0;0;0;0;0;0;0;0;0;0;0;0;0;0;0;0;0;0;0;0;0;0;0;0;0;0;0;0;0;0;0;0;0;0;0;0;0;4;0;1;2;1;3;1;2016-06-09 15:00:00;-1;0;25;0;25;0;-1;1;-1;-1;-1;-1;-1;-1;1;0;1;1;1;2;-1;0;0;0;0;0;0;0;0;1;0;1;0;0;1;1;0;0;-1;-1;0;0;-1;-1;-1;-1;-1;-1;-1;-1;-1;0;9;25;75;92;17;34;84;50;16.33;7.33;3;2;Atlantas;Trakai;1.94;1.94;2.5;2.17;2.08;2.46;100;92;75;25;9;84;75;75;0;0;0;259;33;Y;Y;Y;Y;N;N;Y
74468;1231;85;2016;complete;362;14;-1;62;46;1;1;2;5;7;12;2;1;1;0;0;0;5;6;5;5;10;11;25;14;43;57;1;0;0;0;0;0;0;0;0;0;0;0;0;0;0;0;0;0;0;0;0;0;0;0;0;0;0;0;0;0;0;0;0;0;0;0;0;0;0;0;0;0;0;0;0;0;0;0;0;0;0;0;0;0;0;0;0;0;0;0;0;0;0;0;0;0;0;0;0;0;2;0;0;1;1;2;0;2016-06-09 16:30:00;-1;0;50;9;50;0;-1;1;-1;-1;-1;-1;-1;-1;0;0;1;0;0;1;-1;0;0;0;0;0;0;0;0;0;0;0;0;0;1;1;0;0;-1;-1;0;0;-1;-1;-1;-1;-1;-1;-1;-1;-1;17;34;50;67;100;9;67;75;50;10.17;6.5;2.33;3.09;Kauno Žalgiris;Žalgiris;0.5;2.19;0.17;1.5;0.54;2.15;83;67;50;34;0;75;75;50;0;0;0;259;28;Y;Y;N;N;N;N;Y
74469;1227;1231;2016;complete;362;15;-1;34,90;70;2;1;3;1;7;8;0;3;3;1;0;0;5;5;7;8;12;13;9;9;50;50;3;1;0;0;0;0;0;0;0;0;0;0;0;0;0;0;0;0;0;0;0;0;0;0;0;0;0;0;0;0;0;0;0;0;0;0;0;0;0;0;0;0;0;0;0;0;0;0;0;0;0;0;0;0;0;0;0;0;0;0;0;0;0;0;0;0;0;0;0;0;3;1;0;1;1;2;1;2016-06-14 15:30:00;1227;0;29;14;22;0;-1;1;-1;-1;-1;-1;-1;-1;0;0;3;1;0;4;-1;0;0;0;0;0;0;0;1;0;1;0;0;0;1;1;0;0;-1;-1;0;0;-1;-1;-1;-1;-1;-1;-1;-1;-1;14;36;43;57;86;50;64;64;43;8.57;4.71;4.14;2.36;Utenis Utena;Kauno Žalgiris;0.79;0.57;0.43;0.86;0.43;0.57;86;64;57;43;15;79;64;57;0;0;0;259;28;Y;Y;Y;N;N;N;Y
74470;85;1232;2016;complete;362;15;-1;46,63,72;85;3;1;4;6;4;10;5;1;1;0;0;0;7;7;5;5;12;12;21;8;43;57;1;0;0;0;0;0;0;0;0;0;0;0;0;0;0;0;0;0;0;0;0;0;0;0;0;0;0;0;0;0;0;0;0;0;0;0;0;0;0;0;0;0;0;0;0;0;0;0;0;0;0;0;0;0;0;0;0;0;0;0;0;0;0;0;0;0;0;0;0;0;4;0;0;3;1;4;0;2016-06-15 15:00:00;85;0;22;0;14;0;-1;1;-1;-1;-1;-1;-1;-1;0;0;1;0;0;1;-1;0;0;0;0;0;0;0;0;0;0;0;0;0;1;1;0;0;-1;-1;0;0;-1;-1;-1;-1;-1;-1;-1;-1;-1;7;22;29;79;93;14;64;79;50;14.71;7.43;3.85;2.29;Žalgiris;Trakai;2.41;1.94;2.71;2;2.07;2.36;93;79;72;22;7;79;57;50;0;0;0;259;33;Y;Y;Y;Y;N;N;Y
74471;1233;1229;2016;complete;362;15;-1;7,21;;2;0;2;7;7;14;2;4;1;1;0;0;6;0;6;8;12;8;14;13;54;46;1;1;0;0;0;0;0;0;0;0;0;0;0;0;0;0;0;0;0;0;0;0;0;0;0;0;0;0;0;0;0;0;0;0;0;0;0;0;0;0;0;0;0;0;0;0;0;0;0;0;0;0;0;0;0;0;0;0;0;0;0;0;0;0;0;0;0;0;0;0;2;2;0;0;0;0;2;2016-06-15 16:30:00;1233;0;50;15;43;0;-1;1;-1;-1;-1;-1;-1;-1;0;0;1;1;0;2;-1;0;0;0;0;0;0;0;0;0;0;0;0;0;1;1;1;0;-1;-1;0;0;-1;-1;-1;-1;-1;-1;-1;-1;-1;7;29;50;79;100;22;43;93;65;14.15;7;3;2.64;Atlantas;Stumbras;1.94;0.94;2.29;1;2;1.07;93;71;50;22;0;93;79;72;0;0;0;259;33;Y;Y;N;N;N;N;N
74472;1228;1230;2016;complete;362;15;-1;18;36;1;1;2;8;6;14;1;5;2;2;0;0;5;8;7;5;12;13;13;10;48;52;2;2;0;0;0;0;0;0;0;0;0;0;0;0;0;0;0;0;0;0;0;0;0;0;0;0;0;0;0;0;0;0;0;0;0;0;0;0;0;0;0;0;0;0;0;0;0;0;0;0;0;0;0;0;0;0;0;0;0;0;0;0;0;0;0;0;0;0;0;0;2;1;1;0;0;0;2;2016-06-16 15:30:00;-1;0;65;14;36;0;-1;1;-1;-1;-1;-1;-1;-1;0;1;2;1;1;3;-1;0;0;0;0;0;0;0;0;0;0;0;0;0;1;1;0;0;-1;-1;0;0;-1;-1;-1;-1;-1;-1;-1;-1;-1;15;50;58;72;100;36;71;86;50;8.86;3.43;3.57;2.93;Jonava;Sūduva;1.06;1.38;0.86;1.57;0.93;1.86;86;50;43;29;0;72;72;64;0;0;0;259;33;Y;Y;N;N;N;N;Y
74473;1231;1232;2016;complete;362;16;-1;;38,44,71,76;0;4;4;1;8;9;1;1;2;0;0;0;3;8;4;11;7;19;13;10;30;70;2;0;0;0;0;0;0;0;0;0;0;0;0;0;0;0;0;0;0;0;0;0;0;0;0;0;0;0;0;0;0;0;0;0;0;0;0;0;0;0;0;0;0;0;0;0;0;0;0;0;0;0;0;0;0;0;0;0;0;0;0;0;0;0;0;0;0;0;0;0;4;0;2;0;2;2;2;2016-06-21 15:30:00;1232;0;48;0;48;0;-1;1;-1;-1;-1;-1;-1;-1;0;0;2;0;0;2;-1;0;0;0;0;0;0;0;0;0;0;0;0;0;1;1;0;0;-1;-1;0;0;-1;-1;-1;-1;-1;-1;-1;-1;-1;7;34;41;88;94;7;54;88;55;10.24;6.68;3.21;2.71;Kauno Žalgiris;Trakai;0.5;1.94;0.29;1.75;0.53;2.2;93;66;59;13;7;81;75;47;0;0;0;259;28;Y;Y;Y;Y;N;N;N
74474;1227;1228;2016;complete;362;16;-1;24,55,72;37;3;1;4;2;3;5;4;1;2;2;0;0;4;7;1;4;5;11;19;11;47;53;2;2;0;0;0;0;0;0;0;0;0;0;0;0;0;0;0;0;0;0;0;0;0;0;0;0;0;0;0;0;0;0;0;0;0;0;0;0;0;0;0;0;0;0;0;0;0;0;0;0;0;0;0;0;0;0;0;0;0;0;0;0;0;0;0;0;0;0;0;0;4;1;1;2;0;2;2;2016-06-22 15:00:00;1227;0;27;7;20;0;-1;1;-1;-1;-1;-1;-1;-1;1;1;1;1;2;2;-1;0;0;0;0;0;0;0;1;0;1;0;0;0;1;1;0;0;-1;-1;0;0;-1;-1;-1;-1;-1;-1;-1;-1;-1;14;27;48;75;100;40;81;75;48;7.52;3.36;4.56;2.69;Utenis Utena;Jonava;0.79;0.88;0.75;1;0.6;0.93;87;73;53;26;0;81;54;54;0;0;0;259;28;Y;Y;Y;Y;N;N;Y
74475;1230;1233;2016;complete;362;16;-1;49,76,81;52,62,73;3;3;6;5;5;10;4;1;0;3;0;1;2;6;6;3;8;9;8;16;53;47;0;5;0;0;0;0;0;0;0;0;0;0;0;0;0;0;0;0;0;0;0;0;0;0;0;0;0;0;0;0;0;0;0;0;0;0;0;0;0;0;0;0;0;0;0;0;0;0;0;0;0;0;0;0;0;0;0;0;0;0;0;0;0;0;0;0;0;0;0;0;6;0;0;3;3;6;0;2016-06-24 15:30:00;-1;0;14;7;14;0;-1;1;-1;-1;-1;-1;-1;-1;0;0;0;4;0;4;-1;0;0;0;0;0;0;0;0;0;0;0;0;0;1;1;0;0;-1;-1;0;0;-1;-1;-1;-1;-1;-1;-1;-1;-1;7;7;22;50;100;22;64;71;14;13.85;5;2.86;1.86;Sūduva;Atlantas;2.12;1.47;2.14;1.71;1.8;2.07;93;93;79;50;0;86;71;57;0;0;0;259;33;Y;Y;Y;Y;Y;Y;Y
74476;1229;85;2016;complete;362;16;-1;;6,17,40,48,50;0;5;5;3;10;13;3;0;2;2;0;0;2;8;3;5;5;13;19;15;41;59;2;2;0;0;0;0;0;0;0;0;0;0;0;0;0;0;0;0;0;0;0;0;0;0;0;0;0;0;0;0;0;0;0;0;0;0;0;0;0;0;0;0;0;0;0;0;0;0;0;0;0;0;0;0;0;0;0;0;0;0;0;0;0;0;0;0;0;0;0;0;5;0;3;0;2;2;3;2016-06-24 17:30:00;85;0;50;29;50;0;-1;1;-1;-1;-1;-1;-1;-1;0;0;2;2;0;4;-1;0;0;0;0;0;0;0;0;0;0;0;0;0;1;1;0;1;-1;-1;0;0;-1;-1;-1;-1;-1;-1;-1;-1;-1;29;36;43;57;86;36;64;64;50;9.86;4.86;2.29;3.07;Stumbras;Žalgiris;1.06;2.19;1.14;1.43;1;2.13;72;65;57;43;15;64;57;50;0;0;0;259;33;Y;Y;Y;Y;Y;N;N
74477;1233;1227;2016;complete;362;17;-1;86,90;;2;0;2;8;2;10;5;4;0;2;0;0;9;3;14;1;23;4;6;17;57;43;0;2;0;0;0;0;0;0;0;0;0;0;0;0;0;0;0;0;0;0;0;0;0;0;0;0;0;0;0;0;0;0;0;0;0;0;0;0;0;0;0;0;0;0;0;0;0;0;0;0;0;0;0;0;0;0;0;0;0;0;0;0;0;0;0;0;0;0;0;0;2;0;0;2;0;2;0;2016-07-12 15:30:00;1233;0;47;0;47;0;-1;1;-1;-1;-1;-1;-1;-1;0;1;0;1;1;1;-1;0;0;0;0;0;0;0;0;0;0;0;0;0;1;1;0;0;-1;-1;0;0;-1;-1;-1;-1;-1;-1;-1;-1;-1;0;27;47;73;100;20;48;80;66;12.92;5.06;3.25;2.46;Atlantas;Utenis Utena;1.94;0.36;2.38;0.43;2;0.75;100;73;54;28;0;93;93;79;0;0;0;259;28;Y;Y;N;N;N;N;N
74478;1228;1231;2016;complete;362;17;-1;33,56,73;45,87;3;2;5;6;4;10;1;0;1;1;0;0;4;6;3;6;7;12;11;19;55;45;1;1;0;0;0;0;0;0;0;0;0;0;0;0;0;0;0;0;0;0;0;0;0;0;0;0;0;0;0;0;0;0;0;0;0;0;0;0;0;0;0;0;0;0;0;0;0;0;0;0;0;0;0;0;0;0;0;0;0;0;0;0;0;0;0;0;0;0;0;0;5;1;1;2;1;3;2;2016-07-14 15:00:00;1228;0;50;19;19;0;-1;1;-1;-1;-1;-1;-1;-1;1;0;0;1;1;1;-1;0;0;0;0;0;0;0;0;0;0;0;0;0;1;1;0;0;-1;-1;0;0;-1;-1;-1;-1;-1;-1;-1;-1;-1;7;32;44;57;88;38;69;69;38;7.76;4.25;3.75;2.25;Jonava;Kauno Žalgiris;1.06;0.57;0.88;0.75;0.88;0.5;94;69;57;44;13;76;76;63;0;0;0;259;28;Y;Y;Y;Y;Y;N;Y
74479;1232;1229;2016;complete;362;17;-1;;43,90;0;2;2;5;4;9;1;1;2;3;0;0;6;4;8;3;14;7;9;18;64;36;2;3;0;0;0;0;0;0;0;0;0;0;0;0;0;0;0;0;0;0;0;0;0;0;0;0;0;0;0;0;0;0;0;0;0;0;0;0;0;0;0;0;0;0;0;0;0;0;0;0;0;0;0;0;0;0;0;0;0;0;0;0;0;0;0;0;0;0;0;0;2;0;1;0;1;1;1;2016-07-14 16:30:00;1229;0;34;20;27;0;-1;1;-1;-1;-1;-1;-1;-1;0;2;2;1;2;3;-1;0;0;0;0;0;0;0;0;0;0;0;0;0;1;1;0;0;-1;-1;0;0;-1;-1;-1;-1;-1;-1;-1;-1;-1;14;27;41;66;93;34;75;66;41;11.64;5.68;2.34;2.4;Trakai;Stumbras;2.12;0.94;2.71;0.88;2.25;0.94;87;73;60;34;7;59;46;40;0;0;0;259;33;Y;Y;N;N;N;N;N
74480;1228;1233;2016;complete;362;18;-1;90;20,73;1;2;3;3;10;13;2;4;0;4;0;0;5;13;4;10;9;23;9;17;47;53;0;4;0;0;0;0;0;0;0;0;0;0;0;0;0;0;0;0;0;0;0;0;0;0;0;0;0;0;0;0;0;0;0;0;0;0;0;0;0;0;0;0;0;0;0;0;0;0;0;0;0;0;0;0;0;0;0;0;0;0;0;0;0;0;0;0;0;0;0;0;3;0;1;1;1;2;1;2016-07-19 15:30:00;1233;0;41;23;18;0;-1;1;-1;-1;-1;-1;-1;-1;0;1;0;3;1;3;-1;0;0;0;0;0;0;0;0;0;0;0;0;0;1;1;0;0;-1;-1;0;0;-1;-1;-1;-1;-1;-1;-1;-1;-1;18;29;29;60;100;35;71;71;24;10.39;3.85;4.05;2.42;Jonava;Atlantas;1.06;1.47;1.11;1.63;1;2.06;82;71;71;41;0;89;82;53;0;0;0;259;33;Y;Y;Y;N;N;N;Y
74481;1231;1229;2016;complete;362;18;-1;47,49;41;2;1;3;4;9;13;1;3;3;2;0;0;4;4;4;6;8;10;19;23;39;61;3;2;0;0;0;0;0;0;0;0;0;0;0;0;0;0;0;0;0;0;0;0;0;0;0;0;0;0;0;0;0;0;0;0;0;0;0;0;0;0;0;0;0;0;0;0;0;0;0;0;0;0;0;0;0;0;0;0;0;0;0;0;0;0;0;0;0;0;0;0;3;0;1;2;0;2;1;2016-07-20 15:00:00;1231;0;48;11;43;0;-1;1;-1;-1;-1;-1;-1;-1;1;0;2;2;1;4;-1;0;0;0;0;0;0;0;0;1;0;1;0;0;1;1;0;0;-1;-1;0;0;-1;-1;-1;-1;-1;-1;-1;-1;-1;12;36;48;89;100;23;65;89;54;8.83;6.13;3.53;2.91;Kauno Žalgiris;Stumbras;0.5;0.94;0.25;1.11;0.47;1.06;89;64;53;11;0;89;66;41;0;0;0;259;28;Y;Y;Y;N;N;N;Y
74482;1230;1232;2016;complete;362;18;-1;85;;1;0;1;8;3;11;2;1;1;1;0;0;4;3;7;2;11;5;15;10;59;41;1;1;0;0;0;0;0;0;0;0;0;0;0;0;0;0;0;0;0;0;0;0;0;0;0;0;0;0;0;0;0;0;0;0;0;0;0;0;0;0;0;0;0;0;0;0;0;0;0;0;0;0;0;0;0;0;0;0;0;0;0;0;0;0;0;0;0;0;0;0;1;0;0;1;0;1;0;2016-07-20 16:30:00;1230;0;24;0;24;0;-1;1;-1;-1;-1;-1;-1;-1;0;1;1;0;1;1;-1;0;0;0;0;0;0;0;0;0;0;0;0;0;1;1;0;0;-1;-1;0;0;-1;-1;-1;-1;-1;-1;-1;-1;-1;7;23;36;64;95;18;53;77;35;13.44;5.38;2.08;2.29;Sūduva;Trakai;2.12;1.94;2;1.89;1.75;2.12;94;78;65;36;6;83;66;54;0;0;0;259;33;Y;N;N;N;N;N;N
74483;1227;85;2016;complete;362;18;-1;5,25;18,37,51,83;2;4;6;2;8;10;6;5;1;3;0;0;7;12;4;5;11;17;17;19;35;65;1;3;0;0;0;0;0;0;0;0;0;0;0;0;0;0;0;0;0;0;0;0;0;0;0;0;0;0;0;0;0;0;0;0;0;0;0;0;0;0;0;0;0;0;0;0;0;0;0;0;0;0;0;0;0;0;0;0;0;0;0;0;0;0;0;0;0;0;0;0;6;2;2;0;2;2;4;2016-07-23 15:30:00;85;0;36;18;30;0;-1;1;-1;-1;-1;-1;-1;-1;1;1;0;2;2;2;-1;0;0;0;0;0;0;0;0;0;0;0;0;0;1;1;1;0;-1;-1;0;0;-1;-1;-1;-1;-1;-1;-1;-1;-1;18;29;41;59;100;41;71;65;47;11.11;4.03;2.74;2.72;Utenis Utena;Žalgiris;0.79;2.19;1;1.63;0.71;2.19;82;71;60;42;0;71;60;60;0;0;0;259;28;Y;Y;Y;Y;Y;Y;Y
74484;1229;1230;2016;complete;362;19;-1;24,26;2,13,53;2;3;5;3;8;11;1;3;3;1;0;0;0;5;4;7;4;12;10;5;48;52;3;1;0;0;0;0;0;0;0;0;0;0;0;0;0;0;0;0;0;0;0;0;0;0;0;0;0;0;0;0;0;0;0;0;0;0;0;0;0;0;0;0;0;0;0;0;0;0;0;0;0;0;0;0;0;0;0;0;0;0;0;0;0;0;0;0;0;0;0;0;5;2;2;0;1;1;4;2016-07-26 15:30:00;1230;0;69;32;57;0;-1;1;-1;-1;-1;-1;-1;-1;1;0;2;1;1;3;-1;0;0;0;0;0;0;0;0;0;0;0;0;0;1;1;0;1;-1;-1;0;0;-1;-1;-1;-1;-1;-1;-1;-1;-1;38;63;69;88;88;57;75;82;69;9.13;4.88;3.76;3.69;Stumbras;Sūduva;1.06;1.38;1;1.5;1;1.82;63;38;32;13;13;63;57;51;0;0;0;259;33;Y;Y;Y;Y;Y;N;Y
74485;1233;1231;2016;complete;362;19;-1;31;64;1;1;2;9;2;11;1;3;1;0;0;0;3;3;6;4;9;7;14;10;54;46;1;0;0;0;0;0;0;0;0;0;0;0;0;0;0;0;0;0;0;0;0;0;0;0;0;0;0;0;0;0;0;0;0;0;0;0;0;0;0;0;0;0;0;0;0;0;0;0;0;0;0;0;0;0;0;0;0;0;0;0;0;0;0;0;0;0;0;0;0;0;2;1;0;0;1;1;1;2016-07-27 15:00:00;-1;0;50;11;44;0;-1;1;-1;-1;-1;-1;-1;-1;0;0;1;0;0;1;-1;0;0;0;0;0;0;0;0;0;0;0;0;0;1;1;0;0;-1;-1;0;0;-1;-1;-1;-1;-1;-1;-1;-1;-1;11;33;56;78;89;33;50;84;73;12.67;6.45;3;2.67;Atlantas;Kauno Žalgiris;1.94;0.57;2.44;0.67;2.11;0.61;89;67;45;22;11;84;84;67;0;0;0;259;28;Y;Y;N;N;N;N;Y
74486;85;1228;2016;complete;362;19;-1;8,27,51,63;86;4;1;5;9;2;11;10;1;1;1;0;0;8;2;9;3;17;5;10;12;54;46;1;1;0;0;0;0;0;0;0;0;0;0;0;0;0;0;0;0;0;0;0;0;0;0;0;0;0;0;0;0;0;0;0;0;0;0;0;0;0;0;0;0;0;0;0;0;0;0;0;0;0;0;0;0;0;0;0;0;0;0;0;0;0;0;0;0;0;0;0;0;5;2;0;2;1;3;2;2016-07-27 16:30:00;85;0;38;7;19;0;-1;1;-1;-1;-1;-1;-1;-1;0;0;1;1;0;2;-1;0;0;0;0;0;0;0;0;0;0;0;0;0;1;1;1;0;-1;-1;0;0;-1;-1;-1;-1;-1;-1;-1;-1;-1;13;38;57;88;100;26;76;88;69;10.88;5.75;4.38;3.01;Žalgiris;Jonava;2.41;0.88;2.75;0.88;2.24;0.94;88;63;44;13;0;82;57;44;0;0;0;259;33;Y;Y;Y;Y;Y;N;Y
74487;1232;1227;2016;complete;362;19;-1;32,56,68,72;5,17,34;4;3;7;5;4;9;1;1;2;3;0;0;4;6;7;7;11;13;10;10;61;39;2;3;0;0;0;0;0;0;0;0;0;0;0;0;0;0;0;0;0;0;0;0;0;0;0;0;0;0;0;0;0;0;0;0;0;0;0;0;0;0;0;0;0;0;0;0;0;0;0;0;0;0;0;0;0;0;0;0;0;0;0;0;0;0;0;0;0;0;0;0;7;1;3;3;0;3;4;2016-07-28 15:30:00;1232;0;32;7;32;0;-1;1;-1;-1;-1;-1;-1;-1;0;2;2;1;2;3;-1;0;0;0;0;0;0;0;1;0;1;0;0;0;1;1;0;1;-1;-1;0;0;-1;-1;-1;-1;-1;-1;-1;-1;-1;7;25;38;63;94;19;69;69;51;10;4;2.88;2.25;Trakai;Utenis Utena;2.12;0.36;2.38;0.38;2;0.67;94;75;63;38;7;63;57;38;0;0;0;259;28;Y;Y;Y;Y;Y;Y;Y
74488;1233;85;2016;complete;362;20;-1;;87;0;1;1;9;6;15;1;7;5;4;0;1;3;4;6;2;9;6;15;12;46;54;5;5;0;0;0;0;0;0;0;0;0;0;0;0;0;0;0;0;0;0;0;0;0;0;0;0;0;0;0;0;0;0;0;0;0;0;0;0;0;0;0;0;0;0;0;0;0;0;0;0;0;0;0;0;0;0;0;0;0;0;0;0;0;0;0;0;0;0;0;0;1;0;0;0;1;1;0;2016-08-02 15:30:00;85;0;47;11;37;0;-1;1;-1;-1;-1;-1;-1;-1;2;2;3;3;4;6;-1;0;0;0;0;0;0;0;0;0;0;0;0;0;1;1;0;0;-1;-1;0;0;-1;-1;-1;-1;-1;-1;-1;-1;-1;17;27;42;73;100;27;54;79;63;15.71;6.06;1.99;2.86;Atlantas;Žalgiris;1.94;2.19;2.3;1.78;2.05;2.28;84;74;58;27;0;89;89;79;0;0;0;259;33;Y;N;N;N;N;N;N
74489;1227;1229;2016;complete;362;20;-1;;;0;0;0;4;7;11;0;2;1;3;0;0;5;8;2;5;7;13;19;17;51;49;1;3;0;0;0;0;0;0;0;0;0;0;0;0;0;0;0;0;0;0;0;0;0;0;0;0;0;0;0;0;0;0;0;0;0;0;0;0;0;0;0;0;0;0;0;0;0;0;0;0;0;0;0;0;0;0;0;0;0;0;0;0;0;0;0;0;0;0;0;0;0;0;0;0;0;0;0;2016-08-03 15:00:00;-1;0;40;25;20;0;-1;1;-1;-1;-1;-1;-1;-1;0;3;1;0;3;1;-1;0;0;0;0;0;0;0;0;0;0;0;0;0;1;1;0;0;-1;-1;0;0;-1;-1;-1;-1;-1;-1;-1;-1;-1;15;30;45;75;100;45;75;75;45;9.6;5.2;3.8;2.7;Utenis Utena;Stumbras;0.79;0.94;0.9;1;0.63;0.95;85;70;55;25;0;80;55;45;0;0;0;259;28;N;N;N;N;N;N;N
74490;1228;1232;2016;complete;362;20;-1;90;28;1;1;2;5;5;10;5;2;2;3;0;1;3;4;3;3;6;7;13;18;51;49;2;5;0;0;0;0;0;0;0;0;0;0;0;0;0;0;0;0;0;0;0;0;0;0;0;0;0;0;0;0;0;0;0;0;0;0;0;0;0;0;0;0;0;0;0;0;0;0;0;0;0;0;0;0;0;0;0;0;0;0;0;0;0;0;0;0;0;0;0;0;2;0;1;1;0;1;1;2016-08-03 16:30:00;-1;0;40;15;20;0;-1;1;-1;-1;-1;-1;-1;-1;1;0;1;4;1;5;-1;0;0;0;0;0;0;0;0;1;0;1;0;0;1;1;0;0;-1;-1;0;0;-1;-1;-1;-1;-1;-1;-1;-1;-1;5;30;35;65;95;30;65;75;35;10;4.1;2.8;2.3;Jonava;Trakai;1.06;1.94;1;1.7;0.89;2.05;95;70;65;35;5;85;75;60;0;0;0;259;33;Y;Y;N;N;N;N;Y
74491;1231;1230;2016;complete;362;20;-1;;9;0;1;1;3;5;8;3;8;2;3;0;0;0;2;3;8;3;10;20;21;45;55;2;3;0;0;0;0;0;0;0;0;0;0;0;0;0;0;0;0;0;0;0;0;0;0;0;0;0;0;0;0;0;0;0;0;0;0;0;0;0;0;0;0;0;0;0;0;0;0;0;0;0;0;0;0;0;0;0;0;0;0;0;0;0;0;0;0;0;0;0;0;1;0;1;0;0;0;1;2016-08-04 15:30:00;1230;0;78;17;56;0;-1;1;-1;-1;-1;-1;-1;-1;0;1;2;2;1;4;-1;0;0;0;0;0;0;0;0;0;0;0;0;0;1;1;0;1;-1;-1;0;0;-1;-1;-1;-1;-1;-1;-1;-1;-1;22;56;73;100;100;34;73;95;73;9.67;5.45;3.67;3.56;Kauno Žalgiris;Sūduva;0.5;1.38;0.56;1.67;0.63;1.89;78;45;28;0;0;78;73;56;0;0;0;259;28;Y;N;N;N;N;N;N
74492;1232;1233;2016;complete;362;21;-1;71,76,89;;3;0;3;5;6;11;6;4;1;0;0;1;4;3;4;6;8;9;6;9;60;40;1;2;0;0;0;0;0;0;0;0;0;0;0;0;0;0;0;0;0;0;0;0;0;0;0;0;0;0;0;0;0;0;0;0;0;0;0;0;0;0;0;0;0;0;0;0;0;0;0;0;0;0;0;0;0;0;0;0;0;0;0;0;0;0;0;0;0;0;0;0;3;0;0;3;0;3;0;2016-08-10 15:00:00;1232;0;33;17;28;0;-1;1;-1;-1;-1;-1;-1;-1;0;0;1;1;0;2;-1;0;0;0;0;0;0;0;1;0;1;0;0;0;1;1;0;0;-1;-1;0;0;-1;-1;-1;-1;-1;-1;-1;-1;-1;22;28;39;67;95;28;78;73;39;12.78;4.89;3.56;2.67;Trakai;Atlantas;2.12;1.47;2.44;1.78;2;1.95;78;73;62;33;6;67;50;33;0;0;0;259;33;Y;Y;Y;N;N;N;N
74493;1230;1227;2016;complete;362;21;-1;70,83;68;2;1;3;6;4;10;5;3;1;1;0;0;3;3;6;5;9;8;9;14;59;41;1;1;0;0;0;0;0;0;0;0;0;0;0;0;0;0;0;0;0;0;0;0;0;0;0;0;0;0;0;0;0;0;0;0;0;0;0;0;0;0;0;0;0;0;0;0;0;0;0;0;0;0;0;0;0;0;0;0;0;0;0;0;0;0;0;0;0;0;0;0;3;0;0;2;1;3;0;2016-08-10 16:30:00;1230;0;33;6;28;0;-1;1;-1;-1;-1;-1;-1;-1;0;1;1;0;1;1;-1;0;0;0;0;0;0;0;0;0;0;0;0;0;1;1;0;0;-1;-1;0;0;-1;-1;-1;-1;-1;-1;-1;-1;-1;11;22;39;56;100;17;50;78;45;11;4;2.89;2.45;Sūduva;Utenis Utena;2.12;0.36;2.11;0.33;1.95;0.65;89;78;62;45;0;89;78;56;0;0;0;259;28;Y;Y;Y;N;N;N;Y
74494;1229;1228;2016;complete;362;21;-1;21,74;34;2;1;3;10;2;12;3;0;4;1;0;0;7;2;5;4;12;6;17;19;45;55;4;1;0;0;0;0;0;0;0;0;0;0;0;0;0;0;0;0;0;0;0;0;0;0;0;0;0;0;0;0;0;0;0;0;0;0;0;0;0;0;0;0;0;0;0;0;0;0;0;0;0;0;0;0;0;0;0;0;0;0;0;0;0;0;0;0;0;0;0;0;3;1;1;1;0;1;2;2016-08-11 15:00:00;1229;0;50;28;33;0;-1;1;-1;-1;-1;-1;-1;-1;1;0;3;1;1;4;-1;0;0;0;0;0;0;0;0;0;0;0;0;0;1;1;0;0;-1;-1;0;0;-1;-1;-1;-1;-1;-1;-1;-1;-1;39;56;67;84;89;56;84;84;62;6.22;3.89;4.22;3.61;Stumbras;Jonava;1.06;0.88;0.89;0.78;0.95;0.9;61;45;33;17;11;73;56;50;0;0;0;259;33;Y;Y;Y;N;N;N;Y
74495;85;1231;2016;complete;362;21;-1;2,25,83;55;3;1;4;4;3;7;5;2;0;1;0;0;8;5;9;7;17;12;18;11;52;48;0;1;0;0;0;0;0;0;0;0;0;0;0;0;0;0;0;0;0;0;0;0;0;0;0;0;0;0;0;0;0;0;0;0;0;0;0;0;0;0;0;0;0;0;0;0;0;0;0;0;0;0;0;0;0;0;0;0;0;0;0;0;0;0;0;0;0;0;0;0;4;2;0;1;1;2;2;2016-08-11 16:30:00;85;0;52;10;37;0;-1;1;-1;-1;-1;-1;-1;-1;0;0;0;1;0;1;-1;0;0;0;0;0;0;0;0;0;0;0;0;0;1;1;1;0;-1;-1;0;0;-1;-1;-1;-1;-1;-1;-1;-1;-1;21;42;58;80;90;31;69;85;69;11.79;7.37;3.59;2.91;Žalgiris;Kauno Žalgiris;2.41;0.57;2.78;0.7;2.32;0.6;79;58;42;21;10;80;69;47;0;0;0;259;28;Y;Y;Y;Y;N;N;Y
74496;1229;1233;2016;complete;362;22;-1;;9,80;0;2;2;4;4;8;3;1;1;1;0;0;2;10;7;11;9;21;8;23;50;50;1;1;0;0;0;0;0;0;0;0;0;0;0;0;0;0;0;0;0;0;0;0;0;0;0;0;0;0;0;0;0;0;0;0;0;0;0;0;0;0;0;0;0;0;0;0;0;0;0;0;0;0;0;0;0;0;0;0;0;0;0;0;0;0;0;0;0;0;0;0;2;0;1;0;1;1;1;2016-08-16 15:30:00;1233;0;45;30;35;0;-1;1;-1;-1;-1;-1;-1;-1;1;0;0;1;1;1;-1;0;0;0;0;0;0;0;0;0;0;0;0;0;1;1;0;1;-1;-1;1;0;-1;-1;-1;-1;-1;-1;-1;-1;-1;35;40;55;75;90;45;70;80;45;10.7;5.2;4.7;3.2;Stumbras;Atlantas;1.06;1.47;1.1;1.6;1.05;1.86;65;60;45;25;10;80;70;50;0;0;0;259;33;Y;Y;N;N;N;N;N
74497;1232;85;2016;complete;362;22;-1;69;21,50;1;2;3;8;2;10;2;2;2;3;0;1;6;5;12;3;18;8;11;18;64;36;2;5;0;0;0;0;0;0;0;0;0;0;0;0;0;0;0;0;0;0;0;0;0;0;0;0;0;0;0;0;0;0;0;0;0;0;0;0;0;0;0;0;0;0;0;0;0;0;0;0;0;0;0;0;0;0;0;0;0;0;0;0;0;0;0;0;0;0;0;0;3;0;1;1;1;2;1;2016-08-17 15:10:00;85;0;35;20;25;0;-1;1;-1;-1;-1;-1;-1;-1;0;2;2;2;2;4;-1;0;0;0;0;0;0;0;1;0;1;0;0;0;1;1;0;0;-1;-1;0;0;-1;-1;-1;-1;-1;-1;-1;-1;-1;25;30;45;60;95;30;70;70;50;12.8;5.5;2.3;2.9;Trakai;Žalgiris;2.12;2.19;2.5;1.9;2.05;2.35;75;70;55;40;5;65;55;50;0;0;0;259;33;Y;Y;Y;N;N;N;Y
74498;1230;1228;2016;complete;362;22;-1;;;0;0;0;5;4;9;6;1;4;0;0;1;4;5;8;3;12;8;14;8;63;37;4;2;0;0;0;0;0;0;0;0;0;0;0;0;0;0;0;0;0;0;0;0;0;0;0;0;0;0;0;0;0;0;0;0;0;0;0;0;0;0;0;0;0;0;0;0;0;0;0;0;0;0;0;0;0;0;0;0;0;0;0;0;0;0;0;0;0;0;0;0;0;0;0;0;0;0;0;2016-08-17 16:30:00;-1;0;40;10;25;0;-1;1;-1;-1;-1;-1;-1;-1;2;1;2;0;3;2;-1;0;0;0;0;0;0;0;0;0;0;0;0;0;1;1;0;0;-1;-1;0;0;-1;-1;-1;-1;-1;-1;-1;-1;-1;15;25;55;70;100;30;65;85;45;9.8;4.1;2.9;2.75;Sūduva;Jonava;2.12;0.88;2.2;0.7;2;0.86;85;75;45;30;0;85;70;60;0;0;0;259;33;N;N;N;N;N;N;N
74499;1231;1227;2016;complete;362;22;-1;51;70;1;1;2;5;0;5;2;6;2;2;0;0;5;8;6;5;11;13;18;21;52;48;2;2;0;0;0;0;0;0;0;0;0;0;0;0;0;0;0;0;0;0;0;0;0;0;0;0;0;0;0;0;0;0;0;0;0;0;0;0;0;0;0;0;0;0;0;0;0;0;0;0;0;0;0;0;0;0;0;0;0;0;0;0;0;0;0;0;0;0;0;0;2;0;0;1;1;2;0;2016-08-18 15:30:00;-1;0;55;5;45;0;-1;1;-1;-1;-1;-1;-1;-1;1;0;1;2;1;3;-1;0;0;0;0;0;0;0;0;0;0;0;0;0;1;1;0;0;-1;-1;0;0;-1;-1;-1;-1;-1;-1;-1;-1;-1;10;35;55;80;100;15;60;85;70;7.5;4.7;3.9;2.95;Kauno Žalgiris;Utenis Utena;0.5;0.36;0.5;0.3;0.57;0.62;90;65;45;20;0;85;75;40;0;0;0;259;28;Y;Y;N;N;N;N;Y
74500;1233;1230;2016;complete;362;23;-1;11,55;66;2;1;3;10;1;11;7;1;2;1;0;0;7;2;7;3;14;5;10;8;46;54;2;1;0;0;0;0;0;0;0;0;0;0;0;0;0;0;0;0;0;0;0;0;0;0;0;0;0;0;0;0;0;0;0;0;0;0;0;0;0;0;0;0;0;0;0;0;0;0;0;0;0;0;0;0;0;0;0;0;0;0;0;0;0;0;0;0;0;0;0;0;3;1;0;1;1;2;1;2016-08-24 15:00:00;1233;0;63;15;43;0;-1;1;-1;-1;-1;-1;-1;-1;0;0;2;1;0;3;-1;0;0;0;0;0;0;0;0;0;0;0;0;0;1;1;0;0;-1;-1;0;0;-1;-1;-1;-1;-1;-1;-1;-1;-1;15;39;53;86;100;34;58;86;62;14.64;6.37;3.35;2.93;Atlantas;Sūduva;1.94;1.38;2.09;1.8;1.91;1.95;85;61;47;14;0;80;80;76;0;0;0;259;33;Y;Y;Y;N;N;N;Y
74501;85;1229;2016;complete;362;23;-1;21,34,64;90;3;1;4;7;5;12;3;2;2;2;0;0;5;0;6;5;11;5;5;11;59;41;2;2;0;0;0;0;0;0;0;0;0;0;0;0;0;0;0;0;0;0;0;0;0;0;0;0;0;0;0;0;0;0;0;0;0;0;0;0;0;0;0;0;0;0;0;0;0;0;0;0;0;0;0;0;0;0;0;0;0;0;0;0;0;0;0;0;0;0;0;0;4;2;0;1;1;2;2;2016-08-24 16:30:00;85;0;43;9;29;0;-1;1;-1;-1;-1;-1;-1;-1;0;1;2;1;1;3;-1;0;0;0;0;0;0;0;0;0;0;0;0;0;1;1;0;0;-1;-1;0;0;-1;-1;-1;-1;-1;-1;-1;-1;-1;15;34;48;82;96;29;67;82;58;13.32;7.61;3.61;2.74;Žalgiris;Stumbras;2.41;0.94;2.8;1;2.38;1;86;66;52;19;5;86;62;48;0;0;0;259;33;Y;Y;Y;Y;N;N;Y
74502;1228;1227;2016;complete;362;23;-1;80;;1;0;1;4;3;7;1;1;1;2;0;0;6;9;7;1;13;10;15;28;50;50;1;2;0;0;0;0;0;0;0;0;0;0;0;0;0;0;0;0;0;0;0;0;0;0;0;0;0;0;0;0;0;0;0;0;0;0;0;0;0;0;0;0;0;0;0;0;0;0;0;0;0;0;0;0;0;0;0;0;0;0;0;0;0;0;0;0;0;0;0;0;1;0;0;1;0;1;0;2016-08-25 15:00:00;1228;0;60;18;32;0;-1;1;-1;-1;-1;-1;-1;-1;0;1;1;1;1;2;-1;0;0;0;0;0;0;0;0;0;0;0;0;0;1;1;0;0;-1;-1;0;0;-1;-1;-1;-1;-1;-1;-1;-1;-1;9;27;41;69;100;27;64;78;50;7.55;3.82;3.55;2.55;Jonava;Utenis Utena;1.06;0.36;1;0.36;0.86;0.64;91;73;60;32;0;87;82;50;0;0;0;259;28;Y;N;N;N;N;N;N
74503;1232;1231;2016;complete;362;23;-1;55,64,67;;3;0;3;7;7;14;3;2;4;1;0;0;4;4;7;11;11;15;12;13;56;44;4;1;0;0;0;0;0;0;0;0;0;0;0;0;0;0;0;0;0;0;0;0;0;0;0;0;0;0;0;0;0;0;0;0;0;0;0;0;0;0;0;0;0;0;0;0;0;0;0;0;0;0;0;0;0;0;0;0;0;0;0;0;0;0;0;0;0;0;0;0;3;0;0;3;0;3;0;2016-08-25 16:30:00;1232;0;50;18;36;0;-1;1;-1;-1;-1;-1;-1;-1;1;1;3;0;2;3;-1;0;0;0;0;0;0;0;0;0;0;0;0;0;1;1;0;0;-1;-1;0;0;-1;-1;-1;-1;-1;-1;-1;-1;-1;18;36;60;73;87;36;78;78;60;9.82;5.09;2.73;2.82;Trakai;Kauno Žalgiris;2.12;0.57;2.27;0.64;1.95;0.59;82;64;41;27;14;60;50;36;0;0;0;259;28;Y;Y;Y;N;N;N;N
74504;85;1230;2016;complete;362;17;-1;5,51,89,90;72;4;1;5;14;3;17;5;2;0;0;0;0;11;4;10;9;21;13;11;6;53;47;0;0;0;0;0;0;0;0;0;0;0;0;0;0;0;0;0;0;0;0;0;0;0;0;0;0;0;0;0;0;0;0;0;0;0;0;0;0;0;0;0;0;0;0;0;0;0;0;0;0;0;0;0;0;0;0;0;0;0;0;0;0;0;0;0;0;0;0;0;0;5;1;0;3;1;4;1;2016-08-28 15:30:00;85;0;69;14;50;0;-1;-1;-1;-1;-1;-1;-1;-1;0;0;0;0;0;0;-1;0;0;0;0;0;0;0;1;0;1;0;0;0;1;1;1;0;-1;-1;-1;-1;-1;-1;-1;-1;-1;-1;-1;-1;-1;23;55;69;91;100;41;78;87;73;13;7.46;3.55;3.36;Žalgiris;Sūduva;2.41;1.38;2.82;1.64;2.41;1.86;78;45;32;9;0;73;64;55;0;0;0;259;33;Y;Y;Y;Y;Y;N;Y
74505;1230;85;2016;complete;362;24;-1;;;0;0;0;5;6;11;4;4;3;1;0;0;0;7;5;8;5;15;14;10;43;57;3;1;0;0;0;0;0;0;0;0;0;0;0;0;0;0;0;0;0;0;0;0;0;0;0;0;0;0;0;0;0;0;0;0;0;0;0;0;0;0;0;0;0;0;0;0;0;0;0;0;0;0;0;0;0;0;0;0;0;0;0;0;0;0;0;0;0;0;0;0;0;0;0;0;0;0;0;2016-09-07 15:10:00;-1;0;36;9;32;0;-1;1;-1;-1;-1;-1;-1;-1;0;0;3;1;0;4;-1;0;0;0;0;0;0;0;0;0;0;0;0;0;1;1;0;0;-1;-1;0;0;-1;-1;-1;-1;-1;-1;-1;-1;-1;18;18;41;50;96;18;50;73;41;13.28;5.82;2.73;2.5;Sūduva;Žalgiris;2.12;2.19;2.09;2;1.78;2.43;82;82;60;50;5;87;78;60;0;0;0;259;33;N;N;N;N;N;N;N
74506;1229;1232;2016;complete;362;24;-1;67;5,12,59,77;1;4;5;5;6;11;8;2;2;2;0;0;3;5;4;8;7;13;11;13;40;60;2;2;0;0;0;0;0;0;0;0;0;0;0;0;0;0;0;0;0;0;0;0;0;0;0;0;0;0;0;0;0;0;0;0;0;0;0;0;0;0;0;0;0;0;0;0;0;0;0;0;0;0;0;0;0;0;0;0;0;0;0;0;0;0;0;0;0;0;0;0;5;0;2;1;2;3;2;2016-09-07 16:30:00;1232;0;41;23;27;0;-1;1;-1;-1;-1;-1;-1;-1;0;0;2;2;0;4;-1;0;0;0;0;0;0;0;0;1;0;1;0;0;1;1;0;1;-1;-1;0;0;-1;-1;-1;-1;-1;-1;-1;-1;-1;23;41;46;78;87;41;69;82;41;10;5.09;3.73;2.91;Stumbras;Trakai;1.06;1.94;1;1.64;0.96;2;78;59;55;23;14;73;60;45;0;0;0;259;33;Y;Y;Y;Y;Y;N;Y
74507;1227;1233;2016;complete;362;24;-1;74;39;1;1;2;7;4;11;4;1;2;3;0;1;5;4;7;13;12;17;10;18;52;48;2;4;0;0;0;0;0;0;0;0;0;0;0;0;0;0;0;0;0;0;0;0;0;0;0;0;0;0;0;0;0;0;0;0;0;0;0;0;0;0;0;0;0;0;0;0;0;0;0;0;0;0;0;0;0;0;0;0;0;0;0;0;0;0;0;0;0;0;0;0;2;0;1;1;0;1;1;2016-09-08 14:30:00;-1;0;32;18;23;0;-1;1;-1;-1;-1;-1;-1;-1;1;0;1;4;1;5;-1;0;0;0;0;0;0;0;0;1;0;1;0;0;1;1;0;0;-1;-1;0;0;-1;-1;-1;-1;-1;-1;-1;-1;-1;18;27;41;69;96;37;69;73;41;10.46;4.73;4.27;2.6;Utenis Utena;Atlantas;0.79;1.47;0.91;1.73;0.61;1.96;82;73;60;32;5;78;64;45;0;0;0;259;28;Y;Y;N;N;N;N;Y
74508;1231;1228;2016;complete;362;24;-1;;39;0;1;1;11;3;14;5;2;5;1;0;0;4;4;8;2;12;6;14;15;55;45;5;1;0;0;0;0;0;0;0;0;0;0;0;0;0;0;0;0;0;0;0;0;0;0;0;0;0;0;0;0;0;0;0;0;0;0;0;0;0;0;0;0;0;0;0;0;0;0;0;0;0;0;0;0;0;0;0;0;0;0;0;0;0;0;0;0;0;0;0;0;1;0;1;0;0;0;1;2016-09-08 16:30:00;1228;0;55;9;37;0;-1;1;-1;-1;-1;-1;-1;-1;4;1;1;0;5;1;-1;0;0;0;0;0;0;0;0;0;0;0;0;0;1;1;0;0;-1;-1;0;0;-1;-1;-1;-1;-1;-1;-1;-1;-1;14;36;60;87;96;27;73;87;64;6.64;4.27;4;3;Kauno Žalgiris;Jonava;0.5;0.88;0.55;0.73;0.57;0.96;87;64;41;14;5;78;60;46;0;0;0;259;28;Y;N;N;N;N;N;N
74509;1232;1230;2016;complete;362;25;-1;44,66;;2;0;2;3;5;8;3;3;2;1;0;0;8;2;3;6;11;8;11;13;53;47;2;1;0;0;0;0;0;0;0;0;0;0;0;0;0;0;0;0;0;0;0;0;0;0;0;0;0;0;0;0;0;0;0;0;0;0;0;0;0;0;0;0;0;0;0;0;0;0;0;0;0;0;0;0;0;0;0;0;0;0;0;0;0;0;0;0;0;0;0;0;2;1;0;1;0;1;1;2016-09-14 15:10:00;1232;0;58;21;42;0;-1;1;-1;-1;-1;-1;-1;-1;1;0;1;1;1;2;-1;0;0;0;0;0;0;0;0;0;0;0;0;0;1;1;0;0;-1;-1;0;0;-1;-1;-1;-1;-1;-1;-1;-1;-1;25;42;67;84;96;34;79;79;63;11.41;5.33;3;3.21;Trakai;Sūduva;2.12;1.38;2.33;1.5;2.04;1.75;75;59;34;17;4;63;55;50;0;0;0;259;33;Y;Y;N;N;N;N;N
74510;1229;1231;2016;complete;362;25;-1;36,90;66,81;2;2;4;1;5;6;1;2;3;4;0;0;5;4;4;7;9;11;13;20;44;56;3;4;0;0;0;0;0;0;0;0;0;0;0;0;0;0;0;0;0;0;0;0;0;0;0;0;0;0;0;0;0;0;0;0;0;0;0;0;0;0;0;0;0;0;0;0;0;0;0;0;0;0;0;0;0;0;0;0;0;0;0;0;0;0;0;0;0;0;0;0;4;1;0;1;2;3;1;2016-09-14 16:30:00;-1;0;58;30;42;0;-1;1;-1;-1;-1;-1;-1;-1;0;0;3;4;0;7;-1;0;0;0;0;0;0;0;0;0;0;0;0;0;1;1;0;0;-1;-1;0;0;-1;-1;-1;-1;-1;-1;-1;-1;-1;34;50;67;79;83;55;75;83;59;8.08;5.41;3.66;3.29;Stumbras;Kauno Žalgiris;1.06;0.57;0.92;0.58;0.92;0.54;67;50;33;21;17;67;63;50;0;0;0;259;28;Y;Y;Y;Y;N;N;Y
74511;1233;1228;2016;complete;362;25;-1;;;0;0;0;16;1;17;1;1;0;3;0;0;9;3;16;1;25;4;15;16;62;38;0;3;0;0;0;0;0;0;0;0;0;0;0;0;0;0;0;0;0;0;0;0;0;0;0;0;0;0;0;0;0;0;0;0;0;0;0;0;0;0;0;0;0;0;0;0;0;0;0;0;0;0;0;0;0;0;0;0;0;0;0;0;0;0;0;0;0;0;0;0;0;0;0;0;0;0;0;2016-09-15 15:00:00;-1;0;46;9;30;0;-1;1;-1;-1;-1;-1;-1;-1;0;0;0;3;0;3;-1;0;0;0;0;0;0;0;0;0;0;0;0;0;1;1;0;0;-1;-1;0;0;-1;-1;-1;-1;-1;-1;-1;-1;-1;9;25;50;79;96;30;63;84;59;11.75;5.08;3.5;2.63;Atlantas;Jonava;1.94;0.88;2.17;0.92;1.92;1.04;92;75;50;21;4;92;79;75;0;0;0;259;33;N;N;N;N;N;N;N
74512;85;1227;2016;complete;362;25;-1;64,86;81;2;1;3;9;6;15;4;2;3;2;0;0;6;3;11;8;17;11;15;15;56;44;3;2;0;0;0;0;0;0;0;0;0;0;0;0;0;0;0;0;0;0;0;0;0;0;0;0;0;0;0;0;0;0;0;0;0;0;0;0;0;0;0;0;0;0;0;0;0;0;0;0;0;0;0;0;0;0;0;0;0;0;0;0;0;0;0;0;0;0;0;0;3;0;0;2;1;3;0;2016-09-15 16:30:00;85;0;54;4;46;0;-1;1;-1;-1;-1;-1;-1;-1;0;0;3;2;0;5;-1;0;0;0;0;0;0;0;0;0;0;0;0;0;1;1;0;0;-1;-1;0;0;-1;-1;-1;-1;-1;-1;-1;-1;-1;17;42;55;80;100;25;59;88;75;11.58;6.66;3.58;3;Žalgiris;Utenis Utena;2.41;0.36;2.83;0.33;2.38;0.63;84;59;46;21;0;79;67;42;0;0;0;259;28;Y;Y;Y;N;N;N;Y
74513;1227;1232;2016;complete;362;26;-1;;19;0;1;1;1;6;7;2;3;4;0;0;0;2;4;2;10;4;14;16;10;38;62;4;0;0;0;0;0;0;0;0;0;0;0;0;0;0;0;0;0;0;0;0;0;0;0;0;0;0;0;0;0;0;0;0;0;0;0;0;0;0;0;0;0;0;0;0;0;0;0;0;0;0;0;0;0;0;0;0;0;0;0;0;0;0;0;0;0;0;0;0;0;1;0;1;0;0;0;1;2016-09-19 13:30:00;1232;0;38;13;21;0;-1;1;-1;-1;-1;-1;-1;-1;2;0;2;0;2;2;-1;0;0;0;0;0;0;0;0;0;0;0;0;0;1;1;0;0;-1;-1;0;0;-1;-1;-1;-1;-1;-1;-1;-1;-1;13;33;38;71;92;38;67;75;42;10.25;4.84;3.59;2.5;Utenis Utena;Trakai;0.79;1.94;0.92;1.75;0.6;2.08;88;67;63;29;8;79;63;50;0;0;0;259;28;Y;N;N;N;N;N;N
74514;1228;85;2016;complete;362;26;-1;;48,56,66,78;0;4;4;3;6;9;2;4;2;1;0;0;2;9;4;8;6;17;14;10;45;55;2;1;0;0;0;0;0;0;0;0;0;0;0;0;0;0;0;0;0;0;0;0;0;0;0;0;0;0;0;0;0;0;0;0;0;0;0;0;0;0;0;0;0;0;0;0;0;0;0;0;0;0;0;0;0;0;0;0;0;0;0;0;0;0;0;0;0;0;0;0;4;0;0;0;4;4;0;2016-09-20 13:30:00;85;0;50;21;25;0;-1;1;-1;-1;-1;-1;-1;-1;2;1;0;0;3;0;-1;0;0;0;0;0;0;0;0;0;0;0;0;0;1;1;0;0;-1;-1;0;0;-1;-1;-1;-1;-1;-1;-1;-1;-1;17;25;38;54;96;29;67;71;38;10.42;4.58;3.08;2.5;Jonava;Žalgiris;1.06;2.19;1.17;1.92;1.04;2.4;84;75;63;46;4;83;83;63;0;0;0;259;33;Y;Y;Y;Y;N;N;N
74515;1230;1229;2016;complete;362;26;-1;69,89;;2;0;2;6;2;8;0;1;2;1;0;0;6;4;7;2;13;6;7;12;53;47;2;1;0;0;0;0;0;0;0;0;0;0;0;0;0;0;0;0;0;0;0;0;0;0;0;0;0;0;0;0;0;0;0;0;0;0;0;0;0;0;0;0;0;0;0;0;0;0;0;0;0;0;0;0;0;0;0;0;0;0;0;0;0;0;0;0;0;0;0;0;2;0;0;2;0;2;0;2016-09-20 15:30:00;1230;0;34;9;25;0;-1;1;-1;-1;-1;-1;-1;-1;0;1;2;0;1;2;-1;0;0;0;0;0;0;0;0;0;0;0;0;0;1;1;0;0;-1;-1;0;0;-1;-1;-1;-1;-1;-1;-1;-1;-1;8;17;38;59;88;21;50;71;34;12.33;5.83;3.17;2.13;Sūduva;Stumbras;2.12;0.94;2;0.92;1.68;0.92;92;84;63;42;13;92;71;58;0;0;0;259;33;Y;Y;N;N;N;N;N
74516;1231;1233;2016;complete;362;26;-1;90;37;1;1;2;9;4;13;5;1;2;1;0;0;10;4;2;9;12;13;7;24;53;47;2;1;0;0;0;0;0;0;0;0;0;0;0;0;0;0;0;0;0;0;0;0;0;0;0;0;0;0;0;0;0;0;0;0;0;0;0;0;0;0;0;0;0;0;0;0;0;0;0;0;0;0;0;0;0;0;0;0;0;0;0;0;0;0;0;0;0;0;0;0;2;0;1;1;0;1;1;2016-09-21 15:00:00;-1;0;46;4;38;0;-1;1;-1;-1;-1;-1;-1;-1;0;0;2;1;0;3;-1;0;0;0;0;0;0;0;0;0;0;0;0;0;1;1;0;0;-1;-1;0;0;-1;-1;-1;-1;-1;-1;-1;-1;-1;13;25;42;79;100;13;67;83;50;10.58;5.58;4.67;2.67;Kauno Žalgiris;Atlantas;0.5;1.47;0.5;1.67;0.56;1.88;88;75;59;21;0;79;71;46;0;0;0;259;28;Y;Y;N;N;N;N;Y
74517;1230;1231;2016;complete;362;27;-1;67,74;;2;0;2;8;7;15;6;4;3;1;0;0;7;2;10;7;17;9;19;13;55;45;3;1;0;0;0;0;0;0;0;0;0;0;0;0;0;0;0;0;0;0;0;0;0;0;0;0;0;0;0;0;0;0;0;0;0;0;0;0;0;0;0;0;0;0;0;0;0;0;0;0;0;0;0;0;0;0;0;0;0;0;0;0;0;0;0;0;0;0;0;0;2;0;0;2;0;2;0;2016-10-01 12:00:00;1230;0;43;8;35;0;-1;1;-1;-1;-1;-1;-1;-1;0;0;3;1;0;4;-1;0;0;0;0;0;0;0;0;0;0;0;0;0;1;1;0;0;-1;-1;0;0;-1;-1;-1;-1;-1;-1;-1;-1;-1;12;27;50;62;85;23;50;77;50;10.69;5.31;3.08;2.39;Sūduva;Kauno Žalgiris;2.12;0.57;2.08;0.62;1.73;0.58;89;73;50;39;15;74;66;50;0;0;0;259;28;Y;Y;N;N;N;N;N
74518;85;1233;2016;complete;362;27;-1;;84;0;1;1;10;8;18;6;7;2;3;0;0;4;3;9;13;13;16;11;19;56;44;2;3;0;0;0;0;0;0;0;0;0;0;0;0;0;0;0;0;0;0;0;0;0;0;0;0;0;0;0;0;0;0;0;0;0;0;0;0;0;0;0;0;0;0;0;0;0;0;0;0;0;0;0;0;0;0;0;0;0;0;0;0;0;0;0;0;0;0;0;0;1;0;0;0;1;1;0;2016-10-01 15:00:00;1233;0;50;4;39;0;-1;1;-1;-1;-1;-1;-1;-1;0;2;2;1;2;3;-1;0;0;0;0;0;0;0;0;1;0;1;0;0;1;1;0;0;-1;-1;0;0;-1;-1;-1;-1;-1;-1;-1;-1;-1;19;35;50;85;100;23;69;89;58;14.23;7;4.07;2.92;Žalgiris;Atlantas;2.41;1.47;2.85;1.62;2.42;1.85;81;66;50;16;0;85;73;54;0;0;0;259;33;Y;N;N;N;N;N;N
74519;1229;1227;2016;complete;362;27;-1;28;90;1;1;2;6;2;8;3;4;2;2;0;0;6;8;6;5;12;13;27;9;44;56;2;2;0;0;0;0;0;0;0;0;0;0;0;0;0;0;0;0;0;0;0;0;0;0;0;0;0;0;0;0;0;0;0;0;0;0;0;0;0;0;0;0;0;0;0;0;0;0;0;0;0;0;0;0;0;0;0;0;0;0;0;0;0;0;0;0;0;0;0;0;2;1;0;0;1;1;1;2016-10-02 10:00:00;-1;0;58;23;46;0;-1;1;-1;-1;-1;-1;-1;-1;0;1;2;1;1;3;-1;0;0;0;0;0;0;0;0;0;0;0;0;0;1;1;0;0;-1;-1;0;0;-1;-1;-1;-1;-1;-1;-1;-1;-1;27;43;58;77;93;39;62;85;62;7.54;4.77;4.15;3.2;Stumbras;Utenis Utena;1.06;0.36;0.92;0.31;0.88;0.58;73;58;43;23;8;70;62;42;0;0;0;259;28;Y;Y;N;N;N;N;Y
74520;1232;1228;2016;complete;362;27;-1;;4,37;0;2;2;4;2;6;2;4;0;1;0;0;6;7;18;7;24;14;8;15;68;32;0;1;0;0;0;0;0;0;0;0;0;0;0;0;0;0;0;0;0;0;0;0;0;0;0;0;0;0;0;0;0;0;0;0;0;0;0;0;0;0;0;0;0;0;0;0;0;0;0;0;0;0;0;0;0;0;0;0;0;0;0;0;0;0;0;0;0;0;0;0;2;0;2;0;0;0;2;2016-10-02 15:00:00;1228;0;35;15;19;0;-1;1;-1;-1;-1;-1;-1;-1;0;0;0;1;0;1;-1;0;0;0;0;0;0;0;0;0;0;0;0;0;1;1;0;1;-1;-1;0;0;-1;-1;-1;-1;-1;-1;-1;-1;-1;15;27;54;73;89;31;77;73;50;8.7;4;3.46;2.7;Trakai;Jonava;2.12;0.88;2.38;0.92;2.12;1;85;73;46;27;12;70;50;47;0;0;0;259;33;Y;Y;N;N;N;N;N
74521;1227;1230;2016;complete;362;28;-1;72;8,59;1;2;3;4;3;7;3;2;0;1;0;0;7;5;5;11;12;16;9;7;49;51;0;1;0;0;0;0;0;0;0;0;0;0;0;0;0;0;0;0;0;0;0;0;0;0;0;0;0;0;0;0;0;0;0;0;0;0;0;0;0;0;0;0;0;0;0;0;0;0;0;0;0;0;0;0;0;0;0;0;0;0;0;0;0;0;0;0;0;0;0;0;3;0;1;1;1;2;1;2016-10-16 11:00:00;1230;0;58;23;35;0;-1;1;-1;-1;-1;-1;-1;-1;0;0;0;1;0;1;-1;0;0;0;0;0;0;0;0;0;0;0;0;0;1;1;0;1;-1;-1;0;0;-1;-1;-1;-1;-1;-1;-1;-1;-1;23;43;54;77;96;42;81;74;50;9.23;5;3.7;2.96;Utenis Utena;Sūduva;0.79;1.38;0.85;1.38;0.59;1.78;77;58;47;23;4;66;58;54;0;0;0;259;28;Y;Y;Y;N;N;N;Y
74522;1228;1229;2016;complete;362;28;-1;27;1,34,37,57;1;4;5;9;2;11;2;6;0;4;0;0;11;7;5;8;16;15;20;22;55;45;0;4;0;0;0;0;0;0;0;0;0;0;0;0;0;0;0;0;0;0;0;0;0;0;0;0;0;0;0;0;0;0;0;0;0;0;0;0;0;0;0;0;0;0;0;0;0;0;0;0;0;0;0;0;0;0;0;0;0;0;0;0;0;0;0;0;0;0;0;0;5;1;3;0;1;1;4;2016-10-16 11:00:00;1229;0;46;19;19;0;-1;1;-1;-1;-1;-1;-1;-1;0;1;0;3;1;3;-1;0;0;0;0;0;0;0;0;0;0;0;0;0;1;1;0;1;-1;-1;0;0;-1;-1;-1;-1;-1;-1;-1;-1;-1;8;27;38;70;96;31;66;77;39;9.31;4.31;3.39;2.38;Jonava;Stumbras;1.06;0.94;1.08;0.85;1.07;0.89;92;73;62;31;4;85;70;54;0;0;0;259;33;Y;Y;Y;Y;Y;N;Y
74523;1233;1232;2016;complete;362;28;-1;;69;0;1;1;7;2;9;3;4;4;2;0;0;3;4;12;7;15;11;16;16;48;52;4;2;0;0;0;0;0;0;0;0;0;0;0;0;0;0;0;0;0;0;0;0;0;0;0;0;0;0;0;0;0;0;0;0;0;0;0;0;0;0;0;0;0;0;0;0;0;0;0;0;0;0;0;0;0;0;0;0;0;0;0;0;0;0;0;0;0;0;0;0;1;0;0;0;1;1;0;2016-10-16 11:00:00;1232;0;39;0;31;0;-1;1;-1;-1;-1;-1;-1;-1;2;0;2;2;2;4;-1;0;0;0;0;0;0;0;0;0;0;0;0;0;1;1;0;0;-1;-1;1;0;-1;-1;-1;-1;-1;-1;-1;-1;-1;4;23;35;73;92;19;50;81;50;15.39;6.07;2.92;2.27;Atlantas;Trakai;1.94;1.94;2.08;1.85;1.89;2.04;96;77;66;27;8;89;81;69;0;0;0;259;33;Y;N;N;N;N;N;N
74524;1231;85;2016;complete;362;28;-1;;48,90;0;2;2;1;6;7;1;3;3;0;0;0;6;9;2;3;8;12;15;16;48;52;3;0;0;0;0;0;0;0;0;0;0;0;0;0;0;0;0;0;0;0;0;0;0;0;0;0;0;0;0;0;0;0;0;0;0;0;0;0;0;0;0;0;0;0;0;0;0;0;0;0;0;0;0;0;0;0;0;0;0;0;0;0;0;0;0;0;0;0;0;0;2;0;0;0;2;2;0;2016-10-16 11:00:00;85;0;50;8;39;0;-1;1;-1;-1;-1;-1;-1;-1;2;0;1;0;2;1;-1;0;0;0;0;0;0;0;0;0;0;0;0;0;1;1;0;0;-1;-1;0;0;-1;-1;-1;-1;-1;-1;-1;-1;-1;16;31;46;70;96;16;62;77;58;11.08;6.23;3.69;2.81;Kauno Žalgiris;Žalgiris;0.5;2.19;0.54;2;0.56;2.33;85;69;54;31;4;81;73;54;0;0;0;259;28;Y;Y;N;N;N;N;N
74525;1233;1232;2016;complete;363;1;-1;;;0;0;0;0;0;0;0;4;1;0;0;0;0;0;0;0;0;0;19;8;-1;-1;1;0;0;0;0;0;0;0;0;0;0;0;0;0;0;0;0;0;0;0;0;0;0;0;0;0;0;0;0;0;0;0;0;0;0;0;0;0;0;0;0;0;0;0;0;0;0;0;0;0;0;0;0;0;0;0;0;0;0;0;0;0;0;0;0;0;0;0;0;0;0;0;0;0;0;0;0;2016-10-21 15:00:00;-1;0;36;0;29;0;-1;1;-1;-1;-1;-1;-1;-1;0;0;1;0;0;1;-1;0;0;0;0;0;0;0;0;0;0;0;0;0;1;1;0;0;-1;-1;0;0;-1;-1;-1;-1;-1;-1;-1;-1;-1;4;22;33;68;93;18;47;83;47;14.93;6.15;3.14;2.18;Atlantas;Trakai;1.94;1.94;1.93;1.93;1.82;2.07;97;79;68;33;7;90;75;65;0;0;0;259;33;N;N;N;N;N;N;N
74526;1228;85;2016;complete;363;1;-1;84;14,41,46,82;1;4;5;4;7;11;0;10;1;0;0;0;4;9;7;9;11;18;10;11;41;59;1;0;0;0;0;0;0;0;0;0;0;0;0;0;0;0;0;0;0;0;0;0;0;0;0;0;0;0;0;0;0;0;0;0;0;0;0;0;0;0;0;0;0;0;0;0;0;0;0;0;0;0;0;0;0;0;0;0;0;0;0;0;0;0;0;0;0;0;0;0;5;0;2;1;2;3;2;2016-10-22 10:00:00;85;0;47;22;22;0;-1;1;-1;-1;-1;-1;-1;-1;0;0;1;0;0;1;-1;0;0;0;0;0;0;0;0;0;0;0;0;0;1;1;0;0;-1;-1;0;0;-1;-1;-1;-1;-1;-1;-1;-1;-1;18;33;43;61;97;29;61;75;43;10.64;4.71;2.86;2.68;Jonava;Žalgiris;1.06;2.19;1;2.07;1.04;2.36;83;68;57;40;4;83;75;57;0;0;0;259;33;Y;Y;Y;Y;Y;N;Y
74527;1230;1229;2016;complete;363;1;-1;12,18,23,41,57,80;89;6;1;7;4;3;7;2;4;0;0;0;0;9;7;7;3;16;10;11;10;63;37;0;0;0;0;0;0;0;0;0;0;0;0;0;0;0;0;0;0;0;0;0;0;0;0;0;0;0;0;0;0;0;0;0;0;0;0;0;0;0;0;0;0;0;0;0;0;0;0;0;0;0;0;0;0;0;0;0;0;0;0;0;0;0;0;0;0;0;0;0;0;7;4;0;2;1;3;4;2016-10-22 11:00:00;1230;0;32;11;21;0;-1;-1;-1;-1;-1;-1;-1;-1;0;0;0;0;0;0;-1;0;0;0;0;0;0;0;0;0;0;0;0;0;1;1;0;0;-1;-1;-1;-1;-1;-1;-1;-1;-1;-1;-1;-1;-1;11;18;36;65;90;22;47;75;40;11.85;5.93;3.43;2.22;Sūduva;Stumbras;2.12;0.94;2.14;1;1.82;0.96;90;82;64;36;11;86;68;57;0;0;0;259;33;Y;Y;Y;Y;Y;Y;Y
74528;1229;1228;2016;complete;363;2;-1;4,79,86;40;3;1;4;5;4;9;5;2;3;2;0;0;7;3;6;3;13;6;21;13;46;54;3;2;0;0;0;0;0;0;0;0;0;0;0;0;0;0;0;0;0;0;0;0;0;0;0;0;0;0;0;0;0;0;0;0;0;0;0;0;0;0;0;0;0;0;0;0;0;0;0;0;0;0;0;0;0;0;0;0;0;0;0;0;0;0;0;0;0;0;0;0;4;1;1;2;0;2;2;2016-10-29 10:00:00;1229;0;50;25;29;0;-1;1;-1;-1;-1;-1;-1;-1;1;0;2;2;1;4;-1;0;0;0;0;0;0;0;0;0;0;0;0;0;1;1;1;0;-1;-1;0;0;-1;-1;-1;-1;-1;-1;-1;-1;-1;29;43;57;79;86;50;83;75;47;6.72;4.35;4.14;3.11;Stumbras;Jonava;1.06;0.88;0.93;1.07;0.93;1;72;57;43;22;14;68;54;50;0;0;0;259;33;Y;Y;Y;Y;N;N;Y
74529;1232;1230;2016;complete;363;2;-1;14;89;1;1;2;7;2;9;3;2;0;1;0;0;0;0;0;0;0;0;12;16;-1;-1;0;1;0;0;0;0;0;0;0;0;0;0;0;0;0;0;0;0;0;0;0;0;0;0;0;0;0;0;0;0;0;0;0;0;0;0;0;0;0;0;0;0;0;0;0;0;0;0;0;0;0;0;0;0;0;0;0;0;0;0;0;0;0;0;0;0;0;0;0;0;2;1;0;0;1;1;1;2016-10-29 13:00:00;-1;0;54;18;39;0;-1;1;-1;-1;-1;-1;-1;-1;0;0;0;1;0;1;-1;0;0;0;0;0;0;0;0;0;0;0;0;0;1;1;0;0;-1;-1;0;0;-1;-1;-1;-1;-1;-1;-1;-1;-1;22;36;61;86;97;33;83;79;57;10.85;5.29;2.86;3.07;Trakai;Sūduva;2.12;1.38;2.21;1.5;2.03;1.86;79;65;40;14;4;54;47;43;0;0;0;259;33;Y;Y;N;N;N;N;Y
74530;85;1233;2016;complete;363;2;-1;34,70;;2;0;2;9;4;13;5;1;2;1;0;0;5;6;7;6;12;12;19;9;55;45;2;1;0;0;0;0;0;0;0;0;0;0;0;0;0;0;0;0;0;0;0;0;0;0;0;0;0;0;0;0;0;0;0;0;0;0;0;0;0;0;0;0;0;0;0;0;0;0;0;0;0;0;0;0;0;0;0;0;0;0;0;0;0;0;0;0;0;0;0;0;2;1;0;1;0;1;1;2016-10-30 13:00:00;85;0;47;4;36;0;-1;1;-1;-1;-1;-1;-1;-1;1;1;1;0;2;1;-1;0;0;0;0;0;0;0;0;0;0;0;0;0;1;1;0;0;-1;-1;0;1;-1;-1;-1;-1;-1;-1;-1;-1;-1;18;32;47;79;100;22;64;90;54;14.5;7.43;4.14;2.79;Žalgiris;Atlantas;2.41;1.47;2.64;1.71;2.38;1.79;83;68;54;22;0;86;75;57;0;0;0;259;33;Y;Y;N;N;N;N;N
74531;1230;85;2016;complete;363;3;-1;54;37,42,71;1;3;4;9;6;15;1;2;2;1;0;0;6;9;12;5;18;14;12;11;51;49;2;1;0;0;0;0;0;0;0;0;0;0;0;0;0;0;0;0;0;0;0;0;0;0;0;0;0;0;0;0;0;0;0;0;0;0;0;0;0;0;0;0;0;0;0;0;0;0;0;0;0;0;0;0;0;0;0;0;0;0;0;0;0;0;0;0;0;0;0;0;4;0;2;1;1;2;2;2016-11-05 12:00:00;85;0;34;7;30;0;-1;1;-1;-1;-1;-1;-1;-1;2;0;0;1;2;1;-1;0;0;0;0;0;0;0;0;0;0;0;0;0;1;1;0;0;-1;-1;0;0;-1;-1;-1;-1;-1;-1;-1;-1;-1;20;23;40;57;90;20;43;73;50;12.94;6.46;2.66;2.57;Sūduva;Žalgiris;2.12;2.19;2.2;2.13;1.83;2.4;80;77;60;44;10;80;70;57;0;0;0;259;33;Y;Y;Y;Y;N;N;Y
74532;1232;1229;2016;complete;363;3;-1;73;79;1;1;2;6;1;7;2;2;0;0;0;0;8;5;6;8;14;13;13;20;71;29;0;0;0;0;0;0;0;0;0;0;0;0;0;0;0;0;0;0;0;0;0;0;0;0;0;0;0;0;0;0;0;0;0;0;0;0;0;0;0;0;0;0;0;0;0;0;0;0;0;0;0;0;0;0;0;0;0;0;0;0;0;0;0;0;0;0;0;0;0;0;2;0;0;1;1;2;0;2016-11-06 13:00:00;-1;0;40;17;24;0;-1;-1;-1;-1;-1;-1;-1;-1;0;0;0;0;0;0;-1;0;0;0;0;0;0;0;1;0;1;0;0;0;1;1;0;0;-1;-1;-1;-1;-1;-1;-1;-1;-1;-1;-1;-1;-1;17;27;47;80;93;34;74;77;47;10.87;5.53;3.07;2.77;Trakai;Stumbras;2.12;0.94;2.13;0.93;2;1;84;74;53;20;7;67;47;40;0;0;0;259;33;Y;Y;N;N;N;N;Y
74533;1233;1228;2016;complete;363;3;-1;14,39;83;2;1;3;14;6;20;1;1;0;4;0;0;10;3;15;6;25;9;18;13;55;45;0;4;0;0;0;0;0;0;0;0;0;0;0;0;0;0;0;0;0;0;0;0;0;0;0;0;0;0;0;0;0;0;0;0;0;0;0;0;0;0;0;0;0;0;0;0;0;0;0;0;0;0;0;0;0;0;0;0;0;0;0;0;0;0;0;0;0;0;0;0;3;2;0;0;1;1;2;2016-11-06 16:00:00;1233;0;40;10;23;0;-1;1;-1;-1;-1;-1;-1;-1;0;1;0;3;1;3;-1;0;0;0;0;0;0;0;0;0;0;0;0;0;1;1;0;0;-1;-1;0;0;-1;-1;-1;-1;-1;-1;-1;-1;-1;7;23;43;70;87;30;57;74;50;11.4;4.8;3.53;2.34;Atlantas;Jonava;1.94;0.88;1.87;1;1.73;0.97;94;77;57;30;13;87;70;67;0;0;0;259;33;Y;Y;Y;N;N;N;Y
74534;85;1229;2016;complete;363;4;-1;25,62;45,82;2;2;4;7;4;11;3;1;4;2;0;0;3;6;3;11;6;17;13;11;55;45;4;2;0;0;0;0;0;0;0;0;0;0;0;0;0;0;0;0;0;0;0;0;0;0;0;0;0;0;0;0;0;0;0;0;0;0;0;0;0;0;0;0;0;0;0;0;0;0;0;0;0;0;0;0;0;0;0;0;0;0;0;0;0;0;0;0;0;0;0;0;4;1;1;1;1;2;2;2016-11-18 17:15:00;-1;0;52;10;39;0;-1;1;-1;-1;-1;-1;-1;-1;1;1;3;1;2;4;-1;0;0;0;0;0;0;0;0;0;0;0;0;0;1;1;0;0;-1;-1;0;0;-1;-1;-1;-1;-1;-1;-1;-1;-1;20;39;52;84;97;33;65;87;62;13.08;7.61;3.48;2.97;Žalgiris;Stumbras;2.41;0.94;2.67;0.94;2.42;1;81;61;48;16;3;81;65;55;0;0;0;259;33;Y;Y;Y;Y;N;N;Y
74535;1230;1233;2016;complete;363;4;-1;12,45,62;27;3;1;4;6;6;12;2;4;2;1;0;0;8;6;5;5;13;11;11;9;46;54;2;1;0;0;0;0;0;0;0;0;0;0;0;0;0;0;0;0;0;0;0;0;0;0;0;0;0;0;0;0;0;0;0;0;0;0;0;0;0;0;0;0;0;0;0;0;0;0;0;0;0;0;0;0;0;0;0;0;0;0;0;0;0;0;0;0;0;0;0;0;4;2;1;1;0;1;3;2016-11-20 12:00:00;1230;0;32;4;26;0;-1;1;-1;-1;-1;-1;-1;-1;0;0;2;1;0;3;-1;0;0;0;0;0;0;0;0;0;0;0;0;0;1;1;0;0;-1;-1;0;0;-1;-1;-1;-1;-1;-1;-1;-1;-1;13;16;33;65;94;16;53;81;36;12.76;5.48;3.71;2.32;Sūduva;Atlantas;2.12;1.47;2.06;1.6;1.77;1.77;88;84;68;36;7;84;75;58;0;0;0;259;33;Y;Y;Y;Y;N;N;Y
74536;1232;1228;2016;complete;363;4;-1;33,51,90;76;3;1;4;12;1;13;5;0;2;1;0;0;11;4;14;1;25;5;13;7;65;35;2;1;0;0;0;0;0;0;0;0;0;0;0;0;0;0;0;0;0;0;0;0;0;0;0;0;0;0;0;0;0;0;0;0;0;0;0;0;0;0;0;0;0;0;0;0;0;0;0;0;0;0;0;0;0;0;0;0;0;0;0;0;0;0;0;0;0;0;0;0;4;1;0;2;1;3;1;2016-11-20 13:00:00;1232;0;41;16;19;0;-1;1;-1;-1;-1;-1;-1;-1;0;0;2;1;0;3;-1;0;0;0;0;0;0;0;0;0;0;0;0;0;1;1;0;0;-1;-1;0;0;-1;-1;-1;-1;-1;-1;-1;-1;-1;13;25;50;78;91;38;78;72;47;8.87;4.13;3.26;2.66;Trakai;Jonava;2.12;0.88;2.06;0.94;1.97;0.94;88;75;50;22;10;66;44;41;0;0;0;259;33;Y;Y;Y;Y;N;N;Y
74537;1229;1233;2016;complete;363;5;-1;37;90;1;1;2;4;8;12;5;0;2;0;0;0;3;4;4;14;7;18;13;9;45;55;2;0;0;0;0;0;0;0;0;0;0;0;0;0;0;0;0;0;0;0;0;0;0;0;0;0;0;0;0;0;0;0;0;0;0;0;0;0;0;0;0;0;0;0;0;0;0;0;0;0;0;0;0;0;0;0;0;0;0;0;0;0;0;0;0;0;0;0;0;0;2;1;0;0;1;1;1;2016-11-26 10:00:00;-1;0;53;27;30;0;-1;1;-1;-1;-1;-1;-1;-1;0;0;2;0;0;2;-1;0;0;0;0;0;0;0;0;0;0;0;0;0;1;1;0;0;-1;-1;0;0;-1;-1;-1;-1;-1;-1;-1;-1;-1;27;40;49;81;94;40;78;88;39;10.13;5.62;4.45;3.06;Stumbras;Atlantas;1.06;1.47;1.07;1.5;1;1.72;74;61;51;19;7;74;64;52;0;0;0;259;33;Y;Y;N;N;N;N;Y
74538;85;1232;2016;complete;363;5;-1;81;24,40,61;1;3;4;10;5;15;5;0;5;1;0;0;7;8;14;7;21;15;14;10;48;52;5;1;0;0;0;0;0;0;0;0;0;0;0;0;0;0;0;0;0;0;0;0;0;0;0;0;0;0;0;0;0;0;0;0;0;0;0;0;0;0;0;0;0;0;0;0;0;0;0;0;0;0;0;0;0;0;0;0;0;0;0;0;0;0;0;0;0;0;0;0;4;0;2;1;1;2;2;2016-11-26 10:00:00;1232;0;42;3;35;0;-1;1;-1;-1;-1;-1;-1;-1;1;0;4;1;1;5;-1;0;0;0;0;0;0;0;0;0;0;0;0;0;1;1;0;0;-1;-1;0;0;-1;-1;-1;-1;-1;-1;-1;-1;-1;13;39;45;74;94;26;61;84;54;13.59;7.43;3.35;2.63;Žalgiris;Trakai;2.41;1.94;2.56;1.87;2.38;2;87;62;56;27;7;81;64;52;0;0;0;259;33;Y;Y;Y;Y;N;N;Y
74539;1228;1230;2016;complete;363;5;-1;39,58,70;48,89;3;2;5;7;3;10;1;0;2;2;0;0;8;8;6;6;14;14;14;17;48;52;2;2;0;0;0;0;0;0;0;0;0;0;0;0;0;0;0;0;0;0;0;0;0;0;0;0;0;0;0;0;0;0;0;0;0;0;0;0;0;0;0;0;0;0;0;0;0;0;0;0;0;0;0;0;0;0;0;0;0;0;0;0;0;0;0;0;0;0;0;0;5;1;0;2;2;4;1;2016-11-26 10:00:00;1228;0;70;24;37;0;-1;1;-1;-1;-1;-1;-1;-1;2;1;0;1;3;1;-1;0;0;0;0;0;0;0;1;0;1;0;0;0;1;1;0;0;-1;-1;0;0;-1;-1;-1;-1;-1;-1;-1;-1;-1;24;44;57;80;100;37;80;84;47;9.13;4.26;2.93;3.03;Jonava;Sūduva;1.06;1.38;0.93;1.47;0.91;1.81;77;57;43;20;0;74;67;57;0;0;0;259;33;Y;Y;Y;Y;Y;N;Y
