ID;HOMEID;AWAYID;SEASON;STATUS;ROUNDID;GAME_WEEK;REVISED_GAME_WEEK;HOMEGOALS;AWAYGOALS;HOMEGOALCOUNT;AWAYGOALCOUNT;TOTALGOALCOUNT;TEAM_A_CORNERS;TEAM_B_CORNERS;TOTALCORNERCOUNT;TEAM_A_OFFSIDES;TEAM_B_OFFSIDES;TEAM_A_YELLOW_CARDS;TEAM_B_YELLOW_CARDS;TEAM_A_RED_CARDS;TEAM_B_RED_CARDS;TEAM_A_SHOTSONTARGET;TEAM_B_SHOTSONTARGET;TEAM_A_SHOTSOFFTARGET;TEAM_B_SHOTSOFFTARGET;TEAM_A_SHOTS;TEAM_B_SHOTS;TEAM_A_FOULS;TEAM_B_FOULS;TEAM_A_POSSESSION;TEAM_B_POSSESSION;TEAM_A_CARDS_NUM;TEAM_B_CARDS_NUM;ODDS_FT_1;ODDS_FT_X;ODDS_FT_2;ODDS_FT_OVER05;ODDS_FT_OVER15;ODDS_FT_OVER25;ODDS_FT_OVER35;ODDS_FT_OVER45;ODDS_FT_UNDER05;ODDS_FT_UNDER15;ODDS_FT_UNDER25;ODDS_FT_UNDER35;ODDS_FT_UNDER45;ODDS_BTTS_YES;ODDS_BTTS_NO;ODDS_TEAM_A_CS_YES;ODDS_TEAM_A_CS_NO;ODDS_TEAM_B_CS_YES;ODDS_TEAM_B_CS_NO;ODDS_DOUBLECHANCE_1X;ODDS_DOUBLECHANCE_12;ODDS_DOUBLECHANCE_X2;ODDS_1ST_HALF_RESULT_1;ODDS_1ST_HALF_RESULT_X;ODDS_1ST_HALF_RESULT_2;ODDS_2ND_HALF_RESULT_1;ODDS_2ND_HALF_RESULT_X;ODDS_2ND_HALF_RESULT_2;ODDS_DNB_1;ODDS_DNB_2;ODDS_CORNERS_OVER_75;ODDS_CORNERS_OVER_85;ODDS_CORNERS_OVER_95;ODDS_CORNERS_OVER_105;ODDS_CORNERS_OVER_115;ODDS_CORNERS_UNDER_75;ODDS_CORNERS_UNDER_85;ODDS_CORNERS_UNDER_95;ODDS_CORNERS_UNDER_105;ODDS_CORNERS_UNDER_115;ODDS_CORNERS_1;ODDS_CORNERS_X;ODDS_CORNERS_2;ODDS_TEAM_TO_SCORE_FIRST_1;ODDS_TEAM_TO_SCORE_FIRST_X;ODDS_TEAM_TO_SCORE_FIRST_2;ODDS_WIN_TO_NIL_1;ODDS_WIN_TO_NIL_2;ODDS_1ST_HALF_OVER05;ODDS_1ST_HALF_OVER15;ODDS_1ST_HALF_OVER25;ODDS_1ST_HALF_OVER35;ODDS_1ST_HALF_UNDER05;ODDS_1ST_HALF_UNDER15;ODDS_1ST_HALF_UNDER25;ODDS_1ST_HALF_UNDER35;ODDS_2ND_HALF_OVER05;ODDS_2ND_HALF_OVER15;ODDS_2ND_HALF_OVER25;ODDS_2ND_HALF_OVER35;ODDS_2ND_HALF_UNDER05;ODDS_2ND_HALF_UNDER15;ODDS_2ND_HALF_UNDER25;ODDS_2ND_HALF_UNDER35;ODDS_BTTS_1ST_HALF_YES;ODDS_BTTS_1ST_HALF_NO;ODDS_BTTS_2ND_HALF_YES;ODDS_BTTS_2ND_HALF_NO;OVERALLGOALCOUNT;HT_GOALS_TEAM_A;HT_GOALS_TEAM_B;GOALS_2HG_TEAM_A;GOALS_2HG_TEAM_B;GOALCOUNT_2HG;HTGOALCOUNT;DATE_UNIX;WINNINGTEAM;NO_HOME_AWAY;BTTS_POTENTIAL;BTTS_FHG_POTENTIAL;BTTS_2HG_POTENTIAL;GOALTIMINGDISABLED;CORNER_TIMINGS_RECORDED;CARD_TIMINGS_RECORDED;TEAM_A_FH_CORNERS;TEAM_B_FH_CORNERS;TEAM_A_2H_CORNERS;TEAM_B_2H_CORNERS;CORNER_FH_COUNT;CORNER_2H_COUNT;TEAM_A_FH_CARDS;TEAM_B_FH_CARDS;TEAM_A_2H_CARDS;TEAM_B_2H_CARDS;TOTAL_FH_CARDS;TOTAL_2H_CARDS;ATTACKS_RECORDED;TEAM_A_DANGEROUS_ATTACKS;TEAM_B_DANGEROUS_ATTACKS;TEAM_A_ATTACKS;TEAM_B_ATTACKS;TEAM_A_XG;TEAM_B_XG;TOTAL_XG;TEAM_A_PENALTIES_WON;TEAM_B_PENALTIES_WON;TEAM_A_PENALTY_GOALS;TEAM_B_PENALTY_GOALS;TEAM_A_PENALTY_MISSED;TEAM_B_PENALTY_MISSED;PENS_RECORDED;GOAL_TIMINGS_RECORDED;TEAM_A_0_10_MIN_GOALS;TEAM_B_0_10_MIN_GOALS;TEAM_A_CORNERS_0_10_MIN;TEAM_B_CORNERS_0_10_MIN;TEAM_A_CARDS_0_10_MIN;TEAM_B_CARDS_0_10_MIN;THROWINS_RECORDED;TEAM_A_THROWINS;TEAM_B_THROWINS;FREEKICKS_RECORDED;TEAM_A_FREEKICKS;TEAM_B_FREEKICKS;GOALKICKS_RECORDED;TEAM_A_GOALKICKS;TEAM_B_GOALKICKS;O45_POTENTIAL;O35_POTENTIAL;O25_POTENTIAL;O15_POTENTIAL;O05_POTENTIAL;O15HT_POTENTIAL;O05HT_POTENTIAL;O05_2H_POTENTIAL;O15_2H_POTENTIAL;CORNERS_POTENTIAL;OFFSIDES_POTENTIAL;CARDS_POTENTIAL;AVG_POTENTIAL;HOME_NAME;AWAY_NAME;HOME_PPG;AWAY_PPG;PRE_MATCH_HOME_PPG;PRE_MATCH_AWAY_PPG;PRE_MATCH_TEAMA_OVERALL_PPG;PRE_MATCH_TEAMB_OVERALL_PPG;U45_POTENTIAL;U35_POTENTIAL;U25_POTENTIAL;U15_POTENTIAL;U05_POTENTIAL;CORNERS_O85_POTENTIAL;CORNERS_O95_POTENTIAL;CORNERS_O105_POTENTIAL;TEAM_A_XG_PREMATCH;TEAM_B_XG_PREMATCH;TOTAL_XG_PREMATCH;COMPETITION_ID;MATCHES_COMPLETED_MINIMUM;OVER05;OVER15;OVER25;OVER35;OVER45;OVER55;BTTS
288005;5422;5423;2017/2018;complete;1857;1;-1;;;0;0;0;4;7;11;1;1;0;0;0;0;3;9;6;7;9;16;16;12;41;59;0;0;0;0;0;0;0;0;0;0;0;0;0;0;0;0;0;0;0;0;0;0;0;0;0;0;0;0;0;0;0;0;0;0;0;0;0;0;0;0;0;0;0;0;0;0;0;0;0;0;0;0;0;0;0;0;0;0;0;0;0;0;0;0;0;0;0;0;0;0;0;0;0;0;0;0;0;2017-11-17 14:30:00;-1;0;0;0;0;0;-1;-1;-1;-1;-1;-1;-1;-1;0;0;0;0;0;0;-1;0;0;0;0;0;0;0;0;0;0;0;0;0;1;1;0;0;-1;-1;-1;-1;-1;-1;-1;-1;-1;-1;-1;-1;-1;0;0;0;0;0;0;0;0;0;0;0;0;0;Kerala Blasters;ATK;1.22;0.89;0;0;0;0;0;0;0;0;0;0;0;0;0;0;0;967;18;N;N;N;N;N;N;N
288006;5420;5424;2017/2018;complete;1857;1;-1;;;0;0;0;10;3;13;0;3;0;2;0;1;3;2;13;10;16;12;15;15;55;45;0;4;0;0;0;0;0;0;0;0;0;0;0;0;0;0;0;0;0;0;0;0;0;0;0;0;0;0;0;0;0;0;0;0;0;0;0;0;0;0;0;0;0;0;0;0;0;0;0;0;0;0;0;0;0;0;0;0;0;0;0;0;0;0;0;0;0;0;0;0;0;0;0;0;0;0;0;2017-11-18 14:30:00;-1;0;0;0;0;0;-1;1;-1;-1;-1;-1;-1;-1;0;1;0;2;1;2;-1;0;0;0;0;0;0;0;0;0;0;0;0;0;1;1;0;0;-1;-1;0;0;-1;-1;-1;-1;-1;-1;-1;-1;-1;0;0;0;0;0;0;0;0;0;0;0;0;0;NorthEast United;Jamshedpur;0.78;1.67;0;0;0;0;0;0;0;0;0;0;0;0;0;0;0;967;18;N;N;N;N;N;N;N
288007;5417;5421;2017/2018;complete;1857;1;-1;70,84;25,29,38;2;3;5;4;1;5;5;1;3;1;0;0;6;7;6;11;12;18;10;7;55;45;3;1;0;0;0;0;0;0;0;0;0;0;0;0;0;0;0;0;0;0;0;0;0;0;0;0;0;0;0;0;0;0;0;0;0;0;0;0;0;0;0;0;0;0;0;0;0;0;0;0;0;0;0;0;0;0;0;0;0;0;0;0;0;0;0;0;0;0;0;0;5;0;3;2;0;2;3;2017-11-19 12:00:00;5421;0;0;0;0;0;-1;1;-1;-1;-1;-1;-1;-1;1;0;2;1;1;3;-1;0;0;0;0;0;0;0;1;0;1;0;0;0;1;1;0;0;-1;-1;0;0;-1;-1;-1;-1;-1;-1;-1;-1;-1;0;0;0;0;0;0;0;0;0;0;0;0;0;Chennaiyin;Goa;1.8;1.6;0;0;0;0;0;0;0;0;0;0;0;0;0;0;0;967;20;Y;Y;Y;Y;Y;N;Y
288008;5425;5416;2017/2018;complete;1857;1;-1;67,90;;2;0;2;9;1;10;-1;-1;1;2;0;0;6;0;11;4;17;4;-1;-1;47;53;1;2;0;0;0;0;0;0;0;0;0;0;0;0;0;0;0;0;0;0;0;0;0;0;0;0;0;0;0;0;0;0;0;0;0;0;0;0;0;0;0;0;0;0;0;0;0;0;0;0;0;0;0;0;0;0;0;0;0;0;0;0;0;0;0;0;0;0;0;0;2;0;0;2;0;2;0;2017-11-19 14:30:00;5425;0;0;0;0;0;-1;1;-1;-1;-1;-1;-1;-1;0;2;1;0;2;1;-1;0;0;0;0;0;0;0;0;0;0;0;0;0;1;1;0;0;-1;-1;0;0;-1;-1;-1;-1;-1;-1;-1;-1;-1;0;0;0;0;0;0;0;0;0;0;0;0;0;Bengaluru;Mumbai City;2;1.22;0;0;0;0;0;0;0;0;0;0;0;0;0;0;0;967;18;Y;Y;N;N;N;N;N
288009;5418;5419;2017/2018;complete;1857;1;-1;67,90;46,54,65;2;3;5;6;7;13;4;3;1;2;0;0;5;5;5;6;10;11;15;16;42;58;1;2;0;0;0;0;0;0;0;0;0;0;0;0;0;0;0;0;0;0;0;0;0;0;0;0;0;0;0;0;0;0;0;0;0;0;0;0;0;0;0;0;0;0;0;0;0;0;0;0;0;0;0;0;0;0;0;0;0;0;0;0;0;0;0;0;0;0;0;0;5;0;0;2;3;5;0;2017-11-22 14:30:00;5419;0;0;0;0;0;-1;1;-1;-1;-1;-1;-1;-1;0;0;1;2;0;3;-1;0;0;0;0;0;0;0;0;0;0;0;0;0;1;1;0;0;-1;-1;0;0;-1;-1;-1;-1;-1;-1;-1;-1;-1;0;0;0;0;0;0;0;0;0;0;0;0;0;Pune City;Odisha FC;1.3;0.89;0;0;0;0;0;0;0;0;0;0;0;0;0;0;0;967;18;Y;Y;Y;Y;Y;N;Y
288010;5417;5420;2017/2018;complete;1857;2;-1;11,24,84;;3;0;3;5;3;8;2;2;2;2;0;0;4;3;8;11;12;14;15;23;50;50;2;2;0;0;0;0;0;0;0;0;0;0;0;0;0;0;0;0;0;0;0;0;0;0;0;0;0;0;0;0;0;0;0;0;0;0;0;0;0;0;0;0;0;0;0;0;0;0;0;0;0;0;0;0;0;0;0;0;0;0;0;0;0;0;0;0;0;0;0;0;3;2;0;1;0;1;2;2017-11-23 14:30:00;5417;0;50;0;0;0;-1;1;-1;-1;-1;-1;-1;-1;0;0;2;2;0;4;-1;0;0;0;0;0;0;0;0;0;0;0;0;0;1;1;0;0;-1;-1;0;0;-1;-1;-1;-1;-1;-1;-1;-1;-1;50;50;50;50;50;50;50;50;50;4;5;3;2.5;Chennaiyin;NorthEast United;1.8;0.44;0;0;0;1;0;0;0;0;0;0;0;0;0;0;0;967;18;Y;Y;Y;N;N;N;N
288011;5422;5424;2017/2018;complete;1857;2;-1;;;0;0;0;0;6;6;0;1;2;3;0;0;3;7;7;9;10;16;15;9;57;43;2;3;0;0;0;0;0;0;0;0;0;0;0;0;0;0;0;0;0;0;0;0;0;0;0;0;0;0;0;0;0;0;0;0;0;0;0;0;0;0;0;0;0;0;0;0;0;0;0;0;0;0;0;0;0;0;0;0;0;0;0;0;0;0;0;0;0;0;0;0;0;0;0;0;0;0;0;2017-11-24 14:30:00;-1;0;0;0;0;0;-1;1;-1;-1;-1;-1;-1;-1;0;0;2;3;0;5;-1;0;0;0;0;0;0;0;0;0;0;0;0;0;1;1;0;0;-1;-1;0;0;-1;-1;-1;-1;-1;-1;-1;-1;-1;0;0;0;0;0;0;0;0;0;7;4;4;0;Kerala Blasters;Jamshedpur;1.22;1.67;1;1;1;1;100;100;100;100;100;100;100;100;0;0;0;967;18;N;N;N;N;N;N;N
288012;5416;5421;2017/2018;complete;1857;2;-1;59,88;83;2;1;3;1;7;8;3;2;3;2;0;0;5;8;7;7;12;15;13;12;38;62;3;2;0;0;0;0;0;0;0;0;0;0;0;0;0;0;0;0;0;0;0;0;0;0;0;0;0;0;0;0;0;0;0;0;0;0;0;0;0;0;0;0;0;0;0;0;0;0;0;0;0;0;0;0;0;0;0;0;0;0;0;0;0;0;0;0;0;0;0;0;3;0;0;2;1;3;0;2017-11-25 14:30:00;5416;0;50;0;0;0;-1;1;-1;-1;-1;-1;-1;-1;2;1;1;1;3;2;-1;0;0;0;0;0;0;0;0;0;0;0;0;0;1;1;0;0;-1;-1;0;0;-1;-1;-1;-1;-1;-1;-1;-1;-1;50;50;50;50;50;50;50;50;50;1;1;1;2.5;Mumbai City;Goa;1.33;1.6;0;3;0;3;0;0;0;0;0;0;0;0;0;0;0;967;18;Y;Y;Y;N;N;N;Y
288013;5423;5418;2017/2018;complete;1857;2;-1;50;13,51,60,80;1;4;5;5;3;8;2;3;2;2;0;0;6;2;10;1;16;3;18;15;59;41;2;2;0;0;0;0;0;0;0;0;0;0;0;0;0;0;0;0;0;0;0;0;0;0;0;0;0;0;0;0;0;0;0;0;0;0;0;0;0;0;0;0;0;0;0;0;0;0;0;0;0;0;0;0;0;0;0;0;0;0;0;0;0;0;0;0;0;0;0;0;5;0;1;1;3;4;1;2017-11-26 12:00:00;5418;0;0;0;0;0;-1;1;-1;-1;-1;-1;-1;-1;1;0;1;2;1;3;-1;0;0;0;0;0;0;0;0;0;0;0;0;0;1;1;0;0;-1;-1;0;0;-1;-1;-1;-1;-1;-1;-1;-1;-1;0;0;0;0;0;0;0;0;0;0;0;0;0;ATK;Pune City;0.89;1.8;0;0;1;0;0;0;0;0;0;0;0;0;0;0;0;967;18;Y;Y;Y;Y;Y;N;Y
288014;5425;5419;2017/2018;complete;1857;2;-1;23,45,57,87;86;4;1;5;6;5;11;0;2;0;2;0;0;11;4;8;3;19;7;16;14;45;55;0;2;0;0;0;0;0;0;0;0;0;0;0;0;0;0;0;0;0;0;0;0;0;0;0;0;0;0;0;0;0;0;0;0;0;0;0;0;0;0;0;0;0;0;0;0;0;0;0;0;0;0;0;0;0;0;0;0;0;0;0;0;0;0;0;0;0;0;0;0;5;2;0;2;1;3;2;2017-11-26 14:30:00;5425;0;50;0;50;0;-1;1;-1;-1;-1;-1;-1;-1;0;1;0;1;1;1;-1;0;0;0;0;0;0;0;0;1;0;1;0;0;1;1;0;0;-1;-1;0;0;-1;-1;-1;-1;-1;-1;-1;-1;-1;50;50;50;100;100;0;0;100;100;16;2;3;3.5;Bengaluru;Odisha FC;2;0.89;3;3;3;3;50;50;50;0;0;100;100;50;0;0;0;967;18;Y;Y;Y;Y;Y;N;Y
288015;5418;5416;2017/2018;complete;1857;3;-1;74,90;15;2;1;3;6;6;12;3;3;1;1;0;0;7;4;10;7;17;11;10;25;53;47;1;1;0;0;0;0;0;0;0;0;0;0;0;0;0;0;0;0;0;0;0;0;0;0;0;0;0;0;0;0;0;0;0;0;0;0;0;0;0;0;0;0;0;0;0;0;0;0;0;0;0;0;0;0;0;0;0;0;0;0;0;0;0;0;0;0;0;0;0;0;3;0;1;2;0;2;1;2017-11-29 14:30:00;5418;0;50;0;50;0;-1;1;-1;-1;-1;-1;-1;-1;0;1;1;0;1;1;-1;0;0;0;0;0;0;0;1;0;1;0;0;0;1;1;0;0;-1;-1;0;0;-1;-1;-1;-1;-1;-1;-1;-1;-1;50;50;50;100;100;0;0;100;100;7;3;3;3.5;Pune City;Mumbai City;1.3;1.22;0;0;1.5;1.5;50;50;50;0;0;100;100;50;0;0;0;967;18;Y;Y;Y;N;N;N;Y
288016;5421;5425;2017/2018;complete;1857;3;-1;16,33,40,63;20,57,60;4;3;7;5;2;7;5;1;0;3;0;1;6;8;3;7;9;15;11;17;63;37;0;5;0;0;0;0;0;0;0;0;0;0;0;0;0;0;0;0;0;0;0;0;0;0;0;0;0;0;0;0;0;0;0;0;0;0;0;0;0;0;0;0;0;0;0;0;0;0;0;0;0;0;0;0;0;0;0;0;0;0;0;0;0;0;0;0;0;0;0;0;7;3;1;1;2;3;4;2017-11-30 14:30:00;5421;0;0;0;0;0;-1;1;-1;-1;-1;-1;-1;-1;0;3;0;1;3;1;-1;0;0;0;0;0;0;0;1;0;1;0;0;0;1;1;0;0;-1;-1;0;1;-1;-1;-1;-1;-1;-1;-1;-1;-1;0;0;0;0;0;0;0;0;0;0;0;0;0;Goa;Bengaluru;1.5;2.2;0;0;1.5;3;0;0;0;0;0;0;0;0;0;0;0;967;20;Y;Y;Y;Y;Y;Y;Y
288017;5424;5423;2017/2018;complete;1857;3;-1;;;0;0;0;6;5;11;0;5;0;1;0;0;0;5;5;1;5;6;15;13;48;52;0;1;0;0;0;0;0;0;0;0;0;0;0;0;0;0;0;0;0;0;0;0;0;0;0;0;0;0;0;0;0;0;0;0;0;0;0;0;0;0;0;0;0;0;0;0;0;0;0;0;0;0;0;0;0;0;0;0;0;0;0;0;0;0;0;0;0;0;0;0;0;0;0;0;0;0;0;2017-12-01 14:30:00;-1;0;0;0;0;0;-1;1;-1;-1;-1;-1;-1;-1;0;0;0;1;0;1;-1;0;0;0;0;0;0;0;0;0;0;0;0;0;1;1;0;0;-1;-1;0;0;-1;-1;-1;-1;-1;-1;-1;-1;-1;0;0;0;0;0;0;0;0;0;7;1;0;0;Jamshedpur;ATK;1.22;0.89;0;1;1;0.5;50;50;50;50;50;50;50;50;0;0;0;967;18;N;N;N;N;N;N;N
288018;5419;5420;2017/2018;complete;1857;3;-1;;17,22;0;2;2;6;5;11;5;3;2;2;0;0;7;5;4;4;11;9;11;17;63;37;2;2;0;0;0;0;0;0;0;0;0;0;0;0;0;0;0;0;0;0;0;0;0;0;0;0;0;0;0;0;0;0;0;0;0;0;0;0;0;0;0;0;0;0;0;0;0;0;0;0;0;0;0;0;0;0;0;0;0;0;0;0;0;0;0;0;0;0;0;0;2;0;2;0;0;0;2;2017-12-02 14:30:00;5420;0;0;0;0;0;-1;1;-1;-1;-1;-1;-1;-1;0;0;2;2;0;4;-1;0;0;0;0;0;0;0;0;0;0;0;0;0;1;1;0;0;-1;-1;0;0;-1;-1;-1;-1;-1;-1;-1;-1;-1;0;0;50;50;50;50;50;50;0;3;2;2;1.5;Odisha FC;NorthEast United;1.22;0.44;0;0;1.5;0.5;50;50;0;0;0;0;0;0;0;0;0;967;18;Y;Y;N;N;N;N;N
288019;5418;5417;2017/2018;complete;1857;3;-1;;81;0;1;1;2;5;7;2;1;1;4;0;0;2;5;6;5;8;10;15;17;50;50;1;4;0;0;0;0;0;0;0;0;0;0;0;0;0;0;0;0;0;0;0;0;0;0;0;0;0;0;0;0;0;0;0;0;0;0;0;0;0;0;0;0;0;0;0;0;0;0;0;0;0;0;0;0;0;0;0;0;0;0;0;0;0;0;0;0;0;0;0;0;1;0;0;0;1;1;0;2017-12-03 12:00:00;5417;0;50;0;25;0;-1;1;-1;-1;-1;-1;-1;-1;0;1;1;3;1;4;-1;0;0;0;0;0;0;0;0;0;0;0;0;0;1;1;0;0;-1;-1;0;0;-1;-1;-1;-1;-1;-1;-1;-1;-1;25;25;50;50;50;0;25;50;50;6;3.5;1;2;Pune City;Chennaiyin;1.3;1.91;1.5;0;2;1.5;25;25;0;0;0;50;50;50;0;0;0;967;20;Y;N;N;N;N;N;N
288020;5422;5416;2017/2018;complete;1857;4;-1;14;77;1;1;2;10;5;15;0;3;3;2;1;0;4;3;10;9;14;12;20;12;55;45;4;2;0;0;0;0;0;0;0;0;0;0;0;0;0;0;0;0;0;0;0;0;0;0;0;0;0;0;0;0;0;0;0;0;0;0;0;0;0;0;0;0;0;0;0;0;0;0;0;0;0;0;0;0;0;0;0;0;0;0;0;0;0;0;0;0;0;0;0;0;2;1;0;0;1;1;1;2017-12-03 14:30:00;-1;0;25;0;0;0;-1;1;-1;-1;-1;-1;-1;-1;1;1;3;1;2;4;-1;0;0;0;0;0;0;0;0;0;0;0;0;0;1;1;0;0;-1;-1;0;1;-1;-1;-1;-1;-1;-1;-1;-1;-1;0;0;25;50;50;0;25;50;50;5.5;1.5;2.5;1.25;Kerala Blasters;Mumbai City;1.22;1.22;1;0;1;1;100;100;75;50;50;75;75;50;0;0;0;967;18;Y;Y;N;N;N;N;Y
288021;5419;5424;2017/2018;complete;1857;4;-1;;61;0;1;1;3;4;7;2;2;0;1;0;0;3;6;4;9;7;15;18;17;57;43;0;1;0;0;0;0;0;0;0;0;0;0;0;0;0;0;0;0;0;0;0;0;0;0;0;0;0;0;0;0;0;0;0;0;0;0;0;0;0;0;0;0;0;0;0;0;0;0;0;0;0;0;0;0;0;0;0;0;0;0;0;0;0;0;0;0;0;0;0;0;1;0;0;0;1;1;0;2017-12-06 14:30:00;5424;0;0;0;0;0;-1;1;-1;-1;-1;-1;-1;-1;0;0;0;1;0;1;-1;0;0;0;0;0;0;0;0;1;0;0;0;1;1;1;0;0;-1;-1;0;0;-1;-1;-1;-1;-1;-1;-1;-1;-1;0;0;0;50;50;50;50;0;0;10.5;7;5.5;1;Odisha FC;Jamshedpur;1.22;1.67;0;1;1;1;100;100;100;50;50;75;75;75;0;0;0;967;18;Y;N;N;N;N;N;N
288022;5417;5423;2017/2018;complete;1857;4;-1;65,84,90;77,89;3;2;5;3;6;9;2;3;3;0;0;0;3;5;4;7;7;12;9;10;50;50;3;0;0;0;0;0;0;0;0;0;0;0;0;0;0;0;0;0;0;0;0;0;0;0;0;0;0;0;0;0;0;0;0;0;0;0;0;0;0;0;0;0;0;0;0;0;0;0;0;0;0;0;0;0;0;0;0;0;0;0;0;0;0;0;0;0;0;0;0;0;5;0;0;3;2;5;0;2017-12-07 14:30:00;5417;0;25;0;0;0;-1;1;-1;-1;-1;-1;-1;-1;1;0;2;0;1;2;-1;0;0;0;0;0;0;0;0;0;0;0;0;0;1;1;0;0;-1;-1;0;0;-1;-1;-1;-1;-1;-1;-1;-1;-1;25;25;50;50;50;50;50;50;25;10.5;6.5;3;2;Chennaiyin;ATK;1.8;0.89;1.5;1;2;0.67;75;75;50;50;50;50;50;50;0;0;0;967;18;Y;Y;Y;Y;Y;N;Y
288023;5420;5425;2017/2018;complete;1857;4;-1;;47;0;1;1;6;1;7;2;1;4;2;0;0;6;3;9;5;15;8;14;11;46;54;4;2;0;0;0;0;0;0;0;0;0;0;0;0;0;0;0;0;0;0;0;0;0;0;0;0;0;0;0;0;0;0;0;0;0;0;0;0;0;0;0;0;0;0;0;0;0;0;0;0;0;0;0;0;0;0;0;0;0;0;0;0;0;0;0;0;0;0;0;0;1;0;0;0;1;1;0;2017-12-08 14:30:00;5425;0;50;50;50;0;-1;1;-1;-1;-1;-1;-1;-1;1;2;3;0;3;3;-1;0;0;0;0;0;0;0;0;0;0;0;0;0;1;1;0;0;-1;-1;0;0;-1;-1;-1;-1;-1;-1;-1;-1;-1;50;50;50;50;50;50;50;50;50;12;1;5;3.5;NorthEast United;Bengaluru;0.78;2.2;1;0;1.33;2;50;50;50;50;50;50;50;50;0;0;0;967;18;Y;N;N;N;N;N;N
288024;5421;5422;2017/2018;complete;1857;4;-1;9,18,47,51,54;7,30;5;2;7;8;7;15;1;1;3;2;0;0;10;5;9;4;19;9;12;11;58;42;3;2;0;0;0;0;0;0;0;0;0;0;0;0;0;0;0;0;0;0;0;0;0;0;0;0;0;0;0;0;0;0;0;0;0;0;0;0;0;0;0;0;0;0;0;0;0;0;0;0;0;0;0;0;0;0;0;0;0;0;0;0;0;0;0;0;0;0;0;0;7;2;2;3;0;3;4;2017-12-09 14:30:00;5421;0;50;50;50;0;-1;1;-1;-1;-1;-1;-1;-1;1;1;2;1;2;3;-1;0;0;0;0;0;0;0;0;0;0;0;0;0;1;1;1;1;-1;-1;0;0;-1;-1;-1;-1;-1;-1;-1;-1;-1;50;50;50;50;50;50;50;50;50;5;5;0;3.5;Goa;Kerala Blasters;1.5;1.56;3;0;2;1;0;0;0;0;0;0;0;0;0;0;0;967;18;Y;Y;Y;Y;Y;Y;Y
288025;5424;5418;2017/2018;complete;1857;5;-1;;30;0;1;1;7;2;9;3;3;2;4;0;1;4;2;5;3;9;5;17;18;47;53;2;5;0;0;0;0;0;0;0;0;0;0;0;0;0;0;0;0;0;0;0;0;0;0;0;0;0;0;0;0;0;0;0;0;0;0;0;0;0;0;0;0;0;0;0;0;0;0;0;0;0;0;0;0;0;0;0;0;0;0;0;0;0;0;0;0;0;0;0;0;1;0;1;0;0;0;1;2017-12-10 12:00:00;5418;0;50;0;50;0;-1;1;-1;-1;-1;-1;-1;-1;1;1;1;4;2;5;-1;0;0;0;0;0;0;0;0;0;0;0;0;0;1;1;0;0;-1;-1;0;0;-1;-1;-1;-1;-1;-1;-1;-1;-1;50;50;50;50;50;0;50;50;50;9;3;2;2.5;Jamshedpur;Pune City;1.22;1.8;1;3;1.5;1.5;50;50;50;50;50;50;50;50;0;0;0;967;18;Y;N;N;N;N;N;N
288026;5416;5417;2017/2018;complete;1857;5;-1;60;;1;0;1;3;6;9;1;2;4;2;0;0;4;4;5;7;9;11;24;14;49;51;4;2;0;0;0;0;0;0;0;0;0;0;0;0;0;0;0;0;0;0;0;0;0;0;0;0;0;0;0;0;0;0;0;0;0;0;0;0;0;0;0;0;0;0;0;0;0;0;0;0;0;0;0;0;0;0;0;0;0;0;0;0;0;0;0;0;0;0;0;0;1;0;0;1;0;1;0;2017-12-10 14:30:00;5416;0;50;0;50;0;-1;1;-1;-1;-1;-1;-1;-1;2;1;2;1;3;3;-1;0;0;0;0;0;0;0;1;0;1;0;0;0;1;1;0;0;-1;-1;1;0;-1;-1;-1;-1;-1;-1;-1;-1;-1;0;0;50;50;100;0;0;100;50;6;4;7;2;Mumbai City;Chennaiyin;1.33;1.91;3;3;1;2.25;100;100;50;50;0;0;0;0;0;0;0;967;18;Y;N;N;N;N;N;N
288027;5418;5425;2017/2018;complete;1857;5;-1;35;64,78,90;1;3;4;5;6;11;3;3;2;1;1;0;4;7;4;1;8;8;12;11;36;64;3;1;2.3;3.15;2.8;0;0;0;0;0;0;0;0;0;0;0;0;0;0;0;0;0;0;0;0;0;0;0;0;0;0;0;0;0;0;0;0;0;0;0;0;0;0;0;0;0;0;0;0;0;0;0;0;0;0;0;0;0;0;0;0;0;0;0;0;0;0;0;0;0;4;1;0;0;3;3;1;2017-12-14 14:30:00;5425;0;59;25;42;0;-1;1;-1;-1;-1;-1;-1;-1;1;1;2;0;2;2;-1;0;0;0;0;0;0;0;0;0;0;0;0;0;1;1;0;0;-1;-1;0;0;-1;-1;-1;-1;-1;-1;-1;-1;-1;42;42;59;59;100;25;42;100;59;6.17;4;4.5;3.5;Pune City;Bengaluru;1.3;2.2;1;1.5;1.8;2.25;59;59;42;42;0;34;34;34;0;0;0;967;20;Y;Y;Y;Y;N;N;Y
288028;5422;5420;2017/2018;complete;1857;5;-1;24;;1;0;1;5;9;14;2;0;2;2;0;1;4;3;8;10;12;13;13;9;54;46;2;4;2.35;2.9;2.9;1.07;1.47;2.45;4.75;0;0;0;0;0;0;2.2;1.67;0;0;0;0;0;0;0;0;0;0;0;0;0;0;0;0;0;0;0;0;0;0;0;0;0;0;0;0;0;0;0;0;0;0;0;0;0;0;0;0;0;0;0;0;0;0;0;0;0;0;0;0;0;1;1;0;0;0;0;1;2017-12-15 14:30:00;5422;0;17;0;0;0;-1;1;-1;-1;-1;-1;-1;-1;0;1;2;2;1;4;-1;0;0;0;0;0;0;0;0;0;0;0;0;0;1;1;0;0;-1;-1;0;0;-1;-1;-1;-1;-1;-1;-1;-1;-1;0;0;25;67;67;50;67;42;0;8.67;2.83;4;1.59;Kerala Blasters;NorthEast United;1.22;0.44;1;1.5;0.75;1;100;100;75;34;34;59;59;59;0;0;0;967;18;Y;N;N;N;N;N;N
288029;5419;5421;2017/2018;complete;1857;5;-1;62;45,45,84,85,88;1;5;6;6;0;6;2;1;3;1;1;0;4;6;10;3;14;9;22;11;51;49;4;1;2.2;3.1;2.95;0;0;0;0;0;0;0;0;0;0;0;0;0;0;0;0;0;0;0;0;0;0;0;0;0;0;0;0;0;0;0;0;0;0;0;0;0;0;0;0;0;0;0;0;0;0;0;0;0;0;0;0;0;0;0;0;0;0;0;0;0;0;0;0;0;6;0;2;1;3;4;2;2017-12-16 14:30:00;5421;0;50;0;25;0;-1;1;-1;-1;-1;-1;-1;-1;3;0;1;1;3;2;-1;0;0;0;0;0;0;0;0;0;0;0;0;0;1;1;0;0;-1;-1;1;0;-1;-1;-1;-1;-1;-1;-1;-1;-1;25;25;50;75;100;50;50;75;50;8.5;5;2.5;2.75;Odisha FC;Goa;1.22;1.6;0;1.5;0.75;2.25;75;75;50;25;0;25;25;25;0;0;0;967;18;Y;Y;Y;Y;Y;Y;Y
288030;5425;5417;2017/2018;complete;1857;6;-1;85;5,88;1;2;3;2;5;7;0;1;1;3;0;0;4;5;5;7;9;12;7;16;59;41;1;3;1.54;4.15;4.5;1;1.12;1.43;2.1;0;0;0;0;0;0;1.56;2.35;0;0;0;0;0;0;0;0;0;0;0;0;0;0;0;0;0;0;0;0;0;0;0;0;0;0;0;0;0;0;0;0;0;0;0;0;0;0;0;0;0;0;0;0;0;0;0;0;0;0;0;0;0;3;0;1;1;1;2;1;2017-12-17 12:00:00;5417;0;25;0;25;0;-1;1;-1;-1;-1;-1;-1;-1;1;0;0;3;1;3;-1;0;0;0;0;0;0;0;0;0;0;0;0;0;1;1;0;1;-1;-1;0;0;-1;-1;-1;-1;-1;-1;-1;-1;-1;25;25;25;50;100;25;25;100;50;13;1;3.5;2.25;Bengaluru;Chennaiyin;2;1.91;3;1.5;2.4;1.8;75;75;75;50;0;75;50;25;0;0;0;967;21;Y;Y;Y;N;N;N;Y
288031;5416;5423;2017/2018;complete;1857;6;-1;;54;0;1;1;5;3;8;6;3;4;4;0;0;7;10;6;2;13;12;21;18;55;45;4;4;0;0;0;0;0;0;0;0;0;0;0;0;0;0;0;0;0;0;0;0;0;0;0;0;0;0;0;0;0;0;0;0;0;0;0;0;0;0;0;0;0;0;0;0;0;0;0;0;0;0;0;0;0;0;0;0;0;0;0;0;0;0;0;0;0;0;0;0;1;0;0;0;1;1;0;2017-12-17 14:30:00;5423;0;42;0;42;0;-1;1;-1;-1;-1;-1;-1;-1;1;1;3;3;2;6;-1;0;0;0;0;0;0;0;0;0;0;0;0;0;1;1;0;0;-1;-1;0;0;-1;-1;-1;-1;-1;-1;-1;-1;-1;17;17;42;42;67;0;0;67;42;8;5;3.83;1.84;Mumbai City;ATK;1.33;0.89;3;0.67;1.4;0.5;84;84;59;59;34;75;34;34;0;0;0;967;18;Y;N;N;N;N;N;N
288032;5420;5416;2017/2018;complete;1857;6;-1;;34,68;0;2;2;6;2;8;3;8;2;2;0;0;4;6;13;4;17;10;12;18;63;37;2;2;1.95;3;3.75;0;0;0;0;0;0;0;0;0;0;0;0;0;0;0;0;0;0;0;0;0;0;0;0;0;0;0;0;0;0;0;0;0;0;0;0;0;0;0;0;0;0;0;0;0;0;0;0;0;0;0;0;0;0;0;0;0;0;0;0;0;0;0;0;0;2;0;1;0;1;1;1;2017-12-20 14:30:00;5416;0;34;0;0;0;-1;1;-1;-1;-1;-1;-1;-1;0;1;2;1;1;3;-1;0;0;0;0;0;0;0;0;0;0;0;0;0;1;1;0;0;-1;-1;0;0;-1;-1;-1;-1;-1;-1;-1;-1;-1;0;0;17;50;75;0;34;75;34;12;2.67;3.67;1.42;NorthEast United;Mumbai City;0.78;1.22;0.5;0.33;0.8;1.17;100;100;84;50;25;75;75;59;0;0;0;967;18;Y;Y;N;N;N;N;N
288033;5425;5424;2017/2018;complete;1857;6;-1;;90;0;1;1;6;1;7;3;1;2;1;0;0;9;5;6;2;15;7;13;17;61;39;2;1;1.49;3.6;6.05;0;0;0;0;0;0;0;0;0;0;0;0;0;0;0;0;0;0;0;0;0;0;0;0;0;0;0;0;0;0;0;0;0;0;0;0;0;0;0;0;0;0;0;0;0;0;0;0;0;0;0;0;0;0;0;0;0;0;0;0;0;0;0;0;0;1;0;0;0;1;1;0;2017-12-21 14:30:00;5424;0;34;0;34;0;-1;1;-1;-1;-1;-1;-1;-1;0;0;2;1;0;3;-1;0;0;0;0;0;0;0;0;1;0;1;0;0;1;1;0;0;-1;-1;0;0;-1;-1;-1;-1;-1;-1;-1;-1;-1;17;17;34;50;67;17;34;67;50;10;1.67;3.34;1.83;Bengaluru;Jamshedpur;2;1.67;2;1.67;2;1.2;84;84;67;50;34;50;50;33;0;0;0;967;18;Y;N;N;N;N;N;N
288034;5417;5422;2017/2018;complete;1857;6;-1;89;90;1;1;2;8;0;8;3;2;2;2;0;0;6;3;6;6;12;9;12;18;55;45;2;2;2;3.15;3.45;0;0;0;0;0;0;0;0;0;0;0;0;0;0;0;0;0;0;0;0;0;0;0;0;0;0;0;0;0;0;0;0;0;0;0;0;0;0;0;0;0;0;0;0;0;0;0;0;0;0;0;0;0;0;0;0;0;0;0;0;0;0;0;0;0;2;0;0;1;1;2;0;2017-12-22 14:30:00;-1;0;84;50;17;0;-1;1;-1;-1;-1;-1;-1;-1;0;0;2;2;0;4;-1;0;0;0;0;0;0;0;1;0;1;0;0;0;1;1;0;0;-1;-1;0;0;-1;-1;-1;-1;-1;-1;-1;-1;-1;84;84;100;100;100;84;84;100;84;11;4;4.67;5.67;Chennaiyin;Kerala Blasters;1.8;1.56;2;0;2;1.2;17;17;0;0;0;67;50;50;0;0;0;967;18;Y;Y;N;N;N;N;Y
288035;5421;5418;2017/2018;complete;1857;7;-1;;71,84;0;2;2;9;8;17;1;2;2;0;0;0;5;6;7;9;12;15;14;9;54;46;2;0;1.69;3.55;4.15;0;0;0;0;0;0;0;0;0;0;0;0;0;0;0;0;0;0;0;0;0;0;0;0;0;0;0;0;0;0;0;0;0;0;0;0;0;0;0;0;0;0;0;0;0;0;0;0;0;0;0;0;0;0;0;0;0;0;0;0;0;0;0;0;0;2;0;0;0;2;2;0;2017-12-23 12:00:00;5418;0;75;50;50;0;-1;1;-1;-1;-1;-1;-1;-1;1;0;1;0;1;1;-1;0;0;0;0;0;0;0;0;0;0;0;0;0;1;1;0;0;-1;-1;0;0;-1;-1;-1;-1;-1;-1;-1;-1;-1;75;75;75;75;100;50;100;75;75;9;6;5;5;Goa;Pune City;1.5;1.8;3;3;2.4;1.5;25;25;25;25;0;50;25;25;0;0;0;967;20;Y;Y;N;N;N;N;N
288036;5423;5419;2017/2018;complete;1857;7;-1;78;;1;0;1;6;4;10;3;2;0;2;0;0;4;3;4;3;8;6;6;15;51;49;0;2;0;0;0;0;0;0;0;0;0;0;0;0;0;0;0;0;0;0;0;0;0;0;0;0;0;0;0;0;0;0;0;0;0;0;0;0;0;0;0;0;0;0;0;0;0;0;0;0;0;0;0;0;0;0;0;0;0;0;0;0;0;0;0;0;0;0;0;0;1;0;0;1;0;1;0;2017-12-23 14:30:00;5423;0;100;0;100;0;-1;1;-1;-1;-1;-1;-1;-1;0;1;0;1;1;1;-1;0;0;0;0;0;0;0;0;0;0;0;0;0;1;1;0;0;-1;-1;0;0;-1;-1;-1;-1;-1;-1;-1;-1;-1;100;100;100;100;100;25;75;100;100;11;4.5;4;5;ATK;Odisha FC;0.89;0.89;0;1.5;1;0.6;0;0;0;0;0;50;50;50;0;0;0;967;18;Y;N;N;N;N;N;N
288037;5424;5417;2017/2018;complete;1857;7;-1;;41;0;1;1;6;2;8;3;3;3;4;0;0;2;2;5;6;7;8;18;22;51;49;3;4;2.7;2.85;2.55;1.09;1.54;2.7;5.3;0;0;0;0;0;0;2.2;1.65;0;0;0;0;0;0;0;0;0;0;0;0;0;0;0;0;0;0;0;0;0;0;0;0;0;0;0;0;0;0;0;0;0;0;0;0;0;0;0;0;0;0;0;0;0;0;0;0;0;0;0;0;0;1;0;1;0;0;0;1;2017-12-28 14:30:00;5417;0;17;0;17;0;-1;1;-1;-1;-1;-1;-1;-1;1;2;2;2;3;4;-1;0;0;0;0;0;0;0;1;1;0;1;1;0;1;1;0;0;-1;-1;0;0;-1;-1;-1;-1;-1;-1;-1;-1;-1;0;0;17;17;75;0;42;50;17;11.83;2.83;4;1.09;Jamshedpur;Chennaiyin;1.22;1.91;0.5;2;1.5;1.86;100;100;84;84;25;67;25;25;0;0;0;967;18;Y;N;N;N;N;N;N
288038;5416;5419;2017/2018;complete;1857;7;-1;12,43,49,79;;4;0;4;4;4;8;0;0;1;1;1;1;7;3;2;10;9;13;15;12;39;61;3;3;1.69;3.4;4.45;1.04;1.34;2.1;3.8;0;0;0;0;0;0;2.15;1.67;0;0;0;0;0;0;0;0;0;0;0;0;0;0;0;0;0;0;0;0;0;0;0;0;0;0;0;0;0;0;0;0;0;0;0;0;0;0;0;0;0;0;0;0;0;0;0;0;0;0;0;0;0;4;2;0;2;0;2;2;2017-12-29 14:30:00;5416;0;50;0;50;0;-1;1;-1;-1;-1;-1;-1;-1;1;1;1;1;2;2;-1;0;0;0;0;0;0;0;1;0;0;0;1;0;1;1;0;0;-1;-1;0;0;-1;-1;-1;-1;-1;-1;-1;-1;-1;34;34;50;50;100;17;17;100;50;8.33;5.66;5.67;2.67;Mumbai City;Odisha FC;1.33;0.89;2;1;1.43;0.5;67;67;50;50;0;67;50;34;0;0;0;967;18;Y;Y;Y;Y;N;N;N
288039;5418;5420;2017/2018;complete;1857;7;-1;8,27,45,86,88;;5;0;5;4;9;13;3;0;1;0;0;0;6;5;5;12;11;17;12;8;51;49;1;0;1.8;3.3;4;0;0;0;0;0;0;0;0;0;0;0;0;0;0;0;0;0;0;0;0;0;0;0;0;0;0;0;0;0;0;0;0;0;0;0;0;0;0;0;0;0;0;0;0;0;0;0;0;0;0;0;0;0;0;0;0;0;0;0;0;0;0;0;0;0;5;3;0;2;0;2;3;2017-12-30 14:30:00;5418;0;38;0;13;0;-1;1;-1;-1;-1;-1;-1;-1;0;0;1;0;0;1;-1;0;0;0;0;0;0;0;0;0;0;0;0;0;1;1;1;0;-1;-1;0;0;-1;-1;-1;-1;-1;-1;-1;-1;-1;13;25;54;71;100;34;75;67;38;10.42;4.67;4.17;2.63;Pune City;NorthEast United;1.3;0.44;0.75;1;1.71;0.67;88;75;46;29;0;71;71;71;0;0;0;967;18;Y;Y;Y;Y;Y;N;N
288040;5422;5425;2017/2018;complete;1857;8;-1;90;60,90,90;1;3;4;3;4;7;0;1;3;3;0;0;3;12;5;5;8;17;13;12;52;48;3;3;2.55;3.1;2.5;1.06;1.42;2.3;4.3;0;0;0;0;0;0;2.1;1.69;0;0;0;0;0;0;0;0;0;0;0;0;0;0;0;0;0;0;0;0;0;0;0;0;0;0;0;0;0;0;0;0;0;0;0;0;0;0;0;0;0;0;0;0;0;0;0;0;0;0;0;0;0;4;0;0;1;3;4;0;2017-12-31 12:00:00;5425;0;46;17;17;0;-1;1;-1;-1;-1;-1;-1;-1;1;1;2;2;2;4;-1;0;0;0;0;0;0;0;0;1;0;1;0;0;1;1;0;0;-1;-1;0;0;-1;-1;-1;-1;-1;-1;-1;-1;-1;17;34;34;46;75;17;59;63;34;7.75;2.42;4.67;2.38;Kerala Blasters;Bengaluru;1.22;2.2;1.5;2;1.17;1.71;84;67;67;54;25;54;54;54;0;0;0;967;18;Y;Y;Y;Y;N;N;Y
288041;5423;5421;2017/2018;complete;1857;8;-1;4;24;1;1;2;4;7;11;3;1;1;3;0;0;7;11;4;6;11;17;11;12;55;45;1;3;0;0;0;0;0;0;0;0;0;0;0;0;0;0;0;0;0;0;0;0;0;0;0;0;0;0;0;0;0;0;0;0;0;0;0;0;0;0;0;0;0;0;0;0;0;0;0;0;0;0;0;0;0;0;0;0;0;0;0;0;0;0;0;0;0;0;0;0;2;1;1;0;0;0;2;2018-01-03 17:10:00;-1;0;75;0;59;0;-1;1;-1;-1;-1;-1;-1;-1;1;1;0;2;2;2;-1;0;0;0;0;0;0;0;0;0;0;0;0;0;1;1;1;0;-1;-1;0;1;-1;-1;-1;-1;-1;-1;-1;-1;-1;59;59;75;75;100;34;59;100;75;8.17;3.83;2.33;3.84;ATK;Goa;0.89;1.6;1.5;2;1.33;2;42;42;25;25;0;25;25;0;0;0;0;967;18;Y;Y;N;N;N;N;Y
288042;5422;5418;2017/2018;complete;1857;8;-1;73;33;1;1;2;3;13;16;4;3;1;2;0;0;4;9;8;6;12;15;13;14;56;44;1;2;2.5;3.05;2.6;1.04;1.34;2.1;3.8;0;0;0;0;0;0;1.95;1.83;0;0;0;0;0;0;0;0;0;0;0;0;0;0;0;0;0;0;0;0;0;0;0;0;0;0;0;0;0;0;0;0;0;0;0;0;0;0;0;0;0;0;0;0;0;0;0;0;0;0;0;0;0;2;0;1;1;0;1;1;2018-01-04 14:30:00;-1;0;37;0;27;0;-1;1;-1;-1;-1;-1;-1;-1;0;0;1;2;0;3;-1;0;0;0;0;0;0;0;0;0;0;0;0;0;1;1;0;0;-1;-1;0;0;-1;-1;-1;-1;-1;-1;-1;-1;-1;17;27;27;54;80;0;54;54;44;8.73;3.27;4.53;2.04;Kerala Blasters;Pune City;1.22;1.8;1.2;3;1;1.88;84;74;74;47;20;64;47;47;0;0;0;967;18;Y;Y;N;N;N;N;Y
288043;5424;5416;2017/2018;complete;1857;8;-1;43,45;24,71;2;2;4;10;3;13;1;2;1;1;0;0;3;6;11;2;14;8;15;12;60;40;1;1;2.8;2.8;2.5;1.08;1.5;2.55;5;0;0;0;0;0;0;2.25;1.62;0;0;0;0;0;0;0;0;0;0;0;0;0;0;0;0;0;0;0;0;0;0;0;0;0;0;0;0;0;0;0;0;0;0;0;0;0;0;0;0;0;0;0;0;0;0;0;0;0;0;0;0;0;4;2;1;0;1;1;3;2018-01-05 14:30:00;-1;0;25;0;0;0;-1;1;-1;-1;-1;-1;-1;-1;0;0;1;1;0;2;-1;0;0;0;0;0;0;0;0;0;0;0;0;0;1;1;0;0;-1;-1;0;0;-1;-1;-1;-1;-1;-1;-1;-1;-1;0;0;13;50;84;0;71;50;25;9.83;5.25;3.42;1.46;Jamshedpur;Mumbai City;1.22;1.22;0.33;1;1.29;1.63;100;100;88;50;17;71;54;42;0;0;0;967;18;Y;Y;Y;Y;N;N;Y
288044;5420;5421;2017/2018;complete;1857;8;-1;21,52;28;2;1;3;4;8;12;1;0;2;1;0;0;7;6;5;6;12;12;9;11;39;61;2;1;2.85;3.45;2.1;0;0;0;0;0;0;0;0;0;0;0;0;0;0;0;0;0;0;0;0;0;0;0;0;0;0;0;0;0;0;0;0;0;0;0;0;0;0;0;0;0;0;0;0;0;0;0;0;0;0;0;0;0;0;0;0;0;0;0;0;0;0;0;0;0;3;1;1;1;0;1;2;2018-01-06 14:30:00;5420;0;50;13;25;0;-1;1;-1;-1;-1;-1;-1;-1;1;0;1;1;1;2;-1;0;0;0;0;0;0;0;0;0;0;0;0;0;1;1;0;0;-1;-1;0;0;-1;-1;-1;-1;-1;-1;-1;-1;-1;25;25;38;67;84;38;54;71;38;11.08;2.92;3.75;2.5;NorthEast United;Goa;0.78;1.6;0.33;1.75;0.57;1.86;75;75;63;34;17;29;29;29;0;0;0;967;18;Y;Y;Y;N;N;N;Y
288045;5425;5423;2017/2018;complete;1857;9;-1;39;;1;0;1;10;4;14;1;1;1;0;0;0;5;4;2;2;7;6;12;9;50;50;1;0;0;0;0;0;0;0;0;0;0;0;0;0;0;0;0;0;0;0;0;0;0;0;0;0;0;0;0;0;0;0;0;0;0;0;0;0;0;0;0;0;0;0;0;0;0;0;0;0;0;0;0;0;0;0;0;0;0;0;0;0;0;0;0;0;0;0;0;0;1;1;0;0;0;0;1;2018-01-07 14:30:00;5425;0;38;0;38;0;-1;1;-1;-1;-1;-1;-1;-1;0;0;1;0;0;1;-1;0;0;0;0;0;0;0;0;0;0;0;0;0;1;1;0;0;-1;-1;0;0;-1;-1;-1;-1;-1;-1;-1;-1;-1;25;25;38;50;75;13;25;75;50;11;3.5;2.25;2.13;Bengaluru;ATK;2;0.89;1.5;1.25;1.88;1.29;75;75;63;50;25;63;50;38;0;0;0;967;18;Y;N;N;N;N;N;N
288046;5417;5419;2017/2018;complete;1857;9;-1;42,51;24,90;2;2;4;6;5;11;0;0;0;0;0;0;5;5;6;5;11;10;16;14;53;47;0;0;1.67;3.6;4.3;0;0;0;0;0;0;0;0;0;0;0;0;0;0;0;0;0;0;0;0;0;0;0;0;0;0;0;0;0;0;0;0;0;0;0;0;0;0;0;0;0;0;0;0;0;0;0;0;0;0;0;0;0;0;0;0;0;0;0;0;0;0;0;0;0;4;1;1;1;1;2;2;2018-01-07 12:00:00;-1;0;63;0;50;0;-1;-1;-1;-1;-1;-1;-1;-1;0;0;0;0;0;0;-1;0;0;0;0;0;0;0;0;0;0;0;0;0;1;1;0;0;-1;-1;-1;-1;-1;-1;-1;-1;-1;-1;-1;-1;-1;50;63;75;88;100;50;50;100;75;10;4.75;4.75;3.75;Chennaiyin;Odisha FC;1.8;0.89;1.75;0.75;2;0.43;50;38;25;13;0;50;38;25;0;0;0;967;18;Y;Y;Y;Y;N;N;Y
288047;5419;5422;2017/2018;complete;1857;9;-1;44;12,78,83;1;3;4;6;0;6;3;3;0;0;0;0;5;4;11;2;16;6;10;14;61;39;0;0;2.45;2.95;2.75;1.04;1.34;2.1;3.8;0;0;0;0;0;0;1.95;1.83;0;0;0;0;0;0;0;0;0;0;0;0;0;0;0;0;0;0;0;0;0;0;0;0;0;0;0;0;0;0;0;0;0;0;0;0;0;0;0;0;0;0;0;0;0;0;0;0;0;0;0;0;0;4;1;1;0;2;2;2;2018-01-10 14:30:00;5422;0;67;25;42;0;-1;-1;-1;-1;-1;-1;-1;-1;0;0;0;0;0;0;-1;0;0;0;0;0;0;0;0;0;0;0;0;0;1;1;0;0;-1;-1;-1;-1;-1;-1;-1;-1;-1;-1;-1;-1;-1;42;42;42;84;100;59;59;84;67;8.5;4.5;4;3.75;Odisha FC;Kerala Blasters;1.22;1.56;0;0.5;0.5;1;59;59;59;17;0;42;42;42;0;0;0;967;18;Y;Y;Y;Y;N;N;Y
288048;5421;5424;2017/2018;complete;1857;9;-1;45,60;54;2;1;3;2;8;10;1;2;2;2;0;0;4;3;8;9;12;12;13;13;51;49;2;2;2.1;3.2;3.1;1.03;1.27;1.87;3.2;0;0;0;0;0;0;1.8;2;0;0;0;0;0;0;0;0;0;0;0;0;0;0;0;0;0;0;0;0;0;0;0;0;0;0;0;0;0;0;0;0;0;0;0;0;0;0;0;0;0;0;0;0;0;0;0;0;0;0;0;0;0;3;1;0;1;1;2;1;2018-01-11 14:30:00;5421;0;34;34;17;0;-1;1;-1;-1;-1;-1;-1;-1;2;1;0;1;3;1;-1;0;0;0;0;0;0;0;1;0;1;0;0;0;1;1;0;0;-1;-1;0;0;-1;-1;-1;-1;-1;-1;-1;-1;-1;34;34;34;50;75;34;34;75;50;10.83;4.08;3.92;2.92;Goa;Jamshedpur;1.5;1.67;2;2;1.63;1.25;67;67;67;50;25;46;46;46;0;0;0;967;18;Y;Y;Y;N;N;N;Y
288049;5420;5423;2017/2018;complete;1857;9;-1;;73;0;1;1;5;7;12;1;5;2;2;0;0;2;5;4;7;6;12;13;14;40;60;2;2;0;0;0;0;0;0;0;0;0;0;0;0;0;0;0;0;0;0;0;0;0;0;0;0;0;0;0;0;0;0;0;0;0;0;0;0;0;0;0;0;0;0;0;0;0;0;0;0;0;0;0;0;0;0;0;0;0;0;0;0;0;0;0;0;0;0;0;0;1;0;0;0;1;1;0;2018-01-12 14:30:00;5423;0;23;13;10;0;-1;1;-1;-1;-1;-1;-1;-1;0;0;2;2;0;4;-1;0;0;0;0;0;0;0;0;0;0;0;0;0;1;1;0;0;-1;-1;0;0;-1;-1;-1;-1;-1;-1;-1;-1;-1;10;10;23;35;68;13;35;58;10;11.5;4.1;3;1.45;NorthEast United;ATK;0.78;0.89;1;1;0.88;1.13;90;90;78;65;33;65;55;55;0;0;0;967;18;Y;N;N;N;N;N;N
288050;5417;5418;2017/2018;complete;1857;10;-1;83;;1;0;1;9;2;11;5;0;2;2;0;0;3;5;5;9;8;14;16;7;51;49;2;2;0;0;0;0;0;0;0;0;0;0;0;0;0;0;0;0;0;0;0;0;0;0;0;0;0;0;0;0;0;0;0;0;0;0;0;0;0;0;0;0;0;0;0;0;0;0;0;0;0;0;0;0;0;0;0;0;0;0;0;0;0;0;0;0;0;0;0;0;1;0;0;1;0;1;0;2018-01-13 14:30:00;5417;0;65;10;43;0;-1;1;-1;-1;-1;-1;-1;-1;2;1;0;1;3;1;-1;0;0;0;0;0;0;0;1;0;0;0;1;0;1;1;0;0;-1;-1;0;1;-1;-1;-1;-1;-1;-1;-1;-1;-1;33;43;53;88;100;30;68;88;65;11.7;5.15;4.25;3.15;Chennaiyin;Pune City;1.8;1.8;1.6;2.5;1.89;1.78;68;58;48;13;0;58;35;35;0;0;0;967;20;Y;N;N;N;N;N;N
288051;5416;5422;2017/2018;complete;1857;10;-1;;23;0;1;1;8;2;10;3;1;1;2;0;0;4;4;11;4;15;8;11;8;55;45;1;2;0;0;0;0;0;0;0;0;0;0;0;0;0;0;0;0;0;0;0;0;0;0;0;0;0;0;0;0;0;0;0;0;0;0;0;0;0;0;0;0;0;0;0;0;0;0;0;0;0;0;0;0;0;0;0;0;0;0;0;0;0;0;0;0;0;0;0;0;1;0;1;0;0;0;1;2018-01-14 14:30:00;5422;0;63;34;29;0;-1;1;-1;-1;-1;-1;-1;-1;0;1;1;1;1;2;-1;0;0;0;0;0;0;0;0;0;0;0;0;0;1;1;0;0;-1;-1;0;0;-1;-1;-1;-1;-1;-1;-1;-1;-1;17;46;59;75;100;46;46;100;75;5.58;4.5;4.83;3.29;Mumbai City;Kerala Blasters;1.33;1.56;2.25;1.33;1.56;1.22;84;54;42;25;0;29;17;17;0;0;0;967;18;Y;N;N;N;N;N;N
288052;5419;5425;2017/2018;complete;1857;10;-1;72,90;;2;0;2;4;3;7;0;0;1;0;0;1;7;4;9;3;16;7;12;10;49;51;1;2;0;0;0;0;0;0;0;0;0;0;0;0;0;0;0;0;0;0;0;0;0;0;0;0;0;0;0;0;0;0;0;0;0;0;0;0;0;0;0;0;0;0;0;0;0;0;0;0;0;0;0;0;0;0;0;0;0;0;0;0;0;0;0;0;0;0;0;0;2;0;0;2;0;2;0;2018-01-14 12:00:00;5419;0;63;25;38;0;-1;1;-1;-1;-1;-1;-1;-1;1;0;0;1;1;1;-1;0;0;0;0;0;0;0;1;0;1;0;0;0;1;1;0;0;-1;-1;0;0;-1;-1;-1;-1;-1;-1;-1;-1;-1;25;63;63;75;100;50;63;88;63;8.5;4.5;4.25;3.63;Odisha FC;Bengaluru;1.22;2.2;0;2.25;0.44;2;75;38;38;25;0;25;25;25;0;0;0;967;18;Y;Y;N;N;N;N;N
288053;5424;5422;2017/2018;complete;1857;10;-1;1,31;90;2;1;3;5;2;7;5;0;2;1;0;0;6;3;2;2;8;5;15;17;51;49;2;1;0;0;0;0;0;0;0;0;0;0;0;0;0;0;0;0;0;0;0;0;0;0;0;0;0;0;0;0;0;0;0;0;0;0;0;0;0;0;0;0;0;0;0;0;0;0;0;0;0;0;0;0;0;0;0;0;0;0;0;0;0;0;0;0;0;0;0;0;3;2;0;0;1;1;2;2018-01-17 14:30:00;5424;0;50;38;13;0;-1;1;-1;-1;-1;-1;-1;-1;0;1;2;0;1;2;-1;0;0;0;0;0;0;0;0;0;0;0;0;0;1;1;1;0;-1;-1;0;0;-1;-1;-1;-1;-1;-1;-1;-1;-1;13;38;38;50;88;38;75;50;38;9.5;3.5;3;2.5;Jamshedpur;Kerala Blasters;1.22;1.56;0.5;1.75;1.11;1.4;88;63;63;50;13;63;50;38;0;0;0;967;18;Y;Y;Y;N;N;N;Y
288054;5416;5425;2017/2018;complete;1857;10;-1;76;43,52,63;1;3;4;3;3;6;2;0;3;1;0;0;6;6;11;12;17;18;17;16;43;57;3;1;2.45;3.15;2.75;1.04;1.3;1.95;3.45;0;0;0;0;0;0;1.83;2;0;0;0;0;0;0;0;0;0;0;0;0;0;0;0;0;0;0;0;0;0;0;0;0;0;0;0;0;0;0;0;0;0;0;0;0;0;0;0;0;0;0;0;0;0;0;0;0;0;0;0;0;0;4;0;1;1;2;3;1;2018-01-18 14:30:00;5425;0;40;10;30;0;-1;1;-1;-1;-1;-1;-1;-1;3;1;0;0;4;0;-1;0;0;0;0;0;0;0;0;1;0;1;0;0;1;1;0;0;-1;-1;0;0;-1;-1;-1;-1;-1;-1;-1;-1;-1;10;40;50;60;100;20;40;90;60;7.4;3.8;5.6;2.8;Mumbai City;Bengaluru;1.33;2.2;1.8;1.8;1.4;1.8;90;60;50;40;0;30;20;10;0;0;0;967;18;Y;Y;Y;Y;N;N;Y
288055;5420;5417;2017/2018;complete;1857;11;-1;42,46,68;79;3;1;4;1;4;5;0;3;1;3;0;0;5;4;1;10;6;14;22;9;37;63;1;3;3.3;3.15;2.15;0;0;0;0;0;0;0;0;0;0;0;0;0;0;0;0;0;0;0;0;0;0;0;0;0;0;0;0;0;0;0;0;0;0;0;0;0;0;0;0;0;0;0;0;0;0;0;0;0;0;0;0;0;0;0;0;0;0;0;0;0;0;0;0;0;4;1;0;2;1;3;1;2018-01-19 14:30:00;5420;0;23;10;13;0;-1;1;-1;-1;-1;-1;-1;-1;0;1;1;2;1;3;-1;0;0;0;0;0;0;0;0;0;0;0;0;0;1;1;0;0;-1;-1;0;0;-1;-1;-1;-1;-1;-1;-1;-1;-1;0;0;23;33;90;10;45;78;13;10.7;3.15;5.25;1.45;NorthEast United;Chennaiyin;0.78;1.91;0.8;2.25;0.78;2;100;100;78;68;10;43;30;30;0;0;0;967;18;Y;Y;Y;Y;N;N;Y
288056;5418;5423;2017/2018;complete;1857;11;-1;32,59,77;;3;0;3;6;7;13;4;4;2;1;0;0;5;7;11;7;16;14;10;8;36;64;2;1;0;0;0;0;0;0;0;0;0;0;0;0;0;0;0;0;0;0;0;0;0;0;0;0;0;0;0;0;0;0;0;0;0;0;0;0;0;0;0;0;0;0;0;0;0;0;0;0;0;0;0;0;0;0;0;0;0;0;0;0;0;0;0;0;0;0;0;0;3;1;0;2;0;2;1;2018-01-20 14:30:00;5418;0;39;0;19;0;-1;1;-1;-1;-1;-1;-1;-1;1;1;1;0;2;1;-1;0;0;0;0;0;0;0;0;0;0;0;0;0;1;1;0;0;-1;-1;0;0;-1;-1;-1;-1;-1;-1;-1;-1;-1;29;39;49;49;84;10;39;75;49;9.93;6;2.57;2.47;Pune City;ATK;1.3;0.89;1.2;1.33;1.6;1.33;72;62;52;52;17;82;74;74;0;0;0;967;18;Y;Y;Y;N;N;N;N
288057;5424;5419;2017/2018;complete;1857;11;-1;29,54,86;20,22;3;2;5;9;2;11;4;0;1;1;0;0;6;3;7;3;13;6;9;16;53;47;1;1;0;0;0;0;0;0;0;0;0;0;0;0;0;0;0;0;0;0;0;0;0;0;0;0;0;0;0;0;0;0;0;0;0;0;0;0;0;0;0;0;0;0;0;0;0;0;0;0;0;0;0;0;0;0;0;0;0;0;0;0;0;0;0;0;0;0;0;0;5;1;2;2;0;2;3;2018-01-21 12:00:00;5424;0;50;20;30;0;-1;1;-1;-1;-1;-1;-1;-1;0;0;1;1;0;2;-1;0;0;0;0;0;0;0;0;0;0;0;0;0;1;1;0;0;-1;-1;0;0;-1;-1;-1;-1;-1;-1;-1;-1;-1;20;50;60;60;90;50;70;70;40;11.8;3.8;3.4;2.8;Jamshedpur;Odisha FC;1.22;0.89;1;0.8;1.3;0.7;80;50;40;40;10;70;60;50;0;0;0;967;18;Y;Y;Y;Y;Y;N;Y
288058;5422;5421;2017/2018;complete;1857;11;-1;29;7,77;1;2;3;0;4;4;2;3;4;1;0;0;6;4;7;9;13;13;14;12;36;64;4;1;0;0;0;0;0;0;0;0;0;0;0;0;0;0;0;0;0;0;0;0;0;0;0;0;0;0;0;0;0;0;0;0;0;0;0;0;0;0;0;0;0;0;0;0;0;0;0;0;0;0;0;0;0;0;0;0;0;0;0;0;0;0;0;0;0;0;0;0;3;1;1;0;1;1;2;2018-01-21 14:30:00;5421;0;75;20;29;0;-1;1;-1;-1;-1;-1;-1;-1;2;1;2;0;3;2;-1;0;0;0;0;0;0;0;0;0;0;0;0;0;1;1;0;1;-1;-1;0;0;-1;-1;-1;-1;-1;-1;-1;-1;-1;20;29;49;75;84;40;65;65;39;8.77;2.17;3.6;2.65;Kerala Blasters;Goa;1.22;1.6;1.17;1.4;1.27;1.78;80;72;52;25;17;54;54;54;0;0;0;967;18;Y;Y;Y;N;N;N;Y
288059;5418;5424;2017/2018;complete;1857;11;-1;62,66;29;2;1;3;8;7;15;2;2;3;5;0;0;8;4;10;9;18;13;11;18;54;46;3;5;0;0;0;0;0;0;0;0;0;0;0;0;0;0;0;0;0;0;0;0;0;0;0;0;0;0;0;0;0;0;0;0;0;0;0;0;0;0;0;0;0;0;0;0;0;0;0;0;0;0;0;0;0;0;0;0;0;0;0;0;0;0;0;0;0;0;0;0;3;0;1;2;0;2;1;2018-01-24 14:30:00;5418;0;35;0;19;0;-1;1;-1;-1;-1;-1;-1;-1;0;2;3;3;2;6;-1;0;0;0;0;0;0;0;0;0;0;0;0;0;1;1;0;0;-1;-1;0;0;-1;-1;-1;-1;-1;-1;-1;-1;-1;17;25;52;52;80;9;44;80;52;9.23;4.97;3.7;2.25;Pune City;Jamshedpur;1.3;1.67;1.5;1.6;1.73;1.45;84;75;49;49;20;62;62;52;0;0;0;967;18;Y;Y;Y;N;N;N;Y
288060;5423;5417;2017/2018;complete;1857;12;-1;44;52,64;1;2;3;3;2;5;0;2;3;2;0;0;3;6;5;4;8;10;10;16;52;48;3;2;0;0;0;0;0;0;0;0;0;0;0;0;0;0;0;0;0;0;0;0;0;0;0;0;0;0;0;0;0;0;0;0;0;0;0;0;0;0;0;0;0;0;0;0;0;0;0;0;0;0;0;0;0;0;0;0;0;0;0;0;0;0;0;0;0;0;0;0;3;1;0;0;2;2;1;2018-01-25 14:30:00;5417;0;54;17;37;0;-1;1;-1;-1;-1;-1;-1;-1;2;0;1;2;2;3;-1;0;0;0;0;0;0;0;0;0;0;0;0;0;1;1;0;0;-1;-1;0;0;-1;-1;-1;-1;-1;-1;-1;-1;-1;17;27;37;54;100;17;64;74;37;9.4;4.67;4.2;2.34;ATK;Chennaiyin;0.89;1.91;1.33;1.8;1.2;1.82;84;74;64;47;0;44;34;17;0;0;0;967;18;Y;Y;Y;N;N;N;Y
288061;5425;5420;2017/2018;complete;1857;12;-1;14,51;45;2;1;3;5;8;13;4;1;2;2;0;0;4;3;7;10;11;13;10;12;47;53;2;2;0;0;0;0;0;0;0;0;0;0;0;0;0;0;0;0;0;0;0;0;0;0;0;0;0;0;0;0;0;0;0;0;0;0;0;0;0;0;0;0;0;0;0;0;0;0;0;0;0;0;0;0;0;0;0;0;0;0;0;0;0;0;0;0;0;0;0;0;3;1;1;1;0;1;2;2018-01-26 14:30:00;5425;0;20;0;20;0;-1;1;-1;-1;-1;-1;-1;-1;0;1;2;1;1;3;-1;0;0;0;0;0;0;0;0;1;0;1;0;0;1;1;0;0;-1;-1;0;0;-1;-1;-1;-1;-1;-1;-1;-1;-1;23;23;45;68;100;48;80;65;43;13.1;1.85;3;2.58;Bengaluru;NorthEast United;2;0.44;1.8;0.75;1.91;1;78;78;55;33;0;68;68;58;0;0;0;967;18;Y;Y;Y;N;N;N;Y
288062;5422;5419;2017/2018;complete;1857;12;-1;47,75;35;2;1;3;5;9;14;1;0;2;3;0;1;7;4;4;7;11;11;9;14;40;60;2;4;0;0;0;0;0;0;0;0;0;0;0;0;0;0;0;0;0;0;0;0;0;0;0;0;0;0;0;0;0;0;0;0;0;0;0;0;0;0;0;0;0;0;0;0;0;0;0;0;0;0;0;0;0;0;0;0;0;0;0;0;0;0;0;0;0;0;0;0;3;0;1;2;0;2;1;2018-01-27 14:30:00;5422;0;62;24;32;0;-1;1;-1;-1;-1;-1;-1;-1;1;2;1;2;3;3;-1;0;0;0;0;0;0;0;1;1;1;1;0;0;1;1;0;0;-1;-1;0;0;-1;-1;-1;-1;-1;-1;-1;-1;-1;25;49;56;70;86;41;62;79;49;8.07;2.46;3.96;2.86;Kerala Blasters;Odisha FC;1.22;0.89;1;0.67;1.17;0.64;75;52;44;30;15;70;70;62;0;0;0;967;18;Y;Y;Y;N;N;N;Y
288063;5421;5416;2017/2018;complete;1857;12;-1;34,45,78;36,54,70,86;3;4;7;7;1;8;2;3;4;6;1;0;8;7;8;11;16;18;10;12;58;42;5;6;0;0;0;0;0;0;0;0;0;0;0;0;0;0;0;0;0;0;0;0;0;0;0;0;0;0;0;0;0;0;0;0;0;0;0;0;0;0;0;0;0;0;0;0;0;0;0;0;0;0;0;0;0;0;0;0;0;0;0;0;0;0;0;0;0;0;0;0;7;2;1;1;3;4;3;2018-01-28 12:00:00;5416;0;68;35;25;0;-1;1;-1;-1;-1;-1;-1;-1;1;0;4;6;1;10;-1;0;0;0;0;0;0;0;0;1;0;1;0;0;1;1;0;0;-1;-1;0;0;-1;-1;-1;-1;-1;-1;-1;-1;-1;25;35;58;100;100;35;78;100;70;9.4;5;3.35;3.68;Goa;Mumbai City;1.5;1.22;2.25;1;1.9;1.27;75;65;43;0;0;78;78;55;0;0;0;967;18;Y;Y;Y;Y;Y;Y;Y
288064;5423;5424;2017/2018;complete;1857;12;-1;;66;0;1;1;3;3;6;2;3;1;0;0;0;5;8;4;11;9;19;11;9;44;56;1;0;0;0;0;0;0;0;0;0;0;0;0;0;0;0;0;0;0;0;0;0;0;0;0;0;0;0;0;0;0;0;0;0;0;0;0;0;0;0;0;0;0;0;0;0;0;0;0;0;0;0;0;0;0;0;0;0;0;0;0;0;0;0;0;0;0;0;0;0;1;0;0;0;1;1;0;2018-01-28 14:30:00;5424;0;54;13;21;0;-1;1;-1;-1;-1;-1;-1;-1;0;0;1;0;0;1;-1;0;0;0;0;0;0;0;0;1;0;1;0;0;1;1;0;0;-1;-1;0;0;-1;-1;-1;-1;-1;-1;-1;-1;-1;13;13;42;54;84;13;54;71;42;9.33;3.83;4.17;2.04;ATK;Jamshedpur;0.89;1.67;1;1.33;1.09;1.33;88;88;59;46;17;50;50;29;0;0;0;967;18;Y;N;N;N;N;N;N
288065;5417;5425;2017/2018;complete;1857;13;-1;33;2,63,90;1;3;4;7;5;12;1;1;2;3;1;0;3;7;7;4;10;11;14;20;52;48;3;3;2.15;3.35;3.05;1.02;1.24;1.77;2.95;0;0;0;0;0;0;1.71;2.15;0;0;0;0;0;0;0;0;0;0;0;0;0;0;0;0;0;0;0;0;0;0;0;0;0;0;0;0;0;0;0;0;0;0;0;0;0;0;0;0;0;0;0;0;0;0;0;0;0;0;0;0;0;4;1;1;0;2;2;2;2018-02-06 14:30:00;5425;0;62;16;47;0;-1;1;-1;-1;-1;-1;-1;-1;2;0;1;3;2;4;-1;0;0;0;0;0;0;0;1;0;0;0;1;0;1;1;0;1;-1;-1;1;0;-1;-1;-1;-1;-1;-1;-1;-1;-1;24;54;62;85;100;32;54;100;69;8.69;3.83;4.43;3.38;Chennaiyin;Bengaluru;1.8;2.2;1.83;2.14;1.92;2.08;77;47;38;16;0;32;24;24;0;0;0;967;21;Y;Y;Y;Y;N;N;Y
288066;5416;5424;2017/2018;complete;1857;13;-1;79;37,84;1;2;3;6;6;12;4;1;0;2;0;0;8;5;11;5;19;10;10;12;53;47;0;2;0;0;0;0;0;0;0;0;0;0;0;0;0;0;0;0;0;0;0;0;0;0;0;0;0;0;0;0;0;0;0;0;0;0;0;0;0;0;0;0;0;0;0;0;0;0;0;0;0;0;0;0;0;0;0;0;0;0;0;0;0;0;0;0;0;0;0;0;3;0;1;1;1;2;1;2018-02-01 14:30:00;5424;0;31;0;24;0;-1;1;-1;-1;-1;-1;-1;-1;0;1;0;1;1;1;-1;0;0;0;0;0;0;0;0;0;0;0;0;0;1;1;0;0;-1;-1;0;0;-1;-1;-1;-1;-1;-1;-1;-1;-1;0;17;40;40;86;9;40;77;40;8.57;4.5;5.29;1.81;Mumbai City;Jamshedpur;1.33;1.67;1.5;1.57;1.42;1.46;100;84;61;61;15;38;30;15;0;0;0;967;18;Y;Y;Y;N;N;N;Y
288067;5418;5422;2017/2018;complete;1857;13;-1;78;58,90;1;2;3;4;8;12;3;5;4;3;0;0;7;4;8;6;15;10;16;14;48;52;4;3;0;0;0;0;0;0;0;0;0;0;0;0;0;0;0;0;0;0;0;0;0;0;0;0;0;0;0;0;0;0;0;0;0;0;0;0;0;0;0;0;0;0;0;0;0;0;0;0;0;0;0;0;0;0;0;0;0;0;0;0;0;0;0;0;0;0;0;0;3;0;0;1;2;3;0;2018-02-02 14:30:00;5422;0;69;20;17;0;-1;1;-1;-1;-1;-1;-1;-1;2;2;2;1;4;3;-1;0;0;0;0;0;0;0;1;0;1;0;0;0;1;1;0;0;-1;-1;0;1;-1;-1;-1;-1;-1;-1;-1;-1;-1;25;42;73;83;100;37;76;90;73;7.49;4.4;3.11;3.42;Pune City;Kerala Blasters;1.3;1.56;1.71;1.4;1.83;1.31;76;59;27;17;0;63;63;53;0;0;0;967;18;Y;Y;Y;N;N;N;Y
288068;5423;5425;2017/2018;complete;1857;13;-1;;3,83;0;2;2;6;1;7;0;1;0;2;0;1;7;4;3;5;10;9;12;11;55;45;0;3;0;0;0;0;0;0;0;0;0;0;0;0;0;0;0;0;0;0;0;0;0;0;0;0;0;0;0;0;0;0;0;0;0;0;0;0;0;0;0;0;0;0;0;0;0;0;0;0;0;0;0;0;0;0;0;0;0;0;0;0;0;0;0;0;0;0;0;0;2;0;1;0;1;1;1;2018-02-03 14:30:00;5425;0;64;19;35;0;-1;1;-1;-1;-1;-1;-1;-1;0;0;0;3;0;3;-1;0;0;0;0;0;0;0;0;0;0;0;0;0;1;1;0;1;-1;-1;0;0;-1;-1;-1;-1;-1;-1;-1;-1;-1;19;44;54;72;100;19;55;90;62;7.37;3;3.73;3.04;ATK;Bengaluru;0.89;2.2;0.8;2;1;2;82;57;47;29;0;29;29;19;0;0;0;967;18;Y;Y;N;N;N;N;N
288069;5419;5416;2017/2018;complete;1857;13;-1;5,73,81,84,90;49;5;1;6;2;5;7;1;6;2;1;1;1;11;7;6;19;17;26;19;6;46;54;3;2;3.45;3.55;1.95;1.01;1.2;1.67;2.65;0;0;0;0;0;0;1.67;2.25;0;0;0;0;0;0;0;0;0;0;0;0;0;0;0;0;0;0;0;0;0;0;0;0;0;0;0;0;0;0;0;0;0;0;0;0;0;0;0;0;0;0;0;0;0;0;0;0;0;0;0;0;0;6;1;0;4;1;5;1;2018-02-27 14:30:00;5419;0;64;29;36;0;-1;1;-1;-1;-1;-1;-1;-1;2;0;1;2;2;3;-1;0;0;0;0;0;0;0;1;0;1;0;0;0;1;1;1;0;-1;-1;0;0;-1;-1;-1;-1;-1;-1;-1;-1;-1;22;36;50;93;100;43;72;93;64;8.43;5.43;3.43;3.36;Odisha FC;Mumbai City;1.22;1.22;1;1.57;0.94;1.44;79;64;50;7;0;50;43;36;0;0;0;967;18;Y;Y;Y;Y;Y;Y;Y
288070;5421;5420;2017/2018;complete;1857;14;-1;42,53;45,71;2;2;4;4;3;7;5;3;2;1;0;0;7;8;5;8;12;16;9;11;55;45;2;1;1.61;3.95;4.85;1.01;1.19;1.65;2.65;0;0;0;0;0;0;1.74;2.1;0;0;0;0;0;0;0;0;0;0;0;0;0;0;0;0;0;0;0;0;0;0;0;0;0;0;0;0;0;0;0;0;0;0;0;0;0;0;0;0;0;0;0;0;0;0;0;0;0;0;0;0;0;4;1;1;1;1;2;2;2018-02-04 14:30:00;-1;0;50;40;30;0;-1;1;-1;-1;-1;-1;-1;-1;0;0;2;1;0;3;-1;0;0;0;0;0;0;0;0;0;0;0;0;0;1;1;0;0;-1;-1;0;0;-1;-1;-1;-1;-1;-1;-1;-1;-1;40;40;70;90;100;70;90;80;60;13;3.2;4.4;4;Goa;NorthEast United;1.5;0.44;1.8;0.6;1.73;0.91;60;60;30;10;0;70;70;60;0;0;0;967;18;Y;Y;Y;Y;N;N;Y
288071;5420;5418;2017/2018;complete;1857;14;-1;;86;0;1;1;4;5;9;0;4;0;1;0;0;5;4;6;3;11;7;14;9;48;52;0;1;3.2;3.1;2.2;1.05;1.36;2.1;3.9;0;0;0;0;0;0;1.95;1.83;0;0;0;0;0;0;0;0;0;0;0;0;0;0;0;0;0;0;0;0;0;0;0;0;0;0;0;0;0;0;0;0;0;0;0;0;0;0;0;0;0;0;0;0;0;0;0;0;0;0;0;0;0;1;0;0;0;1;1;0;2018-02-07 14:30:00;5418;0;37;9;19;0;-1;1;-1;-1;-1;-1;-1;-1;0;0;0;1;0;1;-1;0;0;0;0;0;0;0;0;0;0;0;0;0;1;1;0;0;-1;-1;0;0;-1;-1;-1;-1;-1;-1;-1;-1;-1;10;19;27;55;92;9;55;82;29;10.93;3.37;4.03;2.02;NorthEast United;Pune City;0.78;1.8;1.17;2;0.92;1.69;90;82;74;45;9;65;55;55;0;0;0;967;18;Y;N;N;N;N;N;N
288072;5425;5421;2017/2018;complete;1857;14;-1;35,82;;2;0;2;5;7;12;0;1;1;1;0;0;12;6;2;7;14;13;15;11;45;55;1;1;1.71;3.6;4.35;1;1.11;1.4;2.05;0;0;0;0;0;0;1.48;2.65;0;0;0;0;0;0;0;0;0;0;0;0;0;0;0;0;0;0;0;0;0;0;0;0;0;0;0;0;0;0;0;0;0;0;0;0;0;0;0;0;0;0;0;0;0;0;0;0;0;0;0;0;0;2;1;0;1;0;1;1;2018-02-09 14:30:00;5425;0;75;34;33;0;-1;1;-1;-1;-1;-1;-1;-1;0;0;1;1;0;2;-1;0;0;0;0;0;0;0;0;0;0;0;0;0;1;1;0;0;-1;-1;0;0;-1;-1;-1;-1;-1;-1;-1;-1;-1;25;25;67;84;100;58;75;83;50;10.83;2.5;2.67;3.09;Bengaluru;Goa;2;1.6;2;1.67;2.14;1.67;75;75;34;17;0;50;50;42;0;0;0;967;20;Y;Y;N;N;N;N;N
288073;5423;5422;2017/2018;complete;1857;14;-1;38,75;33,55;2;2;4;6;6;12;1;0;2;2;0;0;5;4;10;6;15;10;14;14;47;53;2;2;0;0;0;0;0;0;0;0;0;0;0;0;0;0;0;0;0;0;0;0;0;0;0;0;0;0;0;0;0;0;0;0;0;0;0;0;0;0;0;0;0;0;0;0;0;0;0;0;0;0;0;0;0;0;0;0;0;0;0;0;0;0;0;0;0;0;0;0;4;1;1;1;1;2;2;2018-02-08 14:30:00;-1;0;67;25;25;0;-1;1;-1;-1;-1;-1;-1;-1;0;2;2;0;2;2;-1;0;0;0;0;0;0;0;0;0;0;0;0;0;1;1;0;0;-1;-1;0;0;-1;-1;-1;-1;-1;-1;-1;-1;-1;17;25;50;75;100;34;67;83;50;7.67;3.67;2.84;2.83;ATK;Kerala Blasters;0.89;1.56;0.67;1.67;0.92;1.43;83;75;50;25;0;42;42;25;0;0;0;967;18;Y;Y;Y;Y;N;N;Y
288074;5424;5420;2017/2018;complete;1857;14;-1;51;;1;0;1;1;6;7;3;3;0;2;0;0;3;5;1;3;4;8;15;12;40;60;0;2;0;0;0;0;0;0;0;0;0;0;0;0;0;0;0;0;0;0;0;0;0;0;0;0;0;0;0;0;0;0;0;0;0;0;0;0;0;0;0;0;0;0;0;0;0;0;0;0;0;0;0;0;0;0;0;0;0;0;0;0;0;0;0;0;0;0;0;0;1;0;0;1;0;1;0;2018-02-10 14:30:00;5424;0;42;33;9;0;-1;1;-1;-1;-1;-1;-1;-1;0;2;0;0;2;0;-1;0;0;0;0;0;0;0;0;0;0;0;0;0;1;1;0;0;-1;-1;0;0;-1;-1;-1;-1;-1;-1;-1;-1;-1;17;33;59;67;92;67;92;59;25;13.34;4.17;3.33;2.67;Jamshedpur;NorthEast United;1.22;0.44;1.33;0.67;1.57;0.85;83;67;42;34;9;67;59;59;0;0;0;967;18;Y;N;N;N;N;N;N
288075;5416;5418;2017/2018;complete;1857;15;-1;;18,83;0;2;2;7;3;10;4;1;0;2;0;0;4;8;13;4;17;12;8;13;62;38;0;2;0;0;0;0;0;0;0;0;0;0;0;0;0;0;0;0;0;0;0;0;0;0;0;0;0;0;0;0;0;0;0;0;0;0;0;0;0;0;0;0;0;0;0;0;0;0;0;0;0;0;0;0;0;0;0;0;0;0;0;0;0;0;0;0;0;0;0;0;2;0;1;0;1;1;1;2018-02-11 12:00:00;5418;0;38;0;30;0;-1;1;-1;-1;-1;-1;-1;-1;0;1;0;1;1;1;-1;0;0;0;0;0;0;0;0;0;0;0;0;0;1;1;0;0;-1;-1;0;0;-1;-1;-1;-1;-1;-1;-1;-1;-1;9;23;37;54;100;7;54;85;45;9.79;5.21;4.57;2.22;Mumbai City;Pune City;1.33;1.8;1.29;2.17;1.31;1.79;92;77;63;47;0;63;40;32;0;0;0;967;18;Y;Y;N;N;N;N;N
288076;5419;5417;2017/2018;complete;1857;15;-1;59;81;1;1;2;7;5;12;1;3;0;0;0;0;3;3;8;9;11;12;10;5;45;55;0;0;0;0;0;0;0;0;0;0;0;0;0;0;0;0;0;0;0;0;0;0;0;0;0;0;0;0;0;0;0;0;0;0;0;0;0;0;0;0;0;0;0;0;0;0;0;0;0;0;0;0;0;0;0;0;0;0;0;0;0;0;0;0;0;0;0;0;0;0;2;0;0;1;1;2;0;2018-02-11 14:30:00;-1;0;45;10;27;0;-1;-1;-1;-1;-1;-1;-1;-1;0;0;0;0;0;0;-1;0;0;0;0;0;0;0;1;0;1;0;0;0;1;1;0;0;-1;-1;-1;-1;-1;-1;-1;-1;-1;-1;-1;-1;-1;10;29;45;65;100;30;64;82;55;9;4.4;4.4;2.59;Odisha FC;Chennaiyin;1.22;1.91;0.6;2;0.58;1.77;90;72;55;35;0;19;10;10;0;0;0;967;18;Y;Y;N;N;N;N;Y
288077;5420;5419;2017/2018;complete;1857;15;-1;;87;0;1;1;7;10;17;1;6;0;0;0;0;4;3;4;6;8;9;9;8;44;56;0;0;2.05;3.35;3.25;1.03;1.27;1.87;3.2;0;0;0;0;0;0;1.8;2.05;0;0;0;0;0;0;0;0;0;0;0;0;0;0;0;0;0;0;0;0;0;0;0;0;0;0;0;0;0;0;0;0;0;0;0;0;0;0;0;0;0;0;0;0;0;0;0;0;0;0;0;0;0;1;0;0;0;1;1;0;2018-02-14 14:30:00;5419;0;50;22;29;0;-1;-1;-1;-1;-1;-1;-1;-1;0;0;0;0;0;0;-1;0;0;0;0;0;0;0;0;0;0;0;0;0;1;1;0;0;-1;-1;-1;-1;-1;-1;-1;-1;-1;-1;-1;-1;-1;22;43;58;65;93;36;57;93;50;10.28;2;3.57;2.79;NorthEast United;Odisha FC;0.78;0.89;1;0.57;0.79;0.62;79;58;43;36;7;72;65;57;0;0;0;967;18;Y;N;N;N;N;N;N
288078;5421;5417;2017/2018;complete;1857;15;-1;;52;0;1;1;4;4;8;1;3;2;5;0;0;6;6;11;7;17;13;13;17;55;45;2;5;0;0;0;0;0;0;0;0;0;0;0;0;0;0;0;0;0;0;0;0;0;0;0;0;0;0;0;0;0;0;0;0;0;0;0;0;0;0;0;0;0;0;0;0;0;0;0;0;0;0;0;0;0;0;0;0;0;0;0;0;0;0;0;0;0;0;0;0;1;0;0;0;1;1;0;2018-02-15 14:30:00;5417;0;70;34;55;0;-1;1;-1;-1;-1;-1;-1;-1;0;1;2;4;1;6;-1;0;0;0;0;0;0;0;0;0;0;0;0;0;1;1;0;0;-1;-1;0;1;-1;-1;-1;-1;-1;-1;-1;-1;-1;25;41;63;79;100;34;70;93;79;9.97;4.64;4.9;3.57;Goa;Chennaiyin;1.5;1.91;1.67;1.86;1.54;1.71;75;60;37;22;0;40;32;24;0;0;0;967;20;Y;N;N;N;N;N;N
288079;5425;5418;2017/2018;complete;1857;15;-1;75;21;1;1;2;11;1;12;2;2;3;3;0;0;5;6;8;6;13;12;9;16;64;36;3;3;2;3.45;3.45;1.02;1.21;1.69;2.75;0;0;0;0;0;0;1.67;2.25;0;0;0;0;0;0;0;0;0;0;0;0;0;0;0;0;0;0;0;0;0;0;0;0;0;0;0;0;0;0;0;0;0;0;0;0;0;0;0;0;0;0;0;0;0;0;0;0;0;0;0;0;0;2;0;1;1;0;1;1;2018-02-16 14:30:00;-1;0;36;7;22;0;-1;1;-1;-1;-1;-1;-1;-1;0;2;3;1;2;4;-1;0;0;0;0;0;0;0;0;0;0;0;0;0;1;1;0;0;-1;-1;0;0;-1;-1;-1;-1;-1;-1;-1;-1;-1;14;14;29;64;100;15;64;86;36;11.28;3.29;3.14;2.22;Bengaluru;Pune City;2;1.8;2.14;2.29;2.2;1.87;86;86;72;36;0;79;64;50;0;0;0;967;20;Y;Y;N;N;N;N;Y
288080;5420;5422;2017/2018;complete;1857;16;-1;;28;0;1;1;5;4;9;2;1;4;0;0;0;6;5;11;5;17;10;9;12;51;49;4;0;2.7;3.05;2.55;1.06;1.39;2.2;4.15;0;0;0;0;0;0;2.05;1.8;0;0;0;0;0;0;0;0;0;0;0;0;0;0;0;0;0;0;0;0;0;0;0;0;0;0;0;0;0;0;0;0;0;0;0;0;0;0;0;0;0;0;0;0;0;0;0;0;0;0;0;0;0;1;0;1;0;0;0;1;2018-02-17 14:30:00;5422;0;56;28;28;0;-1;1;-1;-1;-1;-1;-1;-1;2;0;2;0;2;2;-1;0;0;0;0;0;0;0;0;0;0;0;0;0;1;1;0;0;-1;-1;0;0;-1;-1;-1;-1;-1;-1;-1;-1;-1;7;28;48;62;94;35;55;87;42;8.95;2.71;3.09;2.53;NorthEast United;Kerala Blasters;0.78;1.56;0.88;1.57;0.73;1.4;93;73;52;39;7;60;54;47;0;0;0;967;18;Y;N;N;N;N;N;N
288081;5423;5416;2017/2018;complete;1857;16;-1;47;32,53;1;2;3;5;4;9;3;4;2;3;0;0;3;7;2;2;5;9;12;14;53;47;2;3;0;0;0;0;0;0;0;0;0;0;0;0;0;0;0;0;0;0;0;0;0;0;0;0;0;0;0;0;0;0;0;0;0;0;0;0;0;0;0;0;0;0;0;0;0;0;0;0;0;0;0;0;0;0;0;0;0;0;0;0;0;0;0;0;0;0;0;0;3;0;1;1;1;2;1;2018-02-18 14:30:00;5416;0;62;31;23;0;-1;1;-1;-1;-1;-1;-1;-1;1;2;1;1;3;2;-1;0;0;0;0;0;0;0;0;0;0;0;0;0;1;1;0;0;-1;-1;0;0;-1;-1;-1;-1;-1;-1;-1;-1;-1;16;31;47;86;100;31;77;93;47;7.71;4.57;3.62;2.95;ATK;Mumbai City;0.89;1.22;0.71;1.33;0.93;1.21;85;69;54;15;0;55;55;40;0;0;0;967;18;Y;Y;Y;N;N;N;Y
288082;5417;5424;2017/2018;complete;1857;16;-1;88;32;1;1;2;11;3;14;1;0;2;2;0;0;2;4;11;7;13;11;12;11;63;37;2;2;2.35;3.05;2.95;1.06;1.39;2.2;4.15;0;0;0;0;0;0;2.05;1.8;0;0;0;0;0;0;0;0;0;0;0;0;0;0;0;0;0;0;0;0;0;0;0;0;0;0;0;0;0;0;0;0;0;0;0;0;0;0;0;0;0;0;0;0;0;0;0;0;0;0;0;0;0;2;0;1;1;0;1;1;2018-02-18 12:00:00;-1;0;55;15;34;0;-1;1;-1;-1;-1;-1;-1;-1;0;0;2;2;0;4;-1;0;0;0;0;0;0;0;0;0;0;0;0;0;1;1;0;0;-1;-1;0;0;-1;-1;-1;-1;-1;-1;-1;-1;-1;15;29;55;62;88;29;48;88;55;10.75;4.45;4.39;2.47;Chennaiyin;Jamshedpur;1.8;1.67;1.57;1.75;1.8;1.67;86;72;46;39;13;54;47;41;0;0;0;967;18;Y;Y;N;N;N;N;Y
288083;5421;5419;2017/2018;complete;1857;16;-1;53;81;1;1;2;2;0;2;3;1;2;2;0;0;7;3;10;5;17;8;6;16;58;42;2;2;1.62;4.15;4.3;1;1.11;1.41;2.05;0;0;0;0;0;0;1.5;2.6;0;0;0;0;0;0;0;0;0;0;0;0;0;0;0;0;0;0;0;0;0;0;0;0;0;0;0;0;0;0;0;0;0;0;0;0;0;0;0;0;0;0;0;0;0;0;0;0;0;0;0;0;0;2;0;0;1;1;2;0;2018-02-21 14:30:00;-1;0;67;41;48;0;-1;1;-1;-1;-1;-1;-1;-1;1;1;1;1;2;2;-1;0;0;0;0;0;0;0;0;0;0;0;0;0;1;1;0;0;-1;-1;0;1;-1;-1;-1;-1;-1;-1;-1;-1;-1;41;60;73;81;100;54;67;100;81;11.32;3.92;4.04;3.97;Goa;Odisha FC;1.5;0.89;1.43;0.88;1.43;0.79;60;41;27;20;0;66;66;52;0;0;0;967;18;Y;Y;N;N;N;N;Y
288084;5416;5420;2017/2018;complete;1857;16;-1;15,54,90;24,43;3;2;5;1;4;5;2;3;1;4;0;0;9;4;11;2;20;6;15;17;58;42;1;4;1.74;3.5;4.4;1.03;1.28;1.91;3.25;0;0;0;0;0;0;1.91;1.87;0;0;0;0;0;0;0;0;0;0;0;0;0;0;0;0;0;0;0;0;0;0;0;0;0;0;0;0;0;0;0;0;0;0;0;0;0;0;0;0;0;0;0;0;0;0;0;0;0;0;0;0;0;5;1;2;2;0;2;3;2018-02-22 14:30:00;5416;0;34;15;26;0;-1;1;-1;-1;-1;-1;-1;-1;1;1;0;3;2;3;-1;0;0;0;0;0;0;0;0;0;0;0;0;0;1;1;0;0;-1;-1;0;0;-1;-1;-1;-1;-1;-1;-1;-1;-1;7;27;54;67;100;42;75;80;40;10.77;4.59;4.11;2.55;Mumbai City;NorthEast United;1.33;0.44;1.13;0.57;1.33;0.69;93;73;47;34;0;54;48;35;0;0;0;967;18;Y;Y;Y;Y;Y;N;Y
288085;5422;5417;2017/2018;complete;1857;17;-1;;;0;0;0;8;2;10;2;1;1;1;0;0;6;3;6;8;12;11;14;14;49;51;1;1;2.6;3.05;2.65;1.06;1.39;2.25;4.2;0;0;0;0;0;0;2.05;1.8;0;0;0;0;0;0;0;0;0;0;0;0;0;0;0;0;0;0;0;0;0;0;0;0;0;0;0;0;0;0;0;0;0;0;0;0;0;0;0;0;0;0;0;0;0;0;0;0;0;0;0;0;0;0;0;0;0;0;0;0;2018-02-23 14:30:00;-1;0;57;7;26;0;-1;1;-1;-1;-1;-1;-1;-1;0;0;1;1;0;2;-1;0;0;0;0;0;0;0;1;0;0;0;1;0;1;1;0;0;-1;-1;0;0;-1;-1;-1;-1;-1;-1;-1;-1;-1;0;13;38;57;88;7;57;76;38;7.88;3.5;5.13;1.94;Kerala Blasters;Chennaiyin;1.22;1.91;1.25;2;1.5;1.75;100;88;63;44;13;44;38;38;0;0;0;967;18;N;N;N;N;N;N;N
288086;5419;5423;2017/2018;complete;1857;17;-1;22,69,71,90;37,52,58;4;3;7;5;3;8;3;4;0;2;0;0;6;6;9;5;15;11;6;9;60;40;0;2;0;0;0;0;0;0;0;0;0;0;0;0;0;0;0;0;0;0;0;0;0;0;0;0;0;0;0;0;0;0;0;0;0;0;0;0;0;0;0;0;0;0;0;0;0;0;0;0;0;0;0;0;0;0;0;0;0;0;0;0;0;0;0;0;0;0;0;0;7;1;1;3;2;5;2;2018-02-24 14:30:00;5419;0;32;9;24;0;-1;1;-1;-1;-1;-1;-1;-1;0;0;0;2;0;2;-1;0;0;0;0;0;0;0;0;0;0;0;0;0;1;1;0;0;-1;-1;0;0;-1;-1;-1;-1;-1;-1;-1;-1;-1;16;24;31;56;86;25;40;70;48;10.9;5.31;2.31;2.2;Odisha FC;ATK;1.22;0.89;0.67;1.14;0.8;0.87;85;77;69;44;15;60;52;52;0;0;0;967;18;Y;Y;Y;Y;Y;Y;Y
288087;5418;5421;2017/2018;complete;1857;17;-1;;28,47,58,65;0;4;4;3;4;7;3;2;3;4;1;0;3;10;9;3;12;13;10;16;46;54;4;4;2.25;3.55;2.8;1;1.12;1.44;2.1;0;0;0;0;0;0;1.45;2.7;0;0;0;0;0;0;0;0;0;0;0;0;0;0;0;0;0;0;0;0;0;0;0;0;0;0;0;0;0;0;0;0;0;0;0;0;0;0;0;0;0;0;0;0;0;0;0;0;0;0;0;0;0;4;0;1;0;3;3;1;2018-02-25 12:00:00;5421;0;75;22;27;0;-1;1;-1;-1;-1;-1;-1;-1;2;3;2;1;5;3;-1;0;0;0;0;0;0;0;0;2;0;2;0;0;1;1;0;0;-1;-1;0;1;-1;-1;-1;-1;-1;-1;-1;-1;-1;27;34;80;94;100;42;75;93;66;9.99;4.29;3.43;3.41;Pune City;Goa;1.3;1.6;1.5;1.43;1.81;1.4;73;67;21;7;0;66;66;66;0;0;0;967;20;Y;Y;Y;Y;N;N;N
288088;5424;5425;2017/2018;complete;1857;17;-1;;23,34;0;2;2;7;1;8;3;3;4;2;1;0;10;4;9;3;19;7;12;16;49;51;5;2;2.55;3.05;2.7;1.06;1.39;2.25;4.2;0;0;0;0;0;0;2.05;1.8;0;0;0;0;0;0;0;0;0;0;0;0;0;0;0;0;0;0;0;0;0;0;0;0;0;0;0;0;0;0;0;0;0;0;0;0;0;0;0;0;0;0;0;0;0;0;0;0;0;0;0;0;0;2;0;2;0;0;0;2;2018-02-25 14:30:00;5425;0;53;27;19;0;-1;1;-1;-1;-1;-1;-1;-1;2;0;3;2;2;5;-1;0;0;0;0;0;0;0;0;1;0;1;0;0;1;1;0;0;-1;-1;0;0;-1;-1;-1;-1;-1;-1;-1;-1;-1;14;46;53;66;93;34;67;79;45;9.42;3.71;3.79;2.82;Jamshedpur;Bengaluru;1.22;2.2;1.57;2.25;1.63;2.13;87;55;48;35;7;41;34;34;0;0;0;967;18;Y;Y;N;N;N;N;N
288089;5421;5423;2017/2018;complete;1857;17;-1;10,15,21,64,90;87;5;1;6;5;3;8;3;1;3;5;0;0;6;6;8;7;14;13;11;17;56;44;3;5;0;0;0;0;0;0;0;0;0;0;0;0;0;0;0;0;0;0;0;0;0;0;0;0;0;0;0;0;0;0;0;0;0;0;0;0;0;0;0;0;0;0;0;0;0;0;0;0;0;0;0;0;0;0;0;0;0;0;0;0;0;0;0;0;0;0;0;0;6;3;0;2;1;3;3;2018-02-28 14:30:00;5421;0;50;32;44;0;-1;1;-1;-1;-1;-1;-1;-1;2;1;1;4;3;5;-1;0;0;0;0;0;0;0;0;0;0;0;0;0;1;1;1;0;-1;-1;0;0;-1;-1;-1;-1;-1;-1;-1;-1;-1;32;38;51;63;88;32;51;82;63;10.38;5.63;3.5;3.19;Goa;ATK;1.5;0.89;1.38;1;1.5;0.81;69;63;51;38;13;57;51;44;0;0;0;967;18;Y;Y;Y;Y;Y;Y;Y
288090;5425;5422;2017/2018;complete;1857;18;-1;90,90;;2;0;2;3;2;5;0;2;1;0;0;0;4;0;10;4;14;4;15;11;57;43;1;0;2;3.4;3.4;1.02;1.23;1.74;2.9;0;0;0;0;0;0;1.74;2.1;0;0;0;0;0;0;0;0;0;0;0;0;0;0;0;0;0;0;0;0;0;0;0;0;0;0;0;0;0;0;0;0;0;0;0;0;0;0;0;0;0;0;0;0;0;0;0;0;0;0;0;0;0;2;0;0;2;0;2;0;2018-03-01 14:30:00;5425;0;63;26;32;0;-1;1;-1;-1;-1;-1;-1;-1;1;0;0;0;1;0;-1;0;0;0;0;0;0;0;0;0;0;0;0;0;1;1;0;0;-1;-1;0;0;-1;-1;-1;-1;-1;-1;-1;-1;-1;13;26;51;75;100;38;75;82;51;10.38;2.76;2.88;2.76;Bengaluru;Kerala Blasters;2;1.56;2;1.75;2.18;1.47;88;76;51;25;0;69;63;51;0;0;0;967;18;Y;Y;N;N;N;N;N
288091;5419;5418;2017/2018;complete;1857;18;-1;10,34;13,86;2;2;4;7;6;13;3;1;3;1;0;0;11;5;8;8;19;13;12;10;60;40;3;1;3.6;3.45;1.95;1.01;1.19;1.65;2.6;0;0;0;0;0;0;1.65;2.25;0;0;0;0;0;0;0;0;0;0;0;0;0;0;0;0;0;0;0;0;0;0;0;0;0;0;0;0;0;0;0;0;0;0;0;0;0;0;0;0;0;0;0;0;0;0;0;0;0;0;0;0;0;4;2;1;0;1;1;3;2018-03-02 14:30:00;-1;0;51;13;32;0;-1;1;-1;-1;-1;-1;-1;-1;2;1;1;0;3;1;-1;0;0;0;0;0;0;0;1;2;1;2;0;0;1;1;1;0;-1;-1;0;1;-1;-1;-1;-1;-1;-1;-1;-1;-1;26;32;32;76;100;25;63;88;50;9.51;4.38;3.38;2.88;Odisha FC;Pune City;1.22;1.8;1.25;2.13;1.06;1.71;76;69;69;26;0;57;44;38;0;0;0;967;18;Y;Y;Y;Y;N;N;Y
288092;5417;5416;2017/2018;complete;1857;18;-1;67;;1;0;1;4;10;14;0;4;1;3;0;0;5;3;8;8;13;11;14;15;46;54;1;3;0;0;0;0;0;0;0;0;0;0;0;0;0;0;0;0;0;0;0;0;0;0;0;0;0;0;0;0;0;0;0;0;0;0;0;0;0;0;0;0;0;0;0;0;0;0;0;0;0;0;0;0;0;0;0;0;0;0;0;0;0;0;0;0;0;0;0;0;1;0;0;1;0;1;0;2018-03-03 14:30:00;5417;0;75;25;38;0;-1;1;-1;-1;-1;-1;-1;-1;0;2;1;1;2;2;-1;0;0;0;0;0;0;0;1;0;1;0;0;0;1;1;0;0;-1;-1;0;0;-1;-1;-1;-1;-1;-1;-1;-1;-1;25;44;63;94;100;38;76;100;63;10.01;5.88;4.51;3.44;Chennaiyin;Mumbai City;1.8;1.22;1.5;1.38;1.71;1.35;75;57;38;7;0;63;50;44;0;0;0;967;18;Y;N;N;N;N;N;N
288093;5424;5421;2017/2018;complete;1857;18;-1;;29,51,69;0;3;3;2;4;6;4;1;4;2;1;1;5;6;7;10;12;16;9;17;36;64;6;4;2.65;3.2;2.5;1.03;1.27;1.87;3.2;0;0;0;0;0;0;1.77;2.05;0;0;0;0;0;0;0;0;0;0;0;0;0;0;0;0;0;0;0;0;0;0;0;0;0;0;0;0;0;0;0;0;0;0;0;0;0;0;0;0;0;0;0;0;0;0;0;0;0;0;0;0;0;3;0;1;0;2;2;1;2018-03-04 12:00:00;5421;0;57;32;13;0;-1;1;-1;-1;-1;-1;-1;-1;4;0;1;3;4;4;-1;0;0;0;0;0;0;0;0;0;0;0;0;0;1;1;0;0;-1;-1;1;0;-1;-1;-1;-1;-1;-1;-1;-1;-1;19;32;57;75;94;57;82;69;32;11.13;4.13;3.5;2.82;Jamshedpur;Goa;1.22;1.6;1.38;1.63;1.53;1.59;82;69;44;25;7;44;38;38;0;0;0;967;18;Y;Y;Y;N;N;N;N
288094;5423;5420;2017/2018;complete;1857;18;-1;10;;1;0;1;3;10;13;1;2;2;1;0;0;4;13;3;10;7;23;10;6;39;61;2;1;0;0;0;0;0;0;0;0;0;0;0;0;0;0;0;0;0;0;0;0;0;0;0;0;0;0;0;0;0;0;0;0;0;0;0;0;0;0;0;0;0;0;0;0;0;0;0;0;0;0;0;0;0;0;0;0;0;0;0;0;0;0;0;0;0;0;0;0;1;1;0;0;0;0;1;2018-03-04 14:30:00;5423;0;51;32;26;0;-1;1;-1;-1;-1;-1;-1;-1;0;0;2;1;0;3;-1;0;0;0;0;0;0;0;0;0;0;0;0;0;1;1;1;0;-1;-1;0;0;-1;-1;-1;-1;-1;-1;-1;-1;-1;19;32;57;75;100;50;82;82;44;10.63;3.63;3.51;2.82;ATK;NorthEast United;0.89;0.44;0.63;0.5;0.76;0.65;82;69;44;25;0;50;44;38;0;0;0;967;18;Y;N;N;N;N;N;N
314399;5418;5425;2017/2018;complete;2222;0;-1;;;0;0;0;4;6;10;0;3;2;2;0;0;3;3;12;3;15;6;17;14;47;53;2;2;3.2;3.35;2.1;1.02;1.23;1.77;2.9;0;0;0;0;0;0;1.69;2.15;0;0;0;0;0;0;0;0;0;0;0;0;0;0;0;0;0;0;0;0;0;0;0;0;0;0;0;0;0;0;0;0;0;0;0;0;0;0;0;0;0;0;0;0;0;0;0;0;0;0;0;0;0;0;0;0;0;0;0;0;2018-03-07 14:30:00;-1;1;50;11;28;0;-1;1;-1;-1;-1;-1;-1;-1;1;1;1;1;2;2;-1;0;0;0;0;0;0;0;0;0;0;0;0;0;1;1;0;0;-1;-1;0;0;-1;-1;-1;-1;-1;-1;-1;-1;-1;14;33;50;81;100;20;67;92;56;9.44;3.67;4;2.83;Pune City;Bengaluru;1.55;2.1;1.67;2.22;1.67;2.22;86;67;50;20;0;64;58;53;0;0;0;967;20;N;N;N;N;N;N;N
314400;5421;5417;2017/2018;complete;2222;0;-1;64;71;1;1;2;2;2;4;1;2;1;3;0;0;5;6;4;5;9;11;12;15;63;37;1;3;2.1;3.25;3.25;1.02;1.23;1.74;2.9;0;0;0;0;0;0;1.71;2.15;0;0;0;0;0;0;0;0;0;0;0;0;0;0;0;0;0;0;0;0;0;0;0;0;0;0;0;0;0;0;0;0;0;0;0;0;0;0;0;0;0;0;0;0;0;0;0;0;0;0;0;0;0;2;0;0;1;1;2;0;2018-03-10 14:30:00;-1;1;64;22;50;0;-1;1;-1;-1;-1;-1;-1;-1;0;1;1;2;1;3;-1;0;0;0;0;0;0;0;0;0;0;0;0;0;1;1;0;0;-1;-1;0;0;-1;-1;-1;-1;-1;-1;-1;-1;-1;22;36;58;78;97;39;64;92;61;10;4;4.5;3.14;Goa;Chennaiyin;1.55;1.86;1.67;1.78;1.67;1.78;78;64;42;23;3;42;36;31;0;0;0;967;20;Y;Y;N;N;N;N;Y
314401;5425;5418;2017/2018;complete;2222;0;-1;15,65,89;82;3;1;4;4;4;8;3;3;1;3;0;0;7;9;6;6;13;15;16;7;48;52;1;3;1.95;3.25;3.8;1.04;1.32;2;3.6;0;0;0;0;0;0;1.95;1.87;0;0;0;0;0;0;0;0;0;0;0;0;0;0;0;0;0;0;0;0;0;0;0;0;0;0;0;0;0;0;0;0;0;0;0;0;0;0;0;0;0;0;0;0;0;0;0;0;0;0;0;0;0;4;1;0;2;1;3;1;2018-03-11 14:30:00;5425;1;47;11;17;0;-1;1;-1;-1;-1;-1;-1;-1;1;3;0;0;4;0;-1;0;0;0;0;0;0;0;1;0;1;0;0;0;1;1;0;0;-1;-1;0;0;-1;-1;-1;-1;-1;-1;-1;-1;-1;14;32;48;77;95;19;63;87;53;9.47;3.63;4;2.68;Bengaluru;Pune City;2.1;1.55;2.16;1.63;2.16;1.63;87;68;53;24;5;66;61;50;0;0;0;967;20;Y;Y;Y;Y;N;N;Y
314402;5417;5421;2017/2018;complete;2222;0;-1;26,29,90;;3;0;3;4;14;18;2;0;3;3;0;0;8;6;10;13;18;19;14;15;38;62;3;3;2.5;3.25;2.6;1.03;1.27;1.87;3.2;0;0;0;0;0;0;1.77;2.05;0;0;0;0;0;0;0;0;0;0;0;0;0;0;0;0;0;0;0;0;0;0;0;0;0;0;0;0;0;0;0;0;0;0;0;0;0;0;0;0;0;0;0;0;0;0;0;0;0;0;0;0;0;3;2;0;1;0;1;2;2018-03-13 14:30:00;5417;1;66;28;28;0;-1;1;-1;-1;-1;-1;-1;-1;1;0;2;3;1;5;-1;0;0;0;0;0;0;0;0;0;0;0;0;0;1;1;0;0;-1;-1;0;0;-1;-1;-1;-1;-1;-1;-1;-1;-1;22;34;55;79;98;37;61;92;64;9.69;3.95;4.48;3.08;Chennaiyin;Goa;1.86;1.55;1.74;1.63;1.74;1.63;79;66;45;21;3;40;35;29;0;0;0;967;20;Y;Y;Y;N;N;N;N
324084;5425;5417;2017/2018;complete;2310;0;-1;9,90;17,45,67;2;3;5;9;6;15;2;4;2;1;0;0;6;5;8;4;14;9;14;6;54;46;2;1;0;0;0;0;0;0;0;0;0;0;0;0;0;0;0;0;0;0;0;0;0;0;0;0;0;0;0;0;0;0;0;0;0;0;0;0;0;0;0;0;0;0;0;0;0;0;0;0;0;0;0;0;0;0;0;0;0;0;0;0;0;0;0;0;0;0;0;0;5;1;2;1;1;2;3;2018-03-17 14:30:00;5417;1;53;5;35;0;-1;1;-1;-1;-1;-1;-1;-1;0;1;2;0;1;2;-1;0;0;0;0;0;0;0;0;0;0;0;0;0;1;1;1;0;-1;-1;0;0;-1;-1;-1;-1;-1;-1;-1;-1;-1;10;30;45;73;95;25;58;88;53;9.55;3.4;4.25;2.58;Bengaluru;Chennaiyin;2.1;1.86;2.2;1.8;2.2;1.8;90;70;55;28;5;48;43;35;0;0;0;967;21;Y;Y;Y;Y;Y;N;Y
