ID;HOMEID;AWAYID;SEASON;STATUS;ROUNDID;GAME_WEEK;REVISED_GAME_WEEK;HOMEGOALS;AWAYGOALS;HOMEGOALCOUNT;AWAYGOALCOUNT;TOTALGOALCOUNT;TEAM_A_CORNERS;TEAM_B_CORNERS;TOTALCORNERCOUNT;TEAM_A_OFFSIDES;TEAM_B_OFFSIDES;TEAM_A_YELLOW_CARDS;TEAM_B_YELLOW_CARDS;TEAM_A_RED_CARDS;TEAM_B_RED_CARDS;TEAM_A_SHOTSONTARGET;TEAM_B_SHOTSONTARGET;TEAM_A_SHOTSOFFTARGET;TEAM_B_SHOTSOFFTARGET;TEAM_A_SHOTS;TEAM_B_SHOTS;TEAM_A_FOULS;TEAM_B_FOULS;TEAM_A_POSSESSION;TEAM_B_POSSESSION;TEAM_A_CARDS_NUM;TEAM_B_CARDS_NUM;ODDS_FT_1;ODDS_FT_X;ODDS_FT_2;ODDS_FT_OVER05;ODDS_FT_OVER15;ODDS_FT_OVER25;ODDS_FT_OVER35;ODDS_FT_OVER45;ODDS_FT_UNDER05;ODDS_FT_UNDER15;ODDS_FT_UNDER25;ODDS_FT_UNDER35;ODDS_FT_UNDER45;ODDS_BTTS_YES;ODDS_BTTS_NO;ODDS_TEAM_A_CS_YES;ODDS_TEAM_A_CS_NO;ODDS_TEAM_B_CS_YES;ODDS_TEAM_B_CS_NO;ODDS_DOUBLECHANCE_1X;ODDS_DOUBLECHANCE_12;ODDS_DOUBLECHANCE_X2;ODDS_1ST_HALF_RESULT_1;ODDS_1ST_HALF_RESULT_X;ODDS_1ST_HALF_RESULT_2;ODDS_2ND_HALF_RESULT_1;ODDS_2ND_HALF_RESULT_X;ODDS_2ND_HALF_RESULT_2;ODDS_DNB_1;ODDS_DNB_2;ODDS_CORNERS_OVER_75;ODDS_CORNERS_OVER_85;ODDS_CORNERS_OVER_95;ODDS_CORNERS_OVER_105;ODDS_CORNERS_OVER_115;ODDS_CORNERS_UNDER_75;ODDS_CORNERS_UNDER_85;ODDS_CORNERS_UNDER_95;ODDS_CORNERS_UNDER_105;ODDS_CORNERS_UNDER_115;ODDS_CORNERS_1;ODDS_CORNERS_X;ODDS_CORNERS_2;ODDS_TEAM_TO_SCORE_FIRST_1;ODDS_TEAM_TO_SCORE_FIRST_X;ODDS_TEAM_TO_SCORE_FIRST_2;ODDS_WIN_TO_NIL_1;ODDS_WIN_TO_NIL_2;ODDS_1ST_HALF_OVER05;ODDS_1ST_HALF_OVER15;ODDS_1ST_HALF_OVER25;ODDS_1ST_HALF_OVER35;ODDS_1ST_HALF_UNDER05;ODDS_1ST_HALF_UNDER15;ODDS_1ST_HALF_UNDER25;ODDS_1ST_HALF_UNDER35;ODDS_2ND_HALF_OVER05;ODDS_2ND_HALF_OVER15;ODDS_2ND_HALF_OVER25;ODDS_2ND_HALF_OVER35;ODDS_2ND_HALF_UNDER05;ODDS_2ND_HALF_UNDER15;ODDS_2ND_HALF_UNDER25;ODDS_2ND_HALF_UNDER35;ODDS_BTTS_1ST_HALF_YES;ODDS_BTTS_1ST_HALF_NO;ODDS_BTTS_2ND_HALF_YES;ODDS_BTTS_2ND_HALF_NO;OVERALLGOALCOUNT;HT_GOALS_TEAM_A;HT_GOALS_TEAM_B;GOALS_2HG_TEAM_A;GOALS_2HG_TEAM_B;GOALCOUNT_2HG;HTGOALCOUNT;DATE_UNIX;WINNINGTEAM;NO_HOME_AWAY;BTTS_POTENTIAL;BTTS_FHG_POTENTIAL;BTTS_2HG_POTENTIAL;GOALTIMINGDISABLED;CORNER_TIMINGS_RECORDED;CARD_TIMINGS_RECORDED;TEAM_A_FH_CORNERS;TEAM_B_FH_CORNERS;TEAM_A_2H_CORNERS;TEAM_B_2H_CORNERS;CORNER_FH_COUNT;CORNER_2H_COUNT;TEAM_A_FH_CARDS;TEAM_B_FH_CARDS;TEAM_A_2H_CARDS;TEAM_B_2H_CARDS;TOTAL_FH_CARDS;TOTAL_2H_CARDS;ATTACKS_RECORDED;TEAM_A_DANGEROUS_ATTACKS;TEAM_B_DANGEROUS_ATTACKS;TEAM_A_ATTACKS;TEAM_B_ATTACKS;TEAM_A_XG;TEAM_B_XG;TOTAL_XG;TEAM_A_PENALTIES_WON;TEAM_B_PENALTIES_WON;TEAM_A_PENALTY_GOALS;TEAM_B_PENALTY_GOALS;TEAM_A_PENALTY_MISSED;TEAM_B_PENALTY_MISSED;PENS_RECORDED;GOAL_TIMINGS_RECORDED;TEAM_A_0_10_MIN_GOALS;TEAM_B_0_10_MIN_GOALS;TEAM_A_CORNERS_0_10_MIN;TEAM_B_CORNERS_0_10_MIN;TEAM_A_CARDS_0_10_MIN;TEAM_B_CARDS_0_10_MIN;THROWINS_RECORDED;TEAM_A_THROWINS;TEAM_B_THROWINS;FREEKICKS_RECORDED;TEAM_A_FREEKICKS;TEAM_B_FREEKICKS;GOALKICKS_RECORDED;TEAM_A_GOALKICKS;TEAM_B_GOALKICKS;O45_POTENTIAL;O35_POTENTIAL;O25_POTENTIAL;O15_POTENTIAL;O05_POTENTIAL;O15HT_POTENTIAL;O05HT_POTENTIAL;O05_2H_POTENTIAL;O15_2H_POTENTIAL;CORNERS_POTENTIAL;OFFSIDES_POTENTIAL;CARDS_POTENTIAL;AVG_POTENTIAL;HOME_NAME;AWAY_NAME;HOME_PPG;AWAY_PPG;PRE_MATCH_HOME_PPG;PRE_MATCH_AWAY_PPG;PRE_MATCH_TEAMA_OVERALL_PPG;PRE_MATCH_TEAMB_OVERALL_PPG;U45_POTENTIAL;U35_POTENTIAL;U25_POTENTIAL;U15_POTENTIAL;U05_POTENTIAL;CORNERS_O85_POTENTIAL;CORNERS_O95_POTENTIAL;CORNERS_O105_POTENTIAL;TEAM_A_XG_PREMATCH;TEAM_B_XG_PREMATCH;TOTAL_XG_PREMATCH;COMPETITION_ID;MATCHES_COMPLETED_MINIMUM;OVER05;OVER15;OVER25;OVER35;OVER45;OVER55;BTTS
510308;5423;5422;2018/2019;complete;3947;1;-1;;77,86;0;2;2;4;7;11;2;3;1;0;0;0;4;7;5;9;9;16;10;8;38;62;1;0;0;0;0;0;0;0;0;0;0;0;0;0;0;0;0;0;0;0;0;0;0;0;0;0;0;0;0;0;0;0;0;0;0;0;0;0;0;0;0;0;0;0;0;0;0;0;0;0;0;0;0;0;0;0;0;0;0;0;0;0;0;0;0;0;0;0;0;0;2;0;0;0;2;2;0;2018-09-29 14:00:00;5422;0;0;0;0;0;-1;1;-1;-1;-1;-1;-1;-1;1;0;0;0;1;0;-1;0;0;0;0;0;0;0;0;0;0;0;0;0;1;1;0;0;-1;-1;0;0;-1;-1;-1;-1;-1;-1;-1;-1;-1;0;0;0;0;0;0;0;0;0;0;0;0;0;ATK;Kerala Blasters;1.44;0.78;0;0;0;0;0;0;0;0;0;0;0;0;0;0;0;1778;18;Y;Y;N;N;N;N;N
510309;5425;5417;2018/2019;complete;3947;1;-1;41;;1;0;1;5;3;8;0;4;1;1;0;0;4;6;4;6;8;12;17;9;44;56;1;1;2.05;3.15;3.5;1.04;1.3;1.95;3.45;0;8.5;3.15;1.74;1.26;1.08;1.87;1.95;0;0;0;0;0;0;0;0;0;0;0;0;0;0;0;0;0;0;0;0;0;0;0;0;0;0;0;0;0;0;0;0;0;0;0;0;0;0;0;0;0;0;0;0;0;0;0;0;0;0;0;0;0;1;1;0;0;0;0;1;2018-09-30 14:00:00;5425;0;0;0;0;0;1;1;1;1;4;2;2;6;1;0;0;1;1;1;1;0;0;0;0;1.26;1.59;2.85;0;0;0;0;0;0;1;1;0;0;0;0;0;0;-1;-1;-1;-1;-1;-1;-1;-1;-1;0;0;0;0;0;0;0;0;0;0;0;0;0;Bengaluru;Chennaiyin;2.45;0.44;0;0;0;0;0;0;0;0;0;0;0;0;0;0;0;1778;18;Y;N;N;N;N;N;N
510310;5420;5421;2018/2019;complete;3947;1;-1;8,53;14,38;2;2;4;4;8;12;0;1;2;1;0;0;6;5;6;7;12;12;7;8;45;55;2;1;3.85;3.5;1.83;0;0;0;0;0;0;0;0;0;0;0;0;0;0;0;0;0;0;0;0;0;0;0;0;0;0;0;0;0;0;0;0;0;0;0;0;0;0;0;0;0;0;0;0;0;0;0;0;0;0;0;0;0;0;0;0;0;0;0;0;0;0;0;0;0;4;1;2;1;0;1;3;2018-10-01 14:00:00;-1;0;0;0;0;0;1;1;2;6;2;2;8;4;0;1;2;0;1;2;1;39;56;72;84;1.46;1.51;2.97;0;0;0;0;0;0;1;1;1;0;0;2;0;0;-1;-1;-1;-1;-1;-1;-1;-1;-1;0;0;0;0;0;0;0;0;0;0;0;0;0;NorthEast United;Goa;1.5;1.36;0;0;0;0;0;0;0;0;0;0;0;0;0;0;0;1778;20;Y;Y;Y;Y;N;N;Y
510311;5416;5424;2018/2019;complete;3947;1;-1;;28,90;0;2;2;4;6;10;3;2;1;3;0;0;3;6;6;4;9;10;13;12;45;55;1;3;2.6;3.15;2.6;1.04;1.3;1.95;3.45;8.2;8.5;3.15;1.74;1.26;1.08;1.83;1.95;3.25;1.33;3.25;1.33;1.46;1.33;1.45;3.24;1.99;3.44;2.8;2.34;3.18;0;0;0;0;2.1;0;0;0;0;1.66;0;0;0;0;0;1.97;10;2.04;4.33;4.5;0;0;0;0;0;0;0;0;1.39;2.9;8.6;23;2.81;1.37;1.09;1.01;0;0;0;0;2;0;1;0;1;1;1;2018-10-02 14:00:00;5424;0;0;0;0;0;1;1;1;2;3;4;3;7;0;1;1;2;1;3;1;47;49;62;55;1.12;1.4;2.52;0;0;0;0;0;0;1;1;0;0;0;2;0;0;-1;-1;-1;-1;-1;-1;-1;-1;-1;0;0;0;0;0;0;0;0;0;0;0;0;0;Mumbai City;Jamshedpur;1.6;1;0;0;0;0;0;0;0;0;0;0;0;0;0;0;0;1778;18;Y;Y;N;N;N;N;N
510312;5419;5418;2018/2019;complete;3947;1;-1;44;88;1;1;2;7;11;18;2;4;1;0;0;0;5;4;5;3;10;7;12;5;50;50;1;0;2.85;3.5;2.2;1.01;1.18;1.61;2.5;5.2;11.5;4.25;2.15;1.45;1.17;1.59;2.4;4.5;1.18;3.5;1.28;1.57;1.3;1.4;3.46;2.21;2.8;3;2.62;2.5;0;0;0;0;0;0;0;0;0;0;0;0;0;0;0;2.2;15;1.72;6;4.5;0;0;0;0;0;0;0;0;1.28;2.42;6.2;17;3.4;1.51;1.15;1.02;0;0;0;0;2;1;0;0;1;1;1;2018-10-03 14:00:00;-1;0;0;0;0;0;1;1;3;8;4;3;11;7;0;0;1;0;0;1;1;47;57;90;90;1.33;1.14;2.47;0;0;0;0;0;0;1;1;0;0;0;0;0;0;-1;-1;-1;-1;-1;-1;-1;-1;-1;0;0;0;0;0;0;0;0;0;0;0;0;0;Odisha FC;Pune City;1.11;1.22;0;0;0;0;0;0;0;0;0;0;0;0;0;0;0;1778;18;Y;Y;N;N;N;N;Y
510313;5423;5420;2018/2019;complete;3947;2;-1;;89;0;1;1;7;9;16;1;1;4;2;1;0;4;2;3;6;7;8;9;15;24;76;5;2;0;0;0;0;0;0;0;0;0;0;0;0;0;0;0;0;0;0;0;0;0;0;0;0;0;0;0;0;0;0;0;0;0;0;0;0;0;0;0;0;0;0;0;0;0;0;0;0;0;0;0;0;0;0;0;0;0;0;0;0;0;0;0;0;0;0;0;0;1;0;0;0;1;1;0;2018-10-04 14:00:00;5420;0;0;0;0;0;1;1;1;4;6;5;5;11;3;2;2;0;5;2;1;42;69;65;84;1.03;1.14;2.17;0;0;0;0;0;0;1;1;0;0;1;1;1;0;-1;-1;-1;-1;-1;-1;-1;-1;-1;0;0;0;50;50;0;0;50;50;4;2;1;1;ATK;NorthEast United;1.44;1.7;0;0;0;1;50;50;50;0;0;50;50;50;0;0;0;1778;18;Y;N;N;N;N;N;N
510314;5422;5416;2018/2019;complete;3947;2;-1;24;90;1;1;2;7;3;10;0;1;3;1;0;0;5;5;8;6;13;11;14;6;44;56;3;1;2.3;3.2;2.95;0;0;0;0;0;0;0;0;0;0;0;0;0;0;0;0;0;0;0;0;0;0;0;0;0;0;0;0;0;0;0;0;0;0;0;0;0;0;0;0;0;0;0;0;0;0;0;0;0;0;0;0;0;0;0;0;0;0;0;0;0;0;0;0;0;2;1;0;0;1;1;1;2018-10-05 14:00:00;-1;0;0;0;0;0;1;1;4;0;3;3;4;6;2;0;1;1;2;2;1;0;0;0;0;1.63;1.57;3.21;0;0;0;0;0;0;1;1;0;0;1;0;1;0;-1;-1;-1;-1;-1;-1;-1;-1;-1;0;0;0;0;0;0;0;0;0;0;0;0;0;Kerala Blasters;Mumbai City;0.89;1.7;0;0;3;0;0;0;0;0;0;0;0;0;0;0;0;1778;18;Y;Y;N;N;N;N;Y
510315;5417;5421;2018/2019;complete;3947;2;-1;90;12,53,80;1;3;4;5;4;9;1;1;2;4;0;0;5;5;11;5;16;10;11;10;50;50;2;4;0;0;0;0;0;0;0;0;0;0;0;0;0;0;0;0;0;0;0;0;0;0;0;0;0;0;0;0;0;0;0;0;0;0;0;0;0;0;0;0;0;0;0;0;0;0;0;0;0;0;0;0;0;0;0;0;0;0;0;0;0;0;0;0;0;0;0;0;4;0;1;1;2;3;1;2018-10-06 14:00:00;5421;0;50;50;0;0;1;1;2;3;3;1;5;4;1;3;1;1;4;2;1;0;0;0;0;1.82;1.34;3.17;0;0;0;0;0;0;1;1;0;0;0;1;0;0;-1;-1;-1;-1;-1;-1;-1;-1;-1;0;50;50;50;50;50;50;50;0;8;1;1;2;Chennaiyin;Goa;0.56;1.36;0;1;0;1;50;0;0;0;0;50;50;50;0;1.51;1.51;1778;18;Y;Y;Y;Y;N;N;Y
510316;5425;5424;2018/2019;complete;3947;2;-1;45,88;81,90;2;2;4;4;1;5;1;3;1;4;0;0;5;4;11;5;16;9;8;12;43;57;1;4;1.74;3.75;4.5;1.06;1.26;1.95;3.34;8;14;3.4;1.87;1.27;1.11;1.89;1.94;2.25;1.57;4.33;1.2;1.18;1.33;1.9;2.33;2.13;5;2.2;2.4;4.33;0;0;0;1.66;0;0;0;0;2.1;0;0;0;0;0;0;1.57;8.5;2.87;2.87;7.5;0;0;0;0;0;0;0;0;1.39;2.9;7.2;26;2.81;1.37;1.05;1.01;0;0;0;0;4;1;0;1;2;3;1;2018-10-07 14:00:00;-1;0;0;0;0;0;1;1;1;0;3;1;1;4;1;1;0;3;2;3;1;69;58;104;104;1.86;1.28;3.13;0;0;0;0;0;0;1;1;0;0;0;0;0;0;-1;-1;-1;-1;-1;-1;-1;-1;-1;0;0;0;50;100;0;100;50;0;11;2;4;1.5;Bengaluru;Jamshedpur;2.45;1;3;3;3;3;100;100;100;50;0;50;50;0;1.26;1.4;2.66;1778;18;Y;Y;Y;Y;N;N;Y
510317;5419;5423;2018/2019;complete;3947;2;-1;54;20,84;1;2;3;10;2;12;4;3;0;0;0;0;4;6;6;1;10;7;13;13;58;42;0;0;0;0;0;0;0;0;0;0;0;0;0;0;0;0;0;0;0;0;0;0;0;0;0;0;0;0;0;0;0;0;0;0;0;0;0;0;0;0;0;0;0;0;0;0;0;0;0;0;0;0;0;0;0;0;0;0;0;0;0;0;0;0;0;0;0;0;0;0;3;0;1;1;1;2;1;2018-10-17 14:00:00;5423;0;50;0;0;0;1;-1;2;1;8;1;3;9;0;0;0;0;0;0;1;99;59;123;119;1.63;1.3;2.93;0;0;0;0;0;0;1;1;0;0;0;0;-1;-1;-1;-1;-1;-1;-1;-1;-1;-1;-1;0;0;0;50;50;0;50;50;0;7;2;1;1;Odisha FC;ATK;1.11;1.22;1;0;1;0;50;50;50;0;0;50;50;50;1.33;0;1.33;1778;18;Y;Y;Y;N;N;N;Y
510318;5417;5420;2018/2019;complete;3947;3;-1;4,15,32;29,37,39,54;3;4;7;5;3;8;2;2;1;1;0;0;4;6;3;4;7;10;9;13;56;44;1;1;1.91;3.3;3.85;1.04;1.3;1.95;3.4;0;8.5;3.2;1.74;1.27;1.08;1.91;1.91;0;0;0;0;0;0;0;0;0;0;0;0;0;0;0;0;0;0;0;0;0;0;0;0;0;0;0;0;0;0;0;0;0;0;0;0;0;0;0;0;0;0;0;0;0;0;0;0;0;0;0;0;0;7;3;3;0;1;1;6;2018-10-18 14:00:00;5420;0;50;0;50;0;1;1;1;2;4;1;3;5;0;1;1;0;1;1;1;0;0;0;0;1.29;1.4;2.69;0;0;0;0;0;0;1;1;1;0;1;1;0;0;-1;-1;-1;-1;-1;-1;-1;-1;-1;0;50;50;50;100;0;50;100;50;14;2;4;2.5;Chennaiyin;NorthEast United;0.56;1.7;0;3;0;2;100;50;50;50;0;100;50;50;1.82;1.14;2.96;1778;18;Y;Y;Y;Y;Y;Y;Y
510319;5416;5418;2018/2019;complete;3947;3;-1;25,45;;2;0;2;2;2;4;2;1;0;3;0;0;6;5;7;10;13;15;14;12;41;59;0;3;2.7;3.25;2.45;1.03;1.27;1.87;3.2;7.8;9.25;3.4;1.83;1.3;1.1;1.77;2.05;3.25;1.33;2.75;1.4;1.48;1.29;1.4;3.4;2.05;3.15;3.1;2.37;2.75;0;0;0;0;0;1.9;0;0;0;0;1.8;0;0;0;0;2.2;8.5;1.83;4.5;4;0;0;0;0;0;0;0;0;1.31;2.73;10;26;2.8;1.33;1.06;1.01;0;0;0;0;2;2;0;0;0;0;2;2018-10-19 14:00:00;5416;0;50;0;0;0;1;1;1;1;1;1;2;2;0;3;0;0;3;0;1;48;70;65;87;1.58;1.8;3.38;2;0;1;0;1;0;1;1;0;0;0;0;0;1;-1;-1;-1;-1;-1;-1;-1;-1;-1;0;0;0;100;100;0;100;100;0;15;7;1;2;Mumbai City;Pune City;1.6;1.22;0;1;0.5;1;100;100;100;0;0;100;100;50;1.12;1.14;2.26;1778;18;Y;Y;N;N;N;N;N
510320;5422;5419;2018/2019;complete;3947;3;-1;48;84;1;1;2;5;9;14;0;2;0;0;0;0;4;3;10;9;14;12;6;3;44;56;0;0;2.1;3.35;3.25;1.03;1.29;1.91;3.3;0;8.75;3.25;1.77;1.28;1.09;1.83;2;0;0;0;0;0;0;0;0;0;0;0;0;0;0;0;0;0;0;0;0;0;0;0;0;0;0;0;0;0;0;0;0;0;0;0;0;0;0;0;0;0;0;0;0;0;0;0;0;0;0;0;0;0;2;0;0;1;1;2;0;2018-10-20 14:00:00;-1;0;50;0;0;0;1;-1;2;5;3;4;7;7;0;0;0;0;0;0;1;0;0;0;0;1.6;1.64;3.24;0;0;0;0;0;0;1;1;0;0;0;1;-1;-1;-1;-1;-1;-1;-1;-1;-1;-1;-1;0;0;0;50;50;0;50;50;0;7;0;3;1;Kerala Blasters;Odisha FC;0.89;0.89;1;0;2;0.5;50;50;50;0;0;50;50;0;1.63;0;1.63;1778;18;Y;Y;N;N;N;N;Y
510321;5424;5423;2018/2019;complete;3947;3;-1;35;45;1;1;2;2;2;4;4;2;0;2;0;0;4;2;11;4;15;6;12;10;65;35;0;2;0;0;0;0;0;0;0;0;0;0;0;0;0;0;0;0;0;0;0;0;0;0;0;0;0;0;0;0;0;0;0;0;0;0;0;0;0;0;0;0;0;0;0;0;0;0;0;0;0;0;0;0;0;0;0;0;0;0;0;0;0;0;0;0;0;0;0;0;2;1;1;0;0;0;2;2018-10-21 14:00:00;-1;0;50;0;50;0;-1;1;-1;-1;-1;-1;-1;-1;0;1;0;1;1;1;1;63;42;116;94;1.69;0.83;2.52;0;0;0;0;0;0;1;1;0;0;-1;-1;0;0;-1;-1;-1;-1;-1;-1;-1;-1;-1;0;0;50;50;50;0;50;50;50;2;3;0;1.5;Jamshedpur;ATK;2;1.22;0;3;2;1;50;50;0;0;0;50;50;50;0;1.3;1.3;1778;18;Y;Y;N;N;N;N;Y
510322;5418;5425;2018/2019;complete;3947;3;-1;;41,43,64;0;3;3;3;4;7;8;1;2;1;0;0;7;7;5;7;12;14;14;14;51;49;2;1;3.65;3.4;1.95;1.04;1.3;1.95;3.4;7;8.5;3.2;1.74;1.27;1.08;1.91;1.91;4.33;1.2;2.5;1.5;1.69;1.27;1.25;4.55;2.09;2.5;3.9;2.4;2.35;0;0;0;0;1.8;0;0;0;0;1.9;0;0;0;0;0;2.52;10.5;1.65;7;3.1;0;0;0;0;0;0;0;0;1.41;3.04;8;23;2.73;1.34;1.08;1.01;0;0;0;0;3;0;2;0;1;1;2;2018-10-22 14:00:00;5425;0;0;0;0;0;1;1;2;2;1;2;4;3;1;0;1;1;1;2;1;60;69;121;122;1.69;1.88;3.57;0;0;0;0;0;0;1;1;0;0;0;0;1;0;-1;-1;-1;-1;-1;-1;-1;-1;-1;0;0;0;0;0;0;0;0;0;0;0;0;0;Pune City;Bengaluru;1.22;1.3;0;0;0.5;2;0;0;0;0;0;0;0;0;0;0;0;1778;18;Y;Y;Y;N;N;N;N
510323;5419;5417;2018/2019;complete;3947;4;-1;;;0;0;0;4;9;13;1;2;0;1;0;0;3;7;0;9;3;16;7;6;52;48;0;1;2.65;3.4;2.4;1.03;1.27;1.87;3.2;7;9;3.35;1.83;1.29;1.09;1.77;2.05;3.5;1.28;3.4;1.3;1.48;1.25;1.42;3.44;2.09;3.04;3.24;2.44;2.63;0;0;0;0;1.8;0;0;0;0;1.9;0;0;0;0;0;2.06;11.75;1.89;5;4.5;0;0;0;0;0;0;0;0;1.37;2.85;8;21;2.9;1.38;1.12;1.01;0;0;0;0;0;0;0;0;0;0;0;2018-10-23 14:00:00;-1;0;50;0;25;0;1;1;2;4;2;5;6;7;0;0;0;1;0;1;1;72;85;112;105;0.93;2.11;3.04;0;0;0;0;0;0;1;1;0;0;0;1;0;0;-1;-1;-1;-1;-1;-1;-1;-1;-1;0;0;25;50;100;0;100;50;25;11.5;7;1.5;1.75;Odisha FC;Chennaiyin;1.11;0.44;0.5;0;0.67;0;100;100;75;50;0;50;50;50;1.48;1.59;3.07;1778;18;N;N;N;N;N;N;N
510324;5421;5416;2018/2019;complete;3947;4;-1;6,55,61,84,90;;5;0;5;4;6;10;1;2;2;2;0;0;9;3;7;12;16;15;14;15;59;41;2;2;1.83;3.65;3.7;1.01;1.18;1.59;2.5;5;11.5;4.35;2.2;1.47;1.17;1.62;2.3;3.25;1.33;6;1.12;1.24;1.25;1.92;2.35;2.26;4.33;2.1;2.6;3.8;0;0;0;0;1.9;0;0;0;0;1.8;0;0;0;0;0;1.57;12;2.45;3.6;7.5;0;0;0;0;0;0;0;0;1.29;2.45;6;15;3.34;1.5;1.06;1.03;0;0;0;0;5;1;0;4;0;4;1;2018-10-24 14:00:00;5421;0;50;0;0;0;1;1;2;3;2;3;5;5;1;1;1;1;2;2;1;54;63;72;78;2.02;1.6;3.63;1;0;1;0;0;0;1;1;1;0;0;2;0;1;-1;-1;-1;-1;-1;-1;-1;-1;-1;0;0;0;50;50;0;50;50;0;3;1;1;1;Goa;Mumbai City;2.2;1.7;0;1;2;1.33;50;50;50;0;0;50;50;0;0;1.57;1.57;1778;20;Y;Y;Y;Y;Y;N;N
510325;5420;5424;2018/2019;complete;3947;4;-1;20;49;1;1;2;0;3;3;0;1;2;0;1;0;3;4;7;3;10;7;13;11;47;53;4;0;2.55;3.1;2.65;1.05;1.34;2.1;3.8;0;7.75;2.95;1.65;1.22;1.06;1.91;1.91;0;0;0;0;0;0;0;0;0;0;0;0;0;0;0;0;0;0;0;0;0;0;0;0;0;0;0;0;0;0;0;0;0;0;0;0;0;0;0;0;0;0;0;0;0;0;0;0;0;0;0;0;0;2;1;0;0;1;1;1;2018-10-25 14:00:00;-1;0;75;50;25;0;1;1;0;1;0;2;1;2;2;0;1;0;2;1;1;0;0;0;0;1;1.15;2.15;0;0;0;0;0;0;1;1;0;0;0;0;0;0;-1;-1;-1;-1;-1;-1;-1;-1;-1;0;75;75;100;100;50;100;100;25;7.5;2.5;5.5;3.5;NorthEast United;Jamshedpur;1.5;1;1;2;2.33;1.67;100;25;25;0;0;75;75;50;1.46;1.34;2.8;1778;18;Y;Y;N;N;N;N;Y
510326;5423;5417;2018/2019;complete;3947;4;-1;3,13;17;2;1;3;5;6;11;1;2;4;0;0;0;6;4;4;8;10;12;10;18;35;65;4;0;0;0;0;0;0;0;0;0;0;0;0;0;0;0;0;0;0;0;0;0;0;0;0;0;0;0;0;0;0;0;0;0;0;0;0;0;0;0;0;0;0;0;0;0;0;0;0;0;0;0;0;0;0;0;0;0;0;0;0;0;0;0;0;0;0;0;0;0;3;2;1;0;0;0;3;2018-10-26 14:00:00;5423;0;0;0;0;0;-1;1;-1;-1;-1;-1;-1;-1;1;0;3;0;1;3;-1;0;0;0;0;0;0;0;0;0;0;0;0;0;1;1;1;0;-1;-1;0;0;-1;-1;-1;-1;-1;-1;-1;-1;-1;0;0;0;25;75;0;25;50;25;11.5;4.5;4;1;ATK;Chennaiyin;1.44;0.44;0;0.5;1;0.25;100;100;100;75;25;75;75;75;1.03;1.85;2.88;1778;18;Y;Y;Y;N;N;N;Y
510327;5416;5419;2018/2019;complete;3947;4;-1;30,77;;2;0;2;5;7;12;-1;-1;0;3;0;0;5;8;4;8;9;16;-1;-1;52;48;0;3;2.45;3.3;2.65;1.03;1.27;1.87;3.2;0;9.25;3.4;1.83;1.3;1.1;1.77;2.05;0;0;0;0;0;0;0;0;0;0;0;0;0;0;0;0;0;0;0;0;0;0;0;0;0;0;0;0;0;0;0;0;0;0;0;0;0;0;0;0;0;0;0;0;0;0;0;0;0;0;0;0;0;2;1;0;1;0;1;1;2018-10-27 14:00:00;5416;0;50;0;50;0;1;1;2;2;3;5;4;8;0;0;0;3;0;3;1;0;0;0;0;1.5;2.19;3.7;1;0;0;0;1;0;1;1;0;0;1;1;0;0;-1;-1;-1;-1;-1;-1;-1;-1;-1;0;0;0;100;100;25;50;75;50;12;4.5;0.5;2;Mumbai City;Odisha FC;1.6;0.89;1.5;1;1;0.75;100;100;100;0;0;75;75;50;1.35;1.64;2.99;1778;18;Y;Y;N;N;N;N;N
510328;5421;5418;2018/2019;complete;3947;5;-1;5,12,20,35;8,23;4;2;6;6;8;14;4;1;1;2;1;1;12;7;7;8;19;15;10;9;65;35;3;4;1.62;3.95;4.6;1.01;1.17;1.59;2.45;4.3;11.75;4.4;2.2;1.48;1.18;1.65;2.27;2.75;1.4;6.5;1.11;1.16;1.2;2.07;2.16;2.32;4.9;1.95;2.75;4.33;0;0;0;0;1.72;0;0;0;0;2;0;0;0;0;0;1.44;17;2.75;3.2;9;0;0;0;0;0;0;0;0;1.28;2.27;5.5;15;3.4;1.48;1.14;1.03;0;0;0;0;6;4;2;0;0;0;6;2018-10-28 14:00:00;5421;0;25;0;0;0;1;1;3;4;3;4;7;7;1;0;1;3;1;4;1;56;67;96;86;2.44;1.91;4.35;0;1;0;0;0;1;1;1;1;1;0;0;0;0;-1;-1;-1;-1;-1;-1;-1;-1;-1;50;50;50;100;100;25;100;75;50;10.5;3.5;3.5;3.5;Goa;Pune City;2.2;1.22;3;0.5;2.33;0.33;50;50;50;0;0;75;75;25;2.02;1.47;3.49;1778;18;Y;Y;Y;Y;Y;Y;Y
510329;5424;5422;2018/2019;complete;3947;5;-1;3,31;71,85;2;2;4;4;3;7;2;1;1;2;0;0;3;4;6;3;9;7;14;9;47;53;1;2;2.45;2.9;3;1.07;1.43;2.35;4.5;8.5;6.85;2.55;1.51;1.16;1.04;2.1;1.74;2.62;1.44;3;1.36;1.4;1.38;1.46;3.45;1.8;3.94;2.9;2.23;3.3;0;0;0;0;1.72;0;0;0;0;2;0;0;0;0;0;1.98;7.2;2.2;3.75;4.5;0;0;0;0;0;0;0;0;1.5;3.36;12.5;13;2.45;1.29;1.05;1.02;0;0;0;0;4;2;0;0;2;2;2;2018-10-29 14:00:00;-1;0;50;50;0;0;1;1;2;1;2;2;3;4;0;0;1;2;0;3;1;49;45;98;119;1.14;1.06;2.21;0;1;0;0;0;1;1;1;1;0;2;0;0;0;-1;-1;-1;-1;-1;-1;-1;-1;-1;0;0;0;100;100;50;50;50;50;9;7;0;2;Jamshedpur;Kerala Blasters;2;0.78;1;3;1.5;1.67;100;100;100;0;0;50;50;50;1.69;0;1.69;1778;18;Y;Y;Y;Y;N;N;Y
510330;5419;5420;2018/2019;complete;3947;5;-1;;82,90;0;2;2;4;7;11;0;3;2;0;0;0;2;5;3;6;5;11;17;14;49;51;2;0;2.3;3.35;2.8;1.03;1.28;1.91;3.25;0;9;3.3;1.8;1.29;1.09;1.8;2.05;0;0;0;0;0;0;0;0;0;0;0;0;0;0;0;0;0;0;0;0;0;0;0;0;0;0;0;0;0;0;0;0;0;0;0;0;0;0;0;0;0;0;0;0;0;0;0;0;0;0;0;0;0;2;0;0;0;2;2;0;2018-10-30 14:00:00;5420;0;59;25;17;0;1;1;3;3;1;4;6;5;0;0;2;0;0;2;1;53;67;94;106;0.85;1.53;2.38;0;0;0;0;0;0;1;1;0;0;0;0;0;0;-1;-1;-1;-1;-1;-1;-1;-1;-1;25;25;42;59;84;25;59;84;17;13;3.83;1.83;2.84;Odisha FC;NorthEast United;1.11;1.7;0.67;3;0.6;2;75;75;59;42;17;75;75;75;1.3;1.27;2.57;1778;18;Y;Y;N;N;N;N;N
510331;5425;5423;2018/2019;complete;3947;5;-1;37;;1;0;1;1;9;10;3;10;1;1;0;0;4;3;8;5;12;8;19;5;56;44;1;1;0;0;0;0;0;0;0;0;0;0;0;0;0;0;0;0;0;0;0;0;0;0;0;0;0;0;0;0;0;0;0;0;0;0;0;0;0;0;0;0;0;0;0;0;0;0;0;0;0;0;0;0;0;0;0;0;0;0;0;0;0;0;0;0;0;0;0;0;1;1;0;0;0;0;1;2018-12-13 14:00:00;5425;0;60;40;30;0;1;1;0;7;1;2;7;3;1;1;0;0;2;0;1;55;77;94;89;1.44;1.27;2.71;0;0;0;0;0;0;1;1;0;0;0;2;0;0;-1;-1;-1;-1;-1;-1;-1;-1;-1;10;20;40;60;80;40;70;50;30;8.4;3;1.8;2.1;Bengaluru;ATK;2.45;1.22;2.2;1.8;2.4;1.45;90;80;60;40;20;40;20;20;1.96;1.07;3.03;1778;18;Y;N;N;N;N;N;N
510332;5424;5421;2018/2019;complete;3947;5;-1;17,50,77,78;33;4;1;5;10;1;11;3;0;1;1;0;0;10;5;10;10;20;15;10;9;49;51;1;1;2.85;3.45;2.25;1.01;1.18;1.59;2.5;4;11.5;4.35;2.2;1.47;1.17;1.57;2.4;5;1.16;3.75;1.25;1.72;1.29;1.31;3.42;2.2;2.84;3.68;2.45;2.39;0;0;0;0;1.83;0;0;0;0;1.83;0;0;0;0;0;2.1;17;1.72;6.5;4.75;0;0;0;0;0;0;0;0;1.28;2.42;6;15;3.4;1.51;1.15;1.03;0;0;0;0;5;1;1;3;0;3;2;2018-11-01 14:00:00;5424;0;100;50;25;0;1;1;4;1;6;0;5;6;0;0;1;1;0;2;1;66;45;113;82;2.44;1.62;4.06;0;0;0;0;0;0;1;1;0;0;1;0;0;0;-1;-1;-1;-1;-1;-1;-1;-1;-1;0;75;75;100;100;75;100;75;50;9;4;3;3.5;Jamshedpur;Goa;2;1.36;1;2;1.4;2.5;100;25;25;0;0;50;25;25;1.41;1.43;2.84;1778;18;Y;Y;Y;Y;Y;N;Y
510333;5418;5422;2018/2019;complete;3947;6;-1;13;61;1;1;2;4;14;18;3;2;3;2;0;0;4;9;7;14;11;23;8;12;34;66;3;2;2.3;3.3;2.9;1.03;1.27;1.87;3.2;6.8;9.25;3.4;1.83;1.3;1.1;1.77;2.05;3.25;1.33;3.75;1.25;1.41;1.33;1.61;2.91;2.1;3.58;2.92;2.41;2.92;0;0;0;0;0;1.83;0;0;0;0;1.83;0;0;0;0;1.8;11;2.2;4.33;5.5;0;0;0;0;0;0;0;0;1.39;2.84;8;21;3.05;1.48;1.09;1.01;0;0;0;0;2;1;0;0;1;1;1;2018-11-02 14:00:00;-1;0;25;0;0;0;1;1;1;9;3;5;10;8;0;1;3;1;1;4;1;66;134;73;105;1.45;3.03;4.47;1;0;0;0;1;0;1;1;0;0;0;1;0;0;-1;-1;-1;-1;-1;-1;-1;-1;-1;0;25;75;100;100;75;75;100;50;8;10;3;3;Pune City;Kerala Blasters;1.22;0.78;0;2;0.25;1.5;100;75;25;0;0;25;25;25;1.69;1.06;2.75;1778;18;Y;Y;N;N;N;N;Y
510334;5417;5416;2018/2019;complete;3947;6;-1;;20;0;1;1;3;1;4;0;6;0;2;0;0;0;4;10;6;10;10;9;10;61;39;0;2;2.15;3.4;3.05;1.03;1.25;1.8;3.05;0;9.5;3.55;1.87;1.32;1.11;1.74;2.1;0;0;0;0;0;0;0;0;0;0;0;0;0;0;0;0;0;0;0;0;0;0;0;0;0;0;0;0;0;0;0;0;0;0;0;0;0;0;0;0;0;0;0;0;0;0;0;0;0;0;0;0;0;1;0;1;0;0;0;1;2018-11-03 14:00:00;5416;0;75;25;25;0;1;1;3;0;0;1;3;1;0;0;0;2;0;2;1;0;0;0;0;1.18;1.25;2.43;0;0;0;0;0;0;1;1;0;0;0;0;0;0;-1;-1;-1;-1;-1;-1;-1;-1;-1;50;75;75;100;100;25;100;100;50;9.5;3;3;4.5;Chennaiyin;Mumbai City;0.56;1.7;0;0.5;0.2;1.4;50;25;25;0;0;75;50;0;1.56;1.59;3.15;1778;18;Y;N;N;N;N;N;N
510335;5419;5424;2018/2019;complete;3947;6;-1;55,58;39,72;2;2;4;0;5;5;0;2;2;2;0;0;4;7;5;3;9;10;18;9;46;54;2;2;3.4;3.25;2.05;1.03;1.29;1.91;3.3;6;8.75;3.25;1.77;1.28;1.09;1.83;2;4;1.22;2.75;1.4;1.6;1.25;1.23;4.45;2.02;2.64;3.62;2.36;2.51;0;0;0;0;1.83;0;0;0;0;1.83;0;0;0;0;0;2.44;9.9;1.7;6.5;3.75;0;0;0;0;0;0;0;0;1.41;3.04;7.6;21;2.73;1.34;1.03;1.01;0;0;0;0;4;0;1;2;1;3;1;2018-11-04 14:00:00;-1;0;59;0;29;0;1;1;0;2;0;3;2;3;1;0;1;2;1;3;1;0;0;0;0;1.13;1.58;2.71;0;0;0;0;0;0;1;1;0;0;0;1;0;0;-1;-1;-1;-1;-1;-1;-1;-1;-1;0;17;29;88;88;0;75;88;42;9.58;3.75;3.08;2.21;Odisha FC;Jamshedpur;1.11;1;0.5;1.67;0.5;1.67;100;84;71;13;13;67;67;50;1.18;1.28;2.46;1778;18;Y;Y;Y;Y;N;N;Y
510336;5422;5425;2018/2019;complete;3947;6;-1;30;17,80;1;2;3;5;7;12;4;3;2;1;0;0;4;7;8;5;12;12;9;11;42;58;2;1;3.65;3.4;1.91;1.03;1.26;1.83;3.1;6.75;9.5;3.5;1.87;1.32;1.1;1.8;2;4.5;1.18;2.62;1.44;1.81;1.3;1.25;4.4;2.11;2.51;3.8;2.48;2.3;0;0;0;0;2.1;0;0;0;0;1.66;0;0;0;0;0;2.42;12;1.66;7;3.25;0;0;0;0;0;0;0;0;1.34;2.73;7.5;21;3.04;1.41;1.07;1.01;0;0;0;0;3;1;1;0;1;1;2;2018-11-05 14:00:00;5425;0;75;25;25;0;1;1;3;2;2;5;5;7;0;0;2;1;0;3;1;52;81;94;113;1.42;1.83;3.25;1;0;1;0;0;0;1;1;0;0;1;0;0;0;-1;-1;-1;-1;-1;-1;-1;-1;-1;0;0;50;100;100;50;75;100;25;8.5;2;3.5;2.5;Kerala Blasters;Bengaluru;0.89;1.3;1;3;1.4;2.5;100;100;50;0;0;50;50;25;1.61;1.88;3.49;1778;18;Y;Y;Y;N;N;N;Y
510337;5418;5417;2018/2019;complete;3947;6;-1;9,90;54,56,69,72;2;4;6;5;4;9;1;4;2;2;1;0;4;10;2;4;6;14;13;19;38;62;4;2;2.85;3.15;2.4;1.04;1.29;1.95;3.35;7.5;8.75;3.25;1.77;1.27;1.08;1.83;2;3.5;1.28;3;1.36;1.53;1.33;1.38;3.64;2;3.08;3.04;2.31;2.97;0;0;0;0;0;2.1;0;0;0;0;1.66;0;0;0;0;2.12;10.25;1.89;5;4;0;0;0;0;0;0;0;0;1.36;2.85;8;15;2.6;1.38;1.06;1.02;0;0;0;0;6;1;0;1;4;5;1;2018-11-06 14:00:00;5417;0;42;17;0;0;1;1;2;3;3;1;5;4;1;1;2;1;2;3;1;51;79;65;92;1.03;2.15;3.18;0;0;0;0;0;0;1;1;1;0;0;0;0;0;-1;-1;-1;-1;-1;-1;-1;-1;-1;0;0;42;67;84;42;84;50;0;9.5;8.17;3.17;1.92;Pune City;Chennaiyin;1.22;0.44;0.5;0.33;0.4;0.17;100;100;59;34;17;59;59;59;1.57;1.85;3.42;1778;18;Y;Y;Y;Y;Y;Y;Y
510338;5421;5419;2018/2019;complete;3947;7;-1;54,82,89;6,70;3;2;5;7;2;9;6;0;1;3;0;0;8;5;5;11;13;16;11;15;55;45;1;3;1.54;4.4;4.7;1;1.12;1.43;2.1;3.2;14;5.35;2.6;1.65;1.26;1.56;2.45;2.75;1.4;9;1.07;1.17;1.23;2.18;1.92;2.58;5.25;1.72;3;4.75;0;0;0;0;1.83;0;0;0;0;1.83;0;0;0;0;0;1.36;21;3;3.1;13;0;0;0;0;0;0;0;0;1.21;2.05;5.1;13;4.05;1.7;1.12;1.04;0;0;0;0;5;0;1;3;1;4;1;2018-11-08 14:00:00;5421;0;50;25;25;0;1;1;4;2;3;0;6;3;0;0;1;3;0;4;1;82;56;103;100;1.97;1.76;3.73;0;0;0;0;0;0;1;1;0;1;2;0;0;0;-1;-1;-1;-1;-1;-1;-1;-1;-1;50;50;50;100;100;25;75;75;50;13;3;4;3.75;Goa;Odisha FC;2.2;0.89;3;0.5;2;0.57;50;50;50;0;0;100;100;75;2.23;1.92;4.15;1778;18;Y;Y;Y;Y;Y;N;Y
510339;5420;5416;2018/2019;complete;3947;7;-1;;4;0;1;1;8;6;14;0;7;2;4;0;0;4;4;13;9;17;13;12;16;68;32;2;4;2.35;3.2;2.9;1.04;1.3;1.95;3.4;0;8.5;3.2;1.74;1.27;1.08;1.87;1.95;0;0;0;0;0;0;0;0;0;0;0;0;0;0;0;0;0;0;0;0;0;0;0;0;0;0;0;0;0;0;0;0;0;0;0;0;0;0;0;0;0;0;0;0;0;0;0;0;0;0;0;0;0;1;0;1;0;0;0;1;2018-11-09 14:00:00;5416;0;67;25;0;0;1;1;3;4;5;2;7;7;1;2;1;2;3;3;1;0;0;0;0;1.97;1.51;3.48;0;0;0;0;0;0;1;1;0;1;0;2;0;1;-1;-1;-1;-1;-1;-1;-1;-1;-1;17;42;42;84;100;25;100;84;17;5.33;3;4.67;2.84;NorthEast United;Mumbai City;1.5;1.7;1;1.33;2.2;1.67;84;59;59;17;0;59;59;25;1.23;1.48;2.71;1778;20;Y;N;N;N;N;N;N
510340;5423;5418;2018/2019;complete;3947;7;-1;82;;1;0;1;4;2;6;1;0;0;4;0;0;4;5;8;3;12;8;11;16;63;37;0;4;0;0;0;0;0;0;0;0;0;0;0;0;0;0;0;0;0;0;0;0;0;0;0;0;0;0;0;0;0;0;0;0;0;0;0;0;0;0;0;0;0;0;0;0;0;0;0;0;0;0;0;0;0;0;0;0;0;0;0;0;0;0;0;0;0;0;0;0;1;0;0;1;0;1;0;2018-11-10 14:00:00;5423;0;59;42;0;0;-1;1;-1;-1;-1;-1;-1;-1;0;2;0;2;2;2;-1;0;0;0;0;0;0;0;0;0;0;0;0;0;1;1;0;0;-1;-1;0;0;-1;-1;-1;-1;-1;-1;-1;-1;-1;17;17;42;88;100;59;75;54;13;11.75;3.5;5.58;2.79;ATK;Pune City;1.44;1.22;0.75;0.33;1.17;0.33;84;84;59;13;0;71;71;71;1.03;1.62;2.65;1778;18;Y;N;N;N;N;N;N
510341;5422;5421;2018/2019;complete;3947;7;-1;90;11,45,67;1;3;4;6;8;14;0;2;1;3;0;0;6;7;4;9;10;16;11;9;43;57;1;3;3.1;3.6;2.05;1.01;1.14;1.49;2.25;4.6;13;4.95;2.4;1.57;1.22;1.5;2.6;5.5;1.14;4;1.22;1.54;1.2;1.32;3.15;2.32;2.85;3.34;2.6;2.41;0;0;0;0;0;0;0;0;0;0;0;0;0;0;0;1.98;18.5;1.85;7;5;0;0;0;0;0;0;0;0;1.24;2.33;5.75;12;3.6;1.53;1.12;1.02;0;0;0;0;4;0;2;1;1;2;2;2018-11-11 14:00:00;5421;0;100;50;33;0;1;1;1;5;5;3;6;8;1;1;0;2;2;2;1;0;0;0;0;1.62;1.95;3.57;0;0;0;0;0;0;1;1;0;0;0;1;0;0;-1;-1;-1;-1;-1;-1;-1;-1;-1;17;50;67;100;100;50;84;100;50;10;2;3.67;3.33;Kerala Blasters;Goa;0.89;1.36;0.67;1.33;1.17;2.17;84;50;34;0;0;100;84;67;1.55;1.49;3.04;1778;18;Y;Y;Y;Y;N;N;Y
510342;5418;5424;2018/2019;complete;3947;7;-1;5,86;10;2;1;3;9;4;13;2;1;2;1;0;0;4;3;8;9;12;12;10;11;43;57;2;1;3.4;3.35;2;1.02;1.23;1.77;2.9;6.6;10;3.7;1.95;1.35;1.12;1.74;2.1;3.5;1.28;3.75;1.25;1.73;1.31;1.28;3.02;2.08;3.48;3.78;2.44;2.36;0;0;0;0;1.72;0;0;0;0;2;0;0;0;0;0;1.88;12;2.07;4.5;5.5;0;0;0;0;0;0;0;0;1.33;2.62;6.5;19;3.25;1.44;1.11;1.02;0;0;0;0;3;1;1;1;0;1;2;2018-11-21 14:00:00;5418;0;71;0;42;0;1;1;4;3;5;1;7;6;0;0;2;1;0;3;1;84;73;80;86;1.64;1.49;3.13;0;0;0;0;0;0;1;1;1;1;1;3;0;0;-1;-1;-1;-1;-1;-1;-1;-1;-1;17;42;59;100;100;17;100;100;42;7.75;6;5.25;3.34;Pune City;Jamshedpur;1.22;1;0.33;1.5;0.29;1.57;84;59;42;0;0;46;29;17;1.39;1.35;2.74;1778;18;Y;Y;Y;N;N;N;Y
510343;5421;5425;2018/2019;complete;3947;8;-1;72;34,77;1;2;3;0;6;6;9;2;2;1;1;1;3;6;4;8;7;14;10;9;50;50;3;3;2.65;3.35;2.4;1.02;1.22;1.71;2.65;6;10.25;3.8;2;1.4;1.14;1.69;2.2;3.75;1.25;3.4;1.3;1.57;1.28;1.5;3.32;2.16;2.99;2.87;2.5;2.62;0;0;0;0;1.9;0;0;0;0;1.8;0;0;0;0;0;2.1;12;1.8;4.75;4.33;0;0;0;0;0;0;0;0;1.36;2.75;7;21;3;1.4;1.1;1.01;0;0;0;0;3;0;1;1;1;2;1;2018-11-22 14:00:00;5425;0;67;50;17;0;1;1;0;4;0;2;4;2;1;0;2;2;1;4;1;0;0;0;0;1.14;1.79;2.93;0;0;0;0;0;0;1;1;0;0;0;0;0;0;-1;-1;-1;-1;-1;-1;-1;-1;-1;50;50;100;100;100;67;100;84;34;9.67;6;3.67;4.17;Goa;Bengaluru;2.2;1.3;3;3;2.29;2.6;50;50;0;0;0;67;50;33;2.14;1.86;4;1778;21;Y;Y;Y;N;N;N;Y
510344;5420;5422;2018/2019;complete;3947;8;-1;90,90;73;2;1;3;12;4;16;0;2;1;5;0;0;6;3;9;7;15;10;13;9;60;40;1;5;2.5;3.05;2.8;1.05;1.34;2.05;3.7;0;8;2.95;1.67;1.23;1.06;1.91;1.91;0;0;0;0;0;0;0;0;0;0;0;0;0;0;0;0;0;0;0;0;0;0;0;0;0;0;0;0;0;0;0;0;0;0;0;0;0;0;0;0;0;0;0;0;0;0;0;0;0;0;0;0;0;3;0;0;2;1;3;0;2018-11-23 14:00:00;5420;0;67;17;0;0;1;1;6;1;6;3;7;9;1;1;0;4;2;4;1;66;50;78;62;1.84;1.2;3.03;1;0;1;0;0;0;1;1;0;0;3;0;0;0;-1;-1;-1;-1;-1;-1;-1;-1;-1;0;33;33;84;100;33;84;84;34;12;2;4;2.5;NorthEast United;Kerala Blasters;1.5;0.78;0.67;1.67;1.83;1;100;67;67;17;0;67;67;67;1.48;2.05;3.53;1778;18;Y;Y;Y;N;N;N;Y
510345;5416;5423;2018/2019;complete;3947;8;-1;;;0;0;0;6;2;8;4;2;2;1;0;0;5;5;6;3;11;8;18;13;61;39;2;1;0;0;0;0;0;0;0;0;0;0;0;0;0;0;0;0;0;0;0;0;0;0;0;0;0;0;0;0;0;0;0;0;0;0;0;0;0;0;0;0;0;0;0;0;0;0;0;0;0;0;0;0;0;0;0;0;0;0;0;0;0;0;0;0;0;0;0;0;0;0;0;0;0;0;0;2018-11-24 14:00:00;-1;0;50;25;25;0;-1;1;-1;-1;-1;-1;-1;-1;0;0;2;1;0;3;-1;0;0;0;0;0;0;0;0;0;0;0;0;0;1;1;0;0;-1;-1;0;0;-1;-1;-1;-1;-1;-1;-1;-1;-1;0;0;25;100;100;42;100;59;25;5.67;3.83;1.33;2.25;Mumbai City;ATK;1.6;1.22;2;2;1.86;1.43;100;100;75;0;0;59;59;42;1.4;1.07;2.47;1778;18;N;N;N;N;N;N;N
510346;5424;5417;2018/2019;complete;3947;8;-1;14,29,71;68;3;1;4;6;3;9;2;0;2;1;0;0;6;5;4;3;10;8;12;9;48;52;2;1;2.57;3.22;2.75;1.09;1.25;1.89;3.24;8;10;3.48;1.83;1.29;1.12;1.82;1.99;3.5;1.28;3.5;1.28;1.4;1.3;1.5;3.22;2.02;3.4;2.7;2.25;3.2;0;0;0;0;0;0;0;0;0;0;0;0;0;0;0;1.91;9.5;2;4.75;4.75;0;0;0;0;0;0;0;0;1.38;2.85;8;21;2.85;1.38;1.11;1.01;0;0;0;0;4;2;0;1;1;2;2;2018-11-25 14:00:00;5424;0;75;46;13;0;1;1;5;1;1;2;6;3;1;0;1;1;1;2;1;0;0;0;0;1.4;1.31;2.7;1;1;1;1;0;0;1;1;0;0;1;0;0;0;-1;-1;-1;-1;-1;-1;-1;-1;-1;29;46;59;75;88;63;88;46;46;10.83;6;1.67;3.09;Jamshedpur;Chennaiyin;2;0.44;1.67;1;1.38;0.57;71;54;42;25;13;54;42;42;1.75;1.95;3.7;1778;18;Y;Y;Y;Y;N;N;Y
510347;5425;5419;2018/2019;complete;3947;8;-1;87;;1;0;1;3;5;8;0;4;1;2;0;0;4;7;12;6;16;13;7;8;51;49;1;2;1.41;4.45;6.5;1.01;1.15;1.51;2.3;0;12.5;4.75;2.35;1.54;1.2;1.74;2.1;0;0;0;0;0;0;0;0;0;0;0;0;0;0;0;0;0;0;0;0;0;0;0;0;0;0;0;0;0;0;0;0;0;0;0;0;0;0;0;0;0;0;0;0;0;0;0;0;0;0;0;0;0;1;0;0;1;0;1;0;2018-11-26 14:00:00;5425;0;59;0;59;0;1;1;3;2;0;3;5;3;1;1;0;1;2;1;1;0;0;0;0;1.96;1.93;3.89;0;0;0;0;0;0;1;1;0;0;0;0;0;0;-1;-1;-1;-1;-1;-1;-1;-1;-1;17;42;42;75;100;0;84;75;59;10.5;0.83;3;2.75;Bengaluru;Odisha FC;2.45;0.89;2;0.33;2.67;0.5;84;59;59;25;0;50;34;34;1.56;1.87;3.43;1778;18;Y;N;N;N;N;N;N
510348;5418;5420;2018/2019;complete;3947;9;-1;;23,90;0;2;2;12;5;17;2;1;3;1;0;0;5;5;6;1;11;6;13;11;49;51;3;1;2.65;3.55;2.35;1.01;1.16;1.54;2.35;0;12.25;4.6;2.3;1.51;1.19;1.53;2.5;0;0;0;0;0;0;0;0;0;0;0;0;0;0;0;0;0;0;0;0;0;0;0;0;0;0;0;0;0;0;0;0;0;0;0;0;0;0;0;0;0;0;0;0;0;0;0;0;0;0;0;0;0;2;0;1;0;1;1;1;2018-11-27 14:00:00;5420;0;54;29;13;0;1;1;8;3;4;2;11;6;0;0;3;1;0;4;1;95;66;84;91;1.72;1.21;2.93;0;1;0;1;0;0;1;1;0;0;0;0;0;0;-1;-1;-1;-1;-1;-1;-1;-1;-1;29;29;54;84;100;42;67;100;29;11.58;5.5;3.75;3.42;Pune City;NorthEast United;1.22;1.7;1;3;0.63;2;71;71;46;17;0;71;59;59;1.45;1.36;2.81;1778;18;Y;Y;N;N;N;N;N
510349;5423;5421;2018/2019;complete;3947;9;-1;;;0;0;0;2;6;8;1;2;3;2;0;0;3;6;6;9;9;15;14;11;25;75;3;2;0;0;0;0;0;0;0;0;0;0;0;0;0;0;0;0;0;0;0;0;0;0;0;0;0;0;0;0;0;0;0;0;0;0;0;0;0;0;0;0;0;0;0;0;0;0;0;0;0;0;0;0;0;0;0;0;0;0;0;0;0;0;0;0;0;0;0;0;0;0;0;0;0;0;0;2018-11-28 14:00:00;-1;0;70;45;25;0;-1;1;-1;-1;-1;-1;-1;-1;2;1;1;1;3;2;1;62;68;84;98;1.23;1.86;3.08;0;0;0;0;0;0;1;1;0;0;-1;-1;0;0;-1;-1;-1;-1;-1;-1;-1;-1;-1;13;50;70;80;100;58;70;90;48;9.85;2.4;4.85;3.13;ATK;Goa;1.44;1.36;1.2;1.75;1.38;2;88;50;30;20;0;80;68;68;1.03;1.61;2.64;1778;18;N;N;N;N;N;N;N
510350;5417;5422;2018/2019;complete;3947;9;-1;;;0;0;0;10;8;18;1;2;0;0;0;0;4;3;11;4;15;7;4;4;41;59;0;0;2;3.3;3.6;1.04;1.31;2;3.5;7.2;8.5;3.1;1.71;1.25;1.08;1.91;1.91;2.62;1.44;4.33;1.2;1.22;1.27;1.94;2.59;2.04;4.5;2.58;2.39;3.42;0;0;0;0;1.83;0;0;0;0;1.83;0;0;0;0;0;1.71;10.25;2.4;3.25;6.5;0;0;0;0;0;0;0;0;1.39;2.93;7.6;23;2.81;1.36;1.05;1.01;0;0;0;0;0;0;0;0;0;0;0;2018-11-29 14:00:00;-1;0;71;17;29;0;1;-1;8;1;2;7;9;9;0;0;0;0;0;0;1;72;60;79;90;1.74;1.09;2.83;0;0;0;0;0;0;1;1;0;0;3;1;-1;-1;-1;-1;-1;-1;-1;-1;-1;-1;-1;17;46;59;84;100;29;75;84;54;11.33;3;3.25;3.38;Chennaiyin;Kerala Blasters;0.56;0.78;0;1.25;0.5;0.88;84;54;42;17;0;54;38;38;1.43;1.76;3.19;1778;18;N;N;N;N;N;N;N
510351;5425;5418;2018/2019;complete;3947;9;-1;11,88;15;2;1;3;8;5;13;0;6;0;1;0;0;11;2;14;5;25;7;11;9;65;35;0;1;1.36;4.8;6.6;1.01;1.19;1.65;2.6;5;11;4.15;2.1;1.43;1.15;1.95;1.87;2.1;1.66;8;1.08;1.1;1.16;2.82;1.82;2.51;6.6;1.79;2.71;5.85;0;0;0;0;1.83;0;0;0;0;1.83;0;0;0;0;0;1.36;18.75;3.22;2.3;15;0;0;0;0;0;0;0;0;1.28;2.4;6;13;3.4;1.52;1.11;1.02;0;0;0;0;3;1;1;1;0;1;2;2018-11-30 14:00:00;5425;0;42;13;17;0;1;1;6;4;2;1;10;3;0;0;0;1;0;1;1;88;35;110;88;2.97;0.85;3.81;0;0;0;0;0;0;1;1;0;0;0;0;0;0;-1;-1;-1;-1;-1;-1;-1;-1;-1;13;29;29;54;100;25;71;59;17;9.75;1.83;3.75;2.38;Bengaluru;Pune City;2.45;1.22;2.33;0.25;2.71;0.56;88;71;71;46;0;25;25;25;1.69;1.62;3.31;1778;18;Y;Y;Y;N;N;N;Y
510352;5424;5420;2018/2019;complete;3947;9;-1;;;0;0;0;5;3;8;1;0;0;2;0;0;0;2;8;8;8;10;7;13;54;46;0;2;2.4;3.1;2.85;1.04;1.32;2;3.55;0;8.25;3.1;1.71;1.25;1.07;1.87;1.95;0;0;0;0;0;0;0;0;0;0;0;0;0;0;0;0;0;0;0;0;0;0;0;0;0;0;0;0;0;0;0;0;0;0;0;0;0;0;0;0;0;0;0;0;0;0;0;0;0;0;0;0;0;0;0;0;0;0;0;0;2018-12-01 14:00:00;-1;0;63;38;13;0;1;1;3;2;2;1;5;3;0;2;0;0;2;0;1;0;0;0;0;0.92;1.1;2.01;0;0;0;0;0;0;1;1;0;0;1;0;0;0;-1;-1;-1;-1;-1;-1;-1;-1;-1;25;50;50;88;100;63;75;88;50;11.5;4.5;2;3.38;Jamshedpur;NorthEast United;2;1.7;2;3;1.56;2.13;75;50;50;13;0;63;50;50;1.66;1.32;2.98;1778;18;N;N;N;N;N;N;N
510353;5417;5423;2018/2019;complete;3947;10;-1;24,88;14,44,80;2;3;5;4;5;9;3;2;2;0;0;0;5;8;7;2;12;10;8;12;61;39;2;0;0;0;0;0;0;0;0;0;0;0;0;0;0;0;0;0;0;0;0;0;0;0;0;0;0;0;0;0;0;0;0;0;0;0;0;0;0;0;0;0;0;0;0;0;0;0;0;0;0;0;0;0;0;0;0;0;0;0;0;0;0;0;0;0;0;0;0;0;5;1;2;1;1;2;3;2018-12-02 14:00:00;5423;0;59;29;29;0;-1;1;-1;-1;-1;-1;-1;-1;0;0;2;0;0;2;-1;0;0;0;0;0;0;0;0;2;0;2;0;0;1;1;0;0;-1;-1;0;0;-1;-1;-1;-1;-1;-1;-1;-1;-1;13;25;42;59;71;29;71;42;29;7.75;3.33;1.75;2.34;Chennaiyin;ATK;0.56;1.22;0.25;1.67;0.56;1.33;88;75;59;42;29;42;29;29;1.51;1.07;2.58;1778;18;Y;Y;Y;Y;Y;N;Y
510354;5419;5416;2018/2019;complete;3947;10;-1;3,64;49,61,69,80;2;4;6;6;6;12;2;4;1;3;0;0;7;7;9;2;16;9;16;20;54;46;1;3;2.85;2.95;2.5;1.07;1.43;2.2;4.4;11.5;6.95;2.6;1.57;1.17;1.04;2.1;1.74;2.62;1.44;2.75;1.4;1.5;1.4;1.35;3.5;1.88;3.55;3.46;2.09;3.02;0;0;0;0;1.83;0;0;0;0;1.83;0;0;0;0;0;2.05;7.9;2.06;4;4.33;0;0;0;0;0;0;0;0;1.52;3.48;11.5;15;2.4;1.27;1.08;1.02;0;0;0;0;6;1;0;1;4;5;1;2018-12-03 14:00:00;5416;0;43;0;20;0;1;1;2;1;4;5;3;9;0;1;1;2;1;3;1;71;56;105;97;2.01;1.47;3.48;0;1;0;1;0;0;1;1;1;0;1;0;0;0;-1;-1;-1;-1;-1;-1;-1;-1;-1;13;23;33;65;90;0;80;65;43;9;5.4;3.25;2.23;Odisha FC;Mumbai City;1.11;1.7;0.6;1.75;0.44;1.75;88;78;68;35;10;78;78;53;1.17;1.49;2.66;1778;18;Y;Y;Y;Y;Y;Y;Y
510355;5422;5424;2018/2019;complete;3947;10;-1;77;66;1;1;2;10;4;14;0;0;4;1;0;0;7;7;8;8;15;15;17;19;52;48;4;1;2.85;3;2.45;1.08;1.47;2.4;4.7;11.5;6.65;2.5;1.49;1.15;1.03;2.15;1.69;2.75;1.4;2.62;1.44;1.5;1.35;1.4;2.95;2.08;3.55;2.74;2.33;3.28;0;0;0;0;1.83;0;0;0;0;1.83;0;0;0;0;0;2.17;7.5;1.98;4.33;3.75;0;0;0;0;0;0;0;0;1.56;3.64;11;17;2.3;1.25;1.03;1.01;0;0;0;0;2;0;0;1;1;2;0;2018-12-04 14:00:00;-1;0;90;23;45;0;1;1;4;3;6;1;7;7;2;1;2;0;3;2;1;0;0;0;0;2.08;1.83;3.92;0;1;0;1;0;0;1;1;0;0;0;0;0;0;-1;-1;-1;-1;-1;-1;-1;-1;-1;0;33;55;100;100;35;88;100;45;9.55;2.8;3.5;2.88;Kerala Blasters;Jamshedpur;0.89;1;0.5;1.2;0.89;1.5;100;68;45;0;0;70;70;48;1.57;1.38;2.95;1778;18;Y;Y;N;N;N;N;Y
510356;5420;5425;2018/2019;complete;3947;10;-1;64;90;1;1;2;4;7;11;4;4;1;1;0;0;4;3;3;5;7;8;9;7;47;53;1;1;3.5;3.2;2.05;1.03;1.29;1.91;3.3;0;8.75;3.25;1.77;1.28;1.09;1.83;2;0;0;0;0;0;0;0;0;0;0;0;0;0;0;0;0;0;0;0;0;0;0;0;0;0;0;0;0;0;0;0;0;0;0;0;0;0;0;0;0;0;0;0;0;0;0;0;0;0;0;0;0;0;2;0;0;1;1;2;0;2018-12-05 14:00:00;-1;0;75;38;25;0;1;1;2;0;2;7;2;9;0;0;1;1;0;2;1;51;85;96;106;1.1;1.33;2.43;0;0;0;0;0;0;1;1;0;0;0;0;0;0;-1;-1;-1;-1;-1;-1;-1;-1;-1;0;13;75;88;100;50;88;88;25;10.5;2.25;4.25;2.75;NorthEast United;Bengaluru;1.5;1.3;1.25;3;2;2.75;100;88;25;13;0;50;50;50;1.57;1.83;3.4;1778;20;Y;Y;N;N;N;N;Y
510357;5416;5417;2018/2019;complete;3947;10;-1;27,55;;2;0;2;1;7;8;3;3;3;0;0;0;5;4;5;13;10;17;15;4;43;57;3;0;2.1;3.3;3.3;1.02;1.24;1.8;3;6;10;3.7;1.95;1.35;1.12;1.74;2.1;3.25;1.33;4;1.22;1.36;1.3;1.61;2.88;2.14;3.5;2.18;2.63;3.8;0;0;0;0;1.9;0;0;0;0;1.8;0;0;0;0;0;1.72;12;2.2;4;6;0;0;0;0;0;0;0;0;1.4;2.92;7.2;19;3.2;1.48;1.13;1.02;0;0;0;0;2;1;0;1;0;1;1;2018-12-06 14:00:00;5416;0;30;10;20;0;1;1;1;2;0;5;3;5;1;0;2;0;1;2;1;49;86;101;107;1.34;1.97;3.31;0;0;0;0;0;0;1;1;0;0;1;0;0;0;-1;-1;-1;-1;-1;-1;-1;-1;-1;10;20;30;68;78;33;78;45;20;9.25;4.4;1.75;2.15;Mumbai City;Chennaiyin;1.6;0.44;1.75;0.8;1.89;0.5;90;80;70;33;23;65;45;33;1.4;1.79;3.19;1778;18;Y;Y;N;N;N;N;N
510358;5422;5418;2018/2019;complete;3947;11;-1;;20;0;1;1;12;5;17;3;1;1;4;0;0;5;4;13;3;18;7;9;12;58;42;1;4;2.15;3.4;3.05;1.02;1.21;1.69;2.75;6;11;4.05;2.05;1.41;1.14;1.67;2.25;3.5;1.28;4.33;1.2;1.25;1.29;1.8;2.55;2.18;3.95;2.32;2.5;3.75;0;0;0;0;0;1.83;0;0;0;0;1.83;0;0;0;0;1.75;11;2.15;4.33;6.5;0;0;0;0;0;0;0;0;1.38;2.82;7.4;15;3.45;1.52;1.11;1.02;0;0;0;0;1;0;1;0;0;0;1;2018-12-07 14:00:00;5418;0;80;30;30;0;1;1;1;3;11;2;4;13;0;2;1;2;2;3;1;0;0;0;0;2.21;1.02;3.24;0;0;0;0;0;0;1;1;0;0;1;0;0;0;-1;-1;-1;-1;-1;-1;-1;-1;-1;10;20;40;90;100;50;70;80;30;12.2;3.2;4.4;2.7;Kerala Blasters;Pune City;0.89;1.22;0.6;0.2;0.9;0.5;90;80;60;10;0;80;80;70;1.67;1.42;3.09;1778;18;Y;N;N;N;N;N;N
510359;5420;5423;2018/2019;complete;3947;11;-1;;;0;0;0;4;5;9;0;4;1;1;0;0;3;6;1;1;4;7;11;7;64;36;1;1;0;0;0;0;0;0;0;0;0;0;0;0;0;0;0;0;0;0;0;0;0;0;0;0;0;0;0;0;0;0;0;0;0;0;0;0;0;0;0;0;0;0;0;0;0;0;0;0;0;0;0;0;0;0;0;0;0;0;0;0;0;0;0;0;0;0;0;0;0;0;0;0;0;0;0;2018-12-08 14:00:00;-1;0;78;35;45;0;-1;1;-1;-1;-1;-1;-1;-1;0;1;1;0;1;1;-1;0;0;0;0;0;0;0;0;0;0;0;0;0;1;1;0;0;-1;-1;0;1;-1;-1;-1;-1;-1;-1;-1;-1;-1;13;23;45;78;88;35;68;65;45;8.35;3.05;2.75;2.45;NorthEast United;ATK;1.5;1.22;1.2;2;1.9;1.5;88;78;55;23;13;65;53;53;1.47;1.07;2.54;1778;18;N;N;N;N;N;N;N
510360;5425;5416;2018/2019;complete;3947;11;-1;23;31;1;1;2;6;1;7;1;10;2;3;0;1;7;4;5;5;12;9;16;15;59;41;2;4;1.91;3.4;3.75;1.02;1.24;1.77;2.95;6;10;3.75;1.95;1.36;1.12;1.74;2.1;2.62;1.44;4.5;1.18;1.22;1.29;1.89;2.36;2.15;4.75;2.36;2.29;4.2;0;0;0;0;2.1;0;0;0;0;1.66;0;0;0;0;0;1.59;12.5;2.56;3.2;7.5;0;0;0;0;0;0;0;0;1.41;3;1.04;17;3.15;1.45;1.05;1.01;0;0;0;0;2;1;1;0;0;0;2;2018-12-09 14:00:00;-1;0;45;13;23;0;1;1;1;1;5;0;2;5;0;1;2;3;1;5;1;0;0;0;0;1.75;1.19;2.95;0;0;0;0;0;0;1;1;0;0;0;0;0;1;-1;-1;-1;-1;-1;-1;-1;-1;-1;20;33;45;55;100;13;88;68;33;9.4;4.25;3.15;2.63;Bengaluru;Mumbai City;2.45;1.7;2.5;2;2.56;2;80;68;55;45;0;53;53;33;2.01;1.48;3.49;1778;20;Y;Y;N;N;N;N;Y
510361;5418;5421;2018/2019;complete;3947;11;-1;74,90;;2;0;2;4;12;16;1;2;3;2;0;0;7;6;2;12;9;18;11;7;35;65;3;2;3.9;4.1;1.97;1.04;1.22;1.66;2.62;4.7;17.5;5.2;2.46;1.59;1.24;1.52;2.43;5.5;1.14;3.4;1.3;1.91;1.17;1.15;3.65;2.35;2.45;3.75;2.75;2.08;0;0;0;0;1.72;1.9;0;0;0;2;1.8;0;0;0;0;2.36;19.75;1.6;7.5;3.75;0;0;0;0;0;0;0;0;1.22;2.25;5.3;12;3.75;1.57;1.12;1.02;0;0;0;0;2;0;0;2;0;2;0;2018-12-11 14:00:00;5418;0;70;30;30;0;1;1;2;4;2;7;6;9;1;1;2;1;2;3;1;66;83;90;83;1.54;2.14;3.68;1;0;1;0;0;0;1;1;0;0;0;1;0;0;-1;-1;-1;-1;-1;-1;-1;-1;-1;20;50;70;90;90;50;90;90;40;12;4.4;5;3.3;Pune City;Goa;1.22;1.36;0.8;1.6;0.73;1.89;80;50;30;10;10;80;60;60;1.5;1.66;3.16;1778;18;Y;Y;N;N;N;N;N
510362;5424;5419;2018/2019;complete;3947;11;-1;29,61;24;2;1;3;8;2;10;3;2;0;4;0;0;3;5;3;6;6;11;8;10;46;54;0;4;1.62;4;4.45;1.01;1.19;1.62;2.55;0;11.5;4.3;2.15;1.45;1.17;1.71;2.15;0;0;0;0;0;0;0;0;0;0;0;0;0;0;0;0;0;0;0;0;0;0;0;0;0;0;0;0;0;0;0;0;0;0;0;0;0;0;0;0;0;0;0;0;0;0;0;0;0;0;0;0;0;3;1;1;1;0;1;2;2018-12-12 14:00:00;5424;0;65;20;35;0;1;1;6;1;2;1;7;3;0;3;0;1;3;1;1;0;0;0;0;1.02;1.57;2.6;0;0;0;0;0;0;1;1;0;0;0;0;0;1;-1;-1;-1;-1;-1;-1;-1;-1;-1;23;43;43;78;90;40;65;80;55;11.15;3.65;2.8;2.75;Jamshedpur;Odisha FC;2;0.89;1.8;0.25;1.45;0.4;78;58;58;23;10;58;35;35;1.52;1.88;3.4;1778;18;Y;Y;Y;N;N;N;Y
510363;5423;5425;2018/2019;complete;3947;12;-1;15;45,47;1;2;3;3;1;4;2;3;3;3;0;0;4;4;4;3;8;7;14;21;35;65;3;3;0;0;0;0;0;0;0;0;0;0;0;0;0;0;0;0;0;0;0;0;0;0;0;0;0;0;0;0;0;0;0;0;0;0;0;0;0;0;0;0;0;0;0;0;0;0;0;0;0;0;0;0;0;0;0;0;0;0;0;0;0;0;0;0;0;0;0;0;3;1;1;0;1;1;2;2018-10-31 14:00:00;5425;0;17;17;0;0;-1;1;-1;-1;-1;-1;-1;-1;2;0;1;3;2;4;-1;0;0;0;0;0;0;0;0;0;0;0;0;0;1;1;0;0;-1;-1;0;0;-1;-1;-1;-1;-1;-1;-1;-1;-1;0;0;67;84;100;67;67;84;17;9.33;2.33;4.33;2.5;ATK;Bengaluru;1.44;1.3;1;3;1.4;2.33;100;100;34;17;0;50;50;50;1.03;1.88;2.91;1778;18;Y;Y;Y;N;N;N;Y
510364;5421;5420;2018/2019;complete;3947;12;-1;59,69,71,84,90;90;5;1;6;4;4;8;3;2;0;3;0;0;7;3;5;4;12;7;11;16;46;54;0;3;1.95;3.6;3.45;1.02;1.22;1.74;2.85;0;10.5;3.9;2;1.38;1.13;1.69;2.15;0;0;0;0;0;0;0;0;0;0;0;0;0;0;0;0;0;0;0;0;0;0;0;0;0;0;0;0;0;0;0;0;0;0;0;0;0;0;0;0;0;0;0;0;0;0;0;0;0;0;0;0;0;6;0;0;5;1;6;0;2018-12-14 14:00:00;5421;0;48;23;25;0;1;1;4;1;0;3;5;3;0;3;0;0;3;0;1;50;45;77;97;1.61;0.99;2.6;0;0;0;0;0;0;1;1;0;0;2;1;0;0;-1;-1;-1;-1;-1;-1;-1;-1;-1;48;48;60;80;90;23;70;78;48;9.65;6.4;3.45;3.58;Goa;NorthEast United;2.2;1.7;2.25;2.6;1.7;1.82;53;53;40;20;10;68;55;43;1.89;1.28;3.17;1778;20;Y;Y;Y;Y;Y;Y;Y
510365;5417;5419;2018/2019;complete;3947;12;-1;39;16,78,82;1;3;4;8;7;15;2;2;1;3;0;0;10;5;7;5;17;10;7;17;54;46;1;3;2.15;3.35;3.1;1.03;1.25;1.83;3.1;0;9.75;3.6;1.91;1.33;1.11;1.74;2.1;0;0;0;0;0;0;0;0;0;0;0;0;0;0;0;0;0;0;0;0;0;0;0;0;0;0;0;0;0;0;0;0;0;0;0;0;0;0;0;0;0;0;0;0;0;0;0;0;0;0;0;0;0;4;1;1;0;2;2;2;2018-12-15 14:00:00;5419;0;60;30;40;0;1;1;7;1;1;6;8;7;0;3;1;0;3;1;1;0;0;0;0;2.35;1.43;3.78;1;0;1;0;0;0;1;1;0;0;1;1;0;0;-1;-1;-1;-1;-1;-1;-1;-1;-1;30;40;50;70;90;30;70;80;40;10.4;2.8;3.4;3;Chennaiyin;Odisha FC;0.56;0.89;0.2;0.2;0.45;0.36;70;60;50;30;10;70;40;30;1.51;1.82;3.33;1778;18;Y;Y;Y;Y;N;N;Y
510366;5416;5422;2018/2019;complete;3947;12;-1;12,15,30,70,89,90;27;6;1;7;3;7;10;3;1;0;2;0;1;8;6;6;7;14;13;10;10;40;60;0;3;1.95;3.3;3.7;1.03;1.29;1.91;3.3;7.6;9;3.35;1.83;1.29;1.09;1.83;1.95;2.62;1.44;4.33;1.2;1.24;1.31;1.81;2.47;2.13;4.45;2.1;2.35;5.05;0;0;0;0;1.72;1.9;0;0;0;2;1.8;0;0;0;0;1.65;11.25;2.48;3.4;6.5;0;0;0;0;0;0;0;0;1.34;2.7;8;21;3.04;1.42;1.1;1.01;0;0;0;0;7;3;1;3;0;3;4;2018-12-16 14:00:00;5416;0;30;0;10;0;1;1;2;1;1;6;3;7;0;3;0;0;3;0;1;51;97;95;112;1.81;1.94;3.75;0;0;0;0;0;0;1;1;0;0;1;0;0;0;-1;-1;-1;-1;-1;-1;-1;-1;-1;0;10;20;80;80;20;60;70;30;10.8;4.2;3;1.9;Mumbai City;Kerala Blasters;1.6;0.78;2;1.2;1.91;0.82;100;90;80;20;20;60;60;50;1.39;1.59;2.98;1778;18;Y;Y;Y;Y;Y;Y;Y
535824;5416;5421;2018/2019;complete;3947;14;-1;;28,79;0;2;2;6;5;11;3;2;4;2;0;0;4;10;7;7;11;17;14;13;40;60;4;2;2.3;3.45;2.8;1.01;1.16;1.54;2.35;4;12.75;4.75;2.35;1.54;1.2;1.48;2.5;4;1.22;4.5;1.18;1.36;1.24;1.49;2.87;2.37;3.25;2.63;2.58;3.02;0;0;1.2;1.44;1.72;2.25;3;4;2.6;2;1.57;1.33;0;0;0;1.72;15;2.1;5;6.5;0;0;0;0;0;0;0;0;1.22;2.11;5.5;13;3.92;1.66;1.11;1.01;0;0;0;0;2;0;1;0;1;1;1;2019-02-01 14:00:00;5421;0;41;24;17;0;1;1;1;2;5;3;3;8;3;1;1;1;4;2;1;59;65;86;89;1.4;2.24;3.64;0;1;0;1;0;0;1;1;0;0;0;1;0;0;-1;-1;-1;-1;-1;-1;-1;-1;-1;16;41;41;77;85;40;77;70;41;9.93;4.76;3.46;2.73;Mumbai City;Goa;1.6;1.36;2.29;1.33;2.08;1.75;85;60;60;23;16;70;55;41;1.43;1.74;3.17;1778;20;Y;Y;N;N;N;N;N
535825;5417;5418;2018/2019;complete;3947;14;-1;55;59,60;1;2;3;7;7;14;0;1;4;2;0;0;5;5;10;5;15;10;9;15;46;54;4;2;3.05;3.25;2.2;1.04;1.32;2;3.55;6.5;8.5;3.15;1.74;1.26;1.08;1.8;1.91;3.25;1.33;3.5;1.28;1.43;1.34;1.47;3.22;2.02;3.42;2.98;2.24;3.16;0;0;1.14;1.29;1.57;1.9;2.55;4.8;3.3;2.25;1.8;1.45;0;0;0;1.97;9.6;2.05;4.33;5;0;0;0;0;0;0;0;0;1.37;2.85;8.5;23;2.9;1.38;1.06;1.01;0;0;0;0;3;0;0;1;2;3;0;2019-02-02 14:00:00;5418;0;59;42;17;0;1;1;3;4;4;3;7;7;1;1;3;1;2;4;1;62;54;104;114;1.75;1.38;3.13;0;0;0;0;0;0;1;1;0;0;0;1;0;0;-1;-1;-1;-1;-1;-1;-1;-1;-1;25;42;50;67;92;50;83;59;25;11.33;3.67;3.67;3;Chennaiyin;Pune City;0.56;1.22;0.17;0.67;0.38;0.92;75;58;50;33;9;67;50;50;1.68;1.34;3.02;1778;18;Y;Y;Y;N;N;N;Y
535826;5423;5424;2018/2019;complete;3947;14;-1;3,33;82;2;1;3;2;7;9;0;1;4;0;0;0;4;3;2;3;6;6;13;16;29;71;4;0;2.38;2.96;3.28;1.1;1.44;2.4;4.5;11;7;2.62;1.53;1.18;1.05;2.14;1.71;2.5;1.5;3;1.36;1.32;1.38;1.56;3.15;1.86;4.1;2.81;2.08;3.82;0;0;1.22;1.44;1.72;2.25;3.2;3.8;2.6;2;1.57;1.3;0;0;0;1.9;6.95;2.33;3.4;5;0;0;0;0;0;0;0;0;1.35;2.73;6.5;19;2.99;1.41;1.11;1.02;0;0;0;0;3;2;0;0;1;1;2;2019-02-03 14:00:00;5423;0;52;24;22;0;-1;1;-1;-1;-1;-1;-1;-1;0;0;4;0;0;4;1;28;62;91;111;0.88;1.05;1.92;0;0;0;0;0;0;1;1;1;0;-1;-1;0;0;-1;-1;-1;-1;-1;-1;-1;-1;-1;0;15;38;68;85;24;52;77;30;8.17;2.76;4.38;2.05;ATK;Jamshedpur;1.44;1;1.17;1.14;1.31;1.54;100;86;62;32;16;54;54;47;1.13;1.38;2.51;1778;18;Y;Y;Y;N;N;N;Y
535827;5419;5421;2018/2019;complete;3947;14;-1;;;0;0;0;10;8;18;1;3;0;0;0;0;0;6;4;7;4;13;17;10;40;60;0;0;4.2;3.8;1.71;1.01;1.18;1.59;2.5;4;12;4.45;2.25;1.49;1.18;1.61;2.2;6.5;1.11;2.75;1.4;2.1;1.18;1.13;4.5;2.5;2.2;4.6;2.69;1.96;0;0;1.17;1.33;1.66;2;2.75;4.5;3;2.1;1.72;1.4;0;0;0;2.75;17;1.44;10;3.25;0;0;0;0;0;0;0;0;1.24;2.22;5.5;13;3.72;1.6;1.11;1.01;0;0;0;0;0;0;0;0;0;0;0;2019-02-04 14:00:00;-1;0;57;15;36;0;1;-1;5;4;5;4;9;9;0;0;0;0;0;0;1;66;62;97;102;0.74;1.69;2.43;0;0;0;0;0;0;1;1;0;0;1;1;-1;-1;-1;-1;-1;-1;-1;-1;-1;-1;-1;14;43;50;86;86;22;71;86;57;11.43;3.43;3.14;2.86;Odisha FC;Goa;1.11;1.36;0.86;1.57;0.77;1.85;86;57;50;14;14;86;79;71;1.4;1.81;3.21;1778;18;N;N;N;N;N;N;N
535828;5425;5422;2018/2019;complete;3947;15;-1;69,85;16,40;2;2;4;8;3;11;4;2;2;4;0;0;6;5;8;3;14;8;11;12;70;30;2;4;1.49;4.15;5.85;1.02;1.21;1.71;2.75;4.5;10.75;4;2.05;1.4;1.14;1.83;1.91;2.2;1.53;6.5;1.11;1.11;1.21;2.49;1.98;2.24;5.9;1.8;2.7;5;0;0;0;0;1.69;0;0;0;0;1.95;0;0;0;0;0;1.42;14.5;3.08;2.21;16;0;0;0;0;0;0;0;0;1.29;2.4;5.5;11.75;3.1;1.45;1.1;1.02;0;0;0;0;4;0;2;2;0;2;2;2019-02-06 14:00:00;-1;0;57;22;22;0;1;1;5;2;3;1;7;4;2;1;0;3;3;3;1;103;50;111;72;2.04;1.22;3.26;0;1;0;1;0;0;1;1;0;0;0;0;0;0;-1;-1;-1;-1;-1;-1;-1;-1;-1;7;22;43;72;93;29;72;72;43;10.86;2.71;3.43;2.5;Bengaluru;Kerala Blasters;2.45;0.78;2.43;0.86;2.31;0.71;93;79;57;29;7;65;65;43;1.73;1.53;3.26;1778;18;Y;Y;Y;Y;N;N;Y
535829;5420;5419;2018/2019;complete;3947;15;-1;70;67;1;1;2;7;4;11;4;1;1;1;0;0;7;4;9;3;16;7;14;10;54;46;1;1;1.62;3.85;4.8;1.04;1.31;2;3.5;0;8.75;3.2;1.74;1.26;1.08;2;1.74;0;0;0;0;0;0;0;0;0;0;0;0;0;0;0;0;0;0;0;0;0;0;0;0;0;0;0;0;0;0;0;0;0;0;0;0;0;0;0;0;0;0;0;0;0;0;0;0;0;0;0;0;0;2;0;0;1;1;2;0;2019-02-07 14:00:00;-1;0;62;24;31;0;1;1;3;2;4;2;5;6;0;0;1;1;0;2;1;63;47;113;104;1.96;1.07;3.03;1;0;1;0;0;0;1;1;0;0;2;0;0;0;-1;-1;-1;-1;-1;-1;-1;-1;-1;9;24;40;70;93;24;55;86;40;11.76;2.07;4.21;2.35;NorthEast United;Odisha FC;1.5;0.89;1.43;0.67;1.64;0.79;92;77;61;30;7;85;69;61;1.6;1.76;3.36;1778;18;Y;Y;N;N;N;N;Y
535830;5424;5416;2018/2019;complete;3947;15;-1;80;;1;0;1;5;4;9;2;0;4;3;0;0;3;0;5;5;8;5;13;23;65;35;4;3;2.25;2.95;3.2;1.04;1.31;2;3.5;6.5;8.75;3.2;1.77;1.27;1.08;1.74;2;3.25;1.33;3.75;1.25;1.34;1.38;1.61;3;2.1;3.6;2.59;2.21;3.84;0;0;1.17;1.33;1.8;1.8;2.75;4.5;3;1.9;1.9;1.4;0;0;0;1.8;8.5;2.3;4;5.5;0;0;0;0;0;0;0;0;1.36;2.88;8;19;2.88;1.36;1.05;1;0;0;0;0;1;0;0;1;0;1;0;2019-02-08 14:00:00;5424;0;67;34;17;0;1;1;1;1;4;3;2;7;2;1;2;2;3;4;1;74;62;105;81;1.26;0.77;2.02;0;0;0;0;0;0;1;1;0;0;0;0;1;0;-1;-1;-1;-1;-1;-1;-1;-1;-1;25;42;50;75;92;50;92;59;42;9.66;7.5;3.34;2.92;Jamshedpur;Mumbai City;2;1.7;2;1.83;1.43;1.93;75;59;50;25;9;59;50;25;1.43;1.43;2.86;1778;18;Y;N;N;N;N;N;N
535831;5417;5425;2018/2019;complete;3947;15;-1;32,42;57;2;1;3;4;6;10;3;1;1;4;0;0;6;5;3;5;9;10;6;9;40;60;1;4;4.3;3.55;1.74;1.03;1.25;1.8;3.05;6;9.75;3.65;1.91;1.34;1.11;1.77;1.95;5.5;1.14;2.5;1.5;2.2;1.29;1.18;4.75;2.3;2.3;4.33;2.6;2;0;0;0;0;1.9;0;0;0;0;1.8;0;0;0;0;0;2.87;11;1.44;8.5;2.87;0;0;0;0;0;0;0;0;1.36;2.62;7;19;3;1.44;1.1;1.02;0;0;0;0;3;2;0;0;1;1;2;2019-02-09 14:00:00;5417;0;69;38;38;0;1;1;1;1;3;5;2;8;0;0;1;4;0;5;1;57;75;82;93;1.4;1.52;2.92;0;0;0;0;0;0;1;1;0;0;0;0;0;0;-1;-1;-1;-1;-1;-1;-1;-1;-1;15;29;69;77;93;47;77;77;45;11.17;3.62;3.1;2.97;Chennaiyin;Bengaluru;0.56;1.3;0.14;2.17;0.36;2.21;86;72;31;23;7;61;38;38;1.69;1.71;3.4;1778;18;Y;Y;Y;N;N;N;Y
535832;5418;5423;2018/2019;complete;3947;15;-1;17,75;23,61;2;2;4;7;8;15;0;2;3;2;0;0;7;8;12;7;19;15;22;11;47;53;3;2;2.5;2.95;2.65;1.07;1.4;2.3;4.33;9;8;2.88;1.6;1.2;1.06;1.83;1.8;2.8;1.33;0;0;1.38;1.29;1.41;3.2;1.95;3.3;2.7;2.25;3.1;0;0;0;0;0;0;0;0;0;0;0;0;0;0;0;1.95;7.75;2.05;3.9;4;0;0;0;0;0;0;0;0;1.45;3.3;9;12.25;2.55;1.29;1.03;1.02;0;0;0;0;4;1;1;1;1;2;2;2019-02-10 14:00:00;-1;0;54;23;30;0;1;1;2;3;5;5;5;10;1;1;2;1;2;3;1;51;62;76;84;2.05;1.95;4;0;1;0;1;0;0;1;1;0;0;1;0;0;1;-1;-1;-1;-1;-1;-1;-1;-1;-1;16;16;40;79;86;31;70;72;38;10.88;6.26;3.54;2.43;Pune City;ATK;1.22;1.22;1.17;1.43;1.08;1.43;85;85;61;22;15;77;55;48;1.51;1.19;2.7;1778;18;Y;Y;Y;Y;N;N;Y
535833;5416;5420;2018/2019;complete;3947;16;-1;;4,33;0;2;2;4;3;7;4;0;3;3;0;0;3;5;9;7;12;12;17;24;55;45;3;3;2.2;3.1;3.2;1.04;1.31;2;3.5;0;8.75;3.2;1.74;1.26;1.08;1.8;1.95;0;0;0;0;0;0;0;0;0;0;0;0;0;0;0;0;0;0;0;0;0;0;0;0;0;0;0;0;0;0;0;0;0;0;0;0;0;0;0;0;0;0;0;0;0;0;0;0;0;0;0;0;0;2;0;2;0;0;0;2;2019-02-13 14:00:00;5420;0;28;14;15;0;1;1;2;3;2;0;5;2;2;1;1;2;3;3;1;94;69;105;99;1.64;1.61;3.25;0;0;0;0;0;0;1;1;0;1;1;1;0;0;-1;-1;-1;-1;-1;-1;-1;-1;-1;21;21;28;73;87;20;66;75;28;10.18;5.09;3.2;2.63;Mumbai City;NorthEast United;1.6;1.7;2;1.86;1.8;1.6;80;80;73;27;14;60;54;41;1.43;1.42;2.85;1778;20;Y;Y;N;N;N;N;N
535834;5421;5423;2018/2019;complete;3947;16;-1;1,52,81;;3;0;3;8;4;12;2;1;2;4;0;0;13;6;7;4;20;10;7;18;67;33;2;4;1.5;4.2;4.9;1.03;1.16;1.6;2.37;4.33;15;5;2.3;1.53;1.2;1.65;2.24;2.4;1.44;7;1.1;1.14;1.25;2.6;2.1;2.5;5;1.74;2.85;4.8;0;0;1.13;1.29;1.72;1.8;2.1;5.2;3.3;2;1.9;1.66;0;0;0;1.4;15;3;2.75;7.5;0;0;0;0;0;0;0;0;1.17;1.8;3.4;7;4.5;1.92;1.3;1.08;0;0;0;0;3;1;0;2;0;2;1;2019-02-14 14:00:00;5421;0;65;28;50;0;-1;1;-1;-1;-1;-1;-1;-1;1;0;1;4;1;5;1;66;43;93;71;2.64;1.36;4;1;0;1;0;0;0;1;1;1;0;-1;-1;0;0;-1;-1;-1;-1;-1;-1;-1;-1;-1;40;46;61;73;79;28;65;59;59;10.3;7.08;2.88;3.15;Goa;ATK;2.2;1.22;2.17;1.38;1.79;1.4;61;54;40;28;21;71;50;36;1.85;1.35;3.2;1778;18;Y;Y;Y;N;N;N;N
535835;5422;5417;2018/2019;complete;3947;16;-1;23,55,71;;3;0;3;6;8;14;0;2;1;2;0;0;8;7;4;4;12;11;13;4;54;46;1;2;2.5;3;2.85;1.04;1.3;1.95;3.4;7;8.75;3.3;1.77;1.28;1.09;1.71;2;3;1.36;3.4;1.3;1.5;1.35;1.5;3.25;2.1;3.25;2.87;2.4;2.87;0;0;1.13;1.29;1.5;1.72;2.4;5.2;3.3;2.4;2;1.5;0;0;0;2.1;9.5;1.9;4;4.75;0;0;0;0;0;0;0;0;1.36;2.88;8;17;2.88;1.36;1.05;1;0;0;0;0;3;1;0;2;0;2;1;2019-02-15 14:00:00;5422;0;65;14;43;0;1;1;5;2;1;6;7;7;0;1;1;1;1;2;1;52;73;98;99;1.7;1.71;3.41;0;0;0;0;0;0;1;1;0;0;0;1;0;0;-1;-1;-1;-1;-1;-1;-1;-1;-1;7;22;36;72;93;29;64;72;43;12.57;3.86;2.72;2.36;Kerala Blasters;Chennaiyin;0.89;0.44;0.57;0.57;0.73;0.53;93;79;64;29;7;86;72;65;1.78;1.64;3.42;1778;18;Y;Y;Y;N;N;N;N
535836;5424;5418;2018/2019;complete;3947;16;-1;76;17,45,65,70;1;4;5;11;1;12;0;2;1;2;0;0;7;6;11;10;18;16;14;13;69;31;1;2;2;3.35;3.45;1.03;1.27;1.87;3.2;6;9.25;3.45;1.87;1.31;1.1;1.74;2;2.75;1.4;4.33;1.2;1.27;1.29;1.78;2.53;2.15;4.2;2.3;2.5;3.5;0;0;0;0;0;1.9;0;0;0;0;1.8;0;0;0;0;1.69;11.75;2.38;3.5;6.5;0;0;0;0;0;0;0;0;1.36;2.75;7;21;3;1.4;1.1;1.01;0;0;0;0;5;0;2;1;2;3;2;2019-02-16 14:00:00;5418;0;64;36;14;0;1;1;5;1;6;0;6;6;0;2;1;0;2;1;1;105;44;128;74;2.38;1.74;4.12;1;0;1;0;0;0;1;1;0;0;2;0;0;0;-1;-1;-1;-1;-1;-1;-1;-1;-1;14;29;50;71;93;57;71;64;29;11.42;4.43;3.71;2.64;Jamshedpur;Pune City;2;1.22;2.14;1;1.53;1.07;86;72;50;29;7;64;50;43;1.41;1.35;2.76;1778;18;Y;Y;Y;Y;Y;N;Y
535837;5419;5425;2018/2019;complete;3947;16;-1;9,77,81;19,72;3;2;5;3;5;8;1;2;3;4;0;0;8;4;3;4;11;8;16;16;50;50;3;4;3.95;3.65;1.8;1.03;1.25;1.83;3.1;5.5;9.75;3.6;1.91;1.33;1.11;1.77;2;4.2;1.16;2.62;1.44;1.8;1.23;1.19;4.45;2.2;2.25;3.35;2.45;2.35;0;0;0;0;1.72;0;0;0;0;2;0;0;0;0;0;2.5;9.5;1.59;5.8;3.1;0;0;0;0;0;0;0;0;1.34;2.6;6.2;11.25;2.8;1.39;1.08;1.01;0;0;0;0;5;1;1;2;1;3;2;2019-02-17 14:00:00;5419;0;61;15;34;0;1;1;2;2;1;3;4;4;1;1;2;3;2;5;1;72;53;107;93;1.78;1.17;2.95;0;0;0;0;0;0;1;1;1;0;0;0;0;0;-1;-1;-1;-1;-1;-1;-1;-1;-1;7;13;55;81;88;29;75;81;40;11.04;4.02;2.88;2.48;Odisha FC;Bengaluru;1.11;1.3;0.88;1.86;0.8;2.07;94;88;46;20;13;73;66;52;1.31;1.68;2.99;1778;18;Y;Y;Y;Y;Y;N;Y
535838;5421;5422;2018/2019;complete;3947;17;-1;22,25,78;;3;0;3;4;5;9;1;1;0;3;0;0;5;2;11;7;16;9;10;10;63;37;0;3;1.32;5.2;7.25;1.01;1.15;1.53;2.35;3.7;12.75;4.8;2.4;1.56;1.21;1.8;1.91;2.1;1.59;0;0;1.04;1.11;3;1.74;2.6;5.75;1.59;3;5.6;0;0;0;0;0;1.83;2.1;0;0;0;1.83;1.66;0;0;0;1.29;13.5;3.65;2.3;9.75;0;0;0;0;0;0;0;0;1.22;2.1;4.5;10;3.55;1.59;1.15;1.02;0;0;0;0;3;2;0;1;0;1;2;2019-02-18 14:00:00;5421;0;60;14;28;0;1;1;1;2;3;3;3;6;0;1;0;2;1;2;1;77;54;118;93;1.92;1.1;3.02;0;0;0;0;0;0;1;1;0;0;0;0;0;0;-1;-1;-1;-1;-1;-1;-1;-1;-1;35;48;68;87;87;26;67;80;67;11.95;5.2;4.63;3.5;Goa;Kerala Blasters;2.2;0.78;2.29;0.88;1.87;0.88;66;53;32;14;14;80;73;53;1.97;1.49;3.46;1778;18;Y;Y;Y;N;N;N;N
535839;5420;5418;2018/2019;complete;3947;17;-1;47;69;1;1;2;6;8;14;1;6;3;3;1;0;5;7;7;6;12;13;14;14;64;36;5;3;1.74;3.85;4.05;1.02;1.23;1.74;2.9;0;10.5;3.85;2;1.37;1.13;1.62;2.15;0;0;0;0;0;0;0;0;0;0;0;0;0;0;0;0;0;0;0;0;0;0;0;0;0;0;0;0;0;0;0;0;0;0;0;0;0;0;0;0;0;0;0;0;0;0;0;0;0;0;0;0;0;2;0;0;1;1;2;0;2019-02-20 14:00:00;-1;0;63;19;32;0;1;1;4;5;2;3;9;5;1;0;3;3;1;6;1;80;75;97;89;1.68;1.85;3.53;0;0;0;0;0;0;1;1;0;0;0;0;0;0;-1;-1;-1;-1;-1;-1;-1;-1;-1;13;19;38;69;94;32;57;69;32;11.63;3;4.13;2.38;NorthEast United;Pune City;1.5;1.22;1.38;1.25;1.69;1.2;88;82;63;32;7;82;75;75;1.65;1.41;3.06;1778;18;Y;Y;N;N;N;N;Y
535840;5425;5421;2018/2019;complete;3947;17;-1;50,58,69;;3;0;3;6;8;14;2;5;3;4;1;0;9;7;2;9;11;16;14;16;37;63;4;4;2.8;3.3;2.3;1.01;1.19;1.65;2.6;4.5;11.5;4.25;2.15;1.44;1.16;1.54;2.35;4.33;1.2;3.75;1.25;1.54;1.24;1.32;3.2;2.1;3;3;2.45;2.6;0;0;0;0;0;2.1;0;0;0;0;1.66;0;0;0;0;2.1;15;1.8;5.5;4.5;0;0;0;0;0;0;0;0;1.3;2.37;6;17;3.4;1.53;1.12;1.02;0;0;0;0;3;0;0;3;0;3;0;2019-02-21 14:00:00;5425;0;57;25;25;0;1;1;2;4;4;4;6;8;3;1;1;3;4;4;1;48;64;89;86;1.67;1.96;3.63;0;0;0;0;0;0;1;1;0;0;0;1;0;0;-1;-1;-1;-1;-1;-1;-1;-1;-1;7;38;50;69;88;38;76;69;44;11;3.13;3.01;2.51;Bengaluru;Goa;2.45;1.36;2.25;1.5;1.94;1.94;94;63;50;32;13;69;63;57;1.77;1.79;3.56;1778;21;Y;Y;Y;N;N;N;N
535841;5423;5416;2018/2019;complete;3947;17;-1;67;26,39,60;1;3;4;5;3;8;0;1;1;3;0;0;8;7;7;6;15;13;10;18;63;37;1;3;2.65;2.9;2.55;1.08;1.36;2.2;4;9;8;3;1.65;1.22;1.07;1.83;1.83;3;1.36;3;1.36;1.44;1.3;1.34;3.4;2.05;3.4;2.87;2.3;3;0;0;0;0;0;2.1;0;0;0;0;1.66;0;0;0;0;1.9;8;2.1;4.33;4.33;0;0;0;0;0;0;0;0;1.5;3.4;10;26;2.5;1.3;1.06;1.01;0;0;0;0;4;0;2;1;1;2;2;2019-02-22 14:00:00;5416;0;43;22;7;0;1;1;3;1;2;2;4;4;0;0;1;3;0;4;1;69;42;117;91;2.01;1.62;3.63;0;0;0;0;0;0;1;1;0;0;1;0;0;0;-1;-1;-1;-1;-1;-1;-1;-1;-1;15;15;36;57;93;29;65;64;22;7.72;5.43;5.57;2.22;ATK;Mumbai City;1.44;1.7;1.43;1.57;1.31;1.69;86;86;64;43;7;64;50;36;1.04;1.34;2.38;1778;18;Y;Y;Y;Y;N;N;Y
535842;5417;5424;2018/2019;complete;3947;17;-1;;;0;0;0;1;3;4;0;2;2;2;0;0;4;4;8;4;12;8;13;9;52;48;2;2;3.45;3.35;2;1.03;1.28;1.91;3.25;0;9.25;3.4;1.83;1.3;1.1;1.74;2;0;0;0;0;0;0;0;0;0;0;0;0;0;0;0;0;0;0;0;0;0;0;0;0;0;0;0;0;0;0;0;0;0;0;0;0;0;0;0;0;0;0;0;0;0;0;0;0;0;0;0;0;0;0;0;0;0;0;0;0;2019-02-23 14:00:00;-1;0;75;26;38;0;1;1;1;1;0;2;2;2;1;0;1;2;1;3;1;0;0;0;0;1.55;1.41;2.96;0;0;0;0;0;0;1;1;0;0;0;0;0;0;-1;-1;-1;-1;-1;-1;-1;-1;-1;13;38;63;82;88;38;75;82;44;10.13;2.88;2.88;2.94;Chennaiyin;Jamshedpur;0.56;1;0.5;1;0.5;1.44;88;63;38;19;13;69;50;38;1.65;1.34;2.99;1778;18;N;N;N;N;N;N;N
535843;5418;5419;2018/2019;complete;3947;18;-1;23;17,29,52;1;3;4;8;5;13;8;0;5;2;1;0;4;11;3;11;7;22;13;12;41;59;6;2;2.5;3.3;2.55;1.03;1.25;1.83;3.1;5.45;9.75;3.6;1.91;1.33;1.11;1.69;2.1;0;0;0;0;1.47;1.24;1.39;3;2.1;3.15;2.9;2.3;2.9;0;0;1.11;1.25;1.44;1.69;1.9;5.5;3.6;2.6;1.95;1.8;0;0;0;2;9.75;1.91;4.5;4.33;0;0;0;0;0;0;0;0;1.44;2.75;7;17;2.62;1.4;1.08;1;0;0;0;0;4;1;2;0;1;1;3;2019-02-24 14:00:00;5419;0;64;29;36;0;1;1;6;2;2;3;8;5;2;1;4;1;3;5;1;83;93;92;105;1.32;2.82;4.14;0;0;0;0;0;0;1;1;0;0;1;1;0;0;-1;-1;-1;-1;-1;-1;-1;-1;-1;14;29;50;93;100;36;72;100;50;11.43;3.86;5.15;2.93;Pune City;Odisha FC;1.22;0.89;1.14;0.71;1.19;0.94;86;71;50;7;0;86;71;64;1.59;1.66;3.25;1778;18;Y;Y;Y;Y;N;N;Y
535844;5424;5425;2018/2019;complete;3947;18;-1;45,54,56,57,61;16;5;1;6;5;7;12;4;0;1;1;0;1;8;5;11;5;19;10;11;13;68;32;1;2;2.25;3.3;2.9;1.03;1.28;1.91;3.25;6.5;9.25;3.4;1.83;1.3;1.1;1.67;2.1;2.75;1.4;4.33;1.2;1.25;1.3;1.8;2.6;2.2;4;2.25;2.5;3.6;0;0;0;0;1.83;0;0;0;0;1.83;0;0;0;0;0;1.61;11;2.5;3.4;6.5;0;0;0;0;0;0;0;0;1.36;2.75;7;21;3;1.4;1.1;1.01;0;0;0;0;6;1;1;4;0;4;2;2019-02-27 14:00:00;5424;0;75;38;32;0;1;1;4;4;1;3;8;4;0;0;1;2;0;3;1;105;50;148;82;2.52;1.34;3.86;0;1;0;0;0;1;1;1;0;0;1;0;0;0;-1;-1;-1;-1;-1;-1;-1;-1;-1;19;32;69;82;94;69;82;82;44;11.63;4.26;3.38;2.94;Jamshedpur;Bengaluru;2;1.3;1.88;1.63;1.41;2;82;69;32;19;7;57;38;25;1.53;1.61;3.14;1778;18;Y;Y;Y;Y;Y;Y;Y
535845;5421;5417;2018/2019;complete;3947;18;-1;26;;1;0;1;3;7;10;1;0;3;3;0;0;3;2;8;5;11;7;14;11;59;41;3;3;1.25;5.6;9.5;1.01;1.14;1.48;2.2;3.5;13.5;5.15;2.5;1.61;1.24;1.87;1.83;2;1.72;11;1.05;1.06;1.16;3.75;1.66;2.75;7.5;1.48;3.3;8.3;0;0;1.14;1.29;1.5;1.9;2.4;4.8;3.3;2.4;1.8;1.5;0;0;0;1.2;19;4.33;2.05;17;0;0;0;0;0;0;0;0;1.24;2.19;4.5;13;3.72;1.62;1.18;1.04;0;0;0;0;1;1;0;0;0;0;1;2019-02-28 14:00:00;5421;0;44;13;32;0;1;1;2;3;1;4;5;5;0;0;3;3;0;6;1;58;55;111;94;1.33;0.99;2.32;0;0;0;0;0;0;1;1;0;0;0;0;0;0;-1;-1;-1;-1;-1;-1;-1;-1;-1;32;38;69;76;88;25;75;69;51;10.88;5.75;2.75;3.19;Goa;Chennaiyin;2.2;0.44;2.38;0.5;1.82;0.53;69;63;32;26;13;75;50;44;1.96;1.65;3.61;1778;18;Y;N;N;N;N;N;N
535846;5422;5420;2018/2019;complete;3947;18;-1;;;0;0;0;11;2;13;2;1;2;0;0;1;8;2;10;2;18;4;9;6;55;45;2;2;2.25;3.3;2.95;1.04;1.32;2;3.55;0;8.5;3.15;1.74;1.26;1.08;1.8;1.91;0;0;0;0;0;0;0;0;0;0;0;0;0;0;0;0;0;0;0;0;0;0;0;0;0;0;0;0;0;0;0;0;0;0;0;0;0;0;0;0;0;0;0;0;0;0;0;0;0;0;0;0;0;0;0;0;0;0;0;0;2019-03-01 14:00:00;-1;0;57;13;38;0;1;1;5;2;6;0;7;6;1;1;1;0;2;1;1;89;20;90;81;2.33;0.55;2.88;0;0;0;0;0;0;1;1;0;0;0;1;0;0;-1;-1;-1;-1;-1;-1;-1;-1;-1;13;19;38;82;94;25;57;82;51;13.25;2.63;3.5;2.63;Kerala Blasters;NorthEast United;0.89;1.7;0.88;2;0.82;1.65;88;82;63;19;7;75;75;69;1.77;1.45;3.22;1778;18;N;N;N;N;N;N;N
535847;5418;5416;2018/2019;complete;3947;18;-1;18,84;90;2;1;3;4;11;15;3;3;6;2;0;0;5;12;7;6;12;18;19;13;44;56;6;2;2.6;3.25;2.5;1.04;1.32;2;3.55;0;8.5;3.15;1.74;1.26;1.08;1.8;1.95;0;0;0;0;0;0;0;0;0;0;0;0;0;0;0;0;0;0;0;0;0;0;0;0;0;0;0;0;0;0;0;0;0;0;0;0;0;0;0;0;0;0;0;0;0;0;0;0;0;0;0;0;0;3;1;0;1;1;2;1;2019-03-02 14:00:00;5418;0;57;26;25;0;1;1;1;5;3;6;6;9;3;0;3;2;3;5;1;0;0;0;0;1.62;2.66;4.28;0;1;0;1;0;0;1;1;0;0;0;1;1;0;-1;-1;-1;-1;-1;-1;-1;-1;-1;19;38;51;82;100;38;88;82;38;10.25;7.01;6;3;Pune City;Mumbai City;1.22;1.7;1;1.75;1.12;1.76;82;63;51;19;0;76;63;50;1.55;1.37;2.92;1778;18;Y;Y;Y;N;N;N;Y
535848;5423;5419;2018/2019;complete;3947;12;-1;63,88;72;2;1;3;0;2;2;4;1;2;1;0;0;5;5;2;6;7;11;20;14;34;66;2;1;2.85;3.4;2.39;1.05;1.25;1.85;3;6;11;3.75;1.95;1.36;1.12;1.68;2.19;3.7;1.2;3.4;1.3;1.53;1.25;1.33;3.42;2.14;2.95;3.18;2.39;2.73;0;0;0;0;1.71;0;0;0;0;1.91;0;0;0;0;0;2.05;10;1.83;4.85;3.9;0;0;0;0;0;0;0;0;1.36;2.88;7.5;17;2.88;1.36;1.06;1.01;0;0;0;0;3;0;0;2;1;3;0;2019-03-03 14:00:00;5423;0;63;32;26;0;-1;1;-1;-1;-1;-1;-1;-1;2;0;0;1;2;1;1;41;65;104;129;1.1;1.53;2.63;0;0;0;0;0;0;1;1;0;0;-1;-1;0;0;-1;-1;-1;-1;-1;-1;-1;-1;-1;7;26;50;76;94;44;57;88;38;9.13;2.25;4.88;2.51;ATK;Odisha FC;1.44;0.89;1.25;1;1.24;1.06;94;76;50;26;7;69;57;51;1.28;1.8;3.08;1778;18;Y;Y;Y;N;N;N;Y
535849;5422;5423;2018/2019;complete;3947;13;-1;88;85;1;1;2;7;8;15;2;1;2;0;0;0;5;5;12;3;17;8;14;10;46;54;2;0;2.83;2.99;2.43;1.1;1.4;2.35;4.33;10;7.5;2.75;1.57;1.2;1.06;1.95;1.79;2.85;1.33;2.75;1.4;1.45;1.31;1.34;3.6;1.89;3.2;3.34;2.15;2.99;0;0;1.2;1.4;1.72;2.2;3;4;2.75;2;1.6;1.33;0;0;0;2.15;6.8;1.97;4.9;4.15;0;0;0;0;0;0;0;0;1.47;3.26;10;19;2.53;1.3;1.04;1;0;0;0;0;2;0;0;1;1;2;0;2019-01-25 14:00:00;-1;0;67;25;42;0;1;1;4;3;3;5;7;8;0;0;2;0;0;2;1;71;71;107;90;1.93;1.37;3.3;0;0;0;0;0;0;1;1;0;0;1;0;0;0;-1;-1;-1;-1;-1;-1;-1;-1;-1;9;17;33;67;84;33;67;58;42;11.67;5;2.66;2.08;Kerala Blasters;ATK;0.89;1.22;0.5;1.5;0.75;1.33;92;83;67;34;17;84;67;50;1.76;1.14;2.9;1778;18;Y;Y;N;N;N;N;Y
535850;5420;5417;2018/2019;complete;3947;13;-1;87;;1;0;1;13;4;17;0;3;1;1;0;0;3;0;21;8;24;8;12;9;65;35;1;1;0;0;0;0;0;0;0;0;0;0;0;0;0;0;0;0;0;0;0;0;0;0;0;0;0;0;0;0;0;0;0;0;0;0;0;0;0;0;0;0;0;0;0;0;0;0;0;0;0;0;0;0;0;0;0;0;0;0;0;0;0;0;0;0;0;0;0;0;1;0;0;1;0;1;0;2019-01-26 14:00:00;5420;0;59;17;33;0;1;1;5;3;8;1;8;9;1;1;0;0;2;0;1;0;0;0;0;2.21;0.74;2.95;0;0;0;0;0;0;1;1;0;0;0;1;0;1;-1;-1;-1;-1;-1;-1;-1;-1;-1;9;25;42;67;83;25;67;59;33;10.66;3.17;2.66;2.34;NorthEast United;Chennaiyin;1.5;0.44;1.17;0.67;1.67;0.42;92;75;59;33;17;75;50;50;1.47;1.82;3.29;1778;18;Y;N;N;N;N;N;N
535851;5416;5425;2018/2019;complete;3947;13;-1;29;;1;0;1;3;6;9;10;1;3;1;0;0;5;3;2;10;7;13;15;10;35;65;3;1;2.4;3.3;2.6;1.03;1.2;1.67;2.88;5.5;12;4.33;2.15;1.4;1.14;1.49;2.5;3.95;1.18;3.75;1.25;1.39;1.25;1.45;3.25;2.06;3.05;3.1;2.55;2.6;0;0;0;0;1.9;0;0;0;0;1.8;0;0;0;0;0;2;12;1.83;5.05;4.05;0;0;0;0;0;0;0;0;1.29;2.42;6.75;17;3.2;1.51;1.09;1.01;0;0;0;0;1;1;0;0;0;0;1;2019-01-27 14:00:00;5416;0;49;29;20;0;1;1;0;4;3;2;4;5;3;1;0;0;4;0;1;60;93;89;130;1.23;1.71;2.94;0;0;0;0;0;0;1;1;0;0;0;0;0;0;-1;-1;-1;-1;-1;-1;-1;-1;-1;9;9;49;92;92;47;82;84;29;8.5;4.93;2.8;2.65;Mumbai City;Bengaluru;1.6;1.3;2.17;2.6;2;2.45;92;92;52;9;9;45;45;29;1.47;1.71;3.18;1778;20;Y;N;N;N;N;N;N
535852;5421;5424;2018/2019;complete;3947;13;-1;;;0;0;0;10;5;15;0;1;3;1;0;0;6;2;8;5;14;7;11;13;52;48;3;1;1.8;3.82;4.05;1.02;1.2;1.6;2.63;5;13;4.5;2.3;1.47;1.17;1.57;2.25;3;1.36;6;1.12;1.22;1.2;2;2.25;2.38;4.3;2.1;2.64;4.1;0;0;1.22;1.44;1.8;2.25;3.2;3.8;2.6;1.9;1.57;1.3;0;0;0;1.58;17.75;2.44;3.5;9;0;0;0;0;0;0;0;0;1.23;2.17;5.5;13;3.82;1.63;1.11;1.03;0;0;0;0;0;0;0;0;0;0;0;2019-01-28 14:00:00;-1;0;82;19;55;0;1;1;0;3;10;2;3;12;2;0;1;1;2;2;1;90;50;98;84;1.95;0.95;2.9;0;0;0;0;0;0;1;1;0;0;0;0;0;0;-1;-1;-1;-1;-1;-1;-1;-1;-1;40;57;75;100;100;19;82;90;65;8.03;6.1;3.63;3.92;Goa;Jamshedpur;2.2;1;2.4;1.17;1.82;1.58;60;44;25;0;0;55;45;27;1.83;1.45;3.28;1778;18;N;N;N;N;N;N;N
535853;5425;5420;2018/2019;complete;3947;13;-1;14,71;60;2;1;3;1;14;15;3;3;1;2;0;0;2;11;2;6;4;17;13;7;41;59;1;2;0;0;0;0;0;0;0;0;0;0;0;0;0;0;0;0;0;0;0;0;0;0;0;0;0;0;0;0;0;0;0;0;0;0;0;0;0;0;0;0;0;0;0;0;0;0;0;0;0;0;0;0;0;0;0;0;0;0;0;0;0;0;0;0;0;0;0;0;3;1;0;1;1;2;1;2019-01-30 14:00:00;5425;0;42;25;17;0;1;1;1;5;0;9;6;9;0;2;1;0;2;1;1;70;105;98;112;0.91;2.59;3.5;0;0;0;0;0;0;1;1;0;0;1;0;0;0;-1;-1;-1;-1;-1;-1;-1;-1;-1;17;25;33;59;92;25;58;67;25;9.67;2.33;2.5;2.5;Bengaluru;NorthEast United;2.45;1.7;2.33;2.17;2.25;1.77;84;75;67;42;9;42;42;34;1.87;1.23;3.1;1778;20;Y;Y;Y;N;N;N;Y
535854;5419;5422;2018/2019;complete;3947;14;-1;28,90;;2;0;2;5;5;10;5;0;1;3;0;1;5;2;14;4;19;6;13;17;58;42;1;5;2.65;3;2.5;1.07;1.28;2;3.4;6.5;9.5;3.5;1.8;1.3;1.11;1.77;2.05;3.3;1.25;3.4;1.3;1.47;1.28;1.34;3.4;2.1;3.2;3.26;2.22;2.93;0;0;1.33;1.6;2.1;2.75;4;3;2.2;1.65;1.4;1.2;0;0;0;2.1;9.5;1.83;4.5;3.9;0;0;0;0;0;0;0;0;1.36;2.77;8;19;2.94;1.4;1.06;1;0;0;0;0;2;1;0;1;0;1;1;2019-01-31 14:00:00;5419;0;67;9;34;0;1;1;4;1;1;4;5;5;0;0;1;4;0;5;1;49;47;83;87;1.9;0.87;2.76;1;0;1;0;0;0;1;1;0;0;2;0;0;0;-1;-1;-1;-1;-1;-1;-1;-1;-1;17;33;50;83;83;17;59;83;67;12.34;3.33;3;2.92;Odisha FC;Kerala Blasters;1.11;0.78;0.5;1;0.58;0.77;83;67;50;17;17;83;83;75;1.31;1.66;2.97;1778;18;Y;Y;N;N;N;N;N
545505;5420;5425;2018/2019;complete;4343;0;-1;20,90;82;2;1;3;2;4;6;0;2;1;2;0;0;5;4;4;4;9;8;18;14;51;49;1;2;2.8;3;2.5;1.06;1.39;2.2;4.15;0;7.5;2.8;1.61;1.2;1.05;1.87;1.87;0;0;0;0;0;0;0;0;0;0;0;0;0;0;0;0;0;0;0;0;0;0;0;0;0;0;0;0;0;0;0;0;0;0;0;0;0;0;0;0;0;0;0;0;0;0;0;0;0;0;0;0;0;3;1;0;1;1;2;1;2019-03-07 14:00:00;5420;1;59;28;39;0;1;1;1;1;1;3;2;4;0;1;1;1;1;2;1;53;77;116;126;1.31;1.35;2.67;1;0;1;0;0;0;1;1;0;0;0;0;0;0;-1;-1;-1;-1;-1;-1;-1;-1;-1;11;20;48;73;92;34;61;75;42;11.06;2.94;3.72;2.53;NorthEast United;Bengaluru;1.6;1.9;1.61;1.89;1.61;1.89;89;81;53;28;9;64;59;53;1.65;1.57;3.22;1778;20;Y;Y;Y;N;N;N;Y
545506;5416;5421;2018/2019;complete;4343;0;-1;20;31,39,51,58,82;1;5;6;12;6;18;2;0;3;0;0;0;9;12;4;4;13;16;12;10;38;62;3;0;3;3.35;2.2;1.05;1.34;2.1;3.8;8;8;3;1.69;1.23;1.07;1.87;1.87;3.25;1.26;2.75;1.4;1.57;1.3;1.4;3.6;2.1;3.1;3.35;2.35;2.63;0;0;0;0;0;0;0;0;0;0;0;0;0;0;0;2.25;9.5;1.8;4.5;3.4;0;0;0;0;0;0;0;0;1.37;3.1;9;16.25;2.8;1.3;1.05;1.01;0;0;0;0;6;1;2;0;3;3;3;2019-03-09 14:00:00;5421;1;39;17;11;0;1;1;6;2;6;4;8;10;2;0;1;0;2;1;1;99;56;79;67;2.15;2.24;4.4;0;0;0;0;0;0;1;1;0;0;1;0;0;0;-1;-1;-1;-1;-1;-1;-1;-1;-1;23;33;48;75;89;28;78;67;42;10.06;6.11;4.22;2.81;Mumbai City;Goa;1.65;1.76;1.67;1.89;1.67;1.89;78;67;53;25;12;72;59;42;1.45;1.81;3.26;1778;20;Y;Y;Y;Y;Y;Y;Y
545507;5425;5420;2018/2019;complete;4343;0;-1;72,87,90;;3;0;3;8;6;14;0;3;3;1;0;0;9;4;6;4;15;8;20;13;58;42;3;1;1.62;3.5;5.2;1.04;1.33;2;3.65;0;8.5;3.1;1.71;1.25;1.07;1.91;1.8;0;0;0;0;0;0;0;0;0;0;0;0;0;0;0;0;0;0;0;0;0;0;0;0;0;0;0;0;0;0;0;0;0;0;0;0;0;0;0;0;0;0;0;0;0;0;0;0;0;0;0;0;0;3;0;0;3;0;3;0;2019-03-11 14:00:00;5425;1;61;17;22;0;1;1;3;3;5;3;6;8;0;0;3;1;0;4;1;81;51;102;68;2.16;1.15;3.31;0;0;0;0;0;0;1;1;0;0;1;0;0;0;-1;-1;-1;-1;-1;-1;-1;-1;-1;11;19;50;74;92;32;63;77;45;10.79;2.9;3.68;2.55;Bengaluru;NorthEast United;1.9;1.6;1.79;1.68;1.79;1.68;89;82;50;27;8;61;55;50;1.76;1.35;3.11;1778;20;Y;Y;Y;N;N;N;N
545508;5421;5416;2018/2019;complete;4343;0;-1;;6;0;1;1;10;7;17;1;0;2;2;0;0;7;6;5;8;12;14;11;17;62;38;2;2;1.59;3.75;5.15;1.02;1.23;1.77;2.9;5.5;10.25;3.8;2;1.36;1.12;1.8;1.95;2.37;1.53;6;1.12;1.16;1.25;2.37;2.2;2.3;5;1.9;2.75;4.75;0;0;1.14;1.3;1.57;2;2.55;4.8;3.2;2.25;1.72;1.45;0;0;0;1.4;13;3;2.75;9.5;0;0;0;0;0;0;0;0;1.3;2.6;7;17;3.2;1.44;1.07;1.01;0;0;0;0;1;0;1;0;0;0;1;2019-03-12 14:00:00;5416;1;42;11;33;0;1;1;5;4;5;3;9;8;1;0;1;2;1;3;1;80;65;87;72;1.82;1.76;3.58;0;0;0;0;0;0;1;1;0;1;0;0;0;0;-1;-1;-1;-1;-1;-1;-1;-1;-1;27;37;50;77;90;32;79;69;45;10.47;5.9;4.15;2.97;Goa;Mumbai City;1.76;1.65;1.95;1.58;1.95;1.58;74;64;50;24;11;74;61;45;1.89;1.52;3.41;1778;20;Y;N;N;N;N;N;N
545676;5425;5421;2018/2019;complete;4343;0;-1;;;0;0;0;5;1;6;2;9;4;4;0;1;4;4;9;5;13;9;19;15;45;55;4;5;2.65;3.5;2.35;1.03;1.25;1.8;3.05;5.75;9.75;3.65;1.91;1.34;1.11;1.69;2.05;3.55;1.22;3.75;1.25;1.5;1.27;1.44;3.15;2.2;3;2.9;2.55;2.75;0;0;0;0;0;0;0;0;0;0;0;0;0;0;0;2.05;10;1.83;4.75;4.2;0;0;0;0;0;0;0;0;1.29;2.63;6.75;15;3.2;1.42;1.08;1.02;0;0;0;0;1;0;0;1;0;1;0;2019-03-17 14:00:00;5425;1;55;25;20;0;1;1;1;1;3;0;2;3;0;1;4;4;1;8;1;63;50;96;94;1.56;1.22;2.77;0;0;0;0;0;0;1;1;0;0;0;1;0;0;-1;-1;-1;-1;-1;-1;-1;-1;-1;20;33;68;78;93;38;75;75;53;11.25;3.95;3.8;3;Bengaluru;Goa;1.9;1.76;1.85;1.85;1.85;1.85;80;68;33;23;8;70;60;50;1.8;1.86;3.66;1778;21;Y;N;N;N;N;N;N
