ID;HOMEID;AWAYID;SEASON;STATUS;ROUNDID;GAME_WEEK;REVISED_GAME_WEEK;HOMEGOALS;AWAYGOALS;HOMEGOALCOUNT;AWAYGOALCOUNT;TOTALGOALCOUNT;TEAM_A_CORNERS;TEAM_B_CORNERS;TOTALCORNERCOUNT;TEAM_A_OFFSIDES;TEAM_B_OFFSIDES;TEAM_A_YELLOW_CARDS;TEAM_B_YELLOW_CARDS;TEAM_A_RED_CARDS;TEAM_B_RED_CARDS;TEAM_A_SHOTSONTARGET;TEAM_B_SHOTSONTARGET;TEAM_A_SHOTSOFFTARGET;TEAM_B_SHOTSOFFTARGET;TEAM_A_SHOTS;TEAM_B_SHOTS;TEAM_A_FOULS;TEAM_B_FOULS;TEAM_A_POSSESSION;TEAM_B_POSSESSION;TEAM_A_CARDS_NUM;TEAM_B_CARDS_NUM;ODDS_FT_1;ODDS_FT_X;ODDS_FT_2;ODDS_FT_OVER05;ODDS_FT_OVER15;ODDS_FT_OVER25;ODDS_FT_OVER35;ODDS_FT_OVER45;ODDS_FT_UNDER05;ODDS_FT_UNDER15;ODDS_FT_UNDER25;ODDS_FT_UNDER35;ODDS_FT_UNDER45;ODDS_BTTS_YES;ODDS_BTTS_NO;ODDS_TEAM_A_CS_YES;ODDS_TEAM_A_CS_NO;ODDS_TEAM_B_CS_YES;ODDS_TEAM_B_CS_NO;ODDS_DOUBLECHANCE_1X;ODDS_DOUBLECHANCE_12;ODDS_DOUBLECHANCE_X2;ODDS_1ST_HALF_RESULT_1;ODDS_1ST_HALF_RESULT_X;ODDS_1ST_HALF_RESULT_2;ODDS_2ND_HALF_RESULT_1;ODDS_2ND_HALF_RESULT_X;ODDS_2ND_HALF_RESULT_2;ODDS_DNB_1;ODDS_DNB_2;ODDS_CORNERS_OVER_75;ODDS_CORNERS_OVER_85;ODDS_CORNERS_OVER_95;ODDS_CORNERS_OVER_105;ODDS_CORNERS_OVER_115;ODDS_CORNERS_UNDER_75;ODDS_CORNERS_UNDER_85;ODDS_CORNERS_UNDER_95;ODDS_CORNERS_UNDER_105;ODDS_CORNERS_UNDER_115;ODDS_CORNERS_1;ODDS_CORNERS_X;ODDS_CORNERS_2;ODDS_TEAM_TO_SCORE_FIRST_1;ODDS_TEAM_TO_SCORE_FIRST_X;ODDS_TEAM_TO_SCORE_FIRST_2;ODDS_WIN_TO_NIL_1;ODDS_WIN_TO_NIL_2;ODDS_1ST_HALF_OVER05;ODDS_1ST_HALF_OVER15;ODDS_1ST_HALF_OVER25;ODDS_1ST_HALF_OVER35;ODDS_1ST_HALF_UNDER05;ODDS_1ST_HALF_UNDER15;ODDS_1ST_HALF_UNDER25;ODDS_1ST_HALF_UNDER35;ODDS_2ND_HALF_OVER05;ODDS_2ND_HALF_OVER15;ODDS_2ND_HALF_OVER25;ODDS_2ND_HALF_OVER35;ODDS_2ND_HALF_UNDER05;ODDS_2ND_HALF_UNDER15;ODDS_2ND_HALF_UNDER25;ODDS_2ND_HALF_UNDER35;ODDS_BTTS_1ST_HALF_YES;ODDS_BTTS_1ST_HALF_NO;ODDS_BTTS_2ND_HALF_YES;ODDS_BTTS_2ND_HALF_NO;OVERALLGOALCOUNT;HT_GOALS_TEAM_A;HT_GOALS_TEAM_B;GOALS_2HG_TEAM_A;GOALS_2HG_TEAM_B;GOALCOUNT_2HG;HTGOALCOUNT;DATE_UNIX;WINNINGTEAM;NO_HOME_AWAY;BTTS_POTENTIAL;BTTS_FHG_POTENTIAL;BTTS_2HG_POTENTIAL;GOALTIMINGDISABLED;CORNER_TIMINGS_RECORDED;CARD_TIMINGS_RECORDED;TEAM_A_FH_CORNERS;TEAM_B_FH_CORNERS;TEAM_A_2H_CORNERS;TEAM_B_2H_CORNERS;CORNER_FH_COUNT;CORNER_2H_COUNT;TEAM_A_FH_CARDS;TEAM_B_FH_CARDS;TEAM_A_2H_CARDS;TEAM_B_2H_CARDS;TOTAL_FH_CARDS;TOTAL_2H_CARDS;ATTACKS_RECORDED;TEAM_A_DANGEROUS_ATTACKS;TEAM_B_DANGEROUS_ATTACKS;TEAM_A_ATTACKS;TEAM_B_ATTACKS;TEAM_A_XG;TEAM_B_XG;TOTAL_XG;TEAM_A_PENALTIES_WON;TEAM_B_PENALTIES_WON;TEAM_A_PENALTY_GOALS;TEAM_B_PENALTY_GOALS;TEAM_A_PENALTY_MISSED;TEAM_B_PENALTY_MISSED;PENS_RECORDED;GOAL_TIMINGS_RECORDED;TEAM_A_0_10_MIN_GOALS;TEAM_B_0_10_MIN_GOALS;TEAM_A_CORNERS_0_10_MIN;TEAM_B_CORNERS_0_10_MIN;TEAM_A_CARDS_0_10_MIN;TEAM_B_CARDS_0_10_MIN;THROWINS_RECORDED;TEAM_A_THROWINS;TEAM_B_THROWINS;FREEKICKS_RECORDED;TEAM_A_FREEKICKS;TEAM_B_FREEKICKS;GOALKICKS_RECORDED;TEAM_A_GOALKICKS;TEAM_B_GOALKICKS;O45_POTENTIAL;O35_POTENTIAL;O25_POTENTIAL;O15_POTENTIAL;O05_POTENTIAL;O15HT_POTENTIAL;O05HT_POTENTIAL;O05_2H_POTENTIAL;O15_2H_POTENTIAL;CORNERS_POTENTIAL;OFFSIDES_POTENTIAL;CARDS_POTENTIAL;AVG_POTENTIAL;HOME_NAME;AWAY_NAME;HOME_PPG;AWAY_PPG;PRE_MATCH_HOME_PPG;PRE_MATCH_AWAY_PPG;PRE_MATCH_TEAMA_OVERALL_PPG;PRE_MATCH_TEAMB_OVERALL_PPG;U45_POTENTIAL;U35_POTENTIAL;U25_POTENTIAL;U15_POTENTIAL;U05_POTENTIAL;CORNERS_O85_POTENTIAL;CORNERS_O95_POTENTIAL;CORNERS_O105_POTENTIAL;TEAM_A_XG_PREMATCH;TEAM_B_XG_PREMATCH;TOTAL_XG_PREMATCH;COMPETITION_ID;MATCHES_COMPLETED_MINIMUM;OVER05;OVER15;OVER25;OVER35;OVER45;OVER55;BTTS
1152052;5422;688913;2020/2021;complete;61510;1;-1;;67;0;1;1;6;3;9;0;2;2;2;0;0;2;2;6;6;8;8;14;8;67;33;2;2;2.8;3.8;2.1;1.03;1.22;1.65;2.63;5;15;4;2.2;1.44;1.17;1.62;2.2;4.35;1.17;0;0;1.62;1.2;1.4;3.5;2.3;2.75;3.1;2.61;2.4;0;0;1.2;1.37;1.62;2.05;2.65;4.25;2.95;2.21;1.72;1.44;2.41;8.2;1.75;2.2;11.25;1.67;5.5;3.85;1.33;2.63;6.5;19;3.25;1.44;1.11;1.02;1.18;1.83;3.75;10;4.5;1.83;1.25;1.06;0;0;0;0;1;0;0;0;1;1;0;2020-11-20 14:00:00;688913;0;0;0;0;0;1;1;2;3;4;0;5;4;0;2;2;0;2;2;1;45;42;78;74;0.97;0.95;1.93;0;0;0;0;0;0;1;1;0;0;0;1;0;0;-1;-1;-1;-1;-1;-1;-1;-1;-1;0;0;0;0;0;0;0;0;0;0;0;0;0;Kerala Blasters;ATK Mohun Bagan;1.1;1.33;0;0;0;0;0;0;0;0;0;0;0;0;0;0;0;5284;20;Y;N;N;N;N;N;N
1152053;5420;5416;2020/2021;complete;61510;1;-1;49;;1;0;1;4;8;12;3;0;2;2;0;1;3;0;5;10;8;10;13;15;34;66;2;4;5.75;3.45;1.56;1.01;1.19;1.67;2.7;4.8;10.75;3.85;2;1.38;1.12;1.71;2;0;0;0;0;0;0;0;4.75;2.3;2.25;4.75;0;1.91;0;0;0;0;0;0;0;0;0;0;0;0;0;0;0;2.75;0;1.5;0;0;1.33;2.5;6.5;19;3.25;1.5;1.11;1.02;1.18;1.83;3.75;10;4.5;1.83;1.25;1.06;0;0;0;0;1;0;0;1;0;1;0;2020-11-21 14:00:00;5420;0;0;0;0;0;1;1;1;5;3;3;6;6;0;2;2;1;2;3;1;55;86;91;105;1.12;1.25;2.37;1;0;1;0;0;0;1;1;0;0;0;1;0;0;-1;-1;-1;-1;-1;-1;-1;-1;-1;0;0;0;0;0;0;0;0;0;0;0;0;0;NorthEast United;Mumbai City;1.73;2.09;0;0;0;0;0;0;0;0;0;0;0;0;0;0;0;5284;22;Y;N;N;N;N;N;N
1152054;5421;5425;2020/2021;complete;61510;1;-1;66,69;27,57;2;2;4;3;4;7;7;0;4;1;0;0;6;5;2;4;8;9;19;10;66;34;4;1;2.7;3;2.5;1.02;1.27;1.91;3.3;6;8.75;3.2;1.74;1.26;1.07;1.71;2;3.5;1.25;0;0;1.56;1.34;1.39;3;2.25;3.4;2.6;2.4;3;0;0;0;1.5;1.87;2.4;0;0;2.45;1.87;1.53;0;2.35;6.5;2;2.1;9.25;1.83;4.6;3.9;1.36;2.63;7;19;3;1.44;1.1;1.02;1.2;1.91;4;11;4.33;1.8;1.22;1.05;0;0;0;0;4;0;1;2;1;3;1;2020-11-22 14:00:00;-1;0;0;0;0;0;1;1;0;1;3;3;1;6;1;1;3;0;2;3;1;55;50;100;73;1.33;1.28;2.61;0;0;0;0;0;0;1;1;0;0;0;0;0;0;-1;-1;-1;-1;-1;-1;-1;-1;-1;0;0;0;0;0;0;0;0;0;0;0;0;0;Goa;Bengaluru;1.36;1.5;0;0;0;0;0;0;0;0;0;0;0;0;0;0;0;5284;20;Y;Y;Y;Y;N;N;Y
1152055;5419;674110;2020/2021;complete;61510;1;-1;;34;0;1;1;1;9;10;1;3;5;1;0;0;4;5;3;10;7;15;19;14;45;55;5;1;2;3.6;3;1.03;1.2;1.65;2.63;4.5;15;4.33;2.2;1.44;1.18;1.57;2.25;0;0;0;0;0;0;0;2.75;2.3;3.5;2.4;0;3.1;0;0;0;0;0;0;0;0;0;0;0;0;0;0;0;1.67;0;2.2;0;0;1.3;2.5;6;17;3.4;1.5;1.13;1.03;1.17;1.8;3.5;9;5;1.91;1.29;1.07;0;0;0;0;1;0;1;0;0;0;1;2020-11-23 14:00:00;674110;0;0;0;0;0;1;1;1;5;0;3;6;3;1;0;4;1;1;5;1;44;66;95;96;1.05;1.77;2.82;0;1;0;1;0;0;1;1;0;0;0;3;0;0;-1;-1;-1;-1;-1;-1;-1;-1;-1;0;0;0;0;0;0;0;0;0;0;0;0;0;Odisha FC;Hyderabad;0.5;1.5;0;0;0;0;0;0;0;0;0;0;0;0;0;0;0;5284;20;Y;N;N;N;N;N;N
1152056;5424;5417;2020/2021;complete;61510;1;-1;37;1,26;1;2;3;2;8;10;1;2;0;3;0;0;2;5;5;2;7;7;8;19;56;44;0;3;2.9;3.4;2.15;1.01;1.2;1.71;2.8;4.95;10.5;3.75;2;1.36;1.11;1.61;2.15;4.25;1.17;0;0;1.71;1.29;1.37;3.6;2.3;2.75;3.25;2.65;2.4;0;0;1.22;1.45;1.77;2.25;3;4;2.65;2;1.6;1.36;2.53;5.6;1.87;2.15;14;1.75;6.5;3.9;1.34;2.65;5.75;14;3.34;1.49;1.11;1.03;1.17;1.95;3.8;8;4.4;1.78;1.23;1.06;0;0;0;0;3;1;2;0;0;0;3;2020-11-24 14:00:00;5417;0;0;0;0;0;-1;1;-1;-1;-1;-1;-1;-1;0;1;0;2;1;2;1;65;63;135;133;1.07;1.26;2.33;0;1;0;1;0;0;1;1;0;1;-1;-1;0;0;-1;-1;-1;-1;-1;-1;-1;-1;-1;0;0;0;0;0;0;0;0;0;0;0;0;0;Jamshedpur;Chennaiyin;1.1;1.3;0;0;0;0;0;0;0;0;0;0;0;0;0;0;0;5284;20;Y;Y;Y;N;N;N;Y
1152057;5421;5416;2020/2021;complete;61510;2;-1;;90;0;1;1;3;5;8;3;0;3;3;1;0;3;4;7;9;10;13;12;14;43;57;5;3;1.83;3.75;3.4;1;1.15;1.53;2.35;4.05;13;4.4;2.25;1.49;1.17;1.51;2.3;3.2;1.29;0;0;1.19;1.2;2.05;2.35;2.35;3.8;2.15;2.8;3.5;0;0;0;1.24;1.53;1.87;2.4;0;3.85;2.4;1.87;1.53;1.51;7.5;3.58;1.65;19;2.25;3.65;6;1.28;2.25;4.8;11;3.4;1.58;1.15;1.03;1.15;1.75;3.3;6.5;4.75;1.95;1.29;1.08;0;0;0;0;1;0;0;0;1;1;0;2020-11-25 14:00:00;5416;0;50;0;50;0;1;1;2;2;1;3;4;4;2;2;2;1;4;3;1;63;77;107;105;1.3;1.66;2.96;0;1;0;1;0;0;1;1;0;0;1;0;0;0;-1;-1;-1;-1;-1;-1;-1;-1;-1;0;50;50;50;100;0;50;100;50;11;7;8;2.5;Goa;Mumbai City;1.36;2.09;1;0;1;0;100;50;50;50;0;50;50;50;1.33;1.25;2.58;5284;22;Y;N;N;N;N;N;N
1152058;5422;5420;2020/2021;complete;61510;2;-1;5,45;51,90;2;2;4;1;9;10;0;2;2;1;0;0;3;5;3;7;6;12;18;20;51;49;2;1;2.25;3.1;2.9;1.02;1.25;1.83;3.15;5.75;9.25;3.35;1.83;1.29;1.08;1.67;2;2.9;1.36;0;0;1.4;1.33;1.57;2.6;2.2;4.33;2.25;2.3;3.6;0;0;1.25;1.46;1.8;2.46;3.25;3.7;2.64;1.91;1.52;1.3;1.7;5.5;2.96;1.73;9;2.2;3.65;4.75;1.36;2.75;7;21;3;1.4;1.1;1.02;1.22;2;4.33;11;4;1.73;1.2;1.05;0;0;0;0;4;2;0;0;2;2;2;2020-11-26 14:00:00;-1;0;0;0;0;0;1;1;1;4;0;5;5;5;1;0;1;1;1;2;1;51;79;94;111;0.97;1.68;2.65;1;1;1;0;0;1;1;1;1;0;0;0;0;0;-1;-1;-1;-1;-1;-1;-1;-1;-1;0;0;0;0;50;0;0;50;0;6;0;2;0.5;Kerala Blasters;NorthEast United;1.1;1.36;0;0;0;3;50;50;50;50;0;50;0;0;0.97;0;0.97;5284;20;Y;Y;Y;Y;N;N;Y
1152059;5430;688913;2020/2021;complete;61510;2;-1;;49,85;0;2;2;5;5;10;1;0;3;2;0;0;3;5;12;8;15;13;14;15;67;33;3;2;3.15;3.35;2.05;1.05;1.29;1.85;3.25;6.5;12;3.5;1.95;1.33;1.11;1.74;2.03;3.75;1.22;0;0;1.71;1.27;1.28;3.75;2.25;2.75;3.66;2.51;2.41;0;0;1.2;1.37;1.62;2.03;2.67;4.25;2.95;2.21;1.73;1.45;2.67;7.5;1.72;2.44;8.1;1.77;5.25;3.25;1.37;2.65;6.9;15;2.88;1.43;1.07;1.02;1.23;2.07;4.48;9;3.7;1.69;1.16;1.05;0;0;0;0;2;0;0;0;2;2;0;2020-11-27 14:00:00;688913;0;0;0;0;0;1;1;2;3;3;2;5;5;1;1;2;1;2;3;1;68;63;94;74;1.64;1.62;3.26;0;0;0;0;0;0;1;1;0;0;0;1;0;0;-1;-1;-1;-1;-1;-1;-1;-1;-1;0;0;0;0;50;0;0;50;0;3;2;2;0.5;East Bengal;ATK Mohun Bagan;0.8;1.33;0;3;0;3;50;50;50;50;0;50;0;0;0;0.95;0.95;5284;20;Y;Y;N;N;N;N;N
1152060;5425;674110;2020/2021;complete;61510;2;-1;;;0;0;0;2;3;5;1;3;2;0;0;0;2;3;2;7;4;10;10;8;45;55;2;0;1.62;3.5;5.5;1.05;1.25;1.8;3;6;11;3.75;2;1.36;1.13;1.73;2;2.45;1.49;0;0;1.16;1.23;2.05;2.38;2.25;4.75;1.91;2.65;4.5;0;0;1.2;1.42;1.7;2.16;2.8;4.25;2.75;2.1;1.65;1.4;1.44;6;4.06;1.44;13;2.88;2.85;7;1.36;2.63;7;19;3;1.44;1.1;1.02;1.2;1.91;4;11;4.33;1.8;1.22;1.05;0;0;0;0;0;0;0;0;0;0;0;2020-11-28 14:00:00;-1;0;0;0;0;0;1;1;1;2;1;1;3;2;1;0;1;0;1;1;1;31;36;89;84;0.63;1.11;1.74;0;0;0;0;0;0;1;1;0;0;0;0;0;0;-1;-1;-1;-1;-1;-1;-1;-1;-1;0;0;0;0;50;0;50;0;0;9;3;1;0.5;Bengaluru;Hyderabad;0.7;1.5;0;3;1;3;50;50;50;50;0;50;50;0;0;1.77;1.77;5284;20;N;N;N;N;N;N;N
1152061;5424;5419;2020/2021;complete;61510;2;-1;12,27;77,90;2;2;4;3;5;8;3;0;0;4;1;0;4;6;5;10;9;16;15;14;43;57;2;4;2.4;3.4;2.5;1.05;1.25;1.75;3;6;12;3.6;1.96;1.36;1.13;1.65;2.1;3.35;1.27;0;0;1.4;1.28;1.5;3.4;2.2;3;2.65;2.5;2.9;0;0;1.2;1.38;1.67;2.12;2.85;4.25;2.88;2.12;1.66;1.38;1.97;6.5;2.39;1.95;13;1.95;4.05;4.5;1.38;2.65;6;14;2.85;1.42;1.1;1.02;1.22;2;4;11;3.8;1.74;1.2;1.05;0;0;0;0;4;2;0;0;2;2;2;2020-11-29 11:30:00;-1;0;50;50;0;0;1;1;1;1;2;4;2;6;0;1;1;3;1;4;1;59;76;87;87;1.28;1.97;3.25;1;0;1;0;0;0;1;1;0;0;1;0;0;0;-1;-1;-1;-1;-1;-1;-1;-1;-1;0;0;50;50;50;50;50;0;0;2;1;0;1.5;Jamshedpur;Odisha FC;1.1;0.7;0;0;0;0;50;50;0;0;0;50;50;0;1.07;0;1.07;5284;20;Y;Y;Y;Y;N;N;Y
1152062;5417;5422;2020/2021;complete;61510;3;-1;;;0;0;0;6;5;11;6;2;1;3;0;0;3;2;7;7;10;9;17;15;41;59;1;3;2.05;3.35;3.15;1.01;1.24;1.77;2.95;5.5;9.75;3.5;1.91;1.32;1.1;1.67;2.05;2.8;1.38;0;0;1.3;1.28;1.8;2.5;2.25;4.5;2.25;2.5;3.6;0;0;1.27;1.5;1.9;2.45;3.4;3.55;2.48;1.9;1.5;1.29;1.59;7;3.24;1.53;10;2.63;3.3;5.5;1.38;2.7;6;15;2.85;1.42;1.09;1.02;1.22;2;4;11;3.8;1.71;1.2;1.05;0;0;0;0;0;0;0;0;0;0;0;2020-11-29 14:00:00;-1;0;0;0;0;0;1;1;1;4;5;1;5;6;1;1;0;2;2;2;1;54;39;92;82;1.24;1;2.23;1;0;0;0;1;0;1;1;0;0;0;0;0;0;-1;-1;-1;-1;-1;-1;-1;-1;-1;0;0;0;0;0;0;0;0;0;0;0;0;0;Chennaiyin;Kerala Blasters;0.7;0.6;0;0;3;0.5;0;0;0;0;0;0;0;0;0;0;0;5284;20;N;N;N;N;N;N;N
1152063;5421;5420;2020/2021;complete;61510;3;-1;43;40;1;1;2;7;2;9;1;0;0;1;0;0;4;4;13;4;17;8;8;17;75;25;0;1;1.71;3.55;4.2;1.01;1.22;1.74;2.9;5.25;10;3.6;1.95;1.33;1.11;1.69;2;2.6;1.43;0;0;1.27;1.3;1.68;2.63;2.1;4.33;2.3;2.45;3.7;0;0;0;1.24;1.43;1.74;2.2;0;3.85;2.7;2.02;1.62;1.74;8.7;2.38;1.7;10;2.4;3.2;5.25;1.42;2.95;6.75;17;2.65;1.35;1.07;1.01;1.28;2.15;4.74;11;3.4;1.62;1.15;1.03;0;0;0;0;2;1;1;0;0;0;2;2020-11-30 14:00:00;-1;0;75;0;25;0;1;1;1;1;6;1;2;7;0;0;0;1;0;1;1;110;49;143;92;2.15;1.15;3.29;0;1;0;1;0;0;1;1;0;0;1;1;0;0;-1;-1;-1;-1;-1;-1;-1;-1;-1;0;75;75;75;100;50;75;100;75;12;7;5.5;3.25;Goa;NorthEast United;1.36;1.36;0.5;1;0.5;2;100;25;25;25;0;50;50;0;1.32;1.68;3;5284;22;Y;Y;N;N;N;N;Y
1152064;5416;5430;2020/2021;complete;61510;3;-1;20,48,58;;3;0;3;1;5;6;2;4;5;2;0;0;5;3;3;5;8;8;12;12;59;41;5;2;1.91;3.2;3.8;1.02;1.27;1.91;3.3;6;8.75;3.2;1.74;1.26;1.07;1.74;1.91;2.8;1.37;0;0;1.24;1.32;1.68;2.6;2.3;4;2.35;2.52;3.64;0;0;1.2;1.42;1.83;2.35;3.05;4.25;2.76;1.96;1.57;1.35;1.72;5.6;2.86;1.62;10;2.4;3.45;6;1.35;2.62;6.3;13;2.98;1.44;1.08;1.02;1.2;2.05;4.2;9;4;1.7;1.19;1.05;0;0;0;0;3;1;0;2;0;2;1;2020-12-01 14:00:00;5416;0;0;0;0;0;1;1;1;2;0;3;3;3;3;0;2;2;3;4;1;63;75;112;103;1.32;1.26;2.58;1;0;1;0;0;0;1;1;0;0;0;0;1;0;-1;-1;-1;-1;-1;-1;-1;-1;-1;0;0;0;0;0;0;0;0;0;0;0;0;0;Mumbai City;East Bengal;1.83;0.9;0;0;1.5;0;0;0;0;0;0;0;0;0;0;0;0;5284;20;Y;Y;Y;N;N;N;N
1152065;674110;5424;2020/2021;complete;61510;3;-1;50;85;1;1;2;4;3;7;1;2;0;3;0;0;5;3;6;2;11;5;17;21;51;49;0;3;2.83;3.18;2.32;1.01;1.26;1.86;3.01;5.5;11;3.34;1.96;1.33;1.11;1.68;2.1;3.75;1.22;0;0;1.45;1.27;1.32;3.69;2.15;3.19;3.05;2.5;2.6;0;0;1.23;1.44;1.72;2.2;2.9;3.95;2.7;2.05;1.62;1.38;1.92;5.4;2.49;2.05;12;1.85;4.8;3.9;1.42;2.97;6;16;2.89;1.41;1.09;1.02;1.22;2;3.8;9;3.8;1.73;1.22;1.05;0;0;0;0;2;0;0;1;1;2;0;2020-12-02 14:00:00;-1;0;0;0;0;0;1;1;3;1;1;2;4;3;0;1;0;2;1;2;1;68;81;108;103;1.54;1.12;2.66;0;0;0;0;0;0;1;1;0;0;0;0;0;0;-1;-1;-1;-1;-1;-1;-1;-1;-1;0;0;0;0;0;0;0;0;0;0;0;0;0;Hyderabad;Jamshedpur;1.4;1.6;0;0;2;0.5;0;0;0;0;0;0;0;0;0;0;0;5284;20;Y;Y;N;N;N;N;Y
1152066;688913;5419;2020/2021;complete;61510;3;-1;90;;1;0;1;5;5;10;4;0;1;2;0;0;4;2;3;7;7;9;14;12;52;48;1;2;1.7;3.6;4.2;1.05;1.25;1.8;3.25;6;12;3.75;2;1.33;1.13;1.75;1.95;2.45;1.49;0;0;1.2;1.25;1.88;2.4;2.25;4.33;2.05;2.6;4.1;0;0;1.2;1.4;1.68;2.1;2.76;4.25;2.86;2.14;1.7;1.42;1.41;8.6;3.5;1.4;13;3.25;2.85;6.5;1.38;2.65;6;15;2.85;1.42;1.09;1.02;1.2;2.03;4.1;9;4;1.72;1.19;1.05;0;0;0;0;1;0;0;1;0;1;0;2020-12-03 14:00:00;688913;0;50;0;0;0;1;1;1;4;4;1;5;5;1;1;0;1;2;1;1;74;64;90;86;1.26;1.17;2.43;0;0;0;0;0;0;1;1;0;0;0;0;1;1;-1;-1;-1;-1;-1;-1;-1;-1;-1;0;50;50;50;50;50;50;50;50;5;0;4;2;ATK Mohun Bagan;Odisha FC;2.55;0.7;0;1;3;0.5;50;0;0;0;0;0;0;0;0;1.97;1.97;5284;20;Y;N;N;N;N;N;N
1152067;5417;5425;2020/2021;complete;61510;4;-1;;56;0;1;1;3;5;8;2;1;3;2;0;0;5;6;9;3;14;9;12;14;45;55;3;2;2.65;2.7;2.8;1.04;1.35;2.15;3.85;7.25;7.75;2.8;1.61;1.19;1.04;1.83;1.83;3.3;1.27;0;0;1.35;1.38;1.45;3;2.2;3.5;2.75;2.4;3.05;0;0;1.25;1.41;1.75;2.21;2.9;3.6;2.79;2.05;1.64;1.38;2;5.4;2.35;1.8;10;2.1;4.4;4.45;1.38;2.7;6.25;15;2.8;1.4;1.09;1.02;1.25;2.15;4.06;9;3.6;1.62;1.2;1.05;0;0;0;0;1;0;0;0;1;1;0;2020-12-04 14:00:00;5425;0;50;0;50;0;1;1;0;4;3;1;4;4;1;1;2;1;2;3;1;59;62;106;104;1.66;1.44;3.11;0;1;0;1;0;0;1;1;0;0;0;0;0;1;-1;-1;-1;-1;-1;-1;-1;-1;-1;0;50;50;50;50;0;50;50;50;10;6;2;2;Chennaiyin;Bengaluru;0.7;1.5;1;1;2;1;100;50;50;50;50;50;50;50;1.24;1.28;2.52;5284;20;Y;N;N;N;N;N;N
1152068;5420;5430;2020/2021;complete;61510;4;-1;33,90;;2;0;2;2;7;9;1;2;1;2;0;0;5;2;1;7;6;9;18;5;36;64;1;2;2.25;3.15;2.95;1.03;1.3;2;3.5;6.5;8.25;3;1.69;1.24;1.06;1.8;1.87;2.9;1.35;0;0;1.39;1.33;1.57;3.1;2.1;3.5;2.7;2.35;3;0;0;1.22;1.42;1.74;2.23;3;4;2.75;2.02;1.61;1.35;2.1;5.4;2.22;1.8;8.5;2.2;3.75;4.45;1.43;3.05;7.75;17;2.7;1.34;1.06;1.02;1.25;2.2;4.9;10;3.6;1.59;1.14;1.04;0;0;0;0;2;1;0;1;0;1;1;2020-12-05 14:00:00;5420;0;0;0;0;0;1;1;1;6;1;1;7;2;1;0;0;2;1;2;1;34;67;69;95;0.98;1.2;2.18;0;0;0;0;0;0;1;1;0;0;0;0;1;0;-1;-1;-1;-1;-1;-1;-1;-1;-1;0;0;50;50;100;0;50;100;50;9;7;4;2;NorthEast United;East Bengal;1.73;0.9;3;0;1.67;0;100;100;50;50;0;50;50;50;1.12;1.26;2.38;5284;20;Y;Y;N;N;N;N;N
1152069;5416;5419;2020/2021;complete;61510;4;-1;30,45;;2;0;2;9;4;13;1;0;2;3;0;0;4;2;7;3;11;5;12;6;72;28;2;3;1.68;3.35;3.98;1.01;1.24;1.64;2.55;5.5;11;3.62;2.18;1.47;1.11;1.63;2.22;2.7;1.39;0;0;1.18;1.22;2.03;2.3;2.3;4.75;2.13;2.67;3.96;0;0;1.18;1.34;1.61;2.02;2.7;4.5;3.1;2.23;1.74;1.44;1.59;8.5;2.76;1.55;14;2.55;3.15;7;1.3;2.39;5.2;13;3.26;1.52;1.11;1.03;1.22;1.9;3.64;7.5;3.8;1.82;1.24;1.06;0;0;0;0;2;2;0;0;0;0;2;2020-12-06 11:30:00;5416;0;25;0;0;0;1;1;2;2;7;2;4;9;0;0;2;3;0;5;1;81;43;104;65;1.56;0.77;2.33;1;0;1;0;0;0;1;1;0;0;0;1;0;0;-1;-1;-1;-1;-1;-1;-1;-1;-1;0;25;75;75;100;25;75;100;75;6;2;8;2.75;Mumbai City;Odisha FC;1.83;0.7;3;0.5;2;0.33;100;75;25;25;0;25;25;0;1.32;1.57;2.89;5284;20;Y;Y;N;N;N;N;N
1152070;5421;5422;2020/2021;complete;61510;4;-1;30,52,90;90;3;1;4;3;3;6;6;1;0;3;0;1;6;3;9;5;15;8;15;18;51;49;0;4;1.74;3.25;4.5;1.02;1.26;1.87;3.2;6;9;3.25;1.8;1.27;1.08;1.8;1.87;2.4;1.5;0;0;1.14;1.24;2.11;2.2;2.25;5.5;2.04;2.52;4.8;0;0;1.22;1.41;1.73;2.23;3;3.95;2.75;2.02;1.6;1.35;1.61;8.3;2.71;1.58;10.5;2.65;2.95;6.75;1.39;2.81;6.2;16;2.81;1.39;1.09;1.01;1.29;2.19;4.4;13;3.4;1.62;1.17;1.04;0;0;0;0;4;1;0;2;1;3;1;2020-12-06 14:00:00;5421;0;34;17;17;0;1;1;2;1;1;2;3;3;0;2;0;2;2;2;1;63;59;105;109;1.82;1.15;2.97;0;0;0;0;0;0;1;1;0;0;1;0;0;0;-1;-1;-1;-1;-1;-1;-1;-1;-1;0;17;17;34;50;17;34;34;17;9.33;5.67;6;1.17;Goa;Kerala Blasters;1.36;0.6;0.67;1;0.67;0.67;100;84;84;67;50;67;50;50;1.59;1;2.59;5284;20;Y;Y;Y;Y;N;N;Y
1152072;5425;5420;2020/2021;complete;61510;5;-1;13,70;4,78;2;2;4;7;0;7;1;5;2;6;0;0;5;5;14;2;19;7;13;20;65;35;2;6;1.95;3.2;3.8;1.06;1.27;2.05;3.75;8;10;3.4;1.73;1.25;1.08;1.85;1.85;2.45;1.49;0;0;1.22;1.3;1.75;2.45;2.1;4.5;2.2;2.45;4;0;0;1.21;1.38;1.77;2;2.7;4.2;2.85;2.03;1.8;1.44;1.51;7.5;3.52;1.62;10;2.5;3;6;1.42;2.9;6.75;15;2.65;1.35;1.07;1.02;1.3;2.24;4.74;10;3.4;1.59;1.15;1.04;0;0;0;0;4;1;1;1;1;2;2;2020-12-08 14:00:00;-1;0;50;25;0;0;1;1;5;0;2;0;5;2;2;2;0;4;4;4;1;73;35;105;78;2.07;1.05;3.12;0;0;0;0;0;0;1;1;0;1;1;0;0;0;-1;-1;-1;-1;-1;-1;-1;-1;-1;0;25;25;50;50;50;50;25;25;7.5;2;3;1.5;Bengaluru;NorthEast United;0.7;1.36;1;1;1.67;2;100;75;75;50;50;50;25;0;0.63;1.41;2.04;5284;20;Y;Y;Y;Y;N;N;Y
1152073;5416;5417;2020/2021;complete;61510;5;-1;45,75;40;2;1;3;1;7;8;2;2;5;4;0;0;4;4;3;12;7;16;15;7;54;46;5;4;2.05;3.05;3.4;1.02;1.26;1.87;3.2;6;9;3.25;1.8;1.27;1.08;1.71;2;2.7;1.39;0;0;1.23;1.3;1.72;2.5;2.15;4.1;2.25;2.5;3.8;0;0;1.18;1.34;1.61;2.02;2.65;4.6;3.1;2.23;1.74;1.44;1.72;5.6;2.86;1.65;11.5;2.4;3.35;6.25;1.35;2.65;6;13;2.9;1.42;1.1;1.02;1.25;2.05;4;9;3.6;1.7;1.2;1.05;0;0;0;0;3;1;1;1;0;1;2;2020-12-09 14:00:00;5416;0;50;50;0;0;1;1;1;4;0;3;5;3;0;2;5;2;2;7;1;49;84;74;87;1.08;1.89;2.97;0;0;0;0;0;0;1;1;0;0;0;1;0;0;-1;-1;-1;-1;-1;-1;-1;-1;-1;0;0;75;100;100;75;100;25;25;13;3.5;6.5;2.75;Mumbai City;Chennaiyin;1.83;1.3;3;3;2.25;1.33;100;100;25;0;0;75;75;25;1.44;1.26;2.7;5284;20;Y;Y;Y;N;N;N;Y
1152074;5430;5424;2020/2021;complete;61510;5;-1;;;0;0;0;2;5;7;3;4;3;3;1;1;2;4;3;11;5;15;11;20;31;69;4;4;2.85;3.1;2.3;1.02;1.27;1.91;3.25;6;9;3.25;1.77;1.26;1.07;1.71;2;3.9;1.2;0;0;1.7;1.29;1.27;4.33;2.2;2.63;3.6;2.45;2.38;0;0;1.3;1.54;2;2.7;3.65;3.3;2.42;1.8;1.44;1.26;2.17;5.3;2.17;2.6;11;1.57;5.25;3.35;1.33;2.8;6.5;15;2.95;1.38;1.08;1.02;1.2;2.07;4.4;13;4;1.66;1.17;1.04;0;0;0;0;0;0;0;0;0;0;0;2020-12-10 14:00:00;-1;0;50;0;50;0;1;1;0;3;2;2;3;4;2;1;2;3;3;5;1;56;93;73;104;0.86;1.89;2.76;0;0;0;0;0;0;1;1;0;0;0;2;0;1;-1;-1;-1;-1;-1;-1;-1;-1;-1;0;0;0;100;100;0;0;100;100;8;3;6;2;East Bengal;Jamshedpur;0.8;1.6;0;1;0;1.25;100;100;100;0;0;50;50;0;1.64;1.12;2.76;5284;20;N;N;N;N;N;N;N
1152075;688913;674110;2020/2021;complete;61510;5;-1;54;65;1;1;2;4;4;8;2;0;3;2;0;0;8;2;4;10;12;12;17;6;39;61;3;2;1.53;3.6;6;1.1;1.44;2.35;4.33;10;7.5;2.63;1.57;1.2;1.06;2.44;1.53;1.83;1.87;0;0;1.12;1.24;2.15;2.25;2.1;6.5;1.9;2.45;5.75;0;0;1.27;1.5;1.83;2.39;3.4;3.55;2.51;1.92;1.54;1.29;1.45;7.4;3.84;1.44;8.5;3.25;2.2;6.75;1.48;3.2;7.5;18;2.45;1.3;1.05;1.01;1.31;2.25;5.5;13;3.2;1.56;1.11;1.02;0;0;0;0;2;0;0;1;1;2;0;2020-12-11 14:00:00;-1;0;0;0;0;0;1;1;2;0;2;4;2;6;3;2;0;0;5;0;1;82;71;106;102;1.91;1.41;3.32;0;1;0;1;0;0;1;1;0;0;1;0;0;0;-1;-1;-1;-1;-1;-1;-1;-1;-1;0;0;0;0;75;0;25;50;0;11;7;1.5;0.75;ATK Mohun Bagan;Hyderabad;2.55;1.5;3;2;2.25;1.67;100;100;100;100;25;75;75;0;1.26;1.44;2.7;5284;20;Y;Y;N;N;N;N;Y
1152076;5419;5421;2020/2021;complete;61510;5;-1;;45;0;1;1;1;8;9;0;2;2;2;0;0;0;10;5;8;5;18;9;18;28;72;2;2;4;3.75;1.75;1.03;1.23;1.53;2.3;4;17;3.77;2.34;1.55;1.22;1.53;2.38;5.75;1.1;0;0;1.95;1.23;1.2;4.33;2.4;2.3;4;2.8;2;0;0;1.23;1.44;1.75;2.3;2.9;3.95;2.7;2.05;1.59;1.38;3.28;7.3;1.5;2.6;19;1.5;7;3.25;1.29;2.25;5.5;15;3.5;1.57;1.14;1.03;1.14;1.73;3.4;8;5.5;2;1.3;1.08;0;0;0;0;1;0;1;0;0;0;1;2020-12-12 14:00:00;5421;0;0;0;0;0;1;1;0;2;1;6;2;7;1;1;1;1;2;2;1;37;111;78;129;0.59;2.63;3.22;0;0;0;0;0;0;1;1;0;0;0;0;0;1;-1;-1;-1;-1;-1;-1;-1;-1;-1;0;0;0;0;50;0;50;0;0;1;1;5;0.5;Odisha FC;Goa;0.5;1.64;0;0;0.25;1.25;50;50;50;50;0;50;50;0;1.05;0;1.05;5284;20;Y;N;N;N;N;N;N
1152077;5420;5417;2020/2021;complete;61510;6;-1;;;0;0;0;9;4;13;2;2;2;0;0;0;4;3;4;6;8;9;9;8;38;62;2;0;3.8;3.5;1.8;1.02;1.26;1.87;3.2;6;9;3.25;1.8;1.27;1.07;1.8;1.87;3.85;1.21;0;0;1.62;1.28;1.3;3.9;2.1;2.7;3.4;2.5;2.4;0;0;1.18;1.34;1.61;2.02;2.65;4.6;3.1;2.23;1.74;1.44;2.48;7.7;1.74;2.25;11;1.75;5;3.3;1.4;2.85;6.5;16;2.7;1.38;1.08;1.02;1.22;2.17;4.5;10;3.8;1.63;1.17;1.04;0;0;0;0;0;0;0;0;0;0;0;2020-12-13 11:30:00;-1;0;50;50;0;0;1;1;5;2;4;2;7;6;1;0;1;0;1;1;1;59;67;77;89;1.21;1.26;2.48;0;0;0;0;0;0;1;1;0;0;1;2;0;0;-1;-1;-1;-1;-1;-1;-1;-1;-1;0;0;50;75;100;50;75;75;0;10.5;4;5;2.25;NorthEast United;Chennaiyin;1.73;1.3;3;1.5;1.8;1;100;100;50;25;0;75;50;25;1.05;1.58;2.63;5284;20;N;N;N;N;N;N;N
1152078;5425;5422;2020/2021;complete;61510;6;-1;29,51,53,65;17,61;4;2;6;8;3;11;0;6;4;3;0;0;7;4;8;2;15;6;12;15;51;49;4;3;1.61;3.65;4.75;1.01;1.23;1.77;2.95;5.5;9.75;3.5;1.91;1.31;1.1;1.74;1.95;2.5;1.45;0;0;1.19;1.25;1.95;2.2;2.25;4.7;2;2.65;4.3;0;0;1.36;1.66;2.12;2.88;4.1;3;2.15;1.66;1.38;1.22;1.54;7.7;3.04;1.55;13;2.6;2.95;6.75;1.35;2.55;5.75;14;3;1.45;1.1;1.02;1.19;2.02;3.9;11;4.2;1.73;1.21;1.05;0;0;0;0;6;1;1;3;1;4;2;2020-12-13 14:00:00;5425;0;50;25;50;0;1;1;3;1;5;2;4;7;2;0;2;3;2;5;1;63;50;95;75;1.89;1.02;2.91;1;0;0;0;1;0;1;1;0;0;1;0;0;0;-1;-1;-1;-1;-1;-1;-1;-1;-1;0;50;50;50;50;25;50;50;50;8.5;2.5;5.5;2;Bengaluru;Kerala Blasters;0.7;0.6;1;0.5;1.5;0.5;100;50;50;50;50;25;25;25;1.35;1.07;2.42;5284;20;Y;Y;Y;Y;Y;Y;Y
1152079;5416;5424;2020/2021;complete;61510;6;-1;15;9;1;1;2;8;4;12;5;2;1;1;0;1;5;2;10;4;15;6;8;12;70;30;1;2;1.8;3.25;4.1;1.02;1.26;1.87;3.2;6;9;3.25;1.8;1.27;1.07;1.77;1.91;2.55;1.44;0;0;1.2;1.28;1.8;2.5;2.25;4.33;2.15;2.55;4;0;0;1.27;1.5;1.85;2.45;3.4;3.55;2.48;1.95;1.5;1.29;1.77;5.5;2.77;1.57;11.5;2.6;3.05;6.25;1.38;2.7;6.25;16;2.85;1.4;1.09;1.02;1.25;2.11;4.28;9;3.74;1.66;1.18;1.05;0;0;0;0;2;1;1;0;0;0;2;2020-12-14 14:00:00;-1;0;42;17;25;0;1;1;4;3;4;1;7;5;0;2;1;0;2;1;1;111;65;147;107;2.1;1;3.1;0;0;0;0;0;0;1;1;0;1;0;0;0;0;-1;-1;-1;-1;-1;-1;-1;-1;-1;0;0;34;75;75;34;50;59;42;7.67;4.67;7.5;1.84;Mumbai City;Jamshedpur;1.83;1.6;3;1;2.4;1.2;100;100;67;25;25;17;17;17;1.32;1.51;2.83;5284;20;Y;Y;N;N;N;N;Y
1152080;674110;5430;2020/2021;complete;61510;6;-1;56,56,68;26,81;3;2;5;7;1;8;1;1;0;5;0;0;9;3;10;3;19;6;21;17;48;52;0;5;2.25;3;3.1;1.1;1.5;2.4;5;11;7;2.5;1.53;1.17;1.05;2.14;1.65;2.5;1.45;0;0;1.25;1.32;1.52;3.25;1.91;4;2.7;2.2;3.55;0;0;1.27;1.5;1.87;2.41;3.4;3.55;2.45;1.87;1.53;1.29;1.97;6.7;2.2;1.8;7.75;2.3;3.35;4.1;1.47;3.65;8;17;2.48;1.23;1.05;1.01;1.3;2.65;5.8;12;3.1;1.4;1.1;1.03;0;0;0;0;5;0;1;3;1;4;1;2020-12-15 14:00:00;674110;0;50;0;50;0;1;1;6;0;1;1;6;2;0;0;0;5;0;5;1;71;45;81;83;2.33;0.92;3.25;1;0;0;0;1;0;1;1;0;0;0;0;0;0;-1;-1;-1;-1;-1;-1;-1;-1;-1;0;0;25;100;100;0;50;100;75;10;4;2;2.25;Hyderabad;East Bengal;1.4;0.9;1;0;1.5;0.25;100;100;75;0;0;25;0;0;1.54;1.23;2.77;5284;20;Y;Y;Y;Y;Y;N;Y
1152081;688913;5421;2020/2021;complete;61510;6;-1;85;;1;0;1;0;4;4;0;1;3;0;0;0;6;5;4;5;10;10;13;15;27;73;3;0;3.15;3.2;2.1;1.02;1.26;1.87;3.2;6;8.75;3.3;1.8;1.27;1.08;1.69;2;3.45;1.25;0;0;1.58;1.32;1.3;3.75;2.1;2.88;3.4;2.4;2.5;0;0;1.26;1.47;1.8;2.3;3.05;3.5;2.55;1.95;1.57;1.35;2.4;6;1.71;2.3;9.25;1.67;4.7;3.6;1.44;3;9;23;2.63;1.36;1.07;1.01;1.25;2.2;5;13;3.75;1.62;1.17;1.04;0;0;0;0;1;0;0;1;0;1;0;2020-12-16 14:00:00;688913;0;25;0;25;0;1;1;0;1;0;3;1;3;2;0;1;0;2;1;1;46;69;73;133;1.38;1.49;2.88;1;0;1;0;0;0;1;1;0;0;0;0;0;0;-1;-1;-1;-1;-1;-1;-1;-1;-1;0;0;0;25;100;0;50;50;25;12.5;5;4;1.25;ATK Mohun Bagan;Goa;2.55;1.64;2;3;2;1.6;100;100;100;75;0;75;25;0;1.58;2.63;4.21;5284;22;Y;N;N;N;N;N;N
1152082;5419;5425;2020/2021;complete;61510;7;-1;71;38,79;1;2;3;4;4;8;3;1;1;3;0;0;4;4;2;6;6;10;13;11;44;56;1;3;4.1;3.5;1.72;1.05;1.24;1.95;3.25;6.5;11;3.62;1.75;1.3;1.11;1.87;1.87;4.7;1.14;0;0;1.9;1.25;1.19;4.33;2.2;2.5;4.65;2.45;1.95;0;0;1.23;1.42;1.74;2.23;3.05;3.95;2.75;2.02;1.6;1.35;3.9;6.5;1.32;2.75;9.25;1.53;6.5;2.65;1.38;2.9;7;16;2.85;1.37;1.07;1.02;1.21;2;4.3;10;3.9;1.71;1.18;1.04;0;0;0;0;3;0;1;1;1;2;1;2020-12-17 14:00:00;5425;0;25;0;25;0;1;1;1;2;3;2;3;5;0;1;1;2;1;3;1;69;73;105;112;1.17;1.44;2.61;0;0;0;0;0;0;1;1;0;0;0;1;0;0;-1;-1;-1;-1;-1;-1;-1;-1;-1;0;25;25;25;100;0;75;50;25;5.5;1;5;1.75;Odisha FC;Bengaluru;0.5;1.5;0;2;0.2;1.8;100;75;75;75;0;50;25;0;0.82;1.36;2.18;5284;20;Y;Y;Y;N;N;N;Y
1152083;5420;5424;2020/2021;complete;61510;7;-1;;53;0;1;1;2;1;3;6;0;2;4;0;0;0;2;9;8;9;10;19;18;47;53;2;4;2.55;2.9;2.7;1.06;1.37;2.2;3.95;7.5;7;2.75;1.57;1.18;1.04;1.91;1.71;3.3;1.28;0;0;1.32;1.32;1.52;2.75;2.25;3.75;2.55;2.5;3.15;0;0;1.27;1.5;1.85;2.45;3.4;3.55;2.48;1.95;1.5;1.29;1.91;5.75;2.15;1.67;11.5;2.3;4.15;4.65;1.38;2.65;6;14;2.85;1.42;1.09;1.02;1.21;2;4.2;9;3.9;1.71;1.19;1.05;0;0;0;0;1;0;0;0;1;1;0;2020-12-18 14:00:00;5424;0;34;17;17;0;1;1;0;1;2;0;1;2;1;0;1;4;1;5;1;61;72;101;112;1.02;1.3;2.31;1;0;0;0;1;0;1;1;0;0;0;0;0;0;-1;-1;-1;-1;-1;-1;-1;-1;-1;0;0;0;50;67;17;33;50;17;9;4.67;4.67;1.17;NorthEast United;Jamshedpur;1.73;1.6;2.33;1;1.67;1.17;100;100;100;50;33;67;50;50;1.1;1.34;2.44;5284;20;Y;N;N;N;N;N;N
1152084;5421;5417;2020/2021;complete;61510;7;-1;9;5,53;1;2;3;6;8;14;4;1;1;3;0;0;7;8;9;13;16;21;11;18;61;39;1;3;2.05;3.1;3.4;1.03;1.27;1.91;3.25;6;8.75;3.2;1.77;1.27;1.08;1.71;2;2.85;1.36;0;0;1.31;1.29;1.77;2.5;2.3;4.33;2.38;2.52;3.55;0;0;1.17;1.33;1.58;1.98;2.6;4.7;3.15;2.28;1.77;1.46;1.82;7;2.63;1.53;9.75;2.6;3.4;5.25;1.35;2.7;6.75;15;3;1.42;1.08;1.02;1.2;2.05;4.1;9.5;4.2;1.7;1.21;1.06;0;0;0;0;3;1;1;0;1;1;2;2020-12-19 14:00:00;5417;0;71;46;25;0;1;1;2;7;4;1;9;5;0;2;1;1;2;2;1;84;60;97;79;2.1;2.31;4.4;0;0;0;0;0;0;1;1;1;1;0;2;0;1;-1;-1;-1;-1;-1;-1;-1;-1;-1;0;25;59;71;84;46;71;54;25;10.33;6.25;4.58;2.38;Goa;Chennaiyin;1.36;1.3;1.25;1.33;1.33;1;100;75;42;29;17;46;34;17;1.65;1.47;3.12;5284;20;Y;Y;Y;N;N;N;Y
1152085;674110;5416;2020/2021;complete;61510;7;-1;;38,59;0;2;2;3;5;8;0;3;2;3;0;0;0;4;7;5;7;9;14;12;46;54;2;3;3.75;3.3;1.95;1.08;1.44;2.25;4.5;10;8;2.63;1.62;1.18;1.06;2.1;1.67;3.55;1.25;0;0;1.61;1.25;1.18;4.33;2;2.88;3.75;2.3;2.4;0;0;1.27;1.5;1.95;2.48;3.4;3.5;2.45;1.8;1.5;1.29;2.7;6;1.61;2.6;7.5;1.67;5.75;3.1;1.5;3.5;11;41;2.5;1.29;1.05;1.01;1.3;2.5;6;17;3.4;1.5;1.13;1.03;0;0;0;0;2;0;1;0;1;1;1;2020-12-20 11:30:00;5416;0;50;0;50;0;1;1;3;4;0;1;7;1;1;0;1;3;1;4;1;66;57;99;94;0.93;1.27;2.19;0;0;0;0;0;0;1;1;0;0;1;1;0;0;-1;-1;-1;-1;-1;-1;-1;-1;-1;25;25;25;50;100;0;25;100;50;12;1;3.5;2.25;Hyderabad;Mumbai City;1.4;2.09;2;1.5;1.8;2.17;75;75;75;50;0;25;25;25;1.93;1.46;3.39;5284;20;Y;Y;N;N;N;N;N
1152086;5422;5430;2020/2021;complete;61510;7;-1;90;13;1;1;2;9;6;15;1;3;2;4;0;0;2;7;8;2;10;9;7;11;63;37;2;4;2.25;3.1;3;1.03;1.28;1.91;3.3;6;8.25;3.15;1.77;1.26;1.07;1.69;2;2.9;1.34;0;0;1.3;1.32;1.58;2.75;2.1;3.75;2.45;2.45;3.3;0;0;1.36;1.67;2.15;2.95;4.1;2.95;2.12;1.65;1.37;1.21;1.61;5.75;2.75;1.78;10.5;2.2;3.7;5;1.42;2.85;6.5;16;2.7;1.38;1.08;1.02;1.23;2.19;4.5;10;3.9;1.62;1.18;1.04;0;0;0;0;2;0;1;1;0;1;1;2020-12-20 14:00:00;-1;0;42;0;17;0;1;1;3;2;6;4;5;10;1;1;1;3;2;4;1;51;47;69;60;1.14;1.4;2.53;0;0;0;0;0;0;1;1;0;0;1;0;0;0;-1;-1;-1;-1;-1;-1;-1;-1;-1;17;42;59;75;100;25;75;100;59;7.83;2.33;5;2.92;Kerala Blasters;East Bengal;1.1;0.9;0.5;0;0.4;0.2;84;59;42;25;0;67;25;0;0.97;1.13;2.1;5284;20;Y;Y;N;N;N;N;Y
1152087;688913;5425;2020/2021;complete;61510;8;-1;33;;1;0;1;1;3;4;3;0;0;2;0;0;4;3;6;4;10;7;12;14;45;55;0;2;2.9;2.8;2.5;1.08;1.49;2.5;4.75;8.75;6;2.4;1.43;1.12;1.02;2;1.69;2.75;1.38;0;0;1.45;1.38;1.35;3.75;1.91;3.5;3.25;2.2;2.9;0;0;1.36;1.62;2.05;2.7;3.2;3;2.2;1.72;1.42;1.31;1.87;5.5;2.25;2.2;6.75;2;4.05;3.6;1.58;3.6;8.5;21;2.25;1.25;1.04;1.01;1.4;2.7;6;15;2.7;1.4;1.09;1.02;0;0;0;0;1;1;0;0;0;0;1;2020-12-21 14:00:00;688913;0;50;0;50;0;1;1;0;1;1;2;1;3;0;2;0;0;2;0;1;63;72;105;126;1.37;1.19;2.56;0;0;0;0;0;0;1;1;0;0;0;0;0;1;-1;-1;-1;-1;-1;-1;-1;-1;-1;0;17;34;50;100;0;34;100;50;7.33;2.67;4.33;2;ATK Mohun Bagan;Bengaluru;2.55;1.5;2.33;2.33;2.17;2;100;84;67;50;0;17;17;0;1.52;1.39;2.91;5284;20;Y;N;N;N;N;N;N
1152088;5419;5420;2020/2021;complete;61510;8;-1;22,67;45,65;2;2;4;3;4;7;0;1;4;3;0;0;5;7;12;13;17;20;19;17;44;56;4;3;3;3;2.3;1.06;1.42;2.3;4.25;8;6.75;2.6;1.51;1.16;1.03;2;1.71;2.85;1.36;0;0;1.43;1.36;1.4;3.6;1.91;3.5;3.15;2.16;3.1;0;0;1.23;1.42;1.72;2.25;3.05;3.95;2.75;2.09;1.62;1.35;2.25;6.5;2.05;2.2;7;1.95;4.05;3.85;1.5;3.65;9.8;19;2.43;1.23;1.03;1.01;1.3;2.63;6.4;13;3.1;1.42;1.09;1.02;0;0;0;0;4;1;1;1;1;2;2;2020-12-22 14:00:00;-1;0;67;34;33;0;1;1;0;4;3;0;4;3;3;1;1;2;4;3;1;45;67;82;85;1.74;2.22;3.97;0;1;0;1;0;0;1;1;0;0;0;2;0;0;-1;-1;-1;-1;-1;-1;-1;-1;-1;0;34;50;67;100;50;100;50;50;5.67;3.66;5.34;2.5;Odisha FC;NorthEast United;0.5;1.36;0;1;0.17;1.43;100;67;50;34;0;67;33;0;0.94;1.29;2.23;5284;20;Y;Y;Y;Y;N;N;Y
1152089;5424;5421;2020/2021;complete;61510;8;-1;33;63,90;1;2;3;3;5;8;0;5;2;1;0;0;2;4;2;7;4;11;19;14;33;67;2;1;3.55;3.3;1.91;1.03;1.29;1.95;3.35;6.25;8.75;3.1;1.74;1.25;1.07;1.77;1.91;4.85;1.13;0;0;1.8;1.27;1.23;4.33;2.2;2.5;3.75;2.6;2.2;0;0;1.27;1.5;1.85;2.45;3.4;3.55;2.48;1.95;1.5;1.29;2.76;7.3;1.64;2.5;13;1.57;6.5;3.15;1.36;2.63;7;19;3;1.44;1.1;1.02;1.2;1.91;4;10;4.33;1.8;1.22;1.06;0;0;0;0;3;1;0;0;2;2;1;2020-12-23 14:00:00;5421;0;50;17;17;0;1;1;1;0;2;5;1;7;0;0;2;1;0;3;1;49;43;63;58;0.75;1.28;2.03;0;1;0;1;0;0;1;1;0;0;0;0;0;0;-1;-1;-1;-1;-1;-1;-1;-1;-1;0;17;50;50;100;34;75;59;34;10.67;3.5;3;2.17;Jamshedpur;Goa;1.1;1.64;1.33;1.5;1.43;1.14;100;84;50;50;0;59;34;17;1.48;2.06;3.54;5284;20;Y;Y;Y;N;N;N;Y
1152090;5430;5417;2020/2021;complete;61510;8;-1;59,68;13,64;2;2;4;9;8;17;1;0;1;0;0;0;4;6;6;15;10;21;14;17;49;51;1;0;4.5;3.75;1.62;1.02;1.26;1.87;3.15;5.75;9.5;3.3;1.8;1.28;1.08;1.87;1.8;4.05;1.17;0;0;1.82;1.25;1.23;4.33;2.2;2.5;4;2.55;2.15;0;0;1.3;1.57;1.85;2.62;3.6;3.35;2.35;1.95;1.46;1.26;3.2;6;1.44;2.63;11.5;1.57;5.5;2.8;1.38;2.81;6.5;15;2.85;1.39;1.08;1.02;1.25;2.18;4.5;10;3.6;1.62;1.17;1.04;0;0;0;0;4;0;1;2;1;3;1;2020-12-26 14:00:00;-1;0;38;38;0;0;1;1;5;2;4;6;7;10;0;0;1;0;0;1;1;58;89;81;109;1.33;2.38;3.71;0;0;0;0;0;0;1;1;0;0;2;0;0;0;-1;-1;-1;-1;-1;-1;-1;-1;-1;0;0;38;63;63;38;38;50;25;10.25;3.75;6;1.63;East Bengal;Chennaiyin;0.8;1.3;0.5;1.75;0.33;1.33;100;100;63;38;38;63;63;25;1.25;1.68;2.93;5284;20;Y;Y;Y;Y;N;N;Y
1152091;5422;674110;2020/2021;complete;61510;8;-1;29,88;;2;0;2;5;3;8;1;0;3;1;0;0;6;6;6;7;12;13;17;10;41;59;3;1;3.8;3.2;1.91;1.08;1.33;2.1;3.75;8;8.5;3.25;1.7;1.25;1.08;1.83;1.83;3.95;1.2;0;0;1.88;1.3;1.25;4.33;2.1;2.63;4;2.38;2.2;0;0;1.38;1.67;2.15;2.83;3.8;2.9;2.15;1.67;1.41;1.24;2.2;6.4;2;2.63;8.5;1.57;5.75;2.8;1.44;3.25;9;26;2.63;1.33;1.07;1.01;1.25;2.2;5;15;3.75;1.62;1.17;1.03;0;0;0;0;2;1;0;1;0;1;1;2020-12-27 14:00:00;5422;0;50;0;17;0;1;1;3;1;2;2;4;4;2;0;1;1;2;2;1;54;68;92;112;1.57;1.74;3.31;0;0;0;0;0;0;1;1;0;0;0;1;0;0;-1;-1;-1;-1;-1;-1;-1;-1;-1;0;17;17;50;84;17;50;67;33;10.66;2.33;3;1.67;Kerala Blasters;Hyderabad;1.1;1.5;0.67;1.67;0.5;1.5;100;84;84;50;17;67;50;17;1.03;1.43;2.46;5284;20;Y;Y;N;N;N;N;N
1152092;5425;5424;2020/2021;complete;61510;9;-1;;79;0;1;1;5;3;8;3;3;4;0;0;0;5;4;4;3;9;7;13;8;56;44;4;0;1.95;2.9;3.95;1.05;1.37;2.25;4.1;7.75;7;2.7;1.54;1.17;1.03;1.91;1.77;2.2;1.59;0;0;1.2;1.28;1.82;2.5;2.1;5;2.1;2.4;4.5;0;0;1.29;1.51;1.98;2.61;3.5;3.4;2.49;1.83;1.47;1.27;1.45;6.25;3.1;1.53;9;3;2.65;6;1.44;3.25;10;26;2.63;1.33;1.06;1.01;1.29;2.25;5.5;15;3.5;1.57;1.14;1.03;0;0;0;0;1;0;0;0;1;1;0;2020-12-28 14:00:00;5424;0;59;46;46;0;1;1;3;2;2;1;5;3;1;0;3;0;1;3;1;77;80;129;119;1.49;1.31;2.8;0;0;0;0;0;0;1;1;0;0;1;0;0;0;-1;-1;-1;-1;-1;-1;-1;-1;-1;17;34;34;59;71;46;46;59;46;8.92;2.67;5.92;2.29;Bengaluru;Jamshedpur;0.7;1.6;1.67;1.5;1.71;1.25;84;67;67;42;29;29;29;29;1.53;1.33;2.86;5284;20;Y;N;N;N;N;N;N
1152093;5417;688913;2020/2021;complete;61510;9;-1;;;0;0;0;7;3;10;2;0;1;1;0;0;9;3;6;9;15;12;12;14;53;47;1;1;2.4;2.85;3;1.06;1.42;2.3;4.2;8;6.75;2.55;1.51;1.16;1.03;1.91;1.77;2.6;1.43;0;0;1.37;1.4;1.51;3.4;1.95;3.6;2.8;2.1;3.35;0;0;1.33;1.6;2;2.57;3.45;3.11;2.26;1.75;1.46;1.28;1.84;7.2;2.36;1.91;6.5;2.3;3.6;4.25;1.53;3.45;9;19;2.4;1.27;1.04;1.01;1.34;2.59;5.9;13;3.04;1.45;1.11;1.02;0;0;0;0;0;0;0;0;0;0;0;2020-12-29 14:00:00;-1;0;17;0;17;0;1;1;2;2;5;1;4;6;0;0;1;1;0;2;1;62;65;90;93;2.02;1.44;3.46;0;0;0;0;0;0;1;1;0;0;0;1;0;0;-1;-1;-1;-1;-1;-1;-1;-1;-1;0;0;17;34;75;0;17;75;34;9.17;5;3.33;1.25;Chennaiyin;ATK Mohun Bagan;0.7;1.33;0.5;2;1.29;2.29;100;100;84;67;25;75;59;42;1.45;1.56;3.01;5284;20;N;N;N;N;N;N;N
1152094;674110;5421;2020/2021;complete;61510;9;-1;58;87,90;1;2;3;5;8;13;1;3;3;0;0;0;7;3;5;10;12;13;19;9;44;56;3;0;4;3.3;1.75;1.07;1.33;2.08;3.75;8;9;3.25;1.73;1.25;1.08;1.87;1.83;4.05;1.19;0;0;1.72;1.3;1.24;4.33;2.05;2.55;3.9;2.4;2.3;0;0;1.35;1.55;2.03;2.73;3.45;3;2.43;1.78;1.44;1.28;3;6;1.5;2.5;8.25;1.7;5.75;3;1.44;2.9;6.75;15;2.6;1.35;1.07;1.02;1.25;2.2;5;13;3.75;1.62;1.17;1.04;0;0;0;0;3;0;0;1;2;3;0;2020-12-30 14:00:00;5421;0;50;0;34;0;1;1;1;3;4;5;4;9;0;0;3;0;0;3;1;70;74;92;105;1.75;1.57;3.32;0;0;0;0;0;0;1;1;0;0;0;1;0;0;-1;-1;-1;-1;-1;-1;-1;-1;-1;17;17;33;67;100;0;67;84;50;10.34;3.34;1.67;2.34;Hyderabad;Goa;1.4;1.64;1.33;2;1.29;1.38;84;84;67;34;0;17;0;0;1.6;1.8;3.4;5284;20;Y;Y;Y;N;N;N;Y
1152095;5416;5422;2020/2021;complete;61510;9;-1;3,11;;2;0;2;1;5;6;1;4;3;2;0;0;4;5;5;14;9;19;12;7;54;46;3;2;1.54;3.4;6;1.03;1.27;1.91;3.25;6;8.25;3.2;1.74;1.26;1.07;1.91;1.77;2.2;1.59;0;0;1.15;1.25;2.05;2.25;2.25;5.5;1.95;2.6;4.9;0;0;1.27;1.5;1.93;2.45;3.4;3.55;2.48;1.88;1.5;1.29;1.3;6.75;3.95;1.4;11.5;3.1;2.6;8.25;1.35;2.65;6;13;2.9;1.42;1.09;1.02;1.19;2.08;4;9;4.2;1.68;1.2;1.05;0;0;0;0;2;2;0;0;0;0;2;2021-01-02 14:00:00;5416;0;59;42;34;0;1;1;1;2;0;3;3;3;1;1;2;1;2;3;1;48;89;85;107;1.2;2.18;3.38;2;0;1;0;1;0;1;1;1;0;0;0;0;0;-1;-1;-1;-1;-1;-1;-1;-1;-1;17;34;59;84;84;54;84;59;46;8.42;5.5;6.58;2.92;Mumbai City;Kerala Blasters;1.83;0.6;2.5;0.33;2.29;0.86;84;67;42;17;17;59;59;59;1.52;1.06;2.58;5284;20;Y;Y;N;N;N;N;N
1152096;5430;5419;2020/2021;complete;61510;9;-1;12,39,88;90;3;1;4;2;8;10;0;2;1;1;0;0;6;8;4;17;10;25;18;11;55;45;1;1;2.65;3.2;2.4;1.03;1.31;2.05;3.6;6.75;8.25;3;1.67;1.22;1.06;1.77;1.91;3.05;1.3;0;0;1.4;1.26;1.53;3.1;2.1;3.5;2.63;2.4;3;0;0;1.27;1.47;1.88;2.51;3;3.4;2.59;1.92;1.5;1.34;1.61;6;2.65;1.8;9;2.2;3.9;4.65;1.4;3;8;21;2.75;1.36;1.08;1.02;1.22;2.1;4.5;13;4;1.67;1.18;1.04;0;0;0;0;4;2;0;1;1;2;2;2021-01-03 11:30:00;5430;0;33;0;17;0;1;1;2;4;0;4;6;4;1;0;0;1;1;1;1;39;76;105;96;1.34;2.67;4.02;0;0;0;0;0;0;1;1;0;0;0;0;1;0;-1;-1;-1;-1;-1;-1;-1;-1;-1;0;33;33;67;84;34;50;67;50;10;1.67;5.67;2.17;East Bengal;Odisha FC;0.8;0.7;0.67;0.33;0.43;0.29;100;67;67;33;17;67;67;33;1.28;1.3;2.58;5284;20;Y;Y;Y;Y;N;N;Y
1152097;688913;5420;2020/2021;complete;61510;10;-1;51,57;;2;0;2;8;3;11;0;1;5;1;0;0;3;0;8;5;11;5;15;14;56;44;5;1;2.05;2.85;3.75;1.07;1.42;2.35;4.25;8;6.5;2.6;1.5;1.16;1.03;1.95;1.71;2.3;1.54;0;0;1.24;1.32;1.65;2.75;1.9;4.5;2.4;2.25;4;0;0;1.38;1.79;2.35;3.15;3.6;2.96;2.02;1.58;1.33;1.24;1.56;5.75;2.9;1.75;7.25;2.55;3.1;5.25;1.55;3.5;8.25;19;2.3;1.25;1.04;1.01;1.34;2.59;6.5;13;3.04;1.45;1.09;1.02;0;0;0;0;2;0;0;2;0;2;0;2021-01-03 14:00:00;688913;0;63;38;38;0;1;1;2;2;6;1;4;7;3;0;2;1;3;3;1;102;60;107;84;1.64;0.76;2.39;0;0;0;0;0;0;1;1;0;0;1;0;0;0;-1;-1;-1;-1;-1;-1;-1;-1;-1;0;38;38;63;100;50;63;75;50;6.25;4.25;4.5;2.38;ATK Mohun Bagan;NorthEast United;2.55;1.36;2.5;1;2.13;1.38;100;63;63;38;0;38;25;0;1.48;1.53;3.01;5284;22;Y;Y;N;N;N;N;N
1152098;5417;674110;2020/2021;complete;61510;10;-1;67;50,53,74,79;1;4;5;7;2;9;2;0;3;0;0;0;4;11;9;7;13;18;11;10;49;51;3;0;2.04;3.18;3.38;1.05;1.33;2.06;3.58;8;8.7;2.96;1.78;1.24;1.06;1.94;1.82;2.55;1.45;0;0;1.27;1.3;1.68;2.64;2.08;4.2;2.42;2.38;3.8;0;0;1.28;1.49;1.95;2.59;3.03;3.3;2.59;1.86;1.49;1.36;1.38;6.25;3.5;1.72;9.75;2.35;3.1;5;1.42;2.93;8.1;17;2.69;1.36;1.06;1.01;1.28;2.3;5.2;11;3.5;1.56;1.14;1.03;0;0;0;0;5;0;0;1;4;5;0;2021-01-04 14:00:00;674110;0;13;0;13;0;1;1;4;1;3;1;5;4;1;0;2;0;1;2;1;92;59;126;116;1.77;2.33;4.1;0;0;0;0;0;0;1;1;0;0;2;0;0;0;-1;-1;-1;-1;-1;-1;-1;-1;-1;0;0;0;25;54;0;25;42;13;10.08;4.83;2.67;0.79;Chennaiyin;Hyderabad;0.7;1.5;0.67;1.25;1.25;1.13;100;100;100;75;46;46;46;17;1.64;1.51;3.15;5284;20;Y;Y;Y;Y;Y;N;Y
1152099;5425;5416;2020/2021;complete;61510;10;-1;79;9,15,84;1;3;4;4;4;8;0;2;2;3;0;1;4;6;4;2;8;8;7;19;45;55;2;4;2.85;3;2.4;1.05;1.36;2.2;3.95;7.5;6.75;2.75;1.57;1.18;1.04;1.87;1.8;2.95;1.34;0;0;1.42;1.32;1.42;3.25;2.05;3.4;2.95;2.35;2.9;0;0;1.29;1.47;1.88;2.5;3.1;3.3;2.59;1.92;1.51;1.31;1.82;6.8;2.43;1.91;8.5;2.1;4;3.8;1.5;3.25;7.5;26;2.45;1.3;1.05;1.01;1.31;2.45;5.5;15;3.2;1.5;1.11;1.03;0;0;0;0;4;0;2;1;1;2;2;2021-01-05 14:00:00;5416;0;25;25;25;0;1;1;1;2;3;2;3;5;0;1;2;3;1;5;1;70;39;90;90;1.29;1.22;2.51;1;0;1;0;0;0;1;1;0;1;0;1;0;0;-1;-1;-1;-1;-1;-1;-1;-1;-1;13;25;25;42;88;25;42;88;25;11.5;2.25;6.33;2.04;Bengaluru;Mumbai City;0.7;2.09;1.25;2;1.5;2.38;88;75;75;59;13;29;29;29;1.52;1.39;2.91;5284;20;Y;Y;Y;Y;N;N;Y
1152100;5430;5421;2020/2021;complete;61510;10;-1;79;81;1;1;2;8;9;17;1;1;5;2;1;0;2;11;5;7;7;18;15;20;33;67;7;2;5.5;3.65;1.54;1.02;1.22;1.77;2.9;5.25;9.5;3.6;1.91;1.33;1.11;1.77;1.91;5.5;1.11;0;0;2.1;1.23;1.15;5;2.25;2.25;4.9;2.65;1.88;0;0;1.25;1.49;1.92;2.54;3.25;3.7;2.56;1.88;1.49;1.3;3.45;6.5;1.38;2.6;13;1.57;7.5;2.65;1.35;2.55;5.75;13;3;1.45;1.1;1.02;1.18;1.95;4.2;9;4.25;1.77;1.2;1.05;0;0;0;0;2;0;0;1;1;2;0;2021-01-06 14:00:00;-1;0;50;0;38;0;1;1;1;8;7;1;9;8;1;1;5;1;2;6;1;51;95;63;79;0.95;2.57;3.52;0;0;0;0;0;0;1;1;0;0;0;1;0;0;-1;-1;-1;-1;-1;-1;-1;-1;-1;0;25;50;63;88;13;50;75;63;10.75;4;3;2.25;East Bengal;Goa;0.8;1.64;1.25;2.25;0.75;1.56;100;75;50;38;13;63;50;25;1.3;1.74;3.04;5284;20;Y;Y;N;N;N;N;Y
1152101;5422;5419;2020/2021;complete;61510;10;-1;7,79;22,42,50,60;2;4;6;6;5;11;1;1;1;0;0;0;10;8;7;10;17;18;14;6;49;51;1;0;2.3;3.15;2.85;1.02;1.25;1.87;3.15;5.75;8.75;3.35;1.8;1.28;1.09;1.67;2.05;2.9;1.33;0;0;1.35;1.29;1.57;2.88;2.1;3.6;2.62;2.41;3.32;0;0;1.27;1.47;1.88;2.51;3;3.4;2.59;1.92;1.5;1.34;1.56;6;2.85;1.88;8.9;2.2;3.55;4.65;1.39;2.81;6.5;14;2.81;1.39;1.08;1.01;1.29;2.2;4.5;11;3.4;1.61;1.17;1.05;0;0;0;0;6;1;2;1;2;3;3;2021-01-07 14:00:00;5419;0;50;0;13;0;1;1;3;2;3;3;5;6;0;0;1;0;0;1;1;97;75;81;86;2.46;2.23;4.68;0;0;0;0;0;0;1;1;1;0;0;1;0;0;-1;-1;-1;-1;-1;-1;-1;-1;-1;0;38;38;75;100;50;75;88;38;10.75;1;4.75;2.5;Kerala Blasters;Odisha FC;1.1;0.7;1.25;0.25;0.75;0.25;100;63;63;25;0;75;63;25;1.16;1.65;2.81;5284;20;Y;Y;Y;Y;Y;Y;Y
1152102;5420;674110;2020/2021;complete;61510;11;-1;45,45;3,36,85,90;2;4;6;4;5;9;4;0;2;4;0;0;7;6;7;8;14;14;16;16;40;60;2;4;3.8;3.25;1.91;1.08;1.33;2.1;3.75;8;8.5;3.25;1.7;1.25;1.08;1.9;1.78;3.6;1.24;0;0;1.75;1.28;1.23;4.33;2.1;2.75;4;2.45;2.25;0;0;1.37;1.67;2.13;2.79;3.8;2.95;2.15;1.68;1.4;1.22;2.4;5.75;1.74;2.6;9.5;1.62;5.75;3.1;1.45;3.05;7;14;2.55;1.32;1.06;1.01;1.29;2.38;4.98;11;3.34;1.53;1.15;1.03;0;0;0;0;6;2;2;0;2;2;4;2021-01-08 14:00:00;674110;0;20;0;20;0;1;1;3;3;1;2;6;3;2;2;0;2;4;2;1;59;73;93;83;1.8;1.82;3.62;1;0;1;0;0;0;1;1;0;1;0;2;1;0;-1;-1;-1;-1;-1;-1;-1;-1;-1;10;10;10;43;78;0;33;68;20;8.45;4.2;2.55;1.5;NorthEast United;Hyderabad;1.73;1.5;1.75;1.6;1.22;1.33;90;90;90;58;23;58;35;25;1.08;1.67;2.75;5284;20;Y;Y;Y;Y;Y;Y;Y
1152103;5425;5430;2020/2021;complete;61510;11;-1;;20;0;1;1;6;3;9;1;5;3;0;0;0;6;4;4;2;10;6;15;8;49;51;3;0;1.57;3.5;5.5;1.06;1.33;1.95;3.15;5.25;7;2.9;1.71;1.28;1.1;2.05;1.67;2.25;1.57;0;0;1.16;1.23;2.05;2.25;2.3;5;1.9;2.65;4.75;0;0;1.32;1.55;1.98;2.72;3.8;3.2;2.39;1.83;1.43;1.24;1.35;6.5;3.65;1.48;13;2.8;2.7;9;1.35;2.6;6;13;2.9;1.42;1.1;1.02;1.2;2.05;4.1;9;4;1.7;1.2;1.05;0;0;0;0;1;0;1;0;0;0;1;2021-01-09 14:00:00;5430;0;55;20;43;0;1;1;3;1;3;2;4;5;3;0;0;0;3;0;1;68;38;92;84;1.54;0.94;2.49;0;0;0;0;0;0;1;1;0;0;0;1;0;0;-1;-1;-1;-1;-1;-1;-1;-1;-1;23;43;55;80;90;30;80;90;55;9.95;3.5;6.05;3;Bengaluru;East Bengal;0.7;0.9;1;0.25;1.33;0.78;78;58;45;20;10;35;23;23;1.47;1.19;2.66;5284;20;Y;N;N;N;N;N;N
1152104;5417;5419;2020/2021;complete;61510;11;-1;;;0;0;0;3;2;5;1;5;2;1;0;0;3;3;9;1;12;4;11;15;57;43;2;1;1.69;3.6;4.2;1.04;1.29;1.83;2.9;4.85;7.75;3.1;1.83;1.33;1.12;1.87;1.8;2.3;1.54;0;0;1.22;1.2;1.95;2.6;2.2;4.33;2.2;2.6;3.75;0;0;1.23;1.42;1.74;2.23;3.05;3.95;2.75;2.02;1.6;1.35;1.36;6.5;3.55;1.57;10.5;2.6;2.85;6.25;1.4;3;8;23;2.75;1.36;1.08;1.01;1.25;2.1;4.5;13;3.75;1.67;1.18;1.04;0;0;0;0;0;0;0;0;0;0;0;2021-01-10 11:30:00;-1;0;43;10;33;0;1;1;1;0;2;2;1;4;2;0;0;1;2;1;1;67;55;107;89;1.46;0.87;2.32;0;0;0;0;0;0;1;1;0;0;0;0;0;0;-1;-1;-1;-1;-1;-1;-1;-1;-1;23;43;43;53;75;40;40;65;43;11.15;3.6;4;2.45;Chennaiyin;Odisha FC;0.7;0.7;0.5;0.8;1.11;0.56;78;58;58;48;25;78;65;33;1.67;1.76;3.43;5284;20;N;N;N;N;N;N;N
1152105;5424;5422;2020/2021;complete;61510;11;-1;36,84;22,79,82;2;3;5;6;8;14;1;3;0;2;0;1;6;6;11;11;17;17;7;12;54;46;0;3;2.2;3.35;2.85;1.03;1.27;1.83;2.8;4.55;8.25;3.2;1.83;1.35;1.14;1.65;2.05;2.65;1.42;0;0;1.32;1.3;1.55;2.75;2.1;4.33;2.55;2.4;3.25;0;0;1.29;1.53;2;2.55;3.5;3.4;2.4;1.8;1.48;1.27;1.62;6;2.65;1.67;9.5;2.5;3.65;4.75;1.45;3.05;7.25;14;2.55;1.32;1.06;1.02;1.26;2.3;4.9;11;3.5;1.56;1.14;1.03;0;0;0;0;5;1;1;1;2;3;2;2021-01-10 14:00:00;5422;0;75;25;38;0;1;1;2;3;4;5;5;9;0;1;0;2;1;2;1;86;72;96;94;2.1;2.01;4.11;0;0;0;0;0;0;1;1;0;0;0;1;0;0;-1;-1;-1;-1;-1;-1;-1;-1;-1;13;38;75;88;88;50;88;63;63;8.25;4.75;5;3.13;Jamshedpur;Kerala Blasters;1.1;0.6;1;0.25;1.44;0.67;88;63;25;13;13;50;50;38;1.3;1.34;2.64;5284;20;Y;Y;Y;Y;Y;N;Y
1152106;688913;5416;2020/2021;complete;61510;11;-1;;69;0;1;1;2;7;9;1;0;3;2;0;0;2;5;5;3;7;8;10;12;32;68;3;2;2.9;2.7;2.55;1.1;1.5;2.4;4.05;6.75;5.5;2.35;1.49;1.17;1.06;2.05;1.67;2.7;1.4;0;0;1.45;1.38;1.35;4;1.91;3.4;3.3;2.15;2.9;0;0;1.33;1.6;2;2.58;3.5;3.1;2.25;1.75;1.46;1.27;2.05;6.55;2.12;2.2;6.25;2;4.35;3.75;1.6;3.75;8.75;16;2.2;1.23;1.04;1.01;1.39;2.81;7.5;15;2.81;1.39;1.07;1.02;0;0;0;0;1;0;0;0;1;1;0;2021-01-11 14:00:00;5416;0;23;0;23;0;1;1;0;3;2;4;3;6;0;0;3;2;0;5;1;46;77;87;98;0.92;1.41;2.34;0;0;0;0;0;0;1;1;0;0;0;0;0;0;-1;-1;-1;-1;-1;-1;-1;-1;-1;0;13;13;45;100;13;35;90;33;9.1;3.05;5.9;1.7;ATK Mohun Bagan;Mumbai City;2.55;2.09;2.6;2.25;2.22;2.44;100;88;88;55;0;33;33;23;1.51;1.35;2.86;5284;23;Y;N;N;N;N;N;N
1156300;5424;688913;2020/2021;complete;61510;4;-1;30,66;80;2;1;3;9;6;15;2;1;4;0;0;0;7;7;9;9;16;16;18;12;47;53;4;0;3.8;3.3;1.83;1.04;1.38;2.23;3.82;7.6;8.5;2.78;1.67;1.21;1.05;1.97;1.8;3.85;1.21;0;0;1.75;1.3;1.22;4.75;2.05;2.6;4.22;2.34;2.32;0;0;1.2;1.4;1.68;2.1;2.78;4.3;2.81;2.1;1.67;1.41;2.94;5.5;1.7;2.63;8.25;1.57;5.75;2.7;1.46;3.09;7.7;15;2.57;1.33;1.05;1.02;1.3;2.39;5;11;3.26;1.52;1.13;1.03;0;0;0;0;3;1;0;1;1;2;1;2020-12-07 14:00:00;5424;0;50;25;0;0;1;1;7;1;2;5;8;7;2;0;2;0;2;2;1;85;85;79;70;2.1;2.1;4.2;0;0;0;0;0;0;1;1;0;0;2;0;0;0;-1;-1;-1;-1;-1;-1;-1;-1;-1;0;25;50;75;100;50;50;75;50;6.5;3;3;2.5;Jamshedpur;ATK Mohun Bagan;1.1;1.33;0.5;3;0.67;3;100;75;50;25;0;75;50;0;1.17;1.29;2.46;5284;20;Y;Y;Y;N;N;N;Y
1163813;5420;5425;2020/2021;complete;61510;12;-1;27;49;1;1;2;6;3;9;6;0;0;1;0;0;4;4;7;5;11;9;14;22;32;68;0;1;3.75;2.95;2;1.08;1.43;2.2;3.55;6;5.75;2.55;1.57;1.22;1.08;1.95;1.74;3.75;1.22;0;0;1.78;1.33;1.28;4;2.2;2.63;3.72;2.47;2.36;0;0;1.35;1.59;1.93;2.88;4;3.05;2.31;1.87;1.38;1.22;2.85;5.5;1.59;2.5;11;1.62;5.75;3.3;1.4;2.75;8;21;2.75;1.4;1.08;1.02;1.22;2.1;4.5;11;4;1.67;1.18;1.05;0;0;0;0;2;1;0;0;1;1;1;2021-01-12 14:00:00;-1;0;35;10;25;0;1;1;1;1;5;2;2;7;0;1;0;0;1;0;1;58;64;81;92;1.39;1.31;2.71;0;0;0;0;0;0;1;1;0;0;1;0;0;0;-1;-1;-1;-1;-1;-1;-1;-1;-1;10;23;35;45;90;10;58;78;35;8.2;3.7;3.8;2.13;NorthEast United;Bengaluru;1.73;1.5;1.4;1.75;1.1;1.2;90;78;65;55;10;40;20;20;1.23;1.34;2.57;5284;20;Y;Y;N;N;N;N;Y
1163814;5419;5417;2020/2021;complete;61510;12;-1;63;15,21;1;2;3;7;4;11;0;1;3;4;0;0;3;3;6;8;9;11;13;23;60;40;3;4;4.05;3.6;1.71;1.04;1.27;1.77;2.7;4.35;8;3.25;1.91;1.37;1.15;1.77;1.91;4.15;1.18;0;0;1.85;1.25;1.22;4.33;2.2;2.6;3.75;2.55;2.2;0;0;1.23;1.42;1.74;2.23;3.05;3.95;2.75;2.02;1.6;1.35;2.7;5.75;1.61;2.6;11.5;1.57;6;2.85;1.4;3;8;23;2.75;1.36;1.08;1.01;1.25;2.1;4.5;13;3.75;1.67;1.18;1.04;0;0;0;0;3;0;2;1;0;1;2;2021-01-13 14:00:00;5417;0;65;43;35;0;1;1;1;2;6;2;3;8;0;0;3;4;0;7;1;51;58;86;89;1.15;1.32;2.48;0;1;0;1;0;0;1;1;0;0;0;1;0;0;-1;-1;-1;-1;-1;-1;-1;-1;-1;0;23;65;65;90;43;90;55;35;9.25;2.4;5;2.43;Odisha FC;Chennaiyin;0.5;1.3;0.25;1.6;0.6;1.1;100;78;35;35;10;65;53;30;1.14;1.82;2.96;5284;20;Y;Y;Y;N;N;N;Y
1163815;5421;5424;2020/2021;complete;61510;12;-1;19,52,89;;3;0;3;5;6;11;4;0;3;2;0;1;5;2;1;3;6;5;21;15;68;32;3;3;1.91;3.2;3.75;1.04;1.27;1.83;2.85;4.6;7.75;3.25;1.83;1.34;1.13;1.69;2;2.7;1.39;0;0;1.25;1.25;1.75;2.45;2.25;4;2.2;2.65;3.6;0;0;1.27;1.48;1.9;2.52;3.4;3.55;2.57;1.9;1.5;1.29;1.57;7;3.04;1.65;15;2.3;3.4;7.5;1.32;2.5;5.5;13;3.05;1.48;1.11;1.02;1.16;1.96;3.5;8;4.6;1.77;1.25;1.06;0;0;0;0;3;1;0;2;0;2;1;2021-01-14 14:00:00;5421;0;60;30;30;0;1;1;1;3;4;3;4;7;1;1;2;2;2;4;1;66;67;104;85;1.22;0.94;2.16;0;0;0;0;0;0;1;1;0;0;0;0;0;0;-1;-1;-1;-1;-1;-1;-1;-1;-1;0;20;30;60;90;30;50;70;30;7.6;6.4;4.6;2;Goa;Jamshedpur;1.36;1.6;1;1.8;1.5;1.3;100;80;70;40;10;30;20;20;1.74;1.32;3.06;5284;20;Y;Y;Y;N;N;N;N
1163816;5430;5422;2020/2021;complete;61510;12;-1;90;64;1;1;2;4;4;8;-1;-1;1;1;0;0;4;3;6;10;10;13;10;8;64;36;1;1;2.85;3.15;2.3;1.03;1.25;1.71;2.55;4.05;8.25;3.45;1.95;1.43;1.17;1.56;2.25;3.65;1.24;0;0;1.54;1.27;1.39;3;2.2;3.4;3.13;2.51;2.65;0;0;1.36;1.66;2.12;2.88;4.1;3;2.15;1.66;1.38;1.22;1.92;6.7;2.29;1.8;11.5;2.1;5.25;4.65;1.34;2.59;6.1;13;3.04;1.45;1.09;1.02;1.19;2.03;4;9;4.2;1.72;1.2;1.05;0;0;0;0;2;0;0;1;1;2;0;2021-01-15 14:00:00;-1;0;60;20;60;0;1;1;0;3;4;1;3;5;1;1;0;0;2;0;1;55;51;73;66;1.31;1.39;2.7;0;0;0;0;0;0;1;1;0;0;0;0;0;1;-1;-1;-1;-1;-1;-1;-1;-1;-1;20;50;50;80;80;40;60;70;70;10;4.4;6.2;2.9;East Bengal;Kerala Blasters;0.8;0.6;1.2;0.8;1;0.9;80;50;50;20;20;70;70;50;1.23;1.47;2.7;5284;20;Y;Y;N;N;N;N;Y
1163817;5416;674110;2020/2021;complete;61510;12;-1;;;0;0;0;4;7;11;0;1;3;1;0;0;2;5;4;3;6;8;14;8;57;43;3;1;1.95;3.2;3.5;1.06;1.31;1.98;3.35;6.2;10;3.17;1.74;1.28;1.09;1.8;1.9;2.4;1.51;0;0;1.25;1.3;1.68;2.55;2.1;4.2;2.3;2.45;3.75;0;0;1.38;1.57;2.05;2.76;3.1;2.85;2.3;1.75;1.37;1.32;1.69;7;2.67;1.68;10;2.4;3.15;5.75;1.42;2.9;6.75;15;2.65;1.38;1.08;1.01;1.28;2.24;4.8;11;3.4;1.59;1.16;1.03;0;0;0;0;0;0;0;0;0;0;0;2021-01-16 14:00:00;-1;0;45;29;17;0;1;1;3;3;1;4;6;5;0;1;3;0;1;3;1;68;62;100;104;1.02;1.31;2.33;0;0;0;0;0;0;1;1;0;0;0;1;0;0;-1;-1;-1;-1;-1;-1;-1;-1;-1;17;17;37;84;92;49;75;54;35;8.33;3.2;4.53;2.54;Mumbai City;Hyderabad;1.83;1.5;2.6;1.83;2.5;1.5;84;84;64;17;9;45;29;20;1.45;1.7;3.15;5284;20;N;N;N;N;N;N;N
1163818;5424;5420;2020/2021;complete;61510;13;-1;89;36,61;1;2;3;1;7;8;1;1;4;2;0;0;5;6;5;7;10;13;19;11;50;50;4;2;2.5;3;2.7;1.05;1.31;1.91;2.95;4.75;7.25;3;1.77;1.32;1.12;1.65;2.05;3.05;1.3;0;0;1.35;1.3;1.52;2.85;2.15;3.4;2.55;2.6;3.05;0;0;1.35;1.62;2.13;2.6;3.5;3;2.25;1.69;1.44;1.25;1.54;6;2.75;1.82;13;2.05;3.95;4.7;1.35;2.6;5.75;11;2.9;1.45;1.1;1.01;1.2;2.04;4.1;9;4;1.71;1.2;1.05;0;0;0;0;3;0;1;1;1;2;1;2021-01-17 11:30:00;5420;0;90;50;40;0;1;1;0;6;1;1;6;2;1;0;3;2;1;5;1;51;57;98;93;1.36;1.65;3.01;0;0;0;0;0;0;1;1;0;0;0;0;0;0;-1;-1;-1;-1;-1;-1;-1;-1;-1;10;50;80;100;100;70;90;80;80;8.2;3.2;4;3.4;Jamshedpur;NorthEast United;1.1;1.36;0.8;0.8;1.18;1.09;90;50;20;0;0;60;50;30;1.46;1.37;2.83;5284;20;Y;Y;Y;N;N;N;Y
1163819;5421;688913;2020/2021;complete;61510;13;-1;84;75;1;1;2;5;3;8;1;1;2;1;0;0;7;3;10;4;17;7;8;7;69;31;2;1;2.25;2.9;3.2;1.09;1.43;2.15;3.5;6;6;2.55;1.59;1.24;1.08;1.91;1.77;2.35;1.53;0;0;1.28;1.35;1.55;2.9;1.95;4.1;2.55;2.3;3.6;0;0;1.31;1.5;1.93;2.57;3.3;3.1;2.43;1.88;1.44;1.28;1.47;6.25;3.1;1.82;7.75;2.35;3.35;5;1.52;3.3;7.75;18;2.35;1.28;1.05;1.02;1.33;2.5;6;13;3.1;1.48;1.11;1.02;0;0;0;0;2;0;0;1;1;2;0;2021-01-17 14:00:00;-1;0;46;17;29;0;1;1;0;3;5;0;3;5;0;0;2;1;0;3;1;65;40;97;71;2.03;0.95;2.97;0;0;0;0;0;0;1;1;0;0;0;1;0;0;-1;-1;-1;-1;-1;-1;-1;-1;-1;0;17;46;67;88;17;54;79;50;8.75;4.92;3.42;2.17;Goa;ATK Mohun Bagan;1.36;1.33;1.33;1.75;1.64;2;100;84;54;34;13;75;54;29;1.65;1.53;3.18;5284;22;Y;Y;N;N;N;N;Y
1163820;5417;5430;2020/2021;complete;61510;13;-1;;;0;0;0;4;2;6;1;0;2;2;0;1;8;2;6;5;14;7;16;6;53;47;2;3;1.77;3.35;4.15;1.05;1.33;1.95;3.1;5.25;7.25;2.9;1.71;1.29;1.11;1.91;1.77;2.5;1.47;0;0;1.27;1.3;1.68;2.88;2;4.33;2.3;2.5;3.7;0;0;1.22;1.42;1.74;2.23;3;4;2.75;2.02;1.61;1.35;1.46;7;3.58;1.67;10.5;2.6;3.25;5.5;1.42;2.85;6.75;18;2.65;1.38;1.08;1.02;1.24;2.2;4.7;11;3.6;1.61;1.15;1.05;0;0;0;0;0;0;0;0;0;0;0;2021-01-18 14:00:00;-1;0;30;0;20;0;1;1;2;1;2;1;3;3;0;2;2;1;2;3;1;58;37;78;97;1.86;0.86;2.72;0;0;0;0;0;0;1;1;0;0;1;0;0;0;-1;-1;-1;-1;-1;-1;-1;-1;-1;20;20;30;50;70;0;50;60;30;9.6;5.6;4.6;1.9;Chennaiyin;East Bengal;0.7;0.9;0.6;0.8;1.27;1;80;80;70;50;30;60;30;20;1.63;1.14;2.77;5284;20;N;N;N;N;N;N;N
1163821;674110;5419;2020/2021;complete;61510;13;-1;13;51;1;1;2;6;4;10;1;2;0;4;0;0;6;5;13;11;19;16;11;18;59;41;0;4;1.75;3.4;4;1.06;1.29;1.95;3.4;6.5;10;3.5;1.85;1.3;1.11;1.8;1.91;2.25;1.56;0;0;1.2;1.27;1.85;2.5;2.2;4.5;2.1;2.55;4.2;0;0;1.33;1.6;2;2.6;3.4;3.1;2.25;1.75;1.45;1.29;1.43;6;3.3;1.53;11;2.88;2.8;6.25;1.4;2.75;8;21;2.75;1.4;1.08;1.02;1.22;2.1;4.5;13;4;1.67;1.18;1.04;0;0;0;0;2;1;0;0;1;1;1;2021-01-19 14:00:00;-1;0;63;9;54;0;1;1;2;0;4;4;2;8;0;0;0;4;0;4;1;78;49;107;72;2.18;1.71;3.88;0;0;0;0;0;0;1;1;0;0;0;0;0;0;-1;-1;-1;-1;-1;-1;-1;-1;-1;21;38;50;84;92;34;59;84;63;9.58;2.08;3.08;2.92;Hyderabad;Odisha FC;1.4;0.7;1;0.83;1.45;0.55;79;63;50;17;9;46;46;29;1.64;1.61;3.25;5284;20;Y;Y;N;N;N;N;Y
1163822;5422;5425;2020/2021;complete;61510;13;-1;73,90;23;2;1;3;2;1;3;0;2;1;3;0;0;4;7;6;7;10;14;14;13;50;50;1;3;3;3.1;2.25;1.06;1.33;1.95;3.05;5;7;2.9;1.74;1.29;1.11;1.77;1.91;3.45;1.25;0;0;1.6;1.32;1.3;3.75;2.2;2.88;3.4;2.45;2.45;0;0;1.29;1.53;1.98;2.55;3.5;3.4;2.4;1.83;1.48;1.27;2.1;6.3;2.1;2.38;10.5;1.67;5.25;3.6;1.42;2.85;6.5;17;2.7;1.38;1.08;1.03;1.23;2.22;4.6;10;3.7;1.6;1.16;1.04;0;0;0;0;3;0;1;2;0;2;1;2021-01-20 14:00:00;5422;0;60;10;30;0;1;1;1;1;1;0;2;1;0;0;1;3;0;4;1;49;59;69;80;1.26;1.8;3.06;0;0;0;0;0;0;1;1;0;0;0;0;0;0;-1;-1;-1;-1;-1;-1;-1;-1;-1;10;30;40;70;100;20;80;90;40;9.2;1;3.8;2.6;Kerala Blasters;Bengaluru;1.1;1.5;1;1.6;0.91;1.18;90;70;60;30;0;50;30;20;1.42;1.33;2.75;5284;20;Y;Y;Y;N;N;N;Y
1163823;688913;5417;2020/2021;complete;61510;14;-1;90;;1;0;1;2;5;7;2;1;3;1;0;0;6;2;3;5;9;7;14;14;54;46;3;1;3;2.85;2.4;1.08;1.43;2.15;3.55;6;6;2.55;1.59;1.22;1.08;1.91;1.77;2.65;1.42;0;0;1.35;1.35;1.45;3.4;1.95;3.5;3.2;2.25;2.75;0;0;1.35;1.62;2.12;2.7;3.7;3;2.28;1.71;1.44;1.23;2.25;5.5;1.87;2.38;7.75;1.83;4;4.2;1.53;3.5;11;26;2.38;1.29;1.05;1.01;1.33;2.5;6;17;3.25;1.5;1.13;1.03;0;0;0;0;1;0;0;1;0;1;0;2021-01-21 14:00:00;688913;0;50;25;17;0;1;1;0;3;2;2;3;4;1;0;2;1;1;3;1;59;61;90;89;1.42;1.03;2.45;0;0;0;0;0;0;1;1;0;0;0;1;0;0;-1;-1;-1;-1;-1;-1;-1;-1;-1;0;9;42;58;92;34;50;75;25;9.83;3;4.83;2;ATK Mohun Bagan;Chennaiyin;2.55;1.3;2.17;1.83;1.91;1.25;100;92;59;42;9;67;58;42;1.41;1.74;3.15;5284;20;Y;N;N;N;N;N;N
1163824;5430;5416;2020/2021;complete;61510;14;-1;;27;0;1;1;4;3;7;-1;-1;1;4;0;0;3;4;5;6;8;10;10;16;63;37;1;4;6.25;3.45;1.5;1.05;1.32;1.95;3.1;5.25;7;2.9;1.71;1.29;1.11;2;1.69;4.15;1.17;0;0;1.82;1.3;1.19;4.33;2.1;2.63;4.25;2.5;2.1;0;0;1.27;1.46;1.87;2.48;3.1;3.4;2.62;1.93;1.52;1.32;2.67;7;1.69;2.6;10.5;1.62;6.75;2.9;1.38;2.75;6.25;15;2.8;1.4;1.08;1.02;1.23;2.17;4.5;10;3.7;1.63;1.16;1.04;0;0;0;0;1;0;1;0;0;0;1;2021-01-22 14:00:00;5416;0;44;0;44;0;1;1;1;1;3;2;2;5;1;1;0;3;2;3;1;76;49;160;90;1.29;1.27;2.56;0;0;0;0;0;0;1;1;0;0;0;0;1;0;-1;-1;-1;-1;-1;-1;-1;-1;-1;0;27;27;62;92;19;37;92;52;10.8;1.83;6.03;2.07;East Bengal;Mumbai City;0.8;2.09;1.17;2.4;1;2.36;100;74;74;39;9;54;44;27;1.24;1.36;2.6;5284;20;Y;N;N;N;N;N;N
1163825;5422;5421;2020/2021;complete;61510;14;-1;57;25;1;1;2;3;3;6;0;3;2;2;0;1;2;5;4;3;6;8;19;18;42;58;2;3;4.25;3.55;1.71;1.04;1.27;1.8;2.85;4.6;8;3.2;1.87;1.34;1.13;1.8;1.87;4.25;1.17;0;0;1.85;1.25;1.23;4.25;2.15;2.45;3.95;2.45;2.15;0;0;1.27;1.5;1.88;2.45;3.4;3.55;2.48;1.93;1.5;1.29;2.86;6.5;1.72;2.56;9.9;1.65;6.5;3.2;1.36;2.6;5.75;14;2.9;1.45;1.13;1.04;1.2;1.95;4.1;9;4;1.77;1.19;1.05;0;0;0;0;2;0;1;1;0;1;1;2021-01-23 14:00:00;-1;0;64;9;29;0;1;1;1;2;2;1;3;3;1;0;1;3;1;4;1;50;49;68;67;0.88;1.21;2.09;0;0;0;0;0;0;1;1;0;0;0;0;0;0;-1;-1;-1;-1;-1;-1;-1;-1;-1;9;17;45;72;100;17;62;90;55;11.63;2.9;2.83;2.5;Kerala Blasters;Goa;1.1;1.64;1.33;2;1.08;1.58;92;84;55;29;0;64;45;37;1.39;1.91;3.3;5284;20;Y;Y;N;N;N;N;Y
1163826;5424;674110;2020/2021;complete;61510;14;-1;;;0;0;0;6;6;12;3;1;2;1;0;0;2;3;5;4;7;7;16;14;46;54;2;1;2.9;3.2;2.2;1.06;1.29;1.95;3.4;6.5;10;3.5;1.85;1.3;1.11;1.73;2;3.55;1.25;0;0;1.52;1.32;1.32;3.5;2.3;2.88;3.2;2.45;2.55;0;0;1.4;1.7;2.15;2.9;4;2.85;2.1;1.65;1.38;1.22;2.15;5.5;1.95;2.15;10.5;1.82;5.25;3.85;1.4;2.75;8;21;2.75;1.4;1.08;1.02;1.22;2.1;4.5;11;4;1.67;1.18;1.05;0;0;0;0;0;0;0;0;0;0;0;2021-01-24 11:30:00;-1;0;72;24;40;0;1;1;3;5;3;0;8;3;0;1;2;0;1;2;1;75;57;96;93;1.13;1.07;2.2;0;0;0;0;0;0;1;1;0;0;1;2;0;0;-1;-1;-1;-1;-1;-1;-1;-1;-1;23;31;65;79;86;32;72;70;63;8.71;2.33;3.29;2.9;Jamshedpur;Hyderabad;1.1;1.5;0.67;1.71;1.08;1.42;77;69;36;22;15;54;40;24;1.44;1.64;3.08;5284;20;N;N;N;N;N;N;N
1163827;5425;5419;2020/2021;complete;61510;14;-1;82;8;1;1;2;8;7;15;1;2;0;4;0;0;8;4;8;2;16;6;17;17;55;45;0;4;1.87;3.25;3.9;1.08;1.32;1.87;2.9;4.8;7.25;2.95;1.8;1.33;1.14;1.77;1.91;2.35;1.51;0;0;1.17;1.25;2;2.3;2.3;4.75;2.05;2.65;4.33;0;0;1.27;1.49;1.88;2.55;3.4;3.55;2.55;1.93;1.49;1.29;1.38;6.5;3.45;1.5;13;2.75;2.85;7;1.36;2.63;7;19;3;1.44;1.1;1.02;1.2;2;4;11;4.33;1.73;1.22;1.05;0;0;0;0;2;0;1;1;0;1;1;2021-01-24 14:00:00;-1;0;54;24;40;0;1;1;4;1;4;6;5;10;0;0;0;4;0;4;1;55;59;68;94;1.96;1.09;3.05;0;0;0;0;0;0;1;1;0;1;0;0;0;0;-1;-1;-1;-1;-1;-1;-1;-1;-1;16;47;47;61;85;54;69;69;47;10.04;2.43;4.97;2.69;Bengaluru;Odisha FC;0.7;0.7;0.83;0.86;1.08;0.58;85;54;54;40;16;52;44;23;1.49;1.63;3.12;5284;20;Y;Y;N;N;N;N;Y
1163828;5417;5416;2020/2021;complete;61510;15;-1;76;21;1;1;2;9;3;12;-1;-1;1;2;0;0;4;4;7;10;11;14;14;18;36;64;1;2;3.25;2.9;2.25;1.12;1.47;2.2;3.6;6.75;5.75;2.4;1.56;1.24;1.09;2;1.69;3.1;1.31;0;0;1.52;1.35;1.32;3.75;2.05;3.1;3.4;2.3;2.6;0;0;1.25;1.52;1.83;2.45;3.25;3.7;2.46;1.98;1.53;1.3;2.08;6.7;2.08;2.25;8.25;1.85;4.8;3.5;1.5;3.25;7.75;17;2.4;1.3;1.05;1.01;1.31;2.45;5.5;12;3.2;1.5;1.11;1.03;0;0;0;0;2;0;1;1;0;1;1;2021-01-25 14:00:00;-1;0;17;0;17;0;1;1;5;3;4;0;8;4;1;0;0;2;1;2;1;62;51;98;104;1.43;1.54;2.96;1;0;1;0;0;0;1;1;0;0;1;1;1;0;-1;-1;-1;-1;-1;-1;-1;-1;-1;9;17;17;25;67;9;25;58;17;10.33;3;5.33;1.34;Chennaiyin;Mumbai City;0.7;2.09;0.67;2.5;1.15;2.42;92;83;83;75;34;42;25;17;1.67;1.35;3.02;5284;20;Y;Y;N;N;N;N;Y
1163829;5420;688913;2020/2021;complete;61510;15;-1;60,81;72;2;1;3;2;8;10;1;3;2;2;0;0;5;3;8;9;13;12;10;12;38;62;2;2;3.5;2.8;2.05;1.11;1.43;2.15;3.45;6;5.25;2.4;1.56;1.24;1.1;1.91;1.71;2.95;1.34;0;0;1.61;1.32;1.29;4.33;1.95;3;3.76;2.22;2.61;0;0;1.33;1.56;2.01;2.76;3.6;3.1;2.31;1.79;1.37;1.24;2.45;5.5;1.74;2.4;6.75;1.8;5;3.3;1.51;3.4;9.4;26;2.42;1.28;1.04;1.01;1.35;2.62;6.1;13;2.98;1.44;1.1;1.02;0;0;0;0;3;0;0;2;1;3;0;2021-01-26 14:00:00;5420;0;37;9;20;0;1;1;1;4;1;4;5;5;0;0;2;2;0;4;1;63;120;116;150;1.63;1.84;3.47;0;0;0;0;0;0;1;1;0;0;0;0;0;0;-1;-1;-1;-1;-1;-1;-1;-1;-1;9;9;19;55;82;9;35;82;39;8.5;4.47;2.7;1.8;NorthEast United;ATK Mohun Bagan;1.73;1.33;1.33;1.6;1.25;2;92;92;82;45;19;82;47;27;1.25;1.41;2.66;5284;22;Y;Y;Y;N;N;N;Y
1163830;5422;5424;2020/2021;complete;61510;15;-1;;;0;0;0;7;2;9;5;2;0;1;0;0;2;4;13;3;15;7;13;18;54;46;0;1;2.3;2.9;2.85;1.08;1.33;1.91;2.95;4.9;6.75;2.8;1.71;1.3;1.13;1.71;1.95;3.1;1.31;0;0;1.39;1.28;1.53;3.1;2.1;3.5;2.69;2.44;3.15;0;0;1.29;1.53;2;2.55;3.5;3.4;2.4;1.8;1.48;1.27;1.8;5.75;2.35;1.93;9.3;2.12;4.25;4.85;1.37;2.73;7;15;2.89;1.41;1.07;1.02;1.21;2.15;4.5;9;3.85;1.64;1.17;1.05;0;0;0;0;0;0;0;0;0;0;0;2021-01-27 14:00:00;-1;0;52;16;16;0;1;1;2;1;5;1;3;6;0;0;0;1;0;1;1;67;54;105;111;1.57;1.13;2.7;0;0;0;0;0;0;1;1;0;0;0;0;0;0;-1;-1;-1;-1;-1;-1;-1;-1;-1;7;15;30;68;92;23;60;84;38;8.24;2.26;4.53;2.18;Kerala Blasters;Jamshedpur;1.1;1.6;1.29;1.5;1.08;1.08;93;86;70;32;9;45;38;31;1.32;1.26;2.58;5284;20;N;N;N;N;N;N;N
1163831;674110;5425;2020/2021;complete;61510;15;-1;86,90;9,61;2;2;4;4;2;6;2;2;1;3;0;0;5;3;5;5;10;8;13;17;65;35;1;3;2.38;3;3.1;1.1;1.4;2.2;4;10;7.5;2.75;1.65;1.22;1.06;1.89;1.87;2.75;1.38;0;0;1.3;1.42;1.45;3.25;2;3.6;2.8;2.26;3.38;0;0;1.38;1.66;2.15;2.81;3.1;2.9;2.16;1.67;1.41;1.31;1.8;5.75;2.35;1.9;8.5;2.15;3.9;4.5;1.56;3.02;8.4;17;2.31;1.34;1.05;1.01;1.29;2.24;5.5;11;3.4;1.59;1.13;1.03;0;0;0;0;4;0;1;2;1;3;1;2021-01-28 14:00:00;-1;0;74;0;47;0;1;1;1;1;3;1;2;4;0;1;1;2;1;3;1;81;66;92;60;1.56;1.19;2.75;0;0;0;0;0;0;1;1;0;1;0;0;0;0;-1;-1;-1;-1;-1;-1;-1;-1;-1;10;19;45;84;100;0;72;92;55;8.33;1.47;3;2.57;Hyderabad;Bengaluru;1.4;1.5;1;1.33;1.38;1.08;90;82;55;17;0;29;20;10;1.74;1.41;3.15;5284;20;Y;Y;Y;Y;N;N;Y
1163832;5421;5430;2020/2021;complete;61510;15;-1;39;65;1;1;2;2;11;13;1;2;2;2;1;0;5;3;4;7;9;10;11;23;45;55;3;2;1.67;3.45;4.15;1.05;1.25;1.71;2.55;4.2;8.5;3.25;1.91;1.38;1.17;1.71;1.95;2.45;1.48;5.25;1.13;1.17;1.22;2.05;2.1;2.35;4.8;1.9;2.75;4.5;0;0;1.22;1.42;1.74;2.23;3;4;2.75;2.02;1.61;1.35;1.3;7;3.9;1.5;16;2.65;2.85;7;1.3;2.4;5.25;10.75;3.15;1.5;1.12;1.02;1.16;1.83;3.6;8;4.6;1.87;1.24;1.06;0;0;0;0;2;1;0;0;1;1;1;2021-01-29 14:00:00;-1;0;52;15;30;0;1;1;1;3;1;8;4;9;0;0;3;2;0;5;1;60;99;92;106;1.36;1.55;2.91;0;1;0;0;0;1;1;1;0;0;0;0;0;0;-1;-1;-1;-1;-1;-1;-1;-1;-1;9;23;45;77;92;15;77;77;45;8.57;6.21;4.81;2.44;Goa;East Bengal;1.36;0.9;1.29;0.83;1.54;0.92;92;77;55;24;9;47;23;23;1.71;1.1;2.81;5284;20;Y;Y;N;N;N;N;Y
1163833;5416;5420;2020/2021;complete;61510;16;-1;85;6,10;1;2;3;13;4;17;0;0;3;3;0;0;5;5;6;4;11;9;11;6;67;33;3;3;1.69;3.05;4.75;1.09;1.34;1.95;3;5;6.5;2.75;1.69;1.29;1.12;1.87;1.77;2.4;1.5;0;0;1.18;1.3;1.85;2.4;2.2;4.5;2.1;2.5;4.25;0;0;1.27;1.47;1.88;2.5;3.4;3.55;2.59;1.92;1.51;1.29;1.39;6.5;3.4;1.53;11.5;2.75;2.95;7.25;1.35;2.6;5.75;10.25;2.95;1.45;1.1;1.01;1.2;2;4.1;10;4;1.71;1.19;1.04;0;0;0;0;3;0;2;1;0;1;2;2021-01-30 14:00:00;5420;0;58;42;25;0;1;1;7;1;6;3;8;9;0;0;3;3;0;6;1;110;38;99;64;1.83;1.19;3.02;0;0;0;0;0;0;1;1;0;2;1;1;0;0;-1;-1;-1;-1;-1;-1;-1;-1;-1;0;25;50;92;92;67;83;58;50;8.17;3.5;5.5;2.59;Mumbai City;NorthEast United;1.83;1.36;2.33;1.17;2.31;1.38;100;75;50;9;9;50;42;34;1.38;1.42;2.8;5284;22;Y;Y;Y;N;N;N;Y
1163834;674110;5417;2020/2021;complete;61510;16;-1;28,82;;2;0;2;3;2;5;2;0;2;3;0;0;3;2;4;8;7;10;18;15;42;58;2;3;2.63;2.9;2.63;1.1;1.44;2.3;4.5;10;7;2.63;1.6;1.18;1.06;1.95;1.78;2.7;1.4;0;0;1.38;1.35;1.42;3.5;1.95;3.5;2.9;2.3;3.05;0;0;1.31;1.53;1.98;2.67;3.28;3.1;2.45;1.83;1.46;1.28;2.08;6.5;2.1;2.05;8;2.05;3.95;4.15;1.52;3.3;7.75;13;2.4;1.28;1.05;1.01;1.32;2.47;5.9;12;3.14;1.49;1.11;1.03;0;0;0;0;2;1;0;1;0;1;1;2021-01-31 11:30:00;674110;0;77;22;41;0;1;1;3;2;0;0;5;0;0;1;2;2;1;4;1;57;56;101;101;1.07;1.18;2.26;0;0;0;0;0;0;1;1;0;0;1;0;0;0;-1;-1;-1;-1;-1;-1;-1;-1;-1;9;24;61;86;93;29;69;86;41;11.12;2.29;3.14;2.72;Hyderabad;Chennaiyin;1.4;1.3;1;1.57;1.36;1.14;92;77;40;15;7;52;52;37;1.71;1.64;3.35;5284;20;Y;Y;N;N;N;N;N
1163835;688913;5422;2020/2021;complete;61510;16;-1;59,65,87;14,51;3;2;5;4;7;11;5;2;4;4;0;0;8;6;8;6;16;12;5;12;42;58;4;4;2.4;2.85;2.8;1.1;1.38;2;3.15;5.5;6;2.55;1.62;1.27;1.11;1.8;1.83;2.75;1.39;0;0;1.35;1.35;1.48;3.25;2;3.6;2.78;2.32;3.28;0;0;1.29;1.53;1.9;2.45;3.5;3.4;2.4;1.85;1.5;1.27;2.06;7.1;2.08;1.83;7.5;2.2;3.75;4.75;1.44;3.04;8.2;26;2.62;1.34;1.06;1.01;1.29;2.36;5.3;12;3.36;1.53;1.13;1.03;0;0;0;0;5;0;1;3;1;4;1;2021-01-31 14:00:00;688913;0;41;17;41;0;1;1;1;3;3;4;4;7;0;0;4;4;0;8;1;59;74;94;116;1.99;1.72;3.71;1;0;1;0;0;0;1;1;0;0;0;2;0;0;-1;-1;-1;-1;-1;-1;-1;-1;-1;17;25;25;56;92;25;41;77;48;7.81;4.21;5.24;2.23;ATK Mohun Bagan;Kerala Blasters;2.55;0.6;2.29;0.83;1.85;1.07;84;75;75;44;9;47;40;32;1.41;1.46;2.87;5284;20;Y;Y;Y;Y;Y;N;Y
1163836;5419;5424;2020/2021;complete;61510;16;-1;;40;0;1;1;5;6;11;2;0;1;0;0;0;3;7;8;13;11;20;11;13;51;49;1;0;2.95;2.85;2.3;1.11;1.44;2.1;3.45;6;5.5;2.4;1.56;1.24;1.1;1.95;1.71;3;1.33;0;0;1.53;1.26;1.4;3.5;2;3.4;3;2.2;2.88;0;0;1.27;1.5;1.87;2.45;3.4;3.55;2.48;1.87;1.5;1.29;2.08;6.7;2.08;2.2;7;1.91;4.45;3.55;1.5;3.5;11;14;2.5;1.29;1.05;1.01;1.3;2.5;6;17;3.4;1.5;1.13;1.03;0;0;0;0;1;0;1;0;0;0;1;2021-02-01 14:00:00;5424;0;45;17;27;0;1;1;2;3;3;3;5;6;1;0;0;0;1;0;1;77;71;131;122;1.47;2.26;3.73;0;0;0;0;0;0;1;1;0;0;0;2;0;0;-1;-1;-1;-1;-1;-1;-1;-1;-1;0;10;37;52;86;27;65;59;35;6.63;2.66;5.43;1.85;Odisha FC;Jamshedpur;0.5;1.6;0.2;1.43;0.62;1.07;100;90;63;49;15;52;35;25;1.14;1.24;2.38;5284;20;Y;N;N;N;N;N;N
1163837;5430;5425;2020/2021;complete;61510;16;-1;;11,45;0;2;2;4;5;9;4;0;2;3;0;0;0;2;3;5;3;7;17;14;71;29;2;3;2.45;2.95;2.6;1.08;1.33;1.91;2.95;4.9;6.75;2.75;1.71;1.3;1.13;1.71;1.91;3.4;1.26;0;0;1.55;1.3;1.32;3.6;2.1;3;3.25;2.45;2.55;0;0;1.29;1.53;1.97;2.67;3.1;3.3;2.43;1.82;1.45;1.31;2.2;6.7;1.97;2.25;10;1.73;4.7;3.65;1.45;2.95;7;13;2.6;1.35;1.07;1.02;1.31;2.24;4.8;10;3.2;1.59;1.15;1.04;0;0;0;0;2;0;2;0;0;0;2;2021-02-02 14:00:00;5425;0;64;0;50;0;1;1;3;3;1;2;6;3;0;0;2;3;0;5;1;73;61;111;76;0.73;1.02;1.75;0;0;0;0;0;0;1;1;0;0;2;0;0;0;-1;-1;-1;-1;-1;-1;-1;-1;-1;0;29;43;71;93;7;65;79;64;8;1.43;4.71;2.36;East Bengal;Bengaluru;0.8;1.5;1;1.29;0.93;1.07;100;71;57;29;7;36;29;15;1.25;1.38;2.63;5284;20;Y;Y;N;N;N;N;N
1163838;5422;5416;2020/2021;complete;61510;17;-1;27;46,67;1;2;3;9;3;12;3;3;2;2;0;0;10;7;3;7;13;14;12;21;43;57;2;2;4.1;3.15;1.77;1.08;1.32;1.87;2.9;4.85;7;2.85;1.71;1.31;1.13;1.8;1.83;4.15;1.18;0;0;1.82;1.28;1.2;4.5;2.2;2.5;4.2;2.5;2.15;0;0;1.36;1.69;2.16;2.95;4.1;2.95;2.13;1.67;1.37;1.21;2.36;6.7;1.87;2.75;10.5;1.53;6.75;3.1;1.4;2.8;6.5;23;2.75;1.38;1.08;1.01;1.24;2.13;4.6;10.5;3.6;1.65;1.16;1.02;0;0;0;0;3;1;0;0;2;2;1;2021-02-03 14:00:00;5416;0;46;7;14;0;1;1;5;2;4;1;7;5;1;1;1;1;2;2;1;97;68;87;81;2.21;1.86;4.07;0;1;0;1;0;0;1;1;0;0;1;0;0;0;-1;-1;-1;-1;-1;-1;-1;-1;-1;7;20;26;59;94;20;66;87;26;9.88;1.43;4.77;2.11;Kerala Blasters;Mumbai City;1.1;2.09;1.25;2.29;1;2.14;94;81;75;41;7;53;34;27;1.35;1.37;2.72;5284;20;Y;Y;Y;N;N;N;Y
1163839;5420;5421;2020/2021;complete;61510;17;-1;41,83;21,80;2;2;4;4;3;7;2;1;3;0;0;0;5;3;8;5;13;8;18;16;38;62;3;0;3.25;2.8;2.15;1.08;1.36;1.95;3;5.25;6.5;2.65;1.67;1.29;1.12;1.77;1.83;3.8;1.21;0;0;1.68;1.28;1.27;3.9;2.15;2.6;3.5;2.55;2.3;0;0;1.24;1.56;1.97;2.58;3.1;3.85;2.36;1.83;1.47;1.33;2.7;6;1.59;2.3;12;1.7;5.5;3.4;1.38;2.7;6.25;12;2.8;1.4;1.09;1.02;1.25;2.11;4.33;9;3.6;1.66;1.18;1.05;0;0;0;0;4;1;1;1;1;2;2;2021-02-04 14:00:00;-1;0;55;7;24;0;1;1;3;2;1;1;5;2;0;0;3;0;0;3;1;91;62;113;111;1.83;1.17;3;2;0;2;0;0;0;1;1;0;0;0;1;0;0;-1;-1;-1;-1;-1;-1;-1;-1;-1;7;7;31;62;93;7;47;85;40;10.31;5.79;2.9;2.07;NorthEast United;Goa;1.73;1.64;1.57;1.83;1.5;1.5;93;93;69;38;7;68;38;31;1.31;1.79;3.1;5284;22;Y;Y;Y;Y;N;N;Y
1163840;5425;5417;2020/2021;complete;61510;17;-1;;;0;0;0;7;6;13;3;6;2;3;0;0;4;7;6;6;10;13;12;17;46;54;2;3;2.65;2.75;2.6;1.11;1.43;2.1;3.35;6;5.5;2.45;1.57;1.25;1.1;1.87;1.77;2.75;1.38;0;0;1.32;1.3;1.55;2.9;2.05;3.7;2.55;2.45;3.25;0;0;1.31;1.53;1.98;2.68;3.3;3.1;2.43;1.81;1.44;1.28;2.08;6.5;2.1;1.82;10;2.15;3.65;4.6;1.42;2.85;7.2;15;2.6;1.38;1.06;1.02;1.24;2.22;4.8;10;3.6;1.6;1.15;1.04;0;0;0;0;0;0;0;0;0;0;0;2021-02-05 14:00:00;-1;0;60;34;28;0;1;1;2;2;5;4;4;9;1;0;1;3;1;4;1;84;79;82;76;1.51;1.87;3.38;0;0;0;0;0;0;1;1;0;0;1;0;0;0;-1;-1;-1;-1;-1;-1;-1;-1;-1;7;28;53;66;87;47;73;73;28;11.46;2.13;4.68;2.48;Bengaluru;Chennaiyin;0.7;1.3;0.86;1.38;1.2;1.07;93;73;48;34;14;53;46;40;1.55;1.58;3.13;5284;20;N;N;N;N;N;N;N
1163841;5419;688913;2020/2021;complete;61510;17;-1;45;11,54,83,86;1;4;5;7;8;15;1;1;4;3;0;0;4;7;5;12;9;19;9;16;50;50;4;3;3.9;3.2;1.77;1.08;1.36;1.95;3.1;5.25;6.75;2.65;1.67;1.28;1.11;1.91;1.71;0;0;0;0;0;0;0;4.33;2.1;2.6;4;0;2.2;0;0;0;0;0;0;0;0;0;0;0;0;0;0;0;2.75;0;1.57;0;0;1.44;3.25;9;26;2.63;1.33;1.07;1.01;1.29;2.25;5.5;15;3.5;1.57;1.14;1.03;0;0;0;0;5;1;1;0;3;3;2;2021-02-06 14:00:00;688913;0;50;9;42;0;1;1;2;5;5;3;7;8;2;0;2;3;2;5;1;64;69;94;77;1.31;2.17;3.49;0;1;0;1;0;0;1;1;0;0;0;2;1;0;-1;-1;-1;-1;-1;-1;-1;-1;-1;0;9;42;59;92;17;59;67;50;8.17;2.17;4;2;Odisha FC;ATK Mohun Bagan;0.5;1.33;0.17;1.33;0.57;1.93;100;92;59;42;9;75;59;25;1.2;1.48;2.68;5284;20;Y;Y;Y;Y;Y;N;Y
1163842;5424;5430;2020/2021;complete;61510;17;-1;83;6,68;1;2;3;5;4;9;2;3;2;0;0;0;3;4;5;7;8;11;16;9;43;57;2;0;2.6;3;2.4;1.1;1.42;2.1;3.65;6.25;6;2.45;1.57;1.2;1.08;1.95;1.71;2.7;1.39;0;0;1.35;1.3;1.55;2.9;2.05;3.6;2.55;2.45;3.2;0;0;1.29;1.51;1.93;2.6;3.1;3.3;2.49;1.86;1.47;1.31;1.82;6.8;2.43;1.82;10.5;2.15;3.6;4.45;1.43;2.95;6.75;13;2.6;1.34;1.07;1.02;1.25;2.26;4.8;10.5;3.6;1.58;1.14;1.02;0;0;0;0;3;0;1;1;1;2;1;2021-02-07 11:30:00;5430;0;65;15;29;0;1;1;0;3;5;1;3;6;0;0;2;0;0;2;1;74;70;91;98;1.25;1.48;2.73;0;0;0;0;0;0;1;1;0;1;0;1;0;0;-1;-1;-1;-1;-1;-1;-1;-1;-1;14;22;58;79;86;22;86;71;50;9.29;4;4.57;2.57;Jamshedpur;East Bengal;1.1;0.9;0.71;0.86;1.2;0.87;86;79;43;22;14;57;43;36;1.4;1.16;2.56;5284;20;Y;Y;Y;N;N;N;Y
1163843;674110;5420;2020/2021;complete;61510;18;-1;;;0;0;0;3;1;4;0;0;2;0;0;0;5;3;4;4;9;7;12;16;60;40;2;0;2.36;2.99;2.92;1.08;1.38;2.08;3.3;5.5;6.5;2.8;1.68;1.28;1.11;1.82;1.88;2.75;1.38;0;0;1.35;1.35;1.5;3;2;3.6;2.7;2.35;3.15;0;0;1.35;1.6;2.13;2.68;3.3;3;2.31;1.7;1.44;1.28;1.62;7.4;2.81;1.88;9;2.15;3.8;4.6;1.47;2.95;6.75;14;2.5;1.33;1.07;1.02;1.28;2.32;5.3;11;3.4;1.55;1.13;1.03;0;0;0;0;0;0;0;0;0;0;0;2021-02-07 14:00:00;-1;0;79;22;50;0;1;1;0;1;3;0;1;3;1;0;1;0;1;1;1;56;51;122;94;1.34;1.03;2.37;0;0;0;0;0;0;1;1;0;0;0;0;0;0;-1;-1;-1;-1;-1;-1;-1;-1;-1;7;36;57;100;100;36;79;93;64;8.71;2.57;3.57;3;Hyderabad;NorthEast United;1.4;1.36;1.29;1.43;1.47;1.47;93;64;43;0;0;43;36;22;1.62;1.39;3.01;5284;20;N;N;N;N;N;N;N
1163844;5416;5421;2020/2021;complete;61510;18;-1;20,26,90;45,51,90;3;3;6;2;3;5;0;2;3;3;0;0;7;5;5;5;12;10;24;16;36;64;3;3;2.3;3;2.8;1.08;1.32;1.83;2.8;4.6;6.75;2.85;1.77;1.33;1.14;1.67;2;2.85;1.34;0;0;1.3;1.35;1.52;2.75;2.15;3.6;2.55;2.45;3.3;0;0;1.31;1.56;1.94;2.56;3.3;3.1;2.38;1.85;1.49;1.28;1.97;6.7;2.2;1.8;10.5;2.2;3.85;5.25;1.38;2.7;6.25;11;2.8;1.4;1.09;1.02;1.29;2.1;4.33;10;3.4;1.67;1.18;1.03;0;0;0;0;6;2;1;1;2;3;3;2021-02-08 14:00:00;-1;0;57;22;22;0;1;1;2;2;0;1;4;1;0;2;3;1;2;4;1;57;56;70;74;1.65;1.38;3.04;0;0;0;0;0;0;1;1;0;0;1;0;0;1;-1;-1;-1;-1;-1;-1;-1;-1;-1;0;7;43;79;93;43;72;65;36;11;3.86;4.28;2.22;Mumbai City;Goa;1.83;1.64;2;1.71;2.2;1.47;100;93;57;22;7;50;43;43;1.44;1.7;3.14;5284;22;Y;Y;Y;Y;Y;Y;Y
1163845;5425;688913;2020/2021;complete;61510;18;-1;;37,44;0;2;2;3;6;9;0;4;3;0;0;0;2;9;5;0;7;9;14;9;52;48;3;0;2.9;2.7;2.4;1.12;1.48;2.25;3.7;6.75;5.25;2.3;1.5;1.2;1.08;1.95;1.69;0;0;0;0;1.52;1.38;1.3;4.1;1.83;3.05;3.76;2.21;2.63;0;0;1.36;1.61;2.12;2.71;3.8;2.98;2.29;1.71;1.44;1.22;1.91;6.7;2.3;2.45;5.5;1.91;4.75;3.4;1.57;3.4;10;46;2.35;1.28;1.03;1.01;1.35;2.62;6.3;13;2.98;1.44;1.1;1.02;0;0;0;0;2;0;2;0;0;0;2;2021-02-09 14:00:00;688913;0;54;20;41;0;1;1;1;1;2;5;2;7;2;0;1;0;2;1;1;56;76;87;86;0.99;1.75;2.74;0;1;0;1;0;0;1;1;0;0;1;0;0;0;-1;-1;-1;-1;-1;-1;-1;-1;-1;14;26;41;61;81;26;46;75;55;11.02;2.39;3.95;2.27;Bengaluru;ATK Mohun Bagan;0.7;1.33;0.88;1.57;1.19;2;87;75;60;40;20;68;55;34;1.55;1.58;3.13;5284;20;Y;Y;N;N;N;N;N
1163846;5417;5424;2020/2021;complete;61510;18;-1;;90;0;1;1;7;3;10;2;0;2;2;0;0;3;3;6;8;9;11;15;13;56;44;2;2;2;3;3.35;1.08;1.35;1.95;3;5;6.5;2.7;1.67;1.29;1.12;1.8;1.83;2.55;1.42;0;0;1.3;1.28;1.65;2.7;2;3.7;2.4;2.35;3.35;0;0;1.36;1.63;2.06;2.65;3.6;2.9;2.24;1.75;1.42;1.24;1.64;7.3;2.76;1.77;8.6;2.4;3.25;4.75;1.4;2.9;6.75;13;2.6;1.33;1.06;1.02;1.24;2.24;4.8;11;3.6;1.59;1.15;1.02;0;0;0;0;1;0;0;0;1;1;0;2021-02-10 14:00:00;5424;0;27;7;14;0;1;1;4;2;3;1;6;4;0;0;2;2;0;4;1;74;74;113;120;1.32;1.45;2.77;0;0;0;0;0;0;1;1;0;0;1;0;0;0;-1;-1;-1;-1;-1;-1;-1;-1;-1;7;7;14;34;59;7;26;47;20;9.32;3.49;3.99;1.2;Chennaiyin;Jamshedpur;0.7;1.6;0.71;1.63;1.06;1.13;93;93;87;67;41;54;41;34;1.63;1.37;3;5284;20;Y;N;N;N;N;N;N
1163847;5419;5422;2020/2021;complete;61510;18;-1;45,74;52,68;2;2;4;2;6;8;2;1;0;1;0;0;4;10;5;17;9;27;10;16;43;57;0;1;3.05;3.35;2;1.03;1.2;1.65;2.63;5;15;4.33;2.2;1.44;1.17;1.56;2.15;4.5;1.16;0;0;1.72;1.2;1.33;3.6;2.4;2.63;3.3;2.65;2.35;0;0;1.28;1.48;1.89;2.53;3.1;3.3;2.56;1.91;1.49;1.31;2.43;6.8;1.82;2.3;13;1.67;5.75;3.75;1.3;2.4;5.25;12;3.25;1.52;1.13;1.03;1.15;1.85;3.75;7.5;4.7;1.9;1.22;1.07;0;0;0;0;4;1;0;1;2;3;1;2021-02-11 14:00:00;-1;0;64;29;50;0;1;1;1;3;1;3;4;4;0;1;0;0;1;0;1;53;90;97;117;1.24;3.04;4.28;0;0;0;0;0;0;1;1;0;0;0;1;0;0;-1;-1;-1;-1;-1;-1;-1;-1;-1;29;43;57;72;93;43;86;64;57;9;3.43;5.72;3;Odisha FC;Kerala Blasters;0.5;0.6;0.14;0.71;0.53;0.94;72;57;43;29;7;64;57;50;1.21;1.5;2.71;5284;20;Y;Y;Y;Y;N;N;Y
1163848;5430;674110;2020/2021;complete;61510;19;-1;59;90;1;1;2;1;6;7;2;1;2;1;0;1;4;2;3;7;7;9;7;10;45;55;2;3;3.15;2.95;2.15;1.08;1.36;1.95;3;5.25;6.5;2.7;1.67;1.29;1.12;1.77;1.87;3.3;1.27;0;0;1.6;1.32;1.28;4;1.95;2.8;3.5;2.35;2.45;0;0;1.31;1.55;1.95;2.55;3.3;3.1;2.39;1.8;1.48;1.28;2.25;5.75;1.83;2.45;6.5;1.8;4.95;3.3;1.47;2.95;6.5;13;2.5;1.34;1.07;1.02;1.28;2.3;4.8;11;3.4;1.57;1.15;1.03;0;0;0;0;2;0;0;1;1;2;0;2021-02-12 14:00:00;-1;0;44;7;38;0;1;1;1;2;0;4;3;4;0;0;2;2;0;4;1;61;85;108;106;1.17;1.32;2.5;0;0;0;0;0;0;1;1;0;0;0;0;0;0;-1;-1;-1;-1;-1;-1;-1;-1;-1;13;25;25;63;76;19;44;57;51;9.63;2;3.75;2.07;East Bengal;Hyderabad;0.8;1.5;0.88;1.63;1;1.44;88;75;75;38;26;63;44;25;1.18;1.57;2.75;5284;20;Y;Y;N;N;N;N;Y
1163849;5417;5421;2020/2021;complete;61510;19;-1;13,60;19,90;2;2;4;3;4;7;2;2;3;2;0;0;5;5;7;6;12;11;20;10;36;64;3;2;2.6;3.05;2.4;1.07;1.32;1.87;2.85;4.75;7;2.85;1.74;1.32;1.14;1.71;1.95;3.2;1.29;0;0;1.42;1.25;1.4;3.25;2.05;3.1;2.9;2.35;2.85;0;0;1.33;1.58;1.99;2.62;3.5;3;2.33;1.81;1.47;1.26;1.95;5.5;2.15;2.05;7;2;4.4;3.8;1.42;3.24;7.6;15;2.65;1.25;1.05;1.02;1.26;2.25;5;10;3.5;1.6;1.14;1.04;0;0;0;0;4;1;1;1;1;2;2;2021-02-13 14:00:00;-1;0;50;13;32;0;1;1;2;2;1;2;4;3;0;0;3;2;0;5;1;60;76;82;105;1.54;1.6;3.13;0;1;0;1;0;0;1;1;0;0;0;0;0;0;-1;-1;-1;-1;-1;-1;-1;-1;-1;13;19;32;50;75;13;38;69;38;11.13;4.13;3.26;1.94;Chennaiyin;Goa;0.7;1.64;0.63;1.63;1;1.44;88;82;69;50;25;51;38;25;1.59;1.66;3.25;5284;20;Y;Y;Y;Y;N;N;Y
1163850;5420;5419;2020/2021;complete;61510;19;-1;9,19,24;45;3;1;4;5;8;13;1;0;1;5;1;0;10;5;6;9;16;14;22;21;45;55;2;5;1.69;3.15;4.45;1.09;1.36;2;3.2;5.5;6.25;2.65;1.65;1.26;1.11;1.95;1.69;2.3;1.56;0;0;1.22;1.22;1.91;2.5;2.1;4.75;2.2;2.35;4.33;0;0;1.25;1.47;1.77;2.38;3.25;3.7;2.6;1.95;1.54;1.3;1.45;6.25;3.1;1.53;8.25;2.75;2.9;6;1.44;3.25;9;26;2.63;1.33;1.07;1.01;1.29;2.25;5.5;15;3.5;1.57;1.14;1.03;0;0;0;0;4;3;1;0;0;0;4;2021-02-14 11:30:00;5420;0;57;19;25;0;1;1;3;1;1;7;4;8;0;3;2;2;3;4;1;82;79;75;65;2.29;1.79;4.08;0;0;0;0;0;0;1;1;1;0;2;0;0;1;-1;-1;-1;-1;-1;-1;-1;-1;-1;13;32;38;69;88;38;63;82;38;9.13;4.63;4.13;2.51;NorthEast United;Odisha FC;1.73;0.7;1.5;0.88;1.44;0.56;88;69;63;32;13;75;57;32;1.37;1.56;2.93;5284;20;Y;Y;Y;Y;N;N;Y
1163851;688913;5424;2020/2021;complete;61510;19;-1;85;;1;0;1;7;1;8;2;1;1;1;0;0;5;2;3;2;8;4;16;16;55;45;1;1;1.91;2.8;4;1.11;1.42;2.15;3.5;6.5;5.5;2.45;1.54;1.22;1.09;1.95;1.71;2.25;1.59;0;0;1.24;1.3;1.72;2.66;2;4.5;2.41;2.28;4.1;0;0;1.35;1.61;2;2.55;3.5;3;2.24;1.74;1.48;1.25;1.74;5.75;2.45;1.75;7.2;2.58;3.15;5.75;1.5;3;6.75;13;2.4;1.33;1.07;1.01;1.32;2.5;5.5;13;3.14;1.48;1.11;1.02;0;0;0;0;1;0;0;1;0;1;0;2021-02-14 14:00:00;688913;0;24;6;18;0;1;1;3;0;4;1;3;5;0;0;1;1;0;2;1;69;54;101;112;1.36;0.8;2.16;0;0;0;0;0;0;1;1;0;0;1;0;0;0;-1;-1;-1;-1;-1;-1;-1;-1;-1;7;7;12;36;89;6;29;72;30;6.92;3.57;4.86;1.49;ATK Mohun Bagan;Jamshedpur;2.55;1.6;2.38;1.78;2.06;1.24;94;94;89;65;11;53;41;29;1.49;1.38;2.87;5284;20;Y;N;N;N;N;N;N
1163852;5416;5425;2020/2021;complete;61510;19;-1;50,72;1,22,57,90;2;4;6;10;3;13;0;3;1;7;0;0;8;9;13;3;21;12;13;12;71;29;1;7;1.61;3.35;4.75;1.1;1.43;2.1;3.5;6.25;6;2.45;1.56;1.22;1.09;2.25;1.53;2.15;1.59;0;0;1.25;1.28;1.7;2.55;2.05;4.2;2.35;2.3;3.75;0;0;1.31;1.54;1.98;2.68;3.3;3.1;2.42;1.81;1.44;1.28;1.61;6;2.6;1.71;6.25;2.55;2.8;4.8;1.45;3.15;7;14;2.55;1.28;1.04;0;1.32;2.5;5.5;13;3.14;1.5;1.11;1.02;0;0;0;0;6;0;2;2;2;4;2;2021-02-15 14:00:00;5425;0;57;19;26;0;1;1;2;2;8;1;4;9;1;3;0;4;4;4;1;102;57;121;85;2.61;1.8;4.41;0;0;0;0;0;0;1;1;0;1;0;1;0;0;-1;-1;-1;-1;-1;-1;-1;-1;-1;7;19;50;82;94;44;88;63;38;8.26;2.13;5.38;2.57;Mumbai City;Bengaluru;1.83;1.5;1.88;1.5;2.13;1.12;94;82;50;19;7;38;25;25;1.47;1.33;2.8;5284;20;Y;Y;Y;Y;Y;Y;Y
1163853;674110;5422;2020/2021;complete;61510;20;-1;58,63,86,90;;4;0;4;5;3;8;3;0;0;4;0;0;6;3;5;1;11;4;12;24;59;41;0;4;2.15;2.95;3.1;1.07;1.32;1.87;2.85;4.75;7;2.85;1.74;1.32;1.14;1.69;1.95;3;1.32;0;0;1.35;1.32;1.52;3;2.2;3.4;2.55;2.5;3.1;0;0;1.38;1.65;2.16;2.84;3.8;2.9;2.23;1.69;1.4;1.22;1.77;5.75;2.4;1.8;12;2.2;3.75;4.9;1.38;2.65;6;14;2.85;1.42;1.1;1.01;1.19;2.05;4.38;9;4.1;1.72;1.19;1.05;0;0;0;0;4;0;0;4;0;4;0;2021-02-16 14:00:00;674110;0;69;13;63;0;1;1;0;3;5;0;3;5;0;1;0;3;1;3;1;72;52;105;74;1.64;0.84;2.48;1;0;1;0;0;0;1;1;0;0;0;1;0;0;-1;-1;-1;-1;-1;-1;-1;-1;-1;26;44;51;88;88;19;69;82;63;9.51;3.25;3.88;3;Hyderabad;Kerala Blasters;1.4;0.6;1.25;0.75;1.41;0.94;76;57;51;13;13;38;38;32;1.59;1.69;3.28;5284;20;Y;Y;Y;Y;N;N;N
1163854;5421;5419;2020/2021;complete;61510;20;-1;18,26,75;30;3;1;4;9;2;11;2;0;1;1;0;0;6;4;12;4;18;8;13;10;65;35;1;1;1.4;4.05;5.75;1.04;1.22;1.61;2.4;3.85;10;3.5;2.05;1.43;1.19;1.74;1.87;2.15;1.65;0;0;1.03;1.17;2.55;2.06;2.5;5.98;1.73;2.7;5.5;0;0;1.23;1.42;1.87;2.23;3.05;3.95;2.75;1.83;1.6;1.35;1.27;7;4.4;1.33;11.5;3.5;2.4;8;1.33;2.62;6;17;3.34;1.5;1.13;1.03;1.17;1.83;3.75;9;5;1.83;1.25;1.07;0;0;0;0;4;2;1;1;0;1;3;2021-02-17 14:00:00;5421;0;71;24;30;0;1;1;2;2;7;0;4;7;0;1;1;0;1;1;1;85;41;94;79;2.16;1.09;3.25;0;0;0;0;0;0;1;1;0;0;1;0;0;0;-1;-1;-1;-1;-1;-1;-1;-1;-1;6;35;47;83;95;41;77;78;42;9.58;4.71;4.92;2.71;Goa;Odisha FC;1.36;0.7;1.25;0.78;1.41;0.53;95;66;53;18;6;64;58;41;1.66;1.59;3.25;5284;20;Y;Y;Y;Y;N;N;Y
1163855;5417;5420;2020/2021;complete;61510;20;-1;8,50,51;14,43,90;3;3;6;3;4;7;0;1;3;1;0;0;7;7;5;4;12;11;18;15;45;55;3;1;2.7;2.95;2.4;1.09;1.35;1.91;3;5.5;6.5;2.7;1.71;1.29;1.1;1.74;1.87;2.3;1.51;0;0;1.25;1.32;1.65;2.65;2;4.2;2.4;2.35;3.7;0;0;1.22;1.42;1.74;2.23;3;4;2.75;2.02;1.61;1.35;2.49;6.5;1.92;1.72;8.75;2.4;3.1;5;1.48;3.1;7.25;13;2.5;1.32;1.06;1.01;1.3;2.35;5.3;12;3.26;1.54;1.12;1.02;0;0;0;0;6;1;2;2;1;3;3;2021-02-18 14:00:00;-1;0;54;25;30;0;1;1;2;2;1;1;4;2;0;0;3;1;0;4;1;77;79;120;126;1.81;1.76;3.57;1;1;1;1;0;0;1;1;1;0;1;0;0;0;-1;-1;-1;-1;-1;-1;-1;-1;-1;6;30;43;61;72;37;49;66;43;9.19;3.14;4.13;2.1;Chennaiyin;NorthEast United;0.7;1.36;0.67;1.38;1;1.53;95;71;58;40;29;53;41;24;1.59;1.34;2.93;5284;20;Y;Y;Y;Y;Y;Y;Y
1163856;688913;5430;2020/2021;complete;61510;20;-1;15,72,89;41;3;1;4;4;6;10;4;1;3;5;0;0;8;0;6;7;14;7;15;15;45;55;3;5;1.69;3.1;4.65;1.08;1.36;2;3.1;5.5;6.5;2.7;1.65;1.27;1.11;1.91;1.71;2;1.71;0;0;1.22;1.35;1.85;2.78;2.04;4.93;2.4;2.2;4.33;0;0;1.31;1.53;1.97;2.67;3.3;3.1;2.37;1.83;1.4;1.28;1.67;6;2.45;1.7;7;2.7;2.6;6.5;1.48;3.1;6.75;14;2.45;1.31;1.05;1.01;1.32;2.42;5.9;12;3.14;1.51;1.11;1.03;0;0;0;0;4;1;1;2;0;2;2;2021-02-19 14:00:00;688913;0;36;0;24;0;1;1;0;3;4;3;3;7;1;1;2;4;2;6;1;83;74;82;94;2.03;0.98;3.01;0;0;0;0;0;0;1;1;0;0;0;0;0;0;-1;-1;-1;-1;-1;-1;-1;-1;-1;12;12;25;54;94;0;55;82;36;8.55;4.61;4.81;1.96;ATK Mohun Bagan;East Bengal;2.55;0.9;2.44;1.13;2.12;1;89;89;76;46;7;54;29;24;1.47;1.2;2.67;5284;20;Y;Y;Y;Y;N;N;Y
1163857;5424;5416;2020/2021;complete;61510;20;-1;72,90;;2;0;2;6;7;13;1;2;1;1;0;0;4;2;3;1;7;3;16;9;38;62;1;1;4.1;3.1;1.77;1.07;1.3;1.83;2.85;4.75;7.25;2.9;1.77;1.32;1.14;1.74;1.91;3.6;1.22;0;0;1.58;1.38;1.25;4.15;1.83;2.8;3.6;2.2;2.45;0;0;1.3;1.55;1.95;2.6;3.6;3.35;2.38;1.8;1.46;1.26;2.35;5.75;1.8;2.4;6.25;1.77;5.75;3.5;1.45;2.8;6;11;2.45;1.36;1.07;1.02;1.25;2.15;4.9;10;3.6;1.59;1.14;1.04;0;0;0;0;2;0;0;2;0;2;0;2021-02-20 14:00:00;5424;0;63;13;32;0;1;1;3;2;3;5;5;8;0;0;1;1;0;2;1;65;56;79;99;1.19;0.75;1.94;0;0;0;0;0;0;1;1;0;0;0;0;0;0;-1;-1;-1;-1;-1;-1;-1;-1;-1;7;19;57;69;94;26;76;82;50;9.13;2.38;5;2.44;Jamshedpur;Mumbai City;1.1;2.09;0.63;2.38;1.17;2;94;82;44;32;7;57;44;38;1.38;1.43;2.81;5284;20;Y;Y;N;N;N;N;N
1163858;5425;5421;2020/2021;complete;61510;21;-1;33;20,23;1;2;3;4;4;8;2;1;2;1;0;0;4;6;7;7;11;13;16;12;38;62;2;1;2.9;3.05;2.2;1.06;1.27;1.77;2.6;4.25;8;3.15;1.83;1.38;1.16;1.61;2.1;3.3;1.26;0;0;1.42;1.35;1.32;3.5;1.91;2.95;3.3;2.2;2.6;0;0;1.28;1.47;1.88;2.51;3.1;3.4;2.59;1.92;1.5;1.32;2.75;6;1.59;2.2;6.75;1.87;4.75;3.8;1.43;2.9;6;11;2.5;1.33;1.08;1.02;1.25;2.24;4.8;10;3.6;1.59;1.14;1.04;0;0;0;0;3;1;2;0;0;0;3;2021-02-21 11:30:00;5421;0;61;28;45;0;1;1;2;1;2;0;3;2;1;0;1;1;1;2;1;51;42;68;76;1.34;1.54;2.88;0;0;0;0;0;0;1;1;0;0;1;0;0;0;-1;-1;-1;-1;-1;-1;-1;-1;-1;11;33;45;67;89;39;67;73;50;10.78;3.33;3.88;2.56;Bengaluru;Goa;0.7;1.64;0.78;1.56;1.22;1.5;89;67;56;33;11;45;28;28;1.49;1.66;3.15;5284;20;Y;Y;Y;N;N;N;Y
1163859;5422;5417;2020/2021;complete;61510;21;-1;29;10;1;1;2;9;6;15;4;3;1;5;0;1;7;3;12;6;19;9;9;14;56;44;1;6;2.95;2.8;2.3;1.08;1.29;1.87;2.8;5;6.75;2.95;1.74;1.32;1.12;1.65;2;3.05;1.29;0;0;1.4;1.4;1.35;3.4;1.8;3.4;2.9;2.25;2.9;0;0;1.32;1.56;2.03;2.76;3.4;3.1;2.37;1.77;1.42;1.28;2.15;5.5;1.95;2.05;6.5;2;4.4;4.4;1.47;2.8;6.5;13;2.4;1.35;1.07;1.02;1.22;2;4.5;10;3.8;1.69;1.16;1.04;0;0;0;0;2;1;1;0;0;0;2;2021-02-21 14:00:00;-1;0;62;22;11;0;1;1;6;4;3;2;10;5;0;2;1;4;2;5;1;96;53;95;72;2.37;1.16;3.53;1;0;1;0;0;0;1;1;0;1;1;1;0;1;-1;-1;-1;-1;-1;-1;-1;-1;-1;6;17;50;73;84;33;73;78;28;11.11;2.89;4;2.34;Kerala Blasters;Chennaiyin;1.1;1.3;1.11;1.33;0.89;1;95;84;50;28;17;67;56;45;1.45;1.61;3.06;5284;20;Y;Y;N;N;N;N;Y
1163860;674110;688913;2020/2021;complete;61510;21;-1;8,74;57,90;2;2;4;3;4;7;0;2;3;4;1;0;5;3;2;5;7;8;15;21;39;61;5;4;2.9;2.55;2.55;1.13;1.48;2.2;3.5;6;4.8;2.3;1.51;1.22;1.09;1.91;1.74;0;0;0;0;1.44;1.36;1.36;3.7;1.8;3.5;3.25;2.1;3.1;0;0;1.35;1.62;2.05;2.69;3.5;3.02;2.2;1.72;1.45;1.27;1.78;7;2.48;2.15;6;2.1;0;0;1.6;3.7;8.75;0;2.2;1.24;1.04;0;1.39;2.65;6.7;15;2.82;1.44;1.09;1.02;0;0;0;0;4;1;0;1;2;3;1;2021-02-22 14:00:00;-1;0;53;7;41;0;1;1;1;3;2;1;4;3;2;1;2;3;3;5;1;43;65;76;77;1.11;1.18;2.29;0;0;0;0;0;0;1;1;1;0;0;0;1;0;-1;-1;-1;-1;-1;-1;-1;-1;-1;12;23;41;82;89;13;47;82;60;9.69;2.72;2.49;2.46;Hyderabad;ATK Mohun Bagan;1.4;1.33;1.44;1.75;1.5;2.17;89;78;60;18;12;55;43;18;1.59;1.6;3.19;5284;20;Y;Y;Y;Y;N;N;Y
1163861;5430;5420;2020/2021;complete;61510;21;-1;86;48,55;1;2;3;5;4;9;0;3;4;0;1;0;3;6;4;5;7;11;16;14;53;47;5;0;3.75;3.25;1.8;1.07;1.28;1.83;2.9;4.85;7.5;3.05;1.77;1.31;1.13;1.77;1.87;0;0;0;0;1.59;1.32;1.3;4.05;2.1;3;3.5;2.25;2.7;0;0;1.27;1.45;1.84;2.43;3.4;3.55;2.67;1.96;1.53;1.29;1.97;6.7;2.2;2.3;7.5;1.88;0;0;1.47;3.37;8.1;17;2.69;1.32;1.06;1.01;1.3;2.38;5;15;3.2;1.53;1.13;1.03;0;0;0;0;3;0;0;1;2;3;0;2021-02-23 14:00:00;5420;0;67;22;50;0;1;1;4;3;1;1;7;2;2;0;3;0;2;3;1;75;56;96;90;1.2;1.52;2.72;0;0;0;0;0;0;1;1;0;0;0;1;0;0;-1;-1;-1;-1;-1;-1;-1;-1;-1;6;33;45;84;89;45;61;73;67;8.11;2.33;4.44;2.61;East Bengal;NorthEast United;0.8;1.36;0.89;1.33;0.94;1.5;95;67;56;17;11;50;39;22;1.18;1.39;2.57;5284;20;Y;Y;Y;N;N;N;Y
1163862;5419;5416;2020/2021;complete;61510;21;-1;9;13,38,43,44,47,86;1;6;7;3;5;8;1;1;3;1;0;0;2;12;4;12;6;24;10;7;18;82;3;1;6.5;4.4;1.31;1.04;1.24;1.67;2.65;4.85;9.75;3.45;1.95;1.36;1.13;2;1.67;0;0;0;0;2.35;1.17;1.1;5.5;2.3;2.1;5;2.75;1.83;0;0;1.21;1.4;1.74;2.25;2.95;4.1;2.8;2.07;1.62;1.37;4.2;6.75;1.3;3.2;10;1.4;0;0;1.36;2.63;7;19;3;1.44;1.1;1.02;1.2;1.91;4;11;4.33;1.8;1.22;1.05;0;0;0;0;7;1;4;0;2;2;5;2021-02-24 14:00:00;5416;0;48;13;25;0;1;1;1;2;2;3;3;5;2;1;1;0;3;1;1;41;69;58;92;0.82;2.84;3.66;1;1;1;0;0;1;1;1;1;0;0;0;0;0;-1;-1;-1;-1;-1;-1;-1;-1;-1;7;25;43;60;100;25;78;76;42;8.75;2.02;5.28;2.32;Odisha FC;Mumbai City;0.5;2.09;0.25;2.11;0.5;1.89;94;76;58;41;0;60;47;41;1.22;1.36;2.58;5284;20;Y;Y;Y;Y;Y;Y;Y
1163863;5424;5425;2020/2021;complete;61510;22;-1;16,34,41;62,71;3;2;5;1;10;11;2;0;2;3;0;0;7;6;5;9;12;15;13;15;35;65;2;3;2.65;2.75;2.6;1.1;1.38;2.05;3.45;6.75;6;2.55;1.59;1.24;1.08;1.8;1.8;0;0;0;0;1.38;1.32;1.48;2.98;2.03;3.45;2.7;2.4;3.1;0;0;1.35;1.61;2.11;2.6;3.5;3;2.27;1.7;1.44;1.25;1.8;5.75;2.35;1.9;9.5;2.1;0;0;1.45;2.98;7.25;15;2.55;1.32;1.06;1.02;1.24;2.3;5;11;3.55;1.56;1.17;1.03;0;0;0;0;5;3;0;0;2;2;3;2021-02-25 14:00:00;5424;0;73;11;44;0;1;1;1;2;0;8;3;8;0;1;2;2;1;4;1;51;76;117;129;1.63;1.92;3.55;0;0;0;0;0;0;1;1;0;0;1;0;0;0;-1;-1;-1;-1;-1;-1;-1;-1;-1;11;28;67;84;95;28;84;78;67;7.89;2.56;4.67;2.89;Jamshedpur;Bengaluru;1.1;1.5;0.89;1.67;1.26;1.16;89;73;33;17;6;50;34;28;1.36;1.39;2.75;5284;20;Y;Y;Y;Y;Y;N;Y
1163864;5420;5422;2020/2021;complete;61510;22;-1;34,45;;2;0;2;3;10;13;3;0;2;0;0;0;3;0;4;10;7;10;7;10;54;46;2;0;1.69;3.4;4.1;1.06;1.27;1.8;2.95;5.5;8;3.1;1.8;1.3;1.11;1.77;1.83;0;0;0;0;1.3;1.26;1.71;2.88;2.1;3.6;2.5;2.5;3.2;0;0;1.28;1.53;1.97;2.67;3.1;3.3;2.43;1.82;1.45;1.32;1.89;6.8;2.32;1.73;8;2.3;0;0;1.4;3;8;23;2.75;1.36;1.08;1.01;1.22;2.1;4.5;11;4;1.67;1.18;1.05;0;0;0;0;2;2;0;0;0;0;2;2021-02-26 14:00:00;5420;0;62;28;45;0;1;1;3;6;0;4;9;4;0;0;2;0;0;2;1;48;66;70;68;1;1.1;2.1;0;0;0;0;0;0;1;1;0;0;1;1;0;0;-1;-1;-1;-1;-1;-1;-1;-1;-1;22;50;56;78;89;33;62;78;56;9.11;4.89;4.56;3.06;NorthEast United;Kerala Blasters;1.73;0.6;1.67;0.67;1.58;0.89;78;50;45;22;11;61;44;39;1.47;1.59;3.06;5284;20;Y;Y;N;N;N;N;N
1163865;5419;5430;2020/2021;complete;61510;22;-1;33,49,51,65,67,69;24,36,59,74,90;6;5;11;2;5;7;2;3;2;2;0;0;8;7;5;7;13;14;13;10;33;67;2;2;3.75;3.4;1.74;1.04;1.21;1.62;2.4;4.2;9.75;3.65;2.05;1.43;1.17;1.59;2.1;0;0;0;0;1.92;1.26;1.19;4;2.25;2.6;4.1;2.55;2.12;0;0;1.27;1.5;1.88;2.45;3.4;3.55;2.48;1.93;1.5;1.29;2.43;6.8;1.82;2.4;9;1.62;0;0;1.33;2.53;6;13;3.1;1.47;1.11;1.02;1.25;2;4;9;3.74;1.74;1.22;1.05;0;0;0;0;11;1;2;5;3;8;3;2021-02-27 14:00:00;5419;0;62;22;28;0;1;1;2;4;0;1;6;1;0;1;2;1;1;3;1;48;79;59;118;1.72;1.95;3.67;0;0;0;0;0;0;1;1;0;0;0;0;0;0;-1;-1;-1;-1;-1;-1;-1;-1;-1;17;33;56;73;95;28;95;73;50;8.67;3.44;5.12;2.83;Odisha FC;East Bengal;0.5;0.9;0.22;1;0.47;0.89;84;67;45;28;6;62;39;28;1.17;1.18;2.35;5284;20;Y;Y;Y;Y;Y;Y;Y
1163866;5421;674110;2020/2021;complete;61510;22;-1;;;0;0;0;2;7;9;3;0;5;2;1;1;0;2;9;3;9;5;22;18;50;50;6;4;2.05;3.25;3;1.04;1.2;1.61;2.4;4.15;10.25;3.75;2.05;1.43;1.17;1.51;2.25;0;0;0;0;1.3;1.25;1.6;2.88;2.25;3.4;2.5;2.6;3;0;0;1.35;1.62;2.1;2.71;3.4;3;2.2;1.69;1.44;1.29;1.7;6.15;2.8;1.73;11.5;2.2;0;0;1.33;2.4;6.5;19;3.25;1.5;1.11;1.02;1.17;1.8;3.7;7.5;4.7;1.95;1.25;1.07;0;0;0;0;0;0;0;0;0;0;0;2021-02-28 11:30:00;-1;0;61;22;33;0;1;1;0;2;2;5;2;7;1;1;5;2;2;7;1;41;82;71;83;0.87;1.05;1.92;0;0;0;0;0;0;1;1;0;0;0;0;0;0;-1;-1;-1;-1;-1;-1;-1;-1;-1;11;28;39;73;84;22;56;73;44;9.78;4.22;3.55;2.39;Goa;Hyderabad;1.36;1.5;1.44;1.56;1.58;1.47;89;73;61;28;17;56;39;33;1.72;1.54;3.26;5284;20;N;N;N;N;N;N;N
1163867;5416;688913;2020/2021;complete;61510;22;-1;7,39;;2;0;2;4;6;10;0;1;4;2;0;0;4;2;10;20;14;22;16;19;46;54;4;2;2.2;2.9;3.05;1.08;1.31;1.87;3;5.75;7;2.9;1.71;1.29;1.1;1.69;1.95;0;0;0;0;1.33;1.3;1.42;3.1;2.05;3.6;2.85;2.25;3.1;0;0;1.28;1.5;1.87;2.4;3.1;3.3;2.45;1.87;1.53;1.32;1.69;7;2.67;1.73;7;2.3;0;0;1.53;3.4;10;26;2.35;1.3;1.06;1.01;1.33;2.45;5.5;12;3;1.52;1.11;1.03;0;0;0;0;2;2;0;0;0;0;2;2021-02-28 14:00:00;5416;0;56;22;33;0;1;1;1;2;3;4;3;7;2;1;2;1;3;3;1;38;81;83;90;1.44;2.1;3.54;0;0;0;0;0;0;1;1;1;0;0;0;0;0;-1;-1;-1;-1;-1;-1;-1;-1;-1;17;22;50;84;89;50;67;67;50;10.55;2.78;4.56;2.72;Mumbai City;ATK Mohun Bagan;1.83;1.33;1.67;1.67;1.95;2.11;84;78;50;17;11;67;56;39;1.6;1.55;3.15;5284;23;Y;Y;N;N;N;N;N
1190667;5421;5416;2020/2021;complete;61512;23;-1;20,59;38,61;2;2;4;4;8;12;0;0;3;4;0;0;4;5;3;4;7;9;11;14;53;47;3;4;2.65;2.85;2.55;1.07;1.27;1.74;2.75;4.9;7.25;3.1;1.83;1.34;1.13;1.57;2.1;0;0;0;0;1.46;1.28;1.5;3.1;2.2;3.25;2.78;2.53;2.96;0;0;1.33;1.6;1.95;2.55;3.4;3.1;2.25;1.8;1.47;1.28;2.25;6.5;2.05;1.83;10.25;2.05;0;0;1.34;2.6;5.9;21;3.1;1.46;1.1;1.02;1.19;2.03;3.9;9.5;4.2;1.73;1.21;1.04;0;0;0;0;4;1;1;1;1;2;2;2021-03-05 14:00:00;-1;1;60;20;20;0;1;1;1;4;3;4;5;7;0;2;3;2;2;5;1;47;47;118;82;1.08;1.26;2.34;1;0;1;0;0;0;1;1;0;0;1;0;0;0;-1;-1;-1;-1;-1;-1;-1;-1;-1;10;25;48;78;95;43;73;75;43;9.95;3.65;4.75;2.68;Goa;Mumbai City;1.5;1.96;1.55;2;1.55;2;90;75;53;23;5;50;40;38;1.63;1.51;3.14;5284;22;Y;Y;Y;Y;N;N;Y
1190668;5420;688913;2020/2021;complete;61512;23;-1;90;34;1;1;2;2;4;6;1;1;1;1;0;0;3;3;5;10;8;13;3;12;56;44;1;1;2.88;3;2.3;1.08;1.4;2.3;4;10;8;2.75;1.6;1.22;1.06;1.92;1.82;0;0;0;0;1.48;1.33;1.42;3.5;2.02;3.2;3.2;2.29;2.91;0;0;1.37;1.65;2.1;2.8;3.4;2.95;2.15;1.7;1.4;1.29;2.25;5.5;1.87;2.15;7.5;2.03;0;0;1.47;3.2;8.4;26;2.57;1.32;1.05;1.01;1.31;2.45;5.5;12;3.26;1.51;1.13;1.03;0;0;0;0;2;0;1;1;0;1;1;2021-03-06 14:00:00;-1;1;53;20;30;0;1;1;1;1;1;3;2;4;0;0;1;1;0;2;1;82;67;109;119;1.31;1.52;2.83;0;0;0;0;0;0;1;1;0;0;0;1;0;0;-1;-1;-1;-1;-1;-1;-1;-1;-1;10;28;43;70;93;35;53;78;50;8.4;4.05;3.95;2.48;NorthEast United;ATK Mohun Bagan;1.55;1.91;1.65;2;1.65;2;90;73;58;30;8;65;45;25;1.43;1.61;3.04;5284;22;Y;Y;N;N;N;N;Y
1190669;5416;5421;2020/2021;complete;61512;24;-1;;;0;0;0;6;9;15;0;1;2;1;0;0;2;6;3;4;5;10;18;22;45;55;2;1;2.17;3.3;2.9;1.04;1.21;1.88;2.75;4.35;9.75;3.6;1.88;1.42;1.16;1.56;2.15;0;0;0;0;1.34;1.27;1.67;2.75;2.25;3.75;2.46;2.62;3.28;0;0;1.22;1.42;1.68;2.1;2.75;4;2.75;2.1;1.68;1.42;2.05;6.5;2.25;1.62;11.25;2.38;0;0;1.31;2.43;6.1;19;3.26;1.52;1.09;1.02;1.19;1.93;4;11;4.2;1.81;1.2;1.05;0;0;0;0;0;0;0;0;0;0;0;2021-03-08 14:00:00;-1;1;62;35;35;0;1;1;3;3;2;5;6;7;1;0;1;1;1;2;1;69;79;90;99;0.96;1.62;2.58;0;0;0;0;0;0;1;1;0;0;2;0;0;0;-1;-1;-1;-1;-1;-1;-1;-1;-1;10;29;50;79;95;45;74;76;45;10.05;3.47;4.86;2.74;Mumbai City;Goa;1.96;1.5;1.95;1.52;1.95;1.52;91;72;50;22;5;53;43;41;1.58;1.65;3.23;5284;22;N;N;N;N;N;N;N
1190670;688913;5420;2020/2021;complete;61512;24;-1;38,68;74;2;1;3;4;5;9;1;3;0;1;0;0;8;6;18;9;26;15;18;12;51;49;0;1;2.2;2.8;3.5;1.11;1.5;2.5;5;11;6.5;2.5;1.5;1.17;1.05;2.09;1.69;0;0;0;0;1.22;1.35;1.5;3.1;1.91;4.33;2.68;2.19;3.8;0;0;1.33;1.59;2;2.6;3.4;3.1;2.26;1.76;1.46;1.29;1.67;6.5;3.05;1.8;6.2;2.5;0;0;1.57;3.54;10.5;26;2.31;1.27;1.03;1.01;1.36;2.66;6.8;13;2.97;1.44;1.08;1.02;0;0;0;0;3;1;0;1;1;2;1;2021-03-09 14:00:00;688913;1;55;25;35;0;1;1;3;1;1;4;4;5;0;1;0;0;1;0;1;65;71;109;122;2.66;1.88;4.54;0;1;0;0;0;1;1;1;0;0;1;0;0;0;-1;-1;-1;-1;-1;-1;-1;-1;-1;10;26;41;72;93;34;55;79;48;8.29;3.96;3.86;2.45;ATK Mohun Bagan;NorthEast United;1.91;1.55;1.95;1.62;1.95;1.62;90;74;60;29;8;62;43;24;1.53;1.4;2.93;5284;22;Y;Y;Y;N;N;N;Y
1195803;5416;688913;2020/2021;complete;61511;25;-1;29,90;18;2;1;3;1;6;7;1;2;3;3;0;0;8;3;3;10;11;13;7;8;63;37;3;3;2.5;3;2.55;1.09;1.4;2.1;3.55;7;6.25;2.5;1.57;1.22;1.07;1.95;1.71;0;0;0;0;1.32;1.35;1.5;3.05;1.9;3.8;2.7;2.3;3.3;0;0;1.27;1.5;1.87;2.4;3.4;3.55;2.45;1.87;1.53;1.29;2.15;6.5;2.15;1.9;7.75;2.2;0;0;1.52;3.4;8;0;2.35;1.28;1.05;0;1.32;2.48;6.2;13;3.2;1.5;1.1;1.02;0;0;0;0;3;1;1;1;0;1;2;2021-03-13 14:00:00;5416;1;45;18;27;0;1;1;0;0;1;6;0;7;1;0;2;3;1;5;1;46;51;101;85;1.59;1.4;2.99;0;0;0;0;0;0;1;1;0;0;0;0;0;0;-1;-1;-1;-1;-1;-1;-1;-1;-1;12;21;37;69;93;34;59;75;43;9.73;2.73;4.82;2.39;Mumbai City;ATK Mohun Bagan;1.96;1.91;1.91;2;1.91;2;89;80;64;32;7;62;50;34;1.53;1.6;3.13;5284;23;Y;Y;Y;N;N;N;Y
