ID;HOMEID;AWAYID;SEASON;STATUS;ROUNDID;GAME_WEEK;REVISED_GAME_WEEK;HOMEGOALS;AWAYGOALS;HOMEGOALCOUNT;AWAYGOALCOUNT;TOTALGOALCOUNT;TEAM_A_CORNERS;TEAM_B_CORNERS;TOTALCORNERCOUNT;TEAM_A_OFFSIDES;TEAM_B_OFFSIDES;TEAM_A_YELLOW_CARDS;TEAM_B_YELLOW_CARDS;TEAM_A_RED_CARDS;TEAM_B_RED_CARDS;TEAM_A_SHOTSONTARGET;TEAM_B_SHOTSONTARGET;TEAM_A_SHOTSOFFTARGET;TEAM_B_SHOTSOFFTARGET;TEAM_A_SHOTS;TEAM_B_SHOTS;TEAM_A_FOULS;TEAM_B_FOULS;TEAM_A_POSSESSION;TEAM_B_POSSESSION;TEAM_A_CARDS_NUM;TEAM_B_CARDS_NUM;ODDS_FT_1;ODDS_FT_X;ODDS_FT_2;ODDS_FT_OVER05;ODDS_FT_OVER15;ODDS_FT_OVER25;ODDS_FT_OVER35;ODDS_FT_OVER45;ODDS_FT_UNDER05;ODDS_FT_UNDER15;ODDS_FT_UNDER25;ODDS_FT_UNDER35;ODDS_FT_UNDER45;ODDS_BTTS_YES;ODDS_BTTS_NO;ODDS_TEAM_A_CS_YES;ODDS_TEAM_A_CS_NO;ODDS_TEAM_B_CS_YES;ODDS_TEAM_B_CS_NO;ODDS_DOUBLECHANCE_1X;ODDS_DOUBLECHANCE_12;ODDS_DOUBLECHANCE_X2;ODDS_1ST_HALF_RESULT_1;ODDS_1ST_HALF_RESULT_X;ODDS_1ST_HALF_RESULT_2;ODDS_2ND_HALF_RESULT_1;ODDS_2ND_HALF_RESULT_X;ODDS_2ND_HALF_RESULT_2;ODDS_DNB_1;ODDS_DNB_2;ODDS_CORNERS_OVER_75;ODDS_CORNERS_OVER_85;ODDS_CORNERS_OVER_95;ODDS_CORNERS_OVER_105;ODDS_CORNERS_OVER_115;ODDS_CORNERS_UNDER_75;ODDS_CORNERS_UNDER_85;ODDS_CORNERS_UNDER_95;ODDS_CORNERS_UNDER_105;ODDS_CORNERS_UNDER_115;ODDS_CORNERS_1;ODDS_CORNERS_X;ODDS_CORNERS_2;ODDS_TEAM_TO_SCORE_FIRST_1;ODDS_TEAM_TO_SCORE_FIRST_X;ODDS_TEAM_TO_SCORE_FIRST_2;ODDS_WIN_TO_NIL_1;ODDS_WIN_TO_NIL_2;ODDS_1ST_HALF_OVER05;ODDS_1ST_HALF_OVER15;ODDS_1ST_HALF_OVER25;ODDS_1ST_HALF_OVER35;ODDS_1ST_HALF_UNDER05;ODDS_1ST_HALF_UNDER15;ODDS_1ST_HALF_UNDER25;ODDS_1ST_HALF_UNDER35;ODDS_2ND_HALF_OVER05;ODDS_2ND_HALF_OVER15;ODDS_2ND_HALF_OVER25;ODDS_2ND_HALF_OVER35;ODDS_2ND_HALF_UNDER05;ODDS_2ND_HALF_UNDER15;ODDS_2ND_HALF_UNDER25;ODDS_2ND_HALF_UNDER35;ODDS_BTTS_1ST_HALF_YES;ODDS_BTTS_1ST_HALF_NO;ODDS_BTTS_2ND_HALF_YES;ODDS_BTTS_2ND_HALF_NO;OVERALLGOALCOUNT;HT_GOALS_TEAM_A;HT_GOALS_TEAM_B;GOALS_2HG_TEAM_A;GOALS_2HG_TEAM_B;GOALCOUNT_2HG;HTGOALCOUNT;DATE_UNIX;WINNINGTEAM;NO_HOME_AWAY;BTTS_POTENTIAL;BTTS_FHG_POTENTIAL;BTTS_2HG_POTENTIAL;GOALTIMINGDISABLED;CORNER_TIMINGS_RECORDED;CARD_TIMINGS_RECORDED;TEAM_A_FH_CORNERS;TEAM_B_FH_CORNERS;TEAM_A_2H_CORNERS;TEAM_B_2H_CORNERS;CORNER_FH_COUNT;CORNER_2H_COUNT;TEAM_A_FH_CARDS;TEAM_B_FH_CARDS;TEAM_A_2H_CARDS;TEAM_B_2H_CARDS;TOTAL_FH_CARDS;TOTAL_2H_CARDS;ATTACKS_RECORDED;TEAM_A_DANGEROUS_ATTACKS;TEAM_B_DANGEROUS_ATTACKS;TEAM_A_ATTACKS;TEAM_B_ATTACKS;TEAM_A_XG;TEAM_B_XG;TOTAL_XG;TEAM_A_PENALTIES_WON;TEAM_B_PENALTIES_WON;TEAM_A_PENALTY_GOALS;TEAM_B_PENALTY_GOALS;TEAM_A_PENALTY_MISSED;TEAM_B_PENALTY_MISSED;PENS_RECORDED;GOAL_TIMINGS_RECORDED;TEAM_A_0_10_MIN_GOALS;TEAM_B_0_10_MIN_GOALS;TEAM_A_CORNERS_0_10_MIN;TEAM_B_CORNERS_0_10_MIN;TEAM_A_CARDS_0_10_MIN;TEAM_B_CARDS_0_10_MIN;THROWINS_RECORDED;TEAM_A_THROWINS;TEAM_B_THROWINS;FREEKICKS_RECORDED;TEAM_A_FREEKICKS;TEAM_B_FREEKICKS;GOALKICKS_RECORDED;TEAM_A_GOALKICKS;TEAM_B_GOALKICKS;O45_POTENTIAL;O35_POTENTIAL;O25_POTENTIAL;O15_POTENTIAL;O05_POTENTIAL;O15HT_POTENTIAL;O05HT_POTENTIAL;O05_2H_POTENTIAL;O15_2H_POTENTIAL;CORNERS_POTENTIAL;OFFSIDES_POTENTIAL;CARDS_POTENTIAL;AVG_POTENTIAL;HOME_NAME;AWAY_NAME;HOME_PPG;AWAY_PPG;PRE_MATCH_HOME_PPG;PRE_MATCH_AWAY_PPG;PRE_MATCH_TEAMA_OVERALL_PPG;PRE_MATCH_TEAMB_OVERALL_PPG;U45_POTENTIAL;U35_POTENTIAL;U25_POTENTIAL;U15_POTENTIAL;U05_POTENTIAL;CORNERS_O85_POTENTIAL;CORNERS_O95_POTENTIAL;CORNERS_O105_POTENTIAL;TEAM_A_XG_PREMATCH;TEAM_B_XG_PREMATCH;TOTAL_XG_PREMATCH;COMPETITION_ID;MATCHES_COMPLETED_MINIMUM;OVER05;OVER15;OVER25;OVER35;OVER45;OVER55;BTTS
115240;1993;1967;2014/2015;complete;618;1;-1;5,20;60,75;2;2;4;-1;-1;-1;-1;-1;4;6;0;0;-1;-1;-1;-1;-1;-1;-1;-1;-1;-1;4;6;0;0;0;0;0;0;0;0;0;0;0;0;0;0;0;0;0;0;0;0;0;0;0;0;0;0;0;0;0;0;0;0;0;0;0;0;0;0;0;0;0;0;0;0;0;0;0;0;0;0;0;0;0;0;0;0;0;0;0;0;0;0;0;0;0;0;0;0;4;2;0;0;2;2;2;2014-08-09 15:30:00;-1;0;0;0;0;0;-1;1;-1;-1;-1;-1;-1;-1;3;1;1;5;4;6;-1;0;0;0;0;0;0;0;0;0;0;0;0;0;1;1;1;0;-1;-1;0;0;-1;-1;-1;-1;-1;-1;-1;-1;-1;0;0;0;0;0;0;0;0;0;0;0;0;0;Veržej;Ankaran Hrvatini;1.62;1;0;0;0;0;0;0;0;0;0;0;0;0;0;0;0;437;27;Y;Y;Y;Y;N;N;Y
115241;2001;1998;2014/2015;complete;618;1;-1;58;50,63,78,90;1;4;5;-1;-1;-1;-1;-1;2;2;0;0;-1;-1;-1;-1;-1;-1;-1;-1;-1;-1;2;2;0;0;0;0;0;0;0;0;0;0;0;0;0;0;0;0;0;0;0;0;0;0;0;0;0;0;0;0;0;0;0;0;0;0;0;0;0;0;0;0;0;0;0;0;0;0;0;0;0;0;0;0;0;0;0;0;0;0;0;0;0;0;0;0;0;0;0;0;5;0;0;1;4;5;0;2014-08-09 15:30:00;1998;0;0;0;0;0;-1;1;-1;-1;-1;-1;-1;-1;2;2;0;0;4;0;-1;0;0;0;0;0;0;0;0;0;0;0;0;0;1;1;0;0;-1;-1;0;0;-1;-1;-1;-1;-1;-1;-1;-1;-1;0;0;0;0;0;0;0;0;0;0;0;0;0;Dravinja;Tolmin;1.08;1;0;0;0;0;0;0;0;0;0;0;0;0;0;0;0;437;27;Y;Y;Y;Y;Y;N;Y
115242;1973;1968;2014/2015;complete;618;1;-1;67;;1;0;1;-1;-1;-1;-1;-1;4;5;0;0;-1;-1;-1;-1;-1;-1;-1;-1;-1;-1;4;5;0;0;0;0;0;0;0;0;0;0;0;0;0;0;0;0;0;0;0;0;0;0;0;0;0;0;0;0;0;0;0;0;0;0;0;0;0;0;0;0;0;0;0;0;0;0;0;0;0;0;0;0;0;0;0;0;0;0;0;0;0;0;0;0;0;0;0;0;1;0;0;1;0;1;0;2014-08-09 17:00:00;1973;0;0;0;0;0;-1;1;-1;-1;-1;-1;-1;-1;1;2;3;3;3;6;-1;0;0;0;0;0;0;0;0;0;0;0;0;0;1;1;0;0;-1;-1;0;0;-1;-1;-1;-1;-1;-1;-1;-1;-1;0;0;0;0;0;0;0;0;0;0;0;0;0;Krško;Triglav;2.5;0.92;0;0;0;0;0;0;0;0;0;0;0;0;0;0;0;437;27;Y;N;N;N;N;N;N
115243;1999;1994;2014/2015;complete;618;1;-1;57;38;1;1;2;-1;-1;-1;-1;-1;1;0;0;0;-1;-1;-1;-1;-1;-1;-1;-1;-1;-1;1;0;0;0;0;0;0;0;0;0;0;0;0;0;0;0;0;0;0;0;0;0;0;0;0;0;0;0;0;0;0;0;0;0;0;0;0;0;0;0;0;0;0;0;0;0;0;0;0;0;0;0;0;0;0;0;0;0;0;0;0;0;0;0;0;0;0;0;0;0;2;0;1;1;0;1;1;2014-08-10 15:30:00;-1;0;0;0;0;0;-1;1;-1;-1;-1;-1;-1;-1;1;0;0;0;1;0;-1;0;0;0;0;0;0;0;0;0;0;0;0;0;1;1;0;0;-1;-1;0;0;-1;-1;-1;-1;-1;-1;-1;-1;-1;0;0;0;0;0;0;0;0;0;0;0;0;0;Šencur;Dob;1.15;1.77;0;0;0;0;0;0;0;0;0;0;0;0;0;0;0;437;27;Y;Y;N;N;N;N;Y
115244;1971;2000;2014/2015;complete;618;1;-1;27,34;;2;0;2;-1;-1;-1;-1;-1;1;2;0;0;-1;-1;-1;-1;-1;-1;-1;-1;-1;-1;1;2;0;0;0;0;0;0;0;0;0;0;0;0;0;0;0;0;0;0;0;0;0;0;0;0;0;0;0;0;0;0;0;0;0;0;0;0;0;0;0;0;0;0;0;0;0;0;0;0;0;0;0;0;0;0;0;0;0;0;0;0;0;0;0;0;0;0;0;0;2;2;0;0;0;0;2;2014-08-10 15:30:00;1971;0;0;0;0;0;-1;1;-1;-1;-1;-1;-1;-1;0;1;1;1;1;2;-1;0;0;0;0;0;0;0;0;0;0;0;0;0;1;1;0;0;-1;-1;0;1;-1;-1;-1;-1;-1;-1;-1;-1;-1;0;0;0;0;0;0;0;0;0;0;0;0;0;Aluminij;Šmartno;2.07;0.07;0;0;0;0;0;0;0;0;0;0;0;0;0;0;0;437;27;Y;Y;N;N;N;N;N
115245;1967;1998;2014/2015;complete;618;2;-1;50,72,84;;3;0;3;-1;-1;-1;-1;-1;4;2;0;0;-1;-1;-1;-1;-1;-1;-1;-1;-1;-1;4;2;0;0;0;0;0;0;0;0;0;0;0;0;0;0;0;0;0;0;0;0;0;0;0;0;0;0;0;0;0;0;0;0;0;0;0;0;0;0;0;0;0;0;0;0;0;0;0;0;0;0;0;0;0;0;0;0;0;0;0;0;0;0;0;0;0;0;0;0;3;0;0;3;0;3;0;2014-08-16 15:30:00;1967;0;50;0;50;0;-1;1;-1;-1;-1;-1;-1;-1;3;1;1;1;4;2;-1;0;0;0;0;0;0;0;0;0;0;0;0;0;1;1;0;0;-1;-1;0;0;-1;-1;-1;-1;-1;-1;-1;-1;-1;50;50;50;50;50;0;0;50;50;0;0;2;2.5;Ankaran Hrvatini;Tolmin;2.07;1;0;3;1;3;0;0;0;0;0;0;0;0;0;0;0;437;27;Y;Y;Y;N;N;N;N
115246;1994;1971;2014/2015;complete;618;2;-1;;22;0;1;1;-1;-1;-1;-1;-1;5;3;0;0;-1;-1;-1;-1;-1;-1;-1;-1;-1;-1;5;3;0;0;0;0;0;0;0;0;0;0;0;0;0;0;0;0;0;0;0;0;0;0;0;0;0;0;0;0;0;0;0;0;0;0;0;0;0;0;0;0;0;0;0;0;0;0;0;0;0;0;0;0;0;0;0;0;0;0;0;0;0;0;0;0;0;0;0;0;1;0;1;0;0;0;1;2014-08-16 15:30:00;1971;0;0;0;0;0;-1;1;-1;-1;-1;-1;-1;-1;2;1;3;2;3;5;-1;0;0;0;0;0;0;0;0;0;0;0;0;0;1;1;0;0;-1;-1;0;0;-1;-1;-1;-1;-1;-1;-1;-1;-1;0;0;0;0;0;0;0;0;0;0;0;0;0;Dob;Aluminij;1.86;1.62;0;0;1;3;0;0;0;0;0;0;0;0;0;0;0;437;27;Y;N;N;N;N;N;N
115247;1993;1999;2014/2015;complete;618;2;-1;48,56,76;;3;0;3;-1;-1;-1;-1;-1;3;3;0;0;-1;-1;-1;-1;-1;-1;-1;-1;-1;-1;3;3;0;0;0;0;0;0;0;0;0;0;0;0;0;0;0;0;0;0;0;0;0;0;0;0;0;0;0;0;0;0;0;0;0;0;0;0;0;0;0;0;0;0;0;0;0;0;0;0;0;0;0;0;0;0;0;0;0;0;0;0;0;0;0;0;0;0;0;0;3;0;0;3;0;3;0;2014-08-16 15:30:00;1993;0;50;0;0;0;-1;1;-1;-1;-1;-1;-1;-1;2;2;1;1;4;2;-1;0;0;0;0;0;0;0;0;0;0;0;0;0;1;1;0;0;-1;-1;0;0;-1;-1;-1;-1;-1;-1;-1;-1;-1;0;50;50;50;50;50;50;50;50;0;0;4;2;Veržej;Šencur;1.62;1.21;1;0;1;1;50;0;0;0;0;0;0;0;0;0;0;437;27;Y;Y;Y;N;N;N;N
115248;1968;2001;2014/2015;complete;618;2;-1;29,70,90;16,67;3;2;5;-1;-1;-1;-1;-1;3;4;0;0;-1;-1;-1;-1;-1;-1;-1;-1;-1;-1;3;4;0;0;0;0;0;0;0;0;0;0;0;0;0;0;0;0;0;0;0;0;0;0;0;0;0;0;0;0;0;0;0;0;0;0;0;0;0;0;0;0;0;0;0;0;0;0;0;0;0;0;0;0;0;0;0;0;0;0;0;0;0;0;0;0;0;0;0;0;5;1;1;2;1;3;2;2014-08-17 15:30:00;1968;0;0;0;0;0;-1;1;-1;-1;-1;-1;-1;-1;1;3;2;1;4;3;-1;0;0;0;0;0;0;0;0;1;0;1;0;0;1;1;0;0;-1;-1;0;0;-1;-1;-1;-1;-1;-1;-1;-1;-1;0;0;0;0;0;0;0;0;0;0;0;0;0;Triglav;Dravinja;1.93;1.07;0;0;0;0;0;0;0;0;0;0;0;0;0;0;0;437;27;Y;Y;Y;Y;Y;N;Y
115249;2000;1973;2014/2015;complete;618;2;-1;28,62,84;10,31,82;3;3;6;-1;-1;-1;-1;-1;4;3;0;0;-1;-1;-1;-1;-1;-1;-1;-1;-1;-1;4;3;0;0;0;0;0;0;0;0;0;0;0;0;0;0;0;0;0;0;0;0;0;0;0;0;0;0;0;0;0;0;0;0;0;0;0;0;0;0;0;0;0;0;0;0;0;0;0;0;0;0;0;0;0;0;0;0;0;0;0;0;0;0;0;0;0;0;0;0;6;1;2;2;1;3;3;2014-08-17 15:30:00;-1;0;0;0;0;0;-1;1;-1;-1;-1;-1;-1;-1;0;0;4;3;0;7;-1;0;0;0;0;0;0;0;1;0;1;0;0;0;1;1;0;1;-1;-1;0;0;-1;-1;-1;-1;-1;-1;-1;-1;-1;0;0;0;0;0;0;0;0;0;0;0;0;0;Šmartno;Krško;0.54;1.23;0;0;0;3;0;0;0;0;0;0;0;0;0;0;0;437;27;Y;Y;Y;Y;Y;Y;Y
115250;2001;2000;2014/2015;complete;618;3;-1;90;6;1;1;2;-1;-1;-1;-1;-1;2;4;0;0;-1;-1;-1;-1;-1;-1;-1;-1;-1;-1;2;4;0;0;0;0;0;0;0;0;0;0;0;0;0;0;0;0;0;0;0;0;0;0;0;0;0;0;0;0;0;0;0;0;0;0;0;0;0;0;0;0;0;0;0;0;0;0;0;0;0;0;0;0;0;0;0;0;0;0;0;0;0;0;0;0;0;0;0;0;2;0;1;1;0;1;1;2014-08-23 15:00:00;-1;0;50;0;50;0;-1;1;-1;-1;-1;-1;-1;-1;0;2;2;2;2;4;-1;0;0;0;0;0;0;0;0;0;0;0;0;0;1;1;0;1;-1;-1;0;0;-1;-1;-1;-1;-1;-1;-1;-1;-1;50;50;50;100;100;50;50;50;50;0;0;4;3.5;Dravinja;Šmartno;1.08;0.07;0;0;0;0.5;50;50;50;0;0;0;0;0;0;0;0;437;27;Y;Y;N;N;N;N;Y
115251;1973;1994;2014/2015;complete;618;3;-1;35,54,78;20;3;1;4;-1;-1;-1;-1;-1;2;4;0;0;-1;-1;-1;-1;-1;-1;-1;-1;-1;-1;2;4;0;0;0;0;0;0;0;0;0;0;0;0;0;0;0;0;0;0;0;0;0;0;0;0;0;0;0;0;0;0;0;0;0;0;0;0;0;0;0;0;0;0;0;0;0;0;0;0;0;0;0;0;0;0;0;0;0;0;0;0;0;0;0;0;0;0;0;0;4;1;1;2;0;2;2;2014-08-23 17:00:00;1973;0;50;0;0;0;-1;1;-1;-1;-1;-1;-1;-1;1;1;1;3;2;4;-1;0;0;0;0;0;0;0;0;0;0;0;0;0;1;1;0;0;-1;-1;0;0;-1;-1;-1;-1;-1;-1;-1;-1;-1;0;0;0;50;100;0;50;100;0;0;0;4;1.5;Krško;Dob;2.5;1.77;3;1;2;0.5;100;100;100;50;0;0;0;0;0;0;0;437;27;Y;Y;Y;Y;N;N;Y
115252;1999;1967;2014/2015;complete;618;3;-1;38;9,18,54,70;1;4;5;-1;-1;-1;-1;-1;1;0;0;0;-1;-1;-1;-1;-1;-1;-1;-1;-1;-1;1;0;0;0;0;0;0;0;0;0;0;0;0;0;0;0;0;0;0;0;0;0;0;0;0;0;0;0;0;0;0;0;0;0;0;0;0;0;0;0;0;0;0;0;0;0;0;0;0;0;0;0;0;0;0;0;0;0;0;0;0;0;0;0;0;0;0;0;0;0;5;1;2;0;2;2;3;2014-08-24 15:00:00;1967;0;100;0;0;0;-1;1;-1;-1;-1;-1;-1;-1;0;0;1;0;0;1;-1;0;0;0;0;0;0;0;0;0;0;0;0;0;1;1;0;1;-1;-1;0;0;-1;-1;-1;-1;-1;-1;-1;-1;-1;0;50;50;100;100;50;100;100;50;0;0;7;3;Šencur;Ankaran Hrvatini;1.15;1;1;1;0.5;2;100;50;50;0;0;0;0;0;0;0;0;437;27;Y;Y;Y;Y;Y;N;Y
115253;1971;1993;2014/2015;complete;618;3;-1;18,22,58,60;69;4;1;5;-1;-1;-1;-1;-1;3;2;0;0;-1;-1;-1;-1;-1;-1;-1;-1;-1;-1;3;2;0;0;0;0;0;0;0;0;0;0;0;0;0;0;0;0;0;0;0;0;0;0;0;0;0;0;0;0;0;0;0;0;0;0;0;0;0;0;0;0;0;0;0;0;0;0;0;0;0;0;0;0;0;0;0;0;0;0;0;0;0;0;0;0;0;0;0;0;5;2;0;2;1;3;2;2014-08-24 15:00:00;1971;0;0;0;0;0;-1;1;-1;-1;-1;-1;-1;-1;1;0;2;2;1;4;-1;0;0;0;0;0;0;0;0;0;0;0;0;0;1;1;0;0;-1;-1;0;0;-1;-1;-1;-1;-1;-1;-1;-1;-1;0;0;0;50;50;50;50;0;0;0;0;1;1;Aluminij;Veržej;2.07;1.21;3;0;3;2;50;50;50;0;0;0;0;0;0;0;0;437;27;Y;Y;Y;Y;Y;N;Y
115254;1999;1971;2014/2015;complete;618;4;-1;69;;1;0;1;-1;-1;-1;-1;-1;6;1;0;0;-1;-1;-1;-1;-1;-1;-1;-1;-1;-1;6;1;0;0;0;0;0;0;0;0;0;0;0;0;0;0;0;0;0;0;0;0;0;0;0;0;0;0;0;0;0;0;0;0;0;0;0;0;0;0;0;0;0;0;0;0;0;0;0;0;0;0;0;0;0;0;0;0;0;0;0;0;0;0;0;0;0;0;0;0;1;0;0;1;0;1;0;2014-08-29 17:00:00;1999;0;50;25;0;0;-1;1;-1;-1;-1;-1;-1;-1;4;1;2;0;5;2;-1;0;0;0;0;0;0;0;0;0;0;0;0;0;1;1;0;0;-1;-1;0;0;-1;-1;-1;-1;-1;-1;-1;-1;-1;25;25;25;50;100;25;100;50;25;0;0;4;2.25;Šencur;Aluminij;1.15;1.62;0.5;3;0.33;3;75;75;75;50;0;0;0;0;0;0;0;437;27;Y;N;N;N;N;N;N
115255;1967;1968;2014/2015;complete;618;4;-1;12;9,37,82;1;3;4;-1;-1;-1;-1;-1;3;2;2;0;-1;-1;-1;-1;-1;-1;-1;-1;-1;-1;6;2;0;0;0;0;0;0;0;0;0;0;0;0;0;0;0;0;0;0;0;0;0;0;0;0;0;0;0;0;0;0;0;0;0;0;0;0;0;0;0;0;0;0;0;0;0;0;0;0;0;0;0;0;0;0;0;0;0;0;0;0;0;0;0;0;0;0;0;0;4;1;2;0;1;1;3;2014-08-30 14:30:00;1968;0;0;0;0;0;-1;1;-1;-1;-1;-1;-1;-1;1;2;4;0;3;4;-1;0;0;0;0;0;0;0;0;1;0;1;0;0;1;1;0;1;-1;-1;0;0;-1;-1;-1;-1;-1;-1;-1;-1;-1;0;0;50;50;100;0;0;100;50;0;0;9;2;Ankaran Hrvatini;Triglav;2.07;0.92;3;0;2.33;1.5;100;100;50;50;0;0;0;0;0;0;0;437;27;Y;Y;Y;Y;N;N;Y
115256;1994;2001;2014/2015;complete;618;4;-1;;35;0;1;1;-1;-1;-1;-1;-1;3;3;1;0;-1;-1;-1;-1;-1;-1;-1;-1;-1;-1;4;3;0;0;0;0;0;0;0;0;0;0;0;0;0;0;0;0;0;0;0;0;0;0;0;0;0;0;0;0;0;0;0;0;0;0;0;0;0;0;0;0;0;0;0;0;0;0;0;0;0;0;0;0;0;0;0;0;0;0;0;0;0;0;0;0;0;0;0;0;1;0;1;0;0;0;1;2014-08-30 14:30:00;2001;0;50;50;50;0;-1;1;-1;-1;-1;-1;-1;-1;1;2;3;1;3;4;-1;0;0;0;0;0;0;0;0;0;0;0;0;0;1;1;0;0;-1;-1;0;0;-1;-1;-1;-1;-1;-1;-1;-1;-1;50;50;50;50;100;50;100;50;50;0;0;9;3;Dob;Dravinja;1.86;1.07;0;0;0.33;0.33;50;50;50;50;0;0;0;0;0;0;0;437;27;Y;N;N;N;N;N;N
115257;1993;1973;2014/2015;complete;618;4;-1;49;82,87;1;2;3;-1;-1;-1;-1;-1;2;2;0;0;-1;-1;-1;-1;-1;-1;-1;-1;-1;-1;2;2;0;0;0;0;0;0;0;0;0;0;0;0;0;0;0;0;0;0;0;0;0;0;0;0;0;0;0;0;0;0;0;0;0;0;0;0;0;0;0;0;0;0;0;0;0;0;0;0;0;0;0;0;0;0;0;0;0;0;0;0;0;0;0;0;0;0;0;0;3;0;0;1;2;3;0;2014-08-30 14:30:00;1973;0;75;50;50;0;-1;1;-1;-1;-1;-1;-1;-1;1;0;1;2;1;3;-1;0;0;0;0;0;0;0;1;0;1;0;0;0;1;1;0;0;-1;-1;0;0;-1;-1;-1;-1;-1;-1;-1;-1;-1;50;75;100;100;100;75;75;100;100;0;0;6.5;4.75;Veržej;Krško;1.62;1.23;2;1;1.33;2.33;50;25;0;0;0;0;0;0;0;0;0;437;27;Y;Y;Y;N;N;N;Y
115258;2000;1998;2014/2015;complete;618;4;-1;64;;1;0;1;-1;-1;-1;-1;-1;2;4;0;0;-1;-1;-1;-1;-1;-1;-1;-1;-1;-1;2;4;0;0;0;0;0;0;0;0;0;0;0;0;0;0;0;0;0;0;0;0;0;0;0;0;0;0;0;0;0;0;0;0;0;0;0;0;0;0;0;0;0;0;0;0;0;0;0;0;0;0;0;0;0;0;0;0;0;0;0;0;0;0;0;0;0;0;0;0;1;0;0;1;0;1;0;2014-08-31 14:30:00;2000;0;75;50;75;0;-1;1;-1;-1;-1;-1;-1;-1;1;1;1;3;2;4;-1;0;0;0;0;0;0;0;0;0;0;0;0;0;1;1;0;0;-1;-1;0;0;-1;-1;-1;-1;-1;-1;-1;-1;-1;75;75;100;100;100;50;50;100;100;0;0;6;5;Šmartno;Tolmin;0.54;1;1;1.5;0.67;1.5;25;25;0;0;0;0;0;0;0;0;0;437;27;Y;N;N;N;N;N;N
115259;1998;1968;2014/2015;complete;618;3;-1;12,56,68;;3;0;3;-1;-1;-1;-1;-1;3;1;0;0;-1;-1;-1;-1;-1;-1;-1;-1;-1;-1;3;1;0;0;0;0;0;0;0;0;0;0;0;0;0;0;0;0;0;0;0;0;0;0;0;0;0;0;0;0;0;0;0;0;0;0;0;0;0;0;0;0;0;0;0;0;0;0;0;0;0;0;0;0;0;0;0;0;0;0;0;0;0;0;0;0;0;0;0;0;3;1;0;2;0;2;1;2014-09-03 15:00:00;1998;0;25;25;0;0;-1;1;-1;-1;-1;-1;-1;-1;2;1;1;0;3;1;-1;0;0;0;0;0;0;0;0;0;0;0;0;0;1;1;0;0;-1;-1;0;0;-1;-1;-1;-1;-1;-1;-1;-1;-1;0;25;25;25;50;25;25;50;0;0;0;3.5;1.25;Tolmin;Triglav;2.08;0.92;0;1.5;1;2;50;25;25;25;0;0;0;0;0;0;0;437;27;Y;Y;Y;N;N;N;N
115260;2001;1993;2014/2015;complete;618;5;-1;29;69,71,77;1;3;4;-1;-1;-1;-1;-1;2;4;1;0;-1;-1;-1;-1;-1;-1;-1;-1;-1;-1;3;4;0;0;0;0;0;0;0;0;0;0;0;0;0;0;0;0;0;0;0;0;0;0;0;0;0;0;0;0;0;0;0;0;0;0;0;0;0;0;0;0;0;0;0;0;0;0;0;0;0;0;0;0;0;0;0;0;0;0;0;0;0;0;0;0;0;0;0;0;4;1;0;0;3;3;1;2014-09-06 14:30:00;1993;0;100;0;75;0;-1;1;-1;-1;-1;-1;-1;-1;2;1;1;3;3;4;-1;0;0;0;0;0;0;0;0;0;0;0;0;0;1;1;0;0;-1;-1;0;0;-1;-1;-1;-1;-1;-1;-1;-1;-1;75;75;75;100;100;50;75;100;75;0;0;4;4.25;Dravinja;Veržej;1.08;1.21;0.5;0;1;1;25;25;25;0;0;0;0;0;0;0;0;437;27;Y;Y;Y;Y;N;N;Y
115261;1998;1994;2014/2015;complete;618;5;-1;5,19,76;;3;0;3;-1;-1;-1;-1;-1;2;1;0;1;-1;-1;-1;-1;-1;-1;-1;-1;-1;-1;2;2;0;0;0;0;0;0;0;0;0;0;0;0;0;0;0;0;0;0;0;0;0;0;0;0;0;0;0;0;0;0;0;0;0;0;0;0;0;0;0;0;0;0;0;0;0;0;0;0;0;0;0;0;0;0;0;0;0;0;0;0;0;0;0;0;0;0;0;0;3;2;0;1;0;1;2;2014-09-06 14:30:00;1998;0;50;25;0;0;-1;1;-1;-1;-1;-1;-1;-1;1;1;1;1;2;2;-1;0;0;0;0;0;0;0;0;0;0;0;0;0;1;1;1;0;-1;-1;0;0;-1;-1;-1;-1;-1;-1;-1;-1;-1;0;25;75;100;100;25;100;100;75;0;0;5;3;Tolmin;Dob;2.08;1.77;3;0.5;1.5;0.25;100;75;25;0;0;0;0;0;0;0;0;437;27;Y;Y;Y;N;N;N;N
115262;1973;1999;2014/2015;complete;618;5;-1;36,53;;2;0;2;-1;-1;-1;-1;-1;1;0;0;0;-1;-1;-1;-1;-1;-1;-1;-1;-1;-1;1;0;0;0;0;0;0;0;0;0;0;0;0;0;0;0;0;0;0;0;0;0;0;0;0;0;0;0;0;0;0;0;0;0;0;0;0;0;0;0;0;0;0;0;0;0;0;0;0;0;0;0;0;0;0;0;0;0;0;0;0;0;0;0;0;0;0;0;0;0;2;1;0;1;0;1;1;2014-09-06 17:00:00;1973;0;25;25;0;0;-1;1;-1;-1;-1;-1;-1;-1;0;0;1;0;0;1;-1;0;0;0;0;0;0;0;0;0;0;0;0;0;1;1;0;0;-1;-1;0;0;-1;-1;-1;-1;-1;-1;-1;-1;-1;0;25;75;75;100;25;25;100;75;0;0;6;2.75;Krško;Šencur;2.5;1.21;3;0;2.5;1;100;75;25;25;0;0;0;0;0;0;0;437;27;Y;Y;N;N;N;N;N
115263;1971;1967;2014/2015;complete;618;5;-1;14,15,33,88;;4;0;4;-1;-1;-1;-1;-1;2;1;1;0;-1;-1;-1;-1;-1;-1;-1;-1;-1;-1;3;1;0;0;0;0;0;0;0;0;0;0;0;0;0;0;0;0;0;0;0;0;0;0;0;0;0;0;0;0;0;0;0;0;0;0;0;0;0;0;0;0;0;0;0;0;0;0;0;0;0;0;0;0;0;0;0;0;0;0;0;0;0;0;0;0;0;0;0;0;4;3;0;1;0;1;3;2014-09-07 14:30:00;1971;0;75;25;25;0;-1;1;-1;-1;-1;-1;-1;-1;0;0;3;1;0;4;-1;0;0;0;0;0;0;0;0;0;0;0;0;0;1;1;0;0;-1;-1;0;0;-1;-1;-1;-1;-1;-1;-1;-1;-1;50;75;75;100;100;100;100;75;75;0;0;5;4;Aluminij;Ankaran Hrvatini;2.07;1;3;2;2.25;1.75;50;25;25;0;0;0;0;0;0;0;0;437;27;Y;Y;Y;Y;N;N;N
115264;1968;2000;2014/2015;complete;618;5;-1;1,43,46,80;;4;0;4;-1;-1;-1;-1;-1;1;0;0;1;-1;-1;-1;-1;-1;-1;-1;-1;-1;-1;1;2;0;0;0;0;0;0;0;0;0;0;0;0;0;0;0;0;0;0;0;0;0;0;0;0;0;0;0;0;0;0;0;0;0;0;0;0;0;0;0;0;0;0;0;0;0;0;0;0;0;0;0;0;0;0;0;0;0;0;0;0;0;0;0;0;0;0;0;0;4;2;0;2;0;2;2;2014-09-07 14:30:00;1968;0;75;50;50;0;-1;1;-1;-1;-1;-1;-1;-1;0;0;1;1;0;2;-1;0;0;0;0;0;0;0;0;0;0;0;0;0;1;1;1;0;-1;-1;0;0;-1;-1;-1;-1;-1;-1;-1;-1;-1;50;50;50;100;100;75;100;75;50;0;0;6;3.5;Triglav;Šmartno;1.93;0.07;3;0.5;1.5;1.25;50;50;50;0;0;0;0;0;0;0;0;437;27;Y;Y;Y;Y;N;N;N
115265;1999;2001;2014/2015;complete;618;6;-1;;55,60,71,82,86;0;5;5;-1;-1;-1;-1;-1;3;4;1;0;-1;-1;-1;-1;-1;-1;-1;-1;-1;-1;4;4;0;0;0;0;0;0;0;0;0;0;0;0;0;0;0;0;0;0;0;0;0;0;0;0;0;0;0;0;0;0;0;0;0;0;0;0;0;0;0;0;0;0;0;0;0;0;0;0;0;0;0;0;0;0;0;0;0;0;0;0;0;0;0;0;0;0;0;0;5;0;0;0;5;5;0;2014-09-12 17:00:00;2001;0;59;42;25;0;-1;1;-1;-1;-1;-1;-1;-1;2;0;2;4;2;6;-1;0;0;0;0;0;0;0;0;0;0;0;0;0;1;1;0;0;-1;-1;0;0;-1;-1;-1;-1;-1;-1;-1;-1;-1;42;42;42;59;100;42;84;75;42;0;0;6.17;2.84;Šencur;Dravinja;1.15;1.07;1.33;1.5;0.8;0.8;59;59;59;42;0;0;0;0;0;0;0;437;27;Y;Y;Y;Y;Y;N;N
115266;2001;1971;2014/2015;complete;618;7;-1;;19,90;0;2;2;-1;-1;-1;-1;-1;0;3;0;0;-1;-1;-1;-1;-1;-1;-1;-1;-1;-1;0;3;0;0;0;0;0;0;0;0;0;0;0;0;0;0;0;0;0;0;0;0;0;0;0;0;0;0;0;0;0;0;0;0;0;0;0;0;0;0;0;0;0;0;0;0;0;0;0;0;0;0;0;0;0;0;0;0;0;0;0;0;0;0;0;0;0;0;0;0;2;0;1;0;1;1;1;2014-09-20 14:00:00;1971;0;50;0;17;0;-1;1;-1;-1;-1;-1;-1;-1;0;2;0;1;2;1;-1;0;0;0;0;0;0;0;0;0;0;0;0;0;1;1;0;0;-1;-1;0;1;-1;-1;-1;-1;-1;-1;-1;-1;-1;17;34;34;50;100;0;59;75;34;0;0;4.33;2.34;Dravinja;Aluminij;1.08;1.62;0.33;1.5;1.17;2.4;84;67;67;50;0;0;0;0;0;0;0;437;27;Y;Y;N;N;N;N;N
115267;1998;1999;2014/2015;complete;618;7;-1;5,14,45;15,69;3;2;5;-1;-1;-1;-1;-1;2;3;0;0;-1;-1;-1;-1;-1;-1;-1;-1;-1;-1;2;3;0;0;0;0;0;0;0;0;0;0;0;0;0;0;0;0;0;0;0;0;0;0;0;0;0;0;0;0;0;0;0;0;0;0;0;0;0;0;0;0;0;0;0;0;0;0;0;0;0;0;0;0;0;0;0;0;0;0;0;0;0;0;0;0;0;0;0;0;5;3;1;0;1;1;4;2014-09-20 14:00:00;1998;0;0;0;0;0;-1;1;-1;-1;-1;-1;-1;-1;0;2;2;1;2;3;-1;0;0;0;0;0;0;0;0;0;0;0;0;0;1;1;1;0;-1;-1;0;0;-1;-1;-1;-1;-1;-1;-1;-1;-1;0;0;75;100;100;25;75;100;50;0;0;4;2.75;Tolmin;Šencur;2.08;1.21;3;0;1.8;0.67;100;100;25;0;0;0;0;0;0;0;0;437;27;Y;Y;Y;Y;Y;N;Y
115268;1973;1967;2014/2015;complete;618;7;-1;32,90;40;2;1;3;-1;-1;-1;-1;-1;2;3;0;0;-1;-1;-1;-1;-1;-1;-1;-1;-1;-1;2;3;0;0;0;0;0;0;0;0;0;0;0;0;0;0;0;0;0;0;0;0;0;0;0;0;0;0;0;0;0;0;0;0;0;0;0;0;0;0;0;0;0;0;0;0;0;0;0;0;0;0;0;0;0;0;0;0;0;0;0;0;0;0;0;0;0;0;0;0;3;1;1;1;0;1;2;2014-09-20 17:00:00;1973;0;50;33;0;0;-1;1;-1;-1;-1;-1;-1;-1;0;3;2;0;3;2;-1;0;0;0;0;0;0;0;0;0;0;0;0;0;1;1;0;0;-1;-1;0;0;-1;-1;-1;-1;-1;-1;-1;-1;-1;17;67;67;84;100;67;84;100;50;0;0;4.66;3.33;Krško;Ankaran Hrvatini;2.5;1;3;1.33;2.6;1.4;84;34;34;17;0;0;0;0;0;0;0;437;27;Y;Y;Y;N;N;N;Y
115269;1968;1993;2014/2015;complete;618;7;-1;11,66,72,90;43,87;4;2;6;-1;-1;-1;-1;-1;1;1;0;0;-1;-1;-1;-1;-1;-1;-1;-1;-1;-1;1;1;0;0;0;0;0;0;0;0;0;0;0;0;0;0;0;0;0;0;0;0;0;0;0;0;0;0;0;0;0;0;0;0;0;0;0;0;0;0;0;0;0;0;0;0;0;0;0;0;0;0;0;0;0;0;0;0;0;0;0;0;0;0;0;0;0;0;0;0;6;1;1;3;1;4;2;2014-09-21 14:00:00;1968;0;75;25;50;0;-1;1;-1;-1;-1;-1;-1;-1;1;1;0;0;2;0;-1;0;0;0;0;0;0;0;0;1;0;1;0;0;1;1;0;0;-1;-1;1;1;-1;-1;-1;-1;-1;-1;-1;-1;-1;50;100;100;100;100;75;100;100;100;0;0;5;4.5;Triglav;Veržej;1.93;1.21;3;1.5;1.8;1.4;50;0;0;0;0;0;0;0;0;0;0;437;27;Y;Y;Y;Y;Y;Y;Y
115270;2000;1994;2014/2015;complete;618;7;-1;;19,37,71,82,90;0;5;5;-1;-1;-1;-1;-1;1;0;0;0;-1;-1;-1;-1;-1;-1;-1;-1;-1;-1;1;0;0;0;0;0;0;0;0;0;0;0;0;0;0;0;0;0;0;0;0;0;0;0;0;0;0;0;0;0;0;0;0;0;0;0;0;0;0;0;0;0;0;0;0;0;0;0;0;0;0;0;0;0;0;0;0;0;0;0;0;0;0;0;0;0;0;0;0;0;5;0;2;0;3;3;2;2014-09-21 14:00:00;1994;0;59;42;25;0;-1;1;-1;-1;-1;-1;-1;-1;0;0;1;0;0;1;-1;0;0;0;0;0;0;0;0;1;0;1;0;0;1;1;0;0;-1;-1;0;0;-1;-1;-1;-1;-1;-1;-1;-1;-1;25;42;59;75;100;59;75;100;42;0;0;5;3.25;Šmartno;Dob;0.54;1.77;2;0.33;1;0.2;75;59;42;25;0;0;0;0;0;0;0;437;27;Y;Y;Y;Y;Y;N;N
115271;1967;2000;2014/2015;complete;618;6;-1;30,48;;2;0;2;-1;-1;-1;-1;-1;4;2;1;0;-1;-1;-1;-1;-1;-1;-1;-1;-1;-1;6;2;0;0;0;0;0;0;0;0;0;0;0;0;0;0;0;0;0;0;0;0;0;0;0;0;0;0;0;0;0;0;0;0;0;0;0;0;0;0;0;0;0;0;0;0;0;0;0;0;0;0;0;0;0;0;0;0;0;0;0;0;0;0;0;0;0;0;0;0;2;1;0;1;0;1;1;2014-09-24 14:00:00;1967;0;42;25;0;0;-1;1;-1;-1;-1;-1;-1;-1;1;0;4;2;1;6;-1;0;0;0;0;0;0;0;0;0;0;0;0;0;1;1;0;0;-1;-1;0;0;-1;-1;-1;-1;-1;-1;-1;-1;-1;0;42;67;100;100;59;75;84;42;0;0;7.67;3.09;Ankaran Hrvatini;Šmartno;2.07;0.07;1.5;0.33;1.17;0.83;100;59;34;0;0;0;0;0;0;0;0;437;27;Y;Y;N;N;N;N;N
115272;1994;1968;2014/2015;complete;618;6;-1;88;32,62;1;2;3;-1;-1;-1;-1;-1;4;4;0;1;-1;-1;-1;-1;-1;-1;-1;-1;-1;-1;4;5;0;0;0;0;0;0;0;0;0;0;0;0;0;0;0;0;0;0;0;0;0;0;0;0;0;0;0;0;0;0;0;0;0;0;0;0;0;0;0;0;0;0;0;0;0;0;0;0;0;0;0;0;0;0;0;0;0;0;0;0;0;0;0;0;0;0;0;0;3;0;1;1;1;2;1;2014-09-24 14:00:00;1968;0;17;17;0;0;-1;1;-1;-1;-1;-1;-1;-1;2;1;2;4;3;6;-1;0;0;0;0;0;0;0;0;0;0;0;0;0;1;1;0;0;-1;-1;0;0;-1;-1;-1;-1;-1;-1;-1;-1;-1;0;17;34;34;100;17;84;50;17;0;0;7.17;1.84;Dob;Triglav;1.86;0.92;0;1;0.67;2;100;84;67;67;0;0;0;0;0;0;0;437;27;Y;Y;Y;N;N;N;Y
115273;1993;1998;2014/2015;complete;618;6;-1;54;35;1;1;2;-1;-1;-1;-1;-1;3;5;0;1;-1;-1;-1;-1;-1;-1;-1;-1;-1;-1;3;7;0;0;0;0;0;0;0;0;0;0;0;0;0;0;0;0;0;0;0;0;0;0;0;0;0;0;0;0;0;0;0;0;0;0;0;0;0;0;0;0;0;0;0;0;0;0;0;0;0;0;0;0;0;0;0;0;0;0;0;0;0;0;0;0;0;0;0;0;2;0;1;1;0;1;1;2014-09-24 14:00:00;-1;0;50;0;33;0;-1;1;-1;-1;-1;-1;-1;-1;0;5;3;1;5;4;-1;0;0;0;0;0;0;0;0;0;0;0;0;0;1;1;0;0;-1;-1;0;2;-1;-1;-1;-1;-1;-1;-1;-1;-1;17;33;84;84;100;17;17;100;84;0;0;5.67;3.17;Veržej;Tolmin;1.62;1;1.33;1;1.17;2;84;67;17;17;0;0;0;0;0;0;0;437;27;Y;Y;N;N;N;N;Y
115274;1971;1973;2014/2015;complete;618;6;-1;;;0;0;0;-1;-1;-1;-1;-1;2;3;0;0;-1;-1;-1;-1;-1;-1;-1;-1;-1;-1;2;3;0;0;0;0;0;0;0;0;0;0;0;0;0;0;0;0;0;0;0;0;0;0;0;0;0;0;0;0;0;0;0;0;0;0;0;0;0;0;0;0;0;0;0;0;0;0;0;0;0;0;0;0;0;0;0;0;0;0;0;0;0;0;0;0;0;0;0;0;0;0;0;0;0;0;0;2014-09-24 14:00:00;-1;0;67;25;67;0;-1;1;-1;-1;-1;-1;-1;-1;1;0;1;3;1;4;-1;0;0;0;0;0;0;0;0;0;0;0;0;0;1;1;0;0;-1;-1;0;0;-1;-1;-1;-1;-1;-1;-1;-1;-1;42;59;84;100;100;75;75;84;67;0;0;4.83;4.09;Aluminij;Krško;2.07;1.23;3;2;2.5;2.67;59;42;17;0;0;0;0;0;0;0;0;437;27;N;N;N;N;N;N;N
115275;1967;1994;2014/2015;complete;618;8;-1;;73;0;1;1;-1;-1;-1;-1;-1;6;3;1;0;-1;-1;-1;-1;-1;-1;-1;-1;-1;-1;7;3;0;0;0;0;0;0;0;0;0;0;0;0;0;0;0;0;0;0;0;0;0;0;0;0;0;0;0;0;0;0;0;0;0;0;0;0;0;0;0;0;0;0;0;0;0;0;0;0;0;0;0;0;0;0;0;0;0;0;0;0;0;0;0;0;0;0;0;0;1;0;0;0;1;1;0;2014-09-27 14:00:00;1994;0;42;29;0;0;-1;1;-1;-1;-1;-1;-1;-1;1;1;6;2;2;8;-1;0;0;0;0;0;0;0;0;1;0;1;0;0;1;1;0;0;-1;-1;0;0;-1;-1;-1;-1;-1;-1;-1;-1;-1;13;42;71;100;100;54;84;100;42;0;0;6.83;3.25;Ankaran Hrvatini;Dob;2.07;1.77;2;1;1.43;0.57;88;59;29;0;0;0;0;0;0;0;0;437;27;Y;N;N;N;N;N;N
115276;1993;2000;2014/2015;complete;618;8;-1;13,23;;2;0;2;-1;-1;-1;-1;-1;1;2;0;0;-1;-1;-1;-1;-1;-1;-1;-1;-1;-1;1;2;0;0;0;0;0;0;0;0;0;0;0;0;0;0;0;0;0;0;0;0;0;0;0;0;0;0;0;0;0;0;0;0;0;0;0;0;0;0;0;0;0;0;0;0;0;0;0;0;0;0;0;0;0;0;0;0;0;0;0;0;0;0;0;0;0;0;0;0;2;2;0;0;0;0;2;2014-09-27 14:00:00;1993;0;50;0;13;0;-1;1;-1;-1;-1;-1;-1;-1;0;0;1;2;0;3;-1;0;0;0;0;0;0;0;0;0;0;0;0;0;1;1;0;0;-1;-1;0;0;-1;-1;-1;-1;-1;-1;-1;-1;-1;0;25;50;100;100;38;75;88;50;0;0;5.5;2.75;Veržej;Šmartno;1.62;0.07;1.25;0.25;1.14;0.71;100;75;50;0;0;0;0;0;0;0;0;437;27;Y;Y;N;N;N;N;N
115277;1999;1968;2014/2015;complete;618;8;-1;25,47;18;2;1;3;-1;-1;-1;-1;-1;5;2;0;0;-1;-1;-1;-1;-1;-1;-1;-1;-1;-1;5;2;0;0;0;0;0;0;0;0;0;0;0;0;0;0;0;0;0;0;0;0;0;0;0;0;0;0;0;0;0;0;0;0;0;0;0;0;0;0;0;0;0;0;0;0;0;0;0;0;0;0;0;0;0;0;0;0;0;0;0;0;0;0;0;0;0;0;0;0;3;1;1;1;0;1;2;2014-09-27 17:00:00;1999;0;50;25;13;0;-1;1;-1;-1;-1;-1;-1;-1;0;0;5;2;0;7;-1;0;0;0;0;0;0;0;0;0;0;0;0;0;1;1;0;0;-1;-1;0;0;-1;-1;-1;-1;-1;-1;-1;-1;-1;25;38;63;75;100;25;63;100;50;0;0;6.25;3;Šencur;Triglav;1.15;0.92;1;1.5;0.57;2.14;75;63;38;25;0;0;0;0;0;0;0;437;27;Y;Y;Y;N;N;N;Y
115278;1973;2001;2014/2015;complete;618;8;-1;66,86,90;33,65;3;2;5;-1;-1;-1;-1;-1;1;4;1;0;-1;-1;-1;-1;-1;-1;-1;-1;-1;-1;2;4;0;0;0;0;0;0;0;0;0;0;0;0;0;0;0;0;0;0;0;0;0;0;0;0;0;0;0;0;0;0;0;0;0;0;0;0;0;0;0;0;0;0;0;0;0;0;0;0;0;0;0;0;0;0;0;0;0;0;0;0;0;0;0;0;0;0;0;0;5;0;1;3;1;4;1;2014-09-27 17:00:00;1973;0;42;42;17;0;-1;1;-1;-1;-1;-1;-1;-1;1;0;1;4;1;5;-1;0;0;0;0;0;0;0;0;0;0;0;0;0;1;1;0;0;-1;-1;0;0;-1;-1;-1;-1;-1;-1;-1;-1;-1;34;46;59;71;100;42;71;84;46;0;0;5.92;3.09;Krško;Dravinja;2.5;1.07;3;2;2.43;1;67;54;42;29;0;0;0;0;0;0;0;437;27;Y;Y;Y;Y;Y;N;Y
115279;1971;1998;2014/2015;complete;618;8;-1;;73;0;1;1;-1;-1;-1;-1;-1;1;4;0;0;-1;-1;-1;-1;-1;-1;-1;-1;-1;-1;1;4;0;0;0;0;0;0;0;0;0;0;0;0;0;0;0;0;0;0;0;0;0;0;0;0;0;0;0;0;0;0;0;0;0;0;0;0;0;0;0;0;0;0;0;0;0;0;0;0;0;0;0;0;0;0;0;0;0;0;0;0;0;0;0;0;0;0;0;0;1;0;0;0;1;1;0;2014-09-28 14:00:00;1998;0;38;0;25;0;-1;1;-1;-1;-1;-1;-1;-1;0;1;1;3;1;4;-1;0;0;0;0;0;0;0;0;0;0;0;0;0;1;1;0;0;-1;-1;0;0;-1;-1;-1;-1;-1;-1;-1;-1;-1;25;38;50;75;88;38;50;75;38;0;0;6;2.75;Aluminij;Tolmin;2.07;1;2.5;1;2.29;1.86;75;63;50;25;13;0;0;0;0;0;0;437;27;Y;N;N;N;N;N;N
115280;2001;1967;2014/2015;complete;618;9;-1;;;0;0;0;-1;-1;-1;-1;-1;3;5;0;0;-1;-1;-1;-1;-1;-1;-1;-1;-1;-1;3;5;0;0;0;0;0;0;0;0;0;0;0;0;0;0;0;0;0;0;0;0;0;0;0;0;0;0;0;0;0;0;0;0;0;0;0;0;0;0;0;0;0;0;0;0;0;0;0;0;0;0;0;0;0;0;0;0;0;0;0;0;0;0;0;0;0;0;0;0;0;0;0;0;0;0;0;2014-10-04 13:00:00;-1;0;75;25;13;0;-1;1;-1;-1;-1;-1;-1;-1;0;2;3;3;2;6;-1;0;0;0;0;0;0;0;0;0;0;0;0;0;1;1;0;0;-1;-1;0;0;-1;-1;-1;-1;-1;-1;-1;-1;-1;25;63;75;100;100;50;88;100;50;0;0;4.25;3.63;Dravinja;Ankaran Hrvatini;1.08;1;0.25;1;0.88;1.25;75;38;25;0;0;0;0;0;0;0;0;437;27;N;N;N;N;N;N;N
115281;1998;1973;2014/2015;complete;618;9;-1;86;28,85,89;1;3;4;-1;-1;-1;-1;-1;3;3;0;0;-1;-1;-1;-1;-1;-1;-1;-1;-1;-1;3;3;0;0;0;0;0;0;0;0;0;0;0;0;0;0;0;0;0;0;0;0;0;0;0;0;0;0;0;0;0;0;0;0;0;0;0;0;0;0;0;0;0;0;0;0;0;0;0;0;0;0;0;0;0;0;0;0;0;0;0;0;0;0;0;0;0;0;0;0;4;0;1;1;2;3;1;2014-10-04 13:00:00;1973;0;50;33;34;0;-1;1;-1;-1;-1;-1;-1;-1;1;0;2;3;1;5;-1;0;0;0;0;0;0;0;1;0;1;0;0;0;1;1;0;0;-1;-1;0;0;-1;-1;-1;-1;-1;-1;-1;-1;-1;33;33;84;84;84;50;67;84;50;0;0;5;3.34;Tolmin;Krško;2.08;1.23;3;1.67;2;2.5;67;67;17;17;17;0;0;0;0;0;0;437;27;Y;Y;Y;Y;N;N;Y
115282;1994;1993;2014/2015;complete;618;9;-1;65;;1;0;1;-1;-1;-1;-1;-1;1;1;0;0;-1;-1;-1;-1;-1;-1;-1;-1;-1;-1;1;1;0;0;0;0;0;0;0;0;0;0;0;0;0;0;0;0;0;0;0;0;0;0;0;0;0;0;0;0;0;0;0;0;0;0;0;0;0;0;0;0;0;0;0;0;0;0;0;0;0;0;0;0;0;0;0;0;0;0;0;0;0;0;0;0;0;0;0;0;1;0;0;1;0;1;0;2014-10-04 13:00:00;1994;0;67;17;50;0;-1;1;-1;-1;-1;-1;-1;-1;1;1;0;0;2;0;-1;0;0;0;0;0;0;0;0;0;0;0;0;0;1;1;0;0;-1;-1;0;0;-1;-1;-1;-1;-1;-1;-1;-1;-1;34;50;67;67;100;34;100;67;67;0;0;6.66;3.34;Dob;Veržej;1.86;1.21;0;1;0.88;1.38;67;50;34;34;0;0;0;0;0;0;0;437;27;Y;N;N;N;N;N;N
115283;1968;1971;2014/2015;complete;618;9;-1;41;63;1;1;2;-1;-1;-1;-1;-1;1;2;0;0;-1;-1;-1;-1;-1;-1;-1;-1;-1;-1;1;2;0;0;0;0;0;0;0;0;0;0;0;0;0;0;0;0;0;0;0;0;0;0;0;0;0;0;0;0;0;0;0;0;0;0;0;0;0;0;0;0;0;0;0;0;0;0;0;0;0;0;0;0;0;0;0;0;0;0;0;0;0;0;0;0;0;0;0;0;2;1;0;0;1;1;1;2014-10-05 13:00:00;-1;0;34;34;34;0;-1;1;-1;-1;-1;-1;-1;-1;0;0;1;2;0;3;-1;0;0;0;0;0;0;0;0;0;0;0;0;0;1;1;0;0;-1;-1;0;0;-1;-1;-1;-1;-1;-1;-1;-1;-1;34;50;50;67;100;50;84;84;50;0;0;4;3.17;Triglav;Aluminij;1.93;1.62;3;2;1.88;2;67;50;50;34;0;0;0;0;0;0;0;437;27;Y;Y;N;N;N;N;Y
115284;2000;1999;2014/2015;complete;618;9;-1;83;30,43,68;1;3;4;-1;-1;-1;-1;-1;3;1;1;0;-1;-1;-1;-1;-1;-1;-1;-1;-1;-1;4;1;0;0;0;0;0;0;0;0;0;0;0;0;0;0;0;0;0;0;0;0;0;0;0;0;0;0;0;0;0;0;0;0;0;0;0;0;0;0;0;0;0;0;0;0;0;0;0;0;0;0;0;0;0;0;0;0;0;0;0;0;0;0;0;0;0;0;0;0;4;0;2;1;1;2;2;2014-10-05 13:00:00;1999;0;33;33;17;0;-1;1;-1;-1;-1;-1;-1;-1;2;0;2;1;2;3;-1;0;0;0;0;0;0;0;0;0;0;0;0;0;1;1;0;0;-1;-1;0;0;-1;-1;-1;-1;-1;-1;-1;-1;-1;50;50;67;84;100;50;67;100;50;0;0;4.33;3.67;Šmartno;Šencur;0.54;1.21;1.33;0;0.63;0.88;50;50;33;17;0;0;0;0;0;0;0;437;27;Y;Y;Y;Y;N;N;Y
115285;1967;1993;2014/2015;complete;618;10;-1;69,77;90;2;1;3;-1;-1;-1;-1;-1;2;4;0;0;-1;-1;-1;-1;-1;-1;-1;-1;-1;-1;2;4;0;0;0;0;0;0;0;0;0;0;0;0;0;0;0;0;0;0;0;0;0;0;0;0;0;0;0;0;0;0;0;0;0;0;0;0;0;0;0;0;0;0;0;0;0;0;0;0;0;0;0;0;0;0;0;0;0;0;0;0;0;0;0;0;0;0;0;0;3;0;0;2;1;3;0;2014-10-11 13:00:00;1967;0;50;25;25;0;-1;1;-1;-1;-1;-1;-1;-1;1;1;1;3;2;4;-1;0;0;0;0;0;0;0;0;1;0;1;0;0;1;1;0;0;-1;-1;0;0;-1;-1;-1;-1;-1;-1;-1;-1;-1;25;50;63;75;100;38;63;100;50;0;0;7.75;3.25;Ankaran Hrvatini;Veržej;2.07;1.21;1.5;0.75;1.22;1.22;75;50;38;25;0;0;0;0;0;0;0;437;27;Y;Y;Y;N;N;N;Y
115286;1994;1999;2014/2015;complete;618;10;-1;8;;1;0;1;-1;-1;-1;-1;-1;2;2;0;0;-1;-1;-1;-1;-1;-1;-1;-1;-1;-1;2;2;0;0;0;0;0;0;0;0;0;0;0;0;0;0;0;0;0;0;0;0;0;0;0;0;0;0;0;0;0;0;0;0;0;0;0;0;0;0;0;0;0;0;0;0;0;0;0;0;0;0;0;0;0;0;0;0;0;0;0;0;0;0;0;0;0;0;0;0;1;1;0;0;0;0;1;2014-10-11 13:00:00;1994;0;38;13;25;0;-1;1;-1;-1;-1;-1;-1;-1;1;1;1;1;2;2;-1;0;0;0;0;0;0;0;0;0;0;0;0;0;1;1;1;0;-1;-1;0;0;-1;-1;-1;-1;-1;-1;-1;-1;-1;13;25;50;63;100;25;75;75;38;0;0;5.25;2.5;Dob;Šencur;1.86;1.21;0.75;0.75;1.11;1.11;88;75;50;38;0;0;0;0;0;0;0;437;27;Y;N;N;N;N;N;N
115287;1998;2001;2014/2015;complete;618;10;-1;35,40,80;30;3;1;4;-1;-1;-1;-1;-1;4;1;2;0;-1;-1;-1;-1;-1;-1;-1;-1;-1;-1;6;1;0;0;0;0;0;0;0;0;0;0;0;0;0;0;0;0;0;0;0;0;0;0;0;0;0;0;0;0;0;0;0;0;0;0;0;0;0;0;0;0;0;0;0;0;0;0;0;0;0;0;0;0;0;0;0;0;0;0;0;0;0;0;0;0;0;0;0;0;4;2;1;1;0;1;3;2014-10-11 13:00:00;1998;0;50;25;38;0;-1;1;-1;-1;-1;-1;-1;-1;2;1;4;0;3;4;-1;0;0;0;0;0;0;0;0;0;0;0;0;0;1;1;0;0;-1;-1;0;0;-1;-1;-1;-1;-1;-1;-1;-1;-1;50;63;88;88;100;38;88;88;63;0;0;6.25;3.88;Tolmin;Dravinja;2.08;1.07;2.25;1.5;1.78;0.89;50;38;13;13;0;0;0;0;0;0;0;437;27;Y;Y;Y;Y;N;N;Y
115288;2000;1971;2014/2015;complete;618;10;-1;;44,76;0;2;2;-1;-1;-1;-1;-1;2;2;0;0;-1;-1;-1;-1;-1;-1;-1;-1;-1;-1;2;2;0;0;0;0;0;0;0;0;0;0;0;0;0;0;0;0;0;0;0;0;0;0;0;0;0;0;0;0;0;0;0;0;0;0;0;0;0;0;0;0;0;0;0;0;0;0;0;0;0;0;0;0;0;0;0;0;0;0;0;0;0;0;0;0;0;0;0;0;2;0;1;0;1;1;1;2014-10-12 13:00:00;1971;0;38;13;25;0;-1;1;-1;-1;-1;-1;-1;-1;1;1;1;1;2;2;-1;0;0;0;0;0;0;0;0;0;0;0;0;0;1;1;0;0;-1;-1;0;0;-1;-1;-1;-1;-1;-1;-1;-1;-1;25;38;38;63;100;38;75;88;38;0;0;5;2.75;Šmartno;Aluminij;0.54;1.62;1;1.75;0.56;1.89;75;63;63;38;0;0;0;0;0;0;0;437;27;Y;Y;N;N;N;N;N
115289;1968;1973;2014/2015;complete;618;10;-1;4,36,65;90;3;1;4;-1;-1;-1;-1;-1;3;3;0;1;-1;-1;-1;-1;-1;-1;-1;-1;-1;-1;3;4;0;0;0;0;0;0;0;0;0;0;0;0;0;0;0;0;0;0;0;0;0;0;0;0;0;0;0;0;0;0;0;0;0;0;0;0;0;0;0;0;0;0;0;0;0;0;0;0;0;0;0;0;0;0;0;0;0;0;0;0;0;0;0;0;0;0;0;0;4;2;0;1;1;2;2;2014-10-12 13:00:00;1968;0;75;38;63;0;-1;1;-1;-1;-1;-1;-1;-1;1;1;2;3;2;5;-1;0;0;0;0;0;0;0;0;1;0;1;0;0;1;1;1;0;-1;-1;0;0;-1;-1;-1;-1;-1;-1;-1;-1;-1;38;63;75;88;88;50;75;88;75;0;0;4.25;3.75;Triglav;Krško;1.93;1.23;2.5;2;1.78;2.56;63;38;25;13;13;0;0;0;0;0;0;437;27;Y;Y;Y;Y;N;N;Y
115290;1999;1993;2014/2015;complete;618;11;-1;26,28;24,63,65;2;3;5;-1;-1;-1;-1;-1;4;3;1;0;-1;-1;-1;-1;-1;-1;-1;-1;-1;-1;6;3;0;0;0;0;0;0;0;0;0;0;0;0;0;0;0;0;0;0;0;0;0;0;0;0;0;0;0;0;0;0;0;0;0;0;0;0;0;0;0;0;0;0;0;0;0;0;0;0;0;0;0;0;0;0;0;0;0;0;0;0;0;0;0;0;0;0;0;0;5;2;1;0;2;2;3;2014-10-17 17:00:00;1993;0;70;30;30;0;-1;1;-1;-1;-1;-1;-1;-1;1;2;4;1;3;5;-1;0;0;0;0;0;0;0;0;2;0;2;0;0;1;1;0;0;-1;-1;0;0;-1;-1;-1;-1;-1;-1;-1;-1;-1;40;50;70;80;100;40;60;100;60;0;0;5.8;3.5;Šencur;Veržej;1.15;1.21;1.4;0.6;1;1.1;60;50;30;20;0;0;0;0;0;0;0;437;27;Y;Y;Y;Y;Y;N;Y
115291;2001;1968;2014/2015;complete;618;11;-1;;;0;0;0;-1;-1;-1;-1;-1;2;2;1;0;-1;-1;-1;-1;-1;-1;-1;-1;-1;-1;4;2;0;0;0;0;0;0;0;0;0;0;0;0;0;0;0;0;0;0;0;0;0;0;0;0;0;0;0;0;0;0;0;0;0;0;0;0;0;0;0;0;0;0;0;0;0;0;0;0;0;0;0;0;0;0;0;0;0;0;0;0;0;0;0;0;0;0;0;0;0;0;0;0;0;0;0;2014-10-18 12:00:00;-1;0;60;20;20;0;-1;1;-1;-1;-1;-1;-1;-1;2;1;1;1;3;2;-1;0;0;0;0;0;0;0;0;0;0;0;0;0;1;1;0;0;-1;-1;0;0;-1;-1;-1;-1;-1;-1;-1;-1;-1;10;30;60;80;90;20;70;90;40;0;0;5;2.7;Dravinja;Triglav;1.08;0.92;0.4;1.2;0.8;1.9;90;70;40;20;10;0;0;0;0;0;0;437;27;N;N;N;N;N;N;N
115292;1998;1967;2014/2015;complete;618;11;-1;6,60,64,69;;4;0;4;-1;-1;-1;-1;-1;1;6;0;0;-1;-1;-1;-1;-1;-1;-1;-1;-1;-1;1;6;0;0;0;0;0;0;0;0;0;0;0;0;0;0;0;0;0;0;0;0;0;0;0;0;0;0;0;0;0;0;0;0;0;0;0;0;0;0;0;0;0;0;0;0;0;0;0;0;0;0;0;0;0;0;0;0;0;0;0;0;0;0;0;0;0;0;0;0;4;1;0;3;0;3;1;2014-10-18 13:00:00;1998;0;60;40;10;0;-1;1;-1;-1;-1;-1;-1;-1;0;2;1;4;2;5;-1;0;0;0;0;0;0;0;0;0;0;0;0;0;1;1;1;0;-1;-1;0;0;-1;-1;-1;-1;-1;-1;-1;-1;-1;20;60;90;90;90;70;90;90;40;0;0;6.2;3.5;Tolmin;Ankaran Hrvatini;2.08;1;2.4;1;1.9;1.4;80;40;10;10;10;0;0;0;0;0;0;437;27;Y;Y;Y;Y;N;N;N
115293;1973;2000;2014/2015;complete;618;11;-1;45,59,77,81;10,82;4;2;6;-1;-1;-1;-1;-1;3;3;1;1;-1;-1;-1;-1;-1;-1;-1;-1;-1;-1;4;4;0;0;0;0;0;0;0;0;0;0;0;0;0;0;0;0;0;0;0;0;0;0;0;0;0;0;0;0;0;0;0;0;0;0;0;0;0;0;0;0;0;0;0;0;0;0;0;0;0;0;0;0;0;0;0;0;0;0;0;0;0;0;0;0;0;0;0;0;6;1;1;3;1;4;2;2014-10-18 17:00:00;1973;0;40;20;10;0;-1;1;-1;-1;-1;-1;-1;-1;2;2;2;2;4;4;-1;0;0;0;0;0;0;0;1;0;1;0;0;0;1;1;0;1;-1;-1;0;0;-1;-1;-1;-1;-1;-1;-1;-1;-1;10;30;40;90;100;50;90;80;30;0;0;4.6;2.7;Krško;Šmartno;2.5;0.07;3;0.2;2.3;0.5;90;70;60;10;0;0;0;0;0;0;0;437;27;Y;Y;Y;Y;Y;Y;Y
115294;1971;1994;2014/2015;complete;618;11;-1;;47;0;1;1;-1;-1;-1;-1;-1;0;4;0;0;-1;-1;-1;-1;-1;-1;-1;-1;-1;-1;0;4;0;0;0;0;0;0;0;0;0;0;0;0;0;0;0;0;0;0;0;0;0;0;0;0;0;0;0;0;0;0;0;0;0;0;0;0;0;0;0;0;0;0;0;0;0;0;0;0;0;0;0;0;0;0;0;0;0;0;0;0;0;0;0;0;0;0;0;0;1;0;0;0;1;1;0;2014-10-19 13:00:00;1994;0;30;10;10;0;-1;1;-1;-1;-1;-1;-1;-1;0;0;0;4;0;4;-1;0;0;0;0;0;0;0;0;0;0;0;0;0;1;1;0;0;-1;-1;0;0;-1;-1;-1;-1;-1;-1;-1;-1;-1;20;40;50;70;90;60;70;80;30;0;0;3.8;2.7;Aluminij;Dob;2.07;1.77;2;1.4;2;1.3;80;60;50;30;10;0;0;0;0;0;0;437;27;Y;N;N;N;N;N;N
115295;1967;1999;2014/2015;complete;618;12;-1;;;0;0;0;-1;-1;-1;-1;-1;3;3;0;0;-1;-1;-1;-1;-1;-1;-1;-1;-1;-1;3;3;0;0;0;0;0;0;0;0;0;0;0;0;0;0;0;0;0;0;0;0;0;0;0;0;0;0;0;0;0;0;0;0;0;0;0;0;0;0;0;0;0;0;0;0;0;0;0;0;0;0;0;0;0;0;0;0;0;0;0;0;0;0;0;0;0;0;0;0;0;0;0;0;0;0;0;2014-10-25 12:00:00;-1;0;40;20;20;0;-1;1;-1;-1;-1;-1;-1;-1;1;0;2;3;1;5;-1;0;0;0;0;0;0;0;0;0;0;0;0;0;1;1;0;0;-1;-1;0;0;-1;-1;-1;-1;-1;-1;-1;-1;-1;10;30;60;80;100;30;60;90;40;0;0;6.8;2.8;Ankaran Hrvatini;Šencur;2.07;1.21;1.8;0.6;1.27;0.91;90;70;40;20;0;0;0;0;0;0;0;437;27;N;N;N;N;N;N;N
115296;1993;1971;2014/2015;complete;618;12;-1;;12,49,80;0;3;3;-1;-1;-1;-1;-1;1;0;0;0;-1;-1;-1;-1;-1;-1;-1;-1;-1;-1;1;0;0;0;0;0;0;0;0;0;0;0;0;0;0;0;0;0;0;0;0;0;0;0;0;0;0;0;0;0;0;0;0;0;0;0;0;0;0;0;0;0;0;0;0;0;0;0;0;0;0;0;0;0;0;0;0;0;0;0;0;0;0;0;0;0;0;0;0;0;3;0;1;0;2;2;1;2014-10-25 12:00:00;1971;0;40;0;10;0;-1;1;-1;-1;-1;-1;-1;-1;0;0;1;0;0;1;-1;0;0;0;0;0;0;0;0;0;0;0;0;0;1;1;0;0;-1;-1;0;0;-1;-1;-1;-1;-1;-1;-1;-1;-1;0;10;30;80;100;20;70;80;30;0;0;4.8;2.2;Veržej;Aluminij;1.62;1.62;1.6;2;1.27;1.82;100;90;70;20;0;0;0;0;0;0;0;437;27;Y;Y;Y;N;N;N;N
115297;1994;1973;2014/2015;complete;618;12;-1;61,77;65;2;1;3;-1;-1;-1;-1;-1;6;3;0;0;-1;-1;-1;-1;-1;-1;-1;-1;-1;-1;6;3;0;0;0;0;0;0;0;0;0;0;0;0;0;0;0;0;0;0;0;0;0;0;0;0;0;0;0;0;0;0;0;0;0;0;0;0;0;0;0;0;0;0;0;0;0;0;0;0;0;0;0;0;0;0;0;0;0;0;0;0;0;0;0;0;0;0;0;0;3;0;0;2;1;3;0;2014-10-25 12:00:00;1994;0;50;10;50;0;-1;1;-1;-1;-1;-1;-1;-1;1;1;5;2;2;7;-1;0;0;0;0;0;0;0;0;0;0;0;0;0;1;1;0;0;-1;-1;0;0;-1;-1;-1;-1;-1;-1;-1;-1;-1;10;30;50;50;90;20;70;60;50;0;0;6.2;2.4;Dob;Krško;1.86;1.23;1.2;1.6;1.45;2.36;90;70;50;50;10;0;0;0;0;0;0;437;27;Y;Y;Y;N;N;N;Y
115298;2000;2001;2014/2015;complete;618;12;-1;33,43,49,87;24,61,70,82;4;4;8;-1;-1;-1;-1;-1;4;3;0;0;-1;-1;-1;-1;-1;-1;-1;-1;-1;-1;4;3;0;0;0;0;0;0;0;0;0;0;0;0;0;0;0;0;0;0;0;0;0;0;0;0;0;0;0;0;0;0;0;0;0;0;0;0;0;0;0;0;0;0;0;0;0;0;0;0;0;0;0;0;0;0;0;0;0;0;0;0;0;0;0;0;0;0;0;0;8;2;1;2;3;5;3;2014-10-26 13:00:00;-1;0;50;30;40;0;-1;1;-1;-1;-1;-1;-1;-1;0;1;4;2;1;6;-1;0;0;0;0;0;0;0;0;2;0;2;0;0;1;1;0;0;-1;-1;0;0;-1;-1;-1;-1;-1;-1;-1;-1;-1;50;70;70;80;100;50;80;90;60;0;0;5.8;3.8;Šmartno;Dravinja;0.54;1.07;0.8;1.2;0.45;0.82;50;30;30;20;0;0;0;0;0;0;0;437;27;Y;Y;Y;Y;Y;Y;Y
115299;1968;1998;2014/2015;complete;618;12;-1;8,40,46,61;82;4;1;5;-1;-1;-1;-1;-1;3;4;0;0;-1;-1;-1;-1;-1;-1;-1;-1;-1;-1;3;4;0;0;0;0;0;0;0;0;0;0;0;0;0;0;0;0;0;0;0;0;0;0;0;0;0;0;0;0;0;0;0;0;0;0;0;0;0;0;0;0;0;0;0;0;0;0;0;0;0;0;0;0;0;0;0;0;0;0;0;0;0;0;0;0;0;0;0;0;5;2;0;2;1;3;2;2014-10-26 13:00:00;1968;0;60;20;40;0;-1;1;-1;-1;-1;-1;-1;-1;2;1;1;3;3;4;-1;0;0;0;0;0;0;0;1;0;1;0;0;0;1;1;1;0;-1;-1;1;0;-1;-1;-1;-1;-1;-1;-1;-1;-1;30;50;60;80;100;40;60;100;60;0;0;5.6;3.3;Triglav;Tolmin;1.93;1;2.6;1.4;1.82;2;70;50;40;20;0;0;0;0;0;0;0;437;27;Y;Y;Y;Y;Y;N;Y
115300;1998;2000;2014/2015;complete;618;13;-1;19,39,64,75;;4;0;4;-1;-1;-1;-1;-1;1;0;0;0;-1;-1;-1;-1;-1;-1;-1;-1;-1;-1;1;0;0;0;0;0;0;0;0;0;0;0;0;0;0;0;0;0;0;0;0;0;0;0;0;0;0;0;0;0;0;0;0;0;0;0;0;0;0;0;0;0;0;0;0;0;0;0;0;0;0;0;0;0;0;0;0;0;0;0;0;0;0;0;0;0;0;0;0;0;4;2;0;2;0;2;2;2014-10-31 13:00:00;1998;0;42;25;17;0;-1;1;-1;-1;-1;-1;-1;-1;0;0;1;0;0;1;-1;0;0;0;0;0;0;0;0;0;0;0;0;0;1;1;0;0;-1;-1;0;0;-1;-1;-1;-1;-1;-1;-1;-1;-1;17;50;67;100;100;59;100;84;42;0;0;5.5;3.42;Tolmin;Šmartno;2.08;0.07;2.5;0.17;1.83;0.5;83;50;34;0;0;0;0;0;0;0;0;437;27;Y;Y;Y;Y;N;N;N
115301;1973;1993;2014/2015;complete;618;13;-1;39;68;1;1;2;-1;-1;-1;-1;-1;0;2;0;0;-1;-1;-1;-1;-1;-1;-1;-1;-1;-1;0;2;0;0;0;0;0;0;0;0;0;0;0;0;0;0;0;0;0;0;0;0;0;0;0;0;0;0;0;0;0;0;0;0;0;0;0;0;0;0;0;0;0;0;0;0;0;0;0;0;0;0;0;0;0;0;0;0;0;0;0;0;0;0;0;0;0;0;0;0;2;1;0;0;1;1;1;2014-10-31 16:00:00;-1;0;75;42;42;0;-1;1;-1;-1;-1;-1;-1;-1;0;1;0;1;1;1;-1;0;0;0;0;0;0;0;0;0;0;0;0;0;1;1;0;0;-1;-1;0;0;-1;-1;-1;-1;-1;-1;-1;-1;-1;42;59;75;83;100;50;75;100;67;0;0;5;3.75;Krško;Veržej;2.5;1.21;3;1;2.17;1.17;59;42;25;17;0;0;0;0;0;0;0;437;27;Y;Y;N;N;N;N;Y
115302;1968;1967;2014/2015;complete;618;13;-1;;;0;0;0;-1;-1;-1;-1;-1;2;3;0;0;-1;-1;-1;-1;-1;-1;-1;-1;-1;-1;2;3;0;0;0;0;0;0;0;0;0;0;0;0;0;0;0;0;0;0;0;0;0;0;0;0;0;0;0;0;0;0;0;0;0;0;0;0;0;0;0;0;0;0;0;0;0;0;0;0;0;0;0;0;0;0;0;0;0;0;0;0;0;0;0;0;0;0;0;0;0;0;0;0;0;0;0;2014-11-02 13:00:00;-1;0;67;33;34;0;-1;1;-1;-1;-1;-1;-1;-1;0;1;2;2;1;4;-1;0;0;0;0;0;0;0;0;0;0;0;0;0;1;1;0;0;-1;-1;0;0;-1;-1;-1;-1;-1;-1;-1;-1;-1;34;75;83;92;92;75;92;92;67;0;0;5.5;3.83;Triglav;Ankaran Hrvatini;1.93;1;2.67;0.83;1.92;1.25;67;25;17;9;9;0;0;0;0;0;0;437;27;N;N;N;N;N;N;N
115303;2001;1994;2014/2015;complete;618;13;-1;28;17,43;1;2;3;-1;-1;-1;-1;-1;4;3;0;0;-1;-1;-1;-1;-1;-1;-1;-1;-1;-1;4;3;0;0;0;0;0;0;0;0;0;0;0;0;0;0;0;0;0;0;0;0;0;0;0;0;0;0;0;0;0;0;0;0;0;0;0;0;0;0;0;0;0;0;0;0;0;0;0;0;0;0;0;0;0;0;0;0;0;0;0;0;0;0;0;0;0;0;0;0;3;1;2;0;0;0;3;2014-11-02 13:00:00;1994;0;42;9;9;0;-1;1;-1;-1;-1;-1;-1;-1;0;0;4;3;0;7;-1;0;0;0;0;0;0;0;0;0;0;0;0;0;1;1;0;0;-1;-1;0;0;-1;-1;-1;-1;-1;-1;-1;-1;-1;17;33;42;67;84;25;59;84;33;0;0;4.5;2.42;Dravinja;Dob;1.08;1.77;0.5;1.67;0.83;1.58;83;67;59;33;17;0;0;0;0;0;0;437;27;Y;Y;Y;N;N;N;Y
115304;1971;1999;2014/2015;complete;618;13;-1;;11;0;1;1;-1;-1;-1;-1;-1;1;2;0;0;-1;-1;-1;-1;-1;-1;-1;-1;-1;-1;1;2;0;0;0;0;0;0;0;0;0;0;0;0;0;0;0;0;0;0;0;0;0;0;0;0;0;0;0;0;0;0;0;0;0;0;0;0;0;0;0;0;0;0;0;0;0;0;0;0;0;0;0;0;0;0;0;0;0;0;0;0;0;0;0;0;0;0;0;0;1;0;1;0;0;0;1;2014-11-02 13:00:00;1999;0;25;9;17;0;-1;1;-1;-1;-1;-1;-1;-1;0;1;1;1;1;2;-1;0;0;0;0;0;0;0;0;0;0;0;0;0;1;1;0;0;-1;-1;0;0;-1;-1;-1;-1;-1;-1;-1;-1;-1;17;33;42;59;83;42;59;67;25;0;0;3.67;2.34;Aluminij;Šencur;2.07;1.21;1.67;0.67;1.92;0.92;83;67;59;42;17;0;0;0;0;0;0;437;27;Y;N;N;N;N;N;N
115305;1967;1971;2014/2015;complete;618;14;-1;28,80;8,88;2;2;4;-1;-1;-1;-1;-1;3;5;0;0;-1;-1;-1;-1;-1;-1;-1;-1;-1;-1;3;5;0;0;0;0;0;0;0;0;0;0;0;0;0;0;0;0;0;0;0;0;0;0;0;0;0;0;0;0;0;0;0;0;0;0;0;0;0;0;0;0;0;0;0;0;0;0;0;0;0;0;0;0;0;0;0;0;0;0;0;0;0;0;0;0;0;0;0;0;4;1;1;1;1;2;2;2014-11-08 13:00:00;-1;0;25;9;9;0;-1;1;-1;-1;-1;-1;-1;-1;1;2;2;3;3;5;-1;0;0;0;0;0;0;0;1;1;1;1;0;0;1;1;0;1;-1;-1;1;0;-1;-1;-1;-1;-1;-1;-1;-1;-1;0;9;34;67;92;9;58;83;25;0;0;6.5;2;Ankaran Hrvatini;Aluminij;2.07;1.62;1.67;2.17;1.23;1.77;100;92;67;33;9;0;0;0;0;0;0;437;27;Y;Y;Y;Y;N;N;Y
115306;1993;2001;2014/2015;complete;618;14;-1;24,87;74;2;1;3;-1;-1;-1;-1;-1;3;5;1;1;-1;-1;-1;-1;-1;-1;-1;-1;-1;-1;4;6;0;0;0;0;0;0;0;0;0;0;0;0;0;0;0;0;0;0;0;0;0;0;0;0;0;0;0;0;0;0;0;0;0;0;0;0;0;0;0;0;0;0;0;0;0;0;0;0;0;0;0;0;0;0;0;0;0;0;0;0;0;0;0;0;0;0;0;0;3;1;0;1;1;2;1;2014-11-08 13:00:00;1993;0;59;25;34;0;-1;1;-1;-1;-1;-1;-1;-1;1;1;3;5;2;8;-1;0;0;0;0;0;0;0;1;0;1;0;0;0;1;1;0;0;-1;-1;0;0;-1;-1;-1;-1;-1;-1;-1;-1;-1;34;50;75;92;100;42;75;83;67;0;0;5.5;3.75;Veržej;Dravinja;1.62;1.07;1.33;1.17;1.15;0.77;67;50;25;9;0;0;0;0;0;0;0;437;27;Y;Y;Y;N;N;N;Y
115307;2000;1968;2014/2015;complete;618;14;-1;5,81;42,83;2;2;4;-1;-1;-1;-1;-1;4;6;1;0;-1;-1;-1;-1;-1;-1;-1;-1;-1;-1;5;6;0;0;0;0;0;0;0;0;0;0;0;0;0;0;0;0;0;0;0;0;0;0;0;0;0;0;0;0;0;0;0;0;0;0;0;0;0;0;0;0;0;0;0;0;0;0;0;0;0;0;0;0;0;0;0;0;0;0;0;0;0;0;0;0;0;0;0;0;4;1;1;1;1;2;2;2014-11-09 13:00:00;-1;0;50;33;34;0;-1;1;-1;-1;-1;-1;-1;-1;2;2;3;4;4;7;-1;0;0;0;0;0;0;0;0;0;0;0;0;0;1;1;1;0;-1;-1;0;0;-1;-1;-1;-1;-1;-1;-1;-1;-1;25;42;67;75;92;50;75;92;50;0;0;5.66;3.33;Šmartno;Triglav;0.54;0.92;0.83;1.17;0.46;1.85;75;58;33;25;9;0;0;0;0;0;0;437;27;Y;Y;Y;Y;N;N;Y
115308;1998;1993;2014/2015;complete;618;15;-1;29;70,75;1;2;3;-1;-1;-1;-1;-1;1;1;0;0;-1;-1;-1;-1;-1;-1;-1;-1;-1;-1;1;1;0;0;0;0;0;0;0;0;0;0;0;0;0;0;0;0;0;0;0;0;0;0;0;0;0;0;0;0;0;0;0;0;0;0;0;0;0;0;0;0;0;0;0;0;0;0;0;0;0;0;0;0;0;0;0;0;0;0;0;0;0;0;0;0;0;0;0;0;3;1;0;0;2;2;1;2014-11-15 13:00:00;1993;0;65;29;29;0;-1;1;-1;-1;-1;-1;-1;-1;0;0;1;1;0;2;-1;0;0;0;0;0;0;0;0;0;0;0;0;0;1;1;0;0;-1;-1;0;0;-1;-1;-1;-1;-1;-1;-1;-1;-1;29;64;86;93;100;50;86;100;64;0;0;5;3.79;Tolmin;Veržej;2.08;1.21;2.57;1;1.92;1.29;72;36;15;7;0;0;0;0;0;0;0;437;27;Y;Y;Y;N;N;N;Y
115309;2001;1999;2014/2015;complete;618;15;-1;37,45,72;7;3;1;4;-1;-1;-1;-1;-1;5;2;0;0;-1;-1;-1;-1;-1;-1;-1;-1;-1;-1;5;2;0;0;0;0;0;0;0;0;0;0;0;0;0;0;0;0;0;0;0;0;0;0;0;0;0;0;0;0;0;0;0;0;0;0;0;0;0;0;0;0;0;0;0;0;0;0;0;0;0;0;0;0;0;0;0;0;0;0;0;0;0;0;0;0;0;0;0;0;4;2;1;1;0;1;3;2014-11-15 13:00:00;2001;0;43;14;14;0;-1;1;-1;-1;-1;-1;-1;-1;2;2;3;0;4;3;-1;0;0;0;0;0;0;0;1;1;1;1;0;0;1;1;0;1;-1;-1;1;0;-1;-1;-1;-1;-1;-1;-1;-1;-1;14;29;43;64;79;22;64;57;29;0;0;4.57;2.29;Dravinja;Šencur;1.08;1.21;0.43;1;0.71;1.08;86;71;57;36;22;0;0;0;0;0;0;437;27;Y;Y;Y;Y;N;N;Y
115310;1973;1971;2014/2015;complete;618;15;-1;40,69;;2;0;2;-1;-1;-1;-1;-1;1;5;0;1;-1;-1;-1;-1;-1;-1;-1;-1;-1;-1;1;6;0;0;0;0;0;0;0;0;0;0;0;0;0;0;0;0;0;0;0;0;0;0;0;0;0;0;0;0;0;0;0;0;0;0;0;0;0;0;0;0;0;0;0;0;0;0;0;0;0;0;0;0;0;0;0;0;0;0;0;0;0;0;0;0;0;0;0;0;2;1;0;1;0;1;1;2014-11-15 14:30:00;1973;0;50;29;22;0;-1;1;-1;-1;-1;-1;-1;-1;1;2;0;4;3;4;-1;0;0;0;0;0;0;0;0;0;0;0;0;0;1;1;0;0;-1;-1;0;0;-1;-1;-1;-1;-1;-1;-1;-1;-1;15;29;43;79;100;29;86;93;36;0;0;4.43;2.72;Krško;Aluminij;2.5;1.62;2.71;2;2.08;1.71;86;72;57;22;0;0;0;0;0;0;0;437;27;Y;Y;N;N;N;N;N
115311;2000;1967;2014/2015;complete;618;15;-1;;6,18,22,82,84;0;5;5;-1;-1;-1;-1;-1;0;3;0;0;-1;-1;-1;-1;-1;-1;-1;-1;-1;-1;0;3;0;0;0;0;0;0;0;0;0;0;0;0;0;0;0;0;0;0;0;0;0;0;0;0;0;0;0;0;0;0;0;0;0;0;0;0;0;0;0;0;0;0;0;0;0;0;0;0;0;0;0;0;0;0;0;0;0;0;0;0;0;0;0;0;0;0;0;0;5;0;3;0;2;2;3;2014-11-16 13:00:00;1967;0;50;36;29;0;-1;1;-1;-1;-1;-1;-1;-1;0;1;0;2;1;2;-1;0;0;0;0;0;0;0;0;0;0;0;0;0;1;1;0;1;-1;-1;0;0;-1;-1;-1;-1;-1;-1;-1;-1;-1;29;64;71;79;86;64;79;86;57;0;0;6.57;3.58;Šmartno;Ankaran Hrvatini;0.54;1;0.86;0.86;0.5;1.21;72;36;29;22;15;0;0;0;0;0;0;437;27;Y;Y;Y;Y;Y;N;N
115312;1968;1994;2014/2015;complete;618;15;-1;12;;1;0;1;-1;-1;-1;-1;-1;7;4;1;0;-1;-1;-1;-1;-1;-1;-1;-1;-1;-1;8;4;0;0;0;0;0;0;0;0;0;0;0;0;0;0;0;0;0;0;0;0;0;0;0;0;0;0;0;0;0;0;0;0;0;0;0;0;0;0;0;0;0;0;0;0;0;0;0;0;0;0;0;0;0;0;0;0;0;0;0;0;0;0;0;0;0;0;0;0;1;1;0;0;0;0;1;2014-11-16 13:00:00;1968;0;57;29;29;0;-1;1;-1;-1;-1;-1;-1;-1;2;0;6;4;2;10;-1;0;0;0;0;0;0;0;0;0;0;0;0;0;1;1;0;0;-1;-1;0;0;-1;-1;-1;-1;-1;-1;-1;-1;-1;29;50;64;79;93;64;79;86;50;0;0;4.29;3.21;Triglav;Dob;1.93;1.77;2.43;1.86;1.79;1.69;72;50;36;22;7;0;0;0;0;0;0;437;27;Y;N;N;N;N;N;N
115313;1999;1973;2014/2015;complete;618;14;-1;;79;0;1;1;-1;-1;-1;-1;-1;3;2;0;0;-1;-1;-1;-1;-1;-1;-1;-1;-1;-1;3;2;0;0;0;0;0;0;0;0;0;0;0;0;0;0;0;0;0;0;0;0;0;0;0;0;0;0;0;0;0;0;0;0;0;0;0;0;0;0;0;0;0;0;0;0;0;0;0;0;0;0;0;0;0;0;0;0;0;0;0;0;0;0;0;0;0;0;0;0;1;0;0;0;1;1;0;2014-11-21 18:00:00;1973;0;75;34;42;0;-1;1;-1;-1;-1;-1;-1;-1;1;0;2;2;1;4;-1;0;0;0;0;0;0;0;0;0;0;0;0;0;1;1;0;0;-1;-1;0;0;-1;-1;-1;-1;-1;-1;-1;-1;-1;34;50;75;83;92;42;59;92;67;0;0;6.83;3.42;Šencur;Krško;1.15;1.23;1.17;1.33;1;2.14;67;50;25;17;9;0;0;0;0;0;0;437;27;Y;N;N;N;N;N;N
115314;1994;1998;2014/2015;complete;618;14;-1;16,54,69;89;3;1;4;-1;-1;-1;-1;-1;3;5;0;0;-1;-1;-1;-1;-1;-1;-1;-1;-1;-1;3;5;0;0;0;0;0;0;0;0;0;0;0;0;0;0;0;0;0;0;0;0;0;0;0;0;0;0;0;0;0;0;0;0;0;0;0;0;0;0;0;0;0;0;0;0;0;0;0;0;0;0;0;0;0;0;0;0;0;0;0;0;0;0;0;0;0;0;0;0;4;1;0;2;1;3;1;2014-11-22 13:00:00;1994;0;42;0;33;0;-1;1;-1;-1;-1;-1;-1;-1;2;3;1;2;5;3;-1;0;0;0;0;0;0;0;0;0;0;0;0;0;1;1;0;0;-1;-1;0;0;-1;-1;-1;-1;-1;-1;-1;-1;-1;17;17;42;50;100;9;50;75;42;0;0;7.5;2.25;Dob;Tolmin;1.86;1;1.5;1.17;1.57;1.79;84;84;59;50;0;0;0;0;0;0;0;437;27;Y;Y;Y;Y;N;N;Y
115315;1967;1973;2014/2015;complete;618;16;-1;26;;1;0;1;-1;-1;-1;-1;-1;2;2;0;1;-1;-1;-1;-1;-1;-1;-1;-1;-1;-1;2;4;0;0;0;0;0;0;0;0;0;0;0;0;0;0;0;0;0;0;0;0;0;0;0;0;0;0;0;0;0;0;0;0;0;0;0;0;0;0;0;0;0;0;0;0;0;0;0;0;0;0;0;0;0;0;0;0;0;0;0;0;0;0;0;0;0;0;0;0;1;1;0;0;0;0;1;2015-03-14 14:00:00;1967;0;57;22;50;0;-1;1;-1;-1;-1;-1;-1;-1;1;1;1;2;2;3;-1;0;0;0;0;0;0;0;0;0;0;0;0;0;1;1;0;0;-1;-1;0;0;-1;-1;-1;-1;-1;-1;-1;-1;-1;7;36;64;71;86;29;43;86;57;0;0;7.29;2.72;Ankaran Hrvatini;Krško;2.07;1.23;1.57;1.57;1.33;2.2;93;64;36;29;14;0;0;0;0;0;0;437;27;Y;N;N;N;N;N;N
115316;1999;1998;2014/2015;complete;618;16;-1;;;0;0;0;-1;-1;-1;-1;-1;3;2;0;1;-1;-1;-1;-1;-1;-1;-1;-1;-1;-1;3;4;0;0;0;0;0;0;0;0;0;0;0;0;0;0;0;0;0;0;0;0;0;0;0;0;0;0;0;0;0;0;0;0;0;0;0;0;0;0;0;0;0;0;0;0;0;0;0;0;0;0;0;0;0;0;0;0;0;0;0;0;0;0;0;0;0;0;0;0;0;0;0;0;0;0;0;2015-03-14 14:00:00;-1;0;57;22;22;0;-1;1;-1;-1;-1;-1;-1;-1;1;0;2;3;1;5;-1;0;0;0;0;0;0;0;0;0;0;0;0;0;1;1;0;0;-1;-1;0;0;-1;-1;-1;-1;-1;-1;-1;-1;-1;36;43;57;71;100;29;50;100;50;0;0;7.71;3.07;Šencur;Tolmin;1.15;1;1;1;0.93;1.67;64;57;43;29;0;0;0;0;0;0;0;437;27;N;N;N;N;N;N;N
115317;1993;1968;2014/2015;complete;618;16;-1;;2,25;0;2;2;-1;-1;-1;-1;-1;3;2;0;0;-1;-1;-1;-1;-1;-1;-1;-1;-1;-1;3;2;0;0;0;0;0;0;0;0;0;0;0;0;0;0;0;0;0;0;0;0;0;0;0;0;0;0;0;0;0;0;0;0;0;0;0;0;0;0;0;0;0;0;0;0;0;0;0;0;0;0;0;0;0;0;0;0;0;0;0;0;0;0;0;0;0;0;0;0;2;0;2;0;0;0;2;2015-03-14 14:00:00;1968;0;57;22;29;0;-1;1;-1;-1;-1;-1;-1;-1;2;1;1;1;3;2;-1;0;0;0;0;0;0;0;0;0;0;0;0;0;1;1;0;1;-1;-1;0;0;-1;-1;-1;-1;-1;-1;-1;-1;-1;0;22;71;86;93;36;71;86;57;0;0;5.86;2.72;Veržej;Triglav;1.62;0.92;1.57;1.14;1.4;1.87;100;79;29;15;7;0;0;0;0;0;0;437;27;Y;Y;N;N;N;N;N
115318;1994;2000;2014/2015;complete;618;16;-1;25,33,69,72,74,89;;6;0;6;-1;-1;-1;-1;-1;3;0;0;0;-1;-1;-1;-1;-1;-1;-1;-1;-1;-1;3;0;0;0;0;0;0;0;0;0;0;0;0;0;0;0;0;0;0;0;0;0;0;0;0;0;0;0;0;0;0;0;0;0;0;0;0;0;0;0;0;0;0;0;0;0;0;0;0;0;0;0;0;0;0;0;0;0;0;0;0;0;0;0;0;0;0;0;0;0;6;2;0;4;0;4;2;2015-03-14 14:00:00;1994;0;36;7;29;0;-1;1;-1;-1;-1;-1;-1;-1;1;0;2;0;1;2;-1;0;0;0;0;0;0;0;0;0;0;0;0;0;1;1;0;0;-1;-1;1;0;-1;-1;-1;-1;-1;-1;-1;-1;-1;7;29;43;72;100;36;86;64;43;0;0;5.86;2.57;Dob;Šmartno;1.86;0.07;1.71;0.14;1.67;0.47;93;72;57;29;0;0;0;0;0;0;0;437;27;Y;Y;Y;Y;Y;Y;N
115319;1971;2001;2014/2015;complete;618;16;-1;58,60;17;2;1;3;-1;-1;-1;-1;-1;3;3;0;1;-1;-1;-1;-1;-1;-1;-1;-1;-1;-1;3;5;0;0;0;0;0;0;0;0;0;0;0;0;0;0;0;0;0;0;0;0;0;0;0;0;0;0;0;0;0;0;0;0;0;0;0;0;0;0;0;0;0;0;0;0;0;0;0;0;0;0;0;0;0;0;0;0;0;0;0;0;0;0;0;0;0;0;0;0;3;0;1;2;0;2;1;2015-03-15 14:00:00;1971;0;43;22;36;0;-1;1;-1;-1;-1;-1;-1;-1;2;4;1;0;6;1;-1;0;0;0;0;0;0;0;0;0;0;0;0;0;1;1;0;0;-1;-1;1;0;-1;-1;-1;-1;-1;-1;-1;-1;-1;36;50;58;65;93;43;72;72;43;0;0;5.14;3.22;Aluminij;Dravinja;2.07;1.07;1.43;1;1.6;0.87;65;50;43;36;7;0;0;0;0;0;0;437;27;Y;Y;Y;N;N;N;Y
115320;1994;1967;2014/2015;complete;618;17;-1;;;0;0;0;-1;-1;-1;-1;-1;2;2;0;1;-1;-1;-1;-1;-1;-1;-1;-1;-1;-1;2;4;0;0;0;0;0;0;0;0;0;0;0;0;0;0;0;0;0;0;0;0;0;0;0;0;0;0;0;0;0;0;0;0;0;0;0;0;0;0;0;0;0;0;0;0;0;0;0;0;0;0;0;0;0;0;0;0;0;0;0;0;0;0;0;0;0;0;0;0;0;0;0;0;0;0;0;2015-03-21 14:00:00;-1;0;38;13;19;0;-1;1;-1;-1;-1;-1;-1;-1;0;0;2;3;0;5;-1;0;0;0;0;0;0;0;0;0;0;0;0;0;1;1;0;0;-1;-1;0;0;-1;-1;-1;-1;-1;-1;-1;-1;-1;19;44;63;63;88;38;75;69;50;0;0;6.88;2.82;Dob;Ankaran Hrvatini;1.86;1;1.88;1.13;1.75;1.44;82;57;38;38;13;0;0;0;0;0;0;437;27;N;N;N;N;N;N;N
115321;1998;1971;2014/2015;complete;618;17;-1;;50,52;0;2;2;-1;-1;-1;-1;-1;2;1;0;0;-1;-1;-1;-1;-1;-1;-1;-1;-1;-1;2;1;0;0;0;0;0;0;0;0;0;0;0;0;0;0;0;0;0;0;0;0;0;0;0;0;0;0;0;0;0;0;0;0;0;0;0;0;0;0;0;0;0;0;0;0;0;0;0;0;0;0;0;0;0;0;0;0;0;0;0;0;0;0;0;0;0;0;0;0;2;0;0;0;2;2;0;2015-03-21 14:00:00;1971;0;38;19;13;0;-1;1;-1;-1;-1;-1;-1;-1;0;1;2;0;1;2;-1;0;0;0;0;0;0;0;0;0;0;0;0;0;1;1;0;0;-1;-1;0;0;-1;-1;-1;-1;-1;-1;-1;-1;-1;7;38;63;88;100;32;94;94;44;0;0;5.13;2.94;Tolmin;Aluminij;2.08;1.62;2.25;1.75;1.63;1.69;94;63;38;13;0;0;0;0;0;0;0;437;27;Y;Y;N;N;N;N;N
115322;2001;1973;2014/2015;complete;618;17;-1;35;7;1;1;2;-1;-1;-1;-1;-1;2;4;0;0;-1;-1;-1;-1;-1;-1;-1;-1;-1;-1;2;4;0;0;0;0;0;0;0;0;0;0;0;0;0;0;0;0;0;0;0;0;0;0;0;0;0;0;0;0;0;0;0;0;0;0;0;0;0;0;0;0;0;0;0;0;0;0;0;0;0;0;0;0;0;0;0;0;0;0;0;0;0;0;0;0;0;0;0;0;2;1;1;0;0;0;2;2015-03-21 14:00:00;-1;0;63;19;38;0;-1;1;-1;-1;-1;-1;-1;-1;1;1;1;3;2;4;-1;0;0;0;0;0;0;0;0;0;0;0;0;0;1;1;0;1;-1;-1;0;0;-1;-1;-1;-1;-1;-1;-1;-1;-1;13;38;57;69;82;25;57;69;44;0;0;5.88;2.63;Dravinja;Krško;1.08;1.23;0.75;1.38;0.81;2.06;88;63;44;32;19;0;0;0;0;0;0;437;27;Y;Y;N;N;N;N;Y
115323;2000;1993;2014/2015;complete;618;17;-1;;;0;0;0;-1;-1;-1;-1;-1;2;1;0;0;-1;-1;-1;-1;-1;-1;-1;-1;-1;-1;2;1;0;0;0;0;0;0;0;0;0;0;0;0;0;0;0;0;0;0;0;0;0;0;0;0;0;0;0;0;0;0;0;0;0;0;0;0;0;0;0;0;0;0;0;0;0;0;0;0;0;0;0;0;0;0;0;0;0;0;0;0;0;0;0;0;0;0;0;0;0;0;0;0;0;0;0;2015-03-22 14:00:00;-1;0;69;32;44;0;-1;1;-1;-1;-1;-1;-1;-1;0;0;2;1;0;3;-1;0;0;0;0;0;0;0;0;0;0;0;0;0;1;1;0;0;-1;-1;0;0;-1;-1;-1;-1;-1;-1;-1;-1;-1;44;63;75;88;100;57;82;100;75;0;0;5;4.01;Šmartno;Veržej;0.54;1.21;0.75;1.25;0.44;1.31;57;38;25;13;0;0;0;0;0;0;0;437;27;N;N;N;N;N;N;N
115324;1968;1999;2014/2015;complete;618;17;-1;43;15,80;1;2;3;-1;-1;-1;-1;-1;2;3;0;0;-1;-1;-1;-1;-1;-1;-1;-1;-1;-1;2;3;0;0;0;0;0;0;0;0;0;0;0;0;0;0;0;0;0;0;0;0;0;0;0;0;0;0;0;0;0;0;0;0;0;0;0;0;0;0;0;0;0;0;0;0;0;0;0;0;0;0;0;0;0;0;0;0;0;0;0;0;0;0;0;0;0;0;0;0;3;1;1;0;1;1;2;2015-03-22 14:00:00;1999;0;51;25;32;0;-1;1;-1;-1;-1;-1;-1;-1;0;0;2;3;0;5;-1;0;0;0;0;0;0;0;0;0;0;0;0;0;1;1;0;0;-1;-1;0;0;-1;-1;-1;-1;-1;-1;-1;-1;-1;26;51;57;69;88;51;82;69;44;0;0;4.75;2.94;Triglav;Šencur;1.93;1.21;2.5;0.88;1.94;0.94;76;51;44;32;13;0;0;0;0;0;0;437;27;Y;Y;Y;N;N;N;Y
115325;1967;2001;2014/2015;complete;618;18;-1;56;;1;0;1;-1;-1;-1;-1;-1;6;1;1;0;-1;-1;-1;-1;-1;-1;-1;-1;-1;-1;7;1;0;0;0;0;0;0;0;0;0;0;0;0;0;0;0;0;0;0;0;0;0;0;0;0;0;0;0;0;0;0;0;0;0;0;0;0;0;0;0;0;0;0;0;0;0;0;0;0;0;0;0;0;0;0;0;0;0;0;0;0;0;0;0;0;0;0;0;0;1;0;0;1;0;1;0;2015-03-28 15:00:00;1967;0;57;32;38;0;-1;1;-1;-1;-1;-1;-1;-1;1;0;6;1;1;7;-1;0;0;0;0;0;0;0;1;0;1;0;0;0;1;1;0;0;-1;-1;0;0;-1;-1;-1;-1;-1;-1;-1;-1;-1;25;44;69;76;94;32;69;82;57;0;0;7.88;3.25;Ankaran Hrvatini;Dravinja;2.07;1.07;1.75;0.88;1.41;0.82;75;57;32;26;7;0;0;0;0;0;0;437;27;Y;N;N;N;N;N;N
115326;1999;2000;2014/2015;complete;618;18;-1;82,90;;2;0;2;-1;-1;-1;-1;-1;1;2;0;0;-1;-1;-1;-1;-1;-1;-1;-1;-1;-1;1;2;0;0;0;0;0;0;0;0;0;0;0;0;0;0;0;0;0;0;0;0;0;0;0;0;0;0;0;0;0;0;0;0;0;0;0;0;0;0;0;0;0;0;0;0;0;0;0;0;0;0;0;0;0;0;0;0;0;0;0;0;0;0;0;0;0;0;0;0;2;0;0;2;0;2;0;2015-03-28 15:00:00;1999;0;38;26;7;0;-1;1;-1;-1;-1;-1;-1;-1;1;1;0;1;2;1;-1;0;0;0;0;0;0;0;0;0;0;0;0;0;1;1;0;0;-1;-1;0;0;-1;-1;-1;-1;-1;-1;-1;-1;-1;32;44;50;82;94;57;75;82;44;0;0;5.63;3.13;Šencur;Šmartno;1.15;0.07;1;0.13;1.06;0.47;69;57;50;19;7;0;0;0;0;0;0;437;27;Y;Y;N;N;N;N;N
115327;1993;1994;2014/2015;complete;618;18;-1;59;;1;0;1;-1;-1;-1;-1;-1;3;1;0;1;-1;-1;-1;-1;-1;-1;-1;-1;-1;-1;3;2;0;0;0;0;0;0;0;0;0;0;0;0;0;0;0;0;0;0;0;0;0;0;0;0;0;0;0;0;0;0;0;0;0;0;0;0;0;0;0;0;0;0;0;0;0;0;0;0;0;0;0;0;0;0;0;0;0;0;0;0;0;0;0;0;0;0;0;0;1;0;0;1;0;1;0;2015-03-28 15:00:00;1993;0;44;13;13;0;-1;1;-1;-1;-1;-1;-1;-1;1;0;2;2;1;4;-1;0;0;0;0;0;0;0;0;0;0;0;0;0;1;1;0;0;-1;-1;0;0;-1;-1;-1;-1;-1;-1;-1;-1;-1;7;19;57;82;100;44;75;75;44;0;0;5.13;2.63;Veržej;Dob;1.62;1.77;1.38;1.63;1.29;1.71;94;82;44;19;0;0;0;0;0;0;0;437;27;Y;N;N;N;N;N;N
115328;1973;1998;2014/2015;complete;618;18;-1;46,55,75,85;;4;0;4;-1;-1;-1;-1;-1;0;2;0;0;-1;-1;-1;-1;-1;-1;-1;-1;-1;-1;0;2;0;0;0;0;0;0;0;0;0;0;0;0;0;0;0;0;0;0;0;0;0;0;0;0;0;0;0;0;0;0;0;0;0;0;0;0;0;0;0;0;0;0;0;0;0;0;0;0;0;0;0;0;0;0;0;0;0;0;0;0;0;0;0;0;0;0;0;0;4;0;0;4;0;4;0;2015-03-28 17:00:00;1973;0;57;19;32;0;-1;1;-1;-1;-1;-1;-1;-1;0;0;0;2;0;2;-1;0;0;0;0;0;0;0;0;0;0;0;0;0;1;1;0;0;-1;-1;0;0;-1;-1;-1;-1;-1;-1;-1;-1;-1;25;38;50;76;94;26;63;94;44;0;0;6;2.88;Krško;Tolmin;2.5;1;2.75;1;2;1.53;75;63;50;26;7;0;0;0;0;0;0;437;27;Y;Y;Y;Y;N;N;N
115329;1971;1968;2014/2015;complete;618;18;-1;25,53,66,83,87;54;5;1;6;-1;-1;-1;-1;-1;2;5;0;2;-1;-1;-1;-1;-1;-1;-1;-1;-1;-1;2;7;0;0;0;0;0;0;0;0;0;0;0;0;0;0;0;0;0;0;0;0;0;0;0;0;0;0;0;0;0;0;0;0;0;0;0;0;0;0;0;0;0;0;0;0;0;0;0;0;0;0;0;0;0;0;0;0;0;0;0;0;0;0;0;0;0;0;0;0;6;1;0;4;1;5;1;2015-03-29 14:00:00;1971;0;38;19;19;0;-1;1;-1;-1;-1;-1;-1;-1;1;5;1;2;6;3;-1;0;0;0;0;0;0;0;1;0;1;0;0;0;1;1;0;0;-1;-1;0;1;-1;-1;-1;-1;-1;-1;-1;-1;-1;7;25;51;63;88;44;69;69;32;0;0;4.88;2.32;Aluminij;Triglav;2.07;0.92;1.63;1.38;1.76;1.82;94;75;51;38;13;0;0;0;0;0;0;437;27;Y;Y;Y;Y;Y;Y;Y
115330;1971;2001;2014/2015;complete;618;19;-1;5,6;15,44;2;2;4;-1;-1;-1;-1;-1;3;2;0;0;-1;-1;-1;-1;-1;-1;-1;-1;-1;-1;3;2;0;0;0;0;0;0;0;0;0;0;0;0;0;0;0;0;0;0;0;0;0;0;0;0;0;0;0;0;0;0;0;0;0;0;0;0;0;0;0;0;0;0;0;0;0;0;0;0;0;0;0;0;0;0;0;0;0;0;0;0;0;0;0;0;0;0;0;0;4;2;2;0;0;0;4;2015-04-04 14:00:00;-1;0;50;17;33;0;-1;1;-1;-1;-1;-1;-1;-1;1;0;2;2;1;4;-1;0;0;0;0;0;0;0;0;0;0;0;0;0;1;1;2;0;-1;-1;0;0;-1;-1;-1;-1;-1;-1;-1;-1;-1;33;45;61;67;95;33;73;78;50;0;0;5.22;3.23;Aluminij;Dravinja;2.07;1.07;1.78;0.78;1.83;0.78;67;56;39;33;6;0;0;0;0;0;0;437;27;Y;Y;Y;Y;N;N;Y
115331;1968;1999;2014/2015;complete;618;19;-1;25;75,86;1;2;3;-1;-1;-1;-1;-1;3;3;0;0;-1;-1;-1;-1;-1;-1;-1;-1;-1;-1;3;3;0;0;0;0;0;0;0;0;0;0;0;0;0;0;0;0;0;0;0;0;0;0;0;0;0;0;0;0;0;0;0;0;0;0;0;0;0;0;0;0;0;0;0;0;0;0;0;0;0;0;0;0;0;0;0;0;0;0;0;0;0;0;0;0;0;0;0;0;3;1;0;0;2;2;1;2015-04-04 14:00:00;1999;0;56;33;28;0;-1;1;-1;-1;-1;-1;-1;-1;1;2;2;1;3;3;-1;0;0;0;0;0;0;0;0;0;0;0;0;0;1;1;0;0;-1;-1;1;1;-1;-1;-1;-1;-1;-1;-1;-1;-1;22;45;62;73;89;56;84;73;39;0;0;4.78;2.95;Triglav;Šencur;1.93;1.21;2.22;1.11;1.72;1.17;78;56;39;28;11;0;0;0;0;0;0;437;27;Y;Y;Y;N;N;N;Y
115332;1994;1993;2014/2015;complete;618;19;-1;16,54,76,80,86;;5;0;5;-1;-1;-1;-1;-1;1;2;0;0;-1;-1;-1;-1;-1;-1;-1;-1;-1;-1;1;2;0;0;0;0;0;0;0;0;0;0;0;0;0;0;0;0;0;0;0;0;0;0;0;0;0;0;0;0;0;0;0;0;0;0;0;0;0;0;0;0;0;0;0;0;0;0;0;0;0;0;0;0;0;0;0;0;0;0;0;0;0;0;0;0;0;0;0;0;5;1;0;4;0;4;1;2015-04-04 14:00:00;1994;0;56;11;33;0;-1;1;-1;-1;-1;-1;-1;-1;0;1;1;1;1;2;-1;0;0;0;0;0;0;0;0;0;0;0;0;0;1;1;0;0;-1;-1;0;0;-1;-1;-1;-1;-1;-1;-1;-1;-1;22;33;56;61;89;22;67;73;56;0;0;5.44;2.72;Dob;Veržej;1.86;1.21;1.78;1.22;1.61;1.39;78;67;45;39;11;0;0;0;0;0;0;437;27;Y;Y;Y;Y;Y;N;N
115333;1967;1998;2014/2015;complete;618;19;-1;7,60;87;2;1;3;-1;-1;-1;-1;-1;6;4;0;0;-1;-1;-1;-1;-1;-1;-1;-1;-1;-1;6;4;0;0;0;0;0;0;0;0;0;0;0;0;0;0;0;0;0;0;0;0;0;0;0;0;0;0;0;0;0;0;0;0;0;0;0;0;0;0;0;0;0;0;0;0;0;0;0;0;0;0;0;0;0;0;0;0;0;0;0;0;0;0;0;0;0;0;0;0;3;1;0;1;1;2;1;2015-04-04 14:00:00;1967;0;39;11;28;0;-1;1;-1;-1;-1;-1;-1;-1;0;1;6;3;1;9;-1;0;0;0;0;0;0;0;0;0;0;0;0;0;1;1;1;0;-1;-1;0;0;-1;-1;-1;-1;-1;-1;-1;-1;-1;11;33;50;62;89;17;39;84;45;0;0;8.22;2.45;Ankaran Hrvatini;Tolmin;2.07;1;1.89;0.89;1.5;1.44;89;67;50;39;11;0;0;0;0;0;0;437;27;Y;Y;Y;N;N;N;Y
115334;1973;2000;2014/2015;complete;618;19;-1;47,54,58,65,69,88;;6;0;6;-1;-1;-1;-1;-1;1;2;0;1;-1;-1;-1;-1;-1;-1;-1;-1;-1;-1;1;4;0;0;0;0;0;0;0;0;0;0;0;0;0;0;0;0;0;0;0;0;0;0;0;0;0;0;0;0;0;0;0;0;0;0;0;0;0;0;0;0;0;0;0;0;0;0;0;0;0;0;0;0;0;0;0;0;0;0;0;0;0;0;0;0;0;0;0;0;6;0;0;6;0;6;0;2015-04-04 17:00:00;1973;0;39;22;17;0;-1;1;-1;-1;-1;-1;-1;-1;0;2;1;1;2;2;-1;0;0;0;0;0;0;0;0;0;0;0;0;0;1;1;0;0;-1;-1;0;1;-1;-1;-1;-1;-1;-1;-1;-1;-1;22;44;50;95;100;50;84;89;50;0;0;3.78;3.28;Krško;Šmartno;2.5;0.07;2.78;0.11;2.06;0.44;78;56;50;6;0;0;0;0;0;0;0;437;27;Y;Y;Y;Y;Y;Y;N
115335;1967;2000;2014/2015;complete;618;20;-1;15,25,77;31;3;1;4;-1;-1;-1;-1;-1;2;2;0;0;-1;-1;-1;-1;-1;-1;-1;-1;-1;-1;2;2;0;0;0;0;0;0;0;0;0;0;0;0;0;0;0;0;0;0;0;0;0;0;0;0;0;0;0;0;0;0;0;0;0;0;0;0;0;0;0;0;0;0;0;0;0;0;0;0;0;0;0;0;0;0;0;0;0;0;0;0;0;0;0;0;0;0;0;0;4;2;1;1;0;1;3;2015-04-11 14:30:00;1967;0;30;15;20;0;-1;1;-1;-1;-1;-1;-1;-1;0;1;2;1;1;3;-1;0;0;0;0;0;0;0;0;1;0;1;0;0;1;1;0;0;-1;-1;0;0;-1;-1;-1;-1;-1;-1;-1;-1;-1;15;35;50;80;95;40;65;80;50;0;0;6.8;2.9;Ankaran Hrvatini;Šmartno;2.07;0.07;2;0.1;1.58;0.42;85;65;50;20;5;0;0;0;0;0;0;437;27;Y;Y;Y;Y;N;N;Y
115336;1998;1994;2014/2015;complete;618;20;-1;15;17,32,88;1;3;4;-1;-1;-1;-1;-1;0;1;0;0;-1;-1;-1;-1;-1;-1;-1;-1;-1;-1;0;1;0;0;0;0;0;0;0;0;0;0;0;0;0;0;0;0;0;0;0;0;0;0;0;0;0;0;0;0;0;0;0;0;0;0;0;0;0;0;0;0;0;0;0;0;0;0;0;0;0;0;0;0;0;0;0;0;0;0;0;0;0;0;0;0;0;0;0;0;4;1;2;0;1;1;3;2015-04-11 14:30:00;1994;0;39;22;6;0;-1;1;-1;-1;-1;-1;-1;-1;0;1;0;0;1;0;-1;0;0;0;0;0;0;0;0;0;0;0;0;0;1;1;0;0;-1;-1;0;0;-1;-1;-1;-1;-1;-1;-1;-1;-1;11;39;67;78;100;44;78;89;45;0;0;4.77;2.95;Tolmin;Dob;2.08;1.77;2;1.44;1.37;1.68;89;61;34;22;0;0;0;0;0;0;0;437;27;Y;Y;Y;Y;N;N;Y
115337;1993;1968;2014/2015;complete;618;20;-1;6,88;48;2;1;3;-1;-1;-1;-1;-1;1;7;0;0;-1;-1;-1;-1;-1;-1;-1;-1;-1;-1;1;7;0;0;0;0;0;0;0;0;0;0;0;0;0;0;0;0;0;0;0;0;0;0;0;0;0;0;0;0;0;0;0;0;0;0;0;0;0;0;0;0;0;0;0;0;0;0;0;0;0;0;0;0;0;0;0;0;0;0;0;0;0;0;0;0;0;0;0;0;3;1;0;1;1;2;1;2015-04-11 14:30:00;1993;0;50;17;28;0;-1;1;-1;-1;-1;-1;-1;-1;1;3;0;4;4;4;-1;0;0;0;0;0;0;0;0;0;0;0;0;0;1;1;1;0;-1;-1;0;0;-1;-1;-1;-1;-1;-1;-1;-1;-1;6;22;62;84;95;39;73;78;50;0;0;6.23;2.73;Veržej;Triglav;1.62;0.92;1.56;1.22;1.32;1.63;95;78;39;17;6;0;0;0;0;0;0;437;27;Y;Y;Y;N;N;N;Y
115338;2001;1973;2014/2015;complete;618;20;-1;44,65,76,90;16,48;4;2;6;-1;-1;-1;-1;-1;4;2;0;0;-1;-1;-1;-1;-1;-1;-1;-1;-1;-1;4;2;0;0;0;0;0;0;0;0;0;0;0;0;0;0;0;0;0;0;0;0;0;0;0;0;0;0;0;0;0;0;0;0;0;0;0;0;0;0;0;0;0;0;0;0;0;0;0;0;0;0;0;0;0;0;0;0;0;0;0;0;0;0;0;0;0;0;0;0;6;1;1;3;1;4;2;2015-04-11 14:30:00;2001;0;67;28;34;0;-1;1;-1;-1;-1;-1;-1;-1;2;1;2;1;3;3;-1;0;0;0;0;0;0;0;0;0;0;0;0;0;1;1;0;0;-1;-1;0;0;-1;-1;-1;-1;-1;-1;-1;-1;-1;11;33;50;73;84;33;62;62;39;0;0;5.89;2.56;Dravinja;Krško;1.08;1.23;0.78;1.33;0.79;2.11;89;67;50;28;17;0;0;0;0;0;0;437;27;Y;Y;Y;Y;Y;Y;Y
115339;1999;1971;2014/2015;complete;618;20;-1;;21,32,68;0;3;3;-1;-1;-1;-1;-1;0;1;0;0;-1;-1;-1;-1;-1;-1;-1;-1;-1;-1;0;1;0;0;0;0;0;0;0;0;0;0;0;0;0;0;0;0;0;0;0;0;0;0;0;0;0;0;0;0;0;0;0;0;0;0;0;0;0;0;0;0;0;0;0;0;0;0;0;0;0;0;0;0;0;0;0;0;0;0;0;0;0;0;0;0;0;0;0;0;3;0;2;0;1;1;2;2015-04-11 17:00:00;1971;0;33;22;6;0;-1;1;-1;-1;-1;-1;-1;-1;0;0;0;1;0;1;-1;0;0;0;0;0;0;0;0;0;0;0;0;0;1;1;0;0;-1;-1;0;0;-1;-1;-1;-1;-1;-1;-1;-1;-1;17;22;33;73;95;22;61;89;39;0;0;5.89;2.39;Šencur;Aluminij;1.15;1.62;1.22;1.89;1.26;1.79;84;78;67;28;6;0;0;0;0;0;0;437;27;Y;Y;Y;N;N;N;N
115340;1994;1967;2014/2015;complete;618;21;-1;45,49,71,90;55;4;1;5;-1;-1;-1;-1;-1;0;6;0;0;-1;-1;-1;-1;-1;-1;-1;-1;-1;-1;0;6;0;0;0;0;0;0;0;0;0;0;0;0;0;0;0;0;0;0;0;0;0;0;0;0;0;0;0;0;0;0;0;0;0;0;0;0;0;0;0;0;0;0;0;0;0;0;0;0;0;0;0;0;0;0;0;0;0;0;0;0;0;0;0;0;0;0;0;0;5;1;0;3;1;4;1;2015-04-18 14:30:00;1994;0;32;11;15;0;-1;1;-1;-1;-1;-1;-1;-1;0;4;0;2;4;2;-1;0;0;0;0;0;0;0;1;0;1;0;0;0;1;1;0;0;-1;-1;0;0;-1;-1;-1;-1;-1;-1;-1;-1;-1;21;43;59;59;79;33;69;64;47;0;0;6.54;2.64;Dob;Ankaran Hrvatini;1.86;1;1.9;1.11;1.75;1.65;79;57;42;42;22;0;0;0;0;0;0;437;27;Y;Y;Y;Y;Y;N;Y
115341;1973;1999;2014/2015;complete;618;21;-1;15;;1;0;1;-1;-1;-1;-1;-1;2;4;0;0;-1;-1;-1;-1;-1;-1;-1;-1;-1;-1;2;4;0;0;0;0;0;0;0;0;0;0;0;0;0;0;0;0;0;0;0;0;0;0;0;0;0;0;0;0;0;0;0;0;0;0;0;0;0;0;0;0;0;0;0;0;0;0;0;0;0;0;0;0;0;0;0;0;0;0;0;0;0;0;0;0;0;0;0;0;1;1;0;0;0;0;1;2015-04-18 17:00:00;1973;0;50;30;15;0;-1;1;-1;-1;-1;-1;-1;-1;1;1;1;3;2;4;-1;0;0;0;0;0;0;0;1;0;1;0;0;0;1;1;0;0;-1;-1;0;0;-1;-1;-1;-1;-1;-1;-1;-1;-1;20;40;60;80;95;35;75;85;40;0;0;3.9;3.05;Krško;Šencur;2.5;1.21;2.8;1.3;2;1.2;80;60;40;20;5;0;0;0;0;0;0;437;27;Y;N;N;N;N;N;N
115342;2000;2001;2014/2015;complete;618;21;-1;61;19,24,64,66;1;4;5;-1;-1;-1;-1;-1;3;3;0;1;-1;-1;-1;-1;-1;-1;-1;-1;-1;-1;3;4;0;0;0;0;0;0;0;0;0;0;0;0;0;0;0;0;0;0;0;0;0;0;0;0;0;0;0;0;0;0;0;0;0;0;0;0;0;0;0;0;0;0;0;0;0;0;0;0;0;0;0;0;0;0;0;0;0;0;0;0;0;0;0;0;0;0;0;0;5;0;2;1;2;3;2;2015-04-19 14:30:00;2001;0;57;37;42;0;-1;1;-1;-1;-1;-1;-1;-1;0;1;3;3;1;6;-1;0;0;0;0;0;0;0;0;1;0;1;0;0;1;1;0;0;-1;-1;0;0;-1;-1;-1;-1;-1;-1;-1;-1;-1;42;64;74;79;95;54;79;85;64;0;0;5.97;3.9;Šmartno;Dravinja;0.54;1.07;0.78;0.8;0.4;0.9;58;37;27;21;6;0;0;0;0;0;0;437;27;Y;Y;Y;Y;Y;N;Y
115343;1971;1993;2014/2015;complete;618;21;-1;30,90;;2;0;2;-1;-1;-1;-1;-1;3;4;0;0;-1;-1;-1;-1;-1;-1;-1;-1;-1;-1;3;4;0;0;0;0;0;0;0;0;0;0;0;0;0;0;0;0;0;0;0;0;0;0;0;0;0;0;0;0;0;0;0;0;0;0;0;0;0;0;0;0;0;0;0;0;0;0;0;0;0;0;0;0;0;0;0;0;0;0;0;0;0;0;0;0;0;0;0;0;2;1;0;1;0;1;1;2015-04-19 14:30:00;1971;0;55;15;25;0;-1;1;-1;-1;-1;-1;-1;-1;1;2;2;2;3;4;-1;0;0;0;0;0;0;0;0;0;0;0;0;0;1;1;0;0;-1;-1;0;1;-1;-1;-1;-1;-1;-1;-1;-1;-1;30;45;60;70;90;35;70;75;50;0;0;4;3.05;Aluminij;Veržej;2.07;1.21;1.7;1.1;1.85;1.4;70;55;40;30;10;0;0;0;0;0;0;437;27;Y;Y;N;N;N;N;N
115344;1968;1998;2014/2015;complete;618;21;-1;69,88;;2;0;2;-1;-1;-1;-1;-1;5;4;1;0;-1;-1;-1;-1;-1;-1;-1;-1;-1;-1;7;4;0;0;0;0;0;0;0;0;0;0;0;0;0;0;0;0;0;0;0;0;0;0;0;0;0;0;0;0;0;0;0;0;0;0;0;0;0;0;0;0;0;0;0;0;0;0;0;0;0;0;0;0;0;0;0;0;0;0;0;0;0;0;0;0;0;0;0;0;2;0;0;2;0;2;0;2015-04-19 14:30:00;1968;0;60;15;40;0;-1;1;-1;-1;-1;-1;-1;-1;4;0;2;4;4;6;-1;0;0;0;0;0;0;0;0;0;0;0;0;0;1;1;0;0;-1;-1;0;0;-1;-1;-1;-1;-1;-1;-1;-1;-1;25;45;65;75;90;35;65;85;60;0;0;6.5;3.05;Triglav;Tolmin;1.93;1;2;0.8;1.55;1.3;75;55;35;25;10;0;0;0;0;0;0;437;27;Y;Y;N;N;N;N;N
115345;1999;2001;2014/2015;complete;618;22;-1;57,68;37,39;2;2;4;-1;-1;-1;-1;-1;2;2;0;0;-1;-1;-1;-1;-1;-1;-1;-1;-1;-1;2;2;0;0;0;0;0;0;0;0;0;0;0;0;0;0;0;0;0;0;0;0;0;0;0;0;0;0;0;0;0;0;0;0;0;0;0;0;0;0;0;0;0;0;0;0;0;0;0;0;0;0;0;0;0;0;0;0;0;0;0;0;0;0;0;0;0;0;0;0;4;0;2;2;0;2;2;2015-04-24 17:00:00;-1;0;57;33;23;0;-1;1;-1;-1;-1;-1;-1;-1;1;0;1;2;1;3;-1;0;0;0;0;0;0;0;0;0;0;0;0;0;1;1;0;0;-1;-1;0;0;-1;-1;-1;-1;-1;-1;-1;-1;-1;38;47;66;76;95;43;66;86;52;0;0;6.36;3.35;Šencur;Dravinja;1.15;1.07;1.1;1;1.14;1;63;53;34;24;5;0;0;0;0;0;0;437;27;Y;Y;Y;Y;N;N;Y
115346;1994;2000;2014/2015;complete;618;22;-1;30,38,57,71;;4;0;4;-1;-1;-1;-1;-1;3;2;0;0;-1;-1;-1;-1;-1;-1;-1;-1;-1;-1;3;2;0;0;0;0;0;0;0;0;0;0;0;0;0;0;0;0;0;0;0;0;0;0;0;0;0;0;0;0;0;0;0;0;0;0;0;0;0;0;0;0;0;0;0;0;0;0;0;0;0;0;0;0;0;0;0;0;0;0;0;0;0;0;0;0;0;0;0;0;4;2;0;2;0;2;2;2015-04-25 15:00:00;1994;0;32;9;23;0;-1;1;-1;-1;-1;-1;-1;-1;0;0;3;2;0;5;-1;0;0;0;0;0;0;0;0;0;0;0;0;0;1;1;0;0;-1;-1;0;0;-1;-1;-1;-1;-1;-1;-1;-1;-1;27;46;55;78;96;37;78;73;55;0;0;5;3.19;Dob;Šmartno;1.86;0.07;2;0.09;1.81;0.38;73;55;45;23;5;0;0;0;0;0;0;437;27;Y;Y;Y;Y;N;N;N
115347;1967;1968;2014/2015;complete;618;22;-1;20,65;87;2;1;3;-1;-1;-1;-1;-1;2;2;0;0;-1;-1;-1;-1;-1;-1;-1;-1;-1;-1;2;2;0;0;0;0;0;0;0;0;0;0;0;0;0;0;0;0;0;0;0;0;0;0;0;0;0;0;0;0;0;0;0;0;0;0;0;0;0;0;0;0;0;0;0;0;0;0;0;0;0;0;0;0;0;0;0;0;0;0;0;0;0;0;0;0;0;0;0;0;3;1;0;1;1;2;1;2015-04-25 15:00:00;1967;0;53;29;34;0;-1;1;-1;-1;-1;-1;-1;-1;0;2;2;0;2;2;-1;0;0;0;0;0;0;0;0;0;0;0;0;0;1;1;0;0;-1;-1;0;1;-1;-1;-1;-1;-1;-1;-1;-1;-1;5;29;63;72;91;34;68;81;43;0;0;8.26;2.63;Ankaran Hrvatini;Triglav;2.07;0.92;2.09;1.1;1.57;1.62;95;72;38;28;10;0;0;0;0;0;0;437;27;Y;Y;Y;N;N;N;Y
115348;1998;1971;2014/2015;complete;618;22;-1;37,55;73;2;1;3;-1;-1;-1;-1;-1;4;1;0;1;-1;-1;-1;-1;-1;-1;-1;-1;-1;-1;4;3;0;0;0;0;0;0;0;0;0;0;0;0;0;0;0;0;0;0;0;0;0;0;0;0;0;0;0;0;0;0;0;0;0;0;0;0;0;0;0;0;0;0;0;0;0;0;0;0;0;0;0;0;0;0;0;0;0;0;0;0;0;0;0;0;0;0;0;0;3;1;0;1;1;2;1;2015-04-25 15:00:00;1998;0;35;20;10;0;-1;1;-1;-1;-1;-1;-1;-1;1;0;3;2;1;5;-1;0;0;0;0;0;0;0;0;0;0;0;0;0;1;1;0;0;-1;-1;1;0;-1;-1;-1;-1;-1;-1;-1;-1;-1;5;35;60;90;100;35;85;95;45;0;0;4.5;2.9;Tolmin;Aluminij;2.08;1.62;1.8;2;1.24;1.9;95;65;40;10;0;0;0;0;0;0;0;437;27;Y;Y;Y;N;N;N;Y
115349;1993;1973;2014/2015;complete;618;22;-1;69;;1;0;1;-1;-1;-1;-1;-1;4;2;0;0;-1;-1;-1;-1;-1;-1;-1;-1;-1;-1;4;2;0;0;0;0;0;0;0;0;0;0;0;0;0;0;0;0;0;0;0;0;0;0;0;0;0;0;0;0;0;0;0;0;0;0;0;0;0;0;0;0;0;0;0;0;0;0;0;0;0;0;0;0;0;0;0;0;0;0;0;0;0;0;0;0;0;0;0;0;1;0;0;1;0;1;0;2015-04-25 15:00:00;1993;0;60;15;45;0;-1;1;-1;-1;-1;-1;-1;-1;2;0;2;2;2;4;-1;0;0;0;0;0;0;0;0;0;0;0;0;0;1;1;0;0;-1;-1;1;0;-1;-1;-1;-1;-1;-1;-1;-1;-1;10;25;60;80;95;35;65;75;60;0;0;5.5;2.8;Veržej;Krško;1.62;1.23;1.7;1.2;1.33;2.05;90;75;40;20;5;0;0;0;0;0;0;437;27;Y;N;N;N;N;N;N
115350;2001;1993;2014/2015;complete;618;23;-1;;83;0;1;1;-1;-1;-1;-1;-1;2;3;0;0;-1;-1;-1;-1;-1;-1;-1;-1;-1;-1;2;3;0;0;0;0;0;0;0;0;0;0;0;0;0;0;0;0;0;0;0;0;0;0;0;0;0;0;0;0;0;0;0;0;0;0;0;0;0;0;0;0;0;0;0;0;0;0;0;0;0;0;0;0;0;0;0;0;0;0;0;0;0;0;0;0;0;0;0;0;1;0;0;0;1;1;0;2015-05-02 15:00:00;1993;0;67;29;24;0;-1;1;-1;-1;-1;-1;-1;-1;1;1;1;2;2;3;-1;0;0;0;0;0;0;0;0;0;0;0;0;0;1;1;0;0;-1;-1;0;0;-1;-1;-1;-1;-1;-1;-1;-1;-1;28;43;57;81;86;34;72;76;47;0;0;5.17;3.04;Dravinja;Veržej;1.08;1.21;1;1;1;1.41;72;58;43;19;15;0;0;0;0;0;0;437;27;Y;N;N;N;N;N;N
115351;1971;1967;2014/2015;complete;618;23;-1;37,43;;2;0;2;-1;-1;-1;-1;-1;3;3;0;0;-1;-1;-1;-1;-1;-1;-1;-1;-1;-1;3;3;0;0;0;0;0;0;0;0;0;0;0;0;0;0;0;0;0;0;0;0;0;0;0;0;0;0;0;0;0;0;0;0;0;0;0;0;0;0;0;0;0;0;0;0;0;0;0;0;0;0;0;0;0;0;0;0;0;0;0;0;0;0;0;0;0;0;0;0;2;2;0;0;0;0;2;2015-05-02 15:00:00;1971;0;38;15;14;0;-1;1;-1;-1;-1;-1;-1;-1;0;2;3;1;2;4;-1;0;0;0;0;0;0;0;0;0;0;0;0;0;1;1;0;0;-1;-1;0;0;-1;-1;-1;-1;-1;-1;-1;-1;-1;24;48;58;67;81;43;72;67;39;0;0;5.7;2.82;Aluminij;Ankaran Hrvatini;2.07;1;1.82;1;1.82;1.64;76;52;43;33;20;0;0;0;0;0;0;437;27;Y;Y;N;N;N;N;N
115352;1973;1998;2014/2015;complete;618;23;-1;;70;0;1;1;-1;-1;-1;-1;-1;4;4;0;0;-1;-1;-1;-1;-1;-1;-1;-1;-1;-1;4;4;0;0;0;0;0;0;0;0;0;0;0;0;0;0;0;0;0;0;0;0;0;0;0;0;0;0;0;0;0;0;0;0;0;0;0;0;0;0;0;0;0;0;0;0;0;0;0;0;0;0;0;0;0;0;0;0;0;0;0;0;0;0;0;0;0;0;0;0;1;0;0;0;1;1;0;2015-05-02 17:00:00;1998;0;45;14;27;0;-1;1;-1;-1;-1;-1;-1;-1;0;1;4;3;1;7;-1;0;0;0;0;0;0;0;0;0;0;0;0;0;1;1;0;0;-1;-1;0;0;-1;-1;-1;-1;-1;-1;-1;-1;-1;23;41;55;78;96;18;55;91;55;0;0;5.55;3;Krško;Tolmin;2.5;1;2.82;0.73;1.95;1.32;78;60;45;23;5;0;0;0;0;0;0;437;27;Y;N;N;N;N;N;N
115353;2000;1999;2014/2015;complete;618;23;-1;3;24,45,60,78;1;4;5;-1;-1;-1;-1;-1;2;3;0;0;-1;-1;-1;-1;-1;-1;-1;-1;-1;-1;2;3;0;0;0;0;0;0;0;0;0;0;0;0;0;0;0;0;0;0;0;0;0;0;0;0;0;0;0;0;0;0;0;0;0;0;0;0;0;0;0;0;0;0;0;0;0;0;0;0;0;0;0;0;0;0;0;0;0;0;0;0;0;0;0;0;0;0;0;0;5;1;2;0;2;2;3;2015-05-03 15:00:00;1999;0;48;29;30;0;-1;1;-1;-1;-1;-1;-1;-1;1;2;1;1;3;2;-1;0;0;0;0;0;0;0;0;0;0;0;0;0;1;1;1;0;-1;-1;0;0;-1;-1;-1;-1;-1;-1;-1;-1;-1;30;49;63;72;91;53;81;77;49;0;0;5.06;3.23;Šmartno;Šencur;0.54;1.21;0.7;1.18;0.36;1.14;71;52;38;28;10;0;0;0;0;0;0;437;27;Y;Y;Y;Y;Y;N;Y
115354;1968;1994;2014/2015;complete;618;23;-1;20;11,41,44,57;1;4;5;-1;-1;-1;-1;-1;5;6;1;0;-1;-1;-1;-1;-1;-1;-1;-1;-1;-1;6;6;0;0;0;0;0;0;0;0;0;0;0;0;0;0;0;0;0;0;0;0;0;0;0;0;0;0;0;0;0;0;0;0;0;0;0;0;0;0;0;0;0;0;0;0;0;0;0;0;0;0;0;0;0;0;0;0;0;0;0;0;0;0;0;0;0;0;0;0;5;1;3;0;1;1;4;2015-05-03 15:00:00;1994;0;52;29;18;0;-1;1;-1;-1;-1;-1;-1;-1;3;5;3;1;8;4;-1;0;0;0;0;0;0;0;0;0;0;0;0;0;1;1;0;0;-1;-1;0;0;-1;-1;-1;-1;-1;-1;-1;-1;-1;19;38;57;71;96;53;76;81;42;0;0;5.39;2.84;Triglav;Dob;1.93;1.77;2.09;1.6;1.55;1.86;82;63;43;29;5;0;0;0;0;0;0;437;27;Y;Y;Y;Y;Y;N;Y
115355;1994;1971;2014/2015;complete;618;24;-1;20,32,67,75;2,7,19,90;4;4;8;-1;-1;-1;-1;-1;4;3;0;0;-1;-1;-1;-1;-1;-1;-1;-1;-1;-1;4;3;0;0;0;0;0;0;0;0;0;0;0;0;0;0;0;0;0;0;0;0;0;0;0;0;0;0;0;0;0;0;0;0;0;0;0;0;0;0;0;0;0;0;0;0;0;0;0;0;0;0;0;0;0;0;0;0;0;0;0;0;0;0;0;0;0;0;0;0;8;2;3;2;1;3;5;2015-05-09 15:00:00;-1;0;30;5;26;0;-1;1;-1;-1;-1;-1;-1;-1;2;2;2;1;4;3;-1;0;0;0;0;0;0;0;2;1;2;1;0;0;1;1;0;2;-1;-1;0;0;-1;-1;-1;-1;-1;-1;-1;-1;-1;13;26;47;70;96;18;79;79;47;0;0;5.28;2.55;Dob;Aluminij;1.86;1.62;2.08;1.82;1.91;1.87;88;75;53;30;4;0;0;0;0;0;0;437;27;Y;Y;Y;Y;Y;Y;Y
115356;1967;1973;2014/2015;complete;618;24;-1;75;19,48;1;2;3;-1;-1;-1;-1;-1;1;1;0;0;-1;-1;-1;-1;-1;-1;-1;-1;-1;-1;1;1;0;0;0;0;0;0;0;0;0;0;0;0;0;0;0;0;0;0;0;0;0;0;0;0;0;0;0;0;0;0;0;0;0;0;0;0;0;0;0;0;0;0;0;0;0;0;0;0;0;0;0;0;0;0;0;0;0;0;0;0;0;0;0;0;0;0;0;0;3;0;1;1;1;2;1;2015-05-09 15:00:00;1973;0;57;26;44;0;-1;1;-1;-1;-1;-1;-1;-1;0;0;1;1;0;2;-1;0;0;0;0;0;0;0;0;0;0;0;0;0;1;1;0;0;-1;-1;0;0;-1;-1;-1;-1;-1;-1;-1;-1;-1;9;31;57;66;92;31;57;78;49;0;0;7.08;2.62;Ankaran Hrvatini;Krško;2.07;1.23;2.17;1.09;1.57;1.87;91;70;44;35;9;0;0;0;0;0;0;437;27;Y;Y;Y;N;N;N;Y
115357;1998;2001;2014/2015;complete;618;24;-1;15,39;;2;0;2;-1;-1;-1;-1;-1;3;4;0;0;-1;-1;-1;-1;-1;-1;-1;-1;-1;-1;3;4;0;0;0;0;0;0;0;0;0;0;0;0;0;0;0;0;0;0;0;0;0;0;0;0;0;0;0;0;0;0;0;0;0;0;0;0;0;0;0;0;0;0;0;0;0;0;0;0;0;0;0;0;0;0;0;0;0;0;0;0;0;0;0;0;0;0;0;0;2;2;0;0;0;0;2;2015-05-09 15:00:00;1998;0;65;30;30;0;-1;1;-1;-1;-1;-1;-1;-1;1;2;2;2;3;4;-1;0;0;0;0;0;0;0;0;0;0;0;0;0;1;1;0;0;-1;-1;0;0;-1;-1;-1;-1;-1;-1;-1;-1;-1;26;61;87;92;100;48;87;92;66;0;0;5.52;3.78;Tolmin;Dravinja;2.08;1.07;1.91;1;1.39;0.96;75;39;13;9;0;0;0;0;0;0;0;437;27;Y;Y;N;N;N;N;N
115358;1993;1999;2014/2015;complete;618;24;-1;45,67;36,53;2;2;4;-1;-1;-1;-1;-1;3;2;0;0;-1;-1;-1;-1;-1;-1;-1;-1;-1;-1;3;2;0;0;0;0;0;0;0;0;0;0;0;0;0;0;0;0;0;0;0;0;0;0;0;0;0;0;0;0;0;0;0;0;0;0;0;0;0;0;0;0;0;0;0;0;0;0;0;0;0;0;0;0;0;0;0;0;0;0;0;0;0;0;0;0;0;0;0;0;4;1;1;1;1;2;2;2015-05-09 15:00:00;-1;0;48;17;18;0;-1;1;-1;-1;-1;-1;-1;-1;0;2;3;0;2;3;-1;0;0;0;0;0;0;0;0;0;0;0;0;0;1;1;0;0;-1;-1;0;0;-1;-1;-1;-1;-1;-1;-1;-1;-1;9;21;57;75;96;35;74;75;44;0;0;5.06;2.56;Veržej;Šencur;1.62;1.21;1.82;1.33;1.48;1.22;92;79;44;26;4;0;0;0;0;0;0;437;27;Y;Y;Y;Y;N;N;Y
115359;1968;2000;2014/2015;complete;618;24;-1;23,49,57;;3;0;3;-1;-1;-1;-1;-1;2;1;0;0;-1;-1;-1;-1;-1;-1;-1;-1;-1;-1;2;1;0;0;0;0;0;0;0;0;0;0;0;0;0;0;0;0;0;0;0;0;0;0;0;0;0;0;0;0;0;0;0;0;0;0;0;0;0;0;0;0;0;0;0;0;0;0;0;0;0;0;0;0;0;0;0;0;0;0;0;0;0;0;0;0;0;0;0;0;3;1;0;2;0;2;1;2015-05-10 15:00:00;1968;0;46;25;21;0;-1;1;-1;-1;-1;-1;-1;-1;0;1;2;0;1;2;-1;0;0;0;0;0;0;0;0;0;0;0;0;0;1;1;0;0;-1;-1;0;0;-1;-1;-1;-1;-1;-1;-1;-1;-1;29;54;63;92;96;63;83;83;58;0;0;5.5;3.5;Triglav;Šmartno;1.93;0.07;1.92;0.08;1.48;0.35;71;46;38;9;4;0;0;0;0;0;0;437;27;Y;Y;Y;N;N;N;N
115360;1999;1998;2014/2015;complete;618;25;-1;25,55,81;85;3;1;4;-1;-1;-1;-1;-1;3;2;0;0;-1;-1;-1;-1;-1;-1;-1;-1;-1;-1;3;2;0;0;0;0;0;0;0;0;0;0;0;0;0;0;0;0;0;0;0;0;0;0;0;0;0;0;0;0;0;0;0;0;0;0;0;0;0;0;0;0;0;0;0;0;0;0;0;0;0;0;0;0;0;0;0;0;0;0;0;0;0;0;0;0;0;0;0;0;4;1;0;2;1;3;1;2015-05-15 17:00:00;1999;0;44;14;17;0;-1;1;-1;-1;-1;-1;-1;-1;0;1;3;1;1;4;-1;0;0;0;0;0;0;0;0;0;0;0;0;0;1;1;0;0;-1;-1;0;0;-1;-1;-1;-1;-1;-1;-1;-1;-1;22;35;53;70;92;27;44;92;52;0;0;6.74;2.7;Šencur;Tolmin;1.15;1;1.09;0.92;1.21;1.46;78;66;48;30;9;0;0;0;0;0;0;437;27;Y;Y;Y;Y;N;N;Y
115361;2001;1967;2014/2015;complete;618;25;-1;9,62,73;31,89;3;2;5;-1;-1;-1;-1;-1;1;5;0;0;-1;-1;-1;-1;-1;-1;-1;-1;-1;-1;1;5;0;0;0;0;0;0;0;0;0;0;0;0;0;0;0;0;0;0;0;0;0;0;0;0;0;0;0;0;0;0;0;0;0;0;0;0;0;0;0;0;0;0;0;0;0;0;0;0;0;0;0;0;0;0;0;0;0;0;0;0;0;0;0;0;0;0;0;0;5;1;1;2;1;3;2;2015-05-16 15:00:00;2001;0;50;27;14;0;-1;1;-1;-1;-1;-1;-1;-1;0;0;1;5;0;6;-1;0;0;0;0;0;0;0;1;0;1;0;0;0;1;1;1;0;-1;-1;0;0;-1;-1;-1;-1;-1;-1;-1;-1;-1;23;46;55;73;78;46;69;64;36;0;0;6.46;2.78;Dravinja;Ankaran Hrvatini;1.08;1;0.91;0.91;0.92;1.5;78;55;46;27;23;0;0;0;0;0;0;437;27;Y;Y;Y;Y;Y;N;Y
115362;1973;1994;2014/2015;complete;618;25;-1;;;0;0;0;-1;-1;-1;-1;-1;2;5;0;1;-1;-1;-1;-1;-1;-1;-1;-1;-1;-1;2;6;0;0;0;0;0;0;0;0;0;0;0;0;0;0;0;0;0;0;0;0;0;0;0;0;0;0;0;0;0;0;0;0;0;0;0;0;0;0;0;0;0;0;0;0;0;0;0;0;0;0;0;0;0;0;0;0;0;0;0;0;0;0;0;0;0;0;0;0;0;0;0;0;0;0;0;2015-05-16 17:00:00;-1;0;44;31;9;0;-1;1;-1;-1;-1;-1;-1;-1;0;3;2;3;3;5;-1;0;0;0;0;0;0;0;0;0;0;0;0;0;1;1;0;0;-1;-1;0;1;-1;-1;-1;-1;-1;-1;-1;-1;-1;22;39;53;70;100;40;70;87;30;0;0;4.56;2.91;Krško;Dob;2.5;1.77;2.58;1.73;1.92;1.88;79;61;48;31;0;0;0;0;0;0;0;437;27;N;N;N;N;N;N;N
115363;2000;1993;2014/2015;complete;618;25;-1;;45,57,65,82;0;4;4;-1;-1;-1;-1;-1;2;4;0;0;-1;-1;-1;-1;-1;-1;-1;-1;-1;-1;2;4;0;0;0;0;0;0;0;0;0;0;0;0;0;0;0;0;0;0;0;0;0;0;0;0;0;0;0;0;0;0;0;0;0;0;0;0;0;0;0;0;0;0;0;0;0;0;0;0;0;0;0;0;0;0;0;0;0;0;0;0;0;0;0;0;0;0;0;0;4;0;1;0;3;3;1;2015-05-17 15:00:00;1993;0;57;27;35;0;-1;1;-1;-1;-1;-1;-1;-1;0;1;2;3;1;5;-1;0;0;0;0;0;0;0;0;1;0;1;0;0;1;1;0;0;-1;-1;0;0;-1;-1;-1;-1;-1;-1;-1;-1;-1;44;58;66;79;92;49;75;92;66;0;0;4.97;3.59;Šmartno;Veržej;0.54;1.21;0.64;1.17;0.33;1.46;56;43;35;22;9;0;0;0;0;0;0;437;27;Y;Y;Y;Y;N;N;N
115364;1971;1968;2014/2015;complete;618;25;-1;15,30,50;;3;0;3;-1;-1;-1;-1;-1;0;3;0;0;-1;-1;-1;-1;-1;-1;-1;-1;-1;-1;0;3;0;0;0;0;0;0;0;0;0;0;0;0;0;0;0;0;0;0;0;0;0;0;0;0;0;0;0;0;0;0;0;0;0;0;0;0;0;0;0;0;0;0;0;0;0;0;0;0;0;0;0;0;0;0;0;0;0;0;0;0;0;0;0;0;0;0;0;0;3;2;0;1;0;1;2;2015-05-17 15:00:00;1971;0;49;18;31;0;-1;1;-1;-1;-1;-1;-1;-1;0;2;0;1;2;1;-1;0;0;0;0;0;0;0;1;0;1;0;0;0;1;1;0;0;-1;-1;0;0;-1;-1;-1;-1;-1;-1;-1;-1;-1;13;30;58;75;92;39;79;70;40;0;0;5.81;2.75;Aluminij;Triglav;2.07;0.92;1.92;1;1.83;1.54;87;70;43;26;9;0;0;0;0;0;0;437;27;Y;Y;Y;N;N;N;N
115365;1971;2000;2014/2015;complete;618;26;-1;37,88;;2;0;2;-1;-1;-1;-1;-1;1;5;0;0;-1;-1;-1;-1;-1;-1;-1;-1;-1;-1;1;5;0;0;0;0;0;0;0;0;0;0;0;0;0;0;0;0;0;0;0;0;0;0;0;0;0;0;0;0;0;0;0;0;0;0;0;0;0;0;0;0;0;0;0;0;0;0;0;0;0;0;0;0;0;0;0;0;0;0;0;0;0;0;0;0;0;0;0;0;2;1;0;1;0;1;1;2015-05-23 15:00:00;1971;0;27;12;12;0;-1;1;-1;-1;-1;-1;-1;-1;0;1;1;4;1;5;-1;0;0;0;0;0;0;0;0;0;0;0;0;0;1;1;0;0;-1;-1;0;0;-1;-1;-1;-1;-1;-1;-1;-1;-1;19;43;54;85;96;54;81;74;43;0;0;4;3.12;Aluminij;Šmartno;2.07;0.07;2;0.08;1.88;0.32;81;58;46;16;4;0;0;0;0;0;0;437;27;Y;Y;N;N;N;N;N
115366;1968;1973;2014/2015;complete;618;26;-1;26,71;24,63;2;2;4;-1;-1;-1;-1;-1;7;5;1;1;-1;-1;-1;-1;-1;-1;-1;-1;-1;-1;8;6;0;0;0;0;0;0;0;0;0;0;0;0;0;0;0;0;0;0;0;0;0;0;0;0;0;0;0;0;0;0;0;0;0;0;0;0;0;0;0;0;0;0;0;0;0;0;0;0;0;0;0;0;0;0;0;0;0;0;0;0;0;0;0;0;0;0;0;0;4;1;1;1;1;2;2;2015-05-23 15:00:00;-1;0;65;28;45;0;-1;1;-1;-1;-1;-1;-1;-1;5;3;3;3;8;6;-1;0;0;0;0;0;0;0;0;0;0;0;0;0;1;1;0;0;-1;-1;1;0;-1;-1;-1;-1;-1;-1;-1;-1;-1;24;40;64;76;92;44;72;80;60;0;0;5.98;3.07;Triglav;Krško;1.93;1.23;2;1.25;1.48;1.88;76;61;37;24;8;0;0;0;0;0;0;437;27;Y;Y;Y;Y;N;N;Y
115367;1967;1999;2014/2015;complete;618;26;-1;21,30,38,57,70,89;26,85,90;6;3;9;-1;-1;-1;-1;-1;2;1;0;0;-1;-1;-1;-1;-1;-1;-1;-1;-1;-1;2;1;0;0;0;0;0;0;0;0;0;0;0;0;0;0;0;0;0;0;0;0;0;0;0;0;0;0;0;0;0;0;0;0;0;0;0;0;0;0;0;0;0;0;0;0;0;0;0;0;0;0;0;0;0;0;0;0;0;0;0;0;0;0;0;0;0;0;0;0;9;3;1;3;2;5;4;2015-05-23 15:00:00;1967;0;54;31;27;0;-1;1;-1;-1;-1;-1;-1;-1;1;1;1;0;2;1;-1;0;0;0;0;0;0;0;0;1;0;1;0;0;1;1;0;0;-1;-1;0;0;-1;-1;-1;-1;-1;-1;-1;-1;-1;8;31;62;69;92;35;74;77;42;0;0;6.3;2.62;Ankaran Hrvatini;Šencur;2.07;1.21;2;1.31;1.44;1.28;93;70;38;31;8;0;0;0;0;0;0;437;27;Y;Y;Y;Y;Y;Y;Y
115368;1998;1993;2014/2015;complete;618;26;-1;33,65,83,89;36,64;4;2;6;-1;-1;-1;-1;-1;2;2;0;0;-1;-1;-1;-1;-1;-1;-1;-1;-1;-1;2;2;0;0;0;0;0;0;0;0;0;0;0;0;0;0;0;0;0;0;0;0;0;0;0;0;0;0;0;0;0;0;0;0;0;0;0;0;0;0;0;0;0;0;0;0;0;0;0;0;0;0;0;0;0;0;0;0;0;0;0;0;0;0;0;0;0;0;0;0;6;1;1;3;1;4;2;2015-05-23 15:00:00;1998;0;52;20;20;0;-1;1;-1;-1;-1;-1;-1;-1;1;2;1;0;3;1;-1;0;0;0;0;0;0;0;0;0;0;0;0;0;1;1;0;0;-1;-1;0;0;-1;-1;-1;-1;-1;-1;-1;-1;-1;20;48;73;89;96;37;81;92;60;0;0;4.79;3.29;Tolmin;Veržej;2.08;1.21;2;1.31;1.4;1.52;81;52;28;12;4;0;0;0;0;0;0;437;27;Y;Y;Y;Y;Y;Y;Y
115369;1994;2001;2014/2015;complete;618;26;-1;53;66,82,89;1;3;4;-1;-1;-1;-1;-1;1;2;0;0;-1;-1;-1;-1;-1;-1;-1;-1;-1;-1;1;2;0;0;0;0;0;0;0;0;0;0;0;0;0;0;0;0;0;0;0;0;0;0;0;0;0;0;0;0;0;0;0;0;0;0;0;0;0;0;0;0;0;0;0;0;0;0;0;0;0;0;0;0;0;0;0;0;0;0;0;0;0;0;0;0;0;0;0;0;4;0;0;1;3;4;0;2015-05-24 15:00:00;2001;0;54;20;38;0;-1;1;-1;-1;-1;-1;-1;-1;0;0;1;2;0;3;-1;0;0;0;0;0;0;0;0;1;0;1;0;0;1;1;0;0;-1;-1;0;0;-1;-1;-1;-1;-1;-1;-1;-1;-1;35;54;70;74;96;39;81;73;62;0;0;6.23;3.54;Dob;Dravinja;1.86;1.07;2;0.92;1.84;1;66;46;31;27;4;0;0;0;0;0;0;437;27;Y;Y;Y;Y;N;N;Y
115370;2000;1998;2014/2015;complete;618;27;-1;22,84;35,41,53,56,63,68,77;2;7;9;-1;-1;-1;-1;-1;4;2;1;0;-1;-1;-1;-1;-1;-1;-1;-1;-1;-1;5;2;0;0;0;0;0;0;0;0;0;0;0;0;0;0;0;0;0;0;0;0;0;0;0;0;0;0;0;0;0;0;0;0;0;0;0;0;0;0;0;0;0;0;0;0;0;0;0;0;0;0;0;0;0;0;0;0;0;0;0;0;0;0;0;0;0;0;0;0;9;1;2;1;5;6;3;2015-05-30 15:00:00;1998;0;48;17;40;0;-1;1;-1;-1;-1;-1;-1;-1;3;1;2;1;4;3;-1;0;0;0;0;0;0;0;0;1;0;1;0;0;1;1;0;0;-1;-1;0;0;-1;-1;-1;-1;-1;-1;-1;-1;-1;33;57;65;76;92;38;61;92;69;0;0;6.27;3.39;Šmartno;Tolmin;0.54;1;0.58;0.85;0.31;1.46;68;44;36;24;8;0;0;0;0;0;0;437;27;Y;Y;Y;Y;Y;Y;Y
115371;1993;1967;2014/2015;complete;618;27;-1;;3,57,59,84;0;4;4;-1;-1;-1;-1;-1;1;3;0;0;-1;-1;-1;-1;-1;-1;-1;-1;-1;-1;1;3;0;0;0;0;0;0;0;0;0;0;0;0;0;0;0;0;0;0;0;0;0;0;0;0;0;0;0;0;0;0;0;0;0;0;0;0;0;0;0;0;0;0;0;0;0;0;0;0;0;0;0;0;0;0;0;0;0;0;0;0;0;0;0;0;0;0;0;0;4;0;1;0;3;3;1;2015-05-30 15:00:00;1967;0;46;17;25;0;-1;1;-1;-1;-1;-1;-1;-1;1;1;0;2;2;2;-1;0;0;0;0;0;0;0;0;0;0;0;0;0;1;1;0;1;-1;-1;0;0;-1;-1;-1;-1;-1;-1;-1;-1;-1;17;38;63;79;88;46;71;75;54;0;0;6.42;2.83;Veržej;Ankaran Hrvatini;1.62;1;1.75;0.83;1.46;1.5;84;63;38;21;13;0;0;0;0;0;0;437;27;Y;Y;Y;Y;N;N;N
115372;1999;1994;2014/2015;complete;618;27;-1;;24,79;0;2;2;-1;-1;-1;-1;-1;0;3;0;0;-1;-1;-1;-1;-1;-1;-1;-1;-1;-1;0;3;0;0;0;0;0;0;0;0;0;0;0;0;0;0;0;0;0;0;0;0;0;0;0;0;0;0;0;0;0;0;0;0;0;0;0;0;0;0;0;0;0;0;0;0;0;0;0;0;0;0;0;0;0;0;0;0;0;0;0;0;0;0;0;0;0;0;0;0;2;0;1;0;1;1;1;2015-05-30 15:00:00;1994;0;46;29;4;0;-1;1;-1;-1;-1;-1;-1;-1;0;0;0;3;0;3;-1;0;0;0;0;0;0;0;0;0;0;0;0;0;1;1;0;0;-1;-1;0;0;-1;-1;-1;-1;-1;-1;-1;-1;-1;21;38;54;67;92;46;63;84;34;0;0;5.84;2.71;Šencur;Dob;1.15;1.77;1.25;1.67;1.23;1.77;79;63;46;34;8;0;0;0;0;0;0;437;27;Y;Y;N;N;N;N;N
115373;2001;1968;2014/2015;complete;618;27;-1;3,67;69,88;2;2;4;-1;-1;-1;-1;-1;6;2;0;0;-1;-1;-1;-1;-1;-1;-1;-1;-1;-1;6;2;0;0;0;0;0;0;0;0;0;0;0;0;0;0;0;0;0;0;0;0;0;0;0;0;0;0;0;0;0;0;0;0;0;0;0;0;0;0;0;0;0;0;0;0;0;0;0;0;0;0;0;0;0;0;0;0;0;0;0;0;0;0;0;0;0;0;0;0;4;1;0;1;2;3;1;2015-05-30 15:00:00;-1;0;63;34;34;0;-1;1;-1;-1;-1;-1;-1;-1;3;0;3;2;3;5;-1;0;0;0;0;0;0;0;0;0;0;0;0;0;1;1;1;0;-1;-1;0;0;-1;-1;-1;-1;-1;-1;-1;-1;-1;17;34;63;79;88;42;75;75;42;0;0;6.34;2.88;Dravinja;Triglav;1.08;0.92;1.08;0.92;1.08;1.46;84;67;38;21;13;0;0;0;0;0;0;437;27;Y;Y;Y;Y;N;N;Y
115374;1973;1971;2014/2015;complete;618;27;-1;90;;1;0;1;-1;-1;-1;-1;-1;4;2;0;0;-1;-1;-1;-1;-1;-1;-1;-1;-1;-1;4;2;0;0;0;0;0;0;0;0;0;0;0;0;0;0;0;0;0;0;0;0;0;0;0;0;0;0;0;0;0;0;0;0;0;0;0;0;0;0;0;0;0;0;0;0;0;0;0;0;0;0;0;0;0;0;0;0;0;0;0;0;0;0;0;0;0;0;0;0;1;0;0;1;0;1;0;2015-05-30 15:00:00;1973;0;36;20;20;0;-1;1;-1;-1;-1;-1;-1;-1;3;0;1;2;3;3;-1;0;0;0;0;0;0;0;0;0;0;0;0;0;1;1;0;0;-1;-1;0;0;-1;-1;-1;-1;-1;-1;-1;-1;-1;16;28;44;76;96;24;73;89;40;0;0;4.42;2.8;Krško;Aluminij;2.5;1.62;2.46;1.75;1.85;1.92;85;73;56;24;4;0;0;0;0;0;0;437;27;Y;N;N;N;N;N;N
