ID;HOMEID;AWAYID;SEASON;STATUS;ROUNDID;GAME_WEEK;REVISED_GAME_WEEK;HOMEGOALS;AWAYGOALS;HOMEGOALCOUNT;AWAYGOALCOUNT;TOTALGOALCOUNT;TEAM_A_CORNERS;TEAM_B_CORNERS;TOTALCORNERCOUNT;TEAM_A_OFFSIDES;TEAM_B_OFFSIDES;TEAM_A_YELLOW_CARDS;TEAM_B_YELLOW_CARDS;TEAM_A_RED_CARDS;TEAM_B_RED_CARDS;TEAM_A_SHOTSONTARGET;TEAM_B_SHOTSONTARGET;TEAM_A_SHOTSOFFTARGET;TEAM_B_SHOTSOFFTARGET;TEAM_A_SHOTS;TEAM_B_SHOTS;TEAM_A_FOULS;TEAM_B_FOULS;TEAM_A_POSSESSION;TEAM_B_POSSESSION;TEAM_A_CARDS_NUM;TEAM_B_CARDS_NUM;ODDS_FT_1;ODDS_FT_X;ODDS_FT_2;ODDS_FT_OVER05;ODDS_FT_OVER15;ODDS_FT_OVER25;ODDS_FT_OVER35;ODDS_FT_OVER45;ODDS_FT_UNDER05;ODDS_FT_UNDER15;ODDS_FT_UNDER25;ODDS_FT_UNDER35;ODDS_FT_UNDER45;ODDS_BTTS_YES;ODDS_BTTS_NO;ODDS_TEAM_A_CS_YES;ODDS_TEAM_A_CS_NO;ODDS_TEAM_B_CS_YES;ODDS_TEAM_B_CS_NO;ODDS_DOUBLECHANCE_1X;ODDS_DOUBLECHANCE_12;ODDS_DOUBLECHANCE_X2;ODDS_1ST_HALF_RESULT_1;ODDS_1ST_HALF_RESULT_X;ODDS_1ST_HALF_RESULT_2;ODDS_2ND_HALF_RESULT_1;ODDS_2ND_HALF_RESULT_X;ODDS_2ND_HALF_RESULT_2;ODDS_DNB_1;ODDS_DNB_2;ODDS_CORNERS_OVER_75;ODDS_CORNERS_OVER_85;ODDS_CORNERS_OVER_95;ODDS_CORNERS_OVER_105;ODDS_CORNERS_OVER_115;ODDS_CORNERS_UNDER_75;ODDS_CORNERS_UNDER_85;ODDS_CORNERS_UNDER_95;ODDS_CORNERS_UNDER_105;ODDS_CORNERS_UNDER_115;ODDS_CORNERS_1;ODDS_CORNERS_X;ODDS_CORNERS_2;ODDS_TEAM_TO_SCORE_FIRST_1;ODDS_TEAM_TO_SCORE_FIRST_X;ODDS_TEAM_TO_SCORE_FIRST_2;ODDS_WIN_TO_NIL_1;ODDS_WIN_TO_NIL_2;ODDS_1ST_HALF_OVER05;ODDS_1ST_HALF_OVER15;ODDS_1ST_HALF_OVER25;ODDS_1ST_HALF_OVER35;ODDS_1ST_HALF_UNDER05;ODDS_1ST_HALF_UNDER15;ODDS_1ST_HALF_UNDER25;ODDS_1ST_HALF_UNDER35;ODDS_2ND_HALF_OVER05;ODDS_2ND_HALF_OVER15;ODDS_2ND_HALF_OVER25;ODDS_2ND_HALF_OVER35;ODDS_2ND_HALF_UNDER05;ODDS_2ND_HALF_UNDER15;ODDS_2ND_HALF_UNDER25;ODDS_2ND_HALF_UNDER35;ODDS_BTTS_1ST_HALF_YES;ODDS_BTTS_1ST_HALF_NO;ODDS_BTTS_2ND_HALF_YES;ODDS_BTTS_2ND_HALF_NO;OVERALLGOALCOUNT;HT_GOALS_TEAM_A;HT_GOALS_TEAM_B;GOALS_2HG_TEAM_A;GOALS_2HG_TEAM_B;GOALCOUNT_2HG;HTGOALCOUNT;DATE_UNIX;WINNINGTEAM;NO_HOME_AWAY;BTTS_POTENTIAL;BTTS_FHG_POTENTIAL;BTTS_2HG_POTENTIAL;GOALTIMINGDISABLED;CORNER_TIMINGS_RECORDED;CARD_TIMINGS_RECORDED;TEAM_A_FH_CORNERS;TEAM_B_FH_CORNERS;TEAM_A_2H_CORNERS;TEAM_B_2H_CORNERS;CORNER_FH_COUNT;CORNER_2H_COUNT;TEAM_A_FH_CARDS;TEAM_B_FH_CARDS;TEAM_A_2H_CARDS;TEAM_B_2H_CARDS;TOTAL_FH_CARDS;TOTAL_2H_CARDS;ATTACKS_RECORDED;TEAM_A_DANGEROUS_ATTACKS;TEAM_B_DANGEROUS_ATTACKS;TEAM_A_ATTACKS;TEAM_B_ATTACKS;TEAM_A_XG;TEAM_B_XG;TOTAL_XG;TEAM_A_PENALTIES_WON;TEAM_B_PENALTIES_WON;TEAM_A_PENALTY_GOALS;TEAM_B_PENALTY_GOALS;TEAM_A_PENALTY_MISSED;TEAM_B_PENALTY_MISSED;PENS_RECORDED;GOAL_TIMINGS_RECORDED;TEAM_A_0_10_MIN_GOALS;TEAM_B_0_10_MIN_GOALS;TEAM_A_CORNERS_0_10_MIN;TEAM_B_CORNERS_0_10_MIN;TEAM_A_CARDS_0_10_MIN;TEAM_B_CARDS_0_10_MIN;THROWINS_RECORDED;TEAM_A_THROWINS;TEAM_B_THROWINS;FREEKICKS_RECORDED;TEAM_A_FREEKICKS;TEAM_B_FREEKICKS;GOALKICKS_RECORDED;TEAM_A_GOALKICKS;TEAM_B_GOALKICKS;O45_POTENTIAL;O35_POTENTIAL;O25_POTENTIAL;O15_POTENTIAL;O05_POTENTIAL;O15HT_POTENTIAL;O05HT_POTENTIAL;O05_2H_POTENTIAL;O15_2H_POTENTIAL;CORNERS_POTENTIAL;OFFSIDES_POTENTIAL;CARDS_POTENTIAL;AVG_POTENTIAL;HOME_NAME;AWAY_NAME;HOME_PPG;AWAY_PPG;PRE_MATCH_HOME_PPG;PRE_MATCH_AWAY_PPG;PRE_MATCH_TEAMA_OVERALL_PPG;PRE_MATCH_TEAMB_OVERALL_PPG;U45_POTENTIAL;U35_POTENTIAL;U25_POTENTIAL;U15_POTENTIAL;U05_POTENTIAL;CORNERS_O85_POTENTIAL;CORNERS_O95_POTENTIAL;CORNERS_O105_POTENTIAL;TEAM_A_XG_PREMATCH;TEAM_B_XG_PREMATCH;TOTAL_XG_PREMATCH;COMPETITION_ID;MATCHES_COMPLETED_MINIMUM;OVER05;OVER15;OVER25;OVER35;OVER45;OVER55;BTTS
115105;1993;1975;2015/2016;complete;617;1;-1;48,90;61,88;2;2;4;-1;-1;-1;-1;-1;3;4;1;0;-1;-1;-1;-1;-1;-1;-1;-1;-1;-1;5;4;0;0;0;0;0;0;0;0;0;0;0;0;0;0;0;0;0;0;0;0;0;0;0;0;0;0;0;0;0;0;0;0;0;0;0;0;0;0;0;0;0;0;0;0;0;0;0;0;0;0;0;0;0;0;0;0;0;0;0;0;0;0;0;0;0;0;0;0;4;0;0;2;2;4;0;2015-08-08 16:00:00;-1;0;0;0;0;0;-1;1;-1;-1;-1;-1;-1;-1;1;0;3;4;1;7;-1;0;0;0;0;0;0;0;0;0;0;0;0;0;1;1;0;0;-1;-1;0;0;-1;-1;-1;-1;-1;-1;-1;-1;-1;0;0;0;0;0;0;0;0;0;0;0;0;0;Veržej;Radomlje;0.77;2.23;0;0;0;0;0;0;0;0;0;0;0;0;0;0;0;436;27;Y;Y;Y;Y;N;N;Y
115106;1986;1968;2015/2016;complete;617;1;-1;10,69;36,72;2;2;4;-1;-1;-1;-1;-1;1;4;0;0;-1;-1;-1;-1;-1;-1;-1;-1;-1;-1;1;4;0;0;0;0;0;0;0;0;0;0;0;0;0;0;0;0;0;0;0;0;0;0;0;0;0;0;0;0;0;0;0;0;0;0;0;0;0;0;0;0;0;0;0;0;0;0;0;0;0;0;0;0;0;0;0;0;0;0;0;0;0;0;0;0;0;0;0;0;4;1;1;1;1;2;2;2015-08-08 16:00:00;-1;0;0;0;0;0;-1;1;-1;-1;-1;-1;-1;-1;0;2;1;2;2;3;-1;0;0;0;0;0;0;0;0;0;0;0;0;0;1;1;1;0;-1;-1;0;1;-1;-1;-1;-1;-1;-1;-1;-1;-1;0;0;0;0;0;0;0;0;0;0;0;0;0;Kranj;Triglav;1.23;1.69;0;0;0;0;0;0;0;0;0;0;0;0;0;0;0;436;27;Y;Y;Y;Y;N;N;Y
115107;1994;1967;2015/2016;complete;617;1;-1;74;78,88;1;2;3;-1;-1;-1;-1;-1;4;2;1;3;-1;-1;-1;-1;-1;-1;-1;-1;-1;-1;6;8;0;0;0;0;0;0;0;0;0;0;0;0;0;0;0;0;0;0;0;0;0;0;0;0;0;0;0;0;0;0;0;0;0;0;0;0;0;0;0;0;0;0;0;0;0;0;0;0;0;0;0;0;0;0;0;0;0;0;0;0;0;0;0;0;0;0;0;0;3;0;0;1;2;3;0;2015-08-08 16:00:00;1967;0;0;0;0;0;-1;1;-1;-1;-1;-1;-1;-1;1;1;4;4;2;8;-1;0;0;0;0;0;0;0;0;0;0;0;0;0;1;1;0;0;-1;-1;0;0;-1;-1;-1;-1;-1;-1;-1;-1;-1;0;0;0;0;0;0;0;0;0;0;0;0;0;Dob;Ankaran Hrvatini;1.29;1;0;0;0;0;0;0;0;0;0;0;0;0;0;0;0;436;27;Y;Y;Y;N;N;N;Y
115108;1971;1998;2015/2016;complete;617;1;-1;60;;1;0;1;-1;-1;-1;-1;-1;4;1;0;0;-1;-1;-1;-1;-1;-1;-1;-1;-1;-1;4;1;0;0;0;0;0;0;0;0;0;0;0;0;0;0;0;0;0;0;0;0;0;0;0;0;0;0;0;0;0;0;0;0;0;0;0;0;0;0;0;0;0;0;0;0;0;0;0;0;0;0;0;0;0;0;0;0;0;0;0;0;0;0;0;0;0;0;0;0;1;0;0;1;0;1;0;2015-08-09 16:00:00;1971;0;0;0;0;0;-1;1;-1;-1;-1;-1;-1;-1;0;1;4;0;1;4;-1;0;0;0;0;0;0;0;0;0;0;0;0;0;1;1;0;0;-1;-1;0;0;-1;-1;-1;-1;-1;-1;-1;-1;-1;0;0;0;0;0;0;0;0;0;0;0;0;0;Aluminij;Tolmin;2;0.57;0;0;0;0;0;0;0;0;0;0;0;0;0;0;0;436;27;Y;N;N;N;N;N;N
115109;1999;1995;2015/2016;complete;617;1;-1;39;78;1;1;2;-1;-1;-1;-1;-1;1;5;0;0;-1;-1;-1;-1;-1;-1;-1;-1;-1;-1;1;5;0;0;0;0;0;0;0;0;0;0;0;0;0;0;0;0;0;0;0;0;0;0;0;0;0;0;0;0;0;0;0;0;0;0;0;0;0;0;0;0;0;0;0;0;0;0;0;0;0;0;0;0;0;0;0;0;0;0;0;0;0;0;0;0;0;0;0;0;2;1;0;0;1;1;1;2015-08-09 17:00:00;-1;0;0;0;0;0;-1;1;-1;-1;-1;-1;-1;-1;0;2;1;3;2;4;-1;0;0;0;0;0;0;0;1;0;1;0;0;0;1;1;0;0;-1;-1;0;0;-1;-1;-1;-1;-1;-1;-1;-1;-1;0;0;0;0;0;0;0;0;0;0;0;0;0;Šencur;NŠ Drava;1.23;1.46;0;0;0;0;0;0;0;0;0;0;0;0;0;0;0;436;27;Y;Y;N;N;N;N;Y
115110;1975;1986;2015/2016;complete;617;2;-1;32;;1;0;1;-1;-1;-1;-1;-1;2;2;0;0;-1;-1;-1;-1;-1;-1;-1;-1;-1;-1;2;2;0;0;0;0;0;0;0;0;0;0;0;0;0;0;0;0;0;0;0;0;0;0;0;0;0;0;0;0;0;0;0;0;0;0;0;0;0;0;0;0;0;0;0;0;0;0;0;0;0;0;0;0;0;0;0;0;0;0;0;0;0;0;0;0;0;0;0;0;1;1;0;0;0;0;1;2015-08-14 15:30:00;1975;0;0;0;0;0;-1;1;-1;-1;-1;-1;-1;-1;0;0;2;2;0;4;-1;0;0;0;0;0;0;0;0;0;0;0;0;0;1;1;0;0;-1;-1;0;0;-1;-1;-1;-1;-1;-1;-1;-1;-1;0;0;0;0;0;0;0;0;0;0;0;0;0;Radomlje;Kranj;1.86;1.07;0;0;1;1;0;0;0;0;0;0;0;0;0;0;0;436;27;Y;N;N;N;N;N;N
115111;1995;1998;2015/2016;complete;617;2;-1;55,71;28;2;1;3;-1;-1;-1;-1;-1;4;4;0;0;-1;-1;-1;-1;-1;-1;-1;-1;-1;-1;4;4;0;0;0;0;0;0;0;0;0;0;0;0;0;0;0;0;0;0;0;0;0;0;0;0;0;0;0;0;0;0;0;0;0;0;0;0;0;0;0;0;0;0;0;0;0;0;0;0;0;0;0;0;0;0;0;0;0;0;0;0;0;0;0;0;0;0;0;0;3;0;1;2;0;2;1;2015-08-15 15:30:00;1995;0;0;0;0;0;-1;1;-1;-1;-1;-1;-1;-1;2;3;2;1;5;3;-1;0;0;0;0;0;0;0;0;0;0;0;0;0;1;1;0;0;-1;-1;0;0;-1;-1;-1;-1;-1;-1;-1;-1;-1;0;0;0;0;50;0;0;50;0;0;0;1;0.5;NŠ Drava;Tolmin;1.93;0.57;0;0;1;0;50;50;50;50;0;0;0;0;0;0;0;436;27;Y;Y;Y;N;N;N;Y
115112;1967;1971;2015/2016;complete;617;2;-1;;;0;0;0;-1;-1;-1;-1;-1;4;1;0;0;-1;-1;-1;-1;-1;-1;-1;-1;-1;-1;4;1;0;0;0;0;0;0;0;0;0;0;0;0;0;0;0;0;0;0;0;0;0;0;0;0;0;0;0;0;0;0;0;0;0;0;0;0;0;0;0;0;0;0;0;0;0;0;0;0;0;0;0;0;0;0;0;0;0;0;0;0;0;0;0;0;0;0;0;0;0;0;0;0;0;0;0;2015-08-15 15:30:00;-1;0;0;0;0;0;-1;1;-1;-1;-1;-1;-1;-1;1;0;3;1;1;4;-1;0;0;0;0;0;0;0;0;0;0;0;0;0;1;1;0;0;-1;-1;0;0;-1;-1;-1;-1;-1;-1;-1;-1;-1;0;0;0;0;0;0;0;0;0;0;0;0;0;Ankaran Hrvatini;Aluminij;1.31;1.69;0;0;3;3;0;0;0;0;0;0;0;0;0;0;0;436;27;N;N;N;N;N;N;N
115113;1999;1993;2015/2016;complete;617;2;-1;10,21;7,17,34;2;3;5;-1;-1;-1;-1;-1;3;2;0;1;-1;-1;-1;-1;-1;-1;-1;-1;-1;-1;3;4;0;0;0;0;0;0;0;0;0;0;0;0;0;0;0;0;0;0;0;0;0;0;0;0;0;0;0;0;0;0;0;0;0;0;0;0;0;0;0;0;0;0;0;0;0;0;0;0;0;0;0;0;0;0;0;0;0;0;0;0;0;0;0;0;0;0;0;0;5;2;3;0;0;0;5;2015-08-15 17:00:00;1993;0;50;0;0;0;-1;1;-1;-1;-1;-1;-1;-1;0;0;3;3;0;6;-1;0;0;0;0;0;0;0;0;0;0;0;0;0;1;1;1;1;-1;-1;0;0;-1;-1;-1;-1;-1;-1;-1;-1;-1;0;0;0;50;50;0;50;50;0;0;0;1;1;Šencur;Veržej;1.23;1.57;1;0;1;1;50;50;50;0;0;0;0;0;0;0;0;436;27;Y;Y;Y;Y;Y;N;Y
115114;1968;1994;2015/2016;complete;617;2;-1;;4,27;0;2;2;-1;-1;-1;-1;-1;1;3;0;0;-1;-1;-1;-1;-1;-1;-1;-1;-1;-1;1;3;0;0;0;0;0;0;0;0;0;0;0;0;0;0;0;0;0;0;0;0;0;0;0;0;0;0;0;0;0;0;0;0;0;0;0;0;0;0;0;0;0;0;0;0;0;0;0;0;0;0;0;0;0;0;0;0;0;0;0;0;0;0;0;0;0;0;0;0;2;0;2;0;0;0;2;2015-08-16 15:30:00;1994;0;0;0;0;0;-1;1;-1;-1;-1;-1;-1;-1;0;1;1;2;1;3;-1;0;0;0;0;0;0;0;0;0;0;0;0;0;1;1;0;1;-1;-1;0;1;-1;-1;-1;-1;-1;-1;-1;-1;-1;0;0;0;0;0;0;0;0;0;0;0;0;0;Triglav;Dob;1.57;1.08;0;0;1;0;0;0;0;0;0;0;0;0;0;0;0;436;27;Y;Y;N;N;N;N;N
115115;1993;1995;2015/2016;complete;617;3;-1;10;21,79;1;2;3;-1;-1;-1;-1;-1;3;3;0;0;-1;-1;-1;-1;-1;-1;-1;-1;-1;-1;3;3;0;0;0;0;0;0;0;0;0;0;0;0;0;0;0;0;0;0;0;0;0;0;0;0;0;0;0;0;0;0;0;0;0;0;0;0;0;0;0;0;0;0;0;0;0;0;0;0;0;0;0;0;0;0;0;0;0;0;0;0;0;0;0;0;0;0;0;0;3;1;1;0;1;1;2;2015-08-22 15:00:00;1995;0;100;0;50;0;-1;1;-1;-1;-1;-1;-1;-1;1;0;2;3;1;5;-1;0;0;0;0;0;0;0;0;0;0;0;0;0;1;1;1;0;-1;-1;0;0;-1;-1;-1;-1;-1;-1;-1;-1;-1;0;50;50;100;100;0;50;100;50;0;0;10;3;Veržej;NŠ Drava;0.77;1.46;1;1;2;2;100;50;50;0;0;0;0;0;0;0;0;436;27;Y;Y;Y;N;N;N;Y
115116;1986;1999;2015/2016;complete;617;3;-1;;;0;0;0;-1;-1;-1;-1;-1;1;0;0;0;-1;-1;-1;-1;-1;-1;-1;-1;-1;-1;1;0;0;0;0;0;0;0;0;0;0;0;0;0;0;0;0;0;0;0;0;0;0;0;0;0;0;0;0;0;0;0;0;0;0;0;0;0;0;0;0;0;0;0;0;0;0;0;0;0;0;0;0;0;0;0;0;0;0;0;0;0;0;0;0;0;0;0;0;0;0;0;0;0;0;0;0;2015-08-22 15:00:00;-1;0;50;50;50;0;-1;1;-1;-1;-1;-1;-1;-1;0;0;1;0;0;1;-1;0;0;0;0;0;0;0;0;0;0;0;0;0;1;1;0;0;-1;-1;0;0;-1;-1;-1;-1;-1;-1;-1;-1;-1;0;50;50;50;50;50;50;50;50;0;0;1;2;Kranj;Šencur;1.23;0.43;1;0;0.5;0.5;50;0;0;0;0;0;0;0;0;0;0;436;27;N;N;N;N;N;N;N
115117;1994;1975;2015/2016;complete;617;3;-1;88;7;1;1;2;-1;-1;-1;-1;-1;3;2;0;1;-1;-1;-1;-1;-1;-1;-1;-1;-1;-1;3;3;0;0;0;0;0;0;0;0;0;0;0;0;0;0;0;0;0;0;0;0;0;0;0;0;0;0;0;0;0;0;0;0;0;0;0;0;0;0;0;0;0;0;0;0;0;0;0;0;0;0;0;0;0;0;0;0;0;0;0;0;0;0;0;0;0;0;0;0;2;0;1;1;0;1;1;2015-08-22 15:00:00;-1;0;100;0;100;0;-1;1;-1;-1;-1;-1;-1;-1;0;0;3;3;0;6;-1;0;0;0;0;0;0;0;1;0;1;0;0;0;1;1;0;1;-1;-1;0;0;-1;-1;-1;-1;-1;-1;-1;-1;-1;0;50;100;100;100;0;0;100;100;0;0;10;3.5;Dob;Radomlje;1.29;2.23;0;1;1.5;2;100;50;0;0;0;0;0;0;0;0;0;436;27;Y;Y;N;N;N;N;Y
115118;1998;1967;2015/2016;complete;617;3;-1;;48,67;0;2;2;-1;-1;-1;-1;-1;1;2;0;0;-1;-1;-1;-1;-1;-1;-1;-1;-1;-1;1;2;0;0;0;0;0;0;0;0;0;0;0;0;0;0;0;0;0;0;0;0;0;0;0;0;0;0;0;0;0;0;0;0;0;0;0;0;0;0;0;0;0;0;0;0;0;0;0;0;0;0;0;0;0;0;0;0;0;0;0;0;0;0;0;0;0;0;0;0;2;0;0;0;2;2;0;2015-08-22 15:00:00;1967;0;50;0;50;0;-1;1;-1;-1;-1;-1;-1;-1;1;0;0;2;1;2;-1;0;0;0;0;0;0;0;0;0;0;0;0;0;1;1;0;0;-1;-1;0;0;-1;-1;-1;-1;-1;-1;-1;-1;-1;0;0;50;50;50;0;0;50;50;0;0;8;1.5;Tolmin;Ankaran Hrvatini;1.38;1;0;3;0;2;50;50;0;0;0;0;0;0;0;0;0;436;27;Y;Y;N;N;N;N;N
115119;1971;1968;2015/2016;complete;617;3;-1;18,70;57,88;2;2;4;5;12;17;2;0;4;3;1;0;5;8;6;6;11;14;16;17;48;52;5;3;0;0;0;0;0;0;0;0;0;0;0;0;0;0;0;0;0;0;0;0;0;0;0;0;0;0;0;0;0;0;0;0;0;0;0;0;0;0;0;0;0;0;0;0;0;0;0;0;0;0;0;0;0;0;0;0;0;0;0;0;0;0;0;0;0;0;0;0;4;1;0;1;2;3;1;2015-08-23 15:00:00;-1;0;50;50;50;0;-1;1;-1;-1;-1;-1;-1;-1;1;1;4;2;2;6;-1;0;0;0;0;0;0;0;0;1;0;1;0;0;1;1;0;0;-1;-1;0;0;-1;-1;-1;-1;-1;-1;-1;-1;-1;0;50;50;50;100;50;50;100;50;0;0;8;2.5;Aluminij;Triglav;2;1.69;3;1;2;0.5;100;50;50;50;0;0;0;0;0;0;0;436;27;Y;Y;Y;Y;N;N;Y
115120;1999;1994;2015/2016;complete;617;4;-1;;56,66;0;2;2;10;8;18;4;4;3;0;0;0;10;3;6;7;16;10;10;22;52;48;3;0;0;0;0;0;0;0;0;0;0;0;0;0;0;0;0;0;0;0;0;0;0;0;0;0;0;0;0;0;0;0;0;0;0;0;0;0;0;0;0;0;0;0;0;0;0;0;0;0;0;0;0;0;0;0;0;0;0;0;0;0;0;0;0;0;0;0;0;0;2;0;0;0;2;2;0;2015-08-28 17:00:00;1994;0;50;25;0;0;-1;1;-1;-1;-1;-1;-1;-1;3;0;0;0;3;0;-1;0;0;0;0;0;0;0;0;0;0;0;0;0;1;1;0;0;-1;-1;1;0;-1;-1;-1;-1;-1;-1;-1;-1;-1;25;25;25;100;100;75;100;25;0;0;0;5;2.75;Šencur;Dob;1.23;1.08;0.5;3;0.67;1.33;75;75;75;0;0;0;0;0;0;0;0;436;27;Y;Y;N;N;N;N;N
115121;1995;1967;2015/2016;complete;617;4;-1;54,57,63;;3;0;3;-1;-1;-1;-1;-1;2;1;0;0;-1;-1;-1;-1;-1;-1;-1;-1;-1;-1;2;1;0;0;0;0;0;0;0;0;0;0;0;0;0;0;0;0;0;0;0;0;0;0;0;0;0;0;0;0;0;0;0;0;0;0;0;0;0;0;0;0;0;0;0;0;0;0;0;0;0;0;0;0;0;0;0;0;0;0;0;0;0;0;0;0;0;0;0;0;3;0;0;3;0;3;0;2015-08-29 15:00:00;1995;0;75;0;25;0;-1;1;-1;-1;-1;-1;-1;-1;1;0;1;1;1;2;-1;0;0;0;0;0;0;0;0;0;0;0;0;0;1;1;0;0;-1;-1;0;0;-1;-1;-1;-1;-1;-1;-1;-1;-1;0;0;75;100;100;0;50;100;100;0;0;9;2.75;NŠ Drava;Ankaran Hrvatini;1.93;1;3;3;2.33;2.33;100;100;25;0;0;0;0;0;0;0;0;436;27;Y;Y;Y;N;N;N;N
115122;1968;1998;2015/2016;complete;617;4;-1;13,21;68,76;2;2;4;-1;-1;-1;-1;-1;3;4;0;1;-1;-1;-1;-1;-1;-1;-1;-1;-1;-1;3;6;0;0;0;0;0;0;0;0;0;0;0;0;0;0;0;0;0;0;0;0;0;0;0;0;0;0;0;0;0;0;0;0;0;0;0;0;0;0;0;0;0;0;0;0;0;0;0;0;0;0;0;0;0;0;0;0;0;0;0;0;0;0;0;0;0;0;0;0;4;2;0;0;2;2;2;2015-08-29 15:00:00;-1;0;25;0;0;0;-1;1;-1;-1;-1;-1;-1;-1;1;2;2;3;3;5;-1;0;0;0;0;0;0;0;0;0;0;0;0;0;1;1;0;0;-1;-1;0;1;-1;-1;-1;-1;-1;-1;-1;-1;-1;0;0;25;75;100;50;75;50;25;0;0;3.5;2;Triglav;Tolmin;1.57;0.57;0;0;0.67;0;100;100;75;25;0;0;0;0;0;0;0;436;27;Y;Y;Y;Y;N;N;Y
115123;1993;1986;2015/2016;complete;617;4;-1;;17;0;1;1;-1;-1;-1;-1;-1;2;4;0;0;-1;-1;-1;-1;-1;-1;-1;-1;-1;-1;2;4;0;0;0;0;0;0;0;0;0;0;0;0;0;0;0;0;0;0;0;0;0;0;0;0;0;0;0;0;0;0;0;0;0;0;0;0;0;0;0;0;0;0;0;0;0;0;0;0;0;0;0;0;0;0;0;0;0;0;0;0;0;0;0;0;0;0;0;0;1;0;1;0;0;0;1;2015-08-29 15:00:00;1986;0;50;25;25;0;-1;1;-1;-1;-1;-1;-1;-1;2;1;0;3;3;3;-1;0;0;0;0;0;0;0;0;0;0;0;0;0;1;1;0;0;-1;-1;0;0;-1;-1;-1;-1;-1;-1;-1;-1;-1;0;25;50;50;100;25;75;50;25;0;0;6;2.25;Veržej;Kranj;0.77;1.07;0.5;0;1.33;0.67;100;75;50;50;0;0;0;0;0;0;0;436;27;Y;N;N;N;N;N;N
115124;1975;1971;2015/2016;complete;617;4;-1;18,31,45,72,74,90;41;6;1;7;7;4;11;0;5;0;2;0;0;4;5;8;4;12;9;19;17;47;53;0;2;0;0;0;0;0;0;0;0;0;0;0;0;0;0;0;0;0;0;0;0;0;0;0;0;0;0;0;0;0;0;0;0;0;0;0;0;0;0;0;0;0;0;0;0;0;0;0;0;0;0;0;0;0;0;0;0;0;0;0;0;0;0;0;0;0;0;0;0;7;3;1;3;0;3;4;2015-08-30 15:00:00;1975;0;0;0;0;0;-1;1;-1;-1;-1;-1;-1;-1;0;0;0;2;0;2;-1;0;0;0;0;0;0;0;1;0;1;0;0;0;1;1;0;0;-1;-1;0;0;-1;-1;-1;-1;-1;-1;-1;-1;-1;0;0;0;0;50;0;50;0;0;0;0;3;0.5;Radomlje;Aluminij;1.86;1.69;3;1;1.67;1.67;100;100;100;100;50;0;0;0;0;0;0;436;27;Y;Y;Y;Y;Y;Y;Y
115125;1994;1993;2015/2016;complete;617;5;-1;45,69;23,90;2;2;4;-1;-1;-1;-1;-1;4;2;0;0;-1;-1;-1;-1;-1;-1;-1;-1;-1;-1;4;2;0;0;0;0;0;0;0;0;0;0;0;0;0;0;0;0;0;0;0;0;0;0;0;0;0;0;0;0;0;0;0;0;0;0;0;0;0;0;0;0;0;0;0;0;0;0;0;0;0;0;0;0;0;0;0;0;0;0;0;0;0;0;0;0;0;0;0;0;4;1;1;1;1;2;2;2015-09-05 14:00:00;-1;0;100;50;25;0;-1;1;-1;-1;-1;-1;-1;-1;1;2;3;0;3;3;-1;0;0;0;0;0;0;0;0;0;0;0;0;0;1;1;0;0;-1;-1;0;0;-1;-1;-1;-1;-1;-1;-1;-1;-1;50;50;75;100;100;50;75;50;25;0;0;8.5;3.75;Dob;Veržej;1.29;1.57;0.5;3;1.75;1;50;50;25;0;0;0;0;0;0;0;0;436;27;Y;Y;Y;Y;N;N;Y
115126;1998;1975;2015/2016;complete;617;5;-1;;65,89;0;2;2;-1;-1;-1;-1;-1;3;1;0;1;-1;-1;-1;-1;-1;-1;-1;-1;-1;-1;3;2;0;0;0;0;0;0;0;0;0;0;0;0;0;0;0;0;0;0;0;0;0;0;0;0;0;0;0;0;0;0;0;0;0;0;0;0;0;0;0;0;0;0;0;0;0;0;0;0;0;0;0;0;0;0;0;0;0;0;0;0;0;0;0;0;0;0;0;0;2;0;0;0;2;2;0;2015-09-05 14:00:00;1975;0;50;0;25;0;-1;1;-1;-1;-1;-1;-1;-1;0;1;3;1;1;4;-1;0;0;0;0;0;0;0;0;0;0;0;0;0;1;1;0;0;-1;-1;0;0;-1;-1;-1;-1;-1;-1;-1;-1;-1;0;25;25;100;100;0;25;100;75;0;0;4.5;2.5;Tolmin;Radomlje;1.38;2.23;0;1;0.25;2;100;75;75;0;0;0;0;0;0;0;0;436;27;Y;Y;N;N;N;N;N
115127;1967;1968;2015/2016;complete;617;5;-1;51;;1;0;1;-1;-1;-1;-1;-1;3;2;0;0;-1;-1;-1;-1;-1;-1;-1;-1;-1;-1;3;2;0;0;0;0;0;0;0;0;0;0;0;0;0;0;0;0;0;0;0;0;0;0;0;0;0;0;0;0;0;0;0;0;0;0;0;0;0;0;0;0;0;0;0;0;0;0;0;0;0;0;0;0;0;0;0;0;0;0;0;0;0;0;0;0;0;0;0;0;1;0;0;1;0;1;0;2015-09-05 14:00:00;1967;0;50;25;50;0;-1;1;-1;-1;-1;-1;-1;-1;1;1;2;1;2;3;-1;0;0;0;0;0;0;0;0;0;0;0;0;0;1;1;0;0;-1;-1;0;0;-1;-1;-1;-1;-1;-1;-1;-1;-1;0;50;50;50;50;25;50;50;50;12;0;7.5;2;Ankaran Hrvatini;Triglav;1.31;1.69;1;1;1.75;0.75;100;50;50;50;50;50;50;50;0;0;0;436;27;Y;N;N;N;N;N;N
115128;1971;1999;2015/2016;complete;617;5;-1;2,54;32;2;1;3;10;7;17;1;1;4;2;0;0;5;3;10;8;15;11;23;12;57;43;4;2;0;0;0;0;0;0;0;0;0;0;0;0;0;0;0;0;0;0;0;0;0;0;0;0;0;0;0;0;0;0;0;0;0;0;0;0;0;0;0;0;0;0;0;0;0;0;0;0;0;0;0;0;0;0;0;0;0;0;0;0;0;0;0;0;0;0;0;0;3;1;1;1;0;1;2;2015-09-06 14:00:00;1971;0;25;0;25;0;-1;1;-1;-1;-1;-1;-1;-1;2;1;2;1;3;3;-1;0;0;0;0;0;0;0;1;1;1;1;0;0;1;1;1;0;-1;-1;1;0;-1;-1;-1;-1;-1;-1;-1;-1;-1;0;25;25;25;50;0;25;50;25;5;0;4.5;1.25;Aluminij;Šencur;2;0.43;2;1;1.25;0.5;100;75;75;75;50;50;50;50;0;0;0;436;27;Y;Y;Y;N;N;N;Y
115129;1999;1998;2015/2016;complete;617;6;-1;17,65;44,60;2;2;4;-1;-1;-1;-1;-1;2;3;0;0;-1;-1;-1;-1;-1;-1;-1;-1;-1;-1;2;3;0;0;0;0;0;0;0;0;0;0;0;0;0;0;0;0;0;0;0;0;0;0;0;0;0;0;0;0;0;0;0;0;0;0;0;0;0;0;0;0;0;0;0;0;0;0;0;0;0;0;0;0;0;0;0;0;0;0;0;0;0;0;0;0;0;0;0;0;4;1;1;1;1;2;2;2015-09-11 17:00:00;-1;0;67;17;0;0;-1;1;-1;-1;-1;-1;-1;-1;0;1;2;2;1;4;-1;0;0;0;0;0;0;0;0;0;0;0;0;0;1;1;0;0;-1;-1;0;0;-1;-1;-1;-1;-1;-1;-1;-1;-1;17;33;50;84;100;33;67;84;50;10;0;6;2.84;Šencur;Tolmin;1.23;0.57;0.33;0.33;0.4;0.2;84;67;50;17;0;50;50;50;0;0;0;436;27;Y;Y;Y;Y;N;N;Y
115130;1995;1968;2015/2016;complete;617;6;-1;;43,57,63;0;3;3;-1;-1;-1;-1;-1;3;2;0;0;-1;-1;-1;-1;-1;-1;-1;-1;-1;-1;3;2;0;0;0;0;0;0;0;0;0;0;0;0;0;0;0;0;0;0;0;0;0;0;0;0;0;0;0;0;0;0;0;0;0;0;0;0;0;0;0;0;0;0;0;0;0;0;0;0;0;0;0;0;0;0;0;0;0;0;0;0;0;0;0;0;0;0;0;0;3;0;1;0;2;2;1;2015-09-12 14:00:00;1968;0;59;17;34;0;-1;1;-1;-1;-1;-1;-1;-1;2;1;1;1;3;2;-1;0;0;0;0;0;0;0;0;1;0;1;0;0;1;1;0;0;-1;-1;0;0;-1;-1;-1;-1;-1;-1;-1;-1;-1;0;34;84;84;100;17;59;100;84;12;0;6;3;NŠ Drava;Triglav;1.93;1.69;3;0.67;2.5;0.6;100;67;17;17;0;50;50;50;0;0;0;436;27;Y;Y;Y;N;N;N;N
115131;1993;1971;2015/2016;complete;617;6;-1;3,62,68;29,61,77;3;3;6;-1;-1;-1;-1;-1;2;4;0;0;-1;-1;-1;-1;-1;-1;-1;-1;-1;-1;2;4;0;0;0;0;0;0;0;0;0;0;0;0;0;0;0;0;0;0;0;0;0;0;0;0;0;0;0;0;0;0;0;0;0;0;0;0;0;0;0;0;0;0;0;0;0;0;0;0;0;0;0;0;0;0;0;0;0;0;0;0;0;0;0;0;0;0;0;0;6;1;1;2;2;4;2;2015-09-12 14:00:00;-1;0;59;42;17;0;-1;1;-1;-1;-1;-1;-1;-1;1;1;1;3;2;4;-1;0;0;0;0;0;0;0;0;0;0;0;0;0;1;1;1;0;-1;-1;0;0;-1;-1;-1;-1;-1;-1;-1;-1;-1;25;42;59;59;75;42;59;59;42;4;1;4.83;3.09;Veržej;Aluminij;0.77;1.69;0.33;0.5;1;1.6;75;59;42;42;25;50;50;50;0;0;0;436;27;Y;Y;Y;Y;Y;Y;Y
115132;1986;1994;2015/2016;complete;617;6;-1;58,87;6,10;2;2;4;-1;-1;-1;-1;-1;1;1;0;0;-1;-1;-1;-1;-1;-1;-1;-1;-1;-1;1;1;0;0;0;0;0;0;0;0;0;0;0;0;0;0;0;0;0;0;0;0;0;0;0;0;0;0;0;0;0;0;0;0;0;0;0;0;0;0;0;0;0;0;0;0;0;0;0;0;0;0;0;0;0;0;0;0;0;0;0;0;0;0;0;0;0;0;0;0;4;0;2;2;0;2;2;2015-09-12 14:00:00;-1;0;25;25;25;0;-1;1;-1;-1;-1;-1;-1;-1;0;0;1;1;0;2;-1;0;0;0;0;0;0;0;0;0;0;0;0;0;1;1;0;2;-1;-1;0;0;-1;-1;-1;-1;-1;-1;-1;-1;-1;0;25;25;75;75;50;50;50;50;8;0.5;2.5;2;Kranj;Dob;1.23;1.08;1;3;1.25;1.6;100;75;75;25;25;50;50;50;0;0;0;436;27;Y;Y;Y;Y;N;N;Y
115133;1975;1967;2015/2016;complete;617;6;-1;38,43,86;;3;0;3;6;4;10;3;5;2;1;0;0;8;4;6;7;14;11;27;12;59;41;2;1;0;0;0;0;0;0;0;0;0;0;0;0;0;0;0;0;0;0;0;0;0;0;0;0;0;0;0;0;0;0;0;0;0;0;0;0;0;0;0;0;0;0;0;0;0;0;0;0;0;0;0;0;0;0;0;0;0;0;0;0;0;0;0;0;0;0;0;0;3;2;0;1;0;1;2;2015-09-13 14:00:00;1975;0;42;25;17;0;-1;1;-1;-1;-1;-1;-1;-1;1;1;1;0;2;1;-1;0;0;0;0;0;0;0;0;0;0;0;0;0;1;1;0;0;-1;-1;0;1;-1;-1;-1;-1;-1;-1;-1;-1;-1;25;25;59;75;100;25;50;75;75;7;0;4.67;3.34;Radomlje;Ankaran Hrvatini;1.86;1;3;2;2.2;2;75;75;42;25;0;50;50;50;0;0;0;436;27;Y;Y;Y;N;N;N;N
115134;1994;1995;2015/2016;complete;617;7;-1;27,63;43;2;1;3;-1;-1;-1;-1;-1;2;7;0;0;-1;-1;-1;-1;-1;-1;-1;-1;-1;-1;2;7;0;0;0;0;0;0;0;0;0;0;0;0;0;0;0;0;0;0;0;0;0;0;0;0;0;0;0;0;0;0;0;0;0;0;0;0;0;0;0;0;0;0;0;0;0;0;0;0;0;0;0;0;0;0;0;0;0;0;0;0;0;0;0;0;0;0;0;0;3;1;1;1;0;1;2;2015-09-19 14:00:00;1994;0;100;42;34;0;-1;1;-1;-1;-1;-1;-1;-1;0;0;2;7;0;9;-1;0;0;0;0;0;0;0;0;0;0;0;0;0;1;1;0;0;-1;-1;0;0;-1;-1;-1;-1;-1;-1;-1;-1;-1;0;17;59;100;100;42;84;100;34;0;0;8.33;2.75;Dob;NŠ Drava;1.29;1.46;0.67;2;1.5;2;100;84;42;0;0;0;0;0;0;0;0;436;27;Y;Y;Y;N;N;N;Y
115135;1998;1993;2015/2016;complete;617;7;-1;72;39,73;1;2;3;-1;-1;-1;-1;-1;3;6;0;0;-1;-1;-1;-1;-1;-1;-1;-1;-1;-1;3;6;0;0;0;0;0;0;0;0;0;0;0;0;0;0;0;0;0;0;0;0;0;0;0;0;0;0;0;0;0;0;0;0;0;0;0;0;0;0;0;0;0;0;0;0;0;0;0;0;0;0;0;0;0;0;0;0;0;0;0;0;0;0;0;0;0;0;0;0;3;0;1;1;1;2;1;2015-09-19 14:00:00;1993;0;50;50;25;0;-1;1;-1;-1;-1;-1;-1;-1;2;1;1;5;3;6;-1;0;0;0;0;0;0;0;0;0;0;0;0;0;1;1;0;0;-1;-1;1;1;-1;-1;-1;-1;-1;-1;-1;-1;-1;25;50;50;100;100;50;50;75;75;0;0;5;3.25;Tolmin;Veržej;1.38;1.57;0;2;0.33;1;75;50;50;0;0;0;0;0;0;0;0;436;27;Y;Y;Y;N;N;N;Y
115136;1967;1999;2015/2016;complete;617;7;-1;25,48,53,69;16,30;4;2;6;-1;-1;-1;-1;-1;1;0;0;0;-1;-1;-1;-1;-1;-1;-1;-1;-1;-1;1;0;0;0;0;0;0;0;0;0;0;0;0;0;0;0;0;0;0;0;0;0;0;0;0;0;0;0;0;0;0;0;0;0;0;0;0;0;0;0;0;0;0;0;0;0;0;0;0;0;0;0;0;0;0;0;0;0;0;0;0;0;0;0;0;0;0;0;0;0;6;1;2;3;0;3;3;2015-09-19 14:00:00;1967;0;25;25;0;0;-1;1;-1;-1;-1;-1;-1;-1;0;0;1;0;0;1;-1;0;0;0;0;0;0;0;0;0;0;0;0;0;1;1;0;0;-1;-1;0;0;-1;-1;-1;-1;-1;-1;-1;-1;-1;0;0;25;25;50;25;25;50;0;7;0;4.5;1;Ankaran Hrvatini;Šencur;1.31;0.43;2;0.5;1.67;0.5;100;100;75;75;50;50;50;50;0;0;0;436;27;Y;Y;Y;Y;Y;Y;Y
115137;1971;1986;2015/2016;complete;617;7;-1;5,8,18,26,58;81;5;1;6;-1;-1;-1;-1;-1;1;2;0;0;-1;-1;-1;-1;-1;-1;-1;-1;-1;-1;1;2;0;0;0;0;0;0;0;0;0;0;0;0;0;0;0;0;0;0;0;0;0;0;0;0;0;0;0;0;0;0;0;0;0;0;0;0;0;0;0;0;0;0;0;0;0;0;0;0;0;0;0;0;0;0;0;0;0;0;0;0;0;0;0;0;0;0;0;0;6;4;0;1;1;2;4;2015-09-20 14:00:00;1971;0;34;17;17;0;-1;1;-1;-1;-1;-1;-1;-1;1;0;0;2;1;2;-1;0;0;0;0;0;0;0;0;0;0;0;0;0;1;1;2;0;-1;-1;0;0;-1;-1;-1;-1;-1;-1;-1;-1;-1;0;17;34;34;100;17;84;50;17;7.5;0;7.33;1.84;Aluminij;Kranj;2;1.07;2.33;1.5;1.5;1.2;100;84;67;67;0;50;50;50;0;0;0;436;27;Y;Y;Y;Y;Y;Y;Y
115138;1968;1975;2015/2016;complete;617;7;-1;43,73;;2;0;2;-1;-1;-1;-1;-1;2;2;0;0;-1;-1;-1;-1;-1;-1;-1;-1;-1;-1;2;2;0;0;0;0;0;0;0;0;0;0;0;0;0;0;0;0;0;0;0;0;0;0;0;0;0;0;0;0;0;0;0;0;0;0;0;0;0;0;0;0;0;0;0;0;0;0;0;0;0;0;0;0;0;0;0;0;0;0;0;0;0;0;0;0;0;0;0;0;2;1;0;1;0;1;1;2015-09-20 14:00:00;1968;0;59;0;17;0;-1;1;-1;-1;-1;-1;-1;-1;1;0;1;2;1;3;-1;0;0;0;0;0;0;0;0;0;0;0;0;0;1;1;0;0;-1;-1;0;0;-1;-1;-1;-1;-1;-1;-1;-1;-1;0;42;42;100;100;50;67;75;59;0;0;5;2.84;Triglav;Radomlje;1.57;2.23;0.5;1.67;1;2.33;100;59;59;0;0;0;0;0;0;0;0;436;27;Y;Y;N;N;N;N;N
115139;1986;1995;2015/2016;complete;617;5;-1;39,45,87;51;3;1;4;-1;-1;-1;-1;-1;2;2;0;0;-1;-1;-1;-1;-1;-1;-1;-1;-1;-1;2;2;0;0;0;0;0;0;0;0;0;0;0;0;0;0;0;0;0;0;0;0;0;0;0;0;0;0;0;0;0;0;0;0;0;0;0;0;0;0;0;0;0;0;0;0;0;0;0;0;0;0;0;0;0;0;0;0;0;0;0;0;0;0;0;0;0;0;0;0;4;2;0;1;1;2;2;2015-09-23 14:00:00;1986;0;84;50;17;0;-1;1;-1;-1;-1;-1;-1;-1;1;0;1;2;1;3;-1;0;0;0;0;0;0;0;1;0;1;0;0;0;1;1;0;0;-1;-1;0;0;-1;-1;-1;-1;-1;-1;-1;-1;-1;0;34;67;84;84;67;84;84;34;0;0;6;2.67;Kranj;NŠ Drava;1.23;1.46;1;1.33;1;1.67;100;67;33;17;17;0;0;0;0;0;0;436;27;Y;Y;Y;Y;N;N;Y
115140;1999;1968;2015/2016;complete;617;8;-1;67;24,55,59,77;1;4;5;-1;-1;-1;-1;-1;2;1;0;0;-1;-1;-1;-1;-1;-1;-1;-1;-1;-1;2;1;0;0;0;0;0;0;0;0;0;0;0;0;0;0;0;0;0;0;0;0;0;0;0;0;0;0;0;0;0;0;0;0;0;0;0;0;0;0;0;0;0;0;0;0;0;0;0;0;0;0;0;0;0;0;0;0;0;0;0;0;0;0;0;0;0;0;0;0;5;0;1;1;3;4;1;2015-09-25 17:00:00;1968;0;63;38;38;0;-1;1;-1;-1;-1;-1;-1;-1;0;1;2;0;1;2;-1;0;0;0;0;0;0;0;0;1;0;1;0;0;1;1;0;0;-1;-1;0;0;-1;-1;-1;-1;-1;-1;-1;-1;-1;13;50;63;88;100;38;75;88;63;22;0;5;3.13;Šencur;Triglav;1.23;1.69;0.5;1.25;0.43;1.29;88;50;38;13;0;100;100;100;0;0;0;436;27;Y;Y;Y;Y;Y;N;Y
115141;1993;1967;2015/2016;complete;617;8;-1;53,62,66;;3;0;3;-1;-1;-1;-1;-1;3;2;1;0;-1;-1;-1;-1;-1;-1;-1;-1;-1;-1;4;2;0;0;0;0;0;0;0;0;0;0;0;0;0;0;0;0;0;0;0;0;0;0;0;0;0;0;0;0;0;0;0;0;0;0;0;0;0;0;0;0;0;0;0;0;0;0;0;0;0;0;0;0;0;0;0;0;0;0;0;0;0;0;0;0;0;0;0;0;3;0;0;3;0;3;0;2015-09-26 14:00:00;1993;0;50;25;38;0;-1;1;-1;-1;-1;-1;-1;-1;2;0;2;2;2;4;-1;0;0;0;0;0;0;0;0;0;0;0;0;0;1;1;0;0;-1;-1;0;0;-1;-1;-1;-1;-1;-1;-1;-1;-1;13;25;75;88;100;38;50;88;63;4;0;6;3.13;Veržej;Ankaran Hrvatini;0.77;1;0.5;1.5;1.29;1.86;88;75;25;13;0;50;50;0;0;0;0;436;27;Y;Y;Y;N;N;N;N
115142;1986;1998;2015/2016;complete;617;8;-1;2;;1;0;1;-1;-1;-1;-1;-1;2;4;0;2;-1;-1;-1;-1;-1;-1;-1;-1;-1;-1;2;7;0;0;0;0;0;0;0;0;0;0;0;0;0;0;0;0;0;0;0;0;0;0;0;0;0;0;0;0;0;0;0;0;0;0;0;0;0;0;0;0;0;0;0;0;0;0;0;0;0;0;0;0;0;0;0;0;0;0;0;0;0;0;0;0;0;0;0;0;1;1;0;0;0;0;1;2015-09-26 14:00:00;1986;0;75;25;38;0;-1;1;-1;-1;-1;-1;-1;-1;2;2;0;4;4;4;-1;0;0;0;0;0;0;0;0;0;0;0;0;0;1;1;1;0;-1;-1;1;0;-1;-1;-1;-1;-1;-1;-1;-1;-1;0;63;75;75;88;63;75;88;75;0;0;4.75;3;Kranj;Tolmin;1.23;0.57;1.5;0.5;1.29;0.29;100;38;25;25;13;0;0;0;0;0;0;436;27;Y;N;N;N;N;N;N
115143;1994;1971;2015/2016;complete;617;8;-1;80;3,63;1;2;3;-1;-1;-1;-1;-1;5;3;1;0;-1;-1;-1;-1;-1;-1;-1;-1;-1;-1;7;3;0;0;0;0;0;0;0;0;0;0;0;0;0;0;0;0;0;0;0;0;0;0;0;0;0;0;0;0;0;0;0;0;0;0;0;0;0;0;0;0;0;0;0;0;0;0;0;0;0;0;0;0;0;0;0;0;0;0;0;0;0;0;0;0;0;0;0;0;3;0;1;1;1;2;1;2015-09-26 14:00:00;1971;0;84;59;42;0;-1;1;-1;-1;-1;-1;-1;-1;4;0;2;3;4;5;-1;0;0;0;0;0;0;0;0;1;0;1;0;0;1;1;0;1;-1;-1;0;0;-1;-1;-1;-1;-1;-1;-1;-1;-1;34;46;71;84;84;59;71;84;59;4;0;6.08;3.67;Dob;Aluminij;1.29;1.69;1.25;0.67;1.71;1.71;67;54;29;17;17;50;50;50;0;0;0;436;27;Y;Y;Y;N;N;N;Y
115144;1995;1975;2015/2016;complete;617;8;-1;59,66;31;2;1;3;-1;-1;-1;-1;-1;3;4;0;0;-1;-1;-1;-1;-1;-1;-1;-1;-1;-1;3;4;0;0;0;0;0;0;0;0;0;0;0;0;0;0;0;0;0;0;0;0;0;0;0;0;0;0;0;0;0;0;0;0;0;0;0;0;0;0;0;0;0;0;0;0;0;0;0;0;0;0;0;0;0;0;0;0;0;0;0;0;0;0;0;0;0;0;0;0;3;0;1;2;0;2;1;2015-09-27 14:00:00;1995;0;42;0;13;0;-1;1;-1;-1;-1;-1;-1;-1;1;0;2;4;1;6;-1;0;0;0;0;0;0;0;1;0;1;0;0;0;1;1;0;0;-1;-1;0;0;-1;-1;-1;-1;-1;-1;-1;-1;-1;0;13;63;100;100;0;59;100;75;0;0;5.75;2.75;NŠ Drava;Radomlje;1.93;2.23;2;1.25;1.43;2;100;88;38;0;0;0;0;0;0;0;0;436;27;Y;Y;Y;N;N;N;Y
115145;1998;1994;2015/2016;complete;617;9;-1;47,78;51,76,81;2;3;5;-1;-1;-1;-1;-1;4;6;1;0;-1;-1;-1;-1;-1;-1;-1;-1;-1;-1;5;6;0;0;0;0;0;0;0;0;0;0;0;0;0;0;0;0;0;0;0;0;0;0;0;0;0;0;0;0;0;0;0;0;0;0;0;0;0;0;0;0;0;0;0;0;0;0;0;0;0;0;0;0;0;0;0;0;0;0;0;0;0;0;0;0;0;0;0;0;5;0;0;2;3;5;0;2015-10-03 13:30:00;1994;0;33;0;17;0;-1;1;-1;-1;-1;-1;-1;-1;1;2;4;4;3;8;-1;0;0;0;0;0;0;0;0;0;0;0;0;0;1;1;0;0;-1;-1;0;0;-1;-1;-1;-1;-1;-1;-1;-1;-1;0;17;33;100;100;34;50;84;84;8;0;3.66;2.5;Tolmin;Dob;1.38;1.08;0;2.33;0.25;1.5;100;84;67;0;0;50;50;50;0;0;0;436;27;Y;Y;Y;Y;Y;N;Y
115146;1967;1986;2015/2016;complete;617;9;-1;70;7,63,65;1;3;4;-1;-1;-1;-1;-1;1;2;0;0;-1;-1;-1;-1;-1;-1;-1;-1;-1;-1;1;2;0;0;0;0;0;0;0;0;0;0;0;0;0;0;0;0;0;0;0;0;0;0;0;0;0;0;0;0;0;0;0;0;0;0;0;0;0;0;0;0;0;0;0;0;0;0;0;0;0;0;0;0;0;0;0;0;0;0;0;0;0;0;0;0;0;0;0;0;4;0;1;1;2;3;1;2015-10-03 13:30:00;1986;0;33;17;17;0;-1;1;-1;-1;-1;-1;-1;-1;0;0;1;2;0;3;-1;0;0;0;0;0;0;0;1;0;1;0;0;0;1;1;0;1;-1;-1;0;0;-1;-1;-1;-1;-1;-1;-1;-1;-1;33;33;33;33;84;33;67;50;33;0;0;5.34;2.5;Ankaran Hrvatini;Kranj;1.31;1.07;2.33;1;1.63;1.5;67;67;67;67;17;0;0;0;0;0;0;436;27;Y;Y;Y;Y;N;N;Y
115147;1971;1995;2015/2016;complete;617;9;-1;;37,53;0;2;2;-1;-1;-1;-1;-1;5;3;0;0;-1;-1;-1;-1;-1;-1;-1;-1;-1;-1;5;3;0;0;0;0;0;0;0;0;0;0;0;0;0;0;0;0;0;0;0;0;0;0;0;0;0;0;0;0;0;0;0;0;0;0;0;0;0;0;0;0;0;0;0;0;0;0;0;0;0;0;0;0;0;0;0;0;0;0;0;0;0;0;0;0;0;0;0;0;2;0;1;0;1;1;1;2015-10-04 13:30:00;1995;0;88;38;38;0;-1;1;-1;-1;-1;-1;-1;-1;2;2;3;1;4;4;-1;0;0;0;0;0;0;0;0;0;0;0;0;0;1;1;0;0;-1;-1;0;0;-1;-1;-1;-1;-1;-1;-1;-1;-1;13;38;75;88;100;63;88;100;38;7.5;0;7.75;3.25;Aluminij;NŠ Drava;2;1.46;2.5;1;1.88;1.63;88;63;25;13;0;50;50;50;0;0;0;436;27;Y;Y;N;N;N;N;N
115148;1968;1993;2015/2016;complete;617;9;-1;27;20;1;1;2;-1;-1;-1;-1;-1;3;2;0;0;-1;-1;-1;-1;-1;-1;-1;-1;-1;-1;3;2;0;0;0;0;0;0;0;0;0;0;0;0;0;0;0;0;0;0;0;0;0;0;0;0;0;0;0;0;0;0;0;0;0;0;0;0;0;0;0;0;0;0;0;0;0;0;0;0;0;0;0;0;0;0;0;0;0;0;0;0;0;0;0;0;0;0;0;0;2;1;1;0;0;0;2;2015-10-04 13:30:00;-1;0;67;34;34;0;-1;1;-1;-1;-1;-1;-1;-1;2;1;1;1;3;2;-1;0;0;0;0;0;0;0;0;0;0;0;0;0;1;1;0;0;-1;-1;0;1;-1;-1;-1;-1;-1;-1;-1;-1;-1;17;50;67;100;100;67;100;67;50;0;0;6;3.34;Triglav;Veržej;1.57;1.57;1.33;2.33;1.5;1.5;84;50;34;0;0;0;0;0;0;0;0;436;27;Y;Y;N;N;N;N;Y
115149;1975;1999;2015/2016;complete;617;9;-1;59;84;1;1;2;-1;-1;-1;-1;-1;1;1;0;0;-1;-1;-1;-1;-1;-1;-1;-1;-1;-1;1;1;0;0;0;0;0;0;0;0;0;0;0;0;0;0;0;0;0;0;0;0;0;0;0;0;0;0;0;0;0;0;0;0;0;0;0;0;0;0;0;0;0;0;0;0;0;0;0;0;0;0;0;0;0;0;0;0;0;0;0;0;0;0;0;0;0;0;0;0;2;0;0;1;1;2;0;2015-10-04 13:30:00;-1;0;50;50;0;0;-1;1;-1;-1;-1;-1;-1;-1;0;0;1;1;0;2;-1;0;0;0;0;0;0;0;0;0;0;0;0;0;1;1;0;0;-1;-1;0;0;-1;-1;-1;-1;-1;-1;-1;-1;-1;33;33;67;67;84;67;84;67;33;13.5;0.34;2;3.34;Radomlje;Šencur;1.86;0.43;3;0.33;1.75;0.38;67;67;33;33;17;100;100;75;0;0;0;436;27;Y;Y;N;N;N;N;Y
115150;1995;1999;2015/2016;complete;617;10;-1;5;;1;0;1;-1;-1;-1;-1;-1;3;5;0;0;-1;-1;-1;-1;-1;-1;-1;-1;-1;-1;3;5;0;0;0;0;0;0;0;0;0;0;0;0;0;0;0;0;0;0;0;0;0;0;0;0;0;0;0;0;0;0;0;0;0;0;0;0;0;0;0;0;0;0;0;0;0;0;0;0;0;0;0;0;0;0;0;0;0;0;0;0;0;0;0;0;0;0;0;0;1;1;0;0;0;0;1;2015-10-10 13:30:00;1995;0;63;25;13;0;-1;1;-1;-1;-1;-1;-1;-1;0;1;3;4;1;7;-1;0;0;0;0;0;0;0;0;0;0;0;0;0;1;1;1;0;-1;-1;0;0;-1;-1;-1;-1;-1;-1;-1;-1;-1;13;13;75;88;88;25;63;88;75;7;0;3.75;2.88;NŠ Drava;Šencur;1.93;0.43;2.25;0.5;1.78;0.44;88;88;25;13;13;50;50;50;0;0;0;436;27;Y;N;N;N;N;N;N
115151;1975;1993;2015/2016;complete;617;10;-1;33;;1;0;1;-1;-1;-1;-1;-1;2;1;0;0;-1;-1;-1;-1;-1;-1;-1;-1;-1;-1;2;1;0;0;0;0;0;0;0;0;0;0;0;0;0;0;0;0;0;0;0;0;0;0;0;0;0;0;0;0;0;0;0;0;0;0;0;0;0;0;0;0;0;0;0;0;0;0;0;0;0;0;0;0;0;0;0;0;0;0;0;0;0;0;0;0;0;0;0;0;1;1;0;0;0;0;1;2015-10-10 13:30:00;1975;0;75;50;38;0;-1;1;-1;-1;-1;-1;-1;-1;0;0;2;1;0;3;-1;0;0;0;0;0;0;0;0;0;0;0;0;0;1;1;0;0;-1;-1;0;0;-1;-1;-1;-1;-1;-1;-1;-1;-1;25;38;63;88;100;63;88;63;50;6.5;0;4.75;3.38;Radomlje;Veržej;1.86;1.57;2.5;2;1.67;1.44;75;63;38;13;0;50;50;25;0;0;0;436;27;Y;N;N;N;N;N;N
115152;1967;1994;2015/2016;complete;617;10;-1;10,85;76;2;1;3;-1;-1;-1;-1;-1;3;4;1;0;-1;-1;-1;-1;-1;-1;-1;-1;-1;-1;4;4;0;0;0;0;0;0;0;0;0;0;0;0;0;0;0;0;0;0;0;0;0;0;0;0;0;0;0;0;0;0;0;0;0;0;0;0;0;0;0;0;0;0;0;0;0;0;0;0;0;0;0;0;0;0;0;0;0;0;0;0;0;0;0;0;0;0;0;0;3;1;0;1;1;2;1;2015-10-10 13:30:00;1967;0;50;13;25;0;-1;1;-1;-1;-1;-1;-1;-1;3;1;1;3;4;4;-1;0;0;0;0;0;0;0;0;0;0;0;0;0;1;1;1;0;-1;-1;0;0;-1;-1;-1;-1;-1;-1;-1;-1;-1;25;50;50;75;88;38;50;75;63;8;0;4.75;3;Ankaran Hrvatini;Dob;1.31;1.08;1.75;2.5;1.44;1.67;75;50;50;25;13;50;50;50;0;0;0;436;27;Y;Y;Y;N;N;N;Y
115153;1998;1971;2015/2016;complete;617;10;-1;14,32;61;2;1;3;-1;-1;-1;-1;-1;2;3;0;0;-1;-1;-1;-1;-1;-1;-1;-1;-1;-1;2;3;0;0;0;0;0;0;0;0;0;0;0;0;0;0;0;0;0;0;0;0;0;0;0;0;0;0;0;0;0;0;0;0;0;0;0;0;0;0;0;0;0;0;0;0;0;0;0;0;0;0;0;0;0;0;0;0;0;0;0;0;0;0;0;0;0;0;0;0;3;2;0;0;1;1;2;2015-10-10 13:30:00;1998;0;63;25;50;0;-1;1;-1;-1;-1;-1;-1;-1;1;2;1;1;3;2;-1;0;0;0;0;0;0;0;0;0;0;0;0;0;1;1;0;0;-1;-1;0;0;-1;-1;-1;-1;-1;-1;-1;-1;-1;38;38;63;88;88;25;50;88;88;4;0;5.5;3.5;Tolmin;Aluminij;1.38;1.69;0;1.25;0.22;1.67;63;63;38;13;13;50;50;50;0;0;0;436;27;Y;Y;Y;N;N;N;Y
115154;1968;1986;2015/2016;complete;617;10;-1;2;87;1;1;2;-1;-1;-1;-1;-1;2;0;0;0;-1;-1;-1;-1;-1;-1;-1;-1;-1;-1;2;0;0;0;0;0;0;0;0;0;0;0;0;0;0;0;0;0;0;0;0;0;0;0;0;0;0;0;0;0;0;0;0;0;0;0;0;0;0;0;0;0;0;0;0;0;0;0;0;0;0;0;0;0;0;0;0;0;0;0;0;0;0;0;0;0;0;0;0;0;2;1;0;0;1;1;1;2015-10-11 13:30:00;-1;0;50;13;25;0;-1;1;-1;-1;-1;-1;-1;-1;2;0;0;0;2;0;-1;0;0;0;0;0;0;0;0;0;0;0;0;0;1;1;1;0;-1;-1;2;0;-1;-1;-1;-1;-1;-1;-1;-1;-1;13;38;38;75;100;50;100;50;38;0;0;4.75;2.75;Triglav;Kranj;1.57;1.07;1.25;1.5;1.44;1.67;88;63;63;25;0;0;0;0;0;0;0;436;27;Y;Y;N;N;N;N;Y
115155;1998;1995;2015/2016;complete;617;11;-1;35,52;62,67;2;2;4;-1;-1;-1;-1;-1;3;3;1;0;-1;-1;-1;-1;-1;-1;-1;-1;-1;-1;5;3;0;0;0;0;0;0;0;0;0;0;0;0;0;0;0;0;0;0;0;0;0;0;0;0;0;0;0;0;0;0;0;0;0;0;0;0;0;0;0;0;0;0;0;0;0;0;0;0;0;0;0;0;0;0;0;0;0;0;0;0;0;0;0;0;0;0;0;0;4;1;0;1;2;3;1;2015-10-17 13:00:00;-1;0;70;20;30;0;-1;1;-1;-1;-1;-1;-1;-1;1;0;3;3;1;6;-1;0;0;0;0;0;0;0;0;0;0;0;0;0;1;1;0;0;-1;-1;0;0;-1;-1;-1;-1;-1;-1;-1;-1;-1;10;20;60;100;100;40;70;100;50;0;0;6.8;2.9;Tolmin;NŠ Drava;1.38;1.46;0.6;1.4;0.5;1.9;90;80;40;0;0;0;0;0;0;0;0;436;27;Y;Y;Y;Y;N;N;Y
115156;1993;1999;2015/2016;complete;617;11;-1;77;80;1;1;2;-1;-1;-1;-1;-1;3;2;0;0;-1;-1;-1;-1;-1;-1;-1;-1;-1;-1;3;2;0;0;0;0;0;0;0;0;0;0;0;0;0;0;0;0;0;0;0;0;0;0;0;0;0;0;0;0;0;0;0;0;0;0;0;0;0;0;0;0;0;0;0;0;0;0;0;0;0;0;0;0;0;0;0;0;0;0;0;0;0;0;0;0;0;0;0;0;2;0;0;1;1;2;0;2015-10-17 13:00:00;-1;0;60;40;30;0;-1;1;-1;-1;-1;-1;-1;-1;0;0;3;2;0;5;-1;0;0;0;0;0;0;0;0;0;0;0;0;0;1;1;0;0;-1;-1;0;0;-1;-1;-1;-1;-1;-1;-1;-1;-1;20;30;60;70;90;40;60;70;50;7;0;4.8;2.9;Veržej;Šencur;0.77;0.43;1;0.4;1.3;0.4;80;70;40;30;10;50;50;50;0;0;0;436;27;Y;Y;N;N;N;N;Y
115157;1971;1967;2015/2016;complete;617;11;-1;;;0;0;0;-1;-1;-1;-1;-1;2;2;1;0;-1;-1;-1;-1;-1;-1;-1;-1;-1;-1;4;2;0;0;0;0;0;0;0;0;0;0;0;0;0;0;0;0;0;0;0;0;0;0;0;0;0;0;0;0;0;0;0;0;0;0;0;0;0;0;0;0;0;0;0;0;0;0;0;0;0;0;0;0;0;0;0;0;0;0;0;0;0;0;0;0;0;0;0;0;0;0;0;0;0;0;0;2015-10-18 13:00:00;-1;0;40;10;30;0;-1;1;-1;-1;-1;-1;-1;-1;2;0;1;2;2;3;-1;0;0;0;0;0;0;0;0;0;0;0;0;0;1;1;0;0;-1;-1;0;0;-1;-1;-1;-1;-1;-1;-1;-1;-1;10;20;70;90;100;30;50;100;60;11.5;0.2;6.6;3;Aluminij;Ankaran Hrvatini;2;1;2;1.2;1.5;1.6;90;80;30;10;0;100;100;50;0;0;0;436;27;N;N;N;N;N;N;N
115158;1994;1968;2015/2016;complete;617;11;-1;19,56;;2;0;2;-1;-1;-1;-1;-1;2;3;0;0;-1;-1;-1;-1;-1;-1;-1;-1;-1;-1;2;3;0;0;0;0;0;0;0;0;0;0;0;0;0;0;0;0;0;0;0;0;0;0;0;0;0;0;0;0;0;0;0;0;0;0;0;0;0;0;0;0;0;0;0;0;0;0;0;0;0;0;0;0;0;0;0;0;0;0;0;0;0;0;0;0;0;0;0;0;2;1;0;1;0;1;1;2015-10-21 13:00:00;1994;0;80;30;60;0;-1;1;-1;-1;-1;-1;-1;-1;1;1;1;2;2;3;-1;0;0;0;0;0;0;0;0;0;0;0;0;0;1;1;0;0;-1;-1;0;0;-1;-1;-1;-1;-1;-1;-1;-1;-1;10;40;80;90;100;30;80;100;70;12;0;6.8;3.2;Dob;Triglav;1.29;1.69;1;1.6;1.5;1.4;90;60;20;10;0;50;50;50;0;0;0;436;27;Y;Y;N;N;N;N;N
115159;1986;1975;2015/2016;complete;617;11;-1;;3,51;0;2;2;-1;-1;-1;-1;-1;1;3;0;0;-1;-1;-1;-1;-1;-1;-1;-1;-1;-1;1;3;0;0;0;0;0;0;0;0;0;0;0;0;0;0;0;0;0;0;0;0;0;0;0;0;0;0;0;0;0;0;0;0;0;0;0;0;0;0;0;0;0;0;0;0;0;0;0;0;0;0;0;0;0;0;0;0;0;0;0;0;0;0;0;0;0;0;0;0;2;0;1;0;1;1;1;2015-10-21 13:00:00;1975;0;60;10;30;0;-1;1;-1;-1;-1;-1;-1;-1;1;1;0;2;2;2;-1;0;0;0;0;0;0;0;0;0;0;0;0;0;1;1;0;1;-1;-1;0;0;-1;-1;-1;-1;-1;-1;-1;-1;-1;0;40;50;80;90;30;70;80;60;0;0;4.4;2.6;Kranj;Radomlje;1.23;2.23;1.8;1;1.6;1.8;100;60;50;20;10;0;0;0;0;0;0;436;27;Y;Y;N;N;N;N;N
115160;1995;1993;2015/2016;complete;617;12;-1;46,66;24,37,56,81;2;4;6;-1;-1;-1;-1;-1;4;3;1;0;-1;-1;-1;-1;-1;-1;-1;-1;-1;-1;5;3;0;0;0;0;0;0;0;0;0;0;0;0;0;0;0;0;0;0;0;0;0;0;0;0;0;0;0;0;0;0;0;0;0;0;0;0;0;0;0;0;0;0;0;0;0;0;0;0;0;0;0;0;0;0;0;0;0;0;0;0;0;0;0;0;0;0;0;0;6;0;2;2;2;4;2;2015-10-24 13:00:00;1993;0;60;30;20;0;-1;1;-1;-1;-1;-1;-1;-1;2;1;3;2;3;5;-1;0;0;0;0;0;0;0;0;0;0;0;0;0;1;1;0;0;-1;-1;0;0;-1;-1;-1;-1;-1;-1;-1;-1;-1;10;20;70;80;100;30;90;60;60;0;0;6;2.8;NŠ Drava;Veržej;1.93;1.57;2.4;1.6;1.82;1.27;90;80;30;20;0;0;0;0;0;0;0;436;27;Y;Y;Y;Y;Y;Y;Y
115161;1975;1994;2015/2016;complete;617;12;-1;42,90;31;2;1;3;-1;-1;-1;-1;-1;1;3;0;0;-1;-1;-1;-1;-1;-1;-1;-1;-1;-1;1;3;0;0;0;0;0;0;0;0;0;0;0;0;0;0;0;0;0;0;0;0;0;0;0;0;0;0;0;0;0;0;0;0;0;0;0;0;0;0;0;0;0;0;0;0;0;0;0;0;0;0;0;0;0;0;0;0;0;0;0;0;0;0;0;0;0;0;0;0;3;1;1;1;0;1;2;2015-10-24 13:00:00;1975;0;50;10;30;0;-1;1;-1;-1;-1;-1;-1;-1;0;1;1;2;1;3;-1;0;0;0;0;0;0;0;0;0;0;0;0;0;1;1;0;0;-1;-1;0;0;-1;-1;-1;-1;-1;-1;-1;-1;-1;20;30;50;80;100;40;70;70;60;14.5;0;4.2;3;Radomlje;Dob;1.86;1.08;2.6;2;1.91;1.64;80;70;50;20;0;100;100;75;0;0;0;436;27;Y;Y;Y;N;N;N;Y
115162;1967;1998;2015/2016;complete;617;12;-1;;26,78,85;0;3;3;-1;-1;-1;-1;-1;5;1;0;0;-1;-1;-1;-1;-1;-1;-1;-1;-1;-1;5;1;0;0;0;0;0;0;0;0;0;0;0;0;0;0;0;0;0;0;0;0;0;0;0;0;0;0;0;0;0;0;0;0;0;0;0;0;0;0;0;0;0;0;0;0;0;0;0;0;0;0;0;0;0;0;0;0;0;0;0;0;0;0;0;0;0;0;0;0;3;0;1;0;2;2;1;2015-10-24 13:00:00;1998;0;60;20;30;0;-1;1;-1;-1;-1;-1;-1;-1;1;0;4;1;1;5;-1;0;0;0;0;0;0;0;0;0;0;0;0;0;1;1;0;0;-1;-1;0;0;-1;-1;-1;-1;-1;-1;-1;-1;-1;10;40;60;60;90;30;70;80;60;0;0;6.8;2.7;Ankaran Hrvatini;Tolmin;1.31;0.57;2;0.4;1.55;0.55;90;60;40;40;10;0;0;0;0;0;0;436;27;Y;Y;Y;N;N;N;N
115163;1999;1986;2015/2016;complete;617;12;-1;1,26,55,73,90;;5;0;5;-1;-1;-1;-1;-1;3;2;0;0;-1;-1;-1;-1;-1;-1;-1;-1;-1;-1;3;2;0;0;0;0;0;0;0;0;0;0;0;0;0;0;0;0;0;0;0;0;0;0;0;0;0;0;0;0;0;0;0;0;0;0;0;0;0;0;0;0;0;0;0;0;0;0;0;0;0;0;0;0;0;0;0;0;0;0;0;0;0;0;0;0;0;0;0;0;5;2;0;3;0;3;2;2015-10-24 16:00:00;1999;0;70;20;40;0;-1;1;-1;-1;-1;-1;-1;-1;1;1;2;1;2;3;-1;0;0;0;0;0;0;0;0;0;0;0;0;0;1;1;1;0;-1;-1;1;1;-1;-1;-1;-1;-1;-1;-1;-1;-1;30;50;50;80;100;30;90;70;50;10;0;4.2;3.2;Šencur;Kranj;1.23;1.07;0.4;1.4;0.45;1.45;70;50;50;20;0;50;50;50;0;0;0;436;27;Y;Y;Y;Y;Y;N;N
115164;1968;1971;2015/2016;complete;617;12;-1;30;;1;0;1;-1;-1;-1;-1;-1;1;1;0;0;-1;-1;-1;-1;-1;-1;-1;-1;-1;-1;1;1;0;0;0;0;0;0;0;0;0;0;0;0;0;0;0;0;0;0;0;0;0;0;0;0;0;0;0;0;0;0;0;0;0;0;0;0;0;0;0;0;0;0;0;0;0;0;0;0;0;0;0;0;0;0;0;0;0;0;0;0;0;0;0;0;0;0;0;0;1;1;0;0;0;0;1;2015-10-25 13:00:00;1968;0;70;30;20;0;-1;1;-1;-1;-1;-1;-1;-1;0;0;1;1;0;2;-1;0;0;0;0;0;0;0;0;0;0;0;0;0;1;1;0;0;-1;-1;0;0;-1;-1;-1;-1;-1;-1;-1;-1;-1;20;30;50;90;90;60;90;70;40;4;0;4.8;3.1;Triglav;Aluminij;1.57;1.69;1.2;1;1.27;1.45;80;70;50;10;10;50;50;50;0;0;0;436;27;Y;N;N;N;N;N;N
115165;1967;1995;2015/2016;complete;617;13;-1;20,35;41,52;2;2;4;-1;-1;-1;-1;-1;3;3;0;0;-1;-1;-1;-1;-1;-1;-1;-1;-1;-1;3;3;0;0;0;0;0;0;0;0;0;0;0;0;0;0;0;0;0;0;0;0;0;0;0;0;0;0;0;0;0;0;0;0;0;0;0;0;0;0;0;0;0;0;0;0;0;0;0;0;0;0;0;0;0;0;0;0;0;0;0;0;0;0;0;0;0;0;0;0;4;2;1;0;1;1;3;2015-10-31 13:00:00;-1;0;67;25;33;0;-1;1;-1;-1;-1;-1;-1;-1;0;2;3;1;2;4;-1;0;0;0;0;0;0;0;0;0;0;0;0;0;1;1;0;0;-1;-1;0;0;-1;-1;-1;-1;-1;-1;-1;-1;-1;9;33;67;84;92;34;84;92;50;0;0;6.83;2.92;Ankaran Hrvatini;NŠ Drava;1.31;1.46;1.67;1.33;1.42;1.67;92;67;33;17;9;0;0;0;0;0;0;436;27;Y;Y;Y;Y;N;N;Y
115166;1998;1968;2015/2016;complete;617;13;-1;22,78;11,39;2;2;4;-1;-1;-1;-1;-1;4;5;0;0;-1;-1;-1;-1;-1;-1;-1;-1;-1;-1;4;5;0;0;0;0;0;0;0;0;0;0;0;0;0;0;0;0;0;0;0;0;0;0;0;0;0;0;0;0;0;0;0;0;0;0;0;0;0;0;0;0;0;0;0;0;0;0;0;0;0;0;0;0;0;0;0;0;0;0;0;0;0;0;0;0;0;0;0;0;4;1;2;1;0;1;3;2015-10-31 13:00:00;-1;0;59;9;50;0;-1;1;-1;-1;-1;-1;-1;-1;1;3;3;2;4;5;-1;0;0;0;0;0;0;0;0;0;0;0;0;0;1;1;0;0;-1;-1;0;1;-1;-1;-1;-1;-1;-1;-1;-1;-1;17;42;67;92;100;17;67;100;75;12;0;5.67;3.17;Tolmin;Triglav;1.38;1.69;0.67;1.33;0.75;1.42;83;59;33;9;0;50;50;50;0;0;0;436;27;Y;Y;Y;Y;N;N;Y
115167;1971;1975;2015/2016;complete;617;13;-1;;22,64,85,90;0;4;4;-1;-1;-1;-1;-1;3;3;0;0;-1;-1;-1;-1;-1;-1;-1;-1;-1;-1;3;3;0;0;0;0;0;0;0;0;0;0;0;0;0;0;0;0;0;0;0;0;0;0;0;0;0;0;0;0;0;0;0;0;0;0;0;0;0;0;0;0;0;0;0;0;0;0;0;0;0;0;0;0;0;0;0;0;0;0;0;0;0;0;0;0;0;0;0;0;4;0;1;0;3;3;1;2015-10-31 13:00:00;1975;0;50;9;25;0;-1;1;-1;-1;-1;-1;-1;-1;2;2;1;1;4;2;-1;0;0;0;0;0;0;0;0;0;0;0;0;0;1;1;0;0;-1;-1;0;0;-1;-1;-1;-1;-1;-1;-1;-1;-1;9;25;42;84;92;17;67;92;42;7.5;0;6.83;2.59;Aluminij;Radomlje;2;2.23;1.83;1.33;1.33;2;92;75;59;17;9;50;50;50;0;0;0;436;27;Y;Y;Y;Y;N;N;N
115168;1994;1999;2015/2016;complete;617;13;-1;13;64,70;1;2;3;-1;-1;-1;-1;-1;5;2;0;0;-1;-1;-1;-1;-1;-1;-1;-1;-1;-1;5;2;0;0;0;0;0;0;0;0;0;0;0;0;0;0;0;0;0;0;0;0;0;0;0;0;0;0;0;0;0;0;0;0;0;0;0;0;0;0;0;0;0;0;0;0;0;0;0;0;0;0;0;0;0;0;0;0;0;0;0;0;0;0;0;0;0;0;0;0;3;1;0;0;2;2;1;2015-10-31 13:00:00;1999;0;75;33;42;0;-1;1;-1;-1;-1;-1;-1;-1;0;0;5;2;0;7;-1;0;0;0;0;0;0;0;0;1;0;1;0;0;1;1;0;0;-1;-1;0;0;-1;-1;-1;-1;-1;-1;-1;-1;-1;9;17;50;84;92;33;67;84;50;7;0;5.67;2.58;Dob;Šencur;1.29;0.43;1.33;0.5;1.5;0.67;92;83;50;17;9;50;50;50;0;0;0;436;27;Y;Y;Y;N;N;N;Y
115169;1986;1993;2015/2016;complete;617;13;-1;;41;0;1;1;-1;-1;-1;-1;-1;1;1;0;0;-1;-1;-1;-1;-1;-1;-1;-1;-1;-1;1;1;0;0;0;0;0;0;0;0;0;0;0;0;0;0;0;0;0;0;0;0;0;0;0;0;0;0;0;0;0;0;0;0;0;0;0;0;0;0;0;0;0;0;0;0;0;0;0;0;0;0;0;0;0;0;0;0;0;0;0;0;0;0;0;0;0;0;0;0;1;0;1;0;0;0;1;2015-10-31 13:00:00;1993;0;67;34;42;0;-1;1;-1;-1;-1;-1;-1;-1;0;0;1;1;0;2;-1;0;0;0;0;0;0;0;0;0;0;0;0;0;1;1;0;0;-1;-1;0;0;-1;-1;-1;-1;-1;-1;-1;-1;-1;17;50;59;75;92;59;92;59;50;0;0;4.33;3;Kranj;Veržej;1.23;1.57;1.5;1.83;1.33;1.42;84;50;42;25;9;0;0;0;0;0;0;436;27;Y;N;N;N;N;N;N
115170;1995;1986;2015/2016;complete;617;14;-1;;;0;0;0;-1;-1;-1;-1;-1;3;2;1;0;-1;-1;-1;-1;-1;-1;-1;-1;-1;-1;4;2;0;0;0;0;0;0;0;0;0;0;0;0;0;0;0;0;0;0;0;0;0;0;0;0;0;0;0;0;0;0;0;0;0;0;0;0;0;0;0;0;0;0;0;0;0;0;0;0;0;0;0;0;0;0;0;0;0;0;0;0;0;0;0;0;0;0;0;0;0;0;0;0;0;0;0;2015-11-07 13:00:00;-1;0;50;0;25;0;-1;1;-1;-1;-1;-1;-1;-1;0;1;4;1;1;5;-1;0;0;0;0;0;0;0;0;0;0;0;0;0;1;1;0;0;-1;-1;0;0;-1;-1;-1;-1;-1;-1;-1;-1;-1;25;34;67;75;100;25;92;75;67;0;0;5.33;3.17;NŠ Drava;Kranj;1.93;1.07;2;1.17;1.62;1.23;75;67;34;25;0;0;0;0;0;0;0;436;27;N;N;N;N;N;N;N
115171;1993;1994;2015/2016;complete;617;14;-1;;30,51;0;2;2;-1;-1;-1;-1;-1;7;1;1;0;-1;-1;-1;-1;-1;-1;-1;-1;-1;-1;8;1;0;0;0;0;0;0;0;0;0;0;0;0;0;0;0;0;0;0;0;0;0;0;0;0;0;0;0;0;0;0;0;0;0;0;0;0;0;0;0;0;0;0;0;0;0;0;0;0;0;0;0;0;0;0;0;0;0;0;0;0;0;0;0;0;0;0;0;0;2;0;1;0;1;1;1;2015-11-07 13:00:00;1994;0;67;25;42;0;-1;1;-1;-1;-1;-1;-1;-1;6;0;2;1;6;3;-1;0;0;0;0;0;0;0;0;1;0;1;0;0;1;1;0;0;-1;-1;0;0;-1;-1;-1;-1;-1;-1;-1;-1;-1;17;33;67;92;100;42;59;83;67;8;0;6;3.17;Veržej;Dob;0.77;1.08;1;1.67;1.54;1.38;83;67;33;9;0;50;50;50;0;0;0;436;27;Y;Y;N;N;N;N;N
115172;1975;1998;2015/2016;complete;617;14;-1;80,90;21,23;2;2;4;-1;-1;-1;-1;-1;3;4;0;2;-1;-1;-1;-1;-1;-1;-1;-1;-1;-1;3;7;0;0;0;0;0;0;0;0;0;0;0;0;0;0;0;0;0;0;0;0;0;0;0;0;0;0;0;0;0;0;0;0;0;0;0;0;0;0;0;0;0;0;0;0;0;0;0;0;0;0;0;0;0;0;0;0;0;0;0;0;0;0;0;0;0;0;0;0;4;0;2;2;0;2;2;2015-11-07 13:00:00;-1;0;50;25;17;0;-1;1;-1;-1;-1;-1;-1;-1;2;1;1;5;3;6;-1;0;0;0;0;0;0;0;1;0;1;0;0;0;1;1;0;0;-1;-1;0;0;-1;-1;-1;-1;-1;-1;-1;-1;-1;9;25;59;67;100;42;83;75;50;6.5;0;5;2.75;Radomlje;Tolmin;1.86;0.57;2.67;0.83;2.08;0.77;92;75;42;33;0;50;50;25;0;0;0;436;27;Y;Y;Y;Y;N;N;Y
115173;1999;1971;2015/2016;complete;617;14;-1;;44,84;0;2;2;-1;-1;-1;-1;-1;2;4;1;1;-1;-1;-1;-1;-1;-1;-1;-1;-1;-1;3;6;0;0;0;0;0;0;0;0;0;0;0;0;0;0;0;0;0;0;0;0;0;0;0;0;0;0;0;0;0;0;0;0;0;0;0;0;0;0;0;0;0;0;0;0;0;0;0;0;0;0;0;0;0;0;0;0;0;0;0;0;0;0;0;0;0;0;0;0;2;0;1;0;1;1;1;2015-11-07 16:00:00;1971;0;67;33;33;0;-1;1;-1;-1;-1;-1;-1;-1;1;2;2;3;3;5;-1;0;0;0;0;0;0;0;0;0;0;0;0;0;1;1;0;0;-1;-1;0;0;-1;-1;-1;-1;-1;-1;-1;-1;-1;42;50;67;84;92;50;83;75;59;14;0;4.66;3.58;Šencur;Aluminij;1.23;1.69;0.83;0.83;0.85;1.23;59;50;33;17;9;100;100;100;0;0;0;436;27;Y;Y;N;N;N;N;N
115174;1968;1967;2015/2016;complete;617;14;-1;;;0;0;0;-1;-1;-1;-1;-1;1;3;0;0;-1;-1;-1;-1;-1;-1;-1;-1;-1;-1;1;3;0;0;0;0;0;0;0;0;0;0;0;0;0;0;0;0;0;0;0;0;0;0;0;0;0;0;0;0;0;0;0;0;0;0;0;0;0;0;0;0;0;0;0;0;0;0;0;0;0;0;0;0;0;0;0;0;0;0;0;0;0;0;0;0;0;0;0;0;0;0;0;0;0;0;0;2015-11-08 13:00:00;-1;0;34;9;9;0;-1;1;-1;-1;-1;-1;-1;-1;0;2;1;1;2;2;-1;0;0;0;0;0;0;0;0;0;0;0;0;0;1;1;0;0;-1;-1;0;0;-1;-1;-1;-1;-1;-1;-1;-1;-1;0;9;42;83;92;34;59;67;42;4;0;4.67;2.25;Triglav;Ankaran Hrvatini;1.57;1;1.5;1.17;1.38;1.38;100;92;58;17;9;50;50;0;0;0;0;436;27;N;N;N;N;N;N;N
115175;1967;1975;2015/2016;complete;617;15;-1;;65,73;0;2;2;-1;-1;-1;-1;-1;2;2;0;0;-1;-1;-1;-1;-1;-1;-1;-1;-1;-1;2;2;0;0;0;0;0;0;0;0;0;0;0;0;0;0;0;0;0;0;0;0;0;0;0;0;0;0;0;0;0;0;0;0;0;0;0;0;0;0;0;0;0;0;0;0;0;0;0;0;0;0;0;0;0;0;0;0;0;0;0;0;0;0;0;0;0;0;0;0;2;0;0;0;2;2;0;2015-11-14 13:00:00;1975;0;50;15;22;0;-1;1;-1;-1;-1;-1;-1;-1;0;0;2;2;0;4;-1;0;0;0;0;0;0;0;0;1;0;1;0;0;1;1;0;0;-1;-1;0;0;-1;-1;-1;-1;-1;-1;-1;-1;-1;7;36;57;86;93;15;71;93;57;0;0;6;2.86;Ankaran Hrvatini;Radomlje;1.31;2.23;1.57;1.57;1.36;2;93;64;43;15;7;0;0;0;0;0;0;436;27;Y;Y;N;N;N;N;N
115176;1998;1999;2015/2016;complete;617;15;-1;40,45,51,66,73;90;5;1;6;-1;-1;-1;-1;-1;2;3;0;0;-1;-1;-1;-1;-1;-1;-1;-1;-1;-1;2;3;0;0;0;0;0;0;0;0;0;0;0;0;0;0;0;0;0;0;0;0;0;0;0;0;0;0;0;0;0;0;0;0;0;0;0;0;0;0;0;0;0;0;0;0;0;0;0;0;0;0;0;0;0;0;0;0;0;0;0;0;0;0;0;0;0;0;0;0;6;2;0;3;1;4;2;2015-11-14 13:00:00;1998;0;71;22;36;0;-1;1;-1;-1;-1;-1;-1;-1;2;3;0;0;5;0;-1;0;0;0;0;0;0;0;1;0;1;0;0;0;1;1;0;0;-1;-1;0;0;-1;-1;-1;-1;-1;-1;-1;-1;-1;14;29;57;86;93;29;57;86;64;7;0;5;2.86;Tolmin;Šencur;1.38;0.43;0.71;0.86;0.79;0.79;86;72;43;15;7;50;50;50;0;0;0;436;27;Y;Y;Y;Y;Y;Y;Y
115177;1994;1986;2015/2016;complete;617;15;-1;2,26,40;13,59;3;2;5;-1;-1;-1;-1;-1;4;2;0;0;-1;-1;-1;-1;-1;-1;-1;-1;-1;-1;4;2;0;0;0;0;0;0;0;0;0;0;0;0;0;0;0;0;0;0;0;0;0;0;0;0;0;0;0;0;0;0;0;0;0;0;0;0;0;0;0;0;0;0;0;0;0;0;0;0;0;0;0;0;0;0;0;0;0;0;0;0;0;0;0;0;0;0;0;0;5;3;1;0;1;1;4;2015-11-14 13:00:00;1994;0;65;15;36;0;-1;1;-1;-1;-1;-1;-1;-1;1;1;3;1;2;4;-1;0;0;0;0;0;0;0;0;0;0;0;0;0;1;1;1;0;-1;-1;0;0;-1;-1;-1;-1;-1;-1;-1;-1;-1;15;29;57;79;93;29;86;79;50;0;0;6.14;2.79;Dob;Kranj;1.29;1.07;1.14;1.14;1.5;1.21;86;72;43;22;7;0;0;0;0;0;0;436;27;Y;Y;Y;Y;Y;N;Y
115178;1968;1995;2015/2016;complete;617;15;-1;;8;0;1;1;-1;-1;-1;-1;-1;4;3;0;0;-1;-1;-1;-1;-1;-1;-1;-1;-1;-1;4;3;0;0;0;0;0;0;0;0;0;0;0;0;0;0;0;0;0;0;0;0;0;0;0;0;0;0;0;0;0;0;0;0;0;0;0;0;0;0;0;0;0;0;0;0;0;0;0;0;0;0;0;0;0;0;0;0;0;0;0;0;0;0;0;0;0;0;0;0;1;0;1;0;0;0;1;2015-11-15 13:00:00;1995;0;65;29;15;0;-1;1;-1;-1;-1;-1;-1;-1;2;0;2;3;2;5;-1;0;0;0;0;0;0;0;0;0;0;0;0;0;1;1;0;1;-1;-1;0;0;-1;-1;-1;-1;-1;-1;-1;-1;-1;0;29;43;86;93;50;93;72;22;0;0;5.57;2.5;Triglav;NŠ Drava;1.57;1.46;1.43;1.29;1.36;1.57;100;72;58;15;7;0;0;0;0;0;0;436;27;Y;N;N;N;N;N;N
115179;1971;1993;2015/2016;complete;617;15;-1;41,84;65,90;2;2;4;-1;-1;-1;-1;-1;4;3;1;0;-1;-1;-1;-1;-1;-1;-1;-1;-1;-1;5;3;0;0;0;0;0;0;0;0;0;0;0;0;0;0;0;0;0;0;0;0;0;0;0;0;0;0;0;0;0;0;0;0;0;0;0;0;0;0;0;0;0;0;0;0;0;0;0;0;0;0;0;0;0;0;0;0;0;0;0;0;0;0;0;0;0;0;0;0;4;1;0;1;2;3;1;2015-11-15 13:00:00;-1;0;57;29;36;0;-1;1;-1;-1;-1;-1;-1;-1;2;0;3;3;2;6;-1;0;0;0;0;0;0;0;0;1;0;1;0;0;1;1;0;0;-1;-1;0;0;-1;-1;-1;-1;-1;-1;-1;-1;-1;22;43;57;71;93;43;86;65;43;7.5;0;6.42;3;Aluminij;Veržej;2;1.57;1.57;2;1.36;1.43;79;57;43;29;7;50;50;50;0;0;0;436;27;Y;Y;Y;Y;N;N;Y
115180;1995;1994;2015/2016;complete;617;16;-1;40,48;90;2;1;3;-1;-1;-1;-1;-1;4;2;0;0;-1;-1;-1;-1;-1;-1;-1;-1;-1;-1;4;2;0;0;0;0;0;0;0;0;0;0;0;0;0;0;0;0;0;0;0;0;0;0;0;0;0;0;0;0;0;0;0;0;0;0;0;0;0;0;0;0;0;0;0;0;0;0;0;0;0;0;0;0;0;0;0;0;0;0;0;0;0;0;0;0;0;0;0;0;3;1;0;1;1;2;1;2015-11-21 13:00:00;1995;0;50;7;22;0;-1;1;-1;-1;-1;-1;-1;-1;1;0;3;2;1;5;-1;0;0;0;0;0;0;0;0;0;0;0;0;0;1;1;0;0;-1;-1;0;0;-1;-1;-1;-1;-1;-1;-1;-1;-1;14;22;64;86;93;29;71;79;64;8;0;6;2.86;NŠ Drava;Dob;1.93;1.08;1.86;1.86;1.67;1.6;86;79;36;15;7;50;50;50;0;0;0;436;27;Y;Y;Y;N;N;N;Y
115181;1993;1998;2015/2016;complete;617;16;-1;6,36,82,89;86;4;1;5;-1;-1;-1;-1;-1;4;3;0;1;-1;-1;-1;-1;-1;-1;-1;-1;-1;-1;4;4;0;0;0;0;0;0;0;0;0;0;0;0;0;0;0;0;0;0;0;0;0;0;0;0;0;0;0;0;0;0;0;0;0;0;0;0;0;0;0;0;0;0;0;0;0;0;0;0;0;0;0;0;0;0;0;0;0;0;0;0;0;0;0;0;0;0;0;0;5;2;0;2;1;3;2;2015-11-21 13:00:00;1993;0;57;22;29;0;-1;1;-1;-1;-1;-1;-1;-1;3;1;1;3;4;4;-1;0;0;0;0;0;0;0;1;0;1;0;0;0;1;1;1;0;-1;-1;1;0;-1;-1;-1;-1;-1;-1;-1;-1;-1;7;36;64;79;100;36;72;86;64;0;0;8;2.93;Veržej;Tolmin;0.77;0.57;0.86;0.86;1.4;0.93;93;64;36;22;0;0;0;0;0;0;0;436;27;Y;Y;Y;Y;Y;N;Y
115182;1986;1971;2015/2016;complete;617;16;-1;;46,51,56,90,90;0;5;5;-1;-1;-1;-1;-1;6;2;0;0;-1;-1;-1;-1;-1;-1;-1;-1;-1;-1;6;2;0;0;0;0;0;0;0;0;0;0;0;0;0;0;0;0;0;0;0;0;0;0;0;0;0;0;0;0;0;0;0;0;0;0;0;0;0;0;0;0;0;0;0;0;0;0;0;0;0;0;0;0;0;0;0;0;0;0;0;0;0;0;0;0;0;0;0;0;5;0;0;0;5;5;0;2015-11-29 12:30:00;1971;0;50;22;29;0;-1;1;-1;-1;-1;-1;-1;-1;2;1;4;1;3;5;-1;0;0;0;0;0;0;0;0;0;0;0;0;0;1;1;0;0;-1;-1;0;0;-1;-1;-1;-1;-1;-1;-1;-1;-1;15;36;50;64;86;43;86;64;43;4;0;4.15;2.72;Kranj;Aluminij;1.23;1.69;1.29;1.14;1.13;1.33;86;64;50;36;14;50;50;50;0;0;0;436;27;Y;Y;Y;Y;Y;N;N
115183;1999;1967;2015/2016;complete;617;16;-1;2,65,78;18,41,83;3;3;6;-1;-1;-1;-1;-1;2;4;0;1;-1;-1;-1;-1;-1;-1;-1;-1;-1;-1;2;5;0;0;0;0;0;0;0;0;0;0;0;0;0;0;0;0;0;0;0;0;0;0;0;0;0;0;0;0;0;0;0;0;0;0;0;0;0;0;0;0;0;0;0;0;0;0;0;0;0;0;0;0;0;0;0;0;0;0;0;0;0;0;0;0;0;0;0;0;6;1;2;2;1;3;3;2015-11-29 12:30:00;-1;0;36;15;22;0;-1;1;-1;-1;-1;-1;-1;-1;1;1;1;4;2;5;-1;0;0;0;0;0;0;0;0;0;0;0;0;0;1;1;1;0;-1;-1;0;0;-1;-1;-1;-1;-1;-1;-1;-1;-1;22;29;57;86;86;29;50;79;57;14;0;5.14;2.79;Šencur;Ankaran Hrvatini;1.23;1;0.71;1.14;0.73;1.27;79;72;43;15;15;100;100;50;0;0;0;436;27;Y;Y;Y;Y;Y;Y;Y
115184;1975;1968;2015/2016;complete;617;16;-1;;11,71;0;2;2;-1;-1;-1;-1;-1;3;1;1;0;-1;-1;-1;-1;-1;-1;-1;-1;-1;-1;4;1;0;0;0;0;0;0;0;0;0;0;0;0;0;0;0;0;0;0;0;0;0;0;0;0;0;0;0;0;0;0;0;0;0;0;0;0;0;0;0;0;0;0;0;0;0;0;0;0;0;0;0;0;0;0;0;0;0;0;0;0;0;0;0;0;0;0;0;0;2;0;1;0;1;1;1;2015-11-29 12:30:00;1968;0;57;29;29;0;-1;1;-1;-1;-1;-1;-1;-1;3;1;1;0;4;1;-1;0;0;0;0;0;0;0;0;0;0;0;0;0;1;1;0;0;-1;-1;0;0;-1;-1;-1;-1;-1;-1;-1;-1;-1;14;43;64;79;100;43;86;86;50;18.5;0;4.43;3.15;Radomlje;Triglav;1.86;1.69;2.43;1.29;2.07;1.27;86;57;36;22;0;100;100;75;0;0;0;436;27;Y;Y;N;N;N;N;N
115185;1975;1995;2015/2016;complete;617;17;-1;;;0;0;0;-1;-1;-1;-1;-1;2;2;0;0;-1;-1;-1;-1;-1;-1;-1;-1;-1;-1;2;2;0;0;0;0;0;0;0;0;0;0;0;0;0;0;0;0;0;0;0;0;0;0;0;0;0;0;0;0;0;0;0;0;0;0;0;0;0;0;0;0;0;0;0;0;0;0;0;0;0;0;0;0;0;0;0;0;0;0;0;0;0;0;0;0;0;0;0;0;0;0;0;0;0;0;0;2016-03-12 14:00:00;-1;0;63;32;19;0;-1;1;-1;-1;-1;-1;-1;-1;1;0;1;2;1;3;-1;0;0;0;0;0;0;0;0;0;0;0;0;0;1;1;0;0;-1;-1;0;0;-1;-1;-1;-1;-1;-1;-1;-1;-1;7;32;57;82;100;50;94;82;32;6.5;0;5.51;2.88;Radomlje;NŠ Drava;1.86;1.46;2.13;1.5;1.94;1.75;94;69;44;19;0;50;50;25;0;0;0;436;27;N;N;N;N;N;N;N
115186;1967;1993;2015/2016;complete;617;17;-1;90;43,90;1;2;3;-1;-1;-1;-1;-1;2;3;0;1;-1;-1;-1;-1;-1;-1;-1;-1;-1;-1;2;4;0;0;0;0;0;0;0;0;0;0;0;0;0;0;0;0;0;0;0;0;0;0;0;0;0;0;0;0;0;0;0;0;0;0;0;0;0;0;0;0;0;0;0;0;0;0;0;0;0;0;0;0;0;0;0;0;0;0;0;0;0;0;0;0;0;0;0;0;3;0;1;1;1;2;1;2016-03-12 14:00:00;1993;0;63;32;38;0;-1;1;-1;-1;-1;-1;-1;-1;1;0;1;4;1;5;-1;0;0;0;0;0;0;0;0;0;0;0;0;0;1;1;0;0;-1;-1;0;0;-1;-1;-1;-1;-1;-1;-1;-1;-1;19;44;63;75;94;38;82;69;57;0;0;5.63;3.07;Ankaran Hrvatini;Veržej;1.31;1.57;1.38;1.88;1.25;1.5;82;57;38;25;7;0;0;0;0;0;0;436;27;Y;Y;Y;N;N;N;Y
115187;1998;1986;2015/2016;complete;617;17;-1;10,63;;2;0;2;-1;-1;-1;-1;-1;1;1;0;0;-1;-1;-1;-1;-1;-1;-1;-1;-1;-1;1;1;0;0;0;0;0;0;0;0;0;0;0;0;0;0;0;0;0;0;0;0;0;0;0;0;0;0;0;0;0;0;0;0;0;0;0;0;0;0;0;0;0;0;0;0;0;0;0;0;0;0;0;0;0;0;0;0;0;0;0;0;0;0;0;0;0;0;0;0;2;1;0;1;0;1;1;2016-03-12 14:00:00;1998;0;63;13;38;0;-1;1;-1;-1;-1;-1;-1;-1;0;0;1;1;0;2;-1;0;0;0;0;0;0;0;0;0;0;0;0;0;1;1;1;0;-1;-1;0;0;-1;-1;-1;-1;-1;-1;-1;-1;-1;32;50;63;82;94;38;76;82;57;0;0;5.13;3.32;Tolmin;Kranj;1.38;1.07;1;1;0.88;1.06;69;50;38;19;7;0;0;0;0;0;0;436;27;Y;Y;N;N;N;N;N
115188;1968;1999;2015/2016;complete;617;17;-1;2,51,65,85;5;4;1;5;-1;-1;-1;-1;-1;1;2;0;0;-1;-1;-1;-1;-1;-1;-1;-1;-1;-1;1;2;0;0;0;0;0;0;0;0;0;0;0;0;0;0;0;0;0;0;0;0;0;0;0;0;0;0;0;0;0;0;0;0;0;0;0;0;0;0;0;0;0;0;0;0;0;0;0;0;0;0;0;0;0;0;0;0;0;0;0;0;0;0;0;0;0;0;0;0;5;1;1;3;0;3;2;2016-03-13 14:00:00;1968;0;57;19;19;0;-1;1;-1;-1;-1;-1;-1;-1;0;2;1;0;2;1;-1;0;0;0;0;0;0;0;0;0;0;0;0;0;1;1;1;1;-1;-1;0;0;-1;-1;-1;-1;-1;-1;-1;-1;-1;13;19;32;69;88;38;76;57;38;7;0;4.01;2.32;Triglav;Šencur;1.57;0.43;1.25;0.75;1.38;0.75;88;82;69;32;13;50;50;50;0;0;0;436;27;Y;Y;Y;Y;Y;N;Y
115189;1971;1994;2015/2016;complete;617;17;-1;49,63;59;2;1;3;-1;-1;-1;-1;-1;3;4;0;1;-1;-1;-1;-1;-1;-1;-1;-1;-1;-1;3;6;0;0;0;0;0;0;0;0;0;0;0;0;0;0;0;0;0;0;0;0;0;0;0;0;0;0;0;0;0;0;0;0;0;0;0;0;0;0;0;0;0;0;0;0;0;0;0;0;0;0;0;0;0;0;0;0;0;0;0;0;0;0;0;0;0;0;0;0;3;0;0;2;1;3;0;2016-03-13 14:00:00;1971;0;57;13;38;0;-1;1;-1;-1;-1;-1;-1;-1;1;4;2;1;5;3;-1;0;0;0;0;0;0;0;0;0;0;0;0;0;1;1;0;0;-1;-1;1;0;-1;-1;-1;-1;-1;-1;-1;-1;-1;13;38;63;88;94;32;75;88;57;15.5;0;6.38;3;Aluminij;Dob;2;1.08;1.5;1.63;1.44;1.5;88;63;38;13;7;100;100;100;0;0;0;436;27;Y;Y;Y;N;N;N;Y
115190;1999;1975;2015/2016;complete;617;18;-1;;25;0;1;1;-1;-1;-1;-1;-1;2;4;0;0;-1;-1;-1;-1;-1;-1;-1;-1;-1;-1;2;4;0;0;0;0;0;0;0;0;0;0;0;0;0;0;0;0;0;0;0;0;0;0;0;0;0;0;0;0;0;0;0;0;0;0;0;0;0;0;0;0;0;0;0;0;0;0;0;0;0;0;0;0;0;0;0;0;0;0;0;0;0;0;0;0;0;0;0;0;1;0;1;0;0;0;1;2016-03-18 18:00:00;1975;0;51;19;26;0;-1;1;-1;-1;-1;-1;-1;-1;1;1;1;3;2;4;-1;0;0;0;0;0;0;0;0;0;0;0;0;0;1;1;0;0;-1;-1;0;0;-1;-1;-1;-1;-1;-1;-1;-1;-1;25;44;51;100;100;25;76;94;63;10;0;5.26;3.26;Šencur;Radomlje;1.23;2.23;0.75;1.75;0.71;1.88;75;57;51;0;0;50;50;50;0;0;0;436;27;Y;N;N;N;N;N;N
115191;1995;1971;2015/2016;complete;617;18;-1;90;56;1;1;2;-1;-1;-1;-1;-1;4;2;0;0;-1;-1;-1;-1;-1;-1;-1;-1;-1;-1;4;2;0;0;0;0;0;0;0;0;0;0;0;0;0;0;0;0;0;0;0;0;0;0;0;0;0;0;0;0;0;0;0;0;0;0;0;0;0;0;0;0;0;0;0;0;0;0;0;0;0;0;0;0;0;0;0;0;0;0;0;0;0;0;0;0;0;0;0;0;2;0;0;1;1;2;0;2016-03-19 14:00:00;-1;0;50;13;25;0;-1;1;-1;-1;-1;-1;-1;-1;3;0;1;2;3;3;-1;0;0;0;0;0;0;0;0;0;0;0;0;0;1;1;0;0;-1;-1;1;0;-1;-1;-1;-1;-1;-1;-1;-1;-1;26;26;69;75;88;26;75;75;63;4;0;6.25;3.07;NŠ Drava;Aluminij;1.93;1.69;2;1.38;1.71;1.53;76;76;32;25;13;50;50;50;0;0;0;436;27;Y;Y;N;N;N;N;Y
115192;1994;1998;2015/2016;complete;617;18;-1;3,40;;2;0;2;-1;-1;-1;-1;-1;3;3;0;0;-1;-1;-1;-1;-1;-1;-1;-1;-1;-1;3;3;0;0;0;0;0;0;0;0;0;0;0;0;0;0;0;0;0;0;0;0;0;0;0;0;0;0;0;0;0;0;0;0;0;0;0;0;0;0;0;0;0;0;0;0;0;0;0;0;0;0;0;0;0;0;0;0;0;0;0;0;0;0;0;0;0;0;0;0;2;2;0;0;0;0;2;2016-03-19 14:00:00;1994;0;76;26;32;0;-1;1;-1;-1;-1;-1;-1;-1;1;1;2;2;2;4;-1;0;0;0;0;0;0;0;1;0;1;0;0;0;1;1;1;0;-1;-1;0;0;-1;-1;-1;-1;-1;-1;-1;-1;-1;13;38;75;88;100;44;88;94;63;0;0;8.26;3.13;Dob;Tolmin;1.29;0.57;1.38;0.75;1.41;1;88;63;25;13;0;0;0;0;0;0;0;436;27;Y;Y;N;N;N;N;N
115193;1986;1967;2015/2016;complete;617;18;-1;81;5;1;1;2;-1;-1;-1;-1;-1;5;2;0;0;-1;-1;-1;-1;-1;-1;-1;-1;-1;-1;5;2;0;0;0;0;0;0;0;0;0;0;0;0;0;0;0;0;0;0;0;0;0;0;0;0;0;0;0;0;0;0;0;0;0;0;0;0;0;0;0;0;0;0;0;0;0;0;0;0;0;0;0;0;0;0;0;0;0;0;0;0;0;0;0;0;0;0;0;0;2;0;1;1;0;1;1;2016-03-19 14:00:00;-1;0;32;13;25;0;-1;1;-1;-1;-1;-1;-1;-1;3;1;2;1;4;3;-1;0;0;0;0;0;0;0;0;0;0;0;0;0;1;1;0;1;-1;-1;1;0;-1;-1;-1;-1;-1;-1;-1;-1;-1;13;32;57;69;82;32;50;69;57;4;0;4.88;2.57;Kranj;Ankaran Hrvatini;1.23;1;1.13;1.13;1;1.18;88;69;44;32;19;50;50;0;0;0;0;436;27;Y;Y;N;N;N;N;Y
115194;1993;1968;2015/2016;complete;617;18;-1;19;16,89;1;2;3;-1;-1;-1;-1;-1;5;9;1;1;-1;-1;-1;-1;-1;-1;-1;-1;-1;-1;6;11;0;0;0;0;0;0;0;0;0;0;0;0;0;0;0;0;0;0;0;0;0;0;0;0;0;0;0;0;0;0;0;0;0;0;0;0;0;0;0;0;0;0;0;0;0;0;0;0;0;0;0;0;0;0;0;0;0;0;0;0;0;0;0;0;0;0;0;0;3;1;1;0;1;1;2;2016-03-19 14:00:00;1968;0;57;25;44;0;-1;1;-1;-1;-1;-1;-1;-1;3;3;3;7;6;10;-1;0;0;0;0;0;0;0;0;0;0;0;0;0;1;1;0;0;-1;-1;0;0;-1;-1;-1;-1;-1;-1;-1;-1;-1;19;44;63;88;100;32;76;94;57;12;0;6.51;3.19;Veržej;Triglav;0.77;1.69;1.13;1.5;1.59;1.47;82;57;38;13;0;50;50;50;0;0;0;436;27;Y;Y;Y;N;N;N;Y
115195;1975;1999;2015/2016;complete;617;19;-1;10,53,60,84;58;4;1;5;-1;-1;-1;-1;-1;1;3;0;0;-1;-1;-1;-1;-1;-1;-1;-1;-1;-1;1;3;0;0;0;0;0;0;0;0;0;0;0;0;0;0;0;0;0;0;0;0;0;0;0;0;0;0;0;0;0;0;0;0;0;0;0;0;0;0;0;0;0;0;0;0;0;0;0;0;0;0;0;0;0;0;0;0;0;0;0;0;0;0;0;0;0;0;0;0;5;1;0;3;1;4;1;2016-03-26 15:00:00;1975;0;61;28;22;0;-1;1;-1;-1;-1;-1;-1;-1;0;2;1;1;2;2;-1;0;0;0;0;0;0;0;1;0;1;0;0;0;1;1;1;0;-1;-1;0;0;-1;-1;-1;-1;-1;-1;-1;-1;-1;22;28;50;73;89;44;73;73;50;13.5;0;3.78;2.84;Radomlje;Šencur;1.86;0.43;2;0.67;1.94;0.67;78;73;50;28;11;100;100;75;0;0;0;436;27;Y;Y;Y;Y;Y;N;Y
115196;1995;1998;2015/2016;complete;617;19;-1;;;0;0;0;-1;-1;-1;-1;-1;2;3;0;0;-1;-1;-1;-1;-1;-1;-1;-1;-1;-1;2;3;0;0;0;0;0;0;0;0;0;0;0;0;0;0;0;0;0;0;0;0;0;0;0;0;0;0;0;0;0;0;0;0;0;0;0;0;0;0;0;0;0;0;0;0;0;0;0;0;0;0;0;0;0;0;0;0;0;0;0;0;0;0;0;0;0;0;0;0;0;0;0;0;0;0;0;2016-03-26 15:00:00;-1;0;56;6;28;0;-1;1;-1;-1;-1;-1;-1;-1;1;0;1;3;1;4;-1;0;0;0;0;0;0;0;0;0;0;0;0;0;1;1;0;0;-1;-1;0;0;-1;-1;-1;-1;-1;-1;-1;-1;-1;11;28;67;78;95;34;78;78;73;0;0;7.56;2.84;NŠ Drava;Tolmin;1.93;0.57;1.89;0.67;1.67;0.94;89;73;33;22;6;0;0;0;0;0;0;436;27;N;N;N;N;N;N;N
115197;1968;1986;2015/2016;complete;617;19;-1;9,37,45;;3;0;3;-1;-1;-1;-1;-1;2;3;1;0;-1;-1;-1;-1;-1;-1;-1;-1;-1;-1;4;3;0;0;0;0;0;0;0;0;0;0;0;0;0;0;0;0;0;0;0;0;0;0;0;0;0;0;0;0;0;0;0;0;0;0;0;0;0;0;0;0;0;0;0;0;0;0;0;0;0;0;0;0;0;0;0;0;0;0;0;0;0;0;0;0;0;0;0;0;3;3;0;0;0;0;3;2016-03-26 15:00:00;1968;0;44;17;11;0;-1;1;-1;-1;-1;-1;-1;-1;0;0;3;3;0;6;-1;0;0;0;0;0;0;0;0;0;0;0;0;0;1;1;1;0;-1;-1;0;0;-1;-1;-1;-1;-1;-1;-1;-1;-1;22;33;33;67;89;39;89;56;28;0;0;3.89;2.5;Triglav;Kranj;1.57;1.07;1.44;0.89;1.56;1;78;67;67;33;11;0;0;0;0;0;0;436;27;Y;Y;Y;N;N;N;N
115198;1971;1967;2015/2016;complete;617;19;-1;72;;1;0;1;-1;-1;-1;-1;-1;5;4;0;1;-1;-1;-1;-1;-1;-1;-1;-1;-1;-1;5;6;0;0;0;0;0;0;0;0;0;0;0;0;0;0;0;0;0;0;0;0;0;0;0;0;0;0;0;0;0;0;0;0;0;0;0;0;0;0;0;0;0;0;0;0;0;0;0;0;0;0;0;0;0;0;0;0;0;0;0;0;0;0;0;0;0;0;0;0;1;0;0;1;0;1;0;2016-03-26 15:00:00;1971;0;45;11;33;0;-1;1;-1;-1;-1;-1;-1;-1;3;3;2;2;6;4;-1;0;0;0;0;0;0;0;0;0;0;0;0;0;1;1;0;0;-1;-1;0;1;-1;-1;-1;-1;-1;-1;-1;-1;-1;11;28;62;78;84;22;50;84;56;11.5;0;6.67;2.72;Aluminij;Ankaran Hrvatini;2;1;1.67;1.11;1.5;1.17;89;73;39;22;17;100;100;50;0;0;0;436;27;Y;N;N;N;N;N;N
115199;1994;1993;2015/2016;complete;617;19;-1;;;0;0;0;-1;-1;-1;-1;-1;3;1;0;0;-1;-1;-1;-1;-1;-1;-1;-1;-1;-1;3;1;0;0;0;0;0;0;0;0;0;0;0;0;0;0;0;0;0;0;0;0;0;0;0;0;0;0;0;0;0;0;0;0;0;0;0;0;0;0;0;0;0;0;0;0;0;0;0;0;0;0;0;0;0;0;0;0;0;0;0;0;0;0;0;0;0;0;0;0;0;0;0;0;0;0;0;2016-03-26 15:00:00;-1;0;78;33;45;0;-1;1;-1;-1;-1;-1;-1;-1;2;0;1;1;2;2;-1;0;0;0;0;0;0;0;0;0;0;0;0;0;1;1;0;0;-1;-1;1;0;-1;-1;-1;-1;-1;-1;-1;-1;-1;17;33;67;89;100;44;95;73;50;0;0;6.89;3.11;Dob;Veržej;1.29;1.57;1.56;2;1.5;1.5;84;67;33;11;0;0;0;0;0;0;0;436;27;N;N;N;N;N;N;N
115200;1994;1999;2015/2016;complete;617;20;-1;54,64,86;36;3;1;4;-1;-1;-1;-1;-1;4;2;0;0;-1;-1;-1;-1;-1;-1;-1;-1;-1;-1;4;2;0;0;0;0;0;0;0;0;0;0;0;0;0;0;0;0;0;0;0;0;0;0;0;0;0;0;0;0;0;0;0;0;0;0;0;0;0;0;0;0;0;0;0;0;0;0;0;0;0;0;0;0;0;0;0;0;0;0;0;0;0;0;0;0;0;0;0;0;4;0;1;3;0;3;1;2016-04-02 14:00:00;1994;0;75;30;35;0;-1;1;-1;-1;-1;-1;-1;-1;1;1;3;1;2;4;-1;0;0;0;0;0;0;0;0;0;0;0;0;0;1;1;0;0;-1;-1;0;0;-1;-1;-1;-1;-1;-1;-1;-1;-1;25;30;60;85;90;40;75;80;55;7;0;5.9;3;Dob;Šencur;1.29;0.43;1.5;0.6;1.47;0.63;75;70;40;15;10;50;50;50;0;0;0;436;27;Y;Y;Y;Y;N;N;Y
115201;1993;1971;2015/2016;complete;617;20;-1;61;12,20,76,83,86;1;5;6;-1;-1;-1;-1;-1;3;2;1;0;-1;-1;-1;-1;-1;-1;-1;-1;-1;-1;5;2;0;0;0;0;0;0;0;0;0;0;0;0;0;0;0;0;0;0;0;0;0;0;0;0;0;0;0;0;0;0;0;0;0;0;0;0;0;0;0;0;0;0;0;0;0;0;0;0;0;0;0;0;0;0;0;0;0;0;0;0;0;0;0;0;0;0;0;0;6;0;2;1;3;4;2;2016-04-02 14:00:00;1971;0;62;28;39;0;-1;1;-1;-1;-1;-1;-1;-1;3;2;1;0;5;1;-1;0;0;0;0;0;0;0;1;0;1;0;0;0;1;1;0;0;-1;-1;1;0;-1;-1;-1;-1;-1;-1;-1;-1;-1;28;33;62;84;95;39;67;84;56;4;0;6.78;3.22;Veržej;Aluminij;0.77;1.69;1;1.33;1.47;1.58;73;67;39;17;6;50;50;50;0;0;0;436;27;Y;Y;Y;Y;Y;Y;Y
115202;1967;1968;2015/2016;complete;617;20;-1;33;;1;0;1;-1;-1;-1;-1;-1;4;4;0;0;-1;-1;-1;-1;-1;-1;-1;-1;-1;-1;4;4;0;0;0;0;0;0;0;0;0;0;0;0;0;0;0;0;0;0;0;0;0;0;0;0;0;0;0;0;0;0;0;0;0;0;0;0;0;0;0;0;0;0;0;0;0;0;0;0;0;0;0;0;0;0;0;0;0;0;0;0;0;0;0;0;0;0;0;0;1;1;0;0;0;0;1;2016-04-02 14:00:00;1967;0;56;28;33;0;-1;1;-1;-1;-1;-1;-1;-1;3;0;1;4;3;5;-1;0;0;0;0;0;0;0;0;0;0;0;0;0;1;1;0;0;-1;-1;0;0;-1;-1;-1;-1;-1;-1;-1;-1;-1;11;39;67;84;95;28;78;95;56;12;0;6.34;3;Ankaran Hrvatini;Triglav;1.31;1.69;1.22;1.67;1.11;1.63;89;62;33;17;6;50;50;50;0;0;0;436;27;Y;N;N;N;N;N;N
115203;1986;1995;2015/2016;complete;617;20;-1;;21,27;0;2;2;-1;-1;-1;-1;-1;1;1;0;1;-1;-1;-1;-1;-1;-1;-1;-1;-1;-1;1;3;0;0;0;0;0;0;0;0;0;0;0;0;0;0;0;0;0;0;0;0;0;0;0;0;0;0;0;0;0;0;0;0;0;0;0;0;0;0;0;0;0;0;0;0;0;0;0;0;0;0;0;0;0;0;0;0;0;0;0;0;0;0;0;0;0;0;0;0;2;0;2;0;0;0;2;2016-04-02 14:00:00;1995;0;56;22;22;0;-1;1;-1;-1;-1;-1;-1;-1;0;1;1;1;1;2;-1;0;0;0;0;0;0;0;0;0;0;0;0;0;1;1;0;0;-1;-1;0;1;-1;-1;-1;-1;-1;-1;-1;-1;-1;6;39;50;73;89;39;84;73;33;0;0;5.66;2.56;Kranj;NŠ Drava;1.23;1.46;1.11;1.44;0.95;1.63;95;62;50;28;11;0;0;0;0;0;0;436;27;Y;Y;N;N;N;N;N
115204;1998;1975;2015/2016;complete;617;20;-1;90;76,83;1;2;3;-1;-1;-1;-1;-1;0;2;0;0;-1;-1;-1;-1;-1;-1;-1;-1;-1;-1;0;2;0;0;0;0;0;0;0;0;0;0;0;0;0;0;0;0;0;0;0;0;0;0;0;0;0;0;0;0;0;0;0;0;0;0;0;0;0;0;0;0;0;0;0;0;0;0;0;0;0;0;0;0;0;0;0;0;0;0;0;0;0;0;0;0;0;0;0;0;3;0;0;1;2;3;0;2016-04-02 14:00:00;1975;0;50;6;28;0;-1;1;-1;-1;-1;-1;-1;-1;0;1;0;1;1;1;-1;0;0;0;0;0;0;0;0;0;0;0;0;0;1;1;0;0;-1;-1;0;0;-1;-1;-1;-1;-1;-1;-1;-1;-1;11;33;50;95;100;17;67;95;62;0;0;5.89;2.94;Tolmin;Radomlje;1.38;2.23;1.22;1.89;0.95;2;89;67;50;6;0;0;0;0;0;0;0;436;27;Y;Y;Y;N;N;N;Y
115205;1999;1998;2015/2016;complete;617;21;-1;74,90;;2;0;2;-1;-1;-1;-1;-1;4;1;0;0;-1;-1;-1;-1;-1;-1;-1;-1;-1;-1;4;1;0;0;0;0;0;0;0;0;0;0;0;0;0;0;0;0;0;0;0;0;0;0;0;0;0;0;0;0;0;0;0;0;0;0;0;0;0;0;0;0;0;0;0;0;0;0;0;0;0;0;0;0;0;0;0;0;0;0;0;0;0;0;0;0;0;0;0;0;2;0;0;2;0;2;0;2016-04-08 17:00:00;1999;0;53;22;27;0;-1;1;-1;-1;-1;-1;-1;-1;3;1;1;0;4;1;-1;0;0;0;0;0;0;0;0;0;0;0;0;0;1;1;0;0;-1;-1;1;0;-1;-1;-1;-1;-1;-1;-1;-1;-1;27;48;58;80;95;47;85;74;58;10;0;6.23;3.13;Šencur;Tolmin;1.23;0.57;0.67;0.7;0.6;0.9;73;52;42;21;5;50;50;50;0;0;0;436;27;Y;Y;N;N;N;N;N
115206;1975;1986;2015/2016;complete;617;21;-1;;;0;0;0;-1;-1;-1;-1;-1;1;2;0;0;-1;-1;-1;-1;-1;-1;-1;-1;-1;-1;1;2;0;0;0;0;0;0;0;0;0;0;0;0;0;0;0;0;0;0;0;0;0;0;0;0;0;0;0;0;0;0;0;0;0;0;0;0;0;0;0;0;0;0;0;0;0;0;0;0;0;0;0;0;0;0;0;0;0;0;0;0;0;0;0;0;0;0;0;0;0;0;0;0;0;0;0;2016-04-09 14:30:00;-1;0;45;15;20;0;-1;1;-1;-1;-1;-1;-1;-1;0;2;1;0;2;1;-1;0;0;0;0;0;0;0;0;0;0;0;0;0;1;1;0;0;-1;-1;0;0;-1;-1;-1;-1;-1;-1;-1;-1;-1;25;35;50;70;90;40;85;65;35;6.5;0;3.8;2.85;Radomlje;Kranj;1.86;1.07;2.1;0.8;2.05;0.9;75;65;50;30;10;50;50;25;0;0;0;436;27;N;N;N;N;N;N;N
115207;1995;1967;2015/2016;complete;617;21;-1;9,23,78;41,73;3;2;5;-1;-1;-1;-1;-1;4;2;0;1;-1;-1;-1;-1;-1;-1;-1;-1;-1;-1;4;4;0;0;0;0;0;0;0;0;0;0;0;0;0;0;0;0;0;0;0;0;0;0;0;0;0;0;0;0;0;0;0;0;0;0;0;0;0;0;0;0;0;0;0;0;0;0;0;0;0;0;0;0;0;0;0;0;0;0;0;0;0;0;0;0;0;0;0;0;5;2;1;1;1;2;3;2016-04-09 14:30:00;1995;0;40;5;25;0;-1;1;-1;-1;-1;-1;-1;-1;1;2;3;1;3;4;-1;0;0;0;0;0;0;0;0;0;0;0;0;0;1;1;1;0;-1;-1;0;1;-1;-1;-1;-1;-1;-1;-1;-1;-1;10;10;55;70;80;15;45;75;60;4;0;6.6;2.35;NŠ Drava;Ankaran Hrvatini;1.93;1;1.8;1;1.7;1.2;90;90;45;30;20;50;50;0;0;0;0;436;27;Y;Y;Y;Y;Y;N;Y
115208;1968;1993;2015/2016;complete;617;21;-1;9,15,34,39,64,66,89;;7;0;7;-1;-1;-1;-1;-1;3;1;0;0;-1;-1;-1;-1;-1;-1;-1;-1;-1;-1;3;1;0;0;0;0;0;0;0;0;0;0;0;0;0;0;0;0;0;0;0;0;0;0;0;0;0;0;0;0;0;0;0;0;0;0;0;0;0;0;0;0;0;0;0;0;0;0;0;0;0;0;0;0;0;0;0;0;0;0;0;0;0;0;0;0;0;0;0;0;7;4;0;3;0;3;4;2016-04-10 14:30:00;1968;0;55;25;25;0;-1;1;-1;-1;-1;-1;-1;-1;3;0;0;1;3;1;-1;0;0;0;0;0;0;0;0;0;0;0;0;0;1;1;1;0;-1;-1;0;0;-1;-1;-1;-1;-1;-1;-1;-1;-1;15;30;45;70;90;45;90;45;35;0;0;4.9;2.55;Triglav;Veržej;1.57;1.57;1.6;1.9;1.55;1.4;85;70;55;30;10;0;0;0;0;0;0;436;27;Y;Y;Y;Y;Y;Y;N
115209;1971;1994;2015/2016;complete;617;21;-1;;;0;0;0;-1;-1;-1;-1;-1;2;2;0;0;-1;-1;-1;-1;-1;-1;-1;-1;-1;-1;2;2;0;0;0;0;0;0;0;0;0;0;0;0;0;0;0;0;0;0;0;0;0;0;0;0;0;0;0;0;0;0;0;0;0;0;0;0;0;0;0;0;0;0;0;0;0;0;0;0;0;0;0;0;0;0;0;0;0;0;0;0;0;0;0;0;0;0;0;0;0;0;0;0;0;0;0;2016-04-10 14:30:00;-1;0;59;11;42;0;-1;1;-1;-1;-1;-1;-1;-1;1;2;1;0;3;1;-1;0;0;0;0;0;0;0;0;0;0;0;0;0;1;1;0;0;-1;-1;0;0;-1;-1;-1;-1;-1;-1;-1;-1;-1;11;31;64;85;95;27;64;90;59;15.5;0;6.79;2.9;Aluminij;Dob;2;1.08;1.8;1.44;1.65;1.55;90;69;37;15;5;100;100;100;0;0;0;436;27;N;N;N;N;N;N;N
115210;1993;1995;2015/2016;complete;617;22;-1;;23,58,86;0;3;3;-1;-1;-1;-1;-1;1;2;0;0;-1;-1;-1;-1;-1;-1;-1;-1;-1;-1;1;2;0;0;0;0;0;0;0;0;0;0;0;0;0;0;0;0;0;0;0;0;0;0;0;0;0;0;0;0;0;0;0;0;0;0;0;0;0;0;0;0;0;0;0;0;0;0;0;0;0;0;0;0;0;0;0;0;0;0;0;0;0;0;0;0;0;0;0;0;3;0;1;0;2;2;1;2016-04-16 14:30:00;1995;0;65;30;35;0;-1;1;-1;-1;-1;-1;-1;-1;0;0;1;2;0;3;-1;0;0;0;0;0;0;0;0;0;0;0;0;0;1;1;0;0;-1;-1;0;0;-1;-1;-1;-1;-1;-1;-1;-1;-1;15;35;60;85;95;50;80;80;40;0;0;7.6;3;Veržej;NŠ Drava;0.77;1.46;0.9;1.6;1.33;1.76;85;65;40;15;5;0;0;0;0;0;0;436;27;Y;Y;Y;N;N;N;N
115211;1967;1975;2015/2016;complete;617;22;-1;87;66,75,89;1;3;4;-1;-1;-1;-1;-1;3;4;0;0;-1;-1;-1;-1;-1;-1;-1;-1;-1;-1;3;4;0;0;0;0;0;0;0;0;0;0;0;0;0;0;0;0;0;0;0;0;0;0;0;0;0;0;0;0;0;0;0;0;0;0;0;0;0;0;0;0;0;0;0;0;0;0;0;0;0;0;0;0;0;0;0;0;0;0;0;0;0;0;0;0;0;0;0;0;4;0;0;1;3;4;0;2016-04-16 14:30:00;1975;0;45;10;25;0;-1;1;-1;-1;-1;-1;-1;-1;2;3;1;1;5;2;-1;0;0;0;0;0;0;0;0;0;0;0;0;0;1;1;0;0;-1;-1;0;1;-1;-1;-1;-1;-1;-1;-1;-1;-1;5;25;50;80;95;10;65;85;60;0;0;5.8;2.6;Ankaran Hrvatini;Radomlje;1.31;2.23;1.4;2;1.14;2;95;75;50;20;5;0;0;0;0;0;0;436;27;Y;Y;Y;Y;N;N;Y
115212;1986;1998;2015/2016;complete;617;22;-1;8,62;12;2;1;3;-1;-1;-1;-1;-1;0;4;0;1;-1;-1;-1;-1;-1;-1;-1;-1;-1;-1;0;5;0;0;0;0;0;0;0;0;0;0;0;0;0;0;0;0;0;0;0;0;0;0;0;0;0;0;0;0;0;0;0;0;0;0;0;0;0;0;0;0;0;0;0;0;0;0;0;0;0;0;0;0;0;0;0;0;0;0;0;0;0;0;0;0;0;0;0;0;3;1;1;1;0;1;2;2016-04-16 14:30:00;1986;0;43;10;19;0;-1;1;-1;-1;-1;-1;-1;-1;0;2;0;3;2;3;-1;0;0;0;0;0;0;0;0;0;0;0;0;0;1;1;1;0;-1;-1;0;0;-1;-1;-1;-1;-1;-1;-1;-1;-1;10;38;48;72;91;43;77;67;52;0;0;5.74;2.57;Kranj;Tolmin;1.23;0.57;1;0.64;0.9;0.86;91;62;53;29;10;0;0;0;0;0;0;436;27;Y;Y;Y;N;N;N;Y
115213;1994;1968;2015/2016;complete;617;22;-1;90;10,88,90;1;3;4;-1;-1;-1;-1;-1;2;3;0;0;-1;-1;-1;-1;-1;-1;-1;-1;-1;-1;2;3;0;0;0;0;0;0;0;0;0;0;0;0;0;0;0;0;0;0;0;0;0;0;0;0;0;0;0;0;0;0;0;0;0;0;0;0;0;0;0;0;0;0;0;0;0;0;0;0;0;0;0;0;0;0;0;0;0;0;0;0;0;0;0;0;0;0;0;0;4;0;1;1;2;3;1;2016-04-17 14:30:00;1968;0;62;29;29;0;-1;1;-1;-1;-1;-1;-1;-1;1;1;1;2;2;3;-1;0;0;0;0;0;0;0;0;0;0;0;0;0;1;1;0;1;-1;-1;0;0;-1;-1;-1;-1;-1;-1;-1;-1;-1;10;34;62;86;96;33;86;86;43;12;0;7.51;2.86;Dob;Triglav;1.29;1.69;1.64;1.5;1.52;1.62;91;67;38;15;5;50;50;50;0;0;0;436;27;Y;Y;Y;Y;N;N;Y
115214;1971;1999;2015/2016;complete;617;22;-1;8,39,45,52,56,76,81,85;;8;0;8;-1;-1;-1;-1;-1;0;1;0;0;-1;-1;-1;-1;-1;-1;-1;-1;-1;-1;0;1;0;0;0;0;0;0;0;0;0;0;0;0;0;0;0;0;0;0;0;0;0;0;0;0;0;0;0;0;0;0;0;0;0;0;0;0;0;0;0;0;0;0;0;0;0;0;0;0;0;0;0;0;0;0;0;0;0;0;0;0;0;0;0;0;0;0;0;0;8;3;0;5;0;5;3;2016-04-17 14:30:00;1971;0;64;18;36;0;-1;1;-1;-1;-1;-1;-1;-1;0;1;0;0;1;0;-1;0;0;0;0;0;0;0;1;0;1;0;0;0;1;1;1;0;-1;-1;0;0;-1;-1;-1;-1;-1;-1;-1;-1;-1;23;41;60;73;87;27;64;82;59;14.5;0;5.73;2.96;Aluminij;Šencur;2;0.43;1.73;0.55;1.62;0.71;78;60;41;27;14;100;100;100;0;0;0;436;27;Y;Y;Y;Y;Y;Y;N
115215;1975;1993;2015/2016;complete;617;23;-1;28,40;5,73,78;2;3;5;-1;-1;-1;-1;-1;1;0;0;0;-1;-1;-1;-1;-1;-1;-1;-1;-1;-1;1;0;0;0;0;0;0;0;0;0;0;0;0;0;0;0;0;0;0;0;0;0;0;0;0;0;0;0;0;0;0;0;0;0;0;0;0;0;0;0;0;0;0;0;0;0;0;0;0;0;0;0;0;0;0;0;0;0;0;0;0;0;0;0;0;0;0;0;0;0;5;2;1;0;2;2;3;2016-04-22 15:00:00;1993;0;55;23;32;0;-1;1;-1;-1;-1;-1;-1;-1;1;0;0;0;1;0;-1;0;0;0;0;0;0;0;0;0;0;0;0;0;1;1;0;1;-1;-1;0;0;-1;-1;-1;-1;-1;-1;-1;-1;-1;23;36;55;69;87;41;82;60;46;6.5;0;4.28;2.91;Radomlje;Veržej;1.86;1.57;2;1.73;2.05;1.27;78;64;46;32;14;50;50;25;0;0;0;436;27;Y;Y;Y;Y;Y;N;Y
115216;1999;1986;2015/2016;complete;617;23;-1;13,88;;2;0;2;-1;-1;-1;-1;-1;2;5;0;0;-1;-1;-1;-1;-1;-1;-1;-1;-1;-1;2;5;0;0;0;0;0;0;0;0;0;0;0;0;0;0;0;0;0;0;0;0;0;0;0;0;0;0;0;0;0;0;0;0;0;0;0;0;0;0;0;0;0;0;0;0;0;0;0;0;0;0;0;0;0;0;0;0;0;0;0;0;0;0;0;0;0;0;0;0;2;1;0;1;0;1;1;2016-04-22 17:00:00;1999;0;43;20;24;0;-1;1;-1;-1;-1;-1;-1;-1;0;1;2;4;1;6;-1;0;0;0;0;0;0;0;0;0;0;0;0;0;1;1;0;0;-1;-1;0;0;-1;-1;-1;-1;-1;-1;-1;-1;-1;34;43;48;77;91;38;81;68;44;10;0;4.5;3.02;Šencur;Kranj;1.23;1.07;0.9;0.82;0.68;1;67;57;53;23;9;50;50;50;0;0;0;436;27;Y;Y;N;N;N;N;N
115217;1998;1967;2015/2016;complete;617;23;-1;7,14,68;83;3;1;4;-1;-1;-1;-1;-1;3;3;1;1;-1;-1;-1;-1;-1;-1;-1;-1;-1;-1;4;4;0;0;0;0;0;0;0;0;0;0;0;0;0;0;0;0;0;0;0;0;0;0;0;0;0;0;0;0;0;0;0;0;0;0;0;0;0;0;0;0;0;0;0;0;0;0;0;0;0;0;0;0;0;0;0;0;0;0;0;0;0;0;0;0;0;0;0;0;4;2;0;1;1;2;2;2016-04-23 15:00:00;1998;0;53;14;39;0;-1;1;-1;-1;-1;-1;-1;-1;2;4;2;0;6;2;-1;0;0;0;0;0;0;0;0;0;0;0;0;0;1;1;1;0;-1;-1;1;1;-1;-1;-1;-1;-1;-1;-1;-1;-1;19;29;63;87;91;29;48;91;63;4;0;5.87;2.98;Tolmin;Ankaran Hrvatini;1.38;1;1.1;0.91;0.82;1.09;81;71;38;14;9;50;50;0;0;0;0;436;27;Y;Y;Y;Y;N;N;Y
115218;1995;1994;2015/2016;complete;617;23;-1;2,85,90;82,89;3;2;5;-1;-1;-1;-1;-1;3;2;0;0;-1;-1;-1;-1;-1;-1;-1;-1;-1;-1;3;2;0;0;0;0;0;0;0;0;0;0;0;0;0;0;0;0;0;0;0;0;0;0;0;0;0;0;0;0;0;0;0;0;0;0;0;0;0;0;0;0;0;0;0;0;0;0;0;0;0;0;0;0;0;0;0;0;0;0;0;0;0;0;0;0;0;0;0;0;5;1;0;2;2;4;1;2016-04-23 15:00:00;1995;0;58;10;38;0;-1;1;-1;-1;-1;-1;-1;-1;2;1;1;1;3;2;-1;0;0;0;0;0;0;0;0;0;0;0;0;0;1;1;1;0;-1;-1;0;0;-1;-1;-1;-1;-1;-1;-1;-1;-1;14;19;62;82;86;24;62;77;67;8;0;6.25;2.67;NŠ Drava;Dob;1.93;1.08;1.91;1.4;1.82;1.45;86;81;38;19;14;50;50;50;0;0;0;436;27;Y;Y;Y;Y;Y;N;Y
115219;1968;1971;2015/2016;complete;617;23;-1;;47,58;0;2;2;-1;-1;-1;-1;-1;4;3;0;0;-1;-1;-1;-1;-1;-1;-1;-1;-1;-1;4;3;0;0;0;0;0;0;0;0;0;0;0;0;0;0;0;0;0;0;0;0;0;0;0;0;0;0;0;0;0;0;0;0;0;0;0;0;0;0;0;0;0;0;0;0;0;0;0;0;0;0;0;0;0;0;0;0;0;0;0;0;0;0;0;0;0;0;0;0;2;0;0;0;2;2;0;2016-04-24 15:00:00;1971;0;48;19;20;0;-1;1;-1;-1;-1;-1;-1;-1;2;1;2;2;3;4;-1;0;0;0;0;0;0;0;0;0;0;0;0;0;1;1;0;0;-1;-1;0;0;-1;-1;-1;-1;-1;-1;-1;-1;-1;29;34;48;77;91;48;81;63;44;4;0;4.87;3.07;Triglav;Aluminij;1.57;1.69;1.73;1.5;1.68;1.68;71;67;52;24;10;50;50;50;0;0;0;436;27;Y;Y;N;N;N;N;N
115220;1994;1975;2015/2016;complete;617;24;-1;52,78;12,63,90;2;3;5;-1;-1;-1;-1;-1;2;4;0;1;-1;-1;-1;-1;-1;-1;-1;-1;-1;-1;2;6;0;0;0;0;0;0;0;0;0;0;0;0;0;0;0;0;0;0;0;0;0;0;0;0;0;0;0;0;0;0;0;0;0;0;0;0;0;0;0;0;0;0;0;0;0;0;0;0;0;0;0;0;0;0;0;0;0;0;0;0;0;0;0;0;0;0;0;0;5;0;1;2;2;4;1;2016-04-30 15:00:00;1975;0;60;13;30;0;-1;1;-1;-1;-1;-1;-1;-1;1;0;1;5;1;6;-1;0;0;0;0;0;0;0;1;0;1;0;0;0;1;1;0;0;-1;-1;0;0;-1;-1;-1;-1;-1;-1;-1;-1;-1;4;30;56;92;96;17;69;87;57;0;0;6.75;2.78;Dob;Radomlje;1.29;2.23;1.5;2.09;1.39;1.96;96;70;44;9;4;0;0;0;0;0;0;436;27;Y;Y;Y;Y;Y;N;Y
115221;1993;1998;2015/2016;complete;617;24;-1;24;81;1;1;2;-1;-1;-1;-1;-1;5;3;1;0;-1;-1;-1;-1;-1;-1;-1;-1;-1;-1;6;3;0;0;0;0;0;0;0;0;0;0;0;0;0;0;0;0;0;0;0;0;0;0;0;0;0;0;0;0;0;0;0;0;0;0;0;0;0;0;0;0;0;0;0;0;0;0;0;0;0;0;0;0;0;0;0;0;0;0;0;0;0;0;0;0;0;0;0;0;2;1;0;0;1;1;1;2016-04-30 15:00:00;-1;0;57;22;31;0;-1;1;-1;-1;-1;-1;-1;-1;2;1;4;2;3;6;-1;0;0;0;0;0;0;0;1;0;1;0;0;0;1;1;0;0;-1;-1;0;0;-1;-1;-1;-1;-1;-1;-1;-1;-1;18;35;66;83;96;48;74;83;61;0;0;7.66;3.06;Veržej;Tolmin;0.77;0.57;0.82;0.58;1.35;0.91;83;66;35;17;4;0;0;0;0;0;0;436;27;Y;Y;N;N;N;N;Y
115222;1967;1986;2015/2016;complete;617;24;-1;;85;0;1;1;-1;-1;-1;-1;-1;3;1;0;0;-1;-1;-1;-1;-1;-1;-1;-1;-1;-1;3;1;0;0;0;0;0;0;0;0;0;0;0;0;0;0;0;0;0;0;0;0;0;0;0;0;0;0;0;0;0;0;0;0;0;0;0;0;0;0;0;0;0;0;0;0;0;0;0;0;0;0;0;0;0;0;0;0;0;0;0;0;0;0;0;0;0;0;0;0;1;0;0;0;1;1;0;2016-04-30 15:00:00;1986;0;44;13;27;0;-1;1;-1;-1;-1;-1;-1;-1;0;1;3;0;1;3;-1;0;0;0;0;0;0;0;0;0;0;0;0;0;1;1;0;0;-1;-1;0;0;-1;-1;-1;-1;-1;-1;-1;-1;-1;17;35;53;70;87;26;74;70;45;0;0;5.16;2.7;Ankaran Hrvatini;Kranj;1.31;1.07;1.27;0.75;1.04;0.96;83;66;47;30;13;0;0;0;0;0;0;436;27;Y;N;N;N;N;N;N
115223;1968;1999;2015/2016;complete;617;24;-1;20;;1;0;1;-1;-1;-1;-1;-1;1;4;1;0;-1;-1;-1;-1;-1;-1;-1;-1;-1;-1;3;4;0;0;0;0;0;0;0;0;0;0;0;0;0;0;0;0;0;0;0;0;0;0;0;0;0;0;0;0;0;0;0;0;0;0;0;0;0;0;0;0;0;0;0;0;0;0;0;0;0;0;0;0;0;0;0;0;0;0;0;0;0;0;0;0;0;0;0;0;1;1;0;0;0;0;1;2016-05-01 15:00:00;1968;0;54;21;17;0;-1;1;-1;-1;-1;-1;-1;-1;1;2;1;2;3;3;-1;0;0;0;0;0;0;0;0;0;0;0;0;0;1;1;0;0;-1;-1;0;0;-1;-1;-1;-1;-1;-1;-1;-1;-1;30;38;50;79;92;46;79;67;54;7;0;4.34;3.17;Triglav;Šencur;1.57;0.43;1.58;0.5;1.61;0.78;71;63;50;21;8;50;50;50;0;0;0;436;27;Y;N;N;N;N;N;N
115224;1971;1995;2015/2016;complete;617;24;-1;23,36,38,47,55,59,66,75;;8;0;8;-1;-1;-1;-1;-1;2;2;0;0;-1;-1;-1;-1;-1;-1;-1;-1;-1;-1;2;2;0;0;0;0;0;0;0;0;0;0;0;0;0;0;0;0;0;0;0;0;0;0;0;0;0;0;0;0;0;0;0;0;0;0;0;0;0;0;0;0;0;0;0;0;0;0;0;0;0;0;0;0;0;0;0;0;0;0;0;0;0;0;0;0;0;0;0;0;8;3;0;5;0;5;3;2016-05-01 15:00:00;1971;0;49;18;26;0;-1;1;-1;-1;-1;-1;-1;-1;2;2;0;0;4;0;-1;0;0;0;0;0;0;0;1;0;1;0;0;0;1;1;0;0;-1;-1;1;0;-1;-1;-1;-1;-1;-1;-1;-1;-1;9;35;57;75;87;35;75;78;39;7.5;0;6.69;2.78;Aluminij;NŠ Drava;2;1.46;1.83;1.73;1.74;1.87;92;66;44;26;13;50;50;50;0;0;0;436;27;Y;Y;Y;Y;Y;Y;N
115225;1995;1968;2015/2016;complete;617;25;-1;;55;0;1;1;-1;-1;-1;-1;-1;4;5;0;0;-1;-1;-1;-1;-1;-1;-1;-1;-1;-1;4;5;0;0;0;0;0;0;0;0;0;0;0;0;0;0;0;0;0;0;0;0;0;0;0;0;0;0;0;0;0;0;0;0;0;0;0;0;0;0;0;0;0;0;0;0;0;0;0;0;0;0;0;0;0;0;0;0;0;0;0;0;0;0;0;0;0;0;0;0;1;0;0;0;1;1;0;2016-05-06 15:00:00;1968;0;57;18;39;0;-1;1;-1;-1;-1;-1;-1;-1;1;1;3;4;2;7;-1;0;0;0;0;0;0;0;0;0;0;0;0;0;1;1;0;0;-1;-1;0;0;-1;-1;-1;-1;-1;-1;-1;-1;-1;17;35;66;79;92;22;79;83;60;12;0;6.97;2.92;NŠ Drava;Triglav;1.93;1.69;2;1.64;1.79;1.67;83;65;35;22;9;50;50;50;0;0;0;436;27;Y;N;N;N;N;N;N
115226;1999;1967;2015/2016;complete;617;25;-1;18,65;11,80;2;2;4;-1;-1;-1;-1;-1;4;2;1;0;-1;-1;-1;-1;-1;-1;-1;-1;-1;-1;5;2;0;0;0;0;0;0;0;0;0;0;0;0;0;0;0;0;0;0;0;0;0;0;0;0;0;0;0;0;0;0;0;0;0;0;0;0;0;0;0;0;0;0;0;0;0;0;0;0;0;0;0;0;0;0;0;0;0;0;0;0;0;0;0;0;0;0;0;0;4;1;1;1;1;2;2;2016-05-07 15:00:00;-1;0;44;22;30;0;-1;1;-1;-1;-1;-1;-1;-1;0;2;5;0;2;5;-1;0;0;0;0;0;0;0;0;0;0;0;0;0;1;1;0;0;-1;-1;0;0;-1;-1;-1;-1;-1;-1;-1;-1;-1;27;35;52;83;92;35;62;83;57;14;0;5.78;2.97;Šencur;Ankaran Hrvatini;1.23;1;1.09;0.83;0.75;1;74;65;49;17;9;100;100;50;0;0;0;436;27;Y;Y;Y;Y;N;N;Y
115227;1986;1993;2015/2016;complete;617;25;-1;35,72,90;;3;0;3;-1;-1;-1;-1;-1;4;0;0;0;-1;-1;-1;-1;-1;-1;-1;-1;-1;-1;4;0;0;0;0;0;0;0;0;0;0;0;0;0;0;0;0;0;0;0;0;0;0;0;0;0;0;0;0;0;0;0;0;0;0;0;0;0;0;0;0;0;0;0;0;0;0;0;0;0;0;0;0;0;0;0;0;0;0;0;0;0;0;0;0;0;0;0;0;0;3;1;0;2;0;2;1;2016-05-07 15:00:00;1986;0;56;26;30;0;-1;1;-1;-1;-1;-1;-1;-1;2;0;2;0;2;2;-1;0;0;0;0;0;0;0;0;0;0;0;0;0;1;1;0;0;-1;-1;0;0;-1;-1;-1;-1;-1;-1;-1;-1;-1;21;43;56;74;92;48;87;61;47;0;0;4.24;2.99;Kranj;Veržej;1.23;1.57;1.18;1.83;1.04;1.33;79;57;44;26;9;0;0;0;0;0;0;436;27;Y;Y;Y;N;N;N;N
115228;1998;1994;2015/2016;complete;617;25;-1;36,40,42;14,79;3;2;5;-1;-1;-1;-1;-1;0;10;0;2;-1;-1;-1;-1;-1;-1;-1;-1;-1;-1;0;12;0;0;0;0;0;0;0;0;0;0;0;0;0;0;0;0;0;0;0;0;0;0;0;0;0;0;0;0;0;0;0;0;0;0;0;0;0;0;0;0;0;0;0;0;0;0;0;0;0;0;0;0;0;0;0;0;0;0;0;0;0;0;0;0;0;0;0;0;5;3;1;0;1;1;4;2016-05-07 15:00:00;1998;0;69;9;50;0;-1;1;-1;-1;-1;-1;-1;-1;0;7;0;5;7;5;-1;0;0;0;0;0;0;0;1;0;1;0;0;0;1;1;0;0;-1;-1;0;0;-1;-1;-1;-1;-1;-1;-1;-1;-1;18;36;69;96;96;32;64;91;69;8;0;5.46;3.18;Tolmin;Dob;1.38;1.08;1.27;1.27;0.92;1.33;82;64;32;5;5;50;50;50;0;0;0;436;27;Y;Y;Y;Y;Y;N;Y
115229;1975;1971;2015/2016;complete;617;25;-1;55;23;1;1;2;-1;-1;-1;-1;-1;5;2;0;0;-1;-1;-1;-1;-1;-1;-1;-1;-1;-1;5;2;0;0;0;0;0;0;0;0;0;0;0;0;0;0;0;0;0;0;0;0;0;0;0;0;0;0;0;0;0;0;0;0;0;0;0;0;0;0;0;0;0;0;0;0;0;0;0;0;0;0;0;0;0;0;0;0;0;0;0;0;0;0;0;0;0;0;0;0;2;0;1;1;0;1;1;2016-05-07 15:00:00;-1;0;53;22;27;0;-1;1;-1;-1;-1;-1;-1;-1;1;2;4;0;3;4;-1;0;0;0;0;0;0;0;0;0;0;0;0;0;1;1;0;0;-1;-1;0;0;-1;-1;-1;-1;-1;-1;-1;-1;-1;31;35;53;75;87;39;70;75;53;10.5;0;4.31;3.06;Radomlje;Aluminij;1.86;1.69;1.83;1.64;2;1.79;70;66;48;26;13;100;100;75;0;0;0;436;27;Y;Y;N;N;N;N;Y
115230;1995;1999;2015/2016;complete;617;26;-1;14,23,53,61,63,76;21,49,71,74;6;4;10;-1;-1;-1;-1;-1;2;1;0;0;-1;-1;-1;-1;-1;-1;-1;-1;-1;-1;2;1;0;0;0;0;0;0;0;0;0;0;0;0;0;0;0;0;0;0;0;0;0;0;0;0;0;0;0;0;0;0;0;0;0;0;0;0;0;0;0;0;0;0;0;0;0;0;0;0;0;0;0;0;0;0;0;0;0;0;0;0;0;0;0;0;0;0;0;0;10;2;1;4;3;7;3;2016-05-14 15:00:00;1995;0;62;16;35;0;-1;1;-1;-1;-1;-1;-1;-1;0;0;2;1;0;3;-1;0;0;0;0;0;0;0;1;0;1;0;0;0;1;1;0;0;-1;-1;0;0;-1;-1;-1;-1;-1;-1;-1;-1;-1;31;35;62;73;89;27;70;77;69;7;0;5.54;3.12;NŠ Drava;Šencur;1.93;0.43;1.85;0.46;1.72;0.76;70;66;38;27;12;50;50;50;0;0;0;436;27;Y;Y;Y;Y;Y;Y;Y
115231;1968;1975;2015/2016;complete;617;26;-1;;33,74;0;2;2;-1;-1;-1;-1;-1;5;2;0;0;-1;-1;-1;-1;-1;-1;-1;-1;-1;-1;5;2;0;0;0;0;0;0;0;0;0;0;0;0;0;0;0;0;0;0;0;0;0;0;0;0;0;0;0;0;0;0;0;0;0;0;0;0;0;0;0;0;0;0;0;0;0;0;0;0;0;0;0;0;0;0;0;0;0;0;0;0;0;0;0;0;0;0;0;0;2;0;1;0;1;1;1;2016-05-14 15:00:00;1975;0;41;8;17;0;-1;1;-1;-1;-1;-1;-1;-1;1;1;4;1;2;5;-1;0;0;0;0;0;0;0;0;0;0;0;0;0;1;1;0;0;-1;-1;0;0;-1;-1;-1;-1;-1;-1;-1;-1;-1;12;28;41;81;96;23;72;69;49;0;0;5.71;2.65;Triglav;Radomlje;1.57;2.23;1.69;2.17;1.72;1.96;89;72;60;20;4;0;0;0;0;0;0;436;27;Y;Y;N;N;N;N;N
115232;1971;1998;2015/2016;complete;617;26;-1;58,69;;2;0;2;-1;-1;-1;-1;-1;4;5;1;0;-1;-1;-1;-1;-1;-1;-1;-1;-1;-1;5;5;0;0;0;0;0;0;0;0;0;0;0;0;0;0;0;0;0;0;0;0;0;0;0;0;0;0;0;0;0;0;0;0;0;0;0;0;0;0;0;0;0;0;0;0;0;0;0;0;0;0;0;0;0;0;0;0;0;0;0;0;0;0;0;0;0;0;0;0;2;0;0;2;0;2;0;2016-05-14 15:00:00;1971;0;46;12;23;0;-1;1;-1;-1;-1;-1;-1;-1;0;2;5;3;2;8;-1;0;0;0;0;0;0;0;0;0;0;0;0;0;1;1;0;0;-1;-1;0;0;-1;-1;-1;-1;-1;-1;-1;-1;-1;16;39;58;73;89;39;70;81;54;7.5;0;7;3;Aluminij;Tolmin;2;0.57;1.92;0.62;1.76;1;85;62;42;27;12;50;50;50;0;0;0;436;27;Y;Y;N;N;N;N;N
115233;1994;1986;2015/2016;complete;617;26;-1;89;33,35,39,60;1;4;5;-1;-1;-1;-1;-1;1;0;0;0;-1;-1;-1;-1;-1;-1;-1;-1;-1;-1;1;0;0;0;0;0;0;0;0;0;0;0;0;0;0;0;0;0;0;0;0;0;0;0;0;0;0;0;0;0;0;0;0;0;0;0;0;0;0;0;0;0;0;0;0;0;0;0;0;0;0;0;0;0;0;0;0;0;0;0;0;0;0;0;0;0;0;0;0;0;5;0;3;1;1;2;3;2016-05-14 15:00:00;1986;0;54;16;27;0;-1;1;-1;-1;-1;-1;-1;-1;0;0;1;0;0;1;-1;0;0;0;0;0;0;0;0;0;0;0;0;0;1;1;0;0;-1;-1;0;0;-1;-1;-1;-1;-1;-1;-1;-1;-1;19;35;54;77;89;31;81;74;39;0;0;5.77;2.77;Dob;Kranj;1.29;1.07;1.38;0.92;1.28;1.12;81;66;47;23;12;0;0;0;0;0;0;436;27;Y;Y;Y;Y;Y;N;Y
115234;1993;1967;2015/2016;complete;617;26;-1;62,82;5,29,56,72;2;4;6;-1;-1;-1;-1;-1;0;2;0;0;-1;-1;-1;-1;-1;-1;-1;-1;-1;-1;0;2;0;0;0;0;0;0;0;0;0;0;0;0;0;0;0;0;0;0;0;0;0;0;0;0;0;0;0;0;0;0;0;0;0;0;0;0;0;0;0;0;0;0;0;0;0;0;0;0;0;0;0;0;0;0;0;0;0;0;0;0;0;0;0;0;0;0;0;0;6;0;2;2;2;4;2;2016-05-14 15:00:00;1967;0;57;24;40;0;-1;1;-1;-1;-1;-1;-1;-1;0;2;0;0;2;0;-1;0;0;0;0;0;0;0;0;0;0;0;0;0;1;1;0;1;-1;-1;0;0;-1;-1;-1;-1;-1;-1;-1;-1;-1;20;32;65;85;93;40;61;89;60;4;0;7.31;3.05;Veržej;Ankaran Hrvatini;0.77;1;0.83;0.85;1.28;1;80;68;36;16;8;50;50;0;0;0;0;436;27;Y;Y;Y;Y;Y;Y;Y
115235;1999;1993;2015/2016;complete;617;27;-1;1,71,80;56,68;3;2;5;-1;-1;-1;-1;-1;2;1;0;0;-1;-1;-1;-1;-1;-1;-1;-1;-1;-1;2;1;0;0;0;0;0;0;0;0;0;0;0;0;0;0;0;0;0;0;0;0;0;0;0;0;0;0;0;0;0;0;0;0;0;0;0;0;0;0;0;0;0;0;0;0;0;0;0;0;0;0;0;0;0;0;0;0;0;0;0;0;0;0;0;0;0;0;0;0;5;1;0;2;2;4;1;2016-05-20 17:00:00;1999;0;56;32;36;0;-1;1;-1;-1;-1;-1;-1;-1;1;0;1;1;1;2;-1;0;0;0;0;0;0;0;0;0;0;0;0;0;1;1;1;0;-1;-1;1;0;-1;-1;-1;-1;-1;-1;-1;-1;-1;32;48;60;85;96;44;88;73;60;10;0;4.82;3.36;Šencur;Veržej;1.23;1.57;1.08;1.69;0.73;1.23;68;52;41;16;4;50;50;50;0;0;0;436;27;Y;Y;Y;Y;Y;N;Y
115236;1967;1994;2015/2016;complete;617;27;-1;14,24,48;29;3;1;4;-1;-1;-1;-1;-1;4;5;0;0;-1;-1;-1;-1;-1;-1;-1;-1;-1;-1;4;5;0;0;0;0;0;0;0;0;0;0;0;0;0;0;0;0;0;0;0;0;0;0;0;0;0;0;0;0;0;0;0;0;0;0;0;0;0;0;0;0;0;0;0;0;0;0;0;0;0;0;0;0;0;0;0;0;0;0;0;0;0;0;0;0;0;0;0;0;4;2;1;1;0;1;3;2016-05-21 15:00:00;1967;0;59;17;38;0;-1;1;-1;-1;-1;-1;-1;-1;1;2;3;3;3;6;-1;0;0;0;0;0;0;0;0;0;0;0;0;0;1;1;0;0;-1;-1;0;0;-1;-1;-1;-1;-1;-1;-1;-1;-1;17;33;63;80;92;25;63;83;58;8;0;6.42;2.88;Ankaran Hrvatini;Dob;1.31;1.08;1.17;1.17;1.08;1.23;84;67;38;21;8;50;50;50;0;0;0;436;27;Y;Y;Y;Y;N;N;Y
115237;1986;1971;2015/2016;complete;617;27;-1;;19,24,43,70,84;0;5;5;-1;-1;-1;-1;-1;3;1;0;0;-1;-1;-1;-1;-1;-1;-1;-1;-1;-1;3;1;0;0;0;0;0;0;0;0;0;0;0;0;0;0;0;0;0;0;0;0;0;0;0;0;0;0;0;0;0;0;0;0;0;0;0;0;0;0;0;0;0;0;0;0;0;0;0;0;0;0;0;0;0;0;0;0;0;0;0;0;0;0;0;0;0;0;0;0;5;0;3;0;2;2;3;2016-05-21 15:00:00;1971;0;50;17;25;0;-1;1;-1;-1;-1;-1;-1;-1;1;0;2;1;1;3;-1;0;0;0;0;0;0;0;0;0;0;0;0;0;1;1;0;0;-1;-1;0;0;-1;-1;-1;-1;-1;-1;-1;-1;-1;21;33;50;79;92;38;75;75;50;4;0;4.66;2.92;Kranj;Aluminij;1.23;1.69;1.33;1.58;1.19;1.81;80;67;50;21;8;50;50;50;0;0;0;436;27;Y;Y;Y;Y;Y;N;N
115238;1998;1968;2015/2016;complete;617;27;-1;;;0;0;0;-1;-1;-1;-1;-1;3;2;0;0;-1;-1;-1;-1;-1;-1;-1;-1;-1;-1;3;2;0;0;0;0;0;0;0;0;0;0;0;0;0;0;0;0;0;0;0;0;0;0;0;0;0;0;0;0;0;0;0;0;0;0;0;0;0;0;0;0;0;0;0;0;0;0;0;0;0;0;0;0;0;0;0;0;0;0;0;0;0;0;0;0;0;0;0;0;0;0;0;0;0;0;0;2016-05-21 15:00:00;-1;0;63;21;42;0;-1;1;-1;-1;-1;-1;-1;-1;0;1;3;1;1;4;-1;0;0;0;0;0;0;0;0;0;0;0;0;0;1;1;0;0;-1;-1;0;0;-1;-1;-1;-1;-1;-1;-1;-1;-1;17;46;67;88;100;34;75;96;55;12;0;6.17;3.21;Tolmin;Triglav;1.38;1.69;1.42;1.75;0.96;1.65;84;54;34;13;0;50;50;50;0;0;0;436;27;N;N;N;N;N;N;N
115239;1975;1995;2015/2016;complete;617;27;-1;29,33,54;20;3;1;4;-1;-1;-1;-1;-1;1;2;0;0;-1;-1;-1;-1;-1;-1;-1;-1;-1;-1;1;2;0;0;0;0;0;0;0;0;0;0;0;0;0;0;0;0;0;0;0;0;0;0;0;0;0;0;0;0;0;0;0;0;0;0;0;0;0;0;0;0;0;0;0;0;0;0;0;0;0;0;0;0;0;0;0;0;0;0;0;0;0;0;0;0;0;0;0;0;4;2;1;1;0;1;3;2016-05-21 15:00:00;1975;0;52;24;16;0;-1;1;-1;-1;-1;-1;-1;-1;0;2;1;0;2;1;-1;0;0;0;0;0;0;0;0;0;0;0;0;0;1;1;0;0;-1;-1;0;0;-1;-1;-1;-1;-1;-1;-1;-1;-1;16;32;52;76;89;44;85;72;36;6.5;0;5.09;2.85;Radomlje;NŠ Drava;1.86;1.46;1.77;1.58;2;1.77;85;68;48;24;12;50;50;25;0;0;0;436;27;Y;Y;Y;Y;N;N;Y
