ID;HOMEID;AWAYID;SEASON;STATUS;ROUNDID;GAME_WEEK;REVISED_GAME_WEEK;HOMEGOALS;AWAYGOALS;HOMEGOALCOUNT;AWAYGOALCOUNT;TOTALGOALCOUNT;TEAM_A_CORNERS;TEAM_B_CORNERS;TOTALCORNERCOUNT;TEAM_A_OFFSIDES;TEAM_B_OFFSIDES;TEAM_A_YELLOW_CARDS;TEAM_B_YELLOW_CARDS;TEAM_A_RED_CARDS;TEAM_B_RED_CARDS;TEAM_A_SHOTSONTARGET;TEAM_B_SHOTSONTARGET;TEAM_A_SHOTSOFFTARGET;TEAM_B_SHOTSOFFTARGET;TEAM_A_SHOTS;TEAM_B_SHOTS;TEAM_A_FOULS;TEAM_B_FOULS;TEAM_A_POSSESSION;TEAM_B_POSSESSION;TEAM_A_CARDS_NUM;TEAM_B_CARDS_NUM;ODDS_FT_1;ODDS_FT_X;ODDS_FT_2;ODDS_FT_OVER05;ODDS_FT_OVER15;ODDS_FT_OVER25;ODDS_FT_OVER35;ODDS_FT_OVER45;ODDS_FT_UNDER05;ODDS_FT_UNDER15;ODDS_FT_UNDER25;ODDS_FT_UNDER35;ODDS_FT_UNDER45;ODDS_BTTS_YES;ODDS_BTTS_NO;ODDS_TEAM_A_CS_YES;ODDS_TEAM_A_CS_NO;ODDS_TEAM_B_CS_YES;ODDS_TEAM_B_CS_NO;ODDS_DOUBLECHANCE_1X;ODDS_DOUBLECHANCE_12;ODDS_DOUBLECHANCE_X2;ODDS_1ST_HALF_RESULT_1;ODDS_1ST_HALF_RESULT_X;ODDS_1ST_HALF_RESULT_2;ODDS_2ND_HALF_RESULT_1;ODDS_2ND_HALF_RESULT_X;ODDS_2ND_HALF_RESULT_2;ODDS_DNB_1;ODDS_DNB_2;ODDS_CORNERS_OVER_75;ODDS_CORNERS_OVER_85;ODDS_CORNERS_OVER_95;ODDS_CORNERS_OVER_105;ODDS_CORNERS_OVER_115;ODDS_CORNERS_UNDER_75;ODDS_CORNERS_UNDER_85;ODDS_CORNERS_UNDER_95;ODDS_CORNERS_UNDER_105;ODDS_CORNERS_UNDER_115;ODDS_CORNERS_1;ODDS_CORNERS_X;ODDS_CORNERS_2;ODDS_TEAM_TO_SCORE_FIRST_1;ODDS_TEAM_TO_SCORE_FIRST_X;ODDS_TEAM_TO_SCORE_FIRST_2;ODDS_WIN_TO_NIL_1;ODDS_WIN_TO_NIL_2;ODDS_1ST_HALF_OVER05;ODDS_1ST_HALF_OVER15;ODDS_1ST_HALF_OVER25;ODDS_1ST_HALF_OVER35;ODDS_1ST_HALF_UNDER05;ODDS_1ST_HALF_UNDER15;ODDS_1ST_HALF_UNDER25;ODDS_1ST_HALF_UNDER35;ODDS_2ND_HALF_OVER05;ODDS_2ND_HALF_OVER15;ODDS_2ND_HALF_OVER25;ODDS_2ND_HALF_OVER35;ODDS_2ND_HALF_UNDER05;ODDS_2ND_HALF_UNDER15;ODDS_2ND_HALF_UNDER25;ODDS_2ND_HALF_UNDER35;ODDS_BTTS_1ST_HALF_YES;ODDS_BTTS_1ST_HALF_NO;ODDS_BTTS_2ND_HALF_YES;ODDS_BTTS_2ND_HALF_NO;OVERALLGOALCOUNT;HT_GOALS_TEAM_A;HT_GOALS_TEAM_B;GOALS_2HG_TEAM_A;GOALS_2HG_TEAM_B;GOALCOUNT_2HG;HTGOALCOUNT;DATE_UNIX;WINNINGTEAM;NO_HOME_AWAY;BTTS_POTENTIAL;BTTS_FHG_POTENTIAL;BTTS_2HG_POTENTIAL;GOALTIMINGDISABLED;CORNER_TIMINGS_RECORDED;CARD_TIMINGS_RECORDED;TEAM_A_FH_CORNERS;TEAM_B_FH_CORNERS;TEAM_A_2H_CORNERS;TEAM_B_2H_CORNERS;CORNER_FH_COUNT;CORNER_2H_COUNT;TEAM_A_FH_CARDS;TEAM_B_FH_CARDS;TEAM_A_2H_CARDS;TEAM_B_2H_CARDS;TOTAL_FH_CARDS;TOTAL_2H_CARDS;ATTACKS_RECORDED;TEAM_A_DANGEROUS_ATTACKS;TEAM_B_DANGEROUS_ATTACKS;TEAM_A_ATTACKS;TEAM_B_ATTACKS;TEAM_A_XG;TEAM_B_XG;TOTAL_XG;TEAM_A_PENALTIES_WON;TEAM_B_PENALTIES_WON;TEAM_A_PENALTY_GOALS;TEAM_B_PENALTY_GOALS;TEAM_A_PENALTY_MISSED;TEAM_B_PENALTY_MISSED;PENS_RECORDED;GOAL_TIMINGS_RECORDED;TEAM_A_0_10_MIN_GOALS;TEAM_B_0_10_MIN_GOALS;TEAM_A_CORNERS_0_10_MIN;TEAM_B_CORNERS_0_10_MIN;TEAM_A_CARDS_0_10_MIN;TEAM_B_CARDS_0_10_MIN;THROWINS_RECORDED;TEAM_A_THROWINS;TEAM_B_THROWINS;FREEKICKS_RECORDED;TEAM_A_FREEKICKS;TEAM_B_FREEKICKS;GOALKICKS_RECORDED;TEAM_A_GOALKICKS;TEAM_B_GOALKICKS;O45_POTENTIAL;O35_POTENTIAL;O25_POTENTIAL;O15_POTENTIAL;O05_POTENTIAL;O15HT_POTENTIAL;O05HT_POTENTIAL;O05_2H_POTENTIAL;O15_2H_POTENTIAL;CORNERS_POTENTIAL;OFFSIDES_POTENTIAL;CARDS_POTENTIAL;AVG_POTENTIAL;HOME_NAME;AWAY_NAME;HOME_PPG;AWAY_PPG;PRE_MATCH_HOME_PPG;PRE_MATCH_AWAY_PPG;PRE_MATCH_TEAMA_OVERALL_PPG;PRE_MATCH_TEAMB_OVERALL_PPG;U45_POTENTIAL;U35_POTENTIAL;U25_POTENTIAL;U15_POTENTIAL;U05_POTENTIAL;CORNERS_O85_POTENTIAL;CORNERS_O95_POTENTIAL;CORNERS_O105_POTENTIAL;TEAM_A_XG_PREMATCH;TEAM_B_XG_PREMATCH;TOTAL_XG_PREMATCH;COMPETITION_ID;MATCHES_COMPLETED_MINIMUM;OVER05;OVER15;OVER25;OVER35;OVER45;OVER55;BTTS
115375;1993;1994;2013/2014;complete;619;1;-1;;8,43,81;0;3;3;-1;-1;-1;-1;-1;4;3;0;1;-1;-1;-1;-1;-1;-1;-1;-1;-1;-1;4;4;0;0;0;0;0;0;0;0;0;0;0;0;0;0;0;0;0;0;0;0;0;0;0;0;0;0;0;0;0;0;0;0;0;0;0;0;0;0;0;0;0;0;0;0;0;0;0;0;0;0;0;0;0;0;0;0;0;0;0;0;0;0;0;0;0;0;0;0;3;0;2;0;1;1;2;2013-08-10 15:30:00;1994;0;0;0;0;0;-1;1;-1;-1;-1;-1;-1;-1;4;0;0;4;4;4;-1;0;0;0;0;0;0;0;0;0;0;0;0;0;1;1;0;1;-1;-1;1;0;-1;-1;-1;-1;-1;-1;-1;-1;-1;0;0;0;0;0;0;0;0;0;0;0;0;0;Veržej;Dob;1.86;2;0;0;0;0;0;0;0;0;0;0;0;0;0;0;0;438;27;Y;Y;Y;N;N;N;N
115376;1975;2003;2013/2014;complete;619;1;-1;57,76,78;;3;0;3;-1;-1;-1;-1;-1;0;3;0;0;-1;-1;-1;-1;-1;-1;-1;-1;-1;-1;0;3;0;0;0;0;0;0;0;0;0;0;0;0;0;0;0;0;0;0;0;0;0;0;0;0;0;0;0;0;0;0;0;0;0;0;0;0;0;0;0;0;0;0;0;0;0;0;0;0;0;0;0;0;0;0;0;0;0;0;0;0;0;0;0;0;0;0;0;0;3;0;0;3;0;3;0;2013-08-10 15:30:00;1975;0;0;0;0;0;-1;1;-1;-1;-1;-1;-1;-1;0;1;0;2;1;2;-1;0;0;0;0;0;0;0;0;0;0;0;0;0;1;1;0;0;-1;-1;0;0;-1;-1;-1;-1;-1;-1;-1;-1;-1;0;0;0;0;0;0;0;0;0;0;0;0;0;Radomlje;Šampion Celje;1.93;0.71;0;0;0;0;0;0;0;0;0;0;0;0;0;0;0;438;27;Y;Y;Y;N;N;N;N
115377;1973;1999;2013/2014;complete;619;1;-1;18,55,74;14;3;1;4;-1;-1;-1;-1;-1;3;1;0;0;-1;-1;-1;-1;-1;-1;-1;-1;-1;-1;3;1;0;0;0;0;0;0;0;0;0;0;0;0;0;0;0;0;0;0;0;0;0;0;0;0;0;0;0;0;0;0;0;0;0;0;0;0;0;0;0;0;0;0;0;0;0;0;0;0;0;0;0;0;0;0;0;0;0;0;0;0;0;0;0;0;0;0;0;0;4;1;1;2;0;2;2;2013-08-10 16:00:00;1973;0;0;0;0;0;-1;1;-1;-1;-1;-1;-1;-1;1;0;2;1;1;3;-1;0;0;0;0;0;0;0;0;0;0;0;0;0;1;1;0;0;-1;-1;0;0;-1;-1;-1;-1;-1;-1;-1;-1;-1;0;0;0;0;0;0;0;0;0;0;0;0;0;Krško;Šencur;2;0.14;0;0;0;0;0;0;0;0;0;0;0;0;0;0;0;438;27;Y;Y;Y;Y;N;N;Y
115378;2000;1967;2013/2014;complete;619;1;-1;68,85;;2;0;2;-1;-1;-1;-1;-1;2;0;0;0;-1;-1;-1;-1;-1;-1;-1;-1;-1;-1;2;0;0;0;0;0;0;0;0;0;0;0;0;0;0;0;0;0;0;0;0;0;0;0;0;0;0;0;0;0;0;0;0;0;0;0;0;0;0;0;0;0;0;0;0;0;0;0;0;0;0;0;0;0;0;0;0;0;0;0;0;0;0;0;0;0;0;0;0;0;2;0;0;2;0;2;0;2013-08-11 15:30:00;2000;0;0;0;0;0;-1;1;-1;-1;-1;-1;-1;-1;1;0;1;0;1;1;-1;0;0;0;0;0;0;0;0;0;0;0;0;0;1;1;0;0;-1;-1;0;0;-1;-1;-1;-1;-1;-1;-1;-1;-1;0;0;0;0;0;0;0;0;0;0;0;0;0;Šmartno;Ankaran Hrvatini;1.64;1.36;0;0;0;0;0;0;0;0;0;0;0;0;0;0;0;438;27;Y;Y;N;N;N;N;N
115379;2002;1971;2013/2014;complete;619;1;-1;;5,55,66,66;0;4;4;-1;-1;-1;-1;-1;2;2;0;0;-1;-1;-1;-1;-1;-1;-1;-1;-1;-1;2;2;0;0;0;0;0;0;0;0;0;0;0;0;0;0;0;0;0;0;0;0;0;0;0;0;0;0;0;0;0;0;0;0;0;0;0;0;0;0;0;0;0;0;0;0;0;0;0;0;0;0;0;0;0;0;0;0;0;0;0;0;0;0;0;0;0;0;0;0;4;0;1;0;3;3;1;2013-08-11 15:30:00;1971;0;0;0;0;0;-1;1;-1;-1;-1;-1;-1;-1;1;0;1;2;1;3;-1;0;0;0;0;0;0;0;0;0;0;0;0;0;1;1;0;1;-1;-1;0;0;-1;-1;-1;-1;-1;-1;-1;-1;-1;0;0;0;0;0;0;0;0;0;0;0;0;0;Bela Krajina;Aluminij;0.31;1.62;0;0;0;0;0;0;0;0;0;0;0;0;0;0;0;438;27;Y;Y;Y;Y;N;N;N
115380;2003;1973;2013/2014;complete;619;2;-1;21,41,80;49,74;3;2;5;-1;-1;-1;-1;-1;-1;-1;-1;-1;-1;-1;-1;-1;-1;-1;-1;-1;-1;-1;-1;-1;0;0;0;0;0;0;0;0;0;0;0;0;0;0;0;0;0;0;0;0;0;0;0;0;0;0;0;0;0;0;0;0;0;0;0;0;0;0;0;0;0;0;0;0;0;0;0;0;0;0;0;0;0;0;0;0;0;0;0;0;0;0;0;0;0;0;0;0;5;2;0;1;2;3;2;2013-08-17 15:30:00;2003;0;0;0;0;0;-1;-1;-1;-1;-1;-1;-1;-1;-1;-1;-1;-1;-1;-1;-1;0;0;0;0;0;0;0;1;0;1;0;0;0;1;1;0;0;-1;-1;-1;-1;-1;-1;-1;-1;-1;-1;-1;-1;-1;0;0;0;0;0;0;0;0;0;0;0;0;0;Šampion Celje;Krško;0.92;0.71;0;0;0;3;0;0;0;0;0;0;0;0;0;0;0;438;27;Y;Y;Y;Y;Y;N;Y
115381;1971;1975;2013/2014;complete;619;2;-1;;21,34,89;0;3;3;-1;-1;-1;-1;-1;2;2;0;0;-1;-1;-1;-1;-1;-1;-1;-1;-1;-1;2;2;0;0;0;0;0;0;0;0;0;0;0;0;0;0;0;0;0;0;0;0;0;0;0;0;0;0;0;0;0;0;0;0;0;0;0;0;0;0;0;0;0;0;0;0;0;0;0;0;0;0;0;0;0;0;0;0;0;0;0;0;0;0;0;0;0;0;0;0;3;0;2;0;1;1;2;2013-08-17 15:30:00;1975;0;0;0;0;0;-1;1;-1;-1;-1;-1;-1;-1;1;0;1;2;1;3;-1;0;0;0;0;0;0;0;0;0;0;0;0;0;1;1;0;0;-1;-1;0;0;-1;-1;-1;-1;-1;-1;-1;-1;-1;0;0;0;0;0;0;0;0;0;0;0;0;0;Aluminij;Radomlje;1.86;1.77;0;0;3;3;0;0;0;0;0;0;0;0;0;0;0;438;27;Y;Y;Y;N;N;N;N
115382;1994;2002;2013/2014;complete;619;2;-1;16;;1;0;1;-1;-1;-1;-1;-1;1;3;0;0;-1;-1;-1;-1;-1;-1;-1;-1;-1;-1;1;3;0;0;0;0;0;0;0;0;0;0;0;0;0;0;0;0;0;0;0;0;0;0;0;0;0;0;0;0;0;0;0;0;0;0;0;0;0;0;0;0;0;0;0;0;0;0;0;0;0;0;0;0;0;0;0;0;0;0;0;0;0;0;0;0;0;0;0;0;1;1;0;0;0;0;1;2013-08-17 15:30:00;1994;0;0;0;0;0;-1;1;-1;-1;-1;-1;-1;-1;0;1;1;2;1;3;-1;0;0;0;0;0;0;0;0;0;0;0;0;0;1;1;0;0;-1;-1;0;0;-1;-1;-1;-1;-1;-1;-1;-1;-1;0;0;0;0;0;0;0;0;0;0;0;0;0;Dob;Bela Krajina;2.64;0.14;0;0;3;0;0;0;0;0;0;0;0;0;0;0;0;438;27;Y;N;N;N;N;N;N
115383;1967;1999;2013/2014;complete;619;2;-1;26,75,80;12,25,60;3;3;6;-1;-1;-1;-1;-1;4;3;1;0;-1;-1;-1;-1;-1;-1;-1;-1;-1;-1;5;3;0;0;0;0;0;0;0;0;0;0;0;0;0;0;0;0;0;0;0;0;0;0;0;0;0;0;0;0;0;0;0;0;0;0;0;0;0;0;0;0;0;0;0;0;0;0;0;0;0;0;0;0;0;0;0;0;0;0;0;0;0;0;0;0;0;0;0;0;6;1;2;2;1;3;3;2013-08-18 15:30:00;-1;0;50;50;0;0;-1;1;-1;-1;-1;-1;-1;-1;1;1;4;2;2;6;-1;0;0;0;0;0;0;0;0;0;0;0;0;0;1;1;0;0;-1;-1;0;0;-1;-1;-1;-1;-1;-1;-1;-1;-1;0;50;50;50;50;50;50;50;50;0;0;1;2;Ankaran Hrvatini;Šencur;1.69;0.14;0;0;0;0;50;0;0;0;0;0;0;0;0;0;0;438;27;Y;Y;Y;Y;Y;Y;Y
115384;2000;1993;2013/2014;complete;619;2;-1;5,26,31;48;3;1;4;-1;-1;-1;-1;-1;3;2;1;0;-1;-1;-1;-1;-1;-1;-1;-1;-1;-1;4;2;0;0;0;0;0;0;0;0;0;0;0;0;0;0;0;0;0;0;0;0;0;0;0;0;0;0;0;0;0;0;0;0;0;0;0;0;0;0;0;0;0;0;0;0;0;0;0;0;0;0;0;0;0;0;0;0;0;0;0;0;0;0;0;0;0;0;0;0;4;3;0;0;1;1;3;2013-08-18 15:30:00;2000;0;0;0;0;0;-1;1;-1;-1;-1;-1;-1;-1;2;1;2;1;3;3;-1;0;0;0;0;0;0;0;1;0;1;0;0;0;1;1;1;0;-1;-1;0;0;-1;-1;-1;-1;-1;-1;-1;-1;-1;0;0;0;50;50;0;0;50;50;0;0;2;1;Šmartno;Veržej;1.64;1.62;3;0;3;0;50;50;50;0;0;0;0;0;0;0;0;438;27;Y;Y;Y;Y;N;N;Y
115385;1993;1967;2013/2014;complete;619;3;-1;10,58,63;19;3;1;4;-1;-1;-1;-1;-1;1;3;0;0;-1;-1;-1;-1;-1;-1;-1;-1;-1;-1;1;3;0;0;0;0;0;0;0;0;0;0;0;0;0;0;0;0;0;0;0;0;0;0;0;0;0;0;0;0;0;0;0;0;0;0;0;0;0;0;0;0;0;0;0;0;0;0;0;0;0;0;0;0;0;0;0;0;0;0;0;0;0;0;0;0;0;0;0;0;4;1;1;2;0;2;2;2013-08-24 15:00:00;1993;0;0;0;0;0;-1;1;-1;-1;-1;-1;-1;-1;0;1;1;2;1;3;-1;0;0;0;0;0;0;0;0;0;0;0;0;0;1;1;1;0;-1;-1;0;0;-1;-1;-1;-1;-1;-1;-1;-1;-1;0;0;50;100;100;50;50;100;50;0;0;4;2.5;Veržej;Ankaran Hrvatini;1.86;1.36;0;0;0;0.5;100;100;50;0;0;0;0;0;0;0;0;438;27;Y;Y;Y;Y;N;N;Y
115386;1973;1971;2013/2014;complete;619;3;-1;;;0;0;0;-1;-1;-1;-1;-1;3;4;0;0;-1;-1;-1;-1;-1;-1;-1;-1;-1;-1;3;4;0;0;0;0;0;0;0;0;0;0;0;0;0;0;0;0;0;0;0;0;0;0;0;0;0;0;0;0;0;0;0;0;0;0;0;0;0;0;0;0;0;0;0;0;0;0;0;0;0;0;0;0;0;0;0;0;0;0;0;0;0;0;0;0;0;0;0;0;0;0;0;0;0;0;0;2013-08-24 15:00:00;-1;0;50;50;0;0;-1;1;-1;-1;-1;-1;-1;-1;2;2;1;2;4;3;-1;0;0;0;0;0;0;0;0;0;0;0;0;0;1;1;0;0;-1;-1;0;0;-1;-1;-1;-1;-1;-1;-1;-1;-1;0;100;100;100;100;50;100;100;100;0;0;5;4;Krško;Aluminij;2;1.62;3;3;1.5;1.5;100;0;0;0;0;0;0;0;0;0;0;438;27;N;N;N;N;N;N;N
115387;1975;1994;2013/2014;complete;619;3;-1;57,69,90;6,14,37,78;3;4;7;-1;-1;-1;-1;-1;4;0;0;0;-1;-1;-1;-1;-1;-1;-1;-1;-1;-1;4;0;0;0;0;0;0;0;0;0;0;0;0;0;0;0;0;0;0;0;0;0;0;0;0;0;0;0;0;0;0;0;0;0;0;0;0;0;0;0;0;0;0;0;0;0;0;0;0;0;0;0;0;0;0;0;0;0;0;0;0;0;0;0;0;0;0;0;0;0;7;0;3;3;1;4;3;2013-08-25 15:00:00;1994;0;0;0;0;0;-1;1;-1;-1;-1;-1;-1;-1;2;0;2;0;2;2;-1;0;0;0;0;0;0;0;0;0;0;0;0;0;1;1;0;1;-1;-1;0;0;-1;-1;-1;-1;-1;-1;-1;-1;-1;0;0;100;100;100;50;50;100;50;0;0;4;3;Radomlje;Dob;1.93;2;3;3;3;3;100;100;0;0;0;0;0;0;0;0;0;438;27;Y;Y;Y;Y;Y;Y;Y
115388;2002;2000;2013/2014;complete;619;3;-1;;13;0;1;1;-1;-1;-1;-1;-1;2;4;0;0;-1;-1;-1;-1;-1;-1;-1;-1;-1;-1;2;4;0;0;0;0;0;0;0;0;0;0;0;0;0;0;0;0;0;0;0;0;0;0;0;0;0;0;0;0;0;0;0;0;0;0;0;0;0;0;0;0;0;0;0;0;0;0;0;0;0;0;0;0;0;0;0;0;0;0;0;0;0;0;0;0;0;0;0;0;1;0;1;0;0;0;1;2013-08-25 15:00:00;2000;0;0;0;0;0;-1;1;-1;-1;-1;-1;-1;-1;0;1;2;3;1;5;-1;0;0;0;0;0;0;0;0;0;0;0;0;0;1;1;0;0;-1;-1;0;0;-1;-1;-1;-1;-1;-1;-1;-1;-1;0;50;50;50;50;0;50;50;50;0;0;2;2;Bela Krajina;Šmartno;0.31;1.08;0;0;0;3;50;0;0;0;0;0;0;0;0;0;0;438;27;Y;N;N;N;N;N;N
115389;1999;2003;2013/2014;complete;619;3;-1;36,56,72,89,90;45,68,77,81;5;4;9;-1;-1;-1;-1;-1;1;1;0;0;-1;-1;-1;-1;-1;-1;-1;-1;-1;-1;1;1;0;0;0;0;0;0;0;0;0;0;0;0;0;0;0;0;0;0;0;0;0;0;0;0;0;0;0;0;0;0;0;0;0;0;0;0;0;0;0;0;0;0;0;0;0;0;0;0;0;0;0;0;0;0;0;0;0;0;0;0;0;0;0;0;0;0;0;0;9;1;1;4;3;7;2;2013-08-25 15:00:00;1999;0;0;0;0;0;-1;1;-1;-1;-1;-1;-1;-1;0;0;1;1;0;2;-1;0;0;0;0;0;0;0;0;1;0;1;0;0;1;1;0;0;-1;-1;0;0;-1;-1;-1;-1;-1;-1;-1;-1;-1;0;0;50;50;50;0;0;50;50;0;0;3;1.5;Šencur;Šampion Celje;2.23;0.71;0;0;0.5;1.5;50;50;0;0;0;0;0;0;0;0;0;438;27;Y;Y;Y;Y;Y;Y;Y
115390;1967;2003;2013/2014;complete;619;4;-1;14,16,84;25,57;3;2;5;-1;-1;-1;-1;-1;2;3;0;0;-1;-1;-1;-1;-1;-1;-1;-1;-1;-1;2;3;0;0;0;0;0;0;0;0;0;0;0;0;0;0;0;0;0;0;0;0;0;0;0;0;0;0;0;0;0;0;0;0;0;0;0;0;0;0;0;0;0;0;0;0;0;0;0;0;0;0;0;0;0;0;0;0;0;0;0;0;0;0;0;0;0;0;0;0;5;2;1;1;1;2;3;2013-08-31 15:00:00;1967;0;75;75;75;0;-1;1;-1;-1;-1;-1;-1;-1;1;2;1;1;3;2;-1;0;0;0;0;0;0;0;1;0;1;0;0;0;1;1;0;0;-1;-1;0;0;-1;-1;-1;-1;-1;-1;-1;-1;-1;75;75;100;100;100;75;75;100;100;0;0;7;6;Ankaran Hrvatini;Šampion Celje;1.69;0.71;1;0;0.33;1;25;25;0;0;0;0;0;0;0;0;0;438;27;Y;Y;Y;Y;Y;N;Y
115391;1993;2002;2013/2014;complete;619;4;-1;49,67,71,80;5,41,63;4;3;7;-1;-1;-1;-1;-1;5;3;1;1;-1;-1;-1;-1;-1;-1;-1;-1;-1;-1;6;4;0;0;0;0;0;0;0;0;0;0;0;0;0;0;0;0;0;0;0;0;0;0;0;0;0;0;0;0;0;0;0;0;0;0;0;0;0;0;0;0;0;0;0;0;0;0;0;0;0;0;0;0;0;0;0;0;0;0;0;0;0;0;0;0;0;0;0;0;7;0;2;4;1;5;2;2013-08-31 15:00:00;1993;0;25;25;0;0;-1;1;-1;-1;-1;-1;-1;-1;3;2;3;2;5;5;-1;0;0;0;0;0;0;0;0;0;0;0;0;0;1;1;0;1;-1;-1;0;0;-1;-1;-1;-1;-1;-1;-1;-1;-1;0;25;50;50;100;50;100;50;25;0;0;5.5;2.25;Veržej;Bela Krajina;1.86;0.14;1.5;0;1;0;100;75;50;50;0;0;0;0;0;0;0;438;27;Y;Y;Y;Y;Y;Y;Y
115392;1971;1999;2013/2014;complete;619;4;-1;82;;1;0;1;-1;-1;-1;-1;-1;3;5;0;1;-1;-1;-1;-1;-1;-1;-1;-1;-1;-1;3;6;0;0;0;0;0;0;0;0;0;0;0;0;0;0;0;0;0;0;0;0;0;0;0;0;0;0;0;0;0;0;0;0;0;0;0;0;0;0;0;0;0;0;0;0;0;0;0;0;0;0;0;0;0;0;0;0;0;0;0;0;0;0;0;0;0;0;0;0;1;0;0;1;0;1;0;2013-08-31 15:00:00;1971;0;50;50;25;0;-1;1;-1;-1;-1;-1;-1;-1;2;3;1;3;5;4;-1;0;0;0;0;0;0;0;0;0;0;0;0;0;1;1;0;0;-1;-1;0;0;-1;-1;-1;-1;-1;-1;-1;-1;-1;25;50;100;100;100;100;100;100;50;0;0;4;4;Aluminij;Šencur;1.86;0.14;0;0.5;1.33;1.33;75;50;0;0;0;0;0;0;0;0;0;438;27;Y;N;N;N;N;N;N
115393;1994;1973;2013/2014;complete;619;4;-1;75;;1;0;1;-1;-1;-1;-1;-1;4;4;1;0;-1;-1;-1;-1;-1;-1;-1;-1;-1;-1;5;4;0;0;0;0;0;0;0;0;0;0;0;0;0;0;0;0;0;0;0;0;0;0;0;0;0;0;0;0;0;0;0;0;0;0;0;0;0;0;0;0;0;0;0;0;0;0;0;0;0;0;0;0;0;0;0;0;0;0;0;0;0;0;0;0;0;0;0;0;1;0;0;1;0;1;0;2013-08-31 15:00:00;1994;0;50;0;50;0;-1;1;-1;-1;-1;-1;-1;-1;0;1;5;3;1;8;-1;0;0;0;0;0;0;0;1;0;1;0;0;0;1;1;0;0;-1;-1;0;0;-1;-1;-1;-1;-1;-1;-1;-1;-1;50;50;50;50;100;50;100;50;50;0;0;1;3;Dob;Krško;2.64;0.71;3;0;3;1.33;50;50;50;50;0;0;0;0;0;0;0;438;27;Y;N;N;N;N;N;N
115394;2000;1975;2013/2014;complete;619;4;-1;;27;0;1;1;-1;-1;-1;-1;-1;0;3;0;1;-1;-1;-1;-1;-1;-1;-1;-1;-1;-1;0;5;0;0;0;0;0;0;0;0;0;0;0;0;0;0;0;0;0;0;0;0;0;0;0;0;0;0;0;0;0;0;0;0;0;0;0;0;0;0;0;0;0;0;0;0;0;0;0;0;0;0;0;0;0;0;0;0;0;0;0;0;0;0;0;0;0;0;0;0;1;0;1;0;0;0;1;2013-09-01 15:00:00;1975;0;25;0;0;0;-1;1;-1;-1;-1;-1;-1;-1;0;0;0;4;0;4;-1;0;0;0;0;0;0;0;0;0;0;0;0;0;1;1;0;0;-1;-1;0;0;-1;-1;-1;-1;-1;-1;-1;-1;-1;0;25;75;100;100;75;75;100;25;0;0;5;3;Šmartno;Radomlje;1.64;1.77;3;3;3;2;100;75;25;0;0;0;0;0;0;0;0;438;27;Y;N;N;N;N;N;N
115395;1975;1993;2013/2014;complete;619;5;-1;7,13,42,51,84;;5;0;5;-1;-1;-1;-1;-1;3;2;1;0;-1;-1;-1;-1;-1;-1;-1;-1;-1;-1;5;2;0;0;0;0;0;0;0;0;0;0;0;0;0;0;0;0;0;0;0;0;0;0;0;0;0;0;0;0;0;0;0;0;0;0;0;0;0;0;0;0;0;0;0;0;0;0;0;0;0;0;0;0;0;0;0;0;0;0;0;0;0;0;0;0;0;0;0;0;5;3;0;2;0;2;3;2013-09-08 14:30:00;1975;0;75;0;25;0;-1;1;-1;-1;-1;-1;-1;-1;2;0;2;2;2;4;-1;0;0;0;0;0;0;0;0;0;0;0;0;0;1;1;1;0;-1;-1;0;0;-1;-1;-1;-1;-1;-1;-1;-1;-1;25;75;100;100;100;75;75;100;50;0;0;4;4.5;Radomlje;Veržej;1.93;1.62;1.5;0;2.25;1.5;75;25;0;0;0;0;0;0;0;0;0;438;27;Y;Y;Y;Y;Y;N;N
115396;2002;1967;2013/2014;complete;619;5;-1;;32;0;1;1;-1;-1;-1;-1;-1;4;2;0;0;-1;-1;-1;-1;-1;-1;-1;-1;-1;-1;4;2;0;0;0;0;0;0;0;0;0;0;0;0;0;0;0;0;0;0;0;0;0;0;0;0;0;0;0;0;0;0;0;0;0;0;0;0;0;0;0;0;0;0;0;0;0;0;0;0;0;0;0;0;0;0;0;0;0;0;0;0;0;0;0;0;0;0;0;0;1;0;1;0;0;0;1;2013-09-08 14:30:00;1967;0;25;25;0;0;-1;1;-1;-1;-1;-1;-1;-1;1;0;3;2;1;5;-1;0;0;0;0;0;0;0;0;0;0;0;0;0;1;1;0;0;-1;-1;0;0;-1;-1;-1;-1;-1;-1;-1;-1;-1;0;50;50;75;100;25;75;75;75;0;0;3.5;2.75;Bela Krajina;Ankaran Hrvatini;0.31;1.36;0;0;0;1;100;50;50;25;0;0;0;0;0;0;0;438;27;Y;N;N;N;N;N;N
115397;1999;1994;2013/2014;complete;619;5;-1;22,30,75,90;;4;0;4;-1;-1;-1;-1;-1;3;3;0;1;-1;-1;-1;-1;-1;-1;-1;-1;-1;-1;3;5;0;0;0;0;0;0;0;0;0;0;0;0;0;0;0;0;0;0;0;0;0;0;0;0;0;0;0;0;0;0;0;0;0;0;0;0;0;0;0;0;0;0;0;0;0;0;0;0;0;0;0;0;0;0;0;0;0;0;0;0;0;0;0;0;0;0;0;0;4;2;0;2;0;2;2;2013-09-08 14:30:00;1999;0;75;50;75;0;-1;1;-1;-1;-1;-1;-1;-1;0;0;3;4;0;7;-1;0;0;0;0;0;0;0;0;0;0;0;0;0;1;1;0;0;-1;-1;0;0;-1;-1;-1;-1;-1;-1;-1;-1;-1;75;75;100;100;100;100;100;100;75;0;0;3;7;Šencur;Dob;2.23;2;3;3;1;3;25;25;0;0;0;0;0;0;0;0;0;438;27;Y;Y;Y;Y;N;N;N
115398;2003;1971;2013/2014;complete;619;5;-1;51,55;35,77;2;2;4;-1;-1;-1;-1;-1;1;0;0;0;-1;-1;-1;-1;-1;-1;-1;-1;-1;-1;1;0;0;0;0;0;0;0;0;0;0;0;0;0;0;0;0;0;0;0;0;0;0;0;0;0;0;0;0;0;0;0;0;0;0;0;0;0;0;0;0;0;0;0;0;0;0;0;0;0;0;0;0;0;0;0;0;0;0;0;0;0;0;0;0;0;0;0;0;0;4;0;1;2;1;3;1;2013-09-10 14:30:00;-1;0;50;0;50;0;-1;1;-1;-1;-1;-1;-1;-1;1;0;0;0;1;0;-1;0;0;0;0;0;0;0;1;1;1;1;0;0;1;1;0;0;-1;-1;0;0;-1;-1;-1;-1;-1;-1;-1;-1;-1;50;75;75;75;75;50;75;75;75;0;0;3;3.5;Šampion Celje;Aluminij;0.92;1.62;3;2;0.75;1.75;50;25;25;25;25;0;0;0;0;0;0;438;27;Y;Y;Y;Y;N;N;Y
115399;1973;2000;2013/2014;complete;619;5;-1;17,38,56,90;46,53,80;4;3;7;-1;-1;-1;-1;-1;3;4;0;0;-1;-1;-1;-1;-1;-1;-1;-1;-1;-1;3;4;0;0;0;0;0;0;0;0;0;0;0;0;0;0;0;0;0;0;0;0;0;0;0;0;0;0;0;0;0;0;0;0;0;0;0;0;0;0;0;0;0;0;0;0;0;0;0;0;0;0;0;0;0;0;0;0;0;0;0;0;0;0;0;0;0;0;0;0;7;2;0;2;3;5;2;2013-09-11 14:30:00;1973;0;25;25;0;0;-1;1;-1;-1;-1;-1;-1;-1;0;3;3;1;3;4;-1;0;0;0;0;0;0;0;0;0;0;0;0;0;1;1;0;0;-1;-1;0;0;-1;-1;-1;-1;-1;-1;-1;-1;-1;0;25;25;25;75;25;75;25;25;0;0;7;1.5;Krško;Šmartno;2;1.08;2;3;1;2.25;100;75;75;75;25;0;0;0;0;0;0;438;27;Y;Y;Y;Y;Y;Y;Y
115400;1967;1971;2013/2014;complete;619;6;-1;;9;0;1;1;-1;-1;-1;-1;-1;6;2;0;0;-1;-1;-1;-1;-1;-1;-1;-1;-1;-1;6;2;0;0;0;0;0;0;0;0;0;0;0;0;0;0;0;0;0;0;0;0;0;0;0;0;0;0;0;0;0;0;0;0;0;0;0;0;0;0;0;0;0;0;0;0;0;0;0;0;0;0;0;0;0;0;0;0;0;0;0;0;0;0;0;0;0;0;0;0;1;0;1;0;0;0;1;2013-09-14 14:00:00;1971;0;67;50;67;0;-1;1;-1;-1;-1;-1;-1;-1;3;0;3;2;3;5;-1;0;0;0;0;0;0;0;0;0;0;0;0;0;1;1;0;1;-1;-1;0;0;-1;-1;-1;-1;-1;-1;-1;-1;-1;50;84;84;84;84;50;84;84;84;0;0;5.5;4.09;Ankaran Hrvatini;Aluminij;1.69;1.62;2;1.67;1.4;1.6;50;17;17;17;17;0;0;0;0;0;0;438;27;Y;N;N;N;N;N;N
115401;1993;1973;2013/2014;complete;619;6;-1;3,82;;2;0;2;-1;-1;-1;-1;-1;2;1;0;0;-1;-1;-1;-1;-1;-1;-1;-1;-1;-1;2;1;0;0;0;0;0;0;0;0;0;0;0;0;0;0;0;0;0;0;0;0;0;0;0;0;0;0;0;0;0;0;0;0;0;0;0;0;0;0;0;0;0;0;0;0;0;0;0;0;0;0;0;0;0;0;0;0;0;0;0;0;0;0;0;0;0;0;0;0;2;1;0;1;0;1;1;2013-09-14 14:00:00;1993;0;59;17;42;0;-1;1;-1;-1;-1;-1;-1;-1;2;0;0;1;2;1;-1;0;0;0;0;0;0;0;0;0;0;0;0;0;1;1;1;0;-1;-1;0;0;-1;-1;-1;-1;-1;-1;-1;-1;-1;42;59;75;75;100;75;75;100;59;0;0;7.67;3.84;Veržej;Krško;1.86;0.71;2;0;1.2;1.4;59;42;25;25;0;0;0;0;0;0;0;438;27;Y;Y;N;N;N;N;N
115402;1994;2003;2013/2014;complete;619;6;-1;87;;1;0;1;-1;-1;-1;-1;-1;1;2;0;0;-1;-1;-1;-1;-1;-1;-1;-1;-1;-1;1;2;0;0;0;0;0;0;0;0;0;0;0;0;0;0;0;0;0;0;0;0;0;0;0;0;0;0;0;0;0;0;0;0;0;0;0;0;0;0;0;0;0;0;0;0;0;0;0;0;0;0;0;0;0;0;0;0;0;0;0;0;0;0;0;0;0;0;0;0;1;0;0;1;0;1;0;2013-09-14 14:00:00;1994;0;34;34;34;0;-1;1;-1;-1;-1;-1;-1;-1;0;1;1;1;1;2;-1;0;0;0;0;0;0;0;0;0;0;0;0;0;1;1;0;0;-1;-1;0;0;-1;-1;-1;-1;-1;-1;-1;-1;-1;34;34;50;50;100;34;59;75;50;0;0;5.33;3.34;Dob;Šampion Celje;2.64;0.71;3;0;2.4;0.8;67;67;50;50;0;0;0;0;0;0;0;438;27;Y;N;N;N;N;N;N
115403;2000;1999;2013/2014;complete;619;6;-1;25,45,51;20,82;3;2;5;-1;-1;-1;-1;-1;1;6;0;0;-1;-1;-1;-1;-1;-1;-1;-1;-1;-1;1;6;0;0;0;0;0;0;0;0;0;0;0;0;0;0;0;0;0;0;0;0;0;0;0;0;0;0;0;0;0;0;0;0;0;0;0;0;0;0;0;0;0;0;0;0;0;0;0;0;0;0;0;0;0;0;0;0;0;0;0;0;0;0;0;0;0;0;0;0;5;2;1;1;1;2;3;2013-09-15 14:00:00;2000;0;50;34;17;0;-1;1;-1;-1;-1;-1;-1;-1;0;1;1;5;1;6;-1;0;0;0;0;0;0;0;0;0;0;0;0;0;1;1;0;0;-1;-1;0;0;-1;-1;-1;-1;-1;-1;-1;-1;-1;17;50;50;67;100;50;67;84;50;0;0;5.33;3;Šmartno;Šencur;1.64;0.14;2;0.33;1.8;1.4;84;50;50;33;0;0;0;0;0;0;0;438;27;Y;Y;Y;Y;Y;N;Y
115404;2002;1975;2013/2014;complete;619;6;-1;;4,6;0;2;2;-1;-1;-1;-1;-1;1;1;0;0;-1;-1;-1;-1;-1;-1;-1;-1;-1;-1;1;1;0;0;0;0;0;0;0;0;0;0;0;0;0;0;0;0;0;0;0;0;0;0;0;0;0;0;0;0;0;0;0;0;0;0;0;0;0;0;0;0;0;0;0;0;0;0;0;0;0;0;0;0;0;0;0;0;0;0;0;0;0;0;0;0;0;0;0;0;2;0;2;0;0;0;2;2013-09-15 14:00:00;1975;0;0;0;0;0;-1;1;-1;-1;-1;-1;-1;-1;0;0;1;1;0;2;-1;0;0;0;0;0;0;0;0;0;0;0;0;0;1;1;0;2;-1;-1;0;0;-1;-1;-1;-1;-1;-1;-1;-1;-1;0;17;42;42;100;25;100;42;17;0;0;6.17;2;Bela Krajina;Radomlje;0.31;1.77;0;3;0;2.4;100;84;59;59;0;0;0;0;0;0;0;438;27;Y;Y;N;N;N;N;N
115405;1975;1967;2013/2014;complete;619;7;-1;57,79;47;2;1;3;-1;-1;-1;-1;-1;1;0;0;0;-1;-1;-1;-1;-1;-1;-1;-1;-1;-1;1;0;0;0;0;0;0;0;0;0;0;0;0;0;0;0;0;0;0;0;0;0;0;0;0;0;0;0;0;0;0;0;0;0;0;0;0;0;0;0;0;0;0;0;0;0;0;0;0;0;0;0;0;0;0;0;0;0;0;0;0;0;0;0;0;0;0;0;0;0;3;0;0;2;1;3;0;2013-09-21 14:00:00;1975;0;33;17;17;0;-1;1;-1;-1;-1;-1;-1;-1;0;0;1;0;0;1;-1;0;0;0;0;0;0;0;0;0;0;0;0;0;1;1;0;0;-1;-1;0;0;-1;-1;-1;-1;-1;-1;-1;-1;-1;34;50;67;84;100;50;67;84;84;0;0;4.67;3.67;Radomlje;Ankaran Hrvatini;1.93;1.36;2;1;2.5;1.17;67;50;34;17;0;0;0;0;0;0;0;438;27;Y;Y;Y;N;N;N;Y
115406;1973;2002;2013/2014;complete;619;7;-1;65,70,83;;3;0;3;-1;-1;-1;-1;-1;1;2;0;1;-1;-1;-1;-1;-1;-1;-1;-1;-1;-1;1;3;0;0;0;0;0;0;0;0;0;0;0;0;0;0;0;0;0;0;0;0;0;0;0;0;0;0;0;0;0;0;0;0;0;0;0;0;0;0;0;0;0;0;0;0;0;0;0;0;0;0;0;0;0;0;0;0;0;0;0;0;0;0;0;0;0;0;0;0;3;0;0;3;0;3;0;2013-09-21 14:00:00;1973;0;59;17;42;0;-1;1;-1;-1;-1;-1;-1;-1;0;2;1;1;2;2;-1;0;0;0;0;0;0;0;0;0;0;0;0;0;1;1;0;0;-1;-1;0;0;-1;-1;-1;-1;-1;-1;-1;-1;-1;42;59;59;59;84;59;84;59;59;0;0;6.5;3.84;Krško;Bela Krajina;2;0.14;2.33;0;1.17;0;59;42;42;42;17;0;0;0;0;0;0;438;27;Y;Y;Y;N;N;N;N
115407;1999;1993;2013/2014;complete;619;7;-1;;5,65,73;0;3;3;-1;-1;-1;-1;-1;1;5;0;0;-1;-1;-1;-1;-1;-1;-1;-1;-1;-1;1;5;0;0;0;0;0;0;0;0;0;0;0;0;0;0;0;0;0;0;0;0;0;0;0;0;0;0;0;0;0;0;0;0;0;0;0;0;0;0;0;0;0;0;0;0;0;0;0;0;0;0;0;0;0;0;0;0;0;0;0;0;0;0;0;0;0;0;0;0;3;0;1;0;2;2;1;2013-09-21 14:00:00;1993;0;50;25;25;0;-1;1;-1;-1;-1;-1;-1;-1;1;3;0;2;4;2;-1;0;0;0;0;0;0;0;0;0;0;0;0;0;1;1;0;1;-1;-1;0;1;-1;-1;-1;-1;-1;-1;-1;-1;-1;50;100;100;100;100;100;100;100;75;0;0;4;5.5;Šencur;Veržej;2.23;1.62;3;0;1.17;1.5;50;0;0;0;0;0;0;0;0;0;0;438;27;Y;Y;Y;N;N;N;N
115408;1971;1994;2013/2014;complete;619;7;-1;49;12;1;1;2;-1;-1;-1;-1;-1;2;5;0;0;-1;-1;-1;-1;-1;-1;-1;-1;-1;-1;2;5;0;0;0;0;0;0;0;0;0;0;0;0;0;0;0;0;0;0;0;0;0;0;0;0;0;0;0;0;0;0;0;0;0;0;0;0;0;0;0;0;0;0;0;0;0;0;0;0;0;0;0;0;0;0;0;0;0;0;0;0;0;0;0;0;0;0;0;0;2;0;1;1;0;1;1;2013-09-22 14:00:00;-1;0;17;0;17;0;-1;1;-1;-1;-1;-1;-1;-1;0;3;2;2;3;4;-1;0;0;0;0;0;0;0;0;0;0;0;0;0;1;1;0;0;-1;-1;0;0;-1;-1;-1;-1;-1;-1;-1;-1;-1;17;34;75;75;100;75;75;100;34;0;0;5.5;3.34;Aluminij;Dob;1.86;2;1.5;2;1.83;2.5;84;67;25;25;0;0;0;0;0;0;0;438;27;Y;Y;N;N;N;N;Y
115409;2003;2000;2013/2014;complete;619;7;-1;34;16,25,58;1;3;4;-1;-1;-1;-1;-1;1;1;0;0;-1;-1;-1;-1;-1;-1;-1;-1;-1;-1;1;1;0;0;0;0;0;0;0;0;0;0;0;0;0;0;0;0;0;0;0;0;0;0;0;0;0;0;0;0;0;0;0;0;0;0;0;0;0;0;0;0;0;0;0;0;0;0;0;0;0;0;0;0;0;0;0;0;0;0;0;0;0;0;0;0;0;0;0;0;4;1;2;0;1;1;3;2013-09-22 14:00:00;2000;0;75;0;75;0;-1;1;-1;-1;-1;-1;-1;-1;1;0;0;1;1;1;-1;0;0;0;0;0;0;0;0;0;0;0;0;0;1;1;0;0;-1;-1;0;0;-1;-1;-1;-1;-1;-1;-1;-1;-1;50;75;75;75;100;50;100;75;75;0;0;5;4.25;Šampion Celje;Šmartno;0.92;1.08;2;1.5;0.67;2;50;25;25;25;0;0;0;0;0;0;0;438;27;Y;Y;Y;Y;N;N;Y
115410;1967;1994;2013/2014;complete;619;8;-1;10;10,55;1;2;3;-1;-1;-1;-1;-1;4;1;0;0;-1;-1;-1;-1;-1;-1;-1;-1;-1;-1;4;1;0;0;0;0;0;0;0;0;0;0;0;0;0;0;0;0;0;0;0;0;0;0;0;0;0;0;0;0;0;0;0;0;0;0;0;0;0;0;0;0;0;0;0;0;0;0;0;0;0;0;0;0;0;0;0;0;0;0;0;0;0;0;0;0;0;0;0;0;3;1;1;0;1;1;2;2013-09-28 14:00:00;1994;0;59;34;46;0;-1;1;-1;-1;-1;-1;-1;-1;1;0;3;1;1;4;-1;0;0;0;0;0;0;0;0;0;0;0;0;0;1;1;1;1;-1;-1;0;0;-1;-1;-1;-1;-1;-1;-1;-1;-1;46;59;71;84;100;71;100;84;59;0;0;7.83;4;Ankaran Hrvatini;Dob;1.69;2;1.33;1.75;1;2.29;54;42;29;17;0;0;0;0;0;0;0;438;27;Y;Y;Y;N;N;N;Y
115411;1993;2003;2013/2014;complete;619;8;-1;21,40,67;6,33;3;2;5;-1;-1;-1;-1;-1;3;2;0;1;-1;-1;-1;-1;-1;-1;-1;-1;-1;-1;3;3;0;0;0;0;0;0;0;0;0;0;0;0;0;0;0;0;0;0;0;0;0;0;0;0;0;0;0;0;0;0;0;0;0;0;0;0;0;0;0;0;0;0;0;0;0;0;0;0;0;0;0;0;0;0;0;0;0;0;0;0;0;0;0;0;0;0;0;0;5;2;2;1;0;1;4;2013-09-28 14:00:00;1993;0;50;38;38;0;-1;1;-1;-1;-1;-1;-1;-1;0;2;3;1;2;4;-1;0;0;0;0;0;0;0;0;0;0;0;0;0;1;1;0;1;-1;-1;0;0;-1;-1;-1;-1;-1;-1;-1;-1;-1;38;50;75;88;100;63;75;100;63;0;0;5.5;4.25;Veržej;Šampion Celje;1.86;0.71;2.25;0;1.71;0.57;63;50;25;13;0;0;0;0;0;0;0;438;27;Y;Y;Y;Y;Y;N;Y
115412;1975;1973;2013/2014;complete;619;8;-1;78;45;1;1;2;-1;-1;-1;-1;-1;1;3;0;0;-1;-1;-1;-1;-1;-1;-1;-1;-1;-1;1;3;0;0;0;0;0;0;0;0;0;0;0;0;0;0;0;0;0;0;0;0;0;0;0;0;0;0;0;0;0;0;0;0;0;0;0;0;0;0;0;0;0;0;0;0;0;0;0;0;0;0;0;0;0;0;0;0;0;0;0;0;0;0;0;0;0;0;0;0;2;0;1;1;0;1;1;2013-09-28 14:00:00;-1;0;42;0;42;0;-1;1;-1;-1;-1;-1;-1;-1;0;1;1;2;1;3;-1;0;0;0;0;0;0;0;0;0;0;0;0;0;1;1;0;0;-1;-1;0;0;-1;-1;-1;-1;-1;-1;-1;-1;-1;42;42;67;84;100;42;59;100;67;0;0;5;3.59;Radomlje;Krško;1.93;0.71;2.25;0;2.57;1.43;59;59;34;17;0;0;0;0;0;0;0;438;27;Y;Y;N;N;N;N;Y
115413;2000;1971;2013/2014;complete;619;8;-1;;;0;0;0;-1;-1;-1;-1;-1;3;6;0;3;-1;-1;-1;-1;-1;-1;-1;-1;-1;-1;3;10;0;0;0;0;0;0;0;0;0;0;0;0;0;0;0;0;0;0;0;0;0;0;0;0;0;0;0;0;0;0;0;0;0;0;0;0;0;0;0;0;0;0;0;0;0;0;0;0;0;0;0;0;0;0;0;0;0;0;0;0;0;0;0;0;0;0;0;0;0;0;0;0;0;0;0;2013-09-29 14:00:00;-1;0;38;13;25;0;-1;1;-1;-1;-1;-1;-1;-1;0;1;3;8;1;11;-1;0;0;0;0;0;0;0;0;0;0;0;0;0;1;1;0;0;-1;-1;0;0;-1;-1;-1;-1;-1;-1;-1;-1;-1;13;50;50;63;88;25;75;63;50;0;0;3.75;2.63;Šmartno;Aluminij;1.64;1.62;2.25;2;2.14;1.71;88;50;50;38;13;0;0;0;0;0;0;438;27;N;N;N;N;N;N;N
115414;2002;1999;2013/2014;complete;619;8;-1;;;0;0;0;-1;-1;-1;-1;-1;1;1;0;0;-1;-1;-1;-1;-1;-1;-1;-1;-1;-1;1;1;0;0;0;0;0;0;0;0;0;0;0;0;0;0;0;0;0;0;0;0;0;0;0;0;0;0;0;0;0;0;0;0;0;0;0;0;0;0;0;0;0;0;0;0;0;0;0;0;0;0;0;0;0;0;0;0;0;0;0;0;0;0;0;0;0;0;0;0;0;0;0;0;0;0;0;2013-09-29 14:00:00;-1;0;38;38;25;0;-1;1;-1;-1;-1;-1;-1;-1;0;1;1;0;1;1;-1;0;0;0;0;0;0;0;0;0;0;0;0;0;1;1;0;0;-1;-1;0;0;-1;-1;-1;-1;-1;-1;-1;-1;-1;25;50;50;63;100;50;88;63;50;0;0;6.25;3;Bela Krajina;Šencur;0.31;0.14;0;0.25;0;1;75;50;50;38;0;0;0;0;0;0;0;438;27;N;N;N;N;N;N;N
115415;1999;1975;2013/2014;complete;619;9;-1;26,76,89;;3;0;3;-1;-1;-1;-1;-1;3;3;0;0;-1;-1;-1;-1;-1;-1;-1;-1;-1;-1;3;3;0;0;0;0;0;0;0;0;0;0;0;0;0;0;0;0;0;0;0;0;0;0;0;0;0;0;0;0;0;0;0;0;0;0;0;0;0;0;0;0;0;0;0;0;0;0;0;0;0;0;0;0;0;0;0;0;0;0;0;0;0;0;0;0;0;0;0;0;3;1;0;2;0;2;1;2013-10-04 17:00:00;1999;0;17;17;17;0;-1;1;-1;-1;-1;-1;-1;-1;0;1;3;2;1;5;-1;0;0;0;0;0;0;0;0;0;0;0;0;0;1;1;0;0;-1;-1;0;0;-1;-1;-1;-1;-1;-1;-1;-1;-1;17;34;67;84;100;67;100;67;50;0;0;4.34;3.67;Šencur;Radomlje;2.23;1.77;2;3;1;2.38;84;67;34;17;0;0;0;0;0;0;0;438;27;Y;Y;Y;N;N;N;N
115416;1973;1967;2013/2014;complete;619;9;-1;59;45;1;1;2;-1;-1;-1;-1;-1;1;3;0;0;-1;-1;-1;-1;-1;-1;-1;-1;-1;-1;1;3;0;0;0;0;0;0;0;0;0;0;0;0;0;0;0;0;0;0;0;0;0;0;0;0;0;0;0;0;0;0;0;0;0;0;0;0;0;0;0;0;0;0;0;0;0;0;0;0;0;0;0;0;0;0;0;0;0;0;0;0;0;0;0;0;0;0;0;0;2;0;1;1;0;1;1;2013-10-05 13:30:00;-1;0;50;25;25;0;-1;1;-1;-1;-1;-1;-1;-1;1;1;0;2;2;2;-1;0;0;0;0;0;0;0;0;0;0;0;0;0;1;1;0;0;-1;-1;0;0;-1;-1;-1;-1;-1;-1;-1;-1;-1;13;38;63;75;88;38;50;75;75;0;0;3.75;3;Krško;Ankaran Hrvatini;2;1.36;2.5;0.75;1.38;0.88;88;63;38;25;13;0;0;0;0;0;0;438;27;Y;Y;N;N;N;N;Y
115417;1994;2000;2013/2014;complete;619;9;-1;52,68,70,89;83;4;1;5;-1;-1;-1;-1;-1;1;2;0;0;-1;-1;-1;-1;-1;-1;-1;-1;-1;-1;1;2;0;0;0;0;0;0;0;0;0;0;0;0;0;0;0;0;0;0;0;0;0;0;0;0;0;0;0;0;0;0;0;0;0;0;0;0;0;0;0;0;0;0;0;0;0;0;0;0;0;0;0;0;0;0;0;0;0;0;0;0;0;0;0;0;0;0;0;0;5;0;0;4;1;5;0;2013-10-05 13:30:00;1994;0;34;17;17;0;-1;1;-1;-1;-1;-1;-1;-1;0;1;1;1;1;2;-1;0;0;0;0;0;0;0;0;0;0;0;0;0;1;1;0;0;-1;-1;0;0;-1;-1;-1;-1;-1;-1;-1;-1;-1;17;34;34;34;100;34;67;67;17;0;0;5.33;2.5;Dob;Šmartno;2.64;1.08;3;2;2.38;2;84;67;67;67;0;0;0;0;0;0;0;438;27;Y;Y;Y;Y;Y;N;Y
115418;1971;1993;2013/2014;complete;619;9;-1;;19;0;1;1;-1;-1;-1;-1;-1;2;5;1;0;-1;-1;-1;-1;-1;-1;-1;-1;-1;-1;4;5;0;0;0;0;0;0;0;0;0;0;0;0;0;0;0;0;0;0;0;0;0;0;0;0;0;0;0;0;0;0;0;0;0;0;0;0;0;0;0;0;0;0;0;0;0;0;0;0;0;0;0;0;0;0;0;0;0;0;0;0;0;0;0;0;0;0;0;0;1;0;1;0;0;0;1;2013-10-06 14:00:00;1993;0;33;0;0;0;-1;1;-1;-1;-1;-1;-1;-1;0;3;3;2;3;5;-1;0;0;0;0;0;0;0;0;0;0;0;0;0;1;1;0;0;-1;-1;0;0;-1;-1;-1;-1;-1;-1;-1;-1;-1;17;34;67;84;100;50;84;100;34;0;0;5.33;3;Aluminij;Veržej;1.86;1.62;1.33;1;1.63;1.88;84;67;34;17;0;0;0;0;0;0;0;438;27;Y;N;N;N;N;N;N
115419;2003;2002;2013/2014;complete;619;9;-1;;;0;0;0;-1;-1;-1;-1;-1;2;5;1;0;-1;-1;-1;-1;-1;-1;-1;-1;-1;-1;3;5;0;0;0;0;0;0;0;0;0;0;0;0;0;0;0;0;0;0;0;0;0;0;0;0;0;0;0;0;0;0;0;0;0;0;0;0;0;0;0;0;0;0;0;0;0;0;0;0;0;0;0;0;0;0;0;0;0;0;0;0;0;0;0;0;0;0;0;0;0;0;0;0;0;0;0;2013-10-08 15:30:00;-1;0;67;17;50;0;-1;1;-1;-1;-1;-1;-1;-1;0;1;3;4;1;7;-1;0;0;0;0;0;0;0;0;0;0;0;0;0;1;1;0;0;-1;-1;0;0;-1;-1;-1;-1;-1;-1;-1;-1;-1;33;67;84;84;100;50;84;84;67;0;0;4.33;4;Šampion Celje;Bela Krajina;0.92;0.14;1.33;0;0.5;0.13;67;34;17;17;0;0;0;0;0;0;0;438;27;N;N;N;N;N;N;N
115420;1967;2000;2013/2014;complete;619;10;-1;24,85;19,63;2;2;4;-1;-1;-1;-1;-1;3;1;0;0;-1;-1;-1;-1;-1;-1;-1;-1;-1;-1;3;1;0;0;0;0;0;0;0;0;0;0;0;0;0;0;0;0;0;0;0;0;0;0;0;0;0;0;0;0;0;0;0;0;0;0;0;0;0;0;0;0;0;0;0;0;0;0;0;0;0;0;0;0;0;0;0;0;0;0;0;0;0;0;0;0;0;0;0;0;4;1;1;1;1;2;2;2013-10-12 13:30:00;-1;0;75;50;50;0;-1;1;-1;-1;-1;-1;-1;-1;1;0;2;1;1;3;-1;0;0;0;0;0;0;0;0;2;0;2;0;0;1;1;0;0;-1;-1;0;0;-1;-1;-1;-1;-1;-1;-1;-1;-1;50;63;75;75;100;63;88;75;50;0;0;7;4;Ankaran Hrvatini;Šmartno;1.69;1.08;1;1.5;0.89;1.78;50;38;25;25;0;0;0;0;0;0;0;438;27;Y;Y;Y;Y;N;N;Y
115421;1994;1993;2013/2014;complete;619;10;-1;37;;1;0;1;-1;-1;-1;-1;-1;2;0;0;0;-1;-1;-1;-1;-1;-1;-1;-1;-1;-1;2;0;0;0;0;0;0;0;0;0;0;0;0;0;0;0;0;0;0;0;0;0;0;0;0;0;0;0;0;0;0;0;0;0;0;0;0;0;0;0;0;0;0;0;0;0;0;0;0;0;0;0;0;0;0;0;0;0;0;0;0;0;0;0;0;0;0;0;0;0;1;1;0;0;0;0;1;2013-10-12 13:30:00;1994;0;25;0;13;0;-1;1;-1;-1;-1;-1;-1;-1;0;0;2;0;0;2;-1;0;0;0;0;0;0;0;0;0;0;0;0;0;1;1;0;0;-1;-1;0;0;-1;-1;-1;-1;-1;-1;-1;-1;-1;25;38;50;50;100;25;63;75;38;0;0;5.5;2.63;Dob;Veržej;2.64;1.62;3;1.5;2.44;2;75;63;50;50;0;0;0;0;0;0;0;438;27;Y;N;N;N;N;N;N
115422;1999;1973;2013/2014;complete;619;10;-1;13,27,65,69;90;4;1;5;-1;-1;-1;-1;-1;1;2;1;0;-1;-1;-1;-1;-1;-1;-1;-1;-1;-1;3;2;0;0;0;0;0;0;0;0;0;0;0;0;0;0;0;0;0;0;0;0;0;0;0;0;0;0;0;0;0;0;0;0;0;0;0;0;0;0;0;0;0;0;0;0;0;0;0;0;0;0;0;0;0;0;0;0;0;0;0;0;0;0;0;0;0;0;0;0;5;2;0;2;1;3;2;2013-10-12 17:00:00;1999;0;38;13;25;0;-1;1;-1;-1;-1;-1;-1;-1;1;1;1;1;2;2;-1;0;0;0;0;0;0;0;2;0;2;0;0;0;1;1;0;0;-1;-1;0;0;-1;-1;-1;-1;-1;-1;-1;-1;-1;25;38;63;88;100;38;88;100;63;0;0;4.67;3.63;Šencur;Krško;2.23;0.71;2.25;0.25;1.22;1.33;75;63;38;13;0;0;0;0;0;0;0;438;27;Y;Y;Y;Y;Y;N;Y
115423;1971;2002;2013/2014;complete;619;10;-1;29,58;70;2;1;3;-1;-1;-1;-1;-1;0;1;0;0;-1;-1;-1;-1;-1;-1;-1;-1;-1;-1;0;1;0;0;0;0;0;0;0;0;0;0;0;0;0;0;0;0;0;0;0;0;0;0;0;0;0;0;0;0;0;0;0;0;0;0;0;0;0;0;0;0;0;0;0;0;0;0;0;0;0;0;0;0;0;0;0;0;0;0;0;0;0;0;0;0;0;0;0;0;3;1;0;1;1;2;1;2013-10-13 13:30:00;1971;0;25;0;13;0;-1;1;-1;-1;-1;-1;-1;-1;0;1;0;0;1;0;-1;0;0;0;0;0;0;0;0;0;0;0;0;0;1;1;0;0;-1;-1;0;0;-1;-1;-1;-1;-1;-1;-1;-1;-1;13;13;38;50;88;25;63;63;25;0;0;6.5;2.25;Aluminij;Bela Krajina;1.86;0.14;1;0.25;1.44;0.22;88;88;63;50;13;0;0;0;0;0;0;438;27;Y;Y;Y;N;N;N;Y
115424;2003;1975;2013/2014;complete;619;10;-1;9,23;4,27,45,54,55,78;2;6;8;-1;-1;-1;-1;-1;1;2;0;0;-1;-1;-1;-1;-1;-1;-1;-1;-1;-1;1;2;0;0;0;0;0;0;0;0;0;0;0;0;0;0;0;0;0;0;0;0;0;0;0;0;0;0;0;0;0;0;0;0;0;0;0;0;0;0;0;0;0;0;0;0;0;0;0;0;0;0;0;0;0;0;0;0;0;0;0;0;0;0;0;0;0;0;0;0;8;2;3;0;3;3;5;2013-10-13 13:30:00;1975;0;38;13;25;0;-1;1;-1;-1;-1;-1;-1;-1;0;1;1;1;1;2;-1;0;0;0;0;0;0;0;0;0;0;0;0;0;1;1;1;1;-1;-1;0;0;-1;-1;-1;-1;-1;-1;-1;-1;-1;13;38;63;75;88;50;88;63;38;0;0;4.42;2.75;Šampion Celje;Radomlje;0.92;1.77;1.25;2.25;0.56;2.11;88;63;38;25;13;0;0;0;0;0;0;438;27;Y;Y;Y;Y;Y;Y;Y
115425;1999;1967;2013/2014;complete;619;11;-1;17,53,61,76;;4;0;4;-1;-1;-1;-1;-1;5;3;0;0;-1;-1;-1;-1;-1;-1;-1;-1;-1;-1;5;3;0;0;0;0;0;0;0;0;0;0;0;0;0;0;0;0;0;0;0;0;0;0;0;0;0;0;0;0;0;0;0;0;0;0;0;0;0;0;0;0;0;0;0;0;0;0;0;0;0;0;0;0;0;0;0;0;0;0;0;0;0;0;0;0;0;0;0;0;4;1;0;3;0;3;1;2013-10-18 17:00:00;1999;0;50;20;30;0;-1;1;-1;-1;-1;-1;-1;-1;2;1;3;2;3;5;-1;0;0;0;0;0;0;0;0;0;0;0;0;0;1;1;0;0;-1;-1;0;0;-1;-1;-1;-1;-1;-1;-1;-1;-1;20;40;70;90;100;40;80;90;80;0;0;3.8;3.6;Šencur;Ankaran Hrvatini;2.23;1.36;2.4;0.8;1.4;0.9;80;60;30;10;0;0;0;0;0;0;0;438;27;Y;Y;Y;Y;N;N;N
115426;1993;2000;2013/2014;complete;619;11;-1;57;29;1;1;2;-1;-1;-1;-1;-1;4;3;0;0;-1;-1;-1;-1;-1;-1;-1;-1;-1;-1;4;3;0;0;0;0;0;0;0;0;0;0;0;0;0;0;0;0;0;0;0;0;0;0;0;0;0;0;0;0;0;0;0;0;0;0;0;0;0;0;0;0;0;0;0;0;0;0;0;0;0;0;0;0;0;0;0;0;0;0;0;0;0;0;0;0;0;0;0;0;2;0;1;1;0;1;1;2013-10-19 13:00:00;-1;0;70;40;40;0;-1;1;-1;-1;-1;-1;-1;-1;1;2;3;1;3;4;-1;0;0;0;0;0;0;0;0;0;0;0;0;0;1;1;0;0;-1;-1;0;0;-1;-1;-1;-1;-1;-1;-1;-1;-1;40;70;80;90;100;70;90;90;50;0;0;5.6;4.2;Veržej;Šmartno;1.86;1.08;2.4;1.4;1.8;1.7;60;30;20;10;0;0;0;0;0;0;0;438;27;Y;Y;N;N;N;N;Y
115427;1973;2003;2013/2014;complete;619;11;-1;22,76;18;2;1;3;-1;-1;-1;-1;-1;0;2;0;0;-1;-1;-1;-1;-1;-1;-1;-1;-1;-1;0;2;0;0;0;0;0;0;0;0;0;0;0;0;0;0;0;0;0;0;0;0;0;0;0;0;0;0;0;0;0;0;0;0;0;0;0;0;0;0;0;0;0;0;0;0;0;0;0;0;0;0;0;0;0;0;0;0;0;0;0;0;0;0;0;0;0;0;0;0;3;1;1;1;0;1;2;2013-10-20 13:00:00;1973;0;60;40;30;0;-1;1;-1;-1;-1;-1;-1;-1;0;1;0;1;1;1;-1;0;0;0;0;0;0;0;0;0;0;0;0;0;1;1;0;0;-1;-1;0;0;-1;-1;-1;-1;-1;-1;-1;-1;-1;40;50;70;80;90;50;60;90;60;0;0;4.6;3.9;Krško;Šampion Celje;2;0.71;2.2;0;1.2;0.5;60;50;30;20;10;0;0;0;0;0;0;438;27;Y;Y;Y;N;N;N;Y
115428;1975;1971;2013/2014;complete;619;11;-1;;87;0;1;1;-1;-1;-1;-1;-1;4;5;0;0;-1;-1;-1;-1;-1;-1;-1;-1;-1;-1;4;5;0;0;0;0;0;0;0;0;0;0;0;0;0;0;0;0;0;0;0;0;0;0;0;0;0;0;0;0;0;0;0;0;0;0;0;0;0;0;0;0;0;0;0;0;0;0;0;0;0;0;0;0;0;0;0;0;0;0;0;0;0;0;0;0;0;0;0;0;1;0;0;0;1;1;0;2013-10-20 13:00:00;1971;0;40;0;30;0;-1;1;-1;-1;-1;-1;-1;-1;3;2;1;3;5;4;-1;0;0;0;0;0;0;0;0;0;0;0;0;0;1;1;0;0;-1;-1;1;0;-1;-1;-1;-1;-1;-1;-1;-1;-1;20;40;60;70;80;20;60;70;60;0;0;5.8;2.9;Radomlje;Aluminij;1.93;1.62;2;1.8;2.2;1.6;80;60;40;30;20;0;0;0;0;0;0;438;27;Y;N;N;N;N;N;N
115429;2002;1994;2013/2014;complete;619;11;-1;;22,90;0;2;2;-1;-1;-1;-1;-1;4;3;1;0;-1;-1;-1;-1;-1;-1;-1;-1;-1;-1;6;3;0;0;0;0;0;0;0;0;0;0;0;0;0;0;0;0;0;0;0;0;0;0;0;0;0;0;0;0;0;0;0;0;0;0;0;0;0;0;0;0;0;0;0;0;0;0;0;0;0;0;0;0;0;0;0;0;0;0;0;0;0;0;0;0;0;0;0;0;2;0;1;0;1;1;1;2013-10-20 13:00:00;1994;0;30;10;10;0;-1;1;-1;-1;-1;-1;-1;-1;1;2;4;1;3;5;-1;0;0;0;0;0;0;0;0;0;0;0;0;0;1;1;0;0;-1;-1;0;0;-1;-1;-1;-1;-1;-1;-1;-1;-1;10;30;50;70;90;50;90;60;30;0;0;5;2.7;Bela Krajina;Dob;0.31;2;0.2;2;0.2;2.5;90;70;50;30;10;0;0;0;0;0;0;438;27;Y;Y;N;N;N;N;N
115430;2003;1999;2013/2014;complete;619;12;-1;27,29,41;68,70;3;2;5;-1;-1;-1;-1;-1;2;2;0;0;-1;-1;-1;-1;-1;-1;-1;-1;-1;-1;2;2;0;0;0;0;0;0;0;0;0;0;0;0;0;0;0;0;0;0;0;0;0;0;0;0;0;0;0;0;0;0;0;0;0;0;0;0;0;0;0;0;0;0;0;0;0;0;0;0;0;0;0;0;0;0;0;0;0;0;0;0;0;0;0;0;0;0;0;0;5;3;0;0;2;2;3;2013-10-25 16:00:00;2003;0;70;50;40;0;-1;1;-1;-1;-1;-1;-1;-1;0;0;2;2;0;4;-1;0;0;0;0;0;0;0;0;0;0;0;0;0;1;1;0;0;-1;-1;0;0;-1;-1;-1;-1;-1;-1;-1;-1;-1;40;70;70;70;80;60;70;80;60;0;0;4.9;3.7;Šampion Celje;Šencur;0.92;0.14;1;0.4;0.45;1.55;60;30;30;30;20;0;0;0;0;0;0;438;27;Y;Y;Y;Y;Y;N;Y
115431;1967;1993;2013/2014;complete;619;12;-1;17,29,37,61,82,90;33,53;6;2;8;-1;-1;-1;-1;-1;1;4;0;0;-1;-1;-1;-1;-1;-1;-1;-1;-1;-1;1;4;0;0;0;0;0;0;0;0;0;0;0;0;0;0;0;0;0;0;0;0;0;0;0;0;0;0;0;0;0;0;0;0;0;0;0;0;0;0;0;0;0;0;0;0;0;0;0;0;0;0;0;0;0;0;0;0;0;0;0;0;0;0;0;0;0;0;0;0;8;3;1;3;1;4;4;2013-10-26 12:00:00;1967;0;50;40;30;0;-1;1;-1;-1;-1;-1;-1;-1;1;2;0;2;3;2;-1;0;0;0;0;0;0;0;1;0;1;0;0;0;1;1;0;0;-1;-1;0;0;-1;-1;-1;-1;-1;-1;-1;-1;-1;30;50;70;70;100;60;100;70;50;0;0;6.8;3.3;Ankaran Hrvatini;Veržej;1.69;1.62;1;1.2;0.82;1.73;70;50;30;30;0;0;0;0;0;0;0;438;27;Y;Y;Y;Y;Y;Y;Y
115432;1994;1975;2013/2014;complete;619;12;-1;69,79;90;2;1;3;-1;-1;-1;-1;-1;2;1;0;0;-1;-1;-1;-1;-1;-1;-1;-1;-1;-1;2;1;0;0;0;0;0;0;0;0;0;0;0;0;0;0;0;0;0;0;0;0;0;0;0;0;0;0;0;0;0;0;0;0;0;0;0;0;0;0;0;0;0;0;0;0;0;0;0;0;0;0;0;0;0;0;0;0;0;0;0;0;0;0;0;0;0;0;0;0;3;0;0;2;1;3;0;2013-10-26 12:00:00;1994;0;20;10;10;0;-1;1;-1;-1;-1;-1;-1;-1;1;0;1;1;1;2;-1;0;0;0;0;0;0;0;0;0;0;0;0;0;1;1;0;0;-1;-1;0;0;-1;-1;-1;-1;-1;-1;-1;-1;-1;20;20;40;50;100;30;70;60;30;0;0;4.6;2.6;Dob;Radomlje;2.64;1.77;3;2.4;2.55;2;80;80;60;50;0;0;0;0;0;0;0;438;27;Y;Y;Y;N;N;N;Y
115433;2000;2002;2013/2014;complete;619;12;-1;72;37;1;1;2;-1;-1;-1;-1;-1;2;4;0;0;-1;-1;-1;-1;-1;-1;-1;-1;-1;-1;2;4;0;0;0;0;0;0;0;0;0;0;0;0;0;0;0;0;0;0;0;0;0;0;0;0;0;0;0;0;0;0;0;0;0;0;0;0;0;0;0;0;0;0;0;0;0;0;0;0;0;0;0;0;0;0;0;0;0;0;0;0;0;0;0;0;0;0;0;0;2;0;1;1;0;1;1;2013-10-27 13:00:00;-1;0;40;10;30;0;-1;1;-1;-1;-1;-1;-1;-1;1;2;1;2;3;3;-1;0;0;0;0;0;0;0;0;0;0;0;0;0;1;1;0;0;-1;-1;0;0;-1;-1;-1;-1;-1;-1;-1;-1;-1;20;30;50;60;80;30;60;60;50;0;0;5.2;2.6;Šmartno;Bela Krajina;1.64;0.14;2;0.2;1.64;0.18;80;70;50;40;20;0;0;0;0;0;0;438;27;Y;Y;N;N;N;N;Y
115434;1971;1973;2013/2014;complete;619;12;-1;2,90;39;2;1;3;-1;-1;-1;-1;-1;5;7;1;0;-1;-1;-1;-1;-1;-1;-1;-1;-1;-1;6;7;0;0;0;0;0;0;0;0;0;0;0;0;0;0;0;0;0;0;0;0;0;0;0;0;0;0;0;0;0;0;0;0;0;0;0;0;0;0;0;0;0;0;0;0;0;0;0;0;0;0;0;0;0;0;0;0;0;0;0;0;0;0;0;0;0;0;0;0;3;1;1;1;0;1;2;2013-10-27 13:00:00;1971;0;50;0;30;0;-1;1;-1;-1;-1;-1;-1;-1;1;3;5;4;4;9;-1;0;0;0;0;0;0;0;1;1;1;1;0;0;1;1;1;0;-1;-1;0;0;-1;-1;-1;-1;-1;-1;-1;-1;-1;20;20;40;70;100;30;80;90;30;0;0;4.7;2.5;Aluminij;Krško;1.86;0.71;1.4;0.2;1.73;1.36;80;80;60;30;0;0;0;0;0;0;0;438;27;Y;Y;Y;N;N;N;Y
115435;1999;1971;2013/2014;complete;619;13;-1;40,51,70;21,60,76;3;3;6;-1;-1;-1;-1;-1;2;3;0;0;-1;-1;-1;-1;-1;-1;-1;-1;-1;-1;2;3;0;0;0;0;0;0;0;0;0;0;0;0;0;0;0;0;0;0;0;0;0;0;0;0;0;0;0;0;0;0;0;0;0;0;0;0;0;0;0;0;0;0;0;0;0;0;0;0;0;0;0;0;0;0;0;0;0;0;0;0;0;0;0;0;0;0;0;0;6;1;1;2;2;4;2;2013-11-02 17:00:00;-1;0;25;9;25;0;-1;1;-1;-1;-1;-1;-1;-1;0;3;2;0;3;2;-1;0;0;0;0;0;0;0;0;0;0;0;0;0;1;1;0;0;-1;-1;0;0;-1;-1;-1;-1;-1;-1;-1;-1;-1;17;50;67;67;84;25;75;75;67;0;0;6.5;3.17;Šencur;Aluminij;2.23;1.62;2.5;2;1.42;1.83;84;50;34;34;17;0;0;0;0;0;0;438;27;Y;Y;Y;Y;Y;Y;Y
115436;2003;1967;2013/2014;complete;619;13;-1;;66;0;1;1;-1;-1;-1;-1;-1;2;4;0;0;-1;-1;-1;-1;-1;-1;-1;-1;-1;-1;2;4;0;0;0;0;0;0;0;0;0;0;0;0;0;0;0;0;0;0;0;0;0;0;0;0;0;0;0;0;0;0;0;0;0;0;0;0;0;0;0;0;0;0;0;0;0;0;0;0;0;0;0;0;0;0;0;0;0;0;0;0;0;0;0;0;0;0;0;0;1;0;0;0;1;1;0;2013-11-03 13:00:00;1967;0;67;25;25;0;-1;1;-1;-1;-1;-1;-1;-1;1;3;1;1;4;2;-1;0;0;0;0;0;0;0;0;0;0;0;0;0;1;1;0;0;-1;-1;0;0;-1;-1;-1;-1;-1;-1;-1;-1;-1;25;58;67;83;92;42;75;83;67;0;0;3.43;3.5;Šampion Celje;Ankaran Hrvatini;0.92;1.36;1.33;0.67;0.67;1;75;42;34;17;9;0;0;0;0;0;0;438;27;Y;N;N;N;N;N;N
115437;1973;1994;2013/2014;complete;619;13;-1;;90;0;1;1;-1;-1;-1;-1;-1;4;2;0;0;-1;-1;-1;-1;-1;-1;-1;-1;-1;-1;4;2;0;0;0;0;0;0;0;0;0;0;0;0;0;0;0;0;0;0;0;0;0;0;0;0;0;0;0;0;0;0;0;0;0;0;0;0;0;0;0;0;0;0;0;0;0;0;0;0;0;0;0;0;0;0;0;0;0;0;0;0;0;0;0;0;0;0;0;0;1;0;0;0;1;1;0;2013-11-03 13:00:00;1994;0;59;25;17;0;-1;1;-1;-1;-1;-1;-1;-1;2;0;2;2;2;4;-1;0;0;0;0;0;0;0;0;0;0;0;0;0;1;1;0;0;-1;-1;1;0;-1;-1;-1;-1;-1;-1;-1;-1;-1;17;33;67;92;92;59;84;92;42;0;0;4.83;3.34;Krško;Dob;2;2;2.33;2.17;1.25;2.58;83;67;33;9;9;0;0;0;0;0;0;438;27;Y;N;N;N;N;N;N
115438;1975;2000;2013/2014;complete;619;13;-1;39;76;1;1;2;-1;-1;-1;-1;-1;2;1;0;0;-1;-1;-1;-1;-1;-1;-1;-1;-1;-1;2;1;0;0;0;0;0;0;0;0;0;0;0;0;0;0;0;0;0;0;0;0;0;0;0;0;0;0;0;0;0;0;0;0;0;0;0;0;0;0;0;0;0;0;0;0;0;0;0;0;0;0;0;0;0;0;0;0;0;0;0;0;0;0;0;0;0;0;0;0;2;1;0;0;1;1;1;2013-11-03 13:00:00;-1;0;67;17;42;0;-1;1;-1;-1;-1;-1;-1;-1;0;1;2;0;1;2;-1;0;0;0;0;0;0;0;0;1;0;1;0;0;1;1;0;0;-1;-1;0;0;-1;-1;-1;-1;-1;-1;-1;-1;-1;33;50;67;83;100;42;67;92;59;0;0;5;3.67;Radomlje;Šmartno;1.93;1.08;1.67;1.33;1.83;1.58;67;50;33;17;0;0;0;0;0;0;0;438;27;Y;Y;N;N;N;N;Y
115439;2002;1993;2013/2014;complete;619;13;-1;;62,80,85;0;3;3;-1;-1;-1;-1;-1;3;2;2;0;-1;-1;-1;-1;-1;-1;-1;-1;-1;-1;6;2;0;0;0;0;0;0;0;0;0;0;0;0;0;0;0;0;0;0;0;0;0;0;0;0;0;0;0;0;0;0;0;0;0;0;0;0;0;0;0;0;0;0;0;0;0;0;0;0;0;0;0;0;0;0;0;0;0;0;0;0;0;0;0;0;0;0;0;0;3;0;0;0;3;3;0;2013-11-03 13:00:00;1993;0;17;9;9;0;-1;1;-1;-1;-1;-1;-1;-1;1;1;4;1;2;5;-1;0;0;0;0;0;0;0;0;0;0;0;0;0;1;1;0;0;-1;-1;0;0;-1;-1;-1;-1;-1;-1;-1;-1;-1;17;34;42;59;92;34;92;50;34;0;0;5.67;2.67;Bela Krajina;Veržej;0.31;1.62;0.17;1;0.25;1.58;84;67;58;42;9;0;0;0;0;0;0;438;27;Y;Y;Y;N;N;N;N
115440;1967;2002;2013/2014;complete;619;14;-1;11,57,66,82;;4;0;4;-1;-1;-1;-1;-1;0;1;0;0;-1;-1;-1;-1;-1;-1;-1;-1;-1;-1;0;1;0;0;0;0;0;0;0;0;0;0;0;0;0;0;0;0;0;0;0;0;0;0;0;0;0;0;0;0;0;0;0;0;0;0;0;0;0;0;0;0;0;0;0;0;0;0;0;0;0;0;0;0;0;0;0;0;0;0;0;0;0;0;0;0;0;0;0;0;4;1;0;3;0;3;1;2013-11-09 13:00:00;1967;0;67;42;50;0;-1;1;-1;-1;-1;-1;-1;-1;0;1;0;0;1;0;-1;0;0;0;0;0;0;0;0;0;0;0;0;0;1;1;0;0;-1;-1;0;0;-1;-1;-1;-1;-1;-1;-1;-1;-1;34;42;67;75;92;50;84;75;59;0;0;6.83;3.59;Ankaran Hrvatini;Bela Krajina;1.69;0.14;1.33;0.33;1.15;0.23;67;58;34;25;9;0;0;0;0;0;0;438;27;Y;Y;Y;Y;N;N;N
115441;1993;1975;2013/2014;complete;619;14;-1;29,32,41;12,30,72,85;3;4;7;-1;-1;-1;-1;-1;2;3;0;0;-1;-1;-1;-1;-1;-1;-1;-1;-1;-1;2;3;0;0;0;0;0;0;0;0;0;0;0;0;0;0;0;0;0;0;0;0;0;0;0;0;0;0;0;0;0;0;0;0;0;0;0;0;0;0;0;0;0;0;0;0;0;0;0;0;0;0;0;0;0;0;0;0;0;0;0;0;0;0;0;0;0;0;0;0;7;3;2;0;2;2;5;2013-11-09 13:00:00;1975;0;50;25;17;0;-1;1;-1;-1;-1;-1;-1;-1;1;2;1;1;3;2;-1;0;0;0;0;0;0;0;0;0;0;0;0;0;1;1;0;0;-1;-1;0;0;-1;-1;-1;-1;-1;-1;-1;-1;-1;25;34;67;92;100;59;92;84;42;0;0;5.66;3.58;Veržej;Radomlje;1.86;1.77;2.17;2;1.69;1.77;75;67;33;9;0;0;0;0;0;0;0;438;27;Y;Y;Y;Y;Y;Y;Y
115442;1994;1999;2013/2014;complete;619;14;-1;15,59;;2;0;2;-1;-1;-1;-1;-1;1;1;0;0;-1;-1;-1;-1;-1;-1;-1;-1;-1;-1;1;1;0;0;0;0;0;0;0;0;0;0;0;0;0;0;0;0;0;0;0;0;0;0;0;0;0;0;0;0;0;0;0;0;0;0;0;0;0;0;0;0;0;0;0;0;0;0;0;0;0;0;0;0;0;0;0;0;0;0;0;0;0;0;0;0;0;0;0;0;2;1;0;1;0;1;1;2013-11-09 13:00:00;1994;0;50;25;33;0;-1;1;-1;-1;-1;-1;-1;-1;0;1;1;0;1;1;-1;0;0;0;0;0;0;0;1;0;1;0;0;0;1;1;0;0;-1;-1;0;0;-1;-1;-1;-1;-1;-1;-1;-1;-1;34;42;50;50;92;34;50;75;50;0;0;5.17;2.75;Dob;Šencur;2.64;0.14;3;0.33;2.62;1.38;67;58;50;50;9;0;0;0;0;0;0;438;27;Y;Y;N;N;N;N;N
115443;1971;2003;2013/2014;complete;619;14;-1;12,31,35,75;;4;0;4;-1;-1;-1;-1;-1;2;1;0;0;-1;-1;-1;-1;-1;-1;-1;-1;-1;-1;2;1;0;0;0;0;0;0;0;0;0;0;0;0;0;0;0;0;0;0;0;0;0;0;0;0;0;0;0;0;0;0;0;0;0;0;0;0;0;0;0;0;0;0;0;0;0;0;0;0;0;0;0;0;0;0;0;0;0;0;0;0;0;0;0;0;0;0;0;0;4;3;0;1;0;1;3;2013-11-10 13:00:00;1971;0;59;42;25;0;-1;1;-1;-1;-1;-1;-1;-1;0;0;2;1;0;3;-1;0;0;0;0;0;0;0;0;0;0;0;0;0;1;1;0;0;-1;-1;0;0;-1;-1;-1;-1;-1;-1;-1;-1;-1;25;25;67;75;100;50;75;92;34;0;0;5.16;3.25;Aluminij;Šampion Celje;1.86;0.71;1.67;0;1.77;0.62;75;75;34;25;0;0;0;0;0;0;0;438;27;Y;Y;Y;Y;N;N;N
115444;1973;1993;2013/2014;complete;619;15;-1;6,38,64,76;77,90;4;2;6;-1;-1;-1;-1;-1;4;2;0;0;-1;-1;-1;-1;-1;-1;-1;-1;-1;-1;4;2;0;0;0;0;0;0;0;0;0;0;0;0;0;0;0;0;0;0;0;0;0;0;0;0;0;0;0;0;0;0;0;0;0;0;0;0;0;0;0;0;0;0;0;0;0;0;0;0;0;0;0;0;0;0;0;0;0;0;0;0;0;0;0;0;0;0;0;0;6;2;0;2;2;4;2;2013-11-16 12:00:00;1973;0;43;22;14;0;-1;1;-1;-1;-1;-1;-1;-1;1;1;3;1;2;4;-1;0;0;0;0;0;0;0;0;0;0;0;0;0;1;1;1;0;-1;-1;0;0;-1;-1;-1;-1;-1;-1;-1;-1;-1;22;36;64;71;93;43;72;79;50;0;0;5;3.22;Krško;Veržej;2;1.62;2;1.29;1.15;1.57;79;64;36;29;7;0;0;0;0;0;0;438;27;Y;Y;Y;Y;Y;Y;Y
115445;1975;2002;2013/2014;complete;619;15;-1;11,54,70,75,79;;5;0;5;-1;-1;-1;-1;-1;2;3;0;1;-1;-1;-1;-1;-1;-1;-1;-1;-1;-1;2;4;0;0;0;0;0;0;0;0;0;0;0;0;0;0;0;0;0;0;0;0;0;0;0;0;0;0;0;0;0;0;0;0;0;0;0;0;0;0;0;0;0;0;0;0;0;0;0;0;0;0;0;0;0;0;0;0;0;0;0;0;0;0;0;0;0;0;0;0;5;1;0;4;0;4;1;2013-11-16 12:00:00;1975;0;50;0;29;0;-1;1;-1;-1;-1;-1;-1;-1;2;4;0;0;6;0;-1;0;0;0;0;0;0;0;1;0;1;0;0;0;1;1;0;0;-1;-1;0;0;-1;-1;-1;-1;-1;-1;-1;-1;-1;22;29;57;79;93;22;64;86;57;0;0;5.43;3.08;Radomlje;Bela Krajina;1.93;0.14;1.57;0.29;1.86;0.21;79;71;43;22;7;0;0;0;0;0;0;438;27;Y;Y;Y;Y;Y;N;N
115446;2003;1994;2013/2014;complete;619;15;-1;15;32,34,67,82,86,89;1;6;7;-1;-1;-1;-1;-1;2;2;0;0;-1;-1;-1;-1;-1;-1;-1;-1;-1;-1;2;2;0;0;0;0;0;0;0;0;0;0;0;0;0;0;0;0;0;0;0;0;0;0;0;0;0;0;0;0;0;0;0;0;0;0;0;0;0;0;0;0;0;0;0;0;0;0;0;0;0;0;0;0;0;0;0;0;0;0;0;0;0;0;0;0;0;0;0;0;7;1;2;0;4;4;3;2013-11-16 13:00:00;1994;0;57;22;22;0;-1;1;-1;-1;-1;-1;-1;-1;1;1;1;1;2;2;-1;0;0;0;0;0;0;0;0;0;0;0;0;0;1;1;0;0;-1;-1;0;1;-1;-1;-1;-1;-1;-1;-1;-1;-1;29;50;64;79;93;57;79;93;43;0;0;4.53;3.5;Šampion Celje;Dob;0.92;2;1.14;2.29;0.57;2.64;72;50;36;22;7;0;0;0;0;0;0;438;27;Y;Y;Y;Y;Y;Y;Y
115447;1999;2000;2013/2014;complete;619;15;-1;7;;1;0;1;-1;-1;-1;-1;-1;5;1;0;0;-1;-1;-1;-1;-1;-1;-1;-1;-1;-1;5;1;0;0;0;0;0;0;0;0;0;0;0;0;0;0;0;0;0;0;0;0;0;0;0;0;0;0;0;0;0;0;0;0;0;0;0;0;0;0;0;0;0;0;0;0;0;0;0;0;0;0;0;0;0;0;0;0;0;0;0;0;0;0;0;0;0;0;0;0;1;1;0;0;0;0;1;2013-11-16 17:00:00;1999;0;65;29;43;0;-1;1;-1;-1;-1;-1;-1;-1;2;0;3;1;2;4;-1;0;0;0;0;0;0;0;0;0;0;0;0;0;1;1;1;0;-1;-1;0;0;-1;-1;-1;-1;-1;-1;-1;-1;-1;36;64;79;93;100;50;93;93;72;0;0;4.86;4.22;Šencur;Šmartno;2.23;1.08;2.29;1.29;1.29;1.54;64;36;22;7;0;0;0;0;0;0;0;438;27;Y;N;N;N;N;N;N
115448;1971;1967;2013/2014;complete;619;15;-1;12,29,51,70;;4;0;4;-1;-1;-1;-1;-1;0;1;0;0;-1;-1;-1;-1;-1;-1;-1;-1;-1;-1;0;1;0;0;0;0;0;0;0;0;0;0;0;0;0;0;0;0;0;0;0;0;0;0;0;0;0;0;0;0;0;0;0;0;0;0;0;0;0;0;0;0;0;0;0;0;0;0;0;0;0;0;0;0;0;0;0;0;0;0;0;0;0;0;0;0;0;0;0;0;4;2;0;2;0;2;2;2013-11-17 12:00:00;1971;0;43;14;14;0;-1;1;-1;-1;-1;-1;-1;-1;0;0;0;1;0;1;-1;0;0;0;0;0;0;0;0;0;0;0;0;0;1;1;0;0;-1;-1;0;0;-1;-1;-1;-1;-1;-1;-1;-1;-1;0;22;50;71;100;29;72;86;36;0;0;4.85;2.43;Aluminij;Ankaran Hrvatini;1.86;1.36;1.86;1;1.86;1.29;100;79;50;29;0;0;0;0;0;0;0;438;27;Y;Y;Y;Y;N;N;N
115449;2000;1973;2013/2014;complete;619;14;-1;;;0;0;0;-1;-1;-1;-1;-1;3;4;0;1;-1;-1;-1;-1;-1;-1;-1;-1;-1;-1;3;6;0;0;0;0;0;0;0;0;0;0;0;0;0;0;0;0;0;0;0;0;0;0;0;0;0;0;0;0;0;0;0;0;0;0;0;0;0;0;0;0;0;0;0;0;0;0;0;0;0;0;0;0;0;0;0;0;0;0;0;0;0;0;0;0;0;0;0;0;0;0;0;0;0;0;0;2014-03-09 14:00:00;-1;0;59;17;25;0;-1;1;-1;-1;-1;-1;-1;-1;0;2;3;3;2;6;-1;0;0;0;0;0;0;0;0;0;0;0;0;0;1;1;0;0;-1;-1;0;1;-1;-1;-1;-1;-1;-1;-1;-1;-1;25;33;42;75;92;42;75;84;33;0;0;5.4;2.67;Šmartno;Krško;1.64;0.71;1.83;0.17;1.43;1.29;75;67;59;25;9;0;0;0;0;0;0;438;27;N;N;N;N;N;N;N
115450;1967;1975;2013/2014;complete;619;16;-1;;;0;0;0;-1;-1;-1;-1;-1;3;0;0;0;-1;-1;-1;-1;-1;-1;-1;-1;-1;-1;3;0;0;0;0;0;0;0;0;0;0;0;0;0;0;0;0;0;0;0;0;0;0;0;0;0;0;0;0;0;0;0;0;0;0;0;0;0;0;0;0;0;0;0;0;0;0;0;0;0;0;0;0;0;0;0;0;0;0;0;0;0;0;0;0;0;0;0;0;0;0;0;0;0;0;0;0;2014-03-15 14:00:00;-1;0;57;50;36;0;-1;1;-1;-1;-1;-1;-1;-1;1;0;2;0;1;2;-1;0;0;0;0;0;0;0;0;0;0;0;0;0;1;1;0;0;-1;-1;1;0;-1;-1;-1;-1;-1;-1;-1;-1;-1;36;50;79;86;100;64;93;79;64;0;0;5.43;4.15;Ankaran Hrvatini;Radomlje;1.69;1.77;1.57;2.14;1.2;1.93;64;50;22;14;0;0;0;0;0;0;0;438;27;N;N;N;N;N;N;N
115451;1993;1999;2013/2014;complete;619;16;-1;52,57;;2;0;2;-1;-1;-1;-1;-1;1;1;0;0;-1;-1;-1;-1;-1;-1;-1;-1;-1;-1;1;1;0;0;0;0;0;0;0;0;0;0;0;0;0;0;0;0;0;0;0;0;0;0;0;0;0;0;0;0;0;0;0;0;0;0;0;0;0;0;0;0;0;0;0;0;0;0;0;0;0;0;0;0;0;0;0;0;0;0;0;0;0;0;0;0;0;0;0;0;2;0;0;2;0;2;0;2014-03-15 14:00:00;1993;0;64;43;22;0;-1;1;-1;-1;-1;-1;-1;-1;1;1;0;0;2;0;-1;0;0;0;0;0;0;0;0;0;0;0;0;0;1;1;0;0;-1;-1;1;0;-1;-1;-1;-1;-1;-1;-1;-1;-1;43;57;64;86;93;64;86;93;50;0;0;6;3.79;Veržej;Šencur;1.86;0.14;1.86;0.29;1.47;1.4;57;43;36;15;7;0;0;0;0;0;0;438;27;Y;Y;N;N;N;N;N
115452;1994;1971;2013/2014;complete;619;16;-1;;;0;0;0;-1;-1;-1;-1;-1;3;1;0;1;-1;-1;-1;-1;-1;-1;-1;-1;-1;-1;3;3;0;0;0;0;0;0;0;0;0;0;0;0;0;0;0;0;0;0;0;0;0;0;0;0;0;0;0;0;0;0;0;0;0;0;0;0;0;0;0;0;0;0;0;0;0;0;0;0;0;0;0;0;0;0;0;0;0;0;0;0;0;0;0;0;0;0;0;0;0;0;0;0;0;0;0;2014-03-15 14:00:00;-1;0;29;7;29;0;-1;1;-1;-1;-1;-1;-1;-1;1;0;2;2;1;4;-1;0;0;0;0;0;0;0;0;0;0;0;0;0;1;1;0;0;-1;-1;0;0;-1;-1;-1;-1;-1;-1;-1;-1;-1;14;29;36;43;86;7;50;64;36;0;0;5.57;2.15;Dob;Aluminij;2.64;1.62;3;1.86;2.67;1.93;86;72;64;57;15;0;0;0;0;0;0;438;27;N;N;N;N;N;N;N
115453;2002;1973;2013/2014;complete;619;16;-1;;10;0;1;1;-1;-1;-1;-1;-1;1;0;0;0;-1;-1;-1;-1;-1;-1;-1;-1;-1;-1;1;0;0;0;0;0;0;0;0;0;0;0;0;0;0;0;0;0;0;0;0;0;0;0;0;0;0;0;0;0;0;0;0;0;0;0;0;0;0;0;0;0;0;0;0;0;0;0;0;0;0;0;0;0;0;0;0;0;0;0;0;0;0;0;0;0;0;0;0;0;1;0;1;0;0;0;1;2014-03-16 14:00:00;1973;0;29;7;15;0;-1;1;-1;-1;-1;-1;-1;-1;1;0;0;0;1;0;-1;0;0;0;0;0;0;0;0;0;0;0;0;0;1;1;0;1;-1;-1;0;0;-1;-1;-1;-1;-1;-1;-1;-1;-1;15;22;36;64;86;29;71;65;29;0;0;6.97;2.22;Bela Krajina;Krško;0.31;0.71;0.14;0.29;0.2;1.27;86;79;64;36;14;0;0;0;0;0;0;438;27;Y;N;N;N;N;N;N
115454;2000;2003;2013/2014;complete;619;16;-1;26;;1;0;1;-1;-1;-1;-1;-1;2;1;0;0;-1;-1;-1;-1;-1;-1;-1;-1;-1;-1;2;1;0;0;0;0;0;0;0;0;0;0;0;0;0;0;0;0;0;0;0;0;0;0;0;0;0;0;0;0;0;0;0;0;0;0;0;0;0;0;0;0;0;0;0;0;0;0;0;0;0;0;0;0;0;0;0;0;0;0;0;0;0;0;0;0;0;0;0;0;1;1;0;0;0;0;1;2014-03-16 14:00:00;2000;0;50;36;22;0;-1;1;-1;-1;-1;-1;-1;-1;1;0;1;1;1;2;-1;0;0;0;0;0;0;0;0;0;0;0;0;0;1;1;0;0;-1;-1;0;0;-1;-1;-1;-1;-1;-1;-1;-1;-1;29;43;58;72;86;50;64;79;36;0;0;4.28;3.15;Šmartno;Šampion Celje;1.64;0.71;1.71;0;1.4;0.53;72;57;43;29;15;0;0;0;0;0;0;438;27;Y;N;N;N;N;N;N
115455;1994;1967;2013/2014;complete;619;17;-1;13;39,59,90;1;3;4;-1;-1;-1;-1;-1;2;2;0;0;-1;-1;-1;-1;-1;-1;-1;-1;-1;-1;2;2;0;0;0;0;0;0;0;0;0;0;0;0;0;0;0;0;0;0;0;0;0;0;0;0;0;0;0;0;0;0;0;0;0;0;0;0;0;0;0;0;0;0;0;0;0;0;0;0;0;0;0;0;0;0;0;0;0;0;0;0;0;0;0;0;0;0;0;0;4;1;1;0;2;2;2;2014-03-22 14:00:00;1967;0;32;7;19;0;-1;1;-1;-1;-1;-1;-1;-1;1;2;1;0;3;1;-1;0;0;0;0;0;0;0;0;0;0;0;0;0;1;1;0;0;-1;-1;0;0;-1;-1;-1;-1;-1;-1;-1;-1;-1;7;26;38;57;94;13;51;76;44;0;0;4;2.19;Dob;Ankaran Hrvatini;2.64;1.36;2.75;0.88;2.56;1.19;94;76;63;44;7;0;0;0;0;0;0;438;27;Y;Y;Y;Y;N;N;Y
115456;1999;2002;2013/2014;complete;619;17;-1;86;;1;0;1;-1;-1;-1;-1;-1;3;4;0;2;-1;-1;-1;-1;-1;-1;-1;-1;-1;-1;3;6;0;0;0;0;0;0;0;0;0;0;0;0;0;0;0;0;0;0;0;0;0;0;0;0;0;0;0;0;0;0;0;0;0;0;0;0;0;0;0;0;0;0;0;0;0;0;0;0;0;0;0;0;0;0;0;0;0;0;0;0;0;0;0;0;0;0;0;0;1;0;0;1;0;1;0;2014-03-22 14:00:00;1999;0;38;13;32;0;-1;1;-1;-1;-1;-1;-1;-1;1;1;2;5;2;7;-1;0;0;0;0;0;0;0;0;0;0;0;0;0;1;1;0;0;-1;-1;0;0;-1;-1;-1;-1;-1;-1;-1;-1;-1;32;51;76;82;94;32;88;82;76;0;0;6.01;3.76;Šencur;Bela Krajina;2.23;0.14;2.38;0.25;1.31;0.19;69;51;26;19;7;0;0;0;0;0;0;438;27;Y;N;N;N;N;N;N
115457;1973;1975;2013/2014;complete;619;17;-1;2,6,68,86,88;34;5;1;6;-1;-1;-1;-1;-1;0;6;0;2;-1;-1;-1;-1;-1;-1;-1;-1;-1;-1;0;8;0;0;0;0;0;0;0;0;0;0;0;0;0;0;0;0;0;0;0;0;0;0;0;0;0;0;0;0;0;0;0;0;0;0;0;0;0;0;0;0;0;0;0;0;0;0;0;0;0;0;0;0;0;0;0;0;0;0;0;0;0;0;0;0;0;0;0;0;6;2;1;3;0;3;3;2014-03-22 18:00:00;1973;0;51;25;19;0;-1;1;-1;-1;-1;-1;-1;-1;0;1;0;7;1;7;-1;0;0;0;0;0;0;0;1;0;1;0;0;0;1;1;2;0;-1;-1;0;0;-1;-1;-1;-1;-1;-1;-1;-1;-1;25;32;63;75;88;50;69;76;50;0;0;4.51;3.32;Krško;Radomlje;2;1.77;2.13;2;1.38;1.88;75;69;38;25;13;0;0;0;0;0;0;438;27;Y;Y;Y;Y;Y;Y;Y
115458;1971;2000;2013/2014;complete;619;17;-1;;42;0;1;1;-1;-1;-1;-1;-1;4;4;0;0;-1;-1;-1;-1;-1;-1;-1;-1;-1;-1;4;4;0;0;0;0;0;0;0;0;0;0;0;0;0;0;0;0;0;0;0;0;0;0;0;0;0;0;0;0;0;0;0;0;0;0;0;0;0;0;0;0;0;0;0;0;0;0;0;0;0;0;0;0;0;0;0;0;0;0;0;0;0;0;0;0;0;0;0;0;1;0;1;0;0;0;1;2014-03-23 14:00:00;2000;0;57;19;26;0;-1;1;-1;-1;-1;-1;-1;-1;3;2;1;2;5;3;-1;0;0;0;0;0;0;0;0;1;0;1;0;0;1;1;0;0;-1;-1;0;0;-1;-1;-1;-1;-1;-1;-1;-1;-1;13;38;57;75;100;44;88;82;32;0;0;4.51;2.94;Aluminij;Šmartno;1.86;1.08;2;1.13;1.88;1.5;88;63;44;25;0;0;0;0;0;0;0;438;27;Y;N;N;N;N;N;N
115459;2003;1993;2013/2014;complete;619;17;-1;;22,82;0;2;2;-1;-1;-1;-1;-1;2;2;0;0;-1;-1;-1;-1;-1;-1;-1;-1;-1;-1;2;2;0;0;0;0;0;0;0;0;0;0;0;0;0;0;0;0;0;0;0;0;0;0;0;0;0;0;0;0;0;0;0;0;0;0;0;0;0;0;0;0;0;0;0;0;0;0;0;0;0;0;0;0;0;0;0;0;0;0;0;0;0;0;0;0;0;0;0;0;2;0;1;0;1;1;1;2014-03-25 17:00:00;1993;0;57;26;25;0;-1;1;-1;-1;-1;-1;-1;-1;1;0;1;2;1;3;-1;0;0;0;0;0;0;0;0;0;0;0;0;0;1;1;0;0;-1;-1;0;0;-1;-1;-1;-1;-1;-1;-1;-1;-1;44;63;75;75;94;57;82;82;63;0;0;4.46;4.07;Šampion Celje;Veržej;0.92;1.62;1;1.13;0.5;1.56;57;38;25;25;7;0;0;0;0;0;0;438;27;Y;Y;N;N;N;N;N
115460;1967;1973;2013/2014;complete;619;18;-1;66;;1;0;1;-1;-1;-1;-1;-1;1;1;0;0;-1;-1;-1;-1;-1;-1;-1;-1;-1;-1;1;1;0;0;0;0;0;0;0;0;0;0;0;0;0;0;0;0;0;0;0;0;0;0;0;0;0;0;0;0;0;0;0;0;0;0;0;0;0;0;0;0;0;0;0;0;0;0;0;0;0;0;0;0;0;0;0;0;0;0;0;0;0;0;0;0;0;0;0;0;1;0;0;1;0;1;0;2014-03-29 14:00:00;1967;0;57;38;38;0;-1;1;-1;-1;-1;-1;-1;-1;0;0;1;1;0;2;-1;0;0;0;0;0;0;0;0;0;0;0;0;0;1;1;0;0;-1;-1;0;0;-1;-1;-1;-1;-1;-1;-1;-1;-1;32;44;57;69;88;51;82;75;44;0;0;6.29;3.13;Ankaran Hrvatini;Krško;1.69;0.71;1.5;0.63;1.29;1.47;69;57;44;32;13;0;0;0;0;0;0;438;27;Y;N;N;N;N;N;N
115461;1975;1999;2013/2014;complete;619;18;-1;5,12,30;46,75;3;2;5;-1;-1;-1;-1;-1;2;3;0;0;-1;-1;-1;-1;-1;-1;-1;-1;-1;-1;2;3;0;0;0;0;0;0;0;0;0;0;0;0;0;0;0;0;0;0;0;0;0;0;0;0;0;0;0;0;0;0;0;0;0;0;0;0;0;0;0;0;0;0;0;0;0;0;0;0;0;0;0;0;0;0;0;0;0;0;0;0;0;0;0;0;0;0;0;0;5;3;0;0;2;2;3;2014-03-29 14:00:00;1975;0;50;19;25;0;-1;1;-1;-1;-1;-1;-1;-1;0;1;2;2;1;4;-1;0;0;0;0;0;0;0;0;0;0;0;0;0;1;1;1;0;-1;-1;0;0;-1;-1;-1;-1;-1;-1;-1;-1;-1;38;44;57;82;94;38;63;94;63;0;0;5.01;3.32;Radomlje;Šencur;1.93;0.14;1.75;0.25;1.76;1.41;63;57;44;19;7;0;0;0;0;0;0;438;27;Y;Y;Y;Y;Y;N;Y
115462;1993;1971;2013/2014;complete;619;18;-1;;37,58;0;2;2;-1;-1;-1;-1;-1;2;5;0;1;-1;-1;-1;-1;-1;-1;-1;-1;-1;-1;2;6;0;0;0;0;0;0;0;0;0;0;0;0;0;0;0;0;0;0;0;0;0;0;0;0;0;0;0;0;0;0;0;0;0;0;0;0;0;0;0;0;0;0;0;0;0;0;0;0;0;0;0;0;0;0;0;0;0;0;0;0;0;0;0;0;0;0;0;0;2;0;1;0;1;1;1;2014-03-29 14:00:00;1971;0;44;26;19;0;-1;1;-1;-1;-1;-1;-1;-1;1;3;1;3;4;4;-1;0;0;0;0;0;0;0;0;0;0;0;0;0;1;1;0;0;-1;-1;0;0;-1;-1;-1;-1;-1;-1;-1;-1;-1;26;44;51;69;82;38;69;75;44;0;0;6.51;3;Veržej;Aluminij;1.86;1.62;2;1.75;1.65;1.76;76;57;51;32;19;0;0;0;0;0;0;438;27;Y;Y;N;N;N;N;N
115463;2002;2003;2013/2014;complete;619;18;-1;71;66,85;1;2;3;-1;-1;-1;-1;-1;2;1;0;0;-1;-1;-1;-1;-1;-1;-1;-1;-1;-1;2;1;0;0;0;0;0;0;0;0;0;0;0;0;0;0;0;0;0;0;0;0;0;0;0;0;0;0;0;0;0;0;0;0;0;0;0;0;0;0;0;0;0;0;0;0;0;0;0;0;0;0;0;0;0;0;0;0;0;0;0;0;0;0;0;0;0;0;0;0;3;0;0;1;2;3;0;2014-03-30 14:00:00;2003;0;25;25;13;0;-1;1;-1;-1;-1;-1;-1;-1;1;0;1;1;1;2;-1;0;0;0;0;0;0;0;0;0;0;0;0;0;1;1;0;0;-1;-1;0;0;-1;-1;-1;-1;-1;-1;-1;-1;-1;19;32;50;63;94;38;75;63;32;0;0;4.88;2.82;Bela Krajina;Šampion Celje;0.31;0.71;0.13;0;0.18;0.47;82;69;50;38;7;0;0;0;0;0;0;438;27;Y;Y;Y;N;N;N;Y
115464;2000;1994;2013/2014;complete;619;18;-1;37,75;33,43;2;2;4;-1;-1;-1;-1;-1;3;5;1;0;-1;-1;-1;-1;-1;-1;-1;-1;-1;-1;4;5;0;0;0;0;0;0;0;0;0;0;0;0;0;0;0;0;0;0;0;0;0;0;0;0;0;0;0;0;0;0;0;0;0;0;0;0;0;0;0;0;0;0;0;0;0;0;0;0;0;0;0;0;0;0;0;0;0;0;0;0;0;0;0;0;0;0;0;0;4;1;2;1;0;1;3;2014-03-30 14:00:00;-1;0;44;19;13;0;-1;1;-1;-1;-1;-1;-1;-1;1;1;3;4;2;7;-1;0;0;0;0;0;0;0;1;1;1;1;0;0;1;1;0;0;-1;-1;0;0;-1;-1;-1;-1;-1;-1;-1;-1;-1;19;32;44;69;88;44;76;75;32;0;0;4.88;2.76;Šmartno;Dob;1.64;2;1.88;2.38;1.59;2.41;82;69;57;32;13;0;0;0;0;0;0;438;27;Y;Y;Y;Y;N;N;Y
115465;1975;2003;2013/2014;complete;619;19;-1;27,85;90;2;1;3;-1;-1;-1;-1;-1;2;1;0;0;-1;-1;-1;-1;-1;-1;-1;-1;-1;-1;2;1;0;0;0;0;0;0;0;0;0;0;0;0;0;0;0;0;0;0;0;0;0;0;0;0;0;0;0;0;0;0;0;0;0;0;0;0;0;0;0;0;0;0;0;0;0;0;0;0;0;0;0;0;0;0;0;0;0;0;0;0;0;0;0;0;0;0;0;0;3;1;0;1;1;2;1;2014-04-05 14:00:00;1975;0;56;22;28;0;-1;1;-1;-1;-1;-1;-1;-1;1;0;1;1;1;2;-1;0;0;0;0;0;0;0;0;0;0;0;0;0;1;1;0;0;-1;-1;0;0;-1;-1;-1;-1;-1;-1;-1;-1;-1;39;44;73;84;100;45;67;95;56;0;0;4.22;3.73;Radomlje;Šampion Celje;1.93;0.71;1.89;0.33;1.83;0.61;62;56;28;17;0;0;0;0;0;0;0;438;27;Y;Y;Y;N;N;N;Y
115466;1993;1967;2013/2014;complete;619;19;-1;15,90;50,72,88;2;3;5;-1;-1;-1;-1;-1;4;7;0;0;-1;-1;-1;-1;-1;-1;-1;-1;-1;-1;4;7;0;0;0;0;0;0;0;0;0;0;0;0;0;0;0;0;0;0;0;0;0;0;0;0;0;0;0;0;0;0;0;0;0;0;0;0;0;0;0;0;0;0;0;0;0;0;0;0;0;0;0;0;0;0;0;0;0;0;0;0;0;0;0;0;0;0;0;0;5;1;0;1;3;4;1;2014-04-05 14:00:00;1967;0;50;28;11;0;-1;1;-1;-1;-1;-1;-1;-1;1;6;3;1;7;4;-1;0;0;0;0;0;0;0;0;0;0;0;0;0;1;1;0;0;-1;-1;0;1;-1;-1;-1;-1;-1;-1;-1;-1;-1;17;44;56;89;100;45;78;95;56;0;0;4.78;3.28;Veržej;Ankaran Hrvatini;1.86;1.36;1.78;1.11;1.56;1.39;84;56;44;11;0;0;0;0;0;0;0;438;27;Y;Y;Y;Y;Y;N;Y
115467;1994;2002;2013/2014;complete;619;19;-1;61,81,87,90;44;4;1;5;-1;-1;-1;-1;-1;4;4;0;2;-1;-1;-1;-1;-1;-1;-1;-1;-1;-1;4;6;0;0;0;0;0;0;0;0;0;0;0;0;0;0;0;0;0;0;0;0;0;0;0;0;0;0;0;0;0;0;0;0;0;0;0;0;0;0;0;0;0;0;0;0;0;0;0;0;0;0;0;0;0;0;0;0;0;0;0;0;0;0;0;0;0;0;0;0;5;0;1;4;0;4;1;2014-04-05 14:00:00;1994;0;33;6;22;0;-1;1;-1;-1;-1;-1;-1;-1;0;0;4;6;0;10;-1;0;0;0;0;0;0;0;0;0;0;0;0;0;1;1;0;0;-1;-1;0;0;-1;-1;-1;-1;-1;-1;-1;-1;-1;17;28;45;56;89;11;56;73;45;0;0;5.44;2.45;Dob;Bela Krajina;2.64;0.14;2.44;0.22;2.33;0.17;84;73;56;45;11;0;0;0;0;0;0;438;27;Y;Y;Y;Y;Y;N;Y
115468;1971;1999;2013/2014;complete;619;19;-1;10,53,59,77,90;;5;0;5;-1;-1;-1;-1;-1;0;2;0;0;-1;-1;-1;-1;-1;-1;-1;-1;-1;-1;0;2;0;0;0;0;0;0;0;0;0;0;0;0;0;0;0;0;0;0;0;0;0;0;0;0;0;0;0;0;0;0;0;0;0;0;0;0;0;0;0;0;0;0;0;0;0;0;0;0;0;0;0;0;0;0;0;0;0;0;0;0;0;0;0;0;0;0;0;0;5;1;0;4;0;4;1;2014-04-06 14:00:00;1971;0;45;22;17;0;-1;1;-1;-1;-1;-1;-1;-1;0;1;0;1;1;1;-1;0;0;0;0;0;0;0;1;0;1;0;0;0;1;1;1;0;-1;-1;0;0;-1;-1;-1;-1;-1;-1;-1;-1;-1;22;39;56;73;95;50;78;84;45;0;0;5.23;2.89;Aluminij;Šencur;1.86;0.14;1.78;0.22;1.83;1.33;78;61;44;28;6;0;0;0;0;0;0;438;27;Y;Y;Y;Y;Y;N;N
115469;2000;1973;2013/2014;complete;619;19;-1;31,73,90;61,85;3;2;5;-1;-1;-1;-1;-1;3;2;0;2;-1;-1;-1;-1;-1;-1;-1;-1;-1;-1;3;4;0;0;0;0;0;0;0;0;0;0;0;0;0;0;0;0;0;0;0;0;0;0;0;0;0;0;0;0;0;0;0;0;0;0;0;0;0;0;0;0;0;0;0;0;0;0;0;0;0;0;0;0;0;0;0;0;0;0;0;0;0;0;0;0;0;0;0;0;5;1;0;2;2;4;1;2014-04-06 14:00:00;2000;0;44;17;17;0;-1;1;-1;-1;-1;-1;-1;-1;1;2;2;2;3;4;-1;0;0;0;0;0;0;0;1;0;1;0;0;0;1;1;0;0;-1;-1;0;0;-1;-1;-1;-1;-1;-1;-1;-1;-1;17;28;33;56;84;33;67;67;22;0;0;5.33;2.17;Šmartno;Krško;1.64;0.71;1.78;0.56;1.56;1.39;84;73;67;44;17;0;0;0;0;0;0;438;27;Y;Y;Y;Y;Y;N;Y
115470;1999;1975;2013/2014;complete;619;20;-1;;42,90,90;0;3;3;-1;-1;-1;-1;-1;4;3;0;0;-1;-1;-1;-1;-1;-1;-1;-1;-1;-1;4;3;0;0;0;0;0;0;0;0;0;0;0;0;0;0;0;0;0;0;0;0;0;0;0;0;0;0;0;0;0;0;0;0;0;0;0;0;0;0;0;0;0;0;0;0;0;0;0;0;0;0;0;0;0;0;0;0;0;0;0;0;0;0;0;0;0;0;0;0;3;0;1;0;2;2;1;2014-04-11 17:00:00;1975;0;39;28;22;0;-1;1;-1;-1;-1;-1;-1;-1;2;3;2;0;5;2;-1;0;0;0;0;0;0;0;0;0;0;0;0;0;1;1;0;0;-1;-1;1;0;-1;-1;-1;-1;-1;-1;-1;-1;-1;33;45;73;78;95;50;84;78;67;0;0;5.67;3.84;Šencur;Radomlje;2.23;1.77;2.44;1.78;1.26;1.89;67;56;28;22;6;0;0;0;0;0;0;438;27;Y;Y;Y;N;N;N;N
115471;1993;2002;2013/2014;complete;619;20;-1;7,9,19,60,68,80,87;;7;0;7;-1;-1;-1;-1;-1;0;3;0;0;-1;-1;-1;-1;-1;-1;-1;-1;-1;-1;0;3;0;0;0;0;0;0;0;0;0;0;0;0;0;0;0;0;0;0;0;0;0;0;0;0;0;0;0;0;0;0;0;0;0;0;0;0;0;0;0;0;0;0;0;0;0;0;0;0;0;0;0;0;0;0;0;0;0;0;0;0;0;0;0;0;0;0;0;0;7;3;0;4;0;4;3;2014-04-12 14:30:00;1993;0;50;15;20;0;-1;1;-1;-1;-1;-1;-1;-1;0;2;0;1;2;1;-1;0;0;0;0;0;0;0;2;0;2;0;0;0;1;1;2;0;-1;-1;0;0;-1;-1;-1;-1;-1;-1;-1;-1;-1;35;45;60;85;95;30;80;90;55;0;0;6.6;3.5;Veržej;Bela Krajina;1.86;0.14;1.6;0.2;1.47;0.16;65;55;40;15;5;0;0;0;0;0;0;438;27;Y;Y;Y;Y;Y;Y;N
115472;1967;2000;2013/2014;complete;619;20;-1;28,87;;2;0;2;-1;-1;-1;-1;-1;2;1;1;0;-1;-1;-1;-1;-1;-1;-1;-1;-1;-1;3;1;0;0;0;0;0;0;0;0;0;0;0;0;0;0;0;0;0;0;0;0;0;0;0;0;0;0;0;0;0;0;0;0;0;0;0;0;0;0;0;0;0;0;0;0;0;0;0;0;0;0;0;0;0;0;0;0;0;0;0;0;0;0;0;0;0;0;0;0;2;1;0;1;0;1;1;2014-04-12 14:30:00;1967;0;62;39;39;0;-1;1;-1;-1;-1;-1;-1;-1;1;0;2;1;1;3;-1;0;0;0;0;0;0;0;0;0;0;0;0;0;1;1;0;0;-1;-1;0;0;-1;-1;-1;-1;-1;-1;-1;-1;-1;28;50;56;67;95;45;84;73;45;0;0;5.11;3.28;Ankaran Hrvatini;Šmartno;1.69;1.08;1.67;1.33;1.47;1.63;73;50;45;33;6;0;0;0;0;0;0;438;27;Y;Y;N;N;N;N;N
115473;2003;1994;2013/2014;complete;619;20;-1;;83;0;1;1;-1;-1;-1;-1;-1;-1;-1;-1;-1;-1;-1;-1;-1;-1;-1;-1;-1;-1;-1;-1;-1;0;0;0;0;0;0;0;0;0;0;0;0;0;0;0;0;0;0;0;0;0;0;0;0;0;0;0;0;0;0;0;0;0;0;0;0;0;0;0;0;0;0;0;0;0;0;0;0;0;0;0;0;0;0;0;0;0;0;0;0;0;0;0;0;0;0;0;0;1;0;0;0;1;1;0;2014-04-12 14:30:00;1994;0;62;33;17;0;-1;-1;-1;-1;-1;-1;-1;-1;-1;-1;-1;-1;-1;-1;-1;0;0;0;0;0;0;0;0;0;0;0;0;0;1;1;0;0;-1;-1;-1;-1;-1;-1;-1;-1;-1;-1;-1;-1;-1;33;56;67;84;95;62;84;95;45;0;0;4.75;3.84;Šampion Celje;Dob;0.92;2;0.89;2.22;0.58;2.37;67;45;33;17;6;0;0;0;0;0;0;438;27;Y;N;N;N;N;N;N
115474;1973;1971;2013/2014;complete;619;20;-1;9,79,81;;3;0;3;-1;-1;-1;-1;-1;3;0;0;0;-1;-1;-1;-1;-1;-1;-1;-1;-1;-1;3;0;0;0;0;0;0;0;0;0;0;0;0;0;0;0;0;0;0;0;0;0;0;0;0;0;0;0;0;0;0;0;0;0;0;0;0;0;0;0;0;0;0;0;0;0;0;0;0;0;0;0;0;0;0;0;0;0;0;0;0;0;0;0;0;0;0;0;0;0;3;1;0;2;0;2;1;2014-04-12 17:00:00;1973;0;45;22;22;0;-1;1;-1;-1;-1;-1;-1;-1;0;0;3;0;0;3;-1;0;0;0;0;0;0;0;0;0;0;0;0;0;1;1;1;0;-1;-1;0;0;-1;-1;-1;-1;-1;-1;-1;-1;-1;22;39;50;61;78;34;62;73;45;0;0;6;2.78;Krško;Aluminij;2;1.62;2.22;1.89;1.32;1.89;78;62;50;39;22;0;0;0;0;0;0;438;27;Y;Y;Y;N;N;N;N
115475;2002;2003;2013/2014;complete;619;21;-1;59;2,20,44,84;1;4;5;-1;-1;-1;-1;-1;2;4;1;0;-1;-1;-1;-1;-1;-1;-1;-1;-1;-1;3;4;0;0;0;0;0;0;0;0;0;0;0;0;0;0;0;0;0;0;0;0;0;0;0;0;0;0;0;0;0;0;0;0;0;0;0;0;0;0;0;0;0;0;0;0;0;0;0;0;0;0;0;0;0;0;0;0;0;0;0;0;0;0;0;0;0;0;0;0;5;0;3;1;1;2;3;2014-04-16 14:30:00;2003;0;36;20;26;0;-1;1;-1;-1;-1;-1;-1;-1;0;1;3;3;1;6;-1;0;0;0;0;0;0;0;0;0;0;0;0;0;1;1;0;1;-1;-1;0;0;-1;-1;-1;-1;-1;-1;-1;-1;-1;15;26;57;68;95;31;69;67;42;0;0;4.58;2.8;Bela Krajina;Šampion Celje;0.31;0.71;0.11;0.3;0.15;0.55;85;75;44;32;6;0;0;0;0;0;0;438;27;Y;Y;Y;Y;Y;N;Y
115476;1994;1999;2013/2014;complete;619;21;-1;90;;1;0;1;-1;-1;-1;-1;-1;2;4;0;1;-1;-1;-1;-1;-1;-1;-1;-1;-1;-1;2;5;0;0;0;0;0;0;0;0;0;0;0;0;0;0;0;0;0;0;0;0;0;0;0;0;0;0;0;0;0;0;0;0;0;0;0;0;0;0;0;0;0;0;0;0;0;0;0;0;0;0;0;0;0;0;0;0;0;0;0;0;0;0;0;0;0;0;0;0;1;0;0;1;0;1;0;2014-04-16 14:30:00;1994;0;45;20;20;0;-1;1;-1;-1;-1;-1;-1;-1;1;1;1;4;2;5;-1;0;0;0;0;0;0;0;0;0;0;0;0;0;1;1;0;0;-1;-1;0;0;-1;-1;-1;-1;-1;-1;-1;-1;-1;35;45;50;65;90;30;60;80;55;0;0;4.8;2.9;Dob;Šencur;2.64;0.14;2.5;0.2;2.4;1.2;65;55;50;35;10;0;0;0;0;0;0;438;27;Y;N;N;N;N;N;N
115477;1975;1973;2013/2014;complete;619;21;-1;;;0;0;0;-1;-1;-1;-1;-1;2;3;0;0;-1;-1;-1;-1;-1;-1;-1;-1;-1;-1;2;3;0;0;0;0;0;0;0;0;0;0;0;0;0;0;0;0;0;0;0;0;0;0;0;0;0;0;0;0;0;0;0;0;0;0;0;0;0;0;0;0;0;0;0;0;0;0;0;0;0;0;0;0;0;0;0;0;0;0;0;0;0;0;0;0;0;0;0;0;0;0;0;0;0;0;0;2014-04-16 14:30:00;-1;0;55;5;30;0;-1;1;-1;-1;-1;-1;-1;-1;1;1;1;2;2;3;-1;0;0;0;0;0;0;0;0;0;0;0;0;0;1;1;0;0;-1;-1;1;0;-1;-1;-1;-1;-1;-1;-1;-1;-1;35;35;55;75;95;30;70;90;50;0;0;5.41;3.05;Radomlje;Krško;1.93;0.71;2;0.5;1.95;1.4;65;65;45;25;5;0;0;0;0;0;0;438;27;N;N;N;N;N;N;N
115478;1971;1967;2013/2014;complete;619;21;-1;;86;0;1;1;-1;-1;-1;-1;-1;2;0;0;0;-1;-1;-1;-1;-1;-1;-1;-1;-1;-1;2;0;0;0;0;0;0;0;0;0;0;0;0;0;0;0;0;0;0;0;0;0;0;0;0;0;0;0;0;0;0;0;0;0;0;0;0;0;0;0;0;0;0;0;0;0;0;0;0;0;0;0;0;0;0;0;0;0;0;0;0;0;0;0;0;0;0;0;0;0;1;0;0;0;1;1;0;2014-04-16 14:30:00;1967;0;40;15;15;0;-1;1;-1;-1;-1;-1;-1;-1;0;0;2;0;0;2;-1;0;0;0;0;0;0;0;0;0;0;0;0;0;1;1;0;0;-1;-1;0;0;-1;-1;-1;-1;-1;-1;-1;-1;-1;10;40;60;75;100;35;80;85;50;0;0;4.8;2.85;Aluminij;Ankaran Hrvatini;1.86;1.36;1.9;1.3;1.8;1.55;90;60;40;25;0;0;0;0;0;0;0;438;27;Y;N;N;N;N;N;N
115479;2000;1993;2013/2014;complete;619;21;-1;17;9,20,90;1;3;4;-1;-1;-1;-1;-1;2;3;1;1;-1;-1;-1;-1;-1;-1;-1;-1;-1;-1;3;5;0;0;0;0;0;0;0;0;0;0;0;0;0;0;0;0;0;0;0;0;0;0;0;0;0;0;0;0;0;0;0;0;0;0;0;0;0;0;0;0;0;0;0;0;0;0;0;0;0;0;0;0;0;0;0;0;0;0;0;0;0;0;0;0;0;0;0;0;4;1;2;0;1;1;3;2014-04-16 14:30:00;1993;0;42;16;21;0;-1;1;-1;-1;-1;-1;-1;-1;2;2;1;2;4;3;-1;0;0;0;0;0;0;0;0;1;0;1;0;0;1;1;0;1;-1;-1;1;0;-1;-1;-1;-1;-1;-1;-1;-1;-1;27;42;54;69;90;37;80;69;43;0;0;5.07;3.04;Šmartno;Veržej;1.64;1.62;1.9;1.33;1.55;1.55;74;58;47;31;10;0;0;0;0;0;0;438;27;Y;Y;Y;Y;N;N;Y
115480;2000;2002;2013/2014;complete;619;22;-1;13;;1;0;1;-1;-1;-1;-1;-1;1;2;0;0;-1;-1;-1;-1;-1;-1;-1;-1;-1;-1;1;2;0;0;0;0;0;0;0;0;0;0;0;0;0;0;0;0;0;0;0;0;0;0;0;0;0;0;0;0;0;0;0;0;0;0;0;0;0;0;0;0;0;0;0;0;0;0;0;0;0;0;0;0;0;0;0;0;0;0;0;0;0;0;0;0;0;0;0;0;1;1;0;0;0;0;1;2014-04-19 15:00:00;2000;0;46;14;18;0;-1;1;-1;-1;-1;-1;-1;-1;0;1;1;1;1;2;-1;0;0;0;0;0;0;0;0;0;0;0;0;0;1;1;0;0;-1;-1;0;0;-1;-1;-1;-1;-1;-1;-1;-1;-1;27;45;55;69;87;27;73;73;46;0;0;6.09;3;Šmartno;Bela Krajina;1.64;0.14;1.73;0.18;1.48;0.14;73;55;46;32;14;0;0;0;0;0;0;438;27;Y;N;N;N;N;N;N
115481;1993;1971;2013/2014;complete;619;22;-1;;;0;0;0;-1;-1;-1;-1;-1;2;4;0;0;-1;-1;-1;-1;-1;-1;-1;-1;-1;-1;2;4;0;0;0;0;0;0;0;0;0;0;0;0;0;0;0;0;0;0;0;0;0;0;0;0;0;0;0;0;0;0;0;0;0;0;0;0;0;0;0;0;0;0;0;0;0;0;0;0;0;0;0;0;0;0;0;0;0;0;0;0;0;0;0;0;0;0;0;0;0;0;0;0;0;0;0;2014-04-19 15:00:00;-1;0;38;19;19;0;-1;1;-1;-1;-1;-1;-1;-1;1;1;1;3;2;4;-1;0;0;0;0;0;0;0;0;0;0;0;0;0;1;1;0;0;-1;-1;0;0;-1;-1;-1;-1;-1;-1;-1;-1;-1;28;43;52;75;85;33;76;80;48;0;0;6.14;3.14;Veržej;Aluminij;1.86;1.62;1.73;1.7;1.62;1.71;73;58;48;25;15;0;0;0;0;0;0;438;27;N;N;N;N;N;N;N
115482;1967;1975;2013/2014;complete;619;22;-1;;1;0;1;1;-1;-1;-1;-1;-1;4;1;0;0;-1;-1;-1;-1;-1;-1;-1;-1;-1;-1;4;1;0;0;0;0;0;0;0;0;0;0;0;0;0;0;0;0;0;0;0;0;0;0;0;0;0;0;0;0;0;0;0;0;0;0;0;0;0;0;0;0;0;0;0;0;0;0;0;0;0;0;0;0;0;0;0;0;0;0;0;0;0;0;0;0;0;0;0;0;1;0;1;0;0;0;1;2014-04-19 15:00:00;1975;0;45;40;25;0;-1;1;-1;-1;-1;-1;-1;-1;2;0;2;1;2;3;-1;0;0;0;0;0;0;0;0;0;0;0;0;0;1;1;0;1;-1;-1;0;0;-1;-1;-1;-1;-1;-1;-1;-1;-1;30;40;65;75;90;50;80;75;55;0;0;5.6;3.5;Ankaran Hrvatini;Radomlje;1.69;1.77;1.8;1.9;1.62;1.9;70;60;35;25;10;0;0;0;0;0;0;438;27;Y;N;N;N;N;N;N
115483;1999;2003;2013/2014;complete;619;22;-1;19,39;12;2;1;3;-1;-1;-1;-1;-1;4;4;0;0;-1;-1;-1;-1;-1;-1;-1;-1;-1;-1;4;4;0;0;0;0;0;0;0;0;0;0;0;0;0;0;0;0;0;0;0;0;0;0;0;0;0;0;0;0;0;0;0;0;0;0;0;0;0;0;0;0;0;0;0;0;0;0;0;0;0;0;0;0;0;0;0;0;0;0;0;0;0;0;0;0;0;0;0;0;3;2;1;0;0;0;3;2014-04-19 17:00:00;1999;0;47;28;38;0;-1;1;-1;-1;-1;-1;-1;-1;0;1;4;3;1;7;-1;0;0;0;0;0;0;0;0;0;0;0;0;0;1;1;0;0;-1;-1;0;0;-1;-1;-1;-1;-1;-1;-1;-1;-1;33;48;81;81;100;48;82;91;68;0;0;5;3.86;Šencur;Šampion Celje;2.23;0.71;2.2;0.55;1.14;0.67;67;53;19;19;0;0;0;0;0;0;0;438;27;Y;Y;Y;N;N;N;Y
115484;1973;1994;2013/2014;complete;619;22;-1;75;25,45;1;2;3;-1;-1;-1;-1;-1;2;1;1;0;-1;-1;-1;-1;-1;-1;-1;-1;-1;-1;4;1;0;0;0;0;0;0;0;0;0;0;0;0;0;0;0;0;0;0;0;0;0;0;0;0;0;0;0;0;0;0;0;0;0;0;0;0;0;0;0;0;0;0;0;0;0;0;0;0;0;0;0;0;0;0;0;0;0;0;0;0;0;0;0;0;0;0;0;0;3;0;2;1;0;1;2;2014-04-19 17:00:00;1994;0;55;30;15;0;-1;1;-1;-1;-1;-1;-1;-1;1;0;2;1;1;3;-1;0;0;0;0;0;0;0;0;0;0;0;0;0;1;1;0;0;-1;-1;0;0;-1;-1;-1;-1;-1;-1;-1;-1;-1;25;40;65;80;95;55;75;95;45;0;0;5.2;3.45;Krško;Dob;2;2;2.3;2.3;1.38;2.43;75;60;35;20;5;0;0;0;0;0;0;438;27;Y;Y;Y;N;N;N;Y
115485;1994;1967;2013/2014;complete;619;23;-1;15,69;90;2;1;3;-1;-1;-1;-1;-1;3;2;0;0;-1;-1;-1;-1;-1;-1;-1;-1;-1;-1;3;2;0;0;0;0;0;0;0;0;0;0;0;0;0;0;0;0;0;0;0;0;0;0;0;0;0;0;0;0;0;0;0;0;0;0;0;0;0;0;0;0;0;0;0;0;0;0;0;0;0;0;0;0;0;0;0;0;0;0;0;0;0;0;0;0;0;0;0;0;3;1;0;1;1;2;1;2014-04-26 15:00:00;1994;0;41;14;18;0;-1;1;-1;-1;-1;-1;-1;-1;1;2;2;0;3;2;-1;0;0;0;0;0;0;0;0;0;0;0;0;0;1;1;0;0;-1;-1;1;1;-1;-1;-1;-1;-1;-1;-1;-1;-1;14;36;46;59;96;18;55;82;50;0;0;4.45;2.5;Dob;Ankaran Hrvatini;2.64;1.36;2.55;1.45;2.45;1.55;87;64;55;41;5;0;0;0;0;0;0;438;27;Y;Y;Y;N;N;N;Y
115486;2002;1999;2013/2014;complete;619;23;-1;71;;1;0;1;-1;-1;-1;-1;-1;3;1;0;0;-1;-1;-1;-1;-1;-1;-1;-1;-1;-1;3;1;0;0;0;0;0;0;0;0;0;0;0;0;0;0;0;0;0;0;0;0;0;0;0;0;0;0;0;0;0;0;0;0;0;0;0;0;0;0;0;0;0;0;0;0;0;0;0;0;0;0;0;0;0;0;0;0;0;0;0;0;0;0;0;0;0;0;0;0;1;0;0;1;0;1;0;2014-04-27 15:00:00;2002;0;33;14;19;0;-1;1;-1;-1;-1;-1;-1;-1;1;0;2;1;1;3;-1;0;0;0;0;0;0;0;0;0;0;0;0;0;1;1;0;0;-1;-1;0;0;-1;-1;-1;-1;-1;-1;-1;-1;-1;28;38;48;67;91;33;67;71;52;0;0;5.62;2.74;Bela Krajina;Šencur;0.31;0.14;0.1;0.18;0.14;1.23;73;63;53;34;10;0;0;0;0;0;0;438;27;Y;N;N;N;N;N;N
115487;2003;1973;2013/2014;complete;619;23;-1;15,31;43,79;2;2;4;-1;-1;-1;-1;-1;2;3;0;1;-1;-1;-1;-1;-1;-1;-1;-1;-1;-1;2;4;0;0;0;0;0;0;0;0;0;0;0;0;0;0;0;0;0;0;0;0;0;0;0;0;0;0;0;0;0;0;0;0;0;0;0;0;0;0;0;0;0;0;0;0;0;0;0;0;0;0;0;0;0;0;0;0;0;0;0;0;0;0;0;0;0;0;0;0;4;2;1;0;1;1;3;2014-04-27 15:00:00;-1;0;53;20;24;0;-1;1;-1;-1;-1;-1;-1;-1;2;1;0;3;3;3;-1;0;0;0;0;0;0;0;0;0;0;0;0;0;1;1;0;0;-1;-1;0;0;-1;-1;-1;-1;-1;-1;-1;-1;-1;34;44;48;63;86;39;67;82;39;0;0;4.85;2.99;Šampion Celje;Krško;0.92;0.71;0.8;0.55;0.64;1.32;67;57;52;38;14;0;0;0;0;0;0;438;27;Y;Y;Y;Y;N;N;Y
115488;1975;1993;2013/2014;complete;619;23;-1;40,45,48,51,56,62,75,90;60;8;1;9;-1;-1;-1;-1;-1;1;2;0;0;-1;-1;-1;-1;-1;-1;-1;-1;-1;-1;1;2;0;0;0;0;0;0;0;0;0;0;0;0;0;0;0;0;0;0;0;0;0;0;0;0;0;0;0;0;0;0;0;0;0;0;0;0;0;0;0;0;0;0;0;0;0;0;0;0;0;0;0;0;0;0;0;0;0;0;0;0;0;0;0;0;0;0;0;0;9;2;0;6;1;7;2;2014-04-27 15:00:00;1975;0;48;10;24;0;-1;1;-1;-1;-1;-1;-1;-1;0;1;1;1;1;2;-1;0;0;0;0;0;0;0;0;0;0;0;0;0;1;1;0;0;-1;-1;0;0;-1;-1;-1;-1;-1;-1;-1;-1;-1;33;43;67;81;96;39;77;86;57;0;0;5.17;3.49;Radomlje;Veržej;1.93;1.62;1.91;1.5;1.95;1.59;67;57;33;19;5;0;0;0;0;0;0;438;27;Y;Y;Y;Y;Y;Y;Y
115489;1971;2000;2013/2014;complete;619;23;-1;18;52;1;1;2;-1;-1;-1;-1;-1;7;4;0;0;-1;-1;-1;-1;-1;-1;-1;-1;-1;-1;7;4;0;0;0;0;0;0;0;0;0;0;0;0;0;0;0;0;0;0;0;0;0;0;0;0;0;0;0;0;0;0;0;0;0;0;0;0;0;0;0;0;0;0;0;0;0;0;0;0;0;0;0;0;0;0;0;0;0;0;0;0;0;0;0;0;0;0;0;0;2;1;0;0;1;1;1;2014-04-27 15:00:00;-1;0;44;15;20;0;-1;1;-1;-1;-1;-1;-1;-1;3;1;4;3;4;7;-1;0;0;0;0;0;0;0;0;0;0;0;0;0;1;1;0;0;-1;-1;1;1;-1;-1;-1;-1;-1;-1;-1;-1;-1;15;34;48;67;100;33;86;76;29;0;0;4.47;2.73;Aluminij;Šmartno;1.86;1.08;1.73;1.2;1.68;1.55;86;67;53;33;0;0;0;0;0;0;0;438;27;Y;Y;N;N;N;N;Y
115490;1993;1994;2013/2014;complete;619;24;-1;53,65;;2;0;2;-1;-1;-1;-1;-1;5;5;0;0;-1;-1;-1;-1;-1;-1;-1;-1;-1;-1;5;5;0;0;0;0;0;0;0;0;0;0;0;0;0;0;0;0;0;0;0;0;0;0;0;0;0;0;0;0;0;0;0;0;0;0;0;0;0;0;0;0;0;0;0;0;0;0;0;0;0;0;0;0;0;0;0;0;0;0;0;0;0;0;0;0;0;0;0;0;2;0;0;2;0;2;0;2014-05-03 15:00:00;1993;0;53;26;13;0;-1;1;-1;-1;-1;-1;-1;-1;1;1;4;4;2;8;-1;0;0;0;0;0;0;0;0;0;0;0;0;0;1;1;0;0;-1;-1;1;0;-1;-1;-1;-1;-1;-1;-1;-1;-1;30;43;61;87;96;57;83;96;39;0;0;5.38;3.6;Veržej;Dob;1.86;2;1.67;2.36;1.52;2.48;70;57;39;13;4;0;0;0;0;0;0;438;27;Y;Y;N;N;N;N;N
115491;1967;2003;2013/2014;complete;619;24;-1;58;68;1;1;2;-1;-1;-1;-1;-1;1;0;0;0;-1;-1;-1;-1;-1;-1;-1;-1;-1;-1;1;0;0;0;0;0;0;0;0;0;0;0;0;0;0;0;0;0;0;0;0;0;0;0;0;0;0;0;0;0;0;0;0;0;0;0;0;0;0;0;0;0;0;0;0;0;0;0;0;0;0;0;0;0;0;0;0;0;0;0;0;0;0;0;0;0;0;0;0;0;2;0;0;1;1;2;0;2014-05-03 15:00:00;-1;0;56;44;39;0;-1;1;-1;-1;-1;-1;-1;-1;0;0;1;0;0;1;-1;0;0;0;0;0;0;0;0;0;0;0;0;0;1;1;0;0;-1;-1;0;0;-1;-1;-1;-1;-1;-1;-1;-1;-1;30;44;69;74;96;52;79;78;48;0;0;5.08;3.47;Ankaran Hrvatini;Šampion Celje;1.69;0.71;1.64;0.5;1.48;0.65;70;57;31;27;5;0;0;0;0;0;0;438;27;Y;Y;N;N;N;N;Y
115492;1973;1999;2013/2014;complete;619;24;-1;5,6,68,71;9;4;1;5;-1;-1;-1;-1;-1;3;4;0;0;-1;-1;-1;-1;-1;-1;-1;-1;-1;-1;3;4;0;0;0;0;0;0;0;0;0;0;0;0;0;0;0;0;0;0;0;0;0;0;0;0;0;0;0;0;0;0;0;0;0;0;0;0;0;0;0;0;0;0;0;0;0;0;0;0;0;0;0;0;0;0;0;0;0;0;0;0;0;0;0;0;0;0;0;0;5;2;1;2;0;2;3;2014-05-03 17:00:00;1973;0;53;26;18;0;-1;1;-1;-1;-1;-1;-1;-1;2;2;1;2;4;3;-1;0;0;0;0;0;0;0;0;0;0;0;0;0;1;1;2;1;-1;-1;1;0;-1;-1;-1;-1;-1;-1;-1;-1;-1;35;43;62;75;92;49;66;92;57;0;0;5.03;3.27;Krško;Šencur;2;0.14;2.09;0.17;1.3;1.17;66;57;39;26;9;0;0;0;0;0;0;438;27;Y;Y;Y;Y;Y;N;Y
115493;1971;2002;2013/2014;complete;619;24;-1;4,27,33,38,67;;5;0;5;-1;-1;-1;-1;-1;-1;-1;-1;-1;-1;-1;-1;-1;-1;-1;-1;-1;-1;-1;-1;-1;0;0;0;0;0;0;0;0;0;0;0;0;0;0;0;0;0;0;0;0;0;0;0;0;0;0;0;0;0;0;0;0;0;0;0;0;0;0;0;0;0;0;0;0;0;0;0;0;0;0;0;0;0;0;0;0;0;0;0;0;0;0;0;0;0;0;0;0;5;4;0;1;0;1;4;2014-05-04 15:00:00;1971;0;33;4;13;0;-1;-1;-1;-1;-1;-1;-1;-1;-1;-1;-1;-1;-1;-1;-1;0;0;0;0;0;0;0;0;0;0;0;0;0;1;1;1;0;-1;-1;-1;-1;-1;-1;-1;-1;-1;-1;-1;-1;-1;21;34;54;67;96;25;79;79;42;0;0;6.17;2.88;Aluminij;Bela Krajina;1.86;0.14;1.67;0.17;1.65;0.26;80;67;46;33;4;0;0;0;0;0;0;438;27;Y;Y;Y;Y;Y;N;N
115494;2000;1975;2013/2014;complete;619;24;-1;50;40;1;1;2;-1;-1;-1;-1;-1;0;1;0;0;-1;-1;-1;-1;-1;-1;-1;-1;-1;-1;0;1;0;0;0;0;0;0;0;0;0;0;0;0;0;0;0;0;0;0;0;0;0;0;0;0;0;0;0;0;0;0;0;0;0;0;0;0;0;0;0;0;0;0;0;0;0;0;0;0;0;0;0;0;0;0;0;0;0;0;0;0;0;0;0;0;0;0;0;0;2;0;1;1;0;1;1;2014-05-04 15:00:00;-1;0;43;26;13;0;-1;1;-1;-1;-1;-1;-1;-1;0;1;0;0;1;0;-1;0;0;0;0;0;0;0;0;0;0;0;0;0;1;1;0;0;-1;-1;0;0;-1;-1;-1;-1;-1;-1;-1;-1;-1;22;35;53;66;87;39;79;61;40;0;0;4.97;2.89;Šmartno;Radomlje;1.64;1.77;1.83;2;1.52;2;78;66;47;35;13;0;0;0;0;0;0;438;27;Y;Y;N;N;N;N;Y
115495;1999;1967;2013/2014;complete;619;25;-1;2,11;47;2;1;3;-1;-1;-1;-1;-1;4;4;0;0;-1;-1;-1;-1;-1;-1;-1;-1;-1;-1;4;4;0;0;0;0;0;0;0;0;0;0;0;0;0;0;0;0;0;0;0;0;0;0;0;0;0;0;0;0;0;0;0;0;0;0;0;0;0;0;0;0;0;0;0;0;0;0;0;0;0;0;0;0;0;0;0;0;0;0;0;0;0;0;0;0;0;0;0;0;3;2;0;0;1;1;2;2014-05-09 17:00:00;1999;0;43;22;26;0;-1;1;-1;-1;-1;-1;-1;-1;1;1;3;3;2;6;-1;0;0;0;0;0;0;0;0;0;0;0;0;0;1;1;1;0;-1;-1;0;0;-1;-1;-1;-1;-1;-1;-1;-1;-1;18;44;70;79;100;35;79;87;70;0;0;5.34;3.33;Šencur;Ankaran Hrvatini;2.23;1.36;2.27;1.33;1.13;1.46;83;57;30;22;0;0;0;0;0;0;0;438;27;Y;Y;Y;N;N;N;Y
115496;1975;1971;2013/2014;complete;619;25;-1;56;8,31,90,90;1;4;5;-1;-1;-1;-1;-1;2;4;0;0;-1;-1;-1;-1;-1;-1;-1;-1;-1;-1;2;4;0;0;0;0;0;0;0;0;0;0;0;0;0;0;0;0;0;0;0;0;0;0;0;0;0;0;0;0;0;0;0;0;0;0;0;0;0;0;0;0;0;0;0;0;0;0;0;0;0;0;0;0;0;0;0;0;0;0;0;0;0;0;0;0;0;0;0;0;5;0;2;1;2;3;2;2014-05-10 13:00:00;1971;0;38;5;26;0;-1;1;-1;-1;-1;-1;-1;-1;1;1;1;3;2;4;-1;0;0;0;0;0;0;0;0;0;0;0;0;0;1;1;0;1;-1;-1;0;0;-1;-1;-1;-1;-1;-1;-1;-1;-1;26;35;52;64;78;21;61;74;52;0;0;5.72;2.83;Radomlje;Aluminij;1.93;1.62;2;1.64;1.96;1.71;75;66;49;36;22;0;0;0;0;0;0;438;27;Y;Y;Y;Y;Y;N;Y
115497;1994;2000;2013/2014;complete;619;25;-1;25,42,89;4;3;1;4;-1;-1;-1;-1;-1;3;3;1;1;-1;-1;-1;-1;-1;-1;-1;-1;-1;-1;4;4;0;0;0;0;0;0;0;0;0;0;0;0;0;0;0;0;0;0;0;0;0;0;0;0;0;0;0;0;0;0;0;0;0;0;0;0;0;0;0;0;0;0;0;0;0;0;0;0;0;0;0;0;0;0;0;0;0;0;0;0;0;0;0;0;0;0;0;0;4;2;1;1;0;1;3;2014-05-10 15:00:00;1994;0;53;13;26;0;-1;1;-1;-1;-1;-1;-1;-1;1;1;3;3;2;6;-1;0;0;0;0;0;0;0;0;0;0;0;0;0;1;1;0;1;-1;-1;0;0;-1;-1;-1;-1;-1;-1;-1;-1;-1;18;31;39;62;96;18;71;74;35;0;0;4.61;2.54;Dob;Šmartno;2.64;1.08;2.58;1.18;2.38;1.5;83;70;61;39;4;0;0;0;0;0;0;438;27;Y;Y;Y;Y;N;N;Y
115498;2002;1973;2013/2014;complete;619;25;-1;;90,90;0;2;2;-1;-1;-1;-1;-1;2;0;0;0;-1;-1;-1;-1;-1;-1;-1;-1;-1;-1;2;0;0;0;0;0;0;0;0;0;0;0;0;0;0;0;0;0;0;0;0;0;0;0;0;0;0;0;0;0;0;0;0;0;0;0;0;0;0;0;0;0;0;0;0;0;0;0;0;0;0;0;0;0;0;0;0;0;0;0;0;0;0;0;0;0;0;0;0;0;2;0;0;0;2;2;0;2014-05-11 15:00:00;1973;0;34;9;22;0;-1;1;-1;-1;-1;-1;-1;-1;1;0;1;0;1;1;-1;0;0;0;0;0;0;0;0;0;0;0;0;0;1;1;0;0;-1;-1;1;0;-1;-1;-1;-1;-1;-1;-1;-1;-1;17;26;39;57;87;26;66;65;31;0;0;6;2.26;Bela Krajina;Krško;0.31;0.71;0.36;0.58;0.25;1.38;83;75;61;44;13;0;0;0;0;0;0;438;27;Y;Y;N;N;N;N;N
115499;2003;1993;2013/2014;complete;619;25;-1;;55,58,90;0;3;3;-1;-1;-1;-1;-1;4;0;1;0;-1;-1;-1;-1;-1;-1;-1;-1;-1;-1;5;0;0;0;0;0;0;0;0;0;0;0;0;0;0;0;0;0;0;0;0;0;0;0;0;0;0;0;0;0;0;0;0;0;0;0;0;0;0;0;0;0;0;0;0;0;0;0;0;0;0;0;0;0;0;0;0;0;0;0;0;0;0;0;0;0;0;0;0;0;3;0;0;0;3;3;0;2014-05-13 15:30:00;1993;0;55;27;23;0;-1;1;-1;-1;-1;-1;-1;-1;3;0;2;0;3;2;-1;0;0;0;0;0;0;0;0;1;0;1;0;0;1;1;0;0;-1;-1;0;0;-1;-1;-1;-1;-1;-1;-1;-1;-1;36;60;69;78;96;55;82;87;50;0;0;4.6;3.96;Šampion Celje;Veržej;0.92;1.62;0.82;1.36;0.67;1.58;64;41;32;23;5;0;0;0;0;0;0;438;27;Y;Y;Y;N;N;N;N
115500;1993;1999;2013/2014;complete;619;26;-1;68,78;45;2;1;3;-1;-1;-1;-1;-1;2;3;0;0;-1;-1;-1;-1;-1;-1;-1;-1;-1;-1;2;3;0;0;0;0;0;0;0;0;0;0;0;0;0;0;0;0;0;0;0;0;0;0;0;0;0;0;0;0;0;0;0;0;0;0;0;0;0;0;0;0;0;0;0;0;0;0;0;0;0;0;0;0;0;0;0;0;0;0;0;0;0;0;0;0;0;0;0;0;3;0;1;2;0;2;1;2014-05-17 15:00:00;1993;0;46;27;15;0;-1;1;-1;-1;-1;-1;-1;-1;1;3;1;0;4;1;-1;0;0;0;0;0;0;0;0;0;0;0;0;0;1;1;0;0;-1;-1;0;1;-1;-1;-1;-1;-1;-1;-1;-1;-1;42;50;54;81;92;46;70;92;58;0;0;5.54;3.46;Veržej;Šencur;1.86;0.14;1.77;0.15;1.64;1.2;58;50;46;20;8;0;0;0;0;0;0;438;27;Y;Y;Y;N;N;N;Y
115501;1967;1973;2013/2014;complete;619;26;-1;29,31,71;;3;0;3;-1;-1;-1;-1;-1;1;2;0;0;-1;-1;-1;-1;-1;-1;-1;-1;-1;-1;1;2;0;0;0;0;0;0;0;0;0;0;0;0;0;0;0;0;0;0;0;0;0;0;0;0;0;0;0;0;0;0;0;0;0;0;0;0;0;0;0;0;0;0;0;0;0;0;0;0;0;0;0;0;0;0;0;0;0;0;0;0;0;0;0;0;0;0;0;0;3;2;0;1;0;1;2;2014-05-17 15:00:00;1967;0;48;29;33;0;-1;1;-1;-1;-1;-1;-1;-1;0;0;1;2;0;3;-1;0;0;0;0;0;0;0;0;0;0;0;0;0;1;1;0;0;-1;-1;0;0;-1;-1;-1;-1;-1;-1;-1;-1;-1;24;37;44;65;89;37;69;76;41;0;0;5.67;2.73;Ankaran Hrvatini;Krško;1.69;0.71;1.58;0.77;1.4;1.44;76;64;56;36;12;0;0;0;0;0;0;438;27;Y;Y;Y;N;N;N;N
115502;1975;2002;2013/2014;complete;619;26;-1;47,70;28;2;1;3;-1;-1;-1;-1;-1;4;3;0;0;-1;-1;-1;-1;-1;-1;-1;-1;-1;-1;4;3;0;0;0;0;0;0;0;0;0;0;0;0;0;0;0;0;0;0;0;0;0;0;0;0;0;0;0;0;0;0;0;0;0;0;0;0;0;0;0;0;0;0;0;0;0;0;0;0;0;0;0;0;0;0;0;0;0;0;0;0;0;0;0;0;0;0;0;0;3;0;1;2;0;2;1;2014-05-18 15:00:00;1975;0;47;0;27;0;-1;1;-1;-1;-1;-1;-1;-1;1;1;3;2;2;5;-1;0;0;0;0;0;0;0;0;0;0;0;0;0;1;1;0;0;-1;-1;0;0;-1;-1;-1;-1;-1;-1;-1;-1;-1;42;46;66;77;92;31;73;85;62;0;0;5.65;3.62;Radomlje;Bela Krajina;1.93;0.14;1.85;0.15;1.88;0.24;58;54;35;23;8;0;0;0;0;0;0;438;27;Y;Y;Y;N;N;N;Y
115503;1971;1994;2013/2014;complete;619;26;-1;1,27,45;61,72;3;2;5;-1;-1;-1;-1;-1;1;3;0;0;-1;-1;-1;-1;-1;-1;-1;-1;-1;-1;1;3;0;0;0;0;0;0;0;0;0;0;0;0;0;0;0;0;0;0;0;0;0;0;0;0;0;0;0;0;0;0;0;0;0;0;0;0;0;0;0;0;0;0;0;0;0;0;0;0;0;0;0;0;0;0;0;0;0;0;0;0;0;0;0;0;0;0;0;0;5;3;0;0;2;2;3;2014-05-18 15:00:00;1971;0;41;17;8;0;-1;1;-1;-1;-1;-1;-1;-1;1;1;0;2;2;2;-1;0;0;0;0;0;0;0;0;0;0;0;0;0;1;1;1;0;-1;-1;0;0;-1;-1;-1;-1;-1;-1;-1;-1;-1;16;32;56;76;100;48;80;93;28;0;0;5.67;2.97;Aluminij;Dob;1.86;2;1.77;2.17;1.76;2.4;84;68;44;24;0;0;0;0;0;0;0;438;27;Y;Y;Y;Y;Y;N;Y
115504;2000;2003;2013/2014;complete;619;26;-1;64;4,31,66,68;1;4;5;-1;-1;-1;-1;-1;1;1;0;0;-1;-1;-1;-1;-1;-1;-1;-1;-1;-1;1;1;0;0;0;0;0;0;0;0;0;0;0;0;0;0;0;0;0;0;0;0;0;0;0;0;0;0;0;0;0;0;0;0;0;0;0;0;0;0;0;0;0;0;0;0;0;0;0;0;0;0;0;0;0;0;0;0;0;0;0;0;0;0;0;0;0;0;0;0;5;0;2;1;2;3;2;2014-05-18 15:00:00;2003;0;62;31;31;0;-1;1;-1;-1;-1;-1;-1;-1;1;1;0;0;2;0;-1;0;0;0;0;0;0;0;0;0;0;0;0;0;1;1;0;1;-1;-1;0;0;-1;-1;-1;-1;-1;-1;-1;-1;-1;23;38;58;74;93;43;73;74;39;0;0;4.15;3;Šmartno;Šampion Celje;1.64;0.71;1.77;0.54;1.44;0.64;77;62;43;27;8;0;0;0;0;0;0;438;27;Y;Y;Y;Y;Y;N;Y
115505;1973;1993;2013/2014;complete;619;27;-1;;60,86;0;2;2;-1;-1;-1;-1;-1;2;5;0;0;-1;-1;-1;-1;-1;-1;-1;-1;-1;-1;2;5;0;0;0;0;0;0;0;0;0;0;0;0;0;0;0;0;0;0;0;0;0;0;0;0;0;0;0;0;0;0;0;0;0;0;0;0;0;0;0;0;0;0;0;0;0;0;0;0;0;0;0;0;0;0;0;0;0;0;0;0;0;0;0;0;0;0;0;0;2;0;0;0;2;2;0;2014-05-23 16:00:00;1993;0;55;25;21;0;-1;1;-1;-1;-1;-1;-1;-1;0;1;2;4;1;6;-1;0;0;0;0;0;0;0;0;0;0;0;0;0;1;1;0;0;-1;-1;0;0;-1;-1;-1;-1;-1;-1;-1;-1;-1;33;46;75;83;96;54;79;88;58;0;0;5;3.83;Krško;Veržej;2;1.62;2.17;1.5;1.38;1.69;67;54;25;17;4;0;0;0;0;0;0;438;27;Y;Y;N;N;N;N;N
115506;1999;2000;2013/2014;complete;619;27;-1;58;80;1;1;2;-1;-1;-1;-1;-1;3;3;0;0;-1;-1;-1;-1;-1;-1;-1;-1;-1;-1;3;3;0;0;0;0;0;0;0;0;0;0;0;0;0;0;0;0;0;0;0;0;0;0;0;0;0;0;0;0;0;0;0;0;0;0;0;0;0;0;0;0;0;0;0;0;0;0;0;0;0;0;0;0;0;0;0;0;0;0;0;0;0;0;0;0;0;0;0;0;2;0;0;1;1;2;0;2014-05-23 17:00:00;-1;0;55;25;25;0;-1;1;-1;-1;-1;-1;-1;-1;2;1;1;2;3;3;-1;0;0;0;0;0;0;0;0;0;0;0;0;0;1;1;0;0;-1;-1;1;0;-1;-1;-1;-1;-1;-1;-1;-1;-1;21;42;63;79;100;42;92;79;46;0;0;5.67;3.34;Šencur;Šmartno;2.23;1.08;2.33;1.08;1.15;1.38;79;58;38;21;0;0;0;0;0;0;0;438;27;Y;Y;N;N;N;N;Y
115507;2002;1967;2013/2014;complete;619;27;-1;;5,9;0;2;2;-1;-1;-1;-1;-1;0;1;0;0;-1;-1;-1;-1;-1;-1;-1;-1;-1;-1;0;1;0;0;0;0;0;0;0;0;0;0;0;0;0;0;0;0;0;0;0;0;0;0;0;0;0;0;0;0;0;0;0;0;0;0;0;0;0;0;0;0;0;0;0;0;0;0;0;0;0;0;0;0;0;0;0;0;0;0;0;0;0;0;0;0;0;0;0;0;2;0;2;0;0;0;2;2014-05-24 13:00:00;1967;0;36;8;20;0;-1;1;-1;-1;-1;-1;-1;-1;0;1;0;0;1;0;-1;0;0;0;0;0;0;0;0;0;0;0;0;0;1;1;0;2;-1;-1;0;0;-1;-1;-1;-1;-1;-1;-1;-1;-1;8;28;48;68;96;24;64;75;52;0;0;5.13;2.47;Bela Krajina;Ankaran Hrvatini;0.31;1.36;0.33;1.23;0.23;1.46;92;73;53;33;4;0;0;0;0;0;0;438;27;Y;Y;N;N;N;N;N
115508;2003;1971;2013/2014;complete;619;27;-1;52,58;;2;0;2;-1;-1;-1;-1;-1;1;1;0;0;-1;-1;-1;-1;-1;-1;-1;-1;-1;-1;1;1;0;0;0;0;0;0;0;0;0;0;0;0;0;0;0;0;0;0;0;0;0;0;0;0;0;0;0;0;0;0;0;0;0;0;0;0;0;0;0;0;0;0;0;0;0;0;0;0;0;0;0;0;0;0;0;0;0;0;0;0;0;0;0;0;0;0;0;0;2;0;0;2;0;2;0;2014-05-24 13:00:00;2003;0;42;21;21;0;-1;1;-1;-1;-1;-1;-1;-1;0;0;1;1;0;2;-1;0;0;0;0;0;0;0;0;0;0;0;0;0;1;1;0;0;-1;-1;0;0;-1;-1;-1;-1;-1;-1;-1;-1;-1;25;46;55;63;80;34;63;75;46;0;0;5.68;2.92;Šampion Celje;Aluminij;0.92;1.62;0.75;1.75;0.73;1.81;75;55;46;38;21;0;0;0;0;0;0;438;27;Y;Y;N;N;N;N;N
115509;1994;1975;2013/2014;complete;619;27;-1;7,9,23;14,84;3;2;5;-1;-1;-1;-1;-1;3;4;0;1;-1;-1;-1;-1;-1;-1;-1;-1;-1;-1;3;5;0;0;0;0;0;0;0;0;0;0;0;0;0;0;0;0;0;0;0;0;0;0;0;0;0;0;0;0;0;0;0;0;0;0;0;0;0;0;0;0;0;0;0;0;0;0;0;0;0;0;0;0;0;0;0;0;0;0;0;0;0;0;0;0;0;0;0;0;5;3;1;0;1;1;4;2014-05-24 13:00:00;1994;0;44;20;16;0;-1;1;-1;-1;-1;-1;-1;-1;0;2;3;3;2;6;-1;0;0;0;0;0;0;0;0;0;0;0;0;0;1;1;2;0;-1;-1;0;0;-1;-1;-1;-1;-1;-1;-1;-1;-1;20;28;52;65;92;29;69;72;44;0;0;4.88;2.82;Dob;Radomlje;2.64;1.77;2.62;1.92;2.31;1.92;80;72;48;36;8;0;0;0;0;0;0;438;27;Y;Y;Y;Y;Y;N;Y
