ID;HOMEID;AWAYID;SEASON;STATUS;ROUNDID;GAME_WEEK;REVISED_GAME_WEEK;HOMEGOALS;AWAYGOALS;HOMEGOALCOUNT;AWAYGOALCOUNT;TOTALGOALCOUNT;TEAM_A_CORNERS;TEAM_B_CORNERS;TOTALCORNERCOUNT;TEAM_A_OFFSIDES;TEAM_B_OFFSIDES;TEAM_A_YELLOW_CARDS;TEAM_B_YELLOW_CARDS;TEAM_A_RED_CARDS;TEAM_B_RED_CARDS;TEAM_A_SHOTSONTARGET;TEAM_B_SHOTSONTARGET;TEAM_A_SHOTSOFFTARGET;TEAM_B_SHOTSOFFTARGET;TEAM_A_SHOTS;TEAM_B_SHOTS;TEAM_A_FOULS;TEAM_B_FOULS;TEAM_A_POSSESSION;TEAM_B_POSSESSION;TEAM_A_CARDS_NUM;TEAM_B_CARDS_NUM;ODDS_FT_1;ODDS_FT_X;ODDS_FT_2;ODDS_FT_OVER05;ODDS_FT_OVER15;ODDS_FT_OVER25;ODDS_FT_OVER35;ODDS_FT_OVER45;ODDS_FT_UNDER05;ODDS_FT_UNDER15;ODDS_FT_UNDER25;ODDS_FT_UNDER35;ODDS_FT_UNDER45;ODDS_BTTS_YES;ODDS_BTTS_NO;ODDS_TEAM_A_CS_YES;ODDS_TEAM_A_CS_NO;ODDS_TEAM_B_CS_YES;ODDS_TEAM_B_CS_NO;ODDS_DOUBLECHANCE_1X;ODDS_DOUBLECHANCE_12;ODDS_DOUBLECHANCE_X2;ODDS_1ST_HALF_RESULT_1;ODDS_1ST_HALF_RESULT_X;ODDS_1ST_HALF_RESULT_2;ODDS_2ND_HALF_RESULT_1;ODDS_2ND_HALF_RESULT_X;ODDS_2ND_HALF_RESULT_2;ODDS_DNB_1;ODDS_DNB_2;ODDS_CORNERS_OVER_75;ODDS_CORNERS_OVER_85;ODDS_CORNERS_OVER_95;ODDS_CORNERS_OVER_105;ODDS_CORNERS_OVER_115;ODDS_CORNERS_UNDER_75;ODDS_CORNERS_UNDER_85;ODDS_CORNERS_UNDER_95;ODDS_CORNERS_UNDER_105;ODDS_CORNERS_UNDER_115;ODDS_CORNERS_1;ODDS_CORNERS_X;ODDS_CORNERS_2;ODDS_TEAM_TO_SCORE_FIRST_1;ODDS_TEAM_TO_SCORE_FIRST_X;ODDS_TEAM_TO_SCORE_FIRST_2;ODDS_WIN_TO_NIL_1;ODDS_WIN_TO_NIL_2;ODDS_1ST_HALF_OVER05;ODDS_1ST_HALF_OVER15;ODDS_1ST_HALF_OVER25;ODDS_1ST_HALF_OVER35;ODDS_1ST_HALF_UNDER05;ODDS_1ST_HALF_UNDER15;ODDS_1ST_HALF_UNDER25;ODDS_1ST_HALF_UNDER35;ODDS_2ND_HALF_OVER05;ODDS_2ND_HALF_OVER15;ODDS_2ND_HALF_OVER25;ODDS_2ND_HALF_OVER35;ODDS_2ND_HALF_UNDER05;ODDS_2ND_HALF_UNDER15;ODDS_2ND_HALF_UNDER25;ODDS_2ND_HALF_UNDER35;ODDS_BTTS_1ST_HALF_YES;ODDS_BTTS_1ST_HALF_NO;ODDS_BTTS_2ND_HALF_YES;ODDS_BTTS_2ND_HALF_NO;OVERALLGOALCOUNT;HT_GOALS_TEAM_A;HT_GOALS_TEAM_B;GOALS_2HG_TEAM_A;GOALS_2HG_TEAM_B;GOALCOUNT_2HG;HTGOALCOUNT;DATE_UNIX;WINNINGTEAM;NO_HOME_AWAY;BTTS_POTENTIAL;BTTS_FHG_POTENTIAL;BTTS_2HG_POTENTIAL;GOALTIMINGDISABLED;CORNER_TIMINGS_RECORDED;CARD_TIMINGS_RECORDED;TEAM_A_FH_CORNERS;TEAM_B_FH_CORNERS;TEAM_A_2H_CORNERS;TEAM_B_2H_CORNERS;CORNER_FH_COUNT;CORNER_2H_COUNT;TEAM_A_FH_CARDS;TEAM_B_FH_CARDS;TEAM_A_2H_CARDS;TEAM_B_2H_CARDS;TOTAL_FH_CARDS;TOTAL_2H_CARDS;ATTACKS_RECORDED;TEAM_A_DANGEROUS_ATTACKS;TEAM_B_DANGEROUS_ATTACKS;TEAM_A_ATTACKS;TEAM_B_ATTACKS;TEAM_A_XG;TEAM_B_XG;TOTAL_XG;TEAM_A_PENALTIES_WON;TEAM_B_PENALTIES_WON;TEAM_A_PENALTY_GOALS;TEAM_B_PENALTY_GOALS;TEAM_A_PENALTY_MISSED;TEAM_B_PENALTY_MISSED;PENS_RECORDED;GOAL_TIMINGS_RECORDED;TEAM_A_0_10_MIN_GOALS;TEAM_B_0_10_MIN_GOALS;TEAM_A_CORNERS_0_10_MIN;TEAM_B_CORNERS_0_10_MIN;TEAM_A_CARDS_0_10_MIN;TEAM_B_CARDS_0_10_MIN;THROWINS_RECORDED;TEAM_A_THROWINS;TEAM_B_THROWINS;FREEKICKS_RECORDED;TEAM_A_FREEKICKS;TEAM_B_FREEKICKS;GOALKICKS_RECORDED;TEAM_A_GOALKICKS;TEAM_B_GOALKICKS;O45_POTENTIAL;O35_POTENTIAL;O25_POTENTIAL;O15_POTENTIAL;O05_POTENTIAL;O15HT_POTENTIAL;O05HT_POTENTIAL;O05_2H_POTENTIAL;O15_2H_POTENTIAL;CORNERS_POTENTIAL;OFFSIDES_POTENTIAL;CARDS_POTENTIAL;AVG_POTENTIAL;HOME_NAME;AWAY_NAME;HOME_PPG;AWAY_PPG;PRE_MATCH_HOME_PPG;PRE_MATCH_AWAY_PPG;PRE_MATCH_TEAMA_OVERALL_PPG;PRE_MATCH_TEAMB_OVERALL_PPG;U45_POTENTIAL;U35_POTENTIAL;U25_POTENTIAL;U15_POTENTIAL;U05_POTENTIAL;CORNERS_O85_POTENTIAL;CORNERS_O95_POTENTIAL;CORNERS_O105_POTENTIAL;TEAM_A_XG_PREMATCH;TEAM_B_XG_PREMATCH;TOTAL_XG_PREMATCH;COMPETITION_ID;MATCHES_COMPLETED_MINIMUM;OVER05;OVER15;OVER25;OVER35;OVER45;OVER55;BTTS
613663;1973;1975;2019/2020;complete;50979;1;-1;8,56,68;17,20,31;3;3;6;2;5;7;-1;-1;5;1;0;0;8;12;6;7;14;19;-1;-1;50;50;5;1;1.57;3.25;2.25;0;0;1.6;0;0;0;0;2.3;0;0;1.5;2.5;0;0;0;0;1.33;1.3;1.62;2.63;2.25;3.4;2.4;2.7;3.1;0;0;0;0;0;0;0;0;0;0;0;0;0;0;0;0;0;0;0;0;0;0;0;0;0;0;0;0;0;0;0;0;0;0;0;0;0;0;0;0;6;1;3;2;0;2;4;2019-07-27 15:30:00;-1;0;0;0;0;0;1;1;1;3;1;2;4;3;1;0;4;1;1;5;1;0;0;0;0;1.9;2.61;4.5;0;0;0;0;0;0;1;1;1;0;0;0;0;0;-1;-1;-1;-1;-1;-1;-1;-1;-1;0;0;0;0;0;0;0;0;0;0;0;0;0;Krško;Radomlje;1.1;2;0;0;0;0;0;0;0;0;0;0;0;0;0;0;0;2252;20;Y;Y;Y;Y;Y;Y;Y
613664;1997;10055;2019/2020;complete;50979;1;-1;;75;0;1;1;4;3;7;-1;-1;3;1;0;0;0;2;0;0;0;2;-1;-1;50;50;3;1;1.45;3.25;2.55;0;0;1.65;0;0;0;0;2.2;0;0;1.53;2.38;0;0;0;0;1.3;1.3;1.67;2.5;2.25;3.6;2.3;2.63;3.3;0;0;0;0;0;0;0;0;0;0;0;0;0;0;0;0;0;0;0;0;0;0;0;0;0;0;0;0;0;0;0;0;0;0;0;0;0;0;0;0;1;0;0;0;1;1;0;2019-07-27 15:30:00;10055;0;0;0;0;0;1;1;1;1;3;2;2;5;1;0;2;1;1;3;1;45;63;68;87;0.34;0.73;1.07;0;0;0;0;0;0;1;1;0;0;0;0;0;0;-1;-1;-1;-1;-1;-1;-1;-1;-1;0;0;0;0;0;0;0;0;0;0;0;0;0;Rogaška;Bilje;1.3;1.9;0;0;0;0;0;0;0;0;0;0;0;0;0;0;0;2252;20;Y;N;N;N;N;N;N
613665;1987;1994;2019/2020;complete;50979;1;-1;24,41;79;2;1;3;3;3;6;-1;-1;4;3;0;0;7;6;3;3;10;9;-1;-1;50;50;4;3;1.25;3.6;3.6;0;0;1.5;0;0;0;0;2.5;0;0;1.5;2.5;0;0;0;0;1.2;1.25;2;2.1;2.4;4.33;1.91;2.88;4;0;0;0;0;0;0;0;0;0;0;0;0;0;0;0;0;0;0;0;0;0;0;0;0;0;0;0;0;0;0;0;0;0;0;0;0;0;0;0;0;3;2;0;0;1;1;2;2019-07-27 15:30:00;1987;0;0;0;0;0;1;1;2;1;1;2;3;3;1;1;3;2;2;5;1;63;63;123;104;1.59;1.45;3.04;0;0;0;0;0;0;1;1;0;0;1;0;0;0;-1;-1;-1;-1;-1;-1;-1;-1;-1;0;0;0;0;0;0;0;0;0;0;0;0;0;Fužinar;Dob;1.82;1.4;0;0;0;0;0;0;0;0;0;0;0;0;0;0;0;2252;20;Y;Y;Y;N;N;N;Y
613666;1985;1995;2019/2020;complete;50979;1;-1;40,63,80;73;3;1;4;9;8;17;-1;-1;3;1;0;0;7;4;3;3;10;7;-1;-1;50;50;3;1;1.95;3.5;1.75;0;0;1.5;0;0;0;0;2.5;0;0;1.4;2.75;0;0;0;0;1.53;1.25;1.44;3;2.3;2.88;2.8;2.8;2.5;0;0;0;0;0;0;0;0;0;0;0;0;0;0;0;0;0;0;0;0;0;0;0;0;0;0;0;0;0;0;0;0;0;0;0;0;0;0;0;0;4;1;0;2;1;3;1;2019-07-27 15:30:00;1985;0;0;0;0;0;1;1;5;4;4;4;9;8;1;0;2;1;1;3;1;58;75;98;136;1.55;1.28;2.83;0;0;0;0;0;0;1;1;0;0;0;1;0;0;-1;-1;-1;-1;-1;-1;-1;-1;-1;0;0;0;0;0;0;0;0;0;0;0;0;0;Dekani;NŠ Drava;1.4;1;0;0;0;0;0;0;0;0;0;0;0;0;0;0;0;2252;20;Y;Y;Y;Y;N;N;Y
613667;1978;1976;2019/2020;complete;50979;1;-1;57,72;7,49;2;2;4;7;5;12;-1;-1;1;2;0;0;8;6;13;13;21;19;-1;-1;50;50;1;2;7;5.05;1.31;0;0;1.6;0;0;0;0;2.3;0;0;1.73;2;0;0;0;0;3.25;1.12;1.07;6.5;2.5;1.8;6;3;1.62;0;0;0;0;0;0;0;0;0;0;0;0;0;0;0;0;0;0;0;0;0;0;0;0;0;0;0;0;0;0;0;0;0;0;0;0;0;0;0;0;4;0;1;2;1;3;1;2019-07-27 15:00:00;-1;0;0;0;0;0;1;1;5;5;2;0;10;2;0;1;1;1;1;2;1;0;0;0;0;2.31;1.92;4.23;0;0;0;0;0;0;1;1;0;1;1;0;0;0;-1;-1;-1;-1;-1;-1;-1;-1;-1;0;0;0;0;0;0;0;0;0;0;0;0;0;Krka;Koper;1.45;2.3;0;0;0;0;0;0;0;0;0;0;0;0;0;0;0;2252;20;Y;Y;Y;Y;N;N;Y
613668;1990;16047;2019/2020;complete;50979;1;-1;65;74;1;1;2;9;3;12;-1;-1;1;1;0;0;3;4;8;6;11;10;-1;-1;50;50;1;1;1.57;3.4;2.25;0;0;1.65;0;0;0;0;2.2;0;0;1.53;2.38;0;0;0;0;1.36;1.29;1.62;2.63;2.2;3.6;2.3;2.63;3.3;0;0;0;0;0;0;0;0;0;0;0;0;0;0;0;0;0;0;0;0;0;0;0;0;0;0;0;0;0;0;0;0;0;0;0;0;0;0;0;0;2;0;0;1;1;2;0;2019-07-28 15:30:00;-1;0;0;0;0;0;1;1;3;2;6;1;5;7;1;0;0;1;1;1;1;0;0;0;0;1.36;1.41;2.77;0;0;0;0;0;0;1;1;0;0;1;0;0;0;-1;-1;-1;-1;-1;-1;-1;-1;-1;0;0;0;0;0;0;0;0;0;0;0;0;0;Brda Dobrovo;Dravograd;0.8;0.4;0;0;0;0;0;0;0;0;0;0;0;0;0;0;0;2252;20;Y;Y;N;N;N;N;Y
613669;1969;10054;2019/2020;complete;50979;1;-1;49,70,78,90;26;4;1;5;9;0;9;-1;-1;0;5;0;1;7;3;12;4;19;7;-1;-1;50;50;0;6;1.25;5.25;8;0;0;1.44;0;0;0;0;2.7;0;0;0;0;0;0;0;0;1.05;1.12;3.5;0;0;0;0;0;0;0;0;0;0;0;0;0;0;0;0;0;0;0;0;0;0;0;0;0;0;0;0;0;0;0;0;0;0;0;0;0;0;0;0;0;0;0;0;0;0;5;0;1;4;0;4;1;2019-07-27 15:30:00;1969;0;0;0;0;0;-1;1;-1;-1;-1;-1;-1;-1;0;2;0;4;2;4;1;80;41;100;79;2.26;0.95;3.21;2;0;2;0;0;0;1;1;0;0;-1;-1;0;0;-1;-1;-1;-1;-1;-1;-1;-1;-1;0;0;0;0;0;0;0;0;0;0;0;0;0;Gorica;Beltinci;1.78;0.4;0;0;0;0;0;0;0;0;0;0;0;0;0;0;0;2252;20;Y;Y;Y;Y;Y;N;Y
613670;1989;1988;2019/2020;complete;50979;1;-1;37,50,80;90;3;1;4;10;4;14;-1;-1;1;3;0;0;14;5;10;7;24;12;-1;-1;50;50;1;3;1.33;4.5;7;0;0;1.4;0;0;0;0;2.88;0;0;0;0;0;0;0;0;1.07;1.14;3;0;0;0;0;0;0;0;0;0;0;0;0;0;0;0;0;0;0;0;0;0;0;0;0;0;0;0;0;0;0;0;0;0;0;0;0;0;0;0;0;0;0;0;0;0;0;4;1;0;2;1;3;1;2019-07-27 15:30:00;1989;0;0;0;0;0;1;1;4;1;5;3;5;8;1;1;0;2;2;2;1;93;61;143;105;3.16;1.55;4.71;0;0;0;0;0;0;1;1;0;0;0;0;0;0;-1;-1;-1;-1;-1;-1;-1;-1;-1;0;0;0;0;0;0;0;0;0;0;0;0;0;Nafta;Brežice;2.3;0.64;0;0;0;0;0;0;0;0;0;0;0;0;0;0;0;2252;20;Y;Y;Y;Y;N;N;Y
613671;1975;1988;2019/2020;complete;50979;2;-1;49,85;;2;0;2;10;3;13;-1;-1;2;3;0;0;13;4;9;6;22;10;-1;-1;50;50;2;3;1.14;7;13;0;0;1.33;0;0;0;0;3.4;0;0;0;0;0;0;0;0;1.01;1.08;5;0;0;0;0;0;0;0;0;0;0;0;0;0;0;0;0;0;0;0;0;0;0;0;0;0;0;0;0;0;0;0;0;0;0;0;0;0;0;0;0;0;0;0;0;0;0;2;0;0;2;0;2;0;2019-08-03 15:30:00;1975;0;50;0;50;0;1;1;8;1;2;2;9;4;1;2;1;1;3;2;1;0;0;0;0;3.1;1.48;4.57;0;0;0;0;0;0;1;1;0;0;2;0;1;0;-1;-1;-1;-1;-1;-1;-1;-1;-1;0;50;50;50;50;0;50;50;50;4;0;3;2;Radomlje;Brežice;2;0.64;0;0;1;0;50;0;0;0;0;50;50;50;0;1.55;1.55;2252;20;Y;Y;N;N;N;N;N
613672;10054;1989;2019/2020;complete;50979;2;-1;19;;1;0;1;3;7;10;-1;-1;2;1;0;0;5;5;3;9;8;14;-1;-1;50;50;2;1;4.8;4.5;1.14;0;0;1.4;0;0;0;0;2.88;0;0;1.5;2.5;0;0;0;0;2.62;1.14;1.1;5;2.5;1.91;4.5;3.1;1.73;0;0;0;0;0;0;0;0;0;0;0;0;0;0;0;0;0;0;15;2.87;0;0;0;0;0;0;0;0;0;0;0;0;0;0;0;0;0;0;0;0;1;1;0;0;0;0;1;2019-08-04 15:30:00;10054;0;0;0;0;0;1;1;2;5;1;2;7;3;1;1;1;0;2;1;1;62;67;114;143;1.31;1.73;3.04;0;0;0;0;0;0;1;1;0;0;1;1;0;0;-1;-1;-1;-1;-1;-1;-1;-1;-1;0;0;0;0;0;0;0;0;0;0;0;0;0;Beltinci;Nafta;1.6;1.4;0;0;0;3;0;0;0;0;0;0;0;0;0;0;0;2252;20;Y;N;N;N;N;N;N
613673;16047;1969;2019/2020;complete;50979;2;-1;49;7,21,67;1;3;4;8;1;9;-1;-1;2;1;0;0;6;6;6;8;12;14;-1;-1;50;50;2;1;5.5;4.2;1.44;0;0;1.53;0;0;0;0;2.4;0;0;0;0;0;0;0;0;2.5;1.2;1.11;0;0;0;0;0;0;0;0;0;0;0;0;0;0;0;0;0;0;0;0;0;0;0;0;0;0;0;0;0;0;0;0;0;0;0;0;0;0;0;0;0;0;0;0;0;0;4;0;2;1;1;2;2;2019-08-03 15:30:00;1969;0;0;0;0;0;1;1;1;1;7;0;2;7;0;1;2;0;1;2;1;0;0;0;0;1.51;1.79;3.3;0;1;0;1;0;0;1;1;0;1;0;0;0;0;-1;-1;-1;-1;-1;-1;-1;-1;-1;0;0;0;0;0;0;0;0;0;0;0;0;0;Dravograd;Gorica;0.6;2.27;0;0;1;3;0;0;0;0;0;0;0;0;0;0;0;2252;20;Y;Y;Y;Y;N;N;Y
613674;1976;1990;2019/2020;complete;50979;2;-1;57;87;1;1;2;8;5;13;-1;-1;2;4;0;0;9;3;12;6;21;9;-1;-1;50;50;2;4;1;10;17;0;0;1.25;0;0;0;0;4;0;0;1.83;1.83;0;0;0;0;1.01;1.03;7;1.33;3.5;11;1.25;4.5;11;0;0;0;0;0;0;0;0;0;0;0;0;0;0;0;0;0;0;0;0;0;0;0;0;0;0;0;0;0;0;0;0;0;0;0;0;0;0;0;0;2;0;0;1;1;2;0;2019-08-03 18:00:00;-1;0;0;0;0;0;1;1;8;1;0;4;9;4;1;0;1;4;1;5;1;0;0;0;0;2.5;1.12;3.62;0;0;0;0;0;0;1;1;0;0;1;0;0;0;-1;-1;-1;-1;-1;-1;-1;-1;-1;0;0;0;0;0;0;0;0;0;0;0;0;0;Koper;Brda Dobrovo;2.1;1.1;0;0;1;1;0;0;0;0;0;0;0;0;0;0;0;2252;20;Y;Y;N;N;N;N;Y
613675;1995;1978;2019/2020;complete;50979;2;-1;;90;0;1;1;8;2;10;-1;-1;3;2;0;0;7;5;5;1;12;6;-1;-1;50;50;3;2;2.1;3.6;1.65;0;0;1.5;0;0;0;0;2.5;0;0;1.44;2.63;0;0;0;0;1.53;1.25;1.44;3.2;2.3;2.7;2.88;2.75;2.5;0;0;0;0;0;0;0;0;0;0;0;0;0;0;0;0;0;0;0;0;0;0;0;0;0;0;0;0;0;0;0;0;0;0;0;0;0;0;0;0;1;0;0;0;1;1;0;2019-08-03 15:00:00;1978;0;0;0;0;0;1;1;4;1;4;1;5;5;1;1;2;1;2;3;1;66;44;129;138;1.73;1.07;2.81;0;0;0;0;0;0;1;1;0;0;0;0;1;0;-1;-1;-1;-1;-1;-1;-1;-1;-1;0;0;0;0;0;0;0;0;0;0;0;0;0;NŠ Drava;Krka;1.1;1.67;0;0;0;1;0;0;0;0;0;0;0;0;0;0;0;2252;20;Y;N;N;N;N;N;N
613676;1994;1985;2019/2020;complete;50979;2;-1;25,60,85;49,52,81;3;3;6;3;5;8;-1;-1;3;4;0;0;4;4;0;0;4;4;-1;-1;50;50;3;4;1.4;3.6;2.75;0;0;1.6;0;0;0;0;2.3;0;0;1.5;2.5;0;0;0;0;1.29;1.25;1.8;2.4;2.3;4;2.1;2.7;3.6;0;0;0;0;0;0;0;0;0;0;0;0;0;0;0;0;0;0;0;0;0;0;0;0;0;0;0;0;0;0;0;0;0;0;0;0;0;0;0;0;6;1;0;2;3;5;1;2019-08-03 15:30:00;-1;0;0;0;0;0;1;1;2;3;1;2;5;3;1;2;2;2;3;4;1;50;60;0;0;0.88;0.95;1.83;0;0;0;0;0;0;1;1;0;0;2;1;0;0;-1;-1;-1;-1;-1;-1;-1;-1;-1;0;0;0;0;0;0;0;0;0;0;0;0;0;Dob;Dekani;1.5;1;0;0;0;3;0;0;0;0;0;0;0;0;0;0;0;2252;20;Y;Y;Y;Y;Y;Y;Y
613677;10055;1987;2019/2020;complete;50979;2;-1;61;67;1;1;2;-1;-1;-1;-1;-1;1;1;0;0;-1;-1;-1;-1;-1;-1;-1;-1;-1;-1;1;1;1.91;3.75;1.8;0;0;1.4;0;0;0;0;2.88;0;0;1.33;3;0;0;0;0;1.53;1.22;1.44;2.88;2.4;2.8;2.7;2.88;2.6;0;0;0;0;0;0;0;0;0;0;0;0;0;0;0;0;0;0;0;0;0;0;0;0;0;0;0;0;0;0;0;0;0;0;0;0;0;0;0;0;2;0;0;1;1;2;0;2019-08-03 15:30:00;-1;0;0;0;0;0;-1;1;-1;-1;-1;-1;-1;-1;0;0;1;1;0;2;-1;0;0;0;0;0;0;0;0;0;0;0;0;0;1;1;0;0;-1;-1;0;0;-1;-1;-1;-1;-1;-1;-1;-1;-1;0;0;0;0;0;0;0;0;0;0;0;0;0;Bilje;Fužinar;1;1.89;0;0;3;3;0;0;0;0;0;0;0;0;0;0;0;2252;20;Y;Y;N;N;N;N;Y
613678;1973;1997;2019/2020;complete;50979;2;-1;4,16,19,47,48,85;;6;0;6;4;0;4;-1;-1;0;2;0;0;11;2;5;2;16;4;-1;-1;50;50;0;2;1.11;4.33;5.5;0;0;1.53;0;0;0;0;2.4;0;0;1.67;2.1;0;0;0;0;1.1;1.17;2.62;1.83;2.4;6;1.67;2.88;5.5;0;0;0;0;0;0;0;0;0;0;0;0;0;0;0;0;0;0;0;0;0;0;0;0;0;0;0;0;0;0;0;0;0;0;0;0;0;0;0;0;6;3;0;3;0;3;3;2019-08-03 15:30:00;1973;0;50;50;0;0;-1;1;-1;-1;-1;-1;-1;-1;0;2;0;0;2;0;1;87;81;147;145;2.42;1;3.41;2;0;2;0;0;0;1;1;1;0;-1;-1;0;0;-1;-1;-1;-1;-1;-1;-1;-1;-1;50;50;50;50;50;50;50;50;50;2;0;5;3;Krško;Rogaška;1.1;0.1;1;0;1;0;0;0;0;0;0;0;0;0;1.9;0;1.9;2252;20;Y;Y;Y;Y;Y;Y;N
613679;1997;1975;2019/2020;complete;50979;3;-1;;-1,-1;0;2;2;-1;-1;-1;-1;-1;-1;-1;-1;-1;-1;-1;-1;-1;-1;-1;-1;-1;-1;-1;-1;-1;0;0;0;0;0;0;0;0;0;0;0;0;0;0;0;0;0;0;0;0;0;0;0;0;0;0;0;0;0;0;0;0;0;0;0;0;0;0;0;0;0;0;0;0;0;0;0;0;0;0;0;0;0;0;0;0;0;0;0;0;0;0;0;0;0;0;0;0;2;0;0;0;0;0;0;2019-08-10 15:30:00;1975;0;50;50;0;1;-1;-1;-1;-1;-1;-1;-1;-1;-1;-1;-1;-1;-1;-1;-1;0;0;0;0;0;0;0;-1;-1;-1;-1;-1;-1;-1;-1;-1;-1;-1;-1;-1;-1;-1;-1;-1;-1;-1;-1;-1;-1;-1;50;50;50;50;100;50;50;100;50;9;0;4;3.5;Rogaška;Radomlje;1.3;2;0;1;0;2;50;50;50;50;0;0;0;0;0.34;2.61;2.95;2252;20;Y;Y;N;N;N;N;N
613680;1987;1973;2019/2020;complete;50979;3;-1;-1,-1;-1,-1,-1,-1;2;4;6;-1;-1;-1;-1;-1;-1;-1;-1;-1;-1;-1;-1;-1;-1;-1;-1;-1;-1;-1;-1;-1;0;0;0;0;0;0;0;0;0;0;0;0;0;0;0;0;0;0;0;0;0;0;0;0;0;0;0;0;0;0;0;0;0;0;0;0;0;0;0;0;0;0;0;0;0;0;0;0;0;0;0;0;0;0;0;0;0;0;0;0;0;0;0;0;0;0;0;0;6;0;0;0;0;0;0;2019-08-10 15:30:00;1973;0;50;0;0;1;-1;-1;-1;-1;-1;-1;-1;-1;-1;-1;-1;-1;-1;-1;-1;0;0;0;0;0;0;0;-1;-1;-1;-1;-1;-1;-1;-1;-1;-1;-1;-1;-1;-1;-1;-1;-1;-1;-1;-1;-1;-1;-1;0;0;50;50;50;50;50;50;0;3;0;4;1.5;Fužinar;Krško;1.82;2;3;0;2;2;50;50;0;0;0;0;0;0;1.59;0;1.59;2252;20;Y;Y;Y;Y;Y;Y;Y
613681;1985;10055;2019/2020;complete;50979;3;-1;-1;-1,-1;1;2;3;-1;-1;-1;-1;-1;-1;-1;-1;-1;-1;-1;-1;-1;-1;-1;-1;-1;-1;-1;-1;-1;0;0;0;0;0;0;0;0;0;0;0;0;0;0;0;0;0;0;0;0;0;0;0;0;0;0;0;0;0;0;0;0;0;0;0;0;0;0;0;0;0;0;0;0;0;0;0;0;0;0;0;0;0;0;0;0;0;0;0;0;0;0;0;0;0;0;0;0;3;0;0;0;0;0;0;2019-08-10 15:30:00;10055;0;50;0;50;1;-1;-1;-1;-1;-1;-1;-1;-1;-1;-1;-1;-1;-1;-1;-1;0;0;0;0;0;0;0;-1;-1;-1;-1;-1;-1;-1;-1;-1;-1;-1;-1;-1;-1;-1;-1;-1;-1;-1;-1;-1;-1;-1;0;50;50;50;100;0;50;100;50;12;0;4;2.5;Dekani;Bilje;1.4;1.9;3;3;2;2;100;50;50;50;0;50;50;50;1.55;0.73;2.28;2252;20;Y;Y;Y;N;N;N;Y
613682;1978;1994;2019/2020;complete;50979;3;-1;-1,-1;-1,-1;2;2;4;-1;-1;-1;-1;-1;-1;-1;-1;-1;-1;-1;-1;-1;-1;-1;-1;-1;-1;-1;-1;-1;0;0;0;0;0;0;0;0;0;0;0;0;0;0;0;0;0;0;0;0;0;0;0;0;0;0;0;0;0;0;0;0;0;0;0;0;0;0;0;0;0;0;0;0;0;0;0;0;0;0;0;0;0;0;0;0;0;0;0;0;0;0;0;0;0;0;0;0;4;0;0;0;0;0;0;2019-08-10 15:30:00;-1;0;100;0;50;1;-1;-1;-1;-1;-1;-1;-1;-1;-1;-1;-1;-1;-1;-1;-1;0;0;0;0;0;0;0;-1;-1;-1;-1;-1;-1;-1;-1;-1;-1;-1;-1;-1;-1;-1;-1;-1;-1;-1;-1;-1;-1;-1;0;50;100;100;100;50;100;100;50;10;0;4;3.5;Krka;Dob;1.45;1.4;1;0;2;0.5;100;50;0;0;0;50;50;50;2.31;1.45;3.76;2252;20;Y;Y;Y;Y;N;N;Y
613683;1990;1995;2019/2020;complete;50979;3;-1;14,28;45,53,69;2;3;5;2;6;8;-1;-1;2;3;0;0;4;6;3;3;7;9;-1;-1;50;50;2;3;2.3;3.6;2.5;0;0;1.67;0;0;0;0;2.15;0;0;0;0;0;0;0;0;1.44;1.25;1.53;2.88;2.3;3;0;0;0;0;0;0;0;0;0;0;0;0;0;0;0;0;0;0;0;0;0;0;0;0;0;0;0;0;0;0;0;0;0;0;0;0;0;0;0;0;0;0;0;5;2;1;0;2;2;3;2019-08-11 15:30:00;1995;0;100;0;100;0;1;1;0;0;2;0;0;2;0;2;2;1;2;3;1;0;0;0;0;1.04;1.48;2.52;0;0;0;0;0;0;1;1;0;0;0;0;0;0;-1;-1;-1;-1;-1;-1;-1;-1;-1;0;50;50;100;100;0;50;100;100;17;0;2;3;Brda Dobrovo;NŠ Drava;0.8;1;1;0;1;0;100;50;50;0;0;100;100;100;1.36;1.28;2.64;2252;20;Y;Y;Y;Y;Y;N;Y
613684;1969;1976;2019/2020;complete;50979;3;-1;40;16,62;1;2;3;2;3;5;-1;-1;3;2;0;0;7;3;6;4;13;7;-1;-1;50;50;3;2;2.25;3.6;2.55;0;0;1.73;0;0;0;0;2.08;0;0;0;0;0;0;0;0;1.44;1.25;1.53;2.88;2.3;3.1;0;0;0;0;0;0;0;0;0;0;0;0;0;0;0;0;0;0;0;0;0;0;0;0;0;0;0;0;0;0;0;0;0;0;0;0;0;0;0;0;0;0;0;3;1;1;0;1;1;2;2019-08-10 14:30:00;1976;0;100;0;50;0;1;1;0;0;2;3;0;5;1;1;2;1;2;3;1;0;0;0;0;1.79;1.02;2.8;0;0;0;0;0;0;1;1;0;0;0;0;0;0;-1;-1;-1;-1;-1;-1;-1;-1;-1;50;100;100;100;100;0;100;100;100;14;0;2;4.5;Gorica;Koper;1.78;2.3;3;1;3;1;50;0;0;0;0;100;50;50;2.26;1.92;4.18;2252;20;Y;Y;Y;N;N;N;Y
613685;1989;16047;2019/2020;complete;50979;3;-1;17,33,51;83;3;1;4;6;1;7;-1;-1;0;1;0;0;11;3;8;3;19;6;-1;-1;50;50;0;1;1.11;5;5.5;0;0;1.6;0;0;0;0;2.3;0;0;1.83;1.83;0;0;0;0;1.07;1.12;3.25;1.8;2.6;6;1.62;3;6;0;0;0;0;0;0;0;0;0;0;0;0;0;0;0;0;0;0;0;0;0;0;0;0;0;0;0;0;0;0;0;0;0;0;0;0;0;0;0;0;5;2;0;2;1;3;2;2019-08-10 14:30:00;1989;0;100;0;100;0;1;1;5;0;1;1;5;2;0;0;0;1;0;1;1;0;0;0;0;2.5;0.92;3.43;0;0;0;0;0;0;1;1;0;0;1;0;0;0;-1;-1;-1;-1;-1;-1;-1;-1;-1;0;50;50;100;100;0;50;100;100;13;0;2;3;Nafta;Dravograd;2.3;0.4;3;1;1.5;0.5;100;50;50;0;0;100;100;100;3.16;1.41;4.57;2252;20;Y;Y;Y;Y;Y;N;Y
613686;1988;10054;2019/2020;complete;50979;3;-1;-1,-1;;2;0;2;-1;-1;-1;-1;-1;-1;-1;-1;-1;-1;-1;-1;-1;-1;-1;-1;-1;-1;-1;-1;-1;0;0;0;0;0;0;0;0;0;0;0;0;0;0;0;0;0;0;0;0;0;0;0;0;0;0;0;0;0;0;0;0;0;0;0;0;0;0;0;0;0;0;0;0;0;0;0;0;0;0;0;0;0;0;0;0;0;0;0;0;0;0;0;0;0;0;0;0;2;0;0;0;0;0;0;2019-08-10 15:30:00;1988;0;50;0;0;1;-1;-1;-1;-1;-1;-1;-1;-1;-1;-1;-1;-1;-1;-1;-1;0;0;0;0;0;0;0;-1;-1;-1;-1;-1;-1;-1;-1;-1;-1;-1;-1;-1;-1;-1;-1;-1;-1;-1;-1;-1;-1;-1;50;50;50;50;50;0;50;50;50;0;0;6;2.5;Brežice;Beltinci;1;0.4;0;0;0;1.5;0;0;0;0;0;50;0;0;0;0.95;0.95;2252;20;Y;Y;N;N;N;N;N
613687;1975;10054;2019/2020;complete;50979;4;-1;41,50,67,69;;4;0;4;-1;-1;-1;-1;-1;3;3;0;0;-1;-1;-1;-1;-1;-1;-1;-1;-1;-1;3;3;1.28;4.8;6.6;0;0;0;0;0;0;0;0;0;0;0;0;0;0;0;0;0;0;0;0;0;0;0;0;0;0;0;0;0;0;0;0;0;0;0;0;0;0;0;0;0;0;0;0;0;0;0;0;0;0;0;0;0;0;0;0;0;0;0;0;0;0;0;0;0;4;1;0;3;0;3;1;2019-08-17 15:00:00;1975;0;25;0;0;0;-1;1;-1;-1;-1;-1;-1;-1;1;2;2;1;3;3;-1;0;0;0;0;0;0;0;1;0;1;0;0;0;1;1;0;0;-1;-1;0;1;-1;-1;-1;-1;-1;-1;-1;-1;-1;25;25;25;100;100;0;25;75;75;10;0;8;2.75;Radomlje;Beltinci;2;0.4;3;0;2.33;1;75;75;75;0;0;100;50;50;3.1;0.95;4.05;2252;20;Y;Y;Y;Y;N;N;N
613688;16047;1988;2019/2020;complete;50979;4;-1;-1,-1,-1,-1,-1;-1;5;1;6;-1;-1;-1;-1;-1;-1;-1;-1;-1;-1;-1;-1;-1;-1;-1;-1;-1;-1;-1;-1;-1;0;0;0;0;0;0;0;0;0;0;0;0;0;0;0;0;0;0;0;0;0;0;0;0;0;0;0;0;0;0;0;0;0;0;0;0;0;0;0;0;0;0;0;0;0;0;0;0;0;0;0;0;0;0;0;0;0;0;0;0;0;0;0;0;0;0;0;0;6;0;0;0;0;0;0;2019-08-17 15:00:00;16047;0;75;0;75;1;-1;-1;-1;-1;-1;-1;-1;-1;-1;-1;-1;-1;-1;-1;-1;0;0;0;0;0;0;0;-1;-1;-1;-1;-1;-1;-1;-1;-1;-1;-1;-1;-1;-1;-1;-1;-1;-1;-1;-1;-1;-1;-1;0;75;75;100;100;50;75;100;100;11.5;0;5;3.5;Dravograd;Brežice;0.6;0.64;0;0;0.33;1;100;25;25;0;0;100;50;50;1.51;1.52;3.03;2252;20;Y;Y;Y;Y;Y;Y;Y
613689;1976;1989;2019/2020;complete;50979;4;-1;28,32;58;2;1;3;2;5;7;-1;-1;3;3;0;0;10;3;9;4;19;7;-1;-1;50;50;3;3;1.3;3.6;3.2;1.04;1.22;1.8;3;0;9.5;3.75;2;1.33;1.11;1.67;2.1;0;0;0;0;1.2;1.25;1.91;2.4;2.25;4;2.1;2.6;4;0;0;0;0;0;0;0;0;0;0;0;0;0;0;0;0;0;0;3;7.5;0;0;0;0;0;0;0;0;0;0;0;0;0;0;0;0;0;0;0;0;3;2;0;0;1;1;2;2019-08-18 17:00:00;1976;0;50;0;50;0;1;1;1;4;1;1;5;2;3;0;0;3;3;3;1;0;0;0;0;2.23;1.06;3.29;0;0;0;0;0;0;1;1;0;0;0;0;0;0;-1;-1;-1;-1;-1;-1;-1;-1;-1;0;0;0;50;100;0;50;50;50;15;0;3;1.5;Koper;Nafta;2.1;1.4;1;0;1.67;2;100;100;100;50;0;100;100;50;2.5;1.73;4.23;2252;20;Y;Y;Y;N;N;N;Y
613690;1995;1969;2019/2020;complete;50979;4;-1;-1;-1,-1;1;2;3;-1;-1;-1;-1;-1;-1;-1;-1;-1;-1;-1;-1;-1;-1;-1;-1;-1;-1;-1;-1;-1;15.25;10.25;1.04;0;0;0;0;0;0;0;0;0;0;0;0;0;0;0;0;0;0;0;0;0;0;0;0;0;0;0;0;0;0;0;0;0;0;0;0;0;0;0;0;0;0;0;0;0;0;0;0;0;0;0;0;0;0;0;0;0;0;0;0;0;0;0;0;0;3;0;0;0;0;0;0;2019-08-17 15:00:00;1969;0;50;0;50;1;-1;-1;-1;-1;-1;-1;-1;-1;-1;-1;-1;-1;-1;-1;-1;0;0;0;0;0;0;0;-1;-1;-1;-1;-1;-1;-1;-1;-1;-1;-1;-1;-1;-1;-1;-1;-1;-1;-1;-1;-1;-1;-1;0;50;50;50;100;50;50;100;50;9;0;4;2.5;NŠ Drava;Gorica;1.1;2.27;0;3;1;2;100;50;50;50;0;100;50;0;1.73;1.79;3.52;2252;20;Y;Y;Y;N;N;N;Y
613691;1994;1990;2019/2020;complete;50979;4;-1;2;58;1;1;2;-1;-1;-1;-1;-1;2;2;2;0;-1;-1;-1;-1;-1;-1;-1;-1;-1;-1;5;2;0;0;0;0;0;0;0;0;0;0;0;0;0;0;0;0;0;0;0;0;0;0;0;0;0;0;0;0;0;0;0;0;0;0;0;0;0;0;0;0;0;0;0;0;0;0;0;0;0;0;0;0;0;0;0;0;0;0;0;0;0;0;0;0;0;0;0;0;2;1;0;0;1;1;1;2019-08-17 15:00:00;-1;0;100;0;100;0;-1;1;-1;-1;-1;-1;-1;-1;1;2;3;0;3;3;-1;0;0;0;0;0;0;0;0;1;0;1;0;0;1;1;1;0;-1;-1;0;0;-1;-1;-1;-1;-1;-1;-1;-1;-1;50;50;50;100;100;0;50;100;100;8;0;7;4;Dob;Brda Dobrovo;1.5;1.1;1;1;0.67;0.67;50;50;50;0;0;50;50;50;0.88;1.12;2;2252;20;Y;Y;N;N;N;N;Y
613692;10055;1978;2019/2020;complete;50979;4;-1;18,21,90;48,79,82;3;3;6;-1;-1;-1;-1;-1;5;5;2;0;-1;-1;-1;-1;-1;-1;-1;-1;-1;-1;8;5;6.2;4.5;1.34;0;0;0;0;0;0;0;0;0;0;0;0;0;0;0;0;0;0;0;0;0;0;0;0;0;0;0;0;0;0;0;0;0;0;0;0;0;0;0;0;0;0;0;0;0;0;0;0;0;0;0;0;0;0;0;0;0;0;0;0;0;0;0;0;0;6;2;0;1;3;4;2;2019-08-17 15:00:00;-1;0;50;0;50;0;-1;1;-1;-1;-1;-1;-1;-1;0;2;7;3;2;10;-1;0;0;0;0;0;0;0;0;1;0;1;0;0;1;1;0;0;-1;-1;0;0;-1;-1;-1;-1;-1;-1;-1;-1;-1;0;0;0;50;100;0;0;100;50;2;0;3;1.5;Bilje;Krka;1;1.67;1;3;2.33;1.67;100;100;100;50;0;50;50;0;0;1.07;1.07;2252;20;Y;Y;Y;Y;Y;Y;Y
613693;1973;1985;2019/2020;complete;50979;4;-1;2,70,72;;3;0;3;-1;-1;-1;-1;-1;1;3;1;0;-1;-1;-1;-1;-1;-1;-1;-1;-1;-1;3;3;0;0;0;0;0;0;0;0;0;0;0;0;0;0;0;0;0;0;0;0;0;0;0;0;0;0;0;0;0;0;0;0;0;0;0;0;0;0;0;0;0;0;0;0;0;0;0;0;0;0;0;0;0;0;0;0;0;0;0;0;0;0;0;0;0;0;0;0;3;1;0;2;0;2;1;2019-08-17 15:00:00;1973;0;75;25;50;0;-1;1;-1;-1;-1;-1;-1;-1;1;1;1;2;2;3;-1;0;0;0;0;0;0;0;0;0;0;0;0;0;1;1;1;0;-1;-1;1;0;-1;-1;-1;-1;-1;-1;-1;-1;-1;100;100;100;100;100;50;100;100;100;8;0;6.5;6;Krško;Dekani;1.1;1;2;1;2.33;1.33;0;0;0;0;0;0;0;0;2.16;0.95;3.11;2252;20;Y;Y;Y;N;N;N;N
613694;1997;1987;2019/2020;complete;50979;4;-1;8,33;21;2;1;3;-1;-1;-1;-1;-1;2;4;1;1;-1;-1;-1;-1;-1;-1;-1;-1;-1;-1;4;6;0;0;0;0;0;0;0;0;0;0;0;0;0;0;0;0;0;0;0;0;0;0;0;0;0;0;0;0;0;0;0;0;0;0;0;0;0;0;0;0;0;0;0;0;0;0;0;0;0;0;0;0;0;0;0;0;0;0;0;0;0;0;0;0;0;0;0;0;3;2;1;0;0;0;3;2019-08-17 15:00:00;1997;0;50;0;50;0;-1;1;-1;-1;-1;-1;-1;-1;1;1;2;4;2;6;-1;0;0;0;0;0;0;0;0;0;0;0;0;0;1;1;1;0;-1;-1;0;0;-1;-1;-1;-1;-1;-1;-1;-1;-1;0;0;0;75;100;0;0;75;50;4;0;4;1.75;Rogaška;Fužinar;1.3;1.89;0;1;0;1.33;100;100;100;25;0;0;0;0;0.34;0;0.34;2252;20;Y;Y;Y;N;N;N;Y
613695;1987;1975;2019/2020;complete;50979;5;-1;;13,75;0;2;2;5;2;7;-1;-1;4;3;0;1;0;3;0;0;0;3;-1;-1;50;50;4;5;3;4;1.33;0;0;1.44;0;0;0;0;2.7;0;0;1.53;2.38;0;0;0;0;2;1.2;1.2;4;2.3;2.3;3.75;2.75;2.1;0;0;0;0;0;0;0;0;0;0;0;0;0;0;0;0;0;0;0;0;0;0;0;0;0;0;0;0;0;0;0;0;0;0;0;0;0;0;0;0;2;0;1;0;1;1;1;2019-08-24 15:00:00;1975;0;75;50;0;0;1;1;1;1;4;1;2;5;1;1;3;3;2;6;-1;0;0;0;0;0;0;0;0;0;0;0;0;0;1;1;0;0;1;0;0;0;-1;-1;-1;-1;-1;-1;-1;-1;-1;50;50;75;100;100;50;50;50;25;8;0;5;4.25;Fužinar;Radomlje;1.82;2;1.5;2;1;2.5;50;50;25;0;0;0;0;0;1.59;2.61;4.2;2252;20;Y;Y;N;N;N;N;N
613696;1985;1997;2019/2020;complete;50979;5;-1;5,17,88;30;3;1;4;-1;-1;-1;-1;-1;0;1;0;0;-1;-1;-1;-1;-1;-1;-1;-1;-1;-1;0;1;0;0;0;0;0;0;0;0;0;0;0;0;0;0;0;0;0;0;0;0;0;0;0;0;0;0;0;0;0;0;0;0;0;0;0;0;0;0;0;0;0;0;0;0;0;0;0;0;0;0;0;0;0;0;0;0;0;0;0;0;0;0;0;0;0;0;0;0;4;2;1;1;0;1;3;2019-08-24 15:00:00;1985;0;50;0;50;0;-1;1;-1;-1;-1;-1;-1;-1;0;0;0;1;0;1;-1;0;0;0;0;0;0;0;0;0;0;0;0;0;1;1;1;0;-1;-1;0;0;-1;-1;-1;-1;-1;-1;-1;-1;-1;50;75;100;100;100;50;75;75;75;9;0;5;4.75;Dekani;Rogaška;1.4;0.1;1.5;0;1;0.75;50;25;0;0;0;50;50;50;1.55;1;2.55;2252;20;Y;Y;Y;Y;N;N;Y
613697;1978;1973;2019/2020;complete;50979;5;-1;15,76,87;73;3;1;4;6;6;12;-1;-1;0;1;0;0;9;4;6;9;15;13;-1;-1;50;50;0;1;2;3.2;1.73;0;0;1.57;0;0;0;0;2.35;0;0;1.5;2.5;0;0;0;0;1.57;1.33;1.36;3.1;2.38;2.75;2.8;2.63;2.7;0;0;0;0;0;0;0;0;0;0;0;0;0;0;0;0;0;0;0;0;0;0;0;0;0;0;0;0;0;0;0;0;0;0;0;0;0;0;0;0;4;1;0;2;1;3;1;2019-08-25 15:00:00;1978;0;100;0;50;0;1;1;3;2;3;4;5;7;0;1;0;0;1;0;1;0;0;0;0;2.04;1.57;3.61;0;0;0;0;0;0;1;1;0;0;0;0;0;0;-1;-1;-1;-1;-1;-1;-1;-1;-1;50;100;100;100;100;0;25;25;25;7;0;1;5;Krka;Krško;1.45;2;1;3;1.5;2.5;50;0;0;0;0;50;50;50;2.31;0;2.31;2252;20;Y;Y;Y;Y;N;N;Y
613698;1990;10055;2019/2020;complete;50979;5;-1;-1;-1,-1,-1;1;3;4;7;4;11;-1;-1;-1;-1;-1;-1;4;5;4;6;8;11;-1;-1;50;50;-1;-1;1.85;3.5;1.85;0;0;1.57;0;0;0;0;2.35;0;0;1.5;2.5;0;0;0;0;1.5;1.25;1.5;2.88;2.38;2.88;2.7;2.7;2.75;0;0;0;0;0;0;0;0;0;0;0;0;0;0;0;0;0;0;0;0;0;0;0;0;0;0;0;0;0;0;0;0;0;0;0;0;0;0;0;0;4;0;0;0;0;0;0;2019-08-25 15:00:00;10055;0;75;25;25;1;1;-1;5;2;2;2;7;4;-1;-1;-1;-1;-1;-1;1;65;54;121;85;1.27;1.44;2.7;-1;-1;-1;-1;-1;-1;-1;-1;-1;-1;0;1;-1;-1;-1;-1;-1;-1;-1;-1;-1;-1;-1;25;25;50;75;100;25;25;75;50;8.5;0;2.5;2.75;Brda Dobrovo;Bilje;0.8;1.9;0.5;3;0.75;2;75;75;50;25;0;25;25;25;1.2;0.73;1.93;2252;20;Y;Y;Y;Y;N;N;Y
613699;1969;1994;2019/2020;complete;50979;5;-1;47,61,86;10,33,90;3;3;6;6;1;7;-1;-1;1;3;0;0;6;5;8;1;14;6;-1;-1;50;50;1;3;1.22;5;10;0;0;1.53;0;0;0;0;2.4;0;0;0;0;0;0;0;0;0;0;0;0;0;0;0;0;0;0;0;0;0;0;0;0;0;0;0;0;0;0;0;0;0;0;0;0;0;0;0;0;0;0;0;0;0;0;0;0;0;0;0;0;0;0;0;0;0;6;0;2;3;1;4;2;2019-08-24 15:00:00;-1;0;100;25;0;0;1;1;4;1;2;0;5;2;1;3;0;0;4;0;1;0;0;0;0;1.98;1;2.97;0;0;0;0;0;0;1;1;0;1;1;0;0;0;-1;-1;-1;-1;-1;-1;-1;-1;-1;25;50;100;100;100;50;75;75;25;8.5;0;4.5;3.75;Gorica;Dob;1.78;1.4;1.5;0.5;2.25;0.75;75;50;0;0;0;25;0;0;2.02;1.45;3.47;2252;20;Y;Y;Y;Y;Y;Y;Y
613700;1989;1995;2019/2020;complete;50979;5;-1;-1,-1;-1;2;1;3;-1;-1;-1;-1;-1;-1;-1;-1;-1;-1;-1;-1;-1;-1;-1;-1;-1;-1;-1;-1;-1;0;0;0;0;0;0;0;0;0;0;0;0;0;0;0;0;0;0;0;0;0;0;0;0;0;0;0;0;0;0;0;0;0;0;0;0;0;0;0;0;0;0;0;0;0;0;0;0;0;0;0;0;0;0;0;0;0;0;0;0;0;0;0;0;0;0;0;0;3;0;0;0;0;0;0;2019-08-24 15:00:00;1989;0;100;25;75;1;-1;-1;-1;-1;-1;-1;-1;-1;-1;-1;-1;-1;-1;-1;-1;0;0;0;0;0;0;0;-1;-1;-1;-1;-1;-1;-1;-1;-1;-1;-1;-1;-1;-1;-1;-1;-1;-1;-1;-1;-1;-1;-1;50;100;100;100;100;50;100;100;100;15;0;2.5;4.5;Nafta;NŠ Drava;2.3;1;3;1.5;1.5;0.75;50;0;0;0;0;50;50;50;2.83;1.38;4.21;2252;20;Y;Y;Y;N;N;N;Y
613701;1988;1976;2019/2020;complete;50979;5;-1;;-1;0;1;1;-1;-1;-1;-1;-1;-1;-1;-1;-1;-1;-1;-1;-1;-1;-1;-1;-1;-1;-1;-1;-1;9;6;1.2;0;0;1.44;0;0;0;0;2.7;0;0;0;0;0;0;0;0;0;0;0;0;0;0;0;0;0;0;0;0;0;0;0;0;0;0;0;0;0;0;0;0;0;0;0;0;0;0;0;0;0;0;0;0;0;0;0;0;0;0;0;0;0;0;0;0;0;1;0;0;0;0;0;0;2019-08-24 15:00:00;1976;0;50;25;25;1;-1;-1;-1;-1;-1;-1;-1;-1;-1;-1;-1;-1;-1;-1;-1;0;0;0;0;0;0;0;-1;-1;-1;-1;-1;-1;-1;-1;-1;-1;-1;-1;-1;-1;-1;-1;-1;-1;-1;-1;-1;-1;-1;0;25;50;100;100;25;50;50;25;4;0;2;2.75;Brežice;Koper;1;2.3;3;2;0.75;2;100;75;50;0;0;25;25;25;0;1.47;1.47;2252;20;Y;N;N;N;N;N;N
613702;10054;16047;2019/2020;complete;50979;5;-1;-1,-1,-1;;3;0;3;-1;-1;-1;-1;-1;-1;-1;-1;-1;-1;-1;-1;-1;-1;-1;-1;-1;-1;-1;-1;-1;0;0;0;0;0;0;0;0;0;0;0;0;0;0;0;0;0;0;0;0;0;0;0;0;0;0;0;0;0;0;0;0;0;0;0;0;0;0;0;0;0;0;0;0;0;0;0;0;0;0;0;0;0;0;0;0;0;0;0;0;0;0;0;0;0;0;0;0;3;0;0;0;0;0;0;2019-08-24 15:00:00;10054;0;50;0;50;1;-1;-1;-1;-1;-1;-1;-1;-1;-1;-1;-1;-1;-1;-1;-1;0;0;0;0;0;0;0;-1;-1;-1;-1;-1;-1;-1;-1;-1;-1;-1;-1;-1;-1;-1;-1;-1;-1;-1;-1;-1;-1;-1;25;25;25;50;100;25;75;50;50;5;0;3;2.25;Beltinci;Dravograd;1.6;0.4;3;0.5;0.75;1;75;75;75;50;0;75;75;25;1.31;1.17;2.48;2252;20;Y;Y;Y;N;N;N;N
613703;1975;16047;2019/2020;complete;50979;6;-1;16,20,21,47,81,86;;6;0;6;10;5;15;-1;-1;2;1;0;1;16;5;6;5;22;10;-1;-1;61;39;2;3;1.01;6.5;11;0;0;1.33;0;0;0;0;3.4;0;0;2;1.73;0;0;0;0;1.02;1.08;4.33;1.5;3;9;1.33;3.75;9;0;0;0;0;0;0;0;0;0;0;0;0;0;0;0;0;0;0;1.95;34;0;0;0;0;0;0;0;0;0;0;0;0;0;0;0;0;0;0;0;0;7;3;0;3;1;4;3;2019-09-01 13:00:00;1975;0;34;0;50;0;1;1;8;3;2;2;11;4;1;0;1;2;1;3;1;0;0;0;0;2.89;1.22;4.11;0;0;0;0;0;0;1;1;0;0;3;2;0;0;-1;-1;-1;-1;-1;-1;-1;-1;-1;17;42;59;100;100;17;42;84;84;12;0;3.5;3.17;Radomlje;Dravograd;2;0.4;3;0.33;2.6;0.8;84;59;42;0;0;75;75;75;3.1;1.17;4.27;2252;20;Y;Y;Y;Y;Y;Y;Y
613704;1976;10054;2019/2020;complete;50979;6;-1;-1,-1;;2;0;2;-1;-1;-1;-1;-1;-1;-1;-1;-1;-1;-1;-1;-1;-1;-1;-1;-1;-1;-1;-1;-1;1.06;10;15;0;0;1.36;0;0;0;0;3.1;0;0;2.31;1.68;0;0;0;0;0;1.01;6.6;1.34;3.42;13.75;1.38;3.8;11;0;0;0;0;0;0;0;0;0;0;0;0;0;0;0;0;0;0;0;0;0;0;0;0;0;0;0;0;0;0;0;0;0;0;0;0;0;0;0;0;2;0;0;0;0;0;0;2019-08-31 17:00:00;1976;0;67;0;25;1;-1;-1;-1;-1;-1;-1;-1;-1;-1;-1;-1;-1;-1;-1;-1;0;0;0;0;0;0;0;-1;-1;-1;-1;-1;-1;-1;-1;-1;-1;-1;-1;-1;-1;-1;-1;-1;-1;-1;-1;-1;-1;-1;17;34;59;100;100;25;59;84;59;5;0;7;3.09;Koper;Beltinci;2.1;0.4;2;0;2.2;1.2;84;67;42;0;0;75;25;25;2.37;0.95;3.32;2252;20;Y;Y;N;N;N;N;N
613705;1995;1988;2019/2020;complete;50979;6;-1;14,19,27,53,83;33;5;1;6;2;7;9;-1;-1;2;3;1;0;12;8;4;15;16;23;-1;-1;44;56;3;3;1.67;3.75;4;0;0;1.57;0;0;0;0;2.35;0;0;1.53;2.38;0;0;0;0;1.17;1.2;2.1;2.2;2.4;4;1.91;2.88;4;0;0;0;0;0;0;0;0;0;0;0;0;0;0;0;0;0;0;3.25;9;0;0;0;0;0;0;0;0;0;0;0;0;0;0;0;0;0;0;0;0;6;3;1;2;0;2;4;2019-08-30 14:00:00;1995;0;59;0;25;0;1;1;2;1;0;6;3;6;3;1;0;2;4;2;1;41;47;66;76;2.14;2.34;4.48;0;0;0;0;0;0;1;1;0;0;0;0;0;0;-1;-1;-1;-1;-1;-1;-1;-1;-1;17;34;59;75;100;0;17;59;34;11.5;0;6;3;NŠ Drava;Brežice;1.1;0.64;0;0;0.6;0.6;84;67;42;25;0;100;100;50;1.73;1.52;3.25;2252;20;Y;Y;Y;Y;Y;Y;Y
613706;1994;1989;2019/2020;complete;50979;6;-1;-1;-1,-1,-1,-1,-1,-1,-1;1;7;8;-1;-1;-1;-1;-1;-1;-1;-1;-1;-1;-1;-1;-1;-1;-1;-1;-1;-1;-1;-1;-1;0;0;0;0;0;0;0;0;0;0;0;0;0;0;0;0;0;0;0;0;0;0;0;0;0;0;0;0;0;0;0;0;0;0;0;0;0;0;0;0;0;0;0;0;0;0;0;0;0;0;0;0;0;0;0;0;0;0;0;0;0;0;0;0;0;0;0;0;8;0;0;0;0;0;0;2019-08-31 15:00:00;1989;0;75;0;25;1;-1;-1;-1;-1;-1;-1;-1;-1;-1;-1;-1;-1;-1;-1;-1;0;0;0;0;0;0;0;-1;-1;-1;-1;-1;-1;-1;-1;-1;-1;-1;-1;-1;-1;-1;-1;-1;-1;-1;-1;-1;-1;-1;25;25;50;75;100;25;100;75;25;9;0;6;3;Dob;Nafta;1.5;1.4;1;0;0.8;1.8;75;75;50;25;0;25;25;0;0.88;1.4;2.28;2252;20;Y;Y;Y;Y;Y;Y;Y
613707;10055;1969;2019/2020;complete;50979;6;-1;-1,-1;-1,-1,-1;2;3;5;-1;-1;-1;-1;-1;-1;-1;-1;-1;-1;-1;-1;-1;-1;-1;-1;-1;-1;-1;-1;-1;0;0;0;0;0;0;0;0;0;0;0;0;0;0;0;0;0;0;0;0;0;0;0;0;0;0;0;0;0;0;0;0;0;0;0;0;0;0;0;0;0;0;0;0;0;0;0;0;0;0;0;0;0;0;0;0;0;0;0;0;0;0;0;0;0;0;0;0;5;0;0;0;0;0;0;2019-08-31 15:00:00;1969;0;100;0;100;1;-1;-1;-1;-1;-1;-1;-1;-1;-1;-1;-1;-1;-1;-1;-1;0;0;0;0;0;0;0;-1;-1;-1;-1;-1;-1;-1;-1;-1;-1;-1;-1;-1;-1;-1;-1;-1;-1;-1;-1;-1;-1;-1;25;50;75;100;100;50;50;75;75;1;0;5.5;3.75;Bilje;Gorica;1;2.27;1;3;2.2;2;75;50;25;0;0;50;0;0;0;1.79;1.79;2252;20;Y;Y;Y;Y;Y;N;Y
613708;1973;1990;2019/2020;complete;50979;6;-1;;33;0;1;1;-1;-1;-1;-1;-1;1;5;0;0;-1;-1;-1;-1;-1;-1;-1;-1;-1;-1;1;5;1.13;4.75;5.2;0;0;1.5;0;0;0;0;2.5;0;0;1.57;2.25;0;0;0;0;1.08;1.14;3;1.8;2.62;5.5;1.67;3.1;5;0;0;0;0;0;0;0;0;0;0;0;0;0;0;0;0;0;0;0;0;0;0;0;0;0;0;0;0;0;0;0;0;0;0;0;0;0;0;0;0;1;0;1;0;0;0;1;2019-08-31 15:00:00;1990;0;67;17;25;0;-1;1;-1;-1;-1;-1;-1;-1;0;2;1;3;2;4;-1;0;0;0;0;0;0;0;0;0;0;0;0;0;1;1;0;0;-1;-1;0;0;-1;-1;-1;-1;-1;-1;-1;-1;-1;34;34;50;100;100;34;75;100;75;8;0;5.67;3.5;Krško;Brda Dobrovo;1.1;1.1;2.33;1;2;0.6;67;67;50;0;0;50;50;50;2.16;1.12;3.28;2252;20;Y;N;N;N;N;N;N
613709;1997;1978;2019/2020;complete;50979;6;-1;;;0;0;0;-1;-1;-1;-1;-1;-1;-1;-1;-1;-1;-1;-1;-1;-1;-1;-1;-1;-1;-1;-1;-1;0;0;0;0;0;0;0;0;0;0;0;0;0;0;0;0;0;0;0;0;0;0;0;0;0;0;0;0;0;0;0;0;0;0;0;0;0;0;0;0;0;0;0;0;0;0;0;0;0;0;0;0;0;0;0;0;0;0;0;0;0;0;0;0;0;0;0;0;0;0;0;0;0;0;0;2019-08-31 15:00:00;-1;0;42;25;25;0;-1;-1;-1;-1;-1;-1;-1;-1;-1;-1;-1;-1;-1;-1;-1;0;0;0;0;0;0;0;0;0;0;0;0;0;1;1;0;0;-1;-1;-1;-1;-1;-1;-1;-1;-1;-1;-1;-1;-1;25;25;42;59;100;42;42;67;25;6;0;7;2.75;Rogaška;Krka;1.3;1.67;1;2;0.6;1.8;75;75;59;42;0;50;50;0;0.34;1.07;1.41;2252;20;N;N;N;N;N;N;N
613710;1987;1985;2019/2020;complete;50979;6;-1;-1,-1,-1,-1;-1;4;1;5;-1;-1;-1;-1;-1;-1;-1;-1;-1;-1;-1;-1;-1;-1;-1;-1;-1;-1;-1;-1;-1;0;0;0;0;0;0;0;0;0;0;0;0;0;0;0;0;0;0;0;0;0;0;0;0;0;0;0;0;0;0;0;0;0;0;0;0;0;0;0;0;0;0;0;0;0;0;0;0;0;0;0;0;0;0;0;0;0;0;0;0;0;0;0;0;0;0;0;0;5;0;0;0;0;0;0;2019-08-31 15:00:00;1987;0;59;0;25;1;-1;-1;-1;-1;-1;-1;-1;-1;-1;-1;-1;-1;-1;-1;-1;0;0;0;0;0;0;0;-1;-1;-1;-1;-1;-1;-1;-1;-1;-1;-1;-1;-1;-1;-1;-1;-1;-1;-1;-1;-1;-1;-1;42;42;84;100;100;17;84;84;50;9;0;7.5;4.09;Fužinar;Dekani;1.82;1;1;0.5;0.8;1.4;59;59;17;0;0;0;0;0;1.59;0.95;2.54;2252;20;Y;Y;Y;Y;Y;N;Y
613711;1985;1975;2019/2020;complete;50979;7;-1;28;12,61,89;1;3;4;5;11;16;-1;-1;3;1;0;0;6;5;2;2;8;7;-1;-1;50;50;3;1;4.5;4.5;1.17;0;0;1.4;0;0;0;0;2.88;0;0;1.5;2.5;0;0;0;0;2.63;1.14;1.11;4.75;2.75;1.91;4.5;3.1;1.73;0;0;0;0;0;0;0;0;0;0;0;0;0;0;0;0;0;0;0;0;0;0;0;0;0;0;0;0;0;0;0;0;0;0;0;0;0;0;0;0;4;1;1;0;2;2;2;2019-09-07 14:30:00;1975;0;67;50;25;0;1;1;3;7;2;4;10;6;1;0;2;1;1;3;1;0;0;0;0;1.32;1.2;2.52;0;0;0;0;0;0;1;1;0;0;0;3;1;0;-1;-1;-1;-1;-1;-1;-1;-1;-1;17;50;67;100;100;33;67;67;33;12.5;0;4.5;3.5;Dekani;Radomlje;1.4;2;2;2.33;1.17;2.67;84;50;34;0;0;50;50;50;1.55;2.61;4.16;2252;20;Y;Y;Y;Y;N;N;Y
613712;1978;1987;2019/2020;complete;50979;7;-1;67;20,58;1;2;3;7;2;9;-1;-1;3;5;0;0;4;4;4;1;8;5;-1;-1;50;50;3;5;1.4;3.75;2.75;0;0;1.44;0;0;0;0;2.7;0;0;1.44;2.63;0;0;0;0;1.25;1.22;1.91;2.3;2.6;3.5;2;2.88;3.75;0;0;0;0;0;0;0;0;0;0;0;0;0;0;0;0;0;0;0;0;0;0;0;0;0;0;0;0;0;0;0;0;0;0;0;0;0;0;0;0;3;0;1;1;1;2;1;2019-09-07 14:30:00;1987;0;100;25;75;0;1;1;2;1;5;1;3;6;2;1;1;4;3;5;1;0;0;0;0;1.43;1;2.43;0;0;0;0;0;0;1;1;0;0;0;0;0;0;-1;-1;-1;-1;-1;-1;-1;-1;-1;0;50;75;100;100;25;59;59;59;6.5;0;4;3.25;Krka;Fužinar;1.45;1.89;1.67;0.5;1.67;1.17;100;50;25;0;0;50;50;50;2.17;0;2.17;2252;20;Y;Y;Y;N;N;N;Y
613713;1990;1997;2019/2020;complete;50979;7;-1;52;;1;0;1;10;3;13;-1;-1;4;1;0;0;11;2;7;7;18;9;-1;-1;62;38;4;1;1.25;4.2;3.75;0;0;1.8;0;0;0;0;2;0;0;1.67;2.1;0;0;0;0;1.14;1.2;2.38;2.1;2.3;5;2;2.63;4.5;0;0;0;0;0;0;0;0;0;0;0;0;0;0;0;0;0;0;0;0;0;0;0;0;0;0;0;0;0;0;0;0;0;0;0;0;0;0;0;0;1;0;0;1;0;1;0;2019-12-01 12:00:00;1990;0;56;44;25;0;1;1;4;2;6;1;6;7;0;0;4;1;0;5;1;0;0;0;0;2.51;1.04;3.56;0;0;0;0;0;0;1;1;0;0;0;0;0;0;-1;-1;-1;-1;-1;-1;-1;-1;-1;50;62;73;84;100;44;56;61;45;6.8;0;4.25;3.89;Brda Dobrovo;Rogaška;0.8;0.1;0.56;0.11;0.72;0.61;50;39;28;17;0;57;20;20;1.16;1.01;2.17;2252;20;Y;N;N;N;N;N;N
613714;1969;1973;2019/2020;complete;50979;7;-1;29,70;54,58,82;2;3;5;2;4;6;1;2;6;0;0;0;6;6;5;9;11;15;25;12;50;50;6;0;1.75;3.6;3.75;0;0;1.7;0;0;0;0;2.1;0;0;0;0;0;0;0;0;1.22;1.25;1.91;2.38;2.3;4;0;0;0;0;0;0;0;0;0;0;0;0;0;0;0;0;0;0;0;0;0;0;0;0;0;0;0;0;0;0;0;0;0;0;0;0;0;0;0;0;0;0;0;5;1;0;1;3;4;1;2019-09-07 14:00:00;1973;0;100;17;67;0;1;1;0;1;2;3;1;5;1;0;5;0;1;5;1;0;0;0;0;1.63;1.9;3.53;0;0;0;0;0;0;1;1;0;0;0;0;0;0;-1;-1;-1;-1;-1;-1;-1;-1;-1;59;84;100;100;100;34;75;75;59;11.67;0;2.33;4.84;Gorica;Krško;1.78;2;1.33;1.5;2.17;1.67;42;17;0;0;0;67;50;50;2.01;1.57;3.58;2252;20;Y;Y;Y;Y;Y;N;Y
613715;1989;10055;2019/2020;complete;50979;7;-1;26;;1;0;1;8;9;17;-1;-1;1;4;0;0;2;0;0;0;2;0;-1;-1;50;50;1;4;1.33;4;3.25;0;0;1.4;0;0;0;0;2.88;0;0;1.44;2.63;0;0;0;0;1.2;1.2;2.1;2.1;2.6;3.75;1.83;3;4;0;0;0;0;0;0;0;0;0;0;0;0;0;0;0;0;0;0;0;0;0;0;0;0;0;0;0;0;0;0;0;0;0;0;0;0;0;0;0;0;1;1;0;0;0;0;1;2019-09-07 14:30:00;1989;0;84;0;50;0;1;1;5;3;3;6;8;9;0;0;1;4;0;5;-1;0;0;0;0;0;0;0;0;0;0;0;0;0;1;1;0;0;2;1;0;0;-1;-1;-1;-1;-1;-1;-1;-1;-1;17;50;84;84;100;17;34;50;34;11.5;0;1.5;3.34;Nafta;Bilje;2.3;1.9;3;3;2;1.83;84;50;17;17;0;50;50;50;2.83;1.08;3.91;2252;20;Y;N;N;N;N;N;N
613716;1988;1994;2019/2020;complete;50979;7;-1;85;1,22;1;2;3;5;1;6;-1;-1;3;1;0;0;2;3;0;0;2;3;-1;-1;60;40;3;1;2.6;3.5;2.25;1.02;1.23;1.77;2.95;5.4;9.5;3.6;1.91;1.34;1.11;1.65;2.1;0;0;0;0;1.62;1.25;1.36;3.1;2.38;2.62;2.88;2.7;2.5;0;0;0;0;0;0;0;0;0;0;0;0;0;0;0;0;0;0;0;0;0;0;0;0;0;0;0;0;0;0;0;0;0;0;0;0;0;0;0;0;3;0;2;1;0;1;2;2019-11-30 12:00:00;1994;0;64;9;42;0;1;1;1;1;4;0;2;4;0;0;3;1;0;4;1;0;0;0;0;0.73;0.73;1.46;0;0;0;0;0;0;1;1;0;1;0;0;0;0;-1;-1;-1;-1;-1;-1;-1;-1;-1;18;40;52;70;88;23;41;46;28;6.8;0;6.84;2.77;Brežice;Dob;1;1.4;1.13;1.22;0.83;1.28;83;61;49;31;13;30;20;20;1.13;1.47;2.6;2252;20;Y;Y;Y;N;N;N;Y
613717;10054;1995;2019/2020;complete;50979;7;-1;;34;0;1;1;5;2;7;-1;-1;1;2;0;0;8;6;8;6;16;12;-1;-1;53;47;1;2;1.83;3.6;1.83;0;0;1.57;0;0;0;0;2.35;0;0;1.44;2.63;0;0;0;0;1.5;1.25;1.5;2.88;2.38;2.88;2.8;2.7;2.6;0;0;0;0;0;0;0;0;0;0;0;0;0;0;0;0;0;0;0;0;0;0;0;0;0;0;0;0;0;0;0;0;0;0;0;0;0;0;0;0;2;0;1;0;1;1;1;2019-09-07 14:30:00;1995;0;50;25;25;0;1;1;3;0;2;0;3;2;1;0;0;2;1;2;1;0;0;0;0;1.88;1.53;3.42;0;0;0;0;0;0;1;1;0;0;0;0;0;0;-1;-1;-1;-1;-1;-1;-1;-1;-1;17;34;75;75;100;17;59;34;34;10;0;4;3;Beltinci;NŠ Drava;1.6;1;3;1;1;1;84;67;25;25;0;75;75;25;1.31;1.38;2.69;2252;20;Y;Y;N;N;N;N;N
613718;16047;1976;2019/2020;complete;50979;7;-1;;-1,-1;0;2;2;-1;-1;-1;-1;-1;-1;-1;-1;-1;-1;-1;-1;-1;-1;-1;-1;-1;-1;-1;-1;-1;0;0;0;0;0;0;0;0;0;0;0;0;0;0;0;0;0;0;0;0;0;0;0;0;0;0;0;0;0;0;0;0;0;0;0;0;0;0;0;0;0;0;0;0;0;0;0;0;0;0;0;0;0;0;0;0;0;0;0;0;0;0;0;0;0;0;0;0;2;0;0;0;0;0;0;2019-09-07 14:30:00;1976;0;84;25;75;1;-1;-1;-1;-1;-1;-1;-1;-1;-1;-1;-1;-1;-1;-1;-1;0;0;0;0;0;0;0;-1;-1;-1;-1;-1;-1;-1;-1;-1;-1;-1;-1;-1;-1;-1;-1;-1;-1;-1;-1;-1;-1;-1;25;67;84;84;100;42;59;59;42;12;0;4;3.84;Dravograd;Koper;0.6;2.3;1.5;2.33;0.67;2.33;75;34;17;17;0;75;25;25;1.51;1.47;2.98;2252;20;Y;Y;N;N;N;N;N
613719;1975;1976;2019/2020;complete;50979;8;-1;;-1,-1;0;2;2;-1;-1;-1;-1;-1;-1;-1;-1;-1;-1;-1;-1;-1;-1;-1;-1;-1;-1;-1;-1;-1;0;0;0;0;0;0;0;0;0;0;0;0;0;0;0;0;0;0;0;0;0;0;0;0;0;0;0;0;0;0;0;0;0;0;0;0;0;0;0;0;0;0;0;0;0;0;0;0;0;0;0;0;0;0;0;0;0;0;0;0;0;0;0;0;0;0;0;0;2;0;0;0;0;0;0;2019-09-15 14:00:00;1976;0;42;25;42;1;-1;-1;-1;-1;-1;-1;-1;-1;-1;-1;-1;-1;-1;-1;-1;0;0;0;0;0;0;0;-1;-1;-1;-1;-1;-1;-1;-1;-1;-1;-1;-1;-1;-1;-1;-1;-1;-1;-1;-1;-1;-1;-1;17;46;59;88;100;29;59;75;63;14;0;4.33;3.42;Radomlje;Koper;2;2.3;3;2.5;2.71;2.43;84;54;42;13;0;75;75;75;2.99;1.47;4.46;2252;20;Y;Y;N;N;N;N;N
613720;1995;16047;2019/2020;complete;50979;8;-1;-1,-1,-1;-1,-1;3;2;5;-1;-1;-1;-1;-1;-1;-1;-1;-1;-1;-1;-1;-1;-1;-1;-1;-1;-1;-1;-1;-1;0;0;0;0;0;0;0;0;0;0;0;0;0;0;0;0;0;0;0;0;0;0;0;0;0;0;0;0;0;0;0;0;0;0;0;0;0;0;0;0;0;0;0;0;0;0;0;0;0;0;0;0;0;0;0;0;0;0;0;0;0;0;0;0;0;0;0;0;5;0;0;0;0;0;0;2019-09-14 14:00:00;1995;0;71;25;50;1;-1;-1;-1;-1;-1;-1;-1;-1;-1;-1;-1;-1;-1;-1;-1;0;0;0;0;0;0;0;-1;-1;-1;-1;-1;-1;-1;-1;-1;-1;-1;-1;-1;-1;-1;-1;-1;-1;-1;-1;-1;-1;-1;42;42;71;84;100;42;42;71;54;8;0;4.67;3.79;NŠ Drava;Dravograd;1.1;0.4;1;0.25;1.29;0.57;59;59;29;17;0;84;59;34;1.94;1.19;3.13;2252;20;Y;Y;Y;Y;Y;N;Y
613721;1994;10054;2019/2020;complete;50979;8;-1;-1,-1,-1,-1;-1;4;1;5;-1;-1;-1;-1;-1;-1;-1;-1;-1;-1;-1;-1;-1;-1;-1;-1;-1;-1;-1;-1;-1;0;0;0;0;0;0;0;0;0;0;0;0;0;0;0;0;0;0;0;0;0;0;0;0;0;0;0;0;0;0;0;0;0;0;0;0;0;0;0;0;0;0;0;0;0;0;0;0;0;0;0;0;0;0;0;0;0;0;0;0;0;0;0;0;0;0;0;0;5;0;0;0;0;0;0;2019-09-14 14:00:00;1994;0;63;0;25;1;-1;-1;-1;-1;-1;-1;-1;-1;-1;-1;-1;-1;-1;-1;-1;0;0;0;0;0;0;0;-1;-1;-1;-1;-1;-1;-1;-1;-1;-1;-1;-1;-1;-1;-1;-1;-1;-1;-1;-1;-1;-1;-1;46;59;59;100;100;0;59;59;42;3;0;8.5;4.29;Dob;Beltinci;1.5;0.4;0.67;0;0.67;0.86;54;42;42;0;0;50;0;0;0.88;0.95;1.83;2252;20;Y;Y;Y;Y;Y;N;Y
613722;10055;1988;2019/2020;complete;50979;8;-1;;;0;0;0;-1;-1;-1;-1;-1;-1;-1;-1;-1;-1;-1;-1;-1;-1;-1;-1;-1;-1;-1;-1;-1;0;0;0;0;0;0;0;0;0;0;0;0;0;0;0;0;0;0;0;0;0;0;0;0;0;0;0;0;0;0;0;0;0;0;0;0;0;0;0;0;0;0;0;0;0;0;0;0;0;0;0;0;0;0;0;0;0;0;0;0;0;0;0;0;0;0;0;0;0;0;0;0;0;0;0;2019-09-14 14:00:00;-1;0;88;17;67;0;-1;-1;-1;-1;-1;-1;-1;-1;-1;-1;-1;-1;-1;-1;-1;0;0;0;0;0;0;0;0;0;0;0;0;0;1;1;0;0;-1;-1;-1;-1;-1;-1;-1;-1;-1;-1;-1;-1;-1;59;71;71;100;100;29;42;71;71;4.67;0;7.5;4.42;Bilje;Brežice;1;0.64;0.67;0;1.57;0.5;42;29;29;0;0;50;34;34;0;1.79;1.79;2252;20;N;N;N;N;N;N;N
613723;1973;1989;2019/2020;complete;50979;8;-1;-1,-1,-1;;3;0;3;-1;-1;-1;-1;-1;-1;-1;-1;-1;-1;-1;-1;-1;-1;-1;-1;-1;-1;-1;-1;-1;0;0;0;0;0;0;0;0;0;0;0;0;0;0;0;0;0;0;0;0;0;0;0;0;0;0;0;0;0;0;0;0;0;0;0;0;0;0;0;0;0;0;0;0;0;0;0;0;0;0;0;0;0;0;0;0;0;0;0;0;0;0;0;0;0;0;0;0;3;0;0;0;0;0;0;2019-09-15 14:00:00;1973;0;46;13;0;1;-1;-1;-1;-1;-1;-1;-1;-1;-1;-1;-1;-1;-1;-1;-1;0;0;0;0;0;0;0;-1;-1;-1;-1;-1;-1;-1;-1;-1;-1;-1;-1;-1;-1;-1;-1;-1;-1;-1;-1;-1;-1;-1;42;42;71;71;100;42;84;54;38;9;0;4.25;4;Krško;Nafta;1.1;1.4;1.75;1;1.86;2.14;59;59;29;29;0;25;25;0;2.16;1.4;3.56;2252;20;Y;Y;Y;N;N;N;N
613724;1997;1969;2019/2020;complete;50979;8;-1;-1;-1,-1,-1,-1;1;4;5;-1;-1;-1;-1;-1;-1;-1;-1;-1;-1;-1;-1;-1;-1;-1;-1;-1;-1;-1;-1;-1;0;0;0;0;0;0;0;0;0;0;0;0;0;0;0;0;0;0;0;0;0;0;0;0;0;0;0;0;0;0;0;0;0;0;0;0;0;0;0;0;0;0;0;0;0;0;0;0;0;0;0;0;0;0;0;0;0;0;0;0;0;0;0;0;0;0;0;0;5;0;0;0;0;0;0;2019-09-14 14:00:00;1969;0;63;17;50;1;-1;-1;-1;-1;-1;-1;-1;-1;-1;-1;-1;-1;-1;-1;-1;0;0;0;0;0;0;0;-1;-1;-1;-1;-1;-1;-1;-1;-1;-1;-1;-1;-1;-1;-1;-1;-1;-1;-1;-1;-1;-1;-1;17;34;63;75;88;29;29;29;17;5;0;4.5;2.75;Rogaška;Gorica;1.3;2.27;1;3;0.67;1.86;84;67;38;25;13;50;0;0;0.34;1.79;2.13;2252;20;Y;Y;Y;Y;Y;N;Y
613725;1987;1990;2019/2020;complete;50979;8;-1;9,90;77;2;1;3;5;5;10;-1;-1;-1;-1;-1;-1;7;4;6;4;13;8;-1;-1;50;50;-1;-1;1.74;3.55;3.95;0;0;1.6;0;0;0;0;2.3;0;0;1.53;2.38;0;0;0;0;1.2;1.25;1.91;2.3;2.38;4;2;2.75;3.75;0;0;0;0;0;0;0;0;0;0;0;0;0;0;0;0;0;0;0;0;0;0;0;0;0;0;0;0;0;0;0;0;0;0;0;0;0;0;0;0;3;1;0;1;1;2;1;2019-09-13 14:00:00;1987;0;71;0;17;0;1;-1;2;1;3;4;3;7;-1;-1;-1;-1;-1;-1;1;50;51;102;126;1.68;1.17;2.85;0;0;0;0;0;0;1;1;1;0;0;0;-1;-1;-1;-1;-1;-1;-1;-1;-1;-1;-1;25;25;38;84;100;13;59;59;17;9;0;7.67;2.84;Fužinar;Brda Dobrovo;1.82;1.1;1.5;1.67;1.43;1;75;75;63;17;0;50;50;50;1.59;1.12;2.71;2252;20;Y;Y;Y;N;N;N;Y
613726;1985;1978;2019/2020;complete;50979;8;-1;-1;-1,-1;1;2;3;-1;-1;-1;-1;-1;-1;-1;-1;-1;-1;-1;-1;-1;-1;-1;-1;-1;-1;-1;-1;-1;0;0;0;0;0;0;0;0;0;0;0;0;0;0;0;0;0;0;0;0;0;0;0;0;0;0;0;0;0;0;0;0;0;0;0;0;0;0;0;0;0;0;0;0;0;0;0;0;0;0;0;0;0;0;0;0;0;0;0;0;0;0;0;0;0;0;0;0;3;0;0;0;0;0;0;2019-09-14 14:00:00;1978;0;67;34;33;1;-1;-1;-1;-1;-1;-1;-1;-1;-1;-1;-1;-1;-1;-1;-1;0;0;0;0;0;0;0;-1;-1;-1;-1;-1;-1;-1;-1;-1;-1;-1;-1;-1;-1;-1;-1;-1;-1;-1;-1;-1;-1;-1;17;54;67;67;84;42;54;71;42;9;0;5.5;3.04;Dekani;Krka;1.4;1.67;1.5;1.67;1;1.43;84;46;34;34;17;100;100;50;1.43;1.07;2.5;2252;20;Y;Y;Y;N;N;N;Y
613727;1978;1975;2019/2020;complete;50979;9;-1;-1;-1,-1,-1;1;3;4;-1;-1;-1;-1;-1;-1;-1;-1;-1;-1;-1;-1;-1;-1;-1;-1;-1;-1;-1;-1;-1;0;0;0;0;0;0;0;0;0;0;0;0;0;0;0;0;0;0;0;0;0;0;0;0;0;0;0;0;0;0;0;0;0;0;0;0;0;0;0;0;0;0;0;0;0;0;0;0;0;0;0;0;0;0;0;0;0;0;0;0;0;0;0;0;0;0;0;0;4;0;0;0;0;0;0;2019-09-21 14:00:00;1975;0;75;34;50;1;-1;-1;-1;-1;-1;-1;-1;-1;-1;-1;-1;-1;-1;-1;-1;0;0;0;0;0;0;0;-1;-1;-1;-1;-1;-1;-1;-1;-1;-1;-1;-1;-1;-1;-1;-1;-1;-1;-1;-1;-1;-1;-1;13;63;75;100;100;25;75;75;63;12.67;0;3.66;3.63;Krka;Radomlje;1.45;2;1.25;2.5;1.63;2.38;88;38;25;0;0;67;50;50;1.93;1.91;3.84;2252;20;Y;Y;Y;Y;N;N;Y
613728;1990;1985;2019/2020;complete;50979;9;-1;17,22,61;9,26;3;2;5;-1;-1;-1;-1;-1;4;1;0;0;-1;-1;-1;-1;-1;-1;-1;-1;-1;-1;4;1;0;0;0;0;0;0;0;0;0;0;0;0;0;0;0;0;0;0;0;0;0;0;0;0;0;0;0;0;0;0;0;0;0;0;0;0;0;0;0;0;0;0;0;0;0;0;0;0;0;0;0;0;0;0;0;0;0;0;0;0;0;0;0;0;0;0;0;0;5;2;2;1;0;1;4;2019-09-22 14:00:00;1990;0;84;25;50;0;-1;1;-1;-1;-1;-1;-1;-1;1;1;3;0;2;3;-1;0;0;0;0;0;0;0;0;0;0;0;0;0;1;1;0;1;-1;-1;0;1;-1;-1;-1;-1;-1;-1;-1;-1;-1;50;67;84;100;100;17;50;67;67;11;0;5;4.17;Brda Dobrovo;Dekani;0.8;1;0.33;0.33;0.86;0.88;50;33;17;0;0;34;34;34;1.22;0.95;2.17;2252;20;Y;Y;Y;Y;Y;N;Y
613730;1989;1997;2019/2020;complete;50979;9;-1;-1,-1,-1,-1;-1;4;1;5;-1;-1;-1;-1;-1;-1;-1;-1;-1;-1;-1;-1;-1;-1;-1;-1;-1;-1;-1;-1;-1;0;0;0;0;0;0;0;0;0;0;0;0;0;0;0;0;0;0;0;0;0;0;0;0;0;0;0;0;0;0;0;0;0;0;0;0;0;0;0;0;0;0;0;0;0;0;0;0;0;0;0;0;0;0;0;0;0;0;0;0;0;0;0;0;0;0;0;0;5;0;0;0;0;0;0;2019-09-21 14:00:00;1989;0;63;25;34;1;-1;-1;-1;-1;-1;-1;-1;-1;-1;-1;-1;-1;-1;-1;-1;0;0;0;0;0;0;0;-1;-1;-1;-1;-1;-1;-1;-1;-1;-1;-1;-1;-1;-1;-1;-1;-1;-1;-1;-1;-1;-1;-1;38;75;88;88;100;63;88;75;50;8;0;2.17;4.13;Nafta;Rogaška;2.3;0.1;3;0;1.88;0.57;63;25;13;13;0;34;34;34;2.83;1;3.83;2252;20;Y;Y;Y;Y;Y;N;Y
613731;1988;1973;2019/2020;complete;50979;9;-1;;30;0;1;1;4;3;7;-1;-1;3;0;0;0;3;5;6;4;9;9;-1;-1;53;47;3;0;4.5;4;1.17;0;0;1.44;0;0;0;0;2.7;0;0;1.5;2.5;0;0;0;0;2.5;1.2;1.11;4.5;2.6;2;4.5;3;1.73;0;0;0;0;0;0;0;0;0;0;0;0;0;0;0;0;0;0;0;0;0;0;0;0;0;0;0;0;0;0;0;0;0;0;0;0;0;0;0;0;1;0;1;0;0;0;1;2019-09-21 12:00:00;1973;0;50;0;50;0;1;1;0;2;4;1;2;5;0;0;3;0;0;3;1;0;0;0;0;1.33;1.26;2.59;0;0;0;0;0;0;1;1;0;0;0;1;0;0;-1;-1;-1;-1;-1;-1;-1;-1;-1;34;50;50;75;100;0;34;34;34;5;0;0.5;3.25;Brežice;Krško;1;2;1.5;2;0.57;2;67;50;50;25;0;25;25;25;0;1.73;1.73;2252;20;Y;N;N;N;N;N;N
613732;10054;10055;2019/2020;complete;50979;9;-1;-1;-1,-1,-1;1;3;4;-1;-1;-1;-1;-1;-1;-1;-1;-1;-1;-1;-1;-1;-1;-1;-1;-1;-1;-1;-1;-1;0;0;0;0;0;0;0;0;0;0;0;0;0;0;0;0;0;0;0;0;0;0;0;0;0;0;0;0;0;0;0;0;0;0;0;0;0;0;0;0;0;0;0;0;0;0;0;0;0;0;0;0;0;0;0;0;0;0;0;0;0;0;0;0;0;0;0;0;4;0;0;0;0;0;0;2019-09-21 14:00:00;10055;0;25;0;0;1;-1;-1;-1;-1;-1;-1;-1;-1;-1;-1;-1;-1;-1;-1;-1;0;0;0;0;0;0;0;-1;-1;-1;-1;-1;-1;-1;-1;-1;-1;-1;-1;-1;-1;-1;-1;-1;-1;-1;-1;-1;-1;-1;0;13;42;59;100;0;46;29;0;9.33;0;4;2.13;Beltinci;Bilje;1.6;1.9;2;2.25;0.75;1.5;100;88;59;42;0;59;59;34;1.6;1.08;2.68;2252;20;Y;Y;Y;Y;N;N;Y
613733;16047;1994;2019/2020;complete;50979;9;-1;;-1;0;1;1;-1;-1;-1;-1;-1;-1;-1;-1;-1;-1;-1;-1;-1;-1;-1;-1;-1;-1;-1;-1;-1;0;0;0;0;0;0;0;0;0;0;0;0;0;0;0;0;0;0;0;0;0;0;0;0;0;0;0;0;0;0;0;0;0;0;0;0;0;0;0;0;0;0;0;0;0;0;0;0;0;0;0;0;0;0;0;0;0;0;0;0;0;0;0;0;0;0;0;0;1;0;0;0;0;0;0;2019-09-21 14:00:00;1994;0;84;0;75;1;-1;-1;-1;-1;-1;-1;-1;-1;-1;-1;-1;-1;-1;-1;-1;0;0;0;0;0;0;0;-1;-1;-1;-1;-1;-1;-1;-1;-1;-1;-1;-1;-1;-1;-1;-1;-1;-1;-1;-1;-1;-1;-1;33;67;84;100;100;50;50;50;33;10;0;5;4.17;Dravograd;Dob;0.6;1.4;1;0.67;0.5;1;67;33;17;0;0;50;0;0;1.51;1.22;2.73;2252;20;Y;N;N;N;N;N;N
613734;1976;1995;2019/2020;complete;50979;9;-1;89;72;1;1;2;4;8;12;-1;-1;2;1;0;0;5;4;6;1;11;5;-1;-1;50;50;2;1;1.13;4.33;5.5;0;0;1.8;0;0;0;0;2;0;0;2;1.73;0;0;0;0;1.06;1.17;2.75;1.91;2.38;6;1.67;2.88;6;0;0;0;0;0;0;0;0;0;0;0;0;0;0;0;0;0;0;2.15;12;0;0;0;0;0;0;0;0;0;0;0;0;0;0;0;0;0;0;0;0;2;0;0;1;1;2;0;2019-09-22 17:00:00;-1;0;71;17;42;0;1;1;0;0;4;0;0;4;1;1;1;0;2;1;1;0;0;0;0;1.56;1;2.56;0;0;0;0;0;0;1;1;0;0;0;0;0;0;-1;-1;-1;-1;-1;-1;-1;-1;-1;13;25;54;100;100;29;54;71;42;10.33;0;4.5;2.92;Koper;NŠ Drava;2.1;1;2.33;1.5;2.5;1.5;88;75;46;0;0;42;42;42;2.37;1.43;3.8;2252;20;Y;Y;N;N;N;N;Y
613735;1975;1995;2019/2020;complete;50979;10;-1;37,41,85;34,42;3;2;5;6;4;10;-1;-1;2;1;0;0;6;9;8;8;14;17;-1;-1;50;50;2;1;1.54;3.8;5.1;1;1.13;1.48;2.2;3.75;12.5;4.95;2.45;1.57;1.22;1.56;2.25;0;0;0;0;1.14;1.22;2.2;2;2.5;4.5;1.83;2.88;4.33;0;0;0;0;0;0;0;0;0;0;0;0;0;0;0;0;0;0;3;11;0;0;0;0;0;0;0;0;0;0;0;0;0;0;0;0;0;0;0;0;5;2;2;1;0;1;4;2019-09-25 14:00:00;1975;0;53;13;42;0;1;1;3;0;3;0;3;3;2;0;0;1;2;1;1;0;0;0;0;2;2.2;4.2;0;0;0;0;0;0;1;1;0;0;1;0;0;0;-1;-1;-1;-1;-1;-1;-1;-1;-1;23;45;55;100;100;23;55;78;68;16;0;4.08;3.48;Radomlje;NŠ Drava;2;1;2.25;1.4;2.44;1.44;78;55;45;0;0;75;75;75;2.99;1.32;4.31;2252;20;Y;Y;Y;Y;Y;N;Y
613736;1994;1976;2019/2020;complete;50979;10;-1;43;8;1;1;2;3;6;9;-1;-1;2;1;0;0;5;7;4;3;9;10;-1;-1;50;50;2;1;5;3.9;1.53;1;1.13;1.48;2.2;3.75;12.5;4.95;2.45;1.57;1.22;1.56;2.25;0;0;0;0;2.38;1.2;1.13;4.75;2.63;1.91;4.2;2.88;1.83;0;0;0;0;0;0;0;0;0;0;0;0;0;0;0;0;0;0;9.5;3.1;0;0;0;0;0;0;0;0;0;0;0;0;0;0;0;0;0;0;0;0;2;1;1;0;0;0;2;2019-09-25 14:00:00;-1;0;70;25;50;0;1;1;3;0;0;6;3;6;0;1;2;0;1;2;1;0;0;0;0;1.79;2.26;4.05;0;0;0;0;0;0;1;1;0;1;0;0;0;1;-1;-1;-1;-1;-1;-1;-1;-1;-1;38;48;58;90;100;10;45;45;23;7;0;6;3.83;Dob;Koper;1.5;2.3;1.25;2.6;1.25;2.33;63;53;43;10;0;25;25;25;0.88;1.47;2.35;2252;20;Y;Y;N;N;N;N;Y
613737;10055;16047;2019/2020;complete;50979;10;-1;5,12;38;2;1;3;9;2;11;-1;-1;1;2;0;0;9;4;5;8;14;12;-1;-1;50;50;1;2;1.33;4.2;7.5;1.01;1.17;1.61;2.5;4.4;11;4.25;2.15;1.45;1.16;1.8;1.91;0;0;0;0;1.07;1.2;2.75;1.8;2.5;6.5;1.62;3;6;0;0;0;0;0;0;0;0;0;0;0;0;0;0;0;0;0;0;2.35;15;0;0;0;0;0;0;0;0;0;0;0;0;0;0;0;0;0;0;0;0;3;2;1;0;0;0;3;2019-09-25 14:00:00;10055;0;78;0;84;0;1;1;6;0;3;2;6;5;0;1;1;1;1;2;1;0;0;0;0;2.05;1.33;3.39;0;0;0;0;0;0;1;1;1;0;1;0;0;0;-1;-1;-1;-1;-1;-1;-1;-1;-1;55;55;65;88;88;33;33;55;55;3;0;6.17;3.83;Bilje;Dravograd;1;0.4;0.75;0.2;1.67;0.44;45;45;35;13;13;34;34;34;0;1.19;1.19;2252;20;Y;Y;Y;N;N;N;Y
613738;1973;10054;2019/2020;complete;50979;10;-1;20;;1;0;1;4;7;11;1;1;1;3;0;0;4;5;5;12;9;17;13;14;50;50;1;3;1.19;5.55;10.75;1;1.15;1.53;2.3;4;11.75;4.65;2.3;1.53;1.19;2.1;1.65;0;0;0;0;1.08;1.11;3.4;1.67;2.75;6.5;1.57;3.2;6;0;0;0;0;0;0;0;0;0;0;0;0;0;0;0;0;0;0;1.85;17;0;0;0;0;0;0;0;0;0;0;0;0;0;0;0;0;0;0;0;0;2;1;0;0;1;1;1;2019-09-25 14:00:00;-1;0;30;13;0;0;1;1;2;5;2;2;7;4;1;0;0;3;1;3;1;0;0;0;0;1.35;1.99;3.34;0;0;0;0;0;0;1;1;0;0;1;0;0;0;-1;-1;-1;-1;-1;-1;-1;-1;-1;40;50;70;90;100;20;60;50;50;3;0;6.75;3.7;Krško;Beltinci;1.1;0.4;2;0;2.11;0.67;60;50;30;10;0;50;0;0;2.16;0.95;3.11;2252;20;Y;Y;N;N;N;N;Y
613739;1997;1988;2019/2020;complete;50979;10;-1;71;;1;0;1;2;6;8;-1;-1;3;2;0;1;3;0;0;2;3;2;-1;-1;56;44;3;4;1.95;3.55;3.1;1;1.14;1.5;2.25;3.9;12;4.75;2.35;1.54;1.2;1.47;2.45;0;0;0;0;1.33;1.29;1.67;2.5;2.5;3.4;2.3;2.75;3.25;0;0;0;0;0;0;0;0;0;0;0;0;0;0;0;0;0;0;4;7;0;0;0;0;0;0;0;0;0;0;0;0;0;0;0;0;0;0;0;0;1;0;0;1;0;1;0;2019-09-25 14:00:00;1997;0;50;29;13;0;1;1;2;5;0;1;7;1;0;0;3;3;0;6;1;0;0;0;0;0.59;0.7;1.3;0;0;0;0;0;0;1;1;0;0;0;2;0;0;-1;-1;-1;-1;-1;-1;-1;-1;-1;30;40;50;70;80;20;30;40;30;8.67;0;6.5;2.9;Rogaška;Brežice;1.3;0.64;0.8;0.2;0.5;0.5;70;60;50;30;20;50;34;34;0.34;1.79;2.13;2252;20;Y;N;N;N;N;N;N
613740;1987;1989;2019/2020;complete;50979;10;-1;45;61;1;1;2;3;2;5;-1;-1;2;3;0;0;5;9;6;5;11;14;-1;-1;50;50;2;3;2.4;3.5;2.4;1.01;1.19;1.67;2.65;4.75;10.5;4;2.05;1.41;1.14;1.57;2.2;0;0;0;0;1.5;1.25;1.5;3;2.3;3;2.7;2.63;2.8;0;0;0;0;0;0;0;0;0;0;0;0;0;0;0;0;0;0;4.8;5;0;0;0;0;0;0;0;0;0;0;0;0;0;0;0;0;0;0;0;0;2;1;0;0;1;1;1;2019-09-25 14:00:00;-1;0;59;0;17;0;1;1;0;2;3;0;2;3;2;0;0;3;2;3;1;0;0;0;0;1.55;2.08;3.63;0;0;0;0;0;0;1;1;0;0;0;1;0;0;-1;-1;-1;-1;-1;-1;-1;-1;-1;29;29;71;79;100;21;50;38;9;10.33;0;6;3.54;Fužinar;Nafta;1.82;1.4;1.5;0.75;1.44;2;71;71;29;21;0;42;42;0;1.63;1.4;3.03;2252;20;Y;Y;N;N;N;N;Y
613741;1985;1969;2019/2020;complete;50979;10;-1;;54,80;0;2;2;3;7;10;-1;-1;2;2;0;0;2;5;4;6;6;11;-1;-1;50;50;2;2;5.1;4.6;1.43;1;1.1;1.39;2;3.25;13.75;5.55;2.7;1.69;1.28;1.53;2.3;0;0;0;0;2.62;1.17;1.14;4.5;2.62;1.95;0;0;0;0;0;0;0;0;0;0;0;0;0;0;0;0;0;0;0;0;0;0;0;0;0;0;0;0;0;0;0;0;0;0;0;0;0;0;0;0;0;0;0;2;0;0;0;2;2;0;2019-09-25 14:00:00;1969;0;90;34;67;0;1;1;1;6;2;1;7;3;1;0;1;2;1;3;1;0;0;0;0;0.91;1.53;2.44;0;0;0;0;0;0;1;1;0;0;1;0;0;0;-1;-1;-1;-1;-1;-1;-1;-1;-1;20;60;90;90;100;30;40;40;30;8;0;3;3.6;Dekani;Gorica;1.4;2.27;1.2;3;0.78;2.11;80;40;10;10;0;100;50;50;1.43;1.79;3.22;2252;20;Y;Y;N;N;N;N;N
613742;1978;1990;2019/2020;complete;50979;10;-1;12,55,63;46;3;1;4;7;7;14;-1;-1;2;2;0;0;9;7;6;4;15;11;-1;-1;50;50;2;2;1.53;3.75;5.3;1;1.13;1.48;2.2;3.75;12.5;4.95;2.45;1.57;1.22;1.56;2.25;0;0;0;0;1.14;1.22;2.2;2.05;2.5;4.5;1.83;2.88;4.33;0;0;0;0;0;0;0;0;0;0;0;0;0;0;0;1.4;15;2.88;3;12;0;0;0;0;0;0;0;0;0;0;0;0;0;0;0;0;0;0;0;0;4;1;0;2;1;3;1;2019-09-25 14:00:00;1978;0;88;0;75;0;1;1;2;2;5;5;4;10;0;1;2;1;1;3;1;82;65;135;118;2.17;1.66;3.84;0;0;0;0;0;0;1;1;0;0;2;0;0;0;-1;-1;-1;-1;-1;-1;-1;-1;-1;0;40;63;88;100;0;68;68;55;11.67;0;5;2.9;Krka;Brda Dobrovo;1.45;1.1;1;1.25;1.44;1.13;100;60;38;13;0;100;84;59;1.93;1.14;3.07;2252;20;Y;Y;Y;Y;N;N;Y
613743;1990;1975;2019/2020;complete;50979;11;-1;;33,62,90;0;3;3;-1;-1;-1;-1;-1;2;3;0;0;-1;-1;-1;-1;-1;-1;-1;-1;-1;-1;2;3;0;0;0;0;0;0;0;0;0;0;0;0;0;0;0;0;0;0;0;0;0;0;0;0;0;0;0;0;0;0;0;0;0;0;0;0;0;0;0;0;0;0;0;0;0;0;0;0;0;0;0;0;0;0;0;0;0;0;0;0;0;0;0;0;0;0;0;0;3;0;1;0;2;2;1;2019-09-29 13:30:00;1975;0;80;67;17;0;-1;1;-1;-1;-1;-1;-1;-1;0;0;2;3;0;5;-1;0;0;0;0;0;0;0;0;0;0;0;0;0;1;1;0;0;-1;-1;0;0;-1;-1;-1;-1;-1;-1;-1;-1;-1;35;68;68;100;100;45;55;68;45;12;0;4.66;3.8;Brda Dobrovo;Radomlje;0.8;2;1;2.6;1;2.5;65;33;33;0;0;50;50;50;1.22;1.91;3.13;2252;20;Y;Y;Y;N;N;N;N
613744;1969;1978;2019/2020;complete;50979;11;-1;3,17,71;;3;0;3;3;6;9;-1;-1;0;3;0;0;4;0;0;0;4;0;-1;-1;50;50;0;3;1.62;3.5;4.75;0;0;1.7;0;0;0;0;2.1;0;0;0;0;0;0;0;0;1.14;1.25;2.1;2.2;2.38;4.5;0;0;0;0;0;0;0;0;0;0;0;0;0;0;0;0;0;0;0;0;0;0;0;0;0;0;0;0;0;0;0;0;0;0;0;0;0;0;0;0;0;0;0;3;2;0;1;0;1;2;2019-09-29 14:00:00;1969;0;75;13;42;0;1;1;2;1;1;5;3;6;0;0;0;3;0;3;-1;0;0;0;0;0;0;0;0;0;0;0;0;0;1;1;1;0;1;0;0;0;-1;-1;-1;-1;-1;-1;-1;-1;-1;50;50;75;75;88;38;63;75;50;6.75;0;6;3.63;Gorica;Krka;1.78;1.67;1;2;2.2;1.6;50;50;25;25;13;63;50;0;1.91;1.07;2.98;2252;20;Y;Y;Y;N;N;N;N
613745;1989;1985;2019/2020;complete;50979;11;-1;-1,-1,-1,-1,-1;;5;0;5;-1;-1;-1;-1;-1;-1;-1;-1;-1;-1;-1;-1;-1;-1;-1;-1;-1;-1;-1;-1;-1;0;0;0;0;0;0;0;0;0;0;0;0;0;0;0;0;0;0;0;0;0;0;0;0;0;0;0;0;0;0;0;0;0;0;0;0;0;0;0;0;0;0;0;0;0;0;0;0;0;0;0;0;0;0;0;0;0;0;0;0;0;0;0;0;0;0;0;0;5;0;0;0;0;0;0;2019-09-29 13:30:00;1989;0;78;17;50;1;-1;-1;-1;-1;-1;-1;-1;-1;-1;-1;-1;-1;-1;-1;-1;0;0;0;0;0;0;0;-1;-1;-1;-1;-1;-1;-1;-1;-1;-1;-1;-1;-1;-1;-1;-1;-1;-1;-1;-1;-1;-1;-1;58;68;90;90;100;23;68;58;45;13;0;3.34;4.18;Nafta;Dekani;2.3;1;3;0.25;1.9;0.7;43;33;10;10;0;34;34;34;2.83;0.95;3.78;2252;20;Y;Y;Y;Y;Y;N;N
613746;1988;1987;2019/2020;complete;50979;11;-1;-1;-1,-1,-1,-1;1;4;5;-1;-1;-1;-1;-1;-1;-1;-1;-1;-1;-1;-1;-1;-1;-1;-1;-1;-1;-1;-1;-1;0;0;0;0;0;0;0;0;0;0;0;0;0;0;0;0;0;0;0;0;0;0;0;0;0;0;0;0;0;0;0;0;0;0;0;0;0;0;0;0;0;0;0;0;0;0;0;0;0;0;0;0;0;0;0;0;0;0;0;0;0;0;0;0;0;0;0;0;5;0;0;0;0;0;0;2019-09-28 13:30:00;1987;0;50;17;34;1;-1;-1;-1;-1;-1;-1;-1;-1;-1;-1;-1;-1;-1;-1;-1;0;0;0;0;0;0;0;-1;-1;-1;-1;-1;-1;-1;-1;-1;-1;-1;-1;-1;-1;-1;-1;-1;-1;-1;-1;-1;-1;-1;0;0;34;67;100;17;50;34;34;6;0;7;2;Brežice;Fužinar;1;1.89;1;1.33;0.44;1.4;100;100;67;34;0;50;0;0;1.33;1;2.33;2252;20;Y;Y;Y;Y;Y;N;Y
613747;10054;1997;2019/2020;complete;50979;11;-1;-1;;1;0;1;-1;-1;-1;-1;-1;-1;-1;-1;-1;-1;-1;-1;-1;-1;-1;-1;-1;-1;-1;-1;-1;0;0;0;0;0;0;0;0;0;0;0;0;0;0;0;0;0;0;0;0;0;0;0;0;0;0;0;0;0;0;0;0;0;0;0;0;0;0;0;0;0;0;0;0;0;0;0;0;0;0;0;0;0;0;0;0;0;0;0;0;0;0;0;0;0;0;0;0;1;0;0;0;0;0;0;2019-09-28 13:30:00;10054;0;46;25;0;1;-1;-1;-1;-1;-1;-1;-1;-1;-1;-1;-1;-1;-1;-1;-1;0;0;0;0;0;0;0;-1;-1;-1;-1;-1;-1;-1;-1;-1;-1;-1;-1;-1;-1;-1;-1;-1;-1;-1;-1;-1;-1;-1;34;63;75;88;100;34;59;46;17;4;0;3;3.75;Beltinci;Rogaška;1.6;0.1;1.5;0;0.7;0.78;67;38;25;13;0;25;25;0;1.6;1;2.6;2252;20;Y;N;N;N;N;N;N
613748;16047;1973;2019/2020;complete;50979;11;-1;;-1,-1;0;2;2;-1;-1;-1;-1;-1;-1;-1;-1;-1;-1;-1;-1;-1;-1;-1;-1;-1;-1;-1;-1;-1;0;0;0;0;0;0;0;0;0;0;0;0;0;0;0;0;0;0;0;0;0;0;0;0;0;0;0;0;0;0;0;0;0;0;0;0;0;0;0;0;0;0;0;0;0;0;0;0;0;0;0;0;0;0;0;0;0;0;0;0;0;0;0;0;0;0;0;0;2;0;0;0;0;0;0;2019-09-28 13:30:00;1973;0;63;0;84;1;-1;-1;-1;-1;-1;-1;-1;-1;-1;-1;-1;-1;-1;-1;-1;0;0;0;0;0;0;0;-1;-1;-1;-1;-1;-1;-1;-1;-1;-1;-1;-1;-1;-1;-1;-1;-1;-1;-1;-1;-1;-1;-1;38;63;63;75;100;13;50;38;38;12.33;0;2.33;3.63;Dravograd;Krško;0.6;2;0.75;2.25;0.4;2;63;38;38;25;0;67;17;17;1.51;1.58;3.09;2252;20;Y;Y;N;N;N;N;N
613749;1976;10055;2019/2020;complete;50979;11;-1;-1;;1;0;1;-1;-1;-1;-1;-1;-1;-1;-1;-1;-1;-1;-1;-1;-1;-1;-1;-1;-1;-1;-1;-1;0;0;0;0;0;0;0;0;0;0;0;0;0;0;0;0;0;0;0;0;0;0;0;0;0;0;0;0;0;0;0;0;0;0;0;0;0;0;0;0;0;0;0;0;0;0;0;0;0;0;0;0;0;0;0;0;0;0;0;0;0;0;0;0;0;0;0;0;1;0;0;0;0;0;0;2019-09-29 16:00:00;1976;0;68;0;34;1;-1;-1;-1;-1;-1;-1;-1;-1;-1;-1;-1;-1;-1;-1;-1;0;0;0;0;0;0;0;-1;-1;-1;-1;-1;-1;-1;-1;-1;-1;-1;-1;-1;-1;-1;-1;-1;-1;-1;-1;-1;-1;-1;0;20;43;80;100;13;23;48;25;10;0;4.83;2.43;Koper;Bilje;2.1;1.9;2;2.4;2.2;1.8;100;80;58;20;0;67;67;67;2.1;1.08;3.18;2252;20;Y;N;N;N;N;N;N
613750;1995;1994;2019/2020;complete;50979;11;-1;55,67,70;90;3;1;4;7;5;12;-1;-1;2;2;0;1;6;7;4;8;10;15;-1;-1;42;58;2;4;2.25;3.45;2.7;0;0;1.5;0;0;0;0;2.5;0;0;1.36;2.88;0;0;0;0;1.5;1.3;1.5;2.88;2.5;2.88;2.63;2.8;2.63;0;0;0;0;0;0;0;0;0;0;0;0;0;0;0;0;0;0;5.8;5.8;0;0;0;0;0;0;0;0;0;0;0;0;0;0;0;0;0;0;0;0;4;0;0;3;1;4;0;2019-10-09 13:30:00;1995;0;78;25;34;0;1;1;4;1;3;4;5;7;0;0;2;3;0;5;1;0;0;0;0;1.39;1.76;3.16;0;0;0;0;0;0;1;1;0;0;0;0;0;0;-1;-1;-1;-1;-1;-1;-1;-1;-1;35;55;78;78;100;33;43;55;33;7.67;0;6;3.68;NŠ Drava;Dob;1.1;1.4;1.5;1.2;1.18;1.2;65;45;23;23;0;67;42;17;1.94;1.38;3.32;2252;20;Y;Y;Y;Y;N;N;Y
613751;1975;1994;2019/2020;complete;50979;12;-1;26,48;70,79;2;2;4;7;4;11;-1;-1;2;3;1;0;5;7;9;7;14;14;-1;-1;55;45;4;3;1.14;4.75;5;0;0;1.5;0;0;0;0;2.5;0;0;1.62;2.2;0;0;0;0;1.1;1.14;2.75;1.8;2.63;6;1.57;3.3;6;0;0;0;0;0;0;0;0;0;0;0;0;0;0;0;0;0;0;0;0;0;0;0;0;0;0;0;0;0;0;0;0;0;0;0;0;0;0;0;0;4;1;0;1;2;3;1;2019-10-05 13:30:00;-1;0;58;13;38;0;1;1;4;0;3;0;4;3;1;1;2;2;2;4;1;0;0;0;0;1.6;1.7;3.29;0;0;0;0;0;0;1;1;0;0;0;0;0;0;-1;-1;-1;-1;-1;-1;-1;-1;-1;33;55;68;88;100;45;55;65;43;10.67;0;5.25;3.75;Radomlje;Dob;2;1.4;2.4;1.25;2.55;1.22;68;45;33;13;0;50;50;34;2.66;1.22;3.88;2252;20;Y;Y;Y;Y;N;N;Y
613752;10055;1995;2019/2020;complete;50979;12;-1;15,51,81;;3;0;3;3;2;5;-1;-1;2;3;0;0;7;3;2;6;9;9;-1;-1;45;55;2;3;1.53;3.6;2.38;0;0;1.6;0;0;0;0;2.3;0;0;1.44;2.63;0;0;0;0;1.33;1.25;1.67;2.5;2.5;3.25;2.38;2.7;3.1;0;0;0;0;0;0;0;0;0;0;0;0;0;0;0;0;0;0;4.5;6.5;0;0;0;0;0;0;0;0;0;0;0;0;0;0;0;0;0;0;0;0;3;1;0;2;0;2;1;2019-10-05 13:30:00;10055;0;82;33;45;0;1;1;2;0;1;0;2;1;1;1;1;2;2;3;1;0;0;0;0;1.43;1.12;2.55;0;0;0;0;0;0;1;1;0;0;1;0;0;0;-1;-1;-1;-1;-1;-1;-1;-1;-1;37;45;64;90;90;37;54;62;45;14.6;0;4.93;3.35;Bilje;NŠ Drava;1;1;1.2;1.17;1.64;1.3;64;55;37;10;10;80;80;70;2.05;1.5;3.55;2252;20;Y;Y;Y;N;N;N;N
613753;1973;1976;2019/2020;complete;50979;12;-1;-1;-1,-1;1;2;3;-1;-1;-1;-1;-1;-1;-1;-1;-1;-1;-1;-1;-1;-1;-1;-1;-1;-1;-1;-1;-1;0;0;0;0;0;0;0;0;0;0;0;0;0;0;0;0;0;0;0;0;0;0;0;0;0;0;0;0;0;0;0;0;0;0;0;0;0;0;0;0;0;0;0;0;0;0;0;0;0;0;0;0;0;0;0;0;0;0;0;0;0;0;0;0;0;0;0;0;3;0;0;0;0;0;0;2019-10-05 16:30:00;1976;0;42;44;17;1;-1;-1;-1;-1;-1;-1;-1;-1;-1;-1;-1;-1;-1;-1;-1;0;0;0;0;0;0;0;-1;-1;-1;-1;-1;-1;-1;-1;-1;-1;-1;-1;-1;-1;-1;-1;-1;-1;-1;-1;-1;-1;-1;17;25;50;83;100;33;67;50;34;8;0;3.67;2.92;Krško;Koper;1.1;2.3;1.83;2.33;2.09;2.27;84;75;50;17;0;50;33;33;1.89;1.73;3.62;2252;20;Y;Y;Y;N;N;N;Y
613754;1997;16047;2019/2020;complete;50979;12;-1;-1;-1,-1,-1;1;3;4;-1;-1;-1;-1;-1;-1;-1;-1;-1;-1;-1;-1;-1;-1;-1;-1;-1;-1;-1;-1;-1;0;0;0;0;0;0;0;0;0;0;0;0;0;0;0;0;0;0;0;0;0;0;0;0;0;0;0;0;0;0;0;0;0;0;0;0;0;0;0;0;0;0;0;0;0;0;0;0;0;0;0;0;0;0;0;0;0;0;0;0;0;0;0;0;0;0;0;0;4;0;0;0;0;0;0;2019-10-05 13:30:00;16047;0;58;25;38;1;-1;-1;-1;-1;-1;-1;-1;-1;-1;-1;-1;-1;-1;-1;-1;0;0;0;0;0;0;0;-1;-1;-1;-1;-1;-1;-1;-1;-1;-1;-1;-1;-1;-1;-1;-1;-1;-1;-1;-1;-1;-1;-1;34;34;58;75;92;34;34;42;25;5.75;0;5.08;3.09;Rogaška;Dravograd;1.3;0.4;1.17;0.17;0.7;0.36;67;67;42;25;9;38;38;38;0.47;1.22;1.69;2252;20;Y;Y;Y;Y;N;N;Y
613755;1987;10054;2019/2020;complete;50979;12;-1;-1;-1;1;1;2;-1;-1;-1;-1;-1;-1;-1;-1;-1;-1;-1;-1;-1;-1;-1;-1;-1;-1;-1;-1;-1;0;0;0;0;0;0;0;0;0;0;0;0;0;0;0;0;0;0;0;0;0;0;0;0;0;0;0;0;0;0;0;0;0;0;0;0;0;0;0;0;0;0;0;0;0;0;0;0;0;0;0;0;0;0;0;0;0;0;0;0;0;0;0;0;0;0;0;0;2;0;0;0;0;0;0;2019-10-05 13:30:00;-1;0;61;0;13;1;-1;-1;-1;-1;-1;-1;-1;-1;-1;-1;-1;-1;-1;-1;-1;0;0;0;0;0;0;0;-1;-1;-1;-1;-1;-1;-1;-1;-1;-1;-1;-1;-1;-1;-1;-1;-1;-1;-1;-1;-1;-1;-1;31;40;54;93;100;7;54;54;24;7.5;0;7.33;3.24;Fužinar;Beltinci;1.82;0.4;1.43;0.17;1.55;0.91;69;61;47;7;0;63;38;25;1.6;1.47;3.07;2252;20;Y;Y;N;N;N;N;Y
613756;1985;1988;2019/2020;complete;50979;12;-1;-1;;1;0;1;-1;-1;-1;-1;-1;-1;-1;-1;-1;-1;-1;-1;-1;-1;-1;-1;-1;-1;-1;-1;-1;0;0;0;0;0;0;0;0;0;0;0;0;0;0;0;0;0;0;0;0;0;0;0;0;0;0;0;0;0;0;0;0;0;0;0;0;0;0;0;0;0;0;0;0;0;0;0;0;0;0;0;0;0;0;0;0;0;0;0;0;0;0;0;0;0;0;0;0;1;0;0;0;0;0;0;2019-10-05 13:30:00;1985;0;67;35;23;1;-1;-1;-1;-1;-1;-1;-1;-1;-1;-1;-1;-1;-1;-1;-1;0;0;0;0;0;0;0;-1;-1;-1;-1;-1;-1;-1;-1;-1;-1;-1;-1;-1;-1;-1;-1;-1;-1;-1;-1;-1;-1;-1;17;50;67;84;92;25;42;67;50;10.67;0;5.25;3.25;Dekani;Brežice;1.4;0.64;1;0.17;0.64;0.4;84;50;34;17;9;88;75;59;1.26;1.52;2.78;2252;20;Y;N;N;N;N;N;N
613757;1978;1989;2019/2020;complete;50979;12;-1;-1,-1,-1;-1,-1;3;2;5;-1;-1;-1;-1;-1;-1;-1;-1;-1;-1;-1;-1;-1;-1;-1;-1;-1;-1;-1;-1;-1;0;0;0;0;0;0;0;0;0;0;0;0;0;0;0;0;0;0;0;0;0;0;0;0;0;0;0;0;0;0;0;0;0;0;0;0;0;0;0;0;0;0;0;0;0;0;0;0;0;0;0;0;0;0;0;0;0;0;0;0;0;0;0;0;0;0;0;0;5;0;0;0;0;0;0;2019-10-05 13:30:00;1978;0;80;0;50;1;-1;-1;-1;-1;-1;-1;-1;-1;-1;-1;-1;-1;-1;-1;-1;0;0;0;0;0;0;0;-1;-1;-1;-1;-1;-1;-1;-1;-1;-1;-1;-1;-1;-1;-1;-1;-1;-1;-1;-1;-1;-1;-1;10;52;80;90;100;10;64;54;34;11.42;0;3.83;3.62;Krka;Nafta;1.45;1.4;1.33;0.8;1.45;2;90;49;20;10;0;67;54;38;1.99;1.62;3.61;2252;20;Y;Y;Y;Y;Y;N;Y
613758;1990;1969;2019/2020;complete;50979;12;-1;;88;0;1;1;-1;-1;-1;-1;-1;2;0;0;0;-1;-1;-1;-1;-1;-1;-1;-1;-1;-1;2;0;0;0;0;0;0;0;0;0;0;0;0;0;0;0;0;0;0;0;0;0;0;0;0;0;0;0;0;0;0;0;0;0;0;0;0;0;0;0;0;0;0;0;0;0;0;0;0;0;0;0;0;0;0;0;0;0;0;0;0;0;0;0;0;0;0;0;0;0;1;0;0;0;1;1;0;2019-10-06 13:30:00;1969;0;74;25;38;0;-1;1;-1;-1;-1;-1;-1;-1;0;0;2;0;0;2;-1;0;0;0;0;0;0;0;0;0;0;0;0;0;1;1;0;0;-1;-1;0;0;-1;-1;-1;-1;-1;-1;-1;-1;-1;37;55;74;92;100;29;39;57;47;10;0;3.75;3.57;Brda Dobrovo;Gorica;0.8;2.27;0.8;3;0.9;2.27;64;45;27;9;0;84;59;34;1.22;1.66;2.88;2252;20;Y;N;N;N;N;N;N
613759;1969;1975;2019/2020;complete;50979;13;-1;60,89;32;2;1;3;13;7;20;-1;-1;3;1;0;0;5;2;6;5;11;7;-1;-1;51;49;3;1;2.1;3.4;2.88;0;0;1.8;0;0;0;0;2;0;0;0;0;0;0;0;0;1.36;1.29;1.62;2.75;2.25;3.4;0;0;0;0;0;0;0;0;0;0;0;0;0;0;0;0;0;0;0;0;0;0;0;0;0;0;0;0;0;0;0;0;0;0;0;0;0;0;0;0;0;0;0;3;0;1;2;0;2;1;2019-10-12 12:00:00;1969;0;65;35;20;0;1;1;7;5;6;2;12;8;0;1;3;0;1;3;1;0;0;0;0;1.6;0.91;2.5;0;0;0;0;0;0;1;1;0;0;1;0;0;0;-1;-1;-1;-1;-1;-1;-1;-1;-1;39;55;84;100;100;47;84;84;55;10.4;0;4.5;3.95;Gorica;Radomlje;1.78;2;1.4;2.67;2.33;2.42;62;45;17;0;0;37;17;17;1.91;1.91;3.82;2252;20;Y;Y;Y;N;N;N;Y
613760;1989;1990;2019/2020;complete;50979;13;-1;5,42;69,89;2;2;4;1;2;3;-1;-1;5;1;0;1;8;3;6;1;14;4;-1;-1;52;48;5;3;1.3;4.8;7.75;1.01;1.17;1.57;2.45;4.25;11.25;4.35;2.2;1.48;1.17;1.83;1.83;0;0;0;0;1.08;1.14;2.75;1.91;2.5;5.5;1.62;3;6;0;0;0;0;0;0;0;0;0;0;0;0;0;0;0;0;0;0;0;0;0;0;0;0;0;0;0;0;0;0;0;0;0;0;0;0;0;0;0;0;4;2;0;0;2;2;2;2019-10-12 13:30:00;-1;0;74;0;64;0;1;1;0;1;1;1;1;2;2;0;3;2;2;5;1;0;0;0;0;1.89;0.85;2.74;0;0;0;0;0;0;1;1;1;0;0;0;0;0;-1;-1;-1;-1;-1;-1;-1;-1;-1;25;44;62;82;100;9;65;57;47;13.67;0;3.92;3.12;Nafta;Brda Dobrovo;2.3;1.1;3;1;1.83;0.82;75;57;39;19;0;84;84;67;2.83;1.32;4.15;2252;20;Y;Y;Y;Y;N;N;Y
613762;10054;1985;2019/2020;complete;50979;13;-1;17;27,40;1;2;3;3;1;4;-1;-1;1;4;0;1;6;5;11;2;17;7;-1;-1;62;38;1;6;1.53;3.6;2.38;0;0;1.7;0;0;0;0;2.1;0;0;1.57;2.25;0;0;0;0;1.3;1.25;1.73;2.6;2.3;3.5;2.25;2.6;3.5;0;0;0;0;0;0;0;0;0;0;0;0;0;0;0;0;0;0;3.9;6.5;0;0;0;0;0;0;0;0;0;0;0;0;0;0;0;0;0;0;0;0;3;1;2;0;0;0;3;2019-10-13 13:30:00;1985;0;40;17;17;0;1;1;1;0;2;1;1;3;1;1;0;4;2;4;1;0;0;0;0;2.1;1.07;3.17;0;0;0;0;0;0;1;1;0;0;0;0;0;0;-1;-1;-1;-1;-1;-1;-1;-1;-1;40;50;70;80;100;10;50;40;20;9;0;4.17;3.5;Beltinci;Dekani;1.6;1;1.8;0.2;0.92;0.83;60;50;30;20;0;25;25;0;1.6;0.95;2.55;2252;20;Y;Y;Y;N;N;N;Y
613763;16047;1987;2019/2020;complete;50979;13;-1;;59,70;0;2;2;2;6;8;-1;-1;4;2;0;1;4;8;7;5;11;13;-1;-1;41;59;4;4;3.7;3.65;1.77;1.01;1.19;1.65;2.65;4.7;10.5;4.05;2.1;1.42;1.14;1.62;2.1;0;0;0;0;1.83;1.25;1.25;3.75;2.3;2.4;3.5;2.63;2.2;0;0;0;0;0;0;0;0;0;0;0;0;0;0;0;0;0;0;0;0;0;0;0;0;0;0;0;0;0;0;0;0;0;0;0;0;0;0;0;0;2;0;0;0;2;2;0;2019-10-12 13:30:00;1987;0;70;17;84;0;1;1;1;2;1;4;3;5;1;2;3;1;3;4;1;0;0;0;0;1.41;2.07;3.48;0;0;0;0;0;0;1;1;0;0;0;0;1;1;-1;-1;-1;-1;-1;-1;-1;-1;-1;23;33;58;90;100;23;35;35;35;10;0;6;3.13;Dravograd;Fužinar;0.6;1.89;0.6;1.75;0.58;1.5;78;68;43;10;0;100;0;0;1.51;1;2.51;2252;20;Y;Y;N;N;N;N;N
613764;1976;1997;2019/2020;complete;50979;13;-1;-1,-1,-1;;3;0;3;-1;-1;-1;-1;-1;-1;-1;-1;-1;-1;-1;-1;-1;-1;-1;-1;-1;-1;-1;-1;-1;0;0;0;0;0;0;0;0;0;0;0;0;0;0;0;0;0;0;0;0;0;0;0;0;0;0;0;0;0;0;0;0;0;0;0;0;0;0;0;0;0;0;0;0;0;0;0;0;0;0;0;0;0;0;0;0;0;0;0;0;0;0;0;0;0;0;0;0;3;0;0;0;0;0;0;2019-10-12 13:30:00;1976;0;55;25;34;1;-1;-1;-1;-1;-1;-1;-1;-1;-1;-1;-1;-1;-1;-1;-1;0;0;0;0;0;0;0;-1;-1;-1;-1;-1;-1;-1;-1;-1;-1;-1;-1;-1;-1;-1;-1;-1;-1;-1;-1;-1;-1;-1;25;38;48;78;100;35;35;55;33;4.67;0;3.83;3;Koper;Rogaška;2.1;0.1;2.2;0;2.33;0.64;75;63;53;23;0;34;34;34;2.1;1;3.1;2252;20;Y;Y;Y;N;N;N;N
613765;1995;1973;2019/2020;complete;50979;13;-1;;;0;0;0;3;9;12;-1;-1;-1;-1;-1;-1;4;13;6;10;10;23;-1;-1;41;59;-1;-1;2.45;3.5;2.45;0;0;1.8;0;0;0;0;2;0;0;0;0;0;0;0;0;1.5;1.25;1.5;3;2.25;3;0;0;0;0;0;0;0;0;0;0;0;0;0;0;0;0;0;0;0;0;0;0;0;0;0;0;0;0;0;0;0;0;0;0;0;0;0;0;0;0;0;0;0;0;0;0;0;0;0;0;2019-10-13 13:30:00;-1;0;70;17;50;0;1;-1;0;4;0;5;4;5;-1;-1;-1;-1;-1;-1;1;0;0;0;0;1.26;2.76;4.02;0;0;0;0;0;0;1;1;0;0;0;2;-1;-1;-1;-1;-1;-1;-1;-1;-1;-1;-1;40;60;70;80;100;10;40;50;40;10;0;3;3.7;NŠ Drava;Krško;1.1;2;1.8;2.4;1.33;1.92;60;40;30;20;0;67;50;33;1.76;1.58;3.34;2252;20;N;N;N;N;N;N;N
613766;1994;10055;2019/2020;complete;50979;13;-1;-1;-1,-1;1;2;3;-1;-1;-1;-1;-1;-1;-1;-1;-1;-1;-1;-1;-1;-1;-1;-1;-1;-1;-1;-1;-1;0;0;0;0;0;0;0;0;0;0;0;0;0;0;0;0;0;0;0;0;0;0;0;0;0;0;0;0;0;0;0;0;0;0;0;0;0;0;0;0;0;0;0;0;0;0;0;0;0;0;0;0;0;0;0;0;0;0;0;0;0;0;0;0;0;0;0;0;3;0;0;0;0;0;0;2019-10-12 13:30:00;10055;0;75;17;17;1;-1;-1;-1;-1;-1;-1;-1;-1;-1;-1;-1;-1;-1;-1;-1;0;0;0;0;0;0;0;-1;-1;-1;-1;-1;-1;-1;-1;-1;-1;-1;-1;-1;-1;-1;-1;-1;-1;-1;-1;-1;-1;-1;30;47;55;75;100;10;39;29;10;8.33;0;5.83;3.47;Dob;Bilje;1.5;1.9;1.2;2;1.09;1.75;70;54;45;25;0;59;34;34;1.34;1.08;2.42;2252;20;Y;Y;Y;N;N;N;Y
613767;1975;10055;2019/2020;complete;50979;14;-1;-1;-1,-1;1;2;3;-1;-1;-1;-1;-1;-1;-1;-1;-1;-1;-1;-1;-1;-1;-1;-1;-1;-1;-1;-1;-1;0;0;0;0;0;0;0;0;0;0;0;0;0;0;0;0;0;0;0;0;0;0;0;0;0;0;0;0;0;0;0;0;0;0;0;0;0;0;0;0;0;0;0;0;0;0;0;0;0;0;0;0;0;0;0;0;0;0;0;0;0;0;0;0;0;0;0;0;3;0;0;0;0;0;0;2019-10-19 13:00:00;10055;0;54;10;20;1;-1;-1;-1;-1;-1;-1;-1;-1;-1;-1;-1;-1;-1;-1;-1;0;0;0;0;0;0;0;-1;-1;-1;-1;-1;-1;-1;-1;-1;-1;-1;-1;-1;-1;-1;-1;-1;-1;-1;-1;-1;-1;-1;17;48;62;79;100;17;41;49;34;13.58;0;5.1;3.22;Radomlje;Bilje;2;1.9;2.17;2.14;2.23;1.85;84;52;38;22;0;84;84;71;2.4;1.08;3.48;2252;20;Y;Y;Y;N;N;N;Y
613768;1973;1994;2019/2020;complete;50979;14;-1;90;51,69,75;1;3;4;-1;-1;-1;-1;-1;0;2;0;0;-1;-1;-1;-1;-1;-1;-1;-1;-1;-1;0;2;0;0;0;0;0;0;0;0;0;0;0;0;0;0;0;0;0;0;0;0;0;0;0;0;0;0;0;0;0;0;0;0;0;0;0;0;0;0;0;0;0;0;0;0;0;0;0;0;0;0;0;0;0;0;0;0;0;0;0;0;0;0;0;0;0;0;0;0;4;0;0;1;3;4;0;2019-10-19 13:00:00;1994;0;63;10;38;0;-1;1;-1;-1;-1;-1;-1;-1;0;0;0;2;0;2;-1;0;0;0;0;0;0;0;1;0;1;0;0;0;1;1;0;0;-1;-1;0;0;-1;-1;-1;-1;-1;-1;-1;-1;-1;23;48;77;85;100;31;61;62;47;6.58;0;5.25;3.55;Krško;Dob;1.1;1.4;1.57;1;1.85;1;77;52;23;16;0;42;42;42;1.89;1.48;3.37;2252;20;Y;Y;Y;Y;N;N;Y
613769;1997;1995;2019/2020;complete;50979;14;-1;-1,-1,-1;-1,-1;3;2;5;-1;-1;-1;-1;-1;-1;-1;-1;-1;-1;-1;-1;-1;-1;-1;-1;-1;-1;-1;-1;-1;0;0;0;0;0;0;0;0;0;0;0;0;0;0;0;0;0;0;0;0;0;0;0;0;0;0;0;0;0;0;0;0;0;0;0;0;0;0;0;0;0;0;0;0;0;0;0;0;0;0;0;0;0;0;0;0;0;0;0;0;0;0;0;0;0;0;0;0;5;0;0;0;0;0;0;2019-10-19 13:00:00;1997;0;57;29;17;1;-1;-1;-1;-1;-1;-1;-1;-1;-1;-1;-1;-1;-1;-1;-1;0;0;0;0;0;0;0;-1;-1;-1;-1;-1;-1;-1;-1;-1;-1;-1;-1;-1;-1;-1;-1;-1;-1;-1;-1;-1;-1;-1;22;36;57;79;93;22;43;58;29;8;0;5.16;2.86;Rogaška;NŠ Drava;1.3;1;1;1;0.58;1.31;79;64;43;22;7;25;25;17;0.47;1.44;1.91;2252;20;Y;Y;Y;Y;Y;N;Y
613770;1987;1976;2019/2020;complete;50979;14;-1;-1,-1;-1;2;1;3;-1;-1;-1;-1;-1;-1;-1;-1;-1;-1;-1;-1;-1;-1;-1;-1;-1;-1;-1;-1;-1;0;0;0;0;0;0;0;0;0;0;0;0;0;0;0;0;0;0;0;0;0;0;0;0;0;0;0;0;0;0;0;0;0;0;0;0;0;0;0;0;0;0;0;0;0;0;0;0;0;0;0;0;0;0;0;0;0;0;0;0;0;0;0;0;0;0;0;0;3;0;0;0;0;0;0;2019-10-19 13:00:00;1987;0;66;34;29;1;-1;-1;-1;-1;-1;-1;-1;-1;-1;-1;-1;-1;-1;-1;-1;0;0;0;0;0;0;0;-1;-1;-1;-1;-1;-1;-1;-1;-1;-1;-1;-1;-1;-1;-1;-1;-1;-1;-1;-1;-1;-1;-1;13;20;47;87;100;21;47;40;14;8.67;0;5;2.72;Fužinar;Koper;1.82;2.3;1.38;2.43;1.62;2.38;88;81;54;14;0;46;29;17;1.6;1.73;3.33;2252;20;Y;Y;Y;N;N;N;Y
613771;1985;16047;2019/2020;complete;50979;14;-1;-1,-1,-1,-1,-1;-1;5;1;6;-1;-1;-1;-1;-1;-1;-1;-1;-1;-1;-1;-1;-1;-1;-1;-1;-1;-1;-1;-1;-1;0;0;0;0;0;0;0;0;0;0;0;0;0;0;0;0;0;0;0;0;0;0;0;0;0;0;0;0;0;0;0;0;0;0;0;0;0;0;0;0;0;0;0;0;0;0;0;0;0;0;0;0;0;0;0;0;0;0;0;0;0;0;0;0;0;0;0;0;6;0;0;0;0;0;0;2019-10-19 13:00:00;1985;0;79;38;50;1;-1;-1;-1;-1;-1;-1;-1;-1;-1;-1;-1;-1;-1;-1;-1;0;0;0;0;0;0;0;-1;-1;-1;-1;-1;-1;-1;-1;-1;-1;-1;-1;-1;-1;-1;-1;-1;-1;-1;-1;-1;-1;-1;22;50;79;93;100;36;43;50;43;8.42;0;3.75;3.57;Dekani;Dravograd;1.4;0.4;1.29;0.57;1;0.54;79;50;22;7;0;88;88;71;1.26;1.22;2.48;2252;20;Y;Y;Y;Y;Y;Y;Y
613772;1978;10054;2019/2020;complete;50979;14;-1;-1,-1;;2;0;2;-1;-1;-1;-1;-1;-1;-1;-1;-1;-1;-1;-1;-1;-1;-1;-1;-1;-1;-1;-1;-1;0;0;0;0;0;0;0;0;0;0;0;0;0;0;0;0;0;0;0;0;0;0;0;0;0;0;0;0;0;0;0;0;0;0;0;0;0;0;0;0;0;0;0;0;0;0;0;0;0;0;0;0;0;0;0;0;0;0;0;0;0;0;0;0;0;0;0;0;2;0;0;0;0;0;0;2019-10-19 13:00:00;1978;0;73;0;40;1;-1;-1;-1;-1;-1;-1;-1;-1;-1;-1;-1;-1;-1;-1;-1;0;0;0;0;0;0;0;-1;-1;-1;-1;-1;-1;-1;-1;-1;-1;-1;-1;-1;-1;-1;-1;-1;-1;-1;-1;-1;-1;-1;21;59;66;94;94;0;47;47;40;10.25;0;5.5;3.32;Krka;Beltinci;1.45;0.4;1.5;0.29;1.54;0.85;80;41;35;7;7;100;63;63;1.99;1.47;3.46;2252;20;Y;Y;N;N;N;N;N
613773;1990;1988;2019/2020;complete;50979;14;-1;;29;0;1;1;-1;-1;-1;-1;-1;0;1;0;0;-1;-1;-1;-1;-1;-1;-1;-1;-1;-1;0;1;0;0;0;0;0;0;0;0;0;0;0;0;0;0;0;0;0;0;0;0;0;0;0;0;0;0;0;0;0;0;0;0;0;0;0;0;0;0;0;0;0;0;0;0;0;0;0;0;0;0;0;0;0;0;0;0;0;0;0;0;0;0;0;0;0;0;0;0;1;0;1;0;0;0;1;2019-10-20 13:00:00;1988;0;53;29;19;0;-1;1;-1;-1;-1;-1;-1;-1;0;1;0;0;1;0;-1;0;0;0;0;0;0;0;0;0;0;0;0;0;1;1;0;0;-1;-1;0;0;-1;-1;-1;-1;-1;-1;-1;-1;-1;29;44;53;67;88;23;38;67;44;11;0;5.45;2.92;Brda Dobrovo;Brežice;0.8;0.64;0.67;0.25;0.83;0.42;71;57;48;34;13;71;59;59;1.22;1.52;2.74;2252;20;Y;N;N;N;N;N;N
613774;1969;1989;2019/2020;complete;50979;14;-1;-1;-1,-1,-1;1;3;4;-1;-1;-1;-1;-1;-1;-1;-1;-1;-1;-1;-1;-1;-1;-1;-1;-1;-1;-1;-1;-1;0;0;0;0;0;0;0;0;0;0;0;0;0;0;0;0;0;0;0;0;0;0;0;0;0;0;0;0;0;0;0;0;0;0;0;0;0;0;0;0;0;0;0;0;0;0;0;0;0;0;0;0;0;0;0;0;0;0;0;0;0;0;0;0;0;0;0;0;4;0;0;0;0;0;0;2019-10-19 16:00:00;1989;0;75;9;17;1;-1;-1;-1;-1;-1;-1;-1;-1;-1;-1;-1;-1;-1;-1;-1;0;0;0;0;0;0;0;-1;-1;-1;-1;-1;-1;-1;-1;-1;-1;-1;-1;-1;-1;-1;-1;-1;-1;-1;-1;-1;-1;-1;42;42;84;92;100;34;75;67;34;10.5;0;4.5;3.92;Gorica;Nafta;1.78;1.4;1.67;0.67;2.38;1.77;59;59;17;9;0;42;25;9;1.85;1.62;3.47;2252;20;Y;Y;Y;Y;N;N;Y
613775;1989;1975;2019/2020;complete;50979;15;-1;15,18,43;;3;0;3;3;0;3;-1;-1;2;4;0;1;8;3;6;1;14;4;-1;-1;55;45;2;6;1.67;3.75;2.1;0;0;1.48;0;0;0;0;2.6;0;0;1.5;2.5;0;0;0;0;1.36;1.22;1.62;2.62;2.4;3.1;0;0;3;0;0;0;0;0;0;0;0;0;0;0;0;0;0;0;0;0;0;0;0;0;0;0;0;0;0;0;0;0;0;0;0;0;0;0;0;0;0;0;0;4;3;0;1;0;1;3;2019-10-26 16:00:00;1989;0;64;20;25;0;1;1;2;0;1;0;2;1;0;0;2;5;0;7;1;0;0;0;0;1.92;0.81;2.73;0;0;0;0;0;0;1;1;0;0;0;0;0;0;-1;-1;-1;-1;-1;-1;-1;-1;-1;29;57;79;93;100;29;64;57;50;12.5;0;3.95;3.65;Nafta;Radomlje;2.3;2;2.71;2.29;1.86;2.07;72;43;22;7;0;50;50;50;2.52;1.57;4.09;2252;20;Y;Y;Y;Y;N;N;N
613776;1988;1969;2019/2020;complete;50979;15;-1;;;0;0;0;-1;-1;-1;-1;-1;-1;-1;-1;-1;-1;-1;-1;-1;-1;-1;-1;-1;-1;-1;-1;-1;0;0;0;0;0;0;0;0;0;0;0;0;0;0;0;0;0;0;0;0;0;0;0;0;0;0;0;0;0;0;0;0;0;0;0;0;0;0;0;0;0;0;0;0;0;0;0;0;0;0;0;0;0;0;0;0;0;0;0;0;0;0;0;0;0;0;0;0;0;0;0;0;0;0;0;2019-10-26 12:00:00;-1;0;41;0;17;0;-1;-1;-1;-1;-1;-1;-1;-1;-1;-1;-1;-1;-1;-1;-1;0;0;0;0;0;0;0;0;0;0;0;0;0;1;1;0;0;-1;-1;-1;-1;-1;-1;-1;-1;-1;-1;-1;-1;-1;27;34;41;61;100;7;20;22;15;8;0;4;2.63;Brežice;Gorica;1;2.27;0.75;3;0.62;2.21;73;66;59;40;0;50;25;0;1.33;1.66;2.99;2252;20;N;N;N;N;N;N;N
613777;10054;1990;2019/2020;complete;50979;15;-1;45,75;;2;0;2;1;1;2;-1;-1;1;2;0;0;7;7;10;3;17;10;-1;-1;42;58;1;2;2.2;3.15;2.9;1.03;1.29;1.91;3.35;6.25;8.5;3.2;1.77;1.27;1.08;1.74;1.95;0;0;0;0;1.44;1.25;1.53;2.88;2.25;3.1;2.5;2.4;3.25;0;0;0;0;0;0;0;0;0;0;0;0;0;0;0;0;0;0;3.9;5.2;0;0;0;0;0;0;0;0;0;0;0;0;0;0;0;0;0;0;0;0;2;1;0;1;0;1;1;2019-10-27 13:00:00;10054;0;58;17;25;0;1;1;0;0;1;1;0;2;1;2;0;0;3;0;1;0;0;0;0;1.98;1.56;3.54;0;0;0;0;0;0;1;1;0;0;0;0;0;0;-1;-1;-1;-1;-1;-1;-1;-1;-1;0;25;50;75;100;17;67;50;34;8.42;0;4.53;2.5;Beltinci;Brda Dobrovo;1.6;1.1;1.5;1;0.79;0.77;100;75;50;25;0;54;54;25;1.76;1.2;2.96;2252;20;Y;Y;N;N;N;N;N
613778;16047;1978;2019/2020;complete;50979;15;-1;-1;-1;1;1;2;-1;-1;-1;-1;-1;-1;-1;-1;-1;-1;-1;-1;-1;-1;-1;-1;-1;-1;-1;-1;-1;0;0;0;0;0;0;0;0;0;0;0;0;0;0;0;0;0;0;0;0;0;0;0;0;0;0;0;0;0;0;0;0;0;0;0;0;0;0;0;0;0;0;0;0;0;0;0;0;0;0;0;0;0;0;0;0;0;0;0;0;0;0;0;0;0;0;0;0;2;0;0;0;0;0;0;2019-10-26 12:00:00;-1;0;37;0;38;1;-1;-1;-1;-1;-1;-1;-1;-1;-1;-1;-1;-1;-1;-1;-1;0;0;0;0;0;0;0;-1;-1;-1;-1;-1;-1;-1;-1;-1;-1;-1;-1;-1;-1;-1;-1;-1;-1;-1;-1;-1;-1;-1;19;27;47;72;90;29;29;47;27;9;0;6.33;2.72;Dravograd;Krka;0.6;1.67;0.5;1.6;0.5;1.64;82;74;54;29;10;75;25;0;1.46;1.07;2.53;2252;20;Y;Y;N;N;N;N;Y
613779;1976;1985;2019/2020;complete;50979;15;-1;34,63,74,82;;4;0;4;6;3;9;-1;-1;3;1;0;0;10;2;9;7;19;9;-1;-1;59;41;3;1;1.15;6.5;11.75;1;1.1;1.4;2;3.3;13.5;5.5;2.7;1.69;1.27;2;1.71;0;0;0;0;1.02;1.1;4.5;1.5;3.1;8.5;1.33;3.75;9;0;0;0;0;0;0;0;0;0;0;0;0;0;0;0;0;0;0;1.87;34;0;0;0;0;0;0;0;0;0;0;0;0;0;0;0;0;0;0;0;0;4;1;0;3;0;3;1;2019-10-25 16:00:00;1976;0;59;25;46;0;1;1;3;0;3;3;3;6;1;0;2;1;1;3;1;0;0;0;0;2.36;1.08;3.44;0;0;0;0;0;0;1;1;0;0;0;0;0;0;-1;-1;-1;-1;-1;-1;-1;-1;-1;34;34;67;92;100;25;42;50;33;7.67;0;5.83;3.34;Koper;Dekani;2.1;1;2.33;0.67;2.21;1.14;67;67;34;9;0;34;34;34;2.1;1.01;3.11;2252;20;Y;Y;Y;Y;N;N;N
613780;1995;1987;2019/2020;complete;50979;15;-1;;6,65,75,89;0;4;4;7;8;15;-1;-1;0;5;0;0;4;12;6;10;10;22;-1;-1;49;51;0;5;2.65;3.35;2.3;1.01;1.2;1.67;2.7;4.85;10.25;3.95;2.05;1.39;1.14;1.57;2.2;0;0;0;0;1.57;1.25;1.44;3.1;2.3;2.88;0;0;0;0;0;0;0;0;0;0;0;0;0;0;0;0;0;0;0;0;0;0;0;0;0;0;0;0;0;0;0;0;0;0;0;0;0;0;0;0;0;0;0;4;0;1;0;3;3;1;2019-10-26 12:00:00;1987;0;74;25;38;0;1;1;0;8;0;0;8;0;0;1;0;4;1;4;1;0;0;0;0;1.21;2.51;3.72;0;0;0;0;0;0;1;1;0;1;0;2;0;0;-1;-1;-1;-1;-1;-1;-1;-1;-1;27;35;64;84;92;19;29;55;47;9;0;6.67;3.09;NŠ Drava;Fužinar;1.1;1.89;1.67;2;1.21;1.71;74;65;37;17;9;75;38;25;1.63;1.53;3.16;2252;20;Y;Y;Y;Y;N;N;N
613781;1994;1997;2019/2020;complete;50979;15;-1;-1,-1,-1,-1;-1;4;1;5;-1;-1;-1;-1;-1;-1;-1;-1;-1;-1;-1;-1;-1;-1;-1;-1;-1;-1;-1;-1;-1;0;0;0;0;0;0;0;0;0;0;0;0;0;0;0;0;0;0;0;0;0;0;0;0;0;0;0;0;0;0;0;0;0;0;0;0;0;0;0;0;0;0;0;0;0;0;0;0;0;0;0;0;0;0;0;0;0;0;0;0;0;0;0;0;0;0;0;0;5;0;0;0;0;0;0;2019-10-26 12:00:00;1994;0;70;42;17;1;-1;-1;-1;-1;-1;-1;-1;-1;-1;-1;-1;-1;-1;-1;-1;0;0;0;0;0;0;0;-1;-1;-1;-1;-1;-1;-1;-1;-1;-1;-1;-1;-1;-1;-1;-1;-1;-1;-1;-1;-1;-1;-1;45;55;74;90;100;29;45;37;19;3;0;4.83;4.07;Dob;Rogaška;1.5;0.1;1;0;1.15;0.77;55;45;27;10;0;25;0;0;1.34;1;2.34;2252;20;Y;Y;Y;Y;Y;N;Y
613782;10055;1973;2019/2020;complete;50979;15;-1;;-1,-1;0;2;2;-1;-1;-1;-1;-1;-1;-1;-1;-1;-1;-1;-1;-1;-1;-1;-1;-1;-1;-1;-1;-1;0;0;0;0;0;0;0;0;0;0;0;0;0;0;0;0;0;0;0;0;0;0;0;0;0;0;0;0;0;0;0;0;0;0;0;0;0;0;0;0;0;0;0;0;0;0;0;0;0;0;0;0;0;0;0;0;0;0;0;0;0;0;0;0;0;0;0;0;2;0;0;0;0;0;0;2019-10-26 13:00:00;1973;0;59;10;45;1;-1;-1;-1;-1;-1;-1;-1;-1;-1;-1;-1;-1;-1;-1;-1;0;0;0;0;0;0;0;-1;-1;-1;-1;-1;-1;-1;-1;-1;-1;-1;-1;-1;-1;-1;-1;-1;-1;-1;-1;-1;-1;-1;33;42;59;75;83;17;50;42;42;11.5;0;3.33;3.09;Bilje;Krško;1;2;1.5;2.17;1.93;1.71;67;59;42;25;17;50;50;50;1.74;1.87;3.61;2252;20;Y;Y;N;N;N;N;N
613783;1975;1973;2019/2020;complete;50979;16;-1;-1,-1,-1;-1;3;1;4;-1;-1;-1;-1;-1;-1;-1;-1;-1;-1;-1;-1;-1;-1;-1;-1;-1;-1;-1;-1;-1;0;0;0;0;0;0;0;0;0;0;0;0;0;0;0;0;0;0;0;0;0;0;0;0;0;0;0;0;0;0;0;0;0;0;0;0;0;0;0;0;0;0;0;0;0;0;0;0;0;0;0;0;0;0;0;0;0;0;0;0;0;0;0;0;0;0;0;0;4;0;0;0;0;0;0;2019-11-03 13:00:00;1975;0;50;10;45;1;-1;-1;-1;-1;-1;-1;-1;-1;-1;-1;-1;-1;-1;-1;-1;0;0;0;0;0;0;0;-1;-1;-1;-1;-1;-1;-1;-1;-1;-1;-1;-1;-1;-1;-1;-1;-1;-1;-1;-1;-1;-1;-1;29;50;57;86;93;15;50;50;43;13.75;0;2.93;3.36;Radomlje;Krško;2;2;1.86;2.29;1.93;1.8;71;50;43;15;7;75;75;63;2.4;1.87;4.27;2252;20;Y;Y;Y;Y;N;N;Y
613784;10055;1997;2019/2020;complete;50979;16;-1;-1;-1;1;1;2;-1;-1;-1;-1;-1;-1;-1;-1;-1;-1;-1;-1;-1;-1;-1;-1;-1;-1;-1;-1;-1;0;0;0;0;0;0;0;0;0;0;0;0;0;0;0;0;0;0;0;0;0;0;0;0;0;0;0;0;0;0;0;0;0;0;0;0;0;0;0;0;0;0;0;0;0;0;0;0;0;0;0;0;0;0;0;0;0;0;0;0;0;0;0;0;0;0;0;0;2;0;0;0;0;0;0;2019-11-03 13:00:00;-1;0;54;35;20;1;-1;-1;-1;-1;-1;-1;-1;-1;-1;-1;-1;-1;-1;-1;-1;0;0;0;0;0;0;0;-1;-1;-1;-1;-1;-1;-1;-1;-1;-1;-1;-1;-1;-1;-1;-1;-1;-1;-1;-1;-1;-1;-1;40;48;70;85;93;31;38;38;30;6;0;4.5;3.5;Bilje;Rogaška;1;0.1;1.29;0;1.8;0.71;61;52;30;16;7;25;25;25;1.74;1;2.74;2252;20;Y;Y;N;N;N;N;Y
613785;1994;1987;2019/2020;complete;50979;16;-1;61;;1;0;1;8;5;13;-1;-1;4;2;0;0;3;8;3;7;6;15;-1;-1;44;56;4;2;2.65;4.1;2;1;1.15;1.53;2.3;4;11.75;4.65;2.3;1.53;1.19;1.5;2.4;0;0;0;0;1.62;1.25;1.36;3.2;2.38;2.62;0;0;0;0;0;0;0;0;0;0;0;0;0;0;0;0;0;0;0;0;0;0;0;0;0;0;0;0;0;0;0;0;0;0;0;0;0;0;0;0;0;0;0;1;0;0;1;0;1;0;2019-11-02 13:00:00;1994;0;84;27;37;0;1;1;5;0;3;5;5;8;1;2;3;0;3;3;1;0;0;0;0;0.95;1.94;2.9;0;0;0;0;0;0;1;1;0;0;1;0;0;1;-1;-1;-1;-1;-1;-1;-1;-1;-1;37;45;69;100;100;16;47;48;41;8.33;0;7.53;3.8;Dob;Fužinar;1.5;1.89;1.29;2.17;1.29;1.8;63;55;31;0;0;59;17;17;1.34;1.86;3.2;2252;20;Y;N;N;N;N;N;N
613786;1995;1985;2019/2020;complete;50979;16;-1;;-1;0;1;1;-1;-1;-1;-1;-1;-1;-1;-1;-1;-1;-1;-1;-1;-1;-1;-1;-1;-1;-1;-1;-1;0;0;0;0;0;0;0;0;0;0;0;0;0;0;0;0;0;0;0;0;0;0;0;0;0;0;0;0;0;0;0;0;0;0;0;0;0;0;0;0;0;0;0;0;0;0;0;0;0;0;0;0;0;0;0;0;0;0;0;0;0;0;0;0;0;0;0;0;1;0;0;0;0;0;0;2019-11-02 13:00:00;1985;0;57;30;20;1;-1;-1;-1;-1;-1;-1;-1;-1;-1;-1;-1;-1;-1;-1;-1;0;0;0;0;0;0;0;-1;-1;-1;-1;-1;-1;-1;-1;-1;-1;-1;-1;-1;-1;-1;-1;-1;-1;-1;-1;-1;-1;-1;43;64;86;86;93;22;50;57;43;8.4;0;5;3.86;NŠ Drava;Dekani;1.1;1;1.43;0.57;1.13;1.07;57;36;15;15;7;67;40;30;1.55;1.03;2.58;2252;20;Y;N;N;N;N;N;N
613787;1976;1978;2019/2020;complete;50979;16;-1;-1,-1,-1,-1;;4;0;4;-1;-1;-1;-1;-1;-1;-1;-1;-1;-1;-1;-1;-1;-1;-1;-1;-1;-1;-1;-1;-1;0;0;0;0;0;0;0;0;0;0;0;0;0;0;0;0;0;0;0;0;0;0;0;0;0;0;0;0;0;0;0;0;0;0;0;0;0;0;0;0;0;0;0;0;0;0;0;0;0;0;0;0;0;0;0;0;0;0;0;0;0;0;0;0;0;0;0;0;4;0;0;0;0;0;0;2019-11-03 12:00:00;1976;0;47;0;38;1;-1;-1;-1;-1;-1;-1;-1;-1;-1;-1;-1;-1;-1;-1;-1;0;0;0;0;0;0;0;-1;-1;-1;-1;-1;-1;-1;-1;-1;-1;-1;-1;-1;-1;-1;-1;-1;-1;-1;-1;-1;-1;-1;9;16;47;77;92;24;31;54;30;9;0;5.83;2.47;Koper;Krka;2.1;1.67;2.43;1.5;2.27;1.6;92;85;54;24;9;88;50;25;2.16;1.07;3.23;2252;20;Y;Y;Y;Y;N;N;N
613788;16047;1990;2019/2020;complete;50979;16;-1;-1,-1;-1,-1;2;2;4;-1;-1;-1;-1;-1;-1;-1;-1;-1;-1;-1;-1;-1;-1;-1;-1;-1;-1;-1;-1;-1;0;0;0;0;0;0;0;0;0;0;0;0;0;0;0;0;0;0;0;0;0;0;0;0;0;0;0;0;0;0;0;0;0;0;0;0;0;0;0;0;0;0;0;0;0;0;0;0;0;0;0;0;0;0;0;0;0;0;0;0;0;0;0;0;0;0;0;0;4;0;0;0;0;0;0;2019-11-02 13:00:00;-1;0;57;0;47;1;-1;-1;-1;-1;-1;-1;-1;-1;-1;-1;-1;-1;-1;-1;-1;0;0;0;0;0;0;0;-1;-1;-1;-1;-1;-1;-1;-1;-1;-1;-1;-1;-1;-1;-1;-1;-1;-1;-1;-1;-1;-1;-1;7;29;36;86;100;14;50;58;43;9;0;6;2.64;Dravograd;Brda Dobrovo;0.6;1.1;0.57;0.86;0.53;0.71;93;71;64;14;0;55;30;20;1.46;1.27;2.73;2252;20;Y;Y;Y;Y;N;N;Y
613789;10054;1969;2019/2020;complete;50979;16;-1;-1,-1;-1;2;1;3;-1;-1;-1;-1;-1;-1;-1;-1;-1;-1;-1;-1;-1;-1;-1;-1;-1;-1;-1;-1;-1;0;0;0;0;0;0;0;0;0;0;0;0;0;0;0;0;0;0;0;0;0;0;0;0;0;0;0;0;0;0;0;0;0;0;0;0;0;0;0;0;0;0;0;0;0;0;0;0;0;0;0;0;0;0;0;0;0;0;0;0;0;0;0;0;0;0;0;0;3;0;0;0;0;0;0;2019-11-02 13:00:00;10054;0;40;13;13;1;-1;-1;-1;-1;-1;-1;-1;-1;-1;-1;-1;-1;-1;-1;-1;0;0;0;0;0;0;0;-1;-1;-1;-1;-1;-1;-1;-1;-1;-1;-1;-1;-1;-1;-1;-1;-1;-1;-1;-1;-1;-1;-1;13;26;47;67;94;14;35;34;13;7;0;2.25;2.46;Beltinci;Gorica;1.6;2.27;1.71;2.75;0.93;2.13;88;75;54;34;7;63;38;0;1.82;1.66;3.48;2252;20;Y;Y;Y;N;N;N;Y
613790;1988;1989;2019/2020;complete;50979;16;-1;;;0;0;0;-1;-1;-1;-1;-1;-1;-1;-1;-1;-1;-1;-1;-1;-1;-1;-1;-1;-1;-1;-1;-1;0;0;0;0;0;0;0;0;0;0;0;0;0;0;0;0;0;0;0;0;0;0;0;0;0;0;0;0;0;0;0;0;0;0;0;0;0;0;0;0;0;0;0;0;0;0;0;0;0;0;0;0;0;0;0;0;0;0;0;0;0;0;0;0;0;0;0;0;0;0;0;0;0;0;0;2019-11-02 13:00:00;-1;0;46;0;0;0;-1;-1;-1;-1;-1;-1;-1;-1;-1;-1;-1;-1;-1;-1;-1;0;0;0;0;0;0;0;0;0;0;0;0;0;1;1;0;0;-1;-1;-1;-1;-1;-1;-1;-1;-1;-1;-1;-1;-1;25;32;46;63;90;7;32;15;0;8.67;0;5.33;2.76;Brežice;Nafta;1;1.4;0.8;1;0.64;1.93;76;69;55;37;10;17;17;0;1.33;1.62;2.95;2252;20;N;N;N;N;N;N;N
613791;1988;1975;2019/2020;complete;50979;17;-1;78;33;1;1;2;2;4;6;-1;-1;2;2;0;0;3;5;8;7;11;12;-1;-1;50;50;2;2;3.5;3.5;1.29;0;0;1.8;0;0;0;0;2;0;0;1.8;1.91;0;0;0;0;2.1;1.25;1.14;4.5;2.25;2.2;4.5;2.6;1.91;0;0;0;0;0;0;0;0;0;0;0;0;0;0;0;0;0;0;0;0;0;0;0;0;0;0;0;0;0;0;0;0;0;0;0;0;0;0;0;0;2;0;1;1;0;1;1;2019-11-09 13:00:00;-1;0;34;17;0;0;1;1;0;2;2;2;2;4;1;0;1;2;1;3;1;0;0;0;0;1.33;1.37;2.7;0;0;0;0;0;0;1;1;0;0;0;1;0;0;-1;-1;-1;-1;-1;-1;-1;-1;-1;15;34;46;67;84;19;46;38;25;9;0;5.83;2.5;Brežice;Radomlje;1;2;0.83;2;0.67;2;86;67;54;34;17;20;20;20;1.33;1.38;2.71;2252;20;Y;Y;N;N;N;N;Y
613792;1989;10054;2019/2020;complete;50979;17;-1;-1,-1;-1,-1;2;2;4;-1;-1;-1;-1;-1;-1;-1;-1;-1;-1;-1;-1;-1;-1;-1;-1;-1;-1;-1;-1;-1;0;0;0;0;0;0;0;0;0;0;0;0;0;0;0;0;0;0;0;0;0;0;0;0;0;0;0;0;0;0;0;0;0;0;0;0;0;0;0;0;0;0;0;0;0;0;0;0;0;0;0;0;0;0;0;0;0;0;0;0;0;0;0;0;0;0;0;0;4;0;0;0;0;0;0;2019-11-09 15:00:00;-1;0;57;0;20;1;-1;-1;-1;-1;-1;-1;-1;-1;-1;-1;-1;-1;-1;-1;-1;0;0;0;0;0;0;0;-1;-1;-1;-1;-1;-1;-1;-1;-1;-1;-1;-1;-1;-1;-1;-1;-1;-1;-1;-1;-1;-1;-1;32;57;63;94;100;19;51;44;32;9.1;0;5.8;3.44;Nafta;Beltinci;2.3;0.4;2.75;0.25;1.88;1.06;69;44;38;7;0;70;45;45;2.37;1.47;3.84;2252;20;Y;Y;Y;Y;N;N;Y
613793;1969;16047;2019/2020;complete;50979;17;-1;45,48,88;;3;0;3;14;6;20;-1;-1;1;2;0;0;8;4;6;6;14;10;-1;-1;50;50;1;2;1.13;7.5;11;0;0;0;0;0;0;0;0;0;0;0;0;0;0;0;0;0;0;0;0;0;0;0;0;0;0;0;0;0;0;0;0;0;0;0;0;0;0;0;0;0;0;0;0;0;0;0;0;0;0;0;0;0;0;0;0;0;0;0;0;0;0;0;0;0;3;1;0;2;0;2;1;2019-11-09 13:00:00;1969;0;87;21;54;0;1;1;7;3;7;3;10;10;0;1;1;1;1;2;1;0;0;0;0;2.07;1.19;3.26;0;0;0;0;0;0;1;1;0;0;0;1;0;0;-1;-1;-1;-1;-1;-1;-1;-1;-1;47;60;94;100;100;41;62;62;48;8.58;0;3.92;4.26;Gorica;Dravograd;1.78;0.4;1.43;0.5;2;0.56;54;41;7;0;0;63;46;46;1.85;1.22;3.07;2252;20;Y;Y;Y;N;N;N;N
613794;1990;1976;2019/2020;complete;50979;17;-1;;25,27,59,61,83,84;0;6;6;3;6;9;-1;-1;2;0;0;0;2;14;4;9;6;23;-1;-1;50;50;2;0;6;5;1.11;0;0;1.7;0;0;0;0;2.1;0;0;0;0;0;0;0;0;3.4;1.13;1.06;6.5;2.5;1.8;0;0;0;0;0;0;0;0;0;0;0;0;0;0;0;0;0;0;0;0;0;0;0;0;0;0;0;0;0;0;0;0;0;0;0;0;0;0;0;0;0;0;0;7;0;2;0;5;5;2;2019-11-10 13:00:00;1976;0;60;50;25;0;1;1;1;3;2;3;4;5;1;0;1;0;1;1;1;0;0;0;0;0.81;2.88;3.7;0;0;0;0;0;0;1;1;0;0;0;0;0;0;-1;-1;-1;-1;-1;-1;-1;-1;-1;15;28;54;80;100;27;48;48;28;10.67;0;3.5;2.75;Brda Dobrovo;Koper;0.8;2.3;0.57;2.13;0.73;2.31;86;73;47;21;0;67;50;50;1.22;1.73;2.95;2252;20;Y;Y;Y;Y;Y;Y;N
613795;1978;1995;2019/2020;complete;50979;17;-1;-1;-1,-1,-1;1;3;4;-1;-1;-1;-1;-1;-1;-1;-1;-1;-1;-1;-1;-1;-1;-1;-1;-1;-1;-1;-1;-1;0;0;0;0;0;0;0;0;0;0;0;0;0;0;0;0;0;0;0;0;0;0;0;0;0;0;0;0;0;0;0;0;0;0;0;0;0;0;0;0;0;0;0;0;0;0;0;0;0;0;0;0;0;0;0;0;0;0;0;0;0;0;0;0;0;0;0;0;4;0;0;0;0;0;0;2019-11-09 13:00:00;1995;0;77;17;57;1;-1;-1;-1;-1;-1;-1;-1;-1;-1;-1;-1;-1;-1;-1;-1;0;0;0;0;0;0;0;-1;-1;-1;-1;-1;-1;-1;-1;-1;-1;-1;-1;-1;-1;-1;-1;-1;-1;-1;-1;-1;-1;-1;25;59;77;95;95;13;54;60;47;11.75;0;3.33;3.48;Krka;NŠ Drava;1.45;1;1.67;0.88;1.5;1.06;76;42;24;6;6;75;63;54;1.99;1.44;3.43;2252;20;Y;Y;Y;Y;N;N;Y
613796;1985;1994;2019/2020;complete;50979;17;-1;-1;-1;1;1;2;-1;-1;-1;-1;-1;-1;-1;-1;-1;-1;-1;-1;-1;-1;-1;-1;-1;-1;-1;-1;-1;0;0;0;0;0;0;0;0;0;0;0;0;0;0;0;0;0;0;0;0;0;0;0;0;0;0;0;0;0;0;0;0;0;0;0;0;0;0;0;0;0;0;0;0;0;0;0;0;0;0;0;0;0;0;0;0;0;0;0;0;0;0;0;0;0;0;0;0;2;0;0;0;0;0;0;2019-11-09 13:00:00;-1;0;81;25;53;1;-1;-1;-1;-1;-1;-1;-1;-1;-1;-1;-1;-1;-1;-1;-1;0;0;0;0;0;0;0;-1;-1;-1;-1;-1;-1;-1;-1;-1;-1;-1;-1;-1;-1;-1;-1;-1;-1;-1;-1;-1;-1;-1;14;61;81;87;100;27;41;61;48;8.92;0;5;3.55;Dekani;Dob;1.4;1.4;1.5;1.29;1.19;1.4;87;40;20;14;0;75;75;59;1.26;1.48;2.74;2252;20;Y;Y;N;N;N;N;Y
613797;1987;10055;2019/2020;complete;50979;17;-1;-1,-1;;2;0;2;-1;-1;-1;-1;-1;-1;-1;-1;-1;-1;-1;-1;-1;-1;-1;-1;-1;-1;-1;-1;-1;0;0;0;0;0;0;0;0;0;0;0;0;0;0;0;0;0;0;0;0;0;0;0;0;0;0;0;0;0;0;0;0;0;0;0;0;0;0;0;0;0;0;0;0;0;0;0;0;0;0;0;0;0;0;0;0;0;0;0;0;0;0;0;0;0;0;0;0;2;0;0;0;0;0;0;2019-11-09 13:00:00;1987;0;71;0;13;1;-1;-1;-1;-1;-1;-1;-1;-1;-1;-1;-1;-1;-1;-1;-1;0;0;0;0;0;0;0;-1;-1;-1;-1;-1;-1;-1;-1;-1;-1;-1;-1;-1;-1;-1;-1;-1;-1;-1;-1;-1;-1;-1;11;24;60;76;100;6;29;29;6;9.33;0;5.83;2.75;Fužinar;Bilje;1.82;1.9;1.56;2.25;1.69;1.75;89;77;41;25;0;46;46;34;1.6;1.08;2.68;2252;20;Y;Y;N;N;N;N;N
613798;1997;1973;2019/2020;complete;50979;17;-1;;25,64;0;2;2;3;6;9;-1;-1;1;1;0;0;3;9;6;3;9;12;-1;-1;50;50;1;1;2.25;3.5;1.57;0;0;1.73;0;0;0;0;2.08;0;0;1.57;2.25;0;0;0;0;1.67;1.25;1.33;3.4;2.3;2.63;3.5;2.6;2.3;0;0;0;0;0;0;0;0;0;0;0;0;0;0;0;0;0;0;0;0;0;0;0;0;0;0;0;0;0;0;0;0;0;0;0;0;0;0;0;0;2;0;1;0;1;1;1;2019-11-09 13:00:00;1973;0;50;13;25;0;1;1;3;3;0;3;6;3;1;0;0;1;1;1;1;0;0;0;0;1.07;1.85;2.92;0;0;0;0;0;0;1;1;0;0;1;2;0;0;-1;-1;-1;-1;-1;-1;-1;-1;-1;25;44;50;69;88;7;26;25;13;8.5;0;3.66;2.82;Rogaška;Krško;1.3;2;1.25;2;0.73;1.69;75;57;50;32;13;25;25;25;0.47;1.87;2.34;2252;20;Y;Y;N;N;N;N;N
613799;1975;1997;2019/2020;complete;50979;18;-1;17,36,59,76,90;;5;0;5;7;1;8;-1;-1;3;2;0;1;14;0;10;7;24;7;-1;-1;56;44;3;4;1.22;5.6;8.75;0;0;1.44;0;0;0;0;2.7;0;0;1.73;2;0;0;0;0;1.04;1.11;3.75;1.62;2.88;7;1.5;3.3;7;0;0;0;0;0;0;0;0;0;0;0;0;0;0;0;0;0;0;0;0;0;0;0;0;0;0;0;0;0;0;0;0;0;0;0;0;0;0;0;0;5;2;0;3;0;3;2;2019-11-16 12:30:00;1975;0;60;35;20;0;1;1;5;1;2;0;6;2;2;1;1;2;3;3;1;0;0;0;0;3.07;0.71;3.78;0;0;0;0;0;0;1;1;0;0;1;1;1;0;-1;-1;-1;-1;-1;-1;-1;-1;-1;34;60;73;93;100;27;40;46;32;8.25;0;4.1;3.8;Radomlje;Rogaška;2;0.1;2;0.14;1.94;0.69;66;41;27;7;0;50;50;38;2.4;1;3.4;2252;20;Y;Y;Y;Y;Y;N;N
613800;1973;1987;2019/2020;complete;50979;18;-1;;25;0;1;1;7;9;16;-1;-1;1;2;0;0;6;6;13;8;19;14;-1;-1;47;53;1;2;2.4;3.35;2.5;0;0;2;0;0;0;0;1.8;0;0;1.67;2.1;0;0;0;0;1.5;1.3;1.5;3.1;2.1;3.1;2.8;2.4;3;0;0;0;0;0;0;0;0;0;0;0;0;0;0;0;0;0;0;0;0;0;0;0;0;0;0;0;0;0;0;0;0;0;0;0;0;0;0;0;0;1;0;1;0;0;0;1;2019-11-19 16:00:00;1987;0;54;17;25;0;1;1;2;7;5;2;9;7;0;0;1;2;0;3;1;0;0;0;0;2.03;1.7;3.73;0;0;0;0;0;0;1;1;0;0;0;1;0;0;-1;-1;-1;-1;-1;-1;-1;-1;-1;20;34;66;87;100;20;53;67;54;8.58;0;5.5;3.18;Krško;Fužinar;1.1;1.89;1.38;1.86;1.76;1.76;81;67;34;14;0;54;42;42;1.89;1.88;3.77;2252;20;Y;N;N;N;N;N;N
613801;10055;1985;2019/2020;complete;50979;18;-1;;85,89;0;2;2;10;2;12;-1;-1;0;3;0;1;7;3;5;3;12;6;-1;-1;50;50;0;5;1.62;4.05;4.05;0;0;1.6;0;0;0;0;2.3;0;0;1.57;2.25;0;0;0;0;1.14;1.2;2.2;2.2;2.4;4.33;1.91;2.8;4.2;0;0;0;0;0;0;0;0;0;0;0;0;0;0;0;0;0;0;0;0;0;0;0;0;0;0;0;0;0;0;0;0;0;0;0;0;0;0;0;0;3;0;0;1;2;3;0;2019-11-16 12:30:00;1985;0;57;30;30;0;1;1;4;1;6;1;5;7;0;1;0;3;1;3;1;0;0;0;0;2.25;1.1;3.34;0;0;0;0;0;0;1;1;0;0;0;1;0;0;-1;-1;-1;-1;-1;-1;-1;-1;-1;38;44;69;88;94;25;51;44;38;9;0;6;3.44;Bilje;Dekani;1;1;1.25;0.88;1.65;1.18;63;57;32;13;7;42;25;25;1.74;1.03;2.77;2252;20;Y;Y;Y;N;N;N;Y
613802;1994;1978;2019/2020;complete;50979;18;-1;;20;0;1;1;3;7;10;-1;-1;1;2;1;0;2;11;8;14;10;25;-1;-1;47;53;3;2;2.15;3.4;2.85;1.01;1.15;1.53;2.35;4.05;11.75;4.6;2.3;1.51;1.19;1.48;2.45;0;0;0;0;1.36;1.25;1.57;2.62;2.4;3.1;2.4;2.7;3.1;0;0;0;0;0;0;0;0;0;0;0;0;0;0;0;0;0;0;0;0;0;0;0;0;0;0;0;0;0;0;0;0;0;0;0;0;0;0;0;0;1;0;1;0;0;0;1;2019-11-16 10:30:00;1978;0;66;13;25;0;1;1;3;5;0;2;8;2;0;0;2;2;0;4;1;0;0;0;0;1.19;2.79;3.98;0;0;0;0;0;0;1;1;0;0;0;0;0;0;-1;-1;-1;-1;-1;-1;-1;-1;-1;32;40;60;80;93;21;34;41;14;8.67;0;6.83;3.36;Dob;Krka;1.5;1.67;1.5;1.29;1.38;1.41;68;61;41;21;7;84;42;17;1.21;1.07;2.28;2252;20;Y;N;N;N;N;N;N
613803;1995;1990;2019/2020;complete;50979;18;-1;85;81;1;1;2;3;4;7;-1;-1;4;2;0;0;5;6;5;6;10;12;-1;-1;53;47;4;2;1.53;3.85;5.15;1.01;1.15;1.53;2.35;4.05;11.75;4.6;2.3;1.51;1.19;1.57;2.2;0;0;0;0;1.12;1.25;2.1;2.1;2.6;4.33;2;2.88;3.75;0;0;0;0;0;0;0;0;0;0;0;0;0;0;0;0;0;0;0;0;0;0;0;0;0;0;0;0;0;0;0;0;0;0;0;0;0;0;0;0;2;0;0;1;1;2;0;2019-11-27 12:30:00;-1;0;63;10;32;0;1;1;0;1;0;3;1;3;0;2;4;0;2;4;1;0;0;0;0;1.54;1.65;3.18;0;0;0;0;0;0;1;1;0;0;0;0;0;0;-1;-1;-1;-1;-1;-1;-1;-1;-1;13;44;57;76;94;13;50;63;44;9.4;0;5;2.88;NŠ Drava;Brda Dobrovo;1.1;1.1;1.25;0.88;1.11;0.71;88;57;44;26;7;80;70;50;1.55;1.27;2.82;2252;20;Y;Y;N;N;N;N;Y
613804;1976;1969;2019/2020;complete;50979;18;-1;;32,51;0;2;2;3;1;4;-1;-1;2;1;1;0;3;4;4;5;7;9;-1;-1;55;45;4;1;1.8;3.6;3.6;0;0;1.65;0;0;0;0;2.2;0;0;0;0;0;0;0;0;1.22;1.22;2;2.3;2.38;4;0;0;0;0;0;0;0;0;0;0;0;0;0;0;0;0;0;0;0;0;0;0;0;0;0;0;0;0;0;0;0;0;0;0;0;0;0;0;0;0;0;0;0;2;0;1;0;1;1;1;2019-11-16 14:00:00;1969;0;47;0;38;0;1;1;3;0;0;1;3;1;0;0;3;1;0;4;1;0;0;0;0;1.07;1.15;2.22;0;0;0;0;0;0;1;1;0;0;0;0;0;0;-1;-1;-1;-1;-1;-1;-1;-1;-1;11;29;53;78;95;12;18;42;30;9;0;3.5;2.65;Koper;Gorica;2.1;2.27;2.5;2.44;2.35;2.06;89;71;47;23;6;88;50;25;2.16;1.66;3.82;2252;20;Y;Y;N;N;N;N;N
613805;16047;1989;2019/2020;complete;50979;18;-1;-1;-1,-1,-1;1;3;4;-1;-1;-1;-1;-1;-1;-1;-1;-1;-1;-1;-1;-1;-1;-1;-1;-1;-1;-1;-1;-1;0;0;0;0;0;0;0;0;0;0;0;0;0;0;0;0;0;0;0;0;0;0;0;0;0;0;0;0;0;0;0;0;0;0;0;0;0;0;0;0;0;0;0;0;0;0;0;0;0;0;0;0;0;0;0;0;0;0;0;0;0;0;0;0;0;0;0;0;4;0;0;0;0;0;0;2019-11-16 12:30:00;1989;0;57;0;25;1;-1;-1;-1;-1;-1;-1;-1;-1;-1;-1;-1;-1;-1;-1;-1;0;0;0;0;0;0;0;-1;-1;-1;-1;-1;-1;-1;-1;-1;-1;-1;-1;-1;-1;-1;-1;-1;-1;-1;-1;-1;-1;-1;19;38;51;82;94;13;26;25;13;9.67;0;5.33;3.07;Dravograd;Nafta;0.6;1.4;0.63;1;0.53;1.82;82;63;51;19;7;42;17;0;1.46;1.62;3.08;2252;20;Y;Y;Y;Y;N;N;Y
613806;10054;1988;2019/2020;complete;50979;18;-1;30;70;1;1;2;5;3;8;-1;-1;4;2;0;0;5;5;7;4;12;9;-1;-1;51;49;4;2;1.95;3.25;3.45;1.05;1.36;2.15;3.95;7.5;7.25;2.8;1.61;1.2;1.05;1.91;1.77;0;0;0;0;1.25;1.29;1.8;2.6;2.05;4;2.3;2.3;4;0;0;0;0;0;0;0;0;0;0;0;0;0;0;0;0;0;0;0;0;0;0;0;0;0;0;0;0;0;0;0;0;0;0;0;0;0;0;0;0;2;1;0;0;1;1;1;2019-11-17 12:30:00;-1;0;36;20;7;0;1;1;5;2;0;1;7;1;2;1;2;1;3;3;1;0;0;0;0;1.37;1.22;2.59;0;0;0;0;0;0;1;1;0;0;1;0;0;0;-1;-1;-1;-1;-1;-1;-1;-1;-1;11;23;42;60;89;12;42;35;17;8;0;4.05;2.36;Beltinci;Brežice;1.6;0.64;1.88;0.56;1.06;0.69;89;78;59;41;11;50;38;25;1.82;1.52;3.34;2252;20;Y;Y;N;N;N;N;Y
613807;10054;1975;2019/2020;complete;50979;19;-1;;16,46,80;0;3;3;2;3;5;-1;-1;3;3;0;0;2;7;7;8;9;15;-1;-1;49;51;3;3;5.5;4.5;1.13;0;0;1.44;0;0;0;0;2.7;0;0;1.57;2.25;0;0;0;0;2.75;1.14;1.07;5.5;2.75;1.8;4.42;2.88;1.82;0;0;0;0;0;0;0;0;0;0;0;0;0;0;0;0;0;0;0;0;0;0;0;0;0;0;0;0;0;0;0;0;0;0;0;0;0;0;0;0;3;0;1;0;2;2;1;2019-11-23 12:30:00;1975;0;50;25;0;0;1;1;1;0;1;3;1;4;2;3;1;0;5;1;1;0;0;0;0;1.15;1.84;2.98;0;0;0;0;0;0;1;1;0;0;0;0;0;0;-1;-1;-1;-1;-1;-1;-1;-1;-1;6;28;56;89;100;22;67;56;22;8.23;0;4.51;2.83;Beltinci;Radomlje;1.6;2;1.78;1.89;1.06;2;95;73;45;11;0;27;27;17;1.73;1.38;3.11;2252;20;Y;Y;Y;N;N;N;N
613808;1988;16047;2019/2020;complete;50979;19;-1;32,38;;2;0;2;3;3;6;-1;-1;4;1;1;0;3;2;0;0;3;2;-1;-1;50;50;6;1;1.3;3.3;3.4;0;0;1.75;0;0;0;0;2.05;0;0;1.67;2.1;0;0;0;0;1.17;1.3;1.91;2.25;2.25;4.5;2;2.63;4;0;0;0;0;0;0;0;0;0;0;0;0;0;0;0;0;0;0;0;0;0;0;0;0;0;0;0;0;0;0;0;0;0;0;0;0;0;0;0;0;3;2;0;0;1;1;2;2019-11-23 12:30:00;1988;0;54;10;30;0;1;1;2;2;1;1;4;2;0;0;5;1;0;6;1;0;0;0;0;0.74;0.61;1.35;0;0;0;0;0;0;1;1;0;0;0;1;0;0;-1;-1;-1;-1;-1;-1;-1;-1;-1;29;35;52;72;86;17;37;29;22;6.4;0;4.3;2.9;Brežice;Dravograd;1;0.4;0.86;0.44;0.71;0.5;71;65;49;29;15;40;40;40;1.33;1.22;2.55;2252;20;Y;Y;Y;N;N;N;Y
613809;1989;1976;2019/2020;complete;50979;19;-1;;45,47;0;2;2;5;3;8;-1;-1;2;3;0;0;4;6;6;4;10;10;-1;-1;50;50;2;3;1.83;3.6;1.83;0;0;1.57;0;0;0;0;2.35;0;0;1.44;2.63;0;0;0;0;1.53;1.25;1.44;2.88;2.38;2.88;2.7;2.7;2.75;0;0;0;0;0;0;0;0;0;0;0;0;0;0;0;0;0;0;0;0;0;0;0;0;0;0;0;0;0;0;0;0;0;0;0;0;0;0;0;0;3;0;1;0;2;2;1;2019-11-23 16:00:00;1976;0;62;25;33;0;1;1;3;2;2;1;5;3;1;1;1;2;2;3;1;0;0;0;0;1.58;1.46;3.04;0;0;0;0;0;0;1;1;0;0;1;0;0;0;-1;-1;-1;-1;-1;-1;-1;-1;-1;22;50;73;89;100;33;50;39;28;10.6;0;3.05;3.45;Nafta;Koper;2.3;2.3;2.56;2.22;1.89;2.22;78;50;28;11;0;58;33;33;2.37;2.02;4.39;2252;20;Y;Y;Y;N;N;N;N
613810;1969;1995;2019/2020;complete;50979;19;-1;49,75;;2;0;2;9;1;10;-1;-1;3;4;0;1;4;2;11;5;15;7;-1;-1;66;34;3;6;1.44;4.15;5.95;1.01;1.22;1.77;2.9;5.4;10;3.7;1.95;1.34;1.11;1.95;1.74;0;0;0;0;1.12;1.2;2.38;2.05;2.6;4.33;0;0;0;0;0;0;0;0;0;0;0;0;0;0;0;0;0;0;0;0;0;0;0;0;0;0;0;0;0;0;0;0;0;0;0;0;0;0;0;0;0;0;0;2;0;0;2;0;2;0;2019-11-23 12:30:00;1969;0;77;24;31;0;1;1;3;0;6;0;3;6;1;2;2;3;3;5;1;0;0;0;0;1.77;0.94;2.72;0;0;0;0;0;0;1;1;0;0;0;0;0;0;-1;-1;-1;-1;-1;-1;-1;-1;-1;36;53;89;100;100;30;72;78;54;12;0;3.83;3.84;Gorica;NŠ Drava;1.78;1;1.63;1.11;2.11;1.18;65;47;11;0;0;54;40;31;1.89;1.44;3.33;2252;20;Y;Y;N;N;N;N;N
613811;1990;1994;2019/2020;complete;50979;19;-1;23,63,78;6,69;3;2;5;3;6;9;-1;-1;3;2;0;1;5;4;4;4;9;8;-1;-1;42;58;3;4;3.4;3.6;1.87;1;1.14;1.51;2.3;3.95;12;4.7;2.35;1.53;1.2;1.48;2.45;0;0;0;0;1.91;1.25;1.22;3.75;2.4;2.3;3.4;2.75;2.2;0;0;0;0;0;0;0;0;0;0;0;0;0;0;0;0;0;0;0;0;0;0;0;0;0;0;0;0;0;0;0;0;0;0;0;0;0;0;0;0;6;1;1;2;2;4;2;2019-11-24 12:30:00;-1;0;69;15;47;0;1;1;0;4;3;2;4;5;1;2;2;1;3;3;1;0;0;0;0;1.31;1.43;2.73;0;0;0;0;0;0;1;1;0;1;0;0;0;0;-1;-1;-1;-1;-1;-1;-1;-1;-1;26;57;69;82;100;32;51;69;50;8.5;0;4.86;3.5;Brda Dobrovo;Dob;0.8;1.4;0.5;1.25;0.69;1.29;76;44;32;19;0;63;50;50;1.12;1.48;2.6;2252;20;Y;Y;Y;Y;Y;Y;Y
613812;1978;10055;2019/2020;complete;50979;19;-1;10,54;59,60;2;2;4;9;7;16;-1;-1;1;2;0;0;5;3;1;4;6;7;-1;-1;50;50;1;2;1.62;3.3;2.2;0;0;1.6;0;0;0;0;2.3;0;0;1.5;2.5;0;0;0;0;1.36;1.3;1.62;2.75;2.3;3.2;2.38;2.7;3.2;0;0;0;0;0;0;0;0;0;0;0;0;0;0;0;0;0;0;0;0;0;0;0;0;0;0;0;0;0;0;0;0;0;0;0;0;0;0;0;0;4;1;0;1;2;3;1;2019-11-23 12:30:00;-1;0;68;0;40;0;1;1;5;3;4;4;8;8;0;0;1;2;0;3;1;0;0;0;0;1.17;0.92;2.09;0;0;0;0;0;0;1;1;1;0;1;1;0;0;-1;-1;-1;-1;-1;-1;-1;-1;-1;5;46;68;79;95;0;26;26;20;12.08;0;4;2.92;Krka;Bilje;1.45;1.9;1.5;2;1.5;1.56;95;54;32;22;5;84;71;71;1.99;1.08;3.07;2252;20;Y;Y;Y;Y;N;N;Y
613813;1985;1973;2019/2020;complete;50979;19;-1;61;42;1;1;2;9;7;16;-1;-1;1;1;0;0;6;4;6;2;12;6;-1;-1;50;50;1;1;1.83;3.6;1.83;0;0;1.5;0;0;0;0;2.5;0;0;1.44;2.63;0;0;0;0;1.5;1.25;1.5;2.88;2.5;2.88;2.63;2.7;2.75;0;0;0;0;0;0;0;0;0;0;0;0;0;0;0;0;0;0;0;0;0;0;0;0;0;0;0;0;0;0;0;0;0;0;0;0;0;0;0;0;2;0;1;1;0;1;1;2019-11-23 12:30:00;-1;0;61;25;33;0;1;1;5;3;4;4;8;8;1;0;0;1;1;1;1;0;0;0;0;1.61;1.06;2.67;0;0;0;0;0;0;1;1;0;0;1;0;0;0;-1;-1;-1;-1;-1;-1;-1;-1;-1;17;44;56;84;95;11;39;39;28;11.27;0;2.5;3.06;Dekani;Krško;1.4;2;1.44;2.11;1.28;1.67;84;56;45;17;6;80;70;54;1.26;1.87;3.13;2252;20;Y;Y;N;N;N;N;Y
613814;1987;1997;2019/2020;complete;50979;19;-1;18,22,49;4,74;3;2;5;4;5;9;-1;-1;0;2;0;0;11;5;3;5;14;10;-1;-1;50;50;0;2;1.06;8;8;0;0;1.4;0;0;0;0;2.88;0;0;1.8;1.91;0;0;0;0;1.03;1.05;4.5;1.5;3.1;8.5;1.4;3.6;7.5;0;0;0;0;0;0;0;0;0;0;0;0;0;0;0;0;0;0;0;0;0;0;0;0;0;0;0;0;0;0;0;0;0;0;0;0;0;0;0;0;5;2;1;1;1;2;3;2019-11-23 12:30:00;1987;0;60;17;13;0;1;1;3;0;1;5;3;6;0;1;0;1;1;1;1;0;0;0;0;2.06;1.31;3.37;0;0;0;0;0;0;1;1;0;1;0;0;0;0;-1;-1;-1;-1;-1;-1;-1;-1;-1;35;42;63;89;100;24;39;39;18;4.5;0;5.66;3.39;Fužinar;Rogaška;1.82;0.1;1.7;0.13;1.83;0.65;65;59;38;12;0;13;13;0;1.6;0.85;2.45;2252;20;Y;Y;Y;Y;Y;N;Y
613815;1975;1987;2019/2020;complete;50979;20;-1;23;2;1;1;2;-1;-1;-1;-1;-1;1;1;0;0;-1;-1;-1;-1;-1;-1;-1;-1;-1;-1;1;1;0;0;0;0;0;0;0;0;0;0;0;0;0;0;0;0;0;0;0;0;0;0;0;0;0;0;0;0;0;0;0;0;0;0;0;0;0;0;0;0;0;0;0;0;0;0;0;0;0;0;0;0;0;0;0;0;0;0;0;0;0;0;0;0;0;0;0;0;2;1;1;0;0;0;2;2020-03-07 14:00:00;-1;0;53;16;31;0;-1;1;-1;-1;-1;-1;-1;-1;0;0;1;1;0;2;-1;0;0;0;0;0;0;0;0;0;0;0;0;0;1;1;0;1;-1;-1;0;0;-1;-1;-1;-1;-1;-1;-1;-1;-1;23;46;64;88;100;23;53;65;53;14;0;6.24;3.32;Radomlje;Fužinar;2;1.89;2.11;2;2.05;1.89;78;54;36;13;0;80;70;60;2.53;1.84;4.37;2252;20;Y;Y;N;N;N;N;Y
613816;1997;1985;2019/2020;complete;50979;20;-1;-1,-1;-1;2;1;3;-1;-1;-1;-1;-1;-1;-1;-1;-1;-1;-1;-1;-1;-1;-1;-1;-1;-1;-1;-1;-1;0;0;0;0;0;0;0;0;0;0;0;0;0;0;0;0;0;0;0;0;0;0;0;0;0;0;0;0;0;0;0;0;0;0;0;0;0;0;0;0;0;0;0;0;0;0;0;0;0;0;0;0;0;0;0;0;0;0;0;0;0;0;0;0;0;0;0;0;3;0;0;0;0;0;0;2020-03-07 14:00:00;1997;0;50;27;17;1;-1;-1;-1;-1;-1;-1;-1;-1;-1;-1;-1;-1;-1;-1;-1;0;0;0;0;0;0;0;-1;-1;-1;-1;-1;-1;-1;-1;-1;-1;-1;-1;-1;-1;-1;-1;-1;-1;-1;-1;-1;-1;-1;33;45;67;78;95;17;39;45;22;5.75;0;6.08;3.23;Rogaška;Dekani;1.3;1;1.11;1.11;0.58;1.26;67;56;34;22;6;42;13;13;0.67;1.05;1.72;2252;20;Y;Y;Y;N;N;N;Y
613817;1973;1978;2019/2020;complete;50979;20;-1;24,56;16,27,48;2;3;5;9;1;10;-1;-1;2;4;0;0;6;5;6;4;12;9;-1;-1;59;41;2;4;2.15;3.45;2.8;1.01;1.17;1.59;2.5;4.35;11;4.3;2.2;1.47;1.17;1.53;2.3;0;0;0;0;2.25;1.22;1.2;4.33;2.5;2.2;4;2.75;2;0;0;0;0;0;0;0;0;0;0;0;0;0;0;0;0;0;0;8.5;3.4;0;0;0;0;0;0;0;0;0;0;0;0;0;0;0;0;0;0;0;0;5;1;2;1;1;2;3;2020-03-08 12:00:00;1978;0;41;7;17;0;1;1;3;0;6;1;3;7;0;3;2;1;3;3;1;0;0;0;0;1.92;1.29;3.22;0;0;0;0;0;0;1;1;0;0;1;0;0;0;-1;-1;-1;-1;-1;-1;-1;-1;-1;18;29;59;71;94;24;53;47;29;9.25;0;4.57;2.86;Krško;Krka;1.1;1.67;1.22;1.5;1.63;1.47;83;71;42;30;7;75;59;25;1.92;1.93;3.85;2252;20;Y;Y;Y;Y;Y;N;Y
613818;10055;1990;2019/2020;complete;50979;20;-1;;78;0;1;1;-1;-1;-1;-1;-1;0;3;0;0;-1;-1;-1;-1;-1;-1;-1;-1;-1;-1;0;3;0;0;0;0;0;0;0;0;0;0;0;0;0;0;0;0;0;0;0;0;0;0;0;0;0;0;0;0;0;0;0;0;0;0;0;0;0;0;0;0;0;0;0;0;0;0;0;0;0;0;0;0;0;0;0;0;0;0;0;0;0;0;0;0;0;0;0;0;1;0;0;0;1;1;0;2020-03-07 14:00:00;1990;0;73;9;50;0;-1;1;-1;-1;-1;-1;-1;-1;0;1;0;2;1;2;-1;0;0;0;0;0;0;0;0;1;0;1;0;0;1;1;0;0;-1;-1;0;0;-1;-1;-1;-1;-1;-1;-1;-1;-1;11;28;50;89;95;17;50;61;50;11.33;0;5.26;2.78;Bilje;Brda Dobrovo;1;1.1;1.11;0.89;1.53;0.84;89;73;50;11;6;59;59;50;1.91;1.33;3.24;2252;20;Y;N;N;N;N;N;N
613819;1994;1969;2019/2020;complete;50979;20;-1;17,33;;2;0;2;6;9;15;-1;-1;2;3;0;0;8;8;10;9;18;17;-1;-1;37;63;2;3;3.65;3.85;1.74;1.01;1.15;1.53;2.35;4.05;11.75;4.6;2.3;1.51;1.19;1.56;2.25;0;0;0;0;2;1.2;1.22;3.75;2.5;2.25;0;0;0;0;0;0;0;0;0;0;0;0;0;0;0;0;0;0;0;0;0;0;0;0;0;0;0;0;0;0;0;0;0;0;0;0;0;0;0;0;0;0;0;2;2;0;0;0;0;2;2020-03-08 14:00:00;1994;0;64;10;20;0;1;1;3;3;3;6;6;9;1;1;1;2;2;3;1;0;0;0;0;2.06;2.15;4.21;0;0;0;0;0;0;1;1;0;0;3;0;1;0;-1;-1;-1;-1;-1;-1;-1;-1;-1;32;37;53;74;95;11;32;37;16;7.25;0;4.4;3.14;Dob;Gorica;1.5;2.27;1.33;2.5;1.37;2.16;68;63;47;26;5;71;42;13;1.2;1.49;2.69;2252;20;Y;Y;N;N;N;N;N
613820;1995;1989;2019/2020;complete;50979;20;-1;;52;0;1;1;2;14;16;-1;-1;3;2;0;0;0;6;4;8;4;14;-1;-1;46;54;3;2;3.8;4.05;1.67;1;1.11;1.43;2.1;3.45;13.25;5.3;2.6;1.65;1.26;1.47;2.5;0;0;0;0;2.2;1.22;1.14;4;2.6;2.1;3.75;2.88;1.91;0;0;0;0;0;0;0;0;0;0;0;0;0;0;0;0;0;0;10;4;0;0;0;0;0;0;0;0;0;0;0;0;0;0;0;0;0;0;0;0;1;0;0;0;1;1;0;2020-03-06 14:00:00;1989;0;62;9;17;0;1;1;0;6;2;8;6;10;2;0;1;2;2;3;1;0;0;0;0;0.61;2.09;2.7;0;0;0;0;0;0;1;1;0;0;0;1;0;0;-1;-1;-1;-1;-1;-1;-1;-1;-1;22;44;62;73;89;11;28;39;22;9.67;0;4.73;3.11;NŠ Drava;Nafta;1.1;1.4;1.22;1.22;1.11;1.79;78;56;39;28;11;58;50;25;1.55;1.62;3.17;2252;20;Y;N;N;N;N;N;N
613821;1976;1988;2019/2020;complete;50979;20;-1;-1;-1;1;1;2;-1;-1;-1;-1;-1;-1;-1;-1;-1;-1;-1;-1;-1;-1;-1;-1;-1;-1;-1;-1;-1;0;0;0;0;0;0;0;0;0;0;0;0;0;0;0;0;0;0;0;0;0;0;0;0;0;0;0;0;0;0;0;0;0;0;0;0;0;0;0;0;0;0;0;0;0;0;0;0;0;0;0;0;0;0;0;0;0;0;0;0;0;0;0;0;0;0;0;0;2;0;0;0;0;0;0;2020-03-07 14:00:00;-1;0;37;7;27;1;-1;-1;-1;-1;-1;-1;-1;-1;-1;-1;-1;-1;-1;-1;-1;0;0;0;0;0;0;0;-1;-1;-1;-1;-1;-1;-1;-1;-1;-1;-1;-1;-1;-1;-1;-1;-1;-1;-1;-1;-1;-1;-1;10;26;37;70;90;11;37;53;32;9.2;0;5.47;2.43;Koper;Brežice;2.1;0.64;2.22;0.6;2.26;0.79;90;74;63;31;10;60;40;40;1.95;1.46;3.41;2252;20;Y;Y;N;N;N;N;Y
613822;16047;10054;2019/2020;complete;50979;20;-1;-1,-1;-1,-1;2;2;4;-1;-1;-1;-1;-1;-1;-1;-1;-1;-1;-1;-1;-1;-1;-1;-1;-1;-1;-1;-1;-1;0;0;0;0;0;0;0;0;0;0;0;0;0;0;0;0;0;0;0;0;0;0;0;0;0;0;0;0;0;0;0;0;0;0;0;0;0;0;0;0;0;0;0;0;0;0;0;0;0;0;0;0;0;0;0;0;0;0;0;0;0;0;0;0;0;0;0;0;4;0;0;0;0;0;0;2020-03-07 14:00:00;-1;0;56;0;25;1;-1;-1;-1;-1;-1;-1;-1;-1;-1;-1;-1;-1;-1;-1;-1;0;0;0;0;0;0;0;-1;-1;-1;-1;-1;-1;-1;-1;-1;-1;-1;-1;-1;-1;-1;-1;-1;-1;-1;-1;-1;-1;-1;17;44;44;95;100;6;22;28;22;8.5;0;7;3.06;Dravograd;Beltinci;0.6;0.4;0.56;0.33;0.47;1;84;56;56;6;0;75;25;25;1.46;1.47;2.93;2252;20;Y;Y;Y;Y;N;N;Y
613849;1987;1969;2019/2020;complete;50979;24;-1;;-1;0;1;1;-1;-1;-1;-1;-1;-1;-1;-1;-1;-1;-1;-1;-1;-1;-1;-1;-1;-1;-1;-1;-1;0;0;0;0;0;0;0;0;0;0;0;0;0;0;0;0;0;0;0;0;0;0;0;0;0;0;0;0;0;0;0;0;0;0;0;0;0;0;0;0;0;0;0;0;0;0;0;0;0;0;0;0;0;0;0;0;0;0;0;0;0;0;0;0;0;0;0;0;1;0;0;0;0;0;0;2019-09-21 14:00:00;1969;0;90;0;67;1;-1;-1;-1;-1;-1;-1;-1;-1;-1;-1;-1;-1;-1;-1;-1;0;0;0;0;0;0;0;-1;-1;-1;-1;-1;-1;-1;-1;-1;-1;-1;-1;-1;-1;-1;-1;-1;-1;-1;-1;-1;-1;-1;45;58;90;100;100;23;43;43;23;5.33;0;5;4.03;Fužinar;Gorica;1.82;2.27;1.8;3;1.63;2;55;43;10;0;0;67;17;0;1.63;1.79;3.42;2252;20;Y;N;N;N;N;N;N
613881;1978;1988;2019/2020;complete;50979;28;-1;;;0;0;0;-1;-1;-1;-1;-1;-1;-1;-1;-1;-1;-1;-1;-1;-1;-1;-1;-1;-1;-1;-1;-1;0;0;0;0;0;0;0;0;0;0;0;0;0;0;0;0;0;0;0;0;0;0;0;0;0;0;0;0;0;0;0;0;0;0;0;0;0;0;0;0;0;0;0;0;0;0;0;0;0;0;0;0;0;0;0;0;0;0;0;0;0;0;0;0;0;0;0;0;0;0;0;0;0;0;0;2019-10-12 13:30:00;-1;0;72;10;60;0;-1;-1;-1;-1;-1;-1;-1;-1;-1;-1;-1;-1;-1;-1;-1;0;0;0;0;0;0;0;0;0;0;0;0;0;1;1;0;0;-1;-1;-1;-1;-1;-1;-1;-1;-1;-1;-1;-1;-1;22;65;72;79;93;7;43;57;50;11.75;0;4.75;3.43;Krka;Brežice;1.45;0.64;1.57;0.14;1.58;0.36;79;36;29;22;7;88;63;63;1.99;1.52;3.51;2252;20;N;N;N;N;N;N;N
