ID;HOMEID;AWAYID;SEASON;STATUS;ROUNDID;GAME_WEEK;REVISED_GAME_WEEK;HOMEGOALS;AWAYGOALS;HOMEGOALCOUNT;AWAYGOALCOUNT;TOTALGOALCOUNT;TEAM_A_CORNERS;TEAM_B_CORNERS;TOTALCORNERCOUNT;TEAM_A_OFFSIDES;TEAM_B_OFFSIDES;TEAM_A_YELLOW_CARDS;TEAM_B_YELLOW_CARDS;TEAM_A_RED_CARDS;TEAM_B_RED_CARDS;TEAM_A_SHOTSONTARGET;TEAM_B_SHOTSONTARGET;TEAM_A_SHOTSOFFTARGET;TEAM_B_SHOTSOFFTARGET;TEAM_A_SHOTS;TEAM_B_SHOTS;TEAM_A_FOULS;TEAM_B_FOULS;TEAM_A_POSSESSION;TEAM_B_POSSESSION;TEAM_A_CARDS_NUM;TEAM_B_CARDS_NUM;ODDS_FT_1;ODDS_FT_X;ODDS_FT_2;ODDS_FT_OVER05;ODDS_FT_OVER15;ODDS_FT_OVER25;ODDS_FT_OVER35;ODDS_FT_OVER45;ODDS_FT_UNDER05;ODDS_FT_UNDER15;ODDS_FT_UNDER25;ODDS_FT_UNDER35;ODDS_FT_UNDER45;ODDS_BTTS_YES;ODDS_BTTS_NO;ODDS_TEAM_A_CS_YES;ODDS_TEAM_A_CS_NO;ODDS_TEAM_B_CS_YES;ODDS_TEAM_B_CS_NO;ODDS_DOUBLECHANCE_1X;ODDS_DOUBLECHANCE_12;ODDS_DOUBLECHANCE_X2;ODDS_1ST_HALF_RESULT_1;ODDS_1ST_HALF_RESULT_X;ODDS_1ST_HALF_RESULT_2;ODDS_2ND_HALF_RESULT_1;ODDS_2ND_HALF_RESULT_X;ODDS_2ND_HALF_RESULT_2;ODDS_DNB_1;ODDS_DNB_2;ODDS_CORNERS_OVER_75;ODDS_CORNERS_OVER_85;ODDS_CORNERS_OVER_95;ODDS_CORNERS_OVER_105;ODDS_CORNERS_OVER_115;ODDS_CORNERS_UNDER_75;ODDS_CORNERS_UNDER_85;ODDS_CORNERS_UNDER_95;ODDS_CORNERS_UNDER_105;ODDS_CORNERS_UNDER_115;ODDS_CORNERS_1;ODDS_CORNERS_X;ODDS_CORNERS_2;ODDS_TEAM_TO_SCORE_FIRST_1;ODDS_TEAM_TO_SCORE_FIRST_X;ODDS_TEAM_TO_SCORE_FIRST_2;ODDS_WIN_TO_NIL_1;ODDS_WIN_TO_NIL_2;ODDS_1ST_HALF_OVER05;ODDS_1ST_HALF_OVER15;ODDS_1ST_HALF_OVER25;ODDS_1ST_HALF_OVER35;ODDS_1ST_HALF_UNDER05;ODDS_1ST_HALF_UNDER15;ODDS_1ST_HALF_UNDER25;ODDS_1ST_HALF_UNDER35;ODDS_2ND_HALF_OVER05;ODDS_2ND_HALF_OVER15;ODDS_2ND_HALF_OVER25;ODDS_2ND_HALF_OVER35;ODDS_2ND_HALF_UNDER05;ODDS_2ND_HALF_UNDER15;ODDS_2ND_HALF_UNDER25;ODDS_2ND_HALF_UNDER35;ODDS_BTTS_1ST_HALF_YES;ODDS_BTTS_1ST_HALF_NO;ODDS_BTTS_2ND_HALF_YES;ODDS_BTTS_2ND_HALF_NO;OVERALLGOALCOUNT;HT_GOALS_TEAM_A;HT_GOALS_TEAM_B;GOALS_2HG_TEAM_A;GOALS_2HG_TEAM_B;GOALCOUNT_2HG;HTGOALCOUNT;DATE_UNIX;WINNINGTEAM;NO_HOME_AWAY;BTTS_POTENTIAL;BTTS_FHG_POTENTIAL;BTTS_2HG_POTENTIAL;GOALTIMINGDISABLED;CORNER_TIMINGS_RECORDED;CARD_TIMINGS_RECORDED;TEAM_A_FH_CORNERS;TEAM_B_FH_CORNERS;TEAM_A_2H_CORNERS;TEAM_B_2H_CORNERS;CORNER_FH_COUNT;CORNER_2H_COUNT;TEAM_A_FH_CARDS;TEAM_B_FH_CARDS;TEAM_A_2H_CARDS;TEAM_B_2H_CARDS;TOTAL_FH_CARDS;TOTAL_2H_CARDS;ATTACKS_RECORDED;TEAM_A_DANGEROUS_ATTACKS;TEAM_B_DANGEROUS_ATTACKS;TEAM_A_ATTACKS;TEAM_B_ATTACKS;TEAM_A_XG;TEAM_B_XG;TOTAL_XG;TEAM_A_PENALTIES_WON;TEAM_B_PENALTIES_WON;TEAM_A_PENALTY_GOALS;TEAM_B_PENALTY_GOALS;TEAM_A_PENALTY_MISSED;TEAM_B_PENALTY_MISSED;PENS_RECORDED;GOAL_TIMINGS_RECORDED;TEAM_A_0_10_MIN_GOALS;TEAM_B_0_10_MIN_GOALS;TEAM_A_CORNERS_0_10_MIN;TEAM_B_CORNERS_0_10_MIN;TEAM_A_CARDS_0_10_MIN;TEAM_B_CARDS_0_10_MIN;THROWINS_RECORDED;TEAM_A_THROWINS;TEAM_B_THROWINS;FREEKICKS_RECORDED;TEAM_A_FREEKICKS;TEAM_B_FREEKICKS;GOALKICKS_RECORDED;TEAM_A_GOALKICKS;TEAM_B_GOALKICKS;O45_POTENTIAL;O35_POTENTIAL;O25_POTENTIAL;O15_POTENTIAL;O05_POTENTIAL;O15HT_POTENTIAL;O05HT_POTENTIAL;O05_2H_POTENTIAL;O15_2H_POTENTIAL;CORNERS_POTENTIAL;OFFSIDES_POTENTIAL;CARDS_POTENTIAL;AVG_POTENTIAL;HOME_NAME;AWAY_NAME;HOME_PPG;AWAY_PPG;PRE_MATCH_HOME_PPG;PRE_MATCH_AWAY_PPG;PRE_MATCH_TEAMA_OVERALL_PPG;PRE_MATCH_TEAMB_OVERALL_PPG;U45_POTENTIAL;U35_POTENTIAL;U25_POTENTIAL;U15_POTENTIAL;U05_POTENTIAL;CORNERS_O85_POTENTIAL;CORNERS_O95_POTENTIAL;CORNERS_O105_POTENTIAL;TEAM_A_XG_PREMATCH;TEAM_B_XG_PREMATCH;TOTAL_XG_PREMATCH;COMPETITION_ID;MATCHES_COMPLETED_MINIMUM;OVER05;OVER15;OVER25;OVER35;OVER45;OVER55;BTTS
114979;1995;1988;2016/2017;complete;616;1;-1;15,36;19,62;2;2;4;-1;-1;-1;-1;-1;1;2;0;0;-1;-1;-1;-1;-1;-1;-1;-1;-1;-1;1;2;0;0;0;0;0;0;0;0;0;0;0;0;0;0;0;0;0;0;0;0;0;0;0;0;0;0;0;0;0;0;0;0;0;0;0;0;0;0;0;0;0;0;0;0;0;0;0;0;0;0;0;0;0;0;0;0;0;0;0;0;0;0;0;0;0;0;0;0;4;2;1;0;1;1;3;2016-08-06 15:30:00;-1;0;0;0;0;0;-1;1;-1;-1;-1;-1;-1;-1;1;0;0;2;1;2;-1;0;0;0;0;0;0;0;0;0;0;0;0;0;1;1;0;0;-1;-1;0;0;-1;-1;-1;-1;-1;-1;-1;-1;-1;0;0;0;0;0;0;0;0;0;0;0;0;0;NŠ Drava;Brežice;1.33;1.25;0;0;0;0;0;0;0;0;0;0;0;0;0;0;0;435;25;Y;Y;Y;Y;N;N;Y
114980;1967;1977;2016/2017;complete;616;1;-1;53,63,75;;3;0;3;-1;-1;-1;-1;-1;3;3;0;0;-1;-1;-1;-1;-1;-1;-1;-1;-1;-1;3;3;0;0;0;0;0;0;0;0;0;0;0;0;0;0;0;0;0;0;0;0;0;0;0;0;0;0;0;0;0;0;0;0;0;0;0;0;0;0;0;0;0;0;0;0;0;0;0;0;0;0;0;0;0;0;0;0;0;0;0;0;0;0;0;0;0;0;0;0;3;0;0;3;0;3;0;2016-08-06 15:30:00;1967;0;0;0;0;0;-1;1;-1;-1;-1;-1;-1;-1;2;3;1;0;5;1;-1;0;0;0;0;0;0;0;0;0;0;0;0;0;1;1;0;0;-1;-1;0;1;-1;-1;-1;-1;-1;-1;-1;-1;-1;0;0;0;0;0;0;0;0;0;0;0;0;0;Ankaran Hrvatini;Zavrč;2.08;0;0;0;0;0;0;0;0;0;0;0;0;0;0;0;0;435;9;Y;Y;Y;N;N;N;N
114981;1993;1978;2016/2017;complete;616;1;-1;;54,56,58,87;0;4;4;-1;-1;-1;-1;-1;0;1;0;0;-1;-1;-1;-1;-1;-1;-1;-1;-1;-1;0;1;0;0;0;0;0;0;0;0;0;0;0;0;0;0;0;0;0;0;0;0;0;0;0;0;0;0;0;0;0;0;0;0;0;0;0;0;0;0;0;0;0;0;0;0;0;0;0;0;0;0;0;0;0;0;0;0;0;0;0;0;0;0;0;0;0;0;0;0;4;0;0;0;4;4;0;2016-08-06 15:30:00;1978;0;0;0;0;0;-1;1;-1;-1;-1;-1;-1;-1;0;1;0;0;1;0;-1;0;0;0;0;0;0;0;0;0;0;0;0;0;1;1;0;0;-1;-1;0;0;-1;-1;-1;-1;-1;-1;-1;-1;-1;0;0;0;0;0;0;0;0;0;0;0;0;0;Veržej;Krka;1.42;1.33;0;0;0;0;0;0;0;0;0;0;0;0;0;0;0;435;25;Y;Y;Y;Y;N;N;N
114982;1968;1986;2016/2017;complete;616;1;-1;18,32,55;16;3;1;4;-1;-1;-1;-1;-1;3;1;0;0;-1;-1;-1;-1;-1;-1;-1;-1;-1;-1;3;1;0;0;0;0;0;0;0;0;0;0;0;0;0;0;0;0;0;0;0;0;0;0;0;0;0;0;0;0;0;0;0;0;0;0;0;0;0;0;0;0;0;0;0;0;0;0;0;0;0;0;0;0;0;0;0;0;0;0;0;0;0;0;0;0;0;0;0;0;4;2;1;1;0;1;3;2016-08-07 15:00:00;1968;0;0;0;0;0;-1;1;-1;-1;-1;-1;-1;-1;3;1;0;0;4;0;-1;0;0;0;0;0;0;0;0;0;0;0;0;0;1;1;0;0;-1;-1;0;0;-1;-1;-1;-1;-1;-1;-1;-1;-1;0;0;0;0;0;0;0;0;0;0;0;0;0;Triglav;Kranj;2.67;1.08;0;0;0;0;0;0;0;0;0;0;0;0;0;0;0;435;25;Y;Y;Y;Y;N;N;Y
114983;1990;1994;2016/2017;complete;616;1;-1;4,45;3,63;2;2;4;-1;-1;-1;-1;-1;0;5;0;2;-1;-1;-1;-1;-1;-1;-1;-1;-1;-1;0;7;0;0;0;0;0;0;0;0;0;0;0;0;0;0;0;0;0;0;0;0;0;0;0;0;0;0;0;0;0;0;0;0;0;0;0;0;0;0;0;0;0;0;0;0;0;0;0;0;0;0;0;0;0;0;0;0;0;0;0;0;0;0;0;0;0;0;0;0;4;2;1;0;1;1;3;2016-08-07 15:30:00;-1;0;0;0;0;0;-1;1;-1;-1;-1;-1;-1;-1;0;0;0;7;0;7;-1;0;0;0;0;0;0;0;0;1;0;1;0;0;1;1;1;1;-1;-1;0;0;-1;-1;-1;-1;-1;-1;-1;-1;-1;0;0;0;0;0;0;0;0;0;0;0;0;0;Brda Dobrovo;Dob;0.92;2.17;0;0;0;0;0;0;0;0;0;0;0;0;0;0;0;435;25;Y;Y;Y;Y;N;N;Y
114984;1977;1993;2016/2017;complete;616;2;-1;62,70,79,81,88;42;5;1;6;-1;-1;-1;-1;-1;3;3;0;0;-1;-1;-1;-1;-1;-1;-1;-1;-1;-1;3;3;0;0;0;0;0;0;0;0;0;0;0;0;0;0;0;0;0;0;0;0;0;0;0;0;0;0;0;0;0;0;0;0;0;0;0;0;0;0;0;0;0;0;0;0;0;0;0;0;0;0;0;0;0;0;0;0;0;0;0;0;0;0;0;0;0;0;0;0;6;0;1;5;0;5;1;2016-08-12 15:30:00;1977;0;0;0;0;0;-1;1;-1;-1;-1;-1;-1;-1;1;1;2;2;2;4;-1;0;0;0;0;0;0;0;0;0;0;0;0;0;1;1;0;0;-1;-1;0;0;-1;-1;-1;-1;-1;-1;-1;-1;-1;0;0;0;0;0;0;0;0;0;0;0;0;0;Zavrč;Veržej;1.25;0.31;0;0;0;0;0;0;0;0;0;0;0;0;0;0;0;435;9;Y;Y;Y;Y;Y;Y;Y
114985;1988;1978;2016/2017;complete;616;2;-1;87;58;1;1;2;-1;-1;-1;-1;-1;2;1;0;0;-1;-1;-1;-1;-1;-1;-1;-1;-1;-1;2;1;0;0;0;0;0;0;0;0;0;0;0;0;0;0;0;0;0;0;0;0;0;0;0;0;0;0;0;0;0;0;0;0;0;0;0;0;0;0;0;0;0;0;0;0;0;0;0;0;0;0;0;0;0;0;0;0;0;0;0;0;0;0;0;0;0;0;0;0;2;0;0;1;1;2;0;2016-08-13 15:00:00;-1;0;0;0;0;0;-1;1;-1;-1;-1;-1;-1;-1;0;0;2;1;0;3;-1;0;0;0;0;0;0;0;0;1;0;1;0;0;1;1;0;0;-1;-1;0;0;-1;-1;-1;-1;-1;-1;-1;-1;-1;0;50;50;50;50;0;0;50;50;0;0;1;2;Brežice;Krka;1.62;1.33;0;3;1;3;50;0;0;0;0;0;0;0;0;0;0;435;25;Y;Y;N;N;N;N;Y
114986;1994;1986;2016/2017;complete;616;2;-1;10,39,44,50,55;;5;0;5;-1;-1;-1;-1;-1;1;1;0;0;-1;-1;-1;-1;-1;-1;-1;-1;-1;-1;1;1;0;0;0;0;0;0;0;0;0;0;0;0;0;0;0;0;0;0;0;0;0;0;0;0;0;0;0;0;0;0;0;0;0;0;0;0;0;0;0;0;0;0;0;0;0;0;0;0;0;0;0;0;0;0;0;0;0;0;0;0;0;0;0;0;0;0;0;0;5;3;0;2;0;2;3;2016-08-13 15:30:00;1994;0;50;50;0;0;-1;1;-1;-1;-1;-1;-1;-1;1;1;0;0;2;0;-1;0;0;0;0;0;0;0;0;0;0;0;0;0;1;1;1;0;-1;-1;0;0;-1;-1;-1;-1;-1;-1;-1;-1;-1;0;50;50;50;50;50;50;50;0;0;0;1;2;Dob;Kranj;2.15;1.08;0;0;1;0;50;0;0;0;0;0;0;0;0;0;0;435;25;Y;Y;Y;Y;Y;N;N
114987;1995;1990;2016/2017;complete;616;2;-1;28,66,73,76;11,82;4;2;6;-1;-1;-1;-1;-1;2;0;0;0;-1;-1;-1;-1;-1;-1;-1;-1;-1;-1;2;0;0;0;0;0;0;0;0;0;0;0;0;0;0;0;0;0;0;0;0;0;0;0;0;0;0;0;0;0;0;0;0;0;0;0;0;0;0;0;0;0;0;0;0;0;0;0;0;0;0;0;0;0;0;0;0;0;0;0;0;0;0;0;0;0;0;0;0;0;6;1;1;3;1;4;2;2016-08-13 15:30:00;1995;0;50;50;0;0;-1;1;-1;-1;-1;-1;-1;-1;2;0;0;0;2;0;-1;0;0;0;0;0;0;0;0;0;0;0;0;0;1;1;0;0;-1;-1;0;0;-1;-1;-1;-1;-1;-1;-1;-1;-1;0;50;50;50;50;50;50;50;0;0;0;1;2;NŠ Drava;Brda Dobrovo;1.33;1.17;1;0;1;1;50;0;0;0;0;0;0;0;0;0;0;435;25;Y;Y;Y;Y;Y;Y;Y
114988;1968;1967;2016/2017;complete;616;2;-1;11,49;4;2;1;3;-1;-1;-1;-1;-1;3;2;0;0;-1;-1;-1;-1;-1;-1;-1;-1;-1;-1;3;2;0;0;0;0;0;0;0;0;0;0;0;0;0;0;0;0;0;0;0;0;0;0;0;0;0;0;0;0;0;0;0;0;0;0;0;0;0;0;0;0;0;0;0;0;0;0;0;0;0;0;0;0;0;0;0;0;0;0;0;0;0;0;0;0;0;0;0;0;3;1;1;1;0;1;2;2016-08-14 15:30:00;1968;0;50;50;0;0;-1;1;-1;-1;-1;-1;-1;-1;2;2;1;0;4;1;-1;0;0;0;0;0;0;0;0;0;0;0;0;0;1;1;0;1;-1;-1;0;0;-1;-1;-1;-1;-1;-1;-1;-1;-1;0;50;50;50;50;50;50;50;0;0;0;3;2;Triglav;Ankaran Hrvatini;2.67;1.58;3;0;3;3;50;0;0;0;0;0;0;0;0;0;0;435;25;Y;Y;Y;N;N;N;Y
114989;1967;1994;2016/2017;complete;616;3;-1;53,85,90;5,10,90;3;3;6;-1;-1;-1;-1;-1;2;1;0;0;-1;-1;-1;-1;-1;-1;-1;-1;-1;-1;2;1;0;0;0;0;0;0;0;0;0;0;0;0;0;0;0;0;0;0;0;0;0;0;0;0;0;0;0;0;0;0;0;0;0;0;0;0;0;0;0;0;0;0;0;0;0;0;0;0;0;0;0;0;0;0;0;0;0;0;0;0;0;0;0;0;0;0;0;0;6;0;2;3;1;4;2;2016-08-20 15:00:00;-1;0;50;50;0;0;-1;1;-1;-1;-1;-1;-1;-1;1;0;1;1;1;2;-1;0;0;0;0;0;0;0;0;0;0;0;0;0;1;1;0;2;-1;-1;0;0;-1;-1;-1;-1;-1;-1;-1;-1;-1;0;50;100;100;100;50;50;100;50;0;0;10;3.5;Ankaran Hrvatini;Dob;2.08;2.17;3;1;1.5;2;100;50;0;0;0;0;0;0;0;0;0;435;25;Y;Y;Y;Y;Y;Y;Y
114990;1993;1968;2016/2017;complete;616;3;-1;;10,13,64,77;0;4;4;-1;-1;-1;-1;-1;4;2;1;0;-1;-1;-1;-1;-1;-1;-1;-1;-1;-1;5;2;0;0;0;0;0;0;0;0;0;0;0;0;0;0;0;0;0;0;0;0;0;0;0;0;0;0;0;0;0;0;0;0;0;0;0;0;0;0;0;0;0;0;0;0;0;0;0;0;0;0;0;0;0;0;0;0;0;0;0;0;0;0;0;0;0;0;0;0;4;0;2;0;2;2;2;2016-08-20 15:00:00;1968;0;0;0;0;0;-1;1;-1;-1;-1;-1;-1;-1;3;1;2;1;4;3;-1;0;0;0;0;0;0;0;0;1;0;1;0;0;1;1;0;1;-1;-1;1;0;-1;-1;-1;-1;-1;-1;-1;-1;-1;0;50;50;50;50;0;0;50;50;0;0;0;2;Veržej;Triglav;1.42;2.23;0;0;0;3;50;0;0;0;0;0;0;0;0;0;0;435;25;Y;Y;Y;Y;N;N;N
114991;1978;1977;2016/2017;complete;616;3;-1;8,47,51,53,69,80,90;41;7;1;8;-1;-1;-1;-1;-1;1;1;0;0;-1;-1;-1;-1;-1;-1;-1;-1;-1;-1;1;1;0;0;0;0;0;0;0;0;0;0;0;0;0;0;0;0;0;0;0;0;0;0;0;0;0;0;0;0;0;0;0;0;0;0;0;0;0;0;0;0;0;0;0;0;0;0;0;0;0;0;0;0;0;0;0;0;0;0;0;0;0;0;0;0;0;0;0;0;8;1;1;6;0;6;2;2016-08-20 15:00:00;1978;0;0;0;0;0;-1;1;-1;-1;-1;-1;-1;-1;1;0;0;1;1;1;-1;0;0;0;0;0;0;0;0;0;0;0;0;0;1;1;1;0;-1;-1;0;0;-1;-1;-1;-1;-1;-1;-1;-1;-1;0;0;50;50;50;0;0;50;50;0;0;3;1.5;Krka;Zavrč;0.69;0;0;0;2;1.5;50;50;0;0;0;0;0;0;0;0;0;435;9;Y;Y;Y;Y;Y;Y;Y
114992;1990;1988;2016/2017;complete;616;3;-1;;;0;0;0;-1;-1;-1;-1;-1;2;2;0;0;-1;-1;-1;-1;-1;-1;-1;-1;-1;-1;2;2;0;0;0;0;0;0;0;0;0;0;0;0;0;0;0;0;0;0;0;0;0;0;0;0;0;0;0;0;0;0;0;0;0;0;0;0;0;0;0;0;0;0;0;0;0;0;0;0;0;0;0;0;0;0;0;0;0;0;0;0;0;0;0;0;0;0;0;0;0;0;0;0;0;0;0;2016-08-21 15:00:00;-1;0;100;100;0;0;-1;1;-1;-1;-1;-1;-1;-1;1;1;1;1;2;2;-1;0;0;0;0;0;0;0;0;0;0;0;0;0;1;1;0;0;-1;-1;0;0;-1;-1;-1;-1;-1;-1;-1;-1;-1;0;100;100;100;100;100;100;100;0;0;0;2;4;Brda Dobrovo;Brežice;0.92;1.25;1;1;0.5;1;100;0;0;0;0;0;0;0;0;0;0;435;25;N;N;N;N;N;N;N
114993;1986;1995;2016/2017;complete;616;3;-1;13,61,90;74,85;3;2;5;-1;-1;-1;-1;-1;2;2;0;0;-1;-1;-1;-1;-1;-1;-1;-1;-1;-1;2;2;0;0;0;0;0;0;0;0;0;0;0;0;0;0;0;0;0;0;0;0;0;0;0;0;0;0;0;0;0;0;0;0;0;0;0;0;0;0;0;0;0;0;0;0;0;0;0;0;0;0;0;0;0;0;0;0;0;0;0;0;0;0;0;0;0;0;0;0;5;1;0;2;2;4;1;2016-08-21 15:00:00;1986;0;0;0;0;0;-1;1;-1;-1;-1;-1;-1;-1;1;0;1;2;1;3;-1;0;0;0;0;0;0;0;0;0;0;0;0;0;1;1;0;0;-1;-1;0;0;-1;-1;-1;-1;-1;-1;-1;-1;-1;0;0;0;0;0;0;0;0;0;0;0;0;0;Kranj;NŠ Drava;0.75;1.15;0;0;0;2;0;0;0;0;0;0;0;0;0;0;0;435;25;Y;Y;Y;Y;Y;N;Y
114994;1988;1977;2016/2017;complete;616;4;-1;43,67;30;2;1;3;-1;-1;-1;-1;-1;7;3;0;0;-1;-1;-1;-1;-1;-1;-1;-1;-1;-1;7;3;0;0;0;0;0;0;0;0;0;0;0;0;0;0;0;0;0;0;0;0;0;0;0;0;0;0;0;0;0;0;0;0;0;0;0;0;0;0;0;0;0;0;0;0;0;0;0;0;0;0;0;0;0;0;0;0;0;0;0;0;0;0;0;0;0;0;0;0;3;1;1;1;0;1;2;2016-08-27 15:00:00;1988;0;75;25;50;0;-1;1;-1;-1;-1;-1;-1;-1;1;1;6;2;2;8;-1;0;0;0;0;0;0;0;0;0;0;0;0;0;1;1;0;0;-1;-1;0;0;-1;-1;-1;-1;-1;-1;-1;-1;-1;25;25;50;100;100;25;25;100;100;0;0;4;3.75;Brežice;Zavrč;1.62;0;1;0;1;1;75;75;50;0;0;0;0;0;0;0;0;435;9;Y;Y;Y;N;N;N;Y
114995;1994;1993;2016/2017;complete;616;4;-1;;;0;0;0;-1;-1;-1;-1;-1;5;2;0;0;-1;-1;-1;-1;-1;-1;-1;-1;-1;-1;5;2;0;0;0;0;0;0;0;0;0;0;0;0;0;0;0;0;0;0;0;0;0;0;0;0;0;0;0;0;0;0;0;0;0;0;0;0;0;0;0;0;0;0;0;0;0;0;0;0;0;0;0;0;0;0;0;0;0;0;0;0;0;0;0;0;0;0;0;0;0;0;0;0;0;0;0;2016-08-27 15:00:00;-1;0;50;0;0;0;-1;1;-1;-1;-1;-1;-1;-1;2;0;3;2;2;5;-1;0;0;0;0;0;0;0;0;0;0;0;0;0;1;1;0;0;-1;-1;1;0;-1;-1;-1;-1;-1;-1;-1;-1;-1;100;100;100;100;100;50;100;100;100;0;0;4;5.5;Dob;Veržej;2.15;0.31;3;0;1.67;0;0;0;0;0;0;0;0;0;0;0;0;435;25;N;N;N;N;N;N;N
114996;1995;1967;2016/2017;complete;616;4;-1;71;48,52,68;1;3;4;-1;-1;-1;-1;-1;7;4;1;0;-1;-1;-1;-1;-1;-1;-1;-1;-1;-1;8;4;0;0;0;0;0;0;0;0;0;0;0;0;0;0;0;0;0;0;0;0;0;0;0;0;0;0;0;0;0;0;0;0;0;0;0;0;0;0;0;0;0;0;0;0;0;0;0;0;0;0;0;0;0;0;0;0;0;0;0;0;0;0;0;0;0;0;0;0;4;0;0;1;3;4;0;2016-08-27 15:00:00;1967;0;100;100;25;0;-1;1;-1;-1;-1;-1;-1;-1;2;2;6;2;4;8;-1;0;0;0;0;0;0;0;0;1;0;1;0;0;1;1;0;0;-1;-1;0;0;-1;-1;-1;-1;-1;-1;-1;-1;-1;25;50;100;100;100;100;100;100;25;0;0;3.5;4;NŠ Drava;Ankaran Hrvatini;1.33;1.58;2;0;1.33;1.33;75;50;0;0;0;0;0;0;0;0;0;435;25;Y;Y;Y;Y;N;N;Y
114997;1968;1978;2016/2017;complete;616;4;-1;48,86;75;2;1;3;5;2;7;-1;-1;3;2;0;0;5;5;8;6;13;11;-1;-1;-1;-1;3;2;0;0;0;0;0;0;0;0;0;0;0;0;0;0;0;0;0;0;0;0;0;0;0;0;0;0;0;0;0;0;0;0;0;0;0;0;0;0;0;0;0;0;0;0;0;0;0;0;0;0;0;0;0;0;0;0;0;0;0;0;0;0;0;0;0;0;0;0;3;0;0;2;1;3;0;2016-08-28 15:00:00;1968;0;75;50;25;0;-1;1;-1;-1;-1;-1;-1;-1;3;0;0;2;3;2;-1;0;0;0;0;0;0;0;0;0;0;0;0;0;1;1;0;0;-1;-1;0;0;-1;-1;-1;-1;-1;-1;-1;-1;-1;0;50;75;100;100;50;50;100;50;0;0;4;3.25;Triglav;Krka;2.67;1.33;3;2;3;2.33;100;50;25;0;0;0;0;0;0;0;0;435;25;Y;Y;Y;N;N;N;Y
114998;1990;1986;2016/2017;complete;616;4;-1;;58;0;1;1;6;3;9;-1;-1;2;1;0;0;0;2;0;0;0;2;-1;-1;58;42;2;1;0;0;0;0;0;0;0;0;0;0;0;0;0;0;0;0;0;0;0;0;0;0;0;0;0;0;0;0;0;0;0;0;0;0;0;0;0;0;0;0;0;0;0;0;0;0;0;0;0;0;0;0;0;0;0;0;0;0;0;0;0;0;0;0;0;0;0;0;1;0;0;0;1;1;0;2016-08-28 15:00:00;1986;0;50;50;0;0;-1;1;-1;-1;-1;-1;-1;-1;1;1;1;0;2;1;-1;0;0;0;0;0;0;0;0;0;0;0;0;0;1;1;0;0;-1;-1;0;0;-1;-1;-1;-1;-1;-1;-1;-1;-1;25;75;75;75;75;75;75;75;25;0;0;2;3.25;Brda Dobrovo;Kranj;0.92;1.08;1;0;0.67;1;75;25;25;25;25;0;0;0;0;0;0;435;25;Y;N;N;N;N;N;N
114999;1977;1968;2016/2017;complete;616;5;-1;57;69,74;1;2;3;3;8;11;-1;-1;3;5;0;0;3;6;3;10;6;16;-1;-1;46;54;3;5;0;0;0;0;0;0;0;0;0;0;0;0;0;0;0;0;0;0;0;0;0;0;0;0;0;0;0;0;0;0;0;0;0;0;0;0;0;0;0;0;0;0;0;0;0;0;0;0;0;0;0;0;0;0;0;0;0;0;0;0;0;0;0;0;0;0;0;0;3;0;0;1;2;3;0;2016-09-02 14:30:00;1968;0;50;0;0;0;-1;1;-1;-1;-1;-1;-1;-1;1;1;2;4;2;6;-1;0;0;0;0;0;0;0;0;0;0;0;0;0;1;1;0;0;-1;-1;0;0;-1;-1;-1;-1;-1;-1;-1;-1;-1;50;100;100;100;100;50;100;100;100;0;0;5;5;Zavrč;Triglav;1.25;2.23;3;3;0.75;3;50;0;0;0;0;0;0;0;0;0;0;435;9;Y;Y;Y;N;N;N;Y
115000;1967;1990;2016/2017;complete;616;5;-1;13,28,32,52,86;;5;0;5;-1;-1;-1;-1;-1;0;1;0;1;-1;-1;-1;-1;-1;-1;-1;-1;-1;-1;0;3;0;0;0;0;0;0;0;0;0;0;0;0;0;0;0;0;0;0;0;0;0;0;0;0;0;0;0;0;0;0;0;0;0;0;0;0;0;0;0;0;0;0;0;0;0;0;0;0;0;0;0;0;0;0;0;0;0;0;0;0;0;0;0;0;0;0;0;0;5;3;0;2;0;2;3;2016-09-03 14:30:00;1967;0;75;50;75;0;-1;1;-1;-1;-1;-1;-1;-1;0;1;0;1;1;1;-1;0;0;0;0;0;0;0;0;0;0;0;0;0;1;1;0;0;-1;-1;0;0;-1;-1;-1;-1;-1;-1;-1;-1;-1;75;75;100;100;100;75;75;100;100;0;0;2.5;5.25;Ankaran Hrvatini;Brda Dobrovo;2.08;1.17;2;0;1.75;0.5;25;25;0;0;0;0;0;0;0;0;0;435;25;Y;Y;Y;Y;Y;N;N
115001;1993;1995;2016/2017;complete;616;5;-1;40;4,43;1;2;3;-1;-1;-1;-1;-1;3;1;0;1;-1;-1;-1;-1;-1;-1;-1;-1;-1;-1;3;2;0;0;0;0;0;0;0;0;0;0;0;0;0;0;0;0;0;0;0;0;0;0;0;0;0;0;0;0;0;0;0;0;0;0;0;0;0;0;0;0;0;0;0;0;0;0;0;0;0;0;0;0;0;0;0;0;0;0;0;0;0;0;0;0;0;0;0;0;3;1;2;0;0;0;3;2016-09-03 14:30:00;1995;0;50;0;50;0;-1;1;-1;-1;-1;-1;-1;-1;0;0;3;2;0;5;-1;0;0;0;0;0;0;0;0;0;0;0;0;0;1;1;0;1;-1;-1;0;0;-1;-1;-1;-1;-1;-1;-1;-1;-1;50;100;100;100;100;25;75;100;100;0;0;4.5;4.5;Veržej;NŠ Drava;1.42;1.15;0;0;0.25;1;50;0;0;0;0;0;0;0;0;0;0;435;25;Y;Y;Y;N;N;N;Y
115002;1978;1994;2016/2017;complete;616;5;-1;;31,46;0;2;2;-1;-1;-1;-1;-1;2;3;0;0;-1;-1;-1;-1;-1;-1;-1;-1;-1;-1;2;3;0;0;0;0;0;0;0;0;0;0;0;0;0;0;0;0;0;0;0;0;0;0;0;0;0;0;0;0;0;0;0;0;0;0;0;0;0;0;0;0;0;0;0;0;0;0;0;0;0;0;0;0;0;0;0;0;0;0;0;0;0;0;0;0;0;0;0;0;2;0;1;0;1;1;1;2016-09-03 14:30:00;1994;0;100;75;25;0;-1;1;-1;-1;-1;-1;-1;-1;1;1;1;2;2;3;-1;0;0;0;0;0;0;0;0;0;0;0;0;0;1;1;0;0;-1;-1;0;1;-1;-1;-1;-1;-1;-1;-1;-1;-1;75;100;100;100;100;100;100;100;75;0;0;5;6.5;Krka;Dob;0.69;2.17;3;1;1.75;1.5;25;0;0;0;0;0;0;0;0;0;0;435;25;Y;Y;N;N;N;N;N
115003;1986;1988;2016/2017;complete;616;5;-1;3;59,81,83;1;3;4;2;5;7;-1;-1;4;0;0;0;6;11;5;9;11;20;-1;-1;39;61;4;0;0;0;0;0;0;0;0;0;0;0;0;0;0;0;0;0;0;0;0;0;0;0;0;0;0;0;0;0;0;0;0;0;0;0;0;0;0;0;0;0;0;0;0;0;0;0;0;0;0;0;0;0;0;0;0;0;0;0;0;0;0;0;0;0;0;0;0;0;4;1;0;0;3;3;1;2016-09-04 14:30:00;1988;0;75;25;50;0;-1;1;-1;-1;-1;-1;-1;-1;1;0;3;0;1;3;-1;0;0;0;0;0;0;0;0;0;0;0;0;0;1;1;1;0;-1;-1;0;0;-1;-1;-1;-1;-1;-1;-1;-1;-1;50;75;75;75;75;25;75;75;50;0;0;4;3.5;Kranj;Brežice;0.75;1.25;3;1;1.5;1.5;50;25;25;25;25;0;0;0;0;0;0;435;25;Y;Y;Y;Y;N;N;Y
115004;1988;1968;2016/2017;complete;616;6;-1;54;38,63,87,90;1;4;5;-1;-1;-1;-1;-1;5;7;1;1;-1;-1;-1;-1;-1;-1;-1;-1;-1;-1;6;8;0;0;0;0;0;0;0;0;0;0;0;0;0;0;0;0;0;0;0;0;0;0;0;0;0;0;0;0;0;0;0;0;0;0;0;0;0;0;0;0;0;0;0;0;0;0;0;0;0;0;0;0;0;0;0;0;0;0;0;0;0;0;0;0;0;0;0;0;5;0;1;1;3;4;1;2016-09-10 14:30:00;1968;0;75;25;50;0;-1;1;-1;-1;-1;-1;-1;-1;4;3;2;5;7;7;-1;0;0;0;0;0;0;0;1;2;1;2;0;0;1;1;0;0;-1;-1;0;0;-1;-1;-1;-1;-1;-1;-1;-1;-1;0;25;75;100;100;50;50;100;75;8;0;8;3;Brežice;Triglav;1.62;2.23;2;3;1.8;3;100;75;25;0;0;50;50;50;0;0;0;435;25;Y;Y;Y;Y;Y;N;Y
115005;1994;1977;2016/2017;complete;616;6;-1;1,20,41,47,64,68,71;;7;0;7;-1;-1;-1;-1;-1;2;1;0;1;-1;-1;-1;-1;-1;-1;-1;-1;-1;-1;2;3;0;0;0;0;0;0;0;0;0;0;0;0;0;0;0;0;0;0;0;0;0;0;0;0;0;0;0;0;0;0;0;0;0;0;0;0;0;0;0;0;0;0;0;0;0;0;0;0;0;0;0;0;0;0;0;0;0;0;0;0;0;0;0;0;0;0;0;0;7;3;0;4;0;4;3;2016-09-10 14:30:00;1994;0;34;34;0;0;-1;1;-1;-1;-1;-1;-1;-1;1;1;1;1;2;2;-1;0;0;0;0;0;0;0;0;0;0;0;0;0;1;1;1;0;-1;-1;0;0;-1;-1;-1;-1;-1;-1;-1;-1;-1;42;42;75;75;75;59;59;75;59;0;0;5.33;3.59;Dob;Zavrč;2.15;0;2;0;1.8;0.6;59;59;25;25;25;0;0;0;0;0;0;435;9;Y;Y;Y;Y;Y;Y;N
115006;1995;1978;2016/2017;complete;616;6;-1;21;41,61,68;1;3;4;-1;-1;-1;-1;-1;3;3;0;0;-1;-1;-1;-1;-1;-1;-1;-1;-1;-1;3;3;0;0;0;0;0;0;0;0;0;0;0;0;0;0;0;0;0;0;0;0;0;0;0;0;0;0;0;0;0;0;0;0;0;0;0;0;0;0;0;0;0;0;0;0;0;0;0;0;0;0;0;0;0;0;0;0;0;0;0;0;0;0;0;0;0;0;0;0;4;1;1;0;2;2;2;2016-09-11 14:30:00;1978;0;84;34;67;0;-1;1;-1;-1;-1;-1;-1;-1;1;1;2;2;2;4;-1;0;0;0;0;0;0;0;0;0;0;0;0;0;1;1;0;0;-1;-1;0;0;-1;-1;-1;-1;-1;-1;-1;-1;-1;17;67;84;100;100;34;34;100;84;2;0;5;3.84;NŠ Drava;Krka;1.33;1.33;1.33;1.33;1.4;1.4;84;34;17;0;0;0;0;0;0;0;0;435;25;Y;Y;Y;Y;N;N;Y
115007;1990;1993;2016/2017;complete;616;6;-1;;;0;0;0;7;2;9;-1;-1;6;1;0;1;4;4;10;2;14;6;-1;-1;-1;-1;6;3;0;0;0;0;0;0;0;0;0;0;0;0;0;0;0;0;0;0;0;0;0;0;0;0;0;0;0;0;0;0;0;0;0;0;0;0;0;0;0;0;0;0;0;0;0;0;0;0;0;0;0;0;0;0;0;0;0;0;0;0;0;0;0;0;0;0;0;0;0;0;0;0;0;0;0;2016-09-11 14:30:00;-1;0;42;17;0;0;-1;1;-1;-1;-1;-1;-1;-1;2;0;4;2;2;6;-1;0;0;0;0;0;0;0;0;0;0;0;0;0;1;1;0;0;-1;-1;0;0;-1;-1;-1;-1;-1;-1;-1;-1;-1;25;42;42;42;59;17;42;59;25;6;0;3.83;2.34;Brda Dobrovo;Veržej;0.92;0.31;0.67;0.5;0.4;0.2;75;59;59;59;42;50;0;0;0;0;0;435;25;N;N;N;N;N;N;N
115008;1986;1967;2016/2017;complete;616;6;-1;21,43;11,45,78;2;3;5;-1;-1;-1;-1;-1;4;2;0;0;-1;-1;-1;-1;-1;-1;-1;-1;-1;-1;4;2;0;0;0;0;0;0;0;0;0;0;0;0;0;0;0;0;0;0;0;0;0;0;0;0;0;0;0;0;0;0;0;0;0;0;0;0;0;0;0;0;0;0;0;0;0;0;0;0;0;0;0;0;0;0;0;0;0;0;0;0;0;0;0;0;0;0;0;0;5;2;2;0;1;1;4;2016-09-11 14:30:00;1967;0;100;25;50;0;-1;1;-1;-1;-1;-1;-1;-1;2;1;2;1;3;3;-1;0;0;0;0;0;0;0;1;2;1;2;0;0;1;1;0;0;-1;-1;0;0;-1;-1;-1;-1;-1;-1;-1;-1;-1;25;75;100;100;100;25;75;100;75;2;0;6;4;Kranj;Ankaran Hrvatini;0.75;1.58;1.5;1.5;1.2;2;75;25;0;0;0;0;0;0;0;0;0;435;25;Y;Y;Y;Y;Y;N;Y
115009;1967;1988;2016/2017;complete;616;7;-1;39;19,43,44;1;3;4;-1;-1;-1;-1;-1;5;2;1;1;-1;-1;-1;-1;-1;-1;-1;-1;-1;-1;7;3;0;0;0;0;0;0;0;0;0;0;0;0;0;0;0;0;0;0;0;0;0;0;0;0;0;0;0;0;0;0;0;0;0;0;0;0;0;0;0;0;0;0;0;0;0;0;0;0;0;0;0;0;0;0;0;0;0;0;0;0;0;0;0;0;0;0;0;0;4;1;3;0;0;0;4;2016-09-17 14:00:00;1988;0;50;17;17;0;-1;1;-1;-1;-1;-1;-1;-1;3;0;3;3;3;6;-1;0;0;0;0;0;0;0;0;0;0;0;0;0;1;1;0;0;-1;-1;0;0;-1;-1;-1;-1;-1;-1;-1;-1;-1;34;67;84;84;84;50;67;84;67;5;0;3;3.67;Ankaran Hrvatini;Brežice;2.08;1.25;2.33;1.67;2.17;1.5;67;33;17;17;17;0;0;0;0;0;0;435;25;Y;Y;Y;Y;N;N;Y
115010;1993;1986;2016/2017;complete;616;7;-1;14,37,75;2;3;1;4;-1;-1;-1;-1;-1;4;2;0;2;-1;-1;-1;-1;-1;-1;-1;-1;-1;-1;4;4;0;0;0;0;0;0;0;0;0;0;0;0;0;0;0;0;0;0;0;0;0;0;0;0;0;0;0;0;0;0;0;0;0;0;0;0;0;0;0;0;0;0;0;0;0;0;0;0;0;0;0;0;0;0;0;0;0;0;0;0;0;0;0;0;0;0;0;0;4;2;1;1;0;1;3;2016-09-17 14:00:00;1993;0;33;33;0;0;-1;1;-1;-1;-1;-1;-1;-1;2;2;2;2;4;4;-1;0;0;0;0;0;0;0;1;1;1;1;0;0;1;1;0;1;-1;-1;0;0;-1;-1;-1;-1;-1;-1;-1;-1;-1;17;67;84;84;100;67;67;84;50;3;0;3.67;3.5;Veržej;Kranj;1.42;1.08;0;1;0.33;1;84;33;17;17;0;50;0;0;0;0;0;435;25;Y;Y;Y;Y;N;N;Y
115011;1978;1990;2016/2017;complete;616;7;-1;;3;0;1;1;-1;-1;-1;-1;-1;0;1;0;0;-1;-1;-1;-1;-1;-1;-1;-1;-1;-1;0;1;0;0;0;0;0;0;0;0;0;0;0;0;0;0;0;0;0;0;0;0;0;0;0;0;0;0;0;0;0;0;0;0;0;0;0;0;0;0;0;0;0;0;0;0;0;0;0;0;0;0;0;0;0;0;0;0;0;0;0;0;0;0;0;0;0;0;0;0;1;0;1;0;0;0;1;2016-09-17 14:00:00;1990;0;50;50;25;0;-1;1;-1;-1;-1;-1;-1;-1;0;0;0;1;0;1;-1;0;0;0;0;0;0;0;0;0;0;0;0;0;1;1;0;1;-1;-1;0;0;-1;-1;-1;-1;-1;-1;-1;-1;-1;75;75;75;100;100;75;100;100;75;0;0;3;5.25;Krka;Brda Dobrovo;0.69;1.17;1.5;0;1.67;0.5;25;25;25;0;0;0;0;0;0;0;0;435;25;Y;N;N;N;N;N;N
115012;1977;1995;2016/2017;complete;616;7;-1;21,51;49,83;2;2;4;-1;-1;-1;-1;-1;5;1;1;1;-1;-1;-1;-1;-1;-1;-1;-1;-1;-1;6;3;0;0;0;0;0;0;0;0;0;0;0;0;0;0;0;0;0;0;0;0;0;0;0;0;0;0;0;0;0;0;0;0;0;0;0;0;0;0;0;0;0;0;0;0;0;0;0;0;0;0;0;0;0;0;0;0;0;0;0;0;0;0;0;0;0;0;0;0;4;1;0;1;2;3;1;2016-09-17 17:00:00;-1;0;100;25;50;0;-1;1;-1;-1;-1;-1;-1;-1;0;0;6;2;0;8;-1;0;0;0;0;0;0;0;0;0;0;0;0;0;1;1;0;0;-1;-1;0;0;-1;-1;-1;-1;-1;-1;-1;-1;-1;50;50;100;100;100;25;75;75;75;3;0;5;4.25;Zavrč;NŠ Drava;1.25;1.15;1.5;1.5;0.5;1.17;50;50;0;0;0;50;50;50;0;0;0;435;9;Y;Y;Y;Y;N;N;Y
115013;1968;1994;2016/2017;complete;616;7;-1;87;;1;0;1;-1;-1;-1;-1;-1;2;2;0;0;-1;-1;-1;-1;-1;-1;-1;-1;-1;-1;2;2;0;0;0;0;0;0;0;0;0;0;0;0;0;0;0;0;0;0;0;0;0;0;0;0;0;0;0;0;0;0;0;0;0;0;0;0;0;0;0;0;0;0;0;0;0;0;0;0;0;0;0;0;0;0;0;0;0;0;0;0;0;0;0;0;0;0;0;0;1;0;0;1;0;1;0;2016-09-18 14:00:00;1968;0;84;50;33;0;-1;1;-1;-1;-1;-1;-1;-1;0;1;2;1;1;3;-1;0;0;0;0;0;0;0;1;0;1;0;0;0;1;1;0;0;-1;-1;0;1;-1;-1;-1;-1;-1;-1;-1;-1;-1;17;50;84;100;100;67;84;100;33;5;0;6.67;3.67;Triglav;Dob;2.67;2.17;3;1.67;3;2;84;50;17;0;0;0;0;0;0;0;0;435;25;Y;N;N;N;N;N;N
115014;1988;1994;2016/2017;complete;616;8;-1;;51,77;0;2;2;-1;-1;-1;-1;-1;4;0;0;0;-1;-1;-1;-1;-1;-1;-1;-1;-1;-1;4;0;0;0;0;0;0;0;0;0;0;0;0;0;0;0;0;0;0;0;0;0;0;0;0;0;0;0;0;0;0;0;0;0;0;0;0;0;0;0;0;0;0;0;0;0;0;0;0;0;0;0;0;0;0;0;0;0;0;0;0;0;0;0;0;0;0;0;0;0;2;0;0;0;2;2;0;2016-09-24 14:00:00;1994;0;75;29;46;0;-1;1;-1;-1;-1;-1;-1;-1;1;0;3;0;1;3;-1;0;0;0;0;0;0;0;0;1;0;1;0;0;1;1;0;0;-1;-1;0;0;-1;-1;-1;-1;-1;-1;-1;-1;-1;29;42;59;88;100;42;71;100;46;0;0;8.25;3.29;Brežice;Dob;1.62;2.17;1.33;1.25;1.71;1.71;71;59;42;13;0;0;0;0;0;0;0;435;25;Y;Y;N;N;N;N;N
115015;1995;1968;2016/2017;complete;616;8;-1;72;22,30,42,88,90;1;5;6;-1;-1;-1;-1;-1;3;4;0;0;-1;-1;-1;-1;-1;-1;-1;-1;-1;-1;3;4;0;0;0;0;0;0;0;0;0;0;0;0;0;0;0;0;0;0;0;0;0;0;0;0;0;0;0;0;0;0;0;0;0;0;0;0;0;0;0;0;0;0;0;0;0;0;0;0;0;0;0;0;0;0;0;0;0;0;0;0;0;0;0;0;0;0;0;0;6;0;3;1;2;3;3;2016-09-24 14:00:00;1968;0;84;38;59;0;-1;1;-1;-1;-1;-1;-1;-1;3;2;0;2;5;2;-1;0;0;0;0;0;0;0;0;0;0;0;0;0;1;1;0;0;-1;-1;0;0;-1;-1;-1;-1;-1;-1;-1;-1;-1;29;84;100;100;100;54;71;100;88;8;0;8.5;4.25;NŠ Drava;Triglav;1.33;2.23;1;3;1.14;3;71;17;0;0;0;50;50;50;0;0;0;435;25;Y;Y;Y;Y;Y;Y;Y
115016;1967;1993;2016/2017;complete;616;8;-1;55,56,90;;3;0;3;-1;-1;-1;-1;-1;1;3;0;0;-1;-1;-1;-1;-1;-1;-1;-1;-1;-1;1;3;0;0;0;0;0;0;0;0;0;0;0;0;0;0;0;0;0;0;0;0;0;0;0;0;0;0;0;0;0;0;0;0;0;0;0;0;0;0;0;0;0;0;0;0;0;0;0;0;0;0;0;0;0;0;0;0;0;0;0;0;0;0;0;0;0;0;0;0;3;0;0;3;0;3;0;2016-09-24 14:00:00;1967;0;42;13;13;0;-1;1;-1;-1;-1;-1;-1;-1;0;1;1;2;1;3;-1;0;0;0;0;0;0;0;0;0;0;0;0;0;1;1;0;0;-1;-1;0;0;-1;-1;-1;-1;-1;-1;-1;-1;-1;42;54;67;67;67;38;54;54;54;2;0;5.67;3.25;Ankaran Hrvatini;Veržej;2.08;0.31;1.75;0.67;1.86;0.71;59;46;34;34;34;50;0;0;0;0;0;435;25;Y;Y;Y;N;N;N;N
115017;1990;1977;2016/2017;complete;616;8;-1;45,47,90;71;3;1;4;-1;-1;-1;-1;-1;2;1;0;0;-1;-1;-1;-1;-1;-1;-1;-1;-1;-1;2;1;0;0;0;0;0;0;0;0;0;0;0;0;0;0;0;0;0;0;0;0;0;0;0;0;0;0;0;0;0;0;0;0;0;0;0;0;0;0;0;0;0;0;0;0;0;0;0;0;0;0;0;0;0;0;0;0;0;0;0;0;0;0;0;0;0;0;0;0;4;1;0;2;1;3;1;2016-09-25 14:00:00;1990;0;38;38;0;0;-1;1;-1;-1;-1;-1;-1;-1;0;0;2;1;0;3;-1;0;0;0;0;0;0;0;0;1;0;1;0;0;1;1;0;0;-1;-1;0;0;-1;-1;-1;-1;-1;-1;-1;-1;-1;25;38;63;63;75;50;50;75;38;6.5;0;5;3.25;Brda Dobrovo;Zavrč;0.92;0;0.75;0;0.86;0.57;75;63;38;38;25;50;0;0;0;0;0;435;9;Y;Y;Y;Y;N;N;Y
115018;1986;1978;2016/2017;complete;616;8;-1;;4,25,29,41,60;0;5;5;-1;-1;-1;-1;-1;4;1;0;0;-1;-1;-1;-1;-1;-1;-1;-1;-1;-1;4;1;0;0;0;0;0;0;0;0;0;0;0;0;0;0;0;0;0;0;0;0;0;0;0;0;0;0;0;0;0;0;0;0;0;0;0;0;0;0;0;0;0;0;0;0;0;0;0;0;0;0;0;0;0;0;0;0;0;0;0;0;0;0;0;0;0;0;0;0;5;0;4;0;1;1;4;2016-09-25 14:00:00;1978;0;88;29;42;0;-1;1;-1;-1;-1;-1;-1;-1;3;0;1;1;3;2;-1;0;0;0;0;0;0;0;0;1;0;1;0;0;1;1;0;1;-1;-1;2;0;-1;-1;-1;-1;-1;-1;-1;-1;-1;34;75;88;100;100;29;63;100;84;4;0;5.08;3.96;Kranj;Krka;0.75;1.33;1;1.75;0.86;1.43;67;25;13;0;0;0;0;0;0;0;0;435;25;Y;Y;Y;Y;Y;N;N
115019;1993;1988;2016/2017;complete;616;9;-1;41,54,77;89;3;1;4;-1;-1;-1;-1;-1;3;3;0;0;-1;-1;-1;-1;-1;-1;-1;-1;-1;-1;3;3;0;0;0;0;0;0;0;0;0;0;0;0;0;0;0;0;0;0;0;0;0;0;0;0;0;0;0;0;0;0;0;0;0;0;0;0;0;0;0;0;0;0;0;0;0;0;0;0;0;0;0;0;0;0;0;0;0;0;0;0;0;0;0;0;0;0;0;0;4;1;0;2;1;3;1;2016-10-01 13:30:00;1993;0;63;50;0;0;-1;1;-1;-1;-1;-1;-1;-1;0;1;3;2;1;5;-1;0;0;0;0;0;0;0;2;0;2;0;0;0;1;1;0;0;-1;-1;0;0;-1;-1;-1;-1;-1;-1;-1;-1;-1;0;75;88;88;88;63;75;63;38;5;0;4.75;3.38;Veržej;Brežice;1.42;1.25;0.75;2;0.63;1.5;100;25;13;13;13;0;0;0;0;0;0;435;25;Y;Y;Y;Y;N;N;Y
115020;1994;1995;2016/2017;complete;616;9;-1;10,43,63,65;12,83;4;2;6;-1;-1;-1;-1;-1;3;4;1;0;-1;-1;-1;-1;-1;-1;-1;-1;-1;-1;5;4;0;0;0;0;0;0;0;0;0;0;0;0;0;0;0;0;0;0;0;0;0;0;0;0;0;0;0;0;0;0;0;0;0;0;0;0;0;0;0;0;0;0;0;0;0;0;0;0;0;0;0;0;0;0;0;0;0;0;0;0;0;0;0;0;0;0;0;0;6;2;1;2;1;3;3;2016-10-01 13:30:00;1994;0;50;17;34;0;-1;1;-1;-1;-1;-1;-1;-1;1;2;3;2;3;5;-1;0;0;0;0;0;0;0;1;1;1;1;0;0;1;1;1;0;-1;-1;0;0;-1;-1;-1;-1;-1;-1;-1;-1;-1;50;67;84;84;84;50;84;67;67;0;0;5;4;Dob;NŠ Drava;2.15;1.15;2.33;1.33;1.88;1;50;33;17;17;17;0;0;0;0;0;0;435;25;Y;Y;Y;Y;Y;Y;Y
115021;1977;1986;2016/2017;complete;616;9;-1;63,83;40,45;2;2;4;-1;-1;-1;-1;-1;5;4;0;0;-1;-1;-1;-1;-1;-1;-1;-1;-1;-1;5;4;0;0;0;0;0;0;0;0;0;0;0;0;0;0;0;0;0;0;0;0;0;0;0;0;0;0;0;0;0;0;0;0;0;0;0;0;0;0;0;0;0;0;0;0;0;0;0;0;0;0;0;0;0;0;0;0;0;0;0;0;0;0;0;0;0;0;0;0;4;0;2;2;0;2;2;2016-10-01 17:00:00;-1;0;75;25;34;0;-1;1;-1;-1;-1;-1;-1;-1;1;1;4;3;2;7;-1;0;0;0;0;0;0;0;1;0;1;0;0;0;1;1;0;0;-1;-1;0;0;-1;-1;-1;-1;-1;-1;-1;-1;-1;29;71;88;88;100;38;71;100;63;6;0;5.75;3.92;Zavrč;Kranj;1.25;1.08;1.33;0.75;0.5;0.75;71;29;13;13;0;100;50;50;0;0;0;435;9;Y;Y;Y;Y;N;N;Y
115022;1978;1967;2016/2017;complete;616;9;-1;;82;0;1;1;-1;-1;-1;-1;-1;3;1;0;0;-1;-1;-1;-1;-1;-1;-1;-1;-1;-1;3;1;0;0;0;0;0;0;0;0;0;0;0;0;0;0;0;0;0;0;0;0;0;0;0;0;0;0;0;0;0;0;0;0;0;0;0;0;0;0;0;0;0;0;0;0;0;0;0;0;0;0;0;0;0;0;0;0;0;0;0;0;0;0;0;0;0;0;0;0;1;0;0;0;1;1;0;2016-10-02 13:30:00;1967;0;67;50;17;0;-1;1;-1;-1;-1;-1;-1;-1;0;1;3;0;1;3;-1;0;0;0;0;0;0;0;0;0;0;0;0;0;1;1;0;0;-1;-1;0;0;-1;-1;-1;-1;-1;-1;-1;-1;-1;33;50;67;84;100;50;84;84;33;0;0;3.67;3.84;Krka;Ankaran Hrvatini;0.69;1.58;1;2;1.63;2;67;50;34;17;0;0;0;0;0;0;0;435;25;Y;N;N;N;N;N;N
115023;1968;1990;2016/2017;complete;616;9;-1;30,42,78;84;3;1;4;-1;-1;-1;-1;-1;-1;-1;-1;-1;-1;-1;-1;-1;-1;-1;-1;-1;-1;-1;-1;-1;0;0;0;0;0;0;0;0;0;0;0;0;0;0;0;0;0;0;0;0;0;0;0;0;0;0;0;0;0;0;0;0;0;0;0;0;0;0;0;0;0;0;0;0;0;0;0;0;0;0;0;0;0;0;0;0;0;0;0;0;0;0;0;0;0;0;0;0;4;2;0;1;1;2;2;2016-10-02 13:30:00;1968;0;54;42;29;0;-1;-1;-1;-1;-1;-1;-1;-1;-1;-1;-1;-1;-1;-1;-1;0;0;0;0;0;0;0;0;0;0;0;0;0;1;1;0;0;-1;-1;-1;-1;-1;-1;-1;-1;-1;-1;-1;-1;-1;34;46;71;71;100;59;75;84;46;5;0;4.08;3.38;Triglav;Brda Dobrovo;2.67;1.17;3;1;3;1.13;67;54;29;29;0;0;0;0;0;0;0;435;25;Y;Y;Y;Y;N;N;Y
115024;1988;1995;2016/2017;complete;616;10;-1;7,73;32;2;1;3;-1;-1;-1;-1;-1;3;3;1;0;-1;-1;-1;-1;-1;-1;-1;-1;-1;-1;4;3;0;0;0;0;0;0;0;0;0;0;0;0;0;0;0;0;0;0;0;0;0;0;0;0;0;0;0;0;0;0;0;0;0;0;0;0;0;0;0;0;0;0;0;0;0;0;0;0;0;0;0;0;0;0;0;0;0;0;0;0;0;0;0;0;0;0;0;0;3;1;1;1;0;1;2;2016-10-08 13:00:00;1988;0;88;38;63;0;-1;1;-1;-1;-1;-1;-1;-1;0;2;4;1;2;5;-1;0;0;0;0;0;0;0;0;0;0;0;0;0;1;1;1;0;-1;-1;0;1;-1;-1;-1;-1;-1;-1;-1;-1;-1;38;50;75;100;100;38;75;88;75;0;0;7.5;3.75;Brežice;NŠ Drava;1.62;1.15;1;1;1.33;0.89;63;50;25;0;0;0;0;0;0;0;0;435;25;Y;Y;Y;N;N;N;Y
115025;1994;1990;2016/2017;complete;616;10;-1;10;;1;0;1;10;4;14;-1;-1;1;3;0;0;2;0;0;0;2;0;-1;-1;-1;-1;1;3;0;0;0;0;0;0;0;0;0;0;0;0;0;0;0;0;0;0;0;0;0;0;0;0;0;0;0;0;0;0;0;0;0;0;0;0;0;0;0;0;0;0;0;0;0;0;0;0;0;0;0;0;0;0;0;0;0;0;0;0;0;0;0;0;0;0;0;0;1;1;0;0;0;0;1;2016-10-08 13:00:00;1994;0;38;25;38;0;-1;1;-1;-1;-1;-1;-1;-1;0;0;1;3;0;4;-1;0;0;0;0;0;0;0;0;0;0;0;0;0;1;1;1;0;-1;-1;0;0;-1;-1;-1;-1;-1;-1;-1;-1;-1;63;75;75;75;88;75;88;75;75;0;0;4.58;4.25;Dob;Brda Dobrovo;2.15;1.17;2.5;0.75;2;1;38;25;25;25;13;0;0;0;0;0;0;435;25;Y;N;N;N;N;N;N
115026;1986;1968;2016/2017;complete;616;10;-1;;7,57;0;2;2;0;6;6;-1;-1;3;3;1;0;0;3;0;1;0;4;-1;-1;-1;-1;4;3;0;0;0;0;0;0;0;0;0;0;0;0;0;0;0;0;0;0;0;0;0;0;0;0;0;0;0;0;0;0;0;0;0;0;0;0;0;0;0;0;0;0;0;0;0;0;0;0;0;0;0;0;0;0;0;0;0;0;0;0;0;0;0;0;0;0;0;0;2;0;1;0;1;1;1;2016-10-09 13:30:00;1968;0;75;13;50;0;-1;1;-1;-1;-1;-1;-1;-1;2;1;2;2;3;4;-1;0;0;0;0;0;0;0;0;1;0;1;0;0;1;1;0;1;-1;-1;0;0;-1;-1;-1;-1;-1;-1;-1;-1;-1;63;88;100;100;100;50;88;100;75;10;0;8.25;4.63;Kranj;Triglav;0.75;2.23;0.75;3;0.78;3;38;13;0;0;0;50;50;50;0;0;0;435;25;Y;Y;N;N;N;N;N
115027;1978;1993;2016/2017;complete;616;10;-1;12,47,83;;3;0;3;-1;-1;-1;-1;-1;4;2;0;0;-1;-1;-1;-1;-1;-1;-1;-1;-1;-1;4;2;0;0;0;0;0;0;0;0;0;0;0;0;0;0;0;0;0;0;0;0;0;0;0;0;0;0;0;0;0;0;0;0;0;0;0;0;0;0;0;0;0;0;0;0;0;0;0;0;0;0;0;0;0;0;0;0;0;0;0;0;0;0;0;0;0;0;0;0;3;1;0;2;0;2;1;2016-10-09 13:30:00;1978;0;25;13;0;0;-1;1;-1;-1;-1;-1;-1;-1;1;1;3;1;2;4;-1;0;0;0;0;0;0;0;0;0;0;0;0;0;1;1;0;0;-1;-1;0;0;-1;-1;-1;-1;-1;-1;-1;-1;-1;25;25;38;50;75;13;50;63;38;2;0;4.25;2.63;Krka;Veržej;0.69;0.31;0.75;0.5;1.44;0.89;75;75;63;50;25;50;0;0;0;0;0;435;25;Y;Y;Y;N;N;N;N
115028;1978;1988;2016/2017;complete;616;11;-1;57;2,9,90;1;3;4;5;7;12;-1;-1;5;3;0;0;5;13;15;12;20;25;-1;-1;51;49;5;3;0;0;0;0;0;0;0;0;0;0;0;0;0;0;0;0;0;0;0;0;0;0;0;0;0;0;0;0;0;0;0;0;0;0;0;0;0;0;0;0;0;0;0;0;0;0;0;0;0;0;0;0;0;0;0;0;0;0;0;0;0;0;0;0;0;0;0;0;4;0;2;1;1;2;2;2016-10-14 13:30:00;1988;0;50;30;10;0;-1;1;-1;-1;-1;-1;-1;-1;3;1;2;2;4;4;-1;0;0;0;0;0;0;0;0;0;0;0;0;0;1;1;0;2;-1;-1;3;1;-1;-1;-1;-1;-1;-1;-1;-1;-1;10;50;60;70;90;30;80;70;40;5;0;4;3.1;Krka;Brežice;0.69;1.25;1.2;1.6;1.6;1.5;90;50;40;30;10;0;0;0;0;0;0;435;25;Y;Y;Y;Y;N;N;Y
115029;1967;1968;2016/2017;complete;616;11;-1;16;;1;0;1;-1;-1;-1;-1;-1;4;0;0;0;-1;-1;-1;-1;-1;-1;-1;-1;-1;-1;4;0;0;0;0;0;0;0;0;0;0;0;0;0;0;0;0;0;0;0;0;0;0;0;0;0;0;0;0;0;0;0;0;0;0;0;0;0;0;0;0;0;0;0;0;0;0;0;0;0;0;0;0;0;0;0;0;0;0;0;0;0;0;0;0;0;0;0;0;0;1;1;0;0;0;0;1;2016-10-15 13:00:00;1967;0;50;10;40;0;-1;1;-1;-1;-1;-1;-1;-1;1;0;3;0;1;3;-1;0;0;0;0;0;0;0;0;0;0;0;0;0;1;1;0;0;-1;-1;0;0;-1;-1;-1;-1;-1;-1;-1;-1;-1;40;60;90;100;100;50;70;90;80;7;0;7;4.1;Ankaran Hrvatini;Triglav;2.08;2.23;2;3;2.11;3;60;40;10;0;0;25;25;25;0;0;0;435;25;Y;N;N;N;N;N;N
115030;1990;1995;2016/2017;complete;616;11;-1;77;17,54,74;1;3;4;-1;-1;-1;-1;-1;3;0;0;0;-1;-1;-1;-1;-1;-1;-1;-1;-1;-1;3;0;0;0;0;0;0;0;0;0;0;0;0;0;0;0;0;0;0;0;0;0;0;0;0;0;0;0;0;0;0;0;0;0;0;0;0;0;0;0;0;0;0;0;0;0;0;0;0;0;0;0;0;0;0;0;0;0;0;0;0;0;0;0;0;0;0;0;0;0;4;0;1;1;2;3;1;2016-10-15 13:00:00;1995;0;70;40;40;0;-1;1;-1;-1;-1;-1;-1;-1;0;0;3;0;0;3;-1;0;0;0;0;0;0;0;0;0;0;0;0;0;1;1;0;0;-1;-1;0;0;-1;-1;-1;-1;-1;-1;-1;-1;-1;20;50;70;70;80;40;70;70;40;6.5;0;5.2;3;Brda Dobrovo;NŠ Drava;0.92;1.15;1.2;0.8;0.9;0.8;80;50;30;30;20;50;0;0;0;0;0;435;25;Y;Y;Y;Y;N;N;Y
115031;1986;1994;2016/2017;complete;616;11;-1;48;25,45;1;2;3;-1;-1;-1;-1;-1;1;4;0;0;-1;-1;-1;-1;-1;-1;-1;-1;-1;-1;1;4;0;0;0;0;0;0;0;0;0;0;0;0;0;0;0;0;0;0;0;0;0;0;0;0;0;0;0;0;0;0;0;0;0;0;0;0;0;0;0;0;0;0;0;0;0;0;0;0;0;0;0;0;0;0;0;0;0;0;0;0;0;0;0;0;0;0;0;0;3;0;2;1;0;1;2;2016-10-16 13:00:00;1994;0;50;20;20;0;-1;1;-1;-1;-1;-1;-1;-1;0;2;1;2;2;3;-1;0;0;0;0;0;0;0;0;0;0;0;0;0;1;1;0;0;-1;-1;0;0;-1;-1;-1;-1;-1;-1;-1;-1;-1;40;60;60;90;100;40;80;100;40;1;0;6.2;3.6;Kranj;Dob;0.75;2.17;0.6;1.6;0.7;2.1;60;40;40;10;0;0;0;0;0;0;0;435;25;Y;Y;Y;N;N;N;Y
115032;1995;1986;2016/2017;complete;616;12;-1;60,61,73;;3;0;3;-1;-1;-1;-1;-1;1;3;0;0;-1;-1;-1;-1;-1;-1;-1;-1;-1;-1;1;3;0;0;0;0;0;0;0;0;0;0;0;0;0;0;0;0;0;0;0;0;0;0;0;0;0;0;0;0;0;0;0;0;0;0;0;0;0;0;0;0;0;0;0;0;0;0;0;0;0;0;0;0;0;0;0;0;0;0;0;0;0;0;0;0;0;0;0;0;3;0;0;3;0;3;0;2016-10-22 11:00:00;1995;0;80;50;30;0;-1;1;-1;-1;-1;-1;-1;-1;1;1;0;2;2;2;-1;0;0;0;0;0;0;0;0;0;0;0;0;0;1;1;0;0;-1;-1;0;0;-1;-1;-1;-1;-1;-1;-1;-1;-1;30;90;90;90;100;80;80;100;60;3;0;5.6;4.2;NŠ Drava;Kranj;1.33;1.08;0.8;0.8;1;0.64;70;10;10;10;0;50;0;0;0;0;0;435;25;Y;Y;Y;N;N;N;N
115033;1988;1990;2016/2017;complete;616;12;-1;;;0;0;0;-1;-1;-1;-1;-1;2;1;0;0;-1;-1;-1;-1;-1;-1;-1;-1;-1;-1;2;1;0;0;0;0;0;0;0;0;0;0;0;0;0;0;0;0;0;0;0;0;0;0;0;0;0;0;0;0;0;0;0;0;0;0;0;0;0;0;0;0;0;0;0;0;0;0;0;0;0;0;0;0;0;0;0;0;0;0;0;0;0;0;0;0;0;0;0;0;0;0;0;0;0;0;0;2016-10-22 12:30:00;-1;0;60;30;40;0;-1;1;-1;-1;-1;-1;-1;-1;1;0;1;1;1;2;-1;0;0;0;0;0;0;0;0;0;0;0;0;0;1;1;0;0;-1;-1;0;0;-1;-1;-1;-1;-1;-1;-1;-1;-1;30;40;60;80;100;50;80;80;60;4;0;6.35;3.2;Brežice;Brda Dobrovo;1.62;1.17;1.4;0.6;1.64;0.82;70;60;40;20;0;50;50;50;0;0;0;435;25;N;N;N;N;N;N;N
115034;1994;1967;2016/2017;complete;616;12;-1;14,23,39;36;3;1;4;-1;-1;-1;-1;-1;0;2;0;0;-1;-1;-1;-1;-1;-1;-1;-1;-1;-1;0;2;0;0;0;0;0;0;0;0;0;0;0;0;0;0;0;0;0;0;0;0;0;0;0;0;0;0;0;0;0;0;0;0;0;0;0;0;0;0;0;0;0;0;0;0;0;0;0;0;0;0;0;0;0;0;0;0;0;0;0;0;0;0;0;0;0;0;0;0;4;3;1;0;0;0;4;2016-10-22 12:30:00;1994;0;48;35;23;0;-1;1;-1;-1;-1;-1;-1;-1;0;1;0;1;1;1;-1;0;0;0;0;0;0;0;0;0;0;0;0;0;1;1;0;0;-1;-1;0;0;-1;-1;-1;-1;-1;-1;-1;-1;-1;43;55;68;68;90;55;65;80;43;10;0;5.05;3.53;Dob;Ankaran Hrvatini;2.15;1.58;2.6;2.25;2.18;2.2;58;45;33;33;10;50;50;50;0;0;0;435;25;Y;Y;Y;Y;N;N;Y
115035;1968;1993;2016/2017;complete;616;12;-1;;;0;0;0;-1;-1;-1;-1;-1;3;5;0;0;-1;-1;-1;-1;-1;-1;-1;-1;-1;-1;3;5;0;0;0;0;0;0;0;0;0;0;0;0;0;0;0;0;0;0;0;0;0;0;0;0;0;0;0;0;0;0;0;0;0;0;0;0;0;0;0;0;0;0;0;0;0;0;0;0;0;0;0;0;0;0;0;0;0;0;0;0;0;0;0;0;0;0;0;0;0;0;0;0;0;0;0;2016-10-22 12:30:00;-1;0;50;20;20;0;-1;1;-1;-1;-1;-1;-1;-1;2;2;1;3;4;4;-1;0;0;0;0;0;0;0;0;0;0;0;0;0;1;1;0;0;-1;-1;1;0;-1;-1;-1;-1;-1;-1;-1;-1;-1;10;30;70;70;80;30;50;80;50;7;0;5.35;2.7;Triglav;Veržej;2.67;0.31;3;0.4;2.73;0.8;90;70;30;30;20;50;0;0;0;0;0;435;25;N;N;N;N;N;N;N
115036;1978;1968;2016/2017;complete;616;13;-1;90;72,80;1;2;3;2;3;5;-1;-1;3;1;0;0;2;7;4;8;6;15;-1;-1;-1;-1;3;1;0;0;0;0;0;0;0;0;0;0;0;0;0;0;0;0;0;0;0;0;0;0;0;0;0;0;0;0;0;0;0;0;0;0;0;0;0;0;0;0;0;0;0;0;0;0;0;0;0;0;0;0;0;0;0;0;0;0;0;0;0;0;0;0;0;0;0;0;3;0;0;1;2;3;0;2016-10-29 11:00:00;1968;0;42;9;34;0;-1;1;-1;-1;-1;-1;-1;-1;1;1;2;0;2;2;-1;0;0;0;0;0;0;0;0;1;0;1;0;0;1;1;0;0;-1;-1;0;0;-1;-1;-1;-1;-1;-1;-1;-1;-1;25;42;59;75;100;33;83;83;59;12;0;6.17;3.34;Krka;Triglav;0.69;2.23;1;2.5;1.45;2.58;75;59;42;25;0;75;75;75;0;0;0;435;25;Y;Y;Y;N;N;N;Y
115037;1993;1994;2016/2017;complete;616;13;-1;;26,34,87;0;3;3;-1;-1;-1;-1;-1;3;2;0;0;-1;-1;-1;-1;-1;-1;-1;-1;-1;-1;3;2;0;0;0;0;0;0;0;0;0;0;0;0;0;0;0;0;0;0;0;0;0;0;0;0;0;0;0;0;0;0;0;0;0;0;0;0;0;0;0;0;0;0;0;0;0;0;0;0;0;0;0;0;0;0;0;0;0;0;0;0;0;0;0;0;0;0;0;0;3;0;2;0;1;1;2;2016-10-29 12:00:00;1994;0;55;29;19;0;-1;1;-1;-1;-1;-1;-1;-1;2;0;1;2;2;3;-1;0;0;0;0;0;0;0;0;1;0;1;0;0;1;1;0;0;-1;-1;0;0;-1;-1;-1;-1;-1;-1;-1;-1;-1;9;57;75;92;100;55;74;90;47;0;0;5.83;3.4;Veržej;Dob;1.42;2.17;1.2;1.83;0.82;2.25;92;44;25;9;0;0;0;0;0;0;0;435;25;Y;Y;Y;N;N;N;N
115038;1967;1995;2016/2017;complete;616;13;-1;32;;1;0;1;-1;-1;-1;-1;-1;2;3;0;0;-1;-1;-1;-1;-1;-1;-1;-1;-1;-1;2;3;0;0;0;0;0;0;0;0;0;0;0;0;0;0;0;0;0;0;0;0;0;0;0;0;0;0;0;0;0;0;0;0;0;0;0;0;0;0;0;0;0;0;0;0;0;0;0;0;0;0;0;0;0;0;0;0;0;0;0;0;0;0;0;0;0;0;0;0;1;1;0;0;0;0;1;2016-10-29 12:00:00;1967;0;67;34;42;0;-1;1;-1;-1;-1;-1;-1;-1;0;1;2;2;1;4;-1;0;0;0;0;0;0;0;0;0;0;0;0;0;1;1;0;0;-1;-1;0;0;-1;-1;-1;-1;-1;-1;-1;-1;-1;33;59;92;92;100;50;84;75;67;0;0;5.16;3.92;Ankaran Hrvatini;NŠ Drava;2.08;1.15;2.17;1.17;2;1.17;67;42;9;9;0;0;0;0;0;0;0;435;25;Y;N;N;N;N;N;N
115039;1986;1990;2016/2017;complete;616;13;-1;;66;0;1;1;-1;-1;-1;-1;-1;1;2;0;0;-1;-1;-1;-1;-1;-1;-1;-1;-1;-1;1;2;0;0;0;0;0;0;0;0;0;0;0;0;0;0;0;0;0;0;0;0;0;0;0;0;0;0;0;0;0;0;0;0;0;0;0;0;0;0;0;0;0;0;0;0;0;0;0;0;0;0;0;0;0;0;0;0;0;0;0;0;0;0;0;0;0;0;0;0;1;0;0;0;1;1;0;2016-10-29 12:00:00;1990;0;50;17;25;0;-1;1;-1;-1;-1;-1;-1;-1;0;1;1;1;1;2;-1;0;0;0;0;0;0;0;0;0;0;0;0;0;1;1;0;0;-1;-1;0;0;-1;-1;-1;-1;-1;-1;-1;-1;-1;42;59;67;75;92;50;92;75;42;5;0;4.77;3.42;Kranj;Brda Dobrovo;0.75;1.17;0.5;0.67;0.58;0.83;59;42;34;25;9;50;50;50;0;0;0;435;25;Y;N;N;N;N;N;N
115040;1988;1986;2016/2017;complete;616;14;-1;;47;0;1;1;-1;-1;-1;-1;-1;3;3;1;0;-1;-1;-1;-1;-1;-1;-1;-1;-1;-1;4;3;0;0;0;0;0;0;0;0;0;0;0;0;0;0;0;0;0;0;0;0;0;0;0;0;0;0;0;0;0;0;0;0;0;0;0;0;0;0;0;0;0;0;0;0;0;0;0;0;0;0;0;0;0;0;0;0;0;0;0;0;0;0;0;0;0;0;0;0;1;0;0;0;1;1;0;2016-11-05 13:00:00;1986;0;59;33;17;0;-1;1;-1;-1;-1;-1;-1;-1;2;2;2;1;4;3;-1;0;0;0;0;0;0;0;0;0;0;0;0;0;1;1;0;0;-1;-1;0;0;-1;-1;-1;-1;-1;-1;-1;-1;-1;17;42;67;83;92;50;59;92;50;3;0;6.5;3;Brežice;Kranj;1.62;1.08;1.33;0.67;1.58;0.54;83;58;34;17;9;50;0;0;0;0;0;435;25;Y;N;N;N;N;N;N
115041;1995;1993;2016/2017;complete;616;14;-1;28,53;18;2;1;3;-1;-1;-1;-1;-1;2;2;0;0;-1;-1;-1;-1;-1;-1;-1;-1;-1;-1;2;2;0;0;0;0;0;0;0;0;0;0;0;0;0;0;0;0;0;0;0;0;0;0;0;0;0;0;0;0;0;0;0;0;0;0;0;0;0;0;0;0;0;0;0;0;0;0;0;0;0;0;0;0;0;0;0;0;0;0;0;0;0;0;0;0;0;0;0;0;3;1;1;1;0;1;2;2016-11-05 13:00:00;1995;0;50;25;25;0;-1;1;-1;-1;-1;-1;-1;-1;0;0;2;2;0;4;-1;0;0;0;0;0;0;0;0;0;0;0;0;0;1;1;0;0;-1;-1;0;0;-1;-1;-1;-1;-1;-1;-1;-1;-1;25;50;75;75;75;34;50;75;67;2;0;6;3.25;NŠ Drava;Veržej;1.33;0.31;1.17;0.5;1.08;0.75;75;50;25;25;25;50;0;0;0;0;0;435;25;Y;Y;Y;N;N;N;Y
115042;1994;1978;2016/2017;complete;616;14;-1;18,57,67,75,85;44;5;1;6;-1;-1;-1;-1;-1;4;1;0;0;-1;-1;-1;-1;-1;-1;-1;-1;-1;-1;4;1;0;0;0;0;0;0;0;0;0;0;0;0;0;0;0;0;0;0;0;0;0;0;0;0;0;0;0;0;0;0;0;0;0;0;0;0;0;0;0;0;0;0;0;0;0;0;0;0;0;0;0;0;0;0;0;0;0;0;0;0;0;0;0;0;0;0;0;0;6;1;1;4;0;4;2;2016-11-05 13:00:00;1994;0;47;27;29;0;-1;1;-1;-1;-1;-1;-1;-1;1;0;3;1;1;4;-1;0;0;0;0;0;0;0;0;0;0;0;0;0;1;1;0;0;-1;-1;0;0;-1;-1;-1;-1;-1;-1;-1;-1;-1;35;64;74;84;92;54;62;75;65;12;0;3.93;3.72;Dob;Krka;2.15;1.33;2.67;2;2.31;1.33;65;37;27;17;9;50;50;50;0;0;0;435;25;Y;Y;Y;Y;Y;Y;Y
115043;1967;1986;2016/2017;complete;616;15;-1;54,66,74;;3;0;3;10;8;18;-1;-1;0;2;0;0;11;3;4;3;15;6;-1;-1;-1;-1;0;2;0;0;0;0;0;0;0;0;0;0;0;0;0;0;0;0;0;0;0;0;0;0;0;0;0;0;0;0;0;0;0;0;0;0;0;0;0;0;0;0;0;0;0;0;0;0;0;0;0;0;0;0;0;0;0;0;0;0;0;0;0;0;0;0;0;0;0;0;3;0;0;3;0;3;0;2016-11-12 13:00:00;1967;0;36;22;7;0;-1;1;-1;-1;-1;-1;-1;-1;0;0;0;2;0;2;-1;0;0;0;0;0;0;0;0;0;0;0;0;0;1;1;0;0;-1;-1;0;0;-1;-1;-1;-1;-1;-1;-1;-1;-1;22;50;71;71;100;50;64;79;50;3;0;5.14;3.22;Ankaran Hrvatini;Kranj;2.08;1.08;2.29;1;2.08;0.71;79;50;29;29;0;50;0;0;0;0;0;435;25;Y;Y;Y;N;N;N;N
115044;1968;1988;2016/2017;complete;616;15;-1;3,21,61,65;;4;0;4;8;3;11;-1;-1;3;2;1;0;9;2;9;8;18;10;-1;-1;50;50;4;2;0;0;0;0;0;0;0;0;0;0;0;0;0;0;0;0;0;0;0;0;0;0;0;0;0;0;0;0;0;0;0;0;0;0;0;0;0;0;0;0;0;0;0;0;0;0;0;0;0;0;0;0;0;0;0;0;0;0;0;0;0;0;0;0;0;0;0;0;4;2;0;2;0;2;2;2016-11-13 13:00:00;1968;0;75;33;33;0;-1;1;-1;-1;-1;-1;-1;-1;1;1;3;1;2;4;-1;0;0;0;0;0;0;0;0;0;0;0;0;0;1;1;1;0;-1;-1;0;0;-1;-1;-1;-1;-1;-1;-1;-1;-1;0;58;75;75;83;50;67;75;42;11;0;4.97;2.92;Triglav;Brežice;2.67;1.25;2.67;1.83;2.62;1.46;100;42;25;25;17;25;25;25;0;0;0;435;25;Y;Y;Y;Y;N;N;N
115045;1978;1995;2016/2017;complete;616;15;-1;30,43,90,90;70;4;1;5;8;3;11;-1;-1;1;2;0;0;8;8;6;7;14;15;-1;-1;50;50;1;2;0;0;0;0;0;0;0;0;0;0;0;0;0;0;0;0;0;0;0;0;0;0;0;0;0;0;0;0;0;0;0;0;0;0;0;0;0;0;0;0;0;0;0;0;0;0;0;0;0;0;0;0;0;0;0;0;0;0;0;0;0;0;0;0;0;0;0;0;5;2;0;2;1;3;2;2016-11-13 13:00:00;1978;0;65;29;43;0;-1;1;-1;-1;-1;-1;-1;-1;1;2;0;0;3;0;-1;0;0;0;0;0;0;0;1;0;1;0;0;0;1;1;0;0;-1;-1;0;0;-1;-1;-1;-1;-1;-1;-1;-1;-1;22;43;72;79;100;36;86;79;57;3.5;0;5;3.43;Krka;NŠ Drava;0.69;1.15;0.86;1;1.23;1.21;79;57;29;22;0;25;25;25;0;0;0;435;25;Y;Y;Y;Y;Y;N;Y
115046;1988;1967;2016/2017;complete;616;16;-1;76;;1;0;1;-1;-1;-1;-1;-1;3;1;0;1;-1;-1;-1;-1;-1;-1;-1;-1;-1;-1;3;3;0;0;0;0;0;0;0;0;0;0;0;0;0;0;0;0;0;0;0;0;0;0;0;0;0;0;0;0;0;0;0;0;0;0;0;0;0;0;0;0;0;0;0;0;0;0;0;0;0;0;0;0;0;0;0;0;0;0;0;0;0;0;0;0;0;0;0;0;1;0;0;1;0;1;0;2016-11-19 13:00:00;1988;0;69;45;25;0;-1;1;-1;-1;-1;-1;-1;-1;2;1;1;1;3;2;-1;0;0;0;0;0;0;0;0;0;0;0;0;0;1;1;0;0;-1;-1;0;0;-1;-1;-1;-1;-1;-1;-1;-1;-1;17;37;62;76;93;45;52;83;32;0;0;6.34;2.85;Brežice;Ankaran Hrvatini;1.62;1.58;1.14;1.8;1.36;2.15;83;63;39;25;7;0;0;0;0;0;0;435;25;Y;N;N;N;N;N;N
115047;1990;1967;2016/2017;complete;616;14;-1;14;33,41;1;2;3;-1;-1;-1;-1;-1;3;4;0;2;-1;-1;-1;-1;-1;-1;-1;-1;-1;-1;3;6;0;0;0;0;0;0;0;0;0;0;0;0;0;0;0;0;0;0;0;0;0;0;0;0;0;0;0;0;0;0;0;0;0;0;0;0;0;0;0;0;0;0;0;0;0;0;0;0;0;0;0;0;0;0;0;0;0;0;0;0;0;0;0;0;0;0;0;0;3;1;2;0;0;0;3;2016-11-27 13:00:00;1967;0;59;34;25;0;-1;1;-1;-1;-1;-1;-1;-1;2;3;1;3;5;4;-1;0;0;0;0;0;0;0;0;0;0;0;0;0;1;1;0;0;-1;-1;0;0;-1;-1;-1;-1;-1;-1;-1;-1;-1;9;50;59;59;84;34;50;75;25;6.5;0;4.83;2.59;Brda Dobrovo;Ankaran Hrvatini;0.92;1.58;1;1.5;1;2;92;50;42;42;17;50;0;0;0;0;0;435;25;Y;Y;Y;N;N;N;Y
115048;1993;1990;2016/2017;complete;616;15;-1;;8;0;1;1;8;3;11;-1;-1;0;2;0;0;6;4;5;2;11;6;-1;-1;50;50;0;2;0;0;0;0;0;0;0;0;0;0;0;0;0;0;0;0;0;0;0;0;0;0;0;0;0;0;0;0;0;0;0;0;0;0;0;0;0;0;0;0;0;0;0;0;0;0;0;0;0;0;0;0;0;0;0;0;0;0;0;0;0;0;0;0;0;0;0;0;1;0;1;0;0;0;1;2016-12-03 12:30:00;1990;0;40;24;23;0;-1;1;-1;-1;-1;-1;-1;-1;0;0;0;2;0;2;-1;0;0;0;0;0;0;0;0;0;0;0;0;0;1;1;0;1;-1;-1;0;0;-1;-1;-1;-1;-1;-1;-1;-1;-1;15;55;72;72;93;55;77;70;47;4;0;4.67;3.12;Veržej;Brda Dobrovo;1.42;1.17;1;1;0.69;0.93;86;45;29;29;7;50;50;50;0;0;0;435;25;Y;N;N;N;N;N;N
115049;1994;1968;2016/2017;complete;616;16;-1;67;43,85;1;2;3;-1;-1;-1;-1;-1;5;4;0;0;-1;-1;-1;-1;-1;-1;-1;-1;-1;-1;5;4;0;0;0;0;0;0;0;0;0;0;0;0;0;0;0;0;0;0;0;0;0;0;0;0;0;0;0;0;0;0;0;0;0;0;0;0;0;0;0;0;0;0;0;0;0;0;0;0;0;0;0;0;0;0;0;0;0;0;0;0;0;0;0;0;0;0;0;0;3;0;1;1;1;2;1;2017-03-11 13:00:00;1968;0;50;22;36;0;-1;1;-1;-1;-1;-1;-1;-1;3;4;2;0;7;2;-1;0;0;0;0;0;0;0;1;0;1;0;0;0;1;1;0;0;-1;-1;0;0;-1;-1;-1;-1;-1;-1;-1;-1;-1;43;57;71;79;93;50;79;72;64;15.67;0;5.86;3.79;Dob;Triglav;2.15;2.23;2.71;2.57;2.36;2.64;57;43;29;22;7;67;67;67;0;0;0;435;25;Y;Y;Y;N;N;N;Y
115050;1986;1993;2016/2017;complete;616;16;-1;54;;1;0;1;-1;-1;-1;-1;-1;3;4;0;0;-1;-1;-1;-1;-1;-1;-1;-1;-1;-1;3;4;0;0;0;0;0;0;0;0;0;0;0;0;0;0;0;0;0;0;0;0;0;0;0;0;0;0;0;0;0;0;0;0;0;0;0;0;0;0;0;0;0;0;0;0;0;0;0;0;0;0;0;0;0;0;0;0;0;0;0;0;0;0;0;0;0;0;0;0;1;0;0;1;0;1;0;2017-03-12 14:00:00;1986;0;43;14;7;0;-1;1;-1;-1;-1;-1;-1;-1;1;1;2;3;2;5;-1;0;0;0;0;0;0;0;0;0;0;0;0;0;1;1;0;0;-1;-1;0;0;-1;-1;-1;-1;-1;-1;-1;-1;-1;29;36;64;72;79;29;65;79;36;3;0;5.72;2.86;Kranj;Veržej;0.75;0.31;0.43;0.43;0.67;0.64;72;65;36;29;22;50;0;0;0;0;0;435;25;Y;N;N;N;N;N;N
115051;1990;1978;2016/2017;complete;616;16;-1;;;0;0;0;-1;-1;-1;-1;-1;3;2;0;0;-1;-1;-1;-1;-1;-1;-1;-1;-1;-1;3;2;0;0;0;0;0;0;0;0;0;0;0;0;0;0;0;0;0;0;0;0;0;0;0;0;0;0;0;0;0;0;0;0;0;0;0;0;0;0;0;0;0;0;0;0;0;0;0;0;0;0;0;0;0;0;0;0;0;0;0;0;0;0;0;0;0;0;0;0;0;0;0;0;0;0;0;2017-03-12 14:00:00;-1;0;62;31;31;0;-1;1;-1;-1;-1;-1;-1;-1;1;0;2;2;1;4;-1;0;0;0;0;0;0;0;0;0;0;0;0;0;1;1;0;0;-1;-1;0;0;-1;-1;-1;-1;-1;-1;-1;-1;-1;17;55;70;79;86;40;54;79;56;8.5;0;4.07;3.15;Brda Dobrovo;Krka;0.92;1.33;0.86;1.67;1.07;1.36;84;45;30;22;15;50;0;0;0;0;0;435;25;N;N;N;N;N;N;N
115052;1978;1986;2016/2017;complete;616;17;-1;;73;0;1;1;-1;-1;-1;-1;-1;4;2;1;0;-1;-1;-1;-1;-1;-1;-1;-1;-1;-1;5;2;0;0;0;0;0;0;0;0;0;0;0;0;0;0;0;0;0;0;0;0;0;0;0;0;0;0;0;0;0;0;0;0;0;0;0;0;0;0;0;0;0;0;0;0;0;0;0;0;0;0;0;0;0;0;0;0;0;0;0;0;0;0;0;0;0;0;0;0;1;0;0;0;1;1;0;2017-03-18 13:00:00;1986;0;44;19;19;0;-1;1;-1;-1;-1;-1;-1;-1;3;2;2;0;5;2;-1;0;0;0;0;0;0;0;0;0;0;0;0;0;1;1;0;0;-1;-1;0;0;-1;-1;-1;-1;-1;-1;-1;-1;-1;19;44;69;75;100;44;63;94;57;10.5;0;4.76;3.26;Krka;Kranj;0.69;1.08;1.13;0.88;1.33;0.81;82;57;32;25;0;84;59;59;0;0;0;435;25;Y;N;N;N;N;N;N
115053;1994;1988;2016/2017;complete;616;17;-1;69;82;1;1;2;-1;-1;-1;-1;-1;4;5;0;0;-1;-1;-1;-1;-1;-1;-1;-1;-1;-1;4;5;0;0;0;0;0;0;0;0;0;0;0;0;0;0;0;0;0;0;0;0;0;0;0;0;0;0;0;0;0;0;0;0;0;0;0;0;0;0;0;0;0;0;0;0;0;0;0;0;0;0;0;0;0;0;0;0;0;0;0;0;0;0;0;0;0;0;0;0;2;0;0;1;1;2;0;2017-03-18 14:00:00;-1;0;61;34;27;0;-1;1;-1;-1;-1;-1;-1;-1;0;3;4;2;3;6;-1;0;0;0;0;0;0;0;1;0;1;0;0;0;1;1;0;0;-1;-1;0;0;-1;-1;-1;-1;-1;-1;-1;-1;-1;25;75;81;81;87;60;87;67;60;15;0;5.02;3.72;Dob;Brežice;2.15;1.25;2.38;1.57;2.2;1.47;75;26;20;20;14;84;84;84;0;0;0;435;25;Y;Y;N;N;N;N;Y
115054;1993;1967;2016/2017;complete;616;17;-1;29;;1;0;1;-1;-1;-1;-1;-1;3;3;0;1;-1;-1;-1;-1;-1;-1;-1;-1;-1;-1;3;5;0;0;0;0;0;0;0;0;0;0;0;0;0;0;0;0;0;0;0;0;0;0;0;0;0;0;0;0;0;0;0;0;0;0;0;0;0;0;0;0;0;0;0;0;0;0;0;0;0;0;0;0;0;0;0;0;0;0;0;0;0;0;0;0;0;0;0;0;1;1;0;0;0;0;1;2017-03-18 14:00:00;1993;0;57;43;14;0;-1;1;-1;-1;-1;-1;-1;-1;2;1;1;3;3;4;-1;0;0;0;0;0;0;0;0;0;0;0;0;0;1;1;0;0;-1;-1;0;0;-1;-1;-1;-1;-1;-1;-1;-1;-1;7;50;79;79;100;57;72;71;29;8;0;5.43;3.15;Veržej;Ankaran Hrvatini;1.42;1.58;0.86;1.71;0.6;2.07;93;50;22;22;0;50;50;50;0;0;0;435;25;Y;N;N;N;N;N;N
115055;1968;1995;2016/2017;complete;616;17;-1;29,50,67,83;;4;0;4;-1;-1;-1;-1;-1;0;2;0;0;-1;-1;-1;-1;-1;-1;-1;-1;-1;-1;0;2;0;0;0;0;0;0;0;0;0;0;0;0;0;0;0;0;0;0;0;0;0;0;0;0;0;0;0;0;0;0;0;0;0;0;0;0;0;0;0;0;0;0;0;0;0;0;0;0;0;0;0;0;0;0;0;0;0;0;0;0;0;0;0;0;0;0;0;0;4;1;0;3;0;3;1;2017-03-19 14:00:00;1968;0;73;34;46;0;-1;1;-1;-1;-1;-1;-1;-1;0;0;0;2;0;2;-1;0;0;0;0;0;0;0;0;0;0;0;0;0;1;1;0;0;-1;-1;0;0;-1;-1;-1;-1;-1;-1;-1;-1;-1;19;53;80;80;93;54;79;81;53;9.5;0;5.38;3.3;Triglav;NŠ Drava;2.67;1.15;2.71;0.88;2.67;1.13;82;48;21;21;7;75;75;75;0;0;0;435;25;Y;Y;Y;Y;N;N;N
115056;1988;1993;2016/2017;complete;616;18;-1;27,54,83,90;70;4;1;5;-1;-1;-1;-1;-1;3;2;0;0;-1;-1;-1;-1;-1;-1;-1;-1;-1;-1;3;2;0;0;0;0;0;0;0;0;0;0;0;0;0;0;0;0;0;0;0;0;0;0;0;0;0;0;0;0;0;0;0;0;0;0;0;0;0;0;0;0;0;0;0;0;0;0;0;0;0;0;0;0;0;0;0;0;0;0;0;0;0;0;0;0;0;0;0;0;5;1;0;3;1;4;1;2017-03-26 13:00:00;1988;0;38;19;13;0;-1;1;-1;-1;-1;-1;-1;-1;0;2;3;0;2;3;-1;0;0;0;0;0;0;0;0;0;0;0;0;0;1;1;0;0;-1;-1;0;1;-1;-1;-1;-1;-1;-1;-1;-1;-1;13;13;44;57;76;19;38;76;38;2;0;7;2.07;Brežice;Veržej;1.62;0.31;1.38;0.38;1.44;0.75;88;88;57;44;26;50;0;0;0;0;0;435;25;Y;Y;Y;Y;Y;N;Y
115057;1967;1978;2016/2017;complete;616;18;-1;20;70,89;1;2;3;-1;-1;-1;-1;-1;2;3;0;0;-1;-1;-1;-1;-1;-1;-1;-1;-1;-1;2;3;0;0;0;0;0;0;0;0;0;0;0;0;0;0;0;0;0;0;0;0;0;0;0;0;0;0;0;0;0;0;0;0;0;0;0;0;0;0;0;0;0;0;0;0;0;0;0;0;0;0;0;0;0;0;0;0;0;0;0;0;0;0;0;0;0;0;0;0;3;1;0;0;2;2;1;2017-03-26 13:00:00;1978;0;41;21;21;0;-1;1;-1;-1;-1;-1;-1;-1;1;1;1;2;2;3;-1;0;0;0;0;0;0;0;0;0;0;0;0;0;1;1;0;0;-1;-1;0;0;-1;-1;-1;-1;-1;-1;-1;-1;-1;27;48;73;81;93;41;53;75;67;12;0;3.95;3.34;Ankaran Hrvatini;Krka;2.08;1.33;2.38;1.57;1.94;1.25;73;53;27;20;7;50;50;50;0;0;0;435;25;Y;Y;Y;N;N;N;Y
115058;1990;1968;2016/2017;complete;616;18;-1;;65;0;1;1;-1;-1;-1;-1;-1;2;2;0;0;-1;-1;-1;-1;-1;-1;-1;-1;-1;-1;2;2;0;0;0;0;0;0;0;0;0;0;0;0;0;0;0;0;0;0;0;0;0;0;0;0;0;0;0;0;0;0;0;0;0;0;0;0;0;0;0;0;0;0;0;0;0;0;0;0;0;0;0;0;0;0;0;0;0;0;0;0;0;0;0;0;0;0;0;0;1;0;0;0;1;1;0;2017-03-26 13:00:00;1968;0;57;13;44;0;-1;1;-1;-1;-1;-1;-1;-1;1;1;1;1;2;2;-1;0;0;0;0;0;0;0;0;0;0;0;0;0;1;1;0;0;-1;-1;0;0;-1;-1;-1;-1;-1;-1;-1;-1;-1;13;38;63;69;82;25;63;69;50;12.17;0;6.01;2.69;Brda Dobrovo;Triglav;0.92;2.23;0.88;2.63;1.06;2.69;88;63;38;32;19;67;17;17;0;0;0;435;25;Y;N;N;N;N;N;N
115059;1995;1994;2016/2017;complete;616;18;-1;10;18,62;1;2;3;6;6;12;-1;-1;2;4;0;0;4;8;10;7;14;15;-1;-1;45;55;2;4;0;0;0;0;0;0;0;0;0;0;0;0;0;0;0;0;0;0;0;0;0;0;0;0;0;0;0;0;0;0;0;0;0;0;0;0;0;0;0;0;0;0;0;0;0;0;0;0;0;0;0;0;0;0;0;0;0;0;0;0;0;0;0;0;0;0;0;0;3;1;1;0;1;1;2;2017-03-26 13:00:00;1994;0;65;36;29;0;-1;1;-1;-1;-1;-1;-1;-1;1;2;1;2;3;3;-1;0;0;0;0;0;0;0;0;0;0;0;0;0;1;1;1;0;-1;-1;0;0;-1;-1;-1;-1;-1;-1;-1;-1;-1;22;50;79;93;100;64;71;100;50;0;0;5.57;3.65;NŠ Drava;Dob;1.33;2.17;1.43;2;1.06;2.13;79;50;22;7;0;0;0;0;0;0;0;435;25;Y;Y;Y;N;N;N;Y
115060;1994;1993;2016/2017;complete;616;19;-1;;;0;0;0;-1;-1;-1;-1;-1;3;2;1;1;-1;-1;-1;-1;-1;-1;-1;-1;-1;-1;4;3;0;0;0;0;0;0;0;0;0;0;0;0;0;0;0;0;0;0;0;0;0;0;0;0;0;0;0;0;0;0;0;0;0;0;0;0;0;0;0;0;0;0;0;0;0;0;0;0;0;0;0;0;0;0;0;0;0;0;0;0;0;0;0;0;0;0;0;0;0;0;0;0;0;0;0;2017-04-01 14:00:00;-1;0;45;22;22;0;-1;1;-1;-1;-1;-1;-1;-1;2;3;2;0;5;2;-1;0;0;0;0;0;0;0;0;0;0;0;0;0;1;1;0;0;-1;-1;0;0;-1;-1;-1;-1;-1;-1;-1;-1;-1;33;39;62;67;78;34;61;67;56;12;0;5.89;3.06;Dob;Veržej;2.15;0.31;2.22;0.33;2.18;0.71;67;61;39;33;22;100;50;50;0;0;0;435;25;N;N;N;N;N;N;N
115061;1988;1990;2016/2017;complete;616;19;-1;31,68;;2;0;2;-1;-1;-1;-1;-1;3;1;0;0;-1;-1;-1;-1;-1;-1;-1;-1;-1;-1;3;1;0;0;0;0;0;0;0;0;0;0;0;0;0;0;0;0;0;0;0;0;0;0;0;0;0;0;0;0;0;0;0;0;0;0;0;0;0;0;0;0;0;0;0;0;0;0;0;0;0;0;0;0;0;0;0;0;0;0;0;0;0;0;0;0;0;0;0;0;2;1;0;1;0;1;1;2017-04-01 14:00:00;1988;0;41;18;29;0;-1;1;-1;-1;-1;-1;-1;-1;1;0;2;1;1;3;-1;0;0;0;0;0;0;0;0;0;0;0;0;0;1;1;0;0;-1;-1;0;0;-1;-1;-1;-1;-1;-1;-1;-1;-1;24;30;41;53;89;30;60;70;41;3.5;0;5.6;2.41;Brežice;Brda Dobrovo;1.62;1.17;1.56;1.25;1.53;1;77;71;60;48;12;50;50;50;0;0;0;435;25;Y;Y;N;N;N;N;N
115062;1978;1995;2016/2017;complete;616;19;-1;61;7,31,78,83;1;4;5;-1;-1;-1;-1;-1;3;2;0;0;-1;-1;-1;-1;-1;-1;-1;-1;-1;-1;3;2;0;0;0;0;0;0;0;0;0;0;0;0;0;0;0;0;0;0;0;0;0;0;0;0;0;0;0;0;0;0;0;0;0;0;0;0;0;0;0;0;0;0;0;0;0;0;0;0;0;0;0;0;0;0;0;0;0;0;0;0;0;0;0;0;0;0;0;0;5;0;2;1;2;3;2;2017-04-01 14:00:00;1995;0;61;22;45;0;-1;1;-1;-1;-1;-1;-1;-1;0;1;3;1;1;4;-1;0;0;0;0;0;0;0;0;0;0;0;0;0;1;1;0;1;-1;-1;0;0;-1;-1;-1;-1;-1;-1;-1;-1;-1;28;50;73;78;100;39;84;84;62;8;0;5;3.5;Krka;NŠ Drava;0.69;1.15;1;0.78;1.35;1;73;50;28;22;0;84;84;84;0;0;0;435;25;Y;Y;Y;Y;Y;N;Y
115063;1967;1986;2016/2017;complete;616;19;-1;53,80;;2;0;2;-1;-1;-1;-1;-1;1;2;0;0;-1;-1;-1;-1;-1;-1;-1;-1;-1;-1;1;2;0;0;0;0;0;0;0;0;0;0;0;0;0;0;0;0;0;0;0;0;0;0;0;0;0;0;0;0;0;0;0;0;0;0;0;0;0;0;0;0;0;0;0;0;0;0;0;0;0;0;0;0;0;0;0;0;0;0;0;0;0;0;0;0;0;0;0;0;2;0;0;2;0;2;0;2017-04-01 17:30:00;1967;0;33;17;6;0;-1;1;-1;-1;-1;-1;-1;-1;0;0;1;2;0;3;-1;0;0;0;0;0;0;0;0;0;0;0;0;0;1;1;0;0;-1;-1;0;0;-1;-1;-1;-1;-1;-1;-1;-1;-1;17;39;73;73;100;39;56;84;56;15.5;0;4.66;3.06;Ankaran Hrvatini;Kranj;2.08;1.08;2.11;1.11;1.82;0.94;84;62;28;28;0;100;75;75;0;0;0;435;25;Y;Y;N;N;N;N;N
115064;1995;1988;2016/2017;complete;616;20;-1;37,89;;2;0;2;-1;-1;-1;-1;-1;2;3;0;0;-1;-1;-1;-1;-1;-1;-1;-1;-1;-1;2;3;0;0;0;0;0;0;0;0;0;0;0;0;0;0;0;0;0;0;0;0;0;0;0;0;0;0;0;0;0;0;0;0;0;0;0;0;0;0;0;0;0;0;0;0;0;0;0;0;0;0;0;0;0;0;0;0;0;0;0;0;0;0;0;0;0;0;0;0;2;1;0;1;0;1;1;2017-04-08 14:30:00;1995;0;82;44;38;0;-1;1;-1;-1;-1;-1;-1;-1;0;1;2;2;1;4;-1;0;0;0;0;0;0;0;0;0;0;0;0;0;1;1;0;0;-1;-1;0;0;-1;-1;-1;-1;-1;-1;-1;-1;-1;13;69;88;94;94;63;75;88;63;11;0;5.25;3.69;NŠ Drava;Brežice;1.33;1.25;1.25;1.5;1.11;1.61;88;32;13;7;7;84;84;84;0;0;0;435;25;Y;Y;N;N;N;N;N
115065;1993;1968;2016/2017;complete;616;20;-1;52,62;;2;0;2;-1;-1;-1;-1;-1;3;1;0;0;-1;-1;-1;-1;-1;-1;-1;-1;-1;-1;3;1;0;0;0;0;0;0;0;0;0;0;0;0;0;0;0;0;0;0;0;0;0;0;0;0;0;0;0;0;0;0;0;0;0;0;0;0;0;0;0;0;0;0;0;0;0;0;0;0;0;0;0;0;0;0;0;0;0;0;0;0;0;0;0;0;0;0;0;0;2;0;0;2;0;2;0;2017-04-08 14:30:00;1993;0;47;13;35;0;-1;1;-1;-1;-1;-1;-1;-1;2;1;1;0;3;1;-1;0;0;0;0;0;0;0;0;0;0;0;0;0;1;1;0;0;-1;-1;0;0;-1;-1;-1;-1;-1;-1;-1;-1;-1;11;42;71;77;100;36;78;76;53;13.67;0;5.85;3.06;Veržej;Triglav;1.42;2.23;1.13;2.67;0.72;2.71;89;59;29;24;0;67;67;67;0;0;0;435;25;Y;Y;N;N;N;N;N
115066;1990;1967;2016/2017;complete;616;20;-1;66;10,36,46;1;3;4;-1;-1;-1;-1;-1;3;3;0;1;-1;-1;-1;-1;-1;-1;-1;-1;-1;-1;3;4;0;0;0;0;0;0;0;0;0;0;0;0;0;0;0;0;0;0;0;0;0;0;0;0;0;0;0;0;0;0;0;0;0;0;0;0;0;0;0;0;0;0;0;0;0;0;0;0;0;0;0;0;0;0;0;0;0;0;0;0;0;0;0;0;0;0;0;0;4;0;2;1;1;2;2;2017-04-09 13:00:00;1967;0;54;36;18;0;-1;1;-1;-1;-1;-1;-1;-1;1;1;2;3;2;5;-1;0;0;0;0;0;0;0;0;0;0;0;0;0;1;1;0;1;-1;-1;0;0;-1;-1;-1;-1;-1;-1;-1;-1;-1;7;36;54;54;84;36;54;60;18;6.5;0;5.69;2.32;Brda Dobrovo;Ankaran Hrvatini;0.92;1.58;0.78;1.5;0.94;1.89;94;65;47;47;17;50;0;0;0;0;0;435;25;Y;Y;Y;Y;N;N;Y
115067;1986;1994;2016/2017;complete;616;20;-1;53;16,61,76,89;1;4;5;-1;-1;-1;-1;-1;2;2;0;0;-1;-1;-1;-1;-1;-1;-1;-1;-1;-1;2;2;0;0;0;0;0;0;0;0;0;0;0;0;0;0;0;0;0;0;0;0;0;0;0;0;0;0;0;0;0;0;0;0;0;0;0;0;0;0;0;0;0;0;0;0;0;0;0;0;0;0;0;0;0;0;0;0;0;0;0;0;0;0;0;0;0;0;0;0;5;0;1;1;3;4;1;2017-04-09 14:30:00;1994;0;50;19;13;0;-1;1;-1;-1;-1;-1;-1;-1;0;1;2;1;1;3;-1;0;0;0;0;0;0;0;0;0;0;0;0;0;1;1;0;0;-1;-1;0;0;-1;-1;-1;-1;-1;-1;-1;-1;-1;26;38;63;82;100;51;75;100;25;7;0;5.76;3.13;Kranj;Dob;0.75;2.17;0.75;2.13;0.89;2.11;76;63;38;19;0;50;50;50;0;0;0;435;25;Y;Y;Y;Y;Y;N;Y
115068;1968;1986;2016/2017;complete;616;21;-1;25,39,80;;3;0;3;-1;-1;-1;-1;-1;3;2;0;0;-1;-1;-1;-1;-1;-1;-1;-1;-1;-1;3;2;0;0;0;0;0;0;0;0;0;0;0;0;0;0;0;0;0;0;0;0;0;0;0;0;0;0;0;0;0;0;0;0;0;0;0;0;0;0;0;0;0;0;0;0;0;0;0;0;0;0;0;0;0;0;0;0;0;0;0;0;0;0;0;0;0;0;0;0;3;2;0;1;0;1;2;2017-04-15 14:30:00;1968;0;40;23;13;0;-1;1;-1;-1;-1;-1;-1;-1;1;1;2;1;2;3;-1;0;0;0;0;0;0;0;0;0;0;0;0;0;1;1;0;0;-1;-1;0;0;-1;-1;-1;-1;-1;-1;-1;-1;-1;5;45;68;73;94;45;52;94;50;12;0;4.87;2.84;Triglav;Kranj;2.67;1.08;2.75;1;2.56;0.84;95;55;33;28;7;75;50;50;0;0;0;435;25;Y;Y;Y;N;N;N;N
115069;1994;1990;2016/2017;complete;616;21;-1;2,55;30;2;1;3;-1;-1;-1;-1;-1;2;1;0;0;-1;-1;-1;-1;-1;-1;-1;-1;-1;-1;2;1;0;0;0;0;0;0;0;0;0;0;0;0;0;0;0;0;0;0;0;0;0;0;0;0;0;0;0;0;0;0;0;0;0;0;0;0;0;0;0;0;0;0;0;0;0;0;0;0;0;0;0;0;0;0;0;0;0;0;0;0;0;0;0;0;0;0;0;0;3;1;1;1;0;1;2;2017-04-15 14:30:00;1994;0;36;21;26;0;-1;1;-1;-1;-1;-1;-1;-1;1;0;1;1;1;2;-1;0;0;0;0;0;0;0;0;0;0;0;0;0;1;1;1;0;-1;-1;0;0;-1;-1;-1;-1;-1;-1;-1;-1;-1;31;42;47;57;85;42;74;58;47;13.5;0;4.73;2.87;Dob;Brda Dobrovo;2.15;1.17;2.1;1.11;2.16;0.89;69;59;54;43;16;100;100;100;0;0;0;435;25;Y;Y;Y;N;N;N;Y
115070;1988;1978;2016/2017;complete;616;21;-1;72,76;4,56;2;2;4;-1;-1;-1;-1;-1;0;4;0;1;-1;-1;-1;-1;-1;-1;-1;-1;-1;-1;0;5;0;0;0;0;0;0;0;0;0;0;0;0;0;0;0;0;0;0;0;0;0;0;0;0;0;0;0;0;0;0;0;0;0;0;0;0;0;0;0;0;0;0;0;0;0;0;0;0;0;0;0;0;0;0;0;0;0;0;0;0;0;0;0;0;0;0;0;0;4;0;1;2;1;3;1;2017-04-15 14:30:00;-1;0;57;23;28;0;-1;1;-1;-1;-1;-1;-1;-1;0;1;0;4;1;4;-1;0;0;0;0;0;0;0;0;0;0;0;0;0;1;1;0;1;-1;-1;0;0;-1;-1;-1;-1;-1;-1;-1;-1;-1;23;35;58;79;89;29;50;89;58;2;0;5.55;2.89;Brežice;Krka;1.62;1.33;1.7;1.75;1.53;1.28;78;65;43;22;12;0;0;0;0;0;0;435;25;Y;Y;Y;Y;N;N;Y
115071;1967;1995;2016/2017;complete;616;21;-1;;;0;0;0;-1;-1;-1;-1;-1;2;2;0;0;-1;-1;-1;-1;-1;-1;-1;-1;-1;-1;2;2;0;0;0;0;0;0;0;0;0;0;0;0;0;0;0;0;0;0;0;0;0;0;0;0;0;0;0;0;0;0;0;0;0;0;0;0;0;0;0;0;0;0;0;0;0;0;0;0;0;0;0;0;0;0;0;0;0;0;0;0;0;0;0;0;0;0;0;0;0;0;0;0;0;0;0;2017-04-15 16:00:00;-1;0;55;20;35;0;-1;1;-1;-1;-1;-1;-1;-1;0;1;2;1;1;3;-1;0;0;0;0;0;0;0;0;0;0;0;0;0;1;1;0;0;-1;-1;0;0;-1;-1;-1;-1;-1;-1;-1;-1;-1;30;50;80;85;100;40;80;75;70;13;0;4.5;3.55;Ankaran Hrvatini;NŠ Drava;2.08;1.15;2.2;1;1.95;1.21;70;50;20;15;0;100;100;100;0;0;0;435;25;N;N;N;N;N;N;N
115072;1978;1967;2016/2017;complete;616;22;-1;;16,55;0;2;2;-1;-1;-1;-1;-1;3;1;1;0;-1;-1;-1;-1;-1;-1;-1;-1;-1;-1;5;1;0;0;0;0;0;0;0;0;0;0;0;0;0;0;0;0;0;0;0;0;0;0;0;0;0;0;0;0;0;0;0;0;0;0;0;0;0;0;0;0;0;0;0;0;0;0;0;0;0;0;0;0;0;0;0;0;0;0;0;0;0;0;0;0;0;0;0;0;2;0;1;0;1;1;1;2017-04-22 15:00:00;1967;0;59;27;31;0;-1;1;-1;-1;-1;-1;-1;-1;1;1;3;0;2;3;-1;0;0;0;0;0;0;0;0;0;0;0;0;0;1;1;0;0;-1;-1;0;1;-1;-1;-1;-1;-1;-1;-1;-1;-1;21;42;64;69;100;48;69;79;41;5;0;5.92;3.1;Krka;Ankaran Hrvatini;0.69;1.58;0.9;1.67;1.26;1.9;80;58;37;32;0;34;34;34;0;0;0;435;25;Y;Y;N;N;N;N;N
115073;1995;1994;2016/2017;complete;616;22;-1;82;79,85;1;2;3;-1;-1;-1;-1;-1;4;3;0;0;-1;-1;-1;-1;-1;-1;-1;-1;-1;-1;4;3;0;0;0;0;0;0;0;0;0;0;0;0;0;0;0;0;0;0;0;0;0;0;0;0;0;0;0;0;0;0;0;0;0;0;0;0;0;0;0;0;0;0;0;0;0;0;0;0;0;0;0;0;0;0;0;0;0;0;0;0;0;0;0;0;0;0;0;0;3;0;0;1;2;3;0;2017-04-22 15:00:00;1994;0;67;39;28;0;-1;1;-1;-1;-1;-1;-1;-1;1;0;3;3;1;6;-1;0;0;0;0;0;0;0;0;0;0;0;0;0;1;1;0;0;-1;-1;1;0;-1;-1;-1;-1;-1;-1;-1;-1;-1;22;45;78;95;100;62;78;100;45;12;0;5.45;3.56;NŠ Drava;Dob;1.33;2.17;1.44;2.22;1.2;2.2;78;56;22;6;0;100;100;100;0;0;0;435;25;Y;Y;Y;N;N;N;Y
115074;1990;1968;2016/2017;complete;616;22;-1;14,37;80,86;2;2;4;-1;-1;-1;-1;-1;2;4;0;1;-1;-1;-1;-1;-1;-1;-1;-1;-1;-1;2;5;0;0;0;0;0;0;0;0;0;0;0;0;0;0;0;0;0;0;0;0;0;0;0;0;0;0;0;0;0;0;0;0;0;0;0;0;0;0;0;0;0;0;0;0;0;0;0;0;0;0;0;0;0;0;0;0;0;0;0;0;0;0;0;0;0;0;0;0;4;2;0;0;2;2;2;2017-04-23 13:00:00;-1;0;50;10;40;0;-1;1;-1;-1;-1;-1;-1;-1;2;2;0;3;4;3;-1;0;0;0;0;0;0;0;0;1;0;1;0;0;1;1;0;0;-1;-1;1;0;-1;-1;-1;-1;-1;-1;-1;-1;-1;10;35;55;65;85;25;55;75;50;12.17;0;5.6;2.55;Brda Dobrovo;Triglav;0.92;2.23;0.7;2.4;0.85;2.58;90;65;45;35;15;67;17;17;0;0;0;435;25;Y;Y;Y;Y;N;N;Y
115075;1986;1993;2016/2017;complete;616;22;-1;55,70;;2;0;2;-1;-1;-1;-1;-1;2;0;0;1;-1;-1;-1;-1;-1;-1;-1;-1;-1;-1;2;2;0;0;0;0;0;0;0;0;0;0;0;0;0;0;0;0;0;0;0;0;0;0;0;0;0;0;0;0;0;0;0;0;0;0;0;0;0;0;0;0;0;0;0;0;0;0;0;0;0;0;0;0;0;0;0;0;0;0;0;0;0;0;0;0;0;0;0;0;2;0;0;2;0;2;0;2017-04-23 15:00:00;1986;0;43;11;16;0;-1;1;-1;-1;-1;-1;-1;-1;1;0;1;1;1;2;-1;0;0;0;0;0;0;0;1;0;1;0;0;0;1;1;0;0;-1;-1;0;0;-1;-1;-1;-1;-1;-1;-1;-1;-1;32;38;59;64;80;22;59;80;37;3;0;5.68;2.77;Kranj;Veržej;0.75;0.31;0.67;0.4;0.8;0.84;68;62;42;36;20;50;0;0;0;0;0;435;25;Y;Y;N;N;N;N;N
115076;1993;1990;2016/2017;complete;616;23;-1;;;0;0;0;-1;-1;-1;-1;-1;4;3;1;1;-1;-1;-1;-1;-1;-1;-1;-1;-1;-1;6;4;0;0;0;0;0;0;0;0;0;0;0;0;0;0;0;0;0;0;0;0;0;0;0;0;0;0;0;0;0;0;0;0;0;0;0;0;0;0;0;0;0;0;0;0;0;0;0;0;0;0;0;0;0;0;0;0;0;0;0;0;0;0;0;0;0;0;0;0;0;0;0;0;0;0;0;2017-04-29 15:00:00;-1;0;32;21;16;0;-1;1;-1;-1;-1;-1;-1;-1;1;2;4;2;3;6;-1;0;0;0;0;0;0;0;0;0;0;0;0;0;1;1;0;0;-1;-1;0;0;-1;-1;-1;-1;-1;-1;-1;-1;-1;10;37;54;64;95;42;79;64;37;11.5;0;4.23;2.65;Veržej;Brda Dobrovo;1.42;1.17;1.33;1;0.8;0.86;90;63;47;36;5;100;100;100;0;0;0;435;25;N;N;N;N;N;N;N
115077;1994;1978;2016/2017;complete;616;23;-1;41;;1;0;1;-1;-1;-1;-1;-1;3;2;0;0;-1;-1;-1;-1;-1;-1;-1;-1;-1;-1;3;2;0;0;0;0;0;0;0;0;0;0;0;0;0;0;0;0;0;0;0;0;0;0;0;0;0;0;0;0;0;0;0;0;0;0;0;0;0;0;0;0;0;0;0;0;0;0;0;0;0;0;0;0;0;0;0;0;0;0;0;0;0;0;0;0;0;0;0;0;1;1;0;0;0;0;1;2017-04-29 15:00:00;1994;0;61;29;30;0;-1;1;-1;-1;-1;-1;-1;-1;0;2;3;0;2;3;-1;0;0;0;0;0;0;0;1;0;1;0;0;0;1;1;0;0;-1;-1;0;0;-1;-1;-1;-1;-1;-1;-1;-1;-1;29;51;71;81;86;44;65;77;67;12;0;5.11;3.4;Dob;Krka;2.15;1.33;2.18;1.67;2.24;1.2;71;50;29;19;15;50;50;50;0;0;0;435;25;Y;N;N;N;N;N;N
115078;1967;1988;2016/2017;complete;616;23;-1;17;;1;0;1;-1;-1;-1;-1;-1;1;1;0;0;-1;-1;-1;-1;-1;-1;-1;-1;-1;-1;1;1;0;0;0;0;0;0;0;0;0;0;0;0;0;0;0;0;0;0;0;0;0;0;0;0;0;0;0;0;0;0;0;0;0;0;0;0;0;0;0;0;0;0;0;0;0;0;0;0;0;0;0;0;0;0;0;0;0;0;0;0;0;0;0;0;0;0;0;0;1;1;0;0;0;0;1;2017-04-29 15:00:00;1967;0;47;16;21;0;-1;1;-1;-1;-1;-1;-1;-1;0;1;1;0;1;1;-1;0;0;0;0;0;0;0;0;0;0;0;0;0;1;1;0;0;-1;-1;0;0;-1;-1;-1;-1;-1;-1;-1;-1;-1;9;47;66;81;90;36;67;71;60;15;0;4.74;2.97;Ankaran Hrvatini;Brežice;2.08;1.25;2.09;1.33;1.95;1.5;91;53;35;19;10;84;84;84;0;0;0;435;25;Y;N;N;N;N;N;N
115079;1968;1995;2016/2017;complete;616;23;-1;13,38,82;40,49,70;3;3;6;-1;-1;-1;-1;-1;5;1;0;1;-1;-1;-1;-1;-1;-1;-1;-1;-1;-1;5;2;0;0;0;0;0;0;0;0;0;0;0;0;0;0;0;0;0;0;0;0;0;0;0;0;0;0;0;0;0;0;0;0;0;0;0;0;0;0;0;0;0;0;0;0;0;0;0;0;0;0;0;0;0;0;0;0;0;0;0;0;0;0;0;0;0;0;0;0;6;2;1;1;2;3;3;2017-04-30 13:00:00;-1;0;59;25;39;0;-1;1;-1;-1;-1;-1;-1;-1;3;0;2;2;3;4;-1;0;0;0;0;0;0;0;1;0;1;0;0;0;1;1;0;0;-1;-1;0;0;-1;-1;-1;-1;-1;-1;-1;-1;-1;18;54;80;80;90;51;79;81;54;9.5;0;4.9;3.27;Triglav;NŠ Drava;2.67;1.15;2.78;1;2.5;1.14;82;46;20;20;10;75;75;75;0;0;0;435;25;Y;Y;Y;Y;Y;Y;Y
115080;1988;1994;2016/2017;complete;616;24;-1;68;31,37,52,62,71,75;1;6;7;3;9;12;-1;-1;6;1;0;0;2;7;0;0;2;7;-1;-1;-1;-1;6;1;0;0;0;0;0;0;0;0;0;0;0;0;0;0;0;0;0;0;0;0;0;0;0;0;0;0;0;0;0;0;0;0;0;0;0;0;0;0;0;0;0;0;0;0;0;0;0;0;0;0;0;0;0;0;0;0;0;0;0;0;0;0;0;0;0;0;0;0;7;0;2;1;4;5;2;2017-05-06 12:00:00;1994;0;58;19;33;0;-1;1;-1;-1;-1;-1;-1;-1;3;0;3;1;3;4;-1;0;0;0;0;0;0;0;0;2;0;2;0;0;1;1;0;0;-1;-1;0;0;-1;-1;-1;-1;-1;-1;-1;-1;-1;19;29;58;82;96;34;63;96;43;6;0;6.25;2.88;Brežice;Dob;1.62;2.17;1.64;2.3;1.43;2.27;81;72;43;19;5;50;50;50;0;0;0;435;25;Y;Y;Y;Y;Y;Y;Y
115081;1978;1968;2016/2017;complete;616;24;-1;48,85;29,74,90;2;3;5;-1;-1;-1;-1;-1;2;4;0;2;-1;-1;-1;-1;-1;-1;-1;-1;-1;-1;2;6;0;0;0;0;0;0;0;0;0;0;0;0;0;0;0;0;0;0;0;0;0;0;0;0;0;0;0;0;0;0;0;0;0;0;0;0;0;0;0;0;0;0;0;0;0;0;0;0;0;0;0;0;0;0;0;0;0;0;0;0;0;0;0;0;0;0;0;0;5;0;1;2;2;4;1;2017-05-06 15:00:00;1968;0;50;5;41;0;-1;1;-1;-1;-1;-1;-1;-1;1;2;1;4;3;5;-1;0;0;0;0;0;0;0;1;0;1;0;0;0;1;1;0;0;-1;-1;0;0;-1;-1;-1;-1;-1;-1;-1;-1;-1;23;36;60;78;100;32;69;91;64;10.67;0;6.09;3.14;Krka;Triglav;0.69;2.23;0.82;2.27;1.14;2.43;78;64;41;23;0;50;50;50;0;0;0;435;25;Y;Y;Y;Y;Y;N;Y
115082;1995;1993;2016/2017;complete;616;24;-1;28,31,76;44;3;1;4;-1;-1;-1;-1;-1;1;3;0;0;-1;-1;-1;-1;-1;-1;-1;-1;-1;-1;1;3;0;0;0;0;0;0;0;0;0;0;0;0;0;0;0;0;0;0;0;0;0;0;0;0;0;0;0;0;0;0;0;0;0;0;0;0;0;0;0;0;0;0;0;0;0;0;0;0;0;0;0;0;0;0;0;0;0;0;0;0;0;0;0;0;0;0;0;0;4;2;1;1;0;1;3;2017-05-06 15:00:00;1995;0;54;30;25;0;-1;1;-1;-1;-1;-1;-1;-1;0;0;1;3;0;4;-1;0;0;0;0;0;0;0;0;0;0;0;0;0;1;1;0;0;-1;-1;0;0;-1;-1;-1;-1;-1;-1;-1;-1;-1;19;34;68;78;82;35;53;82;53;8;0;5.62;2.95;NŠ Drava;Veržej;1.33;0.31;1.3;0.36;1.14;0.81;81;66;33;23;18;100;50;50;0;0;0;435;25;Y;Y;Y;Y;N;N;Y
115083;1990;1986;2016/2017;complete;616;24;-1;27;67;1;1;2;1;6;7;-1;-1;3;4;0;0;6;6;4;3;10;9;-1;-1;48;52;3;4;0;0;0;0;0;0;0;0;0;0;0;0;0;0;0;0;0;0;0;0;0;0;0;0;0;0;0;0;0;0;0;0;0;0;0;0;0;0;0;0;0;0;0;0;0;0;0;0;0;0;0;0;0;0;0;0;0;0;0;0;0;0;0;0;0;0;0;0;2;1;0;0;1;1;1;2017-05-07 15:00:00;-1;0;41;18;14;0;-1;1;-1;-1;-1;-1;-1;-1;1;1;2;3;2;5;-1;0;0;0;0;0;0;0;1;0;1;0;0;0;1;1;0;0;-1;-1;0;0;-1;-1;-1;-1;-1;-1;-1;-1;-1;5;41;60;64;87;41;50;82;41;12;0;4.82;2.55;Brda Dobrovo;Kranj;0.92;1.08;0.73;0.91;0.86;0.9;96;60;41;36;14;100;25;25;0;0;0;435;25;Y;Y;N;N;N;N;Y
115084;1994;1967;2016/2017;complete;616;25;-1;61,90;52,69;2;2;4;9;4;13;-1;-1;2;1;0;0;5;8;7;5;12;13;-1;-1;-1;-1;2;1;0;0;0;0;0;0;0;0;0;0;0;0;0;0;0;0;0;0;0;0;0;0;0;0;0;0;0;0;0;0;0;0;0;0;0;0;0;0;0;0;0;0;0;0;0;0;0;0;0;0;0;0;0;0;0;0;0;0;0;0;0;0;0;0;0;0;0;0;4;0;0;2;2;4;0;2017-05-13 13:00:00;-1;0;55;37;23;0;-1;1;-1;-1;-1;-1;-1;-1;0;1;2;0;1;2;-1;0;0;0;0;0;0;0;0;0;0;0;0;0;1;1;0;0;-1;-1;0;0;-1;-1;-1;-1;-1;-1;-1;-1;-1;22;41;59;69;92;50;73;64;35;10;0;6;2.99;Dob;Ankaran Hrvatini;2.15;1.58;2.25;1.8;2.3;2;79;59;41;32;9;50;50;50;0;0;0;435;25;Y;Y;Y;Y;N;N;Y
115085;1986;1995;2016/2017;complete;616;25;-1;8,30;47,58,76;2;3;5;-1;-1;-1;-1;-1;2;2;0;0;-1;-1;-1;-1;-1;-1;-1;-1;-1;-1;2;2;0;0;0;0;0;0;0;0;0;0;0;0;0;0;0;0;0;0;0;0;0;0;0;0;0;0;0;0;0;0;0;0;0;0;0;0;0;0;0;0;0;0;0;0;0;0;0;0;0;0;0;0;0;0;0;0;0;0;0;0;0;0;0;0;0;0;0;0;5;2;0;0;3;3;2;2017-05-13 15:00:00;1995;0;63;22;39;0;-1;1;-1;-1;-1;-1;-1;-1;1;0;1;2;1;3;-1;0;0;0;0;0;0;0;0;0;0;0;0;0;1;1;1;0;-1;-1;0;0;-1;-1;-1;-1;-1;-1;-1;-1;-1;41;59;72;82;96;40;81;88;54;4;0;4.95;3.57;Kranj;NŠ Drava;0.75;1.15;0.9;1;0.91;1.22;59;42;29;19;4;50;50;50;0;0;0;435;25;Y;Y;Y;Y;Y;N;Y
115086;1993;1978;2016/2017;complete;616;25;-1;33,83;60,85;2;2;4;4;6;10;-1;-1;4;2;0;0;7;5;9;11;16;16;-1;-1;47;53;4;2;0;0;0;0;0;0;0;0;0;0;0;0;0;0;0;0;0;0;0;0;0;0;0;0;0;0;0;0;0;0;0;0;0;0;0;0;0;0;0;0;0;0;0;0;0;0;0;0;0;0;0;0;0;0;0;0;0;0;0;0;0;0;0;0;0;0;0;0;4;1;0;1;2;3;1;2017-05-13 15:00:00;-1;0;45;20;20;0;-1;1;-1;-1;-1;-1;-1;-1;2;0;2;2;2;4;-1;0;0;0;0;0;0;0;0;0;0;0;0;0;1;1;0;0;-1;-1;0;0;-1;-1;-1;-1;-1;-1;-1;-1;-1;10;45;65;75;90;35;65;70;55;10;0;5.1;2.9;Veržej;Krka;1.42;1.33;1.3;1.5;0.77;1.09;90;55;35;25;10;50;50;50;0;0;0;435;25;Y;Y;Y;Y;N;N;Y
115087;1968;1988;2016/2017;complete;616;25;-1;1,49,56,62;;4;0;4;4;1;5;-1;-1;1;2;0;0;10;4;7;3;17;7;-1;-1;-1;-1;1;2;0;0;0;0;0;0;0;0;0;0;0;0;0;0;0;0;0;0;0;0;0;0;0;0;0;0;0;0;0;0;0;0;0;0;0;0;0;0;0;0;0;0;0;0;0;0;0;0;0;0;0;0;0;0;0;0;0;0;0;0;0;0;0;0;0;0;0;0;4;1;0;3;0;3;1;2017-05-14 15:00:00;1968;0;55;25;30;0;-1;1;-1;-1;-1;-1;-1;-1;1;1;0;1;2;1;-1;0;0;0;0;0;0;0;0;0;0;0;0;0;1;1;1;0;-1;-1;0;0;-1;-1;-1;-1;-1;-1;-1;-1;-1;5;55;70;80;90;50;75;80;50;11.5;0;5.29;3.05;Triglav;Brežice;2.67;1.25;2.6;1.2;2.45;1.36;95;45;30;20;10;59;59;59;0;0;0;435;25;Y;Y;Y;Y;N;N;N
115088;1967;1968;2016/2017;complete;616;26;-1;16,81,89;10,65,76;3;3;6;3;5;8;-1;-1;4;4;0;0;8;7;7;5;15;12;-1;-1;-1;-1;4;4;0;0;0;0;0;0;0;0;0;0;0;0;0;0;0;0;0;0;0;0;0;0;0;0;0;0;0;0;0;0;0;0;0;0;0;0;0;0;0;0;0;0;0;0;0;0;0;0;0;0;0;0;0;0;0;0;0;0;0;0;0;0;0;0;0;0;0;0;6;1;1;2;2;4;2;2017-05-20 15:00:00;-1;0;42;4;29;0;-1;1;-1;-1;-1;-1;-1;-1;1;1;3;3;2;6;-1;0;0;0;0;0;0;0;1;0;1;0;0;0;1;1;0;1;-1;-1;1;0;-1;-1;-1;-1;-1;-1;-1;-1;-1;21;34;63;75;96;25;63;75;67;15.67;0;5.5;2.96;Ankaran Hrvatini;Triglav;2.08;2.23;2.17;2.33;1.96;2.48;79;67;38;25;4;67;67;67;0;0;0;435;25;Y;Y;Y;Y;Y;Y;Y
115089;1988;1993;2016/2017;complete;616;26;-1;4,23,39,54;63;4;1;5;6;10;16;-1;-1;2;4;0;0;8;4;0;3;8;7;-1;-1;-1;-1;2;4;0;0;0;0;0;0;0;0;0;0;0;0;0;0;0;0;0;0;0;0;0;0;0;0;0;0;0;0;0;0;0;0;0;0;0;0;0;0;0;0;0;0;0;0;0;0;0;0;0;0;0;0;0;0;0;0;0;0;0;0;0;0;0;0;0;0;0;0;5;3;0;1;1;2;3;2017-05-20 15:00:00;1988;0;46;17;25;0;-1;1;-1;-1;-1;-1;-1;-1;0;0;2;4;0;6;-1;0;0;0;0;0;0;0;0;0;0;0;0;0;1;1;1;0;-1;-1;0;0;-1;-1;-1;-1;-1;-1;-1;-1;-1;21;29;50;67;80;21;50;80;46;5;0;6.5;2.59;Brežice;Veržej;1.62;0.31;1.5;0.33;1.3;0.78;79;71;50;34;21;100;50;50;0;0;0;435;25;Y;Y;Y;Y;Y;N;Y
115090;1978;1986;2016/2017;complete;616;26;-1;;50,56,84;0;3;3;8;2;10;-1;-1;1;1;0;0;-1;-1;-1;-1;-1;-1;-1;-1;-1;-1;1;1;0;0;0;0;0;0;0;0;0;0;0;0;0;0;0;0;0;0;0;0;0;0;0;0;0;0;0;0;0;0;0;0;0;0;0;0;0;0;0;0;0;0;0;0;0;0;0;0;0;0;0;0;0;0;0;0;0;0;0;0;0;0;0;0;0;0;0;0;3;0;0;0;3;3;0;2017-05-20 15:00:00;1986;0;42;13;21;0;-1;1;-1;-1;-1;-1;-1;-1;0;0;1;1;0;2;-1;0;0;0;0;0;0;0;0;0;0;0;0;0;1;1;0;0;-1;-1;0;0;-1;-1;-1;-1;-1;-1;-1;-1;-1;21;38;58;75;100;38;63;96;50;10.67;0;5.25;3.04;Krka;Kranj;0.69;1.08;0.75;0.92;1.09;0.87;80;63;42;25;0;67;50;50;0;0;0;435;25;Y;Y;Y;N;N;N;N
115091;1995;1990;2016/2017;complete;616;26;-1;11;8,15,17,25,46,75;1;6;7;9;6;15;-1;-1;5;2;0;0;-1;-1;-1;-1;-1;-1;-1;-1;-1;-1;5;2;0;0;0;0;0;0;0;0;0;0;0;0;0;0;0;0;0;0;0;0;0;0;0;0;0;0;0;0;0;0;0;0;0;0;0;0;0;0;0;0;0;0;0;0;0;0;0;0;0;0;0;0;0;0;0;0;0;0;0;0;0;0;0;0;0;0;0;0;7;1;4;0;2;2;5;2017-05-20 15:00:00;1990;0;55;37;27;0;-1;1;-1;-1;-1;-1;-1;-1;1;0;4;2;1;6;-1;0;0;0;0;0;0;0;0;1;0;1;0;0;1;1;0;1;-1;-1;0;0;-1;-1;-1;-1;-1;-1;-1;-1;-1;18;41;64;73;91;50;73;78;41;9.5;0;4.44;3;NŠ Drava;Brda Dobrovo;1.33;1.17;1.45;1;1.29;0.87;82;59;37;28;9;100;100;100;0;0;0;435;25;Y;Y;Y;Y;Y;Y;Y
115092;1968;1994;2016/2017;complete;616;27;-1;33,41,46,51,57;90;5;1;6;4;3;7;-1;-1;2;2;0;0;9;5;10;5;19;10;-1;-1;-1;-1;2;2;0;0;0;0;0;0;0;0;0;0;0;0;0;0;0;0;0;0;0;0;0;0;0;0;0;0;0;0;0;0;0;0;0;0;0;0;0;0;0;0;0;0;0;0;0;0;0;0;0;0;0;0;0;0;0;0;0;0;0;0;0;0;0;0;0;0;0;0;6;2;0;3;1;4;2;2017-05-26 15:00:00;1968;0;55;23;32;0;-1;1;-1;-1;-1;-1;-1;-1;0;0;2;2;0;4;-1;0;0;0;0;0;0;0;2;0;2;0;0;0;1;1;0;0;-1;-1;0;0;-1;-1;-1;-1;-1;-1;-1;-1;-1;18;46;78;87;96;55;73;96;50;13.17;0;5.34;3.41;Triglav;Dob;2.67;2.17;2.64;2.36;2.42;2.25;82;55;23;14;5;67;67;67;0;0;0;435;25;Y;Y;Y;Y;Y;Y;Y
115093;1990;1978;2016/2017;complete;616;27;-1;61,64,89;;3;0;3;2;2;4;-1;-1;2;4;0;0;6;3;2;4;8;7;-1;-1;-1;-1;2;4;0;0;0;0;0;0;0;0;0;0;0;0;0;0;0;0;0;0;0;0;0;0;0;0;0;0;0;0;0;0;0;0;0;0;0;0;0;0;0;0;0;0;0;0;0;0;0;0;0;0;0;0;0;0;0;0;0;0;0;0;0;0;0;0;0;0;0;0;3;0;0;3;0;3;0;2017-05-27 15:00:00;1990;0;61;18;31;0;-1;1;-1;-1;-1;-1;-1;-1;0;3;2;1;3;3;-1;0;0;0;0;0;0;0;0;0;0;0;0;0;1;1;0;0;-1;-1;0;0;-1;-1;-1;-1;-1;-1;-1;-1;-1;9;49;62;70;83;30;61;75;53;8.67;0;4.67;2.76;Brda Dobrovo;Krka;0.92;1.33;0.75;1.45;0.96;1.04;91;52;39;30;17;59;25;0;0;0;0;435;25;Y;Y;Y;N;N;N;N
115094;1986;1988;2016/2017;complete;616;27;-1;34,85;14,29,68;2;3;5;7;3;10;-1;-1;1;2;0;0;3;4;7;6;10;10;-1;-1;56;44;1;2;0;0;0;0;0;0;0;0;0;0;0;0;0;0;0;0;0;0;0;0;0;0;0;0;0;0;0;0;0;0;0;0;0;0;0;0;0;0;0;0;0;0;0;0;0;0;0;0;0;0;0;0;0;0;0;0;0;0;0;0;0;0;0;0;0;0;0;0;5;1;2;1;1;2;3;2017-05-27 15:00:00;1988;0;55;14;23;0;-1;1;-1;-1;-1;-1;-1;-1;1;1;0;1;2;1;-1;0;0;0;0;0;0;0;0;0;0;0;0;0;1;1;0;0;-1;-1;0;1;-1;-1;-1;-1;-1;-1;-1;-1;-1;23;60;64;82;96;36;78;87;50;5;0;5;3.23;Kranj;Brežice;0.75;1.25;0.82;1.09;0.96;1.38;78;41;36;18;5;25;25;25;0;0;0;435;25;Y;Y;Y;Y;Y;N;Y
115095;1993;1967;2016/2017;complete;616;27;-1;30,54,70,81;;4;0;4;-1;-1;-1;-1;-1;1;0;0;0;-1;-1;-1;-1;-1;-1;-1;-1;-1;-1;1;0;0;0;0;0;0;0;0;0;0;0;0;0;0;0;0;0;0;0;0;0;0;0;0;0;0;0;0;0;0;0;0;0;0;0;0;0;0;0;0;0;0;0;0;0;0;0;0;0;0;0;0;0;0;0;0;0;0;0;0;0;0;0;0;0;0;0;0;0;4;1;0;3;0;3;1;2017-05-27 15:00:00;1993;0;50;27;23;0;-1;1;-1;-1;-1;-1;-1;-1;1;0;0;0;1;0;-1;0;0;0;0;0;0;0;0;0;0;0;0;0;1;1;0;0;-1;-1;0;0;-1;-1;-1;-1;-1;-1;-1;-1;-1;5;45;64;73;96;41;69;69;36;10;0;5.91;2.82;Veržej;Ankaran Hrvatini;1.42;1.58;1.27;1.73;0.75;1.92;96;55;36;27;5;100;100;75;0;0;0;435;25;Y;Y;Y;Y;N;N;N
