ID;HOMEID;AWAYID;SEASON;STATUS;ROUNDID;GAME_WEEK;REVISED_GAME_WEEK;HOMEGOALS;AWAYGOALS;HOMEGOALCOUNT;AWAYGOALCOUNT;TOTALGOALCOUNT;TEAM_A_CORNERS;TEAM_B_CORNERS;TOTALCORNERCOUNT;TEAM_A_OFFSIDES;TEAM_B_OFFSIDES;TEAM_A_YELLOW_CARDS;TEAM_B_YELLOW_CARDS;TEAM_A_RED_CARDS;TEAM_B_RED_CARDS;TEAM_A_SHOTSONTARGET;TEAM_B_SHOTSONTARGET;TEAM_A_SHOTSOFFTARGET;TEAM_B_SHOTSOFFTARGET;TEAM_A_SHOTS;TEAM_B_SHOTS;TEAM_A_FOULS;TEAM_B_FOULS;TEAM_A_POSSESSION;TEAM_B_POSSESSION;TEAM_A_CARDS_NUM;TEAM_B_CARDS_NUM;ODDS_FT_1;ODDS_FT_X;ODDS_FT_2;ODDS_FT_OVER05;ODDS_FT_OVER15;ODDS_FT_OVER25;ODDS_FT_OVER35;ODDS_FT_OVER45;ODDS_FT_UNDER05;ODDS_FT_UNDER15;ODDS_FT_UNDER25;ODDS_FT_UNDER35;ODDS_FT_UNDER45;ODDS_BTTS_YES;ODDS_BTTS_NO;ODDS_TEAM_A_CS_YES;ODDS_TEAM_A_CS_NO;ODDS_TEAM_B_CS_YES;ODDS_TEAM_B_CS_NO;ODDS_DOUBLECHANCE_1X;ODDS_DOUBLECHANCE_12;ODDS_DOUBLECHANCE_X2;ODDS_1ST_HALF_RESULT_1;ODDS_1ST_HALF_RESULT_X;ODDS_1ST_HALF_RESULT_2;ODDS_2ND_HALF_RESULT_1;ODDS_2ND_HALF_RESULT_X;ODDS_2ND_HALF_RESULT_2;ODDS_DNB_1;ODDS_DNB_2;ODDS_CORNERS_OVER_75;ODDS_CORNERS_OVER_85;ODDS_CORNERS_OVER_95;ODDS_CORNERS_OVER_105;ODDS_CORNERS_OVER_115;ODDS_CORNERS_UNDER_75;ODDS_CORNERS_UNDER_85;ODDS_CORNERS_UNDER_95;ODDS_CORNERS_UNDER_105;ODDS_CORNERS_UNDER_115;ODDS_CORNERS_1;ODDS_CORNERS_X;ODDS_CORNERS_2;ODDS_TEAM_TO_SCORE_FIRST_1;ODDS_TEAM_TO_SCORE_FIRST_X;ODDS_TEAM_TO_SCORE_FIRST_2;ODDS_WIN_TO_NIL_1;ODDS_WIN_TO_NIL_2;ODDS_1ST_HALF_OVER05;ODDS_1ST_HALF_OVER15;ODDS_1ST_HALF_OVER25;ODDS_1ST_HALF_OVER35;ODDS_1ST_HALF_UNDER05;ODDS_1ST_HALF_UNDER15;ODDS_1ST_HALF_UNDER25;ODDS_1ST_HALF_UNDER35;ODDS_2ND_HALF_OVER05;ODDS_2ND_HALF_OVER15;ODDS_2ND_HALF_OVER25;ODDS_2ND_HALF_OVER35;ODDS_2ND_HALF_UNDER05;ODDS_2ND_HALF_UNDER15;ODDS_2ND_HALF_UNDER25;ODDS_2ND_HALF_UNDER35;ODDS_BTTS_1ST_HALF_YES;ODDS_BTTS_1ST_HALF_NO;ODDS_BTTS_2ND_HALF_YES;ODDS_BTTS_2ND_HALF_NO;OVERALLGOALCOUNT;HT_GOALS_TEAM_A;HT_GOALS_TEAM_B;GOALS_2HG_TEAM_A;GOALS_2HG_TEAM_B;GOALCOUNT_2HG;HTGOALCOUNT;DATE_UNIX;WINNINGTEAM;NO_HOME_AWAY;BTTS_POTENTIAL;BTTS_FHG_POTENTIAL;BTTS_2HG_POTENTIAL;GOALTIMINGDISABLED;CORNER_TIMINGS_RECORDED;CARD_TIMINGS_RECORDED;TEAM_A_FH_CORNERS;TEAM_B_FH_CORNERS;TEAM_A_2H_CORNERS;TEAM_B_2H_CORNERS;CORNER_FH_COUNT;CORNER_2H_COUNT;TEAM_A_FH_CARDS;TEAM_B_FH_CARDS;TEAM_A_2H_CARDS;TEAM_B_2H_CARDS;TOTAL_FH_CARDS;TOTAL_2H_CARDS;ATTACKS_RECORDED;TEAM_A_DANGEROUS_ATTACKS;TEAM_B_DANGEROUS_ATTACKS;TEAM_A_ATTACKS;TEAM_B_ATTACKS;TEAM_A_XG;TEAM_B_XG;TOTAL_XG;TEAM_A_PENALTIES_WON;TEAM_B_PENALTIES_WON;TEAM_A_PENALTY_GOALS;TEAM_B_PENALTY_GOALS;TEAM_A_PENALTY_MISSED;TEAM_B_PENALTY_MISSED;PENS_RECORDED;GOAL_TIMINGS_RECORDED;TEAM_A_0_10_MIN_GOALS;TEAM_B_0_10_MIN_GOALS;TEAM_A_CORNERS_0_10_MIN;TEAM_B_CORNERS_0_10_MIN;TEAM_A_CARDS_0_10_MIN;TEAM_B_CARDS_0_10_MIN;THROWINS_RECORDED;TEAM_A_THROWINS;TEAM_B_THROWINS;FREEKICKS_RECORDED;TEAM_A_FREEKICKS;TEAM_B_FREEKICKS;GOALKICKS_RECORDED;TEAM_A_GOALKICKS;TEAM_B_GOALKICKS;O45_POTENTIAL;O35_POTENTIAL;O25_POTENTIAL;O15_POTENTIAL;O05_POTENTIAL;O15HT_POTENTIAL;O05HT_POTENTIAL;O05_2H_POTENTIAL;O15_2H_POTENTIAL;CORNERS_POTENTIAL;OFFSIDES_POTENTIAL;CARDS_POTENTIAL;AVG_POTENTIAL;HOME_NAME;AWAY_NAME;HOME_PPG;AWAY_PPG;PRE_MATCH_HOME_PPG;PRE_MATCH_AWAY_PPG;PRE_MATCH_TEAMA_OVERALL_PPG;PRE_MATCH_TEAMB_OVERALL_PPG;U45_POTENTIAL;U35_POTENTIAL;U25_POTENTIAL;U15_POTENTIAL;U05_POTENTIAL;CORNERS_O85_POTENTIAL;CORNERS_O95_POTENTIAL;CORNERS_O105_POTENTIAL;TEAM_A_XG_PREMATCH;TEAM_B_XG_PREMATCH;TOTAL_XG_PREMATCH;COMPETITION_ID;MATCHES_COMPLETED_MINIMUM;OVER05;OVER15;OVER25;OVER35;OVER45;OVER55;BTTS
1001310;9749;423;2020;complete;55660;1;-1;;45,45,66;0;3;3;1;4;5;-1;-1;1;2;0;0;0;6;5;5;5;11;-1;-1;37;63;1;2;2.92;3.52;2.07;1.01;1.18;1.68;2.55;4.8;12;4.24;2.24;1.45;1.15;1.57;2.34;4.5;1.18;3.4;1.3;1.57;1.22;1.32;3.68;2.32;2.59;3.34;2.66;2.41;0;0;1.26;1.49;1.83;2.45;3.35;3.55;2.48;1.83;1.5;1.29;0;0;0;2.1;15;1.7;6.5;4.33;1.29;2.38;5.9;12;3.4;1.54;1.1;1.03;1.17;1.88;3.7;7.5;4.4;1.86;1.24;1.07;0;0;0;0;3;0;2;0;1;1;2;2020-06-27 12:00:00;423;0;0;0;0;0;1;1;1;1;0;3;2;3;0;1;1;1;1;2;1;43;59;127;124;0.65;1.55;2.2;0;0;0;0;0;0;1;1;0;0;0;1;0;0;-1;-1;-1;-1;-1;-1;-1;-1;-1;0;0;0;0;0;0;0;0;0;0;0;0;0;SJK Akatemia;EIF;1.09;1.36;0;0;0;0;0;0;0;0;0;0;0;0;0;0;0;3818;22;Y;Y;Y;N;N;N;N
1001311;421;426;2020;complete;55660;1;-1;7;25;1;1;2;3;5;8;2;1;3;4;0;0;4;4;0;0;4;4;15;9;50;50;3;4;1.62;3.88;4.68;1.03;1.2;1.7;2.62;5;15;4.33;2.1;1.44;1.17;1.73;2;2.62;1.44;6;1.12;1.18;1.2;2.2;2.25;2.38;4.75;1.95;2.75;4.33;0;0;0;0;0;0;0;0;0;0;0;0;0;0;0;0;0;0;0;0;1.33;2.5;6;17;3.25;1.5;1.12;1.02;1.18;1.83;3.75;9;4.5;1.83;1.25;1.07;0;0;0;0;2;1;1;0;0;0;2;2020-06-27 14:00:00;-1;0;0;0;0;0;1;1;2;1;1;4;3;5;1;2;2;2;3;4;1;32;24;60;42;0.77;0.71;1.48;0;0;0;0;0;0;1;1;1;0;1;1;0;0;-1;-1;-1;-1;-1;-1;-1;-1;-1;0;0;0;0;0;0;0;0;0;0;0;0;0;KPV;KTP;1.27;2.64;0;0;0;0;0;0;0;0;0;0;0;0;0;0;0;3818;22;Y;Y;N;N;N;N;Y
1001312;6987;416;2020;complete;55660;1;-1;24,90;32,46;2;2;4;-1;-1;-1;-1;-1;2;2;0;1;-1;-1;-1;-1;-1;-1;-1;-1;-1;-1;2;3;2.4;3.5;2.45;1;1.16;1.57;2.45;4.25;11.5;4.2;2.15;1.44;1.16;1.5;2.3;4;1.22;4;1.22;1.42;1.25;1.42;3.02;2.33;3.04;2.78;2.67;2.8;0;0;0;0;0;0;0;0;0;0;0;0;0;0;0;1.85;13;1.9;5.5;5;1.3;2.31;5.7;11;3.2;1.57;1.11;1.03;1.16;1.85;3.5;7;4.6;1.89;1.26;1.08;0;0;0;0;4;1;1;1;1;2;2;2020-06-27 14:00:00;-1;0;0;0;0;0;-1;1;-1;-1;-1;-1;-1;-1;1;3;1;0;4;1;-1;0;0;0;0;0;0;0;0;0;0;0;0;0;1;1;0;0;-1;-1;0;0;-1;-1;-1;-1;-1;-1;-1;-1;-1;0;0;0;0;0;0;0;0;0;0;0;0;0;Kajaani;Jaro;0.91;1.64;0;0;0;0;0;0;0;0;0;0;0;0;0;0;0;3818;22;Y;Y;Y;Y;N;N;Y
1001313;425;419;2020;complete;55660;1;-1;4,50;;2;0;2;6;2;8;-1;-1;2;3;0;0;6;0;10;8;16;8;-1;-1;51;49;2;3;1.44;4.05;5.7;1.01;1.22;1.74;2.9;5.25;9.75;3.55;1.91;1.32;1.1;1.83;1.8;2.2;1.62;6;1.12;1.12;1.18;2.15;2.06;2.34;5.65;1.87;2.72;5.3;0;0;0;0;0;0;0;0;0;0;0;0;0;0;0;1.4;11;2.9;2.4;10;1.33;2.57;6.7;15;3.13;1.47;1.07;1.02;1.2;2.02;4.1;9;4;1.74;1.19;1.05;0;0;0;0;2;1;0;1;0;1;1;2020-06-27 14:00:00;425;0;0;0;0;0;1;1;4;1;2;1;5;3;0;1;2;2;1;4;1;68;53;122;114;1.92;0.9;2.83;0;0;0;0;0;0;1;1;1;0;0;0;0;0;-1;-1;-1;-1;-1;-1;-1;-1;-1;0;0;0;0;0;0;0;0;0;0;0;0;0;Oulu;Gnistan;2.18;0.82;0;0;0;0;0;0;0;0;0;0;0;0;0;0;0;3818;22;Y;Y;N;N;N;N;N
1001314;423;408;2020;complete;55660;1;-1;;;0;0;0;4;1;5;3;3;1;1;0;0;5;6;1;2;6;8;13;10;59;41;1;1;2.45;3.5;2.5;1.04;1.22;1.72;2.75;5;13;4;2.07;1.4;1.16;1.55;2.33;3.6;1.24;3.75;1.25;1.5;1.28;1.53;3.1;2.25;3.1;2.75;2.6;2.9;0;0;1.35;1.63;1.9;2.75;3.9;2.9;2.14;1.8;1.39;1.21;2.1;4.9;2.1;1.83;13;2.05;5;5;1.28;2.55;6.5;12;3.3;1.45;1.09;1.02;1.2;1.95;4.1;8;4;1.8;1.2;1.06;0;0;0;0;0;0;0;0;0;0;0;2020-07-04 13:00:00;-1;0;0;0;0;0;1;1;3;0;1;1;3;2;0;0;1;1;0;2;1;79;57;195;159;1.33;1.36;2.7;0;0;0;0;0;0;1;1;0;0;0;0;0;0;-1;-1;-1;-1;-1;-1;-1;-1;-1;0;0;0;0;0;0;0;0;0;0;0;0;0;EIF;VPS;2.09;1.64;0;0;3;0;0;0;0;0;0;0;0;0;0;0;0;3818;22;N;N;N;N;N;N;N
1001315;418;425;2020;complete;55660;2;-1;50;56,58;1;2;3;2;15;17;1;0;3;2;0;0;6;11;6;5;12;16;8;7;39;61;3;2;6.15;4.1;1.41;1.01;1.17;1.62;2.55;4.5;11;4.05;2.1;1.41;1.14;1.77;1.87;6.55;1.07;2;1.73;3;1.18;1.08;6.5;2.5;1.91;5.8;2.88;1.72;0;0;1.23;1.44;1.77;2.25;3;3.7;2.6;1.98;1.57;1.34;4.75;6.45;1.27;3.5;14;1.33;13;2.38;1.26;2.4;5.8;12;3.45;1.5;1.11;1.02;1.16;1.9;3.6;8;4.6;1.84;1.25;1.06;0;0;0;0;3;0;0;1;2;3;0;2020-07-04 14:00:00;425;0;0;0;0;0;1;1;2;12;0;3;14;3;2;0;1;2;2;3;1;29;47;68;87;1.39;2.12;3.5;0;0;0;0;0;0;1;1;0;0;0;0;0;0;-1;-1;-1;-1;-1;-1;-1;-1;-1;0;0;0;0;0;0;0;0;0;0;0;0;0;MYPA;Oulu;0.55;2.36;0;0;0;3;0;0;0;0;0;0;0;0;0;0;0;3818;22;Y;Y;Y;N;N;N;Y
1001316;9766;6987;2020;complete;55660;2;-1;;48,83;0;2;2;5;5;10;-1;-1;1;2;0;0;5;5;6;6;11;11;-1;-1;47;53;1;2;3;3.5;2.05;1;1.12;1.45;2.15;3.6;13.25;4.9;2.45;1.57;1.22;1.43;2.5;5.5;1.14;3.75;1.25;1.8;1.3;1.29;3.6;2.4;2.6;3.2;2.75;2.25;0;0;0;0;0;0;0;0;0;0;0;0;0;0;0;0;0;0;0;0;1.25;2.2;5;13;3.75;1.62;1.17;1.04;1.14;1.67;3.25;7;5.5;2.1;1.33;1.1;0;0;0;0;2;0;0;0;2;2;0;2020-07-04 14:00:00;6987;0;0;0;0;0;1;1;3;4;2;1;7;3;0;0;1;2;0;3;1;53;41;74;82;1.43;1.34;2.77;0;0;0;0;0;0;1;1;0;0;0;0;0;0;-1;-1;-1;-1;-1;-1;-1;-1;-1;0;0;0;0;0;0;0;0;0;0;0;0;0;MuSa;Kajaani;1.55;1.18;0;0;0;1;0;0;0;0;0;0;0;0;0;0;0;3818;22;Y;Y;N;N;N;N;N
1001317;9749;426;2020;complete;55660;2;-1;;25,45,63;0;3;3;6;10;16;1;3;2;0;0;0;5;6;4;6;9;12;12;9;43;57;2;0;5.05;4;1.51;1.01;1.17;1.59;2.5;4.35;11.25;4.1;2.1;1.43;1.15;1.67;2;6.5;1.11;2.5;1.5;2.25;1.22;1.12;5.5;2.4;2.1;4.75;2.75;1.83;0;0;0;0;0;0;0;0;0;0;0;0;0;0;0;0;0;0;0;0;1.3;2.5;6;17;3.4;1.5;1.12;1.02;1.18;1.83;3.75;9;4.5;1.83;1.25;1.07;0;0;0;0;3;0;2;0;1;1;2;2020-07-04 14:00:00;426;0;50;50;0;0;1;1;2;7;4;3;9;7;1;0;1;0;1;1;1;37;29;65;73;1.19;1.39;2.58;0;0;0;0;0;0;1;1;0;0;1;3;0;0;-1;-1;-1;-1;-1;-1;-1;-1;-1;0;0;50;100;100;100;100;50;0;6;0;5;2.5;SJK Akatemia;KTP;1.09;2.64;0;1;0;1;100;100;50;0;0;0;0;0;0.65;0.71;1.36;3818;22;Y;Y;Y;N;N;N;N
1001318;428;421;2020;complete;55660;2;-1;30;23,74;1;2;3;2;6;8;-1;-1;2;3;0;0;4;3;5;6;9;9;-1;-1;45;55;2;3;3.9;3.9;1.76;1.04;1.2;1.65;2.62;5;13;4.33;2.2;1.44;1.16;1.65;2.12;5.5;1.14;2.75;1.4;2;1.25;1.2;4.33;2.4;2.3;4.1;2.65;2.1;0;0;1.26;1.45;1.84;2.44;3.2;3.5;2.72;1.99;1.56;1.3;3.2;5.1;1.53;2.62;13;1.5;8;3.5;1.28;2.55;6.5;12;3.35;1.45;1.1;1.02;1.18;1.9;3.52;8.5;4.7;1.92;1.29;1.06;0;0;0;0;3;1;1;0;1;1;2;2020-07-05 15:30:00;421;0;0;0;0;0;1;1;1;2;1;4;3;5;0;2;2;1;2;3;1;26;67;81;118;1.04;1.27;2.32;0;0;0;0;0;0;1;1;0;0;0;0;0;0;-1;-1;-1;-1;-1;-1;-1;-1;-1;0;0;0;0;0;0;0;0;0;0;0;0;0;MP;KPV;1.27;1.36;0;0;0;1;0;0;0;0;0;0;0;0;0;0;0;3818;22;Y;Y;Y;N;N;N;Y
1001319;419;416;2020;complete;55660;2;-1;33;7,58;1;2;3;5;2;7;2;3;0;3;0;0;4;9;9;3;13;12;8;16;53;47;0;3;2.85;3.5;2.1;1.01;1.18;1.62;2.6;4.55;11;4;2.05;1.4;1.14;1.56;2.2;4.3;1.17;3.5;1.28;1.61;1.33;1.33;3.5;2.25;2.75;3.1;2.63;2.6;0;0;1.22;1.43;1.72;2.22;2.9;3.8;2.65;2;1.59;1.35;2.25;4.9;1.95;2.2;13;1.72;6;4.5;1.27;2.5;6.4;12;3.4;1.46;1.1;1.02;1.16;1.87;3.6;7.5;4.6;1.87;1.25;1.07;0;0;0;0;3;1;1;0;1;1;2;2020-07-05 15:30:00;416;0;50;50;50;0;1;1;5;0;0;2;5;2;0;0;0;3;0;3;1;50;45;120;142;1.47;1.73;3.2;0;0;0;0;0;0;1;1;0;1;0;0;0;0;-1;-1;-1;-1;-1;-1;-1;-1;-1;0;50;50;50;50;50;50;50;50;0;0;3;2;Gnistan;Jaro;1.36;1.64;0;1;0;1;50;0;0;0;0;0;0;0;0;0;0;3818;22;Y;Y;Y;N;N;N;Y
1001320;426;9766;2020;complete;55660;3;-1;;;0;0;0;5;5;10;3;1;1;3;0;0;6;7;5;3;11;10;18;26;60;40;1;3;1.35;4.5;6.5;1;1.16;1.59;2.5;4.3;11.5;4.15;2.15;1.43;1.15;1.77;1.87;2.1;1.67;8;1.08;1.08;1.18;3;1.91;2.5;6.5;1.62;2.88;6.5;0;0;0;0;0;0;0;0;0;0;0;0;0;0;0;0;0;0;0;0;1.3;2.38;5.5;15;3.4;1.53;1.14;1.03;1.17;1.8;3.5;9;5;1.91;1.29;1.07;0;0;0;0;0;0;0;0;0;0;0;2020-07-11 13:00:00;-1;0;0;0;0;0;1;1;2;3;3;2;5;5;0;1;1;2;1;3;1;46;37;83;70;1.45;1.39;2.84;0;0;0;0;0;0;1;1;0;0;0;0;0;0;-1;-1;-1;-1;-1;-1;-1;-1;-1;0;0;0;0;0;0;0;0;0;0;0;0;0;KTP;MuSa;1.64;1.36;0;0;2;0;0;0;0;0;0;0;0;0;0;0;0;3818;22;N;N;N;N;N;N;N
1001321;408;418;2020;complete;55660;3;-1;72;;1;0;1;7;6;13;-1;-1;1;2;0;0;3;5;6;9;9;14;-1;-1;61;39;1;2;1.37;4.47;6.45;1.01;1.16;1.61;2.57;4.44;13.5;4.6;2.26;1.53;1.19;1.86;1.9;2.1;1.62;8;1.08;1.06;1.16;3;1.83;2.56;6.5;1.67;3.02;6.2;0;0;1.18;1.37;1.65;2.06;2.7;4.2;2.85;2.16;1.68;1.41;1.17;6.8;6.2;1.3;15;3.6;2.38;15;1.25;2.38;5.5;12;3.5;1.53;1.13;1.02;1.14;1.85;3.3;7.5;4.9;1.89;1.29;1.07;0;0;0;0;1;0;0;1;0;1;0;2020-07-11 13:30:00;408;0;0;0;0;0;1;1;3;3;4;3;6;7;0;0;1;2;0;3;1;63;53;81;74;1.23;1.61;2.84;0;0;0;0;0;0;1;1;0;0;1;2;0;0;-1;-1;-1;-1;-1;-1;-1;-1;-1;0;0;0;0;0;0;0;0;0;0;0;0;0;VPS;MYPA;1.36;0;0;0;1;0;0;0;0;0;0;0;0;0;0;0;0;3818;22;Y;N;N;N;N;N;N
1001322;425;9749;2020;complete;55660;3;-1;69;;1;0;1;6;4;10;-1;-1;0;1;0;0;6;0;3;4;9;4;-1;-1;58;42;0;1;1.11;7.5;13.5;1;1.09;1.38;2;3.2;14.5;5.4;2.7;1.69;1.27;2.15;1.57;1.61;2.15;13;1.04;1.03;1.03;5.35;1.46;3.17;11.5;1.34;3.92;11.5;0;0;1.3;1.54;1.95;2.55;3.5;3.2;2.3;1.8;1.46;1.26;1.07;8.5;9;1.15;25;4.5;1.83;31;1.21;2.04;4.28;9;3.9;1.73;1.18;1.05;1.1;1.65;2.75;6.5;5.8;2.16;1.4;1.1;0;0;0;0;1;0;0;1;0;1;0;2020-07-11 14:00:00;425;0;0;0;0;0;1;1;4;2;2;2;6;4;0;1;0;0;1;0;1;59;43;102;82;1.42;0.57;2;0;0;0;0;0;0;1;1;0;0;1;2;0;0;-1;-1;-1;-1;-1;-1;-1;-1;-1;0;0;0;50;50;0;50;50;0;6;0;2;1;Oulu;SJK Akatemia;2.18;0.27;3;0;3;0;50;50;50;0;0;0;0;0;1.92;0;1.92;3818;22;Y;N;N;N;N;N;N
1001323;6987;419;2020;complete;55660;3;-1;13;87;1;1;2;-1;-1;-1;-1;-1;1;3;0;0;-1;-1;-1;-1;-1;-1;-1;-1;-1;-1;1;3;1.87;3.5;3.5;1;1.14;1.53;2.35;4.05;12.25;4.4;2.25;1.49;1.17;1.5;2.3;3.2;1.29;6;1.12;1.22;1.22;1.8;2.3;2.3;4;2.1;2.8;3.6;0;0;0;0;0;0;0;0;0;0;0;0;0;0;0;1.62;15;2.38;4;8;1.25;2.25;5.5;11;3.5;1.57;1.13;1.02;1.14;1.78;3.3;6.5;4.9;1.97;1.28;1.1;0;0;0;0;2;1;0;0;1;1;1;2020-07-11 14:00:00;-1;0;50;50;50;0;-1;1;-1;-1;-1;-1;-1;-1;0;0;1;3;0;4;-1;0;0;0;0;0;0;0;0;0;0;0;0;0;1;1;0;0;-1;-1;0;0;-1;-1;-1;-1;-1;-1;-1;-1;-1;0;50;50;100;100;50;100;100;50;2;0;5;3;Kajaani;Gnistan;0.91;0.82;1;0;2;0;100;50;50;0;0;0;0;0;0;0.9;0.9;3818;22;Y;Y;N;N;N;N;Y
1001324;421;423;2020;complete;55660;3;-1;28,41;57,90;2;2;4;7;4;11;1;3;4;3;0;0;6;7;7;6;13;13;13;12;44;56;4;3;1.51;3.93;5.2;1.01;1.21;1.69;2.64;4.6;12.5;4.2;2.22;1.46;1.16;1.73;2.05;2.35;1.51;6.5;1.11;1.14;1.21;2.36;2.08;2.4;5.2;1.83;2.8;4.5;0;0;1.31;1.57;2;2.6;3.6;3.1;2.25;1.75;1.43;1.24;1.29;6.1;4.65;1.44;13;2.88;2.8;10;1.3;2.4;5.8;12;3.3;1.53;1.1;1.03;1.16;1.89;3.6;8;4.6;1.85;1.25;1.06;0;0;0;0;4;2;0;0;2;2;2;2020-07-11 14:00:00;-1;0;50;50;0;0;1;1;4;0;3;4;4;7;2;2;2;1;4;3;1;30;32;64;79;1.46;1.54;3;0;0;0;0;0;0;1;1;0;0;1;0;0;0;-1;-1;-1;-1;-1;-1;-1;-1;-1;0;0;50;100;100;100;100;50;0;7;1;5;2.5;KPV;EIF;1.27;1.36;1;3;2;2;100;100;50;0;0;0;0;0;0.77;1.55;2.32;3818;22;Y;Y;Y;Y;N;N;Y
1001325;416;428;2020;complete;55660;4;-1;13,30,53;;3;0;3;3;3;6;0;3;0;0;0;1;9;5;2;2;11;7;12;16;59;41;0;2;1.65;3.95;3.95;1;1.15;1.54;2.35;4.1;12;4.35;2.25;1.48;1.17;1.56;2.2;2.85;1.36;6;1.12;1.18;1.18;2;2.24;2.43;4.3;2.06;2.79;4.06;0;0;1.32;1.57;2;2.6;3.6;3.1;2.24;1.75;1.43;1.24;1.4;5.2;3.8;1.52;13;2.4;3.15;6.7;1.3;2.25;5.6;12;3.2;1.6;1.11;1.03;1.15;1.81;3.5;7;4.7;1.94;1.26;1.08;0;0;0;0;3;2;0;1;0;1;2;2020-07-12 15:30:00;416;0;0;0;0;0;1;1;1;2;2;1;3;3;0;0;0;1;0;1;1;66;41;139;100;1.82;1.1;2.92;1;0;1;0;0;0;1;1;0;0;1;0;0;0;-1;-1;-1;-1;-1;-1;-1;-1;-1;0;0;0;0;0;0;0;0;0;0;0;0;0;Jaro;MP;2.09;1.36;0;0;2;0;0;0;0;0;0;0;0;0;0;0;0;3818;22;Y;Y;Y;N;N;N;N
1001326;408;9766;2020;complete;55660;1;-1;14;83;1;1;2;8;5;13;-1;-1;2;1;0;0;3;5;3;8;6;13;-1;-1;46;54;2;1;1.53;3.75;5.3;1.01;1.23;1.77;3;5.4;9.5;3.45;1.87;1.31;1.09;1.8;1.83;2.1;1.67;4.5;1.18;1.14;1.25;2.1;2.3;2.1;5.5;2;2.5;4.75;0;0;0;0;0;0;0;0;0;0;0;0;0;0;0;0;0;0;0;0;1.44;3;9;23;2.62;1.36;1.07;1.01;1.25;2.2;5;13;3.75;1.62;1.17;1.04;0;0;0;0;2;1;0;0;1;1;1;2020-07-15 16:00:00;-1;0;0;0;0;0;1;1;3;1;5;4;4;9;1;0;1;1;1;2;1;40;71;54;102;0.88;1.68;2.56;0;0;0;0;0;0;1;1;0;0;0;0;0;0;-1;-1;-1;-1;-1;-1;-1;-1;-1;0;0;0;0;50;0;0;50;0;12;0;4;0.5;VPS;MuSa;1.36;1.36;3;1;2;0.5;100;100;100;100;50;100;100;50;1.23;1.39;2.62;3818;22;Y;Y;N;N;N;N;Y
1001327;9749;9766;2020;complete;55660;4;-1;;23,57;0;2;2;7;5;12;-1;-1;4;3;1;0;3;5;4;6;7;11;-1;-1;50;50;5;3;3.35;3.35;1.95;1.01;1.23;1.77;3;5.4;9.5;3.45;1.87;1.31;1.09;1.67;2;4.5;1.18;2.75;1.4;1.83;1.29;1.25;4;2.25;2.6;3.75;2.6;2.2;0;0;0;0;0;0;0;0;0;0;0;0;0;0;0;0;0;0;0;0;1.36;2.62;7;19;3;1.44;1.1;1.02;1.2;2;4.33;11;4.33;1.73;1.2;1.05;0;0;0;0;2;0;1;0;1;1;1;2020-07-18 12:00:00;9766;0;25;0;0;0;1;1;5;0;2;5;5;7;1;1;4;2;2;6;1;54;55;132;106;1.06;1.45;2.51;0;0;0;0;0;0;1;1;0;0;3;0;0;0;-1;-1;-1;-1;-1;-1;-1;-1;-1;0;0;50;75;75;50;75;75;0;8.5;0;3.5;2;SJK Akatemia;MuSa;1.09;1.36;0;1;0;0.67;100;100;50;25;25;75;75;50;0.92;1.54;2.46;3818;22;Y;Y;N;N;N;N;N
1001328;423;416;2020;complete;55660;4;-1;24,37,45,50,55;82;5;1;6;3;6;9;0;6;2;3;0;0;8;2;2;2;10;4;13;12;59;41;2;3;2.25;3.5;2.6;1.01;1.18;1.62;2.6;4.55;11;4;2.05;1.4;1.14;1.54;2.2;3.95;1.2;4;1.22;1.51;1.27;1.48;2.95;2.25;2.95;2.65;2.6;2.65;0;0;1.37;1.66;2.15;2.85;4;2.85;2.1;1.66;1.37;1.2;1.91;4.8;2.35;1.95;11.5;1.87;4.7;4.4;1.31;2.5;5.8;13;3.2;1.49;1.11;1.02;1.15;1.91;3.4;7;4.7;1.77;1.27;1.08;0;0;0;0;6;3;0;2;1;3;3;2020-07-18 13:00:00;423;0;50;50;25;0;1;1;3;3;0;3;6;3;0;0;2;3;0;5;1;41;31;91;76;1.49;0.63;2.12;1;0;1;0;0;0;1;1;0;0;1;0;0;0;-1;-1;-1;-1;-1;-1;-1;-1;-1;0;25;50;50;50;50;50;50;25;6;4;4;1.75;EIF;Jaro;2.09;1.64;1;2;1.67;2.33;100;75;50;50;50;0;0;0;1.33;1.73;3.06;3818;22;Y;Y;Y;Y;Y;Y;Y
1001329;418;421;2020;complete;55660;4;-1;69;90;1;1;2;4;2;6;2;2;0;0;0;0;6;9;5;10;11;19;14;8;43;57;0;0;7;5;1.29;1.01;1.1;2;1.95;3.1;16;6.05;1.73;1.77;1.31;1.54;2.35;8.5;1.03;2.75;1.4;2.7;1.11;1.07;5.5;2.7;1.74;5.15;3.05;1.62;0;0;1.15;1.37;1.65;2.06;2.7;4.5;2.85;2.16;1.68;1.41;5.55;6.85;1.2;3;16;1.34;9.5;2.75;1.18;1.87;3.9;8.25;4.45;1.83;1.22;1.05;1.09;1.61;2.85;5.5;6.1;2.23;1.39;1.13;0;0;0;0;2;0;0;1;1;2;0;2020-09-02 15:30:00;-1;0;63;25;50;0;1;-1;3;2;1;0;5;1;0;0;0;0;0;0;1;38;59;78;106;1.39;2.25;3.64;-1;-1;-1;-1;-1;-1;-1;1;0;0;0;0;-1;-1;-1;-1;-1;-1;-1;-1;-1;-1;-1;25;38;63;63;88;50;75;63;50;8.08;1.75;5.75;2.88;MYPA;KPV;0.55;1.36;1;1.75;0.4;1.5;75;63;38;38;13;38;38;25;1.66;1.81;3.47;3818;22;Y;Y;N;N;N;N;Y
1001330;425;408;2020;complete;55660;4;-1;46;;1;0;1;-1;-1;-1;-1;-1;2;2;0;0;-1;-1;-1;-1;-1;-1;-1;-1;-1;-1;2;2;1.54;3.85;4.9;1.01;1.22;1.74;2.85;5.15;10;3.6;1.91;1.33;1.11;1.77;1.87;2.25;1.57;5.5;1.14;1.13;1.2;2.25;2.1;2.2;5;1.91;2.63;4.5;0;0;0;0;0;0;0;0;0;0;0;0;0;0;0;1.44;11;3;2.7;9.5;1.33;2.75;6.5;13;3;1.4;1.08;1.01;1.21;2.04;4.2;9;3.9;1.73;1.19;1.05;0;0;0;0;1;0;0;1;0;1;0;2020-07-18 14:00:00;425;0;0;0;0;0;-1;1;-1;-1;-1;-1;-1;-1;0;1;2;1;1;3;-1;0;0;0;0;0;0;0;0;0;0;0;0;0;1;1;0;0;-1;-1;0;0;-1;-1;-1;-1;-1;-1;-1;-1;-1;0;0;0;25;50;0;25;50;0;7;2;2;0.75;Oulu;VPS;2.18;1.64;3;1;3;1.67;100;100;100;75;50;25;25;0;1.67;1.36;3.03;3818;22;Y;N;N;N;N;N;N
1001331;428;6987;2020;complete;55660;5;-1;24,61;81;2;1;3;2;9;11;-1;-1;1;2;0;0;5;6;6;8;11;14;-1;-1;35;65;1;2;2.85;3.45;2.15;1.01;1.17;1.61;2.55;4.45;11.25;4.1;2.1;1.42;1.14;1.53;2.25;4.5;1.16;3.4;1.3;1.69;1.22;1.28;3.64;2.33;2.59;3.3;2.6;2.25;0;0;0;1.46;1.84;2.44;0;0;2.57;1.98;1.52;0;0;0;0;2.2;11.5;1.69;5.55;3.75;1.29;2.36;5.7;13;3.4;1.55;1.11;1.02;1.16;1.87;3.5;7.5;4.6;1.87;1.26;1.07;0;0;0;0;3;1;0;1;1;2;1;2020-07-19 15:30:00;428;0;50;50;0;0;1;1;1;5;1;4;6;5;1;1;0;1;2;1;1;26;68;77;120;1.24;1.8;3.04;0;1;0;1;0;0;1;1;0;0;0;1;0;0;-1;-1;-1;-1;-1;-1;-1;-1;-1;0;0;50;100;100;50;50;100;50;7;0;4;2.5;MP;Kajaani;1.27;1.18;0;3;0;1.67;100;100;50;0;0;50;50;0;1.04;1.34;2.38;3818;22;Y;Y;Y;N;N;N;Y
1001332;419;426;2020;complete;55660;5;-1;;50,66,90;0;3;3;5;5;10;-1;-1;3;2;0;0;4;6;4;6;8;12;-1;-1;49;51;3;2;3;3.3;2.1;1.01;1.2;1.69;2.75;4.95;10.25;3.75;1.95;1.36;1.11;1.59;2.15;4.5;1.18;3.25;1.33;1.8;1.29;1.33;3.6;2.3;2.62;3.25;2.62;2.3;0;0;0;0;0;0;0;0;0;0;0;0;0;0;0;0;0;0;0;0;1.33;2.5;6.5;17;3.25;1.5;1.11;1.02;1.18;1.83;3.75;10;4.5;1.83;1.25;1.06;0;0;0;0;3;0;0;0;3;3;0;2020-07-19 15:30:00;426;0;75;75;0;0;1;1;4;3;1;2;7;3;1;0;2;2;1;4;1;68;74;122;136;1.29;1.72;3.01;0;0;0;0;0;0;1;1;0;0;1;1;0;0;-1;-1;-1;-1;-1;-1;-1;-1;-1;0;0;75;100;100;100;100;75;0;12.5;4;2;2.75;Gnistan;KTP;1.36;2.64;0;2;0.33;1.67;100;100;25;0;0;25;25;25;1.47;1.05;2.52;3818;22;Y;Y;Y;N;N;N;N
1001333;408;9749;2020;complete;55660;5;-1;15,78,90;39;3;1;4;3;4;7;2;3;4;2;0;0;4;5;4;5;8;10;14;13;55;45;4;2;1.39;4.7;5.65;1.01;1.2;1.67;2.7;4.9;11;4.1;2.1;1.42;1.15;1.86;1.9;2.1;1.65;7;1.1;1.1;1.18;2.67;2.03;2.5;6.25;1.77;2.85;5.75;0;0;1.2;1.44;1.73;2.3;3.2;3.9;2.5;1.95;1.53;1.29;1.41;6.2;4.44;1.33;11;3.4;2.3;8.5;1.31;2.5;5.8;13;3.2;1.49;1.11;1.01;1.16;1.92;3.6;8;4.6;1.82;1.24;1.06;0;0;0;0;4;1;1;2;0;2;2;2020-07-24 15:30:00;408;0;25;0;0;0;1;1;3;3;0;1;6;1;1;1;3;1;2;4;1;51;48;69;80;1.15;1.33;2.48;0;0;0;0;0;0;1;1;0;0;0;2;0;0;-1;-1;-1;-1;-1;-1;-1;-1;-1;0;0;0;25;100;0;25;100;0;11.5;0;2.5;1.25;VPS;SJK Akatemia;1.36;0.27;2;0;1.25;0;100;100;100;75;0;100;100;50;1.06;0.57;1.63;3818;22;Y;Y;Y;Y;N;N;Y
1001334;426;428;2020;complete;55660;5;-1;25,53;8,67,71;2;3;5;1;2;3;0;1;2;2;0;0;4;7;5;2;9;9;12;12;64;36;2;2;1.5;3.9;5.05;1.03;1.2;1.65;2.62;5;15;4.33;2.2;1.44;1.17;1.73;2;2.38;1.53;6.5;1.11;1.14;1.2;2.38;2.1;2.4;5.5;1.83;2.75;4.75;0;0;0;0;0;0;0;0;0;0;0;0;0;0;0;0;0;0;0;0;1.3;2.5;6;17;3.4;1.5;1.12;1.02;1.18;1.83;3.75;9;4.5;1.83;1.25;1.07;0;0;0;0;5;1;1;1;2;3;2;2020-07-25 13:00:00;428;0;0;0;0;0;1;1;1;2;0;0;3;0;2;2;0;0;4;0;1;54;37;84;72;1.24;1.33;2.57;0;0;0;0;0;0;1;1;0;1;0;1;0;0;-1;-1;-1;-1;-1;-1;-1;-1;-1;0;0;50;50;50;50;50;50;0;8;6;3;1.5;KTP;MP;1.64;1.36;1;0;2;1;100;100;50;50;50;50;50;0;1.45;1.1;2.55;3818;22;Y;Y;Y;Y;Y;N;Y
1001335;9766;419;2020;complete;55660;5;-1;10,35,45,65,88;9;5;1;6;7;1;8;-1;-1;0;2;0;0;9;4;11;6;20;10;-1;-1;40;60;0;2;1.74;3.9;3.65;1.01;1.19;1.67;2.7;4.8;10.5;3.85;2;1.38;1.12;1.67;2;2.75;1.4;5.5;1.14;1.2;1.29;2;2.38;2.3;4.33;2.05;2.62;4;0;0;0;0;0;0;0;0;0;0;0;0;0;0;0;0;0;0;0;0;1.33;2.5;6.5;17;3.25;1.5;1.11;1.02;1.18;1.83;3.75;10;4.5;1.83;1.25;1.06;0;0;0;0;6;3;1;2;0;2;4;2020-07-25 14:00:00;9766;0;25;0;0;0;1;1;4;1;3;0;5;3;0;0;0;2;0;2;1;57;44;77;90;2.29;1.24;3.53;1;0;1;0;0;0;1;1;1;1;2;1;0;0;-1;-1;-1;-1;-1;-1;-1;-1;-1;0;0;0;100;100;0;50;100;50;7;0;4;2;MuSa;Gnistan;1.55;0.82;0;0.5;1.25;0.25;100;100;100;0;0;50;50;0;1.43;0.9;2.33;3818;22;Y;Y;Y;Y;Y;Y;Y
1001336;421;425;2020;complete;55660;6;-1;;63;0;1;1;5;5;10;2;2;3;3;0;0;3;4;9;8;12;12;16;14;54;46;3;3;2.05;3.2;3.15;1.02;1.27;1.91;3.3;6.05;8.75;3.15;1.74;1.26;1.07;1.74;1.91;2.9;1.35;3.75;1.25;1.32;1.3;1.52;2.86;2.13;3.7;2.61;2.43;3.38;0;0;1.22;1.44;1.83;2.38;3.2;3.7;2.5;1.83;1.5;1.29;1.67;5.1;2.7;1.8;9;2.1;4;5.5;1.36;2.88;7;15;2.88;1.36;1.07;1.01;1.21;2.19;4.2;10;3.9;1.63;1.19;1.04;0;0;0;0;1;0;0;0;1;1;0;2020-07-25 14:00:00;425;0;100;25;50;0;1;1;1;1;4;4;2;8;0;1;3;2;1;5;1;62;55;112;80;1.42;1.43;2.85;0;0;0;0;0;0;1;1;0;0;1;0;0;0;-1;-1;-1;-1;-1;-1;-1;-1;-1;0;25;75;100;100;50;50;75;75;20;1.5;5.5;3;KPV;Oulu;1.27;2.36;1;3;1.67;3;100;75;25;0;0;75;75;75;1.11;2.12;3.23;3818;22;Y;N;N;N;N;N;N
1001337;6987;423;2020;complete;55660;6;-1;;70,84;0;2;2;-1;-1;-1;-1;-1;3;2;0;0;-1;-1;-1;-1;-1;-1;-1;-1;-1;-1;3;2;2.4;3.6;2.4;1;1.15;1.54;2.35;4.1;12;4.35;2.25;1.48;1.17;1.48;2.35;4.05;1.19;4.33;1.2;1.46;1.26;1.53;2.9;2.36;3.12;2.7;2.71;2.85;0;0;0;0;0;0;0;0;0;0;0;0;0;0;0;1.87;12.5;1.91;4.65;4.75;1.29;2.25;5.4;11;3.28;1.6;1.12;1.03;1.15;1.81;3.4;7;4.7;1.94;1.28;1.08;0;0;0;0;2;0;0;0;2;2;0;2020-07-25 14:00:00;423;0;75;25;25;0;-1;1;-1;-1;-1;-1;-1;-1;0;0;3;2;0;5;-1;0;0;0;0;0;0;0;0;0;0;0;0;0;1;1;0;0;-1;-1;0;0;-1;-1;-1;-1;-1;-1;-1;-1;-1;0;50;75;100;100;75;100;100;50;4;0;4;3.25;Kajaani;EIF;0.91;1.36;1;2;1.25;2;100;50;25;0;0;25;25;25;0;1.55;1.55;3818;22;Y;Y;N;N;N;N;N
1001338;416;418;2020;complete;55660;6;-1;53;;1;0;1;9;4;13;4;5;0;2;0;0;12;4;16;4;28;8;12;11;63;37;0;2;1.34;4.7;6.25;1;1.12;1.45;2.2;3.65;13;4.8;2.4;1.56;1.21;1.65;2.05;2.3;1.53;10;1.06;1.1;1.15;2.45;1.84;2.64;5.95;1.69;3.13;5.65;0;0;0;1.37;1.65;2.06;2.7;0;2.85;2.16;1.68;1.41;1.22;6.6;5.2;1.3;18;3.4;2.6;15;1.25;2.14;4.8;10;3.6;1.66;1.15;1.04;1.12;1.73;3;6.5;5.3;2.04;1.34;1.1;0;0;0;0;1;0;0;1;0;1;0;2020-07-26 15:30:00;416;0;0;0;0;0;1;1;6;0;3;4;6;7;0;1;0;1;1;1;1;48;21;94;57;2.94;0.94;3.88;0;0;0;0;0;0;1;1;0;0;1;0;0;0;-1;-1;-1;-1;-1;-1;-1;-1;-1;0;0;50;50;100;50;50;100;0;9;0;2;2;Jaro;MYPA;2.09;0;3;0;1.75;0;100;100;50;50;0;50;50;50;1.82;1.61;3.43;3818;22;Y;N;N;N;N;N;N
1001339;423;426;2020;complete;55660;6;-1;;65;0;1;1;3;4;7;4;3;2;2;0;0;3;4;5;5;8;9;15;10;56;44;2;2;2;3.5;3.1;1;1.16;1.57;2.45;4.25;11.5;4.2;2.15;1.44;1.16;1.51;2.3;3.4;1.3;5;1.17;1.3;1.25;1.73;2.62;2.38;3.6;2.3;2.62;3.25;0;0;0;0;0;0;0;0;0;0;0;0;0;0;0;0;0;0;0;0;1.3;2.38;6;17;3.4;1.53;1.12;1.02;1.18;1.83;3.75;9;4.5;1.83;1.25;1.07;0;0;0;0;1;0;0;0;1;1;0;2020-08-01 13:00:00;426;0;42;17;25;0;1;1;1;3;2;1;4;3;1;1;1;1;2;2;1;43;41;107;84;1.04;1.15;2.19;0;0;0;0;0;0;1;1;0;0;0;1;0;0;-1;-1;-1;-1;-1;-1;-1;-1;-1;25;25;59;75;75;59;59;59;42;10.17;2.5;3.5;2.84;EIF;KTP;2.09;2.64;2;2.33;2.2;1.6;75;75;42;25;25;59;34;17;1.41;1.27;2.68;3818;22;Y;N;N;N;N;N;N
1001340;408;421;2020;complete;55660;6;-1;22,33,66,79;53;4;1;5;2;4;6;-1;-1;3;4;0;0;5;4;4;7;9;11;-1;-1;44;56;3;4;3.4;3.6;1.95;1.04;1.22;2.05;3;5.5;11;3.8;1.8;1.4;1.11;1.65;2.1;4.55;1.15;2.75;1.4;1.87;1.22;1.2;4;2.25;2.63;3.75;2.5;2.2;0;0;1.27;1.49;1.9;2.53;3.3;3.4;2.49;1.93;1.47;1.29;2.6;5.1;1.71;2.4;11;1.67;7;3.5;1.33;2.75;6;12;3;1.4;1.1;1.02;1.19;2.02;3.9;9;4.2;1.74;1.21;1.05;0;0;0;0;5;2;0;2;1;3;2;2020-08-01 14:00:00;408;0;84;67;0;0;1;1;2;4;0;0;6;0;1;0;2;4;1;6;1;37;65;56;97;1.18;1.45;2.63;2;1;2;1;0;0;1;1;0;0;0;2;0;0;-1;-1;-1;-1;-1;-1;-1;-1;-1;0;17;67;84;100;67;84;100;17;12;0;5.33;2.67;VPS;KPV;1.36;1.36;2.33;3;1.6;1.25;100;84;34;17;0;34;34;34;1.09;1.27;2.36;3818;22;Y;Y;Y;Y;Y;N;Y
1001341;418;6987;2020;complete;55660;7;-1;;;0;0;0;5;8;13;5;4;3;3;0;1;7;7;7;3;14;10;14;13;45;55;3;5;4.05;4;1.62;1;1.11;1.42;2.1;3.45;13.75;5.1;2.55;1.62;1.24;1.45;2.4;6.7;1.07;2.75;1.4;2.25;1.16;1.13;4.5;2.4;2.1;4.2;2.88;1.91;0;0;1.22;1.4;1.72;2.25;2.8;3.95;2.75;2.11;1.62;1.38;3.65;5.4;1.41;2.7;18;1.44;10;3.5;1.22;2.2;5;10.5;3.75;1.62;1.14;1.03;1.11;1.69;2.9;6.5;5.5;2.09;1.35;1.1;0;0;0;0;0;0;0;0;0;0;0;2020-08-01 14:00:00;-1;0;75;0;75;0;1;1;3;3;2;5;6;7;0;0;3;4;0;7;1;46;47;79;89;1.7;1.47;3.17;0;0;0;0;0;0;1;1;0;0;0;1;0;0;-1;-1;-1;-1;-1;-1;-1;-1;-1;0;0;75;100;100;0;25;100;100;9;0;5;2.75;MYPA;Kajaani;0.55;1.18;0;1.5;0;1;100;100;25;0;0;100;100;75;1.39;1.57;2.96;3818;22;N;N;N;N;N;N;N
1001342;425;416;2020;complete;55660;7;-1;40,86;83;2;1;3;7;8;15;2;4;0;2;0;0;9;2;3;4;12;6;8;13;52;48;0;2;1.65;3.8;4.25;1.01;1.19;1.67;2.7;4.8;10.5;3.85;2;1.38;1.12;1.67;2;2.65;1.41;5.5;1.14;1.18;1.21;1.91;2.3;2.2;4.5;2.1;2.6;4;0;0;1.31;1.56;2.02;2.74;3.6;3.1;2.35;1.8;1.39;1.24;1.38;5.25;3.95;1.53;12;2.63;3.3;8;1.3;2.63;6;12;3.2;1.44;1.1;1.02;1.16;1.96;3.6;8;4.6;1.79;1.25;1.06;0;0;0;0;3;1;0;1;1;2;1;2020-08-01 14:00:00;425;0;50;34;34;0;1;1;4;3;3;5;7;8;0;0;0;2;0;2;1;61;52;93;87;1.83;0.9;2.73;0;0;0;0;0;0;1;1;0;0;0;0;0;0;-1;-1;-1;-1;-1;-1;-1;-1;-1;17;34;50;67;100;50;67;100;34;10;1.67;4.33;2.83;Oulu;Jaro;2.18;1.64;3;1.33;3;2;84;67;50;34;0;50;25;0;1.67;1.18;2.85;3818;22;Y;Y;Y;N;N;N;Y
1001343;9749;419;2020;complete;55660;7;-1;54,78;3,4;2;2;4;15;4;19;-1;-1;0;1;0;0;5;4;6;4;11;8;-1;-1;50;50;0;1;2.5;3.45;2.4;1.01;1.17;1.61;2.55;4.45;11.25;4.1;2.1;1.42;1.14;1.53;2.25;4;1.19;3.75;1.25;1.49;1.23;1.41;3.17;2.3;2.95;2.92;2.63;2.73;0;0;0;0;0;0;0;0;0;0;0;0;0;0;0;1.9;15;1.85;4.75;4.35;1.3;2.4;6;13;3.32;1.53;1.09;1.02;1.17;1.9;3.7;8;4.4;1.84;1.23;1.06;0;0;0;0;4;0;2;2;0;2;2;2020-08-02 12:00:00;-1;0;34;17;0;0;1;1;5;3;10;1;8;11;0;0;0;1;0;1;1;79;26;128;92;1.62;0.99;2.61;1;0;1;0;0;0;1;1;0;2;3;0;0;0;-1;-1;-1;-1;-1;-1;-1;-1;-1;17;17;50;100;100;50;100;100;17;6.17;0;5.34;3;SJK Akatemia;Gnistan;1.09;0.82;0;0.33;0;0.2;84;84;50;0;0;34;34;34;0.97;1.07;2.04;3818;22;Y;Y;Y;Y;N;N;Y
1001344;428;9766;2020;complete;55660;7;-1;79;20,56;1;2;3;5;5;10;0;2;1;2;0;0;3;11;7;6;10;17;12;14;53;47;1;2;2.75;3.4;2.2;1.01;1.17;1.61;2.55;4.45;11.25;4.1;2.1;1.42;1.14;1.53;2.25;4.5;1.18;3.5;1.29;1.67;1.29;1.33;3.5;2.3;2.75;3.1;2.62;2.4;0;0;0;0;0;0;0;0;0;0;0;0;0;0;0;0;0;0;0;0;1.33;2.5;6;17;3.25;1.5;1.12;1.02;1.17;1.83;3.75;9;5;1.83;1.25;1.07;0;0;0;0;3;0;1;1;1;2;1;2020-08-02 15:30:00;9766;0;67;25;25;0;1;1;1;4;4;1;5;5;0;0;1;2;0;3;1;46;49;126;108;1.19;2.2;3.39;0;0;0;0;0;0;1;1;0;0;0;0;0;0;-1;-1;-1;-1;-1;-1;-1;-1;-1;0;0;50;84;84;25;84;84;25;7;0;3.83;2.17;MP;MuSa;1.27;1.36;1.5;1.67;1.5;1.6;100;100;50;17;17;75;75;59;1.14;1.51;2.65;3818;22;Y;Y;Y;N;N;N;Y
1001345;6987;425;2020;complete;55660;7;-1;29;38;1;1;2;6;5;11;2;0;1;3;0;0;5;6;6;7;11;13;9;17;39;61;1;3;3.55;3.4;1.87;1.02;1.24;1.8;3.05;5.5;9.5;3.45;1.83;1.3;1.09;1.69;1.95;4.5;1.16;2.75;1.4;1.85;1.26;1.26;4.18;2.26;2.45;3.76;2.59;2.28;0;0;1.3;1.54;1.95;2.55;3.5;3.2;2.3;1.8;1.46;1.26;3.06;5.5;1.7;2.38;11;1.67;5.85;3.25;1.33;2.75;6;13;3;1.4;1.1;1.01;1.21;2;4.2;9;3.9;1.76;1.19;1.05;0;0;0;0;2;1;1;0;0;0;2;2020-08-05 15:30:00;-1;0;59;17;42;0;1;1;1;3;5;2;4;7;0;0;1;3;0;4;1;39;64;97;157;1.33;1.72;3.06;0;0;0;0;0;0;1;1;0;0;0;0;0;0;-1;-1;-1;-1;-1;-1;-1;-1;-1;0;17;42;75;100;17;34;100;59;10;0;4.5;2.34;Kajaani;Oulu;0.91;2.36;0.67;3;1;3;100;84;59;25;0;50;50;25;0;1.78;1.78;3818;22;Y;Y;N;N;N;N;Y
1001346;416;408;2020;complete;55660;8;-1;10,17,20,54,57,89;83;6;1;7;5;2;7;1;3;2;5;0;0;10;6;14;5;24;11;12;14;51;49;2;5;1.87;3.65;3.3;1.01;1.17;1.59;2.5;4.35;11.25;4.1;2.1;1.43;1.15;1.56;2.2;3;1.32;6;1.12;1.25;1.24;1.91;2.5;2.3;4;2.18;2.75;3.72;0;0;1.22;1.44;1.8;2.38;3.2;3.7;2.5;1.87;1.5;1.29;1.69;6.4;2.86;1.57;13;2.5;3.5;8.5;1.29;2.5;6;12;3.25;1.5;1.13;1.02;1.17;1.83;3.6;7;4.4;1.91;1.24;1.08;0;0;0;0;7;3;0;3;1;4;3;2020-08-05 15:30:00;416;0;0;0;0;0;1;1;5;1;0;1;6;1;0;1;2;4;1;6;1;37;32;82;78;2.47;1.35;3.82;1;0;1;0;0;0;1;1;1;0;1;0;0;0;-1;-1;-1;-1;-1;-1;-1;-1;-1;0;0;25;25;75;25;25;75;0;7;3;1.5;1.25;Jaro;VPS;2.09;1.64;3;0.5;1.67;1.83;100;100;75;75;25;25;25;25;2.38;1.36;3.74;3818;22;Y;Y;Y;Y;Y;Y;Y
1001347;421;9749;2020;complete;55660;8;-1;19,37,41,51;;4;0;4;7;3;10;4;0;3;1;0;0;5;0;0;0;5;0;11;9;48;52;3;1;1.17;7;11;1.01;1.15;1.98;2.4;4;17;5.5;1.88;1.5;1.25;1.84;1.92;2.05;1.67;10;1.06;1.05;1.13;3.34;1.57;2.88;9;1.53;3.2;6.5;0;0;1.2;1.44;1.7;2.2;2.9;3.9;2.7;2;1.57;1.33;1.18;9.2;7.2;1.25;18;3.75;2.2;19;1.25;2.25;5.5;11;3.5;1.57;1.13;1.02;1.13;1.76;3.44;7;5.1;2;1.29;1.08;0;0;0;0;4;3;0;1;0;1;3;2020-08-05 15:30:00;421;0;59;42;0;0;1;1;2;3;5;0;5;5;1;0;2;1;1;3;1;42;18;99;71;0.98;0.15;1.13;0;0;0;0;0;0;1;1;0;0;0;2;1;0;-1;-1;-1;-1;-1;-1;-1;-1;-1;0;42;42;59;100;59;59;84;42;9;2.67;4.83;2.42;KPV;SJK Akatemia;1.27;0.27;0.67;0;1;0.17;100;59;59;42;0;59;59;17;1.22;0.95;2.17;3818;22;Y;Y;Y;Y;N;N;N
1001348;9766;423;2020;complete;55660;8;-1;80;;1;0;1;4;1;5;2;0;3;7;0;0;10;7;4;3;14;10;10;16;45;55;3;7;2.6;3.4;2.3;1.01;1.16;1.57;2.45;4.35;11.25;4.25;2.15;1.45;1.15;1.48;2.4;4.33;1.2;3.75;1.25;1.53;1.33;1.4;3;2.3;3.2;2.88;2.62;2.6;0;0;0;0;0;0;0;0;0;0;0;0;0;0;0;0;0;0;0;0;1.3;2.38;6;17;3.4;1.53;1.12;1.02;1.17;1.8;3.5;8;5;1.91;1.29;1.08;0;0;0;0;1;0;0;1;0;1;0;2020-08-06 15:30:00;9766;0;42;25;0;0;1;1;1;0;3;1;1;4;1;0;2;7;1;9;1;84;67;107;118;2.19;1.61;3.8;1;0;1;0;0;0;1;1;0;0;0;0;0;0;-1;-1;-1;-1;-1;-1;-1;-1;-1;25;42;59;100;100;59;59;100;84;10;0;2.83;3.5;MuSa;EIF;1.55;1.36;1.5;2.33;1.83;1.83;75;59;42;0;0;50;50;25;1.86;1.55;3.41;3818;22;Y;N;N;N;N;N;N
1001349;419;428;2020;complete;55660;8;-1;;3;0;1;1;3;5;8;1;3;0;0;0;0;4;5;4;5;8;10;12;11;53;47;0;0;2.6;3.6;2.2;1;1.14;1.51;2.35;4;12;4.45;2.3;1.49;1.18;1.44;2.45;4.5;1.16;4;1.22;1.55;1.28;1.42;2.88;2.3;3.4;2.91;2.74;2.61;0;0;1.24;1.45;1.8;2.3;3.1;3.6;2.55;1.95;1.55;1.32;2.12;6.5;2.12;2.05;17;1.8;5.25;4.45;1.25;2.25;5.5;11;3.5;1.57;1.13;1.02;1.14;1.74;3.3;7;4.9;2.02;1.28;1.08;0;0;0;0;1;0;1;0;0;0;1;2020-08-06 15:30:00;428;0;50;50;25;0;1;-1;2;4;1;1;6;2;0;0;0;0;0;0;1;62;72;116;123;1.24;1.51;2.76;0;0;0;0;0;0;1;1;0;1;0;1;-1;-1;-1;-1;-1;-1;-1;-1;-1;-1;-1;25;25;100;100;100;75;75;100;50;7.5;2.5;3.5;3.5;Gnistan;MP;1.36;1.36;0;1.5;0.33;1.2;75;75;0;0;0;25;25;0;1.38;1.21;2.59;3818;22;Y;N;N;N;N;N;N
1001350;425;426;2020;complete;55660;9;-1;;;0;0;0;10;1;11;-1;-1;2;3;0;0;10;3;6;4;16;7;-1;-1;60;40;2;3;1.77;3.5;3.8;1.02;1.25;1.83;3.1;5.85;9;3.35;1.8;1.29;1.08;1.77;1.87;2.62;1.44;3.75;1.25;1.33;1.25;1.8;2.62;2.2;4;2.3;2.5;3.75;0;0;0;0;0;0;0;0;0;0;0;0;0;0;0;0;0;0;0;0;1.4;3;9;23;2.75;1.36;1.07;1.01;1.25;2.2;5;13;3.75;1.62;1.17;1.04;0;0;0;0;0;0;0;0;0;0;0;2020-08-08 14:00:00;-1;0;25;13;13;0;1;1;5;1;5;0;6;5;0;0;2;3;0;5;1;79;28;117;72;2.28;0.86;3.14;0;0;0;0;0;0;1;1;0;0;2;0;0;0;-1;-1;-1;-1;-1;-1;-1;-1;-1;0;0;38;63;100;25;50;88;25;12.33;1.25;3;2;Oulu;KTP;2.18;2.64;3;2.5;2.71;2;100;100;63;38;0;59;59;29;1.73;1.24;2.97;3818;22;N;N;N;N;N;N;N
1001351;408;6987;2020;complete;55660;9;-1;57;41;1;1;2;2;4;6;-1;-1;0;4;0;0;3;4;6;4;9;8;-1;-1;56;44;0;4;2.25;3.5;2.65;1.01;1.19;1.65;2.7;4.75;10.5;3.9;2;1.37;1.12;1.56;2.2;3.75;1.25;4;1.22;1.4;1.29;1.57;3;2.25;3.25;2.6;2.6;2.88;0;0;0;1.45;1.84;2.43;0;0;2.58;1.98;1.52;0;0;0;0;1.87;10.75;2;4.1;4.75;1.33;2.5;6.5;19;3.25;1.5;1.11;1.02;1.18;1.91;3.75;10;4.5;1.77;1.25;1.06;0;0;0;0;2;0;1;1;0;1;1;2020-08-09 14:00:00;-1;0;54;13;29;0;1;1;1;2;1;2;3;3;0;0;0;4;0;4;1;58;45;81;76;1.2;1.11;2.31;0;1;0;1;0;0;1;1;0;0;0;1;0;0;-1;-1;-1;-1;-1;-1;-1;-1;-1;13;25;42;71;84;25;54;84;59;12.33;0.42;5.5;2.34;VPS;Kajaani;1.36;1.18;2.5;1.33;1.57;1;88;75;59;29;17;75;75;59;1.11;1.54;2.65;3818;22;Y;Y;N;N;N;N;Y
1001352;421;416;2020;complete;55660;9;-1;;7,22,86,89;0;4;4;7;4;11;2;6;5;4;0;0;7;9;11;9;18;18;16;11;48;52;5;4;1.8;3.8;3.4;1;1.14;1.51;2.35;3.95;12.25;4.5;2.3;1.49;1.18;1.49;2.35;3.25;1.33;5.5;1.14;1.22;1.25;1.83;2.4;2.38;4;2.2;2.75;3.6;0;0;0;0;1.84;0;0;0;0;1.98;0;0;0;0;0;1.61;12.25;2.3;3.65;6.35;1.29;2.38;5.5;15;3.5;1.53;1.14;1.03;1.17;1.8;3.5;8;5;1.91;1.29;1.08;0;0;0;0;4;0;2;0;2;2;2;2020-08-09 15:30:00;416;0;75;38;38;0;1;1;4;2;3;2;6;5;3;2;2;2;5;4;1;37;42;78;73;1.89;2.06;3.95;0;1;0;1;0;0;1;1;0;1;2;0;0;0;-1;-1;-1;-1;-1;-1;-1;-1;-1;13;50;75;88;100;75;88;88;50;10.83;5.25;6;3.38;KPV;Jaro;1.27;1.64;1.25;1;1.33;1.86;88;50;25;13;0;71;54;29;1.16;1.09;2.25;3818;22;Y;Y;Y;Y;N;N;N
1001353;9766;418;2020;complete;55660;9;-1;20,54,59,75;66;4;1;5;5;3;8;-1;-1;3;3;0;0;12;5;7;1;19;6;-1;-1;50;50;3;3;1.34;4.75;6.8;1;1.11;1.43;2.1;3.5;13.5;5.1;2.5;1.59;1.23;1.62;2.05;2.5;1.5;10;1.06;1.08;1.18;2.75;1.83;2.62;6;1.61;3;6;0;0;1.17;1.37;1.64;2;2.7;4.33;2.85;2.27;1.72;1.41;1.37;8.8;3.96;1.3;19;3.4;2.75;17;1.25;2.1;4.5;13;3.75;1.66;1.18;1.04;1.12;1.66;3;6.5;6;2.1;1.36;1.11;0;0;0;0;5;1;0;3;1;4;1;2020-08-10 15:30:00;9766;0;33;33;17;0;1;1;3;1;2;2;4;4;1;1;2;2;2;4;1;54;45;83;98;2.42;1.07;3.49;2;0;2;0;0;0;1;1;0;0;1;1;0;0;-1;-1;-1;-1;-1;-1;-1;-1;-1;33;33;33;50;100;33;33;100;50;9;1.67;3.66;2.67;MuSa;MYPA;1.55;0;2;0;2;0.2;67;67;67;50;0;67;50;34;1.97;1.25;3.22;3818;22;Y;Y;Y;Y;Y;N;Y
1001354;9749;428;2020;complete;55660;9;-1;72;;1;0;1;1;9;10;2;2;1;2;0;0;2;3;1;6;3;9;8;8;37;63;1;2;3.15;3.55;2.04;1.01;1.2;1.7;2.76;5.19;11;4.69;2.21;1.47;1.17;1.57;2.33;4.5;1.16;3.4;1.3;1.65;1.25;1.3;3.72;2.4;2.73;3.4;2.65;2.39;0;0;1.28;1.51;2;2.45;3.4;3.4;2.38;1.72;1.49;1.28;2.34;6.6;1.94;2.15;9.75;1.72;5.55;3.8;1.31;2.55;5.85;12.5;3.2;1.53;1.11;1.01;1.15;1.83;3.4;7.5;4.7;1.83;1.27;1.07;0;0;0;0;1;0;0;1;0;1;0;2020-08-10 15:30:00;9749;0;29;17;17;0;1;1;0;3;1;6;3;7;0;1;1;1;1;2;1;34;79;60;101;0.58;1.35;1.93;0;0;0;0;0;0;1;1;0;0;0;0;0;1;-1;-1;-1;-1;-1;-1;-1;-1;-1;17;29;71;84;100;71;100;84;29;10.58;1.83;3.33;3;SJK Akatemia;MP;1.09;1.36;0.25;2;0.14;1.5;84;71;29;17;0;38;38;38;1.13;1.31;2.44;3818;22;Y;N;N;N;N;N;N
1001355;423;419;2020;complete;55660;10;-1;39,62;90;2;1;3;8;3;11;1;0;2;3;0;0;5;4;5;2;10;6;13;14;60;40;2;3;1.36;4.65;6.05;1;1.11;1.42;2.1;3.45;14;5.15;2.55;1.61;1.24;1.59;2.15;2.5;1.45;9;1.07;1.11;1.16;2.35;1.98;2.71;5.68;1.72;3.13;5.3;0;0;1.28;1.51;1.83;2.45;3.4;3.4;2.38;1.83;1.49;1.28;1.36;8.8;4.06;1.36;11;3.1;2.8;13;1.23;2.25;4.55;10.5;3.85;1.68;1.17;1.02;1.11;1.74;2.9;6.5;5.5;1.95;1.36;1.1;0;0;0;0;3;1;0;1;1;2;1;2020-08-10 15:30:00;423;0;54;13;17;0;1;1;5;2;3;1;7;4;0;1;2;2;1;4;1;93;61;167;109;1.67;1.11;2.78;0;0;0;0;0;0;1;1;0;0;1;0;0;0;-1;-1;-1;-1;-1;-1;-1;-1;-1;29;42;42;67;84;42;67;84;42;5.66;1.33;3.92;2.92;EIF;Gnistan;2.09;0.82;1.33;0.5;1.57;0.29;71;59;59;34;17;33;17;17;1.29;1.04;2.33;3818;22;Y;Y;Y;N;N;N;Y
1001356;426;408;2020;complete;55660;10;-1;10,23;;2;0;2;5;8;13;4;1;1;2;0;0;6;12;4;5;10;17;10;8;45;55;1;2;1.05;11;31;1.02;1.17;1.57;2.38;4.33;17;5;2.35;1.53;1.2;1.62;2.2;2.62;1.44;6.5;1.11;1.17;1.22;2.25;2.2;2.5;4.75;1.91;2.88;4.33;0;0;0;0;0;0;0;0;0;0;0;0;0;0;0;0;0;0;0;0;1.29;2.38;5.5;15;3.5;1.53;1.14;1.03;1.17;1.8;3.5;8;5;1.91;1.29;1.08;0;0;0;0;2;2;0;0;0;0;2;2020-08-15 13:00:00;426;0;50;34;50;0;1;1;5;2;0;6;7;6;0;2;1;0;2;1;1;30;56;71;84;1.27;2.31;3.58;0;0;0;0;0;0;1;1;1;0;1;0;0;0;-1;-1;-1;-1;-1;-1;-1;-1;-1;50;50;50;50;67;50;50;67;50;6.17;3.34;4.34;3;KTP;VPS;1.64;1.64;1.33;0.33;1.88;1.5;50;50;50;50;33;34;17;0;2.07;1.36;3.43;3818;22;Y;Y;N;N;N;N;N
1001357;9766;425;2020;complete;55660;10;-1;7;22,53,78;1;3;4;3;2;5;3;0;2;1;0;0;4;6;3;11;7;17;15;16;45;55;2;1;3.55;3.4;1.87;1.03;1.27;1.83;3.15;5.85;8.5;3.2;1.8;1.27;1.08;1.74;1.91;4.2;1.18;2.5;1.5;1.83;1.24;1.18;4.25;2.15;2.4;4.1;2.3;2.2;0;0;0;0;0;0;0;0;0;0;0;0;0;0;0;2.5;8.5;1.61;5.8;2.95;1.36;2.75;6.75;14.5;2.9;1.4;1.08;1.01;1.22;2.23;4.4;10;3.8;1.61;1.17;1.04;0;0;0;0;4;1;1;0;2;2;2;2020-08-15 14:00:00;425;0;59;29;29;0;1;1;1;2;2;0;3;2;2;1;0;0;3;0;1;81;72;116;132;1.32;2.02;3.33;0;0;0;0;0;0;1;1;1;0;0;0;1;0;-1;-1;-1;-1;-1;-1;-1;-1;-1;25;25;42;71;100;29;42;84;54;13.58;0.42;4.42;2.75;MuSa;Oulu;1.55;2.36;2.25;2.33;2.13;2.5;75;75;59;29;0;63;63;34;2.08;1.76;3.84;3818;22;Y;Y;Y;Y;N;N;Y
1001358;416;9749;2020;complete;55660;10;-1;11,49,51;;3;0;3;3;1;4;0;1;0;0;0;0;5;3;9;3;14;6;14;8;52;48;0;0;1.23;5.5;8.75;1;1.09;1.39;2.05;3.45;14;5.4;2.6;1.62;1.24;1.77;1.87;2.45;1.49;13;1.04;1.05;1.11;3.48;1.71;3.08;6.91;1.54;3.52;6.35;0;0;1.28;1.51;1.9;2.45;3.4;3.4;2.38;1.84;1.49;1.28;1.13;11;8.4;1.29;17.25;3.4;2.5;11.5;1.19;2;4.1;9;4.2;1.74;1.2;1.04;1.09;1.71;2.7;5;6.1;1.95;1.43;1.14;0;0;0;0;3;1;0;2;0;2;1;2020-08-16 15:30:00;416;0;33;17;17;0;1;-1;2;0;1;1;2;2;0;0;0;0;0;0;1;39;22;81;83;1.52;0.76;2.28;0;0;0;0;0;0;1;1;0;0;0;0;-1;-1;-1;-1;-1;-1;-1;-1;-1;-1;-1;17;50;67;67;100;67;67;100;33;9.34;2.34;2;3.34;Jaro;SJK Akatemia;2.09;0.27;3;0;2;0.5;84;50;33;33;0;50;50;17;2.41;0.68;3.09;3818;22;Y;Y;Y;N;N;N;N
1001359;6987;421;2020;complete;55660;10;-1;;39;0;1;1;-1;-1;-1;-1;-1;0;4;0;1;-1;-1;-1;-1;-1;-1;-1;-1;-1;-1;0;5;2.8;3.6;2.1;1;1.15;1.54;2.45;4.2;12.25;4.35;2.2;1.45;1.16;1.49;2.35;4.85;1.14;3.5;1.29;1.72;1.26;1.33;3.63;2.4;2.77;3.34;2.67;2.41;0;0;0;0;0;0;0;0;0;0;0;0;0;0;0;2.15;12.25;1.69;5.75;3.85;1.29;2.45;5.45;12.25;3.35;1.5;1.12;1.01;1.17;1.77;3.6;7.5;4.4;1.95;1.24;1.07;0;0;0;0;1;0;1;0;0;0;1;2020-08-16 15:30:00;421;0;88;50;38;0;-1;1;-1;-1;-1;-1;-1;-1;0;0;0;5;0;5;-1;0;0;0;0;0;0;0;0;0;0;0;0;0;1;1;0;0;-1;-1;0;0;-1;-1;-1;-1;-1;-1;-1;-1;-1;25;38;63;100;100;75;88;88;50;11;0;5.25;3.25;Kajaani;KPV;0.91;1.36;0.75;1.5;1;1.14;75;63;38;0;0;50;50;50;1.33;1.36;2.69;3818;22;Y;N;N;N;N;N;N
1001360;428;423;2020;complete;55660;11;-1;56;51;1;1;2;4;6;10;1;0;1;0;0;0;4;5;3;6;7;11;14;10;35;65;1;0;3.3;3.4;2;1.02;1.2;1.67;2.7;4.8;10.75;4.1;2.1;1.42;1.15;1.59;2.25;4.4;1.16;3.25;1.33;1.65;1.27;1.28;3.89;2.37;2.68;3.25;2.55;2.3;0;0;1.4;1.72;2.25;3;0;2.7;2;1.6;1.34;0;2.53;6.6;1.82;2.2;10.75;1.69;5.5;3.7;1.31;2.45;6;13;3.26;1.51;1.09;1.02;1.17;1.91;3.7;8;4.4;1.8;1.23;1.06;0;0;0;0;2;0;0;1;1;2;0;2020-08-16 15:30:00;-1;0;63;17;34;0;1;1;1;3;3;3;4;6;0;0;1;0;0;1;1;43;54;75;97;1.04;1.44;2.48;0;0;0;0;0;0;1;1;0;0;1;0;0;0;-1;-1;-1;-1;-1;-1;-1;-1;-1;0;13;75;88;100;42;75;100;59;6;0;4.83;2.75;MP;EIF;1.27;1.36;1;1.75;1.29;1.75;100;88;25;13;0;50;50;33;1.16;1.57;2.73;3818;22;Y;Y;N;N;N;N;Y
1001361;419;418;2020;complete;55660;11;-1;8,45,54;33,50;3;2;5;3;5;8;5;2;0;2;0;0;5;3;5;0;10;3;12;16;50;50;0;2;1.77;3.75;3.65;1;1.13;1.5;2.25;3.9;12.5;4.65;2.3;1.53;1.19;1.48;2.35;3.4;1.26;6;1.12;1.26;1.23;1.91;2.47;2.53;3.97;2.17;2.83;3.62;0;0;0;1.32;1.56;1.95;2.5;0;3.1;2.28;1.8;1.47;1.47;7.3;3.58;1.61;13.25;2.3;3.75;6.6;1.24;2.2;4.7;10.25;3.7;1.62;1.16;1.02;1.12;1.74;3.1;6.5;5.3;1.95;1.32;1.1;0;0;0;0;5;2;1;1;1;2;3;2020-08-16 15:30:00;419;0;42;29;25;0;1;1;1;1;2;4;2;6;0;1;0;1;1;1;1;68;78;119;109;1.48;0.97;2.46;0;1;0;1;0;0;1;1;1;0;0;1;0;0;-1;-1;-1;-1;-1;-1;-1;-1;-1;25;25;59;59;100;29;59;84;42;7.83;1.67;3.5;2.67;Gnistan;MYPA;1.36;0;0;0;0.25;0.17;75;75;42;42;0;54;42;25;1.34;1.2;2.54;3818;22;Y;Y;Y;Y;Y;N;Y
1001362;408;428;2020;complete;55660;11;-1;8,81;66,90;2;2;4;2;4;6;-1;-1;1;2;0;0;5;5;4;6;9;11;-1;-1;46;54;1;2;1.85;3.6;3.4;1.01;1.2;1.95;2.7;4.7;12;4;1.9;1.4;1.15;1.66;2.15;3.1;1.31;4.5;1.2;1.3;1.27;1.62;2.5;2.3;4;2.43;2.58;3.44;0;0;1.31;1.57;2;2.6;3.6;3.1;2.25;1.75;1.43;1.24;1.67;6.8;2.86;1.7;13;2.15;4;6.5;1.35;2.55;6;13;2.9;1.45;1.09;1.02;1.17;2;3.7;8;4.4;1.76;1.23;1.06;0;0;0;0;4;1;0;1;2;3;1;2020-08-22 13:30:00;-1;0;53;23;23;0;1;1;2;1;0;3;3;3;1;1;0;1;2;1;1;41;49;82;92;1.22;1.4;2.62;1;0;1;0;0;0;1;1;1;0;2;0;0;0;-1;-1;-1;-1;-1;-1;-1;-1;-1;23;33;45;65;100;45;78;88;33;9.15;1.85;3.5;2.65;VPS;MP;1.36;1.36;2.2;1.5;1.33;1.25;78;68;55;35;0;33;33;20;1.13;1.32;2.45;3818;22;Y;Y;Y;Y;N;N;Y
1001363;421;419;2020;complete;55660;11;-1;14,17,30,61,63,84;73;6;1;7;2;8;10;-1;-1;2;1;0;0;7;2;0;0;7;2;-1;-1;50;50;2;1;1.25;5.5;8;1.01;1.12;1.88;2.1;3.4;15;5.2;1.98;1.65;1.27;1.66;2.17;2.3;1.53;9;1.07;1.11;1.15;2.45;1.73;2.88;7;1.68;3.13;5.7;0;0;0;0;0;0;0;0;0;0;0;0;0;0;0;1.33;19;3.25;2.75;14;1.25;2.3;4.9;10;3.6;1.65;1.14;1.04;1.12;1.73;3.1;7;5.3;2.04;1.32;1.08;0;0;0;0;7;3;0;3;1;4;3;2020-08-22 14:00:00;421;0;60;20;10;0;1;1;1;3;1;5;4;6;0;0;2;1;0;3;1;26;35;68;82;1.13;0.53;1.66;0;1;0;1;0;0;1;1;0;0;0;0;0;0;-1;-1;-1;-1;-1;-1;-1;-1;-1;10;50;60;90;100;60;90;90;50;8.3;1.4;6;3.2;KPV;Gnistan;1.27;0.82;1;0.4;1.38;0.56;90;50;40;10;0;65;65;45;1.3;1.06;2.36;3818;22;Y;Y;Y;Y;Y;Y;Y
1001364;6987;426;2020;complete;55660;11;-1;23,89;9,27,84;2;3;5;-1;-1;-1;-1;-1;4;0;2;0;-1;-1;-1;-1;-1;-1;-1;-1;-1;-1;7;0;2.65;3.5;2.25;1.01;1.19;1.65;2.7;4.75;10.25;3.85;2.05;1.37;1.12;1.56;2.2;4;1.22;3.5;1.29;1.57;1.25;1.36;3.4;2.3;2.88;3;2.6;2.5;0;0;0;0;0;0;0;0;0;0;0;0;0;0;0;0;0;0;0;0;1.33;2.5;6.5;19;3.25;1.5;1.11;1.02;1.18;1.83;3.75;10;4.5;1.83;1.25;1.06;0;0;0;0;5;1;2;1;1;2;3;2020-08-22 14:00:00;426;0;40;30;10;0;-1;1;-1;-1;-1;-1;-1;-1;5;0;1;0;5;1;-1;0;0;0;0;0;0;0;0;1;0;1;0;0;1;1;0;1;-1;-1;1;0;-1;-1;-1;-1;-1;-1;-1;-1;-1;0;10;30;70;90;40;60;60;30;11;0.6;3.6;2;Kajaani;KTP;0.91;2.64;0.6;2.2;0.89;2;100;90;70;30;10;80;80;70;1.33;1.17;2.5;3818;22;Y;Y;Y;Y;Y;N;Y
1001365;418;9749;2020;complete;55660;12;-1;12,22,28,59;65,83;4;2;6;2;8;10;3;3;0;2;0;0;11;7;4;3;15;10;14;11;43;57;0;2;2.34;3.35;2.61;1.01;1.17;1.6;2.4;4.3;13;4.5;2.2;1.5;1.18;1.56;2.36;3.75;1.25;4;1.22;1.4;1.27;1.48;2.8;2.2;3.1;2.67;2.63;2.98;0;0;0;1.37;1.65;2.06;2.7;0;2.85;2.16;1.68;1.41;1.92;6.9;2.33;1.8;14;1.95;5;6;1.32;2.4;5.6;12;3.1;1.5;1.11;1.03;1.15;1.89;3.5;7.5;4.7;1.85;1.26;1.07;0;0;0;0;6;3;0;1;2;3;3;2020-08-22 14:00:00;418;0;38;13;25;0;1;1;2;1;0;7;3;7;0;1;0;1;1;1;1;42;46;75;85;2.02;1.46;3.47;2;1;2;1;0;0;1;1;0;0;2;1;0;1;-1;-1;-1;-1;-1;-1;-1;-1;-1;0;25;63;63;75;25;38;75;50;6.5;3.75;4;2.25;MYPA;SJK Akatemia;0.55;0.27;0.5;0;0.14;0.44;100;75;38;38;25;75;75;50;1.55;0.7;2.25;3818;22;Y;Y;Y;Y;Y;Y;Y
1001366;425;423;2020;complete;55660;12;-1;33;17;1;1;2;5;3;8;-1;-1;3;2;0;0;4;7;3;4;7;11;-1;-1;50;50;3;2;1.59;3.75;4.7;1.01;1.22;1.77;2.95;5.35;9.75;3.55;1.87;1.32;1.1;1.77;1.87;2.25;1.56;5;1.16;1.16;1.24;1.95;2.15;2.15;5;2.01;2.6;4.8;0;0;1.36;1.7;2.2;3.1;4.33;2.8;2;1.57;1.3;1.17;1.44;7;3.86;1.5;11;2.7;2.75;9;1.4;2.7;6.4;15;2.7;1.4;1.08;1.02;1.19;2.09;4;10;4.2;1.69;1.21;1.04;0;0;0;0;2;1;1;0;0;0;2;2020-08-21 15:30:00;-1;0;30;0;20;0;1;1;3;0;2;3;3;5;2;1;1;1;3;2;1;43;36;90;84;1.04;1.45;2.49;0;0;0;0;0;0;1;1;0;0;0;0;0;0;-1;-1;-1;-1;-1;-1;-1;-1;-1;0;10;30;60;90;20;40;90;40;11;0;4;1.9;Oulu;EIF;2.18;1.36;2.6;1.6;2.56;1.67;100;90;70;40;10;63;63;38;1.86;1.54;3.4;3818;22;Y;Y;N;N;N;N;Y
1001367;416;9766;2020;complete;55660;12;-1;28,36,45,49,60;47,52;5;2;7;8;4;12;6;2;0;3;0;0;7;5;8;5;15;10;10;9;50;50;0;3;1.49;4.25;4.9;1;1.1;1.42;2.05;3.4;14.5;5.15;2.55;1.62;1.24;1.49;2.35;2.9;1.35;8;1.08;1.16;1.19;2.1;1.9;2.5;4.7;1.86;2.99;4.58;0;0;0;0;0;0;0;0;0;0;0;0;0;0;0;1.42;25;2.6;3.1;8.25;1.25;2.1;4.6;10;3.6;1.65;1.16;1.04;1.11;1.67;2.9;6.5;5.5;2.12;1.36;1.1;0;0;0;0;7;3;0;2;2;4;3;2020-08-23 15:30:00;416;0;38;0;25;0;-1;1;-1;-1;-1;-1;-1;-1;0;1;0;2;1;2;-1;0;0;0;0;0;0;0;0;0;0;0;0;0;1;1;0;0;-1;-1;0;0;-1;-1;-1;-1;-1;-1;-1;-1;-1;13;13;50;75;88;25;75;88;38;10;1.5;2.75;2.63;Jaro;MuSa;2.09;1.36;3;2;2.11;1.89;88;88;50;25;13;63;63;38;2.19;1.68;3.87;3818;22;Y;Y;Y;Y;Y;Y;Y
1001368;418;428;2020;complete;55660;12;-1;;2;0;1;1;2;4;6;2;1;1;1;0;0;7;6;4;5;11;11;10;15;51;49;1;1;3.2;3.5;2;1.01;1.18;1.98;2.5;4.6;12.5;4.54;1.88;1.51;1.16;1.53;2.38;5;1.16;3.25;1.33;1.79;1.25;1.3;3.5;2.38;2.63;3.46;2.69;2.32;0;0;0;1.4;1.72;2.14;2.8;0;2.75;2;1.63;1.38;2.72;7.1;1.7;2.3;13;1.67;7;4;1.29;2.33;5.7;12;3.42;1.56;1.1;1.03;1.16;1.86;3.5;7.5;4.6;1.88;1.25;1.07;0;0;0;0;1;0;1;0;0;0;1;2020-08-26 15:30:00;428;0;54;10;54;0;1;1;2;2;0;2;4;2;0;0;1;1;0;2;1;50;49;96;94;1.55;1.47;3.02;0;0;0;0;0;0;1;1;0;1;0;1;0;0;-1;-1;-1;-1;-1;-1;-1;-1;-1;27;37;64;64;84;37;57;74;54;7.6;4.6;3.6;2.9;MYPA;MP;0.55;1.36;1.33;1.4;0.5;1.22;74;64;37;37;17;60;60;34;1.7;1.34;3.04;3818;22;Y;N;N;N;N;N;N
1001369;423;418;2020;complete;55660;12;-1;10,32,38;;3;0;3;7;1;8;3;1;0;0;0;0;8;2;6;1;14;3;7;10;69;31;0;0;1.25;6.5;9;1.01;1.09;1.8;2.02;3.2;18;6.2;2.05;1.83;1.34;1.79;1.98;2.15;1.62;13;1.04;1.06;1.1;3.05;1.67;2.88;7;1.48;3.54;7.6;0;0;0;1.38;1.72;2.25;2.75;0;2.8;2.11;1.64;1.4;1.21;11.5;5.5;1.24;16;3.85;2.2;12;1.2;1.98;4.2;8;4;1.77;1.19;1.06;1.09;1.61;2.85;5.5;6.1;2.23;1.39;1.13;0;0;0;0;3;3;0;0;0;0;3;2020-08-29 13:00:00;423;0;55;20;55;0;1;-1;3;0;4;1;3;5;0;0;0;0;0;0;1;54;18;109;56;1.84;0.47;2.31;-1;-1;-1;-1;-1;-1;-1;1;1;0;2;0;-1;-1;-1;-1;-1;-1;-1;-1;-1;-1;-1;43;43;55;55;88;33;55;88;55;8.3;3.2;4.15;2.95;EIF;MYPA;2.09;0;1.75;0;1.6;0.44;58;58;45;45;13;55;33;33;1.38;1.16;2.54;3818;22;Y;Y;Y;N;N;N;N
1001370;9766;421;2020;complete;55660;13;-1;7,90;31,52;2;2;4;1;6;7;-1;-1;-1;-1;-1;-1;4;10;6;15;10;25;-1;-1;50;50;-1;-1;2.75;3.65;2.15;1;1.15;1.51;2.35;4.1;12;4.35;2.25;1.49;1.17;1.48;2.35;4.9;1.13;3.4;1.3;1.74;1.25;1.32;3.7;2.34;2.55;3.38;2.69;2.37;0;0;0;0;1.85;0;0;0;0;1.95;0;0;0;0;0;2.2;11.75;1.67;5.95;3.8;1.29;2.33;5.5;11;3.42;1.56;1.11;1.03;1.15;1.86;3.4;7.5;4.7;1.88;1.27;1.07;0;0;0;0;4;1;1;1;1;2;2;2020-08-29 14:00:00;-1;0;64;37;27;0;1;-1;0;3;1;3;3;4;-1;-1;-1;-1;-1;-1;1;26;60;78;110;1.11;2.7;3.81;-1;-1;-1;-1;-1;-1;-1;1;1;0;0;2;-1;-1;-1;-1;-1;-1;-1;-1;-1;-1;-1;37;47;64;74;100;54;80;84;57;9.8;0;5.8;3.3;MuSa;KPV;1.55;1.36;1.8;2;1.7;1.56;64;54;37;27;0;10;10;0;1.93;1.36;3.29;3818;22;Y;Y;Y;Y;N;N;Y
1001371;9749;6987;2020;complete;55660;13;-1;87;26,60,82,90;1;4;5;6;4;10;-1;-1;-1;-1;-1;-1;5;5;6;3;11;8;-1;-1;45;55;-1;-1;3.3;3.55;1.91;1.01;1.16;1.57;2.45;4.4;11;4.15;2.15;1.44;1.15;1.51;2.25;4.9;1.13;3.25;1.33;1.83;1.25;1.28;3.96;2.34;2.43;3.58;2.69;2.27;0;0;1.31;1.55;2;2.7;3.6;3.1;2.42;1.8;1.45;1.24;2.86;6.8;1.67;2.2;11.25;1.69;6;3.65;1.29;2.36;5.5;12;3.4;1.55;1.11;1.03;1.15;1.87;3.4;7.5;4.7;1.87;1.27;1.07;0;0;0;0;5;0;1;1;3;4;1;2020-08-30 14:00:00;6987;0;35;0;13;0;1;-1;2;2;4;2;4;6;-1;-1;-1;-1;-1;-1;1;49;48;72;76;1.4;1.2;2.6;-1;-1;-1;-1;-1;-1;-1;1;0;0;0;0;-1;-1;-1;-1;-1;-1;-1;-1;-1;-1;-1;0;10;43;78;88;30;65;88;35;12.5;0.25;5.05;2.18;SJK Akatemia;Kajaani;1.09;1.18;0.8;1.25;0.4;0.8;100;90;58;23;13;78;78;55;1.02;1.43;2.45;3818;22;Y;Y;Y;Y;Y;N;Y
1001372;419;408;2020;complete;55660;13;-1;68;59,84;1;2;3;9;4;13;9;2;0;0;0;0;4;3;9;4;13;7;11;16;50;50;0;0;2.65;3.6;2.2;1;1.15;1.53;2.35;4.15;11.75;4.4;2.25;1.48;1.17;1.47;2.4;4.4;1.16;4;1.22;1.52;1.25;1.38;3.27;2.47;2.87;2.9;2.6;2.5;0;0;0;1.4;1.7;2.22;2.8;0;2.75;2.14;1.65;1.38;2.25;6.7;1.99;2;12;1.8;5.2;4.35;1.27;2.35;5.2;11.75;3.45;1.61;1.13;1.01;1.14;1.77;3.3;7;4.9;1.91;1.28;1.08;0;0;0;0;3;0;0;1;2;3;0;2020-08-30 14:00:00;408;0;38;25;25;0;1;-1;2;3;7;1;5;8;0;0;0;0;0;0;1;62;29;114;109;1.55;0.88;2.43;-1;-1;-1;-1;-1;-1;-1;1;0;0;1;0;-1;-1;-1;-1;-1;-1;-1;-1;-1;-1;-1;25;25;50;63;88;50;63;63;38;7.67;3.25;3.25;2.75;Gnistan;VPS;1.36;1.64;0.75;0.25;0.5;1.3;75;75;50;38;13;29;29;17;1.37;1.67;3.04;3818;22;Y;Y;Y;N;N;N;Y
1001373;426;416;2020;complete;55660;13;-1;7;67;1;1;2;6;11;17;1;1;0;0;0;0;8;9;4;7;12;16;10;8;42;58;0;0;2.45;3.55;2.35;1;1.09;1.37;2;3.25;14.75;5.5;2.7;1.69;1.27;1.34;2.85;5;1.17;5;1.17;1.44;1.29;1.53;2.88;2.5;3;2.6;2.88;2.62;0;0;0;0;0;0;0;0;0;0;0;0;0;0;0;0;0;0;0;0;1.22;2.1;4.5;11;4;1.67;1.18;1.05;1.12;1.57;2.75;6;6;2.25;1.4;1.12;0;0;0;0;2;1;0;0;1;1;1;2020-08-30 15:30:00;-1;0;65;45;55;0;1;-1;3;5;3;6;8;9;0;0;0;0;0;0;1;41;55;73;96;1.61;2.04;3.65;-1;-1;-1;-1;-1;-1;-1;1;1;0;2;0;-1;-1;-1;-1;-1;-1;-1;-1;-1;-1;-1;35;55;75;88;88;78;88;75;65;9.75;5.85;4.5;3.5;KTP;Jaro;1.64;1.64;1.75;1.4;2.1;2.2;65;45;25;13;13;75;50;38;1.87;1.33;3.2;3818;22;Y;Y;N;N;N;N;Y
1001374;428;425;2020;complete;55660;13;-1;;72;0;1;1;3;3;6;-1;-1;-1;-1;-1;-1;5;4;5;6;10;10;-1;-1;50;50;-1;-1;4.85;3.7;1.57;1.02;1.24;1.8;3.05;5.5;9.25;3.45;1.83;1.29;1.09;1.8;1.83;4.95;1.13;2.25;1.57;2.32;1.22;1.14;5.29;2.33;2.27;5.15;2.65;1.93;0;0;1.38;1.69;2.25;2.9;4.2;2.8;2.15;1.64;1.36;1.19;4.16;7.3;1.39;2.8;9.5;1.49;6.8;2.6;1.39;2.83;6.6;15;3.02;1.44;1.08;1.02;1.2;2.09;4.1;10;4;1.69;1.2;1.04;0;0;0;0;1;0;0;0;1;1;0;2020-08-30 15:30:00;425;0;88;38;50;0;1;-1;1;2;2;1;3;3;-1;-1;-1;-1;-1;-1;1;45;38;104;107;1.32;1.2;2.51;-1;-1;-1;-1;-1;-1;-1;1;0;0;0;0;-1;-1;-1;-1;-1;-1;-1;-1;-1;-1;-1;0;13;63;88;100;38;63;88;63;10;0.25;3.5;2.63;MP;Oulu;1.27;2.36;1;2.5;1.4;2.4;100;88;38;13;0;75;75;38;1.13;1.82;2.95;3818;22;Y;N;N;N;N;N;N
1001375;408;423;2020;complete;55660;14;-1;44;;1;0;1;4;6;10;-1;-1;7;4;0;0;3;3;3;5;6;8;-1;-1;45;55;7;4;3;3.75;2.05;1.01;1.19;2.25;2.6;5.6;11.25;4.3;1.57;1.44;1.17;1.54;2.35;4.55;1.15;0;0;1.65;1.22;1.3;3.5;2.2;2.6;3.25;2.55;2.3;0;0;0;0;2;0;0;0;0;1.8;0;0;0;0;0;2.15;11.25;1.71;6.5;4.33;1.3;2.4;5.5;12;3.32;1.53;1.11;1.03;1.18;1.83;3.75;9;4.5;1.83;1.25;1.07;0;0;0;0;1;1;0;0;0;0;1;2020-09-05 13:30:00;408;0;67;17;25;0;1;1;1;4;3;2;5;5;1;2;6;2;3;8;1;57;59;72;102;1;1.15;2.15;0;0;0;0;0;0;1;1;0;0;0;2;0;0;-1;-1;-1;-1;-1;-1;-1;-1;-1;9;34;42;83;100;42;67;92;50;7.6;0;4.5;2.67;VPS;EIF;1.36;1.36;2;1.5;1.45;1.73;92;67;59;17;0;37;37;27;1.14;1.52;2.66;3818;22;Y;N;N;N;N;N;N
1001376;421;428;2020;complete;55660;14;-1;60;42,82;1;2;3;8;3;11;1;1;1;1;0;0;10;6;12;3;22;9;12;12;56;44;1;1;1.4;4.23;5.95;1.03;1.2;1.6;2.62;5.5;15;4.33;2.3;1.44;1.18;1.73;2;2.35;1.51;0;0;1.09;1.17;2.35;2.1;2.4;5;1.83;2.75;4.75;0;0;0;1.53;2;2.67;0;0;2.36;1.8;1.4;0;0;0;0;1.36;15;3.1;2.75;1.11;1.3;2.5;6;17;3.4;1.5;1.12;1.02;1.17;1.83;3.75;9;5;1.83;1.25;1.07;0;0;0;0;3;0;1;1;1;2;1;2020-09-05 14:00:00;428;0;42;17;25;0;1;1;6;2;2;1;8;3;0;0;1;1;0;2;1;48;27;77;76;2.42;1.19;3.61;1;0;1;0;0;0;1;1;0;0;0;0;0;0;-1;-1;-1;-1;-1;-1;-1;-1;-1;17;50;59;67;100;58;83;75;42;9.67;3.17;4.83;3.09;KPV;MP;1.27;1.36;1.33;1.67;1.45;1.27;83;50;42;34;0;50;50;17;1.27;1.36;2.63;3818;22;Y;Y;Y;N;N;N;Y
1001377;6987;9766;2020;complete;55660;14;-1;30,41,90;17;3;1;4;-1;-1;-1;-1;-1;4;1;0;0;-1;-1;-1;-1;-1;-1;-1;-1;-1;-1;4;1;2.2;3.5;2.65;1;1.14;1.51;2.3;4;12.25;4.45;2.3;1.5;1.18;1.44;2.45;4.15;1.18;0;0;1.41;1.22;1.5;3;2.38;3.1;2.62;2.75;2.75;0;0;0;0;0;0;0;0;0;0;0;0;0;0;0;1.8;17;2;5.5;7;1.29;2.25;5.5;15;3.5;1.57;1.14;1.03;1.14;1.73;3.4;7;5.5;2;1.3;1.1;0;0;0;0;4;2;1;1;0;1;3;2020-09-05 14:00:00;6987;0;64;25;37;0;-1;1;-1;-1;-1;-1;-1;-1;2;0;2;1;2;3;-1;0;0;0;0;0;0;0;0;0;0;0;0;0;1;1;0;0;-1;-1;0;0;-1;-1;-1;-1;-1;-1;-1;-1;-1;19;27;37;82;90;35;82;74;45;10.8;0.1;4.73;2.74;Kajaani;MuSa;0.91;1.36;0.5;1.6;1;1.64;82;74;64;19;10;100;100;80;1.33;1.68;3.01;3818;22;Y;Y;Y;Y;N;N;Y
1001378;425;418;2020;complete;55660;14;-1;37,65,68,81;;4;0;4;7;6;13;-1;-1;2;5;0;0;7;4;14;0;21;4;-1;-1;50;50;2;5;1.11;7.5;13;1;1.06;1.29;1.8;2.75;16.75;6.3;3.1;1.87;1.36;2;1.67;1.65;2.1;0;0;1.01;1.07;5.1;1.53;3;11;1.4;3.5;9;0;0;0;0;0;0;0;0;0;0;0;0;0;0;0;1.14;19;5.5;1.9;19;1.22;2;4.33;11;4;1.73;1.2;1.05;1.12;1.66;3;6.5;6;2.1;1.36;1.11;0;0;0;0;4;1;0;3;0;3;1;2020-09-05 14:00:00;425;0;42;25;34;0;1;1;3;5;4;1;8;5;0;3;2;2;3;4;1;78;44;124;91;2.38;0.86;3.24;1;0;1;0;0;0;1;1;0;0;0;1;0;0;-1;-1;-1;-1;-1;-1;-1;-1;-1;25;25;42;59;92;34;59;75;34;10.13;0.67;3.5;2.42;Oulu;MYPA;2.18;0;2.33;0;2.45;0.45;75;75;58;42;9;55;47;37;1.7;1.04;2.74;3818;22;Y;Y;Y;Y;N;N;N
1001379;416;419;2020;complete;55660;14;-1;24,68;31,90;2;2;4;5;6;11;4;1;3;0;0;0;4;8;4;7;8;15;17;12;56;44;3;0;1.24;5.65;7.75;1;1.05;1.26;1.69;2.55;17.5;6.8;3.3;2;1.42;1.53;2.25;2.45;1.47;0;0;1.02;1.08;3.4;1.62;3.1;7;1.44;3.6;7.5;0;0;1.44;1.52;1.85;2.54;3.36;2.62;2.29;1.85;1.41;1.29;1.28;9.7;4.72;1.22;29;4;2.5;23;1.17;1.83;3.75;9;5;1.83;1.25;1.07;1.08;1.5;2.5;5;8;2.5;1.5;1.16;0;0;0;0;4;1;1;1;1;2;2;2020-09-06 15:30:00;-1;0;62;9;37;0;1;1;3;1;2;5;4;7;0;0;3;0;0;3;1;47;31;95;75;1.13;1.73;2.86;0;0;0;0;0;0;1;1;0;0;0;0;0;0;-1;-1;-1;-1;-1;-1;-1;-1;-1;37;45;74;90;100;55;90;100;64;9.2;1.37;2.57;4.1;Jaro;Gnistan;2.09;0.82;3;0.33;2.09;0.45;64;55;27;10;0;50;50;40;2.19;0.95;3.14;3818;22;Y;Y;Y;Y;N;N;Y
1001380;426;9749;2020;complete;55660;15;-1;12,75,90,90;;4;0;4;6;6;12;4;0;2;1;0;0;13;3;4;4;17;7;14;6;57;43;2;1;1.25;5.55;7.5;1;1.06;1.29;1.8;2.85;16.5;6.3;3.05;1.83;1.33;1.61;2.1;0;0;0;0;0;0;0;1.57;3.1;8.5;0;0;0;0;0;0;0;0;0;0;0;0;0;0;0;0;0;0;0;0;0;0;0;1.18;1.83;3.75;10;4.5;1.83;1.25;1.06;1.11;1.57;2.75;6;6.5;2.25;1.4;1.12;0;0;0;0;4;1;0;3;0;3;1;2020-09-07 15:30:00;426;0;50;30;30;0;1;1;3;1;3;5;4;8;0;0;2;1;0;3;1;77;59;137;122;2.54;1.09;3.64;0;0;0;0;0;0;1;1;0;0;0;0;0;0;-1;-1;-1;-1;-1;-1;-1;-1;-1;30;50;60;80;90;60;80;80;50;9;3.2;2.4;3.2;KTP;SJK Akatemia;1.64;0.27;1.6;0;2;0.36;70;50;40;20;10;70;60;20;1.82;0.85;2.67;3818;22;Y;Y;Y;Y;N;N;N
1001381;428;416;2020;complete;55660;15;-1;17;78,84;1;2;3;5;5;10;-1;-1;1;0;0;0;4;9;3;10;7;19;-1;-1;43;57;1;0;3.85;3.7;1.71;1;1.15;1.53;2.4;4.1;11.5;4.4;2.25;1.48;1.17;1.51;2.3;4.95;1.11;0;0;1.69;1.19;1.27;3.6;2.4;2.5;3.15;2.65;2.2;0;0;1.34;1.62;2.06;2.75;3.86;3;2.16;1.68;1.4;1.22;2.77;7;1.69;2.15;12.5;1.67;5.75;3.9;1.29;2.25;5.5;15;3.5;1.57;1.14;1.03;1.14;1.71;3.2;7;4.9;1.91;1.29;1.08;0;0;0;0;3;1;0;0;2;2;1;2020-09-11 15:30:00;416;0;82;27;55;0;1;1;1;2;4;3;3;7;0;0;1;0;0;1;1;35;72;99;136;0.99;2.35;3.34;0;0;0;0;0;0;1;1;0;0;0;0;0;0;-1;-1;-1;-1;-1;-1;-1;-1;-1;9;25;72;90;100;44;80;100;64;9.4;2.77;3.75;3.04;MP;Jaro;1.27;1.64;0.8;1.33;1.42;2;92;75;29;10;0;70;60;40;1.16;1.47;2.63;3818;22;Y;Y;Y;N;N;N;Y
1001382;419;6987;2020;complete;55660;15;-1;69;;1;0;1;10;1;11;2;0;2;0;0;0;7;6;9;4;16;10;10;16;58;42;2;0;0;0;0;1.02;1.16;1.6;2.37;4.33;17;5;2.3;1.53;1.2;0;0;4.6;1.13;0;0;1.57;1.19;1.33;3.2;2.4;2.88;2.95;2.65;2.35;0;0;1.23;1.43;1.75;2.24;3;3.8;2.6;1.96;1.57;1.34;2.22;6.6;2.02;2;12.75;1.74;5.3;4.2;1.29;2.25;5.5;15;3.5;1.57;1.14;1.03;1.12;1.71;3.1;7;5.3;1.95;1.32;1.08;0;0;0;0;1;0;0;1;0;1;0;2020-09-12 12:00:00;419;0;60;20;40;0;1;1;7;0;3;1;7;4;0;0;2;0;0;2;1;75;39;144;106;2.05;1.34;3.4;0;0;0;0;0;0;1;1;0;0;2;0;0;0;-1;-1;-1;-1;-1;-1;-1;-1;-1;20;20;60;80;90;20;60;80;60;11;3.2;3.85;2.7;Gnistan;Kajaani;1.36;1.18;0.6;1.6;0.5;1.17;80;80;40;20;10;60;60;30;1.41;1.39;2.8;3818;22;Y;N;N;N;N;N;N
1001383;9749;425;2020;complete;55660;15;-1;90;72;1;1;2;0;3;3;-1;-1;3;2;0;0;3;4;1;11;4;15;-1;-1;37;63;3;2;8.25;5.4;1.25;1;1.11;1.43;2.1;3.55;13.75;5;2.5;1.59;1.22;1.74;1.91;8.5;1.02;0;0;3.2;1.09;1.01;7;2.75;1.73;6.4;3.15;1.47;0;0;1.2;1.44;1.73;2.2;3.1;3.9;2.5;1.95;1.57;1.3;6.6;9.6;1.19;3.6;14;1.27;10.5;2.2;1.2;2;4.25;9.25;3.95;1.69;1.18;1.02;1.11;1.69;2.9;6.5;5.5;2.09;1.36;1.1;0;0;0;0;2;0;0;1;1;2;0;2020-09-12 12:00:00;-1;0;47;20;19;0;1;1;0;3;0;0;3;0;0;0;3;2;0;5;1;39;88;106;133;0.76;1.87;2.63;0;0;0;0;0;0;1;1;0;0;0;0;0;0;-1;-1;-1;-1;-1;-1;-1;-1;-1;9;27;54;72;100;45;62;90;37;12;0.03;4.05;2.6;SJK Akatemia;Oulu;1.09;2.36;0.67;2.6;0.33;2.5;92;74;47;29;0;72;72;45;1.08;1.7;2.78;3818;22;Y;Y;N;N;N;N;Y
1001384;423;421;2020;complete;55660;15;-1;23,80;;2;0;2;3;6;9;-1;-1;2;2;0;0;5;4;4;4;9;8;-1;-1;48;52;2;2;2.05;3.42;2.94;1.03;1.2;1.65;2.62;4.5;15;4.33;2.2;1.44;1.18;1.54;2.3;3.3;1.26;0;0;1.3;1.2;1.61;2.75;2.3;3.4;2.35;2.55;3.05;0;0;1.38;1.67;2.15;2.9;4.1;2.8;2.07;1.62;1.36;1.19;1.84;6.7;2.49;1.71;11.5;2.1;3.8;5.2;1.29;2.4;5.35;11.25;3.2;1.49;1.11;1.02;1.15;1.83;3.4;7.5;4.7;1.8;1.27;1.07;0;0;0;0;2;1;0;1;0;1;1;2020-09-12 13:00:00;423;0;60;20;50;0;1;1;3;1;0;5;4;5;0;0;2;2;0;4;1;63;74;99;107;1.38;1.33;2.7;0;0;0;0;0;0;1;1;0;0;1;0;0;0;-1;-1;-1;-1;-1;-1;-1;-1;-1;20;30;60;70;90;50;70;70;50;9.5;1.8;4.4;2.8;EIF;KPV;2.09;1.36;2;1.6;1.58;1.33;80;70;40;30;10;20;10;10;1.48;1.92;3.4;3818;22;Y;Y;N;N;N;N;N
1001385;418;408;2020;complete;55660;16;-1;17,90,90;38,56,60,64,81,90;3;6;9;6;5;11;1;3;0;0;0;0;8;10;4;3;12;13;9;17;43;57;0;0;3.72;3.63;1.74;1.03;1.17;1.6;2.38;4.33;15;5;2.3;1.53;1.2;1.57;2.25;5.15;1.1;0;0;1.91;1.19;1.17;4.33;2.4;2.3;3.85;2.65;1.95;0;0;1.21;1.41;1.7;2.16;2.85;3.9;2.7;2.03;1.62;1.37;2.23;6.6;2.01;2.4;11.75;1.54;6.35;3.2;1.3;2.4;5.4;11.75;3.2;1.49;1.11;1.03;1.14;1.74;3.3;7;4.9;1.91;1.28;1.08;0;0;0;0;9;1;1;2;5;7;2;2020-09-12 14:00:00;408;0;50;0;50;0;1;-1;2;3;4;2;5;6;0;0;0;0;0;0;1;37;44;79;99;1.59;1.84;3.43;1;0;1;0;0;0;1;1;0;0;2;0;-1;-1;-1;-1;-1;-1;-1;-1;-1;-1;-1;20;20;40;60;80;30;40;60;50;6.75;4.2;3.4;2.5;MYPA;VPS;0.55;1.64;1;0.8;0.42;1.58;80;80;60;40;20;55;55;45;1.61;1.48;3.09;3818;22;Y;Y;Y;Y;Y;Y;Y
1001386;9766;426;2020;complete;55660;16;-1;;28,45,61,62,65,90;0;6;6;4;6;10;2;2;0;2;0;0;2;8;6;5;8;13;12;13;42;58;0;2;2.75;3.6;2.1;1;1.1;1.41;2.05;3.4;13.75;5.2;2.55;1.62;1.24;1.37;2.7;0;0;0;0;0;0;0;3.4;2.38;2.75;0;0;0;0;0;0;0;0;0;0;0;0;0;0;0;0;0;0;0;0;0;0;0;1.29;2.38;5.5;15;3.5;1.53;1.14;1.03;1.14;1.73;3.4;8;5.5;2;1.3;1.08;0;0;0;0;6;0;2;0;4;4;2;2020-09-12 14:00:00;426;0;50;42;25;0;1;1;3;2;1;4;5;5;0;1;0;1;1;1;1;42;44;76;95;0.95;1.7;2.66;0;0;0;0;0;0;1;1;0;0;0;0;0;0;-1;-1;-1;-1;-1;-1;-1;-1;-1;25;42;59;75;92;50;59;84;58;9.17;0.84;3.63;3;MuSa;KTP;1.55;2.64;1.67;2.33;1.5;2.08;75;58;42;25;9;39;39;20;1.79;1.17;2.96;3818;22;Y;Y;Y;Y;Y;Y;N
1001387;421;418;2020;complete;55660;16;-1;18,28,40,54,86,90;;6;0;6;11;1;12;2;1;1;3;0;0;7;0;4;4;11;4;12;15;64;36;1;3;1.13;8.4;16;1;1.03;1.82;1.63;2.38;41;8.5;2.03;2.23;1.5;1.75;1.98;2.25;1.57;0;0;1.02;1.05;5.25;1.4;3.55;9.5;1.3;4.3;9.5;0;0;1.17;1.33;1.6;2.05;2.7;4.33;2.9;2.15;1.67;1.4;1.22;13.5;4.98;1.14;46;4.5;2.1;41;1.13;1.71;3.4;7.5;5.5;2;1.27;1.06;1.07;1.45;2.36;4.74;6.8;2.65;1.55;1.15;0;0;0;0;6;3;0;3;0;3;3;2020-09-16 14:00:00;421;0;50;22;36;0;1;1;6;0;5;1;6;6;1;1;0;2;2;2;1;51;9;89;60;1.56;0.33;1.88;0;0;0;0;0;0;1;1;0;0;1;0;0;0;-1;-1;-1;-1;-1;-1;-1;-1;-1;29;57;71;79;100;57;79;86;57;9.28;2.43;5.43;3.5;KPV;MYPA;1.27;0;1.14;0;1.23;0.38;72;43;29;22;0;72;65;43;1.44;1.02;2.46;3818;22;Y;Y;Y;Y;Y;Y;N
1001388;416;423;2020;complete;55660;16;-1;23,36,41,64;45,59;4;2;6;4;5;9;2;2;4;3;0;0;9;7;5;8;14;15;19;10;45;55;4;3;1.77;3.7;3.6;1;1.16;1.57;2.4;4.2;12;4.2;2.15;1.47;1.16;1.53;2.25;3.25;1.29;0;0;1.28;1.23;1.75;2.5;2.38;3.65;2.28;2.75;3.45;0;0;1.22;1.44;1.83;2.3;3.2;3.7;2.5;1.83;1.53;1.29;1.62;7.1;2.95;1.62;14;2.3;4;8;1.24;2.33;5.6;11;3.65;1.53;1.12;1.02;1.14;1.82;3.46;7;4.9;1.92;1.31;1.08;0;0;0;0;6;3;1;1;1;2;4;2020-09-16 15:30:00;416;0;47;16;32;0;1;1;4;0;0;5;4;5;1;1;3;2;2;5;1;37;29;86;92;1.78;1.65;3.43;1;0;1;0;0;0;1;1;0;0;1;0;0;0;-1;-1;-1;-1;-1;-1;-1;-1;-1;17;32;56;77;100;55;70;86;55;9.5;2.36;3.69;3.16;Jaro;EIF;2.09;1.36;2.67;1.29;2.08;1.69;84;68;44;23;0;50;50;34;1.98;1.46;3.44;3818;22;Y;Y;Y;Y;Y;Y;Y
1001389;408;425;2020;complete;55660;16;-1;90;38,48;1;2;3;5;4;9;-1;-1;-1;-1;-1;-1;6;5;6;3;12;8;-1;-1;52;48;-1;-1;3.85;3.55;1.77;1.01;1.22;1.77;2.95;5.45;9.75;3.55;1.87;1.31;1.09;1.74;1.91;4.3;1.17;0;0;1.79;1.26;1.24;4.1;2.2;2.5;3.8;2.55;2.28;0;0;1.4;1.73;2.3;3.2;4.5;2.7;1.95;1.53;1.29;1.15;3.05;7;1.6;2.38;11;1.67;6.5;3.6;1.32;2.75;7;13;3.1;1.4;1.08;1.01;1.21;2.05;4.42;9;3.9;1.72;1.21;1.05;0;0;0;0;3;0;1;1;1;2;1;2020-09-16 15:30:00;425;0;69;24;31;0;1;-1;0;3;5;1;3;6;-1;-1;-1;-1;-1;-1;1;82;38;109;67;1.77;1.13;2.9;0;0;0;0;0;0;1;1;0;0;0;0;-1;-1;-1;-1;-1;-1;-1;-1;-1;-1;-1;7;30;38;69;100;31;60;85;47;9.5;0;4.77;2.44;VPS;Oulu;1.36;2.36;2.14;2.33;1.69;2.38;93;70;62;31;0;47;47;31;1.12;1.73;2.85;3818;22;Y;Y;Y;N;N;N;Y
1001390;6987;428;2020;complete;55660;17;-1;;;0;0;0;-1;-1;-1;-1;-1;1;0;0;0;-1;-1;-1;-1;-1;-1;-1;-1;-1;-1;1;0;2;3.45;3.1;1.01;1.2;1.69;2.75;4.95;10;3.75;1.95;1.36;1.11;1.61;2.1;2.95;1.34;0;0;1.29;1.24;1.71;2.6;2.32;3.65;2.35;2.65;3.45;0;0;0;0;0;0;0;0;0;0;0;0;0;0;0;1.67;13;2.3;4;7;1.26;2.45;6.1;12;3.45;1.48;1.1;1.02;1.19;1.88;3.76;8;4.2;1.86;1.27;1.06;0;0;0;0;0;0;0;0;0;0;0;2020-09-16 15:30:00;-1;0;57;36;36;0;-1;1;-1;-1;-1;-1;-1;-1;1;0;0;0;1;0;-1;0;0;0;0;0;0;0;0;0;0;0;0;0;1;1;0;0;-1;-1;0;0;-1;-1;-1;-1;-1;-1;-1;-1;-1;14;36;50;72;100;43;86;71;43;10.29;0.86;4;2.72;Kajaani;MP;0.91;1.36;0.86;1.86;1.08;1.31;86;64;50;29;0;65;65;57;1.33;1.34;2.67;3818;22;N;N;N;N;N;N;N
1001391;426;419;2020;complete;55660;17;-1;6,22,36,56;;4;0;4;6;5;11;2;0;1;1;0;0;8;4;4;6;12;10;10;11;54;46;1;1;1.38;4.6;5.8;1;1.11;1.42;2.1;3.5;13.75;5.1;2.55;1.61;1.23;1.54;2.2;0;0;0;0;0;0;0;1.83;2.75;6;1.72;0;5;0;0;0;0;0;0;0;0;0;0;0;0;0;0;0;1.33;0;3.25;0;0;1.22;2;4.33;11;4;1.72;1.2;1.05;1.12;1.66;3;6.5;6;2.1;1.36;1.11;0;0;0;0;4;3;0;1;0;1;3;2020-09-16 15:30:00;426;0;68;31;38;0;1;1;5;2;1;3;7;4;1;0;0;1;1;1;1;79;67;117;107;1.89;1.4;3.29;0;0;0;0;0;0;1;1;1;0;3;1;0;0;-1;-1;-1;-1;-1;-1;-1;-1;-1;31;54;61;92;92;54;92;84;61;9.17;1.76;3.19;3.5;KTP;Gnistan;1.64;0.82;1.83;0.43;2.15;0.69;69;47;40;9;9;75;67;50;1.94;1.08;3.02;3818;22;Y;Y;Y;Y;N;N;N
1001392;9766;9749;2020;complete;55660;17;-1;12,64,67;19,60;3;2;5;8;3;11;-1;-1;5;1;0;0;6;5;5;4;11;9;-1;-1;44;56;5;1;1.49;4.4;4.75;1;1.1;1.39;2.05;3.35;14;5.2;2.65;1.65;1.25;1.49;2.35;2.7;1.39;0;0;1.1;1.13;2.7;1.84;2.8;5.1;1.68;3.2;5.2;0;0;1.2;1.4;1.73;2.2;2.9;3.9;2.7;1.95;1.57;1.33;1.41;9.4;3.58;1.36;23;3;3;14;1.18;2.02;4.5;10;4.4;1.7;1.17;1.04;1.13;1.65;2.88;6.5;5.1;2.16;1.42;1.1;0;0;0;0;5;1;1;2;1;3;2;2020-09-16 15:30:00;9766;0;45;30;23;0;1;1;3;2;5;1;5;6;0;0;5;1;0;6;1;57;36;84;103;1.53;1.19;2.72;0;0;0;0;0;0;1;1;0;0;1;0;0;0;-1;-1;-1;-1;-1;-1;-1;-1;-1;30;69;77;85;100;54;77;100;77;8.47;1.43;2.67;3.84;MuSa;SJK Akatemia;1.55;0.27;1.43;0;1.38;0.38;70;31;23;16;0;48;48;9;1.67;0.89;2.56;3818;22;Y;Y;Y;Y;Y;N;Y
1001393;9749;408;2020;complete;55660;17;-1;85;15;1;1;2;8;8;16;-1;-1;1;2;0;0;4;4;8;8;12;12;-1;-1;50;50;1;2;3.95;3.9;1.7;1.02;1.13;1.49;2.28;3.9;12;4.9;2.38;1.54;1.2;1.5;2.43;5.25;1.11;0;0;1.95;1.21;1.16;4.1;2.48;2.23;4;2.85;2.02;0;0;1.28;1.52;1.9;2.48;3.4;3.3;2.35;1.8;1.47;1.27;3.15;7.1;1.57;2.5;15;1.53;9;3.75;1.22;2.23;5.3;10.5;3.85;1.58;1.13;1.03;1.12;1.77;3.1;8;5.3;1.98;1.32;1.06;0;0;0;0;2;0;1;1;0;1;1;2020-09-20 12:00:00;-1;0;47;9;40;0;1;1;0;2;8;6;2;14;0;1;1;1;1;2;1;61;72;125;138;1.49;1.57;3.06;0;1;0;1;0;0;1;1;0;0;0;1;0;0;-1;-1;-1;-1;-1;-1;-1;-1;-1;24;31;54;77;92;47;61;84;47;9.14;1.54;3.67;3.27;SJK Akatemia;VPS;1.09;1.64;0.71;1.17;0.36;1.57;77;69;47;24;9;66;66;52;1.04;1.55;2.59;3818;22;Y;Y;N;N;N;N;Y
1001394;418;416;2020;complete;55660;17;-1;62;65;1;1;2;4;6;10;-1;-1;3;1;0;0;5;11;1;4;6;15;-1;-1;42;58;3;1;8.75;6.1;1.2;1;1.04;1.21;1.57;2.3;18;7.25;3.65;2.15;1.51;1.5;2.3;12;0;0;0;3.05;1.12;1.04;6.1;3.2;1.6;6.25;3.75;1.48;0;0;0;0;0;0;0;0;0;0;0;0;0;0;0;3.3;36;1.3;21;3.1;1.12;1.72;3.45;7.5;5.5;2;1.26;1.06;1.06;1.45;2.36;4.5;7.3;2.65;1.55;1.17;0;0;0;0;2;0;0;1;1;2;0;2020-09-20 14:00:00;-1;0;77;23;55;0;1;1;1;4;3;2;5;5;1;0;2;1;1;3;1;40;65;94;131;1.03;2.19;3.22;0;0;0;0;0;0;1;1;0;0;0;0;0;0;-1;-1;-1;-1;-1;-1;-1;-1;-1;24;38;68;84;92;45;75;84;69;9.5;4.9;3.31;3.54;MYPA;Jaro;0.55;1.64;0.83;1.57;0.36;2.14;77;62;32;17;9;75;67;50;1.61;1.62;3.23;3818;22;Y;Y;N;N;N;N;Y
1001395;423;6987;2020;complete;55660;18;-1;44,53,61,76,86;;5;0;5;8;7;15;5;3;1;2;0;0;7;2;5;4;12;6;10;7;66;34;1;2;1.44;4.1;5.65;1.01;1.18;1.61;2.5;4.35;11.25;4.05;2.1;1.43;1.15;1.71;1.95;2.35;1.5;0;0;1.11;1.18;2.2;2.06;2.48;4.8;1.88;2.85;4.7;0;0;1.4;1.7;2.2;3;0;2.75;2.02;1.59;1.34;0;1.39;7.3;4.16;1.4;15;2.88;2.88;11;1.24;2.32;5.6;11;3.65;1.54;1.12;1.02;1.15;1.82;3.4;8;4.7;1.92;1.27;1.06;0;0;0;0;5;1;0;4;0;4;1;2020-09-20 14:00:00;423;0;42;0;33;0;1;1;2;3;6;4;5;10;0;0;1;2;0;3;1;72;55;109;74;1.77;0.92;2.69;0;0;0;0;0;0;1;1;0;0;0;0;0;0;-1;-1;-1;-1;-1;-1;-1;-1;-1;17;17;42;67;83;17;59;75;42;9.84;1.67;4.1;2.34;EIF;Kajaani;2.09;1.18;2.17;1.33;1.57;1.07;83;83;59;33;17;67;50;34;1.46;1.38;2.84;3818;22;Y;Y;Y;Y;Y;N;N
1001396;425;421;2020;complete;55660;18;-1;67;38,65;1;2;3;3;9;12;-1;-1;2;4;0;0;2;3;7;7;9;10;-1;-1;57;43;2;4;1.71;3.6;4.05;1.02;1.24;1.83;3.15;5.65;9.25;3.4;1.8;1.29;1.08;1.77;1.87;2.5;1.47;0;0;1.12;1.17;2.1;2.2;2.35;4.6;2;2.7;4.4;0;0;1.3;1.55;1.95;2.55;3.5;3.2;2.3;1.76;1.45;1.25;1.4;7.4;4.06;1.44;11;2.88;2.88;9;1.28;2.6;6.5;13;3.3;1.44;1.09;1.01;1.19;1.98;4;9;4.2;1.77;1.21;1.05;0;0;0;0;3;0;1;1;1;2;1;2020-09-20 15:30:00;421;0;48;24;32;0;1;1;2;5;1;4;7;5;0;2;2;2;2;4;1;59;63;119;109;1.15;1.3;2.45;0;0;0;0;0;0;1;1;0;0;1;1;0;0;-1;-1;-1;-1;-1;-1;-1;-1;-1;9;24;40;70;93;32;70;77;40;11.63;0;4.37;2.35;Oulu;KPV;2.18;1.36;2.43;1.33;2.43;1.36;92;77;61;30;7;44;34;25;1.81;1.8;3.61;3818;22;Y;Y;Y;N;N;N;Y
1001397;419;9766;2020;complete;55660;18;-1;10,72,75;41;3;1;4;4;6;10;0;0;3;3;0;0;10;4;7;4;17;8;13;14;54;46;3;3;2.25;3.6;2.6;1;1.12;1.48;2.2;3.8;13;4.8;2.35;1.54;1.2;1.42;2.55;4.05;1.19;0;0;1.35;1.25;1.48;2.8;2.43;3.05;2.6;2.8;2.85;0;0;1.26;1.48;1.85;2.37;3.2;3.5;2.46;1.9;1.52;1.3;2;6.5;2.26;1.83;17;2;5.5;6.5;1.21;2.18;5.1;10;3.95;1.61;1.14;1.03;1.11;1.72;2.9;6.5;5.5;2.05;1.35;1.1;0;0;0;0;4;1;1;2;0;2;2;2020-09-20 15:30:00;419;0;59;25;33;0;1;1;0;2;4;4;2;8;1;1;2;2;2;4;1;47;49;108;100;2.12;1.15;3.26;0;0;0;0;0;0;1;1;1;0;0;0;0;0;-1;-1;-1;-1;-1;-1;-1;-1;-1;17;25;59;75;92;33;67;83;42;10.63;3.33;3;2.84;Gnistan;MuSa;1.36;1.36;1;1.33;0.64;1.5;83;75;42;25;9;75;75;47;1.52;1.68;3.2;3818;22;Y;Y;Y;Y;N;N;Y
1001398;428;426;2020;complete;55660;18;-1;29,88;58,84,90;2;3;5;9;8;17;-1;-1;1;1;0;0;6;5;11;12;17;17;-1;-1;50;50;1;1;3.6;3.75;1.9;1.02;1.19;1.6;2.6;4.13;17.75;4.33;1.6;2.6;1.19;1.65;2.15;5.65;1.1;0;0;2.05;1.19;1.18;4.75;2.4;2.2;4.3;2.85;1.88;0;0;1.27;1.49;1.89;2.53;3.28;3.4;2.46;1.92;1.45;1.29;3.96;7.1;1.4;2.4;18;1.57;7;2.95;1.29;2.35;5.45;12;3.35;1.54;1.12;1.01;1.16;1.74;3.6;8;4.75;1.95;1.25;1.06;0;0;0;0;5;1;0;1;3;4;1;2020-10-20 15:30:00;426;0;52;24;29;0;1;1;3;3;6;5;6;11;0;0;1;1;0;2;1;55;54;110;96;1.89;1.81;3.7;0;0;0;0;0;0;1;1;0;0;0;3;0;0;-1;-1;-1;-1;-1;-1;-1;-1;-1;13;24;71;82;94;48;71;88;53;9.13;0.41;2.75;2.89;MP;KTP;1.27;2.64;1.44;2.5;1.47;2.11;88;77;30;18;7;69;69;31;1.45;1.46;2.91;3818;22;Y;Y;Y;Y;Y;N;Y
1001399;416;425;2020;complete;55660;18;-1;90,90;;2;0;2;6;6;12;4;2;1;3;0;0;11;2;11;7;22;9;11;6;52;48;1;3;2.1;3.5;2.85;1.01;1.16;1.59;2.5;4.4;11.5;4.2;2.1;1.43;1.15;1.51;2.3;3.9;1.21;0;0;1.35;1.25;1.42;2.9;2.2;3;2.73;2.65;2.89;0;0;1.2;1.44;1.73;2.2;3.2;3.9;2.5;1.95;1.57;1.29;2.07;6.7;2.16;1.85;14;1.9;5;4.6;1.32;2.4;5.5;12;3.1;1.5;1.13;1.03;1.2;1.87;3.74;7.5;4.32;1.87;1.25;1.07;0;0;0;0;2;0;0;2;0;2;0;2020-09-25 15:30:00;416;0;64;29;50;0;1;1;3;3;3;3;6;6;0;0;1;3;0;4;1;52;28;77;61;2.52;0.91;3.43;0;0;0;0;0;0;1;1;0;0;0;1;0;0;-1;-1;-1;-1;-1;-1;-1;-1;-1;22;36;65;79;100;50;65;93;64;10.58;2.29;3.49;3.36;Jaro;Oulu;2.09;2.36;2.71;2.43;2.07;2.27;79;65;36;22;0;57;43;36;1.94;1.64;3.58;3818;22;Y;Y;N;N;N;N;N
1001400;426;423;2020;complete;55660;19;-1;27,36,45;88,90;3;2;5;4;8;12;0;0;4;2;1;0;4;8;5;17;9;25;12;12;43;57;6;2;1.95;3.65;3.15;1;1.16;1.56;2.45;4.2;11.5;4.2;2.2;1.44;1.16;1.5;2.3;0;0;0;0;0;0;0;2.62;2.4;3.6;2.3;0;3.25;0;0;0;0;0;0;0;0;0;0;0;0;0;0;0;1.61;0;2.3;0;0;1.3;2.5;6;17;3.4;1.5;1.12;1.02;1.16;1.8;3.5;8;5;1.9;1.28;1.08;0;0;0;0;5;3;0;0;2;2;3;2020-09-25 15:30:00;426;0;47;27;27;0;1;1;3;2;1;6;5;7;1;2;4;0;3;4;1;51;99;85;121;1.22;2.84;4.06;1;0;1;0;0;0;1;1;0;0;0;0;0;0;-1;-1;-1;-1;-1;-1;-1;-1;-1;21;41;48;81;93;54;75;73;47;9.43;2.42;4.17;2.89;KTP;EIF;1.64;1.36;2;1.13;2.21;1.67;80;59;53;20;7;72;57;36;1.93;1.49;3.42;3818;22;Y;Y;Y;Y;Y;N;Y
1001401;421;408;2020;complete;55660;19;-1;;41;0;1;1;6;7;13;-1;-1;3;3;1;0;0;3;7;3;7;6;-1;-1;50;50;4;3;1.6;3.98;4.08;1.02;1.15;1.55;2.43;4.23;11;5.44;2.45;1.56;1.22;1.5;2.5;3;1.31;0;0;1.17;1.18;1.88;2.35;2.57;4.44;2;2.8;4;0;0;0;0;0;0;0;0;0;0;0;0;0;0;0;1.53;15;2.6;3.6;9.5;1.25;2.34;5;11;3.5;1.6;1.14;1.02;1.17;1.79;3.24;6.5;4.5;1.96;1.33;1.1;0;0;0;0;1;0;1;0;0;0;1;2020-09-26 12:00:00;408;0;54;14;34;0;1;1;3;3;3;4;6;7;1;0;3;3;1;6;1;30;28;85;91;0.67;0.81;1.47;0;0;0;0;0;0;1;1;0;0;1;1;0;0;-1;-1;-1;-1;-1;-1;-1;-1;-1;27;46;59;80;93;59;73;80;53;10.92;3.06;4.46;3.66;KPV;VPS;1.27;1.64;1.38;1.14;1.47;1.53;73;55;41;21;7;78;78;59;1.45;1.55;3;3818;22;Y;N;N;N;N;N;N
1001402;6987;418;2020;complete;55660;19;-1;20,23,29,32,41,47,52,54,84,88;8,66;10;2;12;14;0;14;-1;-1;0;1;0;1;20;3;10;0;30;3;-1;-1;68;32;0;3;1.15;7;10;1;1.04;1.21;1.59;2.35;18.5;7.25;3.65;2.15;1.49;1.61;2.1;2.65;1.38;0;0;1.13;1.15;2.25;2.06;2.72;5.3;1.84;3.02;4.62;0;0;0;1.38;1.68;2.18;2.75;0;2.8;2.15;1.66;1.39;1.25;9.9;4.8;1.4;13.75;2.75;2.85;7.75;1.22;2.21;4.5;9.75;3.75;1.67;1.16;1.01;1.15;1.69;3.24;6.5;4.74;2.09;1.33;1.1;0;0;0;0;12;5;1;5;1;6;6;2020-10-21 15:30:00;6987;0;45;33;28;0;1;1;7;0;7;0;7;7;0;1;0;1;1;1;1;97;21;100;55;3.97;0.56;4.53;1;0;1;0;0;0;1;1;0;1;2;0;0;0;-1;-1;-1;-1;-1;-1;-1;-1;-1;28;50;56;78;95;56;78;73;50;8.56;0.55;4.44;3.11;Kajaani;MYPA;0.91;0;0.78;0;0.89;0.32;73;50;45;22;6;59;53;53;1.5;0.97;2.47;3818;22;Y;Y;Y;Y;Y;Y;Y
1001403;9766;428;2020;complete;55660;19;-1;52;62;1;1;2;10;3;13;-1;-1;0;2;0;1;9;4;7;4;16;8;-1;-1;39;61;0;3;2.2;3.45;2.75;1.01;1.18;1.65;2.65;4.65;10.75;4.05;2.05;1.39;1.13;1.54;2.25;3.45;1.23;0;0;1.27;1.22;1.65;2.6;2.25;3.6;2.4;2.63;3.2;0;0;0;0;0;0;0;0;0;0;0;0;1.1;14;9.5;1.73;13;2.2;4.5;6.5;1.29;2.38;5.5;12;3.25;1.53;1.13;1.02;1.2;1.86;3.5;7;4.32;1.88;1.29;1.08;0;0;0;0;2;0;0;1;1;2;0;2020-09-26 14:00:00;-1;0;51;32;38;0;1;1;9;2;1;1;11;2;0;0;0;3;0;3;1;53;39;80;96;2.02;1.08;3.09;0;0;0;0;0;0;1;1;0;0;5;0;0;0;-1;-1;-1;-1;-1;-1;-1;-1;-1;32;50;63;69;94;44;75;82;63;8.92;1.38;3.25;3.19;MuSa;MP;1.55;1.36;1.63;1.75;1.4;1.29;69;50;38;32;7;34;34;14;1.65;1.34;2.99;3818;22;Y;Y;N;N;N;N;Y
1001404;419;9749;2020;complete;55660;19;-1;10,13;90;2;1;3;4;7;11;2;4;2;1;0;0;3;5;6;2;9;7;20;14;51;49;2;1;1.47;4.25;5.2;1;1.14;1.49;2.25;3.8;12;4.55;2.35;1.53;1.2;1.59;2.15;2.75;1.36;0;0;1.17;1.18;2;2.13;2.66;5.17;1.89;2.93;4.54;0;0;1.21;1.41;1.7;2.2;2.85;3.9;2.7;2.12;1.65;1.37;1.43;7.6;3.76;1.44;12.75;2.65;3;7.5;1.22;2.28;4.6;9.5;3.85;1.63;1.15;1.02;1.17;1.75;3.4;7;4.5;2.01;1.3;1.08;0;0;0;0;3;2;0;0;1;1;2;2020-09-26 15:30:00;419;0;50;36;29;0;1;1;3;2;1;5;5;6;0;0;2;1;0;3;1;36;49;113;112;1.05;1.16;2.21;1;1;1;1;0;0;1;1;1;0;0;0;0;0;-1;-1;-1;-1;-1;-1;-1;-1;-1;22;50;79;79;100;50;72;93;64;9.71;3.28;2.28;3.36;Gnistan;SJK Akatemia;1.36;0.27;1.29;0;0.8;0.4;79;50;22;22;0;64;64;29;1.6;0.94;2.54;3818;22;Y;Y;Y;N;N;N;Y
1001405;408;416;2020;complete;55660;20;-1;51;5,15,83;1;3;4;4;6;10;-1;-1;0;1;0;0;6;6;7;3;13;9;-1;-1;62;38;0;1;3.8;4.25;1.83;1.02;1.18;1.6;2.37;4.33;17;4.5;2.3;1.53;1.2;1.53;2.37;5.2;1.12;0;0;1.8;1.2;1.23;4;2.3;2.6;3.4;2.7;2.2;0;0;1.29;1.53;1.95;2.5;3.7;3.2;2.3;1.73;1.44;1.22;2.86;6.2;1.67;2.1;12;1.72;6.3;3.55;1.28;2.37;5.5;15;3.5;1.53;1.14;1.03;1.2;1.8;3.5;7;4.32;1.87;1.29;1.08;0;0;0;0;4;0;2;1;1;2;2;2020-09-30 15:30:00;416;0;82;19;44;0;1;1;3;3;1;3;6;4;0;1;0;0;1;0;1;79;60;91;87;1.81;1.42;3.23;0;0;0;0;0;0;1;1;0;1;0;0;0;0;-1;-1;-1;-1;-1;-1;-1;-1;-1;13;38;63;88;100;38;88;94;63;10.13;1.5;4.57;3.07;VPS;Jaro;1.36;1.64;1.88;1.5;1.63;2.13;88;63;38;13;0;68;55;34;1.21;1.7;2.91;3818;22;Y;Y;Y;Y;N;N;Y
1001406;418;426;2020;complete;55660;20;-1;;15,25,68;0;3;3;2;8;10;-1;-1;1;1;0;0;6;13;5;9;11;22;-1;-1;41;59;1;1;7.5;5;1.28;1.01;1.11;1.42;1.9;3.25;23;6.5;2.75;1.8;1.33;1.61;2.2;0;0;0;0;0;0;0;7;2.75;1.72;6;0;1.57;0;0;0;0;0;0;0;0;0;0;0;0;0;0;0;3.25;0;1.33;0;0;1.2;1.9;4;11;4.33;1.8;1.22;1.05;1.12;1.61;2.75;6;6;2.2;1.4;1.12;0;0;0;0;3;0;2;0;1;1;2;2020-09-30 15:30:00;426;0;50;22;43;0;1;1;2;5;0;3;7;3;0;1;1;0;1;1;1;44;50;89;97;1.44;2.65;4.09;0;0;0;0;0;0;1;1;0;0;0;3;0;0;-1;-1;-1;-1;-1;-1;-1;-1;-1;29;29;50;71;86;43;50;71;57;8.74;2.72;3.29;3.08;MYPA;KTP;0.55;2.64;0.86;2.43;0.4;2.27;71;71;50;29;14;69;69;38;1.52;1.26;2.78;3818;22;Y;Y;Y;N;N;N;N
1001407;428;419;2020;complete;55660;20;-1;8,26,83;17;3;1;4;2;9;11;-1;-1;0;1;0;0;5;10;4;3;9;13;-1;-1;39;61;0;1;2.8;3.4;2.6;1.05;1.25;1.8;3;6;12;3.75;2;1.36;1.12;1.66;2.1;3.35;1.27;0;0;1.37;1.27;1.63;2.62;2.37;3.6;2.4;2.61;3.1;0;0;1.22;1.44;1.8;2.38;3.2;3.7;2.5;1.87;1.5;1.29;1.78;6.3;2.58;1.66;12;2.25;3.95;5.15;1.33;2.62;6.5;19;3.25;1.44;1.11;1.02;1.22;1.93;3.74;7.5;4;1.81;1.25;1.07;0;0;0;0;4;2;1;1;0;1;3;2020-09-30 15:30:00;428;0;79;21;44;0;1;1;0;4;2;5;4;7;0;0;0;1;0;1;1;42;56;84;101;1.23;1.93;3.16;1;0;1;0;0;0;1;1;1;0;0;0;0;0;-1;-1;-1;-1;-1;-1;-1;-1;-1;13;32;71;92;100;40;84;100;65;7.64;0;2.95;3.25;MP;Gnistan;1.27;0.82;0.67;0.38;1.27;0.94;88;69;29;9;0;69;69;37;1.14;1.13;2.27;3818;22;Y;Y;Y;Y;N;N;Y
1001408;9749;421;2020;complete;55660;20;-1;59,63;;2;0;2;4;11;15;-1;-1;1;2;0;0;4;9;2;10;6;19;-1;-1;32;68;1;2;5.5;4.2;1.44;1.02;1.14;1.6;2.2;3.75;19;5.5;2.3;1.61;1.25;1.8;1.9;8;1.04;0;0;3.1;1.13;1.06;6;2.5;2;7;3.15;1.53;0;0;1.22;1.44;1.83;2.38;3.2;3.7;2.5;1.83;1.5;1.29;3.38;6.9;1.5;3.75;20;1.25;17;2.5;1.25;2.2;5;13;3.75;1.61;1.16;1.04;1.14;1.66;3.25;7;5.5;2.1;1.33;1.1;0;0;0;0;2;0;0;2;0;2;0;2020-09-30 15:30:00;9749;0;61;15;41;0;1;1;0;5;4;6;5;10;0;0;1;2;0;3;1;25;89;77;123;0.85;2.47;3.32;0;0;0;0;0;0;1;1;0;0;0;0;0;0;-1;-1;-1;-1;-1;-1;-1;-1;-1;14;27;54;87;100;41;81;93;48;11;0;4.86;2.81;SJK Akatemia;KPV;1.09;1.36;0.75;1.57;0.38;1.38;87;73;47;14;0;54;46;34;1.09;1.72;2.81;3818;22;Y;Y;N;N;N;N;N
1001409;423;9766;2020;complete;55660;20;-1;12;7;1;1;2;2;7;9;-1;-1;2;4;0;0;6;7;11;3;17;10;-1;-1;60;40;2;4;1.43;5.2;6.55;1.01;1.12;1.4;2;3.4;21;6;2.87;1.72;1.3;1.57;2.25;3.05;1.32;0;0;1.18;1.19;2.23;2.2;2.4;4.75;1.9;2.96;4;0;0;1.25;1.5;1.83;2.5;3.5;3.5;2.38;1.83;1.44;1.25;1.48;6.9;3.48;1.44;15;2.87;3.25;7.75;1.25;2.1;4.5;13;3.75;1.66;1.18;1.04;1.12;1.66;3;6.5;6;2.1;1.36;1.11;0;0;0;0;2;1;1;0;0;0;2;2020-09-30 15:30:00;-1;0;50;15;29;0;1;1;0;4;2;3;4;5;0;1;2;3;1;5;1;77;59;169;108;2.06;1.56;3.62;0;0;0;0;0;0;1;1;0;1;0;1;0;0;-1;-1;-1;-1;-1;-1;-1;-1;-1;22;36;57;79;86;36;79;79;43;10.14;2.43;3.72;3;EIF;MuSa;2.09;1.36;2.29;1.14;1.56;1.38;79;64;43;22;14;79;65;40;1.5;1.57;3.07;3818;22;Y;Y;N;N;N;N;Y
1001410;425;6987;2020;complete;55660;21;-1;35;27;1;1;2;8;3;11;-1;-1;1;2;0;0;5;3;7;1;12;4;-1;-1;59;41;1;2;1.5;4.5;6.5;1.04;1.22;1.66;2.62;5;13;4;2.15;1.44;1.16;1.8;1.9;2;1.71;0;0;1.03;1.13;2.8;1.95;2.5;5.5;1.72;2.8;5.5;0;0;1.25;1.54;1.99;2.69;3.1;3.6;2.42;1.8;1.44;1.31;1.43;7.7;3.58;1.33;11;3.25;2.15;9.5;1.3;2.5;6;17;3.4;1.5;1.12;1.02;1.25;1.83;4;8;3.74;1.83;1.22;1.06;0;0;0;0;2;1;1;0;0;0;2;2020-09-30 15:30:00;-1;0;41;7;27;0;1;1;1;2;7;1;3;8;0;1;1;1;1;2;1;71;45;115;99;1.63;0.8;2.43;0;0;0;0;0;0;1;1;0;0;0;1;0;0;-1;-1;-1;-1;-1;-1;-1;-1;-1;15;21;41;67;87;7;60;81;48;11.72;0;4.13;2.29;Oulu;Kajaani;2.18;1.18;2.13;1.14;2.13;1;86;80;60;34;14;79;79;57;1.72;1.31;3.03;3818;22;Y;Y;N;N;N;N;Y
1001411;416;421;2020;complete;55660;21;-1;;76;0;1;1;3;7;10;3;3;3;2;0;0;4;3;4;7;8;10;17;16;47;53;3;2;1.69;3.65;4.1;1;1.12;1.48;2.2;3.75;12.25;4.75;2.35;1.56;1.2;1.45;2.45;3.1;1.29;0;0;1.18;1.18;1.91;2.25;2.25;4.05;1.95;2.65;3.75;0;0;1.28;1.48;1.9;2.53;3.4;3.3;2.57;1.9;1.5;1.27;1.54;6.7;3.24;1.56;12.5;2.35;3.4;6.6;1.25;2.2;5;10.75;3.5;1.57;1.13;1.01;1.14;1.75;3.34;7;4.9;2.08;1.33;1.08;0;0;0;0;1;0;0;0;1;1;0;2020-10-04 13:00:00;421;0;57;25;50;0;1;1;1;1;2;6;2;8;1;0;2;2;1;4;1;35;46;77;88;1.04;1.18;2.22;0;0;0;0;0;0;1;1;0;0;0;0;0;0;-1;-1;-1;-1;-1;-1;-1;-1;-1;26;38;63;88;100;51;75;94;69;11.67;2;4.11;3.44;Jaro;KPV;2.09;1.36;2.75;1.38;2.18;1.29;76;63;38;13;0;53;40;40;2.03;1.82;3.85;3818;22;Y;N;N;N;N;N;N
1001412;6987;408;2020;complete;55660;21;-1;;18,43;0;2;2;4;4;8;-1;-1;1;3;0;0;7;4;5;7;12;11;-1;-1;45;55;1;3;2.2;3.45;2.75;1;1.12;1.47;2.2;3.7;12;4.8;2.4;1.54;1.21;1.41;2.55;3.6;1.22;0;0;1.31;1.21;1.59;2.65;2.2;3.3;2.3;2.6;3;0;0;1.38;1.57;2.09;2.9;4.1;2.8;2.34;1.72;1.36;1.19;1.99;5.9;2.29;1.74;12.25;2.05;4.1;5.35;1.28;2.35;5.3;11.5;3.3;1.53;1.11;1.01;1.12;1.71;3.42;7;5.3;1.95;1.32;1.08;0;0;0;0;2;0;2;0;0;0;2;2020-10-04 13:00:00;408;0;57;32;32;0;1;1;1;4;3;0;5;3;0;0;1;3;0;4;1;59;48;92;116;1.67;1.33;3.01;0;0;0;0;0;0;1;1;0;0;0;0;0;0;-1;-1;-1;-1;-1;-1;-1;-1;-1;19;32;38;69;88;44;69;63;38;11;0.5;4.26;2.82;Kajaani;VPS;0.91;1.64;0.88;1.38;1;1.53;82;69;63;32;13;86;86;86;1.33;1.45;2.78;3818;22;Y;Y;N;N;N;N;N
1001413;426;425;2020;complete;55660;21;-1;19;49,57;1;2;3;1;8;9;-1;-1;2;1;0;0;3;4;8;6;11;10;-1;-1;51;49;2;1;2.05;3.45;2.95;1.01;1.2;1.71;2.8;5.05;10.25;3.75;1.95;1.34;1.11;1.59;2.1;0;0;0;0;0;0;0;2.75;2.25;3.6;2.4;0;3.2;0;0;0;0;0;0;0;0;0;0;0;0;0;0;0;1.66;0;2.3;0;0;1.36;2.62;7;19;3;1.44;1.1;1.02;1.2;2;4;11;4.33;1.72;1.22;1.05;0;0;0;0;3;1;0;0;2;2;1;2020-10-04 13:00:00;425;0;57;25;32;0;1;1;0;3;1;5;3;6;1;0;1;1;1;2;1;68;79;90;123;1.4;1.49;2.88;0;0;0;0;0;0;1;1;0;0;0;2;0;0;-1;-1;-1;-1;-1;-1;-1;-1;-1;19;38;51;82;94;44;63;82;57;10.51;2.13;4.21;2.82;KTP;Oulu;1.64;2.36;2.13;2.13;2.31;2.06;82;63;51;19;7;76;63;51;1.84;1.55;3.39;3818;22;Y;Y;Y;N;N;N;Y
1001414;428;9749;2020;complete;55660;21;-1;22,66;79;2;1;3;3;2;5;-1;-1;1;2;0;0;9;4;3;4;12;8;-1;-1;49;51;1;2;1.5;4.2;5.25;1.01;1.19;1.65;2.65;4.7;11.25;4.1;2.1;1.42;1.14;1.67;2.05;2.45;1.45;0;0;1.1;1.18;2.15;2.15;2.15;4.85;1.8;2.7;4.5;0;0;1.28;1.49;1.92;2.55;3.4;3.3;2.55;1.88;1.49;1.27;1.4;6.8;4.06;1.44;11.25;2.75;2.75;7.25;1.33;2.55;5.95;13;3;1.43;1.09;1.02;1.18;1.77;3.8;8;4.3;1.87;1.27;1.06;0;0;0;0;3;1;0;1;1;2;1;2020-10-04 13:00:00;428;0;68;27;34;0;1;1;3;1;0;1;4;1;0;1;1;1;1;2;1;54;50;113;94;1.79;1.15;2.94;0;0;0;0;0;0;1;1;0;0;1;1;0;1;-1;-1;-1;-1;-1;-1;-1;-1;-1;13;39;80;87;100;46;80;100;60;7.79;0.56;2.13;3.23;MP;SJK Akatemia;1.27;0.27;1;0;1.38;0.53;88;62;21;14;0;73;73;34;1.15;0.96;2.11;3818;22;Y;Y;Y;N;N;N;Y
1001415;418;9766;2020;complete;55660;22;-1;22;17,27,45,83,90;1;5;6;2;5;7;-1;-1;2;3;0;0;9;6;4;4;13;10;-1;-1;48;52;2;3;3.2;3.85;1.87;1;1.06;1.29;1.8;2.85;16.25;6.45;3.05;1.83;1.34;1.29;3.05;6.1;1.07;0;0;1.74;1.18;1.26;3.5;2.45;2.3;3.1;2.8;2.15;0;0;1.3;1.52;1.91;2.5;3.5;3.2;2.49;1.91;1.52;1.25;2.86;6.2;1.67;2.15;15.75;1.62;6.75;4.5;1.18;1.87;3.75;8;4.15;1.8;1.22;1.04;1.08;1.54;2.66;5;6.4;2.48;1.48;1.14;0;0;0;0;6;1;3;0;2;2;4;2020-10-04 14:00:00;9766;0;69;26;44;0;1;1;1;3;1;2;4;3;1;3;1;0;4;1;1;42;53;101;106;1.76;1.44;3.2;0;1;0;1;0;0;1;1;0;0;0;0;0;0;-1;-1;-1;-1;-1;-1;-1;-1;-1;19;32;50;82;88;44;69;75;51;8.67;1.63;3.88;3.13;MYPA;MuSa;0.55;1.36;0.75;1.13;0.38;1.35;82;69;50;19;13;88;81;41;1.51;1.57;3.08;3818;22;Y;Y;Y;Y;Y;Y;Y
1001416;419;423;2020;complete;55660;22;-1;53,57;52,78,90;2;3;5;8;2;10;3;4;2;1;0;0;7;4;4;2;11;6;12;12;45;55;2;1;2.8;3.45;2.15;1.01;1.17;1.61;2.55;4.5;11;4.1;2.1;1.41;1.14;1.5;2.3;5.15;1.11;0;0;1.69;1.2;1.25;3.5;2.2;2.5;3.25;2.75;2.1;0;0;1.34;1.58;2.05;2.7;3.8;3;2.32;1.75;1.4;1.22;2.38;6.2;1.9;2.15;12.75;1.67;6;3.9;1.27;2.25;5;10.75;3.35;1.56;1.13;1.01;1.13;1.77;3.26;6.5;5.1;1.87;1.34;1.1;0;0;0;0;5;0;0;2;3;5;0;2020-10-04 15:30:00;423;0;60;30;24;0;1;1;5;0;3;2;5;5;0;0;2;1;0;3;1;43;48;115;130;1.51;1.03;2.53;0;1;0;1;0;0;1;1;0;0;0;0;0;0;-1;-1;-1;-1;-1;-1;-1;-1;-1;18;29;60;77;100;53;65;83;53;10.01;2.61;4.03;2.89;Gnistan;EIF;1.36;1.36;1.5;1;0.88;1.53;83;71;41;24;0;63;57;32;1.53;1.65;3.18;3818;22;Y;Y;Y;Y;Y;N;Y
1001417;421;6987;2020;complete;55660;22;-1;8,12,48,51,60,69,74,85;27,90;8;2;10;8;3;11;2;1;1;1;0;0;13;4;3;9;16;13;7;11;57;43;1;1;1.45;4.35;5.2;1;1.13;1.47;2.25;3.95;12.75;4.7;2.4;1.53;1.18;1.57;2.15;2.9;1.33;0;0;1.15;1.15;2.05;2.05;2.4;4.3;1.87;2.75;4;0;0;1.3;1.55;1.94;2.55;3.5;3.2;2.3;1.77;1.45;1.25;1.36;7;4.34;1.48;13;2.55;3.15;6.8;1.24;2.2;4.75;10;3.6;1.59;1.14;1.01;1.17;1.81;3.4;7;4.5;1.94;1.3;1.08;0;0;0;0;10;2;1;6;1;7;3;2020-10-10 11:00:00;421;0;47;12;24;0;1;1;2;1;6;2;3;8;0;1;1;0;1;1;1;42;25;81;59;2.22;1.28;3.5;1;0;1;0;0;0;1;1;1;0;0;0;0;0;-1;-1;-1;-1;-1;-1;-1;-1;-1;24;41;53;77;94;40;76;77;53;11.35;1.58;5.32;3.03;KPV;Kajaani;1.27;1.18;1.22;1.13;1.39;0.94;77;60;48;24;7;89;89;60;1.37;1.25;2.62;3818;22;Y;Y;Y;Y;Y;Y;Y
1001418;9749;416;2020;complete;55660;22;-1;5,51;7,19,41;2;3;5;5;6;11;-1;-1;1;0;0;0;5;7;2;3;7;10;-1;-1;49;51;1;0;6.7;5.65;1.27;1;1.08;1.33;1.87;3;15.75;5.9;2.9;1.77;1.3;1.62;2.1;9.5;1.01;0;0;3.6;1.07;1.01;7.5;2.7;1.56;7;3.45;1.38;0;0;0;1.43;1.71;2.28;2.75;0;2.74;2.1;1.58;1.4;3.96;8.7;1.35;4;15.25;1.22;11.5;2.1;1.2;2.04;4.1;8.75;3.95;1.8;1.18;1.03;1.15;1.62;2.85;6;4.74;2.22;1.39;1.11;0;0;0;0;5;1;3;1;0;1;4;2020-10-20 15:30:00;416;0;67;11;39;0;1;1;2;4;3;2;6;5;0;0;1;0;0;1;1;45;84;68;102;1.12;1.73;2.85;0;0;0;0;0;0;1;1;1;1;0;0;0;0;-1;-1;-1;-1;-1;-1;-1;-1;-1;11;33;61;95;100;45;78;100;61;11.33;1.34;3.64;3.06;SJK Akatemia;Jaro;1.09;1.64;1;1.67;0.47;2;89;67;39;6;0;83;77;47;1.07;1.67;2.74;3818;22;Y;Y;Y;Y;Y;N;Y
1001419;423;428;2020;complete;55660;22;-1;7,30,83;;3;0;3;3;1;4;0;6;2;1;0;0;8;4;6;0;14;4;10;13;60;40;2;1;1.5;4;5.75;1.03;1.18;1.6;2.5;4.33;15;4.5;2.3;1.5;1.2;1.71;2;2.3;1.5;0;0;1.12;1.16;2.05;1.95;2.35;5.2;1.71;2.75;4.85;0;0;1.41;1.73;2.25;3;0;2.7;2;1.57;1.33;0;1.39;6.6;4.26;1.38;11.5;2.95;2.55;7.5;1.33;2.27;5;11;3.24;1.59;1.14;1.03;1.22;1.77;3.74;7.5;4;1.87;1.25;1.07;0;0;0;0;3;2;0;1;0;1;2;2020-10-10 11:00:00;423;0;41;12;35;0;1;1;1;0;2;1;1;3;0;1;2;0;1;2;1;62;30;129;91;1.9;0.77;2.67;1;0;1;0;0;0;1;1;1;0;0;0;0;0;-1;-1;-1;-1;-1;-1;-1;-1;-1;18;24;47;66;89;30;71;65;41;8.88;2.64;2.94;2.49;EIF;MP;2.09;1.36;2.13;1.67;1.61;1.47;82;77;53;35;12;51;32;25;1.57;1.3;2.87;3818;22;Y;Y;Y;N;N;N;N
1001420;425;9766;2020;complete;55660;23;-1;18,52;86;2;1;3;3;3;6;-1;-1;2;1;0;0;7;2;2;1;9;3;-1;-1;52;48;2;1;1.34;4.9;5.95;1;1.14;1.48;2.2;3.85;12.75;4.55;2.35;1.56;1.19;1.67;2;2.2;1.56;0;0;1.06;1.1;2.85;1.74;2.55;5.65;1.54;3.1;5.45;0;0;1.36;1.65;2.1;2.8;4;2.9;2.1;1.65;1.38;1.21;1.34;7;4.54;1.31;13.5;3.35;2.3;8.5;1.24;2.2;4.8;10.5;3.6;1.59;1.14;1.01;1.17;1.71;3.4;7;4.5;1.95;1.3;1.08;0;0;0;0;3;1;0;1;1;2;1;2020-10-10 11:00:00;425;0;61;33;22;0;1;1;1;2;2;1;3;3;0;1;2;0;1;2;1;61;48;119;123;1.51;0.7;2.21;0;0;0;0;0;0;1;1;0;0;0;0;0;0;-1;-1;-1;-1;-1;-1;-1;-1;-1;11;28;45;78;89;39;78;73;39;11.75;0;4.12;2.67;Oulu;MuSa;2.18;1.36;2;1.33;2.11;1.44;89;73;56;22;11;82;75;51;1.71;1.55;3.26;3818;22;Y;Y;Y;N;N;N;Y
1001421;408;426;2020;complete;55660;23;-1;23,39;42,53,55,57;2;4;6;2;5;7;-1;-1;3;0;0;0;3;8;5;11;8;19;-1;-1;49;51;3;0;3.9;4.1;1.67;1.02;1.16;1.5;2.25;4.33;17;5;1.5;2.25;1.2;1.53;2.37;6;1.09;0;0;1.9;1.2;1.22;3.75;2.4;2.5;3.4;2.9;2.2;0;0;0;0;0;0;0;0;0;0;0;0;0;0;0;2.37;21;1.57;7;3.2;1.28;2.37;5.5;15;3.5;1.53;1.14;1.03;1.16;1.8;3.5;8;5;1.9;1.28;1.08;0;0;0;0;6;2;1;0;3;3;3;2020-11-04 16:30:00;426;0;57;21;31;0;1;1;1;2;1;3;3;4;1;0;2;0;1;2;1;53;51;111;110;1.11;2.13;3.24;0;0;0;0;0;0;1;1;0;0;1;0;0;0;-1;-1;-1;-1;-1;-1;-1;-1;-1;27;42;64;79;95;48;79;84;52;9.88;0;4;3.26;VPS;KTP;1.36;2.64;1.5;2.56;1.57;2.05;74;59;37;21;6;63;58;29;1.29;1.5;2.79;3818;22;Y;Y;Y;Y;Y;Y;Y
1001422;418;419;2020;complete;55660;23;-1;45,67;23,29,44,79;2;4;6;1;3;4;4;2;2;1;0;0;4;14;4;3;8;17;8;10;45;55;2;1;4.55;4.3;1.53;1;1.08;1.36;1.95;3.1;15;5.8;2.75;1.71;1.29;1.43;2.5;6.5;1.06;0;0;2.1;1.15;1.14;4.25;2.55;2;4;2.85;1.83;0;0;1.24;1.45;1.77;2.27;3;3.7;2.55;1.94;1.56;1.33;4.16;7;1.38;2.55;14.5;1.45;7.25;3.3;1.2;2.21;4.2;9;4;1.66;1.18;1.02;1.14;1.64;3;6;5;2.18;1.37;1.11;0;0;0;0;6;1;3;1;1;2;4;2020-10-10 14:00:00;419;0;73;28;45;0;1;1;0;2;1;1;2;2;1;0;1;1;1;2;1;38;48;80;98;1.07;2.4;3.47;0;0;0;0;0;0;1;1;0;0;0;1;0;0;-1;-1;-1;-1;-1;-1;-1;-1;-1;28;50;67;89;95;56;78;89;62;7.97;0.66;3.11;3.78;MYPA;Gnistan;0.55;0.82;0.67;0.33;0.35;0.83;73;50;33;11;6;71;71;48;1.54;1.23;2.77;3818;22;Y;Y;Y;Y;Y;Y;Y
1001423;423;9749;2020;complete;55660;23;-1;37,65,79,84;63,67;4;2;6;12;3;15;-1;-1;1;1;0;0;11;5;10;1;21;6;-1;-1;50;50;1;1;1.22;6.5;11;1.01;1.1;1.33;1.92;2.89;17;6;3.04;1.92;1.36;1.83;1.93;2.05;1.65;0;0;1.04;1.07;2.95;1.53;3.2;9;1.43;3.72;8.2;0;0;1.36;1.63;2.15;2.8;4;2.9;2.23;1.68;1.38;1.21;1.2;10.5;5.55;1.18;25;4.5;2.1;10.25;1.19;1.92;4;8;4.2;1.82;1.2;1.06;1.1;1.57;2.73;5.5;5.8;2.31;1.42;1.13;0;0;0;0;6;1;0;3;2;5;1;2020-10-17 11:00:00;423;0;45;17;28;0;1;1;6;1;6;2;7;8;0;1;1;0;1;1;1;104;61;170;112;2.85;1.18;4.03;0;0;0;0;0;0;1;1;0;0;1;0;0;0;-1;-1;-1;-1;-1;-1;-1;-1;-1;22;39;73;84;95;50;84;84;50;8.78;2.45;2.78;3.23;EIF;SJK Akatemia;2.09;0.27;2.22;0;1.68;0.5;78;61;28;17;6;62;45;28;1.61;0.99;2.6;3818;22;Y;Y;Y;Y;Y;Y;Y
1001424;9766;408;2020;complete;55660;23;-1;;37,85;0;2;2;7;1;8;4;1;0;1;0;0;3;10;5;3;8;13;14;19;54;46;0;1;2.3;3.45;2.6;1;1.12;1.47;2.15;3.65;12.75;4.9;2.4;1.57;1.21;1.38;2.65;4.2;1.18;0;0;1.45;1.25;1.45;3;2.38;3.1;2.65;2.75;2.65;0;0;1.28;1.51;1.94;2.61;3.4;3.3;2.4;1.86;1.42;1.27;1.9;6.2;2.38;1.8;19;2.05;4.75;5;1.28;2.3;5;11;3.5;1.57;1.15;1.01;1.15;1.75;3.3;7;5;2;1.3;1.08;0;0;0;0;2;0;1;0;1;1;1;2020-10-20 15:30:00;408;0;56;28;39;0;1;1;2;0;5;1;2;6;0;0;0;1;0;1;1;83;68;158;146;1.33;2.03;3.36;0;0;0;0;0;0;1;1;0;0;2;0;0;0;-1;-1;-1;-1;-1;-1;-1;-1;-1;33;45;50;78;95;50;67;78;61;10.1;1;3.75;3.45;MuSa;VPS;1.55;1.64;1.56;1.56;1.37;1.61;67;56;50;22;6;54;54;43;1.69;1.43;3.12;3818;22;Y;Y;N;N;N;N;N
1001425;428;418;2020;complete;55660;24;-1;13,36,77,90;;4;0;4;6;5;11;3;4;1;0;0;0;17;7;8;1;25;8;6;8;58;42;1;0;1.38;5;7;1.01;1.12;1.41;2.11;3.3;16;5.4;2.69;1.76;1.29;1.68;2.13;2.3;1.5;0;0;1.09;1.12;2.35;1.8;2.75;6;1.62;3.26;6;0;0;1.28;1.52;1.9;2.48;3.4;3.3;2.35;1.8;1.47;1.27;1.3;7.4;4.92;1.25;15;3.75;2.45;9;1.21;2.05;4.3;9;3.9;1.72;1.18;1.05;1.11;1.66;2.9;6;5.5;2.14;1.36;1.11;0;0;0;0;4;2;0;2;0;2;2;2020-10-16 15:30:00;428;0;63;25;44;0;1;1;3;3;3;2;6;5;0;0;1;0;0;1;1;64;39;107;93;3.22;1.29;4.51;0;0;0;0;0;0;1;1;0;0;1;1;0;0;-1;-1;-1;-1;-1;-1;-1;-1;-1;25;38;75;82;100;38;75;94;63;6.63;0.25;3.5;3.25;MP;MYPA;1.27;0;1.25;0;1.39;0.33;75;63;25;19;0;63;57;38;1.23;0.93;2.16;3818;22;Y;Y;Y;Y;N;N;N
1001426;426;421;2020;complete;55660;24;-1;;;0;0;0;5;9;14;0;0;3;1;1;0;3;5;3;6;6;11;11;14;56;44;4;1;1.94;3.75;2.97;1.02;1.13;1.97;2.1;3.5;21;6;1.85;1.67;1.29;1.44;2.63;3.8;1.21;0;0;1.38;1.25;1.62;2.6;2.5;3.4;2.25;2.75;3.2;0;0;1.21;1.41;1.71;2.24;2.85;3.9;2.71;2.12;1.64;1.37;1.72;6.6;2.67;1.67;12.5;2.1;4.2;6.1;1.25;2.1;4.5;13;3.75;1.67;1.18;1.04;1.13;1.62;3;6.5;6;2.2;1.36;1.11;0;0;0;0;0;0;0;0;0;0;0;2020-10-15 15:30:00;-1;0;56;22;33;0;1;1;3;4;2;5;7;7;1;0;3;1;1;4;1;38;51;77;88;0.87;1.42;2.29;0;0;0;0;0;0;1;1;0;0;2;0;0;0;-1;-1;-1;-1;-1;-1;-1;-1;-1;22;39;56;84;95;45;78;84;56;11.05;1.45;4.64;2.95;KTP;KPV;1.64;1.36;1.89;1.56;2.18;1.47;78;61;45;17;6;70;53;41;1.79;1.74;3.53;3818;22;N;N;N;N;N;N;N
1001427;416;6987;2020;complete;55660;24;-1;14;70;1;1;2;8;1;9;-1;-1;3;1;0;0;6;3;9;5;15;8;-1;-1;50;50;3;1;1.33;4.85;6.3;1;1.07;1.32;1.83;3;15.25;5.95;2.9;1.8;1.31;1.49;2.35;2.6;1.39;0;0;1.11;1.14;2.15;1.8;2.88;6;1.68;3.26;5.35;0;0;1.21;1.41;1.72;2.25;2.85;3.9;2.7;2.08;1.62;1.37;1.26;7.9;5.3;1.3;25;3.4;2.75;9;1.18;1.96;3.8;8;4.3;1.79;1.22;1.06;1.08;1.6;2.81;5.5;6.4;2.25;1.4;1.13;0;0;0;0;2;1;0;0;1;1;1;2020-10-17 11:00:00;-1;0;50;22;39;0;1;1;4;0;4;1;4;5;1;1;2;0;2;2;1;72;40;150;132;1.9;1.03;2.92;0;0;0;0;0;0;1;1;0;0;1;0;0;0;-1;-1;-1;-1;-1;-1;-1;-1;-1;33;39;56;78;95;39;67;89;62;10;3;3.69;3.56;Jaro;Kajaani;2.09;1.18;2.44;1;2.06;0.89;67;62;45;22;6;78;73;56;1.9;1.25;3.15;3818;22;Y;Y;N;N;N;N;Y
1001428;419;425;2020;complete;55660;24;-1;81;4,66;1;2;3;6;3;9;0;1;2;1;0;0;7;8;6;3;13;11;13;10;55;45;2;1;3.3;3.5;1.91;1.01;1.17;1.61;2.55;4.5;11;4.1;2.1;1.42;1.14;1.53;2.25;4.7;1.13;0;0;1.58;1.23;1.25;4;2.38;2.5;3.62;2.67;2.27;0;0;1.27;1.47;1.88;2.5;3.3;3.4;2.6;1.92;1.51;1.28;2.95;6.5;1.62;2.4;15;1.57;5.7;3.5;1.3;2.38;5.4;12;3.32;1.54;1.12;1.03;1.16;1.89;3.6;7.5;4.6;1.85;1.25;1.07;0;0;0;0;3;0;1;1;1;2;1;2020-10-17 12:00:00;425;0;67;28;33;0;1;1;2;2;4;1;4;5;0;0;2;1;0;3;1;59;42;114;97;1.74;1.57;3.31;0;0;0;0;0;0;1;1;0;1;0;0;0;0;-1;-1;-1;-1;-1;-1;-1;-1;-1;11;22;61;78;100;33;50;89;62;11.34;2.56;3.47;2.72;Gnistan;Oulu;1.36;2.36;1.33;2.22;0.95;2.16;89;78;39;22;0;67;56;33;1.53;1.54;3.07;3818;22;Y;Y;Y;N;N;N;Y
1001429;421;9766;2020;complete;55660;24;-1;;57;0;1;1;10;5;15;-1;-1;3;4;0;1;10;3;16;6;26;9;-1;-1;59;41;3;6;1.34;4.8;6.1;1;1.08;1.33;1.87;3;15.5;5.85;2.9;1.77;1.3;1.49;2.35;2.65;1.41;0;0;1.07;1.11;2.95;1.62;2.85;6.75;1.48;3.4;6.75;0;0;1.27;1.49;1.85;2.4;3.3;3.4;2.43;1.85;1.5;1.29;1.34;8.7;4.06;1.28;30;3.3;2.8;9.75;1.19;1.88;3.95;8.25;4.3;1.79;1.22;1.04;1.09;1.53;2.7;5.5;6.5;2.4;1.42;1.12;0;0;0;0;1;0;0;0;1;1;0;2020-10-24 11:00:00;9766;0;65;30;30;0;1;1;5;3;5;2;8;7;1;1;2;4;2;6;1;39;20;71;61;2.61;0.93;3.53;0;1;0;1;0;0;1;1;0;0;1;3;1;0;-1;-1;-1;-1;-1;-1;-1;-1;-1;25;50;65;85;95;60;90;80;55;11.4;1.3;5.1;3.75;KPV;MuSa;1.27;1.36;1.4;1.2;1.45;1.3;75;50;35;15;5;84;79;47;1.45;1.45;2.9;3818;22;Y;N;N;N;N;N;N
1001430;408;419;2020;complete;55660;25;-1;5,10,42;21,25,49,77,89;3;5;8;3;4;7;-1;-1;3;3;0;0;5;7;7;7;12;14;-1;-1;50;50;3;3;2.25;3.3;2.75;1.01;1.16;1.57;2.4;4.1;11.25;4.2;2.15;1.47;1.17;1.45;2.4;3.25;1.28;0;0;1.25;1.25;1.65;2.4;2.3;3.7;2.2;2.7;3.4;0;0;0;1.46;1.85;2.45;0;0;2.52;1.95;1.49;0;0;0;0;1.65;17;2.2;3.8;6.1;1.31;2.4;5.4;12;3.2;1.53;1.12;1.01;1.17;1.77;3.75;8;4.75;1.91;1.25;1.06;0;0;0;0;8;3;2;0;3;3;5;2020-10-25 14:00:00;419;0;79;26;42;0;1;1;1;1;2;3;2;5;1;0;2;3;1;5;1;42;58;121;117;1.42;1.8;3.22;0;0;0;0;0;0;1;1;2;0;0;0;0;0;-1;-1;-1;-1;-1;-1;-1;-1;-1;21;57;68;89;100;52;95;95;58;8.67;0;3.85;3.55;VPS;Gnistan;1.36;0.82;1.67;0.6;1.68;0.9;80;43;32;11;0;62;56;39;1.27;1.36;2.63;3818;22;Y;Y;Y;Y;Y;Y;Y
1001431;6987;9749;2020;complete;55660;25;-1;;19;0;1;1;5;6;11;-1;-1;3;1;0;0;9;9;4;3;13;12;-1;-1;53;47;3;1;1.33;5.05;5.95;1;1.07;1.33;1.87;2.95;15.5;5.95;2.9;1.77;1.32;1.53;2.25;2.55;1.44;0;0;1.03;1.08;3.6;1.77;3.06;6.61;1.52;3.4;6;0;0;0;0;0;0;0;0;0;0;0;0;0;0;0;1.32;35;3.1;2.65;10.25;1.19;2;4.05;8.5;4.3;1.88;1.21;1.04;1.09;1.52;2.6;5;6.5;2.45;1.45;1.15;0;0;0;0;1;0;1;0;0;0;1;2020-10-24 11:00:00;9749;0;60;35;35;0;1;1;1;4;4;2;5;6;2;0;1;1;2;2;1;69;52;120;99;1.96;1.77;3.72;0;0;0;0;0;0;1;1;0;0;0;1;1;0;-1;-1;-1;-1;-1;-1;-1;-1;-1;25;50;65;85;95;55;85;80;55;12.1;0;3.2;3.65;Kajaani;SJK Akatemia;0.91;0.27;1;0;1;0.45;75;50;35;15;5;69;69;54;2.33;1.01;3.34;3818;22;Y;N;N;N;N;N;N
1001432;425;428;2020;complete;55660;25;-1;10,31,37,54,69,72;;6;0;6;13;1;14;-1;-1;0;3;0;0;11;0;10;0;21;0;-1;-1;68;32;0;3;1.01;15;27;1.01;1.03;1.21;1.61;2.4;29;7.75;3.65;2.1;1.49;3.6;1.22;1.77;1.91;0;0;1.05;1.15;4.3;1.68;2.89;10.03;1.42;3.3;8.75;0;0;1.36;1.65;2.1;2.8;4;2.9;2.1;1.65;1.38;1.2;1.21;10.5;5.4;1.2;18;4.1;1.91;10;1.25;2.2;5.35;12.25;3.6;1.6;1.13;1.01;1.14;1.83;3.3;7.5;4.9;1.91;1.29;1.07;0;0;0;0;6;3;0;3;0;3;3;2020-11-08 14:00:00;425;0;45;15;35;0;1;1;5;1;8;0;6;8;0;1;0;2;1;2;1;86;13;136;79;2.71;0.11;2.83;1;0;1;0;0;0;1;1;1;0;2;0;0;0;-1;-1;-1;-1;-1;-1;-1;-1;-1;5;15;45;65;90;25;70;70;40;9.89;0.7;3;2.2;Oulu;MP;2.18;1.36;2.1;1.5;2.24;1.38;95;85;55;35;10;50;50;39;1.68;1.24;2.92;3818;22;Y;Y;Y;Y;Y;Y;N
1001433;416;426;2020;complete;55660;25;-1;55,90;22,44,66;2;3;5;12;1;13;2;0;3;0;0;0;7;4;22;2;29;6;13;11;65;35;3;0;1.91;4;3;1;1.07;1.32;1.83;2.9;16;6;2.95;1.83;1.33;1.33;2.9;3.75;1.22;0;0;1.32;1.25;1.6;2.7;2.55;3.62;2.3;2.75;3.05;0;0;1.21;1.41;1.73;2.26;2.85;3.9;2.7;2.08;1.61;1.37;1.8;6.4;2.53;1.65;20;2.05;4.3;5.95;1.26;2.32;4.75;10.25;3.6;1.65;1.16;1.02;1.15;1.74;3.2;7;5;1.95;1.33;1.08;0;0;0;0;5;0;2;2;1;3;2;2020-11-08 14:00:00;426;0;45;25;30;0;1;1;3;1;9;0;4;9;2;0;1;0;2;1;1;59;12;95;58;2.73;0.75;3.48;0;0;0;0;0;0;1;1;0;0;0;0;0;0;-1;-1;-1;-1;-1;-1;-1;-1;-1;35;40;65;80;95;55;70;90;55;11.18;2.6;3.1;3.5;Jaro;KTP;2.09;2.64;2.3;2.6;1.95;2.1;65;60;35;20;5;69;59;37;1.9;1.57;3.47;3818;22;Y;Y;Y;Y;Y;N;Y
1001434;418;423;2020;complete;55660;25;-1;25;15,17,51;1;3;4;1;6;7;-1;-1;1;0;0;0;3;14;0;7;3;21;-1;-1;26;74;1;0;8;6.5;1.2;1.01;1.05;1.27;1.6;2.23;26;11;1.27;1.6;2.23;1.75;1.95;7.5;1.05;0;1.87;4.2;1.04;1.02;10.5;3.6;1.35;11.5;4.5;1.23;0;0;1.27;1.45;1.85;2.44;3.3;3.4;2.67;1.95;1.53;1.29;7.7;13.5;1.11;4.3;60;1.16;15.5;1.87;1.14;1.74;3.3;7;5.05;2;1.29;1.07;1.04;1.36;2.12;4;8.4;2.9;1.67;1.22;0;0;0;0;4;1;2;0;1;1;3;2020-10-24 14:00:00;423;0;65;25;45;0;1;1;1;2;0;4;3;4;0;0;1;0;0;1;1;23;66;53;108;0.57;2.78;3.35;0;1;0;1;0;0;1;1;0;0;0;0;0;0;-1;-1;-1;-1;-1;-1;-1;-1;-1;35;40;55;80;95;50;60;80;65;7.33;2;4.1;3.45;MYPA;EIF;0.55;1.36;0.6;1.2;0.3;1.75;65;60;45;20;5;64;58;26;1.49;1.59;3.08;3818;22;Y;Y;Y;Y;N;N;Y
1001435;426;6987;2020;complete;55660;26;-1;45;13,43,66,77;1;4;5;5;7;12;-1;-1;3;3;0;0;5;8;9;6;14;14;-1;-1;46;54;3;3;1.21;5.75;9.25;1;1.06;1.29;1.77;2.8;16;6.5;3.15;1.91;1.34;1.62;2.1;2.4;1.48;0;0;1.11;1.14;2.2;1.78;3;6.58;1.58;3.4;6;0;0;1.21;1.41;1.72;2.24;2.85;3.9;2.7;2.09;1.63;1.37;1.28;9;4.62;1.33;29;3.28;2.5;10.25;1.16;2.04;3.6;8;4.6;1.83;1.25;1.06;1.07;1.57;2.73;5.5;6.8;2.31;1.42;1.13;0;0;0;0;5;1;2;0;2;2;3;2020-10-31 14:00:00;6987;0;55;20;25;0;1;1;0;5;5;2;5;7;2;0;1;3;2;4;1;83;69;117;124;1.83;1.95;3.78;0;1;0;1;0;0;1;1;0;0;0;0;0;0;-1;-1;-1;-1;-1;-1;-1;-1;-1;30;40;50;80;85;35;75;75;50;9.2;1.7;4.21;3.1;KTP;Kajaani;1.64;1.18;1.8;1;2.16;0.95;70;60;50;20;15;90;75;60;1.7;1.23;2.93;3818;22;Y;Y;Y;Y;Y;N;Y
1001436;428;408;2020;complete;55660;26;-1;17,72;45,90;2;2;4;6;2;8;2;1;1;1;0;0;6;7;4;4;10;11;14;9;56;44;1;1;2.63;3.6;2.3;1.03;1.2;1.72;2.7;5;15;4.5;1.72;2.7;1.17;1.58;2.29;3.8;1.2;0;0;1.45;1.23;1.35;3.17;2.38;3.25;2.82;2.6;2.82;0;0;1.36;1.62;2.13;2.8;4;2.9;2.25;1.69;1.38;1.21;2.43;7.5;1.81;2;11.25;2;4.55;4.7;1.31;2.62;5.5;13;3.26;1.51;1.11;1.02;1.17;1.93;3.6;7.5;4.4;1.81;1.24;1.07;0;0;0;0;4;1;1;1;1;2;2;2020-10-31 14:00:00;-1;0;60;15;40;0;1;1;1;1;5;1;2;6;0;0;1;1;0;2;1;51;38;98;76;1.43;1.46;2.89;0;0;0;0;0;0;1;1;0;0;0;0;0;0;-1;-1;-1;-1;-1;-1;-1;-1;-1;15;25;55;80;95;35;75;80;50;8.54;0.6;2.9;3;MP;VPS;1.27;1.64;1.3;1.7;1.4;1.6;85;75;45;20;5;63;63;48;1.49;1.5;2.99;3818;22;Y;Y;Y;Y;N;N;Y
1001437;9766;416;2020;complete;55660;26;-1;26,59,66;9;3;1;4;-1;-1;-1;-1;-1;3;3;0;0;-1;-1;-1;-1;-1;-1;-1;-1;-1;-1;3;3;4.9;4.65;1.44;1;1.07;1.32;1.87;2.9;16;6.25;2.95;1.8;1.32;1.44;2.5;7.75;1.03;0;0;2;1.16;1.15;5.45;2.84;1.93;4.9;3.18;1.74;0;0;0;0;0;0;0;0;0;0;0;0;0;0;0;2.88;27;1.42;8.75;2.95;1.19;2.08;3.9;9;4.2;1.76;1.21;1.05;1.09;1.61;2.85;5.5;6.1;2.23;1.39;1.13;0;0;0;0;4;1;1;2;0;2;2;2020-10-31 14:00:00;9766;0;75;35;45;0;-1;1;-1;-1;-1;-1;-1;-1;0;2;3;1;2;4;-1;0;0;0;0;0;0;0;0;0;0;0;0;0;1;1;0;1;-1;-1;0;0;-1;-1;-1;-1;-1;-1;-1;-1;-1;30;55;70;95;100;55;80;100;75;11.4;2;3.26;3.65;MuSa;Jaro;1.55;1.64;1.4;1.8;1.38;2.05;70;45;30;5;0;65;59;32;1.66;1.67;3.33;3818;22;Y;Y;Y;Y;N;N;Y
1001438;419;421;2020;complete;55660;26;-1;9,30,57,69,86;;5;0;5;3;6;9;4;1;0;1;0;0;11;7;4;4;15;11;12;10;50;50;0;1;2.5;3.6;2.4;1.02;1.12;1.4;2.1;3.5;21;6;1.4;2.1;1.29;1.41;2.77;4.7;1.13;0;0;1.42;1.22;1.38;3.22;2.59;2.88;2.83;2.84;2.58;0;0;1.21;1.41;1.7;2.22;2.85;3.9;2.7;2.11;1.63;1.37;2.1;6.3;2.1;1.98;23;1.84;5.5;4.9;1.21;2.2;4.3;9;3.9;1.7;1.18;1.05;1.11;1.68;2.9;6;5.5;2.11;1.36;1.11;0;0;0;0;5;2;0;3;0;3;2;2020-10-31 14:00:00;419;0;60;25;40;0;1;1;3;4;0;2;7;2;0;1;0;0;1;0;1;44;61;110;110;2.04;1.63;3.67;1;0;1;0;0;0;1;1;1;0;0;0;0;0;-1;-1;-1;-1;-1;-1;-1;-1;-1;15;25;60;75;95;35;60;85;55;12.37;2.1;3.96;2.7;Gnistan;KPV;1.36;1.36;1.2;1.5;1;1.38;85;75;40;25;5;63;52;32;1.55;1.71;3.26;3818;22;Y;Y;Y;Y;Y;N;N
1001439;9749;418;2020;complete;55660;26;-1;21,86;;2;0;2;5;3;8;-1;-1;2;1;0;0;6;3;4;7;10;10;-1;-1;55;45;2;1;1.6;4.76;4.66;1.01;1.1;1.33;1.83;2.75;26;7;3.4;1.83;1.4;1.46;2.6;2.9;1.33;0;0;1.15;1.15;2;1.92;2.91;5.51;1.69;3.3;5.05;0;0;0;1.37;1.65;2.14;2.75;0;2.85;2.19;1.69;1.4;1.34;8.7;4.06;1.4;32;2.88;3;9.75;1.17;2.02;3.7;7.5;4.4;1.84;1.24;1.07;1.08;1.53;2.63;5;6.4;2.4;1.45;1.14;0;0;0;0;2;1;0;1;0;1;1;2020-10-31 14:00:00;9749;0;45;20;30;0;1;1;4;2;1;1;6;2;1;0;1;1;1;2;1;76;62;88;89;1.6;1.29;2.89;0;0;0;0;0;0;1;1;0;0;1;1;0;0;-1;-1;-1;-1;-1;-1;-1;-1;-1;35;50;65;85;100;50;75;95;55;8.5;0.5;3.97;3.75;SJK Akatemia;MYPA;1.09;0;0.9;0;0.57;0.29;65;50;35;15;0;75;70;60;1.07;0.93;2;3818;22;Y;Y;N;N;N;N;N
1001440;423;425;2020;complete;55660;26;-1;55;11,45;1;2;3;5;4;9;1;1;2;0;0;0;3;5;4;1;7;6;10;11;64;36;2;0;3.25;3.25;2.05;1.01;1.21;1.71;2.8;5;9.75;3.7;1.95;1.35;1.11;1.57;2.2;4.2;1.16;0;0;1.5;1.24;1.3;3.92;2.34;2.76;3.44;2.57;2.42;0;0;1.36;1.6;2.1;2.8;4;2.9;2.29;1.71;1.38;1.21;2.49;6.2;1.84;2.38;10;1.73;5.5;3.6;1.36;2.74;6;13;3.27;1.47;1.1;1.02;1.19;2;3.9;9;4.2;1.76;1.21;1.05;0;0;0;0;3;0;2;1;0;1;2;2020-10-31 14:00:00;425;0;55;15;35;0;1;1;2;2;3;2;4;5;1;0;1;0;1;1;1;55;30;105;81;1.06;0.96;2.02;0;0;0;0;0;0;1;1;0;0;1;1;0;0;-1;-1;-1;-1;-1;-1;-1;-1;-1;15;20;55;80;95;30;65;80;55;10.7;1.4;3.5;2.75;EIF;Oulu;2.09;2.36;2.3;2.3;1.81;2.2;85;80;45;20;5;65;35;30;1.73;1.55;3.28;3818;22;Y;Y;Y;N;N;N;Y
1004357;426;418;2020;complete;55660;8;-1;42,49,90;9,47;3;2;5;8;1;9;2;1;2;3;0;0;14;5;15;3;29;8;3;13;63;37;2;3;1.2;6;11;1.02;1.14;1.95;2.1;3.5;19;5.5;1.9;1.67;1.29;1.73;2;2.25;1.57;10;1.06;1.1;1.17;3.25;1.62;2.88;8.5;1.57;3.1;6.5;0;0;0;0;0;0;0;0;0;0;0;0;0;0;0;0;0;0;0;0;1.22;2.1;4.5;13;4;1.67;1.18;1.04;1.14;1.67;3.25;7;5.5;2.1;1.33;1.1;0;0;0;0;5;1;1;2;1;3;2;2020-08-05 15:30:00;426;0;25;25;25;0;1;1;4;0;4;1;4;5;2;2;0;1;4;1;1;101;46;146;79;3.53;1.19;4.72;1;0;1;0;0;0;1;1;0;1;0;0;0;0;-1;-1;-1;-1;-1;-1;-1;-1;-1;25;25;25;25;75;25;25;75;25;8;3.5;3.5;1.75;KTP;MYPA;1.64;0;0.5;0;1.83;0.25;75;75;75;75;25;75;75;50;1.35;1.28;2.63;3818;22;Y;Y;Y;Y;Y;N;Y
