ID;HOMEID;AWAYID;SEASON;STATUS;ROUNDID;GAME_WEEK;REVISED_GAME_WEEK;HOMEGOALS;AWAYGOALS;HOMEGOALCOUNT;AWAYGOALCOUNT;TOTALGOALCOUNT;TEAM_A_CORNERS;TEAM_B_CORNERS;TOTALCORNERCOUNT;TEAM_A_OFFSIDES;TEAM_B_OFFSIDES;TEAM_A_YELLOW_CARDS;TEAM_B_YELLOW_CARDS;TEAM_A_RED_CARDS;TEAM_B_RED_CARDS;TEAM_A_SHOTSONTARGET;TEAM_B_SHOTSONTARGET;TEAM_A_SHOTSOFFTARGET;TEAM_B_SHOTSOFFTARGET;TEAM_A_SHOTS;TEAM_B_SHOTS;TEAM_A_FOULS;TEAM_B_FOULS;TEAM_A_POSSESSION;TEAM_B_POSSESSION;TEAM_A_CARDS_NUM;TEAM_B_CARDS_NUM;ODDS_FT_1;ODDS_FT_X;ODDS_FT_2;ODDS_FT_OVER05;ODDS_FT_OVER15;ODDS_FT_OVER25;ODDS_FT_OVER35;ODDS_FT_OVER45;ODDS_FT_UNDER05;ODDS_FT_UNDER15;ODDS_FT_UNDER25;ODDS_FT_UNDER35;ODDS_FT_UNDER45;ODDS_BTTS_YES;ODDS_BTTS_NO;ODDS_TEAM_A_CS_YES;ODDS_TEAM_A_CS_NO;ODDS_TEAM_B_CS_YES;ODDS_TEAM_B_CS_NO;ODDS_DOUBLECHANCE_1X;ODDS_DOUBLECHANCE_12;ODDS_DOUBLECHANCE_X2;ODDS_1ST_HALF_RESULT_1;ODDS_1ST_HALF_RESULT_X;ODDS_1ST_HALF_RESULT_2;ODDS_2ND_HALF_RESULT_1;ODDS_2ND_HALF_RESULT_X;ODDS_2ND_HALF_RESULT_2;ODDS_DNB_1;ODDS_DNB_2;ODDS_CORNERS_OVER_75;ODDS_CORNERS_OVER_85;ODDS_CORNERS_OVER_95;ODDS_CORNERS_OVER_105;ODDS_CORNERS_OVER_115;ODDS_CORNERS_UNDER_75;ODDS_CORNERS_UNDER_85;ODDS_CORNERS_UNDER_95;ODDS_CORNERS_UNDER_105;ODDS_CORNERS_UNDER_115;ODDS_CORNERS_1;ODDS_CORNERS_X;ODDS_CORNERS_2;ODDS_TEAM_TO_SCORE_FIRST_1;ODDS_TEAM_TO_SCORE_FIRST_X;ODDS_TEAM_TO_SCORE_FIRST_2;ODDS_WIN_TO_NIL_1;ODDS_WIN_TO_NIL_2;ODDS_1ST_HALF_OVER05;ODDS_1ST_HALF_OVER15;ODDS_1ST_HALF_OVER25;ODDS_1ST_HALF_OVER35;ODDS_1ST_HALF_UNDER05;ODDS_1ST_HALF_UNDER15;ODDS_1ST_HALF_UNDER25;ODDS_1ST_HALF_UNDER35;ODDS_2ND_HALF_OVER05;ODDS_2ND_HALF_OVER15;ODDS_2ND_HALF_OVER25;ODDS_2ND_HALF_OVER35;ODDS_2ND_HALF_UNDER05;ODDS_2ND_HALF_UNDER15;ODDS_2ND_HALF_UNDER25;ODDS_2ND_HALF_UNDER35;ODDS_BTTS_1ST_HALF_YES;ODDS_BTTS_1ST_HALF_NO;ODDS_BTTS_2ND_HALF_YES;ODDS_BTTS_2ND_HALF_NO;OVERALLGOALCOUNT;HT_GOALS_TEAM_A;HT_GOALS_TEAM_B;GOALS_2HG_TEAM_A;GOALS_2HG_TEAM_B;GOALCOUNT_2HG;HTGOALCOUNT;DATE_UNIX;WINNINGTEAM;NO_HOME_AWAY;BTTS_POTENTIAL;BTTS_FHG_POTENTIAL;BTTS_2HG_POTENTIAL;GOALTIMINGDISABLED;CORNER_TIMINGS_RECORDED;CARD_TIMINGS_RECORDED;TEAM_A_FH_CORNERS;TEAM_B_FH_CORNERS;TEAM_A_2H_CORNERS;TEAM_B_2H_CORNERS;CORNER_FH_COUNT;CORNER_2H_COUNT;TEAM_A_FH_CARDS;TEAM_B_FH_CARDS;TEAM_A_2H_CARDS;TEAM_B_2H_CARDS;TOTAL_FH_CARDS;TOTAL_2H_CARDS;ATTACKS_RECORDED;TEAM_A_DANGEROUS_ATTACKS;TEAM_B_DANGEROUS_ATTACKS;TEAM_A_ATTACKS;TEAM_B_ATTACKS;TEAM_A_XG;TEAM_B_XG;TOTAL_XG;TEAM_A_PENALTIES_WON;TEAM_B_PENALTIES_WON;TEAM_A_PENALTY_GOALS;TEAM_B_PENALTY_GOALS;TEAM_A_PENALTY_MISSED;TEAM_B_PENALTY_MISSED;PENS_RECORDED;GOAL_TIMINGS_RECORDED;TEAM_A_0_10_MIN_GOALS;TEAM_B_0_10_MIN_GOALS;TEAM_A_CORNERS_0_10_MIN;TEAM_B_CORNERS_0_10_MIN;TEAM_A_CARDS_0_10_MIN;TEAM_B_CARDS_0_10_MIN;THROWINS_RECORDED;TEAM_A_THROWINS;TEAM_B_THROWINS;FREEKICKS_RECORDED;TEAM_A_FREEKICKS;TEAM_B_FREEKICKS;GOALKICKS_RECORDED;TEAM_A_GOALKICKS;TEAM_B_GOALKICKS;O45_POTENTIAL;O35_POTENTIAL;O25_POTENTIAL;O15_POTENTIAL;O05_POTENTIAL;O15HT_POTENTIAL;O05HT_POTENTIAL;O05_2H_POTENTIAL;O15_2H_POTENTIAL;CORNERS_POTENTIAL;OFFSIDES_POTENTIAL;CARDS_POTENTIAL;AVG_POTENTIAL;HOME_NAME;AWAY_NAME;HOME_PPG;AWAY_PPG;PRE_MATCH_HOME_PPG;PRE_MATCH_AWAY_PPG;PRE_MATCH_TEAMA_OVERALL_PPG;PRE_MATCH_TEAMB_OVERALL_PPG;U45_POTENTIAL;U35_POTENTIAL;U25_POTENTIAL;U15_POTENTIAL;U05_POTENTIAL;CORNERS_O85_POTENTIAL;CORNERS_O95_POTENTIAL;CORNERS_O105_POTENTIAL;TEAM_A_XG_PREMATCH;TEAM_B_XG_PREMATCH;TOTAL_XG_PREMATCH;COMPETITION_ID;MATCHES_COMPLETED_MINIMUM;OVER05;OVER15;OVER25;OVER35;OVER45;OVER55;BTTS
540080;423;416;2019;complete;4288;0;-1;88;51,55;1;2;3;5;8;13;0;4;1;2;0;0;8;8;4;6;12;14;10;14;54;46;1;2;3;3.05;2.35;1.06;1.39;2.2;4.15;7.75;7.5;2.8;1.61;1.2;1.05;1.91;1.8;3.05;1.28;2.62;1.44;1.49;1.3;1.29;3.4;1.85;3.4;3.3;2.2;2.7;0;0;0;0;0;0;0;0;0;0;0;0;0;0;0;2.15;7.5;1.87;5;3.8;0;0;0;0;0;0;0;0;1.44;3.2;8.5;34;2.63;1.3;1.05;1;0;0;0;0;3;0;0;1;2;3;0;2019-04-27 14:00:00;416;0;0;0;0;0;1;1;3;5;2;3;8;5;1;0;0;2;1;2;1;44;60;110;111;1.65;1.88;3.53;0;0;0;0;0;0;1;1;0;0;0;1;0;0;-1;-1;-1;-1;-1;-1;-1;-1;-1;0;0;0;0;0;0;0;0;0;0;0;0;0;EIF;Jaro;1.29;1.23;0;0;0;0;0;0;0;0;0;0;0;0;0;0;0;1875;27;Y;Y;Y;N;N;N;Y
540081;418;415;2019;complete;4288;0;-1;;78;0;1;1;2;19;21;-1;-1;0;2;0;0;2;7;1;12;3;19;-1;-1;44;56;0;2;7.5;4.95;1.38;1.03;1.17;1.65;2.75;5;10.5;4.5;2.25;1.4;1.14;1.8;1.8;6;1.06;2;1.72;2.6;1.12;1.04;5;2.2;2.15;5;2.6;1.85;0;0;0;0;0;0;0;0;0;0;0;0;0;0;0;3.65;11.5;1.31;11;2.5;0;0;0;0;0;0;0;0;1.29;2.5;6;12;3.25;1.5;1.11;1.02;0;0;0;0;1;0;0;0;1;1;0;2019-04-27 14:00:00;415;0;0;0;0;0;1;1;1;9;1;10;10;11;0;1;0;1;1;1;1;15;68;48;72;0.45;2.17;2.61;0;0;0;0;0;0;1;1;0;0;0;0;0;0;-1;-1;-1;-1;-1;-1;-1;-1;-1;0;0;0;0;0;0;0;0;0;0;0;0;0;MYPA;TPS;0.92;2.15;0;0;0;0;0;0;0;0;0;0;0;0;0;0;0;1875;27;Y;N;N;N;N;N;N
540082;6987;9766;2019;complete;4288;0;-1;71;62,85;1;2;3;-1;-1;-1;-1;-1;1;3;0;0;-1;-1;-1;-1;-1;-1;-1;-1;-1;-1;1;3;1.69;3.75;4.4;1.02;1.23;1.74;2.9;5;10.5;3.85;2;1.37;1.13;1.74;2;2.3;1.48;6;1.12;1.11;1.17;2.1;2.38;2.1;4.33;2.1;2.45;4.2;0;0;0;0;0;0;0;0;0;0;0;0;0;0;0;1.43;10.5;2.95;2.9;8.5;0;0;0;0;0;0;0;0;1.3;2.63;6;12;3.2;1.44;1.1;1.02;0;0;0;0;3;0;0;1;2;3;0;2019-04-27 14:00:00;9766;0;0;0;0;0;-1;1;-1;-1;-1;-1;-1;-1;0;0;1;3;0;4;-1;0;0;0;0;0;0;0;0;0;0;0;0;0;1;1;0;0;-1;-1;0;0;-1;-1;-1;-1;-1;-1;-1;-1;-1;0;0;0;0;0;0;0;0;0;0;0;0;0;Kajaani;MuSa;0.62;1.14;0;0;0;0;0;0;0;0;0;0;0;0;0;0;0;1875;27;Y;Y;Y;N;N;N;Y
540083;424;9764;2019;complete;4288;0;-1;53;;1;0;1;10;5;15;2;0;1;2;0;0;10;8;6;3;16;11;8;14;50;50;1;2;1.53;4.05;5.4;1.03;1.25;1.8;3.05;0;9.75;3.65;1.91;1.34;1.11;1.87;1.87;0;0;0;0;1.17;1.22;2.38;0;0;0;1.83;2.62;5;0;0;0;0;0;0;0;0;0;0;0;0;0;0;0;0;0;0;0;0;0;0;0;0;0;0;0;0;1.36;2.62;7;19;3;1.44;1.1;1.02;0;0;0;0;1;0;0;1;0;1;0;2019-04-27 14:00:00;424;0;0;0;0;0;1;1;8;1;2;4;9;6;0;2;1;0;2;1;1;64;41;105;108;2.17;1.56;3.73;0;0;0;0;0;0;1;1;0;0;2;0;0;0;-1;-1;-1;-1;-1;-1;-1;-1;-1;0;0;0;0;0;0;0;0;0;0;0;0;0;Haka;TPV;2.79;0.21;0;0;0;0;0;0;0;0;0;0;0;0;0;0;0;1875;27;Y;N;N;N;N;N;N
540084;426;425;2019;complete;4288;0;-1;;45;0;1;1;5;1;6;-1;-1;2;2;0;0;5;4;5;5;10;9;-1;-1;50;50;2;2;2.95;3.05;2.35;1.04;1.3;1.95;3.4;0;8.75;3.3;1.77;1.28;1.09;1.74;2;0;0;0;0;1.6;1.3;1.44;0;0;0;3;2.4;2.62;0;0;0;0;0;0;0;0;0;0;0;0;0;0;0;0;0;0;0;0;0;0;0;0;0;0;0;0;1.4;3;8;23;2.75;1.36;1.08;1.01;0;0;0;0;1;0;1;0;0;0;1;2019-04-27 11:00:00;425;0;0;0;0;0;1;1;1;1;4;0;2;4;1;1;1;1;2;2;1;52;73;75;87;1.36;1.38;2.73;0;0;0;0;0;0;1;1;0;0;0;1;1;0;-1;-1;-1;-1;-1;-1;-1;-1;-1;0;0;0;0;0;0;0;0;0;0;0;0;0;KTP;Oulu;1.77;1.46;0;0;0;0;0;0;0;0;0;0;0;0;0;0;0;1875;27;Y;N;N;N;N;N;N
540085;424;426;2019;complete;4288;0;-1;12,22,29,43,68,88;35,55,77;6;3;9;6;7;13;0;1;2;1;0;0;13;6;2;5;15;11;12;11;51;49;2;1;1.87;3.45;3.75;1.03;1.27;1.87;3.2;0;9.25;3.45;1.87;1.31;1.1;1.8;1.95;0;0;0;0;1.2;1.29;2.1;0;0;0;2.2;2.5;4;0;0;0;0;0;0;0;0;0;0;0;0;0;0;0;0;0;0;0;0;0;0;0;0;0;0;0;0;1.36;2.75;7;21;3;1.4;1.1;1.02;0;0;0;0;9;4;1;2;2;4;5;2019-05-02 15:30:00;424;0;0;0;0;0;1;1;1;6;5;1;7;6;1;1;1;0;2;1;1;36;32;60;46;2.11;1.34;3.45;0;0;0;0;0;0;1;1;0;0;0;1;0;0;-1;-1;-1;-1;-1;-1;-1;-1;-1;0;0;0;0;50;0;0;50;0;10;2;1;0.5;Haka;KTP;2.79;1.36;3;0;3;0;50;50;50;50;0;50;50;50;2.17;0;2.17;1875;27;Y;Y;Y;Y;Y;Y;Y
540086;416;418;2019;complete;4288;0;-1;21,42,85;;3;0;3;2;5;7;3;6;0;1;0;0;12;7;7;6;19;13;19;10;55;45;0;1;1.22;5.75;10.75;1.01;1.14;1.51;2.3;4;13;4.95;2.45;1.57;1.22;2;1.74;1.8;1.9;11;1.05;1.05;1.14;4.33;1.63;2.8;8.6;1.49;3.34;8.6;0;0;0;0;0;0;0;0;0;0;0;0;0;0;0;1.16;17;5;1.9;23;0;0;0;0;0;0;0;0;1.25;2.26;5;13;3.75;1.6;1.16;1.04;0;0;0;0;3;2;0;1;0;1;2;2019-05-04 14:00:00;416;0;0;0;0;0;1;1;1;2;1;3;3;4;0;1;0;0;1;0;1;50;28;77;54;2.39;1.51;3.9;0;0;0;0;0;0;1;1;0;0;0;1;0;0;-1;-1;-1;-1;-1;-1;-1;-1;-1;0;0;0;0;0;0;0;0;0;0;0;0;0;Jaro;MYPA;1.93;0.57;0;0;3;0;0;0;0;0;0;0;0;0;0;0;0;1875;27;Y;Y;Y;N;N;N;N
540087;423;415;2019;complete;4288;0;-1;55;39;1;1;2;3;1;4;0;4;1;0;0;1;2;6;5;3;7;9;9;16;63;37;1;2;5.7;3.92;1.59;1.06;1.28;1.95;3.4;6.5;10;3.5;1.85;1.3;1.11;1.94;1.81;5;1.16;2.2;1.61;2.25;1.28;1.14;5.45;2.3;2.13;4.75;2.5;1.95;0;0;0;0;1.84;0;0;0;0;1.98;0;0;0;0;0;3.1;10;1.44;9;2.62;0;0;0;0;0;0;0;0;1.35;2.76;8;23;3.05;1.42;1.08;1.01;0;0;0;0;2;0;1;1;0;1;1;2019-05-04 14:00:00;-1;0;50;0;50;0;1;1;1;0;2;1;1;3;0;1;1;0;1;1;1;55;40;122;106;1;1.29;2.29;0;1;0;1;0;0;1;1;0;0;0;0;0;0;-1;-1;-1;-1;-1;-1;-1;-1;-1;0;0;50;50;100;0;0;100;50;24;0;3;2;EIF;TPS;1.29;2.15;0;3;0;3;100;100;50;50;0;100;100;100;1.65;2.17;3.82;1875;27;Y;Y;N;N;N;N;Y
540088;6987;425;2019;complete;4288;0;-1;;41,63;0;2;2;-1;-1;-1;-1;-1;4;4;0;0;-1;-1;-1;-1;-1;-1;-1;-1;-1;-1;4;4;4.05;3.8;1.74;1.04;1.22;1.72;2.75;5.5;13;4;2.07;1.4;1.14;1.66;2.1;5.5;1.14;2.62;1.44;2.15;1.28;1.2;4.33;2.2;2.35;4;2.62;2.05;0;0;0;0;0;0;0;0;0;0;0;0;0;0;0;2.62;13;1.5;8;3.2;0;0;0;0;0;0;0;0;1.28;2.41;6.5;19;3.5;1.53;1.11;1.02;0;0;0;0;2;0;1;0;1;1;1;2019-05-06 15:30:00;425;0;50;0;50;0;-1;1;-1;-1;-1;-1;-1;-1;1;1;3;3;2;6;-1;0;0;0;0;0;0;0;0;0;0;0;0;0;1;1;0;0;-1;-1;0;1;-1;-1;-1;-1;-1;-1;-1;-1;-1;0;0;50;50;100;0;50;50;50;1;0;3;2;Kajaani;Oulu;0.62;1.46;0;3;0;3;100;100;50;50;0;0;0;0;0;1.38;1.38;1875;27;Y;Y;N;N;N;N;N
540089;9764;9766;2019;complete;4288;0;-1;;;0;0;0;1;4;5;1;4;3;2;0;0;3;6;7;2;10;8;19;15;55;45;3;2;2.05;3.2;3.55;1.04;1.31;2;3.5;0;8.75;3.2;1.74;1.26;1.08;1.8;1.95;0;0;0;0;1.33;1.33;1.73;0;0;0;0;0;0;0;0;0;0;0;0;0;0;0;0;0;0;0;0;0;0;0;0;0;0;0;0;0;0;0;0;0;0;0;0;0;0;0;0;0;0;0;0;0;0;0;0;0;0;0;0;0;2019-05-04 14:00:00;-1;0;50;0;50;0;1;1;1;3;0;1;4;1;1;1;2;1;2;3;1;80;89;127;131;1.43;1.58;3.01;0;0;0;0;0;0;1;1;0;0;0;0;0;0;-1;-1;-1;-1;-1;-1;-1;-1;-1;0;0;50;50;50;0;0;50;50;0;0;3;1.5;TPV;MuSa;1.38;1.14;0;3;0;3;50;50;0;0;0;0;0;0;0;0;0;1875;27;N;N;N;N;N;N;N
540090;415;9764;2019;complete;4288;0;-1;42,70;37;2;1;3;2;2;4;0;0;1;1;0;0;5;4;7;2;12;6;16;13;52;48;1;1;0;0;0;0;0;1.7;0;0;0;0;2.1;0;0;2;1.73;0;0;0;0;1.1;1.2;3.25;0;0;0;1.62;2.88;6.5;0;0;0;0;0;0;0;0;0;0;0;0;0;0;0;0;0;0;0;0;0;0;0;0;0;0;0;0;1.33;2.5;6.5;19;3.25;1.5;1.11;1.02;0;0;0;0;3;1;1;1;0;1;2;2019-05-09 15:30:00;415;0;0;0;0;0;1;1;1;2;1;0;3;1;1;0;0;1;1;1;1;54;58;135;134;1.51;1.1;2.61;0;0;0;0;0;0;1;1;0;0;0;0;0;0;-1;-1;-1;-1;-1;-1;-1;-1;-1;0;0;0;0;50;0;0;50;0;5;0;2;0.5;TPS;TPV;1.93;0.21;0;0;2;0.5;50;50;50;50;0;50;50;50;0;1.56;1.56;1875;27;Y;Y;Y;N;N;N;Y
540091;9766;416;2019;complete;4288;0;-1;11;14;1;1;2;3;3;6;-1;-1;2;1;0;0;6;7;2;2;8;9;-1;-1;50;50;2;1;4;3.35;1.83;1.03;1.28;1.91;3.3;7;9;3.25;1.77;1.27;1.08;1.83;1.91;4.5;1.18;2.2;1.61;2.2;1.28;1.18;5;2.15;2.25;4.75;2.5;2;0;0;0;0;0;0;0;0;0;0;0;0;0;0;0;3;9.5;1.44;8;2.37;0;0;0;0;0;0;0;0;1.4;2.82;8;17;2.75;1.4;1.06;1;0;0;0;0;2;1;1;0;0;0;2;2019-05-11 14:00:00;-1;0;50;0;50;0;1;1;2;1;1;2;3;3;1;1;1;0;2;1;1;35;34;78;95;1.18;1.31;2.5;0;0;0;0;0;0;1;1;0;0;0;0;0;0;-1;-1;-1;-1;-1;-1;-1;-1;-1;0;0;50;50;50;0;0;50;50;8;4;2;1.5;MuSa;Jaro;1.77;1.23;0;3;2;3;50;50;0;0;0;50;50;50;0;1.88;1.88;1875;27;Y;Y;N;N;N;N;Y
540092;425;424;2019;complete;4288;0;-1;;;0;0;0;5;3;8;-1;-1;2;1;0;1;3;0;8;3;11;3;-1;-1;53;47;2;2;1.95;3.25;3.6;1.03;1.28;1.91;3.3;8;9;3.25;1.77;1.27;1.08;1.8;1.95;2.5;1.5;4;1.22;1.25;1.3;1.8;2.5;2.1;4.33;2.25;2.4;3.75;0;0;0;0;0;0;0;0;0;0;0;0;0;0;0;1.61;9.5;2.6;3.2;6.5;0;0;0;0;0;0;0;0;1.41;3;7.5;17;2.8;1.36;1.06;1.01;0;0;0;0;0;0;0;0;0;0;0;2019-05-11 14:00:00;-1;0;0;0;0;0;1;1;3;2;2;1;5;3;1;0;1;2;1;3;1;57;61;89;72;1.32;0.63;1.95;0;0;0;0;0;0;1;1;0;0;1;1;0;0;-1;-1;-1;-1;-1;-1;-1;-1;-1;0;0;0;0;0;0;0;0;0;0;0;0;0;Oulu;Haka;0.71;2.69;0;0;3;3;0;0;0;0;0;0;0;0;0;0;0;1875;27;N;N;N;N;N;N;N
540093;418;6987;2019;complete;4288;0;-1;52;9,83;1;2;3;9;7;16;-1;-1;1;0;0;0;3;8;3;9;6;17;-1;-1;50;50;1;0;3;3.5;2.05;1.01;1.17;1.57;2.45;5;12;4.35;2.2;1.48;1.17;1.54;2.35;4.5;1.18;3.4;1.3;1.72;1.25;1.36;3.5;2.25;2.65;3.2;2.62;2.37;0;0;0;0;0;0;0;0;0;0;0;0;0;0;0;2.25;15;1.66;6;4;0;0;0;0;0;0;0;0;1.29;2.44;5.5;12;3.44;1.52;1.13;1.02;0;0;0;0;3;0;1;1;1;2;1;2019-05-11 14:00:00;6987;0;0;0;0;0;1;1;4;3;5;4;7;9;0;0;1;0;0;1;1;81;85;100;105;1.18;2.24;3.42;0;0;0;0;0;0;1;1;0;1;1;0;0;0;-1;-1;-1;-1;-1;-1;-1;-1;-1;0;0;0;0;50;0;0;50;0;2;0;0;0.5;MYPA;Kajaani;0.92;1.14;0;0;0;0;50;50;50;50;0;50;50;50;0.45;0;0.45;1875;27;Y;Y;Y;N;N;N;Y
540094;426;423;2019;complete;4288;0;-1;67,73,90;88;3;1;4;1;4;5;-1;-1;1;3;0;0;5;5;3;3;8;8;-1;-1;50;50;1;3;1.8;3.7;3.85;1.03;1.26;1.83;3.1;0;9.5;3.55;1.87;1.32;1.11;1.77;1.95;0;0;0;0;1.29;1.25;2.05;0;0;0;2.1;2.6;4;0;0;0;0;0;0;0;0;0;0;0;0;0;0;0;0;0;0;0;0;0;0;0;0;0;0;0;0;1.33;2.62;7;19;3.25;1.44;1.1;1.02;0;0;0;0;4;0;0;3;1;4;0;2019-05-13 15:30:00;426;0;0;0;0;0;1;1;0;1;1;3;1;4;1;0;0;3;1;3;1;75;65;162;148;1.42;1.35;2.77;0;0;0;0;0;0;1;1;0;0;0;0;0;0;-1;-1;-1;-1;-1;-1;-1;-1;-1;0;0;0;0;50;0;50;0;0;5;0;2;0.5;KTP;EIF;1.77;0.92;0;0;0;0.5;50;50;50;50;0;0;0;0;1.36;0;1.36;1875;27;Y;Y;Y;Y;N;N;Y
540095;415;6987;2019;complete;4288;0;-1;23;;1;0;1;3;7;10;4;3;2;3;0;0;3;4;2;3;5;7;17;14;52;48;2;3;1.3;4.9;9;1.02;1.22;1.71;2.8;3.72;10.75;3.95;2.05;1.39;1.14;2.15;1.65;2;1.72;10;1.06;1.08;1.16;3.14;1.79;2.66;6.55;1.65;3.1;6.3;0;0;0;0;0;0;0;0;0;0;0;0;0;0;0;1.36;10.25;3.94;2.2;19;0;0;0;0;0;0;0;0;1.27;2.23;5.5;15;3.56;1.61;1.14;1.03;0;0;0;0;1;1;0;0;0;0;1;2019-05-15 15:30:00;415;0;100;50;50;0;1;1;1;4;2;3;5;5;0;2;2;1;2;3;1;40;62;117;134;0.84;1.19;2.02;1;0;1;0;0;0;1;1;0;0;0;0;0;0;-1;-1;-1;-1;-1;-1;-1;-1;-1;0;0;100;100;100;50;100;100;50;9;0;1;3;TPS;Kajaani;1.93;1.14;3;3;2.33;1;100;100;0;0;0;50;50;50;1.51;2.24;3.75;1875;27;Y;N;N;N;N;N;N
540096;424;9766;2019;complete;4288;0;-1;8,23,25,57,65,76;74;6;1;7;2;2;4;3;0;2;1;0;0;12;4;5;8;17;12;15;15;62;38;2;1;1.37;4.35;7.5;1.03;1.25;1.83;3.1;6;9.75;3.6;1.91;1.33;1.11;2.05;1.69;1.91;1.71;7;1.1;1.1;1.21;2.73;1.91;2.25;6.5;1.75;2.5;6.5;0;0;0;0;1.83;0;0;0;0;1.83;0;0;0;0;0;1.31;10;3.7;2.1;12;0;0;0;0;0;0;0;0;1.33;2.67;7;15;3.16;1.44;1.08;1.02;0;0;0;0;7;3;0;3;1;4;3;2019-05-16 15:30:00;424;0;50;25;50;0;1;1;2;1;0;1;3;1;1;0;1;1;1;2;1;32;20;60;46;2.14;1.18;3.31;1;0;1;0;0;0;1;1;1;0;0;0;0;0;-1;-1;-1;-1;-1;-1;-1;-1;-1;25;25;50;50;75;25;25;75;50;12;2.5;4;3.25;Haka;MuSa;2.79;1.14;3;2;2.33;1.67;75;75;50;50;25;50;50;50;2.14;1.58;3.72;1875;27;Y;Y;Y;Y;Y;Y;Y
540097;9764;425;2019;complete;4288;0;-1;;39,66,73;0;3;3;4;3;7;6;6;1;1;0;0;5;5;6;5;11;10;10;9;48;52;1;1;5.15;3.6;1.62;1.05;1.35;2.1;3.8;0;8;3;1.67;1.23;1.06;2.05;1.71;0;0;0;0;2.3;1.29;1.14;0;0;0;5;2.5;1.95;0;0;0;0;0;0;0;0;0;0;0;0;0;0;0;0;0;0;0;0;0;0;0;0;0;0;0;0;1.44;3;8;23;2.62;1.36;1.08;1.01;0;0;0;0;3;0;1;0;2;2;1;2019-05-17 15:30:00;425;0;0;0;0;0;1;1;0;1;4;2;1;6;0;0;1;1;0;2;1;44;41;111;136;1.37;1.3;2.67;0;0;0;0;0;0;1;1;0;0;0;1;0;0;-1;-1;-1;-1;-1;-1;-1;-1;-1;0;0;0;25;50;0;50;25;0;2;0;6;0.75;TPV;Oulu;1.38;1.46;1;3;0.33;2.33;100;100;100;75;50;0;0;0;1.43;1.38;2.81;1875;27;Y;Y;Y;N;N;N;N
540098;423;418;2019;complete;4288;0;-1;35,38,44,53,62,72,75;18,81;7;2;9;6;4;10;0;5;1;1;0;0;14;8;11;2;25;10;11;10;62;38;1;1;1.45;4.3;6.35;1.03;1.24;1.76;2.69;5.25;9;3.72;2.14;1.42;1.12;2;1.72;2.1;1.66;7;1.1;1.12;1.14;2.55;2.07;2.23;5.3;1.8;2.7;5.5;0;0;0;0;0;0;0;0;0;0;0;0;0;0;0;1.4;9;3.1;2.3;10;0;0;0;0;0;0;0;0;1.3;2.5;6.25;15;3.36;1.5;1.09;1.02;0;0;0;0;9;3;1;4;1;5;4;2019-05-18 14:00:00;423;0;50;0;25;0;1;1;3;2;3;2;5;5;0;1;1;0;1;1;1;60;41;121;122;2.99;1.5;4.49;0;0;0;0;0;0;1;1;0;0;2;0;0;0;-1;-1;-1;-1;-1;-1;-1;-1;-1;0;0;75;100;100;50;75;100;25;9;6;2;2.75;EIF;MYPA;1.29;0.57;0.5;0;0.33;0;100;100;25;0;0;25;25;25;1.32;1.51;2.83;1875;27;Y;Y;Y;Y;Y;Y;Y
540099;426;416;2019;complete;4288;0;-1;44,76;72,82;2;2;4;5;3;8;1;5;2;3;0;1;5;5;5;6;10;11;7;18;44;56;2;5;2.75;3.1;2.5;1.04;1.31;2;3.5;0;8.75;3.2;1.77;1.27;1.08;1.77;2;0;0;0;0;1.57;1.33;1.36;0;0;0;3;2.5;2.62;0;0;0;0;0;0;0;0;0;0;0;0;0;0;0;0;0;0;0;0;0;0;0;0;0;0;0;0;1.36;2.75;7;21;3;1.4;1.1;1.02;0;0;0;0;4;1;0;1;2;3;1;2019-05-20 15:30:00;-1;0;75;25;50;0;1;1;1;1;4;2;2;6;0;0;2;4;0;6;1;78;110;143;144;1.56;1.85;3.4;0;0;0;0;0;0;1;1;0;0;0;0;0;0;-1;-1;-1;-1;-1;-1;-1;-1;-1;0;25;50;75;100;25;50;50;50;8.5;0.5;3;2.5;KTP;Jaro;1.77;1.23;1.5;2;1;2.33;100;75;50;25;0;25;25;25;1.39;1.6;2.99;1875;27;Y;Y;Y;Y;N;N;Y
540100;9764;423;2019;complete;4288;0;-1;45;;1;0;1;8;3;11;4;1;6;2;0;0;8;3;3;7;11;10;18;14;56;44;6;2;2.4;3.05;2.9;0;0;1.85;0;0;0;0;1.95;0;0;1.73;2;0;0;0;0;1.6;1.35;1.4;0;0;0;3.1;2.5;2.62;0;0;0;0;0;0;0;0;0;0;0;0;0;0;0;0;0;0;0;0;0;0;0;0;0;0;0;0;1.4;2.75;8;21;2.75;1.4;1.08;1.02;0;0;0;0;1;1;0;0;0;0;1;2019-05-22 15:30:00;9764;0;50;0;50;0;1;1;6;1;2;2;7;4;0;1;6;1;1;7;1;55;30;126;120;1.66;1.08;2.74;0;0;0;0;0;0;1;1;0;0;1;0;0;0;-1;-1;-1;-1;-1;-1;-1;-1;-1;0;50;75;75;75;0;25;75;75;6.5;2.5;5;2.75;TPV;EIF;1.38;0.92;0.5;0;0.25;1;100;50;25;25;25;0;0;0;1.4;1.35;2.75;1875;27;Y;N;N;N;N;N;N
540101;416;424;2019;complete;4288;0;-1;14;29,77,84;1;3;4;11;7;18;1;4;1;2;0;0;7;6;6;6;13;12;15;13;51;49;1;2;2.7;3.1;2.55;1.04;1.32;2;3.55;6;8.5;3.15;1.74;1.26;1.08;1.8;1.95;3.75;1.25;3.4;1.3;1.42;1.25;1.4;3.05;2.1;3.1;2.8;2.5;2.88;0;0;0;0;1.72;0;0;0;0;2;0;0;0;0;0;1.91;10.25;1.95;4;4.4;0;0;0;0;0;0;0;0;1.33;2.75;6.5;14.75;3;1.4;1.08;1.01;0;0;0;0;4;1;1;0;2;2;2;2019-05-25 14:00:00;424;0;0;0;0;0;1;1;8;5;3;2;13;5;1;1;0;1;2;1;1;37;22;77;52;1.58;1.33;2.91;0;0;0;0;0;0;1;1;0;0;2;1;0;0;-1;-1;-1;-1;-1;-1;-1;-1;-1;0;0;50;50;50;50;50;50;0;5;2;2;1.5;Jaro;Haka;1.93;2.69;3;1;2;2.5;100;100;50;50;50;0;0;0;2.39;0.63;3.02;1875;27;Y;Y;Y;Y;N;N;Y
540102;6987;426;2019;complete;4288;0;-1;;15,67;0;2;2;-1;-1;-1;-1;-1;2;2;0;0;-1;-1;-1;-1;-1;-1;-1;-1;-1;-1;2;2;2.25;3.25;3;1.01;1.2;1.67;2.65;0;11.25;4.15;2.1;1.43;1.15;1.56;2.3;0;0;0;0;1.36;1.33;1.67;0;0;0;2.6;2.6;3;0;0;0;0;0;0;0;0;0;0;0;0;0;0;0;0;0;0;0;0;0;0;0;0;0;0;0;0;1.33;2.5;6;17;3.25;1.5;1.12;1.02;0;0;0;0;2;0;1;0;1;1;1;2019-05-25 14:00:00;426;0;75;50;75;0;-1;1;-1;-1;-1;-1;-1;-1;0;0;2;2;0;4;-1;0;0;0;0;0;0;0;0;0;0;0;0;0;1;1;0;0;-1;-1;0;0;-1;-1;-1;-1;-1;-1;-1;-1;-1;50;50;75;100;100;50;75;100;75;7;0;3.5;5.75;Kajaani;KTP;0.62;1.36;0;0;0.75;1;50;50;25;0;0;50;50;50;0;1.34;1.34;1875;27;Y;Y;N;N;N;N;N
540103;9766;418;2019;complete;4288;0;-1;23;24;1;1;2;9;3;12;-1;-1;2;1;0;0;2;5;8;3;10;8;-1;-1;50;50;2;1;1.56;4;5.1;1.02;1.24;1.77;2.95;5.5;10;3.75;1.95;1.36;1.12;1.83;1.91;2.25;1.57;6;1.12;1.1;1.17;2.15;2.05;2.25;5;1.91;2.63;4.5;0;0;0;0;1.83;0;0;0;0;1.83;0;0;0;0;0;1.4;10;3.1;2.5;9;0;0;0;0;0;0;0;0;1.33;2.75;6.5;13.75;3;1.4;1.08;1.02;0;0;0;0;2;1;1;0;0;0;2;2019-05-25 14:00:00;-1;0;75;75;25;0;1;1;5;1;4;2;6;6;0;0;2;1;0;3;1;53;28;98;93;1.16;1.07;2.23;0;0;0;0;0;0;1;1;0;0;2;0;0;0;-1;-1;-1;-1;-1;-1;-1;-1;-1;25;25;50;100;100;100;100;50;25;7.5;4.5;3;4;MuSa;MYPA;1.77;0.57;1;0;1.25;0;75;75;50;0;0;25;25;0;1.18;1.51;2.69;1875;27;Y;Y;N;N;N;N;Y
540104;425;415;2019;complete;4288;0;-1;;43;0;1;1;7;4;11;-1;-1;1;2;0;0;5;2;10;6;15;8;-1;-1;50;50;1;2;2.2;3.2;3.15;1.07;1.42;2.3;4.35;8.5;7.25;2.7;1.56;1.18;1.04;2;1.74;2.62;1.44;3.4;1.3;1.25;1.3;1.62;2.8;1.91;4;2.5;2.3;3.6;0;0;0;0;0;0;0;0;0;0;0;0;0;0;0;1.8;7.5;2.4;3.3;5.5;0;0;0;0;0;0;0;0;1.44;3.2;8.5;18;2.63;1.3;1.05;1.01;0;0;0;0;1;0;1;0;0;0;1;2019-05-25 14:00:00;415;0;25;0;0;0;1;1;2;3;5;1;5;6;0;0;1;2;0;3;1;67;46;134;121;1.79;0.99;2.78;0;0;0;0;0;0;1;1;0;0;0;0;0;0;-1;-1;-1;-1;-1;-1;-1;-1;-1;0;0;0;25;50;0;25;50;0;15;0.5;4;0.75;Oulu;TPS;0.71;2.15;1;2;2.5;2.5;100;100;100;75;50;25;25;25;1.32;1.73;3.05;1875;27;Y;N;N;N;N;N;N
540105;418;426;2019;complete;4288;0;-1;90;82;1;1;2;3;10;13;-1;-1;1;1;0;0;3;7;8;8;11;15;-1;-1;50;50;1;1;5;3.6;1.6;0;0;1.53;0;0;0;0;2.4;0;0;1.57;2.25;0;0;0;0;2.25;1.29;1.17;0;0;0;4.33;2.75;1.91;0;0;0;0;0;0;0;0;0;0;0;0;0;0;0;0;0;0;0;0;0;0;0;0;0;0;0;0;1.29;2.25;5.5;15;3.5;1.57;1.14;1.03;0;0;0;0;2;0;0;1;1;2;0;2019-05-29 15:30:00;-1;0;50;25;50;0;1;1;1;4;2;6;5;8;0;0;1;1;0;2;1;56;63;80;99;1.31;1.89;3.2;0;0;0;0;0;0;1;1;0;0;0;2;0;0;-1;-1;-1;-1;-1;-1;-1;-1;-1;25;25;50;75;100;25;75;100;50;12.5;0;2;3.75;MYPA;KTP;0.92;1.36;0;1.5;0.2;1.4;75;75;50;25;0;100;100;100;0.81;1.34;2.15;1875;27;Y;Y;N;N;N;N;Y
540106;415;424;2019;complete;4288;0;-1;;71;0;1;1;4;7;11;2;4;0;1;0;0;2;5;9;2;11;7;14;7;52;48;0;1;2;3.45;3.35;1.02;1.24;1.8;3;5.35;10;3.7;1.95;1.35;1.12;1.69;2.05;2.95;1.29;4.33;1.2;1.28;1.24;1.57;2.66;2.26;3.72;2.4;2.5;3.15;0;0;1.2;1.4;1.8;2.2;3.1;3.9;2.7;1.9;1.57;1.3;0;0;0;1.7;10.5;2.35;3.7;5.05;0;0;0;0;0;0;0;0;1.36;2.6;6.65;14.5;2.9;1.46;1.04;1.02;0;0;0;0;1;0;0;0;1;1;0;2019-05-29 15:30:00;424;0;50;50;0;0;1;1;2;6;2;1;8;3;0;1;0;0;1;0;1;56;50;126;117;1.25;1.17;2.42;0;0;0;0;0;0;1;1;0;0;0;1;0;0;-1;-1;-1;-1;-1;-1;-1;-1;-1;0;25;50;50;75;50;75;50;25;7.5;3.5;3.5;2;TPS;Haka;1.93;2.69;3;2;2.6;2.6;100;75;50;50;25;50;50;25;1.17;0.98;2.15;1875;27;Y;N;N;N;N;N;N
540107;9766;425;2019;complete;4288;0;-1;37;;1;0;1;-1;-1;-1;-1;-1;-1;-1;-1;-1;-1;-1;-1;-1;-1;-1;-1;-1;-1;-1;-1;-1;6.25;3.9;1.48;1.04;1.32;2;3.6;6.75;8.5;3.1;1.71;1.25;1.07;2.15;1.65;4.7;1.11;1.83;1.83;2.5;1.26;1.1;5.4;2.1;2.1;5.35;2.45;1.83;0;0;0;0;0;0;0;0;0;0;0;0;0;0;0;3.6;9;1.36;7.5;2.15;0;0;0;0;0;0;0;0;1.4;2.95;7.25;16;2.7;1.29;1.02;1.02;0;0;0;0;1;1;0;0;0;0;1;2019-05-29 15:30:00;9766;0;50;50;0;0;-1;-1;-1;-1;-1;-1;-1;-1;-1;-1;-1;-1;-1;-1;-1;0;0;0;0;0;0;0;0;0;0;0;0;0;1;1;0;0;-1;-1;-1;-1;-1;-1;-1;-1;-1;-1;-1;-1;-1;0;0;17;84;100;50;100;34;17;8;0.33;4.33;2;MuSa;Oulu;1.77;1.46;1;3;1.2;2;100;100;84;17;0;25;25;25;1.17;1.34;2.51;1875;27;Y;N;N;N;N;N;N
540108;423;6987;2019;complete;4288;0;-1;43,67;53;2;1;3;3;5;8;-1;-1;1;3;0;0;6;5;5;6;11;11;-1;-1;50;50;1;3;2.2;3.3;2.95;1.02;1.24;1.8;3;5.5;10;3.7;1.95;1.35;1.12;1.65;2.1;2.7;1.34;4.5;1.18;1.21;1.22;1.74;2.45;2.2;3.8;2.15;2.55;3.55;0;0;0;0;0;0;0;0;0;0;0;0;0;0;0;1.62;10.5;2.4;3.3;5.75;0;0;0;0;0;0;0;0;1.31;2.57;6.15;13.75;3.28;1.47;1.05;1.02;0;0;0;0;3;1;0;1;1;2;1;2019-05-30 12:00:00;423;0;75;17;59;0;1;1;1;0;2;5;1;7;0;0;1;3;0;4;1;42;41;135;93;1.44;1.35;2.78;0;0;0;0;0;0;1;1;0;0;0;0;0;0;-1;-1;-1;-1;-1;-1;-1;-1;-1;17;17;59;75;100;17;84;75;59;11.67;1;2.5;3.34;EIF;Kajaani;1.29;1.14;1.33;1.5;0.8;0.6;84;84;42;25;0;84;84;42;1.88;1.71;3.59;1875;27;Y;Y;Y;N;N;N;Y
540109;416;9764;2019;complete;4288;0;-1;32;83;1;1;2;3;7;10;6;2;3;4;0;0;7;3;11;7;18;10;13;9;50;50;3;4;1.47;4.25;5.85;1.03;1.25;1.8;3.05;0;9.75;3.65;1.91;1.34;1.11;1.95;1.8;0;0;0;0;0;0;0;0;0;0;0;0;0;0;0;0;0;0;0;0;0;0;0;0;0;0;0;0;0;0;0;0;0;0;0;0;0;0;0;0;0;0;0;0;0;0;0;0;0;0;0;0;0;2;1;0;0;1;1;1;2019-05-30 12:00:00;-1;0;50;50;0;0;1;1;3;4;0;3;7;3;1;0;2;4;1;6;1;47;16;79;49;1.96;0.96;2.92;0;0;0;0;0;0;1;1;0;0;1;0;0;0;-1;-1;-1;-1;-1;-1;-1;-1;-1;0;25;75;75;100;75;75;100;25;10;2;2;2.75;Jaro;TPV;1.93;0.21;1.5;0;1.6;0.8;100;75;25;25;0;50;50;50;1.98;1.33;3.31;1875;27;Y;Y;N;N;N;N;Y
540110;415;416;2019;complete;4288;0;-1;4,61,73;17,28;3;2;5;5;7;12;2;5;3;1;0;0;7;7;6;9;13;16;17;17;49;51;3;1;1.95;3.3;3.75;1.05;1.35;2.1;3.8;7.25;8;3;1.67;1.23;1.06;1.91;1.83;2.5;1.5;3.75;1.25;1.22;1.25;1.73;2.6;2;4.33;2.3;2.4;3.75;0;0;1.29;1.53;1.83;2.5;3.7;3.2;2.3;1.83;1.44;1.22;0;0;0;1.67;8.5;2.5;3.1;6;0;0;0;0;0;0;0;0;1.4;3;8;21;2.75;1.33;1.06;1;0;0;0;0;5;1;2;2;0;2;3;2019-06-02 15:30:00;415;0;67;33;34;0;1;1;3;3;2;4;6;6;0;0;3;1;0;4;1;42;57;102;114;1.62;1.92;3.54;0;0;0;0;0;0;1;1;1;0;1;0;0;0;-1;-1;-1;-1;-1;-1;-1;-1;-1;0;17;50;67;100;33;67;67;34;7.67;4.67;3.67;2.34;TPS;Jaro;1.93;1.23;2;1.67;2.17;1.5;100;84;50;34;0;50;50;33;1.2;1.68;2.88;1875;27;Y;Y;Y;Y;Y;N;Y
540111;9764;6987;2019;complete;4288;0;-1;58;31;1;1;2;5;3;8;0;2;2;2;0;0;5;5;9;4;14;9;10;13;58;42;2;2;2.25;3.3;2.9;1.03;1.25;1.8;3.05;5.65;9.75;3.65;1.91;1.34;1.11;1.67;2.1;0;0;0;0;0;0;0;0;0;0;0;0;0;0;0;0;0;0;0;0;0;0;0;0;0;0;0;0;0;0;0;0;0;0;0;0;0;0;0;0;0;0;0;0;0;0;0;0;0;0;0;0;0;2;0;1;1;0;1;1;2019-06-02 15:30:00;-1;0;34;0;34;0;1;1;2;2;3;1;4;4;1;0;1;2;1;3;1;40;25;83;53;1.52;1.1;2.62;0;0;0;0;0;0;1;1;0;0;0;0;0;0;-1;-1;-1;-1;-1;-1;-1;-1;-1;0;0;50;50;84;0;84;50;50;10.66;4;5.33;1.83;TPV;Kajaani;1.38;1.14;1.33;1;0.83;0.5;100;100;50;50;17;50;50;33;1.49;1.59;3.08;1875;27;Y;Y;N;N;N;N;Y
540112;425;418;2019;complete;4288;0;-1;;;0;0;0;14;2;16;-1;-1;1;1;0;0;5;4;2;2;7;6;-1;-1;74;26;1;1;1.19;6.55;11;1;1.13;1.45;2.15;3.6;14;5.35;2.6;1.65;1.25;2.05;1.71;1.83;1.83;11;1.05;1.03;1.07;4.5;1.53;2.88;9;1.4;3.6;8.5;0;0;1.22;1.44;1.72;2.2;3.1;3.7;2.5;2;1.57;1.3;0;0;0;1.17;23;4.5;2;17;0;0;0;0;0;0;0;0;1.22;2.12;5;10.5;3.75;1.67;1.14;1.03;0;0;0;0;0;0;0;0;0;0;0;2019-06-02 15:30:00;-1;0;34;34;17;0;1;1;8;0;6;2;8;8;0;1;1;0;1;1;1;84;47;107;79;1.4;1;2.41;0;0;0;0;0;0;1;1;0;0;1;0;0;0;-1;-1;-1;-1;-1;-1;-1;-1;-1;17;17;34;50;75;50;75;34;17;10;2.33;2.5;2.59;Oulu;MYPA;0.71;0.57;0.5;0.33;1.67;0.33;84;84;67;50;25;59;59;42;1.55;1.36;2.91;1875;27;N;N;N;N;N;N;N
540113;426;9766;2019;complete;4288;0;-1;49,74,85;29;3;1;4;3;8;11;1;1;0;0;0;0;9;5;15;3;24;8;10;11;58;42;0;0;1.67;3.7;4.6;1.02;1.24;1.77;2.95;5.45;10;3.75;1.95;1.36;1.12;1.77;1.95;0;0;0;0;1.18;1.25;2.25;0;0;0;2;2.62;4.33;0;0;0;0;0;0;0;0;0;0;0;0;0;0;0;0;0;0;0;0;0;0;0;0;0;0;0;0;1.36;2.62;7;19;3;1.44;1.1;1.02;0;0;0;0;4;0;1;3;0;3;1;2019-06-03 15:30:00;426;0;67;0;67;0;1;-1;2;4;1;4;6;5;0;0;0;0;0;0;1;75;41;119;78;2.68;1.16;3.84;0;0;0;0;0;0;1;1;0;0;2;0;-1;-1;-1;-1;-1;-1;-1;-1;-1;-1;-1;17;50;67;67;84;17;50;67;67;6.67;0.67;3.67;3.17;KTP;MuSa;1.77;1.14;1.33;1.33;1.33;1.5;84;50;33;33;17;0;0;0;1.45;1.38;2.83;1875;27;Y;Y;Y;Y;N;N;Y
540114;424;423;2019;complete;4288;0;-1;23,78;;2;0;2;5;2;7;3;0;0;2;0;0;5;6;3;8;8;14;12;12;45;55;0;2;1.29;5.35;8;1.01;1.14;1.51;2.3;3.9;13;4.95;2.45;1.57;1.22;1.87;1.87;2.1;1.66;11;1.05;1.05;1.11;3.4;1.67;2.63;7;1.53;3.2;6.5;0;0;1.25;1.44;1.83;2.3;3.2;3.5;2.5;1.83;1.53;1.29;1.22;9.85;7.84;1.25;19;3.75;2.25;19;0;0;0;0;0;0;0;0;1.22;2.11;5;10.5;3.75;1.68;1.14;1.02;0;0;0;0;2;1;0;1;0;1;1;2019-06-04 15:30:00;424;0;59;17;59;0;1;1;1;1;4;1;2;5;0;1;0;1;1;1;1;32;25;73;52;1.09;1.48;2.57;0;0;0;0;0;0;1;1;0;0;0;0;0;0;-1;-1;-1;-1;-1;-1;-1;-1;-1;34;59;59;59;100;34;59;75;59;9.5;1.67;4.17;4.09;Haka;EIF;2.79;0.92;3;0;2.67;1.17;67;42;42;42;0;59;59;59;2.14;1.21;3.35;1875;27;Y;Y;N;N;N;N;N
540115;418;9764;2019;complete;4288;0;-1;33;37;1;1;2;2;7;9;-1;-1;2;2;0;0;2;3;0;1;2;4;-1;-1;50;50;2;2;2.95;3.15;2.3;0;0;1.95;0;0;0;0;1.85;0;0;1.67;2.1;0;0;0;0;1.6;1.36;1.4;0;0;0;0;0;0;0;0;0;0;0;0;0;0;0;0;0;0;0;0;0;0;0;0;0;0;0;0;0;0;0;0;0;0;0;0;0;0;0;0;0;0;0;0;0;0;2;1;1;0;0;0;2;2019-06-09 15:30:00;-1;0;67;17;34;0;1;1;0;2;2;5;2;7;0;0;2;2;0;4;1;19;44;76;84;0.42;0.79;1.21;0;0;0;0;0;0;1;1;0;0;0;1;0;0;-1;-1;-1;-1;-1;-1;-1;-1;-1;0;0;33;67;100;17;50;100;34;9.34;0;3;2;MYPA;TPV;0.92;0.21;0.33;0.33;0.43;0.86;100;100;67;33;0;84;84;67;0.98;1.21;2.19;1875;27;Y;Y;N;N;N;N;Y
540116;6987;424;2019;complete;4288;0;-1;;;0;0;0;-1;-1;-1;-1;-1;2;1;0;0;-1;-1;-1;-1;-1;-1;-1;-1;-1;-1;2;1;4.5;4;1.62;1.01;1.18;1.61;2.5;4.45;11.75;4.4;2.2;1.48;1.18;1.65;2.15;7;1.1;2.75;1.4;1.95;1.18;1.13;4.75;2.37;2.25;4.33;2.87;1.9;0;0;0;0;0;0;0;0;0;0;0;0;0;0;0;2.87;15;1.44;11;3.2;0;0;0;0;0;0;0;0;1.28;2.25;5.5;15;3.5;1.57;1.14;1.03;0;0;0;0;0;0;0;0;0;0;0;2019-06-09 15:30:00;-1;0;33;17;17;0;-1;1;-1;-1;-1;-1;-1;-1;1;1;1;0;2;1;-1;0;0;0;0;0;0;0;0;0;0;0;0;0;1;1;0;0;-1;-1;0;0;-1;-1;-1;-1;-1;-1;-1;-1;-1;0;17;33;67;84;17;50;84;33;5.67;1.33;4;2;Kajaani;Haka;0.62;2.69;0;2.33;0.57;2.71;100;84;67;34;17;34;34;34;0;1.05;1.05;1875;27;N;N;N;N;N;N;N
540117;9766;423;2019;complete;4288;0;-1;14;35,56,87;1;3;4;8;7;15;-1;-1;2;1;1;0;4;5;2;3;6;8;-1;-1;50;50;4;1;2.4;3.1;2.9;1.06;1.39;2.15;4.15;8;7.5;2.8;1.62;1.2;1.05;1.87;1.91;3.2;1.23;3;1.36;1.45;1.33;1.57;3.1;2.1;3;2.87;2.3;3.1;0;0;1.36;1.72;2.2;3.2;4.5;2.8;2;1.57;1.29;1.15;0;0;0;1.83;8;2.2;4.2;3.95;0;0;0;0;0;0;0;0;1.5;3.5;10;26;2.5;1.28;1.06;1.01;0;0;0;0;4;1;1;0;2;2;2;2019-06-09 15:30:00;423;0;50;34;17;0;1;1;5;2;3;5;7;8;1;0;2;1;1;3;1;63;61;85;91;1.12;1.3;2.42;0;1;0;1;0;0;1;1;0;0;2;0;0;0;-1;-1;-1;-1;-1;-1;-1;-1;-1;0;17;17;67;100;34;84;34;17;9;0;4.33;2;MuSa;EIF;1.77;0.92;1.67;0;1.29;1;100;84;84;33;0;42;42;42;1.17;1.3;2.47;1875;27;Y;Y;Y;Y;N;N;Y
540118;425;416;2019;complete;4288;0;-1;;;0;0;0;6;0;6;-1;-1;2;2;0;0;2;3;5;4;7;7;-1;-1;50;50;2;2;1.95;3.25;3.7;1.04;1.33;2;3.65;6.95;8.5;3.1;1.71;1.25;1.07;1.83;1.87;2.5;1.5;4;1.22;1.2;1.25;1.65;2.62;2.1;4.33;2.3;2.4;3.75;0;0;1.22;1.44;1.83;2.3;3.2;3.7;2.5;1.83;1.53;1.29;0;0;0;1.61;9;2.6;3.25;6;0;0;0;0;0;0;0;0;1.44;3;8;23;2.62;1.36;1.08;1.01;0;0;0;0;0;0;0;0;0;0;0;2019-06-09 15:30:00;-1;0;50;25;25;0;-1;1;-1;-1;-1;-1;-1;-1;0;1;2;1;1;3;1;65;55;105;100;1.06;1.06;2.12;0;0;0;0;0;0;1;1;0;0;-1;-1;0;0;-1;-1;-1;-1;-1;-1;-1;-1;-1;13;25;38;50;67;25;54;38;38;13.92;2.25;3.58;1.92;Oulu;Jaro;0.71;1.23;0.67;1.25;1.57;1.29;88;75;63;50;34;59;59;59;1.5;1.74;3.24;1875;27;N;N;N;N;N;N;N
540119;426;415;2019;complete;4288;0;-1;;15,40,58;0;3;3;4;2;6;3;2;2;0;0;0;5;8;2;2;7;10;8;11;56;44;2;0;2.95;3.2;2.3;0;0;1.8;0;0;0;0;2;0;0;1.62;2.2;0;0;0;0;1.62;1.34;1.38;0;0;0;3;2.5;2.6;0;0;0;0;0;0;0;0;0;0;0;0;0;0;0;0;0;0;0;0;0;0;0;0;0;0;0;0;1.36;2.62;7;19;3;1.44;1.1;1.02;0;0;0;0;3;0;2;0;1;1;2;2019-06-10 15:30:00;415;0;54;0;25;0;1;1;1;1;3;1;2;4;1;0;1;0;1;1;1;40;33;67;77;1.08;1.43;2.52;0;0;0;0;0;0;1;1;0;0;1;0;0;0;-1;-1;-1;-1;-1;-1;-1;-1;-1;0;38;38;54;100;0;71;71;38;11.5;0.67;3.25;2.29;KTP;TPS;1.77;2.15;1.75;2.33;1.57;2.29;100;63;63;46;0;46;46;46;1.75;1.48;3.23;1875;27;Y;Y;Y;N;N;N;N
540120;424;418;2019;complete;4288;0;-1;40,77;;2;0;2;16;4;20;3;1;0;1;0;0;10;2;11;3;21;5;7;6;66;34;0;1;1.14;7.25;14;1;1.1;1.37;1.95;3.1;15.5;6.05;2.9;1.77;1.32;2.05;1.71;1.91;1.71;17;1.02;1.04;1.08;5.5;1.53;2.95;8.75;1.3;4;10;0;0;0;0;0;1.9;0;0;0;0;1.8;0;0;0;0;1.16;29;5;2;14.25;0;0;0;0;0;0;0;0;1.18;1.83;3.75;9;4.5;1.83;1.25;1.07;0;0;0;0;2;1;0;1;0;1;1;2019-06-13 15:30:00;424;0;50;38;38;0;1;1;7;0;9;4;7;13;0;0;0;1;0;1;1;50;25;72;46;2.37;0.64;3.01;0;0;0;0;0;0;1;1;0;0;1;0;0;0;-1;-1;-1;-1;-1;-1;-1;-1;-1;38;38;50;75;88;63;75;75;38;9.25;4.25;2.25;4.13;Haka;MYPA;2.79;0.57;3;0.5;2.5;0.5;63;63;50;25;13;63;63;50;1.88;1.27;3.15;1875;27;Y;Y;N;N;N;N;N
540121;415;9766;2019;complete;4288;0;-1;7;13,26;1;2;3;6;6;12;1;3;3;3;0;0;9;5;8;1;17;6;18;16;57;43;3;3;1.19;6.15;11.75;1.01;1.18;1.61;2.5;4.45;11.75;4.4;2.2;1.48;1.18;2.35;1.54;1.61;2.2;11;1.05;1.02;1.12;4.45;1.59;2.77;10.25;1.4;3.2;11;0;0;0;0;1.83;0;0;0;0;1.83;0;0;1.12;14.1;8.66;1.14;13;6;1.72;23;0;0;0;0;0;0;0;0;1.3;2.33;5.5;15;3.32;1.56;1.14;1.03;0;0;0;0;3;1;2;0;0;0;3;2019-06-14 15:30:00;9766;0;63;25;25;0;1;1;1;3;5;3;4;8;1;1;2;2;2;4;1;63;51;145;106;2.17;1.11;3.28;0;0;0;0;0;0;1;1;1;0;1;1;0;0;-1;-1;-1;-1;-1;-1;-1;-1;-1;25;38;63;63;88;38;63;75;50;8.17;3;3;3;TPS;MuSa;1.93;1.14;2.25;1;2.38;1.13;75;63;38;38;13;54;54;42;1.31;1.3;2.61;1875;27;Y;Y;Y;N;N;N;Y
540122;416;6987;2019;complete;4288;0;-1;75;17;1;1;2;8;5;13;3;4;2;2;0;0;7;3;12;13;19;16;15;9;55;45;2;2;1.48;4.25;5.8;1.01;1.18;1.61;2.55;4.5;11.75;4.35;2.2;1.47;1.17;1.74;2;2.25;1.5;8;1.08;1.1;1.22;2.62;1.91;2.3;5.5;1.72;2.75;5.5;0;0;1.17;1.3;1.6;2;2.5;4.33;3.1;2.15;1.72;1.44;1.22;8.81;5.98;1.33;13;3.4;2.5;8.25;0;0;0;0;0;0;0;0;1.3;2.37;5.5;15;3.4;1.53;1.14;1.03;0;0;0;0;2;0;1;1;0;1;1;2019-06-16 15:30:00;-1;0;71;17;25;0;1;1;2;4;6;1;6;7;1;1;1;1;2;2;1;46;24;76;43;2.01;1.38;3.4;0;0;0;0;0;0;1;1;0;0;0;1;0;0;-1;-1;-1;-1;-1;-1;-1;-1;-1;0;17;59;88;100;34;100;88;42;10.83;4.08;3.33;2.63;Jaro;Kajaani;1.93;1.14;1.33;1;1.25;0.63;100;84;42;13;0;59;59;29;1.98;1.47;3.45;1875;27;Y;Y;N;N;N;N;Y
540123;423;425;2019;complete;4288;0;-1;;4,60,90;0;3;3;2;4;6;2;6;2;1;0;0;4;5;4;2;8;7;12;12;45;55;2;1;3.4;3.15;2.1;1.04;1.32;2;3.55;6.85;8.5;3.15;1.74;1.26;1.08;1.8;1.91;3.6;1.2;2.62;1.44;1.75;1.3;1.33;3.75;2;2.75;3.4;2.4;2.5;0;0;1.33;1.66;2.15;2.9;4.33;2.9;2.1;1.6;1.33;1.17;2.52;7;1.85;2.37;9.5;1.72;5.15;3.3;0;0;0;0;0;0;0;0;1.4;3;8;23;2.75;1.36;1.08;1.01;0;0;0;0;3;0;1;0;2;2;1;2019-06-16 15:30:00;425;0;50;13;38;0;1;1;0;1;2;3;1;5;0;0;2;1;0;3;1;44;42;86;102;1.11;1.11;2.22;0;1;0;1;0;0;1;1;0;1;0;0;0;0;-1;-1;-1;-1;-1;-1;-1;-1;-1;13;13;50;75;100;13;88;75;50;6.25;0.5;3.33;3;EIF;Oulu;1.29;1.46;1.75;2.25;1.25;1.5;88;88;50;25;0;25;25;13;1.77;1.34;3.11;1875;27;Y;Y;Y;N;N;N;N
540124;9764;426;2019;complete;4288;0;-1;57;;1;0;1;2;4;6;2;3;1;2;0;0;5;8;13;7;18;15;12;9;53;47;1;2;2.75;3.2;2.6;0;0;1.9;0;0;0;0;1.9;0;0;1.67;2.1;0;0;0;0;1.53;1.36;1.45;0;0;0;2.88;2.5;2.75;0;0;0;0;0;0;0;0;0;0;0;0;0;0;0;0;0;0;0;0;0;0;0;0;0;0;0;0;1.4;2.75;8;21;2.75;1.4;1.08;1.02;0;0;0;0;1;0;0;1;0;1;0;2019-06-16 15:30:00;9764;0;46;17;34;0;1;1;1;1;1;3;2;4;0;0;1;2;0;3;1;90;80;150;114;2.14;2.08;4.23;0;0;0;0;0;0;1;1;0;0;0;1;0;0;-1;-1;-1;-1;-1;-1;-1;-1;-1;17;17;29;75;88;17;71;75;46;13;2.42;4.33;2.92;TPV;KTP;1.38;1.36;1.25;1.33;0.88;1.38;84;84;71;25;13;63;63;63;1.5;1.62;3.12;1875;27;Y;N;N;N;N;N;N
540125;418;415;2019;complete;4288;0;-1;17,41,85;89;3;1;4;4;12;16;5;4;2;1;0;0;8;17;2;8;10;25;9;12;38;62;2;1;7.95;5.05;1.36;1.02;1.17;1.59;2.3;4.4;10;4.5;2.45;1.56;1.17;1.9;1.84;9;1.07;2;1.72;3.4;1.15;1.06;6.35;2.63;1.82;7.5;3.28;1.54;0;0;1.15;1.3;1.57;2.1;2.5;4.5;3.1;2.2;1.66;1.44;6.63;11.17;1.24;4.05;10.25;1.35;19;2.1;0;0;0;0;0;0;0;0;1.3;2.22;5.5;15;3.32;1.62;1.14;1.03;0;0;0;0;4;2;0;1;1;2;2;2019-06-19 15:30:00;418;0;50;13;25;0;1;1;3;4;1;8;7;9;1;1;1;0;2;1;1;26;48;50;78;1.38;3.1;4.48;0;0;0;0;0;0;1;1;0;0;2;0;0;0;-1;-1;-1;-1;-1;-1;-1;-1;-1;0;0;25;63;100;25;63;75;25;10.5;0;2.5;1.88;MYPA;TPS;0.92;2.15;0.5;2.5;0.44;2.11;100;100;75;38;0;75;63;63;0.84;1.47;2.31;1875;27;Y;Y;Y;Y;N;N;Y
540126;416;423;2019;complete;4288;0;-1;47,51,52;;3;0;3;7;3;10;6;4;2;1;0;0;9;3;10;8;19;11;13;10;53;47;2;1;1.54;4.1;5.1;1.02;1.22;1.71;2.8;5.1;10.75;3.95;2.05;1.39;1.14;1.8;1.95;2.2;1.61;7;1.1;1.12;1.21;2.6;1.99;2.46;5.6;1.82;2.85;5.35;0;0;1.29;1.53;1.9;2.5;3.5;3.2;2.3;1.8;1.44;1.25;1.77;5.84;3.04;1.36;13;3.25;2.6;12;0;0;0;0;0;0;0;0;1.32;2.38;6;17;3.2;1.54;1.12;1.02;0;0;0;0;3;0;0;3;0;3;0;2019-06-19 15:30:00;416;0;63;25;13;0;1;1;4;2;3;1;6;4;1;1;1;0;2;1;1;39;19;66;56;2.1;1.04;3.14;0;0;0;0;0;0;1;1;0;0;1;0;0;0;-1;-1;-1;-1;-1;-1;-1;-1;-1;0;38;50;88;100;38;88;88;38;10;3;3.5;2.75;Jaro;EIF;1.93;0.92;1.25;0.75;1.22;1.11;100;63;50;13;0;63;63;50;1.99;1.3;3.29;1875;27;Y;Y;Y;N;N;N;N
540127;6987;9766;2019;complete;4288;0;-1;18;11,27,35;1;3;4;-1;-1;-1;-1;-1;1;2;0;0;-1;-1;-1;-1;-1;-1;-1;-1;-1;-1;1;2;1.83;3.7;3.75;1.03;1.25;1.8;3.05;5.65;9.75;3.65;1.91;1.34;1.11;1.74;2;3;1.36;4.5;1.18;1.32;1.29;1.77;2.54;2.3;3.88;2.25;2.5;3.6;0;0;0;0;0;0;0;0;0;0;0;0;0;0;0;1.67;11;2.38;3.6;6.5;0;0;0;0;0;0;0;0;1.33;2.45;6.5;19;3.13;1.51;1.11;1.02;0;0;0;0;4;1;3;0;0;0;4;2019-06-19 15:30:00;9766;0;53;10;33;0;-1;1;-1;-1;-1;-1;-1;-1;1;1;0;1;2;1;-1;0;0;0;0;0;0;0;0;0;0;0;0;0;1;1;0;0;-1;-1;1;0;-1;-1;-1;-1;-1;-1;-1;-1;-1;10;20;53;78;78;20;55;68;43;5;0.4;4.05;2.58;Kajaani;MuSa;0.62;1.14;0.25;1.4;0.67;1.33;90;80;48;23;23;25;25;25;0;1.26;1.26;1875;27;Y;Y;Y;Y;N;N;Y
540128;9764;424;2019;complete;4288;0;-1;26;66,68,90;1;3;4;2;4;6;5;4;2;3;0;1;2;7;5;6;7;13;8;8;45;55;2;4;4.15;3.6;1.77;1.03;1.26;1.83;3.1;5.85;9.5;3.55;1.87;1.32;1.11;1.77;1.95;0;0;0;0;2.3;1.29;1.18;0;0;0;4.5;2.6;1.95;0;0;0;0;0;0;0;0;0;0;0;0;0;0;0;0;0;0;0;0;0;0;0;0;0;0;0;0;1.36;2.62;7;19;3;1.44;1.1;1.02;0;0;0;0;4;1;0;0;3;3;1;2019-06-19 15:30:00;424;0;23;13;0;0;1;1;0;2;2;2;2;4;1;0;1;4;1;5;1;24;47;58;80;0.76;1.65;2.41;0;0;0;0;0;0;1;1;0;0;0;0;0;0;-1;-1;-1;-1;-1;-1;-1;-1;-1;0;13;23;33;65;13;43;55;23;9.67;4.1;4.1;1.33;TPV;Haka;1.38;2.69;1.6;2;1.11;2.56;100;88;78;68;35;44;44;44;1.63;1.05;2.68;1875;27;Y;Y;Y;Y;N;N;Y
540129;425;426;2019;complete;4288;0;-1;;70;0;1;1;7;10;17;-1;-1;4;2;0;0;7;4;12;9;19;13;-1;-1;50;50;4;2;1.65;3.65;4.9;1.03;1.27;1.87;3.2;6.05;9.25;3.45;1.87;1.31;1.1;1.83;1.87;0;0;0;0;1.17;1.25;2.2;0;0;0;2;2.6;4.5;0;0;0;0;0;0;0;0;0;0;0;0;0;0;0;0;0;0;0;0;0;0;0;0;0;0;0;0;1.36;2.75;7;21;3;1.4;1.1;1.02;0;0;0;0;1;0;0;0;1;1;0;2019-06-20 15:30:00;426;0;25;13;25;0;1;1;7;4;0;6;11;6;3;0;1;2;3;3;1;82;52;126;86;2.28;1.48;3.76;0;0;0;0;0;0;1;1;0;0;1;0;0;0;-1;-1;-1;-1;-1;-1;-1;-1;-1;13;13;13;38;63;13;38;50;25;15;0;3;1.88;Oulu;KTP;0.71;1.36;0.75;1;1.67;1.22;88;88;88;63;38;59;59;59;1.39;1.77;3.16;1875;27;Y;N;N;N;N;N;N
540130;426;424;2019;complete;4288;0;-1;;11;0;1;1;2;7;9;1;0;2;1;0;0;4;10;2;8;6;18;9;11;45;55;2;1;3.6;3.4;1.95;1.02;1.22;1.71;2.8;5.1;10.75;3.95;2.05;1.39;1.14;1.65;2.15;0;0;0;0;1.62;1.33;1.4;0;0;0;3;2.62;2.5;0;0;0;0;0;0;0;0;0;0;0;0;0;0;0;0;0;0;0;0;0;0;0;0;0;0;0;0;1.33;2.5;6;17;3.25;1.5;1.12;1.02;0;0;0;0;1;0;1;0;0;0;1;2019-06-24 15:30:00;424;0;50;10;20;0;1;1;0;4;2;3;4;5;0;0;2;1;0;3;1;65;105;131;164;1.15;2.6;3.75;0;0;0;0;0;0;1;1;0;0;0;0;0;0;-1;-1;-1;-1;-1;-1;-1;-1;-1;0;50;60;60;80;20;60;70;50;8.85;2.6;3.4;2.5;KTP;Haka;1.77;2.69;1.4;2.2;1.4;2.6;100;50;40;40;20;35;35;35;1.62;1.2;2.82;1875;27;Y;N;N;N;N;N;N
540131;418;416;2019;complete;4288;0;-1;;10,56,69,74,90;0;5;5;2;7;9;1;2;2;0;0;0;0;16;5;6;5;22;11;13;41;59;2;0;4.75;4.25;1.56;1.01;1.16;1.56;2.4;4.2;12.5;4.65;2.3;1.51;1.19;1.62;2.2;6;1.12;3;1.36;2.15;1.25;1.25;4.33;2.4;2.3;4;2.75;2;0;0;0;0;1.64;1.93;0;0;0;2.27;1.89;0;3.33;11.93;1.45;2.62;17;1.5;8;3.4;0;0;0;0;0;0;0;0;1.3;2.22;5.5;12;3.32;1.62;1.13;1.02;0;0;0;0;5;0;1;0;4;4;1;2019-06-25 15:30:00;416;0;80;30;50;0;1;1;2;4;0;3;6;3;0;0;2;0;0;2;1;30;43;48;66;0.53;2.8;3.34;0;0;0;0;0;0;1;1;0;1;0;0;0;0;-1;-1;-1;-1;-1;-1;-1;-1;-1;10;30;50;80;90;40;60;70;60;8.2;2.6;3.4;2.6;MYPA;Jaro;0.92;1.23;1;1.2;0.7;1.4;90;70;50;20;10;70;60;60;0.95;1.6;2.55;1875;27;Y;Y;Y;Y;Y;N;N
540132;9766;9764;2019;complete;4288;0;-1;90;;1;0;1;10;5;15;-1;-1;2;2;0;0;7;7;9;10;16;17;-1;-1;50;50;2;2;2.15;3.25;3.2;1.03;1.25;1.83;3.1;5.75;9.75;3.6;1.91;1.33;1.11;1.69;2.1;0;0;0;0;1.29;1.34;1.83;0;0;0;0;0;0;0;0;0;0;0;0;0;0;0;0;0;0;0;0;0;0;0;0;0;0;0;0;0;0;0;0;0;0;0;0;0;0;0;0;0;0;0;0;0;0;1;0;0;1;0;1;0;2019-06-25 15:30:00;9766;0;75;63;0;0;1;1;3;4;7;1;7;8;1;0;1;2;1;3;1;69;72;113;129;2;2.09;4.09;0;0;0;0;0;0;1;1;0;0;1;0;0;0;-1;-1;-1;-1;-1;-1;-1;-1;-1;0;13;25;75;100;63;88;50;13;11.92;0;4.92;2.13;MuSa;TPV;1.77;0.21;1.25;0.5;1.5;1;100;88;75;25;0;71;59;46;1.15;1.1;2.25;1875;27;Y;N;N;N;N;N;N
540133;425;6987;2019;complete;4288;0;-1;34,62;64,90;2;2;4;6;2;8;4;0;1;2;0;1;8;6;5;4;13;10;16;11;59;41;1;3;1.38;4.5;7;1.01;1.19;1.65;2.65;4.7;11.25;4.2;2.15;1.43;1.16;1.87;1.87;2;1.72;8;1.08;1.03;1.13;2.7;1.83;2.38;6.5;1.66;2.75;6.5;0;0;0;0;1.95;0;0;0;0;1.88;0;0;1.44;12.98;3.32;1.3;12;3.75;2.3;15;0;0;0;0;0;0;0;0;1.3;2.38;6;12;3.32;1.54;1.11;1.02;0;0;0;0;4;1;0;1;2;3;1;2019-06-25 15:30:00;-1;0;40;0;20;0;1;1;3;1;3;1;4;4;0;2;1;1;2;2;1;40;29;72;63;1.67;1.26;2.93;0;0;0;0;0;0;1;1;0;0;1;1;0;0;-1;-1;-1;-1;-1;-1;-1;-1;-1;0;0;20;40;70;0;60;50;20;13.2;0.4;4;1.3;Oulu;Kajaani;0.71;1.14;0.6;1;1.5;0.6;100;100;80;60;30;60;60;50;1.57;1.45;3.02;1875;27;Y;Y;Y;Y;N;N;Y
540134;415;423;2019;complete;4288;0;-1;23,51,55,78;;4;0;4;7;6;13;4;2;2;1;0;0;11;0;7;7;18;7;14;8;44;56;2;1;1.42;4.78;6.85;1.03;1.2;1.61;2.5;4.5;15;4.33;2.25;1.5;1.18;1.81;1.93;2.1;1.66;8;1.08;1.1;1.18;3;1.9;2.5;6.5;1.7;3.04;5.85;0;0;0;0;1.87;0;0;0;0;1.95;0;0;1.26;9.88;6.65;1.3;15;3.6;2.37;15;0;0;0;0;0;0;0;0;1.29;2.5;6;12;3.25;1.5;1.11;1.02;0;0;0;0;4;1;0;3;0;3;1;2019-06-28 15:30:00;415;0;50;40;10;0;1;1;4;2;3;4;6;7;0;0;2;1;0;3;1;53;31;108;114;2.29;0.69;2.97;0;0;0;0;0;0;1;1;0;0;0;0;0;0;-1;-1;-1;-1;-1;-1;-1;-1;-1;10;30;60;70;100;40;70;70;40;7.8;2.4;3.6;2.7;TPS;EIF;1.93;0.92;1.8;0.6;1.9;1;90;70;40;30;0;70;70;50;1.48;1.25;2.73;1875;27;Y;Y;Y;Y;N;N;N
540135;416;9766;2019;complete;4288;0;-1;72,90,90;13,19,70;3;3;6;2;8;10;0;0;2;0;0;0;6;8;14;6;20;14;12;10;60;40;2;0;1.4;4.45;6.6;1.01;1.18;1.61;2.5;4.45;11.75;4.4;2.2;1.48;1.18;1.77;1.95;2.2;1.61;8;1.08;1.1;1.2;2.75;1.95;2.5;6;1.67;3;5.5;0;0;0;0;1.83;0;0;0;0;1.83;0;0;1.24;9.48;5.95;1.33;15;3.5;2.5;15;0;0;0;0;0;0;0;0;1.3;2.31;5.5;12;3.32;1.57;1.13;1.02;0;0;0;0;6;0;2;3;1;4;2;2019-06-29 14:00:00;-1;0;72;27;17;0;1;1;1;4;1;4;5;5;1;0;1;0;1;1;1;51;21;87;34;2.04;1.59;3.63;0;1;0;1;0;0;1;1;0;0;1;0;0;0;-1;-1;-1;-1;-1;-1;-1;-1;-1;9;35;72;92;92;45;74;75;45;11.2;4.8;3.43;3.15;Jaro;MuSa;1.93;1.14;1.6;1.67;1.55;1.64;92;65;29;9;9;65;65;45;2.01;1.26;3.27;1875;27;Y;Y;Y;Y;Y;Y;Y
540136;6987;418;2019;complete;4288;0;-1;45,49;44,80;2;2;4;-1;-1;-1;-1;-1;1;1;0;0;-1;-1;-1;-1;-1;-1;-1;-1;-1;-1;1;1;1.67;3.95;4.3;1.01;1.16;1.54;2.4;4.15;12.5;4.7;2.35;1.53;1.2;1.57;2.25;3;1.36;6.5;1.11;1.18;1.22;2.2;2.2;2.5;4.5;1.91;2.8;4;0;0;0;0;0;0;0;0;0;0;0;0;0;0;0;1.44;17;2.75;3.25;9.5;0;0;0;0;0;0;0;0;1.25;2.14;5;10.5;3.5;1.66;1.14;1.02;0;0;0;0;4;1;1;1;1;2;2;2019-06-29 14:00:00;-1;0;40;30;20;0;-1;1;-1;-1;-1;-1;-1;-1;0;1;1;0;1;1;-1;0;0;0;0;0;0;0;0;0;0;0;0;0;1;1;0;0;-1;-1;0;1;-1;-1;-1;-1;-1;-1;-1;-1;-1;10;20;40;80;80;40;70;60;20;3.6;1;3;2.7;Kajaani;MYPA;0.62;0.57;0.2;0.4;0.64;0.64;90;80;60;20;20;40;40;30;0;1.15;1.15;1875;27;Y;Y;Y;Y;N;N;Y
540137;424;425;2019;complete;4288;0;-1;9,57;2;2;1;3;4;1;5;5;4;0;2;0;0;9;3;8;2;17;5;9;11;52;48;0;2;1.87;3.5;3.8;1.04;1.31;2;3.5;6.7;8.75;3.2;1.77;1.27;1.08;1.87;1.87;2.5;1.5;4.33;1.2;1.22;1.28;1.83;2.5;2.2;4.5;2.2;2.4;4;0;0;0;0;1.72;2.26;0;0;0;2;1.61;0;1.34;6.95;3.7;1.57;10;2.62;3.1;6.5;0;0;0;0;0;0;0;0;1.41;2.81;7.5;15;2.77;1.4;1.06;1.01;0;0;0;0;3;1;1;1;0;1;2;2019-06-29 14:00:00;424;0;20;10;20;0;1;1;3;0;1;1;3;2;0;0;0;2;0;2;1;68;27;126;98;2.2;0.74;2.94;0;0;0;0;0;0;1;1;1;1;2;0;0;0;-1;-1;-1;-1;-1;-1;-1;-1;-1;20;20;40;70;100;20;90;80;40;10.47;4;3;3.1;Haka;Oulu;2.79;1.46;3;2.4;2.64;1.45;80;80;60;30;0;30;30;30;1.98;1.26;3.24;1875;27;Y;Y;Y;N;N;N;Y
540138;423;426;2019;complete;4288;0;-1;63;13,40,42,68;1;4;5;4;10;14;-1;-1;2;0;0;0;5;10;8;10;13;20;-1;-1;50;50;2;0;2.65;3.25;2.45;1.01;1.2;1.67;2.65;4.8;11.25;4.15;2.1;1.43;1.15;1.56;2.3;0;0;0;0;1.67;1.3;1.4;0;0;0;3;2.62;2.5;0;0;0;0;0;0;0;0;0;0;0;0;0;0;0;0;0;0;0;0;0;0;0;0;0;0;0;0;1.33;2.5;6.5;17;3.25;1.5;1.11;1.02;0;0;0;0;5;0;3;1;1;2;3;2019-07-02 15:30:00;426;0;60;20;50;0;1;1;3;3;1;7;6;8;0;0;2;0;0;2;1;45;59;117;96;1.51;2.38;3.89;0;0;0;0;0;0;1;1;0;0;2;0;0;0;-1;-1;-1;-1;-1;-1;-1;-1;-1;20;20;50;80;100;20;60;100;60;11.55;0.4;2.8;3.5;EIF;KTP;1.29;1.36;1.4;1.4;0.91;1.27;80;80;50;20;0;58;58;48;1.63;1.7;3.33;1875;27;Y;Y;Y;Y;Y;N;Y
540139;9764;415;2019;complete;4288;0;-1;90;15,51,79,82;1;4;5;3;6;9;1;1;0;0;0;0;3;11;5;8;8;19;7;8;51;49;0;0;5;4.22;1.61;0;0;1.85;0;0;0;0;1.95;0;0;1.73;2;0;0;0;0;2.1;1.29;1.2;0;0;0;4;2.6;2.1;0;0;0;0;0;0;0;0;0;0;0;0;0;0;0;0;0;0;0;0;0;0;0;0;0;0;0;0;1.36;2.62;7;19;3;1.44;1.1;1.02;0;0;0;0;5;0;1;1;3;4;1;2019-07-02 15:30:00;415;0;37;0;10;0;1;-1;2;6;1;0;8;1;0;0;0;0;0;0;1;71;94;132;145;1.24;2.65;3.89;1;0;1;0;0;0;1;1;0;0;1;0;-1;-1;-1;-1;-1;-1;-1;-1;-1;-1;-1;0;19;37;55;92;20;74;74;27;11.27;4.6;3.9;2.02;TPV;TPS;1.38;2.15;1.33;2;0.91;2;100;82;64;45;9;39;39;39;1.48;1.8;3.28;1875;27;Y;Y;Y;Y;Y;N;Y
540140;416;426;2019;complete;4288;0;-1;7,42,57;28,90;3;2;5;5;3;8;1;1;0;2;0;0;9;4;14;8;23;12;9;7;52;48;0;2;1.74;3.9;4;1.01;1.2;1.67;2.7;4.85;11;4.1;2.1;1.42;1.15;1.67;2.1;0;0;0;0;1.25;1.22;2;0;0;0;2.1;2.75;3.75;0;0;0;0;0;0;0;0;0;0;0;0;0;0;0;0;0;0;0;0;0;0;0;0;0;0;0;0;1.3;2.5;6;17;3.4;1.5;1.12;1.02;0;0;0;0;5;2;1;1;1;2;3;2019-07-06 14:00:00;416;0;59;17;34;0;1;1;3;0;2;3;3;5;0;1;0;1;1;1;1;50;33;68;63;2.43;1.27;3.7;1;0;1;0;0;0;1;1;1;0;0;0;0;0;-1;-1;-1;-1;-1;-1;-1;-1;-1;25;33;50;84;100;42;67;100;50;13.7;3.17;3;3.33;Jaro;KTP;1.93;1.36;1.5;1.67;1.5;1.42;75;67;50;17;0;82;82;57;2.01;1.83;3.84;1875;27;Y;Y;Y;Y;Y;N;Y
540141;418;423;2019;complete;4288;0;-1;;7,53,90;0;3;3;6;4;10;4;1;1;1;0;0;4;9;10;4;14;13;9;11;55;45;1;1;2.66;3.68;2.42;0;0;1.53;0;0;0;0;2.4;0;0;1.44;2.62;0;0;0;0;1.57;1.33;1.45;0;0;0;2.75;2.75;2.62;0;0;0;0;0;0;0;0;0;0;0;0;0;0;0;0;0;0;0;0;0;0;0;0;0;0;0;0;1.29;2.25;5.5;15;3.5;1.57;1.14;1.03;0;0;0;0;3;0;1;0;2;2;1;2019-07-06 14:00:00;423;0;50;17;34;0;1;1;2;3;4;1;5;5;1;0;0;1;1;1;1;74;52;95;79;1.69;1.82;3.52;0;0;0;0;0;0;1;1;0;1;1;2;0;0;-1;-1;-1;-1;-1;-1;-1;-1;-1;9;42;59;83;100;25;67;83;67;7.84;1.16;3;2.92;MYPA;EIF;0.92;0.92;0.83;0.5;0.67;0.83;92;59;42;17;0;84;67;59;0.88;1.15;2.03;1875;27;Y;Y;Y;N;N;N;N
540142;6987;415;2019;complete;4288;0;-1;;51;0;1;1;-1;-1;-1;-1;-1;3;3;0;0;-1;-1;-1;-1;-1;-1;-1;-1;-1;-1;3;3;4.45;3.85;1.67;1.01;1.18;1.61;2.55;4.5;11.75;4.35;2.2;1.47;1.17;1.62;2.15;0;0;0;0;2.4;1.22;1.18;0;0;0;4.5;2.75;1.83;0;0;0;0;0;0;0;0;0;0;0;0;0;0;0;0;0;0;0;0;0;0;0;0;0;0;0;0;1.3;2.38;6;17;3.4;1.53;1.12;1.02;0;0;0;0;1;0;0;0;1;1;0;2019-07-06 14:00:00;415;0;50;17;33;0;-1;1;-1;-1;-1;-1;-1;-1;1;1;2;2;2;4;-1;0;0;0;0;0;0;0;0;0;0;0;0;0;1;1;0;0;-1;-1;0;0;-1;-1;-1;-1;-1;-1;-1;-1;-1;9;33;50;75;92;33;75;75;33;7.33;0.5;3;2.59;Kajaani;TPS;0.62;2.15;0.33;2.17;0.67;2.08;92;67;50;25;9;34;25;25;0;1.94;1.94;1875;27;Y;N;N;N;N;N;N
540143;9766;424;2019;complete;4288;0;-1;7;46,53,55,62,67;1;5;6;2;5;7;-1;-1;1;2;0;0;4;8;1;2;5;10;-1;-1;50;50;1;2;5;3.6;1.65;1.03;1.25;1.8;3.05;5.65;9.75;3.65;1.91;1.34;1.11;1.8;1.95;0;0;0;0;2.4;1.25;1.17;0;0;0;4.75;2.62;1.91;0;0;0;0;0;0;0;0;0;0;0;0;0;0;0;0;0;0;0;0;0;0;0;0;0;0;0;0;1.36;2.62;7;21;3;1.44;1.1;1.02;0;0;0;0;6;1;0;0;5;5;1;2019-07-06 14:00:00;424;0;47;39;0;0;1;1;0;4;2;1;4;3;1;0;0;2;1;2;1;43;90;89;140;0.92;1.85;2.77;0;0;0;0;0;0;1;1;1;0;0;1;0;0;-1;-1;-1;-1;-1;-1;-1;-1;-1;0;27;27;47;84;39;65;45;27;13.1;0.67;4.33;1.84;MuSa;Haka;1.77;2.69;1.6;2.33;1.58;2.67;100;74;74;54;17;68;58;58;1.37;1.48;2.85;1875;27;Y;Y;Y;Y;Y;Y;Y
540144;425;9764;2019;complete;4288;0;-1;4,31,85;8,18,81;3;3;6;9;4;13;-1;-1;2;1;0;0;8;4;9;2;17;6;-1;-1;50;50;2;1;1.38;4.3;7.5;1.02;1.24;1.8;3;5.55;10;3.7;1.95;1.35;1.12;2;1.77;0;0;0;0;1.08;1.25;2.8;0;0;0;1.73;2.62;6.5;0;0;0;0;0;0;0;0;0;0;0;0;0;0;0;0;0;0;0;0;0;0;0;0;0;0;0;0;1.36;2.62;6.5;19;3;1.44;1.11;1.02;0;0;0;0;6;2;2;1;1;2;4;2019-07-06 14:00:00;-1;0;39;20;9;0;1;1;2;4;7;0;6;7;1;0;1;1;1;2;1;98;26;141;97;2.34;0.86;3.21;0;0;0;0;0;0;1;1;1;1;0;0;0;0;-1;-1;-1;-1;-1;-1;-1;-1;-1;0;9;19;39;75;20;47;57;9;12.7;0;4.03;1.4;Oulu;TPV;0.71;0.21;0.67;0.4;1.33;0.83;100;92;82;62;25;65;55;45;1.59;1.3;2.89;1875;27;Y;Y;Y;Y;Y;Y;Y
540145;426;6987;2019;complete;4288;0;-1;;34,88;0;2;2;7;5;12;-1;-1;2;3;0;0;2;7;11;8;13;15;-1;-1;50;50;2;3;1.61;3.9;4.85;1.01;1.17;1.57;2.45;4.3;12;4.5;2.25;1.5;1.19;1.62;2.2;0;0;0;0;1.17;1.25;2.2;0;0;0;1.95;2.75;4.33;0;0;0;0;0;0;0;0;0;0;0;0;0;0;0;0;0;0;0;0;1.29;2.38;5.5;15;3.5;1.53;1.14;1.03;1.17;1.8;3.5;8;5;1.91;1.29;1.08;0;0;0;0;2;0;1;0;1;1;1;2019-07-13 14:00:00;6987;0;67;0;42;0;1;1;5;5;2;0;10;2;0;1;2;2;1;4;1;81;61;81;77;1.54;1.87;3.41;0;0;0;0;0;0;1;1;0;0;1;2;0;0;-1;-1;-1;-1;-1;-1;-1;-1;-1;0;34;59;75;100;9;92;75;50;8.16;1.84;3.67;2.67;KTP;Kajaani;1.77;1.14;1.17;1;1.31;0.62;100;67;42;25;0;42;34;25;1.54;1.42;2.96;1875;27;Y;Y;N;N;N;N;N
540146;423;9764;2019;complete;4288;0;-1;34,63,86;56;3;1;4;8;5;13;0;1;2;2;0;0;8;6;5;2;13;8;9;12;51;49;2;2;2.23;3.47;3.08;0;0;1.75;0;0;0;0;2.05;0;0;1.62;2.2;0;0;0;0;1.36;1.33;1.57;0;0;0;2.5;2.6;3.1;0;0;0;0;0;0;0;0;0;0;0;0;0;0;0;0;0;0;0;0;1.36;2.62;6.5;19;3;1.44;1.11;1.02;1.2;1.83;3.75;10;4.33;1.83;1.25;1.06;0;0;0;0;4;1;0;2;1;3;1;2019-07-13 14:15:00;423;0;75;34;42;0;1;1;5;4;3;1;9;4;1;1;1;1;2;2;1;48;57;90;91;1.73;1.34;3.07;0;0;0;0;0;0;1;1;0;0;1;0;0;0;-1;-1;-1;-1;-1;-1;-1;-1;-1;25;25;58;84;100;42;75;92;50;8.83;0;3.33;3.34;EIF;TPV;1.29;0.21;1.17;0.5;1;0.85;75;75;42;17;0;67;59;42;1.61;1.23;2.84;1875;27;Y;Y;Y;Y;N;N;Y
540147;415;425;2019;complete;4288;0;-1;81;;1;0;1;5;1;6;3;2;2;3;0;0;0;0;6;4;6;4;17;19;49;51;2;3;1.77;3.4;4.35;1.04;1.32;2;3.55;6.8;8.5;3.15;1.74;1.26;1.08;1.91;1.83;2.3;1.48;0;0;1.18;1.33;1.91;0;0;0;2.1;2.5;4.33;0;0;0;0;1.8;0;0;0;0;1.8;0;0;1.41;6.65;3.4;0;0;0;2.9;5.95;1.41;2.81;7.5;15;2.77;1.4;1.06;1.01;1.26;2.05;4.75;11;3.5;1.59;1.15;1.03;0;0;0;0;1;0;0;1;0;1;0;2019-07-13 14:00:00;415;0;34;34;0;0;1;1;1;0;4;1;1;5;1;1;1;2;2;3;1;48;39;80;75;0.73;0.54;1.28;0;0;0;0;0;0;1;1;0;0;0;0;0;0;-1;-1;-1;-1;-1;-1;-1;-1;-1;9;17;59;67;100;34;92;67;33;6.75;4.34;3.83;2.5;TPS;Oulu;1.93;1.46;2;2;2.15;1.31;92;84;42;33;0;42;42;34;1.61;1.13;2.74;1875;27;Y;N;N;N;N;N;N
540148;424;416;2019;complete;4288;0;-1;82,89;;2;0;2;10;4;14;5;0;1;1;0;0;8;4;11;7;19;11;3;11;56;44;1;1;1.62;3.95;4.65;1.01;1.18;1.61;2.55;4.5;11.75;4.35;2.2;1.47;1.17;1.65;2.1;2.85;1.31;0;0;1.22;1.29;2;0;0;0;2;2.75;4;0;0;0;0;1.62;2.23;0;0;0;2;1.63;0;1.38;6.85;3.5;0;0;0;3.35;6.5;1.31;2.27;5.7;12;3.26;1.59;1.07;1.02;1.2;1.83;4;10;4.33;1.71;1.22;1.06;0;0;0;0;2;0;0;2;0;2;0;2019-07-13 14:00:00;424;0;59;33;33;0;1;1;6;2;4;2;8;6;1;0;0;1;1;1;1;42;33;68;52;2.05;1.21;3.26;0;0;0;0;0;0;1;1;0;0;2;1;0;0;-1;-1;-1;-1;-1;-1;-1;-1;-1;33;42;59;83;92;42;75;84;50;11.84;5;2.66;3.59;Haka;Jaro;2.79;1.23;3;1.5;2.69;1.62;67;59;42;17;9;50;42;42;2.01;1.8;3.81;1875;27;Y;Y;N;N;N;N;N
540149;9766;418;2019;complete;4288;0;-1;11,33,38,43;;4;0;4;5;3;8;-1;-1;2;0;0;0;15;9;15;8;30;17;-1;-1;50;50;2;0;1.71;3.7;4.3;1.01;1.16;1.56;2.4;4.2;12.5;4.65;2.3;1.51;1.19;1.57;2.3;2.7;1.36;0;0;1.17;1.22;2.2;0;0;0;1.91;2.75;4.33;0;0;0;0;0;0;0;0;0;0;0;0;0;0;0;0;0;0;3.05;7.25;1.3;2.19;5.5;11;3.32;1.63;1.13;1.02;1.14;1.73;3.4;8;5.5;2;1.3;1.08;0;0;0;0;4;4;0;0;0;0;4;2019-07-13 14:00:00;9766;0;59;50;17;0;1;1;2;0;3;3;2;6;0;0;2;0;0;2;1;69;56;112;136;3.43;2.12;5.54;0;0;0;0;0;0;1;1;0;0;0;0;0;0;-1;-1;-1;-1;-1;-1;-1;-1;-1;17;33;42;75;92;59;83;59;33;10;0.5;3.2;3;MuSa;MYPA;1.77;0.57;1.33;0.5;1.46;0.62;83;67;59;25;9;70;70;60;1.28;1.15;2.43;1875;27;Y;Y;Y;Y;N;N;N
540150;425;9766;2019;complete;4288;0;-1;23;58,70;1;2;3;7;0;7;-1;-1;2;0;0;0;2;4;2;3;4;7;-1;-1;50;50;2;0;1.59;4.05;4.8;1.01;1.19;1.65;2.65;4.7;11.25;4.2;2.15;1.43;1.16;1.71;2.05;2.35;1.47;6.5;1.11;1.15;1.22;2.44;2.06;2.48;5.1;1.9;2.88;4.9;0;0;0;0;0;0;0;0;0;0;0;0;0;0;0;1.49;9.6;3.22;2.65;7.5;1.3;2.29;6;12;3.32;1.58;1.11;1.02;1.22;1.84;3.48;8.1;4.12;1.9;1.3;1.07;0;0;0;0;3;1;0;0;2;2;1;2019-07-18 15:30:00;9766;0;58;22;36;0;-1;1;-1;-1;-1;-1;-1;-1;1;0;1;0;1;1;1;104;50;119;73;1.15;1.09;2.24;0;0;0;0;0;0;1;1;0;0;-1;-1;0;0;-1;-1;-1;-1;-1;-1;-1;-1;-1;22;43;58;58;72;36;57;50;43;13.31;0.57;3.43;2.79;Oulu;MuSa;0.71;1.14;0.71;1.57;1.21;1.57;79;57;43;43;29;59;59;49;1.69;1.32;3.01;1875;27;Y;Y;Y;N;N;N;Y
540151;9764;416;2019;complete;4288;0;-1;;14,40;0;2;2;3;4;7;2;4;2;1;0;0;5;5;5;7;10;12;13;15;48;52;2;1;4;3.95;1.71;0;0;0;0;0;0;0;0;0;0;1.62;2.15;5.5;1.14;2.75;1.4;2;1.25;1.18;4.33;2.2;2.35;4;2.75;2.05;0;0;0;0;0;0;0;0;0;0;0;0;0;0;0;2.62;13;1.5;6.65;3.1;1.33;2.5;6;17;3.25;1.5;1.12;1.02;1.18;1.85;3.6;8;4.33;1.85;1.25;1.06;0;0;0;0;2;0;2;0;0;0;2;2019-07-18 15:30:00;416;0;50;15;22;0;1;1;2;3;1;1;5;2;0;0;2;1;0;3;1;25;34;56;66;1.16;1.35;2.51;0;0;0;0;0;0;1;1;0;0;1;1;0;0;-1;-1;-1;-1;-1;-1;-1;-1;-1;22;36;50;72;86;15;64;71;57;8.14;4.71;3.85;2.65;TPV;Jaro;1.38;1.23;1.14;1.29;0.79;1.5;79;64;50;29;14;43;29;29;1.45;1.72;3.17;1875;27;Y;Y;N;N;N;N;N
540152;423;6987;2019;complete;4288;0;-1;;45,45;0;2;2;10;4;14;1;2;4;2;1;0;7;6;6;6;13;12;16;14;62;38;5;2;2.15;3.45;3;1.01;1.17;1.57;2.45;4.25;12.25;4.55;2.3;1.5;1.19;1.51;2.45;3.75;1.25;4.5;1.18;1.33;1.25;1.57;2.7;2.3;3.3;2.4;2.7;3;0;0;0;0;1.8;2.1;0;0;0;1.9;1.66;0;0;0;0;1.8;14;2.1;4.75;6;1.29;2.38;5.5;11;3.25;1.53;1.13;1.02;1.15;1.82;3.32;7.1;5.05;1.97;1.32;1.09;0;0;0;0;2;0;2;0;0;0;2;2019-07-20 14:00:00;6987;0;79;7;57;0;1;1;7;2;3;2;9;5;1;1;4;1;2;5;1;83;53;153;105;1.92;1.57;3.49;0;1;0;1;0;0;1;1;0;0;2;0;0;0;-1;-1;-1;-1;-1;-1;-1;-1;-1;15;29;65;93;100;15;93;93;65;9.29;0.86;3.72;3.29;EIF;Kajaani;1.29;1.14;1.43;1.29;1.14;0.79;86;72;36;7;0;57;57;43;1.63;1.48;3.11;1875;27;Y;Y;N;N;N;N;N
540153;415;424;2019;complete;4288;0;-1;53,88;35,43,83;2;3;5;1;5;6;2;5;2;2;0;0;6;5;1;1;7;6;16;7;48;52;2;2;2.45;3.15;2.75;1.04;1.31;2;3.5;6.7;8.75;3.2;1.77;1.27;1.08;1.77;1.95;3.25;1.33;3.4;1.3;1.36;1.3;1.44;3;2;3.4;2.7;2.4;3.1;0;0;0;0;0;2;0;0;0;0;1.72;0;0;0;0;1.91;9;2.1;4;4.75;1.4;2.88;7.5;17;2.75;1.36;1.06;1.01;1.21;2.25;4.3;11;3.9;1.6;1.18;1.03;0;0;0;0;5;0;2;2;1;3;2;2019-07-20 14:00:00;424;0;43;29;0;0;1;1;0;2;1;3;2;4;0;1;2;1;1;3;1;41;50;119;123;1.18;1.11;2.29;0;0;0;0;0;0;1;1;0;0;0;1;0;0;-1;-1;-1;-1;-1;-1;-1;-1;-1;14;36;50;50;86;29;64;64;36;10.07;3.58;3.72;2.43;TPS;Haka;1.93;2.69;2.14;2.43;2.21;2.71;86;64;50;50;15;61;52;45;1.49;1.54;3.03;1875;27;Y;Y;Y;Y;Y;N;Y
540154;426;418;2019;complete;4288;0;-1;20,59;;2;0;2;7;3;10;2;0;2;1;0;0;13;5;6;6;19;11;11;8;52;48;2;1;1.4;4.75;7;0;0;1.85;0;0;0;0;2;0;0;0;0;0;0;0;0;0;0;0;1.91;2.6;6;0;0;0;0;0;0;0;0;0;0;0;0;0;0;0;0;0;0;0;0;0;0;0;0;0;0;0;0;0;0;0;0;0;0;0;0;0;0;0;0;0;0;0;2;1;0;1;0;1;1;2019-07-22 15:30:00;426;0;43;22;29;0;1;1;4;1;3;2;5;5;0;0;2;1;0;3;1;47;41;74;65;2.44;1.34;3.78;0;0;0;0;0;0;1;1;0;0;0;0;0;0;-1;-1;-1;-1;-1;-1;-1;-1;-1;7;43;57;79;93;43;86;64;36;7.36;1.57;2.43;3.07;KTP;MYPA;1.77;0.57;1;0.43;1.21;0.57;93;57;43;22;7;55;48;40;1.54;1.31;2.85;1875;27;Y;Y;N;N;N;N;N
540155;416;425;2019;complete;4288;0;-1;9,40,73,84;36,53,62;4;3;7;5;3;8;1;2;2;3;0;0;8;4;6;4;14;8;11;13;51;49;2;3;1.91;3.6;3.55;1.03;1.25;1.8;3.05;5.65;9.75;3.65;1.91;1.34;1.11;1.74;2;2.75;1.33;4.33;1.2;1.26;1.22;1.83;2.45;2.2;4;2.25;2.55;3.3;0;0;0;1.49;1.83;2.58;0;0;2.61;1.83;1.5;0;1.55;7.83;3.34;1.65;8.75;2.35;3.4;5.45;1.35;2.6;6.25;14.75;2.95;1.44;1.09;1.02;1.22;2.06;4.2;10;3.8;1.71;1.19;1.04;0;0;0;0;7;2;1;2;2;4;3;2019-07-24 15:30:00;416;0;43;22;15;0;1;1;2;0;3;3;2;6;0;0;2;3;0;5;1;34;20;61;49;1.68;0.93;2.62;1;2;1;2;0;0;1;1;1;0;0;0;0;0;-1;-1;-1;-1;-1;-1;-1;-1;-1;15;22;57;79;100;36;86;86;43;7.43;5;3.6;2.79;Jaro;Oulu;1.93;1.46;1.71;1.71;1.6;1.13;86;79;43;22;0;36;36;15;2.07;1.01;3.08;1875;27;Y;Y;Y;Y;Y;Y;Y
540156;424;423;2019;complete;4288;0;-1;28,32,53,90,90,90;43,57;6;2;8;3;4;7;0;0;2;2;0;0;7;4;4;4;11;8;13;11;46;54;2;2;1.18;6.3;12.25;1.01;1.13;1.47;2.2;3.7;13.75;5.2;2.55;1.62;1.24;2.05;1.71;1.87;1.74;13;1.04;1.05;1.11;5;1.6;2.7;8.5;1.45;3.3;8.5;0;0;0;0;0;0;0;0;0;0;0;0;0;0;0;1.14;19;5.5;2;12.25;1.26;2.2;4.75;10;3.5;1.6;1.15;1.03;1.15;1.72;3.2;7.1;4.75;2;1.3;1.09;0;0;0;0;8;2;1;4;1;5;3;2019-07-27 11:00:00;424;0;36;22;22;0;1;1;1;0;2;4;1;6;2;1;0;1;3;1;1;59;49;102;115;1.62;1.15;2.77;0;0;0;0;0;0;1;1;0;0;0;0;0;0;-1;-1;-1;-1;-1;-1;-1;-1;-1;15;36;57;86;100;29;71;93;57;11.71;3.86;2.43;3.36;Haka;EIF;2.79;0.92;3;0.86;2.73;1.07;86;64;43;14;0;64;64;50;2.02;1.25;3.27;1875;27;Y;Y;Y;Y;Y;Y;Y
540157;416;415;2019;complete;4288;0;-1;9;59,74;1;2;3;6;2;8;3;6;2;0;0;0;8;10;13;8;21;18;14;8;52;48;2;0;2.5;3.25;2.65;1.02;1.23;1.74;2.9;5.3;10.5;3.85;2;1.37;1.13;1.61;2.2;3.75;1.18;3.75;1.25;1.36;1.33;1.5;3;2.15;3.2;2.7;2.55;2.9;0;0;0;0;0;0;0;0;0;0;0;0;0;0;0;1.8;12;2.1;4.9;4.25;1.35;2.5;5.75;13;2.95;1.48;1.1;1.01;1.2;1.91;3.8;9;4.1;1.8;1.22;1.06;0;0;0;0;3;1;0;0;2;2;1;2019-07-27 13:00:00;415;0;59;19;34;0;1;1;5;0;1;2;5;3;0;0;2;0;0;2;1;46;33;70;62;2.21;2.07;4.27;0;0;0;0;0;0;1;1;1;0;2;0;0;0;-1;-1;-1;-1;-1;-1;-1;-1;-1;26;40;59;79;100;46;80;93;46;12.71;3.77;2.93;3.22;Jaro;TPS;1.93;2.15;1.88;2.29;1.69;2.07;75;61;41;22;0;65;57;38;2.02;1.94;3.96;1875;27;Y;Y;Y;N;N;N;Y
540158;418;425;2019;complete;4288;0;-1;;58,73;0;2;2;1;6;7;1;2;1;2;0;0;4;9;3;5;7;14;19;13;44;56;1;2;4.8;4.05;1.59;1.01;1.18;1.59;2.5;4.35;12;4.45;2.25;1.49;1.18;1.65;2.15;5.4;1.08;2.62;1.44;2.2;1.2;1.16;4.75;2.4;2.2;4.48;2.86;1.99;0;0;0;1.44;1.83;2.44;0;0;2.61;1.99;1.52;0;4.25;9.29;1.35;2.87;15;1.44;7.25;2.9;1.31;2.27;5.5;11;3.26;1.59;1.13;1.02;1.15;1.83;3.4;7.7;5.05;1.91;1.31;1.08;0;0;0;0;2;0;0;0;2;2;0;2019-07-27 14:00:00;425;0;41;20;28;0;1;1;1;4;0;2;5;2;1;0;0;2;1;2;1;57;56;89;85;1.14;1.92;3.06;0;0;0;0;0;0;1;1;0;0;0;0;0;0;-1;-1;-1;-1;-1;-1;-1;-1;-1;14;21;54;75;100;27;80;81;55;6.17;2.99;3.58;2.75;MYPA;Oulu;0.92;1.46;0.71;1.5;0.53;1.06;87;80;47;26;0;50;36;29;0.99;1;1.99;1875;27;Y;Y;N;N;N;N;N
540159;6987;9764;2019;complete;4288;0;-1;21,75,77;;3;0;3;-1;-1;-1;-1;-1;0;1;0;0;-1;-1;-1;-1;-1;-1;-1;-1;-1;-1;0;1;1.77;3.6;4.05;1.02;1.21;1.71;2.75;5.05;10.75;4;2.05;1.4;1.14;1.67;2.1;2.7;1.35;5;1.16;1.22;1.28;1.83;2.36;2.33;4.32;2.1;2.6;3.75;0;0;0;0;0;0;0;0;0;0;0;0;0;0;0;1.57;13;2.5;3.25;6.15;1.3;2.63;6;12;3.2;1.44;1.1;1.02;1.19;1.91;3.8;9;4.1;1.8;1.22;1.06;0;0;0;0;3;1;0;2;0;2;1;2019-07-27 14:00:00;6987;0;57;36;29;0;-1;1;-1;-1;-1;-1;-1;-1;0;0;0;1;0;1;-1;0;0;0;0;0;0;0;0;0;0;0;0;0;1;1;0;0;-1;-1;0;0;-1;-1;-1;-1;-1;-1;-1;-1;-1;7;29;43;71;93;36;64;79;29;5;0;4;2.5;Kajaani;TPV;0.62;0.21;0.29;0.43;0.93;0.73;93;71;57;29;7;43;36;29;0;1.24;1.24;1875;27;Y;Y;Y;N;N;N;N
540160;9766;426;2019;complete;4288;0;-1;55,59;8;2;1;3;11;3;14;-1;-1;2;4;0;0;10;3;13;8;23;11;-1;-1;50;50;2;4;2.35;3.45;2.65;1.01;1.18;1.61;2.55;4.5;11.75;4.35;2.2;1.47;1.17;1.53;2.35;3.75;1.25;4.33;1.2;1.44;1.33;1.53;0;0;0;2.62;2.62;2.88;0;0;0;0;0;0;0;0;0;0;0;0;0;0;0;0;0;0;0;0;1.3;2.38;6;17;3.4;1.53;1.12;1.02;1.17;1.8;3.5;9;5;1.91;1.29;1.07;0;0;0;0;3;0;1;2;0;2;1;2019-07-27 14:00:00;9766;0;57;36;29;0;1;1;5;2;6;1;7;7;1;1;1;3;2;4;1;95;36;116;90;2.83;1.17;4;0;0;0;0;0;0;1;1;0;1;0;0;0;0;-1;-1;-1;-1;-1;-1;-1;-1;-1;29;43;43;71;100;50;72;72;43;13.5;0;3.6;3.22;MuSa;KTP;1.77;1.36;1.57;1.43;1.67;1.33;72;57;57;29;0;59;59;59;1.63;1.74;3.37;1875;27;Y;Y;Y;N;N;N;Y
540161;9764;418;2019;complete;4288;0;-1;39,56,90;80;3;1;4;6;6;12;-1;-1;0;2;0;0;13;3;8;6;21;9;-1;-1;50;50;0;2;1.63;3.95;4.7;1.01;1.22;1.63;2.52;4.8;13;4.22;2.25;1.51;1.18;1.62;2.27;2.5;1.4;6;1.12;1.19;1.24;2.21;2.21;2.44;4.7;2.03;2.81;4.42;0;0;0;0;0;0;0;0;0;0;0;0;0;0;0;1.44;14;2.8;2.9;7;1.3;2.35;6;14;3.36;1.58;1.12;1.01;1.18;1.89;3.56;8.3;4.68;1.89;1.29;1.06;0;0;0;0;4;1;0;2;1;3;1;2019-08-02 15:30:00;9764;0;38;19;19;0;1;1;3;2;3;4;5;7;0;0;0;2;0;2;1;59;40;123;102;2.66;1.08;3.74;0;0;0;0;0;0;1;1;0;0;1;0;0;0;-1;-1;-1;-1;-1;-1;-1;-1;-1;13;32;44;76;88;38;82;63;32;6.93;3.63;3.01;2.75;TPV;MYPA;1.38;0.57;1;0.38;0.69;0.5;88;69;57;26;13;48;42;28;1.41;1.31;2.72;1875;27;Y;Y;Y;Y;N;N;Y
540162;415;426;2019;complete;4288;0;-1;18,36;;2;0;2;9;6;15;2;1;2;3;0;0;5;2;14;7;19;9;11;9;55;45;2;3;1.53;4.2;5.3;1.02;1.17;1.53;2.25;4;17;5;2.4;1.57;1.22;1.62;2.2;2.62;1.44;7;1.1;1.14;1.22;2.38;0;0;0;1.83;2.88;4.5;0;0;0;0;0;0;0;0;0;0;0;0;0;0;0;0;0;0;0;0;1.29;2.25;5.5;15;3.5;1.57;1.14;1.03;1.14;1.73;3.4;8;5.5;2;1.3;1.08;0;0;0;0;2;2;0;0;0;0;2;2019-08-02 15:30:00;415;0;57;32;32;0;1;1;4;2;5;4;6;9;0;0;2;3;0;5;1;60;31;104;76;1.98;0.94;2.92;0;0;0;0;0;0;1;1;0;0;0;2;0;0;-1;-1;-1;-1;-1;-1;-1;-1;-1;32;38;57;69;100;44;69;88;51;10.84;2.25;3.63;3.19;TPS;KTP;1.93;1.36;1.88;1.25;2.13;1.25;69;63;44;32;0;67;67;61;1.45;1.66;3.11;1875;27;Y;Y;N;N;N;N;N
540163;423;9766;2019;complete;4288;0;-1;54,58,66,73,75;46;5;1;6;2;2;4;0;4;2;2;0;0;6;5;4;8;10;13;10;10;50;50;2;2;2.3;3.4;2.75;1.01;1.16;1.54;2.35;4.1;12.75;4.75;2.35;1.54;1.2;1.48;2.5;3.55;1.21;4.33;1.2;1.44;1.28;1.61;2.77;2.38;3.32;2.63;2.73;3.04;0;0;0;1.53;1.98;2.69;0;0;2.5;1.83;1.46;0;1.83;8.14;2.54;1.83;13;2;4.35;5.1;1.28;2.27;5.4;12;3.3;1.59;1.12;1.03;1.15;1.86;3.4;7.7;5.05;1.92;1.31;1.08;0;0;0;0;6;0;0;5;1;6;0;2019-08-03 14:00:00;423;0;82;19;51;0;1;1;2;1;0;1;3;1;2;1;0;1;3;1;1;27;36;70;58;1.25;1.43;2.68;2;0;2;0;0;0;1;1;0;0;0;0;0;0;-1;-1;-1;-1;-1;-1;-1;-1;-1;25;44;82;94;94;44;82;76;69;9.8;0.76;3.26;3.82;EIF;MuSa;1.29;1.14;1.25;1.75;1;1.75;75;57;19;7;7;57;57;42;1.67;1.28;2.95;1875;27;Y;Y;Y;Y;Y;Y;Y
540164;424;6987;2019;complete;4288;0;-1;30,54,58,85;4,17;4;2;6;7;4;11;2;2;1;2;0;0;6;5;8;7;14;12;11;9;61;39;1;2;1.22;6;9.5;1;1.11;1.41;2.05;3.35;14.75;5.75;2.75;1.71;1.29;1.83;1.91;2.1;1.59;13;1.04;1.06;1.14;3.54;1.72;2.88;6.8;1.57;3.38;6.55;0;0;0;0;1.5;1.9;2.52;0;0;2.59;1.9;1.52;1.13;12.05;8.86;1.26;14.75;3.8;2.25;11.25;1.25;2.07;4.8;10;3.76;1.74;1.18;1.04;1.11;1.67;2.85;6.5;5.5;2.12;1.37;1.1;0;0;0;0;6;1;2;3;0;3;3;2019-08-03 14:00:00;424;0;57;19;38;0;1;1;5;2;2;2;7;4;1;0;0;2;1;2;1;68;37;131;80;1.8;1.38;3.18;0;0;0;0;0;0;1;1;0;1;2;0;0;0;-1;-1;-1;-1;-1;-1;-1;-1;-1;19;26;44;88;100;32;88;88;44;11.75;3.63;3.25;3.32;Haka;Kajaani;2.79;1.14;3;1.5;2.75;1.06;82;76;57;13;0;57;57;50;1.97;1.49;3.46;1875;27;Y;Y;Y;Y;Y;Y;Y
540165;418;424;2019;complete;4288;0;-1;;4,29,58,84;0;4;4;2;9;11;2;3;0;1;0;0;3;11;8;8;11;19;15;9;46;54;0;1;9.75;5.9;1.22;1;1.1;1.37;1.95;3.1;15.5;6.05;2.9;1.77;1.32;1.8;1.91;15;1.03;2;1.72;4.5;1.1;1.04;9.5;3.2;1.5;8;3.95;1.3;0;0;0;1.45;1.73;2.31;0;0;2.74;2.12;1.61;0;10.86;14.56;1.09;4.5;23;1.18;13.5;2;1.18;1.82;3.75;9;4.5;1.92;1.25;1.07;1.09;1.5;2.45;5.55;6.9;2.48;1.51;1.14;0;0;0;0;4;0;2;0;2;2;2;2019-08-09 15:30:00;424;0;50;13;26;0;1;1;1;7;1;2;8;3;0;1;0;0;1;0;1;58;67;81;92;1.32;2.44;3.77;0;0;0;0;0;0;1;1;0;1;0;0;0;0;-1;-1;-1;-1;-1;-1;-1;-1;-1;19;38;50;69;88;25;63;76;63;9.06;2.63;3.13;2.69;MYPA;Haka;0.92;2.69;0.63;2.5;0.47;2.76;82;63;50;32;13;66;46;40;1.01;1.48;2.49;1875;27;Y;Y;Y;Y;N;N;N
540166;6987;416;2019;complete;4288;0;-1;90;13,90;1;2;3;3;4;7;-1;-1;2;2;0;0;3;7;8;4;11;11;-1;-1;50;50;2;2;2.9;3.4;2.2;1.01;1.16;1.54;2.4;4.15;12.5;4.7;2.35;1.53;1.2;1.49;2.5;4.65;1.12;3.75;1.25;1.72;1.25;1.3;3.5;2.4;2.62;3.05;2.7;2.25;0;0;0;0;0;0;0;0;0;0;0;0;0;0;0;2.2;17;1.66;5.95;3.85;1.28;2.23;5.5;15;3.5;1.61;1.14;1.03;1.16;1.75;3.3;7;4.6;1.95;1.28;1.08;0;0;0;0;3;0;1;1;1;2;1;2019-08-10 14:00:00;416;0;44;25;25;0;1;1;2;2;1;2;4;3;1;1;1;1;2;2;1;60;45;73;76;1.33;1.51;2.84;0;1;0;1;0;0;1;1;0;0;1;0;0;0;-1;-1;-1;-1;-1;-1;-1;-1;-1;13;32;50;82;88;32;63;69;51;4.5;1.25;3.38;2.63;Kajaani;Jaro;0.62;1.23;0.63;1.5;1;1.59;88;69;50;19;13;25;19;19;0;1.67;1.67;1875;27;Y;Y;Y;N;N;N;Y
540167;9766;415;2019;complete;4288;0;-1;45;32,50,71;1;3;4;3;5;8;-1;-1;4;5;1;1;5;8;2;2;7;10;-1;-1;50;50;5;6;4.75;3.55;1.69;1.02;1.22;1.74;2.85;5.2;10.5;3.9;2;1.38;1.13;1.71;2.05;5.5;1.14;2.5;1.5;2;1.22;1.18;4.75;2.3;2.3;4.33;2.62;2;0;0;0;0;0;0;0;0;0;0;0;0;0;0;0;2.87;12;1.44;7;2.8;1.33;2.45;6.5;19;3.13;1.51;1.11;1.02;1.2;1.87;4;9;4;1.74;1.2;1.05;0;0;0;0;4;1;1;0;2;2;2;2019-08-10 14:00:00;415;0;57;19;13;0;1;1;0;1;3;4;1;7;3;3;2;3;6;5;1;54;67;93;107;1.19;1.68;2.87;0;1;0;1;0;0;1;1;0;0;0;0;0;0;-1;-1;-1;-1;-1;-1;-1;-1;-1;13;32;50;69;100;38;82;69;38;13.43;0.75;3.39;2.69;MuSa;TPS;1.77;2.15;1.75;2.38;1.65;2.18;88;69;50;32;0;57;50;50;1.8;1.96;3.76;1875;27;Y;Y;Y;Y;N;N;Y
540168;425;423;2019;complete;4288;0;-1;66;22,51;1;2;3;4;1;5;-1;-1;0;2;0;0;7;3;10;2;17;5;-1;-1;57;43;0;2;1.71;3.55;4.55;1.02;1.21;1.69;2.75;4.95;11;4.05;2.05;1.41;1.14;1.67;2.1;2.62;1.44;5.5;1.14;1.2;1.25;2;2.3;2.4;4.5;2;2.62;4;0;0;0;0;0;0;0;0;0;0;0;0;0;0;0;1.5;13;2.75;2.8;7.25;1.33;2.5;6.5;17;3.25;1.5;1.11;1.02;1.18;1.87;3.6;8;4.33;1.74;1.25;1.06;0;0;0;0;3;0;1;1;1;2;1;2019-08-10 14:00:00;423;0;38;19;25;0;1;1;0;0;4;1;0;5;0;0;0;2;0;2;1;88;38;99;82;2.19;0.81;3;0;0;0;0;0;0;1;1;0;0;0;0;0;0;-1;-1;-1;-1;-1;-1;-1;-1;-1;13;38;57;63;82;19;63;69;57;11.76;0.37;3.51;2.76;Oulu;EIF;0.71;0.92;0.63;0.75;1.18;1.12;88;63;44;38;19;57;57;44;1.63;1.24;2.87;1875;27;Y;Y;Y;N;N;N;Y
540169;426;9764;2019;complete;4288;0;-1;11,51,63,66,72,90;75;6;1;7;3;7;10;-1;-1;1;1;0;0;14;5;8;13;22;18;-1;-1;50;50;1;1;1.75;3.5;4;1.03;1.18;1.83;2.5;4.33;15;4.5;2.03;1.5;1.2;1.57;2.25;2.75;1.4;6;1.12;1.16;1.25;2.1;2.4;2.38;4.33;2;2.75;4;0;0;0;0;0;0;0;0;0;0;0;0;0;0;0;1.5;15;2.62;3.3;7.5;1.28;2.37;5.5;15;3.5;1.53;1.14;1.03;1.18;1.87;3.6;8;4.33;1.87;1.25;1.06;0;0;0;0;7;1;0;5;1;6;1;2019-08-12 15:30:00;426;0;51;19;25;0;1;1;1;4;2;3;5;5;0;1;1;0;1;1;1;90;72;109;83;3.01;1.99;5;0;0;0;0;0;0;1;1;0;0;0;1;0;0;-1;-1;-1;-1;-1;-1;-1;-1;-1;7;32;50;75;100;26;82;82;38;9.25;0.5;3.51;2.69;KTP;TPV;1.77;0.21;1.25;0.38;1.18;0.82;94;69;50;25;0;68;55;41;1.65;1.24;2.89;1875;27;Y;Y;Y;Y;Y;Y;Y
540170;424;9764;2019;complete;4288;0;-1;4,39,56;90;3;1;4;12;7;19;5;1;0;2;0;0;5;5;7;5;12;10;9;8;61;39;0;2;1.14;7.25;14.25;1;1.1;1.38;1.95;3.15;15.25;6;2.85;1.77;1.32;2.2;1.62;2;1.65;13;1.04;1.05;1.12;4.33;1.61;3;8.5;1.44;3.4;6.55;0;0;0;0;0;0;0;0;0;0;0;0;0;0;0;1.18;21;4.5;2.1;13;1.23;2.02;4.56;9;3.7;1.85;1.16;1.05;1.11;1.63;2.81;6.5;5.5;2.19;1.4;1.1;0;0;0;0;4;2;0;1;1;2;2;2019-08-15 15:30:00;424;0;62;39;33;0;1;1;6;1;6;6;7;12;0;0;0;2;0;2;1;40;26;73;41;1.4;1.16;2.56;2;0;2;0;0;0;1;1;1;0;0;0;0;0;-1;-1;-1;-1;-1;-1;-1;-1;-1;33;39;56;84;100;45;78;95;50;12.25;2.34;2.78;3.83;Haka;TPV;2.79;0.21;3;0.33;2.78;0.78;67;62;44;17;0;72;66;53;1.95;1.34;3.29;1875;27;Y;Y;Y;Y;N;N;Y
540171;425;426;2019;complete;4288;0;-1;;73;0;1;1;10;1;11;-1;-1;1;1;0;0;4;2;10;5;14;7;-1;-1;50;50;1;1;1.91;3.45;3.75;1.02;1.23;1.77;2.9;5.4;10.25;3.8;2;1.36;1.12;1.69;2.1;3.25;1.33;5;1.16;1.28;1.28;1.72;2.6;2.3;4;2.15;2.62;3.7;0;0;0;0;0;0;0;0;0;0;0;0;0;0;0;1.61;13;2.37;3.5;7;1.33;2.45;7;21;3.13;1.51;1.09;1.02;1.18;1.87;3.6;8.5;4.5;1.74;1.25;1.07;0;0;0;0;1;0;0;0;1;1;0;2019-08-16 15:30:00;426;0;50;17;39;0;1;1;7;1;3;0;8;3;1;0;0;1;1;1;1;83;41;93;73;1.76;0.88;2.64;0;0;0;0;0;0;1;1;0;0;0;0;0;0;-1;-1;-1;-1;-1;-1;-1;-1;-1;22;28;44;61;84;28;62;73;50;13.85;0;3.56;2.67;Oulu;KTP;0.71;1.36;0.56;1.11;1.11;1.28;78;73;56;39;17;60;60;60;1.69;1.57;3.26;1875;27;Y;N;N;N;N;N;N
540172;9766;6987;2019;complete;4288;0;-1;3,26,64,69,77;48,86;5;2;7;4;4;8;-1;-1;6;4;0;0;10;10;5;7;15;17;-1;-1;50;50;6;4;2.25;3.4;2.85;1.01;1.19;1.65;2.6;4.65;11.5;4.25;2.15;1.44;1.16;1.54;2.35;3.75;1.25;4.5;1.18;1.36;1.28;1.61;2.87;2.3;3.4;2.45;2.65;3;0;0;0;0;0;0;0;0;0;0;0;0;0;0;0;1.72;15;2.1;4.5;5.8;1.31;2.34;6.35;12.5;3.34;1.59;1.11;1.02;1.15;1.75;3.3;7.5;5;2;1.3;1.08;0;0;0;0;7;2;0;3;2;5;2;2019-08-16 15:30:00;9766;0;67;28;17;0;1;1;2;3;2;1;5;3;1;1;5;3;2;8;1;52;72;96;120;2.02;2.29;4.32;0;0;0;0;0;0;1;1;1;0;1;0;1;0;-1;-1;-1;-1;-1;-1;-1;-1;-1;11;33;50;84;100;39;95;67;44;11.05;0.11;4.72;2.89;MuSa;Kajaani;1.77;1.14;1.56;1.33;1.56;0.94;89;67;50;17;0;59;59;53;1.73;1.48;3.21;1875;27;Y;Y;Y;Y;Y;Y;Y
540173;416;423;2019;complete;4288;0;-1;7,8,58,61;4;4;1;5;2;2;4;-1;-1;1;2;0;0;8;3;4;5;12;8;-1;-1;50;50;1;2;1.56;4.1;4.95;1;1.11;1.4;2;3.3;15;5.8;2.8;1.74;1.3;1.49;2.5;2.45;1.43;11;1.05;1.07;1.13;2.88;1.89;2.77;5.4;1.62;3.3;5;0;0;0;0;0;0;0;0;0;0;0;0;0;0;0;1.33;23;3.1;3;12;1.24;2.02;4.62;10;3.86;1.78;1.19;1.04;1.1;1.63;2.81;6;5.8;2.19;1.4;1.11;0;0;0;0;5;2;1;2;0;2;3;2019-08-17 14:00:00;416;0;61;28;33;0;1;1;0;1;2;1;1;3;1;1;0;1;2;1;1;63;37;104;90;1.78;0.99;2.77;0;0;0;0;0;0;1;1;2;1;0;0;0;0;-1;-1;-1;-1;-1;-1;-1;-1;-1;22;44;78;95;100;39;84;95;73;9.22;3.23;3.23;3.73;Jaro;EIF;1.93;0.92;1.67;1;1.67;1.22;78;56;22;6;0;56;56;28;2.04;1.19;3.23;1875;27;Y;Y;Y;Y;Y;N;Y
540174;415;418;2019;complete;4288;0;-1;45,48;59,89;2;2;4;6;5;11;2;4;0;1;0;0;10;11;8;5;18;16;10;8;57;43;0;1;1.13;9;15;1.01;1.06;1.88;1.73;2.54;14;8.3;1.98;2.08;1.5;2.04;1.76;1.71;1.91;17;1.02;1.01;1.06;6.05;1.44;3.4;11;1.34;4.34;9.9;0;0;1.15;1.29;1.5;1.85;2.53;4.5;3.2;2.47;1.95;1.47;1.05;10;9.75;1.13;36;5;1.77;15.25;1.17;1.82;3.7;7.5;4.4;1.93;1.23;1.07;1.08;1.52;2.46;5.55;7.3;2.5;1.54;1.14;0;0;0;0;4;1;0;1;2;3;1;2019-08-19 15:30:00;-1;0;44;33;22;0;1;1;4;2;2;3;6;5;0;1;0;0;1;0;1;61;43;139;104;2.28;2.09;4.38;0;0;0;0;0;0;1;1;0;0;2;1;0;0;-1;-1;-1;-1;-1;-1;-1;-1;-1;17;39;56;78;95;56;84;67;33;8.42;3;2.89;3.06;TPS;MYPA;1.93;0.57;2;0.33;2.22;0.44;84;62;44;22;6;71;71;53;1.51;1.28;2.79;1875;27;Y;Y;Y;Y;N;N;Y
540175;9764;9766;2019;complete;4288;0;-1;39,50;61,84;2;2;4;6;4;10;-1;-1;3;2;0;0;5;5;2;1;7;6;-1;-1;50;50;3;2;2.15;3.4;3.1;1.02;1.22;1.71;2.8;5.1;10.75;3.95;2.05;1.39;1.14;1.62;2.2;3.95;1.17;4;1.22;1.44;1.3;1.53;3;2.3;3.1;2.7;2.65;2.75;0;0;1.2;1.4;1.9;2.2;3.1;3.9;2.7;1.8;1.57;1.3;0;0;0;1.8;15;2;4.75;4.8;1.3;2.2;4.75;12;3.25;1.6;1.15;1.02;1.15;1.72;3.2;7;4.75;2;1.3;1.08;0;0;0;0;4;1;0;1;2;3;1;2019-08-22 15:30:00;-1;0;67;11;33;0;1;1;1;1;5;3;2;8;1;1;2;1;2;3;1;58;73;105;105;1.22;1.26;2.49;0;0;0;0;0;0;1;1;0;0;0;0;0;0;-1;-1;-1;-1;-1;-1;-1;-1;-1;22;45;67;78;89;28;73;67;56;8.07;3.22;3.33;3.22;TPV;MuSa;1.38;1.14;1.22;1.56;0.74;1.63;78;56;34;22;11;38;33;26;1.55;1.3;2.85;1875;27;Y;Y;Y;Y;N;N;Y
540176;424;426;2019;complete;4288;0;-1;22,33,46,55,83;;5;0;5;8;2;10;1;4;0;3;0;0;7;5;5;4;12;9;8;13;51;49;0;3;1.27;5.5;8.25;1;1.11;1.41;2.05;3.35;14.75;5.65;2.7;1.71;1.29;1.74;2;2.15;1.56;13;1.04;1.01;1.08;3.4;1.65;2.75;6.45;1.44;3.45;6.3;0;0;1.15;1.38;1.73;2;2.5;4.5;3.02;2;1.73;1.44;1.17;11.12;7.58;1.26;15.5;3.8;2.3;11.25;1.22;2.05;4.2;9.25;3.8;1.7;1.19;1.04;1.12;1.62;2.9;6.5;5.25;2.15;1.36;1.1;0;0;0;0;5;2;0;3;0;3;2;2019-08-23 15:30:00;424;0;55;30;40;0;1;1;2;1;6;1;3;7;0;2;0;1;2;1;1;37;24;59;50;1.51;1.09;2.6;0;0;0;0;0;0;1;1;0;0;0;0;0;1;-1;-1;-1;-1;-1;-1;-1;-1;-1;35;40;50;80;100;50;70;95;55;13.5;2.8;2.7;3.75;Haka;KTP;2.79;1.36;3;1.3;2.79;1.37;65;60;50;20;0;69;69;69;1.89;1.49;3.38;1875;27;Y;Y;Y;Y;Y;N;N
540177;416;418;2019;complete;4288;0;-1;7,76;;2;0;2;8;9;17;4;0;1;2;0;0;5;3;12;3;17;6;8;9;56;44;1;2;1.18;6.65;11.75;1;1.08;1.32;1.83;2.9;16.5;6.6;3.15;1.87;1.37;1.8;1.95;2;1.72;17;1.02;1.03;1.06;5;1.5;3;8.5;1.36;3.75;8;0;0;0;0;1.56;1.95;2.68;0;0;2.36;1.85;1.41;1.08;9.5;8;1.2;31;4.2;2.1;34;1.14;1.8;3.75;8.5;5;1.91;1.22;1.05;1.08;1.47;2.36;5.1;7.3;2.57;1.55;1.16;0;0;0;0;2;1;0;1;0;1;1;2019-08-24 14:00:00;416;0;65;35;35;0;1;1;5;5;3;4;10;7;0;1;1;1;1;2;1;87;69;103;95;2.04;1.09;3.14;0;0;0;0;0;0;1;1;1;0;1;2;0;0;-1;-1;-1;-1;-1;-1;-1;-1;-1;25;50;70;95;95;55;90;85;55;8.99;3.4;2.5;3.7;Jaro;MYPA;1.93;0.57;1.8;0.4;1.74;0.47;75;50;30;5;5;64;64;38;2.02;1.37;3.39;1875;27;Y;Y;N;N;N;N;N
540178;423;415;2019;complete;4288;0;-1;;;0;0;0;4;3;7;-1;-1;2;2;0;0;5;11;7;1;12;12;-1;-1;50;50;2;2;5.25;4.2;1.6;1.02;1.14;1.98;2.5;4.5;11;5;1.88;1.5;1.17;1.57;2.25;7;1.1;2.62;1.44;2.3;1.17;1.11;4.75;2.4;2.2;4.5;2.88;1.83;0;0;0;0;1.85;0;0;0;0;1.95;0;0;0;0;0;2.88;15;1.44;12;2.87;1.29;2.25;5.5;11;3.25;1.57;1.13;1.02;1.15;1.82;3.4;7.7;5.05;1.97;1.31;1.08;0;0;0;0;0;0;0;0;0;0;0;2019-08-24 14:00:00;-1;0;67;11;45;0;1;1;2;0;2;3;2;5;0;1;2;1;1;3;1;39;58;147;144;1.41;1.96;3.37;0;0;0;0;0;0;1;1;0;0;0;0;0;0;-1;-1;-1;-1;-1;-1;-1;-1;-1;22;39;67;84;100;33;78;89;61;11.16;1.55;3.67;3.39;EIF;TPS;1.29;2.15;1.44;2.44;1.16;2.16;78;62;33;17;0;53;47;41;1.62;1.92;3.54;1875;27;N;N;N;N;N;N;N
540179;6987;425;2019;complete;4288;0;-1;57,64,90;33;3;1;4;-1;-1;-1;-1;-1;2;2;0;0;-1;-1;-1;-1;-1;-1;-1;-1;-1;-1;2;2;2.7;3.4;2.35;1.02;1.23;1.77;2.9;5.4;10.25;3.8;2;1.36;1.12;1.62;2.15;4;1.22;3.5;1.28;1.62;1.25;1.3;3.5;2.2;2.75;3.2;2.5;2.4;0;0;0;0;0;0;0;0;0;0;0;0;0;0;0;2.1;11;1.8;5.5;4.5;1.3;2.63;6;12;3.2;1.44;1.1;1.02;1.21;1.96;4.18;9;4.24;1.79;1.22;1.06;0;0;0;0;4;0;1;3;0;3;1;2019-08-24 14:00:00;6987;0;33;22;22;0;-1;1;-1;-1;-1;-1;-1;-1;1;0;1;2;1;3;-1;0;0;0;0;0;0;0;1;0;1;0;0;0;1;1;0;0;-1;-1;0;0;-1;-1;-1;-1;-1;-1;-1;-1;-1;6;17;50;73;95;22;73;78;44;5.71;1.11;4.03;2.5;Kajaani;Oulu;0.62;1.46;0.56;1.67;0.89;1.05;95;84;50;28;6;0;0;0;1.33;1.13;2.46;1875;27;Y;Y;Y;Y;N;N;Y
540180;415;9764;2019;complete;4288;0;-1;25,51,61;65,88;3;2;5;9;4;13;4;3;0;0;0;0;7;4;12;2;19;6;12;8;58;42;0;0;1.33;5.15;7.5;1.01;1.13;1.44;2.2;3.5;13;5.5;2.7;1.62;1.25;1.62;2.2;2.2;1.53;11;1.05;1.06;1.13;3.1;1.73;2.6;6.5;1.57;3.2;5.5;0;0;0;0;0;0;0;0;0;0;0;0;0;0;0;1.3;21;3.4;2.4;10.75;1.22;2.1;5;10;3.75;1.67;1.14;1.03;1.13;1.7;3.06;6.5;5.5;2.13;1.37;1.1;0;0;0;0;5;1;0;2;2;4;1;2019-08-30 15:30:00;415;0;60;30;30;0;1;-1;2;1;7;3;3;10;0;0;0;0;0;0;1;64;27;125;91;2.15;0.87;3.02;0;0;0;0;0;0;1;1;0;0;0;0;-1;-1;-1;-1;-1;-1;-1;-1;-1;-1;-1;20;40;60;75;100;45;80;80;45;10.24;2.1;3.5;3.1;TPS;TPV;1.93;0.21;1.9;0.3;2.1;0.75;80;60;40;25;0;80;74;58;1.59;1.32;2.91;1875;27;Y;Y;Y;Y;Y;N;Y
540181;418;6987;2019;complete;4288;0;-1;62,86;51,70;2;2;4;3;7;10;0;3;4;2;0;0;4;5;8;10;12;15;14;10;46;54;4;2;3.3;3.75;1.95;1.01;1.14;1.48;2.2;3.75;13.5;5.15;2.5;1.61;1.24;1.47;2.55;6;1.12;4;1.22;1.79;1.25;1.35;3.52;2.54;2.51;3.3;2.88;2.35;0;0;0;0;1.47;1.74;2.45;0;0;2.68;1.87;1.55;2.76;8.51;1.7;2.2;18;1.67;7;4.33;1.29;2.08;5.45;10;3.44;1.73;1.14;1.04;1.14;1.71;3.26;6.5;5.25;2.11;1.33;1.1;0;0;0;0;4;0;0;2;2;4;0;2019-08-31 14:00:00;-1;0;57;11;37;0;1;1;1;4;2;3;5;5;0;0;4;2;0;6;1;68;71;94;107;1.53;1.81;3.34;0;0;0;0;0;0;1;1;0;0;0;1;0;0;-1;-1;-1;-1;-1;-1;-1;-1;-1;16;32;53;90;100;32;84;85;64;8.04;1.9;3.51;3.05;MYPA;Kajaani;0.92;1.14;0.56;1.2;0.45;1;85;69;47;11;0;75;64;53;1.05;1.56;2.61;1875;27;Y;Y;Y;Y;N;N;Y
540182;9766;416;2019;complete;4288;0;-1;33,70;3;2;1;3;4;7;11;-1;-1;3;4;0;0;3;5;1;6;4;11;-1;-1;50;50;3;4;3.65;3.85;1.8;1.01;1.15;1.53;2.35;4.05;12.75;4.8;2.4;1.56;1.21;1.54;2.35;6;1.12;3.25;1.33;1.95;1.26;1.27;3.96;2.46;2.39;3.74;2.83;2.2;0;0;0;0;1.87;0;0;0;0;1.74;0;0;0;0;0;2.4;15;1.62;8;3.6;1.29;2.25;5.7;11;3.44;1.63;1.13;1.03;1.15;1.81;3.32;7.1;5.05;1.98;1.32;1.09;0;0;0;0;3;1;1;1;0;1;2;2019-08-31 14:00:00;9766;0;63;31;22;0;1;1;4;2;0;5;6;5;2;0;1;4;2;5;1;72;59;104;86;0.99;1.47;2.46;1;0;1;0;0;0;1;1;0;1;1;0;0;0;-1;-1;-1;-1;-1;-1;-1;-1;-1;21;42;58;85;95;47;79;64;59;10.55;0.89;4.56;3.15;MuSa;Jaro;1.77;1.23;1.7;1.67;1.6;1.8;79;59;42;16;6;44;39;39;1.76;1.65;3.41;1875;27;Y;Y;Y;N;N;N;Y
540183;425;424;2019;complete;4288;0;-1;;75;0;1;1;6;8;14;-1;-1;3;1;0;0;5;5;2;3;7;8;-1;-1;47;53;3;1;4.9;4.05;1.57;1.01;1.2;1.67;2.7;4.85;11;4.1;2.1;1.42;1.15;1.74;2;5.5;1.14;2.75;1.4;2.02;1.26;1.24;4.22;2.38;2.34;4.04;2.73;2.17;0;0;0;0;1.8;0;0;0;0;1.8;0;0;0;0;0;2.63;12;1.53;8.5;2.8;1.32;2.38;5.8;13;3.2;1.54;1.1;1.02;1.18;1.93;3.66;7.7;4.68;1.85;1.28;1.08;0;0;0;0;1;0;0;0;1;1;0;2019-08-31 14:00:00;424;0;42;11;21;0;1;1;3;8;3;0;11;3;3;0;0;1;3;1;1;52;78;87;75;1.17;1.41;2.59;0;0;0;0;0;0;1;1;0;0;0;4;0;0;-1;-1;-1;-1;-1;-1;-1;-1;-1;16;38;48;48;74;22;59;64;48;13.38;1.39;3.38;2.34;Oulu;Haka;0.71;2.69;0.5;2.56;1;2.8;84;62;52;52;26;50;44;44;1.7;1.6;3.3;1875;27;Y;N;N;N;N;N;N
540184;426;423;2019;complete;4288;0;-1;4,51;45;2;1;3;4;6;10;-1;-1;4;2;0;0;6;8;1;1;7;9;-1;-1;50;50;4;2;1.91;3.85;3.35;1.01;1.13;1.47;2.2;3.7;13.75;5.2;2.55;1.62;1.24;1.48;2.55;3;1.36;9;1.07;1.18;1.16;2.57;1.89;3.09;4.32;1.85;3.14;4.44;0;0;1.2;1.44;1.94;2.2;3.1;3.9;2.5;1.86;1.57;1.3;0;0;0;1.4;23;2.88;3.1;11;1.2;1.88;4;9;4;1.86;1.2;1.05;1.09;1.61;2.77;5.5;6.1;2.23;1.41;1.13;0;0;0;0;3;1;1;1;0;1;2;2019-09-02 15:30:00;426;0;47;15;32;0;1;1;2;2;2;4;4;6;2;1;2;1;3;3;1;55;48;59;54;1.26;1.47;2.73;0;1;0;1;0;0;1;1;1;0;0;1;0;0;-1;-1;-1;-1;-1;-1;-1;-1;-1;16;47;68;84;100;21;85;84;62;7.71;0.84;3.26;3.41;KTP;EIF;1.77;0.92;1.44;0.9;1.3;1.15;85;53;32;16;0;53;47;26;1.8;1.17;2.97;1875;27;Y;Y;Y;N;N;N;Y
540185;9764;425;2019;complete;4288;0;-1;22,88;;2;0;2;6;8;14;-1;-1;1;2;0;0;3;5;3;6;6;11;-1;-1;50;50;1;2;3.25;3.4;2.05;1.02;1.21;1.69;2.75;4.95;11;4.05;2.05;1.41;1.14;1.59;2.25;4.5;1.18;3.4;1.3;1.66;1.3;1.28;3.6;2.3;2.62;3.25;2.6;2.37;0;0;0;0;0;0;0;0;0;0;0;0;0;0;0;2.25;13;1.66;6;3.75;1.3;2.5;6;17;3.4;1.5;1.12;1.02;1.22;1.91;3.75;8;4;1.8;1.25;1.06;0;0;0;0;2;1;0;1;0;1;1;2019-09-06 15:30:00;9764;0;40;10;20;0;1;1;6;5;0;3;11;3;0;0;1;2;0;3;1;63;82;95;121;1.05;1.64;2.69;0;0;0;0;0;0;1;1;0;0;0;2;0;0;-1;-1;-1;-1;-1;-1;-1;-1;-1;10;30;50;70;95;15;80;75;50;6.71;3.7;4.22;2.65;TPV;Oulu;1.38;1.46;1.2;1.5;0.71;0.95;90;70;50;30;5;20;15;10;1.52;1.13;2.65;1875;27;Y;Y;N;N;N;N;N
540186;424;9766;2019;complete;4288;0;-1;18,30,49,52;;4;0;4;10;4;14;-1;-1;2;1;0;0;10;5;7;5;17;10;-1;-1;50;50;2;1;1.19;6.75;10.5;1;1.08;1.31;1.8;2.8;16.75;6.8;3.2;1.91;1.39;1.74;2;2.1;1.66;19;1.02;1.04;1.1;5.5;1.5;3.4;9;1.3;4;9.5;0;0;0;0;0;0;0;0;0;0;0;0;0;0;0;1.2;34;4.33;2.15;21;1.16;1.72;3.4;8;5;2;1.3;1.08;1.14;1.6;2.75;5.5;5;2.25;1.4;1.12;0;0;0;0;4;2;0;2;0;2;2;2019-09-06 15:30:00;424;0;73;28;43;0;1;1;1;2;9;2;3;11;0;1;2;0;1;2;1;89;58;140;105;2.42;1.41;3.83;0;0;0;0;0;0;1;1;0;0;0;1;0;0;-1;-1;-1;-1;-1;-1;-1;-1;-1;38;58;77;91;95;52;76;85;67;11.8;3.44;2.32;4.23;Haka;MuSa;2.79;1.14;3;1.5;2.81;1.67;63;43;23;10;5;57;57;40;1.86;1.3;3.16;1875;27;Y;Y;Y;Y;N;N;N
540187;415;6987;2019;complete;4288;0;-1;33,39,78;;3;0;3;4;6;10;2;1;3;0;0;0;7;0;9;5;16;5;15;6;55;45;3;0;1.33;5.05;7.5;1;1.12;1.43;2.1;3.45;14.25;5.5;2.65;1.67;1.27;1.67;2.1;2.2;1.61;13;1.04;1.07;1.14;3.4;1.72;2.75;7;1.5;3.25;7.5;0;0;0;1.46;1.85;2.48;0;0;2.56;1.96;1.5;0;1.26;10.18;6.54;1.22;21;4;2.45;15;1.22;2;4.33;11;4;1.72;1.2;1.05;1.17;1.73;3.25;6.5;4.5;2;1.33;1.1;0;0;0;0;3;2;0;1;0;1;2;2019-09-06 15:30:00;415;0;64;18;36;0;1;1;0;3;4;3;3;7;0;0;3;0;0;3;1;56;33;111;92;1.91;0.57;2.48;1;0;1;0;0;0;1;1;0;0;0;0;0;0;-1;-1;-1;-1;-1;-1;-1;-1;-1;23;41;60;82;100;36;87;78;50;10;3.45;3.91;3.18;TPS;Kajaani;1.93;1.14;2;1.18;2.14;1;78;60;41;18;0;69;69;55;1.64;1.59;3.23;1875;27;Y;Y;Y;N;N;N;N
540188;423;418;2019;complete;4288;0;-1;2,43;39,78,90;2;3;5;8;3;11;1;2;0;2;0;0;8;4;8;3;16;7;11;16;61;39;0;2;1.6;4.2;4.33;1.01;1.11;1.85;1.9;3.25;23;6.5;2;1.8;1.33;1.44;2.62;3.4;1.3;8;1.08;1.18;1.2;2.25;2.1;2.63;4.33;1.83;3;4;0;0;0;0;1.72;2.29;0;0;0;2;1.63;0;1.44;8.18;3.85;1.44;23;2.62;3.4;10;1.22;2;4.33;11;4;1.72;1.2;1.05;1.14;1.62;3;5.5;5;2.2;1.36;1.12;0;0;0;0;5;2;1;0;2;2;3;2019-09-07 14:00:00;418;0;58;19;48;0;1;1;5;3;3;0;8;3;0;1;0;1;1;1;1;34;24;73;64;1.81;0.9;2.71;0;1;0;1;0;0;1;1;1;0;2;1;0;0;-1;-1;-1;-1;-1;-1;-1;-1;-1;20;43;63;91;91;38;81;77;53;9.1;1;2.99;3.49;EIF;MYPA;1.29;0.57;1.4;0.36;1.1;0.48;81;58;38;10;10;65;65;50;1.6;1.34;2.94;1875;27;Y;Y;Y;Y;Y;N;Y
540189;426;416;2019;complete;4288;0;-1;63,65,88;45;3;1;4;10;7;17;6;4;1;2;0;0;11;7;4;6;15;13;12;8;43;57;1;2;2.8;3.5;2.25;1.01;1.14;1.49;2.25;3.8;13.25;5.05;2.5;1.59;1.23;1.44;2.6;6;1.12;3.75;1.25;1.8;1.29;1.33;3.5;2.5;2.5;3.2;2.88;2.25;0;0;1.22;1.47;1.83;2.53;3.2;3.7;2.66;1.83;1.52;1.29;2.63;8.52;1.76;2.2;10.5;1.67;6.5;4.05;1.25;2.1;5;13;3.75;1.67;1.17;1.04;1.13;1.65;2.9;6;5.25;2.1;1.36;1.11;0;0;0;0;4;0;1;3;0;3;1;2019-09-09 15:30:00;426;0;55;20;30;0;1;1;3;5;7;2;8;9;0;0;1;2;0;3;1;55;67;88;116;2.11;1.8;3.91;0;0;0;0;0;0;1;1;0;0;0;0;0;0;-1;-1;-1;-1;-1;-1;-1;-1;-1;15;35;60;85;95;30;80;75;50;8.8;1.9;3.7;3;KTP;Jaro;1.77;1.23;1.6;1.5;1.38;1.71;85;65;40;15;5;55;45;30;1.75;1.64;3.39;1875;27;Y;Y;Y;Y;N;N;Y
540195;424;415;2019;complete;4288;0;-1;76;34,80;1;2;3;4;2;6;4;0;0;3;0;0;6;7;5;5;11;12;10;13;54;46;0;3;1.61;4.05;4.65;1.01;1.18;1.61;2.55;4.5;11.75;4.35;2.2;1.47;1.17;1.67;2.1;3.05;1.27;6;1.12;1.16;1.22;2.2;2.2;2.4;4.75;2.13;2.81;3.84;0;0;0;0;1.67;2;0;0;0;2.21;1.73;0;1.33;9.5;4.58;1.44;15;2.75;3.6;6.35;1.25;2.25;5.5;11;3.5;1.57;1.13;1.02;1.14;1.8;3.2;7;4.9;1.95;1.29;1.08;0;0;0;0;3;0;1;1;1;2;1;2019-09-19 15:30:00;415;0;48;21;26;0;1;1;3;0;1;2;3;3;0;2;0;1;2;1;1;105;73;157;146;1.88;1.79;3.67;0;0;0;0;0;0;1;1;0;0;0;0;0;0;-1;-1;-1;-1;-1;-1;-1;-1;-1;26;43;56;74;91;47;74;87;52;14.05;3.33;2.65;3.3;Haka;TPS;2.79;2.15;3;2.18;2.83;2.13;75;58;44;27;9;59;54;49;1.91;1.84;3.75;1875;27;Y;Y;Y;N;N;N;Y
540196;416;9764;2019;complete;4288;0;-1;4,9,82;72;3;1;4;-1;-1;-1;-1;-1;1;3;0;0;-1;-1;-1;-1;-1;-1;-1;-1;-1;-1;1;3;1.69;3.9;4.15;1.01;1.14;1.48;2.2;3.75;13.5;5.15;2.5;1.61;1.24;1.51;2.4;3.4;1.3;7;1.1;1.21;1.22;2.19;2.14;2.56;4.35;2;2.95;4.06;0;0;0;0;0;0;0;0;0;0;0;0;0;0;0;1.5;18;2.63;3.65;11;1.26;2.09;4.9;10;3.5;1.69;1.14;1.04;1.12;1.7;3.1;6;5.3;2.08;1.32;1.11;0;0;0;0;4;2;0;1;1;2;2;2019-09-21 12:00:00;416;0;71;29;38;0;-1;1;-1;-1;-1;-1;-1;-1;1;2;0;1;3;1;-1;0;0;0;0;0;0;0;0;0;0;0;0;0;1;1;2;0;-1;-1;0;0;-1;-1;-1;-1;-1;-1;-1;-1;-1;29;46;67;88;100;46;84;96;59;10.34;2.58;3.34;3.54;Jaro;TPV;1.93;0.21;1.75;0.25;1.57;0.78;71;54;34;13;0;75;62;40;1.95;1.24;3.19;1875;27;Y;Y;Y;Y;N;N;Y
540197;418;426;2019;complete;4288;0;-1;50,55;7,72,78;2;3;5;9;4;13;1;2;2;3;0;0;5;8;9;3;14;11;11;13;50;50;2;3;3.3;4;1.95;1.01;1.1;1.78;1.97;2.94;17;5.9;2.1;1.89;1.36;1.37;3.05;6.5;1.11;4.33;1.2;1.82;1.2;1.28;3.5;2.6;2.5;3.46;3;2.16;0;0;0;1.45;1.74;2.28;0;0;2.75;1.87;1.61;0;2.76;8.08;1.78;2.25;21;1.62;10;4.8;1.22;1.95;4.3;9;3.8;1.8;1.17;1.05;1.1;1.6;2.73;5;5.8;2.25;1.42;1.14;0;0;0;0;5;0;1;2;2;4;1;2019-09-21 12:00:00;426;0;53;22;44;0;1;1;6;1;3;3;7;6;1;2;1;1;3;2;1;48;46;81;87;1.58;1.59;3.17;0;0;0;0;0;0;1;1;0;1;2;1;0;0;-1;-1;-1;-1;-1;-1;-1;-1;-1;30;44;57;83;100;43;66;92;70;9;0.98;3.28;3.47;MYPA;KTP;0.92;1.36;0.82;1.33;0.7;1.52;70;57;43;17;0;85;75;60;1.09;1.45;2.54;1875;27;Y;Y;Y;Y;Y;N;Y
540198;6987;423;2019;complete;4288;0;-1;83;51,85;1;2;3;2;1;3;-1;-1;4;2;0;0;2;2;0;0;2;2;-1;-1;50;50;4;2;1.83;4.05;3.35;1;1.09;1.33;1.87;2.95;16.25;6.45;3.05;1.87;1.36;1.36;2.9;4;1.22;8;1.08;1.3;1.23;1.95;2.29;2.64;3.68;2;3;3.4;0;0;0;0;0;0;0;0;0;0;0;0;0;0;0;1.57;23;2.3;4.8;10.5;1.17;1.91;4;9.5;4.5;1.83;1.2;1.04;1.09;1.57;2.66;4.74;6.1;2.31;1.44;1.15;0;0;0;0;3;0;0;1;2;3;0;2019-09-21 14:00:00;423;0;55;32;32;0;1;1;0;0;2;1;0;3;2;0;2;2;2;4;-1;0;0;0;0;0;0;0;0;0;0;0;0;0;1;1;0;0;0;0;0;0;-1;-1;-1;-1;-1;-1;-1;-1;-1;14;41;73;87;96;32;78;87;64;6.82;0;3.46;3.41;Kajaani;EIF;0.62;0.92;0.73;0.82;0.91;1.13;87;60;27;14;5;28;28;14;1.33;1.2;2.53;1875;27;Y;Y;Y;N;N;N;Y
540199;9766;425;2019;complete;4288;0;-1;;38,59,71,85;0;4;4;-1;-1;-1;-1;-1;0;1;0;0;-1;-1;-1;-1;-1;-1;-1;-1;-1;-1;0;1;2.85;3.45;2.2;1.01;1.18;1.61;2.55;4.5;11.75;4.35;2.2;1.47;1.17;1.54;2.35;4.5;1.18;3.75;1.25;1.64;1.25;1.34;3.64;2.36;2.57;3.3;2.63;2.3;0;0;0;0;0;0;0;0;0;0;0;0;0;0;0;2.2;12;1.73;7.1;4.4;1.3;2.31;6;12;3.32;1.57;1.11;1.02;1.15;1.87;3.4;7.5;4.7;1.87;1.27;1.07;0;0;0;0;4;0;1;0;3;3;1;2019-09-21 12:00:00;425;0;50;32;9;0;-1;1;-1;-1;-1;-1;-1;-1;0;0;0;1;0;1;-1;0;0;0;0;0;0;0;0;1;0;1;0;0;1;1;0;0;-1;-1;0;0;-1;-1;-1;-1;-1;-1;-1;-1;-1;14;32;55;78;100;41;87;73;45;9.28;0.55;5.1;3;MuSa;Oulu;1.77;1.46;1.82;1.36;1.52;0.91;87;69;46;23;0;32;32;32;1.68;1.19;2.87;1875;27;Y;Y;Y;Y;N;N;N
540200;415;416;2019;complete;4288;0;-1;48;84;1;1;2;5;2;7;0;2;3;2;0;0;4;3;7;7;11;10;12;7;54;46;3;2;1.71;3.95;3.95;1;1.13;1.45;2.15;3.6;14;5.35;2.6;1.65;1.25;1.48;2.5;3.4;1.3;7;1.1;1.22;1.22;2;2.25;2.5;4;2;2.88;3.75;0;0;0;0;1.73;2.28;0;0;0;2;1.61;0;1.52;8.49;3.66;1.53;14;2.45;3.5;7;1.25;2.1;4.5;13;3.75;1.67;1.18;1.04;1.12;1.7;3;6.5;5.3;2.08;1.34;1.1;0;0;0;0;2;0;0;1;1;2;0;2019-09-27 15:30:00;-1;0;57;26;26;0;1;1;2;1;3;1;3;4;0;0;3;2;0;5;1;58;64;114;96;1.4;1.31;2.71;0;0;0;0;0;0;1;1;0;0;1;0;0;0;-1;-1;-1;-1;-1;-1;-1;-1;-1;22;39;66;83;96;43;78;74;53;9.99;4.15;3.58;3.04;TPS;Jaro;1.93;1.23;2.08;1.36;2.17;1.63;79;61;35;17;5;65;60;52;1.66;1.65;3.31;1875;27;Y;Y;N;N;N;N;Y
540201;423;424;2019;complete;4288;0;-1;61,85;5,34,45,75;2;4;6;14;3;17;0;1;1;2;0;0;9;5;9;2;18;7;13;6;50;50;1;2;4.15;4.55;1.59;1;1.1;1.38;2;3.2;15.25;5.95;2.85;1.77;1.31;1.47;2.55;9;1.07;3.5;1.28;2.2;1.16;1.2;4.33;2.75;2.1;4;3.1;1.83;0;0;0;0;1.73;0;0;0;0;2;0;0;0;0;0;2.62;29;1.44;7.75;3.25;1.2;1.9;4;11;4.33;1.8;1.22;1.05;1.09;1.63;2.81;5.5;6.1;2.19;1.4;1.13;0;0;0;0;6;0;3;2;1;3;3;2019-09-28 12:00:00;424;0;56;13;34;0;1;1;7;2;7;1;9;8;0;0;1;2;0;3;1;72;37;83;86;2.27;1.07;3.34;0;0;0;0;0;0;1;1;0;1;0;0;0;0;-1;-1;-1;-1;-1;-1;-1;-1;-1;26;49;61;69;87;35;66;78;61;11.08;1.9;3.31;3.16;EIF;Haka;1.29;2.69;1.42;2.64;1.21;2.71;75;52;39;31;13;59;45;41;1.6;1.55;3.15;1875;27;Y;Y;Y;Y;Y;Y;Y
540202;9764;6987;2019;complete;4288;0;-1;12,80,84;13,57,71,88;3;4;7;3;2;5;5;1;2;2;0;0;8;7;7;4;15;11;8;14;66;34;2;2;2.5;3.45;2.5;1.01;1.16;1.54;2.4;4.15;12.5;4.7;2.35;1.53;1.2;1.49;2.5;4.33;1.2;4.33;1.2;1.44;1.3;1.5;3;2.37;3.1;2.62;2.75;2.75;0;0;0;0;1.72;2;0;0;0;2.11;1.73;0;2.14;8;2.2;1.8;15;2;4.45;5.35;1.28;2.37;5.5;15;3.5;1.53;1.14;1.03;1.14;1.84;3.2;6.5;4.9;1.9;1.29;1.1;0;0;0;0;7;1;1;2;3;5;2;2019-09-28 12:00:00;6987;0;56;4;35;0;1;1;1;2;2;0;3;2;1;0;1;2;1;3;1;41;18;80;35;1.8;1.31;3.11;2;0;2;0;0;0;1;1;0;0;0;2;1;0;-1;-1;-1;-1;-1;-1;-1;-1;-1;13;35;52;83;96;21;87;78;48;9.1;2.72;4.08;2.9;TPV;Kajaani;1.38;1.14;1.36;1.08;0.75;0.88;87;66;49;18;5;56;52;35;1.48;1.5;2.98;1875;27;Y;Y;Y;Y;Y;Y;Y
540203;425;418;2019;complete;4288;0;-1;90;7;1;1;2;8;1;9;-1;-1;1;2;0;0;5;2;9;2;14;4;-1;-1;59;41;1;2;1.34;4.8;7;1.01;1.16;1.54;2.4;4.15;12.5;4.7;2.35;1.53;1.2;1.8;1.95;2.25;1.57;9;1.07;1.1;1.18;2.75;1.95;2.6;5.5;1.66;2.87;6;0;0;0;0;0;2.1;0;0;0;0;1.67;0;0;0;0;1.3;17;3.4;2.3;9.5;1.28;2.25;5.5;15;3.5;1.57;1.14;1.03;1.14;1.82;3.2;7;4.9;1.92;1.29;1.08;0;0;0;0;2;0;1;1;0;1;1;2019-09-28 12:00:00;-1;0;42;21;29;0;1;1;5;1;3;0;6;3;1;0;0;2;1;2;1;95;37;93;73;1.91;0.67;2.58;0;1;0;1;0;0;1;1;0;1;0;1;0;0;-1;-1;-1;-1;-1;-1;-1;-1;-1;13;34;46;63;80;29;67;67;38;11.27;0.5;2.84;2.55;Oulu;MYPA;0.71;0.57;0.5;0.58;1;0.67;88;67;55;38;21;70;70;61;1.6;1.3;2.9;1875;27;Y;Y;N;N;N;N;Y
540204;426;9766;2019;complete;4288;0;-1;87;;1;0;1;5;4;9;1;0;1;1;0;1;8;2;8;2;16;4;14;11;50;50;1;3;1.67;4.05;4.2;1;1.07;1.29;1.77;2.7;17;7;3.3;1.95;1.41;1.34;3.05;3.75;1.25;9;1.07;1.22;1.18;2.2;2.1;2.75;4;1.9;3.1;3.75;0;0;0;0;1.73;0;0;0;0;2;0;0;0;0;0;1.5;29;2.5;4.1;8;1.18;1.83;3.75;10;4.5;1.83;1.25;1.06;1.07;1.52;2.51;4.74;6.8;2.43;1.49;1.15;0;0;0;0;1;0;0;1;0;1;0;2019-09-30 15:30:00;426;0;69;17;39;0;1;1;1;3;4;1;4;5;1;1;0;1;2;1;1;90;75;97;78;2.21;0.94;3.15;0;0;0;0;0;0;1;1;0;0;0;0;0;0;-1;-1;-1;-1;-1;-1;-1;-1;-1;21;56;78;87;96;34;83;79;60;8.86;1.32;3.15;3.63;KTP;MuSa;1.77;1.14;1.73;1.25;1.58;1.46;79;44;22;13;4;60;56;30;1.78;1.31;3.09;1875;27;Y;N;N;N;N;N;N
540205;418;9764;2019;complete;4288;0;-1;45,83,90;26,34;3;2;5;5;8;13;4;3;3;2;0;1;8;4;6;12;14;16;13;9;48;52;3;3;2.6;3.55;2.41;1.02;1.1;1.43;2.1;3.6;13.25;5.05;2.45;1.57;1.2;1.4;2.75;4.4;1.13;4.33;1.2;1.44;1.25;1.44;3.2;2.46;3.07;2.74;2.79;2.75;0;0;0;0;1.56;1.9;2.69;0;0;2.35;1.8;1.41;2.14;8.1;2.18;2.02;10.5;2.02;5.35;4.7;1.25;2.25;5;10.5;3.5;1.57;1.14;1.03;1.16;1.72;3.3;6.5;4.6;2.05;1.28;1.1;0;0;0;0;5;1;2;2;0;2;3;2019-10-04 15:30:00;418;0;64;20;48;0;1;1;4;4;1;4;8;5;0;1;3;2;1;5;1;109;83;126;101;2.23;1.88;4.11;0;0;0;0;0;0;1;1;0;0;1;2;0;0;-1;-1;-1;-1;-1;-1;-1;-1;-1;24;48;65;85;100;36;72;92;69;9;0.9;3.19;3.32;MYPA;TPV;0.92;0.21;0.75;0.23;0.68;0.72;76;52;36;16;0;91;73;55;1.14;1.24;2.38;1875;27;Y;Y;Y;Y;Y;N;Y
540206;6987;424;2019;complete;4288;0;-1;26;67,75;1;2;3;6;9;15;-1;-1;1;2;0;0;3;7;2;7;5;14;-1;-1;50;50;1;2;4.25;4.95;1.54;1;1.05;1.24;1.65;2.45;18.5;7.75;3.7;2.1;1.5;1.35;3;11;1.05;3.75;1.25;2.5;1.16;1.18;4.33;2.87;2;4;3.25;1.72;0;0;0;0;0;0;0;0;0;0;0;0;0;0;0;2.75;34;1.4;8.5;3.4;1.14;1.72;3.4;8;5.5;2;1.3;1.08;1.07;1.42;2.3;4.33;6.75;2.65;1.55;1.2;0;0;0;0;3;1;0;0;2;2;1;2019-10-05 12:00:00;424;0;54;17;34;0;1;1;1;4;5;5;5;10;0;2;1;0;2;1;1;45;81;73;110;0.86;1.96;2.81;0;0;0;0;0;0;1;1;0;0;0;0;0;0;-1;-1;-1;-1;-1;-1;-1;-1;-1;17;46;63;71;88;34;67;79;58;8.23;0.67;3.59;3.09;Kajaani;Haka;0.62;2.69;0.67;2.67;0.96;2.72;84;55;38;30;13;32;23;23;1.33;1.5;2.83;1875;27;Y;Y;Y;N;N;N;Y
540207;9766;423;2019;complete;4288;0;-1;39;;1;0;1;5;6;11;-1;-1;3;2;0;1;4;6;2;5;6;11;-1;-1;50;50;3;3;2.45;3.7;2.45;1;1.11;1.41;2.05;3.35;14.75;5.75;2.75;1.71;1.29;1.38;2.8;5;1.16;5.5;1.14;1.5;1.22;1.61;2.75;2.62;2.87;2.5;3;2.62;0;0;0;1.55;2;2.73;0;0;2.38;1.82;1.4;0;2.04;7.7;2.34;1.72;29;2;5.05;4.75;1.2;2;4;11;4.33;1.72;1.22;1.05;1.13;1.65;2.95;5;5.25;2.1;1.35;1.14;0;0;0;0;1;1;0;0;0;0;1;2019-10-05 12:00:00;9766;0;63;38;21;0;1;1;1;5;4;1;6;5;0;0;3;3;0;6;1;55;84;68;125;1.06;1.73;2.78;0;0;0;0;0;0;1;1;0;0;0;1;0;0;-1;-1;-1;-1;-1;-1;-1;-1;-1;17;46;75;88;100;46;84;80;63;9.48;0;4.39;3.5;MuSa;EIF;1.77;0.92;1.67;1;1.4;1.16;83;54;25;13;0;50;50;38;1.68;1.2;2.88;1875;27;Y;N;N;N;N;N;N
540208;425;416;2019;complete;4288;0;-1;42,49,69,83;1;4;1;5;7;2;9;-1;-1;1;2;0;0;12;5;2;3;14;8;-1;-1;58;42;1;2;2.55;3.3;2.5;1.02;1.22;1.74;2.85;5.2;10.5;3.9;2;1.38;1.13;1.61;2.2;3.75;1.25;3.75;1.25;1.5;1.22;1.5;3.2;2.3;3.1;2.75;2.6;2.75;0;0;0;1.5;1.93;2.6;0;0;2.58;1.9;1.49;0;2.01;7.67;2.3;2.05;15;1.8;4.15;4.75;1.33;2.62;6.5;19;3.25;1.44;1.11;1.02;1.2;1.91;3.8;8;4.1;1.8;1.22;1.06;0;0;0;0;5;1;1;3;0;3;2;2019-10-05 14:00:00;425;0;53;17;28;0;1;1;3;0;4;2;3;6;1;0;0;2;1;2;1;59;44;90;76;2.15;1.18;3.32;0;0;0;0;0;0;1;1;0;1;0;0;0;0;-1;-1;-1;-1;-1;-1;-1;-1;-1;13;24;45;65;81;21;57;69;49;11.75;1.21;3.54;2.31;Oulu;Jaro;0.71;1.23;0.54;1.33;1;1.6;88;76;56;35;20;56;48;48;1.63;1.62;3.25;1875;27;Y;Y;Y;Y;Y;N;Y
540209;426;415;2019;complete;4288;0;-1;85;72;1;1;2;5;7;12;5;2;4;2;0;0;3;9;9;11;12;20;11;12;50;50;4;2;2.7;4.2;2.05;1.02;1.14;2.05;2.1;3.75;21;5.5;1.8;1.66;1.25;1.5;2.5;6;1.12;3.5;1.28;1.83;1.2;1.3;3.4;2.5;2.63;3.4;2.87;2.1;0;0;1.17;1.33;1.66;2.1;2.8;4.33;2.9;2.23;1.67;1.36;2.63;8.01;1.78;2.37;21;1.53;8.5;4.9;1.25;2.2;5;13;3.75;1.61;1.16;1.04;1.14;1.7;3;6;5;2.05;1.34;1.11;0;0;0;0;2;0;0;1;1;2;0;2019-10-07 15:30:00;-1;0;50;8;25;0;1;1;0;2;5;5;2;10;0;0;4;2;0;6;1;66;83;98;116;1.45;2.49;3.93;0;0;0;0;0;0;1;1;0;0;0;0;0;0;-1;-1;-1;-1;-1;-1;-1;-1;-1;8;34;54;67;92;21;75;79;42;10.58;1.75;3.5;2.63;KTP;TPS;1.77;2.15;1.83;2.25;1.64;2.12;92;67;46;34;9;56;43;31;1.82;1.83;3.65;1875;27;Y;Y;N;N;N;N;Y
540210;416;6987;2019;complete;4288;0;-1;19,26,90;;3;0;3;6;2;8;2;1;0;1;0;1;5;8;13;9;18;17;15;6;58;42;0;3;1.47;4.65;5.25;1;1.06;1.25;1.67;2.5;18.25;7.75;3.65;2.1;1.49;1.36;2.9;3.25;1.33;13;1.04;1.15;1.17;2.63;1.87;2.94;4.7;1.67;3.4;4.5;0;0;0;0;1.72;0;0;0;0;2;0;0;0;0;0;1.4;31;2.8;3.4;19;1.14;1.8;3.75;8.5;5;1.91;1.22;1.05;1.06;1.47;2.38;4.5;7.3;2.57;1.54;1.17;0;0;0;0;3;2;0;1;0;1;2;2019-10-20 11:00:00;416;0;73;23;42;0;1;1;2;2;4;0;4;4;0;1;0;1;1;1;1;75;43;105;76;2.02;1.94;3.96;1;0;1;0;0;0;1;1;0;0;2;0;0;0;-1;-1;-1;-1;-1;-1;-1;-1;-1;27;46;70;96;100;50;92;93;62;9.94;3.16;3.77;3.7;Jaro;Kajaani;1.93;1.14;1.85;1.23;1.54;0.92;73;54;31;4;0;60;56;32;1.95;1.49;3.44;1875;27;Y;Y;Y;N;N;N;N
540211;423;425;2019;complete;4288;0;-1;17,86;5,28;2;2;4;6;5;11;1;3;0;1;0;0;8;4;11;9;19;13;7;5;48;52;0;1;2.8;3.65;2.2;1.01;1.17;1.57;2.45;4.25;12.25;4.55;2.3;1.5;1.19;1.51;2.4;5;1.17;3.5;1.29;1.73;1.22;1.33;3.5;2.3;2.5;3.25;2.7;2.4;0;0;0;0;1.9;0;0;0;0;1.8;0;0;0;0;0;2.2;15;1.8;6;4.33;1.25;2.25;5.5;11;3.5;1.57;1.13;1.02;1.14;1.83;3.3;7;4.9;1.91;1.29;1.08;0;0;0;0;4;1;2;1;0;1;3;2019-10-20 11:00:00;-1;0;47;16;31;0;1;1;4;4;2;1;8;3;0;0;0;1;0;1;1;60;47;79;91;2.18;1.44;3.62;0;0;0;0;0;0;1;1;0;1;0;2;0;0;-1;-1;-1;-1;-1;-1;-1;-1;-1;23;36;60;80;96;28;76;84;60;9.15;1.48;3.71;3.26;EIF;Oulu;1.29;1.46;1.31;1.5;1.12;1.08;77;65;41;20;4;38;34;30;1.65;1.19;2.84;1875;27;Y;Y;Y;Y;N;N;Y
540212;415;9766;2019;complete;4288;0;-1;;;0;0;0;2;11;13;2;1;3;4;0;0;6;10;7;6;13;16;15;16;55;45;3;4;1.53;4.2;5.15;1.01;1.16;1.54;2.4;4.15;12.5;4.7;2.35;1.53;1.2;1.65;2.15;2.5;1.5;7;1.1;1.11;1.17;2.4;2;2.4;5;1.83;2.88;4.5;0;0;0;0;1.83;0;0;0;0;1.83;0;0;0;0;0;1.4;15;2.88;2.87;10;1.25;2.25;5.5;11;3.5;1.57;1.13;1.02;1.13;1.82;3.1;7;5.1;1.92;1.31;1.08;0;0;0;0;0;0;0;0;0;0;0;2019-10-20 11:00:00;-1;0;66;23;39;0;1;1;0;1;2;10;1;12;1;0;2;4;1;6;1;35;51;110;92;1.5;2.08;3.58;0;0;0;0;0;0;1;1;0;0;0;0;0;0;-1;-1;-1;-1;-1;-1;-1;-1;-1;27;50;74;81;96;46;73;77;58;9.28;2.61;3.31;3.43;TPS;MuSa;1.93;1.14;2;1.15;2.08;1.46;73;50;27;19;4;65;60;42;1.64;1.27;2.91;1875;27;N;N;N;N;N;N;N
540213;424;418;2019;complete;4288;0;-1;5,36;75;2;1;3;8;3;11;1;0;1;0;0;0;10;6;11;6;21;12;9;9;63;37;1;0;1.15;7.5;11.75;1;1.03;1.17;1.47;2.05;20.75;9.75;4.55;2.55;1.69;1.56;2.3;2.1;1.67;21;1.02;1.03;1.08;5;1.47;3.54;8;1.25;4.5;9.5;0;0;0;0;0;1.72;0;0;0;0;2;0;0;0;0;1.14;51;4.5;2.2;34;1.11;1.62;3.2;6.5;6;2.2;1.3;1.08;1.04;1.35;2.09;4;8.4;2.9;1.69;1.22;0;0;0;0;3;2;0;0;1;1;2;2019-10-20 11:00:00;424;0;54;31;35;0;1;1;3;1;5;2;4;7;0;0;1;0;0;1;1;82;36;155;98;2.62;1.45;4.07;0;0;0;0;0;0;1;1;1;0;1;0;0;0;-1;-1;-1;-1;-1;-1;-1;-1;-1;27;50;62;92;96;54;89;89;54;11.46;3.38;2.08;3.81;Haka;MYPA;2.79;0.57;2.77;0.62;2.73;0.77;74;50;39;8;4;73;69;56;1.9;1.25;3.15;1875;27;Y;Y;Y;N;N;N;Y
540214;9764;426;2019;complete;4288;0;-1;31;;1;0;1;4;5;9;-1;-1;2;0;0;0;9;3;9;5;18;8;-1;-1;50;50;2;0;2.94;3.8;2.1;1.01;1.11;1.4;2;3.25;26;6.5;2.88;1.73;1.33;1.33;3;5.5;1.14;4.33;1.2;1.72;1.25;1.4;3.38;2.55;2.51;3;2.88;2.3;0;0;0;0;1.72;0;0;0;0;2;0;0;0;0;0;2.1;19;1.73;7;5;1.2;2.1;4.5;9.5;4;1.67;1.17;1.04;1.09;1.64;2.85;5.5;6.1;2.18;1.39;1.13;0;0;0;0;1;1;0;0;0;0;1;2019-10-20 11:00:00;9764;0;52;16;40;0;1;1;0;3;4;2;3;6;0;0;2;0;0;2;1;47;52;91;107;2.1;1.1;3.2;0;0;0;0;0;0;1;1;0;0;0;0;0;0;-1;-1;-1;-1;-1;-1;-1;-1;-1;32;44;52;76;96;32;76;84;56;9.53;2.3;3.92;3.39;TPV;KTP;1.38;1.36;1.25;1.46;0.69;1.62;69;56;48;24;4;62;58;49;1.5;1.47;2.97;1875;27;Y;N;N;N;N;N;N
728334;416;424;2019;complete;4288;0;-1;85;12,44,80;1;3;4;4;5;9;1;3;4;1;0;0;5;5;2;2;7;7;21;11;45;55;4;1;3.78;3.98;1.77;1.02;1.14;1.48;2.1;3.75;19;5.5;2.6;1.67;1.25;1.41;2.5;5.25;1.09;3.4;1.3;2;1.25;1.18;4.33;2.5;2.25;3.4;2.75;2.1;0;0;0;0;0;0;0;0;0;0;0;0;0;0;0;2.25;14;1.61;6.5;3.85;1.24;2.09;4.62;9;3.86;1.69;1.19;1.06;1.11;1.71;2.86;6.05;6.1;2.06;1.41;1.12;0;0;0;0;4;0;2;1;1;2;2;2019-09-14 12:00:00;424;0;57;23;19;0;1;1;2;4;2;1;6;3;2;0;2;1;2;3;1;49;65;83;103;1.15;1.27;2.42;0;0;0;0;0;0;1;1;0;0;0;0;0;0;-1;-1;-1;-1;-1;-1;-1;-1;-1;28;48;62;75;90;43;76;85;57;11.47;4.05;3.15;3.21;Jaro;Haka;1.93;2.69;1.91;2.6;1.64;2.82;72;53;39;25;10;56;50;36;2.02;1.58;3.6;1875;27;Y;Y;Y;Y;N;N;Y
728335;425;415;2019;complete;4288;0;-1;;;0;0;0;3;9;12;-1;-1;1;1;0;0;3;3;4;3;7;6;11;12;47;53;1;1;2.97;3.32;2.26;1.05;1.25;1.85;3.25;6;11;3.75;1.95;1.33;1.12;1.62;2.05;3.65;1.19;3.25;1.33;1.57;1.3;1.36;3.5;2.2;3;2.9;2.5;2.55;0;0;0;0;0;0;0;0;0;0;0;0;0;0;0;2.1;9.5;1.8;4.95;3.75;1.39;2.7;6.3;15;2.85;1.43;1.08;1.02;1.2;1.95;4.06;9;4.36;1.69;1.23;1.06;0;0;0;0;0;0;0;0;0;0;0;2019-09-14 12:00:00;-1;0;43;10;24;0;1;1;1;4;2;5;5;7;0;0;1;1;0;2;1;63;62;82;94;1.11;1.04;2.15;0;0;0;0;0;0;1;1;0;0;0;0;0;0;-1;-1;-1;-1;-1;-1;-1;-1;-1;10;24;43;48;82;20;58;72;38;13.36;0.65;3.53;2.11;Oulu;TPS;0.71;2.15;0.45;2.3;0.91;2.18;91;76;57;52;19;50;44;44;1.65;1.93;3.58;1875;27;N;N;N;N;N;N;N
728336;423;9764;2019;complete;4288;0;-1;49;;1;0;1;6;3;9;1;1;1;2;0;0;5;3;5;2;10;5;10;10;54;46;1;2;2.21;3.73;2.79;1.02;1.14;1.5;2.1;3.5;21;5.5;2.5;1.67;1.29;1.37;2.6;3.95;1.16;5;1.17;1.44;1.22;1.62;2.75;2.5;3.2;2.5;2.75;2.7;0;0;0;0;0;0;0;0;0;0;0;0;0;0;0;1.73;15;2.1;4.6;5.5;1.19;2.05;4.45;9.75;3.65;1.61;1.13;1.04;1.12;1.72;2.96;6.05;5.8;2.05;1.39;1.12;0;0;0;0;1;0;0;1;0;1;0;2019-09-14 12:00:00;423;0;73;23;50;0;1;1;2;2;4;1;4;5;1;0;0;2;1;2;1;48;55;103;106;1.34;0.94;2.27;0;0;0;0;0;0;1;1;0;0;0;1;1;0;-1;-1;-1;-1;-1;-1;-1;-1;-1;32;45;69;87;96;36;78;87;64;10.3;0.27;3.37;3.64;EIF;TPV;1.29;0.21;1.27;0.27;1.05;0.82;69;55;32;14;5;73;68;53;1.62;1.27;2.89;1875;27;Y;N;N;N;N;N;N
728337;418;9766;2019;complete;4288;0;-1;41,78,89;8,61;3;2;5;-1;-1;-1;-1;-1;1;1;0;0;-1;-1;-1;-1;-1;-1;-1;-1;-1;-1;1;1;2.94;3.9;2.07;1.01;1.1;1.36;1.83;3;26;7;3.1;1.83;1.36;1.3;2.9;5.65;1.07;4.5;1.18;1.67;1.22;1.36;3.2;2.6;2.62;3.1;2.85;2.15;0;0;0;0;0;0;0;0;0;0;0;0;0;0;0;2.1;16;1.67;6.7;4.5;1.17;1.91;3.8;7.5;4.4;1.83;1.23;1.07;1.07;1.57;2.65;5;6.8;2.31;1.45;1.14;0;0;0;0;5;1;1;2;1;3;2;2019-09-14 12:00:00;418;0;66;14;43;0;-1;1;-1;-1;-1;-1;-1;-1;0;0;1;1;0;2;-1;0;0;0;0;0;0;0;0;0;0;0;0;0;1;1;0;1;-1;-1;0;0;-1;-1;-1;-1;-1;-1;-1;-1;-1;19;52;76;91;96;38;67;82;77;7.62;1.54;2.85;3.5;MYPA;MuSa;0.92;1.14;0.6;1.36;0.59;1.59;82;48;25;10;5;73;63;42;1.09;1.31;2.4;1875;27;Y;Y;Y;Y;Y;N;Y
728338;6987;426;2019;complete;4288;0;-1;11,14,34,83;19,29,59,85,87;4;5;9;-1;-1;-1;-1;-1;1;2;0;0;-1;-1;-1;-1;-1;-1;-1;-1;-1;-1;1;2;2.15;3.75;2.87;1.02;1.12;1.44;2;3.5;21;6;2.7;1.73;1.29;1.43;2.7;3.95;1.17;5.5;1.14;1.4;1.29;1.62;2.75;2.5;3.2;2.35;2.8;2.8;0;0;0;0;0;0;0;0;0;0;0;0;0;0;0;1.77;14.5;2;4.55;5.9;1.19;2.05;4.45;9.75;3.65;1.59;1.13;1.06;1.11;1.69;2.9;6;5.5;2.09;1.36;1.11;0;0;0;0;9;3;2;1;3;4;5;2019-09-14 12:00:00;426;0;48;19;33;0;-1;1;-1;-1;-1;-1;-1;-1;0;0;1;2;0;3;-1;0;0;0;0;0;0;0;0;0;0;0;0;0;1;1;0;0;-1;-1;0;0;-1;-1;-1;-1;-1;-1;-1;-1;-1;18;33;53;77;95;33;67;86;53;8.6;0;3.71;2.94;Kajaani;KTP;0.62;1.36;0.8;1.18;0.95;1.45;82;67;48;24;5;40;40;35;1.33;1.45;2.78;1875;27;Y;Y;Y;Y;Y;Y;Y
