ID;HOMEID;AWAYID;SEASON;STATUS;ROUNDID;GAME_WEEK;REVISED_GAME_WEEK;HOMEGOALS;AWAYGOALS;HOMEGOALCOUNT;AWAYGOALCOUNT;TOTALGOALCOUNT;TEAM_A_CORNERS;TEAM_B_CORNERS;TOTALCORNERCOUNT;TEAM_A_OFFSIDES;TEAM_B_OFFSIDES;TEAM_A_YELLOW_CARDS;TEAM_B_YELLOW_CARDS;TEAM_A_RED_CARDS;TEAM_B_RED_CARDS;TEAM_A_SHOTSONTARGET;TEAM_B_SHOTSONTARGET;TEAM_A_SHOTSOFFTARGET;TEAM_B_SHOTSOFFTARGET;TEAM_A_SHOTS;TEAM_B_SHOTS;TEAM_A_FOULS;TEAM_B_FOULS;TEAM_A_POSSESSION;TEAM_B_POSSESSION;TEAM_A_CARDS_NUM;TEAM_B_CARDS_NUM;ODDS_FT_1;ODDS_FT_X;ODDS_FT_2;ODDS_FT_OVER05;ODDS_FT_OVER15;ODDS_FT_OVER25;ODDS_FT_OVER35;ODDS_FT_OVER45;ODDS_FT_UNDER05;ODDS_FT_UNDER15;ODDS_FT_UNDER25;ODDS_FT_UNDER35;ODDS_FT_UNDER45;ODDS_BTTS_YES;ODDS_BTTS_NO;ODDS_TEAM_A_CS_YES;ODDS_TEAM_A_CS_NO;ODDS_TEAM_B_CS_YES;ODDS_TEAM_B_CS_NO;ODDS_DOUBLECHANCE_1X;ODDS_DOUBLECHANCE_12;ODDS_DOUBLECHANCE_X2;ODDS_1ST_HALF_RESULT_1;ODDS_1ST_HALF_RESULT_X;ODDS_1ST_HALF_RESULT_2;ODDS_2ND_HALF_RESULT_1;ODDS_2ND_HALF_RESULT_X;ODDS_2ND_HALF_RESULT_2;ODDS_DNB_1;ODDS_DNB_2;ODDS_CORNERS_OVER_75;ODDS_CORNERS_OVER_85;ODDS_CORNERS_OVER_95;ODDS_CORNERS_OVER_105;ODDS_CORNERS_OVER_115;ODDS_CORNERS_UNDER_75;ODDS_CORNERS_UNDER_85;ODDS_CORNERS_UNDER_95;ODDS_CORNERS_UNDER_105;ODDS_CORNERS_UNDER_115;ODDS_CORNERS_1;ODDS_CORNERS_X;ODDS_CORNERS_2;ODDS_TEAM_TO_SCORE_FIRST_1;ODDS_TEAM_TO_SCORE_FIRST_X;ODDS_TEAM_TO_SCORE_FIRST_2;ODDS_WIN_TO_NIL_1;ODDS_WIN_TO_NIL_2;ODDS_1ST_HALF_OVER05;ODDS_1ST_HALF_OVER15;ODDS_1ST_HALF_OVER25;ODDS_1ST_HALF_OVER35;ODDS_1ST_HALF_UNDER05;ODDS_1ST_HALF_UNDER15;ODDS_1ST_HALF_UNDER25;ODDS_1ST_HALF_UNDER35;ODDS_2ND_HALF_OVER05;ODDS_2ND_HALF_OVER15;ODDS_2ND_HALF_OVER25;ODDS_2ND_HALF_OVER35;ODDS_2ND_HALF_UNDER05;ODDS_2ND_HALF_UNDER15;ODDS_2ND_HALF_UNDER25;ODDS_2ND_HALF_UNDER35;ODDS_BTTS_1ST_HALF_YES;ODDS_BTTS_1ST_HALF_NO;ODDS_BTTS_2ND_HALF_YES;ODDS_BTTS_2ND_HALF_NO;OVERALLGOALCOUNT;HT_GOALS_TEAM_A;HT_GOALS_TEAM_B;GOALS_2HG_TEAM_A;GOALS_2HG_TEAM_B;GOALCOUNT_2HG;HTGOALCOUNT;DATE_UNIX;WINNINGTEAM;NO_HOME_AWAY;BTTS_POTENTIAL;BTTS_FHG_POTENTIAL;BTTS_2HG_POTENTIAL;GOALTIMINGDISABLED;CORNER_TIMINGS_RECORDED;CARD_TIMINGS_RECORDED;TEAM_A_FH_CORNERS;TEAM_B_FH_CORNERS;TEAM_A_2H_CORNERS;TEAM_B_2H_CORNERS;CORNER_FH_COUNT;CORNER_2H_COUNT;TEAM_A_FH_CARDS;TEAM_B_FH_CARDS;TEAM_A_2H_CARDS;TEAM_B_2H_CARDS;TOTAL_FH_CARDS;TOTAL_2H_CARDS;ATTACKS_RECORDED;TEAM_A_DANGEROUS_ATTACKS;TEAM_B_DANGEROUS_ATTACKS;TEAM_A_ATTACKS;TEAM_B_ATTACKS;TEAM_A_XG;TEAM_B_XG;TOTAL_XG;TEAM_A_PENALTIES_WON;TEAM_B_PENALTIES_WON;TEAM_A_PENALTY_GOALS;TEAM_B_PENALTY_GOALS;TEAM_A_PENALTY_MISSED;TEAM_B_PENALTY_MISSED;PENS_RECORDED;GOAL_TIMINGS_RECORDED;TEAM_A_0_10_MIN_GOALS;TEAM_B_0_10_MIN_GOALS;TEAM_A_CORNERS_0_10_MIN;TEAM_B_CORNERS_0_10_MIN;TEAM_A_CARDS_0_10_MIN;TEAM_B_CARDS_0_10_MIN;THROWINS_RECORDED;TEAM_A_THROWINS;TEAM_B_THROWINS;FREEKICKS_RECORDED;TEAM_A_FREEKICKS;TEAM_B_FREEKICKS;GOALKICKS_RECORDED;TEAM_A_GOALKICKS;TEAM_B_GOALKICKS;O45_POTENTIAL;O35_POTENTIAL;O25_POTENTIAL;O15_POTENTIAL;O05_POTENTIAL;O15HT_POTENTIAL;O05HT_POTENTIAL;O05_2H_POTENTIAL;O15_2H_POTENTIAL;CORNERS_POTENTIAL;OFFSIDES_POTENTIAL;CARDS_POTENTIAL;AVG_POTENTIAL;HOME_NAME;AWAY_NAME;HOME_PPG;AWAY_PPG;PRE_MATCH_HOME_PPG;PRE_MATCH_AWAY_PPG;PRE_MATCH_TEAMA_OVERALL_PPG;PRE_MATCH_TEAMB_OVERALL_PPG;U45_POTENTIAL;U35_POTENTIAL;U25_POTENTIAL;U15_POTENTIAL;U05_POTENTIAL;CORNERS_O85_POTENTIAL;CORNERS_O95_POTENTIAL;CORNERS_O105_POTENTIAL;TEAM_A_XG_PREMATCH;TEAM_B_XG_PREMATCH;TOTAL_XG_PREMATCH;COMPETITION_ID;MATCHES_COMPLETED_MINIMUM;OVER05;OVER15;OVER25;OVER35;OVER45;OVER55;BTTS
347731;6986;416;2018;complete;2490;0;-1;;14,90;0;2;2;7;7;14;4;4;1;1;0;0;5;4;4;5;9;9;6;9;55;45;1;1;3.58;3.62;2.08;1.02;1.24;1.77;2.95;0;0;0;0;0;0;1.77;2.05;5;1.16;2.75;1.39;0;0;0;0;0;0;0;0;0;0;0;0;0;0;0;0;0;0;0;0;0;0;0;0;2.6;13;1.53;8;3.25;0;0;0;0;0;0;0;0;1.33;2.62;6.5;19;3.25;1.44;1.11;1.02;0;0;0;0;2;0;1;0;1;1;1;2018-04-28 14:00:00;416;0;0;0;0;0;1;1;6;4;1;3;10;4;0;0;1;1;0;2;1;80;72;113;97;1.5;1.37;2.87;0;0;0;0;0;0;1;1;0;0;1;0;0;0;-1;-1;-1;-1;-1;-1;-1;-1;-1;0;0;0;0;0;0;0;0;0;0;0;0;0;Klubi-04;Jaro;1;1.62;0;0;0;0;0;0;0;0;0;0;0;0;0;0;0;1192;27;Y;Y;N;N;N;N;N
347732;403;421;2018;complete;2490;0;-1;;;0;0;0;4;2;6;2;3;4;4;0;0;4;9;6;10;10;19;22;14;51;49;4;4;3.34;3.48;2.23;1.03;1.29;1.91;3.3;0;0;0;0;0;0;1.87;1.95;4;1.22;2.75;1.39;0;0;0;0;0;0;0;0;0;0;0;0;0;1.9;0;0;0;0;1.8;0;0;0;0;0;2.29;10;1.72;6;3.75;0;0;0;0;0;0;0;0;1.39;3;8;21;2.75;1.36;1.08;1.01;0;0;0;0;0;0;0;0;0;0;0;2018-04-28 15:00:00;-1;0;0;0;0;0;1;1;1;1;3;1;2;4;2;3;2;1;5;3;1;19;44;41;73;1.05;2.14;3.18;0;0;0;0;0;0;1;1;0;0;0;0;0;1;-1;-1;-1;-1;-1;-1;-1;-1;-1;0;0;0;0;0;0;0;0;0;0;0;0;0;JJK;KPV;0.86;1.31;0;0;0;0;0;0;0;0;0;0;0;0;0;0;0;1192;27;N;N;N;N;N;N;N
347733;423;426;2018;complete;2490;0;-1;18;;1;0;1;4;2;6;0;1;3;5;1;0;3;9;9;3;12;12;19;10;40;60;4;5;2.15;3.54;3.47;1.02;1.23;1.74;2.9;4.75;7.5;3.55;1.95;1.4;1.15;1.71;2.15;0;0;0;0;1.25;1.25;1.65;2.72;2.18;3.92;2.45;2.4;3.4;0;0;0;0;0;0;0;0;0;0;0;0;0;0;0;1.7;12;2.1;0;0;0;0;0;0;0;0;0;0;1.36;2.65;6.5;17;2.9;1.47;1.09;1.01;0;0;0;0;1;1;0;0;0;0;1;2018-04-28 14:00:00;423;0;0;0;0;0;1;1;2;1;2;1;3;3;1;1;3;4;2;7;1;38;55;92;110;1.25;1.79;3.04;0;0;0;0;0;0;1;1;0;0;0;0;0;0;-1;-1;-1;-1;-1;-1;-1;-1;-1;0;0;0;0;0;0;0;0;0;0;0;0;0;EIF;KTP;2.08;0.64;0;0;0;0;0;0;0;0;0;0;0;0;0;0;0;1192;27;Y;N;N;N;N;N;N
347734;6987;425;2018;complete;2490;0;-1;46,60;50;2;1;3;2;5;7;-1;-1;0;2;0;0;9;6;5;3;14;9;-1;-1;50;50;0;2;3.34;3.62;2.18;1.02;1.21;1.71;2.75;4.25;7.5;4;2.1;1.45;1.18;1.67;2.2;4.33;1.19;3.5;1.28;1.65;1.25;1.25;3.66;2.25;2.75;3.3;2.45;2.45;0;0;0;0;0;0;0;0;0;0;0;0;0;0;0;2.05;13;1.7;6;4.33;0;0;0;0;0;0;0;0;1.33;2.55;6.5;19;3.25;1.5;1.11;1.02;0;0;0;0;3;0;0;2;1;3;0;2018-04-28 14:00:00;6987;0;0;0;0;0;1;1;0;2;2;3;2;5;0;1;0;1;1;1;1;60;90;112;141;1.95;1.65;3.6;0;0;0;0;0;0;1;1;0;0;0;1;0;0;-1;-1;-1;-1;-1;-1;-1;-1;-1;0;0;0;0;0;0;0;0;0;0;0;0;0;Kajaani;Oulu;1;1.23;0;0;0;0;0;0;0;0;0;0;0;0;0;0;0;1192;27;Y;Y;Y;N;N;N;Y
347735;424;404;2018;complete;2490;0;-1;28;37,82;1;2;3;7;4;11;-1;-1;0;5;0;0;4;7;6;5;10;12;-1;-1;50;50;0;5;2.76;3.43;2.62;1.02;1.24;1.77;2.95;4.75;7;3.55;1.95;1.4;1.15;1.71;2.15;3.5;1.28;3.5;1.28;1.5;1.2;1.4;3.54;2.14;3.02;3;2.4;2.8;0;0;0;0;0;0;0;0;0;0;0;0;0;0;0;1.95;11;1.85;5;4.5;0;0;0;0;0;0;0;0;1.4;2.61;6.5;21;2.8;1.48;1.08;1.01;0;0;0;0;3;1;1;0;1;1;2;2018-04-28 14:00:00;404;0;0;0;0;0;1;1;2;2;5;2;4;7;0;2;0;3;2;3;1;54;73;80;103;1.3;1.78;3.08;1;0;1;0;0;0;1;1;0;0;0;0;0;1;-1;-1;-1;-1;-1;-1;-1;-1;-1;0;0;0;0;0;0;0;0;0;0;0;0;0;Haka;HIFK;2;1.77;0;0;0;0;0;0;0;0;0;0;0;0;0;0;0;1192;27;Y;Y;Y;N;N;N;Y
347736;416;421;2018;complete;2490;0;-1;62;39,57,81;1;3;4;4;4;8;2;2;3;2;0;0;6;6;7;4;13;10;14;10;52;48;3;2;2.28;3.39;3.33;1.03;1.29;1.91;3.3;0;0;0;0;0;0;1.8;2;3.39;1.3;4;1.22;0;0;0;0;0;0;0;0;0;0;0;0;0;0;0;0;0;0;0;0;0;0;0;0;1.8;11;2.2;4.5;6;0;0;0;0;0;0;0;0;1.36;2.62;7;19;3;1.44;1.1;1.02;0;0;0;0;4;0;1;1;2;3;1;2018-05-05 13:00:00;421;0;0;0;0;0;1;1;1;1;3;3;2;6;2;1;1;1;3;2;1;37;28;64;55;1.5;1.25;2.76;0;0;0;0;0;0;1;1;0;0;1;1;1;0;-1;-1;-1;-1;-1;-1;-1;-1;-1;0;0;0;0;0;0;0;0;0;2;3;4;0;Jaro;KPV;1.21;1.31;0;1;3;1;50;50;50;50;50;0;0;0;0;2.14;2.14;1192;27;Y;Y;Y;Y;N;N;Y
347737;6987;426;2018;complete;2490;0;-1;84;35,61,63;1;3;4;8;6;14;-1;-1;5;5;0;0;5;5;5;6;10;11;-1;-1;50;50;5;5;2.19;3.56;3.36;1.02;1.21;1.69;2.75;5;13;4;2.11;1.44;1.17;1.65;2.25;0;0;0;0;1.01;1.01;1.57;2.62;2.2;3.75;2.4;2.5;3.4;0;0;0;0;0;0;0;0;0;0;0;0;0;0;0;1.87;13;2.1;0;0;0;0;0;0;0;0;0;0;1.36;2.47;5.8;17;3.45;1.53;1.08;1.01;0;0;0;0;4;0;1;1;2;3;1;2018-05-05 14:00:00;426;0;50;0;50;0;1;1;6;2;2;4;8;6;2;0;3;5;2;8;1;85;59;111;101;1.6;1.48;3.07;0;0;0;0;0;0;1;1;0;0;2;0;0;0;-1;-1;-1;-1;-1;-1;-1;-1;-1;0;0;50;50;100;0;50;50;50;4;0;5;2;Kajaani;KTP;1;0.64;3;0;3;0;100;100;50;50;0;0;0;0;1.95;1.79;3.74;1192;27;Y;Y;Y;Y;N;N;Y
347738;6986;403;2018;complete;2490;0;-1;45,80;88;2;1;3;6;2;8;1;3;0;1;0;0;10;3;6;3;16;6;14;12;57;43;0;1;3.17;3.47;2.32;1.02;1.22;1.74;2.85;5.5;12;4;2.05;1.39;1.14;1.69;2.15;4.5;1.18;3.25;1.33;0;0;0;0;0;0;0;0;0;0;0;0;0;0;0;0;0;0;0;0;0;0;0;0;2.25;12;1.72;6.5;4;0;0;0;0;0;0;0;0;1.36;2.62;6.5;19;3;1.44;1.11;1.02;0;0;0;0;3;1;0;1;1;2;1;2018-05-06 15:30:00;6986;0;0;0;0;0;1;1;3;1;3;1;4;4;0;0;0;1;0;1;1;101;66;177;130;2.45;1.08;3.54;0;0;0;0;0;0;1;1;0;0;1;0;0;0;-1;-1;-1;-1;-1;-1;-1;-1;-1;0;0;0;50;50;0;50;50;0;7;4;1;1;Klubi-04;JJK;1;0.62;0;0;0;1;50;50;50;0;0;50;50;50;1.5;0;1.5;1192;27;Y;Y;Y;N;N;N;Y
347739;423;424;2018;complete;2490;0;-1;;;0;0;0;5;4;9;2;2;3;1;0;1;4;4;2;3;6;7;14;9;57;43;3;3;2.22;3.52;3.32;1.02;1.23;1.77;2.9;6.5;10;3.8;2.03;1.36;1.11;1.69;2.15;3.39;1.3;4;1.22;1.38;1.33;1.6;2.88;2.1;3.4;2.6;2.45;3.25;0;0;0;0;0;0;0;0;0;0;0;0;0;0;0;1.72;11;2.2;4.33;5.5;0;0;0;0;0;0;0;0;1.33;2.63;6.5;19;3;1.44;1.09;1.02;0;0;0;0;0;0;0;0;0;0;0;2018-05-06 15:30:00;-1;0;0;0;0;0;1;1;4;2;1;2;6;3;1;1;2;1;2;3;1;49;35;130;106;1.03;0.99;2.02;0;0;0;0;0;0;1;1;0;0;0;0;0;0;-1;-1;-1;-1;-1;-1;-1;-1;-1;0;0;0;0;50;0;50;0;0;4;0;4;0.5;EIF;Haka;2.08;1.21;3;0;3;0;50;50;50;50;0;0;0;0;1.25;0;1.25;1192;27;N;N;N;N;N;N;N
347740;425;404;2018;complete;2490;0;-1;25,74,90;66;3;1;4;5;8;13;2;3;0;0;0;0;5;6;3;8;8;14;15;7;52;48;0;0;2.43;3.39;3.04;1.04;1.29;1.96;3.36;7;11.5;3.72;1.94;1.33;1.1;1.74;2.1;3.75;1.25;0;0;1.4;1.2;1.5;3.22;2.15;3.28;2.88;2.44;3.1;0;0;0;0;1.72;0;0;0;0;2;0;0;0;0;0;2;11.75;2.02;5;4.75;1.36;2.75;7;21;3;1.39;1.1;1.01;1.4;2.73;7;21;2.75;1.44;1.07;1.01;0;0;0;0;4;1;0;2;1;3;1;2018-05-09 15:30:00;425;0;50;50;0;0;1;-1;0;5;5;3;5;8;0;0;0;0;0;0;1;47;55;96;100;1.2;1.7;2.91;0;0;0;0;0;0;1;1;0;0;0;1;-1;-1;-1;-1;-1;-1;-1;-1;-1;-1;-1;0;0;50;50;50;50;50;50;0;4;0;5;1.5;Oulu;HIFK;2;1.77;0;3;0;3;50;50;0;0;0;50;50;50;0;1.78;1.78;1192;27;Y;Y;Y;Y;N;N;Y
347741;403;423;2018;complete;2490;0;-1;4,16;13,38;2;2;4;1;3;4;-1;-1;1;4;0;0;4;3;5;6;9;9;-1;-1;50;50;1;4;2.35;3.38;3.18;1.03;1.27;1.87;3.2;8;10.25;3.36;1.8;1.27;1.08;1.77;2.05;3.25;1.33;4;1.22;1.25;1.25;1.65;3.02;2.09;3.68;2.72;2.35;3.48;0;0;0;0;0;0;0;0;0;0;0;0;0;0;0;1.91;10.25;2.18;4;5.5;0;0;0;0;0;0;0;0;1.4;3;8.6;21;2.91;1.28;1.03;1.01;0;0;0;0;4;2;2;0;0;0;4;2018-05-13 15:30:00;-1;0;0;0;0;0;1;1;1;2;0;1;3;1;1;0;0;4;1;4;1;65;63;94;84;1.32;1.23;2.56;0;0;0;0;0;0;1;1;1;0;0;1;0;0;-1;-1;-1;-1;-1;-1;-1;-1;-1;0;0;0;0;0;0;0;0;0;4;2;4;0;JJK;EIF;0.86;1.57;1;0;0.5;2;50;50;50;50;50;0;0;0;1.05;0;1.05;1192;27;Y;Y;Y;Y;N;N;Y
347742;421;6987;2018;complete;2490;0;-1;9,30;26;2;1;3;7;6;13;3;4;1;3;0;1;5;5;2;3;7;8;13;21;55;45;1;5;1.53;4.34;6.52;1.01;1.18;1.61;2.5;0;0;0;0;0;0;1.74;2.1;2.37;1.53;7;1.1;0;0;0;2.1;2.39;5;0;0;0;0;0;0;0;0;0;0;0;0;0;0;0;0;0;0;1.36;15;3.1;2.75;11;0;0;0;0;0;0;0;0;1.3;2.5;6;17;3.39;1.5;1.12;1.02;0;0;0;0;3;2;1;0;0;0;3;2018-05-13 15:30:00;421;0;0;0;0;0;1;1;6;2;1;4;8;5;1;0;0;4;1;4;1;22;23;53;40;0.95;1.02;1.97;0;0;0;0;0;0;1;1;1;0;0;0;0;0;-1;-1;-1;-1;-1;-1;-1;-1;-1;0;0;0;0;0;0;0;0;0;0;0;0;0;KPV;Kajaani;2.5;0.79;0;0;2;1.5;0;0;0;0;0;0;0;0;0;0;0;1192;27;Y;Y;Y;N;N;N;Y
347743;426;6986;2018;complete;2490;0;-1;;;0;0;0;0;0;0;1;6;2;1;0;0;9;5;9;9;18;14;18;12;41;59;2;1;1.85;3.8;4.26;1.02;1.22;1.71;2.8;0;0;0;0;0;0;1.71;2.15;0;0;0;0;0;0;0;0;0;0;0;0;0;0;0;0;0;0;0;0;0;0;0;0;0;0;0;0;0;0;0;0;0;0;0;0;0;0;0;0;0;0;0;0;0;0;0;0;0;0;0;0;0;0;0;0;0;0;0;0;2018-05-14 15:30:00;-1;0;0;0;0;0;-1;1;-1;-1;-1;-1;-1;-1;0;0;2;1;0;3;1;26;41;44;71;1.94;1.53;3.47;0;0;0;0;0;0;1;1;0;0;-1;-1;0;0;-1;-1;-1;-1;-1;-1;-1;-1;-1;0;0;0;0;0;0;0;0;0;0;0;0;0;KTP;Klubi-04;1.54;0.43;0;0;1.5;1.5;0;0;0;0;0;0;0;0;0;0;0;1192;27;N;N;N;N;N;N;N
347744;404;416;2018;complete;2490;0;-1;44,69;66;2;1;3;6;4;10;1;1;2;0;0;0;9;5;7;7;16;12;14;18;44;56;2;0;2.19;3.57;3.27;1.02;1.24;1.77;2.95;5.75;13.75;4.05;2.13;1.41;1.14;1.71;2.15;3.25;1.33;4;1.22;1.36;1.31;1.66;2.71;2.22;3.82;2.47;2.49;3.64;0;0;0;0;1.83;0;0;0;0;1.83;0;0;0;0;0;1.77;13.75;2.26;4;6;0;0;0;0;0;0;0;0;1.36;2.53;7;19;3;1.51;1.1;1.02;0;0;0;0;3;1;0;1;1;2;1;2018-05-14 15:30:00;404;0;0;0;0;0;1;1;3;1;3;3;4;6;0;0;2;0;0;2;1;42;47;114;120;1.95;1.46;3.41;0;0;0;0;0;0;1;1;0;0;0;0;0;0;-1;-1;-1;-1;-1;-1;-1;-1;-1;0;0;0;50;50;0;50;50;0;7;4;1;1;HIFK;Jaro;2.21;1.62;0;3;1.5;1.5;50;50;50;0;0;50;50;50;0;1.37;1.37;1192;27;Y;Y;Y;N;N;N;Y
347745;424;425;2018;complete;2490;0;-1;7,19;;2;0;2;3;7;10;-1;-1;2;2;0;0;5;4;2;5;7;9;-1;-1;50;50;2;2;2.75;3.56;2.5;1;1.04;1.22;1.61;5.35;14.25;4.4;2.19;1.44;1.16;1.33;3.15;3.5;1.28;3.75;1.25;1.5;1.2;1.4;3.04;2.24;3.28;2.85;2.55;2.85;0;0;0;0;1.83;0;0;0;0;1.83;0;0;0;0;0;1.8;12;2.1;4.75;5;0;0;0;0;0;0;0;0;1.36;2.45;7;19;3;1.54;1.1;1.02;0;0;0;0;2;2;0;0;0;0;2;2018-05-16 15:30:00;424;0;100;50;50;0;1;1;2;3;1;4;5;5;1;1;1;1;2;2;1;55;75;108;110;1.2;1.4;2.6;0;0;0;0;0;0;1;1;1;0;0;0;0;0;-1;-1;-1;-1;-1;-1;-1;-1;-1;0;0;100;100;100;50;50;100;50;12;0;2;3;Haka;Oulu;2;1.23;0;0;0.5;1.5;100;100;0;0;0;50;50;50;1.3;1.65;2.95;1192;27;Y;Y;N;N;N;N;N
347746;404;6986;2018;complete;2490;0;-1;67,90;;2;0;2;7;4;11;1;0;5;2;0;0;5;2;8;4;13;6;18;14;43;57;5;2;1.67;4.02;5.31;0;0;0;0;0;0;0;0;0;0;1.8;1.9;2.37;1.53;6.5;1.11;0;0;0;0;0;0;0;0;0;0;0;0;0;0;1.9;0;0;0;0;1.8;0;0;0;0;1.4;13;3.1;2.75;10;0;0;0;0;0;0;0;0;1.33;2.5;6.5;17;3.25;1.5;1.11;1.02;0;0;0;0;2;0;0;2;0;2;0;2018-05-21 15:30:00;404;0;50;0;50;0;1;1;4;2;3;2;6;5;2;1;3;1;3;4;1;60;23;116;110;1.61;0.71;2.32;0;0;0;0;0;0;1;1;0;0;0;1;0;0;-1;-1;-1;-1;-1;-1;-1;-1;-1;0;0;50;50;50;0;50;50;50;6;7;3;1.5;HIFK;Klubi-04;2.21;0.43;3;1;2;1.33;100;100;50;50;50;50;50;0;1.95;1.53;3.48;1192;27;Y;Y;N;N;N;N;N
347747;403;416;2018;complete;2490;0;-1;5,7,90;14,27,44,50,90;3;5;8;4;5;9;0;0;0;4;0;0;7;11;9;10;16;21;7;13;49;51;0;4;2.66;3.37;2.7;1.03;1.27;1.87;3.2;7.1;12;3.6;1.9;1.31;1.1;1.77;2.05;3.75;1.25;3.25;1.33;1.54;1.33;1.42;3.7;2.14;2.91;3.2;2.36;2.9;0;0;0;0;1.83;0;0;0;0;1.83;0;0;0;0;0;2.15;10;1.87;5.5;4.33;0;0;0;0;0;0;0;0;1.37;3;8;21;3.05;1.38;1.08;1.01;0;0;0;0;8;2;3;1;2;3;5;2018-05-21 15:30:00;416;0;50;25;25;0;1;1;2;3;2;2;5;4;0;2;0;2;2;2;1;28;34;44;57;1.69;2.33;4.02;0;0;0;0;0;0;1;1;2;0;0;0;0;1;-1;-1;-1;-1;-1;-1;-1;-1;-1;0;25;50;75;75;25;75;50;25;8;3;3;2.25;JJK;Jaro;0.86;1.62;1;1.5;0.67;1;100;75;50;25;25;50;50;25;1.18;1.42;2.6;1192;27;Y;Y;Y;Y;Y;Y;Y
347748;421;423;2018;complete;2490;0;-1;;;0;0;0;1;6;7;-1;-1;4;1;0;0;3;4;3;5;6;9;-1;-1;50;50;4;1;1.63;4.01;5.55;0;0;0;0;0;0;0;0;0;0;1.8;1.9;2.5;1.5;4.5;1.18;0;0;0;0;0;0;0;0;0;0;0;0;0;0;0;0;0;0;0;0;0;0;0;0;1.53;11;2.62;3.1;7.5;0;0;0;0;0;0;0;0;1.36;2.75;7;21;3;1.4;1.1;1.01;0;0;0;0;0;0;0;0;0;0;0;2018-05-21 15:30:00;-1;0;100;100;0;0;1;1;0;2;1;4;2;5;0;0;4;1;0;5;1;117;99;134;136;1.44;1.57;3.01;0;0;0;0;0;0;1;1;0;0;0;1;0;0;-1;-1;-1;-1;-1;-1;-1;-1;-1;0;50;100;100;100;100;100;0;0;10;2;5;3.5;KPV;EIF;2.5;1.57;3;1;2.33;1.67;100;50;0;0;0;50;50;50;0.95;1.23;2.18;1192;27;N;N;N;N;N;N;N
347749;425;426;2018;complete;2490;0;-1;6,82;;2;0;2;6;8;14;3;4;1;3;0;0;6;4;1;4;7;8;15;7;51;49;1;3;1.92;3.71;4.06;1.02;1.23;1.77;2.9;5.75;15.5;4.3;2.14;1.4;1.14;1.74;2.1;0;0;0;0;1.25;1.29;1.83;2.47;2.27;4.25;2.23;2.52;4.25;0;0;0;0;0;0;0;0;0;0;0;0;0;0;0;1.7;12;2.4;0;0;0;0;0;0;0;0;0;0;1.33;2.55;6;21;3.1;1.5;1.1;1.01;0;0;0;0;2;1;0;1;0;1;1;2018-05-21 15:30:00;425;0;75;0;75;0;1;1;5;3;1;5;8;6;0;1;1;2;1;3;1;42;42;87;87;1.17;1.1;2.27;0;0;0;0;0;0;1;1;1;0;1;0;0;0;-1;-1;-1;-1;-1;-1;-1;-1;-1;0;75;75;75;100;0;100;75;75;9;2;5;3.25;Oulu;KTP;2;0.64;3;1.5;1;1.33;100;25;25;25;0;75;75;75;1.2;1.63;2.83;1192;27;Y;Y;N;N;N;N;N
347750;6987;424;2018;complete;2490;0;-1;19,69;;2;0;2;4;5;9;-1;-1;3;3;0;0;6;2;6;4;12;6;-1;-1;50;50;3;3;2.55;3.58;2.74;1.02;1.2;1.67;2.7;5.25;15.5;4.55;2.22;1.46;1.16;1.65;2.25;4;1.22;3.75;1.25;1.53;1.29;1.47;3.36;2.23;2.98;2.85;2.56;2.95;0;0;0;0;0;0;0;0;0;0;0;0;0;0;0;2.05;13;1.91;5.5;4.75;0;0;0;0;0;0;0;0;1.33;2.45;6.5;19;3.25;1.54;1.11;1.02;0;0;0;0;2;1;0;1;0;1;1;2018-05-21 15:30:00;6987;0;50;0;50;0;1;1;2;1;2;4;3;6;1;0;2;3;1;5;1;66;72;126;121;1.66;1.05;2.72;0;0;0;0;0;0;1;1;0;0;0;0;0;0;-1;-1;-1;-1;-1;-1;-1;-1;-1;0;25;50;50;50;0;25;50;50;9;1;5.5;1.75;Kajaani;Haka;1;1.21;1.5;1;1;1.33;100;75;50;50;50;75;25;25;1.77;0.99;2.76;1192;27;Y;Y;N;N;N;N;N
347751;424;421;2018;complete;2490;0;-1;32,51,85;70;3;1;4;5;3;8;-1;-1;3;2;0;0;6;5;2;6;8;11;-1;-1;50;50;3;2;3.3;3.45;2.25;1.03;1.28;1.91;3.25;0;0;0;0;0;0;1.8;2.05;3.25;1.33;3.4;1.3;0;0;0;0;0;0;0;0;0;0;0;0;0;0;0;0;0;0;0;0;0;0;0;0;1.83;9.5;2.1;4.33;5;0;0;0;0;0;0;0;0;1.44;3;8;23;2.62;1.36;1.08;1.01;0;0;0;0;4;1;0;2;1;3;1;2018-05-24 15:30:00;424;0;50;25;25;0;1;1;3;2;2;1;5;3;2;0;1;2;2;3;1;51;79;81;103;1.3;1.62;2.91;0;0;0;0;0;0;1;1;0;0;1;0;0;0;-1;-1;-1;-1;-1;-1;-1;-1;-1;0;25;50;75;75;50;75;50;25;8;1.5;4;2.25;Haka;KPV;2;1.31;1.5;2;1;2;100;75;50;25;25;50;50;25;1.25;1.7;2.95;1192;27;Y;Y;Y;Y;N;N;Y
347752;423;404;2018;complete;2490;0;-1;;;0;0;0;6;5;11;2;6;3;3;0;0;0;0;3;5;3;5;12;17;48;52;3;3;3.48;3.55;2.14;1.04;1.28;1.98;3.32;6.75;10.5;3.54;1.92;1.31;1.09;1.8;1.9;3.5;1.28;3;1.36;1.7;1.29;1.35;3.72;2.13;2.92;3.6;2.43;2.55;0;0;0;0;0;0;0;0;0;0;0;0;0;0;0;2.2;10;1.8;5;4;0;0;0;0;0;0;0;0;1.36;2.86;8;23;3.08;1.41;1.08;1.01;0;0;0;0;0;0;0;0;0;0;0;2018-05-26 14:00:00;-1;0;50;25;25;0;1;1;4;1;2;4;5;6;1;0;2;3;1;5;1;33;45;85;89;0.44;0.65;1.09;0;0;0;0;0;0;1;1;0;0;0;0;1;0;-1;-1;-1;-1;-1;-1;-1;-1;-1;0;25;50;50;75;25;75;50;25;10.5;2;6;2;EIF;HIFK;2.08;1.77;2;1.5;1.5;2.25;100;75;50;50;25;75;50;50;1.14;1.74;2.88;1192;27;N;N;N;N;N;N;N
347753;416;6987;2018;complete;2490;0;-1;7,48,66,73,87;;5;0;5;3;6;9;4;3;2;2;0;0;6;4;4;3;10;7;13;10;60;40;2;2;1.65;4.14;5.25;1.01;1.15;1.51;2.3;5.1;14;4.5;2.36;1.59;1.15;1.59;2.35;3;1.36;6.5;1.11;1.19;1.25;2.15;2.16;2.42;4.9;2.03;2.66;4.7;0;0;0;0;0;0;0;0;0;0;0;0;0;0;0;1.5;17;2.6;3.4;9;0;0;0;0;0;0;0;0;1.28;2.25;5.5;15;3.62;1.63;1.14;1.03;0;0;0;0;5;1;0;4;0;4;1;2018-05-26 14:00:00;416;0;100;50;50;0;1;1;3;3;0;3;6;3;2;0;0;2;2;2;1;34;14;67;32;1.3;0.82;2.12;1;0;1;0;0;0;1;1;1;0;1;0;0;0;-1;-1;-1;-1;-1;-1;-1;-1;-1;0;50;100;100;100;50;100;50;50;10;6;8;3.5;Jaro;Kajaani;1.21;0.79;0;0;1.5;1.5;100;50;0;0;0;50;50;50;1.5;1.02;2.52;1192;27;Y;Y;Y;Y;Y;N;N
347754;6986;425;2018;complete;2490;0;-1;47;;1;0;1;4;8;12;4;3;3;1;0;0;4;6;7;12;11;18;7;15;50;50;3;1;3.49;3.62;2.11;1.03;1.25;1.8;3.05;0;0;0;0;0;0;1.74;2.1;4.5;1.18;2.62;1.44;0;0;0;0;0;0;0;0;0;0;0;0;0;0;0;0;0;0;0;0;0;0;0;0;2.62;11;1.57;7;3.2;0;0;0;0;0;0;0;0;1.36;2.75;7;21;3;1.4;1.1;1.01;0;0;0;0;1;0;0;1;0;1;0;2018-05-27 15:30:00;6986;0;50;0;50;0;1;1;2;5;2;3;7;5;1;0;2;1;1;3;1;31;59;93;130;1.21;1.99;3.19;0;0;0;0;0;0;1;1;0;0;2;0;0;0;-1;-1;-1;-1;-1;-1;-1;-1;-1;0;0;50;100;100;25;75;75;50;12.5;1.5;2.5;2.5;Klubi-04;Oulu;1;1.23;1.5;0;1;1.5;100;100;50;0;0;50;50;25;1.98;1.52;3.5;1192;27;Y;N;N;N;N;N;N
347755;426;403;2018;complete;2490;0;-1;3,62;65;2;1;3;8;3;11;3;2;1;1;0;0;8;10;6;7;14;17;12;14;51;49;1;1;2.18;3.55;3.37;1.02;1.24;1.8;3;5.75;7;6;2.3;1.4;1.11;1.77;2.05;0;0;0;0;1.25;1.25;1.65;2.56;2.25;4.05;2.34;2.58;3.75;0;0;0;0;0;0;0;0;0;0;0;0;0;0;0;1.73;13;2.35;0;0;0;0;0;0;0;0;0;0;1.33;4.5;6;0;3.05;1.22;1.1;0;0;0;0;0;3;1;0;1;1;2;1;2018-05-28 15:30:00;426;0;50;0;50;0;1;1;4;2;4;1;6;5;0;0;1;1;0;2;1;26;38;46;54;1.62;2.04;3.66;0;0;0;0;0;0;1;1;1;0;0;0;0;0;-1;-1;-1;-1;-1;-1;-1;-1;-1;0;0;50;50;50;0;50;50;50;2;4;3;1.5;KTP;JJK;1.54;0.62;1;0;1;0.5;100;100;50;50;50;0;0;0;1.94;1.08;3.02;1192;27;Y;Y;Y;N;N;N;Y
347756;403;404;2018;complete;2490;0;-1;;3,90;0;2;2;1;7;8;1;2;2;3;0;0;4;8;3;8;7;16;16;15;47;53;2;3;3.82;3.61;2.01;1.02;1.23;1.77;2.9;5.75;10;4.2;2.05;1.4;1.13;1.71;2.15;4.33;1.2;3.25;1.33;1.8;1.25;1.15;3.75;2.1;2.63;3.7;2.4;2.3;0;0;0;0;0;0;0;0;0;0;0;0;0;0;0;2.3;13;1.66;6;4;0;0;0;0;0;0;0;0;1.36;2.62;7;19;3;1.44;1.1;1.02;0;0;0;0;2;0;1;0;1;1;1;2018-06-01 15:30:00;404;0;67;50;33;0;1;1;1;3;0;4;4;4;0;0;2;3;0;5;1;19;37;52;72;0.86;1.83;2.7;0;0;0;0;0;0;1;1;0;1;0;0;0;0;-1;-1;-1;-1;-1;-1;-1;-1;-1;17;50;67;67;67;50;67;50;33;8.67;3;4.34;3.17;JJK;HIFK;0.86;1.77;0.67;1.33;0.4;2;84;50;33;33;33;67;50;50;1.35;1.38;2.73;1192;27;Y;Y;N;N;N;N;N
347757;6986;6987;2018;complete;2490;0;-1;36;16,26,48,90,90;1;5;6;2;1;3;3;2;2;2;1;0;3;10;1;1;4;11;8;14;53;47;3;2;2.56;3.57;2.74;1.02;1.23;1.77;2.9;4.5;15;4.5;2.3;1.5;1.18;1.69;2.15;4.33;1.2;3.75;1.25;0;0;0;3.25;2.37;2.87;0;0;0;0;0;0;0;1.83;1.9;0;0;0;1.83;1.8;0;0;0;0;2.1;15;1.8;6;5;0;0;0;0;0;0;0;0;1.3;2.37;6;17;3.4;1.53;1.12;1.02;0;0;0;0;6;1;2;0;3;3;3;2018-06-02 14:00:00;6987;0;42;25;17;0;1;1;0;1;2;0;1;2;0;1;3;1;1;4;1;44;55;78;95;0.79;1.8;2.58;0;1;0;1;0;0;1;1;0;0;0;0;0;1;-1;-1;-1;-1;-1;-1;-1;-1;-1;25;25;67;84;100;25;84;75;42;11.67;6.5;4.83;3;Klubi-04;Kajaani;1;0.79;2;0;1.4;1.2;75;75;34;17;0;84;59;59;1.72;0.92;2.64;1192;27;Y;Y;Y;Y;Y;Y;Y
347758;416;423;2018;complete;2490;0;-1;;;0;0;0;9;4;13;4;1;3;2;0;0;6;4;6;6;12;10;15;11;52;48;3;2;1.72;3.93;4.96;1.03;1.26;1.83;3.1;6;10;3.7;2;1.33;1.13;1.91;1.91;2.25;1.57;5.5;1.14;1.1;1.25;2.05;2.17;2.25;5.65;2.03;2.63;4.8;0;0;0;1.72;0;0;0;0;2;0;0;0;0;0;0;1.44;11;3;2.75;9;0;0;0;0;0;0;0;0;1.36;2.75;7;21;3;1.4;1.1;1.01;0;0;0;0;0;0;0;0;0;0;0;2018-06-02 14:00:00;-1;0;50;25;25;0;1;1;2;3;7;1;5;8;1;0;2;2;1;4;1;31;25;67;50;1.4;1.09;2.49;0;0;0;0;0;0;1;1;0;0;0;1;0;0;-1;-1;-1;-1;-1;-1;-1;-1;-1;25;75;75;75;75;25;75;50;50;8;2;5;3.25;Jaro;EIF;1.21;1.57;1.5;1;1.8;1.4;75;25;25;25;25;25;0;0;1.4;1.4;2.8;1192;27;N;N;N;N;N;N;N
347759;421;425;2018;complete;2490;0;-1;45;;1;0;1;0;12;12;-1;-1;1;1;0;0;8;8;3;8;11;16;-1;-1;48;52;1;1;2.04;3.49;3.87;1.04;1.32;2;3.6;0;0;0;0;0;0;1.91;1.91;2.75;1.4;3.75;1.25;0;0;0;0;0;0;0;0;0;0;0;0;1.66;0;0;0;0;2.1;0;0;0;0;0;0;1.72;10;2.37;3.6;5.5;0;0;0;0;0;0;0;0;1.4;3;8;23;2.75;1.36;1.08;1.01;0;0;0;0;1;1;0;0;0;0;1;2018-06-02 14:00:00;421;0;42;25;17;0;1;1;0;5;0;7;5;7;0;0;1;1;0;2;1;67;74;89;86;1.74;2.1;3.83;0;0;0;0;0;0;1;1;0;0;0;2;0;0;-1;-1;-1;-1;-1;-1;-1;-1;-1;0;0;42;59;75;42;42;34;17;10.67;1.33;4.17;1.75;KPV;Oulu;2.5;1.23;2;0;1.6;1.2;100;100;59;42;25;59;59;42;1.2;1.68;2.88;1192;27;Y;N;N;N;N;N;N
347760;426;424;2018;complete;2490;0;-1;22,59;21,42;2;2;4;2;10;12;1;0;3;1;0;0;8;10;4;10;12;20;17;14;45;55;3;1;2.43;3.45;2.97;1.03;1.25;1.8;3.05;6.5;10;3.9;2.02;1.36;1.11;1.71;2.15;0;0;0;0;1.3;1.25;1.6;3.1;2.05;3.25;2.62;2.45;3.42;0;0;0;0;0;0;0;0;0;0;0;0;0;0;0;1.8;10.5;2;0;0;0;0;0;0;0;0;0;0;1.4;2.8;6.5;8;2.8;1.4;1.08;1.06;0;0;0;0;4;1;2;1;0;1;3;2018-06-02 14:00:00;-1;0;25;0;25;0;1;1;2;4;0;6;6;6;1;0;2;1;1;3;1;28;33;42;55;1.51;2.19;3.7;0;1;0;1;0;0;1;1;0;0;0;1;0;0;-1;-1;-1;-1;-1;-1;-1;-1;-1;0;0;25;50;50;0;50;50;25;8.5;2.5;4.5;1.25;KTP;Haka;1.54;1.21;2;0.5;1.4;1.4;100;100;75;50;50;75;25;25;1.78;1.02;2.8;1192;27;Y;Y;Y;Y;N;N;Y
347761;404;426;2018;complete;2490;0;-1;5;36;1;1;2;4;8;12;2;1;2;1;0;0;7;8;3;4;10;12;11;9;47;53;2;1;1.68;3.94;5.28;1.05;1.25;1.81;2.8;5.25;13;3.9;2.07;1.4;1.14;1.57;2.3;0;0;0;0;1.15;1.22;2.3;2;2.25;5.75;1.95;2.45;5;0;0;0;0;0;0;0;0;0;0;0;0;0;0;0;1.4;12;3.4;0;0;0;0;0;0;0;0;0;0;1.33;2.63;6.5;15;3.1;1.44;1.09;1.02;0;0;0;0;2;1;1;0;0;0;2;2018-06-09 14:00:00;-1;0;42;0;42;0;1;1;3;5;1;3;8;4;1;1;1;0;2;1;1;35;32;60;57;1.37;1.55;2.92;0;0;0;0;0;0;1;1;1;0;1;0;0;0;-1;-1;-1;-1;-1;-1;-1;-1;-1;0;17;42;84;100;0;75;84;67;11.83;2.33;7.83;2.42;HIFK;KTP;2.21;0.64;3;1;2.17;1.33;100;84;59;17;0;84;84;59;1.78;1.45;3.23;1192;27;Y;Y;N;N;N;N;Y
347762;421;6986;2018;complete;2490;0;-1;61,79;90;2;1;3;12;1;13;2;2;1;2;0;0;6;3;11;3;17;6;9;12;52;48;1;2;1.36;5.01;9.82;1.04;1.22;1.7;2.75;5;13;4;2.1;1.4;1.16;2;1.72;1.9;1.8;8;1.08;0;0;0;1.9;2.5;6.5;1.61;2.87;6.5;0;0;0;0;1.9;0;0;0;0;1.8;0;0;0;0;0;1.28;13;4;2.2;13;0;0;0;0;0;0;0;0;1.33;2.5;6;17;3.25;1.5;1.12;1.02;0;0;0;0;3;0;0;2;1;3;0;2018-06-09 14:00:00;421;0;17;17;0;0;1;1;5;0;7;1;5;8;0;0;1;2;0;3;1;45;17;77;45;1.81;0.71;2.53;0;0;0;0;0;0;1;1;0;0;1;0;0;0;-1;-1;-1;-1;-1;-1;-1;-1;-1;0;0;17;42;59;17;34;25;25;4.67;3.33;3.5;1.17;KPV;Klubi-04;2.5;0.43;2.33;0.5;1.83;1.17;100;100;84;59;42;59;59;59;1.38;1.12;2.5;1192;27;Y;Y;Y;N;N;N;Y
347763;425;416;2018;complete;2490;0;-1;;;0;0;0;5;3;8;3;2;2;1;0;0;5;2;7;6;12;8;21;8;54;46;2;1;2.45;3.49;2.92;1.02;1.23;1.74;2.9;5.5;11;3.8;2.03;1.4;1.14;1.69;2.2;3.4;1.3;4;1.22;1.4;1.3;1.5;2.94;2.2;3.48;2.75;2.4;2.9;0;0;0;0;1.83;0;0;0;0;1.83;0;0;0;0;0;1.87;12;2.15;4.33;5.5;0;0;0;0;0;0;0;0;1.33;2.61;7;19;3.26;1.48;1.1;1.02;0;0;0;0;0;0;0;0;0;0;0;2018-06-09 14:00:00;-1;0;59;17;59;0;1;1;2;1;3;2;3;5;0;0;2;1;0;3;1;53;39;95;97;1.49;0.94;2.43;0;0;0;0;0;0;1;1;0;0;1;1;0;0;-1;-1;-1;-1;-1;-1;-1;-1;-1;17;42;59;100;100;17;100;100;59;10.83;4.17;2.17;3.67;Oulu;Jaro;2;1.62;3;2;1;1.67;84;59;42;0;0;100;84;67;1.19;1.72;2.91;1192;27;N;N;N;N;N;N;N
347764;6987;423;2018;complete;2490;0;-1;;63,83;0;2;2;8;5;13;-1;-1;3;4;0;0;0;6;5;3;5;9;-1;-1;50;50;3;4;2.3;3.56;3.13;1.03;1.27;1.87;3.2;6.5;11;3.5;1.91;1.3;1.11;1.8;2;2.75;1.4;4;1.22;1.41;1.32;1.56;2.67;2.23;3.85;2.6;2.3;3.25;0;0;0;0;0;0;0;0;0;0;0;0;0;0;0;1.66;11;2.37;3.6;6;0;0;0;0;0;0;0;0;1.37;2.79;8;21;3.05;1.43;1.08;1.01;0;0;0;0;2;0;0;0;2;2;0;2018-06-09 14:00:00;423;0;50;17;34;0;1;1;5;1;3;4;6;7;2;2;1;2;4;3;1;53;57;67;80;0.7;1.4;2.1;0;0;0;0;0;0;1;1;0;0;0;1;0;0;-1;-1;-1;-1;-1;-1;-1;-1;-1;0;33;50;67;67;17;50;50;34;9;0;5;2.17;Kajaani;EIF;1;1.57;2;1;1.5;1.33;100;67;50;34;34;50;33;33;1.74;1.3;3.04;1192;27;Y;Y;N;N;N;N;N
347765;424;403;2018;complete;2490;0;-1;;48,55;0;2;2;6;0;6;-1;-1;2;3;0;0;9;5;3;5;12;10;-1;-1;50;50;2;3;1.93;3.81;3.93;1.02;1.2;1.67;2.7;5;13;4;2.05;1.4;1.15;1.77;2.05;2.5;1.5;6;1.12;1.2;1.25;2;2.15;2.25;4.8;2.1;2.5;4;0;0;0;0;1.9;0;0;0;0;1.8;0;0;0;0;0;1.53;13;2.8;2.87;9;0;0;0;0;0;0;0;0;1.33;2.55;6.5;19;3.1;1.45;1.09;1.02;0;0;0;0;2;0;0;0;2;2;0;2018-06-09 14:00:00;403;0;84;17;67;0;1;1;4;0;2;0;4;2;1;0;1;3;1;4;1;64;36;120;108;1.86;1.25;3.11;0;0;0;0;0;0;1;1;0;0;1;0;0;0;-1;-1;-1;-1;-1;-1;-1;-1;-1;0;17;84;100;100;34;100;84;67;7.5;1.5;2.67;3;Haka;JJK;2;0.62;2;0;1.33;0.33;100;84;17;0;0;59;59;42;1.27;1.56;2.83;1192;27;Y;Y;N;N;N;N;N
347766;404;421;2018;complete;2490;0;-1;61,64;;2;0;2;4;5;9;1;1;3;1;0;0;5;5;7;3;12;8;12;13;52;48;3;1;2.23;3.47;3.33;1.07;1.33;2.07;3.75;8;9.5;3.25;1.72;1.25;1.08;1.9;1.8;2.37;1.53;4;1.22;0;0;0;2.75;2.1;4.33;2.37;2.37;3.6;0;0;0;0;1.9;0;0;0;0;1.8;0;0;0;0;0;1.57;9.5;2.75;3;6.5;0;0;0;0;0;0;0;0;1.44;3.25;9;26;2.62;1.33;1.07;1.01;0;0;0;0;2;0;0;2;0;2;0;2018-06-13 15:30:00;404;0;67;17;50;0;1;1;3;2;1;3;5;4;1;1;2;0;2;2;1;95;64;159;125;1.81;1.33;3.14;0;0;0;0;0;0;1;1;0;0;1;0;0;0;-1;-1;-1;-1;-1;-1;-1;-1;-1;0;34;50;84;84;17;67;67;67;8.67;2.66;5.67;2.5;HIFK;KPV;2.21;1.31;2.33;1.33;2;2;100;67;50;17;17;50;50;34;1.64;1.67;3.31;1192;27;Y;Y;N;N;N;N;N
347767;424;6986;2018;complete;2490;0;-1;15,25,87;89;3;1;4;8;2;10;-1;-1;1;4;0;0;9;4;8;2;17;6;-1;-1;50;50;1;4;1.74;3.95;4.68;1.01;1.19;1.65;2.65;4.5;15;4.33;2.2;1.44;1.18;1.77;2.1;2.5;1.5;6.5;1.11;0;0;0;2.1;2.4;5;1.9;2.75;4.5;0;0;0;0;0;0;0;0;0;0;0;0;0;0;0;1.4;15;3;2.87;9.5;0;0;0;0;0;0;0;0;1.3;2.5;6;17;3.4;1.5;1.12;1.02;0;0;0;0;4;2;0;1;1;2;2;2018-06-14 15:30:00;424;0;42;13;29;0;1;1;5;0;3;2;5;5;0;0;1;4;0;5;1;62;28;81;79;2.14;0.87;3.01;0;0;0;0;0;0;1;1;0;0;3;0;0;0;-1;-1;-1;-1;-1;-1;-1;-1;-1;0;13;42;84;84;25;38;71;59;6.92;1.67;3.42;2.21;Haka;Klubi-04;2;0.43;1.5;0.33;1.14;1;100;88;59;17;17;59;59;46;1.41;0.98;2.39;1192;27;Y;Y;Y;Y;N;N;Y
347768;403;6987;2018;complete;2490;0;-1;49,62;15,53;2;2;4;6;8;14;3;2;1;3;0;0;11;8;10;15;21;23;7;12;52;48;1;3;2.53;3.76;2.66;1.01;1.15;1.51;2.3;4;17;5;2.35;1.53;1.22;1.51;2.55;4;1.22;4.5;1.18;0;0;0;2.81;2.38;3.28;2.5;2.75;2.87;0;0;0;0;1.83;0;0;0;0;1.83;0;0;0;0;0;1.72;17;2.1;5;6.5;0;0;0;0;0;0;0;0;1.28;2.25;5.5;15;3.5;1.57;1.14;1.03;0;0;0;0;4;0;1;2;1;3;1;2018-06-16 15:30:00;-1;0;59;59;13;0;1;1;3;5;3;3;8;6;0;1;1;2;1;3;1;42;39;62;62;2.38;2.28;4.66;1;0;1;0;0;0;1;1;0;0;1;2;0;0;-1;-1;-1;-1;-1;-1;-1;-1;-1;46;59;75;88;88;59;88;59;46;6.83;3.5;4.75;4.09;JJK;Kajaani;0.86;0.79;0.5;1;0.71;1.29;54;42;25;13;13;46;17;17;1.23;1.21;2.44;1192;27;Y;Y;Y;Y;N;N;Y
347769;423;425;2018;complete;2490;0;-1;;7,50;0;2;2;7;8;15;2;5;2;2;1;0;6;8;6;8;12;16;10;14;49;51;4;2;2.41;3.28;3.16;1.05;1.33;2.05;3.7;6;9.5;4.8;1.95;1.25;1.1;1.91;1.91;3;1.36;3;1.36;0;0;0;3.4;2.02;3.4;2.87;2.37;2.87;0;0;0;0;2.1;0;0;0;0;1.66;0;0;0;0;0;2.1;9;1.9;4.33;4;0;0;0;0;0;0;0;0;1.5;3.4;10;26;2.5;1.3;1.06;1.01;0;0;0;0;2;0;1;0;1;1;1;2018-06-16 15:30:00;425;0;13;0;13;0;1;1;1;6;6;2;7;8;1;0;2;2;1;4;1;44;51;106;112;1.5;1.94;3.45;0;0;0;0;0;0;1;1;0;1;0;1;0;0;-1;-1;-1;-1;-1;-1;-1;-1;-1;0;0;13;25;67;13;42;25;13;13;1.33;4.83;1.04;EIF;Oulu;2.08;1.23;1.67;0;1.57;1;100;100;88;75;34;71;54;42;0.91;1.78;2.69;1192;27;Y;Y;N;N;N;N;N
347770;426;416;2018;complete;2490;0;-1;;31;0;1;1;6;3;9;3;2;5;3;0;0;8;6;8;4;16;10;10;14;49;51;5;3;3.18;3.59;2.25;1.02;1.22;1.71;2.8;15;6;2.3;1.4;1.13;1.04;1.67;2.2;0;0;0;0;0;0;0;3.42;2.15;3.08;3.05;2.55;2.7;0;0;0;0;0;0;0;0;0;0;0;0;0;0;0;2.05;11;1.95;0;0;0;0;0;0;0;0;0;0;1.27;2.48;6.25;0;3.4;1.46;1.1;0;0;0;0;0;1;0;1;0;0;0;1;2018-06-16 15:30:00;416;0;59;29;42;0;1;1;0;2;6;1;2;7;3;2;2;1;5;3;1;36;37;56;65;1.82;1.32;3.14;0;0;0;0;0;0;1;1;0;0;0;0;0;0;-1;-1;-1;-1;-1;-1;-1;-1;-1;13;29;59;71;71;29;71;71;42;8.08;3.42;3.5;2.79;KTP;Jaro;1.54;1.62;1.67;1.75;1.29;1.57;88;71;42;29;29;71;59;46;1.69;1.52;3.21;1192;27;Y;N;N;N;N;N;N
347771;6986;423;2018;complete;2490;0;-1;;71;0;1;1;1;12;13;10;1;1;1;0;0;4;6;2;8;6;14;11;10;48;52;1;1;3.21;3.35;2.34;1.03;1.28;1.91;3.25;7;10;3.5;1.85;1.3;1.1;1.8;2.05;3.75;1.25;3.25;1.33;0;0;0;3.5;2.1;3;3.1;2.4;2.62;0;0;0;0;2;0;0;0;0;1.72;0;0;0;0;0;2.2;10;1.8;5;4;0;0;0;0;0;0;0;0;1.4;3;8;21;2.75;1.36;1.08;1.01;0;0;0;0;1;0;0;0;1;1;0;2018-06-20 15:30:00;423;0;38;25;13;0;1;1;1;5;0;7;6;7;0;0;1;1;0;2;1;57;104;125;161;1.09;2.06;3.15;0;0;0;0;0;0;1;1;0;0;0;1;0;0;-1;-1;-1;-1;-1;-1;-1;-1;-1;13;25;38;63;75;25;50;63;38;9.25;2.5;4.5;2.25;Klubi-04;EIF;1;1.57;1.5;1.5;0.88;1.38;88;75;63;38;25;50;50;50;1.49;1.32;2.81;1192;27;Y;N;N;N;N;N;N
347772;416;424;2018;complete;2490;0;-1;;13,54;0;2;2;5;5;10;2;2;1;3;0;0;5;5;9;3;14;8;14;15;59;41;1;3;1.9;3.78;4.06;1.02;1.23;1.74;2.9;5.4;8;3.2;2.45;1.45;1.13;1.71;2.1;3.25;1.33;4.5;1.18;0;0;0;2.46;2.27;4.25;2.29;2.54;3.98;0;0;0;0;1.8;2.1;0;0;0;1.9;1.66;0;0;0;0;1.67;14.75;2.41;3.75;6.5;0;0;0;0;0;0;0;0;1.53;2.06;5.5;19;2.3;1.8;1.11;1.02;0;0;0;0;2;0;1;0;1;1;1;2018-06-20 15:30:00;424;0;33;17;17;0;1;1;1;2;4;3;3;7;1;0;0;3;1;3;1;34;16;59;47;1.47;0.97;2.45;0;0;0;0;0;0;1;1;0;0;0;0;0;0;-1;-1;-1;-1;-1;-1;-1;-1;-1;17;50;50;67;67;17;67;67;34;11.66;3.66;5;2.5;Jaro;Haka;1.21;1.21;1.33;0.67;1.75;1.38;84;50;50;33;33;84;33;33;1.4;1.41;2.81;1192;27;Y;Y;N;N;N;N;N
347773;421;426;2018;complete;2490;0;-1;84;;1;0;1;3;5;8;-1;-1;1;2;0;0;4;5;7;11;11;16;-1;-1;50;50;1;2;1.74;3.84;4.96;0;0;0;0;0;0;0;0;0;0;0;0;0;0;0;0;0;0;0;0;0;0;0;0;0;0;0;0;0;0;0;0;0;0;0;0;0;0;0;0;0;0;0;0;0;0;0;0;0;0;0;0;0;0;0;0;0;0;0;0;0;0;0;0;0;1;0;0;1;0;1;0;2018-06-20 15:30:00;421;0;50;25;25;0;1;1;2;2;1;3;4;4;1;0;0;2;1;2;1;70;66;137;116;1.49;1.84;3.33;0;0;0;0;0;0;1;1;0;0;1;1;0;0;-1;-1;-1;-1;-1;-1;-1;-1;-1;0;13;38;63;88;25;75;38;25;11;2;5.25;2;KPV;KTP;2.5;0.64;2.5;1;1.75;1.13;100;88;63;38;13;75;75;75;1.49;1.48;2.97;1192;27;Y;N;N;N;N;N;N
347774;425;403;2018;complete;2490;0;-1;71,90;88;2;1;3;6;4;10;0;2;1;3;0;0;7;4;9;6;16;10;16;12;57;43;1;3;1.82;3.76;4.53;1.02;1.23;1.77;2.9;8.5;8;2.88;1.62;1.22;1.07;1.87;1.95;2.37;1.53;6;1.12;0;0;0;2.09;2.34;5.65;1.92;2.66;5.4;0;0;0;0;1.9;0;0;0;0;1.8;0;0;0;0;0;1.49;13.25;2.99;2.75;9.5;0;0;0;0;0;0;0;0;1.33;2.62;6.5;19;3.25;1.44;1.11;1.02;0;0;0;0;3;0;0;2;1;3;0;2018-06-20 15:30:00;425;0;50;0;50;0;1;1;4;1;2;3;5;5;1;1;0;2;2;2;1;54;32;90;78;1.89;1.15;3.03;1;0;1;0;0;0;1;1;0;0;2;0;1;0;-1;-1;-1;-1;-1;-1;-1;-1;-1;0;17;50;84;84;0;67;84;67;7;4;2.67;2.34;Oulu;JJK;2;0.62;2.33;1;1.25;0.75;100;84;50;17;17;50;50;50;1.29;1.46;2.75;1192;27;Y;Y;Y;N;N;N;Y
347775;6987;404;2018;complete;2490;0;-1;45,60;52;2;1;3;5;1;6;-1;-1;0;2;0;0;7;3;11;2;18;5;-1;-1;50;50;0;2;3.62;3.71;2.04;1.01;1.19;1.65;2.65;9;8;2.75;1.6;1.2;1.07;1.65;2.25;5;1.16;3;1.36;0;0;0;4.15;2.33;2.43;3.92;2.61;2.25;0;0;0;0;0;0;0;0;0;0;0;0;0;0;0;2.4;15.75;1.67;7.5;3.6;0;0;0;0;0;0;0;0;1.33;2.5;6.5;17;3.25;1.5;1.11;1.02;0;0;0;0;3;1;0;1;1;2;1;2018-06-20 15:30:00;6987;0;50;13;38;0;1;1;3;0;2;1;3;3;0;0;0;2;0;2;1;44;42;53;43;1.93;0.83;2.76;0;0;0;0;0;0;1;1;0;0;1;0;0;0;-1;-1;-1;-1;-1;-1;-1;-1;-1;0;25;50;88;88;13;63;88;50;11.5;1.5;5.5;2.5;Kajaani;HIFK;1;1.77;1.5;1.75;1.25;2.13;100;75;50;13;13;75;63;63;1.48;1.49;2.97;1192;27;Y;Y;Y;N;N;N;Y
347776;404;424;2018;complete;2490;0;-1;44,90;;2;0;2;6;2;8;0;0;0;1;0;1;6;0;3;3;9;3;14;10;54;46;0;2;1.88;3.65;4.2;1.03;1.25;1.8;3.05;6;10.4;3.98;1.97;1.34;1.11;1.8;2;2.5;1.5;5;1.16;1.1;1.25;2;2.34;2.18;5.1;2.1;2.5;4;0;0;0;0;1.66;0;0;0;0;2.1;0;0;0;0;0;1.58;12.25;2.73;3.1;8;0;0;0;0;0;0;0;0;1.36;2.79;6.5;15;3.08;1.43;1.09;1.01;0;0;0;0;2;1;0;1;0;1;1;2018-06-26 15:30:00;404;0;38;25;13;0;1;1;3;0;3;2;3;5;0;0;0;2;0;2;1;40;38;67;60;1.28;0.47;1.75;0;0;0;0;0;0;1;1;0;0;1;0;0;0;-1;-1;-1;-1;-1;-1;-1;-1;-1;0;13;25;88;88;25;63;75;38;11.25;2;5.5;2.13;HIFK;Haka;2.21;1.21;2.5;1.25;1.89;1.56;100;88;75;13;13;100;63;38;1.69;1.3;2.99;1192;27;Y;Y;N;N;N;N;N
347777;403;421;2018;complete;2490;0;-1;18,82;;2;0;2;6;9;15;2;0;3;2;0;0;7;14;7;9;14;23;11;17;37;63;3;2;3.02;3.28;2.45;1.03;1.29;1.91;3.3;0;0;0;0;0;0;1.83;2;4;1.22;2.75;1.4;0;0;0;0;0;0;3.4;2.5;2.4;0;0;0;1.72;0;0;0;0;2;0;0;0;0;0;0;2.37;10;1.66;6;3.6;0;0;0;0;0;0;0;0;1.4;3;8;21;2.75;1.36;1.08;1.01;0;0;0;0;2;1;0;1;0;1;1;2018-06-26 15:30:00;403;0;55;20;45;0;1;1;5;4;1;5;9;6;1;0;2;2;1;4;1;22;47;45;72;1.53;2.76;4.28;2;0;2;0;0;0;1;1;0;0;4;0;0;0;-1;-1;-1;-1;-1;-1;-1;-1;-1;10;55;55;78;78;20;65;68;58;6.7;2.25;3.85;3.05;JJK;KPV;0.86;1.31;0.6;1;0.67;1.89;90;45;45;23;23;33;10;10;1.46;1.58;3.04;1192;27;Y;Y;N;N;N;N;N
347778;416;6986;2018;complete;2490;0;-1;2,69,79;;3;0;3;7;4;11;4;0;2;1;0;0;6;3;5;8;11;11;13;8;44;56;2;1;1.48;4.47;6.91;1.01;1.18;1.61;2.5;4.5;15;4.33;2.3;1.44;1.18;1.87;1.95;1.9;1.8;9;1.07;0;0;0;1.8;2.62;7;1.57;3;7.5;0;0;0;0;1.83;0;0;0;0;1.83;0;0;0;0;0;1.25;15;4;2.2;17;0;0;0;0;0;0;0;0;1.3;2.37;6;17;3.4;1.53;1.12;1.02;0;0;0;0;3;1;0;2;0;2;1;2018-06-26 15:30:00;416;0;38;0;38;0;1;1;3;3;4;1;6;5;1;0;1;1;1;2;1;25;27;55;64;1.29;1.1;2.39;1;0;1;0;0;0;1;1;1;0;1;1;0;0;-1;-1;-1;-1;-1;-1;-1;-1;-1;13;38;50;75;75;13;50;75;63;7;4.75;4.5;2.5;Jaro;Klubi-04;1.21;0.43;1;0.25;1.56;0.78;88;63;50;25;25;75;63;38;1.42;0.95;2.37;1192;27;Y;Y;Y;N;N;N;N
347779;423;426;2018;complete;2490;0;-1;15,44,61;30,70;3;2;5;3;8;11;1;9;3;6;1;0;4;6;5;6;9;12;15;18;46;54;4;6;2.32;3.29;3.24;1.05;1.34;2.1;3.8;7.5;10.4;3.62;1.94;1.31;1.06;1.95;1.87;0;0;0;0;1.25;1.25;1.65;2.65;2.14;4.2;2.5;2.37;3.4;0;0;0;0;0;0;0;0;0;0;0;0;0;0;0;1.74;11.75;2.38;0;0;0;0;0;0;0;0;0;0;1.38;2.86;7;21;3;1.41;1.08;1.01;0;0;0;0;5;2;1;1;1;2;3;2018-06-26 15:30:00;423;0;20;10;10;0;1;1;0;1;3;7;1;10;0;2;4;4;2;8;1;38;52;86;95;1.13;1.56;2.69;0;0;0;0;0;0;1;1;0;0;0;0;0;0;-1;-1;-1;-1;-1;-1;-1;-1;-1;0;10;10;43;75;10;65;43;10;11.3;2.3;6.7;1.38;EIF;KTP;2.08;0.64;1.25;0.8;1.56;1;100;90;90;58;25;68;55;55;1.06;1.55;2.61;1192;27;Y;Y;Y;Y;Y;N;Y
347780;425;6987;2018;complete;2490;0;-1;5,20;30,78;2;2;4;8;4;12;-1;-1;2;2;1;0;8;9;4;5;12;14;-1;-1;59;41;4;2;1.83;3.89;4.28;1.01;1.19;1.62;2.6;4.8;14;4.6;2.32;1.51;1.16;1.67;2.2;2.62;1.44;6.5;1.11;1.1;1.25;2;2.09;2.46;5.05;2;2.7;4.2;0;0;0;0;0;2;0;0;0;0;1.72;0;0;0;0;1.52;16.75;2.75;3;10;0;0;0;0;0;0;0;0;1.28;2.38;5.7;12;3.62;1.57;1.12;1.02;0;0;0;0;4;2;1;0;1;1;3;2018-06-26 15:30:00;-1;0;63;25;38;0;1;1;5;1;3;3;6;6;1;0;2;2;1;4;1;71;51;90;81;1.83;1.88;3.71;0;0;0;0;0;0;1;1;1;0;2;1;0;0;-1;-1;-1;-1;-1;-1;-1;-1;-1;25;50;75;88;88;25;75;75;63;10.75;4.75;4;3.38;Oulu;Kajaani;2;0.79;2.5;1;1.44;1.44;75;50;25;13;13;75;63;50;1.44;1.48;2.92;1192;27;Y;Y;Y;Y;N;N;Y
347781;403;6986;2018;complete;2490;0;-1;26;45;1;1;2;9;7;16;0;1;1;1;0;0;9;2;5;6;14;8;13;11;34;66;1;1;1.7;4.03;4.83;1.01;1.17;1.57;2.45;4.33;15;4.5;2.3;1.5;1.2;1.65;2.25;2.75;1.4;6;1.12;0;0;0;2.25;2.4;4.5;1.95;2.75;4;0;0;0;0;1.9;0;0;0;0;1.8;0;0;0;0;0;1.44;15;2.75;3.2;9.5;0;0;0;0;0;0;0;0;1.3;2.37;5.5;15;3.4;1.53;1.14;1.03;0;0;0;0;2;1;1;0;0;0;2;2018-06-29 15:30:00;-1;0;45;17;37;0;1;1;6;4;3;3;10;6;0;0;1;1;0;2;1;13;32;39;79;1.6;0.88;2.48;0;0;0;0;0;0;1;1;0;0;3;0;0;0;-1;-1;-1;-1;-1;-1;-1;-1;-1;9;35;55;82;82;27;62;74;57;5.87;2.57;3.83;2.87;JJK;Klubi-04;0.86;0.43;1;0.2;0.9;0.7;92;65;45;19;19;65;57;47;1.47;0.98;2.45;1192;27;Y;Y;N;N;N;N;Y
347782;404;425;2018;complete;2490;0;-1;22,80,85;;3;0;3;1;9;10;1;0;2;2;0;0;4;3;5;3;9;6;10;8;43;57;2;2;1.82;3.62;4.74;1.04;1.3;1.95;3.45;6.85;10.75;3.4;1.84;1.27;1.06;2;1.8;2.37;1.53;4.33;1.2;1.2;1.29;1.91;2.27;2.17;5.55;2.1;2.5;4;0;0;0;0;1.8;0;0;0;0;1.9;0;0;0;0;0;1.67;9;2.62;3;7;0;0;0;0;0;0;0;0;1.4;2.91;7.6;23;2.91;1.4;1.08;1.01;0;0;0;0;3;1;0;2;0;2;1;2018-06-30 12:00:00;404;0;30;10;20;0;1;1;1;3;0;6;4;6;1;0;1;2;1;3;1;54;80;108;135;1.25;1.18;2.43;0;0;0;0;0;0;1;1;0;0;1;1;0;0;-1;-1;-1;-1;-1;-1;-1;-1;-1;0;0;20;80;100;20;60;70;40;13.4;2;4;2;HIFK;Oulu;2.21;1.23;2.6;0.6;2;1.4;100;100;80;20;0;80;70;50;1.6;1.81;3.41;1192;27;Y;Y;Y;N;N;N;N
347783;421;416;2018;complete;2490;0;-1;2;;1;0;1;3;9;12;1;4;1;1;0;0;6;7;3;4;9;11;4;6;49;51;1;1;2.24;3.41;3.38;1.04;1.3;1.95;3.45;0;0;0;0;0;0;1.83;2;3;1.36;3.5;1.28;0;0;0;0;0;0;2.62;2.4;3.1;0;0;0;0;2;0;0;0;0;1.72;0;0;0;0;0;1.8;9.5;2.2;4;5;0;0;0;0;0;0;0;0;1.44;3;8;23;2.62;1.36;1.08;1.01;0;0;0;0;1;1;0;0;0;0;1;2018-06-30 12:00:00;421;0;40;20;30;0;1;1;2;5;1;4;7;5;0;0;1;1;0;2;1;31;47;56;72;1.21;1.52;2.73;0;0;0;0;0;0;1;1;1;0;0;0;0;0;-1;-1;-1;-1;-1;-1;-1;-1;-1;10;10;40;50;80;20;60;50;30;9;2.2;3.4;2.2;KPV;Jaro;2.5;1.62;2.6;2;1.7;1.7;90;90;60;50;20;70;50;40;1.49;1.48;2.97;1192;27;Y;N;N;N;N;N;N
347784;426;6987;2018;complete;2490;0;-1;30,45,88;11,56;3;2;5;8;4;12;0;1;1;4;0;0;9;15;6;10;15;25;16;10;47;53;1;4;2.14;3.82;3.26;1.01;1.16;1.54;2.35;4.5;15;5;2.5;1.55;1.2;1.53;2.5;0;0;0;0;1.36;1.29;1.6;2.99;2.32;3.16;2.4;2.6;3.1;0;0;0;0;0;0;0;0;0;0;0;0;0;0;0;1.91;15;2;0;0;0;0;0;0;0;0;0;0;1.26;2.29;5.75;13;3.78;1.61;1.11;1.02;0;0;0;0;5;2;1;1;1;2;3;2018-06-30 12:00:00;426;0;65;43;23;0;1;1;0;3;8;1;3;9;0;0;1;4;0;5;1;33;45;50;71;1.81;2.94;4.74;0;0;0;0;0;0;1;1;0;0;0;0;0;0;-1;-1;-1;-1;-1;-1;-1;-1;-1;20;53;75;75;88;43;88;65;43;9;4;5.55;3.2;KTP;Kajaani;1.54;0.79;1.25;1;0.9;1.4;80;48;25;25;13;78;55;55;1.72;1.56;3.28;1192;27;Y;Y;Y;Y;Y;N;Y
347785;424;423;2018;complete;2490;0;-1;49;51;1;1;2;11;6;17;-1;-1;1;2;0;0;8;4;8;6;16;10;-1;-1;50;50;1;2;1.99;3.49;4.04;1.04;1.29;1.95;3.35;7;9.5;3.54;1.94;1.3;1.1;1.87;1.95;2.62;1.44;4;1.22;1.25;1.29;1.78;2.58;2.18;4.25;2.2;2.5;3.75;0;0;0;0;0;0;0;0;0;0;0;0;0;0;0;1.75;10;2.38;3.4;6;0;0;0;0;0;0;0;0;1.37;2.79;7;23;3.05;1.43;1.07;1.01;0;0;0;0;2;0;0;1;1;2;0;2018-06-30 12:00:00;-1;0;40;20;20;0;1;1;5;1;6;5;6;11;0;0;1;2;0;3;1;71;52;98;97;2.08;1.29;3.37;0;0;0;0;0;0;1;1;0;0;1;0;0;0;-1;-1;-1;-1;-1;-1;-1;-1;-1;0;30;40;70;80;40;50;60;40;11.8;0;4;2.2;Haka;EIF;2;1.57;1.8;1.8;1.4;1.7;100;70;60;30;20;60;60;40;1.56;1.47;3.03;1192;27;Y;Y;N;N;N;N;Y
347786;403;416;2018;complete;2490;0;-1;;52;0;1;1;8;5;13;0;1;3;2;0;0;7;3;6;10;13;13;8;19;53;47;3;2;3.88;3.68;1.97;1.02;1.22;1.74;2.85;5.4;10.5;4.2;2.17;1.4;1.15;1.71;2.1;4.33;1.2;3.5;1.28;1.67;1.29;1.3;3.76;2.2;2.76;3.6;2.48;2.49;0;0;0;0;1.9;0;0;0;0;1.8;0;0;0;0;0;2.22;14.5;1.78;6.5;4.33;0;0;0;0;0;0;0;0;1.31;2.58;6;17;3.4;1.49;1.1;1.02;0;0;0;0;1;0;0;0;1;1;0;2018-07-04 15:30:00;416;0;45;30;31;0;1;1;2;5;6;0;7;6;0;0;3;2;0;5;1;29;35;52;54;1.51;1.28;2.79;0;0;0;0;0;0;1;1;0;0;0;0;0;0;-1;-1;-1;-1;-1;-1;-1;-1;-1;16;30;38;68;85;30;85;54;31;9.6;3.17;3.38;2.82;JJK;Jaro;0.86;1.62;1;1.67;0.91;1.55;85;70;62;32;16;70;47;38;1.49;1.49;2.98;1192;27;Y;N;N;N;N;N;N
347787;6986;426;2018;complete;2490;0;-1;58,78,80;65,83,90;3;3;6;4;5;9;4;1;2;1;0;0;5;4;5;8;10;12;8;19;52;48;2;1;3.39;3.67;2.13;1.02;1.23;1.74;2.9;0;0;0;0;0;0;1.69;2.15;0;0;0;0;0;0;0;0;0;0;0;0;0;0;0;0;0;0;0;0;0;0;0;0;0;0;0;0;0;0;0;0;0;0;0;0;0;0;0;0;0;0;0;0;0;0;0;0;0;0;0;0;0;6;0;0;3;3;6;0;2018-07-07 12:00:00;-1;0;45;27;27;0;1;1;2;3;2;2;5;4;1;1;1;0;2;1;1;45;57;56;66;1.3;1.44;2.74;0;0;0;0;0;0;1;1;0;0;1;1;0;0;-1;-1;-1;-1;-1;-1;-1;-1;-1;19;27;37;64;100;27;72;84;37;10.17;6.57;5.27;2.55;Klubi-04;KTP;1;0.64;1.2;0.67;0.73;1.09;82;74;64;37;0;64;64;64;1.41;1.55;2.96;1192;27;Y;Y;Y;Y;Y;Y;Y
347788;423;403;2018;complete;2490;0;-1;49,81;90;2;1;3;5;5;10;2;8;0;3;0;0;9;4;4;8;13;12;11;12;53;47;0;3;1.97;3.55;4.04;1.03;1.28;1.91;3.25;5.25;7.5;3.54;1.94;1.31;1.12;1.83;1.95;2.62;1.44;4.33;1.2;1.25;1.29;1.78;2.49;2.18;4.5;2.35;2.42;4.1;0;0;0;0;0;0;0;0;0;0;0;0;0;0;0;1.67;11.75;2.53;3.25;7;0;0;0;0;0;0;0;0;1.36;2.75;7.5;15;3.1;1.44;1.06;1.01;0;0;0;0;3;0;0;2;1;3;0;2018-07-07 12:00:00;423;0;48;10;48;0;1;1;3;2;2;3;5;5;0;0;0;3;0;3;1;42;40;135;105;1.77;1.34;3.11;1;1;1;1;0;0;1;1;0;0;0;0;0;0;-1;-1;-1;-1;-1;-1;-1;-1;-1;10;10;48;70;80;10;55;70;60;7.25;2.9;5.6;2.18;EIF;JJK;2.08;0.62;1.6;0.75;1.64;0.83;90;90;53;30;20;65;55;43;1.07;1.38;2.45;1192;27;Y;Y;Y;N;N;N;Y
347789;425;424;2018;complete;2490;0;-1;;27;0;1;1;4;2;6;-1;-1;2;2;0;0;5;4;3;0;8;4;-1;-1;53;47;2;2;2.04;3.59;3.73;1.03;1.25;1.8;3.05;5.25;7.5;3.88;1.93;1.33;1.12;1.77;2.05;3;1.36;4.33;1.2;1.2;1.3;1.7;2.67;2.14;4.15;2.3;2.5;3.75;0;0;0;0;1.83;0;0;0;0;1.83;0;0;0;0;0;1.75;11.5;2.36;3.75;6.5;0;0;0;0;0;0;0;0;1.36;2.75;6.5;14;3.1;1.44;1.08;1.01;0;0;0;0;1;0;1;0;0;0;1;2018-07-07 12:00:00;424;0;40;20;20;0;1;1;1;1;3;1;2;4;1;0;1;2;1;3;1;70;39;84;82;1.36;0.83;2.19;0;0;0;0;0;0;1;1;0;0;0;0;0;0;-1;-1;-1;-1;-1;-1;-1;-1;-1;0;30;40;80;80;20;70;80;20;11.2;2;4;2.3;Oulu;Haka;2;1.21;2.2;1;1.27;1.36;100;70;60;20;20;80;60;40;1.52;1.13;2.65;1192;27;Y;N;N;N;N;N;N
347790;6987;421;2018;complete;2490;0;-1;;54;0;1;1;7;2;9;-1;-1;2;1;0;0;7;3;4;7;11;10;-1;-1;50;50;2;1;3.29;3.54;2.22;1.02;1.22;1.71;2.8;5;13;4.33;2.14;1.44;1.16;1.67;2.2;4;1.22;3.5;1.28;0;0;0;3.25;2.3;2.87;2.87;2.6;2.6;0;0;0;0;0;0;0;0;0;0;0;0;0;0;0;2.1;13;1.72;5.5;4.5;0;0;0;0;0;0;0;0;1.33;2.5;6.5;17;3.25;1.5;1.11;1.02;0;0;0;0;1;0;0;0;1;1;0;2018-07-07 12:00:00;421;0;50;0;50;0;1;1;5;1;2;1;6;3;0;0;2;1;0;3;1;63;57;89;81;1.64;1.25;2.89;0;0;0;0;0;0;1;1;0;0;0;0;0;0;-1;-1;-1;-1;-1;-1;-1;-1;-1;0;30;50;90;90;0;60;90;70;10;0;4.4;2.6;Kajaani;KPV;1;1.31;1.8;0.8;1.27;1.82;100;70;50;10;10;50;30;30;1.57;1.82;3.39;1192;27;Y;N;N;N;N;N;N
347791;416;404;2018;complete;2490;0;-1;;67,75,90;0;3;3;6;7;13;0;3;3;3;0;0;4;11;7;8;11;19;17;11;45;55;3;3;2.52;3.37;2.92;1.05;1.35;2.1;3.8;5.75;7;3.26;1.72;1.24;1.1;1.87;1.95;3;1.36;3.25;1.33;1.4;1.33;1.44;3.3;2.01;3.56;2.75;2.4;3.1;0;0;0;0;1.72;0;0;0;0;2;0;0;0;0;0;2;8;2.15;4;4.75;0;0;0;0;0;0;0;0;1.46;3.1;7.5;17;2.68;1.36;1.06;1.01;0;0;0;0;3;0;0;0;3;3;0;2018-07-09 15:30:00;404;0;40;10;30;0;1;1;5;3;1;4;8;5;1;1;2;2;2;4;1;24;26;44;56;1.14;2.15;3.29;0;0;0;0;0;0;1;1;0;0;1;1;0;0;-1;-1;-1;-1;-1;-1;-1;-1;-1;10;30;60;80;80;10;80;80;50;10.6;5;4.8;2.6;Jaro;HIFK;1.21;1.77;1.4;1.4;1.67;2.09;90;70;40;20;20;70;60;50;1.39;1.36;2.75;1192;27;Y;Y;Y;N;N;N;N
347792;424;6987;2018;complete;2490;0;-1;12,41,83;27;3;1;4;-1;-1;-1;-1;-1;1;4;0;0;-1;-1;-1;-1;-1;-1;-1;-1;-1;-1;1;4;1.93;3.72;3.98;1.01;1.18;1.61;2.5;4.8;10.5;4.8;2.3;1.5;1.18;1.61;2.35;3.25;1.33;5.5;1.14;1.29;1.25;1.75;2.5;2.2;3.75;2.25;2.5;3.5;0;0;0;0;0;2.1;0;0;0;0;1.66;0;0;0;0;1.7;15;2.3;3.75;8;0;0;0;0;0;0;0;0;1.3;2.45;5.75;15;3.25;1.5;1.11;1.03;0;0;0;0;4;2;1;1;0;1;3;2018-07-14 12:00:00;424;0;75;42;42;0;-1;1;-1;-1;-1;-1;-1;-1;0;1;1;3;1;4;-1;0;0;0;0;0;0;0;0;0;0;0;0;0;1;1;0;0;-1;-1;0;0;-1;-1;-1;-1;-1;-1;-1;-1;-1;25;58;75;100;100;59;84;83;67;11.5;0.83;4.5;3.67;Haka;Kajaani;2;0.79;1.67;0.83;1.5;1.17;75;42;25;0;0;75;67;50;1.65;1.79;3.44;1192;27;Y;Y;Y;Y;N;N;Y
347793;423;421;2018;complete;2490;0;-1;73;;1;0;1;2;5;7;1;2;3;1;0;0;4;2;4;8;8;10;14;10;45;55;3;1;2.94;3.15;2.64;0;0;0;0;0;0;0;0;0;0;1.9;1.8;3;1.36;2.75;1.4;0;0;0;0;0;0;3;2.3;2.87;0;0;0;1.9;0;0;0;0;1.8;0;0;0;0;0;0;2.2;7.5;1.9;4.5;4;0;0;0;0;0;0;0;0;1.5;3.4;10;26;2.5;1.3;1.06;1.01;0;0;0;0;1;0;0;1;0;1;0;2018-07-14 16:00:00;423;0;33;9;33;0;1;1;2;3;0;2;5;2;0;0;3;1;0;4;1;41;49;76;96;1.09;1.13;2.22;0;0;0;0;0;0;1;1;0;0;1;1;0;0;-1;-1;-1;-1;-1;-1;-1;-1;-1;9;25;33;59;75;9;50;67;42;9.17;2.17;5;2;EIF;KPV;2.08;1.31;1.83;1.17;1.75;1.92;92;75;67;42;25;67;42;34;1.19;1.72;2.91;1192;27;Y;N;N;N;N;N;N
347794;426;425;2018;complete;2490;0;-1;74;;1;0;1;8;10;18;2;0;3;4;0;0;5;12;5;7;10;19;16;17;43;57;3;4;2.61;3.33;2.83;1.02;1.24;1.77;2.95;6.5;10;3.9;2;1.36;1.11;1.71;2.15;0;0;0;0;1.53;1.29;1.36;3.4;2.1;2.9;3.1;2.38;2.62;0;0;0;0;0;0;0;0;0;0;0;0;0;0;0;2.15;12;1.87;0;0;0;0;0;0;0;0;0;0;1.36;2.75;6.5;13;2.9;1.4;1.08;1.01;0;0;0;0;1;0;0;1;0;1;0;2018-07-14 16:00:00;426;0;39;20;29;0;1;1;3;7;5;3;10;8;0;0;3;4;0;7;1;29;33;49;57;1.19;2.27;3.45;0;0;0;0;0;0;1;1;0;0;0;0;0;0;-1;-1;-1;-1;-1;-1;-1;-1;-1;10;20;47;64;90;29;74;64;37;12.97;2.43;4.07;2.3;KTP;Oulu;1.54;1.23;1.6;0.5;1.08;1.17;90;80;54;37;10;82;72;55;1.74;1.71;3.45;1192;27;Y;N;N;N;N;N;N
347795;404;423;2018;complete;2490;0;-1;51;77;1;1;2;6;2;8;5;0;2;3;0;0;3;4;3;3;6;7;13;9;46;54;2;3;1.52;3.89;7.75;1.05;1.36;2.2;3.96;8.5;8.4;2.99;1.62;1.22;1.05;2.2;1.62;1.9;1.8;4.5;1.18;1.14;1.25;2.3;2.1;2.1;6;1.91;2.5;5.5;0;0;0;0;1.8;0;0;0;0;1.9;0;0;0;0;0;1.42;9.5;2.9;2.37;8;0;0;0;0;0;0;0;0;1.44;3.32;8;34;2.65;1.3;1.06;1.01;0;0;0;0;2;0;0;1;1;2;0;2018-07-21 14:00:00;-1;0;33;17;17;0;1;1;1;1;5;1;2;6;0;0;2;3;0;5;1;64;67;126;131;1.07;1.22;2.29;0;0;0;0;0;0;1;1;0;0;1;0;0;0;-1;-1;-1;-1;-1;-1;-1;-1;-1;0;9;25;75;84;17;42;67;50;10.67;0.67;4.66;1.92;HIFK;EIF;2.21;1.57;2.67;1.67;2.17;1.85;100;92;75;25;17;75;67;50;1.54;1.44;2.98;1192;27;Y;Y;N;N;N;N;Y
347796;421;424;2018;complete;2490;0;-1;17;;1;0;1;7;6;13;0;1;1;1;0;0;6;5;3;9;9;14;9;12;58;42;1;1;1.89;3.4;4.51;1.04;1.3;1.95;3.45;8;9.5;3.2;1.79;1.23;1.07;1.91;1.91;2.5;1.5;4.33;1.2;1.22;1.29;1.83;2.53;2.13;4.25;2.25;2.4;4;0;0;0;0;1.83;0;0;0;0;1.83;0;0;0;0;0;1.57;9.5;2.62;3.1;7;0;0;0;0;0;0;0;0;1.44;3;8;23;2.62;1.36;1.08;1.01;0;0;0;0;1;1;0;0;0;0;1;2018-07-21 14:00:00;421;0;25;17;9;0;1;1;3;4;4;2;7;6;0;0;1;1;0;2;1;68;55;103;78;1.48;1.63;3.11;1;0;1;0;0;0;1;1;0;0;0;1;0;0;-1;-1;-1;-1;-1;-1;-1;-1;-1;0;9;25;50;83;17;67;50;9;9;0.83;3.83;1.67;KPV;Haka;2.5;1.21;2.67;1.33;1.77;1.62;100;92;75;50;17;67;50;42;1.44;1.08;2.52;1192;27;Y;N;N;N;N;N;N
347797;426;403;2018;complete;2490;0;-1;2,31,86;17;3;1;4;6;6;12;0;2;2;1;0;0;10;8;7;5;17;13;10;7;46;54;2;1;1.98;3.62;3.8;1.01;1.19;1.62;2.6;5.2;12.5;4.3;2.15;1.42;1.14;1.65;2.25;0;0;0;0;1.25;1.25;1.83;2.37;2.25;4;2.2;2.63;3.6;0;0;0;0;0;0;0;0;0;0;0;0;0;0;0;1.6;14;2.2;0;0;0;0;0;0;0;0;0;0;1.3;2.53;6;12;3.35;1.48;1.11;1.01;0;0;0;0;4;2;1;1;0;1;3;2018-07-21 14:00:00;426;0;65;17;57;0;1;1;1;1;5;5;2;10;2;1;0;0;3;0;1;29;28;55;63;1.97;1.58;3.55;0;0;0;0;0;0;1;1;1;0;0;0;0;0;-1;-1;-1;-1;-1;-1;-1;-1;-1;9;17;65;75;92;17;54;84;67;8.13;4.47;4.7;2.57;KTP;JJK;1.54;0.62;1.83;0.6;1.23;0.77;92;84;35;25;9;72;64;44;1.65;1.37;3.02;1192;27;Y;Y;Y;Y;N;N;Y
347798;416;6987;2018;complete;2490;0;-1;47,48,58;3,32,64;3;3;6;8;7;15;5;1;2;3;0;0;8;8;8;11;16;19;7;10;53;47;2;3;2.06;3.39;3.79;1.01;1.13;1.47;2.2;3.8;23;6.2;2.67;1.66;1.25;1.53;2.5;3;1.36;7;1.1;1.25;1.24;2.01;2.22;2.5;4.3;2.03;2.8;4.3;0;0;0;0;0;0;0;0;0;0;0;0;0;0;0;1.59;20.5;2.48;3.5;11;0;0;0;0;0;0;0;0;1.22;2.16;5.2;11;3.98;1.68;1.14;1.02;0;0;0;0;6;0;2;3;1;4;2;2018-07-25 15:30:00;-1;0;52;36;23;0;1;1;4;4;4;3;8;7;1;2;1;1;3;2;1;68;60;91;108;2.06;2.19;4.25;1;0;1;0;0;0;1;1;0;1;1;0;1;0;-1;-1;-1;-1;-1;-1;-1;-1;-1;30;60;84;92;92;36;84;85;62;10.5;4.1;5.47;3.63;Jaro;Kajaani;1.21;0.79;1.17;0.71;1.54;1.08;70;41;17;9;9;83;67;59;1.35;1.79;3.14;1192;27;Y;Y;Y;Y;Y;Y;Y
347799;404;403;2018;complete;2490;0;-1;13,39;19,81;2;2;4;2;3;5;1;1;3;1;0;0;5;7;8;3;13;10;18;10;55;45;3;1;1.44;4.54;7.87;1.01;1.19;1.65;2.6;4.25;9;4.45;2.27;1.43;1.18;2.05;1.77;1.9;1.8;7;1.1;1.03;1.1;2.8;1.76;2.55;8.2;1.67;2.88;5.5;0;0;0;0;1.72;0;0;0;0;2;0;0;0;0;0;1.32;16.5;3.8;2.2;13;0;0;0;0;0;0;0;0;1.31;2.5;6;13;3.4;1.52;1.11;1.01;0;0;0;0;4;2;1;0;1;1;3;2018-07-27 15:30:00;-1;0;63;16;48;0;1;1;1;1;1;2;2;3;0;1;3;0;1;3;1;55;35;87;77;1.57;1.38;2.95;0;0;0;0;0;0;1;1;0;0;0;0;0;0;-1;-1;-1;-1;-1;-1;-1;-1;-1;0;9;56;100;100;16;54;93;77;8.19;4.24;4.29;2.65;HIFK;JJK;2.21;0.62;2.43;0.5;2.08;0.71;100;92;44;0;0;69;62;31;1.48;1.41;2.89;1192;27;Y;Y;Y;Y;N;N;Y
347800;424;426;2018;complete;2490;0;-1;7,45,64;;3;0;3;9;3;12;-1;-1;-1;-1;-1;-1;7;4;12;8;19;12;-1;-1;50;50;-1;-1;1.92;3.71;3.95;1.01;1.18;1.61;2.55;5.2;13.25;4.6;2.36;1.51;1.14;1.62;2.3;0;0;0;0;1.15;1.25;1.85;2.53;2.33;3.88;2.2;2.63;3.6;0;0;0;0;0;0;0;0;0;0;0;0;0;0;0;1.71;16.75;2.29;0;0;0;0;0;0;0;0;0;0;1.27;2.35;5.9;12;3.7;1.58;1.11;1.02;0;0;0;0;3;2;0;1;0;1;2;2018-07-28 11:00:00;424;0;64;29;43;0;1;-1;4;1;5;2;5;7;-1;-1;-1;-1;-1;-1;1;58;39;87;97;2.1;1.33;3.43;0;0;0;0;0;0;1;1;1;0;1;0;-1;-1;-1;-1;-1;-1;-1;-1;-1;-1;-1;15;43;50;86;100;43;71;79;50;12.67;1;4.72;3;Haka;KTP;2;0.64;1.86;0.71;1.5;1.36;86;57;50;15;0;69;62;45;1.65;1.54;3.19;1192;27;Y;Y;Y;N;N;N;N
347801;416;423;2018;complete;2490;0;-1;;51,57,90;0;3;3;3;5;8;5;1;2;2;1;0;6;5;4;2;10;7;13;14;46;54;3;2;2.1;3.49;3.55;1.03;1.29;1.91;3.3;7;8.9;3.32;1.83;1.27;1.08;1.91;1.91;2.37;1.53;4.33;1.2;1.2;1.3;1.7;2.4;2.17;4.9;2.3;2.4;3.75;0;0;0;0;1.9;0;0;0;0;1.8;0;0;0;0;0;1.53;10;2.75;3;6.5;0;0;0;0;0;0;0;0;1.39;2.91;7.5;17;2.95;1.4;1.06;1.01;0;0;0;0;3;0;0;0;3;3;0;2018-07-28 12:00:00;423;0;36;7;29;0;1;1;2;3;1;2;5;3;0;1;3;1;1;4;1;30;20;62;51;1.27;0.94;2.21;0;1;0;1;0;0;1;1;0;0;0;0;0;0;-1;-1;-1;-1;-1;-1;-1;-1;-1;15;29;43;72;79;14;43;72;57;11.43;2.71;4.72;2.43;Jaro;EIF;1.21;1.57;1.14;1.57;1.5;1.79;86;72;58;29;22;72;64;57;1.45;1.41;2.86;1192;27;Y;Y;Y;N;N;N;N
347802;421;425;2018;complete;2490;0;-1;65;59,90;1;2;3;4;5;9;-1;-1;1;1;2;0;2;3;0;0;2;3;-1;-1;50;50;5;1;1.82;3.57;4.67;1.05;1.36;2.15;3.95;7.75;8.3;3.04;1.73;1.21;1.06;2;1.8;2.5;1.5;3.5;1.28;1.15;1.25;1.85;2.65;2.11;4.33;2.4;2.37;3.75;0;0;0;0;0;0;0;0;0;0;0;0;0;0;0;1.66;8.5;2.5;3.25;5.5;0;0;0;0;0;0;0;0;1.43;3.1;8.5;21;2.79;1.36;1.05;1.01;0;0;0;0;3;0;0;1;2;3;0;2018-07-28 14:00:00;425;0;22;7;14;0;1;1;3;0;1;5;3;6;0;1;3;0;1;3;1;42;41;0;0;0.56;0.68;1.24;0;1;0;1;0;0;1;1;0;0;0;0;0;0;-1;-1;-1;-1;-1;-1;-1;-1;-1;0;0;29;43;93;14;57;50;22;13.14;1.14;3.43;1.65;KPV;Oulu;2.5;1.23;2.71;0.43;1.86;1.08;100;100;71;57;7;79;79;64;1.45;1.79;3.24;1192;27;Y;Y;Y;N;N;N;Y
347803;6987;6986;2018;complete;2490;0;-1;60,69;27,84;2;2;4;4;3;7;-1;-1;4;0;1;0;7;4;8;4;15;8;-1;-1;50;50;5;0;1.62;4.27;5.2;1;1.11;1.4;2;0;0;0;0;0;0;1.56;2.45;2.75;1.4;10;1.06;0;0;0;0;0;0;1.72;3.1;4.75;0;0;0;0;0;0;0;0;0;0;0;0;0;0;0;1.36;23;3;3.1;13;0;0;0;0;0;0;0;0;1.22;2;4.33;11;4;1.72;1.2;1.05;0;0;0;0;4;0;1;2;1;3;1;2018-07-28 14:00:00;-1;0;50;9;42;0;1;1;0;2;4;1;2;5;2;0;3;0;2;3;1;59;39;113;101;1.87;1.08;2.95;0;0;0;0;0;0;1;1;0;0;0;0;0;0;-1;-1;-1;-1;-1;-1;-1;-1;-1;0;17;50;83;92;17;50;84;67;8.67;0.33;4;2.42;Kajaani;Klubi-04;1;0.43;1.5;0.33;1.07;0.75;100;83;50;17;9;75;58;50;1.58;0.97;2.55;1192;27;Y;Y;Y;Y;N;N;Y
347804;403;424;2018;complete;2490;0;-1;27,65;45,63;2;2;4;7;4;11;2;0;1;2;0;0;7;9;3;8;10;17;16;11;45;55;1;2;2.94;3.52;2.38;1.02;1.2;1.67;2.7;4.75;7;3.55;1.95;1.4;1.15;1.65;2.25;4.33;1.2;3.4;1.3;1.6;1.25;1.3;3.46;2.3;2.79;3.28;2.48;2.67;0;0;0;0;1.8;0;0;0;0;1.9;0;0;0;0;0;2.13;15.25;1.83;6;4.33;0;0;0;0;0;0;0;0;1.31;2.5;6;19;3.4;1.52;1.1;1.02;0;0;0;0;4;1;1;1;1;2;2;2018-08-04 14:00:00;-1;0;32;26;13;0;1;1;2;3;5;1;5;6;1;2;0;0;3;0;1;28;35;55;61;1.32;1.95;3.27;0;0;0;0;0;0;1;1;0;0;0;1;0;1;-1;-1;-1;-1;-1;-1;-1;-1;-1;7;26;26;66;87;26;81;60;13;9.74;1.31;4.02;2.3;JJK;Haka;0.86;1.21;0.88;1.14;0.73;1.6;94;75;75;34;14;67;47;40;1.49;1.16;2.65;1192;27;Y;Y;Y;Y;N;N;Y
347805;423;6987;2018;complete;2490;0;-1;7,13,31,69;38,75,79;4;3;7;3;10;13;4;6;1;0;0;0;5;8;2;3;7;11;12;10;52;48;1;0;1.82;3.78;4.34;1.01;1.19;1.62;2.6;5.25;10.5;4.5;2.34;1.45;1.15;1.65;2.25;3.25;1.33;5.5;1.14;1.15;1.25;1.95;2.12;2.54;4.6;2.09;2.83;4;0;0;0;0;1.8;0;0;0;0;1.9;0;0;0;0;0;1.56;18.25;2.6;3.75;8;0;0;0;0;0;0;0;0;1.29;2.4;5.75;17;3.58;1.56;1.11;1.02;0;0;0;0;7;3;1;1;2;3;4;2018-08-04 14:00:00;423;0;59;39;34;0;1;1;1;2;2;8;3;10;1;0;0;0;1;0;1;37;50;98;107;1.07;1.62;2.7;0;0;0;0;0;0;1;1;1;0;0;0;0;0;-1;-1;-1;-1;-1;-1;-1;-1;-1;32;51;65;72;86;45;72;73;46;9.71;2.81;6.13;3.17;EIF;Kajaani;2.08;0.79;2;0.75;1.87;1.07;68;50;36;29;15;79;64;57;1.17;1.85;3.02;1192;27;Y;Y;Y;Y;Y;Y;Y
347806;425;416;2018;complete;2490;0;-1;17,32,61,61;25;4;1;5;5;0;5;-1;-1;1;3;0;0;8;4;9;10;17;14;-1;-1;60;40;1;3;2.04;3.53;3.71;1.02;1.23;1.74;2.9;5.75;11;3.8;2.01;1.32;1.13;1.77;2.05;2.62;1.44;5;1.16;1.2;1.3;1.7;2.24;2.34;4.8;2.23;2.53;4.2;0;0;0;0;1.72;0;0;0;0;2;0;0;0;0;0;1.57;13.75;2.69;3.2;8.5;0;0;0;0;0;0;0;0;1.35;2.71;7;19;3.15;1.45;1.1;1.02;0;0;0;0;5;2;1;2;0;2;3;2018-08-04 14:00:00;425;0;40;16;31;0;1;1;1;0;4;0;1;4;0;1;1;2;1;3;1;58;44;79;72;2.04;1.48;3.52;0;0;0;0;0;0;1;1;0;0;0;0;0;0;-1;-1;-1;-1;-1;-1;-1;-1;-1;7;24;40;55;85;16;69;62;31;10.81;3;3.38;2.31;Oulu;Jaro;2;1.62;1.83;1.86;1.21;1.4;93;77;61;45;16;77;62;47;1.49;1.46;2.95;1192;27;Y;Y;Y;Y;Y;N;Y
347807;6986;421;2018;complete;2490;0;-1;31;42;1;1;2;0;9;9;2;2;3;2;0;0;4;4;5;4;9;8;14;17;53;47;3;2;4.05;3.58;1.93;0;0;0;0;0;0;0;0;0;0;0;0;0;0;0;0;0;0;0;0;0;0;0;0;0;0;0;0;0;0;0;0;0;0;0;0;0;0;0;0;0;0;0;0;0;0;0;0;0;0;0;0;0;0;0;0;0;0;0;0;0;0;0;0;0;2;1;1;0;0;0;2;2018-08-05 15:30:00;-1;0;40;9;31;0;1;1;0;5;0;4;5;4;0;1;3;1;1;4;1;0;0;0;0;1.33;1.38;2.71;0;0;0;0;0;0;1;1;0;0;0;0;0;0;-1;-1;-1;-1;-1;-1;-1;-1;-1;17;31;40;62;93;9;47;93;47;8.29;5.19;3.53;2.59;Klubi-04;KPV;1;1.31;1.17;1;0.77;1.73;84;69;61;38;7;55;32;32;1.39;1.64;3.03;1192;27;Y;Y;N;N;N;N;Y
347808;426;404;2018;complete;2490;0;-1;33,90;44;2;1;3;4;4;8;4;1;0;0;0;0;6;6;6;5;12;11;15;7;50;50;0;0;0;0;0;0;0;0;0;0;0;0;0;0;0;0;0;0;0;0;0;0;0;0;0;0;0;0;0;0;0;0;0;0;0;0;0;0;0;0;0;0;0;0;0;0;0;0;0;0;0;0;0;0;0;0;0;0;0;0;0;0;0;0;0;0;0;0;0;0;3;1;1;1;0;1;2;2018-08-06 15:30:00;426;0;54;30;31;0;1;-1;2;1;2;3;3;5;0;0;0;0;0;0;1;0;0;0;0;1.65;1.54;3.18;-1;-1;-1;-1;-1;-1;-1;1;0;0;1;0;-1;-1;-1;-1;-1;-1;-1;-1;-1;-1;-1;7;30;62;70;85;30;69;77;40;10.76;3.43;5.1;2.54;KTP;HIFK;1.54;1.77;2;1.67;1.27;2;93;70;38;30;16;77;69;69;1.7;1.49;3.19;1192;27;Y;Y;Y;N;N;N;Y
347809;425;6986;2018;complete;2490;0;-1;37,49,78;28;3;1;4;6;3;9;-1;-1;-1;-1;-1;-1;8;4;2;2;10;6;-1;-1;53;47;-1;-1;1.31;5.05;8;1.01;1.14;1.5;2.25;0;0;0;0;0;0;1.91;1.91;0;0;0;0;0;0;0;0;0;0;0;0;0;0;0;0;0;0;0;0;0;0;0;0;0;0;0;0;0;0;0;0;0;0;0;0;0;0;0;0;0;0;0;0;0;0;0;0;0;0;0;0;0;4;1;1;2;0;2;2;2018-08-08 15:30:00;425;0;57;22;36;0;1;-1;4;0;2;3;4;5;-1;-1;-1;-1;-1;-1;1;0;0;0;0;1.63;0.97;2.59;0;0;0;0;0;0;1;1;0;0;0;0;-1;-1;-1;-1;-1;-1;-1;-1;-1;-1;-1;7;36;57;79;86;29;64;71;57;8.57;1.71;3.14;2.64;Oulu;Klubi-04;2;0.43;2;0.43;1.33;0.79;93;64;43;22;14;64;64;50;1.57;0.98;2.55;1192;27;Y;Y;Y;Y;N;N;Y
347810;416;426;2018;complete;2490;0;-1;;77;0;1;1;3;4;7;2;5;3;1;0;0;6;5;6;8;12;13;12;14;49;51;3;1;2;3.45;3.35;1.01;1.17;1.59;2.45;0;0;0;0;0;0;1.57;2.4;0;0;0;0;0;0;0;0;0;0;0;0;0;0;0;0;0;0;0;0;0;0;0;0;0;0;0;0;0;0;0;0;0;0;0;0;0;0;0;0;0;0;0;0;0;0;0;0;0;0;0;0;0;1;0;0;0;1;1;0;2018-08-11 14:00:00;426;0;38;13;32;0;1;1;0;3;3;1;3;4;1;1;2;0;2;2;1;0;0;0;0;1.44;1.38;2.81;0;0;0;0;0;0;1;1;0;0;0;0;0;0;-1;-1;-1;-1;-1;-1;-1;-1;-1;25;38;63;82;94;26;69;82;57;11.26;4.88;5.67;3.13;Jaro;KTP;1.21;0.64;1;0.63;1.31;1.38;75;63;38;19;7;75;63;57;1.43;1.51;2.94;1192;27;Y;N;N;N;N;N;N
347811;421;404;2018;complete;2490;0;-1;18,76;48,90;2;2;4;3;3;6;-1;-1;1;1;0;0;6;6;2;7;8;13;-1;-1;51;49;1;1;0;0;0;0;0;0;0;0;0;0;0;0;0;0;0;0;0;0;0;0;0;0;0;0;0;0;0;0;0;0;0;0;0;0;0;0;0;0;0;0;0;0;0;0;0;0;0;0;0;0;0;0;0;0;0;0;0;0;0;0;0;0;0;0;0;0;0;0;4;1;0;1;2;3;1;2018-08-11 14:00:00;-1;0;48;21;27;0;1;1;2;1;1;2;3;3;0;1;1;0;1;1;1;0;0;0;0;1.3;1.75;3.05;0;0;0;0;0;0;1;1;0;0;0;0;0;0;-1;-1;-1;-1;-1;-1;-1;-1;-1;0;7;55;62;87;21;61;62;34;9.77;2.11;4.17;2.1;KPV;HIFK;2.5;1.77;2.38;1.43;1.69;1.87;100;93;46;39;14;66;60;60;1.34;1.5;2.84;1192;27;Y;Y;Y;Y;N;N;Y
347812;6987;403;2018;complete;2490;0;-1;;11;0;1;1;7;4;11;-1;-1;1;1;1;0;5;5;5;4;10;9;-1;-1;51;49;3;1;1.69;3.95;4.1;1;1.1;1.37;1.95;0;0;0;0;0;0;1.44;2.75;0;0;0;0;0;0;0;0;0;0;0;0;0;0;0;0;0;0;0;0;0;0;0;0;0;0;0;0;0;0;0;0;0;0;0;0;0;0;0;0;0;0;0;0;0;0;0;0;0;0;0;0;0;1;0;1;0;0;0;1;2018-08-11 14:00:00;403;0;72;15;57;0;1;1;4;1;3;3;5;6;1;0;1;1;1;2;1;0;0;0;0;1.37;1.29;2.66;0;0;0;0;0;0;1;1;0;0;1;1;0;0;-1;-1;-1;-1;-1;-1;-1;-1;-1;0;29;72;93;100;15;57;100;71;8.72;1.43;4.43;2.93;Kajaani;JJK;1;0.62;1.43;0.57;1;0.75;100;71;29;7;0;57;43;29;1.62;1.4;3.02;1192;27;Y;N;N;N;N;N;N
347813;6986;424;2018;complete;2490;0;-1;64;71;1;1;2;3;9;12;1;3;1;0;0;0;2;2;1;9;3;11;23;11;44;56;1;0;3.95;3.45;1.83;1.01;1.19;1.65;2.65;0;0;0;0;0;0;1.69;2.15;0;0;0;0;0;0;0;0;0;0;0;0;0;0;0;0;0;0;0;0;0;0;0;0;0;0;0;0;0;0;0;0;0;0;0;0;0;0;0;0;0;0;0;0;0;0;0;0;0;0;0;0;0;2;0;0;1;1;2;0;2018-08-12 15:30:00;-1;0;41;27;21;0;1;1;2;4;1;5;6;6;0;0;1;0;0;1;1;0;0;0;0;0.65;1.57;2.22;0;0;0;0;0;0;1;1;0;0;0;0;0;0;-1;-1;-1;-1;-1;-1;-1;-1;-1;15;27;34;67;94;27;73;75;28;8.18;4.38;3.99;2.5;Klubi-04;Haka;1;1.21;1.14;1.13;0.73;1.56;86;73;66;34;7;73;47;41;1.38;1.26;2.64;1192;27;Y;Y;N;N;N;N;Y
347814;425;423;2018;complete;2490;0;-1;74;47;1;1;2;4;2;6;-1;-1;4;2;0;0;8;3;1;2;9;5;-1;-1;54;46;4;2;1.69;3.75;4.45;1.03;1.26;1.83;3.1;0;0;0;0;0;0;1.91;1.91;0;0;0;0;0;0;0;0;0;0;0;0;0;0;0;0;0;0;0;0;0;0;0;0;0;0;0;0;0;0;0;0;0;0;0;0;0;0;0;0;0;0;0;0;0;0;0;0;0;0;0;0;0;2;0;0;1;1;2;0;2018-08-13 15:30:00;-1;0;51;26;25;0;1;1;2;1;2;1;3;3;0;1;4;1;1;5;1;0;0;0;0;1.62;0.83;2.46;0;0;0;0;0;0;1;1;0;0;2;0;0;0;-1;-1;-1;-1;-1;-1;-1;-1;-1;7;32;44;69;82;26;44;69;50;11.01;0.37;3.95;2.32;Oulu;EIF;2;1.57;2.13;1.75;1.44;1.94;94;69;57;32;19;57;50;44;1.58;1.35;2.93;1192;27;Y;Y;N;N;N;N;Y
347815;424;416;2018;complete;2490;0;-1;17;;1;0;1;3;6;9;-1;-1;1;3;0;0;4;3;4;9;8;12;-1;-1;49;51;1;3;1.91;3.4;3.7;1.03;1.23;1.87;3.2;0;0;0;0;0;0;1.83;2;0;0;0;0;0;0;0;0;0;0;0;0;0;0;0;0;0;0;0;0;0;0;0;0;0;0;0;0;0;0;0;0;0;0;0;0;0;0;0;0;0;0;0;0;0;0;0;0;0;0;0;0;0;1;1;0;0;0;0;1;2018-08-17 15:30:00;424;0;51;25;32;0;1;1;1;4;2;2;5;4;0;0;1;3;0;4;1;0;0;0;0;1.12;1.45;2.58;0;0;0;0;0;0;1;1;0;0;0;1;0;0;-1;-1;-1;-1;-1;-1;-1;-1;-1;13;32;51;75;94;44;75;76;44;11.5;0.63;3.31;2.82;Haka;Jaro;2;1.62;2;1.63;1.53;1.24;88;69;51;25;7;73;61;41;1.71;1.46;3.17;1192;27;Y;N;N;N;N;N;N
347816;403;425;2018;complete;2490;0;-1;5;39,79;1;2;3;1;4;5;-1;-1;4;1;0;0;5;4;3;7;8;11;-1;-1;48;52;4;1;3.35;3.4;2;1.02;1.23;1.77;2.9;0;0;0;0;0;0;1.74;2.1;0;0;0;0;0;0;0;0;0;0;0;0;0;0;0;0;0;0;0;0;0;0;0;0;0;0;0;0;0;0;0;0;0;0;0;0;0;0;0;0;0;0;0;0;0;0;0;0;0;0;0;0;0;3;1;1;0;1;1;2;2018-08-18 14:00:00;425;0;41;22;29;0;1;1;0;1;1;3;1;4;0;0;4;1;0;5;1;0;0;0;0;1.13;1.39;2.52;0;1;0;1;0;0;1;1;1;0;0;0;0;0;-1;-1;-1;-1;-1;-1;-1;-1;-1;6;22;41;71;95;29;64;71;36;13.11;1.5;3.66;2.5;JJK;Oulu;0.86;1.23;0.89;0.75;0.88;1.41;95;78;60;30;6;78;66;53;1.47;1.65;3.12;1192;27;Y;Y;Y;N;N;N;Y
347817;404;6987;2018;complete;2490;0;-1;64,90;61,90;2;2;4;14;2;16;3;1;1;2;0;0;10;7;11;3;21;10;12;7;62;38;1;2;1.51;4.25;5.2;1.01;1.16;1.54;2.35;0;0;0;0;0;0;1.69;2.2;0;0;0;0;0;0;0;0;0;0;0;0;0;0;0;0;0;0;0;0;0;0;0;0;0;0;0;0;0;0;0;0;0;0;0;0;0;0;0;0;0;0;0;0;0;0;0;0;0;0;0;0;0;4;0;0;2;2;4;0;2018-08-19 15:30:00;-1;0;70;46;35;0;1;1;5;2;9;0;7;9;1;0;0;2;1;2;1;0;0;0;0;2.39;1.47;3.86;0;0;0;0;0;0;1;1;0;0;0;0;0;0;-1;-1;-1;-1;-1;-1;-1;-1;-1;28;51;69;100;100;52;82;89;65;10.25;3.39;5.16;3.7;HIFK;Kajaani;2.21;0.79;2.25;0.67;1.81;0.94;72;50;32;0;0;76;63;50;1.49;1.82;3.31;1192;27;Y;Y;Y;Y;N;N;Y
347818;423;6986;2018;complete;2490;0;-1;28,37,43,53,72;;5;0;5;3;0;3;1;5;4;3;0;0;12;2;7;2;19;4;15;13;48;52;4;3;1.51;3.95;5.7;1.02;1.21;1.71;2.75;0;0;0;0;0;0;1.87;1.95;0;0;0;0;0;0;0;0;0;0;0;0;0;0;0;0;0;0;0;0;0;0;0;0;0;0;0;0;0;0;0;0;0;0;0;0;0;0;0;0;0;0;0;0;0;0;0;0;0;0;0;0;0;5;3;0;2;0;2;3;2018-08-19 15:30:00;423;0;51;25;38;0;1;1;1;0;2;0;1;2;1;1;3;2;2;5;1;0;0;0;0;2.37;0.74;3.11;0;0;0;0;0;0;1;1;0;0;0;0;0;0;-1;-1;-1;-1;-1;-1;-1;-1;-1;13;32;51;69;82;32;57;69;57;7.38;2.5;4.32;2.57;EIF;Klubi-04;2.08;0.43;2.13;0.38;1.88;0.75;88;69;51;32;19;75;63;50;1.16;0.98;2.14;1192;27;Y;Y;Y;Y;Y;N;N
347819;426;421;2018;complete;2490;0;-1;60;32,83,88;1;3;4;5;5;10;1;0;0;0;0;0;5;7;4;5;9;12;14;4;44;56;0;0;2.55;3.25;2.6;1.05;1.27;1.9;3.32;5.75;7;3.62;1.86;1.31;1.1;1.8;1.91;0;0;0;0;1.42;1.33;1.53;3.22;2.11;3.36;2.85;2.39;3.2;0;0;0;0;0;0;0;0;0;0;0;0;0;0;0;1.95;10;2.05;0;0;0;0;0;0;0;0;0;0;1.37;2.83;7.5;17;3.05;1.42;1.07;1.01;0;0;0;0;4;0;1;1;2;3;1;2018-08-20 15:30:00;421;0;51;32;25;0;1;-1;2;2;3;3;4;6;0;0;0;0;0;0;1;74;86;143;161;1.47;1.88;3.35;-1;-1;-1;-1;-1;-1;-1;1;0;0;0;2;-1;-1;-1;-1;-1;-1;-1;-1;-1;-1;-1;7;32;44;63;88;32;63;75;32;10.13;2.75;4.01;2.32;KTP;KPV;1.54;1.31;2.13;1;1.47;1.65;94;69;57;38;13;63;38;38;1.69;1.61;3.3;1192;27;Y;Y;Y;Y;N;N;Y
347820;6986;404;2018;complete;2490;0;-1;83;27,63,70;1;3;4;5;5;10;1;1;1;2;0;0;4;4;3;3;7;7;13;16;48;52;1;2;0;0;0;0;0;0;0;0;0;0;0;0;0;0;0;0;0;0;0;0;0;0;0;0;0;0;0;0;0;0;0;0;0;0;0;0;0;0;0;0;0;0;0;0;0;0;0;0;0;0;0;0;0;0;0;0;0;0;0;0;0;0;0;0;0;0;0;0;4;0;1;1;2;3;1;2018-08-23 15:30:00;404;0;63;25;38;0;1;1;2;2;3;3;4;6;0;1;1;1;1;2;1;0;0;0;0;1.22;1.37;2.59;0;0;0;0;0;0;1;1;0;0;0;1;0;1;-1;-1;-1;-1;-1;-1;-1;-1;-1;13;25;57;82;94;25;63;88;50;8.26;5.13;3.88;2.82;Klubi-04;HIFK;1;1.77;1.13;1.38;0.71;1.76;88;75;44;19;7;63;50;50;1.29;1.53;2.82;1192;27;Y;Y;Y;Y;N;N;Y
347821;425;6987;2018;complete;2490;0;-1;;;0;0;0;11;5;16;-1;-1;2;2;0;1;5;3;3;1;8;4;-1;-1;61;39;2;3;1.59;4.1;4.7;1;1.13;1.45;2.15;0;0;0;0;0;0;1.57;2.4;0;0;0;0;0;0;0;0;0;0;0;0;0;0;0;0;0;0;0;0;0;0;0;0;0;0;0;0;0;0;0;0;0;0;0;0;0;0;0;0;0;0;0;0;0;0;0;0;0;0;0;0;0;0;0;0;0;0;0;0;2018-08-24 15:30:00;-1;0;79;47;42;0;1;1;5;2;6;3;7;9;0;2;2;1;2;3;1;0;0;0;0;1.49;0.74;2.23;0;0;0;0;0;0;1;1;0;0;1;0;0;0;-1;-1;-1;-1;-1;-1;-1;-1;-1;31;67;78;89;95;52;79;84;63;10.77;2.13;4.58;3.79;Oulu;Kajaani;2;0.79;2;0.7;1.5;0.94;70;33;22;11;6;73;61;56;1.58;1.78;3.36;1192;27;N;N;N;N;N;N;N
347822;421;403;2018;complete;2490;0;-1;22,48,81,87;26;4;1;5;4;2;6;0;1;0;4;0;0;9;6;13;4;22;10;15;13;59;41;0;4;1.47;4.15;6;1.02;1.22;1.74;2.85;0;0;0;0;0;0;1.91;1.91;0;0;0;0;0;0;0;0;0;0;0;0;0;0;0;0;0;0;0;0;0;0;0;0;0;0;0;0;0;0;0;0;0;0;0;0;0;0;0;0;0;0;0;0;0;0;0;0;0;0;0;0;0;5;1;1;3;0;3;2;2018-08-25 12:00:00;421;0;60;18;42;0;1;1;2;0;2;2;2;4;0;0;0;4;0;4;1;0;0;0;0;2.26;1.19;3.46;0;0;0;0;0;0;1;1;0;0;1;0;0;0;-1;-1;-1;-1;-1;-1;-1;-1;-1;0;18;60;66;95;18;60;66;48;7.82;2.11;3.53;2.39;KPV;JJK;2.5;0.62;2.22;0.88;1.72;0.83;100;82;41;35;6;65;60;47;1.33;1.39;2.72;1192;27;Y;Y;Y;Y;Y;N;Y
347823;426;423;2018;complete;2490;0;-1;82;65;1;1;2;3;4;7;3;0;4;2;0;0;8;4;4;7;12;11;20;12;46;54;4;2;2.3;3.25;2.85;1.03;1.26;1.83;3.15;0;0;0;0;0;0;1.77;2.1;0;0;0;0;0;0;0;0;0;0;0;0;0;0;0;0;0;0;0;0;0;0;0;0;0;0;0;0;0;0;0;0;0;0;0;0;0;0;0;0;0;0;0;0;0;0;0;0;0;0;0;0;0;2;0;0;1;1;2;0;2018-08-27 15:30:00;-1;0;56;28;33;0;1;1;0;2;3;2;2;5;2;1;2;1;3;3;1;0;0;0;0;1.5;1.16;2.66;0;0;0;0;0;0;1;1;0;0;0;0;0;0;-1;-1;-1;-1;-1;-1;-1;-1;-1;6;28;45;67;84;28;45;73;45;10.22;1.45;4.22;2.28;KTP;EIF;1.54;1.57;1.89;1.67;1.39;1.94;95;73;56;33;17;61;56;50;1.66;1.29;2.95;1192;27;Y;Y;N;N;N;N;Y
347824;416;6986;2018;complete;2490;0;-1;29,62;;2;0;2;4;6;10;2;1;2;3;0;0;10;3;12;3;22;6;14;11;49;51;2;3;1.35;4.75;7.5;1.01;1.18;1.59;2.5;0;0;0;0;0;0;1.87;1.95;0;0;0;0;0;0;0;0;0;0;0;0;0;0;0;0;0;0;0;0;0;0;0;0;0;0;0;0;0;0;0;0;0;0;0;0;0;0;0;0;0;0;0;0;0;0;0;0;0;0;0;0;0;2;1;0;1;0;1;1;2018-08-27 15:30:00;416;0;39;11;28;0;1;1;1;2;3;4;3;7;1;2;1;1;3;2;1;0;0;0;0;2.35;0.77;3.12;0;0;0;0;0;0;1;1;0;0;0;1;0;1;-1;-1;-1;-1;-1;-1;-1;-1;-1;17;39;67;84;89;28;62;84;73;8;4.33;4.19;3;Jaro;Klubi-04;1.21;0.43;0.89;0.33;1.17;0.67;84;62;33;17;11;67;56;44;1.43;0.95;2.38;1192;27;Y;Y;N;N;N;N;N
347825;404;424;2018;complete;2490;0;-1;9,15;;2;0;2;5;6;11;2;3;1;0;0;0;8;0;6;3;14;3;13;11;42;58;1;0;1.8;3.4;4.3;1.04;1.32;2;3.55;8;8.5;3.54;1.83;1.29;1.07;2;1.83;2.25;1.57;4.33;1.2;1.22;1.29;1.9;2.4;2.16;4.95;2.23;2.48;4.35;0;0;0;0;1.72;0;0;0;0;2;0;0;0;0;0;1.62;10.75;2.7;2.87;7.5;0;0;0;0;0;0;0;0;1.39;2.91;7.5;4.75;2.95;1.4;1.06;1.15;0;0;0;0;2;2;0;0;0;0;2;2018-08-27 15:30:00;404;0;45;22;28;0;1;1;2;3;3;3;5;6;1;0;0;0;1;0;1;79;78;126;147;2.02;0.78;2.79;0;0;0;0;0;0;1;1;1;0;0;0;0;0;-1;-1;-1;-1;-1;-1;-1;-1;-1;0;22;33;84;95;22;67;78;45;10.78;2.34;4.11;2.34;HIFK;Haka;2.21;1.21;2.11;1.11;1.83;1.61;100;78;67;17;6;73;56;39;1.59;1.29;2.88;1192;27;Y;Y;N;N;N;N;N
347826;416;421;2018;complete;2490;0;-1;33,57,60;;3;0;3;7;6;13;0;0;3;0;0;0;9;3;4;11;13;14;12;14;47;53;3;0;2.7;3.2;2.45;1.05;1.33;2.05;3.65;7.5;9.5;3.3;1.73;1.25;1.08;1.91;1.91;3.4;1.3;3.25;1.33;1.55;1.37;1.41;3.3;2.05;3.05;2.87;2.4;2.75;0;0;0;0;0;0;0;0;0;0;0;0;0;0;0;2.1;9;1.83;4.75;4.5;0;0;0;0;0;0;0;0;1.44;3;8;23;2.62;1.36;1.08;1.01;0;0;0;0;3;1;0;2;0;2;1;2018-09-01 13:00:00;416;0;32;6;27;0;1;1;3;2;4;4;5;8;1;0;2;0;1;2;1;29;27;59;51;1.66;1.28;2.94;0;0;0;0;0;0;1;1;0;0;1;0;0;0;-1;-1;-1;-1;-1;-1;-1;-1;-1;10;32;47;74;90;11;58;84;52;10.09;3.89;4.07;2.56;Jaro;KPV;1.21;1.31;1.1;1.22;1.26;1.79;90;69;54;27;11;63;41;26;1.52;1.64;3.16;1192;27;Y;Y;Y;N;N;N;N
347827;6986;403;2018;complete;2490;0;-1;54,58;42,50;2;2;4;4;4;8;0;2;1;3;0;0;11;4;9;2;20;6;15;17;53;47;1;3;2.4;3.75;2.45;1.01;1.18;1.61;2.55;0;0;0;0;0;0;1.59;2.4;4;1.22;4;1.22;1.5;1.3;1.55;3.2;2.3;3;2.75;2.62;2.62;0;0;0;0;1.72;0;0;0;0;2;0;0;0;0;0;2.04;15;1.8;5.5;5;0;0;0;0;0;0;0;0;1.33;2.5;6;17;3.25;1.5;1.12;1.02;0;0;0;0;4;0;1;2;1;3;1;2018-09-01 14:00:00;-1;0;73;28;44;0;1;1;3;2;1;2;5;3;0;1;1;2;1;3;1;87;64;150;131;2.66;1.14;3.8;0;0;0;0;0;0;1;1;0;0;1;1;0;0;-1;-1;-1;-1;-1;-1;-1;-1;-1;17;33;61;84;100;28;62;89;62;6.78;5.22;3.67;3.06;Klubi-04;JJK;1;0.62;1;0.78;0.63;0.79;84;67;39;17;0;67;56;39;1.28;1.37;2.65;1192;27;Y;Y;Y;Y;N;N;Y
347828;425;404;2018;complete;2490;0;-1;23,39;59;2;1;3;4;5;9;-1;-1;1;3;0;0;7;3;7;8;14;11;-1;-1;50;50;1;3;2.4;3.2;2.8;1.04;1.3;1.95;3.4;7.5;9.5;3.25;1.79;1.24;1.08;1.83;2;3;1.36;3.4;1.3;1.41;1.34;1.6;3.2;2.04;3.5;2.75;2.37;3.1;0;0;0;0;0;0;0;0;0;0;0;0;0;0;0;1.83;9;2.2;4;4.75;0;0;0;0;0;0;0;0;1.44;3.25;9;26;2.62;1.33;1.07;1.01;0;0;0;0;3;2;0;0;1;1;2;2018-09-01 14:00:00;425;0;64;26;37;0;1;1;2;1;2;4;3;6;0;0;1;3;0;4;1;43;53;104;107;1.69;1.3;2.99;0;0;0;0;0;0;1;1;0;0;1;0;0;0;-1;-1;-1;-1;-1;-1;-1;-1;-1;5;37;64;80;85;26;69;80;53;10.89;1.64;4;2.7;Oulu;HIFK;2;1.77;1.9;1.56;1.47;1.89;95;64;36;21;16;58;53;42;1.57;1.51;3.08;1192;27;Y;Y;Y;N;N;N;Y
347829;6987;426;2018;complete;2490;0;-1;45,84,87;9;3;1;4;3;7;10;-1;-1;4;2;0;0;6;5;8;7;14;12;-1;-1;50;50;4;2;2.25;3.6;2.75;1.01;1.14;1.49;2.25;4.5;15;5;2.4;1.52;1.2;1.49;2.6;0;0;0;0;1.4;1.25;1.53;2.71;2.32;3.15;2.5;2.5;3.1;0;0;0;0;0;0;0;0;0;0;0;0;0;0;0;1.91;15;2.05;0;0;0;0;0;0;0;0;0;0;1.3;2.3;5.6;13;3.25;1.55;1.12;1.02;0;0;0;0;4;1;1;2;0;2;2;2018-09-01 14:00:00;6987;0;47;11;42;0;1;1;3;5;0;2;8;2;0;1;4;1;1;5;1;58;50;114;83;1.73;1.47;3.2;0;0;0;0;0;0;1;1;0;1;2;0;0;0;-1;-1;-1;-1;-1;-1;-1;-1;-1;11;29;47;71;100;17;65;83;48;11.07;1;5.63;2.64;Kajaani;KTP;1;0.64;1.25;0.89;0.95;1.37;89;71;53;29;0;65;47;47;1.59;1.49;3.08;1192;27;Y;Y;Y;Y;N;N;Y
347830;423;424;2018;complete;2490;0;-1;18,87;52;2;1;3;6;7;13;0;6;4;2;0;0;8;6;5;5;13;11;6;11;56;44;4;2;2.25;3.2;3;1.04;1.33;2.05;3.65;0;0;0;0;0;0;1.91;1.91;0;0;0;0;0;0;0;0;0;0;0;0;0;0;0;0;0;0;0;0;0;0;0;0;0;0;0;0;0;0;0;0;0;0;0;0;0;0;0;0;0;0;0;0;0;0;0;0;0;0;0;0;0;3;1;0;1;1;2;1;2018-09-02 15:30:00;423;0;32;21;27;0;1;1;2;4;4;3;6;7;3;2;1;0;5;1;1;0;0;0;0;1.65;1.48;3.13;0;0;0;0;0;0;1;1;0;0;0;0;0;0;-1;-1;-1;-1;-1;-1;-1;-1;-1;17;27;32;63;84;32;68;64;32;9.52;2.57;4.59;2.34;EIF;Haka;2.08;1.21;2.22;1;1.89;1.53;84;74;68;37;16;74;58;47;1.29;1.24;2.53;1192;27;Y;Y;Y;N;N;N;Y
347831;424;425;2018;complete;2490;0;-1;3,76;14,73;2;2;4;6;3;9;-1;-1;1;3;0;0;7;4;3;3;10;7;-1;-1;50;50;1;3;2.45;3.25;2.7;1.03;1.27;1.87;3.2;7;9.5;3.54;1.82;1.29;1.09;1.77;2.05;3.4;1.3;3.5;1.28;1.43;1.33;1.53;3.3;2.04;3.46;3.02;2.36;3.06;0;0;0;0;0;0;0;0;0;0;0;0;0;0;0;1.94;10.25;2.07;4.75;5;0;0;0;0;0;0;0;0;1.41;2.91;6.5;4.8;2.86;1.4;1.08;1.14;0;0;0;0;4;1;1;1;1;2;2;2018-09-06 15:30:00;-1;0;45;17;28;0;1;1;3;1;3;2;4;5;0;0;1;3;0;4;1;38;40;86;87;1.4;1.02;2.42;0;0;0;0;0;0;1;1;1;0;1;0;0;0;-1;-1;-1;-1;-1;-1;-1;-1;-1;0;17;50;78;100;39;67;78;39;14.06;0;3.16;2.45;Haka;Oulu;2;1.23;2.11;1;1.45;1.55;100;84;50;22;0;77;65;41;1.64;1.62;3.26;1192;27;Y;Y;Y;Y;N;N;Y
347832;421;6987;2018;complete;2490;0;-1;23,48,63;;3;0;3;2;5;7;1;1;2;3;0;0;6;3;4;7;10;10;13;12;56;44;2;3;1.56;4.1;5;1.01;1.16;1.54;2.35;4.2;17;4.75;2.43;1.53;1.22;1.67;2.2;2.62;1.44;8;1.08;1.12;1.22;2.5;2.12;2.53;5.24;1.8;2.87;4.75;0;0;0;0;1.72;0;0;0;0;2;0;0;0;0;0;1.5;17;2.88;2.87;12;0;0;0;0;0;0;0;0;1.29;2.4;5.75;15;3.4;1.53;1.11;1.03;0;0;0;0;3;1;0;2;0;2;1;2018-09-09 13:00:00;421;0;66;38;38;0;1;1;1;1;1;4;2;5;0;1;2;2;1;4;1;31;26;52;50;1.27;1.03;2.3;0;0;0;0;0;0;1;1;0;0;0;0;0;1;-1;-1;-1;-1;-1;-1;-1;-1;-1;28;51;71;71;91;42;71;66;52;9.7;1.65;4.33;3.28;KPV;Kajaani;2.5;0.79;2.3;0.73;1.7;1.05;73;49;30;30;10;75;65;65;1.43;1.68;3.11;1192;27;Y;Y;Y;N;N;N;N
347833;403;423;2018;complete;2490;0;-1;1,66,90;35;3;1;4;8;4;12;-1;-1;4;4;0;0;8;4;5;0;13;4;-1;-1;49;51;4;4;2.9;3.25;2.3;1.02;1.23;1.74;2.9;0;0;0;0;0;0;1.69;2.2;0;0;0;0;0;0;0;0;0;0;0;0;0;0;0;0;0;0;0;0;0;0;0;0;0;0;0;0;0;0;0;0;0;0;0;0;0;0;0;0;0;0;0;0;0;0;0;0;0;0;0;0;0;4;1;1;2;0;2;2;2018-09-09 11:00:00;403;0;55;30;35;0;1;1;2;1;6;3;3;9;2;0;2;4;2;6;1;0;0;0;0;1.74;0.85;2.59;0;0;0;0;0;0;1;1;1;0;1;0;0;0;-1;-1;-1;-1;-1;-1;-1;-1;-1;5;25;35;75;85;30;45;70;45;9.6;0.6;4.3;2.4;JJK;EIF;0.86;1.57;0.8;1.6;0.8;1.95;95;75;65;25;15;50;45;45;1.44;1.28;2.72;1192;27;Y;Y;Y;Y;N;N;Y
347834;426;6986;2018;complete;2490;0;-1;72;14,39,41;1;3;4;5;5;10;1;4;2;1;0;0;6;4;7;3;13;7;11;9;52;48;2;1;1.5;4.1;5.65;1.01;1.14;1.5;2.25;0;0;0;0;0;0;1.65;2.25;0;0;0;0;0;0;0;0;0;0;0;0;0;0;0;0;0;0;0;0;0;0;0;0;0;0;0;0;0;0;0;0;0;0;0;0;0;0;0;0;0;0;0;0;0;0;0;0;0;0;0;0;0;4;0;3;1;0;1;3;2018-09-10 15:30:00;6986;0;60;30;35;0;1;1;2;3;3;2;5;5;0;0;2;1;0;3;1;61;54;116;112;1.69;1.13;2.81;0;0;0;0;0;0;1;1;0;0;0;0;0;0;-1;-1;-1;-1;-1;-1;-1;-1;-1;10;40;60;80;90;40;70;80;55;8;3;3.99;2.8;KTP;Klubi-04;1.54;0.43;1.8;0.3;1.3;0.65;90;60;40;20;10;70;60;45;1.65;0.94;2.59;1192;27;Y;Y;Y;Y;N;N;Y
347835;404;416;2018;complete;2490;0;-1;;79;0;1;1;5;1;6;2;1;1;2;0;0;3;2;11;4;14;6;16;22;52;48;1;2;1.67;3.65;4.65;1.03;1.27;1.87;3.2;5.5;11;3.5;1.9;1.33;1.14;1.91;1.91;2.5;1.5;5;1.16;1.2;1.25;1.95;2.39;2.29;5.09;2.04;2.6;4;0;0;0;0;1.8;0;0;0;0;1.9;0;0;0;0;0;1.57;11;2.75;3;8;0;0;0;0;0;0;0;0;1.36;2.9;6.5;21;3.02;1.39;1.09;1.01;0;0;0;0;1;0;0;0;1;1;0;2018-09-10 15:30:00;416;0;42;21;26;0;1;1;3;1;2;0;4;2;0;0;1;2;0;3;1;90;62;173;141;1.76;0.99;2.75;0;0;0;0;0;0;1;1;0;0;1;0;0;0;-1;-1;-1;-1;-1;-1;-1;-1;-1;11;21;37;72;95;26;69;68;47;10.17;3.03;4.1;2.52;HIFK;Jaro;2.21;1.62;2.2;1.44;1.8;1.35;89;79;64;28;6;74;52;37;1.63;1.46;3.09;1192;27;Y;N;N;N;N;N;N
347836;425;426;2018;complete;2490;0;-1;48;;1;0;1;12;2;14;-1;-1;1;3;0;0;7;2;5;5;12;7;-1;-1;60;40;1;3;1.53;4.1;5.3;1.01;1.18;1.61;2.55;0;0;0;0;0;0;1.74;2.1;0;0;0;0;0;0;0;0;0;0;0;0;0;0;0;0;0;0;0;0;0;0;0;0;0;0;0;0;0;0;0;0;0;0;0;0;0;0;0;0;0;0;0;0;0;0;0;0;0;0;0;0;0;1;0;0;1;0;1;0;2018-09-14 15:30:00;425;0;57;29;29;0;1;1;8;1;4;1;9;5;1;2;0;1;3;1;1;0;0;0;0;1.75;0.94;2.7;0;0;0;0;0;0;1;1;0;0;1;0;0;0;-1;-1;-1;-1;-1;-1;-1;-1;-1;15;38;53;72;91;38;67;77;43;11.42;1.79;4.69;2.73;Oulu;KTP;2;0.64;2;0.8;1.52;1.24;86;62;48;29;9;67;53;43;1.58;1.49;3.07;1192;27;Y;N;N;N;N;N;N
347837;421;423;2018;complete;2490;0;-1;86,87;;2;0;2;2;7;9;-1;-1;1;0;0;0;9;5;6;11;15;16;-1;-1;51;49;1;0;0;0;0;0;0;0;0;0;0;0;0;0;0;0;0;0;0;0;0;0;0;0;0;0;0;0;0;0;0;0;0;0;0;0;0;0;0;0;0;0;0;0;0;0;0;0;0;0;0;0;0;0;0;0;0;0;0;0;0;0;0;0;0;0;0;0;0;0;2;0;0;2;0;2;0;2018-09-15 13:00:00;421;0;50;18;32;0;1;1;1;5;1;2;6;3;0;0;1;0;0;1;1;0;0;0;0;1.96;1.83;3.79;0;0;0;0;0;0;1;1;0;0;0;2;0;0;-1;-1;-1;-1;-1;-1;-1;-1;-1;5;18;41;64;87;18;41;64;55;9;0;4.09;2.14;KPV;EIF;2.5;1.57;2.36;1.45;1.76;1.86;96;82;59;36;14;50;45;45;1.41;1.24;2.65;1192;27;Y;Y;N;N;N;N;N
347838;416;403;2018;complete;2490;0;-1;27,68,90;;3;0;3;5;5;10;3;4;4;1;0;0;6;5;5;5;11;10;20;12;51;49;4;1;1.59;4.1;4.75;1.01;1.16;1.54;2.35;0;0;0;0;0;0;1.65;2.25;0;0;0;0;0;0;0;0;0;0;0;0;0;0;0;0;0;0;0;0;0;0;0;0;0;0;0;0;0;0;0;0;0;0;0;0;0;0;0;0;0;0;0;0;0;0;0;0;0;0;0;0;0;3;1;0;2;0;2;1;2018-09-15 14:00:00;416;0;49;15;34;0;1;1;2;3;3;2;5;5;2;0;2;1;2;3;1;0;0;0;0;1.35;1.11;2.46;0;0;0;0;0;0;1;1;0;0;1;2;0;0;-1;-1;-1;-1;-1;-1;-1;-1;-1;14;34;72;86;96;20;67;91;67;8.66;4.63;4.55;3.06;Jaro;JJK;1.21;0.62;1.27;0.8;1.43;0.9;86;67;28;14;5;62;57;38;1.53;1.34;2.87;1192;27;Y;Y;Y;N;N;N;N
347839;6987;424;2018;complete;2490;0;-1;80;59,74;1;2;3;11;5;16;-1;-1;4;3;0;0;10;5;7;0;17;5;-1;-1;50;50;4;3;2.25;3.5;2.8;1.01;1.17;1.57;2.45;0;0;0;0;0;0;1.56;2.45;0;0;0;0;0;0;0;0;0;0;0;0;0;0;0;0;0;0;0;0;0;0;0;0;0;0;0;0;0;0;0;0;0;0;0;0;0;0;0;0;0;0;0;0;0;0;0;0;0;0;0;0;0;3;0;0;1;2;3;0;2018-09-15 14:00:00;424;0;46;15;36;0;1;1;5;2;6;3;7;9;1;0;3;3;1;6;1;0;0;0;0;2.22;1.05;3.27;0;0;0;0;0;0;1;1;0;0;1;1;0;0;-1;-1;-1;-1;-1;-1;-1;-1;-1;0;26;42;76;96;19;75;77;47;10.78;0.36;4.51;2.38;Kajaani;Haka;1;1.21;1.44;0.91;1;1.43;100;75;59;25;5;75;54;44;1.61;1.26;2.87;1192;27;Y;Y;Y;N;N;N;Y
347840;404;6986;2018;complete;2490;0;-1;9,29,50;;3;0;3;5;1;6;0;2;1;2;0;0;5;2;6;1;11;3;10;6;47;53;1;2;0;0;0;0;0;0;0;0;0;0;0;0;0;1.8;1.9;2.2;1.61;9;1.07;1.1;1.18;3;0;0;0;1.61;3;6;0;0;0;0;0;0;0;0;0;0;0;0;0;0;0;1.28;17;3.6;2.4;15;0;0;0;0;0;0;0;0;1.28;2.25;5.5;15;3.5;1.57;1.14;1.03;0;0;0;0;3;2;0;1;0;1;2;2018-09-17 15:30:00;404;0;50;18;27;0;1;1;3;0;2;1;3;3;0;1;1;1;1;2;1;82;49;138;100;1.65;0.7;2.35;0;0;0;0;0;0;1;1;1;0;0;0;0;0;-1;-1;-1;-1;-1;-1;-1;-1;-1;5;32;50;91;96;36;64;82;60;8.63;3.18;3.8;2.73;HIFK;Klubi-04;2.21;0.43;2;0.55;1.71;0.76;96;69;50;9;5;69;60;36;1.64;0.95;2.59;1192;27;Y;Y;Y;N;N;N;N
347841;424;421;2018;complete;2490;0;-1;64;37,48;1;2;3;4;4;8;-1;-1;4;2;0;0;4;4;3;0;7;4;-1;-1;50;50;4;2;2.5;3.15;2.7;1.03;1.29;1.91;3.3;5.75;8.75;3.25;1.77;1.28;1.09;1.77;2.05;3.25;1.33;3.4;1.3;1.44;1.35;1.55;2.96;2.11;3.7;3.1;2.2;2.9;0;0;0;0;0;0;0;0;0;0;0;0;0;0;0;1.83;10;2.1;4.33;4.75;0;0;0;0;0;0;0;0;1.37;2.83;7.5;17;3.05;1.42;1.07;1.01;0;0;0;0;3;0;1;1;1;2;1;2018-09-20 15:30:00;421;0;50;20;35;0;1;1;1;2;3;2;3;5;1;0;3;2;1;5;1;57;39;120;104;1.15;0.83;1.98;0;0;0;0;0;0;1;1;0;0;0;1;0;0;-1;-1;-1;-1;-1;-1;-1;-1;-1;0;35;50;80;95;35;70;80;50;11.44;0;2.83;2.6;Haka;KPV;2;1.31;2;1.1;1.5;1.82;100;65;50;20;5;69;43;27;1.61;1.6;3.21;1192;27;Y;Y;Y;N;N;N;Y
347842;403;426;2018;complete;2490;0;-1;77,90;43,81;2;2;4;7;2;9;3;0;2;3;0;0;11;6;11;6;22;12;12;14;60;40;2;3;2.2;3.5;2.9;1.01;1.15;1.53;2.3;3.8;12.5;4.7;2.3;1.53;1.2;1.53;2.5;0;0;0;0;1.36;1.25;1.57;2.79;2.29;3.48;2.7;2.45;2.88;0;0;0;0;0;0;0;0;0;0;0;0;0;0;0;1.8;12;2.05;0;0;0;0;0;0;0;0;0;0;1.27;2.35;5.5;13;3.7;1.58;1.12;1.02;0;0;0;0;4;0;1;2;1;3;1;2018-09-20 15:30:00;-1;0;55;41;27;0;1;1;2;1;5;1;3;6;0;0;2;3;0;5;1;37;26;64;47;2.41;1.36;3.77;0;0;0;0;0;0;1;1;0;0;0;0;0;0;-1;-1;-1;-1;-1;-1;-1;-1;-1;14;41;50;73;96;46;73;78;36;10.27;2.09;5.08;2.91;JJK;KTP;0.86;0.64;1;0.73;0.86;1.18;87;60;50;27;5;69;60;55;1.47;1.44;2.91;1192;27;Y;Y;Y;Y;N;N;Y
347843;6986;425;2018;complete;2490;0;-1;90;51,62,64;1;3;4;2;6;8;4;1;1;1;0;0;3;8;4;7;7;15;12;9;44;56;1;1;4.95;4.15;1.56;1.01;1.17;1.57;2.45;0;12;4.45;2.25;1.49;1.18;1.71;2.15;0;0;0;0;0;0;0;0;0;0;0;0;0;0;0;0;0;0;0;0;0;0;0;0;0;0;0;0;0;0;0;0;0;0;0;0;0;0;0;0;0;0;0;0;0;0;0;0;0;0;0;0;0;4;0;0;1;3;4;0;2018-09-22 14:00:00;425;0;55;20;40;0;1;1;1;1;1;5;2;6;0;0;1;1;0;2;1;0;0;0;0;1.1;2.22;3.31;0;1;0;1;0;0;1;1;0;0;1;0;0;0;-1;-1;-1;-1;-1;-1;-1;-1;-1;10;25;50;75;100;25;60;85;50;10.7;3.2;3.5;2.7;Klubi-04;Oulu;1;1.23;1;1;0.73;1.59;90;75;50;25;0;75;55;40;1.42;1.56;2.98;1192;27;Y;Y;Y;Y;N;N;Y
347844;6987;416;2018;complete;2490;0;-1;;75;0;1;1;6;9;15;-1;-1;1;2;0;1;3;5;8;7;11;12;-1;-1;49;51;1;4;2.4;3.35;2.65;1.01;1.17;1.57;2.45;0;12;4.45;2.25;1.49;1.18;1.56;2.45;0;0;0;0;0;0;0;0;0;0;0;0;0;0;0;0;0;0;0;0;0;0;0;0;0;0;0;0;0;0;0;0;0;0;0;0;0;0;0;0;0;0;0;0;0;0;0;0;0;0;0;0;0;1;0;0;0;1;1;0;2018-09-22 14:00:00;416;0;45;15;35;0;1;1;2;4;4;5;6;9;1;2;0;1;3;1;1;0;0;0;0;1.31;1.54;2.85;0;0;0;0;0;0;1;1;0;0;0;1;0;0;-1;-1;-1;-1;-1;-1;-1;-1;-1;10;25;45;60;95;15;65;75;50;10.2;0.3;4.9;2.5;Kajaani;Jaro;1;1.62;1.3;1.6;0.95;1.5;90;75;55;40;5;70;45;35;1.67;1.41;3.08;1192;27;Y;N;N;N;N;N;N
347845;423;404;2018;complete;2490;0;-1;;57,81;0;2;2;3;3;6;0;2;2;3;0;0;0;5;2;6;2;11;9;16;53;47;2;3;0;0;0;0;0;0;0;0;0;0;0;0;0;0;0;0;0;0;0;0;0;0;0;0;0;0;0;0;0;0;0;0;0;0;0;0;0;0;0;0;0;0;0;0;0;0;0;0;0;0;0;0;0;0;0;0;0;0;0;0;0;0;0;0;0;0;0;0;2;0;0;0;2;2;0;2018-09-23 15:30:00;404;0;55;20;40;0;1;1;2;3;1;0;5;1;1;3;1;0;4;1;1;0;0;0;0;0.31;1.4;1.71;0;0;0;0;0;0;1;1;0;0;1;0;0;0;-1;-1;-1;-1;-1;-1;-1;-1;-1;15;30;65;75;85;30;70;80;50;9.3;2.7;5.2;2.8;EIF;HIFK;2.08;1.77;2.3;1.4;1.77;1.77;85;70;35;25;15;65;55;45;1.33;1.49;2.82;1192;27;Y;Y;N;N;N;N;N
347846;403;404;2018;complete;2490;0;-1;;74,83;0;2;2;2;7;9;1;3;0;1;0;0;3;11;2;8;5;19;13;12;38;62;0;1;4.6;3.95;1.62;1.02;1.22;1.71;2.8;0;10.25;3.85;2;1.38;1.13;1.8;2;0;0;0;0;0;0;0;0;0;0;0;0;0;0;0;0;0;0;0;0;0;0;0;0;0;0;0;0;0;0;0;0;0;0;0;0;0;0;0;0;0;0;0;0;0;0;0;0;0;0;0;0;0;2;0;0;0;2;2;0;2018-09-29 14:00:00;404;0;66;34;35;0;1;1;0;4;2;3;4;5;0;1;0;0;1;0;1;0;0;0;0;0.64;2.33;2.97;0;0;0;0;0;0;1;1;0;0;0;2;0;0;-1;-1;-1;-1;-1;-1;-1;-1;-1;4;39;66;87;92;39;78;83;49;9.9;2.1;4.44;3;JJK;HIFK;0.86;1.77;1;1.55;0.87;1.83;96;62;35;13;9;61;48;43;1.55;1.48;3.03;1192;27;Y;Y;N;N;N;N;N
347847;425;421;2018;complete;2490;0;-1;27,33;3,47,87;2;3;5;4;4;8;-1;-1;3;2;1;0;4;6;1;2;5;8;-1;-1;50;50;4;2;2.05;3.25;3.4;1.04;1.31;2;3.5;0;8.5;3.1;1.71;1.25;1.08;1.91;1.91;0;0;0;0;0;0;0;0;0;0;0;0;0;0;0;0;0;0;0;0;0;0;0;0;0;0;0;0;0;0;0;0;0;0;0;0;0;0;0;0;0;0;0;0;0;0;0;0;0;0;0;0;0;5;2;1;0;2;2;3;2018-09-29 14:00:00;421;0;52;17;31;0;1;1;4;3;0;1;7;1;0;1;4;1;1;5;1;0;0;0;0;0.93;1.28;2.21;0;0;0;0;0;0;1;1;0;1;0;0;0;0;-1;-1;-1;-1;-1;-1;-1;-1;-1;4;30;48;70;87;21;61;79;49;11.24;0.64;3.28;2.39;Oulu;KPV;2;1.31;2.08;1.27;1.65;1.87;96;70;53;30;13;61;39;30;1.6;1.53;3.13;1192;27;Y;Y;Y;Y;Y;N;Y
347848;423;416;2018;complete;2490;0;-1;;;0;0;0;0;8;8;3;5;3;4;0;0;2;6;2;9;4;15;16;23;48;52;3;4;2.55;3.35;2.5;1.02;1.24;1.8;3;5.75;9.75;3.6;1.91;1.33;1.11;1.71;2.15;3.5;1.28;3.5;1.28;1.5;1.34;1.5;3.32;2.2;3.02;2.95;2.36;3.08;0;0;0;0;1.9;0;0;0;0;1.8;0;0;0;0;0;2.05;12.75;1.92;4.75;4.75;0;0;0;0;0;0;0;0;1.36;2.75;7;21;3;1.4;1.1;1.01;0;0;0;0;0;0;0;0;0;0;0;2018-09-30 14:00:00;-1;0;32;18;27;0;1;1;0;6;0;2;6;2;0;1;3;3;1;6;1;16;68;117;123;0.54;1.86;2.4;0;0;0;0;0;0;1;1;0;0;0;2;0;0;-1;-1;-1;-1;-1;-1;-1;-1;-1;23;23;36;50;87;23;60;69;41;9;2.45;5.09;2.41;EIF;Jaro;2.08;1.62;2.09;1.73;1.7;1.57;78;78;64;50;14;69;50;41;1.24;1.42;2.66;1192;27;N;N;N;N;N;N;N
347849;6986;6987;2018;complete;2490;0;-1;51,66,73,78,89;25,53,64;5;3;8;6;6;12;-1;-1;1;2;0;0;6;7;5;10;11;17;-1;-1;48;52;1;2;2.8;3.85;2.15;1;1.11;1.41;2.05;0;14.25;5.5;2.65;1.67;1.27;1.43;2.8;0;0;0;0;0;0;0;0;0;0;0;0;0;0;0;0;0;0;0;0;0;0;0;0;0;0;0;0;0;0;0;0;0;0;0;0;0;0;0;0;0;0;0;0;0;0;0;0;0;0;0;0;0;8;0;1;5;2;7;1;2018-09-29 14:00:00;6986;0;74;34;49;0;1;1;2;5;4;1;7;5;0;0;1;2;0;3;1;0;0;0;0;1.5;1.98;3.49;0;0;0;0;0;0;1;1;0;0;0;1;0;0;-1;-1;-1;-1;-1;-1;-1;-1;-1;30;60;74;87;96;38;69;87;66;8.72;4.59;4.3;3.72;Klubi-04;Kajaani;1;0.79;0.91;0.67;0.7;0.91;70;40;27;13;4;73;59;55;1.39;1.62;3.01;1192;27;Y;Y;Y;Y;Y;Y;Y
347850;426;424;2018;complete;2490;0;-1;;;0;0;0;4;9;13;1;1;3;3;0;0;6;3;3;4;9;7;18;11;47;53;3;3;2.4;3.4;2.65;1.01;1.16;1.56;2.4;3.8;12;4.5;2.25;1.5;1.19;1.54;2.45;0;0;0;0;1.42;1.22;1.5;3.13;2.3;3.02;2.81;2.53;2.98;0;0;0;0;0;0;0;0;0;0;0;0;0;0;0;1.95;19.5;1.91;0;0;0;0;0;0;0;0;0;0;1.25;2.27;5.5;13;3.72;1.59;1.12;1.02;0;0;0;0;0;0;0;0;0;0;0;2018-10-01 15:30:00;-1;0;58;27;35;0;1;1;1;7;3;2;8;5;1;1;2;2;2;4;1;65;82;137;137;1.47;1.26;2.73;0;0;0;0;0;0;1;1;0;0;0;4;0;0;-1;-1;-1;-1;-1;-1;-1;-1;-1;5;31;49;74;92;35;74;75;35;10.42;2.9;3.92;2.5;KTP;Haka;1.54;1.21;1.64;1.08;1.17;1.43;96;69;52;26;9;78;66;52;1.65;1.25;2.9;1192;27;N;N;N;N;N;N;N
347851;421;6986;2018;complete;2490;0;-1;25,60,63,73,78;;5;0;5;7;10;17;0;2;0;1;0;0;11;3;11;7;22;10;7;12;48;52;0;1;1.36;4.75;8;1.02;1.14;1.5;2.2;3.75;17;5.5;2.5;1.61;1.25;1.72;2;2.25;1.57;10;1.06;1.09;1.2;3.2;1.83;2.62;6;1.61;3;6;0;0;0;0;0;0;0;0;0;0;0;0;0;0;0;1.28;17;3.6;2.5;17;0;0;0;0;0;0;0;0;1.14;1.72;3.25;7;5.5;2;1.33;1.1;0;0;0;0;5;1;0;4;0;4;1;2018-10-06 11:00:00;421;0;46;17;25;0;1;1;5;7;2;3;12;5;0;1;0;0;1;0;1;35;22;63;52;2.4;1;3.4;0;0;0;0;0;0;1;1;0;0;3;0;0;0;-1;-1;-1;-1;-1;-1;-1;-1;-1;8;30;59;75;92;34;67;71;54;7;1.58;3.4;2.63;KPV;Klubi-04;2.5;0.43;2.42;0.5;1.92;0.79;92;71;42;25;8;63;50;38;1.46;0.93;2.39;1192;27;Y;Y;Y;Y;Y;N;N
347852;404;426;2018;complete;2490;0;-1;20;;1;0;1;5;6;11;2;2;2;3;0;0;5;3;7;3;12;6;9;12;44;56;2;3;1.26;5.5;9;1.01;1.18;1.58;2.4;4.33;9.5;4.2;2.48;1.52;1.16;2.06;1.74;0;0;0;0;1.03;1.11;3.28;1.65;2.76;8.4;1.69;2.8;5.5;0;0;0;0;0;0;0;0;0;0;0;0;0;0;0;1.29;19.75;3.88;0;0;0;0;0;0;0;0;0;0;1.25;2.23;5;12;3.72;1.61;1.09;1.02;0;0;0;0;1;1;0;0;0;0;1;2018-10-06 14:00:00;404;0;46;21;29;0;1;1;4;2;1;4;6;5;2;2;0;1;4;1;1;109;61;133;134;1.9;1.05;2.95;0;0;0;0;0;0;1;1;0;0;2;0;0;0;-1;-1;-1;-1;-1;-1;-1;-1;-1;9;30;46;80;100;33;63;83;46;10.42;2.91;4.83;2.67;HIFK;KTP;2.21;0.64;2.08;0.75;1.88;1.17;92;71;54;21;0;67;54;42;1.64;1.44;3.08;1192;27;Y;N;N;N;N;N;N
347853;416;425;2018;complete;2490;0;-1;;41,82;0;2;2;6;3;9;4;3;1;3;1;0;5;9;5;2;10;11;15;16;53;47;2;3;2.3;3.45;2.7;0;0;0;0;0;0;0;0;0;0;0;0;0;0;0;0;0;0;0;0;0;0;0;0;0;0;0;0;0;0;0;0;0;0;0;0;0;0;0;0;0;0;0;0;0;0;0;0;0;0;0;0;0;0;0;0;0;0;0;0;0;0;0;0;0;2;0;1;0;1;1;1;2018-10-06 14:00:00;425;0;31;9;27;0;1;1;2;1;4;2;3;6;1;1;1;2;2;3;1;0;0;0;0;1.29;1.58;2.87;0;0;0;0;0;0;1;1;0;0;1;1;0;0;-1;-1;-1;-1;-1;-1;-1;-1;-1;9;22;61;78;96;18;61;87;56;12.33;3.02;4.4;2.69;Jaro;Oulu;1.21;1.23;1.42;1.18;1.54;1.58;92;79;39;22;4;74;61;39;1.52;1.62;3.14;1192;27;Y;Y;N;N;N;N;N
347854;6987;423;2018;complete;2490;0;-1;;15;0;1;1;8;5;13;-1;-1;3;3;0;0;3;5;9;4;12;9;-1;-1;53;47;3;3;2.3;3.65;2.55;0;0;0;0;0;0;0;0;0;0;0;0;0;0;0;0;0;0;0;0;0;0;0;0;0;0;0;0;0;0;0;0;0;0;0;0;0;0;0;0;0;0;0;0;0;0;0;0;0;0;0;0;0;0;0;0;0;0;0;0;0;0;0;0;0;1;0;1;0;0;0;1;2018-10-06 14:00:00;423;0;53;13;39;0;1;1;4;3;4;2;7;6;1;2;2;1;3;3;1;0;0;0;0;1.37;1.29;2.66;0;0;0;0;0;0;1;1;0;0;0;1;0;0;-1;-1;-1;-1;-1;-1;-1;-1;-1;0;22;40;74;92;13;36;83;66;10.91;0;4.98;2.28;Kajaani;EIF;1;1.57;1.18;1.33;0.88;1.67;100;78;60;26;9;62;49;44;1.63;1.29;2.92;1192;27;Y;N;N;N;N;N;N
347855;424;403;2018;complete;2490;0;-1;7,14,52;;3;0;3;6;1;7;2;3;2;3;0;0;9;4;3;4;12;8;9;13;52;48;2;3;1.65;4.05;4.1;0;0;0;0;0;0;0;0;0;0;0;0;0;0;0;0;0;0;0;0;0;0;0;0;0;0;0;0;0;0;0;0;0;0;0;0;0;0;0;0;0;0;0;0;0;0;0;0;0;0;0;0;0;0;0;0;0;0;0;0;0;0;0;0;0;3;2;0;1;0;1;2;2018-10-06 14:00:00;424;0;69;27;45;0;1;1;2;0;4;1;2;5;1;1;1;2;2;3;1;0;0;0;0;1.89;1.09;2.98;0;0;0;0;0;0;1;1;1;0;0;0;0;0;-1;-1;-1;-1;-1;-1;-1;-1;-1;5;36;73;91;100;41;78;87;64;9.65;1.09;3.6;3.05;Haka;JJK;2;0.62;1.82;0.73;1.42;0.83;96;64;27;9;0;63;53;29;1.57;1.32;2.89;1192;27;Y;Y;Y;N;N;N;N
347856;404;421;2018;complete;2490;0;-1;13,14;7;2;1;3;7;7;14;1;0;2;2;1;0;3;3;4;1;7;4;13;11;42;58;4;2;2.16;3.2;3.6;1.09;1.31;2.23;3.82;9.2;10;3.2;1.7;1.23;1.11;1.96;1.82;2.62;1.44;3.75;1.25;1.22;1.29;1.69;2.78;2.02;4.3;2.4;2.37;3.6;0;0;0;0;1.83;0;0;0;0;1.83;0;0;0;0;0;1.66;8.5;2.5;3.4;6;0;0;0;0;0;0;0;0;1.42;3.04;9;26;2.74;1.35;1.07;1.01;0;0;0;0;3;2;1;0;0;0;3;2018-10-20 11:00:00;404;0;44;16;28;0;1;1;2;4;5;3;6;8;0;1;3;1;1;4;1;69;74;109;129;1.16;1.01;2.17;0;0;0;0;0;0;1;1;0;1;0;3;0;0;-1;-1;-1;-1;-1;-1;-1;-1;-1;4;24;44;80;96;24;65;80;52;10.21;2.12;3.5;2.48;HIFK;KPV;2.21;1.31;2.15;1.42;1.92;1.96;96;76;56;20;4;56;40;28;1.66;1.51;3.17;1192;27;Y;Y;Y;N;N;N;Y
347857;403;6987;2018;complete;2490;0;-1;32;50,67;1;2;3;6;5;11;1;0;2;3;0;0;8;10;8;2;16;12;16;12;58;42;2;3;2.45;3.6;2.45;1;1.12;1.43;2.1;0;14;5.35;2.6;1.65;1.26;1.43;2.8;0;0;0;0;0;0;0;0;0;0;0;0;0;0;0;0;0;0;0;0;0;0;0;0;0;0;0;0;0;0;0;0;0;0;0;0;0;0;0;0;0;0;0;0;0;0;0;0;0;0;0;0;0;3;1;0;0;2;2;1;2018-10-20 11:00:00;6987;0;70;46;39;0;1;1;4;4;2;1;8;3;0;2;2;1;2;3;1;0;0;0;0;1.8;1.62;3.42;0;0;0;0;0;0;1;1;0;0;0;2;0;0;-1;-1;-1;-1;-1;-1;-1;-1;-1;27;62;73;89;92;50;81;81;58;10.25;2.16;4.69;3.81;JJK;Kajaani;0.86;0.79;0.92;0.62;0.8;0.84;73;39;27;12;8;76;61;61;1.48;1.65;3.13;1192;27;Y;Y;Y;N;N;N;Y
347858;423;425;2018;complete;2490;0;-1;7,40,59;35,73;3;2;5;5;5;10;-1;-1;2;4;1;1;8;4;9;2;17;6;-1;-1;50;50;4;6;2.95;3.35;2.2;1.02;1.22;1.74;2.85;5.6;10.25;3.8;2;1.36;1.12;1.69;2.2;4;1.22;3.4;1.3;1.53;1.25;1.37;3.7;2.13;2.78;3.1;2.5;2.5;0;0;0;0;1.83;0;0;0;0;1.83;0;0;0;0;0;2.2;12;1.72;5.5;4.33;0;0;0;0;0;0;0;0;1.36;2.62;7;19;3;1.44;1.1;1.02;0;0;0;0;5;2;1;1;1;2;3;2018-10-20 11:00:00;423;0;38;17;33;0;1;1;5;3;0;2;8;2;2;2;1;3;4;4;1;92;78;158;163;2.31;1.25;3.55;0;0;0;0;0;0;1;1;1;0;1;0;1;0;-1;-1;-1;-1;-1;-1;-1;-1;-1;13;21;46;67;88;25;54;75;46;10.59;2;4.84;2.42;EIF;Oulu;2.08;1.23;2;1.33;1.72;1.64;88;79;54;34;13;67;50;38;1.18;1.62;2.8;1192;27;Y;Y;Y;Y;Y;N;Y
347859;426;416;2018;complete;2490;0;-1;;;0;0;0;4;6;10;0;0;2;3;0;0;5;9;5;5;10;14;9;12;49;51;2;3;3.2;3.6;2;1.02;1.21;1.71;2.75;5;10.5;3.9;2;1.38;1.13;1.67;2.2;0;0;0;0;1.5;1.25;1.4;4;2.39;2.32;2.9;2.38;2.8;0;0;0;0;0;0;0;0;0;0;0;0;0;0;0;2.05;11;1.83;0;0;0;0;0;0;0;0;0;0;1.29;2.57;6;15;3.3;1.5;1.11;1.02;0;0;0;0;0;0;0;0;0;0;0;2018-10-20 11:00:00;-1;0;46;25;25;0;1;1;2;5;2;1;7;3;1;0;1;3;1;4;1;28;26;51;49;1.18;1.69;2.88;0;0;0;0;0;0;1;1;0;0;0;0;0;0;-1;-1;-1;-1;-1;-1;-1;-1;-1;13;30;42;50;83;30;63;67;29;9.92;3.09;4.5;2.29;KTP;Jaro;1.54;1.62;1.58;1.67;1.12;1.48;88;71;59;50;17;71;55;42;1.64;1.46;3.1;1192;27;N;N;N;N;N;N;N
347860;424;6986;2018;complete;2490;0;-1;3,6,46,74,81;;5;0;5;10;6;16;1;0;0;2;0;0;14;5;10;1;24;6;11;13;50;50;0;2;1.49;4.85;4.75;1;1.11;1.41;2.05;0;14.25;5.5;2.65;1.67;1.27;1.59;2.35;2.62;1.44;9;1.07;1.12;1.2;2.8;0;0;0;1.72;3;5;0;0;0;0;1.72;0;0;0;0;2;0;0;0;0;0;1.33;21;3.25;3;13;0;0;0;0;0;0;0;0;1.22;2.1;4.5;13;4;1.66;1.18;1.04;0;0;0;0;5;2;0;3;0;3;2;2018-10-20 11:00:00;424;0;52;20;33;0;1;1;7;3;3;3;10;6;0;1;0;1;1;1;1;39;33;65;52;2.76;0.97;3.73;0;0;0;0;0;0;1;1;2;0;4;0;0;0;-1;-1;-1;-1;-1;-1;-1;-1;-1;8;40;68;92;96;52;80;84;56;9.72;0.79;3.39;3.04;Haka;Klubi-04;2;0.43;1.92;0.46;1.48;0.76;93;61;32;8;4;67;54;33;1.59;0.94;2.53;1192;27;Y;Y;Y;Y;Y;N;N
347861;6986;423;2018;complete;2490;0;-1;;56;0;1;1;0;5;5;3;1;3;5;0;0;6;3;6;8;12;11;14;10;47;53;3;5;4.25;4.3;1.62;1.01;1.13;1.47;2.2;0;13.25;5.05;2.45;1.59;1.23;1.59;2.35;0;0;0;0;0;0;0;0;0;0;0;0;0;0;0;0;0;0;0;0;0;0;0;0;0;0;0;0;0;0;0;0;0;0;0;0;0;0;0;0;0;0;0;0;0;0;0;0;0;0;0;0;0;1;0;0;0;1;1;0;2018-10-27 10:00:00;423;0;61;16;45;0;1;1;0;2;0;3;2;3;2;2;1;3;4;4;1;0;0;0;0;1.42;1.21;2.64;0;0;0;0;0;0;1;1;0;0;0;1;0;0;-1;-1;-1;-1;-1;-1;-1;-1;-1;13;33;41;76;93;16;41;81;65;8.67;2.37;3.81;2.75;Klubi-04;EIF;1;1.57;1.08;1.46;0.73;1.77;88;68;60;24;8;61;48;44;1.4;1.29;2.69;1192;27;Y;N;N;N;N;N;N
347862;416;424;2018;complete;2490;0;-1;73;38,63;1;2;3;5;7;12;5;4;1;1;0;0;7;9;10;16;17;25;14;13;49;51;1;1;2.2;3.3;3;1.02;1.22;1.71;2.8;0;10.25;3.85;2;1.38;1.13;1.67;2.2;0;0;0;0;0;0;0;0;0;0;0;0;0;0;0;0;0;0;0;0;0;0;0;0;0;0;0;0;0;0;0;0;0;0;0;0;0;0;0;0;0;0;0;0;0;0;0;0;0;0;0;0;0;3;0;1;1;1;2;1;2018-10-27 10:00:00;424;0;27;8;23;0;1;1;4;3;1;4;7;5;0;0;1;1;0;2;1;0;0;0;0;1.78;2.46;4.24;0;1;0;1;0;0;1;1;0;0;2;2;0;0;-1;-1;-1;-1;-1;-1;-1;-1;-1;8;19;47;77;89;16;69;77;47;11.07;4;4.46;2.43;Jaro;Haka;1.21;1.21;1.31;1.08;1.46;1.54;93;81;54;23;12;81;66;50;1.5;1.25;2.75;1192;27;Y;Y;Y;N;N;N;Y
347863;421;426;2018;complete;2490;0;-1;19,33,36;;3;0;3;-1;-1;-1;-1;-1;-1;-1;-1;-1;-1;-1;-1;-1;-1;-1;-1;-1;-1;-1;-1;-1;1.26;5.9;10.5;1.02;1.16;1.52;2.27;3.55;10;4.33;2.59;1.56;1.25;1.98;1.8;0;0;0;0;1.03;1.1;3.3;1.61;2.82;8.5;1.72;2.86;6.15;0;0;0;0;0;0;0;0;0;0;0;0;0;0;0;1.27;20;3.92;0;0;0;0;0;0;0;0;0;0;1.23;2.15;5;11;3.82;1.64;1.08;1.03;0;0;0;0;3;3;0;0;0;0;3;2018-10-27 10:00:00;421;0;42;19;27;0;-1;-1;-1;-1;-1;-1;-1;-1;-1;-1;-1;-1;-1;-1;-1;0;0;0;0;0;0;0;0;0;0;0;0;0;1;1;0;0;-1;-1;-1;-1;-1;-1;-1;-1;-1;-1;-1;-1;-1;15;31;50;62;96;23;66;70;46;9.31;1.46;4.38;2.58;KPV;KTP;2.5;0.64;2.46;0.69;1.88;1.12;85;70;50;38;4;70;54;50;1.53;1.41;2.94;1192;27;Y;Y;Y;N;N;N;N
347864;425;403;2018;complete;2490;0;-1;64,66,76;;3;0;3;6;3;9;-1;-1;-1;-1;-1;-1;9;2;3;0;12;2;-1;-1;56;44;-1;-1;1.31;5.1;7.75;1;1.12;1.43;2.1;0;14;5.35;2.6;1.65;1.26;1.71;2.1;0;0;0;0;0;0;0;0;0;0;0;0;0;0;0;0;0;0;0;0;0;0;0;0;0;0;0;0;0;0;0;0;0;0;0;0;0;0;0;0;0;0;0;0;0;0;0;0;0;0;0;0;0;3;0;0;3;0;3;0;2018-10-27 10:00:00;425;0;65;28;33;0;1;-1;3;0;3;3;3;6;-1;-1;-1;-1;-1;-1;1;0;0;0;0;1.8;0.63;2.43;0;0;0;0;0;0;1;1;0;0;1;0;-1;-1;-1;-1;-1;-1;-1;-1;-1;-1;-1;12;36;69;81;93;36;69;85;57;9.4;2.09;4;2.9;Oulu;JJK;2;0.62;1.92;0.67;1.58;0.77;89;65;32;20;8;56;48;32;1.55;1.3;2.85;1192;27;Y;Y;Y;N;N;N;N
347865;6987;404;2018;complete;2490;0;-1;;83;0;1;1;-1;-1;-1;-1;-1;2;0;1;0;-1;-1;-1;-1;-1;-1;-1;-1;-1;-1;4;0;5.65;4.15;1.5;1.01;1.14;1.49;2.25;3.3;13;4.95;2.4;1.57;1.22;1.67;2.2;10;1.06;2.5;1.5;2.39;1.16;1.11;5.5;2.6;1.9;4.75;2.63;1.99;0;0;0;0;0;0;0;0;0;0;0;0;0;0;0;2.89;21;1.43;17;2.75;0;0;0;0;0;0;0;0;1.22;2.11;5;13;3.9;1.66;1.08;1.04;0;0;0;0;1;0;0;0;1;1;0;2018-10-27 10:00:00;404;0;54;13;38;0;-1;1;-1;-1;-1;-1;-1;-1;3;0;0;0;3;0;-1;0;0;0;0;0;0;0;0;0;0;0;0;0;1;1;0;0;-1;-1;0;0;-1;-1;-1;-1;-1;-1;-1;-1;-1;0;25;59;80;96;17;63;88;58;11;0.42;4.92;2.59;Kajaani;HIFK;1;1.77;1.08;1.67;0.92;1.96;100;75;42;21;4;67;50;42;1.61;1.55;3.16;1192;27;Y;N;N;N;N;N;N
