ID;HOMEID;AWAYID;SEASON;STATUS;ROUNDID;GAME_WEEK;REVISED_GAME_WEEK;HOMEGOALS;AWAYGOALS;HOMEGOALCOUNT;AWAYGOALCOUNT;TOTALGOALCOUNT;TEAM_A_CORNERS;TEAM_B_CORNERS;TOTALCORNERCOUNT;TEAM_A_OFFSIDES;TEAM_B_OFFSIDES;TEAM_A_YELLOW_CARDS;TEAM_B_YELLOW_CARDS;TEAM_A_RED_CARDS;TEAM_B_RED_CARDS;TEAM_A_SHOTSONTARGET;TEAM_B_SHOTSONTARGET;TEAM_A_SHOTSOFFTARGET;TEAM_B_SHOTSOFFTARGET;TEAM_A_SHOTS;TEAM_B_SHOTS;TEAM_A_FOULS;TEAM_B_FOULS;TEAM_A_POSSESSION;TEAM_B_POSSESSION;TEAM_A_CARDS_NUM;TEAM_B_CARDS_NUM;ODDS_FT_1;ODDS_FT_X;ODDS_FT_2;ODDS_FT_OVER05;ODDS_FT_OVER15;ODDS_FT_OVER25;ODDS_FT_OVER35;ODDS_FT_OVER45;ODDS_FT_UNDER05;ODDS_FT_UNDER15;ODDS_FT_UNDER25;ODDS_FT_UNDER35;ODDS_FT_UNDER45;ODDS_BTTS_YES;ODDS_BTTS_NO;ODDS_TEAM_A_CS_YES;ODDS_TEAM_A_CS_NO;ODDS_TEAM_B_CS_YES;ODDS_TEAM_B_CS_NO;ODDS_DOUBLECHANCE_1X;ODDS_DOUBLECHANCE_12;ODDS_DOUBLECHANCE_X2;ODDS_1ST_HALF_RESULT_1;ODDS_1ST_HALF_RESULT_X;ODDS_1ST_HALF_RESULT_2;ODDS_2ND_HALF_RESULT_1;ODDS_2ND_HALF_RESULT_X;ODDS_2ND_HALF_RESULT_2;ODDS_DNB_1;ODDS_DNB_2;ODDS_CORNERS_OVER_75;ODDS_CORNERS_OVER_85;ODDS_CORNERS_OVER_95;ODDS_CORNERS_OVER_105;ODDS_CORNERS_OVER_115;ODDS_CORNERS_UNDER_75;ODDS_CORNERS_UNDER_85;ODDS_CORNERS_UNDER_95;ODDS_CORNERS_UNDER_105;ODDS_CORNERS_UNDER_115;ODDS_CORNERS_1;ODDS_CORNERS_X;ODDS_CORNERS_2;ODDS_TEAM_TO_SCORE_FIRST_1;ODDS_TEAM_TO_SCORE_FIRST_X;ODDS_TEAM_TO_SCORE_FIRST_2;ODDS_WIN_TO_NIL_1;ODDS_WIN_TO_NIL_2;ODDS_1ST_HALF_OVER05;ODDS_1ST_HALF_OVER15;ODDS_1ST_HALF_OVER25;ODDS_1ST_HALF_OVER35;ODDS_1ST_HALF_UNDER05;ODDS_1ST_HALF_UNDER15;ODDS_1ST_HALF_UNDER25;ODDS_1ST_HALF_UNDER35;ODDS_2ND_HALF_OVER05;ODDS_2ND_HALF_OVER15;ODDS_2ND_HALF_OVER25;ODDS_2ND_HALF_OVER35;ODDS_2ND_HALF_UNDER05;ODDS_2ND_HALF_UNDER15;ODDS_2ND_HALF_UNDER25;ODDS_2ND_HALF_UNDER35;ODDS_BTTS_1ST_HALF_YES;ODDS_BTTS_1ST_HALF_NO;ODDS_BTTS_2ND_HALF_YES;ODDS_BTTS_2ND_HALF_NO;OVERALLGOALCOUNT;HT_GOALS_TEAM_A;HT_GOALS_TEAM_B;GOALS_2HG_TEAM_A;GOALS_2HG_TEAM_B;GOALCOUNT_2HG;HTGOALCOUNT;DATE_UNIX;WINNINGTEAM;NO_HOME_AWAY;BTTS_POTENTIAL;BTTS_FHG_POTENTIAL;BTTS_2HG_POTENTIAL;GOALTIMINGDISABLED;CORNER_TIMINGS_RECORDED;CARD_TIMINGS_RECORDED;TEAM_A_FH_CORNERS;TEAM_B_FH_CORNERS;TEAM_A_2H_CORNERS;TEAM_B_2H_CORNERS;CORNER_FH_COUNT;CORNER_2H_COUNT;TEAM_A_FH_CARDS;TEAM_B_FH_CARDS;TEAM_A_2H_CARDS;TEAM_B_2H_CARDS;TOTAL_FH_CARDS;TOTAL_2H_CARDS;ATTACKS_RECORDED;TEAM_A_DANGEROUS_ATTACKS;TEAM_B_DANGEROUS_ATTACKS;TEAM_A_ATTACKS;TEAM_B_ATTACKS;TEAM_A_XG;TEAM_B_XG;TOTAL_XG;TEAM_A_PENALTIES_WON;TEAM_B_PENALTIES_WON;TEAM_A_PENALTY_GOALS;TEAM_B_PENALTY_GOALS;TEAM_A_PENALTY_MISSED;TEAM_B_PENALTY_MISSED;PENS_RECORDED;GOAL_TIMINGS_RECORDED;TEAM_A_0_10_MIN_GOALS;TEAM_B_0_10_MIN_GOALS;TEAM_A_CORNERS_0_10_MIN;TEAM_B_CORNERS_0_10_MIN;TEAM_A_CARDS_0_10_MIN;TEAM_B_CARDS_0_10_MIN;THROWINS_RECORDED;TEAM_A_THROWINS;TEAM_B_THROWINS;FREEKICKS_RECORDED;TEAM_A_FREEKICKS;TEAM_B_FREEKICKS;GOALKICKS_RECORDED;TEAM_A_GOALKICKS;TEAM_B_GOALKICKS;O45_POTENTIAL;O35_POTENTIAL;O25_POTENTIAL;O15_POTENTIAL;O05_POTENTIAL;O15HT_POTENTIAL;O05HT_POTENTIAL;O05_2H_POTENTIAL;O15_2H_POTENTIAL;CORNERS_POTENTIAL;OFFSIDES_POTENTIAL;CARDS_POTENTIAL;AVG_POTENTIAL;HOME_NAME;AWAY_NAME;HOME_PPG;AWAY_PPG;PRE_MATCH_HOME_PPG;PRE_MATCH_AWAY_PPG;PRE_MATCH_TEAMA_OVERALL_PPG;PRE_MATCH_TEAMB_OVERALL_PPG;U45_POTENTIAL;U35_POTENTIAL;U25_POTENTIAL;U15_POTENTIAL;U05_POTENTIAL;CORNERS_O85_POTENTIAL;CORNERS_O95_POTENTIAL;CORNERS_O105_POTENTIAL;TEAM_A_XG_PREMATCH;TEAM_B_XG_PREMATCH;TOTAL_XG_PREMATCH;COMPETITION_ID;MATCHES_COMPLETED_MINIMUM;OVER05;OVER15;OVER25;OVER35;OVER45;OVER55;BTTS
22074;424;403;2014;complete;100;0;-1;77,90;;2;0;2;9;7;16;4;0;3;0;0;1;7;3;2;6;9;9;11;12;57;43;3;2;1.61;4.06;6.02;0;0;0;0;0;0;0;0;0;0;0;0;0;0;0;0;0;0;0;0;0;0;0;0;0;0;0;0;0;0;0;0;0;0;0;0;0;0;0;0;0;0;0;0;0;0;0;0;0;0;0;0;0;0;0;0;0;0;0;0;0;0;0;0;0;2;0;0;2;0;2;0;2014-04-26 12:00:00;424;0;0;0;0;0;-1;1;-1;-1;-1;-1;-1;-1;1;0;2;1;1;3;-1;0;0;0;0;0;0;0;1;0;1;0;0;0;1;1;0;0;-1;-1;0;0;-1;-1;-1;-1;-1;-1;-1;-1;-1;0;0;0;0;0;0;0;0;0;0;0;0;0;Haka;JJK;1.93;1.38;0;0;0;0;0;0;0;0;0;0;0;0;0;0;0;64;27;Y;Y;N;N;N;N;N
22075;431;430;2014;complete;100;0;-1;56;;1;0;1;-1;-1;-1;-1;-1;2;3;0;0;-1;-1;-1;-1;-1;-1;-1;-1;-1;-1;2;3;3.68;3.48;2.1;0;0;0;0;0;0;0;0;0;0;0;0;0;0;0;0;0;0;0;0;0;0;0;0;0;0;0;0;0;0;0;0;0;0;0;0;0;0;0;0;0;0;0;0;0;0;0;0;0;0;0;0;0;0;0;0;0;0;0;0;0;0;0;0;0;1;0;0;1;0;1;0;2014-04-27 13:00:00;431;0;0;0;0;0;-1;1;-1;-1;-1;-1;-1;-1;0;3;2;0;3;2;-1;0;0;0;0;0;0;0;0;0;0;0;0;0;1;1;0;0;-1;-1;0;0;-1;-1;-1;-1;-1;-1;-1;-1;-1;0;0;0;0;0;0;0;0;0;0;0;0;0;JIPPO;Viikingit;0.92;0.14;0;0;0;0;0;0;0;0;0;0;0;0;0;0;0;64;27;Y;N;N;N;N;N;N
22076;427;425;2014;complete;100;0;-1;;16;0;1;1;5;4;9;6;1;2;3;0;0;4;5;6;4;10;9;11;15;54;46;2;3;2.48;3.39;2.97;0;0;0;0;0;0;0;0;0;0;0;0;0;0;0;0;0;0;0;0;0;0;0;0;0;0;0;0;0;0;0;0;0;0;0;0;0;0;0;0;0;0;0;0;0;0;0;0;0;0;0;0;0;0;0;0;0;0;0;0;0;0;0;0;0;1;0;1;0;0;0;1;2014-04-27 13:00:00;425;0;0;0;0;0;-1;1;-1;-1;-1;-1;-1;-1;2;0;0;3;2;3;-1;0;0;0;0;0;0;0;0;0;0;0;0;0;1;1;0;0;-1;-1;1;0;-1;-1;-1;-1;-1;-1;-1;-1;-1;0;0;0;0;0;0;0;0;0;0;0;0;0;Jazz;Oulu;0.54;1.54;0;0;0;0;0;0;0;0;0;0;0;0;0;0;0;64;27;Y;N;N;N;N;N;N
22077;414;407;2014;complete;100;0;-1;44,50;18;2;1;3;5;3;8;4;1;1;1;0;0;7;10;1;9;8;19;16;18;54;46;1;1;2.76;3.37;2.7;0;0;0;0;0;0;0;0;0;0;0;0;0;0;0;0;0;0;0;0;0;0;0;0;0;0;0;0;0;0;0;0;0;0;0;0;0;0;0;0;0;0;0;0;0;0;0;0;0;0;0;0;0;0;0;0;0;0;0;0;0;0;0;0;0;3;1;1;1;0;1;2;2014-04-27 13:00:00;414;0;0;0;0;0;-1;1;-1;-1;-1;-1;-1;-1;1;0;0;1;1;1;-1;0;0;0;0;0;0;0;0;0;0;0;0;0;1;1;0;0;-1;-1;0;0;-1;-1;-1;-1;-1;-1;-1;-1;-1;0;0;0;0;0;0;0;0;0;0;0;0;0;PK-35 Vantaa;Ilves;1.54;1.54;0;0;0;0;0;0;0;0;0;0;0;0;0;0;0;64;27;Y;Y;Y;N;N;N;Y
22078;426;404;2014;complete;100;0;-1;23,44;;2;0;2;7;1;8;4;4;3;2;0;0;5;4;8;0;13;4;21;21;59;41;3;2;0;0;0;0;0;0;0;0;0;0;0;0;0;0;0;0;0;0;0;0;0;0;0;0;0;0;0;0;0;0;0;0;0;0;0;0;0;0;0;0;0;0;0;0;0;0;0;0;0;0;0;0;0;0;0;0;0;0;0;0;0;0;0;0;0;0;0;0;2;2;0;0;0;0;2;2014-04-28 15:30:00;426;0;0;0;0;0;-1;1;-1;-1;-1;-1;-1;-1;2;1;1;1;3;2;-1;0;0;0;0;0;0;0;1;0;1;0;0;0;1;1;0;0;-1;-1;0;0;-1;-1;-1;-1;-1;-1;-1;-1;-1;0;0;0;0;0;0;0;0;0;0;0;0;0;KTP;HIFK;2.43;1.5;0;0;0;0;0;0;0;0;0;0;0;0;0;0;0;64;27;Y;Y;N;N;N;N;N
22079;431;427;2014;complete;100;0;-1;;75;0;1;1;-1;-1;-1;-1;-1;2;4;0;1;-1;-1;-1;-1;-1;-1;-1;-1;-1;-1;2;5;2.32;3.23;3.41;0;0;0;0;0;0;0;0;0;0;0;0;0;0;0;0;0;0;0;0;0;0;0;0;0;0;0;0;0;0;0;0;0;0;0;0;0;0;0;0;0;0;0;0;0;0;0;0;0;0;0;0;0;0;0;0;0;0;0;0;0;0;0;0;0;1;0;0;0;1;1;0;2014-05-04 16:00:00;427;0;0;0;0;0;-1;1;-1;-1;-1;-1;-1;-1;1;2;1;3;3;4;-1;0;0;0;0;0;0;0;0;0;0;0;0;0;1;1;0;0;-1;-1;0;0;-1;-1;-1;-1;-1;-1;-1;-1;-1;0;0;0;0;50;0;0;50;0;0;0;2;0.5;JIPPO;Jazz;0.92;1.29;3;0;3;0;50;50;50;50;0;0;0;0;0;0;0;64;27;Y;N;N;N;N;N;N
22080;404;407;2014;complete;100;0;-1;49,66;;2;0;2;2;5;7;5;5;3;2;0;0;3;2;5;5;8;7;15;12;50;50;3;2;2.79;3.29;2.68;0;0;0;0;0;0;0;0;0;0;0;0;0;0;0;0;0;0;0;0;0;0;0;0;0;0;0;0;0;0;0;0;0;0;0;0;0;0;0;0;0;0;0;0;0;0;0;0;0;0;0;0;0;0;0;0;0;0;0;0;0;0;0;0;0;2;0;0;2;0;2;0;2014-05-05 15:30:00;404;0;50;50;0;0;-1;1;-1;-1;-1;-1;-1;-1;3;2;0;0;5;0;-1;0;0;0;0;0;0;0;0;0;0;0;0;0;1;1;0;0;-1;-1;0;0;-1;-1;-1;-1;-1;-1;-1;-1;-1;0;0;50;50;50;50;50;50;0;3;1;1;1.5;HIFK;Ilves;2.23;1.54;0;0;0;0;50;50;0;0;0;0;0;0;0;0;0;64;27;Y;Y;N;N;N;N;N
22081;424;425;2014;complete;100;0;-1;;;0;0;0;4;1;5;4;3;2;1;0;0;3;0;2;12;5;12;8;19;59;41;2;1;1.45;4.49;8.15;0;0;0;0;0;0;0;0;0;0;0;0;0;0;0;0;0;0;0;0;0;0;0;0;0;0;0;0;0;0;0;0;0;0;0;0;0;0;0;0;0;0;0;0;0;0;0;0;0;0;0;0;0;0;0;0;0;0;0;0;0;0;0;0;0;0;0;0;0;0;0;0;2014-05-06 15:30:00;-1;0;0;0;0;0;-1;1;-1;-1;-1;-1;-1;-1;0;0;2;1;0;3;-1;0;0;0;0;0;0;0;0;0;0;0;0;0;1;1;0;0;-1;-1;0;0;-1;-1;-1;-1;-1;-1;-1;-1;-1;0;0;0;50;100;0;50;50;50;13;5;6;1.5;Haka;Oulu;1.93;1.54;3;3;3;3;100;100;100;50;0;100;50;50;0;0;0;64;27;N;N;N;N;N;N;N
22082;426;414;2014;complete;100;0;-1;4,39;74;2;1;3;6;5;11;2;1;1;5;0;0;4;3;7;6;11;9;17;21;47;53;1;5;2.06;3.51;3.79;0;0;0;0;0;0;0;0;0;0;0;0;0;0;0;0;0;0;0;0;0;0;0;0;0;0;0;0;0;0;0;0;0;0;0;0;0;0;0;0;0;0;0;0;0;0;0;0;0;0;0;0;0;0;0;0;0;0;0;0;0;0;0;0;0;3;2;0;0;1;1;2;2014-05-07 15:30:00;426;0;0;0;0;0;-1;1;-1;-1;-1;-1;-1;-1;1;3;0;2;4;2;-1;0;0;0;0;0;0;0;0;0;0;0;0;0;1;1;1;0;-1;-1;0;1;-1;-1;-1;-1;-1;-1;-1;-1;-1;0;0;0;50;50;50;50;0;0;7;4;3;1;KTP;PK-35 Vantaa;2.43;1.86;3;0;3;3;50;50;50;0;0;0;0;0;0;0;0;64;27;Y;Y;Y;N;N;N;Y
22083;403;430;2014;complete;100;0;-1;;;0;0;0;5;4;9;2;1;2;4;0;0;7;7;10;5;17;12;12;23;54;46;2;4;2.15;3.39;3.63;0;0;0;0;0;0;0;0;0;0;0;0;0;0;0;0;0;0;0;0;0;0;0;0;0;0;0;0;0;0;0;0;0;0;0;0;0;0;0;0;0;0;0;0;0;0;0;0;0;0;0;0;0;0;0;0;0;0;0;0;0;0;0;0;0;0;0;0;0;0;0;0;2014-05-07 15:30:00;-1;0;0;0;0;0;-1;1;-1;-1;-1;-1;-1;-1;1;2;1;2;3;3;-1;0;0;0;0;0;0;0;0;0;0;0;0;0;1;1;0;0;-1;-1;0;0;-1;-1;-1;-1;-1;-1;-1;-1;-1;0;0;0;0;50;0;0;50;0;0;0;3;0.5;JJK;Viikingit;1.43;0.14;0;0;0;0;50;50;50;50;0;0;0;0;0;0;0;64;27;N;N;N;N;N;N;N
22084;407;403;2014;complete;100;0;-1;29,38,67,70;58;4;1;5;8;5;13;4;3;1;1;0;0;3;5;3;3;6;8;9;9;57;43;1;1;1.75;3.77;5.14;0;0;0;0;0;0;0;0;0;0;0;0;0;0;0;0;0;0;0;0;0;0;0;0;0;0;0;0;0;0;0;0;0;0;0;0;0;0;0;0;0;0;0;0;0;0;0;0;0;0;0;0;0;0;0;0;0;0;0;0;0;0;0;0;0;5;2;0;2;1;3;2;2014-05-11 13:00:00;407;0;0;0;0;0;-1;1;-1;-1;-1;-1;-1;-1;1;1;0;0;2;0;-1;0;0;0;0;0;0;0;0;0;0;0;0;0;1;1;0;0;-1;-1;0;0;-1;-1;-1;-1;-1;-1;-1;-1;-1;0;0;0;50;50;0;0;50;50;7;0;2;1;Ilves;JJK;1.93;1.38;0;0;0;0.5;50;50;50;0;0;50;50;50;0;0;0;64;27;Y;Y;Y;Y;Y;N;Y
22085;425;404;2014;complete;100;0;-1;2,34;16,50;2;2;4;-1;-1;-1;-1;-1;4;2;1;0;-1;-1;-1;-1;-1;-1;-1;-1;-1;-1;5;2;2.16;3.35;3.72;0;0;0;0;0;0;0;0;0;0;0;0;0;0;0;0;0;0;0;0;0;0;0;0;0;0;0;0;0;0;0;0;0;0;0;0;0;0;0;0;0;0;0;0;0;0;0;0;0;0;0;0;0;0;0;0;0;0;0;0;0;0;0;0;0;4;2;1;0;1;1;3;2014-05-11 13:00:00;-1;0;0;0;0;0;-1;1;-1;-1;-1;-1;-1;-1;1;1;4;1;2;5;-1;0;0;0;0;0;0;0;0;1;0;1;0;0;1;1;1;0;-1;-1;0;0;-1;-1;-1;-1;-1;-1;-1;-1;-1;0;0;0;50;50;50;50;0;0;1;4;2;1;Oulu;HIFK;1.93;1.5;0;0;2;1.5;50;50;50;0;0;0;0;0;0;0;0;64;27;Y;Y;Y;Y;N;N;Y
22086;414;431;2014;complete;100;0;-1;;;0;0;0;8;3;11;0;5;1;2;0;0;8;3;9;3;17;6;13;8;57;43;1;2;1.67;3.84;5.82;0;0;0;0;0;0;0;0;0;0;0;0;0;0;0;0;0;0;0;0;0;0;0;0;0;0;0;0;0;0;0;0;0;0;0;0;0;0;0;0;0;0;0;0;0;0;0;0;0;0;0;0;0;0;0;0;0;0;0;0;0;0;0;0;0;0;0;0;0;0;0;0;2014-05-11 13:00:00;-1;0;50;50;0;0;-1;1;-1;-1;-1;-1;-1;-1;1;1;0;1;2;1;-1;0;0;0;0;0;0;0;0;0;0;0;0;0;1;1;0;0;-1;-1;0;1;-1;-1;-1;-1;-1;-1;-1;-1;-1;0;0;50;50;50;50;50;50;0;5;4;1;1.5;PK-35 Vantaa;JIPPO;1.54;0.57;3;0;1.5;1.5;50;50;0;0;0;0;0;0;0;0;0;64;27;N;N;N;N;N;N;N
22087;427;424;2014;complete;100;0;-1;37,69;41,72;2;2;4;7;4;11;5;1;2;1;0;0;3;6;4;4;7;10;16;8;50;50;2;1;5.58;3.87;1.68;0;0;0;0;0;0;0;0;0;0;0;0;0;0;0;0;0;0;0;0;0;0;0;0;0;0;0;0;0;0;0;0;0;0;0;0;0;0;0;0;0;0;0;0;0;0;0;0;0;0;0;0;0;0;0;0;0;0;0;0;0;0;0;0;0;4;1;1;1;1;2;2;2014-05-12 15:30:00;-1;0;0;0;0;0;-1;1;-1;-1;-1;-1;-1;-1;0;1;2;0;1;2;-1;0;0;0;0;0;0;0;0;0;0;0;0;0;1;1;0;0;-1;-1;0;0;-1;-1;-1;-1;-1;-1;-1;-1;-1;0;0;0;0;50;0;50;0;0;5;6;2;0.5;Jazz;Haka;0.54;1.46;0;0;1.5;2;50;50;50;50;0;50;0;0;0;0;0;64;27;Y;Y;Y;Y;N;N;Y
22088;430;426;2014;complete;100;0;-1;;8,37,73,85;0;4;4;7;5;12;1;4;3;1;1;0;9;5;4;8;13;13;16;18;39;61;4;1;3.02;3.36;2.46;0;0;0;0;0;0;0;0;0;0;0;0;0;0;0;0;0;0;0;0;0;0;0;0;0;0;0;0;0;0;0;0;0;0;0;0;0;0;0;0;0;0;0;0;0;0;0;0;0;0;0;0;0;0;0;0;0;0;0;0;0;0;0;0;0;4;0;2;0;2;2;2;2014-05-12 15:30:00;426;0;0;0;0;0;-1;1;-1;-1;-1;-1;-1;-1;1;0;3;1;1;4;-1;0;0;0;0;0;0;0;0;0;0;0;0;0;1;1;0;1;-1;-1;0;0;-1;-1;-1;-1;-1;-1;-1;-1;-1;0;0;0;0;0;0;0;0;0;0;0;0;0;Viikingit;KTP;0.31;1.23;0;0;0.5;3;0;0;0;0;0;0;0;0;0;0;0;64;27;Y;Y;Y;Y;N;N;N
22089;404;414;2014;complete;100;0;-1;27;43;1;1;2;6;6;12;1;4;1;0;0;0;6;6;5;6;11;12;13;10;52;48;1;0;2.1;3.46;3.7;0;0;0;0;0;0;0;0;0;0;0;0;0;0;0;0;0;0;0;0;0;0;0;0;0;0;0;0;0;0;0;0;0;0;0;0;0;0;0;0;0;0;0;0;0;0;0;0;0;0;0;0;0;0;0;0;0;0;0;0;0;0;0;0;0;2;1;1;0;0;0;2;2014-05-17 13:00:00;-1;0;50;0;0;0;-1;1;-1;-1;-1;-1;-1;-1;1;0;0;0;1;0;-1;0;0;0;0;0;0;0;0;0;0;0;0;0;1;1;0;0;-1;-1;0;0;-1;-1;-1;-1;-1;-1;-1;-1;-1;0;0;50;100;100;50;50;100;50;7;6;8;2.5;HIFK;PK-35 Vantaa;2.23;1.86;3;0;1.33;1.33;100;100;50;0;0;50;50;50;0;0;0;64;27;Y;Y;N;N;N;N;Y
22090;424;430;2014;complete;100;0;-1;14,19,35,45,63;;5;0;5;6;4;10;3;0;0;2;0;0;4;5;6;4;10;9;9;14;58;42;0;2;1.49;4.42;7.24;0;0;0;0;0;0;0;0;0;0;0;0;0;0;0;0;0;0;0;0;0;0;0;0;0;0;0;0;0;0;0;0;0;0;0;0;0;0;0;0;0;0;0;0;0;0;0;0;0;0;0;0;0;0;0;0;0;0;0;0;0;0;0;0;0;5;4;0;1;0;1;4;2014-05-17 13:00:00;424;0;0;0;0;0;-1;1;-1;-1;-1;-1;-1;-1;0;1;0;1;1;1;-1;0;0;0;0;0;0;0;0;0;0;0;0;0;1;1;0;0;-1;-1;0;0;-1;-1;-1;-1;-1;-1;-1;-1;-1;0;0;0;25;50;0;0;50;25;10.5;4;6;0.75;Haka;Viikingit;1.93;0.14;2;0.5;1.67;0.33;100;100;100;75;50;75;25;25;0;0;0;64;27;Y;Y;Y;Y;Y;N;N
22091;403;427;2014;complete;100;0;-1;38;;1;0;1;3;4;7;4;0;3;3;0;0;11;8;5;8;16;16;20;14;46;54;3;3;2.08;3.39;3.85;0;0;0;0;0;0;0;0;0;0;0;0;0;0;0;0;0;0;0;0;0;0;0;0;0;0;0;0;0;0;0;0;0;0;0;0;0;0;0;0;0;0;0;0;0;0;0;0;0;0;0;0;0;0;0;0;0;0;0;0;0;0;0;0;0;1;1;0;0;0;0;1;2014-05-17 13:00:00;403;0;0;0;0;0;-1;1;-1;-1;-1;-1;-1;-1;1;0;2;3;1;5;-1;0;0;0;0;0;0;0;0;0;0;0;0;0;1;1;0;0;-1;-1;0;0;-1;-1;-1;-1;-1;-1;-1;-1;-1;0;0;0;0;50;0;0;50;0;5;1;7;0.5;JJK;Jazz;1.43;1.29;1;3;0.33;1.33;100;100;100;100;50;50;0;0;0;0;0;64;27;Y;N;N;N;N;N;N
22092;407;431;2014;complete;100;0;-1;19,76;;2;0;2;4;3;7;0;0;3;1;0;0;8;2;6;5;14;7;14;9;57;43;3;1;1.44;4.65;8.07;0;0;0;0;0;0;0;0;0;0;0;0;0;0;0;0;0;0;0;0;0;0;0;0;0;0;0;0;0;0;0;0;0;0;0;0;0;0;0;0;0;0;0;0;0;0;0;0;0;0;0;0;0;0;0;0;0;0;0;0;0;0;0;0;0;2;1;0;1;0;1;1;2014-05-17 13:00:00;407;0;50;0;50;0;-1;1;-1;-1;-1;-1;-1;-1;0;0;3;1;0;4;-1;0;0;0;0;0;0;0;0;0;0;0;0;0;1;1;0;0;-1;-1;0;0;-1;-1;-1;-1;-1;-1;-1;-1;-1;50;50;50;50;50;50;50;50;50;11;9;3;2.5;Ilves;JIPPO;1.93;0.57;3;1;1;1.33;50;50;50;50;50;100;100;100;0;0;0;64;27;Y;Y;N;N;N;N;N
22093;425;426;2014;complete;100;0;-1;11,56,77,80;15,37,39,57;4;4;8;2;5;7;0;4;1;3;0;0;3;5;3;4;6;9;12;19;54;46;1;3;3.08;3.31;2.45;0;0;0;0;0;0;0;0;0;0;0;0;0;0;0;0;0;0;0;0;0;0;0;0;0;0;0;0;0;0;0;0;0;0;0;0;0;0;0;0;0;0;0;0;0;0;0;0;0;0;0;0;0;0;0;0;0;0;0;0;0;0;0;0;0;8;1;3;3;1;4;4;2014-05-17 14:00:00;-1;0;50;50;0;0;-1;1;-1;-1;-1;-1;-1;-1;1;0;0;3;1;3;-1;0;0;0;0;0;0;0;1;0;1;0;0;0;1;1;0;0;-1;-1;0;0;-1;-1;-1;-1;-1;-1;-1;-1;-1;0;100;100;100;100;100;100;100;50;5;3;6;4;Oulu;KTP;1.93;1.23;1;3;1.67;3;100;0;0;0;0;50;50;50;0;0;0;64;27;Y;Y;Y;Y;Y;Y;Y
22094;403;404;2014;complete;100;0;-1;;1,31,58,65;0;4;4;9;4;13;2;2;0;2;0;0;9;5;15;4;24;9;3;14;62;38;0;2;2.59;3.32;2.87;0;0;0;0;0;0;0;0;0;0;0;0;0;0;0;0;0;0;0;0;0;0;0;0;0;0;0;0;0;0;0;0;0;0;0;0;0;0;0;0;0;0;0;0;0;0;0;0;0;0;0;0;0;0;0;0;0;0;0;0;0;0;0;0;0;4;0;2;0;2;2;2;2014-05-23 15:30:00;404;0;25;25;0;0;-1;1;-1;-1;-1;-1;-1;-1;0;0;0;2;0;2;-1;0;0;0;0;0;0;0;0;0;0;0;0;0;1;1;0;1;-1;-1;0;0;-1;-1;-1;-1;-1;-1;-1;-1;-1;0;25;25;50;75;50;75;25;0;5;4.5;4.5;1.75;JJK;HIFK;1.43;1.5;2;0.5;1;1.25;100;75;75;50;25;25;0;0;0;0;0;64;27;Y;Y;Y;Y;N;N;N
22095;430;414;2014;complete;100;0;-1;;49,84;0;2;2;3;7;10;1;4;2;2;0;0;4;5;3;3;7;8;15;14;54;46;2;2;2.98;3.47;2.43;0;0;0;0;0;0;0;0;0;0;0;0;0;0;0;0;0;0;0;0;0;0;0;0;0;0;0;0;0;0;0;0;0;0;0;0;0;0;0;0;0;0;0;0;0;0;0;0;0;0;0;0;0;0;0;0;0;0;0;0;0;0;0;0;0;2;0;0;0;2;2;0;2014-05-23 15:30:00;414;0;50;25;0;0;-1;1;-1;-1;-1;-1;-1;-1;0;0;2;2;0;4;-1;0;0;0;0;0;0;0;0;0;0;0;0;0;1;1;0;0;-1;-1;0;0;-1;-1;-1;-1;-1;-1;-1;-1;-1;0;50;75;100;100;100;100;75;50;12.5;3.5;6.5;3.25;Viikingit;PK-35 Vantaa;0.31;1.86;0;0.5;0.25;1.25;100;50;25;0;0;100;100;100;0;0;0;64;27;Y;Y;N;N;N;N;N
22096;426;424;2014;complete;100;0;-1;16,27,76;;3;0;3;3;2;5;3;2;1;1;0;0;3;5;6;6;9;11;17;11;56;44;1;1;2.42;3.43;3.02;0;0;0;0;0;0;0;0;0;0;0;0;0;0;0;0;0;0;0;0;0;0;0;0;0;0;0;0;0;0;0;0;0;0;0;0;0;0;0;0;0;0;0;0;0;0;0;0;0;0;0;0;0;0;0;0;0;0;0;0;0;0;0;0;0;3;2;0;1;0;1;2;2014-05-23 15:30:00;426;0;75;50;50;0;-1;1;-1;-1;-1;-1;-1;-1;1;0;0;1;1;1;-1;0;0;0;0;0;0;0;0;0;0;0;0;0;1;1;0;0;-1;-1;0;0;-1;-1;-1;-1;-1;-1;-1;-1;-1;0;50;75;100;100;100;100;75;50;10.5;4;3;3.25;KTP;Haka;2.43;1.46;3;1;2.5;2;100;50;25;0;0;75;75;75;0;0;0;64;27;Y;Y;Y;N;N;N;N
22097;427;407;2014;complete;100;0;-1;;;0;0;0;6;3;9;4;2;4;3;0;0;5;3;3;5;8;8;9;9;50;50;4;3;3.9;3.58;2;0;0;0;0;0;0;0;0;0;0;0;0;0;0;0;0;0;0;0;0;0;0;0;0;0;0;0;0;0;0;0;0;0;0;0;0;0;0;0;0;0;0;0;0;0;0;0;0;0;0;0;0;0;0;0;0;0;0;0;0;0;0;0;0;0;0;0;0;0;0;0;0;2014-05-23 15:30:00;-1;0;50;50;25;0;-1;1;-1;-1;-1;-1;-1;-1;4;1;0;2;5;2;-1;0;0;0;0;0;0;0;0;0;0;0;0;0;1;1;0;0;-1;-1;2;0;-1;-1;-1;-1;-1;-1;-1;-1;-1;0;25;50;75;100;50;75;75;50;10;8.5;3.5;2.5;Jazz;Ilves;0.54;1.54;0.5;0;1;1.5;100;75;50;25;0;50;25;25;0;0;0;64;27;N;N;N;N;N;N;N
22098;431;425;2014;complete;100;0;-1;8,28;5;2;1;3;0;4;4;5;1;3;2;0;0;7;5;7;3;14;8;24;13;42;58;3;2;3.6;3.55;2.1;0;0;0;0;0;0;0;0;0;0;0;0;0;0;0;0;0;0;0;0;0;0;0;0;0;0;0;0;0;0;0;0;0;0;0;0;0;0;0;0;0;0;0;0;0;0;0;0;0;0;0;0;0;0;0;0;0;0;0;0;0;0;0;0;0;3;2;1;0;0;0;3;2014-05-23 15:30:00;431;0;0;0;0;0;-1;1;-1;-1;-1;-1;-1;-1;1;0;2;2;1;4;-1;0;0;0;0;0;0;0;0;0;0;0;0;0;1;1;1;1;-1;-1;1;0;-1;-1;-1;-1;-1;-1;-1;-1;-1;0;0;0;0;75;0;25;50;0;2.5;1;4;0.75;JIPPO;Oulu;0.92;1.54;1.5;2;1;1.5;100;100;100;100;25;25;0;0;0;0;0;64;27;Y;Y;Y;N;N;N;Y
22099;404;431;2014;complete;100;0;-1;57,63,68,87;;4;0;4;7;2;9;2;1;2;1;0;1;8;3;7;4;15;7;8;12;58;42;2;3;1.52;4.45;6.52;0;0;0;0;0;0;0;0;0;0;0;0;0;0;0;0;0;0;0;0;0;0;0;0;0;0;0;0;0;0;0;0;0;0;0;0;0;0;0;0;0;0;0;0;0;0;0;0;0;0;0;0;0;0;0;0;0;0;0;0;0;0;0;0;0;4;0;0;4;0;4;0;2014-05-27 15:30:00;404;0;25;25;0;0;-1;1;-1;-1;-1;-1;-1;-1;1;0;1;2;1;3;-1;0;0;0;0;0;0;0;1;0;1;0;0;0;1;1;0;0;-1;-1;0;0;-1;-1;-1;-1;-1;-1;-1;-1;-1;0;0;0;75;75;25;50;50;25;7;5.5;3.5;1.5;HIFK;JIPPO;2.23;0.57;2;0.5;1.6;1.4;100;100;100;25;25;50;50;50;0;0;0;64;27;Y;Y;Y;Y;N;N;N
22100;414;425;2014;complete;100;0;-1;57,61,81;;3;0;3;-1;-1;-1;-1;-1;3;2;0;0;-1;-1;-1;-1;-1;-1;-1;-1;-1;-1;3;2;2.09;3.52;3.68;0;0;0;0;0;0;0;0;0;0;0;0;0;0;0;0;0;0;0;0;0;0;0;0;0;0;0;0;0;0;0;0;0;0;0;0;0;0;0;0;0;0;0;0;0;0;0;0;0;0;0;0;0;0;0;0;0;0;0;0;0;0;0;0;0;3;0;0;3;0;3;0;2014-05-28 15:30:00;414;0;42;42;0;0;-1;1;-1;-1;-1;-1;-1;-1;2;0;1;2;2;3;-1;0;0;0;0;0;0;0;0;0;0;0;0;0;1;1;0;0;-1;-1;0;0;-1;-1;-1;-1;-1;-1;-1;-1;-1;0;0;42;42;59;42;59;25;0;9.5;3.67;3;1.42;PK-35 Vantaa;Oulu;1.54;1.54;2;1.33;1.6;1.2;100;100;59;59;42;42;25;25;0;0;0;64;27;Y;Y;Y;N;N;N;N
22101;430;427;2014;complete;100;0;-1;75;45,53,79,86;1;4;5;-1;-1;-1;-1;-1;5;2;0;0;-1;-1;-1;-1;-1;-1;-1;-1;-1;-1;5;2;2.23;3.34;3.48;0;0;0;0;0;0;0;0;0;0;0;0;0;0;0;0;0;0;0;0;0;0;0;0;0;0;0;0;0;0;0;0;0;0;0;0;0;0;0;0;0;0;0;0;0;0;0;0;0;0;0;0;0;0;0;0;0;0;0;0;0;0;0;0;0;5;0;1;1;3;4;1;2014-05-28 15:30:00;427;0;0;0;0;0;-1;1;-1;-1;-1;-1;-1;-1;2;0;3;2;2;5;-1;0;0;0;0;0;0;0;0;1;0;1;0;0;1;1;0;0;-1;-1;0;0;-1;-1;-1;-1;-1;-1;-1;-1;-1;0;25;25;50;100;25;50;75;50;9;0.5;7;2;Viikingit;Jazz;0.31;1.29;0;1.5;0.2;1;100;75;75;50;0;50;50;25;0;0;0;64;27;Y;Y;Y;Y;Y;N;Y
22102;407;424;2014;complete;100;0;-1;28,67;22;2;1;3;6;6;12;3;7;0;0;0;0;5;4;6;7;11;11;9;4;44;56;0;0;2.37;3.32;3.2;0;0;0;0;0;0;0;0;0;0;0;0;0;0;0;0;0;0;0;0;0;0;0;0;0;0;0;0;0;0;0;0;0;0;0;0;0;0;0;0;0;0;0;0;0;0;0;0;0;0;0;0;0;0;0;0;0;0;0;0;0;0;0;0;0;3;1;1;1;0;1;2;2014-05-28 15:30:00;407;0;50;25;50;0;-1;-1;-1;-1;-1;-1;-1;-1;0;0;0;0;0;0;-1;0;0;0;0;0;0;0;0;0;0;0;0;0;1;1;0;0;-1;-1;-1;-1;-1;-1;-1;-1;-1;-1;-1;-1;-1;25;50;75;100;100;75;100;100;50;9;3.5;3;3.5;Ilves;Haka;1.93;1.46;3;0.5;1.4;1.6;75;50;25;0;0;50;50;50;0;0;0;64;27;Y;Y;Y;N;N;N;Y
22103;426;403;2014;complete;100;0;-1;26,44,62;32;3;1;4;8;3;11;2;4;2;3;0;0;9;4;4;1;13;5;17;17;54;46;2;3;1.42;4.62;8.85;0;0;0;0;0;0;0;0;0;0;0;0;0;0;0;0;0;0;0;0;0;0;0;0;0;0;0;0;0;0;0;0;0;0;0;0;0;0;0;0;0;0;0;0;0;0;0;0;0;0;0;0;0;0;0;0;0;0;0;0;0;0;0;0;0;4;2;1;1;0;1;3;2014-05-28 15:30:00;426;0;42;0;25;0;-1;1;-1;-1;-1;-1;-1;-1;0;0;2;3;0;5;-1;0;0;0;0;0;0;0;1;0;1;0;0;0;1;1;0;0;-1;-1;0;0;-1;-1;-1;-1;-1;-1;-1;-1;-1;25;25;59;100;100;75;75;84;50;11.33;4.5;3.17;3.09;KTP;JJK;2.43;1.38;3;0;2.6;0.8;75;75;42;0;0;67;67;67;0;0;0;64;27;Y;Y;Y;Y;N;N;Y
22104;403;431;2014;complete;100;0;-1;16,58,80;;3;0;3;9;7;16;5;1;1;1;0;0;12;6;7;11;19;17;11;6;48;52;1;1;1.88;3.53;4.67;0;0;0;0;0;0;0;0;0;0;0;0;0;0;0;0;0;0;0;0;0;0;0;0;0;0;0;0;0;0;0;0;0;0;0;0;0;0;0;0;0;0;0;0;0;0;0;0;0;0;0;0;0;0;0;0;0;0;0;0;0;0;0;0;0;3;1;0;2;0;2;1;2014-06-01 13:00:00;403;0;0;0;0;0;-1;1;-1;-1;-1;-1;-1;-1;1;1;0;0;2;0;-1;0;0;0;0;0;0;0;0;0;0;0;0;0;1;1;0;0;-1;-1;0;0;-1;-1;-1;-1;-1;-1;-1;-1;-1;0;33;33;50;67;17;50;50;33;8.34;4.67;3.67;1.84;JJK;JIPPO;1.43;0.57;1.33;0.33;0.67;1.17;100;67;67;50;33;67;33;33;0;0;0;64;27;Y;Y;Y;N;N;N;N
22105;424;404;2014;complete;100;0;-1;7;19,23,28,47;1;4;5;-1;-1;-1;-1;-1;0;1;0;0;-1;-1;-1;-1;-1;-1;-1;-1;-1;-1;0;1;1.99;3.57;4.04;0;0;0;0;0;0;0;0;0;0;0;0;0;0;0;0;0;0;0;0;0;0;0;0;0;0;0;0;0;0;0;0;0;0;0;0;0;0;0;0;0;0;0;0;0;0;0;0;0;0;0;0;0;0;0;0;0;0;0;0;0;0;0;0;0;5;1;3;0;1;1;4;2014-06-01 13:00:00;404;0;17;17;0;0;-1;1;-1;-1;-1;-1;-1;-1;0;1;0;0;1;0;-1;0;0;0;0;0;0;0;0;0;0;0;0;0;1;1;1;0;-1;-1;0;0;-1;-1;-1;-1;-1;-1;-1;-1;-1;17;50;50;84;84;67;67;67;33;8.83;5.34;3.67;2.83;Haka;HIFK;1.93;1.5;2.33;1.33;1.33;1.83;84;50;50;17;17;59;59;42;0;0;0;64;27;Y;Y;Y;Y;Y;N;Y
22106;407;426;2014;complete;100;0;-1;35,44,87;65,77,81;3;3;6;6;2;8;3;1;2;3;0;1;2;5;4;5;6;10;18;14;53;47;2;4;2.63;3.51;2.74;0;0;0;0;0;0;0;0;0;0;0;0;0;0;0;0;0;0;0;0;0;0;0;0;0;0;0;0;0;0;0;0;0;0;0;0;0;0;0;0;0;0;0;0;0;0;0;0;0;0;0;0;0;0;0;0;0;0;0;0;0;0;0;0;0;6;2;0;1;3;4;2;2014-06-01 13:00:00;-1;0;59;42;42;0;-1;1;-1;-1;-1;-1;-1;-1;1;1;1;3;2;4;-1;0;0;0;0;0;0;0;0;0;0;0;0;0;1;1;0;0;-1;-1;0;0;-1;-1;-1;-1;-1;-1;-1;-1;-1;42;67;84;100;100;84;100;100;67;11;6.33;3.33;4.67;Ilves;KTP;1.93;1.23;3;2;1.67;2.67;59;34;17;0;0;59;59;59;0;0;0;64;27;Y;Y;Y;Y;Y;Y;Y
22107;425;430;2014;complete;100;0;-1;11,31;78;2;1;3;5;4;9;2;6;3;3;0;0;4;3;8;2;12;5;14;15;63;37;3;3;1.7;3.97;5.28;0;0;0;0;0;0;0;0;0;0;0;0;0;0;0;0;0;0;0;0;0;0;0;0;0;0;0;0;0;0;0;0;0;0;0;0;0;0;0;0;0;0;0;0;0;0;0;0;0;0;0;0;0;0;0;0;0;0;0;0;0;0;0;0;0;3;2;0;0;1;1;2;2014-06-01 13:00:00;425;0;50;50;25;0;-1;1;-1;-1;-1;-1;-1;-1;1;3;2;0;4;2;-1;0;0;0;0;0;0;0;1;0;1;0;0;0;1;1;0;0;-1;-1;0;0;-1;-1;-1;-1;-1;-1;-1;-1;-1;42;67;67;67;84;67;67;84;25;6;0;6;4;Oulu;Viikingit;1.93;0.14;1;0.33;1;0.17;59;34;34;34;17;50;25;0;0;0;0;64;27;Y;Y;Y;N;N;N;Y
22108;427;414;2014;complete;100;0;-1;;45,72;0;2;2;-1;-1;-1;-1;-1;3;0;0;0;-1;-1;-1;-1;-1;-1;-1;-1;-1;-1;3;0;2.72;3.3;2.79;0;0;0;0;0;0;0;0;0;0;0;0;0;0;0;0;0;0;0;0;0;0;0;0;0;0;0;0;0;0;0;0;0;0;0;0;0;0;0;0;0;0;0;0;0;0;0;0;0;0;0;0;0;0;0;0;0;0;0;0;0;0;0;0;0;2;0;1;0;1;1;1;2014-06-01 13:00:00;414;0;50;33;17;0;-1;1;-1;-1;-1;-1;-1;-1;0;0;3;0;0;3;-1;0;0;0;0;0;0;0;0;0;0;0;0;0;1;1;0;0;-1;-1;0;0;-1;-1;-1;-1;-1;-1;-1;-1;-1;0;17;33;67;84;50;67;50;33;12;8;5;2;Jazz;PK-35 Vantaa;0.54;1.86;0.67;1.33;1.33;1.83;100;84;67;34;17;100;67;50;0;0;0;64;27;Y;Y;N;N;N;N;N
22109;403;414;2014;complete;100;0;-1;;69,77;0;2;2;2;3;5;2;3;0;3;0;0;7;7;5;5;12;12;12;12;44;56;0;3;2.99;3.44;2.44;0;0;0;0;0;0;0;0;0;0;0;0;0;0;0;0;0;0;0;0;0;0;0;0;0;0;0;0;0;0;0;0;0;0;0;0;0;0;0;0;0;0;0;0;0;0;0;0;0;0;0;0;0;0;0;0;0;0;0;0;0;0;0;0;0;2;0;0;0;2;2;0;2014-06-04 15:30:00;414;0;25;13;0;0;-1;1;-1;-1;-1;-1;-1;-1;0;2;0;1;2;1;-1;0;0;0;0;0;0;0;0;0;0;0;0;0;1;1;0;0;-1;-1;0;0;-1;-1;-1;-1;-1;-1;-1;-1;-1;0;13;38;75;88;38;75;63;38;12.5;5.25;3.25;2.13;JJK;PK-35 Vantaa;1.43;1.86;1.75;1.75;1;2;100;88;63;25;13;88;75;59;0;0;0;64;27;Y;Y;N;N;N;N;N
22110;431;424;2014;complete;100;0;-1;8;17,26,40,44;1;4;5;-1;-1;-1;-1;-1;2;3;0;0;-1;-1;-1;-1;-1;-1;-1;-1;-1;-1;2;3;4.71;3.77;1.79;0;0;0;0;0;0;0;0;0;0;0;0;0;0;0;0;0;0;0;0;0;0;0;0;0;0;0;0;0;0;0;0;0;0;0;0;0;0;0;0;0;0;0;0;0;0;0;0;0;0;0;0;0;0;0;0;0;0;0;0;0;0;0;0;0;5;1;4;0;0;0;5;2014-06-07 13:00:00;424;0;50;50;17;0;-1;1;-1;-1;-1;-1;-1;-1;2;0;0;3;2;3;-1;0;0;0;0;0;0;0;0;0;0;0;0;0;1;1;1;0;-1;-1;0;0;-1;-1;-1;-1;-1;-1;-1;-1;-1;0;17;67;67;100;67;67;84;17;4;4.33;3;2.5;JIPPO;Haka;0.92;1.46;2;0.33;1;1.14;100;84;34;34;0;34;34;34;0;0;0;64;27;Y;Y;Y;Y;Y;N;Y
22111;425;407;2014;complete;100;0;-1;;55;0;1;1;2;4;6;4;3;3;4;0;1;3;2;1;2;4;4;10;19;56;44;3;6;2.91;3.68;2.38;0;0;0;0;0;0;0;0;0;0;0;0;0;0;0;0;0;0;0;0;0;0;0;0;0;0;0;0;0;0;0;0;0;0;0;0;0;0;0;0;0;0;0;0;0;0;0;0;0;0;0;0;0;0;0;0;0;0;0;0;0;0;0;0;0;1;0;0;0;1;1;0;2014-06-07 14:00:00;407;0;67;50;17;0;-1;1;-1;-1;-1;-1;-1;-1;0;1;3;4;1;7;-1;0;0;0;0;0;0;0;0;0;0;0;0;0;1;1;0;0;-1;-1;0;0;-1;-1;-1;-1;-1;-1;-1;-1;-1;17;34;67;84;84;67;67;84;33;7.17;3;5;3.34;Oulu;Ilves;1.93;1.54;1.67;0.33;1.29;1.57;84;67;34;17;17;42;0;0;0;0;0;64;27;Y;N;N;N;N;N;N
22112;427;426;2014;complete;100;0;-1;;79;0;1;1;3;9;12;0;2;3;3;0;0;3;4;5;6;8;10;21;11;41;59;3;3;4.89;3.97;1.73;0;0;0;0;0;0;0;0;0;0;0;0;0;0;0;0;0;0;0;0;0;0;0;0;0;0;0;0;0;0;0;0;0;0;0;0;0;0;0;0;0;0;0;0;0;0;0;0;0;0;0;0;0;0;0;0;0;0;0;0;0;0;0;0;0;1;0;0;0;1;1;0;2014-06-08 15:30:00;426;0;46;29;46;0;-1;1;-1;-1;-1;-1;-1;-1;0;0;3;3;0;6;-1;0;0;0;0;0;0;0;0;0;0;0;0;0;1;1;0;0;-1;-1;0;0;-1;-1;-1;-1;-1;-1;-1;-1;-1;34;63;63;75;88;63;88;75;63;10;6.5;5.42;3.88;Jazz;KTP;0.54;1.23;0.5;1.67;1.14;2.43;67;38;38;25;13;67;33;33;0;0;0;64;27;Y;N;N;N;N;N;N
22113;414;403;2014;complete;100;0;-1;48;;1;0;1;4;4;8;2;2;2;1;0;0;2;3;6;4;8;7;15;11;49;51;2;1;1.61;4.07;5.93;0;0;0;0;0;0;0;0;0;0;0;0;0;0;0;0;0;0;0;0;0;0;0;0;0;0;0;0;0;0;0;0;0;0;0;0;0;0;0;0;0;0;0;0;0;0;0;0;0;0;0;0;0;0;0;0;0;0;0;0;0;0;0;0;0;1;0;0;1;0;1;0;2014-06-08 15:30:00;414;0;50;33;17;0;-1;1;-1;-1;-1;-1;-1;-1;0;0;2;1;0;3;-1;0;0;0;0;0;0;0;0;0;0;0;0;0;1;1;0;0;-1;-1;0;0;-1;-1;-1;-1;-1;-1;-1;-1;-1;17;34;67;84;84;50;50;84;50;11.5;3.33;3.67;2.84;PK-35 Vantaa;JJK;1.54;1.38;2.33;0;2.13;0.88;84;67;33;17;17;75;75;75;0;0;0;64;27;Y;N;N;N;N;N;N
22114;430;404;2014;complete;100;0;-1;83,89,90;;3;0;3;3;6;9;2;1;1;2;0;0;0;8;4;5;4;13;18;8;44;56;1;2;6.46;4.21;1.56;0;0;0;0;0;0;0;0;0;0;0;0;0;0;0;0;0;0;0;0;0;0;0;0;0;0;0;0;0;0;0;0;0;0;0;0;0;0;0;0;0;0;0;0;0;0;0;0;0;0;0;0;0;0;0;0;0;0;0;0;0;0;0;0;0;3;0;0;3;0;3;0;2014-06-09 15:30:00;430;0;42;25;17;0;-1;1;-1;-1;-1;-1;-1;-1;0;0;1;2;0;3;-1;0;0;0;0;0;0;0;0;0;0;0;0;0;1;1;0;0;-1;-1;0;0;-1;-1;-1;-1;-1;-1;-1;-1;-1;29;71;71;100;100;67;84;88;63;7.5;1.33;5.42;3.71;Viikingit;HIFK;0.31;1.5;0;1.75;0.14;2;71;29;29;0;0;75;75;50;0;0;0;64;27;Y;Y;Y;N;N;N;N
22115;426;431;2014;complete;100;0;-1;16,36,41;;3;0;3;6;6;12;1;4;1;2;0;0;6;10;5;7;11;17;10;14;61;39;1;2;1.27;6.15;9.99;0;0;0;0;0;0;0;0;0;0;0;0;0;0;0;0;0;0;0;0;0;0;0;0;0;0;0;0;0;0;0;0;0;0;0;0;0;0;0;0;0;0;0;0;0;0;0;0;0;0;0;0;0;0;0;0;0;0;0;0;0;0;0;0;0;3;3;0;0;0;0;3;2014-06-12 15:30:00;426;0;25;13;0;0;-1;1;-1;-1;-1;-1;-1;-1;0;1;1;1;1;2;-1;0;0;0;0;0;0;0;0;0;0;0;0;0;1;1;0;0;-1;-1;0;1;-1;-1;-1;-1;-1;-1;-1;-1;-1;0;25;63;88;88;50;75;75;25;9.75;4.5;3.5;2.63;KTP;JIPPO;2.43;0.57;3;0.25;2.5;0.88;100;75;38;13;13;63;50;50;0;0;0;64;27;Y;Y;Y;N;N;N;N
22116;403;425;2014;complete;100;0;-1;21,69,88;;3;0;3;2;4;6;6;1;3;2;0;0;10;7;7;9;17;16;12;14;49;51;3;2;2.66;3.43;2.72;0;0;0;0;0;0;0;0;0;0;0;0;0;0;0;0;0;0;0;0;0;0;0;0;0;0;0;0;0;0;0;0;0;0;0;0;0;0;0;0;0;0;0;0;0;0;0;0;0;0;0;0;0;0;0;0;0;0;0;0;0;0;0;0;0;3;1;0;2;0;2;1;2014-06-12 15:30:00;403;0;13;13;0;0;-1;1;-1;-1;-1;-1;-1;-1;0;0;3;2;0;5;-1;0;0;0;0;0;0;0;0;0;0;0;0;0;1;1;0;0;-1;-1;0;0;-1;-1;-1;-1;-1;-1;-1;-1;-1;0;10;45;55;78;23;55;43;43;8.6;4;3.2;1.88;JJK;Oulu;1.43;1.54;1.4;1;0.78;1.13;100;90;55;45;23;47;20;20;0;0;0;64;27;Y;Y;Y;N;N;N;N
22117;424;414;2014;complete;100;0;-1;;22;0;1;1;9;1;10;1;4;0;2;0;0;7;4;6;2;13;6;10;10;69;31;0;2;1.92;3.62;4.22;0;0;0;0;0;0;0;0;0;0;0;0;0;0;0;0;0;0;0;0;0;0;0;0;0;0;0;0;0;0;0;0;0;0;0;0;0;0;0;0;0;0;0;0;0;0;0;0;0;0;0;0;0;0;0;0;0;0;0;0;0;0;0;0;0;1;0;1;0;0;0;1;2014-06-13 14:00:00;414;0;33;23;0;0;-1;1;-1;-1;-1;-1;-1;-1;0;2;0;0;2;0;-1;0;0;0;0;0;0;0;0;0;0;0;0;0;1;1;0;0;-1;-1;0;0;-1;-1;-1;-1;-1;-1;-1;-1;-1;25;25;35;88;88;45;55;78;33;11.58;4.7;3.25;2.6;Haka;PK-35 Vantaa;1.93;1.86;1.75;2;1.38;2.22;75;75;65;13;13;71;71;42;0;0;0;64;27;Y;N;N;N;N;N;N
22118;404;427;2014;complete;100;0;-1;6,34,89;;3;0;3;12;1;13;2;2;1;2;0;0;6;6;5;4;11;10;13;15;52;48;1;2;1.56;4.19;6.5;0;0;0;0;0;0;0;0;0;0;0;0;0;0;0;0;0;0;0;0;0;0;0;0;0;0;0;0;0;0;0;0;0;0;0;0;0;0;0;0;0;0;0;0;0;0;0;0;0;0;0;0;0;0;0;0;0;0;0;0;0;0;0;0;0;3;2;0;1;0;1;2;2014-06-13 15:30:00;404;0;33;17;17;0;-1;1;-1;-1;-1;-1;-1;-1;0;1;1;1;1;2;-1;0;0;0;0;0;0;0;0;0;0;0;0;0;1;1;1;0;-1;-1;0;0;-1;-1;-1;-1;-1;-1;-1;-1;-1;17;33;33;67;100;17;50;67;50;9;2;5.33;2.5;HIFK;Jazz;2.23;1.29;2.33;2;1.75;1;84;67;67;34;0;34;17;17;0;0;0;64;27;Y;Y;Y;N;N;N;N
22119;407;430;2014;complete;100;0;-1;19,90;63;2;1;3;8;1;9;4;2;2;4;0;1;9;0;7;5;16;5;12;22;61;39;2;5;1.38;4.95;9.23;0;0;0;0;0;0;0;0;0;0;0;0;0;0;0;0;0;0;0;0;0;0;0;0;0;0;0;0;0;0;0;0;0;0;0;0;0;0;0;0;0;0;0;0;0;0;0;0;0;0;0;0;0;0;0;0;0;0;0;0;0;0;0;0;0;3;1;0;1;1;2;1;2014-06-14 13:00:00;407;0;50;13;25;0;-1;1;-1;-1;-1;-1;-1;-1;0;0;2;5;0;7;-1;0;0;0;0;0;0;0;0;0;0;0;0;0;1;1;0;0;-1;-1;0;0;-1;-1;-1;-1;-1;-1;-1;-1;-1;38;38;63;75;88;63;75;88;25;10;4;4.5;3.13;Ilves;Viikingit;1.93;0.14;2.5;0.25;1.75;0.5;63;63;38;25;13;75;42;25;0;0;0;64;27;Y;Y;Y;N;N;N;Y
22120;403;424;2014;complete;100;0;-1;;40,54,89;0;3;3;6;1;7;7;3;2;1;0;0;7;5;12;8;19;13;19;9;54;46;2;1;3.97;3.63;1.97;0;0;0;0;0;0;0;0;0;0;0;0;0;0;0;0;0;0;0;0;0;0;0;0;0;0;0;0;0;0;0;0;0;0;0;0;0;0;0;0;0;0;0;0;0;0;0;0;0;0;0;0;0;0;0;0;0;0;0;0;0;0;0;0;0;3;0;1;0;2;2;1;2014-06-17 14:00:00;424;0;38;38;13;0;-1;1;-1;-1;-1;-1;-1;-1;0;1;2;0;1;2;-1;0;0;0;0;0;0;0;0;0;0;0;0;0;1;1;0;0;-1;-1;0;1;-1;-1;-1;-1;-1;-1;-1;-1;-1;13;34;75;84;92;59;84;71;46;9;5.75;2.75;2.96;JJK;Haka;1.43;1.46;1.67;1;1;1.22;88;67;25;17;9;59;50;50;0;0;0;64;27;Y;Y;Y;N;N;N;N
22121;414;407;2014;complete;100;0;-1;;86;0;1;1;3;3;6;0;3;1;2;0;0;6;4;3;5;9;9;20;15;48;52;1;2;2.62;3.31;2.85;0;0;0;0;0;0;0;0;0;0;0;0;0;0;0;0;0;0;0;0;0;0;0;0;0;0;0;0;0;0;0;0;0;0;0;0;0;0;0;0;0;0;0;0;0;0;0;0;0;0;0;0;0;0;0;0;0;0;0;0;0;0;0;0;0;1;0;0;0;1;1;0;2014-06-18 14:00:00;407;0;25;25;0;0;-1;1;-1;-1;-1;-1;-1;-1;0;1;1;1;1;2;-1;0;0;0;0;0;0;0;0;0;0;0;0;0;1;1;0;0;-1;-1;0;0;-1;-1;-1;-1;-1;-1;-1;-1;-1;0;0;38;50;75;25;25;75;25;9.42;4;4.75;1.63;PK-35 Vantaa;Ilves;1.54;1.54;2.5;1;2.3;1.89;100;100;63;50;25;29;17;17;0;0;0;64;27;Y;N;N;N;N;N;N
22122;425;427;2014;complete;100;0;-1;12,27;62;2;1;3;3;2;5;2;3;1;1;0;0;4;5;6;3;10;8;11;13;59;41;1;1;1.83;3.67;4.66;0;0;0;0;0;0;0;0;0;0;0;0;0;0;0;0;0;0;0;0;0;0;0;0;0;0;0;0;0;0;0;0;0;0;0;0;0;0;0;0;0;0;0;0;0;0;0;0;0;0;0;0;0;0;0;0;0;0;0;0;0;0;0;0;0;3;2;0;0;1;1;2;2014-06-18 14:00:00;425;0;50;25;25;0;-1;1;-1;-1;-1;-1;-1;-1;0;0;1;1;0;2;-1;0;0;0;0;0;0;0;0;0;0;0;0;0;1;1;0;0;-1;-1;0;0;-1;-1;-1;-1;-1;-1;-1;-1;-1;25;38;63;63;100;50;75;88;25;5.5;1.25;6;3.25;Oulu;Jazz;1.93;1.29;1.25;1.5;1;0.89;75;63;38;38;0;42;25;25;0;0;0;64;27;Y;Y;Y;N;N;N;Y
22123;431;430;2014;complete;100;0;-1;14,17,62,72;4,26;4;2;6;7;7;14;1;1;2;4;0;1;10;5;12;4;22;9;11;12;63;37;2;5;2.59;3.4;2.82;0;0;0;0;0;0;0;0;0;0;0;0;0;0;0;0;0;0;0;0;0;0;0;0;0;0;0;0;0;0;0;0;0;0;0;0;0;0;0;0;0;0;0;0;0;0;0;0;0;0;0;0;0;0;0;0;0;0;0;0;0;0;0;0;0;6;2;2;2;0;2;4;2014-06-18 14:00:00;431;0;45;25;10;0;-1;1;-1;-1;-1;-1;-1;-1;2;4;0;1;6;1;-1;0;0;0;0;0;0;0;2;0;2;0;0;0;1;1;0;1;-1;-1;0;0;-1;-1;-1;-1;-1;-1;-1;-1;-1;23;23;55;55;90;45;55;65;10;3.25;2.1;5.65;2.45;JIPPO;Viikingit;0.92;0.14;1.5;0.2;0.78;0.44;78;78;45;45;10;50;13;0;0;0;0;64;27;Y;Y;Y;Y;Y;Y;Y
22124;426;404;2014;complete;100;0;-1;57,70,78;;3;0;3;-1;-1;-1;-1;-1;1;1;0;0;-1;-1;-1;-1;-1;-1;-1;-1;-1;-1;1;1;1.88;3.83;4.15;0;0;0;0;0;0;0;0;0;0;0;0;0;0;0;0;0;0;0;0;0;0;0;0;0;0;0;0;0;0;0;0;0;0;0;0;0;0;0;0;0;0;0;0;0;0;0;0;0;0;0;0;0;0;0;0;0;0;0;0;0;0;0;0;0;3;0;0;3;0;3;0;2014-06-23 14:00:00;426;0;40;30;0;0;-1;1;-1;-1;-1;-1;-1;-1;1;1;0;0;2;0;-1;0;0;0;0;0;0;0;0;0;0;0;0;0;1;1;0;0;-1;-1;0;0;-1;-1;-1;-1;-1;-1;-1;-1;-1;10;40;80;100;100;90;90;70;20;9.67;3.4;3.4;3.3;KTP;HIFK;2.43;1.5;3;1.4;2.56;1.89;90;60;20;0;0;64;47;47;0;0;0;64;27;Y;Y;Y;N;N;N;N
22125;425;424;2014;complete;100;0;-1;;;0;0;0;2;7;9;4;1;1;0;0;0;0;6;7;5;7;11;15;12;48;52;1;0;3.37;3.68;2.14;0;0;0;0;0;0;0;0;0;0;0;0;0;0;0;0;0;0;0;0;0;0;0;0;0;0;0;0;0;0;0;0;0;0;0;0;0;0;0;0;0;0;0;0;0;0;0;0;0;0;0;0;0;0;0;0;0;0;0;0;0;0;0;0;0;0;0;0;0;0;0;0;2014-06-25 14:00:00;-1;0;70;50;20;0;-1;1;-1;-1;-1;-1;-1;-1;1;0;0;0;1;0;-1;0;0;0;0;0;0;0;0;0;0;0;0;0;1;1;0;0;-1;-1;0;0;-1;-1;-1;-1;-1;-1;-1;-1;-1;20;40;90;90;100;80;90;90;30;6.25;3.8;3.8;3.7;Oulu;Haka;1.93;1.46;1.6;1.4;1.2;1.4;80;60;10;10;0;38;25;25;0;0;0;64;27;N;N;N;N;N;N;N
22126;414;426;2014;complete;100;0;-1;37,55;12,53;2;2;4;4;1;5;2;4;3;1;1;0;2;6;8;8;10;14;15;17;55;45;4;1;3.3;3.49;2.24;0;0;0;0;0;0;0;0;0;0;0;0;0;0;0;0;0;0;0;0;0;0;0;0;0;0;0;0;0;0;0;0;0;0;0;0;0;0;0;0;0;0;0;0;0;0;0;0;0;0;0;0;0;0;0;0;0;0;0;0;0;0;0;0;0;4;1;1;1;1;2;2;2014-06-26 14:00:00;-1;0;35;23;25;0;-1;1;-1;-1;-1;-1;-1;-1;0;0;4;1;0;5;-1;0;0;0;0;0;0;0;0;0;0;0;0;0;1;1;0;0;-1;-1;0;0;-1;-1;-1;-1;-1;-1;-1;-1;-1;25;38;58;58;90;48;48;90;48;10.25;3.75;4.35;3.18;PK-35 Vantaa;KTP;1.54;1.23;2;2;2.09;2.6;75;63;43;43;10;38;38;38;0;0;0;64;27;Y;Y;Y;Y;N;N;Y
22127;430;403;2014;complete;100;0;-1;26,73;21,32,78;2;3;5;2;4;6;2;1;4;1;0;0;2;8;5;4;7;12;12;9;49;51;4;1;2.96;3.5;2.43;0;0;0;0;0;0;0;0;0;0;0;0;0;0;0;0;0;0;0;0;0;0;0;0;0;0;0;0;0;0;0;0;0;0;0;0;0;0;0;0;0;0;0;0;0;0;0;0;0;0;0;0;0;0;0;0;0;0;0;0;0;0;0;0;0;5;1;2;1;1;2;3;2014-06-26 14:00:00;403;0;38;13;25;0;-1;1;-1;-1;-1;-1;-1;-1;1;0;3;1;1;4;-1;0;0;0;0;0;0;0;0;0;0;0;0;0;1;1;0;0;-1;-1;0;0;-1;-1;-1;-1;-1;-1;-1;-1;-1;25;50;63;88;100;38;50;100;75;9.08;3;4.75;3.25;Viikingit;JJK;0.31;1.38;0.75;0;0.4;0.91;75;50;38;13;0;88;71;54;0;0;0;64;27;Y;Y;Y;Y;Y;N;Y
22128;427;431;2014;complete;100;0;-1;;68;0;1;1;1;1;2;0;1;2;1;0;0;6;2;8;5;14;7;14;15;61;39;2;1;2;3.47;4.06;0;0;0;0;0;0;0;0;0;0;0;0;0;0;0;0;0;0;0;0;0;0;0;0;0;0;0;0;0;0;0;0;0;0;0;0;0;0;0;0;0;0;0;0;0;0;0;0;0;0;0;0;0;0;0;0;0;0;0;0;0;0;0;0;0;1;0;0;0;1;1;0;2014-06-26 14:00:00;431;0;10;10;10;0;-1;1;-1;-1;-1;-1;-1;-1;0;0;2;1;0;3;-1;0;0;0;0;0;0;0;0;0;0;0;0;0;1;1;0;0;-1;-1;0;0;-1;-1;-1;-1;-1;-1;-1;-1;-1;0;20;40;60;80;20;60;60;30;9.45;5;4.6;2;Jazz;JIPPO;0.54;0.57;0.4;0.2;0.8;1;100;80;60;40;20;90;55;55;0;0;0;64;27;Y;N;N;N;N;N;N
22129;407;404;2014;complete;100;0;-1;;;0;0;0;11;5;16;2;2;2;3;0;0;6;3;6;4;12;7;20;14;54;46;2;3;1.93;3.71;4.07;0;0;0;0;0;0;0;0;0;0;0;0;0;0;0;0;0;0;0;0;0;0;0;0;0;0;0;0;0;0;0;0;0;0;0;0;0;0;0;0;0;0;0;0;0;0;0;0;0;0;0;0;0;0;0;0;0;0;0;0;0;0;0;0;0;0;0;0;0;0;0;0;2014-06-26 14:00:00;-1;0;57;27;30;0;-1;1;-1;-1;-1;-1;-1;-1;0;2;2;1;2;3;-1;0;0;0;0;0;0;0;0;0;0;0;0;0;1;1;0;0;-1;-1;0;0;-1;-1;-1;-1;-1;-1;-1;-1;-1;29;45;82;100;100;64;84;92;55;10.07;3.47;3.27;3.65;Ilves;HIFK;1.93;1.5;2.6;1.17;2;1.7;72;55;19;0;0;64;37;37;0;0;0;64;27;N;N;N;N;N;N;N
22130;431;414;2014;complete;100;0;-1;60;90;1;1;2;2;5;7;1;0;3;0;0;1;7;5;4;6;11;11;13;14;46;54;3;2;4.13;3.59;1.94;0;0;0;0;0;0;0;0;0;0;0;0;0;0;0;0;0;0;0;0;0;0;0;0;0;0;0;0;0;0;0;0;0;0;0;0;0;0;0;0;0;0;0;0;0;0;0;0;0;0;0;0;0;0;0;0;0;0;0;0;0;0;0;0;0;2;0;0;1;1;2;0;2014-06-29 14:00:00;-1;0;47;39;0;0;-1;1;-1;-1;-1;-1;-1;-1;1;0;2;1;1;3;-1;0;0;0;0;0;0;0;0;0;0;0;0;0;1;1;0;0;-1;-1;0;0;-1;-1;-1;-1;-1;-1;-1;-1;-1;20;20;39;72;100;47;64;64;27;7.9;3.1;4.2;2.6;JIPPO;PK-35 Vantaa;0.92;1.86;1.8;2.17;1.18;2;80;80;62;29;0;65;65;45;0;0;0;64;27;Y;Y;N;N;N;N;Y
22131;426;430;2014;complete;100;0;-1;11,60,70,77;;4;0;4;7;1;8;7;2;0;2;0;0;7;7;8;4;15;11;9;11;58;42;0;2;1.21;7.14;9.99;0;0;0;0;0;0;0;0;0;0;0;0;0;0;0;0;0;0;0;0;0;0;0;0;0;0;0;0;0;0;0;0;0;0;0;0;0;0;0;0;0;0;0;0;0;0;0;0;0;0;0;0;0;0;0;0;0;0;0;0;0;0;0;0;0;4;1;0;3;0;3;1;2014-06-29 14:00:00;426;0;42;17;9;0;-1;1;-1;-1;-1;-1;-1;-1;0;1;0;1;1;1;-1;0;0;0;0;0;0;0;0;0;0;0;0;0;1;1;0;0;-1;-1;0;0;-1;-1;-1;-1;-1;-1;-1;-1;-1;17;25;75;84;92;67;75;75;25;10;3.33;5.17;3;KTP;Viikingit;2.43;0.14;3;0.17;2.45;0.36;84;75;25;17;9;80;50;40;0;0;0;64;27;Y;Y;Y;Y;N;N;N
22132;424;427;2014;complete;100;0;-1;75,88,90;7,26,47;3;3;6;12;3;15;2;4;0;2;0;0;5;3;9;3;14;6;10;9;62;38;0;2;1.35;5.15;9.99;0;0;0;0;0;0;0;0;0;0;0;0;0;0;0;0;0;0;0;0;0;0;0;0;0;0;0;0;0;0;0;0;0;0;0;0;0;0;0;0;0;0;0;0;0;0;0;0;0;0;0;0;0;0;0;0;0;0;0;0;0;0;0;0;0;6;0;2;3;1;4;2;2014-06-29 14:00:00;-1;0;30;10;10;0;-1;1;-1;-1;-1;-1;-1;-1;0;0;0;2;0;2;-1;0;0;0;0;0;0;0;0;0;0;0;0;0;1;1;0;1;-1;-1;0;0;-1;-1;-1;-1;-1;-1;-1;-1;-1;30;30;50;60;90;40;70;70;20;9.33;2.8;3.6;2.6;Haka;Jazz;1.93;1.29;1.4;1.2;1.36;0.73;70;70;50;40;10;54;54;29;0;0;0;64;27;Y;Y;Y;Y;Y;Y;Y
22133;403;407;2014;complete;100;0;-1;47,54;70,90;2;2;4;4;10;14;1;4;2;1;0;0;12;6;6;6;18;12;9;14;47;53;2;1;3.38;3.64;2.15;0;0;0;0;0;0;0;0;0;0;0;0;0;0;0;0;0;0;0;0;0;0;0;0;0;0;0;0;0;0;0;0;0;0;0;0;0;0;0;0;0;0;0;0;0;0;0;0;0;0;0;0;0;0;0;0;0;0;0;0;0;0;0;0;0;4;0;0;2;2;4;0;2014-06-29 14:00:00;-1;0;10;10;0;0;-1;1;-1;-1;-1;-1;-1;-1;0;0;2;1;0;3;-1;0;0;0;0;0;0;0;0;0;0;0;0;0;1;1;0;0;-1;-1;0;0;-1;-1;-1;-1;-1;-1;-1;-1;-1;0;7;39;56;83;17;46;76;46;8.74;6.8;4.37;1.85;JJK;Ilves;1.43;1.54;1.43;1.4;1.08;1.91;100;93;62;45;17;32;15;15;0;0;0;64;27;Y;Y;Y;Y;N;N;Y
22134;404;425;2014;complete;100;0;-1;27,48,58,84;;4;0;4;2;8;10;4;0;1;1;0;0;4;8;4;11;8;19;21;11;43;57;1;1;1.63;4.16;5.47;0;0;0;0;0;0;0;0;0;0;0;0;0;0;0;0;0;0;0;0;0;0;0;0;0;0;0;0;0;0;0;0;0;0;0;0;0;0;0;0;0;0;0;0;0;0;0;0;0;0;0;0;0;0;0;0;0;0;0;0;0;0;0;0;0;4;1;0;3;0;3;1;2014-06-29 14:00:00;404;0;23;23;0;0;-1;1;-1;-1;-1;-1;-1;-1;0;1;1;0;1;1;-1;0;0;0;0;0;0;0;0;0;0;0;0;0;1;1;0;0;-1;-1;0;0;-1;-1;-1;-1;-1;-1;-1;-1;-1;0;13;55;80;90;35;55;58;45;10;3.5;3.75;2.38;HIFK;Oulu;2.23;1.54;2.5;0.8;1.64;1.18;100;88;45;20;10;50;25;25;0;0;0;64;27;Y;Y;Y;Y;N;N;N
22135;426;425;2014;complete;100;0;-1;52,79;42;2;1;3;2;3;5;4;3;2;2;0;1;6;4;7;5;13;9;16;12;52;48;2;3;1.3;5.95;9.99;0;0;0;0;0;0;0;0;0;0;0;0;0;0;0;0;0;0;0;0;0;0;0;0;0;0;0;0;0;0;0;0;0;0;0;0;0;0;0;0;0;0;0;0;0;0;0;0;0;0;0;0;0;0;0;0;0;0;0;0;0;0;0;0;0;3;0;1;2;0;2;1;2014-07-06 15:30:00;426;0;23;16;0;0;-1;1;-1;-1;-1;-1;-1;-1;1;0;1;3;1;4;-1;0;0;0;0;0;0;0;1;0;1;0;0;0;1;1;0;0;-1;-1;0;0;-1;-1;-1;-1;-1;-1;-1;-1;-1;0;23;77;84;92;44;77;61;40;10.37;3.4;3.12;2.74;KTP;Oulu;2.43;1.54;3;0.67;2.5;1.08;100;77;24;17;9;45;35;25;0;0;0;64;27;Y;Y;Y;N;N;N;Y
22136;431;407;2014;complete;100;0;-1;;57,66;0;2;2;5;8;13;2;3;2;2;0;1;5;5;3;11;8;16;12;12;52;48;2;3;4.73;3.66;1.83;0;0;0;0;0;0;0;0;0;0;0;0;0;0;0;0;0;0;0;0;0;0;0;0;0;0;0;0;0;0;0;0;0;0;0;0;0;0;0;0;0;0;0;0;0;0;0;0;0;0;0;0;0;0;0;0;0;0;0;0;0;0;0;0;0;2;0;0;0;2;2;0;2014-07-06 15:30:00;407;0;50;34;17;0;-1;1;-1;-1;-1;-1;-1;-1;2;0;0;3;2;3;-1;0;0;0;0;0;0;0;0;0;0;0;0;0;1;1;0;0;-1;-1;0;0;-1;-1;-1;-1;-1;-1;-1;-1;-1;17;25;42;59;92;34;34;75;33;7.67;3.67;4.83;2.42;JIPPO;Ilves;0.92;1.54;1.67;1.33;1.17;1.83;84;75;59;42;9;33;25;25;0;0;0;64;27;Y;Y;N;N;N;N;N
22137;425;431;2014;complete;100;0;-1;42,59,84;;3;0;3;-1;-1;-1;-1;-1;2;2;0;0;-1;-1;-1;-1;-1;-1;-1;-1;-1;-1;2;2;1.81;3.7;4.8;0;0;0;0;0;0;0;0;0;0;0;0;0;0;0;0;0;0;0;0;0;0;0;0;0;0;0;0;0;0;0;0;0;0;0;0;0;0;0;0;0;0;0;0;0;0;0;0;0;0;0;0;0;0;0;0;0;0;0;0;0;0;0;0;0;3;1;0;2;0;2;1;2014-07-11 15:30:00;425;0;34;17;9;0;-1;1;-1;-1;-1;-1;-1;-1;0;1;2;1;1;3;-1;0;0;0;0;0;0;0;1;0;1;0;0;0;1;1;0;0;-1;-1;0;0;-1;-1;-1;-1;-1;-1;-1;-1;-1;9;25;59;67;83;42;59;75;25;6.47;3.83;4;2.67;Oulu;JIPPO;1.93;0.57;1.5;0.67;1;1.08;92;75;42;33;17;54;25;25;0;0;0;64;27;Y;Y;Y;N;N;N;N
22138;424;426;2014;complete;100;0;-1;7,60,82;29;3;1;4;3;7;10;4;2;1;2;0;0;4;12;5;6;9;18;6;11;41;59;1;2;2.75;3.53;2.58;0;0;0;0;0;0;0;0;0;0;0;0;0;0;0;0;0;0;0;0;0;0;0;0;0;0;0;0;0;0;0;0;0;0;0;0;0;0;0;0;0;0;0;0;0;0;0;0;0;0;0;0;0;0;0;0;0;0;0;0;0;0;0;0;0;4;1;1;2;0;2;2;2014-07-13 15:30:00;424;0;47;29;39;0;-1;1;-1;-1;-1;-1;-1;-1;0;1;1;1;1;2;-1;0;0;0;0;0;0;0;0;0;0;0;0;0;1;1;1;0;-1;-1;0;0;-1;-1;-1;-1;-1;-1;-1;-1;-1;45;65;65;74;92;65;74;84;57;12.4;5.17;3.23;3.89;Haka;KTP;1.93;1.23;1.33;1.8;1.33;2.54;55;35;35;27;9;60;60;40;0;0;0;64;27;Y;Y;Y;Y;N;N;Y
22139;404;403;2014;complete;100;0;-1;61;19,85;1;2;3;9;5;14;3;0;0;2;0;0;6;6;1;6;7;12;9;9;46;54;0;2;1.61;4.28;5.51;0;0;0;0;0;0;0;0;0;0;0;0;0;0;0;0;0;0;0;0;0;0;0;0;0;0;0;0;0;0;0;0;0;0;0;0;0;0;0;0;0;0;0;0;0;0;0;0;0;0;0;0;0;0;0;0;0;0;0;0;0;0;0;0;0;3;0;1;1;1;2;1;2014-07-13 15:30:00;403;0;40;30;20;0;-1;1;-1;-1;-1;-1;-1;-1;0;1;0;1;1;1;-1;0;0;0;0;0;0;0;0;0;0;0;0;0;1;1;0;0;-1;-1;0;0;-1;-1;-1;-1;-1;-1;-1;-1;-1;20;50;60;90;100;50;60;90;60;10.4;4.8;3.2;3.2;HIFK;JJK;2.23;1.38;2.6;0.6;1.75;1.08;80;50;40;10;0;70;60;50;0;0;0;64;27;Y;Y;Y;N;N;N;Y
22140;430;414;2014;complete;100;0;-1;;;0;0;0;5;6;11;0;1;2;1;0;0;4;5;2;3;6;8;16;10;43;57;2;1;4.99;4.1;1.69;0;0;0;0;0;0;0;0;0;0;0;0;0;0;0;0;0;0;0;0;0;0;0;0;0;0;0;0;0;0;0;0;0;0;0;0;0;0;0;0;0;0;0;0;0;0;0;0;0;0;0;0;0;0;0;0;0;0;0;0;0;0;0;0;0;0;0;0;0;0;0;0;2014-07-13 15:30:00;-1;0;42;17;27;0;-1;1;-1;-1;-1;-1;-1;-1;1;0;1;1;1;2;-1;0;0;0;0;0;0;0;0;0;0;0;0;0;1;1;0;0;-1;-1;0;0;-1;-1;-1;-1;-1;-1;-1;-1;-1;20;30;47;93;100;35;59;86;72;8.25;3.14;5.2;2.9;Viikingit;PK-35 Vantaa;0.31;1.86;0.6;2;0.33;1.92;80;70;53;7;0;71;59;29;0;0;0;64;27;N;N;N;N;N;N;N
22141;407;424;2014;complete;100;0;-1;;;0;0;0;6;2;8;9;0;3;3;0;1;6;4;4;3;10;7;12;17;54;46;3;5;2.39;3.46;3.05;0;0;0;0;0;0;0;0;0;0;0;0;0;0;0;0;0;0;0;0;0;0;0;0;0;0;0;0;0;0;0;0;0;0;0;0;0;0;0;0;0;0;0;0;0;0;0;0;0;0;0;0;0;0;0;0;0;0;0;0;0;0;0;0;0;0;0;0;0;0;0;0;2014-07-16 15:30:00;-1;0;59;34;34;0;-1;1;-1;-1;-1;-1;-1;-1;1;1;2;3;2;5;-1;0;0;0;0;0;0;0;0;0;0;0;0;0;1;1;0;0;-1;-1;0;0;-1;-1;-1;-1;-1;-1;-1;-1;-1;25;33;75;83;83;59;83;75;42;11.17;4.84;2.67;3.09;Ilves;Haka;1.93;1.46;2.33;1.33;1.92;1.46;75;67;25;17;17;64;45;45;0;0;0;64;27;N;N;N;N;N;N;N
22142;427;430;2014;complete;100;0;-1;51,54,82;15,56,74;3;3;6;5;2;7;2;1;1;4;0;0;7;7;5;5;12;12;9;23;61;39;1;4;1.97;3.64;3.95;0;0;0;0;0;0;0;0;0;0;0;0;0;0;0;0;0;0;0;0;0;0;0;0;0;0;0;0;0;0;0;0;0;0;0;0;0;0;0;0;0;0;0;0;0;0;0;0;0;0;0;0;0;0;0;0;0;0;0;0;0;0;0;0;0;6;0;1;3;2;5;1;2014-07-16 15:30:00;-1;0;30;16;16;0;-1;1;-1;-1;-1;-1;-1;-1;0;1;1;3;1;4;-1;0;0;0;0;0;0;0;1;0;1;0;0;0;1;1;0;0;-1;-1;0;0;-1;-1;-1;-1;-1;-1;-1;-1;-1;15;30;44;52;85;30;61;77;30;7.9;3.9;6.1;2.32;Jazz;Viikingit;0.54;0.14;0.33;0.14;0.75;0.38;86;70;56;48;16;82;37;29;0;0;0;64;27;Y;Y;Y;Y;Y;Y;Y
22143;403;426;2014;complete;100;0;-1;28,31;3;2;1;3;7;4;11;0;3;0;2;0;0;10;12;12;12;22;24;13;10;46;54;0;2;4.06;3.93;1.87;0;0;0;0;0;0;0;0;0;0;0;0;0;0;0;0;0;0;0;0;0;0;0;0;0;0;0;0;0;0;0;0;0;0;0;0;0;0;0;0;0;0;0;0;0;0;0;0;0;0;0;0;0;0;0;0;0;0;0;0;0;0;0;0;0;3;2;1;0;0;0;3;2014-07-16 15:30:00;403;0;40;25;32;0;-1;1;-1;-1;-1;-1;-1;-1;0;1;0;1;1;1;-1;0;0;0;0;0;0;0;0;0;0;0;0;0;1;1;0;1;-1;-1;0;0;-1;-1;-1;-1;-1;-1;-1;-1;-1;17;54;73;79;94;48;73;88;79;9.83;6.46;3.96;3.5;JJK;KTP;1.43;1.23;1.38;1.5;1.21;2.36;84;46;28;21;7;50;44;36;0;0;0;64;27;Y;Y;Y;N;N;N;Y
22144;404;431;2014;complete;100;0;-1;18,55,71,78;51,87;4;2;6;5;3;8;3;3;2;1;0;0;3;2;7;4;10;6;15;9;43;57;2;1;1.34;5.44;9.77;0;0;0;0;0;0;0;0;0;0;0;0;0;0;0;0;0;0;0;0;0;0;0;0;0;0;0;0;0;0;0;0;0;0;0;0;0;0;0;0;0;0;0;0;0;0;0;0;0;0;0;0;0;0;0;0;0;0;0;0;0;0;0;0;0;6;1;0;3;2;5;1;2014-07-17 15:30:00;404;0;17;9;9;0;-1;1;-1;-1;-1;-1;-1;-1;0;1;2;0;1;2;-1;0;0;0;0;0;0;0;0;1;0;1;0;0;1;1;0;0;-1;-1;0;0;-1;-1;-1;-1;-1;-1;-1;-1;-1;0;24;62;86;93;24;62;77;55;10;4.4;3.04;2.65;HIFK;JIPPO;2.23;0.57;2.17;0.57;1.62;1;100;77;38;15;7;75;59;50;0;0;0;64;27;Y;Y;Y;Y;Y;Y;Y
22145;425;414;2014;complete;100;0;-1;75;84;1;1;2;-1;-1;-1;-1;-1;1;4;0;1;-1;-1;-1;-1;-1;-1;-1;-1;-1;-1;1;5;2.76;3.35;2.67;0;0;0;0;0;0;0;0;0;0;0;0;0;0;0;0;0;0;0;0;0;0;0;0;0;0;0;0;0;0;0;0;0;0;0;0;0;0;0;0;0;0;0;0;0;0;0;0;0;0;0;0;0;0;0;0;0;0;0;0;0;0;0;0;0;2;0;0;1;1;2;0;2014-07-18 15:30:00;-1;0;48;21;14;0;-1;1;-1;-1;-1;-1;-1;-1;0;1;1;4;1;5;-1;0;0;0;0;0;0;0;0;0;0;0;0;0;1;1;0;0;-1;-1;0;0;-1;-1;-1;-1;-1;-1;-1;-1;-1;7;15;42;73;87;41;61;75;34;7.51;3.43;4.17;2.45;Oulu;PK-35 Vantaa;1.93;1.86;1.71;1.88;1.14;1.86;93;86;59;27;14;56;36;22;0;0;0;64;27;Y;Y;N;N;N;N;Y
22146;424;404;2014;complete;100;0;-1;11;;1;0;1;-1;-1;-1;-1;-1;-1;-1;-1;-1;-1;-1;-1;-1;-1;-1;-1;-1;-1;-1;-1;-1;1.89;3.78;4.21;0;0;0;0;0;0;0;0;0;0;0;0;0;0;0;0;0;0;0;0;0;0;0;0;0;0;0;0;0;0;0;0;0;0;0;0;0;0;0;0;0;0;0;0;0;0;0;0;0;0;0;0;0;0;0;0;0;0;0;0;0;0;0;0;0;1;1;0;0;0;0;1;2014-07-20 15:30:00;424;0;36;29;7;0;-1;-1;-1;-1;-1;-1;-1;-1;-1;-1;-1;-1;-1;-1;-1;0;0;0;0;0;0;0;0;0;0;0;0;0;1;1;0;0;-1;-1;-1;-1;-1;-1;-1;-1;-1;-1;-1;-1;-1;29;50;64;79;86;57;64;71;43;11.17;3.29;2.72;3.15;Haka;HIFK;1.93;1.5;1.57;1.14;1.43;1.71;72;50;36;22;14;79;67;42;0;0;0;64;27;Y;N;N;N;N;N;N
22147;431;403;2014;complete;100;0;-1;56,90;36,62,65;2;3;5;6;2;8;1;2;3;2;0;0;2;4;4;9;6;13;15;8;49;51;3;2;3.96;3.45;2.05;0;0;0;0;0;0;0;0;0;0;0;0;0;0;0;0;0;0;0;0;0;0;0;0;0;0;0;0;0;0;0;0;0;0;0;0;0;0;0;0;0;0;0;0;0;0;0;0;0;0;0;0;0;0;0;0;0;0;0;0;0;0;0;0;0;5;0;1;2;2;4;1;2014-07-20 15:30:00;403;0;62;38;32;0;-1;1;-1;-1;-1;-1;-1;-1;0;0;3;2;0;5;-1;0;0;0;0;0;0;0;1;1;1;1;0;0;1;1;0;0;-1;-1;0;0;-1;-1;-1;-1;-1;-1;-1;-1;-1;31;40;55;77;100;47;55;86;55;8.17;2.53;3.96;3.1;JIPPO;JJK;0.92;1.38;1.43;1;0.93;1.33;69;61;45;23;0;59;59;59;0;0;0;64;27;Y;Y;Y;Y;Y;N;Y
22148;426;407;2014;complete;100;0;-1;69;;1;0;1;4;4;8;2;1;3;2;0;0;7;6;3;6;10;12;17;10;53;47;3;2;1.88;3.74;4.34;0;0;0;0;0;0;0;0;0;0;0;0;0;0;0;0;0;0;0;0;0;0;0;0;0;0;0;0;0;0;0;0;0;0;0;0;0;0;0;0;0;0;0;0;0;0;0;0;0;0;0;0;0;0;0;0;0;0;0;0;0;0;0;0;0;1;0;0;1;0;1;0;2014-07-20 15:30:00;426;0;34;14;7;0;-1;1;-1;-1;-1;-1;-1;-1;0;2;3;0;2;3;-1;0;0;0;0;0;0;0;0;0;0;0;0;0;1;1;0;0;-1;-1;0;0;-1;-1;-1;-1;-1;-1;-1;-1;-1;0;20;59;79;93;39;51;81;41;10.71;5.75;3.95;2.5;KTP;Ilves;2.43;1.54;3;1.57;2.2;1.86;100;81;42;22;7;43;36;36;0;0;0;64;27;Y;N;N;N;N;N;N
22149;414;427;2014;complete;100;0;-1;18;40;1;1;2;3;0;3;4;2;2;2;0;0;9;3;8;2;17;5;13;10;57;43;2;2;1.5;4.36;7.16;0;0;0;0;0;0;0;0;0;0;0;0;0;0;0;0;0;0;0;0;0;0;0;0;0;0;0;0;0;0;0;0;0;0;0;0;0;0;0;0;0;0;0;0;0;0;0;0;0;0;0;0;0;0;0;0;0;0;0;0;0;0;0;0;0;2;1;1;0;0;0;2;2014-07-21 15:30:00;-1;0;42;17;25;0;-1;1;-1;-1;-1;-1;-1;-1;1;0;1;2;1;3;-1;0;0;0;0;0;0;0;0;0;0;0;0;0;1;1;0;0;-1;-1;0;0;-1;-1;-1;-1;-1;-1;-1;-1;-1;17;25;59;59;92;42;58;83;33;7.3;2.34;4.5;2.59;PK-35 Vantaa;Jazz;1.54;1.29;1.83;1.17;1.8;0.77;84;75;42;42;9;35;35;35;0;0;0;64;27;Y;Y;N;N;N;N;Y
22150;430;425;2014;complete;100;0;-1;;26,41;0;2;2;5;5;10;3;5;3;0;0;0;5;4;3;3;8;7;14;8;55;45;3;0;2.88;3.47;2.5;0;0;0;0;0;0;0;0;0;0;0;0;0;0;0;0;0;0;0;0;0;0;0;0;0;0;0;0;0;0;0;0;0;0;0;0;0;0;0;0;0;0;0;0;0;0;0;0;0;0;0;0;0;0;0;0;0;0;0;0;0;0;0;0;0;2;0;2;0;0;0;2;2014-07-22 15:30:00;425;0;31;16;17;0;-1;1;-1;-1;-1;-1;-1;-1;2;0;1;0;2;1;-1;0;0;0;0;0;0;0;0;0;0;0;0;0;1;1;0;0;-1;-1;0;0;-1;-1;-1;-1;-1;-1;-1;-1;-1;17;32;69;77;85;24;61;70;70;8;1.97;5;2.8;Viikingit;Oulu;0.31;1.54;0.67;0.57;0.43;1.13;84;68;31;23;16;57;39;20;0;0;0;64;27;Y;Y;N;N;N;N;N
22151;427;403;2014;complete;100;0;-1;38;2;1;1;2;4;3;7;1;2;1;4;0;0;2;9;2;6;4;15;14;9;45;55;1;4;3.65;3.79;2.01;0;0;0;0;0;0;0;0;0;0;0;0;0;0;0;0;0;0;0;0;0;0;0;0;0;0;0;0;0;0;0;0;0;0;0;0;0;0;0;0;0;0;0;0;0;0;0;0;0;0;0;0;0;0;0;0;0;0;0;0;0;0;0;0;0;2;1;1;0;0;0;2;2014-07-25 15:30:00;-1;0;50;22;43;0;-1;1;-1;-1;-1;-1;-1;-1;0;2;1;2;2;3;-1;0;0;0;0;0;0;0;0;0;0;0;0;0;1;1;0;1;-1;-1;0;0;-1;-1;-1;-1;-1;-1;-1;-1;-1;29;43;50;65;93;29;64;86;50;8.79;4;4.14;2.86;Jazz;JJK;0.54;1.38;0.43;1.29;0.79;1.44;72;57;50;36;7;62;45;45;0;0;0;64;27;Y;Y;N;N;N;N;Y
22152;424;431;2014;complete;100;0;-1;14,29,34,37,84;;5;0;5;2;5;7;0;3;0;2;0;0;2;7;6;3;8;10;6;12;54;46;0;2;1.24;6.31;9.99;0;0;0;0;0;0;0;0;0;0;0;0;0;0;0;0;0;0;0;0;0;0;0;0;0;0;0;0;0;0;0;0;0;0;0;0;0;0;0;0;0;0;0;0;0;0;0;0;0;0;0;0;0;0;0;0;0;0;0;0;0;0;0;0;0;5;4;0;1;0;1;4;2014-07-26 13:00:00;424;0;26;13;13;0;-1;1;-1;-1;-1;-1;-1;-1;0;1;0;1;1;1;-1;0;0;0;0;0;0;0;1;0;1;0;0;0;1;1;0;0;-1;-1;0;0;-1;-1;-1;-1;-1;-1;-1;-1;-1;26;38;57;69;88;32;69;69;44;10.74;3.75;2.49;2.88;Haka;JIPPO;1.93;0.57;1.75;0.5;1.53;0.88;76;63;44;32;13;70;63;38;0;0;0;64;27;Y;Y;Y;Y;Y;N;N
22153;404;430;2014;complete;100;0;-1;33,50,81;68;3;1;4;3;5;8;2;2;1;2;0;0;5;10;3;8;8;18;15;12;48;52;1;2;1.37;5.14;9.06;0;0;0;0;0;0;0;0;0;0;0;0;0;0;0;0;0;0;0;0;0;0;0;0;0;0;0;0;0;0;0;0;0;0;0;0;0;0;0;0;0;0;0;0;0;0;0;0;0;0;0;0;0;0;0;0;0;0;0;0;0;0;0;0;0;4;1;0;2;1;3;1;2014-07-26 15:30:00;404;0;47;14;27;0;-1;1;-1;-1;-1;-1;-1;-1;0;0;1;2;0;3;-1;0;0;0;0;0;0;0;0;0;0;0;0;0;1;1;0;0;-1;-1;0;0;-1;-1;-1;-1;-1;-1;-1;-1;-1;26;47;73;88;94;34;73;87;61;9.43;4.36;4.93;3.47;HIFK;Viikingit;2.23;0.14;2.29;0.25;1.6;0.4;75;54;27;13;7;71;43;29;0;0;0;64;27;Y;Y;Y;Y;N;N;Y
22154;407;425;2014;complete;100;0;-1;;45;0;1;1;5;3;8;4;2;2;2;1;0;14;4;1;5;15;9;19;17;52;48;3;2;1.55;4.23;6.53;0;0;0;0;0;0;0;0;0;0;0;0;0;0;0;0;0;0;0;0;0;0;0;0;0;0;0;0;0;0;0;0;0;0;0;0;0;0;0;0;0;0;0;0;0;0;0;0;0;0;0;0;0;0;0;0;0;0;0;0;0;0;0;0;0;1;0;1;0;0;0;1;2014-07-27 15:30:00;425;0;41;14;22;0;-1;1;-1;-1;-1;-1;-1;-1;1;1;2;1;2;3;-1;0;0;0;0;0;0;0;0;0;0;0;0;0;1;1;0;0;-1;-1;0;0;-1;-1;-1;-1;-1;-1;-1;-1;-1;15;21;60;73;80;34;73;61;47;11.14;5.2;3.61;2.55;Ilves;Oulu;1.93;1.54;2.14;0.88;1.73;1.25;86;80;41;27;21;50;36;22;0;0;0;64;27;Y;N;N;N;N;N;N
22155;426;427;2014;complete;100;0;-1;3,41,43,52;11;4;1;5;2;2;4;1;1;3;1;0;0;9;5;5;1;14;6;17;15;52;48;3;1;1.24;6.75;9.99;0;0;0;0;0;0;0;0;0;0;0;0;0;0;0;0;0;0;0;0;0;0;0;0;0;0;0;0;0;0;0;0;0;0;0;0;0;0;0;0;0;0;0;0;0;0;0;0;0;0;0;0;0;0;0;0;0;0;0;0;0;0;0;0;0;5;3;1;1;0;1;4;2014-07-29 15:30:00;426;0;45;13;15;0;-1;1;-1;-1;-1;-1;-1;-1;1;0;2;1;1;3;-1;0;0;0;0;0;0;0;0;0;0;0;0;0;1;1;1;0;-1;-1;0;0;-1;-1;-1;-1;-1;-1;-1;-1;-1;15;26;68;80;100;57;82;75;31;7.38;3.96;3.99;2.95;KTP;Jazz;2.43;1.29;3;1.14;2.25;0.8;86;75;33;20;0;39;39;39;0;0;0;64;27;Y;Y;Y;Y;Y;N;Y
22156;430;407;2014;complete;100;0;-1;37;30,90;1;2;3;-1;-1;-1;-1;-1;2;2;0;0;-1;-1;-1;-1;-1;-1;-1;-1;-1;-1;2;2;5.25;4.06;1.67;0;0;0;0;0;0;0;0;0;0;0;0;0;0;0;0;0;0;0;0;0;0;0;0;0;0;0;0;0;0;0;0;0;0;0;0;0;0;0;0;0;0;0;0;0;0;0;0;0;0;0;0;0;0;0;0;0;0;0;0;0;0;0;0;0;3;1;1;0;1;1;2;2014-08-02 11:00:00;407;0;27;14;21;0;-1;1;-1;-1;-1;-1;-1;-1;1;1;1;1;2;2;-1;0;0;0;0;0;0;0;0;0;0;0;0;0;1;1;0;0;-1;-1;0;0;-1;-1;-1;-1;-1;-1;-1;-1;-1;15;28;41;68;87;28;35;80;55;9.17;3.89;5.5;2.38;Viikingit;Ilves;0.31;1.54;0.57;1.38;0.38;1.63;86;73;59;32;14;61;46;29;0;0;0;64;27;Y;Y;Y;N;N;N;Y
22157;414;424;2014;complete;100;0;-1;67;34,90;1;2;3;5;6;11;4;2;4;0;0;0;2;3;6;5;8;8;20;5;44;56;4;0;3.09;3.36;2.41;0;0;0;0;0;0;0;0;0;0;0;0;0;0;0;0;0;0;0;0;0;0;0;0;0;0;0;0;0;0;0;0;0;0;0;0;0;0;0;0;0;0;0;0;0;0;0;0;0;0;0;0;0;0;0;0;0;0;0;0;0;0;0;0;0;3;0;1;1;1;2;1;2014-08-03 15:30:00;424;0;43;43;14;0;-1;1;-1;-1;-1;-1;-1;-1;1;0;3;0;1;3;-1;0;0;0;0;0;0;0;0;0;0;0;0;0;1;1;0;0;-1;-1;0;0;-1;-1;-1;-1;-1;-1;-1;-1;-1;7;22;57;64;79;50;57;64;29;8.17;3.43;3.57;2.29;PK-35 Vantaa;Haka;1.54;1.46;1.71;1.29;1.75;1.63;93;79;43;36;22;34;25;25;0;0;0;64;27;Y;Y;Y;N;N;N;Y
22158;431;426;2014;complete;100;0;-1;88;14,48,53,68;1;4;5;0;3;3;0;0;1;1;0;0;5;6;10;8;15;14;14;10;39;61;1;1;8.15;5.16;1.39;0;0;0;0;0;0;0;0;0;0;0;0;0;0;0;0;0;0;0;0;0;0;0;0;0;0;0;0;0;0;0;0;0;0;0;0;0;0;0;0;0;0;0;0;0;0;0;0;0;0;0;0;0;0;0;0;0;0;0;0;0;0;0;0;0;5;0;1;1;3;4;1;2014-08-03 15:30:00;426;0;67;48;34;0;-1;1;-1;-1;-1;-1;-1;-1;1;0;0;1;1;1;-1;0;0;0;0;0;0;0;0;1;0;1;0;0;1;1;0;0;-1;-1;0;0;-1;-1;-1;-1;-1;-1;-1;-1;-1;34;55;68;81;100;62;68;81;61;8.71;3.74;4.67;3.71;JIPPO;KTP;0.92;1.23;1.25;1.29;0.82;2.29;67;46;32;20;0;49;49;42;0;0;0;64;27;Y;Y;Y;Y;Y;N;Y
22159;427;404;2014;complete;100;0;-1;;17,40,43,66,80;0;5;5;4;4;8;3;0;3;0;0;0;3;4;4;9;7;13;17;6;50;50;3;0;4.25;3.9;1.84;0;0;0;0;0;0;0;0;0;0;0;0;0;0;0;0;0;0;0;0;0;0;0;0;0;0;0;0;0;0;0;0;0;0;0;0;0;0;0;0;0;0;0;0;0;0;0;0;0;0;0;0;0;0;0;0;0;0;0;0;0;0;0;0;0;5;0;3;0;2;2;3;2014-08-03 16:00:00;404;0;32;25;13;0;-1;1;-1;-1;-1;-1;-1;-1;0;0;3;0;0;3;-1;0;0;0;0;0;0;0;0;1;0;1;0;0;1;1;0;0;-1;-1;0;0;-1;-1;-1;-1;-1;-1;-1;-1;-1;13;32;44;63;88;38;63;63;32;8.43;2.76;4.11;2.44;Jazz;HIFK;0.54;1.5;0.5;1;0.75;1.69;88;69;57;38;13;66;40;40;0;0;0;64;27;Y;Y;Y;Y;Y;N;N
22160;425;427;2014;complete;100;0;-1;58;32;1;1;2;9;5;14;0;3;0;2;0;0;5;3;9;2;14;5;11;10;57;43;0;2;1.53;4.4;6.48;0;0;0;0;0;0;0;0;0;0;0;0;0;0;0;0;0;0;0;0;0;0;0;0;0;0;0;0;0;0;0;0;0;0;0;0;0;0;0;0;0;0;0;0;0;0;0;0;0;0;0;0;0;0;0;0;0;0;0;0;0;0;0;0;0;2;0;1;1;0;1;1;2014-08-07 15:30:00;-1;0;63;25;25;0;-1;1;-1;-1;-1;-1;-1;-1;0;0;0;2;0;2;-1;0;0;0;0;0;0;0;1;0;1;0;0;0;1;1;0;0;-1;-1;0;0;-1;-1;-1;-1;-1;-1;-1;-1;-1;26;32;63;75;94;57;76;82;32;4.8;2.38;4.38;3.13;Oulu;Jazz;1.93;1.29;1.63;1;1.35;0.71;76;69;38;25;7;37;17;17;0;0;0;64;27;Y;Y;N;N;N;N;Y
22161;404;426;2014;complete;100;0;-1;18,45,70,78;33;4;1;5;5;9;14;2;1;0;1;0;1;3;7;8;11;11;18;9;7;47;53;0;2;3.19;3.78;2.19;0;0;0;0;0;0;0;0;0;0;0;0;0;0;0;0;0;0;0;0;0;0;0;0;0;0;0;0;0;0;0;0;0;0;0;0;0;0;0;0;0;0;0;0;0;0;0;0;0;0;0;0;0;0;0;0;0;0;0;0;0;0;0;0;0;5;2;1;2;0;2;3;2014-08-07 15:30:00;404;0;63;32;44;0;-1;1;-1;-1;-1;-1;-1;-1;0;1;0;1;1;1;-1;0;0;0;0;0;0;0;1;0;1;0;0;0;1;1;0;0;-1;-1;0;0;-1;-1;-1;-1;-1;-1;-1;-1;-1;26;63;82;94;100;50;82;88;75;10.25;5.25;3.51;3.94;HIFK;KTP;2.23;1.23;2.38;1.5;1.76;2.33;76;38;19;7;0;57;50;38;0;0;0;64;27;Y;Y;Y;Y;Y;N;Y
22162;407;414;2014;complete;100;0;-1;;39,89;0;2;2;10;2;12;5;2;1;3;0;0;7;2;3;3;10;5;10;13;55;45;1;3;1.93;3.6;4.21;0;0;0;0;0;0;0;0;0;0;0;0;0;0;0;0;0;0;0;0;0;0;0;0;0;0;0;0;0;0;0;0;0;0;0;0;0;0;0;0;0;0;0;0;0;0;0;0;0;0;0;0;0;0;0;0;0;0;0;0;0;0;0;0;0;2;0;1;0;1;1;1;2014-08-07 15:30:00;414;0;47;12;30;0;-1;1;-1;-1;-1;-1;-1;-1;0;0;1;3;0;4;-1;0;0;0;0;0;0;0;0;1;0;1;0;0;1;1;0;0;-1;-1;0;0;-1;-1;-1;-1;-1;-1;-1;-1;-1;13;13;31;71;82;30;60;65;41;11.46;5.3;4.22;2.14;Ilves;PK-35 Vantaa;1.93;1.86;1.88;1.78;1.71;1.65;88;88;70;30;18;61;55;41;0;0;0;64;27;Y;Y;N;N;N;N;N
22163;430;431;2014;complete;100;0;-1;;70;0;1;1;-1;-1;-1;-1;-1;5;2;0;0;-1;-1;-1;-1;-1;-1;-1;-1;-1;-1;5;2;2.52;3.62;2.77;0;0;0;0;0;0;0;0;0;0;0;0;0;0;0;0;0;0;0;0;0;0;0;0;0;0;0;0;0;0;0;0;0;0;0;0;0;0;0;0;0;0;0;0;0;0;0;0;0;0;0;0;0;0;0;0;0;0;0;0;0;0;0;0;0;1;0;0;0;1;1;0;2014-08-07 15:30:00;431;0;25;13;18;0;-1;1;-1;-1;-1;-1;-1;-1;0;0;5;2;0;7;-1;0;0;0;0;0;0;0;0;0;0;0;0;0;1;1;0;0;-1;-1;0;0;-1;-1;-1;-1;-1;-1;-1;-1;-1;24;36;65;83;89;36;65;77;54;7.92;2.77;4.55;3;Viikingit;JIPPO;0.31;0.57;0.5;0.44;0.35;0.78;77;65;36;18;12;67;53;36;0;0;0;64;27;Y;N;N;N;N;N;N
22164;424;403;2014;complete;100;0;-1;23,69;25,61;2;2;4;-1;-1;-1;-1;-1;0;3;0;0;-1;-1;-1;-1;-1;-1;-1;-1;-1;-1;0;3;1.53;4.53;6.3;0;0;0;0;0;0;0;0;0;0;0;0;0;0;0;0;0;0;0;0;0;0;0;0;0;0;0;0;0;0;0;0;0;0;0;0;0;0;0;0;0;0;0;0;0;0;0;0;0;0;0;0;0;0;0;0;0;0;0;0;0;0;0;0;0;4;1;1;1;1;2;2;2014-08-07 15:30:00;-1;0;54;30;31;0;-1;1;-1;-1;-1;-1;-1;-1;0;1;0;2;1;2;-1;0;0;0;0;0;0;0;0;0;0;0;0;0;1;1;0;0;-1;-1;0;0;-1;-1;-1;-1;-1;-1;-1;-1;-1;41;53;60;78;95;53;77;78;48;10.56;3.53;2.75;3.3;Haka;JJK;1.93;1.38;1.89;1.25;1.71;1.41;60;47;41;23;6;61;61;40;0;0;0;64;27;Y;Y;Y;Y;N;N;Y
22165;431;427;2014;complete;100;0;-1;3;8,61,63;1;3;4;6;1;7;3;2;2;4;0;0;4;5;6;5;10;10;9;14;49;51;2;4;2.14;3.6;3.51;0;0;0;0;0;0;0;0;0;0;0;0;0;0;0;0;0;0;0;0;0;0;0;0;0;0;0;0;0;0;0;0;0;0;0;0;0;0;0;0;0;0;0;0;0;0;0;0;0;0;0;0;0;0;0;0;0;0;0;0;0;0;0;0;0;4;1;1;0;2;2;2;2014-08-10 15:30:00;427;0;67;28;28;0;-1;1;-1;-1;-1;-1;-1;-1;2;2;0;2;4;2;-1;0;0;0;0;0;0;0;0;0;0;0;0;0;1;1;1;1;-1;-1;0;0;-1;-1;-1;-1;-1;-1;-1;-1;-1;39;39;56;78;100;45;73;78;39;5.76;2.22;4.44;3.22;JIPPO;Jazz;0.92;1.29;1.11;1;0.89;0.72;62;62;44;22;0;38;38;38;0;0;0;64;27;Y;Y;Y;Y;N;N;Y
22166;404;407;2014;complete;100;0;-1;28,72;47,49,55;2;3;5;2;2;4;2;4;1;2;1;1;4;3;3;4;7;7;8;11;50;50;3;4;1.92;3.62;4.2;0;0;0;0;0;0;0;0;0;0;0;0;0;0;0;0;0;0;0;0;0;0;0;0;0;0;0;0;0;0;0;0;0;0;0;0;0;0;0;0;0;0;0;0;0;0;0;0;0;0;0;0;0;0;0;0;0;0;0;0;0;0;0;0;0;5;1;0;1;3;4;1;2014-08-11 15:30:00;407;0;45;22;22;0;-1;1;-1;-1;-1;-1;-1;-1;1;1;1;2;2;3;-1;0;0;0;0;0;0;0;0;1;0;1;0;0;1;1;0;0;-1;-1;1;0;-1;-1;-1;-1;-1;-1;-1;-1;-1;11;34;56;78;95;28;50;89;56;10.67;5;3.66;2.78;HIFK;Ilves;2.23;1.54;2.44;1.56;1.83;1.61;89;67;45;22;6;53;41;35;0;0;0;64;27;Y;Y;Y;Y;Y;N;Y
22167;424;425;2014;complete;100;0;-1;28,90;15,32,70,84;2;4;6;-1;-1;-1;-1;-1;1;1;0;0;-1;-1;-1;-1;-1;-1;-1;-1;-1;-1;1;1;1.46;4.5;7.75;0;0;0;0;0;0;0;0;0;0;0;0;0;0;0;0;0;0;0;0;0;0;0;0;0;0;0;0;0;0;0;0;0;0;0;0;0;0;0;0;0;0;0;0;0;0;0;0;0;0;0;0;0;0;0;0;0;0;0;0;0;0;0;0;0;6;1;2;1;2;3;3;2014-08-11 15:30:00;425;0;31;21;10;0;-1;1;-1;-1;-1;-1;-1;-1;0;0;1;1;0;2;-1;0;0;0;0;0;0;0;0;0;0;0;0;0;1;1;0;0;-1;-1;0;0;-1;-1;-1;-1;-1;-1;-1;-1;-1;20;36;58;69;90;41;79;57;42;10.43;3.17;2.45;2.76;Haka;Oulu;1.93;1.54;1.8;1.11;1.67;1.33;80;65;42;32;11;55;48;15;0;0;0;64;27;Y;Y;Y;Y;Y;Y;Y
22168;426;414;2014;complete;100;0;-1;55;45,81,88;1;3;4;5;2;7;5;1;1;4;0;0;6;5;8;2;14;7;6;16;55;45;1;4;1.54;4.45;6.18;0;0;0;0;0;0;0;0;0;0;0;0;0;0;0;0;0;0;0;0;0;0;0;0;0;0;0;0;0;0;0;0;0;0;0;0;0;0;0;0;0;0;0;0;0;0;0;0;0;0;0;0;0;0;0;0;0;0;0;0;0;0;0;0;0;4;0;1;1;2;3;1;2014-08-11 15:30:00;414;0;40;15;10;0;-1;1;-1;-1;-1;-1;-1;-1;0;1;1;3;1;4;-1;0;0;0;0;0;0;0;1;1;1;1;0;0;1;1;0;0;-1;-1;0;0;-1;-1;-1;-1;-1;-1;-1;-1;-1;5;15;45;85;95;40;65;75;35;9.38;4.2;4;2.45;KTP;PK-35 Vantaa;2.43;1.86;3;1.9;2.21;1.72;95;85;55;15;5;54;54;42;0;0;0;64;27;Y;Y;Y;Y;N;N;Y
22169;403;430;2014;complete;100;0;-1;9,29,45,54;;4;0;4;7;7;14;3;5;0;0;0;0;9;5;9;13;18;18;14;9;50;50;0;0;1.34;5.4;9.5;0;0;0;0;0;0;0;0;0;0;0;0;0;0;0;0;0;0;0;0;0;0;0;0;0;0;0;0;0;0;0;0;0;0;0;0;0;0;0;0;0;0;0;0;0;0;0;0;0;0;0;0;0;0;0;0;0;0;0;0;0;0;0;0;0;4;3;0;1;0;1;3;2014-08-11 15:30:00;403;0;39;11;22;0;-1;-1;-1;-1;-1;-1;-1;-1;0;0;0;0;0;0;-1;0;0;0;0;0;0;0;0;0;0;0;0;0;1;1;1;0;-1;-1;-1;-1;-1;-1;-1;-1;-1;-1;-1;-1;-1;17;39;73;78;89;28;73;78;62;8.72;4.78;4.77;3.06;JJK;Viikingit;1.43;0.14;1.56;0.22;1.39;0.33;84;61;28;22;11;60;35;29;0;0;0;64;27;Y;Y;Y;Y;N;N;N
22170;407;403;2014;complete;100;0;-1;17;45,59;1;2;3;4;9;13;3;5;2;1;0;0;7;9;3;5;10;14;15;13;53;47;2;1;1.88;3.78;4.2;0;0;0;0;0;0;0;0;0;0;0;0;0;0;0;0;0;0;0;0;0;0;0;0;0;0;0;0;0;0;0;0;0;0;0;0;0;0;0;0;0;0;0;0;0;0;0;0;0;0;0;0;0;0;0;0;0;0;0;0;0;0;0;0;0;3;1;1;0;1;1;2;2014-08-16 13:00:00;403;0;61;28;45;0;-1;1;-1;-1;-1;-1;-1;-1;0;1;2;0;1;2;-1;0;0;0;0;0;0;0;0;0;0;0;0;0;1;1;0;0;-1;-1;0;0;-1;-1;-1;-1;-1;-1;-1;-1;-1;28;39;56;78;89;45;78;78;50;11.24;5.22;4;2.94;Ilves;JJK;1.93;1.38;1.67;1.22;1.68;1.47;73;61;45;22;11;53;47;47;0;0;0;64;27;Y;Y;Y;N;N;N;Y
22171;427;424;2014;complete;100;0;-1;;45,68;0;2;2;3;6;9;4;1;2;0;0;0;4;2;3;6;7;8;14;12;48;52;2;0;5.4;4.23;1.63;0;0;0;0;0;0;0;0;0;0;0;0;0;0;0;0;0;0;0;0;0;0;0;0;0;0;0;0;0;0;0;0;0;0;0;0;0;0;0;0;0;0;0;0;0;0;0;0;0;0;0;0;0;0;0;0;0;0;0;0;0;0;0;0;0;2;0;1;0;1;1;1;2014-08-17 15:30:00;424;0;42;30;24;0;-1;1;-1;-1;-1;-1;-1;-1;1;0;1;0;1;1;-1;0;0;0;0;0;0;0;0;0;0;0;0;0;1;1;0;0;-1;-1;0;0;-1;-1;-1;-1;-1;-1;-1;-1;-1;18;29;54;66;82;42;71;65;36;8.38;4.1;3.71;2.54;Jazz;Haka;0.54;1.46;0.44;1.5;0.84;1.58;83;71;46;35;18;54;34;34;0;0;0;64;27;Y;Y;N;N;N;N;N
22172;414;431;2014;complete;100;0;-1;20,90;;2;0;2;6;6;12;2;1;2;1;1;1;3;4;8;2;11;6;18;15;65;35;3;2;1.36;5.2;9.22;0;0;0;0;0;0;0;0;0;0;0;0;0;0;0;0;0;0;0;0;0;0;0;0;0;0;0;0;0;0;0;0;0;0;0;0;0;0;0;0;0;0;0;0;0;0;0;0;0;0;0;0;0;0;0;0;0;0;0;0;0;0;0;0;0;2;1;0;1;0;1;1;2014-08-17 15:30:00;414;0;30;19;18;0;-1;1;-1;-1;-1;-1;-1;-1;0;2;3;0;2;3;-1;0;0;0;0;0;0;0;0;0;0;0;0;0;1;1;0;0;-1;-1;0;1;-1;-1;-1;-1;-1;-1;-1;-1;-1;10;22;55;67;89;29;55;78;39;8.32;3.48;3.95;2.47;PK-35 Vantaa;JIPPO;1.54;0.57;1.5;0.7;1.79;0.85;90;79;45;34;12;40;34;34;0;0;0;64;27;Y;Y;N;N;N;N;N
22173;430;426;2014;complete;100;0;-1;;9,41,49;0;3;3;2;7;9;6;5;0;1;0;0;5;11;3;11;8;22;15;12;38;62;0;1;9.99;6.7;1.24;0;0;0;0;0;0;0;0;0;0;0;0;0;0;0;0;0;0;0;0;0;0;0;0;0;0;0;0;0;0;0;0;0;0;0;0;0;0;0;0;0;0;0;0;0;0;0;0;0;0;0;0;0;0;0;0;0;0;0;0;0;0;0;0;0;3;0;2;0;1;1;2;2014-08-17 15:30:00;426;0;56;39;33;0;-1;1;-1;-1;-1;-1;-1;-1;0;0;0;1;0;1;-1;0;0;0;0;0;0;0;0;1;0;1;0;0;1;1;0;1;-1;-1;0;0;-1;-1;-1;-1;-1;-1;-1;-1;-1;33;56;73;84;95;61;73;84;67;9.17;3;5.22;3.61;Viikingit;KTP;0.31;1.23;0.44;1.33;0.32;2.1;67;45;28;17;6;70;62;39;0;0;0;64;27;Y;Y;Y;N;N;N;N
22174;425;404;2014;complete;100;0;-1;10,19;83;2;1;3;3;5;8;4;5;1;1;0;0;0;4;5;6;5;10;10;13;51;49;1;1;2.82;3.67;2.45;0;0;0;0;0;0;0;0;0;0;0;0;0;0;0;0;0;0;0;0;0;0;0;0;0;0;0;0;0;0;0;0;0;0;0;0;0;0;0;0;0;0;0;0;0;0;0;0;0;0;0;0;0;0;0;0;0;0;0;0;0;0;0;0;0;3;2;0;0;1;1;2;2014-08-17 15:30:00;425;0;45;22;11;0;-1;1;-1;-1;-1;-1;-1;-1;0;0;1;1;0;2;-1;0;0;0;0;0;0;0;0;0;0;0;0;0;1;1;1;0;-1;-1;0;0;-1;-1;-1;-1;-1;-1;-1;-1;-1;17;33;62;78;89;50;67;78;39;7.83;1.56;3.52;2.95;Oulu;HIFK;1.93;1.5;1.56;1.22;1.42;1.74;84;67;39;22;11;55;29;29;0;0;0;64;27;Y;Y;Y;N;N;N;Y
22175;404;414;2014;complete;100;0;-1;65;58;1;1;2;-1;-1;-1;-1;-1;2;0;0;0;-1;-1;-1;-1;-1;-1;-1;-1;-1;-1;2;0;2.18;3.62;3.33;0;0;0;0;0;0;0;0;0;0;0;0;0;0;0;0;0;0;0;0;0;0;0;0;0;0;0;0;0;0;0;0;0;0;0;0;0;0;0;0;0;0;0;0;0;0;0;0;0;0;0;0;0;0;0;0;0;0;0;0;0;0;0;0;0;2;0;0;1;1;2;0;2014-08-23 13:00:00;-1;0;53;15;34;0;-1;1;-1;-1;-1;-1;-1;-1;1;0;1;0;1;1;-1;0;0;0;0;0;0;0;0;0;0;0;0;0;1;1;0;0;-1;-1;0;0;-1;-1;-1;-1;-1;-1;-1;-1;-1;15;35;49;91;96;24;68;82;63;9.41;4.24;3.85;2.9;HIFK;PK-35 Vantaa;2.23;1.86;2.2;2;1.65;1.85;85;66;51;9;5;64;59;42;0;0;0;64;27;Y;Y;N;N;N;N;Y
22176;425;426;2014;complete;100;0;-1;22;70;1;1;2;1;5;6;1;5;2;1;0;0;2;7;6;7;8;14;9;13;40;60;2;1;3.39;3.82;2.09;0;0;0;0;0;0;0;0;0;0;0;0;0;0;0;0;0;0;0;0;0;0;0;0;0;0;0;0;0;0;0;0;0;0;0;0;0;0;0;0;0;0;0;0;0;0;0;0;0;0;0;0;0;0;0;0;0;0;0;0;0;0;0;0;0;2;1;0;0;1;1;1;2014-08-23 13:00:00;-1;0;70;35;30;0;-1;1;-1;-1;-1;-1;-1;-1;0;0;2;1;0;3;-1;0;0;0;0;0;0;0;0;0;0;0;0;0;1;1;0;0;-1;-1;0;0;-1;-1;-1;-1;-1;-1;-1;-1;-1;25;45;75;85;95;65;80;90;50;8.91;3.9;3.8;3.6;Oulu;KTP;1.93;1.23;1.7;1.5;1.5;2.14;75;55;25;15;5;52;32;27;0;0;0;64;27;Y;Y;N;N;N;N;Y
22177;407;431;2014;complete;100;0;-1;69;;1;0;1;6;0;6;1;7;3;2;0;0;5;2;5;2;10;4;24;16;63;37;3;2;1.34;5.34;9.98;0;0;0;0;0;0;0;0;0;0;0;0;0;0;0;0;0;0;0;0;0;0;0;0;0;0;0;0;0;0;0;0;0;0;0;0;0;0;0;0;0;0;0;0;0;0;0;0;0;0;0;0;0;0;0;0;0;0;0;0;0;0;0;0;0;1;0;0;1;0;1;0;2014-08-23 13:00:00;407;0;30;10;20;0;-1;1;-1;-1;-1;-1;-1;-1;1;1;2;1;2;3;-1;0;0;0;0;0;0;0;0;0;0;0;0;0;1;1;0;0;-1;-1;0;0;-1;-1;-1;-1;-1;-1;-1;-1;-1;19;24;53;72;86;29;72;76;33;10.8;5.25;3.63;2.62;Ilves;JIPPO;1.93;0.57;1.5;0.64;1.6;0.81;81;77;48;29;15;58;47;47;0;0;0;64;27;Y;N;N;N;N;N;N
22178;424;430;2014;complete;100;0;-1;29,45;;2;0;2;9;7;16;2;6;0;1;0;0;7;0;10;6;17;6;10;5;61;39;0;1;0;0;0;0;0;0;0;0;0;0;0;0;0;0;0;0;0;0;0;0;0;0;0;0;0;0;0;0;0;0;0;0;0;0;0;0;0;0;0;0;0;0;0;0;0;0;0;0;0;0;0;0;0;0;0;0;0;0;0;0;0;0;0;0;0;0;0;0;2;2;0;0;0;0;2;2014-08-23 14:00:00;424;0;48;23;29;0;-1;1;-1;-1;-1;-1;-1;-1;0;0;0;1;0;1;-1;0;0;0;0;0;0;0;0;0;0;0;0;0;1;1;0;0;-1;-1;0;0;-1;-1;-1;-1;-1;-1;-1;-1;-1;38;62;72;77;91;52;81;82;48;10.32;3.17;3.7;3.58;Haka;Viikingit;1.93;0.14;1.64;0.2;1.65;0.3;63;38;28;24;10;69;52;26;0;0;0;64;27;Y;Y;N;N;N;N;N
22179;403;427;2014;complete;100;0;-1;20;31,52,66;1;3;4;7;4;11;3;2;2;1;0;0;12;5;12;11;24;16;13;7;52;48;2;1;1.52;4.59;6.35;0;0;0;0;0;0;0;0;0;0;0;0;0;0;0;0;0;0;0;0;0;0;0;0;0;0;0;0;0;0;0;0;0;0;0;0;0;0;0;0;0;0;0;0;0;0;0;0;0;0;0;0;0;0;0;0;0;0;0;0;0;0;0;0;0;4;1;1;0;2;2;2;2014-08-25 15:30:00;427;0;45;20;15;0;-1;1;-1;-1;-1;-1;-1;-1;0;0;2;1;0;3;-1;0;0;0;0;0;0;0;0;0;0;0;0;0;1;1;0;0;-1;-1;0;0;-1;-1;-1;-1;-1;-1;-1;-1;-1;15;35;65;80;95;45;80;75;45;7.65;4.7;3.7;2.95;JJK;Jazz;1.43;1.29;1.7;1.2;1.55;0.8;85;65;35;20;5;49;44;44;0;0;0;64;27;Y;Y;Y;Y;N;N;Y
22180;431;425;2014;complete;100;0;-1;;;0;0;0;7;8;15;5;1;3;1;0;0;9;7;5;3;14;10;18;13;36;64;3;1;4.09;3.7;1.93;0;0;0;0;0;0;0;0;0;0;0;0;0;0;0;0;0;0;0;0;0;0;0;0;0;0;0;0;0;0;0;0;0;0;0;0;0;0;0;0;0;0;0;0;0;0;0;0;0;0;0;0;0;0;0;0;0;0;0;0;0;0;0;0;0;0;0;0;0;0;0;0;2014-08-30 13:00:00;-1;0;50;30;20;0;-1;1;-1;-1;-1;-1;-1;-1;1;0;2;1;1;3;-1;0;0;0;0;0;0;0;0;0;0;0;0;0;1;1;0;0;-1;-1;0;0;-1;-1;-1;-1;-1;-1;-1;-1;-1;25;35;60;75;95;35;70;65;55;7.71;2.4;3.9;3;JIPPO;Oulu;0.92;1.54;1;1.3;0.77;1.48;75;65;40;25;5;34;27;15;0;0;0;64;27;N;N;N;N;N;N;N
22181;414;430;2014;complete;100;0;-1;5,45,49,58,85;11,90;5;2;7;-1;-1;-1;-1;-1;1;1;0;0;-1;-1;-1;-1;-1;-1;-1;-1;-1;-1;1;1;0;0;0;0;0;0;0;0;0;0;0;0;0;0;0;0;0;0;0;0;0;0;0;0;0;0;0;0;0;0;0;0;0;0;0;0;0;0;0;0;0;0;0;0;0;0;0;0;0;0;0;0;0;0;0;0;0;0;0;0;0;0;0;0;0;0;0;0;7;2;1;3;1;4;3;2014-08-31 15:30:00;414;0;45;21;25;0;-1;1;-1;-1;-1;-1;-1;-1;1;0;0;1;1;1;-1;0;0;0;0;0;0;0;0;0;0;0;0;0;1;1;1;0;-1;-1;0;0;-1;-1;-1;-1;-1;-1;-1;-1;-1;14;33;59;75;90;39;69;80;39;8.95;4.16;5.15;2.78;PK-35 Vantaa;Viikingit;1.54;0.14;1.67;0.18;1.81;0.29;87;67;42;26;10;54;39;34;0;0;0;64;27;Y;Y;Y;Y;Y;Y;Y
22182;403;404;2014;complete;100;0;-1;;9,40,47,79;0;4;4;9;3;12;1;3;2;0;0;0;3;8;9;6;12;14;7;10;53;47;2;0;2.53;3.7;2.7;0;0;0;0;0;0;0;0;0;0;0;0;0;0;0;0;0;0;0;0;0;0;0;0;0;0;0;0;0;0;0;0;0;0;0;0;0;0;0;0;0;0;0;0;0;0;0;0;0;0;0;0;0;0;0;0;0;0;0;0;0;0;0;0;0;4;0;2;0;2;2;2;2014-09-01 15:30:00;404;0;29;19;5;0;-1;1;-1;-1;-1;-1;-1;-1;0;0;2;0;0;2;-1;0;0;0;0;0;0;0;0;0;0;0;0;0;1;1;0;1;-1;-1;0;0;-1;-1;-1;-1;-1;-1;-1;-1;-1;10;38;72;81;91;48;72;72;52;9.72;4.18;2.92;2.91;JJK;HIFK;1.43;1.5;1.55;1.1;1.48;1.62;90;62;29;19;10;57;44;44;0;0;0;64;27;Y;Y;Y;Y;N;N;N
22183;427;407;2014;complete;100;0;-1;;82;0;1;1;1;5;6;4;1;3;2;0;0;6;8;3;7;9;15;6;20;54;46;3;2;3.5;3.59;2.12;0;0;0;0;0;0;0;0;0;0;0;0;0;0;0;0;0;0;0;0;0;0;0;0;0;0;0;0;0;0;0;0;0;0;0;0;0;0;0;0;0;0;0;0;0;0;0;0;0;0;0;0;0;0;0;0;0;0;0;0;0;0;0;0;0;1;0;0;0;1;1;0;2014-09-01 15:30:00;407;0;35;20;20;0;-1;1;-1;-1;-1;-1;-1;-1;0;0;3;2;0;5;-1;0;0;0;0;0;0;0;0;0;0;0;0;0;1;1;0;0;-1;-1;0;0;-1;-1;-1;-1;-1;-1;-1;-1;-1;15;25;35;60;90;25;50;80;35;8.89;4.9;4.9;2.3;Jazz;Ilves;0.54;1.54;0.4;1.7;0.9;1.67;85;75;65;40;10;45;22;22;0;0;0;64;27;Y;N;N;N;N;N;N
22184;426;424;2014;complete;100;0;-1;17,33,84;;3;0;3;4;8;12;2;3;2;1;0;0;4;9;8;5;12;14;12;9;51;49;2;1;2.1;3.67;3.49;0;0;0;0;0;0;0;0;0;0;0;0;0;0;0;0;0;0;0;0;0;0;0;0;0;0;0;0;0;0;0;0;0;0;0;0;0;0;0;0;0;0;0;0;0;0;0;0;0;0;0;0;0;0;0;0;0;0;0;0;0;0;0;0;0;3;2;0;1;0;1;2;2014-09-01 15:30:00;426;0;45;26;16;0;-1;1;-1;-1;-1;-1;-1;-1;1;1;1;0;2;1;-1;0;0;0;0;0;0;0;0;0;0;0;0;0;1;1;0;0;-1;-1;0;0;-1;-1;-1;-1;-1;-1;-1;-1;-1;10;29;75;85;89;50;80;75;35;9.25;4.51;2.86;2.87;KTP;Haka;2.43;1.46;2.73;1.67;2.09;1.71;90;71;26;16;11;47;34;34;0;0;0;64;27;Y;Y;Y;N;N;N;N
22185;425;403;2014;complete;100;0;-1;26,88,90;53;3;1;4;7;6;13;1;4;3;2;0;0;2;4;6;2;8;6;12;16;52;48;3;2;1.83;3.88;4.36;0;0;0;0;0;0;0;0;0;0;0;0;0;0;0;0;0;0;0;0;0;0;0;0;0;0;0;0;0;0;0;0;0;0;0;0;0;0;0;0;0;0;0;0;0;0;0;0;0;0;0;0;0;0;0;0;0;0;0;0;0;0;0;0;0;4;1;0;2;1;3;1;2014-09-05 15:30:00;425;0;77;34;34;0;-1;1;-1;-1;-1;-1;-1;-1;3;0;0;2;3;2;-1;0;0;0;0;0;0;0;0;0;0;0;0;0;1;1;0;0;-1;-1;0;0;-1;-1;-1;-1;-1;-1;-1;-1;-1;20;34;63;86;96;53;77;91;44;8.05;3.07;3.82;3.11;Oulu;JJK;1.93;1.38;1.64;1.4;1.45;1.41;81;66;38;14;5;47;35;35;0;0;0;64;27;Y;Y;Y;Y;N;N;Y
22186;430;424;2014;complete;100;0;-1;37;33,41,82;1;3;4;-1;-1;-1;-1;-1;1;1;0;0;-1;-1;-1;-1;-1;-1;-1;-1;-1;-1;1;1;9.99;6.1;1.27;0;0;0;0;0;0;0;0;0;0;0;0;0;0;0;0;0;0;0;0;0;0;0;0;0;0;0;0;0;0;0;0;0;0;0;0;0;0;0;0;0;0;0;0;0;0;0;0;0;0;0;0;0;0;0;0;0;0;0;0;0;0;0;0;0;4;1;2;0;1;1;3;2014-09-06 15:30:00;424;0;35;25;20;0;-1;1;-1;-1;-1;-1;-1;-1;0;1;1;0;1;1;-1;0;0;0;0;0;0;0;0;0;0;0;0;0;1;1;0;0;-1;-1;0;0;-1;-1;-1;-1;-1;-1;-1;-1;-1;15;25;65;80;85;50;70;75;40;8.53;3.1;4;2.7;Viikingit;Haka;0.31;1.46;0.4;1.5;0.27;1.64;85;75;35;20;15;77;51;37;0;0;0;64;27;Y;Y;Y;Y;N;N;Y
22187;407;427;2014;complete;100;0;-1;50,54,76;;3;0;3;5;4;9;2;3;1;2;0;0;9;2;9;4;18;6;12;13;45;55;1;2;1.45;4.57;7.78;0;0;0;0;0;0;0;0;0;0;0;0;0;0;0;0;0;0;0;0;0;0;0;0;0;0;0;0;0;0;0;0;0;0;0;0;0;0;0;0;0;0;0;0;0;0;0;0;0;0;0;0;0;0;0;0;0;0;0;0;0;0;0;0;0;3;0;0;3;0;3;0;2014-09-06 16:00:00;407;0;59;27;23;0;-1;1;-1;-1;-1;-1;-1;-1;0;0;1;2;0;3;-1;0;0;0;0;0;0;0;0;0;0;0;0;0;1;1;0;0;-1;-1;0;0;-1;-1;-1;-1;-1;-1;-1;-1;-1;23;32;55;73;91;50;82;78;32;9.17;5;4.27;2.82;Ilves;Jazz;1.93;1.29;1.64;1.36;1.73;0.86;78;69;46;27;9;50;45;45;0;0;0;64;27;Y;Y;Y;N;N;N;N
22188;414;404;2014;complete;100;0;-1;71,79;42,52;2;2;4;11;5;16;4;3;2;2;0;0;10;3;9;1;19;4;10;5;53;47;2;2;2.08;3.55;3.67;0;0;0;0;0;0;0;0;0;0;0;0;0;0;0;0;0;0;0;0;0;0;0;0;0;0;0;0;0;0;0;0;0;0;0;0;0;0;0;0;0;0;0;0;0;0;0;0;0;0;0;0;0;0;0;0;0;0;0;0;0;0;0;0;0;4;0;1;2;1;3;1;2014-09-07 15:30:00;-1;0;39;29;15;0;-1;1;-1;-1;-1;-1;-1;-1;2;1;0;1;3;1;-1;0;0;0;0;0;0;0;0;0;0;0;0;0;1;1;0;0;-1;-1;0;0;-1;-1;-1;-1;-1;-1;-1;-1;-1;14;33;62;76;91;52;67;77;43;8.75;2.78;3.6;2.85;PK-35 Vantaa;HIFK;1.54;1.5;1.8;1.27;1.86;1.68;86;68;39;24;10;48;41;41;0;0;0;64;27;Y;Y;Y;Y;N;N;Y
22189;424;407;2014;complete;100;0;-1;59,69,73,90;19;4;1;5;-1;-1;-1;-1;-1;2;1;0;0;-1;-1;-1;-1;-1;-1;-1;-1;-1;-1;2;1;1.92;3.78;4.04;0;0;0;0;0;0;0;0;0;0;0;0;0;0;0;0;0;0;0;0;0;0;0;0;0;0;0;0;0;0;0;0;0;0;0;0;0;0;0;0;0;0;0;0;0;0;0;0;0;0;0;0;0;0;0;0;0;0;0;0;0;0;0;0;0;5;0;1;4;0;4;1;2014-09-11 15:30:00;424;0;39;26;22;0;-1;1;-1;-1;-1;-1;-1;-1;0;1;2;0;1;2;-1;0;0;0;0;0;0;0;0;0;0;0;0;0;1;1;0;0;-1;-1;0;0;-1;-1;-1;-1;-1;-1;-1;-1;-1;26;38;47;65;92;43;55;79;39;11.45;3.69;3.19;2.76;Haka;Ilves;1.93;1.54;1.75;1.82;1.7;1.78;75;62;53;35;9;53;48;29;0;0;0;64;27;Y;Y;Y;Y;Y;N;Y
22190;426;403;2014;complete;100;0;-1;78;19,61;1;2;3;4;4;8;6;2;3;1;0;0;6;6;5;5;11;11;14;19;59;41;3;1;1.29;6.04;9.99;0;0;0;0;0;0;0;0;0;0;0;0;0;0;0;0;0;0;0;0;0;0;0;0;0;0;0;0;0;0;0;0;0;0;0;0;0;0;0;0;0;0;0;0;0;0;0;0;0;0;0;0;0;0;0;0;0;0;0;0;0;0;0;0;0;3;0;1;1;1;2;1;2014-09-11 15:30:00;403;0;62;31;32;0;-1;1;-1;-1;-1;-1;-1;-1;0;1;3;0;1;3;-1;0;0;0;0;0;0;0;0;1;0;1;0;0;1;1;0;0;-1;-1;0;1;-1;-1;-1;-1;-1;-1;-1;-1;-1;18;44;78;92;100;57;83;87;49;9.71;4.67;3.67;3.31;KTP;JJK;2.43;1.38;2.75;1.27;2.13;1.35;83;56;22;9;0;48;48;48;0;0;0;64;27;Y;Y;Y;N;N;N;Y
22191;431;404;2014;complete;100;0;-1;;2,9,54;0;3;3;6;2;8;4;1;2;0;0;0;9;7;5;7;14;14;10;6;42;58;2;0;5.22;4.18;1.66;0;0;0;0;0;0;0;0;0;0;0;0;0;0;0;0;0;0;0;0;0;0;0;0;0;0;0;0;0;0;0;0;0;0;0;0;0;0;0;0;0;0;0;0;0;0;0;0;0;0;0;0;0;0;0;0;0;0;0;0;0;0;0;0;0;3;0;2;0;1;1;2;2014-09-14 13:00:00;404;0;49;27;18;0;-1;1;-1;-1;-1;-1;-1;-1;2;0;0;0;2;0;-1;0;0;0;0;0;0;0;0;0;0;0;0;0;1;1;0;2;-1;-1;0;0;-1;-1;-1;-1;-1;-1;-1;-1;-1;27;48;65;78;92;47;65;74;53;8.26;2.69;3.72;3.13;JIPPO;HIFK;0.92;1.5;1;1.25;0.78;1.65;74;53;35;22;9;51;44;44;0;0;0;64;27;Y;Y;Y;N;N;N;N
22192;430;427;2014;complete;100;0;-1;18;55,70;1;2;3;7;9;16;4;3;2;2;0;0;3;6;6;9;9;15;13;9;47;53;2;2;6.9;4.71;1.48;0;0;0;0;0;0;0;0;0;0;0;0;0;0;0;0;0;0;0;0;0;0;0;0;0;0;0;0;0;0;0;0;0;0;0;0;0;0;0;0;0;0;0;0;0;0;0;0;0;0;0;0;0;0;0;0;0;0;0;0;0;0;0;0;0;3;1;0;0;2;2;1;2014-09-14 15:30:00;427;0;52;30;18;0;-1;1;-1;-1;-1;-1;-1;-1;1;1;1;1;2;2;-1;0;0;0;0;0;0;0;0;0;0;0;0;0;1;1;0;0;-1;-1;0;0;-1;-1;-1;-1;-1;-1;-1;-1;-1;22;39;66;83;96;57;74;83;44;6.46;2.67;4.89;3.08;Viikingit;Jazz;0.31;1.29;0.36;1.25;0.26;0.83;79;61;35;18;5;68;49;35;0;0;0;64;27;Y;Y;Y;N;N;N;Y
22193;414;425;2014;complete;100;0;-1;;13,18;0;2;2;8;3;11;3;4;3;1;1;0;6;6;7;7;13;13;14;10;47;53;5;1;1.84;3.83;4.36;0;0;0;0;0;0;0;0;0;0;0;0;0;0;0;0;0;0;0;0;0;0;0;0;0;0;0;0;0;0;0;0;0;0;0;0;0;0;0;0;0;0;0;0;0;0;0;0;0;0;0;0;0;0;0;0;0;0;0;0;0;0;0;0;0;2;0;2;0;0;0;2;2014-09-14 15:30:00;425;0;41;27;23;0;-1;1;-1;-1;-1;-1;-1;-1;2;1;2;0;3;2;-1;0;0;0;0;0;0;0;0;1;0;1;0;0;1;1;0;0;-1;-1;0;0;-1;-1;-1;-1;-1;-1;-1;-1;-1;9;23;55;69;87;32;69;64;45;9.88;3.18;3.82;2.55;PK-35 Vantaa;Oulu;1.54;1.54;1.73;1.27;1.83;1.52;91;78;45;32;14;44;39;28;0;0;0;64;27;Y;Y;N;N;N;N;N
22194;404;424;2014;complete;100;0;-1;2,3;35;2;1;3;-1;-1;-1;-1;-1;1;1;0;0;-1;-1;-1;-1;-1;-1;-1;-1;-1;-1;1;1;2.39;3.74;2.86;0;0;0;0;0;0;0;0;0;0;0;0;0;0;0;0;0;0;0;0;0;0;0;0;0;0;0;0;0;0;0;0;0;0;0;0;0;0;0;0;0;0;0;0;0;0;0;0;0;0;0;0;0;0;0;0;0;0;0;0;0;0;0;0;0;3;2;1;0;0;0;3;2014-09-20 13:00:00;404;0;55;27;32;0;-1;1;-1;-1;-1;-1;-1;-1;0;1;1;0;1;1;-1;0;0;0;0;0;0;0;0;0;0;0;0;0;1;1;2;0;-1;-1;0;0;-1;-1;-1;-1;-1;-1;-1;-1;-1;18;41;73;91;91;41;78;82;55;9.97;3.91;2.63;3.19;HIFK;Haka;2.23;1.46;2.09;1.64;1.71;1.75;82;59;27;9;9;64;47;42;0;0;0;64;27;Y;Y;Y;N;N;N;Y
22195;407;426;2014;complete;100;0;-1;59,87;;2;0;2;-1;-1;-1;-1;-1;1;1;0;0;-1;-1;-1;-1;-1;-1;-1;-1;-1;-1;1;1;3.1;3.67;2.27;0;0;0;0;0;0;0;0;0;0;0;0;0;0;0;0;0;0;0;0;0;0;0;0;0;0;0;0;0;0;0;0;0;0;0;0;0;0;0;0;0;0;0;0;0;0;0;0;0;0;0;0;0;0;0;0;0;0;0;0;0;0;0;0;0;2;0;0;2;0;2;0;2014-09-20 13:00:00;407;0;58;31;31;0;-1;1;-1;-1;-1;-1;-1;-1;0;0;1;1;0;2;-1;0;0;0;0;0;0;0;0;0;0;0;0;0;1;1;0;0;-1;-1;0;0;-1;-1;-1;-1;-1;-1;-1;-1;-1;27;41;66;79;92;53;79;83;49;11.76;6.15;3.83;3.26;Ilves;KTP;1.93;1.23;1.75;1.45;1.71;2.04;74;60;34;21;9;57;44;39;0;0;0;64;27;Y;Y;N;N;N;N;N
22196;425;430;2014;complete;100;0;-1;13,22,26,63,75,76,81;;7;0;7;-1;-1;-1;-1;-1;0;1;0;1;-1;-1;-1;-1;-1;-1;-1;-1;-1;-1;0;3;1.17;8.25;9.99;0;0;0;0;0;0;0;0;0;0;0;0;0;0;0;0;0;0;0;0;0;0;0;0;0;0;0;0;0;0;0;0;0;0;0;0;0;0;0;0;0;0;0;0;0;0;0;0;0;0;0;0;0;0;0;0;0;0;0;0;0;0;0;0;0;7;3;0;4;0;4;3;2014-09-20 13:00:00;425;0;63;17;29;0;-1;1;-1;-1;-1;-1;-1;-1;0;2;0;0;2;0;-1;0;0;0;0;0;0;0;1;0;1;0;0;0;1;1;0;0;-1;-1;0;0;-1;-1;-1;-1;-1;-1;-1;-1;-1;21;42;67;83;92;46;79;88;42;7.98;3.25;4.59;3.34;Oulu;Viikingit;1.93;0.14;1.75;0.17;1.58;0.25;80;59;34;17;8;57;31;26;0;0;0;64;27;Y;Y;Y;Y;Y;Y;N
22197;427;414;2014;complete;100;0;-1;51;14,19,43;1;3;4;-1;-1;-1;-1;-1;1;2;1;0;-1;-1;-1;-1;-1;-1;-1;-1;-1;-1;3;2;3.77;3.58;2.04;0;0;0;0;0;0;0;0;0;0;0;0;0;0;0;0;0;0;0;0;0;0;0;0;0;0;0;0;0;0;0;0;0;0;0;0;0;0;0;0;0;0;0;0;0;0;0;0;0;0;0;0;0;0;0;0;0;0;0;0;0;0;0;0;0;4;0;3;1;0;1;3;2014-09-20 13:00:00;414;0;39;13;26;0;-1;1;-1;-1;-1;-1;-1;-1;1;0;1;2;1;3;-1;0;0;0;0;0;0;0;0;1;0;1;0;0;1;1;0;0;-1;-1;0;0;-1;-1;-1;-1;-1;-1;-1;-1;-1;9;18;22;69;92;22;57;74;39;8.01;3.97;4.61;2.14;Jazz;PK-35 Vantaa;0.54;1.86;0.36;1.92;0.92;1.75;91;83;78;31;9;59;44;32;0;0;0;64;27;Y;Y;Y;Y;N;N;Y
22198;403;431;2014;complete;100;0;-1;17,38,41,61;75;4;1;5;3;3;6;0;3;2;0;0;0;13;7;12;3;25;10;11;2;62;38;2;0;1.5;4.56;7;0;0;0;0;0;0;0;0;0;0;0;0;0;0;0;0;0;0;0;0;0;0;0;0;0;0;0;0;0;0;0;0;0;0;0;0;0;0;0;0;0;0;0;0;0;0;0;0;0;0;0;0;0;0;0;0;0;0;0;0;0;0;0;0;0;5;3;0;1;1;2;3;2014-09-22 15:30:00;403;0;17;9;8;0;-1;1;-1;-1;-1;-1;-1;-1;0;0;2;0;0;2;-1;0;0;0;0;0;0;0;0;0;0;0;0;0;1;1;0;0;-1;-1;0;0;-1;-1;-1;-1;-1;-1;-1;-1;-1;9;34;63;75;92;30;67;79;50;9.43;5;3.17;2.75;JJK;JIPPO;1.43;0.57;1.42;0.58;1.42;0.75;92;67;38;25;8;59;49;49;0;0;0;64;27;Y;Y;Y;Y;Y;N;Y
22199;430;404;2014;complete;100;0;-1;;48,79,87;0;3;3;3;5;8;0;2;1;1;0;0;7;11;6;4;13;15;17;9;42;58;1;1;0;0;0;0;0;0;0;0;0;0;0;0;0;0;0;0;0;0;0;0;0;0;0;0;0;0;0;0;0;0;0;0;0;0;0;0;0;0;0;0;0;0;0;0;0;0;0;0;0;0;0;0;0;0;0;0;0;0;0;0;0;0;0;0;0;0;0;0;3;0;0;0;3;3;0;2014-09-28 13:00:00;404;0;37;20;13;0;-1;1;-1;-1;-1;-1;-1;-1;1;1;0;0;2;0;-1;0;0;0;0;0;0;0;0;0;0;0;0;0;1;1;0;0;-1;-1;0;0;-1;-1;-1;-1;-1;-1;-1;-1;-1;16;40;72;84;92;56;72;80;48;8.14;2.56;3.91;3.04;Viikingit;HIFK;0.31;1.5;0.33;1.38;0.24;1.76;84;61;28;16;8;72;54;41;0;0;0;64;27;Y;Y;Y;N;N;N;N
22200;431;424;2014;complete;100;0;-1;18;88;1;1;2;2;7;9;5;4;2;1;1;1;3;5;2;6;5;11;15;13;39;61;3;2;7.4;5.17;1.43;0;0;0;0;0;0;0;0;0;0;0;0;0;0;0;0;0;0;0;0;0;0;0;0;0;0;0;0;0;0;0;0;0;0;0;0;0;0;0;0;0;0;0;0;0;0;0;0;0;0;0;0;0;0;0;0;0;0;0;0;0;0;0;0;0;2;1;0;0;1;1;1;2014-09-28 13:00:00;-1;0;54;38;21;0;-1;1;-1;-1;-1;-1;-1;-1;1;0;2;2;1;4;-1;0;0;0;0;0;0;0;0;0;0;0;0;0;1;1;0;0;-1;-1;0;0;-1;-1;-1;-1;-1;-1;-1;-1;-1;21;34;67;79;88;50;71;71;38;9;3;3.42;2.92;JIPPO;Haka;0.92;1.46;0.92;1.5;0.72;1.68;80;67;34;21;13;50;39;39;0;0;0;64;27;Y;Y;N;N;N;N;Y
22201;427;426;2014;complete;100;0;-1;12,89;;2;0;2;-1;-1;-1;-1;-1;0;2;0;0;-1;-1;-1;-1;-1;-1;-1;-1;-1;-1;0;2;6.08;4.55;1.55;0;0;0;0;0;0;0;0;0;0;0;0;0;0;0;0;0;0;0;0;0;0;0;0;0;0;0;0;0;0;0;0;0;0;0;0;0;0;0;0;0;0;0;0;0;0;0;0;0;0;0;0;0;0;0;0;0;0;0;0;0;0;0;0;0;2;1;0;1;0;1;1;2014-09-28 13:00:00;427;0;50;30;25;0;-1;1;-1;-1;-1;-1;-1;-1;0;0;0;2;0;2;-1;0;0;0;0;0;0;0;0;0;0;0;0;0;1;1;0;0;-1;-1;0;0;-1;-1;-1;-1;-1;-1;-1;-1;-1;25;46;54;75;96;50;75;84;46;9.08;4.75;4.25;3.17;Jazz;KTP;0.54;1.23;0.33;1.33;0.88;1.96;75;55;46;25;4;53;33;28;0;0;0;64;27;Y;Y;N;N;N;N;N
22202;414;403;2014;complete;100;0;-1;44;88;1;1;2;5;7;12;1;1;0;0;0;0;4;3;6;4;10;7;11;14;45;55;0;0;1.58;4.51;5.68;0;0;0;0;0;0;0;0;0;0;0;0;0;0;0;0;0;0;0;0;0;0;0;0;0;0;0;0;0;0;0;0;0;0;0;0;0;0;0;0;0;0;0;0;0;0;0;0;0;0;0;0;0;0;0;0;0;0;0;0;0;0;0;0;0;2;1;0;0;1;1;1;2014-09-28 13:00:00;-1;0;67;38;46;0;-1;-1;-1;-1;-1;-1;-1;-1;0;0;0;0;0;0;-1;0;0;0;0;0;0;0;0;0;0;0;0;0;1;1;0;0;-1;-1;-1;-1;-1;-1;-1;-1;-1;-1;-1;-1;-1;17;38;63;84;96;46;75;84;55;10.43;3.92;4.34;3.05;PK-35 Vantaa;JJK;1.54;1.38;1.58;1.42;1.8;1.48;84;63;38;17;4;53;53;53;0;0;0;64;27;Y;Y;N;N;N;N;Y
22203;425;407;2014;complete;100;0;-1;37,40,50,61;26;4;1;5;-1;-1;-1;-1;-1;2;1;0;0;-1;-1;-1;-1;-1;-1;-1;-1;-1;-1;2;1;2.37;3.72;2.95;0;0;0;0;0;0;0;0;0;0;0;0;0;0;0;0;0;0;0;0;0;0;0;0;0;0;0;0;0;0;0;0;0;0;0;0;0;0;0;0;0;0;0;0;0;0;0;0;0;0;0;0;0;0;0;0;0;0;0;0;0;0;0;0;0;5;2;1;2;0;2;3;2014-09-28 13:00:00;425;0;56;16;20;0;-1;1;-1;-1;-1;-1;-1;-1;0;0;2;1;0;3;-1;0;0;0;0;0;0;0;0;0;0;0;0;0;1;1;0;0;-1;-1;0;0;-1;-1;-1;-1;-1;-1;-1;-1;-1;16;28;52;72;92;32;55;92;40;8.48;3.16;4.19;2.78;Oulu;Ilves;1.93;1.54;1.85;1.67;1.64;1.76;84;72;48;29;8;37;21;21;0;0;0;64;27;Y;Y;Y;Y;Y;N;Y
22204;424;414;2014;complete;100;0;-1;12,30,52,56,83,90;;6;0;6;-1;-1;-1;-1;-1;0;2;0;0;-1;-1;-1;-1;-1;-1;-1;-1;-1;-1;0;2;2.53;3.67;2.76;0;0;0;0;0;0;0;0;0;0;0;0;0;0;0;0;0;0;0;0;0;0;0;0;0;0;0;0;0;0;0;0;0;0;0;0;0;0;0;0;0;0;0;0;0;0;0;0;0;0;0;0;0;0;0;0;0;0;0;0;0;0;0;0;0;6;2;0;4;0;4;2;2014-10-04 13:00:00;424;0;50;20;27;0;-1;1;-1;-1;-1;-1;-1;-1;0;0;0;2;0;2;-1;0;0;0;0;0;0;0;0;0;0;0;0;0;1;1;0;0;-1;-1;0;0;-1;-1;-1;-1;-1;-1;-1;-1;-1;23;39;43;81;92;43;70;73;46;10.86;2.38;2.98;2.85;Haka;PK-35 Vantaa;1.93;1.86;1.85;2;1.65;1.77;77;62;58;19;8;71;71;41;0;0;0;64;27;Y;Y;Y;Y;Y;Y;N
22205;407;430;2014;complete;100;0;-1;7,28,33,37,45,60,66,72,76,90;;10;0;10;-1;-1;-1;-1;-1;1;4;0;1;-1;-1;-1;-1;-1;-1;-1;-1;-1;-1;1;5;0;0;0;0;0;0;0;0;0;0;0;0;0;0;0;0;0;0;0;0;0;0;0;0;0;0;0;0;0;0;0;0;0;0;0;0;0;0;0;0;0;0;0;0;0;0;0;0;0;0;0;0;0;0;0;0;0;0;0;0;0;0;0;0;0;0;0;0;10;5;0;5;0;5;5;2014-10-04 13:00:00;407;0;42;15;27;0;-1;1;-1;-1;-1;-1;-1;-1;1;1;0;4;2;4;-1;0;0;0;0;0;0;0;0;0;0;0;0;0;1;1;1;0;-1;-1;0;0;-1;-1;-1;-1;-1;-1;-1;-1;-1;27;39;62;77;89;43;74;81;46;10.78;4.77;4.54;3.19;Ilves;Viikingit;1.93;0.14;1.85;0.15;1.69;0.23;74;62;39;23;12;64;41;36;0;0;0;64;27;Y;Y;Y;Y;Y;Y;N
22206;404;427;2014;complete;100;0;-1;29,70,77,90;32,57;4;2;6;5;1;6;5;1;1;1;0;0;8;3;7;3;15;6;12;8;51;49;1;1;0;0;0;0;0;0;0;0;0;0;0;0;0;0;0;0;0;0;0;0;0;0;0;0;0;0;0;0;0;0;0;0;0;0;0;0;0;0;0;0;0;0;0;0;0;0;0;0;0;0;0;0;0;0;0;0;0;0;0;0;0;0;0;0;0;0;0;0;6;1;1;3;1;4;2;2014-10-04 13:00:00;404;0;68;28;29;0;-1;1;-1;-1;-1;-1;-1;-1;0;0;1;1;0;2;-1;0;0;0;0;0;0;0;0;1;0;1;0;0;1;1;0;0;-1;-1;0;0;-1;-1;-1;-1;-1;-1;-1;-1;-1;24;44;72;93;100;44;80;84;61;8.48;3.77;3.65;3.41;HIFK;Jazz;2.23;1.29;2.17;1.38;1.81;0.96;76;56;28;8;0;58;48;43;0;0;0;64;27;Y;Y;Y;Y;Y;Y;Y
22207;403;425;2014;complete;100;0;-1;20;25,60;1;2;3;-1;-1;-1;-1;-1;3;2;1;0;-1;-1;-1;-1;-1;-1;-1;-1;-1;-1;4;2;2.56;3.66;2.74;0;0;0;0;0;0;0;0;0;0;0;0;0;0;0;0;0;0;0;0;0;0;0;0;0;0;0;0;0;0;0;0;0;0;0;0;0;0;0;0;0;0;0;0;0;0;0;0;0;0;0;0;0;0;0;0;0;0;0;0;0;0;0;0;0;3;1;1;0;1;1;2;2014-10-04 13:00:00;425;0;28;16;12;0;-1;1;-1;-1;-1;-1;-1;-1;3;2;1;0;5;1;-1;0;0;0;0;0;0;0;0;0;0;0;0;0;1;1;0;0;-1;-1;0;0;-1;-1;-1;-1;-1;-1;-1;-1;-1;8;32;64;76;88;40;76;60;56;9.92;4.35;3.04;2.71;JJK;Oulu;1.43;1.54;1.54;1.42;1.46;1.69;92;69;37;24;13;56;47;37;0;0;0;64;27;Y;Y;Y;N;N;N;Y
22208;426;431;2014;complete;100;0;-1;;;0;0;0;17;0;17;2;1;2;3;0;1;8;0;7;4;15;4;14;20;61;39;2;4;0;0;0;0;0;0;0;0;0;0;0;0;0;0;0;0;0;0;0;0;0;0;0;0;0;0;0;0;0;0;0;0;0;0;0;0;0;0;0;0;0;0;0;0;0;0;0;0;0;0;0;0;0;0;0;0;0;0;0;0;0;0;0;0;0;0;0;0;0;0;0;0;0;0;0;2014-10-04 13:00:00;-1;0;31;8;15;0;-1;1;-1;-1;-1;-1;-1;-1;0;1;2;3;1;5;-1;0;0;0;0;0;0;0;0;0;0;0;0;0;1;1;0;0;-1;-1;0;0;-1;-1;-1;-1;-1;-1;-1;-1;-1;16;31;70;81;96;39;74;85;38;8.38;5;3.39;2.96;KTP;JIPPO;2.43;0.57;2.54;0.54;1.88;0.73;85;69;31;20;4;39;35;35;0;0;0;64;27;N;N;N;N;N;N;N
