ID;HOMEID;AWAYID;SEASON;STATUS;ROUNDID;GAME_WEEK;REVISED_GAME_WEEK;HOMEGOALS;AWAYGOALS;HOMEGOALCOUNT;AWAYGOALCOUNT;TOTALGOALCOUNT;TEAM_A_CORNERS;TEAM_B_CORNERS;TOTALCORNERCOUNT;TEAM_A_OFFSIDES;TEAM_B_OFFSIDES;TEAM_A_YELLOW_CARDS;TEAM_B_YELLOW_CARDS;TEAM_A_RED_CARDS;TEAM_B_RED_CARDS;TEAM_A_SHOTSONTARGET;TEAM_B_SHOTSONTARGET;TEAM_A_SHOTSOFFTARGET;TEAM_B_SHOTSOFFTARGET;TEAM_A_SHOTS;TEAM_B_SHOTS;TEAM_A_FOULS;TEAM_B_FOULS;TEAM_A_POSSESSION;TEAM_B_POSSESSION;TEAM_A_CARDS_NUM;TEAM_B_CARDS_NUM;ODDS_FT_1;ODDS_FT_X;ODDS_FT_2;ODDS_FT_OVER05;ODDS_FT_OVER15;ODDS_FT_OVER25;ODDS_FT_OVER35;ODDS_FT_OVER45;ODDS_FT_UNDER05;ODDS_FT_UNDER15;ODDS_FT_UNDER25;ODDS_FT_UNDER35;ODDS_FT_UNDER45;ODDS_BTTS_YES;ODDS_BTTS_NO;ODDS_TEAM_A_CS_YES;ODDS_TEAM_A_CS_NO;ODDS_TEAM_B_CS_YES;ODDS_TEAM_B_CS_NO;ODDS_DOUBLECHANCE_1X;ODDS_DOUBLECHANCE_12;ODDS_DOUBLECHANCE_X2;ODDS_1ST_HALF_RESULT_1;ODDS_1ST_HALF_RESULT_X;ODDS_1ST_HALF_RESULT_2;ODDS_2ND_HALF_RESULT_1;ODDS_2ND_HALF_RESULT_X;ODDS_2ND_HALF_RESULT_2;ODDS_DNB_1;ODDS_DNB_2;ODDS_CORNERS_OVER_75;ODDS_CORNERS_OVER_85;ODDS_CORNERS_OVER_95;ODDS_CORNERS_OVER_105;ODDS_CORNERS_OVER_115;ODDS_CORNERS_UNDER_75;ODDS_CORNERS_UNDER_85;ODDS_CORNERS_UNDER_95;ODDS_CORNERS_UNDER_105;ODDS_CORNERS_UNDER_115;ODDS_CORNERS_1;ODDS_CORNERS_X;ODDS_CORNERS_2;ODDS_TEAM_TO_SCORE_FIRST_1;ODDS_TEAM_TO_SCORE_FIRST_X;ODDS_TEAM_TO_SCORE_FIRST_2;ODDS_WIN_TO_NIL_1;ODDS_WIN_TO_NIL_2;ODDS_1ST_HALF_OVER05;ODDS_1ST_HALF_OVER15;ODDS_1ST_HALF_OVER25;ODDS_1ST_HALF_OVER35;ODDS_1ST_HALF_UNDER05;ODDS_1ST_HALF_UNDER15;ODDS_1ST_HALF_UNDER25;ODDS_1ST_HALF_UNDER35;ODDS_2ND_HALF_OVER05;ODDS_2ND_HALF_OVER15;ODDS_2ND_HALF_OVER25;ODDS_2ND_HALF_OVER35;ODDS_2ND_HALF_UNDER05;ODDS_2ND_HALF_UNDER15;ODDS_2ND_HALF_UNDER25;ODDS_2ND_HALF_UNDER35;ODDS_BTTS_1ST_HALF_YES;ODDS_BTTS_1ST_HALF_NO;ODDS_BTTS_2ND_HALF_YES;ODDS_BTTS_2ND_HALF_NO;OVERALLGOALCOUNT;HT_GOALS_TEAM_A;HT_GOALS_TEAM_B;GOALS_2HG_TEAM_A;GOALS_2HG_TEAM_B;GOALCOUNT_2HG;HTGOALCOUNT;DATE_UNIX;WINNINGTEAM;NO_HOME_AWAY;BTTS_POTENTIAL;BTTS_FHG_POTENTIAL;BTTS_2HG_POTENTIAL;GOALTIMINGDISABLED;CORNER_TIMINGS_RECORDED;CARD_TIMINGS_RECORDED;TEAM_A_FH_CORNERS;TEAM_B_FH_CORNERS;TEAM_A_2H_CORNERS;TEAM_B_2H_CORNERS;CORNER_FH_COUNT;CORNER_2H_COUNT;TEAM_A_FH_CARDS;TEAM_B_FH_CARDS;TEAM_A_2H_CARDS;TEAM_B_2H_CARDS;TOTAL_FH_CARDS;TOTAL_2H_CARDS;ATTACKS_RECORDED;TEAM_A_DANGEROUS_ATTACKS;TEAM_B_DANGEROUS_ATTACKS;TEAM_A_ATTACKS;TEAM_B_ATTACKS;TEAM_A_XG;TEAM_B_XG;TOTAL_XG;TEAM_A_PENALTIES_WON;TEAM_B_PENALTIES_WON;TEAM_A_PENALTY_GOALS;TEAM_B_PENALTY_GOALS;TEAM_A_PENALTY_MISSED;TEAM_B_PENALTY_MISSED;PENS_RECORDED;GOAL_TIMINGS_RECORDED;TEAM_A_0_10_MIN_GOALS;TEAM_B_0_10_MIN_GOALS;TEAM_A_CORNERS_0_10_MIN;TEAM_B_CORNERS_0_10_MIN;TEAM_A_CARDS_0_10_MIN;TEAM_B_CARDS_0_10_MIN;THROWINS_RECORDED;TEAM_A_THROWINS;TEAM_B_THROWINS;FREEKICKS_RECORDED;TEAM_A_FREEKICKS;TEAM_B_FREEKICKS;GOALKICKS_RECORDED;TEAM_A_GOALKICKS;TEAM_B_GOALKICKS;O45_POTENTIAL;O35_POTENTIAL;O25_POTENTIAL;O15_POTENTIAL;O05_POTENTIAL;O15HT_POTENTIAL;O05HT_POTENTIAL;O05_2H_POTENTIAL;O15_2H_POTENTIAL;CORNERS_POTENTIAL;OFFSIDES_POTENTIAL;CARDS_POTENTIAL;AVG_POTENTIAL;HOME_NAME;AWAY_NAME;HOME_PPG;AWAY_PPG;PRE_MATCH_HOME_PPG;PRE_MATCH_AWAY_PPG;PRE_MATCH_TEAMA_OVERALL_PPG;PRE_MATCH_TEAMB_OVERALL_PPG;U45_POTENTIAL;U35_POTENTIAL;U25_POTENTIAL;U15_POTENTIAL;U05_POTENTIAL;CORNERS_O85_POTENTIAL;CORNERS_O95_POTENTIAL;CORNERS_O105_POTENTIAL;TEAM_A_XG_PREMATCH;TEAM_B_XG_PREMATCH;TOTAL_XG_PREMATCH;COMPETITION_ID;MATCHES_COMPLETED_MINIMUM;OVER05;OVER15;OVER25;OVER35;OVER45;OVER55;BTTS
21670;424;417;2017;complete;97;1;-1;;13,37,58,69;0;4;4;0;5;5;-1;-1;2;2;1;0;0;9;5;9;5;18;-1;-1;-1;-1;3;2;3.54;3.66;2.11;0;0;0;0;0;0;0;0;0;0;0;0;0;0;0;0;0;0;0;0;0;0;0;0;0;0;0;0;0;0;0;0;0;0;0;0;0;0;0;0;0;0;0;0;0;0;0;0;0;0;0;0;0;0;0;0;0;0;0;0;0;0;0;0;0;4;0;2;0;2;2;2;2017-04-29 14:00:00;417;0;0;0;0;0;-1;1;-1;-1;-1;-1;-1;-1;3;0;0;2;3;2;-1;0;0;0;0;0;0;0;0;0;0;0;0;0;1;1;0;0;-1;-1;1;0;-1;-1;-1;-1;-1;-1;-1;-1;-1;0;0;0;0;0;0;0;0;0;0;0;0;0;Haka;Honka;1.62;1.71;0;0;0;0;0;0;0;0;0;0;0;0;0;0;0;61;27;Y;Y;Y;Y;N;N;N
21671;425;419;2017;complete;97;1;-1;22;;1;0;1;3;4;7;-1;-1;2;2;1;0;6;2;5;6;11;8;-1;-1;-1;-1;3;2;1.49;4.62;6.95;0;0;0;0;0;0;0;0;0;0;0;0;0;0;0;0;0;0;0;0;0;0;0;0;0;0;0;0;0;0;0;0;0;0;0;0;0;0;0;0;0;0;0;0;0;0;0;0;0;0;0;0;0;0;0;0;0;0;0;0;0;0;0;0;0;1;1;0;0;0;0;1;2017-04-29 14:00:00;425;0;0;0;0;0;-1;1;-1;-1;-1;-1;-1;-1;1;1;2;1;2;3;-1;0;0;0;0;0;0;0;0;0;0;0;0;0;1;1;0;0;-1;-1;0;0;-1;-1;-1;-1;-1;-1;-1;-1;-1;0;0;0;0;0;0;0;0;0;0;0;0;0;Oulu;Gnistan;1.57;0.79;0;0;0;0;0;0;0;0;0;0;0;0;0;0;0;61;27;Y;N;N;N;N;N;N
21672;421;415;2017;complete;97;2;-1;60,90;67;2;1;3;5;2;7;4;0;4;3;0;0;6;4;6;2;12;6;11;22;48;52;4;3;2.46;3.65;2.86;0;0;0;0;0;0;0;0;0;0;0;0;0;0;0;0;0;0;0;0;0;0;0;0;0;0;0;0;0;0;0;0;0;0;0;0;0;0;0;0;0;0;0;0;0;0;0;0;0;0;0;0;0;0;0;0;0;0;0;0;0;0;0;0;0;3;0;0;2;1;3;0;2017-05-06 14:00:00;421;0;0;0;0;0;-1;1;-1;-1;-1;-1;-1;-1;2;1;2;2;3;4;-1;0;0;0;0;0;0;0;0;0;0;0;0;0;1;1;0;0;-1;-1;1;0;-1;-1;-1;-1;-1;-1;-1;-1;-1;0;0;0;0;0;0;0;0;0;0;0;0;0;KPV;TPS;1.86;1.77;0;0;0;0;0;0;0;0;0;0;0;0;0;0;0;61;27;Y;Y;Y;N;N;N;Y
21673;422;420;2017;complete;97;2;-1;;62,75;0;2;2;11;1;12;-1;-1;1;1;0;0;6;6;6;2;12;8;-1;-1;-1;-1;1;1;1.65;4.23;5.29;0;0;0;0;0;0;0;0;0;0;0;0;0;0;0;0;0;0;0;0;0;0;0;0;0;0;0;0;0;0;0;0;0;0;0;0;0;0;0;0;0;0;0;0;0;0;0;0;0;0;0;0;0;0;0;0;0;0;0;0;0;0;0;0;0;2;0;0;0;2;2;0;2017-05-06 14:00:00;420;0;0;0;0;0;-1;1;-1;-1;-1;-1;-1;-1;0;1;1;0;1;1;-1;0;0;0;0;0;0;0;0;0;0;0;0;0;1;1;0;0;-1;-1;0;1;-1;-1;-1;-1;-1;-1;-1;-1;-1;0;0;0;0;0;0;0;0;0;0;0;0;0;GrIFK;OPS;1.14;0.86;0;0;0;0;0;0;0;0;0;0;0;0;0;0;0;61;26;Y;Y;N;N;N;N;N
21674;423;416;2017;complete;97;2;-1;;68,89;0;2;2;-1;-1;-1;-1;-1;2;2;0;0;-1;-1;-1;-1;-1;-1;-1;-1;-1;-1;2;2;4.71;4.08;1.75;0;0;0;0;0;0;0;0;0;0;0;0;0;0;0;0;0;0;0;0;0;0;0;0;0;0;0;0;0;0;0;0;0;0;0;0;0;0;0;0;0;0;0;0;0;0;0;0;0;0;0;0;0;0;0;0;0;0;0;0;0;0;0;0;0;2;0;0;0;2;2;0;2017-05-06 14:00:00;416;0;0;0;0;0;-1;1;-1;-1;-1;-1;-1;-1;0;1;2;1;1;3;-1;0;0;0;0;0;0;0;0;0;0;0;0;0;1;1;0;0;-1;-1;0;0;-1;-1;-1;-1;-1;-1;-1;-1;-1;0;0;0;0;0;0;0;0;0;0;0;0;0;EIF;Jaro;1.38;1.25;0;0;0;0;0;0;0;0;0;0;0;0;0;0;0;61;26;Y;Y;N;N;N;N;N
21675;425;424;2017;complete;97;1;-1;10;;1;0;1;2;6;8;3;4;3;0;0;0;2;2;3;6;5;8;19;7;53;47;3;0;1.93;3.84;4;0;0;0;0;0;0;0;0;0;0;0;0;0;0;0;0;0;0;0;0;0;0;0;0;0;0;0;0;0;0;0;0;0;0;0;0;0;0;0;0;0;0;0;0;0;0;0;0;0;0;0;0;0;0;0;0;0;0;0;0;0;0;0;0;0;1;1;0;0;0;0;1;2017-05-06 14:00:00;425;0;0;0;0;0;-1;1;-1;-1;-1;-1;-1;-1;1;0;2;0;1;2;-1;0;0;0;0;0;0;0;0;0;0;0;0;0;1;1;1;0;-1;-1;0;0;-1;-1;-1;-1;-1;-1;-1;-1;-1;0;0;0;0;50;0;50;0;0;3;0;3;0.5;Oulu;Haka;1.57;1;3;0;3;0;50;50;50;50;0;0;0;0;0;0;0;61;27;Y;N;N;N;N;N;N
21676;419;417;2017;complete;97;2;-1;;24,72;0;2;2;2;13;15;0;0;5;1;1;0;2;6;1;8;3;14;13;12;37;63;6;1;9.99;5.99;1.28;0;0;0;0;0;0;0;0;0;0;0;0;0;0;0;0;0;0;0;0;0;0;0;0;0;0;0;0;0;0;0;0;0;0;0;0;0;0;0;0;0;0;0;0;0;0;0;0;0;0;0;0;0;0;0;0;0;0;0;0;0;0;0;0;0;2;0;1;0;1;1;1;2017-05-08 15:30:00;417;0;0;0;0;0;-1;1;-1;-1;-1;-1;-1;-1;3;0;3;1;3;4;-1;0;0;0;0;0;0;0;0;1;0;1;0;0;1;1;0;0;-1;-1;1;0;-1;-1;-1;-1;-1;-1;-1;-1;-1;0;50;50;50;50;50;50;50;50;5;0;2;2;Gnistan;Honka;0.77;1.71;0;3;0;3;50;0;0;0;0;0;0;0;0;0;0;61;27;Y;Y;N;N;N;N;N
21677;424;423;2017;complete;97;2;-1;14,77;;2;0;2;7;1;8;-1;-1;2;2;0;0;5;5;4;4;9;9;-1;-1;-1;-1;2;2;1.82;3.94;4.42;0;0;0;0;0;0;0;0;0;0;0;0;0;0;0;0;0;0;0;0;0;0;0;0;0;0;0;0;0;0;0;0;0;0;0;0;0;0;0;0;0;0;0;0;0;0;0;0;0;0;0;0;0;0;0;0;0;0;0;0;0;0;0;0;0;2;1;0;1;0;1;1;2017-05-11 15:30:00;424;0;0;0;0;0;-1;1;-1;-1;-1;-1;-1;-1;0;0;2;2;0;4;-1;0;0;0;0;0;0;0;0;0;0;0;0;0;1;1;0;0;-1;-1;0;0;-1;-1;-1;-1;-1;-1;-1;-1;-1;0;50;50;50;50;50;50;50;50;0;0;3;2;Haka;EIF;1.62;0.86;0;0;0;0;50;0;0;0;0;0;0;0;0;0;0;61;27;Y;Y;N;N;N;N;N
21678;415;425;2017;complete;97;3;-1;;34;0;1;1;7;2;9;-1;-1;3;2;1;0;4;4;10;1;14;5;-1;-1;-1;-1;4;2;1.84;3.81;4.47;0;0;0;0;0;0;0;0;0;0;0;0;0;0;0;0;0;0;0;0;0;0;0;0;0;0;0;0;0;0;0;0;0;0;0;0;0;0;0;0;0;0;0;0;0;0;0;0;0;0;0;0;0;0;0;0;0;0;0;0;0;0;0;0;0;1;0;1;0;0;0;1;2017-05-13 14:00:00;425;0;0;0;0;0;-1;1;-1;-1;-1;-1;-1;-1;1;1;3;1;2;4;-1;0;0;0;0;0;0;0;0;0;0;0;0;0;1;1;0;0;-1;-1;0;0;-1;-1;-1;-1;-1;-1;-1;-1;-1;0;0;0;0;0;0;0;0;0;0;0;0;0;TPS;Oulu;2.5;1.54;0;0;0;3;0;0;0;0;0;0;0;0;0;0;0;61;27;Y;N;N;N;N;N;N
21679;417;421;2017;complete;97;3;-1;55;52;1;1;2;6;4;10;2;1;2;4;0;0;10;4;5;2;15;6;8;14;60;40;2;4;1.53;4.51;6.4;0;0;0;0;0;0;0;0;0;0;0;0;0;0;0;0;0;0;0;0;0;0;0;0;0;0;0;0;0;0;0;0;0;0;0;0;0;0;0;0;0;0;0;0;0;0;0;0;0;0;0;0;0;0;0;0;0;0;0;0;0;0;0;0;0;2;0;0;1;1;2;0;2017-05-13 14:00:00;-1;0;0;0;0;0;-1;1;-1;-1;-1;-1;-1;-1;0;1;2;3;1;5;-1;0;0;0;0;0;0;0;0;0;0;0;0;0;1;1;0;0;-1;-1;0;0;-1;-1;-1;-1;-1;-1;-1;-1;-1;0;0;0;0;0;0;0;0;0;0;0;0;0;Honka;KPV;2.38;1.46;0;0;3;3;0;0;0;0;0;0;0;0;0;0;0;61;27;Y;Y;N;N;N;N;Y
21680;420;419;2017;complete;97;3;-1;6;30;1;1;2;6;3;9;5;1;2;1;0;0;8;3;10;2;18;5;16;13;58;42;2;1;2.24;3.56;3.31;0;0;0;0;0;0;0;0;0;0;0;0;0;0;0;0;0;0;0;0;0;0;0;0;0;0;0;0;0;0;0;0;0;0;0;0;0;0;0;0;0;0;0;0;0;0;0;0;0;0;0;0;0;0;0;0;0;0;0;0;0;0;0;0;0;2;1;1;0;0;0;2;2017-05-13 14:00:00;-1;0;0;0;0;0;-1;1;-1;-1;-1;-1;-1;-1;0;1;2;0;1;2;-1;0;0;0;0;0;0;0;1;0;1;0;0;0;1;1;1;0;-1;-1;0;0;-1;-1;-1;-1;-1;-1;-1;-1;-1;0;0;0;0;50;0;50;0;0;4;0;2;0.5;OPS;Gnistan;1.17;0.79;0;0;3;0;50;50;50;50;0;0;0;0;0;0;0;61;26;Y;Y;N;N;N;N;Y
21681;416;422;2017;complete;97;3;-1;;;0;0;0;7;5;12;3;2;1;3;0;0;4;2;9;7;13;9;14;16;60;40;1;3;1.28;6.15;9.99;0;0;0;0;0;0;0;0;0;0;0;0;0;0;0;0;0;0;0;0;0;0;0;0;0;0;0;0;0;0;0;0;0;0;0;0;0;0;0;0;0;0;0;0;0;0;0;0;0;0;0;0;0;0;0;0;0;0;0;0;0;0;0;0;0;0;0;0;0;0;0;0;2017-05-13 14:00:00;-1;0;0;0;0;0;-1;1;-1;-1;-1;-1;-1;-1;0;2;1;1;2;2;-1;0;0;0;0;0;0;0;0;0;0;0;0;0;1;1;0;0;-1;-1;0;0;-1;-1;-1;-1;-1;-1;-1;-1;-1;0;0;0;0;0;0;0;0;0;0;0;0;0;Jaro;GrIFK;1.21;0.46;0;0;3;0;0;0;0;0;0;0;0;0;0;0;0;61;26;N;N;N;N;N;N;N
21682;419;424;2017;complete;97;4;-1;;15,76;0;2;2;3;5;8;1;1;0;1;0;0;3;10;4;5;7;15;13;11;51;49;0;1;3.71;3.63;2.06;0;0;0;0;0;0;0;0;0;0;0;0;0;0;0;0;0;0;0;0;0;0;0;0;0;0;0;0;0;0;0;0;0;0;0;0;0;0;0;0;0;0;0;0;0;0;0;0;0;0;0;0;0;0;0;0;0;0;0;0;0;0;0;0;0;2;0;1;0;1;1;1;2017-05-17 15:30:00;424;0;0;0;0;0;-1;1;-1;-1;-1;-1;-1;-1;0;1;0;0;1;0;-1;0;0;0;0;0;0;0;0;0;0;0;0;0;1;1;0;0;-1;-1;0;1;-1;-1;-1;-1;-1;-1;-1;-1;-1;0;0;0;50;100;0;100;50;0;8;4;6;1.5;Gnistan;Haka;0.77;1;0;0;0.33;1;100;100;100;50;0;50;50;50;0;0;0;61;27;Y;Y;N;N;N;N;N
21683;420;425;2017;complete;97;4;-1;75;;1;0;1;3;4;7;7;1;3;1;0;0;5;2;6;8;11;10;22;9;41;59;3;1;4.61;3.74;1.83;0;0;0;0;0;0;0;0;0;0;0;0;0;0;0;0;0;0;0;0;0;0;0;0;0;0;0;0;0;0;0;0;0;0;0;0;0;0;0;0;0;0;0;0;0;0;0;0;0;0;0;0;0;0;0;0;0;0;0;0;0;0;0;0;0;1;0;0;1;0;1;0;2017-05-17 15:30:00;420;0;50;50;0;0;-1;1;-1;-1;-1;-1;-1;-1;2;1;1;0;3;1;-1;0;0;0;0;0;0;0;0;0;0;0;0;0;1;1;0;0;-1;-1;0;0;-1;-1;-1;-1;-1;-1;-1;-1;-1;0;0;0;50;100;50;100;0;0;8;4;4;1.5;OPS;Oulu;1.17;1.54;1;3;2;3;100;100;100;50;0;100;0;0;0;0;0;61;26;Y;N;N;N;N;N;N
21684;422;415;2017;complete;97;3;-1;;;0;0;0;4;12;16;2;0;5;0;0;0;2;4;5;7;7;11;22;13;33;67;5;0;3.36;3.57;2.21;0;0;0;0;0;0;0;0;0;0;0;0;0;0;0;0;0;0;0;0;0;0;0;0;0;0;0;0;0;0;0;0;0;0;0;0;0;0;0;0;0;0;0;0;0;0;0;0;0;0;0;0;0;0;0;0;0;0;0;0;0;0;0;0;0;0;0;0;0;0;0;0;2017-05-17 15:30:00;-1;0;50;0;50;0;-1;1;-1;-1;-1;-1;-1;-1;2;0;3;0;2;3;-1;0;0;0;0;0;0;0;0;0;0;0;0;0;1;1;0;0;-1;-1;0;0;-1;-1;-1;-1;-1;-1;-1;-1;-1;0;0;50;100;100;0;0;100;100;13;0;4;2.5;GrIFK;TPS;1.14;1.77;0;0;0.5;0;100;100;50;0;0;50;50;50;0;0;0;61;27;N;N;N;N;N;N;N
21685;423;417;2017;complete;97;4;-1;;58;0;1;1;-1;-1;-1;-1;-1;1;3;0;0;-1;-1;-1;-1;-1;-1;-1;-1;-1;-1;1;3;6.9;4.55;1.5;0;0;0;0;0;0;0;0;0;0;0;0;0;0;0;0;0;0;0;0;0;0;0;0;0;0;0;0;0;0;0;0;0;0;0;0;0;0;0;0;0;0;0;0;0;0;0;0;0;0;0;0;0;0;0;0;0;0;0;0;0;0;0;0;0;1;0;0;0;1;1;0;2017-05-19 15:30:00;417;0;0;0;0;0;-1;1;-1;-1;-1;-1;-1;-1;0;2;1;1;2;2;-1;0;0;0;0;0;0;0;0;0;0;0;0;0;1;1;0;0;-1;-1;0;0;-1;-1;-1;-1;-1;-1;-1;-1;-1;0;25;25;100;100;25;50;100;75;9;0;3.5;2.5;EIF;Honka;1.38;1.71;0;3;0;2.33;100;75;75;0;0;25;25;25;0;0;0;61;27;Y;N;N;N;N;N;N
21686;421;422;2017;complete;97;4;-1;27;;1;0;1;8;0;8;1;1;2;2;0;1;5;0;16;7;21;7;16;19;55;45;2;4;1.53;4.28;6.99;0;0;0;0;0;0;0;0;0;0;0;0;0;0;0;0;0;0;0;0;0;0;0;0;0;0;0;0;0;0;0;0;0;0;0;0;0;0;0;0;0;0;0;0;0;0;0;0;0;0;0;0;0;0;0;0;0;0;0;0;0;0;0;0;0;1;1;0;0;0;0;1;2017-05-21 15:30:00;421;0;50;0;50;0;-1;1;-1;-1;-1;-1;-1;-1;1;1;1;2;2;3;-1;0;0;0;0;0;0;0;1;0;1;0;0;0;1;1;0;0;-1;-1;0;0;-1;-1;-1;-1;-1;-1;-1;-1;-1;0;0;50;50;50;0;0;50;50;10;6;7;1.5;KPV;GrIFK;1.86;0.46;3;1;2;0.67;100;100;50;50;50;50;50;50;0;0;0;61;27;Y;N;N;N;N;N;N
21687;415;424;2017;complete;97;4;-1;53;21;1;1;2;10;2;12;1;3;0;1;0;1;7;4;12;3;19;7;9;8;64;36;0;3;1.75;3.94;4.9;0;0;0;0;0;0;0;0;0;0;0;0;0;0;0;0;0;0;0;0;0;0;0;0;0;0;0;0;0;0;0;0;0;0;0;0;0;0;0;0;0;0;0;0;0;0;0;0;0;0;0;0;0;0;0;0;0;0;0;0;0;0;0;0;0;2;0;1;1;0;1;1;2017-05-22 15:30:00;-1;0;0;0;0;0;-1;1;-1;-1;-1;-1;-1;-1;0;2;0;0;2;0;-1;0;0;0;0;0;0;0;0;0;0;0;0;0;1;1;0;0;-1;-1;0;0;-1;-1;-1;-1;-1;-1;-1;-1;-1;0;0;0;25;100;0;100;25;0;12.5;1.5;4.5;1.25;TPS;Haka;2.5;1;0;1.5;0.33;1.5;100;100;100;75;0;50;0;0;0;0;0;61;27;Y;Y;N;N;N;N;Y
21688;423;420;2017;complete;97;5;-1;4,30,45,89;;4;0;4;4;3;7;-1;-1;1;2;0;0;11;2;4;6;15;8;-1;-1;-1;-1;1;2;1.95;3.82;3.98;0;0;0;0;0;0;0;0;0;0;0;0;0;0;0;0;0;0;0;0;0;0;0;0;0;0;0;0;0;0;0;0;0;0;0;0;0;0;0;0;0;0;0;0;0;0;0;0;0;0;0;0;0;0;0;0;0;0;0;0;0;0;0;0;0;4;3;0;1;0;1;3;2017-05-24 15:30:00;423;0;0;0;0;0;-1;1;-1;-1;-1;-1;-1;-1;0;0;1;2;0;3;-1;0;0;0;0;0;0;0;0;0;0;0;0;0;1;1;1;0;-1;-1;0;0;-1;-1;-1;-1;-1;-1;-1;-1;-1;0;0;0;75;100;0;0;100;75;1;0;2.5;1.75;EIF;OPS;1.38;0.86;0;3;0;2.33;100;100;100;25;0;50;50;50;0;0;0;61;26;Y;Y;Y;Y;N;N;N
21689;421;419;2017;complete;97;5;-1;71;90;1;1;2;5;8;13;2;0;1;3;0;1;6;5;11;7;17;12;18;15;53;47;1;4;1.43;4.83;8.3;0;0;0;0;0;0;0;0;0;0;0;0;0;0;0;0;0;0;0;0;0;0;0;0;0;0;0;0;0;0;0;0;0;0;0;0;0;0;0;0;0;0;0;0;0;0;0;0;0;0;0;0;0;0;0;0;0;0;0;0;0;0;0;0;0;2;0;0;1;1;2;0;2017-05-24 15:30:00;-1;0;50;25;25;0;-1;1;-1;-1;-1;-1;-1;-1;0;0;1;4;0;5;-1;0;0;0;0;0;0;0;0;0;0;0;0;0;1;1;0;0;-1;-1;0;0;-1;-1;-1;-1;-1;-1;-1;-1;-1;0;0;25;50;100;25;75;25;25;10;2.5;4.5;1.75;KPV;Gnistan;1.86;0.79;3;0.5;2.33;0.25;100;100;75;50;0;25;0;0;0;0;0;61;27;Y;Y;N;N;N;N;Y
21690;425;422;2017;complete;97;5;-1;84,89;55,65;2;2;4;6;1;7;2;4;4;3;0;0;4;5;11;1;15;6;11;15;67;33;4;3;1.57;4.21;6.65;0;0;0;0;0;0;0;0;0;0;0;0;0;0;0;0;0;0;0;0;0;0;0;0;0;0;0;0;0;0;0;0;0;0;0;0;0;0;0;0;0;0;0;0;0;0;0;0;0;0;0;0;0;0;0;0;0;0;0;0;0;0;0;0;0;4;0;0;2;2;4;0;2017-05-25 14:00:00;-1;0;0;0;0;0;-1;1;-1;-1;-1;-1;-1;-1;1;1;3;2;2;5;-1;0;0;0;0;0;0;0;1;0;1;0;0;0;1;1;0;0;-1;-1;0;0;-1;-1;-1;-1;-1;-1;-1;-1;-1;0;0;0;0;75;0;75;0;0;5;2.5;6.5;0.75;Oulu;GrIFK;1.57;0.46;3;0.5;2.25;0.5;100;100;100;100;25;25;25;25;0;0;0;61;27;Y;Y;Y;Y;N;N;Y
21691;416;417;2017;complete;97;5;-1;4;54;1;1;2;2;4;6;1;3;3;6;0;0;3;4;7;4;10;8;13;18;54;46;3;6;2.92;3.32;2.62;0;0;0;0;0;0;0;0;0;0;0;0;0;0;0;0;0;0;0;0;0;0;0;0;0;0;0;0;0;0;0;0;0;0;0;0;0;0;0;0;0;0;0;0;0;0;0;0;0;0;0;0;0;0;0;0;0;0;0;0;0;0;0;0;0;2;1;0;0;1;1;1;2017-05-25 14:00:00;-1;0;0;0;0;0;-1;1;-1;-1;-1;-1;-1;-1;0;0;3;6;0;9;-1;0;0;0;0;0;0;0;0;0;0;0;0;0;1;1;1;0;-1;-1;0;0;-1;-1;-1;-1;-1;-1;-1;-1;-1;0;17;17;34;50;17;34;50;17;16;2.33;3;1.17;Jaro;Honka;1.21;1.71;1;3;2;2.5;100;84;84;67;50;75;75;75;0;0;0;61;26;Y;Y;N;N;N;N;Y
21692;424;420;2017;complete;97;5;-1;44;45,60;1;2;3;8;6;14;-1;-1;1;0;0;0;4;4;6;8;10;12;-1;-1;-1;-1;1;0;1.6;4.26;5.88;0;0;0;0;0;0;0;0;0;0;0;0;0;0;0;0;0;0;0;0;0;0;0;0;0;0;0;0;0;0;0;0;0;0;0;0;0;0;0;0;0;0;0;0;0;0;0;0;0;0;0;0;0;0;0;0;0;0;0;0;0;0;0;0;0;3;1;1;0;1;1;2;2017-05-27 14:00:00;420;0;0;0;0;0;-1;1;-1;-1;-1;-1;-1;-1;0;0;1;0;0;1;-1;0;0;0;0;0;0;0;0;0;0;0;0;0;1;1;0;0;-1;-1;0;0;-1;-1;-1;-1;-1;-1;-1;-1;-1;0;50;50;100;100;50;75;100;50;5.5;0;4;3;Haka;OPS;1.62;0.86;1.5;1.5;1.4;1.75;100;50;50;0;0;25;25;25;0;0;0;61;26;Y;Y;Y;N;N;N;Y
21693;419;423;2017;complete;97;6;-1;90;87;1;1;2;3;4;7;1;1;2;0;0;0;4;3;2;2;6;5;14;17;54;46;2;0;2.97;3.4;2.5;0;0;0;0;0;0;0;0;0;0;0;0;0;0;0;0;0;0;0;0;0;0;0;0;0;0;0;0;0;0;0;0;0;0;0;0;0;0;0;0;0;0;0;0;0;0;0;0;0;0;0;0;0;0;0;0;0;0;0;0;0;0;0;0;0;2;0;0;1;1;2;0;2017-05-28 14:00:00;-1;0;0;0;0;0;-1;1;-1;-1;-1;-1;-1;-1;0;0;2;0;0;2;-1;0;0;0;0;0;0;0;0;0;0;0;0;0;1;1;0;0;-1;-1;0;0;-1;-1;-1;-1;-1;-1;-1;-1;-1;0;0;0;100;100;0;100;100;0;3.5;0;5;2;Gnistan;EIF;0.77;0.86;0;0;0.4;0.75;100;100;100;0;0;25;25;25;0;0;0;61;27;Y;Y;N;N;N;N;Y
21694;417;422;2017;complete;97;6;-1;9,42,73,75,90;;5;0;5;5;4;9;6;0;0;0;0;0;11;6;4;3;15;9;8;7;57;43;0;0;1.31;5.71;9.99;0;0;0;0;0;0;0;0;0;0;0;0;0;0;0;0;0;0;0;0;0;0;0;0;0;0;0;0;0;0;0;0;0;0;0;0;0;0;0;0;0;0;0;0;0;0;0;0;0;0;0;0;0;0;0;0;0;0;0;0;0;0;0;0;0;5;2;0;3;0;3;2;2017-05-29 15:30:00;417;0;67;0;67;0;-1;-1;-1;-1;-1;-1;-1;-1;0;0;0;0;0;0;-1;0;0;0;0;0;0;0;0;0;0;0;0;0;1;1;1;0;-1;-1;-1;-1;-1;-1;-1;-1;-1;-1;-1;-1;-1;0;17;17;67;84;0;17;67;67;8;4.33;5.33;1.84;Honka;GrIFK;2.38;0.46;1;0.67;2.2;0.6;100;84;84;34;17;67;67;17;0;0;0;61;27;Y;Y;Y;Y;Y;N;N
21695;425;421;2017;complete;97;6;-1;81;53,56;1;2;3;3;4;7;0;3;1;2;1;0;6;3;3;5;9;8;13;13;56;44;3;2;2.3;3.42;3.3;0;0;0;0;0;0;0;0;0;0;0;0;0;0;0;0;0;0;0;0;0;0;0;0;0;0;0;0;0;0;0;0;0;0;0;0;0;0;0;0;0;0;0;0;0;0;0;0;0;0;0;0;0;0;0;0;0;0;0;0;0;0;0;0;0;3;0;0;1;2;3;0;2017-05-29 15:30:00;421;0;67;0;67;0;-1;1;-1;-1;-1;-1;-1;-1;0;0;2;2;0;4;-1;0;0;0;0;0;0;0;0;0;0;0;0;0;1;1;0;0;-1;-1;0;0;-1;-1;-1;-1;-1;-1;-1;-1;-1;0;17;17;67;100;0;34;67;67;7.67;2.33;7.33;2;Oulu;KPV;1.57;1.46;2.33;1;2;2;100;84;84;34;0;50;50;0;0;0;0;61;27;Y;Y;Y;N;N;N;Y
21696;415;416;2017;complete;97;6;-1;53;;1;0;1;9;5;14;0;3;1;3;0;0;4;4;3;7;7;11;20;15;48;52;1;3;2.52;3.39;2.96;0;0;0;0;0;0;0;0;0;0;0;0;0;0;0;0;0;0;0;0;0;0;0;0;0;0;0;0;0;0;0;0;0;0;0;0;0;0;0;0;0;0;0;0;0;0;0;0;0;0;0;0;0;0;0;0;0;0;0;0;0;0;0;0;0;1;0;0;1;0;1;0;2017-05-29 15:30:00;415;0;25;0;0;0;-1;1;-1;-1;-1;-1;-1;-1;0;2;1;1;2;2;-1;0;0;0;0;0;0;0;0;0;0;0;0;0;1;1;0;0;-1;-1;0;0;-1;-1;-1;-1;-1;-1;-1;-1;-1;0;0;0;75;100;0;50;75;50;8.5;0;4;1.75;TPS;Jaro;2.5;1.25;0.5;3;0.5;1.67;100;100;100;25;0;50;25;25;0;0;0;61;26;Y;N;N;N;N;N;N
21697;420;415;2017;complete;97;6;-1;38;3,26;1;2;3;1;8;9;4;3;3;1;0;0;6;8;3;10;9;18;19;16;47;53;3;1;3.98;3.65;1.98;0;0;0;0;0;0;0;0;0;0;0;0;0;0;0;0;0;0;0;0;0;0;0;0;0;0;0;0;0;0;0;0;0;0;0;0;0;0;0;0;0;0;0;0;0;0;0;0;0;0;0;0;0;0;0;0;0;0;0;0;0;0;0;0;0;3;1;2;0;0;0;3;2017-06-03 14:00:00;415;0;50;25;25;0;-1;1;-1;-1;-1;-1;-1;-1;0;0;3;1;0;4;-1;0;0;0;0;0;0;0;0;0;0;0;0;0;1;1;0;1;-1;-1;0;0;-1;-1;-1;-1;-1;-1;-1;-1;-1;0;0;25;50;75;25;25;50;25;11.5;6;4;1.5;OPS;TPS;1.17;1.77;2;0.5;2;1;100;100;75;50;25;50;25;25;0;0;0;61;26;Y;Y;Y;N;N;N;Y
21698;421;423;2017;complete;97;7;-1;43,75;28;2;1;3;-1;-1;-1;-1;-1;3;2;0;0;-1;-1;-1;-1;-1;-1;-1;-1;-1;-1;3;2;1.6;4.23;5.94;0;0;0;0;0;0;0;0;0;0;0;0;0;0;0;0;0;0;0;0;0;0;0;0;0;0;0;0;0;0;0;0;0;0;0;0;0;0;0;0;0;0;0;0;0;0;0;0;0;0;0;0;0;0;0;0;0;0;0;0;0;0;0;0;0;3;1;1;1;0;1;2;2017-06-03 14:00:00;421;0;59;0;59;0;-1;1;-1;-1;-1;-1;-1;-1;2;1;1;1;3;2;-1;0;0;0;0;0;0;0;0;1;0;1;0;0;1;1;0;0;-1;-1;0;0;-1;-1;-1;-1;-1;-1;-1;-1;-1;0;0;17;84;100;0;42;84;59;8.5;2.33;3.33;2;KPV;EIF;1.86;0.86;2.33;0.5;2.2;0.8;100;100;84;17;0;17;17;17;0;0;0;61;27;Y;Y;Y;N;N;N;Y
21699;417;425;2017;complete;97;7;-1;67,69,76,87;;4;0;4;8;5;13;6;0;2;1;0;0;7;0;11;5;18;5;12;13;54;46;2;1;1.51;4.37;7.11;0;0;0;0;0;0;0;0;0;0;0;0;0;0;0;0;0;0;0;0;0;0;0;0;0;0;0;0;0;0;0;0;0;0;0;0;0;0;0;0;0;0;0;0;0;0;0;0;0;0;0;0;0;0;0;0;0;0;0;0;0;0;0;0;0;4;0;0;4;0;4;0;2017-06-03 14:00:00;417;0;25;0;25;0;-1;1;-1;-1;-1;-1;-1;-1;1;1;1;0;2;1;-1;0;0;0;0;0;0;0;0;0;0;0;0;0;1;1;0;0;-1;-1;0;0;-1;-1;-1;-1;-1;-1;-1;-1;-1;25;25;25;50;100;25;50;75;50;8.5;4;2.5;2.25;Honka;Oulu;2.38;1.54;2;1.5;2.33;1.67;75;75;75;50;0;75;25;0;0;0;0;61;27;Y;Y;Y;Y;N;N;N
21700;422;419;2017;complete;97;7;-1;7,29;39;2;1;3;3;1;4;0;4;1;3;0;0;9;4;5;1;14;5;21;15;48;52;1;3;2.16;3.51;3.54;0;0;0;0;0;0;0;0;0;0;0;0;0;0;0;0;0;0;0;0;0;0;0;0;0;0;0;0;0;0;0;0;0;0;0;0;0;0;0;0;0;0;0;0;0;0;0;0;0;0;0;0;0;0;0;0;0;0;0;0;0;0;0;0;0;3;2;1;0;0;0;3;2017-06-04 14:00:00;422;0;34;17;17;0;-1;1;-1;-1;-1;-1;-1;-1;0;1;1;2;1;3;-1;0;0;0;0;0;0;0;0;0;0;0;0;0;1;1;1;0;-1;-1;0;0;-1;-1;-1;-1;-1;-1;-1;-1;-1;0;0;0;59;75;17;34;42;42;12.5;0.5;5.33;1.34;GrIFK;Gnistan;1.14;0.79;0.5;0.67;0.5;0.5;100;100;100;42;25;84;67;67;0;0;0;61;27;Y;Y;Y;N;N;N;Y
21701;416;424;2017;complete;97;7;-1;49,74;80,87;2;2;4;7;6;13;1;1;2;2;0;0;9;6;7;7;16;13;3;16;58;42;2;2;1.74;3.92;4.98;0;0;0;0;0;0;0;0;0;0;0;0;0;0;0;0;0;0;0;0;0;0;0;0;0;0;0;0;0;0;0;0;0;0;0;0;0;0;0;0;0;0;0;0;0;0;0;0;0;0;0;0;0;0;0;0;0;0;0;0;0;0;0;0;0;4;0;0;2;2;4;0;2017-06-04 14:00:00;-1;0;42;0;0;0;-1;1;-1;-1;-1;-1;-1;-1;1;1;1;1;2;2;-1;0;0;0;0;0;0;0;0;1;0;1;0;0;1;1;0;0;-1;-1;0;0;-1;-1;-1;-1;-1;-1;-1;-1;-1;0;0;0;59;75;0;75;59;0;8.83;4.67;3.33;1.34;Jaro;Haka;1.21;1;1;1.33;1.25;1.17;100;100;100;42;25;42;42;42;0;0;0;61;26;Y;Y;Y;Y;N;N;Y
21702;416;420;2017;complete;97;7;-1;5,36;54,57,64;2;3;5;7;4;11;1;1;1;4;0;0;7;4;5;5;12;9;5;26;50;50;1;4;1.37;5.19;9.31;0;0;0;0;0;0;0;0;0;0;0;0;0;0;0;0;0;0;0;0;0;0;0;0;0;0;0;0;0;0;0;0;0;0;0;0;0;0;0;0;0;0;0;0;0;0;0;0;0;0;0;0;0;0;0;0;0;0;0;0;0;0;0;0;0;5;2;0;0;3;3;2;2017-06-07 15:30:00;420;0;50;17;17;0;-1;1;-1;-1;-1;-1;-1;-1;0;1;1;3;1;4;-1;0;0;0;0;0;0;0;0;0;0;0;0;0;1;1;1;0;-1;-1;0;0;-1;-1;-1;-1;-1;-1;-1;-1;-1;0;33;50;84;84;34;50;84;33;8.66;0.67;3;2.5;Jaro;OPS;1.21;0.86;1;2;1.2;1.67;100;67;50;17;17;67;67;67;0;0;0;61;26;Y;Y;Y;Y;Y;N;Y
21703;416;425;2017;complete;97;8;-1;51;21;1;1;2;4;5;9;6;4;2;3;0;0;4;4;12;9;16;13;11;17;51;49;2;3;1.77;3.84;4.88;0;0;0;0;0;0;0;0;0;0;0;0;0;0;0;0;0;0;0;0;0;0;0;0;0;0;0;0;0;0;0;0;0;0;0;0;0;0;0;0;0;0;0;0;0;0;0;0;0;0;0;0;0;0;0;0;0;0;0;0;0;0;0;0;0;2;0;1;1;0;1;1;2017-06-10 14:00:00;-1;0;38;0;13;0;-1;1;-1;-1;-1;-1;-1;-1;1;1;1;2;2;3;-1;0;0;0;0;0;0;0;0;1;0;1;0;0;1;1;0;0;-1;-1;0;0;-1;-1;-1;-1;-1;-1;-1;-1;-1;13;42;42;54;88;13;42;71;42;9.42;1.5;3.08;2.38;Jaro;Oulu;1.21;1.54;0.75;1;1;1.43;88;59;59;46;13;71;54;54;0;0;0;61;26;Y;Y;N;N;N;N;Y
21704;415;419;2017;complete;97;8;-1;20,57,63;;3;0;3;4;3;7;-1;-1;1;3;0;0;8;4;9;1;17;5;-1;-1;-1;-1;1;3;1.34;5.38;9.97;0;0;0;0;0;0;0;0;0;0;0;0;0;0;0;0;0;0;0;0;0;0;0;0;0;0;0;0;0;0;0;0;0;0;0;0;0;0;0;0;0;0;0;0;0;0;0;0;0;0;0;0;0;0;0;0;0;0;0;0;0;0;0;0;0;3;1;0;2;0;2;1;2017-06-10 14:00:00;415;0;54;25;13;0;-1;1;-1;-1;-1;-1;-1;-1;0;0;1;3;0;4;-1;0;0;0;0;0;0;0;0;0;0;0;0;0;1;1;0;0;-1;-1;0;0;-1;-1;-1;-1;-1;-1;-1;-1;-1;0;0;13;54;100;25;71;46;13;12.67;1;4.17;1.67;TPS;Gnistan;2.5;0.79;1.33;0.5;1.33;0.43;100;100;88;46;0;75;46;46;0;0;0;61;27;Y;Y;Y;N;N;N;N
21705;423;422;2017;complete;97;8;-1;37,62,67,77;70;4;1;5;10;4;14;2;1;2;2;0;0;13;5;8;3;21;8;9;10;55;45;2;2;1.89;3.74;4.27;0;0;0;0;0;0;0;0;0;0;0;0;0;0;0;0;0;0;0;0;0;0;0;0;0;0;0;0;0;0;0;0;0;0;0;0;0;0;0;0;0;0;0;0;0;0;0;0;0;0;0;0;0;0;0;0;0;0;0;0;0;0;0;0;0;5;1;0;3;1;4;1;2017-06-10 14:00:00;423;0;13;0;13;0;-1;1;-1;-1;-1;-1;-1;-1;2;1;0;1;3;1;-1;0;0;0;0;0;0;0;1;0;1;0;0;0;1;1;0;0;-1;-1;0;0;-1;-1;-1;-1;-1;-1;-1;-1;-1;13;42;42;59;88;29;42;75;42;6.5;0.75;3.83;2.42;EIF;GrIFK;1.38;0.46;1;0.5;0.67;0.86;88;59;59;42;13;25;13;13;0;0;0;61;27;Y;Y;Y;Y;Y;N;Y
21706;424;421;2017;complete;97;8;-1;55;;1;0;1;11;3;14;-1;-1;1;1;0;0;5;2;8;5;13;7;-1;-1;-1;-1;1;1;2.79;3.56;2.56;0;0;0;0;0;0;0;0;0;0;0;0;0;0;0;0;0;0;0;0;0;0;0;0;0;0;0;0;0;0;0;0;0;0;0;0;0;0;0;0;0;0;0;0;0;0;0;0;0;0;0;0;0;0;0;0;0;0;0;0;0;0;0;0;0;1;0;0;1;0;1;0;2017-06-10 14:00:00;424;0;67;17;50;0;-1;1;-1;-1;-1;-1;-1;-1;0;0;1;1;0;2;-1;0;0;0;0;0;0;0;0;0;0;0;0;0;1;1;0;0;-1;-1;0;0;-1;-1;-1;-1;-1;-1;-1;-1;-1;0;17;59;100;100;34;50;100;67;9;1;5;2.75;Haka;KPV;1.62;1.46;1;2;1.14;2.33;100;84;42;0;0;42;42;17;0;0;0;61;27;Y;N;N;N;N;N;N
21707;419;416;2017;complete;97;9;-1;69,90;20,54,71;2;3;5;5;6;11;0;2;4;2;0;0;4;8;3;3;7;11;15;13;46;54;4;2;6.64;4.24;1.55;0;0;0;0;0;0;0;0;0;0;0;0;0;0;0;0;0;0;0;0;0;0;0;0;0;0;0;0;0;0;0;0;0;0;0;0;0;0;0;0;0;0;0;0;0;0;0;0;0;0;0;0;0;0;0;0;0;0;0;0;0;0;0;0;0;5;0;1;2;2;4;1;2017-06-13 15:30:00;416;0;17;0;17;0;-1;1;-1;-1;-1;-1;-1;-1;1;1;3;1;2;4;-1;0;0;0;0;0;0;0;0;0;0;0;0;0;1;1;0;0;-1;-1;0;0;-1;-1;-1;-1;-1;-1;-1;-1;-1;0;0;0;75;100;0;34;100;42;7.67;1.67;5.17;1.75;Gnistan;Jaro;0.77;1.25;0.33;1.5;0.38;1;100;100;100;25;0;67;67;67;0;0;0;61;26;Y;Y;Y;Y;Y;N;Y
21708;420;417;2017;complete;97;8;-1;;21,49,54;0;3;3;6;5;11;0;1;2;1;1;0;2;7;6;14;8;21;15;8;40;60;4;1;8.78;5.21;1.38;0;0;0;0;0;0;0;0;0;0;0;0;0;0;0;0;0;0;0;0;0;0;0;0;0;0;0;0;0;0;0;0;0;0;0;0;0;0;0;0;0;0;0;0;0;0;0;0;0;0;0;0;0;0;0;0;0;0;0;0;0;0;0;0;0;3;0;1;0;2;2;1;2017-06-13 15:30:00;417;0;46;34;0;0;-1;1;-1;-1;-1;-1;-1;-1;2;0;1;1;2;2;-1;0;0;0;0;0;0;0;0;0;0;0;0;0;1;1;0;0;-1;-1;0;0;-1;-1;-1;-1;-1;-1;-1;-1;-1;0;13;29;71;100;46;71;67;13;10.66;5.58;5.67;2.13;OPS;Honka;1.17;1.71;1.33;2.5;1.86;2.43;100;88;71;29;0;50;17;17;0;0;0;61;26;Y;Y;Y;N;N;N;N
21709;415;423;2017;complete;97;1;-1;15,17,25,28,38,52;;6;0;6;4;1;5;3;2;0;3;0;1;11;4;5;2;16;6;8;5;-1;-1;0;4;1.51;4.66;6.52;0;0;0;0;0;0;0;0;0;0;0;0;0;0;0;0;0;0;0;0;0;0;0;0;0;0;0;0;0;0;0;0;0;0;0;0;0;0;0;0;0;0;0;0;0;0;0;0;0;0;0;0;0;0;0;0;0;0;0;0;0;0;0;0;0;6;5;0;1;0;1;5;2017-06-14 15:30:00;415;0;46;17;17;0;-1;1;-1;-1;-1;-1;-1;-1;0;1;0;3;1;3;-1;0;0;0;0;0;0;0;0;0;0;0;0;0;1;1;0;0;-1;-1;0;0;-1;-1;-1;-1;-1;-1;-1;-1;-1;0;0;29;75;100;17;71;88;29;10;0;2.83;2.04;TPS;EIF;2.5;0.86;1.75;0.33;1.57;1;100;100;71;25;0;38;25;25;0;0;0;61;27;Y;Y;Y;Y;Y;Y;N
21710;422;421;2017;complete;97;1;-1;80;12,35,77;1;3;4;7;3;10;2;5;2;2;1;1;5;5;8;3;13;8;17;12;60;40;3;4;3.01;3.34;2.51;0;0;0;0;0;0;0;0;0;0;0;0;0;0;0;0;0;0;0;0;0;0;0;0;0;0;0;0;0;0;0;0;0;0;0;0;0;0;0;0;0;0;0;0;0;0;0;0;0;0;0;0;0;0;0;0;0;0;0;0;0;0;0;0;0;4;0;2;1;1;2;2;2017-06-14 15:30:00;421;0;50;17;34;0;-1;1;-1;-1;-1;-1;-1;-1;1;2;2;1;3;3;-1;0;0;0;0;0;0;0;0;0;0;0;0;0;1;1;0;0;-1;-1;0;0;-1;-1;-1;-1;-1;-1;-1;-1;-1;0;0;33;67;84;17;17;67;50;9.67;1.33;4.66;1.84;GrIFK;KPV;1.14;1.46;1.33;1.33;0.75;2;100;100;67;33;17;67;67;50;0;0;0;61;27;Y;Y;Y;Y;N;N;Y
21711;421;420;2017;complete;97;9;-1;8,12,15,43;29,38;4;2;6;-1;-1;-1;-1;-1;2;2;0;0;-1;-1;-1;-1;-1;-1;-1;-1;-1;-1;2;2;1.47;4.66;7.47;0;0;0;0;0;0;0;0;0;0;0;0;0;0;0;0;0;0;0;0;0;0;0;0;0;0;0;0;0;0;0;0;0;0;0;0;0;0;0;0;0;0;0;0;0;0;0;0;0;0;0;0;0;0;0;0;0;0;0;0;0;0;0;0;0;6;4;2;0;0;0;6;2017-06-17 14:00:00;421;0;63;25;25;0;-1;1;-1;-1;-1;-1;-1;-1;1;2;1;0;3;1;-1;0;0;0;0;0;0;0;0;1;0;1;0;0;1;1;1;0;-1;-1;0;0;-1;-1;-1;-1;-1;-1;-1;-1;-1;13;25;63;88;100;50;63;88;50;9.5;1;4.25;2.88;KPV;OPS;1.86;0.86;2.5;2.25;2.13;1.63;88;75;38;13;0;54;54;54;0;0;0;61;26;Y;Y;Y;Y;Y;Y;Y
21712;422;424;2017;complete;97;9;-1;87;20;1;1;2;2;3;5;3;0;4;0;0;0;3;5;3;10;6;15;12;8;46;54;4;0;3.02;3.57;2.39;0;0;0;0;0;0;0;0;0;0;0;0;0;0;0;0;0;0;0;0;0;0;0;0;0;0;0;0;0;0;0;0;0;0;0;0;0;0;0;0;0;0;0;0;0;0;0;0;0;0;0;0;0;0;0;0;0;0;0;0;0;0;0;0;0;2;0;1;1;0;1;1;2017-06-17 14:00:00;-1;0;50;13;25;0;-1;1;-1;-1;-1;-1;-1;-1;1;0;3;0;1;3;-1;0;0;0;0;0;0;0;1;0;1;0;0;0;1;1;0;0;-1;-1;0;0;-1;-1;-1;-1;-1;-1;-1;-1;-1;0;25;38;75;88;25;63;63;38;11;3;4;2.25;GrIFK;Haka;1.14;1;1;1.25;0.67;1.38;100;75;63;25;13;63;63;50;0;0;0;61;27;Y;Y;N;N;N;N;Y
21713;417;415;2017;complete;97;9;-1;32;40;1;1;2;2;3;5;-1;-1;2;2;0;0;4;6;4;5;8;11;-1;-1;-1;-1;2;2;1.53;4.4;6.71;0;0;0;0;0;0;0;0;0;0;0;0;0;0;0;0;0;0;0;0;0;0;0;0;0;0;0;0;0;0;0;0;0;0;0;0;0;0;0;0;0;0;0;0;0;0;0;0;0;0;0;0;0;0;0;0;0;0;0;0;0;0;0;0;0;2;1;1;0;0;0;2;2017-06-17 14:00:00;-1;0;50;17;33;0;-1;1;-1;-1;-1;-1;-1;-1;0;1;2;1;1;3;-1;0;0;0;0;0;0;0;0;0;0;0;0;0;1;1;0;0;-1;-1;0;0;-1;-1;-1;-1;-1;-1;-1;-1;-1;17;34;67;84;84;33;33;67;67;13.66;5.67;2.66;2.84;Honka;TPS;2.38;1.77;2.33;1.33;2.5;1.75;84;67;33;17;17;84;50;33;0;0;0;61;27;Y;Y;N;N;N;N;Y
21714;423;415;2017;complete;97;10;-1;;56;0;1;1;4;8;12;1;0;2;1;0;0;4;7;2;5;6;12;22;15;42;58;2;1;4.34;4.03;1.82;0;0;0;0;0;0;0;0;0;0;0;0;0;0;0;0;0;0;0;0;0;0;0;0;0;0;0;0;0;0;0;0;0;0;0;0;0;0;0;0;0;0;0;0;0;0;0;0;0;0;0;0;0;0;0;0;0;0;0;0;0;0;0;0;0;1;0;0;0;1;1;0;2017-06-21 15:30:00;415;0;50;25;25;0;-1;1;-1;-1;-1;-1;-1;-1;1;0;1;1;1;2;-1;0;0;0;0;0;0;0;0;0;0;0;0;0;1;1;0;0;-1;-1;0;0;-1;-1;-1;-1;-1;-1;-1;-1;-1;13;25;50;75;88;38;50;63;38;13.25;0.25;3;2.5;EIF;TPS;1.38;1.77;1.5;1.25;0.88;1.67;88;75;50;25;13;50;38;38;0;0;0;61;27;Y;N;N;N;N;N;N
21715;424;417;2017;complete;97;10;-1;18;;1;0;1;4;4;8;-1;-1;-1;-1;-1;-1;4;4;1;6;5;10;-1;-1;-1;-1;-1;-1;4.56;4.03;1.79;0;0;0;0;0;0;0;0;0;0;0;0;0;0;0;0;0;0;0;0;0;0;0;0;0;0;0;0;0;0;0;0;0;0;0;0;0;0;0;0;0;0;0;0;0;0;0;0;0;0;0;0;0;0;0;0;0;0;0;0;0;0;0;0;0;1;1;0;0;0;0;1;2017-06-21 15:30:00;424;0;23;13;0;0;-1;-1;-1;-1;-1;-1;-1;-1;-1;-1;-1;-1;-1;-1;-1;0;0;0;0;0;0;0;0;0;0;0;0;0;1;1;0;0;-1;-1;-1;-1;-1;-1;-1;-1;-1;-1;-1;-1;-1;0;23;45;78;100;35;78;100;33;13.25;0;4.35;2.45;Haka;Honka;1.62;1.71;1.5;2.6;1.33;2.33;100;78;55;23;0;50;50;50;0;0;0;61;27;Y;N;N;N;N;N;N
21716;421;416;2017;complete;97;10;-1;10,29,81;;3;0;3;3;5;8;1;3;0;1;0;0;7;3;11;5;18;8;16;10;51;49;0;1;2.21;3.54;3.38;0;0;0;0;0;0;0;0;0;0;0;0;0;0;0;0;0;0;0;0;0;0;0;0;0;0;0;0;0;0;0;0;0;0;0;0;0;0;0;0;0;0;0;0;0;0;0;0;0;0;0;0;0;0;0;0;0;0;0;0;0;0;0;0;0;3;2;0;1;0;1;2;2017-06-22 15:30:00;421;0;57;20;37;0;-1;1;-1;-1;-1;-1;-1;-1;0;0;0;1;0;1;-1;0;0;0;0;0;0;0;0;0;0;0;0;0;1;1;1;0;-1;-1;0;0;-1;-1;-1;-1;-1;-1;-1;-1;-1;27;27;47;74;100;20;47;80;54;11.5;2.33;4.73;2.84;KPV;Jaro;1.86;1.25;2.6;2;2.22;1.25;74;74;54;27;0;67;67;67;0;0;0;61;26;Y;Y;Y;N;N;N;N
21717;419;425;2017;complete;97;10;-1;42,60;15,24,36,70;2;4;6;4;5;9;1;2;2;1;0;0;6;8;7;3;13;11;16;15;39;61;2;1;4.64;3.68;1.84;0;0;0;0;0;0;0;0;0;0;0;0;0;0;0;0;0;0;0;0;0;0;0;0;0;0;0;0;0;0;0;0;0;0;0;0;0;0;0;0;0;0;0;0;0;0;0;0;0;0;0;0;0;0;0;0;0;0;0;0;0;0;0;0;0;6;1;3;1;1;2;4;2017-06-27 15:30:00;425;0;38;0;25;0;-1;1;-1;-1;-1;-1;-1;-1;1;0;1;1;1;2;-1;0;0;0;0;0;0;0;0;1;0;1;0;0;1;1;0;0;-1;-1;0;0;-1;-1;-1;-1;-1;-1;-1;-1;-1;13;25;25;75;100;0;63;88;38;7.25;1.5;4.75;2.38;Gnistan;Oulu;0.77;1.54;0.25;1;0.33;1.38;88;75;75;25;0;63;38;38;0;0;0;61;27;Y;Y;Y;Y;Y;Y;Y
21718;416;420;2017;complete;97;10;-1;27,75;49;2;1;3;9;2;11;1;5;1;3;0;0;7;3;4;6;11;9;13;19;54;46;1;3;1.42;5.08;7.63;0;0;0;0;0;0;0;0;0;0;0;0;0;0;0;0;0;0;0;0;0;0;0;0;0;0;0;0;0;0;0;0;0;0;0;0;0;0;0;0;0;0;0;0;0;0;0;0;0;0;0;0;0;0;0;0;0;0;0;0;0;0;0;0;0;3;1;0;1;1;2;1;2017-06-27 15:30:00;416;0;70;20;10;0;-1;1;-1;-1;-1;-1;-1;-1;0;1;1;2;1;3;-1;0;0;0;0;0;0;0;0;0;0;0;0;0;1;1;0;0;-1;-1;0;0;-1;-1;-1;-1;-1;-1;-1;-1;-1;30;50;60;90;90;50;70;80;40;8.9;1.8;3.6;3.3;Jaro;OPS;1.21;0.86;0.8;1.8;1.11;1.44;70;50;40;10;10;78;68;68;0;0;0;61;26;Y;Y;Y;N;N;N;Y
21719;416;423;2017;complete;97;11;-1;10;71,90;1;2;3;3;2;5;1;0;1;1;0;0;4;3;6;8;10;11;9;13;45;55;1;1;1.47;4.95;6.85;0;0;0;0;0;0;0;0;0;0;0;0;0;0;0;0;0;0;0;0;0;0;0;0;0;0;0;0;0;0;0;0;0;0;0;0;0;0;0;0;0;0;0;0;0;0;0;0;0;0;0;0;0;0;0;0;0;0;0;0;0;0;0;0;0;3;1;0;0;2;2;1;2017-06-30 15:30:00;423;0;67;13;29;0;-1;1;-1;-1;-1;-1;-1;-1;0;0;1;1;0;2;-1;0;0;0;0;0;0;0;0;0;0;0;0;0;1;1;1;0;-1;-1;0;0;-1;-1;-1;-1;-1;-1;-1;-1;-1;21;29;50;92;92;34;71;92;38;8;2.42;3.67;2.96;Jaro;EIF;1.21;0.86;1.17;0.25;1.3;0.78;79;71;50;9;9;42;34;34;0;0;0;61;26;Y;Y;Y;N;N;N;Y
21720;415;421;2017;complete;97;11;-1;;;0;0;0;4;6;10;-1;-1;1;2;0;0;3;2;12;7;15;9;-1;-1;-1;-1;1;2;2.03;3.68;3.77;0;0;0;0;0;0;0;0;0;0;0;0;0;0;0;0;0;0;0;0;0;0;0;0;0;0;0;0;0;0;0;0;0;0;0;0;0;0;0;0;0;0;0;0;0;0;0;0;0;0;0;0;0;0;0;0;0;0;0;0;0;0;0;0;0;0;0;0;0;0;0;0;2017-06-30 16:22:00;-1;0;48;0;38;0;-1;1;-1;-1;-1;-1;-1;-1;0;1;1;1;1;2;-1;0;0;0;0;0;0;0;0;0;0;0;0;0;1;1;0;0;-1;-1;0;0;-1;-1;-1;-1;-1;-1;-1;-1;-1;10;23;45;68;100;23;53;90;48;10.3;2.4;3.95;2.55;TPS;KPV;2.5;1.46;2;1.75;1.8;2.3;90;78;55;33;0;68;58;33;0;0;0;61;27;N;N;N;N;N;N;N
21721;424;425;2017;complete;97;11;-1;44;7,19,29,36,49;1;5;6;6;5;11;6;0;3;1;0;0;4;12;7;6;11;18;11;9;38;62;3;1;2.12;3.63;3.53;0;0;0;0;0;0;0;0;0;0;0;0;0;0;0;0;0;0;0;0;0;0;0;0;0;0;0;0;0;0;0;0;0;0;0;0;0;0;0;0;0;0;0;0;0;0;0;0;0;0;0;0;0;0;0;0;0;0;0;0;0;0;0;0;0;6;1;4;0;1;1;5;2017-07-01 14:00:00;425;0;30;20;10;0;-1;1;-1;-1;-1;-1;-1;-1;2;0;1;1;2;2;-1;0;0;0;0;0;0;0;0;1;0;1;0;0;1;1;0;1;-1;-1;0;0;-1;-1;-1;-1;-1;-1;-1;-1;-1;10;30;40;60;100;30;70;80;30;10.2;0.2;3.35;2.5;Haka;Oulu;1.62;1.54;1.8;1.4;1.5;1.56;90;70;60;40;0;60;30;30;0;0;0;61;27;Y;Y;Y;Y;Y;Y;Y
21722;420;422;2017;complete;97;11;-1;37,71,82,90;77;4;1;5;4;7;11;-1;-1;1;1;0;0;8;4;8;4;16;8;-1;-1;-1;-1;1;1;2.1;3.76;3.46;0;0;0;0;0;0;0;0;0;0;0;0;0;0;0;0;0;0;0;0;0;0;0;0;0;0;0;0;0;0;0;0;0;0;0;0;0;0;0;0;0;0;0;0;0;0;0;0;0;0;0;0;0;0;0;0;0;0;0;0;0;0;0;0;0;5;1;0;3;1;4;1;2017-07-01 15:00:00;420;0;45;25;20;0;-1;1;-1;-1;-1;-1;-1;-1;0;0;1;1;0;2;-1;0;0;0;0;0;0;0;0;0;0;0;0;0;1;1;0;0;-1;-1;0;0;-1;-1;-1;-1;-1;-1;-1;-1;-1;20;30;55;68;90;35;68;55;43;6.8;5.6;5.4;2.63;OPS;GrIFK;1.17;0.46;1;0.4;1.3;0.7;80;70;45;33;10;68;33;33;0;0;0;61;26;Y;Y;Y;Y;Y;N;Y
21723;417;419;2017;complete;97;11;-1;13,26,60;16,78;3;2;5;7;1;8;2;0;3;1;0;0;10;4;5;3;15;7;10;17;65;35;3;1;1.17;8.2;9.99;0;0;0;0;0;0;0;0;0;0;0;0;0;0;0;0;0;0;0;0;0;0;0;0;0;0;0;0;0;0;0;0;0;0;0;0;0;0;0;0;0;0;0;0;0;0;0;0;0;0;0;0;0;0;0;0;0;0;0;0;0;0;0;0;0;5;2;1;1;1;2;3;2017-07-03 15:30:00;417;0;55;33;23;0;-1;1;-1;-1;-1;-1;-1;-1;0;1;3;0;1;3;-1;0;0;0;0;0;0;0;0;0;0;0;0;0;1;1;0;0;-1;-1;0;0;-1;-1;-1;-1;-1;-1;-1;-1;-1;13;25;45;90;100;45;65;58;58;9.05;3.85;4.1;2.73;Honka;Gnistan;2.38;0.79;2;0.4;2.1;0.3;88;75;55;10;0;58;35;23;0;0;0;61;27;Y;Y;Y;Y;Y;N;Y
21724;421;417;2017;complete;97;12;-1;33,43,77;;3;0;3;2;6;8;-1;-1;2;1;0;0;7;6;2;7;9;13;-1;-1;-1;-1;2;1;3.4;3.56;2.2;0;0;0;0;0;0;0;0;0;0;0;0;0;0;0;0;0;0;0;0;0;0;0;0;0;0;0;0;0;0;0;0;0;0;0;0;0;0;0;0;0;0;0;0;0;0;0;0;0;0;0;0;0;0;0;0;0;0;0;0;0;0;0;0;0;3;2;0;1;0;1;2;2017-07-08 14:00:00;421;0;42;17;17;0;-1;1;-1;-1;-1;-1;-1;-1;2;1;0;0;3;0;-1;0;0;0;0;0;0;0;0;0;0;0;0;0;1;1;0;0;-1;-1;0;0;-1;-1;-1;-1;-1;-1;-1;-1;-1;9;17;50;75;100;34;75;75;33;11.45;1.17;4.6;2.59;KPV;Honka;1.86;1.71;2.67;2.17;2.18;2.18;92;83;50;25;0;33;33;33;0;0;0;61;27;Y;Y;Y;N;N;N;N
21725;423;424;2017;complete;97;12;-1;12;40;1;1;2;3;8;11;-1;-1;4;0;0;0;2;5;5;6;7;11;-1;-1;-1;-1;4;0;2.88;3.41;2.57;0;0;0;0;0;0;0;0;0;0;0;0;0;0;0;0;0;0;0;0;0;0;0;0;0;0;0;0;0;0;0;0;0;0;0;0;0;0;0;0;0;0;0;0;0;0;0;0;0;0;0;0;0;0;0;0;0;0;0;0;0;0;0;0;0;2;1;1;0;0;0;2;2017-07-08 14:00:00;-1;0;40;0;20;0;-1;1;-1;-1;-1;-1;-1;-1;0;0;4;0;0;4;-1;0;0;0;0;0;0;0;0;0;0;0;0;0;1;1;0;0;-1;-1;0;0;-1;-1;-1;-1;-1;-1;-1;-1;-1;10;30;30;70;100;10;60;90;30;10.4;1.8;2.8;2.4;EIF;Haka;1.38;1;1.2;1.2;1;1.36;90;70;70;30;0;54;54;54;0;0;0;61;27;Y;Y;N;N;N;N;Y
21726;425;415;2017;complete;97;12;-1;;;0;0;0;6;9;15;-1;-1;1;0;0;0;4;5;2;4;6;9;-1;-1;48;52;1;0;2.97;3.49;2.46;0;0;0;0;0;0;0;0;0;0;0;0;0;0;0;0;0;0;0;0;0;0;0;0;0;0;0;0;0;0;0;0;0;0;0;0;0;0;0;0;0;0;0;0;0;0;0;0;0;0;0;0;0;0;0;0;0;0;0;0;0;0;0;0;0;0;0;0;0;0;0;0;2017-07-08 14:00:00;-1;0;55;20;35;0;-1;1;-1;-1;-1;-1;-1;-1;0;0;1;0;0;1;-1;0;0;0;0;0;0;0;0;0;0;0;0;0;1;1;0;0;-1;-1;0;0;-1;-1;-1;-1;-1;-1;-1;-1;-1;0;13;45;55;90;20;45;45;35;10.1;1.4;4.65;2.03;Oulu;TPS;1.57;1.77;1.75;1.6;1.7;1.73;100;88;55;45;10;30;20;20;0;0;0;61;27;N;N;N;N;N;N;N
21727;419;420;2017;complete;97;12;-1;;;0;0;0;6;4;10;3;1;1;2;0;0;4;3;5;15;9;18;10;15;48;52;1;2;3.06;3.76;2.29;0;0;0;0;0;0;0;0;0;0;0;0;0;0;0;0;0;0;0;0;0;0;0;0;0;0;0;0;0;0;0;0;0;0;0;0;0;0;0;0;0;0;0;0;0;0;0;0;0;0;0;0;0;0;0;0;0;0;0;0;0;0;0;0;0;0;0;0;0;0;0;0;2017-07-08 15:30:00;-1;0;64;27;39;0;-1;1;-1;-1;-1;-1;-1;-1;0;0;1;2;0;3;-1;0;0;0;0;0;0;0;0;0;0;0;0;0;1;1;0;0;-1;-1;0;0;-1;-1;-1;-1;-1;-1;-1;-1;-1;37;45;62;100;100;44;82;92;55;6.6;0.93;4.8;3.62;Gnistan;OPS;0.77;0.86;0.2;1.5;0.27;1.45;64;55;39;0;0;70;60;60;0;0;0;61;26;N;N;N;N;N;N;N
21728;422;416;2017;complete;97;12;-1;10;;1;0;1;6;5;11;3;2;2;1;1;0;7;3;7;11;14;14;11;6;40;60;3;1;4.43;3.8;1.85;0;0;0;0;0;0;0;0;0;0;0;0;0;0;0;0;0;0;0;0;0;0;0;0;0;0;0;0;0;0;0;0;0;0;0;0;0;0;0;0;0;0;0;0;0;0;0;0;0;0;0;0;0;0;0;0;0;0;0;0;0;0;0;0;0;1;1;0;0;0;0;1;2017-07-09 15:30:00;422;0;43;10;23;0;-1;1;-1;-1;-1;-1;-1;-1;0;0;3;1;0;4;-1;0;0;0;0;0;0;0;0;0;0;0;0;0;1;1;1;0;-1;-1;0;0;-1;-1;-1;-1;-1;-1;-1;-1;-1;13;23;45;78;90;33;55;80;45;10.73;2.95;4.8;2.48;GrIFK;Jaro;1.14;1.25;1;1.5;0.64;1.18;88;78;55;23;10;64;64;54;0;0;0;61;26;Y;N;N;N;N;N;N
21729;419;421;2017;complete;97;13;-1;;44;0;1;1;1;10;11;2;1;1;1;0;0;0;2;4;9;4;11;17;14;44;56;1;1;5.89;4.23;1.6;0;0;0;0;0;0;0;0;0;0;0;0;0;0;0;0;0;0;0;0;0;0;0;0;0;0;0;0;0;0;0;0;0;0;0;0;0;0;0;0;0;0;0;0;0;0;0;0;0;0;0;0;0;0;0;0;0;0;0;0;0;0;0;0;0;1;0;1;0;0;0;1;2017-07-15 14:00:00;421;0;55;9;55;0;-1;1;-1;-1;-1;-1;-1;-1;0;0;1;1;0;2;-1;0;0;0;0;0;0;0;0;0;0;0;0;0;1;1;0;0;-1;-1;0;0;-1;-1;-1;-1;-1;-1;-1;-1;-1;17;27;37;72;82;19;44;82;55;7.83;2.4;5.1;2.42;Gnistan;KPV;0.77;1.46;0.33;1.6;0.33;2.25;84;74;64;29;19;74;65;27;0;0;0;61;27;Y;N;N;N;N;N;N
21730;415;424;2017;complete;97;13;-1;31,55,83;;3;0;3;6;4;10;-1;-1;1;2;0;0;5;2;19;2;24;4;-1;-1;-1;-1;1;2;1.8;3.86;4.63;0;0;0;0;0;0;0;0;0;0;0;0;0;0;0;0;0;0;0;0;0;0;0;0;0;0;0;0;0;0;0;0;0;0;0;0;0;0;0;0;0;0;0;0;0;0;0;0;0;0;0;0;0;0;0;0;0;0;0;0;0;0;0;0;0;3;1;0;2;0;2;1;2017-07-15 14:00:00;415;0;42;9;9;0;-1;1;-1;-1;-1;-1;-1;-1;0;0;1;2;0;3;-1;0;0;0;0;0;0;0;1;0;1;0;0;0;1;1;0;0;-1;-1;0;0;-1;-1;-1;-1;-1;-1;-1;-1;-1;9;17;25;67;92;17;75;67;17;11.33;1.5;2.17;2.17;TPS;Haka;2.5;1;1.83;1.17;1.67;1.33;92;83;75;34;9;59;50;42;0;0;0;61;27;Y;Y;Y;N;N;N;N
21731;422;425;2017;complete;97;13;-1;21,26,34;11,31,62;3;3;6;3;6;9;1;2;4;1;0;0;4;9;5;7;9;16;14;9;29;71;4;1;3.63;3.62;2.09;0;0;0;0;0;0;0;0;0;0;0;0;0;0;0;0;0;0;0;0;0;0;0;0;0;0;0;0;0;0;0;0;0;0;0;0;0;0;0;0;0;0;0;0;0;0;0;0;0;0;0;0;0;0;0;0;0;0;0;0;0;0;0;0;0;6;3;2;0;1;1;5;2017-07-15 14:00:00;-1;0;50;25;17;0;-1;1;-1;-1;-1;-1;-1;-1;0;0;4;1;0;5;-1;0;0;0;0;0;0;0;0;0;0;0;0;0;1;1;0;0;-1;-1;0;0;-1;-1;-1;-1;-1;-1;-1;-1;-1;17;34;42;67;92;33;67;67;33;9.83;2.5;4.33;2.67;GrIFK;Oulu;1.14;1.54;1.33;1.67;0.83;1.64;84;67;59;33;9;75;50;42;0;0;0;61;27;Y;Y;Y;Y;Y;Y;Y
21732;417;416;2017;complete;97;13;-1;53,87;;2;0;2;14;1;15;1;0;2;2;0;0;8;0;10;5;18;5;9;9;63;37;2;2;1.63;4.16;5.63;0;0;0;0;0;0;0;0;0;0;0;0;0;0;0;0;0;0;0;0;0;0;0;0;0;0;0;0;0;0;0;0;0;0;0;0;0;0;0;0;0;0;0;0;0;0;0;0;0;0;0;0;0;0;0;0;0;0;0;0;0;0;0;0;0;2;0;0;2;0;2;0;2017-07-15 14:00:00;417;0;40;20;30;0;-1;1;-1;-1;-1;-1;-1;-1;0;1;2;1;1;3;-1;0;0;0;0;0;0;0;0;0;0;0;0;0;1;1;0;0;-1;-1;0;0;-1;-1;-1;-1;-1;-1;-1;-1;-1;30;40;50;80;100;40;60;80;60;10.85;4.8;3.6;3;Honka;Jaro;2.38;1.25;2.2;1.2;2;1.08;70;60;50;20;0;68;58;48;0;0;0;61;26;Y;Y;N;N;N;N;N
21733;420;423;2017;complete;97;13;-1;;84,90;0;2;2;5;10;15;-1;-1;2;1;1;0;5;8;3;10;8;18;-1;-1;-1;-1;3;1;2.32;3.74;3.01;0;0;0;0;0;0;0;0;0;0;0;0;0;0;0;0;0;0;0;0;0;0;0;0;0;0;0;0;0;0;0;0;0;0;0;0;0;0;0;0;0;0;0;0;0;0;0;0;0;0;0;0;0;0;0;0;0;0;0;0;0;0;0;0;0;2;0;0;0;2;2;0;2017-07-15 14:00:00;423;0;60;30;20;0;-1;1;-1;-1;-1;-1;-1;-1;1;1;2;0;2;2;-1;0;0;0;0;0;0;0;0;1;0;1;0;0;1;1;0;0;-1;-1;0;0;-1;-1;-1;-1;-1;-1;-1;-1;-1;20;20;60;90;100;40;80;80;40;6;3.2;4.4;3;OPS;EIF;1.17;0.86;1.4;0.8;1.42;1;80;80;40;10;0;40;20;20;0;0;0;61;26;Y;Y;N;N;N;N;N
21734;416;421;2017;complete;97;14;-1;40;67;1;1;2;6;1;7;5;1;3;2;0;0;4;4;9;4;13;8;19;16;50;50;3;2;2.89;3.57;2.47;0;0;0;0;0;0;0;0;0;0;0;0;0;0;0;0;0;0;0;0;0;0;0;0;0;0;0;0;0;0;0;0;0;0;0;0;0;0;0;0;0;0;0;0;0;0;0;0;0;0;0;0;0;0;0;0;0;0;0;0;0;0;0;0;0;2;1;0;0;1;1;1;2017-07-19 15:30:00;-1;0;68;0;40;0;-1;1;-1;-1;-1;-1;-1;-1;2;1;1;1;3;2;-1;0;0;0;0;0;0;0;0;0;0;0;0;0;1;1;0;0;-1;-1;0;0;-1;-1;-1;-1;-1;-1;-1;-1;-1;7;23;45;68;85;16;52;77;54;10.57;3.33;3.9;2.27;Jaro;KPV;1.21;1.46;1;1.83;1;2.31;93;77;55;32;16;77;70;45;0;0;0;61;26;Y;Y;N;N;N;N;Y
21735;415;422;2017;complete;97;14;-1;47,65,90;;3;0;3;11;1;12;3;2;0;2;0;0;7;3;13;0;20;3;10;10;65;35;0;2;1.34;5.43;9.95;0;0;0;0;0;0;0;0;0;0;0;0;0;0;0;0;0;0;0;0;0;0;0;0;0;0;0;0;0;0;0;0;0;0;0;0;0;0;0;0;0;0;0;0;0;0;0;0;0;0;0;0;0;0;0;0;0;0;0;0;0;0;0;0;0;3;0;0;3;0;3;0;2017-07-19 15:30:00;415;0;32;0;25;0;-1;1;-1;-1;-1;-1;-1;-1;0;1;0;1;1;1;-1;0;0;0;0;0;0;0;0;0;0;0;0;0;1;1;0;0;-1;-1;0;0;-1;-1;-1;-1;-1;-1;-1;-1;-1;32;41;55;62;85;16;69;69;48;9.79;1.17;3.31;2.81;TPS;GrIFK;2.5;0.46;2;0.33;1.77;0.85;68;60;45;38;16;69;54;40;0;0;0;61;27;Y;Y;Y;N;N;N;N
21736;423;417;2017;complete;97;14;-1;;;0;0;0;1;4;5;1;3;2;2;0;0;4;6;4;4;8;10;16;10;40;60;2;2;6.19;4.64;1.54;0;0;0;0;0;0;0;0;0;0;0;0;0;0;0;0;0;0;0;0;0;0;0;0;0;0;0;0;0;0;0;0;0;0;0;0;0;0;0;0;0;0;0;0;0;0;0;0;0;0;0;0;0;0;0;0;0;0;0;0;0;0;0;0;0;0;0;0;0;0;0;0;2017-07-19 15:30:00;-1;0;24;9;9;0;-1;1;-1;-1;-1;-1;-1;-1;1;1;1;1;2;2;-1;0;0;0;0;0;0;0;0;0;0;0;0;0;1;1;0;0;-1;-1;0;0;-1;-1;-1;-1;-1;-1;-1;-1;-1;9;24;38;69;100;31;68;85;31;11.42;0;4.33;2.4;EIF;Honka;1.38;1.71;1.17;1.86;1.17;2.08;92;77;62;31;0;54;54;54;0;0;0;61;27;N;N;N;N;N;N;N
21737;424;419;2017;complete;97;14;-1;3,72;62;2;1;3;10;5;15;-1;-1;2;1;0;0;7;2;6;5;13;7;-1;-1;-1;-1;2;1;1.48;4.59;7.24;0;0;0;0;0;0;0;0;0;0;0;0;0;0;0;0;0;0;0;0;0;0;0;0;0;0;0;0;0;0;0;0;0;0;0;0;0;0;0;0;0;0;0;0;0;0;0;0;0;0;0;0;0;0;0;0;0;0;0;0;0;0;0;0;0;3;1;0;1;1;2;1;2017-07-19 15:30:00;424;0;50;42;17;0;-1;1;-1;-1;-1;-1;-1;-1;0;0;2;1;0;3;-1;0;0;0;0;0;0;0;0;0;0;0;0;0;1;1;1;0;-1;-1;0;0;-1;-1;-1;-1;-1;-1;-1;-1;-1;17;25;50;75;100;50;83;67;34;9.33;0.67;4.33;2.75;Haka;Gnistan;1.62;0.79;1.5;0.33;1.23;0.31;83;75;50;25;0;42;34;34;0;0;0;61;27;Y;Y;Y;N;N;N;Y
21738;419;423;2017;complete;97;15;-1;8;45,53;1;2;3;9;4;13;2;2;1;0;0;0;7;8;3;6;10;14;8;7;54;46;1;0;3.23;3.57;2.27;0;0;0;0;0;0;0;0;0;0;0;0;0;0;0;0;0;0;0;0;0;0;0;0;0;0;0;0;0;0;0;0;0;0;0;0;0;0;0;0;0;0;0;0;0;0;0;0;0;0;0;0;0;0;0;0;0;0;0;0;0;0;0;0;0;3;1;1;0;1;1;2;2017-07-22 14:00:00;423;0;47;16;30;0;-1;1;-1;-1;-1;-1;-1;-1;0;0;1;0;0;1;-1;0;0;0;0;0;0;0;0;0;0;0;0;0;1;1;1;0;-1;-1;0;0;-1;-1;-1;-1;-1;-1;-1;-1;-1;23;23;40;86;93;24;69;86;47;7.03;1.14;3.96;2.79;Gnistan;EIF;0.77;0.86;0.29;1.17;0.29;1.15;77;77;61;15;7;46;39;32;0;0;0;61;27;Y;Y;Y;N;N;N;Y
21739;420;424;2017;complete;97;15;-1;26,45,82;13,36,58;3;3;6;4;7;11;-1;-1;1;1;0;0;6;9;6;6;12;15;-1;-1;-1;-1;1;1;3.26;3.61;2.24;0;0;0;0;0;0;0;0;0;0;0;0;0;0;0;0;0;0;0;0;0;0;0;0;0;0;0;0;0;0;0;0;0;0;0;0;0;0;0;0;0;0;0;0;0;0;0;0;0;0;0;0;0;0;0;0;0;0;0;0;0;0;0;0;0;6;2;2;1;1;2;4;2017-07-22 14:00:00;-1;0;54;24;16;0;-1;1;-1;-1;-1;-1;-1;-1;1;1;0;0;2;0;-1;0;0;0;0;0;0;0;0;0;0;0;0;0;1;1;0;0;-1;-1;0;0;-1;-1;-1;-1;-1;-1;-1;-1;-1;9;16;40;85;100;24;77;69;40;9.03;3.33;3.81;2.48;OPS;Haka;1.17;1;1.17;1;1.31;1.36;92;85;61;16;0;70;54;47;0;0;0;61;26;Y;Y;Y;Y;Y;Y;Y
21740;416;415;2017;complete;97;15;-1;;4,21;0;2;2;4;6;10;6;4;2;2;0;0;5;5;3;3;8;8;17;17;48;52;2;2;3.01;3.45;2.45;0;0;0;0;0;0;0;0;0;0;0;0;0;0;0;0;0;0;0;0;0;0;0;0;0;0;0;0;0;0;0;0;0;0;0;0;0;0;0;0;0;0;0;0;0;0;0;0;0;0;0;0;0;0;0;0;0;0;0;0;0;0;0;0;0;2;0;2;0;0;0;2;2017-07-22 14:00:00;415;0;69;17;21;0;-1;1;-1;-1;-1;-1;-1;-1;0;1;2;1;1;3;-1;0;0;0;0;0;0;0;0;0;0;0;0;0;1;1;0;1;-1;-1;0;0;-1;-1;-1;-1;-1;-1;-1;-1;-1;7;13;42;69;78;23;54;61;34;12.63;2.55;2.92;2.07;Jaro;TPS;1.21;1.77;1;1.5;1;1.86;94;88;59;32;23;65;50;50;0;0;0;61;26;Y;Y;N;N;N;N;N
21741;421;425;2017;complete;97;15;-1;;59;0;1;1;8;7;15;6;1;5;1;0;0;7;4;9;7;16;11;18;15;44;56;5;1;1.83;3.78;4.53;0;0;0;0;0;0;0;0;0;0;0;0;0;0;0;0;0;0;0;0;0;0;0;0;0;0;0;0;0;0;0;0;0;0;0;0;0;0;0;0;0;0;0;0;0;0;0;0;0;0;0;0;0;0;0;0;0;0;0;0;0;0;0;0;0;1;0;0;0;1;1;0;2017-07-23 14:00:00;425;0;57;36;22;0;-1;1;-1;-1;-1;-1;-1;-1;1;0;4;1;1;5;-1;0;0;0;0;0;0;0;0;1;0;1;0;0;1;1;0;0;-1;-1;0;0;-1;-1;-1;-1;-1;-1;-1;-1;-1;29;36;64;79;100;50;71;79;29;9.17;1.85;3.43;3.36;KPV;Oulu;1.86;1.54;2.71;1.57;2.21;1.58;72;65;36;22;0;53;25;25;0;0;0;61;27;Y;N;N;N;N;N;N
21742;417;422;2017;complete;97;15;-1;2,41,54;;3;0;3;7;3;10;-1;-1;-1;-1;-1;-1;7;3;13;6;20;9;-1;-1;47;53;-1;-1;1.21;7.46;9.99;0;0;0;0;0;0;0;0;0;0;0;0;0;0;0;0;0;0;0;0;0;0;0;0;0;0;0;0;0;0;0;0;0;0;0;0;0;0;0;0;0;0;0;0;0;0;0;0;0;0;0;0;0;0;0;0;0;0;0;0;0;0;0;0;0;3;2;0;1;0;1;2;2017-07-24 15:30:00;417;0;47;17;38;0;-1;-1;-1;-1;-1;-1;-1;-1;-1;-1;-1;-1;-1;-1;-1;0;0;0;0;0;0;0;0;0;0;0;0;0;1;1;1;0;-1;-1;-1;-1;-1;-1;-1;-1;-1;-1;-1;-1;-1;38;54;61;86;93;32;54;77;77;10.14;3.96;3.97;3.31;Honka;GrIFK;2.38;0.46;2.33;0.29;2;0.79;62;47;40;15;7;69;54;45;0;0;0;61;27;Y;Y;Y;N;N;N;N
21743;424;416;2017;complete;97;16;-1;;;0;0;0;4;6;10;-1;-1;0;3;0;0;8;9;2;2;10;11;-1;-1;48;52;0;3;2.44;3.57;2.94;0;0;0;0;0;0;0;0;0;0;0;0;0;0;0;0;0;0;0;0;0;0;0;0;0;0;0;0;0;0;0;0;0;0;0;0;0;0;0;0;0;0;0;0;0;0;0;0;0;0;0;0;0;0;0;0;0;0;0;0;0;0;0;0;0;0;0;0;0;0;0;0;2017-07-29 11:00:00;-1;0;30;15;16;0;-1;1;-1;-1;-1;-1;-1;-1;0;2;0;1;2;1;-1;0;0;0;0;0;0;0;0;0;0;0;0;0;1;1;0;0;-1;-1;0;0;-1;-1;-1;-1;-1;-1;-1;-1;-1;16;23;45;69;100;30;68;85;40;10.97;1.5;3.83;2.6;Haka;Jaro;1.62;1.25;1.71;1;1.33;0.93;85;77;55;31;0;69;69;69;0;0;0;61;26;N;N;N;N;N;N;N
21744;423;421;2017;complete;97;16;-1;9,50;;2;0;2;5;1;6;3;1;1;3;0;0;3;0;0;0;3;0;12;9;50;50;1;3;3.79;3.59;2.05;0;0;0;0;0;0;0;0;0;0;0;0;0;0;0;0;0;0;0;0;0;0;0;0;0;0;0;0;0;0;0;0;0;0;0;0;0;0;0;0;0;0;0;0;0;0;0;0;0;0;0;0;0;0;0;0;0;0;0;0;0;0;0;0;0;2;1;0;1;0;1;1;2017-07-29 11:00:00;423;0;43;7;29;0;-1;1;-1;-1;-1;-1;-1;-1;0;1;1;2;1;3;-1;0;0;0;0;0;0;0;0;0;0;0;0;0;1;1;1;0;-1;-1;0;0;-1;-1;-1;-1;-1;-1;-1;-1;-1;7;22;29;57;86;22;43;71;36;8.83;1.29;4.29;2;EIF;KPV;1.38;1.46;1.14;1.71;1.29;2.07;93;79;71;43;14;66;66;45;0;0;0;61;27;Y;Y;N;N;N;N;N
21745;422;419;2017;complete;97;16;-1;71;39,58,85;1;3;4;4;6;10;2;3;0;0;0;0;2;4;0;0;2;4;13;10;51;49;0;0;1.97;3.69;3.97;0;0;0;0;0;0;0;0;0;0;0;0;0;0;0;0;0;0;0;0;0;0;0;0;0;0;0;0;0;0;0;0;0;0;0;0;0;0;0;0;0;0;0;0;0;0;0;0;0;0;0;0;0;0;0;0;0;0;0;0;0;0;0;0;0;4;0;1;1;2;3;1;2017-07-29 14:00:00;419;0;64;36;29;0;-1;-1;-1;-1;-1;-1;-1;-1;0;0;0;0;0;0;-1;0;0;0;0;0;0;0;0;1;0;1;0;0;1;1;0;0;-1;-1;-1;-1;-1;-1;-1;-1;-1;-1;-1;-1;-1;14;22;50;79;93;43;79;57;43;8.71;1.72;5.14;2.64;GrIFK;Gnistan;1.14;0.79;1.29;0.29;0.73;0.27;86;79;50;22;7;57;43;36;0;0;0;61;27;Y;Y;Y;Y;N;N;Y
21746;415;420;2017;complete;97;16;-1;8,90;57;2;1;3;4;2;6;3;2;1;4;0;0;7;3;11;4;18;7;9;21;57;43;1;4;1.25;6.67;9.99;0;0;0;0;0;0;0;0;0;0;0;0;0;0;0;0;0;0;0;0;0;0;0;0;0;0;0;0;0;0;0;0;0;0;0;0;0;0;0;0;0;0;0;0;0;0;0;0;0;0;0;0;0;0;0;0;0;0;0;0;0;0;0;0;0;3;1;0;1;1;2;1;2017-07-30 14:00:00;415;0;35;15;7;0;-1;1;-1;-1;-1;-1;-1;-1;0;2;1;2;2;3;-1;0;0;0;0;0;0;0;0;1;0;1;0;0;1;1;1;0;-1;-1;0;1;-1;-1;-1;-1;-1;-1;-1;-1;-1;21;28;61;75;87;35;67;73;41;10.21;0.81;3;2.84;TPS;OPS;2.5;0.86;2.13;1.43;1.93;1.29;80;73;40;26;14;79;73;53;0;0;0;61;26;Y;Y;Y;N;N;N;Y
21747;425;417;2017;complete;97;16;-1;40,63;9,42;2;2;4;1;7;8;-1;-1;2;4;1;0;5;5;4;4;9;9;-1;-1;53;47;3;4;4.32;3.67;1.9;0;0;0;0;0;0;0;0;0;0;0;0;0;0;0;0;0;0;0;0;0;0;0;0;0;0;0;0;0;0;0;0;0;0;0;0;0;0;0;0;0;0;0;0;0;0;0;0;0;0;0;0;0;0;0;0;0;0;0;0;0;0;0;0;0;4;1;2;1;0;1;3;2017-08-01 15:30:00;-1;0;27;0;20;0;-1;1;-1;-1;-1;-1;-1;-1;1;0;2;4;1;6;-1;0;0;0;0;0;0;0;1;0;1;0;0;0;1;1;0;1;-1;-1;0;0;-1;-1;-1;-1;-1;-1;-1;-1;-1;0;17;39;52;84;13;58;58;33;9.86;0.98;5.09;1.9;Oulu;Honka;1.57;1.71;1.6;1.75;1.69;2.07;100;84;62;49;17;25;25;25;0;0;0;61;27;Y;Y;Y;Y;N;N;Y
21748;419;415;2017;complete;97;17;-1;57;;1;0;1;6;10;16;3;3;3;1;1;0;4;4;2;9;6;13;14;12;46;54;4;1;9.28;4.92;1.39;0;0;0;0;0;0;0;0;0;0;0;0;0;0;0;0;0;0;0;0;0;0;0;0;0;0;0;0;0;0;0;0;0;0;0;0;0;0;0;0;0;0;0;0;0;0;0;0;0;0;0;0;0;0;0;0;0;0;0;0;0;0;0;0;0;1;0;0;1;0;1;0;2017-08-04 15:30:00;419;0;47;27;26;0;-1;1;-1;-1;-1;-1;-1;-1;1;0;3;1;1;4;-1;0;0;0;0;0;0;0;0;0;0;0;0;0;1;1;0;0;-1;-1;0;0;-1;-1;-1;-1;-1;-1;-1;-1;-1;13;13;34;66;80;34;59;52;26;10.99;1.96;3.42;2.1;Gnistan;TPS;0.77;1.77;0.25;1.71;0.44;2;88;88;67;34;21;73;60;47;0;0;0;61;27;Y;N;N;N;N;N;N
21749;421;424;2017;complete;97;17;-1;43,73;20,63;2;2;4;6;6;12;1;5;2;2;1;1;7;5;12;11;19;16;11;7;50;50;3;4;1.83;3.82;4.49;0;0;0;0;0;0;0;0;0;0;0;0;0;0;0;0;0;0;0;0;0;0;0;0;0;0;0;0;0;0;0;0;0;0;0;0;0;0;0;0;0;0;0;0;0;0;0;0;0;0;0;0;0;0;0;0;0;0;0;0;0;0;0;0;0;4;1;1;1;1;2;2;2017-08-05 14:00:00;-1;0;57;25;25;0;-1;1;-1;-1;-1;-1;-1;-1;1;0;2;3;1;5;-1;0;0;0;0;0;0;0;0;0;0;0;0;0;1;1;0;0;-1;-1;0;0;-1;-1;-1;-1;-1;-1;-1;-1;-1;13;19;51;82;100;38;76;75;32;10.3;2.13;3.51;2.75;KPV;Haka;1.86;1;2.38;1;1.94;1.31;88;82;51;19;0;48;48;42;0;0;0;61;27;Y;Y;Y;Y;N;N;Y
21750;417;420;2017;complete;97;17;-1;7,35,69;75;3;1;4;2;1;3;-1;-1;0;3;0;0;7;2;11;9;18;11;-1;-1;48;52;0;3;1.17;8.6;9.99;0;0;0;0;0;0;0;0;0;0;0;0;0;0;0;0;0;0;0;0;0;0;0;0;0;0;0;0;0;0;0;0;0;0;0;0;0;0;0;0;0;0;0;0;0;0;0;0;0;0;0;0;0;0;0;0;0;0;0;0;0;0;0;0;0;4;2;0;1;1;2;2;2017-08-05 14:00:00;417;0;53;27;27;0;-1;1;-1;-1;-1;-1;-1;-1;0;2;0;1;2;1;-1;0;0;0;0;0;0;0;0;0;0;0;0;0;1;1;1;0;-1;-1;0;0;-1;-1;-1;-1;-1;-1;-1;-1;-1;27;41;66;94;94;54;66;81;61;10.14;2.77;4.08;3.27;Honka;OPS;2.38;0.86;2.43;1.25;2;1.2;73;60;34;7;7;71;64;43;0;0;0;61;26;Y;Y;Y;Y;N;N;Y
21751;425;416;2017;complete;97;17;-1;;49,56,74,90;0;4;4;4;8;12;-1;-1;2;0;1;0;3;7;11;14;14;21;-1;-1;52;48;4;0;2.39;3.49;3.08;0;0;0;0;0;0;0;0;0;0;0;0;0;0;0;0;0;0;0;0;0;0;0;0;0;0;0;0;0;0;0;0;0;0;0;0;0;0;0;0;0;0;0;0;0;0;0;0;0;0;0;0;0;0;0;0;0;0;0;0;0;0;0;0;0;4;0;0;0;4;4;0;2017-08-05 14:00:00;416;0;32;9;24;0;-1;1;-1;-1;-1;-1;-1;-1;0;0;3;0;0;3;-1;0;0;0;0;0;0;0;0;1;0;1;0;0;1;1;0;0;-1;-1;0;0;-1;-1;-1;-1;-1;-1;-1;-1;-1;7;24;40;54;85;16;47;61;38;8.17;1.47;4.83;2.09;Oulu;Jaro;1.57;1.25;1.5;1;1.64;0.94;93;77;61;47;16;50;50;42;0;0;0;61;26;Y;Y;Y;Y;N;N;N
21752;422;423;2017;complete;97;17;-1;;;0;0;0;6;4;10;2;2;1;2;0;0;3;6;5;12;8;18;13;16;46;54;1;2;2.95;3.59;2.43;0;0;0;0;0;0;0;0;0;0;0;0;0;0;0;0;0;0;0;0;0;0;0;0;0;0;0;0;0;0;0;0;0;0;0;0;0;0;0;0;0;0;0;0;0;0;0;0;0;0;0;0;0;0;0;0;0;0;0;0;0;0;0;0;0;0;0;0;0;0;0;0;2017-08-06 15:30:00;-1;0;60;27;20;0;-1;1;-1;-1;-1;-1;-1;-1;0;1;1;1;1;2;-1;0;0;0;0;0;0;0;0;0;0;0;0;0;1;1;0;0;-1;-1;0;0;-1;-1;-1;-1;-1;-1;-1;-1;-1;14;26;54;88;94;41;73;82;41;8.67;1.79;4.06;2.88;GrIFK;EIF;1.14;0.86;1.13;1.43;0.69;1.4;87;75;47;13;7;54;48;36;0;0;0;61;27;N;N;N;N;N;N;N
21753;420;421;2017;complete;97;18;-1;;11,21,80;0;3;3;6;6;12;-1;-1;2;0;0;0;2;8;0;5;2;13;-1;-1;50;50;2;0;4.18;3.87;1.88;0;0;0;0;0;0;0;0;0;0;0;0;0;0;0;0;0;0;0;0;0;0;0;0;0;0;0;0;0;0;0;0;0;0;0;0;0;0;0;0;0;0;0;0;0;0;0;0;0;0;0;0;0;0;0;0;0;0;0;0;0;0;0;0;0;3;0;2;0;1;1;2;2017-08-11 15:30:00;421;0;54;22;34;0;-1;1;-1;-1;-1;-1;-1;-1;0;0;2;0;0;2;-1;0;0;0;0;0;0;0;0;1;0;1;0;0;1;1;0;0;-1;-1;0;0;-1;-1;-1;-1;-1;-1;-1;-1;-1;15;21;41;75;94;28;61;73;48;8.14;3.11;4.81;2.51;OPS;KPV;1.17;1.46;1.14;1.5;1.13;1.88;86;80;59;26;7;75;60;41;0;0;0;61;26;Y;Y;Y;N;N;N;N
21754;415;417;2017;complete;97;18;-1;54;;1;0;1;3;9;12;0;0;2;2;0;0;6;0;5;8;11;8;13;10;36;64;2;2;2.74;3.34;2.74;0;0;0;0;0;0;0;0;0;0;0;0;0;0;0;0;0;0;0;0;0;0;0;0;0;0;0;0;0;0;0;0;0;0;0;0;0;0;0;0;0;0;0;0;0;0;0;0;0;0;0;0;0;0;0;0;0;0;0;0;0;0;0;0;0;1;0;0;1;0;1;0;2017-08-11 15:30:00;415;0;22;6;6;0;-1;1;-1;-1;-1;-1;-1;-1;1;1;1;1;2;2;-1;0;0;0;0;0;0;0;0;0;0;0;0;0;1;1;0;0;-1;-1;0;0;-1;-1;-1;-1;-1;-1;-1;-1;-1;6;17;50;67;89;22;73;78;33;12.56;0.89;3.5;2.33;TPS;Honka;2.5;1.71;2.22;1.67;1.88;2.06;95;84;50;33;11;46;41;29;0;0;0;61;27;Y;N;N;N;N;N;N
21755;416;419;2017;complete;97;18;-1;26,90;;2;0;2;7;2;9;4;2;0;0;0;0;6;4;18;3;24;7;10;9;51;49;0;0;1.43;4.88;7.96;0;0;0;0;0;0;0;0;0;0;0;0;0;0;0;0;0;0;0;0;0;0;0;0;0;0;0;0;0;0;0;0;0;0;0;0;0;0;0;0;0;0;0;0;0;0;0;0;0;0;0;0;0;0;0;0;0;0;0;0;0;0;0;0;0;2;1;0;1;0;1;1;2017-08-12 14:00:00;416;0;77;19;36;0;-1;-1;-1;-1;-1;-1;-1;-1;0;0;0;0;0;0;-1;0;0;0;0;0;0;0;0;0;0;0;0;0;1;1;0;0;-1;-1;-1;-1;-1;-1;-1;-1;-1;-1;-1;-1;-1;12;24;54;89;95;30;83;71;54;9.32;3.41;3.66;2.72;Jaro;Gnistan;1.21;0.79;0.89;0.63;1.06;0.59;89;77;47;12;6;59;47;35;0;0;0;61;26;Y;Y;N;N;N;N;N
21756;423;425;2017;complete;97;18;-1;;69;0;1;1;5;3;8;6;2;2;3;0;0;5;6;4;4;9;10;17;13;48;52;2;3;2.39;3.52;3.06;0;0;0;0;0;0;0;0;0;0;0;0;0;0;0;0;0;0;0;0;0;0;0;0;0;0;0;0;0;0;0;0;0;0;0;0;0;0;0;0;0;0;0;0;0;0;0;0;0;0;0;0;0;0;0;0;0;0;0;0;0;0;0;0;0;1;0;0;0;1;1;0;2017-08-12 14:00:00;425;0;38;26;13;0;-1;1;-1;-1;-1;-1;-1;-1;1;1;1;2;2;3;-1;0;0;0;0;0;0;0;0;1;0;1;0;0;1;1;0;0;-1;-1;0;0;-1;-1;-1;-1;-1;-1;-1;-1;-1;26;38;38;63;94;32;57;82;25;9.38;1.51;3.26;2.76;EIF;Oulu;1.38;1.54;1.38;1.75;1.38;1.53;76;63;63;38;7;69;44;44;0;0;0;61;27;Y;N;N;N;N;N;N
21757;424;422;2017;complete;97;18;-1;22,49,63;81;3;1;4;7;1;8;0;3;1;1;0;0;8;6;7;3;15;9;6;9;54;46;1;1;1.52;4.58;6.58;0;0;0;0;0;0;0;0;0;0;0;0;0;0;0;0;0;0;0;0;0;0;0;0;0;0;0;0;0;0;0;0;0;0;0;0;0;0;0;0;0;0;0;0;0;0;0;0;0;0;0;0;0;0;0;0;0;0;0;0;0;0;0;0;0;4;1;0;2;1;3;1;2017-08-12 14:00:00;424;0;38;13;26;0;-1;1;-1;-1;-1;-1;-1;-1;0;1;1;0;1;1;-1;0;0;0;0;0;0;0;0;0;0;0;0;0;1;1;0;0;-1;-1;0;0;-1;-1;-1;-1;-1;-1;-1;-1;-1;26;38;63;69;88;32;69;75;44;9.38;0.87;3.85;2.88;Haka;GrIFK;1.62;0.46;1.63;0.25;1.29;0.71;76;63;38;32;13;69;63;50;0;0;0;61;27;Y;Y;Y;Y;N;N;Y
21758;415;423;2017;complete;97;19;-1;54,60,70,90;;4;0;4;2;3;5;-1;-1;0;3;0;1;7;5;7;2;14;7;-1;-1;53;47;0;4;1.42;4.85;8.4;0;0;0;0;0;0;0;0;0;0;0;0;0;0;0;0;0;0;0;0;0;0;0;0;0;0;0;0;0;0;0;0;0;0;0;0;0;0;0;0;0;0;0;0;0;0;0;0;0;0;0;0;0;0;0;0;0;0;0;0;0;0;0;0;0;4;0;0;4;0;4;0;2017-08-18 15:30:00;415;0;35;13;12;0;-1;1;-1;-1;-1;-1;-1;-1;0;0;0;4;0;4;-1;0;0;0;0;0;0;0;1;0;1;0;0;0;1;1;0;0;-1;-1;0;0;-1;-1;-1;-1;-1;-1;-1;-1;-1;12;12;50;74;89;24;62;84;39;9.91;1.1;2.6;2.47;TPS;EIF;2.5;0.86;2.3;1.38;1.94;1.29;89;89;50;27;12;57;52;35;0;0;0;61;27;Y;Y;Y;Y;N;N;N
21759;425;419;2017;complete;97;19;-1;54;20,29;1;2;3;9;4;13;-1;-1;0;2;0;0;8;4;6;6;14;10;-1;-1;50;50;0;2;1.43;4.85;8.01;0;0;0;0;0;0;0;0;0;0;0;0;0;0;0;0;0;0;0;0;0;0;0;0;0;0;0;0;0;0;0;0;0;0;0;0;0;0;0;0;0;0;0;0;0;0;0;0;0;0;0;0;0;0;0;0;0;0;0;0;0;0;0;0;0;3;0;2;1;0;1;2;2017-08-19 14:00:00;419;0;55;24;37;0;-1;1;-1;-1;-1;-1;-1;-1;0;1;0;1;1;1;-1;0;0;0;0;0;0;0;0;0;0;0;0;0;1;1;0;0;-1;-1;0;0;-1;-1;-1;-1;-1;-1;-1;-1;-1;6;33;57;73;93;24;66;62;50;7.24;0.92;4.67;2.61;Oulu;Gnistan;1.57;0.79;1.29;0.56;1.63;0.56;95;68;44;27;7;43;31;26;0;0;0;61;27;Y;Y;Y;N;N;N;Y
21760;417;424;2017;complete;97;19;-1;12,40;77,83;2;2;4;3;4;7;2;1;0;3;0;0;10;7;9;3;19;10;13;11;63;37;0;3;1.46;4.91;7.16;0;0;0;0;0;0;0;0;0;0;0;0;0;0;0;0;0;0;0;0;0;0;0;0;0;0;0;0;0;0;0;0;0;0;0;0;0;0;0;0;0;0;0;0;0;0;0;0;0;0;0;0;0;0;0;0;0;0;0;0;0;0;0;0;0;4;2;0;0;2;2;2;2017-08-19 14:00:00;-1;0;59;29;36;0;-1;1;-1;-1;-1;-1;-1;-1;0;0;0;3;0;3;-1;0;0;0;0;0;0;0;0;0;0;0;0;0;1;1;0;0;-1;-1;0;0;-1;-1;-1;-1;-1;-1;-1;-1;-1;18;42;54;95;100;48;76;83;60;11.6;2.97;3.01;3.14;Honka;Haka;2.38;1;2.5;1;1.94;1.39;82;59;47;6;0;65;59;41;0;0;0;61;27;Y;Y;Y;Y;N;N;Y
21761;422;421;2017;complete;97;19;-1;;23,53,66;0;3;3;2;4;6;7;3;3;1;0;1;3;6;3;8;6;14;16;9;48;52;3;3;5.44;4.12;1.66;0;0;0;0;0;0;0;0;0;0;0;0;0;0;0;0;0;0;0;0;0;0;0;0;0;0;0;0;0;0;0;0;0;0;0;0;0;0;0;0;0;0;0;0;0;0;0;0;0;0;0;0;0;0;0;0;0;0;0;0;0;0;0;0;0;3;0;1;0;2;2;1;2017-08-20 14:00:00;421;0;50;11;28;0;-1;1;-1;-1;-1;-1;-1;-1;1;0;2;2;1;4;-1;0;0;0;0;0;0;0;0;0;0;0;0;0;1;1;0;0;-1;-1;0;0;-1;-1;-1;-1;-1;-1;-1;-1;-1;6;22;39;67;84;28;62;67;33;9.33;2.56;4.55;2.22;GrIFK;KPV;1.14;1.46;1.11;1.67;0.67;1.94;95;78;62;33;17;73;67;33;0;0;0;61;27;Y;Y;Y;N;N;N;N
21762;425;420;2017;complete;97;14;-1;53,66,78;;3;0;3;4;2;6;2;6;1;5;0;0;9;4;9;1;18;5;11;16;58;42;1;5;1.55;4.45;6.21;0;0;0;0;0;0;0;0;0;0;0;0;0;0;0;0;0;0;0;0;0;0;0;0;0;0;0;0;0;0;0;0;0;0;0;0;0;0;0;0;0;0;0;0;0;0;0;0;0;0;0;0;0;0;0;0;0;0;0;0;0;0;0;0;0;3;0;0;3;0;3;0;2017-08-23 15:30:00;425;0;59;18;29;0;-1;1;-1;-1;-1;-1;-1;-1;0;2;1;3;2;4;-1;0;0;0;0;0;0;0;1;0;1;0;0;0;1;1;0;0;-1;-1;0;0;-1;-1;-1;-1;-1;-1;-1;-1;-1;11;41;71;76;89;41;64;71;47;7.13;0.44;4.96;2.92;Oulu;OPS;1.57;0.86;1.13;1.11;1.53;1.06;89;60;30;25;12;51;51;44;0;0;0;61;26;Y;Y;Y;N;N;N;N
21763;419;417;2017;complete;97;20;-1;18,31;60;2;1;3;1;15;16;1;2;4;2;0;0;6;9;2;10;8;19;11;13;30;70;4;2;9.16;5.11;1.38;0;0;0;0;0;0;0;0;0;0;0;0;0;0;0;0;0;0;0;0;0;0;0;0;0;0;0;0;0;0;0;0;0;0;0;0;0;0;0;0;0;0;0;0;0;0;0;0;0;0;0;0;0;0;0;0;0;0;0;0;0;0;0;0;0;3;2;0;0;1;1;2;2017-08-25 15:30:00;419;0;32;16;17;0;-1;1;-1;-1;-1;-1;-1;-1;0;0;4;2;0;6;-1;0;0;0;0;0;0;0;0;0;0;0;0;0;1;1;0;0;-1;-1;0;0;-1;-1;-1;-1;-1;-1;-1;-1;-1;11;21;37;64;90;26;69;79;27;10.66;1.64;4.77;2.27;Gnistan;Honka;0.77;1.71;0.56;1.5;0.68;1.89;89;79;64;37;11;56;50;45;0;0;0;61;27;Y;Y;Y;N;N;N;Y
21764;421;415;2017;complete;97;20;-1;8,23;44,54;2;2;4;8;6;14;3;0;4;1;0;0;4;7;7;6;11;13;13;12;45;55;4;1;2.6;3.34;2.89;0;0;0;0;0;0;0;0;0;0;0;0;0;0;0;0;0;0;0;0;0;0;0;0;0;0;0;0;0;0;0;0;0;0;0;0;0;0;0;0;0;0;0;0;0;0;0;0;0;0;0;0;0;0;0;0;0;0;0;0;0;0;0;0;0;4;2;1;0;1;1;3;2017-08-26 13:00:00;-1;0;47;29;23;0;-1;1;-1;-1;-1;-1;-1;-1;2;0;2;1;2;3;-1;0;0;0;0;0;0;0;1;0;1;0;0;0;1;1;1;0;-1;-1;0;0;-1;-1;-1;-1;-1;-1;-1;-1;-1;6;11;46;64;88;47;53;58;23;12.54;2.33;3.69;2.2;KPV;TPS;1.86;1.77;2.22;1.5;2;2;95;89;54;36;13;59;53;47;0;0;0;61;27;Y;Y;Y;Y;N;N;Y
21765;423;416;2017;complete;97;20;-1;53;13,16;1;2;3;9;2;11;2;2;0;1;0;0;7;8;2;3;9;11;13;16;59;41;0;1;2.98;3.48;2.46;0;0;0;0;0;0;0;0;0;0;0;0;0;0;0;0;0;0;0;0;0;0;0;0;0;0;0;0;0;0;0;0;0;0;0;0;0;0;0;0;0;0;0;0;0;0;0;0;0;0;0;0;0;0;0;0;0;0;0;0;0;0;0;0;0;3;0;2;1;0;1;2;2017-08-26 14:00:00;416;0;18;6;12;0;-1;1;-1;-1;-1;-1;-1;-1;0;0;0;1;0;1;-1;0;0;0;0;0;0;0;1;0;1;0;0;0;1;1;0;0;-1;-1;0;0;-1;-1;-1;-1;-1;-1;-1;-1;-1;12;24;30;60;89;18;41;77;36;9.71;1.88;3.64;2.13;EIF;Jaro;1.38;1.25;1.22;1.25;1.22;1.17;89;77;71;41;12;65;65;57;0;0;0;61;26;Y;Y;Y;N;N;N;Y
21766;422;420;2017;complete;97;20;-1;3,83,84;60,66;3;2;5;2;4;6;2;3;3;4;0;0;8;7;4;10;12;17;18;23;52;48;3;4;2.43;3.67;2.89;0;0;0;0;0;0;0;0;0;0;0;0;0;0;0;0;0;0;0;0;0;0;0;0;0;0;0;0;0;0;0;0;0;0;0;0;0;0;0;0;0;0;0;0;0;0;0;0;0;0;0;0;0;0;0;0;0;0;0;0;0;0;0;0;0;5;1;0;2;2;4;1;2017-08-27 14:00:00;422;0;55;20;25;0;-1;1;-1;-1;-1;-1;-1;-1;1;3;2;1;4;3;-1;0;0;0;0;0;0;0;0;0;0;0;0;0;1;1;1;0;-1;-1;0;0;-1;-1;-1;-1;-1;-1;-1;-1;-1;15;35;65;80;85;40;70;70;50;7.58;3.1;5.1;2.9;GrIFK;OPS;1.14;0.86;1;1;0.63;1;85;65;35;20;15;63;58;37;0;0;0;61;26;Y;Y;Y;Y;Y;N;Y
21767;425;424;2017;complete;97;20;-1;;71;0;1;1;6;7;13;1;0;0;2;0;0;3;5;10;8;13;13;11;10;54;46;0;2;2.2;3.56;3.4;0;0;0;0;0;0;0;0;0;0;0;0;0;0;0;0;0;0;0;0;0;0;0;0;0;0;0;0;0;0;0;0;0;0;0;0;0;0;0;0;0;0;0;0;0;0;0;0;0;0;0;0;0;0;0;0;0;0;0;0;0;0;0;0;0;1;0;0;0;1;1;0;2017-08-28 15:30:00;424;0;57;21;26;0;-1;1;-1;-1;-1;-1;-1;-1;0;0;0;2;0;2;-1;0;0;0;0;0;0;0;0;0;0;0;0;0;1;1;0;0;-1;-1;0;0;-1;-1;-1;-1;-1;-1;-1;-1;-1;5;37;59;79;95;31;67;74;47;9.32;1.42;4.04;2.78;Oulu;Haka;1.57;1;1.33;1;1.61;1.37;95;64;42;22;6;47;47;42;0;0;0;61;27;Y;N;N;N;N;N;N
21768;424;423;2017;complete;97;21;-1;11,36;57;2;1;3;2;2;4;-1;-1;2;1;0;0;5;5;8;7;13;12;-1;-1;47;53;2;1;1.76;3.99;4.75;0;0;0;0;0;0;0;0;0;0;0;0;0;0;0;0;0;0;0;0;0;0;0;0;0;0;0;0;0;0;0;0;0;0;0;0;0;0;0;0;0;0;0;0;0;0;0;0;0;0;0;0;0;0;0;0;0;0;0;0;0;0;0;0;0;3;2;0;0;1;1;2;2017-09-01 15:30:00;424;0;44;22;17;0;-1;1;-1;-1;-1;-1;-1;-1;0;0;2;1;0;3;-1;0;0;0;0;0;0;0;0;0;0;0;0;0;1;1;0;0;-1;-1;0;0;-1;-1;-1;-1;-1;-1;-1;-1;-1;11;28;56;78;89;33;67;84;39;9.96;0.22;3.41;2.73;Haka;EIF;1.62;0.86;1.78;1.22;1.45;1.16;89;73;44;22;11;47;47;35;0;0;0;61;27;Y;Y;Y;N;N;N;Y
21769;415;425;2017;complete;97;21;-1;38,55;;2;0;2;0;4;4;-1;-1;0;1;0;0;6;2;8;3;14;5;-1;-1;52;48;0;1;1.58;4.19;6.33;0;0;0;0;0;0;0;0;0;0;0;0;0;0;0;0;0;0;0;0;0;0;0;0;0;0;0;0;0;0;0;0;0;0;0;0;0;0;0;0;0;0;0;0;0;0;0;0;0;0;0;0;0;0;0;0;0;0;0;0;0;0;0;0;0;2;1;0;1;0;1;1;2017-09-01 15:30:00;415;0;31;17;10;0;-1;1;-1;-1;-1;-1;-1;-1;0;1;0;0;1;0;-1;0;0;0;0;0;0;0;0;0;0;0;0;0;1;1;0;0;-1;-1;0;0;-1;-1;-1;-1;-1;-1;-1;-1;-1;21;31;50;60;96;21;56;86;34;10.49;1.67;2.56;2.78;TPS;Oulu;2.5;1.54;2.36;1.89;1.95;1.53;79;69;51;40;5;71;44;35;0;0;0;61;27;Y;Y;N;N;N;N;N
21770;417;421;2017;complete;97;21;-1;58,60,78;38;3;1;4;9;5;14;3;2;3;1;1;1;8;4;6;6;14;10;11;11;54;46;4;3;1.78;3.93;4.68;0;0;0;0;0;0;0;0;0;0;0;0;0;0;0;0;0;0;0;0;0;0;0;0;0;0;0;0;0;0;0;0;0;0;0;0;0;0;0;0;0;0;0;0;0;0;0;0;0;0;0;0;0;0;0;0;0;0;0;0;0;0;0;0;0;4;0;1;3;0;3;1;2017-09-03 14:00:00;417;0;48;11;32;0;-1;1;-1;-1;-1;-1;-1;-1;1;0;3;2;1;5;-1;0;0;0;0;0;0;0;0;0;0;0;0;0;1;1;0;0;-1;-1;0;0;-1;-1;-1;-1;-1;-1;-1;-1;-1;11;33;54;85;95;44;64;85;59;10.2;2.98;3.58;2.77;Honka;KPV;2.38;1.46;2.33;1.8;1.8;1.95;89;67;47;15;5;58;52;26;0;0;0;61;27;Y;Y;Y;Y;N;N;Y
21771;416;422;2017;complete;97;21;-1;15,29,44,74,78;38,89;5;2;7;5;5;10;3;2;1;2;0;0;9;5;15;3;24;8;7;19;52;48;1;2;1.29;5.78;9.99;0;0;0;0;0;0;0;0;0;0;0;0;0;0;0;0;0;0;0;0;0;0;0;0;0;0;0;0;0;0;0;0;0;0;0;0;0;0;0;0;0;0;0;0;0;0;0;0;0;0;0;0;0;0;0;0;0;0;0;0;0;0;0;0;0;7;3;1;2;1;3;4;2017-09-03 14:00:00;416;0;57;0;32;0;-1;1;-1;-1;-1;-1;-1;-1;0;0;1;2;0;3;-1;0;0;0;0;0;0;0;0;0;0;0;0;0;1;1;0;0;-1;-1;0;0;-1;-1;-1;-1;-1;-1;-1;-1;-1;22;38;59;84;90;21;74;79;54;8.49;4.12;3.6;2.92;Jaro;GrIFK;1.21;0.46;1.1;0.22;1.26;0.75;79;62;41;16;11;69;53;42;0;0;0;61;26;Y;Y;Y;Y;Y;Y;Y
21772;420;419;2017;complete;97;21;-1;49,77,90;20;3;1;4;9;4;13;-1;-1;2;2;0;2;8;4;12;6;20;10;-1;-1;47;53;2;5;2.18;3.7;3.32;0;0;0;0;0;0;0;0;0;0;0;0;0;0;0;0;0;0;0;0;0;0;0;0;0;0;0;0;0;0;0;0;0;0;0;0;0;0;0;0;0;0;0;0;0;0;0;0;0;0;0;0;0;0;0;0;0;0;0;0;0;0;0;0;0;4;0;1;3;0;3;1;2017-09-03 14:00:00;420;0;60;34;33;0;-1;1;-1;-1;-1;-1;-1;-1;0;1;2;3;1;5;-1;0;0;0;0;0;0;0;1;0;1;0;0;0;1;1;0;0;-1;-1;0;0;-1;-1;-1;-1;-1;-1;-1;-1;-1;18;23;62;89;100;45;83;73;50;8.08;2.1;4.08;2.97;OPS;Gnistan;1.17;0.79;1;0.8;0.95;0.8;83;78;39;12;0;74;52;47;0;0;0;61;26;Y;Y;Y;Y;N;N;Y
21773;420;425;2017;complete;97;22;-1;41,49,90;76;3;1;4;1;12;13;-1;-1;2;3;1;0;5;8;2;5;7;13;-1;-1;49;51;3;3;4.39;3.98;1.81;0;0;0;0;0;0;0;0;0;0;0;0;0;0;0;0;0;0;0;0;0;0;0;0;0;0;0;0;0;0;0;0;0;0;0;0;0;0;0;0;0;0;0;0;0;0;0;0;0;0;0;0;0;0;0;0;0;0;0;0;0;0;0;0;0;4;1;0;2;1;3;1;2017-09-07 15:30:00;420;0;48;32;16;0;-1;1;-1;-1;-1;-1;-1;-1;0;1;3;2;1;5;-1;0;0;0;0;0;0;0;0;0;0;0;0;0;1;1;0;0;-1;-1;0;0;-1;-1;-1;-1;-1;-1;-1;-1;-1;26;37;54;75;100;37;69;84;38;9.49;2.22;3.83;3.11;OPS;Oulu;1.17;1.54;1.22;1.7;1.05;1.45;74;64;47;26;0;80;49;49;0;0;0;61;26;Y;Y;Y;Y;N;N;Y
21774;419;424;2017;complete;97;22;-1;20;40;1;1;2;2;2;4;1;2;1;4;0;0;2;7;4;10;6;17;12;17;44;56;1;4;3.48;3.73;2.11;0;0;0;0;0;0;0;0;0;0;0;0;0;0;0;0;0;0;0;0;0;0;0;0;0;0;0;0;0;0;0;0;0;0;0;0;0;0;0;0;0;0;0;0;0;0;0;0;0;0;0;0;0;0;0;0;0;0;0;0;0;0;0;0;0;2;1;1;0;0;0;2;2017-09-08 15:30:00;-1;0;57;24;29;0;-1;1;-1;-1;-1;-1;-1;-1;1;0;0;4;1;4;-1;0;0;0;0;0;0;0;0;0;0;0;0;0;1;1;0;0;-1;-1;0;0;-1;-1;-1;-1;-1;-1;-1;-1;-1;15;28;43;76;95;33;76;81;38;9.27;2.49;4.14;2.66;Gnistan;Haka;0.77;1;0.8;1.18;0.76;1.52;86;72;58;24;5;72;67;58;0;0;0;61;27;Y;Y;N;N;N;N;Y
21775;417;423;2017;complete;97;22;-1;32,52,58,69;35,83;4;2;6;8;3;11;1;2;0;0;0;0;7;8;5;6;12;14;11;11;50;50;0;0;1.3;6.02;9.99;0;0;0;0;0;0;0;0;0;0;0;0;0;0;0;0;0;0;0;0;0;0;0;0;0;0;0;0;0;0;0;0;0;0;0;0;0;0;0;0;0;0;0;0;0;0;0;0;0;0;0;0;0;0;0;0;0;0;0;0;0;0;0;0;0;6;1;1;3;1;4;2;2017-09-09 14:00:00;417;0;55;20;20;0;-1;-1;-1;-1;-1;-1;-1;-1;0;0;0;0;0;0;-1;0;0;0;0;0;0;0;-1;-1;-1;-1;-1;-1;-1;1;0;0;-1;-1;-1;-1;-1;-1;-1;-1;-1;-1;-1;-1;-1;15;40;65;95;95;50;65;90;60;9.74;2.1;3.37;3.15;Honka;EIF;2.38;0.86;2.4;1.1;1.86;1.1;85;60;35;5;5;47;42;26;0;0;0;61;27;Y;Y;Y;Y;Y;Y;Y
21776;421;416;2017;complete;97;22;-1;;;0;0;0;10;7;17;-1;-1;-1;-1;-1;-1;10;3;11;8;21;11;-1;-1;51;49;-1;-1;2.23;3.49;3.39;0;0;0;0;0;0;0;0;0;0;0;0;0;0;0;0;0;0;0;0;0;0;0;0;0;0;0;0;0;0;0;0;0;0;0;0;0;0;0;0;0;0;0;0;0;0;0;0;0;0;0;0;0;0;0;0;0;0;0;0;0;0;0;0;0;0;0;0;0;0;0;0;2017-09-09 14:00:00;-1;0;41;20;21;0;-1;-1;-1;-1;-1;-1;-1;-1;-1;-1;-1;-1;-1;-1;-1;0;0;0;0;0;0;0;0;0;0;0;0;0;1;1;0;0;-1;-1;-1;-1;-1;-1;-1;-1;-1;-1;-1;-1;-1;11;26;57;74;95;41;57;79;37;10.38;2.5;4.27;2.67;KPV;Jaro;1.86;1.25;2.1;1.44;1.86;1.35;90;74;43;27;6;69;69;63;0;0;0;61;26;N;N;N;N;N;N;N
21777;422;415;2017;complete;97;22;-1;8;12,49,66;1;3;4;4;5;9;6;3;3;3;0;0;3;12;5;9;8;21;10;17;50;50;3;3;8.25;5.11;1.41;0;0;0;0;0;0;0;0;0;0;0;0;0;0;0;0;0;0;0;0;0;0;0;0;0;0;0;0;0;0;0;0;0;0;0;0;0;0;0;0;0;0;0;0;0;0;0;0;0;0;0;0;0;0;0;0;0;0;0;0;0;0;0;0;0;4;1;1;0;2;2;2;2017-09-10 15:30:00;415;0;50;26;19;0;-1;1;-1;-1;-1;-1;-1;-1;0;0;3;3;0;6;-1;0;0;0;0;0;0;0;0;0;0;0;0;0;1;1;1;0;-1;-1;0;0;-1;-1;-1;-1;-1;-1;-1;-1;-1;9;24;44;65;80;36;59;54;28;11.66;2.98;3.77;2.26;GrIFK;TPS;1.14;1.77;1.18;1.44;0.71;2;91;77;56;36;20;71;61;42;0;0;0;61;27;Y;Y;Y;Y;N;N;Y
21778;424;415;2017;complete;97;23;-1;;9,25;0;2;2;6;5;11;-1;-1;0;1;0;0;4;4;5;8;9;12;-1;-1;47;53;0;1;3.77;3.7;2.02;0;0;0;0;0;0;0;0;0;0;0;0;0;0;0;0;0;0;0;0;0;0;0;0;0;0;0;0;0;0;0;0;0;0;0;0;0;0;0;0;0;0;0;0;0;0;0;0;0;0;0;0;0;0;0;0;0;0;0;0;0;0;0;0;0;2;0;2;0;0;0;2;2017-09-14 15:30:00;415;0;50;30;15;0;-1;1;-1;-1;-1;-1;-1;-1;0;1;0;0;1;0;-1;0;0;0;0;0;0;0;0;0;0;0;0;0;1;1;0;1;-1;-1;0;0;-1;-1;-1;-1;-1;-1;-1;-1;-1;5;25;50;65;85;45;65;65;25;12.8;0.9;3.07;2.35;Haka;TPS;1.62;1.77;1.9;1.6;1.5;2.05;95;75;50;35;15;65;55;45;0;0;0;61;27;Y;Y;N;N;N;N;N
21779;425;422;2017;complete;97;23;-1;52,80;79;2;1;3;5;5;10;-1;-1;-1;-1;-1;-1;6;4;6;6;12;10;-1;-1;52;48;-1;-1;1.5;4.77;6.5;0;0;0;0;0;0;0;0;0;0;0;0;0;0;0;0;0;0;0;0;0;0;0;0;0;0;0;0;0;0;0;0;0;0;0;0;0;0;0;0;0;0;0;0;0;0;0;0;0;0;0;0;0;0;0;0;0;0;0;0;0;0;0;0;0;3;0;0;2;1;3;0;2017-09-16 13:00:00;425;0;45;10;35;0;-1;-1;-1;-1;-1;-1;-1;-1;-1;-1;-1;-1;-1;-1;-1;0;0;0;0;0;0;0;-1;-1;-1;-1;-1;-1;-1;1;0;0;-1;-1;-1;-1;-1;-1;-1;-1;-1;-1;-1;-1;-1;20;45;70;70;90;25;55;75;55;7.5;1.6;4.2;3.05;Oulu;GrIFK;1.57;0.46;1.2;0.2;1.38;0.68;80;55;30;30;10;55;50;40;0;0;0;61;27;Y;Y;Y;N;N;N;Y
21780;423;420;2017;complete;97;23;-1;18,79,81;19;3;1;4;10;2;12;1;0;0;0;0;0;8;9;8;3;16;12;17;20;63;37;0;0;1.82;4.05;4.27;0;0;0;0;0;0;0;0;0;0;0;0;0;0;0;0;0;0;0;0;0;0;0;0;0;0;0;0;0;0;0;0;0;0;0;0;0;0;0;0;0;0;0;0;0;0;0;0;0;0;0;0;0;0;0;0;0;0;0;0;0;0;0;0;0;4;1;1;2;0;2;2;2017-09-16 13:00:00;423;0;47;14;23;0;-1;-1;-1;-1;-1;-1;-1;-1;0;0;0;0;0;0;-1;0;0;0;0;0;0;0;-1;-1;-1;-1;-1;-1;-1;1;0;0;-1;-1;-1;-1;-1;-1;-1;-1;-1;-1;-1;-1;-1;19;33;56;76;91;38;62;81;42;8.03;2.28;4.43;2.78;EIF;OPS;1.38;0.86;1.1;0.91;1.05;1.14;82;68;44;25;10;50;50;45;0;0;0;61;26;Y;Y;Y;Y;N;N;Y
21781;421;419;2017;complete;97;23;-1;39;42,87;1;2;3;6;4;10;-1;-1;-1;-1;-1;-1;2;3;0;0;2;3;-1;-1;51;49;-1;-1;1.37;5.29;9;0;0;0;0;0;0;0;0;0;0;0;0;0;0;0;0;0;0;0;0;0;0;0;0;0;0;0;0;0;0;0;0;0;0;0;0;0;0;0;0;0;0;0;0;0;0;0;0;0;0;0;0;0;0;0;0;0;0;0;0;0;0;0;0;0;3;1;1;0;1;1;2;2017-09-16 13:00:00;419;0;64;32;32;0;-1;-1;-1;-1;-1;-1;-1;-1;-1;-1;-1;-1;-1;-1;-1;0;0;0;0;0;0;0;-1;-1;-1;-1;-1;-1;-1;1;0;0;-1;-1;-1;-1;-1;-1;-1;-1;-1;-1;-1;-1;-1;9;27;64;82;96;46;78;73;41;9.84;1.72;4.6;2.82;KPV;Gnistan;1.86;0.79;2;0.73;1.82;0.77;91;73;36;18;5;60;51;46;0;0;0;61;27;Y;Y;Y;N;N;N;Y
21782;416;417;2017;complete;97;23;-1;56;57,82;1;2;3;4;8;12;0;0;0;0;0;0;5;9;4;9;9;18;0;0;48;52;0;0;3.76;3.72;2.02;0;0;0;0;0;0;0;0;0;0;0;0;0;0;0;0;0;0;0;0;0;0;0;0;0;0;0;0;0;0;0;0;0;0;0;0;0;0;0;0;0;0;0;0;0;0;0;0;0;0;0;0;0;0;0;0;0;0;0;0;0;0;0;0;0;3;0;0;1;2;3;0;2017-09-16 13:00:00;417;0;50;9;14;0;-1;-1;-1;-1;-1;-1;-1;-1;0;0;0;0;0;0;-1;0;0;0;0;0;0;0;-1;-1;-1;-1;-1;-1;-1;1;0;0;-1;-1;-1;-1;-1;-1;-1;-1;-1;-1;-1;-1;-1;9;23;45;78;91;32;78;82;32;12.75;3.27;3.95;2.55;Jaro;Honka;1.21;1.71;1.27;1.36;1.33;1.91;91;78;55;23;9;57;48;38;0;0;0;61;26;Y;Y;Y;N;N;N;Y
21783;424;420;2017;complete;97;24;-1;3,48;89,90;2;2;4;7;4;11;-1;-1;-1;-1;-1;-1;6;5;6;8;12;13;-1;-1;48;52;-1;-1;1.53;4.75;6.1;0;0;0;0;0;0;0;0;0;0;0;0;0;0;0;0;0;0;0;0;0;0;0;0;0;0;0;0;0;0;0;0;0;0;0;0;0;0;0;0;0;0;0;0;0;0;0;0;0;0;0;0;0;0;0;0;0;0;0;0;0;0;0;0;0;4;1;0;1;2;3;1;2017-09-19 15:30:00;-1;0;56;22;26;0;-1;-1;-1;-1;-1;-1;-1;-1;-1;-1;-1;-1;-1;-1;-1;0;0;0;0;0;0;0;-1;-1;-1;-1;-1;-1;-1;1;1;0;-1;-1;-1;-1;-1;-1;-1;-1;-1;-1;-1;-1;-1;17;39;69;83;92;48;79;78;47;8.73;0.81;4;3.07;Haka;OPS;1.62;0.86;1.73;0.83;1.43;1.09;83;62;31;18;9;55;55;45;0;0;0;61;26;Y;Y;Y;Y;N;N;Y
21784;415;416;2017;complete;97;24;-1;8,10,33;;3;0;3;5;3;8;0;4;2;1;0;0;9;2;14;7;23;9;11;12;47;53;2;1;1.52;4.35;7.07;0;0;0;0;0;0;0;0;0;0;0;0;0;0;0;0;0;0;0;0;0;0;0;0;0;0;0;0;0;0;0;0;0;0;0;0;0;0;0;0;0;0;0;0;0;0;0;0;0;0;0;0;0;0;0;0;0;0;0;0;0;0;0;0;0;3;3;0;0;0;0;3;2017-09-22 15:30:00;415;0;19;0;9;0;-1;1;-1;-1;-1;-1;-1;-1;1;1;1;0;2;1;-1;0;0;0;0;0;0;0;0;0;0;0;0;0;1;1;2;0;-1;-1;0;0;-1;-1;-1;-1;-1;-1;-1;-1;-1;9;19;45;64;86;14;49;77;41;10.33;1.13;2.59;2.26;TPS;Jaro;2.5;1.25;2.42;1.4;2.09;1.27;91;82;55;37;14;74;70;56;0;0;0;61;26;Y;Y;Y;N;N;N;N
21785;425;421;2017;complete;97;24;-1;41,74;64;2;1;3;2;3;5;2;5;2;3;0;2;6;3;2;7;8;10;11;12;53;47;2;7;2.87;3.55;2.5;0;0;0;0;0;0;0;0;0;0;0;0;0;0;0;0;0;0;0;0;0;0;0;0;0;0;0;0;0;0;0;0;0;0;0;0;0;0;0;0;0;0;0;0;0;0;0;0;0;0;0;0;0;0;0;0;0;0;0;0;0;0;0;0;0;3;1;0;1;1;2;1;2017-09-22 15:30:00;425;0;45;5;27;0;-1;1;-1;-1;-1;-1;-1;-1;2;2;0;3;4;3;-1;0;0;0;0;0;0;0;0;0;0;0;0;0;1;1;0;0;-1;-1;0;0;-1;-1;-1;-1;-1;-1;-1;-1;-1;0;23;55;69;91;18;50;78;45;8.72;1.45;4.47;2.36;Oulu;KPV;1.57;1.46;1.36;1.64;1.45;1.74;100;78;46;32;9;55;55;36;0;0;0;61;27;Y;Y;Y;N;N;N;Y
21786;422;417;2017;complete;97;24;-1;25;11,86;1;2;3;3;8;11;2;3;2;2;0;0;6;7;1;5;7;12;11;7;48;52;2;2;9.99;7.95;1.19;0;0;0;0;0;0;0;0;0;0;0;0;0;0;0;0;0;0;0;0;0;0;0;0;0;0;0;0;0;0;0;0;0;0;0;0;0;0;0;0;0;0;0;0;0;0;0;0;0;0;0;0;0;0;0;0;0;0;0;0;0;0;0;0;0;3;1;1;0;1;1;2;2017-09-22 15:30:00;417;0;46;17;17;0;-1;1;-1;-1;-1;-1;-1;-1;0;0;2;2;0;4;-1;0;0;0;0;0;0;0;0;0;0;0;0;0;1;1;0;0;-1;-1;0;0;-1;-1;-1;-1;-1;-1;-1;-1;-1;9;30;54;71;88;33;71;75;38;11.77;2.75;4.76;2.54;GrIFK;Honka;1.14;1.71;1.08;1.5;0.65;1.96;92;71;46;29;13;56;48;35;0;0;0;61;27;Y;Y;Y;N;N;N;Y
21787;423;419;2017;complete;97;24;-1;59;;1;0;1;4;3;7;-1;-1;2;3;0;0;4;4;12;7;16;11;-1;-1;48;52;2;3;1.86;3.84;4.3;0;0;0;0;0;0;0;0;0;0;0;0;0;0;0;0;0;0;0;0;0;0;0;0;0;0;0;0;0;0;0;0;0;0;0;0;0;0;0;0;0;0;0;0;0;0;0;0;0;0;0;0;0;0;0;0;0;0;0;0;0;0;0;0;0;1;0;0;1;0;1;0;2017-09-24 14:00:00;423;0;56;26;21;0;-1;1;-1;-1;-1;-1;-1;-1;1;1;1;2;2;3;-1;0;0;0;0;0;0;0;0;0;0;0;0;0;1;1;0;0;-1;-1;0;0;-1;-1;-1;-1;-1;-1;-1;-1;-1;9;26;52;78;96;39;74;79;39;9.42;1.42;3.55;2.6;EIF;Gnistan;1.38;0.79;1.27;0.92;1.14;0.87;92;74;49;22;5;62;53;45;0;0;0;61;27;Y;N;N;N;N;N;N
21788;419;422;2017;complete;97;25;-1;;62;0;1;1;7;11;18;0;3;3;4;0;0;9;5;7;11;16;16;16;16;44;56;3;4;1.6;4.28;5.78;0;0;0;0;0;0;0;0;0;0;0;0;0;0;0;0;0;0;0;0;0;0;0;0;0;0;0;0;0;0;0;0;0;0;0;0;0;0;0;0;0;0;0;0;0;0;0;0;0;0;0;0;0;0;0;0;0;0;0;0;0;0;0;0;0;1;0;0;0;1;1;0;2017-09-29 15:30:00;422;0;55;18;41;0;-1;1;-1;-1;-1;-1;-1;-1;0;1;3;3;1;6;-1;0;0;0;0;0;0;0;0;0;0;0;0;0;1;1;0;0;-1;-1;0;0;-1;-1;-1;-1;-1;-1;-1;-1;-1;27;37;59;78;91;32;69;78;50;7.09;2.45;4.36;3.05;Gnistan;GrIFK;0.77;0.46;0.82;0.18;0.83;0.63;73;64;41;23;9;73;64;46;0;0;0;61;27;Y;N;N;N;N;N;N
21789;421;423;2017;complete;97;25;-1;31,56,85;;3;0;3;7;2;9;-1;-1;-1;-1;-1;-1;11;3;6;4;17;7;-1;-1;53;47;-1;-1;1.66;4.17;5.3;0;0;0;0;0;0;0;0;0;0;0;0;0;0;0;0;0;0;0;0;0;0;0;0;0;0;0;0;0;0;0;0;0;0;0;0;0;0;0;0;0;0;0;0;0;0;0;0;0;0;0;0;0;0;0;0;0;0;0;0;0;0;0;0;0;3;1;0;2;0;2;1;2017-09-30 13:00:00;421;0;57;35;22;0;-1;-1;-1;-1;-1;-1;-1;-1;-1;-1;-1;-1;-1;-1;-1;0;0;0;0;0;0;0;-1;-1;-1;-1;-1;-1;-1;1;0;0;-1;-1;-1;-1;-1;-1;-1;-1;-1;-1;-1;-1;-1;13;26;66;83;92;52;66;83;35;9.5;1.44;4.15;2.92;KPV;EIF;1.86;0.86;1.83;1;1.67;1.22;87;74;35;17;9;50;50;40;0;0;0;61;27;Y;Y;Y;N;N;N;N
21790;420;415;2017;complete;97;25;-1;63;48,85;1;2;3;6;9;15;-1;-1;-1;-1;-1;-1;5;8;5;5;10;13;-1;-1;50;50;-1;-1;6.17;4.53;1.55;0;0;0;0;0;0;0;0;0;0;0;0;0;0;0;0;0;0;0;0;0;0;0;0;0;0;0;0;0;0;0;0;0;0;0;0;0;0;0;0;0;0;0;0;0;0;0;0;0;0;0;0;0;0;0;0;0;0;0;0;0;0;0;0;0;3;0;0;1;2;3;0;2017-09-30 14:00:00;415;0;53;33;20;0;-1;-1;-1;-1;-1;-1;-1;-1;-1;-1;-1;-1;-1;-1;-1;0;0;0;0;0;0;0;-1;-1;-1;-1;-1;-1;-1;1;0;0;-1;-1;-1;-1;-1;-1;-1;-1;-1;-1;-1;-1;-1;10;29;53;77;91;48;68;63;39;11.23;1.91;3.76;2.65;OPS;TPS;1.17;1.77;1.4;1.73;1.09;2.13;90;71;47;23;9;86;67;63;0;0;0;61;26;Y;Y;Y;N;N;N;Y
21791;417;425;2017;complete;97;25;-1;3,78,84,90;25;4;1;5;4;3;7;2;0;0;0;0;0;8;4;10;3;18;7;5;4;47;53;0;0;1.4;5.14;8.1;0;0;0;0;0;0;0;0;0;0;0;0;0;0;0;0;0;0;0;0;0;0;0;0;0;0;0;0;0;0;0;0;0;0;0;0;0;0;0;0;0;0;0;0;0;0;0;0;0;0;0;0;0;0;0;0;0;0;0;0;0;0;0;0;0;5;1;1;3;0;3;2;2017-09-30 14:00:00;417;0;55;27;27;0;-1;-1;-1;-1;-1;-1;-1;-1;0;0;0;0;0;0;-1;0;0;0;0;0;0;0;-1;-1;-1;-1;-1;-1;-1;1;1;0;-1;-1;-1;-1;-1;-1;-1;-1;-1;-1;-1;-1;-1;27;55;59;82;100;46;69;91;55;11.72;2.64;3.14;3.41;Honka;Oulu;2.38;1.54;2.45;1.55;2;1.52;73;46;41;18;0;69;46;36;0;0;0;61;27;Y;Y;Y;Y;Y;N;Y
21792;416;424;2017;complete;97;25;-1;19,49,68,89;57,63;4;2;6;4;7;11;-1;-1;-1;-1;-1;-1;9;7;7;7;16;14;-1;-1;51;49;-1;-1;1.94;3.71;4.07;0;0;0;0;0;0;0;0;0;0;0;0;0;0;0;0;0;0;0;0;0;0;0;0;0;0;0;0;0;0;0;0;0;0;0;0;0;0;0;0;0;0;0;0;0;0;0;0;0;0;0;0;0;0;0;0;0;0;0;0;0;0;0;0;0;6;1;0;3;2;5;1;2017-09-30 14:00:00;416;0;71;21;29;0;-1;-1;-1;-1;-1;-1;-1;-1;-1;-1;-1;-1;-1;-1;-1;0;0;0;0;0;0;0;-1;-1;-1;-1;-1;-1;-1;1;0;0;-1;-1;-1;-1;-1;-1;-1;-1;-1;-1;-1;-1;-1;13;29;46;88;96;34;79;79;46;10.42;3.84;3.25;2.84;Jaro;Haka;1.21;1;1.17;1.17;1.22;1.42;88;71;54;13;4;67;58;46;0;0;0;61;26;Y;Y;Y;Y;Y;Y;Y
21793;425;423;2017;complete;97;9;-1;35;55;1;1;2;4;4;8;5;2;0;0;0;0;3;3;4;4;7;7;16;8;62;38;0;0;1.61;4.27;5.75;0;0;0;0;0;0;0;0;0;0;0;0;0;0;0;0;0;0;0;0;0;0;0;0;0;0;0;0;0;0;0;0;0;0;0;0;0;0;0;0;0;0;0;0;0;0;0;0;0;0;0;0;0;0;0;0;0;0;0;0;0;0;0;0;0;2;1;0;0;1;1;1;2017-10-07 12:00:00;-1;0;50;17;25;0;-1;-1;-1;-1;-1;-1;-1;-1;0;0;0;0;0;0;-1;0;0;0;0;0;0;0;-1;-1;-1;-1;-1;-1;-1;1;0;0;-1;-1;-1;-1;-1;-1;-1;-1;-1;-1;-1;-1;-1;9;25;67;80;92;30;55;84;50;7.52;0.58;3.73;2.79;Oulu;EIF;1.57;0.86;1.5;0.92;1.46;1.17;92;75;33;21;8;44;39;30;0;0;0;61;27;Y;Y;N;N;N;N;Y
21794;420;417;2017;complete;97;26;-1;;4,13,30,38,48,55,57,73,80,87;0;10;10;2;9;11;1;3;0;0;0;0;3;14;4;8;7;22;12;5;32;68;0;0;6.57;5.44;1.44;0;0;0;0;0;0;0;0;0;0;0;0;0;0;0;0;0;0;0;0;0;0;0;0;0;0;0;0;0;0;0;0;0;0;0;0;0;0;0;0;0;0;0;0;0;0;0;0;0;0;0;0;0;0;0;0;0;0;0;0;0;0;0;0;0;10;0;4;0;6;6;4;2017-10-14 12:00:00;417;0;51;21;22;0;-1;-1;-1;-1;-1;-1;-1;-1;0;0;0;0;0;0;-1;0;0;0;0;0;0;0;-1;-1;-1;-1;-1;-1;-1;1;0;1;-1;-1;-1;-1;-1;-1;-1;-1;-1;-1;-1;-1;-1;9;26;64;80;96;37;71;84;44;11.97;1.36;4.57;2.79;OPS;Honka;1.17;1.71;1.27;1.62;1.04;2.04;91;75;37;20;4;71;62;62;0;0;0;61;26;Y;Y;Y;Y;Y;Y;N
21795;424;421;2017;complete;97;26;-1;4;20;1;1;2;1;3;4;-1;-1;-1;-1;-1;-1;2;2;0;0;2;2;-1;-1;50;50;-1;-1;2.53;3.77;2.7;0;0;0;0;0;0;0;0;0;0;0;0;0;0;0;0;0;0;0;0;0;0;0;0;0;0;0;0;0;0;0;0;0;0;0;0;0;0;0;0;0;0;0;0;0;0;0;0;0;0;0;0;0;0;0;0;0;0;0;0;0;0;0;0;0;2;1;1;0;0;0;2;2017-10-14 12:00:00;-1;0;50;9;29;0;-1;-1;-1;-1;-1;-1;-1;-1;-1;-1;-1;-1;-1;-1;-1;0;0;0;0;0;0;0;-1;-1;-1;-1;-1;-1;-1;1;1;0;-1;-1;-1;-1;-1;-1;-1;-1;-1;-1;-1;-1;-1;4;25;54;75;92;30;75;79;42;10.17;1.25;4.17;2.54;Haka;KPV;1.62;1.46;1.67;1.5;1.36;1.72;96;75;46;25;8;58;58;42;0;0;0;61;27;Y;Y;N;N;N;N;Y
21796;423;422;2017;complete;97;26;-1;39,90,90;46,62,76;3;3;6;5;6;11;2;2;0;0;0;0;7;6;2;8;9;14;16;10;54;46;0;0;1.52;4.87;5.95;0;0;0;0;0;0;0;0;0;0;0;0;0;0;0;0;0;0;0;0;0;0;0;0;0;0;0;0;0;0;0;0;0;0;0;0;0;0;0;0;0;0;0;0;0;0;0;0;0;0;0;0;0;0;0;0;0;0;0;0;0;0;0;0;0;6;1;0;2;3;5;1;2017-10-14 12:00:00;-1;0;42;13;29;0;-1;-1;-1;-1;-1;-1;-1;-1;0;0;0;0;0;0;-1;0;0;0;0;0;0;0;-1;-1;-1;-1;-1;-1;-1;1;0;0;-1;-1;-1;-1;-1;-1;-1;-1;-1;-1;-1;-1;-1;21;38;54;67;92;29;54;83;46;9.42;2.17;3.78;2.8;EIF;GrIFK;1.38;0.46;1.42;0.42;1.16;0.72;80;63;46;34;8;63;59;46;0;0;0;61;27;Y;Y;Y;Y;Y;Y;Y
21797;415;419;2017;complete;97;26;-1;19,22,90;43;3;1;4;10;4;14;0;2;0;0;0;0;7;3;13;3;20;6;11;9;49;51;0;0;1.22;7.17;9.99;0;0;0;0;0;0;0;0;0;0;0;0;0;0;0;0;0;0;0;0;0;0;0;0;0;0;0;0;0;0;0;0;0;0;0;0;0;0;0;0;0;0;0;0;0;0;0;0;0;0;0;0;0;0;0;0;0;0;0;0;0;0;0;0;0;4;2;1;1;0;1;3;2017-10-14 12:00:00;415;0;42;16;20;0;-1;-1;-1;-1;-1;-1;-1;-1;0;0;0;0;0;0;-1;0;0;0;0;0;0;0;-1;-1;-1;-1;-1;-1;-1;1;0;0;-1;-1;-1;-1;-1;-1;-1;-1;-1;-1;-1;-1;-1;8;19;58;77;96;27;74;77;42;9;0.54;3.08;2.62;TPS;Gnistan;2.5;0.79;2.46;0.85;2.16;0.8;92;81;42;23;4;58;46;31;0;0;0;61;27;Y;Y;Y;Y;N;N;Y
21798;416;425;2017;complete;97;26;-1;64;8,69,81;1;3;4;6;3;9;2;7;0;0;0;0;4;6;12;5;16;11;9;15;51;49;0;0;1.99;3.86;3.72;0;0;0;0;0;0;0;0;0;0;0;0;0;0;0;0;0;0;0;0;0;0;0;0;0;0;0;0;0;0;0;0;0;0;0;0;0;0;0;0;0;0;0;0;0;0;0;0;0;0;0;0;0;0;0;0;0;0;0;0;0;0;0;0;0;4;0;1;1;2;3;1;2017-10-14 12:00:00;425;0;64;21;28;0;-1;-1;-1;-1;-1;-1;-1;-1;0;0;0;0;0;0;-1;0;0;0;0;0;0;0;-1;-1;-1;-1;-1;-1;-1;1;0;1;-1;-1;-1;-1;-1;-1;-1;-1;-1;-1;-1;-1;-1;28;41;52;80;96;28;72;89;44;10.39;3.13;2.92;3.2;Jaro;Oulu;1.21;1.54;1.31;1.42;1.29;1.44;72;60;48;21;4;72;48;40;0;0;0;61;26;Y;Y;Y;Y;N;N;Y
21799;425;423;2017;complete;97;27;-1;49,86,90;43,90;3;2;5;7;4;11;0;4;1;2;0;0;9;4;6;3;15;7;5;13;61;39;1;2;1.7;4.24;4.86;0;0;1.47;0;0;0;0;0;0;0;0;0;0;0;0;0;0;0;0;0;0;0;0;0;0;0;0;0;0;0;0;0;0;0;0;0;0;0;0;0;0;0;0;0;0;0;0;0;0;0;0;0;0;0;0;0;0;0;0;0;0;0;0;0;0;5;0;1;3;1;4;1;2017-10-21 12:00:00;425;0;54;16;23;0;-1;1;-1;-1;-1;-1;-1;-1;0;1;1;1;1;2;-1;0;0;0;0;0;0;0;1;1;1;1;0;0;1;1;0;0;-1;-1;0;0;-1;-1;-1;-1;-1;-1;-1;-1;-1;8;23;62;81;92;27;58;85;46;7.56;1.07;3.42;2.73;Oulu;EIF;1.57;0.86;1.46;0.92;1.5;1.15;93;77;38;20;8;40;36;28;0;0;0;61;27;Y;Y;Y;Y;Y;N;Y
21800;419;416;2017;complete;97;27;-1;64;13;1;1;2;6;2;8;3;1;5;3;0;0;5;6;5;5;10;11;16;14;49;51;5;3;3.68;3.94;1.98;0;0;1.7;0;0;0;0;0;0;0;0;0;0;0;0;0;0;0;0;0;0;0;0;0;0;0;0;0;0;0;0;0;0;0;0;0;0;0;0;0;0;0;0;0;0;0;0;0;0;0;0;0;0;0;0;0;0;0;0;0;0;0;0;0;0;2;0;1;1;0;1;1;2017-10-21 12:00:00;-1;0;34;13;17;0;-1;1;-1;-1;-1;-1;-1;-1;3;2;2;1;5;3;-1;0;0;0;0;0;0;0;0;0;0;0;0;0;1;1;0;0;-1;-1;1;0;-1;-1;-1;-1;-1;-1;-1;-1;-1;13;18;39;66;87;30;56;70;31;8.88;2.34;4.02;2.26;Gnistan;Jaro;0.77;1.25;0.75;1.27;0.77;1.24;87;83;61;35;13;78;74;64;0;0;0;61;26;Y;Y;N;N;N;N;Y
21801;417;415;2017;complete;97;27;-1;51;82;1;1;2;8;5;13;0;0;1;3;0;0;5;7;3;4;8;11;7;12;57;43;1;3;2.03;3.73;3.71;0;0;2;0;0;0;0;0;0;0;0;0;0;0;0;0;0;0;0;0;0;0;0;0;0;0;0;0;0;0;0;0;0;0;0;0;0;0;0;0;0;0;0;0;0;0;0;0;0;0;0;0;0;0;0;0;0;0;0;0;0;0;0;0;0;2;0;0;1;1;2;0;2017-10-21 12:00:00;-1;0;59;33;25;0;-1;1;-1;-1;-1;-1;-1;-1;0;0;1;3;0;4;-1;0;0;0;0;0;0;0;0;0;0;0;0;0;1;1;0;0;-1;-1;0;0;-1;-1;-1;-1;-1;-1;-1;-1;-1;17;42;59;84;92;59;63;71;54;13.17;2.58;2.72;2.96;Honka;TPS;2.38;1.77;2.5;1.83;2.08;2.19;84;58;42;17;9;71;59;46;0;0;0;61;27;Y;Y;N;N;N;N;Y
21802;422;424;2017;complete;97;27;-1;46,70;66;2;1;3;5;4;9;-1;-1;3;1;0;0;6;3;11;5;17;8;-1;-1;47;53;3;1;4.12;4.35;1.79;0;0;1.39;0;0;0;0;0;0;0;0;0;0;0;0;0;0;0;0;0;0;0;0;0;0;0;0;0;0;0;0;0;0;0;0;0;0;0;0;0;0;0;0;0;0;0;0;0;0;0;0;0;0;0;0;0;0;0;0;0;0;0;0;0;0;3;0;0;2;1;3;0;2017-10-21 12:00:00;422;0;66;31;27;0;-1;1;-1;-1;-1;-1;-1;-1;1;0;2;1;1;3;-1;0;0;0;0;0;0;0;0;0;0;0;0;0;1;1;0;0;-1;-1;0;0;-1;-1;-1;-1;-1;-1;-1;-1;-1;15;38;54;81;93;38;81;73;46;9.53;3.38;4.37;2.93;GrIFK;Haka;1.14;1;1;1.08;0.73;1.35;85;62;46;19;8;66;58;43;0;0;0;61;27;Y;Y;Y;N;N;N;Y
21803;421;420;2017;complete;97;27;-1;86;83;1;1;2;7;1;8;3;4;1;2;0;0;10;5;10;6;20;11;5;12;54;46;1;2;1.3;6.38;9.4;0;0;1.42;0;0;0;0;0;0;0;0;0;0;0;0;0;0;0;0;0;0;0;0;0;0;0;0;0;0;0;0;0;0;0;0;0;0;0;0;0;0;0;0;0;0;0;0;0;0;0;0;0;0;0;0;0;0;0;0;0;0;0;0;0;0;2;0;0;1;1;2;0;2017-10-21 12:00:00;-1;0;62;31;31;0;-1;1;-1;-1;-1;-1;-1;-1;1;0;0;2;1;2;-1;0;0;0;0;0;0;0;0;0;0;0;0;0;1;1;0;0;-1;-1;0;0;-1;-1;-1;-1;-1;-1;-1;-1;-1;16;39;77;85;92;50;73;81;50;9.1;1.84;5.1;3.16;KPV;OPS;1.86;0.86;1.92;0.85;1.69;1;85;62;23;16;8;61;57;48;0;0;0;61;26;Y;Y;N;N;N;N;Y
