ID;HOMEID;AWAYID;SEASON;STATUS;ROUNDID;GAME_WEEK;REVISED_GAME_WEEK;HOMEGOALS;AWAYGOALS;HOMEGOALCOUNT;AWAYGOALCOUNT;TOTALGOALCOUNT;TEAM_A_CORNERS;TEAM_B_CORNERS;TOTALCORNERCOUNT;TEAM_A_OFFSIDES;TEAM_B_OFFSIDES;TEAM_A_YELLOW_CARDS;TEAM_B_YELLOW_CARDS;TEAM_A_RED_CARDS;TEAM_B_RED_CARDS;TEAM_A_SHOTSONTARGET;TEAM_B_SHOTSONTARGET;TEAM_A_SHOTSOFFTARGET;TEAM_B_SHOTSOFFTARGET;TEAM_A_SHOTS;TEAM_B_SHOTS;TEAM_A_FOULS;TEAM_B_FOULS;TEAM_A_POSSESSION;TEAM_B_POSSESSION;TEAM_A_CARDS_NUM;TEAM_B_CARDS_NUM;ODDS_FT_1;ODDS_FT_X;ODDS_FT_2;ODDS_FT_OVER05;ODDS_FT_OVER15;ODDS_FT_OVER25;ODDS_FT_OVER35;ODDS_FT_OVER45;ODDS_FT_UNDER05;ODDS_FT_UNDER15;ODDS_FT_UNDER25;ODDS_FT_UNDER35;ODDS_FT_UNDER45;ODDS_BTTS_YES;ODDS_BTTS_NO;ODDS_TEAM_A_CS_YES;ODDS_TEAM_A_CS_NO;ODDS_TEAM_B_CS_YES;ODDS_TEAM_B_CS_NO;ODDS_DOUBLECHANCE_1X;ODDS_DOUBLECHANCE_12;ODDS_DOUBLECHANCE_X2;ODDS_1ST_HALF_RESULT_1;ODDS_1ST_HALF_RESULT_X;ODDS_1ST_HALF_RESULT_2;ODDS_2ND_HALF_RESULT_1;ODDS_2ND_HALF_RESULT_X;ODDS_2ND_HALF_RESULT_2;ODDS_DNB_1;ODDS_DNB_2;ODDS_CORNERS_OVER_75;ODDS_CORNERS_OVER_85;ODDS_CORNERS_OVER_95;ODDS_CORNERS_OVER_105;ODDS_CORNERS_OVER_115;ODDS_CORNERS_UNDER_75;ODDS_CORNERS_UNDER_85;ODDS_CORNERS_UNDER_95;ODDS_CORNERS_UNDER_105;ODDS_CORNERS_UNDER_115;ODDS_CORNERS_1;ODDS_CORNERS_X;ODDS_CORNERS_2;ODDS_TEAM_TO_SCORE_FIRST_1;ODDS_TEAM_TO_SCORE_FIRST_X;ODDS_TEAM_TO_SCORE_FIRST_2;ODDS_WIN_TO_NIL_1;ODDS_WIN_TO_NIL_2;ODDS_1ST_HALF_OVER05;ODDS_1ST_HALF_OVER15;ODDS_1ST_HALF_OVER25;ODDS_1ST_HALF_OVER35;ODDS_1ST_HALF_UNDER05;ODDS_1ST_HALF_UNDER15;ODDS_1ST_HALF_UNDER25;ODDS_1ST_HALF_UNDER35;ODDS_2ND_HALF_OVER05;ODDS_2ND_HALF_OVER15;ODDS_2ND_HALF_OVER25;ODDS_2ND_HALF_OVER35;ODDS_2ND_HALF_UNDER05;ODDS_2ND_HALF_UNDER15;ODDS_2ND_HALF_UNDER25;ODDS_2ND_HALF_UNDER35;ODDS_BTTS_1ST_HALF_YES;ODDS_BTTS_1ST_HALF_NO;ODDS_BTTS_2ND_HALF_YES;ODDS_BTTS_2ND_HALF_NO;OVERALLGOALCOUNT;HT_GOALS_TEAM_A;HT_GOALS_TEAM_B;GOALS_2HG_TEAM_A;GOALS_2HG_TEAM_B;GOALCOUNT_2HG;HTGOALCOUNT;DATE_UNIX;WINNINGTEAM;NO_HOME_AWAY;BTTS_POTENTIAL;BTTS_FHG_POTENTIAL;BTTS_2HG_POTENTIAL;GOALTIMINGDISABLED;CORNER_TIMINGS_RECORDED;CARD_TIMINGS_RECORDED;TEAM_A_FH_CORNERS;TEAM_B_FH_CORNERS;TEAM_A_2H_CORNERS;TEAM_B_2H_CORNERS;CORNER_FH_COUNT;CORNER_2H_COUNT;TEAM_A_FH_CARDS;TEAM_B_FH_CARDS;TEAM_A_2H_CARDS;TEAM_B_2H_CARDS;TOTAL_FH_CARDS;TOTAL_2H_CARDS;ATTACKS_RECORDED;TEAM_A_DANGEROUS_ATTACKS;TEAM_B_DANGEROUS_ATTACKS;TEAM_A_ATTACKS;TEAM_B_ATTACKS;TEAM_A_XG;TEAM_B_XG;TOTAL_XG;TEAM_A_PENALTIES_WON;TEAM_B_PENALTIES_WON;TEAM_A_PENALTY_GOALS;TEAM_B_PENALTY_GOALS;TEAM_A_PENALTY_MISSED;TEAM_B_PENALTY_MISSED;PENS_RECORDED;GOAL_TIMINGS_RECORDED;TEAM_A_0_10_MIN_GOALS;TEAM_B_0_10_MIN_GOALS;TEAM_A_CORNERS_0_10_MIN;TEAM_B_CORNERS_0_10_MIN;TEAM_A_CARDS_0_10_MIN;TEAM_B_CARDS_0_10_MIN;THROWINS_RECORDED;TEAM_A_THROWINS;TEAM_B_THROWINS;FREEKICKS_RECORDED;TEAM_A_FREEKICKS;TEAM_B_FREEKICKS;GOALKICKS_RECORDED;TEAM_A_GOALKICKS;TEAM_B_GOALKICKS;O45_POTENTIAL;O35_POTENTIAL;O25_POTENTIAL;O15_POTENTIAL;O05_POTENTIAL;O15HT_POTENTIAL;O05HT_POTENTIAL;O05_2H_POTENTIAL;O15_2H_POTENTIAL;CORNERS_POTENTIAL;OFFSIDES_POTENTIAL;CARDS_POTENTIAL;AVG_POTENTIAL;HOME_NAME;AWAY_NAME;HOME_PPG;AWAY_PPG;PRE_MATCH_HOME_PPG;PRE_MATCH_AWAY_PPG;PRE_MATCH_TEAMA_OVERALL_PPG;PRE_MATCH_TEAMB_OVERALL_PPG;U45_POTENTIAL;U35_POTENTIAL;U25_POTENTIAL;U15_POTENTIAL;U05_POTENTIAL;CORNERS_O85_POTENTIAL;CORNERS_O95_POTENTIAL;CORNERS_O105_POTENTIAL;TEAM_A_XG_PREMATCH;TEAM_B_XG_PREMATCH;TOTAL_XG_PREMATCH;COMPETITION_ID;MATCHES_COMPLETED_MINIMUM;OVER05;OVER15;OVER25;OVER35;OVER45;OVER55;BTTS
21804;424;415;2016;complete;98;0;-1;40,76;71;2;1;3;-1;-1;-1;-1;-1;1;1;0;0;-1;-1;-1;-1;-1;-1;-1;-1;-1;-1;1;1;2.13;3.59;3.55;0;0;0;0;0;0;0;0;0;0;0;0;0;0;0;0;0;0;0;0;0;0;0;0;0;0;0;0;0;0;0;0;0;0;0;0;0;0;0;0;0;0;0;0;0;0;0;0;0;0;0;0;0;0;0;0;0;0;0;0;0;0;0;0;0;3;1;0;1;1;2;1;2016-04-24 13:00:00;424;0;0;0;0;0;-1;1;-1;-1;-1;-1;-1;-1;0;1;1;0;1;1;-1;0;0;0;0;0;0;0;0;0;0;0;0;0;1;1;0;0;-1;-1;0;0;-1;-1;-1;-1;-1;-1;-1;-1;-1;0;0;0;0;0;0;0;0;0;0;0;0;0;Haka;TPS;1.69;1.77;0;0;0;0;0;0;0;0;0;0;0;0;0;0;0;62;27;Y;Y;Y;N;N;N;Y
21805;421;423;2016;complete;98;0;-1;11,34;;2;0;2;6;4;10;7;1;2;1;0;0;7;2;4;4;11;6;17;10;51;49;2;1;1.69;4.06;5.2;0;0;0;0;0;0;0;0;0;0;0;0;0;0;0;0;0;0;0;0;0;0;0;0;0;0;0;0;0;0;0;0;0;0;0;0;0;0;0;0;0;0;0;0;0;0;0;0;0;0;0;0;0;0;0;0;0;0;0;0;0;0;0;0;0;2;2;0;0;0;0;2;2016-04-24 13:00:00;421;0;0;0;0;0;-1;1;-1;-1;-1;-1;-1;-1;0;1;2;0;1;2;-1;0;0;0;0;0;0;0;0;0;0;0;0;0;1;1;0;0;-1;-1;0;0;-1;-1;-1;-1;-1;-1;-1;-1;-1;0;0;0;0;0;0;0;0;0;0;0;0;0;KPV;EIF;1.46;0.86;0;0;0;0;0;0;0;0;0;0;0;0;0;0;0;62;27;Y;Y;N;N;N;N;N
21806;426;403;2016;complete;98;0;-1;41;71;1;1;2;-1;-1;-1;-1;-1;1;1;0;0;-1;-1;-1;-1;-1;-1;-1;-1;-1;-1;1;1;2.11;3.53;3.67;0;0;0;0;0;0;0;0;0;0;0;0;0;0;0;0;0;0;0;0;0;0;0;0;0;0;0;0;0;0;0;0;0;0;0;0;0;0;0;0;0;0;0;0;0;0;0;0;0;0;0;0;0;0;0;0;0;0;0;0;0;0;0;0;0;2;1;0;0;1;1;1;2016-04-24 13:00:00;-1;0;0;0;0;0;-1;1;-1;-1;-1;-1;-1;-1;0;1;1;0;1;1;-1;0;0;0;0;0;0;0;0;0;0;0;0;0;1;1;0;0;-1;-1;0;0;-1;-1;-1;-1;-1;-1;-1;-1;-1;0;0;0;0;0;0;0;0;0;0;0;0;0;KTP;JJK;1.07;1.62;0;0;0;0;0;0;0;0;0;0;0;0;0;0;0;62;27;Y;Y;N;N;N;N;Y
21807;422;425;2016;complete;98;0;-1;25;;1;0;1;4;4;8;5;0;3;1;1;0;0;3;4;7;4;10;10;12;34;66;4;1;2.98;3.49;2.45;0;0;0;0;0;0;0;0;0;0;0;0;0;0;0;0;0;0;0;0;0;0;0;0;0;0;0;0;0;0;0;0;0;0;0;0;0;0;0;0;0;0;0;0;0;0;0;0;0;0;0;0;0;0;0;0;0;0;0;0;0;0;0;0;0;1;1;0;0;0;0;1;2016-04-24 13:00:00;422;0;0;0;0;0;-1;1;-1;-1;-1;-1;-1;-1;1;0;3;1;1;4;-1;0;0;0;0;0;0;0;0;0;0;0;0;0;1;1;0;0;-1;-1;0;0;-1;-1;-1;-1;-1;-1;-1;-1;-1;0;0;0;0;0;0;0;0;0;0;0;0;0;GrIFK;Oulu;2;1.23;0;0;0;0;0;0;0;0;0;0;0;0;0;0;0;62;27;Y;N;N;N;N;N;N
21808;416;415;2016;complete;98;0;-1;19;71;1;1;2;4;7;11;4;0;1;2;0;0;4;6;3;5;7;11;9;17;56;44;1;2;1.79;3.79;4.79;0;0;0;0;0;0;0;0;0;0;0;0;0;0;0;0;0;0;0;0;0;0;0;0;0;0;0;0;0;0;0;0;0;0;0;0;0;0;0;0;0;0;0;0;0;0;0;0;0;0;0;0;0;0;0;0;0;0;0;0;0;0;0;0;0;2;1;0;0;1;1;1;2016-04-29 15:30:00;-1;0;50;0;50;0;-1;1;-1;-1;-1;-1;-1;-1;1;1;0;1;2;1;-1;0;0;0;0;0;0;0;0;0;0;0;0;0;1;1;0;0;-1;-1;0;0;-1;-1;-1;-1;-1;-1;-1;-1;-1;0;0;50;50;50;0;50;50;50;0;0;1;1.5;Jaro;TPS;1.43;1.77;0;0;0;0;50;50;0;0;0;0;0;0;0;0;0;62;27;Y;Y;N;N;N;N;Y
21809;421;422;2016;complete;98;0;-1;3,31,33;;3;0;3;-1;-1;-1;-1;-1;1;0;0;0;-1;-1;-1;-1;-1;-1;-1;-1;-1;-1;1;0;1.56;4.27;6.52;0;0;0;0;0;0;0;0;0;0;0;0;0;0;0;0;0;0;0;0;0;0;0;0;0;0;0;0;0;0;0;0;0;0;0;0;0;0;0;0;0;0;0;0;0;0;0;0;0;0;0;0;0;0;0;0;0;0;0;0;0;0;0;0;0;3;3;0;0;0;0;3;2016-04-29 15:30:00;421;0;0;0;0;0;-1;1;-1;-1;-1;-1;-1;-1;0;0;1;0;0;1;-1;0;0;0;0;0;0;0;0;0;0;0;0;0;1;1;1;0;-1;-1;0;0;-1;-1;-1;-1;-1;-1;-1;-1;-1;0;0;0;50;50;50;50;0;0;6;7;2;1;KPV;GrIFK;1.46;0.71;3;0;3;3;50;50;50;0;0;50;50;0;0;0;0;62;27;Y;Y;Y;N;N;N;N
21810;426;425;2016;complete;98;0;-1;15;62;1;1;2;4;4;8;6;0;3;2;0;0;6;5;3;7;9;12;15;12;51;49;3;2;2.07;3.41;3.95;0;0;0;0;0;0;0;0;0;0;0;0;0;0;0;0;0;0;0;0;0;0;0;0;0;0;0;0;0;0;0;0;0;0;0;0;0;0;0;0;0;0;0;0;0;0;0;0;0;0;0;0;0;0;0;0;0;0;0;0;0;0;0;0;0;2;1;0;0;1;1;1;2016-04-29 15:30:00;-1;0;50;0;0;0;-1;1;-1;-1;-1;-1;-1;-1;1;0;2;2;1;4;-1;0;0;0;0;0;0;0;1;0;1;0;0;0;1;1;0;0;-1;-1;0;0;-1;-1;-1;-1;-1;-1;-1;-1;-1;0;0;0;50;100;0;100;50;0;4;0;2;1.5;KTP;Oulu;1.07;1.23;1;0;1;0;100;100;100;50;0;0;0;0;0;0;0;62;27;Y;Y;N;N;N;N;Y
21811;403;423;2016;complete;98;0;-1;42,59,63;;3;0;3;4;4;8;2;7;0;3;0;0;5;9;8;2;13;11;12;12;46;54;0;3;1.71;3.94;5.18;0;0;0;0;0;0;0;0;0;0;0;0;0;0;0;0;0;0;0;0;0;0;0;0;0;0;0;0;0;0;0;0;0;0;0;0;0;0;0;0;0;0;0;0;0;0;0;0;0;0;0;0;0;0;0;0;0;0;0;0;0;0;0;0;0;3;1;0;2;0;2;1;2016-04-29 15:30:00;403;0;0;0;0;0;-1;1;-1;-1;-1;-1;-1;-1;0;1;0;2;1;2;-1;0;0;0;0;0;0;0;1;0;1;0;0;0;1;1;0;0;-1;-1;0;0;-1;-1;-1;-1;-1;-1;-1;-1;-1;0;0;0;50;50;50;50;0;0;4;1;1;1;JJK;EIF;2.21;0.86;0;0;1;0;50;50;50;0;0;50;50;0;0;0;0;62;27;Y;Y;Y;N;N;N;N
21812;427;424;2016;complete;98;0;-1;3;53,65;1;2;3;2;4;6;1;2;1;1;0;0;0;7;4;7;4;14;15;8;46;54;1;1;3.17;3.59;2.29;0;0;0;0;0;0;0;0;0;0;0;0;0;0;0;0;0;0;0;0;0;0;0;0;0;0;0;0;0;0;0;0;0;0;0;0;0;0;0;0;0;0;0;0;0;0;0;0;0;0;0;0;0;0;0;0;0;0;0;0;0;0;0;0;0;3;1;0;0;2;2;1;2016-04-29 15:30:00;424;0;0;0;0;0;-1;1;-1;-1;-1;-1;-1;-1;0;1;1;0;1;1;-1;0;0;0;0;0;0;0;0;0;0;0;0;0;1;1;1;0;-1;-1;0;0;-1;-1;-1;-1;-1;-1;-1;-1;-1;0;0;0;0;0;0;0;0;0;0;0;0;0;Jazz;Haka;0.85;0.71;0;0;0;3;0;0;0;0;0;0;0;0;0;0;0;62;27;Y;Y;Y;N;N;N;Y
21813;422;426;2016;complete;98;0;-1;2;67;1;1;2;10;7;17;1;2;3;4;0;0;9;13;12;5;21;18;14;14;42;58;3;4;3.27;3.54;2.26;0;0;0;0;0;0;0;0;0;0;0;0;0;0;0;0;0;0;0;0;0;0;0;0;0;0;0;0;0;0;0;0;0;0;0;0;0;0;0;0;0;0;0;0;0;0;0;0;0;0;0;0;0;0;0;0;0;0;0;0;0;0;0;0;0;2;1;0;0;1;1;1;2016-05-04 15:30:00;-1;0;0;0;0;0;-1;1;-1;-1;-1;-1;-1;-1;2;2;1;2;4;3;-1;0;0;0;0;0;0;0;0;0;0;0;0;0;1;1;1;0;-1;-1;0;0;-1;-1;-1;-1;-1;-1;-1;-1;-1;0;0;0;0;50;0;50;0;0;4;5;4;0.5;GrIFK;KTP;2;1;3;0;1.5;1;50;50;50;50;0;0;0;0;0;0;0;62;27;Y;Y;N;N;N;N;Y
21814;425;416;2016;complete;98;0;-1;;79;0;1;1;6;14;20;1;3;3;2;0;0;0;4;4;7;4;11;20;20;40;60;3;2;4.04;3.33;2.07;0;0;0;0;0;0;0;0;0;0;0;0;0;0;0;0;0;0;0;0;0;0;0;0;0;0;0;0;0;0;0;0;0;0;0;0;0;0;0;0;0;0;0;0;0;0;0;0;0;0;0;0;0;0;0;0;0;0;0;0;0;0;0;0;0;1;0;0;0;1;1;0;2016-05-04 15:30:00;416;0;0;0;0;0;-1;1;-1;-1;-1;-1;-1;-1;1;2;2;0;3;2;-1;0;0;0;0;0;0;0;0;0;0;0;0;0;1;1;0;0;-1;-1;1;0;-1;-1;-1;-1;-1;-1;-1;-1;-1;0;0;0;0;0;0;0;0;0;0;0;0;0;Oulu;Jaro;1.79;1.92;0;0;0.5;1;0;0;0;0;0;0;0;0;0;0;0;62;27;Y;N;N;N;N;N;N
21815;424;421;2016;complete;98;0;-1;;32,76,86;0;3;3;-1;-1;-1;-1;-1;2;1;2;0;-1;-1;-1;-1;-1;-1;-1;-1;-1;-1;6;1;1.95;3.71;4.03;0;0;0;0;0;0;0;0;0;0;0;0;0;0;0;0;0;0;0;0;0;0;0;0;0;0;0;0;0;0;0;0;0;0;0;0;0;0;0;0;0;0;0;0;0;0;0;0;0;0;0;0;0;0;0;0;0;0;0;0;0;0;0;0;0;3;0;1;0;2;2;1;2016-05-04 15:30:00;421;0;50;0;50;0;-1;1;-1;-1;-1;-1;-1;-1;1;1;3;0;2;3;-1;0;0;0;0;0;0;0;0;0;0;0;0;0;1;1;0;0;-1;-1;0;0;-1;-1;-1;-1;-1;-1;-1;-1;-1;0;0;50;50;50;0;50;50;50;0;0;1;1.5;Haka;KPV;1.69;1.43;3;0;3;3;50;50;0;0;0;0;0;0;0;0;0;62;27;Y;Y;Y;N;N;N;N
21816;423;427;2016;complete;98;0;-1;59,65,77;62,86;3;2;5;-1;-1;-1;-1;-1;2;1;0;0;-1;-1;-1;-1;-1;-1;-1;-1;-1;-1;2;1;2.31;3.47;3.24;0;0;0;0;0;0;0;0;0;0;0;0;0;0;0;0;0;0;0;0;0;0;0;0;0;0;0;0;0;0;0;0;0;0;0;0;0;0;0;0;0;0;0;0;0;0;0;0;0;0;0;0;0;0;0;0;0;0;0;0;0;0;0;0;0;5;0;0;3;2;5;0;2016-05-04 15:30:00;423;0;0;0;0;0;-1;1;-1;-1;-1;-1;-1;-1;1;1;1;0;2;1;-1;0;0;0;0;0;0;0;0;0;0;0;0;0;1;1;0;0;-1;-1;0;0;-1;-1;-1;-1;-1;-1;-1;-1;-1;0;0;0;0;0;0;0;0;0;0;0;0;0;EIF;Jazz;1.46;0.64;0;0;0;0;0;0;0;0;0;0;0;0;0;0;0;62;27;Y;Y;Y;Y;Y;N;Y
21817;426;423;2016;complete;98;0;-1;28;38,81;1;2;3;8;6;14;3;2;3;1;0;0;4;8;3;7;7;15;16;8;56;44;3;1;1.7;4.04;5.15;0;0;0;0;0;0;0;0;0;0;0;0;0;0;0;0;0;0;0;0;0;0;0;0;0;0;0;0;0;0;0;0;0;0;0;0;0;0;0;0;0;0;0;0;0;0;0;0;0;0;0;0;0;0;0;0;0;0;0;0;0;0;0;0;0;3;1;1;0;1;1;2;2016-05-08 12:00:00;423;0;50;0;0;0;-1;1;-1;-1;-1;-1;-1;-1;1;0;2;1;1;3;-1;0;0;0;0;0;0;0;0;0;0;0;0;0;1;1;0;0;-1;-1;0;0;-1;-1;-1;-1;-1;-1;-1;-1;-1;0;0;25;100;100;25;100;75;25;8;6.5;4;2.25;KTP;EIF;1.07;0.86;1;0;1;1;100;100;75;0;0;25;25;0;0;0;0;62;27;Y;Y;Y;N;N;N;Y
21818;403;422;2016;complete;98;0;-1;77;;1;0;1;8;4;12;1;6;0;1;0;0;7;4;10;6;17;10;8;13;61;39;0;1;1.76;3.89;4.9;0;0;0;0;0;0;0;0;0;0;0;0;0;0;0;0;0;0;0;0;0;0;0;0;0;0;0;0;0;0;0;0;0;0;0;0;0;0;0;0;0;0;0;0;0;0;0;0;0;0;0;0;0;0;0;0;0;0;0;0;0;0;0;0;0;1;0;0;1;0;1;0;2016-05-08 12:00:00;403;0;0;0;0;0;-1;1;-1;-1;-1;-1;-1;-1;0;0;0;1;0;1;-1;0;0;0;0;0;0;0;0;0;0;0;0;0;1;1;0;0;-1;-1;0;0;-1;-1;-1;-1;-1;-1;-1;-1;-1;0;0;100;100;100;50;100;50;50;4;1;0;3;JJK;GrIFK;2.21;0.71;3;0;2;1.33;100;100;0;0;0;0;0;0;0;0;0;62;27;Y;N;N;N;N;N;N
21819;425;427;2016;complete;98;0;-1;30,37,67,76;42;4;1;5;7;8;15;3;2;2;3;0;0;4;4;2;1;6;5;13;16;54;46;2;3;1.93;3.67;4.21;0;0;0;0;0;0;0;0;0;0;0;0;0;0;0;0;0;0;0;0;0;0;0;0;0;0;0;0;0;0;0;0;0;0;0;0;0;0;0;0;0;0;0;0;0;0;0;0;0;0;0;0;0;0;0;0;0;0;0;0;0;0;0;0;0;5;2;1;2;0;2;3;2016-05-08 12:00:00;425;0;50;0;50;0;-1;1;-1;-1;-1;-1;-1;-1;1;1;1;2;2;3;-1;0;0;0;0;0;0;0;2;0;2;0;0;0;1;1;0;0;-1;-1;0;0;-1;-1;-1;-1;-1;-1;-1;-1;-1;50;50;50;50;100;0;0;100;50;6;0;4;3;Oulu;Jazz;1.79;0.64;0;0;0.33;0;50;50;50;50;0;50;50;50;0;0;0;62;27;Y;Y;Y;Y;Y;N;Y
21820;416;424;2016;complete;98;0;-1;;;0;0;0;7;1;8;7;2;0;1;0;0;4;2;11;3;15;5;12;16;56;44;0;1;1.7;3.93;5.3;0;0;0;0;0;0;0;0;0;0;0;0;0;0;0;0;0;0;0;0;0;0;0;0;0;0;0;0;0;0;0;0;0;0;0;0;0;0;0;0;0;0;0;0;0;0;0;0;0;0;0;0;0;0;0;0;0;0;0;0;0;0;0;0;0;0;0;0;0;0;0;0;2016-05-08 12:00:00;-1;0;100;0;0;0;-1;1;-1;-1;-1;-1;-1;-1;0;0;0;1;0;1;-1;0;0;0;0;0;0;0;0;0;0;0;0;0;1;1;0;0;-1;-1;0;0;-1;-1;-1;-1;-1;-1;-1;-1;-1;0;0;50;100;100;0;100;100;50;8;6;2;2.5;Jaro;Haka;1.43;0.71;1;3;2;2;100;100;50;0;0;50;50;50;0;0;0;62;27;N;N;N;N;N;N;N
21821;427;426;2016;complete;98;0;-1;1,22,90;23,33,51,69;3;4;7;5;6;11;2;2;1;1;0;0;3;0;5;4;8;4;10;12;44;56;1;1;2.89;3.48;2.52;0;0;0;0;0;0;0;0;0;0;0;0;0;0;0;0;0;0;0;0;0;0;0;0;0;0;0;0;0;0;0;0;0;0;0;0;0;0;0;0;0;0;0;0;0;0;0;0;0;0;0;0;0;0;0;0;0;0;0;0;0;0;0;0;0;7;2;2;1;2;3;4;2016-05-14 13:00:00;426;0;100;0;0;0;-1;1;-1;-1;-1;-1;-1;-1;1;0;0;1;1;1;-1;0;0;0;0;0;0;0;0;0;0;0;0;0;1;1;1;0;-1;-1;0;0;-1;-1;-1;-1;-1;-1;-1;-1;-1;0;0;50;100;100;0;100;100;50;9;3;5;2.5;Jazz;KTP;0.85;1;0;1;0;0.75;100;100;50;0;0;50;50;50;0;0;0;62;27;Y;Y;Y;Y;Y;Y;Y
21822;421;425;2016;complete;98;0;-1;26,45;56,59;2;2;4;3;10;13;2;0;3;1;0;0;4;8;9;7;13;15;18;10;46;54;3;1;1.7;3.77;5.62;0;0;0;0;0;0;0;0;0;0;0;0;0;0;0;0;0;0;0;0;0;0;0;0;0;0;0;0;0;0;0;0;0;0;0;0;0;0;0;0;0;0;0;0;0;0;0;0;0;0;0;0;0;0;0;0;0;0;0;0;0;0;0;0;0;4;2;0;0;2;2;2;2016-05-14 13:00:00;-1;0;25;0;0;0;-1;1;-1;-1;-1;-1;-1;-1;2;0;1;1;2;2;-1;0;0;0;0;0;0;0;0;0;0;0;0;0;1;1;0;0;-1;-1;0;0;-1;-1;-1;-1;-1;-1;-1;-1;-1;0;0;25;75;100;50;100;25;0;10;3;3;2;KPV;Oulu;1.46;1.23;3;0.5;3;1;100;100;75;25;0;50;50;0;0;0;0;62;27;Y;Y;Y;Y;N;N;Y
21823;422;415;2016;complete;98;0;-1;36;;1;0;1;5;6;11;4;1;0;2;0;0;5;4;5;5;10;9;11;22;49;51;0;2;3.2;3.32;2.4;0;0;0;0;0;0;0;0;0;0;0;0;0;0;0;0;0;0;0;0;0;0;0;0;0;0;0;0;0;0;0;0;0;0;0;0;0;0;0;0;0;0;0;0;0;0;0;0;0;0;0;0;0;0;0;0;0;0;0;0;0;0;0;0;0;1;1;0;0;0;0;1;2016-05-15 15:30:00;422;0;75;0;25;0;-1;1;-1;-1;-1;-1;-1;-1;0;0;0;2;0;2;-1;0;0;0;0;0;0;0;0;0;0;0;0;0;1;1;0;0;-1;-1;0;0;-1;-1;-1;-1;-1;-1;-1;-1;-1;0;0;25;75;100;0;100;75;25;14;2.5;5;2;GrIFK;TPS;2;1.77;2;0.5;1;0.5;100;100;75;25;0;75;75;75;0;0;0;62;27;Y;N;N;N;N;N;N
21824;423;424;2016;complete;98;0;-1;14;37;1;1;2;-1;-1;-1;-1;-1;4;4;0;0;-1;-1;-1;-1;-1;-1;-1;-1;-1;-1;4;4;3.18;3.61;2.28;0;0;0;0;0;0;0;0;0;0;0;0;0;0;0;0;0;0;0;0;0;0;0;0;0;0;0;0;0;0;0;0;0;0;0;0;0;0;0;0;0;0;0;0;0;0;0;0;0;0;0;0;0;0;0;0;0;0;0;0;0;0;0;0;0;2;1;1;0;0;0;2;2016-05-16 15:30:00;-1;0;75;0;50;0;-1;1;-1;-1;-1;-1;-1;-1;1;1;3;3;2;6;-1;0;0;0;0;0;0;0;0;0;0;0;0;0;1;1;0;0;-1;-1;0;0;-1;-1;-1;-1;-1;-1;-1;-1;-1;50;50;75;75;75;0;25;75;75;2.5;1;3;3.25;EIF;Haka;1.46;0.71;3;2;1.5;1.75;50;50;25;25;25;0;0;0;0;0;0;62;27;Y;Y;N;N;N;N;Y
21825;403;416;2016;complete;98;0;-1;65;2;1;1;2;-1;-1;-1;-1;-1;0;2;0;0;-1;-1;-1;-1;-1;-1;-1;-1;-1;-1;0;2;3.1;3.31;2.47;0;0;0;0;0;0;0;0;0;0;0;0;0;0;0;0;0;0;0;0;0;0;0;0;0;0;0;0;0;0;0;0;0;0;0;0;0;0;0;0;0;0;0;0;0;0;0;0;0;0;0;0;0;0;0;0;0;0;0;0;0;0;0;0;0;2;0;1;1;0;1;1;2016-05-16 15:30:00;-1;0;0;0;0;0;-1;1;-1;-1;-1;-1;-1;-1;0;1;0;1;1;1;-1;0;0;0;0;0;0;0;0;0;0;0;0;0;1;1;0;1;-1;-1;0;0;-1;-1;-1;-1;-1;-1;-1;-1;-1;0;0;25;25;100;0;25;100;25;20;4.5;2;1.5;JJK;Jaro;2.21;1.92;3;3;2.33;1.67;100;100;75;75;0;75;75;75;0;0;0;62;27;Y;Y;N;N;N;N;Y
21826;415;426;2016;complete;98;0;-1;2,85;42,69,71,72,90;2;5;7;11;3;14;1;8;2;1;0;0;3;2;5;3;8;5;25;11;49;51;2;1;2.1;3.51;3.72;0;0;0;0;0;0;0;0;0;0;0;0;0;0;0;0;0;0;0;0;0;0;0;0;0;0;0;0;0;0;0;0;0;0;0;0;0;0;0;0;0;0;0;0;0;0;0;0;0;0;0;0;0;0;0;0;0;0;0;0;0;0;0;0;0;7;1;1;1;4;5;2;2016-05-20 15:30:00;426;0;50;25;25;0;-1;1;-1;-1;-1;-1;-1;-1;0;0;2;1;0;3;-1;0;0;0;0;0;0;0;0;1;0;1;0;0;1;1;1;0;-1;-1;0;0;-1;-1;-1;-1;-1;-1;-1;-1;-1;25;25;25;50;50;25;50;50;25;6.5;2;2.5;2.25;TPS;KTP;2;1;0;2;0.33;1.2;25;25;25;0;0;50;50;50;0;0;0;62;27;Y;Y;Y;Y;Y;Y;Y
21827;416;421;2016;complete;98;0;-1;;60;0;1;1;5;6;11;0;1;2;2;0;0;6;3;7;2;13;5;16;14;64;36;2;2;2;3.54;4.04;0;0;0;0;0;0;0;0;0;0;0;0;0;0;0;0;0;0;0;0;0;0;0;0;0;0;0;0;0;0;0;0;0;0;0;0;0;0;0;0;0;0;0;0;0;0;0;0;0;0;0;0;0;0;0;0;0;0;0;0;0;0;0;0;0;1;0;0;0;1;1;0;2016-05-21 11:00:00;421;0;25;0;0;0;-1;1;-1;-1;-1;-1;-1;-1;2;1;0;1;3;1;-1;0;0;0;0;0;0;0;0;0;0;0;0;0;1;1;0;0;-1;-1;0;0;-1;-1;-1;-1;-1;-1;-1;-1;-1;0;0;50;75;75;0;75;75;50;5.5;4.5;1.5;2;Jaro;KPV;1.43;1.43;1;3;1.5;2.5;100;100;50;25;25;25;25;25;0;0;0;62;27;Y;N;N;N;N;N;N
21828;424;425;2016;complete;98;0;-1;12,72;13,24;2;2;4;-1;-1;-1;-1;-1;2;1;0;0;-1;-1;-1;-1;-1;-1;-1;-1;-1;-1;2;1;1.97;3.64;4.04;0;0;0;0;0;0;0;0;0;0;0;0;0;0;0;0;0;0;0;0;0;0;0;0;0;0;0;0;0;0;0;0;0;0;0;0;0;0;0;0;0;0;0;0;0;0;0;0;0;0;0;0;0;0;0;0;0;0;0;0;0;0;0;0;0;4;1;2;1;0;1;3;2016-05-21 13:00:00;-1;0;59;0;25;0;-1;1;-1;-1;-1;-1;-1;-1;1;0;1;1;1;2;-1;0;0;0;0;0;0;0;1;1;1;1;0;0;1;1;0;0;-1;-1;0;0;-1;-1;-1;-1;-1;-1;-1;-1;-1;0;17;67;84;100;17;100;84;67;6;0;4.83;2.67;Haka;Oulu;1.69;1.23;1.5;0.67;1.6;1;100;84;34;17;0;17;17;17;0;0;0;62;27;Y;Y;Y;Y;N;N;Y
21829;427;403;2016;complete;98;0;-1;45,90;64,75;2;2;4;4;5;9;7;4;2;1;0;0;3;4;2;4;5;8;16;6;44;56;2;1;3.35;3.61;2.21;0;0;0;0;0;0;0;0;0;0;0;0;0;0;0;0;0;0;0;0;0;0;0;0;0;0;0;0;0;0;0;0;0;0;0;0;0;0;0;0;0;0;0;0;0;0;0;0;0;0;0;0;0;0;0;0;0;0;0;0;0;0;0;0;0;4;1;0;1;2;3;1;2016-05-21 13:00:00;-1;0;100;25;25;0;-1;1;-1;-1;-1;-1;-1;-1;0;0;2;1;0;3;-1;0;0;0;0;0;0;0;0;0;0;0;0;0;1;1;0;0;-1;-1;0;0;-1;-1;-1;-1;-1;-1;-1;-1;-1;25;25;50;100;100;25;100;100;50;3.5;0.5;2;3.5;Jazz;JJK;0.85;1.62;0;1;0;2;75;75;50;0;0;25;25;25;0;0;0;62;27;Y;Y;Y;Y;N;N;Y
21830;423;422;2016;complete;98;0;-1;23,28,71;;3;0;3;-1;-1;-1;-1;-1;2;1;0;0;-1;-1;-1;-1;-1;-1;-1;-1;-1;-1;2;1;2.2;3.56;3.41;0;0;0;0;0;0;0;0;0;0;0;0;0;0;0;0;0;0;0;0;0;0;0;0;0;0;0;0;0;0;0;0;0;0;0;0;0;0;0;0;0;0;0;0;0;0;0;0;0;0;0;0;0;0;0;0;0;0;0;0;0;0;0;0;0;3;2;0;1;0;1;2;2016-05-23 15:30:00;423;0;50;25;25;0;-1;1;-1;-1;-1;-1;-1;-1;1;0;1;1;1;2;-1;0;0;0;0;0;0;0;0;0;0;0;0;0;1;1;0;0;-1;-1;0;0;-1;-1;-1;-1;-1;-1;-1;-1;-1;25;25;50;75;100;50;50;50;25;4;1.5;3.5;2.75;EIF;GrIFK;1.46;0.71;2;0;1.4;1.4;75;75;50;25;0;50;50;50;0;0;0;62;27;Y;Y;Y;N;N;N;N
21831;403;421;2016;complete;98;0;-1;27,60,83;;3;0;3;2;7;9;3;3;2;4;0;0;6;15;7;4;13;19;9;12;53;47;2;4;2.69;3.4;2.75;0;0;0;0;0;0;0;0;0;0;0;0;0;0;0;0;0;0;0;0;0;0;0;0;0;0;0;0;0;0;0;0;0;0;0;0;0;0;0;0;0;0;0;0;0;0;0;0;0;0;0;0;0;0;0;0;0;0;0;0;0;0;0;0;0;3;1;0;2;0;2;1;2016-05-27 15:30:00;403;0;17;0;0;0;-1;1;-1;-1;-1;-1;-1;-1;2;0;0;4;2;4;-1;0;0;0;0;0;0;0;0;0;0;0;0;0;1;1;0;0;-1;-1;0;0;-1;-1;-1;-1;-1;-1;-1;-1;-1;0;0;42;59;100;0;59;100;42;12;0.67;1.5;2;JJK;KPV;2.21;1.43;2.33;3;1.8;2.6;100;100;59;42;0;75;75;75;0;0;0;62;27;Y;Y;Y;N;N;N;N
21832;426;416;2016;complete;98;0;-1;48;19,44;1;2;3;9;1;10;3;0;3;3;0;1;4;5;9;2;13;7;12;11;59;41;3;5;2.89;3.44;2.54;0;0;0;0;0;0;0;0;0;0;0;0;0;0;0;0;0;0;0;0;0;0;0;0;0;0;0;0;0;0;0;0;0;0;0;0;0;0;0;0;0;0;0;0;0;0;0;0;0;0;0;0;0;0;0;0;0;0;0;0;0;0;0;0;0;3;0;2;1;0;1;2;2016-05-28 13:00:00;416;0;75;17;0;0;-1;1;-1;-1;-1;-1;-1;-1;2;1;1;3;3;4;-1;0;0;0;0;0;0;0;1;1;1;1;0;0;1;1;0;0;-1;-1;0;0;-1;-1;-1;-1;-1;-1;-1;-1;-1;0;0;17;75;100;17;75;100;0;20;3.67;4.33;1.92;KTP;Jaro;1.07;1.92;0.67;2;1.5;1.2;100;100;84;25;0;75;75;75;0;0;0;62;27;Y;Y;Y;N;N;N;Y
21833;422;424;2016;complete;98;0;-1;26,53;89;2;1;3;5;6;11;0;3;1;2;0;0;5;5;5;4;10;9;16;10;43;57;1;2;3.04;3.49;2.41;0;0;0;0;0;0;0;0;0;0;0;0;0;0;0;0;0;0;0;0;0;0;0;0;0;0;0;0;0;0;0;0;0;0;0;0;0;0;0;0;0;0;0;0;0;0;0;0;0;0;0;0;0;0;0;0;0;0;0;0;0;0;0;0;0;3;1;0;1;1;2;1;2016-05-28 13:00:00;422;0;50;17;0;0;-1;1;-1;-1;-1;-1;-1;-1;1;1;0;1;2;1;-1;0;0;0;0;0;0;0;0;0;0;0;0;0;1;1;0;0;-1;-1;0;0;-1;-1;-1;-1;-1;-1;-1;-1;-1;0;0;17;50;84;17;84;33;17;8.83;4.33;4.33;1.5;GrIFK;Haka;2;0.71;2.33;1.67;1.17;1.5;100;100;84;50;17;34;34;34;0;0;0;62;27;Y;Y;Y;N;N;N;Y
21834;425;423;2016;complete;98;0;-1;25,31,87,90,90;11,39,63;5;3;8;-1;-1;-1;-1;-1;2;4;0;1;-1;-1;-1;-1;-1;-1;-1;-1;-1;-1;2;5;1.78;3.91;4.7;0;0;0;0;0;0;0;0;0;0;0;0;0;0;0;0;0;0;0;0;0;0;0;0;0;0;0;0;0;0;0;0;0;0;0;0;0;0;0;0;0;0;0;0;0;0;0;0;0;0;0;0;0;0;0;0;0;0;0;0;0;0;0;0;0;8;2;2;3;1;4;4;2016-05-29 13:00:00;425;0;42;42;0;0;-1;1;-1;-1;-1;-1;-1;-1;0;0;2;5;0;7;-1;0;0;0;0;0;0;0;1;0;1;0;0;0;1;1;0;0;-1;-1;0;0;-1;-1;-1;-1;-1;-1;-1;-1;-1;25;25;59;75;100;59;75;84;42;11.17;5.33;4.17;2.84;Oulu;EIF;1.79;0.86;1.5;1;1;1.67;75;75;42;25;0;84;84;67;0;0;0;62;27;Y;Y;Y;Y;Y;Y;Y
21835;415;427;2016;complete;98;0;-1;18,62,69,86,89;73;5;1;6;4;3;7;2;6;0;1;0;0;2;6;6;1;8;7;16;10;50;50;0;1;1.75;3.94;4.86;0;0;0;0;0;0;0;0;0;0;0;0;0;0;0;0;0;0;0;0;0;0;0;0;0;0;0;0;0;0;0;0;0;0;0;0;0;0;0;0;0;0;0;0;0;0;0;0;0;0;0;0;0;0;0;0;0;0;0;0;0;0;0;0;0;6;1;0;4;1;5;1;2016-05-29 15:30:00;415;0;100;75;75;0;-1;1;-1;-1;-1;-1;-1;-1;0;0;0;1;0;1;-1;0;0;0;0;0;0;0;0;1;0;1;0;0;1;1;0;0;-1;-1;0;0;-1;-1;-1;-1;-1;-1;-1;-1;-1;100;100;100;100;100;75;75;100;100;19;1.5;4;6;TPS;Jazz;2;0.64;0;0;0.25;0.2;0;0;0;0;0;100;100;100;0;0;0;62;27;Y;Y;Y;Y;Y;Y;Y
21836;422;427;2016;complete;98;0;-1;25;19;1;1;2;9;2;11;3;3;2;4;0;0;4;4;10;4;14;8;17;16;55;45;2;4;2.1;3.72;3.5;0;0;0;0;0;0;0;0;0;0;0;0;0;0;0;0;0;0;0;0;0;0;0;0;0;0;0;0;0;0;0;0;0;0;0;0;0;0;0;0;0;0;0;0;0;0;0;0;0;0;0;0;0;0;0;0;0;0;0;0;0;0;0;0;0;2;1;1;0;0;0;2;2016-06-05 15:30:00;-1;0;75;17;46;0;-1;1;-1;-1;-1;-1;-1;-1;0;2;2;2;2;4;-1;0;0;0;0;0;0;0;0;1;0;1;0;0;1;1;0;0;-1;-1;0;0;-1;-1;-1;-1;-1;-1;-1;-1;-1;50;50;63;75;100;17;84;75;63;11.5;4.83;3.67;3.54;GrIFK;Jazz;2;0.64;2.5;0;1.43;0.17;50;50;38;25;0;63;63;63;0;0;0;62;27;Y;Y;N;N;N;N;Y
21837;425;415;2016;complete;98;0;-1;;90;0;1;1;5;2;7;4;6;1;1;0;1;3;2;2;2;5;4;7;16;59;41;1;2;2.35;3.42;3.2;0;0;0;0;0;0;0;0;0;0;0;0;0;0;0;0;0;0;0;0;0;0;0;0;0;0;0;0;0;0;0;0;0;0;0;0;0;0;0;0;0;0;0;0;0;0;0;0;0;0;0;0;0;0;0;0;0;0;0;0;0;0;0;0;0;1;0;0;0;1;1;0;2016-06-05 15:30:00;415;0;67;34;33;0;-1;1;-1;-1;-1;-1;-1;-1;0;1;1;1;1;2;-1;0;0;0;0;0;0;0;0;0;0;0;0;0;1;1;0;0;-1;-1;0;1;-1;-1;-1;-1;-1;-1;-1;-1;-1;34;34;50;67;100;34;84;84;50;13;1;4;3.34;Oulu;TPS;1.79;1.77;2;0.33;1.29;0.8;67;67;50;33;0;100;100;100;0;0;0;62;27;Y;N;N;N;N;N;N
21838;424;403;2016;complete;98;0;-1;29,67,75;8,81;3;2;5;-1;-1;-1;-1;-1;0;1;0;0;-1;-1;-1;-1;-1;-1;-1;-1;-1;-1;0;1;2.21;3.48;3.45;0;0;0;0;0;0;0;0;0;0;0;0;0;0;0;0;0;0;0;0;0;0;0;0;0;0;0;0;0;0;0;0;0;0;0;0;0;0;0;0;0;0;0;0;0;0;0;0;0;0;0;0;0;0;0;0;0;0;0;0;0;0;0;0;0;5;1;1;2;1;3;2;2016-06-05 15:30:00;424;0;84;17;42;0;-1;1;-1;-1;-1;-1;-1;-1;0;1;0;0;1;0;-1;0;0;0;0;0;0;0;0;0;0;0;0;0;1;1;0;1;-1;-1;0;0;-1;-1;-1;-1;-1;-1;-1;-1;-1;0;42;75;100;100;17;100;100;59;5;0.5;4;3.17;Haka;JJK;1.69;1.62;1.33;1;1.29;2;100;59;25;0;0;50;0;0;0;0;0;62;27;Y;Y;Y;Y;Y;N;Y
21839;421;426;2016;complete;98;0;-1;48;;1;0;1;4;8;12;3;2;3;2;0;0;8;2;6;3;14;5;18;17;41;59;3;2;1.84;3.82;4.44;0;0;0;0;0;0;0;0;0;0;0;0;0;0;0;0;0;0;0;0;0;0;0;0;0;0;0;0;0;0;0;0;0;0;0;0;0;0;0;0;0;0;0;0;0;0;0;0;0;0;0;0;0;0;0;0;0;0;0;0;0;0;0;0;0;1;0;0;1;0;1;0;2016-06-05 15:30:00;421;0;67;34;34;0;-1;1;-1;-1;-1;-1;-1;-1;0;1;3;1;1;4;-1;0;0;0;0;0;0;0;0;0;0;0;0;0;1;1;0;0;-1;-1;0;0;-1;-1;-1;-1;-1;-1;-1;-1;-1;34;50;67;100;100;84;100;67;50;9.83;6.67;4;4.17;KPV;KTP;1.46;1;2.33;2.33;2.17;1.29;67;50;33;0;0;100;100;75;0;0;0;62;27;Y;N;N;N;N;N;N
21840;423;416;2016;complete;98;0;-1;74;;1;0;1;-1;-1;-1;-1;-1;1;1;0;0;-1;-1;-1;-1;-1;-1;-1;-1;-1;-1;1;1;3.77;3.6;2.05;0;0;0;0;0;0;0;0;0;0;0;0;0;0;0;0;0;0;0;0;0;0;0;0;0;0;0;0;0;0;0;0;0;0;0;0;0;0;0;0;0;0;0;0;0;0;0;0;0;0;0;0;0;0;0;0;0;0;0;0;0;0;0;0;0;1;0;0;1;0;1;0;2016-06-08 15:30:00;423;0;67;17;17;0;-1;1;-1;-1;-1;-1;-1;-1;0;1;1;0;1;1;-1;0;0;0;0;0;0;0;0;0;0;0;0;0;1;1;0;0;-1;-1;0;0;-1;-1;-1;-1;-1;-1;-1;-1;-1;17;17;50;84;100;50;67;84;17;7.5;0;5.67;2.67;EIF;Jaro;1.46;1.92;2.33;2.33;1.43;1.5;84;84;50;17;0;50;50;25;0;0;0;62;27;Y;N;N;N;N;N;N
21841;415;403;2016;complete;98;0;-1;19,22,66,74,79;84;5;1;6;-1;-1;-1;-1;-1;-1;-1;-1;-1;-1;-1;-1;-1;-1;-1;-1;-1;-1;-1;-1;-1;2.12;3.53;3.63;0;0;0;0;0;0;0;0;0;0;0;0;0;0;0;0;0;0;0;0;0;0;0;0;0;0;0;0;0;0;0;0;0;0;0;0;0;0;0;0;0;0;0;0;0;0;0;0;0;0;0;0;0;0;0;0;0;0;0;0;0;0;0;0;0;6;2;0;3;1;4;2;2016-06-08 16:30:00;415;0;100;42;84;0;-1;-1;-1;-1;-1;-1;-1;-1;-1;-1;-1;-1;-1;-1;-1;0;0;0;0;0;0;0;0;0;0;0;0;0;1;1;0;0;-1;-1;-1;-1;-1;-1;-1;-1;-1;-1;-1;-1;-1;67;84;84;100;100;42;100;100;84;12.5;2.17;2;5.09;TPS;JJK;2;1.62;1.5;0.67;1.17;1.71;34;17;17;0;0;75;25;25;0;0;0;62;27;Y;Y;Y;Y;Y;Y;Y
21842;427;421;2016;complete;98;0;-1;54,85;48,56,68;2;3;5;3;5;8;3;1;0;2;0;0;3;3;4;5;7;8;12;14;54;46;0;2;0;0;0;0;0;0;0;0;0;0;0;0;0;0;0;0;0;0;0;0;0;0;0;0;0;0;0;0;0;0;0;0;0;0;0;0;0;0;0;0;0;0;0;0;0;0;0;0;0;0;0;0;0;0;0;0;0;0;0;0;0;0;0;0;0;0;0;0;5;0;0;2;3;5;0;2016-06-11 10:30:00;421;0;50;17;34;0;-1;1;-1;-1;-1;-1;-1;-1;0;1;0;1;1;1;-1;0;0;0;0;0;0;0;0;0;0;0;0;0;1;1;0;0;-1;-1;0;0;-1;-1;-1;-1;-1;-1;-1;-1;-1;17;34;84;84;100;17;84;100;84;10.17;4.33;3.66;3.5;Jazz;KPV;0.85;1.43;0.33;2;0.29;2.29;84;67;17;17;0;84;42;42;0;0;0;62;27;Y;Y;Y;Y;Y;N;Y
21843;416;422;2016;complete;98;0;-1;37,52;78,90;2;2;4;7;3;10;6;1;2;5;0;0;2;5;8;4;10;9;15;11;53;47;2;5;1.57;4.2;6.37;0;0;0;0;0;0;0;0;0;0;0;0;0;0;0;0;0;0;0;0;0;0;0;0;0;0;0;0;0;0;0;0;0;0;0;0;0;0;0;0;0;0;0;0;0;0;0;0;0;0;0;0;0;0;0;0;0;0;0;0;0;0;0;0;0;4;1;0;1;2;3;1;2016-06-12 10:30:00;-1;0;17;0;0;0;-1;1;-1;-1;-1;-1;-1;-1;1;2;1;3;3;4;-1;0;0;0;0;0;0;0;1;0;1;0;0;0;1;1;0;0;-1;-1;0;0;-1;-1;-1;-1;-1;-1;-1;-1;-1;0;0;34;50;84;34;50;67;0;9.33;5;1.67;1.67;Jaro;GrIFK;1.43;0.71;0.67;0;1.29;1.38;100;100;67;50;17;84;84;84;0;0;0;62;27;Y;Y;Y;Y;N;N;Y
21844;423;415;2016;complete;98;0;-1;;77,87;0;2;2;-1;-1;-1;-1;-1;2;1;0;0;-1;-1;-1;-1;-1;-1;-1;-1;-1;-1;2;1;2.94;3.47;2.49;0;0;0;0;0;0;0;0;0;0;0;0;0;0;0;0;0;0;0;0;0;0;0;0;0;0;0;0;0;0;0;0;0;0;0;0;0;0;0;0;0;0;0;0;0;0;0;0;0;0;0;0;0;0;0;0;0;0;0;0;0;0;0;0;0;2;0;0;0;2;2;0;2016-06-12 10:30:00;415;0;50;13;25;0;-1;1;-1;-1;-1;-1;-1;-1;1;0;1;1;1;2;-1;0;0;0;0;0;0;0;0;0;0;0;0;0;1;1;0;0;-1;-1;0;0;-1;-1;-1;-1;-1;-1;-1;-1;-1;13;13;38;63;100;25;63;75;25;5;0.5;4;2.25;EIF;TPS;1.46;1.77;2.5;1;1.63;1.43;88;88;63;38;0;34;34;34;0;0;0;62;27;Y;Y;N;N;N;N;N
21845;426;424;2016;complete;98;0;-1;34,40,70;29,52,89;3;3;6;2;7;9;2;2;3;3;0;0;7;8;4;5;11;13;14;13;48;52;3;3;2.35;3.63;3.03;0;0;0;0;0;0;0;0;0;0;0;0;0;0;0;0;0;0;0;0;0;0;0;0;0;0;0;0;0;0;0;0;0;0;0;0;0;0;0;0;0;0;0;0;0;0;0;0;0;0;0;0;0;0;0;0;0;0;0;0;0;0;0;0;0;6;2;1;1;2;3;3;2016-06-12 10:30:00;-1;0;88;25;13;0;-1;1;-1;-1;-1;-1;-1;-1;1;0;2;3;1;5;-1;0;0;0;0;0;0;0;0;0;0;0;0;0;1;1;0;0;-1;-1;0;0;-1;-1;-1;-1;-1;-1;-1;-1;-1;0;0;50;88;88;38;88;75;25;10.67;4.25;4.5;2.25;KTP;Haka;1.07;0.71;0.5;1.25;1.13;1.5;100;100;50;13;13;50;50;33;0;0;0;62;27;Y;Y;Y;Y;Y;Y;Y
21846;403;425;2016;complete;98;0;-1;;3,62,87;0;3;3;-1;-1;-1;-1;-1;3;3;0;0;-1;-1;-1;-1;-1;-1;-1;-1;-1;-1;3;3;2.03;3.61;3.84;0;0;0;0;0;0;0;0;0;0;0;0;0;0;0;0;0;0;0;0;0;0;0;0;0;0;0;0;0;0;0;0;0;0;0;0;0;0;0;0;0;0;0;0;0;0;0;0;0;0;0;0;0;0;0;0;0;0;0;0;0;0;0;0;0;3;0;1;0;2;2;1;2016-06-12 10:30:00;425;0;50;13;0;0;-1;1;-1;-1;-1;-1;-1;-1;0;1;3;2;1;5;-1;0;0;0;0;0;0;0;0;0;0;0;0;0;1;1;0;1;-1;-1;0;0;-1;-1;-1;-1;-1;-1;-1;-1;-1;0;25;50;75;100;25;88;88;38;10.67;1;1.75;2.5;JJK;Oulu;2.21;1.23;2.5;0.75;1.5;1.13;100;75;50;25;0;50;33;33;0;0;0;62;27;Y;Y;Y;N;N;N;N
21847;403;426;2016;complete;98;0;-1;31,35,90;;3;0;3;10;8;18;1;7;2;1;0;1;10;7;10;8;20;15;9;9;53;47;2;3;2.15;3.66;3.42;0;0;0;0;0;0;0;0;0;0;0;0;0;0;0;0;0;0;0;0;0;0;0;0;0;0;0;0;0;0;0;0;0;0;0;0;0;0;0;0;0;0;0;0;0;0;0;0;0;0;0;0;0;0;0;0;0;0;0;0;0;0;0;0;0;3;2;0;1;0;1;2;2016-06-18 10:30:00;403;0;48;25;25;0;-1;1;-1;-1;-1;-1;-1;-1;0;0;2;2;0;4;-1;0;0;0;0;0;0;0;1;0;1;0;0;0;1;1;0;0;-1;-1;0;0;-1;-1;-1;-1;-1;-1;-1;-1;-1;25;25;55;78;100;25;78;100;55;10.67;4.3;3;3.33;JJK;KTP;2.21;1;2;1.75;1.33;1.11;75;75;45;23;0;84;67;67;0;0;0;62;27;Y;Y;Y;N;N;N;N
21848;424;415;2016;complete;98;0;-1;5;8,61;1;2;3;3;3;6;4;3;2;3;0;0;5;7;6;7;11;14;7;18;60;40;2;3;2.28;3.56;3.22;0;0;0;0;0;0;0;0;0;0;0;0;0;0;0;0;0;0;0;0;0;0;0;0;0;0;0;0;0;0;0;0;0;0;0;0;0;0;0;0;0;0;0;0;0;0;0;0;0;0;0;0;0;0;0;0;0;0;0;0;0;0;0;0;0;3;1;1;0;1;1;2;2016-06-19 15:30:00;415;0;58;25;35;0;-1;1;-1;-1;-1;-1;-1;-1;2;1;0;2;3;2;-1;0;0;0;0;0;0;0;0;0;0;0;0;0;1;1;1;1;-1;-1;0;0;-1;-1;-1;-1;-1;-1;-1;-1;-1;13;25;60;80;100;25;80;90;58;5;0;3.85;2.78;Haka;TPS;1.69;1.77;1.75;1.4;1.44;1.63;88;75;40;20;0;34;34;34;0;0;0;62;27;Y;Y;Y;N;N;N;Y
21849;416;427;2016;complete;98;0;-1;34,62,85;5,7,36,59;3;4;7;5;4;9;5;0;4;3;0;0;3;3;9;2;12;5;21;13;60;40;4;3;1.34;5.51;9.99;0;0;0;0;0;0;0;0;0;0;0;0;0;0;0;0;0;0;0;0;0;0;0;0;0;0;0;0;0;0;0;0;0;0;0;0;0;0;0;0;0;0;0;0;0;0;0;0;0;0;0;0;0;0;0;0;0;0;0;0;0;0;0;0;0;7;1;3;2;1;3;4;2016-06-19 15:30:00;427;0;75;25;38;0;-1;1;-1;-1;-1;-1;-1;-1;1;1;3;2;2;5;-1;0;0;0;0;0;0;0;0;0;0;0;0;0;1;1;0;2;-1;-1;0;0;-1;-1;-1;-1;-1;-1;-1;-1;-1;38;50;50;75;88;25;63;75;50;10.08;6.75;3.5;3.13;Jaro;Jazz;1.43;0.64;0.75;0.25;1.25;0.25;63;50;50;25;13;71;71;59;0;0;0;62;27;Y;Y;Y;Y;Y;Y;Y
21850;421;423;2016;complete;98;0;-1;67,74,86;13,47;3;2;5;-1;-1;-1;-1;-1;1;1;0;0;-1;-1;-1;-1;-1;-1;-1;-1;-1;-1;1;1;1.57;4.4;5.97;0;0;0;0;0;0;0;0;0;0;0;0;0;0;0;0;0;0;0;0;0;0;0;0;0;0;0;0;0;0;0;0;0;0;0;0;0;0;0;0;0;0;0;0;0;0;0;0;0;0;0;0;0;0;0;0;0;0;0;0;0;0;0;0;0;5;0;1;3;1;4;1;2016-06-19 15:30:00;421;0;38;25;13;0;-1;1;-1;-1;-1;-1;-1;-1;1;1;0;0;2;0;-1;0;0;0;0;0;0;0;0;0;0;0;0;0;1;1;0;0;-1;-1;0;0;-1;-1;-1;-1;-1;-1;-1;-1;-1;13;25;63;88;100;75;88;63;38;9;5;4.75;3.25;KPV;EIF;1.46;0.86;2.5;0.75;2.38;1.44;88;75;38;13;0;84;84;50;0;0;0;62;27;Y;Y;Y;Y;Y;N;Y
21851;425;422;2016;complete;98;0;-1;15,20,28;82;3;1;4;4;4;8;1;6;0;2;1;0;7;5;8;1;15;6;5;14;47;53;2;2;1.79;3.85;4.68;0;0;0;0;0;0;0;0;0;0;0;0;0;0;0;0;0;0;0;0;0;0;0;0;0;0;0;0;0;0;0;0;0;0;0;0;0;0;0;0;0;0;0;0;0;0;0;0;0;0;0;0;0;0;0;0;0;0;0;0;0;0;0;0;0;4;3;0;0;1;1;3;2016-06-19 15:30:00;425;0;38;25;25;0;-1;1;-1;-1;-1;-1;-1;-1;0;0;1;2;0;3;-1;0;0;0;0;0;0;0;0;0;0;0;0;0;1;1;0;0;-1;-1;0;0;-1;-1;-1;-1;-1;-1;-1;-1;-1;25;38;63;63;100;50;63;88;38;9.5;3;3.75;3.25;Oulu;GrIFK;1.79;0.71;1.5;0.25;1.33;1.33;75;63;38;38;0;84;84;59;0;0;0;62;27;Y;Y;Y;Y;N;N;Y
21852;425;426;2016;complete;98;0;-1;88;;1;0;1;5;4;9;0;4;0;2;0;1;0;3;12;4;12;7;2;12;62;38;0;3;1.85;3.9;4.29;0;0;0;0;0;0;0;0;0;0;0;0;0;0;0;0;0;0;0;0;0;0;0;0;0;0;0;0;0;0;0;0;0;0;0;0;0;0;0;0;0;0;0;0;0;0;0;0;0;0;0;0;0;0;0;0;0;0;0;0;0;0;0;0;0;1;0;0;1;0;1;0;2016-06-28 15:30:00;425;0;60;40;30;0;-1;1;-1;-1;-1;-1;-1;-1;0;2;0;1;2;1;-1;0;0;0;0;0;0;0;0;0;0;0;0;0;1;1;0;0;-1;-1;0;0;-1;-1;-1;-1;-1;-1;-1;-1;-1;40;50;60;70;100;60;70;100;40;11.9;5.8;4.2;3.9;Oulu;KTP;1.79;1;1.8;1.4;1.5;1;60;50;40;30;0;75;75;75;0;0;0;62;27;Y;N;N;N;N;N;N
21853;424;427;2016;complete;98;0;-1;7,44;;2;0;2;-1;-1;-1;-1;-1;1;1;0;0;-1;-1;-1;-1;-1;-1;-1;-1;-1;-1;1;1;1.54;4.63;6.11;0;0;0;0;0;0;0;0;0;0;0;0;0;0;0;0;0;0;0;0;0;0;0;0;0;0;0;0;0;0;0;0;0;0;0;0;0;0;0;0;0;0;0;0;0;0;0;0;0;0;0;0;0;0;0;0;0;0;0;0;0;0;0;0;0;2;2;0;0;0;0;2;2016-06-28 15:30:00;424;0;90;60;50;0;-1;1;-1;-1;-1;-1;-1;-1;1;1;0;0;2;0;-1;0;0;0;0;0;0;0;2;0;2;0;0;0;1;1;1;0;-1;-1;0;1;-1;-1;-1;-1;-1;-1;-1;-1;-1;50;60;90;100;100;60;90;90;70;7.25;2;4.6;4.3;Haka;Jazz;1.69;0.64;1.4;0.8;1.3;0.56;50;40;10;0;0;38;25;25;0;0;0;62;27;Y;Y;N;N;N;N;N
21854;423;403;2016;complete;98;0;-1;40;18,90;1;2;3;-1;-1;-1;-1;-1;3;2;0;0;-1;-1;-1;-1;-1;-1;-1;-1;-1;-1;3;2;2.35;3.64;3.03;0;0;0;0;0;0;0;0;0;0;0;0;0;0;0;0;0;0;0;0;0;0;0;0;0;0;0;0;0;0;0;0;0;0;0;0;0;0;0;0;0;0;0;0;0;0;0;0;0;0;0;0;0;0;0;0;0;0;0;0;0;0;0;0;0;3;1;1;0;1;1;2;2016-06-28 15:30:00;403;0;70;23;48;0;-1;1;-1;-1;-1;-1;-1;-1;1;1;2;1;2;3;-1;0;0;0;0;0;0;0;0;0;0;0;0;0;1;1;0;0;-1;-1;0;1;-1;-1;-1;-1;-1;-1;-1;-1;-1;35;48;58;90;100;45;70;90;58;5;0;3.2;3.43;EIF;JJK;1.46;1.62;2;0.5;1.3;1.5;65;53;43;10;0;50;0;0;0;0;0;62;27;Y;Y;Y;N;N;N;Y
21855;422;421;2016;complete;98;0;-1;60;;1;0;1;5;4;9;2;1;2;0;0;1;5;6;8;2;13;8;17;10;52;48;2;2;3.69;3.65;2.06;0;0;0;0;0;0;0;0;0;0;0;0;0;0;0;0;0;0;0;0;0;0;0;0;0;0;0;0;0;0;0;0;0;0;0;0;0;0;0;0;0;0;0;0;0;0;0;0;0;0;0;0;0;0;0;0;0;0;0;0;0;0;0;0;0;1;0;0;1;0;1;0;2016-06-28 15:30:00;422;0;43;10;23;0;-1;1;-1;-1;-1;-1;-1;-1;1;0;1;1;1;2;-1;0;0;0;0;0;0;0;0;0;0;0;0;0;1;1;0;0;-1;-1;0;0;-1;-1;-1;-1;-1;-1;-1;-1;-1;13;13;48;68;100;10;75;70;48;12.6;3.6;4.25;2.4;GrIFK;KPV;2;1.43;2.2;2.25;1.2;2.44;88;88;53;33;0;74;57;57;0;0;0;62;27;Y;N;N;N;N;N;N
21856;415;416;2016;complete;98;0;-1;80;10,44,77,79;1;4;5;-1;-1;-1;-1;-1;2;0;0;0;-1;-1;-1;-1;-1;-1;-1;-1;-1;-1;2;0;2.21;3.53;3.39;0;0;0;0;0;0;0;0;0;0;0;0;0;0;0;0;0;0;0;0;0;0;0;0;0;0;0;0;0;0;0;0;0;0;0;0;0;0;0;0;0;0;0;0;0;0;0;0;0;0;0;0;0;0;0;0;0;0;0;0;0;0;0;0;0;5;0;2;1;2;3;2;2016-06-30 15:30:00;416;0;75;17;50;0;-1;1;-1;-1;-1;-1;-1;-1;0;0;2;0;0;2;-1;0;0;0;0;0;0;0;0;0;0;0;0;0;1;1;0;1;-1;-1;0;0;-1;-1;-1;-1;-1;-1;-1;-1;-1;50;50;63;75;100;46;75;100;50;15;0.92;3.5;4.04;TPS;Jaro;2;1.92;2;1.75;1.78;1.11;50;50;38;25;0;75;75;50;0;0;0;62;27;Y;Y;Y;Y;Y;N;Y
21857;421;424;2016;complete;98;0;-1;6;83,90,90,90;1;4;5;3;14;17;2;2;4;3;2;0;5;6;3;5;8;11;20;6;45;55;7;3;1.95;3.8;4.01;0;0;0;0;0;0;0;0;0;0;0;0;0;0;0;0;0;0;0;0;0;0;0;0;0;0;0;0;0;0;0;0;0;0;0;0;0;0;0;0;0;0;0;0;0;0;0;0;0;0;0;0;0;0;0;0;0;0;0;0;0;0;0;0;0;5;1;0;0;4;4;1;2016-07-02 12:00:00;424;0;60;20;30;0;-1;1;-1;-1;-1;-1;-1;-1;3;1;3;2;4;5;-1;0;0;0;0;0;0;0;0;0;0;0;0;0;1;1;1;0;-1;-1;0;0;-1;-1;-1;-1;-1;-1;-1;-1;-1;20;30;60;80;90;50;80;60;50;8.83;3.6;4.2;2.9;KPV;Haka;1.46;0.71;2.6;1.2;2.2;1.45;80;70;40;20;10;75;63;46;0;0;0;62;27;Y;Y;Y;Y;Y;N;Y
21858;426;422;2016;complete;98;0;-1;88;31,45;1;2;3;1;10;11;0;2;2;1;0;0;4;5;4;4;8;9;11;14;52;48;2;1;1.94;3.77;4.09;0;0;0;0;0;0;0;0;0;0;0;0;0;0;0;0;0;0;0;0;0;0;0;0;0;0;0;0;0;0;0;0;0;0;0;0;0;0;0;0;0;0;0;0;0;0;0;0;0;0;0;0;0;0;0;0;0;0;0;0;0;0;0;0;0;3;0;2;1;0;1;2;2016-07-02 13:00:00;422;0;70;20;20;0;-1;1;-1;-1;-1;-1;-1;-1;0;0;2;1;0;3;-1;0;0;0;0;0;0;0;0;0;0;0;0;0;1;1;0;0;-1;-1;0;0;-1;-1;-1;-1;-1;-1;-1;-1;-1;10;30;70;90;100;60;90;90;20;9.42;4.8;4.4;3.1;KTP;GrIFK;1.07;0.71;0.6;0.2;0.91;1.36;90;70;30;10;0;71;59;29;0;0;0;62;27;Y;Y;Y;N;N;N;Y
21859;427;423;2016;complete;98;0;-1;15;5,44,57;1;3;4;-1;-1;-1;-1;-1;1;1;0;0;-1;-1;-1;-1;-1;-1;-1;-1;-1;-1;1;1;2.56;3.71;2.71;0;0;0;0;0;0;0;0;0;0;0;0;0;0;0;0;0;0;0;0;0;0;0;0;0;0;0;0;0;0;0;0;0;0;0;0;0;0;0;0;0;0;0;0;0;0;0;0;0;0;0;0;0;0;0;0;0;0;0;0;0;0;0;0;0;4;1;2;0;1;1;3;2016-07-03 15:30:00;423;0;80;33;58;0;-1;1;-1;-1;-1;-1;-1;-1;0;1;1;0;1;1;-1;0;0;0;0;0;0;0;0;0;0;0;0;0;1;1;0;1;-1;-1;0;0;-1;-1;-1;-1;-1;-1;-1;-1;-1;45;58;90;100;100;43;88;90;80;8.17;4.85;3.2;4.48;Jazz;EIF;0.85;0.86;0.25;0.6;0.5;1.18;55;43;10;0;0;59;46;29;0;0;0;62;27;Y;Y;Y;Y;N;N;Y
21860;416;425;2016;complete;98;0;-1;53;4;1;1;2;3;4;7;8;3;2;1;0;0;5;3;5;5;10;8;14;8;44;56;2;1;1.89;3.74;4.28;0;0;0;0;0;0;0;0;0;0;0;0;0;0;0;0;0;0;0;0;0;0;0;0;0;0;0;0;0;0;0;0;0;0;0;0;0;0;0;0;0;0;0;0;0;0;0;0;0;0;0;0;0;0;0;0;0;0;0;0;0;0;0;0;0;2;0;1;1;0;1;1;2016-07-03 15:30:00;-1;0;60;20;20;0;-1;1;-1;-1;-1;-1;-1;-1;0;0;2;1;0;3;-1;0;0;0;0;0;0;0;0;0;0;0;0;0;1;1;0;1;-1;-1;0;0;-1;-1;-1;-1;-1;-1;-1;-1;-1;10;40;50;70;90;30;80;80;40;11.6;4;3.4;2.8;Jaro;Oulu;1.43;1.23;0.6;1.2;1.3;1.64;90;60;50;30;10;57;47;37;0;0;0;62;27;Y;Y;N;N;N;N;Y
21861;403;415;2016;complete;98;0;-1;46,81;;2;0;2;-1;-1;-1;-1;-1;0;2;0;0;-1;-1;-1;-1;-1;-1;-1;-1;-1;-1;0;2;2.31;3.58;3.14;0;0;0;0;0;0;0;0;0;0;0;0;0;0;0;0;0;0;0;0;0;0;0;0;0;0;0;0;0;0;0;0;0;0;0;0;0;0;0;0;0;0;0;0;0;0;0;0;0;0;0;0;0;0;0;0;0;0;0;0;0;0;0;0;0;2;0;0;2;0;2;0;2016-07-03 15:30:00;403;0;34;9;9;0;-1;1;-1;-1;-1;-1;-1;-1;0;0;0;2;0;2;-1;0;0;0;0;0;0;0;0;0;0;0;0;0;1;1;0;0;-1;-1;0;0;-1;-1;-1;-1;-1;-1;-1;-1;-1;0;0;50;75;100;17;75;92;42;10.5;2.16;3;2.25;JJK;TPS;2.21;1.77;2.17;1.67;1.64;1.6;100;100;50;25;0;63;50;50;0;0;0;62;27;Y;Y;N;N;N;N;N
21862;415;421;2016;complete;98;0;-1;12,81;86;2;1;3;-1;-1;-1;-1;-1;2;4;0;0;-1;-1;-1;-1;-1;-1;-1;-1;-1;-1;2;4;2.32;3.49;3.2;0;0;0;0;0;0;0;0;0;0;0;0;0;0;0;0;0;0;0;0;0;0;0;0;0;0;0;0;0;0;0;0;0;0;0;0;0;0;0;0;0;0;0;0;0;0;0;0;0;0;0;0;0;0;0;0;0;0;0;0;0;0;0;0;0;3;1;0;1;1;2;1;2016-07-06 16:30:00;415;0;60;13;60;0;-1;1;-1;-1;-1;-1;-1;-1;1;1;1;3;2;4;-1;0;0;0;0;0;0;0;0;0;0;0;0;0;1;1;0;0;-1;-1;0;0;-1;-1;-1;-1;-1;-1;-1;-1;-1;60;60;80;80;100;38;70;100;80;13;1.25;3.53;4.3;TPS;KPV;2;1.43;1.5;1.8;1.45;2;40;40;20;20;0;63;38;38;0;0;0;62;27;Y;Y;Y;N;N;N;Y
21863;427;425;2016;complete;98;0;-1;32,55;51,56;2;2;4;4;9;13;3;1;4;2;0;0;0;7;5;8;5;15;15;10;32;68;4;2;3.32;3.71;2.18;0;0;0;0;0;0;0;0;0;0;0;0;0;0;0;0;0;0;0;0;0;0;0;0;0;0;0;0;0;0;0;0;0;0;0;0;0;0;0;0;0;0;0;0;0;0;0;0;0;0;0;0;0;0;0;0;0;0;0;0;0;0;0;0;0;4;1;0;1;2;3;1;2016-07-09 13:00:00;-1;0;84;29;30;0;-1;1;-1;-1;-1;-1;-1;-1;2;2;2;0;4;2;-1;0;0;0;0;0;0;0;0;0;0;0;0;0;1;1;0;0;-1;-1;1;0;-1;-1;-1;-1;-1;-1;-1;-1;-1;20;57;75;92;100;37;90;92;57;9;2.57;2.5;3.64;Jazz;Oulu;0.85;1.23;0.2;1.17;0.45;1.58;80;44;25;9;0;38;25;25;0;0;0;62;27;Y;Y;Y;Y;N;N;Y
21864;422;403;2016;complete;98;0;-1;;39;0;1;1;5;11;16;3;1;3;0;0;0;9;7;4;5;13;12;13;12;51;49;3;0;2.71;3.52;2.65;0;0;0;0;0;0;0;0;0;0;0;0;0;0;0;0;0;0;0;0;0;0;0;0;0;0;0;0;0;0;0;0;0;0;0;0;0;0;0;0;0;0;0;0;0;0;0;0;0;0;0;0;0;0;0;0;0;0;0;0;0;0;0;0;0;1;0;1;0;0;0;1;2016-07-10 12:00:00;403;0;75;29;39;0;-1;1;-1;-1;-1;-1;-1;-1;0;0;3;0;0;3;-1;0;0;0;0;0;0;0;0;0;0;0;0;0;1;1;0;0;-1;-1;0;0;-1;-1;-1;-1;-1;-1;-1;-1;-1;20;30;49;75;100;39;92;75;39;11.33;2.5;3.25;2.84;GrIFK;JJK;2;1.62;2.33;1;1.5;1.75;80;70;52;25;0;92;34;34;0;0;0;62;27;Y;N;N;N;N;N;N
21865;424;416;2016;complete;98;0;-1;35;90;1;1;2;7;4;11;1;1;4;2;0;0;7;4;5;4;12;8;14;9;46;54;4;2;2.38;3.57;3.03;0;0;0;0;0;0;0;0;0;0;0;0;0;0;0;0;0;0;0;0;0;0;0;0;0;0;0;0;0;0;0;0;0;0;0;0;0;0;0;0;0;0;0;0;0;0;0;0;0;0;0;0;0;0;0;0;0;0;0;0;0;0;0;0;0;2;1;0;0;1;1;1;2016-07-10 14:00:00;-1;0;64;25;27;0;-1;1;-1;-1;-1;-1;-1;-1;0;0;4;2;0;6;-1;0;0;0;0;0;0;0;0;0;0;0;0;0;1;1;0;0;-1;-1;0;0;-1;-1;-1;-1;-1;-1;-1;-1;-1;19;27;62;80;100;54;80;92;35;10.5;0;4;2.87;Haka;Jaro;1.69;1.92;1.67;2;1.58;1.27;82;74;39;20;0;50;50;25;0;0;0;62;27;Y;Y;N;N;N;N;Y
21866;421;415;2016;complete;98;0;-1;77,89;36,65,85;2;3;5;9;1;10;4;1;3;0;0;0;5;3;3;4;8;7;14;12;53;47;3;0;2.16;3.59;3.47;0;0;0;0;0;0;0;0;0;0;0;0;0;0;0;0;0;0;0;0;0;0;0;0;0;0;0;0;0;0;0;0;0;0;0;0;0;0;0;0;0;0;0;0;0;0;0;0;0;0;0;0;0;0;0;0;0;0;0;0;0;0;0;0;0;5;0;1;2;2;4;1;2016-07-10 14:00:00;415;0;47;7;16;0;-1;1;-1;-1;-1;-1;-1;-1;1;0;2;0;1;2;-1;0;0;0;0;0;0;0;1;0;1;0;0;0;1;1;0;0;-1;-1;0;0;-1;-1;-1;-1;-1;-1;-1;-1;-1;17;25;48;77;100;32;70;77;47;8.5;3;4.69;2.67;KPV;TPS;1.46;1.77;2.17;1.43;1.83;1.58;84;75;52;23;0;75;75;63;0;0;0;62;27;Y;Y;Y;Y;Y;N;Y
21867;423;426;2016;complete;98;0;-1;18,29,90;31,45;3;2;5;-1;-1;-1;-1;-1;3;3;0;0;-1;-1;-1;-1;-1;-1;-1;-1;-1;-1;3;3;2.16;3.74;3.32;0;0;0;0;0;0;0;0;0;0;0;0;0;0;0;0;0;0;0;0;0;0;0;0;0;0;0;0;0;0;0;0;0;0;0;0;0;0;0;0;0;0;0;0;0;0;0;0;0;0;0;0;0;0;0;0;0;0;0;0;0;0;0;0;0;5;2;2;1;0;1;4;2016-07-11 15:30:00;423;0;50;33;25;0;-1;1;-1;-1;-1;-1;-1;-1;1;1;2;2;2;4;-1;0;0;0;0;0;0;0;0;0;0;0;0;0;1;1;0;0;-1;-1;0;0;-1;-1;-1;-1;-1;-1;-1;-1;-1;25;25;50;75;100;50;59;92;33;6;3.17;4.66;3.09;EIF;KTP;1.46;1;1.67;1.17;1.33;0.83;75;75;50;25;0;50;42;42;0;0;0;62;27;Y;Y;Y;Y;Y;N;Y
21868;426;427;2016;complete;98;0;-1;85;;1;0;1;-1;-1;-1;-1;-1;0;3;0;0;-1;-1;-1;-1;-1;-1;-1;-1;-1;-1;0;3;1.68;4.34;4.85;0;0;0;0;0;0;0;0;0;0;0;0;0;0;0;0;0;0;0;0;0;0;0;0;0;0;0;0;0;0;0;0;0;0;0;0;0;0;0;0;0;0;0;0;0;0;0;0;0;0;0;0;0;0;0;0;0;0;0;0;0;0;0;0;0;1;0;0;1;0;1;0;2016-07-16 13:30:00;426;0;92;42;34;0;-1;1;-1;-1;-1;-1;-1;-1;0;2;0;1;2;1;-1;0;0;0;0;0;0;0;0;0;0;0;0;0;1;1;0;0;-1;-1;0;0;-1;-1;-1;-1;-1;-1;-1;-1;-1;42;42;67;100;100;67;92;84;42;9.05;3.67;4.67;3.84;KTP;Jazz;1.07;0.64;0.5;0.67;0.77;0.5;58;58;33;0;0;78;55;45;0;0;0;62;27;Y;N;N;N;N;N;N
21869;425;421;2016;complete;98;0;-1;7,32,48;;3;0;3;-1;-1;-1;-1;-1;1;0;0;0;-1;-1;-1;-1;-1;-1;-1;-1;-1;-1;1;0;1.96;3.66;4.03;0;0;0;0;0;0;0;0;0;0;0;0;0;0;0;0;0;0;0;0;0;0;0;0;0;0;0;0;0;0;0;0;0;0;0;0;0;0;0;0;0;0;0;0;0;0;0;0;0;0;0;0;0;0;0;0;0;0;0;0;0;0;0;0;0;3;2;0;1;0;1;2;2016-07-17 15:30:00;425;0;42;17;25;0;-1;1;-1;-1;-1;-1;-1;-1;1;0;0;0;1;0;-1;0;0;0;0;0;0;0;0;0;0;0;0;0;1;1;1;0;-1;-1;0;0;-1;-1;-1;-1;-1;-1;-1;-1;-1;25;34;59;59;100;25;50;100;50;10.9;2;4.17;3;Oulu;KPV;1.79;1.43;2;1.5;1.54;1.69;75;67;42;42;0;68;33;33;0;0;0;62;27;Y;Y;Y;N;N;N;N
21870;415;422;2016;complete;98;0;-1;49,82;;2;0;2;-1;-1;-1;-1;-1;1;2;0;0;-1;-1;-1;-1;-1;-1;-1;-1;-1;-1;1;2;1.63;4.14;5.67;0;0;0;0;0;0;0;0;0;0;0;0;0;0;0;0;0;0;0;0;0;0;0;0;0;0;0;0;0;0;0;0;0;0;0;0;0;0;0;0;0;0;0;0;0;0;0;0;0;0;0;0;0;0;0;0;0;0;0;0;0;0;0;0;0;2;0;0;2;0;2;0;2016-07-17 15:30:00;415;0;75;10;59;0;-1;1;-1;-1;-1;-1;-1;-1;1;1;0;1;2;1;-1;0;0;0;0;0;0;0;0;0;0;0;0;0;1;1;0;0;-1;-1;0;0;-1;-1;-1;-1;-1;-1;-1;-1;-1;40;57;92;92;100;64;92;92;59;12.75;2.17;3.17;4.2;TPS;GrIFK;2;0.71;1.8;0.67;1.69;1.38;60;44;9;9;0;63;63;50;0;0;0;62;27;Y;Y;N;N;N;N;N
21871;423;424;2016;complete;98;0;-1;81,83;59;2;1;3;-1;-1;-1;-1;-1;2;2;0;0;-1;-1;-1;-1;-1;-1;-1;-1;-1;-1;2;2;2.63;3.56;2.7;0;0;0;0;0;0;0;0;0;0;0;0;0;0;0;0;0;0;0;0;0;0;0;0;0;0;0;0;0;0;0;0;0;0;0;0;0;0;0;0;0;0;0;0;0;0;0;0;0;0;0;0;0;0;0;0;0;0;0;0;0;0;0;0;0;3;0;0;2;1;3;0;2016-07-17 15:30:00;423;0;70;38;24;0;-1;1;-1;-1;-1;-1;-1;-1;0;0;2;2;0;4;-1;0;0;0;0;0;0;0;0;0;0;0;0;0;1;1;0;0;-1;-1;0;0;-1;-1;-1;-1;-1;-1;-1;-1;-1;31;31;62;85;92;45;70;77;48;6.4;0.67;4.76;3.09;EIF;Haka;1.46;0.71;1.86;1.5;1.46;1.54;69;69;38;16;9;30;20;20;0;0;0;62;27;Y;Y;Y;N;N;N;Y
21872;416;403;2016;complete;98;0;-1;;69,85;0;2;2;3;1;4;3;3;0;2;0;0;7;3;8;4;15;7;7;12;55;45;0;2;1.89;3.76;4.23;0;0;0;0;0;0;0;0;0;0;0;0;0;0;0;0;0;0;0;0;0;0;0;0;0;0;0;0;0;0;0;0;0;0;0;0;0;0;0;0;0;0;0;0;0;0;0;0;0;0;0;0;0;0;0;0;0;0;0;0;0;0;0;0;0;2;0;0;0;2;2;0;2016-07-19 15:30:00;403;0;75;25;42;0;-1;1;-1;-1;-1;-1;-1;-1;0;0;0;2;0;2;-1;0;0;0;0;0;0;0;0;1;0;1;0;0;1;1;0;0;-1;-1;0;0;-1;-1;-1;-1;-1;-1;-1;-1;-1;25;42;50;75;92;34;84;83;42;13.17;5.17;2.83;3.09;Jaro;JJK;1.43;1.62;0.67;1.33;1.25;1.85;75;59;50;25;9;84;50;42;0;0;0;62;27;Y;Y;N;N;N;N;N
21873;416;421;2016;complete;98;0;-1;;;0;0;0;6;5;11;3;1;4;3;0;0;8;3;4;6;12;9;8;13;48;52;4;3;1.85;3.8;4.4;0;0;0;0;0;0;0;0;0;0;0;0;0;0;0;0;0;0;0;0;0;0;0;0;0;0;0;0;0;0;0;0;0;0;0;0;0;0;0;0;0;0;0;0;0;0;0;0;0;0;0;0;0;0;0;0;0;0;0;0;0;0;0;0;0;0;0;0;0;0;0;0;2016-07-23 13:00:00;-1;0;43;7;29;0;-1;1;-1;-1;-1;-1;-1;-1;1;1;3;2;2;5;-1;0;0;0;0;0;0;0;0;0;0;0;0;0;1;1;0;0;-1;-1;0;0;-1;-1;-1;-1;-1;-1;-1;-1;-1;14;22;50;71;93;14;57;93;50;10.36;5.14;3.71;2.64;Jaro;KPV;1.43;1.43;0.57;1.29;1.15;1.57;86;79;50;29;7;66;34;27;0;0;0;62;27;N;N;N;N;N;N;N
21874;415;426;2016;complete;98;0;-1;47;19,59,89;1;3;4;-1;-1;-1;-1;-1;2;0;0;0;-1;-1;-1;-1;-1;-1;-1;-1;-1;-1;2;0;1.68;4.11;5.18;0;0;0;0;0;0;0;0;0;0;0;0;0;0;0;0;0;0;0;0;0;0;0;0;0;0;0;0;0;0;0;0;0;0;0;0;0;0;0;0;0;0;0;0;0;0;0;0;0;0;0;0;0;0;0;0;0;0;0;0;0;0;0;0;0;4;0;1;1;2;3;1;2016-07-24 15:30:00;426;0;70;30;56;0;-1;1;-1;-1;-1;-1;-1;-1;0;0;2;0;0;2;-1;0;0;0;0;0;0;0;0;1;0;1;0;0;1;1;0;0;-1;-1;0;0;-1;-1;-1;-1;-1;-1;-1;-1;-1;55;55;70;86;100;54;77;100;65;13.5;3.26;3.83;4.27;TPS;KTP;2;1;2;1;1.79;0.93;45;45;30;15;0;75;67;67;0;0;0;62;27;Y;Y;Y;Y;N;N;Y
21875;422;423;2016;complete;98;0;-1;12,69,90;71,90;3;2;5;-1;-1;-1;-1;-1;3;0;0;0;-1;-1;-1;-1;-1;-1;-1;-1;-1;-1;3;0;2.33;3.62;3.08;0;0;0;0;0;0;0;0;0;0;0;0;0;0;0;0;0;0;0;0;0;0;0;0;0;0;0;0;0;0;0;0;0;0;0;0;0;0;0;0;0;0;0;0;0;0;0;0;0;0;0;0;0;0;0;0;0;0;0;0;0;0;0;0;0;5;1;0;2;2;4;1;2016-07-24 15:30:00;422;0;55;32;24;0;-1;1;-1;-1;-1;-1;-1;-1;1;0;2;0;1;2;-1;0;0;0;0;0;0;0;0;0;0;0;0;0;1;1;0;0;-1;-1;0;0;-1;-1;-1;-1;-1;-1;-1;-1;-1;17;25;49;72;100;41;93;63;32;10.81;3.74;4.14;2.87;GrIFK;EIF;2;0.86;2;1;1.29;1.57;84;75;52;29;0;77;69;52;0;0;0;62;27;Y;Y;Y;Y;Y;N;Y
21876;425;424;2016;complete;98;0;-1;24,52,78;90;3;1;4;-1;-1;-1;-1;-1;3;0;0;0;-1;-1;-1;-1;-1;-1;-1;-1;-1;-1;3;0;2.02;3.76;3.71;0;0;0;0;0;0;0;0;0;0;0;0;0;0;0;0;0;0;0;0;0;0;0;0;0;0;0;0;0;0;0;0;0;0;0;0;0;0;0;0;0;0;0;0;0;0;0;0;0;0;0;0;0;0;0;0;0;0;0;0;0;0;0;0;0;4;1;0;2;1;3;1;2016-07-25 15:30:00;425;0;65;29;29;0;-1;1;-1;-1;-1;-1;-1;-1;0;0;3;0;0;3;-1;0;0;0;0;0;0;0;0;0;0;0;0;0;1;1;0;0;-1;-1;0;0;-1;-1;-1;-1;-1;-1;-1;-1;-1;29;36;64;72;93;43;64;86;50;11.8;2.29;3.86;3.22;Oulu;Haka;1.79;0.71;2.14;1.29;1.64;1.43;71;64;36;29;7;60;40;40;0;0;0;62;27;Y;Y;Y;Y;N;N;Y
21877;427;415;2016;complete;98;0;-1;;28,44,67,79;0;4;4;-1;-1;-1;-1;-1;3;0;0;0;-1;-1;-1;-1;-1;-1;-1;-1;-1;-1;3;0;3.87;3.96;1.93;0;0;0;0;0;0;0;0;0;0;0;0;0;0;0;0;0;0;0;0;0;0;0;0;0;0;0;0;0;0;0;0;0;0;0;0;0;0;0;0;0;0;0;0;0;0;0;0;0;0;0;0;0;0;0;0;0;0;0;0;0;0;0;0;0;4;0;2;0;2;2;2;2016-07-29 15:30:00;415;0;75;23;46;0;-1;1;-1;-1;-1;-1;-1;-1;1;0;2;0;1;2;-1;0;0;0;0;0;0;0;0;1;0;1;0;0;1;1;0;0;-1;-1;0;0;-1;-1;-1;-1;-1;-1;-1;-1;-1;23;48;69;88;100;23;73;94;67;7.4;3.5;3.13;3.44;Jazz;TPS;0.85;1.77;0.33;1.63;0.46;1.67;78;53;32;13;0;60;50;40;0;0;0;62;27;Y;Y;Y;Y;N;N;N
21878;424;422;2016;complete;98;0;-1;13,26,80;;3;0;3;-1;-1;-1;-1;-1;0;1;0;1;-1;-1;-1;-1;-1;-1;-1;-1;-1;-1;0;3;1.83;3.97;4.32;0;0;0;0;0;0;0;0;0;0;0;0;0;0;0;0;0;0;0;0;0;0;0;0;0;0;0;0;0;0;0;0;0;0;0;0;0;0;0;0;0;0;0;0;0;0;0;0;0;0;0;0;0;0;0;0;0;0;0;0;0;0;0;0;0;3;2;0;1;0;1;2;2016-07-30 11:00:00;424;0;57;22;22;0;-1;1;-1;-1;-1;-1;-1;-1;0;1;0;1;1;1;-1;0;0;0;0;0;0;0;1;0;1;0;0;0;1;1;0;0;-1;-1;0;0;-1;-1;-1;-1;-1;-1;-1;-1;-1;7;29;71;93;100;57;86;86;36;10.25;1.71;4;3;Haka;GrIFK;1.69;0.71;1.57;0.57;1.33;1.4;93;71;29;7;0;63;63;50;0;0;0;62;27;Y;Y;Y;N;N;N;N
21879;421;403;2016;complete;98;0;-1;67,90;39;2;1;3;-1;-1;-1;-1;-1;1;3;0;0;-1;-1;-1;-1;-1;-1;-1;-1;-1;-1;1;3;2.46;3.61;2.88;0;0;0;0;0;0;0;0;0;0;0;0;0;0;0;0;0;0;0;0;0;0;0;0;0;0;0;0;0;0;0;0;0;0;0;0;0;0;0;0;0;0;0;0;0;0;0;0;0;0;0;0;0;0;0;0;0;0;0;0;0;0;0;0;0;3;0;1;2;0;2;1;2016-07-31 15:30:00;421;0;64;15;36;0;-1;1;-1;-1;-1;-1;-1;-1;0;0;1;3;0;4;-1;0;0;0;0;0;0;0;0;0;0;0;0;0;1;1;0;0;-1;-1;0;0;-1;-1;-1;-1;-1;-1;-1;-1;-1;36;50;64;86;100;43;86;79;57;10.67;2.86;4.03;3.43;KPV;JJK;1.46;1.62;1.86;1.57;1.53;1.93;64;50;36;14;0;84;67;47;0;0;0;62;27;Y;Y;Y;N;N;N;Y
21880;426;416;2016;complete;98;0;-1;86;5;1;1;2;7;2;9;6;1;1;4;0;1;7;3;11;5;18;8;7;16;52;48;1;5;3.01;3.55;2.4;0;0;0;0;0;0;0;0;0;0;0;0;0;0;0;0;0;0;0;0;0;0;0;0;0;0;0;0;0;0;0;0;0;0;0;0;0;0;0;0;0;0;0;0;0;0;0;0;0;0;0;0;0;0;0;0;0;0;0;0;0;0;0;0;0;2;0;1;1;0;1;1;2016-08-03 15:30:00;-1;0;77;15;16;0;-1;1;-1;-1;-1;-1;-1;-1;1;0;0;5;1;5;-1;0;0;0;0;0;0;0;0;0;0;0;0;0;1;1;0;1;-1;-1;0;0;-1;-1;-1;-1;-1;-1;-1;-1;-1;16;16;45;77;100;45;77;100;16;11.13;1.88;4.14;2.6;KTP;Jaro;1.07;1.92;0.86;1.83;1.07;1.14;85;85;55;24;0;90;80;54;0;0;0;62;27;Y;Y;N;N;N;N;Y
21881;423;425;2016;complete;98;0;-1;;50,85;0;2;2;-1;-1;-1;-1;-1;2;0;0;0;-1;-1;-1;-1;-1;-1;-1;-1;-1;-1;2;0;3.24;3.71;2.21;0;0;0;0;0;0;0;0;0;0;0;0;0;0;0;0;0;0;0;0;0;0;0;0;0;0;0;0;0;0;0;0;0;0;0;0;0;0;0;0;0;0;0;0;0;0;0;0;0;0;0;0;0;0;0;0;0;0;0;0;0;0;0;0;0;2;0;0;0;2;2;0;2016-08-03 15:30:00;425;0;67;26;20;0;-1;1;-1;-1;-1;-1;-1;-1;1;0;1;0;1;1;-1;0;0;0;0;0;0;0;0;0;0;0;0;0;1;1;0;0;-1;-1;0;0;-1;-1;-1;-1;-1;-1;-1;-1;-1;13;34;60;87;100;40;75;87;41;6.2;0;3.95;2.93;EIF;Oulu;1.46;1.23;2;1.14;1.47;1.73;88;66;41;14;0;20;20;20;0;0;0;62;27;Y;Y;N;N;N;N;N
21882;403;427;2016;complete;98;0;-1;58,76;;2;0;2;8;1;9;3;5;2;3;0;0;8;7;10;4;18;11;8;12;56;44;2;3;1.37;5.6;8.21;0;0;0;0;0;0;0;0;0;0;0;0;0;0;0;0;0;0;0;0;0;0;0;0;0;0;0;0;0;0;0;0;0;0;0;0;0;0;0;0;0;0;0;0;0;0;0;0;0;0;0;0;0;0;0;0;0;0;0;0;0;0;0;0;0;2;0;0;2;0;2;0;2016-08-03 15:30:00;403;0;43;22;22;0;-1;1;-1;-1;-1;-1;-1;-1;0;0;2;3;0;5;-1;0;0;0;0;0;0;0;1;0;1;0;0;0;1;1;0;0;-1;-1;0;0;-1;-1;-1;-1;-1;-1;-1;-1;-1;29;29;57;86;100;36;71;86;57;10.25;1.71;3.29;3.22;JJK;Jazz;2.21;0.64;2.29;0.57;1.8;0.43;72;72;43;14;0;75;50;50;0;0;0;62;27;Y;Y;N;N;N;N;N
21883;415;425;2016;complete;98;0;-1;44,58,81;80;3;1;4;-1;-1;-1;-1;-1;1;1;0;0;-1;-1;-1;-1;-1;-1;-1;-1;-1;-1;1;1;2.3;3.62;3.13;0;0;0;0;0;0;0;0;0;0;0;0;0;0;0;0;0;0;0;0;0;0;0;0;0;0;0;0;0;0;0;0;0;0;0;0;0;0;0;0;0;0;0;0;0;0;0;0;0;0;0;0;0;0;0;0;0;0;0;0;0;0;0;0;0;4;1;0;2;1;3;1;2016-08-06 13:00:00;415;0;75;14;50;0;-1;1;-1;-1;-1;-1;-1;-1;0;0;1;1;0;2;-1;0;0;0;0;0;0;0;0;1;0;1;0;0;1;1;0;0;-1;-1;0;0;-1;-1;-1;-1;-1;-1;-1;-1;-1;29;55;68;94;100;34;87;94;75;13.7;0;2.88;3.73;TPS;Oulu;2;1.23;1.71;1.38;1.75;1.81;72;46;32;7;0;45;45;45;0;0;0;62;27;Y;Y;Y;Y;N;N;Y
21884;427;422;2016;complete;98;0;-1;37,69,80;6,45;3;2;5;-1;-1;-1;-1;-1;1;0;0;0;-1;-1;-1;-1;-1;-1;-1;-1;-1;-1;1;0;2.77;3.64;2.54;0;0;0;0;0;0;0;0;0;0;0;0;0;0;0;0;0;0;0;0;0;0;0;0;0;0;0;0;0;0;0;0;0;0;0;0;0;0;0;0;0;0;0;0;0;0;0;0;0;0;0;0;0;0;0;0;0;0;0;0;0;0;0;0;0;5;1;2;2;0;2;3;2016-08-07 15:30:00;427;0;62;15;35;0;-1;1;-1;-1;-1;-1;-1;-1;1;0;0;0;1;0;-1;0;0;0;0;0;0;0;0;0;0;0;0;0;1;1;0;1;-1;-1;0;0;-1;-1;-1;-1;-1;-1;-1;-1;-1;15;56;88;94;100;53;81;94;56;8.85;3.38;3.59;3.66;Jazz;GrIFK;0.85;0.71;0.29;0.5;0.4;1.31;86;45;13;7;0;68;58;45;0;0;0;62;27;Y;Y;Y;Y;Y;N;Y
21885;416;423;2016;complete;98;0;-1;2,20,30,71,90;;5;0;5;3;7;10;5;2;1;2;0;0;5;9;3;5;8;14;8;9;55;45;1;2;1.76;3.9;4.86;0;0;0;0;0;0;0;0;0;0;0;0;0;0;0;0;0;0;0;0;0;0;0;0;0;0;0;0;0;0;0;0;0;0;0;0;0;0;0;0;0;0;0;0;0;0;0;0;0;0;0;0;0;0;0;0;0;0;0;0;0;0;0;0;0;5;3;0;2;0;2;3;2016-08-07 15:30:00;416;0;61;28;34;0;-1;1;-1;-1;-1;-1;-1;-1;1;1;0;1;2;1;-1;0;0;0;0;0;0;0;0;0;0;0;0;0;1;1;1;0;-1;-1;0;0;-1;-1;-1;-1;-1;-1;-1;-1;-1;28;41;56;82;88;35;75;81;48;9.67;5.36;3.59;3.27;Jaro;EIF;1.43;0.86;0.63;0.86;1.13;1.38;73;59;45;19;13;65;59;36;0;0;0;62;27;Y;Y;Y;Y;Y;N;N
21886;426;421;2016;complete;98;0;-1;24,31,44,52,79;59,61,76;5;3;8;4;10;14;4;1;3;1;0;0;4;4;3;5;7;9;17;7;48;52;3;1;2.33;3.66;3.05;0;0;0;0;0;0;0;0;0;0;0;0;0;0;0;0;0;0;0;0;0;0;0;0;0;0;0;0;0;0;0;0;0;0;0;0;0;0;0;0;0;0;0;0;0;0;0;0;0;0;0;0;0;0;0;0;0;0;0;0;0;0;0;0;0;8;3;0;2;3;5;3;2016-08-07 15:30:00;426;0;57;13;19;0;-1;1;-1;-1;-1;-1;-1;-1;1;0;2;1;1;3;-1;0;0;0;0;0;0;0;0;1;0;1;0;0;1;1;0;0;-1;-1;0;0;-1;-1;-1;-1;-1;-1;-1;-1;-1;13;13;57;76;94;32;69;94;32;10.57;2.75;4.25;2.57;KTP;KPV;1.07;1.43;0.88;1.25;1.06;1.63;88;88;44;26;7;82;45;37;0;0;0;62;27;Y;Y;Y;Y;Y;Y;Y
21887;403;424;2016;complete;98;0;-1;26,90,90;52,74;3;2;5;-1;-1;-1;-1;-1;1;1;0;0;-1;-1;-1;-1;-1;-1;-1;-1;-1;-1;1;1;1.88;3.86;4.19;0;0;0;0;0;0;0;0;0;0;0;0;0;0;0;0;0;0;0;0;0;0;0;0;0;0;0;0;0;0;0;0;0;0;0;0;0;0;0;0;0;0;0;0;0;0;0;0;0;0;0;0;0;0;0;0;0;0;0;0;0;0;0;0;0;5;1;0;2;2;4;1;2016-08-10 15:30:00;403;0;51;13;25;0;-1;1;-1;-1;-1;-1;-1;-1;1;1;0;0;2;0;-1;0;0;0;0;0;0;0;0;0;0;0;0;0;1;1;0;0;-1;-1;0;0;-1;-1;-1;-1;-1;-1;-1;-1;-1;13;19;63;88;94;19;69;88;69;12.8;1.88;3.13;2.82;JJK;Haka;2.21;0.71;2.38;1.13;1.88;1.44;88;82;38;13;7;70;40;40;0;0;0;62;27;Y;Y;Y;Y;Y;N;Y
21888;422;416;2016;complete;98;0;-1;12,90;64,79,82;2;3;5;2;6;8;5;1;3;0;0;0;4;4;4;4;8;8;17;10;50;50;3;0;3.19;3.5;2.32;0;0;0;0;0;0;0;0;0;0;0;0;0;0;0;0;0;0;0;0;0;0;0;0;0;0;0;0;0;0;0;0;0;0;0;0;0;0;0;0;0;0;0;0;0;0;0;0;0;0;0;0;0;0;0;0;0;0;0;0;0;0;0;0;0;5;1;0;1;3;4;1;2016-08-14 15:30:00;416;0;61;7;20;0;-1;1;-1;-1;-1;-1;-1;-1;0;0;3;0;0;3;-1;0;0;0;0;0;0;0;0;0;0;0;0;0;1;1;0;0;-1;-1;0;0;-1;-1;-1;-1;-1;-1;-1;-1;-1;14;14;27;61;100;21;80;75;20;11.39;2.42;4.68;2.15;GrIFK;Jaro;2;1.92;2.13;1.71;1.24;1.25;87;87;73;40;0;93;73;61;0;0;0;62;27;Y;Y;Y;Y;Y;N;Y
21889;421;427;2016;complete;98;0;-1;3,38,78;24,45,50;3;3;6;9;4;13;2;2;1;4;1;0;4;0;6;8;10;8;16;15;45;55;2;4;0;0;0;0;0;0;0;0;0;0;0;0;0;0;0;0;0;0;0;0;0;0;0;0;0;0;0;0;0;0;0;0;0;0;0;0;0;0;0;0;0;0;0;0;0;0;0;0;0;0;0;0;0;0;0;0;0;0;0;0;0;0;0;0;0;0;0;0;6;2;2;1;1;2;4;2016-08-14 15:30:00;-1;0;63;19;32;0;-1;1;-1;-1;-1;-1;-1;-1;1;2;1;2;3;3;-1;0;0;0;0;0;0;0;0;1;0;1;0;0;1;1;1;0;-1;-1;0;0;-1;-1;-1;-1;-1;-1;-1;-1;-1;44;50;63;88;100;44;76;75;63;8.6;3.51;5.01;3.63;KPV;Jazz;1.46;0.64;2;0.5;1.53;0.56;57;50;38;13;0;90;70;50;0;0;0;62;27;Y;Y;Y;Y;Y;Y;Y
21890;415;423;2016;complete;98;0;-1;14,90;88;2;1;3;4;4;8;1;0;1;1;0;0;4;3;5;6;9;9;10;14;44;56;1;1;1.49;4.69;6.96;0;0;0;0;0;0;0;0;0;0;0;0;0;0;0;0;0;0;0;0;0;0;0;0;0;0;0;0;0;0;0;0;0;0;0;0;0;0;0;0;0;0;0;0;0;0;0;0;0;0;0;0;0;0;0;0;0;0;0;0;0;0;0;0;0;3;1;0;1;1;2;1;2016-08-15 15:30:00;415;0;76;26;63;0;-1;1;-1;-1;-1;-1;-1;-1;0;0;1;1;0;2;-1;0;0;0;0;0;0;0;0;0;0;0;0;0;1;1;0;0;-1;-1;0;0;-1;-1;-1;-1;-1;-1;-1;-1;-1;50;69;88;100;100;51;94;94;82;12.75;0.62;3.18;4.51;TPS;EIF;2;0.86;1.88;0.75;1.82;1.29;50;32;13;0;0;63;63;38;0;0;0;62;27;Y;Y;Y;N;N;N;Y
21891;425;403;2016;complete;98;0;-1;;10;0;1;1;3;2;5;1;3;0;2;0;0;5;5;10;7;15;12;11;9;57;43;0;2;2.05;3.69;3.68;0;0;0;0;0;0;0;0;0;0;0;0;0;0;0;0;0;0;0;0;0;0;0;0;0;0;0;0;0;0;0;0;0;0;0;0;0;0;0;0;0;0;0;0;0;0;0;0;0;0;0;0;0;0;0;0;0;0;0;0;0;0;0;0;0;1;0;1;0;0;0;1;2016-08-15 15:30:00;403;0;63;25;32;0;-1;1;-1;-1;-1;-1;-1;-1;0;1;0;1;1;1;-1;0;0;0;0;0;0;0;0;0;0;0;0;0;1;1;0;1;-1;-1;0;0;-1;-1;-1;-1;-1;-1;-1;-1;-1;25;44;63;76;100;44;76;94;51;11.07;1.13;3.18;3.32;Oulu;JJK;1.79;1.62;2.25;1.38;1.71;1.94;75;57;38;26;0;64;37;37;0;0;0;62;27;Y;N;N;N;N;N;N
21892;424;426;2016;complete;98;0;-1;26,86;48,75;2;2;4;-1;-1;-1;-1;-1;2;1;0;0;-1;-1;-1;-1;-1;-1;-1;-1;-1;-1;2;1;1.93;3.94;3.9;0;0;0;0;0;0;0;0;0;0;0;0;0;0;0;0;0;0;0;0;0;0;0;0;0;0;0;0;0;0;0;0;0;0;0;0;0;0;0;0;0;0;0;0;0;0;0;0;0;0;0;0;0;0;0;0;0;0;0;0;0;0;0;0;0;4;1;0;1;2;3;1;2016-08-18 15:30:00;-1;0;63;38;32;0;-1;1;-1;-1;-1;-1;-1;-1;1;1;1;0;2;1;-1;0;0;0;0;0;0;0;0;0;0;0;0;0;1;1;0;0;-1;-1;0;0;-1;-1;-1;-1;-1;-1;-1;-1;-1;26;38;69;88;100;57;88;94;38;11;2.75;4.13;3.44;Haka;KTP;1.69;1;1.75;1.25;1.35;1.18;76;63;32;13;0;75;67;67;0;0;0;62;27;Y;Y;Y;Y;N;N;Y
21893;425;422;2016;complete;98;0;-1;40,61,65;;3;0;3;11;3;14;1;6;1;0;0;0;5;3;9;7;14;10;5;4;58;42;1;0;1.51;4.53;6.89;0;0;0;0;0;0;0;0;0;0;0;0;0;0;0;0;0;0;0;0;0;0;0;0;0;0;0;0;0;0;0;0;0;0;0;0;0;0;0;0;0;0;0;0;0;0;0;0;0;0;0;0;0;0;0;0;0;0;0;0;0;0;0;0;0;3;1;0;2;0;2;1;2016-08-20 12:00:00;425;0;44;17;17;0;-1;1;-1;-1;-1;-1;-1;-1;1;0;0;0;1;0;-1;0;0;0;0;0;0;0;0;0;0;0;0;0;1;1;0;0;-1;-1;0;0;-1;-1;-1;-1;-1;-1;-1;-1;-1;17;39;67;73;100;56;73;89;33;10.25;1.89;3.23;3.11;Oulu;GrIFK;1.79;0.71;2;0.44;1.61;1.17;84;62;33;28;0;63;54;42;0;0;0;62;27;Y;Y;Y;N;N;N;N
21894;416;427;2016;complete;98;0;-1;35,86;;2;0;2;2;5;7;3;4;0;2;0;0;8;2;7;2;15;4;10;14;42;58;0;2;1.36;5.45;8.81;0;0;0;0;0;0;0;0;0;0;0;0;0;0;0;0;0;0;0;0;0;0;0;0;0;0;0;0;0;0;0;0;0;0;0;0;0;0;0;0;0;0;0;0;0;0;0;0;0;0;0;0;0;0;0;0;0;0;0;0;0;0;0;0;0;2;1;0;1;0;1;1;2016-08-21 15:30:00;416;0;56;28;33;0;-1;1;-1;-1;-1;-1;-1;-1;0;1;0;1;1;1;-1;0;0;0;0;0;0;0;0;0;0;0;0;0;1;1;0;0;-1;-1;0;0;-1;-1;-1;-1;-1;-1;-1;-1;-1;39;45;45;78;89;39;62;78;56;8.45;6.23;4.34;3.28;Jaro;Jazz;1.43;0.64;0.89;0.56;1.35;0.59;61;56;56;22;11;75;53;42;0;0;0;62;27;Y;Y;N;N;N;N;N
21895;415;424;2016;complete;98;0;-1;6,69;;2;0;2;-1;-1;-1;-1;-1;2;1;0;0;-1;-1;-1;-1;-1;-1;-1;-1;-1;-1;2;1;1.88;4.02;4.02;0;0;0;0;0;0;0;0;0;0;0;0;0;0;0;0;0;0;0;0;0;0;0;0;0;0;0;0;0;0;0;0;0;0;0;0;0;0;0;0;0;0;0;0;0;0;0;0;0;0;0;0;0;0;0;0;0;0;0;0;0;0;0;0;0;2;1;0;1;0;1;1;2016-08-21 15:30:00;415;0;89;17;73;0;-1;1;-1;-1;-1;-1;-1;-1;0;1;2;0;1;2;-1;0;0;0;0;0;0;0;0;0;0;0;0;0;1;1;1;0;-1;-1;0;0;-1;-1;-1;-1;-1;-1;-1;-1;-1;39;56;84;95;95;28;84;89;89;12.73;0.56;3.27;3.94;TPS;Haka;2;0.71;2;1;1.89;1.33;62;45;17;6;6;47;37;37;0;0;0;62;27;Y;Y;N;N;N;N;N
21896;423;421;2016;complete;98;0;-1;;27,52;0;2;2;-1;-1;-1;-1;-1;5;2;0;0;-1;-1;-1;-1;-1;-1;-1;-1;-1;-1;5;2;2.63;3.75;2.61;0;0;0;0;0;0;0;0;0;0;0;0;0;0;0;0;0;0;0;0;0;0;0;0;0;0;0;0;0;0;0;0;0;0;0;0;0;0;0;0;0;0;0;0;0;0;0;0;0;0;0;0;0;0;0;0;0;0;0;0;0;0;0;0;0;2;0;1;0;1;1;1;2016-08-21 15:30:00;421;0;45;17;28;0;-1;1;-1;-1;-1;-1;-1;-1;1;1;4;1;2;5;-1;0;0;0;0;0;0;0;0;0;0;0;0;0;1;1;0;0;-1;-1;0;0;-1;-1;-1;-1;-1;-1;-1;-1;-1;22;22;62;78;95;33;50;89;50;6.17;0;4.44;2.95;EIF;KPV;1.46;1.43;1.78;1.11;1.22;1.5;78;78;39;22;6;42;25;25;0;0;0;62;27;Y;Y;N;N;N;N;N
21897;426;403;2016;complete;98;0;-1;19,44,69,71,90;;5;0;5;4;0;4;1;1;1;4;0;1;7;3;6;3;13;6;9;15;46;54;1;6;2.86;3.69;2.44;0;0;0;0;0;0;0;0;0;0;0;0;0;0;0;0;0;0;0;0;0;0;0;0;0;0;0;0;0;0;0;0;0;0;0;0;0;0;0;0;0;0;0;0;0;0;0;0;0;0;0;0;0;0;0;0;0;0;0;0;0;0;0;0;0;5;2;0;3;0;3;2;2016-08-22 15:30:00;426;0;78;22;28;0;-1;1;-1;-1;-1;-1;-1;-1;0;1;1;4;1;5;-1;0;0;0;0;0;0;0;0;0;0;0;0;0;1;1;0;0;-1;-1;0;0;-1;-1;-1;-1;-1;-1;-1;-1;-1;22;28;56;84;100;45;89;89;39;9.75;3.11;3.61;3.17;KTP;JJK;1.07;1.62;1.11;1.56;1.17;2;78;73;44;17;0;68;41;34;0;0;0;62;27;Y;Y;Y;Y;Y;N;N
21898;403;423;2016;complete;98;0;-1;50;62,82,86;1;3;4;-1;-1;-1;-1;-1;1;0;0;0;-1;-1;-1;-1;-1;-1;-1;-1;-1;-1;1;0;1.38;5.4;8.35;0;0;0;0;0;0;0;0;0;0;0;0;0;0;0;0;0;0;0;0;0;0;0;0;0;0;0;0;0;0;0;0;0;0;0;0;0;0;0;0;0;0;0;0;0;0;0;0;0;0;0;0;0;0;0;0;0;0;0;0;0;0;0;0;0;4;0;0;1;3;4;0;2016-08-27 15:30:00;423;0;45;17;28;0;-1;1;-1;-1;-1;-1;-1;-1;0;0;1;0;0;1;-1;0;0;0;0;0;0;0;0;0;0;0;0;0;1;1;0;0;-1;-1;0;0;-1;-1;-1;-1;-1;-1;-1;-1;-1;28;34;73;95;100;34;84;95;67;11.4;1.56;2.78;3.45;JJK;EIF;2.21;0.86;2.44;0.67;1.89;1.16;73;67;28;6;0;70;50;30;0;0;0;62;27;Y;Y;Y;Y;N;N;Y
21899;427;424;2016;complete;98;0;-1;35;;1;0;1;1;9;10;2;3;2;1;0;0;4;3;1;10;5;13;7;19;45;55;2;1;3.61;3.9;2.02;0;0;0;0;0;0;0;0;0;0;0;0;0;0;0;0;0;0;0;0;0;0;0;0;0;0;0;0;0;0;0;0;0;0;0;0;0;0;0;0;0;0;0;0;0;0;0;0;0;0;0;0;0;0;0;0;0;0;0;0;0;0;0;0;0;1;1;0;0;0;0;1;2016-08-28 15:30:00;427;0;84;29;50;0;-1;1;-1;-1;-1;-1;-1;-1;0;0;2;1;0;3;-1;0;0;0;0;0;0;0;0;0;0;0;0;0;1;1;0;0;-1;-1;0;0;-1;-1;-1;-1;-1;-1;-1;-1;-1;34;64;85;95;95;35;84;90;79;10;2.23;3.43;3.9;Jazz;Haka;0.85;0.71;0.63;0.9;0.56;1.26;67;37;15;5;5;60;40;40;0;0;0;62;27;Y;N;N;N;N;N;N
21900;416;415;2016;complete;98;0;-1;44,55,57;27,90;3;2;5;3;8;11;6;4;0;1;0;0;7;11;3;7;10;18;4;14;50;50;0;1;2.03;3.66;3.77;0;0;0;0;0;0;0;0;0;0;0;0;0;0;0;0;0;0;0;0;0;0;0;0;0;0;0;0;0;0;0;0;0;0;0;0;0;0;0;0;0;0;0;0;0;0;0;0;0;0;0;0;0;0;0;0;0;0;0;0;0;0;0;0;0;5;1;1;2;1;3;2;2016-08-28 15:30:00;416;0;42;11;21;0;-1;1;-1;-1;-1;-1;-1;-1;0;1;0;0;1;0;-1;0;0;0;0;0;0;0;0;0;0;0;0;0;1;1;0;0;-1;-1;0;0;-1;-1;-1;-1;-1;-1;-1;-1;-1;16;26;37;74;90;21;64;85;48;8.3;5.18;3.04;2.53;Jaro;TPS;1.43;1.77;1.1;1.78;1.44;1.95;85;74;63;26;10;60;55;35;0;0;0;62;27;Y;Y;Y;Y;Y;N;Y
21901;421;422;2016;complete;98;0;-1;;84,90;0;2;2;3;5;8;-1;-1;0;2;0;0;4;3;3;0;7;3;-1;-1;-1;-1;0;2;1.61;4.44;5.45;0;0;0;0;0;0;0;0;0;0;0;0;0;0;0;0;0;0;0;0;0;0;0;0;0;0;0;0;0;0;0;0;0;0;0;0;0;0;0;0;0;0;0;0;0;0;0;0;0;0;0;0;0;0;0;0;0;0;0;0;0;0;0;0;0;2;0;0;0;2;2;0;2016-08-28 15:30:00;422;0;54;11;22;0;-1;1;-1;-1;-1;-1;-1;-1;0;0;0;2;0;2;-1;0;0;0;0;0;0;0;0;0;0;0;0;0;1;1;0;0;-1;-1;0;0;-1;-1;-1;-1;-1;-1;-1;-1;-1;27;43;79;90;100;52;85;84;54;10.47;3.49;4.06;3.44;KPV;GrIFK;1.46;0.71;1.89;0.4;1.58;1.11;73;57;21;11;0;90;90;64;0;0;0;62;27;Y;Y;N;N;N;N;N
21902;426;425;2016;complete;98;0;-1;46;39,45,90,90;1;4;5;4;6;10;7;1;3;2;0;0;5;10;4;10;9;20;12;15;42;58;3;2;2.25;3.58;3.27;0;0;0;0;0;0;0;0;0;0;0;0;0;0;0;0;0;0;0;0;0;0;0;0;0;0;0;0;0;0;0;0;0;0;0;0;0;0;0;0;0;0;0;0;0;0;0;0;0;0;0;0;0;0;0;0;0;0;0;0;0;0;0;0;0;5;0;2;1;2;3;2;2016-08-28 15:30:00;425;0;74;16;21;0;-1;1;-1;-1;-1;-1;-1;-1;2;1;1;1;3;2;-1;0;0;0;0;0;0;0;0;0;0;0;0;0;1;1;0;0;-1;-1;0;0;-1;-1;-1;-1;-1;-1;-1;-1;-1;15;37;58;90;100;41;90;95;43;11.08;2.3;3.33;3.2;KTP;Oulu;1.07;1.23;1.3;1.22;1.26;1.68;85;63;42;11;0;58;45;39;0;0;0;62;27;Y;Y;Y;Y;Y;N;Y
21903;425;416;2016;complete;98;0;-1;;34,48,83;0;3;3;5;3;8;0;7;2;3;0;0;2;6;10;9;12;15;20;15;61;39;2;3;2.05;3.67;3.7;0;0;0;0;0;0;0;0;0;0;0;0;0;0;0;0;0;0;0;0;0;0;0;0;0;0;0;0;0;0;0;0;0;0;0;0;0;0;0;0;0;0;0;0;0;0;0;0;0;0;0;0;0;0;0;0;0;0;0;0;0;0;0;0;0;3;0;1;0;2;2;1;2016-09-01 15:30:00;416;0;58;10;23;0;-1;1;-1;-1;-1;-1;-1;-1;1;0;1;3;1;4;-1;0;0;0;0;0;0;0;0;0;0;0;0;0;1;1;0;0;-1;-1;0;0;-1;-1;-1;-1;-1;-1;-1;-1;-1;23;33;49;68;100;33;73;95;33;11.26;1.18;3.63;2.87;Oulu;Jaro;1.79;1.92;2.1;1.88;1.75;1.53;78;68;52;33;0;69;52;42;0;0;0;62;27;Y;Y;Y;N;N;N;N
21904;415;403;2016;complete;98;0;-1;26,82;7,53;2;2;4;8;1;9;2;7;2;3;0;0;8;4;8;4;16;8;17;11;60;40;2;3;2.06;3.7;3.62;0;0;0;0;0;0;0;0;0;0;0;0;0;0;0;0;0;0;0;0;0;0;0;0;0;0;0;0;0;0;0;0;0;0;0;0;0;0;0;0;0;0;0;0;0;0;0;0;0;0;0;0;0;0;0;0;0;0;0;0;0;0;0;0;0;4;1;1;1;1;2;2;2016-09-02 15:00:00;-1;0;70;15;55;0;-1;1;-1;-1;-1;-1;-1;-1;1;0;1;3;1;4;-1;0;0;0;0;0;0;0;0;0;0;0;0;0;1;1;0;1;-1;-1;0;0;-1;-1;-1;-1;-1;-1;-1;-1;-1;35;50;70;90;100;35;90;90;75;10.13;0.4;3.44;3.7;TPS;JJK;2;1.62;2.1;1.4;1.85;1.8;65;50;30;10;0;37;27;27;0;0;0;62;27;Y;Y;Y;Y;N;N;Y
21905;424;421;2016;complete;98;0;-1;67,87,90;11,73;3;2;5;6;4;10;-1;-1;2;2;0;0;8;4;1;1;9;5;-1;-1;-1;-1;2;2;2.09;3.7;3.54;0;0;0;0;0;0;0;0;0;0;0;0;0;0;0;0;0;0;0;0;0;0;0;0;0;0;0;0;0;0;0;0;0;0;0;0;0;0;0;0;0;0;0;0;0;0;0;0;0;0;0;0;0;0;0;0;0;0;0;0;0;0;0;0;0;5;0;1;3;1;4;1;2016-09-03 13:00:00;424;0;49;17;32;0;-1;1;-1;-1;-1;-1;-1;-1;0;1;2;1;1;3;-1;0;0;0;0;0;0;0;0;0;0;0;0;0;1;1;0;0;-1;-1;0;0;-1;-1;-1;-1;-1;-1;-1;-1;-1;16;27;69;85;95;38;80;90;47;11.17;0.18;4.1;3.06;Haka;KPV;1.69;1.43;1.67;1.3;1.2;1.5;85;74;31;15;5;67;50;50;0;0;0;62;27;Y;Y;Y;Y;Y;N;Y
21906;423;427;2016;complete;98;0;-1;54;23,34;1;2;3;-1;-1;-1;-1;-1;-1;-1;-1;-1;-1;-1;-1;-1;-1;-1;-1;-1;-1;-1;-1;-1;1.79;4.2;4.3;0;0;0;0;0;0;0;0;0;0;0;0;0;0;0;0;0;0;0;0;0;0;0;0;0;0;0;0;0;0;0;0;0;0;0;0;0;0;0;0;0;0;0;0;0;0;0;0;0;0;0;0;0;0;0;0;0;0;0;0;0;0;0;0;0;3;0;2;1;0;1;2;2016-09-04 13:00:00;427;0;55;35;30;0;-1;-1;-1;-1;-1;-1;-1;-1;-1;-1;-1;-1;-1;-1;-1;0;0;0;0;0;0;0;0;0;0;0;0;0;1;1;0;0;-1;-1;-1;-1;-1;-1;-1;-1;-1;-1;-1;-1;-1;35;35;50;90;100;45;60;85;50;3.86;0.9;5.1;3.3;EIF;Jazz;1.46;0.64;1.6;0.5;1.25;0.68;65;65;50;10;0;36;22;22;0;0;0;62;27;Y;Y;Y;N;N;N;Y
21907;422;426;2016;complete;98;0;-1;13,17;;2;0;2;1;4;5;4;2;3;2;1;0;6;5;10;8;16;13;19;12;45;55;4;2;2.91;3.57;2.46;0;0;0;0;0;0;0;0;0;0;0;0;0;0;0;0;0;0;0;0;0;0;0;0;0;0;0;0;0;0;0;0;0;0;0;0;0;0;0;0;0;0;0;0;0;0;0;0;0;0;0;0;0;0;0;0;0;0;0;0;0;0;0;0;0;2;2;0;0;0;0;2;2016-09-04 15:30:00;422;0;62;22;39;0;-1;1;-1;-1;-1;-1;-1;-1;0;0;4;2;0;6;-1;0;0;0;0;0;0;0;0;0;0;0;0;0;1;1;0;0;-1;-1;0;0;-1;-1;-1;-1;-1;-1;-1;-1;-1;28;39;50;67;100;28;84;78;39;11.63;4.88;4.33;3.06;GrIFK;KTP;2;1;1.89;1.22;1.2;1.2;73;61;50;33;0;88;73;73;0;0;0;62;27;Y;Y;N;N;N;N;N
21908;415;421;2016;complete;98;0;-1;45,67;16,86,90;2;3;5;5;8;13;0;2;1;1;0;0;5;4;14;5;19;9;12;9;61;39;1;1;1.7;4.11;5.03;0;0;0;0;0;0;0;0;0;0;0;0;0;0;0;0;0;0;0;0;0;0;0;0;0;0;0;0;0;0;0;0;0;0;0;0;0;0;0;0;0;0;0;0;0;0;0;0;0;0;0;0;0;0;0;0;0;0;0;0;0;0;0;0;0;5;1;1;1;2;3;2;2016-09-10 13:00:00;421;0;59;9;59;0;-1;1;-1;-1;-1;-1;-1;-1;0;0;1;1;0;2;-1;0;0;0;0;0;0;0;0;0;0;0;0;0;1;1;0;0;-1;-1;0;0;-1;-1;-1;-1;-1;-1;-1;-1;-1;32;46;73;87;96;27;78;96;73;12.61;0.18;3.59;3.64;TPS;KPV;2;1.43;2;1.18;1.81;1.43;69;55;27;14;5;68;41;34;0;0;0;62;27;Y;Y;Y;Y;Y;N;Y
21909;425;427;2016;complete;98;0;-1;37,62;63,72;2;2;4;4;7;11;1;2;0;0;0;0;6;5;11;3;17;8;12;7;60;40;0;0;1.43;5.03;7.59;0;0;0;0;0;0;0;0;0;0;0;0;0;0;0;0;0;0;0;0;0;0;0;0;0;0;0;0;0;0;0;0;0;0;0;0;0;0;0;0;0;0;0;0;0;0;0;0;0;0;0;0;0;0;0;0;0;0;0;0;0;0;0;0;0;4;1;0;1;2;3;1;2016-09-10 13:00:00;-1;0;50;27;27;0;-1;-1;-1;-1;-1;-1;-1;-1;0;0;0;0;0;0;-1;0;0;0;0;0;0;0;0;0;0;0;0;0;1;1;0;0;-1;-1;-1;-1;-1;-1;-1;-1;-1;-1;-1;-1;-1;32;41;60;78;100;46;73;87;50;9.61;2.37;4.05;3.41;Oulu;Jazz;1.79;0.64;1.91;0.73;1.67;0.8;69;60;41;23;0;61;41;41;0;0;0;62;27;Y;Y;Y;Y;N;N;Y
21910;403;422;2016;complete;98;0;-1;18,51,66,72;83,85;4;2;6;4;3;7;3;1;0;0;0;0;15;8;21;18;36;26;13;8;54;46;0;0;1.56;4.31;6.34;0;0;0;0;0;0;0;0;0;0;0;0;0;0;0;0;0;0;0;0;0;0;0;0;0;0;0;0;0;0;0;0;0;0;0;0;0;0;0;0;0;0;0;0;0;0;0;0;0;0;0;0;0;0;0;0;0;0;0;0;0;0;0;0;0;6;1;0;3;2;5;1;2016-09-10 13:00:00;403;0;33;5;15;0;-1;-1;-1;-1;-1;-1;-1;-1;0;0;0;0;0;0;-1;0;0;0;0;0;0;0;0;0;0;0;0;0;1;1;0;0;-1;-1;-1;-1;-1;-1;-1;-1;-1;-1;-1;-1;-1;10;24;67;91;100;33;67;96;58;11.23;1.86;2.65;2.9;JJK;GrIFK;2.21;0.71;2.2;0.64;1.76;1.29;91;77;34;10;0;74;54;45;0;0;0;62;27;Y;Y;Y;Y;Y;Y;Y
21911;416;424;2016;complete;98;0;-1;5,50,57;;3;0;3;8;1;9;2;1;0;2;0;1;10;3;8;7;18;10;8;10;49;51;0;3;1.71;4.03;5.09;0;0;0;0;0;0;0;0;0;0;0;0;0;0;0;0;0;0;0;0;0;0;0;0;0;0;0;0;0;0;0;0;0;0;0;0;0;0;0;0;0;0;0;0;0;0;0;0;0;0;0;0;0;0;0;0;0;0;0;0;0;0;0;0;0;3;1;0;2;0;2;1;2016-09-11 15:30:00;416;0;59;18;36;0;-1;1;-1;-1;-1;-1;-1;-1;0;1;0;2;1;2;-1;0;0;0;0;0;0;0;0;0;0;0;0;0;1;1;1;0;-1;-1;0;0;-1;-1;-1;-1;-1;-1;-1;-1;-1;27;36;50;78;87;23;73;78;55;11.19;5.37;3.18;2.91;Jaro;Haka;1.43;0.71;1.27;0.82;1.6;1.29;73;64;50;23;14;66;53;35;0;0;0;62;27;Y;Y;Y;N;N;N;N
21912;426;423;2016;complete;98;0;-1;;83;0;1;1;9;5;14;4;11;2;3;0;0;8;4;10;5;18;9;9;12;60;40;2;3;1.83;4.04;4.2;0;0;0;0;0;0;0;0;0;0;0;0;0;0;0;0;0;0;0;0;0;0;0;0;0;0;0;0;0;0;0;0;0;0;0;0;0;0;0;0;0;0;0;0;0;0;0;0;0;0;0;0;0;0;0;0;0;0;0;0;0;0;0;0;0;1;0;0;0;1;1;0;2016-09-11 15:30:00;423;0;76;24;39;0;-1;1;-1;-1;-1;-1;-1;-1;0;0;2;3;0;5;-1;0;0;0;0;0;0;0;0;0;0;0;0;0;1;1;0;0;-1;-1;0;0;-1;-1;-1;-1;-1;-1;-1;-1;-1;38;48;77;96;100;57;91;95;53;9.78;3.43;3.59;3.92;KTP;EIF;1.07;0.86;1.18;0.9;1.14;1.19;62;52;23;5;0;69;58;27;0;0;0;62;27;Y;N;N;N;N;N;N
21913;424;423;2016;complete;98;0;-1;3,19;;2;0;2;3;6;9;-1;-1;2;2;0;0;3;0;0;0;3;0;-1;-1;-1;-1;2;2;1.9;3.95;3.98;0;0;0;0;0;0;0;0;0;0;0;0;0;0;0;0;0;0;0;0;0;0;0;0;0;0;0;0;0;0;0;0;0;0;0;0;0;0;0;0;0;0;0;0;0;0;0;0;0;0;0;0;0;0;0;0;0;0;0;0;0;0;0;0;0;2;2;0;0;0;0;2;2016-09-15 15:30:00;424;0;67;29;43;0;-1;1;-1;-1;-1;-1;-1;-1;0;0;2;2;0;4;-1;0;0;0;0;0;0;0;0;0;0;0;0;0;1;1;1;0;-1;-1;0;0;-1;-1;-1;-1;-1;-1;-1;-1;-1;28;48;81;96;100;48;91;91;57;10.33;1.34;3.64;3.66;Haka;EIF;1.69;0.86;1.8;1.09;1.23;1.27;72;53;19;5;0;67;67;33;0;0;0;62;27;Y;Y;N;N;N;N;N
21914;427;416;2016;complete;98;0;-1;41;83;1;1;2;4;11;15;4;3;2;1;0;0;5;7;2;7;7;14;10;9;43;57;2;1;4.95;4.25;1.68;0;0;0;0;0;0;0;0;0;0;0;0;0;0;0;0;0;0;0;0;0;0;0;0;0;0;0;0;0;0;0;0;0;0;0;0;0;0;0;0;0;0;0;0;0;0;0;0;0;0;0;0;0;0;0;0;0;0;0;0;0;0;0;0;0;2;1;0;0;1;1;1;2016-09-15 15:30:00;-1;0;73;17;33;0;-1;1;-1;-1;-1;-1;-1;-1;2;0;0;1;2;1;-1;0;0;0;0;0;0;0;0;0;0;0;0;0;1;1;0;0;-1;-1;0;0;-1;-1;-1;-1;-1;-1;-1;-1;-1;28;50;67;84;100;33;84;95;56;8.17;2.78;3.89;3.39;Jazz;Jaro;0.85;1.92;0.89;2;0.81;1.67;73;50;34;17;0;67;50;33;0;0;0;62;27;Y;Y;N;N;N;N;Y
21915;421;425;2016;complete;98;0;-1;;;0;0;0;7;4;11;7;1;4;2;0;0;4;3;4;7;8;10;13;10;36;64;4;2;2.77;3.75;2.48;0;0;0;0;0;0;0;0;0;0;0;0;0;0;0;0;0;0;0;0;0;0;0;0;0;0;0;0;0;0;0;0;0;0;0;0;0;0;0;0;0;0;0;0;0;0;0;0;0;0;0;0;0;0;0;0;0;0;0;0;0;0;0;0;0;0;0;0;0;0;0;0;2016-09-18 13:00:00;-1;0;65;10;30;0;-1;1;-1;-1;-1;-1;-1;-1;1;2;3;0;3;3;-1;0;0;0;0;0;0;0;0;0;0;0;0;0;1;1;0;0;-1;-1;0;0;-1;-1;-1;-1;-1;-1;-1;-1;-1;25;50;65;90;100;35;85;85;65;11.46;1.7;3.7;3.35;KPV;Oulu;1.46;1.23;1.7;1.4;1.5;1.64;75;50;35;10;0;68;68;45;0;0;0;62;27;N;N;N;N;N;N;N
21916;427;426;2016;complete;98;0;-1;42;76;1;1;2;8;6;14;4;2;2;3;0;0;0;4;4;4;4;8;7;5;59;41;2;3;2.84;3.75;2.43;0;0;0;0;0;0;0;0;0;0;0;0;0;0;0;0;0;0;0;0;0;0;0;0;0;0;0;0;0;0;0;0;0;0;0;0;0;0;0;0;0;0;0;0;0;0;0;0;0;0;0;0;0;0;0;0;0;0;0;0;0;0;0;0;0;2;1;0;0;1;1;1;2016-09-18 15:30:00;-1;0;70;30;40;0;-1;1;-1;-1;-1;-1;-1;-1;1;1;1;2;2;3;-1;0;0;0;0;0;0;0;0;1;0;1;0;0;1;1;0;0;-1;-1;0;0;-1;-1;-1;-1;-1;-1;-1;-1;-1;30;60;70;85;100;45;85;90;55;9;4.3;3.7;3.75;Jazz;KTP;0.85;1;0.9;1.1;0.82;1.09;70;40;30;15;0;79;64;57;0;0;0;62;27;Y;Y;N;N;N;N;Y
21917;422;415;2016;complete;98;0;-1;66;62,83;1;2;3;6;7;13;5;1;3;3;1;0;5;13;3;7;8;20;9;7;-1;-1;4;3;3.48;3.71;2.11;0;0;0;0;0;0;0;0;0;0;0;0;0;0;0;0;0;0;0;0;0;0;0;0;0;0;0;0;0;0;0;0;0;0;0;0;0;0;0;0;0;0;0;0;0;0;0;0;0;0;0;0;0;0;0;0;0;0;0;0;0;0;0;0;0;3;0;0;1;2;3;0;2016-09-18 15:30:00;415;0;50;15;30;0;-1;1;-1;-1;-1;-1;-1;-1;0;1;4;2;1;6;-1;0;0;0;0;0;0;0;0;1;0;1;0;0;1;1;0;0;-1;-1;0;0;-1;-1;-1;-1;-1;-1;-1;-1;-1;20;25;40;70;100;25;80;70;45;9.61;3.7;3.9;2.55;GrIFK;TPS;2;1.77;2;1.6;1.23;1.73;80;75;60;30;0;67;62;53;0;0;0;62;27;Y;Y;Y;N;N;N;Y
21918;403;416;2016;complete;98;0;-1;13,53,88;67;3;1;4;4;3;7;4;3;1;2;0;0;5;8;9;11;14;19;13;12;46;54;1;2;2.44;3.56;2.94;0;0;0;0;0;0;0;0;0;0;0;0;0;0;0;0;0;0;0;0;0;0;0;0;0;0;0;0;0;0;0;0;0;0;0;0;0;0;0;0;0;0;0;0;0;0;0;0;0;0;0;0;0;0;0;0;0;0;0;0;0;0;0;0;0;4;1;0;2;1;3;1;2016-09-19 15:30:00;403;0;53;0;24;0;-1;1;-1;-1;-1;-1;-1;-1;0;0;1;2;0;3;-1;0;0;0;0;0;0;0;0;0;0;0;0;0;1;1;0;0;-1;-1;0;0;-1;-1;-1;-1;-1;-1;-1;-1;-1;19;24;52;86;100;15;72;100;52;11.86;2.03;3.1;2.85;JJK;Jaro;2.21;1.92;2.27;1.9;1.82;1.64;81;77;48;15;0;69;45;38;0;0;0;62;27;Y;Y;Y;Y;N;N;Y
21919;421;416;2016;complete;98;0;-1;;25,65,80;0;3;3;3;3;6;3;1;2;1;0;0;3;7;7;10;10;17;14;11;43;57;2;1;3.2;3.56;2.29;0;0;0;0;0;0;0;0;0;0;0;0;0;0;0;0;0;0;0;0;0;0;0;0;0;0;0;0;0;0;0;0;0;0;0;0;0;0;0;0;0;0;0;0;0;0;0;0;0;0;0;0;0;0;0;0;0;0;0;0;0;0;0;0;0;3;0;1;0;2;2;1;2016-09-25 13:00:00;416;0;64;5;27;0;-1;1;-1;-1;-1;-1;-1;-1;0;0;2;1;0;3;-1;0;0;0;0;0;0;0;0;0;0;0;0;0;1;1;0;0;-1;-1;0;0;-1;-1;-1;-1;-1;-1;-1;-1;-1;27;36;55;82;96;27;78;87;50;11;3.54;4.54;3;KPV;Jaro;1.46;1.92;1.64;1.73;1.48;1.57;73;64;46;18;5;76;69;51;0;0;0;62;27;Y;Y;Y;N;N;N;N
21920;423;422;2016;complete;98;0;-1;25,46;;2;0;2;-1;-1;-1;-1;-1;2;0;0;0;-1;-1;-1;-1;-1;-1;-1;-1;-1;-1;2;0;2.01;3.77;3.74;0;0;0;0;0;0;0;0;0;0;0;0;0;0;0;0;0;0;0;0;0;0;0;0;0;0;0;0;0;0;0;0;0;0;0;0;0;0;0;0;0;0;0;0;0;0;0;0;0;0;0;0;0;0;0;0;0;0;0;0;0;0;0;0;0;2;1;0;1;0;1;1;2016-09-25 13:00:00;423;0;49;18;18;0;-1;1;-1;-1;-1;-1;-1;-1;1;0;1;0;1;1;-1;0;0;0;0;0;0;0;0;0;0;0;0;0;1;1;0;0;-1;-1;0;0;-1;-1;-1;-1;-1;-1;-1;-1;-1;18;26;65;92;100;48;65;92;43;4.57;0.33;4.02;3.04;EIF;GrIFK;1.46;0.71;1.45;0.58;1.22;1.17;83;75;35;9;0;29;29;22;0;0;0;62;27;Y;Y;N;N;N;N;N
21921;427;403;2016;complete;98;0;-1;16;44,67;1;2;3;11;13;24;0;1;0;2;0;0;4;8;3;7;7;15;6;8;53;47;0;2;4.35;3.98;1.82;0;0;0;0;0;0;0;0;0;0;0;0;0;0;0;0;0;0;0;0;0;0;0;0;0;0;0;0;0;0;0;0;0;0;0;0;0;0;0;0;0;0;0;0;0;0;0;0;0;0;0;0;0;0;0;0;0;0;0;0;0;0;0;0;0;3;1;1;0;1;1;2;2016-09-25 15:30:00;403;0;73;27;36;0;-1;1;-1;-1;-1;-1;-1;-1;0;0;0;2;0;2;-1;0;0;0;0;0;0;0;0;0;0;0;0;0;1;1;0;0;-1;-1;0;0;-1;-1;-1;-1;-1;-1;-1;-1;-1;27;55;69;87;100;41;91;87;64;7.21;3.36;3.83;3.5;Jazz;JJK;0.85;1.62;0.91;1.36;0.83;1.87;73;46;32;14;0;63;40;34;0;0;0;62;27;Y;Y;Y;N;N;N;Y
21922;424;425;2016;complete;98;0;-1;59;87;1;1;2;3;4;7;-1;-1;2;0;0;0;4;5;5;4;9;9;-1;-1;-1;-1;2;0;2.71;3.61;2.6;0;0;0;0;0;0;0;0;0;0;0;0;0;0;0;0;0;0;0;0;0;0;0;0;0;0;0;0;0;0;0;0;0;0;0;0;0;0;0;0;0;0;0;0;0;0;0;0;0;0;0;0;0;0;0;0;0;0;0;0;0;0;0;0;0;2;0;0;1;1;2;0;2016-09-25 15:30:00;-1;0;64;18;32;0;-1;1;-1;-1;-1;-1;-1;-1;0;0;2;0;0;2;-1;0;0;0;0;0;0;0;0;0;0;0;0;0;1;1;0;0;-1;-1;0;0;-1;-1;-1;-1;-1;-1;-1;-1;-1;14;41;64;91;96;41;91;82;50;10.61;0;3.45;3.05;Haka;Oulu;1.69;1.23;1.91;1.36;1.3;1.61;87;60;36;9;5;66;54;34;0;0;0;62;27;Y;Y;N;N;N;N;Y
21923;426;415;2016;complete;98;0;-1;8,82,88;15,37,57;3;3;6;3;2;5;0;7;1;2;0;0;8;10;5;10;13;20;14;10;56;44;1;2;2.75;3.71;2.52;0;0;0;0;0;0;0;0;0;0;0;0;0;0;0;0;0;0;0;0;0;0;0;0;0;0;0;0;0;0;0;0;0;0;0;0;0;0;0;0;0;0;0;0;0;0;0;0;0;0;0;0;0;0;0;0;0;0;0;0;0;0;0;0;0;6;1;2;2;1;3;3;2016-09-25 15:30:00;-1;0;65;18;31;0;-1;1;-1;-1;-1;-1;-1;-1;0;0;1;2;0;3;-1;0;0;0;0;0;0;0;0;0;0;0;0;0;1;1;1;0;-1;-1;0;0;-1;-1;-1;-1;-1;-1;-1;-1;-1;26;30;57;83;100;43;74;96;49;10.06;3.92;3.63;3.12;KTP;TPS;1.07;1.77;1.08;1.73;1.09;1.78;75;70;44;18;0;76;66;49;0;0;0;62;27;Y;Y;Y;Y;Y;Y;Y
21924;415;427;2016;complete;98;0;-1;12,37,39,49,62,83;;6;0;6;6;5;11;2;1;1;2;0;0;13;3;10;4;23;7;8;6;52;48;1;2;1.46;5.01;6.85;0;0;0;0;0;0;0;0;0;0;0;0;0;0;0;0;0;0;0;0;0;0;0;0;0;0;0;0;0;0;0;0;0;0;0;0;0;0;0;0;0;0;0;0;0;0;0;0;0;0;0;0;0;0;0;0;0;0;0;0;0;0;0;0;0;6;3;0;3;0;3;3;2016-10-01 13:00:00;415;0;75;29;63;0;-1;1;-1;-1;-1;-1;-1;-1;1;0;0;2;1;2;-1;0;0;0;0;0;0;0;0;0;0;0;0;0;1;1;0;0;-1;-1;0;0;-1;-1;-1;-1;-1;-1;-1;-1;-1;42;59;71;96;100;46;84;92;75;10.65;1.59;3.72;4;TPS;Jazz;2;0.64;1.83;0.75;1.75;0.79;58;42;30;4;0;68;45;45;0;0;0;62;27;Y;Y;Y;Y;Y;Y;N
21925;425;423;2016;complete;98;0;-1;29,31,57,71;3;4;1;5;1;4;5;2;5;0;2;0;0;9;7;11;4;20;11;10;14;60;40;0;2;1.63;4.32;5.46;0;0;0;0;0;0;0;0;0;0;0;0;0;0;0;0;0;0;0;0;0;0;0;0;0;0;0;0;0;0;0;0;0;0;0;0;0;0;0;0;0;0;0;0;0;0;0;0;0;0;0;0;0;0;0;0;0;0;0;0;0;0;0;0;0;5;2;1;2;0;2;3;2016-10-01 13:00:00;425;0;50;21;34;0;-1;1;-1;-1;-1;-1;-1;-1;0;1;0;1;1;1;-1;0;0;0;0;0;0;0;0;0;0;0;0;0;1;1;0;1;-1;-1;0;0;-1;-1;-1;-1;-1;-1;-1;-1;-1;25;46;71;80;100;42;79;88;54;10.7;2.17;3.09;3.46;Oulu;EIF;1.79;0.86;1.83;1;1.58;1.29;75;54;29;21;0;64;51;37;0;0;0;62;27;Y;Y;Y;Y;Y;N;Y
21926;416;426;2016;complete;98;0;-1;42,74,89;79;3;1;4;1;1;2;11;3;0;5;0;0;7;4;10;7;17;11;14;12;48;52;0;5;1.56;4.44;6.12;0;0;0;0;0;0;0;0;0;0;0;0;0;0;0;0;0;0;0;0;0;0;0;0;0;0;0;0;0;0;0;0;0;0;0;0;0;0;0;0;0;0;0;0;0;0;0;0;0;0;0;0;0;0;0;0;0;0;0;0;0;0;0;0;0;4;1;0;2;1;3;1;2016-10-02 15:30:00;416;0;53;22;31;0;-1;1;-1;-1;-1;-1;-1;-1;0;1;0;4;1;4;-1;0;0;0;0;0;0;0;0;0;0;0;0;0;1;1;0;0;-1;-1;0;0;-1;-1;-1;-1;-1;-1;-1;-1;-1;26;39;49;79;92;35;75;87;43;10.42;6.69;3.42;3.1;Jaro;KTP;1.43;1;1.42;1.09;1.63;1.08;74;61;52;22;9;78;63;54;0;0;0;62;27;Y;Y;Y;Y;N;N;Y
21927;403;421;2016;complete;98;0;-1;;15;0;1;1;12;3;15;2;0;1;4;0;0;19;7;27;5;46;12;11;17;63;37;1;4;1.55;4.5;6.15;0;0;0;0;0;0;0;0;0;0;0;0;0;0;0;0;0;0;0;0;0;0;0;0;0;0;0;0;0;0;0;0;0;0;0;0;0;0;0;0;0;0;0;0;0;0;0;0;0;0;0;0;0;0;0;0;0;0;0;0;0;0;0;0;0;1;0;1;0;0;0;1;2016-10-02 15:30:00;421;0;42;4;38;0;-1;1;-1;-1;-1;-1;-1;-1;0;1;1;3;1;4;-1;0;0;0;0;0;0;0;0;0;0;0;0;0;1;1;0;0;-1;-1;0;0;-1;-1;-1;-1;-1;-1;-1;-1;-1;25;33;67;84;96;17;67;96;67;11.84;1.42;3;3.21;JJK;KPV;2.21;1.43;2.33;1.33;1.92;1.42;75;67;33;17;4;73;46;40;0;0;0;62;27;Y;N;N;N;N;N;N
21928;422;424;2016;complete;98;0;-1;77;;1;0;1;9;3;12;1;1;1;1;0;1;10;7;11;9;21;16;14;12;54;46;1;2;2.57;3.57;2.77;0;0;0;0;0;0;0;0;0;0;0;0;0;0;0;0;0;0;0;0;0;0;0;0;0;0;0;0;0;0;0;0;0;0;0;0;0;0;0;0;0;0;0;0;0;0;0;0;0;0;0;0;0;0;0;0;0;0;0;0;0;0;0;0;0;1;0;0;1;0;1;0;2016-10-02 15:30:00;422;0;61;13;39;0;-1;1;-1;-1;-1;-1;-1;-1;1;0;0;2;1;2;-1;0;0;0;0;0;0;0;0;0;0;0;0;0;1;1;0;0;-1;-1;0;0;-1;-1;-1;-1;-1;-1;-1;-1;-1;22;26;52;74;96;18;83;65;52;11.2;3.65;4.47;2.72;GrIFK;Haka;2;0.71;1.82;0.75;1.13;1.29;79;75;49;27;4;71;52;45;0;0;0;62;27;Y;N;N;N;N;N;N
21929;424;403;2016;complete;98;0;-1;4,10;43,51,55,63;2;4;6;3;6;9;-1;-1;2;0;0;0;5;7;2;3;7;10;-1;-1;-1;-1;2;0;3.17;3.65;2.27;0;0;0;0;0;0;0;0;0;0;0;0;0;0;0;0;0;0;0;0;0;0;0;0;0;0;0;0;0;0;0;0;0;0;0;0;0;0;0;0;0;0;0;0;0;0;0;0;0;0;0;0;0;0;0;0;0;0;0;0;0;0;0;0;0;6;2;1;0;3;3;3;2016-10-15 12:00:00;403;0;67;29;38;0;-1;1;-1;-1;-1;-1;-1;-1;0;0;2;0;0;2;-1;0;0;0;0;0;0;0;0;1;0;1;0;0;1;1;2;0;-1;-1;0;0;-1;-1;-1;-1;-1;-1;-1;-1;-1;21;38;67;92;100;50;92;83;54;9.11;0.83;4.09;3.21;Haka;JJK;1.69;1.62;1.83;1.5;1.24;1.84;79;63;33;9;0;59;35;25;0;0;0;62;27;Y;Y;Y;Y;Y;Y;Y
21930;425;415;2016;complete;98;0;-1;;55;0;1;1;8;6;14;-1;-1;4;1;0;0;0;0;0;0;0;0;-1;-1;-1;-1;4;1;2.33;3.61;3.08;0;0;0;0;0;0;0;0;0;0;0;0;0;0;0;0;0;0;0;0;0;0;0;0;0;0;0;0;0;0;0;0;0;0;0;0;0;0;0;0;0;0;0;0;0;0;0;0;0;0;0;0;0;0;0;0;0;0;0;0;0;0;0;0;0;1;0;0;0;1;1;0;2016-10-15 12:00:00;415;0;52;24;33;0;-1;1;-1;-1;-1;-1;-1;-1;2;1;2;0;3;2;-1;0;0;0;0;0;0;0;0;0;0;0;0;0;1;1;0;0;-1;-1;2;0;-1;-1;-1;-1;-1;-1;-1;-1;-1;24;40;64;76;100;36;72;92;61;9.6;2.43;2.89;3.2;Oulu;TPS;1.79;1.77;1.92;1.67;1.64;1.8;76;61;37;24;0;57;52;45;0;0;0;62;27;Y;N;N;N;N;N;N
21931;423;416;2016;complete;98;0;-1;9;39,66;1;2;3;-1;-1;-1;-1;-1;0;3;0;0;-1;-1;-1;-1;-1;-1;-1;-1;-1;-1;0;3;3.93;3.87;1.95;0;0;0;0;0;0;0;0;0;0;0;0;0;0;0;0;0;0;0;0;0;0;0;0;0;0;0;0;0;0;0;0;0;0;0;0;0;0;0;0;0;0;0;0;0;0;0;0;0;0;0;0;0;0;0;0;0;0;0;0;0;0;0;0;0;3;1;1;0;1;1;2;2016-10-15 12:00:00;416;0;59;13;21;0;-1;1;-1;-1;-1;-1;-1;-1;0;0;0;3;0;3;-1;0;0;0;0;0;0;0;0;0;0;0;0;0;1;1;1;0;-1;-1;0;0;-1;-1;-1;-1;-1;-1;-1;-1;-1;17;21;50;88;100;30;71;96;38;5.22;0.42;4.55;2.75;EIF;Jaro;1.46;1.92;1.58;1.83;1.24;1.68;83;79;50;13;0;28;22;17;0;0;0;62;27;Y;Y;Y;N;N;N;Y
21932;422;427;2016;complete;98;0;-1;45,52;;2;0;2;12;5;17;1;0;1;3;0;0;5;7;8;5;13;12;12;6;40;60;1;3;1.63;4.46;5.25;0;0;0;0;0;0;0;0;0;0;0;0;0;0;0;0;0;0;0;0;0;0;0;0;0;0;0;0;0;0;0;0;0;0;0;0;0;0;0;0;0;0;0;0;0;0;0;0;0;0;0;0;0;0;0;0;0;0;0;0;0;0;0;0;0;2;1;0;1;0;1;1;2016-10-15 12:00:00;422;0;56;20;36;0;-1;1;-1;-1;-1;-1;-1;-1;0;1;1;2;1;3;-1;0;0;0;0;0;0;0;0;0;0;0;0;0;1;1;0;0;-1;-1;0;0;-1;-1;-1;-1;-1;-1;-1;-1;-1;32;36;48;75;100;36;76;72;48;9.88;4.29;4.75;3.09;GrIFK;Jazz;2;0.64;1.92;0.69;1.2;0.76;69;65;53;25;0;76;60;60;0;0;0;62;27;Y;Y;N;N;N;N;N
21933;421;426;2016;complete;98;0;-1;72;86;1;1;2;5;7;12;-1;-1;3;3;0;0;2;2;0;0;2;2;-1;-1;-1;-1;3;3;2.84;3.94;2.35;0;0;0;0;0;0;0;0;0;0;0;0;0;0;0;0;0;0;0;0;0;0;0;0;0;0;0;0;0;0;0;0;0;0;0;0;0;0;0;0;0;0;0;0;0;0;0;0;0;0;0;0;0;0;0;0;0;0;0;0;0;0;0;0;0;2;0;0;1;1;2;0;2016-10-15 12:00:00;-1;0;59;17;34;0;-1;1;-1;-1;-1;-1;-1;-1;0;1;3;2;1;5;-1;0;0;0;0;0;0;0;0;1;0;1;0;0;1;1;0;0;-1;-1;0;0;-1;-1;-1;-1;-1;-1;-1;-1;-1;29;46;63;83;96;38;79;84;55;10.44;4.59;4.75;3.38;KPV;KTP;1.46;1;1.5;1;1.48;1.04;71;54;38;17;4;78;73;62;0;0;0;62;27;Y;Y;N;N;N;N;Y
21934;427;421;2016;complete;98;0;-1;67;89;1;1;2;1;9;10;1;2;2;0;0;0;2;5;3;12;5;17;8;6;44;56;2;0;0;0;0;0;0;0;0;0;0;0;0;0;0;0;0;0;0;0;0;0;0;0;0;0;0;0;0;0;0;0;0;0;0;0;0;0;0;0;0;0;0;0;0;0;0;0;0;0;0;0;0;0;0;0;0;0;0;0;0;0;0;0;0;0;0;0;0;0;2;0;0;1;1;2;0;2016-10-22 12:00:00;-1;0;61;21;36;0;-1;1;-1;-1;-1;-1;-1;-1;0;0;2;0;0;2;-1;0;0;0;0;0;0;0;0;0;0;0;0;0;1;1;0;0;-1;-1;0;0;-1;-1;-1;-1;-1;-1;-1;-1;-1;28;45;69;81;96;33;81;89;56;10.45;2.3;3.73;3.38;Jazz;KPV;0.85;1.43;0.83;1.46;0.73;1.46;72;56;32;20;4;84;67;56;0;0;0;62;27;Y;Y;N;N;N;N;Y
21935;426;424;2016;complete;98;0;-1;15,27,87;24,44,54;3;3;6;0;5;5;2;5;1;0;0;0;9;11;7;5;16;16;6;12;53;47;1;0;2.11;3.97;3.29;0;0;0;0;0;0;0;0;0;0;0;0;0;0;0;0;0;0;0;0;0;0;0;0;0;0;0;0;0;0;0;0;0;0;0;0;0;0;0;0;0;0;0;0;0;0;0;0;0;0;0;0;0;0;0;0;0;0;0;0;0;0;0;0;0;6;2;2;1;1;2;4;2016-10-22 12:00:00;-1;0;70;19;35;0;-1;1;-1;-1;-1;-1;-1;-1;0;0;1;0;0;1;-1;0;0;0;0;0;0;0;0;0;0;0;0;0;1;1;0;0;-1;-1;0;0;-1;-1;-1;-1;-1;-1;-1;-1;-1;31;35;62;81;96;39;81;89;50;10.63;3.47;3.85;3.27;KTP;Haka;1.07;0.71;1.08;0.69;1.04;1.19;70;66;38;19;4;74;53;37;0;0;0;62;27;Y;Y;Y;Y;Y;Y;Y
21936;415;423;2016;complete;98;0;-1;53,63,87;;3;0;3;2;5;7;-1;-1;0;1;0;0;7;3;5;2;12;5;-1;-1;-1;-1;0;1;1.26;6.7;9.99;0;0;0;0;0;0;0;0;0;0;0;0;0;0;0;0;0;0;0;0;0;0;0;0;0;0;0;0;0;0;0;0;0;0;0;0;0;0;0;0;0;0;0;0;0;0;0;0;0;0;0;0;0;0;0;0;0;0;0;0;0;0;0;0;0;3;0;0;3;0;3;0;2016-10-22 12:00:00;415;0;70;27;58;0;-1;1;-1;-1;-1;-1;-1;-1;0;1;0;0;1;0;-1;0;0;0;0;0;0;0;0;0;0;0;0;0;1;1;0;0;-1;-1;0;0;-1;-1;-1;-1;-1;-1;-1;-1;-1;42;62;81;96;100;50;89;93;77;11.33;1.77;3.11;4.12;TPS;EIF;2;0.86;1.92;0.92;1.85;1.19;58;39;19;4;0;65;50;38;0;0;0;62;27;Y;Y;Y;N;N;N;N
21937;403;425;2016;complete;98;0;-1;8,55;90;2;1;3;5;1;6;5;1;2;1;0;0;12;7;10;13;22;20;13;13;37;63;2;1;1.53;4.52;6.45;0;0;0;0;0;0;0;0;0;0;0;0;0;0;0;0;0;0;0;0;0;0;0;0;0;0;0;0;0;0;0;0;0;0;0;0;0;0;0;0;0;0;0;0;0;0;0;0;0;0;0;0;0;0;0;0;0;0;0;0;0;0;0;0;0;3;1;0;1;1;2;1;2016-10-22 12:00:00;403;0;53;4;32;0;-1;1;-1;-1;-1;-1;-1;-1;0;0;2;1;0;3;-1;0;0;0;0;0;0;0;0;1;0;1;0;0;1;1;1;0;-1;-1;0;0;-1;-1;-1;-1;-1;-1;-1;-1;-1;12;37;56;84;96;17;72;88;64;12.13;1.16;2.33;2.88;JJK;Oulu;2.21;1.23;2.15;1.33;1.88;1.58;89;64;44;16;4;57;44;38;0;0;0;62;27;Y;Y;Y;N;N;N;Y
21938;416;422;2016;complete;98;0;-1;18,88;4,41,46,62;2;4;6;7;4;11;2;5;0;2;0;0;9;7;15;7;24;14;13;12;60;40;0;2;1.33;5.75;9.55;0;0;0;0;0;0;0;0;0;0;0;0;0;0;0;0;0;0;0;0;0;0;0;0;0;0;0;0;0;0;0;0;0;0;0;0;0;0;0;0;0;0;0;0;0;0;0;0;0;0;0;0;0;0;0;0;0;0;0;0;0;0;0;0;0;6;1;2;1;2;3;3;2016-10-22 12:00:00;422;0;42;12;23;0;-1;1;-1;-1;-1;-1;-1;-1;0;1;0;1;1;1;-1;0;0;0;0;0;0;0;0;0;0;0;0;0;1;1;0;1;-1;-1;0;0;-1;-1;-1;-1;-1;-1;-1;-1;-1;19;35;58;85;93;35;73;89;50;8.95;6;2.54;3;Jaro;GrIFK;1.43;0.71;1.54;0.54;1.73;1.27;81;66;43;16;8;60;52;37;0;0;0;62;27;Y;Y;Y;Y;Y;Y;Y
