ID;HOMEID;AWAYID;SEASON;STATUS;ROUNDID;GAME_WEEK;REVISED_GAME_WEEK;HOMEGOALS;AWAYGOALS;HOMEGOALCOUNT;AWAYGOALCOUNT;TOTALGOALCOUNT;TEAM_A_CORNERS;TEAM_B_CORNERS;TOTALCORNERCOUNT;TEAM_A_OFFSIDES;TEAM_B_OFFSIDES;TEAM_A_YELLOW_CARDS;TEAM_B_YELLOW_CARDS;TEAM_A_RED_CARDS;TEAM_B_RED_CARDS;TEAM_A_SHOTSONTARGET;TEAM_B_SHOTSONTARGET;TEAM_A_SHOTSOFFTARGET;TEAM_B_SHOTSOFFTARGET;TEAM_A_SHOTS;TEAM_B_SHOTS;TEAM_A_FOULS;TEAM_B_FOULS;TEAM_A_POSSESSION;TEAM_B_POSSESSION;TEAM_A_CARDS_NUM;TEAM_B_CARDS_NUM;ODDS_FT_1;ODDS_FT_X;ODDS_FT_2;ODDS_FT_OVER05;ODDS_FT_OVER15;ODDS_FT_OVER25;ODDS_FT_OVER35;ODDS_FT_OVER45;ODDS_FT_UNDER05;ODDS_FT_UNDER15;ODDS_FT_UNDER25;ODDS_FT_UNDER35;ODDS_FT_UNDER45;ODDS_BTTS_YES;ODDS_BTTS_NO;ODDS_TEAM_A_CS_YES;ODDS_TEAM_A_CS_NO;ODDS_TEAM_B_CS_YES;ODDS_TEAM_B_CS_NO;ODDS_DOUBLECHANCE_1X;ODDS_DOUBLECHANCE_12;ODDS_DOUBLECHANCE_X2;ODDS_1ST_HALF_RESULT_1;ODDS_1ST_HALF_RESULT_X;ODDS_1ST_HALF_RESULT_2;ODDS_2ND_HALF_RESULT_1;ODDS_2ND_HALF_RESULT_X;ODDS_2ND_HALF_RESULT_2;ODDS_DNB_1;ODDS_DNB_2;ODDS_CORNERS_OVER_75;ODDS_CORNERS_OVER_85;ODDS_CORNERS_OVER_95;ODDS_CORNERS_OVER_105;ODDS_CORNERS_OVER_115;ODDS_CORNERS_UNDER_75;ODDS_CORNERS_UNDER_85;ODDS_CORNERS_UNDER_95;ODDS_CORNERS_UNDER_105;ODDS_CORNERS_UNDER_115;ODDS_CORNERS_1;ODDS_CORNERS_X;ODDS_CORNERS_2;ODDS_TEAM_TO_SCORE_FIRST_1;ODDS_TEAM_TO_SCORE_FIRST_X;ODDS_TEAM_TO_SCORE_FIRST_2;ODDS_WIN_TO_NIL_1;ODDS_WIN_TO_NIL_2;ODDS_1ST_HALF_OVER05;ODDS_1ST_HALF_OVER15;ODDS_1ST_HALF_OVER25;ODDS_1ST_HALF_OVER35;ODDS_1ST_HALF_UNDER05;ODDS_1ST_HALF_UNDER15;ODDS_1ST_HALF_UNDER25;ODDS_1ST_HALF_UNDER35;ODDS_2ND_HALF_OVER05;ODDS_2ND_HALF_OVER15;ODDS_2ND_HALF_OVER25;ODDS_2ND_HALF_OVER35;ODDS_2ND_HALF_UNDER05;ODDS_2ND_HALF_UNDER15;ODDS_2ND_HALF_UNDER25;ODDS_2ND_HALF_UNDER35;ODDS_BTTS_1ST_HALF_YES;ODDS_BTTS_1ST_HALF_NO;ODDS_BTTS_2ND_HALF_YES;ODDS_BTTS_2ND_HALF_NO;OVERALLGOALCOUNT;HT_GOALS_TEAM_A;HT_GOALS_TEAM_B;GOALS_2HG_TEAM_A;GOALS_2HG_TEAM_B;GOALCOUNT_2HG;HTGOALCOUNT;DATE_UNIX;WINNINGTEAM;NO_HOME_AWAY;BTTS_POTENTIAL;BTTS_FHG_POTENTIAL;BTTS_2HG_POTENTIAL;GOALTIMINGDISABLED;CORNER_TIMINGS_RECORDED;CARD_TIMINGS_RECORDED;TEAM_A_FH_CORNERS;TEAM_B_FH_CORNERS;TEAM_A_2H_CORNERS;TEAM_B_2H_CORNERS;CORNER_FH_COUNT;CORNER_2H_COUNT;TEAM_A_FH_CARDS;TEAM_B_FH_CARDS;TEAM_A_2H_CARDS;TEAM_B_2H_CARDS;TOTAL_FH_CARDS;TOTAL_2H_CARDS;ATTACKS_RECORDED;TEAM_A_DANGEROUS_ATTACKS;TEAM_B_DANGEROUS_ATTACKS;TEAM_A_ATTACKS;TEAM_B_ATTACKS;TEAM_A_XG;TEAM_B_XG;TOTAL_XG;TEAM_A_PENALTIES_WON;TEAM_B_PENALTIES_WON;TEAM_A_PENALTY_GOALS;TEAM_B_PENALTY_GOALS;TEAM_A_PENALTY_MISSED;TEAM_B_PENALTY_MISSED;PENS_RECORDED;GOAL_TIMINGS_RECORDED;TEAM_A_0_10_MIN_GOALS;TEAM_B_0_10_MIN_GOALS;TEAM_A_CORNERS_0_10_MIN;TEAM_B_CORNERS_0_10_MIN;TEAM_A_CARDS_0_10_MIN;TEAM_B_CARDS_0_10_MIN;THROWINS_RECORDED;TEAM_A_THROWINS;TEAM_B_THROWINS;FREEKICKS_RECORDED;TEAM_A_FREEKICKS;TEAM_B_FREEKICKS;GOALKICKS_RECORDED;TEAM_A_GOALKICKS;TEAM_B_GOALKICKS;O45_POTENTIAL;O35_POTENTIAL;O25_POTENTIAL;O15_POTENTIAL;O05_POTENTIAL;O15HT_POTENTIAL;O05HT_POTENTIAL;O05_2H_POTENTIAL;O15_2H_POTENTIAL;CORNERS_POTENTIAL;OFFSIDES_POTENTIAL;CARDS_POTENTIAL;AVG_POTENTIAL;HOME_NAME;AWAY_NAME;HOME_PPG;AWAY_PPG;PRE_MATCH_HOME_PPG;PRE_MATCH_AWAY_PPG;PRE_MATCH_TEAMA_OVERALL_PPG;PRE_MATCH_TEAMB_OVERALL_PPG;U45_POTENTIAL;U35_POTENTIAL;U25_POTENTIAL;U15_POTENTIAL;U05_POTENTIAL;CORNERS_O85_POTENTIAL;CORNERS_O95_POTENTIAL;CORNERS_O105_POTENTIAL;TEAM_A_XG_PREMATCH;TEAM_B_XG_PREMATCH;TOTAL_XG_PREMATCH;COMPETITION_ID;MATCHES_COMPLETED_MINIMUM;OVER05;OVER15;OVER25;OVER35;OVER45;OVER55;BTTS
21939;425;414;2015;complete;99;1;-1;10;21,26,36;1;3;4;5;3;8;1;7;1;1;0;0;2;3;5;1;7;4;12;13;54;46;1;1;2.67;3.35;2.79;0;0;0;0;0;0;0;0;0;0;0;0;0;0;0;0;0;0;0;0;0;0;0;0;0;0;0;0;0;0;0;0;0;0;0;0;0;0;0;0;0;0;0;0;0;0;0;0;0;0;0;0;0;0;0;0;0;0;0;0;0;0;0;0;0;4;1;3;0;0;0;4;2015-05-02 13:00:00;414;0;0;0;0;0;-1;1;-1;-1;-1;-1;-1;-1;0;0;1;1;0;2;-1;0;0;0;0;0;0;0;0;0;0;0;0;0;1;1;1;0;-1;-1;0;0;-1;-1;-1;-1;-1;-1;-1;-1;-1;0;0;0;0;0;0;0;0;0;0;0;0;0;Oulu;PK-35 Vantaa;2.14;1.46;0;0;0;0;0;0;0;0;0;0;0;0;0;0;0;63;27;Y;Y;Y;Y;N;N;Y
21940;423;429;2015;complete;99;1;-1;83;8;1;1;2;-1;-1;-1;-1;-1;1;2;0;1;-1;-1;-1;-1;-1;-1;-1;-1;-1;-1;1;3;1.93;3.63;4.25;0;0;0;0;0;0;0;0;0;0;0;0;0;0;0;0;0;0;0;0;0;0;0;0;0;0;0;0;0;0;0;0;0;0;0;0;0;0;0;0;0;0;0;0;0;0;0;0;0;0;0;0;0;0;0;0;0;0;0;0;0;0;0;0;0;2;0;1;1;0;1;1;2015-05-02 13:00:00;-1;0;0;0;0;0;-1;1;-1;-1;-1;-1;-1;-1;0;2;1;1;2;2;-1;0;0;0;0;0;0;0;0;0;0;0;0;0;1;1;0;1;-1;-1;0;0;-1;-1;-1;-1;-1;-1;-1;-1;-1;0;0;0;0;0;0;0;0;0;0;0;0;0;EIF;VIFK;1.23;0.36;0;0;0;0;0;0;0;0;0;0;0;0;0;0;0;63;27;Y;Y;N;N;N;N;Y
21941;403;424;2015;complete;99;1;-1;30,63;48,88;2;2;4;-1;-1;-1;-1;-1;2;3;0;0;-1;-1;-1;-1;-1;-1;-1;-1;-1;-1;2;3;2.66;3.48;2.72;0;0;0;0;0;0;0;0;0;0;0;0;0;0;0;0;0;0;0;0;0;0;0;0;0;0;0;0;0;0;0;0;0;0;0;0;0;0;0;0;0;0;0;0;0;0;0;0;0;0;0;0;0;0;0;0;0;0;0;0;0;0;0;0;0;4;1;0;1;2;3;1;2015-05-02 13:00:00;-1;0;0;0;0;0;-1;1;-1;-1;-1;-1;-1;-1;1;1;1;2;2;3;-1;0;0;0;0;0;0;0;0;0;0;0;0;0;1;1;0;0;-1;-1;0;0;-1;-1;-1;-1;-1;-1;-1;-1;-1;0;0;0;0;0;0;0;0;0;0;0;0;0;JJK;Haka;1.79;0.77;0;0;0;0;0;0;0;0;0;0;0;0;0;0;0;63;27;Y;Y;Y;Y;N;N;Y
21942;415;427;2015;complete;99;1;-1;;68,86;0;2;2;5;6;11;6;3;3;2;0;0;9;3;10;2;19;5;9;16;45;55;3;2;1.63;4.16;5.69;0;0;0;0;0;0;0;0;0;0;0;0;0;0;0;0;0;0;0;0;0;0;0;0;0;0;0;0;0;0;0;0;0;0;0;0;0;0;0;0;0;0;0;0;0;0;0;0;0;0;0;0;0;0;0;0;0;0;0;0;0;0;0;0;0;2;0;0;0;2;2;0;2015-05-02 13:00:00;427;0;0;0;0;0;-1;1;-1;-1;-1;-1;-1;-1;3;0;0;2;3;2;-1;0;0;0;0;0;0;0;0;0;0;0;0;0;1;1;0;0;-1;-1;0;0;-1;-1;-1;-1;-1;-1;-1;-1;-1;0;0;0;0;0;0;0;0;0;0;0;0;0;TPS;Jazz;2;1;0;0;0;0;0;0;0;0;0;0;0;0;0;0;0;63;27;Y;Y;N;N;N;N;N
21943;428;405;2015;complete;99;1;-1;;68;0;1;1;-1;-1;-1;-1;-1;2;1;0;0;-1;-1;-1;-1;-1;-1;-1;-1;-1;-1;2;1;3.52;3.48;2.18;0;0;0;0;0;0;0;0;0;0;0;0;0;0;0;0;0;0;0;0;0;0;0;0;0;0;0;0;0;0;0;0;0;0;0;0;0;0;0;0;0;0;0;0;0;0;0;0;0;0;0;0;0;0;0;0;0;0;0;0;0;0;0;0;0;1;0;0;0;1;1;0;2015-05-02 13:00:00;405;0;0;0;0;0;-1;1;-1;-1;-1;-1;-1;-1;0;0;2;1;0;3;-1;0;0;0;0;0;0;0;0;0;0;0;0;0;1;1;0;0;-1;-1;0;0;-1;-1;-1;-1;-1;-1;-1;-1;-1;0;0;0;0;0;0;0;0;0;0;0;0;0;MP;PS Kemi;0.85;1.5;0;0;0;0;0;0;0;0;0;0;0;0;0;0;0;63;27;Y;N;N;N;N;N;N
21944;425;415;2015;complete;99;2;-1;;;0;0;0;4;1;5;4;4;2;3;0;0;5;2;4;3;9;5;12;16;51;49;2;3;2.38;3.46;3.07;0;0;0;0;0;0;0;0;0;0;0;0;0;0;0;0;0;0;0;0;0;0;0;0;0;0;0;0;0;0;0;0;0;0;0;0;0;0;0;0;0;0;0;0;0;0;0;0;0;0;0;0;0;0;0;0;0;0;0;0;0;0;0;0;0;0;0;0;0;0;0;0;2015-05-09 12:00:00;-1;0;50;50;0;0;-1;1;-1;-1;-1;-1;-1;-1;1;2;1;1;3;2;-1;0;0;0;0;0;0;0;0;0;0;0;0;0;1;1;0;0;-1;-1;0;0;-1;-1;-1;-1;-1;-1;-1;-1;-1;0;50;50;50;50;50;50;0;0;5;1;1;2;Oulu;TPS;2.14;1.62;0;0;0;0;50;0;0;0;0;0;0;0;0;0;0;63;27;N;N;N;N;N;N;N
21945;423;427;2015;complete;99;2;-1;54;90;1;1;2;-1;-1;-1;-1;-1;1;4;0;0;-1;-1;-1;-1;-1;-1;-1;-1;-1;-1;1;4;2.49;3.33;3.01;0;0;0;0;0;0;0;0;0;0;0;0;0;0;0;0;0;0;0;0;0;0;0;0;0;0;0;0;0;0;0;0;0;0;0;0;0;0;0;0;0;0;0;0;0;0;0;0;0;0;0;0;0;0;0;0;0;0;0;0;0;0;0;0;0;2;0;0;1;1;2;0;2015-05-09 12:00:00;-1;0;50;0;0;0;-1;1;-1;-1;-1;-1;-1;-1;0;3;1;1;3;2;-1;0;0;0;0;0;0;0;0;0;0;0;0;0;1;1;0;0;-1;-1;0;0;-1;-1;-1;-1;-1;-1;-1;-1;-1;0;0;0;100;100;0;50;100;50;6;2;3;2;EIF;Jazz;1.23;1;1;3;1;3;100;100;100;0;0;50;50;50;0;0;0;63;27;Y;Y;N;N;N;N;Y
21946;405;424;2015;complete;99;2;-1;47,50,82;12,88;3;2;5;-1;-1;-1;-1;-1;2;1;0;0;-1;-1;-1;-1;-1;-1;-1;-1;-1;-1;2;1;2.6;3.4;2.81;0;0;0;0;0;0;0;0;0;0;0;0;0;0;0;0;0;0;0;0;0;0;0;0;0;0;0;0;0;0;0;0;0;0;0;0;0;0;0;0;0;0;0;0;0;0;0;0;0;0;0;0;0;0;0;0;0;0;0;0;0;0;0;0;0;5;0;1;3;1;4;1;2015-05-09 12:00:00;405;0;50;0;50;0;-1;1;-1;-1;-1;-1;-1;-1;1;0;1;1;1;2;-1;0;0;0;0;0;0;0;0;0;0;0;0;0;1;1;0;0;-1;-1;0;0;-1;-1;-1;-1;-1;-1;-1;-1;-1;0;50;50;50;50;0;50;50;50;0;0;3;2;PS Kemi;Haka;2.46;0.77;0;1;3;1;50;0;0;0;0;0;0;0;0;0;0;63;27;Y;Y;Y;Y;Y;N;Y
21947;428;403;2015;complete;99;2;-1;29;;1;0;1;-1;-1;-1;-1;-1;1;2;0;0;-1;-1;-1;-1;-1;-1;-1;-1;-1;-1;1;2;4.3;3.51;1.93;0;0;0;0;0;0;0;0;0;0;0;0;0;0;0;0;0;0;0;0;0;0;0;0;0;0;0;0;0;0;0;0;0;0;0;0;0;0;0;0;0;0;0;0;0;0;0;0;0;0;0;0;0;0;0;0;0;0;0;0;0;0;0;0;0;1;1;0;0;0;0;1;2015-05-10 15:30:00;428;0;0;0;0;0;-1;1;-1;-1;-1;-1;-1;-1;0;1;1;1;1;2;-1;0;0;0;0;0;0;0;0;0;0;0;0;0;1;1;0;0;-1;-1;0;0;-1;-1;-1;-1;-1;-1;-1;-1;-1;0;0;0;0;50;0;0;50;0;0;0;2;0.5;MP;JJK;0.85;1.62;0;0;0;1;50;50;50;50;0;0;0;0;0;0;0;63;27;Y;N;N;N;N;N;N
21948;414;429;2015;complete;99;2;-1;3,75;;2;0;2;6;7;13;4;2;1;2;0;0;4;5;3;3;7;8;14;13;49;51;1;2;1.41;4.71;8.64;0;0;0;0;0;0;0;0;0;0;0;0;0;0;0;0;0;0;0;0;0;0;0;0;0;0;0;0;0;0;0;0;0;0;0;0;0;0;0;0;0;0;0;0;0;0;0;0;0;0;0;0;0;0;0;0;0;0;0;0;0;0;0;0;0;2;1;0;1;0;1;1;2015-05-10 15:30:00;414;0;50;0;0;0;-1;1;-1;-1;-1;-1;-1;-1;1;1;0;1;2;1;-1;0;0;0;0;0;0;0;0;0;0;0;0;0;1;1;1;0;-1;-1;0;0;-1;-1;-1;-1;-1;-1;-1;-1;-1;0;0;0;50;50;0;50;50;0;0;0;3;1;PK-35 Vantaa;VIFK;2.14;0.36;0;1;3;1;50;50;50;0;0;0;0;0;0;0;0;63;27;Y;Y;N;N;N;N;N
21949;429;428;2015;complete;99;3;-1;90;55,70;1;2;3;8;8;16;4;6;1;0;0;0;6;3;8;5;14;8;10;10;52;48;1;0;2.03;3.46;3.95;0;0;0;0;0;0;0;0;0;0;0;0;0;0;0;0;0;0;0;0;0;0;0;0;0;0;0;0;0;0;0;0;0;0;0;0;0;0;0;0;0;0;0;0;0;0;0;0;0;0;0;0;0;0;0;0;0;0;0;0;0;0;0;0;0;3;0;0;1;2;3;0;2015-05-13 15:30:00;428;0;0;0;0;0;-1;1;-1;-1;-1;-1;-1;-1;0;0;1;0;0;1;-1;0;0;0;0;0;0;0;0;0;0;0;0;0;1;1;0;0;-1;-1;0;0;-1;-1;-1;-1;-1;-1;-1;-1;-1;0;0;0;0;0;0;0;0;0;0;0;0;0;VIFK;MP;0.69;0.43;0;0;0.5;1.5;0;0;0;0;0;0;0;0;0;0;0;63;27;Y;Y;Y;N;N;N;Y
21950;424;414;2015;complete;99;3;-1;70,85;79;2;1;3;-1;-1;-1;-1;-1;0;2;0;0;-1;-1;-1;-1;-1;-1;-1;-1;-1;-1;0;2;2.85;3.57;2.48;0;0;0;0;0;0;0;0;0;0;0;0;0;0;0;0;0;0;0;0;0;0;0;0;0;0;0;0;0;0;0;0;0;0;0;0;0;0;0;0;0;0;0;0;0;0;0;0;0;0;0;0;0;0;0;0;0;0;0;0;0;0;0;0;0;3;0;0;2;1;3;0;2015-05-13 15:30:00;424;0;50;50;0;0;-1;1;-1;-1;-1;-1;-1;-1;0;1;0;1;1;1;-1;0;0;0;0;0;0;0;0;0;0;0;0;0;1;1;0;0;-1;-1;0;0;-1;-1;-1;-1;-1;-1;-1;-1;-1;0;50;50;50;50;50;50;0;0;3;7;1;2;Haka;PK-35 Vantaa;2.21;1.46;0;3;0.5;3;50;0;0;0;0;0;0;0;0;0;0;63;27;Y;Y;Y;N;N;N;Y
21951;403;423;2015;complete;99;3;-1;45,71;23;2;1;3;20;5;25;5;0;1;1;0;0;16;4;14;7;30;11;11;13;64;36;1;1;1.82;3.71;4.63;0;0;0;0;0;0;0;0;0;0;0;0;0;0;0;0;0;0;0;0;0;0;0;0;0;0;0;0;0;0;0;0;0;0;0;0;0;0;0;0;0;0;0;0;0;0;0;0;0;0;0;0;0;0;0;0;0;0;0;0;0;0;0;0;0;3;1;1;1;0;1;2;2015-05-13 15:30:00;403;0;50;0;50;0;-1;1;-1;-1;-1;-1;-1;-1;0;1;1;0;1;1;-1;0;0;0;0;0;0;0;0;0;0;0;0;0;1;1;0;0;-1;-1;0;0;-1;-1;-1;-1;-1;-1;-1;-1;-1;0;50;50;50;50;0;50;50;50;0;0;2;2;JJK;EIF;1.79;1.07;1;0;0.5;1;50;0;0;0;0;0;0;0;0;0;0;63;27;Y;Y;Y;N;N;N;Y
21952;427;425;2015;complete;99;3;-1;26,38,52;59;3;1;4;1;8;9;5;1;1;2;0;0;5;8;2;4;7;12;11;9;40;60;1;2;2.71;3.42;2.68;0;0;0;0;0;0;0;0;0;0;0;0;0;0;0;0;0;0;0;0;0;0;0;0;0;0;0;0;0;0;0;0;0;0;0;0;0;0;0;0;0;0;0;0;0;0;0;0;0;0;0;0;0;0;0;0;0;0;0;0;0;0;0;0;0;4;2;0;1;1;2;2;2015-05-13 16:30:00;427;0;0;0;0;0;-1;1;-1;-1;-1;-1;-1;-1;0;0;1;2;0;3;-1;0;0;0;0;0;0;0;0;0;0;0;0;0;1;1;0;0;-1;-1;0;0;-1;-1;-1;-1;-1;-1;-1;-1;-1;0;0;0;0;0;0;0;0;0;0;0;0;0;Jazz;Oulu;1.38;1.08;0;0;2;0.5;0;0;0;0;0;0;0;0;0;0;0;63;27;Y;Y;Y;Y;N;N;Y
21953;415;405;2015;complete;99;3;-1;;20,22,80;0;3;3;6;7;13;1;4;1;2;0;0;7;6;5;2;12;8;10;12;59;41;1;2;2.19;3.51;3.4;0;0;0;0;0;0;0;0;0;0;0;0;0;0;0;0;0;0;0;0;0;0;0;0;0;0;0;0;0;0;0;0;0;0;0;0;0;0;0;0;0;0;0;0;0;0;0;0;0;0;0;0;0;0;0;0;0;0;0;0;0;0;0;0;0;3;0;2;0;1;1;2;2015-05-14 12:00:00;405;0;0;0;0;0;-1;1;-1;-1;-1;-1;-1;-1;0;1;1;1;1;2;-1;0;0;0;0;0;0;0;0;0;0;0;0;0;1;1;0;0;-1;-1;0;0;-1;-1;-1;-1;-1;-1;-1;-1;-1;0;0;0;50;100;0;0;100;50;5;5;4;1.5;TPS;PS Kemi;2;1.5;0;3;0.5;3;100;100;100;50;0;50;50;50;0;0;0;63;27;Y;Y;Y;N;N;N;N
21954;425;429;2015;complete;99;4;-1;8,51,53;36,90;3;2;5;7;2;9;4;1;0;1;0;0;8;2;7;2;15;4;12;6;59;41;0;1;1.53;4.32;6.78;0;0;0;0;0;0;0;0;0;0;0;0;0;0;0;0;0;0;0;0;0;0;0;0;0;0;0;0;0;0;0;0;0;0;0;0;0;0;0;0;0;0;0;0;0;0;0;0;0;0;0;0;0;0;0;0;0;0;0;0;0;0;0;0;0;5;1;1;2;1;3;2;2015-05-16 11:00:00;425;0;50;25;0;0;-1;1;-1;-1;-1;-1;-1;-1;0;1;0;0;1;0;-1;0;0;0;0;0;0;0;0;0;0;0;0;0;1;1;1;0;-1;-1;0;1;-1;-1;-1;-1;-1;-1;-1;-1;-1;0;25;25;75;75;25;75;50;0;11.5;3;4;2;Oulu;VIFK;2.14;0.36;0.5;0.5;0.33;0.33;100;75;75;25;25;50;50;50;0;0;0;63;27;Y;Y;Y;Y;Y;N;Y
21955;414;427;2015;complete;99;4;-1;70,82,89,90;;4;0;4;8;3;11;2;2;3;1;0;1;5;2;4;2;9;4;15;9;60;40;3;3;1.53;4.39;6.75;0;0;0;0;0;0;0;0;0;0;0;0;0;0;0;0;0;0;0;0;0;0;0;0;0;0;0;0;0;0;0;0;0;0;0;0;0;0;0;0;0;0;0;0;0;0;0;0;0;0;0;0;0;0;0;0;0;0;0;0;0;0;0;0;0;4;0;0;4;0;4;0;2015-05-17 12:00:00;414;0;25;0;25;0;-1;1;-1;-1;-1;-1;-1;-1;0;1;3;1;1;4;-1;0;0;0;0;0;0;0;0;0;0;0;0;0;1;1;0;0;-1;-1;0;0;-1;-1;-1;-1;-1;-1;-1;-1;-1;0;0;0;100;100;0;50;100;50;12;5;4;2;PK-35 Vantaa;Jazz;2.14;1;3;2;2;2.33;100;100;100;0;0;100;100;100;0;0;0;63;27;Y;Y;Y;Y;N;N;N
21956;405;403;2015;complete;99;4;-1;;32;0;1;1;-1;-1;-1;-1;-1;3;0;0;0;-1;-1;-1;-1;-1;-1;-1;-1;-1;-1;3;0;2.06;3.68;3.67;0;0;0;0;0;0;0;0;0;0;0;0;0;0;0;0;0;0;0;0;0;0;0;0;0;0;0;0;0;0;0;0;0;0;0;0;0;0;0;0;0;0;0;0;0;0;0;0;0;0;0;0;0;0;0;0;0;0;0;0;0;0;0;0;0;1;0;1;0;0;0;1;2015-05-17 12:00:00;403;0;50;0;50;0;-1;1;-1;-1;-1;-1;-1;-1;1;0;2;0;1;2;-1;0;0;0;0;0;0;0;0;0;0;0;0;0;1;1;0;0;-1;-1;0;0;-1;-1;-1;-1;-1;-1;-1;-1;-1;50;50;50;50;100;0;100;50;50;0;0;4;3;PS Kemi;JJK;2.46;1.62;3;0;3;1.33;50;50;50;50;0;0;0;0;0;0;0;63;27;Y;N;N;N;N;N;N
21957;415;428;2015;complete;99;4;-1;1,25,36,55,60;;5;0;5;7;2;9;6;4;0;3;0;0;6;3;5;2;11;5;11;14;61;39;0;3;1.51;4.19;7.47;0;0;0;0;0;0;0;0;0;0;0;0;0;0;0;0;0;0;0;0;0;0;0;0;0;0;0;0;0;0;0;0;0;0;0;0;0;0;0;0;0;0;0;0;0;0;0;0;0;0;0;0;0;0;0;0;0;0;0;0;0;0;0;0;0;5;3;0;2;0;2;3;2015-05-18 15:30:00;415;0;50;0;50;0;-1;1;-1;-1;-1;-1;-1;-1;0;2;0;1;2;1;-1;0;0;0;0;0;0;0;0;0;0;0;0;0;1;1;1;0;-1;-1;0;0;-1;-1;-1;-1;-1;-1;-1;-1;-1;0;0;75;100;100;25;25;100;75;13.5;9.5;2;2.75;TPS;MP;2;0.43;0;3;0.33;2;100;100;25;0;0;100;100;100;0;0;0;63;27;Y;Y;Y;Y;Y;N;N
21958;424;423;2015;complete;99;4;-1;41,52,60,83;5,51,56,68;4;4;8;-1;-1;-1;-1;-1;3;3;0;0;-1;-1;-1;-1;-1;-1;-1;-1;-1;-1;3;3;1.41;4.85;8.47;0;0;0;0;0;0;0;0;0;0;0;0;0;0;0;0;0;0;0;0;0;0;0;0;0;0;0;0;0;0;0;0;0;0;0;0;0;0;0;0;0;0;0;0;0;0;0;0;0;0;0;0;0;0;0;0;0;0;0;0;0;0;0;0;0;8;1;1;3;3;6;2;2015-05-21 15:30:00;-1;0;100;50;50;0;-1;1;-1;-1;-1;-1;-1;-1;0;1;3;2;1;5;-1;0;0;0;0;0;0;0;0;0;0;0;0;0;1;1;0;1;-1;-1;0;0;-1;-1;-1;-1;-1;-1;-1;-1;-1;0;0;100;100;100;50;50;100;50;5;0;1;3;Haka;EIF;2.21;1.07;3;0;1.33;0.67;100;100;0;0;0;50;50;50;0;0;0;63;27;Y;Y;Y;Y;Y;Y;Y
21959;429;403;2015;complete;99;5;-1;;19,26,62,70;0;4;4;-1;-1;-1;-1;-1;3;1;0;0;-1;-1;-1;-1;-1;-1;-1;-1;-1;-1;3;1;4.2;3.66;1.91;0;0;0;0;0;0;0;0;0;0;0;0;0;0;0;0;0;0;0;0;0;0;0;0;0;0;0;0;0;0;0;0;0;0;0;0;0;0;0;0;0;0;0;0;0;0;0;0;0;0;0;0;0;0;0;0;0;0;0;0;0;0;0;0;0;4;0;2;0;2;2;2;2015-05-23 13:00:00;403;0;50;0;50;0;-1;1;-1;-1;-1;-1;-1;-1;2;0;1;1;2;2;-1;0;0;0;0;0;0;0;0;0;0;0;0;0;1;1;0;0;-1;-1;0;0;-1;-1;-1;-1;-1;-1;-1;-1;-1;0;0;50;50;100;0;50;50;50;8;3;2;2;VIFK;JJK;0.69;1.62;0;1.5;0.25;1.75;100;100;50;50;0;50;50;50;0;0;0;63;27;Y;Y;Y;Y;N;N;N
21960;414;405;2015;complete;99;5;-1;;19;0;1;1;-1;-1;-1;-1;-1;3;3;1;0;-1;-1;-1;-1;-1;-1;-1;-1;-1;-1;5;3;1.61;4.14;5.75;0;0;0;0;0;0;0;0;0;0;0;0;0;0;0;0;0;0;0;0;0;0;0;0;0;0;0;0;0;0;0;0;0;0;0;0;0;0;0;0;0;0;0;0;0;0;0;0;0;0;0;0;0;0;0;0;0;0;0;0;0;0;0;0;0;1;0;1;0;0;0;1;2015-05-23 13:00:00;405;0;0;0;0;0;-1;1;-1;-1;-1;-1;-1;-1;3;2;1;1;5;2;-1;0;0;0;0;0;0;0;0;1;0;1;0;0;1;1;0;0;-1;-1;0;0;-1;-1;-1;-1;-1;-1;-1;-1;-1;0;25;50;75;100;25;50;100;25;14;4.5;3.5;2.5;PK-35 Vantaa;PS Kemi;2.14;1.5;3;3;2.25;2.25;100;75;50;25;0;100;100;100;0;0;0;63;27;Y;N;N;N;N;N;N
21961;427;424;2015;complete;99;5;-1;;;0;0;0;7;3;10;2;3;2;1;0;0;4;5;1;7;5;12;9;9;54;46;2;1;2.88;3.61;2.44;0;0;0;0;0;0;0;0;0;0;0;0;0;0;0;0;0;0;0;0;0;0;0;0;0;0;0;0;0;0;0;0;0;0;0;0;0;0;0;0;0;0;0;0;0;0;0;0;0;0;0;0;0;0;0;0;0;0;0;0;0;0;0;0;0;0;0;0;0;0;0;0;2015-05-24 15:30:00;-1;0;100;0;100;0;-1;1;-1;-1;-1;-1;-1;-1;1;0;1;1;1;2;-1;0;0;0;0;0;0;0;0;0;0;0;0;0;1;1;0;0;-1;-1;0;0;-1;-1;-1;-1;-1;-1;-1;-1;-1;25;100;100;100;100;50;100;100;100;1;4;3;4.25;Jazz;Haka;1.38;0.77;3;0.5;1.75;1.25;75;0;0;0;0;50;0;0;0;0;0;63;27;N;N;N;N;N;N;N
21962;428;425;2015;complete;99;5;-1;56,64,77;72,81,83;3;3;6;-1;-1;-1;-1;-1;2;3;0;0;-1;-1;-1;-1;-1;-1;-1;-1;-1;-1;2;3;5.48;3.96;1.67;0;0;0;0;0;0;0;0;0;0;0;0;0;0;0;0;0;0;0;0;0;0;0;0;0;0;0;0;0;0;0;0;0;0;0;0;0;0;0;0;0;0;0;0;0;0;0;0;0;0;0;0;0;0;0;0;0;0;0;0;0;0;0;0;0;6;0;0;3;3;6;0;2015-05-24 15:30:00;-1;0;50;0;50;0;-1;1;-1;-1;-1;-1;-1;-1;1;0;1;3;1;4;-1;0;0;0;0;0;0;0;0;0;0;0;0;0;1;1;0;0;-1;-1;0;0;-1;-1;-1;-1;-1;-1;-1;-1;-1;0;50;50;50;100;50;75;75;50;8;0;3.5;2.5;MP;Oulu;0.85;1.08;1.5;0;1.5;1;100;50;50;50;0;50;0;0;0;0;0;63;27;Y;Y;Y;Y;Y;Y;Y
21963;423;415;2015;complete;99;5;-1;;81;0;1;1;-1;-1;-1;-1;-1;4;2;0;0;-1;-1;-1;-1;-1;-1;-1;-1;-1;-1;4;2;3.75;3.65;2.02;0;0;0;0;0;0;0;0;0;0;0;0;0;0;0;0;0;0;0;0;0;0;0;0;0;0;0;0;0;0;0;0;0;0;0;0;0;0;0;0;0;0;0;0;0;0;0;0;0;0;0;0;0;0;0;0;0;0;0;0;0;0;0;0;0;1;0;0;0;1;1;0;2015-05-25 15:30:00;415;0;50;0;25;0;-1;1;-1;-1;-1;-1;-1;-1;3;0;1;2;3;3;-1;0;0;0;0;0;0;0;0;0;0;0;0;0;1;1;0;0;-1;-1;1;0;-1;-1;-1;-1;-1;-1;-1;-1;-1;0;0;0;50;50;0;25;50;25;1;3;4;1;EIF;TPS;1.23;1.62;1;1;0.75;1;100;100;100;50;50;0;0;0;0;0;0;63;27;Y;N;N;N;N;N;N
21964;429;427;2015;complete;99;6;-1;45,82;69;2;1;3;-1;-1;-1;-1;-1;3;1;0;0;-1;-1;-1;-1;-1;-1;-1;-1;-1;-1;3;1;3.23;3.6;2.23;0;0;0;0;0;0;0;0;0;0;0;0;0;0;0;0;0;0;0;0;0;0;0;0;0;0;0;0;0;0;0;0;0;0;0;0;0;0;0;0;0;0;0;0;0;0;0;0;0;0;0;0;0;0;0;0;0;0;0;0;0;0;0;0;0;3;1;0;1;1;2;1;2015-05-31 15:30:00;429;0;42;0;42;0;-1;1;-1;-1;-1;-1;-1;-1;0;1;3;0;1;3;-1;0;0;0;0;0;0;0;0;1;0;1;0;0;1;1;0;0;-1;-1;0;0;-1;-1;-1;-1;-1;-1;-1;-1;-1;0;42;67;100;100;25;25;100;100;12.5;2.83;5;3.09;VIFK;Jazz;0.69;1;0;1.33;0.2;1.6;100;59;34;0;0;100;100;100;0;0;0;63;27;Y;Y;Y;N;N;N;Y
21965;424;425;2015;complete;99;6;-1;68;;1;0;1;-1;-1;-1;-1;-1;1;2;0;0;-1;-1;-1;-1;-1;-1;-1;-1;-1;-1;1;2;2.1;3.82;3.36;0;0;0;0;0;0;0;0;0;0;0;0;0;0;0;0;0;0;0;0;0;0;0;0;0;0;0;0;0;0;0;0;0;0;0;0;0;0;0;0;0;0;0;0;0;0;0;0;0;0;0;0;0;0;0;0;0;0;0;0;0;0;0;0;0;1;0;0;1;0;1;0;2015-05-31 15:30:00;424;0;100;25;100;0;-1;1;-1;-1;-1;-1;-1;-1;0;0;1;2;0;3;-1;0;0;0;0;0;0;0;0;0;0;0;0;0;1;1;0;0;-1;-1;0;0;-1;-1;-1;-1;-1;-1;-1;-1;-1;50;75;100;100;100;50;50;100;100;8;0;4;5.25;Haka;Oulu;2.21;1.08;2;0.5;1.2;1;50;25;0;0;0;50;0;0;0;0;0;63;27;Y;N;N;N;N;N;N
21966;405;423;2015;complete;99;6;-1;27,41,45,90;69;4;1;5;-1;-1;-1;-1;-1;0;1;0;0;-1;-1;-1;-1;-1;-1;-1;-1;-1;-1;0;1;1.51;4.61;6.45;0;0;0;0;0;0;0;0;0;0;0;0;0;0;0;0;0;0;0;0;0;0;0;0;0;0;0;0;0;0;0;0;0;0;0;0;0;0;0;0;0;0;0;0;0;0;0;0;0;0;0;0;0;0;0;0;0;0;0;0;0;0;0;0;0;5;3;0;1;1;2;3;2015-05-31 15:30:00;405;0;75;50;50;0;-1;1;-1;-1;-1;-1;-1;-1;0;0;0;1;0;1;-1;0;0;0;0;0;0;0;1;0;1;0;0;0;1;1;0;0;-1;-1;0;0;-1;-1;-1;-1;-1;-1;-1;-1;-1;50;50;75;75;100;50;100;75;50;5;0;4.5;4.25;PS Kemi;EIF;2.46;1.07;1.5;0.5;2.4;0.6;50;50;25;25;0;50;50;50;0;0;0;63;27;Y;Y;Y;Y;Y;N;Y
21967;403;415;2015;complete;99;6;-1;;;0;0;0;9;6;15;3;2;1;3;0;0;5;7;8;13;13;20;13;9;57;43;1;3;2.38;3.48;3.05;0;0;0;0;0;0;0;0;0;0;0;0;0;0;0;0;0;0;0;0;0;0;0;0;0;0;0;0;0;0;0;0;0;0;0;0;0;0;0;0;0;0;0;0;0;0;0;0;0;0;0;0;0;0;0;0;0;0;0;0;0;0;0;0;0;0;0;0;0;0;0;0;2015-05-31 15:30:00;-1;0;50;25;25;0;-1;1;-1;-1;-1;-1;-1;-1;1;2;0;1;3;1;-1;0;0;0;0;0;0;0;0;0;0;0;0;0;1;1;0;0;-1;-1;0;0;-1;-1;-1;-1;-1;-1;-1;-1;-1;0;25;50;50;75;25;50;75;25;21;3.5;4;2;JJK;TPS;1.79;1.62;2;2;2;1.4;100;75;50;50;25;50;50;50;0;0;0;63;27;N;N;N;N;N;N;N
21968;428;414;2015;complete;99;6;-1;;39,53;0;2;2;-1;-1;-1;-1;-1;2;2;0;0;-1;-1;-1;-1;-1;-1;-1;-1;-1;-1;2;2;6.45;4.5;1.52;0;0;0;0;0;0;0;0;0;0;0;0;0;0;0;0;0;0;0;0;0;0;0;0;0;0;0;0;0;0;0;0;0;0;0;0;0;0;0;0;0;0;0;0;0;0;0;0;0;0;0;0;0;0;0;0;0;0;0;0;0;0;0;0;0;2;0;1;0;1;1;1;2015-05-31 15:30:00;414;0;67;25;42;0;-1;1;-1;-1;-1;-1;-1;-1;1;1;1;1;2;2;-1;0;0;0;0;0;0;0;0;1;0;1;0;0;1;1;0;0;-1;-1;0;0;-1;-1;-1;-1;-1;-1;-1;-1;-1;17;42;67;67;100;25;42;59;42;3;2;3.17;3.09;MP;PK-35 Vantaa;0.85;1.46;1.33;1.5;1.4;1.8;84;59;34;34;0;0;0;0;0;0;0;63;27;Y;Y;N;N;N;N;N
21969;424;428;2015;complete;99;7;-1;3;;1;0;1;-1;-1;-1;-1;-1;1;1;0;0;-1;-1;-1;-1;-1;-1;-1;-1;-1;-1;1;1;1.36;5.27;9;0;0;0;0;0;0;0;0;0;0;0;0;0;0;0;0;0;0;0;0;0;0;0;0;0;0;0;0;0;0;0;0;0;0;0;0;0;0;0;0;0;0;0;0;0;0;0;0;0;0;0;0;0;0;0;0;0;0;0;0;0;0;0;0;0;1;1;0;0;0;0;1;2015-06-04 15:30:00;424;0;59;17;59;0;-1;1;-1;-1;-1;-1;-1;-1;1;0;0;1;1;1;-1;0;0;0;0;0;0;0;0;0;0;0;0;0;1;1;1;0;-1;-1;0;0;-1;-1;-1;-1;-1;-1;-1;-1;-1;42;42;84;84;100;42;42;100;84;5;4;2.83;4;Haka;MP;2.21;0.43;2.33;1.5;1.5;1.17;59;59;17;17;0;50;25;25;0;0;0;63;27;Y;N;N;N;N;N;N
21970;425;405;2015;complete;99;7;-1;45,86;;2;0;2;-1;-1;-1;-1;-1;4;0;0;0;-1;-1;-1;-1;-1;-1;-1;-1;-1;-1;4;0;2.6;3.55;2.74;0;0;0;0;0;0;0;0;0;0;0;0;0;0;0;0;0;0;0;0;0;0;0;0;0;0;0;0;0;0;0;0;0;0;0;0;0;0;0;0;0;0;0;0;0;0;0;0;0;0;0;0;0;0;0;0;0;0;0;0;0;0;0;0;0;2;1;0;1;0;1;1;2015-06-06 13:00:00;425;0;34;34;17;0;-1;1;-1;-1;-1;-1;-1;-1;1;0;3;0;1;3;-1;0;0;0;0;0;0;0;0;0;0;0;0;0;1;1;0;0;-1;-1;0;0;-1;-1;-1;-1;-1;-1;-1;-1;-1;17;34;50;50;84;50;67;50;17;12.33;3.67;3;2.34;Oulu;PS Kemi;2.14;1.5;1.33;3;0.83;2.5;84;67;50;50;17;67;50;50;0;0;0;63;27;Y;Y;N;N;N;N;N
21971;415;429;2015;complete;99;7;-1;17,29,58,61,85;;5;0;5;4;0;4;5;2;1;1;0;0;2;0;5;4;7;4;15;10;61;39;1;1;1.45;4.7;7.7;0;0;0;0;0;0;0;0;0;0;0;0;0;0;0;0;0;0;0;0;0;0;0;0;0;0;0;0;0;0;0;0;0;0;0;0;0;0;0;0;0;0;0;0;0;0;0;0;0;0;0;0;0;0;0;0;0;0;0;0;0;0;0;0;0;5;2;0;3;0;3;2;2015-06-06 15:00:00;415;0;34;17;17;0;-1;1;-1;-1;-1;-1;-1;-1;1;1;0;0;2;0;-1;0;0;0;0;0;0;0;0;0;0;0;0;0;1;1;0;0;-1;-1;0;0;-1;-1;-1;-1;-1;-1;-1;-1;-1;33;33;50;100;100;50;84;100;50;10.5;5;3.33;3.17;TPS;VIFK;2;0.36;1;0.33;1.33;0.67;67;67;50;0;0;100;59;59;0;0;0;63;27;Y;Y;Y;Y;Y;N;N
21972;427;403;2015;complete;99;7;-1;23,31;5,30;2;2;4;-1;-1;-1;-1;-1;1;1;0;0;-1;-1;-1;-1;-1;-1;-1;-1;-1;-1;1;1;3.06;3.54;2.37;0;0;0;0;0;0;0;0;0;0;0;0;0;0;0;0;0;0;0;0;0;0;0;0;0;0;0;0;0;0;0;0;0;0;0;0;0;0;0;0;0;0;0;0;0;0;0;0;0;0;0;0;0;0;0;0;0;0;0;0;0;0;0;0;0;4;2;2;0;0;0;4;2015-06-07 15:30:00;-1;0;25;0;25;0;-1;1;-1;-1;-1;-1;-1;-1;0;0;1;1;0;2;-1;0;0;0;0;0;0;0;0;0;0;0;0;0;1;1;0;1;-1;-1;0;0;-1;-1;-1;-1;-1;-1;-1;-1;-1;0;42;42;42;75;42;75;42;42;4;2.5;2.5;2;Jazz;JJK;1.38;1.62;2;2;1.33;1.83;100;59;59;59;25;50;25;0;0;0;0;63;27;Y;Y;Y;Y;N;N;Y
21973;414;423;2015;complete;99;7;-1;8,28,55,75,87;57;5;1;6;3;5;8;5;2;3;3;0;0;3;3;3;4;6;7;8;18;56;44;3;3;1.25;6.45;9.99;0;0;0;0;0;0;0;0;0;0;0;0;0;0;0;0;0;0;0;0;0;0;0;0;0;0;0;0;0;0;0;0;0;0;0;0;0;0;0;0;0;0;0;0;0;0;0;0;0;0;0;0;0;0;0;0;0;0;0;0;0;0;0;0;0;6;2;0;3;1;4;2;2015-06-07 15:30:00;414;0;50;34;34;0;-1;1;-1;-1;-1;-1;-1;-1;0;0;3;3;0;6;-1;0;0;0;0;0;0;0;1;0;1;0;0;0;1;1;1;0;-1;-1;0;0;-1;-1;-1;-1;-1;-1;-1;-1;-1;34;50;67;84;100;50;84;84;50;12;1;4.67;3.83;PK-35 Vantaa;EIF;2.14;1.07;2;0.33;2;0.5;67;50;34;17;0;100;100;100;0;0;0;63;27;Y;Y;Y;Y;Y;Y;Y
21974;427;428;2015;complete;99;8;-1;6;2,36,56,70,90;1;5;6;-1;-1;-1;-1;-1;2;0;1;0;-1;-1;-1;-1;-1;-1;-1;-1;-1;-1;4;0;0;0;0;0;0;0;0;0;0;0;0;0;0;0;0;0;0;0;0;0;0;0;0;0;0;0;0;0;0;0;0;0;0;0;0;0;0;0;0;0;0;0;0;0;0;0;0;0;0;0;0;0;0;0;0;0;0;0;0;0;0;0;0;0;0;0;0;0;6;1;2;0;3;3;3;2015-06-14 15:30:00;428;0;50;17;33;0;-1;1;-1;-1;-1;-1;-1;-1;1;0;2;0;1;2;-1;0;0;0;0;0;0;0;0;0;0;0;0;0;1;1;1;1;-1;-1;0;0;-1;-1;-1;-1;-1;-1;-1;-1;-1;17;50;67;67;84;50;67;50;50;9;5;2.66;2.84;Jazz;MP;1.38;0.43;1.67;1;1.29;1;84;50;33;33;17;100;50;25;0;0;0;63;27;Y;Y;Y;Y;Y;Y;Y
21975;429;405;2015;complete;99;8;-1;53;40;1;1;2;3;9;12;0;5;3;0;0;0;5;8;1;6;6;14;10;7;46;54;3;0;5.22;4.02;1.68;0;0;0;0;0;0;0;0;0;0;0;0;0;0;0;0;0;0;0;0;0;0;0;0;0;0;0;0;0;0;0;0;0;0;0;0;0;0;0;0;0;0;0;0;0;0;0;0;0;0;0;0;0;0;0;0;0;0;0;0;0;0;0;0;0;2;0;1;1;0;1;1;2015-06-14 15:30:00;-1;0;34;0;34;0;-1;1;-1;-1;-1;-1;-1;-1;1;0;2;0;1;2;-1;0;0;0;0;0;0;0;0;0;0;0;0;0;1;1;0;0;-1;-1;0;0;-1;-1;-1;-1;-1;-1;-1;-1;-1;0;17;63;75;100;29;71;88;50;15;0.92;3.83;2.54;VIFK;PS Kemi;0.69;1.5;1;2.25;0.57;2.14;100;84;38;25;0;100;100;100;0;0;0;63;27;Y;Y;N;N;N;N;Y
21976;423;425;2015;complete;99;8;-1;;11,90;0;2;2;-1;-1;-1;-1;-1;2;4;0;0;-1;-1;-1;-1;-1;-1;-1;-1;-1;-1;2;4;3.67;3.74;2.03;0;0;0;0;0;0;0;0;0;0;0;0;0;0;0;0;0;0;0;0;0;0;0;0;0;0;0;0;0;0;0;0;0;0;0;0;0;0;0;0;0;0;0;0;0;0;0;0;0;0;0;0;0;0;0;0;0;0;0;0;0;0;0;0;0;2;0;1;0;1;1;1;2015-06-14 15:30:00;425;0;67;0;50;0;-1;1;-1;-1;-1;-1;-1;-1;1;1;1;3;2;4;-1;0;0;0;0;0;0;0;0;0;0;0;0;0;1;1;0;0;-1;-1;0;1;-1;-1;-1;-1;-1;-1;-1;-1;-1;17;34;34;67;100;17;33;100;50;8;0;4.33;2.67;EIF;Oulu;1.23;1.08;0.67;0.33;0.43;1.14;84;67;67;33;0;50;0;0;0;0;0;63;27;Y;Y;N;N;N;N;N
21977;403;414;2015;complete;99;8;-1;55,78;72;2;1;3;2;3;5;2;3;4;2;0;0;6;12;5;10;11;22;10;13;49;51;4;2;3.01;3.53;2.38;0;0;0;0;0;0;0;0;0;0;0;0;0;0;0;0;0;0;0;0;0;0;0;0;0;0;0;0;0;0;0;0;0;0;0;0;0;0;0;0;0;0;0;0;0;0;0;0;0;0;0;0;0;0;0;0;0;0;0;0;0;0;0;0;0;3;0;0;2;1;3;0;2015-06-14 15:30:00;403;0;67;33;33;0;-1;1;-1;-1;-1;-1;-1;-1;1;2;3;0;3;3;-1;0;0;0;0;0;0;0;0;0;0;0;0;0;1;1;0;0;-1;-1;0;1;-1;-1;-1;-1;-1;-1;-1;-1;-1;0;33;67;84;84;33;67;67;33;17.5;4;3;2.67;JJK;PK-35 Vantaa;1.79;1.46;1.67;2;1.71;2.14;100;67;33;17;17;50;50;50;0;0;0;63;27;Y;Y;Y;N;N;N;Y
21978;415;424;2015;complete;99;8;-1;25,68,76;;3;0;3;3;2;5;3;2;1;4;0;0;8;4;5;1;13;5;14;18;52;48;1;4;2.04;3.61;3.74;0;0;0;0;0;0;0;0;0;0;0;0;0;0;0;0;0;0;0;0;0;0;0;0;0;0;0;0;0;0;0;0;0;0;0;0;0;0;0;0;0;0;0;0;0;0;0;0;0;0;0;0;0;0;0;0;0;0;0;0;0;0;0;0;0;3;1;0;2;0;2;1;2015-06-14 15:30:00;415;0;34;0;34;0;-1;1;-1;-1;-1;-1;-1;-1;0;3;1;1;3;2;-1;0;0;0;0;0;0;0;0;0;0;0;0;0;1;1;0;0;-1;-1;0;0;-1;-1;-1;-1;-1;-1;-1;-1;-1;42;59;71;84;84;38;71;84;71;8.5;4.83;2.92;3.38;TPS;Haka;2;0.77;1.5;0.67;1.57;1.71;59;42;29;17;17;88;75;25;0;0;0;63;27;Y;Y;Y;N;N;N;N
21979;414;415;2015;complete;99;9;-1;;;0;0;0;-1;-1;-1;-1;-1;3;3;0;1;-1;-1;-1;-1;-1;-1;-1;-1;-1;-1;3;4;1.78;3.8;4.79;0;0;0;0;0;0;0;0;0;0;0;0;0;0;0;0;0;0;0;0;0;0;0;0;0;0;0;0;0;0;0;0;0;0;0;0;0;0;0;0;0;0;0;0;0;0;0;0;0;0;0;0;0;0;0;0;0;0;0;0;0;0;0;0;0;0;0;0;0;0;0;0;2015-06-17 15:30:00;-1;0;13;0;13;0;-1;1;-1;-1;-1;-1;-1;-1;1;3;2;1;4;3;-1;0;0;0;0;0;0;0;0;0;0;0;0;0;1;1;0;0;-1;-1;0;0;-1;-1;-1;-1;-1;-1;-1;-1;-1;13;25;25;38;67;13;38;54;25;9.17;4.17;5.67;1.79;PK-35 Vantaa;TPS;2.14;1.62;2.25;1.67;1.88;1.75;88;75;75;63;34;59;59;59;0;0;0;63;27;N;N;N;N;N;N;N
21980;424;429;2015;complete;99;9;-1;7,17,57,72,77,90;;6;0;6;-1;-1;-1;-1;-1;-1;-1;-1;-1;-1;-1;-1;-1;-1;-1;-1;-1;-1;-1;-1;-1;1.31;5.68;9.99;0;0;0;0;0;0;0;0;0;0;0;0;0;0;0;0;0;0;0;0;0;0;0;0;0;0;0;0;0;0;0;0;0;0;0;0;0;0;0;0;0;0;0;0;0;0;0;0;0;0;0;0;0;0;0;0;0;0;0;0;0;0;0;0;0;6;2;0;4;0;4;2;2015-06-17 15:30:00;424;0;50;25;38;0;-1;-1;-1;-1;-1;-1;-1;-1;-1;-1;-1;-1;-1;-1;-1;0;0;0;0;0;0;0;0;0;0;0;0;0;1;1;1;0;-1;-1;-1;-1;-1;-1;-1;-1;-1;-1;-1;-1;-1;38;38;50;75;100;38;75;88;50;3;0;3;3.38;Haka;VIFK;2.21;0.36;2.5;0.25;1.5;0.63;63;63;50;25;0;34;17;17;0;0;0;63;27;Y;Y;Y;Y;Y;Y;N
21981;405;427;2015;complete;99;9;-1;12,30,35,67;38;4;1;5;0;6;6;3;4;0;1;0;0;4;3;4;6;8;9;10;6;55;45;0;1;1.53;4.35;6.52;0;0;0;0;0;0;0;0;0;0;0;0;0;0;0;0;0;0;0;0;0;0;0;0;0;0;0;0;0;0;0;0;0;0;0;0;0;0;0;0;0;0;0;0;0;0;0;0;0;0;0;0;0;0;0;0;0;0;0;0;0;0;0;0;0;5;3;1;1;0;1;4;2015-06-17 15:30:00;405;0;59;0;59;0;-1;1;-1;-1;-1;-1;-1;-1;0;0;0;1;0;1;-1;0;0;0;0;0;0;0;1;0;1;0;0;0;1;1;0;0;-1;-1;0;0;-1;-1;-1;-1;-1;-1;-1;-1;-1;34;46;59;84;100;17;63;84;84;4.5;0;4.17;3.21;PS Kemi;Jazz;2.46;1;2;1;2;1.13;67;54;42;17;0;50;50;50;0;0;0;63;27;Y;Y;Y;Y;Y;N;Y
21982;428;423;2015;complete;99;9;-1;;36;0;1;1;-1;-1;-1;-1;-1;5;1;0;0;-1;-1;-1;-1;-1;-1;-1;-1;-1;-1;5;1;2.02;3.73;3.68;0;0;0;0;0;0;0;0;0;0;0;0;0;0;0;0;0;0;0;0;0;0;0;0;0;0;0;0;0;0;0;0;0;0;0;0;0;0;0;0;0;0;0;0;0;0;0;0;0;0;0;0;0;0;0;0;0;0;0;0;0;0;0;0;0;1;0;1;0;0;0;1;2015-06-17 15:30:00;423;0;63;25;50;0;-1;1;-1;-1;-1;-1;-1;-1;0;0;5;1;0;6;-1;0;0;0;0;0;0;0;0;0;0;0;0;0;1;1;0;0;-1;-1;0;0;-1;-1;-1;-1;-1;-1;-1;-1;-1;50;50;63;75;100;50;75;88;50;5;0;3.75;4;MP;EIF;0.85;1.07;1;0.25;1.25;0.38;50;50;38;25;0;25;25;25;0;0;0;63;27;Y;N;N;N;N;N;N
21983;414;425;2015;complete;99;10;-1;34,40,78,86;48;4;1;5;7;5;12;6;4;1;2;1;0;5;4;1;7;6;11;9;13;44;56;3;2;1.67;4.03;5.31;0;0;0;0;0;0;0;0;0;0;0;0;0;0;0;0;0;0;0;0;0;0;0;0;0;0;0;0;0;0;0;0;0;0;0;0;0;0;0;0;0;0;0;0;0;0;0;0;0;0;0;0;0;0;0;0;0;0;0;0;0;0;0;0;0;5;2;0;2;1;3;2;2015-06-22 15:30:00;414;0;35;0;35;0;-1;1;-1;-1;-1;-1;-1;-1;1;1;1;1;2;2;-1;0;0;0;0;0;0;0;1;0;1;0;0;0;1;1;0;0;-1;-1;0;0;-1;-1;-1;-1;-1;-1;-1;-1;-1;23;45;45;68;90;23;55;80;45;13.67;1.3;5.75;2.93;PK-35 Vantaa;Oulu;2.14;1.08;2;1;1.78;1.38;78;55;55;33;10;84;34;34;0;0;0;63;27;Y;Y;Y;Y;Y;N;Y
21984;423;429;2015;complete;99;10;-1;5,57,74;48,63,77,84;3;4;7;-1;-1;-1;-1;-1;0;3;0;0;-1;-1;-1;-1;-1;-1;-1;-1;-1;-1;0;3;1.88;3.81;4.17;0;0;0;0;0;0;0;0;0;0;0;0;0;0;0;0;0;0;0;0;0;0;0;0;0;0;0;0;0;0;0;0;0;0;0;0;0;0;0;0;0;0;0;0;0;0;0;0;0;0;0;0;0;0;0;0;0;0;0;0;0;0;0;0;0;7;1;0;2;4;6;1;2015-06-22 15:30:00;429;0;45;10;23;0;-1;1;-1;-1;-1;-1;-1;-1;0;2;0;1;2;1;-1;0;0;0;0;0;0;0;1;0;1;0;0;0;1;1;1;0;-1;-1;0;0;-1;-1;-1;-1;-1;-1;-1;-1;-1;30;30;30;88;100;30;75;100;43;3;0;3.75;2.88;EIF;VIFK;1.23;0.36;0.5;0.2;0.67;0.56;70;70;70;13;0;34;17;17;0;0;0;63;27;Y;Y;Y;Y;Y;Y;Y
21985;405;428;2015;complete;99;10;-1;45,60;32;2;1;3;9;2;11;1;0;3;2;0;0;3;0;4;4;7;4;13;8;55;45;3;2;1.33;5.5;9.7;0;0;0;0;0;0;0;0;0;0;0;0;0;0;0;0;0;0;0;0;0;0;0;0;0;0;0;0;0;0;0;0;0;0;0;0;0;0;0;0;0;0;0;0;0;0;0;0;0;0;0;0;0;0;0;0;0;0;0;0;0;0;0;0;0;3;1;1;1;0;1;2;2015-06-22 15:30:00;405;0;63;25;38;0;-1;1;-1;-1;-1;-1;-1;-1;0;0;3;2;0;5;-1;0;0;0;0;0;0;0;0;0;0;0;0;0;1;1;0;0;-1;-1;0;0;-1;-1;-1;-1;-1;-1;-1;-1;-1;63;63;75;75;100;50;88;75;63;5;2;2.25;3.88;PS Kemi;MP;2.46;0.43;2.25;1.5;2.11;1.11;38;38;25;25;0;50;25;25;0;0;0;63;27;Y;Y;Y;N;N;N;Y
21986;427;415;2015;complete;99;10;-1;;87;0;1;1;6;6;12;4;1;2;3;0;0;9;7;5;9;14;16;9;17;46;54;2;3;4.06;3.71;1.93;0;0;0;0;0;0;0;0;0;0;0;0;0;0;0;0;0;0;0;0;0;0;0;0;0;0;0;0;0;0;0;0;0;0;0;0;0;0;0;0;0;0;0;0;0;0;0;0;0;0;0;0;0;0;0;0;0;0;0;0;0;0;0;0;0;1;0;0;0;1;1;0;2015-06-22 15:30:00;415;0;38;25;13;0;-1;1;-1;-1;-1;-1;-1;-1;0;1;2;2;1;4;-1;0;0;0;0;0;0;0;0;0;0;0;0;0;1;1;0;0;-1;-1;0;0;-1;-1;-1;-1;-1;-1;-1;-1;-1;13;38;38;38;50;38;38;38;25;7.5;2.25;5;1.88;Jazz;TPS;1.38;1.62;1.25;1.5;1;1.67;88;63;63;63;50;75;50;25;0;0;0;63;27;Y;N;N;N;N;N;N
21987;403;424;2015;complete;99;10;-1;1,51;29,86;2;2;4;5;3;8;4;2;1;3;0;0;8;7;8;9;16;16;17;9;48;52;1;3;2.04;3.69;3.65;0;0;0;0;0;0;0;0;0;0;0;0;0;0;0;0;0;0;0;0;0;0;0;0;0;0;0;0;0;0;0;0;0;0;0;0;0;0;0;0;0;0;0;0;0;0;0;0;0;0;0;0;0;0;0;0;0;0;0;0;0;0;0;0;0;4;1;1;1;1;2;2;2015-06-25 15:30:00;-1;0;63;13;50;0;-1;1;-1;-1;-1;-1;-1;-1;0;1;1;2;1;3;-1;0;0;0;0;0;0;0;0;0;0;0;0;0;1;1;1;0;-1;-1;0;0;-1;-1;-1;-1;-1;-1;-1;-1;-1;13;38;75;75;75;13;63;75;63;12.83;3;4.25;2.75;JJK;Haka;1.79;0.77;2;0.5;1.88;1.67;88;63;25;25;25;59;59;34;0;0;0;63;27;Y;Y;Y;Y;N;N;Y
21988;415;425;2015;complete;99;11;-1;62;;1;0;1;5;4;9;2;2;2;0;0;0;6;3;3;4;9;7;16;17;47;53;2;0;1.88;3.81;4.19;0;0;0;0;0;0;0;0;0;0;0;0;0;0;0;0;0;0;0;0;0;0;0;0;0;0;0;0;0;0;0;0;0;0;0;0;0;0;0;0;0;0;0;0;0;0;0;0;0;0;0;0;0;0;0;0;0;0;0;0;0;0;0;0;0;1;0;0;1;0;1;0;2015-06-27 15:00:00;415;0;30;0;30;0;-1;1;-1;-1;-1;-1;-1;-1;1;0;1;0;1;1;-1;0;0;0;0;0;0;0;0;0;0;0;0;0;1;1;0;0;-1;-1;0;0;-1;-1;-1;-1;-1;-1;-1;-1;-1;40;50;70;90;100;50;70;100;70;11.5;4.6;3.8;3.6;TPS;Oulu;2;1.08;1.8;0.8;1.8;1.22;60;50;30;10;0;80;45;45;0;0;0;63;27;Y;N;N;N;N;N;N
21989;427;423;2015;complete;99;11;-1;59,62;35,71,74;2;3;5;8;6;14;1;1;1;3;0;0;3;7;8;7;11;14;12;9;56;44;1;3;2.12;3.77;3.35;0;0;0;0;0;0;0;0;0;0;0;0;0;0;0;0;0;0;0;0;0;0;0;0;0;0;0;0;0;0;0;0;0;0;0;0;0;0;0;0;0;0;0;0;0;0;0;0;0;0;0;0;0;0;0;0;0;0;0;0;0;0;0;0;0;5;0;1;2;2;4;1;2015-06-28 15:30:00;423;0;70;40;40;0;-1;1;-1;-1;-1;-1;-1;-1;0;0;1;3;0;4;-1;0;0;0;0;0;0;0;0;0;0;0;0;0;1;1;0;0;-1;-1;0;0;-1;-1;-1;-1;-1;-1;-1;-1;-1;40;60;70;70;90;70;80;70;50;9.67;1.6;3.8;3.8;Jazz;EIF;1.38;1.07;1;0.8;0.9;0.6;60;40;30;30;10;75;59;42;0;0;0;63;27;Y;Y;Y;Y;Y;N;Y
21990;429;414;2015;complete;99;11;-1;;66,69;0;2;2;3;8;11;5;2;3;3;0;0;3;3;1;7;4;10;17;15;42;58;3;3;9;5.42;1.35;0;0;0;0;0;0;0;0;0;0;0;0;0;0;0;0;0;0;0;0;0;0;0;0;0;0;0;0;0;0;0;0;0;0;0;0;0;0;0;0;0;0;0;0;0;0;0;0;0;0;0;0;0;0;0;0;0;0;0;0;0;0;0;0;0;2;0;0;0;2;2;0;2015-06-28 15:30:00;414;0;75;13;50;0;-1;1;-1;-1;-1;-1;-1;-1;1;1;2;2;2;4;-1;0;0;0;0;0;0;0;0;0;0;0;0;0;1;1;0;0;-1;-1;0;0;-1;-1;-1;-1;-1;-1;-1;-1;-1;0;25;75;100;100;25;63;88;63;8.5;2.5;4.25;3;VIFK;PK-35 Vantaa;0.69;1.46;1;1.5;0.8;1.9;100;75;25;0;0;50;50;50;0;0;0;63;27;Y;Y;N;N;N;N;N
21991;424;405;2015;complete;99;11;-1;9;31;1;1;2;9;1;10;2;4;3;3;1;0;6;5;8;5;14;10;16;15;59;41;4;3;2.23;3.76;3.12;0;0;0;0;0;0;0;0;0;0;0;0;0;0;0;0;0;0;0;0;0;0;0;0;0;0;0;0;0;0;0;0;0;0;0;0;0;0;0;0;0;0;0;0;0;0;0;0;0;0;0;0;0;0;0;0;0;0;0;0;0;0;0;0;0;2;1;1;0;0;0;2;2015-06-28 15:30:00;-1;0;30;10;20;0;-1;1;-1;-1;-1;-1;-1;-1;2;0;2;3;2;5;-1;0;0;0;0;0;0;0;0;0;0;0;0;0;1;1;1;0;-1;-1;0;0;-1;-1;-1;-1;-1;-1;-1;-1;-1;20;20;40;60;100;30;70;80;30;8;0.2;2.45;2.8;Haka;PS Kemi;2.21;1.5;2.6;2;1.6;2.2;80;80;60;40;0;50;50;50;0;0;0;63;27;Y;Y;N;N;N;N;Y
21992;403;428;2015;complete;99;11;-1;59,63,75;;3;0;3;12;2;14;3;2;0;1;0;0;11;6;16;5;27;11;11;9;60;40;0;1;1.31;5.65;9.99;0;0;0;0;0;0;0;0;0;0;0;0;0;0;0;0;0;0;0;0;0;0;0;0;0;0;0;0;0;0;0;0;0;0;0;0;0;0;0;0;0;0;0;0;0;0;0;0;0;0;0;0;0;0;0;0;0;0;0;0;0;0;0;0;0;3;0;0;3;0;3;0;2015-06-28 15:30:00;403;0;70;40;40;0;-1;1;-1;-1;-1;-1;-1;-1;0;0;0;1;0;1;-1;0;0;0;0;0;0;0;0;0;0;0;0;0;1;1;0;0;-1;-1;0;0;-1;-1;-1;-1;-1;-1;-1;-1;-1;20;40;80;80;90;50;70;80;60;13;4.2;3;3.2;JJK;MP;1.79;0.43;1.8;1.2;1.78;1;80;60;20;20;10;75;59;59;0;0;0;63;27;Y;Y;Y;N;N;N;N
21993;425;427;2015;complete;99;12;-1;90;;1;0;1;-1;-1;-1;-1;-1;1;2;0;0;-1;-1;-1;-1;-1;-1;-1;-1;-1;-1;1;2;1.58;4.32;5.83;0;0;0;0;0;0;0;0;0;0;0;0;0;0;0;0;0;0;0;0;0;0;0;0;0;0;0;0;0;0;0;0;0;0;0;0;0;0;0;0;0;0;0;0;0;0;0;0;0;0;0;0;0;0;0;0;0;0;0;0;0;0;0;0;0;1;0;0;1;0;1;0;2015-07-04 13:00:00;425;0;55;35;33;0;-1;1;-1;-1;-1;-1;-1;-1;0;0;1;2;0;3;-1;0;0;0;0;0;0;0;0;0;0;0;0;0;1;1;0;0;-1;-1;0;0;-1;-1;-1;-1;-1;-1;-1;-1;-1;23;45;55;88;88;35;58;75;53;10.33;3.4;3.95;2.98;Oulu;Jazz;2.14;1;1.75;0.8;1.1;0.82;78;55;45;13;13;50;34;34;0;0;0;63;27;Y;N;N;N;N;N;N
21994;414;424;2015;complete;99;12;-1;13,89;31;2;1;3;5;6;11;2;6;2;0;0;1;11;4;9;1;20;5;7;10;53;47;2;2;1.63;4.2;5.5;0;0;0;0;0;0;0;0;0;0;0;0;0;0;0;0;0;0;0;0;0;0;0;0;0;0;0;0;0;0;0;0;0;0;0;0;0;0;0;0;0;0;0;0;0;0;0;0;0;0;0;0;0;0;0;0;0;0;0;0;0;0;0;0;0;3;1;1;1;0;1;2;2015-07-04 15:30:00;414;0;47;10;47;0;-1;1;-1;-1;-1;-1;-1;-1;0;0;2;1;0;3;-1;0;0;0;0;0;0;0;0;0;0;0;0;0;1;1;0;0;-1;-1;0;0;-1;-1;-1;-1;-1;-1;-1;-1;-1;27;55;65;74;82;27;74;74;65;8.67;3.5;5.4;3.1;PK-35 Vantaa;Haka;2.14;0.77;2.17;0.6;2;1.55;74;45;35;27;19;54;54;38;0;0;0;63;27;Y;Y;Y;N;N;N;Y
21995;405;415;2015;complete;99;12;-1;21;;1;0;1;-1;-1;-1;-1;-1;2;4;1;3;-1;-1;-1;-1;-1;-1;-1;-1;-1;-1;4;8;2.27;3.48;3.25;0;0;0;0;0;0;0;0;0;0;0;0;0;0;0;0;0;0;0;0;0;0;0;0;0;0;0;0;0;0;0;0;0;0;0;0;0;0;0;0;0;0;0;0;0;0;0;0;0;0;0;0;0;0;0;0;0;0;0;0;0;0;0;0;0;1;1;0;0;0;0;1;2015-07-05 15:30:00;405;0;40;20;20;0;-1;1;-1;-1;-1;-1;-1;-1;0;4;3;3;4;6;-1;0;0;0;0;0;0;0;0;0;0;0;0;0;1;1;0;0;-1;-1;0;0;-1;-1;-1;-1;-1;-1;-1;-1;-1;30;30;40;40;70;30;50;60;20;8.83;1.2;4.6;2.1;PS Kemi;TPS;2.46;1.62;2.4;1.8;2.09;1.91;70;70;60;60;30;59;59;59;0;0;0;63;27;Y;N;N;N;N;N;N
21996;428;429;2015;complete;99;12;-1;90;77;1;1;2;-1;-1;-1;-1;-1;0;1;0;0;-1;-1;-1;-1;-1;-1;-1;-1;-1;-1;0;1;2;3.72;3.75;0;0;0;0;0;0;0;0;0;0;0;0;0;0;0;0;0;0;0;0;0;0;0;0;0;0;0;0;0;0;0;0;0;0;0;0;0;0;0;0;0;0;0;0;0;0;0;0;0;0;0;0;0;0;0;0;0;0;0;0;0;0;0;0;0;2;0;0;1;1;2;0;2015-07-05 15:30:00;-1;0;35;9;27;0;-1;1;-1;-1;-1;-1;-1;-1;0;0;0;1;0;1;-1;0;0;0;0;0;0;0;0;0;0;0;0;0;1;1;0;0;-1;-1;0;0;-1;-1;-1;-1;-1;-1;-1;-1;-1;44;44;44;70;100;25;80;80;44;3;0;4.4;3.35;MP;VIFK;0.85;0.36;0.8;0.67;0.91;0.73;57;57;57;30;0;34;17;17;0;0;0;63;27;Y;Y;N;N;N;N;Y
21997;423;403;2015;complete;99;12;-1;64;54;1;1;2;-1;-1;-1;-1;-1;3;1;0;0;-1;-1;-1;-1;-1;-1;-1;-1;-1;-1;3;1;3.7;3.77;2;0;0;0;0;0;0;0;0;0;0;0;0;0;0;0;0;0;0;0;0;0;0;0;0;0;0;0;0;0;0;0;0;0;0;0;0;0;0;0;0;0;0;0;0;0;0;0;0;0;0;0;0;0;0;0;0;0;0;0;0;0;0;0;0;0;2;0;0;1;1;2;0;2015-07-08 15:30:00;-1;0;43;13;20;0;-1;1;-1;-1;-1;-1;-1;-1;1;0;2;1;1;3;-1;0;0;0;0;0;0;0;1;0;1;0;0;0;1;1;0;0;-1;-1;0;0;-1;-1;-1;-1;-1;-1;-1;-1;-1;10;35;35;65;100;25;80;63;33;0;0;2.6;2.65;EIF;JJK;1.23;1.62;0.4;1.75;0.82;1.9;90;65;65;35;0;0;0;0;0;0;0;63;27;Y;Y;N;N;N;N;Y
21998;403;405;2015;complete;99;13;-1;19,72,90;59;3;1;4;-1;-1;-1;-1;-1;2;1;0;0;-1;-1;-1;-1;-1;-1;-1;-1;-1;-1;2;1;2.22;3.51;3.35;0;0;0;0;0;0;0;0;0;0;0;0;0;0;0;0;0;0;0;0;0;0;0;0;0;0;0;0;0;0;0;0;0;0;0;0;0;0;0;0;0;0;0;0;0;0;0;0;0;0;0;0;0;0;0;0;0;0;0;0;0;0;0;0;0;4;1;0;2;1;3;1;2015-07-11 13:00:00;403;0;50;25;25;0;-1;1;-1;-1;-1;-1;-1;-1;1;1;1;0;2;1;-1;0;0;0;0;0;0;0;0;0;0;0;0;0;1;1;0;0;-1;-1;0;0;-1;-1;-1;-1;-1;-1;-1;-1;-1;0;17;50;75;92;33;67;75;34;15.27;4.34;3;2.33;JJK;PS Kemi;1.79;1.5;2;1.83;1.82;2.17;100;84;50;25;9;80;80;64;0;0;0;63;27;Y;Y;Y;Y;N;N;Y
21999;427;414;2015;complete;99;13;-1;35,46;;2;0;2;10;9;19;9;3;0;0;0;0;5;9;0;8;5;17;12;15;41;59;0;0;7.4;4.65;1.46;0;0;0;0;0;0;0;0;0;0;0;0;0;0;0;0;0;0;0;0;0;0;0;0;0;0;0;0;0;0;0;0;0;0;0;0;0;0;0;0;0;0;0;0;0;0;0;0;0;0;0;0;0;0;0;0;0;0;0;0;0;0;0;0;0;2;1;0;1;0;1;1;2015-07-11 15:30:00;427;0;64;27;37;0;-1;-1;-1;-1;-1;-1;-1;-1;0;0;0;0;0;0;-1;0;0;0;0;0;0;0;0;0;0;0;0;0;1;1;0;0;-1;-1;-1;-1;-1;-1;-1;-1;-1;-1;-1;-1;-1;17;44;64;84;92;35;54;74;55;10.17;3.67;3.83;3.07;Jazz;PK-35 Vantaa;1.38;1.46;0.83;1.8;0.75;2.08;84;57;37;17;9;67;54;42;0;0;0;63;27;Y;Y;N;N;N;N;N
22000;429;425;2015;complete;99;13;-1;;3;0;1;1;2;6;8;1;5;5;1;0;0;4;6;6;2;10;8;22;5;44;56;5;1;4.35;3.9;1.83;0;0;0;0;0;0;0;0;0;0;0;0;0;0;0;0;0;0;0;0;0;0;0;0;0;0;0;0;0;0;0;0;0;0;0;0;0;0;0;0;0;0;0;0;0;0;0;0;0;0;0;0;0;0;0;0;0;0;0;0;0;0;0;0;0;1;0;1;0;0;0;1;2015-07-12 15:30:00;425;0;55;0;45;0;-1;1;-1;-1;-1;-1;-1;-1;2;1;3;0;3;3;-1;0;0;0;0;0;0;0;0;0;0;0;0;0;1;1;0;1;-1;-1;0;0;-1;-1;-1;-1;-1;-1;-1;-1;-1;17;35;55;84;100;27;55;100;65;10.34;2.07;4.77;2.99;VIFK;Oulu;0.69;1.08;0.8;0.67;0.75;1.27;84;65;45;17;0;100;67;67;0;0;0;63;27;Y;N;N;N;N;N;N
22001;423;424;2015;complete;99;13;-1;7,16,56;47;3;1;4;-1;-1;-1;-1;-1;1;2;0;0;-1;-1;-1;-1;-1;-1;-1;-1;-1;-1;1;2;3.44;3.74;2.08;0;0;0;0;0;0;0;0;0;0;0;0;0;0;0;0;0;0;0;0;0;0;0;0;0;0;0;0;0;0;0;0;0;0;0;0;0;0;0;0;0;0;0;0;0;0;0;0;0;0;0;0;0;0;0;0;0;0;0;0;0;0;0;0;0;4;2;0;1;1;2;2;2015-07-12 15:30:00;423;0;67;17;50;0;-1;1;-1;-1;-1;-1;-1;-1;0;2;1;0;2;1;-1;0;0;0;0;0;0;0;0;0;0;0;0;0;1;1;1;0;-1;-1;0;0;-1;-1;-1;-1;-1;-1;-1;-1;-1;17;34;50;83;92;17;67;92;59;3.5;0.83;4.16;2.92;EIF;Haka;1.23;0.77;0.5;0.5;0.83;1.42;83;67;50;17;9;25;25;13;0;0;0;63;27;Y;Y;Y;Y;N;N;Y
22002;428;415;2015;complete;99;13;-1;;20,63;0;2;2;-1;-1;-1;-1;-1;2;4;0;0;-1;-1;-1;-1;-1;-1;-1;-1;-1;-1;2;4;5.18;3.86;1.7;0;0;0;0;0;0;0;0;0;0;0;0;0;0;0;0;0;0;0;0;0;0;0;0;0;0;0;0;0;0;0;0;0;0;0;0;0;0;0;0;0;0;0;0;0;0;0;0;0;0;0;0;0;0;0;0;0;0;0;0;0;0;0;0;0;2;0;1;0;1;1;1;2015-07-12 15:30:00;415;0;17;0;17;0;-1;1;-1;-1;-1;-1;-1;-1;0;2;2;2;2;4;-1;0;0;0;0;0;0;0;0;1;0;1;0;0;1;1;0;0;-1;-1;0;0;-1;-1;-1;-1;-1;-1;-1;-1;-1;9;9;9;25;75;0;34;50;17;4.33;0;5.83;1.34;MP;TPS;0.85;1.62;0.83;1.5;0.92;1.75;92;92;92;75;25;34;34;34;0;0;0;63;27;Y;Y;N;N;N;N;N
22003;405;414;2015;complete;99;14;-1;;;0;0;0;-1;-1;-1;-1;-1;2;4;1;0;-1;-1;-1;-1;-1;-1;-1;-1;-1;-1;3;4;2.91;3.5;2.47;0;0;0;0;0;0;0;0;0;0;0;0;0;0;0;0;0;0;0;0;0;0;0;0;0;0;0;0;0;0;0;0;0;0;0;0;0;0;0;0;0;0;0;0;0;0;0;0;0;0;0;0;0;0;0;0;0;0;0;0;0;0;0;0;0;0;0;0;0;0;0;0;2015-07-16 15:30:00;-1;0;59;25;33;0;-1;1;-1;-1;-1;-1;-1;-1;1;2;2;2;3;4;-1;0;0;0;0;0;0;0;0;0;0;0;0;0;1;1;0;0;-1;-1;0;0;-1;-1;-1;-1;-1;-1;-1;-1;-1;25;34;59;84;100;34;75;75;42;10.25;2.17;3.67;3;PS Kemi;PK-35 Vantaa;2.46;1.46;2.5;1.5;2;1.92;75;67;42;17;0;50;50;50;0;0;0;63;27;N;N;N;N;N;N;N
22004;425;428;2015;complete;99;14;-1;62;;1;0;1;-1;-1;-1;-1;-1;1;3;0;0;-1;-1;-1;-1;-1;-1;-1;-1;-1;-1;1;3;1.36;5.23;9.04;0;0;0;0;0;0;0;0;0;0;0;0;0;0;0;0;0;0;0;0;0;0;0;0;0;0;0;0;0;0;0;0;0;0;0;0;0;0;0;0;0;0;0;0;0;0;0;0;0;0;0;0;0;0;0;0;0;0;0;0;0;0;0;0;0;1;0;0;1;0;1;0;2015-07-18 13:00:00;425;0;45;37;19;0;-1;1;-1;-1;-1;-1;-1;-1;1;0;0;3;1;3;-1;0;0;0;0;0;0;0;0;0;0;0;0;0;1;1;0;0;-1;-1;0;0;-1;-1;-1;-1;-1;-1;-1;-1;-1;27;37;62;72;90;45;64;72;44;8.83;3.07;2.77;2.95;Oulu;MP;2.14;0.43;2;1;1.42;0.85;74;64;39;29;10;67;38;38;0;0;0;63;27;Y;N;N;N;N;N;N
22005;415;423;2015;complete;99;14;-1;31;;1;0;1;-1;-1;-1;-1;-1;1;3;0;1;-1;-1;-1;-1;-1;-1;-1;-1;-1;-1;1;4;1.45;4.76;7.3;0;0;0;0;0;0;0;0;0;0;0;0;0;0;0;0;0;0;0;0;0;0;0;0;0;0;0;0;0;0;0;0;0;0;0;0;0;0;0;0;0;0;0;0;0;0;0;0;0;0;0;0;0;0;0;0;0;0;0;0;0;0;0;0;0;1;1;0;0;0;0;1;2015-07-18 15:00:00;415;0;42;17;34;0;-1;1;-1;-1;-1;-1;-1;-1;1;3;0;1;4;1;-1;0;0;0;0;0;0;0;0;0;0;0;0;0;1;1;0;0;-1;-1;0;0;-1;-1;-1;-1;-1;-1;-1;-1;-1;50;50;75;83;100;59;84;92;67;10.33;3.83;3.33;3.92;TPS;EIF;2;1.07;2;1.17;1.85;1;50;50;25;17;0;67;50;50;0;0;0;63;27;Y;N;N;N;N;N;N
22006;424;427;2015;complete;99;14;-1;69,90;3;2;1;3;-1;-1;-1;-1;-1;1;3;0;0;-1;-1;-1;-1;-1;-1;-1;-1;-1;-1;1;3;1.67;4.15;5.12;0;0;0;0;0;0;0;0;0;0;0;0;0;0;0;0;0;0;0;0;0;0;0;0;0;0;0;0;0;0;0;0;0;0;0;0;0;0;0;0;0;0;0;0;0;0;0;0;0;0;0;0;0;0;0;0;0;0;0;0;0;0;0;0;0;3;0;1;2;0;2;1;2015-07-19 15:30:00;424;0;50;25;33;0;-1;1;-1;-1;-1;-1;-1;-1;0;1;1;2;1;3;-1;0;0;0;0;0;0;0;0;0;0;0;0;0;1;1;0;1;-1;-1;0;0;-1;-1;-1;-1;-1;-1;-1;-1;-1;25;33;50;75;100;34;50;84;59;14;0.5;3.97;3.17;Haka;Jazz;2.21;1;2.33;0.67;1.31;0.92;75;67;50;25;0;84;84;34;0;0;0;63;27;Y;Y;Y;N;N;N;Y
22007;429;403;2015;complete;99;14;-1;1;66,74;1;2;3;11;9;20;2;2;3;1;0;0;8;10;7;5;15;15;10;6;47;53;3;1;6.61;4.36;1.53;0;0;0;0;0;0;0;0;0;0;0;0;0;0;0;0;0;0;0;0;0;0;0;0;0;0;0;0;0;0;0;0;0;0;0;0;0;0;0;0;0;0;0;0;0;0;0;0;0;0;0;0;0;0;0;0;0;0;0;0;0;0;0;0;0;3;1;0;0;2;2;1;2015-07-20 15:30:00;403;0;45;10;27;0;-1;1;-1;-1;-1;-1;-1;-1;2;1;1;0;3;1;-1;0;0;0;0;0;0;0;0;0;0;0;0;0;1;1;1;0;-1;-1;0;0;-1;-1;-1;-1;-1;-1;-1;-1;-1;0;29;45;72;100;29;74;62;54;4;0.33;4;2.45;VIFK;JJK;0.69;1.62;0.67;1.6;0.69;1.92;100;72;55;29;0;38;38;38;0;0;0;63;27;Y;Y;Y;N;N;N;Y
22008;427;429;2015;complete;99;15;-1;10,45,52,77,85;66;5;1;6;5;1;6;6;3;2;5;0;0;8;5;5;6;13;11;15;15;60;40;2;5;1.66;4.18;5.26;0;0;0;0;0;0;0;0;0;0;0;0;0;0;0;0;0;0;0;0;0;0;0;0;0;0;0;0;0;0;0;0;0;0;0;0;0;0;0;0;0;0;0;0;0;0;0;0;0;0;0;0;0;0;0;0;0;0;0;0;0;0;0;0;0;6;2;0;3;1;4;2;2015-07-24 15:30:00;427;0;57;22;36;0;-1;1;-1;-1;-1;-1;-1;-1;2;3;0;2;5;2;-1;0;0;0;0;0;0;0;1;0;1;0;0;0;1;1;1;0;-1;-1;1;0;-1;-1;-1;-1;-1;-1;-1;-1;-1;43;57;57;86;93;43;79;86;57;9.4;2.85;3.4;3.64;Jazz;VIFK;1.38;0.36;1.14;0.71;0.86;0.64;57;43;43;15;7;84;57;47;0;0;0;63;27;Y;Y;Y;Y;Y;Y;Y
22009;424;425;2015;complete;99;15;-1;24;75;1;1;2;-1;-1;-1;-1;-1;1;2;0;0;-1;-1;-1;-1;-1;-1;-1;-1;-1;-1;1;2;2.17;3.62;3.35;0;0;0;0;0;0;0;0;0;0;0;0;0;0;0;0;0;0;0;0;0;0;0;0;0;0;0;0;0;0;0;0;0;0;0;0;0;0;0;0;0;0;0;0;0;0;0;0;0;0;0;0;0;0;0;0;0;0;0;0;0;0;0;0;0;2;1;0;0;1;1;1;2015-07-25 13:00:00;-1;0;50;15;36;0;-1;1;-1;-1;-1;-1;-1;-1;1;0;0;2;1;2;-1;0;0;0;0;0;0;0;0;0;0;0;0;0;1;1;0;0;-1;-1;0;0;-1;-1;-1;-1;-1;-1;-1;-1;-1;29;36;50;64;100;36;64;79;50;14.75;0.72;3.67;3.15;Haka;Oulu;2.21;1.08;2.43;1;1.43;1.54;71;64;50;36;0;88;63;13;0;0;0;63;27;Y;Y;N;N;N;N;Y
22010;405;423;2015;complete;99;15;-1;9,74,79;;3;0;3;3;5;8;3;1;1;3;1;0;5;3;6;6;11;9;8;13;58;42;2;3;1.44;4.83;7.46;0;0;0;0;0;0;0;0;0;0;0;0;0;0;0;0;0;0;0;0;0;0;0;0;0;0;0;0;0;0;0;0;0;0;0;0;0;0;0;0;0;0;0;0;0;0;0;0;0;0;0;0;0;0;0;0;0;0;0;0;0;0;0;0;0;3;1;0;2;0;2;1;2015-07-25 13:00:00;405;0;64;29;43;0;-1;1;-1;-1;-1;-1;-1;-1;0;1;2;2;1;4;-1;0;0;0;0;0;0;0;0;0;0;0;0;0;1;1;1;0;-1;-1;0;0;-1;-1;-1;-1;-1;-1;-1;-1;-1;50;50;64;64;93;50;93;64;43;9.83;0;4.43;3.5;PS Kemi;EIF;2.46;1.07;2.29;1;1.93;0.93;50;50;36;36;7;59;59;59;0;0;0;63;27;Y;Y;Y;N;N;N;N
22011;415;403;2015;complete;99;15;-1;;68;0;1;1;4;3;7;1;2;1;0;0;0;9;3;7;5;16;8;13;11;57;43;1;0;2.27;3.44;3.29;0;0;0;0;0;0;0;0;0;0;0;0;0;0;0;0;0;0;0;0;0;0;0;0;0;0;0;0;0;0;0;0;0;0;0;0;0;0;0;0;0;0;0;0;0;0;0;0;0;0;0;0;0;0;0;0;0;0;0;0;0;0;0;0;0;1;0;0;0;1;1;0;2015-07-25 13:00:00;403;0;25;9;9;0;-1;1;-1;-1;-1;-1;-1;-1;1;0;0;0;1;0;-1;0;0;0;0;0;0;0;0;0;0;0;0;0;1;1;0;0;-1;-1;0;0;-1;-1;-1;-1;-1;-1;-1;-1;-1;15;31;54;69;100;38;77;68;54;14;2.64;2.29;2.68;TPS;JJK;2;1.62;2.14;1.83;1.93;2;86;69;47;31;0;84;67;67;0;0;0;63;27;Y;N;N;N;N;N;N
22012;414;428;2015;complete;99;15;-1;69,76;52;2;1;3;8;2;10;3;4;4;0;0;1;5;5;12;2;17;7;19;15;60;40;4;2;1.22;6.65;9.99;0;0;0;0;0;0;0;0;0;0;0;0;0;0;0;0;0;0;0;0;0;0;0;0;0;0;0;0;0;0;0;0;0;0;0;0;0;0;0;0;0;0;0;0;0;0;0;0;0;0;0;0;0;0;0;0;0;0;0;0;0;0;0;0;0;3;0;0;2;1;3;0;2015-07-26 15:30:00;414;0;43;22;22;0;-1;1;-1;-1;-1;-1;-1;-1;2;0;2;1;2;3;-1;0;0;0;0;0;0;0;0;0;0;0;0;0;1;1;0;0;-1;-1;1;0;-1;-1;-1;-1;-1;-1;-1;-1;-1;29;36;64;71;93;43;64;79;50;9.3;3.72;4.29;3.07;PK-35 Vantaa;MP;2.14;0.43;2.29;0.86;1.86;0.79;71;64;36;29;7;90;78;78;0;0;0;63;27;Y;Y;Y;N;N;N;Y
22013;425;405;2015;complete;99;16;-1;59,65,81;64;3;1;4;2;9;11;1;5;1;5;0;0;2;3;6;4;8;7;15;12;45;55;1;5;2.53;3.42;2.88;0;0;0;0;0;0;0;0;0;0;0;0;0;0;0;0;0;0;0;0;0;0;0;0;0;0;0;0;0;0;0;0;0;0;0;0;0;0;0;0;0;0;0;0;0;0;0;0;0;0;0;0;0;0;0;0;0;0;0;0;0;0;0;0;0;4;0;0;3;1;4;0;2015-08-01 13:00:00;425;0;38;24;16;0;-1;1;-1;-1;-1;-1;-1;-1;1;3;0;2;4;2;-1;0;0;0;0;0;0;0;0;0;0;0;0;0;1;1;0;0;-1;-1;0;0;-1;-1;-1;-1;-1;-1;-1;-1;-1;9;24;31;61;92;31;68;69;16;11;2.29;2.93;2.16;Oulu;PS Kemi;2.14;1.5;2.17;1.57;1.5;2;92;77;69;40;9;67;50;34;0;0;0;63;27;Y;Y;Y;Y;N;N;Y
22014;428;424;2015;complete;99;16;-1;40,80,89;29,45,46,69;3;4;7;-1;-1;-1;-1;-1;0;2;0;0;-1;-1;-1;-1;-1;-1;-1;-1;-1;-1;0;2;4.4;3.86;1.82;0;0;0;0;0;0;0;0;0;0;0;0;0;0;0;0;0;0;0;0;0;0;0;0;0;0;0;0;0;0;0;0;0;0;0;0;0;0;0;0;0;0;0;0;0;0;0;0;0;0;0;0;0;0;0;0;0;0;0;0;0;0;0;0;0;7;1;2;2;2;4;3;2015-08-02 15:30:00;424;0;50;15;43;0;-1;1;-1;-1;-1;-1;-1;-1;0;1;0;1;1;1;-1;0;0;0;0;0;0;0;0;0;0;0;0;0;1;1;0;0;-1;-1;0;0;-1;-1;-1;-1;-1;-1;-1;-1;-1;14;36;50;72;93;22;72;79;50;3.5;0.43;4.29;2.72;MP;Haka;0.85;0.77;0.71;0.43;0.73;1.4;86;65;50;29;7;25;25;13;0;0;0;63;27;Y;Y;Y;Y;Y;Y;Y
22015;429;415;2015;complete;99;16;-1;27;9,37,76,78,90;1;5;6;2;5;7;2;4;3;1;0;0;4;3;0;3;4;6;12;13;44;56;3;1;6.05;4.16;1.59;0;0;0;0;0;0;0;0;0;0;0;0;0;0;0;0;0;0;0;0;0;0;0;0;0;0;0;0;0;0;0;0;0;0;0;0;0;0;0;0;0;0;0;0;0;0;0;0;0;0;0;0;0;0;0;0;0;0;0;0;0;0;0;0;0;6;1;2;0;3;3;3;2015-08-02 15:30:00;415;0;29;0;15;0;-1;1;-1;-1;-1;-1;-1;-1;1;0;2;1;1;3;-1;0;0;0;0;0;0;0;0;0;0;0;0;0;1;1;0;1;-1;-1;0;0;-1;-1;-1;-1;-1;-1;-1;-1;-1;0;7;29;50;79;7;50;65;36;9.73;1.86;6.86;1.64;VIFK;TPS;0.69;1.62;0.57;1.71;0.6;1.8;100;93;72;50;22;74;74;74;0;0;0;63;27;Y;Y;Y;Y;Y;Y;Y
22016;423;414;2015;complete;99;16;-1;;2,82,88;0;3;3;-1;-1;-1;-1;-1;0;2;0;0;-1;-1;-1;-1;-1;-1;-1;-1;-1;-1;0;2;7.34;4.64;1.46;0;0;0;0;0;0;0;0;0;0;0;0;0;0;0;0;0;0;0;0;0;0;0;0;0;0;0;0;0;0;0;0;0;0;0;0;0;0;0;0;0;0;0;0;0;0;0;0;0;0;0;0;0;0;0;0;0;0;0;0;0;0;0;0;0;3;0;1;0;2;2;1;2015-08-02 15:30:00;414;0;57;7;43;0;-1;1;-1;-1;-1;-1;-1;-1;0;0;0;2;0;2;-1;0;0;0;0;0;0;0;0;0;0;0;0;0;1;1;0;1;-1;-1;0;0;-1;-1;-1;-1;-1;-1;-1;-1;-1;7;22;36;86;93;14;50;86;50;5.75;0.71;3.71;2.58;EIF;PK-35 Vantaa;1.23;1.46;0.86;1.43;0.87;1.93;93;79;64;14;7;25;25;25;0;0;0;63;27;Y;Y;Y;N;N;N;N
22017;403;427;2015;complete;99;16;-1;36;77,83;1;2;3;-1;-1;-1;-1;-1;1;2;0;0;-1;-1;-1;-1;-1;-1;-1;-1;-1;-1;1;2;1.53;4.45;6.34;0;0;0;0;0;0;0;0;0;0;0;0;0;0;0;0;0;0;0;0;0;0;0;0;0;0;0;0;0;0;0;0;0;0;0;0;0;0;0;0;0;0;0;0;0;0;0;0;0;0;0;0;0;0;0;0;0;0;0;0;0;0;0;0;0;3;1;0;0;2;2;1;2015-08-05 15:30:00;427;0;64;22;43;0;-1;1;-1;-1;-1;-1;-1;-1;0;0;1;2;0;3;-1;0;0;0;0;0;0;0;0;0;0;0;0;0;1;1;0;0;-1;-1;0;0;-1;-1;-1;-1;-1;-1;-1;-1;-1;7;36;72;86;93;22;50;93;71;14.6;2.85;3.86;2.93;JJK;Jazz;1.79;1;2.14;0.57;2.07;1;93;64;29;14;7;64;64;64;0;0;0;63;27;Y;Y;Y;N;N;N;Y
22018;424;415;2015;complete;99;17;-1;32;52;1;1;2;-1;-1;-1;-1;-1;1;3;0;0;-1;-1;-1;-1;-1;-1;-1;-1;-1;-1;1;3;2.55;3.5;2.8;0;0;0;0;0;0;0;0;0;0;0;0;0;0;0;0;0;0;0;0;0;0;0;0;0;0;0;0;0;0;0;0;0;0;0;0;0;0;0;0;0;0;0;0;0;0;0;0;0;0;0;0;0;0;0;0;0;0;0;0;0;0;0;0;0;2;1;0;0;1;1;1;2015-08-06 15:30:00;-1;0;38;19;13;0;-1;1;-1;-1;-1;-1;-1;-1;0;0;1;3;0;4;-1;0;0;0;0;0;0;0;0;1;0;1;0;0;1;1;0;0;-1;-1;0;0;-1;-1;-1;-1;-1;-1;-1;-1;-1;19;19;32;50;82;26;57;63;32;13.5;0.25;5.07;2.32;Haka;TPS;2.21;1.62;2.25;1.88;1.5;1.88;82;82;69;50;19;75;75;25;0;0;0;63;27;Y;Y;N;N;N;N;Y
22019;405;429;2015;complete;99;17;-1;41,85;27;2;1;3;-1;-1;-1;-1;-1;0;4;0;1;-1;-1;-1;-1;-1;-1;-1;-1;-1;-1;0;5;1.28;6.2;9.99;0;0;0;0;0;0;0;0;0;0;0;0;0;0;0;0;0;0;0;0;0;0;0;0;0;0;0;0;0;0;0;0;0;0;0;0;0;0;0;0;0;0;0;0;0;0;0;0;0;0;0;0;0;0;0;0;0;0;0;0;0;0;0;0;0;3;1;1;1;0;1;2;2015-08-08 13:00:00;405;0;57;19;38;0;-1;1;-1;-1;-1;-1;-1;-1;0;2;0;3;2;3;-1;0;0;0;0;0;0;0;0;0;0;0;0;0;1;1;0;0;-1;-1;0;0;-1;-1;-1;-1;-1;-1;-1;-1;-1;51;51;63;82;94;44;88;82;57;6.5;0.75;4.42;3.63;PS Kemi;VIFK;2.46;0.36;2.38;0.63;1.88;0.56;51;51;38;19;7;42;29;29;0;0;0;63;27;Y;Y;Y;N;N;N;Y
22020;414;403;2015;complete;99;17;-1;;70,80;0;2;2;8;1;9;3;3;1;3;0;0;6;5;6;4;12;9;8;13;61;39;1;3;1.63;4.01;5.76;0;0;0;0;0;0;0;0;0;0;0;0;0;0;0;0;0;0;0;0;0;0;0;0;0;0;0;0;0;0;0;0;0;0;0;0;0;0;0;0;0;0;0;0;0;0;0;0;0;0;0;0;0;0;0;0;0;0;0;0;0;0;0;0;0;2;0;0;0;2;2;0;2015-08-08 15:00:00;403;0;47;14;26;0;-1;1;-1;-1;-1;-1;-1;-1;1;2;0;1;3;1;-1;0;0;0;0;0;0;0;0;0;0;0;0;0;1;1;0;0;-1;-1;0;0;-1;-1;-1;-1;-1;-1;-1;-1;-1;13;34;53;66;94;34;67;66;47;12.17;2.36;3.86;2.65;PK-35 Vantaa;JJK;2.14;1.62;2.38;2;2;1.93;88;67;48;34;7;67;67;59;0;0;0;63;27;Y;Y;N;N;N;N;N
22021;425;423;2015;complete;99;17;-1;38,45;69;2;1;3;4;3;7;4;5;2;1;1;0;5;2;1;6;6;8;16;10;49;51;4;1;1.5;4.47;6.93;0;0;0;0;0;0;0;0;0;0;0;0;0;0;0;0;0;0;0;0;0;0;0;0;0;0;0;0;0;0;0;0;0;0;0;0;0;0;0;0;0;0;0;0;0;0;0;0;0;0;0;0;0;0;0;0;0;0;0;0;0;0;0;0;0;3;2;0;0;1;1;2;2015-08-08 15:30:00;425;0;53;27;40;0;-1;1;-1;-1;-1;-1;-1;-1;0;1;3;0;1;3;-1;0;0;0;0;0;0;0;0;0;0;0;0;0;1;1;0;0;-1;-1;0;0;-1;-1;-1;-1;-1;-1;-1;-1;-1;32;47;59;66;93;40;72;73;46;9.75;1;3.81;3.22;Oulu;EIF;2.14;1.07;2.29;0.88;1.6;0.81;68;54;41;34;7;50;38;38;0;0;0;63;27;Y;Y;Y;N;N;N;Y
22022;428;427;2015;complete;99;17;-1;41,49,66;15,81;3;2;5;-1;-1;-1;-1;-1;2;4;0;0;-1;-1;-1;-1;-1;-1;-1;-1;-1;-1;2;4;0;0;0;0;0;0;0;0;0;0;0;0;0;0;0;0;0;0;0;0;0;0;0;0;0;0;0;0;0;0;0;0;0;0;0;0;0;0;0;0;0;0;0;0;0;0;0;0;0;0;0;0;0;0;0;0;0;0;0;0;0;0;0;0;0;0;0;0;5;1;1;2;1;3;2;2015-08-09 15:30:00;428;0;51;13;32;0;-1;1;-1;-1;-1;-1;-1;-1;0;0;2;4;0;6;-1;0;0;0;0;0;0;0;0;0;0;0;0;0;1;1;0;0;-1;-1;0;0;-1;-1;-1;-1;-1;-1;-1;-1;-1;19;25;44;76;100;13;57;88;57;5;0;4;2.82;MP;Jazz;0.85;1;0.63;0.88;0.69;1.13;82;75;57;26;0;34;34;34;0;0;0;63;27;Y;Y;Y;Y;Y;N;Y
22023;423;428;2015;complete;99;18;-1;90;;1;0;1;-1;-1;-1;-1;-1;1;1;0;0;-1;-1;-1;-1;-1;-1;-1;-1;-1;-1;1;1;2.06;3.8;3.5;0;0;0;0;0;0;0;0;0;0;0;0;0;0;0;0;0;0;0;0;0;0;0;0;0;0;0;0;0;0;0;0;0;0;0;0;0;0;0;0;0;0;0;0;0;0;0;0;0;0;0;0;0;0;0;0;0;0;0;0;0;0;0;0;0;1;0;0;1;0;1;0;2015-08-15 12:00:00;423;0;57;13;38;0;-1;1;-1;-1;-1;-1;-1;-1;0;0;1;1;0;2;-1;0;0;0;0;0;0;0;0;0;0;0;0;0;1;1;0;0;-1;-1;0;0;-1;-1;-1;-1;-1;-1;-1;-1;-1;19;25;57;82;100;26;57;94;63;3.2;0.63;3;3.01;EIF;MP;1.23;0.43;0.75;0.75;0.76;0.82;82;75;44;19;0;50;40;30;0;0;0;63;27;Y;N;N;N;N;N;N
22024;403;425;2015;complete;99;18;-1;;;0;0;0;0;8;8;0;3;1;2;0;0;12;7;5;8;17;15;11;11;46;54;1;2;2.15;3.66;3.37;0;0;0;0;0;0;0;0;0;0;0;0;0;0;0;0;0;0;0;0;0;0;0;0;0;0;0;0;0;0;0;0;0;0;0;0;0;0;0;0;0;0;0;0;0;0;0;0;0;0;0;0;0;0;0;0;0;0;0;0;0;0;0;0;0;0;0;0;0;0;0;0;2015-08-15 14:00:00;-1;0;63;13;44;0;-1;1;-1;-1;-1;-1;-1;-1;0;1;1;1;1;2;-1;0;0;0;0;0;0;0;0;0;0;0;0;0;1;1;0;0;-1;-1;0;0;-1;-1;-1;-1;-1;-1;-1;-1;-1;13;38;63;76;94;25;63;88;57;15.35;2.75;3.5;2.88;JJK;Oulu;1.79;1.08;1.88;1;2;1.69;88;63;38;26;7;68;43;43;0;0;0;63;27;N;N;N;N;N;N;N
22025;415;414;2015;complete;99;18;-1;43,45;;2;0;2;6;7;13;2;0;1;4;0;0;3;3;5;3;8;6;19;11;46;54;1;4;2.82;3.34;2.62;0;0;0;0;0;0;0;0;0;0;0;0;0;0;0;0;0;0;0;0;0;0;0;0;0;0;0;0;0;0;0;0;0;0;0;0;0;0;0;0;0;0;0;0;0;0;0;0;0;0;0;0;0;0;0;0;0;0;0;0;0;0;0;0;0;2;2;0;0;0;0;2;2015-08-15 14:00:00;415;0;19;7;13;0;-1;1;-1;-1;-1;-1;-1;-1;1;1;0;3;2;3;-1;0;0;0;0;0;0;0;0;0;0;0;0;0;1;1;0;0;-1;-1;0;0;-1;-1;-1;-1;-1;-1;-1;-1;-1;13;19;50;76;94;26;57;82;50;10.61;4.26;3.25;2.51;TPS;PK-35 Vantaa;2;1.46;1.88;1.63;1.82;1.88;88;82;50;26;7;54;40;40;0;0;0;63;27;Y;Y;N;N;N;N;N
22026;427;405;2015;complete;99;18;-1;;39,44,46,67;0;4;4;8;5;13;2;1;1;2;0;0;4;7;3;8;7;15;11;8;50;50;1;2;3.36;3.75;2.12;0;0;0;0;0;0;0;0;0;0;0;0;0;0;0;0;0;0;0;0;0;0;0;0;0;0;0;0;0;0;0;0;0;0;0;0;0;0;0;0;0;0;0;0;0;0;0;0;0;0;0;0;0;0;0;0;0;0;0;0;0;0;0;0;0;4;0;2;0;2;2;2;2015-08-16 15:30:00;405;0;57;19;32;0;-1;1;-1;-1;-1;-1;-1;-1;1;0;0;2;1;2;-1;0;0;0;0;0;0;0;0;0;0;0;0;0;1;1;0;0;-1;-1;0;0;-1;-1;-1;-1;-1;-1;-1;-1;-1;19;44;51;75;94;38;75;75;38;12.67;4.88;3.51;2.94;Jazz;PS Kemi;1.38;1.5;1.38;1.38;1.06;1.94;82;57;51;25;7;92;84;63;0;0;0;63;27;Y;Y;Y;Y;N;N;N
22027;429;424;2015;complete;99;18;-1;50;17;1;1;2;3;4;7;1;1;4;1;0;0;4;5;5;7;9;12;17;9;52;48;4;1;4.97;4.43;1.65;0;0;0;0;0;0;0;0;0;0;0;0;0;0;0;0;0;0;0;0;0;0;0;0;0;0;0;0;0;0;0;0;0;0;0;0;0;0;0;0;0;0;0;0;0;0;0;0;0;0;0;0;0;0;0;0;0;0;0;0;0;0;0;0;0;2;0;1;1;0;1;1;2015-08-16 15:30:00;-1;0;69;26;44;0;-1;1;-1;-1;-1;-1;-1;-1;2;0;2;1;2;3;-1;0;0;0;0;0;0;0;0;0;0;0;0;0;1;1;0;0;-1;-1;0;0;-1;-1;-1;-1;-1;-1;-1;-1;-1;19;44;76;88;94;38;82;88;75;8.33;2.63;5.25;3.38;VIFK;Haka;0.69;0.77;0.5;0.75;0.53;1.47;82;57;26;13;7;59;59;46;0;0;0;63;27;Y;Y;N;N;N;N;Y
22028;425;414;2015;complete;99;19;-1;14,51,77;50,79;3;2;5;3;4;7;2;2;2;4;0;0;3;5;6;4;9;9;14;19;49;51;2;4;2.76;3.48;2.6;0;0;0;0;0;0;0;0;0;0;0;0;0;0;0;0;0;0;0;0;0;0;0;0;0;0;0;0;0;0;0;0;0;0;0;0;0;0;0;0;0;0;0;0;0;0;0;0;0;0;0;0;0;0;0;0;0;0;0;0;0;0;0;0;0;5;1;0;2;2;4;1;2015-08-19 15:30:00;425;0;42;18;24;0;-1;1;-1;-1;-1;-1;-1;-1;0;1;2;3;1;5;-1;0;0;0;0;0;0;0;0;0;0;0;0;0;1;1;0;0;-1;-1;0;0;-1;-1;-1;-1;-1;-1;-1;-1;-1;7;25;47;76;89;30;53;71;35;10.4;2.6;3.97;2.42;Oulu;PK-35 Vantaa;2.14;1.46;2.38;1.44;1.65;1.78;94;76;53;25;12;50;40;40;0;0;0;63;27;Y;Y;Y;Y;Y;N;Y
22029;424;403;2015;complete;99;19;-1;48;;1;0;1;-1;-1;-1;-1;-1;2;2;0;0;-1;-1;-1;-1;-1;-1;-1;-1;-1;-1;2;2;2.34;3.59;3.03;0;0;0;0;0;0;0;0;0;0;0;0;0;0;0;0;0;0;0;0;0;0;0;0;0;0;0;0;0;0;0;0;0;0;0;0;0;0;0;0;0;0;0;0;0;0;0;0;0;0;0;0;0;0;0;0;0;0;0;0;0;0;0;0;0;1;0;0;1;0;1;0;2015-08-20 15:30:00;424;0;53;18;18;0;-1;1;-1;-1;-1;-1;-1;-1;1;1;1;1;2;2;-1;0;0;0;0;0;0;0;0;0;0;0;0;0;1;1;0;0;-1;-1;0;0;-1;-1;-1;-1;-1;-1;-1;-1;-1;11;24;41;71;100;29;71;71;47;13.33;0;2.63;2.68;Haka;JJK;2.21;1.62;2.11;2.13;1.44;1.94;89;77;60;30;0;84;67;17;0;0;0;63;27;Y;N;N;N;N;N;N
22030;429;423;2015;complete;99;19;-1;26;42;1;1;2;2;8;10;0;1;3;2;1;0;5;10;8;5;13;15;15;9;39;61;4;2;2.89;3.57;2.45;0;0;0;0;0;0;0;0;0;0;0;0;0;0;0;0;0;0;0;0;0;0;0;0;0;0;0;0;0;0;0;0;0;0;0;0;0;0;0;0;0;0;0;0;0;0;0;0;0;0;0;0;0;0;0;0;0;0;0;0;0;0;0;0;0;2;1;1;0;0;0;2;2015-08-22 13:00:00;-1;0;67;17;33;0;-1;1;-1;-1;-1;-1;-1;-1;2;0;2;2;2;4;-1;0;0;0;0;0;0;0;0;0;0;0;0;0;1;1;0;0;-1;-1;0;0;-1;-1;-1;-1;-1;-1;-1;-1;-1;28;33;67;84;100;39;89;84;62;9.37;2;5.33;3.39;VIFK;EIF;0.69;1.07;0.56;0.78;0.56;0.89;73;67;33;17;0;49;49;49;0;0;0;63;27;Y;Y;N;N;N;N;Y
22031;415;427;2015;complete;99;19;-1;;90;0;1;1;3;2;5;2;5;2;0;0;0;3;6;12;3;15;9;14;7;48;52;2;0;1.49;4.52;7;0;0;0;0;0;0;0;0;0;0;0;0;0;0;0;0;0;0;0;0;0;0;0;0;0;0;0;0;0;0;0;0;0;0;0;0;0;0;0;0;0;0;0;0;0;0;0;0;0;0;0;0;0;0;0;0;0;0;0;0;0;0;0;0;0;1;0;0;0;1;1;0;2015-08-22 15:00:00;427;0;34;11;17;0;-1;1;-1;-1;-1;-1;-1;-1;1;0;1;0;1;1;-1;0;0;0;0;0;0;0;0;0;0;0;0;0;1;1;0;0;-1;-1;0;0;-1;-1;-1;-1;-1;-1;-1;-1;-1;22;28;56;78;100;33;62;89;61;10;3.11;3.66;2.84;TPS;Jazz;2;1;2;0.78;1.89;1;78;73;45;22;0;65;53;53;0;0;0;63;27;Y;N;N;N;N;N;N
22032;428;405;2015;complete;99;19;-1;16,23;64,80,82;2;3;5;-1;-1;-1;-1;-1;2;5;0;0;-1;-1;-1;-1;-1;-1;-1;-1;-1;-1;2;5;6.29;4.39;1.54;0;0;0;0;0;0;0;0;0;0;0;0;0;0;0;0;0;0;0;0;0;0;0;0;0;0;0;0;0;0;0;0;0;0;0;0;0;0;0;0;0;0;0;0;0;0;0;0;0;0;0;0;0;0;0;0;0;0;0;0;0;0;0;0;0;5;2;0;0;3;3;2;2015-08-23 15:30:00;405;0;44;17;33;0;-1;1;-1;-1;-1;-1;-1;-1;0;1;2;4;1;6;-1;0;0;0;0;0;0;0;0;0;0;0;0;0;1;1;0;0;-1;-1;0;0;-1;-1;-1;-1;-1;-1;-1;-1;-1;17;33;39;73;100;28;73;78;39;6.2;0.67;3.67;2.78;MP;PS Kemi;0.85;1.5;0.89;1.56;0.78;2;84;67;62;28;0;50;50;40;0;0;0;63;27;Y;Y;Y;Y;Y;N;Y
22033;403;428;2015;complete;99;20;-1;19,50,57;39,90;3;2;5;6;5;11;1;0;1;1;0;0;19;8;9;8;28;16;11;8;55;45;1;1;1.36;5.1;9.64;0;0;0;0;0;0;0;0;0;0;0;0;0;0;0;0;0;0;0;0;0;0;0;0;0;0;0;0;0;0;0;0;0;0;0;0;0;0;0;0;0;0;0;0;0;0;0;0;0;0;0;0;0;0;0;0;0;0;0;0;0;0;0;0;0;5;1;1;2;1;3;2;2015-08-27 15:30:00;403;0;56;22;33;0;-1;1;-1;-1;-1;-1;-1;-1;0;0;1;1;0;2;-1;0;0;0;0;0;0;0;0;0;0;0;0;0;1;1;0;0;-1;-1;0;0;-1;-1;-1;-1;-1;-1;-1;-1;-1;11;28;73;73;89;28;50;84;62;11.2;2.89;2.88;2.78;JJK;MP;1.79;0.43;1.78;0.67;1.83;0.74;89;73;28;28;11;75;65;55;0;0;0;63;27;Y;Y;Y;Y;Y;N;Y
22034;414;429;2015;complete;99;20;-1;48,51,57,90;;4;0;4;7;1;8;2;4;1;1;0;0;6;7;3;8;9;15;9;8;62;38;1;1;1.22;6.7;9.99;0;0;0;0;0;0;0;0;0;0;0;0;0;0;0;0;0;0;0;0;0;0;0;0;0;0;0;0;0;0;0;0;0;0;0;0;0;0;0;0;0;0;0;0;0;0;0;0;0;0;0;0;0;0;0;0;0;0;0;0;0;0;0;0;0;4;0;0;4;0;4;0;2015-08-29 13:00:00;414;0;56;17;39;0;-1;1;-1;-1;-1;-1;-1;-1;0;1;1;0;1;1;-1;0;0;0;0;0;0;0;0;0;0;0;0;0;1;1;0;0;-1;-1;0;0;-1;-1;-1;-1;-1;-1;-1;-1;-1;39;45;62;89;95;45;73;89;62;8.93;2.89;5.41;3.56;PK-35 Vantaa;VIFK;2.14;0.36;2.11;0.56;1.68;0.58;61;56;39;11;6;68;48;41;0;0;0;63;27;Y;Y;Y;Y;N;N;N
22035;425;415;2015;complete;99;20;-1;48;57;1;1;2;3;7;10;3;5;2;4;2;0;4;5;8;3;12;8;14;20;43;57;5;4;2.43;3.35;3.08;0;0;0;0;0;0;0;0;0;0;0;0;0;0;0;0;0;0;0;0;0;0;0;0;0;0;0;0;0;0;0;0;0;0;0;0;0;0;0;0;0;0;0;0;0;0;0;0;0;0;0;0;0;0;0;0;0;0;0;0;0;0;0;0;0;2;0;0;1;1;2;0;2015-08-29 13:00:00;-1;0;39;17;17;0;-1;1;-1;-1;-1;-1;-1;-1;1;1;3;3;2;6;-1;0;0;0;0;0;0;0;0;1;0;1;0;0;1;1;0;0;-1;-1;0;0;-1;-1;-1;-1;-1;-1;-1;-1;-1;17;28;34;50;78;22;50;67;22;8.67;2.11;5.22;2.11;Oulu;TPS;2.14;1.62;2.44;1.78;1.72;1.79;84;73;67;50;22;42;34;34;0;0;0;63;27;Y;Y;N;N;N;N;Y
22036;423;427;2015;complete;99;20;-1;;;0;0;0;-1;-1;-1;-1;-1;0;1;0;0;-1;-1;-1;-1;-1;-1;-1;-1;-1;-1;0;1;2.32;3.63;3.05;0;0;0;0;0;0;0;0;0;0;0;0;0;0;0;0;0;0;0;0;0;0;0;0;0;0;0;0;0;0;0;0;0;0;0;0;0;0;0;0;0;0;0;0;0;0;0;0;0;0;0;0;0;0;0;0;0;0;0;0;0;0;0;0;0;0;0;0;0;0;0;0;2015-08-29 13:00:00;-1;0;58;10;37;0;-1;1;-1;-1;-1;-1;-1;-1;0;0;0;1;0;1;-1;0;0;0;0;0;0;0;0;0;0;0;0;0;1;1;0;0;-1;-1;0;0;-1;-1;-1;-1;-1;-1;-1;-1;-1;16;26;47;79;100;16;53;100;63;4.25;0;3.64;2.79;EIF;Jazz;1.23;1;1;1;0.89;1.11;85;74;54;21;0;25;25;25;0;0;0;63;27;N;N;N;N;N;N;N
22037;405;424;2015;complete;99;20;-1;78,85;89;2;1;3;2;7;9;5;0;3;4;0;0;3;7;3;5;6;12;15;11;51;49;3;4;1.96;3.75;3.87;0;0;0;0;0;0;0;0;0;0;0;0;0;0;0;0;0;0;0;0;0;0;0;0;0;0;0;0;0;0;0;0;0;0;0;0;0;0;0;0;0;0;0;0;0;0;0;0;0;0;0;0;0;0;0;0;0;0;0;0;0;0;0;0;0;3;0;0;2;1;3;0;2015-08-30 15:30:00;405;0;67;33;39;0;-1;1;-1;-1;-1;-1;-1;-1;1;0;2;4;1;6;-1;0;0;0;0;0;0;0;1;1;1;1;0;0;1;1;0;0;-1;-1;0;0;-1;-1;-1;-1;-1;-1;-1;-1;-1;28;45;73;78;89;44;89;78;50;7.6;1.22;4;3.23;PS Kemi;Haka;2.46;0.77;2.44;0.78;2.05;1.53;73;56;28;22;11;37;37;27;0;0;0;63;27;Y;Y;Y;N;N;N;Y
22038;424;414;2015;complete;99;21;-1;72;;1;0;1;-1;-1;-1;-1;-1;0;2;0;1;-1;-1;-1;-1;-1;-1;-1;-1;-1;-1;0;4;2.84;3.59;2.47;0;0;0;0;0;0;0;0;0;0;0;0;0;0;0;0;0;0;0;0;0;0;0;0;0;0;0;0;0;0;0;0;0;0;0;0;0;0;0;0;0;0;0;0;0;0;0;0;0;0;0;0;0;0;0;0;0;0;0;0;0;0;0;0;0;1;0;0;1;0;1;0;2015-09-03 15:30:00;424;0;50;15;25;0;-1;1;-1;-1;-1;-1;-1;-1;0;2;0;1;2;1;-1;0;0;0;0;0;0;0;0;0;0;0;0;0;1;1;0;0;-1;-1;0;0;-1;-1;-1;-1;-1;-1;-1;-1;-1;15;20;45;80;95;25;65;75;45;14.67;0.6;3.96;2.75;Haka;PK-35 Vantaa;2.21;1.46;2.2;1.3;1.45;1.75;85;80;55;20;5;75;75;25;0;0;0;63;27;Y;N;N;N;N;N;N
22039;427;425;2015;complete;99;21;-1;;;0;0;0;-1;-1;-1;-1;-1;2;0;0;0;-1;-1;-1;-1;-1;-1;-1;-1;-1;-1;2;0;2.81;3.55;2.51;0;0;0;0;0;0;0;0;0;0;0;0;0;0;0;0;0;0;0;0;0;0;0;0;0;0;0;0;0;0;0;0;0;0;0;0;0;0;0;0;0;0;0;0;0;0;0;0;0;0;0;0;0;0;0;0;0;0;0;0;0;0;0;0;0;0;0;0;0;0;0;0;2015-09-05 13:00:00;-1;0;50;11;33;0;-1;1;-1;-1;-1;-1;-1;-1;0;0;2;0;0;2;-1;0;0;0;0;0;0;0;0;0;0;0;0;0;1;1;0;0;-1;-1;0;0;-1;-1;-1;-1;-1;-1;-1;-1;-1;28;50;50;67;89;39;67;78;45;12.63;4.22;3.56;3;Jazz;Oulu;1.38;1.08;1.22;1;1.1;1.68;73;50;50;33;11;73;46;39;0;0;0;63;27;N;N;N;N;N;N;N
22040;429;428;2015;complete;99;21;-1;84;;1;0;1;4;10;14;3;1;2;1;0;0;4;5;7;8;11;13;11;5;57;43;2;1;2.39;3.61;2.95;0;0;0;0;0;0;0;0;0;0;0;0;0;0;0;0;0;0;0;0;0;0;0;0;0;0;0;0;0;0;0;0;0;0;0;0;0;0;0;0;0;0;0;0;0;0;0;0;0;0;0;0;0;0;0;0;0;0;0;0;0;0;0;0;0;1;0;0;1;0;1;0;2015-09-05 13:00:00;429;0;60;25;25;0;-1;1;-1;-1;-1;-1;-1;-1;1;0;1;1;1;2;-1;0;0;0;0;0;0;0;0;0;0;0;0;0;1;1;0;0;-1;-1;0;0;-1;-1;-1;-1;-1;-1;-1;-1;-1;20;25;60;80;100;35;65;85;60;7.75;2.5;4.6;2.95;VIFK;MP;0.69;0.43;0.6;0.6;0.55;0.7;80;75;40;20;0;82;73;59;0;0;0;63;27;Y;N;N;N;N;N;N
22041;415;405;2015;complete;99;21;-1;77;56;1;1;2;1;3;4;1;1;1;1;0;0;4;7;2;3;6;10;16;16;57;43;1;1;2.83;3.4;2.58;0;0;0;0;0;0;0;0;0;0;0;0;0;0;0;0;0;0;0;0;0;0;0;0;0;0;0;0;0;0;0;0;0;0;0;0;0;0;0;0;0;0;0;0;0;0;0;0;0;0;0;0;0;0;0;0;0;0;0;0;0;0;0;0;0;2;0;0;1;1;2;0;2015-09-05 13:00:00;-1;0;25;5;10;0;-1;1;-1;-1;-1;-1;-1;-1;1;0;0;1;1;1;-1;0;0;0;0;0;0;0;0;0;0;0;0;0;1;1;0;0;-1;-1;0;0;-1;-1;-1;-1;-1;-1;-1;-1;-1;15;30;45;70;100;40;70;80;40;10.98;4.1;3.5;2.6;TPS;PS Kemi;2;1.5;1.8;1.7;1.75;2.1;85;70;55;30;0;78;67;57;0;0;0;63;27;Y;Y;N;N;N;N;Y
22042;424;423;2015;complete;99;22;-1;;34;0;1;1;-1;-1;-1;-1;-1;4;1;1;0;-1;-1;-1;-1;-1;-1;-1;-1;-1;-1;5;1;1.48;4.6;7.02;0;0;0;0;0;0;0;0;0;0;0;0;0;0;0;0;0;0;0;0;0;0;0;0;0;0;0;0;0;0;0;0;0;0;0;0;0;0;0;0;0;0;0;0;0;0;0;0;0;0;0;0;0;0;0;0;0;0;0;0;0;0;0;0;0;1;0;1;0;0;0;1;2015-09-10 15:30:00;423;0;63;24;29;0;-1;1;-1;-1;-1;-1;-1;-1;0;1;5;0;1;5;-1;0;0;0;0;0;0;0;0;0;0;0;0;0;1;1;0;0;-1;-1;0;0;-1;-1;-1;-1;-1;-1;-1;-1;-1;29;29;53;72;100;44;82;76;43;14.33;0;3.6;3.22;Haka;EIF;2.21;1.07;2.27;0.8;1.52;0.9;71;71;47;28;0;75;75;17;0;0;0;63;27;Y;N;N;N;N;N;N
22043;415;428;2015;complete;99;22;-1;49,87;82;2;1;3;-1;-1;-1;-1;-1;0;1;0;0;-1;-1;-1;-1;-1;-1;-1;-1;-1;-1;0;1;1.37;5.21;9.06;0;0;0;0;0;0;0;0;0;0;0;0;0;0;0;0;0;0;0;0;0;0;0;0;0;0;0;0;0;0;0;0;0;0;0;0;0;0;0;0;0;0;0;0;0;0;0;0;0;0;0;0;0;0;0;0;0;0;0;0;0;0;0;0;0;3;0;0;2;1;3;0;2015-09-12 12:00:00;415;0;27;14;18;0;-1;1;-1;-1;-1;-1;-1;-1;0;0;0;1;0;1;-1;0;0;0;0;0;0;0;0;0;0;0;0;0;1;1;0;0;-1;-1;0;0;-1;-1;-1;-1;-1;-1;-1;-1;-1;23;23;50;64;100;36;50;87;50;8.83;3.73;2.63;2.64;TPS;MP;2;0.43;1.73;0.55;1.71;0.67;78;78;50;36;0;75;58;51;0;0;0;63;27;Y;Y;Y;N;N;N;Y
22044;414;427;2015;complete;99;22;-1;3,28,67;89;3;1;4;-1;-1;-1;-1;-1;1;0;0;0;-1;-1;-1;-1;-1;-1;-1;-1;-1;-1;1;0;1.49;4.61;7.16;0;0;0;0;0;0;0;0;0;0;0;0;0;0;0;0;0;0;0;0;0;0;0;0;0;0;0;0;0;0;0;0;0;0;0;0;0;0;0;0;0;0;0;0;0;0;0;0;0;0;0;0;0;0;0;0;0;0;0;0;0;0;0;0;0;4;2;0;1;1;2;2;2015-09-12 13:00:00;414;0;48;14;29;0;-1;1;-1;-1;-1;-1;-1;-1;0;0;1;0;0;1;-1;0;0;0;0;0;0;0;0;0;0;0;0;0;1;1;1;0;-1;-1;0;0;-1;-1;-1;-1;-1;-1;-1;-1;-1;19;34;58;77;91;24;48;86;62;10.75;3.14;4.69;2.82;PK-35 Vantaa;Jazz;2.14;1;2.2;1;1.67;1.1;81;67;43;24;10;63;57;50;0;0;0;63;27;Y;Y;Y;Y;N;N;Y
22045;425;429;2015;complete;99;22;-1;42;;1;0;1;3;2;5;4;1;2;3;0;0;7;0;5;6;12;6;10;16;62;38;2;3;1.34;5.4;9.99;0;0;0;0;0;0;0;0;0;0;0;0;0;0;0;0;0;0;0;0;0;0;0;0;0;0;0;0;0;0;0;0;0;0;0;0;0;0;0;0;0;0;0;0;0;0;0;0;0;0;0;0;0;0;0;0;0;0;0;0;0;0;0;0;0;1;1;0;0;0;0;1;2015-09-12 13:00:00;425;0;60;20;40;0;-1;1;-1;-1;-1;-1;-1;-1;1;0;1;3;1;4;-1;0;0;0;0;0;0;0;0;0;0;0;0;0;1;1;0;0;-1;-1;0;0;-1;-1;-1;-1;-1;-1;-1;-1;-1;35;50;60;85;95;40;65;90;55;6.2;2.3;4.54;3.45;Oulu;VIFK;2.14;0.36;2.3;0.5;1.65;0.67;65;50;40;15;5;42;25;17;0;0;0;63;27;Y;N;N;N;N;N;N
22046;405;403;2015;complete;99;22;-1;18,40;;2;0;2;-1;-1;-1;-1;-1;4;1;0;0;-1;-1;-1;-1;-1;-1;-1;-1;-1;-1;4;1;2.1;3.64;3.58;0;0;0;0;0;0;0;0;0;0;0;0;0;0;0;0;0;0;0;0;0;0;0;0;0;0;0;0;0;0;0;0;0;0;0;0;0;0;0;0;0;0;0;0;0;0;0;0;0;0;0;0;0;0;0;0;0;0;0;0;0;0;0;0;0;2;2;0;0;0;0;2;2015-09-12 13:00:00;405;0;47;21;21;0;-1;1;-1;-1;-1;-1;-1;-1;2;1;2;0;3;2;-1;0;0;0;0;0;0;0;0;0;0;0;0;0;1;1;0;0;-1;-1;0;0;-1;-1;-1;-1;-1;-1;-1;-1;-1;15;26;52;63;95;31;68;69;42;7.83;0.71;3.22;2.51;PS Kemi;JJK;2.46;1.62;2.5;1.89;2.05;1.89;85;74;49;37;5;59;29;29;0;0;0;63;27;Y;Y;N;N;N;N;N
22047;403;423;2015;complete;99;21;-1;12,28,76,81,90;70;5;1;6;-1;-1;-1;-1;-1;2;2;0;0;-1;-1;-1;-1;-1;-1;-1;-1;-1;-1;2;2;1.5;4.62;6.75;0;0;0;0;0;0;0;0;0;0;0;0;0;0;0;0;0;0;0;0;0;0;0;0;0;0;0;0;0;0;0;0;0;0;0;0;0;0;0;0;0;0;0;0;0;0;0;0;0;0;0;0;0;0;0;0;0;0;0;0;0;0;0;0;0;6;2;0;3;1;4;2;2015-09-15 15:30:00;403;0;67;29;43;0;-1;1;-1;-1;-1;-1;-1;-1;0;0;2;2;0;4;-1;0;0;0;0;0;0;0;1;0;1;0;0;0;1;1;0;0;-1;-1;0;0;-1;-1;-1;-1;-1;-1;-1;-1;-1;23;38;72;77;90;43;80;72;58;13.04;1.95;3.49;3.18;JJK;EIF;1.79;1.07;1.9;1;1.8;1;77;62;28;24;10;54;54;45;0;0;0;63;27;Y;Y;Y;Y;Y;Y;Y
22048;423;415;2015;complete;99;23;-1;15,52,77,85;84;4;1;5;-1;-1;-1;-1;-1;1;2;0;0;-1;-1;-1;-1;-1;-1;-1;-1;-1;-1;1;2;4.68;3.86;1.79;0;0;0;0;0;0;0;0;0;0;0;0;0;0;0;0;0;0;0;0;0;0;0;0;0;0;0;0;0;0;0;0;0;0;0;0;0;0;0;0;0;0;0;0;0;0;0;0;0;0;0;0;0;0;0;0;0;0;0;0;0;0;0;0;0;5;1;0;3;1;4;1;2015-09-19 13:00:00;423;0;40;5;25;0;-1;1;-1;-1;-1;-1;-1;-1;0;1;1;1;1;2;-1;0;0;0;0;0;0;0;0;0;0;0;0;0;1;1;0;0;-1;-1;0;0;-1;-1;-1;-1;-1;-1;-1;-1;-1;10;15;20;55;80;10;45;75;35;5;0.1;4.8;1.95;EIF;TPS;1.23;1.62;1;1.7;0.95;1.77;90;85;80;45;20;30;30;20;0;0;0;63;27;Y;Y;Y;Y;Y;N;Y
22049;403;429;2015;complete;99;23;-1;37,68,71,88,89;;5;0;5;-1;-1;-1;-1;-1;1;3;0;0;-1;-1;-1;-1;-1;-1;-1;-1;-1;-1;1;3;1.3;6.05;9.99;0;0;0;0;0;0;0;0;0;0;0;0;0;0;0;0;0;0;0;0;0;0;0;0;0;0;0;0;0;0;0;0;0;0;0;0;0;0;0;0;0;0;0;0;0;0;0;0;0;0;0;0;0;0;0;0;0;0;0;0;0;0;0;0;0;5;1;0;4;0;4;1;2015-09-19 13:00:00;403;0;64;23;46;0;-1;1;-1;-1;-1;-1;-1;-1;0;1;1;2;1;3;-1;0;0;0;0;0;0;0;0;0;0;0;0;0;1;1;0;0;-1;-1;0;0;-1;-1;-1;-1;-1;-1;-1;-1;-1;32;50;73;87;91;41;73;87;69;9.88;2;3.95;3.55;JJK;VIFK;1.79;0.36;2;0.45;1.86;0.64;69;50;27;14;9;45;37;37;0;0;0;63;27;Y;Y;Y;Y;Y;N;N
22050;428;425;2015;complete;99;23;-1;75,87;;2;0;2;-1;-1;-1;-1;-1;1;0;1;0;-1;-1;-1;-1;-1;-1;-1;-1;-1;-1;3;0;4.36;3.89;1.84;0;0;0;0;0;0;0;0;0;0;0;0;0;0;0;0;0;0;0;0;0;0;0;0;0;0;0;0;0;0;0;0;0;0;0;0;0;0;0;0;0;0;0;0;0;0;0;0;0;0;0;0;0;0;0;0;0;0;0;0;0;0;0;0;0;2;0;0;2;0;2;0;2015-09-20 15:30:00;428;0;45;10;35;0;-1;1;-1;-1;-1;-1;-1;-1;1;0;1;0;1;1;-1;0;0;0;0;0;0;0;0;0;0;0;0;0;1;1;0;0;-1;-1;0;0;-1;-1;-1;-1;-1;-1;-1;-1;-1;30;35;35;60;90;25;60;75;40;6.2;0;3.6;2.7;MP;Oulu;0.85;1.08;0.8;1;0.64;1.71;70;65;65;40;10;30;10;10;0;0;0;63;27;Y;Y;N;N;N;N;N
22051;427;424;2015;complete;99;23;-1;48,52,85;9,78;3;2;5;4;4;8;4;6;2;1;0;0;3;3;9;7;12;10;15;11;45;55;2;1;2.86;3.65;2.46;0;0;0;0;0;0;0;0;0;0;0;0;0;0;0;0;0;0;0;0;0;0;0;0;0;0;0;0;0;0;0;0;0;0;0;0;0;0;0;0;0;0;0;0;0;0;0;0;0;0;0;0;0;0;0;0;0;0;0;0;0;0;0;0;0;5;0;1;3;1;4;1;2015-09-20 15:30:00;427;0;65;25;45;0;-1;1;-1;-1;-1;-1;-1;-1;1;1;1;0;2;1;-1;0;0;0;0;0;0;0;0;0;0;0;0;0;1;1;0;1;-1;-1;0;0;-1;-1;-1;-1;-1;-1;-1;-1;-1;25;55;70;80;85;45;75;80;60;10.6;3.6;3.9;3.35;Jazz;Haka;1.38;0.77;1.2;0.7;1.05;1.45;75;45;30;20;15;68;52;37;0;0;0;63;27;Y;Y;Y;Y;Y;N;Y
22052;414;405;2015;complete;99;23;-1;6,27,30,51,64;24,79;5;2;7;4;2;6;2;3;3;2;0;0;5;2;1;2;6;4;14;19;59;41;3;2;2.41;3.54;3.01;0;0;0;0;0;0;0;0;0;0;0;0;0;0;0;0;0;0;0;0;0;0;0;0;0;0;0;0;0;0;0;0;0;0;0;0;0;0;0;0;0;0;0;0;0;0;0;0;0;0;0;0;0;0;0;0;0;0;0;0;0;0;0;0;0;7;3;1;2;1;3;4;2015-09-20 15:30:00;414;0;50;9;32;0;-1;1;-1;-1;-1;-1;-1;-1;0;2;3;0;2;3;-1;0;0;0;0;0;0;0;0;0;0;0;0;0;1;1;1;0;-1;-1;0;0;-1;-1;-1;-1;-1;-1;-1;-1;-1;14;41;55;82;96;36;64;82;55;12.17;3.54;4.54;2.91;PK-35 Vantaa;PS Kemi;2.14;1.5;2.27;1.64;1.73;2.09;87;60;46;18;5;79;73;59;0;0;0;63;27;Y;Y;Y;Y;Y;Y;Y
22053;428;414;2015;complete;99;24;-1;;17,28,40,82;0;4;4;-1;-1;-1;-1;-1;1;2;0;0;-1;-1;-1;-1;-1;-1;-1;-1;-1;-1;1;2;5.39;4.25;1.64;0;0;0;0;0;0;0;0;0;0;0;0;0;0;0;0;0;0;0;0;0;0;0;0;0;0;0;0;0;0;0;0;0;0;0;0;0;0;0;0;0;0;0;0;0;0;0;0;0;0;0;0;0;0;0;0;0;0;0;0;0;0;0;0;0;4;0;3;0;1;1;3;2015-09-24 15:30:00;414;0;41;14;32;0;-1;1;-1;-1;-1;-1;-1;-1;0;0;1;2;0;3;-1;0;0;0;0;0;0;0;0;0;0;0;0;0;1;1;0;0;-1;-1;0;0;-1;-1;-1;-1;-1;-1;-1;-1;-1;23;27;41;78;96;23;60;78;50;5.67;0.09;4.46;2.77;MP;PK-35 Vantaa;0.85;1.46;1;1.18;0.74;1.78;78;73;60;23;5;25;25;25;0;0;0;63;27;Y;Y;Y;Y;N;N;N
22054;403;415;2015;complete;99;24;-1;;25,79,90;0;3;3;8;3;11;1;4;1;0;1;0;9;12;13;11;22;23;10;10;50;50;3;0;1.93;3.72;4.16;0;0;0;0;0;0;0;0;0;0;0;0;0;0;0;0;0;0;0;0;0;0;0;0;0;0;0;0;0;0;0;0;0;0;0;0;0;0;0;0;0;0;0;0;0;0;0;0;0;0;0;0;0;0;0;0;0;0;0;0;0;0;0;0;0;3;0;1;0;2;2;1;2015-09-24 15:30:00;415;0;52;17;34;0;-1;1;-1;-1;-1;-1;-1;-1;0;0;2;0;0;2;-1;0;0;0;0;0;0;0;0;1;0;1;0;0;1;1;0;0;-1;-1;0;0;-1;-1;-1;-1;-1;-1;-1;-1;-1;22;34;51;64;78;21;56;74;51;12.71;1.99;4.78;2.58;JJK;TPS;1.79;1.62;2.08;1.55;1.91;1.7;79;66;50;36;22;59;59;49;0;0;0;63;27;Y;Y;Y;N;N;N;N
22055;425;424;2015;complete;99;24;-1;59;33,90;1;2;3;8;5;13;4;2;1;0;0;0;5;0;6;6;11;6;13;10;49;51;1;0;2.02;3.28;4.34;0;0;0;0;0;0;0;0;0;0;0;0;0;0;0;0;0;0;0;0;0;0;0;0;0;0;0;0;0;0;0;0;0;0;0;0;0;0;0;0;0;0;0;0;0;0;0;0;0;0;0;0;0;0;0;0;0;0;0;0;0;0;0;0;0;3;0;1;1;1;2;1;2015-09-24 15:30:00;424;0;69;23;50;0;-1;1;-1;-1;-1;-1;-1;-1;0;0;1;0;0;1;-1;0;0;0;0;0;0;0;0;0;0;0;0;0;1;1;0;0;-1;-1;0;0;-1;-1;-1;-1;-1;-1;-1;-1;-1;23;46;64;78;91;32;69;82;55;8.02;3.27;4.27;3.1;Oulu;Haka;2.14;0.77;2.36;0.64;1.64;1.39;78;55;37;23;9;41;27;14;0;0;0;63;27;Y;Y;Y;N;N;N;Y
22056;429;427;2015;complete;99;24;-1;84;25,53;1;2;3;7;6;13;1;3;2;2;0;1;2;2;10;7;12;9;11;7;51;49;2;4;3.33;3.8;2.14;0;0;0;0;0;0;0;0;0;0;0;0;0;0;0;0;0;0;0;0;0;0;0;0;0;0;0;0;0;0;0;0;0;0;0;0;0;0;0;0;0;0;0;0;0;0;0;0;0;0;0;0;0;0;0;0;0;0;0;0;0;0;0;0;0;3;0;1;1;1;2;1;2015-09-27 13:00:00;427;0;61;18;26;0;-1;1;-1;-1;-1;-1;-1;-1;0;0;2;3;0;5;-1;0;0;0;0;0;0;0;0;0;0;0;0;0;1;1;0;0;-1;-1;0;0;-1;-1;-1;-1;-1;-1;-1;-1;-1;13;26;52;79;96;26;62;87;61;8.47;1.95;5.01;2.7;VIFK;Jazz;0.69;1;0.82;0.92;0.61;1.13;87;75;49;22;4;59;59;53;0;0;0;63;27;Y;Y;Y;N;N;N;Y
22057;423;405;2015;complete;99;24;-1;60;;1;0;1;-1;-1;-1;-1;-1;3;4;0;0;-1;-1;-1;-1;-1;-1;-1;-1;-1;-1;3;4;4.12;3.92;1.88;0;0;0;0;0;0;0;0;0;0;0;0;0;0;0;0;0;0;0;0;0;0;0;0;0;0;0;0;0;0;0;0;0;0;0;0;0;0;0;0;0;0;0;0;0;0;0;0;0;0;0;0;0;0;0;0;0;0;0;0;0;0;0;0;0;1;0;0;1;0;1;0;2015-09-27 13:00:00;423;0;57;9;39;0;-1;1;-1;-1;-1;-1;-1;-1;0;1;3;3;1;6;-1;0;0;0;0;0;0;0;1;0;1;0;0;0;1;1;0;0;-1;-1;0;0;-1;-1;-1;-1;-1;-1;-1;-1;-1;18;35;43;78;96;26;65;87;53;5.14;0.5;3.35;2.86;EIF;PS Kemi;1.23;1.5;1.18;1.5;1.04;2;83;66;57;22;5;36;36;29;0;0;0;63;27;Y;N;N;N;N;N;N
22058;425;403;2015;complete;99;0;-1;66;;1;0;1;3;1;4;2;0;2;1;0;0;6;4;8;8;14;12;8;15;55;45;2;1;2.75;3.49;2.63;0;0;0;0;0;0;0;0;0;0;0;0;0;0;0;0;0;0;0;0;0;0;0;0;0;0;0;0;0;0;0;0;0;0;0;0;0;0;0;0;0;0;0;0;0;0;0;0;0;0;0;0;0;0;0;0;0;0;0;0;0;0;0;0;0;1;0;0;1;0;1;0;2015-09-27 15:30:00;425;0;44;14;26;0;-1;1;-1;-1;-1;-1;-1;-1;1;0;1;1;1;2;-1;0;0;0;0;0;0;0;0;0;0;0;0;0;1;1;0;0;-1;-1;0;0;-1;-1;-1;-1;-1;-1;-1;-1;-1;9;27;40;64;96;28;59;68;41;8.66;2;3.2;2.34;Oulu;JJK;2.14;1.62;2.17;1.7;1.57;1.83;92;74;60;37;4;56;33;28;0;0;0;63;27;Y;N;N;N;N;N;N
22059;424;428;2015;complete;99;25;-1;55,80;;2;0;2;-1;-1;-1;-1;-1;2;2;0;0;-1;-1;-1;-1;-1;-1;-1;-1;-1;-1;2;2;1.37;5.31;8.79;0;0;0;0;0;0;0;0;0;0;0;0;0;0;0;0;0;0;0;0;0;0;0;0;0;0;0;0;0;0;0;0;0;0;0;0;0;0;0;0;0;0;0;0;0;0;0;0;0;0;0;0;0;0;0;0;0;0;0;0;0;0;0;0;0;2;0;0;2;0;2;0;2015-10-01 15:30:00;424;0;50;21;25;0;-1;1;-1;-1;-1;-1;-1;-1;1;2;1;0;3;1;-1;0;0;0;0;0;0;0;0;0;0;0;0;0;1;1;0;0;-1;-1;0;0;-1;-1;-1;-1;-1;-1;-1;-1;-1;21;21;50;63;100;29;55;84;46;13.43;0.25;3.06;2.75;Haka;MP;2.21;0.43;2.08;0.5;1.46;0.71;79;79;50;38;0;100;93;36;0;0;0;63;27;Y;Y;N;N;N;N;N
22060;405;425;2015;complete;99;25;-1;;;0;0;0;-1;-1;-1;-1;-1;0;1;0;0;-1;-1;-1;-1;-1;-1;-1;-1;-1;-1;0;1;1.9;3.76;4.2;0;0;0;0;0;0;0;0;0;0;0;0;0;0;0;0;0;0;0;0;0;0;0;0;0;0;0;0;0;0;0;0;0;0;0;0;0;0;0;0;0;0;0;0;0;0;0;0;0;0;0;0;0;0;0;0;0;0;0;0;0;0;0;0;0;0;0;0;0;0;0;0;2015-10-03 13:00:00;-1;0;46;14;27;0;-1;1;-1;-1;-1;-1;-1;-1;0;0;0;1;0;1;-1;0;0;0;0;0;0;0;0;0;0;0;0;0;1;1;0;0;-1;-1;0;0;-1;-1;-1;-1;-1;-1;-1;-1;-1;23;27;46;64;87;32;64;69;36;9.7;1.27;3.82;2.5;PS Kemi;Oulu;2.46;1.08;2.55;0.91;1.92;1.63;78;73;55;36;14;55;23;23;0;0;0;63;27;N;N;N;N;N;N;N
22061;415;429;2015;complete;99;25;-1;6,30,85;44;3;1;4;3;3;6;2;4;0;0;0;0;4;2;5;8;9;10;10;7;51;49;0;0;1.2;7.7;9.99;0;0;0;0;0;0;0;0;0;0;0;0;0;0;0;0;0;0;0;0;0;0;0;0;0;0;0;0;0;0;0;0;0;0;0;0;0;0;0;0;0;0;0;0;0;0;0;0;0;0;0;0;0;0;0;0;0;0;0;0;0;0;0;0;0;4;2;1;1;0;1;3;2015-10-03 13:00:00;415;0;34;9;25;0;-1;-1;-1;-1;-1;-1;-1;-1;0;0;0;0;0;0;-1;0;0;0;0;0;0;0;0;0;0;0;0;0;1;1;1;0;-1;-1;-1;-1;-1;-1;-1;-1;-1;-1;-1;-1;-1;34;38;55;80;100;38;67;88;59;6.57;2.83;3.72;3.21;TPS;VIFK;2;0.36;1.83;0.42;1.75;0.58;67;63;46;21;0;42;24;24;0;0;0;63;27;Y;Y;Y;Y;N;N;Y
22062;414;423;2015;complete;99;25;-1;17,34;81,90;2;2;4;-1;-1;-1;-1;-1;3;2;0;0;-1;-1;-1;-1;-1;-1;-1;-1;-1;-1;3;2;1.23;7.1;9.99;0;0;0;0;0;0;0;0;0;0;0;0;0;0;0;0;0;0;0;0;0;0;0;0;0;0;0;0;0;0;0;0;0;0;0;0;0;0;0;0;0;0;0;0;0;0;0;0;0;0;0;0;0;0;0;0;0;0;0;0;0;0;0;0;0;4;2;0;0;2;2;2;2015-10-04 13:00:00;-1;0;59;21;42;0;-1;1;-1;-1;-1;-1;-1;-1;0;0;3;2;0;5;-1;0;0;0;0;0;0;0;0;0;0;0;0;0;1;1;0;0;-1;-1;0;0;-1;-1;-1;-1;-1;-1;-1;-1;-1;34;46;67;79;96;50;79;75;59;11.55;2.5;4.58;3.55;PK-35 Vantaa;EIF;2.14;1.07;2.33;0.92;1.83;1.13;67;54;33;21;4;59;53;39;0;0;0;63;27;Y;Y;Y;Y;N;N;Y
22063;427;403;2015;complete;99;25;-1;;27;0;1;1;8;2;10;1;2;1;1;0;0;9;5;4;8;13;13;5;12;54;46;1;1;4.31;3.85;1.85;0;0;0;0;0;0;0;0;0;0;0;0;0;0;0;0;0;0;0;0;0;0;0;0;0;0;0;0;0;0;0;0;0;0;0;0;0;0;0;0;0;0;0;0;0;0;0;0;0;0;0;0;0;0;0;0;0;0;0;0;0;0;0;0;0;1;0;1;0;0;0;1;2015-10-04 15:30:00;403;0;41;14;23;0;-1;1;-1;-1;-1;-1;-1;-1;0;1;1;0;1;1;-1;0;0;0;0;0;0;0;0;0;0;0;0;0;1;1;0;0;-1;-1;0;0;-1;-1;-1;-1;-1;-1;-1;-1;-1;18;41;46;64;91;36;64;69;46;9.63;2.73;2.82;2.68;Jazz;JJK;1.38;1.62;1.36;1.55;1.21;1.75;82;59;55;36;9;63;44;38;0;0;0;63;27;Y;N;N;N;N;N;N
22064;415;424;2015;complete;99;26;-1;37,63;;2;0;2;-1;-1;-1;-1;-1;1;0;0;0;-1;-1;-1;-1;-1;-1;-1;-1;-1;-1;1;0;1.72;4.04;4.97;0;0;0;0;0;0;0;0;0;0;0;0;0;0;0;0;0;0;0;0;0;0;0;0;0;0;0;0;0;0;0;0;0;0;0;0;0;0;0;0;0;0;0;0;0;0;0;0;0;0;0;0;0;0;0;0;0;0;0;0;0;0;0;0;0;2;1;0;1;0;1;1;2015-10-10 10:30:00;415;0;53;17;41;0;-1;1;-1;-1;-1;-1;-1;-1;1;0;0;0;1;0;-1;0;0;0;0;0;0;0;0;0;0;0;0;0;1;1;0;0;-1;-1;0;0;-1;-1;-1;-1;-1;-1;-1;-1;-1;20;37;65;81;96;36;69;89;61;8.52;3.73;3.08;3.06;TPS;Haka;2;0.77;1.92;0.83;1.8;1.52;80;64;36;20;4;48;33;26;0;0;0;63;27;Y;Y;N;N;N;N;N
22065;423;425;2015;complete;99;26;-1;;21;0;1;1;-1;-1;-1;-1;-1;3;3;1;0;-1;-1;-1;-1;-1;-1;-1;-1;-1;-1;4;3;2.92;3.56;2.46;0;0;0;0;0;0;0;0;0;0;0;0;0;0;0;0;0;0;0;0;0;0;0;0;0;0;0;0;0;0;0;0;0;0;0;0;0;0;0;0;0;0;0;0;0;0;0;0;0;0;0;0;0;0;0;0;0;0;0;0;0;0;0;0;0;1;0;1;0;0;0;1;2015-10-10 11:00:00;425;0;42;0;34;0;-1;1;-1;-1;-1;-1;-1;-1;1;1;3;2;2;5;-1;0;0;0;0;0;0;0;0;0;0;0;0;0;1;1;0;0;-1;-1;0;0;-1;-1;-1;-1;-1;-1;-1;-1;-1;17;25;29;59;84;13;46;80;42;6.2;0;3;2.25;EIF;Oulu;1.23;1.08;1.33;0.92;1.12;1.6;83;75;71;42;17;30;10;10;0;0;0;63;27;Y;N;N;N;N;N;N
22066;427;428;2015;complete;99;26;-1;14,33,47,57;3,77;4;2;6;6;7;13;5;2;1;0;0;0;10;5;3;2;13;7;7;5;53;47;1;0;0;0;0;0;0;0;0;0;0;0;0;0;0;0;0;0;0;0;0;0;0;0;0;0;0;0;0;0;0;0;0;0;0;0;0;0;0;0;0;0;0;0;0;0;0;0;0;0;0;0;0;0;0;0;0;0;0;0;0;0;0;0;0;0;0;0;0;0;6;2;1;2;1;3;3;2015-10-10 11:00:00;427;0;48;20;32;0;-1;1;-1;-1;-1;-1;-1;-1;0;0;1;0;0;1;-1;0;0;0;0;0;0;0;0;0;0;0;0;0;1;1;0;1;-1;-1;0;0;-1;-1;-1;-1;-1;-1;-1;-1;-1;28;41;60;68;92;37;57;80;56;10.76;3.43;2.96;3.01;Jazz;MP;1.38;0.43;1.25;0.46;1.16;0.68;72;60;40;32;9;89;77;58;0;0;0;63;27;Y;Y;Y;Y;Y;Y;Y
22067;403;414;2015;complete;99;26;-1;;8,10;0;2;2;-1;-1;-1;-1;-1;2;0;0;0;-1;-1;-1;-1;-1;-1;-1;-1;-1;-1;2;0;2.4;3.52;3.03;0;0;0;0;0;0;0;0;0;0;0;0;0;0;0;0;0;0;0;0;0;0;0;0;0;0;0;0;0;0;0;0;0;0;0;0;0;0;0;0;0;0;0;0;0;0;0;0;0;0;0;0;0;0;0;0;0;0;0;0;0;0;0;0;0;2;0;2;0;0;0;2;2015-10-10 11:00:00;414;0;48;16;36;0;-1;1;-1;-1;-1;-1;-1;-1;0;0;2;0;0;2;-1;0;0;0;0;0;0;0;0;0;0;0;0;0;1;1;0;2;-1;-1;0;0;-1;-1;-1;-1;-1;-1;-1;-1;-1;16;36;68;84;89;28;64;80;60;13.42;2;4.04;2.95;JJK;PK-35 Vantaa;1.79;1.46;1.92;1.33;1.8;1.8;85;65;33;16;12;57;57;57;0;0;0;63;27;Y;Y;N;N;N;N;N
22068;429;405;2015;complete;99;26;-1;71,90;3,12,28,65;2;4;6;5;5;10;3;3;3;1;0;0;4;3;3;3;7;6;14;12;53;47;3;1;6.83;4.75;1.49;0;0;0;0;0;0;0;0;0;0;0;0;0;0;0;0;0;0;0;0;0;0;0;0;0;0;0;0;0;0;0;0;0;0;0;0;0;0;0;0;0;0;0;0;0;0;0;0;0;0;0;0;0;0;0;0;0;0;0;0;0;0;0;0;0;6;0;3;2;1;3;3;2015-10-10 11:00:00;405;0;61;16;28;0;-1;1;-1;-1;-1;-1;-1;-1;2;1;1;0;3;1;-1;0;0;0;0;0;0;0;0;1;0;1;0;0;1;1;0;1;-1;-1;0;0;-1;-1;-1;-1;-1;-1;-1;-1;-1;12;28;48;80;100;32;72;84;52;9.64;2.73;5.23;2.8;VIFK;PS Kemi;0.69;1.5;0.75;1.38;0.56;1.88;89;73;52;20;0;71;71;59;0;0;0;63;27;Y;Y;Y;Y;Y;Y;Y
22069;405;427;2015;complete;99;27;-1;3,22,58,75;70;4;1;5;-1;-1;-1;-1;-1;0;1;0;0;-1;-1;-1;-1;-1;-1;-1;-1;-1;-1;0;1;1.37;5.41;8.7;0;0;0;0;0;0;0;0;0;0;0;0;0;0;0;0;0;0;0;0;0;0;0;0;0;0;0;0;0;0;0;0;0;0;0;0;0;0;0;0;0;0;0;0;0;0;0;0;0;0;0;0;0;0;0;0;0;0;0;0;0;0;0;0;0;5;2;0;2;1;3;2;2015-10-17 11:00:00;405;0;56;20;32;0;-1;1;-1;-1;-1;-1;-1;-1;0;1;0;0;1;0;-1;0;0;0;0;0;0;0;0;0;0;0;0;0;1;1;1;0;-1;-1;0;0;-1;-1;-1;-1;-1;-1;-1;-1;-1;20;28;60;72;88;33;65;75;51;8.1;1.02;4.08;2.68;PS Kemi;Jazz;2.46;1;2.42;1.08;1.92;1.23;80;72;40;28;13;55;43;43;0;0;0;63;27;Y;Y;Y;Y;Y;N;Y
22070;414;415;2015;complete;99;27;-1;;;0;0;0;-1;-1;-1;-1;-1;4;4;0;0;-1;-1;-1;-1;-1;-1;-1;-1;-1;-1;4;4;1.83;3.82;4.48;0;0;0;0;0;0;0;0;0;0;0;0;0;0;0;0;0;0;0;0;0;0;0;0;0;0;0;0;0;0;0;0;0;0;0;0;0;0;0;0;0;0;0;0;0;0;0;0;0;0;0;0;0;0;0;0;0;0;0;0;0;0;0;0;0;0;0;0;0;0;0;0;2015-10-17 11:00:00;-1;0;44;12;28;0;-1;1;-1;-1;-1;-1;-1;-1;2;1;2;3;3;5;-1;0;0;0;0;0;0;0;0;0;0;0;0;0;1;1;0;0;-1;-1;0;0;-1;-1;-1;-1;-1;-1;-1;-1;-1;20;36;47;68;84;27;56;76;51;10.89;3.09;5.62;2.69;PK-35 Vantaa;TPS;2.14;1.62;2.23;1.67;1.85;1.85;80;65;53;33;17;67;62;47;0;0;0;63;27;N;N;N;N;N;N;N
22071;424;429;2015;complete;99;27;-1;12,29,72,76,83,90,90;23,25,53,63;7;4;11;-1;-1;-1;-1;-1;1;3;0;1;-1;-1;-1;-1;-1;-1;-1;-1;-1;-1;1;5;1.31;6.18;9.73;0;0;0;0;0;0;0;0;0;0;0;0;0;0;0;0;0;0;0;0;0;0;0;0;0;0;0;0;0;0;0;0;0;0;0;0;0;0;0;0;0;0;0;0;0;0;0;0;0;0;0;0;0;0;0;0;0;0;0;0;0;0;0;0;0;11;2;2;5;2;7;4;2015-10-17 11:00:00;424;0;50;19;23;0;-1;1;-1;-1;-1;-1;-1;-1;1;1;0;3;2;3;-1;0;0;0;0;0;0;0;1;0;1;0;0;0;1;1;0;0;-1;-1;0;0;-1;-1;-1;-1;-1;-1;-1;-1;-1;31;39;50;77;100;35;74;85;50;11.29;0.08;4.08;3.27;Haka;VIFK;2.21;0.36;2.15;0.38;1.46;0.54;70;62;50;23;0;65;57;7;0;0;0;63;27;Y;Y;Y;Y;Y;Y;Y
22072;428;423;2015;complete;99;27;-1;59,77;39,62,74,75;2;4;6;-1;-1;-1;-1;-1;2;0;0;0;-1;-1;-1;-1;-1;-1;-1;-1;-1;-1;2;0;2.59;3.69;2.68;0;0;0;0;0;0;0;0;0;0;0;0;0;0;0;0;0;0;0;0;0;0;0;0;0;0;0;0;0;0;0;0;0;0;0;0;0;0;0;0;0;0;0;0;0;0;0;0;0;0;0;0;0;0;0;0;0;0;0;0;0;0;0;0;0;6;0;1;2;3;5;1;2015-10-17 11:00:00;423;0;56;20;36;0;-1;1;-1;-1;-1;-1;-1;-1;1;0;1;0;1;1;-1;0;0;0;0;0;0;0;0;0;0;0;0;0;1;1;0;0;-1;-1;0;0;-1;-1;-1;-1;-1;-1;-1;-1;-1;36;44;56;76;100;48;84;76;52;5.33;0;3.91;3.43;MP;EIF;0.85;1.07;0.92;0.92;0.65;1.08;65;56;45;24;0;25;25;17;0;0;0;63;27;Y;Y;Y;Y;Y;Y;Y
22073;425;403;2015;complete;99;27;-1;37;80;1;1;2;5;7;12;1;1;1;2;0;0;4;4;7;2;11;6;12;8;49;51;1;2;2.31;3.56;3.16;0;0;0;0;0;0;0;0;0;0;0;0;0;0;0;0;0;0;0;0;0;0;0;0;0;0;0;0;0;0;0;0;0;0;0;0;0;0;0;0;0;0;0;0;0;0;0;0;0;0;0;0;0;0;0;0;0;0;0;0;0;0;0;0;0;2;1;0;0;1;1;1;2015-10-17 11:00:00;-1;0;40;12;23;0;-1;1;-1;-1;-1;-1;-1;-1;0;1;1;1;1;2;-1;0;0;0;0;0;0;0;0;0;0;0;0;0;1;1;0;0;-1;-1;0;0;-1;-1;-1;-1;-1;-1;-1;-1;-1;8;24;36;56;96;24;56;68;36;7.4;2.17;3.17;2.19;Oulu;JJK;2.14;1.62;2.23;1.67;1.65;1.73;93;76;65;44;4;50;35;20;0;0;0;63;27;Y;Y;N;N;N;N;Y
