ID;HOMEID;AWAYID;SEASON;STATUS;ROUNDID;GAME_WEEK;REVISED_GAME_WEEK;HOMEGOALS;AWAYGOALS;HOMEGOALCOUNT;AWAYGOALCOUNT;TOTALGOALCOUNT;TEAM_A_CORNERS;TEAM_B_CORNERS;TOTALCORNERCOUNT;TEAM_A_OFFSIDES;TEAM_B_OFFSIDES;TEAM_A_YELLOW_CARDS;TEAM_B_YELLOW_CARDS;TEAM_A_RED_CARDS;TEAM_B_RED_CARDS;TEAM_A_SHOTSONTARGET;TEAM_B_SHOTSONTARGET;TEAM_A_SHOTSOFFTARGET;TEAM_B_SHOTSOFFTARGET;TEAM_A_SHOTS;TEAM_B_SHOTS;TEAM_A_FOULS;TEAM_B_FOULS;TEAM_A_POSSESSION;TEAM_B_POSSESSION;TEAM_A_CARDS_NUM;TEAM_B_CARDS_NUM;ODDS_FT_1;ODDS_FT_X;ODDS_FT_2;ODDS_FT_OVER05;ODDS_FT_OVER15;ODDS_FT_OVER25;ODDS_FT_OVER35;ODDS_FT_OVER45;ODDS_FT_UNDER05;ODDS_FT_UNDER15;ODDS_FT_UNDER25;ODDS_FT_UNDER35;ODDS_FT_UNDER45;ODDS_BTTS_YES;ODDS_BTTS_NO;ODDS_TEAM_A_CS_YES;ODDS_TEAM_A_CS_NO;ODDS_TEAM_B_CS_YES;ODDS_TEAM_B_CS_NO;ODDS_DOUBLECHANCE_1X;ODDS_DOUBLECHANCE_12;ODDS_DOUBLECHANCE_X2;ODDS_1ST_HALF_RESULT_1;ODDS_1ST_HALF_RESULT_X;ODDS_1ST_HALF_RESULT_2;ODDS_2ND_HALF_RESULT_1;ODDS_2ND_HALF_RESULT_X;ODDS_2ND_HALF_RESULT_2;ODDS_DNB_1;ODDS_DNB_2;ODDS_CORNERS_OVER_75;ODDS_CORNERS_OVER_85;ODDS_CORNERS_OVER_95;ODDS_CORNERS_OVER_105;ODDS_CORNERS_OVER_115;ODDS_CORNERS_UNDER_75;ODDS_CORNERS_UNDER_85;ODDS_CORNERS_UNDER_95;ODDS_CORNERS_UNDER_105;ODDS_CORNERS_UNDER_115;ODDS_CORNERS_1;ODDS_CORNERS_X;ODDS_CORNERS_2;ODDS_TEAM_TO_SCORE_FIRST_1;ODDS_TEAM_TO_SCORE_FIRST_X;ODDS_TEAM_TO_SCORE_FIRST_2;ODDS_WIN_TO_NIL_1;ODDS_WIN_TO_NIL_2;ODDS_1ST_HALF_OVER05;ODDS_1ST_HALF_OVER15;ODDS_1ST_HALF_OVER25;ODDS_1ST_HALF_OVER35;ODDS_1ST_HALF_UNDER05;ODDS_1ST_HALF_UNDER15;ODDS_1ST_HALF_UNDER25;ODDS_1ST_HALF_UNDER35;ODDS_2ND_HALF_OVER05;ODDS_2ND_HALF_OVER15;ODDS_2ND_HALF_OVER25;ODDS_2ND_HALF_OVER35;ODDS_2ND_HALF_UNDER05;ODDS_2ND_HALF_UNDER15;ODDS_2ND_HALF_UNDER25;ODDS_2ND_HALF_UNDER35;ODDS_BTTS_1ST_HALF_YES;ODDS_BTTS_1ST_HALF_NO;ODDS_BTTS_2ND_HALF_YES;ODDS_BTTS_2ND_HALF_NO;OVERALLGOALCOUNT;HT_GOALS_TEAM_A;HT_GOALS_TEAM_B;GOALS_2HG_TEAM_A;GOALS_2HG_TEAM_B;GOALCOUNT_2HG;HTGOALCOUNT;DATE_UNIX;WINNINGTEAM;NO_HOME_AWAY;BTTS_POTENTIAL;BTTS_FHG_POTENTIAL;BTTS_2HG_POTENTIAL;GOALTIMINGDISABLED;CORNER_TIMINGS_RECORDED;CARD_TIMINGS_RECORDED;TEAM_A_FH_CORNERS;TEAM_B_FH_CORNERS;TEAM_A_2H_CORNERS;TEAM_B_2H_CORNERS;CORNER_FH_COUNT;CORNER_2H_COUNT;TEAM_A_FH_CARDS;TEAM_B_FH_CARDS;TEAM_A_2H_CARDS;TEAM_B_2H_CARDS;TOTAL_FH_CARDS;TOTAL_2H_CARDS;ATTACKS_RECORDED;TEAM_A_DANGEROUS_ATTACKS;TEAM_B_DANGEROUS_ATTACKS;TEAM_A_ATTACKS;TEAM_B_ATTACKS;TEAM_A_XG;TEAM_B_XG;TOTAL_XG;TEAM_A_PENALTIES_WON;TEAM_B_PENALTIES_WON;TEAM_A_PENALTY_GOALS;TEAM_B_PENALTY_GOALS;TEAM_A_PENALTY_MISSED;TEAM_B_PENALTY_MISSED;PENS_RECORDED;GOAL_TIMINGS_RECORDED;TEAM_A_0_10_MIN_GOALS;TEAM_B_0_10_MIN_GOALS;TEAM_A_CORNERS_0_10_MIN;TEAM_B_CORNERS_0_10_MIN;TEAM_A_CARDS_0_10_MIN;TEAM_B_CARDS_0_10_MIN;THROWINS_RECORDED;TEAM_A_THROWINS;TEAM_B_THROWINS;FREEKICKS_RECORDED;TEAM_A_FREEKICKS;TEAM_B_FREEKICKS;GOALKICKS_RECORDED;TEAM_A_GOALKICKS;TEAM_B_GOALKICKS;O45_POTENTIAL;O35_POTENTIAL;O25_POTENTIAL;O15_POTENTIAL;O05_POTENTIAL;O15HT_POTENTIAL;O05HT_POTENTIAL;O05_2H_POTENTIAL;O15_2H_POTENTIAL;CORNERS_POTENTIAL;OFFSIDES_POTENTIAL;CARDS_POTENTIAL;AVG_POTENTIAL;HOME_NAME;AWAY_NAME;HOME_PPG;AWAY_PPG;PRE_MATCH_HOME_PPG;PRE_MATCH_AWAY_PPG;PRE_MATCH_TEAMA_OVERALL_PPG;PRE_MATCH_TEAMB_OVERALL_PPG;U45_POTENTIAL;U35_POTENTIAL;U25_POTENTIAL;U15_POTENTIAL;U05_POTENTIAL;CORNERS_O85_POTENTIAL;CORNERS_O95_POTENTIAL;CORNERS_O105_POTENTIAL;TEAM_A_XG_PREMATCH;TEAM_B_XG_PREMATCH;TOTAL_XG_PREMATCH;COMPETITION_ID;MATCHES_COMPLETED_MINIMUM;OVER05;OVER15;OVER25;OVER35;OVER45;OVER55;BTTS
119328;2052;2057;2014;complete;650;1;-1;;70;0;1;1;7;3;10;1;3;1;2;0;0;3;9;8;5;11;14;16;9;49;51;1;2;0;0;0;0;0;0;0;0;0;0;0;0;0;0;0;0;0;0;0;0;0;0;0;0;0;0;0;0;0;0;0;0;0;0;0;0;0;0;0;0;0;0;0;0;0;0;0;0;0;0;0;0;0;0;0;0;0;0;0;0;0;0;0;0;0;0;0;0;1;0;0;0;1;1;0;2014-03-07 19:45:00;2057;0;0;0;0;0;-1;1;-1;-1;-1;-1;-1;-1;0;0;1;2;0;3;-1;0;0;0;0;0;0;0;0;0;0;0;0;0;1;1;0;0;-1;-1;0;0;-1;-1;-1;-1;-1;-1;-1;-1;-1;0;0;0;0;0;0;0;0;0;0;0;0;0;Galway United;Longford Town;1.8;2.29;0;0;0;0;0;0;0;0;0;0;0;0;0;0;0;457;28;Y;N;N;N;N;N;N
119329;2054;2064;2014;complete;650;1;-1;;;0;0;0;6;8;14;4;4;3;4;0;0;2;7;3;6;5;13;18;18;46;54;3;4;0;0;0;0;0;0;0;0;0;0;0;0;0;0;0;0;0;0;0;0;0;0;0;0;0;0;0;0;0;0;0;0;0;0;0;0;0;0;0;0;0;0;0;0;0;0;0;0;0;0;0;0;0;0;0;0;0;0;0;0;0;0;0;0;0;0;0;0;0;0;0;0;0;0;0;2014-03-07 20:00:00;-1;0;0;0;0;0;-1;1;-1;-1;-1;-1;-1;-1;1;1;2;3;2;5;-1;0;0;0;0;0;0;0;0;0;0;0;0;0;1;1;0;0;-1;-1;0;0;-1;-1;-1;-1;-1;-1;-1;-1;-1;0;0;0;0;0;0;0;0;0;0;0;0;0;Finn Harps;Waterford;1.14;0.79;0;0;0;0;0;0;0;0;0;0;0;0;0;0;0;457;28;N;N;N;N;N;N;N
119330;2061;2058;2014;complete;650;1;-1;84,90;;2;0;2;4;3;7;4;1;2;6;0;1;3;3;3;6;6;9;16;22;57;43;2;8;0;0;0;0;0;0;0;0;0;0;0;0;0;0;0;0;0;0;0;0;0;0;0;0;0;0;0;0;0;0;0;0;0;0;0;0;0;0;0;0;0;0;0;0;0;0;0;0;0;0;0;0;0;0;0;0;0;0;0;0;0;0;0;0;0;0;0;0;2;0;0;2;0;2;0;2014-03-07 20:00:00;2061;0;0;0;0;0;-1;1;-1;-1;-1;-1;-1;-1;1;1;1;6;2;7;-1;0;0;0;0;0;0;0;0;0;0;0;0;0;1;1;0;0;-1;-1;0;0;-1;-1;-1;-1;-1;-1;-1;-1;-1;0;0;0;0;0;0;0;0;0;0;0;0;0;Shelbourne;Wexford;1.93;1.43;0;0;0;0;0;0;0;0;0;0;0;0;0;0;0;457;28;Y;Y;N;N;N;N;N
119331;2062;2065;2014;complete;650;1;-1;88;19;1;1;2;3;8;11;5;0;2;2;0;0;3;2;2;8;5;10;7;8;51;49;2;2;0;0;0;0;0;0;0;0;0;0;0;0;0;0;0;0;0;0;0;0;0;0;0;0;0;0;0;0;0;0;0;0;0;0;0;0;0;0;0;0;0;0;0;0;0;0;0;0;0;0;0;0;0;0;0;0;0;0;0;0;0;0;0;0;0;0;0;0;2;0;1;1;0;1;1;2014-03-08 19:45:00;-1;0;0;0;0;0;-1;1;-1;-1;-1;-1;-1;-1;1;1;1;1;2;2;-1;0;0;0;0;0;0;0;0;0;0;0;0;0;1;1;0;0;-1;-1;0;0;-1;-1;-1;-1;-1;-1;-1;-1;-1;0;0;0;0;0;0;0;0;0;0;0;0;0;Cobh Ramblers;Shamrock Rovers Res.;0.93;0.86;0;0;0;0;0;0;0;0;0;0;0;0;0;0;0;457;28;Y;Y;N;N;N;N;Y
119332;2064;2052;2014;complete;650;2;-1;;;0;0;0;6;7;13;3;3;2;3;0;0;6;3;7;3;13;6;6;14;62;38;2;3;0;0;0;0;0;0;0;0;0;0;0;0;0;0;0;0;0;0;0;0;0;0;0;0;0;0;0;0;0;0;0;0;0;0;0;0;0;0;0;0;0;0;0;0;0;0;0;0;0;0;0;0;0;0;0;0;0;0;0;0;0;0;0;0;0;0;0;0;0;0;0;0;0;0;0;2014-03-14 19:45:00;-1;0;0;0;0;0;-1;1;-1;-1;-1;-1;-1;-1;0;1;2;2;1;4;-1;0;0;0;0;0;0;0;0;0;0;0;0;0;1;1;0;0;-1;-1;0;0;-1;-1;-1;-1;-1;-1;-1;-1;-1;0;0;0;0;0;0;0;0;0;0;0;0;0;Waterford;Galway United;1;1.87;0;0;1;0;0;0;0;0;0;0;0;0;0;0;0;457;28;N;N;N;N;N;N;N
119333;2058;2062;2014;complete;650;2;-1;12,24,43;39,55;3;2;5;8;7;15;2;1;2;2;1;0;5;3;7;9;12;12;15;12;55;45;3;2;0;0;0;0;0;0;0;0;0;0;0;0;0;0;0;0;0;0;0;0;0;0;0;0;0;0;0;0;0;0;0;0;0;0;0;0;0;0;0;0;0;0;0;0;0;0;0;0;0;0;0;0;0;0;0;0;0;0;0;0;0;0;0;0;0;0;0;0;5;3;1;0;1;1;4;2014-03-14 20:00:00;2058;0;0;0;0;0;-1;1;-1;-1;-1;-1;-1;-1;0;1;3;1;1;4;-1;0;0;0;0;0;0;0;1;0;1;0;0;0;1;1;0;0;-1;-1;0;0;-1;-1;-1;-1;-1;-1;-1;-1;-1;0;0;0;0;0;0;0;0;0;0;0;0;0;Wexford;Cobh Ramblers;1.86;0.07;0;0;0;1;0;0;0;0;0;0;0;0;0;0;0;457;28;Y;Y;Y;Y;Y;N;Y
119334;2057;2061;2014;complete;650;2;-1;;11;0;1;1;8;1;9;3;0;0;3;0;0;11;8;5;0;16;8;10;10;63;37;0;3;0;0;0;0;0;0;0;0;0;0;0;0;0;0;0;0;0;0;0;0;0;0;0;0;0;0;0;0;0;0;0;0;0;0;0;0;0;0;0;0;0;0;0;0;0;0;0;0;0;0;0;0;0;0;0;0;0;0;0;0;0;0;0;0;0;0;0;0;1;0;1;0;0;0;1;2014-03-15 19:30:00;2061;0;0;0;0;0;-1;1;-1;-1;-1;-1;-1;-1;0;0;0;3;0;3;-1;0;0;0;0;0;0;0;0;0;0;0;0;0;1;1;0;0;-1;-1;0;0;-1;-1;-1;-1;-1;-1;-1;-1;-1;0;0;0;0;0;0;0;0;0;0;0;0;0;Longford Town;Shelbourne;2;1.53;0;0;3;3;0;0;0;0;0;0;0;0;0;0;0;457;28;Y;N;N;N;N;N;N
119335;2065;2054;2014;complete;650;2;-1;;44,56,59;0;3;3;1;5;6;5;2;1;3;0;0;2;2;4;3;6;5;13;15;53;47;1;3;0;0;0;0;0;0;0;0;0;0;0;0;0;0;0;0;0;0;0;0;0;0;0;0;0;0;0;0;0;0;0;0;0;0;0;0;0;0;0;0;0;0;0;0;0;0;0;0;0;0;0;0;0;0;0;0;0;0;0;0;0;0;0;0;0;0;0;0;3;0;1;0;2;2;1;2014-03-16 15:00:00;2054;0;0;0;0;0;-1;1;-1;-1;-1;-1;-1;-1;1;2;0;1;3;1;-1;0;0;0;0;0;0;0;0;1;0;1;0;0;1;1;0;0;-1;-1;0;0;-1;-1;-1;-1;-1;-1;-1;-1;-1;0;0;0;0;0;0;0;0;0;0;0;0;0;Shamrock Rovers Res.;Finn Harps;1;1.14;0;0;1;1;0;0;0;0;0;0;0;0;0;0;0;457;28;Y;Y;Y;N;N;N;N
119336;2052;2065;2014;complete;650;3;-1;;;0;0;0;11;4;15;3;3;1;1;0;0;6;3;4;3;10;6;9;10;57;43;1;1;0;0;0;0;0;0;0;0;0;0;0;0;0;0;0;0;0;0;0;0;0;0;0;0;0;0;0;0;0;0;0;0;0;0;0;0;0;0;0;0;0;0;0;0;0;0;0;0;0;0;0;0;0;0;0;0;0;0;0;0;0;0;0;0;0;0;0;0;0;0;0;0;0;0;0;2014-03-21 19:45:00;-1;0;50;0;0;0;-1;1;-1;-1;-1;-1;-1;-1;0;0;1;1;0;2;-1;0;0;0;0;0;0;0;0;0;0;0;0;0;1;1;0;0;-1;-1;0;0;-1;-1;-1;-1;-1;-1;-1;-1;-1;0;0;0;50;100;0;50;100;0;15;1;3;1.5;Galway United;Shamrock Rovers Res.;1.8;0.86;0;1;0.5;0.5;100;100;100;50;0;100;100;50;0;0;0;457;28;N;N;N;N;N;N;N
119337;2054;2062;2014;complete;650;3;-1;29,48,66,70,88;;5;0;5;10;3;13;0;3;2;1;0;0;10;2;7;3;17;5;18;9;54;46;2;1;0;0;0;0;0;0;0;0;0;0;0;0;0;0;0;0;0;0;0;0;0;0;0;0;0;0;0;0;0;0;0;0;0;0;0;0;0;0;0;0;0;0;0;0;0;0;0;0;0;0;0;0;0;0;0;0;0;0;0;0;0;0;0;0;0;0;0;0;5;1;0;4;0;4;1;2014-03-21 20:00:00;2054;0;50;50;0;0;-1;1;-1;-1;-1;-1;-1;-1;2;1;0;0;3;0;-1;0;0;0;0;0;0;0;0;0;0;0;0;0;1;1;0;0;-1;-1;0;0;-1;-1;-1;-1;-1;-1;-1;-1;-1;50;50;50;50;50;50;50;50;0;13;5;5;2.5;Finn Harps;Cobh Ramblers;1.14;0.07;1;0;2;0.5;50;50;50;50;50;100;100;100;0;0;0;457;28;Y;Y;Y;Y;Y;N;N
119338;2061;2064;2014;complete;650;3;-1;6,39,86;66,69,90;3;3;6;3;5;8;2;1;2;0;0;0;3;4;3;7;6;11;10;14;51;49;2;0;0;0;0;0;0;0;0;0;0;0;0;0;0;0;0;0;0;0;0;0;0;0;0;0;0;0;0;0;0;0;0;0;0;0;0;0;0;0;0;0;0;0;0;0;0;0;0;0;0;0;0;0;0;0;0;0;0;0;0;0;0;0;0;0;0;0;0;0;6;2;0;1;3;4;2;2014-03-21 20:00:00;-1;0;0;0;0;0;-1;1;-1;-1;-1;-1;-1;-1;1;0;1;0;1;1;-1;0;0;0;0;0;0;0;0;0;0;0;0;0;1;1;1;0;-1;-1;0;0;-1;-1;-1;-1;-1;-1;-1;-1;-1;0;0;0;50;50;0;0;50;50;12;8;6;1;Shelbourne;Waterford;1.93;0.79;3;1;3;1;100;100;100;50;50;50;50;50;0;0;0;457;28;Y;Y;Y;Y;Y;Y;Y
119339;2058;2057;2014;complete;650;3;-1;;14;0;1;1;2;6;8;1;4;3;3;0;0;7;4;2;3;9;7;14;10;37;63;3;3;0;0;0;0;0;0;0;0;0;0;0;0;0;0;0;0;0;0;0;0;0;0;0;0;0;0;0;0;0;0;0;0;0;0;0;0;0;0;0;0;0;0;0;0;0;0;0;0;0;0;0;0;0;0;0;0;0;0;0;0;0;0;0;0;0;0;0;0;1;0;1;0;0;0;1;2014-03-21 20:00:00;2057;0;50;50;0;0;-1;1;-1;-1;-1;-1;-1;-1;1;2;2;1;3;3;-1;0;0;0;0;0;0;0;0;0;0;0;0;0;1;1;0;0;-1;-1;0;1;-1;-1;-1;-1;-1;-1;-1;-1;-1;50;50;50;50;100;50;50;100;0;11;5;5;3;Wexford;Longford Town;1.86;2.29;3;3;1.5;1.5;50;50;50;50;0;100;100;50;0;0;0;457;28;Y;N;N;N;N;N;N
119340;2064;2058;2014;complete;650;4;-1;89;18,84;1;2;3;6;2;8;2;2;4;5;0;0;4;7;7;2;11;9;16;17;55;45;4;5;0;0;0;0;0;0;0;0;0;0;0;0;0;0;0;0;0;0;0;0;0;0;0;0;0;0;0;0;0;0;0;0;0;0;0;0;0;0;0;0;0;0;0;0;0;0;0;0;0;0;0;0;0;0;0;0;0;0;0;0;0;0;0;0;0;0;0;0;3;0;1;1;1;2;1;2014-03-28 19:45:00;2058;0;0;0;0;0;-1;1;-1;-1;-1;-1;-1;-1;2;2;2;3;4;5;-1;0;0;0;0;0;0;0;0;0;0;0;0;0;1;1;0;0;-1;-1;0;0;-1;-1;-1;-1;-1;-1;-1;-1;-1;0;0;0;50;50;0;0;50;50;9;4;10;1;Waterford;Wexford;1;1.43;1;0;1;1;100;100;100;50;50;50;50;50;0;0;0;457;28;Y;Y;Y;N;N;N;Y
119341;2054;2052;2014;complete;650;4;-1;75;37;1;1;2;8;2;10;3;8;3;0;0;1;4;6;3;2;7;8;13;9;61;39;3;2;0;0;0;0;0;0;0;0;0;0;0;0;0;0;0;0;0;0;0;0;0;0;0;0;0;0;0;0;0;0;0;0;0;0;0;0;0;0;0;0;0;0;0;0;0;0;0;0;0;0;0;0;0;0;0;0;0;0;0;0;0;0;0;0;0;0;0;0;2;0;1;1;0;1;1;2014-03-29 19:45:00;-1;0;0;0;0;0;-1;1;-1;-1;-1;-1;-1;-1;0;1;3;0;1;3;-1;0;0;0;0;0;0;0;0;0;0;0;0;0;1;1;0;0;-1;-1;0;0;-1;-1;-1;-1;-1;-1;-1;-1;-1;25;25;25;25;25;0;25;25;25;15;5;5.5;1.25;Finn Harps;Galway United;1.14;1.87;2;1;2.33;0.67;75;75;75;75;75;100;100;100;0;0;0;457;28;Y;Y;N;N;N;N;Y
119342;2065;2061;2014;complete;650;4;-1;55;67;1;1;2;4;4;8;5;4;1;3;0;0;7;3;5;6;12;9;11;13;50;50;1;3;0;0;0;0;0;0;0;0;0;0;0;0;0;0;0;0;0;0;0;0;0;0;0;0;0;0;0;0;0;0;0;0;0;0;0;0;0;0;0;0;0;0;0;0;0;0;0;0;0;0;0;0;0;0;0;0;0;0;0;0;0;0;0;0;0;0;0;0;2;0;0;1;1;2;0;2014-03-30 14:00:00;-1;0;0;0;0;0;-1;1;-1;-1;-1;-1;-1;-1;1;2;0;1;3;1;-1;0;0;0;0;0;0;0;0;0;0;0;0;0;1;1;0;0;-1;-1;0;0;-1;-1;-1;-1;-1;-1;-1;-1;-1;0;0;50;50;100;0;100;50;50;2;5;4;2;Shamrock Rovers Res.;Shelbourne;1;1.53;0;3;0.67;2.33;100;100;50;50;0;50;0;0;0;0;0;457;28;Y;Y;N;N;N;N;Y
119343;2052;2062;2014;complete;650;5;-1;8,23,75,84;;4;0;4;7;2;9;4;3;0;1;0;0;10;6;8;8;18;14;7;11;57;43;0;1;0;0;0;0;0;0;0;0;0;0;0;0;0;0;0;0;0;0;0;0;0;0;0;0;0;0;0;0;0;0;0;0;0;0;0;0;0;0;0;0;0;0;0;0;0;0;0;0;0;0;0;0;0;0;0;0;0;0;0;0;0;0;0;0;0;0;0;0;4;2;0;2;0;2;2;2014-04-04 18:45:00;2052;0;25;25;0;0;-1;1;-1;-1;-1;-1;-1;-1;0;0;0;1;0;1;-1;0;0;0;0;0;0;0;0;0;0;0;0;0;1;1;1;0;-1;-1;0;0;-1;-1;-1;-1;-1;-1;-1;-1;-1;50;50;50;50;75;25;50;75;25;14;4;2.5;2.75;Galway United;Cobh Ramblers;1.8;0.07;0.5;0;0.75;0.33;50;50;50;50;25;100;100;75;0;0;0;457;28;Y;Y;Y;Y;N;N;N
119344;2061;2054;2014;complete;650;5;-1;23,90;;2;0;2;3;10;13;3;3;3;2;0;1;7;8;4;11;11;19;11;18;57;43;3;4;0;0;0;0;0;0;0;0;0;0;0;0;0;0;0;0;0;0;0;0;0;0;0;0;0;0;0;0;0;0;0;0;0;0;0;0;0;0;0;0;0;0;0;0;0;0;0;0;0;0;0;0;0;0;0;0;0;0;0;0;0;0;0;0;0;0;0;0;2;1;0;1;0;1;1;2014-04-04 19:00:00;2061;0;25;0;25;0;-1;1;-1;-1;-1;-1;-1;-1;1;0;2;3;1;5;-1;0;0;0;0;0;0;0;0;0;0;0;0;0;1;1;0;0;-1;-1;0;0;-1;-1;-1;-1;-1;-1;-1;-1;-1;25;25;75;100;100;25;75;100;100;8.5;5;5;3.5;Shelbourne;Finn Harps;1.93;1.14;2;3;2;2;75;75;25;0;0;0;0;0;0;0;0;457;28;Y;Y;N;N;N;N;N
119345;2058;2065;2014;complete;650;5;-1;36,43,90;52,76;3;2;5;4;5;9;2;1;2;2;0;0;3;2;5;6;8;8;12;15;49;51;2;2;0;0;0;0;0;0;0;0;0;0;0;0;0;0;0;0;0;0;0;0;0;0;0;0;0;0;0;0;0;0;0;0;0;0;0;0;0;0;0;0;0;0;0;0;0;0;0;0;0;0;0;0;0;0;0;0;0;0;0;0;0;0;0;0;0;0;0;0;5;2;0;1;2;3;2;2014-04-04 19:00:00;2058;0;50;25;0;0;-1;1;-1;-1;-1;-1;-1;-1;1;1;1;1;2;2;-1;0;0;0;0;0;0;0;0;1;0;1;0;0;1;1;0;0;-1;-1;0;0;-1;-1;-1;-1;-1;-1;-1;-1;-1;25;25;25;50;75;25;75;50;0;11;3;4.5;2;Wexford;Shamrock Rovers Res.;1.86;0.86;1.5;1;1.5;0.75;75;75;75;50;25;75;75;75;0;0;0;457;28;Y;Y;Y;Y;Y;N;Y
119346;2057;2064;2014;complete;650;5;-1;;;0;0;0;10;5;15;0;2;2;4;0;0;8;2;6;4;14;6;18;19;59;41;2;4;0;0;0;0;0;0;0;0;0;0;0;0;0;0;0;0;0;0;0;0;0;0;0;0;0;0;0;0;0;0;0;0;0;0;0;0;0;0;0;0;0;0;0;0;0;0;0;0;0;0;0;0;0;0;0;0;0;0;0;0;0;0;0;0;0;0;0;0;0;0;0;0;0;0;0;2014-04-05 18:30:00;-1;0;25;0;25;0;-1;1;-1;-1;-1;-1;-1;-1;2;1;0;3;3;3;-1;0;0;0;0;0;0;0;0;0;0;0;0;0;1;1;0;0;-1;-1;0;0;-1;-1;-1;-1;-1;-1;-1;-1;-1;25;25;25;25;75;25;75;25;25;14.5;5.5;2;2;Longford Town;Waterford;2;0.79;0;1;2;0.75;75;75;75;75;25;75;25;25;0;0;0;457;28;N;N;N;N;N;N;N
119347;2052;2061;2014;complete;650;6;-1;;90;0;1;1;10;1;11;3;1;0;3;0;0;5;2;6;7;11;9;12;6;52;48;0;3;0;0;0;0;0;0;0;0;0;0;0;0;0;0;0;0;0;0;0;0;0;0;0;0;0;0;0;0;0;0;0;0;0;0;0;0;0;0;0;0;0;0;0;0;0;0;0;0;0;0;0;0;0;0;0;0;0;0;0;0;0;0;0;0;0;0;0;0;1;0;0;0;1;1;0;2014-04-11 18:45:00;2061;0;25;0;25;0;-1;1;-1;-1;-1;-1;-1;-1;0;1;0;2;1;2;-1;0;0;0;0;0;0;0;0;0;0;0;0;0;1;1;0;0;-1;-1;0;0;-1;-1;-1;-1;-1;-1;-1;-1;-1;0;17;17;42;84;17;42;59;42;10.83;4.67;3.67;1.59;Galway United;Shelbourne;1.8;1.53;1.33;2;1.2;2.2;100;84;84;59;17;75;34;17;0;0;0;457;30;Y;N;N;N;N;N;N
119348;2054;2058;2014;complete;650;6;-1;85;65;1;1;2;6;3;9;3;5;1;2;1;0;4;6;8;2;12;8;9;20;48;52;3;2;0;0;0;0;0;0;0;0;0;0;0;0;0;0;0;0;0;0;0;0;0;0;0;0;0;0;0;0;0;0;0;0;0;0;0;0;0;0;0;0;0;0;0;0;0;0;0;0;0;0;0;0;0;0;0;0;0;0;0;0;0;0;0;0;0;0;0;0;2;0;0;1;1;2;0;2014-04-11 19:00:00;-1;0;42;0;25;0;-1;1;-1;-1;-1;-1;-1;-1;2;2;0;0;4;0;-1;0;0;0;0;0;0;0;1;0;1;0;0;0;1;1;0;0;-1;-1;0;0;-1;-1;-1;-1;-1;-1;-1;-1;-1;17;17;42;84;84;0;59;84;67;10.5;3.83;9.17;2.42;Finn Harps;Wexford;1.14;1.43;1.67;1.5;1.6;1.8;84;84;59;17;17;50;50;34;0;0;0;457;28;Y;Y;N;N;N;N;Y
119349;2062;2064;2014;complete;650;6;-1;;;0;0;0;6;8;14;4;3;1;1;0;0;6;7;1;7;7;14;14;11;39;61;1;1;0;0;0;0;0;0;0;0;0;0;0;0;0;0;0;0;0;0;0;0;0;0;0;0;0;0;0;0;0;0;0;0;0;0;0;0;0;0;0;0;0;0;0;0;0;0;0;0;0;0;0;0;0;0;0;0;0;0;0;0;0;0;0;0;0;0;0;0;0;0;0;0;0;0;0;2014-04-12 18:45:00;-1;0;67;0;17;0;-1;1;-1;-1;-1;-1;-1;-1;0;1;1;0;1;1;-1;0;0;0;0;0;0;0;0;0;0;0;0;0;1;1;0;0;-1;-1;0;0;-1;-1;-1;-1;-1;-1;-1;-1;-1;17;17;17;67;67;17;67;67;17;9;7.33;4.67;2;Cobh Ramblers;Waterford;0.93;0.79;1;1;0.25;0.8;84;84;84;34;34;84;84;84;0;0;0;457;28;N;N;N;N;N;N;N
119350;2065;2057;2014;complete;650;6;-1;26,90;56;2;1;3;1;7;8;0;2;2;0;0;1;0;5;2;11;2;16;9;11;39;61;2;2;0;0;0;0;0;0;0;0;0;0;0;0;0;0;0;0;0;0;0;0;0;0;0;0;0;0;0;0;0;0;0;0;0;0;0;0;0;0;0;0;0;0;0;0;0;0;0;0;0;0;0;0;0;0;0;0;0;0;0;0;0;0;0;0;0;0;0;0;3;1;0;1;1;2;1;2014-04-13 14:00:00;2065;0;25;0;25;0;-1;1;-1;-1;-1;-1;-1;-1;1;0;1;1;1;2;-1;0;0;0;0;0;0;0;0;0;0;0;0;0;1;1;0;0;-1;-1;0;0;-1;-1;-1;-1;-1;-1;-1;-1;-1;0;0;25;50;100;0;50;75;50;7;8.5;3.5;1.75;Shamrock Rovers Res.;Longford Town;1;2.29;0.5;3;0.6;1.75;100;100;75;50;0;25;25;0;0;0;0;457;28;Y;Y;Y;N;N;N;Y
119351;2064;2065;2014;complete;650;7;-1;2;;1;0;1;-1;-1;-1;-1;-1;-1;-1;-1;-1;-1;-1;-1;-1;-1;-1;-1;-1;-1;-1;-1;-1;0;0;0;0;0;0;0;0;0;0;0;0;0;0;0;0;0;0;0;0;0;0;0;0;0;0;0;0;0;0;0;0;0;0;0;0;0;0;0;0;0;0;0;0;0;0;0;0;0;0;0;0;0;0;0;0;0;0;0;0;0;0;0;0;0;0;0;0;1;1;0;0;0;0;1;2014-04-18 18:45:00;2064;0;59;0;42;0;-1;-1;-1;-1;-1;-1;-1;-1;-1;-1;-1;-1;-1;-1;-1;0;0;0;0;0;0;0;0;0;0;0;0;0;1;1;1;0;-1;-1;-1;-1;-1;-1;-1;-1;-1;-1;-1;-1;-1;17;17;42;59;59;17;59;59;42;11.67;3.83;4.67;1.92;Waterford;Shamrock Rovers Res.;1;0.86;0.5;0.67;0.83;1;84;84;59;42;42;75;59;59;0;0;0;457;28;Y;N;N;N;N;N;N
119352;2061;2062;2014;complete;650;7;-1;17,34;;2;0;2;5;6;11;2;1;2;2;0;0;9;5;12;6;21;11;9;12;54;46;2;2;0;0;0;0;0;0;0;0;0;0;0;0;0;0;0;0;0;0;0;0;0;0;0;0;0;0;0;0;0;0;0;0;0;0;0;0;0;0;0;0;0;0;0;0;0;0;0;0;0;0;0;0;0;0;0;0;0;0;0;0;0;0;0;0;0;0;0;0;2;2;0;0;0;0;2;2014-04-18 19:00:00;2061;0;33;17;17;0;-1;1;-1;-1;-1;-1;-1;-1;1;0;1;2;1;3;-1;0;0;0;0;0;0;0;0;0;0;0;0;0;1;1;0;0;-1;-1;0;0;-1;-1;-1;-1;-1;-1;-1;-1;-1;50;67;67;100;100;50;84;100;67;7.33;5.33;3.66;4;Shelbourne;Cobh Ramblers;1.93;0.07;2.33;0;2.33;0.4;50;34;34;0;0;67;50;50;0;0;0;457;28;Y;Y;N;N;N;N;N
119353;2058;2052;2014;complete;650;7;-1;;62;0;1;1;5;5;10;2;3;2;1;0;0;6;7;4;2;10;9;9;14;45;55;2;1;0;0;0;0;0;0;0;0;0;0;0;0;0;0;0;0;0;0;0;0;0;0;0;0;0;0;0;0;0;0;0;0;0;0;0;0;0;0;0;0;0;0;0;0;0;0;0;0;0;0;0;0;0;0;0;0;0;0;0;0;0;0;0;0;0;0;0;0;1;0;0;0;1;1;0;2014-04-18 19:00:00;2052;0;59;17;17;0;-1;1;-1;-1;-1;-1;-1;-1;2;0;0;1;2;1;-1;0;0;0;0;0;0;0;0;0;0;0;0;0;1;1;0;0;-1;-1;0;0;-1;-1;-1;-1;-1;-1;-1;-1;-1;34;34;34;59;75;34;75;59;17;9.17;7.17;5.17;2.34;Wexford;Galway United;1.86;1.87;2;1;1.67;1;67;67;67;42;25;84;67;42;0;0;0;457;28;Y;N;N;N;N;N;N
119354;2057;2054;2014;complete;650;7;-1;26;;1;0;1;8;6;14;3;1;2;1;0;0;2;5;9;5;11;10;18;18;50;50;2;1;0;0;0;0;0;0;0;0;0;0;0;0;0;0;0;0;0;0;0;0;0;0;0;0;0;0;0;0;0;0;0;0;0;0;0;0;0;0;0;0;0;0;0;0;0;0;0;0;0;0;0;0;0;0;0;0;0;0;0;0;0;0;0;0;0;0;0;0;1;1;0;0;0;0;1;2014-04-19 18:30:00;2057;0;0;0;0;0;-1;1;-1;-1;-1;-1;-1;-1;1;0;1;1;1;2;-1;0;0;0;0;0;0;0;1;0;1;0;0;0;1;1;0;0;-1;-1;0;0;-1;-1;-1;-1;-1;-1;-1;-1;-1;0;0;25;50;75;0;75;50;25;16.5;4;4.5;1.5;Longford Town;Finn Harps;2;1.14;0.5;1.5;1.4;1.5;100;100;75;50;25;75;50;50;0;0;0;457;28;Y;N;N;N;N;N;N
119355;2064;2054;2014;complete;650;8;-1;18,44;;2;0;2;-1;-1;-1;-1;-1;4;3;1;0;-1;-1;-1;-1;-1;-1;-1;-1;-1;-1;5;3;0;0;0;0;0;0;0;0;0;0;0;0;0;0;0;0;0;0;0;0;0;0;0;0;0;0;0;0;0;0;0;0;0;0;0;0;0;0;0;0;0;0;0;0;0;0;0;0;0;0;0;0;0;0;0;0;0;0;0;0;0;0;0;0;0;0;0;0;2;2;0;0;0;0;2;2014-04-25 18:45:00;2064;0;17;0;17;0;-1;1;-1;-1;-1;-1;-1;-1;1;1;4;2;2;6;-1;0;0;0;0;0;0;0;0;0;0;0;0;0;1;1;0;0;-1;-1;0;0;-1;-1;-1;-1;-1;-1;-1;-1;-1;0;0;33;50;84;0;84;50;33;13;3.33;5.67;1.67;Waterford;Finn Harps;1;1.14;1.33;1;1.14;1.29;100;100;67;50;17;59;59;59;0;0;0;457;28;Y;Y;N;N;N;N;N
119356;2058;2061;2014;complete;650;8;-1;90;;1;0;1;6;4;10;2;1;1;1;0;0;5;4;6;5;11;9;15;11;53;47;1;1;0;0;0;0;0;0;0;0;0;0;0;0;0;0;0;0;0;0;0;0;0;0;0;0;0;0;0;0;0;0;0;0;0;0;0;0;0;0;0;0;0;0;0;0;0;0;0;0;0;0;0;0;0;0;0;0;0;0;0;0;0;0;0;0;0;0;0;0;1;0;0;1;0;1;0;2014-04-25 19:00:00;2058;0;42;13;29;0;-1;1;-1;-1;-1;-1;-1;-1;1;0;0;1;1;1;-1;0;0;0;0;0;0;0;0;0;0;0;0;0;1;1;0;0;-1;-1;0;0;-1;-1;-1;-1;-1;-1;-1;-1;-1;25;25;25;42;100;25;54;71;29;6.75;3.42;5.5;2.17;Wexford;Shelbourne;1.86;1.53;1.5;2.33;1.43;2.43;75;75;75;59;0;71;42;29;0;0;0;457;28;Y;N;N;N;N;N;N
119357;2057;2052;2014;complete;650;8;-1;14,90;17,81;2;2;4;5;7;12;2;3;1;2;0;0;2;5;6;8;8;13;14;12;46;54;1;2;0;0;0;0;0;0;0;0;0;0;0;0;0;0;0;0;0;0;0;0;0;0;0;0;0;0;0;0;0;0;0;0;0;0;0;0;0;0;0;0;0;0;0;0;0;0;0;0;0;0;0;0;0;0;0;0;0;0;0;0;0;0;0;0;0;0;0;0;4;1;1;1;1;2;2;2014-04-26 18:30:00;-1;0;17;0;0;0;-1;1;-1;-1;-1;-1;-1;-1;1;0;0;2;1;2;-1;0;0;0;0;0;0;0;0;0;0;0;0;0;1;1;0;0;-1;-1;0;0;-1;-1;-1;-1;-1;-1;-1;-1;-1;0;0;0;17;67;0;50;34;0;13.34;6.67;3.33;0.84;Longford Town;Galway United;2;1.87;1.33;1.67;1.67;1.29;100;100;100;84;33;100;84;50;0;0;0;457;28;Y;Y;Y;Y;N;N;Y
119358;2065;2062;2014;complete;650;8;-1;21,56,76;58;3;1;4;4;7;11;1;4;2;3;0;0;0;0;7;4;7;4;16;18;50;50;2;3;0;0;0;0;0;0;0;0;0;0;0;0;0;0;0;0;0;0;0;0;0;0;0;0;0;0;0;0;0;0;0;0;0;0;0;0;0;0;0;0;0;0;0;0;0;0;0;0;0;0;0;0;0;0;0;0;0;0;0;0;0;0;0;0;0;0;0;0;4;1;0;2;1;3;1;2014-04-27 14:00:00;2065;0;46;13;34;0;-1;1;-1;-1;-1;-1;-1;-1;0;1;2;2;1;4;-1;0;0;0;0;0;0;0;0;1;0;1;0;0;1;1;0;0;-1;-1;0;0;-1;-1;-1;-1;-1;-1;-1;-1;-1;25;38;71;100;100;38;84;88;75;6.5;5.33;2.83;3.34;Shamrock Rovers Res.;Cobh Ramblers;1;0.07;1.33;0;0.86;0.33;75;63;29;0;0;50;38;38;0;0;0;457;28;Y;Y;Y;Y;N;N;Y
119359;2052;2064;2014;complete;650;9;-1;32,67;;2;0;2;7;1;8;1;3;1;1;0;0;8;2;7;5;15;7;15;13;49;51;1;1;0;0;0;0;0;0;0;0;0;0;0;0;0;0;0;0;0;0;0;0;0;0;0;0;0;0;0;0;0;0;0;0;0;0;0;0;0;0;0;0;0;0;0;0;0;0;0;0;0;0;0;0;0;0;0;0;0;0;0;0;0;0;0;0;0;0;0;0;2;1;0;1;0;1;1;2014-05-02 18:45:00;2052;0;13;0;13;0;-1;1;-1;-1;-1;-1;-1;-1;1;0;0;1;1;1;-1;0;0;0;0;0;0;0;0;0;0;0;0;0;1;1;0;0;-1;-1;0;0;-1;-1;-1;-1;-1;-1;-1;-1;-1;13;25;25;25;50;25;25;50;25;15.25;5.25;2.75;1.5;Galway United;Waterford;1.8;0.79;1;1;1.25;1.38;88;75;75;75;50;88;75;63;0;0;0;457;28;Y;Y;N;N;N;N;N
119360;2054;2065;2014;complete;650;9;-1;;82;0;1;1;5;2;7;5;0;2;1;1;0;12;2;7;1;19;3;20;19;60;40;3;1;0;0;0;0;0;0;0;0;0;0;0;0;0;0;0;0;0;0;0;0;0;0;0;0;0;0;0;0;0;0;0;0;0;0;0;0;0;0;0;0;0;0;0;0;0;0;0;0;0;0;0;0;0;0;0;0;0;0;0;0;0;0;0;0;0;0;0;0;1;0;0;0;1;1;0;2014-05-02 19:00:00;2065;0;50;0;25;0;-1;1;-1;-1;-1;-1;-1;-1;3;0;0;1;3;1;-1;0;0;0;0;0;0;0;0;0;0;0;0;0;1;1;0;0;-1;-1;1;0;-1;-1;-1;-1;-1;-1;-1;-1;-1;25;25;25;63;75;13;63;63;38;13.17;3.25;4.42;2.13;Finn Harps;Shamrock Rovers Res.;1.14;0.86;1.5;0.5;1.13;1.13;75;75;75;38;25;100;71;59;0;0;0;457;28;Y;N;N;N;N;N;N
119361;2061;2057;2014;complete;650;9;-1;42,63,67;18,81;3;2;5;8;3;11;2;0;2;3;0;1;8;4;9;8;17;12;10;8;48;52;2;5;0;0;0;0;0;0;0;0;0;0;0;0;0;0;0;0;0;0;0;0;0;0;0;0;0;0;0;0;0;0;0;0;0;0;0;0;0;0;0;0;0;0;0;0;0;0;0;0;0;0;0;0;0;0;0;0;0;0;0;0;0;0;0;0;0;0;0;0;5;1;1;2;1;3;2;2014-05-02 19:00:00;2061;0;29;0;29;0;-1;1;-1;-1;-1;-1;-1;-1;2;3;0;1;5;1;-1;0;0;0;0;0;0;0;0;0;0;0;0;0;1;1;0;0;-1;-1;0;0;-1;-1;-1;-1;-1;-1;-1;-1;-1;13;13;29;67;100;25;71;71;42;9.08;5.75;4.58;2.34;Shelbourne;Longford Town;1.93;2.29;2.5;2;2.13;1.57;88;88;71;34;0;42;42;25;0;0;0;457;28;Y;Y;Y;Y;Y;N;Y
119362;2062;2058;2014;complete;650;9;-1;;45;0;1;1;6;7;13;2;2;2;3;0;1;7;3;4;4;11;7;23;14;50;50;2;5;0;0;0;0;0;0;0;0;0;0;0;0;0;0;0;0;0;0;0;0;0;0;0;0;0;0;0;0;0;0;0;0;0;0;0;0;0;0;0;0;0;0;0;0;0;0;0;0;0;0;0;0;0;0;0;0;0;0;0;0;0;0;0;0;0;0;0;0;1;0;1;0;0;0;1;2014-05-03 18:45:00;2058;0;59;0;34;0;-1;1;-1;-1;-1;-1;-1;-1;1;1;1;3;2;4;-1;0;0;0;0;0;0;0;0;0;0;0;0;0;1;1;0;0;-1;-1;0;0;-1;-1;-1;-1;-1;-1;-1;-1;-1;0;0;17;75;75;0;42;75;50;7.17;7.17;6.5;1.67;Cobh Ramblers;Wexford;0.93;1.43;1;1.33;0.29;1.63;100;100;84;25;25;67;50;50;0;0;0;457;28;Y;N;N;N;N;N;N
119363;2064;2061;2014;complete;650;10;-1;;77;0;1;1;6;7;13;3;2;2;0;0;0;9;2;9;4;18;6;14;8;45;55;2;0;0;0;0;0;0;0;0;0;0;0;0;0;0;0;0;0;0;0;0;0;0;0;0;0;0;0;0;0;0;0;0;0;0;0;0;0;0;0;0;0;0;0;0;0;0;0;0;0;0;0;0;0;0;0;0;0;0;0;0;0;0;0;0;0;0;0;0;0;1;0;0;0;1;1;0;2014-05-09 18:45:00;2061;0;25;0;25;0;-1;1;-1;-1;-1;-1;-1;-1;1;0;1;0;1;1;-1;0;0;0;0;0;0;0;0;0;0;0;0;0;1;1;0;0;-1;-1;0;0;-1;-1;-1;-1;-1;-1;-1;-1;-1;0;0;13;38;88;13;50;50;25;8.5;2.25;6.17;1.38;Waterford;Shelbourne;1;1.53;1.75;1.75;1.22;2.22;100;100;88;63;13;63;50;38;0;0;0;457;28;Y;N;N;N;N;N;N
119364;2062;2054;2014;complete;650;10;-1;;25,57;0;2;2;2;2;4;3;0;0;1;0;0;2;4;3;8;5;12;8;13;43;57;0;1;0;0;0;0;0;0;0;0;0;0;0;0;0;0;0;0;0;0;0;0;0;0;0;0;0;0;0;0;0;0;0;0;0;0;0;0;0;0;0;0;0;0;0;0;0;0;0;0;0;0;0;0;0;0;0;0;0;0;0;0;0;0;0;0;0;0;0;0;2;0;1;0;1;1;1;2014-05-10 18:45:00;2054;0;17;0;0;0;-1;1;-1;-1;-1;-1;-1;-1;0;0;0;1;0;1;-1;0;0;0;0;0;0;0;0;0;0;0;0;0;1;1;0;0;-1;-1;0;0;-1;-1;-1;-1;-1;-1;-1;-1;-1;0;0;13;54;84;13;84;42;13;12;4.92;4.42;1.5;Cobh Ramblers;Finn Harps;0.93;1.14;0.67;0.75;0.25;1;100;100;88;46;17;84;84;84;0;0;0;457;28;Y;Y;N;N;N;N;N
119365;2065;2052;2014;complete;650;10;-1;31;57;1;1;2;4;1;5;10;1;1;0;0;1;6;6;1;3;7;9;12;7;57;43;1;2;0;0;0;0;0;0;0;0;0;0;0;0;0;0;0;0;0;0;0;0;0;0;0;0;0;0;0;0;0;0;0;0;0;0;0;0;0;0;0;0;0;0;0;0;0;0;0;0;0;0;0;0;0;0;0;0;0;0;0;0;0;0;0;0;0;0;0;0;2;1;0;0;1;1;1;2014-05-11 14:00:00;-1;0;63;13;50;0;-1;1;-1;-1;-1;-1;-1;-1;0;1;1;0;1;1;-1;0;0;0;0;0;0;0;0;0;0;0;0;0;1;1;0;0;-1;-1;0;0;-1;-1;-1;-1;-1;-1;-1;-1;-1;0;25;50;75;88;13;63;88;63;7.75;7;3.5;2.38;Shamrock Rovers Res.;Galway United;1;1.87;1.75;1.5;1.33;1.44;100;75;50;25;13;63;63;38;0;0;0;457;28;Y;Y;N;N;N;N;Y
119366;2052;2054;2014;complete;650;11;-1;90;56;1;1;2;9;3;12;3;3;3;2;0;1;3;0;8;6;11;6;16;18;55;45;3;4;0;0;0;0;0;0;0;0;0;0;0;0;0;0;0;0;0;0;0;0;0;0;0;0;0;0;0;0;0;0;0;0;0;0;0;0;0;0;0;0;0;0;0;0;0;0;0;0;0;0;0;0;0;0;0;0;0;0;0;0;0;0;0;0;0;0;0;0;2;0;0;1;1;2;0;2014-05-16 18:45:00;-1;0;0;0;0;0;-1;1;-1;-1;-1;-1;-1;-1;1;1;2;2;2;4;-1;0;0;0;0;0;0;0;0;0;0;0;0;0;1;1;0;0;-1;-1;0;0;-1;-1;-1;-1;-1;-1;-1;-1;-1;0;10;20;60;90;20;70;70;20;14.15;3.4;3;1.8;Galway United;Finn Harps;1.8;1.14;1.4;1.2;1.4;1.2;100;90;80;40;10;65;55;45;0;0;0;457;28;Y;Y;N;N;N;N;Y
119367;2061;2065;2014;complete;650;11;-1;;;0;0;0;7;4;11;2;0;1;2;0;0;6;5;8;3;14;8;11;18;52;48;1;2;0;0;0;0;0;0;0;0;0;0;0;0;0;0;0;0;0;0;0;0;0;0;0;0;0;0;0;0;0;0;0;0;0;0;0;0;0;0;0;0;0;0;0;0;0;0;0;0;0;0;0;0;0;0;0;0;0;0;0;0;0;0;0;0;0;0;0;0;0;0;0;0;0;0;0;2014-05-16 19:00:00;-1;0;40;10;30;0;-1;1;-1;-1;-1;-1;-1;-1;1;1;0;1;2;1;-1;0;0;0;0;0;0;0;0;0;0;0;0;0;1;1;0;0;-1;-1;0;0;-1;-1;-1;-1;-1;-1;-1;-1;-1;30;30;30;70;90;40;70;70;40;9.35;3.2;3.7;2.6;Shelbourne;Shamrock Rovers Res.;1.93;0.86;2.6;1;2.3;1.3;70;70;70;30;10;68;55;55;0;0;0;457;28;N;N;N;N;N;N;N
119368;2058;2064;2014;complete;650;11;-1;88;40,50,58;1;3;4;2;7;9;2;1;0;3;1;0;3;4;8;4;11;8;15;23;38;62;2;3;0;0;0;0;0;0;0;0;0;0;0;0;0;0;0;0;0;0;0;0;0;0;0;0;0;0;0;0;0;0;0;0;0;0;0;0;0;0;0;0;0;0;0;0;0;0;0;0;0;0;0;0;0;0;0;0;0;0;0;0;0;0;0;0;0;0;0;0;4;0;1;1;2;3;1;2014-05-16 19:00:00;2064;0;30;10;20;0;-1;1;-1;-1;-1;-1;-1;-1;1;3;0;0;4;0;-1;0;0;0;0;0;0;0;1;0;1;0;0;0;1;1;0;0;-1;-1;0;0;-1;-1;-1;-1;-1;-1;-1;-1;-1;30;30;30;40;70;30;50;60;20;10.4;4.4;4.2;2.1;Wexford;Waterford;1.86;0.79;1.8;0.8;1.78;1.1;70;70;70;60;30;70;60;40;0;0;0;457;28;Y;Y;Y;Y;N;N;Y
119369;2057;2062;2014;complete;650;11;-1;28,39;;2;0;2;3;2;5;3;2;0;0;0;0;8;5;8;3;16;8;12;9;54;46;0;0;0;0;0;0;0;0;0;0;0;0;0;0;0;0;0;0;0;0;0;0;0;0;0;0;0;0;0;0;0;0;0;0;0;0;0;0;0;0;0;0;0;0;0;0;0;0;0;0;0;0;0;0;0;0;0;0;0;0;0;0;0;0;0;0;0;0;0;0;2;2;0;0;0;0;2;2014-05-17 18:30:00;2057;0;33;23;23;0;-1;-1;-1;-1;-1;-1;-1;-1;0;0;0;0;0;0;-1;0;0;0;0;0;0;0;0;0;0;0;0;0;1;1;0;0;-1;-1;-1;-1;-1;-1;-1;-1;-1;-1;-1;-1;-1;20;53;53;63;88;43;88;53;43;12.75;4.4;3.05;2.75;Longford Town;Cobh Ramblers;2;0.07;1.25;0;1.38;0.22;80;48;48;38;13;100;78;78;0;0;0;457;28;Y;Y;N;N;N;N;N
119370;2062;2052;2014;complete;650;12;-1;3;40,50,53,68,88;1;5;6;2;5;7;4;2;1;0;1;0;2;6;3;9;5;15;8;5;45;55;3;0;0;0;0;0;0;0;0;0;0;0;0;0;0;0;0;0;0;0;0;0;0;0;0;0;0;0;0;0;0;0;0;0;0;0;0;0;0;0;0;0;0;0;0;0;0;0;0;0;0;0;0;0;0;0;0;0;0;0;0;0;0;0;0;0;0;0;0;0;6;1;1;0;4;4;2;2014-05-23 18:45:00;2052;0;43;10;10;0;-1;1;-1;-1;-1;-1;-1;-1;0;0;2;0;0;2;-1;0;0;0;0;0;0;0;0;0;0;0;0;0;1;1;1;0;-1;-1;0;0;-1;-1;-1;-1;-1;-1;-1;-1;-1;0;10;10;55;78;10;68;65;10;8.65;7.1;3.25;1.53;Cobh Ramblers;Galway United;0.93;1.87;0.5;1.4;0.2;1.36;100;90;90;45;23;78;78;58;0;0;0;457;28;Y;Y;Y;Y;Y;Y;Y
119371;2064;2057;2014;complete;650;12;-1;24,79;6,35,83;2;3;5;2;4;6;1;2;0;2;0;0;4;7;2;8;6;15;13;13;50;50;0;2;0;0;0;0;0;0;0;0;0;0;0;0;0;0;0;0;0;0;0;0;0;0;0;0;0;0;0;0;0;0;0;0;0;0;0;0;0;0;0;0;0;0;0;0;0;0;0;0;0;0;0;0;0;0;0;0;0;0;0;0;0;0;0;0;0;0;0;0;5;1;2;1;1;2;3;2014-05-23 18:45:00;2057;0;35;13;35;0;-1;1;-1;-1;-1;-1;-1;-1;0;1;0;1;1;1;-1;0;0;0;0;0;0;0;0;0;0;0;0;0;1;1;0;1;-1;-1;0;0;-1;-1;-1;-1;-1;-1;-1;-1;-1;13;13;35;45;90;23;68;58;35;10.75;3.45;6.25;1.95;Waterford;Longford Town;1;2.29;1.4;1.5;1.27;1.56;88;88;65;55;10;59;59;46;0;0;0;457;28;Y;Y;Y;Y;Y;N;Y
119372;2054;2061;2014;complete;650;12;-1;67;47;1;1;2;6;3;9;2;3;2;3;1;0;4;4;5;7;9;11;11;13;49;51;4;3;0;0;0;0;0;0;0;0;0;0;0;0;0;0;0;0;0;0;0;0;0;0;0;0;0;0;0;0;0;0;0;0;0;0;0;0;0;0;0;0;0;0;0;0;0;0;0;0;0;0;0;0;0;0;0;0;0;0;0;0;0;0;0;0;0;0;0;0;2;0;0;1;1;2;0;2014-05-23 19:00:00;-1;0;30;0;20;0;-1;1;-1;-1;-1;-1;-1;-1;2;0;1;3;2;4;-1;0;0;0;0;0;0;0;0;0;0;0;0;0;1;1;0;0;-1;-1;0;0;-1;-1;-1;-1;-1;-1;-1;-1;-1;10;10;10;40;90;0;30;80;30;10.4;4.6;4.8;1.6;Finn Harps;Shelbourne;1.14;1.53;1.2;2;1.18;2.18;90;90;90;60;10;80;60;40;0;0;0;457;28;Y;Y;N;N;N;N;Y
119373;2065;2058;2014;complete;650;12;-1;;56,69;0;2;2;2;9;11;1;5;1;1;0;0;3;10;4;3;7;13;9;10;46;54;1;1;0;0;0;0;0;0;0;0;0;0;0;0;0;0;0;0;0;0;0;0;0;0;0;0;0;0;0;0;0;0;0;0;0;0;0;0;0;0;0;0;0;0;0;0;0;0;0;0;0;0;0;0;0;0;0;0;0;0;0;0;0;0;0;0;0;0;0;0;2;0;0;0;2;2;0;2014-05-25 13:00:00;2058;0;65;0;55;0;-1;1;-1;-1;-1;-1;-1;-1;1;1;0;0;2;0;-1;0;0;0;0;0;0;0;0;1;0;1;0;0;1;1;0;0;-1;-1;0;0;-1;-1;-1;-1;-1;-1;-1;-1;-1;0;10;43;88;100;0;65;88;78;6.55;6.7;6.4;2.4;Shamrock Rovers Res.;Wexford;1;1.43;1.6;1.75;1.27;1.6;100;90;58;13;0;35;23;23;0;0;0;457;28;Y;Y;N;N;N;N;N
119374;2064;2062;2014;complete;650;13;-1;22,50,64,88;;4;0;4;10;0;10;2;4;3;1;0;1;11;3;12;2;23;5;20;13;61;39;3;3;0;0;0;0;0;0;0;0;0;0;0;0;0;0;0;0;0;0;0;0;0;0;0;0;0;0;0;0;0;0;0;0;0;0;0;0;0;0;0;0;0;0;0;0;0;0;0;0;0;0;0;0;0;0;0;0;0;0;0;0;0;0;0;0;0;0;0;0;4;1;0;3;0;3;1;2014-05-30 18:45:00;2064;0;33;17;25;0;-1;1;-1;-1;-1;-1;-1;-1;1;1;2;1;2;3;-1;0;0;0;0;0;0;0;0;0;0;0;0;0;1;1;0;0;-1;-1;0;0;-1;-1;-1;-1;-1;-1;-1;-1;-1;25;42;50;75;92;50;84;59;42;9.5;3.5;4.1;2.84;Waterford;Cobh Ramblers;1;0.07;1.17;0;1.17;0.18;75;58;50;25;9;67;59;59;0;0;0;457;28;Y;Y;Y;Y;N;N;N
119375;2061;2052;2014;complete;650;13;-1;22,35;3,26,52,65;2;4;6;4;5;9;3;3;2;2;0;0;2;2;3;3;5;5;13;11;57;43;2;2;0;0;0;0;0;0;0;0;0;0;0;0;0;0;0;0;0;0;0;0;0;0;0;0;0;0;0;0;0;0;0;0;0;0;0;0;0;0;0;0;0;0;0;0;0;0;0;0;0;0;0;0;0;0;0;0;0;0;0;0;0;0;0;0;0;0;0;0;6;2;2;0;2;2;4;2014-05-30 19:00:00;2052;0;50;25;25;0;-1;1;-1;-1;-1;-1;-1;-1;1;1;1;1;2;2;-1;0;0;0;0;0;0;0;0;0;0;0;0;0;1;1;0;1;-1;-1;0;0;-1;-1;-1;-1;-1;-1;-1;-1;-1;25;33;33;75;83;42;67;75;42;9.5;5.83;3.67;2.67;Shelbourne;Galway United;1.93;1.87;2.33;1.67;2.08;1.5;75;67;67;25;17;67;67;50;0;0;0;457;30;Y;Y;Y;Y;Y;Y;Y
119376;2058;2054;2014;complete;650;13;-1;12,56;58,90;2;2;4;2;3;5;4;0;1;3;0;1;6;4;2;7;8;11;18;21;51;49;1;5;0;0;0;0;0;0;0;0;0;0;0;0;0;0;0;0;0;0;0;0;0;0;0;0;0;0;0;0;0;0;0;0;0;0;0;0;0;0;0;0;0;0;0;0;0;0;0;0;0;0;0;0;0;0;0;0;0;0;0;0;0;0;0;0;0;0;0;0;4;1;0;1;2;3;1;2014-05-30 19:00:00;-1;0;34;9;25;0;-1;1;-1;-1;-1;-1;-1;-1;0;1;1;3;1;4;-1;0;0;0;0;0;0;0;0;0;0;0;0;0;1;1;0;0;-1;-1;0;0;-1;-1;-1;-1;-1;-1;-1;-1;-1;17;25;34;67;100;25;75;75;33;9.7;3.16;4.84;2.42;Wexford;Finn Harps;1.86;1.14;1.5;1.17;1.73;1.17;84;75;67;34;0;72;55;39;0;0;0;457;28;Y;Y;Y;Y;N;N;Y
119377;2057;2065;2014;complete;650;13;-1;16,41,44,46,74,85;;6;0;6;7;1;8;3;6;2;1;0;0;10;8;9;0;19;8;11;8;58;42;2;1;0;0;0;0;0;0;0;0;0;0;0;0;0;0;0;0;0;0;0;0;0;0;0;0;0;0;0;0;0;0;0;0;0;0;0;0;0;0;0;0;0;0;0;0;0;0;0;0;0;0;0;0;0;0;0;0;0;0;0;0;0;0;0;0;0;0;0;0;6;3;0;3;0;3;3;2014-05-30 19:00:00;2057;0;27;10;19;0;-1;1;-1;-1;-1;-1;-1;-1;0;0;2;1;0;3;-1;0;0;0;0;0;0;0;1;0;1;0;0;0;1;1;0;0;-1;-1;0;0;-1;-1;-1;-1;-1;-1;-1;-1;-1;9;19;19;37;74;29;65;35;19;11.4;2.7;2.6;1.55;Longford Town;Shamrock Rovers Res.;2;0.86;1.6;1;1.7;1.17;92;82;82;64;27;80;60;60;0;0;0;457;28;Y;Y;Y;Y;Y;Y;N
119378;2062;2057;2014;complete;650;4;-1;;;0;0;0;1;5;6;4;2;0;0;0;0;3;13;4;8;7;21;17;11;46;54;0;0;0;0;0;0;0;0;0;0;0;0;0;0;0;0;0;0;0;0;0;0;0;0;0;0;0;0;0;0;0;0;0;0;0;0;0;0;0;0;0;0;0;0;0;0;0;0;0;0;0;0;0;0;0;0;0;0;0;0;0;0;0;0;0;0;0;0;0;0;0;0;0;0;0;0;0;2014-06-02 14:00:00;-1;0;50;30;30;0;-1;-1;-1;-1;-1;-1;-1;-1;0;0;0;0;0;0;-1;0;0;0;0;0;0;0;0;0;0;0;0;0;1;1;0;0;-1;-1;-1;-1;-1;-1;-1;-1;-1;-1;-1;-1;-1;30;30;40;60;90;30;80;70;40;8.4;5.8;4.4;2.6;Cobh Ramblers;Longford Town;0.93;2.29;0.4;1.8;0.17;1.82;70;70;60;40;10;50;50;40;0;0;0;457;28;N;N;N;N;N;N;N
119379;2065;2064;2014;complete;650;14;-1;;87;0;1;1;3;7;10;0;3;1;0;0;0;7;8;5;3;12;11;10;11;50;50;1;0;0;0;0;0;0;0;0;0;0;0;0;0;0;0;0;0;0;0;0;0;0;0;0;0;0;0;0;0;0;0;0;0;0;0;0;0;0;0;0;0;0;0;0;0;0;0;0;0;0;0;0;0;0;0;0;0;0;0;0;0;0;0;0;0;0;0;0;0;1;0;0;0;1;1;0;2014-06-03 18:45:00;2064;0;50;0;42;0;-1;1;-1;-1;-1;-1;-1;-1;1;0;0;0;1;0;-1;0;0;0;0;0;0;0;0;0;0;0;0;0;1;1;0;0;-1;-1;0;0;-1;-1;-1;-1;-1;-1;-1;-1;-1;9;25;42;75;75;9;59;75;58;8.34;6;3.5;2.34;Shamrock Rovers Res.;Waterford;1;0.79;1.33;1.17;1.08;1.31;92;75;59;25;25;50;42;42;0;0;0;457;28;Y;N;N;N;N;N;N
119380;2062;2061;2014;complete;650;14;-1;59,85;38,61;2;2;4;11;2;13;1;0;0;3;0;0;6;6;6;4;12;10;13;11;55;45;0;3;0;0;0;0;0;0;0;0;0;0;0;0;0;0;0;0;0;0;0;0;0;0;0;0;0;0;0;0;0;0;0;0;0;0;0;0;0;0;0;0;0;0;0;0;0;0;0;0;0;0;0;0;0;0;0;0;0;0;0;0;0;0;0;0;0;0;0;0;4;0;1;2;1;3;1;2014-06-13 18:45:00;-1;0;33;9;17;0;-1;1;-1;-1;-1;-1;-1;-1;0;3;0;0;3;0;-1;0;0;0;0;0;0;0;0;0;0;0;0;0;1;1;0;0;-1;-1;0;1;-1;-1;-1;-1;-1;-1;-1;-1;-1;9;9;9;42;84;9;42;67;25;6.66;5.5;3.5;1.58;Cobh Ramblers;Shelbourne;0.93;1.53;0.5;1.83;0.23;1.92;92;92;92;59;17;67;50;42;0;0;0;457;28;Y;Y;Y;Y;N;N;Y
119381;2052;2058;2014;complete;650;14;-1;25;;1;0;1;4;2;6;3;2;1;2;0;0;9;3;9;8;18;11;14;12;52;48;1;2;0;0;0;0;0;0;0;0;0;0;0;0;0;0;0;0;0;0;0;0;0;0;0;0;0;0;0;0;0;0;0;0;0;0;0;0;0;0;0;0;0;0;0;0;0;0;0;0;0;0;0;0;0;0;0;0;0;0;0;0;0;0;0;0;0;0;0;0;1;1;0;0;0;0;1;2014-06-13 18:45:00;2052;0;29;0;29;0;-1;1;-1;-1;-1;-1;-1;-1;0;0;1;2;0;3;-1;0;0;0;0;0;0;0;0;0;0;0;0;0;1;1;0;0;-1;-1;0;0;-1;-1;-1;-1;-1;-1;-1;-1;-1;0;9;19;65;92;9;37;82;57;13.3;5.5;5.2;1.84;Galway United;Wexford;1.8;1.43;1.33;2;1.62;1.67;100;92;82;35;9;72;54;45;0;0;0;457;28;Y;N;N;N;N;N;N
119382;2054;2057;2014;complete;650;14;-1;;85;0;1;1;4;4;8;3;3;1;2;0;0;0;3;7;7;7;10;15;12;50;50;1;2;0;0;0;0;0;0;0;0;0;0;0;0;0;0;0;0;0;0;0;0;0;0;0;0;0;0;0;0;0;0;0;0;0;0;0;0;0;0;0;0;0;0;0;0;0;0;0;0;0;0;0;0;0;0;0;0;0;0;0;0;0;0;0;0;0;0;0;0;1;0;0;0;1;1;0;2014-06-13 19:00:00;2057;0;50;17;42;0;-1;1;-1;-1;-1;-1;-1;-1;0;2;1;0;2;1;-1;0;0;0;0;0;0;0;0;0;0;0;0;0;1;1;0;0;-1;-1;0;0;-1;-1;-1;-1;-1;-1;-1;-1;-1;25;25;34;59;83;17;50;75;50;11.5;5;5.33;2.25;Finn Harps;Longford Town;1.14;2.29;1.17;1.67;1.15;1.75;75;75;67;42;17;58;42;25;0;0;0;457;28;Y;N;N;N;N;N;N
119383;2052;2057;2014;complete;650;15;-1;;10,40,60;0;3;3;4;4;8;5;1;0;0;0;0;6;4;8;7;14;11;5;12;59;41;0;0;0;0;0;0;0;0;0;0;0;0;0;0;0;0;0;0;0;0;0;0;0;0;0;0;0;0;0;0;0;0;0;0;0;0;0;0;0;0;0;0;0;0;0;0;0;0;0;0;0;0;0;0;0;0;0;0;0;0;0;0;0;0;0;0;0;0;0;0;3;0;2;0;1;1;2;2014-06-27 18:45:00;2057;0;29;15;29;0;-1;-1;-1;-1;-1;-1;-1;-1;0;0;0;0;0;0;-1;0;0;0;0;0;0;0;0;0;0;0;0;0;1;1;0;1;-1;-1;-1;-1;-1;-1;-1;-1;-1;-1;-1;-1;-1;15;22;29;43;86;22;50;71;36;12.43;4.86;3.29;1.93;Galway United;Longford Town;1.8;2.29;1.57;1.86;1.71;1.85;86;79;72;57;14;50;43;29;0;0;0;457;28;Y;Y;Y;N;N;N;N
119384;2054;2064;2014;complete;650;15;-1;53;;1;0;1;10;3;13;1;2;0;0;0;0;5;4;9;4;14;8;13;16;54;46;0;0;0;0;0;0;0;0;0;0;0;0;0;0;0;0;0;0;0;0;0;0;0;0;0;0;0;0;0;0;0;0;0;0;0;0;0;0;0;0;0;0;0;0;0;0;0;0;0;0;0;0;0;0;0;0;0;0;0;0;0;0;0;0;0;0;0;0;0;0;1;0;0;1;0;1;0;2014-06-27 19:00:00;2054;0;36;0;29;0;-1;-1;-1;-1;-1;-1;-1;-1;0;0;0;0;0;0;-1;0;0;0;0;0;0;0;0;0;0;0;0;0;1;1;0;0;-1;-1;-1;-1;-1;-1;-1;-1;-1;-1;-1;-1;-1;14;22;22;50;72;7;36;72;36;12.29;5.29;4.57;1.86;Finn Harps;Waterford;1.14;0.79;1;1.43;1.07;1.43;86;79;79;50;29;71;50;36;0;0;0;457;28;Y;N;N;N;N;N;N
119385;2061;2058;2014;complete;650;15;-1;4,32,41;;3;0;3;7;3;10;2;1;1;3;1;1;5;4;7;11;12;15;15;16;57;43;2;4;0;0;0;0;0;0;0;0;0;0;0;0;0;0;0;0;0;0;0;0;0;0;0;0;0;0;0;0;0;0;0;0;0;0;0;0;0;0;0;0;0;0;0;0;0;0;0;0;0;0;0;0;0;0;0;0;0;0;0;0;0;0;0;0;0;0;0;0;3;3;0;0;0;0;3;2014-06-27 19:00:00;2061;0;38;15;31;0;-1;1;-1;-1;-1;-1;-1;-1;0;2;2;2;2;4;-1;0;0;0;0;0;0;0;1;0;1;0;0;0;1;1;1;0;-1;-1;0;0;-1;-1;-1;-1;-1;-1;-1;-1;-1;22;22;30;77;93;29;61;69;62;9.19;5.4;5.83;2.56;Shelbourne;Wexford;1.93;1.43;2;1.67;1.86;1.54;79;79;70;24;7;61;45;45;0;0;0;457;28;Y;Y;Y;N;N;N;N
119386;2062;2065;2014;complete;650;15;-1;50,56,59;;3;0;3;4;3;7;5;4;4;2;0;1;7;4;5;5;12;9;6;12;59;41;4;4;0;0;0;0;0;0;0;0;0;0;0;0;0;0;0;0;0;0;0;0;0;0;0;0;0;0;0;0;0;0;0;0;0;0;0;0;0;0;0;0;0;0;0;0;0;0;0;0;0;0;0;0;0;0;0;0;0;0;0;0;0;0;0;0;0;0;0;0;3;0;0;3;0;3;0;2014-06-28 18:45:00;2062;0;36;7;14;0;-1;1;-1;-1;-1;-1;-1;-1;1;1;3;2;2;5;-1;0;0;0;0;0;0;0;1;0;1;0;0;0;1;1;0;0;-1;-1;0;0;-1;-1;-1;-1;-1;-1;-1;-1;-1;22;29;29;50;71;22;64;57;29;8.43;4.58;2.64;2.14;Cobh Ramblers;Shamrock Rovers Res.;0.93;0.86;0.57;0.86;0.29;1;79;71;71;50;29;62;54;54;0;0;0;457;28;Y;Y;Y;N;N;N;N
119387;2064;2052;2014;complete;650;16;-1;80;4;1;1;2;1;4;5;2;7;2;1;1;0;4;4;5;6;9;10;14;7;54;46;3;1;0;0;0;0;0;0;0;0;0;0;0;0;0;0;0;0;0;0;0;0;0;0;0;0;0;0;0;0;0;0;0;0;0;0;0;0;0;0;0;0;0;0;0;0;0;0;0;0;0;0;0;0;0;0;0;0;0;0;0;0;0;0;0;0;0;0;0;0;2;0;1;1;0;1;1;2014-07-04 18:45:00;-1;0;50;29;22;0;-1;1;-1;-1;-1;-1;-1;-1;1;1;2;0;2;2;-1;0;0;0;0;0;0;0;0;0;0;0;0;0;1;1;0;1;-1;-1;0;0;-1;-1;-1;-1;-1;-1;-1;-1;-1;22;36;43;64;86;36;71;72;43;10.57;4.58;4.38;2.65;Waterford;Galway United;1;1.87;1.43;1.86;1.33;1.6;79;64;57;36;14;66;59;35;0;0;0;457;28;Y;Y;N;N;N;N;Y
119388;2058;2062;2014;complete;650;16;-1;16,63;26;2;1;3;5;7;12;3;1;2;1;1;0;4;3;7;8;11;11;14;11;50;50;4;1;0;0;0;0;0;0;0;0;0;0;0;0;0;0;0;0;0;0;0;0;0;0;0;0;0;0;0;0;0;0;0;0;0;0;0;0;0;0;0;0;0;0;0;0;0;0;0;0;0;0;0;0;0;0;0;0;0;0;0;0;0;0;0;0;0;0;0;0;3;1;1;1;0;1;2;2014-07-04 19:00:00;2058;0;43;14;29;0;-1;1;-1;-1;-1;-1;-1;-1;1;0;2;1;1;3;-1;0;0;0;0;0;0;0;0;0;0;0;0;0;1;1;0;0;-1;-1;0;0;-1;-1;-1;-1;-1;-1;-1;-1;-1;29;64;64;79;100;43;86;79;50;8;4.71;3.71;3.36;Wexford;Cobh Ramblers;1.86;0.07;1.43;0;1.43;0.47;71;36;36;22;0;79;57;36;0;0;0;457;28;Y;Y;Y;N;N;N;Y
119389;2057;2061;2014;complete;650;16;-1;64,78,80;;3;0;3;3;3;6;3;2;0;0;1;1;6;3;9;2;15;5;10;8;62;38;2;2;0;0;0;0;0;0;0;0;0;0;0;0;0;0;0;0;0;0;0;0;0;0;0;0;0;0;0;0;0;0;0;0;0;0;0;0;0;0;0;0;0;0;0;0;0;0;0;0;0;0;0;0;0;0;0;0;0;0;0;0;0;0;0;0;0;0;0;0;3;0;0;3;0;3;0;2014-07-05 18:30:00;2057;0;30;9;30;0;-1;1;-1;-1;-1;-1;-1;-1;0;0;1;1;0;2;-1;0;0;0;0;0;0;0;0;0;0;0;0;0;1;1;0;0;-1;-1;0;0;-1;-1;-1;-1;-1;-1;-1;-1;-1;9;24;24;47;92;25;56;60;38;9.97;3.9;3.46;2.02;Longford Town;Shelbourne;2;1.53;1.83;1.71;1.93;1.93;92;77;77;54;9;77;54;47;0;0;0;457;28;Y;Y;Y;N;N;N;N
119390;2065;2054;2014;complete;650;16;-1;;10;0;1;1;5;4;9;1;1;2;4;1;2;7;11;1;7;8;18;12;15;54;46;4;7;0;0;0;0;0;0;0;0;0;0;0;0;0;0;0;0;0;0;0;0;0;0;0;0;0;0;0;0;0;0;0;0;0;0;0;0;0;0;0;0;0;0;0;0;0;0;0;0;0;0;0;0;0;0;0;0;0;0;0;0;0;0;0;0;0;0;0;0;1;0;1;0;0;0;1;2014-07-06 13:00:00;2054;0;43;0;36;0;-1;1;-1;-1;-1;-1;-1;-1;1;2;2;4;3;6;-1;0;0;0;0;0;0;0;0;0;0;0;0;0;1;1;0;1;-1;-1;0;0;-1;-1;-1;-1;-1;-1;-1;-1;-1;0;14;36;86;100;7;72;86;57;7.54;4.28;4.29;2.36;Shamrock Rovers Res.;Finn Harps;1;1.14;1.14;1.14;0.93;1.2;100;86;64;14;0;47;47;40;0;0;0;457;28;Y;N;N;N;N;N;N
119391;2052;2065;2014;complete;650;17;-1;4,16,54,85,86;;5;0;5;12;4;16;3;3;1;2;0;0;11;5;7;3;18;8;12;11;57;43;1;2;0;0;0;0;0;0;0;0;0;0;0;0;0;0;0;0;0;0;0;0;0;0;0;0;0;0;0;0;0;0;0;0;0;0;0;0;0;0;0;0;0;0;0;0;0;0;0;0;0;0;0;0;0;0;0;0;0;0;0;0;0;0;0;0;0;0;0;0;5;2;0;3;0;3;2;2014-07-11 18:45:00;2052;0;19;0;13;0;-1;1;-1;-1;-1;-1;-1;-1;0;0;1;2;0;3;-1;0;0;0;0;0;0;0;0;0;0;0;0;0;1;1;1;0;-1;-1;0;0;-1;-1;-1;-1;-1;-1;-1;-1;-1;13;19;32;50;82;25;50;69;32;11.24;4.51;2.74;2;Galway United;Shamrock Rovers Res.;1.8;0.86;1.38;0.75;1.56;0.88;88;82;69;50;19;60;47;41;0;0;0;457;28;Y;Y;Y;Y;Y;N;N
119392;2054;2062;2014;complete;650;17;-1;;;0;0;0;5;1;6;1;7;5;3;0;0;7;2;7;2;14;4;19;13;56;44;5;3;0;0;0;0;0;0;0;0;0;0;0;0;0;0;0;0;0;0;0;0;0;0;0;0;0;0;0;0;0;0;0;0;0;0;0;0;0;0;0;0;0;0;0;0;0;0;0;0;0;0;0;0;0;0;0;0;0;0;0;0;0;0;0;0;0;0;0;0;0;0;0;0;0;0;0;2014-07-11 19:00:00;-1;0;38;13;19;0;-1;1;-1;-1;-1;-1;-1;-1;2;2;3;1;4;4;-1;0;0;0;0;0;0;0;0;0;0;0;0;0;1;1;0;0;-1;-1;0;0;-1;-1;-1;-1;-1;-1;-1;-1;-1;19;38;44;75;94;32;63;82;44;11.13;5.01;4.01;2.69;Finn Harps;Cobh Ramblers;1.14;0.07;1.25;0;1.31;0.44;82;63;57;25;7;82;63;51;0;0;0;457;28;N;N;N;N;N;N;N
119393;2061;2064;2014;complete;650;17;-1;14,63,78;75;3;1;4;7;3;10;6;2;0;2;0;0;5;3;5;3;10;6;5;15;58;42;0;2;0;0;0;0;0;0;0;0;0;0;0;0;0;0;0;0;0;0;0;0;0;0;0;0;0;0;0;0;0;0;0;0;0;0;0;0;0;0;0;0;0;0;0;0;0;0;0;0;0;0;0;0;0;0;0;0;0;0;0;0;0;0;0;0;0;0;0;0;4;1;0;2;1;3;1;2014-07-11 19:00:00;2061;0;32;13;25;0;-1;1;-1;-1;-1;-1;-1;-1;0;2;0;0;2;0;-1;0;0;0;0;0;0;0;0;0;0;0;0;0;1;1;0;0;-1;-1;0;0;-1;-1;-1;-1;-1;-1;-1;-1;-1;26;32;38;63;76;38;57;63;38;10.63;4.88;3.63;2.5;Shelbourne;Waterford;1.93;0.79;2.13;1.25;1.81;1.31;76;69;63;38;26;75;63;50;0;0;0;457;28;Y;Y;Y;Y;N;N;Y
119394;2058;2057;2014;complete;650;17;-1;;24,42;0;2;2;2;8;10;3;2;2;0;0;0;4;6;4;9;8;15;9;9;41;59;2;0;0;0;0;0;0;0;0;0;0;0;0;0;0;0;0;0;0;0;0;0;0;0;0;0;0;0;0;0;0;0;0;0;0;0;0;0;0;0;0;0;0;0;0;0;0;0;0;0;0;0;0;0;0;0;0;0;0;0;0;0;0;0;0;0;0;0;0;0;2;0;2;0;0;0;2;2014-07-11 19:00:00;2057;0;51;25;38;0;-1;1;-1;-1;-1;-1;-1;-1;0;0;2;0;0;2;-1;0;0;0;0;0;0;0;0;0;0;0;0;0;1;1;0;0;-1;-1;0;0;-1;-1;-1;-1;-1;-1;-1;-1;-1;25;38;57;57;94;38;69;82;38;8.75;4.38;4.25;2.69;Wexford;Longford Town;1.86;2.29;1.63;2;1.53;2;75;63;44;44;7;50;38;19;0;0;0;457;28;Y;Y;N;N;N;N;N
119395;2064;2058;2014;complete;650;18;-1;;11,26,30;0;3;3;7;5;12;0;6;1;0;0;0;4;4;7;5;11;9;11;12;54;46;1;0;0;0;0;0;0;0;0;0;0;0;0;0;0;0;0;0;0;0;0;0;0;0;0;0;0;0;0;0;0;0;0;0;0;0;0;0;0;0;0;0;0;0;0;0;0;0;0;0;0;0;0;0;0;0;0;0;0;0;0;0;0;0;0;0;0;0;0;0;3;0;3;0;0;0;3;2014-07-18 18:45:00;2058;0;34;7;27;0;-1;1;-1;-1;-1;-1;-1;-1;0;0;1;0;0;1;-1;0;0;0;0;0;0;0;0;0;0;0;0;0;1;1;0;0;-1;-1;0;0;-1;-1;-1;-1;-1;-1;-1;-1;-1;7;13;34;67;94;20;66;60;48;9.31;3.95;6.57;2.13;Waterford;Wexford;1;1.43;1.38;1.43;1.24;1.44;94;88;67;34;7;54;47;31;0;0;0;457;28;Y;Y;Y;N;N;N;N
119396;2054;2052;2014;complete;650;18;-1;;;0;0;0;6;8;14;6;1;1;0;0;0;2;2;6;10;8;12;13;12;48;52;1;0;0;0;0;0;0;0;0;0;0;0;0;0;0;0;0;0;0;0;0;0;0;0;0;0;0;0;0;0;0;0;0;0;0;0;0;0;0;0;0;0;0;0;0;0;0;0;0;0;0;0;0;0;0;0;0;0;0;0;0;0;0;0;0;0;0;0;0;0;0;0;0;0;0;0;0;2014-07-18 19:00:00;-1;0;54;19;18;0;-1;1;-1;-1;-1;-1;-1;-1;0;0;1;0;0;1;-1;0;0;0;0;0;0;0;0;0;0;0;0;0;1;1;0;0;-1;-1;0;0;-1;-1;-1;-1;-1;-1;-1;-1;-1;18;25;25;60;83;19;49;83;36;11.17;6.19;4.3;2.22;Finn Harps;Galway United;1.14;1.87;1.22;1.75;1.29;1.65;82;76;76;41;18;65;47;29;0;0;0;457;28;N;N;N;N;N;N;N
119397;2062;2057;2014;complete;650;18;-1;;27,43,83;0;3;3;2;5;7;2;4;4;1;0;0;2;4;2;5;4;9;11;7;44;56;4;1;0;0;0;0;0;0;0;0;0;0;0;0;0;0;0;0;0;0;0;0;0;0;0;0;0;0;0;0;0;0;0;0;0;0;0;0;0;0;0;0;0;0;0;0;0;0;0;0;0;0;0;0;0;0;0;0;0;0;0;0;0;0;0;0;0;0;0;0;3;0;2;0;1;1;2;2014-07-19 18:45:00;2057;0;36;18;23;0;-1;1;-1;-1;-1;-1;-1;-1;1;0;3;1;1;4;-1;0;0;0;0;0;0;0;0;0;0;0;0;0;1;1;0;0;-1;-1;0;0;-1;-1;-1;-1;-1;-1;-1;-1;-1;18;24;41;60;82;29;65;65;36;9.27;5.61;3.28;2.29;Cobh Ramblers;Longford Town;0.93;2.29;0.88;2.11;0.47;2.06;83;77;60;41;18;42;42;31;0;0;0;457;28;Y;Y;Y;N;N;N;N
119398;2065;2061;2014;complete;650;18;-1;;21,33;0;2;2;3;1;4;1;4;3;2;0;0;4;3;4;3;8;6;14;14;54;46;3;2;0;0;0;0;0;0;0;0;0;0;0;0;0;0;0;0;0;0;0;0;0;0;0;0;0;0;0;0;0;0;0;0;0;0;0;0;0;0;0;0;0;0;0;0;0;0;0;0;0;0;0;0;0;0;0;0;0;0;0;0;0;0;0;0;0;0;0;0;2;0;2;0;0;0;2;2014-07-20 13:00:00;2061;0;44;0;38;0;-1;1;-1;-1;-1;-1;-1;-1;1;2;2;0;3;2;-1;0;0;0;0;0;0;0;0;0;0;0;0;0;1;1;0;0;-1;-1;0;1;-1;-1;-1;-1;-1;-1;-1;-1;-1;0;13;32;63;100;0;44;88;57;6.13;4.51;3.88;2.07;Shamrock Rovers Res.;Shelbourne;1;1.53;1;1.5;0.82;1.88;100;88;69;38;0;63;44;32;0;0;0;457;28;Y;Y;N;N;N;N;N
119399;2057;2058;2014;complete;650;10;-1;12,19,25;30,40;3;2;5;7;5;12;1;2;1;1;0;1;6;4;11;3;17;7;12;9;62;38;1;3;0;0;0;0;0;0;0;0;0;0;0;0;0;0;0;0;0;0;0;0;0;0;0;0;0;0;0;0;0;0;0;0;0;0;0;0;0;0;0;0;0;0;0;0;0;0;0;0;0;0;0;0;0;0;0;0;0;0;0;0;0;0;0;0;0;0;0;0;5;3;2;0;0;0;5;2014-07-22 19:00:00;2057;0;20;7;20;0;-1;1;-1;-1;-1;-1;-1;-1;1;1;0;1;2;1;-1;0;0;0;0;0;0;0;0;1;0;1;0;0;1;1;0;0;-1;-1;0;0;-1;-1;-1;-1;-1;-1;-1;-1;-1;7;15;41;66;93;34;67;47;47;10.54;5.43;4.67;2.28;Longford Town;Wexford;2;1.43;2;1.63;2.12;1.53;93;86;60;34;7;60;47;41;0;0;0;457;28;Y;Y;Y;Y;Y;N;Y
119400;2052;2062;2014;complete;650;19;-1;1,17,19,84;27;4;1;5;7;6;13;0;5;1;1;0;0;4;3;6;4;10;7;13;3;50;50;1;1;0;0;0;0;0;0;0;0;0;0;0;0;0;0;0;0;0;0;0;0;0;0;0;0;0;0;0;0;0;0;0;0;0;0;0;0;0;0;0;0;0;0;0;0;0;0;0;0;0;0;0;0;0;0;0;0;0;0;0;0;0;0;0;0;0;0;0;0;5;3;1;1;0;1;4;2014-07-25 18:45:00;2052;0;22;11;11;0;-1;1;-1;-1;-1;-1;-1;-1;1;0;0;1;1;1;-1;0;0;0;0;0;0;0;0;1;0;1;0;0;1;1;1;0;-1;-1;0;0;-1;-1;-1;-1;-1;-1;-1;-1;-1;17;39;50;73;89;45;73;73;39;11.78;5.78;2.67;2.67;Galway United;Cobh Ramblers;1.8;0.07;1.56;0.11;1.61;0.44;84;61;50;28;11;73;62;50;0;0;0;457;28;Y;Y;Y;Y;Y;N;Y
119401;2061;2054;2014;complete;650;19;-1;61;33;1;1;2;4;0;4;6;3;3;2;0;0;9;6;6;3;15;9;10;17;56;44;3;2;0;0;0;0;0;0;0;0;0;0;0;0;0;0;0;0;0;0;0;0;0;0;0;0;0;0;0;0;0;0;0;0;0;0;0;0;0;0;0;0;0;0;0;0;0;0;0;0;0;0;0;0;0;0;0;0;0;0;0;0;0;0;0;0;0;0;0;0;2;0;1;1;0;1;1;2014-07-25 19:00:00;-1;0;35;11;29;0;-1;1;-1;-1;-1;-1;-1;-1;1;1;2;1;2;3;-1;0;0;0;0;0;0;0;1;0;1;0;0;0;1;1;0;0;-1;-1;0;0;-1;-1;-1;-1;-1;-1;-1;-1;-1;17;29;41;82;95;35;83;65;47;10.04;4.02;5.28;2.73;Shelbourne;Finn Harps;1.93;1.14;2.22;1.38;1.94;1.28;84;72;60;18;6;68;55;44;0;0;0;457;28;Y;Y;N;N;N;N;Y
119402;2058;2065;2014;complete;650;19;-1;58,90;;2;0;2;9;3;12;4;1;1;0;0;0;4;4;4;4;8;8;8;10;50;50;1;0;0;0;0;0;0;0;0;0;0;0;0;0;0;0;0;0;0;0;0;0;0;0;0;0;0;0;0;0;0;0;0;0;0;0;0;0;0;0;0;0;0;0;0;0;0;0;0;0;0;0;0;0;0;0;0;0;0;0;0;0;0;0;0;0;0;0;0;0;2;0;0;2;0;2;0;2014-07-25 19:00:00;2058;0;39;11;22;0;-1;1;-1;-1;-1;-1;-1;-1;0;0;1;0;0;1;-1;0;0;0;0;0;0;0;0;0;0;0;0;0;1;1;0;0;-1;-1;0;0;-1;-1;-1;-1;-1;-1;-1;-1;-1;28;39;50;62;89;39;67;73;39;7.88;4.11;4.1;2.73;Wexford;Shamrock Rovers Res.;1.86;0.86;1.44;0.67;1.44;0.78;73;62;50;39;11;71;53;36;0;0;0;457;28;Y;Y;N;N;N;N;N
119403;2057;2064;2014;complete;650;19;-1;45,70,83;15;3;1;4;5;0;5;5;2;2;1;0;0;7;2;5;1;12;3;7;11;63;37;2;1;0;0;0;0;0;0;0;0;0;0;0;0;0;0;0;0;0;0;0;0;0;0;0;0;0;0;0;0;0;0;0;0;0;0;0;0;0;0;0;0;0;0;0;0;0;0;0;0;0;0;0;0;0;0;0;0;0;0;0;0;0;0;0;0;0;0;0;0;4;1;1;2;0;2;2;2014-07-26 18:30:00;2057;0;29;13;23;0;-1;1;-1;-1;-1;-1;-1;-1;2;1;0;0;3;0;-1;0;0;0;0;0;0;0;0;0;0;0;0;0;1;1;0;0;-1;-1;2;0;-1;-1;-1;-1;-1;-1;-1;-1;-1;18;36;42;54;78;31;60;53;36;11.6;4.58;2.92;2.38;Longford Town;Waterford;2;0.79;2.13;1.11;2.17;1.17;82;65;59;47;23;71;59;47;0;0;0;457;28;Y;Y;Y;Y;N;N;Y
119404;2052;2061;2014;complete;650;20;-1;;60;0;1;1;7;4;11;4;2;0;3;0;0;6;2;8;4;14;6;12;12;49;51;0;3;0;0;0;0;0;0;0;0;0;0;0;0;0;0;0;0;0;0;0;0;0;0;0;0;0;0;0;0;0;0;0;0;0;0;0;0;0;0;0;0;0;0;0;0;0;0;0;0;0;0;0;0;0;0;0;0;0;0;0;0;0;0;0;0;0;0;0;0;1;0;0;0;1;1;0;2014-08-01 18:45:00;2061;0;27;5;22;0;-1;1;-1;-1;-1;-1;-1;-1;0;0;0;3;0;3;-1;0;0;0;0;0;0;0;0;0;0;0;0;0;1;1;0;0;-1;-1;0;0;-1;-1;-1;-1;-1;-1;-1;-1;-1;10;21;31;58;95;26;47;79;37;10.69;4.49;3.12;2.15;Galway United;Shelbourne;1.8;1.53;1.7;1.67;1.68;1.89;90;80;69;42;5;69;52;42;0;0;0;457;30;Y;N;N;N;N;N;N
119405;2054;2058;2014;complete;650;20;-1;2,57;16,77;2;2;4;5;4;9;3;1;3;2;1;0;5;3;3;3;8;6;11;18;54;46;5;2;0;0;0;0;0;0;0;0;0;0;0;0;0;0;0;0;0;0;0;0;0;0;0;0;0;0;0;0;0;0;0;0;0;0;0;0;0;0;0;0;0;0;0;0;0;0;0;0;0;0;0;0;0;0;0;0;0;0;0;0;0;0;0;0;0;0;0;0;4;1;1;1;1;2;2;2014-08-01 19:00:00;-1;0;32;6;21;0;-1;1;-1;-1;-1;-1;-1;-1;0;1;4;1;1;5;-1;0;0;0;0;0;0;0;0;1;0;1;0;0;1;1;1;0;-1;-1;0;1;-1;-1;-1;-1;-1;-1;-1;-1;-1;11;11;27;59;85;17;44;57;37;10.93;5.69;5.83;1.92;Finn Harps;Wexford;1.14;1.43;1.2;1.44;1.26;1.53;90;90;73;41;15;69;53;42;0;0;0;457;28;Y;Y;Y;Y;N;N;Y
119406;2065;2057;2014;complete;650;20;-1;;62,77,90;0;3;3;0;6;6;1;3;2;0;0;0;2;5;2;9;4;14;11;7;37;63;2;0;0;0;0;0;0;0;0;0;0;0;0;0;0;0;0;0;0;0;0;0;0;0;0;0;0;0;0;0;0;0;0;0;0;0;0;0;0;0;0;0;0;0;0;0;0;0;0;0;0;0;0;0;0;0;0;0;0;0;0;0;0;0;0;0;0;0;0;0;3;0;0;0;3;3;0;2014-08-01 19:00:00;2057;0;37;10;32;0;-1;1;-1;-1;-1;-1;-1;-1;1;0;1;0;1;1;-1;0;0;0;0;0;0;0;0;0;0;0;0;0;1;1;0;0;-1;-1;0;0;-1;-1;-1;-1;-1;-1;-1;-1;-1;10;16;42;69;95;31;69;74;43;7.9;4.97;3.48;2.31;Shamrock Rovers Res.;Longford Town;1;2.29;0.89;2.2;0.74;2.21;90;85;59;31;5;37;32;16;0;0;0;457;28;Y;Y;Y;N;N;N;N
119407;2062;2064;2014;complete;650;20;-1;27,53;31,90;2;2;4;2;5;7;6;1;2;3;0;1;4;5;4;10;8;15;9;11;48;52;2;4;0;0;0;0;0;0;0;0;0;0;0;0;0;0;0;0;0;0;0;0;0;0;0;0;0;0;0;0;0;0;0;0;0;0;0;0;0;0;0;0;0;0;0;0;0;0;0;0;0;0;0;0;0;0;0;0;0;0;0;0;0;0;0;0;0;0;0;0;4;1;1;1;1;2;2;2014-08-02 18:45:00;-1;0;37;11;21;0;-1;1;-1;-1;-1;-1;-1;-1;0;3;2;1;3;3;-1;0;0;0;0;0;0;0;0;0;0;0;0;0;1;1;0;0;-1;-1;0;0;-1;-1;-1;-1;-1;-1;-1;-1;-1;11;31;42;59;74;21;59;69;37;8.81;5.63;3.38;2.27;Cobh Ramblers;Waterford;0.93;0.79;0.78;1;0.42;1.11;90;69;58;42;26;57;52;42;0;0;0;457;28;Y;Y;Y;Y;N;N;Y
119408;2064;2065;2014;complete;650;21;-1;;76,90;0;2;2;-1;-1;-1;-1;-1;3;2;0;0;-1;-1;-1;-1;-1;-1;-1;-1;-1;-1;3;2;0;0;0;0;0;0;0;0;0;0;0;0;0;0;0;0;0;0;0;0;0;0;0;0;0;0;0;0;0;0;0;0;0;0;0;0;0;0;0;0;0;0;0;0;0;0;0;0;0;0;0;0;0;0;0;0;0;0;0;0;0;0;0;0;0;0;0;0;2;0;0;0;2;2;0;2014-08-08 18:45:00;2065;0;27;6;16;0;-1;1;-1;-1;-1;-1;-1;-1;1;0;2;2;1;4;-1;0;0;0;0;0;0;0;0;0;0;0;0;0;1;1;0;0;-1;-1;0;0;-1;-1;-1;-1;-1;-1;-1;-1;-1;21;26;42;64;85;32;64;63;42;9.21;2.92;4.17;2.42;Waterford;Shamrock Rovers Res.;1;0.86;1.22;0.6;1.1;0.7;80;74;58;37;16;62;57;50;0;0;0;457;28;Y;Y;N;N;N;N;N
119409;2061;2062;2014;complete;650;21;-1;1,16;;2;0;2;3;1;4;2;1;1;3;0;1;6;3;7;5;13;8;7;15;55;45;1;4;0;0;0;0;0;0;0;0;0;0;0;0;0;0;0;0;0;0;0;0;0;0;0;0;0;0;0;0;0;0;0;0;0;0;0;0;0;0;0;0;0;0;0;0;0;0;0;0;0;0;0;0;0;0;0;0;0;0;0;0;0;0;0;0;0;0;0;0;2;2;0;0;0;0;2;2014-08-08 19:00:00;2061;0;45;25;20;0;-1;1;-1;-1;-1;-1;-1;-1;1;1;0;3;2;3;-1;0;0;0;0;0;0;0;0;0;0;0;0;0;1;1;1;0;-1;-1;0;0;-1;-1;-1;-1;-1;-1;-1;-1;-1;30;50;60;90;90;55;85;70;45;9.3;6.3;3.6;3.3;Shelbourne;Cobh Ramblers;1.93;0.07;2.1;0.1;1.95;0.45;70;50;40;10;10;75;65;50;0;0;0;457;28;Y;Y;N;N;N;N;N
119410;2058;2052;2014;complete;650;21;-1;59,64;71;2;1;3;7;6;13;4;2;1;0;0;0;4;9;3;3;7;12;11;10;51;49;1;0;0;0;0;0;0;0;0;0;0;0;0;0;0;0;0;0;0;0;0;0;0;0;0;0;0;0;0;0;0;0;0;0;0;0;0;0;0;0;0;0;0;0;0;0;0;0;0;0;0;0;0;0;0;0;0;0;0;0;0;0;0;0;0;0;0;0;0;0;3;0;0;2;1;3;0;2014-08-08 19:00:00;2058;0;59;27;21;0;-1;1;-1;-1;-1;-1;-1;-1;1;0;0;0;1;0;-1;0;0;0;0;0;0;0;0;0;0;0;0;0;1;1;0;0;-1;-1;0;0;-1;-1;-1;-1;-1;-1;-1;-1;-1;21;37;42;69;89;37;69;79;37;9.39;5.94;3.54;2.68;Wexford;Galway United;1.86;1.87;1.6;1.67;1.5;1.6;79;64;59;32;11;74;58;32;0;0;0;457;28;Y;Y;Y;N;N;N;Y
119411;2057;2054;2014;complete;650;21;-1;;;0;0;0;8;3;11;0;1;1;1;0;1;4;6;7;2;11;8;10;16;54;46;1;2;0;0;0;0;0;0;0;0;0;0;0;0;0;0;0;0;0;0;0;0;0;0;0;0;0;0;0;0;0;0;0;0;0;0;0;0;0;0;0;0;0;0;0;0;0;0;0;0;0;0;0;0;0;0;0;0;0;0;0;0;0;0;0;0;0;0;0;0;0;0;0;0;0;0;0;2014-08-09 18:30:00;-1;0;33;17;17;0;-1;1;-1;-1;-1;-1;-1;-1;0;0;1;2;0;3;-1;0;0;0;0;0;0;0;0;0;0;0;0;0;1;1;0;0;-1;-1;0;0;-1;-1;-1;-1;-1;-1;-1;-1;-1;11;28;39;73;95;34;84;56;39;10.35;3.89;4.66;2.5;Longford Town;Finn Harps;2;1.14;2.22;1.33;2.25;1.25;89;73;61;28;6;53;41;41;0;0;0;457;28;N;N;N;N;N;N;N
119412;2064;2054;2014;complete;650;22;-1;;16,36;0;2;2;4;2;6;4;4;1;2;0;0;5;2;1;4;6;6;9;13;52;48;1;2;0;0;0;0;0;0;0;0;0;0;0;0;0;0;0;0;0;0;0;0;0;0;0;0;0;0;0;0;0;0;0;0;0;0;0;0;0;0;0;0;0;0;0;0;0;0;0;0;0;0;0;0;0;0;0;0;0;0;0;0;0;0;0;0;0;0;0;0;2;0;2;0;0;0;2;2014-08-15 18:45:00;2054;0;30;5;20;0;-1;1;-1;-1;-1;-1;-1;-1;0;0;1;2;0;3;-1;0;0;0;0;0;0;0;0;0;0;0;0;0;1;1;0;0;-1;-1;0;0;-1;-1;-1;-1;-1;-1;-1;-1;-1;5;15;30;70;90;20;75;60;35;9.43;2.3;5.76;2.1;Waterford;Finn Harps;1;1.14;1.1;1.3;1.05;1.24;95;85;70;30;10;57;51;44;0;0;0;457;28;Y;Y;N;N;N;N;N
119413;2058;2061;2014;complete;650;22;-1;47;14;1;1;2;9;7;16;0;1;0;0;0;0;4;3;6;2;10;5;12;11;51;49;0;0;0;0;0;0;0;0;0;0;0;0;0;0;0;0;0;0;0;0;0;0;0;0;0;0;0;0;0;0;0;0;0;0;0;0;0;0;0;0;0;0;0;0;0;0;0;0;0;0;0;0;0;0;0;0;0;0;0;0;0;0;0;0;0;0;0;0;0;0;2;0;1;1;0;1;1;2014-08-15 19:00:00;-1;0;43;9;33;0;-1;-1;-1;-1;-1;-1;-1;-1;0;0;0;0;0;0;-1;0;0;0;0;0;0;0;0;0;0;0;0;0;1;1;0;0;-1;-1;-1;-1;-1;-1;-1;-1;-1;-1;-1;-1;-1;9;23;38;62;100;23;47;81;43;7.73;4.54;4.3;2.31;Wexford;Shelbourne;1.86;1.53;1.73;1.8;1.57;2;91;77;63;39;0;76;57;38;0;0;0;457;28;Y;Y;N;N;N;N;Y
119414;2057;2052;2014;complete;650;22;-1;10;11,90;1;2;3;9;4;13;2;2;1;3;0;0;9;3;6;7;15;10;13;18;54;46;1;3;0;0;0;0;0;0;0;0;0;0;0;0;0;0;0;0;0;0;0;0;0;0;0;0;0;0;0;0;0;0;0;0;0;0;0;0;0;0;0;0;0;0;0;0;0;0;0;0;0;0;0;0;0;0;0;0;0;0;0;0;0;0;0;0;0;0;0;0;3;1;1;0;1;1;2;2014-08-16 18:30:00;2052;0;50;30;15;0;-1;1;-1;-1;-1;-1;-1;-1;0;0;1;3;0;4;-1;0;0;0;0;0;0;0;0;0;0;0;0;0;1;1;1;0;-1;-1;0;0;-1;-1;-1;-1;-1;-1;-1;-1;-1;20;35;45;65;80;40;65;60;40;11.4;5.6;2.6;2.6;Longford Town;Galway United;2;1.87;2.1;1.5;2.19;1.52;80;65;55;35;20;65;55;45;0;0;0;457;28;Y;Y;Y;N;N;N;Y
119415;2065;2062;2014;complete;650;22;-1;29,35,70,83,88,90;;6;0;6;4;4;8;2;1;2;0;0;1;3;7;4;2;7;9;13;9;49;51;2;2;0;0;0;0;0;0;0;0;0;0;0;0;0;0;0;0;0;0;0;0;0;0;0;0;0;0;0;0;0;0;0;0;0;0;0;0;0;0;0;0;0;0;0;0;0;0;0;0;0;0;0;0;0;0;0;0;0;0;0;0;0;0;0;0;0;0;0;0;6;2;0;4;0;4;2;2014-08-17 13:00:00;2065;0;38;14;20;0;-1;1;-1;-1;-1;-1;-1;-1;1;0;1;1;1;2;-1;0;0;0;0;0;0;0;1;0;1;0;0;0;1;1;0;0;-1;-1;0;0;-1;-1;-1;-1;-1;-1;-1;-1;-1;14;33;52;86;96;37;76;72;48;6.52;5.41;3.71;2.79;Shamrock Rovers Res.;Cobh Ramblers;1;0.07;0.8;0.09;0.81;0.43;87;68;48;15;5;57;47;38;0;0;0;457;28;Y;Y;Y;Y;Y;Y;N
119416;2061;2057;2014;complete;650;23;-1;;;0;0;0;5;5;10;0;1;1;1;0;0;3;5;9;3;12;8;7;13;50;50;1;1;0;0;0;0;0;0;0;0;0;0;0;0;0;0;0;0;0;0;0;0;0;0;0;0;0;0;0;0;0;0;0;0;0;0;0;0;0;0;0;0;0;0;0;0;0;0;0;0;0;0;0;0;0;0;0;0;0;0;0;0;0;0;0;0;0;0;0;0;0;0;0;0;0;0;0;2014-08-29 16:45:00;-1;0;36;18;27;0;-1;1;-1;-1;-1;-1;-1;-1;0;1;1;0;1;1;-1;0;0;0;0;0;0;0;0;0;0;0;0;0;1;1;0;0;-1;-1;0;0;-1;-1;-1;-1;-1;-1;-1;-1;-1;23;27;50;78;91;50;73;69;41;10;5.45;3.37;2.77;Shelbourne;Longford Town;1.93;2.29;2.18;2.27;1.95;2.09;78;73;50;23;9;46;41;23;0;0;0;457;28;N;N;N;N;N;N;N
119417;2052;2064;2014;complete;650;23;-1;40;;1;0;1;6;4;10;2;1;2;1;0;0;6;2;8;4;14;6;14;11;60;40;2;1;0;0;0;0;0;0;0;0;0;0;0;0;0;0;0;0;0;0;0;0;0;0;0;0;0;0;0;0;0;0;0;0;0;0;0;0;0;0;0;0;0;0;0;0;0;0;0;0;0;0;0;0;0;0;0;0;0;0;0;0;0;0;0;0;0;0;0;0;1;1;0;0;0;0;1;2014-08-29 18:45:00;2052;0;32;14;23;0;-1;1;-1;-1;-1;-1;-1;-1;0;1;2;0;1;2;-1;0;0;0;0;0;0;0;0;0;0;0;0;0;1;1;0;0;-1;-1;0;0;-1;-1;-1;-1;-1;-1;-1;-1;-1;14;36;41;55;82;32;55;78;36;12.46;4.91;2.64;2.32;Galway United;Waterford;1.8;0.79;1.55;1;1.59;1;87;64;60;45;18;69;60;46;0;0;0;457;28;Y;N;N;N;N;N;N
119418;2054;2065;2014;complete;650;23;-1;;31;0;1;1;4;2;6;3;3;4;3;0;1;7;4;8;2;15;6;15;16;55;45;4;5;0;0;0;0;0;0;0;0;0;0;0;0;0;0;0;0;0;0;0;0;0;0;0;0;0;0;0;0;0;0;0;0;0;0;0;0;0;0;0;0;0;0;0;0;0;0;0;0;0;0;0;0;0;0;0;0;0;0;0;0;0;0;0;0;0;0;0;0;1;0;1;0;0;0;1;2014-08-29 19:00:00;2065;0;27;5;18;0;-1;1;-1;-1;-1;-1;-1;-1;1;0;3;4;1;7;-1;0;0;0;0;0;0;0;0;1;0;1;0;0;1;1;0;0;-1;-1;0;0;-1;-1;-1;-1;-1;-1;-1;-1;-1;18;23;27;55;78;18;36;73;46;10.23;4.27;4.43;2.05;Finn Harps;Shamrock Rovers Res.;1.14;0.86;1.18;0.82;1.32;0.91;82;78;73;46;23;70;51;46;0;0;0;457;28;Y;N;N;N;N;N;N
119419;2062;2058;2014;complete;650;23;-1;6,19;56,90;2;2;4;5;10;15;2;2;4;1;0;0;3;4;4;4;7;8;12;2;39;61;4;1;0;0;0;0;0;0;0;0;0;0;0;0;0;0;0;0;0;0;0;0;0;0;0;0;0;0;0;0;0;0;0;0;0;0;0;0;0;0;0;0;0;0;0;0;0;0;0;0;0;0;0;0;0;0;0;0;0;0;0;0;0;0;0;0;0;0;0;0;4;2;0;0;2;2;2;2014-08-30 18:45:00;-1;0;40;20;25;0;-1;1;-1;-1;-1;-1;-1;-1;2;0;2;1;2;3;-1;0;0;0;0;0;0;0;0;0;0;0;0;0;1;1;1;0;-1;-1;0;0;-1;-1;-1;-1;-1;-1;-1;-1;-1;10;25;50;75;90;35;70;60;45;8.2;6.3;5;2.55;Cobh Ramblers;Wexford;0.93;1.43;0.8;1.4;0.41;1.55;90;75;50;25;10;55;45;40;0;0;0;457;28;Y;Y;Y;Y;N;N;Y
119420;2064;2061;2014;complete;650;24;-1;71;14,42,75;1;3;4;2;8;10;0;5;3;0;0;0;2;5;0;8;2;13;13;8;45;55;3;0;0;0;0;0;0;0;0;0;0;0;0;0;0;0;0;0;0;0;0;0;0;0;0;0;0;0;0;0;0;0;0;0;0;0;0;0;0;0;0;0;0;0;0;0;0;0;0;0;0;0;0;0;0;0;0;0;0;0;0;0;0;0;0;0;0;0;0;0;4;0;2;1;1;2;2;2014-09-05 18:45:00;2061;0;32;5;23;0;-1;1;-1;-1;-1;-1;-1;-1;1;0;2;0;1;2;-1;0;0;0;0;0;0;0;0;0;0;0;0;0;1;1;0;0;-1;-1;0;0;-1;-1;-1;-1;-1;-1;-1;-1;-1;5;14;27;64;96;23;55;69;36;8.61;3.09;4.49;2.05;Waterford;Shelbourne;1;1.53;1;1.73;0.96;1.91;96;87;73;36;5;62;53;42;0;0;0;457;28;Y;Y;Y;Y;N;N;Y
119421;2057;2058;2014;complete;650;24;-1;4,85;37,78;2;2;4;8;3;11;5;1;2;3;1;0;7;2;7;2;14;4;14;17;56;44;4;3;0;0;0;0;0;0;0;0;0;0;0;0;0;0;0;0;0;0;0;0;0;0;0;0;0;0;0;0;0;0;0;0;0;0;0;0;0;0;0;0;0;0;0;0;0;0;0;0;0;0;0;0;0;0;0;0;0;0;0;0;0;0;0;0;0;0;0;0;4;1;1;1;1;2;2;2014-09-06 18:30:00;-1;0;41;27;18;0;-1;1;-1;-1;-1;-1;-1;-1;1;1;2;2;2;4;-1;0;0;0;0;0;0;0;0;2;0;2;0;0;1;1;1;0;-1;-1;0;0;-1;-1;-1;-1;-1;-1;-1;-1;-1;14;32;55;73;91;50;73;50;46;11.46;4.91;4.27;2.69;Longford Town;Wexford;2;1.43;1.91;1.36;2.04;1.52;87;69;45;27;9;69;55;50;0;0;0;457;28;Y;Y;Y;Y;N;N;Y
119422;2062;2054;2014;complete;650;24;-1;31;;1;0;1;3;4;7;1;0;2;2;1;0;3;5;4;9;7;14;14;9;37;63;4;2;0;0;0;0;0;0;0;0;0;0;0;0;0;0;0;0;0;0;0;0;0;0;0;0;0;0;0;0;0;0;0;0;0;0;0;0;0;0;0;0;0;0;0;0;0;0;0;0;0;0;0;0;0;0;0;0;0;0;0;0;0;0;0;0;0;0;0;0;1;1;0;0;0;0;1;2014-09-06 18:45:00;2062;0;36;9;18;0;-1;1;-1;-1;-1;-1;-1;-1;0;1;3;1;1;4;-1;0;0;0;0;0;0;0;0;0;0;0;0;0;1;1;0;0;-1;-1;0;0;-1;-1;-1;-1;-1;-1;-1;-1;-1;5;23;37;73;87;27;78;64;36;7.8;5;5.09;2.28;Cobh Ramblers;Finn Harps;0.93;1.14;0.82;1.45;0.43;1.26;96;78;64;27;14;48;43;43;0;0;0;457;28;Y;N;N;N;N;N;N
119423;2065;2052;2014;complete;650;24;-1;;38,47,78;0;3;3;1;1;2;1;0;2;0;0;0;3;2;4;2;7;4;14;9;46;54;2;0;0;0;0;0;0;0;0;0;0;0;0;0;0;0;0;0;0;0;0;0;0;0;0;0;0;0;0;0;0;0;0;0;0;0;0;0;0;0;0;0;0;0;0;0;0;0;0;0;0;0;0;0;0;0;0;0;0;0;0;0;0;0;0;0;0;0;0;0;3;0;1;0;2;2;1;2014-09-07 13:00:00;2052;0;55;18;23;0;-1;1;-1;-1;-1;-1;-1;-1;0;0;2;0;0;2;-1;0;0;0;0;0;0;0;0;0;0;0;0;0;1;1;0;0;-1;-1;0;0;-1;-1;-1;-1;-1;-1;-1;-1;-1;14;23;45;78;91;27;64;82;50;7.73;5.63;3.27;2.64;Shamrock Rovers Res.;Galway United;1;1.87;1;1.64;1;1.65;87;78;55;23;9;55;46;32;0;0;0;457;28;Y;Y;Y;N;N;N;N
119424;2061;2065;2014;complete;650;25;-1;11,34,78;86,89;3;2;5;4;3;7;3;2;1;2;0;1;2;6;3;4;5;10;15;15;54;46;1;4;0;0;0;0;0;0;0;0;0;0;0;0;0;0;0;0;0;0;0;0;0;0;0;0;0;0;0;0;0;0;0;0;0;0;0;0;0;0;0;0;0;0;0;0;0;0;0;0;0;0;0;0;0;0;0;0;0;0;0;0;0;0;0;0;0;0;0;0;5;2;0;1;2;3;2;2014-09-19 19:00:00;2061;0;30;9;17;0;-1;1;-1;-1;-1;-1;-1;-1;0;0;1;3;0;4;-1;0;0;0;0;0;0;0;1;0;1;0;0;0;1;1;0;0;-1;-1;0;0;-1;-1;-1;-1;-1;-1;-1;-1;-1;25;29;38;71;83;38;63;63;46;8.6;4.41;3.75;2.58;Shelbourne;Shamrock Rovers Res.;1.93;0.86;2.08;1;1.96;0.96;75;71;63;30;17;64;54;42;0;0;0;457;28;Y;Y;Y;Y;Y;N;Y
119425;2058;2064;2014;complete;650;25;-1;6,67,74,87;;4;0;4;7;5;12;2;2;2;4;0;0;7;3;4;3;11;6;22;16;52;48;2;4;0;0;0;0;0;0;0;0;0;0;0;0;0;0;0;0;0;0;0;0;0;0;0;0;0;0;0;0;0;0;0;0;0;0;0;0;0;0;0;0;0;0;0;0;0;0;0;0;0;0;0;0;0;0;0;0;0;0;0;0;0;0;0;0;0;0;0;0;4;1;0;3;0;3;1;2014-09-19 19:00:00;2058;0;50;17;33;0;-1;1;-1;-1;-1;-1;-1;-1;0;2;2;2;2;4;-1;0;0;0;0;0;0;0;0;0;0;0;0;0;1;1;1;0;-1;-1;0;1;-1;-1;-1;-1;-1;-1;-1;-1;-1;13;38;46;63;88;29;63;75;42;9.75;4.5;3.58;2.5;Wexford;Waterford;1.86;0.79;1.67;0.92;1.5;0.92;88;63;54;38;13;75;63;38;0;0;0;457;28;Y;Y;Y;Y;N;N;N
119426;2057;2062;2014;complete;650;25;-1;39,57,69,86;18,63;4;2;6;7;1;8;1;1;1;5;0;0;5;0;2;3;7;3;9;15;57;43;1;5;0;0;0;0;0;0;0;0;0;0;0;0;0;0;0;0;0;0;0;0;0;0;0;0;0;0;0;0;0;0;0;0;0;0;0;0;0;0;0;0;0;0;0;0;0;0;0;0;0;0;0;0;0;0;0;0;0;0;0;0;0;0;0;0;0;0;0;0;6;1;1;3;1;4;2;2014-09-20 18:30:00;2057;0;38;34;13;0;-1;1;-1;-1;-1;-1;-1;-1;0;1;1;4;1;5;-1;0;0;0;0;0;0;0;0;0;0;0;0;0;1;1;0;0;-1;-1;0;0;-1;-1;-1;-1;-1;-1;-1;-1;-1;25;50;63;80;88;63;84;59;42;10.58;5.25;3.42;3.13;Longford Town;Cobh Ramblers;2;0.07;1.83;0.08;2;0.54;75;50;38;21;13;67;58;54;0;0;0;457;28;Y;Y;Y;Y;Y;Y;Y
119427;2052;2054;2014;complete;650;25;-1;7,56,59;;3;0;3;5;5;10;1;3;2;2;0;0;4;3;4;4;8;7;13;11;53;47;2;2;0;0;0;0;0;0;0;0;0;0;0;0;0;0;0;0;0;0;0;0;0;0;0;0;0;0;0;0;0;0;0;0;0;0;0;0;0;0;0;0;0;0;0;0;0;0;0;0;0;0;0;0;0;0;0;0;0;0;0;0;0;0;0;0;0;0;0;0;3;1;0;2;0;2;1;2014-09-20 18:45:00;2052;0;21;4;13;0;-1;1;-1;-1;-1;-1;-1;-1;1;0;1;2;1;3;-1;0;0;0;0;0;0;0;0;0;0;0;0;0;1;1;1;0;-1;-1;0;0;-1;-1;-1;-1;-1;-1;-1;-1;-1;9;17;25;59;92;25;71;63;25;11.4;4.09;3.92;2;Galway United;Finn Harps;1.8;1.14;1.67;1.33;1.71;1.21;92;84;75;42;8;60;52;43;0;0;0;457;28;Y;Y;Y;N;N;N;N
119428;2064;2057;2014;complete;650;26;-1;;25,45;0;2;2;3;6;9;2;3;2;1;0;0;4;9;3;9;7;18;14;10;35;65;2;1;0;0;0;0;0;0;0;0;0;0;0;0;0;0;0;0;0;0;0;0;0;0;0;0;0;0;0;0;0;0;0;0;0;0;0;0;0;0;0;0;0;0;0;0;0;0;0;0;0;0;0;0;0;0;0;0;0;0;0;0;0;0;0;0;0;0;0;0;2;0;2;0;0;0;2;2014-09-26 18:45:00;2057;0;29;13;25;0;-1;1;-1;-1;-1;-1;-1;-1;2;0;0;1;2;1;-1;0;0;0;0;0;0;0;0;0;0;0;0;0;1;1;0;0;-1;-1;0;0;-1;-1;-1;-1;-1;-1;-1;-1;-1;13;21;46;67;88;42;67;63;38;9.89;3.42;3.95;2.34;Waterford;Longford Town;1;2.29;0.92;2.17;0.88;2.04;88;79;54;34;13;45;45;21;0;0;0;457;28;Y;Y;N;N;N;N;N
119429;2054;2061;2014;complete;650;26;-1;40,65,86;32,71;3;2;5;4;4;8;7;2;2;1;0;0;4;3;6;3;10;6;14;10;57;43;2;1;0;0;0;0;0;0;0;0;0;0;0;0;0;0;0;0;0;0;0;0;0;0;0;0;0;0;0;0;0;0;0;0;0;0;0;0;0;0;0;0;0;0;0;0;0;0;0;0;0;0;0;0;0;0;0;0;0;0;0;0;0;0;0;0;0;0;0;0;5;1;1;2;1;3;2;2014-09-26 19:00:00;2054;0;38;4;29;0;-1;1;-1;-1;-1;-1;-1;-1;0;1;2;0;1;2;-1;0;0;0;0;0;0;0;0;0;0;0;0;0;1;1;0;0;-1;-1;0;0;-1;-1;-1;-1;-1;-1;-1;-1;-1;4;17;21;50;88;13;38;75;38;10;4.91;4.75;1.79;Finn Harps;Shelbourne;1.14;1.53;1.08;1.83;1.16;2;96;83;79;50;13;71;50;38;0;0;0;457;28;Y;Y;Y;Y;Y;N;Y
119430;2065;2058;2014;complete;650;26;-1;;51,65;0;2;2;1;7;8;0;5;1;1;0;0;3;9;9;8;12;17;10;12;45;55;1;1;0;0;0;0;0;0;0;0;0;0;0;0;0;0;0;0;0;0;0;0;0;0;0;0;0;0;0;0;0;0;0;0;0;0;0;0;0;0;0;0;0;0;0;0;0;0;0;0;0;0;0;0;0;0;0;0;0;0;0;0;0;0;0;0;0;0;0;0;2;0;0;0;2;2;0;2014-09-26 19:00:00;2058;0;42;13;29;0;-1;1;-1;-1;-1;-1;-1;-1;1;1;0;0;2;0;-1;0;0;0;0;0;0;0;0;0;0;0;0;0;1;1;0;0;-1;-1;0;0;-1;-1;-1;-1;-1;-1;-1;-1;-1;8;25;54;83;100;34;71;71;63;7.34;4.83;4.83;2.75;Shamrock Rovers Res.;Wexford;1;1.43;0.92;1.33;0.92;1.56;92;75;46;17;0;54;42;34;0;0;0;457;28;Y;Y;N;N;N;N;N
119431;2062;2052;2014;complete;650;26;-1;57;19,90;1;2;3;2;5;7;2;0;4;4;0;1;0;7;4;8;4;15;20;4;46;54;4;5;0;0;0;0;0;0;0;0;0;0;0;0;0;0;0;0;0;0;0;0;0;0;0;0;0;0;0;0;0;0;0;0;0;0;0;0;0;0;0;0;0;0;0;0;0;0;0;0;0;0;0;0;0;0;0;0;0;0;0;0;0;0;0;0;0;0;0;0;3;0;1;1;1;2;1;2014-09-27 18:45:00;2052;0;55;25;17;0;-1;1;-1;-1;-1;-1;-1;-1;2;0;2;5;2;7;-1;0;0;0;0;0;0;0;0;1;0;1;0;0;1;1;0;0;-1;-1;0;0;-1;-1;-1;-1;-1;-1;-1;-1;-1;13;29;50;71;83;33;71;75;42;8.5;6.17;3.5;2.59;Cobh Ramblers;Galway United;0.93;1.87;1;1.75;0.52;1.76;88;71;50;29;17;55;50;42;0;0;0;457;28;Y;Y;Y;N;N;N;Y
119432;2058;2054;2014;complete;650;27;-1;18,42,45;;3;0;3;0;0;0;2;4;2;3;0;0;3;3;3;5;6;8;16;15;47;53;2;3;0;0;0;0;0;0;0;0;0;0;0;0;0;0;0;0;0;0;0;0;0;0;0;0;0;0;0;0;0;0;0;0;0;0;0;0;0;0;0;0;0;0;0;0;0;0;0;0;0;0;0;0;0;0;0;0;0;0;0;0;0;0;0;0;0;0;0;0;3;3;0;0;0;0;3;2014-09-30 19:00:00;2058;0;39;8;23;0;-1;1;-1;-1;-1;-1;-1;-1;1;1;1;2;2;3;-1;0;0;0;0;0;0;0;1;0;1;0;0;0;1;1;0;0;-1;-1;0;0;-1;-1;-1;-1;-1;-1;-1;-1;-1;8;23;39;73;96;23;77;70;39;9.15;3.92;4.77;2.39;Wexford;Finn Harps;1.86;1.14;1.77;1.23;1.62;1.23;93;77;62;27;4;68;56;40;0;0;0;457;28;Y;Y;Y;N;N;N;N
119433;2064;2062;2014;complete;650;27;-1;74,87;12;2;1;3;4;2;6;3;2;3;1;0;0;9;6;5;6;14;12;13;12;49;51;3;1;0;0;0;0;0;0;0;0;0;0;0;0;0;0;0;0;0;0;0;0;0;0;0;0;0;0;0;0;0;0;0;0;0;0;0;0;0;0;0;0;0;0;0;0;0;0;0;0;0;0;0;0;0;0;0;0;0;0;0;0;0;0;0;0;0;0;0;0;3;0;1;2;0;2;1;2014-10-03 18:45:00;2064;0;35;20;19;0;-1;1;-1;-1;-1;-1;-1;-1;2;0;1;1;2;2;-1;0;0;0;0;0;0;0;0;0;0;0;0;0;1;1;0;0;-1;-1;0;0;-1;-1;-1;-1;-1;-1;-1;-1;-1;23;43;54;85;92;58;85;62;42;8.32;3.85;4.57;3.04;Waterford;Cobh Ramblers;1;0.07;0.85;0.08;0.85;0.5;77;58;47;16;8;61;52;38;0;0;0;457;28;Y;Y;Y;N;N;N;Y
119434;2061;2052;2014;complete;650;27;-1;31;85;1;1;2;7;8;15;4;6;2;2;2;0;3;11;4;10;7;21;10;17;52;48;6;2;0;0;0;0;0;0;0;0;0;0;0;0;0;0;0;0;0;0;0;0;0;0;0;0;0;0;0;0;0;0;0;0;0;0;0;0;0;0;0;0;0;0;0;0;0;0;0;0;0;0;0;0;0;0;0;0;0;0;0;0;0;0;0;0;0;0;0;0;2;1;0;0;1;1;1;2014-10-03 19:00:00;-1;0;58;23;27;0;-1;1;-1;-1;-1;-1;-1;-1;1;0;3;2;1;5;-1;0;0;0;0;0;0;0;0;0;0;0;0;0;1;1;0;0;-1;-1;0;0;-1;-1;-1;-1;-1;-1;-1;-1;-1;23;31;50;81;85;43;73;74;46;9.54;5.54;3.31;2.85;Shelbourne;Galway United;1.93;1.87;2.15;1.85;1.92;1.81;77;70;50;19;15;62;54;35;0;0;0;457;30;Y;Y;N;N;N;N;Y
119435;2057;2065;2014;complete;650;27;-1;4,20,26,58,61;;5;0;5;9;2;11;2;1;2;1;0;0;6;2;8;4;14;6;10;13;57;43;2;1;0;0;0;0;0;0;0;0;0;0;0;0;0;0;0;0;0;0;0;0;0;0;0;0;0;0;0;0;0;0;0;0;0;0;0;0;0;0;0;0;0;0;0;0;0;0;0;0;0;0;0;0;0;0;0;0;0;0;0;0;0;0;0;0;0;0;0;0;5;3;0;2;0;2;3;2014-10-03 19:00:00;2057;0;35;23;19;0;-1;1;-1;-1;-1;-1;-1;-1;1;1;1;0;2;1;-1;0;0;0;0;0;0;0;0;0;0;0;0;0;1;1;1;0;-1;-1;0;0;-1;-1;-1;-1;-1;-1;-1;-1;-1;27;39;50;66;85;47;66;62;50;10.32;4;3.63;2.77;Longford Town;Shamrock Rovers Res.;2;0.86;1.92;0.92;2.08;0.88;73;62;50;35;15;59;50;50;0;0;0;457;28;Y;Y;Y;Y;Y;N;N
119436;2062;2061;2014;complete;650;28;-1;18,21,57;46,49,79;3;3;6;3;9;12;3;3;4;1;0;0;6;9;5;6;11;15;12;7;43;57;4;1;0;0;0;0;0;0;0;0;0;0;0;0;0;0;0;0;0;0;0;0;0;0;0;0;0;0;0;0;0;0;0;0;0;0;0;0;0;0;0;0;0;0;0;0;0;0;0;0;0;0;0;0;0;0;0;0;0;0;0;0;0;0;0;0;0;0;0;0;6;2;0;1;3;4;2;2014-10-12 14:00:00;-1;0;46;12;31;0;-1;1;-1;-1;-1;-1;-1;-1;2;1;2;0;3;2;-1;0;0;0;0;0;0;0;2;0;2;0;0;0;1;1;0;0;-1;-1;0;0;-1;-1;-1;-1;-1;-1;-1;-1;-1;8;27;43;66;93;27;62;77;46;7.54;5.23;4.16;2.39;Cobh Ramblers;Shelbourne;0.93;1.53;0.92;1.69;0.48;1.89;92;73;58;35;8;54;46;38;0;0;0;457;28;Y;Y;Y;Y;Y;Y;Y
119437;2054;2057;2014;complete;650;28;-1;;30,82;0;2;2;7;5;12;2;3;2;2;0;0;0;5;8;7;8;12;12;10;60;40;2;2;0;0;0;0;0;0;0;0;0;0;0;0;0;0;0;0;0;0;0;0;0;0;0;0;0;0;0;0;0;0;0;0;0;0;0;0;0;0;0;0;0;0;0;0;0;0;0;0;0;0;0;0;0;0;0;0;0;0;0;0;0;0;0;0;0;0;0;0;2;0;1;0;1;1;1;2014-10-12 14:00:00;2057;0;31;15;27;0;-1;1;-1;-1;-1;-1;-1;-1;1;1;1;1;2;2;-1;0;0;0;0;0;0;0;0;0;0;0;0;0;1;1;0;0;-1;-1;0;0;-1;-1;-1;-1;-1;-1;-1;-1;-1;15;19;35;54;81;31;50;66;35;11.16;5.46;4.23;2.04;Finn Harps;Longford Town;1.14;2.29;1.23;2.23;1.19;2.11;85;81;66;46;19;50;35;20;0;0;0;457;28;Y;Y;N;N;N;N;N
119438;2052;2058;2014;complete;650;28;-1;11,74;37,79;2;2;4;4;6;10;5;2;1;2;0;0;6;6;11;2;17;8;9;12;54;46;1;2;0;0;0;0;0;0;0;0;0;0;0;0;0;0;0;0;0;0;0;0;0;0;0;0;0;0;0;0;0;0;0;0;0;0;0;0;0;0;0;0;0;0;0;0;0;0;0;0;0;0;0;0;0;0;0;0;0;0;0;0;0;0;0;0;0;0;0;0;4;1;1;1;1;2;2;2014-10-12 14:00:00;-1;0;31;16;20;0;-1;1;-1;-1;-1;-1;-1;-1;1;1;0;1;2;1;-1;0;0;0;0;0;0;0;0;0;0;0;0;0;1;1;0;0;-1;-1;1;0;-1;-1;-1;-1;-1;-1;-1;-1;-1;12;27;46;70;96;39;66;70;47;12.23;5.23;3.85;2.5;Galway United;Wexford;1.8;1.43;1.77;1.46;1.78;1.67;89;73;54;31;4;73;62;46;0;0;0;457;28;Y;Y;Y;Y;N;N;Y
119439;2065;2064;2014;complete;650;28;-1;30,43,46;;3;0;3;4;4;8;4;2;1;1;0;0;6;0;5;6;11;6;10;13;52;48;1;1;0;0;0;0;0;0;0;0;0;0;0;0;0;0;0;0;0;0;0;0;0;0;0;0;0;0;0;0;0;0;0;0;0;0;0;0;0;0;0;0;0;0;0;0;0;0;0;0;0;0;0;0;0;0;0;0;0;0;0;0;0;0;0;0;0;0;0;0;3;2;0;1;0;1;2;2014-10-12 14:00:00;2065;0;35;8;27;0;-1;1;-1;-1;-1;-1;-1;-1;0;1;1;0;1;1;-1;0;0;0;0;0;0;0;0;0;0;0;0;0;1;1;0;0;-1;-1;0;0;-1;-1;-1;-1;-1;-1;-1;-1;-1;8;31;46;70;89;19;62;77;58;7.23;4.23;3.69;2.5;Shamrock Rovers Res.;Waterford;1;0.79;0.85;0.85;0.85;0.93;92;70;54;31;12;50;43;27;0;0;0;457;28;Y;Y;Y;N;N;N;N
119440;2052;2061;2014;complete;651;0;-1;19,85;;2;0;2;9;5;14;2;1;2;3;0;0;5;3;8;4;13;7;20;10;56;44;2;3;0;0;0;0;0;0;0;0;0;0;0;0;0;0;0;0;0;0;0;0;0;0;0;0;0;0;0;0;0;0;0;0;0;0;0;0;0;0;0;0;0;0;0;0;0;0;0;0;0;0;0;0;0;0;0;0;0;0;0;0;0;0;0;0;0;0;0;0;2;1;0;1;0;1;1;2014-10-17 18:45:00;2052;1;48;11;29;0;-1;1;-1;-1;-1;-1;-1;-1;0;2;2;1;2;3;-1;0;0;0;0;0;0;0;1;0;1;0;0;0;1;1;0;0;-1;-1;0;0;-1;-1;-1;-1;-1;-1;-1;-1;-1;18;29;43;72;91;36;66;79;43;10.61;5.36;3.21;2.61;Galway United;Shelbourne;1.83;1.73;1.75;1.86;1.75;1.86;83;72;58;29;9;70;61;41;0;0;0;457;30;Y;Y;N;N;N;N;N
119441;2061;2052;2014;complete;651;0;-1;30;60,85;1;2;3;8;3;11;0;6;4;1;1;0;2;3;6;4;8;7;15;12;54;46;6;1;0;0;0;0;0;0;0;0;0;0;0;0;0;0;0;0;0;0;0;0;0;0;0;0;0;0;0;0;0;0;0;0;0;0;0;0;0;0;0;0;0;0;0;0;0;0;0;0;0;0;0;0;0;0;0;0;0;0;0;0;0;0;0;0;0;0;0;0;3;1;0;0;2;2;1;2014-10-24 19:00:00;2052;1;47;22;25;0;-1;1;-1;-1;-1;-1;-1;-1;1;1;4;0;2;4;-1;0;0;0;0;0;0;0;0;0;0;0;0;0;1;1;0;0;-1;-1;0;0;-1;-1;-1;-1;-1;-1;-1;-1;-1;18;28;42;73;92;35;68;80;42;10.72;5.27;3.27;2.59;Shelbourne;Galway United;1.73;1.83;1.79;1.79;1.79;1.79;83;73;59;28;9;71;63;43;0;0;0;457;30;Y;Y;Y;N;N;N;Y
