ID;HOMEID;AWAYID;SEASON;STATUS;ROUNDID;GAME_WEEK;REVISED_GAME_WEEK;HOMEGOALS;AWAYGOALS;HOMEGOALCOUNT;AWAYGOALCOUNT;TOTALGOALCOUNT;TEAM_A_CORNERS;TEAM_B_CORNERS;TOTALCORNERCOUNT;TEAM_A_OFFSIDES;TEAM_B_OFFSIDES;TEAM_A_YELLOW_CARDS;TEAM_B_YELLOW_CARDS;TEAM_A_RED_CARDS;TEAM_B_RED_CARDS;TEAM_A_SHOTSONTARGET;TEAM_B_SHOTSONTARGET;TEAM_A_SHOTSOFFTARGET;TEAM_B_SHOTSOFFTARGET;TEAM_A_SHOTS;TEAM_B_SHOTS;TEAM_A_FOULS;TEAM_B_FOULS;TEAM_A_POSSESSION;TEAM_B_POSSESSION;TEAM_A_CARDS_NUM;TEAM_B_CARDS_NUM;ODDS_FT_1;ODDS_FT_X;ODDS_FT_2;ODDS_FT_OVER05;ODDS_FT_OVER15;ODDS_FT_OVER25;ODDS_FT_OVER35;ODDS_FT_OVER45;ODDS_FT_UNDER05;ODDS_FT_UNDER15;ODDS_FT_UNDER25;ODDS_FT_UNDER35;ODDS_FT_UNDER45;ODDS_BTTS_YES;ODDS_BTTS_NO;ODDS_TEAM_A_CS_YES;ODDS_TEAM_A_CS_NO;ODDS_TEAM_B_CS_YES;ODDS_TEAM_B_CS_NO;ODDS_DOUBLECHANCE_1X;ODDS_DOUBLECHANCE_12;ODDS_DOUBLECHANCE_X2;ODDS_1ST_HALF_RESULT_1;ODDS_1ST_HALF_RESULT_X;ODDS_1ST_HALF_RESULT_2;ODDS_2ND_HALF_RESULT_1;ODDS_2ND_HALF_RESULT_X;ODDS_2ND_HALF_RESULT_2;ODDS_DNB_1;ODDS_DNB_2;ODDS_CORNERS_OVER_75;ODDS_CORNERS_OVER_85;ODDS_CORNERS_OVER_95;ODDS_CORNERS_OVER_105;ODDS_CORNERS_OVER_115;ODDS_CORNERS_UNDER_75;ODDS_CORNERS_UNDER_85;ODDS_CORNERS_UNDER_95;ODDS_CORNERS_UNDER_105;ODDS_CORNERS_UNDER_115;ODDS_CORNERS_1;ODDS_CORNERS_X;ODDS_CORNERS_2;ODDS_TEAM_TO_SCORE_FIRST_1;ODDS_TEAM_TO_SCORE_FIRST_X;ODDS_TEAM_TO_SCORE_FIRST_2;ODDS_WIN_TO_NIL_1;ODDS_WIN_TO_NIL_2;ODDS_1ST_HALF_OVER05;ODDS_1ST_HALF_OVER15;ODDS_1ST_HALF_OVER25;ODDS_1ST_HALF_OVER35;ODDS_1ST_HALF_UNDER05;ODDS_1ST_HALF_UNDER15;ODDS_1ST_HALF_UNDER25;ODDS_1ST_HALF_UNDER35;ODDS_2ND_HALF_OVER05;ODDS_2ND_HALF_OVER15;ODDS_2ND_HALF_OVER25;ODDS_2ND_HALF_OVER35;ODDS_2ND_HALF_UNDER05;ODDS_2ND_HALF_UNDER15;ODDS_2ND_HALF_UNDER25;ODDS_2ND_HALF_UNDER35;ODDS_BTTS_1ST_HALF_YES;ODDS_BTTS_1ST_HALF_NO;ODDS_BTTS_2ND_HALF_YES;ODDS_BTTS_2ND_HALF_NO;OVERALLGOALCOUNT;HT_GOALS_TEAM_A;HT_GOALS_TEAM_B;GOALS_2HG_TEAM_A;GOALS_2HG_TEAM_B;GOALCOUNT_2HG;HTGOALCOUNT;DATE_UNIX;WINNINGTEAM;NO_HOME_AWAY;BTTS_POTENTIAL;BTTS_FHG_POTENTIAL;BTTS_2HG_POTENTIAL;GOALTIMINGDISABLED;CORNER_TIMINGS_RECORDED;CARD_TIMINGS_RECORDED;TEAM_A_FH_CORNERS;TEAM_B_FH_CORNERS;TEAM_A_2H_CORNERS;TEAM_B_2H_CORNERS;CORNER_FH_COUNT;CORNER_2H_COUNT;TEAM_A_FH_CARDS;TEAM_B_FH_CARDS;TEAM_A_2H_CARDS;TEAM_B_2H_CARDS;TOTAL_FH_CARDS;TOTAL_2H_CARDS;ATTACKS_RECORDED;TEAM_A_DANGEROUS_ATTACKS;TEAM_B_DANGEROUS_ATTACKS;TEAM_A_ATTACKS;TEAM_B_ATTACKS;TEAM_A_XG;TEAM_B_XG;TOTAL_XG;TEAM_A_PENALTIES_WON;TEAM_B_PENALTIES_WON;TEAM_A_PENALTY_GOALS;TEAM_B_PENALTY_GOALS;TEAM_A_PENALTY_MISSED;TEAM_B_PENALTY_MISSED;PENS_RECORDED;GOAL_TIMINGS_RECORDED;TEAM_A_0_10_MIN_GOALS;TEAM_B_0_10_MIN_GOALS;TEAM_A_CORNERS_0_10_MIN;TEAM_B_CORNERS_0_10_MIN;TEAM_A_CARDS_0_10_MIN;TEAM_B_CARDS_0_10_MIN;THROWINS_RECORDED;TEAM_A_THROWINS;TEAM_B_THROWINS;FREEKICKS_RECORDED;TEAM_A_FREEKICKS;TEAM_B_FREEKICKS;GOALKICKS_RECORDED;TEAM_A_GOALKICKS;TEAM_B_GOALKICKS;O45_POTENTIAL;O35_POTENTIAL;O25_POTENTIAL;O15_POTENTIAL;O05_POTENTIAL;O15HT_POTENTIAL;O05HT_POTENTIAL;O05_2H_POTENTIAL;O15_2H_POTENTIAL;CORNERS_POTENTIAL;OFFSIDES_POTENTIAL;CARDS_POTENTIAL;AVG_POTENTIAL;HOME_NAME;AWAY_NAME;HOME_PPG;AWAY_PPG;PRE_MATCH_HOME_PPG;PRE_MATCH_AWAY_PPG;PRE_MATCH_TEAMA_OVERALL_PPG;PRE_MATCH_TEAMB_OVERALL_PPG;U45_POTENTIAL;U35_POTENTIAL;U25_POTENTIAL;U15_POTENTIAL;U05_POTENTIAL;CORNERS_O85_POTENTIAL;CORNERS_O95_POTENTIAL;CORNERS_O105_POTENTIAL;TEAM_A_XG_PREMATCH;TEAM_B_XG_PREMATCH;TOTAL_XG_PREMATCH;COMPETITION_ID;MATCHES_COMPLETED_MINIMUM;OVER05;OVER15;OVER25;OVER35;OVER45;OVER55;BTTS
119214;2063;2058;2015;complete;648;1;-1;43;;1;0;1;5;6;11;2;3;3;0;0;0;3;5;5;4;8;9;18;14;38;62;3;0;0;0;0;0;0;0;0;0;0;0;0;0;0;0;0;0;0;0;0;0;0;0;0;0;0;0;0;0;0;0;0;0;0;0;0;0;0;0;0;0;0;0;0;0;0;0;0;0;0;0;0;0;0;0;0;0;0;0;0;0;0;0;0;0;0;0;0;0;1;1;0;0;0;0;1;2015-03-06 19:45:00;2063;0;0;0;0;0;-1;1;-1;-1;-1;-1;-1;-1;2;0;1;0;2;1;-1;0;0;0;0;0;0;0;0;0;0;0;0;0;1;1;0;0;-1;-1;0;0;-1;-1;-1;-1;-1;-1;-1;-1;-1;0;0;0;0;0;0;0;0;0;0;0;0;0;Cabinteely;Wexford;1.07;2;0;0;0;0;0;0;0;0;0;0;0;0;0;0;0;456;28;Y;N;N;N;N;N;N
119215;2064;2060;2015;complete;648;1;-1;90;43;1;1;2;9;6;15;2;2;1;2;0;0;6;2;4;7;10;9;13;13;43;57;1;2;0;0;0;0;0;0;0;0;0;0;0;0;0;0;0;0;0;0;0;0;0;0;0;0;0;0;0;0;0;0;0;0;0;0;0;0;0;0;0;0;0;0;0;0;0;0;0;0;0;0;0;0;0;0;0;0;0;0;0;0;0;0;0;0;0;0;0;0;2;0;1;1;0;1;1;2015-03-06 19:45:00;-1;0;0;0;0;0;-1;1;-1;-1;-1;-1;-1;-1;0;2;1;0;2;1;-1;0;0;0;0;0;0;0;0;0;0;0;0;0;1;1;0;0;-1;-1;0;0;-1;-1;-1;-1;-1;-1;-1;-1;-1;0;0;0;0;0;0;0;0;0;0;0;0;0;Waterford;Athlone Town;0.71;1;0;0;0;0;0;0;0;0;0;0;0;0;0;0;0;456;28;Y;Y;N;N;N;N;Y
119216;2061;2054;2015;complete;648;1;-1;;;0;0;0;4;9;13;2;1;2;1;0;0;6;5;3;2;9;7;13;14;48;52;2;1;0;0;0;0;0;0;0;0;0;0;0;0;0;0;0;0;0;0;0;0;0;0;0;0;0;0;0;0;0;0;0;0;0;0;0;0;0;0;0;0;0;0;0;0;0;0;0;0;0;0;0;0;0;0;0;0;0;0;0;0;0;0;0;0;0;0;0;0;0;0;0;0;0;0;0;2015-03-06 20:00:00;-1;0;0;0;0;0;-1;1;-1;-1;-1;-1;-1;-1;0;1;2;0;1;2;-1;0;0;0;0;0;0;0;0;0;0;0;0;0;1;1;0;0;-1;-1;0;0;-1;-1;-1;-1;-1;-1;-1;-1;-1;0;0;0;0;0;0;0;0;0;0;0;0;0;Shelbourne;Finn Harps;1.79;1.67;0;0;0;0;0;0;0;0;0;0;0;0;0;0;0;456;28;N;N;N;N;N;N;N
119217;2062;2059;2015;complete;648;1;-1;;9,54,58;0;3;3;8;5;13;3;4;5;3;0;1;6;9;10;2;16;11;9;13;51;49;5;4;0;0;0;0;0;0;0;0;0;0;0;0;0;0;0;0;0;0;0;0;0;0;0;0;0;0;0;0;0;0;0;0;0;0;0;0;0;0;0;0;0;0;0;0;0;0;0;0;0;0;0;0;0;0;0;0;0;0;0;0;0;0;0;0;0;0;0;0;3;0;1;0;2;2;1;2015-03-07 19:45:00;2059;0;0;0;0;0;-1;1;-1;-1;-1;-1;-1;-1;2;1;3;3;3;6;-1;0;0;0;0;0;0;0;0;0;0;0;0;0;1;1;0;1;-1;-1;0;0;-1;-1;-1;-1;-1;-1;-1;-1;-1;0;0;0;0;0;0;0;0;0;0;0;0;0;Cobh Ramblers;UCD;1.43;1.33;0;0;0;0;0;0;0;0;0;0;0;0;0;0;0;456;28;Y;Y;Y;N;N;N;N
119218;2060;2062;2015;complete;648;2;-1;8,21,42,64;;4;0;4;3;6;9;11;0;1;1;0;0;3;7;4;7;7;14;13;12;38;62;1;1;0;0;0;0;0;0;0;0;0;0;0;0;0;0;0;0;0;0;0;0;0;0;0;0;0;0;0;0;0;0;0;0;0;0;0;0;0;0;0;0;0;0;0;0;0;0;0;0;0;0;0;0;0;0;0;0;0;0;0;0;0;0;0;0;0;0;0;0;4;3;0;1;0;1;3;2015-03-13 19:45:00;2060;0;0;0;0;0;-1;1;-1;-1;-1;-1;-1;-1;0;1;1;0;1;1;-1;0;0;0;0;0;0;0;0;0;0;0;0;0;1;1;1;0;-1;-1;0;1;-1;-1;-1;-1;-1;-1;-1;-1;-1;0;0;0;0;0;0;0;0;0;0;0;0;0;Athlone Town;Cobh Ramblers;1.36;0.71;0;0;1;0;0;0;0;0;0;0;0;0;0;0;0;456;28;Y;Y;Y;Y;N;N;N
119219;2059;2061;2015;complete;648;2;-1;;75;0;1;1;4;6;10;4;3;1;3;0;0;8;4;6;9;14;13;10;13;57;43;1;3;0;0;0;0;0;0;0;0;0;0;0;0;0;0;0;0;0;0;0;0;0;0;0;0;0;0;0;0;0;0;0;0;0;0;0;0;0;0;0;0;0;0;0;0;0;0;0;0;0;0;0;0;0;0;0;0;0;0;0;0;0;0;0;0;0;0;0;0;1;0;0;0;1;1;0;2015-03-13 19:45:00;2061;0;0;0;0;0;-1;1;-1;-1;-1;-1;-1;-1;1;0;0;3;1;3;-1;0;0;0;0;0;0;0;0;0;0;0;0;0;1;1;0;0;-1;-1;0;0;-1;-1;-1;-1;-1;-1;-1;-1;-1;0;0;0;0;0;0;0;0;0;0;0;0;0;UCD;Shelbourne;1.93;1.43;0;0;3;1;0;0;0;0;0;0;0;0;0;0;0;456;28;Y;N;N;N;N;N;N
119220;2054;2063;2015;complete;648;2;-1;5,70;;2;0;2;9;2;11;8;3;0;1;0;0;4;2;6;2;10;4;17;13;60;40;0;1;0;0;0;0;0;0;0;0;0;0;0;0;0;0;0;0;0;0;0;0;0;0;0;0;0;0;0;0;0;0;0;0;0;0;0;0;0;0;0;0;0;0;0;0;0;0;0;0;0;0;0;0;0;0;0;0;0;0;0;0;0;0;0;0;0;0;0;0;2;1;0;1;0;1;1;2015-03-13 20:00:00;2054;0;0;0;0;0;-1;1;-1;-1;-1;-1;-1;-1;0;1;0;0;1;0;-1;0;0;0;0;0;0;0;0;0;0;0;0;0;1;1;1;0;-1;-1;0;0;-1;-1;-1;-1;-1;-1;-1;-1;-1;0;0;0;0;0;0;0;0;0;0;0;0;0;Finn Harps;Cabinteely;2.4;0.36;0;0;1;3;0;0;0;0;0;0;0;0;0;0;0;456;28;Y;Y;N;N;N;N;N
119221;2058;2064;2015;complete;648;2;-1;7;29,71;1;2;3;5;4;9;0;3;3;6;0;0;4;3;7;4;11;7;22;20;53;47;3;6;0;0;0;0;0;0;0;0;0;0;0;0;0;0;0;0;0;0;0;0;0;0;0;0;0;0;0;0;0;0;0;0;0;0;0;0;0;0;0;0;0;0;0;0;0;0;0;0;0;0;0;0;0;0;0;0;0;0;0;0;0;0;0;0;0;0;0;0;3;1;1;0;1;1;2;2015-03-13 20:00:00;2064;0;0;0;0;0;-1;1;-1;-1;-1;-1;-1;-1;2;2;1;4;4;5;-1;0;0;0;0;0;0;0;0;0;0;0;0;0;1;1;1;0;-1;-1;0;0;-1;-1;-1;-1;-1;-1;-1;-1;-1;0;0;0;0;0;0;0;0;0;0;0;0;0;Wexford;Waterford;2.36;0.79;0;0;0;1;0;0;0;0;0;0;0;0;0;0;0;456;28;Y;Y;Y;N;N;N;Y
119222;2063;2061;2015;complete;648;3;-1;;30;0;1;1;1;8;9;0;1;1;0;0;0;3;3;5;9;8;12;16;7;42;58;1;0;0;0;0;0;0;0;0;0;0;0;0;0;0;0;0;0;0;0;0;0;0;0;0;0;0;0;0;0;0;0;0;0;0;0;0;0;0;0;0;0;0;0;0;0;0;0;0;0;0;0;0;0;0;0;0;0;0;0;0;0;0;0;0;0;0;0;0;0;1;0;1;0;0;0;1;2015-03-20 19:45:00;2061;0;0;0;0;0;-1;1;-1;-1;-1;-1;-1;-1;0;0;1;0;0;1;-1;0;0;0;0;0;0;0;0;1;0;1;0;0;1;1;0;0;-1;-1;0;0;-1;-1;-1;-1;-1;-1;-1;-1;-1;0;0;0;0;100;0;50;50;0;11;5;6;1;Cabinteely;Shelbourne;1.07;1.43;3;3;1.5;2;100;100;100;100;0;100;100;50;0;0;0;456;28;Y;N;N;N;N;N;N
119223;2059;2060;2015;complete;648;3;-1;40;82,90;1;2;3;4;10;14;1;5;1;1;1;0;3;13;2;5;5;18;11;14;34;66;3;1;0;0;0;0;0;0;0;0;0;0;0;0;0;0;0;0;0;0;0;0;0;0;0;0;0;0;0;0;0;0;0;0;0;0;0;0;0;0;0;0;0;0;0;0;0;0;0;0;0;0;0;0;0;0;0;0;0;0;0;0;0;0;0;0;0;0;0;0;3;1;0;0;2;2;1;2015-03-20 19:45:00;2060;0;50;0;0;0;-1;1;-1;-1;-1;-1;-1;-1;1;1;1;0;2;1;-1;0;0;0;0;0;0;0;0;0;0;0;0;0;1;1;0;0;-1;-1;0;0;-1;-1;-1;-1;-1;-1;-1;-1;-1;0;0;0;50;100;0;50;100;0;10;6;3;1.5;UCD;Athlone Town;1.93;1;0;1;1.5;2;100;100;100;50;0;100;100;50;0;0;0;456;28;Y;Y;Y;N;N;N;Y
119224;2064;2054;2015;complete;648;3;-1;;44,90;0;2;2;1;5;6;3;2;1;2;1;0;4;3;2;4;6;7;12;15;49;51;3;2;0;0;0;0;0;0;0;0;0;0;0;0;0;0;0;0;0;0;0;0;0;0;0;0;0;0;0;0;0;0;0;0;0;0;0;0;0;0;0;0;0;0;0;0;0;0;0;0;0;0;0;0;0;0;0;0;0;0;0;0;0;0;0;0;0;0;0;0;2;0;1;0;1;1;1;2015-03-20 19:45:00;2054;0;50;0;0;0;-1;1;-1;-1;-1;-1;-1;-1;1;0;1;2;1;3;-1;0;0;0;0;0;0;0;0;0;0;0;0;0;1;1;0;0;-1;-1;0;0;-1;-1;-1;-1;-1;-1;-1;-1;-1;0;0;0;50;50;0;50;50;0;18;3;2;1;Waterford;Finn Harps;0.71;1.67;1;1;2;2;100;100;100;50;50;100;100;100;0;0;0;456;28;Y;Y;N;N;N;N;N
119225;2062;2058;2015;complete;648;3;-1;80;6,12,43,84;1;4;5;4;3;7;6;4;4;1;0;0;8;4;2;6;10;10;11;10;54;46;4;1;0;0;0;0;0;0;0;0;0;0;0;0;0;0;0;0;0;0;0;0;0;0;0;0;0;0;0;0;0;0;0;0;0;0;0;0;0;0;0;0;0;0;0;0;0;0;0;0;0;0;0;0;0;0;0;0;0;0;0;0;0;0;0;0;0;0;0;0;5;0;3;1;1;2;3;2015-03-21 19:45:00;2058;0;0;0;0;0;-1;1;-1;-1;-1;-1;-1;-1;1;1;3;0;2;3;-1;0;0;0;0;0;0;0;0;0;0;0;0;0;1;1;0;1;-1;-1;0;0;-1;-1;-1;-1;-1;-1;-1;-1;-1;0;0;50;50;100;0;100;50;50;14;6;5;2;Cobh Ramblers;Wexford;1.43;2;0;0;0;0;100;100;50;50;0;100;100;100;0;0;0;456;28;Y;Y;Y;Y;Y;N;Y
119226;2063;2064;2015;complete;648;4;-1;72;;1;0;1;3;5;8;3;5;3;0;0;0;4;4;4;2;8;6;17;19;54;46;3;0;0;0;0;0;0;0;0;0;0;0;0;0;0;0;0;0;0;0;0;0;0;0;0;0;0;0;0;0;0;0;0;0;0;0;0;0;0;0;0;0;0;0;0;0;0;0;0;0;0;0;0;0;0;0;0;0;0;0;0;0;0;0;0;0;0;0;0;0;1;0;0;1;0;1;0;2015-03-27 19:45:00;2063;0;50;50;0;0;-1;1;-1;-1;-1;-1;-1;-1;1;0;2;0;1;2;-1;0;0;0;0;0;0;0;0;0;0;0;0;0;1;1;0;0;-1;-1;0;0;-1;-1;-1;-1;-1;-1;-1;-1;-1;0;0;50;50;100;50;100;50;0;7;4;8;2;Cabinteely;Waterford;1.07;0.79;1.5;3;1;1.33;100;100;50;50;0;100;25;25;0;0;0;456;28;Y;N;N;N;N;N;N
119227;2054;2062;2015;complete;648;4;-1;21,90;;2;0;2;10;2;12;4;3;2;4;0;1;2;0;4;4;6;4;14;15;60;40;2;6;0;0;0;0;0;0;0;0;0;0;0;0;0;0;0;0;0;0;0;0;0;0;0;0;0;0;0;0;0;0;0;0;0;0;0;0;0;0;0;0;0;0;0;0;0;0;0;0;0;0;0;0;0;0;0;0;0;0;0;0;0;0;0;0;0;0;0;0;2;1;0;1;0;1;1;2015-03-27 20:00:00;2054;0;0;0;0;0;-1;1;-1;-1;-1;-1;-1;-1;1;1;1;4;2;5;-1;0;0;0;0;0;0;0;0;0;0;0;0;0;1;1;0;0;-1;-1;0;0;-1;-1;-1;-1;-1;-1;-1;-1;-1;0;50;50;100;100;50;100;100;0;15;8;1;3;Finn Harps;Cobh Ramblers;2.4;0.71;3;0;2.33;0;100;50;50;0;0;100;50;50;0;0;0;456;28;Y;Y;N;N;N;N;N
119228;2061;2060;2015;complete;648;4;-1;88;20,22,90;1;3;4;1;8;9;3;1;5;4;0;0;4;9;3;12;7;21;18;19;47;53;5;4;0;0;0;0;0;0;0;0;0;0;0;0;0;0;0;0;0;0;0;0;0;0;0;0;0;0;0;0;0;0;0;0;0;0;0;0;0;0;0;0;0;0;0;0;0;0;0;0;0;0;0;0;0;0;0;0;0;0;0;0;0;0;0;0;0;0;0;0;4;0;2;1;1;2;2;2015-03-27 20:00:00;2060;0;50;0;0;0;-1;1;-1;-1;-1;-1;-1;-1;2;1;3;3;3;6;-1;0;0;0;0;0;0;0;0;0;0;0;0;0;1;1;0;0;-1;-1;0;0;-1;-1;-1;-1;-1;-1;-1;-1;-1;0;0;25;50;50;0;50;50;25;12;5.5;3.5;1.25;Shelbourne;Athlone Town;1.79;1;1;2;2.33;2.33;100;100;75;50;50;100;100;100;0;0;0;456;28;Y;Y;Y;Y;N;N;Y
119229;2058;2059;2015;complete;648;4;-1;2;;1;0;1;4;4;8;4;6;0;1;0;0;5;7;2;3;7;10;11;10;48;52;0;1;0;0;0;0;0;0;0;0;0;0;0;0;0;0;0;0;0;0;0;0;0;0;0;0;0;0;0;0;0;0;0;0;0;0;0;0;0;0;0;0;0;0;0;0;0;0;0;0;0;0;0;0;0;0;0;0;0;0;0;0;0;0;0;0;0;0;0;0;1;1;0;0;0;0;1;2015-03-27 20:00:00;2058;0;50;50;0;0;-1;1;-1;-1;-1;-1;-1;-1;0;0;0;1;0;1;-1;0;0;0;0;0;0;0;0;0;0;0;0;0;1;1;1;0;-1;-1;0;0;-1;-1;-1;-1;-1;-1;-1;-1;-1;0;0;100;100;100;50;100;100;50;10;4;7;3;Wexford;UCD;2.36;1.33;0;3;1;1;100;100;0;0;0;100;50;50;0;0;0;456;28;Y;N;N;N;N;N;N
119230;2060;2058;2015;complete;648;5;-1;;49;0;1;1;4;3;7;6;2;0;2;0;0;4;5;5;5;9;10;15;15;55;45;0;2;0;0;0;0;0;0;0;0;0;0;0;0;0;0;0;0;0;0;0;0;0;0;0;0;0;0;0;0;0;0;0;0;0;0;0;0;0;0;0;0;0;0;0;0;0;0;0;0;0;0;0;0;0;0;0;0;0;0;0;0;0;0;0;0;0;0;0;0;1;0;0;0;1;1;0;2015-04-03 18:45:00;2058;0;25;0;25;0;-1;1;-1;-1;-1;-1;-1;-1;0;1;0;1;1;1;-1;0;0;0;0;0;0;0;0;0;0;0;0;0;1;1;0;0;-1;-1;0;0;-1;-1;-1;-1;-1;-1;-1;-1;-1;25;75;75;75;100;75;100;75;25;7.5;14.5;1.5;3.5;Athlone Town;Wexford;1.36;2;3;1.5;2.5;1.5;75;25;25;25;0;75;25;25;0;0;0;456;28;Y;N;N;N;N;N;N
119231;2059;2054;2015;complete;648;5;-1;16,61;21,81;2;2;4;4;6;10;4;3;3;2;0;0;2;3;5;3;7;6;15;13;58;42;3;2;0;0;0;0;0;0;0;0;0;0;0;0;0;0;0;0;0;0;0;0;0;0;0;0;0;0;0;0;0;0;0;0;0;0;0;0;0;0;0;0;0;0;0;0;0;0;0;0;0;0;0;0;0;0;0;0;0;0;0;0;0;0;0;0;0;0;0;0;4;1;1;1;1;2;2;2015-04-03 18:45:00;-1;0;25;0;0;0;-1;1;-1;-1;-1;-1;-1;-1;1;0;2;2;1;4;-1;0;0;0;0;0;0;0;0;0;0;0;0;0;1;1;0;0;-1;-1;0;0;-1;-1;-1;-1;-1;-1;-1;-1;-1;0;0;25;50;75;0;50;75;25;11;4;3.5;1.5;UCD;Finn Harps;1.93;1.67;0;2;0.75;2.5;100;100;75;50;25;75;75;50;0;0;0;456;30;Y;Y;Y;Y;N;N;Y
119232;2064;2061;2015;complete;648;5;-1;6,45;81,85;2;2;4;3;16;19;2;0;2;2;0;0;4;2;4;4;8;6;15;13;41;59;2;2;0;0;0;0;0;0;0;0;0;0;0;0;0;0;0;0;0;0;0;0;0;0;0;0;0;0;0;0;0;0;0;0;0;0;0;0;0;0;0;0;0;0;0;0;0;0;0;0;0;0;0;0;0;0;0;0;0;0;0;0;0;0;0;0;0;0;0;0;4;2;0;0;2;2;2;2015-04-03 18:45:00;-1;0;25;0;0;0;-1;1;-1;-1;-1;-1;-1;-1;0;0;2;2;0;4;-1;0;0;0;0;0;0;0;0;0;0;0;0;0;1;1;1;0;-1;-1;0;0;-1;-1;-1;-1;-1;-1;-1;-1;-1;0;0;0;50;100;0;75;75;0;12;4.5;3.5;1.5;Waterford;Shelbourne;0.71;1.43;0.5;3;1;1.75;100;100;100;50;0;75;50;25;0;0;0;456;28;Y;Y;Y;Y;N;N;Y
119233;2062;2063;2015;complete;648;5;-1;20;;1;0;1;5;3;8;5;4;2;1;0;0;3;3;6;4;9;7;16;10;44;56;2;1;0;0;0;0;0;0;0;0;0;0;0;0;0;0;0;0;0;0;0;0;0;0;0;0;0;0;0;0;0;0;0;0;0;0;0;0;0;0;0;0;0;0;0;0;0;0;0;0;0;0;0;0;0;0;0;0;0;0;0;0;0;0;0;0;0;0;0;0;1;1;0;0;0;0;1;2015-04-04 18:45:00;2062;0;25;0;25;0;-1;1;-1;-1;-1;-1;-1;-1;1;0;1;1;1;2;-1;0;0;0;0;0;0;0;0;0;0;0;0;0;1;1;0;0;-1;-1;0;0;-1;-1;-1;-1;-1;-1;-1;-1;-1;25;25;50;100;100;25;100;100;50;8;7.5;5.5;3;Cobh Ramblers;Cabinteely;1.43;0.36;0;0;0;1.5;75;75;50;0;0;75;75;75;0;0;0;456;28;Y;N;N;N;N;N;N
119234;2063;2059;2015;complete;648;6;-1;;3,46;0;2;2;3;4;7;3;1;3;0;1;0;2;4;3;6;5;10;14;10;45;55;4;0;0;0;0;0;0;0;0;0;0;0;0;0;0;0;0;0;0;0;0;0;0;0;0;0;0;0;0;0;0;0;0;0;0;0;0;0;0;0;0;0;0;0;0;0;0;0;0;0;0;0;0;0;0;0;0;0;0;0;0;0;0;0;0;0;0;0;0;0;2;0;1;0;1;1;1;2015-04-10 18:45:00;2059;0;0;0;0;0;-1;1;-1;-1;-1;-1;-1;-1;2;0;2;0;2;2;-1;0;0;0;0;0;0;0;0;0;0;0;0;0;1;1;0;1;-1;-1;0;0;-1;-1;-1;-1;-1;-1;-1;-1;-1;0;0;25;25;100;0;84;42;25;7.5;6.67;4.83;1.5;Cabinteely;UCD;1.07;1.33;2;1.5;1.2;0.8;100;100;75;75;0;59;42;42;0;0;0;456;28;Y;Y;N;N;N;N;N
119235;2064;2062;2015;complete;648;6;-1;51;68;1;1;2;1;6;7;0;2;1;4;0;0;3;0;5;8;8;8;6;12;46;54;1;4;0;0;0;0;0;0;0;0;0;0;0;0;0;0;0;0;0;0;0;0;0;0;0;0;0;0;0;0;0;0;0;0;0;0;0;0;0;0;0;0;0;0;0;0;0;0;0;0;0;0;0;0;0;0;0;0;0;0;0;0;0;0;0;0;0;0;0;0;2;0;0;1;1;2;0;2015-04-10 18:45:00;-1;0;34;0;0;0;-1;1;-1;-1;-1;-1;-1;-1;0;1;1;3;1;4;-1;0;0;0;0;0;0;0;0;0;0;0;0;0;1;1;0;0;-1;-1;0;0;-1;-1;-1;-1;-1;-1;-1;-1;-1;0;42;42;100;100;42;100;100;17;8.33;3.83;5.5;2.84;Waterford;Cobh Ramblers;0.71;0.71;0.67;0;1;0.6;100;59;59;0;0;84;59;59;0;0;0;456;28;Y;Y;N;N;N;N;Y
119236;2054;2060;2015;complete;648;6;-1;67;;1;0;1;1;6;7;4;4;0;3;0;0;3;3;1;5;4;8;13;18;44;56;0;3;0;0;0;0;0;0;0;0;0;0;0;0;0;0;0;0;0;0;0;0;0;0;0;0;0;0;0;0;0;0;0;0;0;0;0;0;0;0;0;0;0;0;0;0;0;0;0;0;0;0;0;0;0;0;0;0;0;0;0;0;0;0;0;0;0;0;0;0;1;0;0;1;0;1;0;2015-04-10 19:00:00;2054;0;50;0;17;0;-1;1;-1;-1;-1;-1;-1;-1;0;2;0;1;2;1;-1;0;0;0;0;0;0;0;0;0;0;0;0;0;1;1;0;0;-1;-1;0;0;-1;-1;-1;-1;-1;-1;-1;-1;-1;0;17;34;100;100;17;100;100;34;17.5;8.67;3.33;2.5;Finn Harps;Athlone Town;2.4;1;3;2.33;2.2;2;100;84;67;0;0;100;84;84;0;0;0;456;28;Y;N;N;N;N;N;N
119237;2061;2058;2015;complete;648;6;-1;10,52;30,38,60,63;2;4;6;13;6;19;2;3;3;1;1;0;5;11;8;6;13;17;8;11;52;48;4;1;0;0;0;0;0;0;0;0;0;0;0;0;0;0;0;0;0;0;0;0;0;0;0;0;0;0;0;0;0;0;0;0;0;0;0;0;0;0;0;0;0;0;0;0;0;0;0;0;0;0;0;0;0;0;0;0;0;0;0;0;0;0;0;0;0;0;0;0;6;1;2;1;2;3;3;2015-04-10 19:00:00;2058;0;42;0;42;0;-1;1;-1;-1;-1;-1;-1;-1;2;1;2;0;3;2;-1;0;0;0;0;0;0;0;0;1;0;1;0;0;1;1;1;0;-1;-1;0;0;-1;-1;-1;-1;-1;-1;-1;-1;-1;17;42;42;42;75;42;59;59;42;6.5;5.5;4.5;2.17;Shelbourne;Wexford;1.79;2;0.5;2;1.6;1.8;84;59;59;59;25;67;42;42;0;0;0;456;28;Y;Y;Y;Y;Y;Y;Y
119238;2060;2063;2015;complete;648;7;-1;13,90;8,60;2;2;4;5;2;7;9;6;1;3;0;1;3;6;10;3;13;9;12;11;65;35;1;5;0;0;0;0;0;0;0;0;0;0;0;0;0;0;0;0;0;0;0;0;0;0;0;0;0;0;0;0;0;0;0;0;0;0;0;0;0;0;0;0;0;0;0;0;0;0;0;0;0;0;0;0;0;0;0;0;0;0;0;0;0;0;0;0;0;0;0;0;4;1;1;1;1;2;2;2015-04-17 18:45:00;-1;0;0;0;0;0;-1;1;-1;-1;-1;-1;-1;-1;1;0;0;4;1;4;-1;0;0;0;0;0;0;0;1;0;1;0;0;0;1;1;0;1;-1;-1;0;0;-1;-1;-1;-1;-1;-1;-1;-1;-1;0;25;25;50;100;25;75;75;0;6;12;1.5;2;Athlone Town;Cabinteely;1.36;0.36;1.5;0;1.67;1;100;75;75;50;0;50;25;25;0;0;0;456;28;Y;Y;Y;Y;N;N;Y
119239;2059;2064;2015;complete;648;7;-1;55,63,82;;3;0;3;8;3;11;2;0;1;2;0;0;0;4;7;2;7;6;10;15;45;55;1;2;0;0;0;0;0;0;0;0;0;0;0;0;0;0;0;0;0;0;0;0;0;0;0;0;0;0;0;0;0;0;0;0;0;0;0;0;0;0;0;0;0;0;0;0;0;0;0;0;0;0;0;0;0;0;0;0;0;0;0;0;0;0;0;0;0;0;0;0;3;0;0;3;0;3;0;2015-04-17 18:45:00;2059;0;59;42;17;0;-1;1;-1;-1;-1;-1;-1;-1;0;0;1;2;0;3;-1;0;0;0;0;0;0;0;1;0;1;0;0;0;1;1;0;0;-1;-1;0;0;-1;-1;-1;-1;-1;-1;-1;-1;-1;0;17;59;59;100;42;59;100;34;8.5;7;5.33;2.34;UCD;Waterford;1.93;0.79;0.33;1.5;1.17;1;100;84;42;42;0;75;50;17;0;0;0;456;28;Y;Y;Y;N;N;N;N
119240;2058;2054;2015;complete;648;7;-1;;68;0;1;1;1;5;6;4;3;0;4;0;1;4;3;3;3;7;6;4;14;50;50;0;6;0;0;0;0;0;0;0;0;0;0;0;0;0;0;0;0;0;0;0;0;0;0;0;0;0;0;0;0;0;0;0;0;0;0;0;0;0;0;0;0;0;0;0;0;0;0;0;0;0;0;0;0;0;0;0;0;0;0;0;0;0;0;0;0;0;0;0;0;1;0;0;0;1;1;0;2015-04-18 18:00:00;2054;0;42;42;17;0;-1;1;-1;-1;-1;-1;-1;-1;0;1;0;4;1;4;-1;0;0;0;0;0;0;0;0;0;0;0;0;0;1;1;0;0;-1;-1;0;1;-1;-1;-1;-1;-1;-1;-1;-1;-1;0;17;42;59;84;42;84;59;17;11.17;4;3.17;2;Wexford;Finn Harps;2.36;1.67;1.5;1.67;2;2.33;100;84;59;42;17;59;34;17;0;0;0;456;28;Y;N;N;N;N;N;N
119241;2062;2061;2015;complete;648;7;-1;17;;1;0;1;2;6;8;3;1;2;4;0;0;3;10;4;9;7;19;12;14;41;59;2;4;0;0;0;0;0;0;0;0;0;0;0;0;0;0;0;0;0;0;0;0;0;0;0;0;0;0;0;0;0;0;0;0;0;0;0;0;0;0;0;0;0;0;0;0;0;0;0;0;0;0;0;0;0;0;0;0;0;0;0;0;0;0;0;0;0;0;0;0;1;1;0;0;0;0;1;2015-04-18 18:45:00;2062;0;33;0;17;0;-1;1;-1;-1;-1;-1;-1;-1;0;1;2;3;1;5;-1;0;0;0;0;0;0;0;0;0;0;0;0;0;1;1;0;0;-1;-1;0;0;-1;-1;-1;-1;-1;-1;-1;-1;-1;17;33;50;50;100;33;84;67;50;15.67;6;5.34;2.5;Cobh Ramblers;Shelbourne;1.43;1.43;1;2.33;0.67;1.33;84;67;50;50;0;67;50;33;0;0;0;456;28;Y;N;N;N;N;N;N
119242;2060;2064;2015;complete;648;8;-1;75;;1;0;1;2;2;4;6;0;1;2;0;0;4;0;5;5;9;5;13;13;61;39;1;2;0;0;0;0;0;0;0;0;0;0;0;0;0;0;0;0;0;0;0;0;0;0;0;0;0;0;0;0;0;0;0;0;0;0;0;0;0;0;0;0;0;0;0;0;0;0;0;0;0;0;0;0;0;0;0;0;0;0;0;0;0;0;0;0;0;0;0;0;1;0;0;1;0;1;0;2015-04-24 18:45:00;2060;0;33;33;17;0;-1;1;-1;-1;-1;-1;-1;-1;0;0;1;2;0;3;-1;0;0;0;0;0;0;0;0;0;0;0;0;0;1;1;0;0;-1;-1;0;0;-1;-1;-1;-1;-1;-1;-1;-1;-1;0;34;67;67;100;50;50;100;33;8;11.34;3.34;2.67;Athlone Town;Waterford;1.36;0.79;1.33;1;1.57;0.86;100;67;33;33;0;50;17;17;0;0;0;456;28;Y;N;N;N;N;N;N
119243;2059;2062;2015;complete;648;8;-1;14;62;1;1;2;5;6;11;1;1;2;3;0;0;4;2;9;1;13;3;7;10;63;37;2;3;0;0;0;0;0;0;0;0;0;0;0;0;0;0;0;0;0;0;0;0;0;0;0;0;0;0;0;0;0;0;0;0;0;0;0;0;0;0;0;0;0;0;0;0;0;0;0;0;0;0;0;0;0;0;0;0;0;0;0;0;0;0;0;0;0;0;0;0;2;1;0;0;1;1;1;2015-04-24 18:45:00;-1;0;42;13;29;0;-1;1;-1;-1;-1;-1;-1;-1;0;0;2;3;0;5;-1;0;0;0;0;0;0;0;0;1;0;1;0;0;1;1;0;0;-1;-1;0;0;-1;-1;-1;-1;-1;-1;-1;-1;-1;0;29;54;88;100;29;59;100;54;9.67;4.42;5.67;2.71;UCD;Cobh Ramblers;1.93;0.71;1;0.33;1.43;1;100;71;46;13;0;84;67;42;0;0;0;456;28;Y;Y;N;N;N;N;Y
119244;2054;2061;2015;complete;648;8;-1;79;;1;0;1;5;4;9;4;3;4;1;0;0;3;0;8;3;11;3;14;12;52;48;4;1;0;0;0;0;0;0;0;0;0;0;0;0;0;0;0;0;0;0;0;0;0;0;0;0;0;0;0;0;0;0;0;0;0;0;0;0;0;0;0;0;0;0;0;0;0;0;0;0;0;0;0;0;0;0;0;0;0;0;0;0;0;0;0;0;0;0;0;0;1;0;0;1;0;1;0;2015-04-24 19:00:00;2054;0;13;0;0;0;-1;1;-1;-1;-1;-1;-1;-1;2;0;2;1;2;3;-1;0;0;0;0;0;0;0;1;0;1;0;0;0;1;1;0;0;-1;-1;0;0;-1;-1;-1;-1;-1;-1;-1;-1;-1;0;13;13;46;100;13;71;75;13;15.67;6.58;2.92;1.71;Finn Harps;Shelbourne;2.4;1.43;3;1.75;2.43;1.14;100;88;88;54;0;71;59;46;0;0;0;456;28;Y;N;N;N;N;N;N
119245;2058;2063;2015;complete;648;8;-1;12,41,45,52,74,77,84;;7;0;7;4;2;6;8;2;2;2;0;0;3;3;5;2;8;5;14;13;55;45;2;2;0;0;0;0;0;0;0;0;0;0;0;0;0;0;0;0;0;0;0;0;0;0;0;0;0;0;0;0;0;0;0;0;0;0;0;0;0;0;0;0;0;0;0;0;0;0;0;0;0;0;0;0;0;0;0;0;0;0;0;0;0;0;0;0;0;0;0;0;7;3;0;4;0;4;3;2015-04-24 19:00:00;2058;0;33;33;17;0;-1;1;-1;-1;-1;-1;-1;-1;1;2;1;0;3;1;-1;0;0;0;0;0;0;0;1;0;1;0;0;0;1;1;0;0;-1;-1;1;0;-1;-1;-1;-1;-1;-1;-1;-1;-1;0;17;33;50;100;33;84;67;17;5.66;7;3.33;2;Wexford;Cabinteely;2.36;0.36;1;0.33;1.71;1;100;84;67;50;0;33;17;17;0;0;0;456;28;Y;Y;Y;Y;Y;Y;N
119246;2063;2054;2015;complete;648;9;-1;90;10;1;1;2;1;6;7;1;2;2;3;0;0;8;7;3;12;11;19;16;18;44;56;2;3;0;0;0;0;0;0;0;0;0;0;0;0;0;0;0;0;0;0;0;0;0;0;0;0;0;0;0;0;0;0;0;0;0;0;0;0;0;0;0;0;0;0;0;0;0;0;0;0;0;0;0;0;0;0;0;0;0;0;0;0;0;0;0;0;0;0;0;0;2;0;1;1;0;1;1;2015-05-01 18:45:00;-1;0;13;13;13;0;-1;1;-1;-1;-1;-1;-1;-1;0;1;2;2;1;4;-1;0;0;0;0;0;0;0;0;0;0;0;0;0;1;1;0;1;-1;-1;0;0;-1;-1;-1;-1;-1;-1;-1;-1;-1;0;13;13;38;88;13;63;63;13;9.25;4.25;5.5;1.5;Cabinteely;Finn Harps;1.07;1.67;1.5;2;0.88;2.5;100;88;88;63;13;50;38;25;0;0;0;456;28;Y;Y;N;N;N;N;Y
119247;2064;2058;2015;complete;648;9;-1;53;19,26,81,82;1;4;5;1;11;12;1;2;1;1;0;0;3;10;5;5;8;15;18;16;43;57;1;1;0;0;0;0;0;0;0;0;0;0;0;0;0;0;0;0;0;0;0;0;0;0;0;0;0;0;0;0;0;0;0;0;0;0;0;0;0;0;0;0;0;0;0;0;0;0;0;0;0;0;0;0;0;0;0;0;0;0;0;0;0;0;0;0;0;0;0;0;5;0;2;1;2;3;2;2015-05-01 18:45:00;2058;0;63;13;38;0;-1;1;-1;-1;-1;-1;-1;-1;1;0;0;1;1;1;-1;0;0;0;0;0;0;0;0;0;0;0;0;0;1;1;0;0;-1;-1;0;0;-1;-1;-1;-1;-1;-1;-1;-1;-1;25;38;38;75;100;38;75;88;50;8;4.75;2.75;2.88;Waterford;Wexford;0.71;2;0.75;2.25;0.75;1.88;75;63;63;25;0;50;50;50;0;0;0;456;28;Y;Y;Y;Y;Y;N;Y
119248;2061;2059;2015;complete;648;9;-1;;10,19;0;2;2;14;4;18;0;1;4;1;0;1;7;3;10;2;17;5;19;11;50;50;4;3;0;0;0;0;0;0;0;0;0;0;0;0;0;0;0;0;0;0;0;0;0;0;0;0;0;0;0;0;0;0;0;0;0;0;0;0;0;0;0;0;0;0;0;0;0;0;0;0;0;0;0;0;0;0;0;0;0;0;0;0;0;0;0;0;0;0;0;0;2;0;2;0;0;0;2;2015-05-01 19:00:00;2059;0;34;17;34;0;-1;1;-1;-1;-1;-1;-1;-1;1;1;3;1;2;4;-1;0;0;0;0;0;0;0;0;0;0;0;0;0;1;1;0;1;-1;-1;0;0;-1;-1;-1;-1;-1;-1;-1;-1;-1;17;34;50;67;84;34;84;67;50;10.33;6;5.34;2.67;Shelbourne;UCD;1.79;1.33;0.33;2;1;1.38;84;67;50;33;17;67;50;50;0;0;0;456;28;Y;Y;N;N;N;N;N
119249;2062;2060;2015;complete;648;9;-1;26;;1;0;1;1;9;10;3;0;2;3;0;0;2;6;2;14;4;20;16;8;32;68;2;3;0;0;0;0;0;0;0;0;0;0;0;0;0;0;0;0;0;0;0;0;0;0;0;0;0;0;0;0;0;0;0;0;0;0;0;0;0;0;0;0;0;0;0;0;0;0;0;0;0;0;0;0;0;0;0;0;0;0;0;0;0;0;0;0;0;0;0;0;1;1;0;0;0;0;1;2015-05-02 18:45:00;2062;0;50;0;25;0;-1;1;-1;-1;-1;-1;-1;-1;0;1;2;2;1;4;-1;0;0;0;0;0;0;0;0;0;0;0;0;0;1;1;0;0;-1;-1;0;0;-1;-1;-1;-1;-1;-1;-1;-1;-1;13;25;50;63;100;25;88;75;50;12.25;7.25;5.75;2.5;Cobh Ramblers;Athlone Town;1.43;1;1.5;1.75;1;1.75;88;75;50;38;0;50;38;38;0;0;0;456;28;Y;N;N;N;N;N;N
119250;2060;2059;2015;complete;648;10;-1;86;12;1;1;2;2;3;5;0;4;2;3;1;0;3;3;1;4;4;7;15;18;46;54;4;3;0;0;0;0;0;0;0;0;0;0;0;0;0;0;0;0;0;0;0;0;0;0;0;0;0;0;0;0;0;0;0;0;0;0;0;0;0;0;0;0;0;0;0;0;0;0;0;0;0;0;0;0;0;0;0;0;0;0;0;0;0;0;0;0;0;0;0;0;2;0;1;1;0;1;1;2015-05-08 18:45:00;-1;0;13;13;13;0;-1;1;-1;-1;-1;-1;-1;-1;0;0;3;3;0;6;-1;0;0;0;0;0;0;0;0;0;0;0;0;0;1;1;0;0;-1;-1;0;0;-1;-1;-1;-1;-1;-1;-1;-1;-1;0;25;38;63;100;38;75;75;25;7.75;11;2.75;2.25;Athlone Town;UCD;1.36;1.33;1.75;2.25;1.56;1.56;100;75;63;38;0;38;25;25;0;0;0;456;28;Y;Y;N;N;N;N;Y
119251;2054;2064;2015;complete;648;10;-1;1,5,88;27,72;3;2;5;8;6;14;11;3;2;5;0;0;3;3;5;2;8;5;8;11;57;43;2;5;0;0;0;0;0;0;0;0;0;0;0;0;0;0;0;0;0;0;0;0;0;0;0;0;0;0;0;0;0;0;0;0;0;0;0;0;0;0;0;0;0;0;0;0;0;0;0;0;0;0;0;0;0;0;0;0;0;0;0;0;0;0;0;0;0;0;0;0;5;2;1;1;1;2;3;2015-05-08 19:00:00;2054;0;13;13;0;0;-1;1;-1;-1;-1;-1;-1;-1;1;3;1;2;4;3;-1;0;0;0;0;0;0;0;0;0;0;0;0;0;1;1;2;0;-1;-1;0;0;-1;-1;-1;-1;-1;-1;-1;-1;-1;0;0;25;50;100;13;38;100;13;9.75;7;4;1.75;Finn Harps;Waterford;2.4;0.79;3;0.75;2.33;0.67;100;100;75;50;0;63;38;38;0;0;0;456;28;Y;Y;Y;Y;Y;N;Y
119252;2061;2063;2015;complete;648;10;-1;42;;1;0;1;9;4;13;1;3;4;1;0;0;5;3;9;2;14;5;7;12;57;43;4;1;0;0;0;0;0;0;0;0;0;0;0;0;0;0;0;0;0;0;0;0;0;0;0;0;0;0;0;0;0;0;0;0;0;0;0;0;0;0;0;0;0;0;0;0;0;0;0;0;0;0;0;0;0;0;0;0;0;0;0;0;0;0;0;0;0;0;0;0;1;1;0;0;0;0;1;2015-05-08 19:00:00;2061;0;38;25;38;0;-1;1;-1;-1;-1;-1;-1;-1;2;0;2;1;2;3;-1;0;0;0;0;0;0;0;0;0;0;0;0;0;1;1;0;0;-1;-1;0;0;-1;-1;-1;-1;-1;-1;-1;-1;-1;25;50;50;75;88;63;88;63;50;10.25;5.5;6;3.25;Shelbourne;Cabinteely;1.79;0.36;0.25;0.25;0.89;0.89;75;50;50;25;13;63;50;50;0;0;0;456;28;Y;N;N;N;N;N;N
119253;2058;2062;2015;complete;648;10;-1;33;;1;0;1;8;4;12;3;0;2;2;0;0;8;2;5;2;13;4;13;12;64;36;2;2;0;0;0;0;0;0;0;0;0;0;0;0;0;0;0;0;0;0;0;0;0;0;0;0;0;0;0;0;0;0;0;0;0;0;0;0;0;0;0;0;0;0;0;0;0;0;0;0;0;0;0;0;0;0;0;0;0;0;0;0;0;0;0;0;0;0;0;0;1;1;0;0;0;0;1;2015-05-08 19:00:00;2058;0;38;13;13;0;-1;1;-1;-1;-1;-1;-1;-1;1;0;1;2;1;3;-1;0;0;0;0;0;0;0;0;0;0;0;0;0;1;1;0;0;-1;-1;0;0;-1;-1;-1;-1;-1;-1;-1;-1;-1;13;25;38;75;100;38;75;88;25;8.5;5.5;4.75;2.75;Wexford;Cobh Ramblers;2.36;0.71;1.5;0.5;2;1.22;88;75;63;25;0;50;25;25;0;0;0;456;28;Y;N;N;N;N;N;N
119254;2060;2061;2015;complete;648;11;-1;84,90;18,65,89;2;3;5;7;3;10;4;6;2;0;0;0;4;3;9;6;13;9;8;11;55;45;2;0;0;0;0;0;0;0;0;0;0;0;0;0;0;0;0;0;0;0;0;0;0;0;0;0;0;0;0;0;0;0;0;0;0;0;0;0;0;0;0;0;0;0;0;0;0;0;0;0;0;0;0;0;0;0;0;0;0;0;0;0;0;0;0;0;0;0;0;0;5;0;1;2;2;4;1;2015-05-15 18:45:00;2061;0;30;10;10;0;-1;1;-1;-1;-1;-1;-1;-1;2;0;0;0;2;0;-1;0;0;0;0;0;0;0;0;0;0;0;0;0;1;1;0;0;-1;-1;0;0;-1;-1;-1;-1;-1;-1;-1;-1;-1;0;30;30;40;100;30;60;80;20;11.2;8;3.4;2;Athlone Town;Shelbourne;1.36;1.43;1.6;1.4;1.5;1.1;100;70;70;60;0;50;20;10;0;0;0;456;28;Y;Y;Y;Y;Y;N;Y
119255;2059;2058;2015;complete;648;11;-1;23,65,72,75;60;4;1;5;6;7;13;3;5;2;3;0;0;4;4;3;4;7;8;20;10;48;52;2;3;0;0;0;0;0;0;0;0;0;0;0;0;0;0;0;0;0;0;0;0;0;0;0;0;0;0;0;0;0;0;0;0;0;0;0;0;0;0;0;0;0;0;0;0;0;0;0;0;0;0;0;0;0;0;0;0;0;0;0;0;0;0;0;0;0;0;0;0;5;1;0;3;1;4;1;2015-05-15 18:45:00;2059;0;60;20;40;0;-1;1;-1;-1;-1;-1;-1;-1;1;1;1;2;2;3;-1;0;0;0;0;0;0;0;0;0;0;0;0;0;1;1;0;0;-1;-1;0;0;-1;-1;-1;-1;-1;-1;-1;-1;-1;30;40;60;70;100;40;70;90;60;10.8;5.2;3;3.1;UCD;Wexford;1.93;2;1;2.4;1.5;2.1;70;60;40;30;0;80;80;60;0;0;0;456;28;Y;Y;Y;Y;Y;N;Y
119256;2064;2063;2015;complete;648;11;-1;31,34,84;44;3;1;4;3;5;8;2;1;0;0;0;0;3;3;5;4;8;7;13;7;51;49;0;0;0;0;0;0;0;0;0;0;0;0;0;0;0;0;0;0;0;0;0;0;0;0;0;0;0;0;0;0;0;0;0;0;0;0;0;0;0;0;0;0;0;0;0;0;0;0;0;0;0;0;0;0;0;0;0;0;0;0;0;0;0;0;0;0;0;0;0;0;4;2;1;1;0;1;3;2015-05-15 18:45:00;2064;0;50;10;30;0;-1;-1;-1;-1;-1;-1;-1;-1;0;0;0;0;0;0;-1;0;0;0;0;0;0;0;0;0;0;0;0;0;1;1;0;0;-1;-1;-1;-1;-1;-1;-1;-1;-1;-1;-1;-1;-1;20;40;40;80;100;40;90;80;50;5.6;5.2;3.6;3;Waterford;Cabinteely;0.71;0.36;0.6;0.2;0.6;0.8;80;60;60;20;0;50;50;50;0;0;0;456;28;Y;Y;Y;Y;N;N;Y
119257;2062;2054;2015;complete;648;11;-1;28,46;19,80,89;2;3;5;2;9;11;7;0;1;3;0;0;2;9;4;6;6;15;14;12;44;56;1;3;0;0;0;0;0;0;0;0;0;0;0;0;0;0;0;0;0;0;0;0;0;0;0;0;0;0;0;0;0;0;0;0;0;0;0;0;0;0;0;0;0;0;0;0;0;0;0;0;0;0;0;0;0;0;0;0;0;0;0;0;0;0;0;0;0;0;0;0;5;1;1;1;2;3;2;2015-05-16 18:45:00;2054;0;30;10;20;0;-1;1;-1;-1;-1;-1;-1;-1;1;2;0;1;3;1;-1;0;0;0;0;0;0;0;0;0;0;0;0;0;1;1;0;0;-1;-1;0;0;-1;-1;-1;-1;-1;-1;-1;-1;-1;10;20;30;50;90;20;80;60;30;10.2;6.2;5.8;2;Cobh Ramblers;Finn Harps;1.43;1.67;1.8;1.8;1.1;2.4;90;80;70;50;10;40;40;20;0;0;0;456;28;Y;Y;Y;Y;Y;N;Y
119258;2061;2064;2015;complete;648;12;-1;56;;1;0;1;3;3;6;1;1;0;3;0;0;5;6;5;3;10;9;10;14;57;43;0;3;0;0;0;0;0;0;0;0;0;0;0;0;0;0;0;0;0;0;0;0;0;0;0;0;0;0;0;0;0;0;0;0;0;0;0;0;0;0;0;0;0;0;0;0;0;0;0;0;0;0;0;0;0;0;0;0;0;0;0;0;0;0;0;0;0;0;0;0;1;0;0;1;0;1;0;2015-05-22 18:15:00;2061;0;40;30;30;0;-1;1;-1;-1;-1;-1;-1;-1;0;1;0;2;1;2;-1;0;0;0;0;0;0;0;1;0;1;0;0;0;1;1;0;0;-1;-1;0;0;-1;-1;-1;-1;-1;-1;-1;-1;-1;20;30;50;60;90;50;60;70;40;12.2;3.8;6.8;2.6;Shelbourne;Waterford;1.79;0.79;0.8;0.6;1.27;0.82;80;70;50;40;10;80;60;60;0;0;0;456;28;Y;N;N;N;N;N;N
119259;2063;2062;2015;complete;648;12;-1;9,13;33,90;2;2;4;4;2;6;1;6;2;1;0;0;2;5;0;7;2;12;15;13;52;48;2;1;0;0;0;0;0;0;0;0;0;0;0;0;0;0;0;0;0;0;0;0;0;0;0;0;0;0;0;0;0;0;0;0;0;0;0;0;0;0;0;0;0;0;0;0;0;0;0;0;0;0;0;0;0;0;0;0;0;0;0;0;0;0;0;0;0;0;0;0;4;2;1;0;1;1;3;2015-05-22 18:45:00;-1;0;30;0;10;0;-1;1;-1;-1;-1;-1;-1;-1;1;0;1;1;1;2;-1;0;0;0;0;0;0;0;0;0;0;0;0;0;1;1;1;0;-1;-1;0;0;-1;-1;-1;-1;-1;-1;-1;-1;-1;0;10;10;60;100;10;80;70;10;7.4;3;5.8;1.8;Cabinteely;Cobh Ramblers;1.07;0.71;1.4;0.4;0.73;1;100;90;90;40;0;60;40;40;0;0;0;456;28;Y;Y;Y;Y;N;N;Y
119260;2054;2059;2015;complete;648;12;-1;66,85;58,84;2;2;4;6;4;10;0;1;3;3;0;0;2;3;7;1;9;4;14;10;46;54;3;3;0;0;0;0;0;0;0;0;0;0;0;0;0;0;0;0;0;0;0;0;0;0;0;0;0;0;0;0;0;0;0;0;0;0;0;0;0;0;0;0;0;0;0;0;0;0;0;0;0;0;0;0;0;0;0;0;0;0;0;0;0;0;0;0;0;0;0;0;4;0;0;2;2;4;0;2015-05-22 19:00:00;-1;0;20;10;10;0;-1;1;-1;-1;-1;-1;-1;-1;1;0;2;3;1;5;-1;0;0;0;0;0;0;0;0;0;0;0;0;0;1;1;0;0;-1;-1;1;0;-1;-1;-1;-1;-1;-1;-1;-1;-1;10;10;20;70;100;20;80;80;20;10.6;9.4;3.8;2.1;Finn Harps;UCD;2.4;1.33;3;2;2.45;1.64;90;90;80;30;0;60;50;50;0;0;0;456;30;Y;Y;Y;Y;N;N;Y
119261;2060;2054;2015;complete;648;13;-1;69;;1;0;1;4;9;13;3;3;2;1;0;0;2;4;1;4;3;8;13;14;44;56;2;1;0;0;0;0;0;0;0;0;0;0;0;0;0;0;0;0;0;0;0;0;0;0;0;0;0;0;0;0;0;0;0;0;0;0;0;0;0;0;0;0;0;0;0;0;0;0;0;0;0;0;0;0;0;0;0;0;0;0;0;0;0;0;0;0;0;0;0;0;1;0;0;1;0;1;0;2015-06-05 18:45:00;2060;0;50;25;33;0;-1;1;-1;-1;-1;-1;-1;-1;0;0;2;1;0;3;-1;0;0;0;0;0;0;0;0;0;0;0;0;0;1;1;0;0;-1;-1;0;0;-1;-1;-1;-1;-1;-1;-1;-1;-1;17;42;42;67;92;33;67;92;33;10.5;7.83;4.33;2.58;Athlone Town;Finn Harps;1.36;1.67;1.33;2;1.36;2.33;83;59;59;33;9;42;34;17;0;0;0;456;28;Y;N;N;N;N;N;N
119262;2062;2064;2015;complete;648;13;-1;44;;1;0;1;13;2;15;3;0;2;1;0;0;8;2;6;6;14;8;16;19;48;52;2;1;0;0;0;0;0;0;0;0;0;0;0;0;0;0;0;0;0;0;0;0;0;0;0;0;0;0;0;0;0;0;0;0;0;0;0;0;0;0;0;0;0;0;0;0;0;0;0;0;0;0;0;0;0;0;0;0;0;0;0;0;0;0;0;0;0;0;0;0;1;1;0;0;0;0;1;2015-06-05 18:45:00;2062;0;33;25;25;0;-1;1;-1;-1;-1;-1;-1;-1;2;0;0;1;2;1;-1;0;0;0;0;0;0;0;0;0;0;0;0;0;1;1;0;0;-1;-1;0;0;-1;-1;-1;-1;-1;-1;-1;-1;-1;25;25;50;50;100;33;67;75;42;7.5;6.5;5.67;2.5;Cobh Ramblers;Waterford;1.43;0.79;1.5;0.5;1;0.75;75;75;50;50;0;50;42;33;0;0;0;456;28;Y;N;N;N;N;N;N
119263;2059;2063;2015;complete;648;13;-1;40,43,45,52,54,80;45;6;1;7;6;2;8;4;0;2;3;0;1;9;0;14;0;23;0;16;12;67;33;2;5;0;0;0;0;0;0;0;0;0;0;0;0;0;0;0;0;0;0;0;0;0;0;0;0;0;0;0;0;0;0;0;0;0;0;0;0;0;0;0;0;0;0;0;0;0;0;0;0;0;0;0;0;0;0;0;0;0;0;0;0;0;0;0;0;0;0;0;0;7;3;1;3;0;3;4;2015-06-05 18:45:00;2059;0;50;25;25;0;-1;1;-1;-1;-1;-1;-1;-1;0;2;2;2;2;4;-1;0;0;0;0;0;0;0;0;0;0;0;0;0;1;1;0;0;-1;-1;0;0;-1;-1;-1;-1;-1;-1;-1;-1;-1;17;42;59;75;100;34;84;84;50;8.17;5.67;3.67;3.09;UCD;Cabinteely;1.93;0.36;1.33;0.17;1.58;0.75;83;59;42;25;0;67;67;50;0;0;0;456;28;Y;Y;Y;Y;Y;Y;Y
119264;2058;2061;2015;complete;648;13;-1;40,48;12,20,80;2;3;5;4;5;9;4;2;2;2;1;0;5;3;8;7;13;10;11;8;49;51;3;2;0;0;0;0;0;0;0;0;0;0;0;0;0;0;0;0;0;0;0;0;0;0;0;0;0;0;0;0;0;0;0;0;0;0;0;0;0;0;0;0;0;0;0;0;0;0;0;0;0;0;0;0;0;0;0;0;0;0;0;0;0;0;0;0;0;0;0;0;5;1;2;1;1;2;3;2015-06-05 19:00:00;2061;0;27;10;9;0;-1;1;-1;-1;-1;-1;-1;-1;0;0;3;2;0;5;-1;0;0;0;0;0;0;0;0;0;0;0;0;0;1;1;0;0;-1;-1;0;0;-1;-1;-1;-1;-1;-1;-1;-1;-1;19;27;37;37;100;29;74;64;27;11.57;6.13;3.07;2.39;Wexford;Shelbourne;2.36;1.43;1.8;1.67;1.91;1.42;82;74;64;64;0;62;35;19;0;0;0;456;28;Y;Y;Y;Y;Y;N;Y
119265;2059;2061;2015;complete;648;16;-1;30,79;57;2;1;3;6;5;11;2;2;1;2;0;0;5;2;7;4;12;6;10;14;52;48;1;2;0;0;0;0;0;0;0;0;0;0;0;0;0;0;0;0;0;0;0;0;0;0;0;0;0;0;0;0;0;0;0;0;0;0;0;0;0;0;0;0;0;0;0;0;0;0;0;0;0;0;0;0;0;0;0;0;0;0;0;0;0;0;0;0;0;0;0;0;3;1;0;1;1;2;1;2015-06-09 18:45:00;2059;0;57;22;29;0;-1;1;-1;-1;-1;-1;-1;-1;1;1;0;1;2;1;-1;0;0;0;0;0;0;0;0;0;0;0;0;0;1;1;0;0;-1;-1;0;0;-1;-1;-1;-1;-1;-1;-1;-1;-1;29;43;57;65;100;29;71;86;57;12.15;5;3.71;3.07;UCD;Shelbourne;1.93;1.43;1.57;1.86;1.69;1.54;71;57;43;36;0;86;65;36;0;0;0;456;28;Y;Y;Y;N;N;N;Y
119266;2058;2060;2015;complete;648;12;-1;57,58;;2;0;2;2;4;6;7;1;2;2;0;0;3;9;3;11;6;20;24;14;47;53;2;2;0;0;0;0;0;0;0;0;0;0;0;0;0;0;0;0;0;0;0;0;0;0;0;0;0;0;0;0;0;0;0;0;0;0;0;0;0;0;0;0;0;0;0;0;0;0;0;0;0;0;0;0;0;0;0;0;0;0;0;0;0;0;0;0;0;0;0;0;2;0;0;2;0;2;0;2015-06-09 19:00:00;2058;0;47;17;19;0;-1;1;-1;-1;-1;-1;-1;-1;1;1;1;1;2;2;-1;0;0;0;0;0;0;0;0;0;0;0;0;0;1;1;0;0;-1;-1;0;0;-1;-1;-1;-1;-1;-1;-1;-1;-1;17;27;45;55;100;35;82;74;37;12.13;6.23;4.27;2.6;Wexford;Athlone Town;2.36;1;1.5;1.4;1.75;1.5;84;74;55;45;0;65;39;29;0;0;0;456;28;Y;Y;N;N;N;N;N
119267;2063;2060;2015;complete;648;14;-1;16,68;;2;0;2;2;7;9;4;3;0;1;0;0;4;6;3;9;7;15;14;10;47;53;0;1;0;0;0;0;0;0;0;0;0;0;0;0;0;0;0;0;0;0;0;0;0;0;0;0;0;0;0;0;0;0;0;0;0;0;0;0;0;0;0;0;0;0;0;0;0;0;0;0;0;0;0;0;0;0;0;0;0;0;0;0;0;0;0;0;0;0;0;0;2;1;0;1;0;1;1;2015-06-12 18:45:00;2063;0;42;9;9;0;-1;1;-1;-1;-1;-1;-1;-1;0;0;0;1;0;1;-1;0;0;0;0;0;0;0;0;0;0;0;0;0;1;1;0;0;-1;-1;0;0;-1;-1;-1;-1;-1;-1;-1;-1;-1;0;17;25;59;100;17;75;75;25;10;3.84;5;2;Cabinteely;Athlone Town;1.07;1;1.33;1.17;0.69;1.38;100;83;75;42;0;50;34;25;0;0;0;456;28;Y;Y;N;N;N;N;N
119268;2064;2059;2015;complete;648;14;-1;;;0;0;0;4;9;13;2;5;1;1;0;0;2;4;5;6;7;10;10;17;46;54;1;1;0;0;0;0;0;0;0;0;0;0;0;0;0;0;0;0;0;0;0;0;0;0;0;0;0;0;0;0;0;0;0;0;0;0;0;0;0;0;0;0;0;0;0;0;0;0;0;0;0;0;0;0;0;0;0;0;0;0;0;0;0;0;0;0;0;0;0;0;0;0;0;0;0;0;0;2015-06-12 18:45:00;-1;0;58;9;25;0;-1;1;-1;-1;-1;-1;-1;-1;1;0;0;1;1;1;-1;0;0;0;0;0;0;0;0;0;0;0;0;0;1;1;0;0;-1;-1;0;0;-1;-1;-1;-1;-1;-1;-1;-1;-1;9;34;42;92;100;34;83;84;42;7;4.5;3.66;2.75;Waterford;UCD;0.71;1.33;1;1.83;0.69;1.79;92;67;59;9;0;50;50;42;0;0;0;456;28;N;N;N;N;N;N;N
119269;2061;2062;2015;complete;648;14;-1;61;29;1;1;2;9;3;12;0;2;0;3;0;0;6;8;9;3;15;11;8;11;61;39;0;3;0;0;0;0;0;0;0;0;0;0;0;0;0;0;0;0;0;0;0;0;0;0;0;0;0;0;0;0;0;0;0;0;0;0;0;0;0;0;0;0;0;0;0;0;0;0;0;0;0;0;0;0;0;0;0;0;0;0;0;0;0;0;0;0;0;0;0;0;2;0;1;1;0;1;1;2015-06-12 18:45:00;-1;0;42;17;25;0;-1;1;-1;-1;-1;-1;-1;-1;0;0;0;3;0;3;-1;0;0;0;0;0;0;0;0;0;0;0;0;0;1;1;0;0;-1;-1;0;0;-1;-1;-1;-1;-1;-1;-1;-1;-1;9;33;33;67;92;42;75;67;25;11.66;3.5;6;2.42;Shelbourne;Cobh Ramblers;1.79;0.71;1.17;0.5;1.43;1.15;92;67;67;34;9;75;59;59;0;0;0;456;28;Y;Y;N;N;N;N;Y
119270;2054;2058;2015;complete;648;14;-1;62;21,45,71;1;3;4;10;0;10;3;4;4;3;0;1;3;0;12;3;15;3;13;19;67;33;4;4;0;0;0;0;0;0;0;0;0;0;0;0;0;0;0;0;0;0;0;0;0;0;0;0;0;0;0;0;0;0;0;0;0;0;0;0;0;0;0;0;0;0;0;0;0;0;0;0;0;0;0;0;0;0;0;0;0;0;0;0;0;0;0;0;0;0;0;0;4;0;2;1;1;2;2;2015-06-12 19:00:00;2058;0;50;17;50;0;-1;1;-1;-1;-1;-1;-1;-1;2;1;2;3;3;5;-1;0;0;0;0;0;0;0;0;0;0;0;0;0;1;1;0;0;-1;-1;0;0;-1;-1;-1;-1;-1;-1;-1;-1;-1;42;50;50;67;100;34;67;92;50;12.5;8.34;3.16;3.17;Finn Harps;Wexford;2.4;2;2.67;2;2.15;1.85;58;50;50;33;0;75;67;59;0;0;0;456;28;Y;Y;Y;Y;N;N;Y
119271;2064;2060;2015;complete;648;15;-1;;18;0;1;1;7;5;12;3;2;1;2;0;0;6;2;5;8;11;10;7;15;60;40;1;2;0;0;0;0;0;0;0;0;0;0;0;0;0;0;0;0;0;0;0;0;0;0;0;0;0;0;0;0;0;0;0;0;0;0;0;0;0;0;0;0;0;0;0;0;0;0;0;0;0;0;0;0;0;0;0;0;0;0;0;0;0;0;0;0;0;0;0;0;1;0;1;0;0;0;1;2015-06-25 18:45:00;2060;0;57;7;22;0;-1;1;-1;-1;-1;-1;-1;-1;0;2;1;0;2;1;-1;0;0;0;0;0;0;0;0;0;0;0;0;0;1;1;0;0;-1;-1;0;0;-1;-1;-1;-1;-1;-1;-1;-1;-1;7;29;36;79;93;29;71;86;43;10.28;4;3.58;2.43;Waterford;Athlone Town;0.71;1;1;1;0.71;1.29;93;72;64;22;7;64;50;43;0;0;0;456;28;Y;N;N;N;N;N;N
119272;2063;2058;2015;complete;648;15;-1;57,70;3,76,90;2;3;5;2;5;7;4;6;2;1;0;0;2;8;1;9;3;17;13;11;49;51;2;1;0;0;0;0;0;0;0;0;0;0;0;0;0;0;0;0;0;0;0;0;0;0;0;0;0;0;0;0;0;0;0;0;0;0;0;0;0;0;0;0;0;0;0;0;0;0;0;0;0;0;0;0;0;0;0;0;0;0;0;0;0;0;0;0;0;0;0;0;5;0;1;2;2;4;1;2015-06-26 18:45:00;2058;0;50;14;36;0;-1;1;-1;-1;-1;-1;-1;-1;0;0;2;1;0;3;-1;0;0;0;0;0;0;0;0;0;0;0;0;0;1;1;0;1;-1;-1;0;0;-1;-1;-1;-1;-1;-1;-1;-1;-1;29;43;43;64;100;36;86;79;36;7.85;5.29;3.85;2.86;Cabinteely;Wexford;1.07;2;1.57;2.14;0.86;1.93;72;58;58;36;0;57;43;36;0;0;0;456;28;Y;Y;Y;Y;Y;N;Y
119273;2061;2054;2015;complete;648;15;-1;41,55,58;11,46;3;2;5;3;4;7;3;3;3;2;1;1;4;6;2;9;6;15;7;15;43;57;5;4;0;0;0;0;0;0;0;0;0;0;0;0;0;0;0;0;0;0;0;0;0;0;0;0;0;0;0;0;0;0;0;0;0;0;0;0;0;0;0;0;0;0;0;0;0;0;0;0;0;0;0;0;0;0;0;0;0;0;0;0;0;0;0;0;0;0;0;0;5;1;1;2;1;3;2;2015-06-26 18:45:00;2061;0;43;22;29;0;-1;1;-1;-1;-1;-1;-1;-1;3;1;1;2;4;3;-1;0;0;0;0;0;0;0;1;0;1;0;0;0;1;1;0;0;-1;-1;0;0;-1;-1;-1;-1;-1;-1;-1;-1;-1;14;29;29;57;86;36;64;72;29;14.57;3.29;5.28;2.22;Shelbourne;Finn Harps;1.79;1.67;1.14;1.71;1.4;2;86;71;71;43;14;72;64;57;0;0;0;456;28;Y;Y;Y;Y;Y;N;Y
119274;2062;2059;2015;complete;648;15;-1;90;3;1;1;2;9;4;13;3;2;2;1;0;1;5;4;9;4;14;8;12;6;50;50;2;3;0;0;0;0;0;0;0;0;0;0;0;0;0;0;0;0;0;0;0;0;0;0;0;0;0;0;0;0;0;0;0;0;0;0;0;0;0;0;0;0;0;0;0;0;0;0;0;0;0;0;0;0;0;0;0;0;0;0;0;0;0;0;0;0;0;0;0;0;2;0;1;1;0;1;1;2015-06-27 18:45:00;-1;0;29;7;22;0;-1;1;-1;-1;-1;-1;-1;-1;0;1;2;1;1;3;-1;0;0;0;0;0;0;0;1;0;1;0;0;0;1;1;0;1;-1;-1;0;0;-1;-1;-1;-1;-1;-1;-1;-1;-1;15;22;36;57;93;22;86;50;36;9.71;7.43;4.71;2.22;Cobh Ramblers;UCD;1.43;1.33;1.71;1.71;1.14;1.73;86;79;64;43;7;57;57;43;0;0;0;456;28;Y;Y;N;N;N;N;Y
119275;2060;2062;2015;complete;648;16;-1;73;36,63,71,81;1;4;5;3;6;9;0;7;2;2;0;0;8;6;5;9;13;15;8;13;57;43;2;2;0;0;0;0;0;0;0;0;0;0;0;0;0;0;0;0;0;0;0;0;0;0;0;0;0;0;0;0;0;0;0;0;0;0;0;0;0;0;0;0;0;0;0;0;0;0;0;0;0;0;0;0;0;0;0;0;0;0;0;0;0;0;0;0;0;0;0;0;5;0;1;1;3;4;1;2015-07-03 18:45:00;2062;0;50;14;22;0;-1;1;-1;-1;-1;-1;-1;-1;0;0;2;2;0;4;-1;0;0;0;0;0;0;0;0;1;0;1;0;0;1;1;0;0;-1;-1;0;0;-1;-1;-1;-1;-1;-1;-1;-1;-1;7;36;36;72;100;29;72;93;22;8;7.57;4.43;2.5;Athlone Town;Cobh Ramblers;1.36;0.71;1.57;0.57;1.4;1.13;93;64;64;29;0;57;43;36;0;0;0;456;28;Y;Y;Y;Y;Y;N;Y
119276;2054;2063;2015;complete;648;16;-1;38;;1;0;1;7;2;9;3;3;1;2;0;0;2;2;7;0;9;2;12;16;58;42;1;2;0;0;0;0;0;0;0;0;0;0;0;0;0;0;0;0;0;0;0;0;0;0;0;0;0;0;0;0;0;0;0;0;0;0;0;0;0;0;0;0;0;0;0;0;0;0;0;0;0;0;0;0;0;0;0;0;0;0;0;0;0;0;0;0;0;0;0;0;1;1;0;0;0;0;1;2015-07-03 19:00:00;2054;0;43;29;29;0;-1;1;-1;-1;-1;-1;-1;-1;0;0;1;2;0;3;-1;0;0;0;0;0;0;0;0;0;0;0;0;0;1;1;0;0;-1;-1;0;0;-1;-1;-1;-1;-1;-1;-1;-1;-1;22;50;50;71;100;43;79;86;43;9.86;7.57;4.28;3.21;Finn Harps;Cabinteely;2.4;0.36;2.29;0.14;1.87;0.8;79;50;50;29;0;58;50;36;0;0;0;456;28;Y;N;N;N;N;N;N
119277;2058;2064;2015;complete;648;16;-1;8,34,36,46;;4;0;4;4;4;8;2;2;2;1;0;0;4;6;3;4;7;10;14;15;49;51;2;1;0;0;0;0;0;0;0;0;0;0;0;0;0;0;0;0;0;0;0;0;0;0;0;0;0;0;0;0;0;0;0;0;0;0;0;0;0;0;0;0;0;0;0;0;0;0;0;0;0;0;0;0;0;0;0;0;0;0;0;0;0;0;0;0;0;0;0;0;4;3;0;1;0;1;3;2015-07-03 19:00:00;2058;0;29;29;14;0;-1;1;-1;-1;-1;-1;-1;-1;2;0;0;1;2;1;-1;0;0;0;0;0;0;0;1;0;1;0;0;0;1;1;1;0;-1;-1;0;0;-1;-1;-1;-1;-1;-1;-1;-1;-1;22;22;43;50;100;36;57;79;36;7.57;6;4.42;2.5;Wexford;Waterford;2.36;0.79;1.71;0.43;2;0.67;79;79;57;50;0;50;29;29;0;0;0;456;28;Y;Y;Y;Y;N;N;N
119278;2063;2061;2015;complete;648;17;-1;;55;0;1;1;4;2;6;0;2;2;1;0;0;5;4;4;11;9;15;12;13;45;55;2;1;0;0;0;0;0;0;0;0;0;0;0;0;0;0;0;0;0;0;0;0;0;0;0;0;0;0;0;0;0;0;0;0;0;0;0;0;0;0;0;0;0;0;0;0;0;0;0;0;0;0;0;0;0;0;0;0;0;0;0;0;0;0;0;0;0;0;0;0;1;0;0;0;1;1;0;2015-07-10 18:45:00;2061;0;44;13;26;0;-1;1;-1;-1;-1;-1;-1;-1;1;0;1;1;1;2;-1;0;0;0;0;0;0;0;0;0;0;0;0;0;1;1;0;0;-1;-1;0;0;-1;-1;-1;-1;-1;-1;-1;-1;-1;19;32;38;57;100;19;82;75;32;9.26;4.5;3.88;2.44;Cabinteely;Shelbourne;1.07;1.43;1.38;1.63;0.75;1.5;82;69;63;44;0;63;32;19;0;0;0;456;28;Y;N;N;N;N;N;N
119279;2064;2054;2015;complete;648;17;-1;;41,63,67;0;3;3;7;4;11;3;8;3;2;0;0;4;4;5;4;9;8;9;15;58;42;3;2;0;0;0;0;0;0;0;0;0;0;0;0;0;0;0;0;0;0;0;0;0;0;0;0;0;0;0;0;0;0;0;0;0;0;0;0;0;0;0;0;0;0;0;0;0;0;0;0;0;0;0;0;0;0;0;0;0;0;0;0;0;0;0;0;0;0;0;0;3;0;1;0;2;2;1;2015-07-10 18:45:00;2054;0;57;26;32;0;-1;1;-1;-1;-1;-1;-1;-1;1;0;2;2;1;4;-1;0;0;0;0;0;0;0;0;0;0;0;0;0;1;1;0;0;-1;-1;0;0;-1;-1;-1;-1;-1;-1;-1;-1;-1;19;38;38;69;88;38;69;82;38;10.26;4.01;4;2.5;Waterford;Finn Harps;0.71;1.67;0.88;1.5;0.63;1.94;82;63;63;32;13;57;57;51;0;0;0;456;28;Y;Y;Y;N;N;N;N
119280;2062;2058;2015;complete;648;17;-1;;61,78,88;0;3;3;2;6;8;3;1;4;3;0;0;7;3;10;4;17;7;11;11;45;55;4;3;0;0;0;0;0;0;0;0;0;0;0;0;0;0;0;0;0;0;0;0;0;0;0;0;0;0;0;0;0;0;0;0;0;0;0;0;0;0;0;0;0;0;0;0;0;0;0;0;0;0;0;0;0;0;0;0;0;0;0;0;0;0;0;0;0;0;0;0;3;0;0;0;3;3;0;2015-07-11 18:45:00;2058;0;57;13;50;0;-1;1;-1;-1;-1;-1;-1;-1;2;1;2;2;3;4;-1;0;0;0;0;0;0;0;0;0;0;0;0;0;1;1;0;0;-1;-1;0;0;-1;-1;-1;-1;-1;-1;-1;-1;-1;44;50;57;63;100;38;94;69;57;10.63;7.76;4.13;3.19;Cobh Ramblers;Wexford;1.43;2;1.63;2.25;1.25;2.06;57;50;44;38;0;63;63;50;0;0;0;456;28;Y;Y;Y;N;N;N;N
119281;2063;2064;2015;complete;648;18;-1;90;77;1;1;2;3;6;9;4;3;3;2;0;0;3;8;4;4;7;12;15;17;37;63;3;2;0;0;0;0;0;0;0;0;0;0;0;0;0;0;0;0;0;0;0;0;0;0;0;0;0;0;0;0;0;0;0;0;0;0;0;0;0;0;0;0;0;0;0;0;0;0;0;0;0;0;0;0;0;0;0;0;0;0;0;0;0;0;0;0;0;0;0;0;2;0;0;1;1;2;0;2015-07-13 18:45:00;-1;0;29;18;12;0;-1;1;-1;-1;-1;-1;-1;-1;2;0;1;2;2;3;-1;0;0;0;0;0;0;0;0;0;0;0;0;0;1;1;0;0;-1;-1;0;0;-1;-1;-1;-1;-1;-1;-1;-1;-1;12;24;36;53;100;25;64;83;18;6.41;3.75;4.61;2.25;Cabinteely;Waterford;1.07;0.79;1.22;0.38;0.71;0.59;89;77;64;47;0;42;25;25;0;0;0;456;28;Y;Y;N;N;N;N;Y
119282;2061;2060;2015;complete;648;18;-1;4,64,90;56;3;1;4;4;5;9;6;1;1;1;0;1;5;4;10;5;15;9;7;10;44;56;1;3;0;0;0;0;0;0;0;0;0;0;0;0;0;0;0;0;0;0;0;0;0;0;0;0;0;0;0;0;0;0;0;0;0;0;0;0;0;0;0;0;0;0;0;0;0;0;0;0;0;0;0;0;0;0;0;0;0;0;0;0;0;0;0;0;0;0;0;0;4;1;0;2;1;3;1;2015-07-17 18:45:00;2061;0;44;13;26;0;-1;1;-1;-1;-1;-1;-1;-1;1;1;0;1;2;1;-1;0;0;0;0;0;0;0;0;0;0;0;0;0;1;1;1;0;-1;-1;0;0;-1;-1;-1;-1;-1;-1;-1;-1;-1;13;26;32;63;94;32;75;69;38;13.88;3.75;5.25;2.32;Shelbourne;Athlone Town;1.79;1;1.38;1.25;1.59;1.31;88;76;69;38;7;75;57;51;0;0;0;456;28;Y;Y;Y;Y;N;N;Y
119283;2054;2062;2015;complete;648;18;-1;30,90;;2;0;2;4;4;8;1;3;2;4;0;1;5;3;8;2;13;5;12;14;63;37;2;6;0;0;0;0;0;0;0;0;0;0;0;0;0;0;0;0;0;0;0;0;0;0;0;0;0;0;0;0;0;0;0;0;0;0;0;0;0;0;0;0;0;0;0;0;0;0;0;0;0;0;0;0;0;0;0;0;0;0;0;0;0;0;0;0;0;0;0;0;2;1;0;1;0;1;1;2015-07-17 19:00:00;2054;0;51;13;32;0;-1;1;-1;-1;-1;-1;-1;-1;0;1;2;4;1;6;-1;0;0;0;0;0;0;0;0;0;0;0;0;0;1;1;0;0;-1;-1;0;0;-1;-1;-1;-1;-1;-1;-1;-1;-1;13;38;38;76;100;25;76;88;32;11.38;7.26;4.75;2.63;Finn Harps;Cobh Ramblers;2.4;0.71;2.38;0.88;2;1.18;88;63;63;26;0;82;57;44;0;0;0;456;28;Y;Y;N;N;N;N;N
119284;2060;2058;2015;complete;648;19;-1;8,11,37;56;3;1;4;4;5;9;2;3;3;1;1;0;4;3;4;3;8;6;8;7;47;53;5;1;0;0;0;0;0;0;0;0;0;0;0;0;0;0;0;0;0;0;0;0;0;0;0;0;0;0;0;0;0;0;0;0;0;0;0;0;0;0;0;0;0;0;0;0;0;0;0;0;0;0;0;0;0;0;0;0;0;0;0;0;0;0;0;0;0;0;0;0;4;3;0;0;1;1;3;2015-07-24 18:45:00;2060;0;59;12;53;0;-1;1;-1;-1;-1;-1;-1;-1;1;0;3;1;1;4;-1;0;0;0;0;0;0;0;0;0;0;0;0;0;1;1;1;0;-1;-1;0;0;-1;-1;-1;-1;-1;-1;-1;-1;-1;41;59;64;71;100;35;71;95;58;8.97;8.21;3.41;3.39;Athlone Town;Wexford;1.36;2;1.38;2.33;1.24;2.12;60;42;36;30;0;53;41;29;0;0;0;456;28;Y;Y;Y;Y;N;N;Y
119285;2064;2061;2015;complete;648;19;-1;26;74,80;1;2;3;6;10;16;2;4;2;2;2;1;6;6;4;7;10;13;14;15;52;48;6;4;0;0;0;0;0;0;0;0;0;0;0;0;0;0;0;0;0;0;0;0;0;0;0;0;0;0;0;0;0;0;0;0;0;0;0;0;0;0;0;0;0;0;0;0;0;0;0;0;0;0;0;0;0;0;0;0;0;0;0;0;0;0;0;0;0;0;0;0;3;1;0;0;2;2;1;2015-07-24 18:45:00;2061;0;50;11;28;0;-1;1;-1;-1;-1;-1;-1;-1;2;0;2;3;2;5;-1;0;0;0;0;0;0;0;0;0;0;0;0;0;1;1;0;0;-1;-1;0;0;-1;-1;-1;-1;-1;-1;-1;-1;-1;17;33;44;61;95;28;73;78;44;10.11;4.22;3.11;2.5;Waterford;Shelbourne;0.71;1.43;0.78;1.78;0.61;1.67;84;67;56;39;6;73;56;45;0;0;0;456;28;Y;Y;Y;N;N;N;Y
119286;2062;2063;2015;complete;648;19;-1;54,65;60;2;1;3;5;4;9;7;0;3;1;0;1;4;4;7;4;11;8;12;11;39;61;3;2;0;0;0;0;0;0;0;0;0;0;0;0;0;0;0;0;0;0;0;0;0;0;0;0;0;0;0;0;0;0;0;0;0;0;0;0;0;0;0;0;0;0;0;0;0;0;0;0;0;0;0;0;0;0;0;0;0;0;0;0;0;0;0;0;0;0;0;0;3;0;0;2;1;3;0;2015-07-25 18:45:00;2062;0;36;25;18;0;-1;1;-1;-1;-1;-1;-1;-1;0;0;3;2;0;5;-1;0;0;0;0;0;0;0;0;0;0;0;0;0;1;1;0;0;-1;-1;0;0;-1;-1;-1;-1;-1;-1;-1;-1;-1;24;36;47;60;100;36;95;60;41;7.86;6.75;4.8;2.91;Cobh Ramblers;Cabinteely;1.43;0.36;1.44;0.13;1.11;0.72;77;64;53;41;0;47;41;35;0;0;0;456;28;Y;Y;Y;N;N;N;Y
119287;2059;2054;2015;complete;648;19;-1;64;;1;0;1;4;9;13;2;6;2;6;0;1;4;4;5;3;9;7;10;14;50;50;2;7;0;0;0;0;0;0;0;0;0;0;0;0;0;0;0;0;0;0;0;0;0;0;0;0;0;0;0;0;0;0;0;0;0;0;0;0;0;0;0;0;0;0;0;0;0;0;0;0;0;0;0;0;0;0;0;0;0;0;0;0;0;0;0;0;0;0;0;0;1;0;0;1;0;1;0;2015-07-26 18:00:00;2059;0;60;29;36;0;-1;1;-1;-1;-1;-1;-1;-1;2;5;0;2;7;2;-1;0;0;0;0;0;0;0;0;0;0;0;0;0;1;1;0;0;-1;-1;1;1;-1;-1;-1;-1;-1;-1;-1;-1;-1;24;36;60;78;95;29;71;95;60;11.71;5.41;4.55;3.03;UCD;Finn Harps;1.93;1.67;1.75;1.67;1.69;2.06;77;65;41;23;6;72;72;54;0;0;0;456;30;Y;N;N;N;N;N;N
119288;2063;2059;2015;complete;648;20;-1;12;18,63,89;1;3;4;2;8;10;1;1;1;2;0;0;4;10;5;14;9;24;10;8;40;60;1;2;0;0;0;0;0;0;0;0;0;0;0;0;0;0;0;0;0;0;0;0;0;0;0;0;0;0;0;0;0;0;0;0;0;0;0;0;0;0;0;0;0;0;0;0;0;0;0;0;0;0;0;0;0;0;0;0;0;0;0;0;0;0;0;0;0;0;0;0;4;1;1;0;2;2;2;2015-07-31 18:45:00;2059;0;39;5;17;0;-1;1;-1;-1;-1;-1;-1;-1;0;1;1;1;1;2;-1;0;0;0;0;0;0;0;1;0;1;0;0;0;1;1;0;0;-1;-1;0;0;-1;-1;-1;-1;-1;-1;-1;-1;-1;5;17;23;68;94;12;73;72;23;7.43;5.2;4.45;2.05;Cabinteely;UCD;1.07;1.33;1.2;1.63;0.68;1.76;95;84;78;33;7;52;37;30;0;0;0;456;28;Y;Y;Y;Y;N;N;Y
119289;2064;2062;2015;complete;648;20;-1;90;41,45,65;1;3;4;11;6;17;2;4;1;1;0;0;10;3;7;5;17;8;10;10;56;44;1;1;0;0;0;0;0;0;0;0;0;0;0;0;0;0;0;0;0;0;0;0;0;0;0;0;0;0;0;0;0;0;0;0;0;0;0;0;0;0;0;0;0;0;0;0;0;0;0;0;0;0;0;0;0;0;0;0;0;0;0;0;0;0;0;0;0;0;0;0;4;0;2;1;1;2;2;2015-07-31 18:45:00;2062;0;58;11;21;0;-1;1;-1;-1;-1;-1;-1;-1;0;0;1;1;0;2;-1;0;0;0;0;0;0;0;0;0;0;0;0;0;1;1;0;0;-1;-1;0;0;-1;-1;-1;-1;-1;-1;-1;-1;-1;11;32;42;85;95;26;85;85;36;8.53;4.67;5.01;2.64;Waterford;Cobh Ramblers;0.71;0.71;0.7;0.78;0.58;1.21;90;69;59;16;5;69;57;57;0;0;0;456;28;Y;Y;Y;Y;N;N;Y
119290;2061;2058;2015;complete;648;20;-1;;;0;0;0;5;3;8;2;4;1;1;0;0;11;7;12;4;23;11;11;11;57;43;1;1;0;0;0;0;0;0;0;0;0;0;0;0;0;0;0;0;0;0;0;0;0;0;0;0;0;0;0;0;0;0;0;0;0;0;0;0;0;0;0;0;0;0;0;0;0;0;0;0;0;0;0;0;0;0;0;0;0;0;0;0;0;0;0;0;0;0;0;0;0;0;0;0;0;0;0;2015-07-31 18:45:00;-1;0;63;16;52;0;-1;1;-1;-1;-1;-1;-1;-1;1;0;0;1;1;1;-1;0;0;0;0;0;0;0;0;0;0;0;0;0;1;1;0;0;-1;-1;0;0;-1;-1;-1;-1;-1;-1;-1;-1;-1;36;57;62;74;95;47;79;79;57;11.87;5.3;4.48;3.34;Shelbourne;Wexford;1.79;2;1.56;2.1;1.74;2;64;43;38;27;6;69;53;48;0;0;0;456;28;N;N;N;N;N;N;N
119291;2054;2060;2015;complete;648;20;-1;;;0;0;0;7;5;12;2;4;0;1;1;0;6;3;5;14;11;17;7;10;43;57;2;1;0;0;0;0;0;0;0;0;0;0;0;0;0;0;0;0;0;0;0;0;0;0;0;0;0;0;0;0;0;0;0;0;0;0;0;0;0;0;0;0;0;0;0;0;0;0;0;0;0;0;0;0;0;0;0;0;0;0;0;0;0;0;0;0;0;0;0;0;0;0;0;0;0;0;0;2015-07-31 19:00:00;-1;0;39;6;28;0;-1;1;-1;-1;-1;-1;-1;-1;1;0;0;1;1;1;-1;0;0;0;0;0;0;0;0;0;0;0;0;0;1;1;0;0;-1;-1;0;0;-1;-1;-1;-1;-1;-1;-1;-1;-1;6;28;33;67;100;17;73;84;39;13.34;6.33;4.33;2.33;Finn Harps;Athlone Town;2.4;1;2.44;1.11;1.95;1.33;95;73;67;33;0;78;50;33;0;0;0;456;28;N;N;N;N;N;N;N
119292;2060;2063;2015;complete;648;21;-1;;58;0;1;1;8;3;11;4;1;1;2;1;0;7;0;7;4;14;4;15;16;51;49;3;2;0;0;0;0;0;0;0;0;0;0;0;0;0;0;0;0;0;0;0;0;0;0;0;0;0;0;0;0;0;0;0;0;0;0;0;0;0;0;0;0;0;0;0;0;0;0;0;0;0;0;0;0;0;0;0;0;0;0;0;0;0;0;0;0;0;0;0;0;1;0;0;0;1;1;0;2015-08-07 18:45:00;2063;0;50;22;28;0;-1;1;-1;-1;-1;-1;-1;-1;1;0;1;2;1;3;-1;0;0;0;0;0;0;0;0;0;0;0;0;0;1;1;0;0;-1;-1;0;0;-1;-1;-1;-1;-1;-1;-1;-1;-1;22;50;56;67;100;39;78;84;39;6.67;7;4.11;3.17;Athlone Town;Cabinteely;1.36;0.36;1.56;0.11;1.32;0.65;78;50;44;33;0;50;22;17;0;0;0;456;28;Y;N;N;N;N;N;N
119293;2059;2064;2015;complete;648;21;-1;4,27,36,81,83;75;5;1;6;7;6;13;5;3;0;2;0;0;3;5;3;4;6;9;9;10;51;49;0;2;0;0;0;0;0;0;0;0;0;0;0;0;0;0;0;0;0;0;0;0;0;0;0;0;0;0;0;0;0;0;0;0;0;0;0;0;0;0;0;0;0;0;0;0;0;0;0;0;0;0;0;0;0;0;0;0;0;0;0;0;0;0;0;0;0;0;0;0;6;3;0;2;1;3;3;2015-08-07 18:45:00;2059;0;50;22;28;0;-1;1;-1;-1;-1;-1;-1;-1;0;1;0;1;1;1;-1;0;0;0;0;0;0;0;0;0;0;0;0;0;1;1;1;0;-1;-1;0;0;-1;-1;-1;-1;-1;-1;-1;-1;-1;17;28;56;67;100;28;56;95;50;9.11;4.45;4.33;2.78;UCD;Waterford;1.93;0.79;1.89;0.44;1.83;0.55;84;73;45;33;0;73;61;50;0;0;0;456;28;Y;Y;Y;Y;Y;Y;Y
119294;2058;2054;2015;complete;648;21;-1;18,23;;2;0;2;3;5;8;5;2;2;4;0;0;3;3;3;6;6;9;11;15;53;47;2;4;0;0;0;0;0;0;0;0;0;0;0;0;0;0;0;0;0;0;0;0;0;0;0;0;0;0;0;0;0;0;0;0;0;0;0;0;0;0;0;0;0;0;0;0;0;0;0;0;0;0;0;0;0;0;0;0;0;0;0;0;0;0;0;0;0;0;0;0;2;2;0;0;0;0;2;2015-08-07 19:00:00;2058;0;33;28;22;0;-1;1;-1;-1;-1;-1;-1;-1;0;2;2;2;2;4;-1;0;0;0;0;0;0;0;0;0;0;0;0;0;1;1;0;0;-1;-1;0;0;-1;-1;-1;-1;-1;-1;-1;-1;-1;23;34;45;62;95;40;68;83;39;10.6;7.1;4.85;2.7;Wexford;Finn Harps;2.36;1.67;1.88;1.5;1.95;1.9;78;67;55;39;5;49;37;32;0;0;0;456;28;Y;Y;N;N;N;N;N
119295;2062;2061;2015;complete;648;21;-1;18,77;33,57;2;2;4;8;12;20;2;0;2;1;0;0;6;10;6;7;12;17;12;9;47;53;2;1;0;0;0;0;0;0;0;0;0;0;0;0;0;0;0;0;0;0;0;0;0;0;0;0;0;0;0;0;0;0;0;0;0;0;0;0;0;0;0;0;0;0;0;0;0;0;0;0;0;0;0;0;0;0;0;0;0;0;0;0;0;0;0;0;0;0;0;0;4;1;1;1;1;2;2;2015-08-08 18:45:00;-1;0;45;10;30;0;-1;1;-1;-1;-1;-1;-1;-1;0;0;2;1;0;3;-1;0;0;0;0;0;0;0;0;0;0;0;0;0;1;1;0;0;-1;-1;0;0;-1;-1;-1;-1;-1;-1;-1;-1;-1;20;25;50;55;100;20;75;70;50;11.6;6.7;4.6;2.5;Cobh Ramblers;Shelbourne;1.43;1.43;1.6;1.9;1.3;1.7;80;75;50;45;0;70;50;35;0;0;0;456;28;Y;Y;Y;Y;N;N;Y
119296;2060;2064;2015;complete;648;22;-1;64,77,78;7,20,58,83;3;4;7;8;5;13;5;4;1;4;0;0;4;3;8;13;12;16;10;12;51;49;1;4;0;0;0;0;0;0;0;0;0;0;0;0;0;0;0;0;0;0;0;0;0;0;0;0;0;0;0;0;0;0;0;0;0;0;0;0;0;0;0;0;0;0;0;0;0;0;0;0;0;0;0;0;0;0;0;0;0;0;0;0;0;0;0;0;0;0;0;0;7;0;2;3;2;5;2;2015-08-14 18:45:00;2064;0;45;15;30;0;-1;1;-1;-1;-1;-1;-1;-1;1;2;0;2;3;2;-1;0;0;0;0;0;0;0;0;0;0;0;0;0;1;1;0;1;-1;-1;0;0;-1;-1;-1;-1;-1;-1;-1;-1;-1;20;40;50;60;100;35;55;95;35;8.3;6.5;4.5;2.75;Athlone Town;Waterford;1.36;0.79;1.4;0.4;1.25;0.52;80;60;50;40;0;60;35;30;0;0;0;456;28;Y;Y;Y;Y;Y;Y;Y
119297;2059;2062;2015;complete;648;22;-1;49,63,77;;3;0;3;5;4;9;0;2;1;0;0;0;9;4;6;2;15;6;5;6;56;44;1;0;0;0;0;0;0;0;0;0;0;0;0;0;0;0;0;0;0;0;0;0;0;0;0;0;0;0;0;0;0;0;0;0;0;0;0;0;0;0;0;0;0;0;0;0;0;0;0;0;0;0;0;0;0;0;0;0;0;0;0;0;0;0;0;0;0;0;0;0;3;0;0;3;0;3;0;2015-08-14 18:45:00;2059;0;65;15;35;0;-1;1;-1;-1;-1;-1;-1;-1;0;0;1;0;0;1;-1;0;0;0;0;0;0;0;0;0;0;0;0;0;1;1;0;0;-1;-1;0;0;-1;-1;-1;-1;-1;-1;-1;-1;-1;20;40;55;85;100;30;80;95;50;9.9;5.6;4.6;3.15;UCD;Cobh Ramblers;1.93;0.71;2;1;1.89;1.29;80;60;45;15;0;80;70;60;0;0;0;456;28;Y;Y;Y;N;N;N;N
119298;2054;2061;2015;complete;648;22;-1;53;;1;0;1;6;2;8;2;2;1;2;0;0;6;3;4;5;10;8;16;9;50;50;1;2;0;0;0;0;0;0;0;0;0;0;0;0;0;0;0;0;0;0;0;0;0;0;0;0;0;0;0;0;0;0;0;0;0;0;0;0;0;0;0;0;0;0;0;0;0;0;0;0;0;0;0;0;0;0;0;0;0;0;0;0;0;0;0;0;0;0;0;0;1;0;0;1;0;1;0;2015-08-14 19:00:00;2054;0;43;14;33;0;-1;1;-1;-1;-1;-1;-1;-1;0;0;1;2;0;3;-1;0;0;0;0;0;0;0;1;0;1;0;0;0;1;1;0;0;-1;-1;0;0;-1;-1;-1;-1;-1;-1;-1;-1;-1;14;33;43;58;95;24;67;81;43;13.7;6.18;3.82;2.42;Finn Harps;Shelbourne;2.4;1.43;2.3;1.82;1.81;1.67;86;67;58;43;5;81;58;38;0;0;0;456;28;Y;N;N;N;N;N;N
119299;2058;2063;2015;complete;648;22;-1;22,87,90;16,45;3;2;5;6;3;9;2;1;3;4;1;1;3;3;5;6;8;9;15;15;54;46;5;5;0;0;0;0;0;0;0;0;0;0;0;0;0;0;0;0;0;0;0;0;0;0;0;0;0;0;0;0;0;0;0;0;0;0;0;0;0;0;0;0;0;0;0;0;0;0;0;0;0;0;0;0;0;0;0;0;0;0;0;0;0;0;0;0;0;0;0;0;5;1;2;2;0;2;3;2015-08-14 19:00:00;2058;0;31;26;16;0;-1;1;-1;-1;-1;-1;-1;-1;1;0;3;5;1;8;-1;0;0;0;0;0;0;0;0;1;0;1;0;0;1;1;0;0;-1;-1;0;0;-1;-1;-1;-1;-1;-1;-1;-1;-1;21;37;47;64;100;48;79;69;37;6.79;6.41;3.88;3;Wexford;Cabinteely;2.36;0.36;2;0.4;2;0.76;79;64;53;37;0;42;21;21;0;0;0;456;28;Y;Y;Y;Y;Y;N;Y
119300;2059;2060;2015;complete;648;17;-1;66,88,90;30;3;1;4;8;5;13;5;0;1;2;0;1;6;2;7;5;13;7;10;12;60;40;1;4;0;0;0;0;0;0;0;0;0;0;0;0;0;0;0;0;0;0;0;0;0;0;0;0;0;0;0;0;0;0;0;0;0;0;0;0;0;0;0;0;0;0;0;0;0;0;0;0;0;0;0;0;0;0;0;0;0;0;0;0;0;0;0;0;0;0;0;0;4;0;1;3;0;3;1;2015-08-17 18:45:00;2059;0;52;9;28;0;-1;1;-1;-1;-1;-1;-1;-1;0;0;1;3;0;4;-1;0;0;0;0;0;0;0;1;0;1;0;0;0;1;1;0;0;-1;-1;0;0;-1;-1;-1;-1;-1;-1;-1;-1;-1;14;28;52;71;95;19;67;85;57;11.86;4.85;3.84;2.73;UCD;Athlone Town;1.93;1;2.09;1.1;1.95;1.19;87;72;49;29;5;86;66;52;0;0;0;456;28;Y;Y;Y;Y;N;N;Y
119301;2063;2054;2015;complete;648;23;-1;52,90;9,22,29;2;3;5;-1;-1;-1;-1;-1;2;3;0;0;-1;-1;-1;-1;-1;-1;-1;-1;-1;-1;2;3;0;0;0;0;0;0;0;0;0;0;0;0;0;0;0;0;0;0;0;0;0;0;0;0;0;0;0;0;0;0;0;0;0;0;0;0;0;0;0;0;0;0;0;0;0;0;0;0;0;0;0;0;0;0;0;0;0;0;0;0;0;0;0;0;0;0;0;0;5;0;3;2;0;2;3;2015-08-28 18:45:00;2054;0;41;23;23;0;-1;1;-1;-1;-1;-1;-1;-1;1;1;1;2;2;3;-1;0;0;0;0;0;0;0;0;1;0;1;0;0;1;1;0;1;-1;-1;0;0;-1;-1;-1;-1;-1;-1;-1;-1;-1;14;27;32;64;96;27;69;82;32;9.18;5.09;5.27;2.32;Cabinteely;Finn Harps;1.07;1.67;1.09;1.36;0.73;1.86;87;73;69;36;5;50;37;27;0;0;0;456;28;Y;Y;Y;Y;Y;N;Y
119302;2064;2058;2015;complete;648;23;-1;33,56;23,52,82;2;3;5;2;6;8;1;4;3;3;1;0;3;5;7;6;10;11;19;22;51;49;4;3;0;0;0;0;0;0;0;0;0;0;0;0;0;0;0;0;0;0;0;0;0;0;0;0;0;0;0;0;0;0;0;0;0;0;0;0;0;0;0;0;0;0;0;0;0;0;0;0;0;0;0;0;0;0;0;0;0;0;0;0;0;0;0;0;0;0;0;0;5;1;1;1;2;3;2;2015-08-28 18:45:00;2058;0;64;9;41;0;-1;1;-1;-1;-1;-1;-1;-1;0;2;4;1;2;5;-1;0;0;0;0;0;0;0;1;0;1;0;0;0;1;1;0;0;-1;-1;0;0;-1;-1;-1;-1;-1;-1;-1;-1;-1;27;50;64;78;91;41;78;82;60;9.82;5.36;3.46;3.14;Waterford;Wexford;0.71;2;0.64;2;0.64;2.05;73;50;36;23;9;64;59;55;0;0;0;456;28;Y;Y;Y;Y;Y;N;Y
119303;2061;2059;2015;complete;648;23;-1;33,39;49;2;1;3;8;6;14;3;2;3;2;0;0;12;3;6;10;18;13;13;14;44;56;3;2;0;0;0;0;0;0;0;0;0;0;0;0;0;0;0;0;0;0;0;0;0;0;0;0;0;0;0;0;0;0;0;0;0;0;0;0;0;0;0;0;0;0;0;0;0;0;0;0;0;0;0;0;0;0;0;0;0;0;0;0;0;0;0;0;0;0;0;0;3;2;0;0;1;1;2;2015-08-28 18:45:00;2061;0;47;16;26;0;-1;1;-1;-1;-1;-1;-1;-1;0;0;3;2;0;5;-1;0;0;0;0;0;0;0;0;0;0;0;0;0;1;1;0;0;-1;-1;0;0;-1;-1;-1;-1;-1;-1;-1;-1;-1;10;31;37;69;85;31;74;64;37;11.5;4.78;4.82;2.36;Shelbourne;UCD;1.79;1.33;1.5;1.78;1.59;2;90;69;64;31;16;69;59;47;0;0;0;456;28;Y;Y;Y;N;N;N;Y
119304;2062;2060;2015;complete;648;23;-1;11,22;90;2;1;3;7;9;16;7;1;5;0;0;0;4;4;5;6;9;10;15;11;41;59;5;0;0;0;0;0;0;0;0;0;0;0;0;0;0;0;0;0;0;0;0;0;0;0;0;0;0;0;0;0;0;0;0;0;0;0;0;0;0;0;0;0;0;0;0;0;0;0;0;0;0;0;0;0;0;0;0;0;0;0;0;0;0;0;0;0;0;0;0;0;3;2;0;0;1;1;2;2015-08-29 18:45:00;2062;0;45;9;27;0;-1;1;-1;-1;-1;-1;-1;-1;2;0;3;0;2;3;-1;0;0;0;0;0;0;0;0;0;0;0;0;0;1;1;0;0;-1;-1;0;0;-1;-1;-1;-1;-1;-1;-1;-1;-1;9;27;46;64;96;18;78;69;50;11.72;6.18;5;2.41;Cobh Ramblers;Athlone Town;1.43;1;1.55;1;1.23;1.14;91;73;55;36;5;73;55;45;0;0;0;456;28;Y;Y;Y;N;N;N;Y
119305;2060;2059;2015;complete;648;24;-1;67,79;21,49;2;2;4;7;7;14;3;1;1;2;0;1;4;7;4;7;8;14;17;13;50;50;1;4;0;0;0;0;0;0;0;0;0;0;0;0;0;0;0;0;0;0;0;0;0;0;0;0;0;0;0;0;0;0;0;0;0;0;0;0;0;0;0;0;0;0;0;0;0;0;0;0;0;0;0;0;0;0;0;0;0;0;0;0;0;0;0;0;0;0;0;0;4;0;1;2;1;3;1;2015-09-05 18:45:00;-1;0;53;10;23;0;-1;1;-1;-1;-1;-1;-1;-1;0;1;1;2;1;3;-1;0;0;0;0;0;0;0;0;0;0;0;0;0;1;1;0;0;-1;-1;0;0;-1;-1;-1;-1;-1;-1;-1;-1;-1;14;38;48;72;95;33;72;85;33;9.65;7.25;4.2;2.74;Athlone Town;UCD;1.36;1.33;1.27;1.6;1.09;1.91;87;63;53;28;5;67;53;39;0;0;0;456;28;Y;Y;Y;Y;N;N;Y
119306;2061;2063;2015;complete;648;24;-1;;;0;0;0;13;3;16;2;0;1;4;0;1;3;2;16;2;19;4;14;17;60;40;1;5;0;0;0;0;0;0;0;0;0;0;0;0;0;0;0;0;0;0;0;0;0;0;0;0;0;0;0;0;0;0;0;0;0;0;0;0;0;0;0;0;0;0;0;0;0;0;0;0;0;0;0;0;0;0;0;0;0;0;0;0;0;0;0;0;0;0;0;0;0;0;0;0;0;0;0;2015-09-05 18:45:00;-1;0;50;27;27;0;-1;1;-1;-1;-1;-1;-1;-1;0;1;1;4;1;5;-1;0;0;0;0;0;0;0;0;0;0;0;0;0;1;1;0;0;-1;-1;0;0;-1;-1;-1;-1;-1;-1;-1;-1;-1;23;41;50;64;91;45;78;69;41;9.55;4.27;5;2.91;Shelbourne;Cabinteely;1.79;0.36;1.64;0.36;1.65;0.7;78;60;50;36;9;64;41;41;0;0;0;456;28;N;N;N;N;N;N;N
119307;2054;2064;2015;complete;648;24;-1;;;0;0;0;6;3;9;3;1;3;2;0;0;5;0;8;5;13;5;19;9;57;43;3;2;0;0;0;0;0;0;0;0;0;0;0;0;0;0;0;0;0;0;0;0;0;0;0;0;0;0;0;0;0;0;0;0;0;0;0;0;0;0;0;0;0;0;0;0;0;0;0;0;0;0;0;0;0;0;0;0;0;0;0;0;0;0;0;0;0;0;0;0;0;0;0;0;0;0;0;2015-09-05 19:00:00;-1;0;36;14;32;0;-1;1;-1;-1;-1;-1;-1;-1;1;0;2;2;1;4;-1;0;0;0;0;0;0;0;0;0;0;0;0;0;1;1;0;0;-1;-1;0;0;-1;-1;-1;-1;-1;-1;-1;-1;-1;18;32;41;60;96;32;55;87;36;10.82;6;4.46;2.59;Finn Harps;Waterford;2.4;0.79;2.36;0.64;1.91;0.61;82;69;59;41;5;69;50;41;0;0;0;456;28;N;N;N;N;N;N;N
119308;2058;2062;2015;complete;648;24;-1;33,47;31;2;1;3;3;9;12;3;1;0;0;0;0;4;6;5;5;9;11;5;6;56;44;0;0;0;0;0;0;0;0;0;0;0;0;0;0;0;0;0;0;0;0;0;0;0;0;0;0;0;0;0;0;0;0;0;0;0;0;0;0;0;0;0;0;0;0;0;0;0;0;0;0;0;0;0;0;0;0;0;0;0;0;0;0;0;0;0;0;0;0;0;0;3;1;1;1;0;1;2;2015-09-05 19:00:00;2058;0;43;20;19;0;-1;-1;-1;-1;-1;-1;-1;-1;0;0;0;0;0;0;-1;0;0;0;0;0;0;0;1;0;1;0;0;0;1;1;0;0;-1;-1;-1;-1;-1;-1;-1;-1;-1;-1;-1;-1;-1;20;38;48;81;100;44;81;81;38;8.55;6.63;4.74;2.96;Wexford;Cobh Ramblers;2.36;0.71;2.1;0.91;2.09;1.3;81;62;53;20;0;57;28;28;0;0;0;456;28;Y;Y;Y;N;N;N;Y
119309;2058;2059;2015;complete;648;18;-1;82;;1;0;1;9;5;14;2;1;1;1;1;0;5;3;4;0;9;3;13;13;48;52;2;1;0;0;0;0;0;0;0;0;0;0;0;0;0;0;0;0;0;0;0;0;0;0;0;0;0;0;0;0;0;0;0;0;0;0;0;0;0;0;0;0;0;0;0;0;0;0;0;0;0;0;0;0;0;0;0;0;0;0;0;0;0;0;0;0;0;0;0;0;1;0;0;1;0;1;0;2015-09-11 19:00:00;2058;0;46;23;14;0;-1;1;-1;-1;-1;-1;-1;-1;1;0;1;1;1;2;-1;0;0;0;0;0;0;0;0;0;0;0;0;0;1;1;0;0;-1;-1;0;0;-1;-1;-1;-1;-1;-1;-1;-1;-1;14;32;50;78;96;46;82;73;36;9.27;6.37;4.27;2.77;Wexford;UCD;2.36;1.33;2.18;1.55;2.13;1.87;87;69;50;23;5;59;46;37;0;0;0;456;28;Y;N;N;N;N;N;N
119310;2060;2061;2015;complete;648;25;-1;33,59;51;2;1;3;3;3;6;2;6;1;2;0;0;8;10;8;11;16;21;12;8;52;48;1;2;0;0;0;0;0;0;0;0;0;0;0;0;0;0;0;0;0;0;0;0;0;0;0;0;0;0;0;0;0;0;0;0;0;0;0;0;0;0;0;0;0;0;0;0;0;0;0;0;0;0;0;0;0;0;0;0;0;0;0;0;0;0;0;0;0;0;0;0;3;1;0;1;1;2;1;2015-09-18 18:45:00;2060;0;54;13;38;0;-1;1;-1;-1;-1;-1;-1;-1;0;1;1;1;1;2;-1;0;0;0;0;0;0;0;0;0;0;0;0;0;1;1;0;0;-1;-1;0;0;-1;-1;-1;-1;-1;-1;-1;-1;-1;21;46;54;59;100;29;67;92;46;11.33;6.59;3.75;2.88;Athlone Town;Shelbourne;1.36;1.43;1.25;1.67;1.08;1.63;79;55;46;42;0;71;46;33;0;0;0;456;28;Y;Y;Y;N;N;N;Y
119311;2059;2058;2015;complete;648;25;-1;8;21,67;1;2;3;5;4;9;3;4;3;1;0;0;6;3;6;4;12;7;11;12;62;38;3;1;0;0;0;0;0;0;0;0;0;0;0;0;0;0;0;0;0;0;0;0;0;0;0;0;0;0;0;0;0;0;0;0;0;0;0;0;0;0;0;0;0;0;0;0;0;0;0;0;0;0;0;0;0;0;0;0;0;0;0;0;0;0;0;0;0;0;0;0;3;1;1;0;1;1;2;2015-09-18 18:45:00;2058;0;67;17;46;0;-1;1;-1;-1;-1;-1;-1;-1;2;0;1;1;2;2;-1;0;0;0;0;0;0;0;0;0;0;0;0;0;1;1;1;0;-1;-1;0;0;-1;-1;-1;-1;-1;-1;-1;-1;-1;38;55;75;79;96;38;71;92;71;10.66;6.17;3.33;3.59;UCD;Wexford;1.93;2;2.17;2.08;1.79;2.17;63;46;25;21;4;71;63;50;0;0;0;456;28;Y;Y;Y;N;N;N;Y
119312;2064;2063;2015;complete;648;25;-1;85;;1;0;1;10;3;13;2;1;2;3;0;0;5;5;6;6;11;11;11;11;60;40;2;3;0;0;0;0;0;0;0;0;0;0;0;0;0;0;0;0;0;0;0;0;0;0;0;0;0;0;0;0;0;0;0;0;0;0;0;0;0;0;0;0;0;0;0;0;0;0;0;0;0;0;0;0;0;0;0;0;0;0;0;0;0;0;0;0;0;0;0;0;1;0;0;1;0;1;0;2015-09-18 18:45:00;2064;0;55;25;25;0;-1;1;-1;-1;-1;-1;-1;-1;0;1;2;2;1;4;-1;0;0;0;0;0;0;0;0;0;0;0;0;0;1;1;0;0;-1;-1;0;0;-1;-1;-1;-1;-1;-1;-1;-1;-1;21;42;54;71;92;42;79;75;50;7.5;3.92;4.58;2.96;Waterford;Cabinteely;0.71;0.36;0.58;0.42;0.63;0.71;79;58;46;30;8;63;50;50;0;0;0;456;28;Y;N;N;N;N;N;N
119313;2062;2054;2015;complete;648;25;-1;;50;0;1;1;1;8;9;2;2;4;2;0;0;0;5;3;3;3;8;16;20;45;55;4;2;0;0;0;0;0;0;0;0;0;0;0;0;0;0;0;0;0;0;0;0;0;0;0;0;0;0;0;0;0;0;0;0;0;0;0;0;0;0;0;0;0;0;0;0;0;0;0;0;0;0;0;0;0;0;0;0;0;0;0;0;0;0;0;0;0;0;0;0;1;0;0;0;1;1;0;2015-09-19 18:45:00;2054;0;46;21;29;0;-1;1;-1;-1;-1;-1;-1;-1;1;2;3;0;3;3;-1;0;0;0;0;0;0;0;0;0;0;0;0;0;1;1;0;0;-1;-1;0;0;-1;-1;-1;-1;-1;-1;-1;-1;-1;21;29;50;67;96;38;75;75;46;11.95;7;6;2.63;Cobh Ramblers;Finn Harps;1.43;1.67;1.67;1.5;1.25;1.88;79;71;50;33;4;61;57;48;0;0;0;456;28;Y;N;N;N;N;N;N
119314;2063;2062;2015;complete;648;26;-1;64;;1;0;1;2;2;4;0;3;2;1;0;0;4;6;3;4;7;10;16;8;50;50;2;1;0;0;0;0;0;0;0;0;0;0;0;0;0;0;0;0;0;0;0;0;0;0;0;0;0;0;0;0;0;0;0;0;0;0;0;0;0;0;0;0;0;0;0;0;0;0;0;0;0;0;0;0;0;0;0;0;0;0;0;0;0;0;0;0;0;0;0;0;1;0;0;1;0;1;0;2015-09-25 18:45:00;2063;0;54;17;21;0;-1;1;-1;-1;-1;-1;-1;-1;0;0;2;1;0;3;-1;0;0;0;0;0;0;0;0;0;0;0;0;0;1;1;0;0;-1;-1;0;0;-1;-1;-1;-1;-1;-1;-1;-1;-1;13;33;42;80;100;29;79;88;33;7.56;4.41;4.5;2.67;Cabinteely;Cobh Ramblers;1.07;0.71;1;0.83;0.68;1.2;88;67;59;21;0;60;34;30;0;0;0;456;28;Y;N;N;N;N;N;N
119315;2061;2064;2015;complete;648;26;-1;28,47,85;;3;0;3;10;2;12;3;4;1;2;0;1;14;5;9;5;23;10;12;14;55;45;1;4;0;0;0;0;0;0;0;0;0;0;0;0;0;0;0;0;0;0;0;0;0;0;0;0;0;0;0;0;0;0;0;0;0;0;0;0;0;0;0;0;0;0;0;0;0;0;0;0;0;0;0;0;0;0;0;0;0;0;0;0;0;0;0;0;0;0;0;0;3;1;0;2;0;2;1;2015-09-25 18:45:00;2061;0;46;17;33;0;-1;1;-1;-1;-1;-1;-1;-1;1;1;0;2;2;2;-1;0;0;0;0;0;0;0;0;0;0;0;0;0;1;1;0;0;-1;-1;0;0;-1;-1;-1;-1;-1;-1;-1;-1;-1;21;33;46;58;84;42;59;71;38;11.25;4.16;5;2.58;Shelbourne;Waterford;1.79;0.79;1.58;0.67;1.56;0.72;79;67;54;42;17;71;50;50;0;0;0;456;28;Y;Y;Y;N;N;N;N
119316;2054;2059;2015;complete;648;26;-1;49,59,66;;3;0;3;10;1;11;2;6;4;2;0;1;8;3;10;0;18;3;16;11;60;40;4;4;0;0;0;0;0;0;0;0;0;0;0;0;0;0;0;0;0;0;0;0;0;0;0;0;0;0;0;0;0;0;0;0;0;0;0;0;0;0;0;0;0;0;0;0;0;0;0;0;0;0;0;0;0;0;0;0;0;0;0;0;0;0;0;0;0;0;0;0;3;0;0;3;0;3;0;2015-09-25 19:00:00;2054;0;38;8;21;0;-1;1;-1;-1;-1;-1;-1;-1;1;3;3;0;4;3;-1;0;0;0;0;0;0;0;0;0;0;0;0;0;1;1;0;0;-1;-1;0;0;-1;-1;-1;-1;-1;-1;-1;-1;-1;4;25;34;63;88;21;63;75;29;11.83;6.17;4.25;2.13;Finn Harps;UCD;2.4;1.33;2.25;1.42;1.92;1.72;96;75;67;38;13;75;63;46;0;0;0;456;30;Y;Y;Y;N;N;N;N
119317;2058;2060;2015;complete;648;26;-1;62,85,90;;3;0;3;6;3;9;1;4;1;5;0;0;8;2;5;3;13;5;12;16;53;47;1;5;0;0;0;0;0;0;0;0;0;0;0;0;0;0;0;0;0;0;0;0;0;0;0;0;0;0;0;0;0;0;0;0;0;0;0;0;0;0;0;0;0;0;0;0;0;0;0;0;0;0;0;0;0;0;0;0;0;0;0;0;0;0;0;0;0;0;0;0;3;0;0;3;0;3;0;2015-09-25 19:00:00;2058;0;42;17;13;0;-1;1;-1;-1;-1;-1;-1;-1;0;3;1;2;3;3;-1;0;0;0;0;0;0;0;0;0;0;0;0;0;1;1;0;0;-1;-1;0;0;-1;-1;-1;-1;-1;-1;-1;-1;-1;13;29;46;67;96;38;75;75;38;11;5.67;4.09;2.59;Wexford;Athlone Town;2.36;1;2.25;0.92;2.2;1.16;88;71;54;33;4;67;42;38;0;0;0;456;28;Y;Y;Y;N;N;N;N
119318;2060;2054;2015;complete;648;27;-1;15;36;1;1;2;5;5;10;6;2;1;1;0;0;2;8;4;6;6;14;14;8;48;52;1;1;0;0;0;0;0;0;0;0;0;0;0;0;0;0;0;0;0;0;0;0;0;0;0;0;0;0;0;0;0;0;0;0;0;0;0;0;0;0;0;0;0;0;0;0;0;0;0;0;0;0;0;0;0;0;0;0;0;0;0;0;0;0;0;0;0;0;0;0;2;1;1;0;0;0;2;2015-10-09 18:45:00;-1;0;50;16;35;0;-1;1;-1;-1;-1;-1;-1;-1;0;0;1;1;0;2;-1;0;0;0;0;0;0;0;0;0;0;0;0;0;1;1;0;0;-1;-1;0;0;-1;-1;-1;-1;-1;-1;-1;-1;-1;23;43;50;66;96;35;66;93;42;11.2;6.85;4.93;2.85;Athlone Town;Finn Harps;1.36;1.67;1.38;1.62;1.12;1.96;77;58;50;35;4;60;44;37;0;0;0;456;28;Y;Y;N;N;N;N;Y
119319;2059;2063;2015;complete;648;27;-1;26;;1;0;1;6;4;10;3;2;3;3;0;0;5;2;8;4;13;6;10;7;60;40;3;3;0;0;0;0;0;0;0;0;0;0;0;0;0;0;0;0;0;0;0;0;0;0;0;0;0;0;0;0;0;0;0;0;0;0;0;0;0;0;0;0;0;0;0;0;0;0;0;0;0;0;0;0;0;0;0;0;0;0;0;0;0;0;0;0;0;0;0;0;1;1;0;0;0;0;1;2015-10-09 18:45:00;2059;0;54;27;23;0;-1;1;-1;-1;-1;-1;-1;-1;0;0;3;3;0;6;-1;0;0;0;0;0;0;0;0;0;0;0;0;0;1;1;0;0;-1;-1;0;0;-1;-1;-1;-1;-1;-1;-1;-1;-1;23;38;62;70;96;35;69;85;54;8.46;4.69;4.31;3.16;UCD;Cabinteely;1.93;0.36;2;0.38;1.65;0.77;77;62;39;31;4;77;58;50;0;0;0;456;28;Y;N;N;N;N;N;N
119320;2058;2061;2015;complete;648;27;-1;10,22,83,84;77;4;1;5;12;11;23;6;2;1;1;0;0;11;7;4;10;15;17;12;5;50;50;1;1;0;0;0;0;0;0;0;0;0;0;0;0;0;0;0;0;0;0;0;0;0;0;0;0;0;0;0;0;0;0;0;0;0;0;0;0;0;0;0;0;0;0;0;0;0;0;0;0;0;0;0;0;0;0;0;0;0;0;0;0;0;0;0;0;0;0;0;0;5;2;0;2;1;3;2;2015-10-09 19:00:00;2058;0;43;23;23;0;-1;1;-1;-1;-1;-1;-1;-1;1;0;0;1;1;1;-1;0;0;0;0;0;0;0;0;0;0;0;0;0;1;1;1;0;-1;-1;0;0;-1;-1;-1;-1;-1;-1;-1;-1;-1;19;31;54;62;100;39;69;81;46;10.85;5.92;3.7;2.73;Wexford;Shelbourne;2.36;1.43;2.31;1.54;2.23;1.62;81;69;46;39;0;62;35;27;0;0;0;456;28;Y;Y;Y;Y;Y;N;Y
119321;2062;2064;2015;complete;648;27;-1;;87,90;0;2;2;2;5;7;2;7;4;1;1;0;2;5;6;9;8;14;14;9;40;60;5;1;0;0;0;0;0;0;0;0;0;0;0;0;0;0;0;0;0;0;0;0;0;0;0;0;0;0;0;0;0;0;0;0;0;0;0;0;0;0;0;0;0;0;0;0;0;0;0;0;0;0;0;0;0;0;0;0;0;0;0;0;0;0;0;0;0;0;0;0;2;0;0;0;2;2;0;2015-10-10 18:45:00;2064;0;42;15;31;0;-1;1;-1;-1;-1;-1;-1;-1;1;0;4;1;1;5;-1;0;0;0;0;0;0;0;0;1;0;1;0;0;1;1;0;0;-1;-1;0;0;-1;-1;-1;-1;-1;-1;-1;-1;-1;19;27;54;62;96;35;66;77;46;9.07;6.38;5.54;2.7;Cobh Ramblers;Waterford;1.43;0.79;1.54;0.62;1.15;0.69;81;73;46;38;4;69;50;46;0;0;0;456;28;Y;Y;N;N;N;N;N
119322;2063;2060;2015;complete;648;28;-1;33;20,28,71;1;3;4;11;2;13;1;2;3;2;0;1;6;2;9;2;15;4;15;21;61;39;3;3;0;0;0;0;0;0;0;0;0;0;0;0;0;0;0;0;0;0;0;0;0;0;0;0;0;0;0;0;0;0;0;0;0;0;0;0;0;0;0;0;0;0;0;0;0;0;0;0;0;0;0;0;0;0;0;0;0;0;0;0;0;0;0;0;0;0;0;0;4;1;2;0;1;1;3;2015-10-17 18:45:00;2060;0;46;8;15;0;-1;1;-1;-1;-1;-1;-1;-1;1;2;2;1;3;3;-1;0;0;0;0;0;0;0;0;0;0;0;0;0;1;1;0;0;-1;-1;0;0;-1;-1;-1;-1;-1;-1;-1;-1;-1;8;27;39;66;96;19;69;81;39;8.98;3.84;4.46;2.35;Cabinteely;Athlone Town;1.07;1;1.15;0.85;0.74;1.11;93;73;62;35;4;64;36;27;0;0;0;456;28;Y;Y;Y;Y;N;N;Y
119323;2054;2058;2015;complete;648;28;-1;19,57,73,77;40;4;1;5;5;4;9;3;1;2;4;0;1;4;2;6;3;10;5;12;17;54;46;2;5;0;0;0;0;0;0;0;0;0;0;0;0;0;0;0;0;0;0;0;0;0;0;0;0;0;0;0;0;0;0;0;0;0;0;0;0;0;0;0;0;0;0;0;0;0;0;0;0;0;0;0;0;0;0;0;0;0;0;0;0;0;0;0;0;0;0;0;0;5;1;1;3;0;3;2;2015-10-17 18:45:00;2054;0;46;16;39;0;-1;1;-1;-1;-1;-1;-1;-1;0;2;2;3;2;5;-1;0;0;0;0;0;0;0;1;0;1;0;0;0;1;1;0;0;-1;-1;0;0;-1;-1;-1;-1;-1;-1;-1;-1;-1;27;43;54;66;89;35;62;81;47;11.85;7.08;3.84;2.81;Finn Harps;Wexford;2.4;2;2.31;2.15;1.93;2.26;73;58;46;35;12;66;46;35;0;0;0;456;28;Y;Y;Y;Y;Y;N;Y
119324;2061;2062;2015;complete;648;28;-1;6,23;;2;0;2;3;2;5;3;1;0;1;0;0;8;3;8;5;16;8;9;13;61;39;0;1;0;0;0;0;0;0;0;0;0;0;0;0;0;0;0;0;0;0;0;0;0;0;0;0;0;0;0;0;0;0;0;0;0;0;0;0;0;0;0;0;0;0;0;0;0;0;0;0;0;0;0;0;0;0;0;0;0;0;0;0;0;0;0;0;0;0;0;0;2;2;0;0;0;0;2;2015-10-17 18:45:00;2061;0;50;15;27;0;-1;1;-1;-1;-1;-1;-1;-1;0;0;0;1;0;1;-1;0;0;0;0;0;0;0;0;0;0;0;0;0;1;1;1;0;-1;-1;0;0;-1;-1;-1;-1;-1;-1;-1;-1;-1;12;31;46;74;89;35;73;77;35;12;4.77;4.69;2.54;Shelbourne;Cobh Ramblers;1.79;0.71;1.69;0.77;1.56;1.11;89;69;54;27;12;73;54;54;0;0;0;456;28;Y;Y;N;N;N;N;N
119325;2064;2059;2015;complete;648;28;-1;;76;0;1;1;4;6;10;3;4;1;2;1;0;6;7;12;9;18;16;10;11;47;53;2;2;0;0;0;0;0;0;0;0;0;0;0;0;0;0;0;0;0;0;0;0;0;0;0;0;0;0;0;0;0;0;0;0;0;0;0;0;0;0;0;0;0;0;0;0;0;0;0;0;0;0;0;0;0;0;0;0;0;0;0;0;0;0;0;0;0;0;0;0;1;0;0;0;1;1;0;2015-10-17 18:45:00;2059;0;54;12;23;0;-1;1;-1;-1;-1;-1;-1;-1;0;1;2;1;1;3;-1;0;0;0;0;0;0;0;0;0;0;0;0;0;1;1;0;0;-1;-1;0;0;-1;-1;-1;-1;-1;-1;-1;-1;-1;8;31;50;77;92;31;73;81;46;9.92;4.61;4.38;2.58;Waterford;UCD;0.71;1.33;0.77;1.31;0.78;1.7;93;70;50;23;8;73;73;66;0;0;0;456;28;Y;N;N;N;N;N;N
119326;2059;2054;2015;complete;649;0;-1;;1;0;1;1;5;4;9;1;2;2;2;0;0;4;0;10;7;14;7;9;11;68;32;2;2;0;0;0;0;0;0;0;0;0;0;0;0;0;0;0;0;0;0;0;0;0;0;0;0;0;0;0;0;0;0;0;0;0;0;0;0;0;0;0;0;0;0;0;0;0;0;0;0;0;0;0;0;0;0;0;0;0;0;0;0;0;0;0;0;0;0;0;0;1;0;1;0;0;0;1;2015-10-23 18:45:00;2054;1;45;25;25;0;-1;1;-1;-1;-1;-1;-1;-1;0;1;2;1;1;3;-1;0;0;0;0;0;0;0;0;0;0;0;0;0;1;1;0;1;-1;-1;0;0;-1;-1;-1;-1;-1;-1;-1;-1;-1;15;29;47;68;93;29;63;83;43;11.88;5.86;4.61;2.56;UCD;Finn Harps;1.63;2.03;1.75;1.96;1.75;1.96;86;71;54;32;8;78;66;47;0;0;0;456;30;Y;N;N;N;N;N;N
119327;2054;2059;2015;complete;649;0;-1;76,89;59;2;1;3;5;4;9;2;4;1;3;0;0;4;2;5;3;9;5;9;14;43;57;1;3;0;0;0;0;0;0;0;0;0;0;0;0;0;0;0;0;0;0;0;0;0;0;0;0;0;0;0;0;0;0;0;0;0;0;0;0;0;0;0;0;0;0;0;0;0;0;0;0;0;0;0;0;0;0;0;0;0;0;0;0;0;0;0;0;0;0;0;0;3;0;0;2;1;3;0;2015-10-30 19:45:00;2054;1;43;11;18;0;-1;1;-1;-1;-1;-1;-1;-1;0;0;1;3;0;4;-1;0;0;0;0;0;0;0;0;0;0;0;0;0;1;1;0;0;-1;-1;0;0;-1;-1;-1;-1;-1;-1;-1;-1;-1;14;28;45;66;94;28;64;80;41;11.78;5.75;4.59;2.5;Finn Harps;UCD;2.03;1.63;2;1.69;2;1.69;87;72;56;35;7;79;63;46;0;0;0;456;30;Y;Y;Y;N;N;N;Y
