ID;HOMEID;AWAYID;SEASON;STATUS;ROUNDID;GAME_WEEK;REVISED_GAME_WEEK;HOMEGOALS;AWAYGOALS;HOMEGOALCOUNT;AWAYGOALCOUNT;TOTALGOALCOUNT;TEAM_A_CORNERS;TEAM_B_CORNERS;TOTALCORNERCOUNT;TEAM_A_OFFSIDES;TEAM_B_OFFSIDES;TEAM_A_YELLOW_CARDS;TEAM_B_YELLOW_CARDS;TEAM_A_RED_CARDS;TEAM_B_RED_CARDS;TEAM_A_SHOTSONTARGET;TEAM_B_SHOTSONTARGET;TEAM_A_SHOTSOFFTARGET;TEAM_B_SHOTSOFFTARGET;TEAM_A_SHOTS;TEAM_B_SHOTS;TEAM_A_FOULS;TEAM_B_FOULS;TEAM_A_POSSESSION;TEAM_B_POSSESSION;TEAM_A_CARDS_NUM;TEAM_B_CARDS_NUM;ODDS_FT_1;ODDS_FT_X;ODDS_FT_2;ODDS_FT_OVER05;ODDS_FT_OVER15;ODDS_FT_OVER25;ODDS_FT_OVER35;ODDS_FT_OVER45;ODDS_FT_UNDER05;ODDS_FT_UNDER15;ODDS_FT_UNDER25;ODDS_FT_UNDER35;ODDS_FT_UNDER45;ODDS_BTTS_YES;ODDS_BTTS_NO;ODDS_TEAM_A_CS_YES;ODDS_TEAM_A_CS_NO;ODDS_TEAM_B_CS_YES;ODDS_TEAM_B_CS_NO;ODDS_DOUBLECHANCE_1X;ODDS_DOUBLECHANCE_12;ODDS_DOUBLECHANCE_X2;ODDS_1ST_HALF_RESULT_1;ODDS_1ST_HALF_RESULT_X;ODDS_1ST_HALF_RESULT_2;ODDS_2ND_HALF_RESULT_1;ODDS_2ND_HALF_RESULT_X;ODDS_2ND_HALF_RESULT_2;ODDS_DNB_1;ODDS_DNB_2;ODDS_CORNERS_OVER_75;ODDS_CORNERS_OVER_85;ODDS_CORNERS_OVER_95;ODDS_CORNERS_OVER_105;ODDS_CORNERS_OVER_115;ODDS_CORNERS_UNDER_75;ODDS_CORNERS_UNDER_85;ODDS_CORNERS_UNDER_95;ODDS_CORNERS_UNDER_105;ODDS_CORNERS_UNDER_115;ODDS_CORNERS_1;ODDS_CORNERS_X;ODDS_CORNERS_2;ODDS_TEAM_TO_SCORE_FIRST_1;ODDS_TEAM_TO_SCORE_FIRST_X;ODDS_TEAM_TO_SCORE_FIRST_2;ODDS_WIN_TO_NIL_1;ODDS_WIN_TO_NIL_2;ODDS_1ST_HALF_OVER05;ODDS_1ST_HALF_OVER15;ODDS_1ST_HALF_OVER25;ODDS_1ST_HALF_OVER35;ODDS_1ST_HALF_UNDER05;ODDS_1ST_HALF_UNDER15;ODDS_1ST_HALF_UNDER25;ODDS_1ST_HALF_UNDER35;ODDS_2ND_HALF_OVER05;ODDS_2ND_HALF_OVER15;ODDS_2ND_HALF_OVER25;ODDS_2ND_HALF_OVER35;ODDS_2ND_HALF_UNDER05;ODDS_2ND_HALF_UNDER15;ODDS_2ND_HALF_UNDER25;ODDS_2ND_HALF_UNDER35;ODDS_BTTS_1ST_HALF_YES;ODDS_BTTS_1ST_HALF_NO;ODDS_BTTS_2ND_HALF_YES;ODDS_BTTS_2ND_HALF_NO;OVERALLGOALCOUNT;HT_GOALS_TEAM_A;HT_GOALS_TEAM_B;GOALS_2HG_TEAM_A;GOALS_2HG_TEAM_B;GOALCOUNT_2HG;HTGOALCOUNT;DATE_UNIX;WINNINGTEAM;NO_HOME_AWAY;BTTS_POTENTIAL;BTTS_FHG_POTENTIAL;BTTS_2HG_POTENTIAL;GOALTIMINGDISABLED;CORNER_TIMINGS_RECORDED;CARD_TIMINGS_RECORDED;TEAM_A_FH_CORNERS;TEAM_B_FH_CORNERS;TEAM_A_2H_CORNERS;TEAM_B_2H_CORNERS;CORNER_FH_COUNT;CORNER_2H_COUNT;TEAM_A_FH_CARDS;TEAM_B_FH_CARDS;TEAM_A_2H_CARDS;TEAM_B_2H_CARDS;TOTAL_FH_CARDS;TOTAL_2H_CARDS;ATTACKS_RECORDED;TEAM_A_DANGEROUS_ATTACKS;TEAM_B_DANGEROUS_ATTACKS;TEAM_A_ATTACKS;TEAM_B_ATTACKS;TEAM_A_XG;TEAM_B_XG;TOTAL_XG;TEAM_A_PENALTIES_WON;TEAM_B_PENALTIES_WON;TEAM_A_PENALTY_GOALS;TEAM_B_PENALTY_GOALS;TEAM_A_PENALTY_MISSED;TEAM_B_PENALTY_MISSED;PENS_RECORDED;GOAL_TIMINGS_RECORDED;TEAM_A_0_10_MIN_GOALS;TEAM_B_0_10_MIN_GOALS;TEAM_A_CORNERS_0_10_MIN;TEAM_B_CORNERS_0_10_MIN;TEAM_A_CARDS_0_10_MIN;TEAM_B_CARDS_0_10_MIN;THROWINS_RECORDED;TEAM_A_THROWINS;TEAM_B_THROWINS;FREEKICKS_RECORDED;TEAM_A_FREEKICKS;TEAM_B_FREEKICKS;GOALKICKS_RECORDED;TEAM_A_GOALKICKS;TEAM_B_GOALKICKS;O45_POTENTIAL;O35_POTENTIAL;O25_POTENTIAL;O15_POTENTIAL;O05_POTENTIAL;O15HT_POTENTIAL;O05HT_POTENTIAL;O05_2H_POTENTIAL;O15_2H_POTENTIAL;CORNERS_POTENTIAL;OFFSIDES_POTENTIAL;CARDS_POTENTIAL;AVG_POTENTIAL;HOME_NAME;AWAY_NAME;HOME_PPG;AWAY_PPG;PRE_MATCH_HOME_PPG;PRE_MATCH_AWAY_PPG;PRE_MATCH_TEAMA_OVERALL_PPG;PRE_MATCH_TEAMB_OVERALL_PPG;U45_POTENTIAL;U35_POTENTIAL;U25_POTENTIAL;U15_POTENTIAL;U05_POTENTIAL;CORNERS_O85_POTENTIAL;CORNERS_O95_POTENTIAL;CORNERS_O105_POTENTIAL;TEAM_A_XG_PREMATCH;TEAM_B_XG_PREMATCH;TOTAL_XG_PREMATCH;COMPETITION_ID;MATCHES_COMPLETED_MINIMUM;OVER05;OVER15;OVER25;OVER35;OVER45;OVER55;BTTS
119100;2063;2060;2016;complete;646;1;-1;21,33;41;2;1;3;3;2;5;2;2;3;2;0;0;4;4;4;3;8;7;13;14;46;54;3;2;0;0;0;0;0;0;0;0;0;0;0;0;0;0;0;0;0;0;0;0;0;0;0;0;0;0;0;0;0;0;0;0;0;0;0;0;0;0;0;0;0;0;0;0;0;0;0;0;0;0;0;0;0;0;0;0;0;0;0;0;0;0;0;0;0;0;0;0;3;2;1;0;0;0;3;2016-03-04 19:45:00;2063;0;0;0;0;0;-1;1;-1;-1;-1;-1;-1;-1;2;0;1;2;2;3;-1;0;0;0;0;0;0;0;0;0;0;0;0;0;1;1;0;0;-1;-1;0;0;-1;-1;-1;-1;-1;-1;-1;-1;-1;0;0;0;0;0;0;0;0;0;0;0;0;0;Cabinteely;Athlone Town;1;0.2;0;0;0;0;0;0;0;0;0;0;0;0;0;0;0;455;28;Y;Y;Y;N;N;N;Y
119101;2053;2064;2016;complete;646;1;-1;6,45;47;2;1;3;0;5;5;1;4;1;3;0;0;2;3;5;6;7;9;14;11;56;44;1;3;0;0;0;0;0;0;0;0;0;0;0;0;0;0;0;0;0;0;0;0;0;0;0;0;0;0;0;0;0;0;0;0;0;0;0;0;0;0;0;0;0;0;0;0;0;0;0;0;0;0;0;0;0;0;0;0;0;0;0;0;0;0;0;0;0;0;0;0;3;2;0;0;1;1;2;2016-03-04 19:45:00;2053;0;0;0;0;0;-1;1;-1;-1;-1;-1;-1;-1;0;1;1;2;1;3;-1;0;0;0;0;0;0;0;0;0;0;0;0;0;1;1;1;0;-1;-1;0;0;-1;-1;-1;-1;-1;-1;-1;-1;-1;0;0;0;0;0;0;0;0;0;0;0;0;0;Drogheda United;Waterford;2.13;1;0;0;0;0;0;0;0;0;0;0;0;0;0;0;0;455;28;Y;Y;Y;N;N;N;Y
119102;2061;2062;2016;complete;646;1;-1;;53;0;1;1;-1;-1;-1;-1;-1;2;6;0;0;-1;-1;-1;-1;-1;-1;-1;-1;-1;-1;2;6;0;0;0;0;0;0;0;0;0;0;0;0;0;0;0;0;0;0;0;0;0;0;0;0;0;0;0;0;0;0;0;0;0;0;0;0;0;0;0;0;0;0;0;0;0;0;0;0;0;0;0;0;0;0;0;0;0;0;0;0;0;0;0;0;0;0;0;0;1;0;0;0;1;1;0;2016-03-04 19:45:00;2062;0;0;0;0;0;-1;1;-1;-1;-1;-1;-1;-1;0;2;2;4;2;6;-1;0;0;0;0;0;0;0;0;0;0;0;0;0;1;1;0;0;-1;-1;0;0;-1;-1;-1;-1;-1;-1;-1;-1;-1;0;0;0;0;0;0;0;0;0;0;0;0;0;Shelbourne;Cobh Ramblers;1.21;1.67;0;0;0;0;0;0;0;0;0;0;0;0;0;0;0;455;28;Y;N;N;N;N;N;N
119103;2055;2059;2016;complete;646;1;-1;28,57,59,73;19;4;1;5;9;3;12;5;2;0;1;0;1;18;4;8;3;26;7;12;13;61;39;0;3;0;0;0;0;0;0;0;0;0;0;0;0;0;0;0;0;0;0;0;0;0;0;0;0;0;0;0;0;0;0;0;0;0;0;0;0;0;0;0;0;0;0;0;0;0;0;0;0;0;0;0;0;0;0;0;0;0;0;0;0;0;0;0;0;0;0;0;0;5;1;1;3;0;3;2;2016-03-05 18:30:00;2055;0;0;0;0;0;-1;1;-1;-1;-1;-1;-1;-1;0;1;0;1;1;1;-1;0;0;0;0;0;0;0;0;0;0;0;0;0;1;1;0;0;-1;-1;0;0;-1;-1;-1;-1;-1;-1;-1;-1;-1;0;0;0;0;0;0;0;0;0;0;0;0;0;Limerick;UCD;2.86;1.71;0;0;0;0;0;0;0;0;0;0;0;0;0;0;0;455;28;Y;Y;Y;Y;Y;N;Y
119104;2059;2063;2016;complete;646;2;-1;13,81;66;2;1;3;5;1;6;4;7;1;4;0;1;8;2;5;2;13;4;14;23;60;40;1;5;0;0;0;0;0;0;0;0;0;0;0;0;0;0;0;0;0;0;0;0;0;0;0;0;0;0;0;0;0;0;0;0;0;0;0;0;0;0;0;0;0;0;0;0;0;0;0;0;0;0;0;0;0;0;0;0;0;0;0;0;0;0;0;0;0;0;0;0;3;1;0;1;1;2;1;2016-03-11 19:45:00;2059;0;0;0;0;0;-1;1;-1;-1;-1;-1;-1;-1;0;1;1;4;1;5;-1;0;0;0;0;0;0;0;0;0;0;0;0;0;1;1;0;0;-1;-1;0;0;-1;-1;-1;-1;-1;-1;-1;-1;-1;0;0;0;0;0;0;0;0;0;0;0;0;0;UCD;Cabinteely;1.71;0.14;0;0;0;3;0;0;0;0;0;0;0;0;0;0;0;455;28;Y;Y;Y;N;N;N;Y
119105;2064;2055;2016;complete;646;2;-1;85,87;19,40,45,76,90;2;5;7;7;12;19;2;6;3;1;0;0;3;6;6;6;9;12;8;9;47;53;3;1;0;0;0;0;0;0;0;0;0;0;0;0;0;0;0;0;0;0;0;0;0;0;0;0;0;0;0;0;0;0;0;0;0;0;0;0;0;0;0;0;0;0;0;0;0;0;0;0;0;0;0;0;0;0;0;0;0;0;0;0;0;0;0;0;0;0;0;0;7;0;3;2;2;4;3;2016-03-11 19:45:00;2055;0;0;0;0;0;-1;1;-1;-1;-1;-1;-1;-1;3;0;0;1;3;1;-1;0;0;0;0;0;0;0;0;0;0;0;0;0;1;1;0;0;-1;-1;1;0;-1;-1;-1;-1;-1;-1;-1;-1;-1;0;0;0;0;0;0;0;0;0;0;0;0;0;Waterford;Limerick;1.33;2.5;0;0;0;3;0;0;0;0;0;0;0;0;0;0;0;455;28;Y;Y;Y;Y;Y;Y;Y
119106;2062;2053;2016;complete;646;2;-1;73;35;1;1;2;4;2;6;2;0;3;2;0;1;3;6;6;3;9;9;15;7;49;51;3;4;0;0;0;0;0;0;0;0;0;0;0;0;0;0;0;0;0;0;0;0;0;0;0;0;0;0;0;0;0;0;0;0;0;0;0;0;0;0;0;0;0;0;0;0;0;0;0;0;0;0;0;0;0;0;0;0;0;0;0;0;0;0;0;0;0;0;0;0;2;0;1;1;0;1;1;2016-03-12 19:15:00;-1;0;0;0;0;0;-1;1;-1;-1;-1;-1;-1;-1;0;0;3;3;0;6;-1;0;0;0;0;0;0;0;0;1;0;1;0;0;1;1;0;0;-1;-1;0;0;-1;-1;-1;-1;-1;-1;-1;-1;-1;0;0;0;0;0;0;0;0;0;0;0;0;0;Cobh Ramblers;Drogheda United;1.87;1.53;0;0;3;3;0;0;0;0;0;0;0;0;0;0;0;455;30;Y;Y;N;N;N;N;Y
119107;2053;2060;2016;complete;646;3;-1;37,89;67,90;2;2;4;7;3;10;0;3;2;2;0;0;8;0;6;3;14;3;11;13;53;47;2;2;0;0;0;0;0;0;0;0;0;0;0;0;0;0;0;0;0;0;0;0;0;0;0;0;0;0;0;0;0;0;0;0;0;0;0;0;0;0;0;0;0;0;0;0;0;0;0;0;0;0;0;0;0;0;0;0;0;0;0;0;0;0;0;0;0;0;0;0;4;1;0;1;2;3;1;2016-03-18 19:45:00;-1;0;100;50;0;0;-1;1;-1;-1;-1;-1;-1;-1;1;1;1;1;2;2;-1;0;0;0;0;0;0;0;0;0;0;0;0;0;1;1;0;0;-1;-1;0;0;-1;-1;-1;-1;-1;-1;-1;-1;-1;0;0;100;100;100;100;100;50;0;2;3;3;3;Drogheda United;Athlone Town;2.13;0.2;3;0;2;0;100;100;0;0;0;0;0;0;0;0;0;455;28;Y;Y;Y;Y;N;N;Y
119108;2061;2063;2016;complete;646;3;-1;82;42;1;1;2;-1;-1;-1;-1;-1;1;0;0;0;-1;-1;-1;-1;-1;-1;-1;-1;-1;-1;1;0;0;0;0;0;0;0;0;0;0;0;0;0;0;0;0;0;0;0;0;0;0;0;0;0;0;0;0;0;0;0;0;0;0;0;0;0;0;0;0;0;0;0;0;0;0;0;0;0;0;0;0;0;0;0;0;0;0;0;0;0;0;0;0;0;0;0;0;0;2;0;1;1;0;1;1;2016-03-18 19:45:00;-1;0;50;0;50;0;-1;1;-1;-1;-1;-1;-1;-1;1;0;0;0;1;0;-1;0;0;0;0;0;0;0;0;0;0;0;0;0;1;1;0;0;-1;-1;0;0;-1;-1;-1;-1;-1;-1;-1;-1;-1;0;0;50;50;100;0;50;100;50;1;6;7;2;Shelbourne;Cabinteely;1.21;0.14;0;0;0;1.5;100;100;50;50;0;0;0;0;0;0;0;455;28;Y;Y;N;N;N;N;Y
119109;2059;2064;2016;complete;646;3;-1;59;18,50,66;1;3;4;9;6;15;3;8;1;0;0;0;4;3;7;4;11;7;5;14;55;45;1;0;0;0;0;0;0;0;0;0;0;0;0;0;0;0;0;0;0;0;0;0;0;0;0;0;0;0;0;0;0;0;0;0;0;0;0;0;0;0;0;0;0;0;0;0;0;0;0;0;0;0;0;0;0;0;0;0;0;0;0;0;0;0;0;0;0;0;0;0;4;0;1;1;2;3;1;2016-03-18 19:45:00;2064;0;100;0;50;0;-1;1;-1;-1;-1;-1;-1;-1;0;0;1;0;0;1;-1;0;0;0;0;0;0;0;0;0;0;0;0;0;1;1;0;0;-1;-1;0;0;-1;-1;-1;-1;-1;-1;-1;-1;-1;0;0;100;100;100;50;100;100;50;10;8;4;3;UCD;Waterford;1.71;1;3;0;1.5;0;100;100;0;0;0;0;0;0;0;0;0;455;28;Y;Y;Y;Y;N;N;Y
119110;2055;2062;2016;complete;646;3;-1;41,63,78,84,86,90;82;6;1;7;11;2;13;2;3;1;2;0;0;10;6;9;1;19;7;6;6;60;40;1;2;0;0;0;0;0;0;0;0;0;0;0;0;0;0;0;0;0;0;0;0;0;0;0;0;0;0;0;0;0;0;0;0;0;0;0;0;0;0;0;0;0;0;0;0;0;0;0;0;0;0;0;0;0;0;0;0;0;0;0;0;0;0;0;0;0;0;0;0;7;1;0;5;1;6;1;2016-03-19 18:30:00;2055;0;50;50;0;0;-1;1;-1;-1;-1;-1;-1;-1;0;0;1;2;0;3;-1;0;0;0;0;0;0;0;0;0;0;0;0;0;1;1;0;0;-1;-1;0;0;-1;-1;-1;-1;-1;-1;-1;-1;-1;50;50;50;50;100;50;50;100;50;9;4;6;3;Limerick;Cobh Ramblers;2.86;1.67;3;3;3;2;50;50;50;50;0;50;50;50;0;0;0;455;28;Y;Y;Y;Y;Y;Y;Y
119111;2061;2053;2016;complete;646;4;-1;4,17,75;;3;0;3;5;12;17;0;2;1;0;0;0;6;7;1;10;7;17;10;5;49;51;1;0;0;0;0;0;0;0;0;0;0;0;0;0;0;0;0;0;0;0;0;0;0;0;0;0;0;0;0;0;0;0;0;0;0;0;0;0;0;0;0;0;0;0;0;0;0;0;0;0;0;0;0;0;0;0;0;0;0;0;0;0;0;0;0;0;0;0;0;0;3;2;0;1;0;1;2;2016-03-26 19:00:00;2061;0;75;0;0;0;-1;1;-1;-1;-1;-1;-1;-1;0;0;1;0;0;1;-1;0;0;0;0;0;0;0;0;0;0;0;0;0;1;1;1;0;-1;-1;0;0;-1;-1;-1;-1;-1;-1;-1;-1;-1;0;0;0;75;100;0;75;100;0;2;0;5.5;1.75;Shelbourne;Drogheda United;1.21;1.53;0.5;1;0.5;1.67;100;100;100;25;0;0;0;0;0;0;0;455;28;Y;Y;Y;N;N;N;N
119112;2062;2059;2016;complete;646;4;-1;;28,84;0;2;2;3;7;10;4;1;3;1;0;0;7;8;4;9;11;17;22;9;43;57;3;1;0;0;0;0;0;0;0;0;0;0;0;0;0;0;0;0;0;0;0;0;0;0;0;0;0;0;0;0;0;0;0;0;0;0;0;0;0;0;0;0;0;0;0;0;0;0;0;0;0;0;0;0;0;0;0;0;0;0;0;0;0;0;0;0;0;0;0;0;2;0;1;0;1;1;1;2016-03-26 19:15:00;2059;0;100;50;0;0;-1;1;-1;-1;-1;-1;-1;-1;0;0;3;1;0;4;-1;0;0;0;0;0;0;0;0;0;0;0;0;0;1;1;0;0;-1;-1;0;0;-1;-1;-1;-1;-1;-1;-1;-1;-1;50;50;50;100;100;50;100;100;50;7;4;6;3.5;Cobh Ramblers;UCD;1.87;1.71;1;0;1.33;1;50;50;50;0;0;50;50;50;0;0;0;455;28;Y;Y;N;N;N;N;N
119113;2063;2064;2016;complete;646;4;-1;;51,60;0;2;2;2;8;10;5;0;0;1;0;0;4;4;0;4;4;8;13;11;49;51;0;1;0;0;0;0;0;0;0;0;0;0;0;0;0;0;0;0;0;0;0;0;0;0;0;0;0;0;0;0;0;0;0;0;0;0;0;0;0;0;0;0;0;0;0;0;0;0;0;0;0;0;0;0;0;0;0;0;0;0;0;0;0;0;0;0;0;0;0;0;2;0;0;0;2;2;0;2016-03-26 19:45:00;2064;0;100;50;25;0;-1;1;-1;-1;-1;-1;-1;-1;0;0;0;1;0;1;-1;0;0;0;0;0;0;0;0;0;0;0;0;0;1;1;0;0;-1;-1;0;0;-1;-1;-1;-1;-1;-1;-1;-1;-1;0;25;100;100;100;75;100;50;25;8.5;8;4.5;3.25;Cabinteely;Waterford;1;1;3;1.5;1.33;1;100;75;0;0;0;25;25;25;0;0;0;455;28;Y;Y;N;N;N;N;N
119114;2060;2055;2016;complete;646;4;-1;;26,28,63,70,86;0;5;5;2;15;17;1;3;3;0;0;0;5;9;2;6;7;15;13;9;39;61;3;0;0;0;0;0;0;0;0;0;0;0;0;0;0;0;0;0;0;0;0;0;0;0;0;0;0;0;0;0;0;0;0;0;0;0;0;0;0;0;0;0;0;0;0;0;0;0;0;0;0;0;0;0;0;0;0;0;0;0;0;0;0;0;0;0;0;0;0;0;5;0;2;0;3;3;2;2016-03-26 19:45:00;2055;0;50;0;50;0;-1;1;-1;-1;-1;-1;-1;-1;0;0;3;0;0;3;-1;0;0;0;0;0;0;0;0;0;0;0;0;0;1;1;0;0;-1;-1;0;0;-1;-1;-1;-1;-1;-1;-1;-1;-1;50;50;50;50;50;50;50;50;50;12;6;1;3.5;Athlone Town;Limerick;0.85;2.5;0;3;0.5;3;0;0;0;0;0;50;50;50;0;0;0;455;28;Y;Y;Y;Y;Y;N;N
119115;2053;2063;2016;complete;646;5;-1;21,55,82,83;;4;0;4;10;1;11;3;3;1;3;0;0;7;7;4;2;11;9;8;8;63;37;1;3;0;0;0;0;0;0;0;0;0;0;0;0;0;0;0;0;0;0;0;0;0;0;0;0;0;0;0;0;0;0;0;0;0;0;0;0;0;0;0;0;0;0;0;0;0;0;0;0;0;0;0;0;0;0;0;0;0;0;0;0;0;0;0;0;0;0;0;0;4;1;0;3;0;3;1;2016-04-01 18:45:00;2053;0;100;0;50;0;-1;1;-1;-1;-1;-1;-1;-1;1;0;0;3;1;3;-1;0;0;0;0;0;0;0;0;0;0;0;0;0;1;1;0;0;-1;-1;0;0;-1;-1;-1;-1;-1;-1;-1;-1;-1;0;25;75;100;100;25;100;100;50;4.5;3.5;4;3;Drogheda United;Cabinteely;2.13;0.14;2;0.5;1.25;1;100;75;25;0;0;25;25;0;0;0;0;455;28;Y;Y;Y;Y;N;N;N
119116;2059;2060;2016;complete;646;5;-1;13;24;1;1;2;2;3;5;2;3;4;1;0;0;4;4;7;8;11;12;13;13;49;51;4;1;0;0;0;0;0;0;0;0;0;0;0;0;0;0;0;0;0;0;0;0;0;0;0;0;0;0;0;0;0;0;0;0;0;0;0;0;0;0;0;0;0;0;0;0;0;0;0;0;0;0;0;0;0;0;0;0;0;0;0;0;0;0;0;0;0;0;0;0;2;1;1;0;0;0;2;2016-04-01 18:45:00;-1;0;100;25;75;0;-1;1;-1;-1;-1;-1;-1;-1;2;1;2;0;3;2;-1;0;0;0;0;0;0;0;0;0;0;0;0;0;1;1;0;0;-1;-1;0;1;-1;-1;-1;-1;-1;-1;-1;-1;-1;0;50;100;100;100;25;100;75;75;9.5;6;3;3.5;UCD;Athlone Town;1.71;0.2;1.5;0.5;1.5;0.33;100;50;0;0;0;50;50;25;0;0;0;455;28;Y;Y;N;N;N;N;Y
119117;2055;2061;2016;complete;646;5;-1;12,64,78,82,90;59;5;1;6;9;4;13;0;2;0;4;0;0;8;4;13;3;21;7;9;11;59;41;0;4;0;0;0;0;0;0;0;0;0;0;0;0;0;0;0;0;0;0;0;0;0;0;0;0;0;0;0;0;0;0;0;0;0;0;0;0;0;0;0;0;0;0;0;0;0;0;0;0;0;0;0;0;0;0;0;0;0;0;0;0;0;0;0;0;0;0;0;0;6;1;0;4;1;5;1;2016-04-02 17:30:00;2055;0;50;25;25;0;-1;1;-1;-1;-1;-1;-1;-1;0;0;0;4;0;4;-1;0;0;0;0;0;0;0;0;0;0;0;0;0;1;1;0;0;-1;-1;0;0;-1;-1;-1;-1;-1;-1;-1;-1;-1;50;50;50;50;50;25;50;50;50;10;3.5;0.5;3;Limerick;Shelbourne;2.86;0.93;3;0;3;1.33;0;0;0;0;0;50;50;50;0;0;0;455;28;Y;Y;Y;Y;Y;Y;Y
119118;2060;2064;2016;complete;646;6;-1;43,75,78;7,14,36;3;3;6;5;9;14;2;3;2;2;0;1;2;3;6;1;8;4;13;11;57;43;2;4;0;0;0;0;0;0;0;0;0;0;0;0;0;0;0;0;0;0;0;0;0;0;0;0;0;0;0;0;0;0;0;0;0;0;0;0;0;0;0;0;0;0;0;0;0;0;0;0;0;0;0;0;0;0;0;0;0;0;0;0;0;0;0;0;0;0;0;0;6;1;3;2;0;2;4;2016-04-08 18:45:00;-1;0;34;0;17;0;-1;1;-1;-1;-1;-1;-1;-1;0;2;2;1;2;3;-1;0;0;0;0;0;0;0;0;0;0;0;0;0;1;1;0;1;-1;-1;0;0;-1;-1;-1;-1;-1;-1;-1;-1;-1;50;67;84;100;100;67;84;100;84;8.33;5;4.33;4;Athlone Town;Waterford;0.85;1;0;2;0.5;1.5;50;34;17;0;0;84;84;67;0;0;0;455;28;Y;Y;Y;Y;Y;Y;Y
119119;2063;2062;2016;complete;646;6;-1;57;25,46;1;2;3;6;2;8;1;0;0;0;0;0;6;0;5;4;11;4;10;12;53;47;0;0;0;0;0;0;0;0;0;0;0;0;0;0;0;0;0;0;0;0;0;0;0;0;0;0;0;0;0;0;0;0;0;0;0;0;0;0;0;0;0;0;0;0;0;0;0;0;0;0;0;0;0;0;0;0;0;0;0;0;0;0;0;0;0;0;0;0;0;0;3;0;1;1;1;2;1;2016-04-08 18:45:00;2062;0;50;25;25;0;-1;-1;-1;-1;-1;-1;-1;-1;0;0;0;0;0;0;-1;0;0;0;0;0;0;0;0;0;0;0;0;0;1;1;0;0;-1;-1;-1;-1;-1;-1;-1;-1;-1;-1;-1;-1;-1;25;25;50;75;100;25;50;75;50;4.5;4.5;5.5;3.25;Cabinteely;Cobh Ramblers;1;1.67;1.5;1.5;0.8;1;75;75;50;25;0;75;75;50;0;0;0;455;28;Y;Y;Y;N;N;N;Y
119120;2053;2055;2016;complete;646;6;-1;;33,56,68;0;3;3;3;4;7;5;8;3;0;0;0;4;4;10;5;14;9;9;5;48;52;3;0;0;0;0;0;0;0;0;0;0;0;0;0;0;0;0;0;0;0;0;0;0;0;0;0;0;0;0;0;0;0;0;0;0;0;0;0;0;0;0;0;0;0;0;0;0;0;0;0;0;0;0;0;0;0;0;0;0;0;0;0;0;0;0;0;0;0;0;0;3;0;1;0;2;2;1;2016-04-08 18:45:00;2055;0;59;0;42;0;-1;1;-1;-1;-1;-1;-1;-1;2;0;1;0;2;1;-1;0;0;0;0;0;0;0;0;0;0;0;0;0;1;1;0;0;-1;-1;0;0;-1;-1;-1;-1;-1;-1;-1;-1;-1;50;84;100;100;100;67;100;100;84;19.17;5.83;1.83;4.84;Drogheda United;Limerick;2.13;2.5;2.33;3;1.6;3;50;17;0;0;0;84;84;67;0;0;0;455;28;Y;Y;Y;N;N;N;N
119121;2061;2059;2016;complete;646;6;-1;34;14,47;1;2;3;7;8;15;2;4;2;2;1;0;6;6;8;10;14;16;21;7;44;56;3;2;0;0;0;0;0;0;0;0;0;0;0;0;0;0;0;0;0;0;0;0;0;0;0;0;0;0;0;0;0;0;0;0;0;0;0;0;0;0;0;0;0;0;0;0;0;0;0;0;0;0;0;0;0;0;0;0;0;0;0;0;0;0;0;0;0;0;0;0;3;1;1;0;1;1;2;2016-04-08 18:45:00;2059;0;42;25;0;0;-1;1;-1;-1;-1;-1;-1;-1;1;0;2;2;1;4;-1;0;0;0;0;0;0;0;0;0;0;0;0;0;1;1;0;0;-1;-1;0;0;-1;-1;-1;-1;-1;-1;-1;-1;-1;25;25;42;84;100;42;84;100;25;10;0.83;3.33;2.75;Shelbourne;UCD;1.21;1.71;1.33;1.5;1;1.4;75;75;59;17;0;100;100;75;0;0;0;455;28;Y;Y;Y;N;N;N;Y
119122;2060;2061;2016;complete;646;2;-1;59;42,74,83;1;3;4;6;5;11;3;2;0;3;0;0;4;5;6;4;10;9;9;7;46;54;0;3;0;0;0;0;0;0;0;0;0;0;0;0;0;0;0;0;0;0;0;0;0;0;0;0;0;0;0;0;0;0;0;0;0;0;0;0;0;0;0;0;0;0;0;0;0;0;0;0;0;0;0;0;0;0;0;0;0;0;0;0;0;0;0;0;0;0;0;0;4;0;1;1;2;3;1;2016-04-11 18:45:00;2061;0;75;25;50;0;-1;1;-1;-1;-1;-1;-1;-1;0;1;0;2;1;2;-1;0;0;0;0;0;0;0;0;1;0;1;0;0;1;1;0;0;-1;-1;0;0;-1;-1;-1;-1;-1;-1;-1;-1;-1;100;100;100;100;100;50;100;100;100;7.5;3.5;6.5;5.75;Athlone Town;Shelbourne;0.85;0.93;0.5;0;0.6;0.8;0;0;0;0;0;100;100;100;0;0;0;455;28;Y;Y;Y;Y;N;N;Y
119123;2064;2062;2016;complete;646;5;-1;11;9,23;1;2;3;1;5;6;2;4;3;2;0;0;6;5;4;7;10;12;14;14;51;49;3;2;0;0;0;0;0;0;0;0;0;0;0;0;0;0;0;0;0;0;0;0;0;0;0;0;0;0;0;0;0;0;0;0;0;0;0;0;0;0;0;0;0;0;0;0;0;0;0;0;0;0;0;0;0;0;0;0;0;0;0;0;0;0;0;0;0;0;0;0;3;1;2;0;0;0;3;2016-04-11 18:45:00;2062;0;84;0;84;0;-1;1;-1;-1;-1;-1;-1;-1;0;2;3;0;2;3;-1;0;0;0;0;0;0;0;1;0;1;0;0;0;1;1;0;1;-1;-1;0;0;-1;-1;-1;-1;-1;-1;-1;-1;-1;67;67;84;84;100;50;84;100;84;9;2.67;5.67;5.34;Waterford;Cobh Ramblers;1.33;1.67;0;2;1.4;1.4;34;34;17;17;0;75;75;75;0;0;0;455;28;Y;Y;Y;N;N;N;Y
119124;2064;2061;2016;complete;646;7;-1;63;17,21,59,77;1;4;5;4;1;5;2;6;1;0;0;0;3;4;4;5;7;9;5;8;53;47;1;0;0;0;0;0;0;0;0;0;0;0;0;0;0;0;0;0;0;0;0;0;0;0;0;0;0;0;0;0;0;0;0;0;0;0;0;0;0;0;0;0;0;0;0;0;0;0;0;0;0;0;0;0;0;0;0;0;0;0;0;0;0;0;0;0;0;0;0;0;5;0;2;1;2;3;2;2016-04-15 18:45:00;2061;0;100;25;75;0;-1;1;-1;-1;-1;-1;-1;-1;0;0;1;0;0;1;-1;0;0;0;0;0;0;0;0;0;0;0;0;0;1;1;0;0;-1;-1;0;0;-1;-1;-1;-1;-1;-1;-1;-1;-1;50;75;100;100;100;50;100;75;75;8.5;4;6.5;5;Waterford;Shelbourne;1.33;0.93;0;1.5;1.17;1.17;50;25;0;0;0;75;75;75;0;0;0;455;28;Y;Y;Y;Y;Y;N;Y
119125;2059;2053;2016;complete;646;7;-1;11,35;23,43;2;2;4;9;3;12;4;4;2;2;0;0;6;6;3;5;9;11;10;20;54;46;2;2;0;0;0;0;0;0;0;0;0;0;0;0;0;0;0;0;0;0;0;0;0;0;0;0;0;0;0;0;0;0;0;0;0;0;0;0;0;0;0;0;0;0;0;0;0;0;0;0;0;0;0;0;0;0;0;0;0;0;0;0;0;0;0;0;0;0;0;0;4;2;2;0;0;0;4;2016-04-15 18:45:00;-1;0;75;17;34;0;-1;1;-1;-1;-1;-1;-1;-1;2;2;0;0;4;0;-1;0;0;0;0;0;0;0;0;0;0;0;0;0;1;1;0;0;-1;-1;0;1;-1;-1;-1;-1;-1;-1;-1;-1;-1;0;17;59;100;100;42;100;84;34;12.33;4;4;2.75;UCD;Drogheda United;1.71;1.53;1.33;0.5;1.67;1.33;100;84;42;0;0;42;42;42;0;0;0;455;28;Y;Y;Y;Y;N;N;Y
119126;2055;2063;2016;complete;646;7;-1;35,53,70;;3;0;3;10;2;12;2;5;1;2;0;1;13;2;17;1;30;3;7;7;72;28;1;4;0;0;0;0;0;0;0;0;0;0;0;0;0;0;0;0;0;0;0;0;0;0;0;0;0;0;0;0;0;0;0;0;0;0;0;0;0;0;0;0;0;0;0;0;0;0;0;0;0;0;0;0;0;0;0;0;0;0;0;0;0;0;0;0;0;0;0;0;3;1;0;2;0;2;1;2016-04-16 17:30:00;2055;0;84;17;50;0;-1;1;-1;-1;-1;-1;-1;-1;1;2;0;1;3;1;-1;0;0;0;0;0;0;0;1;0;1;0;0;0;1;1;0;0;-1;-1;0;1;-1;-1;-1;-1;-1;-1;-1;-1;-1;50;67;84;100;100;17;100;100;84;10.67;5.33;3;4.5;Limerick;Cabinteely;2.86;0.14;3;0.33;3;0.67;50;34;17;0;0;75;75;75;0;0;0;455;28;Y;Y;Y;N;N;N;N
119127;2062;2060;2016;complete;646;7;-1;79,85;50,52;2;2;4;4;5;9;0;2;2;2;0;0;5;5;5;4;10;9;9;8;48;52;2;2;0;0;0;0;0;0;0;0;0;0;0;0;0;0;0;0;0;0;0;0;0;0;0;0;0;0;0;0;0;0;0;0;0;0;0;0;0;0;0;0;0;0;0;0;0;0;0;0;0;0;0;0;0;0;0;0;0;0;0;0;0;0;0;0;0;0;0;0;4;0;0;2;2;4;0;2016-04-16 18:15:00;-1;0;75;34;17;0;-1;1;-1;-1;-1;-1;-1;-1;0;0;2;2;0;4;-1;0;0;0;0;0;0;0;1;0;1;0;0;0;1;1;0;0;-1;-1;0;0;-1;-1;-1;-1;-1;-1;-1;-1;-1;0;17;34;100;100;34;100;67;17;6.17;5.67;4.67;2.5;Cobh Ramblers;Athlone Town;1.87;0.2;0.5;0.67;1.67;0.5;100;84;67;0;0;42;42;0;0;0;0;455;28;Y;Y;Y;Y;N;N;Y
119128;2060;2063;2016;complete;646;8;-1;19,52,70;15;3;1;4;2;6;8;2;2;0;1;0;0;4;5;5;5;9;10;13;13;53;47;0;1;0;0;0;0;0;0;0;0;0;0;0;0;0;0;0;0;0;0;0;0;0;0;0;0;0;0;0;0;0;0;0;0;0;0;0;0;0;0;0;0;0;0;0;0;0;0;0;0;0;0;0;0;0;0;0;0;0;0;0;0;0;0;0;0;0;0;0;0;4;1;1;2;0;2;2;2016-04-22 18:45:00;2060;0;59;17;29;0;-1;1;-1;-1;-1;-1;-1;-1;0;0;0;1;0;1;-1;0;0;0;0;0;0;0;1;0;1;0;0;0;1;1;0;0;-1;-1;0;0;-1;-1;-1;-1;-1;-1;-1;-1;-1;34;63;88;100;100;34;100;100;88;5.66;5.5;4.67;4;Athlone Town;Cabinteely;0.85;0.14;0.33;0.25;0.57;0.57;67;38;13;0;0;84;84;84;0;0;0;455;28;Y;Y;Y;Y;N;N;Y
119129;2059;2055;2016;complete;646;8;-1;42;17,49;1;2;3;1;5;6;1;3;1;3;1;1;7;6;5;4;12;10;16;14;46;54;3;5;0;0;0;0;0;0;0;0;0;0;0;0;0;0;0;0;0;0;0;0;0;0;0;0;0;0;0;0;0;0;0;0;0;0;0;0;0;0;0;0;0;0;0;0;0;0;0;0;0;0;0;0;0;0;0;0;0;0;0;0;0;0;0;0;0;0;0;0;3;1;1;0;1;1;2;2016-04-22 18:45:00;2055;0;67;25;42;0;-1;1;-1;-1;-1;-1;-1;-1;0;1;2;3;1;5;-1;0;0;0;0;0;0;0;0;0;0;0;0;0;1;1;0;0;-1;-1;0;0;-1;-1;-1;-1;-1;-1;-1;-1;-1;34;59;88;100;100;59;100;75;75;16.58;8.92;2.33;4.13;UCD;Limerick;1.71;2.5;1.25;3;1.57;3;67;42;13;0;0;59;59;59;0;0;0;455;28;Y;Y;Y;N;N;N;Y
119130;2064;2053;2016;complete;646;8;-1;27;7,80;1;2;3;3;7;10;8;4;4;0;1;0;5;4;4;9;9;13;15;14;46;54;5;0;0;0;0;0;0;0;0;0;0;0;0;0;0;0;0;0;0;0;0;0;0;0;0;0;0;0;0;0;0;0;0;0;0;0;0;0;0;0;0;0;0;0;0;0;0;0;0;0;0;0;0;0;0;0;0;0;0;0;0;0;0;0;0;0;0;0;0;0;3;1;1;0;1;1;2;2016-04-22 18:45:00;2053;0;84;33;34;0;-1;1;-1;-1;-1;-1;-1;-1;2;0;3;0;2;3;-1;0;0;0;0;0;0;0;0;0;0;0;0;0;1;1;0;1;-1;-1;0;0;-1;-1;-1;-1;-1;-1;-1;-1;-1;34;50;84;100;100;84;100;67;34;9.67;4;4.33;4;Waterford;Drogheda United;1.33;1.53;0;0.67;1;1.29;67;50;17;0;0;50;50;50;0;0;0;455;28;Y;Y;Y;N;N;N;Y
119131;2062;2061;2016;complete;646;8;-1;51;;1;0;1;7;7;14;3;0;1;2;0;1;10;4;11;5;21;9;9;11;59;41;1;3;0;0;0;0;0;0;0;0;0;0;0;0;0;0;0;0;0;0;0;0;0;0;0;0;0;0;0;0;0;0;0;0;0;0;0;0;0;0;0;0;0;0;0;0;0;0;0;0;0;0;0;0;0;0;0;0;0;0;0;0;0;0;0;0;0;0;0;0;1;0;0;1;0;1;0;2016-04-23 18:15:00;2062;0;84;0;67;0;-1;1;-1;-1;-1;-1;-1;-1;0;2;1;1;2;2;-1;0;0;0;0;0;0;0;0;0;0;0;0;0;1;1;0;0;-1;-1;0;0;-1;-1;-1;-1;-1;-1;-1;-1;-1;34;67;67;100;100;17;84;100;67;7;5.33;5;3.84;Cobh Ramblers;Shelbourne;1.87;0.93;0.67;2;1.57;1.43;67;34;34;0;0;67;50;34;0;0;0;455;28;Y;N;N;N;N;N;N
119132;2061;2060;2016;complete;646;9;-1;11,39;33;2;1;3;10;4;14;4;1;2;2;0;0;10;8;8;6;18;14;13;10;49;51;2;2;0;0;0;0;0;0;0;0;0;0;0;0;0;0;0;0;0;0;0;0;0;0;0;0;0;0;0;0;0;0;0;0;0;0;0;0;0;0;0;0;0;0;0;0;0;0;0;0;0;0;0;0;0;0;0;0;0;0;0;0;0;0;0;0;0;0;0;0;3;2;1;0;0;0;3;2016-04-29 17:45:00;2061;0;75;38;25;0;-1;1;-1;-1;-1;-1;-1;-1;0;0;2;2;0;4;-1;0;0;0;0;0;0;0;0;0;0;0;0;0;1;1;0;0;-1;-1;0;0;-1;-1;-1;-1;-1;-1;-1;-1;-1;0;25;63;88;100;50;75;75;25;9.25;2.5;3.5;2.75;Shelbourne;Athlone Town;1.21;0.2;1;0.75;1.25;0.88;100;75;38;13;0;75;63;50;0;0;0;455;28;Y;Y;Y;N;N;N;Y
119133;2053;2062;2016;complete;646;9;-1;24;;1;0;1;8;2;10;3;5;1;1;0;0;5;2;5;0;10;2;14;15;57;43;1;1;0;0;0;0;0;0;0;0;0;0;0;0;0;0;0;0;0;0;0;0;0;0;0;0;0;0;0;0;0;0;0;0;0;0;0;0;0;0;0;0;0;0;0;0;0;0;0;0;0;0;0;0;0;0;0;0;0;0;0;0;0;0;0;0;0;0;0;0;1;1;0;0;0;0;1;2016-04-29 18:45:00;2053;0;63;13;38;0;-1;1;-1;-1;-1;-1;-1;-1;0;1;1;0;1;1;-1;0;0;0;0;0;0;0;0;0;0;0;0;0;1;1;0;0;-1;-1;0;0;-1;-1;-1;-1;-1;-1;-1;-1;-1;13;38;88;88;100;25;88;88;63;8;3.75;4.25;3.5;Drogheda United;Cobh Ramblers;2.13;1.67;1.75;2.25;1.5;1.75;88;63;13;13;0;42;42;29;0;0;0;455;30;Y;N;N;N;N;N;N
119134;2055;2064;2016;complete;646;9;-1;1,42,45,62,74,85,90;18,54;7;2;9;9;3;12;7;4;0;1;0;0;11;7;12;7;23;14;7;11;57;43;0;1;0;0;0;0;0;0;0;0;0;0;0;0;0;0;0;0;0;0;0;0;0;0;0;0;0;0;0;0;0;0;0;0;0;0;0;0;0;0;0;0;0;0;0;0;0;0;0;0;0;0;0;0;0;0;0;0;0;0;0;0;0;0;0;0;0;0;0;0;9;3;1;4;1;5;4;2016-04-30 17:30:00;2055;0;75;25;38;0;-1;1;-1;-1;-1;-1;-1;-1;0;0;0;1;0;1;-1;0;0;0;0;0;0;0;0;0;0;0;0;0;1;1;1;0;-1;-1;0;0;-1;-1;-1;-1;-1;-1;-1;-1;-1;50;63;88;100;100;38;88;100;88;16.75;6;2.5;4.5;Limerick;Waterford;2.86;1;3;1.75;3;0.88;50;38;13;0;0;88;88;75;0;0;0;455;28;Y;Y;Y;Y;Y;Y;Y
119135;2063;2059;2016;complete;646;9;-1;;;0;0;0;5;2;7;2;2;3;0;0;0;2;3;1;4;3;7;19;14;36;64;3;0;0;0;0;0;0;0;0;0;0;0;0;0;0;0;0;0;0;0;0;0;0;0;0;0;0;0;0;0;0;0;0;0;0;0;0;0;0;0;0;0;0;0;0;0;0;0;0;0;0;0;0;0;0;0;0;0;0;0;0;0;0;0;0;0;0;0;0;0;0;0;0;0;0;0;0;2016-04-30 18:45:00;-1;0;67;50;17;0;-1;1;-1;-1;-1;-1;-1;-1;0;0;3;0;0;3;-1;0;0;0;0;0;0;0;0;0;0;0;0;0;1;1;0;0;-1;-1;0;0;-1;-1;-1;-1;-1;-1;-1;-1;-1;17;17;67;100;100;50;84;84;50;9.67;5;3;3;Cabinteely;UCD;1;1.71;1;2;0.5;1.38;84;84;33;0;0;67;67;34;0;0;0;455;28;N;N;N;N;N;N;N
119136;2064;2059;2016;complete;646;10;-1;7,26,59;80;3;1;4;1;7;8;4;3;2;1;0;0;7;12;3;11;10;23;13;12;44;56;2;1;0;0;0;0;0;0;0;0;0;0;0;0;0;0;0;0;0;0;0;0;0;0;0;0;0;0;0;0;0;0;0;0;0;0;0;0;0;0;0;0;0;0;0;0;0;0;0;0;0;0;0;0;0;0;0;0;0;0;0;0;0;0;0;0;0;0;0;0;4;2;0;1;1;2;2;2016-05-06 18:45:00;2064;0;75;50;25;0;-1;1;-1;-1;-1;-1;-1;-1;0;0;2;1;0;3;-1;0;0;0;0;0;0;0;0;0;0;0;0;0;1;1;1;0;-1;-1;0;0;-1;-1;-1;-1;-1;-1;-1;-1;-1;38;38;75;88;88;75;88;75;38;8.75;5.75;4.5;3.5;Waterford;UCD;1.33;1.71;0;1.75;0.78;1.33;63;63;25;13;13;63;63;38;0;0;0;455;28;Y;Y;Y;Y;N;N;Y
119137;2060;2053;2016;complete;646;10;-1;12;43,71;1;2;3;1;9;10;3;4;2;1;0;0;4;5;2;7;6;12;13;15;47;53;2;1;0;0;0;0;0;0;0;0;0;0;0;0;0;0;0;0;0;0;0;0;0;0;0;0;0;0;0;0;0;0;0;0;0;0;0;0;0;0;0;0;0;0;0;0;0;0;0;0;0;0;0;0;0;0;0;0;0;0;0;0;0;0;0;0;0;0;0;0;3;1;1;0;1;1;2;2016-05-06 18:45:00;2053;0;75;50;13;0;-1;1;-1;-1;-1;-1;-1;-1;1;0;1;1;1;2;-1;0;0;0;0;0;0;0;0;0;0;0;0;0;1;1;0;0;-1;-1;0;0;-1;-1;-1;-1;-1;-1;-1;-1;-1;25;63;88;100;100;75;100;88;50;9.75;4.5;2.75;3.88;Athlone Town;Drogheda United;0.85;1.53;1;1.25;0.78;1.67;75;38;13;0;0;75;75;63;0;0;0;455;28;Y;Y;Y;N;N;N;Y
119138;2063;2061;2016;complete;646;10;-1;;28,42,88,90;0;4;4;4;5;9;1;2;0;0;0;0;2;4;3;6;5;10;14;14;46;54;0;0;0;0;0;0;0;0;0;0;0;0;0;0;0;0;0;0;0;0;0;0;0;0;0;0;0;0;0;0;0;0;0;0;0;0;0;0;0;0;0;0;0;0;0;0;0;0;0;0;0;0;0;0;0;0;0;0;0;0;0;0;0;0;0;0;0;0;0;0;4;0;2;0;2;2;2;2016-05-07 14:00:00;2061;0;63;13;50;0;-1;-1;-1;-1;-1;-1;-1;-1;0;0;0;0;0;0;-1;0;0;0;0;0;0;0;0;0;0;0;0;0;1;1;0;0;-1;-1;-1;-1;-1;-1;-1;-1;-1;-1;-1;-1;-1;25;38;63;75;88;25;63;75;63;8.25;5;4;3;Cabinteely;Shelbourne;1;0.93;1;1.5;0.56;1.44;75;63;38;25;13;50;50;38;0;0;0;455;28;Y;Y;Y;Y;N;N;N
119139;2062;2055;2016;complete;646;10;-1;;15,66,90;0;3;3;7;14;21;1;2;1;0;0;0;7;13;3;12;10;25;15;5;36;64;1;0;0;0;0;0;0;0;0;0;0;0;0;0;0;0;0;0;0;0;0;0;0;0;0;0;0;0;0;0;0;0;0;0;0;0;0;0;0;0;0;0;0;0;0;0;0;0;0;0;0;0;0;0;0;0;0;0;0;0;0;0;0;0;0;0;0;0;0;0;3;0;1;0;2;2;1;2016-05-07 18:15:00;2055;0;50;13;25;0;-1;1;-1;-1;-1;-1;-1;-1;0;0;1;0;0;1;-1;0;0;0;0;0;0;0;0;1;0;1;0;0;1;1;0;0;-1;-1;0;0;-1;-1;-1;-1;-1;-1;-1;-1;-1;25;38;63;88;100;38;75;100;50;13.5;7.25;3.75;3.38;Cobh Ramblers;Limerick;1.87;2.5;1.25;3;1.56;3;75;63;38;13;0;63;50;38;0;0;0;455;28;Y;Y;Y;N;N;N;N
119140;2055;2060;2016;complete;646;11;-1;57,68,78;;3;0;3;16;1;17;3;2;0;2;0;0;8;2;8;1;16;3;7;5;61;39;0;2;0;0;0;0;0;0;0;0;0;0;0;0;0;0;0;0;0;0;0;0;0;0;0;0;0;0;0;0;0;0;0;0;0;0;0;0;0;0;0;0;0;0;0;0;0;0;0;0;0;0;0;0;0;0;0;0;0;0;0;0;0;0;0;0;0;0;0;0;3;0;0;3;0;3;0;2016-05-13 18:15:00;2055;0;90;50;50;0;-1;1;-1;-1;-1;-1;-1;-1;0;0;0;2;0;2;-1;0;0;0;0;0;0;0;0;0;0;0;0;0;1;1;0;0;-1;-1;0;0;-1;-1;-1;-1;-1;-1;-1;-1;-1;40;60;90;100;100;50;90;70;70;13;5.4;2.2;4.6;Limerick;Athlone Town;2.86;0.2;3;0.6;3;0.7;60;40;10;0;0;80;70;60;0;0;0;455;28;Y;Y;Y;N;N;N;N
119141;2053;2061;2016;complete;646;11;-1;59;;1;0;1;6;4;10;0;1;3;2;1;0;2;3;0;7;2;10;18;16;50;50;5;2;0;0;0;0;0;0;0;0;0;0;0;0;0;0;0;0;0;0;0;0;0;0;0;0;0;0;0;0;0;0;0;0;0;0;0;0;0;0;0;0;0;0;0;0;0;0;0;0;0;0;0;0;0;0;0;0;0;0;0;0;0;0;0;0;0;0;0;0;1;0;0;1;0;1;0;2016-05-13 18:45:00;2053;0;50;0;40;0;-1;1;-1;-1;-1;-1;-1;-1;1;0;3;2;1;5;-1;0;0;0;0;0;0;0;0;0;0;0;0;0;1;1;0;0;-1;-1;0;0;-1;-1;-1;-1;-1;-1;-1;-1;-1;20;60;80;80;100;30;90;90;70;10;4.8;3.6;3.5;Drogheda United;Shelbourne;2.13;0.93;2;1.8;1.8;1.6;80;40;20;20;0;70;60;40;0;0;0;455;28;Y;N;N;N;N;N;N
119142;2059;2062;2016;complete;646;11;-1;48,54,71;83;3;1;4;3;4;7;2;4;0;3;1;0;3;3;4;4;7;7;9;14;52;48;2;3;0;0;0;0;0;0;0;0;0;0;0;0;0;0;0;0;0;0;0;0;0;0;0;0;0;0;0;0;0;0;0;0;0;0;0;0;0;0;0;0;0;0;0;0;0;0;0;0;0;0;0;0;0;0;0;0;0;0;0;0;0;0;0;0;0;0;0;0;4;0;0;3;1;4;0;2016-05-13 18:45:00;2059;0;80;40;40;0;-1;1;-1;-1;-1;-1;-1;-1;0;1;1;2;1;3;-1;0;0;0;0;0;0;0;0;1;0;1;0;0;1;1;0;0;-1;-1;0;0;-1;-1;-1;-1;-1;-1;-1;-1;-1;10;30;70;80;100;40;90;60;40;7.95;5;4.4;3.1;UCD;Cobh Ramblers;1.71;1.67;1;1.8;1.2;1.4;90;70;30;20;0;45;45;33;0;0;0;455;28;Y;Y;Y;Y;N;N;Y
119143;2064;2063;2016;complete;646;11;-1;2,18,36;42;3;1;4;5;5;10;2;0;4;2;0;1;6;4;8;10;14;14;17;12;46;54;4;4;0;0;0;0;0;0;0;0;0;0;0;0;0;0;0;0;0;0;0;0;0;0;0;0;0;0;0;0;0;0;0;0;0;0;0;0;0;0;0;0;0;0;0;0;0;0;0;0;0;0;0;0;0;0;0;0;0;0;0;0;0;0;0;0;0;0;0;0;4;3;1;0;0;0;4;2016-05-13 18:45:00;2064;0;80;30;40;0;-1;1;-1;-1;-1;-1;-1;-1;2;0;2;3;2;5;-1;0;0;0;0;0;0;0;0;0;0;0;0;0;1;1;1;0;-1;-1;0;0;-1;-1;-1;-1;-1;-1;-1;-1;-1;20;50;90;100;100;60;100;90;70;5.7;6.8;5.4;3.8;Waterford;Cabinteely;1.33;0.14;0.6;0.2;1;0.5;80;50;10;0;0;45;45;35;0;0;0;455;28;Y;Y;Y;Y;N;N;Y
119144;2060;2059;2016;complete;646;12;-1;44;14,40;1;2;3;4;6;10;1;2;2;1;0;0;5;8;5;6;10;14;9;9;44;56;2;1;0;0;0;0;0;0;0;0;0;0;0;0;0;0;0;0;0;0;0;0;0;0;0;0;0;0;0;0;0;0;0;0;0;0;0;0;0;0;0;0;0;0;0;0;0;0;0;0;0;0;0;0;0;0;0;0;0;0;0;0;0;0;0;0;0;0;0;0;3;1;2;0;0;0;3;2016-05-29 14:00:00;2059;0;70;50;20;0;-1;1;-1;-1;-1;-1;-1;-1;1;0;1;1;1;2;-1;0;0;0;0;0;0;0;0;0;0;0;0;0;1;1;0;0;-1;-1;0;0;-1;-1;-1;-1;-1;-1;-1;-1;-1;30;60;80;90;90;70;90;90;60;8.6;4.6;2.8;3.6;Athlone Town;UCD;0.85;1.71;0.8;1.4;0.64;1.36;70;40;20;10;10;70;70;50;0;0;0;455;28;Y;Y;Y;N;N;N;Y
119145;2063;2053;2016;complete;646;12;-1;;;0;0;0;4;6;10;3;2;2;2;0;0;3;9;3;7;6;16;11;9;42;58;2;2;0;0;0;0;0;0;0;0;0;0;0;0;0;0;0;0;0;0;0;0;0;0;0;0;0;0;0;0;0;0;0;0;0;0;0;0;0;0;0;0;0;0;0;0;0;0;0;0;0;0;0;0;0;0;0;0;0;0;0;0;0;0;0;0;0;0;0;0;0;0;0;0;0;0;0;2016-05-29 14:00:00;-1;0;60;40;10;0;-1;1;-1;-1;-1;-1;-1;-1;1;0;1;2;1;3;-1;0;0;0;0;0;0;0;0;0;0;0;0;0;1;1;0;0;-1;-1;0;0;-1;-1;-1;-1;-1;-1;-1;-1;-1;0;20;70;90;90;60;80;70;30;10.6;5;2.6;2.7;Cabinteely;Drogheda United;1;1.53;0.8;1.6;0.45;1.91;100;80;30;10;10;60;50;20;0;0;0;455;28;N;N;N;N;N;N;N
119146;2062;2064;2016;complete;646;12;-1;38,53,64,90;;4;0;4;5;5;10;9;7;3;0;0;0;4;8;5;6;9;14;14;7;40;60;3;0;0;0;0;0;0;0;0;0;0;0;0;0;0;0;0;0;0;0;0;0;0;0;0;0;0;0;0;0;0;0;0;0;0;0;0;0;0;0;0;0;0;0;0;0;0;0;0;0;0;0;0;0;0;0;0;0;0;0;0;0;0;0;0;0;0;0;0;0;4;1;0;3;0;3;1;2016-05-29 14:00:00;2062;0;60;20;30;0;-1;1;-1;-1;-1;-1;-1;-1;0;0;3;0;0;3;-1;0;0;0;0;0;0;0;0;0;0;0;0;0;1;1;0;0;-1;-1;0;0;-1;-1;-1;-1;-1;-1;-1;-1;-1;20;40;60;90;100;30;70;100;60;11.2;5.8;3.8;3.6;Cobh Ramblers;Waterford;1.87;1;1;1.4;1.27;1.18;80;60;40;10;0;80;70;50;0;0;0;455;28;Y;Y;Y;Y;N;N;N
119147;2061;2055;2016;complete;646;12;-1;32,83,87;2,46,49,84;3;4;7;2;4;6;2;2;3;2;0;0;3;4;4;6;7;10;10;14;39;61;3;2;0;0;0;0;0;0;0;0;0;0;0;0;0;0;0;0;0;0;0;0;0;0;0;0;0;0;0;0;0;0;0;0;0;0;0;0;0;0;0;0;0;0;0;0;0;0;0;0;0;0;0;0;0;0;0;0;0;0;0;0;0;0;0;0;0;0;0;0;7;1;1;2;3;5;2;2016-05-29 14:00:00;2055;0;50;30;10;0;-1;1;-1;-1;-1;-1;-1;-1;1;0;2;2;1;4;-1;0;0;0;0;0;0;0;0;1;0;1;0;0;1;1;0;1;-1;-1;0;0;-1;-1;-1;-1;-1;-1;-1;-1;-1;20;20;80;90;100;60;90;90;40;17.33;5.2;3;3.3;Shelbourne;Limerick;1.21;2.5;1.4;3;1.45;3;80;80;20;10;0;80;80;80;0;0;0;455;28;Y;Y;Y;Y;Y;Y;Y
119148;2064;2060;2016;complete;646;13;-1;-1,-1,-1;;3;0;3;-1;-1;-1;-1;-1;-1;-1;-1;-1;-1;-1;-1;-1;-1;-1;-1;-1;-1;-1;-1;-1;0;0;0;0;0;0;0;0;0;0;0;0;0;0;0;0;0;0;0;0;0;0;0;0;0;0;0;0;0;0;0;0;0;0;0;0;0;0;0;0;0;0;0;0;0;0;0;0;0;0;0;0;0;0;0;0;0;0;0;0;0;0;0;0;0;0;0;0;3;0;0;0;0;0;0;2016-06-03 18:45:00;2064;0;92;50;42;1;-1;-1;-1;-1;-1;-1;-1;-1;-1;-1;-1;-1;-1;-1;-1;0;0;0;0;0;0;0;-1;-1;-1;-1;-1;-1;-1;-1;-1;-1;-1;-1;-1;-1;-1;-1;-1;-1;-1;-1;-1;-1;-1;17;50;92;100;100;75;84;59;50;6.5;5.5;4.83;3.75;Waterford;Athlone Town;1.33;0.2;1;0.5;1.08;0.58;84;50;9;0;0;59;50;25;0;0;0;455;28;Y;Y;Y;N;N;N;N
119149;2059;2061;2016;complete;646;13;-1;11,61;;2;0;2;-1;-1;-1;-1;-1;1;4;0;0;-1;-1;-1;-1;-1;-1;-1;-1;-1;-1;1;4;0;0;0;0;0;0;0;0;0;0;0;0;0;0;0;0;0;0;0;0;0;0;0;0;0;0;0;0;0;0;0;0;0;0;0;0;0;0;0;0;0;0;0;0;0;0;0;0;0;0;0;0;0;0;0;0;0;0;0;0;0;0;0;0;0;0;0;0;2;1;0;1;0;1;1;2016-06-03 18:45:00;2059;0;75;25;50;0;-1;1;-1;-1;-1;-1;-1;-1;1;1;0;3;2;3;-1;0;0;0;0;0;0;0;1;0;1;0;0;0;1;1;0;0;-1;-1;0;0;-1;-1;-1;-1;-1;-1;-1;-1;-1;17;59;75;84;100;42;75;84;59;9.16;4.84;4.17;3.42;UCD;Shelbourne;1.71;0.93;1.33;1.5;1.5;1.33;84;42;25;17;0;58;50;42;0;0;0;455;28;Y;Y;N;N;N;N;N
119150;2055;2053;2016;complete;646;13;-1;60,90;75,89;2;2;4;12;6;18;4;0;2;1;0;0;12;8;9;10;21;18;13;6;57;43;2;1;0;0;0;0;0;0;0;0;0;0;0;0;0;0;0;0;0;0;0;0;0;0;0;0;0;0;0;0;0;0;0;0;0;0;0;0;0;0;0;0;0;0;0;0;0;0;0;0;0;0;0;0;0;0;0;0;0;0;0;0;0;0;0;0;0;0;0;0;4;0;0;2;2;4;0;2016-06-04 17:30:00;-1;0;67;42;25;0;-1;1;-1;-1;-1;-1;-1;-1;0;0;2;1;0;3;-1;0;0;0;0;0;0;0;0;0;0;0;0;0;1;1;0;0;-1;-1;0;0;-1;-1;-1;-1;-1;-1;-1;-1;-1;34;42;84;92;92;50;83;84;50;17.17;5.84;1.83;4;Limerick;Drogheda United;2.86;1.53;3;1.5;3;1.83;67;58;17;9;9;92;92;67;0;0;0;455;28;Y;Y;Y;Y;N;N;Y
119151;2062;2063;2016;complete;646;13;-1;8,28;;2;0;2;4;3;7;1;3;2;2;0;0;4;5;5;3;9;8;11;17;57;43;2;2;0;0;0;0;0;0;0;0;0;0;0;0;0;0;0;0;0;0;0;0;0;0;0;0;0;0;0;0;0;0;0;0;0;0;0;0;0;0;0;0;0;0;0;0;0;0;0;0;0;0;0;0;0;0;0;0;0;0;0;0;0;0;0;0;0;0;0;0;2;2;0;0;0;0;2;2016-06-04 18:15:00;2062;0;50;17;17;0;-1;1;-1;-1;-1;-1;-1;-1;1;2;1;0;3;1;-1;0;0;0;0;0;0;0;1;0;1;0;0;0;1;1;1;0;-1;-1;0;0;-1;-1;-1;-1;-1;-1;-1;-1;-1;0;42;67;92;100;17;84;92;59;8;5.84;5;3;Cobh Ramblers;Cabinteely;1.87;0.14;1.33;0.17;1.42;0.5;100;59;34;9;0;72;64;37;0;0;0;455;28;Y;Y;N;N;N;N;N
119152;2061;2064;2016;complete;646;14;-1;;26,39;0;2;2;-1;-1;-1;-1;-1;2;0;0;0;-1;-1;-1;-1;-1;-1;-1;-1;-1;-1;2;0;0;0;0;0;0;0;0;0;0;0;0;0;0;0;0;0;0;0;0;0;0;0;0;0;0;0;0;0;0;0;0;0;0;0;0;0;0;0;0;0;0;0;0;0;0;0;0;0;0;0;0;0;0;0;0;0;0;0;0;0;0;0;0;0;0;0;0;0;2;0;2;0;0;0;2;2016-06-24 18:15:00;2064;0;67;42;25;0;-1;1;-1;-1;-1;-1;-1;-1;0;0;2;0;0;2;-1;0;0;0;0;0;0;0;0;0;0;0;0;0;1;1;0;0;-1;-1;0;0;-1;-1;-1;-1;-1;-1;-1;-1;-1;25;42;75;92;100;59;83;92;50;12;5.33;3.5;3.92;Shelbourne;Waterford;1.21;1;1.17;1.17;1.23;1.23;75;58;25;9;0;79;79;63;0;0;0;455;28;Y;Y;N;N;N;N;N
119153;2053;2059;2016;complete;646;14;-1;11;62,86;1;2;3;8;1;9;2;0;2;1;0;0;4;3;12;5;16;8;10;8;48;52;2;1;0;0;0;0;0;0;0;0;0;0;0;0;0;0;0;0;0;0;0;0;0;0;0;0;0;0;0;0;0;0;0;0;0;0;0;0;0;0;0;0;0;0;0;0;0;0;0;0;0;0;0;0;0;0;0;0;0;0;0;0;0;0;0;0;0;0;0;0;3;1;0;0;2;2;1;2016-06-24 18:45:00;2059;0;50;25;17;0;-1;1;-1;-1;-1;-1;-1;-1;0;0;2;1;0;3;-1;0;0;0;0;0;0;0;0;1;0;1;0;0;1;1;0;0;-1;-1;0;0;-1;-1;-1;-1;-1;-1;-1;-1;-1;9;33;67;75;92;42;83;75;42;11.17;4.33;3.5;2.75;Drogheda United;UCD;2.13;1.71;2.17;1.67;1.77;1.62;92;67;33;25;9;67;67;25;0;0;0;455;28;Y;Y;Y;N;N;N;Y
119154;2063;2055;2016;complete;646;14;-1;;29,54;0;2;2;3;7;10;3;3;2;0;0;0;4;2;4;4;8;6;13;9;36;64;2;0;0;0;0;0;0;0;0;0;0;0;0;0;0;0;0;0;0;0;0;0;0;0;0;0;0;0;0;0;0;0;0;0;0;0;0;0;0;0;0;0;0;0;0;0;0;0;0;0;0;0;0;0;0;0;0;0;0;0;0;0;0;0;0;0;0;0;0;0;2;0;1;0;1;1;1;2016-06-24 18:45:00;2055;0;42;25;25;0;-1;1;-1;-1;-1;-1;-1;-1;2;0;0;0;2;0;-1;0;0;0;0;0;0;0;0;0;0;0;0;0;1;1;0;0;-1;-1;0;0;-1;-1;-1;-1;-1;-1;-1;-1;-1;25;34;75;84;84;50;75;75;67;13;6.33;2.66;3.34;Cabinteely;Limerick;1;2.5;0.83;3;0.46;2.85;75;67;25;17;17;50;42;25;0;0;0;455;28;Y;Y;N;N;N;N;N
119155;2060;2062;2016;complete;646;14;-1;;40,54;0;2;2;3;5;8;1;3;3;2;0;0;4;4;4;3;8;7;13;18;44;56;3;2;0;0;0;0;0;0;0;0;0;0;0;0;0;0;0;0;0;0;0;0;0;0;0;0;0;0;0;0;0;0;0;0;0;0;0;0;0;0;0;0;0;0;0;0;0;0;0;0;0;0;0;0;0;0;0;0;0;0;0;0;0;0;0;0;0;0;0;0;2;0;1;0;1;1;1;2016-06-24 18:45:00;2062;0;75;42;34;0;-1;1;-1;-1;-1;-1;-1;-1;1;1;2;1;2;3;-1;0;0;0;0;0;0;0;0;0;0;0;0;0;1;1;0;0;-1;-1;0;0;-1;-1;-1;-1;-1;-1;-1;-1;-1;25;50;84;84;100;50;84;75;59;6.33;4.5;3.83;3.67;Athlone Town;Cobh Ramblers;0.85;1.67;0.67;1.5;0.54;1.54;75;50;17;17;0;62;62;35;0;0;0;455;28;Y;Y;N;N;N;N;N
119156;2061;2062;2016;complete;646;15;-1;47,52;;2;0;2;8;1;9;3;4;1;3;0;1;5;2;3;1;8;3;16;15;59;41;1;4;0;0;0;0;0;0;0;0;0;0;0;0;0;0;0;0;0;0;0;0;0;0;0;0;0;0;0;0;0;0;0;0;0;0;0;0;0;0;0;0;0;0;0;0;0;0;0;0;0;0;0;0;0;0;0;0;0;0;0;0;0;0;0;0;0;0;0;0;2;0;0;2;0;2;0;2016-07-01 18:15:00;2061;0;57;29;29;0;-1;1;-1;-1;-1;-1;-1;-1;0;0;1;4;0;5;-1;0;0;0;0;0;0;0;0;0;0;0;0;0;1;1;0;0;-1;-1;0;0;-1;-1;-1;-1;-1;-1;-1;-1;-1;14;22;57;79;100;43;79;71;29;9.33;3.28;4.29;3;Shelbourne;Cobh Ramblers;1.21;1.67;1;1.71;1.14;1.64;86;79;43;22;0;54;54;46;0;0;0;455;28;Y;Y;N;N;N;N;N
119157;2053;2064;2016;complete;646;15;-1;72,88;;2;0;2;2;6;8;2;4;1;1;0;0;0;4;7;8;7;12;13;12;53;47;1;1;0;0;0;0;0;0;0;0;0;0;0;0;0;0;0;0;0;0;0;0;0;0;0;0;0;0;0;0;0;0;0;0;0;0;0;0;0;0;0;0;0;0;0;0;0;0;0;0;0;0;0;0;0;0;0;0;0;0;0;0;0;0;0;0;0;0;0;0;2;0;0;2;0;2;0;2016-07-01 18:45:00;2053;0;50;15;22;0;-1;1;-1;-1;-1;-1;-1;-1;0;1;1;0;1;1;-1;0;0;0;0;0;0;0;0;0;0;0;0;0;1;1;0;0;-1;-1;0;0;-1;-1;-1;-1;-1;-1;-1;-1;-1;15;43;71;86;100;36;86;86;64;12;5.57;3.43;3.5;Drogheda United;Waterford;2.13;1;1.86;1.43;1.64;1.36;86;57;29;15;0;77;70;32;0;0;0;455;28;Y;Y;N;N;N;N;N
119158;2063;2060;2016;complete;646;15;-1;2,5,8,27,87;69;5;1;6;10;3;13;1;1;1;2;0;0;6;3;11;3;17;6;13;11;59;41;1;2;0;0;0;0;0;0;0;0;0;0;0;0;0;0;0;0;0;0;0;0;0;0;0;0;0;0;0;0;0;0;0;0;0;0;0;0;0;0;0;0;0;0;0;0;0;0;0;0;0;0;0;0;0;0;0;0;0;0;0;0;0;0;0;0;0;0;0;0;6;4;0;1;1;2;4;2016-07-01 18:45:00;2063;0;50;32;24;0;-1;1;-1;-1;-1;-1;-1;-1;0;0;1;2;0;3;-1;0;0;0;0;0;0;0;0;0;0;0;0;0;1;1;3;0;-1;-1;0;0;-1;-1;-1;-1;-1;-1;-1;-1;-1;0;22;65;86;86;36;57;50;43;6.86;4.14;3.26;2.57;Cabinteely;Athlone Town;1;0.2;0.71;0.43;0.43;0.5;100;79;36;15;15;62;47;17;0;0;0;455;28;Y;Y;Y;Y;Y;Y;Y
119159;2055;2059;2016;complete;646;15;-1;4,49,56,68;10,23,80;4;3;7;6;2;8;4;2;1;2;1;1;8;4;6;5;14;9;11;10;51;49;3;4;0;0;0;0;0;0;0;0;0;0;0;0;0;0;0;0;0;0;0;0;0;0;0;0;0;0;0;0;0;0;0;0;0;0;0;0;0;0;0;0;0;0;0;0;0;0;0;0;0;0;0;0;0;0;0;0;0;0;0;0;0;0;0;0;0;0;0;0;7;1;2;3;1;4;3;2016-07-02 17:30:00;2055;0;71;36;36;0;-1;1;-1;-1;-1;-1;-1;-1;2;1;0;2;3;2;-1;0;0;0;0;0;0;0;1;2;1;2;0;0;1;1;1;1;-1;-1;1;0;-1;-1;-1;-1;-1;-1;-1;-1;-1;36;50;86;93;93;43;79;86;72;15.72;5.29;1.86;4.08;Limerick;UCD;2.86;1.71;2.71;1.86;2.86;1.71;65;50;15;7;7;86;79;65;0;0;0;455;28;Y;Y;Y;Y;Y;Y;Y
119160;2060;2061;2016;complete;646;16;-1;27;;1;0;1;4;7;11;4;1;1;1;0;0;0;5;5;5;5;10;5;9;29;71;1;1;0;0;0;0;0;0;0;0;0;0;0;0;0;0;0;0;0;0;0;0;0;0;0;0;0;0;0;0;0;0;0;0;0;0;0;0;0;0;0;0;0;0;0;0;0;0;0;0;0;0;0;0;0;0;0;0;0;0;0;0;0;0;0;0;0;0;0;0;1;1;0;0;0;0;1;2016-07-08 18:45:00;2060;0;57;29;29;0;-1;1;-1;-1;-1;-1;-1;-1;0;0;1;1;0;2;-1;0;0;0;0;0;0;0;0;0;0;0;0;0;1;1;0;0;-1;-1;0;0;-1;-1;-1;-1;-1;-1;-1;-1;-1;29;57;72;86;100;50;86;93;57;7.62;3.57;4;3.58;Athlone Town;Shelbourne;0.85;0.93;0.57;1.29;0.47;1.27;71;43;29;15;0;77;69;47;0;0;0;455;28;Y;N;N;N;N;N;N
119161;2064;2055;2016;complete;646;16;-1;43;13,58,80,82,86;1;5;6;4;5;9;2;1;2;3;0;0;4;7;8;7;12;14;12;9;53;47;2;3;0;0;0;0;0;0;0;0;0;0;0;0;0;0;0;0;0;0;0;0;0;0;0;0;0;0;0;0;0;0;0;0;0;0;0;0;0;0;0;0;0;0;0;0;0;0;0;0;0;0;0;0;0;0;0;0;0;0;0;0;0;0;0;0;0;0;0;0;6;1;1;0;4;4;2;2016-07-08 18:45:00;2055;0;65;40;40;0;-1;1;-1;-1;-1;-1;-1;-1;2;1;0;2;3;2;-1;0;0;0;0;0;0;0;0;0;0;0;0;0;1;1;0;0;-1;-1;0;0;-1;-1;-1;-1;-1;-1;-1;-1;-1;36;50;93;100;100;72;93;79;57;12.21;6.57;4.14;4.22;Waterford;Limerick;1.33;2.5;1.29;3;1.27;2.87;64;50;7;0;0;54;54;30;0;0;0;455;28;Y;Y;Y;Y;Y;Y;Y
119162;2059;2063;2016;complete;646;16;-1;10,44,50,55;50;4;1;5;3;4;7;1;5;0;2;0;0;2;4;3;11;5;15;7;10;61;39;0;2;0;0;0;0;0;0;0;0;0;0;0;0;0;0;0;0;0;0;0;0;0;0;0;0;0;0;0;0;0;0;0;0;0;0;0;0;0;0;0;0;0;0;0;0;0;0;0;0;0;0;0;0;0;0;0;0;0;0;0;0;0;0;0;0;0;0;0;0;5;2;0;2;1;3;2;2016-07-08 18:45:00;2059;0;72;36;29;0;-1;1;-1;-1;-1;-1;-1;-1;0;0;0;2;0;2;-1;0;0;0;0;0;0;0;0;0;0;0;0;0;1;1;1;0;-1;-1;0;0;-1;-1;-1;-1;-1;-1;-1;-1;-1;0;43;71;100;100;43;93;71;50;7.83;4.85;4.71;3.14;UCD;Cabinteely;1.71;0.14;1.57;0.14;1.6;0.6;100;57;29;0;0;42;42;33;0;0;0;455;28;Y;Y;Y;Y;Y;N;Y
119163;2062;2053;2016;complete;646;16;-1;75,80;61;2;1;3;10;2;12;1;5;1;3;0;0;6;5;4;2;10;7;17;11;51;49;1;3;0;0;0;0;0;0;0;0;0;0;0;0;0;0;0;0;0;0;0;0;0;0;0;0;0;0;0;0;0;0;0;0;0;0;0;0;0;0;0;0;0;0;0;0;0;0;0;0;0;0;0;0;0;0;0;0;0;0;0;0;0;0;0;0;0;0;0;0;3;0;0;2;1;3;0;2016-07-09 18:15:00;2062;0;50;22;14;0;-1;1;-1;-1;-1;-1;-1;-1;1;0;0;3;1;3;-1;0;0;0;0;0;0;0;0;1;0;1;0;0;1;1;0;0;-1;-1;0;0;-1;-1;-1;-1;-1;-1;-1;-1;-1;0;29;57;86;93;36;71;79;29;11.29;5.15;3.57;2.64;Cobh Ramblers;Drogheda United;1.87;1.53;1.57;1.43;1.53;1.73;100;71;43;14;7;79;72;36;0;0;0;455;30;Y;Y;Y;N;N;N;Y
119164;2053;2060;2016;complete;646;17;-1;58;;1;0;1;6;2;8;4;6;1;2;0;1;5;3;6;1;11;4;18;12;62;38;1;3;0;0;0;0;0;0;0;0;0;0;0;0;0;0;0;0;0;0;0;0;0;0;0;0;0;0;0;0;0;0;0;0;0;0;0;0;0;0;0;0;0;0;0;0;0;0;0;0;0;0;0;0;0;0;0;0;0;0;0;0;0;0;0;0;0;0;0;0;1;0;0;1;0;1;0;2016-07-15 18:45:00;2053;0;57;22;28;0;-1;1;-1;-1;-1;-1;-1;-1;0;2;1;1;2;2;-1;0;0;0;0;0;0;0;0;0;0;0;0;0;1;1;0;0;-1;-1;0;0;-1;-1;-1;-1;-1;-1;-1;-1;-1;7;32;76;88;100;32;69;69;57;8.5;3.63;3.86;3.07;Drogheda United;Athlone Town;2.13;0.2;2;0.38;1.63;0.63;94;69;26;13;0;67;54;28;0;0;0;455;28;Y;N;N;N;N;N;N
119165;2059;2064;2016;complete;646;17;-1;11,71;90;2;1;3;12;3;15;6;1;2;1;0;1;9;3;9;3;18;6;14;6;61;39;2;3;0;0;0;0;0;0;0;0;0;0;0;0;0;0;0;0;0;0;0;0;0;0;0;0;0;0;0;0;0;0;0;0;0;0;0;0;0;0;0;0;0;0;0;0;0;0;0;0;0;0;0;0;0;0;0;0;0;0;0;0;0;0;0;0;0;0;0;0;3;1;0;1;1;2;1;2016-07-15 18:45:00;2059;0;69;32;38;0;-1;1;-1;-1;-1;-1;-1;-1;0;1;2;1;1;3;-1;0;0;0;0;0;0;0;2;1;2;1;0;0;1;1;0;0;-1;-1;0;1;-1;-1;-1;-1;-1;-1;-1;-1;-1;19;50;69;100;100;50;82;82;63;10.57;5.63;3;3.69;UCD;Waterford;1.71;1;1.75;1.25;1.69;1.19;82;50;32;0;0;50;50;36;0;0;0;455;28;Y;Y;Y;N;N;N;Y
119166;2055;2062;2016;complete;646;17;-1;26,32;;2;0;2;8;6;14;5;1;0;3;0;0;12;12;5;6;17;18;9;17;57;43;0;3;0;0;0;0;0;0;0;0;0;0;0;0;0;0;0;0;0;0;0;0;0;0;0;0;0;0;0;0;0;0;0;0;0;0;0;0;0;0;0;0;0;0;0;0;0;0;0;0;0;0;0;0;0;0;0;0;0;0;0;0;0;0;0;0;0;0;0;0;2;2;0;0;0;0;2;2016-07-16 17:30:00;2055;0;63;26;51;0;-1;1;-1;-1;-1;-1;-1;-1;0;0;0;3;0;3;-1;0;0;0;0;0;0;0;0;0;0;0;0;0;1;1;0;0;-1;-1;0;0;-1;-1;-1;-1;-1;-1;-1;-1;-1;38;50;75;88;100;26;69;88;75;13.25;6.13;3.38;4.19;Limerick;Cobh Ramblers;2.86;1.67;2.75;1.5;2.88;1.63;63;50;25;13;0;66;59;51;0;0;0;455;28;Y;Y;N;N;N;N;N
119167;2061;2063;2016;complete;646;17;-1;15,37;69;2;1;3;9;6;15;5;3;3;2;0;0;6;4;4;7;10;11;14;9;50;50;3;2;0;0;0;0;0;0;0;0;0;0;0;0;0;0;0;0;0;0;0;0;0;0;0;0;0;0;0;0;0;0;0;0;0;0;0;0;0;0;0;0;0;0;0;0;0;0;0;0;0;0;0;0;0;0;0;0;0;0;0;0;0;0;0;0;0;0;0;0;3;2;0;0;1;1;2;2016-07-16 18:15:00;2061;0;57;32;19;0;-1;1;-1;-1;-1;-1;-1;-1;1;2;2;0;3;2;-1;0;0;0;0;0;0;0;0;0;0;0;0;0;1;1;0;0;-1;-1;0;1;-1;-1;-1;-1;-1;-1;-1;-1;-1;13;32;63;94;100;57;88;75;44;9.54;4;4.51;3.13;Shelbourne;Cabinteely;1.21;0.14;1.25;0.13;1.19;0.56;88;69;38;7;0;62;52;45;0;0;0;455;28;Y;Y;Y;N;N;N;Y
119168;2060;2055;2016;complete;646;18;-1;;12,63;0;2;2;2;6;8;0;3;1;1;0;0;4;2;1;5;5;7;11;7;32;68;1;1;0;0;0;0;0;0;0;0;0;0;0;0;0;0;0;0;0;0;0;0;0;0;0;0;0;0;0;0;0;0;0;0;0;0;0;0;0;0;0;0;0;0;0;0;0;0;0;0;0;0;0;0;0;0;0;0;0;0;0;0;0;0;0;0;0;0;0;0;2;0;1;0;1;1;1;2016-07-22 18:45:00;2055;0;57;44;19;0;-1;1;-1;-1;-1;-1;-1;-1;0;1;1;0;1;1;-1;0;0;0;0;0;0;0;0;0;0;0;0;0;1;1;0;0;-1;-1;0;0;-1;-1;-1;-1;-1;-1;-1;-1;-1;38;50;82;94;100;63;100;88;63;11.63;5.63;3.01;4;Athlone Town;Limerick;0.85;2.5;0.88;3;0.59;2.88;63;50;19;7;0;69;63;44;0;0;0;455;28;Y;Y;N;N;N;N;N
119169;2063;2064;2016;complete;646;18;-1;55,72;;2;0;2;9;7;16;4;1;1;2;0;0;2;5;7;6;9;11;10;11;48;52;1;2;0;0;0;0;0;0;0;0;0;0;0;0;0;0;0;0;0;0;0;0;0;0;0;0;0;0;0;0;0;0;0;0;0;0;0;0;0;0;0;0;0;0;0;0;0;0;0;0;0;0;0;0;0;0;0;0;0;0;0;0;0;0;0;0;0;0;0;0;2;0;0;2;0;2;0;2016-07-22 18:45:00;2063;0;47;18;29;0;-1;1;-1;-1;-1;-1;-1;-1;0;0;1;2;0;3;-1;0;0;0;0;0;0;0;0;0;0;0;0;0;1;1;0;0;-1;-1;0;0;-1;-1;-1;-1;-1;-1;-1;-1;-1;18;35;59;88;88;41;71;76;64;10.26;5.58;2.82;3.2;Cabinteely;Waterford;1;1;1;1.11;0.53;1.12;83;66;42;13;13;69;63;32;0;0;0;455;28;Y;Y;N;N;N;N;N
119170;2061;2053;2016;complete;646;18;-1;;28,87;0;2;2;3;2;5;5;3;2;0;1;0;8;11;4;7;12;18;9;10;40;60;4;0;0;0;0;0;0;0;0;0;0;0;0;0;0;0;0;0;0;0;0;0;0;0;0;0;0;0;0;0;0;0;0;0;0;0;0;0;0;0;0;0;0;0;0;0;0;0;0;0;0;0;0;0;0;0;0;0;0;0;0;0;0;0;0;0;0;0;0;0;2;0;1;0;1;1;1;2016-07-22 18:45:00;2053;0;66;36;18;0;-1;1;-1;-1;-1;-1;-1;-1;1;0;2;0;1;2;-1;0;0;0;0;0;0;0;0;1;0;1;0;0;1;1;0;0;-1;-1;0;0;-1;-1;-1;-1;-1;-1;-1;-1;-1;6;18;66;89;94;59;71;77;24;12.71;4.07;3.63;2.82;Shelbourne;Drogheda United;1.21;1.53;1.44;1.25;1.29;1.71;95;82;35;12;7;86;78;59;0;0;0;455;28;Y;Y;N;N;N;N;N
119171;2062;2059;2016;complete;646;18;-1;67;25;1;1;2;4;1;5;6;4;4;3;0;0;7;2;6;6;13;8;7;11;43;57;4;3;0;0;0;0;0;0;0;0;0;0;0;0;0;0;0;0;0;0;0;0;0;0;0;0;0;0;0;0;0;0;0;0;0;0;0;0;0;0;0;0;0;0;0;0;0;0;0;0;0;0;0;0;0;0;0;0;0;0;0;0;0;0;0;0;0;0;0;0;2;0;1;1;0;1;1;2016-07-23 18:15:00;-1;0;57;25;25;0;-1;1;-1;-1;-1;-1;-1;-1;1;1;3;2;2;5;-1;0;0;0;0;0;0;0;0;0;0;0;0;0;1;1;0;0;-1;-1;0;0;-1;-1;-1;-1;-1;-1;-1;-1;-1;13;32;63;88;94;38;76;82;50;10;4.63;3.63;3.01;Cobh Ramblers;UCD;1.87;1.71;1.75;1.63;1.53;1.76;88;69;38;13;7;69;57;32;0;0;0;455;28;Y;Y;N;N;N;N;Y
119172;2055;2061;2016;complete;646;19;-1;42,48;;2;0;2;7;4;11;7;4;1;1;0;0;13;11;15;4;28;15;9;8;64;36;1;1;0;0;0;0;0;0;0;0;0;0;0;0;0;0;0;0;0;0;0;0;0;0;0;0;0;0;0;0;0;0;0;0;0;0;0;0;0;0;0;0;0;0;0;0;0;0;0;0;0;0;0;0;0;0;0;0;0;0;0;0;0;0;0;0;0;0;0;0;2;1;0;1;0;1;1;2016-07-29 18:15:00;2055;0;53;17;47;0;-1;1;-1;-1;-1;-1;-1;-1;0;0;1;1;0;2;-1;0;0;0;0;0;0;0;0;0;0;0;0;0;1;1;0;0;-1;-1;0;0;-1;-1;-1;-1;-1;-1;-1;-1;-1;41;59;70;82;100;35;77;89;70;14.71;5.19;2.91;4.06;Limerick;Shelbourne;2.86;0.93;2.78;1.13;2.89;1.22;60;42;31;19;0;88;80;73;0;0;0;455;28;Y;Y;N;N;N;N;N
119173;2064;2062;2016;complete;646;19;-1;29,45;77,87;2;2;4;6;4;10;3;1;2;1;0;0;5;6;4;10;9;16;10;14;59;41;2;1;0;0;0;0;0;0;0;0;0;0;0;0;0;0;0;0;0;0;0;0;0;0;0;0;0;0;0;0;0;0;0;0;0;0;0;0;0;0;0;0;0;0;0;0;0;0;0;0;0;0;0;0;0;0;0;0;0;0;0;0;0;0;0;0;0;0;0;0;4;2;0;0;2;2;2;2016-07-29 18:45:00;-1;0;66;34;38;0;-1;1;-1;-1;-1;-1;-1;-1;0;0;2;1;0;3;-1;0;0;0;0;0;0;0;0;0;0;0;0;0;1;1;0;0;-1;-1;0;0;-1;-1;-1;-1;-1;-1;-1;-1;-1;25;43;72;89;100;55;78;65;47;6.95;5.19;5.42;3.58;Waterford;Cobh Ramblers;1.33;1.67;1.13;1.33;1.06;1.5;76;58;28;11;0;54;41;20;0;0;0;455;28;Y;Y;Y;Y;N;N;Y
119174;2059;2060;2016;complete;646;19;-1;19,24,28,48,87;90;5;1;6;7;2;9;3;3;1;1;0;0;5;0;11;2;16;2;17;10;67;33;1;1;0;0;0;0;0;0;0;0;0;0;0;0;0;0;0;0;0;0;0;0;0;0;0;0;0;0;0;0;0;0;0;0;0;0;0;0;0;0;0;0;0;0;0;0;0;0;0;0;0;0;0;0;0;0;0;0;0;0;0;0;0;0;0;0;0;0;0;0;6;3;0;2;1;3;3;2016-07-29 18:45:00;2059;0;78;36;47;0;-1;1;-1;-1;-1;-1;-1;-1;0;0;1;1;0;2;-1;0;0;0;0;0;0;0;0;1;0;1;0;0;1;1;0;0;-1;-1;0;0;-1;-1;-1;-1;-1;-1;-1;-1;-1;11;39;78;95;100;44;73;67;50;8.38;4.55;3.78;3.28;UCD;Athlone Town;1.71;0.2;1.89;0.33;1.72;0.56;89;62;22;6;0;51;44;38;0;0;0;455;28;Y;Y;Y;Y;Y;Y;Y
119175;2053;2063;2016;complete;646;19;-1;66;;1;0;1;9;7;16;1;3;1;1;0;0;3;2;4;5;7;7;16;14;57;43;1;1;0;0;0;0;0;0;0;0;0;0;0;0;0;0;0;0;0;0;0;0;0;0;0;0;0;0;0;0;0;0;0;0;0;0;0;0;0;0;0;0;0;0;0;0;0;0;0;0;0;0;0;0;0;0;0;0;0;0;0;0;0;0;0;0;0;0;0;0;1;0;0;1;0;1;0;2016-07-29 18:45:00;2053;0;50;11;17;0;-1;1;-1;-1;-1;-1;-1;-1;0;0;1;1;0;2;-1;0;0;0;0;0;0;0;0;0;0;0;0;0;1;1;0;0;-1;-1;0;0;-1;-1;-1;-1;-1;-1;-1;-1;-1;6;33;67;84;100;34;84;84;56;9.06;5.22;4.45;2.89;Drogheda United;Cabinteely;2.13;0.14;2.11;0.11;1.78;0.67;95;67;33;17;0;53;47;25;0;0;0;455;28;Y;N;N;N;N;N;N
119176;2061;2059;2016;complete;646;20;-1;90;66,84;1;2;3;4;5;9;1;4;1;1;0;0;8;7;5;9;13;16;17;8;41;59;1;1;0;0;0;0;0;0;0;0;0;0;0;0;0;0;0;0;0;0;0;0;0;0;0;0;0;0;0;0;0;0;0;0;0;0;0;0;0;0;0;0;0;0;0;0;0;0;0;0;0;0;0;0;0;0;0;0;0;0;0;0;0;0;0;0;0;0;0;0;3;0;0;1;2;3;0;2016-08-05 18:45:00;2059;0;64;37;16;0;-1;1;-1;-1;-1;-1;-1;-1;0;0;1;1;0;2;-1;0;0;0;0;0;0;0;0;0;0;0;0;0;1;1;0;0;-1;-1;0;0;-1;-1;-1;-1;-1;-1;-1;-1;-1;16;22;59;90;95;58;85;79;32;10.4;4.02;3.98;3.01;Shelbourne;UCD;1.21;1.71;1.3;1.56;1.16;1.79;84;79;42;11;6;64;51;40;0;0;0;455;28;Y;Y;Y;N;N;N;Y
119177;2053;2055;2016;complete;646;20;-1;9,59,66;61,80,90;3;3;6;4;9;13;0;1;0;0;0;0;5;5;4;7;9;12;9;9;43;57;0;0;0;0;0;0;0;0;0;0;0;0;0;0;0;0;0;0;0;0;0;0;0;0;0;0;0;0;0;0;0;0;0;0;0;0;0;0;0;0;0;0;0;0;0;0;0;0;0;0;0;0;0;0;0;0;0;0;0;0;0;0;0;0;0;0;0;0;0;0;6;1;0;2;3;5;1;2016-08-05 18:45:00;-1;0;37;17;16;0;-1;-1;-1;-1;-1;-1;-1;-1;0;0;0;0;0;0;-1;0;0;0;0;0;0;0;0;0;0;0;0;0;1;1;1;0;-1;-1;-1;-1;-1;-1;-1;-1;-1;-1;-1;-1;-1;22;32;64;80;100;33;80;95;59;13.9;5.54;3.13;3.26;Drogheda United;Limerick;2.13;2.5;2.2;3;1.84;2.89;78;68;36;20;0;58;47;27;0;0;0;455;28;Y;Y;Y;Y;Y;Y;Y
119178;2063;2062;2016;complete;646;20;-1;56;3,66,90;1;3;4;1;2;3;1;1;2;2;0;0;3;2;1;5;4;7;7;10;48;52;2;2;0;0;0;0;0;0;0;0;0;0;0;0;0;0;0;0;0;0;0;0;0;0;0;0;0;0;0;0;0;0;0;0;0;0;0;0;0;0;0;0;0;0;0;0;0;0;0;0;0;0;0;0;0;0;0;0;0;0;0;0;0;0;0;0;0;0;0;0;4;0;1;1;2;3;1;2016-08-05 18:45:00;2062;0;42;11;26;0;-1;1;-1;-1;-1;-1;-1;-1;1;0;1;2;1;3;-1;0;0;0;0;0;0;0;0;0;0;0;0;0;1;1;0;1;-1;-1;0;0;-1;-1;-1;-1;-1;-1;-1;-1;-1;11;26;47;79;89;32;63;69;53;8.55;4.84;3.73;2.67;Cabinteely;Cobh Ramblers;1;1.67;1.22;1.3;0.63;1.47;90;74;53;21;11;62;50;22;0;0;0;455;28;Y;Y;Y;Y;N;N;Y
119179;2064;2060;2016;complete;646;20;-1;26,50,84;6;3;1;4;2;3;5;2;1;2;1;0;0;10;5;5;3;15;8;15;8;60;40;2;1;0;0;0;0;0;0;0;0;0;0;0;0;0;0;0;0;0;0;0;0;0;0;0;0;0;0;0;0;0;0;0;0;0;0;0;0;0;0;0;0;0;0;0;0;0;0;0;0;0;0;0;0;0;0;0;0;0;0;0;0;0;0;0;0;0;0;0;0;4;1;1;2;0;2;2;2016-08-05 18:45:00;2064;0;80;42;41;0;-1;1;-1;-1;-1;-1;-1;-1;1;0;1;1;1;2;-1;0;0;0;0;0;0;0;0;0;0;0;0;0;1;1;0;1;-1;-1;0;0;-1;-1;-1;-1;-1;-1;-1;-1;-1;27;54;90;95;100;70;75;64;53;6.66;4.87;4.64;3.92;Waterford;Athlone Town;1.33;0.2;1.11;0.3;1.05;0.53;74;47;10;5;0;65;47;23;0;0;0;455;28;Y;Y;Y;Y;N;N;Y
119180;2059;2053;2016;complete;646;21;-1;83;70;1;1;2;5;6;11;1;5;2;0;0;0;0;9;10;6;10;15;9;11;49;51;2;0;0;0;0;0;0;0;0;0;0;0;0;0;0;0;0;0;0;0;0;0;0;0;0;0;0;0;0;0;0;0;0;0;0;0;0;0;0;0;0;0;0;0;0;0;0;0;0;0;0;0;0;0;0;0;0;0;0;0;0;0;0;0;0;0;0;0;0;0;2;0;0;1;1;2;0;2016-08-12 18:45:00;-1;0;79;32;41;0;-1;1;-1;-1;-1;-1;-1;-1;1;0;1;0;1;1;-1;0;0;0;0;0;0;0;0;0;0;0;0;0;1;1;0;0;-1;-1;0;0;-1;-1;-1;-1;-1;-1;-1;-1;-1;10;36;74;95;95;47;79;79;41;11.11;5.17;3.14;3.14;UCD;Drogheda United;1.71;1.53;2;1.44;1.85;1.8;90;64;27;6;6;61;56;39;0;0;0;455;28;Y;Y;N;N;N;N;Y
119181;2064;2061;2016;complete;646;21;-1;14,78;35;2;1;3;2;3;5;5;2;1;2;0;1;5;6;3;9;8;15;8;12;44;56;1;4;0;0;0;0;0;0;0;0;0;0;0;0;0;0;0;0;0;0;0;0;0;0;0;0;0;0;0;0;0;0;0;0;0;0;0;0;0;0;0;0;0;0;0;0;0;0;0;0;0;0;0;0;0;0;0;0;0;0;0;0;0;0;0;0;0;0;0;0;3;1;1;1;0;1;2;2016-08-12 18:45:00;2064;0;62;28;33;0;-1;1;-1;-1;-1;-1;-1;-1;0;0;1;3;0;4;-1;0;0;0;0;0;0;0;0;0;0;0;0;0;1;1;0;0;-1;-1;0;0;-1;-1;-1;-1;-1;-1;-1;-1;-1;26;57;72;84;100;56;84;80;52;8.3;4.49;4.67;3.6;Waterford;Shelbourne;1.33;0.93;1.3;1;1.15;1.1;74;43;28;17;0;72;60;37;0;0;0;455;28;Y;Y;Y;N;N;N;Y
119182;2055;2063;2016;complete;646;21;-1;19,40;;2;0;2;10;2;12;2;2;2;1;0;0;14;2;13;3;27;5;8;14;65;35;2;1;0;0;0;0;0;0;0;0;0;0;0;0;0;0;0;0;0;0;0;0;0;0;0;0;0;0;0;0;0;0;0;0;0;0;0;0;0;0;0;0;0;0;0;0;0;0;0;0;0;0;0;0;0;0;0;0;0;0;0;0;0;0;0;0;0;0;0;0;2;2;0;0;0;0;2;2016-08-13 13:00:00;2055;0;60;25;35;0;-1;1;-1;-1;-1;-1;-1;-1;1;1;1;0;2;1;-1;0;0;0;0;0;0;0;0;0;0;0;0;0;1;1;0;0;-1;-1;0;0;-1;-1;-1;-1;-1;-1;-1;-1;-1;30;50;75;95;100;45;85;85;65;13.59;6.9;3.2;3.95;Limerick;Cabinteely;2.86;0.14;2.8;0.1;2.8;0.6;70;50;25;5;0;73;73;67;0;0;0;455;28;Y;Y;N;N;N;N;N
119183;2062;2060;2016;complete;646;21;-1;17,67;33;2;1;3;8;4;12;4;1;2;2;0;1;7;5;8;3;15;8;15;6;52;48;2;3;0;0;0;0;0;0;0;0;0;0;0;0;0;0;0;0;0;0;0;0;0;0;0;0;0;0;0;0;0;0;0;0;0;0;0;0;0;0;0;0;0;0;0;0;0;0;0;0;0;0;0;0;0;0;0;0;0;0;0;0;0;0;0;0;0;0;0;0;3;1;1;1;0;1;2;2016-08-13 18:15:00;2062;0;59;20;31;0;-1;1;-1;-1;-1;-1;-1;-1;0;0;2;3;0;5;-1;0;0;0;0;0;0;0;1;0;1;0;0;0;1;1;0;0;-1;-1;0;0;-1;-1;-1;-1;-1;-1;-1;-1;-1;9;34;63;90;100;33;66;77;50;8.13;5.09;4.02;3.06;Cobh Ramblers;Athlone Town;1.87;0.2;1.67;0.27;1.55;0.5;91;67;37;10;0;64;48;32;0;0;0;455;28;Y;Y;Y;N;N;N;Y
119184;2064;2053;2016;complete;646;22;-1;50;3,46,61;1;3;4;7;2;9;3;1;1;1;0;0;11;6;10;4;21;10;11;16;55;45;1;1;0;0;0;0;0;0;0;0;0;0;0;0;0;0;0;0;0;0;0;0;0;0;0;0;0;0;0;0;0;0;0;0;0;0;0;0;0;0;0;0;0;0;0;0;0;0;0;0;0;0;0;0;0;0;0;0;0;0;0;0;0;0;0;0;0;0;0;0;4;0;1;1;2;3;1;2016-08-26 18:45:00;2053;0;81;45;30;0;-1;1;-1;-1;-1;-1;-1;-1;0;1;1;0;1;1;-1;0;0;0;0;0;0;0;0;1;0;1;0;0;1;1;0;1;-1;-1;0;0;-1;-1;-1;-1;-1;-1;-1;-1;-1;14;42;80;95;95;66;76;77;43;9;5.72;3.8;3.39;Waterford;Drogheda United;1.33;1.53;1.45;1.4;1.24;1.76;87;58;20;5;5;65;60;30;0;0;0;455;28;Y;Y;Y;Y;N;N;Y
119185;2060;2063;2016;complete;646;22;-1;39,63,72,77;;4;0;4;4;3;7;4;2;1;1;0;0;5;2;5;4;10;6;11;16;47;53;1;1;0;0;0;0;0;0;0;0;0;0;0;0;0;0;0;0;0;0;0;0;0;0;0;0;0;0;0;0;0;0;0;0;0;0;0;0;0;0;0;0;0;0;0;0;0;0;0;0;0;0;0;0;0;0;0;0;0;0;0;0;0;0;0;0;0;0;0;0;4;1;0;3;0;3;1;2016-08-26 18:45:00;2060;0;56;31;15;0;-1;1;-1;-1;-1;-1;-1;-1;1;1;0;0;2;0;-1;0;0;0;0;0;0;0;0;0;0;0;0;0;1;1;0;0;-1;-1;0;0;-1;-1;-1;-1;-1;-1;-1;-1;-1;16;40;66;90;100;56;96;76;45;6.92;4.8;3.83;3.17;Athlone Town;Cabinteely;0.85;0.14;0.78;0.09;0.48;0.57;85;60;35;10;0;64;64;47;0;0;0;455;28;Y;Y;Y;Y;N;N;N
119186;2062;2061;2016;complete;646;22;-1;;;0;0;0;2;1;3;1;2;5;4;0;0;5;3;3;7;8;10;13;10;41;59;5;4;0;0;0;0;0;0;0;0;0;0;0;0;0;0;0;0;0;0;0;0;0;0;0;0;0;0;0;0;0;0;0;0;0;0;0;0;0;0;0;0;0;0;0;0;0;0;0;0;0;0;0;0;0;0;0;0;0;0;0;0;0;0;0;0;0;0;0;0;0;0;0;0;0;0;0;2016-08-27 18:15:00;-1;0;45;10;25;0;-1;1;-1;-1;-1;-1;-1;-1;0;0;5;4;0;9;-1;0;0;0;0;0;0;0;0;0;0;0;0;0;1;1;0;0;-1;-1;0;0;-1;-1;-1;-1;-1;-1;-1;-1;-1;10;30;50;80;100;25;75;90;40;10.04;5;4.4;2.75;Cobh Ramblers;Shelbourne;1.87;0.93;1.8;0.9;1.62;1.05;90;70;50;20;0;74;64;48;0;0;0;455;28;N;N;N;N;N;N;N
119187;2059;2055;2016;complete;646;22;-1;24,57;28,55,77;2;3;5;4;2;6;2;5;1;1;0;0;10;6;11;5;21;11;10;7;48;52;1;1;0;0;0;0;0;0;0;0;0;0;0;0;0;0;0;0;0;0;0;0;0;0;0;0;0;0;0;0;0;0;0;0;0;0;0;0;0;0;0;0;0;0;0;0;0;0;0;0;0;0;0;0;0;0;0;0;0;0;0;0;0;0;0;0;0;0;0;0;5;1;1;1;2;3;2;2016-08-28 17:00:00;2055;0;71;29;47;0;-1;1;-1;-1;-1;-1;-1;-1;0;0;1;1;0;2;-1;0;0;0;0;0;0;0;0;0;0;0;0;0;1;1;0;0;-1;-1;0;0;-1;-1;-1;-1;-1;-1;-1;-1;-1;34;48;77;100;100;48;91;91;67;13.7;5.56;2.93;3.93;UCD;Limerick;1.71;2.5;1.91;2.8;1.81;2.81;66;53;24;0;0;55;45;40;0;0;0;455;28;Y;Y;Y;Y;Y;N;Y
119188;2063;2059;2016;complete;646;23;-1;;14,82;0;2;2;3;7;10;3;2;0;1;0;0;2;6;3;10;5;16;14;12;38;62;0;1;0;0;0;0;0;0;0;0;0;0;0;0;0;0;0;0;0;0;0;0;0;0;0;0;0;0;0;0;0;0;0;0;0;0;0;0;0;0;0;0;0;0;0;0;0;0;0;0;0;0;0;0;0;0;0;0;0;0;0;0;0;0;0;0;0;0;0;0;2;0;1;0;1;1;1;2016-09-02 18:45:00;2059;0;60;25;30;0;-1;1;-1;-1;-1;-1;-1;-1;0;1;0;0;1;0;-1;0;0;0;0;0;0;0;0;0;0;0;0;0;1;1;0;0;-1;-1;0;0;-1;-1;-1;-1;-1;-1;-1;-1;-1;15;30;60;85;85;40;70;75;55;8.9;4.7;3.1;2.9;Cabinteely;UCD;1;1.71;1.1;1.7;0.55;1.73;85;70;40;15;15;60;45;20;0;0;0;455;28;Y;Y;N;N;N;N;N
119189;2053;2062;2016;complete;646;23;-1;26,63;;2;0;2;2;8;10;1;2;1;3;0;0;4;3;5;6;9;9;10;15;54;46;1;3;0;0;0;0;0;0;0;0;0;0;0;0;0;0;0;0;0;0;0;0;0;0;0;0;0;0;0;0;0;0;0;0;0;0;0;0;0;0;0;0;0;0;0;0;0;0;0;0;0;0;0;0;0;0;0;0;0;0;0;0;0;0;0;0;0;0;0;0;2;1;0;1;0;1;1;2016-09-02 18:45:00;2053;0;46;5;27;0;-1;1;-1;-1;-1;-1;-1;-1;0;0;1;3;0;4;-1;0;0;0;0;0;0;0;0;0;0;0;0;0;1;1;0;0;-1;-1;0;0;-1;-1;-1;-1;-1;-1;-1;-1;-1;9;32;55;73;100;18;69;82;55;9.03;4.18;4;2.82;Drogheda United;Cobh Ramblers;2.13;1.67;2.09;1.45;1.82;1.59;91;69;45;27;0;57;48;24;0;0;0;455;30;Y;Y;N;N;N;N;N
119190;2061;2060;2016;complete;646;23;-1;33,39,59;;3;0;3;6;3;9;3;1;2;0;0;0;9;0;7;6;16;6;17;4;54;46;2;0;0;0;0;0;0;0;0;0;0;0;0;0;0;0;0;0;0;0;0;0;0;0;0;0;0;0;0;0;0;0;0;0;0;0;0;0;0;0;0;0;0;0;0;0;0;0;0;0;0;0;0;0;0;0;0;0;0;0;0;0;0;0;0;0;0;0;0;0;3;2;0;1;0;1;2;2016-09-02 18:45:00;2061;0;65;36;27;0;-1;1;-1;-1;-1;-1;-1;-1;0;0;2;0;0;2;-1;0;0;0;0;0;0;0;1;0;1;0;0;0;1;1;0;0;-1;-1;0;0;-1;-1;-1;-1;-1;-1;-1;-1;-1;13;26;69;92;100;57;70;75;39;8.91;3.73;4;3.16;Shelbourne;Athlone Town;1.21;0.2;1.18;0.25;1.05;0.59;87;75;31;9;0;70;48;43;0;0;0;455;28;Y;Y;Y;N;N;N;N
119191;2055;2064;2016;complete;646;23;-1;3,11,45,67;;4;0;4;3;4;7;3;0;1;2;0;0;11;10;9;3;20;13;8;13;45;55;1;2;0;0;0;0;0;0;0;0;0;0;0;0;0;0;0;0;0;0;0;0;0;0;0;0;0;0;0;0;0;0;0;0;0;0;0;0;0;0;0;0;0;0;0;0;0;0;0;0;0;0;0;0;0;0;0;0;0;0;0;0;0;0;0;0;0;0;0;0;4;3;0;1;0;1;3;2016-09-03 17:30:00;2055;0;53;24;38;0;-1;1;-1;-1;-1;-1;-1;-1;0;1;1;1;1;2;-1;0;0;0;0;0;0;0;1;0;1;0;0;0;1;1;1;0;-1;-1;0;0;-1;-1;-1;-1;-1;-1;-1;-1;-1;33;48;67;100;100;43;76;86;77;15.51;6.83;2.41;4.13;Limerick;Waterford;2.86;1;2.82;1;2.82;1.18;68;53;34;0;0;85;85;74;0;0;0;455;28;Y;Y;Y;Y;N;N;N
119192;2060;2053;2016;complete;646;24;-1;;56;0;1;1;2;3;5;3;0;3;0;1;1;2;4;7;9;9;13;10;14;46;54;4;2;0;0;0;0;0;0;0;0;0;0;0;0;0;0;0;0;0;0;0;0;0;0;0;0;0;0;0;0;0;0;0;0;0;0;0;0;0;0;0;0;0;0;0;0;0;0;0;0;0;0;0;0;0;0;0;0;0;0;0;0;0;0;0;0;0;0;0;0;1;0;0;0;1;1;0;2016-09-09 18:45:00;2053;0;62;34;23;0;-1;1;-1;-1;-1;-1;-1;-1;0;0;4;1;0;5;-1;0;0;0;0;0;0;0;0;0;0;0;0;0;1;1;0;0;-1;-1;0;0;-1;-1;-1;-1;-1;-1;-1;-1;-1;10;39;67;91;96;43;82;81;43;8.48;4.83;2.77;3.07;Athlone Town;Drogheda United;0.85;1.53;1;1.55;0.57;1.87;90;62;33;10;5;71;67;43;0;0;0;455;28;Y;N;N;N;N;N;N
119193;2063;2061;2016;complete;646;24;-1;25;40,88;1;2;3;3;5;8;1;1;3;4;0;0;4;9;2;15;6;24;9;15;51;49;3;4;0;0;0;0;0;0;0;0;0;0;0;0;0;0;0;0;0;0;0;0;0;0;0;0;0;0;0;0;0;0;0;0;0;0;0;0;0;0;0;0;0;0;0;0;0;0;0;0;0;0;0;0;0;0;0;0;0;0;0;0;0;0;0;0;0;0;0;0;3;1;1;0;1;1;2;2016-09-09 18:45:00;2061;0;36;9;27;0;-1;1;-1;-1;-1;-1;-1;-1;1;1;2;3;2;5;-1;0;0;0;0;0;0;0;0;0;0;0;0;0;1;1;0;0;-1;-1;0;0;-1;-1;-1;-1;-1;-1;-1;-1;-1;14;32;45;73;87;27;69;78;46;8.65;4.27;3.63;2.6;Cabinteely;Shelbourne;1;0.93;1;0.91;0.52;1.13;87;69;55;27;14;67;58;34;0;0;0;455;28;Y;Y;Y;N;N;N;Y
119194;2053;2061;2016;complete;646;25;-1;20,59;;2;0;2;1;6;7;4;5;1;0;0;0;4;11;8;5;12;16;10;9;47;53;1;0;0;0;0;0;0;0;0;0;0;0;0;0;0;0;0;0;0;0;0;0;0;0;0;0;0;0;0;0;0;0;0;0;0;0;0;0;0;0;0;0;0;0;0;0;0;0;0;0;0;0;0;0;0;0;0;0;0;0;0;0;0;0;0;0;0;0;0;0;2;1;0;1;0;1;1;2016-09-16 18:45:00;2053;0;38;9;21;0;-1;1;-1;-1;-1;-1;-1;-1;0;0;1;0;0;1;-1;0;0;0;0;0;0;0;0;0;0;0;0;0;1;1;0;0;-1;-1;0;0;-1;-1;-1;-1;-1;-1;-1;-1;-1;13;29;50;67;96;21;71;88;42;9.6;3.66;4.08;2.63;Drogheda United;Shelbourne;2.13;0.93;2.17;1.08;1.92;1.21;88;71;50;33;4;66;57;35;0;0;0;455;28;Y;Y;N;N;N;N;N
119195;2059;2062;2016;complete;646;25;-1;;71;0;1;1;1;7;8;0;2;0;2;0;0;2;4;9;9;11;13;13;14;67;33;0;2;0;0;0;0;0;0;0;0;0;0;0;0;0;0;0;0;0;0;0;0;0;0;0;0;0;0;0;0;0;0;0;0;0;0;0;0;0;0;0;0;0;0;0;0;0;0;0;0;0;0;0;0;0;0;0;0;0;0;0;0;0;0;0;0;0;0;0;0;1;0;0;0;1;1;0;2016-09-16 18:45:00;2062;0;71;21;50;0;-1;1;-1;-1;-1;-1;-1;-1;0;0;0;2;0;2;-1;0;0;0;0;0;0;0;0;0;0;0;0;0;1;1;0;0;-1;-1;0;0;-1;-1;-1;-1;-1;-1;-1;-1;-1;17;42;63;92;100;38;79;79;59;9.18;4.58;4.09;3.25;UCD;Cobh Ramblers;1.71;1.67;1.75;1.33;1.78;1.52;84;59;38;9;0;50;41;27;0;0;0;455;28;Y;N;N;N;N;N;N
119196;2064;2063;2016;complete;646;25;-1;;;0;0;0;6;2;8;1;2;2;2;0;0;0;5;11;8;11;13;12;13;58;42;2;2;0;0;0;0;0;0;0;0;0;0;0;0;0;0;0;0;0;0;0;0;0;0;0;0;0;0;0;0;0;0;0;0;0;0;0;0;0;0;0;0;0;0;0;0;0;0;0;0;0;0;0;0;0;0;0;0;0;0;0;0;0;0;0;0;0;0;0;0;0;0;0;0;0;0;0;2016-09-16 18:45:00;-1;0;71;36;27;0;-1;1;-1;-1;-1;-1;-1;-1;1;0;1;2;1;3;-1;0;0;0;0;0;0;0;0;0;0;0;0;0;1;1;0;0;-1;-1;0;0;-1;-1;-1;-1;-1;-1;-1;-1;-1;17;55;84;96;100;67;92;75;54;7.46;5.66;4.53;3.63;Waterford;Cabinteely;1.33;0.14;1.33;0.08;1.13;0.5;84;46;17;4;0;55;46;27;0;0;0;455;28;N;N;N;N;N;N;N
119197;2060;2059;2016;complete;646;26;-1;73;69;1;1;2;0;1;1;4;3;1;0;0;0;5;3;6;12;11;15;10;10;32;68;1;0;0;0;0;0;0;0;0;0;0;0;0;0;0;0;0;0;0;0;0;0;0;0;0;0;0;0;0;0;0;0;0;0;0;0;0;0;0;0;0;0;0;0;0;0;0;0;0;0;0;0;0;0;0;0;0;0;0;0;0;0;0;0;0;0;0;0;0;0;2;0;0;1;1;2;0;2016-09-23 18:45:00;-1;0;59;36;18;0;-1;1;-1;-1;-1;-1;-1;-1;0;0;1;0;0;1;-1;0;0;0;0;0;0;0;1;0;1;0;0;0;1;1;0;0;-1;-1;0;0;-1;-1;-1;-1;-1;-1;-1;-1;-1;18;36;64;87;96;45;87;82;45;7.63;4.54;3.37;3.14;Athlone Town;UCD;0.85;1.71;0.91;1.82;0.54;1.71;82;64;36;14;5;60;50;27;0;0;0;455;28;Y;Y;N;N;N;N;Y
119198;2063;2053;2016;complete;646;26;-1;29;;1;0;1;2;5;7;3;3;2;2;0;0;2;5;6;8;8;13;9;10;43;57;2;2;0;0;0;0;0;0;0;0;0;0;0;0;0;0;0;0;0;0;0;0;0;0;0;0;0;0;0;0;0;0;0;0;0;0;0;0;0;0;0;0;0;0;0;0;0;0;0;0;0;0;0;0;0;0;0;0;0;0;0;0;0;0;0;0;0;0;0;0;1;1;0;0;0;0;1;2016-09-23 18:45:00;2063;0;55;21;29;0;-1;1;-1;-1;-1;-1;-1;-1;1;1;1;1;2;2;-1;0;0;0;0;0;0;0;0;0;0;0;0;0;1;1;0;0;-1;-1;0;0;-1;-1;-1;-1;-1;-1;-1;-1;-1;4;25;54;83;88;33;63;79;42;9.42;4.75;2.75;2.58;Cabinteely;Drogheda United;1;1.53;0.92;1.67;0.52;1.96;96;75;46;17;13;67;59;30;0;0;0;455;28;Y;N;N;N;N;N;N
119199;2061;2055;2016;complete;646;26;-1;23;83;1;1;2;3;6;9;-1;-1;0;2;0;0;2;2;0;0;2;2;-1;-1;-1;-1;0;2;0;0;0;0;0;0;0;0;0;0;0;0;0;0;0;0;0;0;0;0;0;0;0;0;0;0;0;0;0;0;0;0;0;0;0;0;0;0;0;0;0;0;0;0;0;0;0;0;0;0;0;0;0;0;0;0;0;0;0;0;0;0;0;0;0;0;0;0;2;1;0;0;1;1;1;2016-09-23 18:45:00;-1;0;53;31;27;0;-1;1;-1;-1;-1;-1;-1;-1;0;1;0;1;1;1;-1;0;0;0;0;0;0;0;0;0;0;0;0;0;1;1;0;0;-1;-1;0;0;-1;-1;-1;-1;-1;-1;-1;-1;-1;32;32;70;96;100;57;88;92;49;13.55;5.19;3.26;3.64;Shelbourne;Limerick;1.21;2.5;1.33;2.82;1.16;2.83;69;69;30;4;0;67;45;40;0;0;0;455;28;Y;Y;N;N;N;N;Y
119200;2062;2064;2016;complete;646;26;-1;21,30,86;48;3;1;4;7;2;9;3;1;3;3;0;0;6;9;10;6;16;15;14;8;46;54;3;3;0;0;0;0;0;0;0;0;0;0;0;0;0;0;0;0;0;0;0;0;0;0;0;0;0;0;0;0;0;0;0;0;0;0;0;0;0;0;0;0;0;0;0;0;0;0;0;0;0;0;0;0;0;0;0;0;0;0;0;0;0;0;0;0;0;0;0;0;4;2;0;1;1;2;2;2016-09-24 18:15:00;2062;0;45;14;23;0;-1;1;-1;-1;-1;-1;-1;-1;1;1;2;2;2;4;-1;0;0;0;0;0;0;0;2;0;2;0;0;0;1;1;0;0;-1;-1;0;0;-1;-1;-1;-1;-1;-1;-1;-1;-1;9;32;55;91;96;32;69;87;55;10.87;5.73;4;3.05;Cobh Ramblers;Waterford;1.87;1;1.73;0.91;1.58;1.13;91;69;46;9;5;67;63;43;0;0;0;455;28;Y;Y;Y;Y;N;N;Y
119201;2064;2059;2016;complete;646;24;-1;11;9,28,30,31,75,76,79,82;1;8;9;1;7;8;4;5;1;1;0;0;3;10;8;13;11;23;6;5;45;55;1;1;0;0;0;0;0;0;0;0;0;0;0;0;0;0;0;0;0;0;0;0;0;0;0;0;0;0;0;0;0;0;0;0;0;0;0;0;0;0;0;0;0;0;0;0;0;0;0;0;0;0;0;0;0;0;0;0;0;0;0;0;0;0;0;0;0;0;0;0;9;1;4;0;4;4;5;2016-09-30 19:00:00;2059;0;80;42;33;0;-1;1;-1;-1;-1;-1;-1;-1;0;0;1;1;0;2;-1;0;0;0;0;0;0;0;0;0;0;0;0;0;1;1;0;1;-1;-1;0;0;-1;-1;-1;-1;-1;-1;-1;-1;-1;20;44;75;92;92;60;80;76;52;8.17;5.11;3.83;3.43;Waterford;UCD;1.33;1.71;1.31;1.75;1.08;1.68;80;57;25;8;8;54;38;13;0;0;0;455;28;Y;Y;Y;Y;Y;Y;Y
119202;2062;2055;2016;complete;646;24;-1;57,66;;2;0;2;7;3;10;4;2;3;3;0;1;7;0;10;2;17;2;12;8;51;49;3;5;0;0;0;0;0;0;0;0;0;0;0;0;0;0;0;0;0;0;0;0;0;0;0;0;0;0;0;0;0;0;0;0;0;0;0;0;0;0;0;0;0;0;0;0;0;0;0;0;0;0;0;0;0;0;0;0;0;0;0;0;0;0;0;0;0;0;0;0;2;0;0;2;0;2;0;2016-10-01 18:15:00;2062;0;54;21;29;0;-1;1;-1;-1;-1;-1;-1;-1;1;0;2;4;1;6;-1;0;0;0;0;0;0;0;0;0;0;0;0;0;1;1;0;0;-1;-1;0;0;-1;-1;-1;-1;-1;-1;-1;-1;-1;25;38;63;92;96;38;84;92;55;12.84;5.92;3.75;3.38;Cobh Ramblers;Limerick;1.87;2.5;1.83;2.67;1.64;2.75;75;63;38;9;4;63;46;33;0;0;0;455;28;Y;Y;N;N;N;N;N
119203;2055;2060;2016;complete;646;25;-1;76;;1;0;1;8;5;13;2;3;0;0;0;0;8;3;11;4;19;7;12;10;63;37;0;0;0;0;0;0;0;0;0;0;0;0;0;0;0;0;0;0;0;0;0;0;0;0;0;0;0;0;0;0;0;0;0;0;0;0;0;0;0;0;0;0;0;0;0;0;0;0;0;0;0;0;0;0;0;0;0;0;0;0;0;0;0;0;0;0;0;0;0;0;1;0;0;1;0;1;0;2016-10-04 18:45:00;2055;0;60;34;38;0;-1;-1;-1;-1;-1;-1;-1;-1;0;0;0;0;0;0;-1;0;0;0;0;0;0;0;0;0;0;0;0;0;1;1;0;0;-1;-1;-1;-1;-1;-1;-1;-1;-1;-1;-1;-1;-1;29;48;80;96;100;56;76;76;57;12.09;5.59;2.67;3.98;Limerick;Athlone Town;2.86;0.2;2.83;0.23;2.64;0.56;72;52;20;4;0;75;63;58;0;0;0;455;28;Y;N;N;N;N;N;N
119204;2059;2061;2016;complete;646;27;-1;19,48,90;32,55;3;2;5;5;4;9;2;6;0;1;0;0;11;10;13;4;24;14;6;7;53;47;0;1;0;0;0;0;0;0;0;0;0;0;0;0;0;0;0;0;0;0;0;0;0;0;0;0;0;0;0;0;0;0;0;0;0;0;0;0;0;0;0;0;0;0;0;0;0;0;0;0;0;0;0;0;0;0;0;0;0;0;0;0;0;0;0;0;0;0;0;0;5;1;1;2;1;3;2;2016-10-07 18:45:00;2059;0;62;23;43;0;-1;1;-1;-1;-1;-1;-1;-1;0;1;0;0;1;0;-1;0;0;0;0;0;0;0;0;0;0;0;0;0;1;1;0;0;-1;-1;0;0;-1;-1;-1;-1;-1;-1;-1;-1;-1;19;39;58;81;96;39;77;85;47;9.41;4.23;3.85;3;UCD;Shelbourne;1.71;0.93;1.62;1;1.73;1.15;81;62;43;20;4;50;42;38;0;0;0;455;28;Y;Y;Y;Y;Y;N;Y
119205;2055;2053;2016;complete;646;27;-1;9,19;86;2;1;3;4;6;10;3;3;2;2;1;1;6;9;8;13;14;22;8;9;53;47;3;4;0;0;0;0;0;0;0;0;0;0;0;0;0;0;0;0;0;0;0;0;0;0;0;0;0;0;0;0;0;0;0;0;0;0;0;0;0;0;0;0;0;0;0;0;0;0;0;0;0;0;0;0;0;0;0;0;0;0;0;0;0;0;0;0;0;0;0;0;3;2;0;0;1;1;2;2016-10-08 16:30:00;2055;0;54;23;35;0;-1;1;-1;-1;-1;-1;-1;-1;2;2;1;1;4;2;-1;0;0;0;0;0;0;0;0;0;0;0;0;0;1;1;1;0;-1;-1;0;0;-1;-1;-1;-1;-1;-1;-1;-1;-1;19;39;62;85;96;39;70;81;47;14.08;6.08;2.23;3.35;Limerick;Drogheda United;2.86;1.53;2.85;1.54;2.65;1.88;81;62;39;16;4;77;74;62;0;0;0;455;28;Y;Y;Y;N;N;N;Y
119206;2062;2063;2016;complete;646;27;-1;35,49,79;;3;0;3;2;5;7;3;1;1;3;0;0;4;3;7;2;11;5;12;12;50;50;1;3;0;0;0;0;0;0;0;0;0;0;0;0;0;0;0;0;0;0;0;0;0;0;0;0;0;0;0;0;0;0;0;0;0;0;0;0;0;0;0;0;0;0;0;0;0;0;0;0;0;0;0;0;0;0;0;0;0;0;0;0;0;0;0;0;0;0;0;0;3;1;0;2;0;2;1;2016-10-08 18:15:00;2062;0;46;12;19;0;-1;1;-1;-1;-1;-1;-1;-1;0;0;1;3;0;4;-1;0;0;0;0;0;0;0;0;0;0;0;0;0;1;1;0;0;-1;-1;0;0;-1;-1;-1;-1;-1;-1;-1;-1;-1;4;31;54;85;92;35;74;77;46;9.04;5.77;4.69;2.66;Cobh Ramblers;Cabinteely;1.87;0.14;1.92;0.15;1.69;0.62;96;70;46;15;8;60;52;37;0;0;0;455;28;Y;Y;Y;N;N;N;N
119207;2064;2060;2016;complete;646;27;-1;32,55,79;;3;0;3;6;0;6;2;4;2;2;1;0;9;7;7;7;16;14;8;4;57;43;3;2;0;0;0;0;0;0;0;0;0;0;0;0;0;0;0;0;0;0;0;0;0;0;0;0;0;0;0;0;0;0;0;0;0;0;0;0;0;0;0;0;0;0;0;0;0;0;0;0;0;0;0;0;0;0;0;0;0;0;0;0;0;0;0;0;0;0;0;0;3;1;0;2;0;2;1;2016-10-09 13:30:00;2064;0;75;46;31;0;-1;1;-1;-1;-1;-1;-1;-1;0;0;3;2;0;5;-1;0;0;0;0;0;0;0;1;0;1;0;0;0;1;1;0;0;-1;-1;0;0;-1;-1;-1;-1;-1;-1;-1;-1;-1;22;50;86;90;97;68;75;71;50;6.85;4.79;3.85;3.75;Waterford;Athlone Town;1.33;0.2;1.21;0.21;1.04;0.54;79;50;14;11;4;58;39;23;0;0;0;455;28;Y;Y;Y;N;N;N;N
119208;2060;2062;2016;complete;646;28;-1;;25,87;0;2;2;5;5;10;1;1;1;5;0;0;4;10;6;13;10;23;8;15;48;52;1;5;0;0;0;0;0;0;0;0;0;0;0;0;0;0;0;0;0;0;0;0;0;0;0;0;0;0;0;0;0;0;0;0;0;0;0;0;0;0;0;0;0;0;0;0;0;0;0;0;0;0;0;0;0;0;0;0;0;0;0;0;0;0;0;0;0;0;0;0;2;0;1;0;1;1;1;2016-10-15 18:45:00;2062;0;48;21;24;0;-1;1;-1;-1;-1;-1;-1;-1;0;2;1;3;2;4;-1;0;0;0;0;0;0;0;0;0;0;0;0;0;1;1;0;0;-1;-1;0;0;-1;-1;-1;-1;-1;-1;-1;-1;-1;13;37;52;80;100;33;76;80;48;6.92;4.56;4.05;2.93;Athlone Town;Cobh Ramblers;0.85;1.67;0.92;1.46;0.52;1.74;88;64;48;20;0;50;46;25;0;0;0;455;28;Y;Y;N;N;N;N;N
119209;2063;2055;2016;complete;646;28;-1;;65;0;1;1;3;3;6;0;2;1;1;0;0;8;4;7;6;15;10;9;9;34;66;1;1;0;0;0;0;0;0;0;0;0;0;0;0;0;0;0;0;0;0;0;0;0;0;0;0;0;0;0;0;0;0;0;0;0;0;0;0;0;0;0;0;0;0;0;0;0;0;0;0;0;0;0;0;0;0;0;0;0;0;0;0;0;0;0;0;0;0;0;0;1;0;0;0;1;1;0;2016-10-15 18:45:00;2055;0;46;23;27;0;-1;1;-1;-1;-1;-1;-1;-1;0;0;1;1;0;2;-1;0;0;0;0;0;0;0;0;0;0;0;0;0;1;1;0;0;-1;-1;0;0;-1;-1;-1;-1;-1;-1;-1;-1;-1;27;35;58;89;93;39;81;85;58;11.31;5.23;3;3.27;Cabinteely;Limerick;1;2.5;1.08;2.46;0.59;2.67;73;66;43;12;8;58;46;23;0;0;0;455;28;Y;N;N;N;N;N;N
119210;2053;2059;2016;complete;646;28;-1;25,63;43;2;1;3;6;6;12;4;0;2;2;0;0;7;8;6;8;13;16;14;8;51;49;2;2;0;0;0;0;0;0;0;0;0;0;0;0;0;0;0;0;0;0;0;0;0;0;0;0;0;0;0;0;0;0;0;0;0;0;0;0;0;0;0;0;0;0;0;0;0;0;0;0;0;0;0;0;0;0;0;0;0;0;0;0;0;0;0;0;0;0;0;0;3;1;1;1;0;1;2;2016-10-15 18:45:00;2053;0;54;19;23;0;-1;1;-1;-1;-1;-1;-1;-1;1;1;1;1;2;2;-1;0;0;0;0;0;0;0;0;0;0;0;0;0;1;1;0;0;-1;-1;0;0;-1;-1;-1;-1;-1;-1;-1;-1;-1;16;27;54;81;96;27;73;89;50;9.46;4.62;3;3;Drogheda United;UCD;2.13;1.71;2.23;1.85;1.81;1.78;85;73;46;20;4;58;46;19;0;0;0;455;28;Y;Y;Y;N;N;N;Y
119211;2061;2064;2016;complete;646;28;-1;;42;0;1;1;10;1;11;5;0;1;0;0;0;4;2;22;8;26;10;10;9;60;40;1;0;0;0;0;0;0;0;0;0;0;0;0;0;0;0;0;0;0;0;0;0;0;0;0;0;0;0;0;0;0;0;0;0;0;0;0;0;0;0;0;0;0;0;0;0;0;0;0;0;0;0;0;0;0;0;0;0;0;0;0;0;0;0;0;0;0;0;0;0;1;0;1;0;0;0;1;2016-10-15 18:45:00;2064;0;52;20;24;0;-1;1;-1;-1;-1;-1;-1;-1;0;0;1;0;0;1;-1;0;0;0;0;0;0;0;0;0;0;0;0;0;1;1;0;0;-1;-1;0;0;-1;-1;-1;-1;-1;-1;-1;-1;-1;13;29;61;96;100;52;76;89;49;10.97;4.29;3.59;3.26;Shelbourne;Waterford;1.21;1;1.31;0.83;1.11;1.11;88;71;40;4;0;77;52;43;0;0;0;455;28;Y;N;N;N;N;N;N
119212;2062;2053;2016;complete;647;0;-1;;60,62;0;2;2;2;5;7;7;1;1;1;0;0;4;3;5;6;9;9;15;9;47;53;1;1;0;0;0;0;0;0;0;0;0;0;0;0;0;0;0;0;0;0;0;0;0;0;0;0;0;0;0;0;0;0;0;0;0;0;0;0;0;0;0;0;0;0;0;0;0;0;0;0;0;0;0;0;0;0;0;0;0;0;0;0;0;0;0;0;0;0;0;0;2;0;0;0;2;2;0;2016-10-22 18:15:00;2053;1;47;14;25;0;-1;1;-1;-1;-1;-1;-1;-1;0;0;1;1;0;2;-1;0;0;0;0;0;0;0;0;0;0;0;0;0;1;1;0;0;-1;-1;0;0;-1;-1;-1;-1;-1;-1;-1;-1;-1;4;23;50;79;96;23;68;84;41;9.81;4.93;4.07;2.58;Cobh Ramblers;Drogheda United;1.77;1.83;1.79;1.86;1.79;1.86;96;77;50;22;4;64;55;27;0;0;0;455;30;Y;Y;N;N;N;N;N
119213;2053;2062;2016;complete;647;0;-1;60;1,9;1;2;3;-1;-1;-1;-1;-1;3;3;0;0;-1;-1;-1;-1;-1;-1;-1;-1;-1;-1;3;3;0;0;0;0;0;0;0;0;0;0;0;0;0;0;0;0;0;0;0;0;0;0;0;0;0;0;0;0;0;0;0;0;0;0;0;0;0;0;0;0;0;0;0;0;0;0;0;0;0;0;0;0;0;0;0;0;0;0;0;0;0;0;0;0;0;0;0;0;3;0;2;1;0;1;2;2016-10-28 18:45:00;2062;1;45;7;22;0;-1;1;-1;-1;-1;-1;-1;-1;0;1;3;2;1;5;-1;0;0;0;0;0;0;0;0;0;0;0;0;0;1;1;0;2;-1;-1;0;0;-1;-1;-1;-1;-1;-1;-1;-1;-1;3;23;49;80;97;23;66;85;43;9.71;5.03;4;2.56;Drogheda United;Cobh Ramblers;1.83;1.77;1.9;1.72;1.9;1.72;97;78;52;21;3;62;53;26;0;0;0;455;30;Y;Y;Y;N;N;N;Y
