ID;HOMEID;AWAYID;SEASON;STATUS;ROUNDID;GAME_WEEK;REVISED_GAME_WEEK;HOMEGOALS;AWAYGOALS;HOMEGOALCOUNT;AWAYGOALCOUNT;TOTALGOALCOUNT;TEAM_A_CORNERS;TEAM_B_CORNERS;TOTALCORNERCOUNT;TEAM_A_OFFSIDES;TEAM_B_OFFSIDES;TEAM_A_YELLOW_CARDS;TEAM_B_YELLOW_CARDS;TEAM_A_RED_CARDS;TEAM_B_RED_CARDS;TEAM_A_SHOTSONTARGET;TEAM_B_SHOTSONTARGET;TEAM_A_SHOTSOFFTARGET;TEAM_B_SHOTSOFFTARGET;TEAM_A_SHOTS;TEAM_B_SHOTS;TEAM_A_FOULS;TEAM_B_FOULS;TEAM_A_POSSESSION;TEAM_B_POSSESSION;TEAM_A_CARDS_NUM;TEAM_B_CARDS_NUM;ODDS_FT_1;ODDS_FT_X;ODDS_FT_2;ODDS_FT_OVER05;ODDS_FT_OVER15;ODDS_FT_OVER25;ODDS_FT_OVER35;ODDS_FT_OVER45;ODDS_FT_UNDER05;ODDS_FT_UNDER15;ODDS_FT_UNDER25;ODDS_FT_UNDER35;ODDS_FT_UNDER45;ODDS_BTTS_YES;ODDS_BTTS_NO;ODDS_TEAM_A_CS_YES;ODDS_TEAM_A_CS_NO;ODDS_TEAM_B_CS_YES;ODDS_TEAM_B_CS_NO;ODDS_DOUBLECHANCE_1X;ODDS_DOUBLECHANCE_12;ODDS_DOUBLECHANCE_X2;ODDS_1ST_HALF_RESULT_1;ODDS_1ST_HALF_RESULT_X;ODDS_1ST_HALF_RESULT_2;ODDS_2ND_HALF_RESULT_1;ODDS_2ND_HALF_RESULT_X;ODDS_2ND_HALF_RESULT_2;ODDS_DNB_1;ODDS_DNB_2;ODDS_CORNERS_OVER_75;ODDS_CORNERS_OVER_85;ODDS_CORNERS_OVER_95;ODDS_CORNERS_OVER_105;ODDS_CORNERS_OVER_115;ODDS_CORNERS_UNDER_75;ODDS_CORNERS_UNDER_85;ODDS_CORNERS_UNDER_95;ODDS_CORNERS_UNDER_105;ODDS_CORNERS_UNDER_115;ODDS_CORNERS_1;ODDS_CORNERS_X;ODDS_CORNERS_2;ODDS_TEAM_TO_SCORE_FIRST_1;ODDS_TEAM_TO_SCORE_FIRST_X;ODDS_TEAM_TO_SCORE_FIRST_2;ODDS_WIN_TO_NIL_1;ODDS_WIN_TO_NIL_2;ODDS_1ST_HALF_OVER05;ODDS_1ST_HALF_OVER15;ODDS_1ST_HALF_OVER25;ODDS_1ST_HALF_OVER35;ODDS_1ST_HALF_UNDER05;ODDS_1ST_HALF_UNDER15;ODDS_1ST_HALF_UNDER25;ODDS_1ST_HALF_UNDER35;ODDS_2ND_HALF_OVER05;ODDS_2ND_HALF_OVER15;ODDS_2ND_HALF_OVER25;ODDS_2ND_HALF_OVER35;ODDS_2ND_HALF_UNDER05;ODDS_2ND_HALF_UNDER15;ODDS_2ND_HALF_UNDER25;ODDS_2ND_HALF_UNDER35;ODDS_BTTS_1ST_HALF_YES;ODDS_BTTS_1ST_HALF_NO;ODDS_BTTS_2ND_HALF_YES;ODDS_BTTS_2ND_HALF_NO;OVERALLGOALCOUNT;HT_GOALS_TEAM_A;HT_GOALS_TEAM_B;GOALS_2HG_TEAM_A;GOALS_2HG_TEAM_B;GOALCOUNT_2HG;HTGOALCOUNT;DATE_UNIX;WINNINGTEAM;NO_HOME_AWAY;BTTS_POTENTIAL;BTTS_FHG_POTENTIAL;BTTS_2HG_POTENTIAL;GOALTIMINGDISABLED;CORNER_TIMINGS_RECORDED;CARD_TIMINGS_RECORDED;TEAM_A_FH_CORNERS;TEAM_B_FH_CORNERS;TEAM_A_2H_CORNERS;TEAM_B_2H_CORNERS;CORNER_FH_COUNT;CORNER_2H_COUNT;TEAM_A_FH_CARDS;TEAM_B_FH_CARDS;TEAM_A_2H_CARDS;TEAM_B_2H_CARDS;TOTAL_FH_CARDS;TOTAL_2H_CARDS;ATTACKS_RECORDED;TEAM_A_DANGEROUS_ATTACKS;TEAM_B_DANGEROUS_ATTACKS;TEAM_A_ATTACKS;TEAM_B_ATTACKS;TEAM_A_XG;TEAM_B_XG;TOTAL_XG;TEAM_A_PENALTIES_WON;TEAM_B_PENALTIES_WON;TEAM_A_PENALTY_GOALS;TEAM_B_PENALTY_GOALS;TEAM_A_PENALTY_MISSED;TEAM_B_PENALTY_MISSED;PENS_RECORDED;GOAL_TIMINGS_RECORDED;TEAM_A_0_10_MIN_GOALS;TEAM_B_0_10_MIN_GOALS;TEAM_A_CORNERS_0_10_MIN;TEAM_B_CORNERS_0_10_MIN;TEAM_A_CARDS_0_10_MIN;TEAM_B_CARDS_0_10_MIN;THROWINS_RECORDED;TEAM_A_THROWINS;TEAM_B_THROWINS;FREEKICKS_RECORDED;TEAM_A_FREEKICKS;TEAM_B_FREEKICKS;GOALKICKS_RECORDED;TEAM_A_GOALKICKS;TEAM_B_GOALKICKS;O45_POTENTIAL;O35_POTENTIAL;O25_POTENTIAL;O15_POTENTIAL;O05_POTENTIAL;O15HT_POTENTIAL;O05HT_POTENTIAL;O05_2H_POTENTIAL;O15_2H_POTENTIAL;CORNERS_POTENTIAL;OFFSIDES_POTENTIAL;CARDS_POTENTIAL;AVG_POTENTIAL;HOME_NAME;AWAY_NAME;HOME_PPG;AWAY_PPG;PRE_MATCH_HOME_PPG;PRE_MATCH_AWAY_PPG;PRE_MATCH_TEAMA_OVERALL_PPG;PRE_MATCH_TEAMB_OVERALL_PPG;U45_POTENTIAL;U35_POTENTIAL;U25_POTENTIAL;U15_POTENTIAL;U05_POTENTIAL;CORNERS_O85_POTENTIAL;CORNERS_O95_POTENTIAL;CORNERS_O105_POTENTIAL;TEAM_A_XG_PREMATCH;TEAM_B_XG_PREMATCH;TOTAL_XG_PREMATCH;COMPETITION_ID;MATCHES_COMPLETED_MINIMUM;OVER05;OVER15;OVER25;OVER35;OVER45;OVER55;BTTS
532035;2060;2058;2019;complete;4232;1;-1;15,15,55,77;8,60;4;2;6;4;1;5;4;3;1;3;0;1;11;5;8;5;19;10;15;15;55;45;1;5;2.1;3.5;3.15;1.05;1.33;2;3.6;7;9;3.2;1.77;1.27;1.08;1.83;1.91;2.62;1.44;3.75;1.25;1.3;1.28;1.66;2.75;2.05;3.75;2.4;2.4;3.4;0;0;0;0;1.72;0;0;0;0;2;0;0;0;0;0;1.66;9;2.4;3.4;5.5;0;0;0;0;0;0;0;0;1.44;3.25;9;23;2.62;1.33;1.07;1.01;0;0;0;0;6;2;1;2;1;3;3;2019-02-22 19:45:00;2060;0;0;0;0;0;1;1;0;1;4;0;1;4;1;1;0;3;2;3;1;83;28;158;111;2.58;1.2;3.78;0;1;0;1;0;0;1;1;0;1;0;0;0;1;-1;-1;-1;-1;-1;-1;-1;-1;-1;0;0;0;0;0;0;0;0;0;0;0;0;0;Athlone Town;Wexford;0.71;0.14;0;0;0;0;0;0;0;0;0;0;0;0;0;0;0;1845;27;Y;Y;Y;Y;Y;Y;Y
532036;2063;2048;2019;complete;4232;1;-1;;64,65,90;0;3;3;7;2;9;-1;-1;4;3;0;0;5;5;1;4;6;9;-1;-1;50;50;4;3;4.55;4.05;1.65;1.03;1.27;1.87;3.2;6;10.25;3.6;1.91;1.33;1.11;1.87;1.83;4.5;1.16;2.2;1.61;2.25;1.22;1.12;5;2.2;2.1;4.75;2.6;1.9;0;0;0;0;1.83;0;0;0;0;1.83;0;0;0;0;0;3.1;11;1.4;8.5;2.6;0;0;0;0;0;0;0;0;1.36;2.75;7;21;3;1.4;1.1;1.01;0;0;0;0;3;0;0;0;3;3;0;2019-02-22 19:45:00;2048;0;0;0;0;0;1;1;3;0;4;2;3;6;1;1;3;2;2;5;1;65;54;111;136;1.21;1.33;2.54;0;1;0;1;0;0;1;1;0;0;1;0;0;0;-1;-1;-1;-1;-1;-1;-1;-1;-1;0;0;0;0;0;0;0;0;0;0;0;0;0;Cabinteely;Bray Wanderers;1.75;1.21;0;0;0;0;0;0;0;0;0;0;0;0;0;0;0;1845;27;Y;Y;Y;N;N;N;N
532037;2053;2062;2019;complete;4232;1;-1;8,28,49,90;;4;0;4;5;5;10;6;2;2;3;0;1;18;3;7;1;25;4;9;17;59;41;2;4;1.59;3.9;5.25;1.03;1.26;1.83;3.1;5.5;10.5;3.7;1.95;1.35;1.12;1.83;1.91;2.25;1.53;5;1.14;1.11;1.21;2.2;2.1;2.25;5;1.83;2.6;4.7;0;0;0;0;1.65;0;0;0;0;2.05;0;0;0;0;0;1.41;10.5;3.1;2.65;7.75;0;0;0;0;0;0;0;0;1.31;2.5;5.8;12.25;3.05;1.44;1.1;1.02;0;0;0;0;4;2;0;2;0;2;2;2019-02-22 19:45:00;2053;0;0;0;0;0;1;1;4;5;1;0;9;1;1;2;1;2;3;3;1;69;43;90;83;3.32;0.78;4.1;0;0;0;0;0;0;1;1;1;0;3;0;0;0;-1;-1;-1;-1;-1;-1;-1;-1;-1;0;0;0;0;0;0;0;0;0;0;0;0;0;Drogheda United;Cobh Ramblers;2.07;0.77;0;0;0;0;0;0;0;0;0;0;0;0;0;0;0;1845;27;Y;Y;Y;Y;N;N;N
532038;2052;2061;2019;complete;4232;1;-1;5,16;74,82,83;2;3;5;3;6;9;2;2;0;1;0;0;4;5;6;11;10;16;3;9;45;55;0;1;4;3.6;1.83;1.04;1.29;1.95;3.35;6;9.5;3.4;1.83;1.3;1.1;1.83;1.87;4.33;1.2;2.5;1.5;1.9;1.28;1.16;4.5;2.2;2.37;4;2.5;2.1;0;0;0;0;1.72;0;0;0;0;2;0;0;0;0;0;2.75;10;1.53;7.5;3;0;0;0;0;0;0;0;0;1.4;2.75;8;21;2.75;1.4;1.08;1.01;0;0;0;0;5;2;0;0;3;3;2;2019-02-22 19:45:00;2061;0;0;0;0;0;1;1;2;2;1;4;4;5;0;0;0;1;0;1;1;38;55;86;101;1.19;1.76;2.95;0;0;0;0;0;0;1;1;1;0;0;0;0;0;-1;-1;-1;-1;-1;-1;-1;-1;-1;0;0;0;0;0;0;0;0;0;0;0;0;0;Galway United;Shelbourne;1.07;2;0;0;0;0;0;0;0;0;0;0;0;0;0;0;0;1845;27;Y;Y;Y;Y;Y;N;Y
532039;2055;2057;2019;complete;4232;1;-1;;;0;0;0;2;4;6;-1;-1;1;1;0;0;3;5;6;4;9;9;-1;-1;50;50;1;1;3.1;3.35;2.2;1.03;1.26;1.83;3.1;5;10.5;3.7;1.95;1.35;1.12;1.67;2.1;4;1.22;3.25;1.33;1.66;1.3;1.3;3.5;2.2;2.75;3.2;2.6;2.5;0;0;0;0;0;0;0;0;0;0;0;0;0;0;0;2.25;11;1.72;6;4;0;0;0;0;0;0;0;0;1.36;2.62;6.5;19;3;1.44;1.11;1.02;0;0;0;0;0;0;0;0;0;0;0;2019-02-22 19:45:00;-1;0;0;0;0;0;1;1;1;4;1;0;5;1;0;0;1;1;0;2;1;44;49;123;123;1.11;1.29;2.4;0;0;0;0;0;0;1;1;0;0;1;1;0;0;-1;-1;-1;-1;-1;-1;-1;-1;-1;0;0;0;0;0;0;0;0;0;0;0;0;0;Limerick;Longford Town;1.79;1.47;0;0;0;0;0;0;0;0;0;0;0;0;0;0;0;1845;27;N;N;N;N;N;N;N
532040;2048;2055;2019;complete;4232;2;-1;44,49;;2;0;2;8;0;8;-1;-1;1;1;0;0;5;3;4;2;9;5;-1;-1;50;50;1;1;1.51;4.2;5.75;1.05;1.32;2;3.5;6;9.25;3.3;1.8;1.28;1.09;2.15;1.62;2;1.72;5;1.14;1.11;1.22;2.37;2.05;2.2;6;1.83;2.75;5;0;0;0;0;1.9;0;0;0;0;1.8;0;0;0;0;0;1.36;10;3.5;2.37;9.5;0;0;0;0;0;0;0;0;1.4;2.75;7;21;2.75;1.4;1.1;1.01;0;0;0;0;2;1;0;1;0;1;1;2019-03-01 19:45:00;2048;0;0;0;0;0;1;1;4;0;4;0;4;4;1;0;0;1;1;1;1;60;46;111;104;1.36;0.87;2.23;0;0;0;0;0;0;1;1;0;0;0;0;0;0;-1;-1;-1;-1;-1;-1;-1;-1;-1;0;0;0;0;0;0;0;0;0;0;0;0;0;Bray Wanderers;Limerick;2.23;0.85;0;0;3;1;0;0;0;0;0;0;0;0;0;0;0;1845;27;Y;Y;N;N;N;N;N
532041;2061;2063;2019;complete;4232;2;-1;7,79;45,71,73;2;3;5;3;7;10;0;3;2;1;0;0;7;8;11;2;18;10;12;11;61;39;2;1;1.3;5.1;9;1.03;1.27;1.87;3.2;5;10.25;3.6;1.91;1.33;1.11;2.35;1.54;1.61;2.2;6.5;1.1;1.03;1.14;3.5;1.8;2.37;8;1.53;2.87;9;0;0;0;0;1.83;0;0;0;0;1.83;0;0;0;0;0;1.2;10;5;1.8;15;0;0;0;0;0;0;0;0;1.36;2.75;7;21;3;1.4;1.1;1.01;0;0;0;0;5;1;1;1;2;3;2;2019-03-01 19:45:00;2063;0;0;0;0;0;1;1;1;5;2;2;6;4;1;0;1;1;1;2;1;58;38;82;69;2.04;1.47;3.5;0;1;0;1;0;0;1;1;1;0;1;0;0;0;-1;-1;-1;-1;-1;-1;-1;-1;-1;0;0;0;0;0;0;0;0;0;0;0;0;0;Shelbourne;Cabinteely;2.46;1.67;0;0;3;0;0;0;0;0;0;0;0;0;0;0;0;1845;27;Y;Y;Y;Y;Y;N;Y
532042;2058;2052;2019;complete;4232;2;-1;;22,29,63,82;0;4;4;5;11;16;-1;-1;3;1;1;0;0;11;4;7;4;18;-1;-1;50;50;4;1;4.05;3.6;1.83;1.03;1.24;1.77;2.9;5;11;3.9;2;1.38;1.14;1.69;2.05;4.5;1.16;2.75;1.4;2;1.28;1.22;4;2.3;2.37;3.75;2.62;2.1;0;0;0;0;0;0;0;0;0;0;0;0;0;0;0;2.6;13;1.53;7.5;3.4;0;0;0;0;0;0;0;0;1.33;2.62;6.5;19;3.25;1.44;1.11;1.02;0;0;0;0;4;0;2;0;2;2;2;2019-03-01 19:45:00;2052;0;0;0;0;0;1;1;1;6;4;5;7;9;0;0;4;1;0;5;1;57;84;120;111;0.68;2.51;3.19;0;0;0;0;0;0;1;1;0;0;0;2;0;0;-1;-1;-1;-1;-1;-1;-1;-1;-1;0;0;0;0;0;0;0;0;0;0;0;0;0;Wexford;Galway United;0.69;0.85;0;0;0;0;0;0;0;0;0;0;0;0;0;0;0;1845;27;Y;Y;Y;Y;N;N;N
532043;2062;2060;2019;complete;4232;2;-1;;41;0;1;1;9;1;10;4;0;1;0;0;0;4;7;9;2;13;9;16;17;50;50;1;0;1.8;3.75;4;1.02;1.23;1.74;2.85;5;11.25;4;2.05;1.4;1.14;1.69;2.05;2.62;1.44;4.5;1.16;1.22;1.25;2;2.3;2.25;4.33;2.1;2.62;4;0;0;0;0;0;0;0;0;0;0;0;0;0;0;0;1.53;13;2.62;3.2;7.5;0;0;0;0;0;0;0;0;1.33;2.62;6.5;19;3.25;1.44;1.11;1.02;0;0;0;0;1;0;1;0;0;0;1;2019-03-02 19:00:00;2060;0;0;0;0;0;1;1;4;1;5;0;5;5;0;0;1;0;0;1;1;90;85;170;163;1.77;1.69;3.46;0;0;0;0;0;0;1;1;0;0;3;1;0;0;-1;-1;-1;-1;-1;-1;-1;-1;-1;0;0;0;0;0;0;0;0;0;0;0;0;0;Cobh Ramblers;Athlone Town;1.5;0.62;0;0;0;3;0;0;0;0;0;0;0;0;0;0;0;1845;27;Y;N;N;N;N;N;N
532044;2057;2053;2019;complete;4232;2;-1;62,82,90;;3;0;3;5;7;12;0;1;1;3;0;0;7;12;11;8;18;20;7;12;49;51;1;3;2.45;3.25;2.75;1.04;1.31;1.95;3.45;6;9.25;3.35;1.8;1.29;1.09;1.74;2;3;1.36;3.75;1.25;1.36;1.33;1.61;2.87;2.1;3.4;2.6;2.5;3.1;0;0;0;0;0;0;0;0;0;0;0;0;0;0;0;1.8;10;2.2;4;5;0;0;0;0;0;0;0;0;1.4;2.75;8;21;2.75;1.4;1.08;1.01;0;0;0;0;3;0;0;3;0;3;0;2019-03-02 19:30:00;2057;0;0;0;0;0;1;1;5;6;0;1;11;1;0;1;1;2;1;3;1;36;41;81;71;1.88;2.39;4.27;0;0;0;0;0;0;1;1;0;0;1;0;0;0;-1;-1;-1;-1;-1;-1;-1;-1;-1;0;0;0;0;0;0;0;0;0;0;0;0;0;Longford Town;Drogheda United;2.21;1.73;0;0;1;3;0;0;0;0;0;0;0;0;0;0;0;1845;29;Y;Y;Y;N;N;N;N
532045;2060;2061;2019;complete;4232;3;-1;;23,60;0;2;2;6;5;11;2;2;2;1;1;0;4;9;4;4;8;13;10;13;49;51;4;1;4.8;3.95;1.62;1.01;1.17;1.56;2.4;4.33;13.5;4.8;2.35;1.54;1.21;1.61;2.2;6;1.11;2.75;1.4;2.2;1.22;1.14;4.33;2.37;2.2;4;2.75;1.95;0;0;0;0;0;2.1;0;0;0;0;1.66;0;0;0;0;2.75;15;1.44;9.5;3.2;0;0;0;0;0;0;0;0;1.28;2.37;5.5;15;3.5;1.53;1.14;1.03;0;0;0;0;2;0;1;0;1;1;1;2019-03-08 19:45:00;2061;0;100;50;50;0;1;1;4;4;2;1;8;3;1;0;2;1;1;3;1;59;57;131;121;1.23;1.87;3.1;0;0;0;0;0;0;1;1;0;0;2;1;0;0;-1;-1;-1;-1;-1;-1;-1;-1;-1;100;100;100;100;100;100;100;100;100;10;6;2;5.5;Athlone Town;Shelbourne;0.71;2;3;3;3;1.5;0;0;0;0;0;50;0;0;2.58;1.76;4.34;1845;27;Y;Y;N;N;N;N;N
532046;2063;2057;2019;complete;4232;3;-1;55;13;1;1;2;4;6;10;-1;-1;2;1;0;0;4;3;1;2;5;5;-1;-1;50;50;2;1;3.6;3.4;2;1.04;1.3;1.95;3.4;5.5;9.5;3.4;1.83;1.3;1.1;1.77;1.95;4.33;1.2;2.75;1.4;1.72;1.3;1.28;4;2.1;2.62;3.5;2.5;2.3;0;0;0;0;1.9;0;0;0;0;1.8;0;0;0;0;0;2.4;10;1.66;6.5;3.5;0;0;0;0;0;0;0;0;1.4;2.75;7;21;2.75;1.4;1.1;1.01;0;0;0;0;2;0;1;1;0;1;1;2019-03-08 19:45:00;-1;0;0;0;0;0;1;1;0;3;4;3;3;7;0;0;2;1;0;3;1;52;74;80;116;0.98;1.07;2.05;0;0;0;0;0;0;1;1;0;0;0;1;0;0;-1;-1;-1;-1;-1;-1;-1;-1;-1;0;0;50;50;50;0;0;50;50;11;0;5;1.5;Cabinteely;Longford Town;1.75;1.47;0;1;1.5;2;100;100;50;50;50;50;0;0;1.21;1.29;2.5;1845;29;Y;Y;N;N;N;N;Y
532047;2052;2048;2019;complete;4232;3;-1;;72;0;1;1;3;5;8;-1;-1;3;0;0;0;4;6;3;1;7;7;-1;-1;50;50;3;0;4.35;3.8;1.71;1.02;1.23;1.74;2.85;5;11.25;4;2.05;1.4;1.14;1.71;2.05;5;1.14;2.5;1.5;2.1;1.25;1.14;4.5;2.3;2.2;4.33;2.75;1.95;0;0;0;0;0;0;0;0;0;0;0;0;0;0;0;2.75;13;1.5;9;2.87;0;0;0;0;0;0;0;0;1.33;2.5;6;17;3.25;1.5;1.12;1.02;0;0;0;0;1;0;0;0;1;1;0;2019-03-08 19:45:00;2048;0;50;0;0;0;1;1;2;2;1;3;4;4;1;0;2;0;1;2;1;55;101;126;155;1.14;1.61;2.74;0;0;0;0;0;0;1;1;0;0;0;0;0;0;-1;-1;-1;-1;-1;-1;-1;-1;-1;50;50;100;100;100;50;50;100;100;5;1;3;4;Galway United;Bray Wanderers;1.07;1.21;0;3;1.5;3;50;50;0;0;0;100;0;0;1.19;1.33;2.52;1845;27;Y;N;N;N;N;N;N
532048;2055;2053;2019;complete;4232;3;-1;;;0;0;0;5;9;14;5;1;3;2;0;0;3;14;4;9;7;23;14;11;44;56;3;2;4.3;3.75;1.74;1.05;1.32;2;3.5;6.5;9.25;3.3;1.8;1.28;1.09;1.91;1.8;4.5;1.16;2.2;1.61;2.2;1.25;1.14;5;2.1;2.25;4.5;2.5;2;0;0;0;0;1.72;0;0;0;0;2;0;0;0;0;0;3.1;9.5;1.44;8;2.62;0;0;0;0;0;0;0;0;1.4;3;8;21;2.75;1.36;1.08;1.01;0;0;0;0;0;0;0;0;0;0;0;2019-03-08 19:45:00;-1;0;0;0;0;0;1;1;3;6;2;3;9;5;1;0;2;2;1;4;1;29;42;64;64;0.87;2.72;3.59;0;0;0;0;0;0;1;1;0;0;1;1;0;0;-1;-1;-1;-1;-1;-1;-1;-1;-1;0;0;50;50;50;0;0;50;50;9;0;4;1.5;Limerick;Drogheda United;1.79;1.73;1;0;0.5;1.5;100;100;50;50;50;50;50;50;1.11;2.39;3.5;1845;27;N;N;N;N;N;N;N
532049;2062;2058;2019;complete;4232;3;-1;14,21,37,50,77,81;55;6;1;7;10;4;14;1;1;1;1;0;0;10;3;7;6;17;9;10;8;54;46;1;1;1.59;3.85;5.5;1.04;1.31;1.95;3.45;6.5;9.25;3.35;1.8;1.29;1.09;2;1.77;1.9;1.8;4.5;1.16;1.1;1.25;2.37;2.1;2.2;6;1.83;2.5;5.5;0;0;0;0;1.83;0;0;0;0;1.83;0;0;0;0;0;1.4;9;3.5;2.37;9.5;0;0;0;0;0;0;0;0;1.4;3;8;21;2.75;1.36;1.08;1.01;0;0;0;0;7;3;0;3;1;4;3;2019-03-09 19:00:00;2062;0;50;50;50;0;1;1;5;3;5;1;8;6;0;1;1;0;1;1;1;83;66;171;163;2.39;1.28;3.67;0;1;0;1;0;0;1;1;0;0;3;0;0;1;-1;-1;-1;-1;-1;-1;-1;-1;-1;50;50;50;50;100;50;100;50;50;10;7;6;3.5;Cobh Ramblers;Wexford;1.5;0.14;0;0;0;0;50;50;50;50;0;50;50;0;1.77;1.2;2.97;1845;27;Y;Y;Y;Y;Y;Y;Y
532050;2048;2060;2019;complete;4232;4;-1;;31;0;1;1;7;5;12;-1;-1;2;0;0;0;3;3;8;3;11;6;-1;-1;55;45;2;0;1.38;4.25;8;1.02;1.2;1.67;2.65;5;12;4.3;2.15;1.44;1.17;1.8;1.95;2;1.72;6.5;1.1;1.05;1.22;2.75;1.95;2.25;6;1.66;2.75;6.5;0;0;0;0;1.72;0;0;0;0;2;0;0;0;0;0;1.33;13;3.5;2.3;15;0;0;0;0;0;0;0;0;1.33;2.62;6.5;17;3.25;1.44;1.11;1.02;0;0;0;0;1;0;1;0;0;0;1;2019-03-15 19:45:00;2060;0;0;0;0;0;1;1;3;2;4;3;5;7;1;0;1;0;1;1;1;77;48;118;79;1.47;0.94;2.41;0;0;0;0;0;0;1;1;0;0;1;0;0;0;-1;-1;-1;-1;-1;-1;-1;-1;-1;0;0;0;50;100;0;100;50;0;9;0;1;1.5;Bray Wanderers;Athlone Town;2.23;0.62;3;3;3;2;100;100;100;50;0;50;50;0;1.36;1.69;3.05;1845;27;Y;N;N;N;N;N;N
532051;2053;2063;2019;complete;4232;4;-1;79;53,66,72,89;1;4;5;9;10;19;-1;-1;2;1;0;0;6;7;9;3;15;10;-1;-1;50;50;2;1;1.71;3.5;5;1.03;1.27;1.87;3.2;6;10.25;3.6;1.91;1.33;1.11;1.8;1.95;2.1;1.61;4.5;1.16;1.15;1.29;2.1;2.14;2.23;4.8;1.91;2.5;4.6;0;0;1.2;1.36;1.72;2.1;2.75;4;2.88;2;1.65;1.4;0;0;0;1.5;10;2.88;2.8;8.5;0;0;0;0;0;0;0;0;1.36;2.88;6.5;15;2.88;1.36;1.08;1.01;0;0;0;0;5;0;0;1;4;5;0;2019-03-15 19:45:00;2063;0;50;50;50;0;1;1;5;4;4;6;9;10;0;0;2;1;0;3;1;65;65;98;96;1.83;1.59;3.43;0;2;0;2;0;0;1;1;0;0;1;0;0;0;-1;-1;-1;-1;-1;-1;-1;-1;-1;50;100;100;100;100;100;100;100;100;12;9;3;4.5;Drogheda United;Cabinteely;2.07;1.67;3;3;1.33;1.33;50;0;0;0;0;100;100;0;3.32;1.47;4.79;1845;29;Y;Y;Y;Y;Y;N;Y
532052;2055;2062;2019;complete;4232;4;-1;13,30,39;33;3;1;4;3;11;14;3;1;2;3;0;0;20;3;10;8;30;11;9;9;50;50;2;3;2.65;3.1;2.65;1.06;1.36;2.1;3.9;7;8.5;3.05;1.69;1.24;1.07;1.83;1.91;3;1.36;3.25;1.33;1.44;1.36;1.44;3.25;2;3.25;2.75;2.4;3;0;0;0;0;1.83;0;0;0;0;1.83;0;0;0;0;0;2;8.5;2;4.33;4.75;0;0;0;0;0;0;0;0;1.44;3.25;9;23;2.62;1.33;1.07;1.01;0;0;0;0;4;3;1;0;0;0;4;2019-03-15 19:45:00;2055;0;0;0;0;0;1;1;2;8;1;3;10;4;0;0;2;3;0;5;1;34;40;57;58;3.52;1.19;4.7;0;0;0;0;0;0;1;1;0;0;1;3;0;0;-1;-1;-1;-1;-1;-1;-1;-1;-1;0;50;50;50;50;50;50;50;50;8.5;4;6;2;Limerick;Cobh Ramblers;1.79;0.77;1;0;0.67;1;100;50;50;50;50;75;75;25;0.99;0.78;1.77;1845;27;Y;Y;Y;Y;N;N;Y
532053;2061;2058;2019;complete;4232;4;-1;50,60,83;;3;0;3;8;5;13;0;0;1;1;0;0;6;3;4;0;10;3;7;11;60;40;1;1;1.09;9.75;18.5;1;1.06;1.25;1.67;2.5;20.75;8.25;3.8;2.15;1.51;2.15;1.65;1.61;2.2;11;1.02;1.01;1.04;6.5;1.33;3.4;13;1.22;4.33;13;0;0;0;0;0;2.1;0;0;0;0;1.66;0;0;0;0;1.12;23;6;1.66;41;0;0;0;0;0;0;0;0;1.16;1.8;3.5;8;5;1.9;1.28;1.08;0;0;0;0;3;0;0;3;0;3;0;2019-03-15 19:45:00;2061;0;100;75;100;0;1;1;6;2;2;3;8;5;0;0;1;1;0;2;1;131;58;156;119;2;0.84;2.84;0;0;0;0;0;0;1;1;0;0;0;1;0;0;-1;-1;-1;-1;-1;-1;-1;-1;-1;100;100;100;100;100;100;100;100;100;5.5;2;5;5.75;Shelbourne;Wexford;2.46;0.14;0;0;2;0;0;0;0;0;0;75;75;25;2.04;1.24;3.28;1845;27;Y;Y;Y;N;N;N;N
532054;2057;2052;2019;complete;4232;4;-1;11,18;55;2;1;3;2;4;6;2;0;1;0;0;0;7;6;6;5;13;11;6;14;52;48;1;0;1.65;3.8;4.8;1.03;1.26;1.83;3.15;5.5;10.25;3.65;1.91;1.34;1.12;1.8;1.91;2;1.72;5.5;1.12;1.08;1.22;2.62;2.05;2.3;5.5;1.8;2.75;5.5;0;0;1.15;1.3;1.83;1.95;2.5;4.5;3.1;1.83;1.73;1.44;1.26;8.59;5.51;1.36;11;3.4;2.3;11;0;0;0;0;0;0;0;0;1.36;2.75;7;21;3;1.4;1.1;1.01;0;0;0;0;3;2;0;0;1;1;2;2019-06-03 16:00:00;2057;0;17;9;0;0;1;1;1;2;1;2;3;3;0;0;1;0;0;1;1;98;99;139;154;2.02;1.84;3.86;0;0;0;0;0;0;1;1;0;0;0;0;0;0;-1;-1;-1;-1;-1;-1;-1;-1;-1;0;25;58;75;100;25;67;83;50;11;1.66;2.97;2.59;Longford Town;Galway United;2.21;0.85;2.5;1;1.93;0.93;100;75;42;25;0;83;83;59;1.81;1.5;3.31;1845;27;Y;Y;Y;N;N;N;Y
532055;2060;2057;2019;complete;4232;5;-1;;69;0;1;1;2;10;12;2;1;1;1;0;0;3;6;8;9;11;15;13;11;41;59;1;1;3.35;3.25;2.1;1.05;1.34;2.05;3.7;5.5;8.75;3.15;1.74;1.26;1.08;1.83;1.91;3.75;1.25;3.25;1.33;1.57;1.3;1.36;3.25;2.2;2.87;3;2.5;2.6;0;0;0;0;1.83;0;0;0;0;1.83;0;0;0;0;0;2.2;11;1.8;5.5;4;0;0;0;0;0;0;0;0;1.36;2.75;7;19;3;1.4;1.1;1.02;0;0;0;0;1;0;0;0;1;1;0;2019-03-22 19:45:00;2057;0;50;25;25;0;1;1;1;8;1;2;9;3;0;0;1;1;0;2;1;54;71;143;145;1.31;1.89;3.2;0;0;0;0;0;0;1;1;0;0;0;1;0;0;-1;-1;-1;-1;-1;-1;-1;-1;-1;25;25;25;75;75;25;75;75;25;10;2;3.5;2.5;Athlone Town;Longford Town;0.71;1.47;1.5;1;2.25;1.67;75;75;75;25;25;50;50;25;1.9;1.18;3.08;1845;27;Y;N;N;N;N;N;N
532056;2063;2055;2019;complete;4232;5;-1;35;11,74;1;2;3;5;6;11;0;2;1;3;0;0;3;8;9;5;12;13;10;12;46;54;1;3;1.61;3.75;5.35;1.03;1.26;1.83;3.15;5.5;10.25;3.65;1.91;1.34;1.12;1.83;1.91;2.2;1.61;5;1.14;1.12;1.25;2.2;2.2;2.2;5;1.95;2.6;4.75;0;0;0;0;1.83;0;0;0;0;1.83;0;0;0;0;0;1.44;11;3.1;2.62;9;0;0;0;0;0;0;0;0;1.36;2.75;6.5;15;2.88;1.4;1.08;1.01;0;0;0;0;3;1;1;0;1;1;2;2019-03-23 14:30:00;2055;0;25;0;0;0;1;1;4;5;1;1;9;2;0;0;1;3;0;4;1;72;81;135;127;1.5;1.97;3.47;0;0;0;0;0;0;1;1;0;0;0;0;0;0;-1;-1;-1;-1;-1;-1;-1;-1;-1;0;0;25;100;100;0;75;100;25;5.5;0;4;2.25;Cabinteely;Limerick;1.75;0.85;0.5;0;1.75;1.25;100;100;75;0;0;50;25;0;1.09;0.87;1.96;1845;27;Y;Y;Y;N;N;N;Y
532057;2052;2053;2019;complete;4232;5;-1;;25;0;1;1;1;2;3;4;3;2;0;0;0;5;7;8;11;13;18;13;5;56;44;2;0;3.05;3.35;2.2;1.04;1.29;1.91;3.3;5.5;9.75;3.45;1.87;1.31;1.1;1.74;2;3.75;1.25;3.25;1.33;1.53;1.33;1.4;3.4;2.1;3;3;2.5;2.62;0;0;0;0;0;2;0;0;0;0;1.72;0;0;0;0;2.2;10;1.8;5.5;4;0;0;0;0;0;0;0;0;0;0;0;0;0;0;0;0;0;0;0;0;1;0;1;0;0;0;1;2019-03-22 19:45:00;2053;0;25;0;0;0;1;1;1;0;0;2;1;2;0;0;2;0;0;2;1;58;48;114;105;1.6;1.97;3.57;0;0;0;0;0;0;1;1;0;0;0;0;0;0;-1;-1;-1;-1;-1;-1;-1;-1;-1;25;25;50;50;75;25;25;75;50;11;1.5;4;2.25;Galway United;Drogheda United;1.07;1.73;0;0.5;1;1;75;75;50;50;25;75;50;50;1.16;2.55;3.71;1845;27;Y;N;N;N;N;N;N
532058;2058;2048;2019;complete;4232;5;-1;54,83;;2;0;2;2;5;7;1;0;3;2;0;0;4;3;2;14;6;17;12;5;36;64;3;2;14.25;6.95;1.16;1.01;1.14;1.49;2.25;3.75;14.5;5.3;2.55;1.62;1.25;2.35;1.54;0;0;1.61;2.2;4.5;1.11;1.01;11;2.87;1.5;12;3.6;1.33;0;0;0;0;0;0;0;0;0;0;0;0;0;0;0;6;17;1.14;29;1.72;0;0;0;0;0;0;0;0;1.14;1.66;3.25;7;5.5;2.1;1.33;1.1;0;0;0;0;2;0;0;2;0;2;0;2019-03-22 19:45:00;2058;0;0;0;0;0;1;1;0;2;2;3;2;5;0;1;3;1;1;4;1;19;33;50;53;0.8;1.51;2.31;0;0;0;0;0;0;1;1;0;0;0;0;0;0;-1;-1;-1;-1;-1;-1;-1;-1;-1;0;50;75;75;100;50;50;100;75;8.5;0;5.5;3;Wexford;Bray Wanderers;0.69;1.21;0;3;0;2.25;100;50;25;25;0;75;50;50;0.68;1.47;2.15;1845;27;Y;Y;N;N;N;N;N
532059;2062;2061;2019;complete;4232;5;-1;60,71;85;2;1;3;3;3;6;1;5;3;4;0;1;4;2;2;3;6;5;15;15;43;57;3;5;3.6;3.45;1.95;1.02;1.22;1.71;2.8;5;11.5;4.05;2.05;1.41;1.15;1.62;2.15;5;1.14;2.62;1.44;2;1.25;1.2;4;2.2;2.5;4;2.62;2.05;0;0;0;0;1.72;0;0;0;0;2;0;0;0;0;0;2.62;13;1.5;8;3.1;0;0;0;0;0;0;0;0;1.36;2.62;7;19;3;1.44;1.1;1.02;0;0;0;0;3;0;0;2;1;3;0;2019-03-22 19:30:00;2062;0;50;0;25;0;1;1;2;2;1;1;4;2;2;1;1;4;3;5;1;50;49;74;62;1.02;0.81;1.84;0;1;0;1;0;0;1;1;0;0;1;0;0;0;-1;-1;-1;-1;-1;-1;-1;-1;-1;50;50;50;75;100;50;100;75;50;15;4.5;2;3.75;Cobh Ramblers;Shelbourne;1.5;2;1.5;3;0.75;2.25;50;50;50;25;0;100;75;50;2.08;1.81;3.89;1845;27;Y;Y;Y;N;N;N;Y
532060;2048;2062;2019;complete;4232;6;-1;24;;1;0;1;4;6;10;-1;-1;2;1;0;0;3;3;4;0;7;3;-1;-1;50;50;2;1;1.53;4.2;5.55;1.02;1.21;1.69;2.75;5;11.75;4.2;2.1;1.43;1.16;1.8;1.95;2.2;1.61;5.5;1.12;1.12;1.22;2.37;2.05;2.3;5;1.83;2.75;5;0;0;1.25;1.45;1.83;2.25;3.2;3.6;2.55;1.83;1.57;1.3;0;0;0;1.4;12;3.2;2.6;10;0;0;0;0;0;0;0;0;1.33;2.62;6.5;19;3.25;1.44;1.11;1.02;0;0;0;0;1;1;0;0;0;0;1;2019-03-29 19:45:00;2048;0;25;25;0;0;1;1;1;3;3;3;4;6;2;0;0;1;2;1;1;46;43;55;60;0.98;0.72;1.7;0;0;0;0;0;0;1;1;0;0;0;0;0;0;-1;-1;-1;-1;-1;-1;-1;-1;-1;0;50;50;75;100;50;100;50;25;15.5;0.5;5;2.75;Bray Wanderers;Cobh Ramblers;2.23;0.77;1.5;0;1.8;1.2;100;50;50;25;0;75;75;50;1.41;0.99;2.4;1845;27;Y;N;N;N;N;N;N
532061;2063;2052;2019;complete;4232;6;-1;17;;1;0;1;4;3;7;-1;-1;2;2;0;0;6;0;5;9;11;9;-1;-1;50;50;2;2;2.4;3.2;2.9;1.04;1.28;1.87;3.2;5.5;10;3.55;1.91;1.33;1.11;1.69;2.1;3.25;1.33;3.75;1.25;1.36;1.33;1.57;2.87;2.1;3.4;2.6;2.5;3.1;0;0;1.29;1.5;1.91;2.55;3.6;3.3;2.4;1.8;1.45;1.25;0;0;0;1.8;10;2.2;4;5.5;0;0;0;0;0;0;0;0;1.4;2.75;7;21;2.75;1.4;1.1;1.01;0;0;0;0;1;1;0;0;0;0;1;2019-03-29 19:45:00;2063;0;34;17;0;0;1;1;3;1;1;2;4;3;0;0;2;2;0;4;1;85;84;90;102;1.72;1.18;2.9;0;0;0;0;0;0;1;1;0;0;0;0;0;0;-1;-1;-1;-1;-1;-1;-1;-1;-1;0;50;84;100;100;67;84;100;67;16.33;0;3.33;3.34;Cabinteely;Galway United;1.75;0.85;0.33;3;1.4;0.75;100;50;17;0;0;100;84;67;1.23;2.51;3.74;1845;27;Y;N;N;N;N;N;N
532062;2053;2058;2019;complete;4232;6;-1;9,90;35;2;1;3;8;3;11;2;1;4;5;0;1;6;3;9;5;15;8;17;15;59;41;4;6;1.22;5.9;11.25;1.01;1.18;1.59;2.5;4;13;4.6;2.3;1.51;1.2;2.2;1.61;1.72;2;8.5;1.05;1.01;1.11;4;1.61;2.62;9;1.4;3.25;9.5;0;0;1.25;1.5;1.72;2.25;3.2;3.6;2.4;2;1.57;1.3;0;0;0;1.16;15;5;1.83;23;0;0;0;0;0;0;0;0;1.28;2.25;5;13;3.5;1.57;1.16;1.04;0;0;0;0;3;1;1;1;0;1;2;2019-03-29 19:45:00;2053;0;59;17;59;0;1;1;2;1;6;2;3;8;0;3;4;3;3;7;1;64;39;100;84;1.83;1;2.83;0;0;0;0;0;0;1;1;1;0;1;0;0;0;-1;-1;-1;-1;-1;-1;-1;-1;-1;59;84;100;100;100;59;59;100;100;10.33;3.83;4.33;4.92;Drogheda United;Wexford;2.07;0.14;1.5;0;1.4;0.6;42;17;0;0;0;84;84;59;2.58;1.11;3.69;1845;27;Y;Y;Y;N;N;N;Y
532063;2055;2060;2019;complete;4232;6;-1;31,87;;2;0;2;3;0;3;0;3;3;2;0;0;7;2;6;9;13;11;19;10;53;47;3;2;2.25;3.35;3;1.04;1.3;1.95;3.4;7.5;9.5;3.4;1.83;1.3;1.1;1.77;2;2.62;1.44;3.25;1.33;1.36;1.33;1.57;3;2;3.6;2.62;2.5;3;0;0;0;0;1.83;0;0;0;0;1.83;0;0;0;0;0;1.8;10;2.2;3.6;4.75;0;0;0;0;0;0;0;0;1.5;3.4;10;26;2.5;1.3;1.06;1.01;0;0;0;0;2;1;0;1;0;1;1;2019-03-29 19:45:00;2055;0;17;17;0;0;-1;1;-1;-1;-1;-1;-1;-1;0;0;3;2;0;5;1;29;29;52;43;1.51;1.04;2.55;0;0;0;0;0;0;1;1;0;0;-1;-1;0;0;-1;-1;-1;-1;-1;-1;-1;-1;-1;0;17;17;17;67;17;67;0;0;6.33;1.83;2;1.17;Limerick;Athlone Town;1.79;0.62;1.67;3;1.6;1.8;100;84;84;84;34;84;84;59;1.83;1.32;3.15;1845;27;Y;Y;N;N;N;N;N
532064;2057;2061;2019;complete;4232;6;-1;20,90;;2;0;2;1;6;7;-1;-1;-1;-1;-1;-1;6;5;4;5;10;10;-1;-1;50;50;-1;-1;2.4;3.3;2.8;1.03;1.27;1.87;3.2;0;10.25;3.6;1.91;1.33;1.11;1.69;2.1;0;0;0;0;1.5;1.28;1.5;3.1;2.2;3.1;0;0;0;0;0;0;0;0;0;0;0;0;0;0;0;0;0;0;1.83;12;2.05;0;0;0;0;0;0;0;0;0;0;0;0;0;0;0;0;0;0;0;0;0;0;2;1;0;1;0;1;1;2019-03-30 19:30:00;2057;0;34;0;17;0;1;-1;1;1;0;5;2;5;-1;-1;-1;-1;-1;-1;1;53;51;121;106;1.45;1.36;2.81;0;0;0;0;0;0;1;1;0;0;0;1;-1;-1;-1;-1;-1;-1;-1;-1;-1;-1;-1;17;17;84;100;100;17;34;100;84;9.67;3;3.33;3.17;Longford Town;Shelbourne;2.21;2;3;2;2;1.8;84;84;17;0;0;84;67;67;1.88;1.48;3.36;1845;27;Y;Y;N;N;N;N;N
532065;2060;2053;2019;complete;4232;7;-1;3,43,59;57,63,70,75,87;3;5;8;4;2;6;2;3;3;2;1;0;5;12;5;10;10;22;11;8;41;59;4;2;3.3;3.3;2.1;1.02;1.23;1.74;2.85;5.5;11.25;4;2.05;1.4;1.14;1.61;2.2;4;1.22;3.25;1.33;1.66;1.25;1.36;3.7;2.2;2.55;3.1;2.6;2.4;0;0;1.13;1.29;1.5;1.9;2.4;5.2;3.3;2.4;1.8;1.5;0;0;0;2.2;13;1.72;5.5;4;0;0;0;0;0;0;0;0;1.36;2.75;7;19;3;1.4;1.1;1.02;0;0;0;0;8;2;0;1;5;6;2;2019-04-05 18:45:00;2053;0;17;17;17;0;1;1;3;1;1;1;4;2;1;1;3;1;2;4;1;46;73;136;163;1.33;2.76;4.1;0;0;0;0;0;0;1;1;1;0;0;0;0;0;-1;-1;-1;-1;-1;-1;-1;-1;-1;17;17;33;50;84;17;50;67;33;10;4.34;3.67;2.17;Athlone Town;Drogheda United;0.71;1.73;1;1.33;1.5;1.67;84;84;67;50;17;67;67;67;1.71;2.36;4.07;1845;27;Y;Y;Y;Y;Y;Y;Y
532066;2052;2055;2019;complete;4232;7;-1;;30;0;1;1;2;7;9;2;2;1;5;0;0;3;6;14;11;17;17;12;15;47;53;1;5;2.9;3.25;2.35;1.05;1.32;2;3.6;6.5;9;3.25;1.77;1.27;1.09;1.77;1.95;3.5;1.28;3;1.36;1.57;1.33;1.36;3.3;2.11;2.91;3.4;2.33;2.75;0;0;1.2;1.4;1.72;2.25;3;4;2.75;2;1.6;1.33;0;0;0;2.2;9.5;1.8;5;4;0;0;0;0;0;0;0;0;1.44;3;8;23;2.62;1.36;1.08;1.01;0;0;0;0;1;0;1;0;0;0;1;2019-04-05 18:45:00;2055;0;42;25;0;0;1;1;0;3;2;4;3;6;1;0;0;5;1;5;1;36;44;81;105;1.54;1.81;3.35;0;0;0;0;0;0;1;1;0;0;0;1;0;0;-1;-1;-1;-1;-1;-1;-1;-1;-1;17;17;42;67;100;42;84;84;17;5.33;2.17;3.67;2.42;Galway United;Limerick;1.07;0.85;0;1.5;0.6;1.83;84;84;59;34;0;42;25;25;1.31;1.42;2.73;1845;27;Y;N;N;N;N;N;N
532067;2061;2048;2019;complete;4232;7;-1;33;;1;0;1;2;6;8;-1;-1;1;0;0;0;5;3;5;6;10;9;-1;-1;50;50;1;0;2.35;3.2;2.95;1.05;1.35;2.1;3.8;6.55;8.5;3.1;1.71;1.25;1.08;1.83;1.91;2.62;1.44;3.5;1.28;1.28;1.33;1.66;2.8;2;3.7;2.5;2.4;3.4;0;0;0;0;0;0;0;0;0;0;0;0;0;0;0;1.72;9;2.37;3.9;4.75;0;0;0;0;0;0;0;0;1.44;3.25;9;23;2.62;1.33;1.07;1.01;0;0;0;0;1;1;0;0;0;0;1;2019-04-05 18:45:00;2061;0;25;25;25;0;1;1;1;0;1;6;1;7;0;0;1;0;0;1;1;69;80;110;104;1.49;1.36;2.85;1;0;1;0;0;0;1;1;0;0;0;0;0;0;-1;-1;-1;-1;-1;-1;-1;-1;-1;25;25;67;84;100;25;25;100;84;9.5;0;3.17;3;Shelbourne;Bray Wanderers;2.46;1.21;1.5;2;1.5;2;75;75;34;17;0;67;50;25;2.02;1.48;3.5;1845;27;Y;N;N;N;N;N;N
532068;2058;2057;2019;complete;4232;7;-1;17;76,84;1;2;3;2;6;8;-1;-1;4;2;0;0;4;7;6;6;10;13;-1;-1;50;50;4;2;6.65;4.3;1.43;1.01;1.19;1.62;2.55;5;12.75;4.5;2.25;1.49;1.19;1.77;2;6.4;1.06;2.2;1.61;2.62;1.2;1.08;5.6;2.35;1.91;5.5;2.75;1.72;0;0;1.25;1.45;1.83;2.4;3.3;3.6;2.55;1.83;1.5;1.29;0;0;0;3.4;13;1.33;9.5;2.3;0;0;0;0;0;0;0;0;1.3;2.5;6;17;3.4;1.5;1.12;1.02;0;0;0;0;3;1;0;0;2;2;1;2019-04-05 18:45:00;2057;0;17;0;0;0;1;1;0;1;2;5;1;7;0;0;4;2;0;6;1;50;74;101;108;1.28;1.85;3.13;0;0;0;0;0;0;1;1;0;0;0;0;0;0;-1;-1;-1;-1;-1;-1;-1;-1;-1;0;25;25;67;84;25;42;84;50;10.17;0;4.5;2;Wexford;Longford Town;0.69;1.47;1.5;1.67;0.5;2.2;100;75;75;34;17;59;59;42;0.74;1.42;2.16;1845;27;Y;Y;Y;N;N;N;Y
532069;2062;2063;2019;complete;4232;7;-1;;22;0;1;1;3;5;8;1;1;2;0;1;0;4;8;3;5;7;13;13;10;51;49;4;0;2.7;3.25;2.5;1.03;1.26;1.83;3.15;5.5;10.25;3.65;1.91;1.34;1.12;1.67;2.1;3.5;1.28;3.4;1.3;1.53;1.3;1.4;3.25;2.09;2.98;2.87;2.5;2.62;0;0;0;0;1.72;0;0;0;0;2;0;0;0;0;0;2.1;11;1.8;4.65;4.1;0;0;0;0;0;0;0;0;1.36;2.75;7;19;3;1.4;1.1;1.02;0;0;0;0;1;0;1;0;0;0;1;2019-04-06 18:00:00;2063;0;84;25;84;0;1;1;1;3;2;2;4;4;0;0;3;0;0;3;1;88;122;162;166;1.38;2.27;3.65;0;0;0;0;0;0;1;1;0;0;0;1;0;0;-1;-1;-1;-1;-1;-1;-1;-1;-1;67;67;84;84;100;42;59;84;84;15.83;3;2.67;4.34;Cobh Ramblers;Cabinteely;1.5;1.67;2;3;1;1.67;34;34;17;17;0;84;84;42;1.73;1.53;3.26;1845;27;Y;N;N;N;N;N;N
532070;2063;2060;2019;complete;4232;8;-1;61,64,85;40,70;3;2;5;13;8;21;-1;-1;2;1;0;0;7;4;10;9;17;13;-1;-1;50;50;2;1;1.56;4.2;5.05;1.03;1.23;1.74;2.9;5;11.25;3.95;2.05;1.39;1.14;1.77;1.95;2.2;1.61;5.5;1.12;1.11;1.22;2.5;2.05;2.3;5.5;1.83;2.75;5;0;0;0;0;0;0;0;0;0;0;0;0;0;0;0;1.36;12;3.25;2.5;10;1.4;2.8;7.5;23;2.75;1.4;1.08;1.02;1.36;2.75;7;19;3;1.4;1.1;1.02;0;0;0;0;5;0;1;3;1;4;1;2019-04-12 18:45:00;2063;0;25;13;0;0;1;1;5;2;8;6;7;14;0;0;2;1;0;3;1;107;93;95;89;2.32;1.76;4.09;0;0;0;0;0;0;1;1;0;0;0;1;0;0;-1;-1;-1;-1;-1;-1;-1;-1;-1;0;0;25;54;100;13;88;54;13;7;0;2.92;1.79;Cabinteely;Athlone Town;1.75;0.62;1;2;1.86;1.29;100;100;75;46;0;71;59;29;1.35;1.22;2.57;1845;27;Y;Y;Y;Y;Y;N;Y
532071;2053;2061;2019;complete;4232;8;-1;;;0;0;0;3;5;8;0;5;1;3;0;0;4;3;7;9;11;12;15;18;50;50;1;3;2.65;3.35;2.5;1.04;1.3;1.95;3.4;6;9.5;3.4;1.83;1.3;1.1;1.74;2;3.5;1.28;3.4;1.3;1.53;1.3;1.4;3.2;2.1;3.1;2.87;2.6;2.75;0;0;1.25;1.5;1.72;2.38;3.2;3.5;2.38;2;1.5;1.29;0;0;0;2.1;12;1.83;4.75;4.5;1.36;2.7;7;21;2.8;1.4;1.09;1.02;1.4;2.75;8;21;2.75;1.4;1.08;1.01;0;0;0;0;0;0;0;0;0;0;0;2019-04-12 18:45:00;-1;0;59;17;29;0;1;1;2;4;1;1;6;2;0;0;1;3;0;4;1;41;50;91;89;1.28;1.33;2.61;0;0;0;0;0;0;1;1;0;0;0;0;0;0;-1;-1;-1;-1;-1;-1;-1;-1;-1;29;46;75;100;100;46;71;100;59;12.33;4.33;5;3.5;Drogheda United;Shelbourne;2.07;2;2;1.5;1.86;1.71;71;54;25;0;0;75;63;46;2.33;1.45;3.78;1845;27;N;N;N;N;N;N;N
532072;2052;2062;2019;complete;4232;8;-1;31;9,45;1;2;3;5;3;8;0;3;1;2;0;0;8;8;19;6;27;14;7;16;60;40;1;2;2.55;3.3;2.65;1.04;1.29;1.95;3.35;5.5;9.5;3.4;1.83;1.3;1.1;1.74;2;3.4;1.3;3.4;1.3;1.44;1.33;1.5;3.1;2.1;3.1;2.75;2.5;2.87;0;0;1.22;1.44;1.72;2.38;3.2;3.7;2.5;2;1.5;1.29;0;0;0;1.9;10;2.1;4.5;4.75;1.44;2.9;8;26;2.62;1.36;1.08;1.02;1.4;2.75;7;21;2.75;1.4;1.1;1.01;0;0;0;0;3;1;2;0;0;0;3;2019-04-12 18:45:00;2062;0;29;17;0;0;1;1;2;3;3;0;5;3;0;2;1;0;2;1;1;71;45;121;92;2.77;1.77;4.54;1;1;1;1;0;0;1;1;0;1;0;0;0;0;-1;-1;-1;-1;-1;-1;-1;-1;-1;13;46;46;46;100;46;88;42;29;9.58;2.42;4.17;2.5;Galway United;Cobh Ramblers;1.07;0.77;0;0;0.5;0.86;88;54;54;54;0;75;50;17;1.37;0.9;2.27;1845;27;Y;Y;Y;N;N;N;Y
532073;2055;2058;2019;complete;4232;8;-1;54;51;1;1;2;2;4;6;0;0;2;0;0;0;6;2;17;6;23;8;8;6;63;37;2;0;1.23;5.9;11.25;1;1.11;1.39;2;3.25;16.5;6.15;2.9;1.77;1.32;1.67;2.1;2.25;1.57;8.5;1.05;1.05;1.12;3.4;1.66;2.75;6.5;1.5;3.25;6.5;0;0;1.22;1.44;1.72;2.2;2.9;3.7;2.5;2;1.57;1.33;0;0;0;1.25;21;3.75;2.4;19;1.25;2.2;4.8;13;3.5;1.6;1.15;1.04;1.22;2;4.33;11;4;1.72;1.2;1.05;0;0;0;0;2;0;0;1;1;2;0;2019-04-12 18:45:00;-1;0;50;38;25;0;1;1;0;1;2;3;1;5;1;0;1;0;1;1;1;108;41;166;117;2.65;0.96;3.61;0;0;0;0;0;0;1;1;0;0;0;0;0;0;-1;-1;-1;-1;-1;-1;-1;-1;-1;25;38;63;75;75;50;63;63;38;6.5;3;5.5;3.13;Limerick;Wexford;1.79;0.14;2;0;2;0.43;75;63;38;25;25;63;63;63;1.75;1.08;2.83;1845;27;Y;Y;N;N;N;N;Y
532074;2057;2048;2019;complete;4232;8;-1;7,34;;2;0;2;9;2;11;0;3;1;3;0;0;8;2;8;2;16;4;10;10;52;48;1;3;2.5;3.25;2.7;1.04;1.3;1.95;3.4;7;9.5;3.4;1.83;1.3;1.1;1.74;2;3;1.36;3.25;1.33;1.5;1.3;1.5;3.2;2.05;3.25;2.87;2.37;2.87;0;0;0;0;2.05;0;0;0;0;1.62;0;0;0;0;0;1.9;9;2.1;4.33;4.75;1.5;3.25;9.5;34;2.4;1.3;1.06;1.01;1.44;3.25;9;26;2.62;1.33;1.07;1.01;0;0;0;0;2;2;0;0;0;0;2;2019-04-13 18:30:00;2057;0;0;0;0;0;1;1;6;1;3;1;7;4;0;0;1;3;0;4;1;114;58;177;163;2.4;0.84;3.25;0;0;0;0;0;0;1;1;1;0;2;0;0;0;-1;-1;-1;-1;-1;-1;-1;-1;-1;0;0;38;75;100;0;38;88;50;7.5;0;2.25;2.13;Longford Town;Bray Wanderers;2.21;1.21;3;1.5;2.33;1.71;100;100;63;25;0;38;25;25;1.66;1.45;3.11;1845;27;Y;Y;N;N;N;N;N
532075;2060;2052;2019;complete;4232;9;-1;;27,51,59,68;0;4;4;11;2;13;1;4;1;0;0;0;4;7;7;6;11;13;10;14;56;44;1;0;2.35;3.3;2.9;1.02;1.23;1.74;2.85;5;11.25;4;2.05;1.4;1.14;1.59;2.25;2.9;1.32;4.33;1.2;1.28;1.28;1.8;2.67;2.16;3.55;2.3;2.62;3.4;0;0;0;0;1.93;0;0;0;0;1.93;0;0;0;0;0;1.61;13;2.37;3.6;6.5;0;0;0;0;0;0;0;0;1.33;2.62;6.5;17;3.25;1.44;1.11;1.02;0;0;0;0;4;0;1;0;3;3;1;2019-04-19 18:45:00;2052;0;25;13;25;0;1;1;4;1;7;1;5;8;0;0;1;0;0;1;1;32;21;58;43;1.2;1.46;2.66;0;0;0;0;0;0;1;1;0;0;2;1;0;0;-1;-1;-1;-1;-1;-1;-1;-1;-1;25;50;50;63;100;50;88;75;50;11;1.5;4;3.38;Athlone Town;Galway United;0.71;0.85;0.75;1.5;1.13;0.43;75;50;50;38;0;50;50;50;1.61;1.84;3.45;1845;27;Y;Y;Y;Y;N;N;N
532076;2048;2053;2019;complete;4232;9;-1;18,45,86;51;3;1;4;0;6;6;-1;-1;2;2;0;0;5;6;1;8;6;14;-1;-1;50;50;2;2;2.15;3.25;3.35;1.04;1.28;1.91;3.25;6.95;9.75;3.5;1.87;1.32;1.11;1.71;2.05;3;1.36;4;1.22;1.28;1.36;1.66;2.75;2.05;3.65;2.5;2.5;3.2;0;0;0;0;0;0;0;0;0;0;0;0;0;0;0;1.72;10;2.25;3.6;5;0;0;0;0;0;0;0;0;1.4;2.75;7;21;2.75;1.4;1.1;1.01;0;0;0;0;4;2;0;1;1;2;2;2019-04-19 18:45:00;2048;0;13;0;13;0;-1;1;-1;-1;-1;-1;-1;-1;1;1;1;1;2;2;1;37;72;126;127;1.02;1.83;2.85;1;0;1;0;0;0;1;1;0;0;-1;-1;0;0;-1;-1;-1;-1;-1;-1;-1;-1;-1;13;13;25;42;88;13;75;42;25;11.33;1;3.42;2.17;Bray Wanderers;Drogheda United;2.23;1.73;2;1.75;1.5;1.75;88;88;75;59;13;59;59;42;1.27;2.46;3.73;1845;27;Y;Y;Y;Y;N;N;Y
532077;2061;2055;2019;complete;4232;9;-1;37,45;;2;0;2;6;1;7;-1;-1;1;1;0;0;18;0;13;2;31;2;-1;-1;50;50;1;1;1.77;3.85;4;1.04;1.28;1.91;3.25;6.35;9.75;3.5;1.87;1.32;1.11;1.83;1.91;2.05;1.65;4.5;1.16;1.12;1.25;2.2;2.15;2.2;4.9;1.95;2.6;4.5;0;0;0;0;0;0;0;0;0;0;0;0;0;0;0;1.44;10;3;2.4;6.9;0;0;0;0;0;0;0;0;1.4;2.75;7;21;2.75;1.4;1.1;1.02;0;0;0;0;2;2;0;0;0;0;2;2019-04-19 18:45:00;2061;0;33;33;17;0;1;1;1;1;5;0;2;5;1;0;0;1;1;1;1;104;62;157;131;3.96;0.6;4.55;1;0;1;0;0;0;1;1;0;0;0;0;0;0;-1;-1;-1;-1;-1;-1;-1;-1;-1;17;17;50;67;100;33;84;67;34;8.66;0.67;4.33;2.5;Shelbourne;Limerick;2.46;0.85;2;2;1.63;1.88;84;84;50;33;0;67;50;33;1.84;1.55;3.39;1845;27;Y;Y;N;N;N;N;N
532078;2058;2063;2019;complete;4232;9;-1;;15,40;0;2;2;2;4;6;-1;-1;3;1;1;0;6;3;3;3;9;6;-1;-1;50;50;4;1;4.55;3.8;1.69;1.02;1.22;1.71;2.8;6;11.5;4.15;2.1;1.42;1.15;1.71;2.05;4.5;1.14;2.62;1.44;2;1.3;1.16;4.45;2.2;2.25;4;2.62;2.05;0;0;0;0;0;0;0;0;0;0;0;0;0;0;0;2.75;12;1.5;7.5;3.2;0;0;0;0;0;0;0;0;1.33;2.5;6;17;3.25;1.5;1.12;1.02;0;0;0;0;2;0;2;0;0;0;2;2019-04-19 18:45:00;2063;0;50;17;34;0;1;1;1;3;1;1;4;2;1;0;3;1;1;4;1;56;58;127;122;1.41;1.02;2.43;0;0;0;0;0;0;1;1;0;0;0;0;0;0;-1;-1;-1;-1;-1;-1;-1;-1;-1;34;50;67;84;100;33;67;84;84;10.33;0.67;4.34;3.34;Wexford;Cabinteely;0.69;1.67;1;3;0.5;2;67;50;33;17;0;50;50;33;0.92;1.78;2.7;1845;27;Y;Y;N;N;N;N;N
532079;2062;2057;2019;complete;4232;9;-1;;;0;0;0;5;8;13;2;3;1;2;0;0;6;5;4;4;10;9;10;12;36;64;1;2;4.7;3.8;1.67;1.03;1.24;1.77;2.95;4.33;10.75;3.85;2;1.38;1.13;1.77;1.95;5.85;1.08;2.5;1.5;2.37;1.22;1.1;5;2.25;2.15;4.75;2.87;1.83;0;0;0;0;1.84;0;0;0;0;2;0;0;0;0;0;3;13;1.4;8;2.85;0;0;0;0;0;0;0;0;1.3;2.37;5.5;15;3.4;1.53;1.14;1.03;0;0;0;0;0;0;0;0;0;0;0;2019-04-20 18:00:00;-1;0;50;0;25;0;1;1;2;6;3;2;8;5;0;2;1;0;2;1;1;67;132;131;181;1.55;1.89;3.43;0;0;0;0;0;0;1;1;0;0;0;2;0;0;-1;-1;-1;-1;-1;-1;-1;-1;-1;13;13;38;50;88;13;63;63;38;12.75;1.25;3.5;2.25;Cobh Ramblers;Longford Town;1.5;1.47;1.5;2;1.13;2.43;88;88;63;50;13;50;50;25;1.64;1.52;3.16;1845;27;N;N;N;N;N;N;N
532080;2048;2063;2019;complete;4232;10;-1;21;47;1;1;2;9;4;13;-1;-1;1;1;0;0;3;6;8;10;11;16;-1;-1;50;50;1;1;2.1;3.25;3.35;1.03;1.27;1.87;3.2;6.5;10.25;3.6;1.91;1.33;1.11;1.69;2.05;2.65;1.38;3.75;1.25;1.3;1.3;1.66;2.7;2.1;4.15;2.4;2.5;3.4;0;0;0;0;0;0;0;0;0;0;0;0;0;0;0;1.72;9.5;2.37;3.45;5.3;0;0;0;0;0;0;0;0;1.4;2.75;7;21;2.75;1.4;1.1;1.01;0;0;0;0;2;1;0;0;1;1;1;2019-04-26 18:45:00;-1;0;38;13;38;0;1;1;5;2;4;2;7;6;1;1;0;0;2;0;1;80;87;140;132;1.49;2.06;3.55;0;0;0;0;0;0;1;1;0;0;0;1;0;0;-1;-1;-1;-1;-1;-1;-1;-1;-1;25;38;38;63;100;38;88;50;38;11.25;0;2.5;2.63;Bray Wanderers;Cabinteely;2.23;1.67;2.25;3;1.67;2.11;75;63;63;38;0;50;50;25;1.21;1.59;2.8;1845;27;Y;Y;N;N;N;N;Y
532081;2061;2052;2019;complete;4232;10;-1;50,85,90;;3;0;3;6;8;14;1;1;1;1;0;2;7;3;5;4;12;7;14;8;53;47;1;4;1.4;4.45;7;1.03;1.24;1.77;2.9;5;11;3.9;2;1.38;1.14;2;1.77;1.9;1.8;6.5;1.1;1.06;1.16;3;1.83;2.49;7.2;1.61;2.75;6.5;0;0;0;0;0;0;0;0;0;0;0;0;0;0;0;1.28;12;4;2.2;13;0;0;0;0;0;0;0;0;1.33;2.62;6.5;19;3.25;1.44;1.11;1.02;0;0;0;0;3;0;0;3;0;3;0;2019-04-26 18:45:00;2061;0;13;13;13;0;1;1;4;3;2;5;7;7;0;0;1;3;0;4;1;85;90;138;120;1.87;1.31;3.18;0;0;0;0;0;0;1;1;0;0;0;0;0;0;-1;-1;-1;-1;-1;-1;-1;-1;-1;13;46;59;71;100;42;88;59;59;10.08;0.17;2.25;2.88;Shelbourne;Galway United;2.46;0.85;2.25;2;1.78;0.75;88;54;42;29;0;59;59;46;2.37;1.71;4.08;1845;27;Y;Y;Y;N;N;N;N
532082;2058;2060;2019;complete;4232;10;-1;26,60;;2;0;2;1;5;6;-1;-1;1;2;0;0;6;0;2;6;8;6;-1;-1;50;50;1;2;3.45;3.35;2.05;1.03;1.26;1.83;3.15;6;10.25;3.65;1.91;1.34;1.12;1.71;2.05;3.75;1.25;3;1.36;1.66;1.28;1.36;3.9;2.17;2.7;3.2;2.5;2.5;0;0;0;0;0;0;0;0;0;0;0;0;0;0;0;2.25;11;1.72;5.3;3.7;0;0;0;0;0;0;0;0;1.4;2.75;8;21;2.75;1.4;1.08;1.01;0;0;0;0;2;1;0;1;0;1;1;2019-04-26 18:45:00;2058;0;25;0;13;0;1;1;0;2;1;3;2;4;1;0;0;2;1;2;1;53;82;120;107;1.32;0.98;2.3;0;0;0;0;0;0;1;1;0;0;0;0;0;0;-1;-1;-1;-1;-1;-1;-1;-1;-1;13;25;38;75;100;25;88;63;50;6.25;0;4.5;2.5;Wexford;Athlone Town;0.69;0.62;0.75;1.5;0.44;1;88;75;63;25;0;50;50;38;1.04;1.36;2.4;1845;27;Y;Y;N;N;N;N;N
532083;2062;2053;2019;complete;4232;10;-1;5;4,17,56,67;1;4;5;5;5;10;3;5;3;1;0;0;3;8;6;8;9;16;14;14;42;58;3;1;3.6;3.4;2;1.04;1.31;1.95;3.45;6;9.25;3.35;1.8;1.29;1.09;1.83;1.91;3.75;1.2;2.62;1.44;1.72;1.28;1.25;4.2;1.95;2.75;3.7;2.4;2.35;0;0;0;0;1.93;0;0;0;0;1.93;0;0;0;0;0;2.5;10;1.61;5.5;3.1;0;0;0;0;0;0;0;0;1.5;3.2;9;34;2.45;1.3;1.06;1.01;0;0;0;0;5;1;2;0;2;2;3;2019-04-27 18:00:00;2053;0;40;0;40;0;1;1;2;2;3;3;4;6;2;0;1;1;2;2;1;93;96;142;176;1.46;2.28;3.74;0;0;0;0;0;0;1;1;1;1;1;1;0;0;-1;-1;-1;-1;-1;-1;-1;-1;-1;20;30;50;50;80;30;60;50;50;11.2;3.2;3.8;2.8;Cobh Ramblers;Drogheda United;1.5;1.73;1.4;1.4;1.11;1.56;80;70;50;50;20;50;50;40;1.62;2.34;3.96;1845;27;Y;Y;Y;Y;Y;N;Y
532084;2057;2055;2019;complete;4232;10;-1;74;;1;0;1;7;3;10;2;2;2;2;0;1;6;4;5;4;11;8;17;18;58;42;2;4;1.47;4.25;6.3;1.05;1.32;2;3.6;7.5;9;3.25;1.77;1.27;1.09;2.15;1.62;1.72;2;4.5;1.16;1.05;1.22;2.62;2;2.1;7;1.8;2.6;6;0;0;0;0;1.93;0;0;0;0;1.93;0;0;0;0;0;1.33;8.5;4;2.05;10;0;0;0;0;0;0;0;0;1.44;3.25;9;26;2.62;1.33;1.07;1.01;0;0;0;0;1;0;0;1;0;1;0;2019-04-27 18:30:00;2057;0;13;13;0;0;1;1;5;1;2;2;6;4;1;1;1;2;2;3;1;44;30;87;67;1.44;1.01;2.44;0;0;0;0;0;0;1;1;0;0;0;1;0;0;-1;-1;-1;-1;-1;-1;-1;-1;-1;0;0;29;88;100;42;84;59;17;8.5;0.17;3.5;2.17;Longford Town;Limerick;2.21;0.85;3;1.5;2.25;1.67;100;100;71;13;0;59;46;46;1.91;1.31;3.22;1845;27;Y;N;N;N;N;N;N
532085;2060;2062;2019;complete;4232;11;-1;83;37;1;1;2;6;3;9;3;4;1;2;0;0;6;3;4;5;10;8;13;12;55;45;1;2;2.4;3.4;2.75;1.04;1.28;1.87;3.2;5.5;10;3.55;1.91;1.33;1.11;1.71;2.05;3.1;1.28;3.75;1.25;1.4;1.28;1.57;3;2.05;3.3;2.65;2.45;2.85;0;0;0;0;1.84;0;0;0;0;1.98;0;0;0;0;0;1.8;10;2.25;4.1;4.45;0;0;0;0;0;0;0;0;1.38;2.9;7;15.5;2.7;1.33;1.04;1.01;0;0;0;0;2;0;1;1;0;1;1;2019-05-03 18:45:00;-1;0;45;35;20;0;1;1;3;1;3;2;4;5;1;1;0;1;2;1;1;28;19;64;47;1.26;0.85;2.11;0;0;0;0;0;0;1;1;0;0;0;1;0;0;-1;-1;-1;-1;-1;-1;-1;-1;-1;20;55;68;78;100;58;90;63;43;11.65;3.45;4.7;3.6;Athlone Town;Cobh Ramblers;0.71;0.77;0.6;0.75;0.9;1;80;45;33;23;0;68;68;43;1.53;1.11;2.64;1845;27;Y;Y;N;N;N;N;Y
532086;2063;2061;2019;complete;4232;11;-1;2;;1;0;1;4;4;8;-1;-1;3;2;0;0;4;3;7;7;11;10;-1;-1;50;50;3;2;3.1;3.15;2.3;1.04;1.31;1.95;3.45;6.5;9.25;3.35;1.8;1.29;1.09;1.77;1.95;3.7;1.21;2.75;1.4;1.61;1.36;1.3;3.9;2.22;2.96;3.25;2.4;2.4;0;0;0;0;0;0;0;0;0;0;0;0;0;0;0;2.3;9.5;1.72;5.25;3.5;0;0;0;0;0;0;0;0;1.4;3;7;21;2.75;1.36;1.08;1.01;0;0;0;0;1;1;0;0;0;0;1;2019-05-03 18:45:00;2063;0;50;10;20;0;1;1;1;2;3;2;3;5;1;0;2;2;1;4;1;45;59;133;149;1.32;1.29;2.6;0;0;0;0;0;0;1;1;1;0;0;0;0;0;-1;-1;-1;-1;-1;-1;-1;-1;-1;20;20;50;80;90;20;70;80;40;11.6;1.8;4.7;2.6;Cabinteely;Shelbourne;1.75;2;1.4;1.4;2;1.9;80;80;50;20;10;60;40;30;1.55;1.43;2.98;1845;27;Y;N;N;N;N;N;N
532087;2053;2057;2019;complete;4232;11;-1;;45;0;1;1;5;5;10;3;7;1;2;0;0;7;5;11;2;18;7;6;17;54;46;1;2;2.5;3.25;2.75;1.04;1.29;1.91;3.3;6;9.75;3.45;1.87;1.31;1.1;1.71;2.05;3.2;1.27;3.5;1.28;1.4;1.28;1.53;3.15;2;3.3;2.65;2.4;2.9;0;0;0;0;1.84;0;0;0;0;1.98;0;0;0;0;0;1.83;11;2.1;4.2;4.35;0;0;0;0;0;0;0;0;1.4;2.75;7.5;21;2.75;1.4;1.07;1.01;0;0;0;0;1;0;1;0;0;0;1;2019-05-03 18:45:00;2057;0;45;13;13;0;1;1;2;5;3;0;7;3;1;1;0;1;2;1;1;77;66;103;105;2.18;1.28;3.45;0;0;0;0;0;0;1;1;0;0;1;0;0;0;-1;-1;-1;-1;-1;-1;-1;-1;-1;13;25;48;58;68;25;45;68;35;13.05;1.95;3.65;2.1;Drogheda United;Longford Town;2.07;1.47;1.75;1.8;1.7;2.33;88;75;53;43;33;68;68;45;2.06;1.6;3.66;1845;29;Y;N;N;N;N;N;N
532088;2052;2058;2019;complete;4232;11;-1;29,81;;2;0;2;5;5;10;0;1;1;2;0;0;9;7;13;10;22;17;9;9;47;53;1;2;1.95;3.55;3.65;1.03;1.26;1.83;3.1;5.5;10.5;3.7;1.95;1.35;1.12;1.71;2.05;2.85;1.34;4.33;1.2;1.28;1.28;1.72;2.54;2.11;3.95;2.43;2.45;3.74;0;0;0;0;1.84;0;0;0;0;1.98;0;0;0;0;0;1.66;11;2.3;3.55;5.5;0;0;0;0;0;0;0;0;1.36;2.75;7;19;3;1.4;1.08;1.02;0;0;0;0;2;1;0;1;0;1;1;2019-05-03 18:45:00;2052;0;60;30;30;0;1;1;2;1;3;4;3;7;0;0;1;2;0;3;1;43;41;100;78;2.33;1.85;4.18;0;0;0;0;0;0;1;1;0;0;0;0;0;0;-1;-1;-1;-1;-1;-1;-1;-1;-1;30;30;60;70;100;50;70;70;50;6.2;2.4;4;3.2;Galway United;Wexford;1.07;0.14;0;0.2;0.67;0.7;70;70;40;30;0;50;30;30;1.65;1.06;2.71;1845;27;Y;Y;N;N;N;N;N
532089;2055;2048;2019;complete;4232;11;-1;83;;1;0;1;4;5;9;2;1;1;0;0;0;6;4;5;8;11;12;13;6;45;55;1;0;3.25;3.5;2.05;1.05;1.32;2;3.55;6.5;9;3.25;1.77;1.28;1.09;1.83;1.91;3.35;1.25;2.62;1.44;1.72;1.28;1.28;4.1;2.07;2.78;3.76;2.33;2.55;0;0;0;0;1.84;0;0;0;0;1.98;0;0;0;0;0;2.4;9.5;1.66;4.85;3.2;0;0;0;0;0;0;0;0;1.44;3.25;8;23;2.63;1.33;1.06;1.01;0;0;0;0;1;0;0;1;0;1;0;2019-05-03 18:45:00;2055;0;20;10;10;0;1;1;2;2;2;3;4;5;0;0;1;0;0;1;1;24;26;51;48;1.29;1.22;2.51;0;0;0;0;0;0;1;1;0;0;0;2;0;0;-1;-1;-1;-1;-1;-1;-1;-1;-1;0;10;20;60;80;20;40;50;30;7;1.4;3.8;1.7;Limerick;Bray Wanderers;1.79;1.21;1.8;1.2;1.5;1.6;100;90;80;40;20;40;30;30;1.93;1.33;3.26;1845;27;Y;N;N;N;N;N;N
532090;2053;2055;2019;complete;4232;12;-1;20,68,73;63,83;3;2;5;6;3;9;4;3;1;6;0;0;9;8;10;6;19;14;8;15;55;45;1;6;1.46;4.27;7.05;1.04;1.33;2;3.75;7;9;3.25;1.8;1.25;1.08;2.1;1.67;1.83;1.8;4.5;1.16;1.1;1.25;2.62;1.91;2.2;6.5;1.85;2.4;5.8;0;0;0;0;1.85;0;0;0;0;1.97;0;0;0;0;0;1.36;9;3.75;2.25;9;0;0;0;0;0;0;0;0;1.36;2.88;7.5;15;2.88;1.36;1.06;1.01;0;0;0;0;5;1;0;2;2;4;1;2019-05-10 18:45:00;2053;0;30;20;10;0;1;1;3;1;3;2;4;5;0;1;1;5;1;6;1;76;62;105;99;2.37;1.89;4.26;0;0;0;0;0;0;1;1;0;0;1;0;0;0;-1;-1;-1;-1;-1;-1;-1;-1;-1;10;20;40;60;90;40;70;60;20;9.4;2.8;4.8;2.2;Drogheda United;Limerick;2.07;0.85;1.4;1.2;1.55;1.64;90;80;60;40;10;70;60;30;2.09;1.25;3.34;1845;27;Y;Y;Y;Y;Y;N;Y
532091;2061;2060;2019;complete;4232;12;-1;56,78;26;2;1;3;5;6;11;-1;-1;0;2;0;0;7;4;5;6;12;10;-1;-1;50;50;0;2;1.27;5.65;10.25;1.01;1.22;1.65;2.62;4.5;12;4;2.2;1.44;1.16;2;1.76;1.83;1.83;7.5;1.07;1.02;1.16;3.5;1.73;2.4;7.5;1.6;3.05;7.4;0;0;1.29;1.53;1.87;2.5;3.5;3.2;2.3;1.8;1.44;1.25;0;0;0;1.22;12;4.75;2;13;0;0;0;0;0;0;0;0;1.3;2.34;6;12;3.2;1.56;1.1;1.02;0;0;0;0;3;0;1;2;0;2;1;2019-05-10 18:45:00;2061;0;20;10;20;0;1;1;4;4;1;2;8;3;0;1;0;1;1;1;1;83;52;116;90;1.85;1.29;3.14;0;1;0;1;0;0;1;1;0;0;4;2;0;0;-1;-1;-1;-1;-1;-1;-1;-1;-1;20;20;40;70;100;20;80;60;40;8.8;0;2.2;2.5;Shelbourne;Athlone Town;2.46;0.62;2.4;1.2;1.73;0.91;80;80;60;30;0;60;60;40;2.27;1.28;3.55;1845;27;Y;Y;Y;N;N;N;Y
532092;2058;2062;2019;complete;4232;12;-1;17,65;15,38;2;2;4;6;3;9;-1;-1;0;2;0;0;5;3;4;6;9;9;-1;-1;50;50;0;2;2.84;3.25;2.5;1.04;1.33;2;3.5;6.5;9;3.25;1.8;1.28;1.1;1.75;2.01;3.3;1.25;3;1.36;1.57;1.36;1.4;3.57;2.25;3.14;3.2;2.38;2.7;0;0;0;0;0;0;0;0;0;0;0;0;0;0;0;2.25;9;1.8;5.5;3.6;0;0;0;0;0;0;0;0;1.37;2.97;7;17;2.97;1.37;1.08;1.01;0;0;0;0;4;1;2;1;0;1;3;2019-05-10 18:45:00;-1;0;40;20;0;0;1;1;3;3;3;0;6;3;0;0;0;2;0;2;1;65;69;107;95;1.4;1.28;2.67;0;0;0;0;0;0;1;1;0;0;0;2;0;0;-1;-1;-1;-1;-1;-1;-1;-1;-1;0;30;50;90;100;50;90;60;40;8;1.2;5.6;2.7;Wexford;Cobh Ramblers;0.69;0.77;1.2;0.8;0.64;1;100;70;50;10;0;50;40;20;1.1;1.06;2.16;1845;27;Y;Y;Y;Y;N;N;Y
532093;2048;2052;2019;complete;4232;12;-1;56,86;21;2;1;3;8;2;10;-1;-1;4;2;0;0;4;3;4;7;8;10;-1;-1;50;50;4;2;1.65;3.7;5.05;1.04;1.29;1.95;3.35;5.5;9.5;3.4;1.83;1.3;1.1;1.91;1.8;2.25;1.53;5;1.14;1.12;1.25;2.2;2.1;2.25;5;1.73;2.8;5;0;0;1.25;1.53;1.87;2.5;3.5;3.5;2.3;1.8;1.44;1.25;0;0;0;1.4;11;3.2;2.62;9.5;0;0;0;0;0;0;0;0;1.29;2.5;6;12;3.25;1.5;1.11;1.02;0;0;0;0;3;0;1;2;0;2;1;2019-05-20 18:45:00;2048;0;20;0;10;0;1;1;2;2;6;0;4;6;1;0;3;2;1;5;1;55;53;85;83;1.19;1.23;2.41;0;0;0;0;0;0;1;1;0;0;1;0;0;0;-1;-1;-1;-1;-1;-1;-1;-1;-1;0;35;48;68;100;23;88;68;48;11.6;0;3.35;2.5;Bray Wanderers;Galway United;2.23;0.85;2;1.5;1.58;1.09;100;65;53;33;0;68;68;58;1.26;1.61;2.87;1845;27;Y;Y;Y;N;N;N;Y
532094;2057;2063;2019;complete;4232;12;-1;;85;0;1;1;6;8;14;3;2;0;0;0;0;4;7;11;6;15;13;15;14;54;46;0;0;1.8;3.43;4.67;1.06;1.36;2.2;4;7.5;8;3;1.65;1.22;1.07;2;1.73;2.2;1.54;4;1.22;1.16;1.33;2;2.4;2.05;4.65;2.1;2.35;4.2;0;0;0;0;1.9;0;0;0;0;1.93;0;0;0;0;0;1.53;8;3;2.8;6.55;0;0;0;0;0;0;0;0;1.43;3.15;8;17.25;2.5;1.28;1.03;1.01;0;0;0;0;1;0;0;0;1;1;0;2019-05-11 18:30:00;2063;0;30;10;20;0;1;-1;4;4;2;4;8;6;0;0;0;0;0;0;1;47;48;89;84;1.57;1.66;3.22;0;0;0;0;0;0;1;1;0;0;1;2;-1;-1;-1;-1;-1;-1;-1;-1;-1;-1;-1;20;20;33;78;100;33;65;68;33;11.5;0.45;2.13;2.5;Longford Town;Cabinteely;2.21;1.67;3;2.6;2.4;2.09;80;80;68;23;0;68;68;45;1.79;1.68;3.47;1845;29;Y;N;N;N;N;N;N
532095;2060;2048;2019;complete;4232;13;-1;;8,14,29,79,86;0;5;5;1;11;12;1;3;1;1;1;0;3;8;4;10;7;18;8;16;35;65;3;1;3.65;3.45;1.95;1.04;1.28;1.91;3.25;5;9.75;3.5;1.87;1.32;1.11;1.77;2;4.65;1.13;2.5;1.5;2;1.25;1.16;4.33;2.2;2.37;3.9;2.61;2.23;0;0;0;0;1.83;0;0;0;0;1.98;0;0;0;0;0;2.75;12;1.5;6.5;2.95;0;0;0;0;0;0;0;0;1.32;2.59;7;19;3.24;1.47;1.1;1.02;0;0;0;0;5;0;3;0;2;2;3;2019-05-17 18:45:00;2048;0;25;9;17;0;1;1;1;9;0;2;10;2;1;1;1;0;2;1;1;35;81;103;141;0.92;2.29;3.21;0;0;0;0;0;0;1;1;0;1;0;4;0;0;-1;-1;-1;-1;-1;-1;-1;-1;-1;17;25;34;67;100;25;58;84;42;9.67;2.5;3.33;2.75;Athlone Town;Bray Wanderers;0.71;1.21;0.67;1;0.83;1.45;84;75;67;34;0;59;34;34;1.48;1.31;2.79;1845;27;Y;Y;Y;Y;Y;N;N
532096;2063;2053;2019;complete;4232;13;-1;;10,26,46,53,80;0;5;5;3;3;6;-1;-1;3;0;0;0;5;13;7;6;12;19;-1;-1;50;50;3;0;2.35;3.3;2.9;1.05;1.32;2;3.6;6;9;3.25;1.77;1.27;1.09;1.8;1.95;3.35;1.25;3.5;1.28;1.44;1.3;1.44;3.1;2.1;3.1;2.75;2.45;2.75;0;0;0;0;0;0;0;0;0;0;0;0;0;0;0;1.95;11;1.95;4.45;4.2;0;0;0;0;0;0;0;0;1.4;2.75;8;21;2.75;1.4;1.08;1.01;0;0;0;0;5;0;2;0;3;3;2;2019-05-18 18:00:00;2053;0;50;17;25;0;1;1;2;2;1;1;4;2;2;0;1;0;2;1;1;59;62;148;152;1.55;2.57;4.12;0;1;0;1;0;0;1;1;0;1;1;1;1;0;-1;-1;-1;-1;-1;-1;-1;-1;-1;25;34;59;67;92;34;75;67;50;11.34;1.17;4;3;Cabinteely;Drogheda United;1.75;1.73;1.67;1.67;2.17;1.67;75;67;42;33;9;59;50;33;1.51;2.33;3.84;1845;29;Y;Y;Y;Y;Y;N;N
532097;2052;2057;2019;complete;4232;13;-1;48,85;12;2;1;3;4;8;12;-1;-1;3;1;0;0;5;2;3;3;8;5;-1;-1;50;50;3;1;3.95;3.55;1.87;1.03;1.25;1.8;3;5;10.75;3.8;2;1.37;1.13;1.71;2.05;4.95;1.12;2.62;1.44;2;1.25;1.16;4.33;2.25;2.3;4.1;2.67;2.13;0;0;0;0;0;0;0;0;0;0;0;0;0;0;0;2.75;13;1.5;6.95;2.95;0;0;0;0;0;0;0;0;1.3;2.49;6.5;17;3.36;1.5;1.11;1.02;0;0;0;0;3;0;1;2;0;2;1;2019-05-17 18:45:00;2052;0;33;9;0;0;1;1;2;2;2;6;4;8;0;0;3;1;0;4;1;59;73;137;152;1.3;1.01;2.31;0;0;0;0;0;0;1;1;0;0;0;1;0;0;-1;-1;-1;-1;-1;-1;-1;-1;-1;9;9;25;42;84;17;67;50;17;9.67;2.5;2.83;1.67;Galway United;Longford Town;1.07;1.47;0.5;2;0.9;2.18;92;92;75;59;17;59;42;17;1.76;1.54;3.3;1845;27;Y;Y;Y;N;N;N;Y
532098;2058;2061;2019;complete;4232;13;-1;89;17,83;1;2;3;4;9;13;-1;-1;1;2;0;0;3;5;3;9;6;14;-1;-1;50;50;1;2;7.75;4.7;1.36;1.03;1.24;1.77;2.95;5;10.75;3.85;2;1.38;1.13;2.05;1.69;6;1.07;2;1.72;2.62;1.16;1.08;6;2.37;1.9;5.85;2.82;1.78;0;0;0;0;0;0;0;0;0;0;0;0;0;0;0;3.6;12;1.33;9;2.35;0;0;0;0;0;0;0;0;1.31;2.55;6.5;19;3.32;1.48;1.11;1.02;0;0;0;0;3;0;1;1;1;2;1;2019-05-17 18:45:00;2061;0;33;9;9;0;1;1;4;6;0;3;10;3;0;1;1;1;1;2;1;59;74;113;112;1.03;1.77;2.8;0;0;0;0;0;0;1;1;0;0;0;1;0;0;-1;-1;-1;-1;-1;-1;-1;-1;-1;9;25;42;84;92;34;75;75;42;7.83;1.33;5.07;2.5;Wexford;Shelbourne;0.69;2;1.17;1.17;0.67;1.83;92;75;59;17;9;33;17;17;1.15;1.4;2.55;1845;27;Y;Y;Y;N;N;N;Y
532099;2062;2055;2019;complete;4232;13;-1;56,66;27,41,79;2;3;5;2;4;6;2;4;1;2;0;0;3;6;3;10;6;16;16;11;50;50;1;2;2.75;3.1;2.55;1.06;1.38;2.15;4;5.5;8.25;2.95;1.67;1.23;1.07;1.87;1.83;4.25;1.16;3.4;1.3;1.57;1.36;1.36;3.25;2.1;3;2.6;2.45;2.85;0;0;0;0;1.89;0;0;0;0;1.93;0;0;0;0;0;2.1;10;1.8;5.75;3.3;0;0;0;0;0;0;0;0;1.4;2.75;7;19;2.75;1.4;1.1;1.02;0;0;0;0;5;0;2;2;1;3;2;2019-05-18 18:00:00;2055;0;42;17;25;0;-1;1;-1;-1;-1;-1;-1;-1;0;0;1;2;0;3;-1;0;0;0;0;0;0;0;0;2;0;2;0;0;1;1;0;0;-1;-1;0;0;-1;-1;-1;-1;-1;-1;-1;-1;-1;25;25;42;59;92;33;75;59;34;9.16;3.17;5.5;2.58;Cobh Ramblers;Limerick;1.5;0.85;1.17;1;1;1.5;75;75;59;42;9;67;50;25;1.59;1.36;2.95;1845;27;Y;Y;Y;Y;Y;N;Y
532100;2048;2058;2019;complete;4232;14;-1;56,62;70;2;1;3;12;2;14;-1;-1;2;2;0;0;8;3;9;0;17;3;-1;-1;50;50;2;2;1.34;4.95;7.75;1.01;1.17;1.56;2.4;4;13.5;4.8;2.35;1.54;1.21;1.77;1.95;2.15;1.59;7;1.08;1.08;1.16;2.75;1.83;2.5;5.55;1.69;2.85;5.15;0;0;0;0;0;0;0;0;0;0;0;0;0;0;0;1.3;15;3.5;2.4;10;0;0;0;0;0;0;0;0;1.24;2.25;5.1;11.25;3.4;1.53;1.11;1.02;0;0;0;0;3;0;0;2;1;3;0;2019-05-24 18:45:00;2048;0;59;17;34;0;1;1;7;0;5;2;7;7;0;1;2;1;1;3;1;64;24;74;69;2.08;0.58;2.67;0;0;0;0;0;0;1;1;0;0;1;0;0;0;-1;-1;-1;-1;-1;-1;-1;-1;-1;17;25;50;84;100;34;84;84;50;9.67;0;4.5;3;Bray Wanderers;Wexford;2.23;0.14;2.17;0.17;1.69;0.62;84;75;50;17;0;67;67;42;1.25;1.19;2.44;1845;27;Y;Y;Y;N;N;N;Y
532101;2053;2052;2019;complete;4232;14;-1;11,63,90;;3;0;3;8;5;13;2;0;2;2;0;1;10;4;7;6;17;10;13;17;50;50;2;4;1.59;4;5.1;1.02;1.19;1.62;2.6;4.33;12.5;4.45;2.2;1.48;1.18;1.65;2.15;2.35;1.49;5.5;1.12;1.14;1.2;2.5;2;2.35;4.95;1.77;2.8;4.8;0;0;0;0;1.83;0;0;0;0;1.98;0;0;1.31;7.5;4.45;1.4;15;3;2.7;8.25;0;0;0;0;0;0;0;0;1.26;2.35;5.35;12;3.25;1.49;1.1;1.02;0;0;0;0;3;1;0;2;0;2;1;2019-05-24 18:45:00;2053;0;35;9;17;0;1;1;5;3;3;2;8;5;0;0;2;3;0;5;1;53;61;79;86;2.15;1.35;3.5;0;0;0;0;0;0;1;1;0;0;1;2;0;0;-1;-1;-1;-1;-1;-1;-1;-1;-1;17;45;74;74;92;27;74;74;65;11.2;2.73;3.63;3;Drogheda United;Galway United;2.07;0.85;1.67;1.2;1.77;1;84;55;27;27;9;82;74;47;2.13;1.54;3.67;1845;27;Y;Y;Y;N;N;N;N
532102;2055;2063;2019;complete;4232;14;-1;32;;1;0;1;5;4;9;3;1;2;1;0;0;8;4;14;7;22;11;10;8;47;53;2;1;2.75;2.95;2.65;1.06;1.36;2.1;3.9;7;8.5;3.05;1.69;1.24;1.07;1.83;1.91;3.05;1.29;3;1.36;1.44;1.36;1.4;3.25;2;3.2;2.9;2.3;2.8;0;0;0;0;1.83;0;0;0;0;1.98;0;0;2.2;6.2;1.95;2.1;8;1.9;4.35;4;0;0;0;0;0;0;0;0;1.43;3.15;7.75;17;2.5;1.29;1.03;1.01;0;0;0;0;1;1;0;0;0;0;1;2019-05-24 18:45:00;2055;0;42;17;25;0;1;1;3;2;0;2;5;2;0;0;2;1;0;3;1;40;33;56;60;2.22;1.21;3.43;0;0;0;0;0;0;1;1;0;0;0;1;0;0;-1;-1;-1;-1;-1;-1;-1;-1;-1;17;25;25;59;84;25;50;59;25;9.5;2;2.67;2.09;Limerick;Cabinteely;1.79;1.67;2;2.67;1.62;2;84;75;75;42;17;59;50;42;1.82;1.68;3.5;1845;27;Y;N;N;N;N;N;N
532103;2061;2062;2019;complete;4232;14;-1;32;;1;0;1;8;5;13;-1;-1;1;4;0;0;4;4;9;4;13;8;-1;-1;50;50;1;4;1.28;5.4;9;1.01;1.18;1.59;2.5;4.33;13;4.6;2.3;1.51;1.2;2;1.74;1.8;1.83;8;1.06;1.04;1.14;3.75;1.69;2.55;6.75;1.45;3.15;7;0;0;0;0;1.88;0;0;0;0;1.94;0;0;1.16;8.5;7;1.18;15;5;1.95;11.5;0;0;0;0;0;0;0;0;1.27;2.35;5.45;12.25;3.2;1.48;1.09;1.02;0;0;0;0;1;1;0;0;0;0;1;2019-05-24 18:45:00;2061;0;50;34;9;0;1;1;4;2;4;3;6;7;0;0;1;4;0;5;1;58;43;92;90;1.52;1.1;2.62;0;0;0;0;0;0;1;1;0;0;2;1;0;0;-1;-1;-1;-1;-1;-1;-1;-1;-1;9;34;67;83;100;50;84;59;42;10.17;1;3.33;2.92;Shelbourne;Cobh Ramblers;2.46;0.77;2.5;0.83;1.92;0.92;92;67;33;17;0;75;59;34;2.2;1.1;3.3;1845;27;Y;N;N;N;N;N;N
532104;2057;2060;2019;complete;4232;14;-1;15,32,53;16;3;1;4;7;3;10;4;1;0;2;0;0;7;2;9;1;16;3;10;13;63;37;0;2;1.27;5.15;10.75;1.02;1.23;1.83;2.85;5;11.25;4;1.91;1.4;1.14;2.35;1.54;1.61;2.1;8;1.06;1.02;1.14;4;1.69;2.45;7.25;1.45;2.95;8.25;0;0;0;0;1.85;0;0;0;0;1.97;0;0;1.12;9.75;7.75;1.16;12;5.5;1.8;11.75;0;0;0;0;0;0;0;0;1.28;2.4;5.6;12.5;3.15;1.45;1.09;1.02;0;0;0;0;4;2;1;1;0;1;3;2019-05-25 18:30:00;2057;0;17;0;9;0;1;1;3;1;4;2;4;6;0;0;0;2;0;2;1;85;58;131;107;2.12;0.76;2.88;1;0;1;0;0;0;1;1;0;0;1;0;0;0;-1;-1;-1;-1;-1;-1;-1;-1;-1;9;9;27;64;100;10;70;74;27;9.77;0.63;2.17;2.07;Longford Town;Athlone Town;2.21;0.62;2.4;1;2;0.77;92;92;74;37;0;74;74;55;1.75;1.28;3.03;1845;27;Y;Y;Y;Y;N;N;Y
532105;2060;2055;2019;complete;4232;15;-1;22;60;1;1;2;4;1;5;0;2;1;1;0;0;5;3;8;2;13;5;9;12;47;53;1;1;4.4;4;1.67;1.03;1.24;1.77;2.9;6.5;11;3.9;2;1.38;1.14;1.77;2;4.33;1.2;2.2;1.61;2.1;1.22;1.16;4.75;2.2;2.25;4.5;2.5;2;0;0;1.2;1.44;1.83;2.3;3.2;3.9;2.5;1.83;1.53;1.29;0;0;0;3;10;1.5;7;2.75;0;0;0;0;0;0;0;0;1.34;2.77;7.5;17;3.1;1.41;1.06;1.01;0;0;0;0;2;1;0;0;1;1;1;2019-05-31 18:45:00;-1;0;43;14;29;0;1;1;3;0;1;1;3;2;0;0;1;1;0;2;1;68;51;136;139;1.67;0.92;2.59;0;0;0;0;0;0;1;1;0;0;1;0;0;0;-1;-1;-1;-1;-1;-1;-1;-1;-1;36;43;50;79;100;43;86;86;43;8.29;3.71;5.28;3.36;Athlone Town;Limerick;0.71;0.85;0.57;1.29;0.71;1.71;64;57;50;22;0;64;43;36;1.4;1.36;2.76;1845;27;Y;Y;N;N;N;N;Y
532106;2062;2048;2019;complete;4232;15;-1;56;;1;0;1;1;3;4;1;1;1;0;0;0;3;5;4;5;7;10;11;6;41;59;1;0;5.15;3.8;1.62;1.04;1.29;1.91;3.3;6;9.75;3.45;1.87;1.31;1.1;1.95;1.8;4.5;1.16;2.1;1.66;2.25;1.22;1.12;5.5;2.2;2.2;4.5;2.5;2;0;0;1.22;1.44;1.83;2.38;3.2;3.7;2.5;1.83;1.5;1.29;0;0;0;3.25;10;1.4;8.5;2.62;0;0;0;0;0;0;0;0;1.36;2.88;7;15;2.88;1.36;1.07;1.01;0;0;0;0;1;0;0;1;0;1;0;2019-05-31 18:45:00;2062;0;29;7;22;0;1;1;0;1;1;2;1;3;0;0;1;0;0;1;1;83;148;177;270;1.28;2.09;3.37;0;0;0;0;0;0;1;1;0;0;0;0;0;0;-1;-1;-1;-1;-1;-1;-1;-1;-1;29;29;43;57;93;36;57;64;50;10.43;2.57;3.29;2.64;Cobh Ramblers;Bray Wanderers;1.5;1.21;1;1.29;0.86;1.79;72;72;57;43;7;57;43;29;1.59;1.45;3.04;1845;27;Y;N;N;N;N;N;N
532107;2052;2063;2019;complete;4232;15;-1;;;0;0;0;9;7;16;-1;-1;1;2;0;0;0;3;2;1;2;4;-1;-1;50;50;1;2;2.6;3.25;2.6;1.04;1.29;1.95;3.35;6;9.5;3.4;1.83;1.3;1.1;1.74;2;3.4;1.3;3.5;1.28;1.4;1.33;1.53;3;2.1;3.25;2.8;2.4;2.88;0;0;1.22;1.44;1.72;2.3;3.2;3.7;2.5;2;1.53;1.29;0;0;0;1.83;10;2.1;4.33;4.75;0;0;0;0;0;0;0;0;1.36;2.88;7.5;15;2.88;1.36;1.06;1.01;0;0;0;0;0;0;0;0;0;0;0;2019-05-31 18:45:00;-1;0;43;14;15;0;1;1;3;5;6;2;8;8;0;0;1;2;0;3;1;72;76;131;133;0.67;1.03;1.7;0;0;0;0;0;0;1;1;0;0;1;1;0;0;-1;-1;-1;-1;-1;-1;-1;-1;-1;22;22;36;57;100;29;79;57;29;9.29;1.43;2.28;2.36;Galway United;Cabinteely;1.07;1.67;0.86;2.29;0.92;1.86;79;79;64;43;0;64;43;29;1.69;1.61;3.3;1845;27;N;N;N;N;N;N;N
532108;2061;2057;2019;complete;4232;15;-1;79;;1;0;1;5;6;11;-1;-1;1;2;0;0;3;2;2;4;5;6;-1;-1;50;50;1;2;2.4;3.05;3.05;1.07;1.43;2.3;4.4;8;7.5;2.75;1.59;1.2;1.05;1.95;1.77;3;1.36;2.75;1.4;1.47;1.32;1.37;3.46;2.03;3.28;3;2.3;2.87;0;0;1.22;1.44;1.83;2.38;3.2;3.7;2.5;1.83;1.5;1.29;0;0;0;2.2;7.5;1.9;4.33;4;0;0;0;0;0;0;0;0;1.5;3.14;10;26;2.48;1.33;1.06;1.01;0;0;0;0;1;0;0;1;0;1;0;2019-05-31 18:45:00;2061;0;36;7;7;0;1;1;4;1;1;5;5;6;0;0;1;2;0;3;1;47;62;110;105;0.88;0.98;1.86;1;0;1;0;0;0;1;1;0;0;0;0;0;0;-1;-1;-1;-1;-1;-1;-1;-1;-1;7;7;43;57;86;15;64;57;43;12.14;0.57;2.43;2;Shelbourne;Longford Town;2.46;1.47;2.57;1.71;2;2.08;93;93;57;43;15;71;71;50;2.1;1.47;3.57;1845;27;Y;N;N;N;N;N;N
532109;2058;2053;2019;complete;4232;15;-1;15;28,31;1;2;3;2;7;9;-1;-1;3;3;0;0;2;6;2;3;4;9;-1;-1;50;50;3;3;5.9;4.25;1.49;1.01;1.19;1.62;2.55;4.5;12.75;4.5;2.25;1.49;1.19;1.74;2;6;1.11;2.5;1.5;2.5;1.17;1.08;5.5;2.38;1.91;5;2.88;1.73;0;0;1.25;1.53;1.87;2.5;3.5;3.5;2.3;1.8;1.44;1.25;0;0;0;3.1;14;1.36;11;2.87;0;0;0;0;0;0;0;0;1.29;2.5;6;12;3.25;1.5;1.11;1.02;0;0;0;0;3;1;2;0;0;0;3;2019-05-31 18:45:00;2053;0;43;14;22;0;1;1;0;5;2;2;5;4;1;0;2;3;1;5;1;65;70;140;118;0.89;1.5;2.39;0;0;0;0;0;0;1;1;0;0;0;0;0;0;-1;-1;-1;-1;-1;-1;-1;-1;-1;22;43;64;86;93;50;79;79;64;8;0.86;3.86;3.29;Wexford;Drogheda United;0.69;1.73;1;1.86;0.57;1.86;79;57;36;15;7;43;36;29;1.13;2.36;3.49;1845;27;Y;Y;Y;N;N;N;Y
532110;2048;2061;2019;complete;4232;16;-1;;14;0;1;1;5;1;6;4;0;0;0;0;0;2;4;2;3;4;7;15;5;60;40;0;0;2.5;3.15;2.8;1.06;1.36;2.1;3.9;7.5;8.5;3.05;1.69;1.24;1.07;1.87;1.87;3;1.31;3.25;1.33;1.45;1.3;1.36;3.25;2;3.2;2.95;2.3;2.8;0;0;1.22;1.44;1.83;2.38;3.2;3.7;2.5;1.83;1.5;1.29;2.05;7.88;2.2;2.05;8.25;1.95;4.25;3.85;0;0;0;0;0;0;0;0;1.44;3.2;8;17.5;2.45;1.27;1.02;1;0;0;0;0;1;0;1;0;0;0;1;2019-06-08 14:00:00;2061;0;50;0;29;0;1;-1;2;0;3;1;2;4;0;0;0;0;0;0;1;56;32;118;87;0.82;0.96;1.78;0;0;0;0;0;0;1;1;0;0;0;0;-1;-1;-1;-1;-1;-1;-1;-1;-1;-1;-1;7;14;43;71;93;14;79;71;43;12.29;0.57;4.33;2.29;Bray Wanderers;Shelbourne;2.23;2;2.29;1.43;1.67;2.07;93;86;57;29;7;57;50;36;1.37;1.46;2.83;1845;27;Y;N;N;N;N;N;N
532111;2063;2062;2019;complete;4232;16;-1;5,78;2,23;2;2;4;4;2;6;3;3;1;0;0;0;4;3;2;5;6;8;15;10;51;49;1;0;1.74;3.6;4.5;1.04;1.29;1.95;3.35;6.45;9.5;3.4;1.83;1.3;1.1;1.83;1.87;2.2;1.56;4.5;1.16;1.11;1.21;2.1;2.2;2.2;4.8;1.91;2.5;4.7;0;0;1.2;1.36;1.7;2.15;2.9;3.9;2.8;2;1.6;1.33;1.38;7.73;4.2;1.43;10;3.05;2.6;7;0;0;0;0;0;0;0;0;1.34;2.7;6.5;14.5;2.85;1.38;1.06;1.01;0;0;0;0;4;1;2;1;0;1;3;2019-06-08 18:00:00;-1;0;50;29;7;0;1;1;2;0;2;2;2;4;0;0;1;0;0;1;1;43;51;101;90;0.98;1.09;2.07;0;0;0;0;0;0;1;1;1;1;0;0;0;0;-1;-1;-1;-1;-1;-1;-1;-1;-1;15;36;57;71;100;43;93;57;29;10.85;0.14;5;2.79;Cabinteely;Cobh Ramblers;1.75;0.77;1.43;0.71;1.8;1;86;64;43;29;0;72;50;29;1.51;1.1;2.61;1845;27;Y;Y;Y;Y;N;N;Y
532112;2053;2060;2019;complete;4232;16;-1;29,36,41,82;62,64;4;2;6;2;2;4;3;3;0;0;0;0;7;6;4;3;11;9;12;9;50;50;0;0;1.2;6.45;11;1.01;1.12;1.43;2.05;3.45;16;5.85;2.75;1.71;1.29;1.91;1.83;2.1;1.62;9;1.04;1.01;1.09;3.55;1.61;2.8;6.7;1.45;3.45;6.15;0;0;1.22;1.44;1.8;2.3;3.1;3.7;2.5;1.87;1.53;1.3;1.09;12.27;10.8;1.24;15.75;4.05;2.2;13.25;0;0;0;0;0;0;0;0;1.19;2;4.35;9.5;3.8;1.67;1.15;1.01;0;0;0;0;6;3;0;1;2;3;3;2019-06-08 16:00:00;2053;0;43;14;22;0;1;-1;2;1;0;1;3;1;0;0;0;0;0;0;1;31;28;59;50;1.41;1.19;2.6;0;0;0;0;0;0;1;1;0;0;0;1;-1;-1;-1;-1;-1;-1;-1;-1;-1;-1;-1;22;36;57;71;93;22;86;71;43;10.29;2.29;3.15;2.79;Drogheda United;Athlone Town;2.07;0.62;1.86;0.86;1.93;0.73;79;64;43;29;7;79;71;43;2.14;1.21;3.35;1845;27;Y;Y;Y;Y;Y;Y;Y
532113;2055;2052;2019;complete;4232;16;-1;52,60;33;2;1;3;7;4;11;2;0;1;2;0;0;8;3;12;3;20;6;3;8;51;49;1;2;2;3.5;3.55;1.04;1.29;1.91;3.3;6.35;9.75;3.45;1.87;1.31;1.1;1.77;1.95;2.55;1.42;4.33;1.2;1.2;1.26;1.77;2.45;2.1;4.05;2.2;2.45;3.65;0;0;1.2;1.4;1.7;2.2;2.9;3.9;2.7;2;1.57;1.33;1.66;6.99;3.04;1.61;10;2.5;3.15;5.95;0;0;0;0;0;0;0;0;1.36;2.75;6.8;15;2.75;1.36;1.05;1.01;0;0;0;0;3;0;1;2;0;2;1;2019-06-08 17:30:00;2055;0;29;7;7;0;1;1;3;4;4;0;7;4;0;1;1;1;1;2;1;72;54;149;141;2.35;1;3.35;0;0;0;0;0;0;1;1;0;0;0;0;0;0;-1;-1;-1;-1;-1;-1;-1;-1;-1;0;22;50;65;86;22;65;65;43;8.43;2;3.86;2.22;Limerick;Galway United;1.79;0.85;2.14;0.86;1.67;0.87;100;79;50;36;15;64;50;43;1.88;1.55;3.43;1845;27;Y;Y;Y;N;N;N;Y
532114;2057;2058;2019;complete;4232;16;-1;90;;1;0;1;10;2;12;1;1;0;1;0;0;12;4;7;5;19;9;12;12;67;33;0;1;1.23;5.9;10.75;1.01;1.16;1.53;2.35;4.05;14;5;2.45;1.57;1.22;2;1.74;1.91;1.74;8.5;1.05;1.01;1.1;3.45;1.67;2.65;6.75;1.48;3.2;6.55;0;0;1.29;1.57;2;2.5;3.7;3.1;2.2;1.7;1.44;1.22;1.1;11.7;9.79;1.23;14.5;4.25;2.1;12;0;0;0;0;0;0;0;0;1.23;2.2;4.85;10.75;3.55;1.56;1.12;1.02;0;0;0;0;1;0;0;1;0;1;0;2019-06-08 18:30:00;2057;0;50;22;29;0;1;1;5;1;5;1;6;6;0;0;0;1;0;1;1;54;25;86;58;2.42;1.03;3.45;0;0;0;0;0;0;1;1;0;0;0;0;0;0;-1;-1;-1;-1;-1;-1;-1;-1;-1;15;22;57;86;100;43;57;93;43;8.72;2.14;3.26;3;Longford Town;Wexford;2.21;0.14;2.57;0.14;2;0.53;86;79;43;15;0;71;71;50;1.84;1.1;2.94;1845;27;Y;N;N;N;N;N;N
532115;2060;2063;2019;complete;4232;17;-1;72,74;50,90;2;2;4;2;5;7;4;4;0;0;0;0;5;4;5;2;10;6;9;15;54;46;0;0;3.6;3.75;1.87;1.01;1.19;1.62;2.55;4.55;12.75;4.5;2.25;1.49;1.19;1.57;2.25;5;1.14;3.25;1.33;1.8;1.28;1.25;3.75;2.3;2.4;3.5;2.75;2.2;0;0;0;0;1.84;0;0;0;0;1.98;0;0;3.12;8.39;1.65;2.4;15;1.57;7;3.6;0;0;0;0;0;0;0;0;1.29;2.5;6;12;3.25;1.5;1.11;1.02;0;0;0;0;4;0;0;2;2;4;0;2019-06-14 18:45:00;-1;0;44;13;25;0;1;-1;1;1;1;4;2;5;0;0;0;0;0;0;1;19;23;61;59;1.12;0.83;1.95;0;0;0;0;0;0;1;1;0;0;1;0;-1;-1;-1;-1;-1;-1;-1;-1;-1;-1;-1;32;38;38;69;94;32;76;75;38;10.88;2.26;2.88;2.94;Athlone Town;Cabinteely;0.71;1.67;0.63;2.13;0.69;1.75;69;63;63;32;7;69;57;50;1.44;1.54;2.98;1845;27;Y;Y;Y;Y;N;N;Y
532116;2048;2057;2019;complete;4232;17;-1;5,89,90;30,85;3;2;5;4;11;15;-1;-1;1;0;0;0;7;5;8;12;15;17;-1;-1;50;50;1;0;2.95;3.05;2.4;1.07;1.43;2.35;4.45;8.75;7.5;2.75;1.57;1.19;1.05;1.95;1.77;3.25;1.33;2.62;1.44;1.53;1.36;1.36;3.6;1.91;3.1;3.2;2.2;2.88;0;0;0;0;0;0;0;0;0;0;0;0;0;0;0;2.3;7.5;1.83;4.4;3.9;0;0;0;0;0;0;0;0;1.5;3.25;9.5;34;2.5;1.29;1.04;1;0;0;0;0;5;1;1;2;1;3;2;2019-06-14 18:45:00;2048;0;44;0;13;0;1;1;2;7;2;4;9;6;1;0;0;0;1;0;1;49;91;142;181;1.81;2.1;3.9;0;0;0;0;0;0;1;1;1;0;1;3;0;0;-1;-1;-1;-1;-1;-1;-1;-1;-1;0;7;32;51;88;7;69;63;32;13.26;0.37;3.25;1.76;Bray Wanderers;Longford Town;2.23;1.47;2;1.5;1.56;2.06;100;94;69;51;13;69;69;44;1.3;1.41;2.71;1845;27;Y;Y;Y;Y;Y;N;Y
532117;2062;2052;2019;complete;4232;17;-1;33,60;69;2;1;3;2;7;9;2;0;0;1;0;0;3;3;4;6;7;9;13;11;43;57;0;1;2.2;3.45;3;1.03;1.24;1.77;2.95;5.55;10.75;3.85;2;1.38;1.13;1.65;2.15;3.4;1.3;4;1.22;1.36;1.3;1.57;2.75;2.1;3.6;2.5;2.5;3.2;0;0;0;0;1.84;2.03;0;0;0;1.98;1.8;0;1.54;8.58;3.26;1.72;12;2.2;4.2;5.8;0;0;0;0;0;0;0;0;1.33;2.75;6.5;13;3;1.4;1.08;1.01;0;0;0;0;3;1;0;1;1;2;1;2019-06-14 18:45:00;2062;0;44;7;19;0;1;1;0;2;2;5;2;7;0;0;0;1;0;1;1;58;121;156;217;1.1;1.68;2.78;0;0;0;0;0;0;1;1;0;0;0;1;0;0;-1;-1;-1;-1;-1;-1;-1;-1;-1;19;32;69;69;94;32;76;76;63;9.63;2.13;3.76;2.94;Cobh Ramblers;Galway United;1.5;0.85;1.25;0.75;1;0.81;82;69;32;32;7;63;63;44;1.55;1.48;3.03;1845;27;Y;Y;Y;N;N;N;Y
532118;2061;2053;2019;complete;4232;17;-1;16,85;45;2;1;3;5;7;12;3;1;0;0;0;0;5;6;2;9;7;15;10;8;46;54;0;0;2.05;3.45;3.4;1.04;1.29;1.95;3.35;6.45;9.5;3.4;1.83;1.3;1.1;1.77;1.95;2.75;1.4;3.75;1.25;1.33;1.3;1.66;2.7;2;4;2.4;2.4;3.5;0;0;0;0;1.85;0;0;0;0;1.97;0;0;1.81;7.23;2.68;1.72;9;2.37;3.6;5.5;0;0;0;0;0;0;0;0;1.36;2.88;7;15;2.88;1.36;1.07;1.01;0;0;0;0;3;1;1;1;0;1;2;2019-06-14 18:45:00;2061;0;38;19;19;0;1;-1;0;5;5;2;5;7;0;0;0;0;0;0;1;45;46;75;82;1.12;1.7;2.82;0;0;0;0;0;0;1;1;0;0;0;1;-1;-1;-1;-1;-1;-1;-1;-1;-1;-1;-1;26;32;63;69;94;44;69;63;57;10.51;0.75;2.63;3.01;Shelbourne;Drogheda United;2.46;1.73;2.63;2;2.13;2;76;69;38;32;7;63;57;44;1.95;2.25;4.2;1845;27;Y;Y;Y;N;N;N;Y
532119;2058;2055;2019;complete;4232;17;-1;;;0;0;0;1;5;6;1;2;1;1;0;0;4;6;2;6;6;12;10;10;38;62;1;1;5.3;3.7;1.62;1.05;1.32;2;3.5;6.8;9.25;3.3;1.8;1.28;1.09;1.95;1.77;3.75;1.25;2.37;1.53;1.8;1.28;1.25;4.5;2;2.5;4;2.4;2.2;0;0;0;0;1.84;0;0;0;0;1.98;0;0;3.96;8.95;1.46;2.62;9.5;1.57;6.5;3;0;0;0;0;0;0;0;0;1.4;3.2;8;17;2.75;1.3;1.06;1;0;0;0;0;0;0;0;0;0;0;0;2019-06-14 18:45:00;-1;0;50;19;19;0;1;1;1;1;0;4;2;4;1;1;0;0;2;0;1;16;33;39;46;0.78;1.41;2.18;0;0;0;0;0;0;1;1;0;0;0;0;0;0;-1;-1;-1;-1;-1;-1;-1;-1;-1;13;25;51;88;100;44;88;75;38;6.13;0.88;5.38;2.76;Wexford;Limerick;0.69;0.85;0.88;1.25;0.5;1.75;88;75;51;13;0;50;25;19;1.1;1.3;2.4;1845;27;N;N;N;N;N;N;N
532120;2063;2058;2019;complete;4232;18;-1;48,90;;2;0;2;6;3;9;-1;-1;1;3;0;1;7;2;5;1;12;3;-1;-1;50;50;1;5;1.67;3.7;4.85;1.03;1.26;1.83;3.1;5.8;10.5;3.7;1.95;1.35;1.12;1.8;1.95;2.45;1.44;4.5;1.16;1.14;1.22;2.1;2.2;2.1;5;2;2.6;4.5;0;0;0;0;0;0;0;0;0;0;0;0;0;0;0;1.5;11;2.88;3;6.7;0;0;0;0;0;0;0;0;1.3;2.63;6;13;3.2;1.44;1.1;1.01;0;0;0;0;2;0;0;2;0;2;0;2019-06-28 18:45:00;2063;0;57;25;32;0;1;1;3;0;3;3;3;6;0;0;1;4;0;5;1;125;59;167;144;2.16;0.78;2.94;0;0;0;0;0;0;1;1;0;0;1;0;0;0;-1;-1;-1;-1;-1;-1;-1;-1;-1;25;32;63;82;100;38;69;88;51;8.75;0.37;4.5;3.19;Cabinteely;Wexford;1.75;0.14;1.38;0.13;1.71;0.53;75;69;38;19;0;63;57;44;1.45;1.09;2.54;1845;27;Y;Y;N;N;N;N;N
532121;2053;2048;2019;complete;4232;18;-1;90;;1;0;1;4;4;8;2;8;1;0;0;0;6;4;8;7;14;11;13;12;54;46;1;0;1.83;3.75;3.8;1.03;1.24;1.77;2.9;5.45;11;3.9;2;1.38;1.14;1.69;2.05;2.85;1.33;5;1.14;1.2;1.25;1.83;2.38;2.2;4.2;2.1;2.63;3.75;0;0;0;0;1.86;0;0;0;0;1.96;0;0;1.62;7.52;3.13;1.62;12;2.5;3.35;6.6;0;0;0;0;0;0;0;0;1.3;2.63;6;13;3.2;1.44;1.1;1.01;0;0;0;0;1;0;0;1;0;1;0;2019-06-28 18:45:00;2053;0;25;7;19;0;1;1;2;1;2;3;3;5;0;0;1;0;0;1;1;72;75;111;131;1.83;1.53;3.35;0;0;0;0;0;0;1;1;0;0;0;0;0;0;-1;-1;-1;-1;-1;-1;-1;-1;-1;26;32;50;63;94;32;57;75;51;10.63;3.01;2.76;2.69;Drogheda United;Bray Wanderers;2.07;1.21;2;1.13;1.88;1.65;76;69;50;38;7;63;44;32;2.05;1.53;3.58;1845;27;Y;N;N;N;N;N;N
532122;2052;2060;2019;complete;4232;18;-1;30;65;1;1;2;2;9;11;0;2;3;1;0;0;9;9;9;9;18;18;15;8;54;46;3;1;1.59;4.35;4.7;1.01;1.18;1.59;2.45;4.35;13.25;4.7;2.3;1.51;1.2;1.62;2.2;2.65;1.39;6;1.11;1.14;1.17;2.2;2.1;2.38;4.5;1.91;2.8;4.33;0;0;0;0;1.86;0;0;0;0;1.97;0;0;1.45;20.16;3;1.44;14;2.8;3;7.25;0;0;0;0;0;0;0;0;1.29;2.38;5.5;12;3.25;1.53;1.13;1.02;0;0;0;0;2;1;0;0;1;1;1;2019-06-28 18:45:00;-1;0;44;13;13;0;1;1;0;6;2;3;6;5;1;0;2;1;1;3;1;43;53;81;92;2.07;2.14;4.22;0;1;0;1;0;0;1;1;0;0;0;1;0;0;-1;-1;-1;-1;-1;-1;-1;-1;-1;19;26;44;63;94;25;88;63;32;7.75;1.01;2.63;2.5;Galway United;Athlone Town;1.07;0.62;0.88;0.75;0.76;0.71;82;76;57;38;7;63;51;32;1.57;1.21;2.78;1845;27;Y;Y;N;N;N;N;Y
532123;2055;2061;2019;complete;4232;18;-1;;38;0;1;1;5;4;9;0;1;1;1;0;0;4;4;7;8;11;12;16;14;50;50;1;1;3.75;3.25;2;1.06;1.4;2.2;4.15;8.25;8;2.85;1.62;1.21;1.06;1.95;1.77;4;1.18;2.1;1.66;2;1.25;1.14;5;2;2.4;4.5;2.4;2.1;0;0;0;0;1.83;0;0;0;0;1.98;0;0;3.03;8.27;1.68;2.8;8;1.57;6.25;2.5;0;0;0;0;0;0;0;0;1.44;3.2;8.5;34;2.63;1.3;1.05;1;0;0;0;0;1;0;1;0;0;0;1;2019-06-28 18:45:00;2061;0;38;7;19;0;1;1;5;2;0;2;7;2;0;0;1;1;0;2;1;28;29;50;51;1.17;1.24;2.42;0;0;0;0;0;0;1;1;0;0;0;0;0;0;-1;-1;-1;-1;-1;-1;-1;-1;-1;7;13;32;57;82;13;63;57;32;8.76;3.13;3.88;1.88;Limerick;Shelbourne;1.79;2;2.25;1.63;1.71;2.18;94;88;69;44;19;51;32;32;1.94;1.39;3.33;1845;27;Y;N;N;N;N;N;N
532124;2057;2062;2019;complete;4232;18;-1;31;;1;0;1;9;1;10;2;0;2;2;0;0;11;9;10;4;21;13;11;13;56;44;2;2;1.36;4.55;8;1.03;1.24;1.77;2.95;5.55;10.75;3.85;2;1.38;1.13;2.05;1.71;1.71;1.95;7.5;1.07;1.02;1.11;3.35;1.73;2.4;8;1.53;3;7.5;0;0;1.2;1.4;1.7;2.2;2.9;3.9;2.7;2;1.57;1.33;1.2;9.33;7.28;1.21;12;4.9;1.91;11.5;0;0;0;0;0;0;0;0;1.3;2.63;6;12;3.2;1.44;1.1;1.02;0;0;0;0;1;1;0;0;0;0;1;2019-06-29 18:30:00;2057;0;44;32;0;0;1;1;3;0;6;1;3;7;1;0;1;2;1;3;1;64;50;105;96;2.55;1.81;4.37;0;0;0;0;0;0;1;1;0;0;2;0;0;0;-1;-1;-1;-1;-1;-1;-1;-1;-1;0;32;51;69;100;51;75;69;13;10.63;2.63;2.96;2.51;Longford Town;Cobh Ramblers;2.21;0.77;2.63;0.75;1.94;1.12;100;69;51;32;0;75;63;38;1.91;1.1;3.01;1845;27;Y;N;N;N;N;N;N
532125;2060;2058;2019;complete;4232;19;-1;5,72,89;51;3;1;4;5;2;7;3;2;0;0;0;0;7;3;6;7;13;10;10;8;49;51;0;0;1.95;3.65;3.45;1.03;1.24;1.77;2.9;5.45;11;3.9;2;1.38;1.14;1.67;2.1;0;0;0;0;1.33;1.29;1.67;0;0;0;2.38;2.62;3.2;0;0;0;0;0;0;0;0;0;0;0;0;0;0;0;0;0;0;0;0;0;0;0;0;0;0;0;0;1.33;2.62;6.5;17;3.25;1.44;1.11;1.02;0;0;0;0;4;1;0;2;1;3;1;2019-07-05 18:45:00;2060;0;56;17;39;0;1;-1;1;0;4;2;1;6;0;0;0;0;0;0;1;74;72;139;125;1.86;1.37;3.23;0;0;0;0;0;0;1;1;1;0;1;0;-1;-1;-1;-1;-1;-1;-1;-1;-1;-1;-1;28;39;56;89;100;33;61;100;62;7.66;2.67;4.34;3.5;Athlone Town;Wexford;0.71;0.14;0.67;0.11;0.72;0.5;73;61;44;11;0;67;56;50;1.4;1.06;2.46;1845;27;Y;Y;Y;Y;N;N;Y
532126;2063;2048;2019;complete;4232;19;-1;15,82;75;2;1;3;3;4;7;2;1;1;4;0;0;6;7;2;7;8;14;11;10;37;63;1;4;3;3.25;2.25;1.06;1.37;2.15;3.95;7.75;8.25;3;1.67;1.23;1.07;1.87;1.87;0;0;0;0;1.62;1.33;1.33;0;0;0;3.2;2.38;2.62;0;0;0;0;0;0;0;0;0;0;0;0;0;0;0;0;0;0;0;0;0;0;0;0;0;0;0;0;1.44;3.25;9;26;2.62;1.33;1.07;1.01;0;0;0;0;3;1;0;1;1;2;1;2019-07-05 18:45:00;2063;0;22;11;6;0;1;1;3;2;0;2;5;2;0;1;1;3;1;4;1;78;107;146;186;1.51;2.16;3.67;0;0;0;0;0;0;1;1;0;0;0;0;0;0;-1;-1;-1;-1;-1;-1;-1;-1;-1;17;22;39;61;100;28;56;78;39;10.34;1;3.11;2.39;Cabinteely;Bray Wanderers;1.75;1.21;1.56;1;1.78;1.56;84;78;61;39;0;50;28;22;1.53;1.53;3.06;1845;27;Y;Y;Y;N;N;N;Y
532127;2053;2062;2019;complete;4232;19;-1;8,13,29,81;9,37;4;2;6;8;0;8;1;2;3;3;0;0;8;3;11;2;19;5;12;13;58;42;3;3;1.24;5.75;11;1.01;1.19;1.62;2.55;4.55;12.75;4.5;2.25;1.49;1.19;2.15;1.65;0;0;0;0;1.07;1.22;2.62;0;0;0;1.62;3;6;0;0;0;0;0;0;0;0;0;0;0;0;0;0;0;0;0;0;0;0;0;0;0;0;0;0;0;0;1.29;2.2;5;13;3.5;1.62;1.17;1.04;0;0;0;0;6;3;2;1;0;1;5;2019-07-05 18:45:00;2053;0;50;28;17;0;-1;1;-1;-1;-1;-1;-1;-1;0;1;3;2;1;5;1;77;64;127;113;2.32;1;3.32;1;0;1;0;0;0;1;1;1;1;-1;-1;0;0;-1;-1;-1;-1;-1;-1;-1;-1;-1;17;44;62;67;95;45;84;61;34;9.89;3.44;3.78;2.89;Drogheda United;Cobh Ramblers;2.07;0.77;2.11;0.67;1.94;1.06;84;56;39;33;6;73;56;28;2.02;1.18;3.2;1845;27;Y;Y;Y;Y;Y;Y;Y
532128;2052;2061;2019;complete;4232;19;-1;;2,12,44;0;3;3;7;5;12;1;2;0;2;0;0;2;8;10;8;12;16;16;13;54;46;0;2;5.9;4.45;1.47;1.03;1.25;1.8;3;5.6;10.75;3.8;2;1.37;1.13;1.95;1.77;0;0;0;0;2.62;1.22;1.12;0;0;0;5;2.75;1.8;0;0;0;0;0;0;0;0;0;0;0;0;0;0;0;0;0;0;0;0;0;0;0;0;0;0;0;0;1.33;2.62;6.5;19;3.25;1.44;1.11;1.02;0;0;0;0;3;0;3;0;0;0;3;2019-07-05 18:45:00;2061;0;39;6;11;0;1;1;3;3;4;2;6;6;0;0;0;2;0;2;1;42;47;73;82;1.2;1.91;3.11;0;0;0;0;0;0;1;1;0;1;0;0;0;0;-1;-1;-1;-1;-1;-1;-1;-1;-1;11;11;33;56;89;17;78;56;28;8.56;1.89;3.55;2;Galway United;Shelbourne;1.07;2;0.89;1.78;0.78;2.22;89;89;67;44;11;56;33;28;1.62;1.38;3;1845;27;Y;Y;Y;N;N;N;N
532129;2055;2057;2019;complete;4232;19;-1;3,19,50;14;3;1;4;2;5;7;-1;-1;1;1;0;0;7;7;3;4;10;11;-1;-1;50;50;1;1;5.65;3.8;1.57;1.06;1.36;2.1;3.9;7.5;8.5;3.05;1.69;1.24;1.07;2.15;1.65;0;0;0;0;2.25;1.25;1.12;0;0;0;5;2.5;1.95;0;0;0;0;0;0;0;0;0;0;0;0;0;0;0;0;0;0;0;0;0;0;0;0;0;0;0;0;1.44;3.25;9;26;2.62;1.33;1.07;1.01;0;0;0;0;4;2;1;1;0;1;3;2019-07-05 18:45:00;2055;0;39;11;11;0;1;1;1;2;1;3;3;4;0;1;1;0;1;1;1;39;73;117;147;1.42;1.73;3.15;0;0;0;0;0;0;1;1;1;0;1;0;0;0;-1;-1;-1;-1;-1;-1;-1;-1;-1;6;11;28;44;78;11;56;56;28;11.11;2.12;3.11;1.67;Limerick;Longford Town;1.79;1.47;2;1.33;1.61;2;95;89;73;56;22;73;56;45;1.85;1.48;3.33;1845;27;Y;Y;Y;Y;N;N;Y
532130;2048;2055;2019;complete;4232;20;-1;45;;1;0;1;3;2;5;3;0;3;1;1;0;3;0;1;3;4;3;12;8;57;43;4;1;1.57;3.8;5.65;1.05;1.32;2;3.5;6.8;9.25;3.3;1.8;1.28;1.09;2;1.74;1.95;1.71;0;0;1.11;1.25;2.25;0;0;0;1.91;2.5;5.5;0;0;1.29;1.57;2;2.7;3.7;3.2;2.2;1.7;1.4;1.22;1.28;9.85;6.17;0;0;0;2.45;6.4;1.44;3.14;8.5;18;2.6;1.33;1.02;1.01;1.4;3;8;21;2.75;1.36;1.08;1.02;0;0;0;0;1;1;0;0;0;0;1;2019-07-12 18:45:00;2048;0;50;11;28;0;1;1;1;0;2;2;1;4;1;0;3;1;1;4;1;63;50;124;105;0.94;0.57;1.5;1;0;1;0;0;0;1;1;0;0;1;0;1;0;-1;-1;-1;-1;-1;-1;-1;-1;-1;17;22;39;67;95;28;84;67;33;9.66;1.23;4.34;2.39;Bray Wanderers;Limerick;2.23;0.85;2.11;1.22;1.47;1.68;84;78;62;33;6;56;45;28;1.36;1.31;2.67;1845;27;Y;N;N;N;N;N;N
532131;2061;2063;2019;complete;4232;20;-1;79;90;1;1;2;4;4;8;2;2;2;5;0;0;9;4;4;5;13;9;14;16;48;52;2;5;1.51;4.05;5.85;1.04;1.28;1.87;3.2;6.15;10;3.55;1.91;1.33;1.11;1.95;1.77;2.05;1.62;0;0;1.12;1.22;2.25;0;0;0;1.91;2.6;5;0;0;1.3;1.6;2.05;2.8;3.9;3.1;2.15;1.67;1.36;1.2;1.37;7.88;4.5;0;0;0;2.5;7.25;1.36;2.73;7;15.25;2.9;1.42;1.05;1.01;1.33;2.5;6;17;3.25;1.5;1.12;1.02;0;0;0;0;2;0;0;1;1;2;0;2019-07-12 18:45:00;-1;0;39;17;22;0;1;1;2;0;2;4;2;6;1;0;1;5;1;6;1;54;73;109;126;1.85;1.39;3.23;0;0;0;0;0;0;1;1;0;0;1;0;0;0;-1;-1;-1;-1;-1;-1;-1;-1;-1;17;22;45;62;95;28;62;62;39;11.33;0.67;1.67;2.39;Shelbourne;Cabinteely;2.46;1.67;2.67;2;2.26;1.84;84;78;56;39;6;73;67;56;1.86;1.46;3.32;1845;27;Y;Y;N;N;N;N;Y
532132;2058;2052;2019;complete;4232;20;-1;;;0;0;0;5;6;11;2;0;0;1;0;0;5;4;5;7;10;11;11;15;42;58;0;1;2.65;3.35;2.5;1.03;1.25;1.8;3;5.6;10.75;3.8;2;1.37;1.13;1.62;2.15;3.7;1.2;0;0;1.57;1.3;1.4;0;0;0;3;2.5;2.6;0;0;1.22;1.5;1.83;2.38;3.5;3.7;2.38;1.83;1.5;1.25;2.42;7.98;1.96;0;0;0;5;3.85;1.34;2.6;6.5;15;3;1.46;1.1;1.02;1.33;2.5;6;17;3.25;1.5;1.12;1.02;0;0;0;0;0;0;0;0;0;0;0;2019-07-12 18:45:00;-1;0;44;11;11;0;1;1;2;4;3;2;6;5;0;0;0;1;0;1;1;37;38;70;68;1.25;1.25;2.5;0;0;0;0;0;0;1;1;0;0;0;1;0;0;-1;-1;-1;-1;-1;-1;-1;-1;-1;0;22;73;89;95;33;84;78;61;7.89;0;4.11;2.78;Wexford;Galway United;0.69;0.85;0.89;0.67;0.47;0.74;100;78;28;11;6;61;45;39;1.06;1.51;2.57;1845;27;N;N;N;N;N;N;N
532133;2062;2060;2019;complete;4232;20;-1;42,67;47;2;1;3;7;5;12;1;1;0;2;0;0;12;5;4;4;16;9;12;8;49;51;0;2;1.87;3.55;3.95;1.02;1.2;1.65;2.65;4.75;12.25;4.35;2.2;1.45;1.17;1.59;2.25;3.45;1.23;0;0;1.4;1.29;1.53;0;0;0;2.6;2.62;2.88;0;0;1.25;1.5;1.83;2.38;3.5;3.5;2.38;1.83;1.5;1.29;1.97;7.47;2.37;0;0;0;4.4;4.85;1.28;2.43;5.9;13;3.3;1.52;1.08;1.02;1.3;2.38;6;17;3.4;1.53;1.12;1.02;0;0;0;0;3;1;0;1;1;2;1;2019-07-13 18:00:00;2062;0;56;11;33;0;1;1;5;3;2;2;8;4;0;0;0;2;0;2;1;62;51;87;82;2.29;1.29;3.58;0;0;0;0;0;0;1;1;0;0;3;1;0;0;-1;-1;-1;-1;-1;-1;-1;-1;-1;28;33;50;67;95;28;84;73;45;8.77;2.45;2.78;2.89;Cobh Ramblers;Athlone Town;1.5;0.62;1.44;0.78;1;0.84;73;67;50;33;6;62;56;33;1.49;1.31;2.8;1845;27;Y;Y;Y;N;N;N;Y
532134;2057;2053;2019;complete;4232;20;-1;39,86;32;2;1;3;2;4;6;5;2;1;1;0;0;6;5;6;6;12;11;17;17;53;47;1;1;2.2;3.3;3.2;1.03;1.26;1.83;3.15;5.9;10.25;3.65;1.91;1.34;1.12;1.67;2.1;3.25;1.26;0;0;1.36;1.36;1.53;0;0;0;2.62;2.5;3;0;0;1.22;1.44;1.83;2.38;3.2;3.7;2.5;1.83;1.5;1.29;1.9;7.8;2.54;0;0;0;4.25;4.6;1.36;2.6;6.8;15;2.9;1.46;1.05;1.02;1.36;2.62;6.5;19;3;1.44;1.11;1.02;0;0;0;0;3;1;1;1;0;1;2;2019-07-13 18:30:00;2057;0;39;22;11;0;1;1;1;0;1;4;1;5;1;1;0;0;2;0;1;43;34;81;75;1.49;1.29;2.78;0;0;0;0;0;0;1;1;0;0;1;0;0;0;-1;-1;-1;-1;-1;-1;-1;-1;-1;17;28;56;67;95;50;67;73;34;11.55;2.66;2.32;2.78;Longford Town;Drogheda United;2.21;1.73;2.67;1.78;1.89;2;84;73;45;33;6;67;61;39;1.98;2.19;4.17;1845;29;Y;Y;Y;N;N;N;Y
532135;2060;2061;2019;complete;4232;21;-1;90;23,28;1;2;3;2;5;7;2;1;1;1;0;0;5;6;8;4;13;10;9;8;48;52;1;1;5.8;4.65;1.44;1.02;1.21;1.69;2.7;4.9;12;4.25;2.15;1.43;1.16;1.87;1.87;8.25;1.02;1.66;2.1;3.9;1.07;1.02;9.5;2.6;1.61;8;3.4;1.37;0;0;0;0;1.91;0;0;0;0;1.77;0;0;5.95;10.5;1.17;5.2;14.25;1.17;12.5;1.83;1.23;2.2;4.9;10.75;3.5;1.56;1.12;1.03;1.13;1.67;3;6.5;5.5;2.1;1.33;1.1;0;0;0;0;3;0;2;1;0;1;2;2019-07-19 18:45:00;2061;0;45;5;30;0;1;1;0;4;2;1;4;3;0;1;1;0;1;1;1;48;46;110;115;1.53;1.4;2.92;1;0;1;0;0;0;1;1;0;0;0;2;0;1;-1;-1;-1;-1;-1;-1;-1;-1;-1;20;35;50;75;95;25;80;75;45;9.3;3.6;3.49;2.95;Athlone Town;Shelbourne;0.71;2;0.9;1.9;0.8;2.2;80;65;50;25;5;50;35;35;1.45;1.43;2.88;1845;27;Y;Y;Y;N;N;N;Y
532136;2063;2057;2019;complete;4232;21;-1;36,90;;2;0;2;3;4;7;2;2;3;2;0;0;9;5;5;1;14;6;16;8;44;56;3;2;3.65;3.45;1.95;1.05;1.33;2;3.6;7;9;3.2;1.77;1.27;1.08;1.83;1.87;3.75;1.2;2.62;1.44;1.73;1.3;1.29;4;2.05;2.7;3.45;2.35;2.4;0;0;0;0;1.83;0;0;0;0;1.83;0;0;2.75;6.95;1.61;2.4;8.5;1.73;5.45;3.25;1.38;2.9;7;15.75;2.65;1.33;1.04;1.01;1.22;2.15;4.5;12;3.75;1.57;1.18;1.05;0;0;0;0;2;1;0;1;0;1;1;2019-07-19 18:45:00;2063;0;50;20;15;0;1;1;1;3;2;1;4;3;1;1;2;1;2;3;1;79;84;129;161;2.09;1.36;3.45;0;0;0;0;0;0;1;1;0;0;1;1;0;0;-1;-1;-1;-1;-1;-1;-1;-1;-1;15;25;50;65;90;25;70;75;40;12.2;0.2;3.3;2.45;Cabinteely;Longford Town;1.75;1.47;1.7;1.2;1.8;1.95;85;75;50;35;10;60;50;35;1.52;1.51;3.03;1845;29;Y;Y;N;N;N;N;N
532137;2052;2048;2019;complete;4232;21;-1;45,83;7,50;2;2;4;2;7;9;3;1;1;2;0;0;8;12;7;15;15;27;15;5;47;53;1;2;4.4;3.85;1.69;1.04;1.3;1.95;3.4;6.55;9.5;3.4;1.83;1.3;1.1;1.91;1.83;4.45;1.14;2.25;1.57;2.08;1.28;1.19;5.1;2.23;2.28;4.7;2.5;1.91;0;0;0;0;1.8;0;0;0;0;1.83;0;0;3.6;7.25;1.39;2.7;10;1.57;6.6;2.6;1.38;2.6;5.8;17;2.8;1.43;1.1;1.01;1.22;2.1;4.2;11;4;1.61;1.2;1.05;0;0;0;0;4;1;1;1;1;2;2;2019-07-19 18:45:00;-1;0;25;5;5;0;1;1;0;3;2;4;3;6;1;0;0;2;1;2;1;51;48;81;82;1.87;2.87;4.75;0;0;0;0;0;0;1;1;0;1;0;0;0;0;-1;-1;-1;-1;-1;-1;-1;-1;-1;10;10;35;55;95;25;60;65;30;8.8;2;2.8;2.05;Galway United;Bray Wanderers;1.07;1.21;0.8;0.9;0.75;1.55;90;90;65;45;5;55;35;30;1.58;1.59;3.17;1845;27;Y;Y;Y;Y;N;N;Y
532138;2055;2053;2019;complete;4232;21;-1;4;52,71,82,86;1;4;5;7;9;16;1;3;3;0;0;0;10;9;12;10;22;19;15;7;47;53;3;0;4;3.8;1.77;1.03;1.24;1.77;2.95;5.55;10.75;3.85;2;1.38;1.13;1.74;2;5.9;1.08;3;1.36;2.18;1.23;1.21;4.45;2.49;2.17;3.85;2.9;1.87;0;0;0;0;1.87;0;0;0;0;1.8;0;0;3.45;7.25;1.42;2.6;15;1.53;7.5;3.25;1.31;2.19;5;14;3.34;1.63;1.17;1.01;1.12;1.91;2.9;6;5.75;1.74;1.36;1.11;0;0;0;0;5;1;0;0;4;4;1;2019-07-19 18:45:00;2053;0;50;30;15;0;1;1;2;3;5;6;5;11;0;0;3;0;0;3;1;29;34;44;50;2.28;2.06;4.34;0;1;0;1;0;0;1;1;1;0;0;0;0;0;-1;-1;-1;-1;-1;-1;-1;-1;-1;15;30;55;65;85;45;70;60;35;9;2.6;3.1;2.65;Limerick;Drogheda United;1.79;1.73;2.1;1.6;1.6;1.9;85;70;45;35;15;55;35;30;1.81;2.1;3.91;1845;27;Y;Y;Y;Y;Y;N;Y
532139;2062;2058;2019;complete;4232;21;-1;27;39;1;1;2;7;5;12;0;2;2;1;0;0;6;8;2;6;8;14;13;18;46;54;2;1;1.95;3.45;3.65;1.03;1.25;1.8;3.05;5.7;10.5;3.75;1.95;1.36;1.12;1.69;2.05;2.6;1.39;4.33;1.2;1.22;1.25;1.74;2.65;2.05;4;2.3;2.4;3.45;0;0;0;0;0;0;0;0;0;0;0;0;0;0;0;1.65;10;2.4;3.3;5.75;1.33;2.65;6.4;14.25;2.85;1.38;1.06;1.02;1.2;2.1;4;10;4;1.62;1.2;1.06;0;0;0;0;2;1;1;0;0;0;2;2019-07-20 18:00:00;-1;0;60;15;50;0;1;1;4;3;3;2;7;5;1;0;1;1;1;2;1;54;57;79;100;1.32;1.86;3.17;0;0;0;0;0;0;1;1;0;0;2;0;0;0;-1;-1;-1;-1;-1;-1;-1;-1;-1;25;30;60;75;95;30;60;85;65;7.8;2.5;3.8;3.1;Cobh Ramblers;Wexford;1.5;0.14;1.6;0.1;1.1;0.5;75;70;40;25;5;65;55;40;1.58;1.09;2.67;1845;27;Y;Y;N;N;N;N;Y
532140;2048;2060;2019;complete;4232;22;-1;56,63,86;;3;0;3;6;3;9;0;3;0;0;0;0;6;3;8;9;14;12;12;13;57;43;0;0;1.29;5.65;8.25;1.01;1.15;1.53;2.3;4;14;5.05;2.45;1.59;1.23;1.87;1.87;1.91;1.74;9;1.04;1.03;1.11;4.3;1.58;2.99;8.3;1.48;3.62;8.2;0;0;0;1.51;1.93;2.56;0;0;2.55;1.9;1.51;0;1.19;11.41;6.62;1.25;17;4;2.1;15;1.25;2.03;4.18;11;3.76;1.73;1.22;1.03;1.12;1.68;2.76;6.5;5.8;2.17;1.44;1.1;0;0;0;0;3;0;0;3;0;3;0;2019-07-26 18:45:00;2048;0;55;10;30;0;1;-1;1;2;5;1;3;6;0;0;0;0;0;0;1;44;32;70;49;1.62;1.19;2.81;0;0;0;0;0;0;1;1;0;0;0;1;-1;-1;-1;-1;-1;-1;-1;-1;-1;-1;-1;15;25;45;70;100;20;95;70;40;10.4;0.5;3.1;2.6;Bray Wanderers;Athlone Town;2.23;0.62;2.2;0.7;1.52;0.76;85;75;55;30;0;65;65;45;1.32;1.31;2.63;1845;27;Y;Y;Y;N;N;N;N
532141;2053;2063;2019;complete;4232;22;-1;;;0;0;0;6;11;17;3;3;0;2;0;1;7;4;6;9;13;13;6;12;48;52;0;3;1.71;3.9;4.3;1.02;1.21;1.69;2.75;5;11.75;4.2;2.1;1.43;1.16;1.67;2.1;2.55;1.41;5;1.14;1.22;1.26;2.06;2.31;2.35;4.42;2.14;2.73;4.14;0;0;0;1.45;1.85;2.45;0;0;2.74;1.98;1.55;0;1.43;8.77;3.82;1.53;11;2.7;3;8;1.33;2.43;5.5;15;3.14;1.52;1.11;1.02;1.21;1.95;3.74;9;4.24;1.83;1.26;1.06;0;0;0;0;0;0;0;0;0;0;0;2019-07-26 18:45:00;-1;0;50;15;35;0;1;1;2;5;4;6;7;10;0;0;0;3;0;3;1;63;92;102;106;1.77;1.76;3.53;0;0;0;0;0;0;1;1;0;0;1;1;0;0;-1;-1;-1;-1;-1;-1;-1;-1;-1;30;40;50;65;90;30;60;70;45;11.6;3.1;2.9;2.85;Drogheda United;Cabinteely;2.07;1.67;2.2;1.9;1.95;1.86;70;60;50;35;10;60;50;35;2.05;1.45;3.5;1845;29;N;N;N;N;N;N;N
532142;2055;2062;2019;complete;4232;22;-1;53,60,75;13,25,33,69;3;4;7;5;0;5;2;1;2;1;0;0;11;8;10;8;21;16;16;13;48;52;2;1;1.91;3.6;3.75;1.03;1.25;1.8;3;5.6;10.75;3.8;2;1.37;1.13;1.71;2.05;2.4;1.48;4.5;1.16;1.27;1.3;1.87;2.48;2.17;4.5;2.2;2.4;4.2;0;0;0;1.54;1.99;2.64;0;0;2.48;1.84;1.48;0;1.61;7.83;3.11;1.62;9;2.6;3.4;6.5;1.41;2.81;7.5;17;2.77;1.4;1.06;1.01;1.24;2.14;4.1;11;3.6;1.66;1.19;1.03;0;0;0;0;7;0;3;3;1;4;3;2019-07-26 18:45:00;2062;0;53;34;5;0;-1;1;-1;-1;-1;-1;-1;-1;0;0;2;1;0;3;1;39;30;57;55;2.36;1.78;4.14;0;1;0;1;0;0;1;1;0;0;-1;-1;0;0;-1;-1;-1;-1;-1;-1;-1;-1;-1;10;39;48;63;91;39;82;53;19;7.99;2.47;4.12;2.55;Limerick;Cobh Ramblers;1.79;0.77;1.91;0.6;1.52;1.1;91;62;52;38;9;67;43;28;1.85;1.16;3.01;1845;27;Y;Y;Y;Y;Y;Y;Y
532143;2061;2058;2019;complete;4232;22;-1;11,27,34,64,88;48,58;5;2;7;6;4;10;2;0;0;3;0;0;9;7;8;3;17;10;12;15;52;48;0;3;1.19;6.2;14;1.01;1.19;1.62;2.55;4.55;12.75;4.5;2.25;1.49;1.19;2.3;1.57;1.57;2.15;8;1.06;1.04;1.13;3.98;1.65;2.74;8.6;1.54;3.3;7.9;0;0;0;1.43;1.76;2.35;0;0;2.75;2.08;1.6;0;1.12;14.08;9.03;1.2;15;5;1.73;21;1.26;2.29;4.46;12;3.64;1.58;1.2;1.03;1.15;1.87;3.17;9;5.05;1.91;1.35;1.06;0;0;0;0;7;3;0;2;2;4;3;2019-07-26 18:45:00;2061;0;52;24;33;0;1;1;4;1;2;3;5;5;0;2;0;1;2;1;1;60;49;101;107;2.13;1.49;3.62;1;0;1;0;0;0;1;1;0;0;1;1;0;0;-1;-1;-1;-1;-1;-1;-1;-1;-1;14;19;53;81;100;33;58;81;57;8.47;0.92;3.18;2.79;Shelbourne;Wexford;2.46;0.14;2.5;0.18;2.24;0.52;86;82;48;20;0;72;67;58;1.86;1.16;3.02;1845;27;Y;Y;Y;Y;Y;Y;Y
532144;2057;2052;2019;complete;4232;22;-1;68,71,83,90;;4;0;4;6;2;8;0;3;1;1;0;0;13;5;9;2;22;7;10;11;54;46;1;1;1.47;4.3;6.25;1.03;1.24;1.77;2.9;5.45;11;3.9;2;1.38;1.14;1.91;1.8;2.05;1.62;6;1.11;1.12;1.22;2.63;2;2.42;5.8;1.85;2.83;5.5;0;0;0;1.45;1.83;2.45;0;0;2.75;2;1.55;0;1.22;9.79;6.25;1.36;12;3.3;2.3;11;1.34;2.48;5.5;15;3.1;1.5;1.11;1.02;1.21;1.99;3.74;10;4.24;1.8;1.26;1.04;0;0;0;0;4;0;0;4;0;4;0;2019-07-27 18:30:00;2057;0;35;10;5;0;1;1;1;2;5;0;3;5;1;1;0;0;2;0;1;52;46;97;98;2.67;1.14;3.8;0;0;0;0;0;0;1;1;0;0;0;0;0;0;-1;-1;-1;-1;-1;-1;-1;-1;-1;0;15;60;70;95;30;70;80;40;11;2;2.59;2.4;Longford Town;Galway United;2.21;0.85;2.7;0.7;1.86;0.76;100;85;40;30;5;75;70;50;1.93;1.48;3.41;1845;27;Y;Y;Y;Y;N;N;N
532145;2060;2057;2019;complete;4232;23;-1;89;2,15,22,87,90;1;5;6;3;7;10;1;3;2;1;0;0;5;8;5;8;10;16;20;10;40;60;2;1;7.25;4.9;1.36;1.01;1.18;1.59;2.45;4.35;13.25;4.7;2.3;1.51;1.2;1.83;1.91;6.75;1.06;2.25;1.57;2.8;1.14;1.07;6;2.4;1.83;5.5;3;1.67;0;0;0;0;0;0;0;0;0;0;0;0;0;0;0;3.3;17;1.33;9.25;2.45;1.25;2.25;5.5;11;3.5;1.57;1.13;1.02;1.14;1.78;2.98;8.3;5.25;2.02;1.38;1.06;0;0;0;0;6;0;3;1;2;3;3;2019-08-02 18:45:00;2057;0;55;14;23;0;1;1;2;5;1;2;7;3;0;0;2;1;0;3;1;53;60;124;144;1.38;2.02;3.39;0;1;0;1;0;0;1;1;0;1;0;3;0;0;-1;-1;-1;-1;-1;-1;-1;-1;-1;18;37;50;73;91;27;73;87;41;10.91;2.73;2.91;2.87;Athlone Town;Longford Town;0.71;1.47;0.82;1.09;0.73;1.91;82;64;50;27;9;55;50;41;1.45;1.49;2.94;1845;27;Y;Y;Y;Y;Y;Y;Y
532146;2063;2055;2019;complete;4232;23;-1;4,33,49;;3;0;3;6;1;7;3;0;1;3;0;1;12;0;12;3;24;3;10;9;59;41;1;4;1.56;3.9;5.8;1.04;1.29;1.95;3.35;6.45;9.5;3.4;1.83;1.3;1.1;1.95;1.77;1.69;2;5.5;1.12;1.04;1.13;3.5;1.73;2.38;8;1.57;2.88;8;0;0;0;0;0;0;0;0;0;0;0;0;0;0;0;1.25;12;4.5;1.91;10;1.33;2.75;6.5;15;3;1.4;1.08;1.01;1.31;2.01;3.94;10;3.26;1.75;1.24;1.04;0;0;0;0;3;2;0;1;0;1;2;2019-08-02 18:45:00;2063;0;43;14;19;0;1;1;2;1;4;0;3;4;0;2;1;2;2;3;1;92;21;143;105;3.01;0.36;3.38;0;0;0;0;0;0;1;1;1;0;0;1;0;0;-1;-1;-1;-1;-1;-1;-1;-1;-1;19;24;43;71;95;29;81;71;33;8.29;1.5;4.59;2.51;Cabinteely;Limerick;1.75;0.85;1.82;1.1;1.82;1.45;81;77;58;29;5;43;24;14;1.58;1.23;2.81;1845;27;Y;Y;Y;N;N;N;N
532147;2052;2053;2019;complete;4232;23;-1;51;19,23,30;1;3;4;6;8;14;-1;-1;1;0;0;0;3;4;6;2;9;6;-1;-1;50;50;1;0;6.35;4.55;1.43;1.02;1.2;1.65;2.6;4.7;12.25;4.4;2.2;1.47;1.18;1.83;1.91;6.2;1.07;2.37;1.53;2.41;1.22;1.15;4.85;2.47;2.1;4.6;2.86;1.92;0;0;0;0;0;0;0;0;0;0;0;0;0;0;0;3;9.7;1.54;8.5;2.8;1.3;2.27;5.2;12.5;3.32;1.59;1.15;1.02;1.17;1.84;3.26;7.7;4.86;1.94;1.33;1.08;0;0;0;0;4;0;3;1;0;1;3;2019-08-02 18:45:00;2053;0;55;27;14;0;1;1;2;4;4;4;6;8;1;0;0;0;1;0;1;68;74;151;148;1.29;1.21;2.5;0;0;0;0;0;0;1;1;0;0;0;1;0;0;-1;-1;-1;-1;-1;-1;-1;-1;-1;23;32;64;73;91;50;82;64;41;9.46;2.27;2.72;2.96;Galway United;Drogheda United;1.07;1.73;0.82;1.73;0.73;1.91;78;69;37;27;9;64;45;36;1.61;2.1;3.71;1845;27;Y;Y;Y;Y;N;N;Y
532148;2058;2048;2019;complete;4232;23;-1;44;5,17,25,45,65;1;5;6;2;2;4;0;0;2;2;0;0;4;7;8;2;12;9;6;17;50;50;2;2;6.2;4;1.5;1.04;1.29;1.91;3.3;6.35;9.75;3.45;1.87;1.31;1.1;2;1.74;5.25;1.1;2;1.72;2.49;1.23;1.13;5.65;2.33;2.09;5.35;2.69;1.9;0;0;0;0;0;0;0;0;0;0;0;0;0;0;0;3.42;8;1.5;8;2.3;1.38;2.65;5.8;17;2.9;1.44;1.1;1.01;1.21;2.09;3.9;10;3.9;1.69;1.22;1.04;0;0;0;0;6;1;4;0;1;1;5;2019-08-02 18:45:00;2048;0;29;15;14;0;1;1;0;2;2;0;2;2;1;1;1;1;2;2;1;37;39;86;78;1.31;1.34;2.65;0;1;0;1;0;0;1;1;0;1;0;2;0;0;-1;-1;-1;-1;-1;-1;-1;-1;-1;5;19;43;68;90;34;58;71;43;7.91;1.06;3.46;2.24;Wexford;Bray Wanderers;0.69;1.21;0.9;0.91;0.5;1.59;96;81;57;33;10;48;24;24;1.08;1.71;2.79;1845;27;Y;Y;Y;Y;Y;Y;Y
532149;2062;2061;2019;complete;4232;23;-1;90;;1;0;1;5;5;10;3;0;3;2;0;0;5;5;3;5;8;10;14;13;40;60;3;2;5.9;4.45;1.47;1.02;1.2;1.67;2.65;4.85;12;4.3;2.15;1.44;1.17;1.83;1.91;6;1.07;2.1;1.66;2.7;1.14;1.08;5.5;2.3;1.91;5;2.88;1.73;0;0;0;1.5;1.94;2.59;0;0;2.58;1.88;1.5;0;5.84;10.26;1.23;3.25;14;1.36;8.5;2.4;1.3;2.5;6;12;3.2;1.5;1.11;1.02;1.13;1.89;4.18;11;5.5;1.89;1.22;1.03;0;0;0;0;1;0;0;1;0;1;0;2019-08-03 18:00:00;2062;0;50;9;32;0;1;1;4;3;1;2;7;3;1;0;2;2;1;4;1;77;95;163;191;1.43;1.69;3.13;0;0;0;0;0;0;1;1;0;0;0;1;0;0;-1;-1;-1;-1;-1;-1;-1;-1;-1;18;18;50;64;91;32;78;60;41;9.73;3;3.35;2.5;Cobh Ramblers;Shelbourne;1.5;2;1.55;2;1.18;2.27;82;82;50;36;9;55;41;32;1.56;1.43;2.99;1845;27;Y;N;N;N;N;N;N
532150;2048;2062;2019;complete;4232;24;-1;46,86,90;32,56,87;3;3;6;9;11;20;-1;-1;1;0;0;0;8;10;8;5;16;15;-1;-1;50;50;1;0;1.5;3.95;6.35;1.05;1.33;2.05;3.65;7;9;3.2;1.74;1.27;1.08;2.1;1.67;2.3;1.51;7;1.08;1.04;1.25;2.62;1.9;2.37;6.5;1.79;3.01;5.35;0;0;0;0;0;0;0;0;0;0;0;0;0;0;0;1.3;12;3.6;2.55;10.5;1.28;2.28;5.2;14;3.54;1.62;1.15;1.01;1.14;1.84;3.17;8.3;5.25;1.94;1.35;1.06;0;0;0;0;6;0;1;3;2;5;1;2019-08-16 18:45:00;-1;0;55;27;18;0;1;1;4;2;5;9;6;14;0;0;1;0;0;1;1;56;58;103;102;1.97;2.07;4.04;0;1;0;1;0;0;1;1;0;0;0;1;0;0;-1;-1;-1;-1;-1;-1;-1;-1;-1;14;37;55;69;100;41;91;60;32;9.55;1.09;3.91;2.86;Bray Wanderers;Cobh Ramblers;2.23;0.77;2.27;0.82;1.65;1.26;87;64;46;32;0;64;50;27;1.34;1.22;2.56;1845;27;Y;Y;Y;Y;Y;Y;Y
532151;2063;2052;2019;complete;4232;24;-1;;19;0;1;1;8;4;12;3;4;2;1;0;0;4;5;5;2;9;7;14;11;56;44;2;1;1.38;4.5;7.25;1.03;1.23;1.74;2.9;5.35;11.25;3.95;2.05;1.39;1.14;1.95;1.77;2;1.69;7.5;1.07;1.04;1.14;3.4;1.72;2.5;7;1.66;3.15;6.35;0;0;0;1.44;1.81;2.36;0;0;2.77;2.02;1.59;0;1.19;10.46;7.07;1.25;15;4;2.2;10.5;1.29;2.25;4.8;13;3.3;1.6;1.15;1.02;1.17;1.84;3.2;8.3;4.86;1.94;1.34;1.06;0;0;0;0;1;0;1;0;0;0;1;2019-08-16 18:45:00;2052;0;39;9;13;0;1;1;4;2;4;2;6;6;0;0;2;1;0;3;1;44;28;58;58;1.16;1;2.16;0;0;0;0;0;0;1;1;0;0;0;2;0;0;-1;-1;-1;-1;-1;-1;-1;-1;-1;9;26;70;83;96;26;78;83;58;10.08;0.7;3.64;2.83;Cabinteely;Galway United;1.75;0.85;1.92;0.64;1.87;0.7;92;74;30;18;5;58;45;36;1.7;1.45;3.15;1845;27;Y;N;N;N;N;N;N
532152;2053;2058;2019;complete;4232;24;-1;18,21,52,74,77,80;;6;0;6;5;3;8;-1;-1;0;0;0;1;10;2;10;4;20;6;-1;-1;50;50;0;2;1.19;6.3;13.25;1.01;1.16;1.54;2.35;4.1;13.75;4.95;2.4;1.56;1.22;2.2;1.61;1.8;1.87;10.5;1.02;1.01;1.1;4.33;1.5;3;9.5;1.42;3.86;8.7;0;0;0;0;0;0;0;0;0;0;0;0;0;0;0;1.16;23;4.75;1.91;14.75;1.2;1.81;4;9;4;1.94;1.2;1.05;1.1;1.6;2.73;5.55;6.45;2.32;1.45;1.14;0;0;0;0;6;2;0;4;0;4;2;2019-08-16 18:45:00;2053;0;56;22;39;0;1;1;3;1;2;2;4;4;0;0;0;1;0;1;1;91;38;122;95;2.61;0.81;3.42;1;0;1;0;0;0;1;1;0;0;0;1;0;0;-1;-1;-1;-1;-1;-1;-1;-1;-1;31;39;61;78;91;39;61;83;56;9.15;3.02;3.8;3.3;Drogheda United;Wexford;2.07;0.14;2.09;0.17;1.96;0.48;70;61;39;22;9;70;61;43;2.02;1.19;3.21;1845;27;Y;Y;Y;Y;Y;Y;N
532153;2055;2060;2019;complete;4232;24;-1;75;42;1;1;2;11;2;13;5;3;0;0;0;0;9;5;8;6;17;11;4;8;66;34;0;0;1.57;4.1;5.1;1.01;1.17;1.56;2.4;4.25;13.5;4.8;2.35;1.54;1.21;1.62;2.2;2.5;1.43;5;1.14;1.14;1.28;2;2.3;2.25;4.5;2.13;2.64;4.2;0;0;0;1.58;2.04;2.74;0;0;2.38;1.79;1.45;0;1.42;7.76;4.11;1.5;12;2.75;3.05;6.75;1.35;2.54;6;12;3.04;1.48;1.11;1.02;1.19;2.01;3.48;9;4.5;1.75;1.3;1.06;0;0;0;0;2;0;1;1;0;1;1;2019-08-16 18:45:00;-1;0;53;13;22;0;1;-1;7;1;4;1;8;5;0;0;0;0;0;0;1;43;37;62;57;2;1.31;3.31;0;0;0;0;0;0;1;1;0;0;1;0;-1;-1;-1;-1;-1;-1;-1;-1;-1;-1;-1;18;30;49;70;92;22;79;70;39;8.44;2.15;2.92;2.71;Limerick;Athlone Town;1.79;0.62;1.75;0.64;1.39;0.7;83;70;52;30;9;66;49;39;1.9;1.3;3.2;1845;27;Y;Y;N;N;N;N;Y
532154;2057;2061;2019;complete;4232;24;-1;;19,58;0;2;2;7;5;12;1;2;2;3;0;0;5;5;7;6;12;11;14;14;60;40;2;3;2.2;3.4;3;1.02;1.28;2.05;3.25;6;11;3.5;1.75;1.33;1.11;1.73;2.09;2.85;1.33;3.75;1.25;1.36;1.3;1.66;2.75;2.1;3.5;2.63;2.61;3.22;0;0;0;1.45;1.84;2.45;0;0;2.75;1.99;1.55;0;1.78;7.8;2.68;1.72;11;2.25;3.7;4.85;1.4;2.65;6;17;2.75;1.42;1.09;1.01;1.23;2.04;4.34;10.5;4.02;1.76;1.21;1.03;0;0;0;0;2;0;1;0;1;1;1;2019-08-17 18:30:00;2061;0;30;9;9;0;1;1;2;4;5;1;6;6;1;0;1;3;1;4;1;37;30;61;49;1.37;1.26;2.63;0;0;0;0;0;0;1;1;0;0;1;0;0;0;-1;-1;-1;-1;-1;-1;-1;-1;-1;4;13;44;61;96;31;65;70;22;10.65;2.89;2.72;2.18;Longford Town;Shelbourne;2.21;2;2.73;1.83;1.96;2.17;96;87;57;39;4;57;49;31;2;1.45;3.45;1845;27;Y;Y;N;N;N;N;N
532155;2060;2053;2019;complete;4232;25;-1;;17,66;0;2;2;3;7;10;1;4;1;3;1;0;2;3;6;15;8;18;10;6;44;56;2;3;8.25;5.85;1.27;1;1.1;1.35;1.91;3.05;17.5;6.6;3.1;1.87;1.36;1.67;2.1;10.25;1.01;2;1.72;4;1.1;1.03;8.5;3;1.53;7.4;3.74;1.48;0;0;0;1.49;1.92;2.58;0;0;2.61;1.92;1.5;0;7.82;12.2;1.15;4.5;23;1.18;13.5;2.15;1.18;1.87;3.5;7.5;4.3;1.87;1.25;1.07;1.1;1.57;2.6;5.1;6.45;2.38;1.49;1.16;0;0;0;0;2;0;1;0;1;1;1;2019-08-30 18:45:00;2053;0;67;21;30;0;1;1;2;4;1;3;6;4;2;0;0;3;2;3;1;19;33;51;67;0.78;1.58;2.36;0;0;0;0;0;0;1;1;0;0;0;0;1;0;-1;-1;-1;-1;-1;-1;-1;-1;-1;33;54;75;88;96;55;83;88;54;9.92;3.33;2.75;3.8;Athlone Town;Drogheda United;0.71;1.73;0.75;1.83;0.71;2;67;46;25;13;4;54;46;38;1.45;2.02;3.47;1845;27;Y;Y;N;N;N;N;N
532156;2052;2055;2019;complete;4232;25;-1;66,83,90;75,88;3;2;5;7;3;10;-1;-1;1;2;0;0;5;4;5;6;10;10;-1;-1;50;50;1;2;2.7;3.6;2.3;1.01;1.16;1.53;2.2;4;15;4.5;2.4;1.57;1.22;1.53;2.35;2.75;1.36;5.5;1.12;1.22;1.25;1.83;2.3;2.4;3.75;2.18;2.88;3.56;0;0;0;0;0;0;0;0;0;0;0;0;0;0;0;1.57;17;2.4;3.2;6.55;1.31;2.16;5.5;12.5;3.26;1.65;1.13;1.03;1.17;1.71;3.4;7;4.5;2.06;1.3;1.08;0;0;0;0;5;0;0;3;2;5;0;2019-09-16 18:45:00;2052;0;45;12;13;0;1;1;2;0;5;3;2;8;1;1;0;1;2;1;1;0;0;0;0;1.53;1.35;2.89;0;0;0;0;0;0;1;1;0;0;0;0;0;0;-1;-1;-1;-1;-1;-1;-1;-1;-1;17;25;45;67;92;37;84;63;25;7.38;1.9;3.95;2.56;Galway United;Limerick;1.07;0.85;0.92;1;0.88;1.44;84;76;55;34;9;53;32;24;1.63;1.14;2.77;1845;27;Y;Y;Y;Y;Y;N;Y
532157;2061;2048;2019;complete;4232;25;-1;;;0;0;0;2;0;2;0;1;2;2;0;0;6;3;8;5;14;8;13;16;45;55;2;2;1.74;3.6;4.55;1.03;1.25;1.8;3;5.6;10.75;3.8;2;1.37;1.13;1.74;2;2.45;1.44;4.5;1.16;1.14;1.25;2.1;2.25;2.2;4.5;2.11;2.68;4.4;0;0;0;1.53;2;2.69;0;0;2.5;1.83;1.46;0;1.54;7.36;3.49;1.5;11;2.87;2.95;6.9;1.35;2.54;5.3;13;3.04;1.48;1.12;1.02;1.2;2.04;3.56;9;4.36;1.76;1.29;1.06;0;0;0;0;0;0;0;0;0;0;0;2019-08-30 18:45:00;-1;0;35;18;22;0;-1;1;-1;-1;-1;-1;-1;-1;0;1;2;1;1;3;1;76;66;81;76;1.84;1.19;3.04;0;0;0;0;0;0;1;1;0;0;-1;-1;0;0;-1;-1;-1;-1;-1;-1;-1;-1;-1;18;22;49;66;100;35;57;78;49;9.94;1.52;2.33;2.66;Shelbourne;Bray Wanderers;2.46;1.21;2.55;1.08;2.21;1.63;83;79;52;35;0;58;45;36;1.88;1.68;3.56;1845;27;N;N;N;N;N;N;N
532158;2058;2057;2019;complete;4232;25;-1;;26,51;0;2;2;3;4;7;2;4;4;2;0;0;4;4;6;5;10;9;19;8;41;59;4;2;6.35;4.95;1.39;1.02;1.19;1.62;2.6;4.6;12.5;4.45;2.2;1.48;1.18;1.87;1.83;7;1.04;1.72;2;3.75;1.14;1.03;7.5;2.4;1.8;6.25;3.11;1.69;0;0;0;1.49;1.93;2.59;0;0;2.6;1.89;1.5;0;6.62;11.12;1.19;5;15;1.18;10.25;2.1;1.31;2.28;5;11;3.34;1.62;1.17;1.03;1.17;1.84;3.24;8.3;4.86;1.94;1.33;1.06;0;0;0;0;2;0;1;0;1;1;1;2019-08-30 18:45:00;2057;0;48;22;13;0;1;1;2;1;1;3;3;4;1;0;3;2;1;5;1;29;50;68;86;1.12;1.21;2.34;0;0;0;0;0;0;1;1;0;0;0;0;0;0;-1;-1;-1;-1;-1;-1;-1;-1;-1;13;26;49;70;83;35;70;70;35;9.58;0.48;3.42;2.49;Wexford;Longford Town;0.69;1.47;0.82;1.25;0.46;1.88;87;74;52;30;18;56;47;35;1.1;1.54;2.64;1845;27;Y;Y;N;N;N;N;N
532159;2062;2063;2019;complete;4232;25;-1;5;36;1;1;2;2;8;10;4;1;2;1;0;0;3;4;4;5;7;9;21;8;44;56;2;1;4.2;4;1.69;1.02;1.22;1.71;2.8;5.15;11.5;4.05;2.05;1.41;1.15;1.71;2.05;4.7;1.13;2.75;1.4;1.9;1.25;1.2;4.33;2.25;2.3;3.88;2.74;2.21;0;0;0;1.48;1.9;2.55;0;0;2.51;1.93;1.47;0;3.86;8.83;1.48;2.6;13;1.53;7.5;3.4;1.32;2.39;5.2;12;3.24;1.56;1.15;1.03;1.18;1.89;3.76;8.8;4.52;1.89;1.26;1.06;0;0;0;0;2;1;1;0;0;0;2;2019-08-31 18:00:00;-1;0;52;13;39;0;1;1;2;2;0;6;4;6;0;1;2;0;1;2;1;61;85;94;110;1.1;1.47;2.57;0;0;0;0;0;0;1;1;1;0;0;1;0;0;-1;-1;-1;-1;-1;-1;-1;-1;-1;22;26;39;57;87;26;56;61;43;11.19;2.84;3.03;2.38;Cobh Ramblers;Cabinteely;1.5;1.67;1.67;1.82;1.25;1.79;79;74;62;44;13;66;57;39;1.54;1.48;3.02;1845;27;Y;Y;N;N;N;N;Y
532165;2060;2052;2019;complete;4232;27;-1;55,88;16,90;2;2;4;8;1;9;-1;-1;-1;-1;-1;-1;10;8;12;7;22;15;-1;-1;50;50;-1;-1;3.55;3.9;1.87;1.01;1.15;1.5;2.25;3.85;14.5;5.2;2.5;1.61;1.24;1.5;2.45;6;1.11;2.75;1.4;2.2;1.22;1.16;4.33;2.4;2.1;4;2.87;1.9;0;0;0;0;0;0;0;0;0;0;0;0;0;0;0;2.75;17;1.44;7.75;3.35;1.28;2.25;5;13;3.5;1.57;1.16;1.04;1.13;1.72;2.9;6.5;5.1;2.05;1.36;1.1;0;0;0;0;4;0;1;2;1;3;1;2019-09-21 18:45:00;-1;0;48;4;23;0;1;-1;5;0;3;1;5;4;-1;-1;-1;-1;-1;-1;1;70;58;94;94;2.58;1.92;4.51;0;0;0;0;0;0;1;1;0;0;1;0;-1;-1;-1;-1;-1;-1;-1;-1;-1;-1;-1;16;40;69;84;96;28;80;88;61;8.91;2.75;3.2;3.22;Athlone Town;Galway United;0.71;0.85;0.69;0.83;0.65;0.96;85;61;32;17;4;65;57;45;1.4;1.41;2.81;1845;27;Y;Y;Y;Y;N;N;Y
532166;2048;2053;2019;complete;4232;27;-1;6,29,43,90;58;4;1;5;4;6;10;2;1;2;2;0;0;9;9;5;8;14;17;12;6;46;54;2;2;2.4;3.5;2.7;1.02;1.21;1.69;2.75;5;11.75;4.2;2.1;1.43;1.16;1.57;2.25;3.75;1.25;4.33;1.2;1.36;1.28;1.61;2.75;2.3;3.2;2.5;2.75;2.87;0;0;0;1.48;1.9;2.54;0;0;2.64;1.93;1.51;0;1.8;7.65;2.6;1.72;15;2.1;4.1;5.45;1.3;2.37;5.5;15;3.4;1.53;1.14;1.03;1.14;1.87;3.2;7;5;1.77;1.3;1.09;0;0;0;0;5;3;0;1;1;2;3;2019-09-21 18:45:00;2048;0;56;20;24;0;1;1;2;3;2;3;5;5;0;1;2;1;1;3;1;31;41;72;67;1.74;1.99;3.73;1;0;1;0;0;0;1;1;1;0;1;0;0;0;-1;-1;-1;-1;-1;-1;-1;-1;-1;24;36;64;76;96;40;84;72;48;12.1;1.29;2.98;3.11;Bray Wanderers;Drogheda United;2.23;1.73;2.17;1.92;1.65;1.96;76;65;37;24;4;65;56;40;1.4;1.99;3.39;1845;27;Y;Y;Y;Y;Y;N;Y
532167;2062;2057;2019;complete;4232;27;-1;32;24,48,58;1;3;4;3;5;8;2;0;2;1;0;0;0;6;3;4;3;10;18;13;36;64;2;1;3.65;3.65;1.91;1.03;1.23;1.74;2.9;5.35;11.25;3.95;2.05;1.39;1.14;1.69;2.05;5;1.14;2.75;1.4;1.9;1.28;1.16;4.33;2.25;2.3;4;2.62;2.1;0;0;0;1.48;1.9;2.54;0;0;2.64;1.93;1.51;0;3.08;8.18;1.61;2.62;12;1.53;6.25;3.4;1.33;2.5;6.5;17;3.25;1.5;1.11;1.02;1.15;1.91;3.3;7.5;4.8;1.74;1.28;1.08;0;0;0;0;4;1;1;0;2;2;2;2019-09-21 18:45:00;2057;0;54;19;27;0;1;1;2;2;1;3;4;4;1;0;1;1;1;2;1;52;56;89;114;0.58;1.47;2.04;1;0;1;0;0;0;1;1;0;0;2;0;0;0;-1;-1;-1;-1;-1;-1;-1;-1;-1;19;23;42;62;89;31;69;70;39;11.15;2.92;3.07;2.47;Cobh Ramblers;Longford Town;1.5;1.47;1.62;1.38;1.19;1.85;81;77;58;38;12;66;62;35;1.51;1.51;3.02;1845;27;Y;Y;Y;Y;N;N;Y
532168;2061;2055;2019;complete;4232;27;-1;32,43,49,51,59,69,73;;7;0;7;4;3;7;2;0;0;4;0;0;14;4;5;4;19;8;11;13;53;47;0;4;1.33;4.95;8.25;1.02;1.19;1.62;2.6;4.6;12.5;4.45;2.2;1.48;1.18;1.91;1.8;1.66;2.1;8.5;1.05;1.01;1.12;4;1.61;2.62;9.5;1.4;3.2;10;0;0;0;1.48;1.9;2.55;0;0;2.51;1.93;1.47;0;1.15;12.52;10.32;1.16;13;5.5;1.95;12.5;1.28;2.25;5.5;15;3.5;1.57;1.14;1.03;1.13;1.67;3.1;6.5;5.25;2.1;1.33;1.1;0;0;0;0;7;2;0;5;0;5;2;2019-09-21 18:45:00;2061;0;42;13;25;0;1;1;2;1;2;2;3;4;0;0;0;4;0;4;1;78;57;127;130;2.74;1.21;3.96;1;0;1;0;0;0;1;1;0;0;1;1;0;0;-1;-1;-1;-1;-1;-1;-1;-1;-1;21;21;46;67;92;33;67;67;38;8;1.42;3.58;2.54;Shelbourne;Limerick;2.46;0.85;2.42;0.92;2.19;1.38;79;79;54;33;8;55;46;29;1.88;1.16;3.04;1845;27;Y;Y;Y;Y;Y;Y;N
532169;2058;2063;2019;complete;4232;27;-1;75;71,81;1;2;3;3;2;5;-1;-1;5;2;0;0;3;6;5;6;8;12;-1;-1;50;50;5;2;5.05;4.15;1.57;1.01;1.17;1.57;2.45;4.3;13.25;4.75;2.35;1.53;1.2;1.65;2.15;6.5;1.1;2.1;1.66;2.75;1.16;1.08;6;2.37;1.9;5.5;2.75;1.72;0;0;0;0;0;0;0;0;0;0;0;0;0;0;0;3.6;13;1.33;8;2.45;1.33;2.5;6.5;17;3.25;1.5;1.11;1.02;1.17;1.91;3.4;8;4.4;1.74;1.28;1.06;0;0;0;0;3;0;0;1;2;3;0;2019-09-21 18:45:00;2063;0;46;21;21;0;1;1;0;2;3;0;2;3;2;0;3;2;2;5;1;79;83;130;139;1.3;1.79;3.08;1;0;1;0;0;0;1;1;0;0;0;0;0;0;-1;-1;-1;-1;-1;-1;-1;-1;-1;13;25;38;71;83;34;63;59;33;9.34;1;3.58;2.33;Wexford;Cabinteely;0.69;1.67;0.75;1.75;0.42;1.81;88;75;63;30;17;55;42;34;1.11;1.48;2.59;1845;27;Y;Y;Y;N;N;N;Y
725017;2063;2060;2019;complete;4232;26;-1;21,29,30;47;3;1;4;9;10;19;2;0;1;1;0;0;8;6;4;4;12;10;10;10;50;50;1;1;1.22;5;9;1.01;1.17;1.53;2.38;4;15;4.5;2.4;1.53;1.22;2.14;1.69;1.87;1.8;8.5;1.05;1.02;1.12;3.75;1.67;2.6;8.5;1.58;3.26;7.2;0;0;0;1.48;1.9;2.55;0;0;2.51;1.93;1.47;0;1.15;12.31;9.99;1.25;15;4;2;11.5;1.3;2.25;5;12;3.36;1.63;1.17;1.03;1.15;1.81;3.17;7.7;5.05;1.98;1.35;1.08;0;0;0;0;4;3;0;0;1;1;3;2019-09-13 18:45:00;2063;0;48;12;20;0;1;1;7;5;2;5;12;7;0;0;1;1;0;2;1;40;42;66;65;1.6;1.35;2.96;0;0;0;0;0;0;1;1;0;0;1;0;0;0;-1;-1;-1;-1;-1;-1;-1;-1;-1;16;24;52;80;100;24;89;80;40;9.46;1.46;3;2.76;Cabinteely;Athlone Town;1.75;0.62;1.77;0.67;1.76;0.68;84;76;48;20;0;61;49;37;1.66;1.3;2.96;1845;27;Y;Y;Y;Y;N;N;Y
725018;2053;2061;2019;complete;4232;26;-1;77;64,81,90;1;3;4;6;6;12;-1;-1;2;2;1;0;4;6;11;4;15;10;-1;-1;50;50;3;2;2.2;3.1;2.9;1.02;1.25;1.85;3.25;5.5;11;3.75;1.95;1.33;1.12;1.68;2.16;3.1;1.29;3.75;1.25;1.4;1.29;1.57;2.88;2.2;3.25;2.66;2.54;3.26;0;0;0;1.53;2;2.69;0;0;2.41;1.82;1.41;0;1.92;7.76;2.51;1.91;10;2.1;4;4.8;1.37;2.6;5.8;15;2.94;1.46;1.1;1.02;1.23;2.08;3.96;9;3.96;1.73;1.24;1.06;0;0;0;0;4;0;0;1;3;4;0;2019-09-13 18:45:00;2061;0;37;9;20;0;1;1;3;4;3;2;7;5;2;0;1;2;2;3;1;71;78;93;89;1.73;1.61;3.35;0;0;0;0;0;0;1;1;0;0;0;1;0;0;-1;-1;-1;-1;-1;-1;-1;-1;-1;25;29;53;65;88;33;72;69;37;10.6;3.31;3.34;2.71;Drogheda United;Shelbourne;2.07;2;2.17;1.92;2.04;2.16;75;71;48;36;13;56;44;32;2.07;1.43;3.5;1845;27;Y;Y;Y;Y;N;N;Y
725019;2052;2062;2019;complete;4232;26;-1;49,53,55,65,78,81,89;26;7;1;8;8;0;8;-1;-1;0;1;0;1;8;2;8;2;16;4;-1;-1;50;50;0;3;2.2;3.3;2.87;1.02;1.2;1.7;2.62;4.5;12;4.33;2.1;1.44;1.17;1.57;2.25;3.75;1.25;4;1.22;1.36;1.36;1.57;3;2.2;3.1;2.62;2.6;2.88;0;0;0;0;0;0;0;0;0;0;0;0;0;0;0;1.95;8.8;2.18;4.5;6;1.33;2.5;6;17;3.25;1.5;1.12;1.02;1.18;1.95;3.75;9;4.5;1.8;1.25;1.07;0;0;0;0;8;0;1;7;0;7;1;2019-09-13 18:45:00;2052;0;59;30;13;0;-1;1;-1;-1;-1;-1;-1;-1;0;1;0;1;1;1;1;86;34;142;127;2.2;0.66;2.86;0;0;0;0;0;0;1;1;0;0;-1;-1;0;0;-1;-1;-1;-1;-1;-1;-1;-1;-1;17;42;59;71;96;50;92;58;25;8.25;1.67;3.42;3;Galway United;Cobh Ramblers;1.07;0.77;0.75;0.83;0.79;1.24;84;59;42;29;4;71;50;34;1.58;1.29;2.87;1845;27;Y;Y;Y;Y;Y;Y;Y
725020;2055;2058;2019;complete;4232;26;-1;2,28,49,61;86;4;1;5;7;2;9;3;2;1;3;0;0;7;7;6;8;13;15;12;10;50;50;1;3;1.33;5;6;1.01;1.2;1.5;2.47;4.06;13;4.15;2.5;1.49;1.23;1.65;2;2.4;1.47;0;0;1.1;1.12;3;1.8;2.6;6;1.91;2.7;4.25;0;0;0;1.46;1.87;2.5;0;0;2.55;1.95;1.49;0;1.31;9.71;5.45;1.42;12.5;3;2.8;11;1.26;2.35;5.35;12;3.25;1.49;1.1;1.03;1.15;1.87;3.25;7.5;5;1.87;1.3;1.08;0;0;0;0;5;2;0;2;1;3;2;2019-09-13 18:45:00;2055;0;58;19;31;0;-1;1;-1;-1;-1;-1;-1;-1;0;1;1;2;1;3;-1;0;0;0;0;0;0;0;1;0;1;0;0;0;1;1;1;0;-1;-1;0;1;-1;-1;-1;-1;-1;-1;-1;-1;-1;23;35;50;77;93;35;66;77;50;8;2.24;3.92;3.08;Limerick;Wexford;1.79;0.14;1.69;0.15;1.38;0.44;77;66;50;23;8;66;50;42;1.9;1.16;3.06;1845;27;Y;Y;Y;Y;Y;N;Y
725021;2057;2048;2019;complete;4232;26;-1;10;45,88;1;2;3;1;4;5;1;3;1;2;2;0;5;8;5;10;10;18;10;13;43;57;4;2;1.95;3.4;3.3;1.01;1.22;1.7;2.62;4.5;13;4;2.1;1.44;1.16;1.6;2.32;2.9;1.33;4.5;1.16;1.3;1.25;1.72;2.6;2.25;3.6;2.42;2.74;3.36;0;0;0;0;0;0;0;0;0;0;0;0;0;0;0;1.66;13;2.3;3.5;5.65;1.35;2.5;5.5;13;2.9;1.46;1.11;1.02;1.18;1.89;3.76;8.8;4.52;1.89;1.26;1.06;0;0;0;0;3;1;1;0;1;1;2;2019-09-14 18:30:00;2048;0;24;16;8;0;1;1;0;2;1;2;2;3;2;1;1;1;3;2;1;42;57;100;111;1.29;2.11;3.4;0;1;0;1;0;0;1;1;1;0;0;1;1;0;-1;-1;-1;-1;-1;-1;-1;-1;-1;8;20;40;61;96;32;52;80;28;10.23;2.81;2.46;2.28;Longford Town;Bray Wanderers;2.21;1.21;2.5;1.08;1.92;1.6;93;80;60;40;4;53;41;29;1.95;1.64;3.59;1845;27;Y;Y;Y;N;N;N;Y
733868;2057;2063;2019;complete;52993;0;-1;41;18;1;1;2;15;5;20;3;4;2;4;0;0;8;5;7;8;15;13;16;19;60;40;2;4;1.8;3.7;4.05;1.04;1.3;1.95;3.4;6.55;9.5;3.4;1.83;1.3;1.1;1.87;1.87;2.38;1.53;4;1.22;1.22;1.29;1.91;2.4;2.2;4;2.2;2.6;3.75;0;0;0;0;0;0;0;0;0;0;0;0;0;0;0;0;0;0;0;0;1.4;2.75;7;19;2.75;1.4;1.1;1.02;1.25;2.1;4.33;11;3.75;1.67;1.2;1.05;0;0;0;0;2;1;1;0;0;0;2;2019-10-11 18:45:00;-1;1;43;19;19;0;1;1;5;1;9;4;6;13;0;1;2;3;1;5;-1;0;0;0;0;0;0;0;0;0;0;0;0;0;1;1;0;0;0;0;0;0;-1;-1;-1;-1;-1;-1;-1;-1;-1;11;23;43;66;89;31;64;72;31;11.65;1.82;2.92;2.34;Longford Town;Cabinteely;1.83;1.71;1.86;1.82;1.86;1.82;90;77;57;34;11;56;50;34;1.9;1.5;3.4;1845;29;Y;Y;N;N;N;N;Y
733869;2063;2057;2019;complete;52993;0;-1;;;0;0;0;4;3;7;-1;-1;1;1;1;0;3;3;1;3;4;6;-1;-1;50;50;3;1;2.5;3;2.5;1.05;1.33;2.1;3.75;7;8.5;3.25;1.7;1.25;1.08;1.83;1.83;2.75;1.4;3.4;1.3;1.36;1.36;1.53;3.1;2.05;3.4;2.75;2.38;3.1;0;0;0;0;0;0;0;0;0;0;0;0;0;0;0;0;0;0;0;0;1.44;3.25;9;23;2.62;1.33;1.07;1.01;1.25;2.2;5;13;3.75;1.62;1.17;1.04;0;0;0;0;0;0;0;0;0;0;0;2019-10-04 18:45:00;-1;1;45;18;14;0;1;1;3;2;1;1;5;2;0;0;2;1;0;3;1;44;42;84;81;0.79;0.9;1.69;0;0;0;0;0;0;1;1;0;0;1;1;0;0;-1;-1;-1;-1;-1;-1;-1;-1;-1;11;24;44;69;93;32;67;74;32;11.81;1.96;2.89;2.43;Cabinteely;Longford Town;1.71;1.83;1.85;1.89;1.85;1.89;89;76;56;32;7;58;52;35;1.65;1.51;3.16;1845;29;N;N;N;N;N;N;N
734779;2063;2053;2019;complete;52993;0;-1;6;79;1;1;2;3;11;14;-1;-1;3;1;0;0;2;3;3;6;5;9;-1;-1;50;50;3;1;2.9;3.05;2.5;1.06;1.36;2.1;3.9;7.5;8.5;3.05;1.69;1.24;1.07;1.83;1.87;3;1.36;2.75;1.4;1.5;1.33;1.44;3.2;2.05;3.2;2.88;2.4;2.75;0;0;0;0;0;0;0;0;0;0;0;0;0;0;0;0;0;0;0;0;1.44;3.25;8;21;2.62;1.33;1.08;1.02;1.29;2.2;5;13;3.5;1.62;1.17;1.04;0;0;0;0;2;1;0;0;1;1;1;2019-10-18 18:45:00;-1;1;52;21;17;0;1;1;0;4;3;7;4;10;2;0;1;1;2;2;1;27;56;69;74;0.66;1.18;1.84;0;0;0;0;0;0;1;1;1;0;0;0;0;0;-1;-1;-1;-1;-1;-1;-1;-1;-1;26;38;58;74;90;42;70;70;43;11.57;2.38;3.23;2.95;Cabinteely;Drogheda United;1.71;1.9;1.79;1.89;1.79;1.89;75;62;43;27;11;59;51;36;1.59;1.99;3.58;1845;29;Y;Y;N;N;N;N;Y
734780;2053;2063;2019;complete;52993;0;-1;35,57,59,62,79;52;5;1;6;-1;-1;-1;-1;-1;2;3;0;0;-1;-1;-1;-1;-1;-1;-1;-1;-1;-1;2;3;1.8;3.45;4.25;1.06;1.36;2.15;3.9;7.5;8.25;3;1.69;1.24;1.07;2;1.74;0;0;0;0;0;0;0;0;0;0;0;0;0;0;0;0;0;0;0;0;0;0;0;0;0;0;0;0;0;0;0;0;0;0;0;0;0;0;0;0;0;0;0;0;0;0;0;0;0;0;0;0;0;6;1;0;4;1;5;1;2019-10-25 18:45:00;2053;1;54;18;34;0;-1;1;-1;-1;-1;-1;-1;-1;0;1;2;2;1;4;-1;0;0;0;0;0;0;0;0;0;0;0;0;0;1;1;0;0;-1;-1;0;0;-1;-1;-1;-1;-1;-1;-1;-1;-1;25;37;56;75;90;40;71;71;42;11.67;2.23;3.26;2.92;Drogheda United;Cabinteely;1.9;1.71;1.86;1.77;1.86;1.77;76;64;45;26;11;61;52;38;2.05;1.5;3.55;1845;29;Y;Y;Y;Y;Y;Y;Y
