ID;HOMEID;AWAYID;SEASON;STATUS;ROUNDID;GAME_WEEK;REVISED_GAME_WEEK;HOMEGOALS;AWAYGOALS;HOMEGOALCOUNT;AWAYGOALCOUNT;TOTALGOALCOUNT;TEAM_A_CORNERS;TEAM_B_CORNERS;TOTALCORNERCOUNT;TEAM_A_OFFSIDES;TEAM_B_OFFSIDES;TEAM_A_YELLOW_CARDS;TEAM_B_YELLOW_CARDS;TEAM_A_RED_CARDS;TEAM_B_RED_CARDS;TEAM_A_SHOTSONTARGET;TEAM_B_SHOTSONTARGET;TEAM_A_SHOTSOFFTARGET;TEAM_B_SHOTSOFFTARGET;TEAM_A_SHOTS;TEAM_B_SHOTS;TEAM_A_FOULS;TEAM_B_FOULS;TEAM_A_POSSESSION;TEAM_B_POSSESSION;TEAM_A_CARDS_NUM;TEAM_B_CARDS_NUM;ODDS_FT_1;ODDS_FT_X;ODDS_FT_2;ODDS_FT_OVER05;ODDS_FT_OVER15;ODDS_FT_OVER25;ODDS_FT_OVER35;ODDS_FT_OVER45;ODDS_FT_UNDER05;ODDS_FT_UNDER15;ODDS_FT_UNDER25;ODDS_FT_UNDER35;ODDS_FT_UNDER45;ODDS_BTTS_YES;ODDS_BTTS_NO;ODDS_TEAM_A_CS_YES;ODDS_TEAM_A_CS_NO;ODDS_TEAM_B_CS_YES;ODDS_TEAM_B_CS_NO;ODDS_DOUBLECHANCE_1X;ODDS_DOUBLECHANCE_12;ODDS_DOUBLECHANCE_X2;ODDS_1ST_HALF_RESULT_1;ODDS_1ST_HALF_RESULT_X;ODDS_1ST_HALF_RESULT_2;ODDS_2ND_HALF_RESULT_1;ODDS_2ND_HALF_RESULT_X;ODDS_2ND_HALF_RESULT_2;ODDS_DNB_1;ODDS_DNB_2;ODDS_CORNERS_OVER_75;ODDS_CORNERS_OVER_85;ODDS_CORNERS_OVER_95;ODDS_CORNERS_OVER_105;ODDS_CORNERS_OVER_115;ODDS_CORNERS_UNDER_75;ODDS_CORNERS_UNDER_85;ODDS_CORNERS_UNDER_95;ODDS_CORNERS_UNDER_105;ODDS_CORNERS_UNDER_115;ODDS_CORNERS_1;ODDS_CORNERS_X;ODDS_CORNERS_2;ODDS_TEAM_TO_SCORE_FIRST_1;ODDS_TEAM_TO_SCORE_FIRST_X;ODDS_TEAM_TO_SCORE_FIRST_2;ODDS_WIN_TO_NIL_1;ODDS_WIN_TO_NIL_2;ODDS_1ST_HALF_OVER05;ODDS_1ST_HALF_OVER15;ODDS_1ST_HALF_OVER25;ODDS_1ST_HALF_OVER35;ODDS_1ST_HALF_UNDER05;ODDS_1ST_HALF_UNDER15;ODDS_1ST_HALF_UNDER25;ODDS_1ST_HALF_UNDER35;ODDS_2ND_HALF_OVER05;ODDS_2ND_HALF_OVER15;ODDS_2ND_HALF_OVER25;ODDS_2ND_HALF_OVER35;ODDS_2ND_HALF_UNDER05;ODDS_2ND_HALF_UNDER15;ODDS_2ND_HALF_UNDER25;ODDS_2ND_HALF_UNDER35;ODDS_BTTS_1ST_HALF_YES;ODDS_BTTS_1ST_HALF_NO;ODDS_BTTS_2ND_HALF_YES;ODDS_BTTS_2ND_HALF_NO;OVERALLGOALCOUNT;HT_GOALS_TEAM_A;HT_GOALS_TEAM_B;GOALS_2HG_TEAM_A;GOALS_2HG_TEAM_B;GOALCOUNT_2HG;HTGOALCOUNT;DATE_UNIX;WINNINGTEAM;NO_HOME_AWAY;BTTS_POTENTIAL;BTTS_FHG_POTENTIAL;BTTS_2HG_POTENTIAL;GOALTIMINGDISABLED;CORNER_TIMINGS_RECORDED;CARD_TIMINGS_RECORDED;TEAM_A_FH_CORNERS;TEAM_B_FH_CORNERS;TEAM_A_2H_CORNERS;TEAM_B_2H_CORNERS;CORNER_FH_COUNT;CORNER_2H_COUNT;TEAM_A_FH_CARDS;TEAM_B_FH_CARDS;TEAM_A_2H_CARDS;TEAM_B_2H_CARDS;TOTAL_FH_CARDS;TOTAL_2H_CARDS;ATTACKS_RECORDED;TEAM_A_DANGEROUS_ATTACKS;TEAM_B_DANGEROUS_ATTACKS;TEAM_A_ATTACKS;TEAM_B_ATTACKS;TEAM_A_XG;TEAM_B_XG;TOTAL_XG;TEAM_A_PENALTIES_WON;TEAM_B_PENALTIES_WON;TEAM_A_PENALTY_GOALS;TEAM_B_PENALTY_GOALS;TEAM_A_PENALTY_MISSED;TEAM_B_PENALTY_MISSED;PENS_RECORDED;GOAL_TIMINGS_RECORDED;TEAM_A_0_10_MIN_GOALS;TEAM_B_0_10_MIN_GOALS;TEAM_A_CORNERS_0_10_MIN;TEAM_B_CORNERS_0_10_MIN;TEAM_A_CARDS_0_10_MIN;TEAM_B_CARDS_0_10_MIN;THROWINS_RECORDED;TEAM_A_THROWINS;TEAM_B_THROWINS;FREEKICKS_RECORDED;TEAM_A_FREEKICKS;TEAM_B_FREEKICKS;GOALKICKS_RECORDED;TEAM_A_GOALKICKS;TEAM_B_GOALKICKS;O45_POTENTIAL;O35_POTENTIAL;O25_POTENTIAL;O15_POTENTIAL;O05_POTENTIAL;O15HT_POTENTIAL;O05HT_POTENTIAL;O05_2H_POTENTIAL;O15_2H_POTENTIAL;CORNERS_POTENTIAL;OFFSIDES_POTENTIAL;CARDS_POTENTIAL;AVG_POTENTIAL;HOME_NAME;AWAY_NAME;HOME_PPG;AWAY_PPG;PRE_MATCH_HOME_PPG;PRE_MATCH_AWAY_PPG;PRE_MATCH_TEAMA_OVERALL_PPG;PRE_MATCH_TEAMB_OVERALL_PPG;U45_POTENTIAL;U35_POTENTIAL;U25_POTENTIAL;U15_POTENTIAL;U05_POTENTIAL;CORNERS_O85_POTENTIAL;CORNERS_O95_POTENTIAL;CORNERS_O105_POTENTIAL;TEAM_A_XG_PREMATCH;TEAM_B_XG_PREMATCH;TOTAL_XG_PREMATCH;COMPETITION_ID;MATCHES_COMPLETED_MINIMUM;OVER05;OVER15;OVER25;OVER35;OVER45;OVER55;BTTS
297716;2063;2058;2018;complete;1946;1;-1;;8;0;1;1;6;4;10;-1;-1;3;1;0;0;3;3;5;4;8;7;-1;-1;51;49;3;1;1.87;3.45;4;1.04;1.28;1.87;3.2;0;0;0;0;0;0;1.87;1.95;0;0;0;0;0;0;0;0;0;0;0;0;0;0;0;0;0;0;0;0;0;0;0;0;0;0;0;0;0;0;0;0;0;0;0;0;0;0;0;0;0;0;0;0;0;0;0;0;0;0;0;0;0;1;0;1;0;0;0;1;2018-02-23 19:45:00;2058;0;0;0;0;0;1;1;1;2;5;2;3;7;0;1;3;0;1;3;1;0;0;0;0;1.35;1.29;2.64;0;0;0;0;0;0;1;1;0;1;0;1;0;0;-1;-1;-1;-1;-1;-1;-1;-1;-1;0;0;0;0;0;0;0;0;0;0;0;0;0;Cabinteely;Wexford;1.54;0.77;0;0;0;0;0;0;0;0;0;0;0;0;0;0;0;991;27;Y;N;N;N;N;N;N
297717;2053;2054;2018;complete;1946;1;-1;25,34;90;2;1;3;7;6;13;3;3;0;5;0;1;6;3;7;6;13;9;16;7;53;47;0;7;1.95;3.4;3.75;1.04;1.29;1.91;3.3;0;0;0;0;0;0;1.87;1.95;0;0;0;0;0;0;0;0;0;0;0;0;0;0;0;0;0;0;0;0;0;0;0;0;0;0;0;0;0;0;0;0;0;0;0;0;0;0;0;0;0;0;0;0;0;0;0;0;0;0;0;0;0;3;2;0;0;1;1;2;2018-03-26 18:45:00;2053;0;25;0;0;0;1;1;3;3;4;3;6;7;0;3;0;3;3;3;1;0;0;0;0;1.59;1.18;2.77;1;0;1;0;0;0;1;1;0;0;1;1;0;0;-1;-1;-1;-1;-1;-1;-1;-1;-1;25;50;50;100;100;50;50;100;100;10.5;7;1;3.5;Drogheda United;Finn Harps;1.81;1.86;2;3;2.33;2.33;75;50;50;0;0;50;50;50;2.3;1.12;3.42;991;29;Y;Y;Y;N;N;N;Y
297718;2052;2060;2018;complete;1946;1;-1;14,34,60,81;90;4;1;5;6;3;9;5;2;0;2;0;0;13;5;11;8;24;13;8;10;58;42;0;2;0;0;0;0;0;0;0;0;0;0;0;0;0;0;0;0;0;0;0;0;0;0;0;0;0;0;0;0;0;0;0;0;0;0;0;0;0;0;0;0;0;0;0;0;0;0;0;0;0;0;0;0;0;0;0;0;0;0;0;0;0;0;0;0;0;0;0;0;5;2;0;2;1;3;2;2018-02-23 19:45:00;2052;0;0;0;0;0;1;1;2;1;4;2;3;6;0;0;0;2;0;2;1;0;0;0;0;2.84;1.43;4.27;0;0;0;0;0;0;1;1;0;0;1;0;0;0;-1;-1;-1;-1;-1;-1;-1;-1;-1;0;0;0;0;0;0;0;0;0;0;0;0;0;Galway United;Athlone Town;1.77;0.07;0;0;0;0;0;0;0;0;0;0;0;0;0;0;0;991;27;Y;Y;Y;Y;Y;N;Y
297719;2059;2061;2018;complete;1946;1;-1;49,64;27;2;1;3;7;2;9;-1;-1;0;2;0;0;4;6;6;5;10;11;-1;-1;53;47;0;2;2.4;3.3;2.8;1.04;1.27;1.87;3.2;0;0;0;0;0;0;1.77;2.05;0;0;0;0;0;0;0;0;0;0;0;0;0;0;0;0;0;0;0;0;0;0;0;0;0;0;0;0;0;0;0;0;0;0;0;0;0;0;0;0;0;0;0;0;0;0;0;0;0;0;0;0;0;3;0;1;2;0;2;1;2018-02-23 19:45:00;2059;0;0;0;0;0;1;1;5;0;2;2;5;4;0;0;0;2;0;2;1;0;0;0;0;1.45;1.61;3.06;0;0;0;0;0;0;1;1;0;0;1;0;0;0;-1;-1;-1;-1;-1;-1;-1;-1;-1;0;0;0;0;0;0;0;0;0;0;0;0;0;UCD;Shelbourne;2.31;1.71;0;0;0;0;0;0;0;0;0;0;0;0;0;0;0;991;27;Y;Y;Y;N;N;N;Y
297720;2057;2062;2018;complete;1946;1;-1;5,43;65,81;2;2;4;7;3;10;-1;-1;0;1;0;0;9;4;7;6;16;10;-1;-1;51;49;0;1;2.25;3.3;3.05;1.06;1.35;2.1;3.85;0;0;0;0;0;0;1.91;1.87;0;0;0;0;0;0;0;0;0;0;0;0;0;0;0;0;0;0;0;0;0;0;0;0;0;0;0;0;0;0;0;0;0;0;0;0;0;0;0;0;0;0;0;0;0;0;0;0;0;0;0;0;0;4;2;0;0;2;2;2;2018-02-24 19:30:00;-1;0;0;0;0;0;1;1;4;1;3;2;5;5;0;0;0;1;0;1;1;0;0;0;0;2.15;1.29;3.44;0;0;0;0;0;0;1;1;1;0;0;0;0;0;-1;-1;-1;-1;-1;-1;-1;-1;-1;0;0;0;0;0;0;0;0;0;0;0;0;0;Longford Town;Cobh Ramblers;1.93;1.29;0;0;0;0;0;0;0;0;0;0;0;0;0;0;0;991;27;Y;Y;Y;Y;N;N;Y
297721;2060;2063;2018;complete;1946;2;-1;65;51,66;1;2;3;-1;-1;-1;-1;-1;3;0;0;0;-1;-1;-1;-1;-1;-1;-1;-1;-1;-1;3;0;7;4.6;1.39;0;0;0;0;0;0;0;0;0;0;0;0;0;0;0;0;0;0;0;0;0;0;0;0;0;0;0;0;0;0;0;0;0;0;0;0;0;0;0;0;0;0;0;0;0;0;0;0;0;0;0;0;0;0;0;0;0;0;0;0;0;0;0;0;0;3;0;0;1;2;3;0;2018-03-19 15:00:00;2063;0;100;0;100;0;-1;1;-1;-1;-1;-1;-1;-1;2;0;1;0;2;1;-1;0;0;0;0;0;0;0;0;0;0;0;0;0;1;1;0;0;-1;-1;0;0;-1;-1;-1;-1;-1;-1;-1;-1;-1;0;100;100;100;100;0;50;100;100;9;8;2;4;Athlone Town;Cabinteely;0.23;0.71;0;0;0;0;100;0;0;0;0;100;100;100;0.82;1.33;2.15;991;27;Y;Y;Y;N;N;N;Y
297722;2061;2053;2018;complete;1946;2;-1;75;90;1;1;2;8;3;11;4;3;4;1;1;0;4;4;4;2;8;6;18;14;41;59;5;1;2;3.55;3.35;1.02;1.23;1.74;2.85;0;0;0;0;0;0;1.62;2.25;0;0;0;0;0;0;0;0;0;0;0;0;0;0;0;0;0;0;0;0;0;0;0;0;0;0;0;0;0;0;0;0;0;0;0;0;0;0;0;0;0;0;0;0;0;0;0;0;0;0;0;0;0;2;0;0;1;1;2;0;2018-06-04 16:00:00;-1;0;55;24;38;0;1;1;4;3;4;0;7;4;0;1;5;0;1;5;1;0;0;0;0;1.03;0.88;1.91;0;1;0;1;0;0;1;1;0;0;1;0;0;0;-1;-1;-1;-1;-1;-1;-1;-1;-1;47;47;55;69;93;47;69;86;62;12.74;3.81;3.27;3.66;Shelbourne;Drogheda United;1.93;1.6;2.43;2;1.86;2.14;54;54;45;31;7;55;55;38;1.73;1.71;3.44;991;29;Y;Y;N;N;N;N;Y
297723;2054;2057;2018;complete;1946;2;-1;53,58;4,31,59,80;2;4;6;3;2;5;5;1;1;0;1;0;7;5;5;3;12;8;12;12;53;47;3;0;2.65;3.15;2.6;1.05;1.33;2.05;3.65;0;0;0;0;0;0;1.87;1.95;0;0;0;0;0;0;0;0;0;0;0;0;0;0;0;0;0;0;0;0;0;0;0;0;0;0;0;0;0;0;0;0;0;0;0;0;0;0;0;0;0;0;0;0;0;0;0;0;0;0;0;0;0;6;0;2;2;2;4;2;2018-06-04 16:00:00;2057;0;40;16;17;0;1;1;2;0;1;2;2;3;0;0;2;0;0;2;1;0;0;0;0;1.57;1.14;2.71;1;0;1;0;0;0;1;1;0;1;0;0;0;0;-1;-1;-1;-1;-1;-1;-1;-1;-1;9;16;23;55;92;16;62;69;31;10.93;5.04;3.71;1.93;Finn Harps;Longford Town;2.13;1.38;2.29;1.5;1.79;1.64;92;85;77;45;9;54;47;40;1.48;1.64;3.12;991;27;Y;Y;Y;Y;Y;Y;Y
297724;2058;2059;2018;complete;1946;2;-1;;13,29,57,59,62,67,74,79;0;8;8;1;5;6;6;2;2;0;0;0;4;13;7;6;11;19;11;7;35;65;2;0;5.85;4.2;1.5;1.03;1.24;1.77;2.9;0;0;0;0;0;0;1.91;1.87;0;0;0;0;0;0;0;0;0;0;0;0;0;0;0;0;0;0;0;0;0;0;0;0;0;0;0;0;0;0;0;0;0;0;0;0;0;0;0;0;0;0;0;0;0;0;0;0;0;0;0;0;0;8;0;2;0;6;6;2;2018-05-07 16:00:00;2059;0;40;20;20;0;1;1;1;3;0;2;4;2;1;0;1;0;1;1;1;0;0;0;0;1.24;2.51;3.75;0;0;0;0;0;0;1;1;0;0;1;0;0;0;-1;-1;-1;-1;-1;-1;-1;-1;-1;20;30;30;80;100;20;50;80;60;9.8;3;0.93;3.2;Wexford;UCD;0.71;1.93;0.8;2;0.7;2.3;80;70;70;20;0;60;50;40;1.26;1.93;3.19;991;27;Y;Y;Y;Y;Y;Y;N
297725;2062;2052;2018;complete;1946;2;-1;;;0;0;0;5;7;12;7;3;2;1;0;0;4;6;2;5;6;11;9;11;51;49;2;1;3.45;3.3;2.05;1.04;1.29;1.95;3.35;0;0;0;0;0;0;1.83;2;0;0;0;0;0;0;0;0;0;0;0;0;0;0;0;0;0;0;0;0;0;0;0;0;0;0;0;0;0;0;0;0;0;0;0;0;0;0;0;0;0;0;0;0;0;0;0;0;0;0;0;0;0;0;0;0;0;0;0;0;2018-06-04 18:15:00;-1;0;37;7;16;0;1;1;0;4;5;3;4;8;0;0;2;1;0;3;1;0;0;0;0;1.08;1.6;2.68;0;0;0;0;0;0;1;1;0;0;0;1;0;0;-1;-1;-1;-1;-1;-1;-1;-1;-1;16;23;45;77;100;37;85;77;47;11.26;2;2.43;2.68;Cobh Ramblers;Galway United;0.85;1;0.5;1.14;1;1.71;85;77;55;24;0;85;77;54;1.28;1.68;2.96;991;27;N;N;N;N;N;N;N
297726;2063;2062;2018;complete;1946;3;-1;;28;0;1;1;20;2;22;-1;-1;2;2;0;0;0;2;0;0;0;2;-1;-1;48;52;2;2;2.6;3.05;2.75;1.07;1.43;2.3;3.9;0;0;0;0;0;0;2;1.83;0;0;0;0;0;0;0;0;0;0;0;0;0;0;0;0;0;0;0;0;0;0;0;0;0;0;0;0;0;0;0;0;0;0;0;0;0;0;0;0;0;0;0;0;0;0;0;0;0;0;0;0;0;1;0;1;0;0;0;1;2018-03-09 19:45:00;2062;0;50;0;0;0;1;1;4;1;16;1;5;17;1;1;1;1;2;2;-1;0;0;0;0;0;0;0;0;0;0;0;0;0;1;1;0;0;2;0;0;0;-1;-1;-1;-1;-1;-1;-1;-1;-1;0;50;50;50;100;50;100;50;50;9;0;4;2.5;Cabinteely;Cobh Ramblers;1.54;1.29;0;1;0;1;100;50;50;50;0;100;100;0;1.35;1.29;2.64;991;27;Y;N;N;N;N;N;N
297727;2053;2060;2018;complete;1946;3;-1;9,44,49,56,58,90;;6;0;6;8;4;12;6;1;0;3;0;0;13;0;12;4;25;4;9;12;56;44;0;3;1.12;7.25;19.5;1;1.14;1.48;2.2;0;0;0;0;0;0;2.4;1.59;0;0;0;0;0;0;0;0;0;0;0;0;0;0;0;0;0;0;0;0;0;0;0;0;0;0;0;0;0;0;0;0;0;0;0;0;0;0;0;0;0;0;0;0;0;0;0;0;0;0;0;0;0;6;2;0;4;0;4;2;2018-03-11 15:00:00;2053;0;50;0;50;0;1;1;3;3;5;1;6;6;0;1;0;2;1;2;1;0;0;0;0;2.93;0.63;3.56;0;0;0;0;0;0;1;1;1;0;0;0;0;0;-1;-1;-1;-1;-1;-1;-1;-1;-1;50;50;50;50;50;50;50;50;50;3;2;2;2.5;Drogheda United;Athlone Town;1.81;0.07;0;0;0;0;0;0;0;0;0;50;0;0;0;1.43;1.43;991;27;Y;Y;Y;Y;Y;Y;N
297728;2059;2052;2018;complete;1946;3;-1;31;22;1;1;2;4;8;12;-1;-1;1;3;0;0;5;3;4;6;9;9;-1;-1;53;47;1;3;2.45;3.3;2.75;1.04;1.28;1.91;3.25;0;0;0;0;0;0;1.77;2.05;0;0;0;0;0;0;0;0;0;0;0;0;0;0;0;0;0;0;0;0;0;0;0;0;0;0;0;0;0;0;0;0;0;0;0;0;0;0;0;0;0;0;0;0;0;0;0;0;0;0;0;0;0;2;1;1;0;0;0;2;2018-03-09 19:45:00;-1;0;50;0;0;0;1;1;3;3;1;5;6;6;0;1;1;2;1;3;1;0;0;0;0;1.32;1.2;2.52;0;0;0;0;0;0;1;1;0;0;1;0;0;0;-1;-1;-1;-1;-1;-1;-1;-1;-1;0;0;50;50;50;0;50;50;50;7;0;0;1.5;UCD;Galway United;2.31;1;3;0;3;3;50;50;0;0;0;50;0;0;1.45;0;1.45;991;27;Y;Y;N;N;N;N;Y
297729;2054;2061;2018;complete;1946;3;-1;16;42;1;1;2;9;2;11;1;2;3;1;0;0;6;4;6;3;12;7;15;11;59;41;3;1;2;3.25;3.75;1.06;1.38;2.2;4.05;0;0;0;0;0;0;2.05;1.8;0;0;0;0;0;0;0;0;0;0;0;0;0;0;0;0;0;0;0;0;0;0;0;0;0;0;0;0;0;0;0;0;0;0;0;0;0;0;0;0;0;0;0;0;0;0;0;0;0;0;0;0;0;2;1;1;0;0;0;2;2018-03-09 20:00:00;-1;0;50;0;0;0;1;1;3;2;6;0;5;6;1;1;2;0;2;2;1;0;0;0;0;1.49;0.96;2.45;0;0;0;0;0;0;1;1;0;0;1;0;0;0;-1;-1;-1;-1;-1;-1;-1;-1;-1;0;0;50;50;50;0;50;50;50;2;0;2;1.5;Finn Harps;Shelbourne;2.13;1.71;0;0;0;0;50;50;0;0;0;50;0;0;0;1.61;1.61;991;29;Y;Y;N;N;N;N;Y
297730;2057;2058;2018;complete;1946;3;-1;36,80,85;;3;0;3;10;3;13;2;4;1;0;0;0;9;3;13;10;22;13;12;8;58;42;1;0;1.57;3.8;5.6;1.05;1.32;2;3.55;0;0;0;0;0;0;2.1;1.74;0;0;0;0;0;0;0;0;0;0;0;0;0;0;0;0;0;0;0;0;0;0;0;0;0;0;0;0;0;0;0;0;0;0;0;0;0;0;0;0;0;0;0;0;0;0;0;0;0;0;0;0;0;3;1;0;2;0;2;1;2018-03-10 19:30:00;2057;0;50;0;0;0;1;1;6;2;4;1;8;5;0;0;1;0;0;1;1;0;0;0;0;2.45;1.38;3.84;0;0;0;0;0;0;1;1;0;0;2;0;0;0;-1;-1;-1;-1;-1;-1;-1;-1;-1;0;50;50;50;100;50;100;50;50;11;0;1;2.5;Longford Town;Wexford;1.93;0.77;1;3;1;3;100;50;50;50;0;100;100;0;2.15;1.29;3.44;991;27;Y;Y;Y;N;N;N;N
297731;2060;2059;2018;complete;1946;4;-1;89;49,75,90;1;3;4;3;9;12;3;3;2;0;0;0;3;12;5;15;8;27;12;5;34;66;2;0;15.25;6.9;1.16;1;1.13;1.45;2.15;0;0;0;0;0;0;2.25;1.65;0;0;0;0;0;0;0;0;0;0;0;0;0;0;0;0;0;0;0;0;0;0;0;0;0;0;0;0;0;0;0;0;0;0;0;0;0;0;0;0;0;0;0;0;0;0;0;0;0;0;0;0;0;4;0;0;1;3;4;0;2018-03-16 19:45:00;2059;0;0;0;0;0;1;1;1;6;2;3;7;5;1;0;1;0;1;1;1;0;0;0;0;0.82;2.8;3.62;0;0;0;0;0;0;1;1;0;0;0;1;0;0;-1;-1;-1;-1;-1;-1;-1;-1;-1;0;0;0;0;0;0;0;0;0;0;0;0;0;Athlone Town;UCD;0.23;1.93;0;0;0;2;0;0;0;0;0;0;0;0;0;0;0;991;27;Y;Y;Y;Y;N;N;Y
297732;2052;2063;2018;complete;1946;4;-1;42,61,68;87;3;1;4;7;6;13;1;5;0;0;0;0;10;4;8;8;18;12;12;15;60;40;0;0;1.69;3.75;4.55;1.03;1.23;1.74;2.9;0;0;0;0;0;0;1.77;2.05;0;0;0;0;0;0;0;0;0;0;0;0;0;0;0;0;0;0;0;0;0;0;0;0;0;0;0;0;0;0;0;0;0;0;0;0;0;0;0;0;0;0;0;0;0;0;0;0;0;0;0;0;0;4;1;0;2;1;3;1;2018-03-16 19:45:00;2052;0;50;0;50;0;1;-1;5;3;2;3;8;5;0;0;0;0;0;0;1;0;0;0;0;2.13;1.33;3.46;-1;-1;-1;-1;-1;-1;-1;1;0;0;1;3;-1;-1;-1;-1;-1;-1;-1;-1;-1;-1;-1;50;50;50;50;50;50;50;50;50;6;5;0;2.5;Galway United;Cabinteely;1.77;0.71;3;0;2;0;0;0;0;0;0;50;0;0;2.84;0;2.84;991;27;Y;Y;Y;Y;N;N;Y
297733;2061;2057;2018;complete;1946;4;-1;12,71,90;14,86;3;2;5;1;6;7;-1;-1;-1;-1;-1;-1;5;7;5;3;10;10;-1;-1;51;49;-1;-1;2.5;3.2;2.75;1.05;1.35;2.1;3.8;0;0;0;0;0;0;1.91;1.91;0;0;0;0;0;0;0;0;0;0;0;0;0;0;0;0;0;0;0;0;0;0;0;0;0;0;0;0;0;0;0;0;0;0;0;0;0;0;0;0;0;0;0;0;0;0;0;0;0;0;0;0;0;5;1;1;2;1;3;2;2018-03-16 19:45:00;2061;0;0;0;0;0;1;-1;0;4;1;2;4;3;-1;-1;-1;-1;-1;-1;1;0;0;0;0;1.48;1.75;3.23;-1;-1;-1;-1;-1;-1;-1;1;0;0;0;1;-1;-1;-1;-1;-1;-1;-1;-1;-1;-1;-1;0;0;0;0;0;0;0;0;0;0;0;0;0;Shelbourne;Longford Town;1.93;1.38;0;0;0.5;2;0;0;0;0;0;0;0;0;0;0;0;991;27;Y;Y;Y;Y;Y;N;Y
297734;2058;2053;2018;complete;1946;4;-1;44;3,8,13,24,26,53,59,61;1;8;9;2;6;8;4;0;0;0;0;0;4;14;3;11;7;25;14;12;42;58;0;0;4.45;3.6;1.74;1.05;1.33;2;3.65;0;0;0;0;0;0;2;1.83;0;0;0;0;0;0;0;0;0;0;0;0;0;0;0;0;0;0;0;0;0;0;0;0;0;0;0;0;0;0;0;0;0;0;0;0;0;0;0;0;0;0;0;0;0;0;0;0;0;0;0;0;0;9;1;5;0;3;3;6;2018-03-16 20:00:00;2053;0;0;0;0;0;1;-1;2;3;0;3;5;3;0;0;0;0;0;0;1;0;0;0;0;0.92;2.81;3.72;-1;-1;-1;-1;-1;-1;-1;1;0;2;0;0;-1;-1;-1;-1;-1;-1;-1;-1;-1;-1;-1;0;0;0;0;0;0;0;0;0;0;0;0;0;Wexford;Drogheda United;0.71;1.6;0;0;1.5;3;0;0;0;0;0;0;0;0;0;0;0;991;27;Y;Y;Y;Y;Y;Y;Y
297735;2062;2054;2018;complete;1946;4;-1;;81,90;0;2;2;2;3;5;1;2;1;1;0;0;3;5;4;2;7;7;10;16;48;52;1;1;2.5;3.1;2.85;1.07;1.42;2.25;4.3;0;0;0;0;0;0;2.05;1.8;0;0;0;0;0;0;0;0;0;0;0;0;0;0;0;0;0;0;0;0;0;0;0;0;0;0;0;0;0;0;0;0;0;0;0;0;0;0;0;0;0;0;0;0;0;0;0;0;0;0;0;0;0;2;0;0;0;2;2;0;2018-03-17 19:45:00;2054;0;0;0;0;0;1;1;1;2;1;1;3;2;0;0;1;1;0;2;1;0;0;0;0;0.96;1.12;2.08;0;0;0;0;0;0;1;1;0;0;0;0;0;0;-1;-1;-1;-1;-1;-1;-1;-1;-1;0;0;0;0;0;0;0;0;0;0;0;0;0;Cobh Ramblers;Finn Harps;0.85;1.86;0;0;2;1;0;0;0;0;0;0;0;0;0;0;0;991;27;Y;Y;N;N;N;N;N
297736;2053;2052;2018;complete;1946;5;-1;59,83;37,40;2;2;4;7;5;12;4;2;0;0;0;0;7;5;7;6;14;11;15;15;42;58;0;0;2.7;4.05;2.1;1;1.06;1.25;1.67;0;0;0;0;0;0;1.29;3.55;0;0;0;0;0;0;0;0;0;0;0;0;0;0;0;0;0;0;0;0;0;0;0;0;0;0;0;0;0;0;0;0;0;0;0;0;0;0;0;0;0;0;0;0;0;0;0;0;0;0;0;0;0;4;0;2;2;0;2;2;2018-03-23 19:45:00;-1;0;50;50;0;0;1;-1;4;1;3;4;5;7;0;0;0;0;0;0;1;0;0;0;0;1.67;1.41;3.08;-1;-1;-1;-1;-1;-1;-1;1;0;0;1;0;-1;-1;-1;-1;-1;-1;-1;-1;-1;-1;-1;50;50;50;100;100;100;100;50;50;16;5;3;4;Drogheda United;Galway United;1.81;1;3;1;3;2.33;50;50;50;0;0;100;100;100;2.93;1.2;4.13;991;27;Y;Y;Y;Y;N;N;Y
297737;2061;2062;2018;complete;1946;5;-1;45;;1;0;1;3;9;12;-1;-1;-1;-1;-1;-1;7;4;6;6;13;10;-1;-1;47;53;-1;-1;1.83;3.35;4.3;1.05;1.35;2.1;3.8;0;0;0;0;0;0;2.05;1.8;0;0;0;0;0;0;0;0;0;0;0;0;0;0;0;0;0;0;0;0;0;0;0;0;0;0;0;0;0;0;0;0;0;0;0;0;0;0;0;0;0;0;0;0;0;0;0;0;0;0;0;0;0;1;1;0;0;0;0;1;2018-03-23 19:45:00;2061;0;75;50;50;0;1;-1;1;3;2;6;4;8;-1;-1;-1;-1;-1;-1;1;0;0;0;0;1.74;1.27;3.01;-1;-1;-1;-1;-1;-1;-1;1;0;0;0;0;-1;-1;-1;-1;-1;-1;-1;-1;-1;-1;-1;50;75;75;75;100;75;100;75;75;3.5;0;1.5;3.75;Shelbourne;Cobh Ramblers;1.93;1.29;3;2;1.33;1.33;50;25;25;25;0;50;50;25;1.48;1.29;2.77;991;27;Y;N;N;N;N;N;N
297738;2059;2063;2018;complete;1946;5;-1;5,43,68;74;3;1;4;5;10;15;2;4;0;0;0;0;4;4;7;4;11;8;9;16;54;46;0;0;1.54;3.95;5.85;1.04;1.27;1.87;3.2;0;0;0;0;0;0;2;1.83;0;0;0;0;0;0;0;0;0;0;0;0;0;0;0;0;0;0;0;0;0;0;0;0;0;0;0;0;0;0;0;0;0;0;0;0;0;0;0;0;0;0;0;0;0;0;0;0;0;0;0;0;0;4;2;0;1;1;2;2;2018-03-23 19:45:00;2059;0;100;25;50;0;1;-1;2;4;3;6;6;9;0;0;0;0;0;0;1;0;0;0;0;1.19;1.04;2.23;-1;-1;-1;-1;-1;-1;-1;1;1;0;1;0;-1;-1;-1;-1;-1;-1;-1;-1;-1;-1;-1;0;25;75;100;100;25;75;75;75;11.5;1;0.5;3;UCD;Cabinteely;2.31;0.71;2;1.5;2.33;0.75;100;75;25;0;0;100;75;75;1.38;1.33;2.71;991;27;Y;Y;Y;Y;N;N;Y
297739;2054;2058;2018;complete;1946;5;-1;69;;1;0;1;4;2;6;5;1;3;3;0;1;7;2;4;3;11;5;21;12;57;43;3;5;1.34;4.6;8.75;1.03;1.25;1.8;3;0;0;0;0;0;0;2.2;1.69;0;0;0;0;0;0;0;0;0;0;0;0;0;0;0;0;0;0;0;0;0;0;0;0;0;0;0;0;0;0;0;0;0;0;0;0;0;0;0;0;0;0;0;0;0;0;0;0;0;0;0;0;0;1;0;0;1;0;1;0;2018-03-23 20:00:00;2054;0;50;50;0;0;1;1;4;2;0;0;6;0;0;2;3;2;2;5;1;0;0;0;0;1.54;0.74;2.28;0;0;0;0;0;0;1;1;0;0;2;0;0;0;-1;-1;-1;-1;-1;-1;-1;-1;-1;0;0;25;75;100;50;100;25;25;12.5;2.5;3.5;2;Finn Harps;Wexford;2.13;0.77;1;1.5;2;1;100;100;75;25;0;100;100;75;1.49;1.34;2.83;991;27;Y;N;N;N;N;N;N
297740;2057;2060;2018;complete;1946;5;-1;20,35,41,58,74;1;5;1;6;10;0;10;5;1;0;1;0;0;17;3;14;1;31;4;12;10;67;33;0;1;1.07;10.5;23.25;1;1.07;1.27;1.69;0;0;0;0;0;0;2.05;1.77;0;0;0;0;0;0;0;0;0;0;0;0;0;0;0;0;0;0;0;0;0;0;0;0;0;0;0;0;0;0;0;0;0;0;0;0;0;0;0;0;0;0;0;0;0;0;0;0;0;0;0;0;0;6;3;1;2;0;2;4;2018-03-24 19:30:00;2057;0;50;0;25;0;1;1;5;0;5;0;5;5;0;0;0;1;0;1;1;0;0;0;0;3.79;0.59;4.38;0;0;0;0;0;0;1;1;0;1;1;0;0;0;-1;-1;-1;-1;-1;-1;-1;-1;-1;50;75;100;100;100;75;100;100;100;12;2;3;4.5;Longford Town;Athlone Town;1.93;0.07;2;0;1.33;0;50;25;0;0;0;100;75;50;2.3;1.03;3.33;991;27;Y;Y;Y;Y;Y;Y;Y
297741;2060;2054;2018;complete;1946;6;-1;54;78;1;1;2;2;13;15;0;6;0;0;0;0;2;5;2;24;4;29;6;10;34;66;0;0;21;8.25;1.1;0;0;0;0;0;0;0;0;0;0;0;0;0;0;0;0;0;0;0;0;0;0;0;0;0;0;0;0;0;0;0;0;0;0;0;0;0;0;0;0;0;0;0;0;0;0;0;0;0;0;0;0;0;0;0;0;0;0;0;0;0;0;0;0;0;2;0;0;1;1;2;0;2018-03-30 18:45:00;-1;0;75;0;50;0;1;-1;1;7;1;6;8;7;0;0;0;0;0;0;1;0;0;0;0;0.51;2.51;3.01;-1;-1;-1;-1;-1;-1;-1;1;0;0;1;4;-1;-1;-1;-1;-1;-1;-1;-1;-1;-1;-1;0;25;75;100;100;25;25;100;75;7.5;3.5;6.5;3;Athlone Town;Finn Harps;0.23;1.86;0;1.5;0;1.75;100;75;25;0;0;75;75;75;0.82;1.15;1.97;991;27;Y;Y;N;N;N;N;Y
297742;2063;2053;2018;complete;1946;6;-1;3,45,59;36,86;3;2;5;5;7;12;-1;-1;1;2;0;0;6;6;1;7;7;13;-1;-1;50;50;1;2;4.15;3.5;1.83;1.04;1.29;1.95;3.35;0;0;0;0;0;0;1.91;1.91;0;0;0;0;0;0;0;0;0;0;0;0;0;0;0;0;0;0;0;0;0;0;0;0;0;0;0;0;0;0;0;0;0;0;0;0;0;0;0;0;0;0;0;0;0;0;0;0;0;0;0;0;0;5;2;1;1;1;2;3;2018-03-30 18:45:00;2063;0;50;50;0;0;1;1;1;2;4;5;3;9;0;2;1;0;2;1;1;0;0;0;0;1.33;1.87;3.2;0;0;0;0;0;0;1;1;1;0;0;1;0;1;-1;-1;-1;-1;-1;-1;-1;-1;-1;50;50;50;50;100;50;100;50;50;19;0;2.5;5;Cabinteely;Drogheda United;1.54;1.6;0;3;0.6;2.5;50;50;50;50;0;50;50;25;1.35;2.81;4.16;991;27;Y;Y;Y;Y;Y;N;Y
297743;2062;2059;2018;complete;1946;6;-1;;20,67;0;2;2;6;9;15;-1;-1;-1;-1;-1;-1;4;8;4;6;8;14;-1;-1;51;49;-1;-1;3.55;3.15;2.1;1.07;1.43;2.3;4.4;0;0;0;0;0;0;2.1;1.74;0;0;0;0;0;0;0;0;0;0;0;0;0;0;0;0;0;0;0;0;0;0;0;0;0;0;0;0;0;0;0;0;0;0;0;0;0;0;0;0;0;0;0;0;0;0;0;0;0;0;0;0;0;2;0;1;0;1;1;1;2018-03-30 18:45:00;2059;0;50;0;50;0;1;-1;2;4;4;5;6;9;-1;-1;-1;-1;-1;-1;1;0;0;0;0;1.4;2.12;3.52;-1;-1;-1;-1;-1;-1;-1;1;0;0;0;0;-1;-1;-1;-1;-1;-1;-1;-1;-1;-1;-1;0;50;50;100;100;0;0;100;100;11;4;1;3;Cobh Ramblers;UCD;0.85;1.93;0;3;1;2.5;100;50;50;0;0;50;50;50;0.96;2.8;3.76;991;27;Y;Y;N;N;N;N;N
297744;2052;2057;2018;complete;1946;6;-1;;;0;0;0;3;8;11;3;3;0;0;0;0;6;2;12;13;18;15;13;13;56;44;0;0;2.05;3.5;3.35;1.03;1.24;1.77;2.95;0;0;0;0;0;0;1.74;2.1;0;0;0;0;0;0;0;0;0;0;0;0;0;0;0;0;0;0;0;0;0;0;0;0;0;0;0;0;0;0;0;0;0;0;0;0;0;0;0;0;0;0;0;0;0;0;0;0;0;0;0;0;0;0;0;0;0;0;0;0;2018-03-30 18:45:00;-1;0;100;50;100;0;1;-1;0;2;3;6;2;9;0;0;0;0;0;0;1;0;0;0;0;1.87;1.45;3.32;0;0;0;0;0;0;1;1;0;0;0;0;-1;-1;-1;-1;-1;-1;-1;-1;-1;-1;-1;75;100;100;100;100;75;100;100;100;12.5;2;0;4.75;Galway United;Longford Town;1.77;1.38;3;0;2;1.75;25;0;0;0;0;50;25;25;2.49;1.75;4.24;991;27;N;N;N;N;N;N;N
297745;2058;2061;2018;complete;1946;6;-1;;66;0;1;1;1;14;15;0;1;0;2;0;0;4;7;4;9;8;16;12;11;44;56;0;2;4.6;3.45;1.77;1.05;1.34;2.05;3.7;0;0;0;0;0;0;2.05;1.77;0;0;0;0;0;0;0;0;0;0;0;0;0;0;0;0;0;0;0;0;0;0;0;0;0;0;0;0;0;0;0;0;0;0;0;0;0;0;0;0;0;0;0;0;0;0;0;0;0;0;0;0;0;1;0;0;0;1;1;0;2018-03-30 19:00:00;2061;0;100;75;0;0;1;1;0;6;1;8;6;9;0;1;0;1;1;1;1;0;0;0;0;0.99;1.75;2.74;0;0;0;0;0;0;1;1;0;0;0;3;0;0;-1;-1;-1;-1;-1;-1;-1;-1;-1;50;50;75;100;100;75;100;75;75;4;4.5;1.5;5.75;Wexford;Shelbourne;0.71;1.71;0;0.5;0.75;1.75;50;50;25;0;0;50;25;25;0.92;1.29;2.21;991;27;Y;N;N;N;N;N;N
297746;2053;2059;2018;complete;1946;7;-1;52,67;;2;0;2;3;7;10;5;2;0;0;0;0;4;8;3;4;7;12;17;10;45;55;0;0;2.2;3.4;3;1.02;1.22;1.71;2.8;0;0;0;0;0;0;1.69;2.2;0;0;0;0;0;0;0;0;0;0;0;0;0;0;0;0;0;0;0;0;0;0;0;0;0;0;0;0;0;0;0;0;0;0;0;0;0;0;0;0;0;0;0;0;0;0;0;0;0;0;0;0;0;2;0;0;2;0;2;0;2018-04-06 18:45:00;2053;0;59;0;25;0;1;-1;3;2;0;5;5;5;0;0;0;0;0;0;1;0;0;0;0;0.98;1.56;2.54;-1;-1;-1;-1;-1;-1;-1;1;0;0;0;0;-1;-1;-1;-1;-1;-1;-1;-1;-1;-1;-1;17;59;75;100;100;50;75;100;59;16.33;5.33;0;3.67;Drogheda United;UCD;1.81;1.93;2.33;3;2;2.6;84;42;25;0;0;100;100;100;2.06;2.46;4.52;991;27;Y;Y;N;N;N;N;N
297747;2061;2060;2018;complete;1946;7;-1;20,30,39,49,58,66,69;;7;0;7;2;1;3;6;0;0;0;0;0;12;3;5;6;17;9;10;7;53;47;0;0;1.08;9.5;21.25;1;1.09;1.33;1.87;0;0;0;0;0;0;2.45;1.54;0;0;0;0;0;0;0;0;0;0;0;0;0;0;0;0;0;0;0;0;0;0;0;0;0;0;0;0;0;0;0;0;0;0;0;0;0;0;0;0;0;0;0;0;0;0;0;0;0;0;0;0;0;7;3;0;4;0;4;3;2018-04-06 18:45:00;2061;0;59;42;42;0;1;-1;1;0;1;1;1;2;0;0;0;0;0;0;1;0;0;0;0;2.79;1.26;4.05;-1;-1;-1;-1;-1;-1;-1;1;0;0;1;0;-1;-1;-1;-1;-1;-1;-1;-1;-1;-1;-1;75;75;75;75;100;75;100;75;75;4.33;0.33;2;4.34;Shelbourne;Athlone Town;1.93;0.07;3;0;2;0.17;25;25;25;25;0;75;59;42;1.61;0.88;2.49;991;27;Y;Y;Y;Y;Y;Y;N
297748;2054;2052;2018;complete;1946;7;-1;90;;1;0;1;3;6;9;0;1;1;1;0;0;6;6;5;6;11;12;16;17;45;55;1;1;3.05;3.35;2.2;1.04;1.28;1.87;3.2;0;0;0;0;0;0;1.77;2.05;0;0;0;0;0;0;0;0;0;0;0;0;0;0;0;0;0;0;0;0;0;0;0;0;0;0;0;0;0;0;0;0;0;0;0;0;0;0;0;0;0;0;0;0;0;0;0;0;0;0;0;0;0;1;0;0;1;0;1;0;2018-05-07 16:00:00;2054;0;50;25;0;0;1;1;2;5;1;1;7;2;0;0;1;1;0;2;1;0;0;0;0;1.4;1.57;2.97;0;0;0;0;0;0;1;1;0;0;0;2;0;0;-1;-1;-1;-1;-1;-1;-1;-1;-1;0;13;38;75;100;38;75;75;38;13.75;4.5;4.25;2.25;Finn Harps;Galway United;2.13;1;2.5;1.25;1.89;2;100;88;63;25;0;75;75;63;1.28;1.77;3.05;991;27;Y;N;N;N;N;N;N
297749;2058;2062;2018;complete;1946;7;-1;7;5;1;1;2;3;4;7;3;4;0;0;0;0;4;4;2;9;6;13;10;6;48;52;0;0;3.65;3.25;2;1.06;1.37;2.15;3.95;0;0;0;0;0;0;2;1.8;0;0;0;0;0;0;0;0;0;0;0;0;0;0;0;0;0;0;0;0;0;0;0;0;0;0;0;0;0;0;0;0;0;0;0;0;0;0;0;0;0;0;0;0;0;0;0;0;0;0;0;0;0;2;1;1;0;0;0;2;2018-04-06 19:00:00;-1;0;42;25;0;0;1;-1;0;1;3;3;1;6;0;0;0;0;0;0;1;0;0;0;0;0.86;1.4;2.25;-1;-1;-1;-1;-1;-1;-1;1;1;1;0;0;-1;-1;-1;-1;-1;-1;-1;-1;-1;-1;-1;25;42;42;42;100;42;75;67;42;6.17;1;1.5;3.5;Wexford;Cobh Ramblers;0.71;1.29;0;1.33;0.6;0.8;75;59;59;59;0;75;75;59;0.95;1.28;2.23;991;27;Y;Y;N;N;N;N;Y
297750;2057;2063;2018;complete;1946;7;-1;9,88,90;;3;0;3;2;3;5;1;4;0;0;0;0;6;4;4;9;10;13;18;18;56;44;0;0;1.62;4;4.85;1.01;1.18;1.59;2.45;0;0;0;0;0;0;1.67;2.2;0;0;0;0;0;0;0;0;0;0;0;0;0;0;0;0;0;0;0;0;0;0;0;0;0;0;0;0;0;0;0;0;0;0;0;0;0;0;0;0;0;0;0;0;0;0;0;0;0;0;0;0;0;3;1;0;2;0;2;1;2018-04-07 18:30:00;2057;0;84;17;50;0;1;-1;1;0;1;3;1;4;0;0;0;0;0;0;1;0;0;0;0;1.59;1.66;3.25;-1;-1;-1;-1;-1;-1;-1;1;1;0;0;0;-1;-1;-1;-1;-1;-1;-1;-1;-1;-1;-1;17;67;100;100;100;50;84;100;100;17;4.67;0.33;4;Longford Town;Cabinteely;1.93;0.71;2.33;1;1.6;1;84;33;0;0;0;100;100;67;2.8;1.18;3.98;991;27;Y;Y;Y;N;N;N;N
297751;2060;2062;2018;complete;1946;8;-1;61;3,42,62,85;1;4;5;6;6;12;1;5;0;0;0;0;3;9;3;4;6;13;13;11;48;52;0;0;13.75;5.9;1.2;1.01;1.16;1.54;2.35;0;0;0;0;0;0;2.25;1.65;0;0;0;0;0;0;0;0;0;0;0;0;0;0;0;0;0;0;0;0;0;0;0;0;0;0;0;0;0;0;0;0;0;0;0;0;0;0;0;0;0;0;0;0;0;0;0;0;0;0;0;0;0;5;0;2;1;2;3;2;2018-04-13 18:45:00;2062;0;75;13;50;0;1;-1;4;4;2;2;8;4;0;0;0;0;0;0;1;0;0;0;0;0.7;1.64;2.34;-1;-1;-1;-1;-1;-1;-1;1;0;1;0;0;-1;-1;-1;-1;-1;-1;-1;-1;-1;-1;-1;0;29;46;75;100;25;50;63;63;7;0.92;2.67;2.5;Athlone Town;Cobh Ramblers;0.23;1.29;0.33;1.25;0.14;0.83;100;71;54;25;0;88;88;75;0.66;1.32;1.98;991;27;Y;Y;Y;Y;Y;N;Y
297752;2063;2061;2018;complete;1946;8;-1;33,82;;2;0;2;7;8;15;1;1;3;3;0;0;4;4;3;7;7;11;20;13;47;53;3;3;3.7;3.35;1.95;1.05;1.32;2;3.55;0;0;0;0;0;0;1.91;1.91;0;0;0;0;0;0;0;0;0;0;0;0;0;0;0;0;0;0;0;0;0;0;0;0;0;0;0;0;0;0;0;0;0;0;0;0;0;0;0;0;0;0;0;0;0;0;0;0;0;0;0;0;0;2;1;0;1;0;1;1;2018-04-13 18:45:00;2063;0;50;33;17;0;1;1;3;4;4;4;7;8;1;1;2;2;2;4;1;0;0;0;0;0.9;1.17;2.07;1;0;1;0;0;0;1;1;0;0;0;0;0;0;-1;-1;-1;-1;-1;-1;-1;-1;-1;17;17;33;50;100;33;84;50;33;16.33;0;3.67;2.17;Cabinteely;Shelbourne;1.54;1.71;1;1.33;0.86;2.17;84;84;67;50;0;100;84;67;1.34;1.44;2.78;991;27;Y;Y;N;N;N;N;N
297753;2053;2057;2018;complete;1946;8;-1;90;57;1;1;2;5;3;8;1;1;0;3;0;0;7;3;10;9;17;12;11;16;52;48;0;3;2.1;3.4;3.3;1.04;1.28;1.91;3.25;0;0;0;0;0;0;1.8;2;0;0;0;0;0;0;0;0;0;0;0;0;0;0;0;0;0;0;0;0;0;0;0;0;0;0;0;0;0;0;0;0;0;0;0;0;0;0;0;0;0;0;0;0;0;0;0;0;0;0;0;0;0;2;0;0;1;1;2;0;2018-04-13 18:45:00;-1;0;50;25;25;0;1;1;1;1;4;2;2;6;0;0;0;3;0;3;1;0;0;0;0;1.91;1.32;3.23;0;0;0;0;0;0;1;1;0;0;0;1;0;0;-1;-1;-1;-1;-1;-1;-1;-1;-1;38;50;63;75;75;63;63;75;63;13.25;5.5;0;3.13;Drogheda United;Longford Town;1.81;1.38;2.5;0.5;2.17;1.83;63;50;38;25;25;75;75;63;1.79;1.6;3.39;991;27;Y;Y;N;N;N;N;Y
297754;2052;2058;2018;complete;1946;8;-1;55,66,69,88;29;4;1;5;3;5;8;6;1;0;2;0;1;8;4;7;9;15;13;12;14;64;36;0;4;1.36;4.55;8.5;1.03;1.25;1.8;3.05;0;0;0;0;0;0;2.15;1.71;0;0;0;0;0;0;0;0;0;0;0;0;0;0;0;0;0;0;0;0;0;0;0;0;0;0;0;0;0;0;0;0;0;0;0;0;0;0;0;0;0;0;0;0;0;0;0;0;0;0;0;0;0;5;0;1;4;0;4;1;2018-04-13 18:45:00;2052;0;34;0;34;0;1;1;1;2;2;3;3;5;0;1;0;2;1;2;1;0;0;0;0;1.88;1.34;3.22;1;0;1;0;0;0;1;1;0;0;0;0;0;0;-1;-1;-1;-1;-1;-1;-1;-1;-1;17;34;50;50;84;17;67;67;50;8.33;4.33;2;2.34;Galway United;Wexford;1.77;0.77;2.33;1;1.8;0.67;84;67;50;50;17;84;67;50;2.28;1.14;3.42;991;27;Y;Y;Y;Y;Y;N;Y
297755;2059;2054;2018;complete;1946;8;-1;14,68,75;42,45;3;2;5;5;6;11;-1;-1;3;6;0;0;4;8;10;11;14;19;-1;-1;50;50;3;6;2.05;3.25;3.5;1.05;1.33;2;3.65;0;0;0;0;0;0;1.91;1.91;0;0;0;0;0;0;0;0;0;0;0;0;0;0;0;0;0;0;0;0;0;0;0;0;0;0;0;0;0;0;0;0;0;0;0;0;0;0;0;0;0;0;0;0;0;0;0;0;0;0;0;0;0;5;1;2;2;0;2;3;2018-04-13 18:45:00;2059;0;84;17;33;0;1;1;3;1;2;5;4;7;1;4;2;2;5;4;1;0;0;0;0;1.69;2.23;3.92;0;0;0;0;0;0;1;1;0;0;0;0;0;1;-1;-1;-1;-1;-1;-1;-1;-1;-1;0;17;50;100;100;50;67;84;67;12.66;3.67;3;2.67;UCD;Finn Harps;2.31;1.86;2.33;1.33;2.17;1.6;100;84;50;0;0;84;67;67;1.32;1.6;2.92;991;27;Y;Y;Y;Y;Y;N;Y
297756;2061;2052;2018;complete;1946;9;-1;42,74;;2;0;2;6;8;14;1;2;2;1;0;0;10;7;5;10;15;17;12;5;36;64;2;1;2.65;3.25;2.55;1.04;1.27;1.87;3.2;0;0;0;0;0;0;1.77;2.05;0;0;0;0;0;0;0;0;0;0;0;0;0;0;0;0;0;0;0;0;0;0;0;0;0;0;0;0;0;0;0;0;0;0;0;0;0;0;0;0;0;0;0;0;0;0;0;0;0;0;0;0;0;2;1;0;1;0;1;1;2018-04-20 18:45:00;2061;0;67;42;17;0;1;1;2;2;4;6;4;10;0;0;2;1;0;3;1;0;0;0;0;1.97;1.94;3.91;0;0;0;0;0;0;1;1;0;0;0;1;0;0;-1;-1;-1;-1;-1;-1;-1;-1;-1;34;59;59;84;100;84;100;59;59;8.5;1.83;1.5;3.67;Shelbourne;Galway United;1.93;1;3;1;1.86;2;67;42;42;17;0;67;67;67;2;1.3;3.3;991;27;Y;Y;N;N;N;N;N
297757;2054;2063;2018;complete;1946;9;-1;84;;1;0;1;8;2;10;4;1;1;1;0;0;2;3;6;6;8;9;13;13;56;44;1;1;1.57;3.9;5.4;1.03;1.25;1.8;3;0;0;0;0;0;0;1.91;1.91;0;0;0;0;0;0;0;0;0;0;0;0;0;0;0;0;0;0;0;0;0;0;0;0;0;0;0;0;0;0;0;0;0;0;0;0;0;0;0;0;0;0;0;0;0;0;0;0;0;0;0;0;0;1;0;0;1;0;1;0;2018-04-20 19:00:00;2054;0;63;25;38;0;1;1;3;1;5;1;4;6;0;1;1;0;1;1;1;0;0;0;0;1.02;1.12;2.13;0;0;0;0;0;0;1;1;0;0;0;1;0;0;-1;-1;-1;-1;-1;-1;-1;-1;-1;0;25;50;75;100;38;63;75;50;12.83;6;3;2.5;Finn Harps;Cabinteely;2.13;0.71;2;0.75;1.33;1.13;100;75;50;25;0;59;59;59;1.51;1.34;2.85;991;27;Y;N;N;N;N;N;N
297758;2058;2060;2018;complete;1946;9;-1;39,53,60,66,75,78,79;;7;0;7;9;4;13;5;0;1;0;0;0;9;2;10;2;19;4;7;12;54;46;1;0;1.34;4.95;8;1.01;1.16;1.53;2.35;0;0;0;0;0;0;1.8;2;0;0;0;0;0;0;0;0;0;0;0;0;0;0;0;0;0;0;0;0;0;0;0;0;0;0;0;0;0;0;0;0;0;0;0;0;0;0;0;0;0;0;0;0;0;0;0;0;0;0;0;0;0;7;1;0;6;0;6;1;2018-04-20 19:00:00;2058;0;59;46;13;0;1;1;2;1;7;3;3;10;1;0;0;0;1;0;1;0;0;0;0;2.11;0.66;2.77;1;0;1;0;0;0;1;1;0;0;0;0;0;0;-1;-1;-1;-1;-1;-1;-1;-1;-1;67;67;67;84;100;84;84;84;67;4;3.33;1.5;5;Wexford;Athlone Town;0.71;0.07;0.33;0;0.57;0.13;34;34;34;17;0;54;42;29;0.92;0.98;1.9;991;27;Y;Y;Y;Y;Y;Y;N
297759;2057;2059;2018;complete;1946;9;-1;;61,77;0;2;2;3;3;6;-1;-1;-1;-1;-1;-1;2;7;7;7;9;14;-1;-1;53;47;-1;-1;2.4;3.35;2.75;1.03;1.24;1.77;2.95;0;0;0;0;0;0;0;0;0;0;0;0;0;0;0;0;0;0;0;0;0;0;0;0;0;0;0;0;0;0;0;0;0;0;0;0;0;0;0;0;0;0;0;0;0;0;0;0;0;0;0;0;0;0;0;0;0;0;0;0;0;2;0;0;0;2;2;0;2018-04-21 18:30:00;2059;0;42;13;17;0;1;-1;2;2;1;1;4;2;-1;-1;-1;-1;-1;-1;1;0;0;0;0;1.22;1.81;3.04;-1;-1;-1;-1;-1;-1;-1;1;0;0;0;1;-1;-1;-1;-1;-1;-1;-1;-1;-1;-1;-1;13;42;67;100;100;25;67;100;84;15.58;3.08;0.25;3.34;Longford Town;UCD;1.93;1.93;2.5;2;1.71;2.29;88;59;34;0;0;88;88;46;2.5;2.16;4.66;991;27;Y;Y;N;N;N;N;N
297760;2062;2053;2018;complete;1946;9;-1;73;28,30,32,37,60;1;5;6;3;7;10;3;3;0;0;0;0;4;6;1;4;5;10;7;8;47;53;0;0;3.35;3.35;2.1;1.05;1.32;2;3.6;0;0;0;0;0;0;0;0;0;0;0;0;0;0;0;0;0;0;0;0;0;0;0;0;0;0;0;0;0;0;0;0;0;0;0;0;0;0;0;0;0;0;0;0;0;0;0;0;0;0;0;0;0;0;0;0;0;0;0;0;0;6;0;4;1;1;2;4;2018-04-21 18:45:00;2053;0;50;50;25;0;1;-1;1;3;2;4;4;6;0;0;0;0;0;0;1;0;0;0;0;1.24;1.72;2.95;-1;-1;-1;-1;-1;-1;-1;1;0;0;0;0;-1;-1;-1;-1;-1;-1;-1;-1;-1;-1;-1;50;50;50;100;100;50;75;100;75;10.5;0;2;4.5;Cobh Ramblers;Drogheda United;0.85;1.6;0;1.5;1.14;2;50;50;50;0;0;50;50;50;1.18;2.34;3.52;991;27;Y;Y;Y;Y;Y;Y;Y
297761;2063;2060;2018;complete;1946;10;-1;30,41,58,72;;4;0;4;6;3;9;2;0;1;1;0;0;6;6;8;5;14;11;14;8;50;50;1;1;1.11;8.25;18;1;1.1;1.36;1.95;0;0;0;0;0;0;2.1;1.74;0;0;0;0;0;0;0;0;0;0;0;0;0;0;0;0;0;0;0;0;0;0;0;0;0;0;0;0;0;0;0;0;0;0;0;0;0;0;0;0;0;0;0;0;0;0;0;0;0;0;0;0;0;4;2;0;2;0;2;2;2018-06-04 14:00:00;2063;0;31;16;16;0;1;1;6;0;0;3;6;3;0;0;1;1;0;2;1;0;0;0;0;1.74;1.43;3.17;0;0;0;0;0;0;1;1;0;0;2;0;0;0;-1;-1;-1;-1;-1;-1;-1;-1;-1;44;52;67;84;100;54;100;75;59;9.81;1.96;3.6;3.88;Cabinteely;Athlone Town;1.54;0.07;1.5;0;1.07;0.14;56;49;34;17;0;77;62;47;1.48;0.83;2.31;991;27;Y;Y;Y;Y;N;N;N
297762;2053;2061;2018;complete;1946;10;-1;73;85;1;1;2;1;7;8;5;2;0;0;0;0;6;4;7;9;13;13;12;13;48;52;0;0;2.05;3.45;3.3;1.03;1.24;1.77;2.9;0;0;0;0;0;0;1.71;2.15;0;0;0;0;0;0;0;0;0;0;0;0;0;0;0;0;0;0;0;0;0;0;0;0;0;0;0;0;0;0;0;0;0;0;0;0;0;0;0;0;0;0;0;0;0;0;0;0;0;0;0;0;0;2;0;0;1;1;2;0;2018-04-27 18:45:00;-1;0;55;13;10;0;1;-1;0;4;1;3;4;4;0;0;0;0;0;0;1;0;0;0;0;1.61;1.55;3.16;-1;-1;-1;-1;-1;-1;-1;1;0;0;0;2;-1;-1;-1;-1;-1;-1;-1;-1;-1;-1;-1;10;20;43;88;100;43;68;88;53;12.5;4.55;2;2.7;Drogheda United;Shelbourne;1.81;1.71;2.2;1;2.13;2;90;80;58;13;0;90;78;68;1.82;1.37;3.19;991;29;Y;Y;N;N;N;N;Y
297763;2052;2062;2018;complete;1946;10;-1;17,22,43;;3;0;3;3;1;4;0;5;0;0;0;0;12;6;10;11;22;17;12;7;55;45;0;0;1.8;3.6;4.15;1.04;1.27;1.87;3.2;0;0;0;0;0;0;1.83;2;0;0;0;0;0;0;0;0;0;0;0;0;0;0;0;0;0;0;0;0;0;0;0;0;0;0;0;0;0;0;0;0;0;0;0;0;0;0;0;0;0;0;0;0;0;0;0;0;0;0;0;0;0;3;3;0;0;0;0;3;2018-04-27 18:45:00;2052;0;68;10;35;0;1;-1;3;0;0;1;3;1;0;0;0;0;0;0;1;0;0;0;0;2.6;1.85;4.46;-1;-1;-1;-1;-1;-1;-1;1;0;0;1;0;-1;-1;-1;-1;-1;-1;-1;-1;-1;-1;-1;35;58;58;68;88;43;88;58;58;9.55;4.95;0.75;3.05;Galway United;Cobh Ramblers;1.77;1.29;2.5;1.6;1.71;1;65;43;43;33;13;78;65;55;2.18;1.4;3.58;991;27;Y;Y;Y;N;N;N;N
297764;2059;2058;2018;complete;1946;10;-1;4,19,45;32,51;3;2;5;7;2;9;-1;-1;-1;-1;-1;-1;7;3;9;1;16;4;-1;-1;52;48;-1;-1;1.25;5.55;10.75;1.01;1.18;1.59;2.45;0;0;0;0;0;0;2.1;1.74;0;0;0;0;0;0;0;0;0;0;0;0;0;0;0;0;0;0;0;0;0;0;0;0;0;0;0;0;0;0;0;0;0;0;0;0;0;0;0;0;0;0;0;0;0;0;0;0;0;0;0;0;0;5;3;1;0;1;1;4;2018-04-27 18:45:00;2059;0;63;25;13;0;1;-1;6;0;1;2;6;3;-1;-1;-1;-1;-1;-1;1;0;0;0;0;2.21;0.85;3.05;-1;-1;-1;-1;-1;-1;-1;1;1;0;0;0;-1;-1;-1;-1;-1;-1;-1;-1;-1;-1;-1;25;38;63;75;100;38;88;75;63;8.75;1;3.5;3;UCD;Wexford;2.31;0.77;2.5;0.75;2.38;0.88;75;63;38;25;0;75;63;50;1.41;1.19;2.6;991;27;Y;Y;Y;Y;Y;N;Y
297765;2057;2054;2018;complete;1946;10;-1;45;6,90;1;2;3;10;1;11;1;5;0;5;0;0;10;3;19;3;29;6;9;17;68;32;0;5;2.35;3.2;3;1.05;1.34;2.05;3.7;0;0;0;0;0;0;1.91;1.91;0;0;0;0;0;0;0;0;0;0;0;0;0;0;0;0;0;0;0;0;0;0;0;0;0;0;0;0;0;0;0;0;0;0;0;0;0;0;0;0;0;0;0;0;0;0;0;0;0;0;0;0;0;3;1;1;0;1;1;2;2018-04-28 18:30:00;2054;0;58;23;13;0;1;1;5;0;5;1;5;6;0;2;0;3;2;3;1;0;0;0;0;2.89;0.75;3.64;0;0;0;0;0;0;1;1;0;1;1;0;0;1;-1;-1;-1;-1;-1;-1;-1;-1;-1;23;33;65;100;100;45;65;100;88;13.4;3.7;3.75;3.3;Longford Town;Finn Harps;1.93;1.86;2;1;1.5;1.57;78;68;35;0;0;68;68;48;2.24;1.76;4;991;27;Y;Y;Y;N;N;N;Y
297766;2060;2052;2018;complete;1946;11;-1;;38,57,78;0;3;3;0;12;12;1;3;0;3;0;0;2;12;7;11;9;23;12;15;35;65;0;3;22.25;8.75;1.09;1;1.06;1.24;1.65;0;0;0;0;0;0;2.25;1.65;0;0;0;0;0;0;0;0;0;0;0;0;0;0;0;0;0;0;0;0;0;0;0;0;0;0;0;0;0;0;0;0;0;0;0;0;0;0;0;0;0;0;0;0;0;0;0;0;0;0;0;0;0;3;0;1;0;2;2;1;2018-05-04 18:45:00;2052;0;84;17;50;0;1;1;0;8;0;4;8;4;0;2;0;1;2;1;1;0;0;0;0;0.79;2.55;3.35;0;0;0;0;0;0;1;1;0;0;0;2;0;0;-1;-1;-1;-1;-1;-1;-1;-1;-1;13;42;54;100;100;46;63;84;67;10.67;1.75;2.58;3.09;Athlone Town;Galway United;0.23;1;0.25;0.67;0.11;1.88;88;59;46;0;0;100;100;100;0.68;1.52;2.2;991;27;Y;Y;Y;N;N;N;N
297767;2061;2059;2018;complete;1946;11;-1;52;90;1;1;2;5;3;8;5;0;3;1;0;0;4;7;5;3;9;10;15;5;40;60;3;1;2.5;3.35;2.65;1.03;1.25;1.8;3;0;0;0;0;0;0;1.71;2.15;0;0;0;0;0;0;0;0;0;0;0;0;0;0;0;0;0;0;0;0;0;0;0;0;0;0;0;0;0;0;0;0;0;0;0;0;0;0;0;0;0;0;0;0;0;0;0;0;0;0;0;0;0;2;0;0;1;1;2;0;2018-05-04 18:45:00;-1;0;25;13;25;0;1;1;1;3;4;0;4;4;0;0;3;1;0;4;1;0;0;0;0;1.1;1.34;2.44;0;0;0;0;0;0;1;1;0;0;1;0;0;0;-1;-1;-1;-1;-1;-1;-1;-1;-1;25;38;38;88;100;25;63;88;63;10;2;1;3.13;Shelbourne;UCD;1.93;1.93;3;2.25;1.89;2.44;75;63;63;13;0;63;63;50;1.99;2.07;4.06;991;27;Y;Y;N;N;N;N;Y
297768;2054;2053;2018;complete;1946;11;-1;53,64;25;2;1;3;1;7;8;2;6;3;4;0;0;5;5;3;5;8;10;20;11;40;60;3;4;2.45;3.25;2.8;1.04;1.29;1.91;3.3;0;0;0;0;0;0;1.8;2.05;0;0;0;0;0;0;0;0;0;0;0;0;0;0;0;0;0;0;0;0;0;0;0;0;0;0;0;0;0;0;0;0;0;0;0;0;0;0;0;0;0;0;0;0;0;0;0;0;0;0;0;0;0;3;0;1;2;0;2;1;2018-05-04 19:00:00;2054;0;67;50;34;0;1;1;1;3;0;4;4;4;1;1;2;3;2;5;1;0;0;0;0;1.09;1.4;2.49;0;0;0;0;0;0;1;1;0;0;0;1;0;0;-1;-1;-1;-1;-1;-1;-1;-1;-1;50;50;50;67;100;67;67;84;50;13.67;4;3;4;Finn Harps;Drogheda United;2.13;1.6;2.33;2;1.75;2;50;50;50;34;0;67;67;33;1.35;2.13;3.48;991;29;Y;Y;Y;N;N;N;Y
297769;2058;2063;2018;complete;1946;11;-1;;30;0;1;1;3;6;9;0;3;1;2;1;0;5;7;9;10;14;17;14;21;44;56;2;2;3.1;3.25;2.25;1.05;1.32;2;3.55;0;0;0;0;0;0;1.87;1.95;0;0;0;0;0;0;0;0;0;0;0;0;0;0;0;0;0;0;0;0;0;0;0;0;0;0;0;0;0;0;0;0;0;0;0;0;0;0;0;0;0;0;0;0;0;0;0;0;0;0;0;0;0;1;0;1;0;0;0;1;2018-05-04 19:00:00;2063;0;55;25;30;0;1;1;2;2;1;4;4;5;0;0;2;2;0;4;1;0;0;0;0;1.44;1.81;3.25;0;1;0;1;0;0;1;1;0;0;0;0;0;0;-1;-1;-1;-1;-1;-1;-1;-1;-1;25;45;65;78;100;35;68;88;65;9;5.6;0.45;3.88;Wexford;Cabinteely;0.71;0.71;1;0.6;0.78;1;75;55;35;23;0;63;63;50;1.22;1.29;2.51;991;27;Y;N;N;N;N;N;N
297770;2062;2057;2018;complete;1946;11;-1;;26;0;1;1;10;2;12;-1;-1;-1;-1;-1;-1;2;3;2;2;4;5;-1;-1;52;48;-1;-1;3.35;3.35;2.1;1.04;1.29;1.91;3.3;0;0;0;0;0;0;1.83;2;0;0;0;0;0;0;0;0;0;0;0;0;0;0;0;0;0;0;0;0;0;0;0;0;0;0;0;0;0;0;0;0;0;0;0;0;0;0;0;0;0;0;0;0;0;0;0;0;0;0;0;0;0;1;0;1;0;0;0;1;2018-05-05 18:45:00;2057;0;50;17;50;0;1;-1;8;2;2;0;10;2;-1;-1;-1;-1;-1;-1;1;0;0;0;0;1.22;1.47;2.69;-1;-1;-1;-1;-1;-1;-1;1;0;0;0;0;-1;-1;-1;-1;-1;-1;-1;-1;-1;-1;-1;33;33;33;84;84;33;50;84;67;9.34;2;2;2.83;Cobh Ramblers;Longford Town;0.85;1.38;0;0.67;0.89;1.33;67;67;67;17;17;50;50;33;1.2;1.5;2.7;991;27;Y;N;N;N;N;N;N
297771;2060;2053;2018;complete;1946;12;-1;;49;0;1;1;1;9;10;5;7;1;1;0;0;0;3;6;8;6;11;9;9;39;61;1;1;20.25;10;1.08;1;1.04;1.2;1.53;0;0;0;0;0;0;1.87;1.95;0;0;0;0;0;0;0;0;0;0;0;0;0;0;0;0;0;0;0;0;0;0;0;0;0;0;0;0;0;0;0;0;0;0;0;0;0;0;0;0;0;0;0;0;0;0;0;0;0;0;0;0;0;1;0;0;0;1;1;0;2018-05-11 18:45:00;2053;0;90;25;65;0;1;1;0;2;1;7;2;8;0;0;1;1;0;2;1;0;0;0;0;0.42;1.12;1.54;0;0;0;0;0;0;1;1;0;0;0;1;0;0;-1;-1;-1;-1;-1;-1;-1;-1;-1;48;58;90;100;100;48;70;100;100;9.5;2.8;2.5;4.58;Athlone Town;Drogheda United;0.23;1.6;0.2;1.5;0.1;1.8;53;43;10;0;0;75;75;63;0.71;1.95;2.66;991;27;Y;N;N;N;N;N;N
297772;2052;2059;2018;complete;1946;12;-1;10,77;;2;0;2;3;3;6;7;0;1;2;0;0;9;2;17;10;26;12;13;8;50;50;1;2;2.3;3.45;2.85;1.03;1.24;1.77;2.95;0;0;0;0;0;0;1.69;2.15;0;0;0;0;0;0;0;0;0;0;0;0;0;0;0;0;0;0;0;0;0;0;0;0;0;0;0;0;0;0;0;0;0;0;0;0;0;0;0;0;0;0;0;0;0;0;0;0;0;0;0;0;0;2;1;0;1;0;1;1;2018-05-11 18:45:00;2052;0;47;0;37;0;1;1;0;1;3;2;1;5;0;1;1;1;1;2;1;0;0;0;0;2.73;1.15;3.87;0;0;0;0;0;0;1;1;1;0;0;0;0;0;-1;-1;-1;-1;-1;-1;-1;-1;-1;29;47;57;90;90;29;57;80;72;10.4;3.83;0.25;3.37;Galway United;UCD;1.77;1.93;2.6;2.17;1.8;2.36;72;54;44;10;10;55;45;37;2.27;2.02;4.29;991;27;Y;Y;N;N;N;N;N
297773;2061;2054;2018;complete;1946;12;-1;;;0;0;0;5;1;6;-1;-1;2;3;0;0;2;2;6;5;8;7;-1;-1;52;48;2;3;2.05;3.35;3.5;1.05;1.33;2.05;3.65;0;0;0;0;0;0;1.91;1.91;0;0;0;0;0;0;0;0;0;0;0;0;0;0;0;0;0;0;0;0;0;0;0;0;0;0;0;0;0;0;0;0;0;0;0;0;0;0;0;0;0;0;0;0;0;0;0;0;0;0;0;0;0;0;0;0;0;0;0;0;2018-05-11 18:45:00;-1;0;60;30;30;0;1;1;4;0;1;1;4;2;1;0;1;3;1;4;1;0;0;0;0;1.31;1.2;2.51;0;0;0;0;0;0;1;1;0;0;0;0;0;0;-1;-1;-1;-1;-1;-1;-1;-1;-1;30;30;50;90;100;50;70;90;60;9.2;5;5.47;3.2;Shelbourne;Finn Harps;1.93;1.86;2.6;1.4;1.8;2;70;70;50;10;0;60;60;60;1.81;1.56;3.37;991;29;N;N;N;N;N;N;N
297774;2058;2057;2018;complete;1946;12;-1;;19,55;0;2;2;1;3;4;4;2;0;0;0;0;2;10;3;5;5;15;15;3;37;63;0;0;6.7;4.6;1.41;1.01;1.18;1.59;2.5;0;0;0;0;0;0;1.87;1.95;0;0;0;0;0;0;0;0;0;0;0;0;0;0;0;0;0;0;0;0;0;0;0;0;0;0;0;0;0;0;0;0;0;0;0;0;0;0;0;0;0;0;0;0;0;0;0;0;0;0;0;0;0;2;0;1;0;1;1;1;2018-05-11 19:00:00;2057;0;42;29;25;0;1;-1;0;2;1;1;2;2;0;0;0;0;0;0;1;0;0;0;0;0.65;1.93;2.58;0;0;0;0;0;0;1;1;0;0;0;0;-1;-1;-1;-1;-1;-1;-1;-1;-1;-1;-1;38;38;38;59;88;38;67;59;50;7.92;3.5;2.33;3.34;Wexford;Longford Town;0.71;1.38;0.67;1.25;0.64;1.5;63;63;63;42;13;50;42;42;1.26;1.5;2.76;991;27;Y;Y;N;N;N;N;N
297775;2062;2063;2018;complete;1946;12;-1;2;;1;0;1;5;6;11;2;1;1;2;0;0;4;0;1;6;5;6;13;10;44;56;1;2;2.1;3.1;3.55;1.06;1.39;2.2;4.15;0;0;0;0;0;0;2.05;1.8;0;0;0;0;0;0;0;0;0;0;0;0;0;0;0;0;0;0;0;0;0;0;0;0;0;0;0;0;0;0;0;0;0;0;0;0;0;0;0;0;0;0;0;0;0;0;0;0;0;0;0;0;0;1;1;0;0;0;0;1;2018-05-12 18:45:00;2062;0;38;0;38;0;1;1;2;2;3;4;4;7;0;0;1;2;0;3;1;0;0;0;0;1.42;1.42;2.84;0;0;0;0;0;0;1;1;1;0;0;0;0;0;-1;-1;-1;-1;-1;-1;-1;-1;-1;13;29;46;71;100;21;71;79;59;10.65;3.17;1;2.71;Cobh Ramblers;Cabinteely;0.85;0.71;0;1;0.8;1.2;88;71;54;29;0;78;68;45;1.2;1.39;2.59;991;27;Y;N;N;N;N;N;N
297776;2063;2052;2018;complete;1946;13;-1;89;9,39;1;2;3;5;2;7;6;1;2;2;0;0;9;4;12;3;21;7;14;14;47;53;2;2;5.15;3.85;1.61;1.04;1.29;1.91;3.3;0;0;0;0;0;0;2;1.8;0;0;0;0;0;0;0;0;0;0;0;0;0;0;0;0;0;0;0;0;0;0;0;0;0;0;0;0;0;0;0;0;0;0;0;0;0;0;0;0;0;0;0;0;0;0;0;0;0;0;0;0;0;3;0;2;1;0;1;2;2018-05-20 14:00:00;2052;0;33;23;13;0;1;1;3;1;2;1;4;3;0;0;2;2;0;4;1;0;0;0;0;2.42;1.01;3.43;0;0;0;0;0;0;1;1;0;1;0;0;0;0;-1;-1;-1;-1;-1;-1;-1;-1;-1;13;23;33;65;100;33;90;65;33;17.3;0.9;3.85;2.33;Cabinteely;Galway United;1.54;1;1.5;1;1.09;1.91;88;78;68;35;0;100;90;78;1.19;1.73;2.92;991;27;Y;Y;Y;N;N;N;Y
297777;2053;2058;2018;complete;1946;13;-1;41,82;;2;0;2;5;8;13;5;0;2;3;0;0;7;3;7;5;14;8;9;10;51;49;2;3;1.13;7.5;16.5;1.01;1.11;1.4;2;0;0;0;0;0;0;2.15;1.71;0;0;0;0;0;0;0;0;0;0;0;0;0;0;0;0;0;0;0;0;0;0;0;0;0;0;0;0;0;0;0;0;0;0;0;0;0;0;0;0;0;0;0;0;0;0;0;0;0;0;0;0;0;2;1;0;1;0;1;1;2018-05-18 18:45:00;2053;0;54;10;17;0;1;1;3;3;2;5;6;7;2;1;0;2;3;2;1;0;0;0;0;1.75;1.08;2.83;1;0;1;0;0;0;1;1;0;0;1;0;0;0;-1;-1;-1;-1;-1;-1;-1;-1;-1;29;37;55;80;100;35;65;90;62;8.37;4.8;2.5;3.09;Drogheda United;Wexford;1.81;0.77;2;0.6;1.91;0.58;72;64;45;20;0;64;54;35;1.78;1.12;2.9;991;27;Y;Y;N;N;N;N;N
297778;2059;2060;2018;complete;1946;13;-1;40,90,90;;3;0;3;8;1;9;2;4;0;1;0;0;10;2;2;2;12;4;9;10;63;37;0;1;1.05;12;26.5;1;1.03;1.15;1.43;0;0;0;0;0;0;2.1;1.74;0;0;0;0;0;0;0;0;0;0;0;0;0;0;0;0;0;0;0;0;0;0;0;0;0;0;0;0;0;0;0;0;0;0;0;0;0;0;0;0;0;0;0;0;0;0;0;0;0;0;0;0;0;3;1;0;2;0;2;1;2018-05-18 18:45:00;2059;0;70;40;20;0;1;1;1;0;7;1;1;8;0;0;0;1;0;1;1;0;0;0;0;2.05;0.72;2.77;0;0;0;0;0;0;1;1;0;0;0;0;0;0;-1;-1;-1;-1;-1;-1;-1;-1;-1;70;80;90;100;100;80;100;90;80;8;0.4;2.2;5;UCD;Athlone Town;2.31;0.07;2.6;0;2.17;0.09;30;20;10;0;0;90;60;50;1.57;0.91;2.48;991;27;Y;Y;Y;N;N;N;N
297779;2054;2062;2018;complete;1946;13;-1;;22;0;1;1;4;2;6;5;1;1;2;0;0;7;2;6;3;13;5;16;14;58;42;1;2;1.87;3.25;4.4;1.08;1.47;2.4;4.7;0;0;0;0;0;0;2.25;1.62;0;0;0;0;0;0;0;0;0;0;0;0;0;0;0;0;0;0;0;0;0;0;0;0;0;0;0;0;0;0;0;0;0;0;0;0;0;0;0;0;0;0;0;0;0;0;0;0;0;0;0;0;0;1;0;1;0;0;0;1;2018-05-18 19:00:00;2062;0;45;19;9;0;1;1;2;0;2;2;2;4;0;1;1;1;1;2;1;0;0;0;0;1.71;0.8;2.5;0;0;0;0;0;0;1;1;0;0;1;0;0;0;-1;-1;-1;-1;-1;-1;-1;-1;-1;9;17;35;54;100;44;70;57;27;9.17;4.23;2.8;2.14;Finn Harps;Cobh Ramblers;2.13;1.29;2.6;1.33;1.91;1;92;84;65;47;0;64;54;35;1.31;1.49;2.8;991;27;Y;N;N;N;N;N;N
297780;2057;2061;2018;complete;1946;13;-1;61;50;1;1;2;7;7;14;1;6;3;2;0;0;6;11;10;6;16;17;9;10;54;46;3;2;2;3.55;3.35;1.02;1.22;1.71;2.75;0;0;0;0;0;0;1.67;2.2;0;0;0;0;0;0;0;0;0;0;0;0;0;0;0;0;0;0;0;0;0;0;0;0;0;0;0;0;0;0;0;0;0;0;0;0;0;0;0;0;0;0;0;0;0;0;0;0;0;0;0;0;0;2;0;0;1;1;2;0;2018-05-19 18:30:00;-1;0;55;27;10;0;1;1;2;6;5;1;8;6;0;0;3;2;0;5;1;0;0;0;0;1.93;2.28;4.21;0;0;0;0;0;0;1;1;0;0;0;1;0;0;-1;-1;-1;-1;-1;-1;-1;-1;-1;9;17;52;90;100;35;72;90;62;13.6;2.17;1.8;2.75;Longford Town;Shelbourne;1.93;1.71;1.67;1;1.64;1.73;92;84;49;10;0;74;64;47;2.35;1.41;3.76;991;27;Y;Y;N;N;N;N;Y
297781;2060;2057;2018;complete;1946;14;-1;21;61;1;1;2;2;11;13;5;4;3;3;0;1;4;5;4;16;8;21;12;19;31;69;3;5;14.5;9;1.12;1;1.07;1.27;1.71;0;0;0;0;0;0;2;1.8;0;0;0;0;0;0;0;0;0;0;0;0;0;0;0;0;0;0;0;0;0;0;0;0;0;0;0;0;0;0;0;0;0;0;0;0;0;0;0;0;0;0;0;0;0;0;0;0;0;0;0;0;0;2;1;0;0;1;1;1;2018-05-25 18:45:00;-1;0;54;10;54;0;1;1;0;4;2;7;4;9;0;0;3;4;0;7;1;0;0;0;0;0.83;1.91;2.74;0;0;0;0;0;0;1;1;0;0;0;1;0;0;-1;-1;-1;-1;-1;-1;-1;-1;-1;19;27;44;72;90;19;47;80;62;6.8;2.3;2;2.5;Athlone Town;Longford Town;0.23;1.38;0.17;1.6;0.08;1.58;82;74;57;29;10;70;70;60;0.65;1.58;2.23;991;27;Y;Y;N;N;N;N;Y
297782;2063;2059;2018;complete;1946;14;-1;13,20;;2;0;2;3;4;7;0;0;2;2;0;0;4;3;6;3;10;6;15;10;43;57;2;2;4.65;3.95;1.65;1.03;1.24;1.77;2.95;0;0;0;0;0;0;1.83;2;0;0;0;0;0;0;0;0;0;0;0;0;0;0;0;0;0;0;0;0;0;0;0;0;0;0;0;0;0;0;0;0;0;0;0;0;0;0;0;0;0;0;0;0;0;0;0;0;0;0;0;0;0;2;2;0;0;0;0;2;2018-05-25 18:45:00;2063;0;35;10;25;0;1;1;2;2;1;2;4;3;1;0;1;2;1;3;1;0;0;0;0;1.42;1.25;2.67;0;0;0;0;0;0;1;1;0;0;0;0;0;0;-1;-1;-1;-1;-1;-1;-1;-1;-1;17;25;35;80;100;27;72;80;46;14.17;1.51;2.8;2.77;Cabinteely;UCD;1.54;1.93;1.2;1.86;1;2.23;83;76;66;20;0;62;62;45;1.5;1.9;3.4;991;27;Y;Y;N;N;N;N;N
297783;2062;2061;2018;complete;1946;14;-1;;32,49,68;0;3;3;3;7;10;2;2;2;2;0;0;4;7;5;11;9;18;6;8;48;52;2;2;3.25;3.15;2.2;1.07;1.42;2.25;4.3;0;0;0;0;0;0;2.05;1.77;0;0;0;0;0;0;0;0;0;0;0;0;0;0;0;0;0;0;0;0;0;0;0;0;0;0;0;0;0;0;0;0;0;0;0;0;0;0;0;0;0;0;0;0;0;0;0;0;0;0;0;0;0;3;0;1;0;2;2;1;2018-05-25 18:45:00;2061;0;44;9;27;0;1;1;1;3;2;4;4;6;1;1;1;1;2;2;1;0;0;0;0;1.46;2.18;3.64;0;0;0;0;0;0;1;1;0;0;0;1;0;0;-1;-1;-1;-1;-1;-1;-1;-1;-1;10;10;19;72;100;19;65;72;45;11.87;2.63;2.34;2.2;Cobh Ramblers;Shelbourne;0.85;1.71;0.6;1;1.17;1.67;90;90;82;29;0;82;74;64;1.25;1.55;2.8;991;27;Y;Y;Y;N;N;N;N
297784;2052;2053;2018;complete;1946;14;-1;;77;0;1;1;7;13;20;5;1;2;3;0;0;2;3;16;11;18;14;11;15;53;47;2;3;2.1;3.5;3.2;1.02;1.2;1.67;2.7;0;0;0;0;0;0;1.62;2.25;0;0;0;0;0;0;0;0;0;0;0;0;0;0;0;0;0;0;0;0;0;0;0;0;0;0;0;0;0;0;0;0;0;0;0;0;0;0;0;0;0;0;0;0;0;0;0;0;0;0;0;0;0;1;0;0;0;1;1;0;2018-05-25 18:45:00;2053;0;65;20;37;0;1;1;4;8;3;5;12;8;1;0;1;3;1;4;1;0;0;0;0;1.57;1.36;2.93;0;0;0;0;0;0;1;1;0;0;0;0;0;0;-1;-1;-1;-1;-1;-1;-1;-1;-1;47;55;74;82;92;47;82;84;65;11.37;6.67;1.57;3.99;Galway United;Drogheda United;1.77;1.6;2.67;1.8;2;2;54;45;27;19;9;55;47;27;2.34;1.78;4.12;991;27;Y;N;N;N;N;N;N
297785;2058;2054;2018;complete;1946;14;-1;80;67;1;1;2;4;2;6;-1;-1;2;1;0;0;6;5;3;3;9;8;-1;-1;51;49;2;1;7.25;4.55;1.38;1.04;1.28;1.87;3.2;0;0;0;0;0;0;2.25;1.65;0;0;0;0;0;0;0;0;0;0;0;0;0;0;0;0;0;0;0;0;0;0;0;0;0;0;0;0;0;0;0;0;0;0;0;0;0;0;0;0;0;0;0;0;0;0;0;0;0;0;0;0;0;2;0;0;1;1;2;0;2018-05-25 19:00:00;-1;0;48;31;9;0;1;1;4;2;0;0;6;0;1;0;1;1;1;2;1;0;0;0;0;1.61;1.62;3.23;0;1;0;1;0;0;1;1;0;0;2;0;0;0;-1;-1;-1;-1;-1;-1;-1;-1;-1;30;30;47;77;92;47;68;77;47;7.86;5.47;4.38;3.4;Wexford;Finn Harps;0.71;1.86;0.57;1.33;0.54;1.75;70;70;54;23;9;55;48;48;1.17;1.5;2.67;991;27;Y;Y;N;N;N;N;Y
297786;2053;2063;2018;complete;1946;15;-1;33,90;;2;0;2;7;7;14;1;1;2;2;0;0;8;4;9;5;17;9;15;19;50;50;2;2;1.67;3.6;5.1;1.03;1.26;1.83;3.1;0;0;0;0;0;0;1.87;1.95;0;0;0;0;0;0;0;0;0;0;0;0;0;0;0;0;0;0;0;0;0;0;0;0;0;0;0;0;0;0;0;0;0;0;0;0;0;0;0;0;0;0;0;0;0;0;0;0;0;0;0;0;0;2;1;0;1;0;1;1;2018-06-01 18:45:00;2053;0;50;0;36;0;1;1;2;2;5;5;4;10;0;2;2;0;2;2;1;0;0;0;0;1.96;1.22;3.18;0;0;0;0;0;0;1;1;0;0;0;0;0;1;-1;-1;-1;-1;-1;-1;-1;-1;-1;7;29;50;79;100;29;64;86;64;10.64;6.57;1;2.72;Drogheda United;Cabinteely;1.81;0.71;2.14;0.86;2.08;1.15;93;71;50;22;0;77;69;54;1.78;1.4;3.18;991;27;Y;Y;N;N;N;N;N
297787;2061;2058;2018;complete;1946;15;-1;21,32,74,87;51;4;1;5;10;5;15;-1;-1;1;4;0;0;7;3;3;4;10;7;-1;-1;49;51;1;4;1.23;5.75;11.75;1.02;1.19;1.62;2.55;0;0;0;0;0;0;2.2;1.67;0;0;0;0;0;0;0;0;0;0;0;0;0;0;0;0;0;0;0;0;0;0;0;0;0;0;0;0;0;0;0;0;0;0;0;0;0;0;0;0;0;0;0;0;0;0;0;0;0;0;0;0;0;5;2;0;2;1;3;2;2018-06-01 18:45:00;2061;0;33;17;17;0;1;1;3;2;7;3;5;10;0;1;1;3;1;4;1;0;0;0;0;1.77;1.14;2.91;0;0;0;0;0;0;1;1;0;0;2;1;0;0;-1;-1;-1;-1;-1;-1;-1;-1;-1;33;33;42;67;92;25;75;75;42;7.67;2.17;4.35;2.83;Shelbourne;Wexford;1.93;0.77;2.33;0.5;1.77;0.57;67;67;59;33;9;50;42;33;1.73;1.11;2.84;991;27;Y;Y;Y;Y;Y;N;Y
297788;2059;2062;2018;complete;1946;15;-1;8,42,58;52;3;1;4;3;4;7;2;6;1;4;0;0;7;6;2;9;9;15;9;18;52;48;1;4;1.48;4;6.75;1.04;1.28;1.91;3.25;0;0;0;0;0;0;2.1;1.74;0;0;0;0;0;0;0;0;0;0;0;0;0;0;0;0;0;0;0;0;0;0;0;0;0;0;0;0;0;0;0;0;0;0;0;0;0;0;0;0;0;0;0;0;0;0;0;0;0;0;0;0;0;4;2;0;1;1;2;2;2018-06-01 18:45:00;2059;0;63;32;16;0;1;1;2;3;1;1;5;2;0;0;1;4;0;5;1;0;0;0;0;1.6;1.96;3.56;0;0;0;0;0;0;1;1;1;0;0;1;0;0;-1;-1;-1;-1;-1;-1;-1;-1;-1;24;40;63;79;100;62;100;56;48;9.86;1.71;1.63;3.05;UCD;Cobh Ramblers;2.31;1.29;2.67;1.57;2.07;1.08;77;61;37;22;0;79;54;47;1.65;1.38;3.03;991;27;Y;Y;Y;Y;N;N;Y
297789;2054;2060;2018;complete;1946;15;-1;45,48,52,80;;4;0;4;9;2;11;9;1;0;3;0;0;8;0;11;5;19;5;9;22;66;34;0;3;1.09;8.5;22.75;1.01;1.12;1.43;2.05;0;0;0;0;0;0;2.5;1.54;0;0;0;0;0;0;0;0;0;0;0;0;0;0;0;0;0;0;0;0;0;0;0;0;0;0;0;0;0;0;0;0;0;0;0;0;0;0;0;0;0;0;0;0;0;0;0;0;0;0;0;0;0;4;1;0;3;0;3;1;2018-06-01 19:00:00;2054;0;33;17;9;0;1;1;5;0;4;2;5;6;0;1;0;2;1;2;1;0;0;0;0;2.13;0.52;2.64;0;0;0;0;0;0;1;1;0;0;1;0;0;0;-1;-1;-1;-1;-1;-1;-1;-1;-1;42;42;59;67;100;42;75;84;59;7;4.16;3.17;3.59;Finn Harps;Athlone Town;2.13;0.07;2.17;0;1.69;0.15;59;59;42;34;0;67;42;25;1.37;0.88;2.25;991;27;Y;Y;Y;Y;N;N;N
297790;2057;2052;2018;complete;1946;15;-1;8,43,80;56,87;3;2;5;6;4;10;-1;-1;2;0;1;0;8;7;5;12;13;19;-1;-1;47;53;4;0;2.4;3.3;2.75;1.04;1.28;1.91;3.25;0;0;0;0;0;0;1.77;2.05;0;0;0;0;0;0;0;0;0;0;0;0;0;0;0;0;0;0;0;0;0;0;0;0;0;0;0;0;0;0;0;0;0;0;0;0;0;0;0;0;0;0;0;0;0;0;0;0;0;0;0;0;0;5;2;0;1;2;3;2;2018-06-01 18:45:00;2057;0;54;23;7;0;1;1;6;2;0;2;8;2;1;0;2;0;1;2;1;0;0;0;0;1.69;2.11;3.8;0;0;0;0;0;0;1;1;1;0;0;1;0;0;-1;-1;-1;-1;-1;-1;-1;-1;-1;7;23;61;92;100;47;77;92;60;13.83;2.47;2.34;2.9;Longford Town;Galway United;1.93;1;1.57;1.33;1.54;1.85;93;77;40;9;0;77;69;55;2.29;1.61;3.9;991;27;Y;Y;Y;Y;Y;N;Y
297791;2060;2061;2018;complete;1946;16;-1;;33,51,53,58,77;0;5;5;6;6;12;1;8;1;2;0;0;4;10;1;10;5;20;7;10;45;55;1;2;12;8.25;1.15;1;1.09;1.33;1.83;0;0;0;0;0;0;2.1;1.77;0;0;0;0;0;0;0;0;0;0;0;0;0;0;0;0;0;0;0;0;0;0;0;0;0;0;0;0;0;0;0;0;0;0;0;0;0;0;0;0;0;0;0;0;0;0;0;0;0;0;0;0;0;5;0;1;0;4;4;1;2018-06-08 18:45:00;2061;0;64;7;43;0;1;1;1;4;5;2;5;7;1;2;0;0;3;0;1;0;0;0;0;0.93;2.58;3.51;0;0;0;0;0;0;1;1;0;0;0;1;0;0;-1;-1;-1;-1;-1;-1;-1;-1;-1;7;15;43;86;100;14;50;93;64;9.04;3.86;3;2.5;Athlone Town;Shelbourne;0.23;1.71;0.29;1.29;0.13;1.8;93;86;57;14;0;93;86;70;0.68;1.64;2.32;991;27;Y;Y;Y;Y;Y;N;N
297792;2063;2057;2018;complete;1946;16;-1;31;;1;0;1;1;2;3;3;1;2;2;0;1;2;6;3;11;5;17;15;16;44;56;2;4;3.55;3.45;2;1.04;1.28;1.91;3.25;0;0;0;0;0;0;1.83;2;0;0;0;0;0;0;0;0;0;0;0;0;0;0;0;0;0;0;0;0;0;0;0;0;0;0;0;0;0;0;0;0;0;0;0;0;0;0;0;0;0;0;0;0;0;0;0;0;0;0;0;0;0;1;1;0;0;0;0;1;2018-06-08 18:45:00;2063;0;43;14;29;0;1;1;0;1;1;1;1;2;0;1;2;2;1;4;1;0;0;0;0;0.58;1.76;2.34;0;0;0;0;0;0;1;1;0;0;0;0;0;0;-1;-1;-1;-1;-1;-1;-1;-1;-1;22;29;36;71;93;43;86;64;36;12.43;2.15;3.6;2.57;Cabinteely;Longford Town;1.54;1.38;1.71;1.71;1.2;1.73;79;71;64;29;7;57;50;43;1.53;1.57;3.1;991;27;Y;N;N;N;N;N;N
297793;2052;2054;2018;complete;1946;16;-1;90;11,52;1;2;3;4;2;6;2;3;2;3;0;0;5;5;13;6;18;11;14;15;59;41;2;3;1.8;3.6;4.05;1.04;1.28;1.91;3.25;0;0;0;0;0;0;1.87;1.95;0;0;0;0;0;0;0;0;0;0;0;0;0;0;0;0;0;0;0;0;0;0;0;0;0;0;0;0;0;0;0;0;0;0;0;0;0;0;0;0;0;0;0;0;0;0;0;0;0;0;0;0;0;3;0;1;1;1;2;1;2018-06-08 18:45:00;2054;0;57;15;29;0;1;1;4;2;0;0;6;0;1;1;1;2;2;3;1;0;0;0;0;1.85;1.31;3.16;0;0;0;0;0;0;1;1;0;0;0;1;0;0;-1;-1;-1;-1;-1;-1;-1;-1;-1;22;29;50;79;86;36;57;79;50;9.14;5.72;3.72;2.65;Galway United;Finn Harps;1.77;1.86;2.29;1.29;1.67;1.67;79;72;50;22;14;57;50;50;2.23;1.51;3.74;991;27;Y;Y;Y;N;N;N;Y
297794;2059;2053;2018;complete;1946;16;-1;21,81;;2;0;2;8;4;12;-1;-1;2;1;0;0;7;4;8;10;15;14;-1;-1;49;51;2;1;2.15;3.5;3.1;1.02;1.21;1.69;2.75;0;0;0;0;0;0;1.65;2.25;0;0;0;0;0;0;0;0;0;0;0;0;0;0;0;0;0;0;0;0;0;0;0;0;0;0;0;0;0;0;0;0;0;0;0;0;0;0;0;0;0;0;0;0;0;0;0;0;0;0;0;0;0;2;1;0;1;0;1;1;2018-06-08 18:45:00;2059;0;79;36;36;0;1;1;3;3;5;1;6;6;2;0;0;1;2;1;1;0;0;0;0;1.99;1.69;3.67;0;0;0;0;0;0;1;1;0;0;0;1;0;0;-1;-1;-1;-1;-1;-1;-1;-1;-1;36;50;72;86;100;57;79;93;71;13;3;2.4;3.79;UCD;Drogheda United;2.31;1.6;2.71;1.86;2.13;2.07;64;50;29;15;0;79;57;43;1.64;1.59;3.23;991;27;Y;Y;N;N;N;N;N
297795;2062;2058;2018;complete;1946;16;-1;48,74;78;2;1;3;8;3;11;3;4;0;0;0;0;9;4;7;4;16;8;12;9;57;43;0;0;1.41;4.3;7.25;1.04;1.3;1.95;3.4;0;0;0;0;0;0;2.25;1.65;0;0;0;0;0;0;0;0;0;0;0;0;0;0;0;0;0;0;0;0;0;0;0;0;0;0;0;0;0;0;0;0;0;0;0;0;0;0;0;0;0;0;0;0;0;0;0;0;0;0;0;0;0;3;0;0;2;1;3;0;2018-06-09 18:45:00;2062;0;29;7;14;0;1;-1;3;1;5;2;4;7;0;0;0;0;0;0;1;0;0;0;0;2.11;1.19;3.3;1;0;1;0;0;0;1;1;0;0;0;0;-1;-1;-1;-1;-1;-1;-1;-1;-1;-1;-1;29;29;43;64;93;22;79;72;43;9;2.29;4.03;2.64;Cobh Ramblers;Wexford;0.85;0.77;0.57;0.43;1;0.53;72;72;57;36;7;79;72;50;1.25;1.12;2.37;991;27;Y;Y;Y;N;N;N;Y
297796;2062;2060;2018;complete;1946;17;-1;72;;1;0;1;-1;-1;-1;-1;-1;3;2;0;0;-1;-1;-1;-1;-1;-1;-1;-1;-1;-1;3;2;1.1;9;19;1;1.11;1.39;2;0;0;0;0;0;0;2.45;1.54;0;0;0;0;0;0;0;0;0;0;0;0;0;0;0;0;0;0;0;0;0;0;0;0;0;0;0;0;0;0;0;0;0;0;0;0;0;0;0;0;0;0;0;0;0;0;0;0;0;0;0;0;0;1;0;0;1;0;1;0;2018-06-15 18:45:00;2062;0;25;7;19;0;-1;1;-1;-1;-1;-1;-1;-1;1;0;2;2;1;4;-1;0;0;0;0;0;0;0;0;0;0;0;0;0;1;1;0;0;-1;-1;0;0;-1;-1;-1;-1;-1;-1;-1;-1;-1;38;51;69;82;94;38;82;82;75;7.5;3.13;2.38;3.75;Cobh Ramblers;Athlone Town;0.85;0.07;0.88;0;1.13;0.13;63;51;32;19;7;88;69;51;1.36;0.9;2.26;991;27;Y;N;N;N;N;N;N
297797;2057;2053;2018;complete;1946;17;-1;28;;1;0;1;6;6;12;-1;-1;2;3;0;0;5;5;4;7;9;12;-1;-1;53;47;2;3;2.35;3.35;2.8;1.03;1.25;1.8;3.05;0;0;0;0;0;0;1.71;2.1;0;0;0;0;0;0;0;0;0;0;0;0;0;0;0;0;0;0;0;0;0;0;0;0;0;0;0;0;0;0;0;0;0;0;0;0;0;0;0;0;0;0;0;0;0;0;0;0;0;0;0;0;0;1;1;0;0;0;0;1;2018-06-15 18:45:00;2057;0;63;25;32;0;1;1;3;4;3;2;7;5;2;1;0;2;3;2;1;0;0;0;0;1.31;1.52;2.83;0;0;0;0;0;0;1;1;0;0;1;1;0;0;-1;-1;-1;-1;-1;-1;-1;-1;-1;32;38;63;88;100;44;69;100;76;13.88;3.13;2.64;3.57;Longford Town;Drogheda United;1.93;1.6;1.75;1.63;1.63;1.94;69;63;38;13;0;75;75;44;2.22;1.61;3.83;991;27;Y;N;N;N;N;N;N
297798;2061;2063;2018;complete;1946;17;-1;;;0;0;0;7;2;9;-1;-1;3;1;0;1;0;2;0;1;0;3;-1;-1;48;52;3;3;1.47;4.05;6.6;1.03;1.25;1.8;3;0;0;0;0;0;0;2;1.83;0;0;0;0;0;0;0;0;0;0;0;0;0;0;0;0;0;0;0;0;0;0;0;0;0;0;0;0;0;0;0;0;0;0;0;0;0;0;0;0;0;0;0;0;0;0;0;0;0;0;0;0;0;0;0;0;0;0;0;0;2018-06-15 18:45:00;-1;0;44;7;44;0;1;1;1;0;6;2;1;8;0;1;3;1;1;4;1;0;0;0;0;0.13;0.49;0.62;0;0;0;0;0;0;1;1;0;0;1;0;0;0;-1;-1;-1;-1;-1;-1;-1;-1;-1;19;32;44;69;94;26;69;75;57;10.71;3.75;3.05;2.69;Shelbourne;Cabinteely;1.93;0.71;2.25;0.75;1.88;1.31;82;69;57;32;7;68;61;54;1.65;1.37;3.02;991;27;N;N;N;N;N;N;N
297799;2054;2059;2018;complete;1946;17;-1;56;49,54,72;1;3;4;8;1;9;2;5;3;3;1;0;6;6;3;2;9;8;16;12;52;48;4;3;2.9;3.25;2.35;1.05;1.34;2.05;3.7;0;0;0;0;0;0;1.91;1.91;0;0;0;0;0;0;0;0;0;0;0;0;0;0;0;0;0;0;0;0;0;0;0;0;0;0;0;0;0;0;0;0;0;0;0;0;0;0;0;0;0;0;0;0;0;0;0;0;0;0;0;0;0;4;0;0;1;3;4;0;2018-06-15 19:00:00;2059;0;32;7;19;0;1;1;5;1;3;0;6;3;0;2;4;1;2;5;1;0;0;0;0;1.28;1.21;2.49;0;0;0;0;0;0;1;1;0;0;2;0;0;0;-1;-1;-1;-1;-1;-1;-1;-1;-1;13;25;32;75;100;25;57;82;51;10.51;4.51;2.71;2.69;Finn Harps;UCD;2.13;1.93;2;1.63;1.75;2.19;88;75;69;25;0;44;38;25;1.49;1.82;3.31;991;27;Y;Y;Y;Y;N;N;Y
297800;2058;2052;2018;complete;1946;17;-1;;;0;0;0;1;9;10;-1;-1;3;0;0;0;2;4;1;6;3;10;-1;-1;49;51;3;0;8.25;5.1;1.32;1.01;1.15;1.51;2.3;0;0;0;0;0;0;1.87;1.95;0;0;0;0;0;0;0;0;0;0;0;0;0;0;0;0;0;0;0;0;0;0;0;0;0;0;0;0;0;0;0;0;0;0;0;0;0;0;0;0;0;0;0;0;0;0;0;0;0;0;0;0;0;0;0;0;0;0;0;0;2018-06-15 19:00:00;-1;0;44;19;13;0;1;1;1;5;0;4;6;4;1;0;2;0;1;2;1;0;0;0;0;0.89;1.78;2.67;0;0;0;0;0;0;1;1;0;0;0;2;0;0;-1;-1;-1;-1;-1;-1;-1;-1;-1;26;32;44;75;94;44;75;75;44;9.5;3.88;2.26;3.25;Wexford;Galway United;0.71;1;0.63;1.13;0.5;1.56;76;69;57;25;7;63;50;44;1.23;1.67;2.9;991;27;N;N;N;N;N;N;N
297801;2060;2058;2018;complete;1946;18;-1;;33;0;1;1;4;5;9;-1;-1;3;2;0;0;0;5;5;6;5;11;-1;-1;53;47;3;2;4.6;3.95;1.65;1.01;1.17;1.57;2.45;0;0;0;0;0;0;1.65;2.25;0;0;0;0;0;0;0;0;0;0;0;0;0;0;0;0;0;0;0;0;0;0;0;0;0;0;0;0;0;0;0;0;0;0;0;0;0;0;0;0;0;0;0;0;0;0;0;0;0;0;0;0;0;1;0;1;0;0;0;1;2018-06-29 18:45:00;2058;0;57;7;38;0;1;1;1;0;3;5;1;8;2;0;1;2;2;3;1;0;0;0;0;0.95;1.56;2.51;0;0;0;0;0;0;1;1;0;0;0;0;0;0;-1;-1;-1;-1;-1;-1;-1;-1;-1;32;38;63;82;100;19;63;94;63;6.86;2.76;3.68;3.13;Athlone Town;Wexford;0.23;0.77;0.25;0.38;0.12;0.53;69;63;38;19;0;88;82;68;0.71;1.13;1.84;991;27;Y;N;N;N;N;N;N
297802;2063;2054;2018;complete;1946;18;-1;;71;0;1;1;0;8;8;-1;-1;1;2;0;0;2;4;7;2;9;6;-1;-1;53;47;1;2;2.95;3.15;2.4;1.06;1.38;2.15;4;0;0;0;0;0;0;1.95;1.83;0;0;0;0;0;0;0;0;0;0;0;0;0;0;0;0;0;0;0;0;0;0;0;0;0;0;0;0;0;0;0;0;0;0;0;0;0;0;0;0;0;0;0;0;0;0;0;0;0;0;0;0;0;1;0;0;0;1;1;0;2018-06-29 18:45:00;2054;0;50;19;26;0;1;1;0;4;0;4;4;4;0;1;1;1;1;2;1;0;0;0;0;1.19;1.06;2.25;0;0;0;0;0;0;1;1;0;0;0;1;0;0;-1;-1;-1;-1;-1;-1;-1;-1;-1;13;19;44;76;94;44;75;69;44;10.88;3.13;5.25;2.44;Cabinteely;Finn Harps;1.54;1.86;1.88;1.5;1.29;1.65;88;82;57;26;7;57;50;44;1.39;1.49;2.88;991;27;Y;N;N;N;N;N;N
297803;2053;2062;2018;complete;1946;18;-1;15,54;25;2;1;3;8;10;18;1;2;1;2;0;0;9;6;8;15;17;21;11;14;55;45;1;2;1.57;3.8;5.7;1.04;1.29;1.91;3.3;0;0;0;0;0;0;2;1.8;0;0;0;0;0;0;0;0;0;0;0;0;0;0;0;0;0;0;0;0;0;0;0;0;0;0;0;0;0;0;0;0;0;0;0;0;0;0;0;0;0;0;0;0;0;0;0;0;0;0;0;0;0;3;1;1;1;0;1;2;2018-06-29 18:45:00;2053;0;50;7;25;0;1;1;4;3;4;7;7;11;1;0;0;2;1;2;1;0;0;0;0;2.07;2.06;4.13;0;1;0;1;0;0;1;1;0;0;1;0;0;0;-1;-1;-1;-1;-1;-1;-1;-1;-1;13;32;44;82;100;51;82;69;51;9.26;6;1.79;2.76;Drogheda United;Cobh Ramblers;1.81;1.29;2.25;1.38;1.82;1.24;88;69;57;19;0;63;63;51;1.8;1.46;3.26;991;27;Y;Y;Y;N;N;N;Y
297804;2052;2061;2018;complete;1946;18;-1;90;55,59;1;2;3;3;2;5;1;5;1;1;0;0;9;10;9;12;18;22;5;11;56;44;1;1;2.25;3.3;3;1.03;1.26;1.83;3.15;0;0;0;0;0;0;1.74;2.1;0;0;0;0;0;0;0;0;0;0;0;0;0;0;0;0;0;0;0;0;0;0;0;0;0;0;0;0;0;0;0;0;0;0;0;0;0;0;0;0;0;0;0;0;0;0;0;0;0;0;0;0;0;3;0;0;1;2;3;0;2018-06-29 18:45:00;2061;0;50;7;32;0;1;1;1;1;2;1;2;3;0;1;1;0;1;1;1;0;0;0;0;2.1;2.45;4.56;0;1;0;1;0;0;1;1;0;0;0;0;0;0;-1;-1;-1;-1;-1;-1;-1;-1;-1;19;26;51;82;94;19;69;82;57;11.13;6.26;2.38;2.69;Galway United;Shelbourne;1.77;1.71;2;1.5;1.53;1.82;82;76;51;19;7;69;57;51;2.18;1.76;3.94;991;27;Y;Y;Y;N;N;N;Y
297805;2059;2057;2018;complete;1946;18;-1;34;10,44,77,87,89;1;5;6;9;8;17;4;1;1;1;0;0;2;11;7;4;9;15;8;9;54;46;1;1;1.91;3.6;3.7;1.03;1.24;1.77;2.95;0;0;0;0;0;0;1.74;2.1;0;0;0;0;0;0;0;0;0;0;0;0;0;0;0;0;0;0;0;0;0;0;0;0;0;0;0;0;0;0;0;0;0;0;0;0;0;0;0;0;0;0;0;0;0;0;0;0;0;0;0;0;0;6;1;2;0;3;3;3;2018-06-29 18:45:00;2057;0;63;26;32;0;1;1;4;6;5;2;10;7;1;0;0;1;1;1;1;0;0;0;0;1.27;2.21;3.48;0;0;0;0;0;0;1;1;0;1;3;1;0;0;-1;-1;-1;-1;-1;-1;-1;-1;-1;25;38;50;82;94;44;88;76;51;10.51;1.38;3;2.94;UCD;Longford Town;2.31;1.38;2.75;1.5;2.24;1.71;75;63;50;19;7;63;44;44;1.69;1.59;3.28;991;27;Y;Y;Y;Y;Y;Y;Y
297806;2063;2058;2018;complete;1946;19;-1;55;66,87;1;2;3;6;5;11;0;2;2;4;0;0;7;5;11;7;18;12;14;16;56;44;2;4;1.5;3.85;6.45;1.04;1.3;1.95;3.4;0;0;0;0;0;0;2.1;1.74;0;0;0;0;0;0;0;0;0;0;0;0;0;0;0;0;0;0;0;0;0;0;0;0;0;0;0;0;0;0;0;0;0;0;0;0;0;0;0;0;0;0;0;0;0;0;0;0;0;0;0;0;0;3;0;0;1;2;3;0;2018-07-06 18:45:00;2058;0;33;11;17;0;1;1;4;2;2;3;6;5;1;2;1;2;3;3;1;0;0;0;0;1.96;1.32;3.28;1;0;1;0;0;0;1;1;0;0;0;0;0;0;-1;-1;-1;-1;-1;-1;-1;-1;-1;22;28;45;62;100;33;84;67;33;10;1.56;4.27;2.56;Cabinteely;Wexford;1.54;0.77;1.67;0.67;1.22;0.67;78;73;56;39;0;67;50;39;1.37;1.17;2.54;991;27;Y;Y;Y;N;N;N;Y
297807;2053;2054;2018;complete;1946;19;-1;;90;0;1;1;5;3;8;1;2;2;4;0;0;9;3;5;5;14;8;9;14;52;48;2;4;2.05;3.25;3.55;1.05;1.32;2;3.6;0;0;0;0;0;0;1.91;1.91;0;0;0;0;0;0;0;0;0;0;0;0;0;0;0;0;0;0;0;0;0;0;0;0;0;0;0;0;0;0;0;0;0;0;0;0;0;0;0;0;0;0;0;0;0;0;0;0;0;0;0;0;0;1;0;0;0;1;1;0;2018-07-06 18:45:00;2054;0;62;17;28;0;1;1;3;2;2;1;5;3;0;1;2;3;1;5;1;0;0;0;0;1.96;1.13;3.09;0;0;0;0;0;0;1;1;0;0;1;0;0;0;-1;-1;-1;-1;-1;-1;-1;-1;-1;11;17;44;89;95;39;56;95;56;10.34;5.11;3.67;2.61;Drogheda United;Finn Harps;1.81;1.86;2.33;1.67;1.89;1.72;89;84;56;11;6;61;61;56;1.83;1.44;3.27;991;29;Y;N;N;N;N;N;N
297808;2052;2060;2018;complete;1946;19;-1;20,45,81,89;90;4;1;5;14;3;17;3;3;0;2;0;0;16;5;15;9;31;14;11;11;60;40;0;2;1.09;9.25;20;1;1.04;1.21;1.56;0;0;0;0;0;0;1.91;1.91;0;0;0;0;0;0;0;0;0;0;0;0;0;0;0;0;0;0;0;0;0;0;0;0;0;0;0;0;0;0;0;0;0;0;0;0;0;0;0;0;0;0;0;0;0;0;0;0;0;0;0;0;0;5;2;0;2;1;3;2;2018-07-06 18:45:00;2052;0;39;6;28;0;1;1;11;0;3;3;11;6;0;1;0;1;1;1;1;0;0;0;0;3.46;1.39;4.85;0;0;0;0;0;0;1;1;0;0;4;0;0;0;-1;-1;-1;-1;-1;-1;-1;-1;-1;39;56;78;84;95;39;78;89;73;6.58;4.22;2.11;3.84;Galway United;Athlone Town;1.77;0.07;1.78;0;1.44;0.11;61;45;22;17;6;66;42;36;2.18;0.9;3.08;991;27;Y;Y;Y;Y;Y;N;Y
297809;2059;2061;2018;complete;1946;19;-1;53;83;1;1;2;3;8;11;-1;-1;1;2;0;0;3;5;7;6;10;11;-1;-1;48;52;1;2;3.45;3.55;2;1.02;1.23;1.74;2.85;0;0;0;0;0;0;1.69;2.15;0;0;0;0;0;0;0;0;0;0;0;0;0;0;0;0;0;0;0;0;0;0;0;0;0;0;0;0;0;0;0;0;0;0;0;0;0;0;0;0;0;0;0;0;0;0;0;0;0;0;0;0;0;2;0;0;1;1;2;0;2018-07-06 18:45:00;-1;0;67;28;28;0;1;1;2;4;1;4;6;5;0;1;1;1;1;2;1;0;0;0;0;1.35;1.69;3.04;0;0;0;0;0;0;1;1;0;0;1;1;0;1;-1;-1;-1;-1;-1;-1;-1;-1;-1;22;34;61;95;100;39;78;89;67;12.33;3.45;2.67;3.17;UCD;Shelbourne;2.31;1.71;2.44;1.67;2.11;1.89;78;67;39;6;0;84;62;56;1.64;1.84;3.48;991;27;Y;Y;N;N;N;N;Y
297810;2057;2062;2018;complete;1946;19;-1;80;49,85;1;2;3;9;4;13;1;1;0;3;0;0;10;5;18;5;28;10;6;13;65;35;0;3;1.45;4.3;6.25;1.03;1.25;1.8;3;0;0;0;0;0;0;2;1.83;0;0;0;0;0;0;0;0;0;0;0;0;0;0;0;0;0;0;0;0;0;0;0;0;0;0;0;0;0;0;0;0;0;0;0;0;0;0;0;0;0;0;0;0;0;0;0;0;0;0;0;0;0;3;0;0;1;2;3;0;2018-07-07 18:30:00;2062;0;56;22;22;0;1;1;4;0;5;4;4;9;0;0;0;3;0;3;1;0;0;0;0;3.01;1.17;4.18;0;0;0;0;0;0;1;1;0;0;0;0;0;0;-1;-1;-1;-1;-1;-1;-1;-1;-1;17;33;62;78;100;56;89;67;56;11.34;2.89;2.63;2.95;Longford Town;Cobh Ramblers;1.93;1.29;1.89;1.22;1.78;1.17;84;67;39;22;0;67;67;44;2.11;1.54;3.65;991;27;Y;Y;Y;N;N;N;Y
297811;2060;2063;2018;complete;1946;20;-1;39;22,68,87;1;3;4;5;7;12;1;1;1;1;0;0;4;9;4;14;8;23;15;8;50;50;1;1;10;5.4;1.27;1.02;1.19;1.62;2.55;0;0;0;0;0;0;2.1;1.74;0;0;0;0;0;0;0;0;0;0;0;0;0;0;0;0;0;0;0;0;0;0;0;0;0;0;0;0;0;0;0;0;0;0;0;0;0;0;0;0;0;0;0;0;0;0;0;0;0;0;0;0;0;4;1;1;0;2;2;2;2018-07-13 18:45:00;2063;0;45;0;39;0;1;1;2;1;3;6;3;9;1;0;0;1;1;1;1;0;0;0;0;1.24;2.68;3.92;0;0;0;0;0;0;1;1;0;0;1;0;0;0;-1;-1;-1;-1;-1;-1;-1;-1;-1;11;28;50;67;95;11;62;78;56;8.25;3.45;2.55;2.5;Athlone Town;Cabinteely;0.23;0.71;0.22;0.78;0.11;1.16;89;73;50;33;6;94;76;63;0.74;1.26;2;991;27;Y;Y;Y;Y;N;N;Y
297812;2061;2053;2018;complete;1946;20;-1;;89;0;1;1;8;7;15;1;0;3;3;0;0;2;4;2;6;4;10;20;13;51;49;3;3;2.15;3.25;3.25;1.04;1.27;1.87;3.2;0;0;0;0;0;0;1.77;2.05;0;0;0;0;0;0;0;0;0;0;0;0;0;0;0;0;0;0;0;0;0;0;0;0;0;0;0;0;0;0;0;0;0;0;0;0;0;0;0;0;0;0;0;0;0;0;0;0;0;0;0;0;0;1;0;0;0;1;1;0;2018-07-13 18:45:00;2053;0;50;17;39;0;1;1;3;3;5;4;6;9;2;1;1;2;3;3;1;0;0;0;0;1.02;1.66;2.68;0;0;0;0;0;0;1;1;0;0;1;0;0;0;-1;-1;-1;-1;-1;-1;-1;-1;-1;33;33;39;67;89;33;62;78;56;12.11;3.11;3.96;3;Shelbourne;Drogheda United;1.93;1.6;2.11;1.44;1.84;1.79;67;67;62;33;11;67;61;50;1.48;1.6;3.08;991;29;Y;N;N;N;N;N;N
297813;2054;2057;2018;complete;1946;20;-1;45,60,77;;3;0;3;4;5;9;6;1;1;3;0;0;6;3;2;5;8;8;16;14;52;48;1;3;3.1;3.35;2.2;1.04;1.3;1.95;3.4;0;0;0;0;0;0;1.83;2;0;0;0;0;0;0;0;0;0;0;0;0;0;0;0;0;0;0;0;0;0;0;0;0;0;0;0;0;0;0;0;0;0;0;0;0;0;0;0;0;0;0;0;0;0;0;0;0;0;0;0;0;0;3;1;0;2;0;2;1;2018-07-13 19:00:00;2054;0;50;17;28;0;1;1;2;4;2;1;6;3;0;1;1;2;1;3;1;0;0;0;0;1.23;1.04;2.27;1;0;1;0;0;0;1;1;0;0;1;2;0;0;-1;-1;-1;-1;-1;-1;-1;-1;-1;22;33;39;62;95;28;67;73;44;10.44;4.89;3.97;2.67;Finn Harps;Longford Town;2.13;1.38;1.78;1.67;1.79;1.68;78;67;62;39;6;50;39;33;1.47;1.66;3.13;991;27;Y;Y;Y;N;N;N;N
297814;2058;2059;2018;complete;1946;20;-1;;39,41,53;0;3;3;1;9;10;1;2;0;0;0;0;4;10;4;7;8;17;14;5;27;73;0;0;7.25;4.7;1.37;1.01;1.18;1.59;2.45;0;0;0;0;0;0;1.83;2;0;0;0;0;0;0;0;0;0;0;0;0;0;0;0;0;0;0;0;0;0;0;0;0;0;0;0;0;0;0;0;0;0;0;0;0;0;0;0;0;0;0;0;0;0;0;0;0;0;0;0;0;0;3;0;2;0;1;1;2;2018-07-13 19:00:00;2059;0;33;11;22;0;1;-1;0;5;1;4;5;5;0;0;0;0;0;0;1;0;0;0;0;0.94;1.99;2.92;0;0;0;0;0;0;1;1;0;0;0;1;-1;-1;-1;-1;-1;-1;-1;-1;-1;-1;-1;22;33;33;84;95;28;56;78;56;7.67;3.33;2.25;3.34;Wexford;UCD;0.71;1.93;0.67;1.78;0.79;2.05;78;67;67;17;6;44;33;22;1.19;1.75;2.94;991;27;Y;Y;Y;N;N;N;N
297815;2062;2052;2018;complete;1946;20;-1;80;18,20;1;2;3;4;3;7;-1;-1;1;3;0;0;2;3;0;0;2;3;-1;-1;52;48;1;3;3.25;3.35;2.15;1.03;1.24;1.77;2.9;0;0;0;0;0;0;1.69;2.15;0;0;0;0;0;0;0;0;0;0;0;0;0;0;0;0;0;0;0;0;0;0;0;0;0;0;0;0;0;0;0;0;0;0;0;0;0;0;0;0;0;0;0;0;0;0;0;0;0;0;0;0;0;3;0;2;1;0;1;2;2018-07-14 18:45:00;2052;0;33;6;17;0;1;1;1;1;3;2;2;5;0;0;1;3;0;4;-1;0;0;0;0;0;0;0;0;0;0;0;0;0;1;1;0;0;0;0;0;0;-1;-1;-1;-1;-1;-1;-1;-1;-1;11;17;39;62;84;28;62;67;39;12.03;2.67;2.51;2.17;Cobh Ramblers;Galway United;0.85;1;1.11;1.11;1.26;1.53;89;84;62;39;17;89;83;60;1.36;1.69;3.05;991;27;Y;Y;Y;N;N;N;Y
297816;2063;2062;2018;complete;1946;21;-1;18,22;;2;0;2;7;6;13;0;1;0;0;0;0;4;4;5;8;9;12;17;10;46;54;0;0;2.25;3.2;3.05;1.07;1.42;2.25;4.3;0;0;0;0;0;0;2.05;1.77;0;0;0;0;0;0;0;0;0;0;0;0;0;0;0;0;0;0;0;0;0;0;0;0;0;0;0;0;0;0;0;0;0;0;0;0;0;0;0;0;0;0;0;0;0;0;0;0;0;0;0;0;0;2;2;0;0;0;0;2;2018-07-20 18:45:00;2063;0;45;15;25;0;1;-1;2;2;5;4;4;9;0;0;0;0;0;0;1;0;0;0;0;1.48;1.68;3.16;-1;-1;-1;-1;-1;-1;-1;1;0;0;0;0;-1;-1;-1;-1;-1;-1;-1;-1;-1;-1;-1;10;25;50;65;100;50;85;55;35;10.4;2.9;3.46;2.5;Cabinteely;Cobh Ramblers;1.54;1.29;1.5;1.4;1.25;1.2;90;75;50;35;0;60;55;45;1.43;1.49;2.92;991;27;Y;Y;N;N;N;N;N
297817;2053;2060;2018;complete;1946;21;-1;16,24;66;2;1;3;10;8;18;2;0;0;0;0;0;9;2;7;2;16;4;14;13;55;45;0;0;1.07;12.75;16.5;1;1.04;1.19;1.5;0;0;0;0;0;0;2.35;1.59;0;0;0;0;0;0;0;0;0;0;0;0;0;0;0;0;0;0;0;0;0;0;0;0;0;0;0;0;0;0;0;0;0;0;0;0;0;0;0;0;0;0;0;0;0;0;0;0;0;0;0;0;0;3;2;0;0;1;1;2;2018-07-20 18:45:00;2053;0;40;10;20;0;1;-1;7;4;3;4;11;7;0;0;0;0;0;0;1;0;0;0;0;1.9;0.56;2.46;-1;-1;-1;-1;-1;-1;-1;1;0;0;1;0;-1;-1;-1;-1;-1;-1;-1;-1;-1;-1;-1;35;50;65;90;100;50;75;100;70;7.93;4.3;2.2;3.75;Drogheda United;Athlone Town;1.81;0.07;2.1;0;1.85;0.1;65;50;35;10;0;80;63;52;1.84;0.96;2.8;991;27;Y;Y;Y;N;N;N;Y
297818;2059;2052;2018;complete;1946;21;-1;56,63;;2;0;2;4;4;8;4;4;0;0;0;0;3;2;5;8;8;10;12;14;54;46;0;0;2.4;3.5;2.7;1.02;1.19;1.62;2.6;0;0;0;0;0;0;1.59;2.4;0;0;0;0;0;0;0;0;0;0;0;0;0;0;0;0;0;0;0;0;0;0;0;0;0;0;0;0;0;0;0;0;0;0;0;0;0;0;0;0;0;0;0;0;0;0;0;0;0;0;0;0;0;2;0;0;2;0;2;0;2018-07-20 18:45:00;2059;0;65;25;20;0;1;-1;3;0;1;4;3;5;0;0;0;0;0;0;1;0;0;0;0;1.31;1.36;2.67;-1;-1;-1;-1;-1;-1;-1;1;0;0;1;0;-1;-1;-1;-1;-1;-1;-1;-1;-1;-1;-1;20;35;60;85;90;55;80;80;50;12.3;1.2;2.4;2.95;UCD;Galway United;2.31;1;2.3;1.3;2.1;1.6;80;65;40;15;10;85;65;55;1.61;1.69;3.3;991;27;Y;Y;N;N;N;N;N
297819;2054;2061;2018;complete;1946;21;-1;;;0;0;0;3;1;4;-1;-1;-1;-1;-1;-1;3;6;4;5;7;11;-1;-1;53;47;-1;-1;2.65;3;2.7;1.08;1.45;2.4;4.6;0;0;0;0;0;0;2.1;1.74;0;0;0;0;0;0;0;0;0;0;0;0;0;0;0;0;0;0;0;0;0;0;0;0;0;0;0;0;0;0;0;0;0;0;0;0;0;0;0;0;0;0;0;0;0;0;0;0;0;0;0;0;0;0;0;0;0;0;0;0;2018-07-20 19:00:00;-1;0;50;10;30;0;1;-1;3;1;0;0;4;0;-1;-1;-1;-1;-1;-1;1;0;0;0;0;1.12;1.44;2.56;0;0;0;0;0;0;1;1;0;0;0;0;-1;-1;-1;-1;-1;-1;-1;-1;-1;-1;-1;10;20;45;75;100;15;55;85;60;11.6;6.4;3.7;2.55;Finn Harps;Shelbourne;2.13;1.71;1.9;1.6;1.85;1.75;90;80;55;25;0;70;50;40;1.45;1.82;3.27;991;29;N;N;N;N;N;N;N
297820;2057;2058;2018;complete;1946;21;-1;46,59,66;;3;0;3;6;3;9;3;1;0;0;0;0;11;5;10;4;21;9;11;9;63;37;0;0;1.12;8.25;17.25;1.01;1.12;1.42;2.05;0;0;0;0;0;0;2.6;1.5;0;0;0;0;0;0;0;0;0;0;0;0;0;0;0;0;0;0;0;0;0;0;0;0;0;0;0;0;0;0;0;0;0;0;0;0;0;0;0;0;0;0;0;0;0;0;0;0;0;0;0;0;0;3;0;0;3;0;3;0;2018-07-21 18:30:00;2057;0;55;15;30;0;1;-1;4;0;2;3;4;5;0;0;0;0;0;0;1;0;0;0;0;2.57;1.17;3.74;-1;-1;-1;-1;-1;-1;-1;1;0;0;0;0;-1;-1;-1;-1;-1;-1;-1;-1;-1;-1;-1;25;30;65;80;100;30;70;85;65;11.2;1.5;3.67;3.05;Longford Town;Wexford;1.93;0.77;1.7;0.9;1.6;0.75;75;70;35;20;0;80;70;50;2.2;1.19;3.39;991;27;Y;Y;Y;N;N;N;N
297821;2060;2059;2018;complete;1946;22;-1;;11;0;1;1;0;11;11;5;2;0;0;0;0;2;9;7;13;9;22;10;12;37;63;0;0;15.75;8.25;1.12;1;1.08;1.31;1.8;0;0;0;0;0;0;2.3;1.62;0;0;0;0;0;0;0;0;0;0;0;0;0;0;0;0;0;0;0;0;0;0;0;0;0;0;0;0;0;0;0;0;0;0;0;0;0;0;0;0;0;0;0;0;0;0;0;0;0;0;0;0;0;1;0;1;0;0;0;1;2018-07-27 18:45:00;2059;0;45;5;35;0;1;-1;0;2;0;9;2;9;0;0;0;0;0;0;1;0;0;0;0;1.05;2.53;3.58;-1;-1;-1;-1;-1;-1;-1;1;0;0;0;1;-1;-1;-1;-1;-1;-1;-1;-1;-1;-1;-1;15;35;50;90;100;25;55;90;65;8.52;2.7;2.4;3.05;Athlone Town;UCD;0.23;1.93;0.2;1.9;0.1;2.14;85;65;50;10;0;75;65;49;0.8;1.77;2.57;991;27;Y;N;N;N;N;N;N
297822;2052;2063;2018;complete;1946;22;-1;1,42,55;40,87;3;2;5;3;6;9;1;0;0;0;0;0;6;8;14;9;20;17;9;10;55;45;0;0;1.59;3.8;5.45;1.03;1.25;1.8;3;0;0;0;0;0;0;1.91;1.91;0;0;0;0;0;0;0;0;0;0;0;0;0;0;0;0;0;0;0;0;0;0;0;0;0;0;0;0;0;0;0;0;0;0;0;0;0;0;0;0;0;0;0;0;0;0;0;0;0;0;0;0;0;5;2;1;1;1;2;3;2018-07-27 18:45:00;2052;0;50;5;40;0;1;-1;2;2;1;4;4;5;0;0;0;0;0;0;1;0;0;0;0;2.05;1.96;4.01;-1;-1;-1;-1;-1;-1;-1;1;1;0;0;0;-1;-1;-1;-1;-1;-1;-1;-1;-1;-1;-1;15;35;60;70;90;25;70;75;55;10.74;5.1;1.7;2.7;Galway United;Cabinteely;1.77;0.71;1.9;1;1.52;1.33;85;65;40;30;10;70;54;48;2.3;1.42;3.72;991;27;Y;Y;Y;Y;Y;N;Y
297823;2061;2057;2018;complete;1946;22;-1;33,66,68,79,82,86;50;6;1;7;4;5;9;4;2;0;0;0;0;8;8;3;7;11;15;10;9;45;55;0;0;2.3;3.4;2.85;1.03;1.26;1.83;3.15;0;0;0;0;0;0;1.74;2.1;0;0;0;0;0;0;0;0;0;0;0;0;0;0;0;0;0;0;0;0;0;0;0;0;0;0;0;0;0;0;0;0;0;0;0;0;0;0;0;0;0;0;0;0;0;0;0;0;0;0;0;0;0;7;1;0;5;1;6;1;2018-07-27 18:45:00;2061;0;45;15;35;0;1;-1;3;4;1;1;7;2;0;0;0;0;0;0;1;0;0;0;0;1.51;1.73;3.24;-1;-1;-1;-1;-1;-1;-1;1;0;0;0;1;-1;-1;-1;-1;-1;-1;-1;-1;-1;-1;-1;30;30;35;65;85;30;65;70;50;10.5;2.4;4.38;2.65;Shelbourne;Longford Town;1.93;1.38;1.9;1.5;1.71;1.67;70;70;65;35;15;55;45;45;1.43;1.6;3.03;991;27;Y;Y;Y;Y;Y;Y;Y
297824;2058;2053;2018;complete;1946;22;-1;;;0;0;0;1;10;11;3;1;0;0;0;0;5;6;3;9;8;15;16;9;30;70;0;0;9.75;5.2;1.28;1.01;1.17;1.57;2.45;0;0;0;0;0;0;2.05;1.77;0;0;0;0;0;0;0;0;0;0;0;0;0;0;0;0;0;0;0;0;0;0;0;0;0;0;0;0;0;0;0;0;0;0;0;0;0;0;0;0;0;0;0;0;0;0;0;0;0;0;0;0;0;0;0;0;0;0;0;0;2018-07-27 19:00:00;-1;0;40;20;20;0;1;-1;0;4;1;6;4;7;0;0;0;0;0;0;1;0;0;0;0;1.04;1.67;2.71;0;0;0;0;0;0;1;1;0;0;0;0;-1;-1;-1;-1;-1;-1;-1;-1;-1;-1;-1;30;30;40;65;95;35;65;80;45;9.5;3.8;2.8;3.3;Wexford;Drogheda United;0.71;1.6;0.6;1.6;0.71;1.9;70;70;60;35;5;65;60;40;1.16;1.6;2.76;991;27;N;N;N;N;N;N;N
297825;2062;2054;2018;complete;1946;22;-1;;66;0;1;1;1;2;3;1;0;0;0;0;0;2;5;2;8;4;13;18;9;36;64;0;0;3.55;3.2;2.1;1.07;1.42;2.25;4.3;0;0;0;0;0;0;2.1;1.74;0;0;0;0;0;0;0;0;0;0;0;0;0;0;0;0;0;0;0;0;0;0;0;0;0;0;0;0;0;0;0;0;0;0;0;0;0;0;0;0;0;0;0;0;0;0;0;0;0;0;0;0;0;1;0;0;0;1;1;0;2018-07-28 18:45:00;2054;0;45;10;25;0;1;-1;1;0;0;2;1;2;0;0;0;0;0;0;1;0;0;0;0;0.54;1.41;1.95;-1;-1;-1;-1;-1;-1;-1;1;0;0;0;0;-1;-1;-1;-1;-1;-1;-1;-1;-1;-1;-1;10;10;40;65;90;25;50;80;45;9.61;3.1;4.45;2.2;Cobh Ramblers;Finn Harps;0.85;1.86;1;1.8;1.14;1.81;90;90;60;35;10;59;59;48;1.36;1.41;2.77;991;27;Y;N;N;N;N;N;N
297826;2053;2052;2018;complete;1946;23;-1;53,58;17,27;2;2;4;6;5;11;1;2;0;0;0;0;6;7;5;4;11;11;12;22;52;48;0;0;2.1;3.3;3.3;1.03;1.24;1.77;2.9;0;0;0;0;0;0;1.71;2.15;0;0;0;0;0;0;0;0;0;0;0;0;0;0;0;0;0;0;0;0;0;0;0;0;0;0;0;0;0;0;0;0;0;0;0;0;0;0;0;0;0;0;0;0;0;0;0;0;0;0;0;0;0;4;0;2;2;0;2;2;2018-08-03 18:45:00;-1;0;50;9;14;0;1;-1;3;1;3;4;4;7;0;0;0;0;0;0;1;0;0;0;0;1.35;1.42;2.76;-1;-1;-1;-1;-1;-1;-1;1;0;0;1;0;-1;-1;-1;-1;-1;-1;-1;-1;-1;-1;-1;9;18;45;82;91;45;64;87;41;12.18;4.18;1.91;2.5;Drogheda United;Galway United;1.81;1;2.18;1.18;1.86;1.59;91;82;55;18;9;73;69;55;1.85;1.65;3.5;991;27;Y;Y;Y;Y;N;N;Y
297827;2061;2062;2018;complete;1946;23;-1;3,74,76;26;3;1;4;8;4;12;1;2;0;0;0;0;10;8;10;8;20;16;11;11;53;47;0;0;1.3;5.25;8.75;1.02;1.23;1.74;2.85;0;0;0;0;0;0;2.35;1.61;0;0;0;0;0;0;0;0;0;0;0;0;0;0;0;0;0;0;0;0;0;0;0;0;0;0;0;0;0;0;0;0;0;0;0;0;0;0;0;0;0;0;0;0;0;0;0;0;0;0;0;0;0;4;1;1;2;0;2;2;2018-08-03 18:45:00;2061;0;50;14;36;0;1;-1;6;2;2;2;8;4;0;0;0;0;0;0;1;0;0;0;0;2.33;1.85;4.18;-1;-1;-1;-1;-1;-1;-1;1;1;0;1;0;-1;-1;-1;-1;-1;-1;-1;-1;-1;-1;-1;23;32;46;69;91;46;73;59;46;10;3.45;3.51;2.78;Shelbourne;Cobh Ramblers;1.93;1.29;2;1.27;1.77;1.09;78;69;55;32;9;64;55;50;1.44;1.51;2.95;991;27;Y;Y;Y;Y;N;N;Y
297828;2059;2063;2018;complete;1946;23;-1;9,42,60,84;32;4;1;5;4;2;6;-1;-1;-1;-1;-1;-1;9;2;7;5;16;7;-1;-1;49;51;-1;-1;1.56;4.05;5.45;1.02;1.22;1.71;2.8;0;0;0;0;0;0;1.87;1.95;0;0;0;0;0;0;0;0;0;0;0;0;0;0;0;0;0;0;0;0;0;0;0;0;0;0;0;0;0;0;0;0;0;0;0;0;0;0;0;0;0;0;0;0;0;0;0;0;0;0;0;0;0;5;2;1;2;0;2;3;2018-08-03 18:45:00;2059;0;59;27;32;0;1;-1;1;2;3;0;3;3;-1;-1;-1;-1;-1;-1;1;0;0;0;0;2.26;1.04;3.3;-1;-1;-1;-1;-1;-1;-1;1;1;0;0;0;-1;-1;-1;-1;-1;-1;-1;-1;-1;-1;-1;18;41;60;82;96;41;78;82;64;11.23;2.37;1.9;3;UCD;Cabinteely;2.31;0.71;2.36;0.91;2.18;1.27;82;60;41;18;5;86;58;53;1.58;1.47;3.05;991;27;Y;Y;Y;Y;Y;N;Y
297829;2054;2058;2018;complete;1946;23;-1;10,24,64;;3;0;3;8;4;12;-1;-1;-1;-1;-1;-1;5;3;11;5;16;8;-1;-1;47;53;-1;-1;1.22;5.85;12.25;1.02;1.19;1.65;2.6;0;0;0;0;0;0;2.35;1.59;0;0;0;0;0;0;0;0;0;0;0;0;0;0;0;0;0;0;0;0;0;0;0;0;0;0;0;0;0;0;0;0;0;0;0;0;0;0;0;0;0;0;0;0;0;0;0;0;0;0;0;0;0;3;2;0;1;0;1;2;2018-08-03 19:00:00;2054;0;41;9;23;0;1;-1;6;0;2;4;6;6;-1;-1;-1;-1;-1;-1;1;0;0;0;0;1.91;1.02;2.94;-1;-1;-1;-1;-1;-1;-1;1;1;0;2;0;-1;-1;-1;-1;-1;-1;-1;-1;-1;-1;-1;18;27;55;64;96;18;60;78;50;9.18;4.27;4.3;2.64;Finn Harps;Wexford;2.13;0.77;1.82;0.82;1.86;0.73;82;73;46;36;5;69;41;32;1.42;1.19;2.61;991;27;Y;Y;Y;N;N;N;N
297830;2057;2060;2018;complete;1946;23;-1;21,40,54;;3;0;3;5;1;6;3;1;0;0;0;0;13;3;9;4;22;7;8;7;68;32;0;0;1.06;11.5;20;1;1.05;1.22;1.54;0;0;0;0;0;0;2.35;1.61;0;0;0;0;0;0;0;0;0;0;0;0;0;0;0;0;0;0;0;0;0;0;0;0;0;0;0;0;0;0;0;0;0;0;0;0;0;0;0;0;0;0;0;0;0;0;0;0;0;0;0;0;0;3;2;0;1;0;1;2;2018-08-04 18:30:00;2057;0;46;14;23;0;1;-1;3;0;2;1;3;3;0;0;0;0;0;0;1;0;0;0;0;2.66;0.8;3.46;-1;-1;-1;-1;-1;-1;-1;1;0;0;1;0;-1;-1;-1;-1;-1;-1;-1;-1;-1;-1;-1;37;50;82;91;100;50;78;96;82;9.81;1.91;2.36;3.91;Longford Town;Athlone Town;1.93;0.07;1.82;0;1.59;0.09;64;50;18;9;0;86;67;48;2.24;0.92;3.16;991;27;Y;Y;Y;N;N;N;N
297831;2060;2054;2018;complete;1946;24;-1;9;34,55,83;1;3;4;1;4;5;1;4;1;1;0;0;4;7;3;8;7;15;12;12;38;62;1;1;17.5;8;1.12;1.01;1.14;1.48;2.2;0;0;0;0;0;0;2.45;1.54;0;0;0;0;0;0;0;0;0;0;0;0;0;0;0;0;0;0;0;0;0;0;0;0;0;0;0;0;0;0;0;0;0;0;0;0;0;0;0;0;0;0;0;0;0;0;0;0;0;0;0;0;0;4;1;1;0;2;2;2;2018-08-17 18:45:00;2054;0;55;14;32;0;1;1;1;2;0;2;3;2;0;0;1;1;0;2;1;0;0;0;0;0.96;2.06;3.02;0;0;0;0;0;0;1;1;1;0;0;0;0;0;-1;-1;-1;-1;-1;-1;-1;-1;-1;14;23;46;69;96;23;50;87;55;7.17;3.37;4.18;2.46;Athlone Town;Finn Harps;0.23;1.86;0.18;1.91;0.09;1.91;87;78;55;32;5;68;63;58;0.82;1.41;2.23;991;27;Y;Y;Y;Y;N;N;Y
297832;2063;2053;2018;complete;1946;24;-1;20,22;44,90;2;2;4;8;2;10;3;2;0;3;0;1;4;4;9;7;13;11;14;13;52;48;0;4;4.45;3.5;1.77;1.04;1.31;1.95;3.45;0;0;0;0;0;0;1.95;1.87;0;0;0;0;0;0;0;0;0;0;0;0;0;0;0;0;0;0;0;0;0;0;0;0;0;0;0;0;0;0;0;0;0;0;0;0;0;0;0;0;0;0;0;0;0;0;0;0;0;0;0;0;0;4;2;1;0;1;1;3;2018-08-17 18:45:00;-1;0;36;14;23;0;1;1;3;1;5;1;4;6;0;1;0;3;1;3;1;0;0;0;0;1.32;1.16;2.48;0;1;0;1;0;0;1;1;0;0;1;0;0;0;-1;-1;-1;-1;-1;-1;-1;-1;-1;18;23;36;60;96;36;69;69;36;13.18;2.37;3.37;2.55;Cabinteely;Drogheda United;1.54;1.6;1.64;1.55;1.22;1.83;82;78;64;41;5;73;69;55;1.44;1.61;3.05;991;27;Y;Y;Y;Y;N;N;Y
297833;2052;2057;2018;complete;1946;24;-1;90;15,50,55,78;1;4;5;0;7;7;4;4;1;0;0;0;8;9;5;6;13;15;12;7;48;52;1;0;2.3;3.6;2.8;1.01;1.16;1.53;2.35;0;0;0;0;0;0;1.51;2.55;0;0;0;0;0;0;0;0;0;0;0;0;0;0;0;0;0;0;0;0;0;0;0;0;0;0;0;0;0;0;0;0;0;0;0;0;0;0;0;0;0;0;0;0;0;0;0;0;0;0;0;0;0;5;0;1;1;3;4;1;2018-08-17 18:45:00;2057;0;60;14;46;0;1;1;0;5;0;2;5;2;1;0;0;0;1;0;1;0;0;0;0;1.7;1.89;3.59;0;0;0;0;0;0;1;1;0;0;0;1;0;0;-1;-1;-1;-1;-1;-1;-1;-1;-1;36;41;59;78;91;32;78;78;60;10.09;4.36;2.33;3.23;Galway United;Longford Town;1.77;1.38;2;1.36;1.57;1.65;64;60;41;23;9;55;36;36;2.28;1.61;3.89;991;27;Y;Y;Y;Y;Y;N;Y
297834;2058;2061;2018;complete;1946;24;-1;38;52,70;1;2;3;0;1;1;1;3;1;1;0;0;5;4;5;4;10;8;17;10;49;51;1;1;14;6.85;1.17;1.02;1.19;1.62;2.55;0;0;0;0;0;0;2.65;1.48;0;0;0;0;0;0;0;0;0;0;0;0;0;0;0;0;0;0;0;0;0;0;0;0;0;0;0;0;0;0;0;0;0;0;0;0;0;0;0;0;0;0;0;0;0;0;0;0;0;0;0;0;0;3;1;0;0;2;2;1;2018-08-17 19:00:00;2061;0;41;14;23;0;1;1;0;1;0;0;1;0;0;1;1;0;1;1;1;0;0;0;0;1.29;1.06;2.35;0;0;0;0;0;0;1;1;0;0;0;0;0;0;-1;-1;-1;-1;-1;-1;-1;-1;-1;18;18;36;73;87;23;55;73;50;8.27;4.36;2.61;2.73;Wexford;Shelbourne;0.71;1.71;0.64;1.55;0.7;1.83;82;82;64;27;14;64;55;41;1.15;1.79;2.94;991;27;Y;Y;Y;N;N;N;Y
297835;2062;2059;2018;complete;1946;24;-1;4,54;29,76;2;2;4;9;4;13;5;1;2;1;0;0;4;4;3;5;7;9;11;8;35;65;2;1;4.5;3.65;1.74;1.03;1.26;1.83;3.1;0;0;0;0;0;0;1.87;1.95;0;0;0;0;0;0;0;0;0;0;0;0;0;0;0;0;0;0;0;0;0;0;0;0;0;0;0;0;0;0;0;0;0;0;0;0;0;0;0;0;0;0;0;0;0;0;0;0;0;0;0;0;0;4;1;1;1;1;2;2;2018-08-18 18:45:00;-1;0;27;0;23;0;1;1;7;2;2;2;9;4;0;0;2;1;0;3;1;0;0;0;0;1.43;1.65;3.09;0;1;0;1;0;0;1;1;1;0;2;1;0;0;-1;-1;-1;-1;-1;-1;-1;-1;-1;9;18;36;73;96;23;55;78;46;10.52;2.63;2;2.5;Cobh Ramblers;UCD;0.85;1.93;0.91;2;1.04;2.22;91;82;64;27;5;63;58;39;1.27;1.84;3.11;991;27;Y;Y;Y;Y;N;N;Y
297836;2053;2059;2018;complete;1946;25;-1;;45,55,82;0;3;3;3;3;6;4;4;2;1;1;0;2;7;5;8;7;15;15;14;43;57;3;1;2.55;2.9;2.95;1.03;1.24;1.77;2.95;0;0;0;0;0;0;1.69;2.15;0;0;0;0;0;0;0;0;0;0;0;0;0;0;0;0;0;0;0;0;0;0;0;0;0;0;0;0;0;0;0;0;0;0;0;0;0;0;0;0;0;0;0;0;0;0;0;0;0;0;0;0;0;3;0;1;0;2;2;1;2018-08-31 18:45:00;2059;0;46;8;25;0;1;1;2;1;1;2;3;3;3;1;0;0;4;0;1;0;0;0;0;0.73;1.74;2.47;0;0;0;0;0;0;1;1;0;0;1;0;0;0;-1;-1;-1;-1;-1;-1;-1;-1;-1;8;29;46;92;100;42;63;92;54;11.67;4.17;1.48;2.92;Drogheda United;UCD;1.81;1.93;2.08;1.92;1.79;2.17;92;71;54;8;0;67;63;50;1.81;1.83;3.64;991;27;Y;Y;Y;N;N;N;N
297837;2061;2060;2018;complete;1946;25;-1;33,44;56,62;2;2;4;10;2;12;2;1;2;4;0;0;3;6;4;2;7;8;11;11;63;37;2;4;1.01;14.75;75.25;1;1.05;1.23;1.62;0;0;0;0;0;0;2.4;1.57;0;0;0;0;0;0;0;0;0;0;0;0;0;0;0;0;0;0;0;0;0;0;0;0;0;0;0;0;0;0;0;0;0;0;0;0;0;0;0;0;0;0;0;0;0;0;0;0;0;0;0;0;0;4;2;0;0;2;2;2;2018-08-31 18:45:00;-1;0;42;13;30;0;1;1;6;1;4;1;7;5;0;1;2;3;1;5;1;0;0;0;0;1.23;1.16;2.39;1;0;1;0;0;0;1;1;0;0;0;1;0;0;-1;-1;-1;-1;-1;-1;-1;-1;-1;42;55;67;80;92;50;75;88;67;8.31;2.42;3.15;3.75;Shelbourne;Athlone Town;1.93;0.07;2.08;0;1.88;0.12;59;46;33;21;9;75;53;48;1.51;0.91;2.42;991;27;Y;Y;Y;Y;N;N;Y
297838;2054;2052;2018;complete;1946;25;-1;17,66;;2;0;2;14;3;17;2;1;2;1;0;0;10;0;3;3;13;3;7;10;49;51;2;1;1.54;4.1;5.55;1.03;1.25;1.8;3.05;0;0;0;0;0;0;1.95;1.87;0;0;0;0;0;0;0;0;0;0;0;0;0;0;0;0;0;0;0;0;0;0;0;0;0;0;0;0;0;0;0;0;0;0;0;0;0;0;0;0;0;0;0;0;0;0;0;0;0;0;0;0;0;2;1;0;1;0;1;1;2018-08-31 19:00:00;2054;0;42;8;13;0;1;1;9;1;5;2;10;7;1;1;1;0;2;1;1;0;0;0;0;1.86;0.46;2.31;0;0;0;0;0;0;1;1;0;0;2;0;0;0;-1;-1;-1;-1;-1;-1;-1;-1;-1;8;25;50;67;88;38;63;75;42;11.41;4.25;3.17;2.42;Finn Harps;Galway United;2.13;1;1.92;1.17;1.96;1.5;92;75;50;34;13;67;50;38;1.46;1.63;3.09;991;27;Y;Y;N;N;N;N;N
297839;2058;2062;2018;complete;1946;25;-1;58;35,35;1;2;3;4;3;7;0;4;1;3;0;0;6;7;8;3;14;10;13;15;49;51;1;3;3.5;3.35;2;1.04;1.31;1.95;3.45;0;0;0;0;0;0;1.87;1.95;0;0;0;0;0;0;0;0;0;0;0;0;0;0;0;0;0;0;0;0;0;0;0;0;0;0;0;0;0;0;0;0;0;0;0;0;0;0;0;0;0;0;0;0;0;0;0;0;0;0;0;0;0;3;0;2;1;0;1;2;2018-08-31 19:00:00;2062;0;44;20;16;0;1;1;0;1;4;2;1;6;0;1;1;2;1;3;1;0;0;0;0;1.51;1.36;2.87;0;0;0;0;0;0;1;1;0;0;0;0;0;0;-1;-1;-1;-1;-1;-1;-1;-1;-1;17;28;48;68;88;48;76;57;40;7.1;4.23;2.34;2.86;Wexford;Cobh Ramblers;0.71;1.29;0.58;1.15;0.67;1.04;84;72;52;32;13;60;56;44;1.16;1.57;2.73;991;27;Y;Y;Y;N;N;N;Y
297840;2057;2063;2018;complete;1946;25;-1;34,42,90,90;70;4;1;5;6;7;13;-1;-1;4;2;0;0;10;3;11;3;21;6;-1;-1;48;52;4;2;1.43;4.35;6.9;1.02;1.22;1.71;2.75;0;0;0;0;0;0;1.91;1.91;0;0;0;0;0;0;0;0;0;0;0;0;0;0;0;0;0;0;0;0;0;0;0;0;0;0;0;0;0;0;0;0;0;0;0;0;0;0;0;0;0;0;0;0;0;0;0;0;0;0;0;0;0;5;2;0;2;1;3;2;2018-09-01 18:30:00;2057;0;50;21;29;0;1;1;4;2;2;5;6;7;0;1;4;1;1;5;1;0;0;0;0;2.69;1.08;3.77;0;0;0;0;0;0;1;1;0;0;1;0;0;0;-1;-1;-1;-1;-1;-1;-1;-1;-1;17;34;67;80;96;38;71;84;67;11.93;2.5;1.91;2.96;Longford Town;Cabinteely;1.93;0.71;1.92;0.83;1.71;1.21;83;67;34;21;4;79;61;44;2.27;1.43;3.7;991;27;Y;Y;Y;Y;Y;N;Y
297841;2060;2062;2018;complete;1946;26;-1;;;0;0;0;8;8;16;0;4;5;3;0;0;2;8;6;4;8;12;18;12;42;58;5;3;9.25;5.55;1.27;1.01;1.17;1.57;2.45;0;0;0;0;0;0;2.05;1.77;0;0;0;0;0;0;0;0;0;0;0;0;0;0;0;0;0;0;0;0;0;0;0;0;0;0;0;0;0;0;0;0;0;0;0;0;0;0;0;0;0;0;0;0;0;0;0;0;0;0;0;0;0;0;0;0;0;0;0;0;2018-08-24 18:45:00;-1;0;58;21;29;0;1;1;3;2;5;6;5;11;1;0;4;3;1;7;1;0;0;0;0;0.95;1.84;2.79;0;0;0;0;0;0;1;1;0;0;1;0;0;0;-1;-1;-1;-1;-1;-1;-1;-1;-1;13;38;58;75;100;46;80;67;55;7.31;3.75;2.52;2.84;Athlone Town;Cobh Ramblers;0.23;1.29;0.17;1.17;0.08;1.04;88;63;42;25;0;79;75;66;0.84;1.54;2.38;991;27;N;N;N;N;N;N;N
297842;2063;2061;2018;complete;1946;26;-1;65;53;1;1;2;5;4;9;-1;-1;-1;-1;-1;-1;5;5;2;5;7;10;-1;-1;51;49;-1;-1;5.9;4.4;1.48;1.03;1.24;1.77;2.95;0;0;0;0;0;0;2;1.8;0;0;0;0;0;0;0;0;0;0;0;0;0;0;0;0;0;0;0;0;0;0;0;0;0;0;0;0;0;0;0;0;0;0;0;0;0;0;0;0;0;0;0;0;0;0;0;0;0;0;0;0;0;2;0;0;1;1;2;0;2018-09-14 18:45:00;-1;0;46;13;25;0;1;-1;2;1;3;3;3;6;-1;-1;-1;-1;-1;-1;1;0;0;0;0;1.27;1.59;2.86;-1;-1;-1;-1;-1;-1;-1;1;0;0;1;0;-1;-1;-1;-1;-1;-1;-1;-1;-1;-1;-1;8;17;42;75;96;29;67;71;46;11.59;3.17;3.22;2.38;Cabinteely;Shelbourne;1.54;1.71;1.58;1.67;1.16;1.84;92;84;58;25;4;67;58;46;1.43;1.73;3.16;991;27;Y;Y;N;N;N;N;Y
297843;2053;2057;2018;complete;1946;26;-1;36,68;15;2;1;3;1;1;2;3;6;2;3;0;0;3;2;1;0;4;2;13;18;51;49;2;3;2.55;3.45;2.55;1.02;1.2;1.65;2.65;0;0;0;0;0;0;1.61;2.35;0;0;0;0;0;0;0;0;0;0;0;0;0;0;0;0;0;0;0;0;0;0;0;0;0;0;0;0;0;0;0;0;0;0;0;0;0;0;0;0;0;0;0;0;0;0;0;0;0;0;0;0;0;3;1;1;1;0;1;2;2018-09-14 18:45:00;2053;0;56;13;29;0;1;1;0;0;1;1;0;2;1;2;1;1;3;2;1;0;0;0;0;0.53;0.3;0.83;0;0;0;0;0;0;1;1;0;0;0;0;0;1;-1;-1;-1;-1;-1;-1;-1;-1;-1;25;33;52;84;96;36;76;88;56;10.94;4.5;2.37;3.09;Drogheda United;Longford Town;1.81;1.38;1.92;1.5;1.72;1.76;75;68;48;17;4;60;51;48;1.72;1.63;3.35;991;27;Y;Y;Y;N;N;N;Y
297844;2052;2058;2018;complete;1946;26;-1;62;43;1;1;2;11;0;11;2;1;2;1;0;0;8;3;15;3;23;6;12;11;60;40;2;1;1.56;4.35;4.95;1.01;1.14;1.48;2.2;0;0;0;0;0;0;1.59;2.35;0;0;0;0;0;0;0;0;0;0;0;0;0;0;0;0;0;0;0;0;0;0;0;0;0;0;0;0;0;0;0;0;0;0;0;0;0;0;0;0;0;0;0;0;0;0;0;0;0;0;0;0;0;2;0;1;1;0;1;1;2018-09-14 18:45:00;-1;0;55;8;42;0;1;1;6;0;5;0;6;5;1;0;1;1;1;2;1;0;0;0;0;2.42;0.9;3.32;0;0;0;0;0;0;1;1;0;0;2;0;0;0;-1;-1;-1;-1;-1;-1;-1;-1;-1;34;38;71;79;96;29;71;83;59;8.75;3.84;2.88;3.17;Galway United;Wexford;1.77;0.77;1.83;0.75;1.44;0.64;67;63;29;21;4;67;46;42;2.23;1.17;3.4;991;27;Y;Y;N;N;N;N;Y
297845;2059;2054;2018;complete;1946;26;-1;81;79;1;1;2;3;4;7;0;6;2;4;0;0;3;7;4;1;7;8;15;8;50;50;2;4;2.35;3.2;2.95;1.06;1.36;2.1;3.85;0;0;0;0;0;0;1.95;1.87;0;0;0;0;0;0;0;0;0;0;0;0;0;0;0;0;0;0;0;0;0;0;0;0;0;0;0;0;0;0;0;0;0;0;0;0;0;0;0;0;0;0;0;0;0;0;0;0;0;0;0;0;0;2;0;0;1;1;2;0;2018-09-14 18:45:00;-1;0;67;34;25;0;1;1;2;1;1;3;3;4;0;1;2;3;1;5;1;0;0;0;0;0.91;1.45;2.36;0;0;0;0;0;0;1;1;0;0;1;0;0;0;-1;-1;-1;-1;-1;-1;-1;-1;-1;21;34;55;84;96;46;63;92;63;9.83;2.33;3.65;2.92;UCD;Finn Harps;2.31;1.86;2.42;2;2.2;2;80;67;46;17;4;54;42;42;1.64;1.46;3.1;991;27;Y;Y;N;N;N;N;Y
297846;2062;2053;2018;complete;1946;27;-1;;3,48;0;2;2;4;6;10;2;2;2;0;0;0;2;7;4;5;6;12;7;12;49;51;2;0;5.8;4;1.54;1.04;1.28;1.87;3.2;0;9.75;3.45;1.87;1.31;1.1;2.05;1.77;0;0;0;0;0;0;0;0;0;0;0;0;0;0;0;0;0;0;0;0;0;0;0;0;0;0;0;0;0;0;0;0;0;0;0;0;0;0;0;0;0;0;0;0;0;0;0;0;0;0;0;0;0;2;0;1;0;1;1;1;2018-09-22 18:45:00;2053;0;42;17;25;0;1;1;2;4;2;2;6;4;1;0;1;0;1;1;1;0;0;0;0;0.85;1.64;2.49;0;1;0;1;0;0;1;1;0;1;0;0;0;0;-1;-1;-1;-1;-1;-1;-1;-1;-1;17;25;42;58;92;29;58;79;42;11.84;3.34;3.03;2.59;Cobh Ramblers;Drogheda United;0.85;1.6;0.92;1.5;1.12;1.77;84;75;58;42;8;78;78;57;1.29;1.57;2.86;991;27;Y;Y;N;N;N;N;N
297847;2054;2063;2018;complete;1946;27;-1;12,15,18,67,75,82,83;55;7;1;8;6;3;9;3;1;1;0;0;0;10;5;3;9;13;14;7;12;59;41;1;0;1.53;3.95;5.95;1.03;1.26;1.83;3.1;0;10;3.6;1.91;1.33;1.11;1.95;1.87;0;0;0;0;0;0;0;0;0;0;0;0;0;0;0;0;0;0;0;0;0;0;0;0;0;0;0;0;0;0;0;0;0;0;0;0;0;0;0;0;0;0;0;0;0;0;0;0;0;0;0;0;0;8;3;0;4;1;5;3;2018-09-22 18:45:00;2054;0;43;16;27;0;1;1;5;1;1;2;6;3;0;0;1;0;0;1;1;0;0;0;0;1.93;1.56;3.49;0;0;0;0;0;0;1;1;0;0;1;0;0;0;-1;-1;-1;-1;-1;-1;-1;-1;-1;16;35;54;66;92;31;70;77;50;11.33;4.23;3.08;2.65;Finn Harps;Cabinteely;2.13;0.71;2;0.77;1.96;1.15;85;66;46;35;8;73;48;41;1.49;1.4;2.89;991;27;Y;Y;Y;Y;Y;Y;Y
297848;2057;2059;2018;complete;1946;27;-1;58,87;18,28;2;2;4;4;3;7;4;3;2;0;0;0;8;6;13;2;21;8;10;7;50;50;2;0;1.61;4.1;4.75;1.01;1.18;1.59;2.5;0;12.5;4.5;2.25;1.49;1.19;1.69;2.2;0;0;0;0;0;0;0;0;0;0;0;0;0;0;0;0;0;0;0;0;0;0;0;0;0;0;0;0;0;0;0;0;0;0;0;0;0;0;0;0;0;0;0;0;0;0;0;0;0;0;0;0;0;4;0;2;2;0;2;2;2018-09-22 18:45:00;-1;0;43;12;31;0;1;1;2;1;2;2;3;4;0;0;2;0;0;2;1;0;0;0;0;2.12;1.07;3.19;0;0;0;0;0;0;1;1;0;0;1;0;0;0;-1;-1;-1;-1;-1;-1;-1;-1;-1;16;31;62;92;100;39;66;89;70;12.15;2.38;2.08;3.16;Longford Town;UCD;1.93;1.93;2;2;1.69;2.15;85;69;39;8;0;66;58;39;2.3;1.82;4.12;991;27;Y;Y;Y;Y;N;N;Y
297849;2061;2052;2018;complete;1946;27;-1;4,56,78;;3;0;3;7;2;9;-1;-1;3;1;0;0;9;4;4;6;13;10;-1;-1;52;48;3;1;1.62;3.95;4.85;1.02;1.2;1.65;2.65;0;11.75;4.25;2.15;1.43;1.16;1.74;2.1;0;0;0;0;0;0;0;0;0;0;0;0;0;0;0;0;0;0;0;0;0;0;0;0;0;0;0;0;0;0;0;0;0;0;0;0;0;0;0;0;0;0;0;0;0;0;0;0;0;0;0;0;0;3;1;0;2;0;2;1;2018-09-22 18:45:00;2061;0;50;12;23;0;1;1;5;2;2;0;7;2;1;1;2;0;2;2;1;0;0;0;0;2.15;1.47;3.62;0;0;0;0;0;0;1;1;1;0;2;0;0;0;-1;-1;-1;-1;-1;-1;-1;-1;-1;20;35;46;73;85;42;66;77;50;11.77;2.61;3.06;2.73;Shelbourne;Galway United;1.93;1;2;1.08;1.81;1.42;81;66;54;27;15;73;62;54;1.49;1.53;3.02;991;27;Y;Y;Y;N;N;N;N
297850;2058;2060;2018;complete;1946;27;-1;23,44;;2;0;2;0;7;7;-1;-1;2;1;0;0;5;3;2;8;7;11;-1;-1;50;50;2;1;1.51;4.15;5.8;1.02;1.19;1.65;2.6;0;12;4.3;2.15;1.45;1.17;1.8;2.05;0;0;0;0;0;0;0;0;0;0;0;0;0;0;0;0;0;0;0;0;0;0;0;0;0;0;0;0;0;0;0;0;0;0;0;0;0;0;0;0;0;0;0;0;0;0;0;0;0;0;0;0;0;2;2;0;0;0;0;2;2018-09-21 19:00:00;2058;0;38;12;12;0;1;1;0;2;0;5;2;5;0;0;2;1;0;3;1;0;0;0;0;1.23;1.51;2.74;0;0;0;0;0;0;1;1;0;0;0;1;0;0;-1;-1;-1;-1;-1;-1;-1;-1;-1;35;46;69;81;93;54;81;85;58;5.05;2.92;2.38;3.81;Wexford;Athlone Town;0.71;0.07;0.54;0.08;0.65;0.15;66;54;31;20;8;65;48;37;1.19;0.93;2.12;991;27;Y;Y;N;N;N;N;N
518648;2054;2053;2018;complete;1947;0;-1;18,67;;2;0;2;6;5;11;4;1;0;0;0;0;8;4;5;6;13;10;16;12;44;56;0;0;1.87;3.45;4;1.04;1.31;1.95;3.45;0;9;3.25;1.77;1.28;1.09;1.91;1.91;0;0;0;0;0;0;0;0;0;0;0;0;0;0;0;0;0;0;0;0;0;0;0;0;0;0;0;0;0;0;0;0;0;0;0;0;0;0;0;0;0;0;0;0;0;0;0;0;0;0;0;0;0;2;1;0;1;0;1;1;2018-10-19 18:45:00;2054;1;52;14;25;0;1;-1;4;1;2;4;5;6;0;0;0;0;0;0;1;0;0;0;0;1.68;1.23;2.91;-1;-1;-1;-1;-1;-1;-1;1;0;0;0;1;-1;-1;-1;-1;-1;-1;-1;-1;-1;-1;-1;12;22;45;73;95;33;62;88;45;11.24;4.53;3.27;2.64;Finn Harps;Drogheda United;2;1.71;1.96;1.77;1.96;1.77;88;78;55;28;5;64;57;41;1.52;1.64;3.16;991;29;Y;Y;N;N;N;N;N
518649;2053;2061;2018;complete;1947;0;-1;;25;0;1;1;6;4;10;-1;-1;1;0;0;0;3;4;4;3;7;7;-1;-1;51;49;1;0;0;0;0;0;0;0;0;0;0;0;0;0;0;0;0;0;0;0;0;0;0;0;0;0;0;0;0;0;0;0;0;0;0;0;0;0;0;0;0;0;0;0;0;0;0;0;0;0;0;0;0;0;0;0;0;0;0;0;0;0;0;0;0;0;0;0;0;0;1;0;1;0;0;0;1;2018-10-05 18:45:00;2061;1;54;11;26;0;1;1;4;3;2;1;7;3;1;0;0;0;1;0;1;0;0;0;0;1.27;1.27;2.54;0;0;0;0;0;0;1;1;0;0;1;1;0;0;-1;-1;-1;-1;-1;-1;-1;-1;-1;17;26;46;78;93;32;62;87;56;11.71;4;2.67;2.78;Drogheda United;Shelbourne;1.71;1.83;1.81;1.85;1.81;1.85;83;74;54;22;8;72;63;52;1.64;1.72;3.36;991;29;Y;N;N;N;N;N;N
518650;2061;2053;2018;complete;1947;0;-1;76;33,62;1;2;3;3;9;12;1;1;5;3;2;0;3;6;1;14;4;20;14;22;39;61;8;3;0;0;0;0;0;0;0;0;0;0;0;0;0;0;0;0;0;0;0;0;0;0;0;0;0;0;0;0;0;0;0;0;0;0;0;0;0;0;0;0;0;0;0;0;0;0;0;0;0;0;0;0;0;0;0;0;0;0;0;0;0;0;0;0;0;0;0;0;3;0;1;1;1;2;1;2018-10-08 18:45:00;2053;1;52;19;30;0;1;1;3;1;0;8;4;8;3;1;4;2;4;6;1;0;0;0;0;0.89;2.52;3.41;0;0;0;0;0;0;1;1;0;0;1;0;1;0;-1;-1;-1;-1;-1;-1;-1;-1;-1;16;25;45;75;93;30;63;84;54;11.65;3.79;2.61;2.72;Shelbourne;Drogheda United;1.83;1.71;1.89;1.75;1.89;1.75;84;75;56;25;8;73;65;50;1.54;1.58;3.12;991;29;Y;Y;Y;N;N;N;Y
518651;2053;2054;2018;complete;1947;0;-1;13;67;1;1;2;5;5;10;-1;-1;-1;-1;-1;-1;8;4;7;6;15;10;-1;-1;52;48;-1;-1;0;0;0;0;0;0;0;0;0;0;0;0;0;0;0;0;0;0;0;0;0;0;0;0;0;0;0;0;0;0;0;0;0;0;0;0;0;0;0;0;0;0;0;0;0;0;0;0;0;0;0;0;0;0;0;0;0;0;0;0;0;0;0;0;0;0;0;0;2;1;0;0;1;1;1;2018-10-12 18:45:00;-1;1;50;18;22;0;1;-1;4;3;1;2;7;3;-1;-1;-1;-1;-1;-1;1;0;0;0;0;1.86;1.26;3.12;0;0;0;0;0;0;1;1;0;0;0;0;-1;-1;-1;-1;-1;-1;-1;-1;-1;-1;-1;13;23;46;72;95;34;61;88;47;11.29;4.77;3.46;2.66;Drogheda United;Finn Harps;1.71;2;1.79;2;1.79;2;88;77;54;29;5;62;55;43;1.61;1.46;3.07;991;29;Y;Y;N;N;N;N;Y
