ID;HOMEID;AWAYID;SEASON;STATUS;ROUNDID;GAME_WEEK;REVISED_GAME_WEEK;HOMEGOALS;AWAYGOALS;HOMEGOALCOUNT;AWAYGOALCOUNT;TOTALGOALCOUNT;TEAM_A_CORNERS;TEAM_B_CORNERS;TOTALCORNERCOUNT;TEAM_A_OFFSIDES;TEAM_B_OFFSIDES;TEAM_A_YELLOW_CARDS;TEAM_B_YELLOW_CARDS;TEAM_A_RED_CARDS;TEAM_B_RED_CARDS;TEAM_A_SHOTSONTARGET;TEAM_B_SHOTSONTARGET;TEAM_A_SHOTSOFFTARGET;TEAM_B_SHOTSOFFTARGET;TEAM_A_SHOTS;TEAM_B_SHOTS;TEAM_A_FOULS;TEAM_B_FOULS;TEAM_A_POSSESSION;TEAM_B_POSSESSION;TEAM_A_CARDS_NUM;TEAM_B_CARDS_NUM;ODDS_FT_1;ODDS_FT_X;ODDS_FT_2;ODDS_FT_OVER05;ODDS_FT_OVER15;ODDS_FT_OVER25;ODDS_FT_OVER35;ODDS_FT_OVER45;ODDS_FT_UNDER05;ODDS_FT_UNDER15;ODDS_FT_UNDER25;ODDS_FT_UNDER35;ODDS_FT_UNDER45;ODDS_BTTS_YES;ODDS_BTTS_NO;ODDS_TEAM_A_CS_YES;ODDS_TEAM_A_CS_NO;ODDS_TEAM_B_CS_YES;ODDS_TEAM_B_CS_NO;ODDS_DOUBLECHANCE_1X;ODDS_DOUBLECHANCE_12;ODDS_DOUBLECHANCE_X2;ODDS_1ST_HALF_RESULT_1;ODDS_1ST_HALF_RESULT_X;ODDS_1ST_HALF_RESULT_2;ODDS_2ND_HALF_RESULT_1;ODDS_2ND_HALF_RESULT_X;ODDS_2ND_HALF_RESULT_2;ODDS_DNB_1;ODDS_DNB_2;ODDS_CORNERS_OVER_75;ODDS_CORNERS_OVER_85;ODDS_CORNERS_OVER_95;ODDS_CORNERS_OVER_105;ODDS_CORNERS_OVER_115;ODDS_CORNERS_UNDER_75;ODDS_CORNERS_UNDER_85;ODDS_CORNERS_UNDER_95;ODDS_CORNERS_UNDER_105;ODDS_CORNERS_UNDER_115;ODDS_CORNERS_1;ODDS_CORNERS_X;ODDS_CORNERS_2;ODDS_TEAM_TO_SCORE_FIRST_1;ODDS_TEAM_TO_SCORE_FIRST_X;ODDS_TEAM_TO_SCORE_FIRST_2;ODDS_WIN_TO_NIL_1;ODDS_WIN_TO_NIL_2;ODDS_1ST_HALF_OVER05;ODDS_1ST_HALF_OVER15;ODDS_1ST_HALF_OVER25;ODDS_1ST_HALF_OVER35;ODDS_1ST_HALF_UNDER05;ODDS_1ST_HALF_UNDER15;ODDS_1ST_HALF_UNDER25;ODDS_1ST_HALF_UNDER35;ODDS_2ND_HALF_OVER05;ODDS_2ND_HALF_OVER15;ODDS_2ND_HALF_OVER25;ODDS_2ND_HALF_OVER35;ODDS_2ND_HALF_UNDER05;ODDS_2ND_HALF_UNDER15;ODDS_2ND_HALF_UNDER25;ODDS_2ND_HALF_UNDER35;ODDS_BTTS_1ST_HALF_YES;ODDS_BTTS_1ST_HALF_NO;ODDS_BTTS_2ND_HALF_YES;ODDS_BTTS_2ND_HALF_NO;OVERALLGOALCOUNT;HT_GOALS_TEAM_A;HT_GOALS_TEAM_B;GOALS_2HG_TEAM_A;GOALS_2HG_TEAM_B;GOALCOUNT_2HG;HTGOALCOUNT;DATE_UNIX;WINNINGTEAM;NO_HOME_AWAY;BTTS_POTENTIAL;BTTS_FHG_POTENTIAL;BTTS_2HG_POTENTIAL;GOALTIMINGDISABLED;CORNER_TIMINGS_RECORDED;CARD_TIMINGS_RECORDED;TEAM_A_FH_CORNERS;TEAM_B_FH_CORNERS;TEAM_A_2H_CORNERS;TEAM_B_2H_CORNERS;CORNER_FH_COUNT;CORNER_2H_COUNT;TEAM_A_FH_CARDS;TEAM_B_FH_CARDS;TEAM_A_2H_CARDS;TEAM_B_2H_CARDS;TOTAL_FH_CARDS;TOTAL_2H_CARDS;ATTACKS_RECORDED;TEAM_A_DANGEROUS_ATTACKS;TEAM_B_DANGEROUS_ATTACKS;TEAM_A_ATTACKS;TEAM_B_ATTACKS;TEAM_A_XG;TEAM_B_XG;TOTAL_XG;TEAM_A_PENALTIES_WON;TEAM_B_PENALTIES_WON;TEAM_A_PENALTY_GOALS;TEAM_B_PENALTY_GOALS;TEAM_A_PENALTY_MISSED;TEAM_B_PENALTY_MISSED;PENS_RECORDED;GOAL_TIMINGS_RECORDED;TEAM_A_0_10_MIN_GOALS;TEAM_B_0_10_MIN_GOALS;TEAM_A_CORNERS_0_10_MIN;TEAM_B_CORNERS_0_10_MIN;TEAM_A_CARDS_0_10_MIN;TEAM_B_CARDS_0_10_MIN;THROWINS_RECORDED;TEAM_A_THROWINS;TEAM_B_THROWINS;FREEKICKS_RECORDED;TEAM_A_FREEKICKS;TEAM_B_FREEKICKS;GOALKICKS_RECORDED;TEAM_A_GOALKICKS;TEAM_B_GOALKICKS;O45_POTENTIAL;O35_POTENTIAL;O25_POTENTIAL;O15_POTENTIAL;O05_POTENTIAL;O15HT_POTENTIAL;O05HT_POTENTIAL;O05_2H_POTENTIAL;O15_2H_POTENTIAL;CORNERS_POTENTIAL;OFFSIDES_POTENTIAL;CARDS_POTENTIAL;AVG_POTENTIAL;HOME_NAME;AWAY_NAME;HOME_PPG;AWAY_PPG;PRE_MATCH_HOME_PPG;PRE_MATCH_AWAY_PPG;PRE_MATCH_TEAMA_OVERALL_PPG;PRE_MATCH_TEAMB_OVERALL_PPG;U45_POTENTIAL;U35_POTENTIAL;U25_POTENTIAL;U15_POTENTIAL;U05_POTENTIAL;CORNERS_O85_POTENTIAL;CORNERS_O95_POTENTIAL;CORNERS_O105_POTENTIAL;TEAM_A_XG_PREMATCH;TEAM_B_XG_PREMATCH;TOTAL_XG_PREMATCH;COMPETITION_ID;MATCHES_COMPLETED_MINIMUM;OVER05;OVER15;OVER25;OVER35;OVER45;OVER55;BTTS
1186800;2052;2061;2021;complete;64610;1;-1;;;0;0;0;9;2;11;-1;-1;3;3;0;1;9;2;3;4;12;6;-1;-1;64;36;3;5;3;3.1;2.2;1.11;1.33;2;3.9;8;7;3.1;1.72;1.25;1.09;2;1.77;0;0;0;0;0;0;0;3.5;2.05;2.88;3.2;0;2.6;0;0;0;0;0;0;0;0;0;0;0;0;0;0;0;2.25;0;1.8;0;0;1.44;3;9;23;2.63;1.36;1.07;1.01;1.25;2.2;5;13;3.75;1.62;1.17;1.04;0;0;0;0;0;0;0;0;0;0;0;2021-03-26 19:45:00;-1;0;0;0;0;0;1;1;3;2;6;0;5;6;3;3;0;1;6;1;1;89;53;135;96;2.04;0.91;2.95;0;0;0;0;0;0;1;1;0;0;1;1;0;0;-1;-1;-1;-1;-1;-1;-1;-1;-1;0;0;0;0;0;0;0;0;0;0;0;0;0;Galway United;Shelbourne;1.87;2.08;0;0;0;0;0;0;0;0;0;0;0;0;0;0;0;5539;27;N;N;N;N;N;N;N
1186801;2049;2062;2021;complete;64610;1;-1;37,75;65;2;1;3;5;4;9;-1;-1;2;2;0;0;5;5;1;4;6;9;-1;-1;55;45;2;2;1.66;3.77;5.04;1.08;1.3;1.96;3.45;7;8.5;3.3;1.81;1.29;1.11;2;1.77;0;0;0;0;0;0;0;2.25;2.2;5;2;0;4.5;0;0;0;0;0;0;0;0;0;0;0;0;0;0;0;1.5;0;3;0;0;1.4;2.75;8;21;2.75;1.4;1.08;1.02;1.25;2.1;4.5;13;3.75;1.67;1.18;1.04;0;0;0;0;3;1;0;1;1;2;1;2021-03-26 19:45:00;2049;0;0;0;0;0;1;1;4;0;1;4;4;5;2;0;0;2;2;2;1;78;123;172;173;1.32;1.82;3.14;0;0;0;0;0;0;1;1;0;0;0;0;0;0;-1;-1;-1;-1;-1;-1;-1;-1;-1;0;0;0;0;0;0;0;0;0;0;0;0;0;Cork City;Cobh Ramblers;1.5;1;0;0;0;0;0;0;0;0;0;0;0;0;0;0;0;5539;27;Y;Y;Y;N;N;N;Y
1186802;2059;2060;2021;complete;64610;1;-1;22,74;39,90;2;2;4;9;11;20;-1;-1;-1;-1;-1;-1;7;11;6;9;13;20;-1;-1;50;50;-1;-1;1.75;3.3;4.25;1.04;1.2;1.65;2.7;4.1;14;4.5;2.1;1.42;1.24;1.59;2.25;0;0;0;0;0;0;0;2.38;2.25;4;2.1;0;3.75;0;0;0;0;0;0;0;0;0;0;0;0;0;0;0;1.57;0;2.5;0;0;1.33;2.5;6;17;3.25;1.5;1.13;1.03;1.18;1.83;3.75;9;4.5;1.83;1.25;1.07;0;0;0;0;4;1;1;1;1;2;2;2021-03-26 19:45:00;-1;0;0;0;0;0;1;-1;3;7;6;4;10;10;-1;-1;-1;-1;-1;-1;1;59;72;142;129;1.75;2.55;4.3;0;0;0;0;0;0;1;1;0;0;0;2;-1;-1;-1;-1;-1;-1;-1;-1;-1;-1;-1;0;0;0;0;0;0;0;0;0;0;0;0;0;UCD;Athlone Town;1.87;1.21;0;0;0;0;0;0;0;0;0;0;0;0;0;0;0;5539;27;Y;Y;Y;Y;N;N;Y
1186803;2058;2063;2021;complete;64610;1;-1;60;11,52;1;2;3;4;15;19;-1;-1;0;1;0;0;4;4;7;2;11;6;-1;-1;57;43;0;1;2.95;3.37;2.33;1.1;1.38;1.97;3.1;6.75;7.5;3;1.8;1.33;1.11;1.83;1.95;0;0;0;0;0;0;0;3.25;2.2;2.88;3;0;2.6;0;0;0;0;0;0;0;0;0;0;0;0;0;0;0;2.2;0;1.8;0;0;1.36;2.63;7;19;3;1.44;1.1;1.02;1.2;1.91;4;10;4.33;1.8;1.22;1.06;0;0;0;0;3;0;1;1;1;2;1;2021-03-26 19:45:00;2063;0;0;0;0;0;1;1;2;8;2;7;10;9;0;0;0;1;0;1;1;93;90;116;122;1.65;1.32;2.97;0;0;0;0;0;0;1;1;0;0;0;4;0;0;-1;-1;-1;-1;-1;-1;-1;-1;-1;0;0;0;0;0;0;0;0;0;0;0;0;0;Wexford;Cabinteely;1.08;1.15;0;0;0;0;0;0;0;0;0;0;0;0;0;0;0;5539;27;Y;Y;Y;N;N;N;Y
1186804;2061;2048;2021;complete;64610;2;-1;14,27,76;23,51,57;3;3;6;5;2;7;4;2;1;0;0;0;5;5;4;1;9;6;12;9;49;51;1;0;1.75;3.6;4.2;1.08;1.33;1.89;3.3;6;8.75;3.25;1.82;1.3;1.13;1.87;1.83;2.3;1.54;4.15;1.18;1.19;1.23;1.76;2.38;2.2;4.5;2.15;2.3;4.15;0;0;0;1.46;1.86;2.46;0;0;2.51;1.94;1.49;0;0;0;0;1.53;9;2.75;2.85;6;1.42;3.03;6.5;19;2.73;1.33;1.11;1.02;1.22;2.15;3.9;10;3.8;1.65;1.21;1.04;0;0;0;0;6;2;1;1;2;3;3;2021-04-02 18:45:00;-1;0;0;0;0;0;1;1;4;1;1;1;5;2;0;0;1;0;0;1;1;73;78;116;120;1.45;1.3;2.76;1;0;1;0;0;0;1;1;0;0;1;0;0;0;-1;-1;-1;-1;-1;-1;-1;-1;-1;0;0;0;0;0;0;0;0;0;0;0;0;0;Shelbourne;Bray Wanderers;2.14;1.4;0;0;1;1;0;0;0;0;0;0;0;0;0;0;0;5539;27;Y;Y;Y;Y;Y;Y;Y
1186805;2063;2049;2021;complete;64610;2;-1;56;;1;0;1;3;10;13;-1;-1;3;2;0;0;2;5;1;4;3;9;-1;-1;33;67;3;2;3.8;3.35;1.9;1.09;1.33;2.02;3.45;7;8;3.2;1.7;1.3;1.11;1.87;1.83;3.8;1.22;2.4;1.51;1.66;1.26;1.21;4.5;2.1;2.5;3.75;2.4;2.3;0;0;0;0;0;0;0;0;0;0;0;0;0;0;0;2.6;8.5;1.67;5.75;3.05;1.46;3.25;7.5;21;2.62;1.28;1.09;1.02;1.26;2.25;4.4;11;3.5;1.6;1.17;1.03;0;0;0;0;1;0;0;1;0;1;0;2021-04-02 18:45:00;2063;0;0;0;0;0;1;1;2;5;1;5;7;6;1;0;2;2;1;4;1;38;85;85;122;0.62;1.54;2.16;0;0;0;0;0;0;1;1;0;0;0;2;1;0;-1;-1;-1;-1;-1;-1;-1;-1;-1;0;0;0;0;0;0;0;0;0;0;0;0;0;Cabinteely;Cork City;0.71;0.92;0;0;3;3;0;0;0;0;0;0;0;0;0;0;0;5539;27;Y;N;N;N;N;N;N
1186806;2060;2052;2021;complete;64610;2;-1;12,18,26;77;3;1;4;5;12;17;-1;-1;0;1;0;0;6;7;7;9;13;16;-1;-1;46;54;0;1;3.75;3.75;1.8;1.02;1.22;1.73;3;5;11;4;1.98;1.36;1.14;1.67;2.1;4.45;1.16;2.65;1.42;1.67;1.25;1.22;4.33;2.2;2.4;3.6;2.5;2.25;0;0;0;0;0;0;0;0;0;0;0;0;0;0;0;2.5;11;1.57;6.5;3.25;1.36;2.78;5.75;13;3.22;1.46;1.1;1.02;1.19;1.95;3.6;9;4.2;1.78;1.25;1.05;0;0;0;0;4;3;0;0;1;1;3;2021-04-02 18:45:00;2060;0;0;0;0;0;1;1;3;7;2;5;10;7;0;1;0;0;1;0;1;56;84;109;121;1.65;2.11;3.76;0;0;0;0;0;0;1;1;0;0;0;2;0;1;-1;-1;-1;-1;-1;-1;-1;-1;-1;0;0;0;0;0;0;0;0;0;0;0;0;0;Athlone Town;Galway United;1.23;1.71;0;0;1;1;0;0;0;0;0;0;0;0;0;0;0;5539;27;Y;Y;Y;Y;N;N;Y
1186807;2062;2059;2021;complete;64610;2;-1;;28,41,60,89;0;4;4;6;3;9;-1;-1;1;0;0;0;4;7;8;4;12;11;-1;-1;58;42;1;0;2.61;3.02;2.3;1.02;1.22;1.68;2.75;4.5;12;4;2.06;1.42;1.17;1.57;2.25;0;0;0;0;0;0;0;3;2.25;3;2.75;0;2.75;0;0;0;0;0;0;0;0;0;0;0;0;0;0;0;2.05;0;1.83;0;0;1.33;2.5;6;17;3.25;1.5;1.13;1.03;1.17;1.8;3.5;8;5;1.91;1.29;1.08;0;0;0;0;4;0;2;0;2;2;2;2021-04-03 18:00:00;2059;0;0;0;0;0;1;1;2;1;4;2;3;6;0;0;1;0;0;1;1;90;58;158;137;1.7;1.62;3.32;0;0;0;0;0;0;1;1;0;0;0;0;0;0;-1;-1;-1;-1;-1;-1;-1;-1;-1;0;0;0;0;0;0;0;0;0;0;0;0;0;Cobh Ramblers;UCD;1.08;1.6;0;0;0;1;0;0;0;0;0;0;0;0;0;0;0;5539;27;Y;Y;Y;Y;N;N;N
1186808;2059;2048;2021;complete;64610;3;-1;;;0;0;0;5;1;6;-1;-1;0;4;0;0;2;3;2;3;4;6;-1;-1;50;50;0;4;2.9;3.4;2.08;1.02;1.25;1.8;3;5.5;12;3.75;1.9;1.35;1.13;1.73;2;3.65;1.25;3;1.36;1.67;1.22;1.34;3.5;2.2;2.63;3.2;2.56;2.4;0;0;0;0;0;0;0;0;0;0;0;0;0;0;0;2.3;12;1.67;4.8;3.75;1.36;2.75;7;21;3;1.4;1.1;1.02;1.22;2;4.33;11;4;1.73;1.2;1.05;0;0;0;0;0;0;0;0;0;0;0;2021-04-09 18:45:00;-1;0;100;100;100;0;1;1;4;0;1;1;4;2;0;1;0;3;1;3;1;47;59;79;95;0.74;1.02;1.76;0;0;0;0;0;0;1;1;0;0;0;0;0;0;-1;-1;-1;-1;-1;-1;-1;-1;-1;50;100;100;100;100;100;100;100;100;11;1;0;5;UCD;Bray Wanderers;1.87;1.4;1;1;2;1;50;0;0;0;0;50;50;50;1.75;1.3;3.05;5539;30;N;N;N;N;N;N;N
1186809;2061;2058;2021;complete;64610;3;-1;60;;1;0;1;6;2;8;2;1;1;0;0;0;2;3;10;5;12;8;12;10;62;38;1;0;1.2;5.5;9.6;1.01;1.19;1.58;2.65;4.77;13;4.78;2.2;1.45;1.19;2.14;1.69;1.71;2.05;7.5;1.05;1.08;1.19;2.2;1.72;2.75;8.94;1.52;3.25;8.6;0;0;0;1.48;1.91;2.52;0;0;2.58;1.89;1.5;0;0;0;0;1.26;16.75;4.4;1.83;11;1.3;2.49;4.7;12;3.45;1.55;1.15;1.03;1.16;1.86;3.3;8;4.6;1.92;1.29;1.06;0;0;0;0;1;0;0;1;0;1;0;2021-04-09 18:45:00;2061;0;50;50;50;0;1;1;2;1;4;1;3;5;0;0;1;0;0;1;1;54;38;92;86;1.29;1;2.29;0;0;0;0;0;0;1;1;0;0;1;0;0;0;-1;-1;-1;-1;-1;-1;-1;-1;-1;50;50;50;50;100;50;100;50;50;8;3;2;3.5;Shelbourne;Wexford;2.14;0.5;1;0;1;0;50;50;50;50;0;0;0;0;1.45;1.51;2.96;5539;27;Y;N;N;N;N;N;N
1186810;2049;2060;2021;complete;64610;3;-1;;78;0;1;1;5;3;8;-1;-1;1;3;0;0;5;3;7;5;12;8;-1;-1;58;42;1;3;2.05;3.4;3;1.02;1.25;1.75;3;5;12;3.75;1.96;1.36;1.14;1.7;2.13;2.8;1.37;4.2;1.18;1.22;1.24;1.68;2.5;2.2;3.75;2.35;2.61;3.66;0;0;0;0;0;0;0;0;0;0;0;0;0;0;0;1.75;10.25;2.43;3.45;5.75;1.36;2.76;5.1;13;3.25;1.47;1.13;1.02;1.19;2.03;3.6;9;4.2;1.77;1.25;1.05;0;0;0;0;1;0;0;0;1;1;0;2021-04-09 18:45:00;2060;0;100;50;100;0;1;1;1;3;4;0;4;4;1;3;0;0;4;0;1;85;49;127;105;1.73;1.08;2.81;0;0;0;0;0;0;1;1;0;0;0;1;0;0;-1;-1;-1;-1;-1;-1;-1;-1;-1;0;50;100;100;100;50;100;100;100;16;0;2;3.5;Cork City;Athlone Town;1.5;1.21;3;1;1.5;2;100;50;0;0;0;100;50;50;1.32;2.55;3.87;5539;27;Y;N;N;N;N;N;N
1186811;2063;2052;2021;complete;64610;3;-1;;-1,-1,-1;0;3;3;-1;-1;-1;-1;-1;-1;-1;-1;-1;-1;-1;-1;-1;-1;-1;-1;-1;-1;-1;-1;-1;3;3.2;2.3;1.03;1.3;1.82;3.67;7.49;8.8;3.3;1.96;1.29;1.1;1.85;1.93;3.65;1.24;2.45;1.48;1.48;1.28;1.31;4;2.1;2.6;4.1;2.49;2.35;0;0;0;0;0;0;0;0;0;0;0;0;0;0;0;2.56;8.8;1.74;5.25;3.1;1.43;3.1;5.7;15;2.92;1.39;1.1;1.02;1.23;2.21;4;10;3.7;1.65;1.2;1.04;0;0;0;0;3;0;0;0;0;0;0;2021-04-09 18:45:00;2052;0;50;0;0;1;-1;-1;-1;-1;-1;-1;-1;-1;-1;-1;-1;-1;-1;-1;-1;0;0;0;0;0;0;0;-1;-1;-1;-1;-1;-1;-1;-1;-1;-1;-1;-1;-1;-1;-1;-1;-1;-1;-1;-1;-1;-1;-1;0;50;50;50;100;50;50;100;0;15;0;4;2.5;Cabinteely;Galway United;0.71;1.71;3;0;3;0.5;100;50;50;50;0;100;100;100;0.62;2.11;2.73;5539;27;Y;Y;Y;N;N;N;N
1186812;2048;2060;2021;complete;64610;4;-1;7;10,14;1;2;3;8;2;10;-1;-1;0;1;1;0;3;6;12;3;15;9;-1;-1;54;46;2;1;1.95;3.6;3.4;1.07;1.31;1.81;3;6.25;9.5;3.35;1.96;1.35;1.13;1.83;1.95;2.6;1.43;3.85;1.21;1.33;1.26;1.48;2.5;2.2;3.75;2.27;2.61;3.48;0;0;0;0;0;0;0;0;0;0;0;0;0;0;0;1.69;13;2.28;3.2;5.5;1.36;2.81;6;13;3.13;1.43;1.11;1.02;1.25;2.04;4.32;9;3.74;1.71;1.2;1.05;0;0;0;0;3;1;2;0;0;0;3;2021-04-16 18:30:00;2060;0;25;25;25;0;1;1;3;1;5;1;4;6;0;0;1;1;0;2;1;81;59;128;113;1.75;1.42;3.17;0;0;0;0;0;0;1;1;1;1;0;1;0;0;-1;-1;-1;-1;-1;-1;-1;-1;-1;0;25;25;25;50;25;25;50;25;16;0;5;1.25;Bray Wanderers;Athlone Town;1.33;1.21;1;2;1;2.33;100;75;75;75;50;75;75;75;1.73;1.82;3.55;5539;27;Y;Y;Y;N;N;N;Y
1186813;2059;2063;2021;complete;64610;4;-1;6,45,48,56;52;4;1;5;4;4;8;-1;-1;2;4;0;0;6;6;1;2;7;8;-1;-1;49;51;2;4;1.99;3.27;3.32;1.06;1.25;1.73;2.85;4.7;11;3.85;2.03;1.4;1.19;1.67;2.15;2.7;1.38;4.35;1.15;1.25;1.26;1.59;2.5;2.25;3.75;2.19;2.66;3.62;0;0;0;0;0;0;0;0;0;0;0;0;0;0;0;1.64;14;2.33;3.25;6.5;1.34;2.69;6;17;3.27;1.47;1.12;1.02;1.22;1.94;4;8;4;1.79;1.22;1.06;0;0;0;0;5;2;0;2;1;3;2;2021-04-16 18:45:00;2059;0;75;25;75;0;1;1;3;0;1;4;3;5;0;2;2;2;2;4;1;33;65;83;101;1.11;1.4;2.51;0;0;0;0;0;0;1;1;1;0;2;0;0;0;-1;-1;-1;-1;-1;-1;-1;-1;-1;0;25;75;75;75;25;75;75;75;22;0;1;2.5;UCD;Cabinteely;1.87;1.15;1;3;1.67;2;100;75;25;25;25;75;75;75;1.25;1.32;2.57;5539;27;Y;Y;Y;Y;Y;N;Y
1186814;2049;2061;2021;complete;64610;4;-1;7;20,47,90;1;3;4;2;7;9;-1;-1;1;1;1;0;3;6;2;11;5;17;-1;-1;51;49;3;1;3.1;3.4;2.03;1.08;1.3;1.61;3.5;7;8.75;3.3;2.22;1.29;1.11;2;1.77;3.45;1.25;2.75;1.39;1.57;1.25;1.28;3.4;2.1;2.88;3.05;2.53;2.59;0;0;0;0;0;0;0;0;0;0;0;0;0;0;0;2.2;11.25;1.8;4.6;3.4;1.4;2.97;7;15;2.97;1.4;1.08;1.02;1.29;2.19;4.5;10;3.5;1.62;1.17;1.04;0;0;0;0;4;1;1;0;2;2;2;2021-04-16 18:45:00;2061;0;25;0;25;0;1;1;2;4;0;3;6;3;2;0;0;1;2;1;1;33;89;95;119;0.78;2.13;2.91;1;1;1;1;0;0;1;1;1;0;0;0;0;0;-1;-1;-1;-1;-1;-1;-1;-1;-1;0;0;25;25;50;0;25;50;25;7;0;6.5;1;Cork City;Shelbourne;1.5;2.08;1.5;1;1;1.67;100;100;75;75;50;75;50;50;1.52;0.91;2.43;5539;27;Y;Y;Y;Y;N;N;Y
1186815;2058;2062;2021;complete;64610;4;-1;87;8,44;1;2;3;10;7;17;-1;-1;1;1;0;0;2;6;6;3;8;9;-1;-1;59;41;1;1;2.49;3.1;2.59;1.09;1.3;1.82;3.5;7;8.25;3.3;1.92;1.29;1.1;1.95;1.8;3.45;1.25;2.7;1.4;1.37;1.29;1.4;3.5;2.1;2.88;3.08;2.51;2.59;0;0;0;0;0;0;0;0;0;0;0;0;0;0;0;2.09;11;1.85;4.7;3.4;1.41;3.03;6.75;19;2.93;1.38;1.08;1.02;1.29;2.18;4.5;10;3.5;1.67;1.17;1.04;0;0;0;0;3;0;2;1;0;1;2;2021-04-16 18:45:00;2062;0;100;0;75;0;1;1;2;6;8;1;8;9;0;0;1;1;0;2;1;59;60;72;68;1.07;1.42;2.49;0;0;0;0;0;0;1;1;0;1;0;3;0;0;-1;-1;-1;-1;-1;-1;-1;-1;-1;0;0;75;100;100;0;100;100;75;8.5;0;1;2.75;Wexford;Cobh Ramblers;1.08;1;0;0.5;0;0.33;100;100;25;0;0;100;75;75;1.65;1.59;3.24;5539;27;Y;Y;Y;N;N;N;Y
1186816;2052;2059;2021;complete;64610;5;-1;47,87;45,70;2;2;4;7;4;11;-1;-1;4;2;0;0;10;4;5;1;15;5;-1;-1;53;47;4;2;2.25;3.5;2.9;1.07;1.3;1.83;3;5.75;9.75;3.45;1.95;1.37;1.14;1.71;2.05;3;1.34;4;1.21;1.36;1.29;1.7;2.66;2.13;3.3;2.39;2.61;3.25;0;0;1.27;1.44;1.83;2.41;3;3.4;2.7;1.97;1.54;1.34;1.82;6.8;2.48;1.83;10;2.2;3.75;5.25;1.37;2.84;5.75;19;3.17;1.45;1.1;1.02;1.25;1.95;4;9;3.74;1.83;1.22;1.05;0;0;0;0;4;0;1;2;1;3;1;2021-04-23 18:45:00;-1;0;25;0;0;0;1;1;4;0;3;4;4;7;0;0;4;2;0;6;1;99;63;161;138;2.37;1.07;3.44;0;0;0;0;0;0;1;1;0;0;1;0;0;0;-1;-1;-1;-1;-1;-1;-1;-1;-1;0;50;50;75;75;50;75;75;50;11.5;0;2.5;2.5;Galway United;UCD;1.87;1.6;1;3;1.25;2;100;50;50;25;25;100;50;50;1.87;1.62;3.49;5539;29;Y;Y;Y;Y;N;N;Y
1186817;2063;2061;2021;complete;64610;5;-1;83;26,39,68;1;3;4;3;9;12;-1;-1;4;3;1;0;3;5;7;9;10;14;-1;-1;46;54;6;3;5.25;4;1.57;1.08;1.32;1.87;3.1;6;9;3.3;1.91;1.36;1.14;2;1.77;4.5;1.17;2.3;1.59;2.1;1.29;1.2;5.09;2.28;2.43;4.33;2.56;2.05;0;0;1.27;1.45;1.84;2.43;3;3.4;2.67;1.96;1.53;1.34;4.08;7.3;1.39;2.66;11;1.56;7;2.8;1.41;3.01;6.75;19;3;1.4;1.1;1.02;1.29;2.16;4.5;10;3.5;1.68;1.17;1.04;0;0;0;0;4;0;2;1;1;2;2;2021-04-23 18:45:00;2061;0;25;25;0;0;1;1;1;3;2;6;4;8;2;2;3;1;4;4;1;57;65;82;79;1.25;1.7;2.95;0;1;0;1;0;0;1;1;0;0;0;2;0;0;-1;-1;-1;-1;-1;-1;-1;-1;-1;0;25;50;50;75;25;25;50;25;7.5;0;6;2;Cabinteely;Shelbourne;0.71;2.08;1.5;2;1.5;2;100;75;50;50;25;100;75;75;0.62;1.52;2.14;5539;27;Y;Y;Y;Y;N;N;Y
1186818;2060;2058;2021;complete;64610;5;-1;18,76,88;;3;0;3;2;4;6;-1;-1;2;1;0;0;7;2;6;8;13;10;-1;-1;48;52;2;1;1.44;4.5;6.25;1.05;1.24;1.62;2.55;4.55;13;4.15;2.25;1.49;1.2;1.77;2;2.2;1.62;5.25;1.13;1.15;1.21;2.13;2.09;2.25;5.3;1.86;2.72;4.88;0;0;1.27;1.46;1.87;2.46;3;3.4;2.64;1.93;1.52;1.34;1.43;7.3;3.78;1.46;13.25;2.86;2.55;7.75;1.36;2.77;5.75;14;3.24;1.47;1.1;1.03;1.25;2.05;4.32;9;3.74;1.74;1.2;1.05;0;0;0;0;3;1;0;2;0;2;1;2021-04-23 18:45:00;2060;0;50;0;0;0;1;1;0;1;2;3;1;5;0;0;2;1;0;3;1;58;64;116;125;1.74;1.25;2.98;0;0;0;0;0;0;1;1;0;0;0;0;0;0;-1;-1;-1;-1;-1;-1;-1;-1;-1;0;50;50;50;100;50;75;75;0;7.5;0;0.5;2.5;Athlone Town;Wexford;1.23;0.5;3;0;2.5;0;100;50;50;50;0;50;50;50;1.65;1.25;2.9;5539;27;Y;Y;Y;N;N;N;N
1186819;2062;2048;2021;complete;64610;5;-1;78;59;1;1;2;4;10;14;-1;-1;1;1;0;0;4;6;4;8;8;14;-1;-1;46;54;1;1;3.5;3.5;2;1.08;1.35;2;3.4;6.75;8.75;3.1;1.77;1.31;1.11;1.91;1.87;3.75;1.22;2.5;1.47;1.67;1.27;1.29;4.21;2.21;2.73;3.5;2.53;2.32;0;0;0;0;0;0;0;0;0;0;0;0;0;0;0;2.3;11;1.71;5.25;3.15;1.43;3.09;7;21;2.69;1.32;1.1;1.02;1.29;2.18;4.5;10;3.5;1.67;1.17;1.04;0;0;0;0;2;0;0;1;1;2;0;2021-04-24 18:00:00;-1;0;25;25;25;0;1;1;3;1;1;9;4;10;1;0;0;1;1;1;1;77;95;104;112;1.35;1.99;3.33;1;0;1;0;0;0;1;1;0;0;0;0;0;0;-1;-1;-1;-1;-1;-1;-1;-1;-1;25;75;75;75;75;75;75;75;75;7.5;0;3;3.5;Cobh Ramblers;Bray Wanderers;1.08;1.4;0;1;1;0.75;75;25;25;25;25;50;0;0;1.7;1.16;2.86;5539;27;Y;Y;N;N;N;N;Y
1186823;2062;2052;2021;complete;64610;6;-1;;19,71,79,90;0;4;4;5;12;17;-1;-1;0;0;1;0;2;11;11;5;13;16;-1;-1;53;47;2;0;3.75;3.3;2;1.09;1.38;2.1;3.55;7;7.75;2.95;1.71;1.28;1.11;1.91;1.83;3.8;1.21;2.6;1.43;1.75;1.3;1.3;4.1;2.16;2.67;3.68;2.5;2.44;0;0;0;0;0;0;0;0;0;0;0;0;0;0;0;2.44;9.1;1.79;5.5;3.25;1.41;2.86;5.7;23;2.86;1.41;1.1;1.01;1.22;2.18;4;11;3.8;1.67;1.2;1.05;0;0;0;0;4;0;1;0;3;3;1;2021-05-01 18:00:00;2052;0;50;0;25;0;1;1;2;7;3;5;9;8;1;0;0;0;1;0;1;60;63;81;86;1.39;2.23;3.62;0;3;0;3;0;0;1;1;0;0;1;2;0;0;-1;-1;-1;-1;-1;-1;-1;-1;-1;0;50;75;100;100;50;50;75;50;17;0;2;3.25;Cobh Ramblers;Galway United;1.08;1.71;0.5;1.5;1;1.2;100;50;25;0;0;100;75;75;1.52;2.11;3.63;5539;27;Y;Y;Y;Y;N;N;N
1186824;2049;2058;2021;complete;64610;7;-1;12,21,28,67,90;;5;0;5;7;3;10;-1;-1;1;2;0;0;10;2;9;8;19;10;-1;-1;59;41;1;2;1.32;4.5;7.5;1.02;1.22;1.65;2.8;4.9;12;3.8;2.1;1.4;1.14;1.92;1.78;1.87;1.83;6.75;1.07;1.08;1.2;2.5;1.95;2.3;6;1.63;2.95;6.3;0;0;0;1.48;1.73;2.2;2.7;0;2.5;2;1.62;1.4;0;0;0;1.33;15.5;3.6;2.05;9.75;1.35;2.5;5.8;13;2.95;1.47;1.1;1.02;1.16;1.94;3.3;8;4.6;1.79;1.29;1.06;0;0;0;0;5;3;0;2;0;2;3;2021-05-07 18:45:00;2049;0;34;17;17;0;1;1;4;1;3;2;5;5;1;0;0;2;1;2;1;78;55;116;96;2.46;1.17;3.63;0;0;0;0;0;0;1;1;0;0;1;0;0;0;-1;-1;-1;-1;-1;-1;-1;-1;-1;0;17;50;50;100;17;67;84;50;7;0;2.67;2.17;Cork City;Wexford;1.5;0.5;1;0;0.67;0;100;84;50;50;0;34;0;0;1.28;1.25;2.53;5539;27;Y;Y;Y;Y;Y;N;N
1186825;2061;2060;2021;complete;64610;7;-1;55;;1;0;1;8;7;15;2;0;0;3;0;0;7;2;4;2;11;4;14;16;55;45;0;3;1.91;3.7;3.65;1.05;1.21;1.57;2.35;4.15;13;4.4;2.35;1.57;1.22;1.54;2.4;2.7;1.41;4.95;1.13;1.13;1.25;2.1;2.1;2.38;4.75;2.05;2.67;4.03;0;0;0;1.48;1.75;2.2;0;0;2.5;1.95;1.6;0;0;0;0;1.44;14;2.88;3.2;7;1.27;2.18;4.8;12;3.4;1.61;1.14;1.03;1.16;1.86;3.3;8;4.6;1.86;1.28;1.06;0;0;0;0;1;0;0;1;0;1;0;2021-05-07 18:45:00;2061;0;67;50;50;0;1;1;5;5;3;2;10;5;0;3;0;0;3;0;1;88;76;142;122;1.83;0.96;2.79;0;0;0;0;0;0;1;1;0;0;0;1;0;1;-1;-1;-1;-1;-1;-1;-1;-1;-1;17;50;67;67;100;50;67;84;50;11.33;0.67;3.33;3.17;Shelbourne;Athlone Town;2.14;1.21;1.67;2.33;2;2.17;84;50;33;33;0;50;50;33;1.61;1.69;3.3;5539;27;Y;N;N;N;N;N;N
1186826;2052;2048;2021;complete;64610;7;-1;34;6,90;1;2;3;4;5;9;-1;-1;4;4;0;0;3;5;4;1;7;6;-1;-1;48;52;4;4;2.2;3.15;3.35;1.09;1.36;2.05;3.4;6.75;7.75;3.05;1.77;1.3;1.11;1.83;1.91;2.95;1.34;3.6;1.24;1.4;1.33;1.57;2.88;2.2;3.25;2.52;2.59;3.05;0;0;0;1.5;1.8;2.25;0;0;2.4;1.91;1.57;0;0;0;0;1.8;13;2.1;3.8;4.9;1.28;2.35;5.7;13;3.3;1.52;1.1;1.02;1.2;2.04;3.7;8;4;1.71;1.23;1.06;0;0;0;0;3;1;1;0;1;1;2;2021-05-07 18:45:00;2048;0;67;17;50;0;1;1;0;4;4;1;4;5;0;1;4;3;1;7;1;73;87;146;156;1.2;1.38;2.58;0;0;0;0;0;0;1;1;0;1;0;0;0;0;-1;-1;-1;-1;-1;-1;-1;-1;-1;17;33;33;67;67;17;50;67;50;12.33;0;4.67;2.34;Galway United;Bray Wanderers;1.87;1.4;1;1;1.5;0.83;84;67;67;33;33;67;67;67;2.04;1.44;3.48;5539;29;Y;Y;Y;N;N;N;Y
1186827;2063;2062;2021;complete;64610;7;-1;87;;1;0;1;9;10;19;-1;-1;2;2;0;0;3;0;4;5;7;5;-1;-1;47;53;2;2;2.3;3.5;2.85;1.06;1.26;1.74;2.8;5;10.75;3.75;2.05;1.43;1.17;1.65;2.15;3.2;1.29;3.95;1.2;1.25;1.29;1.73;2.4;2.3;3.75;2.42;2.67;3.1;0;0;0;1.5;1.8;2.25;0;0;2.4;1.91;1.57;0;0;0;0;1.57;14.75;2.4;3.9;5;1.27;2.25;5.1;12;3.4;1.57;1.13;1.03;1.17;1.94;3.4;8;4.4;1.79;1.27;1.06;0;0;0;0;1;0;0;1;0;1;0;2021-05-07 18:45:00;2063;0;67;0;42;0;1;1;2;5;7;5;7;12;1;1;1;1;2;2;1;59;61;78;66;1.08;0.76;1.84;0;0;0;0;0;0;1;1;0;0;0;1;0;0;-1;-1;-1;-1;-1;-1;-1;-1;-1;0;17;67;84;100;33;67;84;33;8.33;0;5.5;2.67;Cabinteely;Cobh Ramblers;0.71;1;1;1.33;1.5;0.83;100;84;33;17;0;100;84;84;0.94;1.53;2.47;5539;27;Y;N;N;N;N;N;N
1186828;2048;2063;2021;complete;64610;8;-1;11,17,72;;3;0;3;7;4;11;-1;-1;1;2;0;0;8;3;5;1;13;4;-1;-1;56;44;1;2;1.53;3.9;4.8;1.04;1.21;1.58;2.3;4.05;13;4.35;2.29;1.53;1.24;1.69;2.1;2.45;1.48;5.5;1.11;1.27;1.28;1.69;2.23;2.39;4.78;2.02;2.81;4.46;0;0;0;0;0;0;0;0;0;0;0;0;0;0;0;1.5;15.75;2.75;2.9;7.75;1.33;2.5;6;17;3.25;1.5;1.13;1.03;1.16;1.88;3.3;9;4.6;1.9;1.28;1.07;0;0;0;0;3;2;0;1;0;1;2;2021-05-14 18:30:00;2048;0;67;17;50;0;1;1;2;0;5;4;2;9;1;1;0;1;2;1;1;87;82;136;130;2.02;1.07;3.09;0;0;0;0;0;0;1;1;0;0;0;0;0;0;-1;-1;-1;-1;-1;-1;-1;-1;-1;17;17;67;67;67;33;67;50;50;14;0;3.34;2.34;Bray Wanderers;Cabinteely;1.33;1.15;0.67;2;1.14;1.71;84;84;34;34;34;67;67;50;1.68;1.33;3.01;5539;27;Y;Y;Y;N;N;N;N
1186829;2052;2058;2021;complete;64610;8;-1;90;;1;0;1;7;2;9;-1;-1;3;2;0;0;7;2;8;1;15;3;-1;-1;55;45;3;2;1.2;5.75;13;1.03;1.18;1.49;2.25;4.05;17;4.8;2.44;1.57;1.24;2.2;1.62;1.67;2.1;9.75;1.02;1.06;1.16;2.81;1.61;2.86;9.5;1.4;3.4;10;0;0;0;0;0;0;0;0;0;0;0;0;0;0;0;1.17;19;5.5;1.74;14;1.25;2.2;5;13;3.75;1.62;1.17;1.04;1.13;1.75;3;8;5.1;2.06;1.34;1.08;0;0;0;0;1;0;0;1;0;1;0;2021-05-14 18:45:00;2052;0;38;13;13;0;1;1;5;1;2;1;6;3;1;0;2;2;1;4;1;96;72;149;135;2.14;0.87;3.01;0;0;0;0;0;0;1;1;0;0;1;0;0;0;-1;-1;-1;-1;-1;-1;-1;-1;-1;13;25;50;63;88;25;75;75;38;10;0;4.25;2.38;Galway United;Wexford;1.87;0.5;0.75;0;1.29;0;88;75;50;38;13;63;50;38;1.83;1.23;3.06;5539;27;Y;N;N;N;N;N;N
1186830;2059;2049;2021;complete;64610;8;-1;;;0;0;0;4;8;12;-1;-1;2;3;0;0;3;4;10;6;13;10;-1;-1;55;45;2;3;1.95;3.4;3.25;1.05;1.25;1.61;2.75;4.7;11;3.95;2.2;1.42;1.19;1.62;2.2;3.25;1.28;4.3;1.17;1.21;1.28;1.83;2.68;2.33;3.68;2.38;2.71;3.2;0;0;0;0;0;0;0;0;0;0;0;0;0;0;0;1.67;16;2.25;3.85;5.5;1.33;2.5;6;17;3.25;1.5;1.13;1.03;1.17;1.88;3.3;9;4.4;1.9;1.28;1.07;0;0;0;0;0;0;0;0;0;0;0;2021-05-14 18:45:00;-1;0;54;42;25;0;1;1;0;2;4;6;2;10;0;0;2;3;0;5;1;72;50;134;91;1.56;1.28;2.84;0;0;0;0;0;0;1;1;0;0;0;0;0;0;-1;-1;-1;-1;-1;-1;-1;-1;-1;25;38;54;54;71;54;54;71;38;11;0;1.67;2.42;UCD;Cork City;1.87;0.92;2;0.33;2.14;1;75;63;46;46;29;46;46;29;1.33;1.13;2.46;5539;27;N;N;N;N;N;N;N
1186831;2062;2061;2021;complete;64610;8;-1;16;63,80;1;2;3;1;5;6;-1;-1;1;1;0;0;5;6;2;3;7;9;-1;-1;56;44;1;1;6;4.15;1.5;1.07;1.33;1.95;3.3;6.75;9.25;3.2;1.8;1.32;1.11;2.15;1.67;4.7;1.14;2.2;1.61;2.17;1.26;1.17;5.5;2.22;2.26;4.33;2.6;2;0;0;0;0;0;0;0;0;0;0;0;0;0;0;0;3;9.3;1.44;7;2.6;1.4;2.75;8;21;2.75;1.4;1.08;1.02;1.24;2.16;4.2;11;3.6;1.68;1.18;1.05;0;0;0;0;3;1;0;0;2;2;1;2021-05-15 18:00:00;2061;0;50;17;33;0;1;1;0;3;1;2;3;3;1;1;0;0;2;0;1;28;53;100;109;1.01;1.38;2.39;0;0;0;0;0;0;1;1;0;0;0;1;0;0;-1;-1;-1;-1;-1;-1;-1;-1;-1;0;67;67;84;84;50;67;84;84;11;0;4.33;3;Cobh Ramblers;Shelbourne;1.08;2.08;0.33;2.33;0.71;2.14;100;33;33;17;17;100;67;67;1.48;1.58;3.06;5539;27;Y;Y;Y;N;N;N;Y
1186832;2061;2059;2021;complete;64610;9;-1;22,24,44;41;3;1;4;5;5;10;-1;-1;2;4;0;0;5;3;3;2;8;5;-1;-1;40;60;2;4;1.87;3.65;3.7;1.05;1.22;2.1;2.9;4.6;13;4.15;1.7;1.38;1.19;1.62;2.2;2.7;1.4;4.35;1.17;1.25;1.27;1.62;2.54;2.31;4.1;2.26;2.64;3.84;0;0;0;0;0;0;0;0;0;0;0;0;0;0;0;1.62;15;2.25;3.25;6;1.38;2.74;6;13;2.84;1.42;1.11;1.02;1.25;1.95;4;8;3.74;1.77;1.22;1.06;0;0;0;0;4;3;1;0;0;0;4;2021-05-21 18:45:00;2061;0;42;13;42;0;1;1;4;0;1;5;4;6;1;2;1;2;3;3;1;50;64;100;120;1.23;1;2.23;0;0;0;0;0;0;1;1;0;0;1;0;1;0;-1;-1;-1;-1;-1;-1;-1;-1;-1;29;75;75;75;100;46;75;100;75;9.83;0.75;1.67;3.84;Shelbourne;UCD;2.14;1.6;2;2.33;2.25;2;71;25;25;25;0;59;42;42;1.67;1.91;3.58;5539;27;Y;Y;Y;Y;N;N;Y
1186833;2049;2052;2021;complete;64610;9;-1;81;90;1;1;2;7;4;11;-1;-1;6;4;0;1;4;6;8;4;12;10;-1;-1;63;37;6;6;2.4;3.55;2.6;1.06;1.29;1.83;3.1;5.5;9.75;3.5;1.94;1.33;1.15;1.67;2.15;3.3;1.27;3.1;1.31;1.51;1.31;1.47;3.37;2.23;3.2;3.02;2.52;2.84;0;0;0;0;0;0;0;0;0;0;0;0;0;0;0;1.95;11;1.9;4.35;4;1.41;2.92;6.5;13;2.99;1.43;1.1;1.02;1.25;2;4.32;9;3.74;1.71;1.2;1.05;0;0;0;0;2;0;0;1;1;2;0;2021-05-21 18:45:00;-1;0;42;13;13;0;1;1;4;2;3;2;6;5;1;2;5;3;3;8;1;68;64;126;105;1.54;1.52;3.06;0;0;0;0;0;0;1;1;0;0;0;0;0;0;-1;-1;-1;-1;-1;-1;-1;-1;-1;13;59;88;88;100;42;71;84;54;16.75;0;2.25;3.46;Cork City;Galway United;1.5;1.71;1.5;2;1;1.5;88;42;13;13;0;88;63;50;1.57;2.17;3.74;5539;27;Y;Y;N;N;N;N;Y
1186834;2060;2062;2021;complete;64610;9;-1;70,83;15;2;1;3;7;3;10;-1;-1;1;2;0;0;8;2;4;11;12;13;-1;-1;54;46;1;2;1.74;3.8;4.1;1.06;1.27;2.05;2.9;5.25;11;3.65;1.75;1.38;1.16;1.74;2;2.55;1.44;4.35;1.17;1.24;1.27;1.95;2.46;2.32;4.26;2.19;2.65;4.05;0;0;0;0;0;0;0;0;0;0;0;0;0;0;0;1.57;15;2.35;3.1;6.25;1.38;2.72;5.5;13;2.85;1.42;1.13;1.02;1.25;2;4;9;3.74;1.79;1.22;1.05;0;0;0;0;3;0;1;2;0;2;1;2021-05-21 18:45:00;2060;0;71;0;29;0;1;1;4;1;3;2;5;5;0;0;1;2;0;3;1;64;52;117;106;1.79;1.34;3.13;0;0;0;0;0;0;1;1;0;0;1;0;0;0;-1;-1;-1;-1;-1;-1;-1;-1;-1;0;17;75;88;100;29;88;100;46;12.5;0;2.92;2.79;Athlone Town;Cobh Ramblers;1.23;1;2;1;1.63;0.63;100;84;25;13;0;84;71;71;2.21;1.34;3.55;5539;27;Y;Y;Y;N;N;N;Y
1186835;2058;2048;2021;complete;64610;9;-1;;44;0;1;1;4;3;7;-1;-1;1;0;0;0;3;4;2;7;5;11;-1;-1;46;54;1;0;8;5.25;1.31;1.04;1.21;2.2;2.38;4.5;14;4.35;1.65;1.5;1.2;1.95;1.83;7.25;1.06;2;1.74;2.72;1.14;1.09;6.9;2.63;1.83;6.95;3.14;1.62;0;0;0;0;0;0;0;0;0;0;0;0;0;0;0;3.4;15;1.3;10;2.15;1.31;2.45;4.74;10;3.38;1.53;1.16;1.04;1.2;1.8;3.74;7.5;4.32;1.91;1.25;1.07;0;0;0;0;1;0;1;0;0;0;1;2021-05-21 18:45:00;2048;0;71;25;42;0;1;1;1;2;3;1;3;4;0;0;1;0;0;1;1;56;56;115;109;0.95;1.39;2.33;0;0;0;0;0;0;1;1;0;0;0;1;0;0;-1;-1;-1;-1;-1;-1;-1;-1;-1;29;29;75;88;88;59;75;88;59;9.17;0;4.58;3.38;Wexford;Bray Wanderers;1.08;1.4;0;1.5;0;1.38;71;71;25;13;13;59;46;46;1.1;1.42;2.52;5539;27;Y;N;N;N;N;N;N
1186836;2061;2052;2021;complete;64610;10;-1;25,42,51,81;;4;0;4;7;4;11;-1;-1;1;6;0;0;6;2;3;4;9;6;-1;-1;51;49;1;6;1.83;3.74;4.1;1.07;1.29;1.79;2.9;5.25;9.75;3.45;1.96;1.38;1.16;1.83;1.91;2.45;1.49;4.5;1.15;1.21;1.25;2.07;2.3;2.3;4.33;2.08;2.72;4.3;0;0;0;1.48;1.8;2.22;0;0;2.5;2;1.62;0;0;0;0;1.5;11;2.63;2.9;6.5;1.33;2.55;6;13;3.24;1.5;1.09;1.02;1.18;1.94;3.5;9;4.3;1.84;1.25;1.05;0;0;0;0;4;2;0;2;0;2;2;2021-05-28 18:45:00;2061;0;55;20;37;0;1;1;5;1;2;3;6;5;0;1;1;5;1;6;1;62;59;90;102;1.44;0.96;2.39;0;0;0;0;0;0;1;1;0;0;0;1;0;0;-1;-1;-1;-1;-1;-1;-1;-1;-1;10;55;68;80;100;33;55;78;45;15.53;0.2;3.53;3.23;Shelbourne;Galway United;2.14;1.71;2.2;1.75;2.33;1.44;90;45;33;20;0;80;80;70;1.58;1.95;3.53;5539;27;Y;Y;Y;Y;N;N;N
1186837;2063;2058;2021;complete;64610;10;-1;;5,62;0;2;2;5;4;9;-1;-1;5;5;0;1;5;8;7;9;12;17;-1;-1;56;44;5;6;1.63;4.1;5;1.07;1.32;1.67;2.55;5.5;9.25;3.3;2.12;1.47;1.15;1.8;1.95;2.3;1.54;5.5;1.11;1.11;1.18;2.76;1.83;2.5;6;1.73;3.05;5.7;0;0;0;1.47;1.88;2.47;0;0;2.5;1.93;1.48;0;0;0;0;1.3;18;3.6;2.7;8;1.27;2.31;4.8;12;3.4;1.6;1.15;1.03;1.17;1.8;3.4;8;4.4;1.99;1.27;1.06;0;0;0;0;2;0;1;0;1;1;1;2021-05-28 18:45:00;2058;0;20;0;25;0;1;1;0;2;5;2;2;7;0;2;5;4;2;9;1;81;48;100;82;1.69;1.97;3.67;0;0;0;0;0;0;1;1;0;1;0;0;0;0;-1;-1;-1;-1;-1;-1;-1;-1;-1;10;20;50;50;100;20;50;80;40;8.05;0;4.2;2.3;Cabinteely;Wexford;0.71;0.5;1.8;0;1.67;0;90;80;50;50;0;70;60;38;1.03;1.16;2.19;5539;27;Y;Y;N;N;N;N;N
1186838;2060;2059;2021;complete;64610;10;-1;5,25;30,54,90;2;3;5;3;8;11;-1;-1;3;0;1;0;4;9;6;3;10;12;-1;-1;48;52;4;0;2.65;3.82;2.38;1.03;1.17;1.57;2.15;3.5;16;4.9;2.25;1.65;1.29;1.47;2.55;4.55;1.15;4;1.19;1.53;1.27;1.5;3;2.3;2.88;2.8;2.76;2.76;0;0;0;1.45;1.84;2.42;0;0;2.71;1.97;1.55;0;0;0;0;1.83;18;2;5.5;4.6;1.25;2.31;5.2;10;3.5;1.6;1.13;1.04;1.13;1.8;3;6;5.1;1.99;1.34;1.11;0;0;0;0;5;2;1;0;2;2;3;2021-05-28 18:45:00;2059;0;63;13;25;0;1;1;3;6;0;2;9;2;2;0;2;0;2;2;1;67;106;127;143;1.41;2.16;3.57;0;0;0;0;0;0;1;1;1;0;0;1;0;0;-1;-1;-1;-1;-1;-1;-1;-1;-1;13;63;100;100;100;50;100;88;75;10;0;3;3.88;Athlone Town;UCD;1.23;1.6;2.25;1.75;1.78;1.78;88;38;0;0;0;75;63;38;2.1;1.69;3.79;5539;27;Y;Y;Y;Y;Y;N;Y
1186839;2062;2049;2021;complete;64610;10;-1;62;;1;0;1;3;7;10;-1;-1;3;1;0;0;2;4;4;11;6;15;-1;-1;54;46;3;1;3.28;3.54;2.12;1.02;1.29;1.81;3.3;5.5;11;3.5;1.94;1.3;1.13;1.74;2.05;4;1.2;2.8;1.38;1.75;1.29;1.32;3.75;2.2;2.6;3.56;2.6;2.43;0;0;0;1.5;1.81;2.25;0;0;2.44;1.98;1.6;0;0;0;0;2.1;10.25;1.8;5.5;3.45;1.36;2.68;5.3;15;3.1;1.46;1.12;1.02;1.2;2.03;3.7;9;4;1.77;1.23;1.05;0;0;0;0;1;0;0;1;0;1;0;2021-05-28 18:45:00;2062;0;38;13;13;0;1;1;2;2;1;5;4;6;1;1;2;0;2;2;1;58;101;121;152;0.95;1.96;2.92;0;0;0;0;0;0;1;1;0;0;0;0;0;0;-1;-1;-1;-1;-1;-1;-1;-1;-1;0;25;50;63;75;25;50;75;50;10.5;0;2.5;2.13;Cobh Ramblers;Cork City;1.08;0.92;0.25;0.5;0.56;1;100;75;50;38;25;75;63;50;1.36;1.17;2.53;5539;27;Y;N;N;N;N;N;N
1186840;2048;2061;2021;complete;64610;11;-1;16;11,39,64,87;1;4;5;7;1;8;1;0;4;0;0;0;4;7;7;9;11;16;17;5;52;48;4;0;3.08;3.5;2;1.11;1.43;1.73;2.9;7.25;6.75;2.7;1.99;1.38;1.1;1.95;1.8;3.95;1.2;2.9;1.35;1.66;1.28;1.19;3.86;2.25;2.69;3.3;2.5;2.4;0;0;0;1.45;1.83;2.43;0;0;2.54;1.96;1.5;0;0;0;0;2.2;12;1.78;5.25;3.6;1.35;2.61;5;13;3.14;1.48;1.13;1.02;1.18;1.99;3.5;9;4.3;1.74;1.25;1.05;0;0;0;0;5;1;2;0;2;2;3;2021-06-11 18:30:00;2061;0;50;25;13;0;1;1;2;0;5;1;2;6;1;0;3;0;1;3;1;57;48;150;129;1.41;1.86;3.26;1;2;1;2;0;0;1;1;0;0;1;0;1;0;-1;-1;-1;-1;-1;-1;-1;-1;-1;0;25;63;63;63;50;63;50;38;13;0;4;2.13;Bray Wanderers;Shelbourne;1.33;2.08;1.25;2.5;1.4;2.4;100;75;38;38;38;75;63;50;1.76;1.53;3.29;5539;27;Y;Y;Y;Y;Y;N;Y
1186841;2059;2062;2021;complete;64610;11;-1;65;50,52;1;2;3;5;3;8;-1;-1;-1;-1;-1;-1;2;4;4;3;6;7;-1;-1;61;39;-1;-1;1.5;4.15;4.94;1.03;1.17;1.44;1.6;3.45;17;4.9;2.59;2.3;1.29;1.65;2.15;2.8;1.38;6.25;1.08;1.12;1.23;1.96;2.08;2.66;4.98;1.83;2.9;4.33;0;0;0;1.44;1.82;2.4;0;0;2.74;1.99;1.56;0;0;0;0;1.48;15;2.8;3.1;8;1.25;2.25;4.5;10;3.6;1.64;1.17;1.04;1.12;1.68;2.8;6.5;5.3;2.08;1.38;1.1;0;0;0;0;3;0;0;1;2;3;0;2021-06-11 18:45:00;2062;0;70;20;30;0;1;-1;4;1;1;2;5;3;-1;-1;-1;-1;-1;-1;1;68;47;136;92;1.03;1.07;2.1;1;0;1;0;0;0;1;1;0;0;1;0;-1;-1;-1;-1;-1;-1;-1;-1;-1;-1;-1;20;30;60;70;80;40;70;80;50;10.6;0;2.65;2.6;UCD;Cobh Ramblers;1.87;1;1.8;0.8;1.9;0.8;80;70;40;30;20;70;60;50;1.38;1.34;2.72;5539;27;Y;Y;Y;N;N;N;Y
1186842;2052;2060;2021;complete;64610;11;-1;75,90;24;2;1;3;9;7;16;-1;-1;2;2;0;0;8;5;4;5;12;10;-1;-1;50;50;2;2;1.85;3.6;3.43;1.05;1.25;1.67;2.8;4.45;12;3.95;2.07;1.4;1.2;1.71;2.1;2.8;1.38;4.3;1.17;1.24;1.28;1.58;2.59;2.38;4.19;2.2;2.6;3.6;0;0;0;1.44;1.76;2.17;2.63;0;2.6;2.06;1.68;1.43;0;0;0;1.67;12;2.4;3.35;5.75;1.34;2.67;5.5;12;3.36;1.5;1.11;1.03;1.17;1.94;3.4;8;4.4;1.79;1.27;1.06;0;0;0;0;3;0;1;2;0;2;1;2021-06-11 18:45:00;2052;0;50;30;20;0;1;1;2;6;7;1;8;8;0;0;2;2;0;4;1;99;80;126;130;2.03;1.57;3.6;1;0;1;0;0;0;1;1;0;0;0;2;0;0;-1;-1;-1;-1;-1;-1;-1;-1;-1;0;20;40;50;90;30;60;70;20;12.6;0;5.7;2;Galway United;Athlone Town;1.87;1.21;1.2;1.4;1.3;1.6;100;80;60;50;10;90;60;50;1.89;1.4;3.29;5539;27;Y;Y;Y;N;N;N;Y
1186843;2049;2063;2021;complete;64610;11;-1;;37,90;0;2;2;4;1;5;-1;-1;3;3;0;0;2;4;4;2;6;6;-1;-1;58;42;3;3;1.72;3.65;3.93;1.07;1.33;1.75;3;6;9;3.2;1.96;1.36;1.14;1.87;1.87;2.5;1.47;4.4;1.17;1.24;1.28;1.58;2.44;2.34;4.58;2.1;2.55;4;0;0;0;1.43;1.71;2.1;2.6;0;2.63;2.09;1.71;1.44;0;0;0;1.65;11;2.5;3;6.25;1.38;2.8;5.1;13;2.87;1.4;1.13;1.02;1.19;1.99;3.6;9;4.2;1.74;1.25;1.05;0;0;0;0;2;0;1;0;1;1;1;2021-06-11 18:45:00;2063;0;68;10;58;0;1;1;2;1;2;0;3;2;1;1;2;2;2;4;1;124;89;155;115;1.43;1.31;2.74;0;0;0;0;0;0;1;1;0;0;0;0;0;0;-1;-1;-1;-1;-1;-1;-1;-1;-1;23;33;80;90;100;45;80;100;78;11.2;0;4.35;3.25;Cork City;Cabinteely;1.5;1.15;1.4;1.5;0.9;1.5;78;68;20;10;0;78;58;48;1.56;1.27;2.83;5539;27;Y;Y;N;N;N;N;N
1186844;2048;2059;2021;complete;64610;12;-1;6,54,63,90;;4;0;4;0;8;8;1;0;1;1;0;0;5;2;3;3;8;5;12;8;45;55;1;1;2.07;3.3;2.9;1.06;1.28;1.7;2.95;4.85;10;3.6;2;1.38;1.18;1.65;2.15;3.05;1.32;3.85;1.21;1.37;1.29;1.67;2.76;2.25;3.65;2.53;2.61;3.3;0;0;0;1.49;1.91;2.54;3.28;0;2.45;1.9;1.45;1.29;1.53;8;3.36;1.85;10.75;2.24;3.85;5;1.36;2.55;5.5;14;2.95;1.45;1.14;1.04;1.18;1.94;3.5;8;4.3;1.79;1.26;1.06;0;0;0;0;4;1;0;3;0;3;1;2021-06-18 18:30:00;2048;0;50;40;10;0;1;1;0;1;0;7;1;7;0;0;1;1;0;2;1;58;57;118;117;1.29;0.88;2.17;1;0;1;0;0;0;1;1;1;0;0;0;0;0;-1;-1;-1;-1;-1;-1;-1;-1;-1;30;60;80;80;80;70;80;60;50;11.8;0;3.2;3.4;Bray Wanderers;UCD;1.33;1.6;1;2;1.27;1.73;70;40;20;20;20;70;60;40;1.69;1.78;3.47;5539;30;Y;Y;Y;Y;N;N;N
1186845;2052;2063;2021;complete;64610;12;-1;37;;1;0;1;9;3;12;-1;-1;0;2;0;0;5;2;10;4;15;6;-1;-1;55;45;0;2;1.4;4.2;5.6;1.05;1.24;1.6;2.65;4.15;13;4;2.2;1.45;1.22;1.77;2;2.15;1.62;6.25;1.08;1.11;1.19;2.69;1.95;2.47;6.1;1.76;2.94;5.75;0;0;0;1.43;1.72;2.11;2.63;0;2.63;2.09;1.7;1.43;0;0;0;1.43;12;3.36;2.4;8.75;1.34;2.45;5.25;14;3;1.5;1.15;1.04;1.15;1.87;3.2;8;4.7;1.87;1.3;1.06;0;0;0;0;1;1;0;0;0;0;1;2021-06-18 18:45:00;2052;0;64;9;39;0;1;1;7;2;2;1;9;3;0;1;0;1;1;1;1;67;35;103;100;1.78;0.79;2.57;0;0;0;0;0;0;1;1;0;0;1;1;0;0;-1;-1;-1;-1;-1;-1;-1;-1;-1;10;19;65;84;92;29;84;92;47;12.33;0;5;2.69;Galway United;Cabinteely;1.87;1.15;1.5;1.8;1.45;1.64;90;82;35;17;9;80;64;64;1.91;1.28;3.19;5539;27;Y;N;N;N;N;N;N
1186846;2060;2049;2021;complete;64610;12;-1;;44,89;0;2;2;6;3;9;-1;-1;2;2;0;0;7;7;5;10;12;17;-1;-1;51;49;2;2;2.29;3.4;2.5;1.08;1.33;1.8;3.1;5.75;8.75;3.25;1.91;1.33;1.14;1.77;2;3.1;1.31;3.35;1.22;1.42;1.3;1.57;2.96;2.2;3.46;2.69;2.55;3.16;0;0;0;1.45;1.83;2.42;0;0;2.54;1.96;1.51;0;0;0;0;1.95;10;2.14;3.95;4.6;1.38;2.6;6;16;2.85;1.44;1.12;1.03;1.2;2.04;4.25;9;4;1.71;1.19;1.05;0;0;0;0;2;0;1;0;1;1;1;2021-06-18 18:45:00;2049;0;50;20;10;0;1;1;2;0;4;3;2;7;1;0;1;2;1;3;1;59;59;152;124;1.69;1.99;3.69;0;0;0;0;0;0;1;1;0;0;0;0;0;0;-1;-1;-1;-1;-1;-1;-1;-1;-1;10;20;60;60;80;30;60;80;40;12.2;0;3.2;2.3;Athlone Town;Cork City;1.23;0.92;1.8;0.4;1.45;0.82;90;80;40;40;20;80;80;50;1.96;1.33;3.29;5539;27;Y;Y;N;N;N;N;N
1186847;2058;2061;2021;complete;64610;12;-1;;32;0;1;1;6;9;15;-1;-1;3;0;0;0;0;6;5;3;5;9;-1;-1;49;51;3;0;8.2;4.9;1.25;1.04;1.2;1.57;2.5;4.25;14;4.5;2.25;1.52;1.22;2.2;1.62;6.5;1.03;1.83;1.87;3.62;1.14;1.04;8.1;2.65;1.72;7.8;3.24;1.55;0;0;0;1.48;1.88;2.52;0;0;2.47;1.92;1.46;0;0;0;0;4.25;17.25;1.27;10.75;2;1.33;2.34;5;13;3.1;1.54;1.15;1.04;1.15;1.79;3.1;7.5;4.7;1.94;1.32;1.07;0;0;0;0;1;0;1;0;0;0;1;2021-06-18 18:45:00;2061;0;70;30;20;0;1;1;3;9;3;0;12;3;1;0;2;0;1;2;1;52;63;92;103;0.7;1.45;2.15;0;1;0;1;0;0;1;1;0;0;2;2;0;0;-1;-1;-1;-1;-1;-1;-1;-1;-1;20;40;80;80;90;60;90;70;60;9.4;0;3.6;3.2;Wexford;Shelbourne;1.08;2.08;0;2.6;0.27;2.45;80;60;20;20;10;60;50;50;1.1;1.6;2.7;5539;27;Y;N;N;N;N;N;N
1186848;2061;2049;2021;complete;64610;13;-1;36,56;49;2;1;3;8;7;15;-1;-1;0;3;0;0;7;4;10;6;17;10;-1;-1;56;44;0;3;1.63;3.5;5.5;1.1;1.33;1.95;3.65;7;7.5;3.1;1.75;1.27;1.1;2.2;1.62;1.95;1.67;4.65;1.15;1.08;1.18;2.24;2.2;2.2;6.05;2;2.58;5.3;0;0;0;1.55;1.88;2.36;3.28;0;2.43;1.93;1.58;1.29;1.34;8;4.72;1.45;9;3;2.4;7.5;1.43;2.95;6;21;2.78;1.39;1.09;1.02;1.25;2.23;4.2;11;3.6;1.64;1.18;1.03;0;0;0;0;3;1;0;1;1;2;1;2021-06-25 18:45:00;2061;0;34;25;17;0;1;1;6;2;2;5;8;7;0;1;0;2;1;2;1;82;61;129;115;2.16;1.36;3.52;0;0;0;0;0;0;1;1;0;0;3;0;0;1;-1;-1;-1;-1;-1;-1;-1;-1;-1;9;34;42;50;84;34;50;75;25;12.33;0;2.5;2.25;Shelbourne;Cork City;2.14;0.92;2.33;0.83;2.5;1;92;67;58;50;17;75;67;42;1.56;1.44;3;5539;27;Y;Y;Y;N;N;N;Y
1186849;2063;2059;2021;complete;64610;13;-1;90;57,89;1;2;3;6;2;8;-1;-1;2;2;0;0;4;3;3;2;7;5;-1;-1;46;54;2;2;3.1;4;1.95;1.03;1.17;1.47;2.15;3.4;16;4.95;2.5;1.66;1.3;1.54;2.4;4.9;1.12;3.5;1.25;1.49;1.27;1.31;3.62;2.49;2.51;3.36;2.91;2.3;0;0;0;1.55;1.89;2.37;3.2;0;2.33;1.92;1.53;1.3;3.18;7.5;1.59;2.1;22;1.65;6.5;4;1.22;2.14;4;10;3.8;1.69;1.2;1.04;1.12;1.68;2.8;6;5.3;2.16;1.38;1.11;0;0;0;0;3;0;0;1;2;3;0;2021-06-25 18:45:00;2059;0;42;17;29;0;1;1;3;1;3;1;4;4;1;0;1;2;1;3;1;115;112;131;158;1.56;1.35;2.91;0;0;0;0;0;0;1;1;0;0;0;0;0;0;-1;-1;-1;-1;-1;-1;-1;-1;-1;17;59;75;84;100;42;75;83;58;10.37;0;4.57;3.42;Cabinteely;UCD;0.71;1.6;1.5;1.67;1.5;1.58;84;42;25;17;0;84;65;47;1.17;1.63;2.8;5539;27;Y;Y;Y;N;N;N;Y
1186850;2060;2048;2021;complete;64610;13;-1;;;0;0;0;4;5;9;2;2;1;0;0;1;3;4;7;8;10;12;10;7;44;56;1;2;3.1;3.6;2.1;1.05;1.22;1.67;2.75;4.25;13;4.15;2.1;1.42;1.22;1.61;2.25;4.05;1.17;3;1.3;1.46;1.27;1.35;3.76;2.29;2.69;3.38;2.66;2.47;0;0;0;1.52;1.84;2.31;3.1;0;2.39;1.96;1.56;1.32;3.46;7.5;1.53;2.1;15;1.7;5.75;3.7;1.33;2.52;4.7;13;3.26;1.51;1.15;1.02;1.16;1.93;3.3;8;4.6;1.85;1.28;1.06;0;0;0;0;0;0;0;0;0;0;0;2021-06-25 18:45:00;-1;0;59;25;25;0;1;1;1;2;3;3;3;6;1;1;0;0;2;0;1;60;65;125;154;1.29;1.53;2.81;0;0;0;0;0;0;1;1;0;0;0;0;0;0;-1;-1;-1;-1;-1;-1;-1;-1;-1;17;25;58;84;92;33;75;84;59;11;0;3.83;2.83;Athlone Town;Bray Wanderers;1.23;1.4;1.5;1.5;1.33;1.42;83;75;42;17;9;67;50;42;1.92;1.52;3.44;5539;27;N;N;N;N;N;N;N
1186851;2062;2058;2021;complete;64610;13;-1;47,61,76;43,90;3;2;5;9;3;12;-1;-1;4;3;0;0;4;4;3;2;7;6;-1;-1;48;52;4;3;1.67;3.5;4.4;1.09;1.35;1.73;3;6.25;8.25;3.1;2;1.36;1.12;1.91;1.87;2.4;1.51;4.6;1.15;1.19;1.25;2.1;2.31;2.29;5.05;2.08;2.68;4.52;0;0;0;1.44;1.83;2.41;3.1;0;2.7;1.97;1.54;1.32;1.49;7.5;3.66;1.53;9;2.7;2.85;6.75;1.36;2.64;5;13;3.1;1.47;1.14;1.02;1.18;2.01;3.5;9;4.3;1.78;1.26;1.05;0;0;0;0;5;0;1;3;1;4;1;2021-06-26 18:00:00;2062;0;17;0;9;0;1;1;4;2;5;1;6;6;0;1;4;2;1;6;1;65;59;85;86;1.19;1.09;2.29;0;0;0;0;0;0;1;1;0;0;0;1;0;0;-1;-1;-1;-1;-1;-1;-1;-1;-1;9;25;42;67;100;17;59;92;58;6.67;0;3.5;2.42;Cobh Ramblers;Wexford;1.08;0.5;0.67;0.5;0.92;0.25;92;75;59;34;0;59;34;17;1.26;1.29;2.55;5539;27;Y;Y;Y;Y;Y;N;Y
1186852;2048;2062;2021;complete;64610;14;-1;44,59;32;2;1;3;5;3;8;1;1;3;2;0;0;3;2;2;1;5;3;16;13;57;43;3;2;1.42;4.2;5.7;1.07;1.29;2.1;3;5.25;9.75;3.5;1.7;1.36;1.16;2;1.77;2;1.74;5.75;1.1;1.13;1.19;2.01;2.1;2.25;5.5;1.91;2.6;5;0;0;0;1.5;1.8;2.25;3.1;0;2.4;1.91;1.57;1.32;1.29;8.5;5.3;1.4;10.25;3.4;2.25;8.5;1.4;2.75;8;21;2.75;1.4;1.08;1.02;1.22;2.1;4.5;13;4;1.67;1.18;1.04;0;0;0;0;3;1;1;1;0;1;2;2021-07-02 18:30:00;2048;0;58;17;17;0;1;1;3;2;2;1;5;3;1;0;2;2;1;4;1;65;51;105;95;1.01;0.71;1.72;0;0;0;0;0;0;1;1;0;0;0;1;0;0;-1;-1;-1;-1;-1;-1;-1;-1;-1;9;17;67;75;84;34;67;75;42;11.33;0;3.23;2.5;Bray Wanderers;Cobh Ramblers;1.33;1;1.33;1.17;1.38;1.08;92;84;33;25;17;67;59;42;1.62;1.3;2.92;5539;27;Y;Y;Y;N;N;N;Y
1186853;2059;2052;2021;complete;64610;14;-1;;30,49;0;2;2;3;1;4;-1;-1;4;2;0;0;0;5;5;4;5;9;-1;-1;59;41;4;2;2.25;3.6;2.75;1.06;1.26;2.1;2.8;4.7;11;3.75;1.7;1.4;1.19;1.65;2.15;3.25;1.29;3.65;1.24;1.38;1.26;1.43;3;2.2;3.2;2.75;2.55;3.05;0;0;0;1.44;1.83;2.4;3.1;0;2.71;1.97;1.55;1.33;2.25;7;2.03;1.83;10.75;2.1;4.05;4.65;1.35;2.5;5.8;13;3;1.45;1.1;1.02;1.2;1.95;4.1;8;4.1;1.75;1.2;1.06;0;0;0;0;2;0;1;0;1;1;1;2021-07-02 18:45:00;2052;0;50;17;35;0;1;1;1;1;2;0;2;2;1;1;3;1;2;4;1;64;49;135;102;0.8;1.28;2.08;0;0;0;0;0;0;1;1;0;0;0;0;0;0;-1;-1;-1;-1;-1;-1;-1;-1;-1;17;50;67;75;84;42;50;75;59;11.63;0;4.05;2.92;UCD;Galway United;1.87;1.71;1.5;1.67;1.69;1.69;84;50;33;25;17;57;57;57;1.32;1.64;2.96;5539;29;Y;Y;N;N;N;N;N
1186854;2061;2063;2021;complete;64610;14;-1;90;;1;0;1;4;7;11;-1;-1;3;1;0;0;5;3;7;6;12;9;-1;-1;63;37;3;1;1.2;6.25;10.75;1.03;1.21;2.3;2.45;4.25;15;4.35;1.6;1.52;1.22;2.2;1.65;1.74;1.95;8.25;1.04;1.06;1.14;2.53;1.73;2.5;8;1.65;3;7.4;0;0;0;1.54;1.66;1.99;2.53;0;2.41;2.18;1.81;1.5;1.22;10;6.45;1.22;18;4.5;1.87;11;1.25;2.2;4.9;11;3.44;1.6;1.14;1.03;1.16;1.75;3.5;7.5;4.5;1.95;1.25;1.07;0;0;0;0;1;0;0;1;0;1;0;2021-07-02 18:45:00;2061;0;54;15;47;0;1;1;1;3;3;4;4;7;1;1;2;0;2;2;1;86;55;165;111;1.75;1.19;2.93;0;0;0;0;0;0;1;1;0;0;0;2;0;1;-1;-1;-1;-1;-1;-1;-1;-1;-1;16;37;69;77;100;38;86;85;54;11.24;0;3;3.06;Shelbourne;Cabinteely;2.14;1.15;2.43;1.5;2.54;1.38;85;63;31;23;0;69;69;62;1.64;1.19;2.83;5539;27;Y;N;N;N;N;N;N
1186855;2058;2060;2021;complete;64610;14;-1;29,48,74,79;63,76,86,89;4;4;8;4;9;13;-1;-1;1;3;0;0;6;7;9;12;15;19;-1;-1;47;53;1;3;3.2;3.5;1.92;1.06;1.29;2;2.8;4.85;10.25;3.55;1.78;1.4;1.18;1.74;2.05;4.2;1.18;2.75;1.39;1.62;1.25;1.24;4;2.2;2.5;3.78;2.7;2.27;0;0;0;1.51;1.83;2.28;3.25;0;2.5;1.96;1.6;1.3;3.3;8;1.55;2.2;10.75;1.73;5.75;3.3;1.35;2.65;6.1;13;2.95;1.42;1.09;1.02;1.18;1.95;4.04;8;4.3;1.75;1.2;1.06;0;0;0;0;8;1;0;3;4;7;1;2021-07-02 19:00:00;-1;0;50;25;17;0;1;1;4;3;0;6;7;6;1;1;0;2;2;2;1;64;91;85;107;1.82;2.34;4.16;1;0;1;0;0;0;1;1;0;0;0;1;0;0;-1;-1;-1;-1;-1;-1;-1;-1;-1;9;17;59;59;100;42;84;59;33;10.66;0;4.23;2.5;Wexford;Athlone Town;1.08;1.21;0;1.17;0.23;1.31;92;83;42;42;0;75;67;59;1.03;1.43;2.46;5539;27;Y;Y;Y;Y;Y;Y;Y
1186856;2059;2058;2021;complete;64610;15;-1;25,90;8;2;1;3;5;2;7;-1;-1;-1;-1;-1;-1;6;2;4;5;10;7;-1;-1;58;42;-1;-1;1.28;5.85;9.4;1.03;1.16;1.45;2.1;3.45;17;5.25;2.56;1.67;1.3;1.74;2;2.05;1.69;8;1.04;1.02;1.12;3;1.74;2.8;7.25;1.52;3.27;6.8;0;0;0;0;0;0;0;0;0;0;0;0;0;0;0;1.3;23;3.38;2.2;10.25;1.25;2.11;4.4;9;3.6;1.67;1.17;1.05;1.15;1.67;3.05;7;4.8;2.09;1.33;1.08;0;0;0;0;3;1;1;1;0;1;2;2021-07-09 18:45:00;2059;0;36;15;29;0;1;-1;4;1;1;1;5;2;-1;-1;-1;-1;-1;-1;1;85;48;147;122;1.68;0.95;2.63;1;0;1;0;0;0;1;1;0;1;0;0;-1;-1;-1;-1;-1;-1;-1;-1;-1;-1;-1;29;36;50;64;86;29;64;79;50;7.57;0;3.94;2.64;UCD;Wexford;1.87;0.5;1.29;0.43;1.57;0.29;71;64;50;36;15;43;29;22;1.24;1.27;2.51;5539;27;Y;Y;Y;N;N;N;Y
1186857;2052;2062;2021;complete;64610;15;-1;13,52;;2;0;2;8;3;11;-1;-1;1;4;0;0;4;3;4;3;8;6;-1;-1;58;42;1;4;1.45;4.62;6.55;1.05;1.25;1.6;2.65;4.4;13;3.9;2.2;1.45;1.2;1.83;1.91;2.15;1.62;6.25;1.08;1.08;1.17;2.42;1.85;2.55;5.5;1.75;2.85;5;0;0;0;0;0;0;0;0;0;0;0;0;0;0;0;1.38;11;3.1;2.4;8.5;1.33;2.36;5.25;14;3.1;1.54;1.15;1.03;1.15;1.89;3.2;8;4.7;1.84;1.3;1.06;0;0;0;0;2;1;0;1;0;1;1;2021-07-09 18:45:00;2052;0;72;14;22;0;1;1;1;0;7;3;1;10;0;3;1;1;3;2;1;98;43;158;129;1.51;0.92;2.43;1;0;1;0;0;0;1;1;0;0;0;0;0;0;-1;-1;-1;-1;-1;-1;-1;-1;-1;0;7;57;72;93;22;71;86;36;12.57;0;4.07;2.29;Galway United;Cobh Ramblers;1.87;1;1.71;1;1.79;1;100;93;43;29;7;86;64;57;1.9;1.21;3.11;5539;27;Y;Y;N;N;N;N;N
1186858;2049;2048;2021;complete;64610;15;-1;5,55;84,90;2;2;4;7;2;9;-1;-1;1;3;0;0;12;6;3;2;15;8;-1;-1;49;51;1;3;2.76;3.4;2.48;1.08;1.3;1.95;3.25;6;8.25;3.3;1.83;1.33;1.13;1.83;1.95;3.25;1.3;2.85;1.36;1.43;1.28;1.35;3.5;2.15;3.2;2.95;2.49;2.71;0;0;0;0;0;0;0;0;0;0;0;0;0;0;0;2.02;11;1.9;4.55;3.85;1.4;2.75;7.2;15;2.75;1.4;1.06;1.02;1.2;2.14;4.5;10;4.04;1.64;1.16;1.04;0;0;0;0;4;1;0;1;2;3;1;2021-07-09 18:45:00;-1;0;50;29;29;0;1;1;5;2;2;0;7;2;1;0;0;3;1;3;1;77;56;113;111;2.34;1.34;3.68;0;0;0;0;0;0;1;1;1;0;0;0;0;0;-1;-1;-1;-1;-1;-1;-1;-1;-1;22;29;43;72;86;36;57;79;57;10.43;0;4.43;2.57;Cork City;Bray Wanderers;1.5;1.4;1;1.43;0.86;1.5;79;72;57;29;15;57;29;22;1.67;1.52;3.19;5539;27;Y;Y;Y;Y;N;N;Y
1186859;2063;2060;2021;complete;64610;15;-1;;19;0;1;1;7;5;12;3;5;2;3;0;0;5;5;9;7;14;12;15;9;49;51;2;3;2.46;3.17;2.97;1.07;1.28;1.73;2.65;4.65;9.75;3.6;2;1.45;1.19;1.61;2.25;3.5;1.25;3.95;1.2;1.28;1.27;1.57;2.8;2.35;3.55;2.48;2.61;3.08;0;0;0;0;0;0;0;0;0;0;0;0;0;0;0;1.79;14.5;2.08;4.5;5.5;1.32;2.4;5.4;12;3.1;1.5;1.12;1.03;1.17;1.83;3.7;7.5;4.4;1.9;1.25;1.07;0;0;0;0;1;0;1;0;0;0;1;2021-07-09 18:45:00;2060;0;50;15;40;0;1;1;3;4;4;1;7;5;0;0;2;3;0;5;1;45;42;78;80;1.56;1.41;2.97;0;0;0;0;0;0;1;1;0;0;0;2;0;0;-1;-1;-1;-1;-1;-1;-1;-1;-1;7;22;57;64;100;22;57;79;43;11.62;0;5.67;2.72;Cabinteely;Athlone Town;0.71;1.21;1.29;1.14;1.29;1.29;93;79;43;36;0;85;69;54;1.23;1.56;2.79;5539;27;Y;N;N;N;N;N;N
1186860;2048;2052;2021;complete;64610;16;-1;;;0;0;0;4;10;14;2;2;3;2;0;0;0;4;7;10;7;14;12;12;51;49;3;2;2.15;3.35;3.25;1.09;1.38;2.05;3.4;6.5;7.75;2.95;1.74;1.3;1.12;1.91;1.87;2.95;1.34;3.5;1.25;1.33;1.25;1.5;2.88;2.2;3.4;2.6;2.45;3;0;0;0;1.54;1.88;2.35;3.2;0;2.35;1.93;1.54;1.3;1.9;7;2.43;1.8;8.25;2.2;3.9;4.85;1.4;2.75;7;21;2.75;1.4;1.1;1.02;1.21;2.08;3.8;9;3.9;1.68;1.22;1.05;0;0;0;0;0;0;0;0;0;0;0;2021-07-16 18:30:00;-1;0;36;22;9;0;1;1;1;7;3;3;8;6;0;0;3;2;0;5;1;69;81;100;97;0.95;1.74;2.69;0;0;0;0;0;0;1;1;0;0;0;2;0;0;-1;-1;-1;-1;-1;-1;-1;-1;-1;7;36;64;79;86;43;64;72;36;11.69;0;4.67;2.72;Bray Wanderers;Galway United;1.33;1.71;1.57;1.86;1.47;1.87;93;64;36;22;15;55;55;48;1.53;1.58;3.11;5539;29;N;N;N;N;N;N;N
1186861;2060;2061;2021;complete;64610;16;-1;5;23,45,88;1;3;4;3;10;13;-1;-1;3;0;0;0;2;7;2;7;4;14;-1;-1;48;52;3;0;5.25;4.45;1.53;1.04;1.21;1.57;2.4;4.05;13;4.3;2.35;1.56;1.24;1.74;2.05;5.5;1.11;2.45;1.48;2.2;1.18;1.15;4.5;2.38;2.2;4.33;2.7;1.91;0;0;0;1.44;1.8;2.23;3.05;0;2.6;2;1.61;1.33;3.8;8;1.46;2.88;10.75;1.44;7.5;2.85;1.3;2.38;5.5;15;3.4;1.53;1.14;1.03;1.15;1.83;3.1;7.5;4.7;1.9;1.31;1.07;0;0;0;0;4;1;2;0;1;1;3;2021-07-16 18:45:00;2061;0;64;22;22;0;1;1;1;5;2;5;6;7;1;0;2;0;1;2;1;30;64;121;120;0.63;1.84;2.48;0;0;0;0;0;0;1;1;1;0;1;0;0;0;-1;-1;-1;-1;-1;-1;-1;-1;-1;14;36;64;79;86;36;79;79;64;10.86;0;3.43;2.79;Athlone Town;Shelbourne;1.23;2.08;1.43;2.43;1.4;2.47;86;64;36;22;14;72;50;43;1.83;1.59;3.42;5539;27;Y;Y;Y;Y;N;N;Y
1186862;2058;2049;2021;complete;64610;16;-1;;;0;0;0;6;7;13;-1;-1;2;1;0;1;4;2;5;5;9;7;-1;-1;65;35;2;2;5.25;3.85;1.61;1.08;1.36;2;3.45;6.5;8.25;3.05;1.8;1.3;1.12;2.1;1.71;4.4;1.17;2.35;1.53;1.95;1.22;1.17;4.75;2.25;2.25;4.33;2.5;2;0;0;0;1.42;1.76;2.2;2.95;0;2.65;2.04;1.63;1.35;5.3;8.5;1.29;2.88;8.75;1.5;6.5;2.8;1.36;2.63;6.5;19;3;1.44;1.11;1.02;1.21;2.09;3.8;9;3.9;1.67;1.22;1.05;0;0;0;0;0;0;0;0;0;0;0;2021-07-16 18:45:00;-1;0;43;14;22;0;1;1;2;5;4;2;7;6;1;2;1;0;3;1;1;77;45;83;48;1.4;0.9;2.31;0;0;0;0;0;0;1;1;0;0;0;3;1;0;-1;-1;-1;-1;-1;-1;-1;-1;-1;15;15;50;57;86;29;72;64;29;10.85;0;3.28;2.5;Wexford;Cork City;1.08;0.92;0.14;0.71;0.27;0.87;86;86;50;43;15;79;71;57;1.15;1.43;2.58;5539;27;N;N;N;N;N;N;N
1186863;2062;2063;2021;complete;64610;16;-1;87;;1;0;1;6;7;13;-1;-1;4;1;0;0;6;0;2;5;8;5;-1;-1;51;49;4;1;2.4;3.45;2.8;1.07;1.29;1.8;2.8;5;9.75;3.5;2;1.42;1.17;1.67;2.15;3.15;1.3;3.6;1.24;1.4;1.29;1.61;2.75;2.15;3.3;2.59;2.6;3.22;0;0;0;1.42;1.75;2.3;2.95;0;2.65;2.04;1.59;1.35;1.72;7.5;2.79;1.9;10.5;2.18;3.95;4.65;1.36;2.61;5.1;13;3.1;1.48;1.13;1.02;1.19;2;3.6;8;4.2;1.79;1.25;1.06;0;0;0;0;1;0;0;1;0;1;0;2021-07-17 18:00:00;2062;0;43;0;36;0;1;1;1;3;5;4;4;9;1;0;3;1;1;4;1;42;41;108;94;1.24;0.63;1.87;0;0;0;0;0;0;1;1;0;0;0;0;0;0;-1;-1;-1;-1;-1;-1;-1;-1;-1;14;29;57;79;100;22;72;93;65;9.43;0;3.72;2.79;Cobh Ramblers;Cabinteely;1.08;1.15;1;1.29;0.93;1.2;86;72;43;22;0;71;64;57;1.25;1.19;2.44;5539;27;Y;N;N;N;N;N;N
1186864;2049;2059;2021;complete;64610;17;-1;49;60;1;1;2;3;5;8;-1;-1;3;0;0;0;4;4;6;8;10;12;-1;-1;55;45;3;0;2.35;3.5;2.75;1.06;1.26;1.74;2.7;4.65;10.5;3.75;2.05;1.44;1.19;1.62;2.2;3.05;1.32;3.6;1.24;1.4;1.25;1.55;3.1;2.1;3.25;2.56;2.63;2.94;0;0;0;0;0;0;0;0;0;0;0;0;0;0;0;1.83;14;2.1;3.85;4.75;1.36;2.76;5.8;13;3.18;1.45;1.1;1.02;1.23;2.1;4.1;8;3.7;1.66;1.2;1.06;0;0;0;0;2;0;0;1;1;2;0;2021-07-30 18:45:00;-1;0;63;25;38;0;1;1;0;2;3;3;2;6;1;0;2;0;1;2;1;77;69;107;108;1.47;1.54;3.01;0;0;0;0;0;0;1;1;0;0;0;0;0;0;-1;-1;-1;-1;-1;-1;-1;-1;-1;25;63;82;94;100;44;82;94;82;10.01;0;3.63;3.69;Cork City;UCD;1.5;1.6;1;1.63;0.88;1.56;75;38;19;7;0;63;38;26;1.75;1.54;3.29;5539;27;Y;Y;N;N;N;N;Y
1186865;2063;2048;2021;complete;64610;17;-1;;30,61,86;0;3;3;6;8;14;1;3;3;1;0;0;3;8;8;16;11;24;13;11;47;53;3;1;5.25;3.8;1.62;1.07;1.32;1.91;3.15;6;9;3.3;1.87;1.34;1.13;1.95;1.83;4.6;1.15;2.3;1.54;2;1.25;1.16;4.33;2.1;2.4;4.37;2.63;2;0;0;0;0;0;0;0;0;0;0;0;0;0;0;0;2.38;12.25;1.67;6.75;2.8;1.37;2.84;5.8;15;3.09;1.43;1.1;1.02;1.23;2.1;4.1;9;3.7;1.66;1.2;1.05;0;0;0;0;3;0;1;0;2;2;1;2021-07-30 18:45:00;2048;0;44;13;41;0;1;1;1;3;5;5;4;10;1;1;2;0;2;2;1;50;64;138;128;1.28;2.53;3.82;0;0;0;0;0;0;1;1;0;0;0;2;0;0;-1;-1;-1;-1;-1;-1;-1;-1;-1;7;19;44;63;88;19;50;69;44;10.45;0;5;2.25;Cabinteely;Bray Wanderers;0.71;1.4;1.13;1.38;1.13;1.44;94;82;57;38;13;75;48;41;1.28;1.5;2.78;5539;27;Y;Y;Y;N;N;N;N
1186866;2061;2062;2021;complete;64610;17;-1;10,45;29,63;2;2;4;5;3;8;-1;-1;1;2;0;0;4;3;7;1;11;4;-1;-1;55;45;1;2;1.2;6.5;12;1.04;1.22;1.61;2.55;4.6;14;4.15;2.25;1.49;1.19;2.35;1.56;1.62;2.15;6.75;1.06;1.04;1.11;3.4;1.73;2.38;9;1.53;3.03;8.05;0;0;0;0;0;0;0;0;0;0;0;0;0;0;0;1.18;14.5;6;1.77;10.5;1.33;2.66;4.8;13;3.32;1.48;1.15;1.02;1.17;1.85;3.3;9;4.4;1.85;1.28;1.05;0;0;0;0;4;2;1;0;1;1;3;2021-07-30 18:45:00;-1;0;63;19;32;0;1;1;1;1;4;2;2;6;0;1;1;1;1;2;1;80;53;108;105;1.55;0.86;2.41;0;0;0;0;0;0;1;1;1;0;0;0;0;0;-1;-1;-1;-1;-1;-1;-1;-1;-1;7;25;63;76;100;32;69;94;44;11;0;3.11;2.75;Shelbourne;Cobh Ramblers;2.14;1;2.5;0.88;2.5;1.06;94;75;38;26;0;75;69;57;1.65;1.18;2.83;5539;27;Y;Y;Y;Y;N;N;Y
1186867;2058;2052;2021;complete;64610;17;-1;45;55,64,79;1;3;4;2;5;7;0;2;1;0;0;0;6;10;6;11;12;21;9;13;51;49;1;0;6.75;4.15;1.45;1.08;1.34;1.95;3.35;6.5;8.5;3.15;1.8;1.31;1.12;2.2;1.62;4.9;1.13;1.91;1.8;2.5;1.2;1.08;6.5;2.1;2;5.55;2.68;1.79;0;0;0;0;0;0;0;0;0;0;0;0;0;0;0;3.4;11.5;1.44;8.25;2.3;1.39;2.95;5.6;15;2.99;1.4;1.11;1.02;1.22;2.04;3.9;10;3.8;1.69;1.21;1.04;0;0;0;0;4;1;0;0;3;3;1;2021-07-30 18:45:00;2052;0;38;7;20;0;1;1;0;1;2;4;1;6;0;0;1;0;0;1;1;37;47;93;81;1.45;2.36;3.81;0;0;0;0;0;0;1;1;0;0;0;0;0;0;-1;-1;-1;-1;-1;-1;-1;-1;-1;13;32;57;69;88;32;69;63;38;11.31;0;4.32;2.82;Wexford;Galway United;1.08;1.71;0.25;1.75;0.31;1.81;88;69;44;32;13;73;73;73;1.18;1.6;2.78;5539;27;Y;Y;Y;Y;N;N;Y
1186868;2048;2058;2021;complete;64610;18;-1;45,67,90;60;3;1;4;2;6;8;3;3;1;4;0;0;6;4;7;4;13;8;10;9;54;46;1;4;1.29;5.25;10.25;1.05;1.29;1.74;2.9;5.25;12;3.5;2.05;1.4;1.16;2.2;1.67;1.8;2.05;7.5;1.11;1.07;1.16;3.65;1.83;2.4;6;1.67;2.8;5.75;0;0;1.27;1.5;1.83;2.27;3.1;3.4;2.51;1.96;1.61;1.32;1.21;10;6.9;1.37;13;4.1;2.05;16;1.37;2.7;6.25;18;3;1.45;1.12;1.03;1.19;2.05;3.6;9;4.2;1.74;1.25;1.05;0;0;0;0;4;1;0;2;1;3;1;2021-08-06 18:30:00;2048;0;32;26;7;0;1;1;0;4;2;2;4;4;1;2;0;2;3;2;1;87;85;97;126;1.86;1.41;3.27;1;0;1;0;0;0;1;1;0;0;0;1;0;1;-1;-1;-1;-1;-1;-1;-1;-1;-1;19;25;57;63;82;38;69;69;32;8.51;0;4.27;2.44;Bray Wanderers;Wexford;1.33;0.5;1.5;0.38;1.53;0.29;82;75;44;38;19;50;38;26;1.46;1.23;2.69;5539;27;Y;Y;Y;Y;N;N;Y
1186869;2059;2061;2021;complete;64610;18;-1;;;0;0;0;3;6;9;-1;-1;2;2;0;0;7;6;5;12;12;18;-1;-1;50;50;2;2;2.2;3.45;2.85;1.07;1.29;1.8;2.85;5;9.75;3.55;2;1.41;1.17;1.69;2.15;4.9;1.2;2.85;1.45;1.95;1.28;1.27;3.9;2.2;2.35;3.65;2.45;2.2;0;0;1.27;1.45;1.84;2.43;3.1;3.4;2.67;1.96;1.53;1.32;2.85;7.5;1.69;2.6;12;1.71;7.75;3.55;1.36;2.5;5.5;14;3.05;1.51;1.15;1.04;1.17;2;3.4;8;4.4;1.8;1.27;1.06;0;0;0;0;0;0;0;0;0;0;0;2021-08-06 18:45:00;-1;0;69;38;32;0;1;1;2;2;1;4;4;5;1;2;1;0;3;1;1;37;56;117;112;1.53;1.96;3.49;0;0;0;0;0;0;1;1;0;0;0;0;0;0;-1;-1;-1;-1;-1;-1;-1;-1;-1;19;44;63;75;82;50;69;75;57;10.63;0;3.18;2.82;UCD;Shelbourne;1.87;2.08;1.5;2.5;1.53;2.41;82;57;38;25;19;44;38;38;1.3;1.62;2.92;5539;27;N;N;N;N;N;N;N
1186870;2052;2049;2021;complete;64610;18;-1;24,41;15,26,78;2;3;5;11;1;12;-1;-1;4;2;0;0;10;4;4;3;14;7;-1;-1;58;42;4;2;1.91;3.4;3.85;1.1;1.43;2.2;3.8;7.5;7.25;2.8;1.67;1.26;1.1;2.1;1.71;2.55;1.56;3.6;1.31;1.25;1.25;1.61;2.7;2;3.65;2.4;2.3;3.45;0;0;1.25;1.43;1.78;2.2;3;3.5;2.62;2.02;1.65;1.34;1.77;7.5;2.65;1.87;8.25;2.5;3.45;6;1.5;3.1;7.75;22;2.55;1.34;1.09;1.02;1.26;2.33;4.5;11;3.5;1.59;1.17;1.03;0;0;0;0;5;2;2;0;1;1;4;2021-08-06 18:45:00;2049;0;38;13;13;0;1;1;7;0;4;1;7;5;0;0;4;2;0;6;1;92;50;144;129;2.26;1.1;3.36;0;0;0;0;0;0;1;1;0;0;3;0;0;0;-1;-1;-1;-1;-1;-1;-1;-1;-1;0;7;32;51;76;13;57;69;19;13.88;0;4.01;1.63;Galway United;Cork City;1.87;0.92;1.88;0.75;1.88;0.88;100;94;69;51;26;94;75;63;1.85;1.36;3.21;5539;27;Y;Y;Y;Y;Y;N;Y
1186871;2062;2060;2021;complete;64610;18;-1;;;0;0;0;4;4;8;-1;-1;2;4;2;0;3;5;9;9;12;14;-1;-1;55;45;5;4;2.5;3.45;2.55;1.06;1.26;1.77;2.7;4.75;11;3.75;2.05;1.43;1.18;1.67;2.15;3.95;1.27;3.95;1.27;1.54;1.29;1.54;2.95;2.2;2.85;2.75;2.5;2.65;0;0;0;0;0;0;0;0;0;0;0;0;0;0;0;2.05;14;2.05;5.5;5.25;1.35;2.45;5.5;14;3.1;1.53;1.15;1.04;1.16;1.91;3.2;7.5;4.6;1.87;1.3;1.07;0;0;0;0;0;0;0;0;0;0;0;2021-08-07 18:00:00;-1;0;44;13;25;0;1;1;2;1;2;3;3;5;0;2;4;2;2;6;1;88;68;132;106;1.61;1.73;3.34;0;0;0;0;0;0;1;1;0;0;0;0;0;0;-1;-1;-1;-1;-1;-1;-1;-1;-1;13;32;50;63;100;19;63;82;57;10.76;0;4.7;2.75;Cobh Ramblers;Athlone Town;1.08;1.21;1.25;1.38;1.06;1.24;88;69;50;38;0;82;69;57;1.25;1.54;2.79;5539;27;N;N;N;N;N;N;N
1186872;2059;2060;2021;complete;64610;19;-1;24,44,55,63,68,72;;6;0;6;5;5;10;-1;-1;2;2;0;0;8;0;9;4;17;4;-1;-1;53;47;2;2;1.67;4.35;4;1.04;1.21;1.57;2.4;4;14;4.35;2.35;1.54;1.24;1.67;2.15;3.15;1.38;6.5;1.14;1.16;1.15;2.25;2;2.7;4;1.9;2.9;4;0;0;0;1.44;1.79;2.21;3;0;2.6;2.01;1.64;1.34;1.53;8;3.36;1.53;23;2.61;3.65;8.75;1.22;2.06;3.9;10;3.8;1.69;1.21;1.04;1.11;1.67;2.75;6.5;5.5;2.09;1.39;1.1;0;0;0;0;6;2;0;4;0;4;2;2021-08-13 18:45:00;2059;0;50;28;28;0;1;1;1;2;4;3;3;7;0;0;2;2;0;4;1;77;47;130;121;2.19;0.61;2.81;0;0;0;0;0;0;1;1;0;0;0;1;0;0;-1;-1;-1;-1;-1;-1;-1;-1;-1;17;28;50;56;78;33;62;62;39;10.33;0;4.58;2.44;UCD;Athlone Town;1.87;1.21;1.44;1.33;1.5;1.22;84;73;50;45;22;56;45;39;1.32;1.56;2.88;5539;27;Y;Y;Y;Y;Y;Y;N
1186873;2052;2061;2021;complete;64610;19;-1;11,51,88;90;3;1;4;3;5;8;-1;-1;4;2;0;0;4;7;3;6;7;13;-1;-1;44;56;4;2;2.7;3.3;2.4;1.08;1.34;1.95;3.15;6;8.25;3.15;1.77;1.34;1.13;1.8;2;5.75;1.17;4.65;1.22;1.52;1.22;1.36;3.2;2.25;2.75;2.9;2.65;2.5;0;0;0;1.42;1.76;2.18;2.95;0;2.65;2.04;1.66;1.35;2.1;7;2.15;2.07;17;1.86;7.25;6;1.48;2.31;4.6;11;2.5;1.56;1.16;1.03;1.3;1.79;3.2;7;3.45;1.94;1.3;1.08;0;0;0;0;4;1;0;2;1;3;1;2021-08-13 18:45:00;2052;0;62;28;17;0;1;1;0;0;3;5;0;8;1;1;3;1;2;4;1;59;92;131;141;1.17;1.98;3.15;0;0;0;0;0;0;1;1;0;0;0;0;0;0;-1;-1;-1;-1;-1;-1;-1;-1;-1;11;33;50;67;84;33;73;73;39;14;0;4;2.45;Galway United;Shelbourne;1.87;2.08;1.67;2.33;1.78;2.33;89;67;50;33;17;84;61;61;1.89;1.66;3.55;5539;27;Y;Y;Y;Y;N;N;Y
1186874;2049;2062;2021;complete;64610;19;-1;6,55,58,85;;4;0;4;6;5;11;-1;-1;0;2;0;0;8;2;11;4;19;6;-1;-1;51;49;0;2;1.65;3.7;4.85;1.07;1.33;1.91;3.15;6;9.25;3.25;1.87;1.34;1.14;1.95;1.83;2.25;1.69;4.65;1.22;1.14;1.2;2.1;2.25;2.15;4.75;2.05;2.45;4.5;0;0;0;1.38;1.69;2.21;2.77;0;2.8;2.13;1.65;1.39;1.47;8;3.7;1.59;8.9;2.95;2.85;8.5;1.4;2.95;5.8;15;2.75;1.39;1.1;1.02;1.24;2.19;4.1;10;3.6;1.61;1.19;1.04;0;0;0;0;4;1;0;3;0;3;1;2021-08-13 18:45:00;2049;0;73;22;33;0;1;1;3;4;3;1;7;4;0;1;0;1;1;1;1;85;60;108;128;2.37;0.97;3.34;0;0;0;0;0;0;1;1;1;0;1;0;0;0;-1;-1;-1;-1;-1;-1;-1;-1;-1;11;28;62;89;100;33;73;100;56;9.67;0;4.32;2.89;Cork City;Cobh Ramblers;1.5;1;1;0.89;1;1.06;89;73;39;11;0;62;39;28;1.72;1.14;2.86;5539;27;Y;Y;Y;Y;N;N;N
1186875;2058;2063;2021;complete;64610;19;-1;58,69;61;2;1;3;4;10;14;-1;-1;2;3;0;0;5;5;1;6;6;11;-1;-1;45;55;2;3;2.7;3.4;2.35;1.07;1.29;1.8;2.8;4.95;10;3.5;2;1.42;1.17;1.69;2.15;3.95;1.27;3.1;1.39;1.6;1.22;1.3;3.4;2.25;2.65;3.2;2.5;2.45;0;0;0;1.43;1.77;2.2;3;0;2.62;2;1.63;1.34;2.03;7;2.25;2.26;10.5;1.85;5.75;4.1;1.4;2.6;5.1;13;2.75;1.45;1.13;1.02;1.19;1.99;3.6;8;4.2;1.74;1.25;1.06;0;0;0;0;3;0;0;2;1;3;0;2021-08-13 18:45:00;2058;0;50;11;28;0;1;1;0;6;4;4;6;8;0;1;2;2;1;4;1;46;74;72;87;1.07;1.58;2.64;0;0;0;0;0;0;1;1;0;0;0;1;0;0;-1;-1;-1;-1;-1;-1;-1;-1;-1;22;28;62;67;95;33;84;73;44;9.67;0;3.23;2.95;Wexford;Cabinteely;1.08;1.15;0.22;1.33;0.28;1.17;78;73;39;33;6;73;73;73;1.21;1.23;2.44;5539;27;Y;Y;Y;N;N;N;Y
1186876;2061;2048;2021;complete;64610;20;-1;44;68;1;1;2;12;2;14;-1;-1;1;3;0;0;7;3;11;2;18;5;-1;-1;48;52;1;3;2;3.4;3.5;1.09;1.37;2.05;3.4;6.5;8;3;1.74;1.3;1.12;1.95;1.83;2.75;1.49;3.55;1.32;1.28;1.25;1.6;2.75;2.1;3.6;2.5;2.35;3.4;0;0;1.27;1.52;1.86;2.31;3.2;3.4;2.46;1.93;1.59;1.3;1.72;7.5;2.79;1.91;8.25;2.45;3.8;5.75;1.41;3.1;7.5;22;2.7;1.35;1.1;1.02;1.26;2.29;4.4;11;3.5;1.56;1.17;1.03;0;0;0;0;2;1;0;0;1;1;1;2021-08-20 18:45:00;-1;0;50;28;33;0;1;1;6;0;6;2;6;8;0;1;1;2;1;3;1;75;66;102;105;2.16;1.01;3.18;0;0;0;0;0;0;1;1;0;0;0;0;0;0;-1;-1;-1;-1;-1;-1;-1;-1;-1;11;39;56;67;89;33;62;78;50;11.33;0.33;3.11;2.72;Shelbourne;Bray Wanderers;2.14;1.4;2.33;1.56;2.21;1.68;89;61;45;33;11;67;50;45;1.64;1.61;3.25;5539;27;Y;Y;N;N;N;N;Y
1186877;2063;2049;2021;complete;64610;20;-1;83,90;29,40;2;2;4;8;3;11;4;3;2;2;0;0;3;6;3;9;6;15;6;12;54;46;2;2;4.9;3.8;1.62;1.07;1.29;1.83;3;5.5;10;3.45;1.95;1.38;1.15;1.91;1.87;4.3;1.25;2.6;1.53;1.9;1.2;1.2;4;2.25;2.35;3.75;2.5;2.2;0;0;1.31;1.46;1.92;2.46;3.34;3.2;2.63;1.88;1.52;1.28;3.32;7.5;1.56;2.65;9.5;1.74;7;3.4;1.43;2.75;6.5;17;2.8;1.4;1.12;1.03;1.21;2.13;3.9;9;3.9;1.65;1.22;1.05;0;0;0;0;4;0;2;2;0;2;2;2021-08-20 18:45:00;-1;0;33;11;25;0;1;1;4;1;4;2;5;6;1;0;1;2;1;3;1;76;67;135;126;1.15;1.86;3.01;0;0;0;0;0;0;1;1;0;0;0;1;0;0;-1;-1;-1;-1;-1;-1;-1;-1;-1;6;11;45;56;84;17;50;73;28;11.3;0;4.67;2;Cabinteely;Cork City;0.71;0.92;1;1;1.11;1.11;95;89;56;45;17;89;77;60;1.28;1.33;2.61;5539;27;Y;Y;Y;Y;N;N;Y
1186878;2060;2052;2021;complete;64610;20;-1;64;;1;0;1;6;9;15;-1;-1;0;1;0;0;2;0;1;5;3;5;-1;-1;54;46;0;1;3.9;3.9;1.77;1.05;1.25;1.67;2.6;4.4;12;3.95;2.2;1.48;1.2;1.69;2.15;4.95;1.2;3.05;1.4;1.9;1.18;1.22;3.75;2.4;2.3;3.6;2.6;2.2;0;0;0;1.36;1.7;2.11;2.7;0;2.9;2.12;1.71;1.41;3.5;8;1.51;2.55;13;1.71;7.5;3.9;1.36;2.4;5.5;14;3;1.51;1.15;1.04;1.16;1.9;3.3;7.5;4.6;1.83;1.29;1.07;0;0;0;0;1;0;0;1;0;1;0;2021-08-20 18:45:00;2060;0;50;11;18;0;1;1;2;6;4;3;8;7;0;0;0;1;0;1;1;83;99;114;139;0.94;1.04;1.99;0;0;0;0;0;0;1;1;0;0;0;4;0;0;-1;-1;-1;-1;-1;-1;-1;-1;-1;11;44;67;84;89;28;73;84;50;11.03;0;4.25;2.95;Athlone Town;Galway United;1.23;1.71;1.11;1.89;1.16;1.84;89;56;33;17;11;71;60;54;1.72;1.7;3.42;5539;27;Y;N;N;N;N;N;N
1186879;2062;2059;2021;complete;64610;20;-1;;67,87;0;2;2;8;7;15;-1;-1;2;1;0;0;0;6;5;2;5;8;-1;-1;52;48;2;1;3.59;3.95;1.73;1.05;1.22;1.53;2.3;4.05;13;4.2;2.34;1.53;1.24;1.65;2.2;5.5;1.17;3.1;1.39;2.05;1.24;1.29;3.8;2.3;2.25;3.65;2.65;2.05;0;0;0;0;0;0;0;0;0;0;0;0;0;0;0;2.6;15;1.69;8;3.75;1.33;2.4;5;13;3.25;1.56;1.17;1.05;1.15;1.8;3.2;7.5;4.7;2;1.31;1.07;0;0;0;0;2;0;0;0;2;2;0;2021-08-21 18:00:00;2059;0;50;11;33;0;1;1;4;3;4;4;7;8;0;0;2;1;0;3;1;51;50;97;85;0.7;1.29;1.99;0;1;0;1;0;0;1;1;0;0;2;0;0;0;-1;-1;-1;-1;-1;-1;-1;-1;-1;17;50;67;84;95;28;61;89;78;9.23;0;3.55;3.17;Cobh Ramblers;UCD;1.08;1.6;1.22;1.56;1;1.58;84;50;34;17;6;62;50;39;1.29;1.54;2.83;5539;27;Y;Y;N;N;N;N;N
1186880;2059;2048;2021;complete;64610;21;-1;3,10,59,63;82,90,90;4;3;7;5;5;10;-1;-1;1;1;0;0;9;7;8;4;17;11;-1;-1;50;50;1;1;2.15;3.45;3;1.07;1.29;1.83;2.95;5.25;9.75;3.45;1.95;1.38;1.16;1.74;2.05;3.2;1.37;3.75;1.29;1.35;1.25;1.5;2.85;2.15;3.3;2.6;2.5;3;0;0;0;0;0;0;0;0;0;0;0;0;0;0;0;1.95;10.5;2.25;4.4;5.5;1.38;2.65;6;16;2.95;1.43;1.14;1.03;1.2;2.04;3.7;9;4;1.71;1.23;1.05;0;0;0;0;7;2;0;2;3;5;2;2021-09-03 18:45:00;2059;0;50;25;30;0;1;1;1;2;4;3;3;7;0;0;1;1;0;2;1;68;52;118;109;2.2;1.57;3.76;0;1;0;1;0;0;1;1;2;0;0;0;0;0;-1;-1;-1;-1;-1;-1;-1;-1;-1;20;30;50;70;75;35;60;70;50;9.4;0;3.86;2.55;UCD;Bray Wanderers;1.87;1.4;1.6;1.5;1.65;1.65;80;70;50;30;25;55;35;30;1.41;1.55;2.96;5539;30;Y;Y;Y;Y;Y;Y;Y
1186881;2061;2058;2021;complete;64610;21;-1;8,13,23,58;;4;0;4;5;2;7;-1;-1;0;2;0;1;10;0;6;4;16;4;-1;-1;53;47;0;4;1.2;7;11;1.03;1.18;1.5;2.3;3.95;17;4.75;2.5;1.59;1.25;2.2;1.65;1.69;2.25;12;1.06;1.05;1.04;4.33;1.56;2.65;9.75;1.43;3.2;9;0;0;0;0;0;0;0;0;0;0;0;0;0;0;0;1.25;19;5.5;1.83;25;1.29;2.2;4.5;11;3.45;1.65;1.2;1.05;1.13;1.83;2.9;7;5.1;1.95;1.36;1.08;0;0;0;0;4;3;0;1;0;1;3;2021-09-03 18:45:00;2061;0;50;20;30;0;1;1;2;0;3;2;2;5;0;2;0;1;2;1;1;75;55;102;104;2.25;0.66;2.91;1;0;1;0;0;0;1;1;1;0;0;0;0;0;-1;-1;-1;-1;-1;-1;-1;-1;-1;15;40;55;70;100;30;70;90;45;10;0;3.64;2.85;Shelbourne;Wexford;2.14;0.5;2.2;0.4;2.15;0.45;85;60;45;30;0;55;45;35;1.7;1.41;3.11;5539;27;Y;Y;Y;Y;N;N;N
1186882;2049;2060;2021;complete;64610;21;-1;2,6,26;47;3;1;4;5;9;14;-1;-1;1;2;0;0;9;4;7;2;16;6;-1;-1;47;53;1;2;1.77;3.75;4.05;1.06;1.26;1.74;2.7;4.7;10.75;3.75;2.05;1.43;1.19;1.74;2.05;2.75;1.49;4.85;1.2;1.2;1.2;1.9;2.35;2.25;4;2.15;2.6;3.75;0;0;0;0;0;0;0;0;0;0;0;0;0;0;0;1.67;11;2.75;3.45;7.75;1.36;2.5;5.5;14;3.1;1.48;1.15;1.04;1.18;1.94;3.5;8;4.3;1.79;1.26;1.06;0;0;0;0;4;3;0;0;1;1;3;2021-09-03 18:45:00;2049;0;50;20;30;0;1;1;3;2;2;7;5;9;0;2;1;0;2;1;1;85;68;122;129;2.25;1.17;3.42;0;0;0;0;0;0;1;1;2;0;1;0;0;0;-1;-1;-1;-1;-1;-1;-1;-1;-1;20;40;55;70;95;30;70;80;60;11;0;4.87;3;Cork City;Athlone Town;1.5;1.21;1.2;1.2;1.1;1.25;80;60;45;30;5;70;50;35;1.78;1.46;3.24;5539;27;Y;Y;Y;Y;N;N;Y
1186883;2063;2052;2021;complete;64610;21;-1;;56;0;1;1;5;3;8;-1;-1;3;1;1;1;3;3;5;4;8;7;-1;-1;50;50;4;3;6;4.4;1.48;1.05;1.25;1.69;2.65;4.75;12;3.9;2.15;1.47;1.18;1.91;1.87;6.75;1.13;2.35;1.65;2.35;1.16;1.09;5;2.4;2;4.75;2.8;1.8;0;0;0;0;0;0;0;0;0;0;0;0;0;0;0;3.25;14;1.5;12;2.7;1.35;2.37;5.25;14;3.1;1.53;1.16;1.04;1.17;1.86;3.4;7.5;4.4;1.86;1.27;1.07;0;0;0;0;1;0;0;0;1;1;0;2021-09-03 18:45:00;2052;0;35;0;22;0;1;1;2;0;3;3;2;6;0;0;4;2;0;6;1;33;38;92;83;0.96;0.93;1.9;0;0;0;0;0;0;1;1;0;0;1;0;0;0;-1;-1;-1;-1;-1;-1;-1;-1;-1;0;30;55;70;95;20;55;80;45;12.45;0;5;2.5;Cabinteely;Galway United;0.71;1.71;1;1.7;1.1;1.75;100;70;45;30;5;78;73;67;1.26;1.63;2.89;5539;27;Y;N;N;N;N;N;N
1186884;2048;2060;2021;complete;64610;22;-1;;49;0;1;1;10;5;15;1;3;1;4;0;0;4;4;2;4;6;8;9;12;58;42;1;4;1.44;4.75;6.5;1.04;1.22;2.4;2.45;4.05;13;4.15;1.55;1.52;1.24;1.77;2;2.35;1.62;7.75;1.11;1.11;1.2;2.65;1.97;2.46;5.95;1.75;3.02;5.6;0;0;1.26;1.42;1.79;2.36;3;3.5;2.79;2.02;1.58;1.35;1.39;7.3;4.08;1.41;16.5;3.22;2.65;13;1.31;2.35;4.3;11;3.38;1.58;1.18;1.03;1.14;1.8;3;7.5;4.9;1.99;1.33;1.07;0;0;0;0;1;0;0;0;1;1;0;2021-09-10 18:30:00;2060;0;43;24;14;0;1;1;4;3;6;2;7;8;0;1;1;3;1;4;1;68;49;119;106;1.16;1.15;2.31;0;0;0;0;0;0;1;1;0;0;0;3;0;0;-1;-1;-1;-1;-1;-1;-1;-1;-1;14;33;58;58;81;38;67;62;33;11.49;0.04;4.4;2.61;Bray Wanderers;Athlone Town;1.33;1.21;1.8;1.09;1.57;1.19;86;67;43;43;20;66;62;48;1.45;1.44;2.89;5539;27;Y;N;N;N;N;N;N
1186885;2059;2063;2021;complete;64610;22;-1;26,27,69,73,79;5,76;5;2;7;2;3;5;-1;-1;2;3;0;0;10;5;6;6;16;11;-1;-1;50;50;2;3;1.4;4.75;7.5;1.03;1.2;1.5;1.6;3.75;16;4.55;2.41;2.3;1.26;1.71;2.1;2.4;1.61;7.75;1.11;1.12;1.19;2.65;1.95;2.54;5.7;1.76;3.04;5.45;0;0;1.23;1.42;1.71;2.1;2.75;3.8;2.65;2.1;1.71;1.39;1.28;8.4;5;1.41;18.5;3.15;2.75;14;1.26;2.29;4.4;11;3.5;1.61;1.17;1.03;1.14;1.78;3.1;7;4.9;2.02;1.33;1.08;0;0;0;0;7;2;1;3;1;4;3;2021-09-10 18:45:00;2059;0;53;19;38;0;1;1;1;2;1;1;3;2;1;2;1;1;3;2;1;68;62;122;137;2.2;1.51;3.71;1;0;1;0;0;0;1;1;0;1;0;1;0;0;-1;-1;-1;-1;-1;-1;-1;-1;-1;28;33;62;72;87;43;67;82;53;10.15;0;3.45;2.94;UCD;Cabinteely;1.87;1.15;1.73;1.2;1.71;1.05;72;68;38;29;14;63;58;49;1.48;1.27;2.75;5539;27;Y;Y;Y;Y;Y;Y;Y
1186886;2049;2061;2021;complete;64610;22;-1;;15,50;0;2;2;5;7;12;-1;-1;2;0;0;0;2;8;7;6;9;14;-1;-1;49;51;2;0;3.9;3.5;1.93;1.06;1.33;1.75;2.75;4.75;10.5;3.1;2.05;1.43;1.18;1.71;2.1;4.05;1.26;2.4;1.61;1.87;1.3;1.25;4.65;2.11;2.55;4.15;2.45;2.32;0;0;1.23;1.42;1.7;2.22;2.75;3.8;2.65;2.11;1.62;1.39;2.41;6.9;1.85;2.66;8.3;1.72;7.25;3.25;1.44;3.08;6.2;15;2.73;1.36;1.09;1.02;1.26;2.29;4.4;11;3.5;1.61;1.17;1.03;0;0;0;0;2;0;1;0;1;1;1;2021-09-10 18:45:00;2061;0;67;24;33;0;1;1;2;5;3;2;7;5;1;0;1;0;1;1;1;80;74;127;104;1.3;1.98;3.27;0;1;0;1;0;0;1;1;0;0;0;2;0;0;-1;-1;-1;-1;-1;-1;-1;-1;-1;14;53;62;81;90;38;72;85;67;11.08;0;3.59;2.99;Cork City;Shelbourne;1.5;2.08;1.36;2.1;1.19;2.19;86;48;38;20;10;62;38;34;1.83;1.69;3.52;5539;27;Y;Y;N;N;N;N;N
1186887;2058;2062;2021;complete;64610;22;-1;27,56,58;29;3;1;4;4;6;10;1;4;3;2;0;0;5;4;2;1;7;5;16;16;54;46;3;2;2.9;3.4;2.4;1.07;1.3;1.83;2.95;5.5;9.25;3.3;1.95;1.38;1.15;1.71;2.1;3.85;1.29;2.85;1.45;1.69;1.31;1.33;4;2.13;2.77;3.62;2.47;2.5;0;0;1.26;1.45;1.83;2.43;3;3.5;2.7;1.98;1.55;1.35;2.38;6.9;1.87;2.38;8.8;1.83;6;3.9;1.42;2.95;5.7;15;2.82;1.39;1.1;1.02;1.23;2.21;4;10;3.7;1.65;1.2;1.04;0;0;0;0;4;1;1;2;0;2;2;2021-09-10 18:45:00;2058;0;62;14;24;0;1;1;2;2;2;4;4;6;0;1;3;1;1;4;1;60;63;58;73;1.22;1.05;2.27;0;0;0;0;0;0;1;1;0;0;0;0;0;0;-1;-1;-1;-1;-1;-1;-1;-1;-1;10;24;72;81;95;29;81;80;48;8.86;0;3.5;3.01;Wexford;Cobh Ramblers;1.08;1;0.5;0.73;0.43;0.9;90;76;29;20;5;67;63;58;1.19;1.1;2.29;5539;27;Y;Y;Y;Y;N;N;Y
1186888;2063;2061;2021;complete;64610;23;-1;;10,90;0;2;2;4;6;10;-1;-1;1;1;0;0;2;7;3;7;5;14;-1;-1;45;55;1;1;6;4.75;1.43;1.04;1.24;1.62;2.5;4.3;14;4.05;2.25;1.51;1.21;1.87;1.91;7;1.12;2.25;1.67;2.9;1.18;1.14;4.45;2.45;2;4.6;2.8;1.76;0;0;0;0;0;0;0;0;0;0;0;0;0;0;0;3.1;16;1.5;12;2.55;1.31;2.4;5.5;14;3.35;1.54;1.15;1.03;1.15;1.86;3.2;7.5;4.7;1.9;1.3;1.07;0;0;0;0;2;0;1;0;1;1;1;2021-09-24 18:45:00;2061;0;50;14;29;0;1;1;3;2;1;4;5;5;1;0;0;1;1;1;1;46;87;93;96;0.8;2;2.8;0;0;0;0;0;0;1;1;0;1;1;0;0;0;-1;-1;-1;-1;-1;-1;-1;-1;-1;5;32;55;69;91;27;64;78;50;11.8;0;4.36;2.5;Cabinteely;Shelbourne;0.71;2.08;0.91;2.18;1;2.23;96;69;45;32;9;72;58;53;1.23;1.72;2.95;5539;27;Y;Y;N;N;N;N;N
1186889;2060;2058;2021;complete;64610;23;-1;;2,85;0;2;2;3;5;8;-1;-1;0;1;0;0;8;8;4;10;12;18;-1;-1;48;52;0;1;1.59;4;4.75;1.05;1.28;1.74;2.8;4.85;11;3.6;2.05;1.43;1.18;1.83;1.95;2.15;1.74;6;1.16;1.09;1.17;2.45;2;2.3;5.5;1.83;2.7;5;0;0;0;0;0;0;0;0;0;0;0;0;0;0;0;1.48;11;3.45;2.55;11;1.37;2.55;5.75;16;2.95;1.46;1.14;1.03;1.19;1.99;3.6;9;4.2;1.74;1.25;1.05;0;0;0;0;2;0;1;0;1;1;1;2021-09-24 18:45:00;2058;0;48;15;24;0;1;1;1;3;2;2;4;4;0;0;0;1;0;1;1;41;45;76;76;1.61;2.01;3.63;0;0;0;0;0;0;1;1;0;1;0;0;0;0;-1;-1;-1;-1;-1;-1;-1;-1;-1;19;38;63;77;95;29;77;91;48;8.08;0;4.4;2.91;Athlone Town;Wexford;1.23;0.5;1.3;0.36;1.27;0.55;81;62;38;24;5;58;39;30;1.65;1.34;2.99;5539;27;Y;Y;N;N;N;N;N
1186890;2052;2059;2021;complete;64610;23;-1;39,67,75,84;79;4;1;5;3;10;13;-1;-1;0;2;0;0;9;4;5;4;14;8;-1;-1;49;51;0;2;2.05;3.45;3.3;1.06;1.29;1.8;2.85;5;10.25;3.55;2;1.4;1.17;1.71;2.1;3;1.42;3.95;1.27;1.25;1.22;1.66;2.6;2.15;3.75;2.35;2.45;3.5;0;0;0;0;0;0;0;0;0;0;0;0;0;0;0;1.83;10.5;2.45;3.95;6;1.42;2.7;6.25;18;2.8;1.41;1.12;1.02;1.2;2.04;3.7;9;4;1.71;1.23;1.05;0;0;0;0;5;1;0;3;1;4;1;2021-09-24 18:45:00;2052;0;58;19;29;0;1;1;2;2;1;8;4;9;0;0;0;2;0;2;1;71;78;144;148;2.04;1.37;3.4;0;0;0;0;0;0;1;1;0;0;1;0;0;0;-1;-1;-1;-1;-1;-1;-1;-1;-1;15;44;63;82;91;29;72;82;59;12.17;0;3.74;2.99;Galway United;UCD;1.87;1.6;1.73;1.7;1.77;1.77;86;57;38;18;9;76;62;57;1.79;1.51;3.3;5539;29;Y;Y;Y;Y;Y;N;Y
1186891;2062;2048;2021;complete;64610;23;-1;67;49,70;1;2;3;5;5;10;-1;-1;2;1;0;1;4;3;2;1;6;4;-1;-1;44;56;2;3;4;3.45;1.8;1.07;1.31;1.92;3.3;5.75;9.5;3.3;1.96;1.3;1.14;1.91;1.87;4.25;1.25;2.6;1.53;1.9;1.22;1.18;4.2;2.15;2.4;3.75;2.5;2.2;0;0;0;0;0;0;0;0;0;0;0;0;0;0;0;2.9;10.25;1.66;7.5;3.15;1.42;2.75;6.5;17;2.75;1.4;1.12;1.02;1.21;2.09;3.9;9;3.9;1.67;1.21;1.05;0;0;0;0;3;0;0;1;2;3;0;2021-09-25 18:00:00;2048;0;43;9;28;0;1;1;2;1;3;4;3;7;1;0;1;2;1;3;1;24;22;30;29;0.83;0.62;1.45;1;0;1;0;0;0;1;1;0;0;0;0;0;0;-1;-1;-1;-1;-1;-1;-1;-1;-1;14;29;43;72;86;19;52;82;63;9.81;0;4.31;2.57;Cobh Ramblers;Bray Wanderers;1.08;1.4;1.1;1.36;0.86;1.5;86;72;58;29;14;72;53;43;1.23;1.56;2.79;5539;27;Y;Y;Y;N;N;N;Y
1186892;2048;2049;2021;complete;64610;24;-1;;;0;0;0;4;11;15;2;0;0;3;0;0;3;9;4;8;7;17;12;16;49;51;0;3;2.05;3.25;3.4;1.03;1.33;2.2;4;7.5;8.3;3.1;1.65;1.22;1.05;1.87;1.87;0;0;0;0;1.25;1.25;1.72;2.7;2.05;3.75;2.4;2.35;3.6;0;0;0;0;0;0;0;0;0;0;0;0;0;0;0;1.77;7.9;2.57;3.4;6.25;1.45;3.14;6.5;17;2.6;1.35;1.08;1.01;1.3;2.29;4.6;11;3.45;1.56;1.16;1.03;0;0;0;0;0;0;0;0;0;0;0;2021-10-01 18:30:00;-1;0;36;23;9;0;1;1;2;7;2;4;9;6;0;2;0;1;2;1;1;57;71;89;93;1.07;2.21;3.28;0;0;0;0;0;0;1;1;0;0;2;1;0;0;-1;-1;-1;-1;-1;-1;-1;-1;-1;9;23;46;50;69;32;50;64;23;11.09;0;3.55;1.96;Bray Wanderers;Cork City;1.33;0.92;1.64;1;1.57;1.13;91;78;55;50;32;69;64;50;1.43;1.43;2.86;5539;27;N;N;N;N;N;N;N
1186893;2060;2063;2021;complete;64610;24;-1;58,90;80;2;1;3;3;6;9;-1;-1;0;2;0;1;7;4;9;1;16;5;-1;-1;54;46;0;4;1.95;3.7;3.13;1;1.2;1.7;2.65;4.55;11.75;4.2;2.1;1.45;1.15;1.57;2.3;0;0;0;0;1.22;1.2;1.85;2.4;2.3;3.75;2.2;2.65;3.5;0;0;0;0;0;0;0;0;0;0;0;0;0;0;0;1.71;11.75;2.44;3.95;7;1.32;2.4;4.7;12;3.32;1.51;1.15;1.03;1.16;1.86;3.3;7.5;4.6;1.86;1.29;1.07;0;0;0;0;3;0;0;2;1;3;0;2021-10-01 18:45:00;2060;0;55;18;32;0;1;1;1;2;2;4;3;6;0;2;0;1;2;1;1;69;61;114;108;2;1.05;3.05;0;0;0;0;0;0;1;1;0;0;0;0;0;0;-1;-1;-1;-1;-1;-1;-1;-1;-1;23;32;64;78;96;32;78;91;50;10.09;0;3.46;3;Athlone Town;Cabinteely;1.23;1.15;1.18;1.09;1.22;0.96;78;69;36;23;5;73;64;59;1.64;1.29;2.93;5539;27;Y;Y;Y;N;N;N;Y
1186894;2058;2059;2021;complete;64610;24;-1;33,62;49;2;1;3;4;7;11;-1;-1;3;2;0;0;5;4;7;10;12;14;-1;-1;52;48;3;2;4.75;4.2;1.57;1.05;1.18;1.57;2.38;4.2;14;4.5;2.25;1.57;1.18;1.66;2.15;0;0;0;0;2.45;1.16;1.1;5;2.4;2;4.5;2.8;1.83;0;0;0;0;0;0;0;0;0;0;0;0;0;0;0;3.02;17.25;1.45;11;2.8;1.29;2.31;4.5;12;3.54;1.56;1.17;1.03;1.15;1.79;3.1;7.5;4.7;1.94;1.32;1.07;0;0;0;0;3;1;0;1;1;2;1;2021-10-01 18:45:00;2058;0;64;18;36;0;1;1;2;1;2;6;3;8;2;1;1;1;3;2;1;40;68;113;112;1.41;1.66;3.07;0;0;0;0;0;0;1;1;0;0;2;0;0;0;-1;-1;-1;-1;-1;-1;-1;-1;-1;23;50;78;87;96;36;78;78;73;9.81;0;3;3.55;Wexford;UCD;1.08;1.6;0.73;1.55;0.65;1.7;78;50;23;14;5;69;64;55;1.2;1.5;2.7;5539;27;Y;Y;Y;N;N;N;Y
1186895;2062;2052;2021;complete;64610;24;-1;;27;0;1;1;3;9;12;2;0;1;2;2;0;2;10;5;7;7;17;12;15;48;52;4;2;4.8;3.7;1.62;1.07;1.25;1.87;3.1;6;10.5;3.75;1.9;1.33;1.16;1.83;1.83;0;0;0;0;2.1;1.2;1.11;5.5;2.25;2.05;5;2.6;1.83;0;0;0;0;0;0;0;0;0;0;0;0;0;0;0;3.25;10.25;1.4;10.5;2.7;1.36;2.63;7;19;3;1.44;1.1;1.02;1.2;2.04;3.7;9;4;1.71;1.24;1.05;0;0;0;0;1;0;1;0;0;0;1;2021-10-01 18:45:00;2052;0;32;0;19;0;1;1;2;5;1;4;7;5;0;0;3;2;0;5;1;31;48;70;74;0.81;2.11;2.92;0;0;0;0;0;0;1;1;0;0;0;1;0;0;-1;-1;-1;-1;-1;-1;-1;-1;-1;5;32;45;69;91;14;41;87;55;11.11;0;4.56;2.41;Cobh Ramblers;Galway United;1.08;1.71;1;1.82;0.83;1.83;96;69;55;32;9;67;62;53;1.19;1.56;2.75;5539;27;Y;N;N;N;N;N;N
1186896;2061;2060;2021;complete;64610;25;-1;23;36;1;1;2;8;7;15;-1;-1;1;1;0;0;6;4;6;7;12;11;-1;-1;57;43;1;1;1.47;4.86;6.67;1.02;1.16;1.52;2.38;3.75;12;4.75;2.38;1.53;1.25;1.73;2;0;0;0;0;1.08;1.12;2.75;1.91;2.5;5.5;1.73;2.95;5.5;0;0;0;0;0;0;0;0;0;0;0;0;0;0;0;1.33;18.25;3.4;2.8;11;1.29;2.25;5.5;15;3.5;1.57;1.14;1.03;1.11;1.71;2.75;7;5.5;2.04;1.39;1.08;0;0;0;0;2;1;1;0;0;0;2;2021-10-08 18:45:00;-1;0;46;21;21;0;1;1;6;5;2;2;11;4;0;0;1;1;0;2;1;94;70;130;129;1.86;1.49;3.35;0;0;0;0;0;0;1;1;0;0;0;0;0;0;-1;-1;-1;-1;-1;-1;-1;-1;-1;13;42;54;59;96;38;67;80;33;12.75;0;3.98;2.84;Shelbourne;Athlone Town;2.14;1.21;2.33;1.25;2.29;1.29;88;59;46;42;4;75;71;58;1.77;1.41;3.18;5539;27;Y;Y;N;N;N;N;Y
1186897;2052;2048;2021;complete;64610;25;-1;82;;1;0;1;11;3;14;-1;-1;2;2;0;0;6;3;4;6;10;9;-1;-1;53;47;2;2;2.1;3.5;3;1.05;1.36;1.86;3.3;7.6;7.9;3;1.84;1.3;1.05;1.91;1.8;0;0;0;0;1.28;1.28;1.57;2.88;2;3.6;2.63;2.3;3.25;0;0;0;0;0;0;0;0;0;0;0;0;0;0;0;1.8;7.8;2.3;3.6;4.8;1.44;3.25;9;26;2.63;1.33;1.07;1.01;1.3;2.29;4.6;15;3.45;1.56;1.16;1.03;0;0;0;0;1;0;0;1;0;1;0;2021-10-22 18:45:00;2052;0;60;20;33;0;1;1;4;3;7;0;7;7;1;0;1;2;1;3;1;84;55;135;137;1.67;1.19;2.86;0;0;0;0;0;0;1;1;0;0;1;0;0;0;-1;-1;-1;-1;-1;-1;-1;-1;-1;16;28;52;72;84;24;68;72;45;11.54;0;4.62;2.65;Galway United;Bray Wanderers;1.87;1.4;1.92;1.5;1.92;1.48;84;72;48;28;16;80;60;51;1.78;1.48;3.26;5539;29;Y;N;N;N;N;N;N
1186898;2049;2058;2021;complete;64610;25;-1;21,38,76,86;;4;0;4;8;4;12;1;1;0;1;0;1;7;4;11;4;18;8;11;13;58;42;0;3;1.43;4.84;7.67;1.01;1.2;1.73;3;5.05;10.75;4.2;2;1.36;1.12;2;1.73;0;0;0;0;1.08;1.14;2.65;1.95;2.3;6;1.73;2.75;5.5;0;0;0;0;0;0;0;0;0;0;0;0;0;0;0;1.33;10.75;3.6;2.3;11;1.36;2.63;7;19;3;1.44;1.1;1.02;1.19;1.94;3.6;9;4.2;1.79;1.25;1.05;0;0;0;0;4;2;0;2;0;2;2;2021-10-08 18:45:00;2049;0;46;13;29;0;1;1;2;4;6;0;6;6;0;2;0;0;2;0;1;94;62;126;89;2.3;1.24;3.54;0;0;0;0;0;0;1;1;0;0;0;0;0;0;-1;-1;-1;-1;-1;-1;-1;-1;-1;17;42;54;84;100;29;75;96;55;8.5;0;4.53;2.96;Cork City;Wexford;1.5;0.5;1.25;0.58;1.13;0.75;83;59;46;17;0;50;30;21;1.78;1.39;3.17;5539;27;Y;Y;Y;Y;N;N;N
1186899;2063;2062;2021;complete;64610;25;-1;90;10,64;1;2;3;9;6;15;-1;-1;1;4;0;0;5;5;4;3;9;8;-1;-1;56;44;1;4;2.38;3.53;3.03;1.03;1.3;1.95;3.75;6.8;8.5;3.3;1.83;1.25;1.06;1.8;1.91;0;0;0;0;1.33;1.25;1.5;2.88;2.1;3.4;2.63;2.35;3;0;0;0;0;0;0;0;0;0;0;0;0;0;0;0;1.8;8.5;2.2;3.8;5;1.4;2.75;8;21;2.75;1.4;1.08;1.02;1.23;2.24;4;10;3.7;1.59;1.2;1.04;0;0;0;0;3;0;1;1;1;2;1;2021-10-08 18:45:00;2062;0;50;13;22;0;1;1;4;4;5;2;8;7;1;1;0;3;2;3;1;58;66;75;87;1.34;1.33;2.67;0;0;0;0;0;0;1;1;0;1;1;0;0;0;-1;-1;-1;-1;-1;-1;-1;-1;-1;0;21;63;80;100;25;71;92;46;10.14;0;4.64;2.63;Cabinteely;Cobh Ramblers;0.71;1;0.83;0.67;0.92;0.79;100;79;38;21;0;75;66;49;1.19;1.09;2.28;5539;27;Y;Y;Y;N;N;N;Y
1186900;2052;2058;2021;complete;64610;26;-1;7,37;41;2;1;3;3;5;8;-1;-1;4;3;1;0;3;2;8;4;11;6;-1;-1;43;57;5;3;1.33;4.96;7.47;1.02;1.15;1.55;2.2;4.25;12;4.55;2.36;1.6;1.2;1.9;1.88;0;0;0;0;1.06;1.15;3.28;1.79;2.61;7.2;1.61;3.16;6.95;0;0;0;0;0;0;0;0;0;0;0;0;0;0;0;1.32;17.75;3.75;2.1;15;1.27;2.35;5.1;11;3.4;1.58;1.13;1.03;1.15;1.82;3.4;7;4.7;1.97;1.27;1.08;0;0;0;0;3;2;1;0;0;0;3;2021-10-15 18:45:00;2052;0;45;13;24;0;1;1;2;2;1;3;4;4;1;2;4;1;3;5;1;75;70;145;171;1.46;1.05;2.51;0;0;0;0;0;0;1;1;1;0;2;0;0;0;-1;-1;-1;-1;-1;-1;-1;-1;-1;16;36;52;72;92;24;76;84;40;10.3;0;4.92;2.68;Galway United;Wexford;1.87;0.5;1.83;0.54;1.88;0.72;84;65;48;28;9;65;49;45;1.81;1.38;3.19;5539;27;Y;Y;Y;N;N;N;Y
1186901;2062;2061;2021;complete;64610;26;-1;21,31;;2;0;2;2;7;9;-1;-1;-1;-1;-1;-1;5;4;6;6;11;10;-1;-1;44;56;-1;-1;10.13;5.51;1.24;1.03;1.18;1.62;2.55;4.3;11;4.45;2.2;1.47;1.17;2.18;1.67;0;0;0;0;3.88;1.13;1.03;8.9;2.67;1.68;8.7;3.28;1.51;0;0;0;0;0;0;0;0;0;0;0;0;0;0;0;4.6;16.75;1.25;17;1.85;1.3;2.4;5.3;13;3.45;1.56;1.12;1.02;1.16;1.86;3.5;8;4.6;1.92;1.26;1.06;0;0;0;0;2;2;0;0;0;0;2;2021-10-15 18:45:00;2062;0;46;13;25;0;1;-1;1;4;1;3;5;4;-1;-1;-1;-1;-1;-1;1;70;103;103;138;1.55;1.66;3.22;0;0;0;0;0;0;1;1;0;0;0;2;-1;-1;-1;-1;-1;-1;-1;-1;-1;-1;-1;8;34;46;71;88;21;59;79;59;10.75;0;3.83;2.46;Cobh Ramblers;Shelbourne;1.08;2.08;0.92;2.25;0.88;2.24;92;67;54;29;13;71;59;46;1.16;1.74;2.9;5539;27;Y;Y;N;N;N;N;N
1186902;2048;2063;2021;complete;64610;26;-1;45;57,77;1;2;3;5;0;5;2;0;2;3;0;0;6;3;11;5;17;8;7;21;61;39;2;3;1.42;4.6;5.99;1.02;1.13;1.57;2.23;3.7;12;5.05;2.38;1.61;1.25;1.68;2.16;0;0;0;0;1.11;1.17;2.79;1.89;2.61;5.9;1.71;3.13;5.65;0;0;0;0;0;0;0;0;0;0;0;0;0;0;0;1.39;20;3.22;2.5;10;1.23;2.21;4.6;10;3.7;1.65;1.16;1.04;1.12;1.73;3.1;7;5.3;2.09;1.32;1.08;0;0;0;0;3;1;0;0;2;2;1;2021-10-15 18:30:00;2063;0;46;21;29;0;1;1;2;0;3;0;2;3;0;0;2;3;0;5;1;93;41;154;119;2.17;1.03;3.2;0;1;0;1;0;0;1;1;0;0;1;0;0;0;-1;-1;-1;-1;-1;-1;-1;-1;-1;17;25;59;63;84;33;59;75;42;11.09;0.25;3.58;2.54;Bray Wanderers;Cabinteely;1.33;1.15;1.58;1;1.54;0.88;84;75;42;38;17;67;63;59;1.4;1.27;2.67;5539;27;Y;Y;Y;N;N;N;Y
1186903;2059;2049;2021;complete;64610;26;-1;42;;1;0;1;3;7;10;-1;-1;3;1;0;0;5;3;4;6;9;9;-1;-1;45;55;3;1;1.79;3.59;3.98;1;1.19;1.62;2.6;4.5;12;4.3;2.22;1.45;1.16;1.64;2.23;0;0;0;0;1.23;1.25;2.02;2.34;2.35;4.4;2.11;2.76;4.1;0;0;0;0;0;0;0;0;0;0;0;0;0;0;0;1.63;12;2.61;3.2;7.5;1.32;2.46;5.2;12;3.32;1.53;1.13;1.03;1.15;1.89;3.4;7.5;4.7;1.89;1.26;1.07;0;0;0;0;1;1;0;0;0;0;1;2021-10-15 18:45:00;2059;0;46;25;25;0;1;1;1;2;2;5;3;7;0;1;3;0;1;3;1;53;67;94;114;1.31;1.27;2.58;1;0;1;0;0;0;1;1;0;0;0;2;0;0;-1;-1;-1;-1;-1;-1;-1;-1;-1;25;34;50;59;67;42;55;67;38;10.08;0;3.7;2.54;UCD;Cork City;1.87;0.92;1.83;1;1.63;1.2;75;67;50;42;34;63;54;38;1.54;1.5;3.04;5539;27;Y;N;N;N;N;N;N
1186904;2058;2048;2021;complete;64610;27;-1;24,53,69,81;3,24;4;2;6;4;6;10;-1;-1;1;2;0;1;14;4;9;1;23;5;-1;-1;51;49;1;4;6.4;4.4;1.37;1.01;1.18;1.62;2.4;4.75;11.5;4.1;2.25;1.46;1.14;1.92;1.86;0;0;0;0;2.45;1.13;1.08;6.95;2.49;1.83;6.35;2.95;1.71;0;0;0;0;0;0;0;0;0;0;0;0;0;0;0;3.64;11.5;1.39;14;2.3;1.33;2.31;5.1;15;3.26;1.51;1.12;1.03;1.17;1.92;3.6;9;4.4;1.86;1.24;1.07;0;0;0;0;6;1;2;3;0;3;3;2021-10-29 18:45:00;2058;0;61;16;36;0;1;1;4;2;0;4;6;4;0;0;1;3;0;4;1;88;68;118;105;3.06;1.1;4.15;0;0;0;0;0;0;1;1;0;1;1;0;0;0;-1;-1;-1;-1;-1;-1;-1;-1;-1;16;28;61;72;89;28;69;72;56;9.19;0;3.92;2.94;Wexford;Bray Wanderers;1.08;1.4;0.92;1.38;0.69;1.42;84;72;40;28;12;76;65;53;1.21;1.46;2.67;5539;27;Y;Y;Y;Y;Y;Y;Y
1186905;2061;2059;2021;complete;64610;27;-1;88;54;1;1;2;11;0;11;3;2;3;0;0;0;9;3;18;3;27;6;10;10;67;33;3;0;1.75;3.65;3.8;1;1.2;1.62;2.65;4.55;11.75;4.2;2.25;1.44;1.15;1.63;2.2;0;0;0;0;1.24;1.25;2.04;2.41;2.43;4.44;2.1;2.65;3.75;0;0;0;0;0;0;0;0;0;0;0;0;0;0;0;1.64;11.75;2.59;3;5.75;1.32;2.56;5.3;9.75;3.32;1.52;1.12;1;1.16;1.86;3.5;8;4.6;1.86;1.25;1.08;0;0;0;0;2;0;0;1;1;2;0;2021-10-29 18:45:00;-1;0;61;24;37;0;1;1;6;0;5;0;6;5;1;0;2;0;1;2;1;42;19;76;55;2.62;0.73;3.35;0;0;0;0;0;0;1;1;0;0;1;0;0;0;-1;-1;-1;-1;-1;-1;-1;-1;-1;17;52;69;85;100;40;72;89;62;12.35;0;2.48;3.3;Shelbourne;UCD;2.14;1.6;2.23;1.42;2.15;1.73;84;48;32;16;0;68;64;56;1.78;1.51;3.29;5539;27;Y;Y;N;N;N;N;Y
1186906;2049;2052;2021;complete;64610;27;-1;29,62,71;;3;0;3;4;2;6;-1;-1;1;0;0;0;5;0;9;4;14;4;-1;-1;54;46;1;0;2.65;3.55;2.21;1.01;1.21;1.73;2.66;5.05;10.75;3.8;2;1.38;1.12;1.66;2.19;0;0;0;0;1.63;1.24;1.25;3.98;2.23;2.57;3.64;2.64;2.34;0;0;0;0;0;0;0;0;0;0;0;0;0;0;0;2.4;10.75;1.62;5.5;3.8;1.35;2.46;5.85;19;3.14;1.44;1.1;1.02;1.18;1.98;3.8;10;4.3;1.81;1.23;1.06;0;0;0;0;3;1;0;2;0;2;1;2021-10-29 18:45:00;2049;0;40;8;20;0;1;1;1;1;3;1;2;4;1;0;0;0;1;0;1;80;41;166;119;1.83;0.57;2.4;0;0;0;0;0;0;1;1;0;0;0;0;0;0;-1;-1;-1;-1;-1;-1;-1;-1;-1;8;44;52;75;96;28;64;88;51;11.83;0;4.1;2.74;Cork City;Galway United;1.5;1.71;1.38;1.92;1.15;1.96;93;57;48;25;4;67;55;51;1.82;1.61;3.43;5539;27;Y;Y;Y;N;N;N;N
1186907;2060;2062;2021;complete;64610;27;-1;63;21,80;1;2;3;8;5;13;-1;-1;1;0;0;0;4;3;11;5;15;8;-1;-1;56;44;1;0;1.85;3.55;3.45;1;1.18;1.6;2.4;4.5;12;4.1;2.3;1.46;1.16;1.62;2.28;0;0;0;0;1.19;1.21;1.8;2.28;2.35;4.4;2.16;2.75;3.92;0;0;0;0;0;0;0;0;0;0;0;0;0;0;0;1.66;12;2.53;3.5;7.25;1.31;2.31;4.84;15;3.38;1.51;1.13;1.03;1.15;1.89;3.5;9;4.7;1.89;1.26;1.07;0;0;0;0;3;0;1;1;1;2;1;2021-10-29 18:45:00;2062;0;64;20;24;0;1;1;3;2;5;3;5;8;0;0;1;0;0;1;1;58;45;106;97;1.65;1.05;2.7;0;1;0;1;0;0;1;1;0;0;3;0;0;0;-1;-1;-1;-1;-1;-1;-1;-1;-1;9;28;72;88;96;28;80;96;52;9.2;0;3.5;2.92;Athlone Town;Cobh Ramblers;1.23;1;1.33;0.85;1.27;0.96;92;72;28;13;4;72;56;44;1.67;1.11;2.78;5539;27;Y;Y;Y;N;N;N;Y
1190094;2048;698030;2021;complete;64610;1;-1;;;0;0;0;9;3;12;-1;-1;2;1;0;1;5;2;9;3;14;5;-1;-1;64;36;2;3;1.51;4.25;5.75;1.06;1.32;1.91;3.2;6.25;10.75;3.25;1.91;1.33;1.13;2;1.77;1.91;1.83;5.5;1.12;1.09;1.17;2.6;1.91;2.3;6.5;1.73;2.75;6;0;0;0;0;0;0;0;0;0;0;0;0;0;0;0;1.3;12.25;4;2.2;8.25;1.36;2.63;7;19;3;1.44;1.1;1.02;1.22;2;4.33;11;4;1.73;1.2;1.05;0;0;0;0;0;0;0;0;0;0;0;2021-03-28 14:00:00;-1;0;0;0;0;0;1;1;4;1;5;2;5;7;1;0;1;2;1;3;1;67;28;137;92;1.73;0.67;2.4;0;0;0;0;0;0;1;1;0;0;3;0;0;0;-1;-1;-1;-1;-1;-1;-1;-1;-1;0;0;0;0;0;0;0;0;0;0;0;0;0;Bray Wanderers;Treaty United;1.33;1.47;0;0;0;0;0;0;0;0;0;0;0;0;0;0;0;5539;29;N;N;N;N;N;N;N
1190095;698030;2058;2021;complete;64610;2;-1;26;;1;0;1;1;3;4;-1;-1;1;1;1;0;3;4;6;9;9;13;-1;-1;41;59;2;1;2.45;3.4;2.6;1.07;1.31;1.8;3.1;5.75;9.25;3.35;1.9;1.33;1.14;1.71;2;2.9;1.38;3.35;1.29;1.36;1.31;1.51;3;2.05;3.4;2.7;2.4;3;0;0;0;0;0;0;0;0;0;0;0;0;0;0;0;1.95;9.1;2.19;3.85;4.7;1.42;3.03;6.5;18;3;1.41;1.11;1.02;1.24;2.15;4.2;10;3.6;1.66;1.19;1.04;0;0;0;0;1;1;0;0;0;0;1;2021-04-02 18:45:00;698030;0;0;0;0;0;1;1;1;1;0;2;2;2;0;1;2;0;1;2;1;46;55;80;118;1.11;1.51;2.62;0;0;0;0;0;0;1;1;0;0;0;0;0;0;-1;-1;-1;-1;-1;-1;-1;-1;-1;0;0;0;0;0;0;0;0;0;0;0;0;0;Treaty United;Wexford;1.64;0.5;0;0;1;0;0;0;0;0;0;0;0;0;0;0;0;5539;27;Y;N;N;N;N;N;N
1190096;698030;2062;2021;complete;64610;3;-1;15;50;1;1;2;6;5;11;-1;-1;2;0;1;0;2;3;3;8;5;11;-1;-1;44;56;4;0;3.1;3;2.2;1.05;1.4;2.15;4;7.5;8.5;2.75;1.67;1.22;1.07;1.92;1.86;3.4;1.28;2.6;1.47;1.58;1.31;1.31;3.75;2.05;2.88;3.64;2.38;2.6;0;0;0;0;0;0;0;0;0;0;0;0;0;0;0;2.38;7.8;1.86;4.85;3.35;1.51;3.44;6.2;15;2.67;1.34;1.09;1.02;1.3;2.4;4.3;11;3.45;1.56;1.17;1.03;0;0;0;0;2;1;0;0;1;1;1;2021-04-09 18:45:00;-1;0;50;0;50;0;1;1;4;3;2;2;7;4;2;0;1;0;2;1;1;44;62;98;120;0.79;1.36;2.15;0;0;0;0;0;0;1;1;0;0;0;0;0;0;-1;-1;-1;-1;-1;-1;-1;-1;-1;0;0;50;50;100;0;100;50;50;5;0;4;2;Treaty United;Cobh Ramblers;1.64;1;3;0;2;0;100;100;50;50;0;50;0;0;1.11;1.82;2.93;5539;27;Y;Y;N;N;N;N;Y
1190097;2052;698030;2021;complete;64610;4;-1;90;18;1;1;2;8;3;11;-1;-1;2;2;0;0;6;4;6;3;12;7;-1;-1;56;44;2;2;1.94;3.37;3.37;1.08;1.32;1.94;3.4;6.5;8.75;3.25;1.8;1.28;1.12;1.95;1.8;1.87;1.91;5.5;1.12;1.11;1.2;2.36;2.05;2.2;6;1.76;2.66;6.05;0;0;0;0;0;0;0;0;0;0;0;0;0;0;0;1.39;10.75;3.37;2.15;8.75;1.4;2.86;6.5;20;2.9;1.41;1.11;1.02;1.22;2.16;3.9;10;3.8;1.68;1.21;1.04;0;0;0;0;2;0;1;1;0;1;1;2021-04-16 18:45:00;-1;0;0;0;0;0;1;1;3;3;5;0;6;5;0;0;2;2;0;4;1;73;46;108;104;1.71;1.07;2.77;0;0;0;0;0;0;1;1;0;0;0;0;0;0;-1;-1;-1;-1;-1;-1;-1;-1;-1;0;0;0;0;0;0;0;0;0;12;0;6;0;Galway United;Treaty United;1.87;1.47;1;1;1.33;1.67;100;100;100;100;100;100;100;100;2.04;0.67;2.71;5539;29;Y;Y;N;N;N;N;Y
1190098;698030;2049;2021;complete;64610;5;-1;31,78;39;2;1;3;5;5;10;-1;-1;3;0;0;0;5;3;3;2;8;5;-1;-1;38;62;3;0;3.25;3.2;2.25;1.11;1.43;2.2;3.9;8;7;2.7;1.65;1.25;1.09;2;1.77;2.9;1.37;2.55;1.47;1.54;1.33;1.32;3.83;2.1;3.31;3.37;2.34;2.59;0;0;1.27;1.46;1.85;2.45;3;3.4;2.52;1.95;1.49;1.34;2.35;6.9;1.89;2.24;8.2;1.84;4.5;3.75;1.51;3.41;7.5;22;2.66;1.28;1.09;1.02;1.32;2.47;5;12;3.32;1.53;1.14;1.03;0;0;0;0;3;1;1;1;0;1;2;2021-04-23 18:45:00;698030;0;25;0;0;0;1;1;3;2;2;3;5;5;1;0;2;0;1;2;1;44;48;83;106;1.18;0.89;2.07;0;0;0;0;0;0;1;1;0;0;0;1;0;0;-1;-1;-1;-1;-1;-1;-1;-1;-1;0;0;0;25;100;0;50;75;0;13.5;0;5;1.25;Treaty United;Cork City;1.64;0.92;2;0;1.5;0.75;100;100;100;75;0;75;75;75;0.95;1.54;2.49;5539;27;Y;Y;Y;N;N;N;Y
1190100;2059;698030;2021;complete;64610;7;-1;45,51,54;11,37;3;2;5;2;3;5;-1;-1;1;2;0;0;7;4;6;9;13;13;-1;-1;50;50;1;2;1.61;4.1;4.85;1.05;1.22;1.65;2.5;4.5;13;4.25;2.2;1.51;1.2;1.71;2.1;2.5;1.5;5.75;1.11;1.18;1.22;2.25;2.1;2.38;4.75;1.87;2.82;4.52;0;0;0;1.5;1.8;2.25;0;0;2.4;1.91;1.57;0;0;0;0;1.44;16.25;2.88;2.85;8;1.3;2.4;4.5;12;3.44;1.56;1.17;1.03;1.15;1.83;3.1;7.5;4.7;1.9;1.31;1.07;0;0;0;0;5;1;2;2;0;2;3;2021-05-07 18:45:00;2059;0;67;17;50;0;1;1;0;1;2;2;1;4;1;1;0;1;2;1;1;56;59;124;125;1.73;1.54;3.26;0;1;0;1;0;0;1;1;0;0;0;1;0;0;-1;-1;-1;-1;-1;-1;-1;-1;-1;17;50;50;67;67;34;67;67;50;10.33;0;4.33;2.5;UCD;Treaty United;1.87;1.47;1.67;1;2;1.67;84;50;50;33;33;67;67;67;1.2;1.02;2.22;5539;29;Y;Y;Y;Y;Y;N;Y
1190101;698030;2060;2021;complete;64610;8;-1;22;;1;0;1;4;5;9;-1;-1;2;3;0;0;4;0;9;9;13;9;-1;-1;44;56;2;3;3.2;3.3;2;1.06;1.27;1.7;3;5.25;10.5;3.6;2;1.36;1.16;1.74;2;4.6;1.17;3.2;1.32;1.77;1.25;1.26;3.84;2.38;2.54;3.2;2.77;2.3;0;0;0;0;0;0;0;0;0;0;0;0;0;0;0;2.25;17.25;1.67;6;3.8;1.3;2.38;5.5;15;3.4;1.53;1.14;1.03;1.14;1.83;3;7;4.9;1.95;1.33;1.08;0;0;0;0;1;1;0;0;0;0;1;2021-05-14 18:45:00;698030;0;59;42;13;0;1;1;1;2;3;3;3;6;0;1;2;2;1;4;1;40;55;100;95;1.4;0.97;2.37;0;0;0;0;0;0;1;1;0;0;0;0;0;0;-1;-1;-1;-1;-1;-1;-1;-1;-1;0;13;42;59;100;42;75;71;13;9.75;0;5.33;2.13;Treaty United;Athlone Town;1.64;1.21;2.33;1.75;1.43;1.86;100;88;59;42;0;71;71;42;1.03;1.5;2.53;5539;27;Y;N;N;N;N;N;N
1190102;2063;698030;2021;complete;64610;9;-1;45,50;48;2;1;3;6;4;10;-1;-1;1;1;0;0;4;6;4;5;8;11;-1;-1;45;55;1;1;2.25;3.5;2.9;1.09;1.3;1.94;3.45;6.75;7.75;3.3;1.83;1.29;1.11;1.83;1.91;3.55;1.26;2.5;1.49;1.77;1.3;1.29;4.28;2.12;2.9;3.8;2.46;2.43;0;0;0;0;0;0;0;0;0;0;0;0;0;0;0;2.35;8.5;1.7;5.5;3.35;1.49;3.25;6.3;15;2.71;1.37;1.09;1.02;1.26;2.25;4.4;11;3.5;1.63;1.17;1.03;0;0;0;0;3;1;0;1;1;2;1;2021-05-21 18:45:00;2063;0;50;13;29;0;1;1;3;1;3;3;4;6;0;1;1;0;1;1;1;54;74;100;113;1.18;1.65;2.84;0;0;0;0;0;0;1;1;0;0;0;0;0;0;-1;-1;-1;-1;-1;-1;-1;-1;-1;13;38;50;63;88;25;50;75;38;9;0;6.67;2.5;Cabinteely;Treaty United;0.71;1.47;1.5;0.75;1.5;1.63;88;63;50;38;13;88;88;88;0.98;1.15;2.13;5539;27;Y;Y;Y;N;N;N;Y
1190103;698030;2048;2021;complete;64610;10;-1;84,86;;2;0;2;2;11;13;-1;-1;2;2;0;0;5;7;4;10;9;17;-1;-1;42;58;2;2;3.3;3.4;1.9;1.08;1.33;1.83;3.3;6;8.5;3.2;1.97;1.3;1.14;1.87;1.91;4.3;1.19;2.3;1.57;1.98;1.28;1.22;4.5;2.2;2.3;4.3;2.56;2.18;0;0;0;1.52;1.84;2.31;0;0;2.39;1.96;1.56;0;0;0;0;2.88;9.1;1.5;6.5;2.85;1.41;2.86;5.7;15;2.86;1.41;1.1;1.02;1.22;2.18;4;10;3.8;1.67;1.2;1.04;0;0;0;0;2;0;0;2;0;2;0;2021-05-28 18:45:00;698030;0;55;33;20;0;1;1;1;5;1;6;6;7;0;0;2;2;0;4;1;46;69;89;90;1.26;2.05;3.31;0;0;0;0;0;0;1;1;0;0;0;2;0;0;-1;-1;-1;-1;-1;-1;-1;-1;-1;10;10;33;55;90;33;80;55;20;8.2;0;4.55;2.08;Treaty United;Bray Wanderers;1.64;1.4;2.5;1.8;1.44;1.56;90;90;68;45;10;58;35;23;1.12;1.42;2.54;5539;29;Y;Y;N;N;N;N;N
1190104;2058;698030;2021;complete;64610;11;-1;2;10,19;1;2;3;5;7;12;-1;-1;0;1;0;0;4;5;2;4;6;9;-1;-1;50;50;0;1;3.56;3.4;1.87;1.08;1.34;1.83;3.1;6;8.25;3.15;1.87;1.33;1.13;1.83;1.91;3.8;1.24;2.85;1.39;1.71;1.29;1.3;3.8;2.1;2.75;3.3;2.45;2.45;0;0;0;1.49;1.91;2.53;0;0;2.45;1.9;1.45;0;0;0;0;2.3;9;1.8;5.5;3.65;1.38;2.7;6;15;2.8;1.4;1.09;1.02;1.23;2.09;4.1;9;3.7;1.67;1.2;1.05;0;0;0;0;3;1;2;0;0;0;3;2021-06-11 18:45:00;698030;0;65;10;33;0;1;1;2;6;3;1;8;4;0;0;0;1;0;1;1;80;59;141;116;1.25;1.36;2.61;0;0;0;0;0;0;1;1;1;1;0;1;0;0;-1;-1;-1;-1;-1;-1;-1;-1;-1;23;33;68;78;90;35;90;78;55;8.5;0;4.6;3.03;Wexford;Treaty United;1.08;1.47;0;0.6;0.3;1.6;78;68;33;23;10;65;65;55;1.06;1.25;2.31;5539;27;Y;Y;Y;N;N;N;Y
1190105;2062;698030;2021;complete;64610;12;-1;;47,89;0;2;2;3;1;4;-1;-1;1;4;0;0;4;4;3;1;7;5;-1;-1;55;45;1;4;2.55;3.3;2.7;1.09;1.37;2;3.3;6;7.75;3;1.8;1.32;1.13;1.8;1.95;3.1;1.33;3.2;1.31;1.46;1.31;1.5;3.18;2.14;3.35;2.86;2.48;3.04;0;0;0;0;0;0;0;0;0;0;0;0;0;0;0;2.04;9;2.09;4.25;4.45;1.41;2.85;6.95;18;2.7;1.37;1.07;1.02;1.24;2.18;4.2;10;3.6;1.67;1.19;1.04;0;0;0;0;2;0;0;0;2;2;0;2021-06-19 18:00:00;698030;0;62;17;27;0;1;1;1;0;2;1;1;3;0;1;1;3;1;4;1;57;49;92;96;1.14;0.96;2.1;0;0;0;0;0;0;1;1;0;0;0;0;0;0;-1;-1;-1;-1;-1;-1;-1;-1;-1;9;37;64;82;92;27;72;84;65;8.3;0;3.93;2.82;Cobh Ramblers;Treaty United;1.08;1.47;0.8;1;1;1.73;92;64;37;19;9;82;72;54;1.28;1.27;2.55;5539;27;Y;Y;N;N;N;N;N
1190106;698030;2052;2021;complete;64610;13;-1;;48;0;1;1;5;2;7;-1;-1;2;1;0;0;0;4;7;7;7;11;-1;-1;56;44;2;1;3.1;3.6;2.1;1.08;1.34;1.73;2.9;5.75;8.5;3.2;2;1.38;1.14;1.77;2;4.3;1.19;2.6;1.45;1.87;1.28;1.26;4.4;2.22;2.52;3.94;2.58;2.3;0;0;1.28;1.43;1.83;2.3;3.1;3.34;2.76;1.98;1.61;1.32;3.72;7.5;1.48;2.3;12;1.62;6.25;3.2;1.38;2.75;5.4;15;2.99;1.44;1.12;1.02;1.21;2.09;3.8;9;3.9;1.73;1.22;1.05;0;0;0;0;1;0;0;0;1;1;0;2021-06-25 18:45:00;2052;0;40;10;13;0;1;1;1;1;4;1;2;5;0;0;2;1;0;3;1;60;59;86;75;0.88;1.4;2.28;0;0;0;0;0;0;1;1;0;0;0;1;0;0;-1;-1;-1;-1;-1;-1;-1;-1;-1;0;30;50;80;100;30;70;70;40;11.6;0;5.85;2.6;Treaty United;Galway United;1.64;1.71;2.6;1.4;1.83;1.58;100;70;50;20;0;90;80;70;1.15;1.7;2.85;5539;29;Y;N;N;N;N;N;N
1190107;2049;698030;2021;complete;64610;14;-1;23,45;17,47,74;2;3;5;6;1;7;-1;-1;2;1;0;0;7;6;13;1;20;7;-1;-1;63;37;2;1;2.12;3.2;3;1.1;1.33;1.67;3.5;6.75;7;3.1;2.15;1.29;1.11;1.91;1.87;2.3;1.59;3.25;1.31;1.34;1.33;1.6;2.75;2;4;2.63;2.31;3.25;0;0;0;1.44;1.81;2.41;3.1;0;2.56;1.99;1.51;1.33;1.55;7.5;3.36;1.8;7.1;2.3;3.1;5.25;1.5;3.5;11;26;2.5;1.29;1.05;1.01;1.34;2.55;5.3;13;3.2;1.5;1.12;1.02;0;0;0;0;5;2;1;0;2;2;3;2021-07-02 18:45:00;698030;0;61;23;31;0;1;1;3;1;3;0;4;3;2;1;0;0;3;0;1;92;40;131;91;2.41;1.16;3.57;0;2;0;2;0;0;1;1;0;0;1;0;0;0;-1;-1;-1;-1;-1;-1;-1;-1;-1;16;31;54;85;93;31;69;86;62;9;0;5.24;2.77;Cork City;Treaty United;1.5;1.47;1.17;1.29;0.92;1.69;85;69;47;16;7;69;52;37;1.54;1.23;2.77;5539;27;Y;Y;Y;Y;Y;N;Y
1190108;698030;2061;2021;complete;64610;15;-1;90;68;1;1;2;2;5;7;-1;-1;1;1;0;0;4;6;5;7;9;13;-1;-1;43;57;1;1;5.65;4.38;1.53;1.06;1.26;1.61;2.6;4.85;10;3.75;2.15;1.45;1.18;1.83;1.91;6.5;1.09;2.25;1.59;2.55;1.19;1.13;6;2.55;1.95;5.35;2.89;1.73;0;0;0;0;0;0;0;0;0;0;0;0;0;0;0;3;16;1.4;9.5;2.6;1.3;2.4;4.7;11;3.44;1.56;1.15;1.03;1.16;1.86;3.3;7.5;4.6;1.92;1.29;1.07;0;0;0;0;2;0;0;1;1;2;0;2021-07-09 18:45:00;-1;0;50;25;9;0;1;1;1;4;1;1;5;2;0;0;1;1;0;2;1;41;64;80;105;1.15;1.71;2.85;0;0;0;0;0;0;1;1;0;0;0;1;0;0;-1;-1;-1;-1;-1;-1;-1;-1;-1;9;25;42;59;92;34;75;67;42;9.33;0;4.17;2.25;Treaty United;Shelbourne;1.64;2.08;2.17;2.67;1.79;2.57;92;75;58;42;9;67;50;42;1.1;1.57;2.67;5539;27;Y;Y;N;N;N;N;Y
1190109;698030;2059;2021;complete;64610;16;-1;28,56;54;2;1;3;7;4;11;-1;-1;5;1;0;0;3;3;1;5;4;8;-1;-1;48;52;5;1;2.95;3.55;2.25;1.06;1.29;1.8;2.85;5;9.75;3.5;2;1.4;1.17;1.62;2.2;3.6;1.25;3.15;1.33;1.47;1.25;1.36;3.25;2.2;2.88;3;2.45;2.6;0;0;0;1.48;1.89;2.51;3.2;0;2.61;1.93;1.51;1.3;2.55;7.5;1.82;2.2;8.75;1.73;4.9;4.1;1.36;2.75;7;21;3;1.4;1.1;1.02;1.19;1.99;3.6;9;4.2;1.74;1.25;1.05;0;0;0;0;3;1;0;1;1;2;1;2021-07-16 18:45:00;698030;0;50;22;22;0;1;1;3;1;4;3;4;7;3;1;2;0;4;2;1;55;59;94;96;0.87;1.15;2.02;0;1;0;1;0;0;1;1;0;0;2;0;0;0;-1;-1;-1;-1;-1;-1;-1;-1;-1;15;43;57;79;100;36;72;79;58;8.28;0;3.58;3;Treaty United;UCD;1.64;1.6;2;1.86;1.73;1.67;86;57;43;22;0;57;43;29;1.11;1.59;2.7;5539;29;Y;Y;Y;N;N;N;Y
1190110;2060;698030;2021;complete;64610;17;-1;90;36,67,79,84;1;4;5;2;2;4;-1;-1;2;0;0;0;6;9;11;8;17;17;-1;-1;59;41;2;0;2.45;3.35;2.8;1.08;1.32;1.91;3.05;5.75;8.75;3.25;1.87;1.36;1.15;1.74;2;3.1;1.31;3.4;1.26;1.42;1.28;1.48;3.2;2.1;3.2;2.7;2.53;2.89;0;0;0;0;0;0;0;0;0;0;0;0;0;0;0;1.95;11.75;1.95;4.1;4.55;1.38;2.89;5.4;15;3.06;1.42;1.12;1.02;1.21;2;3.8;9;3.9;1.72;1.22;1.05;0;0;0;0;5;0;1;1;3;4;1;2021-07-30 18:45:00;698030;0;69;32;19;0;1;1;0;1;2;1;1;3;1;0;1;0;1;1;1;81;37;138;107;2.08;1.98;4.06;0;0;0;0;0;0;1;1;0;0;0;0;0;0;-1;-1;-1;-1;-1;-1;-1;-1;-1;19;38;69;88;88;38;82;82;57;8.76;0;4.38;3;Athlone Town;Treaty United;1.23;1.47;1.25;1.5;1.31;1.81;82;63;32;13;13;76;63;50;1.68;1.22;2.9;5539;27;Y;Y;Y;Y;Y;N;Y
1190111;698030;2063;2021;complete;64610;18;-1;45;6,37,56,68;1;4;5;9;4;13;7;7;2;0;1;0;7;12;4;4;11;16;8;13;51;49;4;0;1.59;3.85;5.5;1.08;1.36;2;3.35;6.5;8.5;3;1.8;1.31;1.12;2.05;1.74;2.35;1.65;4.95;1.2;1.19;1.27;2.2;2.25;2.1;4.55;2.05;2.4;4.35;0;0;0;1.41;1.74;2.28;2.9;0;2.7;2.06;1.6;1.36;1.58;8;3.18;1.61;10.25;3.05;2.9;8.75;1.43;2.75;6.5;18;2.8;1.43;1.12;1.02;1.21;2.11;3.9;10;3.9;1.71;1.21;1.04;0;0;0;0;5;1;2;0;2;2;3;2021-08-06 18:45:00;2063;0;44;7;32;0;1;1;5;2;4;2;7;6;1;0;2;0;1;2;1;52;39;101;98;1.57;2.13;3.7;0;1;0;1;0;0;1;1;0;1;0;0;0;0;-1;-1;-1;-1;-1;-1;-1;-1;-1;7;7;38;63;100;19;69;82;38;9.25;0;4.38;2.13;Treaty United;Cabinteely;1.64;1.15;2.13;1.13;1.88;1.06;94;94;63;38;0;69;63;57;1.08;1.12;2.2;5539;27;Y;Y;Y;Y;Y;N;Y
1190112;2048;698030;2021;complete;64610;19;-1;90;;1;0;1;7;4;11;0;0;0;0;0;0;2;2;6;3;8;5;10;6;58;42;0;0;1.57;3.8;5.75;1.08;1.36;2;3.35;6.5;8.25;3.05;1.8;1.31;1.12;2.1;1.71;2.1;1.77;4.9;1.2;1.11;1.2;2.25;2.15;2.2;5;1.95;2.5;4.75;0;0;0;1.53;1.87;2.32;3.2;0;2.45;1.93;1.58;1.3;1.37;8.5;4.4;1.54;8.7;3.16;2.65;9.25;1.39;2.95;6;15;2.8;1.39;1.1;1.02;1.24;2.24;4.2;10;3.6;1.59;1.19;1.04;0;0;0;0;1;0;0;1;0;1;0;2021-08-13 18:30:00;2048;0;61;33;22;0;1;-1;0;2;7;2;2;9;0;0;0;0;0;0;1;43;35;77;66;0.96;0.71;1.67;1;0;1;0;0;0;1;1;0;0;0;1;-1;-1;-1;-1;-1;-1;-1;-1;-1;-1;-1;22;39;67;78;78;39;73;67;50;8.66;0;4.11;2.83;Bray Wanderers;Treaty United;1.33;1.47;1.67;1.67;1.61;1.78;78;62;33;22;22;50;50;39;1.51;1.3;2.81;5539;29;Y;N;N;N;N;N;N
1190113;698030;2058;2021;complete;64610;20;-1;85;60;1;1;2;1;4;5;-1;-1;1;3;0;0;12;13;4;8;16;21;-1;-1;50;50;1;3;1.67;3.8;4.55;1.07;1.32;1.91;3.15;6;9.5;3.3;1.87;1.34;1.13;1.95;1.83;2.5;1.57;4.05;1.27;1.2;1.22;1.9;2.4;2.2;4;2.25;2.45;3.75;0;0;1.27;1.51;1.85;2.29;3.15;3.4;2.48;1.94;1.6;1.31;1.51;7.5;3.52;1.71;9;2.85;3.25;6.75;1.38;2.9;7;20;2.85;1.39;1.1;1.02;1.24;2.24;4.2;10;3.6;1.59;1.19;1.04;0;0;0;0;2;0;0;1;1;2;0;2021-08-20 18:45:00;-1;0;45;17;22;0;1;1;1;2;0;2;3;2;0;2;1;1;2;2;1;77;84;100;123;2.4;2.84;5.24;0;0;0;0;0;0;1;1;0;0;0;0;0;0;-1;-1;-1;-1;-1;-1;-1;-1;-1;17;22;45;67;100;22;73;84;44;7.78;0;5.16;2.5;Treaty United;Wexford;1.64;0.5;1.89;0.33;1.68;0.42;84;78;56;33;0;56;39;28;1.13;1.25;2.38;5539;27;Y;Y;N;N;N;N;Y
1190114;698030;2062;2021;complete;64610;21;-1;9,72,79;;3;0;3;5;2;7;2;2;0;1;0;0;5;0;4;8;9;8;5;7;46;54;0;1;1.77;3.7;4.05;1.08;1.34;1.95;3.3;6;9;3.1;1.8;1.32;1.13;1.95;1.83;2.45;1.61;4.25;1.25;1.17;1.22;1.95;2.35;2.15;4.33;2.15;2.45;4;0;0;0;0;0;0;0;0;0;0;0;0;0;0;0;1.71;9.25;2.8;3.15;7.25;1.39;2.85;6.75;18;2.8;1.41;1.11;1.02;1.23;2.19;4.1;10;3.7;1.62;1.19;1.04;0;0;0;0;3;1;0;2;0;2;1;2021-09-03 18:45:00;698030;0;65;20;25;0;1;1;3;1;2;1;4;3;0;0;0;1;0;1;1;41;45;87;90;1.22;0.84;2.06;0;0;0;0;0;0;1;1;1;0;2;1;0;0;-1;-1;-1;-1;-1;-1;-1;-1;-1;5;15;50;80;100;25;70;90;45;8.8;0;4.49;2.5;Treaty United;Cobh Ramblers;1.64;1;1.8;0.8;1.65;0.95;95;85;50;20;0;65;55;45;1.26;1.12;2.38;5539;27;Y;Y;Y;N;N;N;N
1190115;2052;698030;2021;complete;64610;22;-1;;;0;0;0;5;6;11;-1;-1;2;1;0;1;5;3;4;4;9;7;-1;-1;54;46;2;2;1.6;4;5.5;1.08;1.36;1.85;3.4;6.75;8.5;3.05;1.93;1.28;1.11;2.1;1.71;2.1;1.77;5.75;1.17;1.13;1.24;2.36;2.16;2.24;5.8;1.93;2.64;5.4;0;0;1.23;1.43;1.77;2.19;2.8;3.7;2.6;2.03;1.64;1.38;1.38;7.3;4.18;1.51;9.2;3.24;2.55;11;1.4;2.86;5.6;15;2.9;1.41;1.11;1.02;1.22;2.16;3.9;10;3.8;1.68;1.21;1.04;0;0;0;0;0;0;0;0;0;0;0;2021-09-10 18:45:00;-1;0;65;25;25;0;1;1;4;0;1;6;4;7;0;0;2;2;0;4;1;76;60;131;103;1.48;1.09;2.57;0;0;0;0;0;0;1;1;0;0;0;0;0;0;-1;-1;-1;-1;-1;-1;-1;-1;-1;20;35;55;75;90;25;75;80;45;11;0;4.6;2.75;Galway United;Treaty United;1.87;1.47;1.8;1.5;1.81;1.71;80;65;45;25;10;75;65;60;1.82;1.24;3.06;5539;29;N;N;N;N;N;N;N
1190116;698030;2049;2021;complete;64610;23;-1;;;0;0;0;3;4;7;-1;-1;2;3;0;0;3;8;8;5;11;13;-1;-1;46;54;2;3;2.45;3.2;2.8;1.09;1.39;2.05;3.35;6;7.75;2.9;1.77;1.31;1.13;1.87;1.91;3.1;1.4;3.45;1.34;1.35;1.25;1.5;2.95;2.1;3.3;2.65;2.4;3.1;0;0;0;0;0;0;0;0;0;0;0;0;0;0;0;2;9;2.25;4.4;5.25;1.39;2.9;6.75;19;2.8;1.4;1.11;1.02;1.3;2.14;4.2;10;3.45;1.64;1.19;1.04;0;0;0;0;0;0;0;0;0;0;0;2021-09-24 18:45:00;-1;0;48;19;19;0;1;1;1;1;2;3;2;5;1;0;1;3;1;4;1;38;70;96;110;1.19;1.89;3.08;0;0;0;0;0;0;1;1;0;0;0;0;0;0;-1;-1;-1;-1;-1;-1;-1;-1;-1;10;15;38;62;85;24;57;76;38;9.67;0;4.06;2.09;Treaty United;Cork City;1.64;0.92;1.91;1;1.68;1.14;91;86;62;39;15;73;63;48;1.26;1.39;2.65;5539;27;N;N;N;N;N;N;N
1190117;2061;698030;2021;complete;64610;24;-1;74;;1;0;1;9;4;13;-1;-1;3;1;0;0;8;3;6;2;14;5;-1;-1;57;43;3;1;1.29;5.5;8.5;1.02;1.3;1.78;3.25;6.2;9.2;3.3;2;1.3;1.08;2.15;1.66;0;0;0;0;1.04;1.15;2.9;1.87;2.4;6;1.72;2.7;6;0;0;0;0;0;0;0;0;0;0;0;0;0;0;0;1.38;9.3;4.05;2.1;13;1.4;2.75;5.5;15;2.75;1.4;1.11;1.02;1.21;2.14;3.9;10;3.9;1.64;1.22;1.04;0;0;0;0;1;0;0;1;0;1;0;2021-10-01 18:45:00;2061;0;60;27;27;0;1;1;8;1;1;3;9;4;1;0;2;1;1;3;1;86;71;146;128;2.07;1.06;3.13;1;0;1;0;0;0;1;1;0;0;0;0;0;0;-1;-1;-1;-1;-1;-1;-1;-1;-1;18;46;60;73;91;36;69;82;46;10.28;0;3;2.91;Shelbourne;Treaty United;2.14;1.47;2.27;1.45;2.26;1.65;82;55;41;27;9;64;64;55;1.75;1.23;2.98;5539;27;Y;N;N;N;N;N;N
1190118;2059;698030;2021;complete;64610;25;-1;14,76;50;2;1;3;6;7;13;-1;-1;0;1;0;0;6;6;5;5;11;11;-1;-1;56;44;0;1;1.6;4;4.5;1.02;1.27;1.55;2.5;5.9;9.9;3.6;2.3;1.5;1.12;1.8;1.91;0;0;0;0;1.2;1.22;1.87;2.5;2.2;4;2.2;2.5;3.6;0;0;0;0;0;0;0;0;0;0;0;0;0;0;0;1.57;9.9;2.5;3.4;7.25;1.36;2.75;7;19;3;1.4;1.1;1.02;1.2;2.08;3.7;11;4;1.68;1.23;1.05;0;0;0;0;3;1;0;1;1;2;1;2021-10-22 18:45:00;2059;0;56;28;32;0;1;1;3;2;3;5;5;8;0;0;0;1;0;1;1;66;50;95;94;1.59;1.48;3.07;0;0;0;0;0;0;1;1;0;0;1;0;0;0;-1;-1;-1;-1;-1;-1;-1;-1;-1;32;40;56;68;80;40;64;72;52;7.98;0;3.73;2.95;UCD;Treaty United;1.87;1.47;1.92;1.33;1.68;1.56;69;61;44;32;20;57;53;37;1.52;1.21;2.73;5539;29;Y;Y;Y;N;N;N;Y
1190119;698030;2060;2021;complete;64610;26;-1;74;25;1;1;2;3;2;5;-1;-1;2;1;0;0;9;5;4;9;13;14;-1;-1;50;50;2;1;2.01;3.46;3.33;1.01;1.26;1.81;3;5.55;10;3.62;1.93;1.35;1.1;1.72;2.1;0;0;0;0;1.3;1.29;1.78;2.59;2.22;4.1;2.38;2.58;3.66;0;0;0;0;0;0;0;0;0;0;0;0;0;0;0;1.76;10;2.43;3.4;6.5;1.37;2.73;6.2;15;3.04;1.44;1.09;1.02;1.2;2.07;4.1;9;4;1.74;1.2;1.05;0;0;0;0;2;0;1;1;0;1;1;2021-10-15 18:45:00;-1;0;48;20;20;0;1;1;2;1;1;1;3;2;0;0;2;1;0;3;1;52;40;87;120;1.83;1.53;3.36;1;0;1;0;0;0;1;1;0;0;2;0;0;0;-1;-1;-1;-1;-1;-1;-1;-1;-1;12;20;40;61;92;28;64;69;41;10.25;0;4.91;2.39;Treaty United;Athlone Town;1.64;1.21;1.83;1.23;1.58;1.28;89;81;61;40;8;68;60;48;1.25;1.42;2.67;5539;27;Y;Y;N;N;N;N;Y
1190120;2063;698030;2021;complete;64610;27;-1;;62,90;0;2;2;6;4;10;-1;-1;2;1;0;0;4;5;10;3;14;8;-1;-1;58;42;2;1;3.1;3.4;2.03;1.01;1.25;1.75;2.9;5.05;10.75;3.75;2.05;1.38;1.12;1.65;2.16;0;0;0;0;1.82;1.29;1.3;4.05;2.34;2.65;3.5;2.5;2.3;0;0;0;0;0;0;0;0;0;0;0;0;0;0;0;2.41;10.75;1.75;5.25;3.25;1.35;2.7;5.7;10.25;3.28;1.48;1.1;1;1.18;1.95;3.8;10;4.3;1.78;1.22;1.06;0;0;0;0;2;0;0;0;2;2;0;2021-10-29 18:45:00;698030;0;50;12;32;0;1;1;3;3;3;1;6;4;0;0;2;1;0;3;1;82;70;103;92;1.75;1.36;3.12;0;0;0;0;0;0;1;1;0;0;1;0;0;0;-1;-1;-1;-1;-1;-1;-1;-1;-1;12;23;54;69;93;19;62;81;50;9.92;0;4.44;2.5;Cabinteely;Treaty United;0.71;1.47;0.77;1.23;0.96;1.5;89;77;46;31;8;76;72;60;1.21;1.24;2.45;5539;27;Y;Y;N;N;N;N;N
1225753;2048;2049;2021;complete;64610;6;-1;;;0;0;0;5;3;8;-1;-1;1;0;0;0;5;2;7;5;12;7;-1;-1;54;46;1;0;1.8;3.5;4;1.04;1.38;2.23;3.9;7.6;7.9;2.9;1.71;1.23;1.05;2;1.79;2.2;1.62;3.7;1.25;1.22;1.28;1.78;2.51;2.08;4.95;2.28;2.42;4.35;0;0;0;0;0;0;0;0;0;0;0;0;0;0;0;1.69;7.9;2.76;2.8;5.75;1.47;3.2;6.7;26;2.64;1.34;1.07;1.01;1.3;2.38;4.7;15;3.45;1.57;1.15;1.03;0;0;0;0;0;0;0;0;0;0;0;2021-04-30 18:30:00;-1;0;50;50;0;0;1;1;4;2;1;1;6;2;1;0;0;0;1;0;1;60;53;128;91;1.55;0.97;2.52;0;0;0;0;0;0;1;1;0;0;3;0;0;0;-1;-1;-1;-1;-1;-1;-1;-1;-1;0;0;50;50;75;50;50;50;0;16;0;3;1.75;Bray Wanderers;Cork City;1.33;0.92;0.5;0;0.8;0.6;100;100;50;50;25;100;100;50;1.74;1.21;2.95;5539;27;N;N;N;N;N;N;N
1225754;2060;2063;2021;complete;64610;6;-1;80;43,69;1;2;3;11;1;12;-1;-1;3;0;0;0;13;6;15;3;28;9;-1;-1;60;40;3;0;1.55;3.9;4.75;1.01;1.2;1.6;2.5;4.33;15;4.33;2.3;1.5;1.2;1.64;2.13;2.55;1.48;6;1.1;1.17;1.22;2.04;2.1;2.38;4.75;1.9;2.8;4.4;0;0;0;0;0;0;0;0;0;0;0;0;0;0;0;1.49;16.25;2.64;2.9;8.25;1.3;2.38;4.7;15;3.44;1.57;1.15;1.03;1.16;1.83;3.3;8;4.6;1.9;1.29;1.08;0;0;0;0;3;0;1;1;1;2;1;2021-04-30 18:45:00;2063;0;75;0;50;0;1;1;3;1;8;0;4;8;1;0;2;0;1;2;1;79;38;138;105;3.24;1.28;4.52;0;0;0;0;0;0;1;1;0;0;1;0;0;0;-1;-1;-1;-1;-1;-1;-1;-1;-1;25;50;100;100;100;50;100;100;75;13;0;3.5;3.75;Athlone Town;Cabinteely;1.23;1.15;3;1.5;2.6;1.2;75;50;0;0;0;50;50;50;1.69;1.36;3.05;5539;27;Y;Y;Y;N;N;N;Y
1225755;2058;2059;2021;complete;64610;6;-1;;3,34,38,40,55,66;0;6;6;0;3;3;-1;-1;3;0;2;0;3;14;0;10;3;24;-1;-1;34;66;6;0;5;4.4;1.47;1.01;1.17;1.63;2.43;4.15;13.5;4.6;2.38;1.52;1.18;1.77;2.03;6.5;1.09;2.25;1.61;2.31;1.19;1.13;5.9;2.52;1.94;5.65;3;1.75;0;0;0;1.48;1.89;2.5;0;0;2.48;1.92;1.47;0;0;0;0;3.28;17.25;1.4;9;2.5;1.3;2.35;4.5;15;3.45;1.58;1.17;1.03;1.15;1.83;3.1;8;4.7;1.95;1.32;1.08;0;0;0;0;6;0;4;0;2;2;4;2021-04-30 18:45:00;2059;0;75;0;50;0;1;1;0;2;0;1;2;1;3;0;2;0;3;2;1;23;78;84;128;0.58;3.05;3.63;0;2;0;2;0;0;1;1;0;1;0;0;1;0;-1;-1;-1;-1;-1;-1;-1;-1;-1;0;50;100;100;100;50;100;100;75;10.5;0;1.5;3.5;Wexford;UCD;1.08;1.6;0;2;0;1.8;100;50;0;0;0;100;75;75;1.36;1.35;2.71;5539;27;Y;Y;Y;Y;Y;Y;N
1225756;2061;698030;2021;complete;64610;6;-1;90,90;37,90;2;2;4;7;7;14;-1;-1;2;4;0;1;7;5;7;2;14;7;-1;-1;61;39;2;5;1.25;4.75;9.5;1.05;1.36;2.15;3.75;7;8.5;3;1.67;1.25;1.08;2.59;1.44;1.5;2.45;5.5;1.12;1.07;1.16;2.74;1.91;2.2;8;1.62;2.68;8.25;0;0;0;0;0;0;0;0;0;0;0;0;0;0;0;1.3;9.45;4.27;1.71;10;1.46;3.14;6.2;23;2.68;1.35;1.09;1.01;1.26;2.19;4.4;15;3.5;1.61;1.17;1.03;0;0;0;0;4;0;1;2;1;3;1;2021-04-30 18:45:00;-1;0;50;25;25;0;1;1;1;2;6;5;3;11;0;2;2;3;2;5;1;100;74;126;84;2.1;1.33;3.42;0;0;0;0;0;0;1;1;0;0;0;0;0;0;-1;-1;-1;-1;-1;-1;-1;-1;-1;25;25;25;50;75;25;50;75;25;8.5;2;3.5;2.25;Shelbourne;Treaty United;2.14;1.47;2;1;2.2;1.8;75;75;75;50;25;50;50;50;1.37;0.87;2.24;5539;27;Y;Y;Y;Y;N;N;Y
1444702;2048;2052;2021;complete;64612;0;-1;;;0;0;0;3;3;6;2;0;2;2;0;0;3;4;7;6;10;10;10;9;57;43;2;2;2.87;3.25;2.2;1.03;1.33;2.05;3.6;6.75;8.5;3.1;1.7;1.25;1.06;1.83;1.83;0;0;0;0;1.55;1.31;1.42;3.6;2.05;2.88;3.2;2.35;2.6;0;0;0;0;0;0;0;0;0;0;0;0;0;0;0;2.05;8.5;1.91;5;3.8;1.44;3;9;23;2.63;1.36;1.07;1.01;1.25;2.2;5;13;3.75;1.62;1.17;1.04;0;0;0;0;0;0;0;0;0;0;0;2021-11-03 19:45:00;-1;1;45;12;8;0;1;1;2;1;1;2;3;3;1;0;1;2;1;3;1;68;45;159;138;1.35;1.26;2.61;0;0;0;0;0;0;1;1;0;0;0;1;0;0;-1;-1;-1;-1;-1;-1;-1;-1;-1;11;28;50;63;84;25;60;72;39;11.76;0;4.08;2.43;Bray Wanderers;Galway United;1.37;1.79;1.37;1.89;1.37;1.89;89;72;50;37;17;70;61;53;1.46;1.52;2.98;5539;29;N;N;N;N;N;N;N
1444703;698030;2059;2021;complete;64612;0;-1;;34,79,90;0;3;3;3;4;7;-1;-1;3;0;0;0;4;7;8;6;12;13;-1;-1;55;45;3;0;2.7;3.1;2.35;1.06;1.3;1.91;3.5;6;8;3.3;1.8;1.28;1.11;1.73;2;0;0;0;0;1.55;1.29;1.44;3.25;2.2;3;2.88;2.4;2.63;0;0;0;0;0;0;0;0;0;0;0;0;0;0;0;1.91;9.2;2;5;4;1.4;2.75;7;21;2.75;1.4;1.1;1.02;1.22;2;4.33;11;4;1.73;1.2;1.05;0;0;0;0;3;0;1;0;2;2;1;2021-11-03 19:45:00;2059;1;60;15;39;0;1;1;2;1;1;3;3;4;1;0;2;0;1;2;1;55;38;93;80;1.44;1.59;3.02;0;0;0;0;0;0;1;1;0;0;1;1;0;0;-1;-1;-1;-1;-1;-1;-1;-1;-1;23;34;56;78;89;30;65;80;63;8.74;0;3.15;2.89;Treaty United;UCD;1.55;1.73;1.56;1.7;1.56;1.7;78;67;45;23;11;59;54;41;1.29;1.45;2.74;5539;29;Y;Y;Y;N;N;N;N
1444704;2052;2048;2021;complete;64612;0;-1;;22;0;1;1;10;3;13;-1;-1;1;2;0;0;5;2;7;3;12;5;-1;-1;62;38;1;2;1.95;3.54;3.78;1.05;1.3;1.99;3.4;6;8;3;1.8;1.26;1.09;1.8;1.91;0;0;0;0;1.29;1.29;1.85;2.52;2.1;4.46;2.34;2.51;4;0;0;0;0;0;0;0;0;0;0;0;0;0;0;0;1.67;10;2.5;3.45;6.5;1.4;2.87;6.85;23;2.7;1.33;1.07;1.01;1.23;2.22;4.6;13;3.7;1.66;1.16;1.04;0;0;0;0;1;0;1;0;0;0;1;2021-11-07 17:00:00;2048;1;43;21;29;0;1;1;6;2;4;1;8;5;0;0;1;2;0;3;1;116;52;160;105;1.95;0.85;2.8;0;0;0;0;0;0;1;1;0;0;1;0;0;0;-1;-1;-1;-1;-1;-1;-1;-1;-1;11;27;48;61;81;24;58;70;38;11.55;0;4.07;2.34;Galway United;Bray Wanderers;1.79;1.37;1.86;1.36;1.86;1.36;90;73;52;39;20;67;59;51;1.77;1.43;3.2;5539;29;Y;N;N;N;N;N;N
1444705;2059;698030;2021;complete;64612;0;-1;69;8,52;1;2;3;5;2;7;-1;-1;2;3;0;1;7;7;6;9;13;16;-1;-1;47;53;2;5;1.64;3.7;4.27;1.01;1.25;1.79;2.9;5.25;10.5;3.6;1.94;1.36;1.13;1.75;1.95;0;0;0;0;1.2;1.29;2.05;2.26;2.2;4.5;2.07;2.67;4.6;0;0;0;0;0;0;0;0;0;0;0;0;0;0;0;1.57;10;2.75;3.1;9;1.36;2.63;5.75;19;2.9;1.43;1.1;1.02;1.2;2.06;4.1;11;4;1.76;1.2;1.05;0;0;0;0;3;0;1;1;1;2;1;2021-11-07 17:00:00;698030;1;58;25;36;0;1;1;2;2;3;0;4;3;1;0;1;4;1;5;1;42;37;91;83;1.62;1.77;3.38;0;0;0;0;0;0;1;1;0;1;0;1;0;0;-1;-1;-1;-1;-1;-1;-1;-1;-1;22;32;57;79;89;29;66;81;65;8.68;0;3.15;2.9;UCD;Treaty United;1.73;1.55;1.75;1.5;1.75;1.5;79;68;43;22;11;57;52;40;1.53;1.24;2.77;5539;29;Y;Y;Y;N;N;N;Y
1449851;2048;2059;2021;complete;64611;0;-1;;68,88;0;2;2;5;5;10;-1;-1;2;4;0;0;4;8;7;6;11;14;-1;-1;50;50;2;4;2.89;3.25;2.23;1.05;1.29;1.96;3;5.5;9;3.5;1.92;1.36;1.12;1.66;2.1;0;0;0;0;1.57;1.36;1.36;3.4;2.1;2.88;3.26;2.65;2.46;0;0;0;0;0;0;0;0;0;0;0;0;0;0;0;2.25;9.2;1.73;5.5;3.75;1.33;2.55;6.1;21;3;1.46;1.09;1.02;1.19;1.97;4;11;4.2;1.74;1.2;1.05;0;0;0;0;2;0;0;0;2;2;0;2021-11-19 19:45:00;2059;1;54;18;29;0;1;1;3;1;2;4;4;6;1;1;1;3;2;4;1;33;60;91;126;1.22;1.89;3.11;0;0;0;0;0;0;1;1;0;0;0;0;0;0;-1;-1;-1;-1;-1;-1;-1;-1;-1;21;35;60;73;83;33;64;75;59;9.76;0;3.04;2.88;Bray Wanderers;UCD;1.37;1.73;1.41;1.69;1.41;1.69;79;66;40;28;17;61;52;38;1.45;1.46;2.91;5539;30;Y;Y;N;N;N;N;N
