ID;HOMEID;AWAYID;SEASON;STATUS;ROUNDID;GAME_WEEK;REVISED_GAME_WEEK;HOMEGOALS;AWAYGOALS;HOMEGOALCOUNT;AWAYGOALCOUNT;TOTALGOALCOUNT;TEAM_A_CORNERS;TEAM_B_CORNERS;TOTALCORNERCOUNT;TEAM_A_OFFSIDES;TEAM_B_OFFSIDES;TEAM_A_YELLOW_CARDS;TEAM_B_YELLOW_CARDS;TEAM_A_RED_CARDS;TEAM_B_RED_CARDS;TEAM_A_SHOTSONTARGET;TEAM_B_SHOTSONTARGET;TEAM_A_SHOTSOFFTARGET;TEAM_B_SHOTSOFFTARGET;TEAM_A_SHOTS;TEAM_B_SHOTS;TEAM_A_FOULS;TEAM_B_FOULS;TEAM_A_POSSESSION;TEAM_B_POSSESSION;TEAM_A_CARDS_NUM;TEAM_B_CARDS_NUM;ODDS_FT_1;ODDS_FT_X;ODDS_FT_2;ODDS_FT_OVER05;ODDS_FT_OVER15;ODDS_FT_OVER25;ODDS_FT_OVER35;ODDS_FT_OVER45;ODDS_FT_UNDER05;ODDS_FT_UNDER15;ODDS_FT_UNDER25;ODDS_FT_UNDER35;ODDS_FT_UNDER45;ODDS_BTTS_YES;ODDS_BTTS_NO;ODDS_TEAM_A_CS_YES;ODDS_TEAM_A_CS_NO;ODDS_TEAM_B_CS_YES;ODDS_TEAM_B_CS_NO;ODDS_DOUBLECHANCE_1X;ODDS_DOUBLECHANCE_12;ODDS_DOUBLECHANCE_X2;ODDS_1ST_HALF_RESULT_1;ODDS_1ST_HALF_RESULT_X;ODDS_1ST_HALF_RESULT_2;ODDS_2ND_HALF_RESULT_1;ODDS_2ND_HALF_RESULT_X;ODDS_2ND_HALF_RESULT_2;ODDS_DNB_1;ODDS_DNB_2;ODDS_CORNERS_OVER_75;ODDS_CORNERS_OVER_85;ODDS_CORNERS_OVER_95;ODDS_CORNERS_OVER_105;ODDS_CORNERS_OVER_115;ODDS_CORNERS_UNDER_75;ODDS_CORNERS_UNDER_85;ODDS_CORNERS_UNDER_95;ODDS_CORNERS_UNDER_105;ODDS_CORNERS_UNDER_115;ODDS_CORNERS_1;ODDS_CORNERS_X;ODDS_CORNERS_2;ODDS_TEAM_TO_SCORE_FIRST_1;ODDS_TEAM_TO_SCORE_FIRST_X;ODDS_TEAM_TO_SCORE_FIRST_2;ODDS_WIN_TO_NIL_1;ODDS_WIN_TO_NIL_2;ODDS_1ST_HALF_OVER05;ODDS_1ST_HALF_OVER15;ODDS_1ST_HALF_OVER25;ODDS_1ST_HALF_OVER35;ODDS_1ST_HALF_UNDER05;ODDS_1ST_HALF_UNDER15;ODDS_1ST_HALF_UNDER25;ODDS_1ST_HALF_UNDER35;ODDS_2ND_HALF_OVER05;ODDS_2ND_HALF_OVER15;ODDS_2ND_HALF_OVER25;ODDS_2ND_HALF_OVER35;ODDS_2ND_HALF_UNDER05;ODDS_2ND_HALF_UNDER15;ODDS_2ND_HALF_UNDER25;ODDS_2ND_HALF_UNDER35;ODDS_BTTS_1ST_HALF_YES;ODDS_BTTS_1ST_HALF_NO;ODDS_BTTS_2ND_HALF_YES;ODDS_BTTS_2ND_HALF_NO;OVERALLGOALCOUNT;HT_GOALS_TEAM_A;HT_GOALS_TEAM_B;GOALS_2HG_TEAM_A;GOALS_2HG_TEAM_B;GOALCOUNT_2HG;HTGOALCOUNT;DATE_UNIX;WINNINGTEAM;NO_HOME_AWAY;BTTS_POTENTIAL;BTTS_FHG_POTENTIAL;BTTS_2HG_POTENTIAL;GOALTIMINGDISABLED;CORNER_TIMINGS_RECORDED;CARD_TIMINGS_RECORDED;TEAM_A_FH_CORNERS;TEAM_B_FH_CORNERS;TEAM_A_2H_CORNERS;TEAM_B_2H_CORNERS;CORNER_FH_COUNT;CORNER_2H_COUNT;TEAM_A_FH_CARDS;TEAM_B_FH_CARDS;TEAM_A_2H_CARDS;TEAM_B_2H_CARDS;TOTAL_FH_CARDS;TOTAL_2H_CARDS;ATTACKS_RECORDED;TEAM_A_DANGEROUS_ATTACKS;TEAM_B_DANGEROUS_ATTACKS;TEAM_A_ATTACKS;TEAM_B_ATTACKS;TEAM_A_XG;TEAM_B_XG;TOTAL_XG;TEAM_A_PENALTIES_WON;TEAM_B_PENALTIES_WON;TEAM_A_PENALTY_GOALS;TEAM_B_PENALTY_GOALS;TEAM_A_PENALTY_MISSED;TEAM_B_PENALTY_MISSED;PENS_RECORDED;GOAL_TIMINGS_RECORDED;TEAM_A_0_10_MIN_GOALS;TEAM_B_0_10_MIN_GOALS;TEAM_A_CORNERS_0_10_MIN;TEAM_B_CORNERS_0_10_MIN;TEAM_A_CARDS_0_10_MIN;TEAM_B_CARDS_0_10_MIN;THROWINS_RECORDED;TEAM_A_THROWINS;TEAM_B_THROWINS;FREEKICKS_RECORDED;TEAM_A_FREEKICKS;TEAM_B_FREEKICKS;GOALKICKS_RECORDED;TEAM_A_GOALKICKS;TEAM_B_GOALKICKS;O45_POTENTIAL;O35_POTENTIAL;O25_POTENTIAL;O15_POTENTIAL;O05_POTENTIAL;O15HT_POTENTIAL;O05HT_POTENTIAL;O05_2H_POTENTIAL;O15_2H_POTENTIAL;CORNERS_POTENTIAL;OFFSIDES_POTENTIAL;CARDS_POTENTIAL;AVG_POTENTIAL;HOME_NAME;AWAY_NAME;HOME_PPG;AWAY_PPG;PRE_MATCH_HOME_PPG;PRE_MATCH_AWAY_PPG;PRE_MATCH_TEAMA_OVERALL_PPG;PRE_MATCH_TEAMB_OVERALL_PPG;U45_POTENTIAL;U35_POTENTIAL;U25_POTENTIAL;U15_POTENTIAL;U05_POTENTIAL;CORNERS_O85_POTENTIAL;CORNERS_O95_POTENTIAL;CORNERS_O105_POTENTIAL;TEAM_A_XG_PREMATCH;TEAM_B_XG_PREMATCH;TOTAL_XG_PREMATCH;COMPETITION_ID;MATCHES_COMPLETED_MINIMUM;OVER05;OVER15;OVER25;OVER35;OVER45;OVER55;BTTS
119442;2067;2057;2013;complete;652;1;-1;;11,56,64,66,88;0;5;5;-1;-1;-1;-1;-1;1;1;0;0;-1;-1;-1;-1;-1;-1;-1;-1;-1;-1;1;1;0;0;0;0;0;0;0;0;0;0;0;0;0;0;0;0;0;0;0;0;0;0;0;0;0;0;0;0;0;0;0;0;0;0;0;0;0;0;0;0;0;0;0;0;0;0;0;0;0;0;0;0;0;0;0;0;0;0;0;0;0;0;0;0;0;0;0;0;5;0;1;0;4;4;1;2013-03-08 19:45:00;2057;0;0;0;0;0;-1;1;-1;-1;-1;-1;-1;-1;1;1;0;0;2;0;-1;0;0;0;0;0;0;0;0;0;0;0;0;0;1;1;0;0;-1;-1;1;0;-1;-1;-1;-1;-1;-1;-1;-1;-1;0;0;0;0;0;0;0;0;0;0;0;0;0;Salthill Devon;Longford Town;0.93;1.27;0;0;0;0;0;0;0;0;0;0;0;0;0;0;0;458;28;Y;Y;Y;Y;Y;N;N
119443;2064;2054;2013;complete;652;1;-1;19;89;1;1;2;-1;-1;-1;-1;-1;3;1;0;1;-1;-1;-1;-1;-1;-1;-1;-1;-1;-1;3;3;0;0;0;0;0;0;0;0;0;0;0;0;0;0;0;0;0;0;0;0;0;0;0;0;0;0;0;0;0;0;0;0;0;0;0;0;0;0;0;0;0;0;0;0;0;0;0;0;0;0;0;0;0;0;0;0;0;0;0;0;0;0;0;0;0;0;0;0;2;1;0;0;1;1;1;2013-03-08 19:45:00;-1;0;0;0;0;0;-1;1;-1;-1;-1;-1;-1;-1;2;1;1;1;3;2;-1;0;0;0;0;0;0;0;0;0;0;0;0;0;1;1;0;0;-1;-1;0;0;-1;-1;-1;-1;-1;-1;-1;-1;-1;0;0;0;0;0;0;0;0;0;0;0;0;0;Waterford;Finn Harps;1.86;0.5;0;0;0;0;0;0;0;0;0;0;0;0;0;0;0;458;28;Y;Y;N;N;N;N;Y
119444;2060;2066;2013;complete;652;1;-1;;;0;0;0;-1;-1;-1;-1;-1;3;1;0;0;-1;-1;-1;-1;-1;-1;-1;-1;-1;-1;3;1;0;0;0;0;0;0;0;0;0;0;0;0;0;0;0;0;0;0;0;0;0;0;0;0;0;0;0;0;0;0;0;0;0;0;0;0;0;0;0;0;0;0;0;0;0;0;0;0;0;0;0;0;0;0;0;0;0;0;0;0;0;0;0;0;0;0;0;0;0;0;0;0;0;0;0;2013-03-09 19:45:00;-1;0;0;0;0;0;-1;1;-1;-1;-1;-1;-1;-1;1;0;2;1;1;3;-1;0;0;0;0;0;0;0;0;0;0;0;0;0;1;1;0;0;-1;-1;0;0;-1;-1;-1;-1;-1;-1;-1;-1;-1;0;0;0;0;0;0;0;0;0;0;0;0;0;Athlone Town;Mervue United;2;1.27;0;0;0;0;0;0;0;0;0;0;0;0;0;0;0;458;28;N;N;N;N;N;N;N
119445;2062;2058;2013;complete;652;1;-1;15,32,36,41,89;;5;0;5;-1;-1;-1;-1;-1;5;3;0;0;-1;-1;-1;-1;-1;-1;-1;-1;-1;-1;5;3;0;0;0;0;0;0;0;0;0;0;0;0;0;0;0;0;0;0;0;0;0;0;0;0;0;0;0;0;0;0;0;0;0;0;0;0;0;0;0;0;0;0;0;0;0;0;0;0;0;0;0;0;0;0;0;0;0;0;0;0;0;0;0;0;0;0;0;0;5;4;0;1;0;1;4;2013-03-09 19:45:00;2062;0;0;0;0;0;-1;1;-1;-1;-1;-1;-1;-1;1;1;4;2;2;6;-1;0;0;0;0;0;0;0;0;0;0;0;0;0;1;1;0;0;-1;-1;0;1;-1;-1;-1;-1;-1;-1;-1;-1;-1;0;0;0;0;0;0;0;0;0;0;0;0;0;Cobh Ramblers;Wexford;1.86;0.57;0;0;0;0;0;0;0;0;0;0;0;0;0;0;0;458;28;Y;Y;Y;Y;Y;N;N
119446;2066;2067;2013;complete;652;2;-1;13,18;71;2;1;3;-1;-1;-1;-1;-1;2;3;0;0;-1;-1;-1;-1;-1;-1;-1;-1;-1;-1;2;3;0;0;0;0;0;0;0;0;0;0;0;0;0;0;0;0;0;0;0;0;0;0;0;0;0;0;0;0;0;0;0;0;0;0;0;0;0;0;0;0;0;0;0;0;0;0;0;0;0;0;0;0;0;0;0;0;0;0;0;0;0;0;0;0;0;0;0;0;3;2;0;0;1;1;2;2013-03-15 19:45:00;2066;0;0;0;0;0;-1;1;-1;-1;-1;-1;-1;-1;1;1;1;2;2;3;-1;0;0;0;0;0;0;0;0;0;0;0;0;0;1;1;0;0;-1;-1;0;0;-1;-1;-1;-1;-1;-1;-1;-1;-1;0;0;0;0;0;0;0;0;0;0;0;0;0;Mervue United;Salthill Devon;2.2;0.29;0;0;1;0;0;0;0;0;0;0;0;0;0;0;0;458;28;Y;Y;Y;N;N;N;Y
119447;2054;2062;2013;complete;652;2;-1;3,6,30,88;73;4;1;5;-1;-1;-1;-1;-1;1;1;0;0;-1;-1;-1;-1;-1;-1;-1;-1;-1;-1;1;1;0;0;0;0;0;0;0;0;0;0;0;0;0;0;0;0;0;0;0;0;0;0;0;0;0;0;0;0;0;0;0;0;0;0;0;0;0;0;0;0;0;0;0;0;0;0;0;0;0;0;0;0;0;0;0;0;0;0;0;0;0;0;0;0;0;0;0;0;5;3;0;1;1;2;3;2013-03-15 20:00:00;2054;0;0;0;0;0;-1;1;-1;-1;-1;-1;-1;-1;1;1;0;0;2;0;-1;0;0;0;0;0;0;0;0;0;0;0;0;0;1;1;2;0;-1;-1;0;0;-1;-1;-1;-1;-1;-1;-1;-1;-1;0;0;0;0;0;0;0;0;0;0;0;0;0;Finn Harps;Cobh Ramblers;1.71;0.36;0;0;1;3;0;0;0;0;0;0;0;0;0;0;0;458;28;Y;Y;Y;Y;Y;N;Y
119448;2058;2060;2013;complete;652;2;-1;;6,18;0;2;2;-1;-1;-1;-1;-1;4;2;0;1;-1;-1;-1;-1;-1;-1;-1;-1;-1;-1;4;4;0;0;0;0;0;0;0;0;0;0;0;0;0;0;0;0;0;0;0;0;0;0;0;0;0;0;0;0;0;0;0;0;0;0;0;0;0;0;0;0;0;0;0;0;0;0;0;0;0;0;0;0;0;0;0;0;0;0;0;0;0;0;0;0;0;0;0;0;2;0;2;0;0;0;2;2013-03-15 20:00:00;2060;0;0;0;0;0;-1;1;-1;-1;-1;-1;-1;-1;1;0;3;3;1;6;-1;0;0;0;0;0;0;0;0;0;0;0;0;0;1;1;0;1;-1;-1;0;0;-1;-1;-1;-1;-1;-1;-1;-1;-1;0;0;0;0;0;0;0;0;0;0;0;0;0;Wexford;Athlone Town;1.79;1.93;0;0;0;1;0;0;0;0;0;0;0;0;0;0;0;458;28;Y;Y;N;N;N;N;N
119449;2057;2064;2013;complete;652;2;-1;36,45;13;2;1;3;-1;-1;-1;-1;-1;2;1;0;0;-1;-1;-1;-1;-1;-1;-1;-1;-1;-1;2;1;0;0;0;0;0;0;0;0;0;0;0;0;0;0;0;0;0;0;0;0;0;0;0;0;0;0;0;0;0;0;0;0;0;0;0;0;0;0;0;0;0;0;0;0;0;0;0;0;0;0;0;0;0;0;0;0;0;0;0;0;0;0;0;0;0;0;0;0;3;2;1;0;0;0;3;2013-03-16 19:30:00;2057;0;0;0;0;0;-1;1;-1;-1;-1;-1;-1;-1;0;1;2;0;1;2;-1;0;0;0;0;0;0;0;0;0;0;0;0;0;1;1;0;0;-1;-1;0;0;-1;-1;-1;-1;-1;-1;-1;-1;-1;0;0;0;0;0;0;0;0;0;0;0;0;0;Longford Town;Waterford;2.27;1.5;0;0;3;1;0;0;0;0;0;0;0;0;0;0;0;458;28;Y;Y;Y;N;N;N;Y
119450;2067;2058;2013;complete;652;3;-1;7;47,90;1;2;3;-1;-1;-1;-1;-1;3;2;1;1;-1;-1;-1;-1;-1;-1;-1;-1;-1;-1;4;4;0;0;0;0;0;0;0;0;0;0;0;0;0;0;0;0;0;0;0;0;0;0;0;0;0;0;0;0;0;0;0;0;0;0;0;0;0;0;0;0;0;0;0;0;0;0;0;0;0;0;0;0;0;0;0;0;0;0;0;0;0;0;0;0;0;0;0;0;3;1;0;0;2;2;1;2013-03-23 19:00:00;2058;0;0;0;0;0;-1;1;-1;-1;-1;-1;-1;-1;3;0;1;3;3;4;-1;0;0;0;0;0;0;0;0;0;0;0;0;0;1;1;1;0;-1;-1;0;0;-1;-1;-1;-1;-1;-1;-1;-1;-1;100;100;100;100;100;50;100;100;50;0;0;4;5;Salthill Devon;Wexford;0.93;0.57;0;0;0;0;0;0;0;0;0;0;0;0;0;0;0;458;28;Y;Y;Y;N;N;N;Y
119451;2064;2066;2013;complete;652;3;-1;;37,42,70,75;0;4;4;-1;-1;-1;-1;-1;1;1;0;0;-1;-1;-1;-1;-1;-1;-1;-1;-1;-1;1;1;0;0;0;0;0;0;0;0;0;0;0;0;0;0;0;0;0;0;0;0;0;0;0;0;0;0;0;0;0;0;0;0;0;0;0;0;0;0;0;0;0;0;0;0;0;0;0;0;0;0;0;0;0;0;0;0;0;0;0;0;0;0;0;0;0;0;0;0;4;0;2;0;2;2;2;2013-03-23 19:00:00;2066;0;50;0;0;0;-1;1;-1;-1;-1;-1;-1;-1;0;0;1;1;0;2;-1;0;0;0;0;0;0;0;0;0;0;0;0;0;1;1;0;0;-1;-1;0;0;-1;-1;-1;-1;-1;-1;-1;-1;-1;0;0;0;50;50;0;50;50;0;0;0;4;1;Waterford;Mervue United;1.86;1.27;1;1;0.5;2;100;100;100;50;50;0;0;0;0;0;0;458;28;Y;Y;Y;Y;N;N;N
119452;2060;2062;2013;complete;652;3;-1;37;13;1;1;2;-1;-1;-1;-1;-1;3;3;0;0;-1;-1;-1;-1;-1;-1;-1;-1;-1;-1;3;3;0;0;0;0;0;0;0;0;0;0;0;0;0;0;0;0;0;0;0;0;0;0;0;0;0;0;0;0;0;0;0;0;0;0;0;0;0;0;0;0;0;0;0;0;0;0;0;0;0;0;0;0;0;0;0;0;0;0;0;0;0;0;0;0;0;0;0;0;2;1;1;0;0;0;2;2013-03-23 19:45:00;-1;0;50;0;50;0;-1;1;-1;-1;-1;-1;-1;-1;2;1;1;2;3;3;-1;0;0;0;0;0;0;0;0;1;0;1;0;0;1;1;0;0;-1;-1;0;0;-1;-1;-1;-1;-1;-1;-1;-1;-1;50;50;50;50;50;50;50;50;50;0;0;4;2.5;Athlone Town;Cobh Ramblers;2;0.36;1;0;2;1.5;50;50;50;50;50;0;0;0;0;0;0;458;28;Y;Y;N;N;N;N;Y
119453;2054;2057;2013;complete;652;3;-1;22;;1;0;1;-1;-1;-1;-1;-1;6;3;0;0;-1;-1;-1;-1;-1;-1;-1;-1;-1;-1;6;3;0;0;0;0;0;0;0;0;0;0;0;0;0;0;0;0;0;0;0;0;0;0;0;0;0;0;0;0;0;0;0;0;0;0;0;0;0;0;0;0;0;0;0;0;0;0;0;0;0;0;0;0;0;0;0;0;0;0;0;0;0;0;0;0;0;0;0;0;1;1;0;0;0;0;1;2013-03-23 19:45:00;2054;0;50;0;50;0;-1;1;-1;-1;-1;-1;-1;-1;0;0;6;3;0;9;-1;0;0;0;0;0;0;0;0;0;0;0;0;0;1;1;0;0;-1;-1;0;0;-1;-1;-1;-1;-1;-1;-1;-1;-1;100;100;100;100;100;50;100;100;100;0;0;2;5;Finn Harps;Longford Town;1.71;1.27;3;3;2;3;0;0;0;0;0;0;0;0;0;0;0;458;28;Y;N;N;N;N;N;N
119454;2066;2054;2013;complete;652;4;-1;23,32;56,61;2;2;4;-1;-1;-1;-1;-1;3;1;0;0;-1;-1;-1;-1;-1;-1;-1;-1;-1;-1;3;1;0;0;0;0;0;0;0;0;0;0;0;0;0;0;0;0;0;0;0;0;0;0;0;0;0;0;0;0;0;0;0;0;0;0;0;0;0;0;0;0;0;0;0;0;0;0;0;0;0;0;0;0;0;0;0;0;0;0;0;0;0;0;0;0;0;0;0;0;4;2;0;0;2;2;2;2013-03-29 19:45:00;-1;0;100;0;0;0;-1;1;-1;-1;-1;-1;-1;-1;0;0;3;1;0;4;-1;0;0;0;0;0;0;0;0;1;0;1;0;0;1;1;0;0;-1;-1;0;0;-1;-1;-1;-1;-1;-1;-1;-1;-1;0;0;50;100;100;50;100;100;0;0;0;5;2.5;Mervue United;Finn Harps;2.2;0.5;3;1;2.33;2.33;100;100;50;0;0;0;0;0;0;0;0;458;28;Y;Y;Y;Y;N;N;Y
119455;2060;2067;2013;complete;652;4;-1;22,28,43;17,36,89;3;3;6;-1;-1;-1;-1;-1;2;5;1;0;-1;-1;-1;-1;-1;-1;-1;-1;-1;-1;4;5;0;0;0;0;0;0;0;0;0;0;0;0;0;0;0;0;0;0;0;0;0;0;0;0;0;0;0;0;0;0;0;0;0;0;0;0;0;0;0;0;0;0;0;0;0;0;0;0;0;0;0;0;0;0;0;0;0;0;0;0;0;0;0;0;0;0;0;0;6;3;2;0;1;1;5;2013-03-29 19:45:00;-1;0;75;25;0;0;-1;1;-1;-1;-1;-1;-1;-1;0;2;3;3;2;6;-1;0;0;0;0;0;0;0;0;1;0;1;0;0;1;1;0;0;-1;-1;0;0;-1;-1;-1;-1;-1;-1;-1;-1;-1;0;0;50;75;75;75;75;50;0;0;0;6;2;Athlone Town;Salthill Devon;2;0.29;1;0;1.67;0;100;100;50;25;25;0;0;0;0;0;0;458;28;Y;Y;Y;Y;Y;Y;Y
119456;2058;2064;2013;complete;652;4;-1;20,79;8;2;1;3;-1;-1;-1;-1;-1;2;5;0;1;-1;-1;-1;-1;-1;-1;-1;-1;-1;-1;2;7;0;0;0;0;0;0;0;0;0;0;0;0;0;0;0;0;0;0;0;0;0;0;0;0;0;0;0;0;0;0;0;0;0;0;0;0;0;0;0;0;0;0;0;0;0;0;0;0;0;0;0;0;0;0;0;0;0;0;0;0;0;0;0;0;0;0;0;0;3;1;1;1;0;1;2;2013-03-29 20:00:00;2058;0;50;50;0;0;-1;1;-1;-1;-1;-1;-1;-1;0;1;2;5;1;7;-1;0;0;0;0;0;0;0;1;0;1;0;0;0;1;1;0;1;-1;-1;0;0;-1;-1;-1;-1;-1;-1;-1;-1;-1;0;0;50;100;100;100;100;0;0;0;0;5;2.5;Wexford;Waterford;1.79;1.5;0;0;1;0.33;100;100;50;0;0;0;0;0;0;0;0;458;28;Y;Y;Y;N;N;N;Y
119457;2062;2057;2013;complete;652;4;-1;3,7,47;20,64,81,90;3;4;7;-1;-1;-1;-1;-1;0;1;0;0;-1;-1;-1;-1;-1;-1;-1;-1;-1;-1;0;1;0;0;0;0;0;0;0;0;0;0;0;0;0;0;0;0;0;0;0;0;0;0;0;0;0;0;0;0;0;0;0;0;0;0;0;0;0;0;0;0;0;0;0;0;0;0;0;0;0;0;0;0;0;0;0;0;0;0;0;0;0;0;0;0;0;0;0;0;7;2;1;1;3;4;3;2013-03-30 19:45:00;2057;0;0;0;0;0;-1;1;-1;-1;-1;-1;-1;-1;0;1;0;0;1;0;-1;0;0;0;0;0;0;0;0;0;0;0;0;0;1;1;2;0;-1;-1;0;0;-1;-1;-1;-1;-1;-1;-1;-1;-1;75;75;75;75;100;50;100;75;25;0;0;7;4;Cobh Ramblers;Longford Town;1.86;1.27;3;1.5;1.33;2;25;25;25;25;0;0;0;0;0;0;0;458;28;Y;Y;Y;Y;Y;Y;Y
119458;2067;2062;2013;complete;652;5;-1;65;35;1;1;2;-1;-1;-1;-1;-1;0;2;0;0;-1;-1;-1;-1;-1;-1;-1;-1;-1;-1;0;2;0;0;0;0;0;0;0;0;0;0;0;0;0;0;0;0;0;0;0;0;0;0;0;0;0;0;0;0;0;0;0;0;0;0;0;0;0;0;0;0;0;0;0;0;0;0;0;0;0;0;0;0;0;0;0;0;0;0;0;0;0;0;0;0;0;0;0;0;2;0;1;1;0;1;1;2013-04-05 18:45:00;-1;0;75;25;25;0;-1;1;-1;-1;-1;-1;-1;-1;0;1;0;1;1;1;-1;0;0;0;0;0;0;0;0;0;0;0;0;0;1;1;0;0;-1;-1;0;0;-1;-1;-1;-1;-1;-1;-1;-1;-1;50;50;75;100;100;50;100;75;75;0;0;4.5;3.75;Salthill Devon;Cobh Ramblers;0.93;0.36;0;0.5;0.25;1;50;50;25;0;0;0;0;0;0;0;0;458;28;Y;Y;N;N;N;N;Y
119459;2064;2060;2013;complete;652;5;-1;78;;1;0;1;-1;-1;-1;-1;-1;2;1;0;1;-1;-1;-1;-1;-1;-1;-1;-1;-1;-1;2;3;0;0;0;0;0;0;0;0;0;0;0;0;0;0;0;0;0;0;0;0;0;0;0;0;0;0;0;0;0;0;0;0;0;0;0;0;0;0;0;0;0;0;0;0;0;0;0;0;0;0;0;0;0;0;0;0;0;0;0;0;0;0;0;0;0;0;0;0;1;0;0;1;0;1;0;2013-04-05 18:45:00;2064;0;25;0;0;0;-1;1;-1;-1;-1;-1;-1;-1;0;2;2;0;2;2;-1;0;0;0;0;0;0;0;0;0;0;0;0;0;1;1;0;0;-1;-1;0;0;-1;-1;-1;-1;-1;-1;-1;-1;-1;0;25;25;100;100;75;100;50;25;0;0;6;2.5;Waterford;Athlone Town;1.86;1.93;0.5;3;0.25;1.5;100;75;75;0;0;0;0;0;0;0;0;458;28;Y;N;N;N;N;N;N
119460;2054;2058;2013;complete;652;5;-1;;;0;0;0;-1;-1;-1;-1;-1;3;3;0;0;-1;-1;-1;-1;-1;-1;-1;-1;-1;-1;3;3;0;0;0;0;0;0;0;0;0;0;0;0;0;0;0;0;0;0;0;0;0;0;0;0;0;0;0;0;0;0;0;0;0;0;0;0;0;0;0;0;0;0;0;0;0;0;0;0;0;0;0;0;0;0;0;0;0;0;0;0;0;0;0;0;0;0;0;0;0;0;0;0;0;0;0;2013-04-05 19:00:00;-1;0;50;0;25;0;-1;1;-1;-1;-1;-1;-1;-1;2;1;1;2;3;3;-1;0;0;0;0;0;0;0;0;0;0;0;0;0;1;1;0;0;-1;-1;0;1;-1;-1;-1;-1;-1;-1;-1;-1;-1;50;50;75;75;100;50;100;75;50;0;0;7;3.5;Finn Harps;Wexford;1.71;0.57;3;1.5;2;1.5;50;50;25;25;0;0;0;0;0;0;0;458;28;N;N;N;N;N;N;N
119461;2057;2066;2013;complete;652;5;-1;14;58;1;1;2;-1;-1;-1;-1;-1;3;1;0;0;-1;-1;-1;-1;-1;-1;-1;-1;-1;-1;3;1;0;0;0;0;0;0;0;0;0;0;0;0;0;0;0;0;0;0;0;0;0;0;0;0;0;0;0;0;0;0;0;0;0;0;0;0;0;0;0;0;0;0;0;0;0;0;0;0;0;0;0;0;0;0;0;0;0;0;0;0;0;0;0;0;0;0;0;0;2;1;0;0;1;1;1;2013-04-06 18:30:00;-1;0;50;50;0;0;-1;1;-1;-1;-1;-1;-1;-1;0;0;3;1;0;4;-1;0;0;0;0;0;0;0;0;0;0;0;0;0;1;1;0;0;-1;-1;0;0;-1;-1;-1;-1;-1;-1;-1;-1;-1;0;25;75;75;75;75;75;25;25;0;0;3;2.5;Longford Town;Mervue United;2.27;1.27;3;2;2.25;2;100;75;25;25;25;0;0;0;0;0;0;458;30;Y;Y;N;N;N;N;Y
119462;2067;2064;2013;complete;652;6;-1;43;23,90;1;2;3;-1;-1;-1;-1;-1;2;0;0;0;-1;-1;-1;-1;-1;-1;-1;-1;-1;-1;2;0;0;0;0;0;0;0;0;0;0;0;0;0;0;0;0;0;0;0;0;0;0;0;0;0;0;0;0;0;0;0;0;0;0;0;0;0;0;0;0;0;0;0;0;0;0;0;0;0;0;0;0;0;0;0;0;0;0;0;0;0;0;0;0;0;0;0;0;0;3;1;1;0;1;1;2;2013-04-12 18:45:00;2064;0;84;50;0;0;-1;1;-1;-1;-1;-1;-1;-1;0;0;2;0;0;2;-1;0;0;0;0;0;0;0;0;0;0;0;0;0;1;1;0;0;-1;-1;0;0;-1;-1;-1;-1;-1;-1;-1;-1;-1;17;17;84;100;100;50;100;75;34;0;0;5.67;3.17;Salthill Devon;Waterford;0.93;1.5;0.33;0;0.4;0.8;84;84;17;0;0;0;0;0;0;0;0;458;28;Y;Y;Y;N;N;N;Y
119463;2060;2054;2013;complete;652;6;-1;70;;1;0;1;-1;-1;-1;-1;-1;2;1;0;0;-1;-1;-1;-1;-1;-1;-1;-1;-1;-1;2;1;0;0;0;0;0;0;0;0;0;0;0;0;0;0;0;0;0;0;0;0;0;0;0;0;0;0;0;0;0;0;0;0;0;0;0;0;0;0;0;0;0;0;0;0;0;0;0;0;0;0;0;0;0;0;0;0;0;0;0;0;0;0;0;0;0;0;0;0;1;0;0;1;0;1;0;2013-04-12 18:45:00;2060;0;84;34;0;0;-1;1;-1;-1;-1;-1;-1;-1;2;0;0;1;2;1;-1;0;0;0;0;0;0;0;0;0;0;0;0;0;1;1;0;0;-1;-1;0;0;-1;-1;-1;-1;-1;-1;-1;-1;-1;17;42;42;84;84;59;84;67;25;0;0;5.33;2.84;Athlone Town;Finn Harps;2;0.5;1;1;1.2;1.8;84;59;59;17;17;0;0;0;0;0;0;458;28;Y;N;N;N;N;N;N
119464;2058;2057;2013;complete;652;6;-1;;56;0;1;1;-1;-1;-1;-1;-1;2;2;0;1;-1;-1;-1;-1;-1;-1;-1;-1;-1;-1;2;4;0;0;0;0;0;0;0;0;0;0;0;0;0;0;0;0;0;0;0;0;0;0;0;0;0;0;0;0;0;0;0;0;0;0;0;0;0;0;0;0;0;0;0;0;0;0;0;0;0;0;0;0;0;0;0;0;0;0;0;0;0;0;0;0;0;0;0;0;1;0;0;0;1;1;0;2013-04-12 19:00:00;2057;0;42;42;17;0;-1;1;-1;-1;-1;-1;-1;-1;2;2;0;1;4;1;-1;0;0;0;0;0;0;0;0;0;0;0;0;0;1;1;0;0;-1;-1;0;0;-1;-1;-1;-1;-1;-1;-1;-1;-1;34;34;59;84;100;67;100;59;34;0;0;4.67;3.42;Wexford;Longford Town;1.79;1.27;1.5;2;1.4;2;67;67;42;17;0;0;0;0;0;0;0;458;28;Y;N;N;N;N;N;N
119465;2062;2066;2013;complete;652;6;-1;28,30,66,77,85;4,48,54;5;3;8;-1;-1;-1;-1;-1;2;1;0;3;-1;-1;-1;-1;-1;-1;-1;-1;-1;-1;2;7;0;0;0;0;0;0;0;0;0;0;0;0;0;0;0;0;0;0;0;0;0;0;0;0;0;0;0;0;0;0;0;0;0;0;0;0;0;0;0;0;0;0;0;0;0;0;0;0;0;0;0;0;0;0;0;0;0;0;0;0;0;0;0;0;0;0;0;0;8;2;1;3;2;5;3;2013-04-13 18:45:00;2062;0;42;25;25;0;-1;1;-1;-1;-1;-1;-1;-1;0;1;2;3;1;5;-1;0;0;0;0;0;0;0;3;0;3;0;0;0;1;1;0;1;-1;-1;0;0;-1;-1;-1;-1;-1;-1;-1;-1;-1;50;67;67;84;84;67;84;84;42;0;0;3.5;4;Cobh Ramblers;Mervue United;1.86;1.27;1.5;1.67;1;1.8;50;34;34;17;17;0;0;0;0;0;0;458;28;Y;Y;Y;Y;Y;Y;Y
119466;2066;2058;2013;complete;652;7;-1;51,80,83,87;73;4;1;5;-1;-1;-1;-1;-1;1;0;0;0;-1;-1;-1;-1;-1;-1;-1;-1;-1;-1;1;0;0;0;0;0;0;0;0;0;0;0;0;0;0;0;0;0;0;0;0;0;0;0;0;0;0;0;0;0;0;0;0;0;0;0;0;0;0;0;0;0;0;0;0;0;0;0;0;0;0;0;0;0;0;0;0;0;0;0;0;0;0;0;0;0;0;0;0;0;5;0;0;4;1;5;0;2013-04-19 18:45:00;2066;0;67;0;0;0;-1;1;-1;-1;-1;-1;-1;-1;0;0;1;0;0;1;-1;0;0;0;0;0;0;0;1;0;1;0;0;0;1;1;0;0;-1;-1;0;0;-1;-1;-1;-1;-1;-1;-1;-1;-1;17;42;84;84;84;67;84;84;42;0;0;5.83;3.09;Mervue United;Wexford;2.2;0.57;2;1.33;1.5;1.17;84;59;17;17;17;0;0;0;0;0;0;458;28;Y;Y;Y;Y;Y;N;Y
119467;2064;2062;2013;complete;652;7;-1;;;0;0;0;-1;-1;-1;-1;-1;1;2;0;1;-1;-1;-1;-1;-1;-1;-1;-1;-1;-1;1;4;0;0;0;0;0;0;0;0;0;0;0;0;0;0;0;0;0;0;0;0;0;0;0;0;0;0;0;0;0;0;0;0;0;0;0;0;0;0;0;0;0;0;0;0;0;0;0;0;0;0;0;0;0;0;0;0;0;0;0;0;0;0;0;0;0;0;0;0;0;0;0;0;0;0;0;2013-04-19 18:45:00;-1;0;67;17;17;0;-1;1;-1;-1;-1;-1;-1;-1;0;2;1;1;2;2;-1;0;0;0;0;0;0;0;0;0;0;0;0;0;1;1;0;0;-1;-1;0;0;-1;-1;-1;-1;-1;-1;-1;-1;-1;17;33;33;84;100;50;84;84;33;0;0;4;2.67;Waterford;Cobh Ramblers;1.86;0.36;1.33;0.67;1.17;1.33;84;67;67;17;0;0;0;0;0;0;0;458;28;N;N;N;N;N;N;N
119468;2054;2067;2013;complete;652;7;-1;54;;1;0;1;-1;-1;-1;-1;-1;3;3;0;1;-1;-1;-1;-1;-1;-1;-1;-1;-1;-1;3;5;0;0;0;0;0;0;0;0;0;0;0;0;0;0;0;0;0;0;0;0;0;0;0;0;0;0;0;0;0;0;0;0;0;0;0;0;0;0;0;0;0;0;0;0;0;0;0;0;0;0;0;0;0;0;0;0;0;0;0;0;0;0;0;0;0;0;0;0;1;0;0;1;0;1;0;2013-04-19 19:00:00;2054;0;67;25;17;0;-1;1;-1;-1;-1;-1;-1;-1;0;1;3;3;1;6;-1;0;0;0;0;0;0;0;0;0;0;0;0;0;1;1;0;0;-1;-1;0;0;-1;-1;-1;-1;-1;-1;-1;-1;-1;42;42;67;67;84;67;84;67;17;0;0;7.33;3.25;Finn Harps;Salthill Devon;1.71;0.29;2.33;0.5;1.5;0.33;59;59;34;34;17;0;0;0;0;0;0;458;28;Y;N;N;N;N;N;N
119469;2057;2060;2013;complete;652;7;-1;84,86;89;2;1;3;-1;-1;-1;-1;-1;0;1;0;0;-1;-1;-1;-1;-1;-1;-1;-1;-1;-1;0;1;0;0;0;0;0;0;0;0;0;0;0;0;0;0;0;0;0;0;0;0;0;0;0;0;0;0;0;0;0;0;0;0;0;0;0;0;0;0;0;0;0;0;0;0;0;0;0;0;0;0;0;0;0;0;0;0;0;0;0;0;0;0;0;0;0;0;0;0;3;0;0;2;1;3;0;2013-04-20 18:30:00;2057;0;50;25;0;0;-1;1;-1;-1;-1;-1;-1;-1;0;1;0;0;1;0;-1;0;0;0;0;0;0;0;0;0;0;0;0;0;1;1;0;0;-1;-1;0;1;-1;-1;-1;-1;-1;-1;-1;-1;-1;0;0;25;75;100;50;75;50;0;0;0;6;2;Longford Town;Athlone Town;2.27;1.93;2;1.5;2.17;1.5;100;100;75;25;0;0;0;0;0;0;0;458;28;Y;Y;Y;N;N;N;Y
119470;2066;2060;2013;complete;652;8;-1;28,64;26,90;2;2;4;-1;-1;-1;-1;-1;4;1;0;0;-1;-1;-1;-1;-1;-1;-1;-1;-1;-1;4;1;0;0;0;0;0;0;0;0;0;0;0;0;0;0;0;0;0;0;0;0;0;0;0;0;0;0;0;0;0;0;0;0;0;0;0;0;0;0;0;0;0;0;0;0;0;0;0;0;0;0;0;0;0;0;0;0;0;0;0;0;0;0;0;0;0;0;0;0;4;1;1;1;1;2;2;2013-04-26 18:45:00;-1;0;67;0;33;0;-1;1;-1;-1;-1;-1;-1;-1;0;0;4;1;0;5;-1;0;0;0;0;0;0;0;0;1;0;1;0;0;1;1;0;0;-1;-1;0;0;-1;-1;-1;-1;-1;-1;-1;-1;-1;17;34;67;84;100;50;50;84;50;0;0;4.67;3;Mervue United;Athlone Town;2.2;1.93;2.33;1;1.71;1.29;84;67;34;17;0;0;0;0;0;0;0;458;28;Y;Y;Y;Y;N;N;Y
119471;2054;2064;2013;complete;652;8;-1;;78;0;1;1;-1;-1;-1;-1;-1;1;1;0;0;-1;-1;-1;-1;-1;-1;-1;-1;-1;-1;1;1;0;0;0;0;0;0;0;0;0;0;0;0;0;0;0;0;0;0;0;0;0;0;0;0;0;0;0;0;0;0;0;0;0;0;0;0;0;0;0;0;0;0;0;0;0;0;0;0;0;0;0;0;0;0;0;0;0;0;0;0;0;0;0;0;0;0;0;0;1;0;0;0;1;1;0;2013-04-26 19:00:00;2064;0;63;50;13;0;-1;1;-1;-1;-1;-1;-1;-1;0;0;1;1;0;2;-1;0;0;0;0;0;0;0;0;0;0;0;0;0;1;1;0;0;-1;-1;0;0;-1;-1;-1;-1;-1;-1;-1;-1;-1;13;13;63;63;88;63;75;59;13;0;0;5.92;2.38;Finn Harps;Waterford;1.71;1.5;2.5;1;1.71;1.14;88;88;38;38;13;0;0;0;0;0;0;458;28;Y;N;N;N;N;N;N
119472;2058;2062;2013;complete;652;8;-1;61,73,76;;3;0;3;-1;-1;-1;-1;-1;2;4;1;0;-1;-1;-1;-1;-1;-1;-1;-1;-1;-1;4;4;0;0;0;0;0;0;0;0;0;0;0;0;0;0;0;0;0;0;0;0;0;0;0;0;0;0;0;0;0;0;0;0;0;0;0;0;0;0;0;0;0;0;0;0;0;0;0;0;0;0;0;0;0;0;0;0;0;0;0;0;0;0;0;0;0;0;0;0;3;0;0;3;0;3;0;2013-04-26 19:00:00;2058;0;54;29;13;0;-1;1;-1;-1;-1;-1;-1;-1;0;2;3;2;2;5;-1;0;0;0;0;0;0;0;0;0;0;0;0;0;1;1;0;0;-1;-1;0;1;-1;-1;-1;-1;-1;-1;-1;-1;-1;13;13;29;71;88;59;71;59;13;0;0;5.17;2.13;Wexford;Cobh Ramblers;1.79;0.36;1;0.75;1;1.29;88;88;71;29;13;0;0;0;0;0;0;458;28;Y;Y;Y;N;N;N;N
119473;2057;2067;2013;complete;652;8;-1;35,90;37;2;1;3;-1;-1;-1;-1;-1;0;2;0;0;-1;-1;-1;-1;-1;-1;-1;-1;-1;-1;0;2;0;0;0;0;0;0;0;0;0;0;0;0;0;0;0;0;0;0;0;0;0;0;0;0;0;0;0;0;0;0;0;0;0;0;0;0;0;0;0;0;0;0;0;0;0;0;0;0;0;0;0;0;0;0;0;0;0;0;0;0;0;0;0;0;0;0;0;0;3;1;1;1;0;1;2;2013-04-27 18:30:00;2057;0;84;33;17;0;-1;1;-1;-1;-1;-1;-1;-1;0;0;0;2;0;2;-1;0;0;0;0;0;0;0;0;0;0;0;0;0;1;1;0;0;-1;-1;0;0;-1;-1;-1;-1;-1;-1;-1;-1;-1;17;17;67;84;100;50;67;84;17;0;0;6;3;Longford Town;Salthill Devon;2.27;0.29;2.33;0.33;2.29;0.29;84;84;33;17;0;0;0;0;0;0;0;458;28;Y;Y;Y;N;N;N;Y
119474;2067;2066;2013;complete;652;9;-1;;;0;0;0;-1;-1;-1;-1;-1;-1;-1;-1;-1;-1;-1;-1;-1;-1;-1;-1;-1;-1;-1;-1;-1;0;0;0;0;0;0;0;0;0;0;0;0;0;0;0;0;0;0;0;0;0;0;0;0;0;0;0;0;0;0;0;0;0;0;0;0;0;0;0;0;0;0;0;0;0;0;0;0;0;0;0;0;0;0;0;0;0;0;0;0;0;0;0;0;0;0;0;0;0;0;0;0;0;0;0;2013-05-03 18:45:00;-1;0;63;25;13;0;-1;-1;-1;-1;-1;-1;-1;-1;-1;-1;-1;-1;-1;-1;-1;0;0;0;0;0;0;0;0;0;0;0;0;0;1;1;0;0;-1;-1;-1;-1;-1;-1;-1;-1;-1;-1;-1;-1;-1;25;38;63;88;88;38;88;88;50;0;0;4.25;3.38;Salthill Devon;Mervue United;0.93;1.27;0.25;1.25;0.25;1.63;75;63;38;13;13;0;0;0;0;0;0;458;28;N;N;N;N;N;N;N
119475;2064;2057;2013;complete;652;9;-1;15;88;1;1;2;-1;-1;-1;-1;-1;4;1;0;0;-1;-1;-1;-1;-1;-1;-1;-1;-1;-1;4;1;0;0;0;0;0;0;0;0;0;0;0;0;0;0;0;0;0;0;0;0;0;0;0;0;0;0;0;0;0;0;0;0;0;0;0;0;0;0;0;0;0;0;0;0;0;0;0;0;0;0;0;0;0;0;0;0;0;0;0;0;0;0;0;0;0;0;0;0;2;1;0;0;1;1;1;2013-05-03 18:45:00;-1;0;25;13;13;0;-1;1;-1;-1;-1;-1;-1;-1;2;0;2;1;2;3;-1;0;0;0;0;0;0;0;0;0;0;0;0;0;1;1;0;0;-1;-1;1;0;-1;-1;-1;-1;-1;-1;-1;-1;-1;25;38;38;50;88;25;63;75;38;0;0;4;2.63;Waterford;Longford Town;1.86;1.27;1.25;2.25;1.38;2.38;75;63;63;50;13;0;0;0;0;0;0;458;28;Y;Y;N;N;N;N;Y
119476;2060;2058;2013;complete;652;9;-1;19,40,45,63;;4;0;4;-1;-1;-1;-1;-1;1;2;0;0;-1;-1;-1;-1;-1;-1;-1;-1;-1;-1;1;2;0;0;0;0;0;0;0;0;0;0;0;0;0;0;0;0;0;0;0;0;0;0;0;0;0;0;0;0;0;0;0;0;0;0;0;0;0;0;0;0;0;0;0;0;0;0;0;0;0;0;0;0;0;0;0;0;0;0;0;0;0;0;0;0;0;0;0;0;4;3;0;1;0;1;3;2013-05-03 18:45:00;2060;0;50;25;13;0;-1;1;-1;-1;-1;-1;-1;-1;0;2;1;0;2;1;-1;0;0;0;0;0;0;0;0;0;0;0;0;0;1;1;0;0;-1;-1;0;1;-1;-1;-1;-1;-1;-1;-1;-1;-1;38;38;50;63;75;38;50;63;25;0;0;5.5;2.75;Athlone Town;Wexford;2;0.57;1.5;1;1.25;1.25;63;63;50;38;25;0;0;0;0;0;0;458;28;Y;Y;Y;Y;N;N;N
119477;2062;2054;2013;complete;652;9;-1;17,47;47,77;2;2;4;-1;-1;-1;-1;-1;2;6;0;0;-1;-1;-1;-1;-1;-1;-1;-1;-1;-1;2;6;0;0;0;0;0;0;0;0;0;0;0;0;0;0;0;0;0;0;0;0;0;0;0;0;0;0;0;0;0;0;0;0;0;0;0;0;0;0;0;0;0;0;0;0;0;0;0;0;0;0;0;0;0;0;0;0;0;0;0;0;0;0;0;0;0;0;0;0;4;1;0;1;2;3;1;2013-05-04 18:45:00;-1;0;67;34;34;0;-1;1;-1;-1;-1;-1;-1;-1;1;2;1;4;3;5;-1;0;0;0;0;0;0;0;0;0;0;0;0;0;1;1;0;0;-1;-1;0;0;-1;-1;-1;-1;-1;-1;-1;-1;-1;50;67;67;84;100;67;84;100;50;0;0;4;4.5;Cobh Ramblers;Finn Harps;1.86;0.5;2;0.67;1.13;1.5;50;34;34;17;0;0;0;0;0;0;0;458;28;Y;Y;Y;Y;N;N;Y
119478;2066;2064;2013;complete;652;10;-1;5,79;89;2;1;3;-1;-1;-1;-1;-1;0;2;0;0;-1;-1;-1;-1;-1;-1;-1;-1;-1;-1;0;2;0;0;0;0;0;0;0;0;0;0;0;0;0;0;0;0;0;0;0;0;0;0;0;0;0;0;0;0;0;0;0;0;0;0;0;0;0;0;0;0;0;0;0;0;0;0;0;0;0;0;0;0;0;0;0;0;0;0;0;0;0;0;0;0;0;0;0;0;3;1;0;1;1;2;1;2013-05-10 18:45:00;2066;0;88;50;25;0;-1;1;-1;-1;-1;-1;-1;-1;0;1;0;1;1;1;-1;0;0;0;0;0;0;0;0;0;0;0;0;0;1;1;1;0;-1;-1;0;0;-1;-1;-1;-1;-1;-1;-1;-1;-1;13;38;88;88;100;75;75;88;38;0;0;4.75;3.25;Mervue United;Waterford;2.2;1.5;2;1.5;1.56;1.33;88;63;13;13;0;0;0;0;0;0;0;458;28;Y;Y;Y;N;N;N;Y
119479;2058;2067;2013;complete;652;10;-1;3,14,90;;3;0;3;-1;-1;-1;-1;-1;2;3;0;1;-1;-1;-1;-1;-1;-1;-1;-1;-1;-1;2;4;0;0;0;0;0;0;0;0;0;0;0;0;0;0;0;0;0;0;0;0;0;0;0;0;0;0;0;0;0;0;0;0;0;0;0;0;0;0;0;0;0;0;0;0;0;0;0;0;0;0;0;0;0;0;0;0;0;0;0;0;0;0;0;0;0;0;0;0;3;2;0;1;0;1;2;2013-05-10 19:00:00;2058;0;50;38;0;0;-1;1;-1;-1;-1;-1;-1;-1;1;3;1;1;4;2;-1;0;0;0;0;0;0;0;0;0;0;0;0;0;1;1;1;0;-1;-1;0;1;-1;-1;-1;-1;-1;-1;-1;-1;-1;13;13;63;75;100;63;63;88;13;0;0;6.75;2.75;Wexford;Salthill Devon;1.79;0.29;1.5;0.25;1.11;0.33;88;88;38;25;0;0;0;0;0;0;0;458;28;Y;Y;Y;N;N;N;N
119480;2057;2054;2013;complete;652;10;-1;89,90;19,33,80;2;3;5;-1;-1;-1;-1;-1;4;3;0;0;-1;-1;-1;-1;-1;-1;-1;-1;-1;-1;4;3;0;0;0;0;0;0;0;0;0;0;0;0;0;0;0;0;0;0;0;0;0;0;0;0;0;0;0;0;0;0;0;0;0;0;0;0;0;0;0;0;0;0;0;0;0;0;0;0;0;0;0;0;0;0;0;0;0;0;0;0;0;0;0;0;0;0;0;0;5;0;2;2;1;3;2;2013-05-11 18:30:00;2054;0;88;25;25;0;-1;1;-1;-1;-1;-1;-1;-1;1;0;3;3;1;6;-1;0;0;0;0;0;0;0;0;0;0;0;0;0;1;1;0;0;-1;-1;0;0;-1;-1;-1;-1;-1;-1;-1;-1;-1;0;25;63;88;100;38;75;88;38;0;0;4;2.75;Longford Town;Finn Harps;2.27;0.5;2.5;0.75;2.22;1.44;100;75;38;13;0;0;0;0;0;0;0;458;28;Y;Y;Y;Y;Y;N;Y
119481;2062;2060;2013;complete;652;10;-1;21;16;1;1;2;-1;-1;-1;-1;-1;1;0;0;0;-1;-1;-1;-1;-1;-1;-1;-1;-1;-1;1;0;0;0;0;0;0;0;0;0;0;0;0;0;0;0;0;0;0;0;0;0;0;0;0;0;0;0;0;0;0;0;0;0;0;0;0;0;0;0;0;0;0;0;0;0;0;0;0;0;0;0;0;0;0;0;0;0;0;0;0;0;0;0;0;0;0;0;0;0;2;1;1;0;0;0;2;2013-05-11 18:45:00;-1;0;63;38;63;0;-1;1;-1;-1;-1;-1;-1;-1;1;0;0;0;1;0;-1;0;0;0;0;0;0;0;0;0;0;0;0;0;1;1;0;0;-1;-1;0;0;-1;-1;-1;-1;-1;-1;-1;-1;-1;38;63;75;88;100;63;75;88;63;0;0;4.5;4.25;Cobh Ramblers;Athlone Town;1.86;1.93;1.75;1;1.11;1.44;63;38;25;13;0;0;0;0;0;0;0;458;28;Y;Y;N;N;N;N;Y
119482;2067;2060;2013;complete;652;11;-1;9;54,90;1;2;3;-1;-1;-1;-1;-1;1;0;0;0;-1;-1;-1;-1;-1;-1;-1;-1;-1;-1;1;0;0;0;0;0;0;0;0;0;0;0;0;0;0;0;0;0;0;0;0;0;0;0;0;0;0;0;0;0;0;0;0;0;0;0;0;0;0;0;0;0;0;0;0;0;0;0;0;0;0;0;0;0;0;0;0;0;0;0;0;0;0;0;0;0;0;0;0;0;3;1;0;0;2;2;1;2013-05-17 18:45:00;2060;0;60;30;20;0;-1;1;-1;-1;-1;-1;-1;-1;1;0;0;0;1;0;-1;0;0;0;0;0;0;0;0;0;0;0;0;0;1;1;1;0;-1;-1;0;0;-1;-1;-1;-1;-1;-1;-1;-1;-1;10;20;50;80;90;40;70;70;40;0;0;3.55;2.5;Salthill Devon;Athlone Town;0.93;1.93;0.4;1;0.3;1.4;90;80;50;20;10;0;0;0;0;0;0;458;28;Y;Y;Y;N;N;N;Y
119483;2064;2058;2013;complete;652;11;-1;;21;0;1;1;-1;-1;-1;-1;-1;3;3;0;0;-1;-1;-1;-1;-1;-1;-1;-1;-1;-1;3;3;0;0;0;0;0;0;0;0;0;0;0;0;0;0;0;0;0;0;0;0;0;0;0;0;0;0;0;0;0;0;0;0;0;0;0;0;0;0;0;0;0;0;0;0;0;0;0;0;0;0;0;0;0;0;0;0;0;0;0;0;0;0;0;0;0;0;0;0;1;0;1;0;0;0;1;2013-05-17 18:45:00;2058;0;40;0;10;0;-1;1;-1;-1;-1;-1;-1;-1;1;1;2;2;2;4;-1;0;0;0;0;0;0;0;0;0;0;0;0;0;1;1;0;0;-1;-1;0;0;-1;-1;-1;-1;-1;-1;-1;-1;-1;20;40;50;70;80;30;60;80;30;0;0;4.6;2.6;Waterford;Wexford;1.86;0.57;1.2;0.8;1.2;1.3;80;60;50;30;20;0;0;0;0;0;0;458;28;Y;N;N;N;N;N;N
119484;2054;2066;2013;complete;652;11;-1;45;;1;0;1;-1;-1;-1;-1;-1;2;2;0;0;-1;-1;-1;-1;-1;-1;-1;-1;-1;-1;2;2;0;0;0;0;0;0;0;0;0;0;0;0;0;0;0;0;0;0;0;0;0;0;0;0;0;0;0;0;0;0;0;0;0;0;0;0;0;0;0;0;0;0;0;0;0;0;0;0;0;0;0;0;0;0;0;0;0;0;0;0;0;0;0;0;0;0;0;0;1;1;0;0;0;0;1;2013-05-17 19:00:00;2054;0;30;10;20;0;-1;1;-1;-1;-1;-1;-1;-1;1;1;1;1;2;2;-1;0;0;0;0;0;0;0;0;0;0;0;0;0;1;1;0;0;-1;-1;0;0;-1;-1;-1;-1;-1;-1;-1;-1;-1;20;30;30;40;70;30;50;60;30;0;0;5.3;2.2;Finn Harps;Mervue United;1.71;1.27;2;1.2;1.6;1.7;80;70;70;60;30;0;0;0;0;0;0;458;28;Y;N;N;N;N;N;N
119485;2057;2062;2013;complete;652;11;-1;24,27,37,45,80;56;5;1;6;-1;-1;-1;-1;-1;2;4;0;1;-1;-1;-1;-1;-1;-1;-1;-1;-1;-1;2;5;0;0;0;0;0;0;0;0;0;0;0;0;0;0;0;0;0;0;0;0;0;0;0;0;0;0;0;0;0;0;0;0;0;0;0;0;0;0;0;0;0;0;0;0;0;0;0;0;0;0;0;0;0;0;0;0;0;0;0;0;0;0;0;0;0;0;0;0;6;4;0;1;1;2;4;2013-05-18 18:30:00;2057;0;80;30;30;0;-1;1;-1;-1;-1;-1;-1;-1;0;2;2;3;2;5;-1;0;0;0;0;0;0;0;0;1;0;1;0;0;1;1;0;0;-1;-1;0;0;-1;-1;-1;-1;-1;-1;-1;-1;-1;20;20;60;90;90;50;70;70;40;0;0;4.6;2.8;Longford Town;Cobh Ramblers;2.27;0.36;2;0.6;2;1.1;80;80;40;10;10;0;0;0;0;0;0;458;28;Y;Y;Y;Y;Y;Y;Y
119486;2066;2057;2013;complete;652;12;-1;44;74,76;1;2;3;3;5;8;4;3;1;4;0;1;6;3;10;6;16;9;11;14;49;51;1;6;0;0;0;0;0;0;0;0;0;0;0;0;0;0;0;0;0;0;0;0;0;0;0;0;0;0;0;0;0;0;0;0;0;0;0;0;0;0;0;0;0;0;0;0;0;0;0;0;0;0;0;0;0;0;0;0;0;0;0;0;0;0;0;0;0;0;0;0;3;1;0;0;2;2;1;2013-05-24 18:45:00;2057;0;70;20;40;0;-1;1;-1;-1;-1;-1;-1;-1;0;3;1;2;3;3;-1;0;0;0;0;0;0;0;0;0;0;0;0;0;1;1;0;0;-1;-1;0;0;-1;-1;-1;-1;-1;-1;-1;-1;-1;30;50;70;80;100;40;80;90;60;0;0;4;3.5;Mervue United;Longford Town;2.2;1.27;2.2;2;1.55;2.09;70;50;30;20;0;0;0;0;0;0;0;458;30;Y;Y;Y;N;N;N;Y
119487;2060;2064;2013;complete;652;12;-1;;63;0;1;1;8;3;11;4;4;0;1;0;1;7;3;7;4;14;7;11;15;49;51;0;3;0;0;0;0;0;0;0;0;0;0;0;0;0;0;0;0;0;0;0;0;0;0;0;0;0;0;0;0;0;0;0;0;0;0;0;0;0;0;0;0;0;0;0;0;0;0;0;0;0;0;0;0;0;0;0;0;0;0;0;0;0;0;0;0;0;0;0;0;1;0;0;0;1;1;0;2013-05-24 18:45:00;2064;0;60;50;10;0;-1;1;-1;-1;-1;-1;-1;-1;0;1;0;1;1;1;-1;0;0;0;0;0;0;0;0;0;0;0;0;0;1;1;0;0;-1;-1;0;0;-1;-1;-1;-1;-1;-1;-1;-1;-1;10;20;60;70;90;60;70;70;10;0;0;4.8;2.6;Athlone Town;Waterford;2;1.5;1.8;1.2;1.55;1.09;90;80;40;30;10;0;0;0;0;0;0;458;28;Y;N;N;N;N;N;N
119488;2062;2067;2013;complete;652;12;-1;83;42,45;1;2;3;6;0;6;1;1;1;2;0;1;3;4;6;4;9;8;9;13;47;53;1;3;0;0;0;0;0;0;0;0;0;0;0;0;0;0;0;0;0;0;0;0;0;0;0;0;0;0;0;0;0;0;0;0;0;0;0;0;0;0;0;0;0;0;0;0;0;0;0;0;0;0;0;0;0;0;0;0;0;0;0;0;0;0;0;0;0;0;0;0;3;0;2;1;0;1;2;2013-05-24 18:45:00;2067;0;70;50;30;0;-1;1;-1;-1;-1;-1;-1;-1;0;1;1;2;1;3;-1;0;0;0;0;0;0;0;1;0;1;0;0;0;1;1;0;0;-1;-1;0;0;-1;-1;-1;-1;-1;-1;-1;-1;-1;40;50;80;90;100;80;90;90;30;0;0;5.8;4.2;Cobh Ramblers;Salthill Devon;1.86;0.29;1.6;0.2;1;0.27;60;50;20;10;0;0;0;0;0;0;0;458;28;Y;Y;Y;N;N;N;Y
119489;2058;2054;2013;complete;652;12;-1;41,60;17;2;1;3;1;5;6;3;4;3;2;1;0;3;0;5;5;8;5;14;20;48;52;5;2;0;0;0;0;0;0;0;0;0;0;0;0;0;0;0;0;0;0;0;0;0;0;0;0;0;0;0;0;0;0;0;0;0;0;0;0;0;0;0;0;0;0;0;0;0;0;0;0;0;0;0;0;0;0;0;0;0;0;0;0;0;0;0;0;0;0;0;0;3;1;1;1;0;1;2;2013-05-24 19:00:00;2058;0;50;10;20;0;-1;1;-1;-1;-1;-1;-1;-1;1;0;3;2;1;5;-1;0;0;0;0;0;0;0;1;0;1;0;0;0;1;1;0;0;-1;-1;0;0;-1;-1;-1;-1;-1;-1;-1;-1;-1;10;30;60;80;100;50;70;90;40;0;0;5.6;2.8;Wexford;Finn Harps;1.79;0.5;1.8;1.2;1.45;1.73;90;70;40;20;0;0;0;0;0;0;0;458;28;Y;Y;Y;N;N;N;Y
119490;2066;2062;2013;complete;652;13;-1;40;;1;0;1;2;5;7;0;2;2;1;0;0;4;3;9;4;13;7;12;16;51;49;2;1;0;0;0;0;0;0;0;0;0;0;0;0;0;0;0;0;0;0;0;0;0;0;0;0;0;0;0;0;0;0;0;0;0;0;0;0;0;0;0;0;0;0;0;0;0;0;0;0;0;0;0;0;0;0;0;0;0;0;0;0;0;0;0;0;0;0;0;0;1;1;0;0;0;0;1;2013-06-08 15:30:00;2066;0;84;17;42;0;-1;1;-1;-1;-1;-1;-1;-1;0;1;2;0;1;2;-1;0;0;0;0;0;0;0;0;0;0;0;0;0;1;1;0;0;-1;-1;0;0;-1;-1;-1;-1;-1;-1;-1;-1;-1;25;42;75;92;92;50;75;84;67;3;0;5;3.34;Mervue United;Cobh Ramblers;2.2;0.36;1.83;0.5;1.42;0.92;75;59;25;9;9;0;0;0;0;0;0;458;28;Y;N;N;N;N;N;N
119491;2064;2067;2013;complete;652;13;-1;37,44,59;34,64;3;2;5;9;1;10;2;1;2;2;0;0;3;0;7;4;10;4;13;12;47;53;2;2;0;0;0;0;0;0;0;0;0;0;0;0;0;0;0;0;0;0;0;0;0;0;0;0;0;0;0;0;0;0;0;0;0;0;0;0;0;0;0;0;0;0;0;0;0;0;0;0;0;0;0;0;0;0;0;0;0;0;0;0;0;0;0;0;0;0;0;0;5;2;1;1;1;2;3;2013-06-08 18:00:00;2064;0;50;17;0;0;-1;1;-1;-1;-1;-1;-1;-1;1;1;1;1;2;2;-1;0;0;0;0;0;0;0;0;1;0;1;0;0;1;1;0;0;-1;-1;0;0;-1;-1;-1;-1;-1;-1;-1;-1;-1;9;17;50;67;92;50;75;84;9;0;0;6;2.42;Waterford;Salthill Devon;1.86;0.29;1;0.67;1.25;0.5;92;83;50;34;9;0;0;0;0;0;0;458;28;Y;Y;Y;Y;Y;N;Y
119492;2057;2058;2013;complete;652;13;-1;8,11,29;69;3;1;4;-1;-1;-1;-1;-1;4;1;0;0;-1;-1;-1;-1;-1;-1;-1;-1;-1;-1;4;1;0;0;0;0;0;0;0;0;0;0;0;0;0;0;0;0;0;0;0;0;0;0;0;0;0;0;0;0;0;0;0;0;0;0;0;0;0;0;0;0;0;0;0;0;0;0;0;0;0;0;0;0;0;0;0;0;0;0;0;0;0;0;0;0;0;0;0;0;4;3;0;0;1;1;3;2013-06-08 18:30:00;2057;0;67;17;34;0;-1;1;-1;-1;-1;-1;-1;-1;2;0;2;1;2;3;-1;0;0;0;0;0;0;0;0;0;0;0;0;0;1;1;1;0;-1;-1;1;0;-1;-1;-1;-1;-1;-1;-1;-1;-1;33;42;75;84;92;50;75;75;42;0;0;4.33;3.34;Longford Town;Wexford;2.27;0.57;2.17;1.17;2.17;1.58;67;59;25;17;9;0;0;0;0;0;0;458;28;Y;Y;Y;Y;N;N;Y
119493;2054;2060;2013;complete;652;13;-1;10,41;23,52,54;2;3;5;2;6;8;6;10;1;1;0;0;4;4;7;7;11;11;5;11;48;52;1;1;0;0;0;0;0;0;0;0;0;0;0;0;0;0;0;0;0;0;0;0;0;0;0;0;0;0;0;0;0;0;0;0;0;0;0;0;0;0;0;0;0;0;0;0;0;0;0;0;0;0;0;0;0;0;0;0;0;0;0;0;0;0;0;0;0;0;0;0;5;2;1;0;2;2;3;2013-06-08 18:45:00;2060;0;42;17;25;0;-1;1;-1;-1;-1;-1;-1;-1;1;0;0;1;1;1;-1;0;0;0;0;0;0;0;0;0;0;0;0;0;1;1;1;0;-1;-1;0;0;-1;-1;-1;-1;-1;-1;-1;-1;-1;9;17;34;50;92;34;59;59;34;0;0;4.17;2;Finn Harps;Athlone Town;1.71;1.93;2.17;1.33;1.58;1.42;92;83;67;50;9;0;0;0;0;0;0;458;28;Y;Y;Y;Y;Y;N;Y
119494;2067;2054;2013;complete;652;14;-1;48,88;81;2;1;3;4;8;12;2;1;2;2;0;0;3;6;5;8;8;14;15;10;53;47;2;2;0;0;0;0;0;0;0;0;0;0;0;0;0;0;0;0;0;0;0;0;0;0;0;0;0;0;0;0;0;0;0;0;0;0;0;0;0;0;0;0;0;0;0;0;0;0;0;0;0;0;0;0;0;0;0;0;0;0;0;0;0;0;0;0;0;0;0;0;3;0;0;2;1;3;0;2013-06-14 18:45:00;2067;0;75;17;17;0;-1;1;-1;-1;-1;-1;-1;-1;1;0;1;2;1;3;-1;0;0;0;0;0;0;0;1;0;1;0;0;0;1;1;0;0;-1;-1;0;0;-1;-1;-1;-1;-1;-1;-1;-1;-1;17;34;67;83;92;34;83;92;50;5;0;4.27;2.92;Salthill Devon;Finn Harps;0.93;0.5;0.33;1;0.46;1.46;83;67;33;17;9;0;0;0;0;0;0;458;28;Y;Y;Y;N;N;N;Y
119495;2060;2057;2013;complete;652;14;-1;9,61;;2;0;2;8;1;9;6;2;4;2;0;0;4;5;6;6;10;11;12;12;50;50;4;2;0;0;0;0;0;0;0;0;0;0;0;0;0;0;0;0;0;0;0;0;0;0;0;0;0;0;0;0;0;0;0;0;0;0;0;0;0;0;0;0;0;0;0;0;0;0;0;0;0;0;0;0;0;0;0;0;0;0;0;0;0;0;0;0;0;0;0;0;2;1;0;1;0;1;1;2013-06-14 18:45:00;2060;0;42;25;9;0;-1;1;-1;-1;-1;-1;-1;-1;1;1;3;1;2;4;-1;0;0;0;0;0;0;0;1;0;1;0;0;0;1;1;1;0;-1;-1;0;0;-1;-1;-1;-1;-1;-1;-1;-1;-1;25;33;42;59;92;34;67;75;25;13;0;4.84;2.75;Athlone Town;Longford Town;2;1.27;1.5;2.17;1.54;2.23;75;67;59;42;9;50;50;50;0;0;0;458;28;Y;Y;N;N;N;N;N
119496;2058;2066;2013;complete;652;14;-1;7,90;;2;0;2;4;6;10;8;2;3;3;0;1;6;2;9;5;15;7;16;11;49;51;3;4;0;0;0;0;0;0;0;0;0;0;0;0;0;0;0;0;0;0;0;0;0;0;0;0;0;0;0;0;0;0;0;0;0;0;0;0;0;0;0;0;0;0;0;0;0;0;0;0;0;0;0;0;0;0;0;0;0;0;0;0;0;0;0;0;0;0;0;0;2;1;0;1;0;1;1;2013-06-14 19:00:00;2058;0;33;25;9;0;-1;1;-1;-1;-1;-1;-1;-1;2;1;1;3;3;4;-1;0;0;0;0;0;0;0;0;0;0;0;0;0;1;1;1;0;-1;-1;0;0;-1;-1;-1;-1;-1;-1;-1;-1;-1;9;17;50;67;84;50;67;67;25;1;0;5.57;2.5;Wexford;Mervue United;1.79;1.27;2;1;1.46;1.54;92;84;50;34;17;0;0;0;0;0;0;458;28;Y;Y;N;N;N;N;N
119497;2062;2064;2013;complete;652;14;-1;;39,78;0;2;2;6;3;9;4;4;3;1;0;1;0;4;6;8;6;12;11;13;49;51;3;2;0;0;0;0;0;0;0;0;0;0;0;0;0;0;0;0;0;0;0;0;0;0;0;0;0;0;0;0;0;0;0;0;0;0;0;0;0;0;0;0;0;0;0;0;0;0;0;0;0;0;0;0;0;0;0;0;0;0;0;0;0;0;0;0;0;0;0;0;2;0;1;0;1;1;1;2013-06-15 18:45:00;2064;0;75;50;34;0;-1;1;-1;-1;-1;-1;-1;-1;2;0;1;2;2;3;-1;0;0;0;0;0;0;0;0;2;0;2;0;0;1;1;0;0;-1;-1;0;0;-1;-1;-1;-1;-1;-1;-1;-1;-1;25;34;75;84;100;67;84;83;34;9;0;4.16;3.58;Cobh Ramblers;Waterford;1.86;1.5;1.33;1.5;0.85;1.38;75;67;25;17;0;50;50;50;0;0;0;458;28;Y;Y;N;N;N;N;N
119498;2067;2057;2013;complete;652;15;-1;90;74;1;1;2;8;5;13;7;0;4;4;0;1;3;5;6;6;9;11;7;13;49;51;4;5;0;0;0;0;0;0;0;0;0;0;0;0;0;0;0;0;0;0;0;0;0;0;0;0;0;0;0;0;0;0;0;0;0;0;0;0;0;0;0;0;0;0;0;0;0;0;0;0;0;0;0;0;0;0;0;0;0;0;0;0;0;0;0;0;0;0;0;0;2;0;0;1;1;2;0;2013-06-28 18:45:00;-1;0;57;14;14;0;-1;1;-1;-1;-1;-1;-1;-1;0;2;4;3;2;7;-1;0;0;0;0;0;0;0;0;0;0;0;0;0;1;1;0;0;-1;-1;0;0;-1;-1;-1;-1;-1;-1;-1;-1;-1;22;22;57;79;93;14;79;86;50;7;0;4.24;2.86;Salthill Devon;Longford Town;0.93;1.27;0.71;1.86;0.64;2.07;79;79;43;22;7;75;50;50;0;0;0;458;28;Y;Y;N;N;N;N;Y
119499;2064;2054;2013;complete;652;15;-1;31,34,63;;3;0;3;5;4;9;2;6;1;1;0;0;4;6;6;4;10;10;13;5;52;48;1;1;0;0;0;0;0;0;0;0;0;0;0;0;0;0;0;0;0;0;0;0;0;0;0;0;0;0;0;0;0;0;0;0;0;0;0;0;0;0;0;0;0;0;0;0;0;0;0;0;0;0;0;0;0;0;0;0;0;0;0;0;0;0;0;0;0;0;0;0;3;2;0;1;0;1;2;2013-06-28 18:45:00;2064;0;65;14;29;0;-1;1;-1;-1;-1;-1;-1;-1;1;1;0;0;2;0;-1;0;0;0;0;0;0;0;0;0;0;0;0;0;1;1;0;0;-1;-1;0;0;-1;-1;-1;-1;-1;-1;-1;-1;-1;14;36;50;72;93;36;71;86;43;15.5;0;4.86;2.64;Waterford;Finn Harps;1.86;0.5;1.29;0.86;1.5;1.36;86;64;50;29;7;75;75;25;0;0;0;458;28;Y;Y;Y;N;N;N;N
119500;2060;2066;2013;complete;652;15;-1;8,34,65;;3;0;3;9;3;12;5;2;2;1;0;1;4;2;10;2;14;4;12;11;49;51;2;3;0;0;0;0;0;0;0;0;0;0;0;0;0;0;0;0;0;0;0;0;0;0;0;0;0;0;0;0;0;0;0;0;0;0;0;0;0;0;0;0;0;0;0;0;0;0;0;0;0;0;0;0;0;0;0;0;0;0;0;0;0;0;0;0;0;0;0;0;3;2;0;1;0;1;2;2013-06-28 18:45:00;2060;0;29;22;7;0;-1;1;-1;-1;-1;-1;-1;-1;0;2;2;0;2;2;-1;0;0;0;0;0;0;0;1;0;1;0;0;0;1;1;1;0;-1;-1;0;1;-1;-1;-1;-1;-1;-1;-1;-1;-1;14;29;29;57;79;36;64;64;15;14;0.14;5.1;2.36;Athlone Town;Mervue United;2;1.27;1.71;0.86;1.64;1.43;86;71;71;43;22;100;75;25;0;0;0;458;28;Y;Y;Y;N;N;N;N
119501;2062;2058;2013;complete;652;15;-1;33,55,64;;3;0;3;4;5;9;3;0;3;5;0;0;3;6;3;5;6;11;23;20;53;47;3;5;0;0;0;0;0;0;0;0;0;0;0;0;0;0;0;0;0;0;0;0;0;0;0;0;0;0;0;0;0;0;0;0;0;0;0;0;0;0;0;0;0;0;0;0;0;0;0;0;0;0;0;0;0;0;0;0;0;0;0;0;0;0;0;0;0;0;0;0;3;1;0;2;0;2;1;2013-06-29 18:45:00;2062;0;57;22;29;0;-1;1;-1;-1;-1;-1;-1;-1;2;3;1;2;5;3;-1;0;0;0;0;0;0;0;1;0;1;0;0;0;1;1;0;0;-1;-1;1;0;-1;-1;-1;-1;-1;-1;-1;-1;-1;36;57;71;86;93;57;86;79;36;6;0;4.29;3.79;Cobh Ramblers;Wexford;1.86;0.57;1.14;1;0.79;1.57;64;43;29;15;7;25;0;0;0;0;0;458;28;Y;Y;Y;N;N;N;N
119502;2054;2062;2013;complete;652;16;-1;17,28;30,67;2;2;4;8;5;13;2;2;3;1;0;0;3;2;12;6;15;8;16;4;53;47;3;1;0;0;0;0;0;0;0;0;0;0;0;0;0;0;0;0;0;0;0;0;0;0;0;0;0;0;0;0;0;0;0;0;0;0;0;0;0;0;0;0;0;0;0;0;0;0;0;0;0;0;0;0;0;0;0;0;0;0;0;0;0;0;0;0;0;0;0;0;4;2;1;0;1;1;3;2013-07-05 19:00:00;-1;0;43;14;22;0;-1;1;-1;-1;-1;-1;-1;-1;2;0;1;1;2;2;-1;0;0;0;0;0;0;0;0;0;0;0;0;0;1;1;0;0;-1;-1;1;0;-1;-1;-1;-1;-1;-1;-1;-1;-1;29;29;36;50;86;36;64;57;36;7;0;5.29;2.36;Finn Harps;Cobh Ramblers;1.71;0.36;1.86;0.43;1.27;0.93;71;71;64;50;14;0;0;0;0;0;0;458;28;Y;Y;Y;Y;N;N;Y
119503;2058;2060;2013;complete;652;16;-1;;66,73;0;2;2;3;4;7;2;6;2;2;0;0;3;6;1;3;4;9;7;8;50;50;2;2;0;0;0;0;0;0;0;0;0;0;0;0;0;0;0;0;0;0;0;0;0;0;0;0;0;0;0;0;0;0;0;0;0;0;0;0;0;0;0;0;0;0;0;0;0;0;0;0;0;0;0;0;0;0;0;0;0;0;0;0;0;0;0;0;0;0;0;0;2;0;0;0;2;2;0;2013-07-05 19:00:00;2060;0;50;36;15;0;-1;1;-1;-1;-1;-1;-1;-1;2;1;0;1;3;1;-1;0;0;0;0;0;0;0;0;0;0;0;0;0;1;1;0;0;-1;-1;0;0;-1;-1;-1;-1;-1;-1;-1;-1;-1;7;15;57;86;100;57;71;79;36;8.5;1.43;4.57;2.65;Wexford;Athlone Town;1.79;1.93;2.14;1.57;1.47;1.73;93;86;43;14;0;25;25;0;0;0;0;458;28;Y;Y;N;N;N;N;N
119504;2066;2067;2013;complete;652;16;-1;52,86;81;2;1;3;4;2;6;2;3;3;4;0;1;3;2;3;5;6;7;18;15;49;51;3;6;0;0;0;0;0;0;0;0;0;0;0;0;0;0;0;0;0;0;0;0;0;0;0;0;0;0;0;0;0;0;0;0;0;0;0;0;0;0;0;0;0;0;0;0;0;0;0;0;0;0;0;0;0;0;0;0;0;0;0;0;0;0;0;0;0;0;0;0;3;0;0;2;1;3;0;2013-07-06 16:00:00;2066;0;79;29;29;0;-1;1;-1;-1;-1;-1;-1;-1;1;1;2;4;2;6;-1;0;0;0;0;0;0;0;0;0;0;0;0;0;1;1;0;0;-1;-1;0;0;-1;-1;-1;-1;-1;-1;-1;-1;-1;22;36;86;86;100;65;86;93;43;3;0;5.29;3.36;Mervue United;Salthill Devon;2.2;0.29;2;0.57;1.33;0.67;79;64;14;14;0;25;25;0;0;0;0;458;28;Y;Y;Y;N;N;N;Y
119505;2057;2064;2013;complete;652;16;-1;21,53;60;2;1;3;3;5;8;3;3;3;2;0;1;5;0;5;6;10;6;11;12;48;52;3;4;0;0;0;0;0;0;0;0;0;0;0;0;0;0;0;0;0;0;0;0;0;0;0;0;0;0;0;0;0;0;0;0;0;0;0;0;0;0;0;0;0;0;0;0;0;0;0;0;0;0;0;0;0;0;0;0;0;0;0;0;0;0;0;0;0;0;0;0;3;1;0;1;1;2;1;2013-07-06 18:30:00;2057;0;79;36;29;0;-1;1;-1;-1;-1;-1;-1;-1;1;2;2;1;3;3;-1;0;0;0;0;0;0;0;1;1;1;1;0;0;1;1;0;0;-1;-1;0;0;-1;-1;-1;-1;-1;-1;-1;-1;-1;15;22;72;86;100;57;79;86;29;3;0;4.43;3;Longford Town;Waterford;2.27;1.5;2.29;1.71;2;1.6;86;79;29;15;0;50;25;25;0;0;0;458;28;Y;Y;Y;N;N;N;Y
119506;2067;2058;2013;complete;652;17;-1;19,29,32;4,39;3;2;5;4;4;8;4;3;2;5;0;0;3;3;6;8;9;11;10;14;49;51;2;5;0;0;0;0;0;0;0;0;0;0;0;0;0;0;0;0;0;0;0;0;0;0;0;0;0;0;0;0;0;0;0;0;0;0;0;0;0;0;0;0;0;0;0;0;0;0;0;0;0;0;0;0;0;0;0;0;0;0;0;0;0;0;0;0;0;0;0;0;5;3;2;0;0;0;5;2013-07-12 18:45:00;2067;0;57;7;19;0;-1;1;-1;-1;-1;-1;-1;-1;0;0;2;5;0;7;-1;0;0;0;0;0;0;0;1;0;1;0;0;0;1;1;0;1;-1;-1;0;0;-1;-1;-1;-1;-1;-1;-1;-1;-1;19;32;69;82;88;26;69;82;51;11;0;4.63;2.88;Salthill Devon;Wexford;0.93;0.57;0.75;0.88;0.63;1.38;82;69;32;19;13;100;50;50;0;0;0;458;28;Y;Y;Y;Y;Y;N;Y
119507;2064;2066;2013;complete;652;17;-1;;;0;0;0;4;9;13;7;2;1;3;0;0;5;6;9;5;14;11;12;14;52;48;1;3;0;0;0;0;0;0;0;0;0;0;0;0;0;0;0;0;0;0;0;0;0;0;0;0;0;0;0;0;0;0;0;0;0;0;0;0;0;0;0;0;0;0;0;0;0;0;0;0;0;0;0;0;0;0;0;0;0;0;0;0;0;0;0;0;0;0;0;0;0;0;0;0;0;0;0;2013-07-12 18:45:00;-1;0;32;13;13;0;-1;1;-1;-1;-1;-1;-1;-1;1;1;0;2;2;2;-1;0;0;0;0;0;0;0;0;0;0;0;0;0;1;1;0;0;-1;-1;0;0;-1;-1;-1;-1;-1;-1;-1;-1;-1;13;25;38;63;82;38;75;69;25;11.5;0;4.84;2.38;Waterford;Mervue United;1.86;1.27;1.5;0.75;1.5;1.44;88;75;63;38;19;100;75;25;0;0;0;458;28;N;N;N;N;N;N;N
119508;2060;2062;2013;complete;652;17;-1;;;0;0;0;2;4;6;1;6;4;0;1;0;3;3;5;2;8;5;15;6;50;50;6;0;0;0;0;0;0;0;0;0;0;0;0;0;0;0;0;0;0;0;0;0;0;0;0;0;0;0;0;0;0;0;0;0;0;0;0;0;0;0;0;0;0;0;0;0;0;0;0;0;0;0;0;0;0;0;0;0;0;0;0;0;0;0;0;0;0;0;0;0;0;0;0;0;0;0;0;2013-07-12 18:45:00;-1;0;44;25;13;0;-1;1;-1;-1;-1;-1;-1;-1;0;0;5;0;0;5;-1;0;0;0;0;0;0;0;0;0;0;0;0;0;1;1;0;0;-1;-1;0;0;-1;-1;-1;-1;-1;-1;-1;-1;-1;19;32;44;69;88;50;69;69;19;13.33;1;5.01;2.63;Athlone Town;Cobh Ramblers;2;0.36;1.88;0.5;1.81;0.94;82;69;57;32;13;75;59;59;0;0;0;458;28;N;N;N;N;N;N;N
119509;2054;2057;2013;complete;652;17;-1;;;0;0;0;3;3;6;4;7;3;1;0;0;3;4;8;6;11;10;8;8;52;48;3;1;0;0;0;0;0;0;0;0;0;0;0;0;0;0;0;0;0;0;0;0;0;0;0;0;0;0;0;0;0;0;0;0;0;0;0;0;0;0;0;0;0;0;0;0;0;0;0;0;0;0;0;0;0;0;0;0;0;0;0;0;0;0;0;0;0;0;0;0;0;0;0;0;0;0;0;2013-07-12 19:00:00;-1;0;44;19;19;0;-1;1;-1;-1;-1;-1;-1;-1;1;0;2;1;1;3;-1;0;0;0;0;0;0;0;0;0;0;0;0;0;1;1;0;0;-1;-1;0;0;-1;-1;-1;-1;-1;-1;-1;-1;-1;25;32;38;57;94;26;69;76;38;8.67;0.25;5.38;2.57;Finn Harps;Longford Town;1.71;1.27;1.75;1.75;1.25;2.06;75;69;63;44;7;59;42;42;0;0;0;458;28;N;N;N;N;N;N;N
119510;2066;2054;2013;complete;652;18;-1;19,50,59,78;;4;0;4;5;3;8;2;2;1;1;0;0;3;4;4;7;7;11;12;6;49;51;1;1;0;0;0;0;0;0;0;0;0;0;0;0;0;0;0;0;0;0;0;0;0;0;0;0;0;0;0;0;0;0;0;0;0;0;0;0;0;0;0;0;0;0;0;0;0;0;0;0;0;0;0;0;0;0;0;0;0;0;0;0;0;0;0;0;0;0;0;0;4;1;0;3;0;3;1;2013-07-19 18:45:00;2066;0;82;13;44;0;-1;1;-1;-1;-1;-1;-1;-1;0;1;1;0;1;1;-1;0;0;0;0;0;0;0;0;0;0;0;0;0;1;1;0;0;-1;-1;0;0;-1;-1;-1;-1;-1;-1;-1;-1;-1;13;38;82;88;100;44;75;94;63;8.67;0.88;4.38;3.19;Mervue United;Finn Harps;2.2;0.5;2.13;0.75;1.41;1.24;88;63;19;13;0;34;17;17;0;0;0;458;28;Y;Y;Y;Y;N;N;N
119511;2060;2067;2013;complete;652;18;-1;58;;1;0;1;4;2;6;5;0;3;2;0;0;3;4;6;3;9;7;16;13;53;47;3;2;0;0;0;0;0;0;0;0;0;0;0;0;0;0;0;0;0;0;0;0;0;0;0;0;0;0;0;0;0;0;0;0;0;0;0;0;0;0;0;0;0;0;0;0;0;0;0;0;0;0;0;0;0;0;0;0;0;0;0;0;0;0;0;0;0;0;0;0;1;0;0;1;0;1;0;2013-07-19 18:45:00;2060;0;49;30;13;0;-1;1;-1;-1;-1;-1;-1;-1;0;1;3;1;1;4;-1;0;0;0;0;0;0;0;0;0;0;0;0;0;1;1;0;0;-1;-1;0;0;-1;-1;-1;-1;-1;-1;-1;-1;-1;18;24;61;72;89;60;66;84;13;7.75;1.22;6.53;2.75;Athlone Town;Salthill Devon;2;0.29;1.78;0.5;1.76;0.76;82;77;40;29;11;54;42;25;0;0;0;458;28;Y;N;N;N;N;N;N
119512;2058;2064;2013;complete;652;18;-1;;7,17;0;2;2;4;5;9;4;8;4;3;0;0;3;2;4;2;7;4;10;12;53;47;4;3;0;0;0;0;0;0;0;0;0;0;0;0;0;0;0;0;0;0;0;0;0;0;0;0;0;0;0;0;0;0;0;0;0;0;0;0;0;0;0;0;0;0;0;0;0;0;0;0;0;0;0;0;0;0;0;0;0;0;0;0;0;0;0;0;0;0;0;0;2;0;2;0;0;0;2;2013-07-19 19:00:00;2064;0;44;32;13;0;-1;1;-1;-1;-1;-1;-1;-1;0;1;4;2;1;6;-1;0;0;0;0;0;0;0;0;0;0;0;0;0;1;1;0;1;-1;-1;0;0;-1;-1;-1;-1;-1;-1;-1;-1;-1;0;0;57;82;100;44;69;88;25;6.34;1.75;5.5;2.38;Wexford;Waterford;1.79;1.5;1.88;1.5;1.29;1.47;100;100;44;19;0;50;33;17;0;0;0;458;28;Y;Y;N;N;N;N;N
119513;2062;2057;2013;complete;652;18;-1;44,78,83,84;11,23,32;4;3;7;10;5;15;2;0;0;0;0;1;6;3;9;3;15;6;6;12;51;49;0;2;0;0;0;0;0;0;0;0;0;0;0;0;0;0;0;0;0;0;0;0;0;0;0;0;0;0;0;0;0;0;0;0;0;0;0;0;0;0;0;0;0;0;0;0;0;0;0;0;0;0;0;0;0;0;0;0;0;0;0;0;0;0;0;0;0;0;0;0;7;1;3;3;0;3;4;2013-07-20 18:45:00;2062;0;54;25;30;0;-1;1;-1;-1;-1;-1;-1;-1;0;1;0;0;1;0;-1;0;0;0;0;0;0;0;2;0;2;0;0;0;1;1;0;0;-1;-1;0;0;-1;-1;-1;-1;-1;-1;-1;-1;-1;30;36;54;84;95;37;84;83;47;8.83;1.16;4.8;3.41;Cobh Ramblers;Longford Town;1.86;1.27;1.38;1.67;0.94;2;71;64;46;17;6;59;13;13;0;0;0;458;28;Y;Y;Y;Y;Y;Y;Y
119514;2067;2062;2013;complete;652;19;-1;30;;1;0;1;4;3;7;0;4;3;2;1;1;4;3;5;6;9;9;18;8;49;51;5;4;0;0;0;0;0;0;0;0;0;0;0;0;0;0;0;0;0;0;0;0;0;0;0;0;0;0;0;0;0;0;0;0;0;0;0;0;0;0;0;0;0;0;0;0;0;0;0;0;0;0;0;0;0;0;0;0;0;0;0;0;0;0;0;0;0;0;0;0;1;1;0;0;0;0;1;2013-07-26 18:45:00;2067;0;67;22;22;0;-1;1;-1;-1;-1;-1;-1;-1;3;1;1;2;4;3;-1;0;0;0;0;0;0;0;0;0;0;0;0;0;1;1;0;0;-1;-1;0;0;-1;-1;-1;-1;-1;-1;-1;-1;-1;22;28;56;78;84;33;67;67;45;10;1.22;4.33;2.73;Salthill Devon;Cobh Ramblers;0.93;0.36;1;0.56;0.72;1.06;78;73;45;22;17;50;50;50;0;0;0;458;28;Y;N;N;N;N;N;N
119515;2064;2060;2013;complete;652;19;-1;33;58;1;1;2;4;2;6;1;1;1;2;0;0;5;4;5;5;10;9;19;17;50;50;1;2;0;0;0;0;0;0;0;0;0;0;0;0;0;0;0;0;0;0;0;0;0;0;0;0;0;0;0;0;0;0;0;0;0;0;0;0;0;0;0;0;0;0;0;0;0;0;0;0;0;0;0;0;0;0;0;0;0;0;0;0;0;0;0;0;0;0;0;0;2;1;0;0;1;1;1;2013-07-26 18:45:00;-1;0;48;25;18;0;-1;1;-1;-1;-1;-1;-1;-1;1;1;0;1;2;1;-1;0;0;0;0;0;0;0;0;0;0;0;0;0;1;1;0;0;-1;-1;0;0;-1;-1;-1;-1;-1;-1;-1;-1;-1;12;24;42;72;89;42;65;71;43;11;1.81;3.5;2.38;Waterford;Athlone Town;1.86;1.93;1.44;1.75;1.56;1.83;89;77;59;29;11;50;34;17;0;0;0;458;28;Y;Y;N;N;N;N;Y
119516;2054;2058;2013;complete;652;19;-1;48;;1;0;1;7;1;8;5;1;3;1;0;0;3;4;7;2;10;6;18;14;52;48;3;1;0;0;0;0;0;0;0;0;0;0;0;0;0;0;0;0;0;0;0;0;0;0;0;0;0;0;0;0;0;0;0;0;0;0;0;0;0;0;0;0;0;0;0;0;0;0;0;0;0;0;0;0;0;0;0;0;0;0;0;0;0;0;0;0;0;0;0;0;1;0;0;1;0;1;0;2013-07-26 19:00:00;2054;0;39;17;11;0;-1;1;-1;-1;-1;-1;-1;-1;2;1;1;0;3;1;-1;0;0;0;0;0;0;0;0;0;0;0;0;0;1;1;0;0;-1;-1;0;0;-1;-1;-1;-1;-1;-1;-1;-1;-1;28;45;56;56;84;39;67;62;28;8.83;0.23;5.45;2.67;Finn Harps;Wexford;1.71;0.57;1.67;0.78;1.17;1.22;73;56;45;45;17;42;17;17;0;0;0;458;28;Y;N;N;N;N;N;N
119517;2057;2066;2013;complete;652;19;-1;37;40,78,80;1;3;4;7;6;13;5;6;2;2;0;0;6;7;4;6;10;13;10;13;48;52;2;2;0;0;0;0;0;0;0;0;0;0;0;0;0;0;0;0;0;0;0;0;0;0;0;0;0;0;0;0;0;0;0;0;0;0;0;0;0;0;0;0;0;0;0;0;0;0;0;0;0;0;0;0;0;0;0;0;0;0;0;0;0;0;0;0;0;0;0;0;4;1;1;0;2;2;2;2013-07-27 18:30:00;2066;0;61;18;31;0;-1;1;-1;-1;-1;-1;-1;-1;1;1;1;1;2;2;-1;0;0;0;0;0;0;0;0;0;0;0;0;0;1;1;0;0;-1;-1;0;0;-1;-1;-1;-1;-1;-1;-1;-1;-1;18;30;61;78;84;48;78;72;36;9;0;5;2.93;Longford Town;Mervue United;2.27;1.27;2.38;0.78;1.89;1.5;82;71;40;22;17;50;50;34;0;0;0;458;30;Y;Y;Y;Y;N;N;Y
119518;2067;2064;2013;complete;652;20;-1;2;10,47,51,76;1;4;5;1;5;6;1;5;2;2;0;0;4;6;7;8;11;14;17;16;47;53;2;2;0;0;0;0;0;0;0;0;0;0;0;0;0;0;0;0;0;0;0;0;0;0;0;0;0;0;0;0;0;0;0;0;0;0;0;0;0;0;0;0;0;0;0;0;0;0;0;0;0;0;0;0;0;0;0;0;0;0;0;0;0;0;0;0;0;0;0;0;5;1;1;0;3;3;2;2013-08-02 18:45:00;2064;0;63;27;21;0;-1;1;-1;-1;-1;-1;-1;-1;0;1;2;1;1;3;-1;0;0;0;0;0;0;0;0;1;0;1;0;0;1;1;1;1;-1;-1;0;0;-1;-1;-1;-1;-1;-1;-1;-1;-1;10;10;58;79;95;32;74;74;36;9;2.26;4.89;2.52;Salthill Devon;Waterford;0.93;1.5;1.2;1.67;0.84;1.53;90;90;42;21;5;63;38;38;0;0;0;458;28;Y;Y;Y;Y;Y;N;Y
119519;2060;2054;2013;complete;652;20;-1;78;;1;0;1;5;8;13;4;1;1;2;0;0;3;3;3;5;6;8;17;13;53;47;1;2;0;0;0;0;0;0;0;0;0;0;0;0;0;0;0;0;0;0;0;0;0;0;0;0;0;0;0;0;0;0;0;0;0;0;0;0;0;0;0;0;0;0;0;0;0;0;0;0;0;0;0;0;0;0;0;0;0;0;0;0;0;0;0;0;0;0;0;0;1;0;0;1;0;1;0;2013-08-02 18:45:00;2060;0;44;16;17;0;-1;1;-1;-1;-1;-1;-1;-1;1;2;0;0;3;0;-1;0;0;0;0;0;0;0;0;0;0;0;0;0;1;1;0;0;-1;-1;0;0;-1;-1;-1;-1;-1;-1;-1;-1;-1;11;32;54;70;90;42;64;85;28;11.2;2.49;5.02;2.61;Athlone Town;Finn Harps;2;0.5;1.9;0.67;1.79;1.26;90;68;46;31;10;55;33;33;0;0;0;458;28;Y;N;N;N;N;N;N
119520;2058;2057;2013;complete;652;20;-1;;;0;0;0;5;11;16;3;3;5;0;0;0;4;6;3;4;7;10;15;13;50;50;5;0;0;0;0;0;0;0;0;0;0;0;0;0;0;0;0;0;0;0;0;0;0;0;0;0;0;0;0;0;0;0;0;0;0;0;0;0;0;0;0;0;0;0;0;0;0;0;0;0;0;0;0;0;0;0;0;0;0;0;0;0;0;0;0;0;0;0;0;0;0;0;0;0;0;0;0;2013-08-02 19:00:00;-1;0;36;21;10;0;-1;1;-1;-1;-1;-1;-1;-1;2;0;3;0;2;3;-1;0;0;0;0;0;0;0;0;0;0;0;0;0;1;1;0;0;-1;-1;0;0;-1;-1;-1;-1;-1;-1;-1;-1;-1;15;15;42;80;95;38;69;79;36;6.8;2.03;5.71;2.67;Wexford;Longford Town;1.79;1.27;1.67;1.5;1.16;1.79;85;85;58;21;5;55;33;20;0;0;0;458;28;N;N;N;N;N;N;N
119521;2062;2066;2013;complete;652;20;-1;38,55,90;72,86;3;2;5;3;5;8;5;1;4;1;0;0;3;6;7;9;10;15;17;17;51;49;4;1;0;0;0;0;0;0;0;0;0;0;0;0;0;0;0;0;0;0;0;0;0;0;0;0;0;0;0;0;0;0;0;0;0;0;0;0;0;0;0;0;0;0;0;0;0;0;0;0;0;0;0;0;0;0;0;0;0;0;0;0;0;0;0;0;0;0;0;0;5;1;0;2;2;4;1;2013-08-03 18:45:00;2062;0;49;32;22;0;-1;1;-1;-1;-1;-1;-1;-1;1;0;3;1;1;4;-1;0;0;0;0;0;0;0;0;2;0;2;0;0;1;1;0;0;-1;-1;0;0;-1;-1;-1;-1;-1;-1;-1;-1;-1;27;43;59;80;85;54;85;75;43;12.5;1.16;4.56;3.48;Cobh Ramblers;Mervue United;1.86;1.27;1.56;1;1;1.58;73;57;41;20;15;88;63;50;0;0;0;458;28;Y;Y;Y;Y;Y;N;Y
119522;2066;2058;2013;complete;652;21;-1;;;0;0;0;8;7;15;3;1;2;4;0;0;5;7;7;12;12;19;12;18;49;51;2;4;0;0;0;0;0;0;0;0;0;0;0;0;0;0;0;0;0;0;0;0;0;0;0;0;0;0;0;0;0;0;0;0;0;0;0;0;0;0;0;0;0;0;0;0;0;0;0;0;0;0;0;0;0;0;0;0;0;0;0;0;0;0;0;0;0;0;0;0;0;0;0;0;0;0;0;2013-08-09 18:45:00;-1;0;59;11;27;0;-1;1;-1;-1;-1;-1;-1;-1;1;1;1;3;2;4;-1;0;0;0;0;0;0;0;0;0;0;0;0;0;1;1;0;0;-1;-1;0;0;-1;-1;-1;-1;-1;-1;-1;-1;-1;21;47;80;80;95;37;74;80;54;6.83;0.03;4.59;3.22;Mervue United;Wexford;2.2;0.57;2.22;0.7;1.5;1.15;80;53;21;21;5;17;0;0;0;0;0;458;28;N;N;N;N;N;N;N
119523;2064;2062;2013;complete;652;21;-1;41;;1;0;1;3;5;8;3;4;2;2;0;0;5;4;2;4;7;8;12;12;49;51;2;2;0;0;0;0;0;0;0;0;0;0;0;0;0;0;0;0;0;0;0;0;0;0;0;0;0;0;0;0;0;0;0;0;0;0;0;0;0;0;0;0;0;0;0;0;0;0;0;0;0;0;0;0;0;0;0;0;0;0;0;0;0;0;0;0;0;0;0;0;1;1;0;0;0;0;1;2013-08-09 18:45:00;2064;0;45;15;15;0;-1;1;-1;-1;-1;-1;-1;-1;2;1;0;1;3;1;-1;0;0;0;0;0;0;0;0;0;0;0;0;0;1;1;0;0;-1;-1;0;0;-1;-1;-1;-1;-1;-1;-1;-1;-1;15;25;35;60;80;35;70;60;25;9.75;1.4;4.4;2.2;Waterford;Cobh Ramblers;1.86;0.36;1.4;0.5;1.6;1.1;85;75;65;40;20;50;38;25;0;0;0;458;28;Y;N;N;N;N;N;N
119524;2054;2067;2013;complete;652;21;-1;7,64;;2;0;2;9;2;11;3;6;0;0;0;1;8;0;7;2;15;2;10;5;52;48;0;2;0;0;0;0;0;0;0;0;0;0;0;0;0;0;0;0;0;0;0;0;0;0;0;0;0;0;0;0;0;0;0;0;0;0;0;0;0;0;0;0;0;0;0;0;0;0;0;0;0;0;0;0;0;0;0;0;0;0;0;0;0;0;0;0;0;0;0;0;2;1;0;1;0;1;1;2013-08-09 19:00:00;2054;0;49;27;16;0;-1;1;-1;-1;-1;-1;-1;-1;0;0;0;1;0;1;-1;0;0;0;0;0;0;0;0;0;0;0;0;0;1;1;1;0;-1;-1;0;0;-1;-1;-1;-1;-1;-1;-1;-1;-1;21;26;54;54;90;49;59;80;21;6.25;1.1;6.16;2.51;Finn Harps;Salthill Devon;1.71;0.29;1.8;0.44;1.2;0.8;79;74;46;46;10;25;25;13;0;0;0;458;28;Y;Y;N;N;N;N;N
119525;2057;2060;2013;complete;652;21;-1;;35;0;1;1;3;2;5;5;4;3;1;0;0;9;5;7;5;16;10;10;8;50;50;3;1;0;0;0;0;0;0;0;0;0;0;0;0;0;0;0;0;0;0;0;0;0;0;0;0;0;0;0;0;0;0;0;0;0;0;0;0;0;0;0;0;0;0;0;0;0;0;0;0;0;0;0;0;0;0;0;0;0;0;0;0;0;0;0;0;0;0;0;0;1;0;1;0;0;0;1;2013-08-10 18:30:00;2060;0;84;33;33;0;-1;1;-1;-1;-1;-1;-1;-1;1;1;2;0;2;2;-1;0;0;0;0;0;0;0;0;0;0;0;0;0;1;1;0;0;-1;-1;0;1;-1;-1;-1;-1;-1;-1;-1;-1;-1;17;33;67;95;100;56;78;84;56;9;1.33;3.78;3.17;Longford Town;Athlone Town;2.27;1.93;2.11;1.67;1.75;1.85;84;67;34;6;0;25;25;25;0;0;0;458;28;Y;N;N;N;N;N;N
119526;2066;2060;2013;complete;652;22;-1;37,62;32,41,57,67;2;4;6;-1;-1;-1;-1;-1;1;2;0;2;-1;-1;-1;-1;-1;-1;-1;-1;-1;-1;1;6;0;0;0;0;0;0;0;0;0;0;0;0;0;0;0;0;0;0;0;0;0;0;0;0;0;0;0;0;0;0;0;0;0;0;0;0;0;0;0;0;0;0;0;0;0;0;0;0;0;0;0;0;0;0;0;0;0;0;0;0;0;0;0;0;0;0;0;0;6;1;2;1;2;3;3;2013-08-16 18:45:00;2060;0;65;20;30;0;-1;1;-1;-1;-1;-1;-1;-1;0;1;1;3;1;4;-1;0;0;0;0;0;0;0;0;1;0;1;0;0;1;1;0;0;-1;-1;0;0;-1;-1;-1;-1;-1;-1;-1;-1;-1;10;30;60;80;95;35;70;75;60;7.9;2.1;3.4;2.75;Mervue United;Athlone Town;2.2;1.93;2.1;1.8;1.48;1.9;90;70;40;20;5;10;10;10;0;0;0;458;28;Y;Y;Y;Y;Y;Y;Y
119527;2054;2064;2013;complete;652;22;-1;;25,51;0;2;2;0;0;0;0;0;3;5;0;0;6;2;0;0;6;2;11;16;48;52;3;5;0;0;0;0;0;0;0;0;0;0;0;0;0;0;0;0;0;0;0;0;0;0;0;0;0;0;0;0;0;0;0;0;0;0;0;0;0;0;0;0;0;0;0;0;0;0;0;0;0;0;0;0;0;0;0;0;0;0;0;0;0;0;0;0;0;0;0;0;2;0;1;0;1;1;1;2013-08-16 19:00:00;2064;0;44;29;15;0;-1;1;-1;-1;-1;-1;-1;-1;1;2;2;3;3;5;-1;0;0;0;0;0;0;0;0;1;0;1;0;0;1;1;0;0;-1;-1;0;0;-1;-1;-1;-1;-1;-1;-1;-1;-1;14;19;44;58;91;39;68;72;24;10;3.17;4.86;2.26;Finn Harps;Waterford;1.71;1.5;1.91;1.8;1.29;1.67;86;82;57;42;9;50;30;30;0;0;0;458;28;Y;Y;N;N;N;N;N
119528;2058;2062;2013;complete;652;22;-1;11,17,53;76;3;1;4;2;6;8;0;7;1;2;0;0;0;0;5;5;5;5;8;12;53;47;1;2;0;0;0;0;0;0;0;0;0;0;0;0;0;0;0;0;0;0;0;0;0;0;0;0;0;0;0;0;0;0;0;0;0;0;0;0;0;0;0;0;0;0;0;0;0;0;0;0;0;0;0;0;0;0;0;0;0;0;0;0;0;0;0;0;0;0;0;0;4;2;0;1;1;2;2;2013-08-16 19:00:00;2058;0;33;19;9;0;-1;1;-1;-1;-1;-1;-1;-1;0;0;1;2;0;3;-1;0;0;0;0;0;0;0;0;1;0;1;0;0;1;1;0;0;-1;-1;0;0;-1;-1;-1;-1;-1;-1;-1;-1;-1;9;14;38;68;86;43;67;58;24;7.8;2.59;5.75;2.19;Wexford;Cobh Ramblers;1.79;0.36;1.6;0.45;1.14;1.05;91;87;62;33;14;40;30;20;0;0;0;458;28;Y;Y;Y;Y;N;N;Y
119529;2057;2067;2013;complete;652;22;-1;24,70,74,88;;4;0;4;9;2;11;4;4;3;1;0;0;9;3;4;2;13;5;16;7;53;47;3;1;0;0;0;0;0;0;0;0;0;0;0;0;0;0;0;0;0;0;0;0;0;0;0;0;0;0;0;0;0;0;0;0;0;0;0;0;0;0;0;0;0;0;0;0;0;0;0;0;0;0;0;0;0;0;0;0;0;0;0;0;0;0;0;0;0;0;0;0;4;1;0;3;0;3;1;2013-08-17 18:45:00;2057;0;75;30;30;0;-1;1;-1;-1;-1;-1;-1;-1;0;1;3;0;1;3;-1;0;0;0;0;0;0;0;1;0;1;0;0;0;1;1;0;0;-1;-1;0;0;-1;-1;-1;-1;-1;-1;-1;-1;-1;20;30;75;85;100;60;80;90;35;5.73;1.2;5.7;3.2;Longford Town;Salthill Devon;2.27;0.29;1.9;0.4;1.67;0.76;80;70;25;15;0;37;37;27;0;0;0;458;28;Y;Y;Y;Y;N;N;N
119530;2067;2066;2013;complete;652;23;-1;;30;0;1;1;2;7;9;6;7;1;2;1;0;5;5;3;8;8;13;18;10;48;52;2;2;0;0;0;0;0;0;0;0;0;0;0;0;0;0;0;0;0;0;0;0;0;0;0;0;0;0;0;0;0;0;0;0;0;0;0;0;0;0;0;0;0;0;0;0;0;0;0;0;0;0;0;0;0;0;0;0;0;0;0;0;0;0;0;0;0;0;0;0;1;0;1;0;0;0;1;2013-08-30 18:45:00;2066;0;55;23;18;0;-1;1;-1;-1;-1;-1;-1;-1;0;1;2;1;1;3;-1;0;0;0;0;0;0;0;0;0;0;0;0;0;1;1;0;0;-1;-1;0;0;-1;-1;-1;-1;-1;-1;-1;-1;-1;23;32;55;73;82;32;73;69;46;10;1.37;4.8;2.78;Salthill Devon;Mervue United;0.93;1.27;1.09;0.91;0.73;1.41;78;69;46;27;18;60;60;50;0;0;0;458;28;Y;N;N;N;N;N;N
119531;2064;2057;2013;complete;652;23;-1;78;;1;0;1;0;5;5;5;2;0;1;0;0;5;6;3;5;8;11;9;15;48;52;0;1;0;0;0;0;0;0;0;0;0;0;0;0;0;0;0;0;0;0;0;0;0;0;0;0;0;0;0;0;0;0;0;0;0;0;0;0;0;0;0;0;0;0;0;0;0;0;0;0;0;0;0;0;0;0;0;0;0;0;0;0;0;0;0;0;0;0;0;0;1;0;0;1;0;1;0;2013-08-30 18:45:00;2064;0;41;14;14;0;-1;1;-1;-1;-1;-1;-1;-1;0;0;0;1;0;1;-1;0;0;0;0;0;0;0;0;0;0;0;0;0;1;1;0;0;-1;-1;0;0;-1;-1;-1;-1;-1;-1;-1;-1;-1;18;23;32;60;82;23;69;69;32;10;1.73;4.27;2.32;Waterford;Longford Town;1.86;1.27;1.55;1.45;1.73;1.73;82;78;69;41;18;64;45;35;0;0;0;458;28;Y;N;N;N;N;N;N
119532;2060;2058;2013;complete;652;23;-1;26;;1;0;1;6;0;6;3;5;1;2;0;0;5;2;5;4;10;6;19;10;53;47;1;2;0;0;0;0;0;0;0;0;0;0;0;0;0;0;0;0;0;0;0;0;0;0;0;0;0;0;0;0;0;0;0;0;0;0;0;0;0;0;0;0;0;0;0;0;0;0;0;0;0;0;0;0;0;0;0;0;0;0;0;0;0;0;0;0;0;0;0;0;1;1;0;0;0;0;1;2013-08-30 18:45:00;2060;0;27;14;5;0;-1;1;-1;-1;-1;-1;-1;-1;1;1;0;1;2;1;-1;0;0;0;0;0;0;0;0;0;0;0;0;0;1;1;0;0;-1;-1;0;0;-1;-1;-1;-1;-1;-1;-1;-1;-1;18;32;46;55;82;36;55;69;14;10.25;1.64;5.46;2.37;Athlone Town;Wexford;2;0.57;2;0.73;1.95;1.23;82;69;55;46;18;59;38;38;0;0;0;458;28;Y;N;N;N;N;N;N
119533;2062;2054;2013;complete;652;23;-1;13,28,59;1,21;3;2;5;8;6;14;3;3;1;2;0;0;4;3;1;4;5;7;17;11;52;48;1;2;0;0;0;0;0;0;0;0;0;0;0;0;0;0;0;0;0;0;0;0;0;0;0;0;0;0;0;0;0;0;0;0;0;0;0;0;0;0;0;0;0;0;0;0;0;0;0;0;0;0;0;0;0;0;0;0;0;0;0;0;0;0;0;0;0;0;0;0;5;2;2;1;0;1;4;2013-08-31 18:45:00;2062;0;65;25;35;0;-1;1;-1;-1;-1;-1;-1;-1;1;0;0;2;1;2;-1;0;0;0;0;0;0;0;1;0;1;0;0;0;1;1;0;1;-1;-1;0;0;-1;-1;-1;-1;-1;-1;-1;-1;-1;30;50;75;90;100;50;85;95;55;11.4;1.9;4.3;3.8;Cobh Ramblers;Finn Harps;1.86;0.5;1.7;0.6;1;1.23;70;50;25;10;0;60;30;30;0;0;0;458;28;Y;Y;Y;Y;Y;N;Y
119534;2066;2064;2013;complete;652;24;-1;82;;1;0;1;3;5;8;1;5;2;0;0;0;9;9;5;3;14;12;10;9;52;48;2;0;0;0;0;0;0;0;0;0;0;0;0;0;0;0;0;0;0;0;0;0;0;0;0;0;0;0;0;0;0;0;0;0;0;0;0;0;0;0;0;0;0;0;0;0;0;0;0;0;0;0;0;0;0;0;0;0;0;0;0;0;0;0;0;0;0;0;0;0;1;0;0;1;0;1;0;2013-09-07 15:30:00;2066;0;64;27;32;0;-1;1;-1;-1;-1;-1;-1;-1;0;0;2;0;0;2;-1;0;0;0;0;0;0;0;0;0;0;0;0;0;1;1;0;0;-1;-1;0;0;-1;-1;-1;-1;-1;-1;-1;-1;-1;14;27;69;82;96;41;78;82;50;7.9;2.18;4.55;2.91;Mervue United;Waterford;2.2;1.5;1.91;1.91;1.48;1.78;87;73;32;18;5;35;19;19;0;0;0;458;28;Y;N;N;N;N;N;N
119535;2057;2054;2013;complete;652;24;-1;19,55,67;71;3;1;4;6;0;6;6;11;0;1;0;0;4;3;7;8;11;11;10;9;50;50;0;1;0;0;0;0;0;0;0;0;0;0;0;0;0;0;0;0;0;0;0;0;0;0;0;0;0;0;0;0;0;0;0;0;0;0;0;0;0;0;0;0;0;0;0;0;0;0;0;0;0;0;0;0;0;0;0;0;0;0;0;0;0;0;0;0;0;0;0;0;4;1;0;2;1;3;1;2013-09-07 18:30:00;2057;0;73;23;32;0;-1;1;-1;-1;-1;-1;-1;-1;0;0;0;1;0;1;-1;0;0;0;0;0;0;0;0;0;0;0;0;0;1;1;0;0;-1;-1;0;0;-1;-1;-1;-1;-1;-1;-1;-1;-1;18;45;78;87;100;50;82;91;50;11.17;2;4.54;3.32;Longford Town;Finn Harps;2.27;0.5;2;0.55;1.65;1.17;82;55;23;14;0;59;50;50;0;0;0;458;28;Y;Y;Y;Y;N;N;Y
119536;2062;2060;2013;complete;652;24;-1;;42;0;1;1;3;2;5;4;2;2;3;1;0;4;6;0;7;4;13;12;9;49;51;4;3;0;0;0;0;0;0;0;0;0;0;0;0;0;0;0;0;0;0;0;0;0;0;0;0;0;0;0;0;0;0;0;0;0;0;0;0;0;0;0;0;0;0;0;0;0;0;0;0;0;0;0;0;0;0;0;0;0;0;0;0;0;0;0;0;0;0;0;0;1;0;1;0;0;0;1;2013-09-07 18:45:00;2060;0;69;41;32;0;-1;1;-1;-1;-1;-1;-1;-1;2;0;1;3;2;4;-1;0;0;0;0;0;0;0;0;0;0;0;0;0;1;1;0;0;-1;-1;0;0;-1;-1;-1;-1;-1;-1;-1;-1;-1;37;46;64;91;100;55;87;82;55;9.67;2.45;3.91;3.73;Cobh Ramblers;Athlone Town;1.86;1.93;1.82;1.91;1.09;2;64;55;37;9;0;34;17;17;0;0;0;458;28;Y;N;N;N;N;N;N
119537;2058;2067;2013;complete;652;24;-1;50,90;54;2;1;3;7;2;9;9;1;3;2;1;1;5;2;5;6;10;8;19;5;48;52;5;4;0;0;0;0;0;0;0;0;0;0;0;0;0;0;0;0;0;0;0;0;0;0;0;0;0;0;0;0;0;0;0;0;0;0;0;0;0;0;0;0;0;0;0;0;0;0;0;0;0;0;0;0;0;0;0;0;0;0;0;0;0;0;0;0;0;0;0;0;3;0;0;2;1;3;0;2013-09-07 19:00:00;2058;0;41;23;14;0;-1;1;-1;-1;-1;-1;-1;-1;1;2;3;1;3;4;-1;0;0;0;0;0;0;0;0;0;0;0;0;0;1;1;0;0;-1;-1;0;0;-1;-1;-1;-1;-1;-1;-1;-1;-1;9;18;59;82;96;55;69;87;27;4.67;2.27;6.27;2.68;Wexford;Salthill Devon;1.79;0.29;1.73;0.36;1.17;0.7;91;82;41;18;5;50;42;25;0;0;0;458;28;Y;Y;Y;N;N;N;Y
119538;2067;2060;2013;complete;652;25;-1;;51;0;1;1;6;10;16;4;3;1;1;0;0;0;7;4;5;4;12;9;9;52;48;1;1;0;0;0;0;0;0;0;0;0;0;0;0;0;0;0;0;0;0;0;0;0;0;0;0;0;0;0;0;0;0;0;0;0;0;0;0;0;0;0;0;0;0;0;0;0;0;0;0;0;0;0;0;0;0;0;0;0;0;0;0;0;0;0;0;0;0;0;0;1;0;0;0;1;1;0;2013-09-20 18:45:00;2060;0;63;29;21;0;-1;1;-1;-1;-1;-1;-1;-1;0;0;1;1;0;2;-1;0;0;0;0;0;0;0;0;0;0;0;0;0;1;1;0;0;-1;-1;0;0;-1;-1;-1;-1;-1;-1;-1;-1;-1;21;25;50;75;96;34;75;67;50;7.03;2.5;4.27;2.71;Salthill Devon;Athlone Town;0.93;1.93;1;2;0.67;2.04;79;75;50;25;4;25;17;17;0;0;0;458;28;Y;N;N;N;N;N;N
119539;2064;2058;2013;complete;652;25;-1;6,9,36,89;;4;0;4;9;2;11;7;0;1;1;0;1;8;4;10;4;18;8;8;11;51;49;1;3;0;0;0;0;0;0;0;0;0;0;0;0;0;0;0;0;0;0;0;0;0;0;0;0;0;0;0;0;0;0;0;0;0;0;0;0;0;0;0;0;0;0;0;0;0;0;0;0;0;0;0;0;0;0;0;0;0;0;0;0;0;0;0;0;0;0;0;0;4;3;0;1;0;1;3;2013-09-20 18:45:00;2064;0;33;8;8;0;-1;1;-1;-1;-1;-1;-1;-1;1;1;0;1;2;1;-1;0;0;0;0;0;0;0;0;0;0;0;0;0;1;1;2;0;-1;-1;0;0;-1;-1;-1;-1;-1;-1;-1;-1;-1;17;30;42;54;83;29;67;63;21;7.57;1.42;4.5;2.25;Waterford;Wexford;1.86;0.57;1.67;0.67;1.71;1.25;84;71;59;46;17;45;27;19;0;0;0;458;28;Y;Y;Y;Y;N;N;N
119540;2054;2066;2013;complete;652;25;-1;;5,74;0;2;2;-1;-1;-1;-1;-1;1;1;0;0;-1;-1;-1;-1;-1;-1;-1;-1;-1;-1;1;1;0;0;0;0;0;0;0;0;0;0;0;0;0;0;0;0;0;0;0;0;0;0;0;0;0;0;0;0;0;0;0;0;0;0;0;0;0;0;0;0;0;0;0;0;0;0;0;0;0;0;0;0;0;0;0;0;0;0;0;0;0;0;0;0;0;0;0;0;2;0;1;0;1;1;1;2013-09-20 19:00:00;2066;0;29;17;13;0;-1;1;-1;-1;-1;-1;-1;-1;1;0;0;1;1;1;-1;0;0;0;0;0;0;0;0;0;0;0;0;0;1;1;0;1;-1;-1;0;0;-1;-1;-1;-1;-1;-1;-1;-1;-1;17;29;34;50;79;29;67;63;25;10.83;2.34;4.87;2.21;Finn Harps;Mervue United;1.71;1.27;1.75;1.08;1.13;1.54;83;71;67;50;21;58;50;42;0;0;0;458;28;Y;Y;N;N;N;N;N
119541;2057;2062;2013;complete;652;25;-1;13,16,27,60,64,72,74;15,20;7;2;9;6;4;10;0;2;3;2;1;0;8;2;4;5;12;7;16;14;50;50;5;2;0;0;0;0;0;0;0;0;0;0;0;0;0;0;0;0;0;0;0;0;0;0;0;0;0;0;0;0;0;0;0;0;0;0;0;0;0;0;0;0;0;0;0;0;0;0;0;0;0;0;0;0;0;0;0;0;0;0;0;0;0;0;0;0;0;0;0;0;9;3;2;4;0;4;5;2013-09-21 18:30:00;2057;0;67;21;34;0;-1;1;-1;-1;-1;-1;-1;-1;1;1;3;1;2;4;-1;0;0;0;0;0;0;0;0;0;0;0;0;0;1;1;0;0;-1;-1;1;0;-1;-1;-1;-1;-1;-1;-1;-1;-1;17;42;63;75;92;46;84;67;46;10.27;2.91;4.59;2.96;Longford Town;Cobh Ramblers;2.27;0.36;2.08;0.42;1.71;1.04;83;59;38;25;9;29;29;29;0;0;0;458;28;Y;Y;Y;Y;Y;Y;Y
119542;2066;2057;2013;complete;652;26;-1;32;;1;0;1;4;12;16;10;2;1;2;0;1;6;4;4;11;10;15;12;8;48;52;1;4;0;0;0;0;0;0;0;0;0;0;0;0;0;0;0;0;0;0;0;0;0;0;0;0;0;0;0;0;0;0;0;0;0;0;0;0;0;0;0;0;0;0;0;0;0;0;0;0;0;0;0;0;0;0;0;0;0;0;0;0;0;0;0;0;0;0;0;0;1;1;0;0;0;0;1;2013-09-27 18:45:00;2066;0;55;17;30;0;-1;1;-1;-1;-1;-1;-1;-1;1;1;0;2;2;2;-1;0;0;0;0;0;0;0;0;0;0;0;0;0;1;1;0;0;-1;-1;0;0;-1;-1;-1;-1;-1;-1;-1;-1;-1;21;34;54;67;88;25;63;79;55;9.17;1.5;4.08;2.83;Mervue United;Longford Town;2.2;1.27;2;1.33;1.6;1.76;79;67;46;34;13;37;30;30;0;0;0;458;30;Y;N;N;N;N;N;N
119543;2060;2064;2013;complete;652;26;-1;26;;1;0;1;0;2;2;1;2;2;3;0;0;3;2;3;5;6;7;16;16;49;51;2;3;0;0;0;0;0;0;0;0;0;0;0;0;0;0;0;0;0;0;0;0;0;0;0;0;0;0;0;0;0;0;0;0;0;0;0;0;0;0;0;0;0;0;0;0;0;0;0;0;0;0;0;0;0;0;0;0;0;0;0;0;0;0;0;0;0;0;0;0;1;1;0;0;0;0;1;2013-09-27 18:45:00;2060;0;34;25;9;0;-1;1;-1;-1;-1;-1;-1;-1;0;1;2;2;1;4;-1;0;0;0;0;0;0;0;1;0;1;0;0;0;1;1;0;0;-1;-1;0;0;-1;-1;-1;-1;-1;-1;-1;-1;-1;8;13;38;59;92;38;63;75;13;9.71;3.92;5;2.13;Athlone Town;Waterford;2;1.5;2.08;1.75;2.08;1.76;92;88;63;42;9;50;29;29;0;0;0;458;28;Y;N;N;N;N;N;N
119544;2058;2054;2013;complete;652;26;-1;5,7,47;43;3;1;4;4;8;12;3;1;1;0;0;1;2;2;3;11;5;13;11;6;51;49;1;2;0;0;0;0;0;0;0;0;0;0;0;0;0;0;0;0;0;0;0;0;0;0;0;0;0;0;0;0;0;0;0;0;0;0;0;0;0;0;0;0;0;0;0;0;0;0;0;0;0;0;0;0;0;0;0;0;0;0;0;0;0;0;0;0;0;0;0;0;4;2;1;1;0;1;3;2013-09-27 19:00:00;2058;0;50;17;25;0;-1;1;-1;-1;-1;-1;-1;-1;0;0;1;1;0;2;-1;0;0;0;0;0;0;0;0;0;0;0;0;0;1;1;2;0;-1;-1;0;0;-1;-1;-1;-1;-1;-1;-1;-1;-1;9;29;63;83;96;46;67;88;42;8.57;3.92;5.33;2.79;Wexford;Finn Harps;1.79;0.5;1.83;0.5;1.2;1.08;92;71;38;17;4;57;36;29;0;0;0;458;28;Y;Y;Y;Y;N;N;Y
119545;2062;2067;2013;complete;652;26;-1;30;;1;0;1;3;3;6;6;8;1;2;0;0;0;5;3;4;3;9;19;19;47;53;1;2;0;0;0;0;0;0;0;0;0;0;0;0;0;0;0;0;0;0;0;0;0;0;0;0;0;0;0;0;0;0;0;0;0;0;0;0;0;0;0;0;0;0;0;0;0;0;0;0;0;0;0;0;0;0;0;0;0;0;0;0;0;0;0;0;0;0;0;0;1;1;0;0;0;0;1;2013-09-29 14:00:00;2062;0;63;34;29;0;-1;1;-1;-1;-1;-1;-1;-1;0;1;1;1;1;2;-1;0;0;0;0;0;0;0;0;0;0;0;0;0;1;1;0;0;-1;-1;0;0;-1;-1;-1;-1;-1;-1;-1;-1;-1;34;42;75;88;100;54;84;92;42;7.28;2.34;5.42;3.71;Cobh Ramblers;Salthill Devon;1.86;0.29;1.67;0.33;1;0.64;67;59;25;13;0;57;36;29;0;0;0;458;28;Y;N;N;N;N;N;N
119546;2066;2062;2013;complete;652;27;-1;40,75;;2;0;2;6;6;12;3;4;1;4;0;0;3;6;8;5;11;11;18;15;51;49;1;4;0;0;0;0;0;0;0;0;0;0;0;0;0;0;0;0;0;0;0;0;0;0;0;0;0;0;0;0;0;0;0;0;0;0;0;0;0;0;0;0;0;0;0;0;0;0;0;0;0;0;0;0;0;0;0;0;0;0;0;0;0;0;0;0;0;0;0;0;2;1;0;1;0;1;1;2013-10-04 18:45:00;2066;0;58;19;31;0;-1;1;-1;-1;-1;-1;-1;-1;1;1;0;3;2;3;-1;0;0;0;0;0;0;0;1;0;1;0;0;0;1;1;0;0;-1;-1;0;0;-1;-1;-1;-1;-1;-1;-1;-1;-1;19;38;58;66;89;39;73;66;50;8.71;2.85;4.15;2.92;Mervue United;Cobh Ramblers;2.2;0.36;2.08;0.38;1.65;1.08;81;62;43;35;12;29;29;22;0;0;0;458;28;Y;Y;N;N;N;N;N
119547;2064;2067;2013;complete;652;27;-1;5,53,67,89,90;;5;0;5;7;3;10;5;3;1;0;0;1;6;4;6;2;12;6;8;9;52;48;1;2;0;0;0;0;0;0;0;0;0;0;0;0;0;0;0;0;0;0;0;0;0;0;0;0;0;0;0;0;0;0;0;0;0;0;0;0;0;0;0;0;0;0;0;0;0;0;0;0;0;0;0;0;0;0;0;0;0;0;0;0;0;0;0;0;0;0;0;0;5;1;0;4;0;4;1;2013-10-04 18:45:00;2064;0;43;16;16;0;-1;1;-1;-1;-1;-1;-1;-1;1;1;0;0;2;0;-1;0;0;0;0;0;0;0;0;0;0;0;0;0;1;1;1;0;-1;-1;0;0;-1;-1;-1;-1;-1;-1;-1;-1;-1;12;23;50;66;93;39;69;81;23;6.61;3.08;4.84;2.46;Waterford;Salthill Devon;1.86;0.29;1.77;0.31;1.69;0.62;89;77;50;35;8;54;41;27;0;0;0;458;28;Y;Y;Y;Y;Y;N;N
119548;2054;2060;2013;complete;652;27;-1;18,28,64;43,90;3;2;5;-1;-1;-1;-1;-1;2;2;0;0;-1;-1;-1;-1;-1;-1;-1;-1;-1;-1;2;2;0;0;0;0;0;0;0;0;0;0;0;0;0;0;0;0;0;0;0;0;0;0;0;0;0;0;0;0;0;0;0;0;0;0;0;0;0;0;0;0;0;0;0;0;0;0;0;0;0;0;0;0;0;0;0;0;0;0;0;0;0;0;0;0;0;0;0;0;5;2;1;1;1;2;3;2013-10-04 19:00:00;2054;0;39;23;16;0;-1;1;-1;-1;-1;-1;-1;-1;2;0;0;2;2;2;-1;0;0;0;0;0;0;0;1;1;1;1;0;0;1;1;0;0;-1;-1;0;0;-1;-1;-1;-1;-1;-1;-1;-1;-1;15;23;31;58;93;31;66;69;31;9.16;2.46;4.23;2.23;Finn Harps;Athlone Town;1.71;1.93;1.62;2.08;1.04;2.12;85;77;70;43;8;25;25;25;0;0;0;458;28;Y;Y;Y;Y;Y;N;Y
119549;2057;2058;2013;complete;652;27;-1;30,85;80;2;1;3;11;3;14;3;2;2;2;0;0;2;3;5;6;7;9;15;14;47;53;2;2;0;0;0;0;0;0;0;0;0;0;0;0;0;0;0;0;0;0;0;0;0;0;0;0;0;0;0;0;0;0;0;0;0;0;0;0;0;0;0;0;0;0;0;0;0;0;0;0;0;0;0;0;0;0;0;0;0;0;0;0;0;0;0;0;0;0;0;0;3;1;0;1;1;2;1;2013-10-05 18:30:00;2057;0;58;20;23;0;-1;1;-1;-1;-1;-1;-1;-1;0;2;2;0;2;2;-1;0;0;0;0;0;0;0;0;0;0;0;0;0;1;1;0;0;-1;-1;0;1;-1;-1;-1;-1;-1;-1;-1;-1;-1;23;50;74;77;93;46;81;74;43;8.84;1.46;5.15;3.35;Longford Town;Wexford;2.27;0.57;2.15;0.62;1.69;1.27;77;50;27;23;8;50;42;33;0;0;0;458;28;Y;Y;Y;N;N;N;Y
119550;2060;2057;2013;complete;652;28;-1;9;24,44;1;2;3;4;6;10;1;3;1;2;0;0;2;6;7;6;9;12;11;16;47;53;1;2;0;0;0;0;0;0;0;0;0;0;0;0;0;0;0;0;0;0;0;0;0;0;0;0;0;0;0;0;0;0;0;0;0;0;0;0;0;0;0;0;0;0;0;0;0;0;0;0;0;0;0;0;0;0;0;0;0;0;0;0;0;0;0;0;0;0;0;0;3;1;2;0;0;0;3;2013-10-12 18:45:00;2057;0;27;15;8;0;-1;1;-1;-1;-1;-1;-1;-1;1;0;0;2;1;2;-1;0;0;0;0;0;0;0;0;0;0;0;0;0;1;1;1;0;-1;-1;0;0;-1;-1;-1;-1;-1;-1;-1;-1;-1;16;19;27;46;85;23;58;66;19;11.13;2.93;4.84;2.12;Athlone Town;Longford Town;2;1.27;2.15;1.23;2.04;1.74;85;81;73;54;15;57;44;44;0;0;0;458;28;Y;Y;Y;N;N;N;Y
119551;2062;2064;2013;complete;652;28;-1;31,49;61;2;1;3;5;8;13;1;2;1;3;0;0;2;5;7;5;9;10;18;9;48;52;1;3;0;0;0;0;0;0;0;0;0;0;0;0;0;0;0;0;0;0;0;0;0;0;0;0;0;0;0;0;0;0;0;0;0;0;0;0;0;0;0;0;0;0;0;0;0;0;0;0;0;0;0;0;0;0;0;0;0;0;0;0;0;0;0;0;0;0;0;0;3;1;0;1;1;2;1;2013-10-12 18:45:00;2062;0;54;35;23;0;-1;1;-1;-1;-1;-1;-1;-1;1;2;0;1;3;1;-1;0;0;0;0;0;0;0;0;0;0;0;0;0;1;1;0;0;-1;-1;0;0;-1;-1;-1;-1;-1;-1;-1;-1;-1;27;31;58;77;100;46;89;77;35;8.88;3.77;4.62;3.2;Cobh Ramblers;Waterford;1.86;1.5;1.77;1.62;1.04;1.74;73;69;43;23;0;44;19;19;0;0;0;458;28;Y;Y;Y;N;N;N;Y
119552;2067;2054;2013;complete;652;28;-1;;;0;0;0;8;13;21;2;4;0;0;0;1;5;6;6;4;11;10;11;11;53;47;0;2;0;0;0;0;0;0;0;0;0;0;0;0;0;0;0;0;0;0;0;0;0;0;0;0;0;0;0;0;0;0;0;0;0;0;0;0;0;0;0;0;0;0;0;0;0;0;0;0;0;0;0;0;0;0;0;0;0;0;0;0;0;0;0;0;0;0;0;0;0;0;0;0;0;0;0;2013-10-12 18:45:00;-1;0;66;23;23;0;-1;1;-1;-1;-1;-1;-1;-1;0;0;0;1;0;1;-1;0;0;0;0;0;0;0;0;0;0;0;0;0;1;1;0;0;-1;-1;0;0;-1;-1;-1;-1;-1;-1;-1;-1;-1;19;39;66;77;96;35;73;85;46;9.39;3.23;4.25;2.97;Salthill Devon;Finn Harps;0.93;0.5;0.92;0.46;0.59;1.11;81;62;35;23;4;60;47;47;0;0;0;458;28;N;N;N;N;N;N;N
119553;2058;2066;2013;complete;652;28;-1;76;23,31,68,71;1;4;5;3;1;4;8;4;0;3;0;0;4;5;4;6;8;11;10;13;52;48;0;3;0;0;0;0;0;0;0;0;0;0;0;0;0;0;0;0;0;0;0;0;0;0;0;0;0;0;0;0;0;0;0;0;0;0;0;0;0;0;0;0;0;0;0;0;0;0;0;0;0;0;0;0;0;0;0;0;0;0;0;0;0;0;0;0;0;0;0;0;5;0;2;1;2;3;2;2013-10-12 18:45:00;2066;0;35;19;15;0;-1;1;-1;-1;-1;-1;-1;-1;0;0;0;3;0;3;-1;0;0;0;0;0;0;0;0;0;0;0;0;0;1;1;0;0;-1;-1;0;0;-1;-1;-1;-1;-1;-1;-1;-1;-1;8;23;46;74;85;43;70;70;31;9.75;3.08;5.41;2.46;Wexford;Mervue United;1.79;1.27;1.92;1.23;1.22;1.7;93;77;54;27;16;73;53;38;0;0;0;458;28;Y;Y;Y;Y;Y;N;Y
119554;2066;2057;2013;complete;653;0;-1;14;;1;0;1;7;4;11;3;1;1;1;0;1;10;2;6;5;16;7;6;7;47;53;1;3;0;0;0;0;0;0;0;0;0;0;0;0;0;0;0;0;0;0;0;0;0;0;0;0;0;0;0;0;0;0;0;0;0;0;0;0;0;0;0;0;0;0;0;0;0;0;0;0;0;0;0;0;0;0;0;0;0;0;0;0;0;0;0;0;0;0;0;0;1;1;0;0;0;0;1;2013-10-18 18:45:00;2066;1;55;18;25;0;-1;1;-1;-1;-1;-1;-1;-1;0;1;1;1;1;2;-1;0;0;0;0;0;0;0;0;0;0;0;0;0;1;1;0;0;-1;-1;0;0;-1;-1;-1;-1;-1;-1;-1;-1;-1;20;36;58;72;90;34;77;73;48;10.93;2.58;4.29;2.97;Mervue United;Longford Town;1.73;1.77;1.75;1.79;1.75;1.79;81;64;43;29;11;58;52;42;0;0;0;458;30;Y;N;N;N;N;N;N
119555;2057;2066;2013;complete;653;0;-1;29,66;7,120;2;2;4;14;5;19;4;5;5;3;0;1;5;7;13;9;18;16;12;10;48;52;5;4;0;0;0;0;0;0;0;0;0;0;0;0;0;0;0;0;0;0;0;0;0;0;0;0;0;0;0;0;0;0;0;0;0;0;0;0;0;0;0;0;0;0;0;0;0;0;0;0;0;0;0;0;0;0;0;0;0;0;0;0;0;0;0;0;0;0;0;0;5;1;1;2;1;3;2;2013-10-25 18:45:00;2057;1;54;22;32;0;-1;1;-1;-1;-1;-1;-1;-1;2;2;3;2;4;5;-1;0;0;0;0;0;0;0;0;0;0;0;0;0;1;1;0;1;-1;-1;1;1;-1;-1;-1;-1;-1;-1;-1;-1;-1;19;34;56;69;90;33;78;71;47;10.94;2.62;4.28;2.9;Longford Town;Mervue United;1.77;1.73;1.72;1.79;1.72;1.79;81;66;45;31;11;61;55;46;0;0;0;458;30;Y;Y;Y;Y;Y;N;Y
