ID;HOMEID;AWAYID;SEASON;STATUS;ROUNDID;GAME_WEEK;REVISED_GAME_WEEK;HOMEGOALS;AWAYGOALS;HOMEGOALCOUNT;AWAYGOALCOUNT;TOTALGOALCOUNT;TEAM_A_CORNERS;TEAM_B_CORNERS;TOTALCORNERCOUNT;TEAM_A_OFFSIDES;TEAM_B_OFFSIDES;TEAM_A_YELLOW_CARDS;TEAM_B_YELLOW_CARDS;TEAM_A_RED_CARDS;TEAM_B_RED_CARDS;TEAM_A_SHOTSONTARGET;TEAM_B_SHOTSONTARGET;TEAM_A_SHOTSOFFTARGET;TEAM_B_SHOTSOFFTARGET;TEAM_A_SHOTS;TEAM_B_SHOTS;TEAM_A_FOULS;TEAM_B_FOULS;TEAM_A_POSSESSION;TEAM_B_POSSESSION;TEAM_A_CARDS_NUM;TEAM_B_CARDS_NUM;ODDS_FT_1;ODDS_FT_X;ODDS_FT_2;ODDS_FT_OVER05;ODDS_FT_OVER15;ODDS_FT_OVER25;ODDS_FT_OVER35;ODDS_FT_OVER45;ODDS_FT_UNDER05;ODDS_FT_UNDER15;ODDS_FT_UNDER25;ODDS_FT_UNDER35;ODDS_FT_UNDER45;ODDS_BTTS_YES;ODDS_BTTS_NO;ODDS_TEAM_A_CS_YES;ODDS_TEAM_A_CS_NO;ODDS_TEAM_B_CS_YES;ODDS_TEAM_B_CS_NO;ODDS_DOUBLECHANCE_1X;ODDS_DOUBLECHANCE_12;ODDS_DOUBLECHANCE_X2;ODDS_1ST_HALF_RESULT_1;ODDS_1ST_HALF_RESULT_X;ODDS_1ST_HALF_RESULT_2;ODDS_2ND_HALF_RESULT_1;ODDS_2ND_HALF_RESULT_X;ODDS_2ND_HALF_RESULT_2;ODDS_DNB_1;ODDS_DNB_2;ODDS_CORNERS_OVER_75;ODDS_CORNERS_OVER_85;ODDS_CORNERS_OVER_95;ODDS_CORNERS_OVER_105;ODDS_CORNERS_OVER_115;ODDS_CORNERS_UNDER_75;ODDS_CORNERS_UNDER_85;ODDS_CORNERS_UNDER_95;ODDS_CORNERS_UNDER_105;ODDS_CORNERS_UNDER_115;ODDS_CORNERS_1;ODDS_CORNERS_X;ODDS_CORNERS_2;ODDS_TEAM_TO_SCORE_FIRST_1;ODDS_TEAM_TO_SCORE_FIRST_X;ODDS_TEAM_TO_SCORE_FIRST_2;ODDS_WIN_TO_NIL_1;ODDS_WIN_TO_NIL_2;ODDS_1ST_HALF_OVER05;ODDS_1ST_HALF_OVER15;ODDS_1ST_HALF_OVER25;ODDS_1ST_HALF_OVER35;ODDS_1ST_HALF_UNDER05;ODDS_1ST_HALF_UNDER15;ODDS_1ST_HALF_UNDER25;ODDS_1ST_HALF_UNDER35;ODDS_2ND_HALF_OVER05;ODDS_2ND_HALF_OVER15;ODDS_2ND_HALF_OVER25;ODDS_2ND_HALF_OVER35;ODDS_2ND_HALF_UNDER05;ODDS_2ND_HALF_UNDER15;ODDS_2ND_HALF_UNDER25;ODDS_2ND_HALF_UNDER35;ODDS_BTTS_1ST_HALF_YES;ODDS_BTTS_1ST_HALF_NO;ODDS_BTTS_2ND_HALF_YES;ODDS_BTTS_2ND_HALF_NO;OVERALLGOALCOUNT;HT_GOALS_TEAM_A;HT_GOALS_TEAM_B;GOALS_2HG_TEAM_A;GOALS_2HG_TEAM_B;GOALCOUNT_2HG;HTGOALCOUNT;DATE_UNIX;WINNINGTEAM;NO_HOME_AWAY;BTTS_POTENTIAL;BTTS_FHG_POTENTIAL;BTTS_2HG_POTENTIAL;GOALTIMINGDISABLED;CORNER_TIMINGS_RECORDED;CARD_TIMINGS_RECORDED;TEAM_A_FH_CORNERS;TEAM_B_FH_CORNERS;TEAM_A_2H_CORNERS;TEAM_B_2H_CORNERS;CORNER_FH_COUNT;CORNER_2H_COUNT;TEAM_A_FH_CARDS;TEAM_B_FH_CARDS;TEAM_A_2H_CARDS;TEAM_B_2H_CARDS;TOTAL_FH_CARDS;TOTAL_2H_CARDS;ATTACKS_RECORDED;TEAM_A_DANGEROUS_ATTACKS;TEAM_B_DANGEROUS_ATTACKS;TEAM_A_ATTACKS;TEAM_B_ATTACKS;TEAM_A_XG;TEAM_B_XG;TOTAL_XG;TEAM_A_PENALTIES_WON;TEAM_B_PENALTIES_WON;TEAM_A_PENALTY_GOALS;TEAM_B_PENALTY_GOALS;TEAM_A_PENALTY_MISSED;TEAM_B_PENALTY_MISSED;PENS_RECORDED;GOAL_TIMINGS_RECORDED;TEAM_A_0_10_MIN_GOALS;TEAM_B_0_10_MIN_GOALS;TEAM_A_CORNERS_0_10_MIN;TEAM_B_CORNERS_0_10_MIN;TEAM_A_CARDS_0_10_MIN;TEAM_B_CARDS_0_10_MIN;THROWINS_RECORDED;TEAM_A_THROWINS;TEAM_B_THROWINS;FREEKICKS_RECORDED;TEAM_A_FREEKICKS;TEAM_B_FREEKICKS;GOALKICKS_RECORDED;TEAM_A_GOALKICKS;TEAM_B_GOALKICKS;O45_POTENTIAL;O35_POTENTIAL;O25_POTENTIAL;O15_POTENTIAL;O05_POTENTIAL;O15HT_POTENTIAL;O05HT_POTENTIAL;O05_2H_POTENTIAL;O15_2H_POTENTIAL;CORNERS_POTENTIAL;OFFSIDES_POTENTIAL;CARDS_POTENTIAL;AVG_POTENTIAL;HOME_NAME;AWAY_NAME;HOME_PPG;AWAY_PPG;PRE_MATCH_HOME_PPG;PRE_MATCH_AWAY_PPG;PRE_MATCH_TEAMA_OVERALL_PPG;PRE_MATCH_TEAMB_OVERALL_PPG;U45_POTENTIAL;U35_POTENTIAL;U25_POTENTIAL;U15_POTENTIAL;U05_POTENTIAL;CORNERS_O85_POTENTIAL;CORNERS_O95_POTENTIAL;CORNERS_O105_POTENTIAL;TEAM_A_XG_PREMATCH;TEAM_B_XG_PREMATCH;TOTAL_XG_PREMATCH;COMPETITION_ID;MATCHES_COMPLETED_MINIMUM;OVER05;OVER15;OVER25;OVER35;OVER45;OVER55;BTTS
118988;2063;2059;2017;complete;645;1;-1;;39;0;1;1;3;8;11;1;2;2;1;0;0;3;4;6;5;9;9;16;11;41;59;2;1;0;0;0;0;0;0;0;0;0;0;0;0;0;0;0;0;0;0;0;0;0;0;0;0;0;0;0;0;0;0;0;0;0;0;0;0;0;0;0;0;0;0;0;0;0;0;0;0;0;0;0;0;0;0;0;0;0;0;0;0;0;0;0;0;0;0;0;0;1;0;1;0;0;0;1;2017-02-24 19:45:00;2059;0;0;0;0;0;-1;1;-1;-1;-1;-1;-1;-1;1;1;1;0;2;1;-1;0;0;0;0;0;0;0;0;0;0;0;0;0;1;1;0;0;-1;-1;0;0;-1;-1;-1;-1;-1;-1;-1;-1;-1;0;0;0;0;0;0;0;0;0;0;0;0;0;Cabinteely;UCD;1.57;1.5;0;0;0;0;0;0;0;0;0;0;0;0;0;0;0;454;28;Y;N;N;N;N;N;N
118989;2061;2057;2017;complete;645;1;-1;;;0;0;0;6;3;9;2;0;2;0;0;0;3;3;2;5;5;8;9;9;45;55;2;0;0;0;0;0;0;0;0;0;0;0;0;0;0;0;0;0;0;0;0;0;0;0;0;0;0;0;0;0;0;0;0;0;0;0;0;0;0;0;0;0;0;0;0;0;0;0;0;0;0;0;0;0;0;0;0;0;0;0;0;0;0;0;0;0;0;0;0;0;0;0;0;0;0;0;0;2017-02-24 19:45:00;-1;0;0;0;0;0;-1;1;-1;-1;-1;-1;-1;-1;0;0;2;0;0;2;-1;0;0;0;0;0;0;0;0;0;0;0;0;0;1;1;0;0;-1;-1;0;0;-1;-1;-1;-1;-1;-1;-1;-1;-1;0;0;0;0;0;0;0;0;0;0;0;0;0;Shelbourne;Longford Town;1.21;1.07;0;0;0;0;0;0;0;0;0;0;0;0;0;0;0;454;28;N;N;N;N;N;N;N
118990;2060;2064;2017;complete;645;1;-1;87;;1;0;1;4;5;9;0;3;3;1;0;0;4;3;6;6;10;9;15;13;36;64;3;1;0;0;0;0;0;0;0;0;0;0;0;0;0;0;0;0;0;0;0;0;0;0;0;0;0;0;0;0;0;0;0;0;0;0;0;0;0;0;0;0;0;0;0;0;0;0;0;0;0;0;0;0;0;0;0;0;0;0;0;0;0;0;0;0;0;0;0;0;1;0;0;1;0;1;0;2017-02-24 20:15:00;2060;0;0;0;0;0;-1;1;-1;-1;-1;-1;-1;-1;0;1;3;0;1;3;-1;0;0;0;0;0;0;0;0;0;0;0;0;0;1;1;0;0;-1;-1;0;0;-1;-1;-1;-1;-1;-1;-1;-1;-1;0;0;0;0;0;0;0;0;0;0;0;0;0;Athlone Town;Waterford;0.93;1.5;0;0;0;0;0;0;0;0;0;0;0;0;0;0;0;454;28;Y;N;N;N;N;N;N
118991;2062;2058;2017;complete;645;1;-1;52;90;1;1;2;6;3;9;1;3;1;4;0;0;5;3;5;7;10;10;14;17;55;45;1;4;0;0;0;0;0;0;0;0;0;0;0;0;0;0;0;0;0;0;0;0;0;0;0;0;0;0;0;0;0;0;0;0;0;0;0;0;0;0;0;0;0;0;0;0;0;0;0;0;0;0;0;0;0;0;0;0;0;0;0;0;0;0;0;0;0;0;0;0;2;0;0;1;1;2;0;2017-02-25 15:00:00;-1;0;0;0;0;0;-1;1;-1;-1;-1;-1;-1;-1;0;2;1;2;2;3;-1;0;0;0;0;0;0;0;0;0;0;0;0;0;1;1;0;0;-1;-1;0;1;-1;-1;-1;-1;-1;-1;-1;-1;-1;0;0;0;0;0;0;0;0;0;0;0;0;0;Cobh Ramblers;Wexford;2.14;0.57;0;0;0;0;0;0;0;0;0;0;0;0;0;0;0;454;28;Y;Y;N;N;N;N;Y
118992;2059;2061;2017;complete;645;2;-1;7,17,23,29;;4;0;4;1;5;6;3;5;1;3;0;1;5;5;3;4;8;9;11;18;66;34;1;5;0;0;0;0;0;0;0;0;0;0;0;0;0;0;0;0;0;0;0;0;0;0;0;0;0;0;0;0;0;0;0;0;0;0;0;0;0;0;0;0;0;0;0;0;0;0;0;0;0;0;0;0;0;0;0;0;0;0;0;0;0;0;0;0;0;0;0;0;4;4;0;0;0;0;4;2017-03-03 19:45:00;2059;0;0;0;0;0;-1;1;-1;-1;-1;-1;-1;-1;0;1;1;3;1;4;-1;0;0;0;0;0;0;0;1;0;1;0;0;0;1;1;1;0;-1;-1;0;0;-1;-1;-1;-1;-1;-1;-1;-1;-1;0;0;0;0;0;0;0;0;0;0;0;0;0;UCD;Shelbourne;1.86;1.5;0;0;3;1;0;0;0;0;0;0;0;0;0;0;0;454;28;Y;Y;Y;Y;N;N;N
118993;2064;2063;2017;complete;645;2;-1;4,35,57;;3;0;3;6;4;10;-1;-1;3;0;0;0;7;7;3;4;10;11;-1;-1;54;46;3;0;0;0;0;0;0;0;0;0;0;0;0;0;0;0;0;0;0;0;0;0;0;0;0;0;0;0;0;0;0;0;0;0;0;0;0;0;0;0;0;0;0;0;0;0;0;0;0;0;0;0;0;0;0;0;0;0;0;0;0;0;0;0;0;0;0;0;0;0;3;2;0;1;0;1;2;2017-03-03 19:45:00;2064;0;0;0;0;0;-1;1;-1;-1;-1;-1;-1;-1;0;0;3;0;0;3;-1;0;0;0;0;0;0;0;0;0;0;0;0;0;1;1;1;0;-1;-1;0;0;-1;-1;-1;-1;-1;-1;-1;-1;-1;0;0;0;0;0;0;0;0;0;0;0;0;0;Waterford;Cabinteely;2.71;1.14;0;0;0;0;0;0;0;0;0;0;0;0;0;0;0;454;28;Y;Y;Y;N;N;N;N
118994;2058;2060;2017;complete;645;2;-1;61;34,45;1;2;3;9;2;11;2;2;2;3;0;0;5;4;5;7;10;11;11;13;61;39;2;3;0;0;0;0;0;0;0;0;0;0;0;0;0;0;0;0;0;0;0;0;0;0;0;0;0;0;0;0;0;0;0;0;0;0;0;0;0;0;0;0;0;0;0;0;0;0;0;0;0;0;0;0;0;0;0;0;0;0;0;0;0;0;0;0;0;0;0;0;3;0;2;1;0;1;2;2017-03-03 20:00:00;2060;0;0;0;0;0;-1;1;-1;-1;-1;-1;-1;-1;0;1;2;2;1;4;-1;0;0;0;0;0;0;0;0;0;0;0;0;0;1;1;0;0;-1;-1;0;0;-1;-1;-1;-1;-1;-1;-1;-1;-1;0;0;0;0;0;0;0;0;0;0;0;0;0;Wexford;Athlone Town;0.86;0.29;0;0;1;3;0;0;0;0;0;0;0;0;0;0;0;454;28;Y;Y;Y;N;N;N;Y
118995;2057;2062;2017;complete;645;2;-1;90;59,62,80;1;3;4;7;3;10;2;5;1;3;0;0;3;7;9;9;12;16;7;8;60;40;1;3;0;0;0;0;0;0;0;0;0;0;0;0;0;0;0;0;0;0;0;0;0;0;0;0;0;0;0;0;0;0;0;0;0;0;0;0;0;0;0;0;0;0;0;0;0;0;0;0;0;0;0;0;0;0;0;0;0;0;0;0;0;0;0;0;0;0;0;0;4;0;0;1;3;4;0;2017-03-04 19:30:00;2062;0;0;0;0;0;-1;1;-1;-1;-1;-1;-1;-1;0;0;1;3;0;4;-1;0;0;0;0;0;0;0;0;0;0;0;0;0;1;1;0;0;-1;-1;0;0;-1;-1;-1;-1;-1;-1;-1;-1;-1;0;0;0;0;0;0;0;0;0;0;0;0;0;Longford Town;Cobh Ramblers;1.64;1.5;0;0;1;1;0;0;0;0;0;0;0;0;0;0;0;454;28;Y;Y;Y;Y;N;N;Y
118996;2060;2057;2017;complete;645;3;-1;;14,42,48;0;3;3;6;6;12;1;3;0;1;0;0;10;6;7;6;17;12;11;13;48;52;0;1;0;0;0;0;0;0;0;0;0;0;0;0;0;0;0;0;0;0;0;0;0;0;0;0;0;0;0;0;0;0;0;0;0;0;0;0;0;0;0;0;0;0;0;0;0;0;0;0;0;0;0;0;0;0;0;0;0;0;0;0;0;0;0;0;0;0;0;0;3;0;2;0;1;1;2;2017-03-10 19:45:00;2057;0;0;0;0;0;-1;1;-1;-1;-1;-1;-1;-1;0;0;0;1;0;1;-1;0;0;0;0;0;0;0;0;0;0;0;0;0;1;1;0;0;-1;-1;0;0;-1;-1;-1;-1;-1;-1;-1;-1;-1;0;0;0;0;50;0;0;50;0;7;0;3;0.5;Athlone Town;Longford Town;0.93;1.07;3;1;3;0.5;100;100;100;100;50;100;0;0;0;0;0;454;28;Y;Y;Y;N;N;N;N
118997;2063;2058;2017;complete;645;3;-1;3,29;;2;0;2;5;2;7;6;2;4;3;0;0;6;3;5;6;11;9;19;23;51;49;4;3;0;0;0;0;0;0;0;0;0;0;0;0;0;0;0;0;0;0;0;0;0;0;0;0;0;0;0;0;0;0;0;0;0;0;0;0;0;0;0;0;0;0;0;0;0;0;0;0;0;0;0;0;0;0;0;0;0;0;0;0;0;0;0;0;0;0;0;0;2;2;0;0;0;0;2;2017-03-10 19:45:00;2063;0;50;0;50;0;-1;1;-1;-1;-1;-1;-1;-1;1;1;3;2;2;5;-1;0;0;0;0;0;0;0;0;0;0;0;0;0;1;1;1;0;-1;-1;0;0;-1;-1;-1;-1;-1;-1;-1;-1;-1;0;0;0;50;100;0;50;50;50;6;4;6;1.5;Cabinteely;Wexford;1.57;0.57;0;1;0;0.5;100;100;100;50;0;100;50;50;0;0;0;454;28;Y;Y;N;N;N;N;N
118998;2059;2064;2017;complete;645;3;-1;;62,85;0;2;2;6;3;9;-1;-1;1;4;0;0;0;3;0;0;0;3;-1;-1;-1;-1;1;4;0;0;0;0;0;0;0;0;0;0;0;0;0;0;0;0;0;0;0;0;0;0;0;0;0;0;0;0;0;0;0;0;0;0;0;0;0;0;0;0;0;0;0;0;0;0;0;0;0;0;0;0;0;0;0;0;0;0;0;0;0;0;0;0;0;0;0;0;2;0;0;0;2;2;0;2017-03-10 19:45:00;2064;0;0;0;0;0;-1;1;-1;-1;-1;-1;-1;-1;0;1;1;3;1;4;-1;0;0;0;0;0;0;0;0;0;0;0;0;0;1;1;0;0;-1;-1;0;0;-1;-1;-1;-1;-1;-1;-1;-1;-1;0;50;50;50;100;50;50;50;0;6;6;2;2.5;UCD;Waterford;1.86;1.5;3;0;3;1.5;100;50;50;50;0;50;0;0;0;0;0;454;28;Y;Y;N;N;N;N;N
118999;2062;2061;2017;complete;645;3;-1;73;90;1;1;2;2;0;2;0;3;0;3;0;0;5;5;1;2;6;7;10;14;58;42;0;3;0;0;0;0;0;0;0;0;0;0;0;0;0;0;0;0;0;0;0;0;0;0;0;0;0;0;0;0;0;0;0;0;0;0;0;0;0;0;0;0;0;0;0;0;0;0;0;0;0;0;0;0;0;0;0;0;0;0;0;0;0;0;0;0;0;0;0;0;2;0;0;1;1;2;0;2017-03-11 16:00:00;-1;0;50;0;50;0;-1;1;-1;-1;-1;-1;-1;-1;0;2;0;1;2;1;-1;0;0;0;0;0;0;0;1;0;1;0;0;0;1;1;0;0;-1;-1;0;0;-1;-1;-1;-1;-1;-1;-1;-1;-1;0;50;50;100;100;50;50;50;50;11;6;6;3;Cobh Ramblers;Shelbourne;2.14;1.5;1;0;2;0.5;100;50;50;0;0;50;0;0;0;0;0;454;28;Y;Y;N;N;N;N;Y
119000;2061;2064;2017;complete;645;4;-1;9,79;45,59;2;2;4;5;7;12;1;1;3;2;0;0;5;4;4;6;9;10;12;15;41;59;3;2;0;0;0;0;0;0;0;0;0;0;0;0;0;0;0;0;0;0;0;0;0;0;0;0;0;0;0;0;0;0;0;0;0;0;0;0;0;0;0;0;0;0;0;0;0;0;0;0;0;0;0;0;0;0;0;0;0;0;0;0;0;0;0;0;0;0;0;0;4;1;1;1;1;2;2;2017-03-17 19:45:00;-1;0;0;0;0;0;-1;1;-1;-1;-1;-1;-1;-1;1;1;2;1;2;3;-1;0;0;0;0;0;0;0;0;0;0;0;0;0;1;1;1;0;-1;-1;0;0;-1;-1;-1;-1;-1;-1;-1;-1;-1;0;0;0;25;50;0;0;50;25;10;3;4.5;0.75;Shelbourne;Waterford;1.21;1.5;1;1.5;0.67;2;100;100;100;75;50;100;0;0;0;0;0;454;28;Y;Y;Y;Y;N;N;Y
119001;2058;2059;2017;complete;645;4;-1;52;86;1;1;2;3;3;6;8;2;0;0;0;0;3;3;5;5;8;8;17;9;40;60;0;0;0;0;0;0;0;0;0;0;0;0;0;0;0;0;0;0;0;0;0;0;0;0;0;0;0;0;0;0;0;0;0;0;0;0;0;0;0;0;0;0;0;0;0;0;0;0;0;0;0;0;0;0;0;0;0;0;0;0;0;0;0;0;0;0;0;0;0;0;2;0;0;1;1;2;0;2017-03-17 20:00:00;-1;0;50;0;0;0;-1;-1;-1;-1;-1;-1;-1;-1;0;0;0;0;0;0;-1;0;0;0;0;0;0;0;0;0;0;0;0;0;1;1;0;0;-1;-1;-1;-1;-1;-1;-1;-1;-1;-1;-1;-1;-1;0;0;50;50;100;50;100;50;0;17;4;3;2;Wexford;UCD;0.86;1.5;0;3;0.33;2;100;100;50;50;0;100;100;100;0;0;0;454;28;Y;Y;N;N;N;N;Y
119002;2062;2060;2017;complete;645;4;-1;28,30,62,82,85;88;5;1;6;5;5;10;4;1;3;2;0;0;8;6;9;6;17;12;19;11;56;44;3;2;0;0;0;0;0;0;0;0;0;0;0;0;0;0;0;0;0;0;0;0;0;0;0;0;0;0;0;0;0;0;0;0;0;0;0;0;0;0;0;0;0;0;0;0;0;0;0;0;0;0;0;0;0;0;0;0;0;0;0;0;0;0;0;0;0;0;0;0;6;2;0;3;1;4;2;2017-03-18 15:00:00;2062;0;100;0;50;0;-1;1;-1;-1;-1;-1;-1;-1;1;1;2;1;2;3;-1;0;0;0;0;0;0;0;2;0;2;0;0;0;1;1;0;0;-1;-1;0;0;-1;-1;-1;-1;-1;-1;-1;-1;-1;0;0;50;100;100;50;50;100;50;6;2.5;3.5;2.5;Cobh Ramblers;Athlone Town;2.14;0.29;1;3;1.67;2;100;100;50;0;0;75;50;50;0;0;0;454;28;Y;Y;Y;Y;Y;Y;Y
119003;2057;2063;2017;complete;645;4;-1;;2,90;0;2;2;4;1;5;3;2;3;1;0;0;2;5;9;8;11;13;7;11;56;44;3;1;0;0;0;0;0;0;0;0;0;0;0;0;0;0;0;0;0;0;0;0;0;0;0;0;0;0;0;0;0;0;0;0;0;0;0;0;0;0;0;0;0;0;0;0;0;0;0;0;0;0;0;0;0;0;0;0;0;0;0;0;0;0;0;0;0;0;0;0;2;0;1;0;1;1;1;2017-03-18 19:30:00;2063;0;50;0;50;0;-1;1;-1;-1;-1;-1;-1;-1;1;0;2;1;1;3;-1;0;0;0;0;0;0;0;0;0;0;0;0;0;1;1;0;1;-1;-1;0;0;-1;-1;-1;-1;-1;-1;-1;-1;-1;0;50;100;100;100;50;50;100;50;11;1;1;3.5;Longford Town;Cabinteely;1.64;1.14;0;0;1.33;1;100;50;0;0;0;100;100;0;0;0;0;454;28;Y;Y;N;N;N;N;N
119004;2064;2058;2017;complete;645;5;-1;10,66;;2;0;2;6;6;12;-1;-1;1;1;0;0;3;3;2;0;5;3;-1;-1;-1;-1;1;1;0;0;0;0;0;0;0;0;0;0;0;0;0;0;0;0;0;0;0;0;0;0;0;0;0;0;0;0;0;0;0;0;0;0;0;0;0;0;0;0;0;0;0;0;0;0;0;0;0;0;0;0;0;0;0;0;0;0;0;0;0;0;0;0;0;0;0;0;2;1;0;1;0;1;1;2017-03-25 18:00:00;2064;0;25;0;25;0;-1;1;-1;-1;-1;-1;-1;-1;0;0;1;1;0;2;-1;0;0;0;0;0;0;0;0;0;0;0;0;0;1;1;1;0;-1;-1;0;0;-1;-1;-1;-1;-1;-1;-1;-1;-1;0;0;50;100;100;75;75;75;25;8.5;1.5;6.5;2.5;Waterford;Wexford;2.71;0.57;3;0.5;1.75;0.5;100;100;50;0;0;75;50;0;0;0;0;454;28;Y;Y;N;N;N;N;N
119005;2060;2061;2017;complete;645;5;-1;15;25,54,74,82;1;4;5;2;5;7;0;3;1;1;1;0;2;11;3;9;5;20;8;16;47;53;3;1;0;0;0;0;0;0;0;0;0;0;0;0;0;0;0;0;0;0;0;0;0;0;0;0;0;0;0;0;0;0;0;0;0;0;0;0;0;0;0;0;0;0;0;0;0;0;0;0;0;0;0;0;0;0;0;0;0;0;0;0;0;0;0;0;0;0;0;0;5;1;1;0;3;3;2;2017-03-25 19:45:00;2061;0;25;0;25;0;-1;1;-1;-1;-1;-1;-1;-1;2;0;0;1;2;1;-1;0;0;0;0;0;0;0;0;0;0;0;0;0;1;1;0;0;-1;-1;0;0;-1;-1;-1;-1;-1;-1;-1;-1;-1;0;25;50;75;100;50;50;75;25;7.5;4.5;5.5;2.5;Athlone Town;Shelbourne;0.93;1.5;1.5;0.5;1.5;0.75;100;75;50;25;0;50;25;25;0;0;0;454;28;Y;Y;Y;Y;Y;N;Y
119006;2063;2062;2017;complete;645;5;-1;26,54,76,86;58;4;1;5;6;1;7;-1;-1;3;1;0;0;6;3;3;4;9;7;-1;-1;-1;-1;3;1;0;0;0;0;0;0;0;0;0;0;0;0;0;0;0;0;0;0;0;0;0;0;0;0;0;0;0;0;0;0;0;0;0;0;0;0;0;0;0;0;0;0;0;0;0;0;0;0;0;0;0;0;0;0;0;0;0;0;0;0;0;0;0;0;0;0;0;0;5;1;0;3;1;4;1;2017-03-25 19:45:00;2063;0;50;0;50;0;-1;1;-1;-1;-1;-1;-1;-1;1;0;2;1;1;3;-1;0;0;0;0;0;0;0;0;1;0;1;0;0;1;1;0;0;-1;-1;1;0;-1;-1;-1;-1;-1;-1;-1;-1;-1;0;50;50;75;100;25;50;50;50;7;8.5;6;2.75;Cabinteely;Cobh Ramblers;1.57;1.5;1.5;3;1.5;2;100;50;50;25;0;75;75;25;0;0;0;454;28;Y;Y;Y;Y;Y;N;Y
119007;2059;2057;2017;complete;645;5;-1;10,23;;2;0;2;2;9;11;-1;-1;0;2;0;0;4;3;3;16;7;19;-1;-1;-1;-1;0;2;0;0;0;0;0;0;0;0;0;0;0;0;0;0;0;0;0;0;0;0;0;0;0;0;0;0;0;0;0;0;0;0;0;0;0;0;0;0;0;0;0;0;0;0;0;0;0;0;0;0;0;0;0;0;0;0;0;0;0;0;0;0;0;0;0;0;0;0;2;2;0;0;0;0;2;2017-03-25 19:45:00;2059;0;0;0;0;0;-1;1;-1;-1;-1;-1;-1;-1;0;0;0;2;0;2;-1;0;0;0;0;0;0;0;0;0;0;0;0;0;1;1;1;0;-1;-1;0;0;-1;-1;-1;-1;-1;-1;-1;-1;-1;0;25;50;75;75;50;50;50;25;8;2.5;1.5;2.25;UCD;Longford Town;1.86;1.07;1.5;2;1.75;1;100;75;50;25;25;75;25;25;0;0;0;454;28;Y;Y;N;N;N;N;N
119008;2060;2063;2017;complete;645;6;-1;58,90,90;3,13,59;3;3;6;4;6;10;-1;-1;3;3;0;0;5;8;8;5;13;13;-1;-1;-1;-1;3;3;0;0;0;0;0;0;0;0;0;0;0;0;0;0;0;0;0;0;0;0;0;0;0;0;0;0;0;0;0;0;0;0;0;0;0;0;0;0;0;0;0;0;0;0;0;0;0;0;0;0;0;0;0;0;0;0;0;0;0;0;0;0;0;0;0;0;0;0;6;0;2;3;1;4;2;2017-03-31 18:45:00;-1;0;17;17;0;0;-1;1;-1;-1;-1;-1;-1;-1;2;0;1;3;2;4;-1;0;0;0;0;0;0;0;1;1;1;1;0;0;1;1;0;1;-1;-1;1;0;-1;-1;-1;-1;-1;-1;-1;-1;-1;17;17;59;84;100;59;84;100;17;6.5;0.83;2.5;2.75;Athlone Town;Cabinteely;0.93;1.14;1;1.5;1.2;1.8;84;84;42;17;0;59;42;17;0;0;0;454;28;Y;Y;Y;Y;Y;Y;Y
119009;2061;2058;2017;complete;645;6;-1;42,74;;2;0;2;9;5;14;3;1;2;3;0;0;5;2;10;3;15;5;14;11;53;47;2;3;0;0;0;0;0;0;0;0;0;0;0;0;0;0;0;0;0;0;0;0;0;0;0;0;0;0;0;0;0;0;0;0;0;0;0;0;0;0;0;0;0;0;0;0;0;0;0;0;0;0;0;0;0;0;0;0;0;0;0;0;0;0;0;0;0;0;0;0;2;1;0;1;0;1;1;2017-03-31 18:45:00;2061;0;42;25;42;0;-1;1;-1;-1;-1;-1;-1;-1;0;0;2;3;0;5;-1;0;0;0;0;0;0;0;0;0;0;0;0;0;1;1;0;0;-1;-1;0;0;-1;-1;-1;-1;-1;-1;-1;-1;-1;0;25;25;75;75;42;59;59;42;9.17;2.83;5.17;2;Shelbourne;Wexford;1.21;0.57;1;0.33;1.2;0.4;100;75;75;25;25;84;42;42;0;0;0;454;28;Y;Y;N;N;N;N;N
119010;2062;2059;2017;complete;645;6;-1;63;;1;0;1;-1;-1;-1;-1;-1;0;1;0;0;-1;-1;-1;-1;-1;-1;-1;-1;-1;-1;0;1;0;0;0;0;0;0;0;0;0;0;0;0;0;0;0;0;0;0;0;0;0;0;0;0;0;0;0;0;0;0;0;0;0;0;0;0;0;0;0;0;0;0;0;0;0;0;0;0;0;0;0;0;0;0;0;0;0;0;0;0;0;0;0;0;0;0;0;0;1;0;0;1;0;1;0;2017-04-01 18:15:00;2062;0;75;0;75;0;-1;1;-1;-1;-1;-1;-1;-1;0;0;0;1;0;1;-1;0;0;0;0;0;0;0;0;0;0;0;0;0;1;1;0;0;-1;-1;0;0;-1;-1;-1;-1;-1;-1;-1;-1;-1;17;17;17;75;100;17;42;75;75;9.83;3.67;1.83;2.42;Cobh Ramblers;UCD;2.14;1.5;1.67;2;1.6;2;84;84;84;25;0;59;42;25;0;0;0;454;28;Y;N;N;N;N;N;N
119011;2057;2064;2017;complete;645;6;-1;;;0;0;0;7;10;17;2;0;0;1;0;1;2;4;6;8;8;12;9;8;48;52;0;3;0;0;0;0;0;0;0;0;0;0;0;0;0;0;0;0;0;0;0;0;0;0;0;0;0;0;0;0;0;0;0;0;0;0;0;0;0;0;0;0;0;0;0;0;0;0;0;0;0;0;0;0;0;0;0;0;0;0;0;0;0;0;0;0;0;0;0;0;0;0;0;0;0;0;0;2017-04-01 18:30:00;-1;0;42;17;42;0;-1;1;-1;-1;-1;-1;-1;-1;0;0;0;2;0;2;-1;0;0;0;0;0;0;0;0;0;0;0;0;0;1;1;0;0;-1;-1;0;0;-1;-1;-1;-1;-1;-1;-1;-1;-1;0;42;42;84;100;17;42;100;59;10.5;3.5;4.33;2.67;Longford Town;Waterford;1.64;1.5;0;1.33;0.8;2;100;59;59;17;0;75;42;17;0;0;0;454;28;N;N;N;N;N;N;N
119012;2063;2061;2017;complete;645;7;-1;;87;0;1;1;1;5;6;-1;-1;1;1;0;0;3;2;6;10;9;12;-1;-1;-1;-1;1;1;0;0;0;0;0;0;0;0;0;0;0;0;0;0;0;0;0;0;0;0;0;0;0;0;0;0;0;0;0;0;0;0;0;0;0;0;0;0;0;0;0;0;0;0;0;0;0;0;0;0;0;0;0;0;0;0;0;0;0;0;0;0;0;0;0;0;0;0;1;0;0;0;1;1;0;2017-04-07 18:45:00;2061;0;50;17;33;0;-1;1;-1;-1;-1;-1;-1;-1;1;1;0;0;2;0;-1;0;0;0;0;0;0;0;0;0;0;0;0;0;1;1;0;0;-1;-1;0;0;-1;-1;-1;-1;-1;-1;-1;-1;-1;33;50;50;84;100;50;84;50;50;8;5.67;6;3.17;Cabinteely;Shelbourne;1.57;1.5;2;1.33;1.67;1.5;67;50;50;17;0;17;17;17;0;0;0;454;28;Y;N;N;N;N;N;N
119013;2064;2062;2017;complete;645;7;-1;12,80;53;2;1;3;2;3;5;-1;-1;2;3;0;0;3;6;5;7;8;13;-1;-1;-1;-1;2;3;0;0;0;0;0;0;0;0;0;0;0;0;0;0;0;0;0;0;0;0;0;0;0;0;0;0;0;0;0;0;0;0;0;0;0;0;0;0;0;0;0;0;0;0;0;0;0;0;0;0;0;0;0;0;0;0;0;0;0;0;0;0;0;0;0;0;0;0;3;1;0;1;1;2;1;2017-04-07 18:45:00;2064;0;50;0;50;0;-1;1;-1;-1;-1;-1;-1;-1;0;0;2;3;0;5;-1;0;0;0;0;0;0;0;0;0;0;0;0;0;1;1;0;0;-1;-1;0;0;-1;-1;-1;-1;-1;-1;-1;-1;-1;25;50;75;100;100;25;75;100;50;8;1;4;3.5;Waterford;Cobh Ramblers;2.71;1.5;3;1.5;1.83;1.83;75;50;25;0;0;75;75;25;0;0;0;454;28;Y;Y;Y;N;N;N;Y
119014;2058;2057;2017;complete;645;7;-1;;;0;0;0;6;3;9;6;4;1;2;0;0;0;3;4;6;4;9;10;11;51;49;1;2;0;0;0;0;0;0;0;0;0;0;0;0;0;0;0;0;0;0;0;0;0;0;0;0;0;0;0;0;0;0;0;0;0;0;0;0;0;0;0;0;0;0;0;0;0;0;0;0;0;0;0;0;0;0;0;0;0;0;0;0;0;0;0;0;0;0;0;0;0;0;0;0;0;0;0;2017-04-07 19:00:00;-1;0;50;0;25;0;-1;1;-1;-1;-1;-1;-1;-1;0;1;1;1;1;2;-1;0;0;0;0;0;0;0;0;0;0;0;0;0;1;1;0;0;-1;-1;0;0;-1;-1;-1;-1;-1;-1;-1;-1;-1;0;0;42;84;84;59;59;67;25;12;5.67;2;2.09;Wexford;Longford Town;0.86;1.07;0.5;1.33;0.33;0.83;100;100;59;17;17;75;59;59;0;0;0;454;28;N;N;N;N;N;N;N
119015;2059;2060;2017;complete;645;7;-1;2,30,64,90;10;4;1;5;2;5;7;1;5;1;0;0;0;14;4;8;12;22;16;8;6;47;53;1;0;0;0;0;0;0;0;0;0;0;0;0;0;0;0;0;0;0;0;0;0;0;0;0;0;0;0;0;0;0;0;0;0;0;0;0;0;0;0;0;0;0;0;0;0;0;0;0;0;0;0;0;0;0;0;0;0;0;0;0;0;0;0;0;0;0;0;0;0;5;2;1;2;0;2;3;2017-04-08 18:45:00;2059;0;50;0;25;0;-1;1;-1;-1;-1;-1;-1;-1;1;0;0;0;1;0;-1;0;0;0;0;0;0;0;0;0;0;0;0;0;1;1;1;1;-1;-1;0;0;-1;-1;-1;-1;-1;-1;-1;-1;-1;25;42;67;100;100;84;84;67;42;6.5;1.83;3.17;3.59;UCD;Athlone Town;1.86;0.29;2;1.5;1.67;1.17;75;59;34;0;0;84;67;42;0;0;0;454;28;Y;Y;Y;Y;Y;N;Y
119016;2059;2063;2017;complete;645;8;-1;40,74;15,29;2;2;4;2;6;8;-1;-1;2;3;0;0;7;8;8;8;15;16;-1;-1;-1;-1;2;3;0;0;0;0;0;0;0;0;0;0;0;0;0;0;0;0;0;0;0;0;0;0;0;0;0;0;0;0;0;0;0;0;0;0;0;0;0;0;0;0;0;0;0;0;0;0;0;0;0;0;0;0;0;0;0;0;0;0;0;0;0;0;0;0;0;0;0;0;4;1;2;1;0;1;3;2017-04-14 18:45:00;-1;0;29;13;17;0;-1;1;-1;-1;-1;-1;-1;-1;1;1;1;2;2;3;-1;0;0;0;0;0;0;0;0;1;0;1;0;0;1;1;0;0;-1;-1;0;0;-1;-1;-1;-1;-1;-1;-1;-1;-1;29;42;59;100;100;71;88;75;42;6.42;0.5;2.08;3.46;UCD;Cabinteely;1.86;1.14;2.25;1.33;1.86;1.43;71;59;42;0;0;59;46;13;0;0;0;454;28;Y;Y;Y;Y;N;N;Y
119017;2064;2060;2017;complete;645;8;-1;47,63;64;2;1;3;9;1;10;-1;-1;1;0;0;0;10;2;13;7;23;9;-1;-1;-1;-1;1;0;0;0;0;0;0;0;0;0;0;0;0;0;0;0;0;0;0;0;0;0;0;0;0;0;0;0;0;0;0;0;0;0;0;0;0;0;0;0;0;0;0;0;0;0;0;0;0;0;0;0;0;0;0;0;0;0;0;0;0;0;0;0;0;0;0;0;0;0;3;0;0;2;1;3;0;2017-04-14 18:45:00;2064;0;67;17;33;0;-1;1;-1;-1;-1;-1;-1;-1;0;0;1;0;0;1;-1;0;0;0;0;0;0;0;0;0;0;0;0;0;1;1;0;0;-1;-1;0;0;-1;-1;-1;-1;-1;-1;-1;-1;-1;34;34;84;100;100;67;100;100;50;8.67;1.67;3.67;3.67;Waterford;Athlone Town;2.71;0.29;3;1;2;1;67;67;17;0;0;67;67;33;0;0;0;454;28;Y;Y;Y;N;N;N;Y
119018;2058;2062;2017;complete;645;8;-1;22;28,76;1;2;3;9;7;16;0;1;4;1;0;0;3;5;3;1;6;6;11;9;58;42;4;1;0;0;0;0;0;0;0;0;0;0;0;0;0;0;0;0;0;0;0;0;0;0;0;0;0;0;0;0;0;0;0;0;0;0;0;0;0;0;0;0;0;0;0;0;0;0;0;0;0;0;0;0;0;0;0;0;0;0;0;0;0;0;0;0;0;0;0;0;3;1;1;0;1;1;2;2017-04-14 19:00:00;2062;0;84;0;67;0;-1;1;-1;-1;-1;-1;-1;-1;3;0;1;1;3;2;-1;0;0;0;0;0;0;0;0;0;0;0;0;0;1;1;0;0;-1;-1;1;0;-1;-1;-1;-1;-1;-1;-1;-1;-1;17;34;67;84;84;17;50;84;67;8.33;6.33;3.33;2.84;Wexford;Cobh Ramblers;0.86;1.5;0.67;1;0.43;1.57;84;67;34;17;17;50;33;17;0;0;0;454;28;Y;Y;Y;N;N;N;Y
119019;2057;2061;2017;complete;645;8;-1;16,30,61;3;3;1;4;1;5;6;1;4;2;3;0;0;6;6;5;9;11;15;15;16;47;53;2;3;0;0;0;0;0;0;0;0;0;0;0;0;0;0;0;0;0;0;0;0;0;0;0;0;0;0;0;0;0;0;0;0;0;0;0;0;0;0;0;0;0;0;0;0;0;0;0;0;0;0;0;0;0;0;0;0;0;0;0;0;0;0;0;0;0;0;0;0;4;2;1;1;0;1;3;2017-04-15 18:30:00;2057;0;42;13;29;0;-1;1;-1;-1;-1;-1;-1;-1;0;0;2;3;0;5;-1;0;0;0;0;0;0;0;1;0;1;0;0;0;1;1;0;1;-1;-1;0;0;-1;-1;-1;-1;-1;-1;-1;-1;-1;13;42;42;71;84;25;42;71;42;9.75;4.83;3.83;2.5;Longford Town;Shelbourne;1.64;1.5;0.33;1.75;0.86;1.71;88;59;59;29;17;34;34;17;0;0;0;454;28;Y;Y;Y;Y;N;N;Y
119020;2060;2058;2017;complete;645;9;-1;23;;1;0;1;3;6;9;3;2;2;1;0;0;4;6;5;9;9;15;6;9;47;53;2;1;0;0;0;0;0;0;0;0;0;0;0;0;0;0;0;0;0;0;0;0;0;0;0;0;0;0;0;0;0;0;0;0;0;0;0;0;0;0;0;0;0;0;0;0;0;0;0;0;0;0;0;0;0;0;0;0;0;0;0;0;0;0;0;0;0;0;0;0;1;1;0;0;0;0;1;2017-04-21 18:45:00;2060;0;38;13;25;0;-1;1;-1;-1;-1;-1;-1;-1;0;1;2;0;1;2;-1;0;0;0;0;0;0;0;1;0;1;0;0;0;1;1;0;0;-1;-1;0;0;-1;-1;-1;-1;-1;-1;-1;-1;-1;25;25;38;88;100;50;75;88;38;8;1.25;5;2.88;Athlone Town;Wexford;0.93;0.57;1;0.25;0.88;0.38;75;75;63;13;0;75;50;38;0;0;0;454;28;Y;N;N;N;N;N;N
119021;2063;2064;2017;complete;645;9;-1;;;0;0;0;5;5;10;0;3;2;3;0;0;5;4;6;3;11;7;10;13;47;53;2;3;0;0;0;0;0;0;0;0;0;0;0;0;0;0;0;0;0;0;0;0;0;0;0;0;0;0;0;0;0;0;0;0;0;0;0;0;0;0;0;0;0;0;0;0;0;0;0;0;0;0;0;0;0;0;0;0;0;0;0;0;0;0;0;0;0;0;0;0;0;0;0;0;0;0;0;2017-04-21 18:45:00;-1;0;25;13;25;0;-1;1;-1;-1;-1;-1;-1;-1;0;1;2;2;1;4;-1;0;0;0;0;0;0;0;0;0;0;0;0;0;1;1;0;0;-1;-1;0;0;-1;-1;-1;-1;-1;-1;-1;-1;-1;13;25;25;50;88;25;50;63;38;10;2;5;2;Cabinteely;Waterford;1.57;1.5;1.5;1.25;1.38;2.13;88;75;75;50;13;63;38;38;0;0;0;454;28;N;N;N;N;N;N;N
119022;2061;2059;2017;complete;645;9;-1;;84;0;1;1;6;1;7;-1;-1;2;1;0;0;9;4;7;2;16;6;-1;-1;-1;-1;2;1;0;0;0;0;0;0;0;0;0;0;0;0;0;0;0;0;0;0;0;0;0;0;0;0;0;0;0;0;0;0;0;0;0;0;0;0;0;0;0;0;0;0;0;0;0;0;0;0;0;0;0;0;0;0;0;0;0;0;0;0;0;0;0;0;0;0;0;0;1;0;0;0;1;1;0;2017-04-21 18:45:00;2059;0;33;17;33;0;-1;1;-1;-1;-1;-1;-1;-1;1;0;1;1;1;2;-1;0;0;0;0;0;0;0;0;0;0;0;0;0;1;1;0;0;-1;-1;0;0;-1;-1;-1;-1;-1;-1;-1;-1;-1;0;17;17;50;84;17;50;67;33;12.17;3;3;1.67;Shelbourne;UCD;1.21;1.5;1.67;1.33;1.5;1.75;100;84;84;50;17;75;59;59;0;0;0;454;28;Y;N;N;N;N;N;N
119023;2062;2057;2017;complete;645;9;-1;64,66;;2;0;2;5;6;11;-1;-1;1;1;0;0;3;2;3;4;6;6;-1;-1;-1;-1;1;1;0;0;0;0;0;0;0;0;0;0;0;0;0;0;0;0;0;0;0;0;0;0;0;0;0;0;0;0;0;0;0;0;0;0;0;0;0;0;0;0;0;0;0;0;0;0;0;0;0;0;0;0;0;0;0;0;0;0;0;0;0;0;0;0;0;0;0;0;2;0;0;2;0;2;0;2017-04-22 18:15:00;2062;0;38;0;38;0;-1;1;-1;-1;-1;-1;-1;-1;1;0;0;1;1;1;-1;0;0;0;0;0;0;0;0;0;0;0;0;0;1;1;0;0;-1;-1;0;0;-1;-1;-1;-1;-1;-1;-1;-1;-1;13;13;25;63;75;38;38;63;38;9.58;2.5;2.25;2;Cobh Ramblers;Longford Town;2.14;1.07;2;1.25;1.75;1.13;88;88;75;38;25;84;42;25;0;0;0;454;28;Y;Y;N;N;N;N;N
119024;2061;2062;2017;complete;645;10;-1;;51;0;1;1;5;4;9;-1;-1;1;2;1;0;5;7;8;7;13;14;-1;-1;-1;-1;3;2;0;0;0;0;0;0;0;0;0;0;0;0;0;0;0;0;0;0;0;0;0;0;0;0;0;0;0;0;0;0;0;0;0;0;0;0;0;0;0;0;0;0;0;0;0;0;0;0;0;0;0;0;0;0;0;0;0;0;0;0;0;0;0;0;0;0;0;0;1;0;0;0;1;1;0;2017-04-28 18:45:00;2062;0;63;25;50;0;-1;1;-1;-1;-1;-1;-1;-1;0;1;2;1;1;3;-1;0;0;0;0;0;0;0;0;0;0;0;0;0;1;1;0;0;-1;-1;0;0;-1;-1;-1;-1;-1;-1;-1;-1;-1;13;38;63;75;88;25;63;88;50;10;2.25;4.25;2.75;Shelbourne;Cobh Ramblers;1.21;1.5;1.25;1.5;1.33;1.89;88;63;38;25;13;63;50;38;0;0;0;454;28;Y;N;N;N;N;N;N
119025;2064;2059;2017;complete;645;10;-1;72;45;1;1;2;4;3;7;9;0;4;1;0;0;4;4;11;7;15;11;14;4;55;45;4;1;0;0;0;0;0;0;0;0;0;0;0;0;0;0;0;0;0;0;0;0;0;0;0;0;0;0;0;0;0;0;0;0;0;0;0;0;0;0;0;0;0;0;0;0;0;0;0;0;0;0;0;0;0;0;0;0;0;0;0;0;0;0;0;0;0;0;0;0;2;0;1;1;0;1;1;2017-04-28 18:45:00;-1;0;38;0;38;0;-1;1;-1;-1;-1;-1;-1;-1;1;0;3;1;1;4;-1;0;0;0;0;0;0;0;0;0;0;0;0;0;1;1;0;0;-1;-1;0;0;-1;-1;-1;-1;-1;-1;-1;-1;-1;0;0;38;63;100;13;50;88;38;9.75;0;2.5;2;Waterford;UCD;2.71;1.5;3;1.75;2;1.89;100;100;63;38;0;54;54;29;0;0;0;454;28;Y;Y;N;N;N;N;Y
119026;2058;2063;2017;complete;645;10;-1;21;17;1;1;2;3;2;5;-1;-1;3;3;0;0;5;2;4;3;9;5;-1;-1;52;48;3;3;0;0;0;0;0;0;0;0;0;0;0;0;0;0;0;0;0;0;0;0;0;0;0;0;0;0;0;0;0;0;0;0;0;0;0;0;0;0;0;0;0;0;0;0;0;0;0;0;0;0;0;0;0;0;0;0;0;0;0;0;0;0;0;0;0;0;0;0;2;1;1;0;0;0;2;2017-04-28 19:00:00;-1;0;63;25;25;0;-1;1;-1;-1;-1;-1;-1;-1;1;2;2;1;3;3;-1;0;0;0;0;0;0;0;0;0;0;0;0;0;1;1;0;0;-1;-1;0;0;-1;-1;-1;-1;-1;-1;-1;-1;-1;13;25;63;88;88;63;75;88;25;11;3.75;3.5;2.88;Wexford;Cabinteely;0.86;1.14;0.5;1.25;0.33;1.33;88;75;38;13;13;63;50;25;0;0;0;454;28;Y;Y;N;N;N;N;Y
119027;2057;2060;2017;complete;645;10;-1;22,40,90;43;3;1;4;12;3;15;3;0;2;2;0;1;10;4;5;8;15;12;8;14;57;43;2;4;0;0;0;0;0;0;0;0;0;0;0;0;0;0;0;0;0;0;0;0;0;0;0;0;0;0;0;0;0;0;0;0;0;0;0;0;0;0;0;0;0;0;0;0;0;0;0;0;0;0;0;0;0;0;0;0;0;0;0;0;0;0;0;0;0;0;0;0;4;2;1;1;0;1;3;2017-04-29 18:30:00;2057;0;75;25;38;0;-1;1;-1;-1;-1;-1;-1;-1;0;1;2;2;1;4;-1;0;0;0;0;0;0;0;0;0;0;0;0;0;1;1;0;0;-1;-1;0;0;-1;-1;-1;-1;-1;-1;-1;-1;-1;25;50;75;88;88;50;63;88;50;8;3.75;2.75;3.38;Longford Town;Athlone Town;1.64;0.29;1;0.75;1;1.11;75;50;25;13;13;63;63;25;0;0;0;454;28;Y;Y;Y;Y;N;N;Y
119028;2060;2062;2017;complete;645;11;-1;48,62;90;2;1;3;2;3;5;2;1;0;1;0;1;7;3;6;4;13;7;6;20;44;56;0;2;0;0;0;0;0;0;0;0;0;0;0;0;0;0;0;0;0;0;0;0;0;0;0;0;0;0;0;0;0;0;0;0;0;0;0;0;0;0;0;0;0;0;0;0;0;0;0;0;0;0;0;0;0;0;0;0;0;0;0;0;0;0;0;0;0;0;0;0;3;0;0;2;1;3;0;2017-05-05 18:45:00;2060;0;60;20;40;0;-1;1;-1;-1;-1;-1;-1;-1;0;0;0;2;0;2;-1;0;0;0;0;0;0;0;1;0;1;0;0;0;1;1;0;0;-1;-1;0;0;-1;-1;-1;-1;-1;-1;-1;-1;-1;30;40;70;70;100;40;70;90;50;7.4;1.2;4.2;3.2;Athlone Town;Cobh Ramblers;0.93;1.5;1.4;1.8;1;2;70;60;30;30;0;70;40;20;0;0;0;454;28;Y;Y;Y;N;N;N;Y
119029;2059;2058;2017;complete;645;11;-1;65,75;;2;0;2;4;6;10;-1;-1;0;2;0;0;6;2;7;3;13;5;-1;-1;-1;-1;0;2;0;0;0;0;0;0;0;0;0;0;0;0;0;0;0;0;0;0;0;0;0;0;0;0;0;0;0;0;0;0;0;0;0;0;0;0;0;0;0;0;0;0;0;0;0;0;0;0;0;0;0;0;0;0;0;0;0;0;0;0;0;0;0;0;0;0;0;0;2;0;0;2;0;2;0;2017-05-05 18:45:00;2059;0;30;20;10;0;-1;1;-1;-1;-1;-1;-1;-1;0;1;0;1;1;1;-1;0;0;0;0;0;0;0;0;0;0;0;0;0;1;1;0;0;-1;-1;0;0;-1;-1;-1;-1;-1;-1;-1;-1;-1;10;30;30;90;100;50;80;60;30;7;1.6;3.4;2.6;UCD;Wexford;1.86;0.57;2;0.2;1.8;0.4;90;70;70;10;0;60;30;30;0;0;0;454;28;Y;Y;N;N;N;N;N
119030;2064;2061;2017;complete;645;11;-1;19;;1;0;1;7;2;9;0;1;2;2;0;0;4;7;5;7;9;14;13;11;52;48;2;2;0;0;0;0;0;0;0;0;0;0;0;0;0;0;0;0;0;0;0;0;0;0;0;0;0;0;0;0;0;0;0;0;0;0;0;0;0;0;0;0;0;0;0;0;0;0;0;0;0;0;0;0;0;0;0;0;0;0;0;0;0;0;0;0;0;0;0;0;1;1;0;0;0;0;1;2017-05-05 18:45:00;2064;0;60;20;30;0;-1;1;-1;-1;-1;-1;-1;-1;0;2;2;0;2;2;-1;0;0;0;0;0;0;0;0;0;0;0;0;0;1;1;0;0;-1;-1;0;0;-1;-1;-1;-1;-1;-1;-1;-1;-1;10;30;60;90;100;40;70;90;40;9.4;3.8;4.8;2.9;Waterford;Shelbourne;2.71;1.5;2.6;1.4;1.9;1.2;90;70;40;10;0;30;30;10;0;0;0;454;28;Y;N;N;N;N;N;N
119031;2063;2057;2017;complete;645;11;-1;;;0;0;0;5;5;10;4;2;1;1;0;0;5;5;3;2;8;7;13;12;46;54;1;1;0;0;0;0;0;0;0;0;0;0;0;0;0;0;0;0;0;0;0;0;0;0;0;0;0;0;0;0;0;0;0;0;0;0;0;0;0;0;0;0;0;0;0;0;0;0;0;0;0;0;0;0;0;0;0;0;0;0;0;0;0;0;0;0;0;0;0;0;0;0;0;0;0;0;0;2017-05-06 18:00:00;-1;0;10;0;10;0;-1;1;-1;-1;-1;-1;-1;-1;0;0;1;1;0;2;-1;0;0;0;0;0;0;0;0;0;0;0;0;0;1;1;0;0;-1;-1;0;0;-1;-1;-1;-1;-1;-1;-1;-1;-1;10;10;20;50;70;30;50;40;20;9.4;2;3.6;1.6;Cabinteely;Longford Town;1.57;1.07;1.4;1;1.3;1.2;90;90;80;50;30;70;50;40;0;0;0;454;28;N;N;N;N;N;N;N
119032;2061;2060;2017;complete;645;12;-1;58,66;79;2;1;3;8;5;13;-1;-1;3;0;0;0;6;4;13;7;19;11;-1;-1;-1;-1;3;0;0;0;0;0;0;0;0;0;0;0;0;0;0;0;0;0;0;0;0;0;0;0;0;0;0;0;0;0;0;0;0;0;0;0;0;0;0;0;0;0;0;0;0;0;0;0;0;0;0;0;0;0;0;0;0;0;0;0;0;0;0;0;0;0;0;0;0;0;3;0;0;2;1;3;0;2017-05-12 18:45:00;2061;0;60;30;30;0;-1;1;-1;-1;-1;-1;-1;-1;0;0;3;0;0;3;-1;0;0;0;0;0;0;0;0;0;0;0;0;0;1;1;0;0;-1;-1;0;0;-1;-1;-1;-1;-1;-1;-1;-1;-1;20;40;60;70;90;50;60;90;40;9.4;2.2;4.2;2.9;Shelbourne;Athlone Town;1.21;0.29;1;0.6;1.09;1.18;80;60;40;30;10;80;60;40;0;0;0;454;28;Y;Y;Y;N;N;N;Y
119033;2062;2063;2017;complete;645;12;-1;12,58;;2;0;2;3;2;5;-1;-1;1;1;0;0;7;4;5;5;12;9;-1;-1;-1;-1;1;1;0;0;0;0;0;0;0;0;0;0;0;0;0;0;0;0;0;0;0;0;0;0;0;0;0;0;0;0;0;0;0;0;0;0;0;0;0;0;0;0;0;0;0;0;0;0;0;0;0;0;0;0;0;0;0;0;0;0;0;0;0;0;0;0;0;0;0;0;2;1;0;1;0;1;1;2017-05-12 18:45:00;2062;0;60;20;40;0;-1;1;-1;-1;-1;-1;-1;-1;0;1;1;0;1;1;-1;0;0;0;0;0;0;0;0;0;0;0;0;0;1;1;0;0;-1;-1;0;0;-1;-1;-1;-1;-1;-1;-1;-1;-1;20;30;40;90;100;50;60;90;50;8.3;0.2;3;3;Cobh Ramblers;Cabinteely;2.14;1.14;2.2;1.2;1.82;1.27;80;70;60;10;0;58;45;13;0;0;0;454;28;Y;Y;N;N;N;N;N
119034;2058;2064;2017;complete;645;12;-1;;50;0;1;1;8;9;17;0;0;4;1;0;0;0;4;10;6;10;10;16;14;52;48;4;1;0;0;0;0;0;0;0;0;0;0;0;0;0;0;0;0;0;0;0;0;0;0;0;0;0;0;0;0;0;0;0;0;0;0;0;0;0;0;0;0;0;0;0;0;0;0;0;0;0;0;0;0;0;0;0;0;0;0;0;0;0;0;0;0;0;0;0;0;1;0;0;0;1;1;0;2017-05-12 19:00:00;2064;0;50;30;20;0;-1;1;-1;-1;-1;-1;-1;-1;1;0;3;1;1;4;-1;0;0;0;0;0;0;0;0;0;0;0;0;0;1;1;0;0;-1;-1;0;0;-1;-1;-1;-1;-1;-1;-1;-1;-1;0;10;30;60;70;40;40;60;30;12;4.2;4.6;1.7;Wexford;Waterford;0.86;1.5;0.6;1.2;0.36;2;100;90;70;40;30;80;50;40;0;0;0;454;28;Y;N;N;N;N;N;N
119035;2057;2059;2017;complete;645;12;-1;;13;0;1;1;6;2;8;4;1;0;0;0;0;4;4;8;6;12;10;14;13;51;49;0;0;0;0;0;0;0;0;0;0;0;0;0;0;0;0;0;0;0;0;0;0;0;0;0;0;0;0;0;0;0;0;0;0;0;0;0;0;0;0;0;0;0;0;0;0;0;0;0;0;0;0;0;0;0;0;0;0;0;0;0;0;0;0;0;0;0;0;0;0;1;0;1;0;0;0;1;2017-05-13 18:30:00;2059;0;50;20;20;0;-1;-1;-1;-1;-1;-1;-1;-1;0;0;0;0;0;0;-1;0;0;0;0;0;0;0;0;0;0;0;0;0;1;1;0;0;-1;-1;-1;-1;-1;-1;-1;-1;-1;-1;-1;-1;-1;0;30;30;60;90;20;50;80;20;9.95;2.6;2.4;2.1;Longford Town;UCD;1.64;1.5;1.4;1.6;1.18;1.91;100;70;70;40;10;43;43;33;0;0;0;454;28;Y;N;N;N;N;N;N
119036;2059;2062;2017;complete;645;13;-1;;79;0;1;1;4;2;6;-1;-1;0;2;0;0;2;3;6;3;8;6;-1;-1;-1;-1;0;2;0;0;0;0;0;0;0;0;0;0;0;0;0;0;0;0;0;0;0;0;0;0;0;0;0;0;0;0;0;0;0;0;0;0;0;0;0;0;0;0;0;0;0;0;0;0;0;0;0;0;0;0;0;0;0;0;0;0;0;0;0;0;0;0;0;0;0;0;1;0;0;0;1;1;0;2017-05-19 18:45:00;2062;0;58;25;34;0;-1;1;-1;-1;-1;-1;-1;-1;0;1;0;1;1;1;-1;0;0;0;0;0;0;0;0;0;0;0;0;0;1;1;0;0;-1;-1;0;0;-1;-1;-1;-1;-1;-1;-1;-1;-1;17;42;67;92;100;42;59;84;59;6.33;0.67;2.83;3.17;UCD;Cobh Ramblers;1.86;1.5;2.17;1.5;2;1.92;83;59;34;9;0;50;33;17;0;0;0;454;28;Y;N;N;N;N;N;N
119037;2064;2057;2017;complete;645;13;-1;12;;1;0;1;2;9;11;-1;-1;4;0;0;0;2;0;2;3;4;3;-1;-1;-1;-1;4;0;0;0;0;0;0;0;0;0;0;0;0;0;0;0;0;0;0;0;0;0;0;0;0;0;0;0;0;0;0;0;0;0;0;0;0;0;0;0;0;0;0;0;0;0;0;0;0;0;0;0;0;0;0;0;0;0;0;0;0;0;0;0;0;0;0;0;0;0;1;1;0;0;0;0;1;2017-05-19 18:45:00;2064;0;25;0;17;0;-1;1;-1;-1;-1;-1;-1;-1;0;0;4;0;0;4;-1;0;0;0;0;0;0;0;0;0;0;0;0;0;1;1;0;0;-1;-1;0;0;-1;-1;-1;-1;-1;-1;-1;-1;-1;0;0;34;67;75;25;58;58;25;11;2;3.34;1.75;Waterford;Longford Town;2.71;1.07;2.67;1;2.08;1.08;100;100;67;34;25;84;59;34;0;0;0;454;28;Y;N;N;N;N;N;N
119038;2058;2061;2017;complete;645;13;-1;3;;1;0;1;4;6;10;-1;-1;4;3;0;0;4;2;3;0;7;2;-1;-1;55;45;4;3;0;0;0;0;0;0;0;0;0;0;0;0;0;0;0;0;0;0;0;0;0;0;0;0;0;0;0;0;0;0;0;0;0;0;0;0;0;0;0;0;0;0;0;0;0;0;0;0;0;0;0;0;0;0;0;0;0;0;0;0;0;0;0;0;0;0;0;0;1;1;0;0;0;0;1;2017-05-19 19:00:00;2058;0;59;33;17;0;-1;1;-1;-1;-1;-1;-1;-1;0;1;4;2;1;6;-1;0;0;0;0;0;0;0;0;0;0;0;0;0;1;1;1;0;-1;-1;0;1;-1;-1;-1;-1;-1;-1;-1;-1;-1;9;25;42;67;92;50;59;67;25;10;5;4.83;2.33;Wexford;Shelbourne;0.86;1.5;0.5;1.17;0.33;1.25;92;75;59;33;9;42;25;25;0;0;0;454;28;Y;N;N;N;N;N;N
119039;2063;2060;2017;complete;645;13;-1;58,90;;2;0;2;5;1;6;8;3;1;3;0;0;6;3;8;6;14;9;11;6;51;49;1;3;0;0;0;0;0;0;0;0;0;0;0;0;0;0;0;0;0;0;0;0;0;0;0;0;0;0;0;0;0;0;0;0;0;0;0;0;0;0;0;0;0;0;0;0;0;0;0;0;0;0;0;0;0;0;0;0;0;0;0;0;0;0;0;0;0;0;0;0;2;0;0;2;0;2;0;2017-05-20 18:00:00;2063;0;59;17;34;0;-1;1;-1;-1;-1;-1;-1;-1;0;0;1;3;0;4;-1;0;0;0;0;0;0;0;1;0;1;0;0;0;1;1;0;0;-1;-1;0;0;-1;-1;-1;-1;-1;-1;-1;-1;-1;25;34;59;67;84;42;59;67;42;7.67;2.5;3.67;2.75;Cabinteely;Athlone Town;1.57;0.29;1.33;0.5;1.17;1.08;75;67;42;34;17;67;67;34;0;0;0;454;28;Y;Y;N;N;N;N;N
119040;2060;2059;2017;complete;645;14;-1;;58,72;0;2;2;5;6;11;-1;-1;1;2;0;0;5;10;8;12;13;22;-1;-1;-1;-1;1;2;0;0;0;0;0;0;0;0;0;0;0;0;0;0;0;0;0;0;0;0;0;0;0;0;0;0;0;0;0;0;0;0;0;0;0;0;0;0;0;0;0;0;0;0;0;0;0;0;0;0;0;0;0;0;0;0;0;0;0;0;0;0;0;0;0;0;0;0;2;0;0;0;2;2;0;2017-05-26 18:45:00;2059;0;42;9;25;0;-1;1;-1;-1;-1;-1;-1;-1;0;1;1;1;1;2;-1;0;0;0;0;0;0;0;0;0;0;0;0;0;1;1;0;0;-1;-1;0;0;-1;-1;-1;-1;-1;-1;-1;-1;-1;17;17;34;50;100;25;59;75;34;6.9;1.33;2.5;2.25;Athlone Town;UCD;0.93;1.5;1.67;1.83;1;1.85;84;84;67;50;0;44;27;19;0;0;0;454;28;Y;Y;N;N;N;N;N
119041;2061;2063;2017;complete;645;14;-1;15;10,25,79,90;1;4;5;5;4;9;5;0;6;4;0;0;4;6;8;3;12;9;14;11;49;51;6;4;0;0;0;0;0;0;0;0;0;0;0;0;0;0;0;0;0;0;0;0;0;0;0;0;0;0;0;0;0;0;0;0;0;0;0;0;0;0;0;0;0;0;0;0;0;0;0;0;0;0;0;0;0;0;0;0;0;0;0;0;0;0;0;0;0;0;0;0;5;1;2;0;2;2;3;2017-05-26 18:45:00;2063;0;42;25;25;0;-1;1;-1;-1;-1;-1;-1;-1;2;2;4;2;4;6;-1;0;0;0;0;0;0;0;0;0;0;0;0;0;1;1;0;1;-1;-1;0;0;-1;-1;-1;-1;-1;-1;-1;-1;-1;9;25;42;75;92;42;67;83;25;10;0;4.33;2.5;Shelbourne;Cabinteely;1.21;1.14;1.33;1;1.15;1.31;92;75;59;25;9;58;42;25;0;0;0;454;28;Y;Y;Y;Y;Y;N;Y
119042;2062;2064;2017;complete;645;14;-1;;;0;0;0;2;7;9;0;2;1;3;0;0;6;5;4;4;10;9;12;14;37;63;1;3;0;0;0;0;0;0;0;0;0;0;0;0;0;0;0;0;0;0;0;0;0;0;0;0;0;0;0;0;0;0;0;0;0;0;0;0;0;0;0;0;0;0;0;0;0;0;0;0;0;0;0;0;0;0;0;0;0;0;0;0;0;0;0;0;0;0;0;0;0;0;0;0;0;0;0;2017-05-27 18:15:00;-1;0;34;9;34;0;-1;1;-1;-1;-1;-1;-1;-1;0;1;1;2;1;3;-1;0;0;0;0;0;0;0;0;0;0;0;0;0;1;1;0;0;-1;-1;0;0;-1;-1;-1;-1;-1;-1;-1;-1;-1;9;17;17;58;84;17;25;84;50;10.7;1.33;3.33;1.92;Cobh Ramblers;Waterford;2.14;1.5;2.33;1.5;2;2.15;92;83;83;42;17;80;54;35;0;0;0;454;28;N;N;N;N;N;N;N
119043;2057;2058;2017;complete;645;14;-1;3,40,53,68,72;;5;0;5;3;6;9;2;5;1;1;0;0;12;3;10;8;22;11;7;11;51;49;1;1;0;0;0;0;0;0;0;0;0;0;0;0;0;0;0;0;0;0;0;0;0;0;0;0;0;0;0;0;0;0;0;0;0;0;0;0;0;0;0;0;0;0;0;0;0;0;0;0;0;0;0;0;0;0;0;0;0;0;0;0;0;0;0;0;0;0;0;0;5;2;0;3;0;3;2;2017-05-27 18:30:00;2057;0;34;17;17;0;-1;1;-1;-1;-1;-1;-1;-1;1;0;0;1;1;1;-1;0;0;0;0;0;0;0;0;0;0;0;0;0;1;1;1;0;-1;-1;0;0;-1;-1;-1;-1;-1;-1;-1;-1;-1;0;25;25;75;92;25;67;67;25;10.84;3.5;3.66;2.17;Longford Town;Wexford;1.64;0.57;1.17;0.17;1;0.54;100;75;75;25;9;67;50;33;0;0;0;454;28;Y;Y;Y;Y;Y;N;N
119044;2063;2059;2017;complete;645;15;-1;3,21,65;13,77,80;3;3;6;3;6;9;3;0;1;1;2;0;8;8;3;15;11;23;17;10;38;62;4;1;0;0;0;0;0;0;0;0;0;0;0;0;0;0;0;0;0;0;0;0;0;0;0;0;0;0;0;0;0;0;0;0;0;0;0;0;0;0;0;0;0;0;0;0;0;0;0;0;0;0;0;0;0;0;0;0;0;0;0;0;0;0;0;0;0;0;0;0;6;2;1;1;2;3;3;2017-06-01 18:45:00;-1;0;22;0;14;0;-1;1;-1;-1;-1;-1;-1;-1;0;0;3;1;0;4;-1;0;0;0;0;0;0;0;0;0;0;0;0;0;1;1;1;0;-1;-1;0;0;-1;-1;-1;-1;-1;-1;-1;-1;-1;7;7;7;43;86;7;43;57;29;8.12;2.72;2.86;1.5;Cabinteely;UCD;1.57;1.5;1.57;2;1.43;1.93;93;93;93;57;15;38;38;24;0;0;0;454;28;Y;Y;Y;Y;Y;Y;Y
119045;2060;2064;2017;complete;645;15;-1;90;8,18,37,49,62,90;1;6;7;8;10;18;0;6;1;0;0;0;10;11;8;13;18;24;6;10;42;58;1;0;0;0;0;0;0;0;0;0;0;0;0;0;0;0;0;0;0;0;0;0;0;0;0;0;0;0;0;0;0;0;0;0;0;0;0;0;0;0;0;0;0;0;0;0;0;0;0;0;0;0;0;0;0;0;0;0;0;0;0;0;0;0;0;0;0;0;0;0;7;0;3;1;3;4;3;2017-06-02 18:45:00;2064;0;29;14;22;0;-1;1;-1;-1;-1;-1;-1;-1;0;0;1;0;0;1;-1;0;0;0;0;0;0;0;0;1;0;1;0;0;1;1;0;1;-1;-1;0;0;-1;-1;-1;-1;-1;-1;-1;-1;-1;15;22;36;50;79;29;36;72;43;10.28;1.71;4.14;2.07;Athlone Town;Waterford;0.93;1.5;1.43;1.43;0.93;2.07;86;79;65;50;22;86;50;36;0;0;0;454;28;Y;Y;Y;Y;Y;Y;Y
119046;2062;2058;2017;complete;645;15;-1;79;;1;0;1;4;1;5;-1;-1;3;4;0;1;3;2;4;3;7;5;-1;-1;-1;-1;3;6;0;0;0;0;0;0;0;0;0;0;0;0;0;0;0;0;0;0;0;0;0;0;0;0;0;0;0;0;0;0;0;0;0;0;0;0;0;0;0;0;0;0;0;0;0;0;0;0;0;0;0;0;0;0;0;0;0;0;0;0;0;0;0;0;0;0;0;0;1;0;0;1;0;1;0;2017-06-02 18:45:00;2062;0;29;0;29;0;-1;1;-1;-1;-1;-1;-1;-1;0;2;3;3;2;6;-1;0;0;0;0;0;0;0;0;0;0;0;0;0;1;1;0;0;-1;-1;0;0;-1;-1;-1;-1;-1;-1;-1;-1;-1;14;14;14;79;93;22;50;79;50;8.69;1.86;3.14;2.22;Cobh Ramblers;Wexford;2.14;0.57;2.14;0.14;1.93;0.5;86;86;86;22;7;77;38;23;0;0;0;454;28;Y;N;N;N;N;N;N
119047;2061;2057;2017;complete;645;15;-1;;;0;0;0;0;10;10;-1;-1;2;0;2;0;0;6;6;5;6;11;-1;-1;-1;-1;6;0;0;0;0;0;0;0;0;0;0;0;0;0;0;0;0;0;0;0;0;0;0;0;0;0;0;0;0;0;0;0;0;0;0;0;0;0;0;0;0;0;0;0;0;0;0;0;0;0;0;0;0;0;0;0;0;0;0;0;0;0;0;0;0;0;0;0;0;0;0;0;0;0;0;0;0;2017-06-02 18:45:00;-1;0;22;15;15;0;-1;1;-1;-1;-1;-1;-1;-1;2;0;2;0;2;2;-1;0;0;0;0;0;0;0;0;0;0;0;0;0;1;1;0;0;-1;-1;0;0;-1;-1;-1;-1;-1;-1;-1;-1;-1;7;15;29;50;72;29;43;58;29;12.15;2;4;1.72;Shelbourne;Longford Town;1.21;1.07;1.14;0.86;1.07;1.14;93;86;72;50;29;93;57;50;0;0;0;454;28;N;N;N;N;N;N;N
119048;2059;2061;2017;complete;645;16;-1;16;48,85;1;2;3;9;8;17;-1;-1;2;4;0;0;2;3;0;0;2;3;-1;-1;-1;-1;2;4;0;0;0;0;0;0;0;0;0;0;0;0;0;0;0;0;0;0;0;0;0;0;0;0;0;0;0;0;0;0;0;0;0;0;0;0;0;0;0;0;0;0;0;0;0;0;0;0;0;0;0;0;0;0;0;0;0;0;0;0;0;0;0;0;0;0;0;0;3;1;0;0;2;2;1;2017-06-16 18:45:00;2061;0;36;29;7;0;-1;1;-1;-1;-1;-1;-1;-1;0;2;2;2;2;4;-1;0;0;0;0;0;0;0;0;0;0;0;0;0;1;1;0;0;-1;-1;0;0;-1;-1;-1;-1;-1;-1;-1;-1;-1;14;43;43;72;100;50;64;64;36;7;1.86;3.28;2.72;UCD;Shelbourne;1.86;1.5;1.86;1;1.87;1.07;86;57;57;29;0;36;22;7;0;0;0;454;28;Y;Y;Y;N;N;N;Y
119049;2064;2063;2017;complete;645;16;-1;4,7,79;;3;0;3;6;5;11;-1;-1;0;1;0;0;7;6;5;6;12;12;-1;-1;-1;-1;0;1;0;0;0;0;0;0;0;0;0;0;0;0;0;0;0;0;0;0;0;0;0;0;0;0;0;0;0;0;0;0;0;0;0;0;0;0;0;0;0;0;0;0;0;0;0;0;0;0;0;0;0;0;0;0;0;0;0;0;0;0;0;0;0;0;0;0;0;0;3;2;0;1;0;1;2;2017-06-16 18:45:00;2064;0;50;22;22;0;-1;1;-1;-1;-1;-1;-1;-1;0;0;0;1;0;1;-1;0;0;0;0;0;0;0;0;0;0;0;0;0;1;1;2;0;-1;-1;0;0;-1;-1;-1;-1;-1;-1;-1;-1;-1;15;22;50;86;100;43;93;79;29;8.71;0.14;4.57;2.79;Waterford;Cabinteely;2.71;1.14;2.71;1.29;2.13;1.4;86;79;50;15;0;57;43;15;0;0;0;454;28;Y;Y;Y;N;N;N;N
119050;2058;2060;2017;complete;645;16;-1;8,46;11,38;2;2;4;7;2;9;-1;-1;1;1;0;0;9;9;2;6;11;15;-1;-1;54;46;1;1;0;0;0;0;0;0;0;0;0;0;0;0;0;0;0;0;0;0;0;0;0;0;0;0;0;0;0;0;0;0;0;0;0;0;0;0;0;0;0;0;0;0;0;0;0;0;0;0;0;0;0;0;0;0;0;0;0;0;0;0;0;0;0;0;0;0;0;0;4;1;2;1;0;1;3;2017-06-16 19:00:00;-1;0;72;29;29;0;-1;1;-1;-1;-1;-1;-1;-1;1;0;0;1;1;1;-1;0;0;0;0;0;0;0;0;0;0;0;0;0;1;1;1;0;-1;-1;0;0;-1;-1;-1;-1;-1;-1;-1;-1;-1;15;22;58;79;93;50;57;79;43;9.14;3.29;4.28;2.71;Wexford;Athlone Town;0.86;0.29;0.86;0.43;0.47;0.87;86;79;43;22;7;71;64;43;0;0;0;454;28;Y;Y;Y;Y;N;N;Y
119051;2057;2062;2017;complete;645;16;-1;45,90;85;2;1;3;3;5;8;1;7;0;3;0;0;8;3;7;10;15;13;14;12;58;42;0;3;0;0;0;0;0;0;0;0;0;0;0;0;0;0;0;0;0;0;0;0;0;0;0;0;0;0;0;0;0;0;0;0;0;0;0;0;0;0;0;0;0;0;0;0;0;0;0;0;0;0;0;0;0;0;0;0;0;0;0;0;0;0;0;0;0;0;0;0;3;1;0;1;1;2;1;2017-06-17 18:30:00;2057;0;57;22;36;0;-1;1;-1;-1;-1;-1;-1;-1;0;1;0;2;1;2;-1;0;0;0;0;0;0;0;0;0;0;0;0;0;1;1;0;0;-1;-1;0;0;-1;-1;-1;-1;-1;-1;-1;-1;-1;14;43;64;71;93;29;57;86;43;9;2.86;3.29;2.86;Longford Town;Cobh Ramblers;1.64;1.5;1.43;1.71;1.13;2;86;57;36;29;7;50;36;22;0;0;0;454;28;Y;Y;Y;N;N;N;Y
119052;2060;2057;2017;complete;645;17;-1;14,60;41,87;2;2;4;5;5;10;4;7;1;0;0;0;6;4;6;9;12;13;10;11;42;58;1;0;0;0;0;0;0;0;0;0;0;0;0;0;0;0;0;0;0;0;0;0;0;0;0;0;0;0;0;0;0;0;0;0;0;0;0;0;0;0;0;0;0;0;0;0;0;0;0;0;0;0;0;0;0;0;0;0;0;0;0;0;0;0;0;0;0;0;0;0;4;1;1;1;1;2;2;2017-06-23 18:45:00;-1;0;25;7;19;0;-1;1;-1;-1;-1;-1;-1;-1;0;0;1;0;0;1;-1;0;0;0;0;0;0;0;0;0;0;0;0;0;1;1;0;0;-1;-1;0;0;-1;-1;-1;-1;-1;-1;-1;-1;-1;19;19;38;57;75;38;51;57;38;10.63;1.13;2.51;2.25;Athlone Town;Longford Town;0.93;1.07;1.25;0.88;0.88;1.25;82;82;63;44;25;88;63;44;0;0;0;454;28;Y;Y;Y;Y;N;N;Y
119053;2063;2058;2017;complete;645;17;-1;;39;0;1;1;10;2;12;-1;-1;4;2;1;1;2;5;8;3;10;8;-1;-1;-1;-1;6;4;0;0;0;0;0;0;0;0;0;0;0;0;0;0;0;0;0;0;0;0;0;0;0;0;0;0;0;0;0;0;0;0;0;0;0;0;0;0;0;0;0;0;0;0;0;0;0;0;0;0;0;0;0;0;0;0;0;0;0;0;0;0;0;0;0;0;0;0;1;0;1;0;0;0;1;2017-06-23 18:45:00;2058;0;19;7;19;0;-1;1;-1;-1;-1;-1;-1;-1;0;0;5;3;0;8;-1;0;0;0;0;0;0;0;0;0;0;0;0;0;1;1;0;0;-1;-1;0;0;-1;-1;-1;-1;-1;-1;-1;-1;-1;19;19;19;63;88;25;57;63;38;8.51;3.75;4.88;2.13;Cabinteely;Wexford;1.57;0.57;1.5;0.13;1.31;0.5;82;82;82;38;13;63;38;19;0;0;0;454;28;Y;N;N;N;N;N;N
119054;2059;2064;2017;complete;645;17;-1;13,51,70;75,81;3;2;5;0;3;3;-1;-1;2;3;0;0;5;3;5;5;10;8;-1;-1;-1;-1;2;3;0;0;0;0;0;0;0;0;0;0;0;0;0;0;0;0;0;0;0;0;0;0;0;0;0;0;0;0;0;0;0;0;0;0;0;0;0;0;0;0;0;0;0;0;0;0;0;0;0;0;0;0;0;0;0;0;0;0;0;0;0;0;0;0;0;0;0;0;5;1;0;2;2;4;1;2017-06-23 18:45:00;2059;0;32;19;13;0;-1;1;-1;-1;-1;-1;-1;-1;1;1;1;2;2;3;-1;0;0;0;0;0;0;0;1;0;1;0;0;0;1;1;0;0;-1;-1;0;0;-1;-1;-1;-1;-1;-1;-1;-1;-1;13;32;38;63;82;38;44;69;44;10.75;1.5;3.01;2.38;UCD;Waterford;1.86;1.5;1.63;1.63;1.75;2.19;88;69;63;38;19;75;51;38;0;0;0;454;28;Y;Y;Y;Y;Y;N;Y
119055;2062;2061;2017;complete;645;17;-1;;63;0;1;1;1;7;8;-1;-1;4;2;0;0;0;2;0;0;0;2;-1;-1;-1;-1;4;2;0;0;0;0;0;0;0;0;0;0;0;0;0;0;0;0;0;0;0;0;0;0;0;0;0;0;0;0;0;0;0;0;0;0;0;0;0;0;0;0;0;0;0;0;0;0;0;0;0;0;0;0;0;0;0;0;0;0;0;0;0;0;0;0;0;0;0;0;1;0;0;0;1;1;0;2017-06-24 18:15:00;2061;0;44;13;26;0;-1;1;-1;-1;-1;-1;-1;-1;1;2;3;0;3;3;-1;0;0;0;0;0;0;0;0;1;0;1;0;0;1;1;0;0;-1;-1;0;0;-1;-1;-1;-1;-1;-1;-1;-1;-1;13;26;32;63;94;26;50;76;44;8.36;1.76;4;2.32;Cobh Ramblers;Shelbourne;2.14;1.5;2.25;1.25;1.88;1.19;88;76;69;38;7;48;27;14;0;0;0;454;28;Y;N;N;N;N;N;N
119056;2061;2064;2017;complete;645;18;-1;90;4;1;1;2;5;3;8;-1;-1;3;2;0;0;6;3;9;8;15;11;-1;-1;-1;-1;3;2;0;0;0;0;0;0;0;0;0;0;0;0;0;0;0;0;0;0;0;0;0;0;0;0;0;0;0;0;0;0;0;0;0;0;0;0;0;0;0;0;0;0;0;0;0;0;0;0;0;0;0;0;0;0;0;0;0;0;0;0;0;0;0;0;0;0;0;0;2;0;1;1;0;1;1;2017-06-30 18:45:00;-1;0;36;18;29;0;-1;1;-1;-1;-1;-1;-1;-1;0;1;3;1;1;4;-1;0;0;0;0;0;0;0;0;0;0;0;0;0;1;1;0;1;-1;-1;0;0;-1;-1;-1;-1;-1;-1;-1;-1;-1;18;29;36;47;71;24;36;71;41;12.06;2.32;5.6;2.11;Shelbourne;Waterford;1.21;1.5;1.13;1.44;1.29;2.06;83;71;65;53;29;89;53;41;0;0;0;454;28;Y;Y;N;N;N;N;Y
119057;2058;2059;2017;complete;645;18;-1;;;0;0;0;0;8;8;0;0;2;0;0;0;2;5;2;9;4;14;10;6;27;73;2;0;0;0;0;0;0;0;0;0;0;0;0;0;0;0;0;0;0;0;0;0;0;0;0;0;0;0;0;0;0;0;0;0;0;0;0;0;0;0;0;0;0;0;0;0;0;0;0;0;0;0;0;0;0;0;0;0;0;0;0;0;0;0;0;0;0;0;0;0;0;0;0;0;0;0;0;2017-06-30 19:00:00;-1;0;51;26;19;0;-1;1;-1;-1;-1;-1;-1;-1;0;0;2;0;0;2;-1;0;0;0;0;0;0;0;0;0;0;0;0;0;1;1;0;0;-1;-1;0;0;-1;-1;-1;-1;-1;-1;-1;-1;-1;7;13;26;57;94;32;57;69;26;10.27;1.88;3.26;2;Wexford;UCD;0.86;1.5;0.88;1.88;0.65;1.82;94;88;76;44;7;59;40;34;0;0;0;454;28;N;N;N;N;N;N;N
119058;2062;2060;2017;complete;645;18;-1;33,37,37;66;3;1;4;5;2;7;3;0;3;2;1;0;7;7;4;7;11;14;15;11;44;56;4;2;0;0;0;0;0;0;0;0;0;0;0;0;0;0;0;0;0;0;0;0;0;0;0;0;0;0;0;0;0;0;0;0;0;0;0;0;0;0;0;0;0;0;0;0;0;0;0;0;0;0;0;0;0;0;0;0;0;0;0;0;0;0;0;0;0;0;0;0;4;3;0;0;1;1;3;2017-07-01 18:15:00;2062;0;61;19;36;0;-1;1;-1;-1;-1;-1;-1;-1;0;1;4;1;1;5;-1;0;0;0;0;0;0;0;1;0;1;0;0;0;1;1;0;0;-1;-1;0;0;-1;-1;-1;-1;-1;-1;-1;-1;-1;18;31;50;78;95;37;43;95;54;6.5;1;3.19;2.82;Cobh Ramblers;Athlone Town;2.14;0.29;2;0.5;1.76;0.88;82;70;51;22;6;63;44;26;0;0;0;454;28;Y;Y;Y;Y;N;N;Y
119059;2057;2063;2017;complete;645;18;-1;85;;1;0;1;4;6;10;2;5;2;2;0;0;5;2;9;8;14;10;6;12;60;40;2;2;0;0;0;0;0;0;0;0;0;0;0;0;0;0;0;0;0;0;0;0;0;0;0;0;0;0;0;0;0;0;0;0;0;0;0;0;0;0;0;0;0;0;0;0;0;0;0;0;0;0;0;0;0;0;0;0;0;0;0;0;0;0;0;0;0;0;0;0;1;0;0;1;0;1;0;2017-07-01 18:30:00;2057;0;50;32;19;0;-1;1;-1;-1;-1;-1;-1;-1;1;0;1;2;1;3;-1;0;0;0;0;0;0;0;0;0;0;0;0;0;1;1;0;0;-1;-1;0;0;-1;-1;-1;-1;-1;-1;-1;-1;-1;19;44;63;88;94;57;88;82;32;9.13;1.75;3.13;3.13;Longford Town;Cabinteely;1.64;1.14;1.63;1.13;1.24;1.24;82;57;38;13;7;50;38;19;0;0;0;454;28;Y;N;N;N;N;N;N
119060;2060;2061;2017;complete;645;19;-1;75;21,35,74;1;3;4;5;7;12;0;6;0;0;0;0;5;9;5;5;10;14;10;8;46;54;0;0;0;0;0;0;0;0;0;0;0;0;0;0;0;0;0;0;0;0;0;0;0;0;0;0;0;0;0;0;0;0;0;0;0;0;0;0;0;0;0;0;0;0;0;0;0;0;0;0;0;0;0;0;0;0;0;0;0;0;0;0;0;0;0;0;0;0;0;0;4;0;2;1;1;2;2;2017-07-07 18:45:00;2061;0;50;22;28;0;-1;-1;-1;-1;-1;-1;-1;-1;0;0;0;0;0;0;-1;0;0;0;0;0;0;0;0;1;0;1;0;0;1;1;0;0;-1;-1;-1;-1;-1;-1;-1;-1;-1;-1;-1;-1;-1;22;39;56;67;100;45;67;78;50;9.11;2.22;4.23;3;Athlone Town;Shelbourne;0.93;1.5;1.22;1.44;0.83;1.28;78;62;45;33;0;56;39;22;0;0;0;454;28;Y;Y;Y;Y;N;N;Y
119061;2063;2062;2017;complete;645;19;-1;1,48;52;2;1;3;6;5;11;5;1;5;2;0;1;5;5;3;10;8;15;16;10;43;57;5;4;0;0;0;0;0;0;0;0;0;0;0;0;0;0;0;0;0;0;0;0;0;0;0;0;0;0;0;0;0;0;0;0;0;0;0;0;0;0;0;0;0;0;0;0;0;0;0;0;0;0;0;0;0;0;0;0;0;0;0;0;0;0;0;0;0;0;0;0;3;1;0;1;1;2;1;2017-07-07 18:45:00;2063;0;49;12;43;0;-1;1;-1;-1;-1;-1;-1;-1;1;0;4;3;1;7;-1;0;0;0;0;0;0;0;0;0;0;0;0;0;1;1;1;0;-1;-1;0;0;-1;-1;-1;-1;-1;-1;-1;-1;-1;18;24;49;60;89;18;53;72;48;8.28;3.36;4.8;2.44;Cabinteely;Cobh Ramblers;1.57;1.5;1.33;1.5;1.17;1.83;83;77;52;41;11;47;35;18;0;0;0;454;28;Y;Y;Y;N;N;N;Y
119062;2059;2057;2017;complete;645;19;-1;;;0;0;0;1;2;3;-1;-1;2;2;0;0;5;3;6;11;11;14;-1;-1;-1;-1;2;2;0;0;0;0;0;0;0;0;0;0;0;0;0;0;0;0;0;0;0;0;0;0;0;0;0;0;0;0;0;0;0;0;0;0;0;0;0;0;0;0;0;0;0;0;0;0;0;0;0;0;0;0;0;0;0;0;0;0;0;0;0;0;0;0;0;0;0;0;0;0;0;0;0;0;0;2017-07-07 18:45:00;-1;0;28;17;11;0;-1;1;-1;-1;-1;-1;-1;-1;1;0;1;2;1;3;-1;0;0;0;0;0;0;0;0;0;0;0;0;0;1;1;0;0;-1;-1;0;0;-1;-1;-1;-1;-1;-1;-1;-1;-1;11;28;39;67;78;39;56;56;39;9.55;1;1.78;2.22;UCD;Longford Town;1.86;1.07;1.78;0.89;1.78;1.33;89;73;61;34;22;72;56;33;0;0;0;454;28;N;N;N;N;N;N;N
119063;2064;2058;2017;complete;645;19;-1;59,67;44;2;1;3;13;0;13;4;1;0;1;0;0;9;3;11;3;20;6;9;9;65;35;0;1;0;0;0;0;0;0;0;0;0;0;0;0;0;0;0;0;0;0;0;0;0;0;0;0;0;0;0;0;0;0;0;0;0;0;0;0;0;0;0;0;0;0;0;0;0;0;0;0;0;0;0;0;0;0;0;0;0;0;0;0;0;0;0;0;0;0;0;0;3;0;1;2;0;2;1;2017-07-07 18:45:00;2064;0;25;0;18;0;-1;1;-1;-1;-1;-1;-1;-1;0;1;0;0;1;0;-1;0;0;0;0;0;0;0;1;0;1;0;0;0;1;1;0;0;-1;-1;0;0;-1;-1;-1;-1;-1;-1;-1;-1;-1;6;6;31;71;100;24;78;71;29;9.36;1.38;4.91;2.13;Waterford;Wexford;2.71;0.57;2.75;0.44;2;0.67;95;95;70;29;0;77;54;36;0;0;0;454;28;Y;Y;Y;N;N;N;Y
119064;2060;2063;2017;complete;645;20;-1;38;47;1;1;2;5;6;11;6;8;1;2;0;0;9;5;6;4;15;9;13;13;50;50;1;2;0;0;0;0;0;0;0;0;0;0;0;0;0;0;0;0;0;0;0;0;0;0;0;0;0;0;0;0;0;0;0;0;0;0;0;0;0;0;0;0;0;0;0;0;0;0;0;0;0;0;0;0;0;0;0;0;0;0;0;0;0;0;0;0;0;0;0;0;2;1;0;0;1;1;1;2017-07-14 18:45:00;-1;0;52;27;31;0;-1;1;-1;-1;-1;-1;-1;-1;0;0;1;2;0;3;-1;0;0;0;0;0;0;0;0;0;0;0;0;0;1;1;0;0;-1;-1;0;0;-1;-1;-1;-1;-1;-1;-1;-1;-1;26;42;63;85;100;64;80;90;46;8.4;0.91;3.4;3.36;Athlone Town;Cabinteely;0.93;1.14;1.1;1;0.79;1.26;74;59;37;16;0;68;52;26;0;0;0;454;28;Y;Y;N;N;N;N;Y
119065;2061;2058;2017;complete;645;20;-1;2;63,68;1;2;3;6;2;8;-1;-1;2;5;0;0;5;3;9;0;14;3;-1;-1;-1;-1;2;5;0;0;0;0;0;0;0;0;0;0;0;0;0;0;0;0;0;0;0;0;0;0;0;0;0;0;0;0;0;0;0;0;0;0;0;0;0;0;0;0;0;0;0;0;0;0;0;0;0;0;0;0;0;0;0;0;0;0;0;0;0;0;0;0;0;0;0;0;3;1;0;0;2;2;1;2017-07-14 18:45:00;2058;0;32;11;16;0;-1;1;-1;-1;-1;-1;-1;-1;2;1;0;4;3;4;-1;0;0;0;0;0;0;0;0;0;0;0;0;0;1;1;1;0;-1;-1;0;0;-1;-1;-1;-1;-1;-1;-1;-1;-1;11;16;27;63;89;21;57;74;37;9.14;1.67;5.93;2.05;Shelbourne;Wexford;1.21;0.57;1.11;0.4;1.37;0.63;90;84;74;37;11;79;47;37;0;0;0;454;28;Y;Y;Y;N;N;N;Y
119066;2062;2059;2017;complete;645;20;-1;71;;1;0;1;6;2;8;-1;-1;2;0;0;0;2;0;0;0;2;0;-1;-1;-1;-1;2;0;0;0;0;0;0;0;0;0;0;0;0;0;0;0;0;0;0;0;0;0;0;0;0;0;0;0;0;0;0;0;0;0;0;0;0;0;0;0;0;0;0;0;0;0;0;0;0;0;0;0;0;0;0;0;0;0;0;0;0;0;0;0;0;0;0;0;0;0;1;0;0;1;0;1;0;2017-07-15 18:15:00;2062;0;37;6;26;0;-1;1;-1;-1;-1;-1;-1;-1;0;0;2;0;0;2;-1;0;0;0;0;0;0;0;0;0;0;0;0;0;1;1;0;0;-1;-1;0;0;-1;-1;-1;-1;-1;-1;-1;-1;-1;11;16;16;52;90;16;37;79;37;8.3;0.52;2.58;1.94;Cobh Ramblers;UCD;2.14;1.5;2.1;1.78;1.74;1.74;90;85;85;48;11;41;24;18;0;0;0;454;28;Y;N;N;N;N;N;N
119067;2057;2064;2017;complete;645;20;-1;;57;0;1;1;4;8;12;2;6;0;1;0;0;7;7;13;8;20;15;7;17;50;50;0;1;0;0;0;0;0;0;0;0;0;0;0;0;0;0;0;0;0;0;0;0;0;0;0;0;0;0;0;0;0;0;0;0;0;0;0;0;0;0;0;0;0;0;0;0;0;0;0;0;0;0;0;0;0;0;0;0;0;0;0;0;0;0;0;0;0;0;0;0;1;0;0;0;1;1;0;2017-07-15 18:30:00;2064;0;42;16;26;0;-1;1;-1;-1;-1;-1;-1;-1;0;0;0;1;0;1;-1;0;0;0;0;0;0;0;0;0;0;0;0;0;1;1;0;0;-1;-1;0;0;-1;-1;-1;-1;-1;-1;-1;-1;-1;16;37;43;59;80;27;54;74;37;11.42;3.42;3.42;2.44;Longford Town;Waterford;1.64;1.5;1.78;1.4;1.32;2.05;85;63;57;42;21;68;47;31;0;0;0;454;28;Y;N;N;N;N;N;N
119068;2063;2061;2017;complete;645;21;-1;90;;1;0;1;5;5;10;3;3;1;1;0;0;3;5;5;10;8;15;12;16;48;52;1;1;0;0;0;0;0;0;0;0;0;0;0;0;0;0;0;0;0;0;0;0;0;0;0;0;0;0;0;0;0;0;0;0;0;0;0;0;0;0;0;0;0;0;0;0;0;0;0;0;0;0;0;0;0;0;0;0;0;0;0;0;0;0;0;0;0;0;0;0;1;0;0;1;0;1;0;2017-07-21 18:45:00;2063;0;40;15;25;0;-1;1;-1;-1;-1;-1;-1;-1;0;0;1;1;0;2;-1;0;0;0;0;0;0;0;0;0;0;0;0;0;1;1;0;0;-1;-1;0;0;-1;-1;-1;-1;-1;-1;-1;-1;-1;15;30;40;55;90;30;65;60;40;9.9;4.2;5.3;2.35;Cabinteely;Shelbourne;1.57;1.5;1.5;1.6;1.25;1.3;85;70;60;45;10;50;40;25;0;0;0;454;28;Y;N;N;N;N;N;N
119069;2059;2060;2017;complete;645;21;-1;5,43,58,79;;4;0;4;6;3;9;4;3;1;2;0;0;9;5;7;16;16;21;9;13;54;46;1;2;0;0;0;0;0;0;0;0;0;0;0;0;0;0;0;0;0;0;0;0;0;0;0;0;0;0;0;0;0;0;0;0;0;0;0;0;0;0;0;0;0;0;0;0;0;0;0;0;0;0;0;0;0;0;0;0;0;0;0;0;0;0;0;0;0;0;0;0;4;2;0;2;0;2;2;2017-07-21 18:45:00;2059;0;65;27;22;0;-1;1;-1;-1;-1;-1;-1;-1;0;1;1;1;1;2;-1;0;0;0;0;0;0;0;0;0;0;0;0;0;1;1;1;0;-1;-1;0;0;-1;-1;-1;-1;-1;-1;-1;-1;-1;21;48;70;90;95;54;64;85;53;5.99;0.49;2.77;3.29;UCD;Athlone Town;1.86;0.29;1.7;0.44;1.65;0.8;79;52;31;10;5;54;43;27;0;0;0;454;28;Y;Y;Y;Y;N;N;N
119070;2064;2062;2017;complete;645;21;-1;50,60,77,90;;4;0;4;4;0;4;1;2;4;2;0;0;9;4;4;4;13;8;8;7;60;40;4;2;0;0;0;0;0;0;0;0;0;0;0;0;0;0;0;0;0;0;0;0;0;0;0;0;0;0;0;0;0;0;0;0;0;0;0;0;0;0;0;0;0;0;0;0;0;0;0;0;0;0;0;0;0;0;0;0;0;0;0;0;0;0;0;0;0;0;0;0;4;0;0;4;0;4;0;2017-07-21 18:45:00;2064;0;61;6;45;0;-1;1;-1;-1;-1;-1;-1;-1;1;2;3;0;3;3;-1;0;0;0;0;0;0;0;0;0;0;0;0;0;1;1;0;0;-1;-1;0;0;-1;-1;-1;-1;-1;-1;-1;-1;-1;6;11;67;78;100;17;73;89;50;9.78;2;4.22;2.61;Waterford;Cobh Ramblers;2.71;1.5;2.78;1.33;2.1;1.8;95;89;33;22;0;61;50;33;0;0;0;454;28;Y;Y;Y;Y;N;N;N
119071;2058;2057;2017;complete;645;21;-1;69;36,50;1;2;3;3;10;13;2;5;5;1;0;1;2;3;2;8;4;11;16;10;-1;-1;5;3;0;0;0;0;0;0;0;0;0;0;0;0;0;0;0;0;0;0;0;0;0;0;0;0;0;0;0;0;0;0;0;0;0;0;0;0;0;0;0;0;0;0;0;0;0;0;0;0;0;0;0;0;0;0;0;0;0;0;0;0;0;0;0;0;0;0;0;0;3;0;1;1;1;2;1;2017-07-21 19:00:00;2057;0;33;22;11;0;-1;1;-1;-1;-1;-1;-1;-1;0;0;5;2;0;7;-1;0;0;0;0;0;0;0;0;0;0;0;0;0;1;1;0;0;-1;-1;0;0;-1;-1;-1;-1;-1;-1;-1;-1;-1;0;11;27;48;64;37;48;43;16;11.24;2.54;3.23;1.49;Wexford;Longford Town;0.86;1.07;0.89;0.9;0.75;1.25;100;90;74;52;36;79;57;37;0;0;0;454;28;Y;Y;Y;N;N;N;Y
119072;2059;2063;2017;complete;645;22;-1;58,78;34,60,71;2;3;5;4;1;5;-1;-1;1;3;0;0;5;6;7;6;12;12;-1;-1;53;47;1;3;0;0;0;0;0;0;0;0;0;0;0;0;0;0;0;0;0;0;0;0;0;0;0;0;0;0;0;0;0;0;0;0;0;0;0;0;0;0;0;0;0;0;0;0;0;0;0;0;0;0;0;0;0;0;0;0;0;0;0;0;0;0;0;0;0;0;0;0;5;0;1;2;2;4;1;2017-07-28 18:45:00;2063;0;43;24;10;0;-1;1;-1;-1;-1;-1;-1;-1;0;2;1;1;2;2;-1;0;0;0;0;0;0;0;0;1;0;1;0;0;1;1;0;0;-1;-1;0;0;-1;-1;-1;-1;-1;-1;-1;-1;-1;19;38;53;86;96;53;77;82;38;7.56;0.9;3.09;2.96;UCD;Cabinteely;1.86;1.14;1.82;1;1.71;1.33;81;63;48;14;5;53;39;19;0;0;0;454;28;Y;Y;Y;Y;Y;N;Y
119073;2064;2060;2017;complete;645;22;-1;10,36,67;13;3;1;4;5;5;10;-1;-1;0;2;0;0;4;2;5;2;9;4;-1;-1;52;48;0;2;0;0;0;0;0;0;0;0;0;0;0;0;0;0;0;0;0;0;0;0;0;0;0;0;0;0;0;0;0;0;0;0;0;0;0;0;0;0;0;0;0;0;0;0;0;0;0;0;0;0;0;0;0;0;0;0;0;0;0;0;0;0;0;0;0;0;0;0;4;2;1;1;0;1;3;2017-07-28 18:45:00;2064;0;60;15;25;0;-1;1;-1;-1;-1;-1;-1;-1;0;0;0;2;0;2;-1;0;0;0;0;0;0;0;0;0;0;0;0;0;1;1;1;0;-1;-1;0;0;-1;-1;-1;-1;-1;-1;-1;-1;-1;10;35;75;90;100;45;75;90;50;8.8;1.9;3.8;3.15;Waterford;Athlone Town;2.71;0.29;2.8;0.4;2.14;0.76;90;65;25;10;0;70;55;35;0;0;0;454;28;Y;Y;Y;Y;N;N;Y
119074;2058;2062;2017;complete;645;22;-1;;22,90;0;2;2;7;3;10;3;3;4;3;2;0;5;10;4;4;9;14;11;11;54;46;6;3;0;0;0;0;0;0;0;0;0;0;0;0;0;0;0;0;0;0;0;0;0;0;0;0;0;0;0;0;0;0;0;0;0;0;0;0;0;0;0;0;0;0;0;0;0;0;0;0;0;0;0;0;0;0;0;0;0;0;0;0;0;0;0;0;0;0;0;0;2;0;1;0;1;1;1;2017-07-28 19:00:00;2062;0;65;20;40;0;-1;1;-1;-1;-1;-1;-1;-1;2;1;4;2;3;6;-1;0;0;0;0;0;0;0;0;0;0;0;0;0;1;1;0;0;-1;-1;0;0;-1;-1;-1;-1;-1;-1;-1;-1;-1;5;20;60;70;90;25;55;80;45;8.5;2.8;4.9;2.45;Wexford;Cobh Ramblers;0.86;1.5;0.8;1.2;0.71;1.71;95;80;40;30;10;55;40;30;0;0;0;454;28;Y;Y;N;N;N;N;N
119075;2057;2061;2017;complete;645;22;-1;9;35,66,85;1;3;4;5;6;11;2;3;2;2;1;0;5;10;9;12;14;22;7;16;56;44;3;2;0;0;0;0;0;0;0;0;0;0;0;0;0;0;0;0;0;0;0;0;0;0;0;0;0;0;0;0;0;0;0;0;0;0;0;0;0;0;0;0;0;0;0;0;0;0;0;0;0;0;0;0;0;0;0;0;0;0;0;0;0;0;0;0;0;0;0;0;4;1;1;0;2;2;2;2017-07-29 18:30:00;2061;0;43;19;19;0;-1;1;-1;-1;-1;-1;-1;-1;1;1;2;1;2;3;-1;0;0;0;0;0;0;0;0;0;0;0;0;0;1;1;1;0;-1;-1;0;0;-1;-1;-1;-1;-1;-1;-1;-1;-1;10;38;48;58;95;33;62;77;33;10.1;4.11;3.37;2.48;Longford Town;Shelbourne;1.64;1.5;1.6;1.45;1.33;1.24;91;62;53;43;5;53;43;24;0;0;0;454;28;Y;Y;Y;Y;N;N;Y
119076;2060;2058;2017;complete;645;23;-1;79;60;1;1;2;9;5;14;3;2;3;2;1;0;4;5;8;6;12;11;10;16;48;52;4;2;0;0;0;0;0;0;0;0;0;0;0;0;0;0;0;0;0;0;0;0;0;0;0;0;0;0;0;0;0;0;0;0;0;0;0;0;0;0;0;0;0;0;0;0;0;0;0;0;0;0;0;0;0;0;0;0;0;0;0;0;0;0;0;0;0;0;0;0;2;0;0;1;1;2;0;2017-08-04 18:45:00;-1;0;46;9;27;0;-1;1;-1;-1;-1;-1;-1;-1;0;1;4;1;1;5;-1;0;0;0;0;0;0;0;1;0;1;0;0;0;1;1;0;0;-1;-1;0;0;-1;-1;-1;-1;-1;-1;-1;-1;-1;18;27;46;78;100;37;73;82;55;8;2.09;4.18;2.82;Athlone Town;Wexford;0.93;0.57;1.09;0.64;0.73;0.68;82;73;55;23;0;78;55;41;0;0;0;454;28;Y;Y;N;N;N;N;Y
119077;2063;2064;2017;complete;645;23;-1;20;40;1;1;2;3;3;6;-1;-1;3;0;1;0;2;5;2;3;4;8;-1;-1;50;50;4;0;0;0;0;0;0;0;0;0;0;0;0;0;0;0;0;0;0;0;0;0;0;0;0;0;0;0;0;0;0;0;0;0;0;0;0;0;0;0;0;0;0;0;0;0;0;0;0;0;0;0;0;0;0;0;0;0;0;0;0;0;0;0;0;0;0;0;0;0;2;1;1;0;0;0;2;2017-08-04 18:45:00;-1;0;32;9;27;0;-1;1;-1;-1;-1;-1;-1;-1;1;0;3;0;1;3;-1;0;0;0;0;0;0;0;0;0;0;0;0;0;1;1;0;0;-1;-1;0;0;-1;-1;-1;-1;-1;-1;-1;-1;-1;18;23;27;45;78;18;46;64;36;11.27;4.09;4.82;2.05;Cabinteely;Waterford;1.57;1.5;1.64;1.55;1.41;2.18;82;78;73;55;23;73;55;36;0;0;0;454;28;Y;Y;N;N;N;N;Y
119078;2061;2059;2017;complete;645;23;-1;21;60;1;1;2;5;4;9;1;0;4;2;0;0;8;5;7;7;15;12;15;9;41;59;4;2;0;0;0;0;0;0;0;0;0;0;0;0;0;0;0;0;0;0;0;0;0;0;0;0;0;0;0;0;0;0;0;0;0;0;0;0;0;0;0;0;0;0;0;0;0;0;0;0;0;0;0;0;0;0;0;0;0;0;0;0;0;0;0;0;0;0;0;0;2;1;0;0;1;1;1;2017-08-04 18:45:00;-1;0;40;15;20;0;-1;1;-1;-1;-1;-1;-1;-1;1;0;3;2;1;5;-1;0;0;0;0;0;0;0;0;0;0;0;0;0;1;1;0;0;-1;-1;0;0;-1;-1;-1;-1;-1;-1;-1;-1;-1;10;15;25;50;85;15;45;75;35;9.83;0.6;3.9;1.9;Shelbourne;UCD;1.21;1.5;1;1.6;1.32;1.64;90;85;75;50;15;52;31;26;0;0;0;454;28;Y;Y;N;N;N;N;Y
119079;2062;2057;2017;complete;645;23;-1;27,66;;2;0;2;5;10;15;-1;-1;-1;-1;-1;-1;3;0;0;0;3;0;-1;-1;51;49;-1;-1;0;0;0;0;0;0;0;0;0;0;0;0;0;0;0;0;0;0;0;0;0;0;0;0;0;0;0;0;0;0;0;0;0;0;0;0;0;0;0;0;0;0;0;0;0;0;0;0;0;0;0;0;0;0;0;0;0;0;0;0;0;0;0;0;0;0;0;0;2;1;0;1;0;1;1;2017-08-05 18:15:00;2062;0;27;5;23;0;-1;-1;-1;-1;-1;-1;-1;-1;-1;-1;-1;-1;-1;-1;-1;0;0;0;0;0;0;0;0;0;0;0;0;0;1;1;0;0;-1;-1;-1;-1;-1;-1;-1;-1;-1;-1;-1;-1;-1;5;14;23;50;73;23;36;64;32;10.08;1.63;2.91;1.68;Cobh Ramblers;Longford Town;2.14;1.07;2.18;1.09;1.77;1.27;96;87;78;50;27;66;47;28;0;0;0;454;28;Y;Y;N;N;N;N;N
119080;2061;2062;2017;complete;645;24;-1;;70;0;1;1;7;1;8;2;2;1;1;0;1;6;3;14;1;20;4;7;15;59;41;1;3;0;0;0;0;0;0;0;0;0;0;0;0;0;0;0;0;0;0;0;0;0;0;0;0;0;0;0;0;0;0;0;0;0;0;0;0;0;0;0;0;0;0;0;0;0;0;0;0;0;0;0;0;0;0;0;0;0;0;0;0;0;0;0;0;0;0;0;0;1;0;0;0;1;1;0;2017-08-18 18:45:00;2062;0;60;14;37;0;-1;1;-1;-1;-1;-1;-1;-1;0;0;1;2;0;3;-1;0;0;0;0;0;0;0;0;0;0;0;0;0;1;1;0;0;-1;-1;0;0;-1;-1;-1;-1;-1;-1;-1;-1;-1;9;23;55;73;91;14;55;91;50;8.72;2;5.63;2.5;Shelbourne;Cobh Ramblers;1.21;1.5;1;1.36;1.3;1.83;91;78;46;27;9;59;36;23;0;0;0;454;28;Y;N;N;N;N;N;N
119081;2064;2059;2017;complete;645;24;-1;27;;1;0;1;5;5;10;6;0;3;1;0;0;10;9;5;4;15;13;14;12;47;53;3;1;0;0;0;0;0;0;0;0;0;0;0;0;0;0;0;0;0;0;0;0;0;0;0;0;0;0;0;0;0;0;0;0;0;0;0;0;0;0;0;0;0;0;0;0;0;0;0;0;0;0;0;0;0;0;0;0;0;0;0;0;0;0;0;0;0;0;0;0;1;1;0;0;0;0;1;2017-08-18 18:45:00;2064;0;41;9;18;0;-1;1;-1;-1;-1;-1;-1;-1;2;0;1;1;2;2;-1;0;0;0;0;0;0;0;0;0;0;0;0;0;1;1;0;0;-1;-1;1;0;-1;-1;-1;-1;-1;-1;-1;-1;-1;5;14;37;64;96;18;64;78;32;10.12;0.73;2.73;2.19;Waterford;UCD;2.71;1.5;2.82;1.55;2.13;1.61;96;87;64;37;5;57;42;28;0;0;0;454;28;Y;N;N;N;N;N;N
119082;2058;2063;2017;complete;645;24;-1;11,32;;2;0;2;3;3;6;0;1;3;0;0;0;4;7;4;9;8;16;16;4;35;65;3;0;0;0;0;0;0;0;0;0;0;0;0;0;0;0;0;0;0;0;0;0;0;0;0;0;0;0;0;0;0;0;0;0;0;0;0;0;0;0;0;0;0;0;0;0;0;0;0;0;0;0;0;0;0;0;0;0;0;0;0;0;0;0;0;0;0;0;0;0;2;2;0;0;0;0;2;2017-08-18 19:00:00;2058;0;55;27;18;0;-1;1;-1;-1;-1;-1;-1;-1;1;0;2;0;1;2;-1;0;0;0;0;0;0;0;0;0;0;0;0;0;1;1;0;0;-1;-1;0;0;-1;-1;-1;-1;-1;-1;-1;-1;-1;14;23;46;78;91;46;78;78;23;9.27;2.37;5;2.55;Wexford;Cabinteely;0.86;1.14;0.73;1.18;0.7;1.39;87;78;55;23;9;64;50;27;0;0;0;454;28;Y;Y;N;N;N;N;N
119083;2057;2060;2017;complete;645;24;-1;4,8,13,59,76,81,83;47;7;1;8;15;5;20;2;1;0;1;0;0;14;3;13;3;27;6;7;8;61;39;0;1;0;0;0;0;0;0;0;0;0;0;0;0;0;0;0;0;0;0;0;0;0;0;0;0;0;0;0;0;0;0;0;0;0;0;0;0;0;0;0;0;0;0;0;0;0;0;0;0;0;0;0;0;0;0;0;0;0;0;0;0;0;0;0;0;0;0;0;0;8;3;0;4;1;5;3;2017-08-19 18:30:00;2057;0;64;32;23;0;-1;1;-1;-1;-1;-1;-1;-1;0;0;0;1;0;1;-1;0;0;0;0;0;0;0;0;0;0;0;0;0;1;1;2;0;-1;-1;0;0;-1;-1;-1;-1;-1;-1;-1;-1;-1;14;55;73;82;96;55;69;91;46;8.18;3.09;3;3.23;Longford Town;Athlone Town;1.64;0.29;1.45;0.36;1.22;0.74;87;46;27;18;5;69;55;32;0;0;0;454;28;Y;Y;Y;Y;Y;Y;Y
119084;2060;2062;2017;complete;645;25;-1;;90;0;1;1;2;8;10;1;6;3;2;0;0;6;7;7;12;13;19;12;13;45;55;3;2;0;0;0;0;0;0;0;0;0;0;0;0;0;0;0;0;0;0;0;0;0;0;0;0;0;0;0;0;0;0;0;0;0;0;0;0;0;0;0;0;0;0;0;0;0;0;0;0;0;0;0;0;0;0;0;0;0;0;0;0;0;0;0;0;0;0;0;0;1;0;0;0;1;1;0;2017-09-01 18:45:00;2062;0;63;13;50;0;-1;1;-1;-1;-1;-1;-1;-1;1;1;2;1;2;3;-1;0;0;0;0;0;0;0;0;0;0;0;0;0;1;1;0;0;-1;-1;0;0;-1;-1;-1;-1;-1;-1;-1;-1;-1;17;34;63;79;100;29;59;96;63;7.91;2.92;4;3.04;Athlone Town;Cobh Ramblers;0.93;1.5;1.08;1.5;0.71;1.88;84;67;38;21;0;63;50;34;0;0;0;454;28;Y;N;N;N;N;N;N
119085;2063;2057;2017;complete;645;25;-1;;37,83;0;2;2;4;6;10;4;1;3;0;0;0;5;10;11;8;16;18;15;12;44;56;3;0;0;0;0;0;0;0;0;0;0;0;0;0;0;0;0;0;0;0;0;0;0;0;0;0;0;0;0;0;0;0;0;0;0;0;0;0;0;0;0;0;0;0;0;0;0;0;0;0;0;0;0;0;0;0;0;0;0;0;0;0;0;0;0;0;0;0;0;0;2;0;1;0;1;1;1;2017-09-01 18:45:00;2057;0;25;13;21;0;-1;1;-1;-1;-1;-1;-1;-1;0;0;3;0;0;3;-1;0;0;0;0;0;0;0;0;0;0;0;0;0;1;1;0;0;-1;-1;0;0;-1;-1;-1;-1;-1;-1;-1;-1;-1;9;13;25;50;71;25;54;46;29;11.25;3.42;3.92;1.71;Cabinteely;Longford Town;1.57;1.07;1.58;1;1.33;1.29;92;88;75;50;30;75;63;38;0;0;0;454;28;Y;Y;N;N;N;N;N
119086;2059;2058;2017;complete;645;25;-1;75;;1;0;1;6;12;18;0;1;0;1;0;0;5;6;14;7;19;13;9;7;53;47;0;1;0;0;0;0;0;0;0;0;0;0;0;0;0;0;0;0;0;0;0;0;0;0;0;0;0;0;0;0;0;0;0;0;0;0;0;0;0;0;0;0;0;0;0;0;0;0;0;0;0;0;0;0;0;0;0;0;0;0;0;0;0;0;0;0;0;0;0;0;1;0;0;1;0;1;0;2017-09-01 18:45:00;2059;0;38;9;17;0;-1;1;-1;-1;-1;-1;-1;-1;0;0;0;1;0;1;-1;0;0;0;0;0;0;0;0;0;0;0;0;0;1;1;0;0;-1;-1;0;0;-1;-1;-1;-1;-1;-1;-1;-1;-1;17;29;42;79;96;30;67;75;54;7.09;0.84;3.83;2.63;UCD;Wexford;1.86;0.57;1.67;0.67;1.54;0.79;84;71;59;21;4;59;38;30;0;0;0;454;28;Y;N;N;N;N;N;N
119087;2064;2061;2017;complete;645;25;-1;48;5;1;1;2;7;8;15;1;5;1;4;0;0;7;9;11;6;18;15;10;11;56;44;1;4;0;0;0;0;0;0;0;0;0;0;0;0;0;0;0;0;0;0;0;0;0;0;0;0;0;0;0;0;0;0;0;0;0;0;0;0;0;0;0;0;0;0;0;0;0;0;0;0;0;0;0;0;0;0;0;0;0;0;0;0;0;0;0;0;0;0;0;0;2;0;1;1;0;1;1;2017-09-01 18:45:00;-1;0;46;17;17;0;-1;1;-1;-1;-1;-1;-1;-1;0;2;1;2;2;3;-1;0;0;0;0;0;0;0;0;0;0;0;0;0;1;1;0;1;-1;-1;0;0;-1;-1;-1;-1;-1;-1;-1;-1;-1;4;30;54;67;100;34;75;75;38;10.83;3.08;4.25;2.54;Waterford;Shelbourne;2.71;1.5;2.83;1.58;2.17;1.25;96;71;46;34;0;63;55;29;0;0;0;454;28;Y;Y;N;N;N;N;Y
119088;2061;2060;2017;complete;645;26;-1;7,44,47,68;60;4;1;5;7;12;19;5;1;2;0;0;0;8;4;6;7;14;11;10;5;49;51;2;0;0;0;0;0;0;0;0;0;0;0;0;0;0;0;0;0;0;0;0;0;0;0;0;0;0;0;0;0;0;0;0;0;0;0;0;0;0;0;0;0;0;0;0;0;0;0;0;0;0;0;0;0;0;0;0;0;0;0;0;0;0;0;0;0;0;0;0;0;5;2;0;2;1;3;2;2017-09-15 18:45:00;2061;0;67;25;25;0;-1;1;-1;-1;-1;-1;-1;-1;0;0;2;0;0;2;-1;0;0;0;0;0;0;0;0;0;0;0;0;0;1;1;1;0;-1;-1;0;0;-1;-1;-1;-1;-1;-1;-1;-1;-1;17;42;63;79;92;46;63;92;46;8.83;1.59;4.75;3.09;Shelbourne;Athlone Town;1.21;0.29;0.92;0.33;1.24;0.68;84;58;38;21;9;71;46;29;0;0;0;454;28;Y;Y;Y;Y;Y;N;Y
119089;2058;2064;2017;complete;645;26;-1;;24,43,75;0;3;3;1;7;8;0;2;2;2;0;0;0;9;4;7;4;16;10;10;33;67;2;2;0;0;0;0;0;0;0;0;0;0;0;0;0;0;0;0;0;0;0;0;0;0;0;0;0;0;0;0;0;0;0;0;0;0;0;0;0;0;0;0;0;0;0;0;0;0;0;0;0;0;0;0;0;0;0;0;0;0;0;0;0;0;0;0;0;0;0;0;3;0;2;0;1;1;2;2017-09-15 19:00:00;2064;0;46;21;21;0;-1;1;-1;-1;-1;-1;-1;-1;1;1;1;1;2;2;-1;0;0;0;0;0;0;0;0;0;0;0;0;0;1;1;0;0;-1;-1;0;0;-1;-1;-1;-1;-1;-1;-1;-1;-1;9;17;29;59;79;34;55;63;25;11.25;2.92;4.84;2;Wexford;Waterford;0.86;1.5;0.92;1.5;0.76;2.12;92;84;71;42;21;71;50;38;0;0;0;454;28;Y;Y;Y;N;N;N;N
119090;2062;2063;2017;complete;645;26;-1;;33,57,85;0;3;3;4;2;6;0;3;2;1;0;0;0;5;0;0;0;5;9;14;54;46;2;1;0;0;0;0;0;0;0;0;0;0;0;0;0;0;0;0;0;0;0;0;0;0;0;0;0;0;0;0;0;0;0;0;0;0;0;0;0;0;0;0;0;0;0;0;0;0;0;0;0;0;0;0;0;0;0;0;0;0;0;0;0;0;0;0;0;0;0;0;3;0;1;0;2;2;1;2017-09-16 18:15:00;2063;0;42;13;21;0;-1;1;-1;-1;-1;-1;-1;-1;0;1;2;0;1;2;-1;0;0;0;0;0;0;0;0;0;0;0;0;0;1;1;0;0;-1;-1;0;0;-1;-1;-1;-1;-1;-1;-1;-1;-1;17;25;34;75;96;38;63;88;29;7.83;0.83;3.74;2.54;Cobh Ramblers;Cabinteely;2.14;1.14;2.25;1.08;1.92;1.28;84;75;67;25;4;48;35;18;0;0;0;454;28;Y;Y;Y;N;N;N;N
119091;2057;2059;2017;complete;645;26;-1;22;70;1;1;2;4;4;8;1;1;0;0;0;0;6;6;8;3;14;9;12;8;55;45;0;0;0;0;0;0;0;0;0;0;0;0;0;0;0;0;0;0;0;0;0;0;0;0;0;0;0;0;0;0;0;0;0;0;0;0;0;0;0;0;0;0;0;0;0;0;0;0;0;0;0;0;0;0;0;0;0;0;0;0;0;0;0;0;0;0;0;0;0;0;2;1;0;0;1;1;1;2017-09-16 18:30:00;-1;0;42;17;21;0;-1;-1;-1;-1;-1;-1;-1;-1;0;0;0;0;0;0;-1;0;0;0;0;0;0;0;1;0;1;0;0;0;1;1;0;0;-1;-1;-1;-1;-1;-1;-1;-1;-1;-1;-1;-1;-1;13;29;33;55;92;25;59;75;34;10.28;2.25;2;2.38;Longford Town;UCD;1.64;1.5;1.58;1.42;1.36;1.6;88;71;67;46;8;56;43;30;0;0;0;454;28;Y;Y;N;N;N;N;Y
119092;2063;2060;2017;complete;645;27;-1;8,25,29,56,78,83;85,90;6;2;8;10;9;19;-1;-1;0;1;0;0;10;4;7;6;17;10;-1;-1;53;47;0;1;0;0;0;0;0;0;0;0;0;0;0;0;0;0;0;0;0;0;0;0;0;0;0;0;0;0;0;0;0;0;0;0;0;0;0;0;0;0;0;0;0;0;0;0;0;0;0;0;0;0;0;0;0;0;0;0;0;0;0;0;0;0;0;0;0;0;0;0;8;3;0;3;2;5;3;2017-09-22 18:45:00;2063;0;58;23;31;0;-1;1;-1;-1;-1;-1;-1;-1;0;0;0;1;0;1;-1;0;0;0;0;0;0;0;0;0;0;0;0;0;1;1;1;0;-1;-1;0;0;-1;-1;-1;-1;-1;-1;-1;-1;-1;23;42;58;77;93;50;70;77;47;8.61;3.23;4.39;3.12;Cabinteely;Athlone Town;1.57;0.29;1.46;0.31;1.35;0.65;77;58;43;23;8;70;58;31;0;0;0;454;28;Y;Y;Y;Y;Y;Y;Y
119093;2059;2062;2017;complete;645;27;-1;56;;1;0;1;4;7;11;2;2;0;2;0;0;6;6;10;6;16;12;11;11;51;49;0;2;0;0;0;0;0;0;0;0;0;0;0;0;0;0;0;0;0;0;0;0;0;0;0;0;0;0;0;0;0;0;0;0;0;0;0;0;0;0;0;0;0;0;0;0;0;0;0;0;0;0;0;0;0;0;0;0;0;0;0;0;0;0;0;0;0;0;0;0;1;0;0;1;0;1;0;2017-09-22 18:45:00;2059;0;46;12;31;0;-1;1;-1;-1;-1;-1;-1;-1;0;0;0;2;0;2;-1;0;0;0;0;0;0;0;1;0;1;0;0;0;1;1;0;0;-1;-1;0;0;-1;-1;-1;-1;-1;-1;-1;-1;-1;16;35;58;73;96;23;54;89;54;7.08;1.77;3.38;2.77;UCD;Cobh Ramblers;1.86;1.5;1.77;1.62;1.58;1.85;85;66;42;27;4;46;35;19;0;0;0;454;28;Y;N;N;N;N;N;N
119094;2064;2057;2017;complete;645;27;-1;81;;1;0;1;0;0;0;-1;-1;1;0;0;0;0;0;0;0;0;0;-1;-1;47;53;1;0;0;0;0;0;0;0;0;0;0;0;0;0;0;0;0;0;0;0;0;0;0;0;0;0;0;0;0;0;0;0;0;0;0;0;0;0;0;0;0;0;0;0;0;0;0;0;0;0;0;0;0;0;0;0;0;0;0;0;0;0;0;0;0;0;0;0;0;0;1;0;0;1;0;1;0;2017-09-22 18:45:00;2064;0;31;8;15;0;-1;1;-1;-1;-1;-1;-1;-1;1;0;0;0;1;0;-1;0;0;0;0;0;0;0;0;0;0;0;0;0;1;1;0;0;-1;-1;0;0;-1;-1;-1;-1;-1;-1;-1;-1;-1;0;12;39;66;81;23;70;62;27;12.31;2.31;2.92;1.96;Waterford;Longford Town;2.71;1.07;2.69;1.15;2.15;1.35;100;89;62;35;19;85;73;42;0;0;0;454;28;Y;N;N;N;N;N;N
119095;2058;2061;2017;complete;645;27;-1;75;45;1;1;2;3;11;14;0;3;2;1;0;0;5;3;1;12;6;15;9;17;46;54;2;1;0;0;0;0;0;0;0;0;0;0;0;0;0;0;0;0;0;0;0;0;0;0;0;0;0;0;0;0;0;0;0;0;0;0;0;0;0;0;0;0;0;0;0;0;0;0;0;0;0;0;0;0;0;0;0;0;0;0;0;0;0;0;0;0;0;0;0;0;2;0;1;1;0;1;1;2017-09-22 19:00:00;-1;0;50;23;15;0;-1;1;-1;-1;-1;-1;-1;-1;0;0;2;1;0;3;-1;0;0;0;0;0;0;0;0;0;0;0;0;0;1;1;0;0;-1;-1;0;0;-1;-1;-1;-1;-1;-1;-1;-1;-1;4;23;42;66;93;42;69;70;27;10.16;3.61;5.23;2.27;Wexford;Shelbourne;0.86;1.5;0.85;1.54;0.73;1.31;96;77;58;35;8;58;46;31;0;0;0;454;28;Y;Y;N;N;N;N;Y
119096;2060;2059;2017;complete;645;28;-1;;25,39,50,89;0;4;4;6;5;11;4;4;0;0;0;0;5;12;10;10;15;22;10;8;38;62;0;0;0;0;0;0;0;0;0;0;0;0;0;0;0;0;0;0;0;0;0;0;0;0;0;0;0;0;0;0;0;0;0;0;0;0;0;0;0;0;0;0;0;0;0;0;0;0;0;0;0;0;0;0;0;0;0;0;0;0;0;0;0;0;0;0;0;0;0;0;4;0;2;0;2;2;2;2017-10-07 18:45:00;2059;0;50;12;31;0;-1;-1;-1;-1;-1;-1;-1;-1;0;0;0;0;0;0;-1;0;0;0;0;0;0;0;-1;-1;-1;-1;-1;-1;-1;1;0;0;-1;-1;-1;-1;-1;-1;-1;-1;-1;-1;-1;-1;-1;16;23;31;62;96;27;58;81;43;8.95;1.53;2.46;2.42;Athlone Town;UCD;0.93;1.5;1;1.38;0.63;1.63;85;77;69;39;4;64;47;32;0;0;0;454;28;Y;Y;Y;Y;N;N;N
119097;2062;2064;2017;complete;645;28;-1;31,74;84;2;1;3;6;5;11;2;2;0;0;0;0;5;3;5;7;10;10;11;17;40;60;0;0;0;0;0;0;0;0;0;0;0;0;0;0;0;0;0;0;0;0;0;0;0;0;0;0;0;0;0;0;0;0;0;0;0;0;0;0;0;0;0;0;0;0;0;0;0;0;0;0;0;0;0;0;0;0;0;0;0;0;0;0;0;0;0;0;0;0;0;0;3;1;0;1;1;2;1;2017-10-07 14:00:00;2062;0;35;8;23;0;-1;-1;-1;-1;-1;-1;-1;-1;0;0;0;0;0;0;-1;0;0;0;0;0;0;0;-1;-1;-1;-1;-1;-1;-1;1;0;0;-1;-1;-1;-1;-1;-1;-1;-1;-1;-1;-1;-1;-1;12;19;27;58;85;23;42;81;35;10.15;1.54;3.75;2.12;Cobh Ramblers;Waterford;2.14;1.5;2.08;1.62;1.78;2.19;89;81;73;42;16;56;36;28;0;0;0;454;28;Y;Y;Y;N;N;N;Y
119098;2057;2058;2017;complete;645;28;-1;33;;1;0;1;3;2;5;-1;-1;-1;-1;-1;-1;8;2;9;6;17;8;-1;-1;47;53;-1;-1;0;0;0;0;0;0;0;0;0;0;0;0;0;0;0;0;0;0;0;0;0;0;0;0;0;0;0;0;0;0;0;0;0;0;0;0;0;0;0;0;0;0;0;0;0;0;0;0;0;0;0;0;0;0;0;0;0;0;0;0;0;0;0;0;0;0;0;0;1;1;0;0;0;0;1;2017-10-07 18:45:00;2057;0;43;12;19;0;-1;-1;-1;-1;-1;-1;-1;-1;-1;-1;-1;-1;-1;-1;-1;0;0;0;0;0;0;0;-1;-1;-1;-1;-1;-1;-1;1;0;0;-1;-1;-1;-1;-1;-1;-1;-1;-1;-1;-1;-1;-1;12;27;39;69;96;27;66;81;42;10.08;3;3.7;2.54;Longford Town;Wexford;1.64;0.57;1.54;0.62;1.3;0.74;89;73;62;31;4;70;54;42;0;0;0;454;28;Y;N;N;N;N;N;N
119099;2061;2063;2017;complete;645;28;-1;34,68,90;90;3;1;4;2;7;9;4;2;0;0;0;0;9;8;8;10;17;18;20;11;49;51;0;0;0;0;0;0;0;0;0;0;0;0;0;0;0;0;0;0;0;0;0;0;0;0;0;0;0;0;0;0;0;0;0;0;0;0;0;0;0;0;0;0;0;0;0;0;0;0;0;0;0;0;0;0;0;0;0;0;0;0;0;0;0;0;0;0;0;0;0;0;4;1;0;2;1;3;1;2017-10-07 18:45:00;2061;0;50;19;19;0;-1;-1;-1;-1;-1;-1;-1;-1;0;0;0;0;0;0;-1;0;0;0;0;0;0;0;-1;-1;-1;-1;-1;-1;-1;1;0;0;-1;-1;-1;-1;-1;-1;-1;-1;-1;-1;-1;-1;-1;19;27;46;77;93;39;73;85;35;9.38;1.92;4.85;2.66;Shelbourne;Cabinteely;1.21;1.14;1.08;1.23;1.3;1.41;81;73;54;23;8;58;38;23;0;0;0;454;28;Y;Y;Y;Y;N;N;Y
