ID;HOMEID;AWAYID;SEASON;STATUS;ROUNDID;GAME_WEEK;REVISED_GAME_WEEK;HOMEGOALS;AWAYGOALS;HOMEGOALCOUNT;AWAYGOALCOUNT;TOTALGOALCOUNT;TEAM_A_CORNERS;TEAM_B_CORNERS;TOTALCORNERCOUNT;TEAM_A_OFFSIDES;TEAM_B_OFFSIDES;TEAM_A_YELLOW_CARDS;TEAM_B_YELLOW_CARDS;TEAM_A_RED_CARDS;TEAM_B_RED_CARDS;TEAM_A_SHOTSONTARGET;TEAM_B_SHOTSONTARGET;TEAM_A_SHOTSOFFTARGET;TEAM_B_SHOTSOFFTARGET;TEAM_A_SHOTS;TEAM_B_SHOTS;TEAM_A_FOULS;TEAM_B_FOULS;TEAM_A_POSSESSION;TEAM_B_POSSESSION;TEAM_A_CARDS_NUM;TEAM_B_CARDS_NUM;ODDS_FT_1;ODDS_FT_X;ODDS_FT_2;ODDS_FT_OVER05;ODDS_FT_OVER15;ODDS_FT_OVER25;ODDS_FT_OVER35;ODDS_FT_OVER45;ODDS_FT_UNDER05;ODDS_FT_UNDER15;ODDS_FT_UNDER25;ODDS_FT_UNDER35;ODDS_FT_UNDER45;ODDS_BTTS_YES;ODDS_BTTS_NO;ODDS_TEAM_A_CS_YES;ODDS_TEAM_A_CS_NO;ODDS_TEAM_B_CS_YES;ODDS_TEAM_B_CS_NO;ODDS_DOUBLECHANCE_1X;ODDS_DOUBLECHANCE_12;ODDS_DOUBLECHANCE_X2;ODDS_1ST_HALF_RESULT_1;ODDS_1ST_HALF_RESULT_X;ODDS_1ST_HALF_RESULT_2;ODDS_2ND_HALF_RESULT_1;ODDS_2ND_HALF_RESULT_X;ODDS_2ND_HALF_RESULT_2;ODDS_DNB_1;ODDS_DNB_2;ODDS_CORNERS_OVER_75;ODDS_CORNERS_OVER_85;ODDS_CORNERS_OVER_95;ODDS_CORNERS_OVER_105;ODDS_CORNERS_OVER_115;ODDS_CORNERS_UNDER_75;ODDS_CORNERS_UNDER_85;ODDS_CORNERS_UNDER_95;ODDS_CORNERS_UNDER_105;ODDS_CORNERS_UNDER_115;ODDS_CORNERS_1;ODDS_CORNERS_X;ODDS_CORNERS_2;ODDS_TEAM_TO_SCORE_FIRST_1;ODDS_TEAM_TO_SCORE_FIRST_X;ODDS_TEAM_TO_SCORE_FIRST_2;ODDS_WIN_TO_NIL_1;ODDS_WIN_TO_NIL_2;ODDS_1ST_HALF_OVER05;ODDS_1ST_HALF_OVER15;ODDS_1ST_HALF_OVER25;ODDS_1ST_HALF_OVER35;ODDS_1ST_HALF_UNDER05;ODDS_1ST_HALF_UNDER15;ODDS_1ST_HALF_UNDER25;ODDS_1ST_HALF_UNDER35;ODDS_2ND_HALF_OVER05;ODDS_2ND_HALF_OVER15;ODDS_2ND_HALF_OVER25;ODDS_2ND_HALF_OVER35;ODDS_2ND_HALF_UNDER05;ODDS_2ND_HALF_UNDER15;ODDS_2ND_HALF_UNDER25;ODDS_2ND_HALF_UNDER35;ODDS_BTTS_1ST_HALF_YES;ODDS_BTTS_1ST_HALF_NO;ODDS_BTTS_2ND_HALF_YES;ODDS_BTTS_2ND_HALF_NO;OVERALLGOALCOUNT;HT_GOALS_TEAM_A;HT_GOALS_TEAM_B;GOALS_2HG_TEAM_A;GOALS_2HG_TEAM_B;GOALCOUNT_2HG;HTGOALCOUNT;DATE_UNIX;WINNINGTEAM;NO_HOME_AWAY;BTTS_POTENTIAL;BTTS_FHG_POTENTIAL;BTTS_2HG_POTENTIAL;GOALTIMINGDISABLED;CORNER_TIMINGS_RECORDED;CARD_TIMINGS_RECORDED;TEAM_A_FH_CORNERS;TEAM_B_FH_CORNERS;TEAM_A_2H_CORNERS;TEAM_B_2H_CORNERS;CORNER_FH_COUNT;CORNER_2H_COUNT;TEAM_A_FH_CARDS;TEAM_B_FH_CARDS;TEAM_A_2H_CARDS;TEAM_B_2H_CARDS;TOTAL_FH_CARDS;TOTAL_2H_CARDS;ATTACKS_RECORDED;TEAM_A_DANGEROUS_ATTACKS;TEAM_B_DANGEROUS_ATTACKS;TEAM_A_ATTACKS;TEAM_B_ATTACKS;TEAM_A_XG;TEAM_B_XG;TOTAL_XG;TEAM_A_PENALTIES_WON;TEAM_B_PENALTIES_WON;TEAM_A_PENALTY_GOALS;TEAM_B_PENALTY_GOALS;TEAM_A_PENALTY_MISSED;TEAM_B_PENALTY_MISSED;PENS_RECORDED;GOAL_TIMINGS_RECORDED;TEAM_A_0_10_MIN_GOALS;TEAM_B_0_10_MIN_GOALS;TEAM_A_CORNERS_0_10_MIN;TEAM_B_CORNERS_0_10_MIN;TEAM_A_CARDS_0_10_MIN;TEAM_B_CARDS_0_10_MIN;THROWINS_RECORDED;TEAM_A_THROWINS;TEAM_B_THROWINS;FREEKICKS_RECORDED;TEAM_A_FREEKICKS;TEAM_B_FREEKICKS;GOALKICKS_RECORDED;TEAM_A_GOALKICKS;TEAM_B_GOALKICKS;O45_POTENTIAL;O35_POTENTIAL;O25_POTENTIAL;O15_POTENTIAL;O05_POTENTIAL;O15HT_POTENTIAL;O05HT_POTENTIAL;O05_2H_POTENTIAL;O15_2H_POTENTIAL;CORNERS_POTENTIAL;OFFSIDES_POTENTIAL;CARDS_POTENTIAL;AVG_POTENTIAL;HOME_NAME;AWAY_NAME;HOME_PPG;AWAY_PPG;PRE_MATCH_HOME_PPG;PRE_MATCH_AWAY_PPG;PRE_MATCH_TEAMA_OVERALL_PPG;PRE_MATCH_TEAMB_OVERALL_PPG;U45_POTENTIAL;U35_POTENTIAL;U25_POTENTIAL;U15_POTENTIAL;U05_POTENTIAL;CORNERS_O85_POTENTIAL;CORNERS_O95_POTENTIAL;CORNERS_O105_POTENTIAL;TEAM_A_XG_PREMATCH;TEAM_B_XG_PREMATCH;TOTAL_XG_PREMATCH;COMPETITION_ID;MATCHES_COMPLETED_MINIMUM;OVER05;OVER15;OVER25;OVER35;OVER45;OVER55;BTTS
215989;3841;3839;2013;complete;1316;1;-1;;30,59,73;0;3;3;-1;-1;-1;-1;-1;1;2;0;0;-1;-1;-1;-1;-1;-1;-1;-1;-1;-1;1;2;0;0;0;0;0;0;0;0;0;0;0;0;0;0;0;0;0;0;0;0;0;0;0;0;0;0;0;0;0;0;0;0;0;0;0;0;0;0;0;0;0;0;0;0;0;0;0;0;0;0;0;0;0;0;0;0;0;0;0;0;0;0;0;0;0;0;0;0;3;0;1;0;2;2;1;2013-03-16 05:00:00;3839;0;0;0;0;0;-1;1;-1;-1;-1;-1;-1;-1;1;1;0;1;2;1;-1;0;0;0;0;0;0;0;0;0;0;0;0;0;1;1;0;0;-1;-1;0;0;-1;-1;-1;-1;-1;-1;-1;-1;-1;0;0;0;0;0;0;0;0;0;0;0;0;0;Gwangju;Sangju Sangmu;1.35;2.2;0;0;0;0;0;0;0;0;0;0;0;0;0;0;0;753;35;Y;Y;Y;N;N;N;N
215990;3843;3852;2013;complete;1316;1;-1;12,83;50,54,88;2;3;5;-1;-1;-1;-1;-1;2;4;0;0;-1;-1;-1;-1;-1;-1;-1;-1;-1;-1;2;4;0;0;0;0;0;0;0;0;0;0;0;0;0;0;0;0;0;0;0;0;0;0;0;0;0;0;0;0;0;0;0;0;0;0;0;0;0;0;0;0;0;0;0;0;0;0;0;0;0;0;0;0;0;0;0;0;0;0;0;0;0;0;0;0;0;0;0;0;5;1;0;1;3;4;1;2013-03-16 07:00:00;3852;0;0;0;0;0;-1;1;-1;-1;-1;-1;-1;-1;1;1;1;3;2;4;-1;0;0;0;0;0;0;0;1;0;1;0;0;0;1;1;0;0;-1;-1;0;0;-1;-1;-1;-1;-1;-1;-1;-1;-1;0;0;0;0;0;0;0;0;0;0;0;0;0;Suwon;Bucheon 1995;1.21;1.27;0;0;0;0;0;0;0;0;0;0;0;0;0;0;0;753;35;Y;Y;Y;Y;Y;N;Y
215991;3853;3849;2013;complete;1316;1;-1;18;25,54,65;1;3;4;-1;-1;-1;-1;-1;0;2;0;0;-1;-1;-1;-1;-1;-1;-1;-1;-1;-1;0;2;0;0;0;0;0;0;0;0;0;0;0;0;0;0;0;0;0;0;0;0;0;0;0;0;0;0;0;0;0;0;0;0;0;0;0;0;0;0;0;0;0;0;0;0;0;0;0;0;0;0;0;0;0;0;0;0;0;0;0;0;0;0;0;0;0;0;0;0;4;1;1;0;2;2;2;2013-03-17 05:00:00;3849;0;0;0;0;0;-1;1;-1;-1;-1;-1;-1;-1;0;1;0;1;1;1;-1;0;0;0;0;0;0;0;0;1;0;1;0;0;1;1;0;0;-1;-1;0;0;-1;-1;-1;-1;-1;-1;-1;-1;-1;0;0;0;0;0;0;0;0;0;0;0;0;0;Chungju;Asan Mugunghwa;0.7;1.83;0;0;0;0;0;0;0;0;0;0;0;0;0;0;0;753;35;Y;Y;Y;Y;N;N;Y
215992;3848;3851;2013;complete;1316;1;-1;2;78;1;1;2;-1;-1;-1;-1;-1;1;2;0;0;-1;-1;-1;-1;-1;-1;-1;-1;-1;-1;1;2;0;0;0;0;0;0;0;0;0;0;0;0;0;0;0;0;0;0;0;0;0;0;0;0;0;0;0;0;0;0;0;0;0;0;0;0;0;0;0;0;0;0;0;0;0;0;0;0;0;0;0;0;0;0;0;0;0;0;0;0;0;0;0;0;0;0;0;0;2;1;0;0;1;1;1;2013-03-17 05:00:00;-1;0;0;0;0;0;-1;1;-1;-1;-1;-1;-1;-1;0;0;1;2;0;3;-1;0;0;0;0;0;0;0;0;0;0;0;0;0;1;1;1;0;-1;-1;0;0;-1;-1;-1;-1;-1;-1;-1;-1;-1;0;0;0;0;0;0;0;0;0;0;0;0;0;Anyang;Goyang Zaicro;1.14;1.2;0;0;0;0;0;0;0;0;0;0;0;0;0;0;0;753;35;Y;Y;N;N;N;N;Y
215993;3852;3851;2013;complete;1316;2;-1;44,71,90;5;3;1;4;-1;-1;-1;-1;-1;1;2;0;0;-1;-1;-1;-1;-1;-1;-1;-1;-1;-1;1;2;0;0;0;0;0;0;0;0;0;0;0;0;0;0;0;0;0;0;0;0;0;0;0;0;0;0;0;0;0;0;0;0;0;0;0;0;0;0;0;0;0;0;0;0;0;0;0;0;0;0;0;0;0;0;0;0;0;0;0;0;0;0;0;0;0;0;0;0;4;1;1;2;0;2;2;2013-03-23 05:00:00;3852;0;50;0;0;0;-1;1;-1;-1;-1;-1;-1;-1;1;0;0;2;1;2;-1;0;0;0;0;0;0;0;0;0;0;0;0;0;1;1;0;1;-1;-1;0;0;-1;-1;-1;-1;-1;-1;-1;-1;-1;0;0;0;50;50;0;50;50;0;0;0;2;1;Bucheon 1995;Goyang Zaicro;0.7;1.2;0;1;3;1;50;50;50;0;0;0;0;0;0;0;0;753;35;Y;Y;Y;Y;N;N;Y
215994;3839;3843;2013;complete;1316;2;-1;79;90;1;1;2;-1;-1;-1;-1;-1;1;2;0;1;-1;-1;-1;-1;-1;-1;-1;-1;-1;-1;1;3;0;0;0;0;0;0;0;0;0;0;0;0;0;0;0;0;0;0;0;0;0;0;0;0;0;0;0;0;0;0;0;0;0;0;0;0;0;0;0;0;0;0;0;0;0;0;0;0;0;0;0;0;0;0;0;0;0;0;0;0;0;0;0;0;0;0;0;0;2;0;0;1;1;2;0;2013-03-23 07:00:00;-1;0;0;0;0;0;-1;1;-1;-1;-1;-1;-1;-1;0;1;1;2;1;3;-1;0;0;0;0;0;0;0;1;0;1;0;0;0;1;1;0;0;-1;-1;0;1;-1;-1;-1;-1;-1;-1;-1;-1;-1;0;0;0;0;0;0;0;0;0;0;0;0;0;Sangju Sangmu;Suwon;2.2;1.5;0;0;3;0;0;0;0;0;0;0;0;0;0;0;0;753;35;Y;Y;N;N;N;N;Y
215995;3841;3853;2013;complete;1316;2;-1;;90;0;1;1;-1;-1;-1;-1;-1;-1;-1;-1;-1;-1;-1;-1;-1;-1;-1;-1;-1;-1;-1;-1;-1;0;0;0;0;0;0;0;0;0;0;0;0;0;0;0;0;0;0;0;0;0;0;0;0;0;0;0;0;0;0;0;0;0;0;0;0;0;0;0;0;0;0;0;0;0;0;0;0;0;0;0;0;0;0;0;0;0;0;0;0;0;0;0;0;0;0;0;0;1;0;0;0;1;1;0;2013-03-24 05:00:00;3853;0;0;0;0;0;-1;-1;-1;-1;-1;-1;-1;-1;-1;-1;-1;-1;-1;-1;-1;0;0;0;0;0;0;0;0;0;0;0;0;0;1;1;0;0;-1;-1;-1;-1;-1;-1;-1;-1;-1;-1;-1;-1;-1;0;0;50;50;50;0;50;50;50;0;0;1;1.5;Gwangju;Chungju;1.35;1;0;0;0;0;50;50;0;0;0;0;0;0;0;0;0;753;35;Y;N;N;N;N;N;N
215996;3852;3849;2013;complete;1316;3;-1;;62,82,90;0;3;3;-1;-1;-1;-1;-1;2;1;0;0;-1;-1;-1;-1;-1;-1;-1;-1;-1;-1;2;1;0;0;0;0;0;0;0;0;0;0;0;0;0;0;0;0;0;0;0;0;0;0;0;0;0;0;0;0;0;0;0;0;0;0;0;0;0;0;0;0;0;0;0;0;0;0;0;0;0;0;0;0;0;0;0;0;0;0;0;0;0;0;0;0;0;0;0;0;3;0;0;0;3;3;0;2013-03-30 05:00:00;3849;0;100;100;0;0;-1;1;-1;-1;-1;-1;-1;-1;1;0;1;1;1;2;-1;0;0;0;0;0;0;0;0;0;0;0;0;0;1;1;0;0;-1;-1;0;0;-1;-1;-1;-1;-1;-1;-1;-1;-1;0;100;100;100;100;100;100;100;100;0;0;3;4;Bucheon 1995;Asan Mugunghwa;0.7;1.83;3;3;3;3;100;0;0;0;0;0;0;0;0;0;0;753;35;Y;Y;Y;N;N;N;N
215997;3851;3843;2013;complete;1316;3;-1;25;62;1;1;2;-1;-1;-1;-1;-1;1;3;0;0;-1;-1;-1;-1;-1;-1;-1;-1;-1;-1;1;3;0;0;0;0;0;0;0;0;0;0;0;0;0;0;0;0;0;0;0;0;0;0;0;0;0;0;0;0;0;0;0;0;0;0;0;0;0;0;0;0;0;0;0;0;0;0;0;0;0;0;0;0;0;0;0;0;0;0;0;0;0;0;0;0;0;0;0;0;2;1;0;0;1;1;1;2013-03-30 05:00:00;-1;0;50;0;50;0;-1;1;-1;-1;-1;-1;-1;-1;1;0;0;3;1;3;-1;0;0;0;0;0;0;0;1;0;1;0;0;0;1;1;0;0;-1;-1;0;0;-1;-1;-1;-1;-1;-1;-1;-1;-1;0;0;0;50;50;0;0;50;50;0;0;3;1;Goyang Zaicro;Suwon;1.15;1.5;0;1;0.5;0.5;50;50;50;0;0;0;0;0;0;0;0;753;35;Y;Y;N;N;N;N;Y
215998;3853;3839;2013;complete;1316;3;-1;;;0;0;0;-1;-1;-1;-1;-1;2;2;0;0;-1;-1;-1;-1;-1;-1;-1;-1;-1;-1;2;2;0;0;0;0;0;0;0;0;0;0;0;0;0;0;0;0;0;0;0;0;0;0;0;0;0;0;0;0;0;0;0;0;0;0;0;0;0;0;0;0;0;0;0;0;0;0;0;0;0;0;0;0;0;0;0;0;0;0;0;0;0;0;0;0;0;0;0;0;0;0;0;0;0;0;0;2013-03-31 05:00:00;-1;0;50;50;0;0;-1;1;-1;-1;-1;-1;-1;-1;0;2;2;0;2;2;-1;0;0;0;0;0;0;0;0;0;0;0;0;0;1;1;0;0;-1;-1;0;0;-1;-1;-1;-1;-1;-1;-1;-1;-1;0;50;100;100;100;50;100;100;100;0;0;2;3.5;Chungju;Sangju Sangmu;0.7;2.2;0;3;1.5;2;100;50;0;0;0;0;0;0;0;0;0;753;35;N;N;N;N;N;N;N
215999;3848;3841;2013;complete;1316;3;-1;81;69,74;1;2;3;-1;-1;-1;-1;-1;-1;-1;-1;-1;-1;-1;-1;-1;-1;-1;-1;-1;-1;-1;-1;-1;0;0;0;0;0;0;0;0;0;0;0;0;0;0;0;0;0;0;0;0;0;0;0;0;0;0;0;0;0;0;0;0;0;0;0;0;0;0;0;0;0;0;0;0;0;0;0;0;0;0;0;0;0;0;0;0;0;0;0;0;0;0;0;0;0;0;0;0;3;0;0;1;2;3;0;2013-03-31 05:00:00;3841;0;50;0;0;0;-1;-1;-1;-1;-1;-1;-1;-1;-1;-1;-1;-1;-1;-1;-1;0;0;0;0;0;0;0;1;1;1;1;0;0;1;1;0;0;-1;-1;-1;-1;-1;-1;-1;-1;-1;-1;-1;-1;-1;0;0;0;50;50;0;50;50;0;0;0;1;1;Anyang;Gwangju;1.14;1.73;1;0;1;0;50;50;50;0;0;0;0;0;0;0;0;753;35;Y;Y;Y;N;N;N;Y
216000;3839;3852;2013;complete;1316;4;-1;21;62;1;1;2;-1;-1;-1;-1;-1;0;2;0;0;-1;-1;-1;-1;-1;-1;-1;-1;-1;-1;0;2;0;0;0;0;0;0;0;0;0;0;0;0;0;0;0;0;0;0;0;0;0;0;0;0;0;0;0;0;0;0;0;0;0;0;0;0;0;0;0;0;0;0;0;0;0;0;0;0;0;0;0;0;0;0;0;0;0;0;0;0;0;0;0;0;0;0;0;0;2;1;0;0;1;1;1;2013-04-06 07:00:00;-1;0;100;0;100;0;-1;1;-1;-1;-1;-1;-1;-1;0;2;0;0;2;0;-1;0;0;0;0;0;0;0;0;0;0;0;0;0;1;1;0;0;-1;-1;0;0;-1;-1;-1;-1;-1;-1;-1;-1;-1;50;50;50;100;100;0;50;100;100;0;0;5;3.5;Sangju Sangmu;Bucheon 1995;2.2;1.27;1;3;1.67;2;50;50;50;0;0;0;0;0;0;0;0;753;35;Y;Y;N;N;N;N;Y
216001;3851;3849;2013;complete;1316;4;-1;8;17,36;1;2;3;-1;-1;-1;-1;-1;-1;-1;-1;-1;-1;-1;-1;-1;-1;-1;-1;-1;-1;-1;-1;-1;0;0;0;0;0;0;0;0;0;0;0;0;0;0;0;0;0;0;0;0;0;0;0;0;0;0;0;0;0;0;0;0;0;0;0;0;0;0;0;0;0;0;0;0;0;0;0;0;0;0;0;0;0;0;0;0;0;0;0;0;0;0;0;0;0;0;0;0;3;1;2;0;0;0;3;2013-04-06 07:00:00;3849;0;75;25;0;0;-1;-1;-1;-1;-1;-1;-1;-1;-1;-1;-1;-1;-1;-1;-1;0;0;0;0;0;0;0;0;0;0;0;0;0;1;1;1;0;-1;-1;-1;-1;-1;-1;-1;-1;-1;-1;-1;-1;-1;0;25;50;100;100;25;75;100;50;0;0;2.5;2.75;Goyang Zaicro;Asan Mugunghwa;1.15;1.83;1;3;0.67;3;100;75;50;0;0;0;0;0;0;0;0;753;35;Y;Y;Y;N;N;N;Y
216002;3853;3848;2013;complete;1316;4;-1;83;29,66,75,85;1;4;5;-1;-1;-1;-1;-1;4;2;0;0;-1;-1;-1;-1;-1;-1;-1;-1;-1;-1;4;2;0;0;0;0;0;0;0;0;0;0;0;0;0;0;0;0;0;0;0;0;0;0;0;0;0;0;0;0;0;0;0;0;0;0;0;0;0;0;0;0;0;0;0;0;0;0;0;0;0;0;0;0;0;0;0;0;0;0;0;0;0;0;0;0;0;0;0;0;5;0;1;1;3;4;1;2013-04-07 05:00:00;3848;0;25;25;0;0;-1;1;-1;-1;-1;-1;-1;-1;2;1;2;1;3;3;-1;0;0;0;0;0;0;0;0;1;0;1;0;0;1;1;0;0;-1;-1;1;0;-1;-1;-1;-1;-1;-1;-1;-1;-1;0;25;25;25;25;25;25;25;25;0;0;1;1;Chungju;Anyang;0.7;1.5;0.5;0;1.33;0.5;50;25;25;25;25;0;0;0;0;0;0;753;35;Y;Y;Y;Y;Y;N;Y
216003;3841;3843;2013;complete;1316;4;-1;7,59,81;17,20,61,74;3;4;7;-1;-1;-1;-1;-1;1;1;0;0;-1;-1;-1;-1;-1;-1;-1;-1;-1;-1;1;1;0;0;0;0;0;0;0;0;0;0;0;0;0;0;0;0;0;0;0;0;0;0;0;0;0;0;0;0;0;0;0;0;0;0;0;0;0;0;0;0;0;0;0;0;0;0;0;0;0;0;0;0;0;0;0;0;0;0;0;0;0;0;0;0;0;0;0;0;7;1;2;2;2;4;3;2013-04-07 05:00:00;3843;0;50;0;25;0;-1;1;-1;-1;-1;-1;-1;-1;1;0;0;1;1;1;-1;0;0;0;0;0;0;0;0;0;0;0;0;0;1;1;1;0;-1;-1;0;0;-1;-1;-1;-1;-1;-1;-1;-1;-1;0;0;25;75;100;0;50;100;50;0;0;4;2;Gwangju;Suwon;1.35;1.5;0;1;1;0.67;100;100;75;25;0;0;0;0;0;0;0;753;35;Y;Y;Y;Y;Y;Y;Y
216004;3839;3841;2013;complete;1316;10;-1;57,82;69;2;1;3;-1;-1;-1;-1;-1;3;3;0;0;-1;-1;-1;-1;-1;-1;-1;-1;-1;-1;3;3;0;0;0;0;0;0;0;0;0;0;0;0;0;0;0;0;0;0;0;0;0;0;0;0;0;0;0;0;0;0;0;0;0;0;0;0;0;0;0;0;0;0;0;0;0;0;0;0;0;0;0;0;0;0;0;0;0;0;0;0;0;0;0;0;0;0;0;0;3;0;0;2;1;3;0;2013-04-13 07:00:00;3839;0;100;0;75;0;-1;1;-1;-1;-1;-1;-1;-1;0;0;3;3;0;6;-1;0;0;0;0;0;0;0;1;0;1;0;0;0;1;1;0;0;-1;-1;0;0;-1;-1;-1;-1;-1;-1;-1;-1;-1;0;0;50;100;100;0;25;100;75;0;0;0.5;2.5;Sangju Sangmu;Gwangju;2.2;1.73;1;3;1.5;0.75;100;100;50;0;0;0;0;0;0;0;0;753;35;Y;Y;Y;N;N;N;Y
216005;3841;3851;2013;complete;1316;5;-1;90;89;1;1;2;-1;-1;-1;-1;-1;0;2;0;0;-1;-1;-1;-1;-1;-1;-1;-1;-1;-1;0;2;0;0;0;0;0;0;0;0;0;0;0;0;0;0;0;0;0;0;0;0;0;0;0;0;0;0;0;0;0;0;0;0;0;0;0;0;0;0;0;0;0;0;0;0;0;0;0;0;0;0;0;0;0;0;0;0;0;0;0;0;0;0;0;0;0;0;0;0;2;0;0;1;1;2;0;2013-04-20 05:00:00;-1;0;67;42;17;0;-1;1;-1;-1;-1;-1;-1;-1;0;1;0;1;1;1;-1;0;0;0;0;0;0;0;0;0;0;0;0;0;1;1;0;0;-1;-1;0;0;-1;-1;-1;-1;-1;-1;-1;-1;-1;17;42;59;84;100;42;84;100;59;0;0;3;3.34;Gwangju;Goyang Zaicro;1.35;1.2;0;0.5;0.6;0.5;84;59;42;17;0;0;0;0;0;0;0;753;35;Y;Y;N;N;N;N;Y
216006;3839;3849;2013;complete;1316;5;-1;61;16;1;1;2;-1;-1;-1;-1;-1;1;1;0;1;-1;-1;-1;-1;-1;-1;-1;-1;-1;-1;1;3;0;0;0;0;0;0;0;0;0;0;0;0;0;0;0;0;0;0;0;0;0;0;0;0;0;0;0;0;0;0;0;0;0;0;0;0;0;0;0;0;0;0;0;0;0;0;0;0;0;0;0;0;0;0;0;0;0;0;0;0;0;0;0;0;0;0;0;0;2;0;1;1;0;1;1;2013-04-20 07:00:00;-1;0;84;34;34;0;-1;1;-1;-1;-1;-1;-1;-1;1;1;0;1;2;1;-1;0;0;0;0;0;0;0;0;0;0;0;0;0;1;1;0;0;-1;-1;0;0;-1;-1;-1;-1;-1;-1;-1;-1;-1;0;17;67;100;100;34;50;84;67;0;0;2.83;2.83;Sangju Sangmu;Asan Mugunghwa;2.2;1.83;1.67;3;1.8;3;100;84;34;0;0;0;0;0;0;0;0;753;35;Y;Y;N;N;N;N;Y
216007;3843;3853;2013;complete;1316;5;-1;60;44,54;1;2;3;-1;-1;-1;-1;-1;1;3;0;0;-1;-1;-1;-1;-1;-1;-1;-1;-1;-1;1;3;0;0;0;0;0;0;0;0;0;0;0;0;0;0;0;0;0;0;0;0;0;0;0;0;0;0;0;0;0;0;0;0;0;0;0;0;0;0;0;0;0;0;0;0;0;0;0;0;0;0;0;0;0;0;0;0;0;0;0;0;0;0;0;0;0;0;0;0;3;0;1;1;1;2;1;2013-04-21 05:00:00;3853;0;50;0;50;0;-1;1;-1;-1;-1;-1;-1;-1;0;1;1;2;1;3;-1;0;0;0;0;0;0;0;0;0;0;0;0;0;1;1;0;0;-1;-1;0;0;-1;-1;-1;-1;-1;-1;-1;-1;-1;50;50;50;50;100;0;50;100;50;0;0;2;3;Suwon;Chungju;1.21;1;0;3;1.25;1;50;50;50;50;0;0;0;0;0;0;0;753;35;Y;Y;Y;N;N;N;Y
216008;3852;3848;2013;complete;1316;5;-1;8,45,78;;3;0;3;-1;-1;-1;-1;-1;2;5;0;0;-1;-1;-1;-1;-1;-1;-1;-1;-1;-1;2;5;0;0;0;0;0;0;0;0;0;0;0;0;0;0;0;0;0;0;0;0;0;0;0;0;0;0;0;0;0;0;0;0;0;0;0;0;0;0;0;0;0;0;0;0;0;0;0;0;0;0;0;0;0;0;0;0;0;0;0;0;0;0;0;0;0;0;0;0;3;2;0;1;0;1;2;2013-04-21 05:00:00;3852;0;75;25;50;0;-1;1;-1;-1;-1;-1;-1;-1;2;1;0;4;3;4;-1;0;0;0;0;0;0;0;1;0;1;0;0;0;1;1;1;0;-1;-1;0;0;-1;-1;-1;-1;-1;-1;-1;-1;-1;50;75;100;100;100;25;75;100;100;0;0;3.5;4.25;Bucheon 1995;Anyang;0.7;1.5;1.5;3;1.75;1.33;50;25;0;0;0;0;0;0;0;0;0;753;35;Y;Y;Y;N;N;N;N
216009;3853;3852;2013;complete;1316;6;-1;62;46,84;1;2;3;-1;-1;-1;-1;-1;1;3;0;1;-1;-1;-1;-1;-1;-1;-1;-1;-1;-1;1;4;0;0;0;0;0;0;0;0;0;0;0;0;0;0;0;0;0;0;0;0;0;0;0;0;0;0;0;0;0;0;0;0;0;0;0;0;0;0;0;0;0;0;0;0;0;0;0;0;0;0;0;0;0;0;0;0;0;0;0;0;0;0;0;0;0;0;0;0;3;0;0;1;2;3;0;2013-04-27 05:00:00;3852;0;84;17;42;0;-1;1;-1;-1;-1;-1;-1;-1;1;2;0;2;3;2;-1;0;0;0;0;0;0;0;0;0;0;0;0;0;1;1;0;0;-1;-1;1;1;-1;-1;-1;-1;-1;-1;-1;-1;-1;42;59;59;84;84;17;84;84;59;0;0;5;3.25;Chungju;Bucheon 1995;0.7;1.27;0.33;2;1.4;2;59;42;42;17;17;0;0;0;0;0;0;753;35;Y;Y;Y;N;N;N;Y
216010;3851;3839;2013;complete;1316;6;-1;73;64;1;1;2;-1;-1;-1;-1;-1;1;2;0;0;-1;-1;-1;-1;-1;-1;-1;-1;-1;-1;1;2;0;0;0;0;0;0;0;0;0;0;0;0;0;0;0;0;0;0;0;0;0;0;0;0;0;0;0;0;0;0;0;0;0;0;0;0;0;0;0;0;0;0;0;0;0;0;0;0;0;0;0;0;0;0;0;0;0;0;0;0;0;0;0;0;0;0;0;0;2;0;0;1;1;2;0;2013-04-27 07:00:00;-1;0;50;25;0;0;-1;1;-1;-1;-1;-1;-1;-1;0;2;1;0;2;1;-1;0;0;0;0;0;0;0;0;0;0;0;0;0;1;1;0;0;-1;-1;0;0;-1;-1;-1;-1;-1;-1;-1;-1;-1;0;0;50;75;75;25;75;50;25;0;0;3;2;Goyang Zaicro;Sangju Sangmu;1.15;2.2;0.5;2;0.6;1.67;100;100;50;25;25;0;0;0;0;0;0;753;35;Y;Y;N;N;N;N;Y
216011;3841;3849;2013;complete;1316;6;-1;;34,90;0;2;2;-1;-1;-1;-1;-1;2;2;0;1;-1;-1;-1;-1;-1;-1;-1;-1;-1;-1;2;4;0;0;0;0;0;0;0;0;0;0;0;0;0;0;0;0;0;0;0;0;0;0;0;0;0;0;0;0;0;0;0;0;0;0;0;0;0;0;0;0;0;0;0;0;0;0;0;0;0;0;0;0;0;0;0;0;0;0;0;0;0;0;0;0;0;0;0;0;2;0;1;0;1;1;1;2013-04-28 05:00:00;3849;0;63;38;25;0;-1;1;-1;-1;-1;-1;-1;-1;1;1;1;2;2;3;-1;0;0;0;0;0;0;0;0;0;0;0;0;0;1;1;0;0;-1;-1;0;0;-1;-1;-1;-1;-1;-1;-1;-1;-1;13;25;63;88;100;38;63;88;63;0;0;2.67;3.13;Gwangju;Asan Mugunghwa;1.35;1.83;0.25;2.5;0.67;2.5;88;75;38;13;0;0;0;0;0;0;0;753;35;Y;Y;N;N;N;N;N
216012;3848;3843;2013;complete;1316;6;-1;6,90;30,89;2;2;4;-1;-1;-1;-1;-1;0;2;0;1;-1;-1;-1;-1;-1;-1;-1;-1;-1;-1;0;4;0;0;0;0;0;0;0;0;0;0;0;0;0;0;0;0;0;0;0;0;0;0;0;0;0;0;0;0;0;0;0;0;0;0;0;0;0;0;0;0;0;0;0;0;0;0;0;0;0;0;0;0;0;0;0;0;0;0;0;0;0;0;0;0;0;0;0;0;4;1;1;1;1;2;2;2013-04-28 07:00:00;-1;0;100;17;59;0;-1;1;-1;-1;-1;-1;-1;-1;0;1;0;2;1;2;-1;0;0;0;0;0;0;0;1;0;1;0;0;0;1;1;1;0;-1;-1;0;0;-1;-1;-1;-1;-1;-1;-1;-1;-1;17;17;42;100;100;17;59;100;59;0;0;3.33;3.09;Anyang;Suwon;1.14;1.5;0.5;1.67;1;1;84;84;59;0;0;0;0;0;0;0;0;753;35;Y;Y;Y;Y;N;N;Y
216013;3851;3853;2013;complete;1316;7;-1;;;0;0;0;-1;-1;-1;-1;-1;2;1;0;0;-1;-1;-1;-1;-1;-1;-1;-1;-1;-1;2;1;0;0;0;0;0;0;0;0;0;0;0;0;0;0;0;0;0;0;0;0;0;0;0;0;0;0;0;0;0;0;0;0;0;0;0;0;0;0;0;0;0;0;0;0;0;0;0;0;0;0;0;0;0;0;0;0;0;0;0;0;0;0;0;0;0;0;0;0;0;0;0;0;0;0;0;2013-05-05 05:00:00;-1;0;75;17;42;0;-1;1;-1;-1;-1;-1;-1;-1;2;0;0;1;2;1;-1;0;0;0;0;0;0;0;0;0;0;0;0;0;1;1;0;0;-1;-1;0;0;-1;-1;-1;-1;-1;-1;-1;-1;-1;0;0;42;75;100;17;59;84;42;0;0;4;2.17;Goyang Zaicro;Chungju;1.15;1;0.67;3;0.67;1.17;100;100;59;25;0;0;0;0;0;0;0;753;35;N;N;N;N;N;N;N
216014;3852;3841;2013;complete;1316;7;-1;17;20,90;1;2;3;-1;-1;-1;-1;-1;1;2;0;0;-1;-1;-1;-1;-1;-1;-1;-1;-1;-1;1;2;0;0;0;0;0;0;0;0;0;0;0;0;0;0;0;0;0;0;0;0;0;0;0;0;0;0;0;0;0;0;0;0;0;0;0;0;0;0;0;0;0;0;0;0;0;0;0;0;0;0;0;0;0;0;0;0;0;0;0;0;0;0;0;0;0;0;0;0;3;1;1;0;1;1;2;2013-05-05 05:00:00;3841;0;67;17;50;0;-1;1;-1;-1;-1;-1;-1;-1;0;1;1;1;1;2;-1;0;0;0;0;0;0;0;0;0;0;0;0;0;1;1;0;0;-1;-1;0;1;-1;-1;-1;-1;-1;-1;-1;-1;-1;0;17;100;100;100;34;34;100;84;0;0;4.67;3.17;Bucheon 1995;Gwangju;0.7;1.73;2;1.5;2.17;0.57;100;84;0;0;0;0;0;0;0;0;0;753;35;Y;Y;Y;N;N;N;Y
216015;3843;3849;2013;complete;1316;7;-1;15;12,56;1;2;3;-1;-1;-1;-1;-1;2;2;0;1;-1;-1;-1;-1;-1;-1;-1;-1;-1;-1;2;3;0;0;0;0;0;0;0;0;0;0;0;0;0;0;0;0;0;0;0;0;0;0;0;0;0;0;0;0;0;0;0;0;0;0;0;0;0;0;0;0;0;0;0;0;0;0;0;0;0;0;0;0;0;0;0;0;0;0;0;0;0;0;0;0;0;0;0;0;3;1;1;0;1;1;2;2013-05-05 05:00:00;3849;0;80;20;50;0;-1;1;-1;-1;-1;-1;-1;-1;2;1;0;2;3;2;-1;0;0;0;0;0;0;0;0;0;0;0;0;0;1;1;0;0;-1;-1;1;0;-1;-1;-1;-1;-1;-1;-1;-1;-1;25;35;80;100;100;20;90;90;70;0;0;4;3.4;Suwon;Asan Mugunghwa;1.21;1.83;0;2.6;1;2.6;75;65;20;0;0;0;0;0;0;0;0;753;35;Y;Y;Y;N;N;N;Y
216016;3839;3848;2013;complete;1316;7;-1;21,24,90;;3;0;3;-1;-1;-1;-1;-1;1;0;0;0;-1;-1;-1;-1;-1;-1;-1;-1;-1;-1;1;0;0;0;0;0;0;0;0;0;0;0;0;0;0;0;0;0;0;0;0;0;0;0;0;0;0;0;0;0;0;0;0;0;0;0;0;0;0;0;0;0;0;0;0;0;0;0;0;0;0;0;0;0;0;0;0;0;0;0;0;0;0;0;0;0;0;0;0;0;3;2;0;1;0;1;2;2013-05-05 07:00:00;3839;0;75;0;50;0;-1;1;-1;-1;-1;-1;-1;-1;1;0;0;0;1;0;-1;0;0;0;0;0;0;0;0;0;0;0;0;0;1;1;0;0;-1;-1;0;0;-1;-1;-1;-1;-1;-1;-1;-1;-1;25;25;63;100;100;25;75;100;50;0;0;4.75;3.13;Sangju Sangmu;Anyang;2.2;1.5;1.5;1.5;1.57;1;75;75;38;0;0;0;0;0;0;0;0;753;35;Y;Y;Y;N;N;N;N
216017;3843;3851;2013;complete;1316;8;-1;;;0;0;0;-1;-1;-1;-1;-1;3;2;0;0;-1;-1;-1;-1;-1;-1;-1;-1;-1;-1;3;2;0;0;0;0;0;0;0;0;0;0;0;0;0;0;0;0;0;0;0;0;0;0;0;0;0;0;0;0;0;0;0;0;0;0;0;0;0;0;0;0;0;0;0;0;0;0;0;0;0;0;0;0;0;0;0;0;0;0;0;0;0;0;0;0;0;0;0;0;0;0;0;0;0;0;0;2013-05-11 07:00:00;-1;0;100;33;50;0;-1;1;-1;-1;-1;-1;-1;-1;1;1;2;1;2;3;-1;0;0;0;0;0;0;0;0;0;0;0;0;0;1;1;0;0;-1;-1;0;0;-1;-1;-1;-1;-1;-1;-1;-1;-1;17;33;67;100;100;33;84;100;67;0;0;3.67;3.17;Suwon;Goyang Zaicro;1.21;1.2;0;0.67;0.86;0.71;84;67;34;0;0;0;0;0;0;0;0;753;35;N;N;N;N;N;N;N
216018;3853;3849;2013;complete;1316;8;-1;51,57;16,55,74;2;3;5;-1;-1;-1;-1;-1;1;1;0;0;-1;-1;-1;-1;-1;-1;-1;-1;-1;-1;1;1;0;0;0;0;0;0;0;0;0;0;0;0;0;0;0;0;0;0;0;0;0;0;0;0;0;0;0;0;0;0;0;0;0;0;0;0;0;0;0;0;0;0;0;0;0;0;0;0;0;0;0;0;0;0;0;0;0;0;0;0;0;0;0;0;0;0;0;0;5;0;1;2;2;4;1;2013-05-12 05:00:00;3849;0;71;38;25;0;-1;1;-1;-1;-1;-1;-1;-1;0;0;1;1;0;2;-1;0;0;0;0;0;0;0;0;0;0;0;0;0;1;1;0;0;-1;-1;0;0;-1;-1;-1;-1;-1;-1;-1;-1;-1;13;34;71;88;88;38;67;79;54;0;0;4.35;2.92;Chungju;Asan Mugunghwa;0.7;1.83;0.25;2.67;1.14;2.67;88;67;29;13;13;0;0;0;0;0;0;753;35;Y;Y;Y;Y;Y;N;Y
216019;3852;3839;2013;complete;1316;8;-1;54,68;31,44;2;2;4;-1;-1;-1;-1;-1;2;2;0;1;-1;-1;-1;-1;-1;-1;-1;-1;-1;-1;2;4;0;0;0;0;0;0;0;0;0;0;0;0;0;0;0;0;0;0;0;0;0;0;0;0;0;0;0;0;0;0;0;0;0;0;0;0;0;0;0;0;0;0;0;0;0;0;0;0;0;0;0;0;0;0;0;0;0;0;0;0;0;0;0;0;0;0;0;0;4;0;2;2;0;2;2;2013-05-12 07:00:00;-1;0;42;25;17;0;-1;1;-1;-1;-1;-1;-1;-1;1;1;1;2;2;3;-1;0;0;0;0;0;0;0;1;1;1;1;0;0;1;1;0;0;-1;-1;0;0;-1;-1;-1;-1;-1;-1;-1;-1;-1;0;13;67;84;84;38;54;84;59;0;0;3.5;2.46;Bucheon 1995;Sangju Sangmu;0.7;2.2;1.5;1.67;1.86;1.75;100;88;34;17;17;0;0;0;0;0;0;753;35;Y;Y;Y;Y;N;N;Y
216020;3841;3848;2013;complete;1316;8;-1;65,90;13,37;2;2;4;-1;-1;-1;-1;-1;2;1;0;0;-1;-1;-1;-1;-1;-1;-1;-1;-1;-1;2;1;0;0;0;0;0;0;0;0;0;0;0;0;0;0;0;0;0;0;0;0;0;0;0;0;0;0;0;0;0;0;0;0;0;0;0;0;0;0;0;0;0;0;0;0;0;0;0;0;0;0;0;0;0;0;0;0;0;0;0;0;0;0;0;0;0;0;0;0;4;0;2;2;0;2;2;2013-05-13 10:00:00;-1;0;37;10;37;0;-1;1;-1;-1;-1;-1;-1;-1;0;1;2;0;1;2;-1;0;0;0;0;0;0;0;0;0;0;0;0;0;1;1;0;0;-1;-1;0;0;-1;-1;-1;-1;-1;-1;-1;-1;-1;27;27;70;90;100;44;80;100;47;0;0;3.33;3.34;Gwangju;Anyang;1.35;1.5;0.2;1;0.88;0.83;74;74;30;10;0;0;0;0;0;0;0;753;35;Y;Y;Y;Y;N;N;Y
216021;3848;3849;2013;complete;1316;9;-1;74;17,71;1;2;3;-1;-1;-1;-1;-1;1;2;0;0;-1;-1;-1;-1;-1;-1;-1;-1;-1;-1;1;2;0;0;0;0;0;0;0;0;0;0;0;0;0;0;0;0;0;0;0;0;0;0;0;0;0;0;0;0;0;0;0;0;0;0;0;0;0;0;0;0;0;0;0;0;0;0;0;0;0;0;0;0;0;0;0;0;0;0;0;0;0;0;0;0;0;0;0;0;3;0;1;1;1;2;1;2013-05-18 07:00:00;3849;0;86;38;41;0;-1;1;-1;-1;-1;-1;-1;-1;1;0;0;2;1;2;-1;0;0;0;0;0;0;0;0;0;0;0;0;0;1;1;0;0;-1;-1;0;0;-1;-1;-1;-1;-1;-1;-1;-1;-1;7;31;69;100;100;38;77;93;55;0;0;2.83;3.07;Anyang;Asan Mugunghwa;1.14;1.83;0.67;2.71;0.86;2.71;93;69;31;0;0;0;0;0;0;0;0;753;35;Y;Y;Y;N;N;N;Y
216022;3853;3841;2013;complete;1316;9;-1;58,78;54,69;2;2;4;-1;-1;-1;-1;-1;1;1;0;0;-1;-1;-1;-1;-1;-1;-1;-1;-1;-1;1;1;0;0;0;0;0;0;0;0;0;0;0;0;0;0;0;0;0;0;0;0;0;0;0;0;0;0;0;0;0;0;0;0;0;0;0;0;0;0;0;0;0;0;0;0;0;0;0;0;0;0;0;0;0;0;0;0;0;0;0;0;0;0;0;0;0;0;0;0;4;0;0;2;2;4;0;2013-05-19 05:00:00;-1;0;90;27;64;0;-1;1;-1;-1;-1;-1;-1;-1;0;1;1;0;1;1;-1;0;0;0;0;0;0;0;0;0;0;0;0;0;1;1;0;0;-1;-1;0;0;-1;-1;-1;-1;-1;-1;-1;-1;-1;20;30;90;90;90;27;47;90;74;0;0;4.1;3.2;Chungju;Gwangju;0.7;1.73;0.2;2;1;0.89;80;70;10;10;10;0;0;0;0;0;0;753;35;Y;Y;Y;Y;N;N;Y
216023;3851;3852;2013;complete;1316;9;-1;78,86;60,75;2;2;4;-1;-1;-1;-1;-1;3;2;0;0;-1;-1;-1;-1;-1;-1;-1;-1;-1;-1;3;2;0;0;0;0;0;0;0;0;0;0;0;0;0;0;0;0;0;0;0;0;0;0;0;0;0;0;0;0;0;0;0;0;0;0;0;0;0;0;0;0;0;0;0;0;0;0;0;0;0;0;0;0;0;0;0;0;0;0;0;0;0;0;0;0;0;0;0;0;4;0;0;2;2;4;0;2013-05-19 07:00:00;-1;0;88;13;46;0;-1;1;-1;-1;-1;-1;-1;-1;1;1;2;1;2;3;-1;0;0;0;0;0;0;0;1;0;1;0;0;0;1;1;0;0;-1;-1;0;0;-1;-1;-1;-1;-1;-1;-1;-1;-1;17;17;46;88;88;13;59;75;46;0;0;4.66;2.54;Goyang Zaicro;Bucheon 1995;1.15;1.27;0.75;2.33;0.75;1.75;84;84;54;13;13;0;0;0;0;0;0;753;35;Y;Y;Y;Y;N;N;Y
216024;3843;3839;2013;complete;1316;9;-1;54;6,86;1;2;3;-1;-1;-1;-1;-1;3;1;1;0;-1;-1;-1;-1;-1;-1;-1;-1;-1;-1;4;1;0;0;0;0;0;0;0;0;0;0;0;0;0;0;0;0;0;0;0;0;0;0;0;0;0;0;0;0;0;0;0;0;0;0;0;0;0;0;0;0;0;0;0;0;0;0;0;0;0;0;0;0;0;0;0;0;0;0;0;0;0;0;0;0;0;0;0;0;3;0;1;1;1;2;1;2013-05-20 10:30:00;3839;0;63;13;38;0;-1;1;-1;-1;-1;-1;-1;-1;2;0;2;1;2;3;-1;0;0;0;0;0;0;0;0;0;0;0;0;0;1;1;0;1;-1;-1;1;0;-1;-1;-1;-1;-1;-1;-1;-1;-1;13;25;63;75;75;25;63;75;63;0;0;4.5;2.5;Suwon;Sangju Sangmu;1.21;2.2;0.25;1.5;0.88;1.67;88;75;38;25;25;0;0;0;0;0;0;753;35;Y;Y;Y;N;N;N;Y
216025;3848;3853;2013;complete;1316;10;-1;13,85,89;;3;0;3;-1;-1;-1;-1;-1;2;3;0;1;-1;-1;-1;-1;-1;-1;-1;-1;-1;-1;2;4;0;0;0;0;0;0;0;0;0;0;0;0;0;0;0;0;0;0;0;0;0;0;0;0;0;0;0;0;0;0;0;0;0;0;0;0;0;0;0;0;0;0;0;0;0;0;0;0;0;0;0;0;0;0;0;0;0;0;0;0;0;0;0;0;0;0;0;0;3;1;0;2;0;2;1;2013-05-25 07:00:00;3848;0;67;13;54;0;-1;1;-1;-1;-1;-1;-1;-1;0;1;2;3;1;5;-1;0;0;0;0;0;0;0;0;0;0;0;0;0;1;1;0;0;-1;-1;0;0;-1;-1;-1;-1;-1;-1;-1;-1;-1;0;13;54;67;84;13;54;84;54;0;0;2.67;2.17;Anyang;Chungju;1.14;1;0.5;2.33;0.75;1;100;88;46;34;17;0;0;0;0;0;0;753;35;Y;Y;Y;N;N;N;N
216026;3852;3843;2013;complete;1316;10;-1;24,35,90;48,85,90;3;3;6;-1;-1;-1;-1;-1;1;0;0;1;-1;-1;-1;-1;-1;-1;-1;-1;-1;-1;1;2;0;0;0;0;0;0;0;0;0;0;0;0;0;0;0;0;0;0;0;0;0;0;0;0;0;0;0;0;0;0;0;0;0;0;0;0;0;0;0;0;0;0;0;0;0;0;0;0;0;0;0;0;0;0;0;0;0;0;0;0;0;0;0;0;0;0;0;0;6;2;0;1;3;4;2;2013-05-26 07:00:00;-1;0;80;45;38;0;-1;1;-1;-1;-1;-1;-1;-1;0;1;1;0;1;1;-1;0;0;0;0;0;0;0;1;0;1;0;0;0;1;1;0;0;-1;-1;0;0;-1;-1;-1;-1;-1;-1;-1;-1;-1;13;45;75;100;100;65;78;100;68;0;0;4.35;3.58;Bucheon 1995;Suwon;0.7;1.5;1.4;1.5;1.67;0.78;88;55;25;0;0;0;0;0;0;0;0;753;35;Y;Y;Y;Y;Y;Y;Y
216027;3851;3849;2013;complete;1316;10;-1;;55,82;0;2;2;-1;-1;-1;-1;-1;1;3;0;0;-1;-1;-1;-1;-1;-1;-1;-1;-1;-1;1;3;0;0;0;0;0;0;0;0;0;0;0;0;0;0;0;0;0;0;0;0;0;0;0;0;0;0;0;0;0;0;0;0;0;0;0;0;0;0;0;0;0;0;0;0;0;0;0;0;0;0;0;0;0;0;0;0;0;0;0;0;0;0;0;0;0;0;0;0;2;0;0;0;2;2;0;2013-05-27 11:00:00;3849;0;78;29;33;0;-1;1;-1;-1;-1;-1;-1;-1;0;1;1;2;1;3;-1;0;0;0;0;0;0;0;0;0;0;0;0;0;1;1;0;0;-1;-1;0;0;-1;-1;-1;-1;-1;-1;-1;-1;-1;7;23;58;90;90;29;64;74;45;0;0;4.04;2.67;Goyang Zaicro;Asan Mugunghwa;1.15;1.83;0.8;2.75;0.78;2.75;94;78;43;10;10;0;0;0;0;0;0;753;35;Y;Y;N;N;N;N;N
216028;3843;3841;2013;complete;1316;11;-1;31;55,73;1;2;3;-1;-1;-1;-1;-1;1;2;0;0;-1;-1;-1;-1;-1;-1;-1;-1;-1;-1;1;2;0;0;0;0;0;0;0;0;0;0;0;0;0;0;0;0;0;0;0;0;0;0;0;0;0;0;0;0;0;0;0;0;0;0;0;0;0;0;0;0;0;0;0;0;0;0;0;0;0;0;0;0;0;0;0;0;0;0;0;0;0;0;0;0;0;0;0;0;3;1;0;0;2;2;1;2013-06-01 10:00:00;3841;0;90;23;68;0;-1;1;-1;-1;-1;-1;-1;-1;1;2;0;0;3;0;-1;0;0;0;0;0;0;0;0;0;0;0;0;0;1;1;0;0;-1;-1;0;0;-1;-1;-1;-1;-1;-1;-1;-1;-1;10;23;90;90;90;23;53;90;68;0;0;4.4;3.03;Suwon;Gwangju;1.21;1.73;0.2;1.75;0.8;0.9;90;78;10;10;10;0;0;0;0;0;0;753;35;Y;Y;Y;N;N;N;Y
216029;3839;3849;2013;complete;1316;11;-1;17,25,78;82;3;1;4;-1;-1;-1;-1;-1;0;2;0;0;-1;-1;-1;-1;-1;-1;-1;-1;-1;-1;0;2;0;0;0;0;0;0;0;0;0;0;0;0;0;0;0;0;0;0;0;0;0;0;0;0;0;0;0;0;0;0;0;0;0;0;0;0;0;0;0;0;0;0;0;0;0;0;0;0;0;0;0;0;0;0;0;0;0;0;0;0;0;0;0;0;0;0;0;0;4;2;0;1;1;2;2;2013-06-01 10:30:00;3839;0;74;17;31;0;-1;1;-1;-1;-1;-1;-1;-1;0;1;0;1;1;1;-1;0;0;0;0;0;0;0;0;0;0;0;0;0;1;1;0;0;-1;-1;0;0;-1;-1;-1;-1;-1;-1;-1;-1;-1;6;11;54;100;100;27;69;95;48;0;0;3.58;2.7;Sangju Sangmu;Asan Mugunghwa;2.2;1.83;1.8;2.78;1.8;2.78;95;89;47;0;0;0;0;0;0;0;0;753;35;Y;Y;Y;Y;N;N;Y
216030;3851;3848;2013;complete;1316;11;-1;8,85;74;2;1;3;-1;-1;-1;-1;-1;2;2;0;0;-1;-1;-1;-1;-1;-1;-1;-1;-1;-1;2;2;0;0;0;0;0;0;0;0;0;0;0;0;0;0;0;0;0;0;0;0;0;0;0;0;0;0;0;0;0;0;0;0;0;0;0;0;0;0;0;0;0;0;0;0;0;0;0;0;0;0;0;0;0;0;0;0;0;0;0;0;0;0;0;0;0;0;0;0;3;1;0;1;1;2;1;2013-06-02 10:00:00;3851;0;59;9;29;0;-1;1;-1;-1;-1;-1;-1;-1;1;1;1;1;2;2;-1;0;0;0;0;0;0;0;0;0;0;0;0;0;1;1;1;0;-1;-1;0;0;-1;-1;-1;-1;-1;-1;-1;-1;-1;13;34;67;92;92;46;67;84;50;0;0;3.6;2.96;Goyang Zaicro;Anyang;1.15;1.5;0.67;1;0.7;1;88;67;34;9;9;0;0;0;0;0;0;753;35;Y;Y;Y;N;N;N;Y
216031;3852;3853;2013;complete;1316;11;-1;86;;1;0;1;-1;-1;-1;-1;-1;2;4;0;0;-1;-1;-1;-1;-1;-1;-1;-1;-1;-1;2;4;0;0;0;0;0;0;0;0;0;0;0;0;0;0;0;0;0;0;0;0;0;0;0;0;0;0;0;0;0;0;0;0;0;0;0;0;0;0;0;0;0;0;0;0;0;0;0;0;0;0;0;0;0;0;0;0;0;0;0;0;0;0;0;0;0;0;0;0;1;0;0;1;0;1;0;2013-06-02 10:00:00;3852;0;46;17;21;0;-1;1;-1;-1;-1;-1;-1;-1;1;2;1;2;3;3;-1;0;0;0;0;0;0;0;0;0;0;0;0;0;1;1;0;0;-1;-1;0;0;-1;-1;-1;-1;-1;-1;-1;-1;-1;9;25;75;75;88;42;67;88;59;0;0;4.17;2.79;Bucheon 1995;Chungju;0.7;1;1.33;1.75;1.6;0.9;92;75;25;25;13;0;0;0;0;0;0;753;35;Y;N;N;N;N;N;N
216032;3843;3849;2013;complete;1316;12;-1;22,26,83;;3;0;3;-1;-1;-1;-1;-1;4;3;0;0;-1;-1;-1;-1;-1;-1;-1;-1;-1;-1;4;3;0;0;0;0;0;0;0;0;0;0;0;0;0;0;0;0;0;0;0;0;0;0;0;0;0;0;0;0;0;0;0;0;0;0;0;0;0;0;0;0;0;0;0;0;0;0;0;0;0;0;0;0;0;0;0;0;0;0;0;0;0;0;0;0;0;0;0;0;3;2;0;1;0;1;2;2013-06-06 05:00:00;3843;0;77;24;40;0;-1;1;-1;-1;-1;-1;-1;-1;2;2;2;1;4;3;-1;0;0;0;0;0;0;0;0;0;0;0;0;0;1;1;0;0;-1;-1;0;0;-1;-1;-1;-1;-1;-1;-1;-1;-1;14;24;77;92;92;29;82;87;64;0;0;4.5;2.97;Suwon;Asan Mugunghwa;1.21;1.83;0.17;2.5;0.73;2.5;87;77;24;9;9;0;0;0;0;0;0;753;35;Y;Y;Y;N;N;N;N
216033;3841;3852;2013;complete;1316;12;-1;73;90;1;1;2;-1;-1;-1;-1;-1;2;0;0;0;-1;-1;-1;-1;-1;-1;-1;-1;-1;-1;2;0;0;0;0;0;0;0;0;0;0;0;0;0;0;0;0;0;0;0;0;0;0;0;0;0;0;0;0;0;0;0;0;0;0;0;0;0;0;0;0;0;0;0;0;0;0;0;0;0;0;0;0;0;0;0;0;0;0;0;0;0;0;0;0;0;0;0;0;0;2;0;0;1;1;2;0;2013-06-06 05:00:00;-1;0;75;9;54;0;-1;1;-1;-1;-1;-1;-1;-1;1;0;1;0;1;1;-1;0;0;0;0;0;0;0;0;0;0;0;0;0;1;1;0;0;-1;-1;1;0;-1;-1;-1;-1;-1;-1;-1;-1;-1;21;42;63;92;100;17;59;100;71;0;0;4.2;3.34;Gwangju;Bucheon 1995;1.35;1.27;0.33;2;1.09;1.73;79;59;38;9;0;0;0;0;0;0;0;753;35;Y;Y;N;N;N;N;Y
216034;3853;3851;2013;complete;1316;12;-1;75;3,90,90;1;3;4;-1;-1;-1;-1;-1;1;2;0;0;-1;-1;-1;-1;-1;-1;-1;-1;-1;-1;1;2;0;0;0;0;0;0;0;0;0;0;0;0;0;0;0;0;0;0;0;0;0;0;0;0;0;0;0;0;0;0;0;0;0;0;0;0;0;0;0;0;0;0;0;0;0;0;0;0;0;0;0;0;0;0;0;0;0;0;0;0;0;0;0;0;0;0;0;0;4;0;1;1;2;3;1;2013-06-06 07:00:00;3851;0;79;21;46;0;-1;1;-1;-1;-1;-1;-1;-1;0;1;1;1;1;2;-1;0;0;0;0;0;0;0;1;0;1;0;0;0;1;1;0;1;-1;-1;0;1;-1;-1;-1;-1;-1;-1;-1;-1;-1;17;46;54;79;79;21;50;79;67;0;0;3.5;2.75;Chungju;Goyang Zaicro;0.7;1.2;0.33;0.75;0.82;0.91;84;54;46;21;21;0;0;0;0;0;0;753;35;Y;Y;Y;Y;N;N;Y
216035;3848;3839;2013;complete;1316;12;-1;4,90;2;2;1;3;-1;-1;-1;-1;-1;2;1;0;0;-1;-1;-1;-1;-1;-1;-1;-1;-1;-1;2;1;0;0;0;0;0;0;0;0;0;0;0;0;0;0;0;0;0;0;0;0;0;0;0;0;0;0;0;0;0;0;0;0;0;0;0;0;0;0;0;0;0;0;0;0;0;0;0;0;0;0;0;0;0;0;0;0;0;0;0;0;0;0;0;0;0;0;0;0;3;1;1;1;0;1;2;2013-06-06 07:00:00;3848;0;70;10;50;0;-1;1;-1;-1;-1;-1;-1;-1;2;1;0;0;3;0;-1;0;0;0;0;0;0;0;0;0;0;0;0;0;1;1;1;1;-1;-1;0;0;-1;-1;-1;-1;-1;-1;-1;-1;-1;0;20;70;90;90;20;70;90;80;0;0;3.2;2.7;Anyang;Sangju Sangmu;1.14;2.2;1;1.8;0.9;1.91;100;80;30;10;10;0;0;0;0;0;0;753;35;Y;Y;Y;N;N;N;Y
216036;3853;3843;2013;complete;1316;13;-1;;80;0;1;1;-1;-1;-1;-1;-1;2;0;0;0;-1;-1;-1;-1;-1;-1;-1;-1;-1;-1;2;0;0;0;0;0;0;0;0;0;0;0;0;0;0;0;0;0;0;0;0;0;0;0;0;0;0;0;0;0;0;0;0;0;0;0;0;0;0;0;0;0;0;0;0;0;0;0;0;0;0;0;0;0;0;0;0;0;0;0;0;0;0;0;0;0;0;0;0;0;1;0;0;0;1;1;0;2013-06-09 10:00:00;3843;0;93;27;76;0;-1;1;-1;-1;-1;-1;-1;-1;1;0;1;0;1;1;-1;0;0;0;0;0;0;0;0;0;0;0;0;0;1;1;0;0;-1;-1;0;0;-1;-1;-1;-1;-1;-1;-1;-1;-1;35;66;73;93;93;37;69;93;83;0;0;4.03;3.89;Chungju;Suwon;0.7;1.5;0.29;1.4;0.75;0.92;66;35;27;7;7;0;0;0;0;0;0;753;35;Y;N;N;N;N;N;N
216037;3841;3849;2013;complete;1316;13;-1;25;;1;0;1;-1;-1;-1;-1;-1;2;1;0;0;-1;-1;-1;-1;-1;-1;-1;-1;-1;-1;2;1;0;0;0;0;0;0;0;0;0;0;0;0;0;0;0;0;0;0;0;0;0;0;0;0;0;0;0;0;0;0;0;0;0;0;0;0;0;0;0;0;0;0;0;0;0;0;0;0;0;0;0;0;0;0;0;0;0;0;0;0;0;0;0;0;0;0;0;0;1;1;0;0;0;0;1;2013-06-09 10:00:00;3841;0;61;21;35;0;-1;1;-1;-1;-1;-1;-1;-1;1;0;1;1;1;2;-1;0;0;0;0;0;0;0;0;0;0;0;0;0;1;1;0;0;-1;-1;0;0;-1;-1;-1;-1;-1;-1;-1;-1;-1;12;28;58;93;100;37;70;96;63;0;0;3.73;3.05;Gwangju;Asan Mugunghwa;1.35;1.83;0.43;2.27;1.08;2.27;89;72;42;7;0;0;0;0;0;0;0;753;35;Y;N;N;N;N;N;N
216038;3839;3851;2013;complete;1316;13;-1;62,90;23;2;1;3;-1;-1;-1;-1;-1;0;1;0;0;-1;-1;-1;-1;-1;-1;-1;-1;-1;-1;0;1;0;0;0;0;0;0;0;0;0;0;0;0;0;0;0;0;0;0;0;0;0;0;0;0;0;0;0;0;0;0;0;0;0;0;0;0;0;0;0;0;0;0;0;0;0;0;0;0;0;0;0;0;0;0;0;0;0;0;0;0;0;0;0;0;0;0;0;0;3;0;1;2;0;2;1;2013-06-09 10:30:00;3839;0;82;10;45;0;-1;1;-1;-1;-1;-1;-1;-1;0;0;0;1;0;1;-1;0;0;0;0;0;0;0;0;0;0;0;0;0;1;1;0;0;-1;-1;0;0;-1;-1;-1;-1;-1;-1;-1;-1;-1;0;29;45;90;90;27;64;90;55;0;0;3;2.54;Sangju Sangmu;Goyang Zaicro;2.2;1.2;2;1.2;1.75;1.08;100;72;55;10;10;0;0;0;0;0;0;753;35;Y;Y;Y;N;N;N;Y
216039;3848;3852;2013;complete;1316;13;-1;62,86,90;57;3;1;4;-1;-1;-1;-1;-1;2;2;0;0;-1;-1;-1;-1;-1;-1;-1;-1;-1;-1;2;2;0;0;0;0;0;0;0;0;0;0;0;0;0;0;0;0;0;0;0;0;0;0;0;0;0;0;0;0;0;0;0;0;0;0;0;0;0;0;0;0;0;0;0;0;0;0;0;0;0;0;0;0;0;0;0;0;0;0;0;0;0;0;0;0;0;0;0;0;4;0;0;3;1;4;0;2013-06-10 11:00:00;3848;0;92;17;65;0;-1;1;-1;-1;-1;-1;-1;-1;1;1;1;1;2;2;-1;0;0;0;0;0;0;0;0;0;0;0;0;0;1;1;0;0;-1;-1;0;0;-1;-1;-1;-1;-1;-1;-1;-1;-1;10;29;72;100;100;17;62;100;74;0;0;3.6;3.1;Anyang;Bucheon 1995;1.14;1.27;1.33;1.8;1.09;1.67;90;72;29;0;0;0;0;0;0;0;0;753;35;Y;Y;Y;Y;N;N;Y
216040;3852;3849;2013;complete;1316;14;-1;35;60,69,85;1;3;4;3;3;6;2;3;2;4;0;0;8;7;9;8;17;15;18;18;49;51;2;4;0;0;0;0;0;0;0;0;0;0;0;0;0;0;0;0;0;0;0;0;0;0;0;0;0;0;0;0;0;0;0;0;0;0;0;0;0;0;0;0;0;0;0;0;0;0;0;0;0;0;0;0;0;0;0;0;0;0;0;0;0;0;0;0;0;0;0;0;4;1;0;0;3;3;1;2013-06-15 10:00:00;3849;0;58;27;20;0;-1;1;-1;-1;-1;-1;-1;-1;0;3;2;1;3;3;-1;0;0;0;0;0;0;0;1;0;1;0;0;0;1;1;0;0;-1;-1;0;1;-1;-1;-1;-1;-1;-1;-1;-1;-1;11;34;77;89;100;57;77;92;54;0;0;3.84;3.18;Bucheon 1995;Asan Mugunghwa;0.7;1.83;1.57;2.08;1.54;2.08;89;66;24;11;0;0;0;0;0;0;0;753;35;Y;Y;Y;Y;N;N;Y
216041;3843;3848;2013;complete;1316;14;-1;15,36;49,65,86;2;3;5;-1;-1;-1;-1;-1;1;1;0;0;-1;-1;-1;-1;-1;-1;-1;-1;-1;-1;1;1;0;0;0;0;0;0;0;0;0;0;0;0;0;0;0;0;0;0;0;0;0;0;0;0;0;0;0;0;0;0;0;0;0;0;0;0;0;0;0;0;0;0;0;0;0;0;0;0;0;0;0;0;0;0;0;0;0;0;0;0;0;0;0;0;0;0;0;0;5;2;0;0;3;3;2;2013-06-16 10:00:00;3848;0;66;7;42;0;-1;1;-1;-1;-1;-1;-1;-1;1;0;0;1;1;1;-1;0;0;0;0;0;0;0;0;0;0;0;0;0;1;1;0;0;-1;-1;0;0;-1;-1;-1;-1;-1;-1;-1;-1;-1;17;27;93;93;93;45;93;93;59;0;0;4.43;3.23;Suwon;Anyang;1.21;1.5;0.57;0.8;1.08;1.25;83;73;7;7;7;0;0;0;0;0;0;753;35;Y;Y;Y;Y;Y;N;Y
216042;3851;3841;2013;complete;1316;14;-1;;45;0;1;1;-1;-1;-1;-1;-1;3;1;0;0;-1;-1;-1;-1;-1;-1;-1;-1;-1;-1;3;1;0;0;0;0;0;0;0;0;0;0;0;0;0;0;0;0;0;0;0;0;0;0;0;0;0;0;0;0;0;0;0;0;0;0;0;0;0;0;0;0;0;0;0;0;0;0;0;0;0;0;0;0;0;0;0;0;0;0;0;0;0;0;0;0;0;0;0;0;1;0;1;0;0;0;1;2013-06-16 10:00:00;3841;0;86;17;52;0;-1;1;-1;-1;-1;-1;-1;-1;2;0;1;1;2;2;-1;0;0;0;0;0;0;0;0;0;0;0;0;0;1;1;0;0;-1;-1;0;0;-1;-1;-1;-1;-1;-1;-1;-1;-1;0;17;72;93;93;17;42;86;69;0;0;3.67;2.75;Goyang Zaicro;Gwangju;1.15;1.73;1;2;1;1.23;100;83;29;7;7;0;0;0;0;0;0;753;35;Y;N;N;N;N;N;N
216043;3839;3853;2013;complete;1316;14;-1;54,71;;2;0;2;-1;-1;-1;-1;-1;1;2;0;0;-1;-1;-1;-1;-1;-1;-1;-1;-1;-1;1;2;0;0;0;0;0;0;0;0;0;0;0;0;0;0;0;0;0;0;0;0;0;0;0;0;0;0;0;0;0;0;0;0;0;0;0;0;0;0;0;0;0;0;0;0;0;0;0;0;0;0;0;0;0;0;0;0;0;0;0;0;0;0;0;0;0;0;0;0;2;0;0;2;0;2;0;2013-06-17 10:30:00;3839;0;53;0;32;0;-1;1;-1;-1;-1;-1;-1;-1;1;0;0;2;1;2;-1;0;0;0;0;0;0;0;0;0;0;0;0;0;1;1;0;0;-1;-1;0;0;-1;-1;-1;-1;-1;-1;-1;-1;-1;0;7;49;70;90;15;56;90;49;0;0;3.86;2.16;Sangju Sangmu;Chungju;2.2;1;2.14;1.4;1.85;0.69;100;93;52;30;10;0;0;0;0;0;0;753;35;Y;Y;N;N;N;N;N
216044;3853;3852;2013;complete;1316;15;-1;20,55,59;;3;0;3;-1;-1;-1;-1;-1;3;3;0;0;-1;-1;-1;-1;-1;-1;-1;-1;-1;-1;3;3;0;0;0;0;0;0;0;0;0;0;0;0;0;0;0;0;0;0;0;0;0;0;0;0;0;0;0;0;0;0;0;0;0;0;0;0;0;0;0;0;0;0;0;0;0;0;0;0;0;0;0;0;0;0;0;0;0;0;0;0;0;0;0;0;0;0;0;0;3;1;0;2;0;2;1;2013-06-29 10:00:00;3853;0;88;7;73;0;-1;1;-1;-1;-1;-1;-1;-1;1;0;2;3;1;5;-1;0;0;0;0;0;0;0;0;0;0;0;0;0;1;1;0;0;-1;-1;0;0;-1;-1;-1;-1;-1;-1;-1;-1;-1;21;57;71;88;94;7;42;94;79;0;0;3.83;3.29;Chungju;Bucheon 1995;0.7;1.27;0.25;1.5;0.64;1.43;79;44;29;13;7;0;0;0;0;0;0;753;35;Y;Y;Y;N;N;N;N
216045;3841;3839;2013;complete;1316;15;-1;30;7,18;1;2;3;-1;-1;-1;-1;-1;1;2;0;1;-1;-1;-1;-1;-1;-1;-1;-1;-1;-1;1;4;0;0;0;0;0;0;0;0;0;0;0;0;0;0;0;0;0;0;0;0;0;0;0;0;0;0;0;0;0;0;0;0;0;0;0;0;0;0;0;0;0;0;0;0;0;0;0;0;0;0;0;0;0;0;0;0;0;0;0;0;0;0;0;0;0;0;0;0;3;1;2;0;0;0;3;2013-06-30 10:00:00;3839;0;59;15;36;0;-1;1;-1;-1;-1;-1;-1;-1;0;1;1;2;1;3;-1;0;0;0;0;0;0;0;1;0;1;0;0;0;1;1;0;1;-1;-1;0;0;-1;-1;-1;-1;-1;-1;-1;-1;-1;7;21;53;79;92;29;65;86;65;0;0;3.43;2.63;Gwangju;Sangju Sangmu;1.35;2.2;0.75;1.5;1.36;1.93;94;79;48;21;9;0;0;0;0;0;0;753;35;Y;Y;Y;N;N;N;Y
216046;3848;3849;2013;complete;1316;15;-1;;90;0;1;1;-1;-1;-1;-1;-1;1;1;0;0;-1;-1;-1;-1;-1;-1;-1;-1;-1;-1;1;1;0;0;0;0;0;0;0;0;0;0;0;0;0;0;0;0;0;0;0;0;0;0;0;0;0;0;0;0;0;0;0;0;0;0;0;0;0;0;0;0;0;0;0;0;0;0;0;0;0;0;0;0;0;0;0;0;0;0;0;0;0;0;0;0;0;0;0;0;1;0;0;0;1;1;0;2013-06-30 10:00:00;3849;0;74;26;40;0;-1;1;-1;-1;-1;-1;-1;-1;0;1;1;0;1;1;-1;0;0;0;0;0;0;0;0;0;0;0;0;0;1;1;0;0;-1;-1;0;1;-1;-1;-1;-1;-1;-1;-1;-1;-1;4;30;78;96;100;34;78;93;63;3;0;3.75;3.07;Anyang;Asan Mugunghwa;1.14;1.83;1.57;2.15;1.38;2.15;96;70;23;4;0;0;0;0;0;0;0;753;35;Y;N;N;N;N;N;N
216047;3851;3843;2013;complete;1316;15;-1;13;2,77;1;2;3;2;6;8;3;2;0;3;0;0;3;5;5;5;8;10;15;17;49;51;0;3;0;0;0;0;0;0;0;0;0;0;0;0;0;0;0;0;0;0;0;0;0;0;0;0;0;0;0;0;0;0;0;0;0;0;0;0;0;0;0;0;0;0;0;0;0;0;0;0;0;0;0;0;0;0;0;0;0;0;0;0;0;0;0;0;0;0;0;0;3;1;1;0;1;1;2;2013-07-01 11:00:00;3843;0;73;23;53;0;-1;1;-1;-1;-1;-1;-1;-1;0;2;0;1;2;1;-1;0;0;0;0;0;0;0;0;0;0;0;0;0;1;1;0;1;-1;-1;0;0;-1;-1;-1;-1;-1;-1;-1;-1;-1;17;32;44;79;94;32;59;82;59;0;0;4.03;2.9;Goyang Zaicro;Suwon;1.15;1.5;0.88;1.67;0.93;1;84;69;57;21;7;0;0;0;0;0;0;753;35;Y;Y;Y;N;N;N;Y
216048;3841;3853;2013;complete;1316;16;-1;60,63;;2;0;2;-1;-1;-1;-1;-1;2;0;0;0;-1;-1;-1;-1;-1;-1;-1;-1;-1;-1;2;0;0;0;0;0;0;0;0;0;0;0;0;0;0;0;0;0;0;0;0;0;0;0;0;0;0;0;0;0;0;0;0;0;0;0;0;0;0;0;0;0;0;0;0;0;0;0;0;0;0;0;0;0;0;0;0;0;0;0;0;0;0;0;0;0;0;0;0;0;2;0;0;2;0;2;0;2013-07-06 10:00:00;3841;0;37;11;25;0;-1;1;-1;-1;-1;-1;-1;-1;0;0;2;0;0;2;-1;0;0;0;0;0;0;0;0;0;0;0;0;0;1;1;0;0;-1;-1;0;0;-1;-1;-1;-1;-1;-1;-1;-1;-1;6;11;39;64;92;17;50;81;53;0;0;4.18;2.23;Gwangju;Chungju;1.35;1;0.67;1.17;1.27;0.8;95;89;62;36;9;0;0;0;0;0;0;753;35;Y;Y;N;N;N;N;N
216049;3843;3849;2013;complete;1316;16;-1;55,57;6,22,72;2;3;5;3;4;7;9;0;1;1;0;0;0;5;6;9;6;14;14;18;52;48;1;1;0;0;0;0;0;0;0;0;0;0;0;0;0;0;0;0;0;0;0;0;0;0;0;0;0;0;0;0;0;0;0;0;0;0;0;0;0;0;0;0;0;0;0;0;0;0;0;0;0;0;0;0;0;0;0;0;0;0;0;0;0;0;0;0;0;0;0;0;5;0;2;2;1;3;2;2013-07-06 10:00:00;3849;0;66;17;30;0;-1;1;-1;-1;-1;-1;-1;-1;0;1;1;0;1;1;-1;0;0;0;0;0;0;0;0;0;0;0;0;0;1;1;0;1;-1;-1;0;0;-1;-1;-1;-1;-1;-1;-1;-1;-1;16;27;76;87;94;37;84;87;57;3;0;4.56;3;Suwon;Asan Mugunghwa;1.21;1.83;0.5;2.21;1.13;2.21;84;73;25;14;7;0;0;0;0;0;0;753;35;Y;Y;Y;Y;Y;N;Y
216050;3848;3851;2013;complete;1316;16;-1;80;;1;0;1;-1;-1;-1;-1;-1;0;2;0;0;-1;-1;-1;-1;-1;-1;-1;-1;-1;-1;0;2;0;0;0;0;0;0;0;0;0;0;0;0;0;0;0;0;0;0;0;0;0;0;0;0;0;0;0;0;0;0;0;0;0;0;0;0;0;0;0;0;0;0;0;0;0;0;0;0;0;0;0;0;0;0;0;0;0;0;0;0;0;0;0;0;0;0;0;0;1;0;0;1;0;1;0;2013-07-07 10:00:00;3848;0;79;21;42;0;-1;1;-1;-1;-1;-1;-1;-1;0;2;0;0;2;0;-1;0;0;0;0;0;0;0;0;0;0;0;0;0;1;1;0;0;-1;-1;0;0;-1;-1;-1;-1;-1;-1;-1;-1;-1;0;29;63;86;92;21;65;92;65;0;0;3.12;2.69;Anyang;Goyang Zaicro;1.14;1.2;1.38;1;1.29;0.87;100;71;38;15;9;0;0;0;0;0;0;753;35;Y;N;N;N;N;N;N
216051;3839;3852;2013;complete;1316;16;-1;53,85;;2;0;2;-1;-1;-1;-1;-1;0;1;0;0;-1;-1;-1;-1;-1;-1;-1;-1;-1;-1;0;1;0;0;0;0;0;0;0;0;0;0;0;0;0;0;0;0;0;0;0;0;0;0;0;0;0;0;0;0;0;0;0;0;0;0;0;0;0;0;0;0;0;0;0;0;0;0;0;0;0;0;0;0;0;0;0;0;0;0;0;0;0;0;0;0;0;0;0;0;2;0;0;2;0;2;0;2013-07-07 10:30:00;3839;0;81;0;55;0;-1;1;-1;-1;-1;-1;-1;-1;0;1;0;0;1;0;-1;0;0;0;0;0;0;0;0;0;0;0;0;0;1;1;0;0;-1;-1;0;0;-1;-1;-1;-1;-1;-1;-1;-1;-1;7;28;61;100;100;13;53;100;75;0;0;3.31;2.96;Sangju Sangmu;Bucheon 1995;2.2;1.27;2.25;1.29;2;1.33;93;73;40;0;0;0;0;0;0;0;0;753;35;Y;Y;N;N;N;N;N
216052;3851;3849;2013;complete;1316;17;-1;;1,16,20,40,52,57,90,90;0;8;8;-1;-1;-1;-1;-1;2;2;0;0;-1;-1;-1;-1;-1;-1;-1;-1;-1;-1;2;2;0;0;0;0;0;0;0;0;0;0;0;0;0;0;0;0;0;0;0;0;0;0;0;0;0;0;0;0;0;0;0;0;0;0;0;0;0;0;0;0;0;0;0;0;0;0;0;0;0;0;0;0;0;0;0;0;0;0;0;0;0;0;0;0;0;0;0;0;8;0;4;0;4;4;4;2013-07-13 10:00:00;3849;0;64;21;30;0;-1;1;-1;-1;-1;-1;-1;-1;0;0;2;2;0;4;-1;0;0;0;0;0;0;0;0;0;0;0;0;0;1;1;0;1;-1;-1;0;0;-1;-1;-1;-1;-1;-1;-1;-1;-1;7;22;56;83;95;31;68;77;49;5.5;0;3.84;2.61;Goyang Zaicro;Asan Mugunghwa;1.15;1.83;0.78;2.27;0.81;2.27;94;78;45;18;6;0;0;0;0;0;0;753;35;Y;Y;Y;Y;Y;Y;N
216053;3843;3853;2013;complete;1316;17;-1;21,46,90;;3;0;3;-1;-1;-1;-1;-1;1;2;0;0;-1;-1;-1;-1;-1;-1;-1;-1;-1;-1;1;2;0;0;0;0;0;0;0;0;0;0;0;0;0;0;0;0;0;0;0;0;0;0;0;0;0;0;0;0;0;0;0;0;0;0;0;0;0;0;0;0;0;0;0;0;0;0;0;0;0;0;0;0;0;0;0;0;0;0;0;0;0;0;0;0;0;0;0;0;3;1;0;2;0;2;1;2013-07-14 10:00:00;3843;0;46;6;29;0;-1;1;-1;-1;-1;-1;-1;-1;1;1;0;1;2;1;-1;0;0;0;0;0;0;0;0;0;0;0;0;0;1;1;0;0;-1;-1;0;0;-1;-1;-1;-1;-1;-1;-1;-1;-1;17;17;59;73;88;22;59;88;62;3;0;4.44;2.52;Suwon;Chungju;1.21;1;0.44;1;1.06;0.75;84;84;41;27;13;0;0;0;0;0;0;753;35;Y;Y;Y;N;N;N;N
216054;3839;3848;2013;complete;1316;17;-1;34,39;10,90;2;2;4;-1;-1;-1;-1;-1;0;1;0;0;-1;-1;-1;-1;-1;-1;-1;-1;-1;-1;0;1;0;0;0;0;0;0;0;0;0;0;0;0;0;0;0;0;0;0;0;0;0;0;0;0;0;0;0;0;0;0;0;0;0;0;0;0;0;0;0;0;0;0;0;0;0;0;0;0;0;0;0;0;0;0;0;0;0;0;0;0;0;0;0;0;0;0;0;0;4;2;1;0;1;1;3;2013-07-14 10:30:00;-1;0;67;0;33;0;-1;1;-1;-1;-1;-1;-1;-1;0;0;0;1;0;1;-1;0;0;0;0;0;0;0;0;0;0;0;0;0;1;1;0;1;-1;-1;0;0;-1;-1;-1;-1;-1;-1;-1;-1;-1;17;31;72;100;100;45;78;100;67;0;0;2.61;3.2;Sangju Sangmu;Anyang;2.2;1.5;2.33;1.17;2.06;1.4;84;70;28;0;0;0;0;0;0;0;0;753;35;Y;Y;Y;Y;N;N;Y
216055;3852;3841;2013;complete;1316;17;-1;2,27;25,63,79;2;3;5;-1;-1;-1;-1;-1;2;2;0;0;-1;-1;-1;-1;-1;-1;-1;-1;-1;-1;2;2;0;0;0;0;0;0;0;0;0;0;0;0;0;0;0;0;0;0;0;0;0;0;0;0;0;0;0;0;0;0;0;0;0;0;0;0;0;0;0;0;0;0;0;0;0;0;0;0;0;0;0;0;0;0;0;0;0;0;0;0;0;0;0;0;0;0;0;0;5;2;1;0;2;2;3;2013-07-15 11:00:00;3841;0;73;21;32;0;-1;1;-1;-1;-1;-1;-1;-1;1;2;1;0;3;1;-1;0;0;0;0;0;0;0;0;0;0;0;0;0;1;1;1;0;-1;-1;0;0;-1;-1;-1;-1;-1;-1;-1;-1;-1;7;34;86;86;100;40;63;92;65;3;0;3.43;3.17;Bucheon 1995;Gwangju;0.7;1.73;1.38;2.17;1.25;1.38;94;67;15;15;0;0;0;0;0;0;0;753;35;Y;Y;Y;Y;Y;N;Y
216056;3848;3849;2013;complete;1316;2;-1;57;12,90;1;2;3;-1;-1;-1;-1;-1;1;3;0;0;-1;-1;-1;-1;-1;-1;-1;-1;-1;-1;1;3;0;0;0;0;0;0;0;0;0;0;0;0;0;0;0;0;0;0;0;0;0;0;0;0;0;0;0;0;0;0;0;0;0;0;0;0;0;0;0;0;0;0;0;0;0;0;0;0;0;0;0;0;0;0;0;0;0;0;0;0;0;0;0;0;0;0;0;0;3;0;1;1;1;2;1;2013-07-27 10:00:00;3849;0;62;21;35;0;-1;1;-1;-1;-1;-1;-1;-1;1;0;0;3;1;3;-1;0;0;0;0;0;0;0;0;0;0;0;0;0;1;1;0;0;-1;-1;0;0;-1;-1;-1;-1;-1;-1;-1;-1;-1;10;30;68;83;100;33;69;94;56;3.5;0;3.33;2.99;Anyang;Asan Mugunghwa;1.14;1.83;1.56;2.31;1.38;2.31;91;71;32;18;0;0;0;0;0;0;0;753;35;Y;Y;Y;N;N;N;Y
216057;3848;3843;2013;complete;1316;18;-1;14,55;39,54;2;2;4;-1;-1;-1;-1;-1;3;3;0;0;-1;-1;-1;-1;-1;-1;-1;-1;-1;-1;3;3;0;0;0;0;0;0;0;0;0;0;0;0;0;0;0;0;0;0;0;0;0;0;0;0;0;0;0;0;0;0;0;0;0;0;0;0;0;0;0;0;0;0;0;0;0;0;0;0;0;0;0;0;0;0;0;0;0;0;0;0;0;0;0;0;0;0;0;0;4;1;1;1;1;2;2;2013-08-03 10:00:00;-1;0;78;32;54;0;-1;1;-1;-1;-1;-1;-1;-1;1;2;2;1;3;3;-1;0;0;0;0;0;0;0;0;0;0;0;0;0;1;1;0;0;-1;-1;1;0;-1;-1;-1;-1;-1;-1;-1;-1;-1;15;32;64;83;100;39;66;100;59;6;0;3.4;3.14;Anyang;Suwon;1.14;1.5;1.4;1.86;1.29;1.18;86;69;37;17;0;0;0;0;0;0;0;753;35;Y;Y;Y;Y;N;N;Y
216058;3852;3849;2013;complete;1316;18;-1;;;0;0;0;-1;-1;-1;-1;-1;1;2;1;0;-1;-1;-1;-1;-1;-1;-1;-1;-1;-1;2;2;0;0;0;0;0;0;0;0;0;0;0;0;0;0;0;0;0;0;0;0;0;0;0;0;0;0;0;0;0;0;0;0;0;0;0;0;0;0;0;0;0;0;0;0;0;0;0;0;0;0;0;0;0;0;0;0;0;0;0;0;0;0;0;0;0;0;0;0;0;0;0;0;0;0;0;2013-08-03 10:00:00;-1;0;63;26;20;0;-1;1;-1;-1;-1;-1;-1;-1;1;1;1;1;2;2;-1;0;0;0;0;0;0;0;0;0;0;0;0;0;1;1;0;0;-1;-1;0;1;-1;-1;-1;-1;-1;-1;-1;-1;-1;20;46;80;89;100;54;80;94;63;6.5;0;3.92;3.48;Bucheon 1995;Asan Mugunghwa;0.7;1.83;1.22;2.35;1.18;2.35;80;55;20;12;0;0;0;0;0;0;0;753;35;N;N;N;N;N;N;N
216059;3841;3851;2013;complete;1316;18;-1;71;4,44;1;2;3;-1;-1;-1;-1;-1;1;0;0;0;-1;-1;-1;-1;-1;-1;-1;-1;-1;-1;1;0;0;0;0;0;0;0;0;0;0;0;0;0;0;0;0;0;0;0;0;0;0;0;0;0;0;0;0;0;0;0;0;0;0;0;0;0;0;0;0;0;0;0;0;0;0;0;0;0;0;0;0;0;0;0;0;0;0;0;0;0;0;0;0;0;0;0;0;0;3;0;2;1;0;1;2;2013-08-04 10:00:00;3851;0;61;17;30;0;-1;1;-1;-1;-1;-1;-1;-1;0;0;1;0;0;1;-1;0;0;0;0;0;0;0;0;0;0;0;0;0;1;1;0;1;-1;-1;0;0;-1;-1;-1;-1;-1;-1;-1;-1;-1;5;25;42;76;93;22;59;83;59;0;0;3.3;2.5;Gwangju;Goyang Zaicro;1.35;1.2;0.9;0.86;1.47;0.76;95;76;59;25;7;0;0;0;0;0;0;753;35;Y;Y;Y;N;N;N;Y
216060;3853;3839;2013;complete;1316;18;-1;71;22,52,58,89;1;4;5;-1;-1;-1;-1;-1;4;1;0;0;-1;-1;-1;-1;-1;-1;-1;-1;-1;-1;4;1;0;0;0;0;0;0;0;0;0;0;0;0;0;0;0;0;0;0;0;0;0;0;0;0;0;0;0;0;0;0;0;0;0;0;0;0;0;0;0;0;0;0;0;0;0;0;0;0;0;0;0;0;0;0;0;0;0;0;0;0;0;0;0;0;0;0;0;0;5;0;1;1;3;4;1;2013-08-04 10:00:00;3839;0;69;20;43;0;-1;1;-1;-1;-1;-1;-1;-1;4;0;0;1;4;1;-1;0;0;0;0;0;0;0;0;0;0;0;0;0;1;1;0;0;-1;-1;0;0;-1;-1;-1;-1;-1;-1;-1;-1;-1;11;35;75;82;88;27;64;80;68;0;0;3.96;2.9;Chungju;Sangju Sangmu;0.7;2.2;0.56;1.71;0.71;2;89;65;26;18;13;0;0;0;0;0;0;753;35;Y;Y;Y;Y;Y;N;Y
216061;3851;3839;2013;complete;1316;19;-1;38;;1;0;1;-1;-1;-1;-1;-1;1;2;0;0;-1;-1;-1;-1;-1;-1;-1;-1;-1;-1;1;2;0;0;0;0;0;0;0;0;0;0;0;0;0;0;0;0;0;0;0;0;0;0;0;0;0;0;0;0;0;0;0;0;0;0;0;0;0;0;0;0;0;0;0;0;0;0;0;0;0;0;0;0;0;0;0;0;0;0;0;0;0;0;0;0;0;0;0;0;1;1;0;0;0;0;1;2013-08-10 10:00:00;3851;0;68;23;34;0;-1;1;-1;-1;-1;-1;-1;-1;0;1;1;1;1;2;-1;0;0;0;0;0;0;0;0;0;0;0;0;0;1;1;0;0;-1;-1;0;0;-1;-1;-1;-1;-1;-1;-1;-1;-1;12;23;63;84;89;34;68;73;57;2;0;3.8;2.84;Goyang Zaicro;Sangju Sangmu;1.15;2.2;0.7;1.88;0.89;2.06;89;78;38;17;12;0;0;0;0;0;0;753;35;Y;N;N;N;N;N;N
216062;3848;3841;2013;complete;1316;19;-1;3,28,45;21,60,66;3;3;6;0;1;1;0;0;3;1;0;0;0;0;2;2;2;2;5;3;53;47;3;1;0;0;0;0;0;0;0;0;0;0;0;0;0;0;0;0;0;0;0;0;0;0;0;0;0;0;0;0;0;0;0;0;0;0;0;0;0;0;0;0;0;0;0;0;0;0;0;0;0;0;0;0;0;0;0;0;0;0;0;0;0;0;0;0;0;0;0;0;6;3;1;0;2;2;4;2013-08-11 10:00:00;-1;0;80;28;49;0;-1;1;-1;-1;-1;-1;-1;-1;1;1;2;0;2;2;-1;0;0;0;0;0;0;0;0;0;0;0;0;0;1;1;1;0;-1;-1;0;0;-1;-1;-1;-1;-1;-1;-1;-1;-1;7;28;80;84;100;28;61;93;68;0;0;3.13;2.98;Anyang;Gwangju;1.14;1.73;1.36;2.29;1.28;1.39;93;72;21;16;0;0;0;0;0;0;0;753;35;Y;Y;Y;Y;Y;Y;Y
216063;3843;3852;2013;complete;1316;19;-1;29,32,50;5,27,48;3;3;6;-1;-1;-1;-1;-1;2;2;0;0;-1;-1;-1;-1;-1;-1;-1;-1;-1;-1;2;2;0;0;0;0;0;0;0;0;0;0;0;0;0;0;0;0;0;0;0;0;0;0;0;0;0;0;0;0;0;0;0;0;0;0;0;0;0;0;0;0;0;0;0;0;0;0;0;0;0;0;0;0;0;0;0;0;0;0;0;0;0;0;0;0;0;0;0;0;6;2;2;1;1;2;4;2013-08-11 10:00:00;-1;0;73;5;52;0;-1;1;-1;-1;-1;-1;-1;-1;0;2;2;0;2;2;-1;0;0;0;0;0;0;0;0;0;0;0;0;0;1;1;0;1;-1;-1;0;0;-1;-1;-1;-1;-1;-1;-1;-1;-1;22;34;77;95;95;20;64;95;79;3;0;4.25;3.22;Suwon;Bucheon 1995;1.21;1.27;0.7;1.13;1.17;1.17;79;67;24;5;5;0;0;0;0;0;0;753;35;Y;Y;Y;Y;Y;Y;Y
216064;3853;3849;2013;complete;1316;19;-1;;35;0;1;1;-1;-1;-1;-1;-1;1;1;0;0;-1;-1;-1;-1;-1;-1;-1;-1;-1;-1;1;1;0;0;0;0;0;0;0;0;0;0;0;0;0;0;0;0;0;0;0;0;0;0;0;0;0;0;0;0;0;0;0;0;0;0;0;0;0;0;0;0;0;0;0;0;0;0;0;0;0;0;0;0;0;0;0;0;0;0;0;0;0;0;0;0;0;0;0;0;1;0;1;0;0;0;1;2013-08-12 10:00:00;3849;0;63;14;44;0;-1;1;-1;-1;-1;-1;-1;-1;0;0;1;1;0;2;-1;0;0;0;0;0;0;0;0;0;0;0;0;0;1;1;0;0;-1;-1;0;0;-1;-1;-1;-1;-1;-1;-1;-1;-1;24;47;74;82;92;25;69;87;68;3.5;0;4.14;3.26;Chungju;Asan Mugunghwa;0.7;1.83;0.5;2.28;0.67;2.28;77;54;27;19;8;0;0;0;0;0;0;753;35;Y;N;N;N;N;N;N
216065;3851;3853;2013;complete;1316;20;-1;21,45,63,90;29,82;4;2;6;-1;-1;-1;-1;-1;3;2;0;0;-1;-1;-1;-1;-1;-1;-1;-1;-1;-1;3;2;0;0;0;0;0;0;0;0;0;0;0;0;0;0;0;0;0;0;0;0;0;0;0;0;0;0;0;0;0;0;0;0;0;0;0;0;0;0;0;0;0;0;0;0;0;0;0;0;0;0;0;0;0;0;0;0;0;0;0;0;0;0;0;0;0;0;0;0;6;2;1;2;1;3;3;2013-08-17 10:00:00;3851;0;34;9;20;0;-1;1;-1;-1;-1;-1;-1;-1;1;0;2;2;1;4;-1;0;0;0;0;0;0;0;0;0;0;0;0;0;1;1;0;0;-1;-1;0;0;-1;-1;-1;-1;-1;-1;-1;-1;-1;5;9;42;68;90;14;51;76;54;2;0;3.89;2.26;Goyang Zaicro;Chungju;1.15;1;0.91;0.88;1;0.63;96;91;59;33;11;0;0;0;0;0;0;753;35;Y;Y;Y;Y;Y;Y;Y
216066;3852;3848;2013;complete;1316;20;-1;66;12,28;1;2;3;-1;-1;-1;-1;-1;2;4;0;0;-1;-1;-1;-1;-1;-1;-1;-1;-1;-1;2;4;0;0;0;0;0;0;0;0;0;0;0;0;0;0;0;0;0;0;0;0;0;0;0;0;0;0;0;0;0;0;0;0;0;0;0;0;0;0;0;0;0;0;0;0;0;0;0;0;0;0;0;0;0;0;0;0;0;0;0;0;0;0;0;0;0;0;0;0;3;0;2;1;0;1;2;2013-08-18 10:00:00;3848;0;66;22;20;0;-1;1;-1;-1;-1;-1;-1;-1;1;1;1;3;2;4;-1;0;0;0;0;0;0;0;0;0;0;0;0;0;1;1;0;0;-1;-1;0;0;-1;-1;-1;-1;-1;-1;-1;-1;-1;25;54;90;90;95;66;85;95;59;3;0;3.41;3.58;Bucheon 1995;Anyang;0.7;1.5;1.2;1.14;1.16;1.26;76;47;10;10;5;0;0;0;0;0;0;753;35;Y;Y;Y;N;N;N;Y
216067;3839;3843;2013;complete;1316;20;-1;;;0;0;0;-1;-1;-1;-1;-1;2;1;0;0;-1;-1;-1;-1;-1;-1;-1;-1;-1;-1;2;1;0;0;0;0;0;0;0;0;0;0;0;0;0;0;0;0;0;0;0;0;0;0;0;0;0;0;0;0;0;0;0;0;0;0;0;0;0;0;0;0;0;0;0;0;0;0;0;0;0;0;0;0;0;0;0;0;0;0;0;0;0;0;0;0;0;0;0;0;0;0;0;0;0;0;0;2013-08-18 10:30:00;-1;0;79;30;47;0;-1;1;-1;-1;-1;-1;-1;-1;0;1;2;0;1;2;-1;0;0;0;0;0;0;0;0;0;0;0;0;0;1;1;0;0;-1;-1;0;0;-1;-1;-1;-1;-1;-1;-1;-1;-1;13;35;57;94;100;47;68;100;62;6;0;3.08;3.17;Sangju Sangmu;Suwon;2.2;1.5;2.2;1.75;1.95;1.16;88;65;44;7;0;0;0;0;0;0;0;753;35;N;N;N;N;N;N;N
216068;3841;3849;2013;complete;1316;20;-1;38,69,86;76;3;1;4;-1;-1;-1;-1;-1;1;3;0;0;-1;-1;-1;-1;-1;-1;-1;-1;-1;-1;1;3;0;0;0;0;0;0;0;0;0;0;0;0;0;0;0;0;0;0;0;0;0;0;0;0;0;0;0;0;0;0;0;0;0;0;0;0;0;0;0;0;0;0;0;0;0;0;0;0;0;0;0;0;0;0;0;0;0;0;0;0;0;0;0;0;0;0;0;0;4;1;0;2;1;3;1;2013-08-19 11:00:00;3841;0;54;17;27;0;-1;1;-1;-1;-1;-1;-1;-1;0;1;1;2;1;3;-1;0;0;0;0;0;0;0;0;0;0;0;0;0;1;1;0;0;-1;-1;0;1;-1;-1;-1;-1;-1;-1;-1;-1;-1;13;25;54;81;98;37;72;81;54;3.5;0;3.57;2.87;Gwangju;Asan Mugunghwa;1.35;1.83;0.82;2.32;1.37;2.32;88;75;46;20;3;0;0;0;0;0;0;753;35;Y;Y;Y;Y;N;N;Y
216069;3852;3851;2013;complete;1316;21;-1;;37,77;0;2;2;-1;-1;-1;-1;-1;2;0;0;0;-1;-1;-1;-1;-1;-1;-1;-1;-1;-1;2;0;0;0;0;0;0;0;0;0;0;0;0;0;0;0;0;0;0;0;0;0;0;0;0;0;0;0;0;0;0;0;0;0;0;0;0;0;0;0;0;0;0;0;0;0;0;0;0;0;0;0;0;0;0;0;0;0;0;0;0;0;0;0;0;0;0;0;0;0;2;0;1;0;1;1;1;2013-08-24 10:00:00;3851;0;70;20;17;0;-1;1;-1;-1;-1;-1;-1;-1;0;0;2;0;0;2;-1;0;0;0;0;0;0;0;0;0;0;0;0;0;1;1;0;0;-1;-1;0;0;-1;-1;-1;-1;-1;-1;-1;-1;-1;9;35;66;79;90;45;68;90;53;3;0;3.36;2.83;Bucheon 1995;Goyang Zaicro;0.7;1.2;1.09;1.13;1.1;1.1;91;65;34;22;11;0;0;0;0;0;0;753;35;Y;Y;N;N;N;N;N
216070;3853;3848;2013;complete;1316;21;-1;90;28,83,90;1;3;4;-1;-1;-1;-1;-1;1;0;0;0;-1;-1;-1;-1;-1;-1;-1;-1;-1;-1;1;0;0;0;0;0;0;0;0;0;0;0;0;0;0;0;0;0;0;0;0;0;0;0;0;0;0;0;0;0;0;0;0;0;0;0;0;0;0;0;0;0;0;0;0;0;0;0;0;0;0;0;0;0;0;0;0;0;0;0;0;0;0;0;0;0;0;0;0;0;4;0;1;1;2;3;1;2013-08-25 10:00:00;3848;0;70;11;40;0;-1;1;-1;-1;-1;-1;-1;-1;1;0;0;0;1;0;-1;0;0;0;0;0;0;0;0;0;0;0;0;0;1;1;0;0;-1;-1;1;0;-1;-1;-1;-1;-1;-1;-1;-1;-1;26;53;87;87;96;42;82;91;62;0;0;3.82;3.47;Chungju;Anyang;0.7;1.5;0.45;1.38;0.6;1.35;74;48;14;14;5;0;0;0;0;0;0;753;35;Y;Y;Y;Y;N;N;Y
216071;3839;3849;2013;complete;1316;21;-1;34,76;46,63,66;2;3;5;-1;-1;-1;-1;-1;2;3;0;0;-1;-1;-1;-1;-1;-1;-1;-1;-1;-1;2;3;0;0;0;0;0;0;0;0;0;0;0;0;0;0;0;0;0;0;0;0;0;0;0;0;0;0;0;0;0;0;0;0;0;0;0;0;0;0;0;0;0;0;0;0;0;0;0;0;0;0;0;0;0;0;0;0;0;0;0;0;0;0;0;0;0;0;0;0;5;1;0;1;3;4;1;2013-08-25 10:30:00;3849;0;60;12;29;0;-1;1;-1;-1;-1;-1;-1;-1;1;0;1;3;1;4;-1;0;0;0;0;0;0;0;0;0;0;0;0;0;1;1;0;0;-1;-1;0;0;-1;-1;-1;-1;-1;-1;-1;-1;-1;8;27;55;86;93;31;68;86;55;3.5;0;3.03;2.75;Sangju Sangmu;Asan Mugunghwa;2.2;1.83;2.09;2.2;1.9;2.2;93;74;45;15;7;0;0;0;0;0;0;753;35;Y;Y;Y;Y;Y;N;Y
216072;3843;3841;2013;complete;1316;21;-1;16,19,53;37;3;1;4;-1;-1;-1;-1;-1;1;2;0;0;-1;-1;-1;-1;-1;-1;-1;-1;-1;-1;1;2;0;0;0;0;0;0;0;0;0;0;0;0;0;0;0;0;0;0;0;0;0;0;0;0;0;0;0;0;0;0;0;0;0;0;0;0;0;0;0;0;0;0;0;0;0;0;0;0;0;0;0;0;0;0;0;0;0;0;0;0;0;0;0;0;0;0;0;0;4;2;1;1;0;1;3;2013-08-26 10:30:00;3843;0;81;28;42;0;-1;1;-1;-1;-1;-1;-1;-1;1;0;0;2;1;2;-1;0;0;0;0;0;0;0;0;0;0;0;0;0;1;1;0;0;-1;-1;0;0;-1;-1;-1;-1;-1;-1;-1;-1;-1;31;37;90;90;96;42;77;90;74;4;0;3.71;3.53;Suwon;Gwangju;1.21;1.73;0.73;2.13;1.15;1.45;70;64;11;11;5;0;0;0;0;0;0;753;35;Y;Y;Y;Y;N;N;Y
216073;3843;3851;2013;complete;1316;22;-1;31;27,87;1;2;3;-1;-1;-1;-1;-1;2;2;0;0;-1;-1;-1;-1;-1;-1;-1;-1;-1;-1;2;2;0;0;0;0;0;0;0;0;0;0;0;0;0;0;0;0;0;0;0;0;0;0;0;0;0;0;0;0;0;0;0;0;0;0;0;0;0;0;0;0;0;0;0;0;0;0;0;0;0;0;0;0;0;0;0;0;0;0;0;0;0;0;0;0;0;0;0;0;3;1;1;0;1;1;2;2013-08-31 10:00:00;3851;0;71;18;32;0;-1;1;-1;-1;-1;-1;-1;-1;1;1;1;1;2;2;-1;0;0;0;0;0;0;0;0;1;0;1;0;0;1;1;0;0;-1;-1;0;0;-1;-1;-1;-1;-1;-1;-1;-1;-1;17;32;68;85;91;36;80;91;56;3;0;3.36;2.96;Suwon;Goyang Zaicro;1.21;1.2;0.92;1.33;1.24;1.19;84;68;32;15;10;0;0;0;0;0;0;753;35;Y;Y;Y;N;N;N;Y
216074;3841;3852;2013;complete;1316;22;-1;86;;1;0;1;-1;-1;-1;-1;-1;1;1;0;0;-1;-1;-1;-1;-1;-1;-1;-1;-1;-1;1;1;0;0;0;0;0;0;0;0;0;0;0;0;0;0;0;0;0;0;0;0;0;0;0;0;0;0;0;0;0;0;0;0;0;0;0;0;0;0;0;0;0;0;0;0;0;0;0;0;0;0;0;0;0;0;0;0;0;0;0;0;0;0;0;0;0;0;0;0;1;0;0;1;0;1;0;2013-09-01 07:00:00;3841;0;68;14;50;0;-1;1;-1;-1;-1;-1;-1;-1;1;1;0;0;2;0;-1;0;0;0;0;0;0;0;0;0;0;0;0;0;1;1;0;0;-1;-1;0;0;-1;-1;-1;-1;-1;-1;-1;-1;-1;15;35;59;92;100;22;56;92;74;0;0;3.58;3.14;Gwangju;Bucheon 1995;1.35;1.27;1;1.11;1.38;1.05;85;66;42;9;0;0;0;0;0;0;0;753;35;Y;N;N;N;N;N;N
216075;3848;3839;2013;complete;1316;22;-1;;8,23;0;2;2;-1;-1;-1;-1;-1;2;2;0;0;-1;-1;-1;-1;-1;-1;-1;-1;-1;-1;2;2;0;0;0;0;0;0;0;0;0;0;0;0;0;0;0;0;0;0;0;0;0;0;0;0;0;0;0;0;0;0;0;0;0;0;0;0;0;0;0;0;0;0;0;0;0;0;0;0;0;0;0;0;0;0;0;0;0;0;0;0;0;0;0;0;0;0;0;0;2;0;2;0;0;0;2;2013-09-01 07:00:00;3839;0;71;28;42;0;-1;1;-1;-1;-1;-1;-1;-1;1;1;1;1;2;2;-1;0;0;0;0;0;0;0;0;1;0;1;0;0;1;1;0;1;-1;-1;0;0;-1;-1;-1;-1;-1;-1;-1;-1;-1;10;28;71;81;95;33;73;84;62;0;0;3.56;2.88;Anyang;Sangju Sangmu;1.14;2.2;1.33;1.67;1.43;1.81;91;73;29;20;6;0;0;0;0;0;0;753;35;Y;Y;N;N;N;N;N
216076;3853;3849;2013;complete;1316;22;-1;32;50;1;1;2;-1;-1;-1;-1;-1;1;1;0;0;-1;-1;-1;-1;-1;-1;-1;-1;-1;-1;1;1;0;0;0;0;0;0;0;0;0;0;0;0;0;0;0;0;0;0;0;0;0;0;0;0;0;0;0;0;0;0;0;0;0;0;0;0;0;0;0;0;0;0;0;0;0;0;0;0;0;0;0;0;0;0;0;0;0;0;0;0;0;0;0;0;0;0;0;0;2;1;0;0;1;1;1;2013-09-02 10:00:00;-1;0;62;11;46;0;-1;1;-1;-1;-1;-1;-1;-1;0;1;1;0;1;1;-1;0;0;0;0;0;0;0;1;0;1;0;0;0;1;1;0;0;-1;-1;0;0;-1;-1;-1;-1;-1;-1;-1;-1;-1;22;48;71;78;94;21;74;82;66;3.5;0;4;3.2;Chungju;Asan Mugunghwa;0.7;1.83;0.42;2.24;0.57;2.24;78;52;29;22;7;0;0;0;0;0;0;753;35;Y;Y;N;N;N;N;Y
216077;3852;3843;2013;complete;1316;23;-1;;72;0;1;1;-1;-1;-1;-1;-1;1;2;0;0;-1;-1;-1;-1;-1;-1;-1;-1;-1;-1;1;2;0;0;0;0;0;0;0;0;0;0;0;0;0;0;0;0;0;0;0;0;0;0;0;0;0;0;0;0;0;0;0;0;0;0;0;0;0;0;0;0;0;0;0;0;0;0;0;0;0;0;0;0;0;0;0;0;0;0;0;0;0;0;0;0;0;0;0;0;1;0;0;0;1;1;0;2013-09-07 10:00:00;3843;0;68;35;32;0;-1;1;-1;-1;-1;-1;-1;-1;0;0;1;2;0;3;-1;0;0;0;0;0;0;0;0;1;0;1;0;0;1;1;0;0;-1;-1;0;0;-1;-1;-1;-1;-1;-1;-1;-1;-1;20;43;66;81;91;57;71;91;53;9;0;3.97;3.2;Bucheon 1995;Suwon;0.7;1.5;1;1.67;1;1.18;81;57;35;20;10;0;0;0;0;0;0;753;35;Y;N;N;N;N;N;N
216078;3851;3841;2013;complete;1316;23;-1;22,27,49,71,76;90;5;1;6;-1;-1;-1;-1;-1;1;2;0;0;-1;-1;-1;-1;-1;-1;-1;-1;-1;-1;1;2;0;0;0;0;0;0;0;0;0;0;0;0;0;0;0;0;0;0;0;0;0;0;0;0;0;0;0;0;0;0;0;0;0;0;0;0;0;0;0;0;0;0;0;0;0;0;0;0;0;0;0;0;0;0;0;0;0;0;0;0;0;0;0;0;0;0;0;0;6;2;0;3;1;4;2;2013-09-08 10:00:00;3851;0;74;35;33;0;-1;1;-1;-1;-1;-1;-1;-1;1;1;0;1;2;1;-1;0;0;0;0;0;0;0;0;0;0;0;0;0;1;1;0;0;-1;-1;0;0;-1;-1;-1;-1;-1;-1;-1;-1;-1;20;35;70;82;96;39;67;78;59;3;0;3.48;3.24;Goyang Zaicro;Gwangju;1.15;1.73;1.08;1.89;1.27;1.45;81;66;31;18;4;0;0;0;0;0;0;753;35;Y;Y;Y;Y;Y;Y;Y
216079;3839;3853;2013;complete;1316;23;-1;37;;1;0;1;-1;-1;-1;-1;-1;3;0;0;0;-1;-1;-1;-1;-1;-1;-1;-1;-1;-1;3;0;0;0;0;0;0;0;0;0;0;0;0;0;0;0;0;0;0;0;0;0;0;0;0;0;0;0;0;0;0;0;0;0;0;0;0;0;0;0;0;0;0;0;0;0;0;0;0;0;0;0;0;0;0;0;0;0;0;0;0;0;0;0;0;0;0;0;0;0;1;1;0;0;0;0;1;2013-09-08 10:00:00;3839;0;45;10;28;0;-1;1;-1;-1;-1;-1;-1;-1;1;0;2;0;1;2;-1;0;0;0;0;0;0;0;0;0;0;0;0;0;1;1;0;0;-1;-1;0;0;-1;-1;-1;-1;-1;-1;-1;-1;-1;10;18;47;80;91;18;51;91;63;0;0;3.17;2.5;Sangju Sangmu;Chungju;2.2;1;1.92;0.78;1.86;0.59;91;82;53;21;10;0;0;0;0;0;0;753;35;Y;N;N;N;N;N;N
216080;3848;3849;2013;complete;1316;23;-1;84;31,82;1;2;3;-1;-1;-1;-1;-1;1;5;0;0;-1;-1;-1;-1;-1;-1;-1;-1;-1;-1;1;5;0;0;0;0;0;0;0;0;0;0;0;0;0;0;0;0;0;0;0;0;0;0;0;0;0;0;0;0;0;0;0;0;0;0;0;0;0;0;0;0;0;0;0;0;0;0;0;0;0;0;0;0;0;0;0;0;0;0;0;0;0;0;0;0;0;0;0;0;3;0;1;1;1;2;1;2013-09-09 11:00:00;3849;0;64;23;39;0;-1;1;-1;-1;-1;-1;-1;-1;1;1;0;4;2;4;-1;0;0;0;0;0;0;0;0;0;0;0;0;0;1;1;0;0;-1;-1;0;0;-1;-1;-1;-1;-1;-1;-1;-1;-1;13;34;67;84;98;35;76;87;59;3.5;0;3.69;3.05;Anyang;Asan Mugunghwa;1.14;1.83;1.23;2.18;1.36;2.18;87;67;34;17;3;0;0;0;0;0;0;753;35;Y;Y;Y;N;N;N;Y
216081;3851;3849;2013;complete;1316;24;-1;80;45;1;1;2;-1;-1;-1;-1;-1;2;3;0;0;-1;-1;-1;-1;-1;-1;-1;-1;-1;-1;2;3;0;0;0;0;0;0;0;0;0;0;0;0;0;0;0;0;0;0;0;0;0;0;0;0;0;0;0;0;0;0;0;0;0;0;0;0;0;0;0;0;0;0;0;0;0;0;0;0;0;0;0;0;0;0;0;0;0;0;0;0;0;0;0;0;0;0;0;0;2;0;1;1;0;1;1;2013-09-14 10:00:00;-1;0;62;18;37;0;-1;1;-1;-1;-1;-1;-1;-1;1;2;1;1;3;2;-1;0;0;0;0;0;0;0;0;0;0;0;0;0;1;1;0;0;-1;-1;0;0;-1;-1;-1;-1;-1;-1;-1;-1;-1;20;33;60;80;94;34;76;76;56;5.5;0;3.99;3.12;Goyang Zaicro;Asan Mugunghwa;1.15;1.83;1.23;2.22;1.35;2.22;80;67;41;20;6;0;0;0;0;0;0;753;35;Y;Y;N;N;N;N;Y
216082;3841;3848;2013;complete;1316;24;-1;13;41,53;1;2;3;-1;-1;-1;-1;-1;0;2;0;0;-1;-1;-1;-1;-1;-1;-1;-1;-1;-1;0;2;0;0;0;0;0;0;0;0;0;0;0;0;0;0;0;0;0;0;0;0;0;0;0;0;0;0;0;0;0;0;0;0;0;0;0;0;0;0;0;0;0;0;0;0;0;0;0;0;0;0;0;0;0;0;0;0;0;0;0;0;0;0;0;0;0;0;0;0;3;1;1;0;1;1;2;2013-09-15 07:00:00;3848;0;66;13;32;0;-1;1;-1;-1;-1;-1;-1;-1;0;0;0;2;0;2;-1;0;0;0;0;0;0;0;0;0;0;0;0;0;1;1;0;0;-1;-1;0;0;-1;-1;-1;-1;-1;-1;-1;-1;-1;15;40;73;89;100;49;81;93;55;0;0;3.11;3.24;Gwangju;Anyang;1.35;1.5;1.15;1.56;1.39;1.3;85;61;27;12;0;0;0;0;0;0;0;753;35;Y;Y;Y;N;N;N;Y
216083;3853;3843;2013;complete;1316;24;-1;;66;0;1;1;-1;-1;-1;-1;-1;2;1;0;0;-1;-1;-1;-1;-1;-1;-1;-1;-1;-1;2;1;0;0;0;0;0;0;0;0;0;0;0;0;0;0;0;0;0;0;0;0;0;0;0;0;0;0;0;0;0;0;0;0;0;0;0;0;0;0;0;0;0;0;0;0;0;0;0;0;0;0;0;0;0;0;0;0;0;0;0;0;0;0;0;0;0;0;0;0;1;0;0;0;1;1;0;2013-09-15 10:00:00;3843;0;70;24;52;0;-1;1;-1;-1;-1;-1;-1;-1;1;0;1;1;1;2;-1;0;0;0;0;0;0;0;0;0;0;0;0;0;1;1;0;0;-1;-1;0;0;-1;-1;-1;-1;-1;-1;-1;-1;-1;22;47;60;74;91;29;65;88;60;6;0;3.89;3.08;Chungju;Suwon;0.7;1.5;0.46;1.8;0.57;1.26;79;53;41;27;9;0;0;0;0;0;0;753;35;Y;N;N;N;N;N;N
216084;3852;3839;2013;complete;1316;24;-1;;20,80;0;2;2;-1;-1;-1;-1;-1;2;0;0;0;-1;-1;-1;-1;-1;-1;-1;-1;-1;-1;2;0;0;0;0;0;0;0;0;0;0;0;0;0;0;0;0;0;0;0;0;0;0;0;0;0;0;0;0;0;0;0;0;0;0;0;0;0;0;0;0;0;0;0;0;0;0;0;0;0;0;0;0;0;0;0;0;0;0;0;0;0;0;0;0;0;0;0;0;0;2;0;1;0;1;1;1;2013-09-16 11:00:00;3839;0;57;22;19;0;-1;1;-1;-1;-1;-1;-1;-1;0;0;2;0;0;2;-1;0;0;0;0;0;0;0;0;0;0;0;0;0;1;1;0;0;-1;-1;0;0;-1;-1;-1;-1;-1;-1;-1;-1;-1;13;29;65;79;91;47;75;76;48;3;0;3.79;2.8;Bucheon 1995;Sangju Sangmu;0.7;2.2;0.92;1.8;0.96;1.91;88;71;36;22;9;0;0;0;0;0;0;753;35;Y;Y;N;N;N;N;N
216085;3848;3852;2013;complete;1316;25;-1;;89;0;1;1;-1;-1;-1;-1;-1;3;3;0;0;-1;-1;-1;-1;-1;-1;-1;-1;-1;-1;3;3;0;0;0;0;0;0;0;0;0;0;0;0;0;0;0;0;0;0;0;0;0;0;0;0;0;0;0;0;0;0;0;0;0;0;0;0;0;0;0;0;0;0;0;0;0;0;0;0;0;0;0;0;0;0;0;0;0;0;0;0;0;0;0;0;0;0;0;0;1;0;0;0;1;1;0;2013-09-21 07:00:00;3852;0;71;20;55;0;-1;1;-1;-1;-1;-1;-1;-1;1;1;2;2;2;4;-1;0;0;0;0;0;0;0;0;0;0;0;0;0;1;1;0;0;-1;-1;0;0;-1;-1;-1;-1;-1;-1;-1;-1;-1;14;35;66;88;100;23;56;97;72;0;0;3.56;3.1;Anyang;Bucheon 1995;1.14;1.27;1.14;1;1.38;0.92;87;66;35;12;0;0;0;0;0;0;0;753;35;Y;N;N;N;N;N;N
216086;3843;3849;2013;complete;1316;25;-1;63;5,69;1;2;3;-1;-1;-1;-1;-1;2;3;0;0;-1;-1;-1;-1;-1;-1;-1;-1;-1;-1;2;3;0;0;0;0;0;0;0;0;0;0;0;0;0;0;0;0;0;0;0;0;0;0;0;0;0;0;0;0;0;0;0;0;0;0;0;0;0;0;0;0;0;0;0;0;0;0;0;0;0;0;0;0;0;0;0;0;0;0;0;0;0;0;0;0;0;0;0;0;3;0;1;1;1;2;1;2013-09-22 05:00:00;3849;0;70;22;36;0;-1;1;-1;-1;-1;-1;-1;-1;2;0;0;3;2;3;-1;0;0;0;0;0;0;0;0;0;0;0;0;0;1;1;0;1;-1;-1;0;0;-1;-1;-1;-1;-1;-1;-1;-1;-1;24;36;78;88;94;42;88;88;58;6.5;0;4.27;3.29;Suwon;Asan Mugunghwa;1.21;1.83;0.85;2.17;1.33;2.17;76;65;23;13;6;0;0;0;0;0;0;753;35;Y;Y;Y;N;N;N;Y
216087;3839;3851;2013;complete;1316;25;-1;46;;1;0;1;-1;-1;-1;-1;-1;1;1;0;0;-1;-1;-1;-1;-1;-1;-1;-1;-1;-1;1;1;0;0;0;0;0;0;0;0;0;0;0;0;0;0;0;0;0;0;0;0;0;0;0;0;0;0;0;0;0;0;0;0;0;0;0;0;0;0;0;0;0;0;0;0;0;0;0;0;0;0;0;0;0;0;0;0;0;0;0;0;0;0;0;0;0;0;0;0;1;0;0;1;0;1;0;2013-09-22 07:00:00;3839;0;66;14;26;0;-1;1;-1;-1;-1;-1;-1;-1;1;1;0;0;2;0;-1;0;0;0;0;0;0;0;0;0;0;0;0;0;1;1;0;0;-1;-1;1;0;-1;-1;-1;-1;-1;-1;-1;-1;-1;4;22;48;83;91;27;66;88;47;0;0;2.58;2.47;Sangju Sangmu;Goyang Zaicro;2.2;1.2;2;1.5;1.96;1.33;96;79;52;18;9;0;0;0;0;0;0;753;35;Y;N;N;N;N;N;N
216088;3853;3841;2013;complete;1316;25;-1;;36;0;1;1;-1;-1;-1;-1;-1;0;3;0;0;-1;-1;-1;-1;-1;-1;-1;-1;-1;-1;0;3;0;0;0;0;0;0;0;0;0;0;0;0;0;0;0;0;0;0;0;0;0;0;0;0;0;0;0;0;0;0;0;0;0;0;0;0;0;0;0;0;0;0;0;0;0;0;0;0;0;0;0;0;0;0;0;0;0;0;0;0;0;0;0;0;0;0;0;0;1;0;1;0;0;0;1;2013-09-23 10:00:00;3841;0;77;24;45;0;-1;1;-1;-1;-1;-1;-1;-1;0;1;0;2;1;2;-1;0;0;0;0;0;0;0;0;0;0;0;0;0;1;1;0;0;-1;-1;0;0;-1;-1;-1;-1;-1;-1;-1;-1;-1;26;50;77;81;97;29;67;88;67;1;0;3.49;3.4;Chungju;Gwangju;0.7;1.73;0.43;1.7;0.54;1.33;75;50;23;20;4;0;0;0;0;0;0;753;35;Y;N;N;N;N;N;N
216089;3841;3843;2013;complete;1316;26;-1;56,80;19;2;1;3;-1;-1;-1;-1;-1;2;2;0;0;-1;-1;-1;-1;-1;-1;-1;-1;-1;-1;2;2;0;0;0;0;0;0;0;0;0;0;0;0;0;0;0;0;0;0;0;0;0;0;0;0;0;0;0;0;0;0;0;0;0;0;0;0;0;0;0;0;0;0;0;0;0;0;0;0;0;0;0;0;0;0;0;0;0;0;0;0;0;0;0;0;0;0;0;0;3;0;1;2;0;2;1;2013-09-28 05:00:00;3841;0;61;29;37;0;-1;1;-1;-1;-1;-1;-1;-1;1;2;1;0;3;1;-1;0;0;0;0;0;0;0;0;0;0;0;0;0;1;1;0;0;-1;-1;0;0;-1;-1;-1;-1;-1;-1;-1;-1;-1;13;29;48;72;96;41;60;89;48;6;0;3.32;2.77;Gwangju;Suwon;1.35;1.5;1.07;1.91;1.4;1.28;88;72;53;29;5;0;0;0;0;0;0;753;35;Y;Y;Y;N;N;N;Y
216090;3851;3848;2013;complete;1316;26;-1;;29;0;1;1;-1;-1;-1;-1;-1;2;2;0;0;-1;-1;-1;-1;-1;-1;-1;-1;-1;-1;2;2;0;0;0;0;0;0;0;0;0;0;0;0;0;0;0;0;0;0;0;0;0;0;0;0;0;0;0;0;0;0;0;0;0;0;0;0;0;0;0;0;0;0;0;0;0;0;0;0;0;0;0;0;0;0;0;0;0;0;0;0;0;0;0;0;0;0;0;0;1;0;1;0;0;0;1;2013-09-29 07:00:00;3848;0;72;21;33;0;-1;1;-1;-1;-1;-1;-1;-1;2;1;0;1;3;1;-1;0;0;0;0;0;0;0;0;0;0;0;0;0;1;1;0;0;-1;-1;0;0;-1;-1;-1;-1;-1;-1;-1;-1;-1;21;40;75;90;97;53;86;86;50;2;0;3.49;3.39;Goyang Zaicro;Anyang;1.15;1.5;1.21;1.7;1.28;1.32;80;61;25;11;4;0;0;0;0;0;0;753;35;Y;N;N;N;N;N;N
216091;3852;3853;2013;complete;1316;26;-1;;26,66,73;0;3;3;-1;-1;-1;-1;-1;2;3;0;0;-1;-1;-1;-1;-1;-1;-1;-1;-1;-1;2;3;0;0;0;0;0;0;0;0;0;0;0;0;0;0;0;0;0;0;0;0;0;0;0;0;0;0;0;0;0;0;0;0;0;0;0;0;0;0;0;0;0;0;0;0;0;0;0;0;0;0;0;0;0;0;0;0;0;0;0;0;0;0;0;0;0;0;0;0;3;0;1;0;2;2;1;2013-09-29 07:00:00;3853;0;35;16;14;0;-1;1;-1;-1;-1;-1;-1;-1;1;2;1;1;3;2;-1;0;0;0;0;0;0;0;0;0;0;0;0;0;1;1;0;0;-1;-1;0;0;-1;-1;-1;-1;-1;-1;-1;-1;-1;12;23;52;70;92;30;61;87;52;3;0;3.71;2.57;Bucheon 1995;Chungju;0.7;1;0.86;0.7;1;0.52;88;77;48;31;9;0;0;0;0;0;0;753;35;Y;Y;Y;N;N;N;N
216092;3839;3849;2013;complete;1316;26;-1;54,90;;2;0;2;-1;-1;-1;-1;-1;1;4;0;0;-1;-1;-1;-1;-1;-1;-1;-1;-1;-1;1;4;0;0;0;0;0;0;0;0;0;0;0;0;0;0;0;0;0;0;0;0;0;0;0;0;0;0;0;0;0;0;0;0;0;0;0;0;0;0;0;0;0;0;0;0;0;0;0;0;0;0;0;0;0;0;0;0;0;0;0;0;0;0;0;0;0;0;0;0;2;0;0;2;0;2;0;2013-09-30 10:30:00;3839;0;61;10;33;0;-1;1;-1;-1;-1;-1;-1;-1;0;3;1;1;3;2;-1;0;0;0;0;0;0;0;0;0;0;0;0;0;1;1;0;0;-1;-1;0;0;-1;-1;-1;-1;-1;-1;-1;-1;-1;12;27;54;82;95;25;71;85;53;3.5;0;3.45;2.74;Sangju Sangmu;Asan Mugunghwa;2.2;1.83;2.07;2.2;2;2.2;89;74;47;19;6;0;0;0;0;0;0;753;35;Y;Y;N;N;N;N;N
216093;3843;3839;2013;complete;1316;27;-1;;18;0;1;1;-1;-1;-1;-1;-1;2;3;0;0;-1;-1;-1;-1;-1;-1;-1;-1;-1;-1;2;3;0;0;0;0;0;0;0;0;0;0;0;0;0;0;0;0;0;0;0;0;0;0;0;0;0;0;0;0;0;0;0;0;0;0;0;0;0;0;0;0;0;0;0;0;0;0;0;0;0;0;0;0;0;0;0;0;0;0;0;0;0;0;0;0;0;0;0;0;1;0;1;0;0;0;1;2013-10-05 07:00:00;3839;0;67;24;35;0;-1;1;-1;-1;-1;-1;-1;-1;0;1;2;2;1;4;-1;0;0;0;0;0;0;0;0;0;0;0;0;0;1;1;0;0;-1;-1;0;0;-1;-1;-1;-1;-1;-1;-1;-1;-1;19;27;74;88;92;43;88;79;55;3;0;3.84;3.03;Suwon;Sangju Sangmu;1.21;2.2;0.79;1.91;1.23;2.04;81;73;26;13;8;0;0;0;0;0;0;753;35;Y;N;N;N;N;N;N
216094;3841;3849;2013;complete;1316;27;-1;69,74,83;42;3;1;4;-1;-1;-1;-1;-1;1;2;0;0;-1;-1;-1;-1;-1;-1;-1;-1;-1;-1;1;2;0;0;0;0;0;0;0;0;0;0;0;0;0;0;0;0;0;0;0;0;0;0;0;0;0;0;0;0;0;0;0;0;0;0;0;0;0;0;0;0;0;0;0;0;0;0;0;0;0;0;0;0;0;0;0;0;0;0;0;0;0;0;0;0;0;0;0;0;4;0;1;3;0;3;1;2013-10-06 05:00:00;3841;0;61;16;31;0;-1;1;-1;-1;-1;-1;-1;-1;0;0;1;2;0;3;-1;0;0;0;0;0;0;0;0;0;0;0;0;0;1;1;0;0;-1;-1;0;0;-1;-1;-1;-1;-1;-1;-1;-1;-1;11;26;58;83;98;30;74;86;56;3.5;0;3.73;2.87;Gwangju;Asan Mugunghwa;1.35;1.83;1.2;2.12;1.46;2.12;89;75;43;18;2;0;0;0;0;0;0;753;35;Y;Y;Y;Y;N;N;Y
216095;3848;3853;2013;complete;1316;27;-1;45;34;1;1;2;-1;-1;-1;-1;-1;1;2;0;1;-1;-1;-1;-1;-1;-1;-1;-1;-1;-1;1;3;0;0;0;0;0;0;0;0;0;0;0;0;0;0;0;0;0;0;0;0;0;0;0;0;0;0;0;0;0;0;0;0;0;0;0;0;0;0;0;0;0;0;0;0;0;0;0;0;0;0;0;0;0;0;0;0;0;0;0;0;0;0;0;0;0;0;0;0;2;1;1;0;0;0;2;2013-10-06 07:00:00;-1;0;43;18;33;0;-1;1;-1;-1;-1;-1;-1;-1;1;2;0;1;3;1;-1;0;0;0;0;0;0;0;0;0;0;0;0;0;1;1;0;0;-1;-1;1;1;-1;-1;-1;-1;-1;-1;-1;-1;-1;8;18;56;72;96;21;61;88;62;0;0;3.67;2.57;Anyang;Chungju;1.14;1;1.07;0.91;1.38;0.62;92;82;44;28;5;0;0;0;0;0;0;753;35;Y;Y;N;N;N;N;Y
216096;3851;3852;2013;complete;1316;27;-1;23,26;10,32,43,45;2;4;6;-1;-1;-1;-1;-1;3;2;0;0;-1;-1;-1;-1;-1;-1;-1;-1;-1;-1;3;2;0;0;0;0;0;0;0;0;0;0;0;0;0;0;0;0;0;0;0;0;0;0;0;0;0;0;0;0;0;0;0;0;0;0;0;0;0;0;0;0;0;0;0;0;0;0;0;0;0;0;0;0;0;0;0;0;0;0;0;0;0;0;0;0;0;0;0;0;6;2;4;0;0;0;6;2013-10-07 11:00:00;3852;0;62;15;44;0;-1;1;-1;-1;-1;-1;-1;-1;1;1;2;1;2;3;-1;0;0;0;0;0;0;0;0;0;0;0;0;0;1;1;0;1;-1;-1;0;0;-1;-1;-1;-1;-1;-1;-1;-1;-1;19;32;51;78;97;21;55;84;60;2;0;3.89;2.97;Goyang Zaicro;Bucheon 1995;1.15;1.27;1.13;1.18;1.23;0.96;81;69;49;23;4;0;0;0;0;0;0;753;35;Y;Y;Y;Y;Y;Y;Y
216097;3853;3851;2013;complete;1316;28;-1;40;90;1;1;2;-1;-1;-1;-1;-1;2;3;0;0;-1;-1;-1;-1;-1;-1;-1;-1;-1;-1;2;3;0;0;0;0;0;0;0;0;0;0;0;0;0;0;0;0;0;0;0;0;0;0;0;0;0;0;0;0;0;0;0;0;0;0;0;0;0;0;0;0;0;0;0;0;0;0;0;0;0;0;0;0;0;0;0;0;0;0;0;0;0;0;0;0;0;0;0;0;2;1;0;0;1;1;1;2013-10-12 05:00:00;-1;0;62;13;33;0;-1;1;-1;-1;-1;-1;-1;-1;0;1;2;2;1;4;-1;0;0;0;0;0;0;0;0;0;0;0;0;0;1;1;0;0;-1;-1;0;0;-1;-1;-1;-1;-1;-1;-1;-1;-1;10;33;53;70;92;17;66;86;48;0;0;3.05;2.57;Chungju;Goyang Zaicro;0.7;1.2;0.4;1.36;0.63;1.19;90;68;48;30;8;0;0;0;0;0;0;753;35;Y;Y;N;N;N;N;Y
216098;3843;3848;2013;complete;1316;28;-1;13;;1;0;1;-1;-1;-1;-1;-1;1;2;0;0;-1;-1;-1;-1;-1;-1;-1;-1;-1;-1;1;2;0;0;0;0;0;0;0;0;0;0;0;0;0;0;0;0;0;0;0;0;0;0;0;0;0;0;0;0;0;0;0;0;0;0;0;0;0;0;0;0;0;0;0;0;0;0;0;0;0;0;0;0;0;0;0;0;0;0;0;0;0;0;0;0;0;0;0;0;1;1;0;0;0;0;1;2013-10-12 07:00:00;3843;0;73;23;34;0;-1;1;-1;-1;-1;-1;-1;-1;0;0;1;2;0;3;-1;0;0;0;0;0;0;0;0;0;0;0;0;0;1;1;0;0;-1;-1;0;0;-1;-1;-1;-1;-1;-1;-1;-1;-1;23;39;89;89;97;56;97;89;53;3;0;3.75;3.39;Suwon;Anyang;1.21;1.5;0.73;1.82;1.19;1.37;78;61;11;11;4;0;0;0;0;0;0;753;35;Y;N;N;N;N;N;N
216099;3852;3849;2013;complete;1316;28;-1;53;39,89,90;1;3;4;-1;-1;-1;-1;-1;4;4;0;0;-1;-1;-1;-1;-1;-1;-1;-1;-1;-1;4;4;0;0;0;0;0;0;0;0;0;0;0;0;0;0;0;0;0;0;0;0;0;0;0;0;0;0;0;0;0;0;0;0;0;0;0;0;0;0;0;0;0;0;0;0;0;0;0;0;0;0;0;0;0;0;0;0;0;0;0;0;0;0;0;0;0;0;0;0;4;0;1;1;2;3;1;2013-10-13 07:00:00;3849;0;55;16;20;0;-1;1;-1;-1;-1;-1;-1;-1;2;3;2;1;5;3;-1;0;0;0;0;0;0;0;0;0;0;0;0;0;1;1;0;0;-1;-1;0;1;-1;-1;-1;-1;-1;-1;-1;-1;-1;14;33;65;83;95;37;77;89;53;6.5;0;4.15;2.99;Bucheon 1995;Asan Mugunghwa;0.7;1.83;0.8;2.04;1.04;2.04;86;67;35;18;6;0;0;0;0;0;0;753;35;Y;Y;Y;Y;N;N;Y
216100;3839;3841;2013;complete;1316;28;-1;17,44;62;2;1;3;-1;-1;-1;-1;-1;2;2;0;0;-1;-1;-1;-1;-1;-1;-1;-1;-1;-1;2;2;0;0;0;0;0;0;0;0;0;0;0;0;0;0;0;0;0;0;0;0;0;0;0;0;0;0;0;0;0;0;0;0;0;0;0;0;0;0;0;0;0;0;0;0;0;0;0;0;0;0;0;0;0;0;0;0;0;0;0;0;0;0;0;0;0;0;0;0;3;2;0;0;1;1;2;2013-10-13 07:00:00;3839;0;68;22;32;0;-1;1;-1;-1;-1;-1;-1;-1;1;1;1;1;2;2;-1;0;0;0;0;0;0;0;1;0;1;0;0;0;1;1;0;0;-1;-1;0;0;-1;-1;-1;-1;-1;-1;-1;-1;-1;17;33;61;81;97;33;63;85;59;1;0;2.97;2.98;Sangju Sangmu;Gwangju;2.2;1.73;2.13;1.82;2.07;1.52;83;68;39;19;4;0;0;0;0;0;0;753;35;Y;Y;Y;N;N;N;Y
216101;3853;3849;2013;complete;1316;29;-1;10,62,90;29,47;3;2;5;-1;-1;-1;-1;-1;2;1;0;0;-1;-1;-1;-1;-1;-1;-1;-1;-1;-1;2;1;0;0;0;0;0;0;0;0;0;0;0;0;0;0;0;0;0;0;0;0;0;0;0;0;0;0;0;0;0;0;0;0;0;0;0;0;0;0;0;0;0;0;0;0;0;0;0;0;0;0;0;0;0;0;0;0;0;0;0;0;0;0;0;0;0;0;0;0;5;1;1;2;1;3;2;2013-10-19 05:00:00;3853;0;64;9;40;0;-1;1;-1;-1;-1;-1;-1;-1;0;0;2;1;0;3;-1;0;0;0;0;0;0;0;0;0;0;0;0;0;1;1;1;0;-1;-1;0;0;-1;-1;-1;-1;-1;-1;-1;-1;-1;17;40;60;78;95;16;76;84;59;3.5;0;4.11;2.94;Chungju;Asan Mugunghwa;0.7;1.83;0.44;2.07;0.64;2.07;84;60;40;23;5;0;0;0;0;0;0;753;35;Y;Y;Y;Y;Y;N;Y
216102;3851;3843;2013;complete;1316;29;-1;44,74;;2;0;2;-1;-1;-1;-1;-1;0;3;0;2;-1;-1;-1;-1;-1;-1;-1;-1;-1;-1;0;7;0;0;0;0;0;0;0;0;0;0;0;0;0;0;0;0;0;0;0;0;0;0;0;0;0;0;0;0;0;0;0;0;0;0;0;0;0;0;0;0;0;0;0;0;0;0;0;0;0;0;0;0;0;0;0;0;0;0;0;0;0;0;0;0;0;0;0;0;2;1;0;1;0;1;1;2013-10-19 07:00:00;3851;0;65;29;37;0;-1;1;-1;-1;-1;-1;-1;-1;0;1;0;4;1;4;-1;0;0;0;0;0;0;0;0;0;0;0;0;0;1;1;0;0;-1;-1;0;0;-1;-1;-1;-1;-1;-1;-1;-1;-1;21;32;50;71;93;40;67;78;47;8;0;3.88;2.98;Goyang Zaicro;Suwon;1.15;1.5;1.06;1.75;1.18;1.25;79;68;50;29;7;0;0;0;0;0;0;753;35;Y;Y;N;N;N;N;N
216103;3841;3852;2013;complete;1316;29;-1;;29,44,86;0;3;3;-1;-1;-1;-1;-1;2;3;0;0;-1;-1;-1;-1;-1;-1;-1;-1;-1;-1;2;3;0;0;0;0;0;0;0;0;0;0;0;0;0;0;0;0;0;0;0;0;0;0;0;0;0;0;0;0;0;0;0;0;0;0;0;0;0;0;0;0;0;0;0;0;0;0;0;0;0;0;0;0;0;0;0;0;0;0;0;0;0;0;0;0;0;0;0;0;3;0;2;0;1;1;2;2013-10-20 05:00:00;3852;0;65;18;38;0;-1;1;-1;-1;-1;-1;-1;-1;1;1;1;2;2;3;-1;0;0;0;0;0;0;0;0;0;0;0;0;0;1;1;0;0;-1;-1;0;0;-1;-1;-1;-1;-1;-1;-1;-1;-1;16;34;57;82;100;24;56;90;62;0;0;3.44;3.03;Gwangju;Bucheon 1995;1.35;1.27;1.31;1.33;1.46;1;85;67;43;18;0;0;0;0;0;0;0;753;35;Y;Y;Y;N;N;N;N
216104;3848;3839;2013;complete;1316;29;-1;8,86;24,59,69;2;3;5;-1;-1;-1;-1;-1;1;0;0;0;-1;-1;-1;-1;-1;-1;-1;-1;-1;-1;1;0;0;0;0;0;0;0;0;0;0;0;0;0;0;0;0;0;0;0;0;0;0;0;0;0;0;0;0;0;0;0;0;0;0;0;0;0;0;0;0;0;0;0;0;0;0;0;0;0;0;0;0;0;0;0;0;0;0;0;0;0;0;0;0;0;0;0;0;0;5;1;1;1;2;3;2;2013-10-20 07:00:00;3839;0;60;24;35;0;-1;1;-1;-1;-1;-1;-1;-1;0;0;1;0;0;1;-1;0;0;0;0;0;0;0;0;0;0;0;0;0;1;1;1;0;-1;-1;0;0;-1;-1;-1;-1;-1;-1;-1;-1;-1;7;21;57;78;96;36;76;73;49;0;0;3.53;2.62;Anyang;Sangju Sangmu;1.14;2.2;1.06;2;1.32;2.11;93;79;44;22;4;0;0;0;0;0;0;753;35;Y;Y;Y;Y;Y;N;Y
216105;3843;3841;2013;complete;1316;30;-1;60,90;8;2;1;3;-1;-1;-1;-1;-1;1;2;0;0;-1;-1;-1;-1;-1;-1;-1;-1;-1;-1;1;2;0;0;0;0;0;0;0;0;0;0;0;0;0;0;0;0;0;0;0;0;0;0;0;0;0;0;0;0;0;0;0;0;0;0;0;0;0;0;0;0;0;0;0;0;0;0;0;0;0;0;0;0;0;0;0;0;0;0;0;0;0;0;0;0;0;0;0;0;3;0;1;2;0;2;1;2013-10-26 07:00:00;3843;0;76;29;36;0;-1;1;-1;-1;-1;-1;-1;-1;1;1;0;1;2;1;-1;0;0;0;0;0;0;0;0;0;0;0;0;0;1;1;0;1;-1;-1;0;0;-1;-1;-1;-1;-1;-1;-1;-1;-1;25;37;82;82;97;47;85;82;57;4;0;3.79;3.35;Suwon;Gwangju;1.21;1.73;0.88;1.67;1.21;1.41;75;64;18;18;3;0;0;0;0;0;0;753;35;Y;Y;Y;N;N;N;Y
216106;3852;3851;2013;complete;1316;30;-1;58,82,90;3,78,90;3;3;6;-1;-1;-1;-1;-1;1;2;0;0;-1;-1;-1;-1;-1;-1;-1;-1;-1;-1;1;2;0;0;0;0;0;0;0;0;0;0;0;0;0;0;0;0;0;0;0;0;0;0;0;0;0;0;0;0;0;0;0;0;0;0;0;0;0;0;0;0;0;0;0;0;0;0;0;0;0;0;0;0;0;0;0;0;0;0;0;0;0;0;0;0;0;0;0;0;6;0;1;3;2;5;1;2013-10-26 07:00:00;-1;0;59;18;15;0;-1;1;-1;-1;-1;-1;-1;-1;0;1;1;1;1;2;-1;0;0;0;0;0;0;0;0;0;0;0;0;0;1;1;0;1;-1;-1;0;0;-1;-1;-1;-1;-1;-1;-1;-1;-1;7;28;56;78;93;35;71;93;42;3;0;3.46;2.63;Bucheon 1995;Goyang Zaicro;0.7;1.2;0.75;1.33;1.07;1.24;94;73;45;22;7;0;0;0;0;0;0;753;35;Y;Y;Y;Y;Y;Y;Y
216107;3839;3849;2013;complete;1316;30;-1;62,90;;2;0;2;-1;-1;-1;-1;-1;2;4;0;0;-1;-1;-1;-1;-1;-1;-1;-1;-1;-1;2;4;0;0;0;0;0;0;0;0;0;0;0;0;0;0;0;0;0;0;0;0;0;0;0;0;0;0;0;0;0;0;0;0;0;0;0;0;0;0;0;0;0;0;0;0;0;0;0;0;0;0;0;0;0;0;0;0;0;0;0;0;0;0;0;0;0;0;0;0;2;0;0;2;0;2;0;2013-10-27 07:00:00;3839;0;61;10;32;0;-1;1;-1;-1;-1;-1;-1;-1;1;3;1;1;4;2;-1;0;0;0;0;0;0;0;0;0;0;0;0;0;1;1;0;0;-1;-1;0;0;-1;-1;-1;-1;-1;-1;-1;-1;-1;12;29;55;84;96;27;70;87;56;3.5;0;3.56;2.79;Sangju Sangmu;Asan Mugunghwa;2.2;1.83;2.19;2;2.14;2;89;72;45;17;5;0;0;0;0;0;0;753;35;Y;Y;N;N;N;N;N
216108;3848;3853;2013;complete;1316;30;-1;47;58;1;1;2;-1;-1;-1;-1;-1;2;2;0;0;-1;-1;-1;-1;-1;-1;-1;-1;-1;-1;2;2;0;0;0;0;0;0;0;0;0;0;0;0;0;0;0;0;0;0;0;0;0;0;0;0;0;0;0;0;0;0;0;0;0;0;0;0;0;0;0;0;0;0;0;0;0;0;0;0;0;0;0;0;0;0;0;0;0;0;0;0;0;0;0;0;0;0;0;0;2;0;0;1;1;2;0;2013-10-27 07:00:00;-1;0;48;26;32;0;-1;1;-1;-1;-1;-1;-1;-1;1;1;1;1;2;2;-1;0;0;0;0;0;0;0;0;0;0;0;0;0;1;1;0;0;-1;-1;0;0;-1;-1;-1;-1;-1;-1;-1;-1;-1;10;19;54;75;96;29;65;82;59;0;0;3.68;2.6;Anyang;Chungju;1.14;1;1;0.92;1.28;0.72;90;82;47;26;4;0;0;0;0;0;0;753;35;Y;Y;N;N;N;N;Y
216109;3853;3851;2013;complete;1316;31;-1;;;0;0;0;-1;-1;-1;-1;-1;1;1;0;1;-1;-1;-1;-1;-1;-1;-1;-1;-1;-1;1;3;0;0;0;0;0;0;0;0;0;0;0;0;0;0;0;0;0;0;0;0;0;0;0;0;0;0;0;0;0;0;0;0;0;0;0;0;0;0;0;0;0;0;0;0;0;0;0;0;0;0;0;0;0;0;0;0;0;0;0;0;0;0;0;0;0;0;0;0;0;0;0;0;0;0;0;2013-11-02 07:00:00;-1;0;67;14;35;0;-1;1;-1;-1;-1;-1;-1;-1;1;1;0;1;2;1;-1;0;0;0;0;0;0;0;0;0;0;0;0;0;1;1;0;0;-1;-1;1;0;-1;-1;-1;-1;-1;-1;-1;-1;-1;16;35;53;74;93;18;70;87;49;0;0;3.27;2.74;Chungju;Goyang Zaicro;0.7;1.2;0.59;1.31;0.73;1.23;84;65;48;26;7;0;0;0;0;0;0;753;35;N;N;N;N;N;N;N
216110;3839;3852;2013;complete;1316;31;-1;72,84;76;2;1;3;-1;-1;-1;-1;-1;3;1;0;0;-1;-1;-1;-1;-1;-1;-1;-1;-1;-1;3;1;0;0;0;0;0;0;0;0;0;0;0;0;0;0;0;0;0;0;0;0;0;0;0;0;0;0;0;0;0;0;0;0;0;0;0;0;0;0;0;0;0;0;0;0;0;0;0;0;0;0;0;0;0;0;0;0;0;0;0;0;0;0;0;0;0;0;0;0;3;0;0;2;1;3;0;2013-11-02 07:00:00;3839;0;58;11;35;0;-1;1;-1;-1;-1;-1;-1;-1;0;1;3;0;1;3;-1;0;0;0;0;0;0;0;0;0;0;0;0;0;1;1;0;0;-1;-1;0;0;-1;-1;-1;-1;-1;-1;-1;-1;-1;15;28;52;84;97;24;50;90;58;0;0;3.41;2.82;Sangju Sangmu;Bucheon 1995;2.2;1.27;2.24;1.46;2.17;1.07;86;72;49;17;3;0;0;0;0;0;0;753;35;Y;Y;Y;N;N;N;Y
216111;3841;3848;2013;complete;1316;31;-1;7,42,59,82;;4;0;4;-1;-1;-1;-1;-1;1;1;0;0;-1;-1;-1;-1;-1;-1;-1;-1;-1;-1;1;1;0;0;0;0;0;0;0;0;0;0;0;0;0;0;0;0;0;0;0;0;0;0;0;0;0;0;0;0;0;0;0;0;0;0;0;0;0;0;0;0;0;0;0;0;0;0;0;0;0;0;0;0;0;0;0;0;0;0;0;0;0;0;0;0;0;0;0;0;4;2;0;2;0;2;2;2013-11-03 05:00:00;3841;0;63;18;25;0;-1;1;-1;-1;-1;-1;-1;-1;0;0;1;1;0;2;-1;0;0;0;0;0;0;0;0;0;0;0;0;0;1;1;1;0;-1;-1;0;0;-1;-1;-1;-1;-1;-1;-1;-1;-1;12;33;71;83;100;47;86;86;48;0;0;3.14;3.04;Gwangju;Anyang;1.35;1.5;1.24;1.67;1.37;1.27;89;67;29;18;0;0;0;0;0;0;0;753;35;Y;Y;Y;Y;N;N;N
216112;3843;3849;2013;complete;1316;31;-1;33,73;;2;0;2;-1;-1;-1;-1;-1;1;1;0;1;-1;-1;-1;-1;-1;-1;-1;-1;-1;-1;1;3;0;0;0;0;0;0;0;0;0;0;0;0;0;0;0;0;0;0;0;0;0;0;0;0;0;0;0;0;0;0;0;0;0;0;0;0;0;0;0;0;0;0;0;0;0;0;0;0;0;0;0;0;0;0;0;0;0;0;0;0;0;0;0;0;0;0;0;0;2;1;0;1;0;1;1;2013-11-03 05:00:00;3843;0;67;19;36;0;-1;1;-1;-1;-1;-1;-1;-1;1;2;0;0;3;0;-1;0;0;0;0;0;0;0;0;0;0;0;0;0;1;1;0;0;-1;-1;0;0;-1;-1;-1;-1;-1;-1;-1;-1;-1;21;33;73;85;96;34;87;85;61;6.5;0;4.3;3.14;Suwon;Asan Mugunghwa;1.21;1.83;1;1.93;1.27;1.93;80;67;28;16;5;0;0;0;0;0;0;753;35;Y;Y;N;N;N;N;N
216113;3852;3849;2013;complete;1316;32;-1;8;50,69;1;2;3;-1;-1;-1;-1;-1;1;1;0;0;-1;-1;-1;-1;-1;-1;-1;-1;-1;-1;1;1;0;0;0;0;0;0;0;0;0;0;0;0;0;0;0;0;0;0;0;0;0;0;0;0;0;0;0;0;0;0;0;0;0;0;0;0;0;0;0;0;0;0;0;0;0;0;0;0;0;0;0;0;0;0;0;0;0;0;0;0;0;0;0;0;0;0;0;0;3;1;0;0;2;2;1;2013-11-09 05:00:00;3849;0;57;16;27;0;-1;1;-1;-1;-1;-1;-1;-1;1;1;0;0;2;0;-1;0;0;0;0;0;0;0;0;0;0;0;0;0;1;1;1;0;-1;-1;0;0;-1;-1;-1;-1;-1;-1;-1;-1;-1;17;38;66;85;96;34;79;91;57;6.5;0;4.32;3.12;Bucheon 1995;Asan Mugunghwa;0.7;1.83;0.76;1.87;1.03;1.87;83;62;34;16;5;0;0;0;0;0;0;753;35;Y;Y;Y;N;N;N;Y
216114;3848;3843;2013;complete;1316;32;-1;;81;0;1;1;-1;-1;-1;-1;-1;4;3;0;0;-1;-1;-1;-1;-1;-1;-1;-1;-1;-1;4;3;0;0;0;0;0;0;0;0;0;0;0;0;0;0;0;0;0;0;0;0;0;0;0;0;0;0;0;0;0;0;0;0;0;0;0;0;0;0;0;0;0;0;0;0;0;0;0;0;0;0;0;0;0;0;0;0;0;0;0;0;0;0;0;0;0;0;0;0;1;0;0;0;1;1;0;2013-11-09 07:00:00;3843;0;67;32;44;0;-1;1;-1;-1;-1;-1;-1;-1;3;1;1;2;4;3;-1;0;0;0;0;0;0;0;0;0;0;0;0;0;1;1;0;0;-1;-1;0;0;-1;-1;-1;-1;-1;-1;-1;-1;-1;13;30;54;76;96;39;65;91;54;6;0;3.99;2.83;Anyang;Suwon;1.14;1.5;1;1.62;1.23;1.32;87;71;47;24;4;0;0;0;0;0;0;753;35;Y;N;N;N;N;N;N
216115;3841;3853;2013;complete;1316;32;-1;19,26,51,55;;4;0;4;-1;-1;-1;-1;-1;1;2;0;2;-1;-1;-1;-1;-1;-1;-1;-1;-1;-1;1;5;0;0;0;0;0;0;0;0;0;0;0;0;0;0;0;0;0;0;0;0;0;0;0;0;0;0;0;0;0;0;0;0;0;0;0;0;0;0;0;0;0;0;0;0;0;0;0;0;0;0;0;0;0;0;0;0;0;0;0;0;0;0;0;0;0;0;0;0;4;2;0;2;0;2;2;2013-11-10 05:00:00;3841;0;44;16;23;0;-1;1;-1;-1;-1;-1;-1;-1;1;2;0;2;3;2;-1;0;0;0;0;0;0;0;2;0;2;0;0;0;1;1;0;0;-1;-1;0;0;-1;-1;-1;-1;-1;-1;-1;-1;-1;7;18;50;76;96;27;63;83;59;0;0;3.46;2.56;Gwangju;Chungju;1.35;1;1.33;0.92;1.42;0.74;93;82;51;24;4;0;0;0;0;0;0;753;35;Y;Y;Y;Y;N;N;N
216116;3851;3839;2013;complete;1316;32;-1;49,77;20,82,88;2;3;5;-1;-1;-1;-1;-1;1;1;0;0;-1;-1;-1;-1;-1;-1;-1;-1;-1;-1;1;1;0;0;0;0;0;0;0;0;0;0;0;0;0;0;0;0;0;0;0;0;0;0;0;0;0;0;0;0;0;0;0;0;0;0;0;0;0;0;0;0;0;0;0;0;0;0;0;0;0;0;0;0;0;0;0;0;0;0;0;0;0;0;0;0;0;0;0;0;5;0;1;2;2;4;1;2013-11-10 07:00:00;3839;0;57;24;30;0;-1;1;-1;-1;-1;-1;-1;-1;1;1;0;0;2;0;-1;0;0;0;0;0;0;0;0;0;0;0;0;0;1;1;0;0;-1;-1;0;0;-1;-1;-1;-1;-1;-1;-1;-1;-1;20;26;51;77;93;37;81;64;44;2;0;3.54;2.84;Goyang Zaicro;Sangju Sangmu;1.15;2.2;1.18;2.08;1.23;2.19;81;74;50;24;7;0;0;0;0;0;0;753;35;Y;Y;Y;Y;Y;N;Y
216117;3853;3843;2013;complete;1316;33;-1;21,82;46;2;1;3;-1;-1;-1;-1;-1;1;0;0;0;-1;-1;-1;-1;-1;-1;-1;-1;-1;-1;1;0;0;0;0;0;0;0;0;0;0;0;0;0;0;0;0;0;0;0;0;0;0;0;0;0;0;0;0;0;0;0;0;0;0;0;0;0;0;0;0;0;0;0;0;0;0;0;0;0;0;0;0;0;0;0;0;0;0;0;0;0;0;0;0;0;0;0;0;0;3;1;0;1;1;2;1;2013-11-16 07:00:00;3853;0;59;20;40;0;-1;1;-1;-1;-1;-1;-1;-1;0;0;1;0;0;1;-1;0;0;0;0;0;0;0;0;0;0;0;0;0;1;1;0;0;-1;-1;0;0;-1;-1;-1;-1;-1;-1;-1;-1;-1;18;37;50;66;91;24;62;86;50;6;0;4.11;2.71;Chungju;Suwon;0.7;1.5;0.61;1.71;0.72;1.38;82;64;51;35;9;0;0;0;0;0;0;753;35;Y;Y;Y;N;N;N;Y
216118;3839;3841;2013;complete;1316;33;-1;41;11,41;1;2;3;-1;-1;-1;-1;-1;2;1;0;0;-1;-1;-1;-1;-1;-1;-1;-1;-1;-1;2;1;0;0;0;0;0;0;0;0;0;0;0;0;0;0;0;0;0;0;0;0;0;0;0;0;0;0;0;0;0;0;0;0;0;0;0;0;0;0;0;0;0;0;0;0;0;0;0;0;0;0;0;0;0;0;0;0;0;0;0;0;0;0;0;0;0;0;0;0;3;1;2;0;0;0;3;2013-11-16 07:00:00;3841;0;71;19;30;0;-1;1;-1;-1;-1;-1;-1;-1;0;0;2;1;0;3;-1;0;0;0;0;0;0;0;0;0;0;0;0;0;1;1;0;0;-1;-1;0;0;-1;-1;-1;-1;-1;-1;-1;-1;-1;15;28;65;84;97;34;64;87;59;1;0;3.2;2.95;Sangju Sangmu;Gwangju;2.2;1.73;2.28;1.54;2.22;1.47;86;73;36;16;3;0;0;0;0;0;0;753;35;Y;Y;Y;N;N;N;Y
216119;3852;3848;2013;complete;1316;33;-1;;;0;0;0;-1;-1;-1;-1;-1;1;1;0;0;-1;-1;-1;-1;-1;-1;-1;-1;-1;-1;1;1;0;0;0;0;0;0;0;0;0;0;0;0;0;0;0;0;0;0;0;0;0;0;0;0;0;0;0;0;0;0;0;0;0;0;0;0;0;0;0;0;0;0;0;0;0;0;0;0;0;0;0;0;0;0;0;0;0;0;0;0;0;0;0;0;0;0;0;0;0;0;0;0;0;0;0;2013-11-17 05:00:00;-1;0;59;16;20;0;-1;1;-1;-1;-1;-1;-1;-1;0;1;1;0;1;1;-1;0;0;0;0;0;0;0;0;0;0;0;0;0;1;1;0;0;-1;-1;0;0;-1;-1;-1;-1;-1;-1;-1;-1;-1;16;43;79;84;97;51;89;90;51;3;0;3.55;3.24;Bucheon 1995;Anyang;0.7;1.5;0.72;1.54;1;1.19;84;58;22;16;3;0;0;0;0;0;0;753;35;N;N;N;N;N;N;N
216120;3851;3849;2013;complete;1316;33;-1;76;;1;0;1;-1;-1;-1;-1;-1;1;2;0;0;-1;-1;-1;-1;-1;-1;-1;-1;-1;-1;1;2;0;0;0;0;0;0;0;0;0;0;0;0;0;0;0;0;0;0;0;0;0;0;0;0;0;0;0;0;0;0;0;0;0;0;0;0;0;0;0;0;0;0;0;0;0;0;0;0;0;0;0;0;0;0;0;0;0;0;0;0;0;0;0;0;0;0;0;0;1;0;0;1;0;1;0;2013-11-17 07:00:00;3851;0;62;18;34;0;-1;1;-1;-1;-1;-1;-1;-1;0;0;1;2;0;3;-1;0;0;0;0;0;0;0;0;0;0;0;0;0;1;1;0;0;-1;-1;0;0;-1;-1;-1;-1;-1;-1;-1;-1;-1;22;34;57;83;96;29;80;78;54;5.5;0;4.1;3.12;Goyang Zaicro;Asan Mugunghwa;1.15;1.83;1.11;1.91;1.19;1.91;78;67;44;18;5;0;0;0;0;0;0;753;35;Y;N;N;N;N;N;N
216121;3853;3839;2013;complete;1316;34;-1;22,63;27,32,71;2;3;5;-1;-1;-1;-1;-1;2;0;0;0;-1;-1;-1;-1;-1;-1;-1;-1;-1;-1;2;0;0;0;0;0;0;0;0;0;0;0;0;0;0;0;0;0;0;0;0;0;0;0;0;0;0;0;0;0;0;0;0;0;0;0;0;0;0;0;0;0;0;0;0;0;0;0;0;0;0;0;0;0;0;0;0;0;0;0;0;0;0;0;0;0;0;0;0;0;5;1;2;1;1;2;3;2013-11-23 05:00:00;3839;0;60;16;42;0;-1;1;-1;-1;-1;-1;-1;-1;1;0;1;0;1;1;-1;0;0;0;0;0;0;0;0;0;0;0;0;0;1;1;0;0;-1;-1;0;0;-1;-1;-1;-1;-1;-1;-1;-1;-1;21;36;58;74;91;24;77;72;54;0;0;3.37;2.79;Chungju;Sangju Sangmu;0.7;2.2;0.74;2.14;0.79;2.15;79;65;43;27;9;0;0;0;0;0;0;753;35;Y;Y;Y;Y;Y;N;Y
216122;3841;3849;2013;complete;1316;34;-1;77;11,54,90;1;3;4;-1;-1;-1;-1;-1;3;2;1;1;-1;-1;-1;-1;-1;-1;-1;-1;-1;-1;5;4;0;0;0;0;0;0;0;0;0;0;0;0;0;0;0;0;0;0;0;0;0;0;0;0;0;0;0;0;0;0;0;0;0;0;0;0;0;0;0;0;0;0;0;0;0;0;0;0;0;0;0;0;0;0;0;0;0;0;0;0;0;0;0;0;0;0;0;0;4;0;1;1;2;3;1;2013-11-23 05:00:00;3849;0;57;14;27;0;-1;1;-1;-1;-1;-1;-1;-1;0;1;4;2;1;6;-1;0;0;0;0;0;0;0;0;1;0;1;0;0;1;1;0;0;-1;-1;0;0;-1;-1;-1;-1;-1;-1;-1;-1;-1;10;33;62;85;99;33;77;89;60;3.5;0;3.72;2.98;Gwangju;Asan Mugunghwa;1.35;1.83;1.42;1.85;1.52;1.85;90;68;38;16;2;0;0;0;0;0;0;753;35;Y;Y;Y;Y;N;N;Y
216123;3843;3852;2013;complete;1316;34;-1;59,63;38;2;1;3;-1;-1;-1;-1;-1;2;1;0;0;-1;-1;-1;-1;-1;-1;-1;-1;-1;-1;2;1;0;0;0;0;0;0;0;0;0;0;0;0;0;0;0;0;0;0;0;0;0;0;0;0;0;0;0;0;0;0;0;0;0;0;0;0;0;0;0;0;0;0;0;0;0;0;0;0;0;0;0;0;0;0;0;0;0;0;0;0;0;0;0;0;0;0;0;0;3;0;1;2;0;2;1;2013-11-24 05:00:00;3843;0;66;18;42;0;-1;1;-1;-1;-1;-1;-1;-1;1;0;1;1;1;2;-1;0;0;0;0;0;0;0;0;0;0;0;0;0;1;1;0;0;-1;-1;0;0;-1;-1;-1;-1;-1;-1;-1;-1;-1;22;32;71;85;97;30;69;88;60;3;0;3.92;3.16;Suwon;Bucheon 1995;1.21;1.27;1.11;1.36;1.33;1;79;68;29;16;3;0;0;0;0;0;0;753;35;Y;Y;Y;N;N;N;Y
216124;3848;3851;2013;complete;1316;34;-1;69;;1;0;1;-1;-1;-1;-1;-1;1;2;0;0;-1;-1;-1;-1;-1;-1;-1;-1;-1;-1;1;2;0;0;0;0;0;0;0;0;0;0;0;0;0;0;0;0;0;0;0;0;0;0;0;0;0;0;0;0;0;0;0;0;0;0;0;0;0;0;0;0;0;0;0;0;0;0;0;0;0;0;0;0;0;0;0;0;0;0;0;0;0;0;0;0;0;0;0;0;1;0;0;1;0;1;0;2013-11-24 05:00:00;3848;0;66;23;34;0;-1;1;-1;-1;-1;-1;-1;-1;1;0;0;2;1;2;-1;0;0;0;0;0;0;0;1;0;1;0;0;0;1;1;0;0;-1;-1;0;0;-1;-1;-1;-1;-1;-1;-1;-1;-1;9;24;51;75;93;29;64;88;47;0;0;3.38;2.58;Anyang;Goyang Zaicro;1.14;1.2;0.95;1.29;1.18;1.24;91;77;50;25;7;0;0;0;0;0;0;753;35;Y;N;N;N;N;N;N
216125;3839;3843;2013;complete;1316;35;-1;5,70,73,79;41;4;1;5;-1;-1;-1;-1;-1;1;1;0;0;-1;-1;-1;-1;-1;-1;-1;-1;-1;-1;1;1;0;0;0;0;0;0;0;0;0;0;0;0;0;0;0;0;0;0;0;0;0;0;0;0;0;0;0;0;0;0;0;0;0;0;0;0;0;0;0;0;0;0;0;0;0;0;0;0;0;0;0;0;0;0;0;0;0;0;0;0;0;0;0;0;0;0;0;0;5;1;1;3;0;3;2;2013-11-30 05:00:00;3839;0;59;19;33;0;-1;1;-1;-1;-1;-1;-1;-1;0;0;1;1;0;2;-1;0;0;0;0;0;0;0;0;0;0;0;0;0;1;1;1;0;-1;-1;0;0;-1;-1;-1;-1;-1;-1;-1;-1;-1;9;22;47;76;94;30;57;89;50;6;0;3.65;2.57;Sangju Sangmu;Suwon;2.2;1.5;2.16;1.6;2.18;1.38;91;79;53;25;6;0;0;0;0;0;0;753;35;Y;Y;Y;Y;Y;N;Y
216126;3851;3841;2013;complete;1316;35;-1;;75;0;1;1;-1;-1;-1;-1;-1;2;1;0;0;-1;-1;-1;-1;-1;-1;-1;-1;-1;-1;2;1;0;0;0;0;0;0;0;0;0;0;0;0;0;0;0;0;0;0;0;0;0;0;0;0;0;0;0;0;0;0;0;0;0;0;0;0;0;0;0;0;0;0;0;0;0;0;0;0;0;0;0;0;0;0;0;0;0;0;0;0;0;0;0;0;0;0;0;0;1;0;0;0;1;1;0;2013-11-30 05:00:00;3841;0;72;29;31;0;-1;1;-1;-1;-1;-1;-1;-1;1;0;1;1;1;2;-1;0;0;0;0;0;0;0;0;0;0;0;0;0;1;1;0;0;-1;-1;0;0;-1;-1;-1;-1;-1;-1;-1;-1;-1;24;34;67;80;98;41;77;74;50;3;0;3.46;3.24;Goyang Zaicro;Gwangju;1.15;1.73;1.21;1.64;1.21;1.47;77;66;34;20;3;0;0;0;0;0;0;753;35;Y;N;N;N;N;N;N
216127;3852;3853;2013;complete;1316;35;-1;;55;0;1;1;-1;-1;-1;-1;-1;0;4;0;0;-1;-1;-1;-1;-1;-1;-1;-1;-1;-1;0;4;0;0;0;0;0;0;0;0;0;0;0;0;0;0;0;0;0;0;0;0;0;0;0;0;0;0;0;0;0;0;0;0;0;0;0;0;0;0;0;0;0;0;0;0;0;0;0;0;0;0;0;0;0;0;0;0;0;0;0;0;0;0;0;0;0;0;0;0;1;0;0;0;1;1;0;2013-11-30 05:00:00;3853;0;41;15;19;0;-1;1;-1;-1;-1;-1;-1;-1;0;2;0;2;2;2;-1;0;0;0;0;0;0;0;0;0;0;0;0;0;1;1;0;0;-1;-1;0;1;-1;-1;-1;-1;-1;-1;-1;-1;-1;12;26;56;75;91;29;66;84;59;3;0;4.12;2.68;Bucheon 1995;Chungju;0.7;1;0.74;0.86;0.97;0.76;89;75;45;25;9;0;0;0;0;0;0;753;35;Y;N;N;N;N;N;N
216128;3848;3849;2013;complete;1316;35;-1;7,23,83,85;;4;0;4;-1;-1;-1;-1;-1;1;3;0;0;-1;-1;-1;-1;-1;-1;-1;-1;-1;-1;1;3;0;0;0;0;0;0;0;0;0;0;0;0;0;0;0;0;0;0;0;0;0;0;0;0;0;0;0;0;0;0;0;0;0;0;0;0;0;0;0;0;0;0;0;0;0;0;0;0;0;0;0;0;0;0;0;0;0;0;0;0;0;0;0;0;0;0;0;0;4;2;0;2;0;2;2;2013-11-30 05:00:00;3848;0;64;21;40;0;-1;1;-1;-1;-1;-1;-1;-1;1;1;0;2;2;2;-1;0;0;0;0;0;0;0;0;0;0;0;0;0;1;1;1;0;-1;-1;0;0;-1;-1;-1;-1;-1;-1;-1;-1;-1;13;30;59;80;99;30;70;89;59;3.5;0;4.11;2.87;Anyang;Asan Mugunghwa;1.14;1.83;1.05;1.88;1.24;1.88;88;70;42;20;2;0;0;0;0;0;0;753;35;Y;Y;Y;Y;N;N;N
