ID;HOMEID;AWAYID;SEASON;STATUS;ROUNDID;GAME_WEEK;REVISED_GAME_WEEK;HOMEGOALS;AWAYGOALS;HOMEGOALCOUNT;AWAYGOALCOUNT;TOTALGOALCOUNT;TEAM_A_CORNERS;TEAM_B_CORNERS;TOTALCORNERCOUNT;TEAM_A_OFFSIDES;TEAM_B_OFFSIDES;TEAM_A_YELLOW_CARDS;TEAM_B_YELLOW_CARDS;TEAM_A_RED_CARDS;TEAM_B_RED_CARDS;TEAM_A_SHOTSONTARGET;TEAM_B_SHOTSONTARGET;TEAM_A_SHOTSOFFTARGET;TEAM_B_SHOTSOFFTARGET;TEAM_A_SHOTS;TEAM_B_SHOTS;TEAM_A_FOULS;TEAM_B_FOULS;TEAM_A_POSSESSION;TEAM_B_POSSESSION;TEAM_A_CARDS_NUM;TEAM_B_CARDS_NUM;ODDS_FT_1;ODDS_FT_X;ODDS_FT_2;ODDS_FT_OVER05;ODDS_FT_OVER15;ODDS_FT_OVER25;ODDS_FT_OVER35;ODDS_FT_OVER45;ODDS_FT_UNDER05;ODDS_FT_UNDER15;ODDS_FT_UNDER25;ODDS_FT_UNDER35;ODDS_FT_UNDER45;ODDS_BTTS_YES;ODDS_BTTS_NO;ODDS_TEAM_A_CS_YES;ODDS_TEAM_A_CS_NO;ODDS_TEAM_B_CS_YES;ODDS_TEAM_B_CS_NO;ODDS_DOUBLECHANCE_1X;ODDS_DOUBLECHANCE_12;ODDS_DOUBLECHANCE_X2;ODDS_1ST_HALF_RESULT_1;ODDS_1ST_HALF_RESULT_X;ODDS_1ST_HALF_RESULT_2;ODDS_2ND_HALF_RESULT_1;ODDS_2ND_HALF_RESULT_X;ODDS_2ND_HALF_RESULT_2;ODDS_DNB_1;ODDS_DNB_2;ODDS_CORNERS_OVER_75;ODDS_CORNERS_OVER_85;ODDS_CORNERS_OVER_95;ODDS_CORNERS_OVER_105;ODDS_CORNERS_OVER_115;ODDS_CORNERS_UNDER_75;ODDS_CORNERS_UNDER_85;ODDS_CORNERS_UNDER_95;ODDS_CORNERS_UNDER_105;ODDS_CORNERS_UNDER_115;ODDS_CORNERS_1;ODDS_CORNERS_X;ODDS_CORNERS_2;ODDS_TEAM_TO_SCORE_FIRST_1;ODDS_TEAM_TO_SCORE_FIRST_X;ODDS_TEAM_TO_SCORE_FIRST_2;ODDS_WIN_TO_NIL_1;ODDS_WIN_TO_NIL_2;ODDS_1ST_HALF_OVER05;ODDS_1ST_HALF_OVER15;ODDS_1ST_HALF_OVER25;ODDS_1ST_HALF_OVER35;ODDS_1ST_HALF_UNDER05;ODDS_1ST_HALF_UNDER15;ODDS_1ST_HALF_UNDER25;ODDS_1ST_HALF_UNDER35;ODDS_2ND_HALF_OVER05;ODDS_2ND_HALF_OVER15;ODDS_2ND_HALF_OVER25;ODDS_2ND_HALF_OVER35;ODDS_2ND_HALF_UNDER05;ODDS_2ND_HALF_UNDER15;ODDS_2ND_HALF_UNDER25;ODDS_2ND_HALF_UNDER35;ODDS_BTTS_1ST_HALF_YES;ODDS_BTTS_1ST_HALF_NO;ODDS_BTTS_2ND_HALF_YES;ODDS_BTTS_2ND_HALF_NO;OVERALLGOALCOUNT;HT_GOALS_TEAM_A;HT_GOALS_TEAM_B;GOALS_2HG_TEAM_A;GOALS_2HG_TEAM_B;GOALCOUNT_2HG;HTGOALCOUNT;DATE_UNIX;WINNINGTEAM;NO_HOME_AWAY;BTTS_POTENTIAL;BTTS_FHG_POTENTIAL;BTTS_2HG_POTENTIAL;GOALTIMINGDISABLED;CORNER_TIMINGS_RECORDED;CARD_TIMINGS_RECORDED;TEAM_A_FH_CORNERS;TEAM_B_FH_CORNERS;TEAM_A_2H_CORNERS;TEAM_B_2H_CORNERS;CORNER_FH_COUNT;CORNER_2H_COUNT;TEAM_A_FH_CARDS;TEAM_B_FH_CARDS;TEAM_A_2H_CARDS;TEAM_B_2H_CARDS;TOTAL_FH_CARDS;TOTAL_2H_CARDS;ATTACKS_RECORDED;TEAM_A_DANGEROUS_ATTACKS;TEAM_B_DANGEROUS_ATTACKS;TEAM_A_ATTACKS;TEAM_B_ATTACKS;TEAM_A_XG;TEAM_B_XG;TOTAL_XG;TEAM_A_PENALTIES_WON;TEAM_B_PENALTIES_WON;TEAM_A_PENALTY_GOALS;TEAM_B_PENALTY_GOALS;TEAM_A_PENALTY_MISSED;TEAM_B_PENALTY_MISSED;PENS_RECORDED;GOAL_TIMINGS_RECORDED;TEAM_A_0_10_MIN_GOALS;TEAM_B_0_10_MIN_GOALS;TEAM_A_CORNERS_0_10_MIN;TEAM_B_CORNERS_0_10_MIN;TEAM_A_CARDS_0_10_MIN;TEAM_B_CARDS_0_10_MIN;THROWINS_RECORDED;TEAM_A_THROWINS;TEAM_B_THROWINS;FREEKICKS_RECORDED;TEAM_A_FREEKICKS;TEAM_B_FREEKICKS;GOALKICKS_RECORDED;TEAM_A_GOALKICKS;TEAM_B_GOALKICKS;O45_POTENTIAL;O35_POTENTIAL;O25_POTENTIAL;O15_POTENTIAL;O05_POTENTIAL;O15HT_POTENTIAL;O05HT_POTENTIAL;O05_2H_POTENTIAL;O15_2H_POTENTIAL;CORNERS_POTENTIAL;OFFSIDES_POTENTIAL;CARDS_POTENTIAL;AVG_POTENTIAL;HOME_NAME;AWAY_NAME;HOME_PPG;AWAY_PPG;PRE_MATCH_HOME_PPG;PRE_MATCH_AWAY_PPG;PRE_MATCH_TEAMA_OVERALL_PPG;PRE_MATCH_TEAMB_OVERALL_PPG;U45_POTENTIAL;U35_POTENTIAL;U25_POTENTIAL;U15_POTENTIAL;U05_POTENTIAL;CORNERS_O85_POTENTIAL;CORNERS_O95_POTENTIAL;CORNERS_O105_POTENTIAL;TEAM_A_XG_PREMATCH;TEAM_B_XG_PREMATCH;TOTAL_XG_PREMATCH;COMPETITION_ID;MATCHES_COMPLETED_MINIMUM;OVER05;OVER15;OVER25;OVER35;OVER45;OVER55;BTTS
1002429;424;417;2020;complete;55137;1;-1;39;59;1;1;2;4;6;10;4;3;0;3;0;1;5;4;2;6;7;10;12;7;47;53;0;4;3.35;3.2;2.2;1.06;1.37;2.15;3.95;7.75;8.25;3;1.67;1.23;1.07;1.87;1.87;3.5;1.29;2.62;1.44;1.67;1.33;1.33;4;2.1;2.88;3.4;2.38;2.5;0;0;0;0;0;0;0;0;0;0;0;0;0;0;0;0;0;0;0;0;1.44;3.25;10;26;2.62;1.33;1.06;1.01;1.29;2.25;5.5;15;3.5;1.57;1.14;1.03;0;0;0;0;2;1;0;0;1;1;1;2020-07-01 15:30:00;-1;0;0;0;0;0;1;1;2;5;2;1;7;3;0;0;0;4;0;4;1;57;53;91;99;1.21;1.3;2.51;1;0;1;0;0;0;1;1;0;0;0;0;0;0;-1;-1;-1;-1;-1;-1;-1;-1;-1;0;0;0;0;0;0;0;0;0;0;0;0;0;Haka;Honka;0.45;1.64;0;0;0;0;0;0;0;0;0;0;0;0;0;0;0;3645;22;Y;Y;N;N;N;N;Y
1002430;413;412;2020;complete;55137;1;-1;;34,36,64,78;0;4;4;5;3;8;1;2;3;1;0;0;2;6;2;3;4;9;10;17;51;49;3;1;7.5;4.3;1.43;1.03;1.27;1.87;3.2;6;10.25;3.6;1.91;1.33;1.11;2.1;1.69;6.5;1.11;1.83;1.83;2.75;1.2;1.08;7;2.3;1.95;6.5;2.62;1.67;0;0;0;0;0;0;0;0;0;0;0;0;0;0;0;0;0;0;0;0;1.36;2.75;7;21;3;1.4;1.1;1.02;1.22;2.1;4.5;13;4;1.67;1.18;1.04;0;0;0;0;4;0;2;0;2;2;2;2020-07-01 15:30:00;412;0;0;0;0;0;1;1;3;1;2;2;4;4;2;1;1;0;3;1;1;53;47;84;72;0.78;1.33;2.11;0;0;0;0;0;0;1;1;0;0;1;0;0;1;-1;-1;-1;-1;-1;-1;-1;-1;-1;0;0;0;0;0;0;0;0;0;0;0;0;0;Lahti;HJK;1.55;2.27;0;0;0;0;0;0;0;0;0;0;0;0;0;0;0;3645;22;Y;Y;Y;Y;N;N;N
1002431;404;411;2020;complete;55137;1;-1;;3,7,14;0;3;3;9;6;15;5;3;2;1;0;0;2;7;6;5;8;12;11;15;56;44;2;1;4.15;3.25;1.91;1.07;1.33;2.08;3.75;8;9;3.25;1.73;1.25;1.08;1.91;1.91;4;1.22;2.5;1.5;1.8;1.33;1.22;4.5;2.1;2.6;4;2.4;2.25;0;0;0;0;0;0;0;0;0;0;0;0;0;0;0;0;0;0;0;0;1.44;3;9;23;2.62;1.36;1.07;1.01;1.25;2.2;5;15;3.75;1.62;1.17;1.03;0;0;0;0;3;0;3;0;0;0;3;2020-07-01 15:30:00;411;0;0;0;0;0;1;1;3;4;6;2;7;8;1;1;1;0;2;1;1;24;30;71;56;0.83;1.46;2.29;0;0;0;0;0;0;1;1;0;2;0;1;0;0;-1;-1;-1;-1;-1;-1;-1;-1;-1;0;0;0;0;0;0;0;0;0;0;0;0;0;HIFK;KuPS;1.36;1.73;0;0;0;0;0;0;0;0;0;0;0;0;0;0;0;3645;22;Y;Y;Y;N;N;N;N
1002432;407;410;2020;complete;55137;1;-1;51,64,66,80;21,62,90;4;3;7;7;4;11;3;1;1;2;0;0;10;6;20;3;30;9;9;15;50;50;1;2;1.54;3.95;6;1.06;1.39;2.2;4.15;8.25;8;2.9;1.62;1.22;1.06;2.25;1.59;1.83;1.83;4.5;1.18;1.12;1.25;2.25;2.2;2.1;6.5;1.91;2.4;5.5;0;0;0;0;0;0;0;0;0;0;0;0;0;0;0;0;0;0;0;0;1.44;3.25;10;26;2.62;1.33;1.06;1.01;1.29;2.38;5.5;15;3.5;1.53;1.14;1.03;0;0;0;0;7;0;1;4;2;6;1;2020-07-01 15:30:00;407;0;0;0;0;0;1;1;5;2;2;2;7;4;0;1;1;1;1;2;1;81;62;108;116;3.16;1.45;4.61;0;0;0;0;0;0;1;1;0;0;0;0;0;0;-1;-1;-1;-1;-1;-1;-1;-1;-1;0;0;0;0;0;0;0;0;0;0;0;0;0;Ilves;Mariehamn;1.73;1;0;0;0;0;0;0;0;0;0;0;0;0;0;0;0;3645;22;Y;Y;Y;Y;Y;Y;Y
1002433;102;415;2020;complete;55137;1;-1;11;;1;0;1;4;6;10;1;1;0;1;0;1;4;3;5;11;9;14;7;19;49;51;0;2;2.3;3.2;3.15;1.07;1.33;2.1;3.75;8;9;3.25;1.7;1.25;1.08;1.8;1.95;2.75;1.4;3.5;1.29;1.36;1.36;1.57;3.1;2.05;3.6;2.62;2.38;3.2;0;0;0;0;0;0;0;0;0;0;0;0;0;0;0;0;0;0;0;0;1.44;3.25;9;26;2.62;1.33;1.07;1.01;1.25;2.2;5;15;3.75;1.62;1.17;1.03;0;0;0;0;1;1;0;0;0;0;1;2020-07-01 15:30:00;102;0;0;0;0;0;1;1;2;3;2;3;5;5;0;0;0;2;0;2;1;77;85;103;102;1.41;1.7;3.11;0;0;0;0;0;0;1;1;0;0;0;0;0;0;-1;-1;-1;-1;-1;-1;-1;-1;-1;0;0;0;0;0;0;0;0;0;0;0;0;0;SJK;TPS;1.27;0.45;0;0;0;0;0;0;0;0;0;0;0;0;0;0;0;3645;22;Y;N;N;N;N;N;N
1002434;406;409;2020;complete;55137;1;-1;27,81,88;67;3;1;4;10;1;11;2;1;2;3;0;0;11;4;12;3;23;7;8;15;59;41;2;3;1.33;4.85;9.25;1.04;1.29;1.91;3.3;6.35;9.75;3.45;1.83;1.31;1.1;2.3;1.57;1.83;1.83;7;1.1;1.07;1.22;2.75;1.9;2.4;7.5;1.66;2.62;7;0;0;1.31;1.56;1.9;1.9;3.52;3.3;2.33;1.8;1.8;1.27;1.21;9.5;5.8;1.28;10;4.33;2;9.75;1.36;2.62;7;21;3;1.44;1.1;1.01;1.22;2.05;4.33;9;3.8;1.7;1.18;1.03;0;0;0;0;4;1;0;2;1;3;1;2020-07-02 15:00:00;406;0;0;0;0;0;1;1;6;1;4;0;7;4;2;1;0;2;3;2;1;63;21;119;100;2.67;0.89;3.56;0;0;0;0;0;0;1;1;0;0;2;0;1;0;-1;-1;-1;-1;-1;-1;-1;-1;-1;0;0;0;0;0;0;0;0;0;0;0;0;0;Inter Turku;RoPS;2.55;0.27;0;0;0;0;0;0;0;0;0;0;0;0;0;0;0;3645;22;Y;Y;Y;Y;N;N;Y
1002435;411;406;2020;complete;55137;2;-1;69;;1;0;1;12;1;13;1;4;1;2;0;0;2;0;15;6;17;6;19;16;58;42;1;2;2.1;3.45;3.3;1.04;1.28;1.87;3.25;6.15;10;3.55;1.87;1.33;1.11;1.74;2;2.85;1.38;4;1.22;1.28;1.27;1.74;2.82;2.25;4.05;2.5;2.53;3.6;0;0;1.24;1.46;1.81;2.3;3.1;3.6;2.55;1.94;1.54;1.32;1.69;5.3;2.65;1.67;10.25;2.35;3.4;5.45;1.41;2.97;7.2;15;3.03;1.42;1.09;1.02;1.19;2.01;3.9;9;4.43;1.67;1.17;1.05;0;0;0;0;1;0;0;1;0;1;0;2020-07-07 15:30:00;411;0;0;0;0;0;1;1;7;0;5;1;7;6;1;0;0;2;1;2;1;84;33;73;59;1.8;0.62;2.42;0;0;0;0;0;0;1;1;0;0;0;0;0;0;-1;-1;-1;-1;-1;-1;-1;-1;-1;0;0;0;0;0;0;0;0;0;0;0;0;0;KuPS;Inter Turku;2;1.18;0;0;3;3;0;0;0;0;0;0;0;0;0;0;0;3645;22;Y;N;N;N;N;N;N
1002436;415;407;2020;complete;55137;2;-1;;68;0;1;1;8;4;12;3;0;2;1;0;1;4;5;6;5;10;10;17;9;54;46;2;2;3.92;3.25;1.97;1.07;1.39;2.21;4.06;7.15;9.2;3.13;1.71;1.26;1.08;1.91;1.8;3.9;1.22;2.37;1.53;1.79;1.34;1.26;4.69;2.17;2.69;3.9;2.41;2.28;0;0;1.24;1.46;1.81;2.3;3.1;3.6;2.55;1.94;1.54;1.32;3.25;5.6;1.5;2.49;9.2;1.68;5.7;3;1.47;3.31;9;15;2.78;1.35;1.06;1.02;1.25;2.27;4.55;11;3.77;1.53;1.12;1.03;0;0;0;0;1;0;0;0;1;1;0;2020-07-07 15:30:00;407;0;0;0;0;0;1;1;5;2;3;2;7;5;0;2;2;0;2;2;1;63;43;123;104;1.38;1.3;2.68;0;0;0;0;0;0;1;1;0;0;1;0;0;1;-1;-1;-1;-1;-1;-1;-1;-1;-1;0;0;0;0;0;0;0;0;0;0;0;0;0;TPS;Ilves;1.45;1.55;0;0;0;3;0;0;0;0;0;0;0;0;0;0;0;3645;22;Y;N;N;N;N;N;N
1002437;413;102;2020;complete;55137;2;-1;;;0;0;0;7;5;12;0;2;1;2;0;0;4;2;6;4;10;6;8;9;47;53;1;2;2.7;3.3;2.55;1.07;1.4;2.25;4.25;8.25;7.75;2.85;1.62;1.21;1.06;1.95;1.8;2.95;1.36;3;1.36;1.45;1.36;1.47;3.51;2.04;3.7;2.89;2.35;2.96;0;0;1.31;1.57;2;2.6;3.6;3.1;2.25;1.75;1.43;1.24;2.43;7;1.82;2;8.6;2.03;4.05;3.85;1.54;3.44;9.75;17;2.57;1.33;1.06;1.01;1.26;2.35;4.75;11;3.63;1.5;1.11;1.03;0;0;0;0;0;0;0;0;0;0;0;2020-07-08 15:30:00;-1;0;0;0;0;0;1;1;4;4;3;1;8;4;0;1;1;1;1;2;1;68;96;112;139;1.41;1.23;2.64;0;0;0;0;0;0;1;1;0;0;0;2;0;0;-1;-1;-1;-1;-1;-1;-1;-1;-1;0;50;50;50;50;50;50;50;50;5;1;3;2;Lahti;SJK;1.55;1.36;0;0;0;3;50;0;0;0;0;0;0;0;0.78;0;0.78;3645;22;N;N;N;N;N;N;N
1002438;412;424;2020;complete;55137;2;-1;10,54,81;56;3;1;4;13;2;15;3;3;0;2;0;1;9;4;6;1;15;5;7;8;61;39;0;3;1.34;5.35;7.75;1.01;1.19;1.62;2.55;4.55;12.75;4.5;2.25;1.49;1.19;1.91;1.8;2;1.74;9;1.07;1.1;1.18;3.02;1.9;2.62;7.37;1.61;2.98;6.5;0;0;1.27;1.49;1.72;2.4;3.28;3.38;2.43;2;1.5;1.29;1.2;10;6;1.33;17;3.4;2.15;9.75;1.32;2.57;5.8;12;3.31;1.54;1.12;1.03;1.15;1.82;3.37;8;5.2;1.82;1.23;1.06;0;0;0;0;4;1;0;2;1;3;1;2020-07-08 15:30:00;412;0;0;0;0;0;1;1;7;2;6;0;9;6;0;0;0;3;0;3;1;78;33;115;97;2.14;0.85;2.99;1;0;1;0;0;0;1;1;1;0;5;0;0;0;-1;-1;-1;-1;-1;-1;-1;-1;-1;0;0;0;0;0;0;0;0;0;0;0;0;0;HJK;Haka;2.09;1.55;0;0;3;1;0;0;0;0;0;0;0;0;0;0;0;3645;22;Y;Y;Y;Y;N;N;Y
1002439;410;417;2020;complete;55137;2;-1;;;0;0;0;4;9;13;0;4;3;1;0;0;3;3;2;5;5;8;10;4;50;50;3;1;4.45;3.55;1.8;1.03;1.27;1.87;3.2;6;10.25;3.6;1.91;1.33;1.11;1.77;1.95;4.7;1.16;2.5;1.5;1.95;1.27;1.18;4.84;2.31;2.46;4.36;2.59;2.19;0;0;1.23;1.45;1.9;2.25;3;3.7;2.58;1.8;1.57;1.34;2.9;7.5;1.61;2.7;10.25;1.54;6.55;3;1.4;2.92;7.2;15;3.1;1.44;1.09;1.02;1.2;2.03;3.95;9;4.35;1.66;1.17;1.05;0;0;0;0;0;0;0;0;0;0;0;2020-07-08 15:30:00;-1;0;50;0;0;0;1;1;1;5;3;4;6;7;0;0;3;1;0;4;1;40;66;54;89;0.82;1.19;2.01;0;0;0;0;0;0;1;1;0;0;1;1;0;0;-1;-1;-1;-1;-1;-1;-1;-1;-1;0;0;0;50;50;0;50;50;0;6;3;4;1;Mariehamn;Honka;1.09;1.64;0;1;0;1;50;50;50;0;0;50;50;0;0;1.3;1.3;3645;22;N;N;N;N;N;N;N
1002440;409;404;2020;complete;55137;2;-1;;68;0;1;1;2;7;9;0;3;1;5;0;0;3;3;7;7;10;10;18;16;52;48;1;5;3.75;3.2;2.1;1.06;1.38;2.2;4.1;8;8;2.95;1.65;1.22;1.06;1.95;1.8;3.65;1.25;2.5;1.5;1.73;1.35;1.28;4.43;2.13;2.85;3.73;2.39;2.36;0;0;1.37;1.72;2.16;2.85;4.1;2.85;2;1.65;1.37;1.2;2.9;7.5;1.61;2.41;9;1.72;5.35;3.1;1.49;3.41;9.2;17.75;2.72;1.34;1.06;1.01;1.25;2.29;4.62;11;3.72;1.52;1.12;1.03;0;0;0;0;1;0;0;0;1;1;0;2020-07-08 15:30:00;404;0;0;0;0;0;1;1;1;2;1;5;3;6;0;2;1;3;2;4;1;40;72;86;101;1.14;1.36;2.5;0;0;0;0;0;0;1;1;0;0;1;0;0;1;-1;-1;-1;-1;-1;-1;-1;-1;-1;0;0;0;0;0;0;0;0;0;0;0;0;0;RoPS;HIFK;0.18;1.18;0;0;0;0;0;0;0;0;0;0;0;0;0;0;0;3645;22;Y;N;N;N;N;N;N
1002441;406;407;2020;complete;55137;3;-1;3,30,41,77,90;83;5;1;6;2;5;7;4;1;4;3;0;0;6;6;5;4;11;10;13;8;49;51;4;3;2.6;3.2;2.7;1.05;1.34;2.05;3.7;7;8.75;3.15;1.74;1.26;1.08;1.8;1.91;3.15;1.32;3.25;1.33;1.47;1.35;1.47;3.43;2.17;3.4;2.88;2.42;2.86;0;0;1.34;1.62;2.06;2.75;3.8;3.01;2.17;1.72;1.4;1.22;1.91;7;2.3;1.99;9.9;1.98;4.5;4.5;1.45;3.22;8.45;15;2.85;1.37;1.07;1.01;1.23;2.18;4.35;11;3.95;1.57;1.14;1.03;0;0;0;0;6;3;0;2;1;3;3;2020-07-11 14:00:00;406;0;50;0;50;0;1;1;1;2;1;3;3;4;1;1;3;2;2;5;1;37;54;105;128;1.39;1.46;2.85;0;0;0;0;0;0;1;1;1;0;0;0;0;0;-1;-1;-1;-1;-1;-1;-1;-1;-1;0;50;50;50;100;0;50;100;50;14;2;4;2.5;Inter Turku;Ilves;2.55;1.55;3;3;1.5;3;100;50;50;50;0;100;100;100;2.67;1.3;3.97;3645;22;Y;Y;Y;Y;Y;Y;Y
1002442;417;411;2020;complete;55137;3;-1;90;21;1;1;2;6;5;11;2;0;2;0;0;0;7;5;3;1;10;6;13;14;63;37;2;0;2.6;3;2.5;1.06;1.35;2.13;3.97;6.9;9.55;3.33;1.76;1.27;1.08;1.81;1.89;3.15;1.32;3.25;1.33;1.47;1.36;1.47;3.52;2.16;3.34;2.88;2.4;2.88;0;0;1.25;1.48;1.9;2.35;3.2;3.5;2.48;1.8;1.52;1.31;2.16;5.3;2.25;1.99;9.55;1.99;4.25;4.33;1.46;3.24;8.75;34;2.83;1.37;1.07;1.01;1.23;2.22;4.45;13;3.88;1.55;1.13;1.04;0;0;0;0;2;0;1;1;0;1;1;2020-07-12 15:30:00;-1;0;0;0;0;0;1;1;2;2;4;3;4;7;0;0;2;0;0;2;1;88;82;161;103;1.77;1.33;3.1;0;0;0;0;0;0;1;1;0;0;0;0;0;0;-1;-1;-1;-1;-1;-1;-1;-1;-1;0;0;50;50;50;50;50;0;0;6;3;1;1.5;Honka;KuPS;1.73;1.73;0;3;1;3;50;50;0;0;0;50;50;50;0;1.46;1.46;3645;22;Y;Y;N;N;N;N;Y
1002443;406;412;2020;complete;55137;3;-1;83;;1;0;1;3;8;11;0;2;1;2;0;0;4;3;9;3;13;6;12;19;51;49;1;2;3.95;3.45;1.91;1.03;1.27;1.87;3.2;6;10.25;3.6;1.91;1.33;1.11;1.74;2;5;1.16;2.75;1.4;1.8;1.3;1.22;4.33;2.25;2.5;3.75;2.6;2.2;0;0;1.31;1.56;1.97;2.6;3.6;3.2;2.29;1.78;1.44;1.25;3.26;5.6;1.64;2.5;11;1.57;6;3.2;1.36;2.62;7;19;3;1.44;1.1;1.02;1.22;2;4.1;8.5;3.9;1.72;1.2;1.04;0;0;0;0;1;0;0;1;0;1;0;2020-07-17 15:30:00;406;0;50;0;50;0;1;1;2;4;1;4;6;5;1;0;0;2;1;2;1;73;86;135;121;1.64;1.22;2.86;0;0;0;0;0;0;1;1;0;0;0;0;0;0;-1;-1;-1;-1;-1;-1;-1;-1;-1;25;100;100;100;100;75;100;100;100;9;5;4;4.5;Inter Turku;HJK;2.55;2.27;3;3;2;3;75;0;0;0;0;25;25;25;2.03;1.33;3.36;3645;22;Y;N;N;N;N;N;N
1002444;407;411;2020;complete;55137;3;-1;;;0;0;0;4;6;10;2;1;1;2;0;0;5;2;2;6;7;8;18;14;52;48;1;2;2.9;3;2.5;1.07;1.36;2.1;3.75;8;9;3;1.7;1.25;1.08;1.9;1.9;3.4;1.3;3;1.36;1.53;1.33;1.4;3.5;2.05;3.2;3.1;2.37;2.75;0;0;1.29;1.54;1.94;2.5;3.48;3.2;2.33;1.81;1.46;1.26;2.02;5.2;2.44;2.2;9;1.83;4.5;3.7;1.44;3.25;9;26;2.62;1.33;1.07;1.01;1.28;2.3;5;10.5;3.3;1.55;1.14;1.02;0;0;0;0;0;0;0;0;0;0;0;2020-07-17 15:30:00;-1;0;75;0;50;0;1;1;3;5;1;1;8;2;0;1;1;1;1;2;1;69;71;123;110;1.3;1.17;2.47;0;0;0;0;0;0;1;1;0;0;1;1;0;0;-1;-1;-1;-1;-1;-1;-1;-1;-1;50;50;75;100;100;25;100;75;50;12.5;4.5;1.5;4.75;Ilves;KuPS;1.73;1.73;3;2;2;2.33;50;50;25;0;0;100;100;100;3.16;1.39;4.55;3645;22;N;N;N;N;N;N;N
1002445;409;424;2020;complete;55137;3;-1;26,27;19,66;2;2;4;2;8;10;2;2;2;2;0;0;5;5;7;3;12;8;9;15;41;59;2;2;4;3.3;1.95;1.06;1.38;2.15;4;7.75;8.25;2.95;1.67;1.23;1.07;1.95;1.77;4;1.22;2.37;1.53;1.83;1.3;1.2;4.5;2.1;2.6;4;2.37;2.25;0;0;1.3;1.54;1.95;2.55;3.5;3.2;2.3;1.8;1.46;1.26;2.63;5.3;1.9;2.75;8.5;1.57;5.75;3.1;1.44;3.25;9;26;2.62;1.33;1.07;1.01;1.25;2.1;4.33;9;3.6;1.65;1.18;1.03;0;0;0;0;4;2;1;0;1;1;3;2020-07-17 15:30:00;-1;0;50;0;50;0;1;1;1;2;1;6;3;7;0;1;2;1;1;3;1;38;79;68;101;1.38;1.43;2.81;0;0;0;0;0;0;1;1;0;0;1;0;0;0;-1;-1;-1;-1;-1;-1;-1;-1;-1;0;50;50;50;100;0;50;100;50;4;3;4;2.5;RoPS;Haka;0.18;1.55;0;0;0;0.5;100;50;50;50;0;100;50;50;1.14;0.85;1.99;3645;22;Y;Y;Y;Y;N;N;Y
1002446;102;410;2020;complete;55137;3;-1;52;4,55;1;2;3;11;3;14;2;5;1;1;0;0;5;8;10;6;15;14;9;6;52;48;1;1;1.91;3.45;4.05;1.05;1.33;2.05;3.7;7;8.75;3.2;1.74;1.26;1.08;1.87;1.83;2.62;1.44;4.33;1.2;1.28;1.28;1.8;2.62;2.2;4.33;2.3;2.5;3.6;0;0;1.28;1.5;1.9;2.45;3.4;3.4;2.41;1.84;1.49;1.28;1.55;5.5;3.72;1.61;11;2.5;3.2;5.65;1.4;2.75;8;21;2.75;1.4;1.08;1.01;1.25;2.1;4.5;9.25;3.6;1.65;1.17;1.03;0;0;0;0;3;0;1;1;1;2;1;2020-07-17 15:30:00;410;0;50;0;50;0;1;1;3;3;8;0;6;8;0;0;1;1;0;2;1;45;54;102;101;1.63;1.84;3.46;0;0;0;0;0;0;1;1;0;1;0;2;0;0;-1;-1;-1;-1;-1;-1;-1;-1;-1;50;50;50;50;100;0;100;50;50;8;2;2;4;SJK;Mariehamn;1.27;1;3;0;2;0.5;50;50;50;50;0;100;100;50;1.41;1.45;2.86;3645;22;Y;Y;Y;N;N;N;Y
1002447;417;415;2020;complete;55137;4;-1;55,69,81;59;3;1;4;8;4;12;4;3;1;4;0;0;8;5;7;4;15;9;9;13;59;41;1;4;1.51;3.92;6.55;1.07;1.36;2.1;3.75;8;9;3;1.7;1.25;1.08;2.2;1.61;1.83;1.83;5;1.16;1.11;1.22;2.5;2.1;2.2;6.5;1.83;2.5;6;0;0;1.26;1.48;1.9;2.36;3.2;3.5;2.47;1.8;1.52;1.3;1.32;5.8;4.4;1.36;9;3.75;2.2;8;1.44;3.25;9;26;2.62;1.33;1.07;1.01;1.28;2.3;5;10.5;3.4;1.55;1.14;1.02;0;0;0;0;4;0;0;3;1;4;0;2020-07-18 10:00:00;417;0;50;0;0;0;1;1;6;2;2;2;8;4;0;0;1;4;0;5;1;91;63;118;114;2.16;1.38;3.55;2;0;2;0;0;0;1;1;0;0;1;1;0;0;-1;-1;-1;-1;-1;-1;-1;-1;-1;0;0;0;50;100;0;100;50;0;12;3;4;1.5;Honka;TPS;1.73;0.45;1;0;1;0;100;100;100;50;0;100;100;50;1.77;1.7;3.47;3645;22;Y;Y;Y;Y;N;N;Y
1002448;404;413;2020;complete;55137;4;-1;;18,30,67;0;3;3;4;3;7;4;3;3;1;0;0;3;6;6;3;9;9;18;10;49;51;3;1;2.25;3.25;3.25;1.05;1.34;2.05;3.75;7.25;8.75;3.1;1.71;1.25;1.08;1.83;1.91;2.62;1.44;3.25;1.33;1.36;1.36;1.57;3.1;2;3.75;2.62;2.3;3.25;0;0;1.34;1.62;2;2.75;3.8;3;2.16;1.72;1.4;1.22;1.69;5.05;2.75;1.8;8;2.3;3.45;4.55;1.5;3.4;10;26;2.5;1.3;1.06;1.01;1.28;2.3;5;10.5;3.3;1.55;1.14;1.02;0;0;0;0;3;0;2;0;1;1;2;2020-07-18 14:00:00;413;0;0;0;0;0;1;1;1;3;3;0;4;3;1;0;2;1;1;3;1;56;47;103;106;1.19;1.34;2.53;0;0;0;0;0;0;1;1;0;0;0;0;1;0;-1;-1;-1;-1;-1;-1;-1;-1;-1;0;0;50;50;50;50;50;0;0;9;5;2;1.5;HIFK;Lahti;1.36;1.36;0;0;1.5;0.5;50;50;0;0;0;50;50;50;0.83;0;0.83;3645;22;Y;Y;Y;N;N;N;N
1002450;417;406;2020;complete;55137;4;-1;56;63;1;1;2;2;6;8;2;3;1;1;0;0;2;4;4;9;6;13;14;15;51;49;1;1;2.4;3.1;3.1;1.07;1.4;2.25;4.25;8.25;7.75;2.85;1.62;1.21;1.06;1.91;1.8;2.65;1.43;3.4;1.3;1.36;1.36;1.6;3.2;2.09;3.92;2.59;2.36;3.33;0;0;1.29;1.54;1.95;2.49;3.5;3.2;2.32;1.8;1.46;1.26;1.67;5.5;3.16;1.84;8.75;2.22;3.45;4.65;1.51;3.37;9.55;18.25;2.65;1.33;1.06;1.01;1.26;2.33;4.7;12;3.67;1.51;1.11;1.03;0;0;0;0;2;0;0;1;1;2;0;2020-07-22 15:30:00;-1;0;50;0;25;0;1;1;1;1;1;5;2;6;1;1;0;0;2;0;1;38;52;111;130;0.81;1.49;2.3;1;0;1;0;0;0;1;1;0;0;0;0;0;0;-1;-1;-1;-1;-1;-1;-1;-1;-1;0;25;25;50;100;0;25;100;25;8;7;3.5;2;Honka;Inter Turku;1.73;1.18;2;0;1.5;2.25;100;75;75;50;0;100;100;100;1.97;0.62;2.59;3645;22;Y;Y;N;N;N;N;Y
1002451;404;102;2020;complete;55137;4;-1;27,90;79;2;1;3;5;4;9;2;0;6;5;0;1;5;3;3;4;8;7;18;23;49;51;6;6;2.5;3.1;3;1.09;1.46;2.05;4.91;8.15;7.9;2.81;1.8;1.19;1.06;1.97;1.75;2.6;1.45;3;1.36;1.38;1.38;1.54;3.25;2;3.6;2.73;2.29;3.25;0;0;1.48;1.85;2.48;3.4;5;2.46;1.85;1.5;1.27;1.14;1.85;5.1;2.78;1.91;7.9;2.19;3.55;4.35;1.54;3.32;10.5;19;2.56;1.28;1.05;1.01;1.28;2.44;4.98;13;3.45;1.47;1.1;1.02;0;0;0;0;3;1;0;1;1;2;1;2020-07-22 15:30:00;404;0;0;0;0;0;1;1;1;1;4;3;2;7;3;3;3;3;6;6;1;19;24;58;58;1;0.83;1.83;0;0;0;0;0;0;1;1;0;0;0;0;0;0;-1;-1;-1;-1;-1;-1;-1;-1;-1;0;0;50;50;50;50;50;25;0;11.5;6.5;4.5;1.5;HIFK;SJK;1.36;1.36;0;1;1;1.33;100;100;50;50;50;75;75;75;1.01;1.23;2.24;3645;22;Y;Y;Y;N;N;N;Y
1002452;410;424;2020;complete;55137;4;-1;3,76;40,48;2;2;4;2;6;8;3;0;1;2;0;0;7;6;4;8;11;14;10;6;46;54;1;2;2.6;3.2;2.75;1.04;1.32;2;3.55;6.85;9.25;3.3;1.77;1.28;1.09;1.77;1.95;3.65;1.25;3.75;1.25;1.47;1.27;1.47;3.03;2.19;3.1;2.74;2.59;2.79;0;0;1.2;1.44;1.73;2.2;3.1;3.9;2.5;1.95;1.57;1.3;2.09;5.3;2.34;1.92;13.5;1.95;4.5;4.5;1.35;2.7;6.45;14.25;3;1.43;1.09;1.02;1.17;1.95;3.6;8;4.8;1.8;1.2;1.06;0;0;0;0;4;1;1;1;1;2;2;2020-07-22 15:30:00;-1;0;50;25;25;0;1;1;1;6;1;0;7;1;0;0;1;2;0;3;1;50;53;92;103;1.55;1.69;3.24;0;0;0;0;0;0;1;1;1;0;0;2;0;0;-1;-1;-1;-1;-1;-1;-1;-1;-1;0;50;50;50;50;25;50;50;25;9;2.5;5.5;2;Mariehamn;Haka;1.09;1.55;1;0.5;1.33;0.67;100;50;50;50;50;100;100;75;0.82;1.14;1.96;3645;22;Y;Y;Y;Y;N;N;Y
1002453;411;413;2020;complete;55137;5;-1;16,44,64;;3;0;3;6;3;9;1;1;1;2;0;0;7;3;10;2;17;5;12;12;54;46;1;2;1.53;4.1;6.05;1.05;1.33;2.05;3.65;7;9;3.2;1.74;1.27;1.08;2.05;1.69;1.95;1.8;5.5;1.14;1.13;1.24;2.49;2.19;2.28;6.67;1.8;2.61;5.85;0;0;1.2;1.38;1.68;2.1;2.75;4.1;2.81;2.1;1.65;1.39;1.3;7.2;5.25;1.41;10.5;3.3;2.25;8;1.47;3.36;8.3;16.25;2.81;1.35;1.07;1.02;1.23;2.18;4.33;11;3.97;1.57;1.14;1.03;0;0;0;0;3;2;0;1;0;1;2;2020-07-22 15:30:00;411;0;0;0;0;0;1;1;3;1;3;2;4;5;0;0;1;2;0;3;1;76;37;112;90;2.11;0.81;2.92;0;0;0;0;0;0;1;1;0;0;0;0;0;0;-1;-1;-1;-1;-1;-1;-1;-1;-1;0;0;50;50;100;50;50;100;0;15;4;2;2;KuPS;Lahti;2;1.36;3;3;2;1.33;100;100;50;50;0;50;50;50;1.8;1.34;3.14;3645;22;Y;Y;Y;N;N;N;N
1002454;415;412;2020;complete;55137;5;-1;;9,76;0;2;2;0;4;4;1;2;3;2;1;0;0;5;3;5;3;10;17;8;33;67;4;2;7.5;4.33;1.4;1.05;1.29;1.93;3.38;6.96;11.75;3.78;1.93;1.34;1.12;2.13;1.64;6.25;1.09;1.83;1.83;2.81;1.21;1.1;7;2.3;1.95;6.65;2.73;1.69;0;0;1.17;1.33;1.6;2.05;2.8;4.33;2.9;2.15;1.67;1.36;4.54;8.1;1.33;3.6;11.75;1.35;10;2.05;1.4;2.92;7.2;15;3.09;1.43;1.09;1.02;1.2;2.06;4;10;4.25;1.64;1.16;1.04;0;0;0;0;2;0;1;0;1;1;1;2020-07-22 15:30:00;412;0;0;0;0;0;1;1;0;1;0;3;1;3;1;1;3;1;2;4;1;14;55;82;134;0.31;1.4;1.7;0;0;0;0;0;0;1;1;0;1;0;0;0;1;-1;-1;-1;-1;-1;-1;-1;-1;-1;0;25;25;25;100;25;25;100;25;13.5;5;3.5;1.75;TPS;HJK;1.45;2.27;0;1.5;0;2;100;75;75;75;0;75;75;75;1.38;1.27;2.65;3645;22;Y;Y;N;N;N;N;N
1002455;412;407;2020;complete;55137;5;-1;25,87;;2;0;2;6;2;8;2;1;3;1;0;0;8;5;10;8;18;13;8;15;57;43;3;1;1.56;4.29;6.02;1.04;1.29;1.94;3.39;6.96;12.25;3.78;1.94;1.34;1.12;1.95;1.77;2.1;1.67;5.5;1.14;1.15;1.24;2.41;2.24;2.32;5.94;1.82;2.68;5.35;0;0;1.25;1.5;1.83;2.38;3.2;3.5;2.38;1.83;1.5;1.29;1.33;7.1;4.94;1.43;12.25;3.07;2.4;10;1.41;3;7.2;15;3.02;1.41;1.09;1.01;1.2;2.03;3.95;10;4.35;1.65;1.17;1.04;0;0;0;0;2;1;0;1;0;1;1;2020-07-25 15:30:00;412;0;84;0;84;0;1;1;5;1;1;1;6;2;1;0;2;1;1;3;1;69;42;114;104;2.19;1.48;3.67;0;0;0;0;0;0;1;1;0;0;0;0;0;0;-1;-1;-1;-1;-1;-1;-1;-1;-1;17;67;67;84;100;17;67;100;84;19;3.67;2.67;3.5;HJK;Ilves;2.09;1.55;3;1.33;2.25;1.6;84;34;34;17;0;84;84;84;2.14;1.27;3.41;3645;22;Y;Y;N;N;N;N;N
1002456;415;413;2020;complete;55137;5;-1;50;45,63,90;1;3;4;4;2;6;1;3;3;3;0;0;3;0;13;5;16;5;12;6;51;49;3;3;2.95;3.1;2.5;1.07;1.42;2.3;4.35;8.5;7.75;2.8;1.61;1.2;1.05;1.95;1.77;2.9;1.37;3;1.36;1.46;1.38;1.45;3.61;2.09;3.45;2.96;2.32;2.93;0;0;1.25;1.5;1.87;2.5;3.5;3.5;2.38;1.8;1.44;1.25;2.19;5.3;2.22;2.03;8.35;2.02;4.33;4.33;1.51;3.41;9.9;34;2.65;1.33;1.05;1;1.27;2.37;4.8;12;3.58;1.49;1.11;1.03;0;0;0;0;4;0;1;1;2;3;1;2020-07-25 14:00:00;413;0;0;0;0;0;1;1;2;1;2;1;3;3;2;0;1;3;2;4;1;49;39;120;102;1.58;0.61;2.19;0;1;0;1;0;0;1;1;0;0;2;0;0;0;-1;-1;-1;-1;-1;-1;-1;-1;-1;0;0;50;75;100;50;75;100;0;7;4;4.5;2.25;TPS;Lahti;1.45;1.36;0;1.5;0;1;100;100;50;25;0;50;25;25;0.84;1.07;1.91;3645;22;Y;Y;Y;Y;N;N;Y
1002457;417;409;2020;complete;55137;5;-1;17;;1;0;1;6;1;7;4;1;2;2;0;0;3;2;6;6;9;8;17;15;50;50;2;2;1.37;4.7;8.25;1.04;1.29;1.91;3.3;6.35;9.75;3.45;1.83;1.31;1.1;2.2;1.61;1.77;2;6.5;1.11;1.09;1.2;2.93;2.02;2.4;7.6;1.66;2.74;7.05;0;0;1.28;1.52;1.9;2.5;3.44;3.6;2.53;1.9;1.53;1.3;1.46;6.1;4.06;1.33;11.75;3.75;1.95;9.5;1.41;3;7.5;15.25;3.03;1.42;1.08;1.02;1.21;2.09;4.08;10;4.18;1.62;1.16;1.04;0;0;0;0;1;1;0;0;0;0;1;2020-07-26 14:00:00;417;0;100;0;84;0;1;1;4;1;2;0;5;2;0;1;2;1;1;3;1;28;18;68;50;0.98;0.78;1.76;1;0;1;0;0;0;1;1;0;0;0;0;0;0;-1;-1;-1;-1;-1;-1;-1;-1;-1;0;67;67;100;100;0;67;100;84;6.33;3.67;4.33;3.34;Honka;RoPS;1.73;0.27;1.67;0;1.4;0.5;100;34;34;0;0;84;84;84;1.58;0.89;2.47;3645;22;Y;N;N;N;N;N;N
1002458;424;406;2020;complete;55137;5;-1;;2,57;0;2;2;2;12;14;1;4;3;3;0;0;3;11;2;4;5;15;11;11;42;58;3;3;3.45;3.4;2.1;1.03;1.25;1.8;3.05;5.7;10.5;3.75;1.95;1.36;1.12;1.67;2.1;4.3;1.19;3;1.36;1.69;1.32;1.34;3.89;2.32;2.79;3.32;2.59;2.37;0;0;1.28;1.52;1.9;2.5;3.44;3.6;2.53;1.9;1.53;1.3;3.54;5.8;1.57;2.19;13;1.74;5.55;3.6;1.37;2.79;6.65;14.25;3.24;1.47;1.1;1.02;1.18;1.93;3.7;8;4.68;1.72;1.19;1.06;0;0;0;0;2;0;1;0;1;1;1;2020-07-26 15:30:00;406;0;75;0;25;0;1;1;2;8;0;4;10;4;0;0;3;3;0;6;1;56;114;93;132;0.94;2.54;3.48;0;0;0;0;0;0;1;1;0;1;0;3;0;0;-1;-1;-1;-1;-1;-1;-1;-1;-1;0;0;0;75;100;0;50;100;25;7.5;7.5;1.5;1.75;Haka;Inter Turku;0.45;1.18;1;0.5;0.75;2;100;100;100;25;0;75;75;25;1.21;1.05;2.26;3645;22;Y;Y;N;N;N;N;N
1002459;410;404;2020;complete;55137;6;-1;;12,54,58;0;3;3;6;1;7;1;0;2;3;0;0;3;4;0;4;3;8;12;8;62;38;2;3;2.75;3.3;2.55;1.04;1.29;1.91;3.35;6.45;9.5;3.45;1.83;1.3;1.1;1.71;2;3.5;1.27;3.4;1.3;1.5;1.34;1.46;3.42;2.18;3.39;2.89;2.48;2.77;0;0;1.28;1.52;1.9;2.5;3.44;3.6;2.53;1.9;1.53;1.3;2.23;5.2;2.18;2;11;1.94;4.5;4;1.44;3.13;7.75;16.5;2.89;1.39;1.08;1.02;1.21;2.08;4.08;10;4.22;1.63;1.16;1.04;0;0;0;0;3;0;1;0;2;2;1;2020-07-26 15:30:00;404;0;25;25;25;0;1;1;4;1;2;0;5;2;0;1;2;2;1;4;1;85;42;110;67;1.02;1.09;2.11;0;0;0;0;0;0;1;1;0;0;2;0;0;0;-1;-1;-1;-1;-1;-1;-1;-1;-1;0;25;25;25;75;25;25;75;25;10;4.5;7;1.5;Mariehamn;HIFK;1.09;1.18;1;3;1.25;1.5;100;75;75;75;25;75;25;25;1.18;1.36;2.54;3645;22;Y;Y;Y;N;N;N;N
1002460;411;102;2020;complete;55137;6;-1;5,18;63;2;1;3;10;5;15;1;1;0;4;0;1;4;4;8;3;12;7;13;11;54;46;0;5;1.41;4.53;7.25;1.03;1.23;1.76;3.01;6.16;14.5;4.32;2.13;1.41;1.14;1.96;1.75;2;1.74;7;1.1;1.11;1.2;2.81;1.99;2.53;6.93;1.67;2.85;6.2;0;0;1.28;1.52;1.9;2.5;3.44;3.6;2.53;1.9;1.54;1.3;1.31;7.1;5.2;1.35;14.5;3.35;2.2;9.25;1.35;2.72;6.4;14;3.31;1.49;1.11;1.02;1.17;1.92;3.63;8;4.75;1.74;1.2;1.06;0;0;0;0;3;2;0;0;1;1;2;2020-07-26 15:30:00;411;0;25;0;25;0;1;1;5;4;5;1;9;6;0;1;0;4;1;4;1;97;54;108;87;1.74;1.12;2.85;0;0;0;0;0;0;1;1;1;0;2;1;0;0;-1;-1;-1;-1;-1;-1;-1;-1;-1;0;0;50;50;75;25;50;75;25;13.5;2;5;1.75;KuPS;SJK;2;1.36;3;0.5;2.2;1;100;100;50;50;25;100;50;50;1.96;1.03;2.99;3645;22;Y;Y;Y;N;N;N;Y
1002461;406;410;2020;complete;55137;6;-1;30,84;82;2;1;3;9;4;13;3;2;3;4;0;0;8;3;8;2;16;5;11;9;54;46;3;4;1.27;5.65;10;1.02;1.2;1.65;2.6;4.7;12.25;4.4;2.2;1.47;1.18;2.1;1.69;2;1.72;10;1.06;1.06;1.16;3.4;1.72;2.62;7.5;1.5;3.1;8;0;0;1.28;1.52;1.9;2.5;3.44;3.6;2.54;1.9;1.53;1.3;1.2;10.5;6;1.22;17;4.33;2.15;10.75;1.28;2.25;5.5;15;3.5;1.57;1.14;1.03;1.16;1.8;3.4;7;4.5;1.91;1.28;1.07;0;0;0;0;3;1;0;1;1;2;1;2020-08-01 14:00:00;406;0;84;0;84;0;1;1;4;2;5;2;6;7;0;1;3;3;1;6;1;63;26;78;74;2.02;0.72;2.74;0;1;0;1;0;0;1;1;0;0;0;0;0;0;-1;-1;-1;-1;-1;-1;-1;-1;-1;42;59;84;84;100;17;84;100;84;8.5;5;3.83;4.34;Inter Turku;Mariehamn;2.55;1;3;1.5;2.17;1;59;42;17;17;0;84;84;84;1.9;1.64;3.54;3645;22;Y;Y;Y;N;N;N;Y
1002462;412;411;2020;complete;55137;6;-1;74,81;10,79;2;2;4;8;4;12;1;1;1;3;0;0;6;4;5;2;11;6;13;21;63;37;1;3;1.71;3.7;4.4;1.07;1.36;2.07;3.75;8;9.5;3;1.72;1.25;1.08;2;1.75;2.2;1.61;4.33;1.2;1.18;1.25;2;2.4;2.1;4.75;2.1;2.4;4.5;0;0;1.22;1.43;1.75;2.22;2.99;4.2;2.84;2.08;1.66;1.38;1.5;6.8;3.5;1.5;9.5;3;2.75;6.15;1.44;3.25;9;26;2.62;1.33;1.07;1.01;1.26;2.2;4.6;9.75;3.5;1.6;1.16;1.02;0;0;0;0;4;0;1;2;1;3;1;2020-08-01 14:00:00;-1;0;42;0;25;0;1;1;4;3;4;1;7;5;0;2;1;1;2;2;1;83;61;136;113;1.72;1.11;2.84;0;0;0;0;0;0;1;1;0;1;1;2;0;0;-1;-1;-1;-1;-1;-1;-1;-1;-1;0;25;42;84;84;17;84;67;25;15.17;3.83;2.5;2.34;HJK;KuPS;2.09;1.73;3;1.67;2.4;2.33;100;75;59;17;17;75;75;59;2.17;1.32;3.49;3645;22;Y;Y;Y;Y;N;N;Y
1002463;407;404;2020;complete;55137;6;-1;14,23;10,52;2;2;4;8;2;10;0;1;4;4;0;0;10;9;3;2;13;11;20;6;57;43;4;4;1.75;3.4;4.5;1.07;1.33;1.88;3.75;8;9;3.25;1.98;1.25;1.08;1.9;1.9;2.62;1.44;3.75;1.25;1.25;1.33;1.72;2.5;2.1;4.75;2.4;2.37;3.6;0;0;1.34;1.63;2.08;2.79;3.96;3.2;2.28;1.75;1.44;1.24;1.7;5.25;3.1;1.66;9;2.5;3.25;5.2;1.44;3.25;9;26;2.62;1.33;1.07;1.01;1.28;2.25;4.75;10;3.4;1.57;1.15;1.02;0;0;0;0;4;2;1;0;1;1;3;2020-08-01 14:00:00;-1;0;25;0;25;0;1;1;4;1;4;1;5;5;0;2;4;2;2;6;1;58;43;107;84;1.94;1.64;3.58;0;1;0;1;0;0;1;1;0;1;1;1;0;0;-1;-1;-1;-1;-1;-1;-1;-1;-1;25;25;50;50;75;0;50;75;50;9.5;4;5;2.75;Ilves;HIFK;1.73;1.18;2;3;1.33;1.8;75;75;50;50;25;75;50;25;2.23;1.23;3.46;3645;22;Y;Y;Y;Y;N;N;Y
1002464;409;415;2020;complete;55137;6;-1;40,85;13,67,88;2;3;5;7;3;10;2;2;1;1;0;0;6;6;1;7;7;13;9;11;57;43;1;1;2.7;3.15;2.65;1.07;1.41;2.25;4.3;8.5;7.75;2.8;1.61;1.2;1.05;1.95;1.77;3;1.36;3;1.36;1.44;1.36;1.44;3.5;2;3.4;3;2.3;2.87;0;0;1.32;1.59;2.01;2.68;3.78;3.32;2.36;1.8;1.47;1.26;2.2;5.15;2.22;2.1;8;1.9;4.25;3.6;1.5;3.4;10;26;2.5;1.3;1.06;1.01;1.28;2.3;5;10.5;3.3;1.55;1.14;1.02;0;0;0;0;5;1;1;1;2;3;2;2020-08-01 14:00:00;415;0;59;17;42;0;1;1;1;2;6;1;3;7;1;0;0;1;1;1;1;85;57;125;97;1.49;1.65;3.14;0;0;0;0;0;0;1;1;0;0;0;1;0;0;-1;-1;-1;-1;-1;-1;-1;-1;-1;0;42;42;59;100;17;42;75;42;7.33;2.67;5.33;2.42;RoPS;TPS;0.18;0.45;0.67;0;0.4;0;100;59;59;42;0;100;84;42;1.07;1.54;2.61;3645;22;Y;Y;Y;Y;Y;N;Y
1002465;102;424;2020;complete;55137;7;-1;78;59;1;1;2;7;8;15;4;3;3;2;0;0;3;4;9;5;12;9;10;11;54;46;3;2;2.25;3.4;3.1;1.04;1.32;2;3.55;6.85;9.25;3.3;1.77;1.28;1.09;1.8;1.95;3;1.36;3.75;1.25;1.33;1.3;1.66;2.87;2.1;3.75;2.5;2.5;3.25;0;0;1.32;1.59;2.01;2.68;3.76;3.32;2.36;1.8;1.47;1.26;1.88;5.3;2.65;1.72;10;2.3;3.4;5.2;1.4;3;8;23;2.75;1.36;1.08;1.01;1.22;2.1;4.33;9;3.8;1.65;1.18;1.03;0;0;0;0;2;0;0;1;1;2;0;2020-08-01 14:00:00;-1;0;75;34;59;0;1;1;3;2;4;6;5;10;3;1;0;1;4;1;1;61;56;90;88;1.41;1.26;2.66;0;0;0;0;0;0;1;1;0;0;0;1;1;0;-1;-1;-1;-1;-1;-1;-1;-1;-1;0;50;75;75;100;34;100;75;59;12.83;3.17;2.83;3;SJK;Haka;1.27;1.55;1.5;0.67;0.8;0.6;100;50;25;25;0;84;84;42;1.52;1.32;2.84;3645;22;Y;Y;N;N;N;N;Y
1002466;413;417;2020;complete;55137;7;-1;;;0;0;0;3;2;5;3;5;3;2;0;0;3;5;4;2;7;7;12;6;50;50;3;2;3.8;3.35;2;1.06;1.36;2.1;3.9;7.5;8.5;3.05;1.69;1.24;1.07;1.91;1.83;4;1.22;2.38;1.53;1.8;1.3;1.22;4.5;2.1;2.6;4;2.38;2.25;0;0;1.22;1.42;1.74;2.23;3;4;2.75;2.02;1.61;1.35;3.3;8;1.49;2.4;7.25;1.7;5.95;2.85;1.44;3.25;9;26;2.62;1.33;1.07;1.01;1.28;2.25;4.75;9.75;3.4;1.57;1.15;1.02;0;0;0;0;0;0;0;0;0;0;0;2020-08-03 15:30:00;-1;0;25;0;0;0;1;1;1;2;2;0;3;2;0;0;3;2;0;5;1;59;83;128;153;1.1;1.41;2.51;0;0;0;0;0;0;1;1;0;0;1;0;0;0;-1;-1;-1;-1;-1;-1;-1;-1;-1;0;25;25;50;50;25;50;50;25;13.5;4;4.5;1.5;Lahti;Honka;1.55;1.64;0.5;1;1.4;1.67;100;75;75;50;50;75;75;50;1.1;1.25;2.35;3645;22;N;N;N;N;N;N;N
1002467;424;404;2020;complete;55137;7;-1;;55,90;0;2;2;7;5;12;3;3;1;3;0;0;5;4;6;8;11;12;12;17;59;41;1;3;2.4;3.35;2.85;1.04;1.28;1.87;3.25;6.15;10;3.55;1.87;1.33;1.11;1.69;2.05;3.25;1.31;3.75;1.25;1.42;1.34;1.54;2.98;2.1;3.35;2.66;2.49;3;0;0;1.31;1.57;2;2.6;3.58;3.1;2.25;1.75;1.43;1.24;1.77;7.5;2.5;1.88;11.25;2.05;4.1;4.5;1.4;2.76;7.5;15;2.79;1.39;1.08;1.02;1.2;2.05;4;9;4.3;1.64;1.16;1.05;0;0;0;0;2;0;0;0;2;2;0;2020-08-05 15:30:00;404;0;42;17;0;0;1;1;2;3;5;2;5;7;0;0;1;3;0;4;1;87;68;167;126;1.69;1.54;3.23;0;0;0;0;0;0;1;1;0;0;1;0;0;0;-1;-1;-1;-1;-1;-1;-1;-1;-1;0;17;34;84;100;17;84;100;17;6.33;3.83;5.5;2.34;Haka;HIFK;0.45;1.18;0.5;2.33;0.67;1.67;100;84;67;17;0;84;67;25;1.08;1.36;2.44;3645;22;Y;Y;N;N;N;N;N
1002468;410;406;2020;complete;55137;7;-1;12,71;;2;0;2;3;12;15;0;7;1;3;0;0;6;5;1;11;7;16;10;9;38;62;1;3;5.75;4.3;1.53;1.02;1.2;1.67;2.7;4.85;12;4.3;2.15;1.44;1.17;1.77;1.95;7;1.07;2.37;1.53;2.66;1.2;1.14;5.95;2.57;1.93;5.6;3.04;1.76;0;0;1.28;1.51;1.9;2.45;3.38;3.4;2.38;1.85;1.49;1.28;4.38;8.8;1.32;3;19.25;1.38;9.25;2.55;1.28;2.28;5.2;11;3.68;1.63;1.16;1.03;1.17;1.82;3.52;7;5.05;1.99;1.3;1.08;0;0;0;0;2;1;0;1;0;1;1;2020-08-05 15:30:00;410;0;33;17;33;0;1;1;3;5;0;7;8;7;0;0;1;3;0;4;1;43;87;78;109;1.18;1.98;3.16;0;0;0;0;0;0;1;1;0;0;0;1;0;0;-1;-1;-1;-1;-1;-1;-1;-1;-1;0;17;34;67;84;17;50;84;50;10.33;5;4;2;Mariehamn;Inter Turku;1.09;1.18;0.67;1.33;0.83;2.29;100;84;67;33;17;50;50;50;1.13;1.55;2.68;3645;22;Y;Y;N;N;N;N;N
1002469;407;409;2020;complete;55137;7;-1;50;;1;0;1;14;4;18;1;2;1;0;0;0;9;2;15;0;24;2;11;8;57;43;1;0;1.39;4.5;7.75;1.04;1.29;1.91;3.3;6.35;9.75;3.45;1.83;1.31;1.1;2.15;1.65;1.91;1.8;8;1.08;1.05;1.16;3;1.83;2.37;7.1;1.64;2.85;6.7;0;0;1.35;1.62;2.1;2.75;3.88;2.9;2.17;1.68;1.39;1.21;1.16;11;6.95;1.29;11.25;4;2.1;10;1.34;2.55;6.55;13;3.05;1.45;1.1;1.02;1.18;1.95;3.72;9;4.63;1.71;1.19;1.05;0;0;0;0;1;0;0;1;0;1;0;2020-08-05 15:30:00;407;0;59;17;42;0;1;1;9;0;5;4;9;9;0;0;1;0;0;1;1;97;45;119;104;2.83;0.61;3.44;0;0;0;0;0;0;1;1;0;0;2;0;0;0;-1;-1;-1;-1;-1;-1;-1;-1;-1;17;59;59;59;84;17;84;59;42;7.33;2.67;4.5;3.09;Ilves;RoPS;1.73;0.27;1.67;0;1.29;0.33;84;42;42;42;17;75;75;42;2.14;0.83;2.97;3645;22;Y;N;N;N;N;N;N
1002470;102;411;2020;complete;55137;7;-1;60;53;1;1;2;4;8;12;4;0;2;2;0;0;4;14;5;8;9;22;7;18;48;52;2;2;4.5;3.8;1.65;1.06;1.32;2;3.36;6.65;10;3.44;1.85;1.33;1.12;1.8;1.91;4.4;1.18;2.5;1.5;1.91;1.27;1.2;5;2.2;2.3;4.44;2.52;2.21;0;0;1.23;1.44;1.73;2.24;2.97;3.7;2.61;2.03;1.58;1.35;3.58;8.2;1.43;2.65;9.5;1.56;6.2;3;1.42;2.83;7.3;15;2.88;1.43;1.1;1.02;1.26;2.17;4.8;10;3.84;1.69;1.18;1.04;0;0;0;0;2;0;0;1;1;2;0;2020-08-05 15:30:00;-1;0;59;0;46;0;1;1;2;5;2;3;7;5;1;0;1;2;1;3;1;45;67;73;82;1.17;2.84;4.01;1;0;1;0;0;0;1;1;0;0;1;1;0;0;-1;-1;-1;-1;-1;-1;-1;-1;-1;0;13;42;71;88;13;71;59;46;12.58;3.58;2.83;2.13;SJK;KuPS;1.27;1.73;1.33;1.5;0.83;2.14;100;88;59;29;13;100;100;71;1.48;1.27;2.75;3645;22;Y;Y;N;N;N;N;Y
1002471;412;413;2020;complete;55137;8;-1;8;84;1;1;2;9;3;12;3;0;1;4;0;0;2;2;7;4;9;6;13;9;51;49;1;4;1.25;5.75;10.5;1.01;1.18;1.59;2.5;4.4;13;4.65;2.3;1.51;1.19;2.05;1.71;1.83;1.83;10;1.06;1.05;1.17;3.75;1.73;2.62;8.5;1.5;3;8.5;0;0;1.23;1.48;1.82;2.35;3.1;3.8;2.56;1.93;1.57;1.33;1.08;10.5;7.5;1.22;13;4.5;1.95;12;1.29;2.25;5.5;15;3.5;1.57;1.14;1.03;1.16;1.95;3.5;9;5;1.8;1.28;1.07;0;0;0;0;2;1;0;0;1;1;1;2020-08-06 15:30:00;-1;0;50;0;50;0;1;1;4;0;5;3;4;8;0;2;1;2;2;3;1;80;57;117;100;1.29;0.94;2.23;0;0;0;0;0;0;1;1;1;0;1;0;0;1;-1;-1;-1;-1;-1;-1;-1;-1;-1;0;50;84;100;100;34;100;100;50;11.67;4.33;3.33;3.33;HJK;Lahti;2.09;1.36;2.33;2;2.17;1.33;100;50;17;0;0;50;34;34;2.02;0.92;2.94;3645;22;Y;Y;N;N;N;N;Y
1002472;415;417;2020;complete;55137;8;-1;;57,61;0;2;2;4;6;10;1;3;3;1;0;0;0;4;7;9;7;13;21;8;38;62;3;1;3.5;3.4;2.05;1.07;1.36;1.88;3.75;8;9;3;1.98;1.25;1.08;1.95;1.8;3.75;1.25;2.5;1.5;1.73;1.3;1.25;4.33;2.1;2.75;3.75;2.38;2.38;0;0;1.34;1.57;1.95;2.55;3.8;3;2.35;1.8;1.48;1.22;2.8;5.35;1.62;2.6;8;1.62;5.6;2.95;1.44;3.25;9;26;2.62;1.33;1.07;1.01;1.28;2.3;5.5;15;3.5;1.57;1.14;1.03;0;0;0;0;2;0;0;0;2;2;0;2020-08-06 15:30:00;417;0;33;0;17;0;1;1;2;4;2;2;6;4;0;0;3;1;0;4;1;34;62;96;125;0.7;1.56;2.26;0;0;0;0;0;0;1;1;0;0;0;0;0;0;-1;-1;-1;-1;-1;-1;-1;-1;-1;0;17;17;50;67;0;50;67;17;9.67;5.67;5.33;1.5;TPS;Honka;1.45;1.64;0;1;0.5;1.57;100;84;84;50;34;50;50;33;1.09;1.3;2.39;3645;22;Y;Y;N;N;N;N;N
1002473;409;410;2020;complete;55137;8;-1;23,57;40,53,90;2;3;5;2;4;6;3;0;0;2;0;0;5;6;6;8;11;14;10;14;53;47;0;2;2.8;3.3;2.45;1.04;1.3;1.95;3.4;6.6;9.5;3.4;1.8;1.29;1.1;1.74;2;3.4;1.28;3.4;1.3;1.49;1.3;1.41;3.25;2.08;3.1;2.8;2.4;2.75;0;0;1.36;1.64;2.12;2.86;4.06;3.1;2.26;1.72;1.43;1.23;2.36;6.5;1.92;2;9.5;1.91;4.45;4.1;1.42;3;7.5;16.25;2.7;1.34;1.06;1.02;1.21;2.05;4.1;10;4.2;1.69;1.16;1.04;0;0;0;0;5;1;1;1;2;3;2;2020-08-09 14:00:00;410;0;88;25;75;0;1;1;2;2;0;2;4;2;0;1;0;1;1;1;1;50;52;105;90;1.41;1.68;3.09;1;0;1;0;0;0;1;1;0;0;0;1;0;0;-1;-1;-1;-1;-1;-1;-1;-1;-1;29;42;75;88;100;25;75;100;75;7.17;3.67;4.33;3.67;RoPS;Mariehamn;0.18;1;0.5;1;0.29;1.14;71;59;25;13;0;100;88;63;1.17;1.34;2.51;3645;22;Y;Y;Y;Y;Y;N;Y
1002474;406;424;2020;complete;55137;8;-1;25,90;;2;0;2;1;2;3;4;3;3;3;0;0;11;2;5;2;16;4;14;22;59;41;3;3;1.43;4.5;6.75;1.02;1.2;1.67;2.7;4.85;12;4.3;2.15;1.44;1.17;1.8;1.91;2.2;1.62;7;1.1;1.07;1.17;2.75;1.89;2.4;6.05;1.71;2.8;5.2;0;0;1.35;1.64;2.1;2.82;3.82;3.14;2.27;1.74;1.43;1.26;1.43;7.7;3.7;1.33;12.25;3.35;2.4;9.25;1.31;2.5;5.75;12.75;3.2;1.49;1.11;1.02;1.16;1.95;3.47;8;4.98;1.8;1.22;1.06;0;0;0;0;2;1;0;1;0;1;1;2020-08-09 15:30:00;406;0;88;25;75;0;1;1;1;1;0;1;2;1;1;1;2;2;2;4;1;76;80;149;112;2.34;0.98;3.32;0;0;0;0;0;0;1;1;0;0;0;0;0;0;-1;-1;-1;-1;-1;-1;-1;-1;-1;13;63;75;88;100;38;75;100;75;12;4.25;4.75;3.5;Inter Turku;Haka;2.55;1.55;3;0.75;2;0.57;88;38;25;13;0;75;75;63;1.93;1.31;3.24;3645;22;Y;Y;N;N;N;N;N
1002475;413;407;2020;complete;55137;8;-1;31,45,64;81,89;3;2;5;2;5;7;2;3;2;3;0;0;4;8;2;4;6;12;9;11;49;51;2;3;3.2;3.15;2.3;1.06;1.36;2.1;3.9;7.5;8.5;3.05;1.69;1.24;1.07;1.83;1.87;3.35;1.29;2.75;1.4;1.56;1.32;1.33;3.86;2.13;3.16;3.1;2.3;2.65;0;0;1.36;1.65;2.12;2.87;3.92;3.1;2.24;1.72;1.42;1.25;2.55;5.2;1.95;2.2;8.25;1.83;4.7;3.6;1.45;3.2;8;17.25;2.6;1.31;1.05;1.01;1.24;2.3;4.52;11;3.8;1.57;1.13;1.03;0;0;0;0;5;2;0;1;2;3;2;2020-08-09 15:30:00;413;0;25;0;25;0;1;1;0;1;2;4;1;6;1;1;1;2;2;3;1;21;22;59;46;0.82;1.47;2.29;0;0;0;0;0;0;1;1;0;0;0;1;0;0;-1;-1;-1;-1;-1;-1;-1;-1;-1;13;29;29;54;67;29;42;67;42;10;2.08;4.58;2.04;Lahti;Ilves;1.55;1.55;0.67;1;1.29;1.5;88;71;71;46;34;42;42;42;1.1;1.32;2.42;3645;22;Y;Y;Y;Y;Y;N;Y
1002476;411;412;2020;complete;55137;8;-1;;7,53,56;0;3;3;7;4;11;0;2;1;1;0;0;3;7;5;4;8;11;8;9;46;54;1;1;2.83;3.22;2.46;1.05;1.34;2.05;3.7;7;8.75;3.15;1.74;1.26;1.08;1.83;1.91;3.35;1.29;3;1.36;1.53;1.29;1.38;3.64;2.15;3.26;2.95;2.35;2.65;0;0;1.3;1.55;1.91;2.56;3.58;3.44;2.46;1.89;1.51;1.28;2.24;5.2;2.17;2.1;8.75;1.87;4.45;3.8;1.44;3.15;7.75;17;2.6;1.32;1.05;1.02;1.22;2.2;4.25;10;4.03;1.62;1.14;1.04;0;0;0;0;3;0;1;0;2;2;1;2020-08-09 15:30:00;412;0;17;0;0;0;1;1;5;1;2;3;6;5;1;1;0;0;2;0;1;81;58;100;94;1.3;1.61;2.91;0;0;0;0;0;0;1;1;0;1;2;0;0;1;-1;-1;-1;-1;-1;-1;-1;-1;-1;0;17;50;67;100;50;67;100;17;14.33;3;2.34;2.33;KuPS;HJK;2;2.27;3;2;2;2;100;84;50;33;0;67;50;50;1.88;1.31;3.19;3645;22;Y;Y;Y;N;N;N;N
1002477;417;102;2020;complete;55137;9;-1;;;0;0;0;3;4;7;5;0;2;1;0;0;4;5;6;3;10;8;12;14;53;47;2;1;1.77;3.5;4.6;1.08;1.44;2.35;4.55;9;7.25;2.7;1.56;1.19;1.05;2.2;1.62;2.05;1.71;3.75;1.25;1.17;1.28;1.95;2.42;1.98;5.2;2.15;2.25;4.5;0;0;1.32;1.72;1.83;2.6;3.58;3.12;2;1.83;1.43;1.24;1.32;6.75;3.95;1.5;7.25;3.1;2.55;5.85;1.51;3.5;9;19;2.4;1.26;1.04;1.01;1.28;2.25;5.05;13;3.43;1.54;1.1;1.02;0;0;0;0;0;0;0;0;0;0;0;2020-08-10 15:30:00;-1;0;71;0;42;0;1;1;2;2;1;2;4;3;2;0;0;1;2;1;1;74;68;126;101;1.46;1.35;2.81;0;0;0;0;0;0;1;1;0;0;0;0;0;0;-1;-1;-1;-1;-1;-1;-1;-1;-1;0;13;46;71;84;17;59;71;42;10.17;4;5.83;2.13;Honka;SJK;1.73;1.36;2;0.33;1.75;0.86;100;88;54;29;17;75;59;59;1.43;1.06;2.49;3645;22;N;N;N;N;N;N;N
1002478;404;415;2020;complete;55137;9;-1;56,90;;2;0;2;4;6;10;1;0;0;2;0;0;8;4;5;4;13;8;11;10;47;53;0;2;1.95;3.32;3.9;1.06;1.37;2.17;3.95;7.75;8.25;3;1.66;1.23;1.07;1.91;1.8;2.4;1.51;4;1.22;1.24;1.29;1.77;2.78;2.15;4.5;2.35;2.3;3.65;0;0;1.37;1.65;2;2.84;4;2.86;2.1;1.72;1.38;1.2;1.4;6.35;3.5;1.62;8.25;2.55;3.05;5.45;1.44;3.15;7.75;17.25;2.6;1.32;1.05;1.02;1.24;2.3;4.57;11;3.77;1.57;1.12;1.03;0;0;0;0;2;0;0;2;0;2;0;2020-08-10 15:30:00;404;0;50;17;50;0;1;1;1;3;3;3;4;6;0;0;0;2;0;2;1;72;84;109;135;1.9;1.4;3.31;0;0;0;0;0;0;1;1;0;0;0;1;0;0;-1;-1;-1;-1;-1;-1;-1;-1;-1;17;34;84;84;100;50;84;67;50;10.33;5.67;6;3.17;HIFK;TPS;1.36;0.45;1;1;1.86;0.43;84;67;17;17;0;84;67;33;1;1.58;2.58;3645;22;Y;Y;N;N;N;N;N
1002479;424;411;2020;complete;55137;9;-1;13,75;5,48,50,72;2;4;6;6;4;10;4;4;1;2;0;0;3;6;9;9;12;15;3;9;55;45;1;2;4.5;3.9;1.71;1.02;1.2;1.67;2.7;4.85;12;4.3;2.15;1.44;1.17;1.65;2.15;5.6;1.11;2.62;1.44;2;1.2;1.17;4.5;2.3;2.2;4;2.75;2;0;0;1.2;1.35;1.59;1.98;2.62;3.9;3.01;2.26;1.78;1.46;3.1;7;1.62;2.6;13;1.53;8.5;3.4;1.29;2.5;5.5;12;3.25;1.5;1.13;1.02;1.19;1.92;3.84;8;4.64;1.88;1.26;1.06;0;0;0;0;6;1;1;1;3;4;2;2020-08-14 15:30:00;411;0;47;0;20;0;1;1;2;3;4;1;5;5;1;1;0;1;2;1;1;76;52;143;102;1.53;1.74;3.27;0;0;0;0;0;0;1;1;0;1;0;0;0;0;-1;-1;-1;-1;-1;-1;-1;-1;-1;0;10;20;90;90;10;64;80;37;10.13;3.67;2.93;2.1;Haka;KuPS;0.45;1.73;0.33;1.4;0.5;1.78;100;90;80;10;10;100;100;74;1.28;1.58;2.86;3645;22;Y;Y;Y;Y;Y;Y;Y
1002480;413;409;2020;complete;55137;9;-1;20,49,89;;3;0;3;5;1;6;0;3;1;2;0;0;7;0;9;4;16;4;6;8;64;36;1;2;1.49;4.15;6.55;1.04;1.3;1.95;3.4;6.6;9.5;3.4;1.8;1.29;1.1;2.05;1.71;2;1.74;5.5;1.14;1.09;1.19;2.53;2.07;2.32;6.2;1.87;2.69;5.9;0;0;1.38;1.67;2.15;2.85;3.9;2.9;2.15;1.67;1.4;1.2;1.33;8;4.78;1.4;10;3.4;2.38;11;1.38;2.79;7.1;15;3;1.44;1.1;1.02;1.26;2.17;4.8;10;3.84;1.69;1.18;1.04;0;0;0;0;3;1;0;2;0;2;1;2020-08-14 15:30:00;413;0;29;0;29;0;1;1;3;0;2;1;3;3;0;0;1;2;0;3;1;79;44;126;94;2.07;0.58;2.66;0;0;0;0;0;0;1;1;0;0;1;0;0;0;-1;-1;-1;-1;-1;-1;-1;-1;-1;13;42;42;42;75;25;59;59;42;6.25;2.83;3.92;2.13;Lahti;RoPS;1.55;0.27;1.25;0;1.5;0.25;88;59;59;59;25;46;46;46;1.03;0.76;1.79;3645;22;Y;Y;Y;N;N;N;N
1002481;406;404;2020;complete;55137;9;-1;22,63,88;35,74;3;2;5;3;1;4;0;3;4;2;0;1;7;3;6;4;13;7;20;13;58;42;4;3;1.69;3.6;5.1;1.05;1.33;2.05;3.65;7;9;3.2;1.74;1.27;1.08;1.95;1.8;2.2;1.61;4.5;1.18;1.14;1.27;2.05;2.3;2.1;5;2.05;2.4;4.3;0;0;1.41;1.73;2.25;3;3.9;2.78;2.03;1.62;1.36;1.2;1.44;7;4;1.53;9;2.88;2.75;8;1.4;3;7.5;17;2.75;1.33;1.06;1.01;1.23;2.2;4.32;9.75;3.95;1.61;1.14;1.02;0;0;0;0;5;1;1;2;1;3;2;2020-08-14 15:30:00;406;0;43;13;30;0;1;1;2;0;1;1;2;2;1;0;3;3;1;6;1;38;34;110;97;1.6;0.91;2.51;2;0;2;0;0;0;1;1;0;0;1;0;0;0;-1;-1;-1;-1;-1;-1;-1;-1;-1;10;33;55;78;100;23;65;100;55;8.75;4.35;6.35;2.85;Inter Turku;HIFK;2.55;1.18;3;2.5;2.11;2;90;68;45;23;0;68;55;43;2.01;1.41;3.42;3645;22;Y;Y;Y;Y;Y;N;Y
1002482;412;417;2020;complete;55137;9;-1;56;19;1;1;2;13;5;18;0;1;4;1;0;0;12;9;3;4;15;13;17;13;54;46;4;1;1.7;3.3;4.5;1.09;1.3;2.1;4;8;8;3.2;1.65;1.2;1.05;1.95;1.75;2.2;1.61;4.33;1.2;1.14;1.25;2;2.38;2;5;2;2.4;4.5;0;0;1.22;1.44;1.8;2.3;3.2;3.7;2.5;1.87;1.53;1.29;1.42;7.5;3.8;1.53;8.5;2.88;2.75;7.5;1.4;3;8;21;2.75;1.33;1.06;1;1.25;2.3;4.62;12;3.7;1.52;1.12;1.03;0;0;0;0;2;0;1;1;0;1;1;2020-08-15 14:00:00;-1;0;50;0;25;0;1;1;5;2;8;3;7;11;2;0;2;1;2;3;1;110;63;112;94;2.57;1.91;4.48;0;0;0;0;0;0;1;1;0;0;2;0;0;0;-1;-1;-1;-1;-1;-1;-1;-1;-1;0;25;25;75;75;0;63;75;38;14.75;6;3.25;2;HJK;Honka;2.09;1.64;2;1.5;2.13;1.67;100;75;75;25;25;75;75;50;1.84;1.37;3.21;3645;22;Y;Y;N;N;N;N;Y
1002483;407;102;2020;complete;55137;10;-1;;;0;0;0;2;4;6;0;1;2;3;0;0;4;5;7;5;11;10;16;19;48;52;2;3;1.97;3.33;4.15;1.08;1.4;2.17;3.92;7.9;9.1;3;1.75;1.26;1.08;1.92;1.78;2.35;1.53;3.75;1.25;1.25;1.34;1.82;2.52;2.04;4.5;2.26;2.4;4;0;0;1.3;1.6;2.05;2.8;3.9;3.1;2.15;1.67;1.36;1.2;1.48;7.3;3.5;1.66;9.1;2.53;2.88;7;1.45;3.05;9;34;2.57;1.33;1.06;1;1.25;2.28;4.58;12;3.73;1.53;1.12;1.03;0;0;0;0;0;0;0;0;0;0;0;2020-08-15 14:00:00;-1;0;50;13;25;0;1;1;1;3;1;1;4;2;1;1;1;2;2;3;1;58;60;117;128;1.4;1.43;2.83;0;0;0;0;0;0;1;1;0;0;0;0;0;0;-1;-1;-1;-1;-1;-1;-1;-1;-1;13;25;50;50;63;25;50;63;25;12.75;2.25;5.25;2.25;Ilves;SJK;1.73;1.36;2;0.5;1.33;0.88;88;75;50;50;38;88;75;50;2.31;1.13;3.44;3645;22;N;N;N;N;N;N;N
1002484;410;415;2020;complete;55137;10;-1;34;;1;0;1;5;3;8;2;6;2;3;0;0;7;2;6;5;13;7;13;15;53;47;2;3;2.15;3.4;3.3;1.04;1.28;1.91;3.25;6.25;9.75;3.5;1.87;1.32;1.11;1.74;2;3.2;1.31;3.75;1.25;1.37;1.29;1.54;3.04;2.23;3.73;2.69;2.53;3.24;0;0;1.24;1.45;1.8;2.3;3.08;3.6;2.55;1.95;1.55;1.34;1.85;5.3;2.7;1.85;12;2.06;4.05;4.85;1.41;3;6.8;15;3.01;1.41;1.1;1.02;1.24;2.11;4.54;9;4.04;1.73;1.2;1.05;0;0;0;0;1;1;0;0;0;0;1;2020-08-16 15:30:00;410;0;38;25;38;0;1;1;1;1;4;2;2;6;0;1;2;2;1;4;1;68;41;127;103;1.81;0.89;2.7;0;0;0;0;0;0;1;1;0;0;0;0;0;0;-1;-1;-1;-1;-1;-1;-1;-1;-1;13;38;50;75;88;25;63;75;63;8.5;2.5;4;2.63;Mariehamn;TPS;1.09;0.45;1.25;0.75;1.38;0.38;88;63;50;25;13;75;75;38;1.14;1.54;2.68;3645;22;Y;N;N;N;N;N;N
1002485;407;413;2020;complete;55137;10;-1;2,56,80;45;3;1;4;6;2;8;1;2;4;2;0;1;4;2;14;7;18;9;14;10;46;54;4;4;2.15;3.2;3.5;1.05;1.33;2;3.65;7;9;3.2;1.74;1.27;1.08;1.8;1.95;2.75;1.4;3.75;1.25;1.28;1.3;1.72;2.87;2.1;3.75;2.5;2.4;3.4;0;0;1.28;1.51;1.9;2.45;3.4;3.4;2.38;1.8;1.49;1.28;1.53;5.5;3.8;1.72;9.5;2.37;3.4;5.45;1.44;3;9;23;2.62;1.36;1.07;1.01;1.25;2.1;4.4;9.25;3.6;1.65;1.17;1.03;0;0;0;0;4;1;1;2;0;2;2;2020-08-22 14:00:00;407;0;45;10;23;0;1;1;2;0;4;2;2;6;2;1;2;2;3;4;1;81;54;107;102;2;1.11;3.1;0;0;0;0;0;0;1;1;1;0;1;0;0;0;-1;-1;-1;-1;-1;-1;-1;-1;-1;10;33;58;70;80;35;70;80;23;9.75;2.95;4.3;2.7;Ilves;Lahti;1.73;1.36;1.8;1.75;1.3;1.67;90;68;43;30;20;65;53;33;2.13;0.92;3.05;3645;22;Y;Y;Y;Y;N;N;Y
1002486;411;410;2020;complete;55137;10;-1;4,56;87;2;1;3;8;5;13;2;2;3;1;0;0;7;5;18;6;25;11;14;12;50;50;3;1;1.35;5.15;7.75;1.01;1.15;1.5;2.25;3.9;14.5;5.2;2.5;1.61;1.24;1.74;2;2.25;1.57;10;1.06;1.08;1.18;3;1.83;2.6;6.5;1.61;3;6;0;0;1.2;1.4;1.72;2.13;2.8;4;2.75;2;1.64;1.38;1.32;9.2;4.3;1.28;15;3.6;2.4;10.25;1.25;2.2;5;15;3.75;1.61;1.16;1.03;1.15;1.75;3.3;6.75;4.75;1.95;1.28;1.07;0;0;0;0;3;1;0;1;1;2;1;2020-08-22 14:00:00;411;0;63;13;50;0;1;1;3;2;5;3;5;8;3;1;0;0;4;0;1;71;54;110;114;2.57;1.44;4.01;0;0;0;0;0;0;1;1;1;0;2;0;0;0;-1;-1;-1;-1;-1;-1;-1;-1;-1;25;25;88;88;100;38;88;100;63;12.5;2.75;3;3.5;KuPS;Mariehamn;2;1;2.25;1.5;1.9;1.56;75;75;13;13;0;88;75;75;1.74;1.42;3.16;3645;22;Y;Y;Y;N;N;N;Y
1002487;409;412;2020;complete;55137;10;-1;;90;0;1;1;2;12;14;0;1;1;1;0;0;2;8;1;18;3;26;12;13;32;68;1;1;16.5;7.25;1.16;1.01;1.15;1.5;2.25;3.9;14.5;5.2;2.5;1.61;1.24;2.5;1.48;11;1.05;1.66;2.1;4.5;1.11;1.03;11;2.87;1.57;11;3.4;1.36;0;0;1.28;1.51;1.9;2.45;3.4;3.4;2.38;1.8;1.49;1.28;11;10.5;1.1;5.5;15;1.14;14;1.71;1.25;2.2;5;13;3.75;1.61;1.16;1.04;1.14;1.72;3.2;6.5;5;2;1.3;1.08;0;0;0;0;1;0;0;0;1;1;0;2020-08-22 14:00:00;412;0;44;25;35;0;1;1;1;5;1;7;6;8;0;0;1;1;0;2;1;32;126;81;122;0.57;3.09;3.66;0;0;0;0;0;0;1;1;0;0;0;0;0;0;-1;-1;-1;-1;-1;-1;-1;-1;-1;27;45;55;82;100;35;55;100;64;8.53;3.33;3.23;3.09;RoPS;HJK;0.18;2.27;0.33;2.4;0.2;2.1;74;55;45;19;0;72;54;37;1.16;1.4;2.56;3645;22;Y;N;N;N;N;N;N
1002488;415;406;2020;complete;55137;10;-1;11;;1;0;1;2;10;12;2;2;3;1;0;0;4;0;1;15;5;15;12;10;33;67;3;1;7;4.1;1.45;1.04;1.3;1.95;3.4;6.6;9.5;3.4;1.8;1.29;1.1;2.15;1.65;5.95;1.1;1.8;1.9;2.7;1.16;1.08;7;2.2;1.95;6.5;2.65;1.72;0;0;1.26;1.48;1.85;2.37;3.2;3.5;2.46;1.9;1.52;1.3;4;8.8;1.36;3.5;8;1.36;9.5;2;1.4;2.75;6.75;16;2.75;1.4;1.07;1.01;1.25;2.1;4.4;9.25;3.6;1.65;1.17;1.03;0;0;0;0;1;1;0;0;0;0;1;2020-08-22 12:00:00;415;0;23;0;23;0;1;1;2;4;0;6;6;6;0;0;3;1;0;4;1;49;119;104;170;0.96;1.81;2.78;0;0;0;0;0;0;1;1;0;0;0;0;0;0;-1;-1;-1;-1;-1;-1;-1;-1;-1;0;13;13;78;100;0;45;100;45;11.8;6.3;5.4;2.03;TPS;Inter Turku;1.45;1.18;0;1.4;0.33;2.27;100;88;88;23;0;65;65;53;0.99;1.81;2.8;3645;22;Y;N;N;N;N;N;N
1002489;404;424;2020;complete;55137;11;-1;;34;0;1;1;6;4;10;1;3;2;5;0;1;7;3;12;2;19;5;12;19;61;39;2;6;1.87;3.9;3.7;1.02;1.23;1.74;2.85;5.25;11.25;4;2.05;1.4;1.14;1.67;2.1;3.25;1.33;4.33;1.2;1.36;1.25;1.72;2.75;2.25;3.6;2.4;2.6;3.2;0;0;1.27;1.49;1.87;2.4;3.28;3.4;2.43;1.87;1.5;1.29;1.8;5.4;2.81;1.66;13;2.25;3.65;5.5;1.33;2.62;6.5;19;3.25;1.44;1.11;1.02;1.2;2;4;8.5;4;1.72;1.2;1.04;0;0;0;0;1;0;1;0;0;0;1;2020-08-23 15:30:00;424;0;53;20;43;0;1;1;1;2;5;2;3;7;0;1;2;5;1;7;1;80;38;103;90;2.26;0.81;3.07;0;0;0;0;0;0;1;1;0;0;0;0;0;1;-1;-1;-1;-1;-1;-1;-1;-1;-1;0;30;68;100;100;45;78;88;55;10.7;5.2;5.15;2.98;HIFK;Haka;1.36;1.55;1.5;0.6;1.78;0.4;100;70;33;0;0;68;55;33;1.23;1.24;2.47;3645;22;Y;N;N;N;N;N;N
1002490;102;417;2020;complete;55137;11;-1;;52,59;0;2;2;3;4;7;3;5;3;2;0;0;2;12;6;6;8;18;11;8;56;44;3;2;4.15;3.3;1.91;1.06;1.39;2.25;4.2;8.25;8;2.9;1.62;1.21;1.06;2;1.74;3.75;1.25;2.25;1.57;1.8;1.3;1.22;4.5;2.1;2.62;4;2.37;2.3;0;0;1.29;1.57;2;2.5;3.7;3.2;2.2;1.7;1.44;1.22;2.55;5.15;1.95;2.75;8;1.61;5.6;2.85;1.5;3.4;10;26;2.5;1.3;1.06;1.01;1.3;2.4;5.25;11.5;3.2;1.5;1.12;1.01;0;0;0;0;2;0;0;0;2;2;0;2020-08-21 15:30:00;417;0;58;0;38;0;1;1;2;1;1;3;3;4;2;1;1;1;3;2;1;65;54;85;84;1.12;2.36;3.48;0;0;0;0;0;0;1;1;0;0;0;0;1;0;-1;-1;-1;-1;-1;-1;-1;-1;-1;0;0;13;68;80;0;45;68;48;12.1;5.95;3.3;1.6;SJK;Honka;1.27;1.64;1.25;1.4;0.89;1.6;100;100;88;33;20;90;90;58;1.4;1.47;2.87;3645;22;Y;Y;N;N;N;N;N
1002491;424;413;2020;complete;55137;11;-1;40,81;15,66;2;2;4;2;6;8;0;0;1;3;0;0;6;7;3;5;9;12;9;13;47;53;1;3;3.25;3.55;2.1;1.03;1.24;1.77;2.95;5.45;11;3.9;2;1.38;1.14;1.65;2.15;4;1.21;3.5;1.28;1.53;1.22;1.3;3.1;2.25;3.25;3.1;2.6;2.45;0;0;1.22;1.43;1.75;2.22;2.9;3.8;2.65;2;1.59;1.35;1.6;7.1;3;2.15;12;1.8;5.75;4.2;1.36;2.7;7;21;2.8;1.4;1.09;1.02;1.18;1.85;3.6;8.5;4.5;1.87;1.25;1.07;0;0;0;0;4;1;1;1;1;2;2;2020-08-26 15:30:00;-1;0;60;20;30;0;1;1;1;1;1;5;2;6;0;2;1;1;2;2;1;68;62;103;96;1.48;1.7;3.18;0;0;0;0;0;0;1;1;0;0;1;1;0;0;-1;-1;-1;-1;-1;-1;-1;-1;-1;20;40;60;100;100;40;80;100;50;6.8;4.2;4.2;3.3;Haka;Lahti;0.45;1.36;0.2;1.4;0.64;1.5;80;60;40;0;0;70;50;30;1.27;0.96;2.23;3645;22;Y;Y;Y;Y;N;N;Y
1002492;412;102;2020;complete;55137;11;-1;13,75;;2;0;2;11;3;14;1;1;1;2;0;0;8;5;4;4;12;9;8;13;51;49;1;2;1.44;4.33;6.5;1.02;1.23;2.05;2.85;5.25;11.25;4;1.8;1.4;1.14;2.1;1.67;1.8;1.91;9;1.07;1.03;1.14;3.3;2;2.38;6.5;1.56;2.97;7.5;0;0;1.28;1.5;1.88;2.43;3.4;3.4;2.39;1.86;1.5;1.28;1.3;9.3;4.5;1.25;11.25;4.4;1.95;10.75;1.34;2.65;6.35;14;3;1.43;1.09;1.02;1.16;1.87;3.5;9;4.9;1.77;1.21;1.05;0;0;0;0;2;1;0;1;0;1;1;2020-08-26 15:30:00;412;0;60;0;30;0;1;1;8;1;3;2;9;5;0;0;1;2;0;3;1;75;66;104;100;1.86;1.4;3.26;0;0;0;0;0;0;1;1;0;0;0;1;0;0;-1;-1;-1;-1;-1;-1;-1;-1;-1;0;20;40;70;70;10;70;70;30;14.2;2.6;5.2;2;HJK;SJK;2.09;1.36;1.8;0.6;2.18;0.8;100;80;60;30;30;70;60;60;1.98;1.19;3.17;3645;22;Y;Y;N;N;N;N;N
1002493;410;409;2020;complete;55137;11;-1;19,38,60,71;;4;0;4;4;3;7;0;1;3;1;0;0;5;2;7;3;12;5;18;12;45;55;3;1;1.62;4.05;4.95;1.04;1.29;1.91;3.3;6.35;9.75;3.45;1.83;1.31;1.1;1.91;1.83;2.3;1.57;5;1.16;1.19;1.26;2.16;2.25;2.25;5;1.94;2.63;4.67;0;0;1.32;1.57;2;2.6;3.58;3.1;2.24;1.75;1.43;1.24;1.35;7.6;4.4;1.5;12.25;2.79;2.65;6.9;1.38;2.8;6.8;15;2.9;1.39;1.08;1.02;1.2;2.03;3.95;10;4.35;1.65;1.17;1.04;0;0;0;0;4;2;0;2;0;2;2;2020-08-26 15:30:00;410;0;23;10;23;0;1;1;4;1;0;2;5;2;0;0;3;1;0;4;1;44;32;80;63;1.43;0.69;2.12;2;0;2;0;0;0;1;1;0;0;2;0;0;0;-1;-1;-1;-1;-1;-1;-1;-1;-1;0;23;45;55;90;10;78;68;45;5.75;2.95;3.55;2.13;Mariehamn;RoPS;1.09;0.27;1.6;0;1.4;0.18;100;78;55;45;10;45;45;45;1.28;0.72;2;3645;22;Y;Y;Y;Y;N;N;N
1002494;415;404;2020;complete;55137;11;-1;51;;1;0;1;2;3;5;1;4;2;1;0;0;4;3;3;8;7;11;6;12;50;50;2;1;3.1;3.2;2.25;1.08;1.48;2.05;4.8;9.75;7;2.6;1.8;1.17;1.04;2.05;1.69;3.1;1.33;2.5;1.5;1.59;1.33;1.3;3.5;2.1;3;3.74;2.26;2.74;0;0;1.35;1.63;2.1;2.75;3.9;2.9;2.14;1.68;1.39;1.21;2.45;6.4;1.87;2.35;7;1.8;4.55;3.25;1.54;3.6;9.25;19.25;2.35;1.25;1.03;1.01;1.29;2.48;5.05;13;3.4;1.45;1.1;1.02;0;0;0;0;1;0;0;1;0;1;0;2020-08-26 15:30:00;415;0;30;20;20;0;1;1;2;2;0;1;4;1;1;0;1;1;1;2;1;32;71;79;141;0.96;1.43;2.39;0;0;0;0;0;0;1;1;0;0;0;0;0;0;-1;-1;-1;-1;-1;-1;-1;-1;-1;10;30;40;70;100;20;60;90;50;6.8;3.6;6.6;2.5;TPS;HIFK;1.45;1.18;0.6;2;0.6;1.6;90;70;60;30;0;60;50;30;0.99;1.31;2.3;3645;22;Y;N;N;N;N;N;N
1002495;411;415;2020;complete;55137;12;-1;28,35,45;45;3;1;4;4;3;7;1;0;0;0;0;0;5;3;3;0;8;3;7;11;54;46;0;0;1.3;5;10;1.03;1.22;1.9;2.69;4.83;16;4.37;1.95;1.48;1.19;2.03;1.71;1.87;1.83;9;1.07;1.09;1.17;3.23;1.8;2.5;7.5;1.57;2.99;7.25;0;0;1.2;1.39;1.66;2.14;2.8;4.1;2.8;2.09;1.66;1.39;1.31;9.2;4.4;1.3;16;3.68;2.05;10.5;1.3;2.4;5.9;13;3.27;1.51;1.12;1.02;1.16;1.85;3.45;8;5;1.79;1.22;1.06;0;0;0;0;4;3;1;0;0;0;4;2020-08-29 15:30:00;411;0;40;10;30;0;1;-1;2;0;2;3;2;5;0;0;0;0;0;0;1;68;62;119;104;1.36;0.86;2.22;0;0;0;0;0;0;1;1;0;0;0;0;-1;-1;-1;-1;-1;-1;-1;-1;-1;-1;-1;10;20;60;70;100;30;70;80;50;13;3.4;3.6;2.6;KuPS;TPS;2;0.45;2.4;0.6;2;0.82;90;80;40;30;0;90;80;50;1.9;1.41;3.31;3645;22;Y;Y;Y;Y;N;N;Y
1002496;102;409;2020;complete;55137;12;-1;25,59;75;2;1;3;7;3;10;3;1;3;2;0;0;10;5;9;4;19;9;17;8;50;50;3;2;1.43;4.3;7;1.05;1.34;2.05;3.75;7.25;8.75;3.1;1.71;1.25;1.08;2.25;1.59;1.87;1.87;5.5;1.14;1.08;1.2;2.55;1.95;2.38;7;1.76;2.62;6.25;0;0;1.37;1.67;2.15;2.85;4;2.85;2.08;1.66;1.37;1.2;1.28;8.2;5.1;1.32;9;4.05;2.15;8;1.37;2.91;7.7;15;3.1;1.41;1.09;1.02;1.23;2.21;4.38;11;3.92;1.56;1.13;1.03;0;0;0;0;3;1;0;1;1;2;1;2020-08-29 14:00:00;102;0;40;0;40;0;1;1;4;1;3;2;5;5;1;1;2;1;2;3;1;68;36;92;69;2.38;1.18;3.56;0;0;0;0;0;0;1;1;0;0;0;0;0;1;-1;-1;-1;-1;-1;-1;-1;-1;-1;0;20;40;70;100;10;60;80;70;7.8;4.4;3.4;2.3;SJK;RoPS;1.27;0.27;1;0;0.73;0.17;100;80;60;30;0;60;60;50;1.35;0.71;2.06;3645;22;Y;Y;Y;N;N;N;Y
1002497;417;404;2020;complete;55137;12;-1;;12;0;1;1;6;2;8;4;1;2;4;0;0;4;2;4;1;8;3;5;14;68;32;2;4;1.67;3.75;5;1.1;1.4;1.98;4.33;11;7.5;2.75;1.88;1.2;1.06;2.05;1.7;2.2;1.62;3.75;1.25;1.18;1.33;1.83;2.3;2.2;5;2.2;2.3;4.33;0;0;1.33;1.6;2;2.62;3.8;3.1;2.25;1.75;1.45;1.24;1.45;8.5;3.2;1.6;6.75;2.75;2.75;6;1.5;3.4;10;19.5;2.5;1.3;1.06;1.01;1.3;2.35;5.25;10.5;3.25;1.53;1.13;1.02;0;0;0;0;1;0;1;0;0;0;1;2020-09-01 15:30:00;404;0;47;17;29;0;1;1;5;1;1;1;6;2;0;3;2;1;3;3;1;119;51;160;102;1.66;0.71;2.37;0;0;0;0;0;0;1;1;0;0;3;0;0;0;-1;-1;-1;-1;-1;-1;-1;-1;-1;9;27;35;64;90;17;45;80;45;8.17;5.73;4.77;2.24;Honka;HIFK;1.73;1.18;1.8;1.67;1.73;1.45;92;74;65;37;10;45;37;29;1.44;1.33;2.77;3645;22;Y;N;N;N;N;N;N
1002498;412;410;2020;complete;55137;12;-1;8,11,29,41,69,73;10;6;1;7;5;3;8;1;1;3;2;0;0;13;4;4;1;17;5;10;9;60;40;3;2;1.22;6.1;11.75;1.01;1.15;1.5;2.25;3.9;14.5;5.2;2.5;1.61;1.24;1.95;1.8;1.87;1.83;13;1.04;1.01;1.1;3.95;1.61;2.7;8.3;1.46;3.3;8.3;0;0;1.22;1.43;1.74;2.25;3;3.8;2.65;1.98;1.6;1.35;1.2;11.5;5.7;1.22;14.5;4.4;2;13;1.25;2.17;4.9;10;3.67;1.61;1.16;1.04;1.12;1.68;2.99;7;5.95;1.98;1.29;1.08;0;0;0;0;7;4;1;2;0;2;5;2020-08-30 15:30:00;412;0;84;10;67;0;1;1;2;2;3;1;4;4;2;0;1;2;2;3;1;82;43;143;82;2.58;0.92;3.5;0;0;0;0;0;0;1;1;1;1;0;0;1;0;-1;-1;-1;-1;-1;-1;-1;-1;-1;20;37;67;100;100;10;100;100;67;14;3.67;3.67;3.44;HJK;Mariehamn;2.09;1;2;1.2;2.25;1.55;80;64;34;0;0;82;82;82;1.96;1.43;3.39;3645;22;Y;Y;Y;Y;Y;Y;Y
1002499;413;406;2020;complete;55137;12;-1;27,35;77,89;2;2;4;5;3;8;4;1;1;2;0;0;10;7;5;5;15;12;15;13;42;58;1;2;4.35;3.75;1.77;1.03;1.25;1.8;3.05;5.7;10.5;3.75;1.95;1.36;1.12;1.74;2;5;1.17;2.62;1.44;2;1.25;1.2;4.33;2.25;2.4;4;2.6;2.1;0;0;1.33;1.6;2.05;2.7;3.8;3;2.2;1.72;1.41;1.23;3.12;5.5;1.67;2.6;10.5;1.56;6.35;3.1;1.36;2.62;7;21;3;1.44;1.1;1.02;1.2;1.95;4;8.25;4;1.75;1.2;1.04;0;0;0;0;4;2;0;0;2;2;2;2020-08-31 15:30:00;-1;0;19;0;19;0;1;1;0;0;5;3;0;8;0;1;1;1;1;2;1;39;58;100;140;1.93;1.68;3.62;0;0;0;0;0;0;1;1;0;0;0;0;0;0;-1;-1;-1;-1;-1;-1;-1;-1;-1;10;20;30;64;80;20;55;72;47;12.57;5.53;4.17;2.04;Lahti;Inter Turku;1.55;1.18;1.6;1.17;1.45;2.08;90;80;70;37;20;52;52;52;1.24;1.81;3.05;3645;22;Y;Y;Y;Y;N;N;Y
1002500;424;407;2020;complete;55137;12;-1;;36,52;0;2;2;6;3;9;2;0;1;1;0;0;3;6;8;5;11;11;15;12;51;49;1;1;3.55;3.35;2.05;1.03;1.24;1.77;2.95;5.45;11;3.9;2;1.38;1.14;1.65;2.15;4.33;1.2;3;1.36;1.73;1.3;1.29;3.6;2.25;2.75;3.4;2.5;2.38;0;0;1.33;1.6;2;2.6;3.4;3.11;2.25;1.75;1.45;1.29;2.38;7.5;1.74;2.3;10.5;1.69;5.65;3.5;1.36;2.62;7;19;3;1.44;1.1;1.02;1.2;1.95;3.9;8.25;4;1.75;1.22;1.04;0;0;0;0;2;0;1;0;1;1;1;2020-09-01 15:30:00;407;0;64;17;55;0;1;1;2;3;4;0;5;4;0;0;1;1;0;2;1;71;45;104;92;1.42;1.44;2.86;0;0;0;0;0;0;1;1;0;0;0;1;0;0;-1;-1;-1;-1;-1;-1;-1;-1;-1;37;45;45;90;100;37;64;100;64;8.83;3.2;3.73;3.35;Haka;Ilves;0.45;1.55;0.33;0.8;0.67;1.45;64;55;55;10;0;62;54;37;1.31;1.35;2.66;3645;22;Y;Y;N;N;N;N;N
1002501;417;407;2020;complete;55137;13;-1;4,75,77;8,52;3;2;5;7;3;10;6;0;2;1;0;0;4;0;1;6;5;6;9;9;58;42;2;1;1.85;3.25;3.9;1.08;1.36;2;4;9;8.5;3;1.75;1.22;1.07;2;1.75;2.35;1.53;0;0;1.22;1.25;1.85;2.62;2.1;4.5;2.25;2.37;4;0;0;1.36;1.62;2.05;2.7;4.1;3;2.2;1.72;1.42;1.22;2.15;6.5;2.15;1.57;8.5;2.75;3;5.4;1.5;3.4;10;19;2.5;1.3;1.06;1.01;1.28;2.35;5.25;10.5;3.3;1.53;1.13;1.02;0;0;0;0;5;1;1;2;1;3;2;2020-09-09 15:30:00;417;0;50;0;42;0;1;1;3;3;4;0;6;4;0;0;2;1;0;3;1;81;70;133;108;1.2;0.89;2.09;0;0;0;0;0;0;1;1;1;1;0;1;0;0;-1;-1;-1;-1;-1;-1;-1;-1;-1;17;25;25;67;92;17;59;75;42;9.84;4.5;3.84;2.34;Honka;Ilves;1.73;1.55;1.5;1.17;1.58;1.58;84;75;75;34;9;42;33;33;1.47;1.37;2.84;3645;22;Y;Y;Y;Y;Y;N;Y
1002502;410;413;2020;complete;55137;13;-1;61,71;26,55;2;2;4;5;6;11;1;3;1;4;0;0;6;6;8;12;14;18;14;14;46;54;1;4;2.4;3.65;2.7;1.01;1.16;1.54;2.35;4.1;13.75;4.95;2.4;1.56;1.22;1.48;2.5;3.85;1.23;0;0;1.44;1.22;1.53;3.1;2.3;3.1;2.75;2.6;2.75;0;0;1.36;1.62;2.05;2.7;3.5;3;2.2;1.72;1.42;1.27;1.9;6.5;2.5;1.83;13;2;4.65;4.5;1.33;2.5;6.5;19;3.25;1.5;1.11;1.02;1.19;1.91;3.8;8;4.1;1.8;1.22;1.05;0;0;0;0;4;0;1;2;1;3;1;2020-09-09 15:30:00;-1;0;42;25;25;0;1;1;4;2;1;4;6;5;0;2;1;2;2;3;1;63;85;80;87;1.75;2.16;3.91;0;0;0;0;0;0;1;1;0;0;1;2;0;0;-1;-1;-1;-1;-1;-1;-1;-1;-1;0;42;67;84;92;50;92;84;50;7.17;2.5;4.83;2.83;Mariehamn;Lahti;1.09;1.36;1.83;1.33;1.42;1.42;100;59;34;17;9;33;25;25;1.3;1.08;2.38;3645;22;Y;Y;Y;Y;N;N;Y
1002503;411;409;2020;complete;55137;13;-1;30,33,85;;3;0;3;12;3;15;3;0;2;1;0;0;9;0;11;4;20;4;12;9;57;43;2;1;1.16;7.5;14;1.01;1.13;1.43;2.1;3.5;15.5;5.7;2.7;1.69;1.28;2.15;1.65;1.62;2.15;0;0;1.03;1.02;4.75;1.57;2.88;10;1.4;3.4;9.5;0;0;1.2;1.4;1.67;2.1;2.75;4.25;2.8;2.1;1.67;1.42;1.14;11;9;1.14;17;5.5;1.69;14;1.25;2.2;5;15;3.75;1.62;1.17;1.03;1.15;1.75;3.3;7;4.75;1.95;1.28;1.07;0;0;0;0;3;2;0;1;0;1;2;2020-09-09 15:30:00;411;0;42;9;25;0;1;1;7;1;5;2;8;7;1;1;1;0;2;1;1;126;48;137;84;2.79;0.61;3.4;0;0;0;0;0;0;1;1;0;0;5;0;0;0;-1;-1;-1;-1;-1;-1;-1;-1;-1;0;25;75;75;100;34;83;83;50;10;2.5;2.67;2.75;KuPS;RoPS;2;0.27;2.5;0;2.08;0.15;100;75;25;25;0;67;59;50;1.81;0.79;2.6;3645;22;Y;Y;Y;N;N;N;N
1002504;102;406;2020;complete;55137;13;-1;22,27,67;6,88;3;2;5;9;2;11;2;1;1;1;0;0;3;6;3;3;6;9;15;13;40;60;1;1;4.95;3.65;1.71;1.05;1.32;2;3.55;6.95;9;3.25;1.77;1.27;1.09;1.91;1.8;4.4;1.18;0;0;1.95;1.25;1.19;5;2.1;2.4;4.5;2.4;2.1;0;0;1.27;1.44;1.75;2.2;2.9;3.55;2.7;2.05;1.62;1.38;4;7.5;1.42;3;9;1.5;6.6;2.75;1.44;3.25;9;26;2.62;1.33;1.07;1.01;1.28;2.3;5;10.5;3.3;1.55;1.14;1.02;0;0;0;0;5;2;1;1;1;2;3;2020-09-09 15:30:00;102;0;48;0;41;0;1;1;5;1;4;1;6;5;0;0;1;1;0;2;1;58;65;82;123;1.01;1.47;2.48;0;0;0;0;0;0;1;1;0;1;1;0;0;0;-1;-1;-1;-1;-1;-1;-1;-1;-1;0;7;24;77;100;7;54;85;63;13.43;6.69;4.14;2.09;SJK;Inter Turku;1.27;1.18;1.33;1.14;0.92;2;100;93;77;23;0;77;77;61;1.52;1.79;3.31;3645;22;Y;Y;Y;Y;Y;N;Y
1002505;415;424;2020;complete;55137;13;-1;25,89;17,31,64;2;3;5;11;4;15;2;3;2;1;0;0;7;5;6;4;13;9;13;10;53;47;2;1;2.6;3.15;2.8;1.04;1.31;1.95;3.5;6.7;9.25;3.35;1.8;1.29;1.09;1.74;2;3.4;1.28;0;0;1.48;1.26;1.45;3.25;2.2;3.25;2.87;2.5;2.87;0;0;1.37;1.65;2.1;2.8;3.5;2.9;2.15;1.67;1.4;1.27;2.15;6.5;2.15;1.95;11;1.95;4.35;4.25;1.4;2.75;8;21;2.75;1.4;1.08;1.02;1.22;2.05;4.25;9;3.8;1.7;1.18;1.03;0;0;0;0;5;1;2;1;1;2;3;2020-09-09 15:30:00;424;0;42;17;34;0;1;1;3;0;8;4;3;12;1;1;1;0;2;1;1;102;81;117;114;2.05;1.51;3.55;0;0;0;0;0;0;1;1;0;0;1;0;0;0;-1;-1;-1;-1;-1;-1;-1;-1;-1;0;34;34;67;100;17;67;83;42;8.33;3.83;5.83;2.33;TPS;Haka;1.45;1.55;1;1;0.75;0.62;100;67;67;34;0;59;59;33;0.98;1.17;2.15;3645;22;Y;Y;Y;Y;Y;N;Y
1002506;404;412;2020;complete;55137;13;-1;13,18,29,89;24,53,80;4;3;7;0;10;10;2;2;2;2;0;0;6;18;1;9;7;27;8;12;39;61;2;2;5.05;3.65;1.54;1.04;1.22;1.87;2.75;5;13;4;1.72;1.4;1.17;1.8;1.95;5.85;1.09;0;0;2.35;1.16;1.15;5.5;2.4;2.05;5;2.75;1.8;0;0;1.28;1.51;1.9;2.45;3.4;3.4;2.38;1.84;1.49;1.28;3;7.5;1.58;3.2;13;1.36;8;2.4;1.3;2.5;6.5;17;3.4;1.5;1.11;1.02;1.19;1.91;3.8;8;4.1;1.8;1.22;1.05;0;0;0;0;7;3;1;1;2;3;4;2020-09-10 15:30:00;404;0;19;0;19;0;1;1;0;1;0;9;1;9;0;0;2;2;0;4;1;44;108;103;125;1.19;3.73;4.92;1;1;1;1;0;0;1;1;0;0;0;0;0;0;-1;-1;-1;-1;-1;-1;-1;-1;-1;9;17;55;74;100;29;65;80;45;11.93;4.43;3.93;2.54;HIFK;HJK;1.36;2.27;1.2;2.5;1.58;2.31;92;84;45;27;0;74;55;35;1.43;1.68;3.11;3645;22;Y;Y;Y;Y;Y;Y;Y
1002507;424;102;2020;complete;55137;14;-1;47;22,34,78,88;1;4;5;1;3;4;1;4;1;0;0;0;3;6;6;4;9;10;3;4;45;55;1;0;2.5;3.35;2.7;1.03;1.26;1.83;3.1;5.8;10.5;3.7;1.95;1.35;1.12;1.67;2.1;3.25;1.26;0;0;1.44;1.26;1.48;3.25;2.1;3.25;2.85;2.4;2.95;0;0;1.2;1.44;1.73;2.2;3.1;3.9;2.7;1.95;1.57;1.3;1.85;8;2.2;1.95;7.75;2;4.2;3.9;1.4;3;8;23;2.75;1.36;1.08;1.01;1.25;2.15;4.6;9.5;3.6;1.62;1.16;1.03;0;0;0;0;5;0;2;1;2;3;2;2020-09-12 14:00:00;102;0;45;15;30;0;1;1;0;1;1;2;1;3;0;0;1;0;0;1;1;68;52;90;93;1.27;1.43;2.7;1;1;1;1;0;0;1;1;0;0;0;1;0;0;-1;-1;-1;-1;-1;-1;-1;-1;-1;15;22;38;75;75;23;61;75;37;8.31;2.83;4.46;2.31;Haka;SJK;0.45;1.36;0.29;0.5;0.79;1.08;86;79;62;25;25;77;54;40;1.32;1.23;2.55;3645;22;Y;Y;Y;Y;Y;N;Y
1002508;409;417;2020;complete;55137;14;-1;54;26,44,57;1;3;4;10;6;16;3;0;2;1;0;0;4;5;1;7;5;12;11;11;41;59;2;1;8.25;4.3;1.4;1.04;1.29;1.91;3.35;6.45;9.5;3.45;1.83;1.3;1.1;2.2;1.62;5.15;1.11;0;0;2.25;1.19;1.14;6;2.25;2.1;5;2.6;1.91;0;0;1.29;1.57;1.95;2.5;3.7;3.2;2.2;1.73;1.44;1.22;3.7;9.5;1.33;2.9;8;1.48;7.75;2.2;1.4;3;8;23;2.75;1.36;1.08;1.01;1.22;2.1;4.33;9;3.8;1.65;1.18;1.03;0;0;0;0;4;0;2;1;1;2;2;2020-09-12 14:00:00;417;0;45;22;22;0;1;1;4;3;6;3;7;9;0;0;2;1;0;3;1;26;30;58;65;0.79;1.32;2.11;0;0;0;0;0;0;1;1;0;0;0;0;0;0;-1;-1;-1;-1;-1;-1;-1;-1;-1;15;22;22;69;84;22;38;84;45;8.47;4.64;3.54;2.1;RoPS;Honka;0.18;1.64;0.29;1.67;0.14;1.69;86;79;79;31;17;77;69;38;1.08;1.62;2.7;3645;22;Y;Y;Y;Y;N;N;Y
1002509;407;412;2020;complete;55137;14;-1;77;19,63;1;2;3;3;2;5;0;4;2;2;1;0;9;4;7;7;16;11;16;16;56;44;4;2;4;3.5;1.91;1.05;1.29;1.9;3.25;6.5;11;3.5;1.9;1.33;1.11;1.75;2;4.25;1.16;0;0;1.87;1.22;1.25;4.33;2.2;2.6;3.9;2.5;2.2;0;0;1.25;1.48;1.84;2.35;3.2;3.5;2.48;1.9;1.52;1.31;2.4;7.5;1.73;2.45;8.5;1.62;5.65;3;1.4;2.75;8;21;2.75;1.4;1.08;1.02;1.22;2.05;4.33;9;3.8;1.7;1.18;1.03;0;0;0;0;3;0;1;1;1;2;1;2020-09-13 15:30:00;412;0;40;24;23;0;1;1;3;1;0;1;4;1;2;0;1;2;2;3;1;114;70;139;83;2.46;1.48;3.94;0;0;0;0;0;0;1;1;0;0;0;0;0;0;-1;-1;-1;-1;-1;-1;-1;-1;-1;23;47;54;61;84;31;54;84;45;13.69;3.03;3.6;2.98;Ilves;HJK;1.73;2.27;2;2.14;1.46;2.14;77;54;47;40;17;69;62;38;2.11;1.97;4.08;3645;22;Y;Y;Y;N;N;N;Y
1002510;415;410;2020;complete;55137;14;-1;84;68;1;1;2;3;7;10;1;1;1;2;0;0;2;4;7;4;9;8;14;9;35;65;1;2;2.55;3.35;2.65;1.03;1.24;1.77;2.95;5.55;10.75;3.85;2;1.38;1.13;1.62;2.2;3.55;1.22;0;0;1.53;1.25;1.42;3.2;2.2;3.2;3;2.5;2.65;0;0;1.27;1.49;1.87;2.4;3.3;3.4;2.43;1.87;1.5;1.29;1.85;7.5;2.2;2.05;8.5;1.85;4.4;4.15;1.36;2.62;7;19;3;1.44;1.1;1.02;1.2;1.95;3.9;8.25;4;1.75;1.22;1.04;0;0;0;0;2;0;0;1;1;2;0;2020-09-14 15:00:00;-1;0;65;24;56;0;1;1;1;2;2;5;3;7;0;1;1;1;1;2;1;48;80;108;167;1.07;1.39;2.45;0;0;0;0;0;0;1;1;0;0;0;2;0;0;-1;-1;-1;-1;-1;-1;-1;-1;-1;32;40;65;79;100;24;79;93;72;8.26;3.4;4.71;3.48;TPS;Mariehamn;1.45;1;0.86;1;0.69;1.38;68;61;36;22;0;62;62;55;1.13;1.34;2.47;3645;22;Y;Y;N;N;N;N;Y
1002511;413;411;2020;complete;55137;14;-1;9;61,90;1;2;3;6;13;19;2;6;3;1;0;0;4;7;3;7;7;14;14;7;51;49;3;1;4.65;3.95;1.69;1.02;1.19;1.62;2.6;4.6;12.5;4.45;2.25;1.48;1.18;1.62;2.2;4.4;1.15;0;0;1.78;1.22;1.28;4.33;2.25;2.5;3.6;2.5;2.3;0;0;1.25;1.48;1.83;2.35;3.2;3.5;2.48;1.9;1.52;1.31;2.5;8;1.67;2.3;8.75;1.67;5.75;3.15;1.36;2.62;7;19;3;1.44;1.1;1.02;1.2;1.95;4;8.25;4;1.75;1.2;1.04;0;0;0;0;3;1;0;0;2;2;1;2020-09-14 15:30:00;411;0;50;9;34;0;1;1;3;6;3;7;9;10;2;0;1;1;2;2;1;54;110;115;112;1.13;2.16;3.29;0;0;0;0;0;0;1;1;1;0;0;0;0;0;-1;-1;-1;-1;-1;-1;-1;-1;-1;17;42;59;75;75;42;67;67;59;10;3.17;3.5;2.75;Lahti;KuPS;1.55;1.73;1.5;1.67;1.38;2.15;83;59;42;25;25;59;59;42;1.35;1.61;2.96;3645;22;Y;Y;Y;N;N;N;Y
1002512;404;406;2020;complete;55137;14;-1;;;0;0;0;5;4;9;1;1;4;2;0;0;3;2;6;7;9;9;9;17;38;62;4;2;3.75;3.4;2;1.04;1.32;2;3.55;6.85;9.25;3.3;1.77;1.28;1.09;1.8;1.91;3.9;1.19;0;0;1.72;1.25;1.28;4.33;2.1;2.75;3.7;2.35;2.4;0;0;1.32;1.59;2.03;2.65;3.7;3.1;2.22;1.73;1.42;1.23;2.5;7.5;1.7;2.35;7.25;1.72;5.4;2.95;1.44;3.25;9;26;2.62;1.33;1.07;1.01;1.26;2.2;4.6;9.75;3.5;1.6;1.16;1.02;0;0;0;0;0;0;0;0;0;0;0;2020-09-14 15:30:00;-1;0;36;15;29;0;1;1;2;3;3;1;5;4;2;0;2;2;2;4;1;38;72;88;117;1.06;1.24;2.3;0;0;0;0;0;0;1;1;0;0;0;0;0;0;-1;-1;-1;-1;-1;-1;-1;-1;-1;15;21;46;79;100;38;73;78;50;11.42;6;4.5;2.78;HIFK;Inter Turku;1.36;1.18;1.5;1;1.69;1.86;86;79;54;21;0;79;71;46;1.39;1.75;3.14;3645;22;N;N;N;N;N;N;N
1002513;413;415;2020;complete;55137;15;-1;83;46;1;1;2;6;1;7;4;3;2;3;0;0;7;2;3;1;10;3;11;12;69;31;2;3;1.8;3.75;4.25;1.03;1.26;1.83;3.1;5.8;10.5;3.7;1.95;1.35;1.12;1.74;2;2.3;1.5;0;0;1.16;1.23;1.91;2.35;2.05;4.4;2;2.4;4.05;0;0;1.22;1.44;1.83;2.38;3.2;3.7;2.5;1.83;1.5;1.29;1.4;8;3.75;1.49;9.25;2.7;2.75;5.9;1.38;2.85;6.7;13.5;2.7;1.34;1.05;1.02;1.23;2.05;4.5;10;3.9;1.62;1.18;1.04;0;0;0;0;2;0;0;1;1;2;0;2020-09-17 15:30:00;-1;0;47;17;24;0;1;1;5;1;1;0;6;1;0;1;2;2;1;4;1;106;49;173;99;1.9;0.7;2.6;0;0;0;0;0;0;1;1;0;0;0;0;0;0;-1;-1;-1;-1;-1;-1;-1;-1;-1;16;47;61;69;86;38;69;61;61;8.88;3.71;4;2.77;Lahti;TPS;1.55;0.45;1.29;0.5;1.29;0.71;85;54;40;31;15;48;48;23;1.32;1.32;2.64;3645;22;Y;Y;N;N;N;N;Y
1002514;417;412;2020;complete;55137;15;-1;;;0;0;0;2;7;9;2;0;2;1;0;0;2;5;5;9;7;14;6;7;45;55;2;1;3.15;3.3;2.33;1.05;1.28;1.32;3.25;6.5;11;3.5;3.08;1.33;1.11;1.75;2;3.85;1.21;0;0;1.62;1.25;1.35;3.6;2.25;2.87;3.25;2.45;2.55;0;0;1.28;1.51;1.9;2.45;3.4;3.4;2.38;1.84;1.49;1.28;2.38;7.5;1.74;2.15;8.25;1.8;5.1;3.35;1.4;2.75;8;21;2.75;1.4;1.08;1.01;1.22;2;4.1;8.5;3.8;1.72;1.2;1.04;0;0;0;0;0;0;0;0;0;0;0;2020-09-20 10:00:00;-1;0;48;14;41;0;1;1;1;3;1;4;4;5;1;0;1;1;1;2;1;33;62;87;129;0.83;1.69;2.52;0;0;0;0;0;0;1;1;0;0;0;0;0;0;-1;-1;-1;-1;-1;-1;-1;-1;-1;20;34;46;66;93;20;60;79;53;11.68;5.99;3.21;2.7;Honka;HJK;1.73;2.27;1.71;2.25;1.79;2.2;81;67;55;34;7;53;47;34;1.43;1.91;3.34;3645;22;N;N;N;N;N;N;N
1002515;406;102;2020;complete;55137;15;-1;;20;0;1;1;6;5;11;2;1;2;3;0;0;3;8;8;2;11;10;11;5;54;46;2;3;1.51;4.35;5.75;1.03;1.26;1.83;3.1;5.8;10.5;3.7;1.95;1.35;1.12;1.91;1.8;2.25;1.53;0;0;1.12;1.19;2.15;2.2;2.3;5.5;1.91;2.5;4.25;0;0;1.44;1.82;2.45;3.04;4.4;2.73;1.99;1.53;1.37;1.19;1.38;9;3.46;1.39;10.25;2.95;2.55;6.6;1.36;2.62;7;21;3;1.44;1.1;1.01;1.2;2;3.8;9.5;4.25;1.69;1.22;1.06;0;0;0;0;1;0;1;0;0;0;1;2020-09-19 14:00:00;102;0;55;9;48;0;1;1;1;4;5;1;5;6;0;2;2;1;2;3;1;93;82;142;119;1.59;1.79;3.38;0;0;0;0;0;0;1;1;0;0;0;1;0;0;-1;-1;-1;-1;-1;-1;-1;-1;-1;24;32;55;70;79;31;70;79;48;8.67;3.46;5.54;2.68;Inter Turku;SJK;2.55;1.36;3;0.86;1.8;1.21;77;68;45;30;22;54;47;47;1.94;1.26;3.2;3645;22;Y;N;N;N;N;N;N
1002516;404;410;2020;complete;55137;15;-1;10,39;77,79;2;2;4;2;5;7;1;1;3;2;0;0;4;3;8;10;12;13;11;13;41;59;3;2;2.25;3.35;3.15;1.03;1.25;1.8;3.05;5.7;10.5;3.75;1.95;1.36;1.12;1.65;2.15;2.9;1.33;0;0;1.24;1.25;1.69;2.75;2.25;3.6;2.25;2.45;3.25;0;0;1.34;1.6;2.09;2.77;3.86;3.2;2.32;1.74;1.45;1.25;1.59;8;2.71;1.65;10.75;2.25;3.45;5.45;1.31;2.5;5.7;11.75;3.05;1.43;1.08;1.02;1.18;1.95;3.6;8.5;4.5;1.71;1.25;1.06;0;0;0;0;4;2;0;0;2;2;2;2020-09-19 14:00:00;-1;0;65;22;58;0;1;1;1;2;1;3;3;4;0;1;3;1;1;4;1;37;71;78;112;1.31;1.55;2.85;0;0;0;0;0;0;1;1;1;0;0;0;0;0;-1;-1;-1;-1;-1;-1;-1;-1;-1;29;29;72;86;93;36;79;79;72;9;4;4.71;3.5;HIFK;Mariehamn;1.36;1;1.43;1;1.64;1.36;72;72;29;15;7;79;64;36;1.35;1.35;2.7;3645;22;Y;Y;Y;Y;N;N;Y
1002517;407;424;2020;complete;55137;15;-1;21;47;1;1;2;7;2;9;4;1;2;1;0;0;3;2;8;1;11;3;12;4;56;44;2;1;1.59;4.15;5.25;1.02;1.2;1.67;2.7;4.85;12;4.3;2.15;1.44;1.17;1.69;2.05;2.4;1.47;0;0;1.14;1.21;2.05;2.3;2.3;4.75;1.91;2.55;4.05;0;0;1.26;1.49;1.85;2.54;3.26;3.78;2.58;1.96;1.5;1.33;1.34;9.5;3.66;1.44;10.5;2.75;2.75;6.4;1.36;2.62;7;19;3;1.44;1.1;1.02;1.18;1.91;3.7;9;4.4;1.74;1.25;1.06;0;0;0;0;2;1;0;0;1;1;1;2020-09-19 14:00:00;-1;0;64;36;43;0;1;1;2;1;5;1;3;6;0;0;2;1;0;3;1;85;66;114;109;1.52;0.82;2.34;0;0;0;0;0;0;1;1;0;0;0;1;0;0;-1;-1;-1;-1;-1;-1;-1;-1;-1;14;50;57;72;86;36;72;79;50;11.15;3.43;5.14;2.93;Ilves;Haka;1.73;1.55;1.71;1.29;1.36;0.73;86;50;43;29;15;64;64;36;2.16;1.22;3.38;3645;22;Y;Y;N;N;N;N;Y
1002518;409;411;2020;complete;55137;15;-1;;33,40;0;2;2;5;8;13;0;2;2;2;0;0;2;3;4;2;6;5;6;6;53;47;2;2;8.25;5.05;1.34;1.01;1.18;1.61;2.55;4.45;12.75;4.55;2.25;1.5;1.19;1.87;1.83;6.85;1.05;0;0;3.4;1.09;1.05;8.5;2.5;1.72;7.75;2.9;1.57;0;0;1.19;1.37;1.65;2.06;2.7;4.2;2.85;2.16;1.68;1.41;4.26;11;1.26;3.9;9;1.28;9.75;1.91;1.33;2.5;6.5;17;3.25;1.5;1.11;1.02;1.2;1.95;4;8.5;4;1.72;1.2;1.04;0;0;0;0;2;0;2;0;0;0;2;2020-09-20 15:30:00;411;0;67;26;47;0;1;1;2;3;3;5;5;8;2;1;0;1;3;1;1;29;25;41;40;0.73;0.71;1.43;0;0;0;0;0;0;1;1;0;0;0;2;0;0;-1;-1;-1;-1;-1;-1;-1;-1;-1;20;40;54;81;93;40;61;86;60;10.57;3.52;3.32;2.93;RoPS;KuPS;0.18;1.73;0.25;1.86;0.13;2.21;81;61;47;20;7;94;88;61;1.04;1.69;2.73;3645;22;Y;Y;N;N;N;N;N
1002519;424;409;2020;complete;55137;16;-1;;59,72;0;2;2;7;5;12;2;3;3;4;0;0;4;5;7;3;11;8;16;19;50;50;3;4;1.56;4.25;5.3;1.02;1.21;1.69;2.75;5;11.75;4.2;2.1;1.43;1.16;1.74;2;2.5;1.43;0;0;1.13;1.19;2.1;2.27;2.48;4.94;1.9;2.8;4.4;0;0;1.29;1.54;1.95;2.5;3.5;3.2;2.32;1.8;1.46;1.26;1.36;9.5;3.56;1.43;12;2.75;2.85;6.8;1.36;2.55;5.65;11.25;3.24;1.53;1.13;1.03;1.15;1.8;3.3;8;5.3;1.84;1.24;1.06;0;0;0;0;2;0;0;0;2;2;0;2020-09-23 15:30:00;409;0;46;13;40;0;1;1;2;3;5;2;5;7;2;1;1;3;3;4;1;79;46;117;100;1.55;1.2;2.75;0;1;0;1;0;0;1;1;0;0;0;2;0;0;-1;-1;-1;-1;-1;-1;-1;-1;-1;19;40;61;86;100;34;81;93;60;6.04;3.17;2.82;3.11;Haka;RoPS;0.45;0.27;0.25;0;0.75;0.13;82;61;40;15;0;66;54;34;1.32;0.76;2.08;3645;22;Y;Y;N;N;N;N;N
1002520;406;417;2020;complete;55137;16;-1;;;0;0;0;10;3;13;3;2;2;2;0;0;8;6;4;3;12;9;18;13;54;46;2;2;2.05;3.4;3.6;1.05;1.35;2.1;3.8;7.5;8.5;3.1;1.71;1.25;1.07;1.87;1.83;2.7;1.38;0;0;1.28;1.28;1.59;2.99;2.18;3.98;2.51;2.44;3.33;0;0;1.28;1.51;1.9;2.45;3.4;3.4;2.38;1.84;1.49;1.28;1.67;7.5;2.57;1.74;8.75;2.2;3.4;4.75;1.45;3.2;8.35;14;2.83;1.36;1.07;1.02;1.23;2.17;4.32;11;3.98;1.58;1.14;1.03;0;0;0;0;0;0;0;0;0;0;0;2020-09-23 15:30:00;-1;0;50;7;36;0;1;1;3;3;7;0;6;7;2;1;0;1;3;1;1;117;55;134;94;2.16;1.39;3.55;0;0;0;0;0;0;1;1;0;0;0;2;0;0;-1;-1;-1;-1;-1;-1;-1;-1;-1;15;29;36;71;86;22;65;79;50;10.29;5.14;4.42;2.43;Inter Turku;Honka;2.55;1.64;2.57;1.86;1.69;1.73;86;72;65;29;15;64;64;50;1.89;1.58;3.47;3645;22;N;N;N;N;N;N;N
1002521;412;415;2020;complete;55137;16;-1;56,65;87,90;2;2;4;12;4;16;1;3;4;1;0;0;13;4;18;7;31;11;7;9;63;37;4;1;1.17;6.5;15;1.03;1.16;1.57;2.37;4.33;15;5;2.25;1.53;1.2;2.37;1.53;1.53;2.25;0;0;1.01;1.05;4.85;1.53;2.87;12;1.36;3.25;12;0;0;1.24;1.42;1.8;2.37;3.1;3.85;2.78;2.01;1.57;1.34;1.1;17;6.6;1.14;13;6;1.59;12.5;1.28;2.25;5.5;15;3.5;1.57;1.14;1.03;1.14;1.83;3.3;7.5;5.2;1.98;1.31;1.07;0;0;0;0;4;0;0;2;2;4;0;2020-09-24 15:30:00;-1;0;64;22;36;0;1;1;1;2;11;2;3;13;3;0;1;1;3;2;1;101;38;115;82;3.57;1.25;4.83;0;0;0;0;0;0;1;1;0;0;1;0;0;0;-1;-1;-1;-1;-1;-1;-1;-1;-1;14;43;43;86;100;22;79;79;50;13;3.71;4;3;HJK;TPS;2.09;0.45;2.14;0.57;2.13;0.73;86;57;57;15;0;64;64;43;2.05;1.23;3.28;3645;22;Y;Y;Y;Y;N;N;Y
1002522;410;407;2020;complete;55137;16;-1;;65,71;0;2;2;9;6;15;1;0;1;2;0;0;2;8;5;10;7;18;9;19;45;55;1;2;3.65;3.9;1.87;1.02;1.2;1.65;2.6;4.7;12.25;4.4;2.2;1.47;1.18;1.59;2.25;4.4;1.15;0;0;1.69;1.23;1.27;3.76;2.41;2.74;3.25;2.68;2.33;0;0;1.28;1.51;1.9;2.45;3.4;3.4;2.38;1.84;1.49;1.28;2.38;7.5;1.74;2.15;11.75;1.65;5.4;3.65;1.36;2.57;5.85;11.25;3.19;1.53;1.12;1.03;1.15;1.81;3.37;8;5.2;1.83;1.23;1.06;0;0;0;0;2;0;0;0;2;2;0;2020-09-23 15:30:00;407;0;43;14;43;0;1;1;5;3;4;3;8;7;0;0;1;2;0;3;1;62;74;75;92;1.03;2.22;3.25;0;0;0;0;0;0;1;1;0;0;0;1;0;0;-1;-1;-1;-1;-1;-1;-1;-1;-1;22;43;50;79;93;36;79;86;57;8.57;1.86;3.86;2.93;Mariehamn;Ilves;1.09;1.55;1.71;1;1.33;1.33;79;57;50;22;7;50;43;36;1.37;1.3;2.67;3645;22;Y;Y;N;N;N;N;N
1002523;411;404;2020;complete;55137;16;-1;8,45,75;90,90;3;2;5;10;3;13;0;0;0;3;0;0;7;3;10;6;17;9;8;13;53;47;0;3;1.57;3.8;5.5;1.03;1.27;1.85;3.2;5.95;9.5;3.35;1.85;1.29;1.09;1.91;1.74;2.05;1.62;0;0;1.09;1.2;2.25;2.23;2.33;5.91;1.85;2.65;5.2;0;0;1.31;1.56;1.96;2.6;3.6;3.2;2.28;1.75;1.44;1.25;2.58;7.2;1.72;1.36;9.5;3.25;2.35;6.9;1.4;2.97;7.4;13.25;3.02;1.41;1.09;1.02;1.2;2.06;4.02;10;4.28;1.64;1.16;1.04;0;0;0;0;5;2;0;1;2;3;2;2020-10-08 15:30:00;411;0;44;19;25;0;1;1;6;2;4;1;8;5;0;2;0;1;2;1;1;93;77;110;105;2.23;1.34;3.57;0;1;0;1;0;0;1;1;1;0;1;1;0;0;-1;-1;-1;-1;-1;-1;-1;-1;-1;13;26;63;76;100;44;69;88;44;12.13;3.88;5.01;2.75;KuPS;HIFK;2;1.18;2.38;1.63;2.24;1.47;88;76;38;26;0;63;50;44;2.09;1.33;3.42;3645;22;Y;Y;Y;Y;Y;N;Y
1002524;102;413;2020;complete;55137;16;-1;;70;0;1;1;4;6;10;2;3;1;3;0;0;3;5;4;5;7;10;14;12;52;48;1;3;2.1;3.55;3.3;1.03;1.25;1.8;3;5.6;10.75;3.8;2;1.37;1.13;1.67;2.1;2.9;1.33;0;0;1.27;1.25;1.62;2.84;2.3;3.85;2.4;2.55;3.33;0;0;1.25;1.48;1.83;2.35;3.2;3.5;2.48;1.91;1.52;1.31;1.57;8;2.76;1.69;10.25;2.2;3.5;5.05;1.37;2.83;7.05;12.75;3.16;1.45;1.09;1.02;1.19;1.99;3.83;9;4.48;1.68;1.18;1.05;0;0;0;0;1;0;0;0;1;1;0;2020-09-23 15:30:00;413;0;71;22;57;0;1;1;1;4;3;2;5;5;1;2;0;1;3;1;1;46;44;92;89;0.99;1.3;2.3;0;0;0;0;0;0;1;1;0;0;0;0;0;1;-1;-1;-1;-1;-1;-1;-1;-1;-1;7;36;65;93;100;36;79;93;72;10;4.42;4.86;3;SJK;Lahti;1.27;1.36;1.57;1.29;1.33;1.27;93;65;36;7;0;65;58;43;1.45;1.24;2.69;3645;22;Y;N;N;N;N;N;N
1002525;412;409;2020;complete;55137;17;-1;14,35,44,78;;4;0;4;6;2;8;1;0;0;0;0;0;11;2;9;3;20;5;17;11;55;45;0;0;1.08;11.5;19;1;1.08;1.32;1.83;2.85;18.5;7;3.25;1.95;1.4;2.45;1.5;1.4;2.6;0;0;1.01;1.02;6.25;1.34;3.2;11;1.27;3.7;10;0;0;1.32;1.29;1.51;2;2.38;3.1;3.3;2.4;1.8;1.51;1.05;23;8.2;1.07;14.75;7;1.43;14.25;1.2;2.05;4.3;9;3.8;1.62;1.15;1.01;1.11;1.61;2.8;7;6.5;2.08;1.33;1.08;0;0;0;0;4;3;0;1;0;1;3;2020-09-28 15:30:00;412;0;50;7;32;0;1;-1;2;0;4;2;2;6;0;0;0;0;0;0;1;71;32;115;93;2.54;0.7;3.24;0;0;0;0;0;0;1;1;0;0;0;0;-1;-1;-1;-1;-1;-1;-1;-1;-1;-1;-1;7;38;57;88;100;19;82;94;57;12.26;3;4.01;3.01;HJK;RoPS;2.09;0.27;2;0.38;2.06;0.29;94;63;44;13;0;69;69;63;2.24;0.82;3.06;3645;22;Y;Y;Y;Y;N;N;N
1002526;417;424;2020;complete;55137;17;-1;25;45,78;1;2;3;7;6;13;7;2;2;4;1;1;4;4;8;5;12;9;11;16;50;50;4;5;1.51;4.15;6.15;1.03;1.25;1.8;3;5.6;10.75;3.8;2;1.37;1.13;1.87;1.87;2.2;1.59;0;0;1.15;1.23;2.41;2.18;2.43;6.08;1.81;2.76;5.15;0;0;1.17;1.33;1.6;2.15;2.8;4.33;2.9;2.15;1.6;1.36;1.31;10;3.76;1.43;14.25;2.95;2.5;7.5;1.37;2.83;6.05;13;3.21;1.46;1.08;1.02;1.17;1.95;3.63;9;4.75;1.74;1.2;1.05;0;0;0;0;3;1;1;0;1;1;2;2020-09-27 15:30:00;424;0;63;26;44;0;1;1;4;4;3;2;8;5;1;0;2;5;1;7;1;57;46;95;114;1.45;1.19;2.65;0;0;0;0;0;0;1;1;0;0;1;0;0;0;-1;-1;-1;-1;-1;-1;-1;-1;-1;13;38;38;69;88;26;69;69;44;9.5;5.88;4.25;2.44;Honka;Haka;1.73;1.55;1.63;1.25;1.69;0.71;88;63;63;32;13;63;51;32;1.36;1.17;2.53;3645;22;Y;Y;Y;N;N;N;Y
1002527;410;411;2020;complete;55137;17;-1;;38,60;0;2;2;7;8;15;3;2;1;0;0;0;0;9;12;13;12;22;8;9;50;50;1;0;4;3.85;1.8;1.01;1.18;1.61;2.55;4.45;12.75;4.55;2.25;1.5;1.19;1.59;2.25;5.35;1.11;0;0;2.1;1.21;1.15;4.5;2.3;2.15;4.15;2.65;1.91;0;0;1.13;1.25;1.5;1.94;2.38;5;3.5;2.38;1.83;1.5;2.98;8.5;1.51;2.75;11.75;1.45;6.95;2.9;1.3;2.5;5.7;12.25;3.15;1.47;1.1;1.02;1.16;1.85;3.45;7.5;5;1.79;1.22;1.07;0;0;0;0;2;0;1;0;1;1;1;2020-09-27 15:30:00;411;0;44;13;32;0;1;1;3;6;4;2;9;6;0;0;1;0;0;1;1;64;92;94;107;1.22;2.67;3.89;0;0;0;0;0;0;1;1;0;0;0;1;0;0;-1;-1;-1;-1;-1;-1;-1;-1;-1;7;32;50;82;88;32;75;69;57;11.5;3.13;3.38;2.63;Mariehamn;KuPS;1.09;1.73;1.5;2;1.25;2.27;94;69;50;19;13;75;75;63;1.32;1.56;2.88;3645;22;Y;Y;N;N;N;N;N
1002528;407;415;2020;complete;55137;17;-1;30,43,78,90;;4;0;4;7;4;11;6;3;3;2;0;0;9;3;10;3;19;6;8;9;64;36;3;2;1.41;4.1;6.05;1.03;1.27;1.78;3.15;5.95;10;3.5;1.85;1.32;1.1;2;1.73;2;1.69;0;0;1.08;1.17;2.5;2;2.2;5.6;1.8;2.7;5.5;0;0;1.29;1.53;1.95;2.5;3.5;3.2;2.3;1.73;1.44;1.25;1.23;11;4.54;1.36;11;3.4;2.38;11;1.36;2.75;6.55;13.75;2.85;1.38;1.07;1.01;1.19;2.05;3.92;10;4.38;1.67;1.17;1.04;0;0;0;0;4;2;0;2;0;2;2;2020-09-27 15:30:00;407;0;63;25;38;0;1;1;6;0;1;4;6;5;1;0;2;2;1;4;1;117;51;129;102;2.67;0.97;3.64;1;0;1;0;0;0;1;1;0;0;2;0;0;0;-1;-1;-1;-1;-1;-1;-1;-1;-1;13;44;50;69;88;25;57;69;51;10.13;3.63;4.38;2.76;Ilves;TPS;1.73;0.45;1.63;0.63;1.44;0.75;88;57;50;32;13;63;57;25;2.08;1.23;3.31;3645;22;Y;Y;Y;Y;N;N;N
1002529;406;413;2020;complete;55137;17;-1;29,51,85;;3;0;3;6;6;12;3;3;1;0;0;0;12;3;9;5;21;8;13;5;51;49;1;0;1.62;4.05;4.9;1.03;1.25;1.8;3;5.6;10.75;3.8;2;1.37;1.13;1.8;1.91;2.35;1.49;0;0;1.11;1.2;2.15;2.05;2.25;4.85;1.87;2.6;4.25;0;0;1.32;1.58;2;2.6;3.6;3.1;2.24;1.73;1.43;1.24;1.34;9.5;3.66;1.4;11;2.9;2.65;6.95;1.32;2.55;5.85;12;2.95;1.41;1.08;1.03;1.17;1.91;3.58;8;4.83;1.74;1.2;1.06;0;0;0;0;3;1;0;2;0;2;1;2020-09-28 15:30:00;406;0;57;19;44;0;1;1;3;4;3;2;7;5;0;0;1;0;0;1;1;86;71;129;145;2.78;1.25;4.03;0;0;0;0;0;0;1;1;0;0;1;2;0;0;-1;-1;-1;-1;-1;-1;-1;-1;-1;13;44;63;76;94;38;82;88;50;9.38;4.13;5.63;2.94;Inter Turku;Lahti;2.55;1.36;2.38;1.5;1.65;1.38;88;57;38;26;7;57;51;44;1.93;1.25;3.18;3645;22;Y;Y;Y;N;N;N;N
1002530;102;404;2020;complete;55137;17;-1;26,27,79;53,90;3;2;5;3;5;8;1;5;2;4;0;1;6;8;9;8;15;16;21;11;47;53;2;6;2.2;3.3;3.05;1.04;1.33;1.9;3.65;6.85;8.5;3;1.83;1.23;1.06;1.8;1.83;2.5;1.43;0;0;1.24;1.29;1.65;2.94;2.16;4.33;2.4;2.41;3.6;0;0;1.39;1.7;2.2;2.9;4.2;2.75;2.03;1.6;1.35;1.18;1.62;7.5;2.66;1.67;8.5;2.35;3.2;4.95;1.48;3.36;8.9;15;2.77;1.35;1.06;1.02;1.24;2.25;4.52;10;3.8;1.54;1.13;1.04;0;0;0;0;5;2;0;1;2;3;2;2020-09-28 15:30:00;102;0;46;21;39;0;1;1;2;1;1;4;3;5;0;1;2;4;1;6;1;49;54;104;108;1.72;1.96;3.69;1;0;1;0;0;0;1;1;0;0;0;0;0;0;-1;-1;-1;-1;-1;-1;-1;-1;-1;14;21;41;66;100;21;54;87;59;9.13;4.77;5.04;2.41;SJK;HIFK;1.27;1.18;1.38;1.86;1.25;1.6;87;80;60;34;0;66;59;32;1.39;1.24;2.63;3645;22;Y;Y;Y;Y;Y;N;Y
1002531;424;412;2020;complete;55137;18;-1;61;50,59,65,67;1;4;5;2;7;9;0;2;2;1;0;0;4;5;3;5;7;10;7;11;35;65;2;1;6.45;4.5;1.45;1.01;1.16;1.53;2.35;4.05;14;5;2.45;1.57;1.22;1.67;2.1;8;1.08;2.5;1.5;2.62;1.22;1.11;5.5;2.5;1.95;5;2.87;1.72;0;0;1.17;1.34;1.72;2;2.54;4.5;3.01;2;1.72;1.45;3.9;7;1.31;3.2;17;1.36;9;2.7;1.25;2.2;5;13;3.75;1.61;1.16;1.04;1.15;1.75;3.3;6.75;4.75;1.95;1.28;1.07;0;0;0;0;5;0;0;1;4;5;0;2020-08-18 15:30:00;412;0;25;13;13;0;1;1;1;3;1;4;4;5;0;0;2;1;0;3;1;36;64;71;91;0.99;1.45;2.43;0;2;0;2;0;0;1;1;0;0;1;0;0;0;-1;-1;-1;-1;-1;-1;-1;-1;-1;13;25;38;88;100;25;75;100;50;9.5;5;2.75;2.75;Haka;HJK;0.45;2.27;0.25;2.25;0.44;2;88;75;63;13;0;75;75;50;1.34;1.39;2.73;3645;22;Y;Y;Y;Y;Y;N;Y
1002532;413;410;2020;complete;55137;18;-1;63,73,90;20;3;1;4;4;5;9;3;3;2;2;0;0;7;5;8;3;15;8;11;10;59;41;2;2;1.95;3.5;3.75;1.02;1.2;1.65;2.55;4.6;11.5;4.4;2.2;1.49;1.18;1.54;2.35;3.1;1.31;0;0;1.3;1.28;1.82;2.4;2.32;3.83;2.18;2.74;3.5;0;0;1.3;1.53;1.88;2.67;3.65;3.3;2.46;1.93;1.46;1.26;1.57;8;2.76;1.64;17.25;2.27;3.55;6.1;1.29;2.33;5.5;12;3.35;1.54;1.13;1.02;1.14;1.77;3.23;7.5;5.45;1.88;1.25;1.07;0;0;0;0;4;0;1;3;0;3;1;2020-10-02 15:30:00;413;0;75;13;50;0;1;1;2;2;2;3;4;5;0;0;2;2;0;4;1;77;59;116;81;1.99;1.28;3.28;0;0;0;0;0;0;1;1;0;0;0;1;0;0;-1;-1;-1;-1;-1;-1;-1;-1;-1;26;44;76;88;88;38;76;88;88;9.26;3.63;4;3.44;Lahti;Mariehamn;1.55;1;1.25;1;1.29;1.18;76;57;26;13;13;44;44;38;1.39;1.37;2.76;3645;22;Y;Y;Y;Y;N;N;Y
1002533;404;417;2020;complete;55137;18;-1;38;90;1;1;2;4;5;9;1;1;5;1;0;0;6;7;3;6;9;13;12;11;46;54;5;1;3.1;3.1;2.2;1.05;1.39;2.2;4.24;7.75;8;3.09;1.6;1.24;1.06;1.95;1.74;3.7;1.23;0;0;1.77;1.29;1.21;4.67;2.16;2.81;3.85;2.3;2.2;0;0;1.4;1.58;2.07;2.5;3.8;2.7;2.35;1.75;1.48;1.24;2.28;7.5;1.82;2.6;8;1.61;5.35;2.9;1.47;3.25;8;16.25;2.45;1.28;1.04;1;1.26;2.34;4.73;12;3.63;1.5;1.11;1.03;0;0;0;0;2;1;0;0;1;1;1;2020-10-02 15:30:00;-1;0;38;7;19;0;1;1;2;1;2;4;3;6;4;0;1;1;4;2;1;45;67;101;107;1.32;1.8;3.12;0;0;0;0;0;0;1;1;0;0;0;0;0;0;-1;-1;-1;-1;-1;-1;-1;-1;-1;7;19;38;69;76;32;57;63;44;9.51;5.01;4.5;2.19;HIFK;Honka;1.36;1.64;1.38;1.75;1.5;1.59;94;82;63;32;26;75;63;32;1.34;1.56;2.9;3645;22;Y;Y;N;N;N;N;Y
1002534;411;407;2020;complete;55137;18;-1;54;46;1;1;2;12;2;14;2;1;3;3;0;0;13;6;10;6;23;12;9;7;53;47;3;3;1.7;3.8;4.75;1.04;1.22;1.75;2.75;5.5;13;4;2.05;1.4;1.14;1.7;2.05;2.5;1.43;0;0;1.15;1.22;1.95;2.3;2.3;4.75;2.05;2.55;4;0;0;1.17;1.34;1.59;2;2.6;4.5;3;2.2;1.73;1.44;1.46;8.5;3.08;1.5;11;2.75;2.9;6.35;1.33;2.62;6.5;19;3.25;1.44;1.11;1.02;1.19;1.9;3.75;7.75;4.2;1.8;1.22;1.05;0;0;0;0;2;0;0;1;1;2;0;2020-10-05 15:30:00;-1;0;47;14;32;0;1;1;3;1;9;1;4;10;2;1;1;2;3;3;1;96;55;110;110;3.04;1.58;4.62;0;0;0;0;0;0;1;1;0;0;1;0;0;0;-1;-1;-1;-1;-1;-1;-1;-1;-1;19;26;62;87;100;48;75;93;46;13.06;2.04;3.14;3;KuPS;Ilves;2;1.55;2.57;1.25;2.31;1.53;82;75;39;14;0;75;61;55;1.95;1.42;3.37;3645;22;Y;Y;N;N;N;N;Y
1002535;409;406;2020;complete;55137;18;-1;;67,90;0;2;2;4;8;12;1;6;3;3;0;0;3;9;1;9;4;18;11;8;41;59;3;3;9;5.2;1.32;1.02;1.19;1.62;2.6;4.6;12.5;4.45;2.25;1.48;1.18;2.05;1.71;9;1.07;1.83;1.83;3.4;1.14;1.07;8;2.62;1.72;8;3;1.53;0;0;1.34;1.72;2.08;2.73;3.8;3;2;1.7;1.41;1.22;5.2;8;1.19;4.33;15;1.22;10.5;2.1;1.28;2.37;6;17;3.5;1.53;1.12;1.02;1.18;1.87;3.6;7.75;4.25;1.83;1.25;1.05;0;0;0;0;2;0;0;0;2;2;0;2020-08-18 15:30:00;406;0;53;30;43;0;1;1;3;6;1;2;9;3;0;3;3;0;3;3;1;55;92;88;109;0.87;2.42;3.29;0;0;0;0;0;0;1;1;0;0;1;2;0;0;-1;-1;-1;-1;-1;-1;-1;-1;-1;20;30;30;78;100;30;55;100;43;10.95;5.9;3.85;2.58;RoPS;Inter Turku;0.18;1.18;0.4;1;0.22;2.2;80;70;70;23;0;78;68;48;1.22;1.66;2.88;3645;22;Y;Y;N;N;N;N;N
1002536;415;102;2020;complete;55137;18;-1;48;;1;0;1;2;6;8;2;2;0;1;0;0;6;4;0;0;6;4;12;8;39;61;0;1;3.5;3.25;2;1.05;1.29;2.03;3.4;7.75;8;3.81;2.03;3.4;1.06;1.95;1.74;3.75;1.22;0;0;1.8;1.29;1.19;4.85;2.15;2.75;3.85;2.3;2.2;0;0;1.29;1.53;1.98;2.66;3.4;3.3;2.47;1.83;1.46;1.27;2.57;7.5;1.67;2.65;8;1.59;5.5;2.85;1.45;3.2;7.75;16;2.5;1.29;1.04;1;1.26;2.25;4.72;11;3.65;1.54;1.11;1.03;0;0;0;0;1;0;0;1;0;1;0;2020-10-31 14:00:00;415;0;44;6;39;0;1;1;0;3;2;3;3;5;0;0;0;1;0;1;-1;0;0;0;0;0;0;0;0;0;0;0;0;0;1;1;0;0;0;0;0;0;-1;-1;-1;-1;-1;-1;-1;-1;-1;22;28;39;62;84;22;62;73;45;8.11;2.89;5;2.34;TPS;SJK;1.45;1.36;1.11;1.33;0.75;1.3;78;73;62;39;17;62;56;44;1.24;1.37;2.61;3645;22;Y;N;N;N;N;N;N
1002537;424;415;2020;complete;55137;19;-1;11,79;64;2;1;3;4;6;10;0;2;1;1;0;0;3;5;2;6;5;11;16;14;53;47;1;1;2.05;3.6;3.3;1.03;1.25;1.8;3;5.65;10.5;3.75;1.95;1.37;1.13;1.67;2.1;3.05;1.31;0;0;1.28;1.25;1.75;2.6;2.25;4;2.3;2.55;3.5;0;0;1.22;1.5;1.8;2.25;2.7;4;2.4;1.91;1.57;1.4;1.59;8;2.71;1.62;8.75;2.4;3.65;5;1.36;2.63;7;19;3;1.44;1.1;1.02;1.2;1.95;3.9;8.25;4;1.75;1.22;1.04;0;0;0;0;3;1;0;1;1;2;1;2020-10-16 15:30:00;424;0;56;22;44;0;1;1;4;2;0;4;6;4;1;0;0;1;1;1;1;81;77;129;108;1.13;1.6;2.73;0;0;0;0;0;0;1;1;0;0;1;1;0;0;-1;-1;-1;-1;-1;-1;-1;-1;-1;22;50;50;89;100;33;62;84;67;7.89;4.22;3.44;3.17;Haka;TPS;0.45;0.45;0.22;0.56;0.83;0.71;78;50;50;11;0;73;62;33;1.34;1.2;2.54;3645;22;Y;Y;Y;N;N;N;Y
1002538;417;410;2020;complete;55137;19;-1;32;;1;0;1;9;3;12;4;1;0;2;0;0;6;0;5;8;11;8;1;2;49;51;0;2;1.38;4.95;7.25;1.01;1.16;1.53;2.3;4.1;14;5.05;2.45;1.59;1.22;1.77;1.95;2.1;1.62;0;0;1.12;1.15;2.5;1.95;2.4;6.5;1.73;2.7;5.5;0;0;1.21;1.4;1.7;2.14;2.85;3.9;2.73;2.03;1.63;1.37;1.31;10;3.76;1.33;9.25;3.5;2.35;7.5;1.33;2.5;6.5;19;3.25;1.5;1.11;1.02;1.2;1.95;3.9;8;4.1;1.75;1.22;1.05;0;0;0;0;1;1;0;0;0;0;1;2020-10-15 15:30:00;417;0;78;22;50;0;1;1;7;1;2;2;8;4;0;0;0;2;0;2;1;53;42;133;110;1.51;0.82;2.34;0;0;0;0;0;0;1;1;0;0;1;0;0;0;-1;-1;-1;-1;-1;-1;-1;-1;-1;22;39;61;78;89;28;73;78;67;9.66;5.78;4;3.11;Honka;Mariehamn;1.73;1;1.44;0.89;1.56;1.11;78;61;39;22;11;62;50;39;1.37;1.36;2.73;3645;22;Y;N;N;N;N;N;N
1002539;406;411;2020;complete;55137;19;-1;22,65;;2;0;2;2;2;4;1;1;1;1;0;0;3;6;5;4;8;10;14;12;57;43;1;1;2.25;3.4;3.05;1.04;1.25;1.77;2.95;5.6;10;3.8;2;1.38;1.13;1.61;2.2;3.6;1.24;0;0;1.4;1.26;1.53;3.1;2.25;3.2;2.75;2.5;2.88;0;0;1.18;1.26;1.48;1.8;2.28;4.5;3.42;2.49;1.9;1.56;1.85;8;2.2;1.83;8.5;2.05;4.3;4.5;1.33;2.5;6.5;19;3.25;1.5;1.11;1.02;1.2;1.95;3.9;8.25;4;1.75;1.22;1.04;0;0;0;0;2;1;0;1;0;1;1;2020-10-15 15:30:00;406;0;50;11;39;0;1;1;1;1;1;1;2;2;0;0;1;1;0;2;1;83;88;168;144;1.34;1.7;3.04;0;0;0;0;0;0;1;1;0;0;0;0;0;0;-1;-1;-1;-1;-1;-1;-1;-1;-1;17;28;50;78;89;28;78;73;50;12.45;4.44;3.88;2.73;Inter Turku;KuPS;2.55;1.73;2.44;2.11;1.72;2.28;84;73;50;22;11;84;84;73;2.02;1.69;3.71;3645;22;Y;Y;N;N;N;N;N
1002540;404;407;2020;complete;55137;19;-1;52;75,80;1;2;3;7;6;13;0;2;4;1;0;0;5;4;7;14;12;18;17;16;41;59;4;1;2.35;3.05;2.7;1.07;1.33;1.9;3.75;8;9.5;3.25;1.7;1.25;1.08;1.8;1.95;3.55;1.24;0;0;1.66;1.33;1.34;3.75;2.1;2.88;3.4;2.46;2.5;0;0;1.34;1.63;2.05;2.75;3.84;2.92;2.16;1.68;1.39;1.22;2.36;7.5;1.77;2.38;10.25;1.73;4.7;3.35;1.44;3;9;23;2.63;1.36;1.07;1.01;1.22;2.16;4.3;12;4.03;1.58;1.14;1.05;0;0;0;0;3;0;0;1;2;3;0;2020-10-15 15:30:00;407;0;50;11;39;0;1;1;4;5;3;1;9;4;1;0;3;1;1;4;1;48;58;90;114;1.46;1.84;3.29;0;1;0;1;0;0;1;1;0;0;0;2;0;0;-1;-1;-1;-1;-1;-1;-1;-1;-1;22;28;45;84;95;39;67;84;56;8.66;2.78;5.11;2.89;HIFK;Ilves;1.36;1.55;1.33;1.22;1.39;1.5;78;73;56;17;6;73;50;28;1.34;1.43;2.77;3645;22;Y;Y;Y;N;N;N;Y
1002541;409;413;2020;complete;55137;19;-1;;45,66,84,90;0;4;4;2;4;6;0;2;0;1;0;0;2;6;6;5;8;11;9;16;49;51;0;1;4.2;3.85;1.77;1.05;1.22;1.75;2.75;5.5;12;4;2.05;1.4;1.14;1.71;2;4.65;1.15;0;0;1.9;1.2;1.25;4.33;2.25;2.5;3.75;2.55;2.2;0;0;1.29;1.53;1.89;2.5;3.38;3.3;2.36;1.82;1.47;1.27;2.57;7.5;1.67;2.5;8.5;1.57;5.9;3.15;1.33;2.63;7;19;3.25;1.44;1.1;1.02;1.22;2;4.1;8.75;3.9;1.7;1.19;1.04;0;0;0;0;4;0;1;0;3;3;1;2020-10-15 15:00:00;413;0;56;28;39;0;1;1;0;2;2;2;2;4;0;0;0;1;0;1;1;55;56;76;90;1.04;1.52;2.56;0;1;0;1;0;0;1;1;0;0;0;1;0;0;-1;-1;-1;-1;-1;-1;-1;-1;-1;11;44;61;84;100;50;73;95;56;8.22;3.22;4.45;3;RoPS;Lahti;0.18;1.36;0.22;1.33;0.28;1.39;89;56;39;17;0;73;61;45;1.01;1.25;2.26;3645;22;Y;Y;Y;Y;N;N;N
1002542;102;412;2020;complete;55137;19;-1;32;18,70;1;2;3;6;9;15;3;3;2;1;0;0;3;7;7;12;10;19;20;10;47;53;2;1;4.9;3.7;1.54;1.05;1.25;1.78;3;5.5;12;3.75;1.81;1.36;1.14;1.8;1.95;5.8;1.09;0;0;2.3;1.18;1.14;6;2.3;2.05;5;2.65;1.83;0;0;1.25;1.46;1.79;2.33;3.07;3.6;2.51;1.91;1.54;1.32;3.28;9;1.41;3.25;8.75;1.4;8.25;2.5;1.33;2.63;7;19;3.25;1.44;1.1;1.02;1.2;1.95;3.9;8.25;4;1.75;1.22;1.04;0;0;0;0;3;1;1;0;1;1;2;2020-10-15 15:30:00;412;0;50;11;50;0;1;1;0;3;6;6;3;12;1;0;1;1;1;2;1;67;76;92;91;1.33;2.23;3.55;0;0;0;0;0;0;1;1;0;0;0;0;0;0;-1;-1;-1;-1;-1;-1;-1;-1;-1;22;28;50;73;95;22;56;89;67;12.11;4.33;3.22;2.78;SJK;HJK;1.27;2.27;1.56;2.11;1.35;2.11;78;73;50;28;6;73;61;39;1.43;1.89;3.32;3645;22;Y;Y;Y;N;N;N;Y
1002543;413;424;2020;complete;55137;20;-1;;;0;0;0;6;5;11;4;2;1;1;0;0;0;0;3;0;3;0;13;10;56;44;1;1;1.74;4;4.2;1.02;1.19;1.65;2.65;4.75;12.5;4.4;2.2;1.45;1.17;1.61;2.2;2.75;1.38;0;0;1.24;1.25;2.04;2.24;2.3;4.37;2;2.77;4.02;0;0;1.3;1.51;1.93;2.57;3.48;3.2;2.57;1.91;1.5;1.25;1.46;8.5;3.08;1.55;16.25;2.49;3.15;6.45;1.31;2.42;5.9;12;3.22;1.5;1.12;1.03;1.15;1.82;3.38;8;5.2;1.82;1.23;1.06;0;0;0;0;0;0;0;0;0;0;0;2020-10-19 15:30:00;-1;0;67;22;33;0;1;1;5;0;1;5;5;6;1;0;0;1;1;1;1;46;44;76;69;0.53;0.33;0.86;0;0;0;0;0;0;1;1;0;0;1;0;0;0;-1;-1;-1;-1;-1;-1;-1;-1;-1;11;44;62;84;89;39;78;84;61;9.45;4.33;4.78;2.89;Lahti;Haka;1.55;1.55;1.44;1.44;1.47;0.95;89;56;39;17;11;56;45;33;1.46;1.17;2.63;3645;22;N;N;N;N;N;N;N
1002544;412;404;2020;complete;55137;20;-1;73,79,85;;3;0;3;10;1;11;2;1;1;3;0;0;7;2;9;2;16;4;10;13;62;38;1;3;1.3;4.5;8;1.01;1.2;1.67;2.7;4.7;12.25;5.15;1.67;2.7;1.13;1.95;1.67;1.91;1.71;0;0;1.05;1.1;2.85;1.71;2.5;5.75;1.54;2.75;5.75;0;0;1.24;1.43;1.67;2.1;2.63;3.7;2.63;2.1;1.67;1.43;1.05;10.75;9.5;1.27;12.25;3.6;2.05;7.5;1.25;2.4;5.5;11;3.3;1.43;1.08;1.03;1.15;1.83;3.38;8;5.15;1.77;1.23;1.05;0;0;0;0;3;0;0;3;0;3;0;2020-10-18 13:00:00;412;0;56;17;33;0;1;1;7;0;3;1;7;4;0;0;1;3;0;4;1;93;19;115;73;2.17;0.54;2.71;1;0;1;0;0;0;1;1;0;0;0;0;0;0;-1;-1;-1;-1;-1;-1;-1;-1;-1;22;50;56;84;100;33;78;95;50;12.44;3.66;5.45;3.22;HJK;HIFK;2.09;1.18;2.11;1.44;2.16;1.32;78;50;44;17;0;56;50;45;2.28;1.33;3.61;3645;22;Y;Y;Y;N;N;N;N
1002545;410;102;2020;complete;55137;20;-1;67,84;15,86,89;2;3;5;7;1;8;4;4;2;3;0;0;4;7;7;5;11;12;9;11;47;53;2;3;3.4;3.5;2.05;1.03;1.25;1.8;3.1;5.6;10.75;3.8;1.95;1.35;1.13;1.62;2.15;3.65;1.19;0;0;1.59;1.34;1.38;3.75;2.25;3.04;3.15;2.49;2.56;0;0;1.25;1.48;1.75;2.2;3.09;3.5;2.5;1.95;1.62;1.31;2.45;6.2;1.71;2.12;11;1.83;4.7;3.65;1.41;3;7.75;12.25;3.04;1.42;1.08;1.02;1.21;2.08;4.1;9;4.2;1.62;1.16;1.05;0;0;0;0;5;0;1;2;2;4;1;2020-10-18 13:00:00;102;0;30;6;24;0;1;1;2;1;5;0;3;5;0;0;2;3;0;5;1;71;71;91;113;1.49;1.76;3.25;1;0;1;0;0;0;1;1;0;0;0;1;0;0;-1;-1;-1;-1;-1;-1;-1;-1;-1;7;23;41;64;76;24;71;64;41;9.13;2.47;4.42;2.1;Mariehamn;SJK;1.09;1.36;1.33;1.13;1.05;1.28;94;78;60;36;25;60;53;53;1.31;1.32;2.63;3645;22;Y;Y;Y;Y;Y;N;Y
1002546;407;406;2020;complete;55137;20;-1;;51,82;0;2;2;4;6;10;2;1;3;1;0;0;4;4;5;6;9;10;16;20;56;44;3;1;3.05;3.15;2.4;1.05;1.29;1.91;3.35;6.4;9;3.45;1.83;1.31;1.1;1.67;2.1;3.3;1.24;0;0;1.41;1.27;1.38;3.1;2;3.1;2.8;2.25;2.65;0;0;1.33;1.53;1.85;2.3;3.7;3;2.38;1.85;1.55;1.23;2;5.75;2.05;1.91;9;1.91;4.2;4.1;1.36;2.65;6.15;12;2.7;1.36;1.05;1.02;1.2;1.95;4;9;4.27;1.67;1.16;1.05;0;0;0;0;2;0;0;0;2;2;0;2020-10-18 13:00:00;406;0;45;17;22;0;1;1;3;3;1;3;6;4;1;0;2;1;1;3;1;100;71;123;100;1.57;1.43;3;0;0;0;0;0;0;1;1;0;0;0;2;0;0;-1;-1;-1;-1;-1;-1;-1;-1;-1;11;33;39;67;84;28;62;78;44;12.88;5.11;4.44;2.45;Ilves;Inter Turku;1.73;1.18;1.78;1;1.58;1.79;89;67;61;33;17;73;62;50;2.14;1.7;3.84;3645;22;Y;Y;N;N;N;N;N
1002547;411;417;2020;complete;55137;20;-1;;38,82;0;2;2;7;4;11;4;1;2;0;0;0;2;4;6;2;8;6;13;11;49;51;2;0;1.8;3.3;3.8;1.04;1.27;1.83;3.2;6.82;11.75;3.51;1.83;3.2;1.12;1.75;1.95;2.5;1.41;0;0;1.25;1.29;1.91;2.61;2.29;4.52;2.3;2.4;4;0;0;1.21;1.44;1.57;1.91;2.4;4.1;2.6;2.25;1.8;1.5;1.44;6.4;3.25;1.65;9;2.6;2.95;5.7;1.4;2.96;6;11.5;3.08;1.43;1.09;1.02;1.25;2.1;4.33;9;3.6;1.67;1.18;1.05;0;0;0;0;2;0;1;0;1;1;1;2020-10-18 13:00:00;417;0;50;6;22;0;1;1;3;4;4;0;7;4;1;0;1;0;1;1;1;92;42;143;138;1.32;0.99;2.31;0;0;0;0;0;0;1;1;0;0;1;1;0;0;-1;-1;-1;-1;-1;-1;-1;-1;-1;6;17;45;78;84;34;61;78;39;14.11;3.89;2.89;2.28;KuPS;Honka;2;1.64;2.44;1.67;2.16;1.63;95;84;56;22;17;84;73;61;2.1;1.58;3.68;3645;22;Y;Y;N;N;N;N;N
1002548;415;409;2020;complete;55137;20;-1;17,31,45,54;90;4;1;5;5;7;12;0;0;0;0;0;0;10;5;4;3;14;8;9;13;48;52;0;0;1.74;3.7;4.55;1.05;1.33;2;3.55;7;8.75;3.2;1.77;1.27;1.08;1.95;1.77;2.3;1.53;0;0;1.19;1.27;2.14;2.28;2.24;5.3;2.1;2.57;4.75;0;0;1.4;1.56;1.99;2.64;3.5;2.7;2.42;1.83;1.48;1.26;1.41;9;3.22;1.6;9.2;2.93;2.7;6.4;1.38;2.85;6.9;14.5;2.75;1.36;1.06;1.02;1.25;2.21;4.75;11;3.75;1.67;1.16;1.02;0;0;0;0;5;3;0;1;1;2;3;2020-10-19 15:30:00;415;0;30;7;30;0;1;-1;3;6;2;1;9;3;0;0;0;0;0;0;1;84;76;121;124;2.19;1.42;3.61;1;0;1;0;0;0;1;1;0;0;1;1;-1;-1;-1;-1;-1;-1;-1;-1;-1;-1;-1;7;29;46;71;100;23;64;89;53;6.81;2.83;4.17;2.52;TPS;RoPS;1.45;0.27;0.88;0.33;0.67;0.26;94;71;54;30;0;60;60;41;1.13;0.81;1.94;3645;22;Y;Y;Y;Y;Y;N;Y
1002549;417;413;2020;complete;55137;21;-1;11,45;74;2;1;3;4;2;6;1;5;1;2;1;0;2;7;6;5;8;12;18;13;46;54;3;2;1.61;3.6;5.85;1.04;1.27;1.87;3.2;6.2;9.75;3.6;1.87;1.33;1.11;1.83;1.87;2.25;1.56;0;0;1.12;1.26;2.05;2.36;2.33;5.31;2;2.54;4.63;0;0;1.28;1.52;1.9;2.46;3.4;3.3;2.37;1.81;1.48;1.27;1.43;7.5;3.75;1.5;8.75;2.8;2.7;7;1.41;2.99;7.4;13.25;2.88;1.38;1.09;1.02;1.21;2.08;4.08;10;4.15;1.62;1.16;1.04;0;0;0;0;3;2;0;0;1;1;2;2020-10-22 15:30:00;417;0;50;20;30;0;1;1;2;0;2;2;2;4;0;1;2;1;1;3;1;49;52;108;117;1.01;1.63;2.64;1;1;1;1;0;0;1;1;0;0;0;0;0;0;-1;-1;-1;-1;-1;-1;-1;-1;-1;5;35;55;70;90;30;75;75;45;9.7;6;4.3;2.55;Honka;Lahti;1.73;1.36;1.6;1.5;1.7;1.45;95;65;45;30;10;55;45;35;1.38;1.27;2.65;3645;22;Y;Y;Y;N;N;N;Y
1002550;406;415;2020;complete;55137;21;-1;10,16,45;;3;0;3;4;2;6;2;2;0;3;0;0;7;2;4;4;11;6;8;10;60;40;0;3;1.36;5.1;7.5;1.02;1.22;1.71;2.8;5.2;11.5;4.1;2.1;1.42;1.15;2.05;1.71;2.1;1.69;0;0;1.11;1.19;2.85;1.85;2.35;6.5;1.66;2.88;6.25;0;0;1.29;1.54;1.92;2.5;3.5;3.2;2.32;1.78;1.46;1.26;1.25;9;5.25;1.32;11;3.3;2.3;9;1.35;2.55;6;17;2.9;1.45;1.1;1.02;1.2;1.9;4;9;4;1.8;1.2;1.04;0;0;0;0;3;3;0;0;0;0;3;2020-10-22 15:30:00;406;0;50;15;45;0;1;1;1;2;3;0;3;3;0;2;0;1;2;1;1;55;29;105;94;1.59;0.74;2.33;0;0;0;0;0;0;1;1;1;0;0;1;0;0;-1;-1;-1;-1;-1;-1;-1;-1;-1;15;40;55;75;95;25;70;75;60;9.2;4.5;4.2;2.85;Inter Turku;TPS;2.55;0.45;2.5;0.5;1.85;0.79;85;60;45;25;5;65;65;45;1.95;1.24;3.19;3645;22;Y;Y;Y;N;N;N;N
1002551;404;409;2020;complete;55137;21;-1;48;;1;0;1;9;3;12;4;0;3;2;0;0;5;5;15;6;20;11;20;13;56;44;3;2;1.47;4.35;6.55;1.03;1.25;1.83;3.05;5.75;10.75;3.75;1.91;1.36;1.12;1.91;1.8;2.25;1.56;0;0;1.14;1.19;2.2;2.23;2.39;5.93;1.85;2.68;5.05;0;0;1.31;1.56;1.96;2.6;3.6;3.2;2.27;1.75;1.44;1.25;1.3;8;4.75;1.43;10.5;2.85;2.55;6.75;1.39;2.91;7;14;3.16;1.45;1.09;1.02;1.19;2;3.87;9;4.45;1.67;1.17;1.05;0;0;0;0;1;0;0;1;0;1;0;2020-10-22 15:00:00;404;0;40;5;30;0;1;1;5;2;4;1;7;5;1;0;2;2;1;4;1;98;60;84;92;2.3;1.48;3.78;0;0;0;0;0;0;1;1;0;0;0;1;0;0;-1;-1;-1;-1;-1;-1;-1;-1;-1;10;30;65;80;95;40;75;80;55;7.6;3;4.6;2.9;HIFK;RoPS;1.36;0.27;1.2;0.3;1.25;0.25;90;70;35;20;5;70;55;35;1.35;0.87;2.22;3645;22;Y;N;N;N;N;N;N
1002552;410;412;2020;complete;55137;21;-1;;10,20,38,55,85;0;5;5;1;10;11;0;2;2;2;0;0;2;10;3;3;5;13;10;8;37;63;2;2;10.25;6;1.25;1.01;1.11;1.41;2.05;3.35;16;6;2.85;1.74;1.3;1.8;1.95;8.25;1.03;0;0;3.55;1.14;1.08;7.55;2.7;1.65;7.45;3.25;1.49;0;0;1.22;1.44;1.73;2.1;2.63;3.9;2.6;2;1.65;1.43;4.44;11;1.23;3.63;22.5;1.27;21;2.15;1.24;2.13;4.73;11;3.77;1.64;1.17;1.03;1.12;1.66;2.92;7.5;6.1;2.01;1.3;1.07;0;0;0;0;5;0;3;0;2;2;3;2020-11-01 15:30:00;412;0;35;15;30;0;1;1;1;9;0;1;10;1;1;0;1;2;1;3;1;36;82;58;82;0.72;2.1;2.82;0;0;0;0;0;0;1;1;0;1;1;0;0;0;-1;-1;-1;-1;-1;-1;-1;-1;-1;15;35;55;75;90;25;70;85;55;11.8;3.5;3.1;2.8;Mariehamn;HJK;1.09;2.27;1.2;2.2;1;2.2;85;65;45;25;10;60;50;45;1.33;1.92;3.25;3645;22;Y;Y;Y;Y;Y;N;N
1002553;411;424;2020;complete;55137;21;-1;12,68;52,78,90;2;3;5;5;4;9;4;2;0;1;0;0;4;5;5;1;9;6;17;14;54;46;0;1;1.29;5.6;9;1.01;1.12;1.43;2.1;3.55;15;5.85;2.75;1.69;1.28;1.77;1.95;2.15;1.62;0;0;1.11;1.18;2.94;1.84;2.63;6.7;1.68;3.13;6.3;0;0;0;1.32;1.56;1.92;2.49;0;3.1;2.27;1.78;1.48;1.25;9;5.25;1.34;20;3.2;2.3;8.5;1.26;2.32;4.9;11;3.6;1.61;1.15;1.03;1.14;1.85;3.3;7.5;5.2;1.95;1.31;1.07;0;0;0;0;5;1;0;1;3;4;1;2020-10-22 15:30:00;424;0;60;25;35;0;1;1;3;3;2;1;6;3;0;0;0;1;0;1;1;89;45;89;79;1.49;1.06;2.55;0;0;0;0;0;0;1;1;0;0;0;1;0;0;-1;-1;-1;-1;-1;-1;-1;-1;-1;10;30;60;85;95;45;80;85;40;13.5;3.7;3.9;2.8;KuPS;Haka;2;1.55;2.2;1.4;2.05;0.95;90;70;40;15;5;85;75;65;2.03;1.09;3.12;3645;22;Y;Y;Y;Y;Y;N;Y
1002554;102;407;2020;complete;55137;21;-1;38;6,9,35;1;3;4;5;3;8;1;1;0;3;0;0;3;4;2;1;5;5;12;8;52;48;0;3;2.77;3.38;2.54;1.04;1.26;1.83;2.99;5.4;12;3.52;1.88;1.34;1.12;1.66;2.09;3.3;1.27;0;0;1.52;1.33;1.45;3.46;2.29;3.26;2.9;2.53;2.71;0;0;1.29;1.54;1.92;2.5;3.5;3.2;2.32;1.78;1.46;1.26;2.2;7;2;2;12;1.91;4.25;4.05;1.38;2.69;7.15;15;2.87;1.41;1.09;1.02;1.19;2;3.87;10;4.45;1.68;1.17;1.04;0;0;0;0;4;1;3;0;0;0;4;2020-10-22 15:30:00;407;0;65;15;60;0;1;1;3;0;2;3;3;5;0;1;0;2;1;2;1;55;27;72;62;0.93;0.8;1.72;0;1;0;1;0;0;1;1;0;2;0;0;0;0;-1;-1;-1;-1;-1;-1;-1;-1;-1;25;25;45;85;100;30;55;95;70;10.3;3.4;3.8;2.85;SJK;Ilves;1.27;1.55;1.4;1.4;1.37;1.5;75;75;55;15;0;75;70;50;1.42;1.47;2.89;3645;22;Y;Y;Y;Y;N;N;Y
1002555;424;410;2020;complete;55137;22;-1;;13;0;1;1;6;6;12;4;5;2;5;0;0;5;4;14;3;19;7;14;11;50;50;2;5;2.85;3.45;2.4;1.02;1.2;1.65;2.6;4.75;12;4.35;2.25;1.48;1.17;1.51;2.45;3.95;1.22;0;0;1.45;1.33;1.63;2.95;2.25;3.4;2.6;2.75;3;0;0;1.22;1.36;1.62;2.03;2.65;4;2.9;2.16;1.7;1.42;2.02;5.1;2.39;1.79;18.25;2.02;4.6;5.75;1.33;2.3;5;13;3.4;1.57;1.15;1.01;1.15;1.72;3.3;7;5;2.05;1.3;1.08;0;0;0;0;1;0;1;0;0;0;1;2020-11-04 16:30:00;410;0;75;20;55;0;1;1;3;3;3;3;6;6;2;2;0;3;4;3;1;75;51;124;84;2.09;1.1;3.19;0;1;0;1;0;0;1;1;0;0;0;1;0;0;-1;-1;-1;-1;-1;-1;-1;-1;-1;30;45;65;95;100;30;80;95;80;8.4;3.4;3.4;3.6;Haka;Mariehamn;0.45;1;0.5;0.8;1.05;0.95;70;55;35;5;0;75;60;40;1.32;1.31;2.63;3645;22;Y;N;N;N;N;N;N
1002556;413;404;2020;complete;55137;22;-1;56,87;80;2;1;3;4;7;11;0;1;2;3;0;1;4;6;8;6;12;12;19;19;50;50;2;4;2;3.6;3.65;1.02;1.21;1.69;2.7;4.85;12;4.25;2.15;1.44;1.17;1.57;2.3;2.65;1.43;0;0;1.3;1.38;1.83;2.4;2.15;4.2;2.23;2.49;3.87;0;0;1.28;1.52;1.9;2.48;3.4;3.3;2.35;1.8;1.47;1.27;1.72;7.2;2.58;1.65;10;2.45;3.3;6.25;1.4;2.7;6;15;2.7;1.4;1.1;1.02;1.25;2.1;4.5;12;3.6;1.65;1.17;1.03;0;0;0;0;3;0;0;2;1;3;0;2020-11-04 16:30:00;413;0;45;10;25;0;1;1;2;1;2;6;3;8;0;0;2;4;0;6;1;43;69;76;86;1.35;1.67;3.02;0;0;0;0;0;0;1;1;0;0;0;0;0;0;-1;-1;-1;-1;-1;-1;-1;-1;-1;20;40;60;70;85;35;60;80;65;7.9;4.4;5.4;2.75;Lahti;HIFK;1.55;1.18;1.4;1.3;1.38;1.33;80;60;40;30;15;45;35;30;1.37;1.25;2.62;3645;22;Y;Y;Y;N;N;N;Y
1002557;412;406;2020;complete;55137;22;-1;76;46;1;1;2;8;6;14;2;3;2;5;0;0;4;5;7;8;11;13;13;15;53;47;2;5;1.95;3.65;3.65;1.03;1.22;1.71;2.8;5.25;11;4.15;2.1;1.43;1.15;1.62;2.2;2.85;1.38;0;0;1.28;1.3;2;2.4;2.2;4.1;2.13;2.65;3.8;0;0;1.22;1.42;1.72;2.19;2.9;3.9;2.65;2;1.61;1.36;1.62;7.8;2.76;1.6;11;2.35;3.35;6.5;1.4;2.55;6;12;2.7;1.45;1.1;1.03;1.17;1.9;3.6;10;4.5;1.8;1.25;1.05;0;0;0;0;2;0;0;1;1;2;0;2020-11-04 16:30:00;-1;0;45;10;25;0;1;1;2;4;6;2;6;8;0;2;2;3;2;5;1;64;46;92;111;1.44;1.51;2.95;0;0;0;0;0;0;1;1;0;0;1;0;0;0;-1;-1;-1;-1;-1;-1;-1;-1;-1;10;35;40;85;95;20;65;90;50;15.7;4.5;3.7;2.75;HJK;Inter Turku;2.09;1.18;2.2;1.2;2.24;1.9;90;65;60;15;5;75;70;65;2.26;1.67;3.93;3645;22;Y;Y;N;N;N;N;Y
1002558;407;417;2020;complete;55137;22;-1;27,41,73,78;10;4;1;5;5;2;7;1;2;1;3;0;0;5;5;11;9;16;14;8;10;41;59;1;3;2.45;3.4;2.75;1.02;1.27;1.85;3.1;5.2;9.2;3.4;1.85;1.32;1.12;1.7;2;3.3;1.29;0;0;1.47;1.36;1.57;3;2.1;3.3;2.72;2.47;2.96;0;0;1.25;1.47;1.8;2.33;3.1;3.6;2.5;1.9;1.54;1.31;2.14;5;2.25;1.9;11;2;4.2;4.75;1.4;2.7;7;15;2.7;1.4;1.07;1.02;1.25;2.1;4.5;13;3.6;1.65;1.17;1.02;0;0;0;0;5;2;1;2;0;2;3;2020-11-04 16:30:00;407;0;45;10;15;0;1;1;0;1;5;1;1;6;0;0;1;3;0;4;1;66;84;91;124;1.83;1.84;3.67;0;0;0;0;0;0;1;1;0;1;0;1;0;0;-1;-1;-1;-1;-1;-1;-1;-1;-1;5;25;30;70;75;20;55;75;40;11.2;4.4;4;2.15;Ilves;Honka;1.73;1.64;1.6;1.8;1.57;1.76;95;75;70;30;25;75;65;40;2.09;1.52;3.61;3645;22;Y;Y;Y;Y;Y;N;Y
1002559;409;102;2020;complete;55137;22;-1;64,90;54,74,90;2;3;5;1;7;8;1;1;0;1;0;0;6;10;4;9;10;19;6;7;42;58;0;1;4.6;4.25;1.62;1.01;1.17;1.59;2.5;4.5;13;4.7;2.3;1.51;1.19;1.65;2.2;6.5;1.09;0;0;2.33;1.24;1.17;5.35;2.43;2.11;4.87;2.78;1.83;0;0;1.22;1.42;1.72;2.2;2.9;3.9;2.65;2;1.6;1.36;2.96;7.5;1.57;2.8;14;1.45;9;2.7;1.32;2.48;5.9;13;3.38;1.54;1.11;1.02;1.16;1.85;3.47;10.5;5;1.79;1.22;1.04;0;0;0;0;5;0;0;2;3;5;0;2020-11-04 16:30:00;102;0;45;15;35;0;1;1;1;4;0;3;5;3;0;0;0;1;0;1;1;46;73;79;112;1.39;2.42;3.81;0;1;0;1;0;0;1;1;0;0;0;3;0;0;-1;-1;-1;-1;-1;-1;-1;-1;-1;20;35;45;65;85;35;60;75;45;7.9;2.7;4.2;2.5;RoPS;SJK;0.18;1.36;0.2;1.2;0.24;1.24;80;65;55;35;15;65;55;45;1.01;1.37;2.38;3645;22;Y;Y;Y;Y;Y;N;Y
1002560;415;411;2020;complete;55137;22;-1;4,79,80;24,73;3;2;5;4;10;14;2;5;5;3;0;0;8;6;5;6;13;12;11;14;43;57;5;3;5.25;3.95;1.6;1.01;1.23;1.77;2.85;5.4;12;3.9;2.05;1.39;1.13;1.75;1.95;5.75;1.12;0;0;2.25;1.3;1.2;4.94;2.25;2.12;4.62;2.7;1.91;0;0;1.18;1.36;1.62;2.03;2.65;4.5;2.9;2.16;1.7;1.42;2.98;7.3;1.57;2.75;10;1.45;8;2.8;1.33;2.63;6.5;19;3.24;1.45;1.11;1.02;1.18;1.93;3.67;10.5;4.7;1.73;1.19;1.04;0;0;0;0;5;1;1;2;1;3;2;2020-11-04 16:30:00;415;0;45;10;35;0;1;1;2;6;2;4;8;6;3;0;2;3;3;5;1;81;111;99;116;1.96;1.98;3.94;0;0;0;0;0;0;1;1;1;0;1;1;0;0;-1;-1;-1;-1;-1;-1;-1;-1;-1;15;25;35;75;95;25;65;80;45;10.5;3.4;3.4;2.5;TPS;KuPS;1.45;1.73;1.3;1.9;0.86;1.95;85;75;65;25;5;75;75;55;1.24;1.69;2.93;3645;22;Y;Y;Y;Y;Y;N;Y
1017394;409;407;2020;complete;55137;4;-1;88;54;1;1;2;3;9;12;0;1;4;3;0;0;2;3;2;4;4;7;15;15;49;51;4;3;5.75;3.99;1.62;1.05;1.3;2.01;3.46;7.08;11.25;3.64;1.87;1.33;1.11;1.96;1.75;4.95;1.14;2.1;1.66;2.25;1.26;1.17;5.72;2.29;2.3;5.05;2.59;1.9;0;0;1.34;1.72;2.08;2.74;3.78;3;2;1.7;1.4;1.22;3.5;7.5;1.46;2.96;11.25;1.47;7.25;2.45;1.42;3.04;7.75;15.75;2.97;1.41;1.08;1.02;1.21;2.11;4.15;10;4.12;1.61;1.15;1.04;0;0;0;0;2;0;0;1;1;2;0;2020-07-21 15:30:00;-1;0;50;25;25;0;1;1;1;5;2;4;6;6;1;1;3;2;2;5;1;38;55;85;92;0.68;1.06;1.74;0;0;0;0;0;0;1;1;0;0;0;1;0;0;-1;-1;-1;-1;-1;-1;-1;-1;-1;25;50;50;50;100;50;50;100;25;6.5;1.5;4;3;RoPS;Ilves;0.18;1.55;0.5;1.5;0.33;1.75;75;50;50;50;0;75;50;25;1.26;1.38;2.64;3645;22;Y;Y;N;N;N;N;Y
