ID;HOMEID;AWAYID;SEASON;STATUS;ROUNDID;GAME_WEEK;REVISED_GAME_WEEK;HOMEGOALS;AWAYGOALS;HOMEGOALCOUNT;AWAYGOALCOUNT;TOTALGOALCOUNT;TEAM_A_CORNERS;TEAM_B_CORNERS;TOTALCORNERCOUNT;TEAM_A_OFFSIDES;TEAM_B_OFFSIDES;TEAM_A_YELLOW_CARDS;TEAM_B_YELLOW_CARDS;TEAM_A_RED_CARDS;TEAM_B_RED_CARDS;TEAM_A_SHOTSONTARGET;TEAM_B_SHOTSONTARGET;TEAM_A_SHOTSOFFTARGET;TEAM_B_SHOTSOFFTARGET;TEAM_A_SHOTS;TEAM_B_SHOTS;TEAM_A_FOULS;TEAM_B_FOULS;TEAM_A_POSSESSION;TEAM_B_POSSESSION;TEAM_A_CARDS_NUM;TEAM_B_CARDS_NUM;ODDS_FT_1;ODDS_FT_X;ODDS_FT_2;ODDS_FT_OVER05;ODDS_FT_OVER15;ODDS_FT_OVER25;ODDS_FT_OVER35;ODDS_FT_OVER45;ODDS_FT_UNDER05;ODDS_FT_UNDER15;ODDS_FT_UNDER25;ODDS_FT_UNDER35;ODDS_FT_UNDER45;ODDS_BTTS_YES;ODDS_BTTS_NO;ODDS_TEAM_A_CS_YES;ODDS_TEAM_A_CS_NO;ODDS_TEAM_B_CS_YES;ODDS_TEAM_B_CS_NO;ODDS_DOUBLECHANCE_1X;ODDS_DOUBLECHANCE_12;ODDS_DOUBLECHANCE_X2;ODDS_1ST_HALF_RESULT_1;ODDS_1ST_HALF_RESULT_X;ODDS_1ST_HALF_RESULT_2;ODDS_2ND_HALF_RESULT_1;ODDS_2ND_HALF_RESULT_X;ODDS_2ND_HALF_RESULT_2;ODDS_DNB_1;ODDS_DNB_2;ODDS_CORNERS_OVER_75;ODDS_CORNERS_OVER_85;ODDS_CORNERS_OVER_95;ODDS_CORNERS_OVER_105;ODDS_CORNERS_OVER_115;ODDS_CORNERS_UNDER_75;ODDS_CORNERS_UNDER_85;ODDS_CORNERS_UNDER_95;ODDS_CORNERS_UNDER_105;ODDS_CORNERS_UNDER_115;ODDS_CORNERS_1;ODDS_CORNERS_X;ODDS_CORNERS_2;ODDS_TEAM_TO_SCORE_FIRST_1;ODDS_TEAM_TO_SCORE_FIRST_X;ODDS_TEAM_TO_SCORE_FIRST_2;ODDS_WIN_TO_NIL_1;ODDS_WIN_TO_NIL_2;ODDS_1ST_HALF_OVER05;ODDS_1ST_HALF_OVER15;ODDS_1ST_HALF_OVER25;ODDS_1ST_HALF_OVER35;ODDS_1ST_HALF_UNDER05;ODDS_1ST_HALF_UNDER15;ODDS_1ST_HALF_UNDER25;ODDS_1ST_HALF_UNDER35;ODDS_2ND_HALF_OVER05;ODDS_2ND_HALF_OVER15;ODDS_2ND_HALF_OVER25;ODDS_2ND_HALF_OVER35;ODDS_2ND_HALF_UNDER05;ODDS_2ND_HALF_UNDER15;ODDS_2ND_HALF_UNDER25;ODDS_2ND_HALF_UNDER35;ODDS_BTTS_1ST_HALF_YES;ODDS_BTTS_1ST_HALF_NO;ODDS_BTTS_2ND_HALF_YES;ODDS_BTTS_2ND_HALF_NO;OVERALLGOALCOUNT;HT_GOALS_TEAM_A;HT_GOALS_TEAM_B;GOALS_2HG_TEAM_A;GOALS_2HG_TEAM_B;GOALCOUNT_2HG;HTGOALCOUNT;DATE_UNIX;WINNINGTEAM;NO_HOME_AWAY;BTTS_POTENTIAL;BTTS_FHG_POTENTIAL;BTTS_2HG_POTENTIAL;GOALTIMINGDISABLED;CORNER_TIMINGS_RECORDED;CARD_TIMINGS_RECORDED;TEAM_A_FH_CORNERS;TEAM_B_FH_CORNERS;TEAM_A_2H_CORNERS;TEAM_B_2H_CORNERS;CORNER_FH_COUNT;CORNER_2H_COUNT;TEAM_A_FH_CARDS;TEAM_B_FH_CARDS;TEAM_A_2H_CARDS;TEAM_B_2H_CARDS;TOTAL_FH_CARDS;TOTAL_2H_CARDS;ATTACKS_RECORDED;TEAM_A_DANGEROUS_ATTACKS;TEAM_B_DANGEROUS_ATTACKS;TEAM_A_ATTACKS;TEAM_B_ATTACKS;TEAM_A_XG;TEAM_B_XG;TOTAL_XG;TEAM_A_PENALTIES_WON;TEAM_B_PENALTIES_WON;TEAM_A_PENALTY_GOALS;TEAM_B_PENALTY_GOALS;TEAM_A_PENALTY_MISSED;TEAM_B_PENALTY_MISSED;PENS_RECORDED;GOAL_TIMINGS_RECORDED;TEAM_A_0_10_MIN_GOALS;TEAM_B_0_10_MIN_GOALS;TEAM_A_CORNERS_0_10_MIN;TEAM_B_CORNERS_0_10_MIN;TEAM_A_CARDS_0_10_MIN;TEAM_B_CARDS_0_10_MIN;THROWINS_RECORDED;TEAM_A_THROWINS;TEAM_B_THROWINS;FREEKICKS_RECORDED;TEAM_A_FREEKICKS;TEAM_B_FREEKICKS;GOALKICKS_RECORDED;TEAM_A_GOALKICKS;TEAM_B_GOALKICKS;O45_POTENTIAL;O35_POTENTIAL;O25_POTENTIAL;O15_POTENTIAL;O05_POTENTIAL;O15HT_POTENTIAL;O05HT_POTENTIAL;O05_2H_POTENTIAL;O15_2H_POTENTIAL;CORNERS_POTENTIAL;OFFSIDES_POTENTIAL;CARDS_POTENTIAL;AVG_POTENTIAL;HOME_NAME;AWAY_NAME;HOME_PPG;AWAY_PPG;PRE_MATCH_HOME_PPG;PRE_MATCH_AWAY_PPG;PRE_MATCH_TEAMA_OVERALL_PPG;PRE_MATCH_TEAMB_OVERALL_PPG;U45_POTENTIAL;U35_POTENTIAL;U25_POTENTIAL;U15_POTENTIAL;U05_POTENTIAL;CORNERS_O85_POTENTIAL;CORNERS_O95_POTENTIAL;CORNERS_O105_POTENTIAL;TEAM_A_XG_PREMATCH;TEAM_B_XG_PREMATCH;TOTAL_XG_PREMATCH;COMPETITION_ID;MATCHES_COMPLETED_MINIMUM;OVER05;OVER15;OVER25;OVER35;OVER45;OVER55;BTTS
214193;3819;3822;2015;complete;1296;1;-1;;38,53;0;2;2;8;4;12;2;4;0;3;0;0;9;2;11;3;20;5;8;10;51;49;0;3;0;0;0;0;0;0;0;0;0;0;0;0;0;0;0;0;0;0;0;0;0;0;0;0;0;0;0;0;0;0;0;0;0;0;0;0;0;0;0;0;0;0;0;0;0;0;0;0;0;0;0;0;0;0;0;0;0;0;0;0;0;0;0;0;0;0;0;0;2;0;1;0;1;1;1;2015-05-08 19:15:00;3822;0;0;0;0;0;-1;1;-1;-1;-1;-1;-1;-1;0;1;0;2;1;2;-1;0;0;0;0;0;0;0;0;0;0;0;0;0;1;1;0;0;-1;-1;0;0;-1;-1;-1;-1;-1;-1;-1;-1;-1;0;0;0;0;0;0;0;0;0;0;0;0;0;Grótta;HK;0.82;1.18;0;0;0;0;0;0;0;0;0;0;0;0;0;0;0;744;22;Y;Y;N;N;N;N;N
214194;3804;3821;2015;complete;1296;1;-1;32;;1;0;1;4;1;5;3;1;1;0;0;0;5;4;5;1;10;5;7;10;52;48;1;0;0;0;0;0;0;0;0;0;0;0;0;0;0;0;0;0;0;0;0;0;0;0;0;0;0;0;0;0;0;0;0;0;0;0;0;0;0;0;0;0;0;0;0;0;0;0;0;0;0;0;0;0;0;0;0;0;0;0;0;0;0;0;0;0;0;0;0;0;1;1;0;0;0;0;1;2015-05-09 14:00:00;3804;0;0;0;0;0;-1;1;-1;-1;-1;-1;-1;-1;1;0;0;0;1;0;-1;0;0;0;0;0;0;0;0;0;0;0;0;0;1;1;0;0;-1;-1;1;0;-1;-1;-1;-1;-1;-1;-1;-1;-1;0;0;0;0;0;0;0;0;0;0;0;0;0;Víkingur Ólafsvík;Haukar;2.82;0.82;0;0;0;0;0;0;0;0;0;0;0;0;0;0;0;744;22;Y;N;N;N;N;N;N
214195;3806;3824;2015;complete;1296;1;-1;36;4,15,49;1;3;4;11;2;13;2;1;1;4;0;1;10;3;7;3;17;6;14;14;64;36;1;5;0;0;0;0;0;0;0;0;0;0;0;0;0;0;0;0;0;0;0;0;0;0;0;0;0;0;0;0;0;0;0;0;0;0;0;0;0;0;0;0;0;0;0;0;0;0;0;0;0;0;0;0;0;0;0;0;0;0;0;0;0;0;0;0;0;0;0;0;4;1;2;0;1;1;3;2015-05-09 14:00:00;3824;0;0;0;0;0;-1;1;-1;-1;-1;-1;-1;-1;0;3;1;2;3;3;-1;0;0;0;0;0;0;0;1;0;1;0;0;0;1;1;0;1;-1;-1;0;0;-1;-1;-1;-1;-1;-1;-1;-1;-1;0;0;0;0;0;0;0;0;0;0;0;0;0;Grindavík;Fjardabyggd;1.73;1.27;0;0;0;0;0;0;0;0;0;0;0;0;0;0;0;744;22;Y;Y;Y;Y;N;N;Y
214196;3818;3826;2015;complete;1296;1;-1;51,65;;2;0;2;8;1;9;2;1;1;3;0;0;5;3;7;1;12;4;15;11;42;58;1;3;0;0;0;0;0;0;0;0;0;0;0;0;0;0;0;0;0;0;0;0;0;0;0;0;0;0;0;0;0;0;0;0;0;0;0;0;0;0;0;0;0;0;0;0;0;0;0;0;0;0;0;0;0;0;0;0;0;0;0;0;0;0;0;0;0;0;0;0;2;0;0;2;0;2;0;2015-05-09 14:00:00;3818;0;0;0;0;0;-1;1;-1;-1;-1;-1;-1;-1;0;1;1;2;1;3;-1;0;0;0;0;0;0;0;0;0;0;0;0;0;1;1;0;0;-1;-1;0;1;-1;-1;-1;-1;-1;-1;-1;-1;-1;0;0;0;0;0;0;0;0;0;0;0;0;0;Selfoss;BI Bolungarvik;1.27;0.09;0;0;0;0;0;0;0;0;0;0;0;0;0;0;0;744;22;Y;Y;N;N;N;N;N
214197;3813;3817;2015;complete;1296;1;-1;7,14,61,72;9;4;1;5;5;2;7;4;4;2;3;0;1;8;6;2;7;10;13;20;21;45;55;2;5;0;0;0;0;0;0;0;0;0;0;0;0;0;0;0;0;0;0;0;0;0;0;0;0;0;0;0;0;0;0;0;0;0;0;0;0;0;0;0;0;0;0;0;0;0;0;0;0;0;0;0;0;0;0;0;0;0;0;0;0;0;0;0;0;0;0;0;0;5;2;1;2;0;2;3;2015-05-09 14:00:00;3813;0;0;0;0;0;-1;1;-1;-1;-1;-1;-1;-1;0;0;2;4;0;6;-1;0;0;0;0;0;0;0;1;0;1;0;0;0;1;1;1;1;-1;-1;0;0;-1;-1;-1;-1;-1;-1;-1;-1;-1;0;0;0;0;0;0;0;0;0;0;0;0;0;Thróttur Reykjavík;Thór;2.64;1.73;0;0;0;0;0;0;0;0;0;0;0;0;0;0;0;744;22;Y;Y;Y;Y;Y;N;Y
214198;3811;3816;2015;complete;1296;1;-1;2,35,90;48,56,85;3;3;6;9;5;14;3;2;1;5;0;0;5;5;5;3;10;8;6;13;54;46;1;5;0;0;0;0;0;0;0;0;0;0;0;0;0;0;0;0;0;0;0;0;0;0;0;0;0;0;0;0;0;0;0;0;0;0;0;0;0;0;0;0;0;0;0;0;0;0;0;0;0;0;0;0;0;0;0;0;0;0;0;0;0;0;0;0;0;0;0;0;6;2;0;1;3;4;2;2015-05-09 16:00:00;-1;0;0;0;0;0;-1;1;-1;-1;-1;-1;-1;-1;1;2;0;3;3;3;-1;0;0;0;0;0;0;0;0;0;0;0;0;0;1;1;1;0;-1;-1;0;0;-1;-1;-1;-1;-1;-1;-1;-1;-1;0;0;0;0;0;0;0;0;0;0;0;0;0;KA;Fram;2.18;0.64;0;0;0;0;0;0;0;0;0;0;0;0;0;0;0;744;22;Y;Y;Y;Y;Y;Y;Y
214199;3821;3806;2015;complete;1296;2;-1;52;;1;0;1;3;6;9;2;2;3;3;0;1;3;5;2;3;5;8;11;9;48;52;3;5;0;0;0;0;0;0;0;0;0;0;0;0;0;0;0;0;0;0;0;0;0;0;0;0;0;0;0;0;0;0;0;0;0;0;0;0;0;0;0;0;0;0;0;0;0;0;0;0;0;0;0;0;0;0;0;0;0;0;0;0;0;0;0;0;0;0;0;0;1;0;0;1;0;1;0;2015-05-15 19:15:00;3821;0;0;0;0;0;-1;1;-1;-1;-1;-1;-1;-1;1;2;2;2;3;4;-1;0;0;0;0;0;0;0;0;0;0;0;0;0;1;1;0;0;-1;-1;0;1;-1;-1;-1;-1;-1;-1;-1;-1;-1;0;0;0;0;0;0;0;0;0;0;0;0;0;Haukar;Grindavík;2.27;1.55;0;0;0;0;0;0;0;0;0;0;0;0;0;0;0;744;22;Y;N;N;N;N;N;N
214200;3818;3822;2015;complete;1296;2;-1;;90;0;1;1;4;7;11;0;1;2;2;1;0;3;4;5;8;8;12;9;9;55;45;3;2;0;0;0;0;0;0;0;0;0;0;0;0;0;0;0;0;0;0;0;0;0;0;0;0;0;0;0;0;0;0;0;0;0;0;0;0;0;0;0;0;0;0;0;0;0;0;0;0;0;0;0;0;0;0;0;0;0;0;0;0;0;0;0;0;0;0;0;0;1;0;0;0;1;1;0;2015-05-15 19:15:00;3822;0;0;0;0;0;-1;1;-1;-1;-1;-1;-1;-1;2;0;1;2;2;3;-1;0;0;0;0;0;0;0;0;0;0;0;0;0;1;1;0;0;-1;-1;0;0;-1;-1;-1;-1;-1;-1;-1;-1;-1;0;0;0;100;100;0;50;100;50;12;6;4;2;Selfoss;HK;1.27;1.18;3;3;3;3;100;100;100;0;0;100;50;50;0;0;0;744;22;Y;N;N;N;N;N;N
214201;3817;3816;2015;complete;1296;2;-1;9,17,39,63;25,49,77;4;3;7;2;5;7;5;1;5;1;0;0;5;3;7;5;12;8;11;17;53;47;5;1;0;0;0;0;0;0;0;0;0;0;0;0;0;0;0;0;0;0;0;0;0;0;0;0;0;0;0;0;0;0;0;0;0;0;0;0;0;0;0;0;0;0;0;0;0;0;0;0;0;0;0;0;0;0;0;0;0;0;0;0;0;0;0;0;0;0;0;0;7;3;1;1;2;3;4;2015-05-16 14:00:00;3817;0;50;0;50;0;-1;1;-1;-1;-1;-1;-1;-1;1;1;4;0;2;4;-1;0;0;0;0;0;0;0;0;0;0;0;0;0;1;1;1;0;-1;-1;0;0;-1;-1;-1;-1;-1;-1;-1;-1;-1;50;50;50;50;50;50;50;50;50;5;2;5;3;Thór;Fram;1.73;0.64;0;1;0;1;0;0;0;0;0;50;50;50;0;0;0;744;22;Y;Y;Y;Y;Y;Y;Y
214202;3813;3826;2015;complete;1296;2;-1;4,16,17,21,32;;5;0;5;4;4;8;2;3;4;5;0;0;6;3;8;2;14;5;21;12;52;48;4;5;0;0;0;0;0;0;0;0;0;0;0;0;0;0;0;0;0;0;0;0;0;0;0;0;0;0;0;0;0;0;0;0;0;0;0;0;0;0;0;0;0;0;0;0;0;0;0;0;0;0;0;0;0;0;0;0;0;0;0;0;0;0;0;0;0;0;0;0;5;5;0;0;0;0;5;2015-05-16 14:00:00;3813;0;50;50;0;0;-1;1;-1;-1;-1;-1;-1;-1;1;1;3;4;2;7;-1;0;0;0;0;0;0;0;0;0;0;0;0;0;1;1;1;0;-1;-1;0;0;-1;-1;-1;-1;-1;-1;-1;-1;-1;50;50;50;100;100;50;50;100;100;6;5;5;3.5;Thróttur Reykjavík;BI Bolungarvik;2.64;0.09;3;0;3;0;50;50;50;0;0;50;0;0;0;0;0;744;22;Y;Y;Y;Y;Y;N;N
214203;3824;3811;2015;complete;1296;2;-1;;90;0;1;1;2;9;11;1;1;3;2;0;0;2;5;8;5;10;10;15;13;46;54;3;2;0;0;0;0;0;0;0;0;0;0;0;0;0;0;0;0;0;0;0;0;0;0;0;0;0;0;0;0;0;0;0;0;0;0;0;0;0;0;0;0;0;0;0;0;0;0;0;0;0;0;0;0;0;0;0;0;0;0;0;0;0;0;0;0;0;0;0;0;1;0;0;0;1;1;0;2015-05-16 14:00:00;3811;0;0;0;0;0;-1;1;-1;-1;-1;-1;-1;-1;1;1;2;1;2;3;-1;0;0;0;0;0;0;0;0;0;0;0;0;0;1;1;0;0;-1;-1;0;0;-1;-1;-1;-1;-1;-1;-1;-1;-1;0;0;0;0;0;0;0;0;0;0;0;0;0;Fjardabyggd;KA;1.55;1.55;0;0;3;1;0;0;0;0;0;0;0;0;0;0;0;744;22;Y;N;N;N;N;N;N
214204;3819;3804;2015;complete;1296;2;-1;;;0;0;0;2;5;7;2;1;2;0;0;0;3;8;5;9;8;17;21;13;40;60;2;0;0;0;0;0;0;0;0;0;0;0;0;0;0;0;0;0;0;0;0;0;0;0;0;0;0;0;0;0;0;0;0;0;0;0;0;0;0;0;0;0;0;0;0;0;0;0;0;0;0;0;0;0;0;0;0;0;0;0;0;0;0;0;0;0;0;0;0;0;0;0;0;0;0;0;0;2015-05-16 16:00:00;-1;0;0;0;0;0;-1;1;-1;-1;-1;-1;-1;-1;1;0;1;0;1;1;-1;0;0;0;0;0;0;0;0;0;0;0;0;0;1;1;0;0;-1;-1;0;0;-1;-1;-1;-1;-1;-1;-1;-1;-1;0;0;0;50;50;0;50;50;0;8;2;0;1;Grótta;Víkingur Ólafsvík;0.82;2.09;0;0;0;3;50;50;50;0;0;50;50;50;0;0;0;744;22;N;N;N;N;N;N;N
214205;3806;3819;2015;complete;1296;3;-1;16,61;;2;0;2;7;5;12;1;1;2;5;0;0;5;4;11;3;16;7;14;15;55;45;2;5;0;0;0;0;0;0;0;0;0;0;0;0;0;0;0;0;0;0;0;0;0;0;0;0;0;0;0;0;0;0;0;0;0;0;0;0;0;0;0;0;0;0;0;0;0;0;0;0;0;0;0;0;0;0;0;0;0;0;0;0;0;0;0;0;0;0;0;0;2;1;0;1;0;1;1;2015-05-23 14:00:00;3806;0;50;50;0;0;-1;1;-1;-1;-1;-1;-1;-1;1;2;1;3;3;4;-1;0;0;0;0;0;0;0;0;0;0;0;0;0;1;1;0;0;-1;-1;0;0;-1;-1;-1;-1;-1;-1;-1;-1;-1;0;50;50;50;50;50;50;50;0;11;2;1;2;Grindavík;Grótta;1.73;0.55;0;0;0;0.5;50;0;0;0;0;50;50;50;0;0;0;744;22;Y;Y;N;N;N;N;N
214206;3822;3813;2015;complete;1296;3;-1;;7,20,52;0;3;3;3;4;7;0;2;2;1;0;0;4;5;10;7;14;12;13;16;50;50;2;1;0;0;0;0;0;0;0;0;0;0;0;0;0;0;0;0;0;0;0;0;0;0;0;0;0;0;0;0;0;0;0;0;0;0;0;0;0;0;0;0;0;0;0;0;0;0;0;0;0;0;0;0;0;0;0;0;0;0;0;0;0;0;0;0;0;0;0;0;3;0;2;0;1;1;2;2015-05-23 14:00:00;3813;0;0;0;0;0;-1;1;-1;-1;-1;-1;-1;-1;0;0;2;1;0;3;-1;0;0;0;0;0;0;0;0;0;0;0;0;0;1;1;0;1;-1;-1;0;0;-1;-1;-1;-1;-1;-1;-1;-1;-1;0;0;0;0;0;0;0;0;0;0;0;0;0;HK;Thróttur Reykjavík;1.64;1.36;0;0;3;3;0;0;0;0;0;0;0;0;0;0;0;744;22;Y;Y;Y;N;N;N;N
214207;3816;3824;2015;complete;1296;3;-1;;65;0;1;1;4;7;11;3;5;0;2;0;0;2;6;0;4;2;10;10;8;45;55;0;2;0;0;0;0;0;0;0;0;0;0;0;0;0;0;0;0;0;0;0;0;0;0;0;0;0;0;0;0;0;0;0;0;0;0;0;0;0;0;0;0;0;0;0;0;0;0;0;0;0;0;0;0;0;0;0;0;0;0;0;0;0;0;0;0;0;0;0;0;1;0;0;0;1;1;0;2015-05-23 14:00:00;3824;0;50;50;0;0;-1;1;-1;-1;-1;-1;-1;-1;0;1;0;1;1;1;-1;0;0;0;0;0;0;0;0;0;0;0;0;0;1;1;0;0;-1;-1;0;0;-1;-1;-1;-1;-1;-1;-1;-1;-1;0;50;50;50;50;50;50;50;0;2;1;5;2;Fram;Fjardabyggd;1.27;1.27;0;3;0.5;1.5;50;0;0;0;0;50;50;50;0;0;0;744;22;Y;N;N;N;N;N;N
214208;3826;3817;2015;complete;1296;3;-1;75;15,64,73;1;3;4;-1;-1;-1;-1;-1;1;0;0;0;-1;-1;-1;-1;-1;-1;-1;-1;-1;-1;1;0;0;0;0;0;0;0;0;0;0;0;0;0;0;0;0;0;0;0;0;0;0;0;0;0;0;0;0;0;0;0;0;0;0;0;0;0;0;0;0;0;0;0;0;0;0;0;0;0;0;0;0;0;0;0;0;0;0;0;0;0;0;0;0;0;0;0;0;0;4;0;1;1;2;3;1;2015-05-23 14:00:00;3817;0;50;50;0;0;-1;1;-1;-1;-1;-1;-1;-1;1;0;0;0;1;0;-1;0;0;0;0;0;0;0;0;1;0;1;0;0;1;1;0;0;-1;-1;0;0;-1;-1;-1;-1;-1;-1;-1;-1;-1;50;50;50;50;50;50;50;50;50;2;4;5;2.5;BI Bolungarvik;Thór;0.82;1.73;0;0;0;1.5;0;0;0;0;0;0;0;0;0;0;0;744;22;Y;Y;Y;Y;N;N;Y
214209;3804;3818;2015;complete;1296;3;-1;47;;1;0;1;4;2;6;0;4;2;1;0;0;3;2;9;4;12;6;11;12;57;43;2;1;0;0;0;0;0;0;0;0;0;0;0;0;0;0;0;0;0;0;0;0;0;0;0;0;0;0;0;0;0;0;0;0;0;0;0;0;0;0;0;0;0;0;0;0;0;0;0;0;0;0;0;0;0;0;0;0;0;0;0;0;0;0;0;0;0;0;0;0;1;0;0;1;0;1;0;2015-05-23 16:00:00;3804;0;0;0;0;0;-1;1;-1;-1;-1;-1;-1;-1;1;0;1;1;1;2;-1;0;0;0;0;0;0;0;0;0;0;0;0;0;1;1;0;0;-1;-1;0;0;-1;-1;-1;-1;-1;-1;-1;-1;-1;0;0;0;0;50;0;50;0;0;4;3;1;0.5;Víkingur Ólafsvík;Selfoss;2.82;0.55;3;0;2;1.5;50;50;50;50;0;0;0;0;0;0;0;744;22;Y;N;N;N;N;N;N
214210;3811;3821;2015;complete;1296;3;-1;20,63,73;7;3;1;4;11;2;13;0;1;1;1;0;0;4;5;6;1;10;6;8;9;61;39;1;1;0;0;0;0;0;0;0;0;0;0;0;0;0;0;0;0;0;0;0;0;0;0;0;0;0;0;0;0;0;0;0;0;0;0;0;0;0;0;0;0;0;0;0;0;0;0;0;0;0;0;0;0;0;0;0;0;0;0;0;0;0;0;0;0;0;0;0;0;4;1;1;2;0;2;2;2015-05-23 16:00:00;3811;0;50;0;50;0;-1;1;-1;-1;-1;-1;-1;-1;0;0;1;1;0;2;-1;0;0;0;0;0;0;0;0;0;0;0;0;0;1;1;0;1;-1;-1;0;0;-1;-1;-1;-1;-1;-1;-1;-1;-1;50;50;50;50;100;50;100;50;50;10;4;1;3.5;KA;Haukar;2.18;0.82;1;0;2;1.5;50;50;50;50;0;50;50;50;0;0;0;744;22;Y;Y;Y;Y;N;N;Y
214211;3821;3816;2015;complete;1296;4;-1;81,90;40;2;1;3;3;5;8;3;4;1;2;0;0;4;5;8;6;12;11;13;15;44;56;1;2;0;0;0;0;0;0;0;0;0;0;0;0;0;0;0;0;0;0;0;0;0;0;0;0;0;0;0;0;0;0;0;0;0;0;0;0;0;0;0;0;0;0;0;0;0;0;0;0;0;0;0;0;0;0;0;0;0;0;0;0;0;0;0;0;0;0;0;0;3;0;1;2;0;2;1;2015-05-28 19:15:00;3821;0;50;25;50;0;-1;1;-1;-1;-1;-1;-1;-1;0;0;1;2;0;3;-1;0;0;0;0;0;0;0;0;0;0;0;0;0;1;1;0;0;-1;-1;0;0;-1;-1;-1;-1;-1;-1;-1;-1;-1;50;50;50;50;100;50;50;100;50;8;3.5;6;3.75;Haukar;Fram;2.27;0.64;3;0.5;1;0.33;50;50;50;50;0;75;25;25;0;0;0;744;22;Y;Y;Y;N;N;N;Y
214212;3813;3804;2015;complete;1296;4;-1;66,84;;2;0;2;5;7;12;2;3;1;2;0;0;3;7;6;4;9;11;13;9;44;56;1;2;0;0;0;0;0;0;0;0;0;0;0;0;0;0;0;0;0;0;0;0;0;0;0;0;0;0;0;0;0;0;0;0;0;0;0;0;0;0;0;0;0;0;0;0;0;0;0;0;0;0;0;0;0;0;0;0;0;0;0;0;0;0;0;0;0;0;0;0;2;0;0;2;0;2;0;2015-05-29 18:00:00;3813;0;25;25;0;0;-1;1;-1;-1;-1;-1;-1;-1;0;1;1;1;1;2;-1;0;0;0;0;0;0;0;0;0;0;0;0;0;1;1;0;0;-1;-1;0;0;-1;-1;-1;-1;-1;-1;-1;-1;-1;50;50;50;50;50;50;50;25;25;9.5;4;3;2.5;Thróttur Reykjavík;Víkingur Ólafsvík;2.64;2.09;3;1;3;2.33;50;50;50;50;50;0;0;0;0;0;0;744;22;Y;Y;N;N;N;N;N
214213;3818;3806;2015;complete;1296;4;-1;2;65;1;1;2;4;3;7;1;3;5;2;1;0;3;4;7;7;10;11;21;21;43;57;6;2;0;0;0;0;0;0;0;0;0;0;0;0;0;0;0;0;0;0;0;0;0;0;0;0;0;0;0;0;0;0;0;0;0;0;0;0;0;0;0;0;0;0;0;0;0;0;0;0;0;0;0;0;0;0;0;0;0;0;0;0;0;0;0;0;0;0;0;0;2;1;0;0;1;1;1;2015-05-29 19:15:00;-1;0;0;0;0;0;-1;1;-1;-1;-1;-1;-1;-1;2;0;4;2;2;6;-1;0;0;0;0;0;0;0;0;1;0;1;0;0;1;1;1;0;-1;-1;0;0;-1;-1;-1;-1;-1;-1;-1;-1;-1;0;0;0;25;100;0;0;100;25;12;3;7;1.25;Selfoss;Grindavík;1.27;1.55;1.5;0;1;1;100;100;100;75;0;100;25;25;0;0;0;744;22;Y;Y;N;N;N;N;Y
214214;3826;3822;2015;complete;1296;4;-1;34,90;10;2;1;3;-1;-1;-1;-1;-1;1;2;0;0;-1;-1;-1;-1;-1;-1;-1;-1;-1;-1;1;2;0;0;0;0;0;0;0;0;0;0;0;0;0;0;0;0;0;0;0;0;0;0;0;0;0;0;0;0;0;0;0;0;0;0;0;0;0;0;0;0;0;0;0;0;0;0;0;0;0;0;0;0;0;0;0;0;0;0;0;0;0;0;0;0;0;0;0;0;3;1;1;1;0;1;2;2015-05-30 14:00:00;3826;0;50;0;50;0;-1;1;-1;-1;-1;-1;-1;-1;0;1;1;1;1;2;-1;0;0;0;0;0;0;0;0;0;0;0;0;0;1;1;0;1;-1;-1;0;0;-1;-1;-1;-1;-1;-1;-1;-1;-1;0;50;50;75;100;0;75;100;50;5.5;1.5;3.5;2.75;BI Bolungarvik;HK;0.82;1.18;0;3;0;2;100;50;50;25;0;50;50;50;0;0;0;744;22;Y;Y;Y;N;N;N;Y
214215;3819;3811;2015;complete;1296;4;-1;;83;0;1;1;2;10;12;1;1;3;2;0;0;0;4;0;7;0;11;23;16;39;61;3;2;0;0;0;0;0;0;0;0;0;0;0;0;0;0;0;0;0;0;0;0;0;0;0;0;0;0;0;0;0;0;0;0;0;0;0;0;0;0;0;0;0;0;0;0;0;0;0;0;0;0;0;0;0;0;0;0;0;0;0;0;0;0;0;0;0;0;0;0;1;0;0;0;1;1;0;2015-05-30 15:00:00;3811;0;0;0;0;0;-1;1;-1;-1;-1;-1;-1;-1;1;1;2;1;2;3;-1;0;0;0;0;0;0;0;0;0;0;0;0;0;1;1;0;0;-1;-1;0;0;-1;-1;-1;-1;-1;-1;-1;-1;-1;0;0;0;25;75;0;25;75;0;14;3;3;1;Grótta;KA;0.82;1.55;0.5;3;0.33;2.33;100;100;100;75;25;75;75;75;0;0;0;744;22;Y;N;N;N;N;N;N
214216;3817;3824;2015;complete;1296;4;-1;23,33;;2;0;2;1;10;11;2;2;3;3;0;0;0;2;3;4;3;6;24;21;48;52;3;3;0;0;0;0;0;0;0;0;0;0;0;0;0;0;0;0;0;0;0;0;0;0;0;0;0;0;0;0;0;0;0;0;0;0;0;0;0;0;0;0;0;0;0;0;0;0;0;0;0;0;0;0;0;0;0;0;0;0;0;0;0;0;0;0;0;0;0;0;2;2;0;0;0;0;2;2015-05-30 16:00:00;3817;0;75;75;50;0;-1;1;-1;-1;-1;-1;-1;-1;1;0;2;3;1;5;-1;0;0;0;0;0;0;0;0;0;0;0;0;0;1;1;0;0;-1;-1;0;0;-1;-1;-1;-1;-1;-1;-1;-1;-1;50;75;75;75;100;75;75;100;50;6.5;8;8.5;4.75;Thór;Fjardabyggd;1.73;1.27;3;3;2;2;50;25;25;25;0;50;50;50;0;0;0;744;22;Y;Y;N;N;N;N;N
214217;3824;3821;2015;complete;1296;5;-1;21,45;;2;0;2;3;3;6;4;5;0;3;0;1;4;4;2;8;6;12;14;11;46;54;0;5;0;0;0;0;0;0;0;0;0;0;0;0;0;0;0;0;0;0;0;0;0;0;0;0;0;0;0;0;0;0;0;0;0;0;0;0;0;0;0;0;0;0;0;0;0;0;0;0;0;0;0;0;0;0;0;0;0;0;0;0;0;0;0;0;0;0;0;0;2;2;0;0;0;0;2;2015-06-06 15:00:00;3824;0;25;25;0;0;-1;1;-1;-1;-1;-1;-1;-1;0;2;0;2;2;2;-1;0;0;0;0;0;0;0;1;0;1;0;0;0;1;1;0;0;-1;-1;0;0;-1;-1;-1;-1;-1;-1;-1;-1;-1;0;25;25;25;100;25;50;75;25;3.5;2;3.5;1.75;Fjardabyggd;Haukar;1.55;0.82;0;0;1.5;1.5;100;75;75;75;0;75;75;75;0;0;0;744;22;Y;Y;N;N;N;N;N
214218;3804;3826;2015;complete;1296;5;-1;15,40;72;2;1;3;7;2;9;1;3;1;2;0;0;3;3;3;1;6;4;13;18;52;48;1;2;0;0;0;0;0;0;0;0;0;0;0;0;0;0;0;0;0;0;0;0;0;0;0;0;0;0;0;0;0;0;0;0;0;0;0;0;0;0;0;0;0;0;0;0;0;0;0;0;0;0;0;0;0;0;0;0;0;0;0;0;0;0;0;0;0;0;0;0;3;2;0;0;1;1;2;2015-06-06 15:00:00;3804;0;0;0;0;0;-1;1;-1;-1;-1;-1;-1;-1;1;1;0;1;2;1;-1;0;0;0;0;0;0;0;0;0;0;0;0;0;1;1;0;0;-1;-1;0;0;-1;-1;-1;-1;-1;-1;-1;-1;-1;25;25;25;50;100;25;50;50;25;6.5;3.5;5.5;2.25;Víkingur Ólafsvík;BI Bolungarvik;2.82;0.09;3;0;1.75;0.75;75;75;75;50;0;25;0;0;0;0;0;744;22;Y;Y;Y;N;N;N;Y
214219;3811;3818;2015;complete;1296;5;-1;3,66;57,85;2;2;4;14;4;18;0;1;5;5;0;0;4;3;9;4;13;7;20;9;47;53;5;5;0;0;0;0;0;0;0;0;0;0;0;0;0;0;0;0;0;0;0;0;0;0;0;0;0;0;0;0;0;0;0;0;0;0;0;0;0;0;0;0;0;0;0;0;0;0;0;0;0;0;0;0;0;0;0;0;0;0;0;0;0;0;0;0;0;0;0;0;4;1;0;1;2;3;1;2015-06-06 16:00:00;-1;0;50;25;25;0;-1;1;-1;-1;-1;-1;-1;-1;0;1;5;4;1;9;-1;0;0;0;0;0;0;0;0;0;0;0;0;0;1;1;1;0;-1;-1;0;0;-1;-1;-1;-1;-1;-1;-1;-1;-1;25;50;50;50;100;50;50;100;50;12;5.5;2;3;KA;Selfoss;2.18;0.55;2;0;2.5;1;75;50;50;50;0;50;50;50;0;0;0;744;22;Y;Y;Y;Y;N;N;Y
214220;3822;3817;2015;complete;1296;5;-1;23,51;29,55,90;2;3;5;3;6;9;3;2;3;4;0;0;3;8;7;4;10;12;12;16;45;55;3;4;0;0;0;0;0;0;0;0;0;0;0;0;0;0;0;0;0;0;0;0;0;0;0;0;0;0;0;0;0;0;0;0;0;0;0;0;0;0;0;0;0;0;0;0;0;0;0;0;0;0;0;0;0;0;0;0;0;0;0;0;0;0;0;0;0;0;0;0;5;1;1;1;2;3;2;2015-06-07 16:00:00;3817;0;50;25;25;0;-1;1;-1;-1;-1;-1;-1;-1;1;0;2;4;1;6;-1;0;0;0;0;0;0;0;0;0;0;0;0;0;1;1;0;0;-1;-1;0;0;-1;-1;-1;-1;-1;-1;-1;-1;-1;25;50;100;100;100;75;100;100;50;5;1.5;4.5;3.75;HK;Thór;1.64;1.73;0;1.5;1.5;2.25;75;50;0;0;0;0;0;0;0;0;0;744;22;Y;Y;Y;Y;Y;N;Y
214221;3816;3819;2015;complete;1296;5;-1;52,71,85,90;24;4;1;5;7;6;13;5;2;0;2;0;0;2;5;10;4;12;9;4;5;49;51;0;2;0;0;0;0;0;0;0;0;0;0;0;0;0;0;0;0;0;0;0;0;0;0;0;0;0;0;0;0;0;0;0;0;0;0;0;0;0;0;0;0;0;0;0;0;0;0;0;0;0;0;0;0;0;0;0;0;0;0;0;0;0;0;0;0;0;0;0;0;5;0;1;4;0;4;1;2015-06-07 19:15:00;3816;0;0;0;0;0;-1;1;-1;-1;-1;-1;-1;-1;0;1;0;1;1;1;-1;0;0;0;0;0;0;0;0;0;0;0;0;0;1;1;0;0;-1;-1;0;0;-1;-1;-1;-1;-1;-1;-1;-1;-1;0;0;0;50;100;0;50;100;0;9;4;5;1.5;Fram;Grótta;1.27;0.55;0;0;0.25;0.25;100;100;100;50;0;100;100;100;0;0;0;744;22;Y;Y;Y;Y;Y;N;Y
214222;3806;3813;2015;complete;1296;5;-1;;85;0;1;1;10;4;14;1;1;1;3;0;0;12;8;2;7;14;15;13;20;56;44;1;3;0;0;0;0;0;0;0;0;0;0;0;0;0;0;0;0;0;0;0;0;0;0;0;0;0;0;0;0;0;0;0;0;0;0;0;0;0;0;0;0;0;0;0;0;0;0;0;0;0;0;0;0;0;0;0;0;0;0;0;0;0;0;0;0;0;0;0;0;1;0;0;0;1;1;0;2015-06-08 19:15:00;3813;0;25;25;0;0;-1;1;-1;-1;-1;-1;-1;-1;0;1;1;2;1;3;-1;0;0;0;0;0;0;0;0;0;0;0;0;0;1;1;0;0;-1;-1;0;0;-1;-1;-1;-1;-1;-1;-1;-1;-1;0;25;75;100;100;75;100;100;0;13;3.5;2.5;3;Grindavík;Thróttur Reykjavík;1.73;1.36;1.5;3;1;3;100;75;25;0;0;50;50;50;0;0;0;744;22;Y;N;N;N;N;N;N
214223;3818;3816;2015;complete;1296;6;-1;35,70;89;2;1;3;7;4;11;4;1;3;1;0;0;8;4;5;5;13;9;14;13;46;54;3;1;0;0;0;0;0;0;0;0;0;0;0;0;0;0;0;0;0;0;0;0;0;0;0;0;0;0;0;0;0;0;0;0;0;0;0;0;0;0;0;0;0;0;0;0;0;0;0;0;0;0;0;0;0;0;0;0;0;0;0;0;0;0;0;0;0;0;0;0;3;1;0;1;1;2;1;2015-06-11 19:15:00;3818;0;67;17;34;0;-1;1;-1;-1;-1;-1;-1;-1;1;0;2;1;1;3;-1;0;0;0;0;0;0;0;1;1;1;1;0;0;1;1;0;0;-1;-1;0;0;-1;-1;-1;-1;-1;-1;-1;-1;-1;34;34;50;84;100;34;67;100;67;10.33;3.33;6;3.5;Selfoss;Fram;1.27;0.64;1.33;0.33;1;0.8;67;67;50;17;0;50;33;33;0;0;0;744;22;Y;Y;Y;N;N;N;Y
214224;3826;3806;2015;complete;1296;6;-1;17;4,14,57;1;3;4;-1;-1;-1;-1;-1;3;2;0;0;-1;-1;-1;-1;-1;-1;-1;-1;-1;-1;3;2;0;0;0;0;0;0;0;0;0;0;0;0;0;0;0;0;0;0;0;0;0;0;0;0;0;0;0;0;0;0;0;0;0;0;0;0;0;0;0;0;0;0;0;0;0;0;0;0;0;0;0;0;0;0;0;0;0;0;0;0;0;0;0;0;0;0;0;0;4;1;2;0;1;1;3;2015-06-13 14:00:00;3806;0;75;25;25;0;-1;1;-1;-1;-1;-1;-1;-1;1;0;2;2;1;4;-1;0;0;0;0;0;0;0;0;0;0;0;0;0;1;1;0;1;-1;-1;0;0;-1;-1;-1;-1;-1;-1;-1;-1;-1;0;25;50;75;100;25;75;100;25;4.5;1.5;4.5;2.5;BI Bolungarvik;Grindavík;0.82;1.55;1.5;0.5;0.6;0.8;100;75;50;25;0;25;0;0;0;0;0;744;22;Y;Y;Y;Y;N;N;Y
214225;3819;3824;2015;complete;1296;6;-1;;36,66,72;0;3;3;4;6;10;2;1;2;1;0;0;2;10;4;4;6;14;9;17;50;50;2;1;0;0;0;0;0;0;0;0;0;0;0;0;0;0;0;0;0;0;0;0;0;0;0;0;0;0;0;0;0;0;0;0;0;0;0;0;0;0;0;0;0;0;0;0;0;0;0;0;0;0;0;0;0;0;0;0;0;0;0;0;0;0;0;0;0;0;0;0;3;0;1;0;2;2;1;2015-06-13 14:00:00;3824;0;17;17;0;0;-1;1;-1;-1;-1;-1;-1;-1;0;0;2;1;0;3;-1;0;0;0;0;0;0;0;0;0;0;0;0;0;1;1;0;0;-1;-1;0;0;-1;-1;-1;-1;-1;-1;-1;-1;-1;0;17;17;50;84;34;50;67;0;10.33;4.34;5;1.67;Grótta;Fjardabyggd;0.82;1.27;0.33;2;0.2;1.8;100;84;84;50;17;84;84;84;0;0;0;744;22;Y;Y;Y;N;N;N;N
214226;3822;3804;2015;complete;1296;6;-1;;38,49;0;2;2;1;8;9;0;0;2;1;0;0;3;6;2;4;5;10;12;15;44;56;2;1;0;0;0;0;0;0;0;0;0;0;0;0;0;0;0;0;0;0;0;0;0;0;0;0;0;0;0;0;0;0;0;0;0;0;0;0;0;0;0;0;0;0;0;0;0;0;0;0;0;0;0;0;0;0;0;0;0;0;0;0;0;0;0;0;0;0;0;0;2;0;1;0;1;1;1;2015-06-13 16:00:00;3804;0;25;25;25;0;-1;1;-1;-1;-1;-1;-1;-1;0;1;2;0;1;2;-1;0;0;0;0;0;0;0;0;0;0;0;0;0;1;1;0;0;-1;-1;0;0;-1;-1;-1;-1;-1;-1;-1;-1;-1;25;25;50;75;75;50;50;75;50;9;3.5;3.5;2.5;HK;Víkingur Ólafsvík;1.64;2.09;0;0.5;1.2;2;75;75;50;25;25;50;25;25;0;0;0;744;22;Y;Y;N;N;N;N;N
214227;3817;3821;2015;complete;1296;6;-1;47,60;69;2;1;3;7;3;10;4;0;2;4;0;1;9;2;2;4;11;6;20;17;51;49;2;5;0;0;0;0;0;0;0;0;0;0;0;0;0;0;0;0;0;0;0;0;0;0;0;0;0;0;0;0;0;0;0;0;0;0;0;0;0;0;0;0;0;0;0;0;0;0;0;0;0;0;0;0;0;0;0;0;0;0;0;0;0;0;0;0;0;0;0;0;3;0;0;2;1;3;0;2015-06-13 16:00:00;3817;0;42;42;25;0;-1;1;-1;-1;-1;-1;-1;-1;2;1;0;4;3;4;-1;0;0;0;0;0;0;0;0;0;0;0;0;0;1;1;0;0;-1;-1;0;0;-1;-1;-1;-1;-1;-1;-1;-1;-1;25;42;42;84;100;84;100;42;42;3.5;5.83;6;3.42;Thór;Haukar;1.73;0.82;3;0;2.4;1.2;75;59;59;17;0;42;42;42;0;0;0;744;22;Y;Y;Y;N;N;N;Y
214228;3813;3811;2015;complete;1296;6;-1;29,52;90;2;1;3;0;4;4;1;2;1;2;0;0;2;6;2;6;4;12;12;14;52;48;1;2;0;0;0;0;0;0;0;0;0;0;0;0;0;0;0;0;0;0;0;0;0;0;0;0;0;0;0;0;0;0;0;0;0;0;0;0;0;0;0;0;0;0;0;0;0;0;0;0;0;0;0;0;0;0;0;0;0;0;0;0;0;0;0;0;0;0;0;0;3;1;0;1;1;2;1;2015-06-14 14:00:00;3813;0;17;17;0;0;-1;1;-1;-1;-1;-1;-1;-1;0;0;1;2;0;3;-1;0;0;0;0;0;0;0;0;0;0;0;0;0;1;1;0;0;-1;-1;0;0;-1;-1;-1;-1;-1;-1;-1;-1;-1;34;34;34;50;100;34;34;84;34;14.17;3.67;4.33;2.5;Thróttur Reykjavík;KA;2.64;1.55;3;3;3;2.2;67;67;67;50;0;67;67;67;0;0;0;744;22;Y;Y;Y;N;N;N;Y
214229;3821;3819;2015;complete;1296;7;-1;43,49,64,86;;4;0;4;1;7;8;0;2;2;2;0;0;0;6;5;4;5;10;13;12;42;58;2;2;0;0;0;0;0;0;0;0;0;0;0;0;0;0;0;0;0;0;0;0;0;0;0;0;0;0;0;0;0;0;0;0;0;0;0;0;0;0;0;0;0;0;0;0;0;0;0;0;0;0;0;0;0;0;0;0;0;0;0;0;0;0;0;0;0;0;0;0;4;1;0;3;0;3;1;2015-06-19 19:15:00;3821;0;50;0;0;0;-1;1;-1;-1;-1;-1;-1;-1;0;1;2;1;1;3;-1;0;0;0;0;0;0;0;0;0;0;0;0;0;1;1;0;0;-1;-1;0;0;-1;-1;-1;-1;-1;-1;-1;-1;-1;25;25;50;75;100;0;75;100;50;8.5;4;5.5;2.75;Haukar;Grótta;2.27;0.55;3;0;1;0.17;75;75;50;25;0;75;50;50;0;0;0;744;22;Y;Y;Y;Y;N;N;N
214230;3824;3818;2015;complete;1296;7;-1;37,40;;2;0;2;7;1;8;2;3;3;3;0;0;8;3;6;1;14;4;16;14;61;39;3;3;0;0;0;0;0;0;0;0;0;0;0;0;0;0;0;0;0;0;0;0;0;0;0;0;0;0;0;0;0;0;0;0;0;0;0;0;0;0;0;0;0;0;0;0;0;0;0;0;0;0;0;0;0;0;0;0;0;0;0;0;0;0;0;0;0;0;0;0;2;2;0;0;0;0;2;2015-06-21 13:00:00;3824;0;25;0;25;0;-1;1;-1;-1;-1;-1;-1;-1;1;1;2;2;2;4;-1;0;0;0;0;0;0;0;0;0;0;0;0;0;1;1;0;0;-1;-1;0;0;-1;-1;-1;-1;-1;-1;-1;-1;-1;0;25;25;50;100;25;50;75;25;5.5;5;4.5;2;Fjardabyggd;Selfoss;1.55;0.55;1.5;0.5;2;1.33;100;75;75;50;0;50;50;50;0;0;0;744;22;Y;Y;N;N;N;N;N
214231;3811;3826;2015;complete;1296;7;-1;7,67;;2;0;2;6;1;7;2;2;0;0;0;0;5;0;2;7;7;7;9;9;52;48;0;0;0;0;0;0;0;0;0;0;0;0;0;0;0;0;0;0;0;0;0;0;0;0;0;0;0;0;0;0;0;0;0;0;0;0;0;0;0;0;0;0;0;0;0;0;0;0;0;0;0;0;0;0;0;0;0;0;0;0;0;0;0;0;0;0;0;0;0;0;2;1;0;1;0;1;1;2015-06-21 14:00:00;3811;0;67;17;34;0;-1;-1;-1;-1;-1;-1;-1;-1;0;0;0;0;0;0;-1;0;0;0;0;0;0;0;0;0;0;0;0;0;1;1;1;0;-1;-1;-1;-1;-1;-1;-1;-1;-1;-1;-1;-1;-1;33;67;84;100;100;67;84;84;67;13.66;3.33;5.66;4;KA;BI Bolungarvik;2.18;0.09;1.67;0;1.83;0.5;67;34;17;0;0;84;50;50;0;0;0;744;22;Y;Y;N;N;N;N;N
214232;3804;3817;2015;complete;1296;7;-1;45,90;79;2;1;3;6;3;9;1;2;2;2;0;0;4;4;7;3;11;7;26;17;61;39;2;2;0;0;0;0;0;0;0;0;0;0;0;0;0;0;0;0;0;0;0;0;0;0;0;0;0;0;0;0;0;0;0;0;0;0;0;0;0;0;0;0;0;0;0;0;0;0;0;0;0;0;0;0;0;0;0;0;0;0;0;0;0;0;0;0;0;0;0;0;3;1;0;1;1;2;1;2015-06-21 16:00:00;3804;0;67;34;34;0;-1;1;-1;-1;-1;-1;-1;-1;1;2;1;0;3;1;-1;0;0;0;0;0;0;0;1;0;1;0;0;0;1;1;0;0;-1;-1;0;0;-1;-1;-1;-1;-1;-1;-1;-1;-1;34;50;67;67;100;50;84;84;50;9;3;4.33;3.17;Víkingur Ólafsvík;Thór;2.82;1.73;3;2;2.17;2.5;67;50;34;34;0;42;0;0;0;0;0;744;22;Y;Y;Y;N;N;N;Y
214233;3816;3813;2015;complete;1296;7;-1;9;;1;0;1;4;10;14;1;1;2;3;0;1;8;7;9;11;17;18;18;9;39;61;2;4;0;0;0;0;0;0;0;0;0;0;0;0;0;0;0;0;0;0;0;0;0;0;0;0;0;0;0;0;0;0;0;0;0;0;0;0;0;0;0;0;0;0;0;0;0;0;0;0;0;0;0;0;0;0;0;0;0;0;0;0;0;0;0;0;0;0;0;0;1;1;0;0;0;0;1;2015-06-22 19:15:00;3816;0;25;0;0;0;-1;1;-1;-1;-1;-1;-1;-1;1;1;1;3;2;4;-1;0;0;0;0;0;0;0;0;0;0;0;0;0;1;1;1;0;-1;-1;0;0;-1;-1;-1;-1;-1;-1;-1;-1;-1;25;25;50;50;100;25;50;100;25;9.5;5.5;2;2.5;Fram;Thróttur Reykjavík;1.27;1.36;1.5;3;0.67;3;75;75;50;50;0;75;75;75;0;0;0;744;22;Y;N;N;N;N;N;N
214234;3806;3822;2015;complete;1296;7;-1;63,90;;2;0;2;9;3;12;0;0;2;4;0;0;11;4;5;4;16;8;13;19;55;45;2;4;0;0;0;0;0;0;0;0;0;0;0;0;0;0;0;0;0;0;0;0;0;0;0;0;0;0;0;0;0;0;0;0;0;0;0;0;0;0;0;0;0;0;0;0;0;0;0;0;0;0;0;0;0;0;0;0;0;0;0;0;0;0;0;0;0;0;0;0;2;0;0;2;0;2;0;2015-06-23 19:15:00;3806;0;33;33;0;0;-1;1;-1;-1;-1;-1;-1;-1;0;1;2;3;1;5;-1;0;0;0;0;0;0;0;0;0;0;0;0;0;1;1;0;0;-1;-1;0;0;-1;-1;-1;-1;-1;-1;-1;-1;-1;0;17;33;67;100;33;67;100;0;14.83;2.66;3.66;2.17;Grindavík;HK;1.73;1.18;1;2;1.17;1;100;84;67;33;0;100;100;100;0;0;0;744;22;Y;Y;N;N;N;N;N
214235;3818;3821;2015;complete;1296;8;-1;;42;0;1;1;9;2;11;4;1;2;2;0;0;4;0;7;3;11;3;10;17;51;49;2;2;0;0;0;0;0;0;0;0;0;0;0;0;0;0;0;0;0;0;0;0;0;0;0;0;0;0;0;0;0;0;0;0;0;0;0;0;0;0;0;0;0;0;0;0;0;0;0;0;0;0;0;0;0;0;0;0;0;0;0;0;0;0;0;0;0;0;0;0;1;0;1;0;0;0;1;2015-06-25 19:15:00;3821;0;50;13;25;0;-1;1;-1;-1;-1;-1;-1;-1;0;0;2;2;0;4;-1;0;0;0;0;0;0;0;0;0;0;0;0;0;1;1;0;0;-1;-1;0;0;-1;-1;-1;-1;-1;-1;-1;-1;-1;0;13;38;75;100;25;63;75;50;8;3.5;6;2.25;Selfoss;Haukar;1.27;0.82;1.75;0;1.14;1.29;100;88;63;25;0;63;50;38;0;0;0;744;22;Y;N;N;N;N;N;N
214236;3817;3819;2015;complete;1296;8;-1;;61;0;1;1;-1;-1;-1;-1;-1;3;3;0;0;-1;-1;-1;-1;-1;-1;-1;-1;-1;-1;3;3;0;0;0;0;0;0;0;0;0;0;0;0;0;0;0;0;0;0;0;0;0;0;0;0;0;0;0;0;0;0;0;0;0;0;0;0;0;0;0;0;0;0;0;0;0;0;0;0;0;0;0;0;0;0;0;0;0;0;0;0;0;0;0;0;0;0;0;0;1;0;0;0;1;1;0;2015-06-27 14:00:00;3819;0;50;17;34;0;-1;1;-1;-1;-1;-1;-1;-1;1;2;2;1;3;3;-1;0;0;0;0;0;0;0;0;0;0;0;0;0;1;1;0;0;-1;-1;0;0;-1;-1;-1;-1;-1;-1;-1;-1;-1;33;50;67;100;100;34;84;84;67;9.33;5.34;6.33;3.84;Thór;Grótta;1.73;0.55;3;0;2.14;0.14;67;50;33;0;0;67;67;50;0;0;0;744;22;Y;N;N;N;N;N;N
214237;3813;3824;2015;complete;1296;8;-1;16,24;88;2;1;3;6;10;16;3;3;4;3;0;0;7;3;5;9;12;12;20;9;48;52;4;3;0;0;0;0;0;0;0;0;0;0;0;0;0;0;0;0;0;0;0;0;0;0;0;0;0;0;0;0;0;0;0;0;0;0;0;0;0;0;0;0;0;0;0;0;0;0;0;0;0;0;0;0;0;0;0;0;0;0;0;0;0;0;0;0;0;0;0;0;3;2;0;0;1;1;2;2015-06-27 14:00:00;3813;0;38;25;13;0;-1;1;-1;-1;-1;-1;-1;-1;2;1;2;2;3;4;-1;0;0;0;0;0;0;0;0;0;0;0;0;0;1;1;0;0;-1;-1;0;1;-1;-1;-1;-1;-1;-1;-1;-1;-1;25;38;63;88;100;50;75;75;50;9.75;4.5;4.75;3.13;Thróttur Reykjavík;Fjardabyggd;2.64;1.27;3;2.25;2.57;2.14;75;63;38;13;0;63;63;50;0;0;0;744;22;Y;Y;Y;N;N;N;Y
214238;3804;3806;2015;complete;1296;8;-1;6,90;;2;0;2;3;2;5;2;1;2;2;0;0;6;5;6;5;12;10;14;13;46;54;2;2;0;0;0;0;0;0;0;0;0;0;0;0;0;0;0;0;0;0;0;0;0;0;0;0;0;0;0;0;0;0;0;0;0;0;0;0;0;0;0;0;0;0;0;0;0;0;0;0;0;0;0;0;0;0;0;0;0;0;0;0;0;0;0;0;0;0;0;0;2;1;0;1;0;1;1;2015-06-27 14:00:00;3804;0;59;17;13;0;-1;1;-1;-1;-1;-1;-1;-1;0;1;2;1;1;3;-1;0;0;0;0;0;0;0;0;0;0;0;0;0;1;1;1;0;-1;-1;0;0;-1;-1;-1;-1;-1;-1;-1;-1;-1;0;17;42;59;100;29;71;88;13;9.75;2.58;4.5;2.17;Víkingur Ólafsvík;Grindavík;2.82;1.55;3;1.33;2.29;1.43;100;84;59;42;0;50;0;0;0;0;0;744;22;Y;Y;N;N;N;N;N
214239;3826;3816;2015;complete;1296;8;-1;68;55,84;1;2;3;-1;-1;-1;-1;-1;3;2;0;0;-1;-1;-1;-1;-1;-1;-1;-1;-1;-1;3;2;0;0;0;0;0;0;0;0;0;0;0;0;0;0;0;0;0;0;0;0;0;0;0;0;0;0;0;0;0;0;0;0;0;0;0;0;0;0;0;0;0;0;0;0;0;0;0;0;0;0;0;0;0;0;0;0;0;0;0;0;0;0;0;0;0;0;0;0;3;0;0;1;2;3;0;2015-06-27 15:00:00;3816;0;100;46;54;0;-1;1;-1;-1;-1;-1;-1;-1;0;1;3;1;1;4;-1;0;0;0;0;0;0;0;0;1;0;1;0;0;1;1;0;0;-1;-1;0;0;-1;-1;-1;-1;-1;-1;-1;-1;-1;25;59;100;100;100;59;100;100;67;4.75;1;3.92;4.21;BI Bolungarvik;Fram;0.82;0.64;1;0.25;0.43;1;75;42;0;0;0;25;25;25;0;0;0;744;22;Y;Y;Y;N;N;N;Y
214240;3822;3811;2015;complete;1296;8;-1;42,90,90;22,48;3;2;5;3;4;7;2;0;1;0;0;0;5;12;6;5;11;17;15;7;42;58;1;0;0;0;0;0;0;0;0;0;0;0;0;0;0;0;0;0;0;0;0;0;0;0;0;0;0;0;0;0;0;0;0;0;0;0;0;0;0;0;0;0;0;0;0;0;0;0;0;0;0;0;0;0;0;0;0;0;0;0;0;0;0;0;0;0;0;0;0;0;5;1;1;2;1;3;2;2015-06-27 16:00:00;3822;0;33;17;33;0;-1;1;-1;-1;-1;-1;-1;-1;1;0;0;0;1;0;-1;0;0;0;0;0;0;0;0;1;0;1;0;0;1;1;0;0;-1;-1;0;0;-1;-1;-1;-1;-1;-1;-1;-1;-1;17;17;50;67;100;34;67;100;33;10;2.33;4.33;2.5;HK;KA;1.64;1.55;0;2;0.86;2;84;84;50;34;0;67;34;34;0;0;0;744;22;Y;Y;Y;Y;Y;N;Y
214241;3819;3818;2015;complete;1296;9;-1;;;0;0;0;4;6;10;3;2;1;1;0;0;3;0;3;6;6;6;10;8;35;65;1;1;0;0;0;0;0;0;0;0;0;0;0;0;0;0;0;0;0;0;0;0;0;0;0;0;0;0;0;0;0;0;0;0;0;0;0;0;0;0;0;0;0;0;0;0;0;0;0;0;0;0;0;0;0;0;0;0;0;0;0;0;0;0;0;0;0;0;0;0;0;0;0;0;0;0;0;2015-07-02 19:15:00;-1;0;17;0;17;0;-1;1;-1;-1;-1;-1;-1;-1;1;0;0;1;1;1;-1;0;0;0;0;0;0;0;0;0;0;0;0;0;1;1;0;0;-1;-1;0;0;-1;-1;-1;-1;-1;-1;-1;-1;-1;0;17;29;59;88;17;59;71;29;6.33;4.42;4.75;1.92;Grótta;Selfoss;0.82;0.55;0.25;0.33;0.5;1;100;84;71;42;13;54;54;42;0;0;0;744;22;N;N;N;N;N;N;N
214242;3811;3804;2015;complete;1296;9;-1;42;30;1;1;2;4;1;5;1;1;2;2;0;0;3;3;3;4;6;7;15;14;48;52;2;2;0;0;0;0;0;0;0;0;0;0;0;0;0;0;0;0;0;0;0;0;0;0;0;0;0;0;0;0;0;0;0;0;0;0;0;0;0;0;0;0;0;0;0;0;0;0;0;0;0;0;0;0;0;0;0;0;0;0;0;0;0;0;0;0;0;0;0;0;2;1;1;0;0;0;2;2015-07-02 19:15:00;-1;0;38;13;25;0;-1;1;-1;-1;-1;-1;-1;-1;0;1;2;1;1;3;-1;0;0;0;0;0;0;0;0;0;0;0;0;0;1;1;0;0;-1;-1;0;0;-1;-1;-1;-1;-1;-1;-1;-1;-1;13;38;38;84;84;25;67;84;54;16.67;2.58;2.75;2.67;KA;Víkingur Ólafsvík;2.18;2.09;2;1.33;1.75;2.38;88;63;63;17;17;71;54;54;0;0;0;744;22;Y;Y;N;N;N;N;Y
214243;3816;3822;2015;complete;1296;9;-1;78;6,90;1;2;3;12;3;15;0;1;2;1;1;1;7;7;8;6;15;13;16;17;58;42;4;3;0;0;0;0;0;0;0;0;0;0;0;0;0;0;0;0;0;0;0;0;0;0;0;0;0;0;0;0;0;0;0;0;0;0;0;0;0;0;0;0;0;0;0;0;0;0;0;0;0;0;0;0;0;0;0;0;0;0;0;0;0;0;0;0;0;0;0;0;3;0;1;1;1;2;1;2015-07-02 19:15:00;3822;0;29;13;0;0;-1;1;-1;-1;-1;-1;-1;-1;0;0;3;2;0;5;-1;0;0;0;0;0;0;0;0;0;0;0;0;0;1;1;0;1;-1;-1;0;0;-1;-1;-1;-1;-1;-1;-1;-1;-1;17;17;29;54;100;13;59;84;29;9.67;4;3.42;2.17;Fram;HK;1.27;1.18;2;1.5;1.25;1.13;84;84;71;46;0;100;100;100;0;0;0;744;22;Y;Y;Y;N;N;N;Y
214244;3821;3813;2015;complete;1296;9;-1;52;3,20;1;2;3;5;4;9;2;2;2;2;0;0;7;3;5;2;12;5;11;12;60;40;2;2;0;0;0;0;0;0;0;0;0;0;0;0;0;0;0;0;0;0;0;0;0;0;0;0;0;0;0;0;0;0;0;0;0;0;0;0;0;0;0;0;0;0;0;0;0;0;0;0;0;0;0;0;0;0;0;0;0;0;0;0;0;0;0;0;0;0;0;0;3;0;2;1;0;1;2;2015-07-02 19:15:00;3813;0;17;0;0;0;-1;1;-1;-1;-1;-1;-1;-1;1;0;1;2;1;3;-1;0;0;0;0;0;0;0;0;0;0;0;0;0;1;1;0;1;-1;-1;0;0;-1;-1;-1;-1;-1;-1;-1;-1;-1;0;17;50;50;100;17;67;84;34;8.33;3;4.67;2.17;Haukar;Thróttur Reykjavík;2.27;1.36;3;2;1.5;2.63;100;84;50;50;0;50;34;34;0;0;0;744;22;Y;Y;Y;N;N;N;Y
214245;3817;3806;2015;complete;1296;9;-1;44,76;28,38,41;2;3;5;3;3;6;0;2;3;6;0;1;3;2;6;6;9;8;22;21;51;49;3;7;0;0;0;0;0;0;0;0;0;0;0;0;0;0;0;0;0;0;0;0;0;0;0;0;0;0;0;0;0;0;0;0;0;0;0;0;0;0;0;0;0;0;0;0;0;0;0;0;0;0;0;0;0;0;0;0;0;0;0;0;0;0;0;0;0;0;0;0;5;1;3;1;0;1;4;2015-07-03 19:15:00;3806;0;50;25;25;0;-1;1;-1;-1;-1;-1;-1;-1;1;1;2;6;2;8;-1;0;0;0;0;0;0;0;0;0;0;0;0;0;1;1;0;0;-1;-1;0;0;-1;-1;-1;-1;-1;-1;-1;-1;-1;13;25;38;75;100;38;63;88;25;7;3.75;6;2.75;Thór;Grindavík;1.73;1.55;2.25;1;1.88;1.25;88;75;63;25;0;50;34;17;0;0;0;744;22;Y;Y;Y;Y;Y;N;Y
214246;3824;3826;2015;complete;1296;9;-1;45,54,82;;3;0;3;5;1;6;3;2;2;1;0;1;3;7;7;5;10;12;12;9;46;54;2;2;0;0;0;0;0;0;0;0;0;0;0;0;0;0;0;0;0;0;0;0;0;0;0;0;0;0;0;0;0;0;0;0;0;0;0;0;0;0;0;0;0;0;0;0;0;0;0;0;0;0;0;0;0;0;0;0;0;0;0;0;0;0;0;0;0;0;0;0;3;1;0;2;0;2;1;2015-07-04 14:00:00;3824;0;13;0;0;0;-1;1;-1;-1;-1;-1;-1;-1;1;2;1;0;3;1;-1;0;0;0;0;0;0;0;0;0;0;0;0;0;1;1;0;0;-1;-1;0;0;-1;-1;-1;-1;-1;-1;-1;-1;-1;13;13;25;84;100;59;71;54;13;6;4.58;4.5;2.34;Fjardabyggd;BI Bolungarvik;1.55;0.09;2;0;1.88;0.38;88;88;75;17;0;42;17;17;0;0;0;744;22;Y;Y;Y;N;N;N;N
214247;3817;3818;2015;complete;1296;10;-1;50,76;37;2;1;3;11;3;14;1;1;3;3;1;0;7;6;7;6;14;12;18;20;55;45;4;3;0;0;0;0;0;0;0;0;0;0;0;0;0;0;0;0;0;0;0;0;0;0;0;0;0;0;0;0;0;0;0;0;0;0;0;0;0;0;0;0;0;0;0;0;0;0;0;0;0;0;0;0;0;0;0;0;0;0;0;0;0;0;0;0;0;0;0;0;3;0;1;2;0;2;1;2015-07-07 18:30:00;3817;0;43;20;33;0;-1;1;-1;-1;-1;-1;-1;-1;2;2;2;1;4;3;-1;0;0;0;0;0;0;0;0;0;0;0;0;0;1;1;0;0;-1;-1;0;0;-1;-1;-1;-1;-1;-1;-1;-1;-1;20;33;43;65;88;43;55;65;33;6.5;4.5;5.7;2.68;Thór;Selfoss;1.73;0.55;1.8;0.5;1.67;1;80;68;58;35;13;50;50;25;0;0;0;744;22;Y;Y;Y;N;N;N;Y
214248;3813;3819;2015;complete;1296;10;-1;19;;1;0;1;8;2;10;2;1;1;2;0;0;8;4;6;3;14;7;15;12;58;42;1;2;0;0;0;0;0;0;0;0;0;0;0;0;0;0;0;0;0;0;0;0;0;0;0;0;0;0;0;0;0;0;0;0;0;0;0;0;0;0;0;0;0;0;0;0;0;0;0;0;0;0;0;0;0;0;0;0;0;0;0;0;0;0;0;0;0;0;0;0;1;1;0;0;0;0;1;2015-07-07 19:15:00;3813;0;43;10;10;0;-1;1;-1;-1;-1;-1;-1;-1;0;1;1;1;1;2;-1;0;0;0;0;0;0;0;0;0;0;0;0;0;1;1;0;0;-1;-1;0;0;-1;-1;-1;-1;-1;-1;-1;-1;-1;33;45;65;88;100;30;78;90;55;10;3.4;5.4;3.3;Thróttur Reykjavík;Grótta;2.64;0.55;3;0.75;2.67;0.56;68;55;35;13;0;54;54;54;0;0;0;744;22;Y;N;N;N;N;N;N
214249;3804;3816;2015;complete;1296;10;-1;29,75,76,90;;4;0;4;8;4;12;5;3;0;0;0;0;3;2;3;3;6;5;8;12;56;44;0;0;0;0;0;0;0;0;0;0;0;0;0;0;0;0;0;0;0;0;0;0;0;0;0;0;0;0;0;0;0;0;0;0;0;0;0;0;0;0;0;0;0;0;0;0;0;0;0;0;0;0;0;0;0;0;0;0;0;0;0;0;0;0;0;0;0;0;0;0;4;1;0;3;0;3;1;2015-07-07 19:15:00;3804;0;70;10;50;0;-1;-1;-1;-1;-1;-1;-1;-1;0;0;0;0;0;0;-1;0;0;0;0;0;0;0;0;0;0;0;0;0;1;1;0;0;-1;-1;-1;-1;-1;-1;-1;-1;-1;-1;-1;-1;-1;20;20;70;80;100;30;80;90;60;9.55;2.8;3.8;3.2;Víkingur Ólafsvík;Fram;2.82;0.64;3;0.8;2.22;1.11;80;80;30;20;0;45;25;25;0;0;0;744;22;Y;Y;Y;Y;N;N;N
214250;3822;3824;2015;complete;1296;10;-1;85;20,58,71;1;3;4;8;3;11;3;0;0;3;0;1;6;8;6;6;12;14;9;10;42;58;0;4;0;0;0;0;0;0;0;0;0;0;0;0;0;0;0;0;0;0;0;0;0;0;0;0;0;0;0;0;0;0;0;0;0;0;0;0;0;0;0;0;0;0;0;0;0;0;0;0;0;0;0;0;0;0;0;0;0;0;0;0;0;0;0;0;0;0;0;0;4;0;1;1;2;3;1;2015-07-07 19:15:00;3824;0;45;35;25;0;-1;1;-1;-1;-1;-1;-1;-1;0;2;0;2;2;2;-1;0;0;0;0;0;0;0;0;0;0;0;0;0;1;1;0;0;-1;-1;0;0;-1;-1;-1;-1;-1;-1;-1;-1;-1;25;35;68;90;100;68;90;90;35;9.5;3.65;4.8;3.18;HK;Fjardabyggd;1.64;1.27;0.75;1.8;1.33;2;75;65;33;10;0;75;50;40;0;0;0;744;22;Y;Y;Y;Y;N;N;Y
214251;3826;3821;2015;complete;1296;10;-1;32,86;58,74;2;2;4;-1;-1;-1;-1;-1;2;2;0;0;-1;-1;-1;-1;-1;-1;-1;-1;-1;-1;2;2;0;0;0;0;0;0;0;0;0;0;0;0;0;0;0;0;0;0;0;0;0;0;0;0;0;0;0;0;0;0;0;0;0;0;0;0;0;0;0;0;0;0;0;0;0;0;0;0;0;0;0;0;0;0;0;0;0;0;0;0;0;0;0;0;0;0;0;0;4;1;0;1;2;3;1;2015-07-07 19:15:00;-1;0;70;35;35;0;-1;1;-1;-1;-1;-1;-1;-1;1;0;1;2;1;3;-1;0;0;0;0;0;0;0;0;0;0;0;0;0;1;1;0;0;-1;-1;0;0;-1;-1;-1;-1;-1;-1;-1;-1;-1;0;35;70;80;100;45;78;70;45;2.2;0.6;4.6;2.85;BI Bolungarvik;Haukar;0.82;0.82;0.75;0.6;0.33;1.33;100;65;30;20;0;30;30;20;0;0;0;744;22;Y;Y;Y;Y;N;N;Y
214252;3819;3826;2015;complete;1296;11;-1;18,50;55;2;1;3;4;3;7;2;5;1;1;0;0;8;8;4;5;12;13;15;14;39;61;1;1;0;0;0;0;0;0;0;0;0;0;0;0;0;0;0;0;0;0;0;0;0;0;0;0;0;0;0;0;0;0;0;0;0;0;0;0;0;0;0;0;0;0;0;0;0;0;0;0;0;0;0;0;0;0;0;0;0;0;0;0;0;0;0;0;0;0;0;0;3;1;0;1;1;2;1;2015-07-11 14:00:00;3819;0;10;0;0;0;-1;1;-1;-1;-1;-1;-1;-1;0;0;1;1;0;2;-1;0;0;0;0;0;0;0;0;0;0;0;0;0;1;1;0;0;-1;-1;0;0;-1;-1;-1;-1;-1;-1;-1;-1;-1;10;10;40;70;80;20;60;70;30;5.8;4.2;4;2.1;Grótta;BI Bolungarvik;0.82;0.09;0.4;0;0.5;0.4;90;90;60;30;20;60;40;20;0;0;0;744;22;Y;Y;Y;N;N;N;Y
214253;3816;3806;2015;complete;1296;11;-1;34;88;1;1;2;1;7;8;2;3;1;1;0;0;4;5;3;3;7;8;12;10;41;59;1;1;0;0;0;0;0;0;0;0;0;0;0;0;0;0;0;0;0;0;0;0;0;0;0;0;0;0;0;0;0;0;0;0;0;0;0;0;0;0;0;0;0;0;0;0;0;0;0;0;0;0;0;0;0;0;0;0;0;0;0;0;0;0;0;0;0;0;0;0;2;1;0;0;1;1;1;2015-07-11 14:00:00;-1;0;55;20;13;0;-1;1;-1;-1;-1;-1;-1;-1;0;0;1;1;0;2;-1;0;0;0;0;0;0;0;0;0;0;0;0;0;1;1;0;0;-1;-1;0;0;-1;-1;-1;-1;-1;-1;-1;-1;-1;23;33;45;65;100;20;78;88;25;10.25;3.65;5.1;2.65;Fram;Grindavík;1.27;1.55;1.5;1.4;1;1.44;78;68;55;35;0;63;50;50;0;0;0;744;22;Y;Y;N;N;N;N;Y
214254;3824;3804;2015;complete;1296;11;-1;76;;1;0;1;3;4;7;3;2;1;2;0;0;3;6;5;10;8;16;12;10;44;56;1;2;0;0;0;0;0;0;0;0;0;0;0;0;0;0;0;0;0;0;0;0;0;0;0;0;0;0;0;0;0;0;0;0;0;0;0;0;0;0;0;0;0;0;0;0;0;0;0;0;0;0;0;0;0;0;0;0;0;0;0;0;0;0;0;0;0;0;0;0;1;0;0;1;0;1;0;2015-07-11 15:00:00;3824;0;13;13;0;0;-1;1;-1;-1;-1;-1;-1;-1;0;1;1;1;1;2;-1;0;0;0;0;0;0;0;0;0;0;0;0;0;1;1;0;0;-1;-1;0;0;-1;-1;-1;-1;-1;-1;-1;-1;-1;0;0;13;75;88;38;63;50;25;9.5;3.75;3.25;1.75;Fjardabyggd;Víkingur Ólafsvík;1.55;2.09;2.25;1.25;2.1;2.3;100;100;88;25;13;38;25;25;0;0;0;744;22;Y;N;N;N;N;N;N
214255;3811;3817;2015;complete;1296;11;-1;5;;1;0;1;5;4;9;1;2;1;2;0;1;4;5;4;1;8;6;11;11;51;49;1;4;0;0;0;0;0;0;0;0;0;0;0;0;0;0;0;0;0;0;0;0;0;0;0;0;0;0;0;0;0;0;0;0;0;0;0;0;0;0;0;0;0;0;0;0;0;0;0;0;0;0;0;0;0;0;0;0;0;0;0;0;0;0;0;0;0;0;0;0;1;1;0;0;0;0;1;2015-07-11 17:00:00;3811;0;90;45;58;0;-1;1;-1;-1;-1;-1;-1;-1;1;2;0;1;3;1;-1;0;0;0;0;0;0;0;0;0;0;0;0;0;1;1;1;0;-1;-1;0;0;-1;-1;-1;-1;-1;-1;-1;-1;-1;35;68;80;100;100;55;100;90;80;12.47;2.95;4.55;3.93;KA;Thór;2.18;1.73;1.8;1.5;1.67;1.8;65;33;20;0;0;64;30;30;0;0;0;744;22;Y;N;N;N;N;N;N
214256;3818;3813;2015;complete;1296;11;-1;42,53;;2;0;2;4;11;15;1;0;4;4;0;1;4;11;4;9;8;20;15;8;46;54;4;5;0;0;0;0;0;0;0;0;0;0;0;0;0;0;0;0;0;0;0;0;0;0;0;0;0;0;0;0;0;0;0;0;0;0;0;0;0;0;0;0;0;0;0;0;0;0;0;0;0;0;0;0;0;0;0;0;0;0;0;0;0;0;0;0;0;0;0;0;2;1;0;1;0;1;1;2015-07-13 19:15:00;3818;0;33;0;10;0;-1;1;-1;-1;-1;-1;-1;-1;2;3;2;2;5;4;-1;0;0;0;0;0;0;0;0;0;0;0;0;0;1;1;0;0;-1;-1;0;0;-1;-1;-1;-1;-1;-1;-1;-1;-1;0;0;35;55;100;25;68;78;20;11.9;3.7;5.5;1.9;Selfoss;Thróttur Reykjavík;1.27;1.36;1.4;2.25;0.9;2.7;100;100;65;45;0;78;55;55;0;0;0;744;22;Y;Y;N;N;N;N;N
214257;3821;3822;2015;complete;1296;11;-1;72,78;;2;0;2;3;7;10;0;2;1;0;0;0;6;4;6;7;12;11;9;5;54;46;1;0;0;0;0;0;0;0;0;0;0;0;0;0;0;0;0;0;0;0;0;0;0;0;0;0;0;0;0;0;0;0;0;0;0;0;0;0;0;0;0;0;0;0;0;0;0;0;0;0;0;0;0;0;0;0;0;0;0;0;0;0;0;0;0;0;0;0;0;0;2;0;0;2;0;2;0;2015-07-13 19:15:00;3821;0;45;10;10;0;-1;1;-1;-1;-1;-1;-1;-1;0;0;1;0;0;1;-1;0;0;0;0;0;0;0;0;0;0;0;0;0;1;1;0;0;-1;-1;0;0;-1;-1;-1;-1;-1;-1;-1;-1;-1;0;13;58;78;100;23;68;100;45;7.25;2.75;4.8;2.48;Haukar;HK;2.27;1.18;2.25;1.8;1.3;1.2;100;88;43;23;0;75;50;50;0;0;0;744;22;Y;Y;N;N;N;N;N
214258;3806;3811;2015;complete;1296;10;-1;75,90;90;2;1;3;7;4;11;5;0;4;2;0;1;3;9;7;1;10;10;17;18;52;48;4;4;0;0;0;0;0;0;0;0;0;0;0;0;0;0;0;0;0;0;0;0;0;0;0;0;0;0;0;0;0;0;0;0;0;0;0;0;0;0;0;0;0;0;0;0;0;0;0;0;0;0;0;0;0;0;0;0;0;0;0;0;0;0;0;0;0;0;0;0;3;0;0;2;1;3;0;2015-07-14 18:00:00;3806;0;38;25;25;0;-1;1;-1;-1;-1;-1;-1;-1;2;1;2;2;3;4;-1;0;0;0;0;0;0;0;0;0;0;0;0;0;1;1;0;0;-1;-1;0;0;-1;-1;-1;-1;-1;-1;-1;-1;-1;13;25;38;63;100;25;50;100;38;16;2;3;2.38;Grindavík;KA;1.73;1.55;1.5;1.5;1.4;1.8;88;75;63;38;0;75;75;75;0;0;0;744;22;Y;Y;Y;N;N;N;Y
214259;3822;3819;2015;complete;1296;12;-1;72;;1;0;1;2;1;3;1;0;3;1;0;0;7;2;7;2;14;4;18;15;61;39;3;1;0;0;0;0;0;0;0;0;0;0;0;0;0;0;0;0;0;0;0;0;0;0;0;0;0;0;0;0;0;0;0;0;0;0;0;0;0;0;0;0;0;0;0;0;0;0;0;0;0;0;0;0;0;0;0;0;0;0;0;0;0;0;0;0;0;0;0;0;1;0;0;1;0;1;0;2015-07-17 19:15:00;3822;0;40;20;30;0;-1;1;-1;-1;-1;-1;-1;-1;2;1;1;0;3;1;-1;0;0;0;0;0;0;0;0;0;0;0;0;0;1;1;0;0;-1;-1;0;0;-1;-1;-1;-1;-1;-1;-1;-1;-1;30;50;60;80;100;30;90;90;50;8.6;2.6;4.4;3.2;HK;Grótta;1.64;0.55;0.6;0.6;1.09;0.73;70;50;40;20;0;68;48;35;0;0;0;744;22;Y;N;N;N;N;N;N
214260;3821;3804;2015;complete;1296;12;-1;;14,57;0;2;2;2;4;6;4;0;1;1;0;0;2;2;2;6;4;8;8;6;53;47;1;1;0;0;0;0;0;0;0;0;0;0;0;0;0;0;0;0;0;0;0;0;0;0;0;0;0;0;0;0;0;0;0;0;0;0;0;0;0;0;0;0;0;0;0;0;0;0;0;0;0;0;0;0;0;0;0;0;0;0;0;0;0;0;0;0;0;0;0;0;2;0;1;0;1;1;1;2015-07-17 19:15:00;3804;0;30;10;0;0;-1;1;-1;-1;-1;-1;-1;-1;0;0;1;1;0;2;-1;0;0;0;0;0;0;0;0;0;0;0;0;0;1;1;0;0;-1;-1;0;0;-1;-1;-1;-1;-1;-1;-1;-1;-1;0;10;30;70;90;20;50;80;40;8;2.8;3.2;2;Haukar;Víkingur Ólafsvík;2.27;2.09;2.4;1;1.45;2.09;100;90;70;30;10;50;20;10;0;0;0;744;22;Y;Y;N;N;N;N;N
214261;3826;3818;2015;complete;1296;12;-1;36,55;17,86;2;2;4;4;6;10;0;4;0;3;0;0;7;8;2;6;9;14;14;17;45;55;0;3;0;0;0;0;0;0;0;0;0;0;0;0;0;0;0;0;0;0;0;0;0;0;0;0;0;0;0;0;0;0;0;0;0;0;0;0;0;0;0;0;0;0;0;0;0;0;0;0;0;0;0;0;0;0;0;0;0;0;0;0;0;0;0;0;0;0;0;0;4;1;1;1;1;2;2;2015-07-18 14:00:00;-1;0;70;20;40;0;-1;1;-1;-1;-1;-1;-1;-1;0;0;0;3;0;3;-1;0;0;0;0;0;0;0;0;0;0;0;0;0;1;1;0;0;-1;-1;0;0;-1;-1;-1;-1;-1;-1;-1;-1;-1;0;40;70;80;90;30;70;80;50;3.2;1.2;4.6;2.8;BI Bolungarvik;Selfoss;0.82;0.55;0.8;0.4;0.36;1.09;100;60;30;20;10;30;30;20;0;0;0;744;22;Y;Y;Y;Y;N;N;Y
214262;3816;3811;2015;complete;1296;12;-1;77;22;1;1;2;2;9;11;4;5;2;2;1;1;3;9;3;3;6;12;14;10;38;62;4;3;0;0;0;0;0;0;0;0;0;0;0;0;0;0;0;0;0;0;0;0;0;0;0;0;0;0;0;0;0;0;0;0;0;0;0;0;0;0;0;0;0;0;0;0;0;0;0;0;0;0;0;0;0;0;0;0;0;0;0;0;0;0;0;0;0;0;0;0;2;0;1;1;0;1;1;2015-07-18 16:00:00;-1;0;60;10;40;0;-1;1;-1;-1;-1;-1;-1;-1;1;0;2;3;1;5;-1;0;0;0;0;0;0;0;0;0;0;0;0;0;1;1;0;0;-1;-1;0;0;-1;-1;-1;-1;-1;-1;-1;-1;-1;20;20;50;60;100;10;60;90;50;11.8;3;3.4;2.5;Fram;KA;1.27;1.55;1.4;1.2;1;1.64;80;80;50;40;0;70;70;70;0;0;0;744;22;Y;Y;N;N;N;N;Y
214263;3817;3813;2015;complete;1296;12;-1;78,82;40;2;1;3;7;4;11;2;1;3;5;0;0;7;2;7;1;14;3;15;21;53;47;3;5;0;0;0;0;0;0;0;0;0;0;0;0;0;0;0;0;0;0;0;0;0;0;0;0;0;0;0;0;0;0;0;0;0;0;0;0;0;0;0;0;0;0;0;0;0;0;0;0;0;0;0;0;0;0;0;0;0;0;0;0;0;0;0;0;0;0;0;0;3;0;1;2;0;2;1;2015-07-18 16:00:00;3817;0;44;17;17;0;-1;1;-1;-1;-1;-1;-1;-1;1;1;2;4;2;6;-1;0;0;0;0;0;0;0;0;0;0;0;0;0;1;1;0;0;-1;-1;1;1;-1;-1;-1;-1;-1;-1;-1;-1;-1;17;17;54;72;100;45;74;82;25;11.4;3.03;6.33;2.75;Thór;Thróttur Reykjavík;1.73;1.36;2;1.8;1.64;2.45;84;84;47;29;0;70;60;50;0;0;0;744;22;Y;Y;Y;N;N;N;Y
214264;3824;3806;2015;complete;1296;12;-1;;17,68,90;0;3;3;-1;-1;-1;-1;-1;2;3;1;0;-1;-1;-1;-1;-1;-1;-1;-1;-1;-1;4;3;0;0;0;0;0;0;0;0;0;0;0;0;0;0;0;0;0;0;0;0;0;0;0;0;0;0;0;0;0;0;0;0;0;0;0;0;0;0;0;0;0;0;0;0;0;0;0;0;0;0;0;0;0;0;0;0;0;0;0;0;0;0;0;0;0;0;0;0;3;0;1;0;2;2;1;2015-07-19 17:00:00;3806;0;34;17;0;0;-1;1;-1;-1;-1;-1;-1;-1;2;2;1;1;4;2;-1;0;0;0;0;0;0;0;0;0;0;0;0;0;1;1;0;0;-1;-1;0;0;-1;-1;-1;-1;-1;-1;-1;-1;-1;9;17;27;72;100;37;72;80;10;8.2;4.27;4.97;2.24;Fjardabyggd;Grindavík;1.55;1.55;2.4;1.33;2.18;1.55;92;84;74;29;0;20;10;10;0;0;0;744;22;Y;Y;Y;N;N;N;N
214265;3822;3818;2015;complete;1296;13;-1;6,28,39,63;;4;0;4;4;7;11;2;1;2;1;0;1;5;6;6;7;11;13;9;13;42;58;2;3;0;0;0;0;0;0;0;0;0;0;0;0;0;0;0;0;0;0;0;0;0;0;0;0;0;0;0;0;0;0;0;0;0;0;0;0;0;0;0;0;0;0;0;0;0;0;0;0;0;0;0;0;0;0;0;0;0;0;0;0;0;0;0;0;0;0;0;0;4;3;0;1;0;1;3;2015-07-23 19:15:00;3822;0;50;25;42;0;-1;1;-1;-1;-1;-1;-1;-1;0;1;2;1;1;3;-1;0;0;0;0;0;0;0;1;0;1;0;0;0;1;1;1;0;-1;-1;0;0;-1;-1;-1;-1;-1;-1;-1;-1;-1;17;42;59;75;92;42;75;84;50;7;4;4.5;2.83;HK;Selfoss;1.64;0.55;1;0.5;1.25;1.08;84;59;42;25;9;59;42;25;0;0;0;744;22;Y;Y;Y;Y;N;N;N
214266;3806;3821;2015;complete;1296;13;-1;14,27;45,89;2;2;4;11;5;16;3;1;1;2;0;0;6;2;7;4;13;6;8;19;41;59;1;2;0;0;0;0;0;0;0;0;0;0;0;0;0;0;0;0;0;0;0;0;0;0;0;0;0;0;0;0;0;0;0;0;0;0;0;0;0;0;0;0;0;0;0;0;0;0;0;0;0;0;0;0;0;0;0;0;0;0;0;0;0;0;0;0;0;0;0;0;4;2;1;0;1;1;3;2015-07-23 19:15:00;-1;0;45;19;27;0;-1;1;-1;-1;-1;-1;-1;-1;0;0;1;2;0;3;-1;0;0;0;0;0;0;0;0;1;0;1;0;0;1;1;0;0;-1;-1;0;0;-1;-1;-1;-1;-1;-1;-1;-1;-1;0;27;45;74;100;27;62;75;45;11;2.97;4.5;2.45;Grindavík;Haukar;1.73;0.82;1.8;0.67;1.67;1.33;100;74;55;27;0;80;80;70;0;0;0;744;22;Y;Y;Y;Y;N;N;Y
214267;3811;3824;2015;complete;1296;13;-1;14,49;90;2;1;3;3;7;10;4;3;3;1;0;0;5;4;4;5;9;9;12;12;45;55;3;1;0;0;0;0;0;0;0;0;0;0;0;0;0;0;0;0;0;0;0;0;0;0;0;0;0;0;0;0;0;0;0;0;0;0;0;0;0;0;0;0;0;0;0;0;0;0;0;0;0;0;0;0;0;0;0;0;0;0;0;0;0;0;0;0;0;0;0;0;3;1;0;1;1;2;1;2015-07-23 19:15:00;3811;0;59;25;25;0;-1;1;-1;-1;-1;-1;-1;-1;1;1;2;0;2;2;-1;0;0;0;0;0;0;0;0;0;0;0;0;0;1;1;0;0;-1;-1;1;0;-1;-1;-1;-1;-1;-1;-1;-1;-1;9;42;59;83;100;50;92;75;42;14.5;3.17;4.67;3;KA;Fjardabyggd;2.18;1.27;2;2;1.58;2;92;59;42;17;0;84;75;67;0;0;0;744;22;Y;Y;Y;N;N;N;Y
214268;3804;3819;2015;complete;1296;13;-1;27,51,54,79;;4;0;4;4;1;5;2;1;1;1;0;0;5;0;2;2;7;2;8;12;61;39;1;1;0;0;0;0;0;0;0;0;0;0;0;0;0;0;0;0;0;0;0;0;0;0;0;0;0;0;0;0;0;0;0;0;0;0;0;0;0;0;0;0;0;0;0;0;0;0;0;0;0;0;0;0;0;0;0;0;0;0;0;0;0;0;0;0;0;0;0;0;4;1;0;3;0;3;1;2015-07-24 19:15:00;3804;0;25;0;9;0;-1;1;-1;-1;-1;-1;-1;-1;1;0;0;1;1;1;-1;0;0;0;0;0;0;0;0;0;0;0;0;0;1;1;0;0;-1;-1;0;0;-1;-1;-1;-1;-1;-1;-1;-1;-1;9;25;42;59;100;9;75;83;33;9.53;2.83;3.83;2.33;Víkingur Ólafsvík;Grótta;2.82;0.55;3;0.5;2.17;0.67;92;75;59;42;0;55;39;29;0;0;0;744;22;Y;Y;Y;Y;N;N;N
214269;3826;3813;2015;complete;1296;13;-1;26;21,47,82,90;1;4;5;-1;-1;-1;-1;-1;0;2;0;0;-1;-1;-1;-1;-1;-1;-1;-1;-1;-1;0;2;0;0;0;0;0;0;0;0;0;0;0;0;0;0;0;0;0;0;0;0;0;0;0;0;0;0;0;0;0;0;0;0;0;0;0;0;0;0;0;0;0;0;0;0;0;0;0;0;0;0;0;0;0;0;0;0;0;0;0;0;0;0;0;0;0;0;0;0;5;1;1;0;3;3;2;2015-07-25 14:00:00;3813;0;67;25;34;0;-1;1;-1;-1;-1;-1;-1;-1;0;1;0;1;1;1;-1;0;0;0;0;0;0;0;0;0;0;0;0;0;1;1;0;0;-1;-1;0;0;-1;-1;-1;-1;-1;-1;-1;-1;-1;0;34;75;84;100;42;83;92;42;10.17;0.34;5;2.92;BI Bolungarvik;Thróttur Reykjavík;0.82;1.36;0.83;1.5;0.42;2.25;100;67;25;17;0;92;84;34;0;0;0;744;22;Y;Y;Y;Y;Y;N;Y
214270;3816;3817;2015;complete;1296;13;-1;60,78;10,22,90;2;3;5;7;8;15;2;7;4;2;0;0;0;4;6;8;6;12;19;17;52;48;4;2;0;0;0;0;0;0;0;0;0;0;0;0;0;0;0;0;0;0;0;0;0;0;0;0;0;0;0;0;0;0;0;0;0;0;0;0;0;0;0;0;0;0;0;0;0;0;0;0;0;0;0;0;0;0;0;0;0;0;0;0;0;0;0;0;0;0;0;0;5;0;2;2;1;3;2;2015-07-25 14:00:00;3817;0;74;20;39;0;-1;1;-1;-1;-1;-1;-1;-1;1;0;3;2;1;5;-1;0;0;0;0;0;0;0;0;1;0;1;0;0;1;1;0;1;-1;-1;0;0;-1;-1;-1;-1;-1;-1;-1;-1;-1;29;39;57;74;100;20;92;82;57;8.75;4.3;4.83;2.97;Fram;Thór;1.27;1.73;1.33;1.2;1;1.75;72;62;44;27;0;79;42;42;0;0;0;744;22;Y;Y;Y;Y;Y;N;Y
214271;3824;3816;2015;complete;1296;14;-1;45,78,82;8,37,46;3;3;6;4;6;10;1;8;1;3;1;0;4;6;1;5;5;11;9;9;47;53;3;3;0;0;0;0;0;0;0;0;0;0;0;0;0;0;0;0;0;0;0;0;0;0;0;0;0;0;0;0;0;0;0;0;0;0;0;0;0;0;0;0;0;0;0;0;0;0;0;0;0;0;0;0;0;0;0;0;0;0;0;0;0;0;0;0;0;0;0;0;6;1;2;2;1;3;3;2015-07-29 18:00:00;-1;0;42;9;34;0;-1;1;-1;-1;-1;-1;-1;-1;2;0;0;3;2;3;-1;0;0;0;0;0;0;0;0;0;0;0;0;0;1;1;0;1;-1;-1;0;0;-1;-1;-1;-1;-1;-1;-1;-1;-1;17;25;67;84;100;33;75;84;67;8.6;3.67;4;3.17;Fjardabyggd;Fram;1.55;0.64;2;0.67;1.85;0.92;84;75;34;17;0;40;40;40;0;0;0;744;22;Y;Y;Y;Y;Y;Y;Y
214272;3818;3804;2015;complete;1296;14;-1;;45,54;0;2;2;2;8;10;5;1;5;1;0;0;4;3;5;7;9;10;16;10;43;57;5;1;0;0;0;0;0;0;0;0;0;0;0;0;0;0;0;0;0;0;0;0;0;0;0;0;0;0;0;0;0;0;0;0;0;0;0;0;0;0;0;0;0;0;0;0;0;0;0;0;0;0;0;0;0;0;0;0;0;0;0;0;0;0;0;0;0;0;0;0;2;0;1;0;1;1;1;2015-07-29 19:15:00;3804;0;25;9;9;0;-1;1;-1;-1;-1;-1;-1;-1;2;0;3;1;2;4;-1;0;0;0;0;0;0;0;0;0;0;0;0;0;1;1;0;0;-1;-1;0;0;-1;-1;-1;-1;-1;-1;-1;-1;-1;0;0;9;67;92;9;59;75;25;10.83;3.17;4.5;1.67;Selfoss;Víkingur Ólafsvík;1.27;2.09;1.67;1.33;1;2.23;100;100;92;33;9;58;42;42;0;0;0;744;22;Y;Y;N;N;N;N;N
214273;3813;3822;2015;complete;1296;14;-1;8,16,70,80;;4;0;4;4;10;14;0;0;1;1;0;0;5;5;6;5;11;10;6;16;55;45;1;1;0;0;0;0;0;0;0;0;0;0;0;0;0;0;0;0;0;0;0;0;0;0;0;0;0;0;0;0;0;0;0;0;0;0;0;0;0;0;0;0;0;0;0;0;0;0;0;0;0;0;0;0;0;0;0;0;0;0;0;0;0;0;0;0;0;0;0;0;4;2;0;2;0;2;2;2015-07-29 19:15:00;3813;0;42;17;17;0;-1;1;-1;-1;-1;-1;-1;-1;1;0;0;1;1;1;-1;0;0;0;0;0;0;0;0;0;0;0;0;0;1;1;1;0;-1;-1;0;0;-1;-1;-1;-1;-1;-1;-1;-1;-1;17;17;50;83;100;34;67;84;50;9.47;3.5;4.5;2.67;Thróttur Reykjavík;HK;2.64;1.18;3;1.5;2.31;1.38;84;84;50;17;0;75;75;57;0;0;0;744;22;Y;Y;Y;Y;N;N;N
214274;3819;3806;2015;complete;1296;14;-1;27;;1;0;1;2;10;12;1;1;2;2;0;0;3;6;1;11;4;17;20;10;44;56;2;2;0;0;0;0;0;0;0;0;0;0;0;0;0;0;0;0;0;0;0;0;0;0;0;0;0;0;0;0;0;0;0;0;0;0;0;0;0;0;0;0;0;0;0;0;0;0;0;0;0;0;0;0;0;0;0;0;0;0;0;0;0;0;0;0;0;0;0;0;1;1;0;0;0;0;1;2015-07-29 19:15:00;3819;0;37;15;9;0;-1;1;-1;-1;-1;-1;-1;-1;0;0;2;2;0;4;-1;0;0;0;0;0;0;0;0;0;0;0;0;0;1;1;0;0;-1;-1;0;0;-1;-1;-1;-1;-1;-1;-1;-1;-1;7;15;38;68;84;15;68;84;24;8.2;3.29;4.64;2.11;Grótta;Grindavík;0.82;1.55;0.83;1.57;0.62;1.62;93;86;62;32;17;44;34;17;0;0;0;744;22;Y;N;N;N;N;N;N
214275;3817;3826;2015;complete;1296;14;-1;2,44,69,84,89,90;30;6;1;7;5;6;11;5;6;1;4;0;1;4;0;6;2;10;2;20;16;47;53;1;5;0;0;0;0;0;0;0;0;0;0;0;0;0;0;0;0;0;0;0;0;0;0;0;0;0;0;0;0;0;0;0;0;0;0;0;0;0;0;0;0;0;0;0;0;0;0;0;0;0;0;0;0;0;0;0;0;0;0;0;0;0;0;0;0;0;0;0;0;7;2;1;4;0;4;3;2015-07-29 20:00:00;3817;0;52;15;23;0;-1;1;-1;-1;-1;-1;-1;-1;1;3;0;2;4;2;-1;0;0;0;0;0;0;0;1;0;1;0;0;0;1;1;1;0;-1;-1;0;1;-1;-1;-1;-1;-1;-1;-1;-1;-1;23;23;69;93;100;38;77;85;54;7.17;4.53;5.46;3.22;Thór;BI Bolungarvik;1.73;0.09;2.14;0;1.85;0.38;77;77;31;7;0;50;34;25;0;0;0;744;22;Y;Y;Y;Y;Y;Y;Y
214276;3821;3811;2015;complete;1296;14;-1;69,80;90;2;1;3;4;10;14;5;3;4;3;0;0;5;4;3;1;8;5;13;7;49;51;4;3;0;0;0;0;0;0;0;0;0;0;0;0;0;0;0;0;0;0;0;0;0;0;0;0;0;0;0;0;0;0;0;0;0;0;0;0;0;0;0;0;0;0;0;0;0;0;0;0;0;0;0;0;0;0;0;0;0;0;0;0;0;0;0;0;0;0;0;0;3;0;0;2;1;3;0;2015-08-04 19:15:00;3821;0;50;9;25;0;-1;1;-1;-1;-1;-1;-1;-1;2;0;2;3;2;5;-1;0;0;0;0;0;0;0;0;0;0;0;0;0;1;1;0;0;-1;-1;0;0;-1;-1;-1;-1;-1;-1;-1;-1;-1;9;17;50;75;100;17;59;100;50;9.5;3.33;3.84;2.5;Haukar;KA;2.27;1.55;2;1.17;1.31;1.69;92;83;50;25;0;59;42;34;0;0;0;744;22;Y;Y;Y;N;N;N;Y
214277;3806;3818;2015;complete;1296;15;-1;9,15,45,57,59;;5;0;5;10;2;12;0;4;2;3;0;1;5;2;6;2;11;4;14;13;44;56;2;5;0;0;0;0;0;0;0;0;0;0;0;0;0;0;0;0;0;0;0;0;0;0;0;0;0;0;0;0;0;0;0;0;0;0;0;0;0;0;0;0;0;0;0;0;0;0;0;0;0;0;0;0;0;0;0;0;0;0;0;0;0;0;0;0;0;0;0;0;5;3;0;2;0;2;3;2015-08-06 19:15:00;3806;0;47;24;23;0;-1;1;-1;-1;-1;-1;-1;-1;1;1;1;3;2;4;-1;0;0;0;0;0;0;0;1;0;1;0;0;0;1;1;1;0;-1;-1;0;0;-1;-1;-1;-1;-1;-1;-1;-1;-1;0;38;54;77;93;38;61;86;38;13.31;4.29;4.54;2.62;Grindavík;Selfoss;1.73;0.55;1.67;0.43;1.5;0.93;100;62;47;23;7;86;86;72;0;0;0;744;22;Y;Y;Y;Y;Y;N;N
214278;3824;3817;2015;complete;1296;15;-1;54,77;75,79;2;2;4;-1;-1;-1;-1;-1;2;5;1;0;-1;-1;-1;-1;-1;-1;-1;-1;-1;-1;4;5;0;0;0;0;0;0;0;0;0;0;0;0;0;0;0;0;0;0;0;0;0;0;0;0;0;0;0;0;0;0;0;0;0;0;0;0;0;0;0;0;0;0;0;0;0;0;0;0;0;0;0;0;0;0;0;0;0;0;0;0;0;0;0;0;0;0;0;0;4;0;0;2;2;4;0;2015-08-07 19:15:00;-1;0;49;24;41;0;-1;1;-1;-1;-1;-1;-1;-1;1;2;2;3;3;5;-1;0;0;0;0;0;0;0;0;1;0;1;0;0;1;1;0;0;-1;-1;0;0;-1;-1;-1;-1;-1;-1;-1;-1;-1;32;41;63;77;100;47;86;77;63;8.6;4.53;5.12;3.2;Fjardabyggd;Thór;1.55;1.73;1.86;1.5;1.79;1.93;68;60;37;23;0;57;27;19;0;0;0;744;22;Y;Y;Y;Y;N;N;Y
214279;3816;3821;2015;complete;1296;15;-1;29,64,86;;3;0;3;4;4;8;3;6;4;4;0;0;0;7;8;0;8;7;9;15;45;55;4;4;0;0;0;0;0;0;0;0;0;0;0;0;0;0;0;0;0;0;0;0;0;0;0;0;0;0;0;0;0;0;0;0;0;0;0;0;0;0;0;0;0;0;0;0;0;0;0;0;0;0;0;0;0;0;0;0;0;0;0;0;0;0;0;0;0;0;0;0;3;1;0;2;0;2;1;2015-08-07 19:15:00;3816;0;64;15;29;0;-1;1;-1;-1;-1;-1;-1;-1;1;2;3;2;3;5;-1;0;0;0;0;0;0;0;0;0;0;0;0;0;1;1;0;0;-1;-1;1;0;-1;-1;-1;-1;-1;-1;-1;-1;-1;15;36;50;71;100;29;86;72;43;7.96;3.57;4.57;2.71;Fram;Haukar;1.27;0.82;1.14;0.71;0.93;1.43;86;64;50;29;0;77;77;68;0;0;0;744;22;Y;Y;Y;N;N;N;N
214280;3804;3813;2015;complete;1296;15;-1;48,81,89;15,86;3;2;5;8;5;13;3;0;0;3;0;0;7;4;9;3;16;7;9;16;47;53;0;3;0;0;0;0;0;0;0;0;0;0;0;0;0;0;0;0;0;0;0;0;0;0;0;0;0;0;0;0;0;0;0;0;0;0;0;0;0;0;0;0;0;0;0;0;0;0;0;0;0;0;0;0;0;0;0;0;0;0;0;0;0;0;0;0;0;0;0;0;5;0;1;3;1;4;1;2015-08-08 14:00:00;3804;0;36;7;7;0;-1;1;-1;-1;-1;-1;-1;-1;0;2;0;1;2;1;-1;0;0;0;0;0;0;0;0;0;0;0;0;0;1;1;0;0;-1;-1;0;0;-1;-1;-1;-1;-1;-1;-1;-1;-1;7;22;57;71;100;29;86;86;36;11.31;2.86;4.43;2.57;Víkingur Ólafsvík;Thróttur Reykjavík;2.82;1.36;3;1.71;2.29;2.36;93;79;43;29;0;63;41;41;0;0;0;744;22;Y;Y;Y;Y;Y;N;Y
214281;3822;3826;2015;complete;1296;15;-1;43,56;21;2;1;3;1;8;9;1;1;3;2;0;1;4;6;1;7;5;13;10;7;33;67;3;3;0;0;0;0;0;0;0;0;0;0;0;0;0;0;0;0;0;0;0;0;0;0;0;0;0;0;0;0;0;0;0;0;0;0;0;0;0;0;0;0;0;0;0;0;0;0;0;0;0;0;0;0;0;0;0;0;0;0;0;0;0;0;0;0;0;0;0;0;3;1;1;1;0;1;2;2015-08-08 14:00:00;3822;0;43;22;29;0;-1;1;-1;-1;-1;-1;-1;-1;1;2;2;1;3;3;-1;0;0;0;0;0;0;0;0;0;0;0;0;0;1;1;0;0;-1;-1;0;0;-1;-1;-1;-1;-1;-1;-1;-1;-1;29;43;71;93;100;50;86;93;50;6;4.71;4.43;3.5;HK;BI Bolungarvik;1.64;0.09;1.29;0;1.29;0.36;71;57;29;7;0;50;22;22;0;0;0;744;22;Y;Y;Y;N;N;N;Y
214282;3811;3819;2015;complete;1296;15;-1;28;;1;0;1;6;5;11;0;5;2;2;0;0;3;3;7;2;10;5;11;6;64;36;2;2;0;0;0;0;0;0;0;0;0;0;0;0;0;0;0;0;0;0;0;0;0;0;0;0;0;0;0;0;0;0;0;0;0;0;0;0;0;0;0;0;0;0;0;0;0;0;0;0;0;0;0;0;0;0;0;0;0;0;0;0;0;0;0;0;0;0;0;0;1;1;0;0;0;0;1;2015-08-08 15:00:00;3811;0;43;15;22;0;-1;1;-1;-1;-1;-1;-1;-1;0;0;2;2;0;4;-1;0;0;0;0;0;0;0;0;0;0;0;0;0;1;1;0;0;-1;-1;0;0;-1;-1;-1;-1;-1;-1;-1;-1;-1;14;43;50;72;100;22;86;79;50;11.1;2.43;4.15;2.86;KA;Grótta;2.18;0.55;2.14;0.43;1.57;0.79;86;57;50;29;0;61;54;38;0;0;0;744;22;Y;N;N;N;N;N;N
214283;3817;3822;2015;complete;1296;16;-1;;;0;0;0;14;2;16;1;1;5;6;0;1;6;3;11;2;17;5;21;19;59;41;5;7;0;0;0;0;0;0;0;0;0;0;0;0;0;0;0;0;0;0;0;0;0;0;0;0;0;0;0;0;0;0;0;0;0;0;0;0;0;0;0;0;0;0;0;0;0;0;0;0;0;0;0;0;0;0;0;0;0;0;0;0;0;0;0;0;0;0;0;0;0;0;0;0;0;0;0;2015-08-14 18:15:00;-1;0;52;26;20;0;-1;1;-1;-1;-1;-1;-1;-1;2;2;3;5;4;8;-1;0;0;0;0;0;0;0;0;0;0;0;0;0;1;1;0;0;-1;-1;0;0;-1;-1;-1;-1;-1;-1;-1;-1;-1;19;26;59;87;100;40;66;94;60;10.81;3.25;5.14;3.16;Thór;HK;1.73;1.18;2.25;1.29;1.87;1.4;82;75;41;14;0;86;86;70;0;0;0;744;22;N;N;N;N;N;N;N
214284;3826;3804;2015;complete;1296;16;-1;70;5,8,20,43,53;1;5;6;-1;-1;-1;-1;-1;1;0;0;0;-1;-1;-1;-1;-1;-1;-1;-1;-1;-1;1;0;0;0;0;0;0;0;0;0;0;0;0;0;0;0;0;0;0;0;0;0;0;0;0;0;0;0;0;0;0;0;0;0;0;0;0;0;0;0;0;0;0;0;0;0;0;0;0;0;0;0;0;0;0;0;0;0;0;0;0;0;0;0;0;0;0;0;0;0;6;0;4;1;1;2;4;2015-08-14 18:30:00;3804;0;57;36;29;0;-1;1;-1;-1;-1;-1;-1;-1;0;0;1;0;0;1;-1;0;0;0;0;0;0;0;0;1;0;1;0;0;1;1;0;2;-1;-1;0;0;-1;-1;-1;-1;-1;-1;-1;-1;-1;7;36;50;86;93;36;72;86;43;9.29;0.28;2.72;2.72;BI Bolungarvik;Víkingur Ólafsvík;0.82;2.09;0.71;1.57;0.33;2.33;93;65;50;15;7;72;65;7;0;0;0;744;22;Y;Y;Y;Y;Y;Y;Y
214285;3821;3824;2015;complete;1296;16;-1;39,84,90;90;3;1;4;6;3;9;1;0;2;4;0;0;6;7;7;4;13;11;15;15;47;53;2;4;0;0;0;0;0;0;0;0;0;0;0;0;0;0;0;0;0;0;0;0;0;0;0;0;0;0;0;0;0;0;0;0;0;0;0;0;0;0;0;0;0;0;0;0;0;0;0;0;0;0;0;0;0;0;0;0;0;0;0;0;0;0;0;0;0;0;0;0;4;1;0;2;1;3;1;2015-08-14 18:30:00;3821;0;50;7;22;0;-1;1;-1;-1;-1;-1;-1;-1;1;1;1;3;2;4;-1;0;0;0;0;0;0;0;1;0;1;0;0;0;1;1;0;0;-1;-1;0;0;-1;-1;-1;-1;-1;-1;-1;-1;-1;0;22;64;86;100;29;72;93;50;9.43;4.43;4.71;2.72;Haukar;Fjardabyggd;2.27;1.27;2.14;1.71;1.33;1.73;100;79;36;14;0;79;65;43;0;0;0;744;22;Y;Y;Y;Y;N;N;Y
214286;3813;3806;2015;complete;1296;16;-1;61,67;;2;0;2;6;7;13;1;0;2;5;1;0;4;3;4;2;8;5;9;13;53;47;3;5;0;0;0;0;0;0;0;0;0;0;0;0;0;0;0;0;0;0;0;0;0;0;0;0;0;0;0;0;0;0;0;0;0;0;0;0;0;0;0;0;0;0;0;0;0;0;0;0;0;0;0;0;0;0;0;0;0;0;0;0;0;0;0;0;0;0;0;0;2;0;0;2;0;2;0;2015-08-14 18:30:00;3813;0;47;20;7;0;-1;1;-1;-1;-1;-1;-1;-1;1;4;2;1;5;3;-1;0;0;0;0;0;0;0;0;0;0;0;0;0;1;1;0;0;-1;-1;0;0;-1;-1;-1;-1;-1;-1;-1;-1;-1;21;34;55;81;100;41;87;80;35;9.74;3.25;5;2.9;Thróttur Reykjavík;Grindavík;2.64;1.55;3;1.38;2.2;1.6;80;66;46;20;0;45;37;30;0;0;0;744;22;Y;Y;N;N;N;N;N
214287;3818;3811;2015;complete;1296;16;-1;;8,26,33,87;0;4;4;4;5;9;4;0;2;4;0;0;3;8;4;1;7;9;10;8;41;59;2;4;0;0;0;0;0;0;0;0;0;0;0;0;0;0;0;0;0;0;0;0;0;0;0;0;0;0;0;0;0;0;0;0;0;0;0;0;0;0;0;0;0;0;0;0;0;0;0;0;0;0;0;0;0;0;0;0;0;0;0;0;0;0;0;0;0;0;0;0;4;0;3;0;1;1;3;2015-08-14 18:30:00;3811;0;50;7;36;0;-1;1;-1;-1;-1;-1;-1;-1;0;2;2;2;2;4;-1;0;0;0;0;0;0;0;0;0;0;0;0;0;1;1;0;1;-1;-1;0;0;-1;-1;-1;-1;-1;-1;-1;-1;-1;7;7;36;71;100;7;57;93;43;12.57;4.14;5.72;2.22;Selfoss;KA;1.27;1.55;1.43;1;0.87;1.67;93;93;65;29;0;79;71;64;0;0;0;744;22;Y;Y;Y;Y;N;N;N
214288;3819;3816;2015;complete;1296;16;-1;;;0;0;0;3;9;12;6;3;3;4;0;0;2;0;2;5;4;5;12;20;45;55;3;4;0;0;0;0;0;0;0;0;0;0;0;0;0;0;0;0;0;0;0;0;0;0;0;0;0;0;0;0;0;0;0;0;0;0;0;0;0;0;0;0;0;0;0;0;0;0;0;0;0;0;0;0;0;0;0;0;0;0;0;0;0;0;0;0;0;0;0;0;0;0;0;0;0;0;0;2015-08-14 18:30:00;-1;0;50;15;43;0;-1;1;-1;-1;-1;-1;-1;-1;1;1;2;3;2;5;-1;0;0;0;0;0;0;0;0;0;0;0;0;0;1;1;0;0;-1;-1;0;0;-1;-1;-1;-1;-1;-1;-1;-1;-1;22;29;65;72;86;22;72;79;65;8.54;4.43;3.57;3;Grótta;Fram;0.82;0.64;1.14;0.71;0.73;1.07;79;72;36;29;15;69;69;47;0;0;0;744;22;N;N;N;N;N;N;N
214289;3824;3819;2015;complete;1296;17;-1;7,60;29,53,79;2;3;5;8;1;9;2;5;3;0;0;0;7;6;7;1;14;7;19;16;65;35;3;0;0;0;0;0;0;0;0;0;0;0;0;0;0;0;0;0;0;0;0;0;0;0;0;0;0;0;0;0;0;0;0;0;0;0;0;0;0;0;0;0;0;0;0;0;0;0;0;0;0;0;0;0;0;0;0;0;0;0;0;0;0;0;0;0;0;0;0;0;5;1;1;1;2;3;2;2015-08-18 18:00:00;3819;0;19;7;13;0;-1;1;-1;-1;-1;-1;-1;-1;2;0;1;0;2;1;-1;0;0;0;0;0;0;0;0;1;0;1;0;0;1;1;1;0;-1;-1;1;0;-1;-1;-1;-1;-1;-1;-1;-1;-1;13;32;44;63;100;19;69;75;44;7.86;2.88;4.75;2.57;Fjardabyggd;Grótta;1.55;0.55;1.75;0.38;1.63;0.75;88;69;57;38;0;45;45;30;0;0;0;744;22;Y;Y;Y;Y;Y;N;Y
214290;3811;3813;2015;complete;1296;17;-1;1,43,48,73;16;4;1;5;4;6;10;2;2;1;3;0;0;5;5;2;5;7;10;15;19;48;52;1;3;0;0;0;0;0;0;0;0;0;0;0;0;0;0;0;0;0;0;0;0;0;0;0;0;0;0;0;0;0;0;0;0;0;0;0;0;0;0;0;0;0;0;0;0;0;0;0;0;0;0;0;0;0;0;0;0;0;0;0;0;0;0;0;0;0;0;0;0;5;2;1;2;0;2;3;2015-08-18 18:15:00;3811;0;57;19;26;0;-1;1;-1;-1;-1;-1;-1;-1;0;1;1;2;1;3;-1;0;0;0;0;0;0;0;0;0;0;0;0;0;1;1;1;0;-1;-1;0;0;-1;-1;-1;-1;-1;-1;-1;-1;-1;19;32;57;75;100;38;94;76;44;13.25;2.13;5.01;2.88;KA;Thróttur Reykjavík;2.18;1.36;2.25;1.5;1.75;2.25;82;69;44;25;0;81;67;61;0;0;0;744;22;Y;Y;Y;Y;Y;N;Y
214291;3804;3822;2015;complete;1296;17;-1;31,45,90;;3;0;3;10;2;12;1;2;2;3;0;0;12;6;13;4;25;10;18;10;60;40;2;3;0;0;0;0;0;0;0;0;0;0;0;0;0;0;0;0;0;0;0;0;0;0;0;0;0;0;0;0;0;0;0;0;0;0;0;0;0;0;0;0;0;0;0;0;0;0;0;0;0;0;0;0;0;0;0;0;0;0;0;0;0;0;0;0;0;0;0;0;3;2;0;1;0;1;2;2015-08-18 18:30:00;3804;0;32;7;19;0;-1;1;-1;-1;-1;-1;-1;-1;0;3;2;0;3;2;-1;0;0;0;0;0;0;0;0;0;0;0;0;0;1;1;0;0;-1;-1;0;0;-1;-1;-1;-1;-1;-1;-1;-1;-1;7;26;51;75;94;19;69;88;50;10.64;3.13;3.88;2.51;Víkingur Ólafsvík;HK;2.82;1.18;3;1.25;2.38;1.38;94;76;51;25;7;75;63;56;0;0;0;744;22;Y;Y;Y;N;N;N;N
214292;3806;3826;2015;complete;1296;17;-1;78;;1;0;1;7;5;12;3;4;2;1;0;0;3;0;6;2;9;2;9;11;43;57;2;1;0;0;0;0;0;0;0;0;0;0;0;0;0;0;0;0;0;0;0;0;0;0;0;0;0;0;0;0;0;0;0;0;0;0;0;0;0;0;0;0;0;0;0;0;0;0;0;0;0;0;0;0;0;0;0;0;0;0;0;0;0;0;0;0;0;0;0;0;1;0;0;1;0;1;0;2015-08-18 18:30:00;3806;0;47;27;14;0;-1;1;-1;-1;-1;-1;-1;-1;1;0;1;1;1;2;-1;0;0;0;0;0;0;0;0;0;0;0;0;0;1;1;0;0;-1;-1;0;0;-1;-1;-1;-1;-1;-1;-1;-1;-1;20;34;66;93;100;47;73;94;47;12.54;4.59;4.49;3.25;Grindavík;BI Bolungarvik;1.73;0.09;1.86;0;1.5;0.31;81;66;34;7;0;75;57;57;0;0;0;744;22;Y;N;N;N;N;N;N
214293;3816;3818;2015;complete;1296;17;-1;80;30,43;1;2;3;8;3;11;2;1;1;0;0;0;4;3;5;5;9;8;14;16;60;40;1;0;0;0;0;0;0;0;0;0;0;0;0;0;0;0;0;0;0;0;0;0;0;0;0;0;0;0;0;0;0;0;0;0;0;0;0;0;0;0;0;0;0;0;0;0;0;0;0;0;0;0;0;0;0;0;0;0;0;0;0;0;0;0;0;0;0;0;0;0;3;0;2;1;0;1;2;2015-08-18 18:30:00;3818;0;51;7;25;0;-1;1;-1;-1;-1;-1;-1;-1;1;0;0;0;1;0;-1;0;0;0;0;0;0;0;0;0;0;0;0;0;1;1;0;0;-1;-1;0;0;-1;-1;-1;-1;-1;-1;-1;-1;-1;19;38;57;75;94;32;82;82;50;9.01;5;5.38;2.82;Fram;Selfoss;1.27;0.55;1.38;0.38;1.06;0.81;82;63;44;25;7;75;75;63;0;0;0;744;22;Y;Y;Y;N;N;N;Y
214294;3821;3817;2015;complete;1296;17;-1;14;;1;0;1;3;4;7;3;2;1;0;0;0;5;4;3;3;8;7;16;10;45;55;1;0;0;0;0;0;0;0;0;0;0;0;0;0;0;0;0;0;0;0;0;0;0;0;0;0;0;0;0;0;0;0;0;0;0;0;0;0;0;0;0;0;0;0;0;0;0;0;0;0;0;0;0;0;0;0;0;0;0;0;0;0;0;0;0;0;0;0;0;0;1;1;0;0;0;0;1;2015-08-18 18:30:00;3821;0;68;15;48;0;-1;1;-1;-1;-1;-1;-1;-1;0;0;1;0;0;1;-1;0;0;0;0;0;0;0;0;0;0;0;0;0;1;1;0;0;-1;-1;0;0;-1;-1;-1;-1;-1;-1;-1;-1;-1;22;48;75;87;100;28;75;93;75;7.98;4.27;5.14;3.31;Haukar;Thór;2.27;1.73;2.25;1.43;1.44;1.81;79;52;26;14;0;72;23;17;0;0;0;744;22;Y;N;N;N;N;N;N
214295;3817;3804;2015;complete;1296;18;-1;78;4,47;1;2;3;2;3;5;4;5;2;2;0;0;4;6;3;6;7;12;12;11;47;53;2;2;0;0;0;0;0;0;0;0;0;0;0;0;0;0;0;0;0;0;0;0;0;0;0;0;0;0;0;0;0;0;0;0;0;0;0;0;0;0;0;0;0;0;0;0;0;0;0;0;0;0;0;0;0;0;0;0;0;0;0;0;0;0;0;0;0;0;0;0;3;0;1;1;1;2;1;2015-08-22 14:00:00;3804;0;46;23;18;0;-1;1;-1;-1;-1;-1;-1;-1;0;1;2;1;1;3;-1;0;0;0;0;0;0;0;0;0;0;0;0;0;1;1;0;1;-1;-1;0;1;-1;-1;-1;-1;-1;-1;-1;-1;-1;23;23;40;77;89;35;65;77;41;11.54;2.99;4.35;2.79;Thór;Víkingur Ólafsvík;1.73;2.09;2.11;1.75;1.71;2.41;78;78;61;24;12;59;52;39;0;0;0;744;22;Y;Y;Y;N;N;N;Y
214296;3813;3816;2015;complete;1296;18;-1;35,71;16,42;2;2;4;5;4;9;1;2;3;3;0;0;7;7;7;3;14;10;19;19;56;44;3;3;0;0;0;0;0;0;0;0;0;0;0;0;0;0;0;0;0;0;0;0;0;0;0;0;0;0;0;0;0;0;0;0;0;0;0;0;0;0;0;0;0;0;0;0;0;0;0;0;0;0;0;0;0;0;0;0;0;0;0;0;0;0;0;0;0;0;0;0;4;1;2;1;0;1;3;2015-08-22 14:00:00;-1;0;57;19;38;0;-1;1;-1;-1;-1;-1;-1;-1;0;0;3;3;0;6;-1;0;0;0;0;0;0;0;0;0;0;0;0;0;1;1;0;0;-1;-1;0;0;-1;-1;-1;-1;-1;-1;-1;-1;-1;32;44;76;88;94;44;75;82;76;10.18;4.51;4.38;3.57;Thróttur Reykjavík;Fram;2.64;0.64;3;0.75;2.12;1;69;57;26;13;7;67;67;54;0;0;0;744;22;Y;Y;Y;Y;N;N;Y
214297;3826;3811;2015;complete;1296;18;-1;;3,15,18,87;0;4;4;-1;-1;-1;-1;-1;1;1;0;0;-1;-1;-1;-1;-1;-1;-1;-1;-1;-1;1;1;0;0;0;0;0;0;0;0;0;0;0;0;0;0;0;0;0;0;0;0;0;0;0;0;0;0;0;0;0;0;0;0;0;0;0;0;0;0;0;0;0;0;0;0;0;0;0;0;0;0;0;0;0;0;0;0;0;0;0;0;0;0;0;0;0;0;0;0;4;0;3;0;1;1;3;2015-08-22 14:00:00;3811;0;82;32;57;0;-1;1;-1;-1;-1;-1;-1;-1;0;1;1;0;1;1;-1;0;0;0;0;0;0;0;0;0;0;0;0;0;1;1;0;1;-1;-1;0;0;-1;-1;-1;-1;-1;-1;-1;-1;-1;19;50;82;88;100;44;69;100;63;10.88;0.62;3.88;3.44;BI Bolungarvik;KA;0.82;1.55;0.63;1.25;0.29;1.82;82;50;19;13;0;88;82;32;0;0;0;744;22;Y;Y;Y;Y;N;N;N
214298;3818;3824;2015;complete;1296;18;-1;65,84;59,77;2;2;4;2;8;10;4;2;2;3;0;0;3;4;5;7;8;11;13;14;43;57;2;3;0;0;0;0;0;0;0;0;0;0;0;0;0;0;0;0;0;0;0;0;0;0;0;0;0;0;0;0;0;0;0;0;0;0;0;0;0;0;0;0;0;0;0;0;0;0;0;0;0;0;0;0;0;0;0;0;0;0;0;0;0;0;0;0;0;0;0;0;4;0;0;2;2;4;0;2015-08-22 14:00:00;-1;0;44;7;26;0;-1;1;-1;-1;-1;-1;-1;-1;1;0;1;3;1;4;-1;0;0;0;0;0;0;0;0;0;0;0;0;0;1;1;0;0;-1;-1;1;0;-1;-1;-1;-1;-1;-1;-1;-1;-1;0;26;50;82;100;26;82;88;38;11.25;4.51;6.13;2.57;Selfoss;Fjardabyggd;1.27;1.27;1.25;1.5;0.94;1.53;100;76;50;19;0;94;76;57;0;0;0;744;22;Y;Y;Y;Y;N;N;Y
214299;3819;3821;2015;complete;1296;18;-1;74;5,17,50;1;3;4;15;5;20;0;3;1;1;0;0;5;3;6;2;11;5;9;12;53;47;1;1;0;0;0;0;0;0;0;0;0;0;0;0;0;0;0;0;0;0;0;0;0;0;0;0;0;0;0;0;0;0;0;0;0;0;0;0;0;0;0;0;0;0;0;0;0;0;0;0;0;0;0;0;0;0;0;0;0;0;0;0;0;0;0;0;0;0;0;0;4;0;2;1;1;2;2;2015-08-22 14:00:00;3821;0;32;13;19;0;-1;1;-1;-1;-1;-1;-1;-1;0;0;1;1;0;2;-1;0;0;0;0;0;0;0;0;0;0;0;0;0;1;1;0;1;-1;-1;0;0;-1;-1;-1;-1;-1;-1;-1;-1;-1;0;19;44;57;82;19;69;57;38;6.49;4.13;4.38;2;Grótta;Haukar;0.82;0.82;1.13;0.63;0.88;1.53;100;82;57;44;19;66;66;47;0;0;0;744;22;Y;Y;Y;Y;N;N;Y
214300;3822;3806;2015;complete;1296;18;-1;;9,88;0;2;2;4;5;9;2;1;3;3;0;0;4;4;4;6;8;10;18;15;50;50;3;3;0;0;0;0;0;0;0;0;0;0;0;0;0;0;0;0;0;0;0;0;0;0;0;0;0;0;0;0;0;0;0;0;0;0;0;0;0;0;0;0;0;0;0;0;0;0;0;0;0;0;0;0;0;0;0;0;0;0;0;0;0;0;0;0;0;0;0;0;2;0;1;0;1;1;1;2015-08-22 14:00:00;3806;0;47;30;19;0;-1;1;-1;-1;-1;-1;-1;-1;1;3;2;0;4;2;-1;0;0;0;0;0;0;0;0;0;0;0;0;0;1;1;0;1;-1;-1;0;0;-1;-1;-1;-1;-1;-1;-1;-1;-1;18;36;54;83;100;43;83;95;30;8.56;2.61;5.22;2.91;HK;Grindavík;1.64;1.55;1.5;1.22;1.29;1.59;82;64;46;18;0;53;27;27;0;0;0;744;22;Y;Y;N;N;N;N;N
214301;3821;3818;2015;complete;1296;19;-1;22,43,87;;3;0;3;7;11;18;3;5;4;1;0;0;5;4;5;5;10;9;20;7;48;52;4;1;0;0;0;0;0;0;0;0;0;0;0;0;0;0;0;0;0;0;0;0;0;0;0;0;0;0;0;0;0;0;0;0;0;0;0;0;0;0;0;0;0;0;0;0;0;0;0;0;0;0;0;0;0;0;0;0;0;0;0;0;0;0;0;0;0;0;0;0;3;2;0;1;0;1;2;2015-08-27 18:00:00;3821;0;44;6;22;0;-1;1;-1;-1;-1;-1;-1;-1;1;0;3;1;1;4;-1;0;0;0;0;0;0;0;0;0;0;0;0;0;1;1;0;0;-1;-1;0;0;-1;-1;-1;-1;-1;-1;-1;-1;-1;6;33;62;78;95;34;73;84;50;7.11;4.55;4.56;2.73;Haukar;Selfoss;2.27;0.55;2.33;0.67;1.61;0.94;95;67;39;22;6;67;50;34;0;0;0;744;22;Y;Y;Y;N;N;N;N
214302;3816;3826;2015;complete;1296;19;-1;10,81,85;72;3;1;4;6;4;10;1;3;0;1;0;0;3;4;7;7;10;11;7;9;38;62;0;1;0;0;0;0;0;0;0;0;0;0;0;0;0;0;0;0;0;0;0;0;0;0;0;0;0;0;0;0;0;0;0;0;0;0;0;0;0;0;0;0;0;0;0;0;0;0;0;0;0;0;0;0;0;0;0;0;0;0;0;0;0;0;0;0;0;0;0;0;4;1;0;2;1;3;1;2015-08-29 14:00:00;3816;0;56;11;17;0;-1;1;-1;-1;-1;-1;-1;-1;0;0;0;1;0;1;-1;0;0;0;0;0;0;0;0;0;0;0;0;0;1;1;1;0;-1;-1;0;0;-1;-1;-1;-1;-1;-1;-1;-1;-1;22;22;62;84;100;33;84;89;44;8.88;5.44;4.66;3;Fram;BI Bolungarvik;1.27;0.09;1.22;0;1;0.28;78;78;39;17;0;67;50;50;0;0;0;744;22;Y;Y;Y;Y;N;N;Y
214303;3819;3817;2015;complete;1296;19;-1;;48;0;1;1;1;6;7;2;1;3;3;0;0;3;9;3;3;6;12;18;15;38;62;3;3;0;0;0;0;0;0;0;0;0;0;0;0;0;0;0;0;0;0;0;0;0;0;0;0;0;0;0;0;0;0;0;0;0;0;0;0;0;0;0;0;0;0;0;0;0;0;0;0;0;0;0;0;0;0;0;0;0;0;0;0;0;0;0;0;0;0;0;0;1;0;0;0;1;1;0;2015-08-29 14:00:00;3817;0;49;13;43;0;-1;1;-1;-1;-1;-1;-1;-1;2;1;1;2;3;3;-1;0;0;0;0;0;0;0;0;0;0;0;0;0;1;1;0;0;-1;-1;0;0;-1;-1;-1;-1;-1;-1;-1;-1;-1;19;37;54;60;84;25;72;66;54;9.39;4.24;4.42;2.53;Grótta;Thór;0.82;1.73;1;1.25;0.83;1.61;82;64;46;41;17;73;48;37;0;0;0;744;22;Y;N;N;N;N;N;N
214304;3811;3822;2015;complete;1296;19;-1;41,60,89;;3;0;3;7;4;11;0;6;2;2;0;0;5;3;6;4;11;7;16;15;61;39;2;2;0;0;0;0;0;0;0;0;0;0;0;0;0;0;0;0;0;0;0;0;0;0;0;0;0;0;0;0;0;0;0;0;0;0;0;0;0;0;0;0;0;0;0;0;0;0;0;0;0;0;0;0;0;0;0;0;0;0;0;0;0;0;0;0;0;0;0;0;3;1;0;2;0;2;1;2015-08-29 15:00:00;3811;0;45;22;22;0;-1;1;-1;-1;-1;-1;-1;-1;0;0;2;2;0;4;-1;0;0;0;0;0;0;0;0;0;0;0;0;0;1;1;0;0;-1;-1;0;0;-1;-1;-1;-1;-1;-1;-1;-1;-1;11;28;50;78;95;39;78;78;50;11.64;2.55;4.56;2.67;KA;HK;2.18;1.18;2.33;1.11;1.89;1.22;89;73;50;22;6;89;84;66;0;0;0;744;22;Y;Y;Y;N;N;N;N
214305;3824;3813;2015;complete;1296;19;-1;53;;1;0;1;5;7;12;2;1;3;3;0;0;5;3;6;3;11;6;19;20;43;57;3;3;0;0;0;0;0;0;0;0;0;0;0;0;0;0;0;0;0;0;0;0;0;0;0;0;0;0;0;0;0;0;0;0;0;0;0;0;0;0;0;0;0;0;0;0;0;0;0;0;0;0;0;0;0;0;0;0;0;0;0;0;0;0;0;0;0;0;0;0;1;0;0;1;0;1;0;2015-08-29 15:15:00;3824;0;45;22;22;0;-1;1;-1;-1;-1;-1;-1;-1;0;0;3;3;0;6;-1;0;0;0;0;0;0;0;0;0;0;0;0;0;1;1;0;0;-1;-1;0;0;-1;-1;-1;-1;-1;-1;-1;-1;-1;28;33;62;78;100;44;78;84;50;10.57;2.45;5.67;3.06;Fjardabyggd;Thróttur Reykjavík;1.55;1.36;1.56;1.33;1.5;2.06;73;67;39;22;0;66;52;39;0;0;0;744;22;Y;N;N;N;N;N;N
214306;3806;3804;2015;complete;1296;19;-1;7,85;14,22,40,43,62,72,76;2;7;9;4;6;10;0;1;2;1;0;0;4;4;5;0;9;4;16;10;52;48;2;1;0;0;0;0;0;0;0;0;0;0;0;0;0;0;0;0;0;0;0;0;0;0;0;0;0;0;0;0;0;0;0;0;0;0;0;0;0;0;0;0;0;0;0;0;0;0;0;0;0;0;0;0;0;0;0;0;0;0;0;0;0;0;0;0;0;0;0;0;9;1;4;1;3;4;5;2015-09-01 18:00:00;3804;0;36;18;18;0;-1;1;-1;-1;-1;-1;-1;-1;0;0;2;1;0;3;-1;0;0;0;0;0;0;0;0;0;0;0;0;0;1;1;1;0;-1;-1;0;0;-1;-1;-1;-1;-1;-1;-1;-1;-1;12;25;36;77;95;30;59;89;36;14;3.21;3.1;2.49;Grindavík;Víkingur Ólafsvík;1.73;2.09;2;1.89;1.67;2.44;89;76;64;24;6;69;63;57;0;0;0;744;22;Y;Y;Y;Y;Y;Y;Y
214307;3822;3816;2015;complete;1296;20;-1;90;;1;0;1;1;3;4;5;0;2;2;0;0;0;10;8;5;8;15;10;7;55;45;2;2;0;0;0;0;0;0;0;0;0;0;0;0;0;0;0;0;0;0;0;0;0;0;0;0;0;0;0;0;0;0;0;0;0;0;0;0;0;0;0;0;0;0;0;0;0;0;0;0;0;0;0;0;0;0;0;0;0;0;0;0;0;0;0;0;0;0;0;0;1;0;0;1;0;1;0;2015-09-04 19:00:00;3822;0;61;33;45;0;-1;1;-1;-1;-1;-1;-1;-1;0;0;2;2;0;4;-1;0;0;0;0;0;0;0;1;0;1;0;0;0;1;1;0;0;-1;-1;0;0;-1;-1;-1;-1;-1;-1;-1;-1;-1;28;50;78;89;95;50;84;95;56;8.47;4.12;4.44;3.61;HK;Fram;1.64;0.64;1.33;0.78;1.16;1.11;73;50;22;11;6;71;43;36;0;0;0;744;22;Y;N;N;N;N;N;N
214308;3826;3824;2015;complete;1296;20;-1;34,45;73,85;2;2;4;-1;-1;-1;-1;-1;1;1;0;0;-1;-1;-1;-1;-1;-1;-1;-1;-1;-1;1;1;0;0;0;0;0;0;0;0;0;0;0;0;0;0;0;0;0;0;0;0;0;0;0;0;0;0;0;0;0;0;0;0;0;0;0;0;0;0;0;0;0;0;0;0;0;0;0;0;0;0;0;0;0;0;0;0;0;0;0;0;0;0;0;0;0;0;0;0;4;2;0;0;2;2;2;2015-09-05 14:00:00;-1;0;78;28;50;0;-1;1;-1;-1;-1;-1;-1;-1;0;0;1;1;0;2;-1;0;0;0;0;0;0;0;0;0;0;0;0;0;1;1;0;0;-1;-1;0;0;-1;-1;-1;-1;-1;-1;-1;-1;-1;11;61;89;95;100;50;84;95;62;10.22;1;4.22;3.61;BI Bolungarvik;Fjardabyggd;0.82;1.27;0.56;1.44;0.26;1.58;89;39;11;6;0;100;95;28;0;0;0;744;22;Y;Y;Y;Y;N;N;Y
214309;3804;3811;2015;complete;1296;20;-1;;;0;0;0;0;5;5;6;0;0;0;0;0;3;5;3;4;6;9;9;12;47;53;0;0;0;0;0;0;0;0;0;0;0;0;0;0;0;0;0;0;0;0;0;0;0;0;0;0;0;0;0;0;0;0;0;0;0;0;0;0;0;0;0;0;0;0;0;0;0;0;0;0;0;0;0;0;0;0;0;0;0;0;0;0;0;0;0;0;0;0;0;0;0;0;0;0;0;0;0;2015-09-05 14:00:00;-1;0;45;6;33;0;-1;-1;-1;-1;-1;-1;-1;-1;0;0;0;0;0;0;-1;0;0;0;0;0;0;0;0;0;0;0;0;0;1;1;0;0;-1;-1;-1;-1;-1;-1;-1;-1;-1;-1;-1;-1;-1;11;33;67;78;100;28;73;95;44;12.88;3.22;3.55;2.89;Víkingur Ólafsvík;KA;2.82;1.55;3;1.44;2.47;1.95;89;67;33;22;0;66;48;48;0;0;0;744;22;N;N;N;N;N;N;N
214310;3818;3819;2015;complete;1296;20;-1;37,89;;2;0;2;10;5;15;4;1;3;1;0;0;5;0;5;4;10;4;21;9;59;41;3;1;0;0;0;0;0;0;0;0;0;0;0;0;0;0;0;0;0;0;0;0;0;0;0;0;0;0;0;0;0;0;0;0;0;0;0;0;0;0;0;0;0;0;0;0;0;0;0;0;0;0;0;0;0;0;0;0;0;0;0;0;0;0;0;0;0;0;0;0;2;1;0;1;0;1;1;2015-09-05 14:00:00;3818;0;28;6;17;0;-1;1;-1;-1;-1;-1;-1;-1;0;0;3;1;0;4;-1;0;0;0;0;0;0;0;0;0;0;0;0;0;1;1;0;0;-1;-1;0;0;-1;-1;-1;-1;-1;-1;-1;-1;-1;11;33;39;67;100;11;73;84;39;8.39;4.56;5.11;2.5;Selfoss;Grótta;1.27;0.55;1.22;0.67;0.89;0.79;89;67;62;33;0;76;59;41;0;0;0;744;22;Y;Y;N;N;N;N;N
214311;3806;3817;2015;complete;1296;20;-1;89;54,90;1;2;3;2;1;3;5;1;2;1;0;0;4;5;7;3;11;8;9;10;57;43;2;1;0;0;0;0;0;0;0;0;0;0;0;0;0;0;0;0;0;0;0;0;0;0;0;0;0;0;0;0;0;0;0;0;0;0;0;0;0;0;0;0;0;0;0;0;0;0;0;0;0;0;0;0;0;0;0;0;0;0;0;0;0;0;0;0;0;0;0;0;3;0;0;1;2;3;0;2015-09-05 16:00:00;3817;0;56;28;39;0;-1;1;-1;-1;-1;-1;-1;-1;0;0;2;1;0;3;-1;0;0;0;0;0;0;0;0;0;0;0;0;0;1;1;0;0;-1;-1;0;0;-1;-1;-1;-1;-1;-1;-1;-1;-1;28;50;62;73;100;39;67;89;56;13.15;3.67;4.67;3.33;Grindavík;Thór;1.73;1.73;1.78;1.44;1.58;1.68;73;50;39;28;0;79;57;52;0;0;0;744;22;Y;Y;Y;N;N;N;Y
214312;3816;3804;2015;complete;1296;21;-1;;61,69,76,80;0;4;4;4;6;10;1;5;2;1;0;0;2;4;4;9;6;13;11;6;34;66;2;1;0;0;0;0;0;0;0;0;0;0;0;0;0;0;0;0;0;0;0;0;0;0;0;0;0;0;0;0;0;0;0;0;0;0;0;0;0;0;0;0;0;0;0;0;0;0;0;0;0;0;0;0;0;0;0;0;0;0;0;0;0;0;0;0;0;0;0;0;4;0;0;0;4;4;0;2015-09-12 13:00:00;3804;0;55;10;30;0;-1;1;-1;-1;-1;-1;-1;-1;1;0;1;1;1;2;-1;0;0;0;0;0;0;0;0;0;0;0;0;0;1;1;0;0;-1;-1;0;0;-1;-1;-1;-1;-1;-1;-1;-1;-1;20;25;45;80;95;25;80;85;45;10.61;3.6;3.2;2.9;Fram;Víkingur Ólafsvík;1.27;2.09;1.4;2;1.05;2.4;80;75;55;20;5;62;57;41;0;0;0;744;22;Y;Y;Y;Y;N;N;N
214313;3821;3826;2015;complete;1296;21;-1;76,90;9,61;2;2;4;4;3;7;4;5;2;3;0;0;10;5;6;2;16;7;12;18;57;43;2;3;0;0;0;0;0;0;0;0;0;0;0;0;0;0;0;0;0;0;0;0;0;0;0;0;0;0;0;0;0;0;0;0;0;0;0;0;0;0;0;0;0;0;0;0;0;0;0;0;0;0;0;0;0;0;0;0;0;0;0;0;0;0;0;0;0;0;0;0;4;0;1;2;1;3;1;2015-09-12 13:00:00;-1;0;45;10;20;0;-1;1;-1;-1;-1;-1;-1;-1;0;0;2;3;0;5;-1;0;0;0;0;0;0;0;1;1;1;1;0;0;1;1;0;1;-1;-1;0;0;-1;-1;-1;-1;-1;-1;-1;-1;-1;10;25;65;85;100;30;75;90;50;7.2;5.3;4.4;2.95;Haukar;BI Bolungarvik;2.27;0.09;2.4;0;1.68;0.3;90;75;35;15;0;60;30;20;0;0;0;744;22;Y;Y;Y;Y;N;N;Y
214314;3811;3806;2015;complete;1296;21;-1;90;30,39,90;1;3;4;10;4;14;2;6;3;1;0;0;4;6;8;2;12;8;9;14;58;42;3;1;0;0;0;0;0;0;0;0;0;0;0;0;0;0;0;0;0;0;0;0;0;0;0;0;0;0;0;0;0;0;0;0;0;0;0;0;0;0;0;0;0;0;0;0;0;0;0;0;0;0;0;0;0;0;0;0;0;0;0;0;0;0;0;0;0;0;0;0;4;0;2;1;1;2;2;2015-09-12 13:00:00;3806;0;50;25;15;0;-1;1;-1;-1;-1;-1;-1;-1;1;0;2;1;1;3;-1;0;0;0;0;0;0;0;0;0;0;0;0;0;1;1;0;0;-1;-1;0;0;-1;-1;-1;-1;-1;-1;-1;-1;-1;15;30;45;80;100;30;90;80;40;12.28;2.4;5;2.75;KA;Grindavík;2.18;1.55;2.4;1.4;1.9;1.5;85;70;55;20;0;65;48;38;0;0;0;744;22;Y;Y;Y;Y;N;N;Y
214315;3818;3817;2015;complete;1296;21;-1;22,30;14,33,46;2;3;5;1;7;8;1;1;4;3;0;0;6;4;1;4;7;8;17;12;47;53;4;3;0;0;0;0;0;0;0;0;0;0;0;0;0;0;0;0;0;0;0;0;0;0;0;0;0;0;0;0;0;0;0;0;0;0;0;0;0;0;0;0;0;0;0;0;0;0;0;0;0;0;0;0;0;0;0;0;0;0;0;0;0;0;0;0;0;0;0;0;5;2;2;0;1;1;4;2015-09-12 13:00:00;3817;0;50;10;40;0;-1;1;-1;-1;-1;-1;-1;-1;2;0;2;3;2;5;-1;0;0;0;0;0;0;0;0;0;0;0;0;0;1;1;0;0;-1;-1;0;0;-1;-1;-1;-1;-1;-1;-1;-1;-1;15;35;50;75;100;20;70;85;50;9.65;4.8;5.7;2.75;Selfoss;Thór;1.27;1.73;1.4;1.6;1;1.75;85;65;50;25;0;70;42;32;0;0;0;744;22;Y;Y;Y;Y;Y;N;Y
214316;3824;3822;2015;complete;1296;21;-1;;38,43,58,83;0;4;4;-1;-1;-1;-1;-1;2;1;1;0;-1;-1;-1;-1;-1;-1;-1;-1;-1;-1;4;1;0;0;0;0;0;0;0;0;0;0;0;0;0;0;0;0;0;0;0;0;0;0;0;0;0;0;0;0;0;0;0;0;0;0;0;0;0;0;0;0;0;0;0;0;0;0;0;0;0;0;0;0;0;0;0;0;0;0;0;0;0;0;0;0;0;0;0;0;4;0;2;0;2;2;2;2015-09-12 13:00:00;3822;0;25;15;20;0;-1;1;-1;-1;-1;-1;-1;-1;1;0;2;1;1;3;-1;0;0;0;0;0;0;0;0;1;0;1;0;0;1;1;0;0;-1;-1;0;0;-1;-1;-1;-1;-1;-1;-1;-1;-1;10;20;50;75;95;35;60;85;50;9.3;3.2;5.3;2.55;Fjardabyggd;HK;1.55;1.18;1.7;1;1.55;1.25;90;80;50;25;5;75;69;57;0;0;0;744;22;Y;Y;Y;Y;N;N;N
214317;3819;3813;2015;complete;1296;21;-1;;23,28,63,65,83;0;5;5;4;10;14;3;0;4;1;0;0;3;13;5;7;8;20;19;12;44;56;4;1;0;0;0;0;0;0;0;0;0;0;0;0;0;0;0;0;0;0;0;0;0;0;0;0;0;0;0;0;0;0;0;0;0;0;0;0;0;0;0;0;0;0;0;0;0;0;0;0;0;0;0;0;0;0;0;0;0;0;0;0;0;0;0;0;0;0;0;0;5;0;2;0;3;3;2;2015-09-12 13:00:00;3813;0;35;10;15;0;-1;1;-1;-1;-1;-1;-1;-1;1;0;3;1;1;4;-1;0;0;0;0;0;0;0;0;0;0;0;0;0;1;1;0;0;-1;-1;0;0;-1;-1;-1;-1;-1;-1;-1;-1;-1;15;20;45;55;85;25;65;75;35;10.61;3;4.9;2.2;Grótta;Thróttur Reykjavík;0.82;1.36;0.9;1.2;0.75;1.95;85;80;55;45;15;80;74;59;0;0;0;744;22;Y;Y;Y;Y;Y;N;N
214318;3813;3821;2015;complete;1296;20;-1;44;14;1;1;2;10;2;12;5;1;0;6;0;1;7;8;9;1;16;9;8;18;56;44;0;7;0;0;0;0;0;0;0;0;0;0;0;0;0;0;0;0;0;0;0;0;0;0;0;0;0;0;0;0;0;0;0;0;0;0;0;0;0;0;0;0;0;0;0;0;0;0;0;0;0;0;0;0;0;0;0;0;0;0;0;0;0;0;0;0;0;0;0;0;2;1;1;0;0;0;2;2015-09-15 17:15:00;-1;0;50;22;22;0;-1;1;-1;-1;-1;-1;-1;-1;0;1;0;6;1;6;-1;0;0;0;0;0;0;0;0;0;0;0;0;0;1;1;0;0;-1;-1;0;0;-1;-1;-1;-1;-1;-1;-1;-1;-1;11;44;67;84;100;50;84;73;56;7.91;3.67;4.66;3.06;Thróttur Reykjavík;Haukar;2.64;0.82;2.78;0.89;2;1.65;89;56;33;17;0;65;60;47;0;0;0;744;22;Y;Y;N;N;N;N;Y
214319;3806;3816;2015;complete;1296;22;-1;12,30,35,44,61,67,82;7,66;7;2;9;-1;-1;-1;-1;-1;2;3;0;0;-1;-1;-1;-1;-1;-1;-1;-1;-1;-1;2;3;0;0;0;0;0;0;0;0;0;0;0;0;0;0;0;0;0;0;0;0;0;0;0;0;0;0;0;0;0;0;0;0;0;0;0;0;0;0;0;0;0;0;0;0;0;0;0;0;0;0;0;0;0;0;0;0;0;0;0;0;0;0;0;0;0;0;0;0;9;4;1;3;1;4;5;2015-09-19 14:00:00;3806;0;60;30;40;0;-1;1;-1;-1;-1;-1;-1;-1;0;0;2;3;0;5;-1;0;0;0;0;0;0;0;0;0;0;0;0;0;1;1;0;1;-1;-1;0;0;-1;-1;-1;-1;-1;-1;-1;-1;-1;25;45;70;80;95;40;60;95;60;12.8;4.3;4.2;3.55;Grindavík;Fram;1.73;0.64;1.6;0.7;1.57;1;75;55;30;20;5;79;73;62;0;0;0;744;22;Y;Y;Y;Y;Y;Y;Y
214320;3826;3819;2015;complete;1296;22;-1;45,59;54;2;1;3;-1;-1;-1;-1;-1;1;0;0;1;-1;-1;-1;-1;-1;-1;-1;-1;-1;-1;1;2;0;0;0;0;0;0;0;0;0;0;0;0;0;0;0;0;0;0;0;0;0;0;0;0;0;0;0;0;0;0;0;0;0;0;0;0;0;0;0;0;0;0;0;0;0;0;0;0;0;0;0;0;0;0;0;0;0;0;0;0;0;0;0;0;0;0;0;0;3;1;0;1;1;2;1;2015-09-19 14:00:00;3826;0;55;25;30;0;-1;1;-1;-1;-1;-1;-1;-1;0;0;1;1;0;2;-1;0;0;0;0;0;0;0;0;0;0;0;0;0;1;1;0;0;-1;-1;0;0;-1;-1;-1;-1;-1;-1;-1;-1;-1;20;60;70;80;100;40;85;90;55;7.67;0.8;3.2;3.35;BI Bolungarvik;Grótta;0.82;0.55;0.6;0.6;0.33;0.71;80;40;30;20;0;84;78;22;0;0;0;744;22;Y;Y;Y;N;N;N;Y
214321;3804;3824;2015;complete;1296;22;-1;27,34,36,52,71,90;50,67;6;2;8;-1;-1;-1;-1;-1;0;2;0;0;-1;-1;-1;-1;-1;-1;-1;-1;-1;-1;0;2;0;0;0;0;0;0;0;0;0;0;0;0;0;0;0;0;0;0;0;0;0;0;0;0;0;0;0;0;0;0;0;0;0;0;0;0;0;0;0;0;0;0;0;0;0;0;0;0;0;0;0;0;0;0;0;0;0;0;0;0;0;0;0;0;0;0;0;0;8;3;0;3;2;5;3;2015-09-19 14:00:00;3804;0;50;5;30;0;-1;1;-1;-1;-1;-1;-1;-1;0;0;0;2;0;2;-1;0;0;0;0;0;0;0;0;0;0;0;0;0;1;1;0;0;-1;-1;0;0;-1;-1;-1;-1;-1;-1;-1;-1;-1;5;40;70;80;95;30;80;85;50;11.62;4;3.8;2.9;Víkingur Ólafsvík;Fjardabyggd;2.82;1.27;2.8;1.4;2.43;1.48;95;60;30;20;5;75;60;43;0;0;0;744;22;Y;Y;Y;Y;Y;Y;Y
214322;3813;3818;2015;complete;1296;22;-1;38;;1;0;1;-1;-1;-1;-1;-1;0;4;0;0;-1;-1;-1;-1;-1;-1;-1;-1;-1;-1;0;4;0;0;0;0;0;0;0;0;0;0;0;0;0;0;0;0;0;0;0;0;0;0;0;0;0;0;0;0;0;0;0;0;0;0;0;0;0;0;0;0;0;0;0;0;0;0;0;0;0;0;0;0;0;0;0;0;0;0;0;0;0;0;0;0;0;0;0;0;1;1;0;0;0;0;1;2015-09-19 14:00:00;3813;0;45;20;15;0;-1;1;-1;-1;-1;-1;-1;-1;0;2;0;2;2;2;-1;0;0;0;0;0;0;0;0;0;0;0;0;0;1;1;0;0;-1;-1;0;0;-1;-1;-1;-1;-1;-1;-1;-1;-1;15;40;65;85;95;60;80;75;45;9.8;4.7;4.5;3;Thróttur Reykjavík;Selfoss;2.64;0.55;2.6;0.6;1.95;0.95;85;60;35;15;5;75;70;55;0;0;0;744;22;Y;N;N;N;N;N;N
214323;3822;3821;2015;complete;1296;22;-1;12,70;;2;0;2;-1;-1;-1;-1;-1;2;2;0;0;-1;-1;-1;-1;-1;-1;-1;-1;-1;-1;2;2;0;0;0;0;0;0;0;0;0;0;0;0;0;0;0;0;0;0;0;0;0;0;0;0;0;0;0;0;0;0;0;0;0;0;0;0;0;0;0;0;0;0;0;0;0;0;0;0;0;0;0;0;0;0;0;0;0;0;0;0;0;0;0;0;0;0;0;0;2;1;0;1;0;1;1;2015-09-19 14:00:00;3822;0;50;30;30;0;-1;1;-1;-1;-1;-1;-1;-1;1;0;1;2;1;3;-1;0;0;0;0;0;0;0;0;0;0;0;0;0;1;1;0;0;-1;-1;0;0;-1;-1;-1;-1;-1;-1;-1;-1;-1;10;40;60;80;100;50;85;80;40;6;3.7;5;2.9;HK;Haukar;1.64;0.82;1.5;0.9;1.33;1.62;90;60;40;20;0;64;44;38;0;0;0;744;22;Y;Y;N;N;N;N;N
214324;3817;3811;2015;complete;1296;22;-1;;25,48,78;0;3;3;-1;-1;-1;-1;-1;4;2;2;0;-1;-1;-1;-1;-1;-1;-1;-1;-1;-1;7;2;0;0;0;0;0;0;0;0;0;0;0;0;0;0;0;0;0;0;0;0;0;0;0;0;0;0;0;0;0;0;0;0;0;0;0;0;0;0;0;0;0;0;0;0;0;0;0;0;0;0;0;0;0;0;0;0;0;0;0;0;0;0;0;0;0;0;0;0;3;0;1;0;2;2;1;2015-09-19 14:00:00;3811;0;60;20;35;0;-1;1;-1;-1;-1;-1;-1;-1;0;0;6;2;0;8;-1;0;0;0;0;0;0;0;0;0;0;0;0;0;1;1;0;0;-1;-1;0;0;-1;-1;-1;-1;-1;-1;-1;-1;-1;20;30;65;75;90;35;60;85;50;12.45;3.4;5.2;3;Thór;KA;1.73;1.55;1.9;1.4;1.81;1.81;80;70;35;25;10;67;62;56;0;0;0;744;22;Y;Y;Y;N;N;N;N
