ID;HOMEID;AWAYID;SEASON;STATUS;ROUNDID;GAME_WEEK;REVISED_GAME_WEEK;HOMEGOALS;AWAYGOALS;HOMEGOALCOUNT;AWAYGOALCOUNT;TOTALGOALCOUNT;TEAM_A_CORNERS;TEAM_B_CORNERS;TOTALCORNERCOUNT;TEAM_A_OFFSIDES;TEAM_B_OFFSIDES;TEAM_A_YELLOW_CARDS;TEAM_B_YELLOW_CARDS;TEAM_A_RED_CARDS;TEAM_B_RED_CARDS;TEAM_A_SHOTSONTARGET;TEAM_B_SHOTSONTARGET;TEAM_A_SHOTSOFFTARGET;TEAM_B_SHOTSOFFTARGET;TEAM_A_SHOTS;TEAM_B_SHOTS;TEAM_A_FOULS;TEAM_B_FOULS;TEAM_A_POSSESSION;TEAM_B_POSSESSION;TEAM_A_CARDS_NUM;TEAM_B_CARDS_NUM;ODDS_FT_1;ODDS_FT_X;ODDS_FT_2;ODDS_FT_OVER05;ODDS_FT_OVER15;ODDS_FT_OVER25;ODDS_FT_OVER35;ODDS_FT_OVER45;ODDS_FT_UNDER05;ODDS_FT_UNDER15;ODDS_FT_UNDER25;ODDS_FT_UNDER35;ODDS_FT_UNDER45;ODDS_BTTS_YES;ODDS_BTTS_NO;ODDS_TEAM_A_CS_YES;ODDS_TEAM_A_CS_NO;ODDS_TEAM_B_CS_YES;ODDS_TEAM_B_CS_NO;ODDS_DOUBLECHANCE_1X;ODDS_DOUBLECHANCE_12;ODDS_DOUBLECHANCE_X2;ODDS_1ST_HALF_RESULT_1;ODDS_1ST_HALF_RESULT_X;ODDS_1ST_HALF_RESULT_2;ODDS_2ND_HALF_RESULT_1;ODDS_2ND_HALF_RESULT_X;ODDS_2ND_HALF_RESULT_2;ODDS_DNB_1;ODDS_DNB_2;ODDS_CORNERS_OVER_75;ODDS_CORNERS_OVER_85;ODDS_CORNERS_OVER_95;ODDS_CORNERS_OVER_105;ODDS_CORNERS_OVER_115;ODDS_CORNERS_UNDER_75;ODDS_CORNERS_UNDER_85;ODDS_CORNERS_UNDER_95;ODDS_CORNERS_UNDER_105;ODDS_CORNERS_UNDER_115;ODDS_CORNERS_1;ODDS_CORNERS_X;ODDS_CORNERS_2;ODDS_TEAM_TO_SCORE_FIRST_1;ODDS_TEAM_TO_SCORE_FIRST_X;ODDS_TEAM_TO_SCORE_FIRST_2;ODDS_WIN_TO_NIL_1;ODDS_WIN_TO_NIL_2;ODDS_1ST_HALF_OVER05;ODDS_1ST_HALF_OVER15;ODDS_1ST_HALF_OVER25;ODDS_1ST_HALF_OVER35;ODDS_1ST_HALF_UNDER05;ODDS_1ST_HALF_UNDER15;ODDS_1ST_HALF_UNDER25;ODDS_1ST_HALF_UNDER35;ODDS_2ND_HALF_OVER05;ODDS_2ND_HALF_OVER15;ODDS_2ND_HALF_OVER25;ODDS_2ND_HALF_OVER35;ODDS_2ND_HALF_UNDER05;ODDS_2ND_HALF_UNDER15;ODDS_2ND_HALF_UNDER25;ODDS_2ND_HALF_UNDER35;ODDS_BTTS_1ST_HALF_YES;ODDS_BTTS_1ST_HALF_NO;ODDS_BTTS_2ND_HALF_YES;ODDS_BTTS_2ND_HALF_NO;OVERALLGOALCOUNT;HT_GOALS_TEAM_A;HT_GOALS_TEAM_B;GOALS_2HG_TEAM_A;GOALS_2HG_TEAM_B;GOALCOUNT_2HG;HTGOALCOUNT;DATE_UNIX;WINNINGTEAM;NO_HOME_AWAY;BTTS_POTENTIAL;BTTS_FHG_POTENTIAL;BTTS_2HG_POTENTIAL;GOALTIMINGDISABLED;CORNER_TIMINGS_RECORDED;CARD_TIMINGS_RECORDED;TEAM_A_FH_CORNERS;TEAM_B_FH_CORNERS;TEAM_A_2H_CORNERS;TEAM_B_2H_CORNERS;CORNER_FH_COUNT;CORNER_2H_COUNT;TEAM_A_FH_CARDS;TEAM_B_FH_CARDS;TEAM_A_2H_CARDS;TEAM_B_2H_CARDS;TOTAL_FH_CARDS;TOTAL_2H_CARDS;ATTACKS_RECORDED;TEAM_A_DANGEROUS_ATTACKS;TEAM_B_DANGEROUS_ATTACKS;TEAM_A_ATTACKS;TEAM_B_ATTACKS;TEAM_A_XG;TEAM_B_XG;TOTAL_XG;TEAM_A_PENALTIES_WON;TEAM_B_PENALTIES_WON;TEAM_A_PENALTY_GOALS;TEAM_B_PENALTY_GOALS;TEAM_A_PENALTY_MISSED;TEAM_B_PENALTY_MISSED;PENS_RECORDED;GOAL_TIMINGS_RECORDED;TEAM_A_0_10_MIN_GOALS;TEAM_B_0_10_MIN_GOALS;TEAM_A_CORNERS_0_10_MIN;TEAM_B_CORNERS_0_10_MIN;TEAM_A_CARDS_0_10_MIN;TEAM_B_CARDS_0_10_MIN;THROWINS_RECORDED;TEAM_A_THROWINS;TEAM_B_THROWINS;FREEKICKS_RECORDED;TEAM_A_FREEKICKS;TEAM_B_FREEKICKS;GOALKICKS_RECORDED;TEAM_A_GOALKICKS;TEAM_B_GOALKICKS;O45_POTENTIAL;O35_POTENTIAL;O25_POTENTIAL;O15_POTENTIAL;O05_POTENTIAL;O15HT_POTENTIAL;O05HT_POTENTIAL;O05_2H_POTENTIAL;O15_2H_POTENTIAL;CORNERS_POTENTIAL;OFFSIDES_POTENTIAL;CARDS_POTENTIAL;AVG_POTENTIAL;HOME_NAME;AWAY_NAME;HOME_PPG;AWAY_PPG;PRE_MATCH_HOME_PPG;PRE_MATCH_AWAY_PPG;PRE_MATCH_TEAMA_OVERALL_PPG;PRE_MATCH_TEAMB_OVERALL_PPG;U45_POTENTIAL;U35_POTENTIAL;U25_POTENTIAL;U15_POTENTIAL;U05_POTENTIAL;CORNERS_O85_POTENTIAL;CORNERS_O95_POTENTIAL;CORNERS_O105_POTENTIAL;TEAM_A_XG_PREMATCH;TEAM_B_XG_PREMATCH;TOTAL_XG_PREMATCH;COMPETITION_ID;MATCHES_COMPLETED_MINIMUM;OVER05;OVER15;OVER25;OVER35;OVER45;OVER55;BTTS
214457;3814;3828;2013;complete;1298;1;-1;80;78;1;1;2;-1;-1;-1;-1;-1;2;1;0;0;-1;-1;-1;-1;-1;-1;-1;-1;-1;-1;2;1;0;0;0;0;0;0;0;0;0;0;0;0;0;0;0;0;0;0;0;0;0;0;0;0;0;0;0;0;0;0;0;0;0;0;0;0;0;0;0;0;0;0;0;0;0;0;0;0;0;0;0;0;0;0;0;0;0;0;0;0;0;0;0;0;0;0;0;0;2;0;0;1;1;2;0;2013-05-09 14:00:00;-1;0;0;0;0;0;-1;1;-1;-1;-1;-1;-1;-1;2;0;0;1;2;1;-1;0;0;0;0;0;0;0;0;0;0;0;0;0;1;1;0;0;-1;-1;0;0;-1;-1;-1;-1;-1;-1;-1;-1;-1;0;0;0;0;0;0;0;0;0;0;0;0;0;Leiknir Reykjavík;Tindastóll;1.73;0.91;0;0;0;0;0;0;0;0;0;0;0;0;0;0;0;746;22;Y;Y;N;N;N;N;Y
214458;3806;3810;2013;complete;1298;1;-1;75;11,84;1;2;3;-1;-1;-1;-1;-1;1;0;0;0;-1;-1;-1;-1;-1;-1;-1;-1;-1;-1;1;0;0;0;0;0;0;0;0;0;0;0;0;0;0;0;0;0;0;0;0;0;0;0;0;0;0;0;0;0;0;0;0;0;0;0;0;0;0;0;0;0;0;0;0;0;0;0;0;0;0;0;0;0;0;0;0;0;0;0;0;0;0;0;0;0;0;0;0;0;3;0;1;1;1;2;1;2013-05-09 14:00:00;3810;0;0;0;0;0;-1;1;-1;-1;-1;-1;-1;-1;0;0;1;0;0;1;-1;0;0;0;0;0;0;0;0;0;0;0;0;0;1;1;0;0;-1;-1;0;0;-1;-1;-1;-1;-1;-1;-1;-1;-1;0;0;0;0;0;0;0;0;0;0;0;0;0;Grindavík;Víkingur Reykjavík;2;2.09;0;0;0;0;0;0;0;0;0;0;0;0;0;0;0;746;22;Y;Y;Y;N;N;N;Y
214459;3830;3826;2013;complete;1298;1;-1;;34;0;1;1;-1;-1;-1;-1;-1;4;3;0;0;-1;-1;-1;-1;-1;-1;-1;-1;-1;-1;4;3;0;0;0;0;0;0;0;0;0;0;0;0;0;0;0;0;0;0;0;0;0;0;0;0;0;0;0;0;0;0;0;0;0;0;0;0;0;0;0;0;0;0;0;0;0;0;0;0;0;0;0;0;0;0;0;0;0;0;0;0;0;0;0;0;0;0;0;0;1;0;1;0;0;0;1;2013-05-09 14:00:00;3826;0;0;0;0;0;-1;1;-1;-1;-1;-1;-1;-1;0;2;4;1;2;5;-1;0;0;0;0;0;0;0;0;0;0;0;0;0;1;1;0;0;-1;-1;0;0;-1;-1;-1;-1;-1;-1;-1;-1;-1;0;0;0;0;0;0;0;0;0;0;0;0;0;Völsungur;BI Bolungarvik;0.09;1.36;0;0;0;0;0;0;0;0;0;0;0;0;0;0;0;746;22;Y;N;N;N;N;N;N
214460;3813;3821;2013;complete;1298;1;-1;74;32,34;1;2;3;-1;-1;-1;-1;-1;2;3;0;0;-1;-1;-1;-1;-1;-1;-1;-1;-1;-1;2;3;0;0;0;0;0;0;0;0;0;0;0;0;0;0;0;0;0;0;0;0;0;0;0;0;0;0;0;0;0;0;0;0;0;0;0;0;0;0;0;0;0;0;0;0;0;0;0;0;0;0;0;0;0;0;0;0;0;0;0;0;0;0;0;0;0;0;0;0;3;0;2;1;0;1;2;2013-05-09 14:00:00;3821;0;0;0;0;0;-1;1;-1;-1;-1;-1;-1;-1;2;1;0;2;3;2;-1;0;0;0;0;0;0;0;0;0;0;0;0;0;1;1;0;0;-1;-1;0;0;-1;-1;-1;-1;-1;-1;-1;-1;-1;0;0;0;0;0;0;0;0;0;0;0;0;0;Thróttur Reykjavík;Haukar;0.91;1.55;0;0;0;0;0;0;0;0;0;0;0;0;0;0;0;746;22;Y;Y;Y;N;N;N;Y
214461;3818;3811;2013;complete;1298;1;-1;;16;0;1;1;-1;-1;-1;-1;-1;2;2;0;0;-1;-1;-1;-1;-1;-1;-1;-1;-1;-1;2;2;0;0;0;0;0;0;0;0;0;0;0;0;0;0;0;0;0;0;0;0;0;0;0;0;0;0;0;0;0;0;0;0;0;0;0;0;0;0;0;0;0;0;0;0;0;0;0;0;0;0;0;0;0;0;0;0;0;0;0;0;0;0;0;0;0;0;0;0;1;0;1;0;0;0;1;2013-05-09 15:00:00;3811;0;0;0;0;0;-1;1;-1;-1;-1;-1;-1;-1;0;2;2;0;2;2;-1;0;0;0;0;0;0;0;0;1;0;1;0;0;1;1;0;0;-1;-1;0;0;-1;-1;-1;-1;-1;-1;-1;-1;-1;0;0;0;0;0;0;0;0;0;0;0;0;0;Selfoss;KA;1.45;1.27;0;0;0;0;0;0;0;0;0;0;0;0;0;0;0;746;22;Y;N;N;N;N;N;N
214462;3808;3829;2013;complete;1298;1;-1;53,90;30;2;1;3;-1;-1;-1;-1;-1;0;3;0;0;-1;-1;-1;-1;-1;-1;-1;-1;-1;-1;0;3;0;0;0;0;0;0;0;0;0;0;0;0;0;0;0;0;0;0;0;0;0;0;0;0;0;0;0;0;0;0;0;0;0;0;0;0;0;0;0;0;0;0;0;0;0;0;0;0;0;0;0;0;0;0;0;0;0;0;0;0;0;0;0;0;0;0;0;0;3;0;1;2;0;2;1;2013-05-09 16:00:00;3808;0;0;0;0;0;-1;1;-1;-1;-1;-1;-1;-1;0;1;0;2;1;2;-1;0;0;0;0;0;0;0;0;0;0;0;0;0;1;1;0;0;-1;-1;0;1;-1;-1;-1;-1;-1;-1;-1;-1;-1;0;0;0;0;0;0;0;0;0;0;0;0;0;Fjölnir;KF;1.55;0.82;0;0;0;0;0;0;0;0;0;0;0;0;0;0;0;746;22;Y;Y;Y;N;N;N;Y
214463;3821;3806;2013;complete;1298;2;-1;;34;0;1;1;-1;-1;-1;-1;-1;3;3;0;0;-1;-1;-1;-1;-1;-1;-1;-1;-1;-1;3;3;0;0;0;0;0;0;0;0;0;0;0;0;0;0;0;0;0;0;0;0;0;0;0;0;0;0;0;0;0;0;0;0;0;0;0;0;0;0;0;0;0;0;0;0;0;0;0;0;0;0;0;0;0;0;0;0;0;0;0;0;0;0;0;0;0;0;0;0;1;0;1;0;0;0;1;2013-05-17 19:15:00;3806;0;0;0;0;0;-1;1;-1;-1;-1;-1;-1;-1;0;0;3;3;0;6;-1;0;0;0;0;0;0;0;0;0;0;0;0;0;1;1;0;0;-1;-1;0;0;-1;-1;-1;-1;-1;-1;-1;-1;-1;0;0;0;0;0;0;0;0;0;0;0;0;0;Haukar;Grindavík;2.27;1.82;0;0;3;0;0;0;0;0;0;0;0;0;0;0;0;746;22;Y;N;N;N;N;N;N
214464;3810;3818;2013;complete;1298;2;-1;86;27,50;1;2;3;-1;-1;-1;-1;-1;1;3;0;1;-1;-1;-1;-1;-1;-1;-1;-1;-1;-1;1;4;0;0;0;0;0;0;0;0;0;0;0;0;0;0;0;0;0;0;0;0;0;0;0;0;0;0;0;0;0;0;0;0;0;0;0;0;0;0;0;0;0;0;0;0;0;0;0;0;0;0;0;0;0;0;0;0;0;0;0;0;0;0;0;0;0;0;0;0;3;0;1;1;1;2;1;2013-05-17 19:15:00;3818;0;0;0;0;0;-1;1;-1;-1;-1;-1;-1;-1;1;1;0;3;2;3;-1;0;0;0;0;0;0;0;0;0;0;0;0;0;1;1;0;0;-1;-1;0;0;-1;-1;-1;-1;-1;-1;-1;-1;-1;0;0;0;0;0;0;0;0;0;0;0;0;0;Víkingur Reykjavík;Selfoss;1.73;1;0;0;3;0;0;0;0;0;0;0;0;0;0;0;0;746;22;Y;Y;Y;N;N;N;Y
214465;3811;3808;2013;complete;1298;2;-1;60;89;1;1;2;-1;-1;-1;-1;-1;0;2;0;0;-1;-1;-1;-1;-1;-1;-1;-1;-1;-1;0;2;0;0;0;0;0;0;0;0;0;0;0;0;0;0;0;0;0;0;0;0;0;0;0;0;0;0;0;0;0;0;0;0;0;0;0;0;0;0;0;0;0;0;0;0;0;0;0;0;0;0;0;0;0;0;0;0;0;0;0;0;0;0;0;0;0;0;0;0;2;0;0;1;1;2;0;2013-05-18 14:00:00;-1;0;0;0;0;0;-1;1;-1;-1;-1;-1;-1;-1;0;0;0;2;0;2;-1;0;0;0;0;0;0;0;0;0;0;0;0;0;1;1;0;0;-1;-1;0;0;-1;-1;-1;-1;-1;-1;-1;-1;-1;0;0;0;0;0;0;0;0;0;0;0;0;0;KA;Fjölnir;1.64;2.36;0;0;3;3;0;0;0;0;0;0;0;0;0;0;0;746;22;Y;Y;N;N;N;N;Y
214466;3826;3813;2013;complete;1298;2;-1;13,21;90;2;1;3;-1;-1;-1;-1;-1;3;2;0;0;-1;-1;-1;-1;-1;-1;-1;-1;-1;-1;3;2;0;0;0;0;0;0;0;0;0;0;0;0;0;0;0;0;0;0;0;0;0;0;0;0;0;0;0;0;0;0;0;0;0;0;0;0;0;0;0;0;0;0;0;0;0;0;0;0;0;0;0;0;0;0;0;0;0;0;0;0;0;0;0;0;0;0;0;0;3;2;0;0;1;1;2;2013-05-18 15:00:00;3826;0;0;0;0;0;-1;1;-1;-1;-1;-1;-1;-1;0;0;3;2;0;5;-1;0;0;0;0;0;0;0;0;0;0;0;0;0;1;1;0;0;-1;-1;0;0;-1;-1;-1;-1;-1;-1;-1;-1;-1;0;0;0;0;0;0;0;0;0;0;0;0;0;BI Bolungarvik;Thróttur Reykjavík;2.27;1.18;0;0;3;0;0;0;0;0;0;0;0;0;0;0;0;746;22;Y;Y;Y;N;N;N;Y
214467;3814;3829;2013;complete;1298;2;-1;41;2;1;1;2;-1;-1;-1;-1;-1;1;3;0;0;-1;-1;-1;-1;-1;-1;-1;-1;-1;-1;1;3;0;0;0;0;0;0;0;0;0;0;0;0;0;0;0;0;0;0;0;0;0;0;0;0;0;0;0;0;0;0;0;0;0;0;0;0;0;0;0;0;0;0;0;0;0;0;0;0;0;0;0;0;0;0;0;0;0;0;0;0;0;0;0;0;0;0;0;0;2;1;1;0;0;0;2;2013-05-18 16:00:00;-1;0;100;0;50;0;-1;1;-1;-1;-1;-1;-1;-1;1;1;0;2;2;2;-1;0;0;0;0;0;0;0;0;0;0;0;0;0;1;1;0;1;-1;-1;0;0;-1;-1;-1;-1;-1;-1;-1;-1;-1;0;0;50;100;100;0;50;100;100;0;0;5;2.5;Leiknir Reykjavík;KF;1.73;0.82;1;0;1;0;100;100;50;0;0;0;0;0;0;0;0;746;22;Y;Y;N;N;N;N;Y
214468;3828;3830;2013;complete;1298;2;-1;39;5;1;1;2;-1;-1;-1;-1;-1;1;2;0;0;-1;-1;-1;-1;-1;-1;-1;-1;-1;-1;1;2;0;0;0;0;0;0;0;0;0;0;0;0;0;0;0;0;0;0;0;0;0;0;0;0;0;0;0;0;0;0;0;0;0;0;0;0;0;0;0;0;0;0;0;0;0;0;0;0;0;0;0;0;0;0;0;0;0;0;0;0;0;0;0;0;0;0;0;0;2;1;1;0;0;0;2;2013-05-18 17:00:00;-1;0;0;0;0;0;-1;1;-1;-1;-1;-1;-1;-1;0;1;1;1;1;2;-1;0;0;0;0;0;0;0;0;1;0;1;0;0;1;1;0;1;-1;-1;0;0;-1;-1;-1;-1;-1;-1;-1;-1;-1;0;0;0;0;0;0;0;0;0;0;0;0;0;Tindastóll;Völsungur;1.36;0.09;0;0;1;0;0;0;0;0;0;0;0;0;0;0;0;746;22;Y;Y;N;N;N;N;Y
214469;3818;3821;2013;complete;1298;3;-1;7,71;31,43,48;2;3;5;8;4;12;0;2;1;1;0;0;9;3;5;8;14;11;7;9;52;48;1;1;0;0;0;0;0;0;0;0;0;0;0;0;0;0;0;0;0;0;0;0;0;0;0;0;0;0;0;0;0;0;0;0;0;0;0;0;0;0;0;0;0;0;0;0;0;0;0;0;0;0;0;0;0;0;0;0;0;0;0;0;0;0;0;0;0;0;0;0;5;1;2;1;1;2;3;2013-05-23 19:15:00;3821;0;50;0;0;0;-1;1;-1;-1;-1;-1;-1;-1;0;1;1;0;1;1;-1;0;0;0;0;0;0;0;0;0;0;0;0;0;1;1;1;0;-1;-1;0;0;-1;-1;-1;-1;-1;-1;-1;-1;-1;0;0;50;50;100;50;100;50;0;0;0;5;2;Selfoss;Haukar;1.45;1.55;0;3;1.5;1.5;100;100;50;50;0;0;0;0;0;0;0;746;22;Y;Y;Y;Y;Y;N;Y
214470;3813;3828;2013;complete;1298;3;-1;55;31,38;1;2;3;11;5;16;1;1;2;1;0;0;5;2;9;6;14;8;11;11;53;47;2;1;0;0;0;0;0;0;0;0;0;0;0;0;0;0;0;0;0;0;0;0;0;0;0;0;0;0;0;0;0;0;0;0;0;0;0;0;0;0;0;0;0;0;0;0;0;0;0;0;0;0;0;0;0;0;0;0;0;0;0;0;0;0;0;0;0;0;0;0;3;0;2;1;0;1;2;2013-05-23 19:15:00;3828;0;100;0;50;0;-1;1;-1;-1;-1;-1;-1;-1;1;1;1;0;2;1;-1;0;0;0;0;0;0;0;0;0;0;0;0;0;1;1;0;0;-1;-1;1;0;-1;-1;-1;-1;-1;-1;-1;-1;-1;0;0;50;100;100;50;50;100;50;0;0;3;2.5;Thróttur Reykjavík;Tindastóll;0.91;0.91;0;1;0;1;100;100;50;0;0;0;0;0;0;0;0;746;22;Y;Y;Y;N;N;N;Y
214471;3808;3810;2013;complete;1298;3;-1;31,90;19,21,35,68,72;2;5;7;3;4;7;3;7;0;2;1;1;4;2;8;4;12;6;10;11;53;47;2;4;0;0;0;0;0;0;0;0;0;0;0;0;0;0;0;0;0;0;0;0;0;0;0;0;0;0;0;0;0;0;0;0;0;0;0;0;0;0;0;0;0;0;0;0;0;0;0;0;0;0;0;0;0;0;0;0;0;0;0;0;0;0;0;0;0;0;0;0;7;1;3;1;2;3;4;2013-05-24 19:15:00;3810;0;100;0;50;0;-1;1;-1;-1;-1;-1;-1;-1;0;1;1;2;1;3;-1;0;0;0;0;0;0;0;1;0;1;0;0;0;1;1;0;0;-1;-1;0;0;-1;-1;-1;-1;-1;-1;-1;-1;-1;0;0;100;100;100;0;100;100;100;0;0;0;3;Fjölnir;Víkingur Reykjavík;1.55;2.09;3;3;2;1.5;100;100;0;0;0;0;0;0;0;0;0;746;22;Y;Y;Y;Y;Y;Y;Y
214472;3829;3811;2013;complete;1298;3;-1;36,59,65,80;32;4;1;5;7;17;24;6;1;1;2;0;0;4;5;3;4;7;9;8;9;53;47;1;2;0;0;0;0;0;0;0;0;0;0;0;0;0;0;0;0;0;0;0;0;0;0;0;0;0;0;0;0;0;0;0;0;0;0;0;0;0;0;0;0;0;0;0;0;0;0;0;0;0;0;0;0;0;0;0;0;0;0;0;0;0;0;0;0;0;0;0;0;5;1;1;3;0;3;2;2013-05-25 14:00:00;3829;0;0;0;0;0;-1;1;-1;-1;-1;-1;-1;-1;1;0;0;2;1;2;-1;0;0;0;0;0;0;0;0;1;0;1;0;0;1;1;0;0;-1;-1;0;0;-1;-1;-1;-1;-1;-1;-1;-1;-1;0;0;0;0;50;0;50;0;0;0;0;2;0.5;KF;KA;1.09;1.27;0;3;0.5;2;50;50;50;50;0;0;0;0;0;0;0;746;22;Y;Y;Y;Y;Y;N;Y
214473;3806;3826;2013;complete;1298;3;-1;20,45,53,65,73,83;42;6;1;7;10;6;16;3;0;2;3;0;2;7;2;2;4;9;6;11;9;51;49;2;6;0;0;0;0;0;0;0;0;0;0;0;0;0;0;0;0;0;0;0;0;0;0;0;0;0;0;0;0;0;0;0;0;0;0;0;0;0;0;0;0;0;0;0;0;0;0;0;0;0;0;0;0;0;0;0;0;0;0;0;0;0;0;0;0;0;0;0;0;7;2;1;4;0;4;3;2013-05-25 14:00:00;3806;0;50;0;50;0;-1;1;-1;-1;-1;-1;-1;-1;0;1;2;4;1;6;-1;0;0;0;0;0;0;0;1;0;1;0;0;0;1;1;0;0;-1;-1;0;0;-1;-1;-1;-1;-1;-1;-1;-1;-1;0;0;50;50;100;0;100;50;50;0;0;4;2;Grindavík;BI Bolungarvik;2;1.36;0;3;1.5;3;100;100;50;50;0;0;0;0;0;0;0;746;22;Y;Y;Y;Y;Y;Y;Y
214474;3830;3814;2013;complete;1298;3;-1;;5,31,62;0;3;3;3;4;7;3;4;2;2;0;0;6;10;1;4;7;14;14;18;47;53;2;2;0;0;0;0;0;0;0;0;0;0;0;0;0;0;0;0;0;0;0;0;0;0;0;0;0;0;0;0;0;0;0;0;0;0;0;0;0;0;0;0;0;0;0;0;0;0;0;0;0;0;0;0;0;0;0;0;0;0;0;0;0;0;0;0;0;0;0;0;3;0;2;0;1;1;2;2013-05-25 16:30:00;3814;0;0;0;0;0;-1;1;-1;-1;-1;-1;-1;-1;1;1;1;1;2;2;-1;0;0;0;0;0;0;0;0;1;0;1;0;0;1;1;0;1;-1;-1;0;0;-1;-1;-1;-1;-1;-1;-1;-1;-1;0;0;0;0;50;0;50;0;0;0;0;4;0.5;Völsungur;Leiknir Reykjavík;0.09;1.18;0;0;0.5;1;50;50;50;50;0;0;0;0;0;0;0;746;22;Y;Y;Y;N;N;N;N
214475;3821;3808;2013;complete;1298;4;-1;56;;1;0;1;3;7;10;1;1;0;4;0;0;4;10;6;8;10;18;8;9;51;49;0;4;0;0;0;0;0;0;0;0;0;0;0;0;0;0;0;0;0;0;0;0;0;0;0;0;0;0;0;0;0;0;0;0;0;0;0;0;0;0;0;0;0;0;0;0;0;0;0;0;0;0;0;0;0;0;0;0;0;0;0;0;0;0;0;0;0;0;0;0;1;0;0;1;0;1;0;2013-06-01 14:00:00;3821;0;50;0;50;0;-1;1;-1;-1;-1;-1;-1;-1;0;1;0;3;1;3;-1;0;0;0;0;0;0;0;0;0;0;0;0;0;1;1;0;0;-1;-1;0;1;-1;-1;-1;-1;-1;-1;-1;-1;-1;0;0;0;50;100;0;50;50;50;0;0;5;1.5;Haukar;Fjölnir;2.27;2.36;0;1;2;1.33;100;100;100;50;0;0;0;0;0;0;0;746;22;Y;N;N;N;N;N;N
214476;3810;3829;2013;complete;1298;4;-1;22;73;1;1;2;4;2;6;1;0;3;1;0;0;10;4;6;3;16;7;14;14;50;50;3;1;0;0;0;0;0;0;0;0;0;0;0;0;0;0;0;0;0;0;0;0;0;0;0;0;0;0;0;0;0;0;0;0;0;0;0;0;0;0;0;0;0;0;0;0;0;0;0;0;0;0;0;0;0;0;0;0;0;0;0;0;0;0;0;0;0;0;0;0;2;1;0;0;1;1;1;2013-06-01 14:00:00;-1;0;100;25;50;0;-1;1;-1;-1;-1;-1;-1;-1;0;0;3;1;0;4;-1;0;0;0;0;0;0;0;0;0;0;0;0;0;1;1;0;0;-1;-1;0;0;-1;-1;-1;-1;-1;-1;-1;-1;-1;0;0;75;100;100;25;100;75;75;0;0;4;2.75;Víkingur Reykjavík;KF;1.73;0.82;0;0.5;2;1.33;100;100;25;0;0;0;0;0;0;0;0;746;22;Y;Y;N;N;N;N;Y
214477;3826;3818;2013;complete;1298;4;-1;4,24,49,82;18,54,90;4;3;7;6;4;10;2;3;2;3;0;0;6;0;10;4;16;4;15;19;47;53;2;3;0;0;0;0;0;0;0;0;0;0;0;0;0;0;0;0;0;0;0;0;0;0;0;0;0;0;0;0;0;0;0;0;0;0;0;0;0;0;0;0;0;0;0;0;0;0;0;0;0;0;0;0;0;0;0;0;0;0;0;0;0;0;0;0;0;0;0;0;7;2;1;2;2;4;3;2013-06-01 14:00:00;3826;0;100;0;50;0;-1;1;-1;-1;-1;-1;-1;-1;1;1;1;2;2;3;-1;0;0;0;0;0;0;0;0;1;0;1;0;0;1;1;1;0;-1;-1;1;0;-1;-1;-1;-1;-1;-1;-1;-1;-1;0;0;100;100;100;50;100;100;50;0;0;7;3;BI Bolungarvik;Selfoss;2.27;1;3;3;2;1;100;100;0;0;0;0;0;0;0;0;0;746;22;Y;Y;Y;Y;Y;Y;Y
214478;3814;3811;2013;complete;1298;4;-1;51,60;53;2;1;3;5;0;5;1;2;0;2;0;1;10;4;5;2;15;6;10;18;48;52;0;4;0;0;0;0;0;0;0;0;0;0;0;0;0;0;0;0;0;0;0;0;0;0;0;0;0;0;0;0;0;0;0;0;0;0;0;0;0;0;0;0;0;0;0;0;0;0;0;0;0;0;0;0;0;0;0;0;0;0;0;0;0;0;0;0;0;0;0;0;3;0;0;2;1;3;0;2013-06-01 14:30:00;3814;0;75;50;25;0;-1;1;-1;-1;-1;-1;-1;-1;0;2;0;1;2;1;-1;0;0;0;0;0;0;0;0;0;0;0;0;0;1;1;0;0;-1;-1;0;0;-1;-1;-1;-1;-1;-1;-1;-1;-1;25;25;25;75;100;50;75;50;50;17;0;3.5;2.5;Leiknir Reykjavík;KA;1.73;1.27;1;1.5;1.67;1.33;75;75;75;25;0;50;50;50;0;0;0;746;22;Y;Y;Y;N;N;N;Y
214479;3830;3813;2013;complete;1298;4;-1;23;4,34,85;1;3;4;5;7;12;1;3;3;1;0;0;4;5;4;8;8;13;16;19;47;53;3;1;0;0;0;0;0;0;0;0;0;0;0;0;0;0;0;0;0;0;0;0;0;0;0;0;0;0;0;0;0;0;0;0;0;0;0;0;0;0;0;0;0;0;0;0;0;0;0;0;0;0;0;0;0;0;0;0;0;0;0;0;0;0;0;0;0;0;0;0;4;1;2;0;1;1;3;2013-06-01 16:00:00;3813;0;50;0;0;0;-1;1;-1;-1;-1;-1;-1;-1;1;0;2;1;1;3;-1;0;0;0;0;0;0;0;0;0;0;0;0;0;1;1;0;1;-1;-1;0;0;-1;-1;-1;-1;-1;-1;-1;-1;-1;0;0;75;75;100;75;100;75;0;3;0;5;2.5;Völsungur;Thróttur Reykjavík;0.09;1.18;0;0;0.33;0;100;100;25;25;0;0;0;0;0;0;0;746;22;Y;Y;Y;Y;N;N;Y
214480;3806;3828;2013;complete;1298;4;-1;14,21,62,79;25;4;1;5;-1;-1;-1;-1;-1;1;2;0;0;-1;-1;-1;-1;-1;-1;-1;-1;-1;-1;1;2;0;0;0;0;0;0;0;0;0;0;0;0;0;0;0;0;0;0;0;0;0;0;0;0;0;0;0;0;0;0;0;0;0;0;0;0;0;0;0;0;0;0;0;0;0;0;0;0;0;0;0;0;0;0;0;0;0;0;0;0;0;0;0;0;0;0;0;0;5;2;1;2;0;2;3;2013-06-02 15:00:00;3806;0;100;25;50;0;-1;1;-1;-1;-1;-1;-1;-1;0;1;1;1;1;2;-1;0;0;0;0;0;0;0;0;0;0;0;0;0;1;1;0;0;-1;-1;0;0;-1;-1;-1;-1;-1;-1;-1;-1;-1;25;25;75;100;100;50;75;100;75;15;1;2.5;3.75;Grindavík;Tindastóll;2;0.91;1.5;2;2;1.67;75;75;25;0;0;100;100;100;0;0;0;746;22;Y;Y;Y;Y;Y;N;Y
214481;3813;3814;2013;complete;1298;5;-1;;64;0;1;1;6;7;13;3;6;7;2;1;0;3;5;4;5;7;10;18;12;49;51;8;2;0;0;0;0;0;0;0;0;0;0;0;0;0;0;0;0;0;0;0;0;0;0;0;0;0;0;0;0;0;0;0;0;0;0;0;0;0;0;0;0;0;0;0;0;0;0;0;0;0;0;0;0;0;0;0;0;0;0;0;0;0;0;0;0;0;0;0;0;1;0;0;0;1;1;0;2013-06-06 19:15:00;3814;0;50;0;0;0;-1;1;-1;-1;-1;-1;-1;-1;2;1;6;1;3;7;-1;0;0;0;0;0;0;0;0;0;0;0;0;0;1;1;0;0;-1;-1;0;0;-1;-1;-1;-1;-1;-1;-1;-1;-1;0;0;100;100;100;100;100;100;0;15;4;4;3;Thróttur Reykjavík;Leiknir Reykjavík;0.91;1.18;0;3;0.75;2;100;100;0;0;0;50;50;50;0;0;0;746;22;Y;N;N;N;N;N;N
214482;3808;3826;2013;complete;1298;5;-1;11,88;42,55,80,90;2;4;6;10;3;13;3;4;2;1;1;0;5;5;2;5;7;10;16;6;47;53;4;1;0;0;0;0;0;0;0;0;0;0;0;0;0;0;0;0;0;0;0;0;0;0;0;0;0;0;0;0;0;0;0;0;0;0;0;0;0;0;0;0;0;0;0;0;0;0;0;0;0;0;0;0;0;0;0;0;0;0;0;0;0;0;0;0;0;0;0;0;6;1;1;1;3;4;2;2013-06-08 14:00:00;3826;0;75;50;25;0;-1;1;-1;-1;-1;-1;-1;-1;0;1;3;0;1;3;-1;0;0;0;0;0;0;0;0;0;0;0;0;0;1;1;0;0;-1;-1;0;1;-1;-1;-1;-1;-1;-1;-1;-1;-1;50;50;75;75;100;50;100;75;75;9;0.5;5.5;4.5;Fjölnir;BI Bolungarvik;1.55;1.36;1.5;1.5;1;2.25;50;50;25;25;0;50;50;50;0;0;0;746;22;Y;Y;Y;Y;Y;Y;Y
214483;3818;3828;2013;complete;1298;5;-1;41;;1;0;1;6;2;8;1;3;0;2;0;0;6;0;3;3;9;3;8;10;52;48;0;2;0;0;0;0;0;0;0;0;0;0;0;0;0;0;0;0;0;0;0;0;0;0;0;0;0;0;0;0;0;0;0;0;0;0;0;0;0;0;0;0;0;0;0;0;0;0;0;0;0;0;0;0;0;0;0;0;0;0;0;0;0;0;0;0;0;0;0;0;1;1;0;0;0;0;1;2013-06-08 14:00:00;3818;0;75;42;42;0;-1;1;-1;-1;-1;-1;-1;-1;0;1;0;1;1;1;-1;0;0;0;0;0;0;0;1;0;1;0;0;0;1;1;0;0;-1;-1;0;0;-1;-1;-1;-1;-1;-1;-1;-1;-1;42;42;59;75;100;59;84;75;59;13;0;2.83;3.17;Selfoss;Tindastóll;1.45;0.91;0;1.33;0.75;1.25;59;59;42;25;0;100;100;100;0;0;0;746;22;Y;N;N;N;N;N;N
214484;3811;3810;2013;complete;1298;5;-1;;19;0;1;1;7;8;15;1;6;1;3;0;0;2;5;5;11;7;16;11;23;50;50;1;3;0;0;0;0;0;0;0;0;0;0;0;0;0;0;0;0;0;0;0;0;0;0;0;0;0;0;0;0;0;0;0;0;0;0;0;0;0;0;0;0;0;0;0;0;0;0;0;0;0;0;0;0;0;0;0;0;0;0;0;0;0;0;0;0;0;0;0;0;1;0;1;0;0;0;1;2013-06-08 14:00:00;3810;0;100;25;100;0;-1;1;-1;-1;-1;-1;-1;-1;0;1;1;2;1;3;-1;0;0;0;0;0;0;0;0;0;0;0;0;0;1;1;0;0;-1;-1;0;0;-1;-1;-1;-1;-1;-1;-1;-1;-1;25;25;50;100;100;25;50;100;100;4;2;2;3.5;KA;Víkingur Reykjavík;1.64;2.09;1;3;1;1.75;75;75;50;0;0;0;0;0;0;0;0;746;22;Y;N;N;N;N;N;N
214485;3829;3821;2013;complete;1298;5;-1;58;64;1;1;2;6;6;12;0;1;2;3;0;0;3;5;4;5;7;10;9;11;50;50;2;3;0;0;0;0;0;0;0;0;0;0;0;0;0;0;0;0;0;0;0;0;0;0;0;0;0;0;0;0;0;0;0;0;0;0;0;0;0;0;0;0;0;0;0;0;0;0;0;0;0;0;0;0;0;0;0;0;0;0;0;0;0;0;0;0;0;0;0;0;2;0;0;1;1;2;0;2013-06-08 16:00:00;-1;0;100;75;25;0;-1;1;-1;-1;-1;-1;-1;-1;2;1;0;2;3;2;-1;0;0;0;0;0;0;0;0;0;0;0;0;0;1;1;0;0;-1;-1;0;0;-1;-1;-1;-1;-1;-1;-1;-1;-1;75;75;100;100;100;100;100;100;75;11;6.5;3;4.5;KF;Haukar;1.09;1.55;3;3;1.25;2.25;25;25;0;0;0;100;100;100;0;0;0;746;22;Y;Y;N;N;N;N;Y
214486;3806;3830;2013;complete;1298;5;-1;55,74,76,79;34,43;4;2;6;-1;-1;-1;-1;-1;0;3;0;0;-1;-1;-1;-1;-1;-1;-1;-1;-1;-1;0;3;0;0;0;0;0;0;0;0;0;0;0;0;0;0;0;0;0;0;0;0;0;0;0;0;0;0;0;0;0;0;0;0;0;0;0;0;0;0;0;0;0;0;0;0;0;0;0;0;0;0;0;0;0;0;0;0;0;0;0;0;0;0;0;0;0;0;0;0;6;0;2;4;0;4;2;2013-06-08 16:00:00;3806;0;100;84;17;0;-1;1;-1;-1;-1;-1;-1;-1;0;0;0;3;0;3;-1;0;0;0;0;0;0;0;0;0;0;0;0;0;1;1;0;0;-1;-1;0;0;-1;-1;-1;-1;-1;-1;-1;-1;-1;34;34;50;100;100;84;100;50;50;10;0;3.33;3.5;Grindavík;Völsungur;2;0.09;2;1;2.25;0.25;67;67;50;0;0;50;50;50;0;0;0;746;22;Y;Y;Y;Y;Y;Y;Y
214487;3814;3810;2013;complete;1298;6;-1;35,66;53,90;2;2;4;4;4;8;3;4;4;7;0;1;3;3;2;1;5;4;20;17;47;53;4;8;0;0;0;0;0;0;0;0;0;0;0;0;0;0;0;0;0;0;0;0;0;0;0;0;0;0;0;0;0;0;0;0;0;0;0;0;0;0;0;0;0;0;0;0;0;0;0;0;0;0;0;0;0;0;0;0;0;0;0;0;0;0;0;0;0;0;0;0;4;1;0;1;2;3;1;2013-06-13 19:15:00;-1;0;84;33;67;0;-1;1;-1;-1;-1;-1;-1;-1;2;1;2;7;3;9;-1;0;0;0;0;0;0;0;1;0;1;0;0;0;1;1;0;0;-1;-1;0;0;-1;-1;-1;-1;-1;-1;-1;-1;-1;17;17;50;84;100;33;67;67;67;11;3.67;3.33;3;Leiknir Reykjavík;Víkingur Reykjavík;1.73;2.09;1.67;3;2.2;2;84;84;50;17;0;25;25;25;0;0;0;746;22;Y;Y;Y;Y;N;N;Y
214488;3813;3806;2013;complete;1298;6;-1;;21,23,87;0;3;3;6;8;14;0;2;5;2;0;0;2;6;5;6;7;12;16;11;50;50;5;2;0;0;0;0;0;0;0;0;0;0;0;0;0;0;0;0;0;0;0;0;0;0;0;0;0;0;0;0;0;0;0;0;0;0;0;0;0;0;0;0;0;0;0;0;0;0;0;0;0;0;0;0;0;0;0;0;0;0;0;0;0;0;0;0;0;0;0;0;3;0;2;0;1;1;2;2013-06-13 19:15:00;3806;0;34;0;0;0;-1;1;-1;-1;-1;-1;-1;-1;1;1;4;1;2;5;-1;0;0;0;0;0;0;0;0;0;0;0;0;0;1;1;0;0;-1;-1;0;0;-1;-1;-1;-1;-1;-1;-1;-1;-1;0;0;34;34;100;34;84;50;0;8.5;0;7;1.67;Thróttur Reykjavík;Grindavík;0.91;1.82;0;3;0.6;2.4;100;100;67;67;0;50;50;50;0;0;0;746;22;Y;Y;Y;N;N;N;N
214489;3821;3811;2013;complete;1298;6;-1;55,61,84,90;33,75;4;2;6;6;3;9;1;0;2;4;0;0;3;4;4;6;7;10;16;16;53;47;2;4;0;0;0;0;0;0;0;0;0;0;0;0;0;0;0;0;0;0;0;0;0;0;0;0;0;0;0;0;0;0;0;0;0;0;0;0;0;0;0;0;0;0;0;0;0;0;0;0;0;0;0;0;0;0;0;0;0;0;0;0;0;0;0;0;0;0;0;0;6;0;1;4;1;5;1;2013-06-14 19:15:00;3821;0;34;17;17;0;-1;1;-1;-1;-1;-1;-1;-1;0;0;2;4;0;6;-1;0;0;0;0;0;0;0;1;0;1;0;0;0;1;1;0;0;-1;-1;0;0;-1;-1;-1;-1;-1;-1;-1;-1;-1;17;17;34;34;100;17;59;59;34;11.5;0.67;4.17;2;Haukar;KA;2.27;1.27;1.5;1;2;0.8;84;84;67;67;0;75;75;25;0;0;0;746;22;Y;Y;Y;Y;Y;Y;Y
214490;3828;3808;2013;complete;1298;6;-1;;44;0;1;1;10;7;17;5;1;2;6;0;1;5;3;7;4;12;7;9;14;52;48;2;7;0;0;0;0;0;0;0;0;0;0;0;0;0;0;0;0;0;0;0;0;0;0;0;0;0;0;0;0;0;0;0;0;0;0;0;0;0;0;0;0;0;0;0;0;0;0;0;0;0;0;0;0;0;0;0;0;0;0;0;0;0;0;0;0;0;0;0;0;1;0;1;0;0;0;1;2013-06-14 19:15:00;3808;0;75;50;25;0;-1;1;-1;-1;-1;-1;-1;-1;0;2;2;5;2;7;-1;0;0;0;0;0;0;0;0;0;0;0;0;0;1;1;0;0;-1;-1;0;0;-1;-1;-1;-1;-1;-1;-1;-1;-1;0;0;0;75;100;50;50;50;25;7;0;4;1.75;Tindastóll;Fjölnir;1.36;2.36;1;0.5;1;0.8;100;100;100;25;0;50;50;0;0;0;0;746;22;Y;N;N;N;N;N;N
214491;3830;3818;2013;complete;1298;6;-1;;;0;0;0;8;3;11;0;1;4;3;0;0;5;6;7;4;12;10;13;13;53;47;4;3;0;0;0;0;0;0;0;0;0;0;0;0;0;0;0;0;0;0;0;0;0;0;0;0;0;0;0;0;0;0;0;0;0;0;0;0;0;0;0;0;0;0;0;0;0;0;0;0;0;0;0;0;0;0;0;0;0;0;0;0;0;0;0;0;0;0;0;0;0;0;0;0;0;0;0;2013-06-15 14:00:00;-1;0;67;42;50;0;-1;1;-1;-1;-1;-1;-1;-1;3;0;1;3;3;4;-1;0;0;0;0;0;0;0;0;0;0;0;0;0;1;1;0;0;-1;-1;0;0;-1;-1;-1;-1;-1;-1;-1;-1;-1;25;42;84;84;100;59;100;84;50;8;2;6.5;3.84;Völsungur;Selfoss;0.09;1;0;1.5;0.2;1.2;75;59;17;17;0;75;75;25;0;0;0;746;22;N;N;N;N;N;N;N
214492;3826;3829;2013;complete;1298;6;-1;9,31;90;2;1;3;6;5;11;6;6;2;1;0;0;8;3;6;3;14;6;12;10;53;47;2;1;0;0;0;0;0;0;0;0;0;0;0;0;0;0;0;0;0;0;0;0;0;0;0;0;0;0;0;0;0;0;0;0;0;0;0;0;0;0;0;0;0;0;0;0;0;0;0;0;0;0;0;0;0;0;0;0;0;0;0;0;0;0;0;0;0;0;0;0;3;2;0;0;1;1;2;2013-06-16 14:00:00;3826;0;100;42;25;0;-1;1;-1;-1;-1;-1;-1;-1;1;0;1;1;1;2;-1;0;0;0;0;0;0;0;0;0;0;0;0;0;1;1;1;0;-1;-1;0;0;-1;-1;-1;-1;-1;-1;-1;-1;-1;25;25;67;100;100;67;100;84;42;8;0;4.83;3.67;BI Bolungarvik;KF;2.27;0.82;3;0.67;2.4;1.2;75;75;34;0;0;50;50;0;0;0;0;746;22;Y;Y;Y;N;N;N;Y
214493;3810;3821;2013;complete;1298;7;-1;19,65;83,90;2;2;4;8;6;14;1;3;3;3;1;0;5;2;9;5;14;7;9;16;48;52;5;3;0;0;0;0;0;0;0;0;0;0;0;0;0;0;0;0;0;0;0;0;0;0;0;0;0;0;0;0;0;0;0;0;0;0;0;0;0;0;0;0;0;0;0;0;0;0;0;0;0;0;0;0;0;0;0;0;0;0;0;0;0;0;0;0;0;0;0;0;4;1;0;1;2;3;1;2013-06-22 14:00:00;-1;0;100;17;59;0;-1;1;-1;-1;-1;-1;-1;-1;1;2;3;1;3;4;-1;0;0;0;0;0;0;0;0;0;0;0;0;0;1;1;0;0;-1;-1;0;0;-1;-1;-1;-1;-1;-1;-1;-1;-1;17;17;59;100;100;34;84;100;59;9;0.67;4.33;2.92;Víkingur Reykjavík;Haukar;1.73;1.55;0.5;2.33;1.83;2.17;84;84;42;0;0;50;50;50;0;0;0;746;22;Y;Y;Y;Y;N;N;Y
214494;3829;3828;2013;complete;1298;7;-1;81;73;1;1;2;7;6;13;1;8;5;2;0;0;4;2;3;6;7;8;11;7;47;53;5;2;0;0;0;0;0;0;0;0;0;0;0;0;0;0;0;0;0;0;0;0;0;0;0;0;0;0;0;0;0;0;0;0;0;0;0;0;0;0;0;0;0;0;0;0;0;0;0;0;0;0;0;0;0;0;0;0;0;0;0;0;0;0;0;0;0;0;0;0;2;0;0;1;1;2;0;2013-06-22 14:00:00;-1;0;88;38;38;0;-1;1;-1;-1;-1;-1;-1;-1;1;0;4;2;1;6;-1;0;0;0;0;0;0;0;0;0;0;0;0;0;1;1;0;0;-1;-1;0;0;-1;-1;-1;-1;-1;-1;-1;-1;-1;38;38;50;88;100;50;63;88;75;10;3.5;3;3.13;KF;Tindastóll;1.09;0.91;2;1;1;0.83;63;63;50;13;0;75;75;75;0;0;0;746;22;Y;Y;N;N;N;N;Y
214495;3818;3813;2013;complete;1298;7;-1;26,45;61,69;2;2;4;4;10;14;2;1;2;2;0;0;12;5;1;6;13;11;16;15;47;53;2;2;0;0;0;0;0;0;0;0;0;0;0;0;0;0;0;0;0;0;0;0;0;0;0;0;0;0;0;0;0;0;0;0;0;0;0;0;0;0;0;0;0;0;0;0;0;0;0;0;0;0;0;0;0;0;0;0;0;0;0;0;0;0;0;0;0;0;0;0;4;2;0;0;2;2;2;2013-06-22 14:00:00;-1;0;67;42;17;0;-1;1;-1;-1;-1;-1;-1;-1;0;0;2;2;0;4;-1;0;0;0;0;0;0;0;0;0;0;0;0;0;1;1;0;0;-1;-1;0;0;-1;-1;-1;-1;-1;-1;-1;-1;-1;17;42;67;67;100;67;100;67;17;14;1;2.5;2.92;Selfoss;Thróttur Reykjavík;1.45;1.18;1;1.5;1.17;0.5;84;59;34;34;0;75;75;75;0;0;0;746;22;Y;Y;Y;Y;N;N;Y
214496;3806;3814;2013;complete;1298;7;-1;7,70,74;76,79;3;2;5;5;5;10;1;0;1;3;0;0;4;2;4;3;8;5;14;16;50;50;1;3;0;0;0;0;0;0;0;0;0;0;0;0;0;0;0;0;0;0;0;0;0;0;0;0;0;0;0;0;0;0;0;0;0;0;0;0;0;0;0;0;0;0;0;0;0;0;0;0;0;0;0;0;0;0;0;0;0;0;0;0;0;0;0;0;0;0;0;0;5;1;0;2;2;4;1;2013-06-22 14:00:00;3806;0;50;25;13;0;-1;1;-1;-1;-1;-1;-1;-1;1;1;0;2;2;2;-1;0;0;0;0;0;0;0;0;0;0;0;0;0;1;1;1;0;-1;-1;0;0;-1;-1;-1;-1;-1;-1;-1;-1;-1;38;38;75;75;100;63;75;100;50;15.5;5;3;3.63;Grindavík;Leiknir Reykjavík;2;1.18;2.25;3;2.5;2;63;63;25;25;0;75;75;75;0;0;0;746;22;Y;Y;Y;Y;Y;N;Y
214497;3811;3826;2013;complete;1298;7;-1;40;;1;0;1;6;5;11;1;6;2;3;0;1;5;0;6;3;11;3;25;18;50;50;2;4;0;0;0;0;0;0;0;0;0;0;0;0;0;0;0;0;0;0;0;0;0;0;0;0;0;0;0;0;0;0;0;0;0;0;0;0;0;0;0;0;0;0;0;0;0;0;0;0;0;0;0;0;0;0;0;0;0;0;0;0;0;0;0;0;0;0;0;0;1;1;0;0;0;0;1;2013-06-22 14:00:00;3811;0;59;34;42;0;-1;1;-1;-1;-1;-1;-1;-1;0;1;2;3;1;5;-1;0;0;0;0;0;0;0;0;0;0;0;0;0;1;1;0;0;-1;-1;0;0;-1;-1;-1;-1;-1;-1;-1;-1;-1;34;34;34;59;100;34;75;59;59;11.5;1;3.83;3.09;KA;BI Bolungarvik;1.64;1.36;0.5;2;0.67;2.5;67;67;67;42;0;100;100;100;0;0;0;746;22;Y;N;N;N;N;N;N
214498;3808;3830;2013;complete;1298;7;-1;52,88;53;2;1;3;4;7;11;0;2;2;3;0;0;3;7;5;1;8;8;21;20;50;50;2;3;0;0;0;0;0;0;0;0;0;0;0;0;0;0;0;0;0;0;0;0;0;0;0;0;0;0;0;0;0;0;0;0;0;0;0;0;0;0;0;0;0;0;0;0;0;0;0;0;0;0;0;0;0;0;0;0;0;0;0;0;0;0;0;0;0;0;0;0;3;0;0;2;1;3;0;2013-06-22 16:00:00;3808;0;100;59;34;0;-1;1;-1;-1;-1;-1;-1;-1;2;0;0;3;2;3;-1;0;0;0;0;0;0;0;0;0;0;0;0;0;1;1;0;0;-1;-1;0;0;-1;-1;-1;-1;-1;-1;-1;-1;-1;59;59;75;100;100;84;100;75;75;6.5;0.67;4.5;4.67;Fjölnir;Völsungur;1.55;0.09;1;0.5;1.17;0.33;42;42;25;0;0;25;25;25;0;0;0;746;22;Y;Y;Y;N;N;N;Y
214499;3814;3821;2013;complete;1298;8;-1;;;0;0;0;8;8;16;1;2;3;3;0;0;11;5;7;3;18;8;16;20;50;50;3;3;0;0;0;0;0;0;0;0;0;0;0;0;0;0;0;0;0;0;0;0;0;0;0;0;0;0;0;0;0;0;0;0;0;0;0;0;0;0;0;0;0;0;0;0;0;0;0;0;0;0;0;0;0;0;0;0;0;0;0;0;0;0;0;0;0;0;0;0;0;0;0;0;0;0;0;2013-06-27 19:15:00;-1;0;100;25;75;0;-1;1;-1;-1;-1;-1;-1;-1;0;0;3;3;0;6;-1;0;0;0;0;0;0;0;0;0;0;0;0;0;1;1;0;0;-1;-1;0;0;-1;-1;-1;-1;-1;-1;-1;-1;-1;13;38;63;100;100;38;63;88;75;9.83;1.75;4.25;3.13;Leiknir Reykjavík;Haukar;1.73;1.55;1.5;2;1.71;2;88;63;38;0;0;50;50;50;0;0;0;746;22;N;N;N;N;N;N;N
214500;3813;3808;2013;complete;1298;8;-1;;;0;0;0;9;4;13;5;3;1;0;0;0;9;15;5;9;14;24;17;10;48;52;1;0;0;0;0;0;0;0;0;0;0;0;0;0;0;0;0;0;0;0;0;0;0;0;0;0;0;0;0;0;0;0;0;0;0;0;0;0;0;0;0;0;0;0;0;0;0;0;0;0;0;0;0;0;0;0;0;0;0;0;0;0;0;0;0;0;0;0;0;0;0;0;0;0;0;0;0;2013-06-27 19:15:00;-1;0;42;0;17;0;-1;1;-1;-1;-1;-1;-1;-1;0;0;1;0;0;1;-1;0;0;0;0;0;0;0;0;0;0;0;0;0;1;1;0;0;-1;-1;0;0;-1;-1;-1;-1;-1;-1;-1;-1;-1;0;0;38;54;100;38;54;84;17;14.67;1.08;8.58;1.92;Thróttur Reykjavík;Fjölnir;0.91;2.36;0;1.33;0.57;1.43;100;100;63;46;0;100;100;75;0;0;0;746;22;N;N;N;N;N;N;N
214501;3806;3818;2013;complete;1298;8;-1;80;36,72,90;1;3;4;5;5;10;0;1;1;2;0;0;5;5;7;2;12;7;7;20;49;51;1;2;0;0;0;0;0;0;0;0;0;0;0;0;0;0;0;0;0;0;0;0;0;0;0;0;0;0;0;0;0;0;0;0;0;0;0;0;0;0;0;0;0;0;0;0;0;0;0;0;0;0;0;0;0;0;0;0;0;0;0;0;0;0;0;0;0;0;0;0;4;0;1;1;2;3;1;2013-06-27 19:15:00;3818;0;84;37;54;0;-1;1;-1;-1;-1;-1;-1;-1;1;0;0;2;1;2;-1;0;0;0;0;0;0;0;0;0;0;0;0;0;1;1;0;0;-1;-1;0;0;-1;-1;-1;-1;-1;-1;-1;-1;-1;57;57;84;84;84;47;84;84;84;11;1.2;4.33;4.27;Grindavík;Selfoss;2;1;2.4;1.33;2.57;1.14;44;44;17;17;17;100;100;50;0;0;0;746;22;Y;Y;Y;Y;N;N;Y
214502;3828;3811;2013;complete;1298;8;-1;31,45;35,40;2;2;4;6;5;11;2;0;0;2;0;1;3;4;7;9;10;13;11;10;53;47;0;3;0;0;0;0;0;0;0;0;0;0;0;0;0;0;0;0;0;0;0;0;0;0;0;0;0;0;0;0;0;0;0;0;0;0;0;0;0;0;0;0;0;0;0;0;0;0;0;0;0;0;0;0;0;0;0;0;0;0;0;0;0;0;0;0;0;0;0;0;4;2;2;0;0;0;4;2013-06-27 19:15:00;-1;0;63;38;25;0;-1;1;-1;-1;-1;-1;-1;-1;0;3;0;0;3;0;-1;0;0;0;0;0;0;0;2;0;2;0;0;0;1;1;0;0;-1;-1;0;0;-1;-1;-1;-1;-1;-1;-1;-1;-1;25;25;38;63;100;38;88;38;38;16.67;2.5;4.5;2.63;Tindastóll;KA;1.36;1.27;0.5;0.75;0.86;1;75;75;63;38;0;84;67;67;0;0;0;746;22;Y;Y;Y;Y;N;N;Y
214503;3830;3829;2013;complete;1298;8;-1;11;59,63;1;2;3;1;6;7;1;3;2;2;0;1;5;4;6;6;11;10;14;18;48;52;2;3;0;0;0;0;0;0;0;0;0;0;0;0;0;0;0;0;0;0;0;0;0;0;0;0;0;0;0;0;0;0;0;0;0;0;0;0;0;0;0;0;0;0;0;0;0;0;0;0;0;0;0;0;0;0;0;0;0;0;0;0;0;0;0;0;0;0;0;0;3;1;0;0;2;2;1;2013-06-28 19:15:00;3829;0;63;25;0;0;-1;1;-1;-1;-1;-1;-1;-1;0;0;2;3;0;5;-1;0;0;0;0;0;0;0;0;0;0;0;0;0;1;1;0;0;-1;-1;0;0;-1;-1;-1;-1;-1;-1;-1;-1;-1;0;13;50;75;88;50;88;63;13;8.83;1.75;5.25;2.25;Völsungur;KF;0.09;0.82;0.25;0.5;0.29;1;100;88;50;25;13;59;59;59;0;0;0;746;22;Y;Y;Y;N;N;N;Y
214504;3826;3810;2013;complete;1298;8;-1;;62,66;0;2;2;2;8;10;1;0;4;1;1;0;4;5;1;11;5;16;14;17;49;51;5;1;0;0;0;0;0;0;0;0;0;0;0;0;0;0;0;0;0;0;0;0;0;0;0;0;0;0;0;0;0;0;0;0;0;0;0;0;0;0;0;0;0;0;0;0;0;0;0;0;0;0;0;0;0;0;0;0;0;0;0;0;0;0;0;0;0;0;0;0;2;0;0;0;2;2;0;2013-06-29 14:00:00;3810;0;88;29;54;0;-1;1;-1;-1;-1;-1;-1;-1;1;0;4;1;1;5;-1;0;0;0;0;0;0;0;0;1;0;1;0;0;1;1;0;0;-1;-1;0;0;-1;-1;-1;-1;-1;-1;-1;-1;-1;29;42;88;88;100;63;100;88;54;11.33;6.33;6.08;4.04;BI Bolungarvik;Víkingur Reykjavík;2.27;2.09;3;2.5;2.14;1.71;71;59;13;13;0;67;67;42;0;0;0;746;22;Y;Y;N;N;N;N;N
214505;3818;3814;2013;complete;1298;9;-1;18,25,51,69;42,60;4;2;6;2;7;9;2;0;2;2;0;1;4;12;4;5;8;17;16;14;48;52;2;4;0;0;0;0;0;0;0;0;0;0;0;0;0;0;0;0;0;0;0;0;0;0;0;0;0;0;0;0;0;0;0;0;0;0;0;0;0;0;0;0;0;0;0;0;0;0;0;0;0;0;0;0;0;0;0;0;0;0;0;0;0;0;0;0;0;0;0;0;6;2;1;2;1;3;3;2013-07-03 19:15:00;3818;0;42;13;29;0;-1;1;-1;-1;-1;-1;-1;-1;2;1;0;2;3;2;-1;0;0;0;0;0;0;0;0;0;0;0;0;0;1;1;0;0;-1;-1;1;0;-1;-1;-1;-1;-1;-1;-1;-1;-1;29;42;59;59;100;42;84;75;42;11.33;3.83;3.58;2.88;Selfoss;Leiknir Reykjavík;1.45;1.18;1;2;1.38;1.63;71;59;42;42;0;67;67;50;0;0;0;746;22;Y;Y;Y;Y;Y;Y;Y
214506;3808;3806;2013;complete;1298;9;-1;;;0;0;0;6;6;12;0;3;2;2;0;0;6;0;11;4;17;4;14;13;50;50;2;2;0;0;0;0;0;0;0;0;0;0;0;0;0;0;0;0;0;0;0;0;0;0;0;0;0;0;0;0;0;0;0;0;0;0;0;0;0;0;0;0;0;0;0;0;0;0;0;0;0;0;0;0;0;0;0;0;0;0;0;0;0;0;0;0;0;0;0;0;0;0;0;0;0;0;0;2013-07-04 19:15:00;-1;0;50;25;38;0;-1;1;-1;-1;-1;-1;-1;-1;0;0;2;2;0;4;-1;0;0;0;0;0;0;0;0;0;0;0;0;0;1;1;0;0;-1;-1;0;0;-1;-1;-1;-1;-1;-1;-1;-1;-1;25;25;75;75;100;50;88;75;50;13.67;1.75;4.5;3.38;Fjölnir;Grindavík;1.55;1.82;1.5;3;1.38;2.25;75;75;25;25;0;84;84;84;0;0;0;746;22;N;N;N;N;N;N;N
214507;3810;3828;2013;complete;1298;9;-1;34;61;1;1;2;14;6;20;1;2;1;1;0;0;9;2;8;5;17;7;11;4;51;49;1;1;0;0;0;0;0;0;0;0;0;0;0;0;0;0;0;0;0;0;0;0;0;0;0;0;0;0;0;0;0;0;0;0;0;0;0;0;0;0;0;0;0;0;0;0;0;0;0;0;0;0;0;0;0;0;0;0;0;0;0;0;0;0;0;0;0;0;0;0;2;1;0;0;1;1;1;2013-07-04 19:15:00;-1;0;90;10;54;0;-1;1;-1;-1;-1;-1;-1;-1;0;0;1;1;0;2;-1;0;0;0;0;0;0;0;0;0;0;0;0;0;1;1;0;0;-1;-1;0;0;-1;-1;-1;-1;-1;-1;-1;-1;-1;10;27;54;90;100;20;80;90;64;10.33;2.33;4.6;2.8;Víkingur Reykjavík;Tindastóll;1.73;0.91;0.67;1;1.88;0.88;90;74;47;10;0;59;59;59;0;0;0;746;22;Y;Y;N;N;N;N;Y
214508;3811;3830;2013;complete;1298;9;-1;49,75;;2;0;2;19;5;24;3;2;2;4;0;0;8;4;17;6;25;10;11;17;48;52;2;4;0;0;0;0;0;0;0;0;0;0;0;0;0;0;0;0;0;0;0;0;0;0;0;0;0;0;0;0;0;0;0;0;0;0;0;0;0;0;0;0;0;0;0;0;0;0;0;0;0;0;0;0;0;0;0;0;0;0;0;0;0;0;0;0;0;0;0;0;2;0;0;2;0;2;0;2013-07-04 19:15:00;3811;0;67;17;33;0;-1;1;-1;-1;-1;-1;-1;-1;1;2;1;2;3;3;-1;0;0;0;0;0;0;0;0;0;0;0;0;0;1;1;0;0;-1;-1;0;0;-1;-1;-1;-1;-1;-1;-1;-1;-1;17;17;34;67;100;34;67;50;50;13.5;0.33;3.67;2.5;KA;Völsungur;1.64;0.09;1.33;0.33;1;0.25;84;84;67;34;0;100;100;100;0;0;0;746;22;Y;Y;N;N;N;N;N
214509;3821;3826;2013;complete;1298;9;-1;13,73,78,90;56,59,69;4;3;7;14;0;14;5;0;1;1;0;1;9;4;2;5;11;9;10;8;47;53;1;3;0;0;0;0;0;0;0;0;0;0;0;0;0;0;0;0;0;0;0;0;0;0;0;0;0;0;0;0;0;0;0;0;0;0;0;0;0;0;0;0;0;0;0;0;0;0;0;0;0;0;0;0;0;0;0;0;0;0;0;0;0;0;0;0;0;0;0;0;7;1;0;3;3;6;1;2013-07-06 14:00:00;3821;0;42;25;29;0;-1;1;-1;-1;-1;-1;-1;-1;0;1;1;1;1;2;-1;0;0;0;0;0;0;0;0;0;0;0;0;0;1;1;0;0;-1;-1;0;0;-1;-1;-1;-1;-1;-1;-1;-1;-1;42;42;42;42;100;25;84;59;42;9.17;2.58;5.17;3.21;Haukar;BI Bolungarvik;2.27;1.36;2;1.5;1.88;1.88;59;59;59;59;0;100;75;50;0;0;0;746;22;Y;Y;Y;Y;Y;Y;Y
214510;3829;3813;2013;complete;1298;9;-1;;90;0;1;1;2;5;7;0;2;2;2;0;0;6;3;3;1;9;4;15;12;49;51;2;2;0;0;0;0;0;0;0;0;0;0;0;0;0;0;0;0;0;0;0;0;0;0;0;0;0;0;0;0;0;0;0;0;0;0;0;0;0;0;0;0;0;0;0;0;0;0;0;0;0;0;0;0;0;0;0;0;0;0;0;0;0;0;0;0;0;0;0;0;1;0;0;0;1;1;0;2013-07-06 16:00:00;3813;0;100;33;34;0;-1;1;-1;-1;-1;-1;-1;-1;0;0;2;2;0;4;-1;0;0;0;0;0;0;0;0;0;0;0;0;0;1;1;0;0;-1;-1;0;0;-1;-1;-1;-1;-1;-1;-1;-1;-1;17;50;67;100;100;67;67;100;67;15.17;3.33;4.34;3.34;KF;Thróttur Reykjavík;1.09;1.18;1.67;1.33;1.25;0.63;84;50;34;0;0;100;100;100;0;0;0;746;22;Y;N;N;N;N;N;N
214511;3818;3808;2013;complete;1298;10;-1;48;14,30;1;2;3;6;8;14;2;1;2;1;0;0;3;5;4;3;7;8;13;10;50;50;2;1;0;0;0;0;0;0;0;0;0;0;0;0;0;0;0;0;0;0;0;0;0;0;0;0;0;0;0;0;0;0;0;0;0;0;0;0;0;0;0;0;0;0;0;0;0;0;0;0;0;0;0;0;0;0;0;0;0;0;0;0;0;0;0;0;0;0;0;0;3;0;2;1;0;1;2;2013-07-11 19:15:00;3808;0;43;20;33;0;-1;1;-1;-1;-1;-1;-1;-1;1;0;1;1;1;2;-1;0;0;0;0;0;0;0;0;0;0;0;0;0;1;1;0;0;-1;-1;0;0;-1;-1;-1;-1;-1;-1;-1;-1;-1;20;30;30;43;88;30;63;55;43;11;1.8;4.65;2.2;Selfoss;Fjölnir;1.45;2.36;1.4;1.25;1.56;1.33;80;70;70;58;13;88;75;59;0;0;0;746;22;Y;Y;Y;N;N;N;Y
214512;3806;3829;2013;complete;1298;10;-1;28,36;;2;0;2;4;7;11;1;1;0;2;0;0;7;2;5;7;12;9;9;11;47;53;0;2;0;0;0;0;0;0;0;0;0;0;0;0;0;0;0;0;0;0;0;0;0;0;0;0;0;0;0;0;0;0;0;0;0;0;0;0;0;0;0;0;0;0;0;0;0;0;0;0;0;0;0;0;0;0;0;0;0;0;0;0;0;0;0;0;0;0;0;0;2;2;0;0;0;0;2;2013-07-11 19:15:00;3806;0;100;27;25;0;-1;1;-1;-1;-1;-1;-1;-1;0;1;0;1;1;1;-1;0;0;0;0;0;0;0;0;0;0;0;0;0;1;1;0;0;-1;-1;0;0;-1;-1;-1;-1;-1;-1;-1;-1;-1;34;42;80;100;100;45;100;90;70;11;1.57;3.2;3.8;Grindavík;KF;2;0.82;2;1;2.11;1.11;67;59;20;0;0;67;67;33;0;0;0;746;22;Y;Y;N;N;N;N;N
214513;3830;3810;2013;complete;1298;10;-1;53;16,55,89;1;3;4;1;4;5;4;6;1;3;2;0;0;5;2;11;2;16;14;18;49;51;5;3;0;0;0;0;0;0;0;0;0;0;0;0;0;0;0;0;0;0;0;0;0;0;0;0;0;0;0;0;0;0;0;0;0;0;0;0;0;0;0;0;0;0;0;0;0;0;0;0;0;0;0;0;0;0;0;0;0;0;0;0;0;0;0;0;0;0;0;0;4;0;1;1;2;3;1;2013-07-12 19:15:00;3810;0;50;20;30;0;-1;1;-1;-1;-1;-1;-1;-1;1;1;2;2;2;4;-1;0;0;0;0;0;0;0;0;0;0;0;0;0;1;1;0;0;-1;-1;0;1;-1;-1;-1;-1;-1;-1;-1;-1;-1;10;30;60;70;90;30;80;70;50;10.25;4;6.2;2.8;Völsungur;Víkingur Reykjavík;0.09;2.09;0.2;2.6;0.22;1.78;90;70;40;30;10;50;50;38;0;0;0;746;22;Y;Y;Y;Y;N;N;Y
214514;3828;3821;2013;complete;1298;10;-1;10,76;38;2;1;3;-1;-1;-1;-1;-1;0;2;0;0;-1;-1;-1;-1;-1;-1;-1;-1;-1;-1;0;2;0;0;0;0;0;0;0;0;0;0;0;0;0;0;0;0;0;0;0;0;0;0;0;0;0;0;0;0;0;0;0;0;0;0;0;0;0;0;0;0;0;0;0;0;0;0;0;0;0;0;0;0;0;0;0;0;0;0;0;0;0;0;0;0;0;0;0;0;3;1;1;1;0;1;2;2013-07-12 19:15:00;3828;0;74;44;30;0;-1;1;-1;-1;-1;-1;-1;-1;0;1;0;1;1;1;-1;0;0;0;0;0;0;0;0;0;0;0;0;0;1;1;1;0;-1;-1;0;0;-1;-1;-1;-1;-1;-1;-1;-1;-1;10;37;47;74;90;54;80;40;30;14;3.4;3.6;2.57;Tindastóll;Haukar;1.36;1.55;0.67;1.8;0.89;2;90;64;54;27;10;100;100;100;0;0;0;746;22;Y;Y;Y;N;N;N;Y
214515;3813;3811;2013;complete;1298;10;-1;;21;0;1;1;5;10;15;0;1;2;1;0;0;2;6;7;6;9;12;17;8;53;47;2;1;0;0;0;0;0;0;0;0;0;0;0;0;0;0;0;0;0;0;0;0;0;0;0;0;0;0;0;0;0;0;0;0;0;0;0;0;0;0;0;0;0;0;0;0;0;0;0;0;0;0;0;0;0;0;0;0;0;0;0;0;0;0;0;0;0;0;0;0;1;0;1;0;0;0;1;2013-07-12 19:15:00;3811;0;60;20;20;0;-1;1;-1;-1;-1;-1;-1;-1;0;0;2;1;0;3;-1;0;0;0;0;0;0;0;0;0;0;0;0;0;1;1;0;0;-1;-1;0;0;-1;-1;-1;-1;-1;-1;-1;-1;-1;20;30;70;70;90;50;70;70;30;14.25;2;6.6;2.9;Thróttur Reykjavík;KA;0.91;1.27;0.2;0.8;0.89;1.22;80;70;30;30;10;88;75;75;0;0;0;746;22;Y;N;N;N;N;N;N
214516;3814;3826;2013;complete;1298;10;-1;48,68,71;60,66;3;2;5;8;3;11;3;2;2;2;0;1;4;9;7;0;11;9;15;14;50;50;2;3;0;0;0;0;0;0;0;0;0;0;0;0;0;0;0;0;0;0;0;0;0;0;0;0;0;0;0;0;0;0;0;0;0;0;0;0;0;0;0;0;0;0;0;0;0;0;0;0;0;0;0;0;0;0;0;0;0;0;0;0;0;0;0;0;0;0;0;0;5;0;0;3;2;5;0;2013-07-13 14:00:00;3814;0;70;30;50;0;-1;1;-1;-1;-1;-1;-1;-1;0;1;2;2;1;4;-1;0;0;0;0;0;0;0;0;0;0;0;0;0;1;1;0;0;-1;-1;0;0;-1;-1;-1;-1;-1;-1;-1;-1;-1;30;40;50;70;90;30;70;60;60;9.17;2.4;5.4;3.3;Leiknir Reykjavík;BI Bolungarvik;1.73;1.36;1.4;1.2;1.44;1.67;70;60;50;30;10;67;67;67;0;0;0;746;22;Y;Y;Y;Y;Y;N;Y
214517;3811;3806;2013;complete;1298;11;-1;71,77;27,34;2;2;4;5;10;15;2;0;1;0;0;0;4;8;6;11;10;19;15;14;48;52;1;0;0;0;0;0;0;0;0;0;0;0;0;0;0;0;0;0;0;0;0;0;0;0;0;0;0;0;0;0;0;0;0;0;0;0;0;0;0;0;0;0;0;0;0;0;0;0;0;0;0;0;0;0;0;0;0;0;0;0;0;0;0;0;0;0;0;0;0;0;4;0;2;2;0;2;2;2013-07-16 18:00:00;-1;0;13;0;13;0;-1;1;-1;-1;-1;-1;-1;-1;1;0;0;0;1;0;-1;0;0;0;0;0;0;0;0;0;0;0;0;0;1;1;0;0;-1;-1;0;0;-1;-1;-1;-1;-1;-1;-1;-1;-1;0;0;17;42;84;17;59;42;25;17.67;2.33;3.58;1.42;KA;Grindavík;1.64;1.82;1.75;2.33;1.4;2.2;100;100;84;59;17;100;100;100;0;0;0;746;22;Y;Y;Y;Y;N;N;Y
214518;3810;3813;2013;complete;1298;11;-1;5,61,76;79;3;1;4;8;2;10;4;1;0;1;0;0;6;4;6;1;12;5;6;6;51;49;0;1;0;0;0;0;0;0;0;0;0;0;0;0;0;0;0;0;0;0;0;0;0;0;0;0;0;0;0;0;0;0;0;0;0;0;0;0;0;0;0;0;0;0;0;0;0;0;0;0;0;0;0;0;0;0;0;0;0;0;0;0;0;0;0;0;0;0;0;0;4;1;0;2;1;3;1;2013-07-16 19:15:00;3810;0;88;13;25;0;-1;1;-1;-1;-1;-1;-1;-1;0;0;0;1;0;1;-1;0;0;0;0;0;0;0;1;0;1;0;0;0;1;1;1;0;-1;-1;0;0;-1;-1;-1;-1;-1;-1;-1;-1;-1;0;38;63;88;100;38;88;100;38;16;1.75;4.25;2.88;Víkingur Reykjavík;Thróttur Reykjavík;1.73;1.18;0.75;1.75;1.9;0.8;100;63;38;13;0;67;67;67;0;0;0;746;22;Y;Y;Y;Y;N;N;Y
214519;3808;3814;2013;complete;1298;11;-1;12;;1;0;1;4;3;7;1;1;1;0;0;0;6;3;3;3;9;6;18;11;47;53;1;0;0;0;0;0;0;0;0;0;0;0;0;0;0;0;0;0;0;0;0;0;0;0;0;0;0;0;0;0;0;0;0;0;0;0;0;0;0;0;0;0;0;0;0;0;0;0;0;0;0;0;0;0;0;0;0;0;0;0;0;0;0;0;0;0;0;0;0;0;1;1;0;0;0;0;1;2013-07-16 19:15:00;3808;0;65;33;55;0;-1;1;-1;-1;-1;-1;-1;-1;0;0;1;0;0;1;-1;0;0;0;0;0;0;0;0;0;0;0;0;0;1;1;0;0;-1;-1;0;0;-1;-1;-1;-1;-1;-1;-1;-1;-1;45;45;78;78;90;45;68;90;65;11.5;3.5;4.75;3.78;Fjölnir;Leiknir Reykjavík;1.55;1.18;1.4;1.5;1.5;1.6;55;55;23;23;10;75;63;50;0;0;0;746;22;Y;N;N;N;N;N;N
214520;3826;3828;2013;complete;1298;11;-1;15,90;;2;0;2;7;9;16;5;3;1;3;0;0;4;0;3;7;7;7;19;17;49;51;1;3;0;0;0;0;0;0;0;0;0;0;0;0;0;0;0;0;0;0;0;0;0;0;0;0;0;0;0;0;0;0;0;0;0;0;0;0;0;0;0;0;0;0;0;0;0;0;0;0;0;0;0;0;0;0;0;0;0;0;0;0;0;0;0;0;0;0;0;0;2;1;0;1;0;1;1;2013-07-16 19:15:00;3826;0;79;21;29;0;-1;1;-1;-1;-1;-1;-1;-1;0;0;1;3;0;4;-1;0;0;0;0;0;0;0;0;0;0;0;0;0;1;1;0;0;-1;-1;0;0;-1;-1;-1;-1;-1;-1;-1;-1;-1;21;21;54;92;100;54;71;92;50;9.42;4;4.5;3.13;BI Bolungarvik;Tindastóll;2.27;0.91;2.25;1;1.5;1.1;79;79;46;9;0;88;88;54;0;0;0;746;22;Y;Y;N;N;N;N;N
214521;3821;3830;2013;complete;1298;11;-1;24,58,62,90,90;3;5;1;6;6;2;8;7;3;3;1;1;0;6;0;6;3;12;3;18;9;52;48;4;1;0;0;0;0;0;0;0;0;0;0;0;0;0;0;0;0;0;0;0;0;0;0;0;0;0;0;0;0;0;0;0;0;0;0;0;0;0;0;0;0;0;0;0;0;0;0;0;0;0;0;0;0;0;0;0;0;0;0;0;0;0;0;0;0;0;0;0;0;6;1;1;4;0;4;2;2013-07-16 19:15:00;3821;0;63;13;38;0;-1;1;-1;-1;-1;-1;-1;-1;2;1;2;0;3;2;-1;0;0;0;0;0;0;0;1;0;1;0;0;0;1;1;0;1;-1;-1;0;1;-1;-1;-1;-1;-1;-1;-1;-1;-1;38;38;50;75;100;25;63;75;63;13.67;2;4.5;3.5;Haukar;Völsungur;2.27;0.09;2.25;0.25;1.8;0.2;63;63;50;25;0;100;84;67;0;0;0;746;22;Y;Y;Y;Y;Y;Y;Y
214522;3829;3818;2013;complete;1298;11;-1;28,76;26;2;1;3;6;7;13;1;4;2;3;2;0;3;6;4;4;7;10;13;13;53;47;6;3;0;0;0;0;0;0;0;0;0;0;0;0;0;0;0;0;0;0;0;0;0;0;0;0;0;0;0;0;0;0;0;0;0;0;0;0;0;0;0;0;0;0;0;0;0;0;0;0;0;0;0;0;0;0;0;0;0;0;0;0;0;0;0;0;0;0;0;0;3;1;1;1;0;1;2;2013-07-16 19:15:00;3829;0;75;25;63;0;-1;1;-1;-1;-1;-1;-1;-1;1;1;3;2;2;5;-1;0;0;0;0;0;0;0;1;0;1;0;0;0;1;1;0;0;-1;-1;0;1;-1;-1;-1;-1;-1;-1;-1;-1;-1;25;38;50;75;88;25;50;88;75;9.5;2.75;5.5;3;KF;Selfoss;1.09;1;1.25;1.75;1;1.4;75;63;50;25;13;88;88;54;0;0;0;746;22;Y;Y;Y;N;N;N;Y
214523;3810;3806;2013;complete;1298;12;-1;3,62,75,90;6,56;4;2;6;6;4;10;0;4;0;2;0;0;6;3;3;5;9;8;10;12;51;49;0;2;0;0;0;0;0;0;0;0;0;0;0;0;0;0;0;0;0;0;0;0;0;0;0;0;0;0;0;0;0;0;0;0;0;0;0;0;0;0;0;0;0;0;0;0;0;0;0;0;0;0;0;0;0;0;0;0;0;0;0;0;0;0;0;0;0;0;0;0;6;1;1;3;1;4;2;2013-07-19 19:15:00;3810;0;63;0;30;0;-1;1;-1;-1;-1;-1;-1;-1;0;0;0;2;0;2;-1;0;0;0;0;0;0;0;0;0;0;0;0;0;1;1;1;1;-1;-1;0;0;-1;-1;-1;-1;-1;-1;-1;-1;-1;0;33;55;75;88;25;88;75;43;16.5;2.2;3.75;2.5;Víkingur Reykjavík;Grindavík;1.73;1.82;1.2;2;2;2.09;100;68;45;25;13;88;88;75;0;0;0;746;22;Y;Y;Y;Y;Y;Y;Y
214524;3821;3813;2013;complete;1298;12;-1;29;21,50;1;2;3;6;3;9;1;3;2;3;0;0;4;4;10;3;14;7;7;22;48;52;2;3;0;0;0;0;0;0;0;0;0;0;0;0;0;0;0;0;0;0;0;0;0;0;0;0;0;0;0;0;0;0;0;0;0;0;0;0;0;0;0;0;0;0;0;0;0;0;0;0;0;0;0;0;0;0;0;0;0;0;0;0;0;0;0;0;0;0;0;0;3;1;1;0;1;1;2;2013-07-19 19:15:00;3813;0;70;20;30;0;-1;1;-1;-1;-1;-1;-1;-1;1;1;1;2;2;3;-1;0;0;0;0;0;0;0;0;1;0;1;0;0;1;1;0;0;-1;-1;0;0;-1;-1;-1;-1;-1;-1;-1;-1;-1;30;60;70;70;100;40;80;90;50;13.25;3.8;3.6;3.7;Haukar;Thróttur Reykjavík;2.27;1.18;2.4;1.4;1.91;0.73;70;40;30;30;0;75;63;38;0;0;0;746;22;Y;Y;Y;N;N;N;Y
214525;3829;3808;2013;complete;1298;12;-1;;5;0;1;1;-1;-1;-1;-1;-1;5;2;0;0;-1;-1;-1;-1;-1;-1;-1;-1;-1;-1;5;2;0;0;0;0;0;0;0;0;0;0;0;0;0;0;0;0;0;0;0;0;0;0;0;0;0;0;0;0;0;0;0;0;0;0;0;0;0;0;0;0;0;0;0;0;0;0;0;0;0;0;0;0;0;0;0;0;0;0;0;0;0;0;0;0;0;0;0;0;1;0;1;0;0;0;1;2013-07-20 14:00:00;3808;0;60;20;30;0;-1;1;-1;-1;-1;-1;-1;-1;1;0;4;2;1;6;-1;0;0;0;0;0;0;0;0;0;0;0;0;0;1;1;0;1;-1;-1;0;0;-1;-1;-1;-1;-1;-1;-1;-1;-1;10;10;30;60;90;30;40;80;40;12.1;2.6;6;2;KF;Fjölnir;1.09;2.36;1.6;1.6;1.18;1.64;90;90;70;40;10;90;90;78;0;0;0;746;22;Y;N;N;N;N;N;N
214526;3826;3830;2013;complete;1298;12;-1;3,24,26,79;45;4;1;5;8;5;13;7;1;1;2;1;1;7;4;5;5;12;9;19;10;47;53;2;4;0;0;0;0;0;0;0;0;0;0;0;0;0;0;0;0;0;0;0;0;0;0;0;0;0;0;0;0;0;0;0;0;0;0;0;0;0;0;0;0;0;0;0;0;0;0;0;0;0;0;0;0;0;0;0;0;0;0;0;0;0;0;0;0;0;0;0;0;5;3;1;1;0;1;4;2013-07-20 15:00:00;3826;0;70;30;20;0;-1;1;-1;-1;-1;-1;-1;-1;0;0;2;3;0;5;-1;0;0;0;0;0;0;0;0;0;0;0;0;0;1;1;1;0;-1;-1;0;0;-1;-1;-1;-1;-1;-1;-1;-1;-1;30;30;60;100;100;60;70;90;60;9.92;3.6;5.2;3.6;BI Bolungarvik;Völsungur;2.27;0.09;2.4;0.2;1.64;0.18;70;70;40;0;0;84;84;59;0;0;0;746;22;Y;Y;Y;Y;Y;N;Y
214527;3811;3818;2013;complete;1298;12;-1;11,56,66,90;49,81,86;4;3;7;-1;-1;-1;-1;-1;1;5;0;2;-1;-1;-1;-1;-1;-1;-1;-1;-1;-1;1;7;0;0;0;0;0;0;0;0;0;0;0;0;0;0;0;0;0;0;0;0;0;0;0;0;0;0;0;0;0;0;0;0;0;0;0;0;0;0;0;0;0;0;0;0;0;0;0;0;0;0;0;0;0;0;0;0;0;0;0;0;0;0;0;0;0;0;0;0;7;1;0;3;3;6;1;2013-07-20 16:00:00;3811;0;60;20;40;0;-1;1;-1;-1;-1;-1;-1;-1;0;0;1;7;0;8;-1;0;0;0;0;0;0;0;1;0;1;0;0;0;1;1;0;0;-1;-1;0;0;-1;-1;-1;-1;-1;-1;-1;-1;-1;10;30;50;70;90;30;70;70;60;14;2.8;4.2;2.7;KA;Selfoss;1.64;1;1.6;1.4;1.36;1.27;90;70;50;30;10;100;100;75;0;0;0;746;22;Y;Y;Y;Y;Y;Y;Y
214528;3828;3814;2013;complete;1298;12;-1;6,38,49,88;4,36,90;4;3;7;-1;-1;-1;-1;-1;0;2;0;0;-1;-1;-1;-1;-1;-1;-1;-1;-1;-1;0;2;0;0;0;0;0;0;0;0;0;0;0;0;0;0;0;0;0;0;0;0;0;0;0;0;0;0;0;0;0;0;0;0;0;0;0;0;0;0;0;0;0;0;0;0;0;0;0;0;0;0;0;0;0;0;0;0;0;0;0;0;0;0;0;0;0;0;0;0;7;2;2;2;1;3;4;2013-07-20 16:30:00;3828;0;58;48;20;0;-1;1;-1;-1;-1;-1;-1;-1;0;1;0;1;1;1;-1;0;0;0;0;0;0;0;0;1;0;1;0;0;1;1;1;1;-1;-1;0;0;-1;-1;-1;-1;-1;-1;-1;-1;-1;20;33;55;68;100;58;90;53;20;13.2;3.45;2.95;2.85;Tindastóll;Leiknir Reykjavík;1.36;1.18;1.25;1.2;1;1.45;80;68;45;33;0;80;70;60;0;0;0;746;22;Y;Y;Y;Y;Y;Y;Y
214529;3818;3810;2013;complete;1298;13;-1;14,29,45,50,83,90;65;6;1;7;0;5;5;4;0;2;0;0;0;2;0;3;6;5;6;9;12;52;48;2;0;0;0;0;0;0;0;0;0;0;0;0;0;0;0;0;0;0;0;0;0;0;0;0;0;0;0;0;0;0;0;0;0;0;0;0;0;0;0;0;0;0;0;0;0;0;0;0;0;0;0;0;0;0;0;0;0;0;0;0;0;0;0;0;0;0;0;0;0;7;3;0;3;1;4;3;2013-07-25 19:15:00;3818;0;67;25;50;0;-1;1;-1;-1;-1;-1;-1;-1;1;0;1;0;1;1;-1;0;0;0;0;0;0;0;0;1;0;1;0;0;1;1;0;0;-1;-1;0;0;-1;-1;-1;-1;-1;-1;-1;-1;-1;25;50;67;75;100;42;92;75;67;10.8;4.67;4.67;3.42;Selfoss;Víkingur Reykjavík;1.45;2.09;1.17;2.67;1.17;2.08;75;50;33;25;0;60;50;40;0;0;0;746;22;Y;Y;Y;Y;Y;Y;Y
214530;3806;3821;2013;complete;1298;13;-1;90;90;1;1;2;15;3;18;1;1;1;1;0;0;6;0;7;5;13;5;14;14;51;49;1;1;0;0;0;0;0;0;0;0;0;0;0;0;0;0;0;0;0;0;0;0;0;0;0;0;0;0;0;0;0;0;0;0;0;0;0;0;0;0;0;0;0;0;0;0;0;0;0;0;0;0;0;0;0;0;0;0;0;0;0;0;0;0;0;0;0;0;0;0;2;0;0;1;1;2;0;2013-07-25 19:15:00;-1;0;85;31;47;0;-1;1;-1;-1;-1;-1;-1;-1;0;0;1;1;0;2;-1;0;0;0;0;0;0;0;0;0;0;0;0;0;1;1;0;0;-1;-1;0;0;-1;-1;-1;-1;-1;-1;-1;-1;-1;37;52;77;92;92;54;84;85;68;12;1.29;3.36;3.7;Grindavík;Haukar;2;1.55;2.14;1.5;1.92;1.75;63;48;24;9;9;100;100;75;0;0;0;746;22;Y;Y;N;N;N;N;Y
214531;3808;3811;2013;complete;1298;13;-1;;87;0;1;1;6;4;10;2;2;1;3;0;0;4;0;6;3;10;3;13;9;53;47;1;3;0;0;0;0;0;0;0;0;0;0;0;0;0;0;0;0;0;0;0;0;0;0;0;0;0;0;0;0;0;0;0;0;0;0;0;0;0;0;0;0;0;0;0;0;0;0;0;0;0;0;0;0;0;0;0;0;0;0;0;0;0;0;0;0;0;0;0;0;1;0;0;0;1;1;0;2013-07-27 14:00:00;3811;0;67;33;42;0;-1;1;-1;-1;-1;-1;-1;-1;0;2;1;1;2;2;-1;0;0;0;0;0;0;0;0;0;0;0;0;0;1;1;0;0;-1;-1;0;1;-1;-1;-1;-1;-1;-1;-1;-1;-1;33;42;67;67;92;33;75;59;59;12.4;1.5;4.5;3.33;Fjölnir;KA;1.55;1.27;1.67;1.17;1.75;1.5;67;59;33;33;9;70;60;60;0;0;0;746;22;Y;N;N;N;N;N;N
214532;3830;3828;2013;complete;1298;13;-1;46,90;4,31,36;2;3;5;-1;-1;-1;-1;-1;4;2;1;2;-1;-1;-1;-1;-1;-1;-1;-1;-1;-1;5;6;0;0;0;0;0;0;0;0;0;0;0;0;0;0;0;0;0;0;0;0;0;0;0;0;0;0;0;0;0;0;0;0;0;0;0;0;0;0;0;0;0;0;0;0;0;0;0;0;0;0;0;0;0;0;0;0;0;0;0;0;0;0;0;0;0;0;0;0;5;0;3;2;0;2;3;2013-07-27 16:00:00;3828;0;61;16;23;0;-1;1;-1;-1;-1;-1;-1;-1;2;1;3;3;3;6;-1;0;0;0;0;0;0;0;0;0;0;0;0;0;1;1;0;1;-1;-1;0;0;-1;-1;-1;-1;-1;-1;-1;-1;-1;7;24;48;77;92;31;77;77;38;9.2;3.47;5.04;2.47;Völsungur;Tindastóll;0.09;0.91;0.17;0.86;0.17;1.17;93;77;52;24;9;60;60;60;0;0;0;746;22;Y;Y;Y;Y;Y;N;Y
214533;3829;3814;2013;complete;1298;13;-1;;55;0;1;1;-1;-1;-1;-1;-1;1;0;0;0;-1;-1;-1;-1;-1;-1;-1;-1;-1;-1;1;0;0;0;0;0;0;0;0;0;0;0;0;0;0;0;0;0;0;0;0;0;0;0;0;0;0;0;0;0;0;0;0;0;0;0;0;0;0;0;0;0;0;0;0;0;0;0;0;0;0;0;0;0;0;0;0;0;0;0;0;0;0;0;0;0;0;0;0;0;1;0;0;0;1;1;0;2013-07-27 16:00:00;3814;0;59;33;42;0;-1;1;-1;-1;-1;-1;-1;-1;1;0;0;0;1;0;-1;0;0;0;0;0;0;0;0;0;0;0;0;0;1;1;0;0;-1;-1;0;0;-1;-1;-1;-1;-1;-1;-1;-1;-1;34;34;50;67;100;42;67;83;50;10.8;2.84;5.67;3.08;KF;Leiknir Reykjavík;1.09;1.18;1.33;1;1.08;1.33;67;67;50;33;0;70;60;50;0;0;0;746;22;Y;N;N;N;N;N;N
214534;3813;3826;2013;complete;1298;13;-1;19,51,65;21,90;3;2;5;1;5;6;2;1;2;1;0;1;0;7;4;6;4;13;13;8;49;51;2;3;0;0;0;0;0;0;0;0;0;0;0;0;0;0;0;0;0;0;0;0;0;0;0;0;0;0;0;0;0;0;0;0;0;0;0;0;0;0;0;0;0;0;0;0;0;0;0;0;0;0;0;0;0;0;0;0;0;0;0;0;0;0;0;0;0;0;0;0;5;1;1;2;1;3;2;2013-07-28 17:00:00;3813;0;50;17;25;0;-1;1;-1;-1;-1;-1;-1;-1;1;1;1;1;2;2;-1;0;0;0;0;0;0;0;0;0;0;0;0;0;1;1;0;0;-1;-1;0;0;-1;-1;-1;-1;-1;-1;-1;-1;-1;34;34;59;59;92;42;75;67;34;10.8;3.16;6.66;3.17;Thróttur Reykjavík;BI Bolungarvik;0.91;1.36;0.17;1;0.92;1.75;67;67;42;42;9;100;100;100;0;0;0;746;22;Y;Y;Y;Y;Y;N;Y
214535;3810;3808;2013;complete;1298;14;-1;;7,56;0;2;2;5;3;8;5;4;0;0;0;0;2;6;6;11;8;17;5;10;52;48;0;0;0;0;0;0;0;0;0;0;0;0;0;0;0;0;0;0;0;0;0;0;0;0;0;0;0;0;0;0;0;0;0;0;0;0;0;0;0;0;0;0;0;0;0;0;0;0;0;0;0;0;0;0;0;0;0;0;0;0;0;0;0;0;0;0;0;0;0;0;2;0;1;0;1;1;1;2013-07-31 19:15:00;3808;0;67;9;42;0;-1;-1;-1;-1;-1;-1;-1;-1;0;0;0;0;0;0;-1;0;0;0;0;0;0;0;0;0;0;0;0;0;1;1;0;1;-1;-1;-1;-1;-1;-1;-1;-1;-1;-1;-1;-1;-1;9;25;42;67;92;17;75;75;42;14.5;1.67;4.34;2.42;Víkingur Reykjavík;Fjölnir;1.73;2.36;1.5;1.83;1.92;1.62;92;75;58;34;9;90;90;58;0;0;0;746;22;Y;Y;N;N;N;N;N
214536;3811;3829;2013;complete;1298;14;-1;89;82;1;1;2;4;2;6;0;3;3;4;1;0;7;3;5;5;12;8;16;19;49;51;5;4;0;0;0;0;0;0;0;0;0;0;0;0;0;0;0;0;0;0;0;0;0;0;0;0;0;0;0;0;0;0;0;0;0;0;0;0;0;0;0;0;0;0;0;0;0;0;0;0;0;0;0;0;0;0;0;0;0;0;0;0;0;0;0;0;0;0;0;0;2;0;0;1;1;2;0;2013-07-31 19:15:00;-1;0;67;9;17;0;-1;1;-1;-1;-1;-1;-1;-1;1;0;3;4;1;7;-1;0;0;0;0;0;0;0;0;0;0;0;0;0;1;1;0;0;-1;-1;0;0;-1;-1;-1;-1;-1;-1;-1;-1;-1;9;17;42;84;100;34;84;67;50;14.25;2.16;3.34;2.67;KA;KF;1.64;0.82;1.83;0.83;1.62;1;92;84;59;17;0;75;75;75;0;0;0;746;22;Y;Y;N;N;N;N;Y
214537;3814;3830;2013;complete;1298;14;-1;10,84,86;;3;0;3;18;4;22;3;2;1;0;0;0;7;0;11;4;18;4;13;10;48;52;1;0;0;0;0;0;0;0;0;0;0;0;0;0;0;0;0;0;0;0;0;0;0;0;0;0;0;0;0;0;0;0;0;0;0;0;0;0;0;0;0;0;0;0;0;0;0;0;0;0;0;0;0;0;0;0;0;0;0;0;0;0;0;0;0;0;0;0;0;0;3;1;0;2;0;2;1;2013-07-31 19:15:00;3814;0;83;34;42;0;-1;1;-1;-1;-1;-1;-1;-1;0;0;1;0;0;1;-1;0;0;0;0;0;0;0;0;0;0;0;0;0;1;1;1;0;-1;-1;0;0;-1;-1;-1;-1;-1;-1;-1;-1;-1;34;42;59;92;92;42;50;75;67;11;2;4.83;3.34;Leiknir Reykjavík;Völsungur;1.73;0.09;1.67;0.17;1.46;0.15;67;59;42;9;9;63;63;63;0;0;0;746;22;Y;Y;Y;N;N;N;N
214538;3821;3818;2013;complete;1298;14;-1;4,7;10;2;1;3;4;2;6;0;2;1;0;0;0;5;4;7;9;12;13;11;5;49;51;1;0;0;0;0;0;0;0;0;0;0;0;0;0;0;0;0;0;0;0;0;0;0;0;0;0;0;0;0;0;0;0;0;0;0;0;0;0;0;0;0;0;0;0;0;0;0;0;0;0;0;0;0;0;0;0;0;0;0;0;0;0;0;0;0;0;0;0;0;0;3;2;1;0;0;0;3;2013-07-31 19:15:00;3821;0;75;33;50;0;-1;1;-1;-1;-1;-1;-1;-1;0;0;1;0;0;1;-1;0;0;0;0;0;0;0;0;0;0;0;0;0;1;1;2;1;-1;-1;0;0;-1;-1;-1;-1;-1;-1;-1;-1;-1;42;50;75;75;92;33;83;83;59;11.75;3.5;5.67;4;Haukar;Selfoss;2.27;1;2;1.17;1.69;1.31;59;50;25;25;9;90;70;35;0;0;0;746;22;Y;Y;Y;N;N;N;Y
214539;3828;3813;2013;complete;1298;14;-1;50,63,82;;3;0;3;-1;-1;-1;-1;-1;1;4;0;1;-1;-1;-1;-1;-1;-1;-1;-1;-1;-1;1;5;0;0;0;0;0;0;0;0;0;0;0;0;0;0;0;0;0;0;0;0;0;0;0;0;0;0;0;0;0;0;0;0;0;0;0;0;0;0;0;0;0;0;0;0;0;0;0;0;0;0;0;0;0;0;0;0;0;0;0;0;0;0;0;0;0;0;0;0;3;0;0;3;0;3;0;2013-08-01 18:00:00;3828;0;82;57;19;0;-1;1;-1;-1;-1;-1;-1;-1;1;1;0;4;2;4;-1;0;0;0;0;0;0;0;0;0;0;0;0;0;1;1;0;0;-1;-1;0;0;-1;-1;-1;-1;-1;-1;-1;-1;-1;10;45;72;82;100;74;92;70;27;13.4;2.3;2.43;3.29;Tindastóll;Thróttur Reykjavík;1.36;1.18;1.6;1.67;1.31;1.08;90;55;29;19;0;90;80;70;0;0;0;746;22;Y;Y;Y;N;N;N;N
214540;3826;3806;2013;complete;1298;14;-1;12,19,24;58;3;1;4;-1;-1;-1;-1;-1;2;3;0;0;-1;-1;-1;-1;-1;-1;-1;-1;-1;-1;2;3;0;0;0;0;0;0;0;0;0;0;0;0;0;0;0;0;0;0;0;0;0;0;0;0;0;0;0;0;0;0;0;0;0;0;0;0;0;0;0;0;0;0;0;0;0;0;0;0;0;0;0;0;0;0;0;0;0;0;0;0;0;0;0;0;0;0;0;0;4;3;0;0;1;1;3;2013-08-01 18:00:00;3826;0;54;27;19;0;-1;1;-1;-1;-1;-1;-1;-1;0;1;2;2;1;4;-1;0;0;0;0;0;0;0;0;0;0;0;0;0;1;1;0;0;-1;-1;0;0;-1;-1;-1;-1;-1;-1;-1;-1;-1;27;37;64;80;90;64;82;80;37;12.8;4.93;4.3;3.24;BI Bolungarvik;Grindavík;2.27;1.82;2.5;1.6;1.62;1.85;74;64;37;20;10;100;100;68;0;0;0;746;22;Y;Y;Y;Y;N;N;Y
214541;3828;3806;2013;complete;1298;15;-1;;41,69;0;2;2;4;5;9;2;1;1;1;0;0;3;10;5;8;8;18;16;12;51;49;1;1;0;0;0;0;0;0;0;0;0;0;0;0;0;0;0;0;0;0;0;0;0;0;0;0;0;0;0;0;0;0;0;0;0;0;0;0;0;0;0;0;0;0;0;0;0;0;0;0;0;0;0;0;0;0;0;0;0;0;0;0;0;0;0;0;0;0;0;0;2;0;1;0;1;1;1;2013-08-08 19:15:00;3806;0;59;42;17;0;-1;1;-1;-1;-1;-1;-1;-1;0;1;1;0;1;1;-1;0;0;0;0;0;0;0;0;0;0;0;0;0;1;1;0;0;-1;-1;0;0;-1;-1;-1;-1;-1;-1;-1;-1;-1;17;42;67;75;92;67;83;59;33;15;1.67;2.67;3.17;Tindastóll;Grindavík;1.36;1.82;1.83;1.33;1.43;1.71;83;59;33;25;9;100;100;88;0;0;0;746;22;Y;Y;N;N;N;N;N
214542;3808;3821;2013;complete;1298;15;-1;1,52,60,89;88;4;1;5;8;6;14;2;2;1;3;0;0;8;2;7;3;15;5;13;8;50;50;1;3;0;0;0;0;0;0;0;0;0;0;0;0;0;0;0;0;0;0;0;0;0;0;0;0;0;0;0;0;0;0;0;0;0;0;0;0;0;0;0;0;0;0;0;0;0;0;0;0;0;0;0;0;0;0;0;0;0;0;0;0;0;0;0;0;0;0;0;0;5;1;0;3;1;4;1;2013-08-08 19:15:00;3808;0;72;29;50;0;-1;1;-1;-1;-1;-1;-1;-1;0;0;1;3;0;4;-1;0;0;0;0;0;0;0;0;0;0;0;0;0;1;1;1;0;-1;-1;0;0;-1;-1;-1;-1;-1;-1;-1;-1;-1;22;29;57;72;86;36;57;79;57;10.9;2.14;4;2.86;Fjölnir;Haukar;1.55;1.55;1.43;1.43;1.71;1.79;79;71;43;29;14;84;84;75;0;0;0;746;22;Y;Y;Y;Y;Y;N;Y
214543;3829;3810;2013;complete;1298;15;-1;66,72;13,64;2;2;4;-1;-1;-1;-1;-1;4;2;1;0;-1;-1;-1;-1;-1;-1;-1;-1;-1;-1;6;2;0;0;0;0;0;0;0;0;0;0;0;0;0;0;0;0;0;0;0;0;0;0;0;0;0;0;0;0;0;0;0;0;0;0;0;0;0;0;0;0;0;0;0;0;0;0;0;0;0;0;0;0;0;0;0;0;0;0;0;0;0;0;0;0;0;0;0;0;4;0;1;2;1;3;1;2013-08-08 19:15:00;-1;0;64;22;50;0;-1;1;-1;-1;-1;-1;-1;-1;2;1;3;1;3;4;-1;0;0;0;0;0;0;0;0;1;0;1;0;0;1;1;0;0;-1;-1;0;0;-1;-1;-1;-1;-1;-1;-1;-1;-1;22;36;50;72;100;29;65;86;65;11.1;4;5.85;3.07;KF;Víkingur Reykjavík;1.09;2.09;1.14;2.29;1;1.79;79;65;50;29;0;57;57;49;0;0;0;746;22;Y;Y;Y;Y;N;N;Y
214544;3811;3814;2013;complete;1298;15;-1;;70;0;1;1;6;4;10;1;2;0;2;0;0;4;3;4;3;8;6;14;6;51;49;0;2;0;0;0;0;0;0;0;0;0;0;0;0;0;0;0;0;0;0;0;0;0;0;0;0;0;0;0;0;0;0;0;0;0;0;0;0;0;0;0;0;0;0;0;0;0;0;0;0;0;0;0;0;0;0;0;0;0;0;0;0;0;0;0;0;0;0;0;0;1;0;0;0;1;1;0;2013-08-10 16:00:00;3814;0;50;15;43;0;-1;1;-1;-1;-1;-1;-1;-1;0;0;0;2;0;2;-1;0;0;0;0;0;0;0;0;0;0;0;0;0;1;1;0;0;-1;-1;0;0;-1;-1;-1;-1;-1;-1;-1;-1;-1;29;36;43;64;100;29;64;79;57;13.4;2;3.57;3.07;KA;Leiknir Reykjavík;1.64;1.18;1.71;1.29;1.57;1.57;72;64;57;36;0;70;60;50;0;0;0;746;22;Y;N;N;N;N;N;N
214545;3813;3830;2013;complete;1298;15;-1;24,48,55;;3;0;3;6;3;9;2;0;1;1;0;0;4;3;9;4;13;7;15;10;50;50;1;1;0;0;0;0;0;0;0;0;0;0;0;0;0;0;0;0;0;0;0;0;0;0;0;0;0;0;0;0;0;0;0;0;0;0;0;0;0;0;0;0;0;0;0;0;0;0;0;0;0;0;0;0;0;0;0;0;0;0;0;0;0;0;0;0;0;0;0;0;3;1;0;2;0;2;1;2013-08-10 16:00:00;3813;0;57;29;14;0;-1;1;-1;-1;-1;-1;-1;-1;0;1;1;0;1;1;-1;0;0;0;0;0;0;0;0;0;0;0;0;0;1;1;0;0;-1;-1;0;0;-1;-1;-1;-1;-1;-1;-1;-1;-1;29;29;64;79;93;57;71;79;43;10.93;2.57;5.57;3.08;Thróttur Reykjavík;Völsungur;0.91;0.09;0.57;0.14;1;0.14;72;72;36;22;7;82;82;82;0;0;0;746;22;Y;Y;Y;N;N;N;N
214546;3818;3826;2013;complete;1298;15;-1;;6,19;0;2;2;5;6;11;3;3;2;2;0;0;4;5;11;3;15;8;11;13;51;49;2;2;0;0;0;0;0;0;0;0;0;0;0;0;0;0;0;0;0;0;0;0;0;0;0;0;0;0;0;0;0;0;0;0;0;0;0;0;0;0;0;0;0;0;0;0;0;0;0;0;0;0;0;0;0;0;0;0;0;0;0;0;0;0;0;0;0;0;0;0;2;0;2;0;0;0;2;2013-08-11 17:00:00;3826;0;71;36;50;0;-1;1;-1;-1;-1;-1;-1;-1;1;1;1;1;2;2;-1;0;0;0;0;0;0;0;0;0;0;0;0;0;1;1;0;1;-1;-1;0;0;-1;-1;-1;-1;-1;-1;-1;-1;-1;57;64;71;71;100;57;93;71;64;8;3.14;4.86;4.22;Selfoss;BI Bolungarvik;1.45;1.36;1.43;0.86;1.21;1.71;43;36;29;29;0;75;67;67;0;0;0;746;22;Y;Y;N;N;N;N;N
214547;3826;3808;2013;complete;1298;16;-1;28;22,82;1;2;3;6;2;8;3;2;1;1;0;0;0;7;4;4;4;11;20;12;50;50;1;1;0;0;0;0;0;0;0;0;0;0;0;0;0;0;0;0;0;0;0;0;0;0;0;0;0;0;0;0;0;0;0;0;0;0;0;0;0;0;0;0;0;0;0;0;0;0;0;0;0;0;0;0;0;0;0;0;0;0;0;0;0;0;0;0;0;0;0;0;3;1;1;0;1;1;2;2013-08-16 18:00:00;3808;0;50;15;14;0;-1;1;-1;-1;-1;-1;-1;-1;1;0;0;1;1;1;-1;0;0;0;0;0;0;0;0;0;0;0;0;0;1;1;0;0;-1;-1;1;0;-1;-1;-1;-1;-1;-1;-1;-1;-1;15;22;43;72;93;43;72;79;22;11.6;3.85;4.72;2.57;BI Bolungarvik;Fjölnir;2.27;2.36;2.57;2;1.8;1.8;86;79;58;29;7;90;90;60;0;0;0;746;22;Y;Y;Y;N;N;N;Y
214548;3810;3811;2013;complete;1298;16;-1;;;0;0;0;5;0;5;4;0;2;2;1;0;6;5;2;4;8;9;12;11;53;47;4;2;0;0;0;0;0;0;0;0;0;0;0;0;0;0;0;0;0;0;0;0;0;0;0;0;0;0;0;0;0;0;0;0;0;0;0;0;0;0;0;0;0;0;0;0;0;0;0;0;0;0;0;0;0;0;0;0;0;0;0;0;0;0;0;0;0;0;0;0;0;0;0;0;0;0;0;2013-08-16 18:00:00;-1;0;72;22;43;0;-1;1;-1;-1;-1;-1;-1;-1;1;0;2;2;1;4;-1;0;0;0;0;0;0;0;0;0;0;0;0;0;1;1;0;0;-1;-1;0;0;-1;-1;-1;-1;-1;-1;-1;-1;-1;22;43;57;79;100;22;86;79;50;14;2.28;4.14;3.15;Víkingur Reykjavík;KA;1.73;1.27;1.29;1.43;1.73;1.47;79;57;43;22;0;75;67;42;0;0;0;746;22;N;N;N;N;N;N;N
214549;3830;3806;2013;complete;1298;16;-1;69;18,37,51,85,90;1;5;6;-1;-1;-1;-1;-1;3;1;2;0;-1;-1;-1;-1;-1;-1;-1;-1;-1;-1;7;1;0;0;0;0;0;0;0;0;0;0;0;0;0;0;0;0;0;0;0;0;0;0;0;0;0;0;0;0;0;0;0;0;0;0;0;0;0;0;0;0;0;0;0;0;0;0;0;0;0;0;0;0;0;0;0;0;0;0;0;0;0;0;0;0;0;0;0;0;6;0;2;1;3;4;2;2013-08-16 18:00:00;3806;0;50;14;14;0;-1;1;-1;-1;-1;-1;-1;-1;3;0;2;1;3;3;-1;0;0;0;0;0;0;0;0;1;0;1;0;0;1;1;0;0;-1;-1;0;0;-1;-1;-1;-1;-1;-1;-1;-1;-1;14;43;64;71;86;50;86;71;36;10.2;2.14;5.43;2.86;Völsungur;Grindavík;0.09;1.82;0.14;1.57;0.13;1.8;86;57;36;29;14;70;60;50;0;0;0;746;22;Y;Y;Y;Y;Y;Y;Y
214550;3814;3813;2013;complete;1298;16;-1;59,62,65;;3;0;3;8;3;11;1;1;2;1;0;0;9;3;6;2;15;5;6;13;49;51;2;1;0;0;0;0;0;0;0;0;0;0;0;0;0;0;0;0;0;0;0;0;0;0;0;0;0;0;0;0;0;0;0;0;0;0;0;0;0;0;0;0;0;0;0;0;0;0;0;0;0;0;0;0;0;0;0;0;0;0;0;0;0;0;0;0;0;0;0;0;3;0;0;3;0;3;0;2013-08-16 19:15:00;3814;0;71;22;36;0;-1;1;-1;-1;-1;-1;-1;-1;1;0;1;1;1;2;-1;0;0;0;0;0;0;0;0;0;0;0;0;0;1;1;0;0;-1;-1;0;0;-1;-1;-1;-1;-1;-1;-1;-1;-1;7;36;72;86;93;36;57;86;57;14;2.43;4.15;2.93;Leiknir Reykjavík;Thróttur Reykjavík;1.73;1.18;1.86;1.43;1.67;1.13;93;64;29;14;7;70;60;50;0;0;0;746;22;Y;Y;Y;N;N;N;N
214551;3821;3829;2013;complete;1298;16;-1;20,29,59,90;;4;0;4;9;7;16;0;0;0;0;0;0;4;4;2;6;6;10;13;8;53;47;0;0;0;0;0;0;0;0;0;0;0;0;0;0;0;0;0;0;0;0;0;0;0;0;0;0;0;0;0;0;0;0;0;0;0;0;0;0;0;0;0;0;0;0;0;0;0;0;0;0;0;0;0;0;0;0;0;0;0;0;0;0;0;0;0;0;0;0;0;0;4;2;0;2;0;2;2;2013-08-16 19:15:00;3821;0;79;29;22;0;-1;-1;-1;-1;-1;-1;-1;-1;0;0;0;0;0;0;-1;0;0;0;0;0;0;0;1;0;1;0;0;0;1;1;0;0;-1;-1;-1;-1;-1;-1;-1;-1;-1;-1;-1;-1;-1;22;22;57;86;100;43;86;71;43;10.9;3.57;4.29;3.15;Haukar;KF;2.27;0.82;2.14;0.86;1.67;1;79;79;43;15;0;54;37;29;0;0;0;746;22;Y;Y;Y;Y;N;N;N
214552;3828;3818;2013;complete;1298;16;-1;90;42;1;1;2;-1;-1;-1;-1;-1;2;4;0;0;-1;-1;-1;-1;-1;-1;-1;-1;-1;-1;2;4;0;0;0;0;0;0;0;0;0;0;0;0;0;0;0;0;0;0;0;0;0;0;0;0;0;0;0;0;0;0;0;0;0;0;0;0;0;0;0;0;0;0;0;0;0;0;0;0;0;0;0;0;0;0;0;0;0;0;0;0;0;0;0;0;0;0;0;0;2;0;1;1;0;1;1;2013-08-16 19:15:00;-1;0;72;50;36;0;-1;1;-1;-1;-1;-1;-1;-1;2;1;0;3;3;3;-1;0;0;0;0;0;0;0;0;1;0;1;0;0;1;1;0;0;-1;-1;0;0;-1;-1;-1;-1;-1;-1;-1;-1;-1;22;36;72;86;93;50;86;64;43;10.87;2;3.85;3.5;Tindastóll;Selfoss;1.36;1;1.57;1;1.33;1.13;79;64;29;14;7;90;74;54;0;0;0;746;22;Y;Y;N;N;N;N;Y
214553;3806;3813;2013;complete;1298;17;-1;51,53;41;2;1;3;7;3;10;3;1;2;4;0;1;7;4;7;4;14;8;14;13;50;50;2;5;0;0;0;0;0;0;0;0;0;0;0;0;0;0;0;0;0;0;0;0;0;0;0;0;0;0;0;0;0;0;0;0;0;0;0;0;0;0;0;0;0;0;0;0;0;0;0;0;0;0;0;0;0;0;0;0;0;0;0;0;0;0;0;0;0;0;0;0;3;0;1;2;0;2;1;2013-08-20 19:00:00;3806;0;76;25;32;0;-1;1;-1;-1;-1;-1;-1;-1;1;2;1;3;3;4;-1;0;0;0;0;0;0;0;0;0;0;0;0;0;1;1;0;0;-1;-1;0;0;-1;-1;-1;-1;-1;-1;-1;-1;-1;25;51;82;94;100;50;76;94;69;12.8;1.51;3.01;3.69;Grindavík;Thróttur Reykjavík;2;1.18;2;1.25;1.88;1.06;75;51;19;7;0;92;84;55;0;0;0;746;22;Y;Y;Y;N;N;N;Y
214554;3810;3814;2013;complete;1298;17;-1;81;;1;0;1;5;5;10;3;1;1;5;0;0;4;3;5;4;9;7;13;20;52;48;1;5;0;0;0;0;0;0;0;0;0;0;0;0;0;0;0;0;0;0;0;0;0;0;0;0;0;0;0;0;0;0;0;0;0;0;0;0;0;0;0;0;0;0;0;0;0;0;0;0;0;0;0;0;0;0;0;0;0;0;0;0;0;0;0;0;0;0;0;0;1;0;0;1;0;1;0;2013-08-20 19:00:00;3810;0;57;19;44;0;-1;1;-1;-1;-1;-1;-1;-1;0;1;1;4;1;5;-1;0;0;0;0;0;0;0;0;0;0;0;0;0;1;1;0;0;-1;-1;0;0;-1;-1;-1;-1;-1;-1;-1;-1;-1;26;38;50;69;94;26;76;88;44;12.14;3.26;3.63;3.01;Víkingur Reykjavík;Leiknir Reykjavík;1.73;1.18;1.25;1.5;1.69;1.75;76;63;50;32;7;62;54;23;0;0;0;746;22;Y;N;N;N;N;N;N
214555;3811;3821;2013;complete;1298;17;-1;62;7,66;1;2;3;9;5;14;3;1;3;1;0;0;7;5;5;2;12;7;15;10;49;51;3;1;0;0;0;0;0;0;0;0;0;0;0;0;0;0;0;0;0;0;0;0;0;0;0;0;0;0;0;0;0;0;0;0;0;0;0;0;0;0;0;0;0;0;0;0;0;0;0;0;0;0;0;0;0;0;0;0;0;0;0;0;0;0;0;0;0;0;0;0;3;0;1;1;1;2;1;2013-08-20 19:00:00;3821;0;69;13;51;0;-1;1;-1;-1;-1;-1;-1;-1;2;1;1;0;3;1;-1;0;0;0;0;0;0;0;0;0;0;0;0;0;1;1;0;1;-1;-1;0;0;-1;-1;-1;-1;-1;-1;-1;-1;-1;19;32;44;76;94;26;57;82;63;13.33;1.88;3.88;2.75;KA;Haukar;1.64;1.55;1.5;1.25;1.44;1.75;82;69;57;26;7;92;92;84;0;0;0;746;22;Y;Y;Y;N;N;N;Y
214556;3808;3828;2013;complete;1298;17;-1;22,25;87,90;2;2;4;5;5;10;0;5;1;1;2;1;7;7;7;5;14;12;16;9;52;48;5;3;0;0;0;0;0;0;0;0;0;0;0;0;0;0;0;0;0;0;0;0;0;0;0;0;0;0;0;0;0;0;0;0;0;0;0;0;0;0;0;0;0;0;0;0;0;0;0;0;0;0;0;0;0;0;0;0;0;0;0;0;0;0;0;0;0;0;0;0;4;2;0;0;2;2;2;2013-08-20 19:00:00;-1;0;69;19;38;0;-1;1;-1;-1;-1;-1;-1;-1;0;0;3;2;0;5;-1;0;0;0;0;0;0;0;0;1;0;1;0;0;1;1;0;0;-1;-1;0;0;-1;-1;-1;-1;-1;-1;-1;-1;-1;32;32;51;76;94;32;69;82;57;11.46;3;3.88;3;Fjölnir;Tindastóll;1.55;0.91;1.63;1.13;1.88;1.31;69;69;51;26;7;76;76;69;0;0;0;746;22;Y;Y;Y;Y;N;N;Y
214557;3818;3830;2013;complete;1298;17;-1;4,7,57,73,90,90;85;6;1;7;7;3;10;7;1;2;1;0;0;3;3;5;2;8;5;11;1;47;53;2;1;0;0;0;0;0;0;0;0;0;0;0;0;0;0;0;0;0;0;0;0;0;0;0;0;0;0;0;0;0;0;0;0;0;0;0;0;0;0;0;0;0;0;0;0;0;0;0;0;0;0;0;0;0;0;0;0;0;0;0;0;0;0;0;0;0;0;0;0;7;2;0;4;1;5;2;2013-08-21 18:30:00;3818;0;63;32;26;0;-1;1;-1;-1;-1;-1;-1;-1;0;0;2;1;0;3;-1;0;0;0;0;0;0;0;0;0;0;0;0;0;1;1;2;0;-1;-1;0;0;-1;-1;-1;-1;-1;-1;-1;-1;-1;38;44;69;88;100;63;88;76;63;8.76;2.63;3.88;3.69;Selfoss;Völsungur;1.45;0.09;1.25;0.13;1.13;0.13;63;57;32;13;0;77;62;62;0;0;0;746;22;Y;Y;Y;Y;Y;Y;Y
214558;3829;3826;2013;complete;1298;17;-1;;23,78,88;0;3;3;6;8;14;3;5;0;1;0;0;6;5;2;1;8;6;14;12;49;51;0;1;0;0;0;0;0;0;0;0;0;0;0;0;0;0;0;0;0;0;0;0;0;0;0;0;0;0;0;0;0;0;0;0;0;0;0;0;0;0;0;0;0;0;0;0;0;0;0;0;0;0;0;0;0;0;0;0;0;0;0;0;0;0;0;0;0;0;0;0;3;0;1;0;2;2;1;2013-08-21 18:30:00;3826;0;63;32;44;0;-1;1;-1;-1;-1;-1;-1;-1;0;0;0;1;0;1;-1;0;0;0;0;0;0;0;0;0;0;0;0;0;1;1;0;0;-1;-1;0;0;-1;-1;-1;-1;-1;-1;-1;-1;-1;38;44;51;69;100;38;69;76;57;9.6;2.51;6.63;3.32;KF;BI Bolungarvik;1.09;1.36;1.13;1.13;0.94;1.69;63;57;51;32;0;83;83;83;0;0;0;746;22;Y;Y;Y;N;N;N;N
214559;3821;3810;2013;complete;1298;18;-1;25,88;13;2;1;3;7;7;14;1;5;1;1;0;0;5;5;2;3;7;8;13;11;47;53;1;1;0;0;0;0;0;0;0;0;0;0;0;0;0;0;0;0;0;0;0;0;0;0;0;0;0;0;0;0;0;0;0;0;0;0;0;0;0;0;0;0;0;0;0;0;0;0;0;0;0;0;0;0;0;0;0;0;0;0;0;0;0;0;0;0;0;0;0;0;3;1;1;1;0;1;2;2013-08-24 14:00:00;3821;0;69;26;50;0;-1;1;-1;-1;-1;-1;-1;-1;0;0;1;1;0;2;-1;0;0;0;0;0;0;0;0;0;0;0;0;0;1;1;0;0;-1;-1;0;0;-1;-1;-1;-1;-1;-1;-1;-1;-1;32;57;75;82;100;38;88;82;69;12.36;4.38;4.26;3.94;Haukar;Víkingur Reykjavík;2.27;2.09;2.25;2.13;1.82;1.76;69;44;25;19;0;52;38;23;0;0;0;746;22;Y;Y;Y;N;N;N;Y
214560;3830;3808;2013;complete;1298;18;-1;13;21,30,33;1;3;4;9;3;12;0;6;4;1;0;0;4;4;2;6;6;10;12;19;52;48;4;1;0;0;0;0;0;0;0;0;0;0;0;0;0;0;0;0;0;0;0;0;0;0;0;0;0;0;0;0;0;0;0;0;0;0;0;0;0;0;0;0;0;0;0;0;0;0;0;0;0;0;0;0;0;0;0;0;0;0;0;0;0;0;0;0;0;0;0;0;4;1;3;0;0;0;4;2013-08-24 14:00:00;3808;0;51;13;19;0;-1;1;-1;-1;-1;-1;-1;-1;0;0;4;1;0;5;-1;0;0;0;0;0;0;0;0;0;0;0;0;0;1;1;0;0;-1;-1;0;0;-1;-1;-1;-1;-1;-1;-1;-1;-1;13;25;50;63;88;38;76;69;32;8.77;2;6.13;2.44;Völsungur;Fjölnir;0.09;2.36;0.13;2.13;0.12;1.82;88;75;50;38;13;54;54;45;0;0;0;746;22;Y;Y;Y;Y;N;N;Y
214561;3828;3829;2013;complete;1298;18;-1;31,36,74;14;3;1;4;-1;-1;-1;-1;-1;4;2;0;0;-1;-1;-1;-1;-1;-1;-1;-1;-1;-1;4;2;0;0;0;0;0;0;0;0;0;0;0;0;0;0;0;0;0;0;0;0;0;0;0;0;0;0;0;0;0;0;0;0;0;0;0;0;0;0;0;0;0;0;0;0;0;0;0;0;0;0;0;0;0;0;0;0;0;0;0;0;0;0;0;0;0;0;0;0;4;2;1;1;0;1;3;2013-08-24 14:00:00;3828;0;69;32;13;0;-1;1;-1;-1;-1;-1;-1;-1;1;1;3;1;2;4;-1;0;0;0;0;0;0;0;0;0;0;0;0;0;1;1;0;0;-1;-1;0;0;-1;-1;-1;-1;-1;-1;-1;-1;-1;7;19;50;94;100;50;88;69;38;11.5;1.88;3.01;2.82;Tindastóll;KF;1.36;0.82;1.5;0.75;1.29;0.88;94;82;50;7;0;75;59;59;0;0;0;746;22;Y;Y;Y;Y;N;N;Y
214562;3813;3818;2013;complete;1298;18;-1;;36;0;1;1;9;5;14;1;1;2;2;0;0;6;4;5;3;11;7;9;16;50;50;2;2;0;0;0;0;0;0;0;0;0;0;0;0;0;0;0;0;0;0;0;0;0;0;0;0;0;0;0;0;0;0;0;0;0;0;0;0;0;0;0;0;0;0;0;0;0;0;0;0;0;0;0;0;0;0;0;0;0;0;0;0;0;0;0;0;0;0;0;0;1;0;1;0;0;0;1;2013-08-24 14:00:00;3818;0;63;26;32;0;-1;1;-1;-1;-1;-1;-1;-1;0;0;2;2;0;4;-1;0;0;0;0;0;0;0;0;0;0;0;0;0;1;1;0;0;-1;-1;0;0;-1;-1;-1;-1;-1;-1;-1;-1;-1;19;26;69;76;88;44;82;75;38;10.49;2.5;6.13;3.01;Thróttur Reykjavík;Selfoss;0.91;1;0.88;1;1;1.24;82;76;32;26;13;83;76;56;0;0;0;746;22;Y;N;N;N;N;N;N
214563;3814;3806;2013;complete;1298;18;-1;9;49,81;1;2;3;1;7;8;0;4;3;2;0;0;0;4;3;8;3;12;15;10;52;48;3;2;0;0;0;0;0;0;0;0;0;0;0;0;0;0;0;0;0;0;0;0;0;0;0;0;0;0;0;0;0;0;0;0;0;0;0;0;0;0;0;0;0;0;0;0;0;0;0;0;0;0;0;0;0;0;0;0;0;0;0;0;0;0;0;0;0;0;0;0;3;1;0;0;2;2;1;2013-08-24 14:00:00;3806;0;57;13;38;0;-1;1;-1;-1;-1;-1;-1;-1;0;1;3;1;1;4;-1;0;0;0;0;0;0;0;0;0;0;0;0;0;1;1;1;0;-1;-1;0;0;-1;-1;-1;-1;-1;-1;-1;-1;-1;19;38;63;82;88;38;63;75;57;15.1;2.13;3.63;3;Leiknir Reykjavík;Grindavík;1.73;1.82;2;1.75;1.65;1.94;82;63;38;19;13;84;74;64;0;0;0;746;22;Y;Y;Y;N;N;N;Y
214564;3826;3811;2013;complete;1298;18;-1;55,67,77,85;59,64;4;2;6;9;4;13;2;0;1;0;0;0;8;3;6;2;14;5;10;4;49;51;1;0;0;0;0;0;0;0;0;0;0;0;0;0;0;0;0;0;0;0;0;0;0;0;0;0;0;0;0;0;0;0;0;0;0;0;0;0;0;0;0;0;0;0;0;0;0;0;0;0;0;0;0;0;0;0;0;0;0;0;0;0;0;0;0;0;0;0;0;0;6;0;0;4;2;6;0;2013-08-25 14:00:00;3826;0;63;32;19;0;-1;1;-1;-1;-1;-1;-1;-1;0;0;1;0;0;1;-1;0;0;0;0;0;0;0;0;0;0;0;0;0;1;1;0;0;-1;-1;0;0;-1;-1;-1;-1;-1;-1;-1;-1;-1;25;38;63;75;94;50;76;75;32;11.4;3.38;4.88;3.13;BI Bolungarvik;KA;2.27;1.27;2.25;1.38;1.76;1.35;75;63;38;25;7;77;70;47;0;0;0;746;22;Y;Y;Y;Y;Y;Y;Y
214565;3808;3813;2013;complete;1298;19;-1;39;15,36,90;1;3;4;15;4;19;1;3;1;2;1;0;8;2;14;1;22;3;8;8;51;49;3;2;0;0;0;0;0;0;0;0;0;0;0;0;0;0;0;0;0;0;0;0;0;0;0;0;0;0;0;0;0;0;0;0;0;0;0;0;0;0;0;0;0;0;0;0;0;0;0;0;0;0;0;0;0;0;0;0;0;0;0;0;0;0;0;0;0;0;0;0;4;1;2;0;1;1;3;2013-08-29 18:00:00;3813;0;67;22;28;0;-1;1;-1;-1;-1;-1;-1;-1;0;0;2;2;0;4;-1;0;0;0;0;0;0;0;0;0;0;0;0;0;1;1;0;0;-1;-1;0;0;-1;-1;-1;-1;-1;-1;-1;-1;-1;17;39;78;78;95;39;67;89;62;10.46;2.22;4.44;3.22;Fjölnir;Thróttur Reykjavík;1.55;1.18;1.56;1.11;1.89;0.94;84;62;22;22;6;81;73;47;0;0;0;746;22;Y;Y;Y;Y;N;N;Y
214566;3818;3806;2013;complete;1298;19;-1;17,48,66;;3;0;3;4;12;16;0;2;1;2;0;0;3;9;2;17;5;26;18;9;53;47;1;2;0;0;0;0;0;0;0;0;0;0;0;0;0;0;0;0;0;0;0;0;0;0;0;0;0;0;0;0;0;0;0;0;0;0;0;0;0;0;0;0;0;0;0;0;0;0;0;0;0;0;0;0;0;0;0;0;0;0;0;0;0;0;0;0;0;0;0;0;3;1;0;2;0;2;1;2013-08-29 18:00:00;3818;0;62;17;33;0;-1;1;-1;-1;-1;-1;-1;-1;1;1;0;1;2;1;-1;0;0;0;0;0;0;0;0;0;0;0;0;0;1;1;0;0;-1;-1;0;0;-1;-1;-1;-1;-1;-1;-1;-1;-1;33;50;67;78;95;67;95;73;50;11.42;3.44;3.45;3.61;Selfoss;Grindavík;1.45;1.82;1.44;1.89;1.33;2;67;50;33;22;6;79;65;50;0;0;0;746;22;Y;Y;Y;N;N;N;N
214567;3811;3828;2013;complete;1298;19;-1;18,25,48,52,58;87;5;1;6;3;3;6;0;1;3;2;0;0;3;2;7;7;10;9;20;12;48;52;3;2;0;0;0;0;0;0;0;0;0;0;0;0;0;0;0;0;0;0;0;0;0;0;0;0;0;0;0;0;0;0;0;0;0;0;0;0;0;0;0;0;0;0;0;0;0;0;0;0;0;0;0;0;0;0;0;0;0;0;0;0;0;0;0;0;0;0;0;0;6;2;0;3;1;4;2;2013-08-29 18:00:00;3811;0;67;6;33;0;-1;1;-1;-1;-1;-1;-1;-1;0;1;3;1;1;4;-1;0;0;0;0;0;0;0;0;0;0;0;0;0;1;1;0;0;-1;-1;0;0;-1;-1;-1;-1;-1;-1;-1;-1;-1;17;28;39;78;100;28;67;84;62;13.5;3.11;4;2.73;KA;Tindastóll;1.64;0.91;1.33;1.11;1.28;1.39;84;73;62;22;0;85;85;69;0;0;0;746;22;Y;Y;Y;Y;Y;Y;Y
214568;3821;3814;2013;complete;1298;19;-1;68;50;1;1;2;8;3;11;3;2;2;3;0;1;9;0;8;9;17;9;16;14;47;53;2;4;0;0;0;0;0;0;0;0;0;0;0;0;0;0;0;0;0;0;0;0;0;0;0;0;0;0;0;0;0;0;0;0;0;0;0;0;0;0;0;0;0;0;0;0;0;0;0;0;0;0;0;0;0;0;0;0;0;0;0;0;0;0;0;0;0;0;0;0;2;0;0;1;1;2;0;2013-08-29 19:15:00;-1;0;50;33;28;0;-1;1;-1;-1;-1;-1;-1;-1;1;0;1;4;1;5;-1;0;0;0;0;0;0;0;0;0;0;0;0;0;1;1;0;0;-1;-1;0;0;-1;-1;-1;-1;-1;-1;-1;-1;-1;33;39;61;61;100;45;73;84;39;11.88;3;3.78;3.34;Haukar;Leiknir Reykjavík;2.27;1.18;2.33;1.33;1.89;1.56;67;62;39;39;0;73;54;26;0;0;0;746;22;Y;Y;N;N;N;N;Y
214569;3829;3830;2013;complete;1298;19;-1;16,52,64;44;3;1;4;-1;-1;-1;-1;-1;0;3;0;0;-1;-1;-1;-1;-1;-1;-1;-1;-1;-1;0;3;0;0;0;0;0;0;0;0;0;0;0;0;0;0;0;0;0;0;0;0;0;0;0;0;0;0;0;0;0;0;0;0;0;0;0;0;0;0;0;0;0;0;0;0;0;0;0;0;0;0;0;0;0;0;0;0;0;0;0;0;0;0;0;0;0;0;0;0;4;1;1;2;0;2;2;2013-08-30 18:00:00;3829;0;62;28;28;0;-1;1;-1;-1;-1;-1;-1;-1;0;0;0;3;0;3;-1;0;0;0;0;0;0;0;1;0;1;0;0;0;1;1;0;0;-1;-1;0;0;-1;-1;-1;-1;-1;-1;-1;-1;-1;28;33;61;84;100;39;67;89;67;9.81;1.89;5.22;3.28;KF;Völsungur;1.09;0.09;1;0.11;0.83;0.11;73;67;39;17;0;85;77;70;0;0;0;746;22;Y;Y;Y;Y;N;N;Y
214570;3810;3826;2013;complete;1298;19;-1;68,71,90;;3;0;3;6;9;15;3;0;3;3;0;0;4;6;4;3;8;9;17;20;48;52;3;3;0;0;0;0;0;0;0;0;0;0;0;0;0;0;0;0;0;0;0;0;0;0;0;0;0;0;0;0;0;0;0;0;0;0;0;0;0;0;0;0;0;0;0;0;0;0;0;0;0;0;0;0;0;0;0;0;0;0;0;0;0;0;0;0;0;0;0;0;3;0;0;3;0;3;0;2013-08-31 14:00:00;3810;0;62;22;44;0;-1;1;-1;-1;-1;-1;-1;-1;2;2;1;1;4;2;-1;0;0;0;0;0;0;0;0;0;0;0;0;0;1;1;0;0;-1;-1;0;0;-1;-1;-1;-1;-1;-1;-1;-1;-1;34;45;56;78;95;28;84;78;56;11.38;4.22;4.56;3.39;Víkingur Reykjavík;BI Bolungarvik;1.73;1.36;1.44;1.33;1.67;1.83;67;56;45;22;6;76;76;57;0;0;0;746;22;Y;Y;Y;N;N;N;N
214571;3830;3811;2013;complete;1298;20;-1;;7,19,61,83,85,90;0;6;6;1;8;9;3;7;2;0;0;0;3;7;5;3;8;10;13;16;53;47;2;0;0;0;0;0;0;0;0;0;0;0;0;0;0;0;0;0;0;0;0;0;0;0;0;0;0;0;0;0;0;0;0;0;0;0;0;0;0;0;0;0;0;0;0;0;0;0;0;0;0;0;0;0;0;0;0;0;0;0;0;0;0;0;0;0;0;0;0;0;6;0;2;0;4;4;2;2013-09-05 18:00:00;3811;0;62;22;28;0;-1;1;-1;-1;-1;-1;-1;-1;1;0;1;0;1;1;-1;0;0;0;0;0;0;0;0;0;0;0;0;0;1;1;0;1;-1;-1;0;0;-1;-1;-1;-1;-1;-1;-1;-1;-1;28;50;67;67;89;39;73;62;44;9.88;1.23;6.33;3.17;Völsungur;KA;0.09;1.27;0.11;1.22;0.11;1.37;73;50;33;33;11;63;57;50;0;0;0;746;22;Y;Y;Y;Y;Y;Y;N
214572;3828;3810;2013;complete;1298;20;-1;;36,70,78;0;3;3;5;8;13;0;2;1;1;1;0;4;6;3;11;7;17;18;10;51;49;3;1;0;0;0;0;0;0;0;0;0;0;0;0;0;0;0;0;0;0;0;0;0;0;0;0;0;0;0;0;0;0;0;0;0;0;0;0;0;0;0;0;0;0;0;0;0;0;0;0;0;0;0;0;0;0;0;0;0;0;0;0;0;0;0;0;0;0;0;0;3;0;1;0;2;2;1;2013-09-07 14:00:00;3810;0;73;39;39;0;-1;1;-1;-1;-1;-1;-1;-1;1;0;1;1;1;2;-1;0;0;0;0;0;0;0;0;0;0;0;0;0;1;1;0;0;-1;-1;0;0;-1;-1;-1;-1;-1;-1;-1;-1;-1;17;45;67;89;100;45;89;78;50;12.38;3.22;3.66;3.5;Tindastóll;Víkingur Reykjavík;1.36;2.09;1.67;1.89;1.32;1.74;84;56;33;11;0;72;55;48;0;0;0;746;22;Y;Y;Y;N;N;N;N
214573;3826;3821;2013;complete;1298;20;-1;10,45;43,53;2;2;4;-1;-1;-1;-1;-1;3;1;0;0;-1;-1;-1;-1;-1;-1;-1;-1;-1;-1;3;1;0;0;0;0;0;0;0;0;0;0;0;0;0;0;0;0;0;0;0;0;0;0;0;0;0;0;0;0;0;0;0;0;0;0;0;0;0;0;0;0;0;0;0;0;0;0;0;0;0;0;0;0;0;0;0;0;0;0;0;0;0;0;0;0;0;0;0;0;4;2;1;0;1;1;3;2013-09-07 14:00:00;-1;0;84;28;45;0;-1;1;-1;-1;-1;-1;-1;-1;1;0;2;1;1;3;-1;0;0;0;0;0;0;0;0;1;0;1;0;0;1;1;1;0;-1;-1;0;0;-1;-1;-1;-1;-1;-1;-1;-1;-1;28;39;73;95;95;50;73;95;50;11.72;3.78;4.33;3.45;BI Bolungarvik;Haukar;2.27;1.55;2.33;1.44;1.74;1.84;73;62;28;6;6;93;93;79;0;0;0;746;22;Y;Y;Y;Y;N;N;Y
214574;3813;3829;2013;complete;1298;20;-1;37,59;88;2;1;3;7;2;9;4;3;3;1;1;2;3;6;7;10;10;16;11;13;48;52;5;5;0;0;0;0;0;0;0;0;0;0;0;0;0;0;0;0;0;0;0;0;0;0;0;0;0;0;0;0;0;0;0;0;0;0;0;0;0;0;0;0;0;0;0;0;0;0;0;0;0;0;0;0;0;0;0;0;0;0;0;0;0;0;0;0;0;0;0;0;3;1;0;1;1;2;1;2013-09-07 15:00:00;3813;0;56;17;11;0;-1;1;-1;-1;-1;-1;-1;-1;3;3;1;0;6;1;-1;0;0;0;0;0;0;0;0;0;0;0;0;0;1;1;0;0;-1;-1;0;0;-1;-1;-1;-1;-1;-1;-1;-1;-1;6;17;56;78;95;50;84;73;33;11.46;2.55;4.89;2.5;Thróttur Reykjavík;KF;0.91;0.82;0.78;0.67;1.05;0.95;95;84;44;22;6;69;63;63;0;0;0;746;22;Y;Y;Y;N;N;N;Y
214575;3814;3818;2013;complete;1298;20;-1;28,52,66;44,89;3;2;5;7;9;16;3;2;2;5;0;0;4;2;5;4;9;6;18;17;53;47;2;5;0;0;0;0;0;0;0;0;0;0;0;0;0;0;0;0;0;0;0;0;0;0;0;0;0;0;0;0;0;0;0;0;0;0;0;0;0;0;0;0;0;0;0;0;0;0;0;0;0;0;0;0;0;0;0;0;0;0;0;0;0;0;0;0;0;0;0;0;5;1;1;2;1;3;2;2013-09-09 18:00:00;3814;0;73;22;44;0;-1;1;-1;-1;-1;-1;-1;-1;0;2;2;3;2;5;-1;0;0;0;0;0;0;0;0;1;0;1;0;0;1;1;0;0;-1;-1;0;0;-1;-1;-1;-1;-1;-1;-1;-1;-1;17;28;67;84;89;22;67;73;61;11.76;2.11;5.11;3.06;Leiknir Reykjavík;Selfoss;1.73;1;1.78;1.22;1.53;1.42;84;73;33;17;11;70;70;54;0;0;0;746;22;Y;Y;Y;Y;Y;N;Y
214576;3806;3808;2013;complete;1298;20;-1;;6,22,46,61;0;4;4;8;9;17;2;0;0;1;0;0;12;10;9;9;21;19;6;10;53;47;0;1;0;0;0;0;0;0;0;0;0;0;0;0;0;0;0;0;0;0;0;0;0;0;0;0;0;0;0;0;0;0;0;0;0;0;0;0;0;0;0;0;0;0;0;0;0;0;0;0;0;0;0;0;0;0;0;0;0;0;0;0;0;0;0;0;0;0;0;0;4;0;2;0;2;2;2;2013-09-09 18:00:00;3808;0;67;22;28;0;-1;1;-1;-1;-1;-1;-1;-1;0;0;0;1;0;1;-1;0;0;0;0;0;0;0;0;0;0;0;0;0;1;1;0;1;-1;-1;0;0;-1;-1;-1;-1;-1;-1;-1;-1;-1;22;34;56;78;95;39;78;73;50;12.53;2.45;3;3;Grindavík;Fjölnir;2;2.36;2.11;2.22;1.89;1.79;78;67;45;22;6;86;86;54;0;0;0;746;22;Y;Y;Y;Y;N;N;N
214577;3811;3813;2013;complete;1298;21;-1;11,65,90;47;3;1;4;6;7;13;4;0;2;3;0;0;6;4;10;6;16;10;16;11;47;53;2;3;0;0;0;0;0;0;0;0;0;0;0;0;0;0;0;0;0;0;0;0;0;0;0;0;0;0;0;0;0;0;0;0;0;0;0;0;0;0;0;0;0;0;0;0;0;0;0;0;0;0;0;0;0;0;0;0;0;0;0;0;0;0;0;0;0;0;0;0;4;1;0;2;1;3;1;2013-09-14 14:00:00;3811;0;65;15;30;0;-1;1;-1;-1;-1;-1;-1;-1;0;2;2;1;2;3;-1;0;0;0;0;0;0;0;0;0;0;0;0;0;1;1;0;0;-1;-1;0;0;-1;-1;-1;-1;-1;-1;-1;-1;-1;10;35;65;80;100;35;65;90;60;12.01;2.2;4.2;3.05;KA;Thróttur Reykjavík;1.64;1.18;1.5;1.3;1.45;1.15;90;65;35;20;0;82;75;57;0;0;0;746;22;Y;Y;Y;Y;N;N;Y
214578;3826;3814;2013;complete;1298;21;-1;37,49,69;74,90;3;2;5;-1;-1;-1;-1;-1;2;2;0;0;-1;-1;-1;-1;-1;-1;-1;-1;-1;-1;2;2;0;0;0;0;0;0;0;0;0;0;0;0;0;0;0;0;0;0;0;0;0;0;0;0;0;0;0;0;0;0;0;0;0;0;0;0;0;0;0;0;0;0;0;0;0;0;0;0;0;0;0;0;0;0;0;0;0;0;0;0;0;0;0;0;0;0;0;0;5;1;0;2;2;4;1;2013-09-14 14:00:00;3826;0;60;30;30;0;-1;1;-1;-1;-1;-1;-1;-1;1;0;1;2;1;3;-1;0;0;0;0;0;0;0;1;1;1;1;0;0;1;1;0;0;-1;-1;0;0;-1;-1;-1;-1;-1;-1;-1;-1;-1;30;40;60;75;100;50;65;95;35;11.04;3.7;4.6;3.35;BI Bolungarvik;Leiknir Reykjavík;2.27;1.18;2.2;1.3;1.7;1.6;70;60;40;25;0;81;75;41;0;0;0;746;22;Y;Y;Y;Y;Y;N;Y
214579;3808;3818;2013;complete;1298;21;-1;31,61,90;;3;0;3;2;11;13;0;0;1;2;0;0;6;6;11;5;17;11;14;13;47;53;1;2;0;0;0;0;0;0;0;0;0;0;0;0;0;0;0;0;0;0;0;0;0;0;0;0;0;0;0;0;0;0;0;0;0;0;0;0;0;0;0;0;0;0;0;0;0;0;0;0;0;0;0;0;0;0;0;0;0;0;0;0;0;0;0;0;0;0;0;0;3;1;0;2;0;2;1;2013-09-14 14:00:00;3808;0;75;35;45;0;-1;1;-1;-1;-1;-1;-1;-1;0;1;1;1;1;2;-1;0;0;0;0;0;0;0;0;0;0;0;0;0;1;1;0;0;-1;-1;0;0;-1;-1;-1;-1;-1;-1;-1;-1;-1;30;45;70;75;90;40;80;75;55;11.78;2.2;5.4;3.45;Fjölnir;Selfoss;1.55;1;1.4;1.1;1.85;1.35;70;55;30;25;10;82;82;57;0;0;0;746;22;Y;Y;Y;N;N;N;N
214580;3821;3828;2013;complete;1298;21;-1;54,58,84;68;3;1;4;15;2;17;1;1;0;5;0;0;9;3;13;3;22;6;11;16;48;52;0;5;0;0;0;0;0;0;0;0;0;0;0;0;0;0;0;0;0;0;0;0;0;0;0;0;0;0;0;0;0;0;0;0;0;0;0;0;0;0;0;0;0;0;0;0;0;0;0;0;0;0;0;0;0;0;0;0;0;0;0;0;0;0;0;0;0;0;0;0;4;0;0;3;1;4;0;2013-09-14 14:00:00;3821;0;75;25;30;0;-1;1;-1;-1;-1;-1;-1;-1;0;1;0;4;1;4;-1;0;0;0;0;0;0;0;0;0;0;0;0;0;1;1;0;0;-1;-1;0;0;-1;-1;-1;-1;-1;-1;-1;-1;-1;30;40;60;85;100;50;80;85;55;12.14;3.8;3.9;3.4;Haukar;Tindastóll;2.27;0.91;2.2;1;1.8;1.25;70;60;40;15;0;75;64;51;0;0;0;746;22;Y;Y;Y;Y;N;N;Y
214581;3810;3830;2013;complete;1298;21;-1;3,6,10,14,18,34,39,50,55,59,73,76,77,78,81,90;;16;0;16;20;1;21;9;1;0;1;0;2;5;0;9;2;14;2;11;8;53;47;0;5;0;0;0;0;0;0;0;0;0;0;0;0;0;0;0;0;0;0;0;0;0;0;0;0;0;0;0;0;0;0;0;0;0;0;0;0;0;0;0;0;0;0;0;0;0;0;0;0;0;0;0;0;0;0;0;0;0;0;0;0;0;0;0;0;0;0;0;0;16;7;0;9;0;9;7;2013-09-14 14:00:00;3810;0;65;25;30;0;-1;1;-1;-1;-1;-1;-1;-1;0;3;0;0;3;0;-1;0;0;0;0;0;0;0;0;0;0;0;0;0;1;1;3;0;-1;-1;0;0;-1;-1;-1;-1;-1;-1;-1;-1;-1;25;40;65;90;95;35;75;90;65;10.92;2.9;4;3.4;Víkingur Reykjavík;Völsungur;1.73;0.09;1.6;0.1;1.8;0.1;75;60;35;10;5;77;69;45;0;0;0;746;22;Y;Y;Y;Y;Y;Y;N
214582;3829;3806;2013;complete;1298;21;-1;;19,39,42,58,65,78,90;0;7;7;6;6;12;3;7;3;1;1;0;6;4;3;8;9;12;11;8;48;52;5;1;0;0;0;0;0;0;0;0;0;0;0;0;0;0;0;0;0;0;0;0;0;0;0;0;0;0;0;0;0;0;0;0;0;0;0;0;0;0;0;0;0;0;0;0;0;0;0;0;0;0;0;0;0;0;0;0;0;0;0;0;0;0;0;0;0;0;0;0;7;0;3;0;4;4;3;2013-09-14 14:00:00;3806;0;55;20;25;0;-1;1;-1;-1;-1;-1;-1;-1;2;1;2;0;3;2;-1;0;0;0;0;0;0;0;0;0;0;0;0;0;1;1;0;0;-1;-1;0;0;-1;-1;-1;-1;-1;-1;-1;-1;-1;15;35;60;75;95;40;75;85;55;13.1;2;4.6;2.9;KF;Grindavík;1.09;1.82;1.2;1.7;0.9;1.8;85;65;40;25;5;85;77;70;0;0;0;746;22;Y;Y;Y;Y;Y;Y;N
214583;3813;3810;2013;complete;1298;22;-1;13;69,73;1;2;3;0;4;4;2;2;4;0;0;0;2;4;3;1;5;5;21;14;52;48;4;0;0;0;0;0;0;0;0;0;0;0;0;0;0;0;0;0;0;0;0;0;0;0;0;0;0;0;0;0;0;0;0;0;0;0;0;0;0;0;0;0;0;0;0;0;0;0;0;0;0;0;0;0;0;0;0;0;0;0;0;0;0;0;0;0;0;0;0;0;3;1;0;0;2;2;1;2013-09-21 14:00:00;3810;0;55;15;40;0;-1;1;-1;-1;-1;-1;-1;-1;2;0;2;0;2;2;-1;0;0;0;0;0;0;0;0;0;0;0;0;0;1;1;0;0;-1;-1;0;0;-1;-1;-1;-1;-1;-1;-1;-1;-1;15;30;70;75;95;35;85;80;55;12.67;4.5;5.3;3.05;Thróttur Reykjavík;Víkingur Reykjavík;0.91;2.09;1;2;1.1;1.86;85;70;30;25;5;70;59;53;0;0;0;746;22;Y;Y;Y;N;N;N;Y
214584;3814;3808;2013;complete;1298;22;-1;32;75,80,90;1;3;4;7;5;12;3;3;2;3;0;1;3;3;7;4;10;7;17;16;47;53;2;4;0;0;0;0;0;0;0;0;0;0;0;0;0;0;0;0;0;0;0;0;0;0;0;0;0;0;0;0;0;0;0;0;0;0;0;0;0;0;0;0;0;0;0;0;0;0;0;0;0;0;0;0;0;0;0;0;0;0;0;0;0;0;0;0;0;0;0;0;4;1;0;0;3;3;1;2013-09-21 14:00:00;3808;0;55;20;30;0;-1;1;-1;-1;-1;-1;-1;-1;1;1;1;3;2;4;-1;0;0;0;0;0;0;0;0;0;0;0;0;0;1;1;0;0;-1;-1;0;0;-1;-1;-1;-1;-1;-1;-1;-1;-1;10;25;55;75;90;30;60;70;50;12.76;2.9;3.9;2.55;Leiknir Reykjavík;Fjölnir;1.73;2.36;1.9;2.3;1.52;1.9;90;75;45;25;10;69;69;63;0;0;0;746;22;Y;Y;Y;Y;N;N;Y
214585;3818;3829;2013;complete;1298;22;-1;55,74;6,72,86;2;3;5;11;0;11;4;1;3;0;0;0;8;2;8;3;16;5;14;8;49;51;3;0;0;0;0;0;0;0;0;0;0;0;0;0;0;0;0;0;0;0;0;0;0;0;0;0;0;0;0;0;0;0;0;0;0;0;0;0;0;0;0;0;0;0;0;0;0;0;0;0;0;0;0;0;0;0;0;0;0;0;0;0;0;0;0;0;0;0;0;0;5;0;1;2;2;4;1;2013-09-21 14:00:00;3829;0;70;20;30;0;-1;1;-1;-1;-1;-1;-1;-1;1;0;2;0;1;2;-1;0;0;0;0;0;0;0;1;0;1;0;0;0;1;1;0;1;-1;-1;0;0;-1;-1;-1;-1;-1;-1;-1;-1;-1;20;35;65;90;100;60;95;75;55;9.1;3.3;4;3.35;Selfoss;KF;1.45;0.82;1.6;0.6;1.29;0.86;80;65;35;10;0;68;55;50;0;0;0;746;22;Y;Y;Y;Y;Y;N;Y
214586;3806;3811;2013;complete;1298;22;-1;16,50;68;2;1;3;6;6;12;0;0;1;1;0;0;8;5;8;8;16;13;12;5;52;48;1;1;0;0;0;0;0;0;0;0;0;0;0;0;0;0;0;0;0;0;0;0;0;0;0;0;0;0;0;0;0;0;0;0;0;0;0;0;0;0;0;0;0;0;0;0;0;0;0;0;0;0;0;0;0;0;0;0;0;0;0;0;0;0;0;0;0;0;0;0;3;1;0;1;1;2;1;2013-09-21 14:00:00;3806;0;65;20;35;0;-1;1;-1;-1;-1;-1;-1;-1;0;1;1;0;1;1;-1;0;0;0;0;0;0;0;1;0;1;0;0;0;1;1;0;0;-1;-1;0;0;-1;-1;-1;-1;-1;-1;-1;-1;-1;40;55;70;80;95;40;75;75;70;13.38;2;3;3.7;Grindavík;KA;2;1.27;1.9;1.4;1.86;1.52;60;45;30;20;5;89;78;51;0;0;0;746;22;Y;Y;Y;N;N;N;Y
214587;3828;3826;2013;complete;1298;22;-1;;13,71;0;2;2;3;8;11;4;2;4;2;0;1;3;5;2;2;5;7;10;8;49;51;4;4;0;0;0;0;0;0;0;0;0;0;0;0;0;0;0;0;0;0;0;0;0;0;0;0;0;0;0;0;0;0;0;0;0;0;0;0;0;0;0;0;0;0;0;0;0;0;0;0;0;0;0;0;0;0;0;0;0;0;0;0;0;0;0;0;0;0;0;0;2;0;1;0;1;1;1;2013-09-21 14:00:00;3826;0;55;40;25;0;-1;1;-1;-1;-1;-1;-1;-1;3;1;1;2;4;3;-1;0;0;0;0;0;0;0;0;0;0;0;0;0;1;1;0;0;-1;-1;2;0;-1;-1;-1;-1;-1;-1;-1;-1;-1;30;40;65;85;100;45;85;70;50;11.25;2.3;4.3;3.55;Tindastóll;BI Bolungarvik;1.36;1.36;1.5;1.2;1.19;1.76;70;60;35;15;0;95;82;82;0;0;0;746;22;Y;Y;N;N;N;N;N
214588;3830;3821;2013;complete;1298;22;-1;;3,27,30,37,47,55,83;0;7;7;5;19;24;1;6;5;1;0;0;5;12;7;7;12;19;19;15;49;51;5;1;0;0;0;0;0;0;0;0;0;0;0;0;0;0;0;0;0;0;0;0;0;0;0;0;0;0;0;0;0;0;0;0;0;0;0;0;0;0;0;0;0;0;0;0;0;0;0;0;0;0;0;0;0;0;0;0;0;0;0;0;0;0;0;0;0;0;0;0;7;0;4;0;3;3;4;2013-09-21 14:00:00;3821;0;75;25;40;0;-1;1;-1;-1;-1;-1;-1;-1;3;1;2;0;4;2;-1;0;0;0;0;0;0;0;0;0;0;0;0;0;1;1;0;1;-1;-1;0;0;-1;-1;-1;-1;-1;-1;-1;-1;-1;25;50;75;85;90;50;80;80;55;9.43;1.8;5.9;3.35;Völsungur;Haukar;0.09;1.55;0.1;1.4;0.1;1.86;75;50;25;15;10;79;72;72;0;0;0;746;22;Y;Y;Y;Y;Y;Y;N
