ID;HOMEID;AWAYID;SEASON;STATUS;ROUNDID;GAME_WEEK;REVISED_GAME_WEEK;HOMEGOALS;AWAYGOALS;HOMEGOALCOUNT;AWAYGOALCOUNT;TOTALGOALCOUNT;TEAM_A_CORNERS;TEAM_B_CORNERS;TOTALCORNERCOUNT;TEAM_A_OFFSIDES;TEAM_B_OFFSIDES;TEAM_A_YELLOW_CARDS;TEAM_B_YELLOW_CARDS;TEAM_A_RED_CARDS;TEAM_B_RED_CARDS;TEAM_A_SHOTSONTARGET;TEAM_B_SHOTSONTARGET;TEAM_A_SHOTSOFFTARGET;TEAM_B_SHOTSOFFTARGET;TEAM_A_SHOTS;TEAM_B_SHOTS;TEAM_A_FOULS;TEAM_B_FOULS;TEAM_A_POSSESSION;TEAM_B_POSSESSION;TEAM_A_CARDS_NUM;TEAM_B_CARDS_NUM;ODDS_FT_1;ODDS_FT_X;ODDS_FT_2;ODDS_FT_OVER05;ODDS_FT_OVER15;ODDS_FT_OVER25;ODDS_FT_OVER35;ODDS_FT_OVER45;ODDS_FT_UNDER05;ODDS_FT_UNDER15;ODDS_FT_UNDER25;ODDS_FT_UNDER35;ODDS_FT_UNDER45;ODDS_BTTS_YES;ODDS_BTTS_NO;ODDS_TEAM_A_CS_YES;ODDS_TEAM_A_CS_NO;ODDS_TEAM_B_CS_YES;ODDS_TEAM_B_CS_NO;ODDS_DOUBLECHANCE_1X;ODDS_DOUBLECHANCE_12;ODDS_DOUBLECHANCE_X2;ODDS_1ST_HALF_RESULT_1;ODDS_1ST_HALF_RESULT_X;ODDS_1ST_HALF_RESULT_2;ODDS_2ND_HALF_RESULT_1;ODDS_2ND_HALF_RESULT_X;ODDS_2ND_HALF_RESULT_2;ODDS_DNB_1;ODDS_DNB_2;ODDS_CORNERS_OVER_75;ODDS_CORNERS_OVER_85;ODDS_CORNERS_OVER_95;ODDS_CORNERS_OVER_105;ODDS_CORNERS_OVER_115;ODDS_CORNERS_UNDER_75;ODDS_CORNERS_UNDER_85;ODDS_CORNERS_UNDER_95;ODDS_CORNERS_UNDER_105;ODDS_CORNERS_UNDER_115;ODDS_CORNERS_1;ODDS_CORNERS_X;ODDS_CORNERS_2;ODDS_TEAM_TO_SCORE_FIRST_1;ODDS_TEAM_TO_SCORE_FIRST_X;ODDS_TEAM_TO_SCORE_FIRST_2;ODDS_WIN_TO_NIL_1;ODDS_WIN_TO_NIL_2;ODDS_1ST_HALF_OVER05;ODDS_1ST_HALF_OVER15;ODDS_1ST_HALF_OVER25;ODDS_1ST_HALF_OVER35;ODDS_1ST_HALF_UNDER05;ODDS_1ST_HALF_UNDER15;ODDS_1ST_HALF_UNDER25;ODDS_1ST_HALF_UNDER35;ODDS_2ND_HALF_OVER05;ODDS_2ND_HALF_OVER15;ODDS_2ND_HALF_OVER25;ODDS_2ND_HALF_OVER35;ODDS_2ND_HALF_UNDER05;ODDS_2ND_HALF_UNDER15;ODDS_2ND_HALF_UNDER25;ODDS_2ND_HALF_UNDER35;ODDS_BTTS_1ST_HALF_YES;ODDS_BTTS_1ST_HALF_NO;ODDS_BTTS_2ND_HALF_YES;ODDS_BTTS_2ND_HALF_NO;OVERALLGOALCOUNT;HT_GOALS_TEAM_A;HT_GOALS_TEAM_B;GOALS_2HG_TEAM_A;GOALS_2HG_TEAM_B;GOALCOUNT_2HG;HTGOALCOUNT;DATE_UNIX;WINNINGTEAM;NO_HOME_AWAY;BTTS_POTENTIAL;BTTS_FHG_POTENTIAL;BTTS_2HG_POTENTIAL;GOALTIMINGDISABLED;CORNER_TIMINGS_RECORDED;CARD_TIMINGS_RECORDED;TEAM_A_FH_CORNERS;TEAM_B_FH_CORNERS;TEAM_A_2H_CORNERS;TEAM_B_2H_CORNERS;CORNER_FH_COUNT;CORNER_2H_COUNT;TEAM_A_FH_CARDS;TEAM_B_FH_CARDS;TEAM_A_2H_CARDS;TEAM_B_2H_CARDS;TOTAL_FH_CARDS;TOTAL_2H_CARDS;ATTACKS_RECORDED;TEAM_A_DANGEROUS_ATTACKS;TEAM_B_DANGEROUS_ATTACKS;TEAM_A_ATTACKS;TEAM_B_ATTACKS;TEAM_A_XG;TEAM_B_XG;TOTAL_XG;TEAM_A_PENALTIES_WON;TEAM_B_PENALTIES_WON;TEAM_A_PENALTY_GOALS;TEAM_B_PENALTY_GOALS;TEAM_A_PENALTY_MISSED;TEAM_B_PENALTY_MISSED;PENS_RECORDED;GOAL_TIMINGS_RECORDED;TEAM_A_0_10_MIN_GOALS;TEAM_B_0_10_MIN_GOALS;TEAM_A_CORNERS_0_10_MIN;TEAM_B_CORNERS_0_10_MIN;TEAM_A_CARDS_0_10_MIN;TEAM_B_CARDS_0_10_MIN;THROWINS_RECORDED;TEAM_A_THROWINS;TEAM_B_THROWINS;FREEKICKS_RECORDED;TEAM_A_FREEKICKS;TEAM_B_FREEKICKS;GOALKICKS_RECORDED;TEAM_A_GOALKICKS;TEAM_B_GOALKICKS;O45_POTENTIAL;O35_POTENTIAL;O25_POTENTIAL;O15_POTENTIAL;O05_POTENTIAL;O15HT_POTENTIAL;O05HT_POTENTIAL;O05_2H_POTENTIAL;O15_2H_POTENTIAL;CORNERS_POTENTIAL;OFFSIDES_POTENTIAL;CARDS_POTENTIAL;AVG_POTENTIAL;HOME_NAME;AWAY_NAME;HOME_PPG;AWAY_PPG;PRE_MATCH_HOME_PPG;PRE_MATCH_AWAY_PPG;PRE_MATCH_TEAMA_OVERALL_PPG;PRE_MATCH_TEAMB_OVERALL_PPG;U45_POTENTIAL;U35_POTENTIAL;U25_POTENTIAL;U15_POTENTIAL;U05_POTENTIAL;CORNERS_O85_POTENTIAL;CORNERS_O95_POTENTIAL;CORNERS_O105_POTENTIAL;TEAM_A_XG_PREMATCH;TEAM_B_XG_PREMATCH;TOTAL_XG_PREMATCH;COMPETITION_ID;MATCHES_COMPLETED_MINIMUM;OVER05;OVER15;OVER25;OVER35;OVER45;OVER55;BTTS
529929;3814;6720;2019;complete;4219;1;-1;16,21,55,82;59;4;1;5;1;1;2;-1;-1;-1;-1;-1;-1;10;6;13;0;23;6;-1;-1;64;36;-1;-1;1.48;4.25;5.35;1.01;1.15;1.54;2.35;0;11.5;4.5;2.3;1.5;1.18;1.67;2.05;0;0;0;0;1.1;1.22;2.62;0;0;0;0;0;0;0;0;0;0;0;0;0;0;0;0;0;0;0;0;0;0;0;0;0;0;0;0;0;0;0;0;0;0;0;0;0;0;0;0;0;0;0;0;0;0;5;2;0;2;1;3;2;2019-05-04 16:00:00;3814;0;0;0;0;0;1;-1;1;0;0;1;1;1;-1;-1;-1;-1;-1;-1;1;136;75;160;124;3.13;1.35;4.48;-1;-1;-1;-1;-1;-1;-1;1;0;0;1;0;-1;-1;-1;-1;-1;-1;-1;-1;-1;-1;-1;0;0;0;0;0;0;0;0;0;0;0;0;0;Leiknir Reykjavík;Magni;2;0.91;0;0;0;0;0;0;0;0;0;0;0;0;0;0;0;1833;22;Y;Y;Y;Y;Y;N;Y
529930;3817;9442;2019;complete;4219;1;-1;3,57,87;76;3;1;4;3;1;4;-1;-1;4;3;0;0;9;5;9;0;18;5;-1;-1;50;50;4;3;1.26;5.7;7.75;1;1.05;1.24;1.67;2.75;16.5;7.25;3.55;2.05;1.47;1.49;2.4;0;0;0;0;1.03;1.14;3.5;1.66;3.08;6;1.54;3.62;5.95;0;0;0;0;0;0;0;0;0;0;0;0;0;0;0;1.33;20.5;3.4;0;0;0;0;0;0;0;0;0;0;1.17;1.74;3.75;8.5;4.5;2;1.22;1.05;0;0;0;0;4;1;0;2;1;3;1;2019-05-04 16:30:00;3817;0;0;0;0;0;1;1;3;0;0;1;3;1;0;1;4;2;1;6;1;33;17;82;60;2;0.8;2.8;0;0;0;0;0;0;1;1;1;0;0;0;0;0;-1;-1;-1;-1;-1;-1;-1;-1;-1;0;0;0;0;0;0;0;0;0;0;0;0;0;Thór;Afturelding;1.55;0.82;0;0;0;0;0;0;0;0;0;0;0;0;0;0;0;1833;22;Y;Y;Y;Y;N;N;Y
529931;3813;6721;2019;complete;4219;1;-1;14,67;7,70,72;2;3;5;5;10;15;-1;-1;0;2;0;0;5;7;10;8;15;15;-1;-1;56;44;0;2;1.53;4.15;4.95;1;1.13;1.48;2.2;4;12.5;4.95;2.45;1.57;1.22;1.57;2.2;2.5;1.4;0;0;1.12;1.22;2.38;2;2.4;5;1.83;3;4.33;0;0;0;0;0;0;0;0;0;0;0;0;0;0;0;1.44;17;2.8;2.9;11;0;0;0;0;0;0;0;0;1.25;2.25;5.5;11;3.5;1.57;1.13;1.02;0;0;0;0;5;1;1;1;2;3;2;2019-05-05 14:00:00;6721;0;0;0;0;0;1;1;2;6;3;4;8;7;0;0;0;2;0;2;1;48;36;72;58;1.64;1.69;3.33;0;0;0;0;0;0;1;1;0;1;1;4;0;0;-1;-1;-1;-1;-1;-1;-1;-1;-1;0;0;0;0;0;0;0;0;0;0;0;0;0;Thróttur Reykjavík;Njardvík;0.91;0.64;0;0;0;0;0;0;0;0;0;0;0;0;0;0;0;1833;22;Y;Y;Y;Y;Y;N;Y
529932;3804;3819;2019;complete;4219;1;-1;89;;1;0;1;7;4;11;-1;-1;1;2;0;0;4;2;5;3;9;5;-1;-1;50;50;1;2;1.69;3.7;4.35;1;1.14;1.49;2.25;0;12.25;4.8;2.4;1.56;1.21;1.51;2.35;0;0;0;0;1.2;1.29;2;0;0;0;2;2.88;3.75;0;0;0;0;0;0;0;0;0;0;0;0;0;0;0;0;0;0;0;0;0;0;0;0;0;0;0;0;1.29;2.2;5;13;3.5;1.62;1.17;1.04;0;0;0;0;1;0;0;1;0;1;0;2019-05-05 14:00:00;3804;0;0;0;0;0;1;1;3;3;4;1;6;5;0;1;1;1;1;2;1;46;53;61;68;1.18;0.84;2.02;0;0;0;0;0;0;1;1;0;0;1;1;0;0;-1;-1;-1;-1;-1;-1;-1;-1;-1;0;0;0;0;0;0;0;0;0;0;0;0;0;Víkingur Ólafsvík;Grótta;1.82;2.18;0;0;0;0;0;0;0;0;0;0;0;0;0;0;0;1833;22;Y;N;N;N;N;N;N
529933;3808;3821;2019;complete;4219;1;-1;23,34;90;2;1;3;3;3;6;-1;-1;0;2;0;0;8;3;8;9;16;12;-1;-1;50;50;0;2;1.34;4.7;6.85;1.01;1.15;1.53;2.35;4.5;11.75;4.6;2.3;1.51;1.19;1.77;1.91;2.05;1.61;0;0;1.08;1.17;3;1.86;2.56;6.05;1.65;2.9;5.4;0;0;0;0;0;0;0;0;0;0;0;0;0;0;0;1.32;11;3.55;2.3;9;0;0;0;0;0;0;0;0;1.26;2.3;5.4;11.5;3.15;1.57;1.08;1.04;0;0;0;0;3;2;0;0;1;1;2;2019-05-05 14:00:00;3808;0;0;0;0;0;1;1;3;1;0;2;4;2;0;0;0;2;0;2;1;116;124;136;146;2.4;1.87;4.27;0;0;0;0;0;0;1;1;0;0;1;0;0;0;-1;-1;-1;-1;-1;-1;-1;-1;-1;0;0;0;0;0;0;0;0;0;0;0;0;0;Fjölnir;Haukar;2;0.91;0;0;0;0;0;0;0;0;0;0;0;0;0;0;0;1833;22;Y;Y;Y;N;N;N;Y
529934;3815;3816;2019;complete;4219;1;-1;70,87;8;2;1;3;11;5;16;-1;-1;2;3;0;0;11;5;6;5;17;10;-1;-1;50;50;2;3;1.71;3.8;3.9;1;1.13;1.48;2.2;3.75;12.5;4.95;2.45;1.57;1.22;1.49;2.4;3.05;1.27;0;0;1.25;1.25;2;2.23;2.49;4.1;2;2.8;3.75;0;0;0;0;0;0;0;0;0;0;0;0;0;0;0;1.53;17;2.5;3.75;8.5;0;0;0;0;0;0;0;0;1.22;2.15;5;10.5;3.75;1.64;1.14;1.03;0;0;0;0;3;0;1;2;0;2;1;2019-05-05 14:00:00;3815;0;0;0;0;0;1;1;3;2;8;3;5;11;0;0;2;3;0;5;1;43;35;73;59;2.15;1.23;3.38;0;0;0;0;0;0;1;1;0;1;1;1;0;0;-1;-1;-1;-1;-1;-1;-1;-1;-1;0;0;0;0;0;0;0;0;0;0;0;0;0;Keflavík;Fram;1.73;0.91;0;0;0;0;0;0;0;0;0;0;0;0;0;0;0;1833;22;Y;Y;Y;N;N;N;Y
529935;9442;3814;2019;complete;4219;2;-1;27,81;75;2;1;3;5;5;10;-1;-1;-1;-1;-1;-1;8;4;2;4;10;8;-1;-1;65;35;-1;-1;3.25;3.8;1.91;1.03;1.14;1.62;2.4;4.15;11;4.25;2.25;1.44;1.15;1.57;2.3;4.5;1.12;0;0;1.8;1.25;1.33;3.85;2.38;2.43;3.7;2.45;2.25;0;0;0;0;0;0;0;0;0;0;0;0;0;0;0;2.2;13;1.73;7;3.8;0;0;0;0;0;0;0;0;1.29;2.33;6;12;3.25;1.55;1.11;1.02;0;0;0;0;3;1;0;1;1;2;1;2019-05-10 19:15:00;9442;0;0;0;0;0;1;-1;2;4;3;1;6;4;-1;-1;-1;-1;-1;-1;1;39;19;63;35;1.47;0.92;2.39;-1;-1;-1;-1;-1;-1;-1;1;0;0;0;0;-1;-1;-1;-1;-1;-1;-1;-1;-1;-1;-1;0;0;0;0;0;0;0;0;0;0;0;0;0;Afturelding;Leiknir Reykjavík;1.27;1.64;0;0;0;3;0;0;0;0;0;0;0;0;0;0;0;1833;22;Y;Y;Y;N;N;N;Y
529936;3819;3813;2019;complete;4219;2;-1;58,90;45,68;2;2;4;5;5;10;-1;-1;-1;-1;-1;-1;9;8;5;2;14;10;-1;-1;62;38;-1;-1;2.55;4;2.15;1.02;1.11;1.53;2.2;3.75;12;4.7;2.4;1.53;1.18;1.4;2.75;4.35;1.13;0;0;1.67;1.22;1.5;3.24;2.42;2.7;2.88;2.8;2.5;0;0;0;0;0;0;0;0;0;0;0;0;0;0;0;2;15;1.83;5.8;4.5;0;0;0;0;0;0;0;0;1.22;2.2;5;10.5;3.75;1.62;1.14;1.03;0;0;0;0;4;0;1;2;1;3;1;2019-05-10 19:15:00;-1;0;0;0;0;0;1;-1;1;1;4;4;2;8;-1;-1;-1;-1;-1;-1;1;145;66;177;90;2.57;1.67;4.24;-1;-1;-1;-1;-1;-1;-1;1;0;0;0;0;-1;-1;-1;-1;-1;-1;-1;-1;-1;-1;-1;0;0;0;0;0;0;0;0;0;0;0;0;0;Grótta;Thróttur Reykjavík;1.73;1.09;0;0;0;0;0;0;0;0;0;0;0;0;0;0;0;1833;22;Y;Y;Y;Y;N;N;Y
529937;3816;3808;2019;complete;4219;2;-1;17,39,61;15,54;3;2;5;5;5;10;-1;-1;-1;-1;-1;-1;4;3;0;0;4;3;-1;-1;50;50;-1;-1;3.75;3.75;1.73;1.03;1.15;1.57;2.5;4.35;10.5;4.1;2.35;1.41;1.13;1.57;2.25;4.9;1.1;0;0;2;1.25;1.25;4.2;2.3;2.3;3.75;2.75;2;0;0;0;0;0;0;0;0;0;0;0;0;0;0;0;2.4;14;1.62;8.5;3.3;0;0;0;0;0;0;0;0;1.29;2.3;6;12;3.25;1.57;1.11;1.02;0;0;0;0;5;2;1;1;1;2;3;2019-05-10 19:15:00;3816;0;0;0;0;0;1;-1;1;1;4;4;2;8;-1;-1;-1;-1;-1;-1;1;34;33;79;64;0.79;0.65;1.44;-1;-1;-1;-1;-1;-1;-1;1;0;0;0;0;-1;-1;-1;-1;-1;-1;-1;-1;-1;-1;-1;0;0;0;0;0;0;0;0;0;0;0;0;0;Fram;Fjölnir;2.09;1.82;0;0;0;3;0;0;0;0;0;0;0;0;0;0;0;1833;22;Y;Y;Y;Y;Y;N;Y
529938;3821;3804;2019;complete;4219;2;-1;;;0;0;0;4;4;8;-1;-1;-1;-1;-1;-1;-1;-1;-1;-1;-1;-1;-1;-1;-1;-1;-1;-1;3.8;3.8;1.75;0;0;1.7;0;0;0;0;2.1;0;0;0;0;0;0;0;0;2;1.25;1.25;0;0;0;0;0;0;0;0;0;0;0;0;0;0;0;0;0;0;0;0;0;0;0;0;0;0;0;0;0;0;0;0;0;0;0;0;0;0;0;0;0;0;0;0;0;0;0;0;0;0;0;0;0;2019-05-11 14:00:00;-1;0;0;0;0;0;1;-1;2;4;2;0;6;2;-1;-1;-1;-1;-1;-1;1;35;32;73;68;0;0;0;0;0;0;0;0;0;1;1;0;0;0;0;-1;-1;-1;-1;-1;-1;-1;-1;-1;-1;-1;0;0;0;0;0;0;0;0;0;0;0;0;0;Haukar;Víkingur Ólafsvík;1.09;1.27;0;0;0;3;0;0;0;0;0;0;0;0;0;0;0;1833;22;N;N;N;N;N;N;N
529939;6720;3815;2019;complete;4219;2;-1;42;60,62,90;1;3;4;3;4;7;-1;-1;-1;-1;-1;-1;6;4;7;0;13;4;-1;-1;50;50;-1;-1;7;5;1.33;0;0;1.57;0;0;0;0;2.35;0;0;0;0;0;0;0;0;3.25;1.14;1.08;0;0;0;0;0;0;0;0;0;0;0;0;0;0;0;0;0;0;0;0;0;0;0;0;0;0;0;0;0;0;0;0;0;0;0;0;0;0;0;0;0;0;0;0;0;0;4;1;0;0;3;3;1;2019-05-11 17:00:00;3815;0;0;0;0;0;1;-1;1;2;2;2;3;4;-1;-1;-1;-1;-1;-1;1;30;23;54;61;1.45;0.71;2.16;-1;-1;-1;-1;-1;-1;-1;1;0;0;0;1;-1;-1;-1;-1;-1;-1;-1;-1;-1;-1;-1;0;0;0;0;0;0;0;0;0;0;0;0;0;Magni;Keflavík;1.18;1.36;0;0;0;3;0;0;0;0;0;0;0;0;0;0;0;1833;22;Y;Y;Y;Y;N;N;Y
529940;6721;3817;2019;complete;4219;2;-1;;42,45;0;2;2;7;4;11;-1;-1;-1;-1;-1;-1;4;8;1;6;5;14;-1;-1;46;54;-1;-1;5.75;4.33;1.44;1.03;1.17;1.7;2.39;5;10.5;4.5;2.1;1.6;1.14;1.73;2;5.8;1.06;0;0;2.62;1.2;1.12;5.45;2.49;1.97;5;2.88;1.73;0;0;0;0;0;0;0;0;0;0;0;0;0;0;0;3.2;13;1.36;8;2.5;0;0;0;0;0;0;0;0;1.29;2.31;6;12;3.25;1.56;1.11;1.02;0;0;0;0;2;0;2;0;0;0;2;2019-05-11 16:00:00;3817;0;0;0;0;0;1;-1;2;2;5;2;4;7;-1;-1;-1;-1;-1;-1;1;51;73;84;99;0.97;1.97;2.94;-1;-1;-1;-1;-1;-1;-1;1;0;0;0;1;-1;-1;-1;-1;-1;-1;-1;-1;-1;-1;-1;0;0;0;0;0;0;0;0;0;0;0;0;0;Njardvík;Thór;0.73;1.55;0;0;3;3;0;0;0;0;0;0;0;0;0;0;0;1833;22;Y;Y;N;N;N;N;N
529941;3816;3821;2019;complete;4219;3;-1;6;38;1;1;2;9;7;16;-1;-1;0;1;1;0;7;4;5;5;12;9;-1;-1;57;43;2;1;1.91;3.6;3.35;1.01;1.18;1.62;2.6;4.45;10.75;4.1;2.1;1.43;1.15;1.57;2.2;0;0;0;0;1.33;1.25;1.8;2.38;2.36;4;2.2;2.7;3.5;0;0;0;0;0;0;0;0;0;0;0;0;0;0;0;1.67;13;2.3;3.7;6.5;0;0;0;0;0;0;0;0;1.27;2.38;5.5;12;3.5;1.53;1.13;1.02;0;0;0;0;2;1;1;0;0;0;2;2019-05-16 19:15:00;-1;0;100;50;50;0;1;1;6;4;3;3;10;6;0;0;1;1;0;2;1;50;47;60;56;1.6;1.18;2.79;0;0;0;0;0;0;1;1;1;0;1;0;0;0;-1;-1;-1;-1;-1;-1;-1;-1;-1;50;50;100;100;100;100;100;100;50;8;0;2;4;Fram;Haukar;2.09;0.91;3;0;1.5;0.5;50;50;0;0;0;50;50;0;0.79;1.87;2.66;1833;22;Y;Y;N;N;N;N;Y
529942;3813;3804;2019;complete;4219;3;-1;66;4,77;1;2;3;3;5;8;-1;-1;-1;-1;-1;-1;4;8;13;5;17;13;-1;-1;57;43;-1;-1;3;3.5;2.05;1.01;1.18;1.61;2.55;0;10.75;4.2;2.15;1.44;1.16;1.54;2.3;0;0;0;0;1.67;1.25;1.4;0;0;0;0;0;0;0;0;0;0;0;0;0;0;0;0;0;0;0;0;0;0;0;0;0;0;0;0;0;0;0;0;0;0;0;0;0;0;0;0;0;0;0;0;0;0;3;0;1;1;1;2;1;2019-05-17 19:15:00;3804;0;50;50;50;0;1;-1;1;3;2;2;4;4;-1;-1;-1;-1;-1;-1;1;28;32;59;52;1.55;1.61;3.15;-1;-1;-1;-1;-1;-1;-1;1;0;1;0;0;-1;-1;-1;-1;-1;-1;-1;-1;-1;-1;-1;50;50;50;50;50;50;50;50;50;9;0;0;2.5;Thróttur Reykjavík;Víkingur Ólafsvík;0.91;1.27;0;1;0.5;2;50;50;50;50;50;50;50;50;1.64;0;1.64;1833;22;Y;Y;Y;N;N;N;Y
529943;3815;9442;2019;complete;4219;3;-1;8,32,45,49,58;;5;0;5;3;7;10;-1;-1;-1;-1;-1;-1;8;7;8;6;16;13;-1;-1;50;50;-1;-1;1.31;5;7.5;1;1.14;1.51;2.3;3.55;12;4.7;2.35;1.53;1.2;1.77;1.95;2.1;1.59;0;0;1.08;1.14;3.25;1.7;2.5;7;1.67;3.1;5.8;0;0;0;0;0;0;0;0;0;0;0;0;0;0;0;1.38;10.5;3.68;2.38;13;0;0;0;0;0;0;0;0;1.22;2.17;4.75;10.25;3.45;1.63;1.11;1.03;0;0;0;0;5;3;0;2;0;2;3;2019-05-17 19:15:00;3815;0;100;0;50;0;1;-1;3;3;0;4;6;4;-1;-1;-1;-1;-1;-1;1;42;43;77;97;1.87;1.63;3.5;-1;-1;-1;-1;-1;-1;-1;1;1;0;0;0;-1;-1;-1;-1;-1;-1;-1;-1;-1;-1;-1;0;50;100;100;100;0;100;100;100;12;0;5;3.5;Keflavík;Afturelding;1.73;0.82;3;0;3;1.5;100;50;0;0;0;50;50;50;2.15;0.8;2.95;1833;22;Y;Y;Y;Y;Y;N;N
529944;3814;6721;2019;complete;4219;3;-1;89;32,42;1;2;3;15;3;18;-1;-1;-1;-1;-1;-1;15;6;16;2;31;8;-1;-1;61;39;-1;-1;2.1;3.4;3.05;1.01;1.22;1.74;2.85;5.55;9.75;3.75;1.95;1.36;1.12;1.62;2.1;2.9;1.31;0;0;1.4;1.25;1.67;2.65;2.23;3.74;2.5;2.52;3.38;0;0;0;0;0;0;0;0;0;0;0;0;0;0;0;1.84;8.2;2.34;3.7;5.8;0;0;0;0;0;0;0;0;1.33;2.64;6.2;13.25;3.14;1.44;1.05;1.02;0;0;0;0;3;0;2;1;0;1;2;2019-05-17 19:15:00;6721;0;100;50;100;0;1;-1;10;2;5;1;12;6;-1;-1;-1;-1;-1;-1;1;151;92;172;134;4.08;1.6;5.68;-1;-1;-1;-1;-1;-1;-1;1;0;0;0;1;-1;-1;-1;-1;-1;-1;-1;-1;-1;-1;-1;100;100;100;100;100;100;100;100;100;11;0;2;5;Leiknir Reykjavík;Njardvík;2;0.64;3;3;1.5;1.5;0;0;0;0;0;50;50;50;3.13;1.69;4.82;1833;22;Y;Y;Y;N;N;N;Y
529945;3808;6720;2019;complete;4219;3;-1;13,26,50,83;56;4;1;5;8;2;10;-1;-1;3;5;1;0;13;3;12;1;25;4;-1;-1;60;40;4;5;1.19;6.3;10.5;1;1.06;1.27;1.71;0;16;7;3.35;2;1.43;1.67;2.05;0;0;0;0;1.03;1.1;4.5;0;0;0;0;0;0;0;0;0;0;0;0;0;0;0;0;0;0;0;0;0;0;0;0;0;0;0;0;0;0;0;0;0;0;0;0;0;0;0;0;0;0;0;0;0;0;5;2;0;2;1;3;2;2019-05-18 16:00:00;3808;0;100;0;50;0;1;1;5;1;3;1;6;4;0;0;4;5;0;9;1;148;60;163;107;3.54;0.91;4.46;0;0;0;0;0;0;1;1;0;0;2;0;0;0;-1;-1;-1;-1;-1;-1;-1;-1;-1;50;50;100;100;100;100;100;100;50;4;0;0;4;Fjölnir;Magni;2;0.91;3;0;1.5;0;50;50;0;0;0;0;0;0;2.4;1.35;3.75;1833;22;Y;Y;Y;Y;Y;N;Y
529946;3817;3819;2019;complete;4219;3;-1;7,51;1,5,38;2;3;5;10;2;12;-1;-1;2;1;1;0;5;5;11;8;16;13;-1;-1;58;42;4;1;1.27;5.35;8.25;1;1.11;1.43;2.1;4;13.25;5.3;2.6;1.65;1.26;1.74;1.95;1.91;1.71;0;0;1.04;1.11;2.95;1.71;2.59;6.7;1.54;3;6.35;0;0;0;0;0;0;0;0;0;0;0;0;0;0;0;1.33;9.7;4.2;2.05;15;0;0;0;0;0;0;0;0;1.21;2.15;4.65;10;3.5;1.56;1.12;1.03;0;0;0;0;5;1;3;1;0;1;4;2019-05-18 16:00:00;3819;0;50;0;50;0;1;1;3;2;7;0;5;7;2;1;1;0;3;1;1;51;17;66;47;1.72;1.29;3.01;2;1;2;1;0;0;1;1;1;2;0;0;1;0;-1;-1;-1;-1;-1;-1;-1;-1;-1;0;50;50;50;100;0;50;100;50;7;0;6;2.5;Thór;Grótta;1.55;2.18;3;0;3;0.5;100;50;50;50;0;50;50;50;2;0.84;2.84;1833;22;Y;Y;Y;Y;Y;N;Y
529947;6721;3815;2019;complete;4219;4;-1;;;0;0;0;6;10;16;-1;-1;0;2;0;0;2;4;3;8;5;12;-1;-1;46;54;0;2;3.95;3.75;1.74;1.01;1.2;1.67;2.7;5;10.25;3.95;2.05;1.39;1.14;1.67;2.05;4.8;1.11;0;0;2.1;1.22;1.25;4.2;2.2;2.3;3.75;2.63;2.1;0;0;0;0;0;0;0;0;0;0;0;0;0;0;0;2.5;12;1.57;7.5;3.1;0;0;0;0;0;0;0;0;1.28;2.42;6;12;3.44;1.52;1.11;1.02;0;0;0;0;0;0;0;0;0;0;0;2019-05-23 19:15:00;-1;0;50;0;0;0;1;1;4;6;2;4;10;6;0;1;0;1;1;1;1;31;44;57;72;0.68;1.35;2.04;0;0;0;0;0;0;1;1;0;0;0;2;0;0;-1;-1;-1;-1;-1;-1;-1;-1;-1;0;50;50;100;100;50;100;50;50;11;0;0;3;Njardvík;Keflavík;0.73;1.36;0;3;2;3;100;50;50;0;0;50;50;50;0.97;0.71;1.68;1833;22;N;N;N;N;N;N;N
529948;3821;3813;2019;complete;4219;4;-1;1,20;19,21,25,61;2;4;6;8;7;15;-1;-1;2;4;0;0;4;8;9;4;13;12;-1;-1;58;42;2;4;2.4;3.45;2.55;1.01;1.17;1.59;2.5;4.5;11;4.3;2.2;1.47;1.17;1.51;2.35;3.65;1.2;0;0;1.5;1.25;1.57;2.81;2.35;3.22;2.6;2.7;2.88;0;0;0;0;0;0;0;0;0;0;0;0;0;0;0;1.83;14;2;4.8;5.5;0;0;0;0;0;0;0;0;1.27;2.33;5.5;11;3.52;1.55;1.13;1.02;0;0;0;0;6;2;3;0;1;1;5;2019-05-23 19:15:00;3813;0;50;0;50;0;1;1;2;3;6;4;5;10;1;1;1;3;2;4;1;46;41;52;47;1.42;1.61;3.03;0;0;0;0;0;0;1;1;1;0;0;0;0;0;-1;-1;-1;-1;-1;-1;-1;-1;-1;0;50;50;50;50;0;50;50;50;9;0;0;2;Haukar;Thróttur Reykjavík;1.09;1.09;1;1;0.67;0.33;100;50;50;50;50;50;50;0;0;1.67;1.67;1833;22;Y;Y;Y;Y;Y;Y;Y
529949;9442;3808;2019;complete;4219;4;-1;12;7,64,81;1;3;4;5;7;12;-1;-1;4;1;0;0;8;10;8;11;16;21;-1;-1;48;52;4;1;5.65;4.5;1.43;1;1.12;1.43;2.1;3.3;13;5.2;2.55;1.62;1.24;1.59;2.2;6.95;1.03;0;0;2.75;1.17;1.08;5.2;2.65;1.91;4.5;2.88;1.83;0;0;0;0;0;0;0;0;0;0;0;0;0;0;0;2.88;18;1.4;12;2.8;0;0;0;0;0;0;0;0;1.22;2.08;5;10.5;3.75;1.69;1.14;1.03;0;0;0;0;4;1;1;0;2;2;2;2019-05-23 19:15:00;3808;0;100;50;100;0;1;1;4;6;1;1;10;2;1;0;3;1;1;4;1;124;144;148;148;2.46;3.05;5.52;0;0;0;0;0;0;1;1;0;1;2;1;1;0;-1;-1;-1;-1;-1;-1;-1;-1;-1;50;50;100;100;100;50;100;100;100;10;0;0;4;Afturelding;Fjölnir;1.27;1.82;3;0;1;2;50;50;0;0;0;100;100;0;1.47;0.65;2.12;1833;22;Y;Y;Y;Y;N;N;Y
529950;3819;3814;2019;complete;4219;4;-1;60,77;2,4,46;2;3;5;8;7;15;-1;-1;-1;-1;-1;-1;11;11;8;2;19;13;-1;-1;49;51;-1;-1;2.4;3.5;2.5;1;1.14;1.49;2.25;3.72;12.25;4.8;2.4;1.56;1.21;1.44;2.55;0;0;0;0;1.44;1.3;1.53;2.81;2.4;3.13;2.63;2.7;2.75;0;0;0;0;0;0;0;0;0;0;0;0;0;0;0;1.91;13;2;5;5.8;0;0;0;0;0;0;0;0;1.27;2.22;5.5;11;3.5;1.61;1.13;1.02;0;0;0;0;5;0;2;2;1;3;2;2019-05-24 19:15:00;3814;0;100;0;100;0;1;-1;1;3;7;4;4;11;-1;-1;-1;-1;-1;-1;1;121;110;147;140;2.84;2.39;5.23;-1;-1;-1;-1;-1;-1;-1;1;0;2;0;2;-1;-1;-1;-1;-1;-1;-1;-1;-1;-1;-1;0;50;100;100;100;0;100;100;100;10;0;0;3.5;Grótta;Leiknir Reykjavík;1.73;1.64;1;0;1.33;1;100;50;0;0;0;100;100;0;2.57;0.92;3.49;1833;22;Y;Y;Y;Y;Y;N;Y
529951;3804;3817;2019;complete;4219;4;-1;8,42;;2;0;2;-1;-1;-1;-1;-1;-1;-1;-1;-1;-1;-1;-1;-1;-1;-1;-1;-1;-1;-1;-1;-1;2.35;3.35;2.65;1.01;1.19;1.65;2.65;0;10.5;4.05;2.1;1.42;1.14;1.56;2.25;0;0;0;0;1.44;1.29;1.57;0;0;0;0;0;0;0;0;0;0;0;0;0;0;0;0;0;0;0;0;0;0;0;0;0;0;0;0;0;0;0;0;0;0;0;0;0;0;0;0;0;0;0;0;0;0;2;2;0;0;0;0;2;2019-05-24 19:15:00;3804;0;0;0;0;0;-1;-1;-1;-1;-1;-1;-1;-1;-1;-1;-1;-1;-1;-1;-1;0;0;0;0;0;0;0;-1;-1;-1;-1;-1;-1;-1;1;1;0;-1;-1;-1;-1;-1;-1;-1;-1;-1;-1;-1;-1;-1;0;0;0;50;100;50;50;50;0;11;0;1;1.5;Víkingur Ólafsvík;Thór;1.82;1.55;3;3;2.33;2;100;100;100;50;0;100;100;100;1.18;1.97;3.15;1833;22;Y;Y;N;N;N;N;N
529952;6720;3816;2019;complete;4219;4;-1;20;63;1;1;2;-1;-1;-1;-1;-1;-1;-1;-1;-1;-1;-1;-1;-1;-1;-1;-1;-1;-1;-1;-1;-1;4.3;3.75;1.67;1.01;1.15;1.53;2.35;0;11.75;4.6;2.3;1.51;1.19;1.56;2.25;0;0;0;0;2;1.29;1.22;0;0;0;0;0;0;0;0;0;0;0;0;0;0;0;0;0;0;0;0;0;0;0;0;0;0;0;0;0;0;0;0;0;0;0;0;0;0;0;0;0;0;0;0;0;0;2;1;0;0;1;1;1;2019-05-25 16:00:00;-1;0;100;0;0;0;-1;-1;-1;-1;-1;-1;-1;-1;-1;-1;-1;-1;-1;-1;-1;0;0;0;0;0;0;0;-1;-1;-1;-1;-1;-1;-1;1;0;0;-1;-1;-1;-1;-1;-1;-1;-1;-1;-1;-1;-1;-1;0;50;100;100;100;0;100;100;100;8;0;3;3.5;Magni;Fram;1.18;0.91;0;0;0;1.33;100;50;0;0;0;50;50;50;1.45;1.23;2.68;1833;22;Y;Y;N;N;N;N;Y
529953;6720;3821;2019;complete;4219;5;-1;55;90;1;1;2;3;4;7;-1;-1;3;1;1;0;5;5;6;1;11;6;-1;-1;46;54;4;1;2.55;3.5;2.35;1;1.15;1.53;2.3;0;11.75;4.65;2.3;1.53;1.19;1.48;2.45;0;0;0;0;1.57;1.29;1.44;0;0;0;0;0;0;0;0;0;0;0;0;0;0;0;0;0;0;0;0;0;0;0;0;0;0;0;0;0;0;0;0;0;0;0;0;0;0;0;0;0;0;0;0;0;0;2;0;0;1;1;2;0;2019-05-30 16:00:00;-1;0;100;25;0;0;1;1;0;3;3;1;3;4;2;1;2;0;3;2;1;36;33;59;58;1.3;0.97;2.27;0;0;0;0;0;0;1;1;0;0;0;1;0;0;-1;-1;-1;-1;-1;-1;-1;-1;-1;0;25;50;100;100;50;100;75;25;8;0;1.5;2.75;Magni;Haukar;1.18;0.91;0.5;0.5;0.25;0.5;100;75;50;0;0;25;25;25;1.45;1.52;2.97;1833;22;Y;Y;N;N;N;N;Y
529954;3815;3819;2019;complete;4219;5;-1;45;19,80;1;2;3;3;3;6;-1;-1;4;3;1;0;5;5;5;0;10;5;-1;-1;50;50;5;3;1.62;3.85;3.95;1;1.15;1.53;2.3;4.5;11.75;4.65;2.3;1.53;1.19;1.59;2.2;2.65;1.37;0;0;1.14;1.17;2.2;2.08;2.54;4.45;1.91;2.8;4.33;0;0;0;0;0;0;0;0;0;0;0;0;0;0;0;1.44;14;2.88;3;7.5;0;0;0;0;0;0;0;0;1.29;2.17;5.5;12;3.25;1.61;1.13;1.02;0;0;0;0;3;1;1;0;1;1;2;2019-05-31 19:15:00;3819;0;50;25;0;0;1;1;1;1;2;2;2;4;0;1;5;2;1;7;1;37;28;94;89;1.26;0.88;2.14;0;0;0;0;0;0;1;1;0;0;1;1;0;0;-1;-1;-1;-1;-1;-1;-1;-1;-1;50;50;75;75;100;50;75;100;50;10;0;3.5;3.5;Keflavík;Grótta;1.73;2.18;3;1.5;2.5;1;50;50;25;25;0;100;100;75;2.01;1.07;3.08;1833;22;Y;Y;Y;N;N;N;Y
529955;3816;9442;2019;complete;4219;5;-1;11,28,61;62;3;1;4;3;9;12;-1;-1;4;3;0;0;7;11;10;7;17;18;-1;-1;47;53;4;3;1.61;3.95;4.5;1;1.11;1.42;2.05;3.75;13.25;5.35;2.65;1.67;1.26;1.48;2.45;2.8;1.33;0;0;1.12;1.16;2.15;2.11;2.54;4.45;1.91;2.88;4.2;0;0;1.1;1.22;1.44;1.73;2.2;5.5;3.7;2.5;1.95;1.57;0;0;0;1.44;17;2.7;3.15;7.75;0;0;0;0;0;0;0;0;1.22;2.1;5;10.5;3.75;1.67;1.14;1.03;0;0;0;0;4;2;0;1;1;2;2;2019-05-31 19:15:00;3816;0;75;50;50;0;1;1;1;4;2;5;5;7;2;1;2;2;3;4;1;40;38;52;66;1.84;2.17;4.01;1;0;1;0;0;0;1;1;0;0;0;1;0;0;-1;-1;-1;-1;-1;-1;-1;-1;-1;50;75;75;100;100;75;100;75;75;11;0;5;4;Fram;Afturelding;2.09;0.82;2;0;1.25;0.75;50;25;25;0;0;75;75;25;1.2;1.21;2.41;1833;22;Y;Y;Y;Y;N;N;Y
529956;3808;6721;2019;complete;4219;5;-1;85;;1;0;1;15;1;16;-1;-1;2;1;0;0;9;4;20;3;29;7;-1;-1;60;40;2;1;1.65;4.4;3.8;1.02;1.13;1.51;2.3;3.55;12;5.5;2.39;1.64;1.25;1.53;2.38;0;0;0;0;1.16;1.21;2.36;2;2.4;5;1.8;3;4.5;0;0;0;0;0;0;0;0;0;0;0;0;0;0;0;1.4;18;2.88;2.88;10;0;0;0;0;0;0;0;0;1.22;2.13;5;10.5;3.75;1.65;1.14;1.03;0;0;0;0;1;0;0;1;0;1;0;2019-06-01 14:00:00;3808;0;100;25;50;0;1;1;9;1;6;0;10;6;2;0;0;1;2;1;1;46;26;64;45;2.77;0.91;3.68;0;0;0;0;0;0;1;1;0;0;2;0;0;0;-1;-1;-1;-1;-1;-1;-1;-1;-1;50;50;100;100;100;100;100;100;50;12;0;4;4;Fjölnir;Njardvík;2;0.64;3;3;2.25;1.75;50;50;0;0;0;75;75;50;2.97;1.64;4.61;1833;22;Y;N;N;N;N;N;N
529957;3814;3804;2019;complete;4219;5;-1;60,70;;2;0;2;5;1;6;-1;-1;2;2;0;0;7;4;3;3;10;7;-1;-1;45;55;2;2;3.3;3.35;2;1.01;1.21;1.71;2.8;0;10;3.8;2;1.37;1.12;1.61;2.15;0;0;0;0;1.73;1.29;1.36;0;0;0;0;0;0;0;0;0;0;0;0;0;0;0;0;0;0;0;0;0;0;0;0;0;0;0;0;0;0;0;0;0;0;0;0;0;0;0;0;0;0;0;0;0;0;2;0;0;2;0;2;0;2019-05-31 19:00:00;3814;0;75;0;50;0;1;1;1;0;4;1;1;5;1;1;1;1;2;2;1;98;138;148;188;1.84;1.74;3.58;0;0;0;0;0;0;1;1;0;0;0;0;0;0;-1;-1;-1;-1;-1;-1;-1;-1;-1;25;25;75;75;75;50;75;75;50;12.5;0;0;2.75;Leiknir Reykjavík;Víkingur Ólafsvík;2;1.27;1.5;2;1.5;2.5;75;75;25;25;25;25;25;25;3.6;1.61;5.21;1833;22;Y;Y;N;N;N;N;N
529958;3817;3813;2019;complete;4219;5;-1;31,90;;2;0;2;6;6;12;-1;-1;1;4;0;0;6;3;14;3;20;6;-1;-1;55;45;1;4;2.9;3.6;2.05;1;1.06;1.27;1.74;3.55;15.75;6.9;3.3;1.95;1.42;1.28;3.25;0;0;0;0;1.14;1.17;2.1;2.1;2.4;4.33;1.91;3;3.75;0;0;0;0;0;0;0;0;0;0;0;0;0;0;0;1.44;17;2.7;3.4;9;0;0;0;0;0;0;0;0;1.22;2.13;5;10.5;3.75;1.65;1.14;1.03;0;0;0;0;2;1;0;1;0;1;1;2019-06-02 16:00:00;3817;0;100;50;50;0;1;1;3;4;3;2;7;5;1;3;0;1;4;1;1;38;21;64;48;1.95;0.74;2.69;0;0;0;0;0;0;1;1;0;0;1;2;0;0;-1;-1;-1;-1;-1;-1;-1;-1;-1;50;100;100;100;100;50;100;100;50;12.5;0;8;4.75;Thór;Thróttur Reykjavík;1.55;1.09;1.5;2;1.5;1;50;0;0;0;0;75;75;50;1.86;1.64;3.5;1833;22;Y;Y;N;N;N;N;N
529959;6721;3816;2019;complete;4219;6;-1;;63;0;1;1;3;8;11;-1;-1;1;0;0;0;4;4;2;6;6;10;-1;-1;40;60;1;0;2.45;3.4;2.5;1.01;1.21;1.71;2.8;5.05;10;3.8;2;1.37;1.12;1.61;2.15;3.7;1.19;0;0;1.57;1.29;1.44;3.2;2.2;3;2.88;2.5;2.7;0;0;0;0;0;0;0;0;0;0;0;0;0;0;0;2;11;1.91;5;4.5;0;0;0;0;0;0;0;0;1.33;2.42;6;12;3.1;1.51;1.1;1.02;0;0;0;0;1;0;0;0;1;1;0;2019-06-06 19:15:00;3816;0;50;0;0;0;1;1;1;6;2;2;7;4;0;0;1;0;0;1;1;18;46;44;68;0.79;1.24;2.03;0;0;0;0;0;0;1;1;0;0;0;2;0;0;-1;-1;-1;-1;-1;-1;-1;-1;-1;0;0;25;75;75;25;75;50;25;11.5;0;3;1.75;Njardvík;Fram;0.73;0.91;0.5;0.5;1.4;1.6;100;100;75;25;25;100;100;100;0.83;1.23;2.06;1833;22;Y;N;N;N;N;N;N
529960;3821;3817;2019;complete;4219;6;-1;;17,67,73;0;3;3;3;1;4;-1;-1;3;4;1;0;5;9;3;0;8;9;-1;-1;49;51;4;4;5.05;3.95;1.56;1.01;1.17;1.59;2.5;4.35;11;4.3;2.2;1.47;1.17;1.65;2.05;0;0;0;0;2.38;1.22;1.14;5;2.3;2.1;4.5;2.8;1.91;0;0;0;0;0;0;0;0;0;0;0;0;0;0;0;2.8;14;1.44;9.5;2.75;0;0;0;0;0;0;0;0;1.3;2.3;5.5;12;3.26;1.56;1.13;1.02;0;0;0;0;3;0;1;0;2;2;1;2019-06-07 18:00:00;3817;0;25;25;0;0;1;1;1;0;2;1;1;3;1;2;3;2;3;5;1;42;39;49;49;1.15;1.48;2.63;0;0;0;0;0;0;1;1;0;0;0;0;0;0;-1;-1;-1;-1;-1;-1;-1;-1;-1;25;25;25;75;75;75;75;25;0;10;0;2;2.5;Haukar;Thór;1.09;1.55;0.5;1.5;0.6;1.8;75;75;75;25;25;75;75;75;1.42;1.97;3.39;1833;22;Y;Y;Y;N;N;N;N
529961;3813;3814;2019;complete;4219;6;-1;72,76,81;;3;0;3;2;6;8;-1;-1;4;2;0;0;14;8;3;12;17;20;-1;-1;50;50;4;2;2.3;3.55;2.6;1.01;1.15;1.54;2.35;4.1;11.5;4.5;2.3;1.5;1.18;1.49;2.4;0;0;0;0;1.5;1.29;1.53;2.8;2.25;3.25;2.6;2.7;2.8;0;0;0;0;0;0;0;0;0;0;0;0;0;0;0;1.83;14;2;4.6;6;0;0;0;0;0;0;0;0;1.25;2.26;5.5;11;3.5;1.58;1.13;1.02;0;0;0;0;3;0;0;3;0;3;0;2019-06-07 19:15:00;3813;0;100;25;100;0;1;1;0;3;2;3;3;5;3;0;1;2;3;3;1;91;100;158;133;2.72;2.54;5.26;0;0;0;0;0;0;1;1;0;0;0;0;0;0;-1;-1;-1;-1;-1;-1;-1;-1;-1;50;50;100;100;100;50;100;100;100;10;0;0;4;Thróttur Reykjavík;Leiknir Reykjavík;0.91;1.64;0;1.5;0.8;1.8;50;50;0;0;0;75;75;50;1.59;1.65;3.24;1833;22;Y;Y;Y;N;N;N;N
529962;3804;3815;2019;complete;4219;6;-1;;64;0;1;1;-1;-1;-1;-1;-1;1;1;0;0;-1;-1;-1;-1;-1;-1;-1;-1;-1;-1;1;1;1.65;3.65;4.5;1.02;1.22;1.74;2.85;5.25;9.75;3.7;1.95;1.35;1.12;1.71;2;0;0;0;0;1.22;1.25;2.1;0;0;0;0;0;0;0;0;0;0;0;0;0;0;0;0;0;0;0;0;0;0;0;0;0;0;0;0;0;0;0;0;0;0;0;0;0;0;0;0;0;0;0;0;0;0;1;0;0;0;1;1;0;2019-06-17 16:00:00;3815;0;25;0;0;0;-1;1;-1;-1;-1;-1;-1;-1;1;0;0;1;1;1;-1;0;0;0;0;0;0;0;0;0;0;0;0;0;1;1;0;0;-1;-1;0;0;-1;-1;-1;-1;-1;-1;-1;-1;-1;0;25;25;50;75;25;50;50;25;14;0;3;1.75;Víkingur Ólafsvík;Keflavík;1.82;1.36;3;2;2.17;1.67;100;75;75;50;25;75;75;75;1.18;1.03;2.21;1833;22;Y;N;N;N;N;N;N
529963;3819;3808;2019;complete;4219;6;-1;;;0;0;0;4;7;11;-1;-1;0;2;0;0;7;13;2;5;9;18;-1;-1;54;46;0;2;4.05;3.9;1.69;1;1.12;1.45;2.15;3.65;12.75;5.05;2.5;1.61;1.23;1.5;2.4;0;0;0;0;2.2;1.25;1.22;4.33;2.4;2.1;3.75;2.88;1.91;0;0;0;0;0;0;0;0;0;0;0;0;0;0;0;2.5;17;1.53;8.5;3.4;0;0;0;0;0;0;0;0;1.22;2.05;5;10;3.75;1.7;1.14;1.03;0;0;0;0;0;0;0;0;0;0;0;2019-06-07 19:15:00;-1;0;100;50;75;0;1;1;2;2;2;5;4;7;0;1;0;1;1;1;1;83;88;100;100;1.66;2.67;4.33;0;0;0;0;0;0;1;1;0;0;0;0;0;0;-1;-1;-1;-1;-1;-1;-1;-1;-1;50;100;100;100;100;75;100;100;100;12.5;0;1;4.5;Grótta;Fjölnir;1.73;1.82;0.5;1.5;1.4;2.4;50;0;0;0;0;100;100;50;2.7;1.85;4.55;1833;22;N;N;N;N;N;N;N
529964;9442;6720;2019;complete;4219;6;-1;2,25,37,57;16;4;1;5;8;3;11;-1;-1;1;1;0;0;10;4;5;0;15;4;-1;-1;50;50;1;1;1.8;3.8;3.6;1;1.12;1.45;2.15;3.65;12.75;5.05;2.5;1.61;1.23;1.47;2.5;0;0;0;0;1.29;1.25;1.91;0;0;0;0;0;0;0;0;0;0;0;0;0;0;0;0;0;0;0;0;0;0;0;0;0;0;0;0;0;0;0;0;0;0;0;0;0;0;0;0;0;0;0;0;0;0;5;3;1;1;0;1;4;2019-06-07 19:15:00;9442;0;100;25;75;0;1;1;4;2;4;1;6;5;0;0;1;1;0;2;1;72;44;110;73;2.17;0.86;3.02;1;0;1;0;0;0;1;1;1;0;1;0;0;0;-1;-1;-1;-1;-1;-1;-1;-1;-1;50;75;100;100;100;75;100;100;100;6.5;0;9;4.25;Afturelding;Magni;1.27;0.91;1.5;0;0.6;0.4;50;25;0;0;0;75;75;25;1.97;1.13;3.1;1833;22;Y;Y;Y;Y;Y;N;Y
529965;3816;3819;2019;complete;4219;7;-1;33,35;5,83,90;2;3;5;3;4;7;-1;-1;3;2;0;0;8;8;4;3;12;11;-1;-1;48;52;3;2;1.74;3.95;3.65;1;1.13;1.49;2.25;3.8;12.25;4.9;2.4;1.57;1.22;1.51;2.35;3.25;1.25;0;0;1.3;1.25;1.83;2.41;2.42;3.78;2.2;2.75;3.4;0;0;0;0;0;0;0;0;0;0;0;0;0;0;0;1.62;15;2.38;3.8;6.3;0;0;0;0;0;0;0;0;1.25;2.19;5.5;11;3.5;1.62;1.13;1.02;0;0;0;0;5;2;1;0;2;2;3;2019-06-13 19:15:00;3819;0;84;67;34;0;1;1;1;2;2;2;3;4;1;0;2;2;1;4;1;65;54;113;107;1.79;1.65;3.45;0;0;0;0;0;0;1;1;0;1;0;1;0;0;-1;-1;-1;-1;-1;-1;-1;-1;-1;33;50;67;84;100;84;84;84;34;8.67;0;5;3.34;Fram;Grótta;2.09;2.18;2.33;2;1.83;1.33;67;50;33;17;0;84;84;67;1.41;1;2.41;1833;22;Y;Y;Y;Y;Y;N;Y
529966;9442;3821;2019;complete;4219;7;-1;70;4,37;1;2;3;7;5;12;-1;-1;-1;-1;-1;-1;8;8;5;2;13;10;-1;-1;58;42;-1;-1;2.05;3.65;3;1;1.13;1.47;2.2;3.7;12.5;5;2.45;1.59;1.23;1.44;2.55;3.6;1.2;0;0;1.36;1.25;1.8;2.5;2.3;3.4;2.3;2.8;3.2;0;0;0;0;0;0;0;0;0;0;0;0;0;0;0;1.67;15;2.2;4.15;5.95;0;0;0;0;0;0;0;0;1.22;2.11;5;10;3.75;1.66;1.14;1.03;0;0;0;0;3;0;2;1;0;1;2;2019-06-13 19:15:00;3821;0;100;50;33;0;1;-1;2;3;5;2;5;7;-1;-1;-1;-1;-1;-1;1;107;73;202;136;2.18;1.73;3.91;-1;-1;-1;-1;-1;-1;-1;1;0;1;0;0;-1;-1;-1;-1;-1;-1;-1;-1;-1;-1;-1;17;34;67;100;100;67;84;84;50;10.67;0;3.83;3.17;Afturelding;Haukar;1.27;0.91;2;0.67;1;0.5;84;67;34;0;0;67;67;50;2.03;1.34;3.37;1833;22;Y;Y;Y;N;N;N;Y
529967;3808;3804;2019;complete;4219;7;-1;51;14,34,76;1;3;4;4;3;7;-1;-1;1;3;0;0;2;7;8;10;10;17;-1;-1;52;48;1;3;1.77;3.55;3.9;1.01;1.2;1.69;2.75;4.9;10.25;3.9;2;1.38;1.13;1.65;2.05;0;0;0;0;1.25;1.29;1.91;0;0;0;0;0;0;0;0;0;0;0;0;0;0;0;0;0;0;0;0;0;0;0;0;0;0;0;0;0;0;0;0;0;0;0;0;0;0;0;0;0;0;0;0;0;0;4;0;2;1;1;2;2;2019-06-13 19:15:00;3804;0;50;0;33;0;1;1;2;2;2;1;4;3;0;0;1;3;0;4;1;43;35;84;69;1.09;1.81;2.9;1;0;1;0;0;0;1;1;0;0;0;0;0;0;-1;-1;-1;-1;-1;-1;-1;-1;-1;17;17;50;67;84;34;50;84;50;12;0;4;2.34;Fjölnir;Víkingur Ólafsvík;2;1.27;3;1.33;2.17;2;84;84;50;33;17;34;34;17;2.91;1.67;4.58;1833;22;Y;Y;Y;Y;N;N;Y
529968;3815;3813;2019;complete;4219;7;-1;6;53,58,63;1;3;4;10;5;15;-1;-1;2;0;0;0;10;10;7;9;17;19;-1;-1;45;55;2;0;1.62;4.05;4.25;1;1.14;1.5;2.25;3.9;12;4.75;2.35;1.54;1.2;1.57;2.25;2.75;1.34;0;0;1.17;1.22;2.25;2.1;2.4;4.5;1.83;2.88;4.2;0;0;0;0;0;0;0;0;0;0;0;0;0;0;0;1.5;17;2.63;3.1;7.25;0;0;0;0;0;0;0;0;1.25;2.17;5;10.5;3.5;1.63;1.14;1.03;0;0;0;0;4;1;0;0;3;3;1;2019-06-13 19:15:00;3813;0;67;33;17;0;1;1;3;2;7;3;5;10;0;0;2;0;0;2;1;32;40;66;72;2;2.18;4.18;0;0;0;0;0;0;1;1;1;0;1;0;0;0;-1;-1;-1;-1;-1;-1;-1;-1;-1;33;50;84;100;100;50;100;100;50;11.67;0;7.5;3.84;Keflavík;Thróttur Reykjavík;1.73;1.09;2;1.33;2;1.17;67;50;17;0;0;84;84;50;1.76;1.34;3.1;1833;22;Y;Y;Y;Y;N;N;Y
529969;3814;3817;2019;complete;4219;7;-1;;31,61,64;0;3;3;9;2;11;-1;-1;-1;-1;-1;-1;7;5;10;4;17;9;-1;-1;52;48;-1;-1;3.05;3.6;2.05;1.01;1.17;1.59;2.5;4.35;11;4.3;2.2;1.47;1.17;1.54;2.3;0;0;0;0;1.73;1.29;1.36;3.5;2.25;2.63;3.25;2.63;2.38;0;0;0;0;0;0;0;0;0;0;0;0;0;0;0;2.2;13;1.73;0;0;0;0;0;0;0;0;0;0;1.3;2.5;6;12;3.2;1.5;1.11;1.02;0;0;0;0;3;0;1;0;2;2;1;2019-06-15 16:00:00;3817;0;34;0;17;0;1;-1;1;1;8;1;2;9;-1;-1;-1;-1;-1;-1;1;42;24;73;55;1.86;1.09;2.95;-1;-1;-1;-1;-1;-1;-1;1;0;0;1;0;-1;-1;-1;-1;-1;-1;-1;-1;-1;-1;-1;17;17;50;100;100;67;84;67;50;9.5;0;6;2.83;Leiknir Reykjavík;Thór;2;1.55;2;2;1.5;2;84;84;50;0;0;42;42;42;3.02;1.72;4.74;1833;22;Y;Y;Y;N;N;N;N
529970;6720;6721;2019;complete;4219;7;-1;45,50,69;37,75;3;2;5;-1;-1;-1;-1;-1;3;3;0;0;-1;-1;-1;-1;-1;-1;-1;-1;-1;-1;3;3;2.65;3.35;2.35;1.02;1.23;1.77;2.9;5.3;9.5;3.65;1.95;1.34;1.11;1.62;2.1;0;0;0;0;1.57;1.3;1.44;0;0;0;0;0;0;0;0;0;0;0;0;0;0;0;0;0;0;0;0;0;0;0;0;0;0;0;0;0;0;0;0;0;0;0;0;0;0;0;0;0;0;0;0;0;0;5;1;1;2;1;3;2;2019-06-13 17:00:00;6720;0;84;17;33;0;-1;1;-1;-1;-1;-1;-1;-1;1;2;2;1;3;3;-1;0;0;0;0;0;0;0;1;1;1;1;0;0;1;1;0;0;-1;-1;0;0;-1;-1;-1;-1;-1;-1;-1;-1;-1;17;33;50;84;100;34;67;100;50;7.67;0;5.5;2.84;Magni;Njardvík;1.18;0.64;0.67;2;0.33;1.17;84;67;50;17;0;50;50;50;1.38;1.4;2.78;1833;22;Y;Y;Y;Y;Y;N;Y
529971;3813;3808;2019;complete;4219;8;-1;;59;0;1;1;5;9;14;-1;-1;2;3;0;0;7;9;4;10;11;19;-1;-1;50;50;2;3;2.65;3.75;2.2;1.02;1.14;1.5;2.25;4;11;5;2.5;1.57;1.2;1.48;2.5;5.05;1.1;0;0;1.8;1.29;1.29;3.82;2.43;2.39;3.2;2.75;2.3;0;0;0;0;0;0;0;0;0;0;0;0;0;0;0;2.1;15;1.73;6.25;3.85;0;0;0;0;0;0;0;0;1.25;2.25;5;10.5;3.5;1.57;1.14;1.03;0;0;0;0;1;0;0;0;1;1;0;2019-06-19 19:15:00;3808;0;67;50;50;0;1;1;4;5;1;4;9;5;0;1;2;2;1;4;1;85;114;138;136;1.81;2.65;4.46;0;0;0;0;0;0;1;1;0;0;0;2;0;0;-1;-1;-1;-1;-1;-1;-1;-1;-1;33;50;84;84;84;50;67;84;84;9.66;0;3.5;3.34;Thróttur Reykjavík;Fjölnir;0.91;1.82;1;1.33;1.43;1.86;67;50;17;17;17;67;67;50;1.97;2.12;4.09;1833;22;Y;N;N;N;N;N;N
529972;6721;9442;2019;complete;4219;8;-1;;79,90;0;2;2;3;7;10;-1;-1;1;1;0;0;5;8;5;4;10;12;-1;-1;50;50;1;1;1.95;3.55;3.25;1.01;1.19;1.65;2.65;4.7;10.5;4.05;2.1;1.42;1.14;1.59;2.2;3.4;1.23;4.45;1.13;1.4;1.25;1.67;2.6;2.3;3.5;2.38;2.7;3.2;0;0;0;0;0;0;0;0;0;0;0;0;0;0;0;1.73;13;2.2;4.05;5.2;0;0;0;0;0;0;0;0;1.29;2.26;5.5;11;3.25;1.58;1.13;1.02;0;0;0;0;2;0;0;0;2;2;0;2019-06-20 19:15:00;9442;0;34;0;34;0;1;1;1;5;2;2;6;4;0;0;1;1;0;2;1;43;44;73;69;1.29;1.63;2.93;0;0;0;0;0;0;1;1;0;0;0;1;0;0;-1;-1;-1;-1;-1;-1;-1;-1;-1;17;50;50;67;84;50;67;67;50;11;0;3.5;2.67;Njardvík;Afturelding;0.73;0.82;0.33;0;1;0.86;84;50;50;34;17;84;84;67;0.82;1.53;2.35;1833;22;Y;Y;N;N;N;N;N
529973;3821;3814;2019;complete;4219;8;-1;7;34,80;1;2;3;4;7;11;-1;-1;4;2;1;0;6;9;8;14;14;23;-1;-1;51;49;5;2;2.45;3.4;2.5;1.01;1.21;1.71;2.8;5.05;10;3.8;2;1.37;1.12;1.61;2.15;3.95;1.17;0;0;1.57;1.29;1.44;3.26;2.36;2.76;2.88;2.6;2.63;0;0;0;0;0;0;0;0;0;0;0;0;0;0;0;2;11;1.91;5;4.1;0;0;0;0;0;0;0;0;1.33;2.63;6;12;3;1.44;1.1;1.02;0;0;0;0;3;1;1;0;1;1;2;2019-06-20 19:15:00;3814;0;50;17;34;0;1;1;1;4;3;3;5;6;0;0;5;2;0;7;1;32;48;54;69;1.53;2.41;3.94;0;0;0;0;0;0;1;1;1;0;1;1;0;0;-1;-1;-1;-1;-1;-1;-1;-1;-1;33;33;84;84;84;33;67;84;67;11;0;5;3.34;Haukar;Leiknir Reykjavík;1.09;1.64;0.33;1;0.86;1.29;67;67;17;17;17;50;50;33;1.29;1.95;3.24;1833;22;Y;Y;Y;N;N;N;Y
529974;3804;3816;2019;complete;4219;8;-1;;7;0;1;1;-1;-1;-1;-1;-1;3;1;0;0;-1;-1;-1;-1;-1;-1;-1;-1;-1;-1;3;1;1.49;4.2;5.35;1.01;1.18;1.61;2.55;4.45;10.75;4.2;2.15;1.44;1.16;1.71;2;0;0;0;0;1.17;1.22;2.25;0;0;0;0;0;0;0;0;0;0;0;0;0;0;0;0;0;0;0;0;0;0;0;0;0;0;0;0;0;0;0;0;0;0;0;0;0;0;0;0;0;0;0;0;0;0;1;0;1;0;0;0;1;2019-06-22 14:00:00;3816;0;34;0;0;0;-1;1;-1;-1;-1;-1;-1;-1;2;0;1;1;2;2;-1;0;0;0;0;0;0;0;0;1;0;1;0;0;1;1;0;1;-1;-1;1;0;-1;-1;-1;-1;-1;-1;-1;-1;-1;0;0;17;50;100;17;50;84;17;13.5;0;2.5;1.67;Víkingur Ólafsvík;Fram;1.82;0.91;2;1.33;1.86;1.57;100;100;84;50;0;100;100;100;1.18;1.24;2.42;1833;22;Y;N;N;N;N;N;N
529975;3819;6720;2019;complete;4219;8;-1;10,24,33,38;80;4;1;5;3;4;7;-1;-1;2;1;0;0;11;4;6;5;17;9;-1;-1;59;41;2;1;1.42;4.6;5.65;1;1.09;1.37;1.95;3.15;14;5.75;2.8;1.74;1.3;1.53;2.3;0;0;0;0;1.07;1.17;3;0;0;0;0;0;0;0;0;0;0;0;0;0;0;0;0;0;0;0;0;0;0;0;0;0;0;0;0;0;0;0;0;0;0;0;0;0;0;0;0;0;0;0;0;0;0;5;4;0;0;1;1;4;2019-06-22 16:00:00;3819;0;84;17;67;0;1;1;2;3;1;1;5;2;0;1;2;0;1;2;1;55;28;81;55;2.23;1.05;3.28;0;0;0;0;0;0;1;1;1;0;1;0;0;0;-1;-1;-1;-1;-1;-1;-1;-1;-1;67;84;84;84;84;67;84;84;67;7.67;0;3;4;Grótta;Magni;1.73;0.91;0.67;0;1.57;0.71;34;17;17;17;17;84;84;50;2.35;1.04;3.39;1833;22;Y;Y;Y;Y;Y;N;Y
529976;3817;3815;2019;complete;4219;8;-1;;;0;0;0;11;3;14;-1;-1;3;3;0;0;3;3;11;3;14;6;-1;-1;58;42;3;3;1.77;3.6;3.85;1.01;1.2;1.67;2.7;4.85;10.25;3.95;2.05;1.39;1.14;1.65;2.1;2.65;1.36;0;0;1.25;1.25;2;2.25;2.3;4.33;2;2.63;4;0;0;0;0;0;0;0;0;0;0;0;0;0;0;0;1.53;12;2.6;3.1;6.3;0;0;0;0;0;0;0;0;1.29;2.38;5.5;12;3.25;1.53;1.13;1.02;0;0;0;0;0;0;0;0;0;0;0;2019-06-22 16:00:00;-1;0;50;17;17;0;1;1;1;2;10;1;3;11;1;1;2;2;2;4;1;50;15;69;29;1.45;0.7;2.14;0;0;0;0;0;0;1;1;0;0;1;2;0;0;-1;-1;-1;-1;-1;-1;-1;-1;-1;17;50;50;67;84;17;67;84;33;13.33;0;4.5;2.67;Thór;Keflavík;1.55;1.36;2;2.33;2.14;1.86;84;50;50;34;17;59;59;59;1.89;1.03;2.92;1833;22;N;N;N;N;N;N;N
529977;6721;3821;2019;complete;4219;9;-1;49;16,25,34,45,90;1;5;6;6;7;13;-1;-1;1;1;0;0;6;8;3;1;9;9;-1;-1;54;46;1;1;1.91;3.75;3.2;1.04;1.22;1.75;2.9;5.5;9.5;3.75;1.95;1.36;1.13;1.65;2.1;3.75;1.19;0;0;1.53;1.26;1.4;3.2;2.1;3;2.88;2.5;2.7;0;0;0;0;0;0;0;0;0;0;0;0;0;0;0;2;11;1.91;4.75;4;0;0;0;0;0;0;0;0;1.33;2.63;6;13;3;1.44;1.1;1.01;0;0;0;0;6;0;4;1;1;2;4;2019-06-24 19:15:00;3821;0;50;13;13;0;1;1;1;5;5;2;6;7;0;0;1;1;0;2;1;30;33;68;71;1.21;1.37;2.58;0;0;0;0;0;0;1;1;0;0;0;1;0;0;-1;-1;-1;-1;-1;-1;-1;-1;-1;0;0;25;75;88;50;50;63;25;9.5;0;2;1.88;Njardvík;Haukar;0.73;0.91;0.25;1.25;0.88;0.75;100;100;75;25;13;75;75;63;0.94;1.44;2.38;1833;22;Y;Y;Y;Y;Y;Y;Y
529978;3815;3814;2019;complete;4219;9;-1;61;47,53,65;1;3;4;8;5;13;-1;-1;1;0;0;0;14;10;7;3;21;13;-1;-1;48;52;1;0;2;3.35;3.3;1.01;1.2;1.67;2.7;4.85;10.25;3.95;2.05;1.39;1.14;1.59;2.2;3.35;1.23;0;0;1.36;1.29;1.67;2.66;2.27;3.62;2.4;2.6;3.25;0;0;0;0;0;0;0;0;0;0;0;0;0;0;0;1.73;12;2.2;3.9;6;0;0;0;0;0;0;0;0;1.33;2.45;6;12;3.1;1.5;1.1;1.02;0;0;0;0;4;0;0;1;3;4;0;2019-06-27 19:15:00;3814;0;75;25;25;0;1;1;6;2;2;3;8;5;1;0;0;0;1;0;1;98;75;115;108;3;2.06;5.07;0;0;0;0;0;0;1;1;0;0;1;0;0;0;-1;-1;-1;-1;-1;-1;-1;-1;-1;25;38;100;100;100;50;88;100;75;13;0;5;3.63;Keflavík;Leiknir Reykjavík;1.73;1.64;1.5;1.5;1.75;1.5;75;63;0;0;0;75;75;50;1.82;2.07;3.89;1833;22;Y;Y;Y;Y;N;N;Y
529979;3816;3813;2019;complete;4219;9;-1;60,90;4;2;1;3;8;3;11;-1;-1;3;3;1;0;10;4;9;5;19;9;-1;-1;51;49;5;3;2.25;3.6;2.65;1;1.11;1.43;2.1;3.45;13.25;5.3;2.6;1.65;1.26;1.4;2.7;4.15;1.15;0;0;1.44;1.25;1.57;2.67;2.49;3.16;2.5;2.8;2.8;0;0;1.05;1.1;1.22;1.44;1.73;7.5;5.5;3.7;2.5;1.95;0;0;0;1.8;18;2;4.9;5.2;0;0;0;0;0;0;0;0;1.22;2.2;5;10;3.75;1.62;1.14;1.03;0;0;0;0;3;0;1;2;0;2;1;2019-06-26 19:15:00;3816;0;88;50;38;0;1;1;4;2;4;1;6;5;1;1;3;2;2;5;1;73;59;142;137;2.43;1.29;3.72;0;0;0;0;0;0;1;1;0;1;0;1;0;0;-1;-1;-1;-1;-1;-1;-1;-1;-1;38;75;75;100;100;63;100;88;63;10.75;0;5.67;4;Fram;Thróttur Reykjavík;2.09;1.09;1.75;1.75;1.75;1.25;63;25;25;0;0;88;88;63;1.51;1.55;3.06;1833;22;Y;Y;Y;N;N;N;Y
529980;9442;3819;2019;complete;4219;9;-1;;87,90,90;0;3;3;4;8;12;-1;-1;3;1;0;0;4;14;10;11;14;25;-1;-1;45;55;3;1;2.7;3.6;2.2;1;1.09;1.36;1.95;3.05;14.25;5.9;2.85;1.77;1.31;1.34;2.9;5;1.1;0;0;1.54;1.21;1.35;3.1;2.3;2.75;2.8;2.75;2.45;0;0;0;0;0;0;0;0;0;0;0;0;0;0;0;2;20;1.8;7;5.5;0;0;0;0;0;0;0;0;1.2;2.1;4.5;9.5;4;1.67;1.17;1.04;0;0;0;0;3;0;0;0;3;3;0;2019-06-27 19:15:00;3819;0;88;63;13;0;1;1;0;6;4;2;6;6;0;0;3;1;0;4;1;33;42;60;64;1.4;2.84;4.24;0;0;0;0;0;0;1;1;0;0;0;2;0;0;-1;-1;-1;-1;-1;-1;-1;-1;-1;38;50;88;88;100;75;88;100;38;9.5;0;4.5;3.63;Afturelding;Grótta;1.27;2.18;1.5;2.25;1.13;1.75;63;50;13;13;0;75;75;63;2.07;1.17;3.24;1833;22;Y;Y;Y;N;N;N;N
529981;6720;3804;2019;complete;4219;9;-1;;;0;0;0;1;10;11;-1;-1;2;2;0;0;-1;-1;-1;-1;-1;-1;-1;-1;-1;-1;2;2;6.7;4.95;1.34;1;1.15;1.53;2.3;4;11.75;4.65;2.3;1.53;1.19;1.8;1.91;0;0;0;0;3;1.14;1.11;0;0;0;0;0;0;0;0;0;0;0;0;0;0;0;0;0;0;0;0;0;0;0;0;0;0;0;0;0;0;0;0;0;0;0;0;0;0;0;0;0;0;0;0;0;0;0;0;0;0;0;0;0;2019-06-29 14:00:00;-1;0;75;13;50;0;1;1;0;1;1;9;1;10;0;0;2;2;0;4;1;38;92;77;109;0;0;0;0;0;0;0;0;0;1;1;0;0;0;0;0;0;-1;-1;-1;-1;-1;-1;-1;-1;-1;13;38;50;88;88;25;63;88;75;6.25;0;6;2.75;Magni;Víkingur Ólafsvík;1.18;1.27;1.25;1.75;0.63;1.63;88;63;50;13;13;0;0;0;1.38;1.72;3.1;1833;22;N;N;N;N;N;N;N
529982;3808;3817;2019;complete;4219;9;-1;46,66,85,88;;4;0;4;5;4;9;-1;-1;1;2;0;0;16;7;10;7;26;14;-1;-1;48;52;1;2;1.87;3.65;3.5;1.01;1.2;1.69;2.75;4.9;10.25;3.9;2;1.38;1.13;1.65;2.1;2.55;1.39;0;0;1.25;1.25;2;2.29;2.36;4.3;2;2.7;4;0;0;1.1;1.22;1.44;1.73;2.2;5.5;3.7;2.5;1.95;1.57;0;0;0;1.53;12;2.6;2.95;6.35;0;0;0;0;0;0;0;0;1.3;2.63;6;12;3.2;1.44;1.11;1.02;0;0;0;0;4;0;0;4;0;4;0;2019-06-29 14:00:00;3808;0;38;0;25;0;1;1;3;3;2;1;6;3;0;1;1;1;1;2;1;85;108;145;164;3.37;2.16;5.53;0;0;0;0;0;0;1;1;0;0;1;1;0;0;-1;-1;-1;-1;-1;-1;-1;-1;-1;13;25;63;88;100;63;88;75;50;9.83;0;5.75;2.88;Fjölnir;Thór;2;1.55;2.25;2.25;2;2;88;75;38;13;0;59;59;46;2.45;1.51;3.96;1833;22;Y;Y;Y;Y;N;N;N
529983;3815;3821;2019;complete;4219;10;-1;41;90;1;1;2;3;6;9;-1;-1;2;3;0;0;6;4;4;2;10;6;-1;-1;42;58;2;3;1.69;3.7;4.2;1.01;1.18;1.62;2.55;4.55;10.75;4.2;2.1;1.43;1.15;1.61;2.15;0;0;0;0;1.25;1.25;1.91;0;0;0;0;0;0;0;0;0;0;0;0;0;0;0;0;0;0;0;0;0;0;0;0;0;0;0;0;0;0;0;0;0;0;0;0;0;0;0;0;0;0;0;0;0;0;2;1;0;0;1;1;1;2019-07-04 19:15:00;-1;0;90;20;30;0;1;1;2;2;1;4;4;5;1;0;1;3;1;4;1;25;39;62;73;1.23;0.95;2.18;0;1;0;1;0;0;1;1;0;0;1;0;0;0;-1;-1;-1;-1;-1;-1;-1;-1;-1;20;40;80;100;100;60;80;90;60;12.2;0;3.75;3.5;Keflavík;Haukar;1.73;0.91;1.2;1.6;1.56;1;80;60;20;0;0;70;70;60;2.05;1.42;3.47;1833;22;Y;Y;N;N;N;N;Y
529984;3814;3808;2019;complete;4219;10;-1;;14,70;0;2;2;5;3;8;-1;-1;3;3;0;0;8;7;8;6;16;13;-1;-1;55;45;3;3;3.35;3.45;1.95;1.01;1.18;1.62;2.55;4.55;10.75;4.2;2.1;1.43;1.15;1.56;2.25;0;0;0;0;1.83;1.29;1.29;0;0;0;0;0;0;0;0;0;0;0;0;0;0;0;0;0;0;0;0;0;0;0;0;0;0;0;0;0;0;0;0;0;0;0;0;0;0;0;0;0;0;0;0;0;0;2;0;1;0;1;1;1;2019-07-04 19:15:00;3808;0;50;25;25;0;1;1;3;2;2;1;5;3;1;0;2;3;1;5;1;102;93;164;139;2.32;1.99;4.3;0;0;0;0;0;0;1;1;0;0;0;1;0;0;-1;-1;-1;-1;-1;-1;-1;-1;-1;25;38;63;75;88;50;63;88;63;14.5;0;4;2.88;Leiknir Reykjavík;Fjölnir;2;1.82;1.5;1.75;1.67;2.11;75;63;38;25;13;75;75;63;2.73;2.25;4.98;1833;22;Y;Y;N;N;N;N;N
529985;3817;3816;2019;complete;4219;10;-1;38,67,89;;3;0;3;9;1;10;-1;-1;-1;-1;-1;-1;8;0;6;3;14;3;-1;-1;50;50;-1;-1;1.67;4.05;3.95;1;1.14;1.51;2.3;3.95;12;4.7;2.35;1.53;1.2;1.56;2.25;0;0;0;0;1.22;1.22;2.2;0;0;0;0;0;0;0;0;0;0;0;0;0;0;0;0;0;0;0;0;0;0;0;0;0;0;0;0;0;0;0;0;0;0;0;0;0;0;0;0;0;0;0;0;0;0;3;1;0;2;0;2;1;2019-07-05 18:00:00;3817;0;50;13;13;0;1;-1;4;0;5;1;4;6;-1;-1;-1;-1;-1;-1;1;35;10;55;47;1.69;0.27;1.96;-1;-1;-1;-1;-1;-1;-1;1;0;0;1;0;-1;-1;-1;-1;-1;-1;-1;-1;-1;-1;-1;13;25;38;63;88;13;75;75;25;14;0;4.33;2.25;Thór;Fram;1.55;0.91;1.75;1.75;1.78;1.89;88;75;63;38;13;88;88;88;1.78;1.24;3.02;1833;22;Y;Y;Y;N;N;N;N
529986;3819;6721;2019;complete;4219;10;-1;44,62,67;88;3;1;4;5;4;9;-1;-1;2;2;0;0;12;9;8;3;20;12;-1;-1;55;45;2;2;1.35;4.85;6.3;1;1.12;1.45;2.15;3.65;12.75;5.05;2.5;1.61;1.23;1.67;2.05;0;0;0;0;1.04;1.2;3.25;0;0;0;0;0;0;0;0;0;0;0;0;0;0;0;0;0;0;0;0;0;0;0;0;0;0;0;0;0;0;0;0;0;0;0;0;0;0;0;0;0;0;0;0;0;0;4;1;0;2;1;3;1;2019-07-05 19:15:00;3819;0;75;25;50;0;1;1;3;2;2;2;5;4;0;1;2;1;1;3;1;99;93;150;132;2.82;2.06;4.88;0;0;0;0;0;0;1;1;0;0;1;2;0;0;-1;-1;-1;-1;-1;-1;-1;-1;-1;50;63;75;75;88;63;75;88;50;9.67;0;3;3.5;Grótta;Njardvík;1.73;0.64;1.25;1.5;1.89;0.78;50;38;25;25;13;88;88;75;2.32;1.4;3.72;1833;22;Y;Y;Y;Y;N;N;Y
529987;3804;9442;2019;complete;4219;10;-1;54,62;;2;0;2;-1;-1;-1;-1;-1;4;2;0;0;-1;-1;-1;-1;-1;-1;-1;-1;-1;-1;4;2;1.38;4.55;6.25;1.01;1.17;1.57;2.45;4.25;11.25;4.35;2.2;1.48;1.17;1.74;1.95;0;0;0;0;1.11;1.17;2.75;0;0;0;0;0;0;0;0;0;0;0;0;0;0;0;0;0;0;0;0;0;0;0;0;0;0;0;0;0;0;0;0;0;0;0;0;0;0;0;0;0;0;0;0;0;0;2;0;0;2;0;2;0;2019-07-05 20:00:00;3804;0;25;0;25;0;-1;1;-1;-1;-1;-1;-1;-1;4;1;0;1;5;1;-1;0;0;0;0;0;0;0;0;0;0;0;0;0;1;1;0;0;-1;-1;0;0;-1;-1;-1;-1;-1;-1;-1;-1;-1;13;38;38;63;100;38;63;75;50;13;0;4;2.5;Víkingur Ólafsvík;Afturelding;1.82;0.82;1.5;0.75;1.56;1;88;63;63;38;0;88;88;63;1.18;1.56;2.74;1833;22;Y;Y;N;N;N;N;N
529988;3813;6720;2019;complete;4219;10;-1;26,26,35,43,50,55,83;;7;0;7;6;2;8;-1;-1;3;1;0;0;12;4;4;5;16;9;-1;-1;65;35;3;1;1.47;4.45;5.2;1;1.1;1.38;2;3.2;14;5.7;2.75;1.71;1.29;1.51;2.35;0;0;0;0;1.1;1.17;2.75;0;0;0;0;0;0;0;0;0;0;0;0;0;0;0;0;0;0;0;0;0;0;0;0;0;0;0;0;0;0;0;0;0;0;0;0;0;0;0;0;0;0;0;0;0;0;7;4;0;3;0;3;4;2019-07-06 16:00:00;3813;0;75;25;50;0;1;1;2;1;4;1;3;5;3;1;0;0;4;0;1;97;83;160;123;2.56;1.46;4.01;0;0;0;0;0;0;1;1;0;0;0;1;0;0;-1;-1;-1;-1;-1;-1;-1;-1;-1;63;63;88;88;100;63;75;100;63;6.25;0;4.33;4;Thróttur Reykjavík;Magni;0.91;0.91;0.75;0;1.11;0.67;38;38;13;13;0;50;50;38;1.93;1.04;2.97;1833;22;Y;Y;Y;Y;Y;Y;N
529989;6720;3817;2019;complete;4219;11;-1;69;90;1;1;2;1;12;13;-1;-1;4;0;0;0;3;10;6;16;9;26;-1;-1;50;50;4;0;5.85;4.8;1.38;1;1.11;1.43;2.1;3.45;13.25;5.3;2.6;1.65;1.26;1.65;2.1;8.75;1.01;0;0;3.5;1.12;1.06;0;0;0;0;0;0;0;0;0;0;0;0;0;0;0;0;0;0;0;0;0;0;0;0;11.25;2.55;1.25;1.86;4.5;10;3.75;1.86;1.17;1.04;1.12;1.6;2.75;5.5;5.5;2.25;1.4;1.12;0;0;0;0;2;0;0;1;1;2;0;2019-07-11 19:15:00;-1;0;40;10;20;0;1;1;1;6;0;6;7;6;0;0;4;0;0;4;1;30;87;54;100;0.99;2.95;3.95;1;0;1;0;0;0;1;1;0;0;0;0;0;0;-1;-1;-1;-1;-1;-1;-1;-1;-1;10;30;50;90;90;30;70;70;60;5.08;0;6;2.7;Magni;Thór;1.18;1.55;1.2;1.8;0.6;1.9;90;70;50;10;10;54;42;42;1.38;1.68;3.06;1833;22;Y;Y;N;N;N;N;Y
529990;9442;3813;2019;complete;4219;11;-1;86;45;1;1;2;11;0;11;-1;-1;2;2;0;0;7;2;7;6;14;8;-1;-1;55;45;2;2;2.35;3.55;2.5;1;1.09;1.35;1.91;3.05;14.25;5.95;2.9;1.77;1.32;1.34;2.95;5.85;1.06;0;0;1.67;1.2;1.36;0;0;0;0;0;0;0;0;0;0;0;0;0;0;0;0;0;0;0;0;0;0;0;0;6.75;4.85;1.14;1.83;3.7;7.75;4.2;1.89;1.19;1.02;1.11;1.53;2.62;4.75;6;2.38;1.44;1.15;0;0;0;0;2;0;1;1;0;1;1;2019-07-11 19:15:00;-1;0;80;30;20;0;-1;1;-1;-1;-1;-1;-1;-1;0;0;2;2;0;4;1;47;51;63;62;1.71;1.01;2.72;0;1;0;1;0;0;1;1;0;0;-1;-1;0;0;-1;-1;-1;-1;-1;-1;-1;-1;-1;20;50;90;100;100;40;90;100;60;11;0;5.42;3.7;Afturelding;Thróttur Reykjavík;1.27;1.09;1.2;1.4;0.9;1.3;80;50;10;0;0;100;100;80;1.94;1.5;3.44;1833;22;Y;Y;N;N;N;N;Y
529991;6721;3804;2019;complete;4219;11;-1;40,45,58;;3;0;3;4;3;7;-1;-1;5;3;0;1;9;5;11;6;20;11;-1;-1;50;50;5;5;3.5;3.75;1.83;1.01;1.19;1.65;2.65;4.7;10.5;4.05;2.1;1.42;1.14;1.65;2.1;4.7;1.11;0;0;2.2;1.2;1.14;0;0;0;0;0;0;0;0;0;0;0;0;0;0;0;0;0;0;0;0;0;0;0;0;7;2.45;1.4;2.75;7;17;2.75;1.4;1.08;1.02;0;2;0;0;0;1.62;0;0;0;0;0;0;3;2;0;1;0;1;2;2019-07-11 19:15:00;6721;0;30;0;30;0;1;1;4;2;0;1;6;1;2;2;3;2;4;5;1;30;29;82;72;2.1;1.26;3.36;0;0;0;0;0;0;1;1;0;0;2;0;0;0;-1;-1;-1;-1;-1;-1;-1;-1;-1;10;20;30;60;70;30;40;60;50;9.6;0;3.08;2;Njardvík;Víkingur Ólafsvík;0.73;1.27;0.2;1.6;0.7;1.7;90;80;70;40;30;60;60;50;0.99;1.72;2.71;1833;22;Y;Y;Y;N;N;N;N
529992;3808;3815;2019;complete;4219;11;-1;36;90;1;1;2;6;3;9;-1;-1;2;3;0;0;3;3;12;6;15;9;-1;-1;50;50;2;3;1.39;4.85;5.6;1;1.14;1.51;2.3;3.95;12;4.7;2.35;1.53;1.2;1.69;2.05;1.87;1.74;0;0;1.07;1.14;3;0;0;0;0;0;0;0;0;0;0;0;0;0;0;0;0;0;0;0;0;0;0;0;0;2.05;9.5;1.29;2.32;6;12;3.25;1.55;1.11;1.02;1.2;1.91;4;9;4.33;1.71;1.22;1.05;0;0;0;0;2;1;0;0;1;1;1;2019-07-11 19:15:00;-1;0;43;0;20;0;1;1;4;2;2;1;6;3;0;1;2;2;1;4;1;39;26;62;53;1.43;0.97;2.4;0;0;0;0;0;0;1;1;0;0;1;0;0;1;-1;-1;-1;-1;-1;-1;-1;-1;-1;10;43;53;53;75;30;43;75;43;12.67;0;3.6;2.33;Fjölnir;Keflavík;2;1.36;2.4;2;2.2;1.5;90;58;48;48;25;64;54;44;2.64;0.92;3.56;1833;22;Y;Y;N;N;N;N;Y
529993;3821;3819;2019;complete;4219;11;-1;55,88;44,70;2;2;4;4;5;9;-1;-1;3;2;0;0;7;7;7;10;14;17;-1;-1;42;58;3;2;3.05;3.75;2;1;1.1;1.39;2;3.25;13.75;5.55;2.7;1.69;1.28;1.39;2.7;5;1.1;0;0;1.91;1.22;1.22;0;0;0;0;0;0;0;0;0;0;0;0;0;0;0;0;0;0;0;0;0;0;0;0;6.4;3.45;1.25;2.26;5.5;11;3.5;1.58;1.13;1.02;1.17;1.87;3.5;7.5;4.5;1.74;1.29;1.07;0;0;0;0;4;0;1;2;1;3;1;2019-07-11 19:15:00;-1;0;55;55;0;0;1;1;1;4;3;1;5;4;1;1;2;1;2;3;1;44;47;76;84;1.69;1.9;3.59;0;0;0;0;0;0;1;1;0;0;0;2;0;0;-1;-1;-1;-1;-1;-1;-1;-1;-1;33;33;78;78;88;55;68;88;33;8.95;0;5.47;3.2;Haukar;Grótta;1.09;2.18;0.25;2.4;1;2;68;68;23;23;13;55;55;55;1.37;1.5;2.87;1833;22;Y;Y;Y;Y;N;N;Y
529994;3816;3814;2019;complete;4219;11;-1;6,45;59;2;1;3;3;6;9;-1;-1;3;3;0;0;3;7;5;7;8;14;-1;-1;51;49;3;3;2.15;3.6;2.8;1.01;1.15;1.53;2.35;4.05;11.75;4.6;2.3;1.51;1.19;1.49;2.4;3.65;1.19;0;0;1.5;1.29;1.53;0;0;0;0;0;0;0;0;0;0;0;0;0;0;0;0;0;0;0;0;0;0;0;0;4.5;4.65;1.25;2.28;5.5;11;3.5;1.57;1.13;1.02;1.17;1.85;3.75;8;4.5;1.85;1.25;1.06;0;0;0;0;3;2;0;0;1;1;2;2019-07-11 19:15:00;3816;0;90;40;50;0;1;1;2;3;1;3;5;4;0;1;3;2;1;5;1;32;31;63;58;0.95;1.59;2.54;0;0;0;0;0;0;1;1;1;0;1;0;0;0;-1;-1;-1;-1;-1;-1;-1;-1;-1;30;50;90;100;100;60;80;90;80;11.6;0;4.83;3.7;Fram;Leiknir Reykjavík;2.09;1.64;2;1.8;1.7;1.5;70;50;10;0;0;80;80;60;1.69;2.06;3.75;1833;22;Y;Y;Y;N;N;N;Y
529995;3815;6720;2019;complete;4219;12;-1;;27,35,81;0;3;3;13;0;13;-1;-1;2;5;0;0;10;4;16;3;26;7;-1;-1;68;32;2;5;1.3;5.75;6.6;1.01;1.08;1.35;1.91;2.88;17;6.5;3.1;1.8;1.36;1.54;2.63;2.35;1.47;0;0;1.02;1.08;3.25;1.71;3.02;5.65;1.53;3.4;6;0;0;0;0;0;1.98;0;0;0;0;1.83;0;0;0;0;1.29;26;3.5;2.5;11.25;1.17;1.85;4;9.5;4.5;1.87;1.2;1.04;1.07;1.49;2.48;5.5;6.8;2.46;1.48;1.13;0;0;0;0;3;0;2;0;1;1;2;2019-07-16 18:00:00;6720;0;82;19;29;0;-1;1;-1;-1;-1;-1;-1;-1;1;1;1;4;2;5;1;64;23;91;47;2.79;0.89;3.68;0;1;0;1;0;0;1;1;0;0;-1;-1;0;0;-1;-1;-1;-1;-1;-1;-1;-1;-1;59;75;92;100;100;67;92;100;64;8.73;0;4.4;4.45;Keflavík;Magni;1.73;0.91;1.17;0;1.45;0.64;42;25;9;0;0;62;54;35;1.92;1.13;3.05;1833;22;Y;Y;Y;N;N;N;N
529996;3817;6721;2019;complete;4219;12;-1;6,46;11;2;1;3;4;7;11;-1;-1;3;3;0;0;5;5;8;3;13;8;-1;-1;50;50;3;3;1.34;5.65;5.75;1.02;1.14;1.48;2.2;3.3;15;5;2.6;1.6;1.29;1.8;2.09;2;1.65;0;0;1.01;1.08;3.45;1.92;2.62;5.35;1.44;3.1;8;0;0;0;0;0;0;0;0;0;0;0;0;0;0;0;1.22;21;4;2.15;11.25;1.24;2.03;4.62;11;3.86;1.72;1.19;1.03;1.1;1.6;2.8;7;5.8;2.2;1.38;1.08;0;0;0;0;3;1;1;1;0;1;2;2019-07-16 18:00:00;3817;0;60;30;40;0;1;1;1;3;3;4;4;7;0;1;3;2;1;5;1;30;22;61;48;1.38;1.01;2.4;0;0;0;0;0;0;1;1;1;0;0;1;0;0;-1;-1;-1;-1;-1;-1;-1;-1;-1;30;50;70;80;90;40;80;90;50;12.3;0;5;3.2;Thór;Njardvík;1.55;0.64;2;1.2;1.82;0.91;70;50;30;20;10;90;78;68;1.76;1.57;3.33;1833;22;Y;Y;Y;N;N;N;Y
529997;3808;3816;2019;complete;4219;12;-1;33,51,90;78;3;1;4;9;1;10;-1;-1;2;3;0;0;9;6;5;2;14;8;-1;-1;50;50;2;3;1.49;4.35;5.05;1;1.14;1.5;2.25;3.9;12;4.75;2.35;1.54;1.2;1.62;2.15;2.45;1.42;0;0;1.16;1.18;2.5;2.13;2.56;4.3;1.91;2.8;4.33;0;0;0;0;0;1.9;0;0;0;0;1.9;0;0;0;0;1.5;15;2.7;2.75;8;1.25;2.15;5;10.5;3.5;1.64;1.14;1.03;1.12;1.68;3.1;7.5;5.3;2.06;1.32;1.07;0;0;0;0;4;1;0;2;1;3;1;2019-07-16 19:15:00;3808;0;54;0;17;0;1;1;5;1;4;0;6;4;0;2;2;1;2;3;1;122;113;155;182;2.4;1.76;4.16;0;1;0;1;0;0;1;1;0;0;1;0;0;0;-1;-1;-1;-1;-1;-1;-1;-1;-1;9;25;54;72;100;25;74;90;45;11.5;0;3;2.59;Fjölnir;Fram;2;0.91;2.17;1.4;2.09;1.82;92;75;47;29;0;84;67;42;2.43;0.92;3.35;1833;22;Y;Y;Y;Y;N;N;Y
529998;3813;3819;2019;complete;4219;12;-1;;61;0;1;1;2;9;11;-1;-1;2;3;0;0;3;2;10;6;13;8;-1;-1;51;49;2;3;2.6;3.7;2.25;1;1.07;1.31;1.83;2.85;15;6.4;3.1;1.87;1.36;1.31;3.05;5.3;1.08;0;0;1.61;1.24;1.47;2.75;2.47;3.08;2.75;2.8;2.45;0;0;0;0;0;0;0;0;0;0;0;0;0;0;0;1.8;18;1.83;6.1;5.2;1.17;1.89;4;9.5;4.5;1.83;1.2;1.04;1.08;1.5;2.55;5;6.4;2.4;1.46;1.14;0;0;0;0;1;0;0;0;1;1;0;2019-07-16 19:15:00;3819;0;54;35;29;0;1;1;0;8;2;1;8;3;0;1;2;2;1;4;1;51;64;104;87;1.4;1.11;2.51;0;1;0;1;0;0;1;1;0;0;0;2;0;0;-1;-1;-1;-1;-1;-1;-1;-1;-1;37;45;82;82;100;45;64;100;65;8.53;0;4.08;3.65;Thróttur Reykjavík;Grótta;0.91;2.18;1.2;2.17;1.27;1.91;64;55;19;19;0;54;45;45;2.05;1.57;3.62;1833;22;Y;N;N;N;N;N;N
529999;3804;3821;2019;complete;4219;12;-1;14,45;;2;0;2;-1;-1;-1;-1;-1;2;4;0;0;-1;-1;-1;-1;-1;-1;-1;-1;-1;-1;2;4;1.42;4.55;5.7;1.01;1.19;1.65;2.65;4.7;10.5;4.05;2.1;1.42;1.14;1.83;1.83;2.1;1.59;0;0;1.07;1.12;2.5;2.24;2.38;4.45;1.73;2.6;6.5;0;0;0;0;0;0;0;0;0;0;0;0;0;0;0;1.36;14;3.25;2.35;7.75;1.29;2.28;6;12;3.25;1.57;1.11;1.02;1.19;1.93;3.9;9;4.2;1.77;1.21;1.05;0;0;0;0;2;2;0;0;0;0;2;2019-07-16 19:15:00;3804;0;50;9;17;0;-1;1;-1;-1;-1;-1;-1;-1;0;2;2;2;2;4;-1;0;0;0;0;0;0;0;0;0;0;0;0;0;1;1;0;0;-1;-1;0;0;-1;-1;-1;-1;-1;-1;-1;-1;-1;9;9;25;70;100;44;62;72;27;12.33;0;3.85;2.2;Víkingur Ólafsvík;Haukar;1.82;0.91;1.8;1.5;1.55;1;92;92;75;30;0;84;75;75;1.18;1.34;2.52;1833;22;Y;Y;N;N;N;N;N
530000;3814;9442;2019;complete;4219;12;-1;25,54,80;43,66;3;2;5;4;4;8;-1;-1;4;1;0;1;8;6;10;4;18;10;-1;-1;45;55;4;2;1.5;4.35;4.95;1;1.12;1.45;2.15;3.65;12.75;5.05;2.5;1.61;1.23;1.56;2.25;2.6;1.37;0;0;1.16;1.21;2.38;2.13;2.51;4.45;1.8;2.75;4.8;0;0;0;0;0;1.73;0;0;0;0;2.01;0;0;0;0;1.4;18;2.88;2.9;8;1.22;2.11;5;10;3.75;1.66;1.14;1.03;1.12;1.65;3;7;5.3;2.1;1.34;1.08;0;0;0;0;5;1;1;2;1;3;2;2019-07-16 19:15:00;3814;0;40;0;30;0;1;1;1;2;3;2;3;5;2;0;2;2;2;4;1;44;41;65;65;2;1.35;3.35;0;1;0;1;0;0;1;1;0;0;0;0;0;0;-1;-1;-1;-1;-1;-1;-1;-1;-1;20;40;60;100;100;40;70;100;80;13;0;4.75;3.2;Leiknir Reykjavík;Afturelding;2;0.82;1.2;0.6;1.36;0.91;80;60;40;0;0;58;58;33;2.64;1.56;4.2;1833;22;Y;Y;Y;Y;Y;N;Y
530001;3819;3804;2019;complete;4219;13;-1;47,90;51,71;2;2;4;6;7;13;-1;-1;3;3;0;0;5;7;4;14;9;21;-1;-1;50;50;3;3;2.5;3.25;2.5;1.03;1.27;1.87;3.2;5.95;8.75;3.35;1.8;1.29;1.09;1.71;2;0;0;0;0;1.42;1.24;1.41;2.84;2.23;3.42;2.75;2.5;2.88;0;0;0;0;0;0;0;0;0;0;0;0;0;0;0;1.91;10;2;4.5;4.75;1.34;2.6;6.3;15;3;1.4;1.08;1.02;1.19;1.93;3.9;9;4.2;1.77;1.21;1.05;0;0;0;0;4;0;0;2;2;4;0;2019-07-20 14:00:00;-1;0;57;0;47;0;1;1;2;2;4;5;4;9;0;1;3;2;1;5;1;42;61;94;109;1.23;2.25;3.48;1;1;1;1;0;0;1;1;0;0;1;0;0;0;-1;-1;-1;-1;-1;-1;-1;-1;-1;20;49;65;74;74;37;65;74;55;9.33;0;4.33;2.8;Grótta;Víkingur Ólafsvík;1.73;1.27;1.6;1.33;2;1.67;80;52;35;27;27;49;39;29;2.42;1.6;4.02;1833;22;Y;Y;Y;Y;N;N;Y
530002;3821;3808;2019;complete;4219;13;-1;11;3,6,13,50,65;1;5;6;5;12;17;-1;-1;-1;-1;-1;-1;3;9;11;4;14;13;-1;-1;48;52;-1;-1;5.75;4.45;1.42;1.01;1.17;1.57;2.45;4.25;11.25;4.35;2.2;1.48;1.17;1.77;1.95;0;0;0;0;2.5;1.13;1.06;5.5;2.51;1.95;5;2.88;1.73;0;0;0;0;0;1.95;0;0;0;0;1.85;0;0;0;0;3.1;15;1.4;0;0;1.29;2.26;5.5;12;3.25;1.58;1.13;1.02;1.16;1.81;3.5;7.5;4.6;1.9;1.26;1.07;0;0;0;0;6;1;3;0;2;2;4;2019-07-20 14:00:00;3808;0;50;40;20;0;1;-1;1;6;4;6;7;10;-1;-1;-1;-1;-1;-1;1;31;47;54;62;1.31;1.78;3.09;-1;-1;-1;-1;-1;-1;-1;1;0;2;0;1;-1;-1;-1;-1;-1;-1;-1;-1;-1;-1;-1;20;40;60;70;80;40;70;80;40;10.8;0;5.75;2.8;Haukar;Fjölnir;1.09;1.82;0.4;2;0.92;2.17;80;60;40;30;20;70;60;50;1.45;2.2;3.65;1833;22;Y;Y;Y;Y;Y;Y;Y
530003;6721;3813;2019;complete;4219;13;-1;32,77;18,59,63;2;3;5;4;5;9;-1;-1;-1;-1;-1;-1;5;10;7;4;12;14;-1;-1;54;46;-1;-1;3.1;3.75;1.95;1.01;1.16;1.56;2.4;4.2;11.5;4.45;2.25;1.49;1.18;1.53;2.35;0;0;0;0;1.67;1.19;1.28;3.74;2.36;2.49;3.1;2.7;2.4;0;0;0;0;0;0;1.95;0;0;0;0;1.85;0;0;0;2.1;14;1.73;7;4.2;1.31;2.28;6;12.5;3.34;1.57;1.12;1.02;1.15;1.78;3.4;7;4.7;1.92;1.27;1.08;0;0;0;0;5;1;1;1;2;3;2;2019-07-20 14:00:00;3813;0;50;9;17;0;1;-1;2;3;2;2;5;4;-1;-1;-1;-1;-1;-1;1;31;34;67;64;1.33;1.83;3.16;-1;-1;-1;-1;-1;-1;-1;1;0;0;1;0;-1;-1;-1;-1;-1;-1;-1;-1;-1;-1;-1;17;34;50;84;92;34;75;84;42;9.16;0;4.2;2.92;Njardvík;Thróttur Reykjavík;0.73;1.09;0.67;1.33;0.83;1.17;83;67;50;17;9;92;92;75;1.18;1.42;2.6;1833;22;Y;Y;Y;Y;Y;N;Y
530004;3816;3815;2019;complete;4219;13;-1;57;45,68;1;2;3;8;10;18;-1;-1;1;1;0;0;6;5;4;4;10;9;-1;-1;59;41;1;1;2.3;3.4;2.75;1.01;1.22;1.74;2.85;5.15;9.75;3.75;1.95;1.36;1.12;1.61;2.15;0;0;0;0;1.36;1.25;1.5;2.88;2.2;3.3;2.63;2.5;3;0;0;0;0;0;1.88;0;0;0;0;1.93;0;0;0;0;1.83;11;2.1;4.6;5.25;1.3;2.63;6;13;3.2;1.44;1.1;1.01;1.18;1.99;3.8;9;4.3;1.75;1.22;1.05;0;0;0;0;3;0;1;1;1;2;1;2019-07-21 19:15:00;3815;0;70;25;17;0;1;1;5;7;3;3;12;6;0;0;1;1;0;2;1;141;96;187;111;2.08;1.61;3.7;0;0;0;0;0;0;1;1;0;0;0;2;0;0;-1;-1;-1;-1;-1;-1;-1;-1;-1;17;35;52;70;80;42;70;72;44;10.17;0;5.65;2.54;Fram;Keflavík;2.09;1.36;2.17;1.8;1.67;1.33;84;65;49;30;20;79;59;50;1.57;0.93;2.5;1833;22;Y;Y;Y;N;N;N;Y
530005;6720;3814;2019;complete;4219;13;-1;;29,72,77;0;3;3;-1;-1;-1;-1;-1;4;3;0;0;-1;-1;-1;-1;-1;-1;-1;-1;-1;-1;4;3;4.45;4.3;1.56;1;1.15;1.53;2.3;4;11.75;4.65;2.3;1.53;1.19;1.59;2.2;0;0;0;0;2.15;1.15;1.12;4.5;2.5;2.12;4.33;2.88;1.91;0;0;0;0;0;0;0;0;0;0;0;0;0;0;0;2.7;17;1.44;0;0;1.25;2.17;5.5;10.5;3.5;1.63;1.13;1.02;1.14;1.75;3.2;7.5;4.9;1.99;1.29;1.07;0;0;0;0;3;0;1;0;2;2;1;2019-07-20 16:00:00;3814;0;83;17;50;0;-1;1;-1;-1;-1;-1;-1;-1;1;1;3;2;2;5;-1;0;0;0;0;0;0;0;0;0;0;0;0;0;1;1;0;0;-1;-1;0;0;-1;-1;-1;-1;-1;-1;-1;-1;-1;17;33;67;92;92;34;59;92;67;8;0;5;3;Magni;Leiknir Reykjavík;1.18;1.64;1.17;1.5;0.83;1.5;83;67;34;9;9;67;59;50;1.25;1.99;3.24;1833;22;Y;Y;Y;N;N;N;N
530006;9442;3817;2019;complete;4219;13;-1;71;43,90;1;2;3;3;3;6;-1;-1;2;1;0;0;5;5;6;8;11;13;-1;-1;50;50;2;1;5.05;4.45;1.48;1;1.08;1.32;1.83;2.85;15;6.3;3.05;1.83;1.36;1.43;2.55;0;0;0;0;2.4;1.13;1.09;4.75;2.73;1.94;4.5;3.1;1.73;0;0;0;0;0;1.73;0;0;0;0;2;0;0;0;0;2.8;23;1.4;13;3.4;1.2;1.9;4.1;9;4;1.82;1.19;1.05;1.09;1.57;2.62;5.5;6.1;2.28;1.44;1.13;0;0;0;0;3;0;1;1;1;2;1;2019-07-20 16:00:00;3817;0;50;17;17;0;1;1;2;2;1;1;4;2;0;0;2;1;0;3;1;119;116;187;164;1.92;2.02;3.94;0;0;0;0;0;0;1;1;0;0;1;1;0;0;-1;-1;-1;-1;-1;-1;-1;-1;-1;9;25;67;100;100;42;75;84;59;11.27;0;4.5;3;Afturelding;Thór;1.27;1.55;1.17;1.67;0.83;1.92;92;75;34;0;0;90;80;72;1.9;1.93;3.83;1833;22;Y;Y;Y;N;N;N;Y
530007;6721;3814;2019;complete;4219;14;-1;;15,87;0;2;2;2;8;10;-1;-1;4;4;0;0;7;9;7;12;14;21;-1;-1;49;51;4;4;4.05;3.75;1.71;1.01;1.18;1.62;2.55;4.55;10.75;4.2;2.1;1.43;1.15;1.62;2.1;4.8;1.11;0;0;2;1.29;1.22;4.15;2.36;2.33;3.75;2.7;2.1;0;0;0;0;0;1.73;2;0;0;0;2;1.73;0;0;0;2.5;13;1.57;8;3.4;1.3;2.28;6;12;3.2;1.57;1.11;1.02;1.16;1.83;3.6;8;4.6;1.86;1.25;1.06;0;0;0;0;2;0;1;0;1;1;1;2019-07-25 19:15:00;3814;0;50;14;36;0;1;1;0;3;2;5;3;7;1;0;3;4;1;7;1;41;47;82;73;1.67;2.28;3.95;0;1;0;1;0;0;1;1;0;0;0;0;0;0;-1;-1;-1;-1;-1;-1;-1;-1;-1;22;29;72;86;93;50;64;86;57;10.71;0;3.6;3.07;Njardvík;Leiknir Reykjavík;0.73;1.64;0.57;1.71;0.77;1.62;79;71;29;15;7;85;69;54;1.2;1.99;3.19;1833;22;Y;Y;N;N;N;N;N
530008;3804;3813;2019;complete;4219;14;-1;;;0;0;0;-1;-1;-1;-1;-1;1;3;0;0;-1;-1;-1;-1;-1;-1;-1;-1;-1;-1;1;3;1.47;4.2;5;1;1.14;1.49;2.25;3.85;12.25;4.8;2.4;1.56;1.21;1.56;2.25;2.8;1.33;0;0;1.14;1.2;2.2;2.04;2.56;4.7;1.91;2.88;4;0;0;0;0;0;0;0;0;0;0;0;0;0;0;0;1.5;15;2.63;3.3;10;1.25;2.13;5;10.5;3.5;1.65;1.14;1.03;1.12;1.68;3.1;7;5.3;2.06;1.32;1.08;0;0;0;0;0;0;0;0;0;0;0;2019-07-25 19:15:00;-1;0;43;15;15;0;-1;1;-1;-1;-1;-1;-1;-1;0;1;1;2;1;3;-1;0;0;0;0;0;0;0;0;0;0;0;0;0;1;1;0;0;-1;-1;0;0;-1;-1;-1;-1;-1;-1;-1;-1;-1;15;29;36;75;100;31;75;75;37;11.43;0;4.8;2.61;Víkingur Ólafsvík;Thróttur Reykjavík;1.82;1.09;2;1.57;1.62;1.31;86;72;65;25;0;100;93;86;1.18;1.48;2.66;1833;22;N;N;N;N;N;N;N
530009;3821;3816;2019;complete;4219;14;-1;30,60;27;2;1;3;6;5;11;-1;-1;3;2;0;0;6;7;7;7;13;14;-1;-1;40;60;3;2;2.65;3.6;2.25;1;1.13;1.49;2.25;3.8;12.25;4.9;2.4;1.57;1.22;1.44;2.55;4.4;1.13;0;0;1.53;1.29;1.5;3.18;2.44;2.72;2.99;2.9;2.42;0;0;0;0;0;1.85;0;0;0;0;1.95;0;0;0;0;2;17;1.83;6;5.2;1.28;2.11;5.3;10;3.54;1.66;1.15;1.04;1.13;1.7;3.1;6.5;5.1;2.03;1.31;1.1;0;0;0;0;3;1;1;1;0;1;2;2019-07-25 19:15:00;3821;0;59;25;17;0;1;1;4;1;2;4;5;6;1;1;2;1;2;3;1;34;54;58;97;1.48;1.77;3.25;0;0;0;0;0;0;1;1;0;0;1;0;0;0;-1;-1;-1;-1;-1;-1;-1;-1;-1;17;34;67;75;92;25;83;83;50;8.42;0;5.25;3;Haukar;Fram;1.09;0.91;0.33;1.17;0.85;1.54;84;67;34;25;9;84;75;50;1.42;1.13;2.55;1833;22;Y;Y;Y;N;N;N;Y
530010;3819;3817;2019;complete;4219;14;-1;33;50;1;1;2;5;4;9;-1;-1;3;4;1;0;5;8;5;4;10;12;-1;-1;58;42;5;4;2.75;3.65;2.15;1;1.12;1.43;2.1;3.55;13;5.2;2.55;1.62;1.24;1.42;2.6;4.6;1.12;0;0;1.62;1.25;1.36;3.28;2.49;2.71;2.88;2.8;2.4;0;0;0;0;0;0;0;0;0;0;0;0;0;0;0;2;17;1.8;5.55;4.5;1.22;2.2;5;10;3.75;1.62;1.14;1.03;1.12;1.68;3.1;6.5;5.3;2.06;1.32;1.1;0;0;0;0;2;1;0;0;1;1;1;2019-07-26 18:00:00;-1;0;56;0;48;0;1;1;4;0;1;4;4;5;2;3;2;1;5;3;1;97;92;144;122;1.69;1.98;3.68;0;0;0;0;0;0;1;1;0;0;2;0;0;0;-1;-1;-1;-1;-1;-1;-1;-1;-1;17;49;70;92;92;31;69;77;69;9.5;0;3.5;3.19;Grótta;Thór;1.73;1.55;1.5;1.86;1.92;2;84;52;30;9;9;75;59;50;2.22;1.94;4.16;1833;22;Y;Y;N;N;N;N;Y
530011;9442;3815;2019;complete;4219;14;-1;82;;1;0;1;2;4;6;-1;-1;4;2;0;0;3;6;3;5;6;11;-1;-1;46;54;4;2;4.15;3.85;1.69;1.01;1.16;1.57;2.45;4.2;11.25;4.4;2.25;1.48;1.18;1.59;2.15;5.4;1.08;0;0;2.2;1.22;1.14;4.4;2.48;2.25;4.12;2.8;2.04;0;0;0;0;0;1.72;0;0;0;0;2.01;0;0;0;0;2.63;13;1.53;9;3.2;1.31;2.28;6;12;3.34;1.62;1.12;1.03;1.15;1.81;3.4;7.5;4.7;1.92;1.27;1.07;0;0;0;0;1;0;0;1;0;1;0;2019-07-25 19:15:00;9442;0;68;15;23;0;1;1;2;2;0;2;4;2;0;1;4;1;1;5;1;31;42;64;60;0.82;1.41;2.23;0;0;0;0;0;0;1;1;0;0;0;1;0;0;-1;-1;-1;-1;-1;-1;-1;-1;-1;7;23;60;75;84;22;68;84;45;12.14;0;4.4;2.48;Afturelding;Keflavík;1.27;1.36;1;2;0.77;1.46;93;77;41;25;17;83;73;66;1.9;1.07;2.97;1833;22;Y;N;N;N;N;N;N
530012;6720;3808;2019;complete;4219;14;-1;52;56,59,86;1;3;4;5;9;14;-1;-1;1;1;0;0;5;10;5;10;10;20;-1;-1;50;50;1;1;9.25;6.1;1.2;1.02;1.13;1.4;2.07;3.5;15;5.5;2.88;1.78;1.26;1.91;1.8;0;0;0;0;4.33;1.11;1.02;8.5;2.88;1.53;8;3.6;1.4;0;0;0;0;0;2;0;0;0;0;1.73;0;0;0;0;4.33;23;1.2;26;2.05;1.2;2.1;4.5;10;4;1.67;1.17;1.03;1.11;1.63;2.9;6.5;5.5;2.13;1.36;1.1;0;0;0;0;4;0;0;1;3;4;0;2019-07-27 16:00:00;3808;0;61;32;30;0;1;1;2;4;3;5;6;8;1;1;0;0;2;0;1;41;61;59;86;1.27;2.39;3.67;0;0;0;0;0;0;1;1;0;0;0;1;0;0;-1;-1;-1;-1;-1;-1;-1;-1;-1;24;40;47;77;85;32;62;85;61;9.17;0;5.65;2.79;Magni;Fjölnir;1.18;1.82;1;2.17;0.77;2.23;77;61;54;24;16;67;67;59;1.25;2.13;3.38;1833;22;Y;Y;Y;Y;N;N;Y
530013;3817;3804;2019;complete;4219;15;-1;33;90;1;1;2;3;11;14;-1;-1;-1;-1;-1;-1;3;5;5;10;8;15;-1;-1;47;53;-1;-1;1.95;3.45;3.4;1.02;1.23;1.77;2.95;5.4;9.5;3.6;1.91;1.34;1.11;1.69;2.05;2.65;1.36;0;0;1.25;1.22;1.8;2.54;2.23;4.04;2.39;2.54;3.8;0;0;0;0;0;0;0;0;0;0;0;0;0;0;0;1.67;10;2.4;3.25;5.5;1.36;2.55;6.8;17;2.95;1.46;1.07;1.01;1.21;2.04;4.2;9;3.9;1.71;1.19;1.05;0;0;0;0;2;1;0;0;1;1;1;2019-07-30 19:15:00;-1;0;47;17;30;0;1;-1;3;5;0;6;8;6;-1;-1;-1;-1;-1;-1;1;27;39;54;57;0.91;1.57;2.48;-1;-1;-1;-1;-1;-1;-1;1;0;0;3;0;-1;-1;-1;-1;-1;-1;-1;-1;-1;-1;-1;9;31;62;77;77;31;63;77;45;11.88;0;6;2.56;Thór;Víkingur Ólafsvík;1.55;1.27;2.17;1.29;1.93;1.57;92;69;38;23;23;56;56;48;1.7;1.73;3.43;1833;22;Y;Y;N;N;N;N;Y
530014;3813;3821;2019;complete;4219;15;-1;1,3,26,42;9,13;4;2;6;7;7;14;-1;-1;3;3;0;0;12;4;3;6;15;10;-1;-1;55;45;3;3;1.95;3.6;3.15;1;1.13;1.48;2.2;3.75;12.5;4.95;2.45;1.57;1.22;1.44;2.5;3.3;1.24;0;0;1.3;1.29;1.8;2.46;2.38;4.02;2.2;2.7;3.4;0;0;0;0;0;1.73;0;0;0;0;2;0;0;0;0;1.62;14;2.3;3.9;5.95;1.25;2.25;5.5;11;3.5;1.57;1.13;1.02;1.11;1.8;3;7;5.5;1.93;1.34;1.08;0;0;0;0;6;4;2;0;0;0;6;2019-07-30 19:15:00;3813;0;60;16;31;0;1;1;6;3;1;4;9;5;1;0;2;3;1;5;1;80;101;130;129;2.37;1.65;4.01;1;0;1;0;0;0;1;1;2;1;0;2;0;0;-1;-1;-1;-1;-1;-1;-1;-1;-1;24;24;55;84;100;52;68;86;48;9.16;0;4.2;3.1;Thróttur Reykjavík;Haukar;0.91;0.91;1;1.29;1.29;1;77;77;45;17;0;59;50;50;1.95;1.34;3.29;1833;22;Y;Y;Y;Y;Y;Y;Y
530015;3815;6721;2019;complete;4219;15;-1;90;;1;0;1;6;10;16;-1;-1;-1;-1;-1;-1;3;9;5;12;8;21;-1;-1;50;50;-1;-1;1.51;4.2;5.1;1.01;1.18;1.62;2.55;4.55;10.75;4.2;2.1;1.43;1.15;1.71;2;2.3;1.49;0;0;1.14;1.14;2.38;2.1;2.3;5;1.83;2.7;4.5;0;0;0;0;0;0;2;0;0;0;0;1.73;0;0;0;1.44;12;2.88;2.65;7;1.3;2.63;6;12;3.2;1.44;1.1;1.02;1.19;1.95;4;9;4.2;1.76;1.21;1.05;0;0;0;0;1;0;0;1;0;1;0;2019-07-30 19:15:00;3815;0;77;32;32;0;1;-1;3;5;3;5;8;8;-1;-1;-1;-1;-1;-1;1;35;33;69;56;0.97;2.18;3.15;-1;-1;-1;-1;-1;-1;-1;1;0;0;0;1;-1;-1;-1;-1;-1;-1;-1;-1;-1;-1;-1;24;47;85;92;100;55;85;100;54;12.29;0;4.53;3.47;Keflavík;Njardvík;1.73;0.64;1;1;1.36;0.71;77;54;16;9;0;93;76;69;2.04;1.46;3.5;1833;22;Y;N;N;N;N;N;N
530016;3814;3819;2019;complete;4219;15;-1;16,33;51,59;2;2;4;8;6;14;-1;-1;-1;-1;-1;-1;6;4;7;7;13;11;-1;-1;41;59;-1;-1;2.15;3.65;2.75;1;1.14;1.5;2.25;3.9;12;4.75;2.35;1.54;1.2;1.47;2.5;3.85;1.18;0;0;1.44;1.2;1.62;2.8;2.43;3.26;2.5;2.8;2.88;0;0;0;0;0;0;0;0;0;0;0;0;0;0;0;1.8;15;2;4.5;5.05;1.25;2.25;5;10.5;3.5;1.57;1.14;1.03;1.12;1.67;3;7;5.3;2.08;1.33;1.08;0;0;0;0;4;2;0;0;2;2;2;2019-07-30 19:15:00;-1;0;54;30;24;0;1;-1;2;4;6;2;6;8;-1;-1;-1;-1;-1;-1;1;28;38;41;54;1.43;1.24;2.68;-1;-1;-1;-1;-1;-1;-1;1;0;0;1;1;-1;-1;-1;-1;-1;-1;-1;-1;-1;-1;-1;31;38;69;86;100;47;70;100;55;11.5;0;5;3.24;Leiknir Reykjavík;Grótta;2;2.18;1.5;2.29;1.71;1.86;69;62;31;15;0;52;45;45;2.54;1.5;4.04;1833;22;Y;Y;Y;Y;N;N;Y
530017;3816;6720;2019;complete;4219;15;-1;54,61,71,77;89;4;1;5;8;1;9;-1;-1;0;2;0;0;11;3;13;7;24;10;-1;-1;64;36;0;2;1.36;4.9;6.1;1.01;1.1;1.36;2;3.2;15;6;3.1;1.73;1.3;1.59;2.48;0;0;0;0;1.04;1.12;3.5;1.71;2.88;6.2;1.53;3.3;6;0;0;0;0;0;2;0;0;0;0;1.8;0;0;0;0;1.29;23;3.5;0;0;1.2;1.92;4.5;9.5;4;1.8;1.17;1.04;1.1;1.59;2.69;6;5.8;2.24;1.42;1.11;0;0;0;0;5;0;0;4;1;5;0;2019-07-31 18:00:00;3816;0;84;30;38;0;1;1;4;1;4;0;5;4;0;1;0;1;1;1;1;49;22;81;48;2.63;1;3.62;0;1;0;1;0;0;1;1;0;0;0;0;0;0;-1;-1;-1;-1;-1;-1;-1;-1;-1;56;63;93;100;100;86;100;93;61;7.57;0;5.6;4.29;Fram;Magni;2.09;0.91;1.86;0.5;1.43;0.71;44;37;7;0;0;68;61;45;1.64;1.09;2.73;1833;22;Y;Y;Y;Y;Y;N;Y
530018;3808;9442;2019;complete;4219;15;-1;90;18;1;1;2;4;2;6;-1;-1;1;5;0;0;9;2;9;4;18;6;-1;-1;50;50;1;5;1.25;5.25;9.25;1;1.06;1.3;1.73;2.75;21;7.5;3.5;2;1.4;1.57;2.25;0;0;0;0;1.02;1.12;4;1.58;3.13;7.1;1.44;3.75;6.5;0;0;0;0;0;1.85;0;0;0;0;1.95;0;0;0;0;1.25;31;3.6;0;0;1.17;1.82;3.75;8.5;4.5;1.9;1.22;1.05;1.07;1.5;2.45;5;6.8;2.45;1.5;1.14;0;0;0;0;2;0;1;1;0;1;1;2019-07-31 19:15:00;-1;0;61;9;47;0;1;1;0;2;4;0;2;4;0;0;1;5;0;6;1;122;90;177;160;2.65;1.19;3.84;0;0;0;0;0;0;1;1;0;0;0;0;0;0;-1;-1;-1;-1;-1;-1;-1;-1;-1;24;62;69;93;100;47;69;100;79;12.74;0;3.91;3.48;Fjölnir;Afturelding;2;0.82;2.29;0.5;2.29;0.93;77;38;31;7;0;66;52;17;2.43;1.51;3.94;1833;22;Y;Y;N;N;N;N;Y
530019;3819;3815;2019;complete;4219;16;-1;31,55,68,90;8,36,75;4;3;7;10;4;14;-1;-1;-1;-1;-1;-1;10;10;10;6;20;16;-1;-1;55;45;-1;-1;1.83;3.55;3.65;1.01;1.19;1.67;2.65;4.75;10.5;4;2.05;1.41;1.14;1.61;2.15;0;0;0;0;1.29;1.22;1.91;2.38;2.3;4;2.1;2.63;3.6;0;0;0;0;0;0;0;0;0;0;0;0;0;0;0;1.62;12;2.4;3.7;7;1.3;2.5;6;12;3.2;1.5;1.11;1.02;1.2;1.9;3.62;8;4.14;1.82;1.25;1.06;0;0;0;0;7;1;2;3;1;4;3;2019-08-09 19:15:00;3819;0;65;0;36;0;1;-1;6;2;4;2;8;6;-1;-1;-1;-1;-1;-1;1;39;42;60;75;2.23;2.01;4.24;-1;-1;-1;-1;-1;-1;-1;1;0;1;2;1;-1;-1;-1;-1;-1;-1;-1;-1;-1;-1;-1;15;43;50;65;79;15;57;79;43;10.81;0;4.4;2.5;Grótta;Keflavík;1.73;1.36;1.43;1.71;1.8;1.47;86;58;50;36;22;77;54;47;2.15;1.12;3.27;1833;22;Y;Y;Y;Y;Y;Y;Y
530020;9442;3816;2019;complete;4219;16;-1;40,54,74;;3;0;3;1;3;4;-1;-1;-1;-1;-1;-1;5;5;2;7;7;12;-1;-1;50;50;-1;-1;3.3;3.65;1.91;1;1.14;1.49;2.25;3.85;12.25;4.8;2.4;1.56;1.21;1.47;2.45;0;0;0;0;1.8;1.25;1.25;3.6;2.4;2.38;3.44;2.77;2.28;0;0;0;0;0;1.73;0;0;0;0;2;0;0;0;0;2.2;15;1.67;7;4.33;1.28;2.23;5.7;12;3.5;1.64;1.13;1.03;1.14;1.77;3.26;7;4.9;1.96;1.3;1.08;0;0;0;0;3;1;0;2;0;2;1;2019-08-09 19:15:00;9442;0;66;20;20;0;1;-1;1;1;0;2;2;2;-1;-1;-1;-1;-1;-1;1;95;133;141;182;1.49;2.08;3.57;-1;-1;-1;-1;-1;-1;-1;1;0;0;0;0;-1;-1;-1;-1;-1;-1;-1;-1;-1;-1;-1;7;20;66;80;100;26;81;93;47;9.63;0;4.47;2.72;Afturelding;Fram;1.27;0.91;1.25;1;0.93;1.53;94;81;34;21;0;88;88;62;1.77;1.25;3.02;1833;22;Y;Y;Y;N;N;N;N
530021;6721;3808;2019;complete;4219;16;-1;26;90;1;1;2;4;8;12;-1;-1;-1;-1;-1;-1;2;10;4;2;6;12;-1;-1;45;55;-1;-1;8;5;1.29;1.01;1.17;1.57;2.45;4.25;11.25;4.35;2.2;1.48;1.17;1.95;1.74;0;0;0;0;3.5;1.14;1.05;7;2.62;1.73;7;3.2;1.53;0;0;0;0;0;1.73;1.85;0;0;0;2;1.95;0;0;0;3.75;17;1.25;17;2.15;1.29;2.38;5.5;12;3.25;1.53;1.13;1.02;1.14;1.84;3.4;8;4.9;1.88;1.28;1.06;0;0;0;0;2;1;0;0;1;1;1;2019-08-09 19:15:00;-1;0;41;28;27;0;1;-1;1;3;3;5;4;8;-1;-1;-1;-1;-1;-1;1;29;44;61;73;0.73;1.77;2.51;-1;-1;-1;-1;-1;-1;-1;1;0;0;1;0;-1;-1;-1;-1;-1;-1;-1;-1;-1;-1;-1;27;41;48;73;87;47;60;81;48;11.81;0;4;2.89;Njardvík;Fjölnir;0.73;1.82;0.5;2.29;0.67;2.2;73;59;53;27;14;87;81;61;1.26;2.17;3.43;1833;22;Y;Y;N;N;N;N;Y
530022;3804;3814;2019;complete;4219;16;-1;41;27;1;1;2;-1;-1;-1;-1;-1;-1;-1;-1;-1;-1;-1;-1;-1;-1;-1;-1;-1;-1;-1;-1;-1;2.2;3.4;2.85;1.02;1.24;1.8;3;5.45;9.25;3.55;1.91;1.33;1.11;1.67;2.05;0;0;0;0;1.36;1.25;1.62;2.75;2.25;3.25;2.5;2.5;3.2;0;0;0;0;0;0;0;0;0;0;0;0;0;0;0;1.8;10;2.1;0;0;1.33;2.75;6;13;3;1.4;1.1;1.01;1.23;2;3.9;9;3.8;1.74;1.21;1.05;0;0;0;0;2;1;1;0;0;0;2;2019-08-09 19:15:00;-1;0;32;7;19;0;-1;-1;-1;-1;-1;-1;-1;-1;-1;-1;-1;-1;-1;-1;-1;0;0;0;0;0;0;0;-1;-1;-1;-1;-1;-1;-1;1;0;0;-1;-1;-1;-1;-1;-1;-1;-1;-1;-1;-1;-1;-1;7;13;44;72;93;34;59;72;39;13.29;0;4.33;2.27;Víkingur Ólafsvík;Leiknir Reykjavík;1.82;1.64;1.86;1.88;1.53;1.67;94;88;57;29;7;93;86;72;1.18;2.03;3.21;1833;22;Y;Y;N;N;N;N;Y
530023;3813;3817;2019;complete;4219;16;-1;26;9,43,52;1;3;4;8;5;13;-1;-1;-1;-1;-1;-1;4;9;8;10;12;19;-1;-1;53;47;-1;-1;3.1;3.6;2.05;1.02;1.14;1.48;2.25;3.75;12;5;2.6;1.57;1.22;1.4;2.75;0;0;0;0;1.73;1.29;1.36;3.25;2.5;2.5;3.1;2.75;2.38;0;0;0;0;0;0;2;0;0;0;0;1.81;0;0;0;2.1;15;1.73;0;0;1.25;2.25;5;10.5;3.5;1.57;1.14;1.03;1.14;1.77;3.3;7;4.9;1.96;1.29;1.08;0;0;0;0;4;1;2;0;1;1;3;2019-08-09 17:30:00;3817;0;41;15;27;0;1;-1;6;1;2;4;7;6;-1;-1;-1;-1;-1;-1;1;28;31;62;58;1.24;2.04;3.28;-1;-1;-1;-1;-1;-1;-1;1;0;1;0;0;-1;-1;-1;-1;-1;-1;-1;-1;-1;-1;-1;22;28;61;86;100;34;66;81;60;8.58;0;4.53;3.17;Thróttur Reykjavík;Thór;0.91;1.55;1.29;1.75;1.4;1.87;79;73;40;15;0;64;50;50;2.01;1.95;3.96;1833;22;Y;Y;Y;Y;N;N;Y
530024;3821;6720;2019;complete;4219;16;-1;65;84,87;1;2;3;6;2;8;-1;-1;-1;-1;-1;-1;6;7;6;2;12;9;-1;-1;61;39;-1;-1;1.56;4.05;4.8;0;0;0;0;0;0;0;0;0;0;0;0;0;0;0;0;0;0;0;0;0;0;0;0;0;0;0;0;0;0;0;0;0;0;0;0;0;0;0;0;0;0;0;0;0;0;0;0;0;0;0;0;0;0;0;0;0;0;0;0;0;0;0;0;0;3;0;0;1;2;3;0;2019-08-10 14:00:00;6720;0;71;36;29;0;1;-1;3;0;3;2;3;5;-1;-1;-1;-1;-1;-1;1;0;0;0;0;2.11;1.78;3.89;-1;-1;-1;-1;-1;-1;-1;1;0;0;0;0;-1;-1;-1;-1;-1;-1;-1;-1;-1;-1;-1;58;65;93;93;93;72;86;93;50;6.72;0;5.9;4.29;Haukar;Magni;1.09;0.91;0.71;0.43;0.93;0.67;43;36;7;7;7;64;50;43;1.43;1.07;2.5;1833;22;Y;Y;Y;N;N;N;Y
530025;3814;3813;2019;complete;4219;17;-1;9,89;67;2;1;3;7;3;10;-1;-1;1;2;0;0;9;7;5;6;14;13;-1;-1;51;49;1;2;2.25;3.55;2.65;1.01;1.17;1.5;2.2;3.75;15;4.5;2.5;1.62;1.25;1.5;2.5;3.05;1.28;5.5;1.12;1.17;1.22;2;2.2;2.5;4;1.91;2.88;3.75;0;0;0;0;0;1.73;0;0;0;0;2;0;0;0;0;1.53;17;2.6;3.45;7;1.25;2.25;5;10.5;3.5;1.57;1.14;1.03;1.17;1.73;3.24;6.5;5;2;1.33;1.11;0;0;0;0;3;1;0;1;1;2;1;2019-08-16 18:00:00;3814;0;66;20;27;0;1;1;2;1;5;2;3;7;0;1;1;1;1;2;1;108;111;152;153;2.3;2.12;4.42;0;0;0;0;0;0;1;1;1;0;1;1;0;0;-1;-1;-1;-1;-1;-1;-1;-1;-1;27;47;67;94;94;41;87;94;61;11.14;0;5.67;3.34;Leiknir Reykjavík;Thróttur Reykjavík;2;1.09;1.43;1.5;1.63;1.31;73;54;34;7;7;72;65;57;2.38;1.48;3.86;1833;22;Y;Y;Y;N;N;N;Y
530026;3815;3804;2019;complete;4219;17;-1;23,71;30;2;1;3;7;6;13;-1;-1;1;1;0;0;9;6;8;7;17;13;-1;-1;51;49;1;1;3.05;3.65;2;1.04;1.3;2;3.4;6;9.5;3.4;1.8;1.3;1.11;1.9;1.98;3.55;1.2;2.62;1.44;1.67;1.25;1.33;3.5;2.2;2.75;3.34;2.62;2.54;0;0;0;0;0;0;0;0;0;0;0;0;0;0;0;2.25;9.5;1.8;4.85;3.35;1.36;2.65;6.6;17;2.9;1.42;1.08;1.01;1.26;2.14;4.34;10.5;3.74;1.7;1.21;1.03;0;0;0;0;3;1;1;1;0;1;2;2019-08-16 18:00:00;3815;0;57;7;26;0;1;1;2;4;5;2;6;7;1;0;0;1;1;1;1;42;21;72;52;2;1.39;3.39;1;1;1;1;0;0;1;1;0;0;1;2;0;0;-1;-1;-1;-1;-1;-1;-1;-1;-1;7;32;63;82;88;32;63;88;50;12.63;0;5.33;2.69;Keflavík;Víkingur Ólafsvík;1.73;1.27;1.25;1.25;1.38;1.5;94;69;38;19;13;63;57;51;1.91;1.71;3.62;1833;22;Y;Y;Y;N;N;N;Y
530027;3817;3821;2019;complete;4219;17;-1;88;24;1;1;2;13;3;16;-1;-1;2;3;0;0;5;3;5;5;10;8;-1;-1;50;50;2;3;1.36;4.95;6.05;1.01;1.17;1.44;2.1;3.4;15;4.5;2.7;1.67;1.3;1.73;2;2;1.67;9;1.04;1.02;1.11;4;1.57;2.88;8;1.44;3.4;7;0;0;0;0;0;1.73;0;0;0;0;2;0;0;0;0;1.22;21;4;2.1;11.75;1.22;2.1;5;10;3.75;1.67;1.14;1.03;1.13;1.67;3;6;6;2.1;1.37;1.13;0;0;0;0;2;0;1;1;0;1;1;2019-08-16 18:00:00;-1;0;73;27;20;0;1;1;3;3;10;0;6;10;1;1;1;2;2;3;1;82;32;105;70;1.58;0.95;2.53;1;1;1;1;0;0;1;1;0;0;1;0;0;0;-1;-1;-1;-1;-1;-1;-1;-1;-1;20;27;54;93;93;52;87;75;27;12.14;0;5.14;2.98;Thór;Haukar;1.55;0.91;2;1.13;1.94;0.88;81;73;47;7;7;79;72;64;1.59;1.39;2.98;1833;22;Y;Y;N;N;N;N;Y
530028;3808;3819;2019;complete;4219;17;-1;;;0;0;0;8;8;16;-1;-1;2;2;0;0;4;2;13;9;17;11;-1;-1;40;60;2;2;2.1;3.65;2.8;1.01;1.2;1.6;2.5;4.33;13;4.33;2.3;1.5;1.2;1.6;2.31;2.75;1.33;4.5;1.17;1.22;1.25;2;2.3;2.38;4;2.17;2.94;3.64;0;0;0;0;0;0;0;0;0;0;0;0;0;0;0;1.53;14;2.5;3.2;6.5;1.29;2.3;5.45;12.5;3.44;1.61;1.14;1.02;1.18;1.84;3.5;7.9;4.52;1.95;1.29;1.07;0;0;0;0;0;0;0;0;0;0;0;2019-08-16 18:00:00;-1;0;69;19;26;0;1;1;4;3;4;5;7;9;0;1;2;1;1;3;1;40;37;67;70;1.63;1.1;2.74;0;0;0;0;0;0;1;1;0;0;0;0;0;0;-1;-1;-1;-1;-1;-1;-1;-1;-1;19;50;69;82;100;44;69;100;50;11.88;0;3.63;3.19;Fjölnir;Grótta;2;2.18;2.13;2.13;2.13;1.88;82;50;32;19;0;69;51;38;2.46;1.47;3.93;1833;22;N;N;N;N;N;N;N
530029;6720;9442;2019;complete;4219;17;-1;54,61,84;7;3;1;4;4;9;13;-1;-1;-1;-1;-1;-1;6;5;2;5;8;10;-1;-1;50;50;-1;-1;2.45;4;2.3;1.02;1.13;1.48;2.2;3.5;12;5.5;2.6;1.6;1.25;1.48;2.5;4.7;1.11;0;0;1.67;1.22;1.4;3.1;2.5;2.62;2.88;2.88;2.4;0;0;0;0;0;0;0;0;0;0;0;0;0;0;0;2;18;1.73;5.65;4.25;1.22;2.07;4.5;10;3.75;1.69;1.17;1.03;1.11;1.65;3;6;5.5;2.1;1.35;1.11;0;0;0;0;4;0;1;3;0;3;1;2019-08-17 16:00:00;6720;0;66;14;47;0;1;-1;3;3;1;6;6;7;-1;-1;-1;-1;-1;-1;1;36;62;79;84;1.19;1.43;2.62;-1;-1;-1;-1;-1;-1;-1;1;0;1;0;2;-1;-1;-1;-1;-1;-1;-1;-1;-1;-1;-1;21;48;54;94;94;28;61;94;81;7.6;0;5.67;3.09;Magni;Afturelding;1.18;0.82;0.88;0.57;0.81;1.06;80;53;47;7;7;55;55;39;1.26;1.46;2.72;1833;22;Y;Y;Y;Y;N;N;Y
530030;3816;6721;2019;complete;4219;17;-1;79,90;;2;0;2;6;2;8;-1;-1;1;2;0;0;11;4;15;4;26;8;-1;-1;71;29;1;2;1.71;3.75;3.95;1.01;1.18;1.61;2.55;4.45;10.75;4.2;2.15;1.44;1.16;1.61;2.15;0;0;0;0;1.23;1.25;2.01;2.3;2.38;4.2;2;2.75;3.75;0;0;0;0;0;0;2;0;0;0;0;1.73;0;0;0;1.57;14;2.5;0;0;1.32;2.34;6;14;3.28;1.58;1.12;1.01;1.15;1.85;3.4;8;4.7;1.87;1.27;1.06;0;0;0;0;2;0;0;2;0;2;0;2019-08-15 19:15:00;3816;0;86;41;47;0;1;1;4;1;2;1;5;3;0;0;1;2;0;3;1;45;25;62;56;2.72;0.97;3.68;0;0;0;0;0;0;1;1;0;0;2;0;0;0;-1;-1;-1;-1;-1;-1;-1;-1;-1;34;47;80;86;100;60;80;94;59;11.71;0;4.77;3.45;Fram;Njardvík;2.09;0.64;2;0.86;1.44;0.69;67;54;21;15;0;94;73;67;1.76;1.58;3.34;1833;22;Y;Y;N;N;N;N;N
530031;3821;9442;2019;complete;4219;18;-1;23;2;1;1;2;5;5;10;-1;-1;3;4;0;0;3;7;4;3;7;10;-1;-1;35;65;3;4;2.6;3.65;2.25;0;0;1.6;0;0;0;0;2.3;0;0;0;0;0;0;0;0;1.36;1.25;1.62;2.75;2.38;3.1;0;0;0;0;0;0;0;0;0;0;0;0;0;0;0;0;0;0;0;0;0;0;0;0;0;0;0;0;0;0;0;0;0;0;0;0;0;0;0;0;0;0;0;2;1;1;0;0;0;2;2019-08-22 18:00:00;-1;0;69;32;32;0;1;1;2;2;3;3;4;6;1;3;2;1;4;3;1;27;38;37;57;0.84;1.39;2.24;0;0;0;0;0;0;1;1;0;1;0;2;0;0;-1;-1;-1;-1;-1;-1;-1;-1;-1;25;51;76;94;94;44;75;94;69;10.57;0;6.07;3.5;Haukar;Afturelding;1.09;0.82;0.63;0.5;0.88;1;75;51;26;7;7;60;54;40;1.53;1.46;2.99;1833;22;Y;Y;N;N;N;N;Y
530032;3813;3815;2019;complete;4219;18;-1;54;5,26,39;1;3;4;6;3;9;-1;-1;3;1;0;0;9;9;9;6;18;15;-1;-1;50;50;3;1;1.91;3.55;3.4;1.01;1.18;1.62;2.55;4.55;10.75;4.2;2.1;1.43;1.15;1.57;2.2;0;0;0;0;1.29;1.21;1.61;2.5;2.25;3.4;2.38;2.5;3.25;0;0;0;0;0;0;2;0;0;0;0;1.73;0;0;0;1.74;11.75;2.1;4.6;6.5;1.33;2.2;5.5;13;3.25;1.61;1.12;1.02;1.17;1.85;3.5;7;4.5;1.85;1.29;1.08;0;0;0;0;4;0;3;1;0;1;3;2019-08-23 20:00:00;3815;0;50;26;25;0;1;1;1;2;5;1;3;6;1;0;2;1;1;3;1;0;0;0;0;2.11;1.84;3.95;0;1;0;1;0;0;1;1;0;1;0;0;0;0;-1;-1;-1;-1;-1;-1;-1;-1;-1;26;38;57;63;88;32;57;82;44;10.18;0;4.33;3;Thróttur Reykjavík;Keflavík;0.91;1.36;1.13;1.5;1.24;1.47;76;63;44;38;13;67;60;60;1.91;1.25;3.16;1833;22;Y;Y;Y;Y;N;N;Y
530033;3804;3808;2019;complete;4219;18;-1;7,30,41,73;68;4;1;5;-1;-1;-1;-1;-1;2;2;0;0;-1;-1;-1;-1;-1;-1;-1;-1;-1;-1;2;2;2.9;3.35;2.2;1.02;1.24;1.8;3;5.45;9.25;3.55;1.91;1.33;1.11;1.67;2.05;0;0;0;0;1.62;1.29;1.4;3.4;2.2;2.75;3.3;2.6;2.42;0;0;0;0;0;0;0;0;0;0;0;0;0;0;0;2.15;9.25;1.77;5.5;4;1.36;2.75;7;17;3;1.4;1.08;1.02;1.25;2.05;4.33;10;3.75;1.7;1.2;1.04;0;0;0;0;5;3;0;1;1;2;3;2019-08-23 18:00:00;3804;0;38;26;13;0;-1;1;-1;-1;-1;-1;-1;-1;0;1;2;1;1;3;-1;0;0;0;0;0;0;0;2;1;2;1;0;0;1;1;1;0;-1;-1;0;1;-1;-1;-1;-1;-1;-1;-1;-1;-1;13;25;25;63;88;38;57;63;32;14.5;0;4;2.19;Víkingur Ólafsvík;Fjölnir;1.82;1.82;1.75;2.13;1.41;2.06;88;75;75;38;13;94;94;88;1.18;2.12;3.3;1833;22;Y;Y;Y;Y;Y;N;Y
530034;3819;3816;2019;complete;4219;18;-1;25,66,80;79;3;1;4;6;8;14;-1;-1;-1;-1;-1;-1;8;10;7;8;15;18;-1;-1;49;51;-1;-1;1.77;3.85;3.6;1;1.13;1.48;2.2;3.75;12.5;4.95;2.45;1.57;1.22;1.48;2.45;0;0;0;0;1.29;1.2;1.91;2.25;2.6;3.6;2;2.88;3.6;0;0;0;0;0;0;0;0;0;0;0;0;0;0;0;1.57;13.25;2.35;0;0;1.29;2.07;4.5;11;3.5;1.69;1.17;1.03;1.17;1.7;3.4;7;4.5;2.05;1.3;1.08;0;0;0;0;4;1;0;2;1;3;1;2019-08-23 19:15:00;3819;0;69;13;38;0;1;-1;6;6;0;2;12;2;-1;-1;-1;-1;-1;-1;1;78;113;111;149;2.07;2.65;4.72;-1;-1;-1;-1;-1;-1;-1;1;0;0;2;0;-1;-1;-1;-1;-1;-1;-1;-1;-1;-1;-1;19;44;69;82;94;26;82;88;57;9.58;0;4.2;3.19;Grótta;Fram;1.73;0.91;1.63;0.88;1.82;1.53;82;57;32;19;7;86;73;50;2.16;1.39;3.55;1833;22;Y;Y;Y;Y;N;N;Y
530035;3817;3814;2019;complete;4219;18;-1;27;59;1;1;2;4;6;10;-1;-1;3;3;0;1;5;7;3;4;8;11;-1;-1;50;50;3;5;1.83;3.8;3.45;1.02;1.14;1.57;2.25;4;11;5;2.35;1.57;1.2;1.5;2.5;0;0;0;0;1.25;1.22;1.83;2.38;2.3;4;2.1;2.8;3.6;0;0;0;0;0;1.93;0;0;0;0;1.88;0;0;0;0;1.57;15;2.4;0;0;1.25;2.13;5;10.5;3.5;1.65;1.14;1.03;1.15;1.78;3.4;7;4.7;1.92;1.27;1.08;0;0;0;0;2;1;0;0;1;1;1;2019-08-24 16:00:00;-1;0;65;24;23;0;1;1;1;3;3;3;4;6;0;3;3;1;3;4;1;40;44;90;86;1.15;1.51;2.66;0;0;0;0;0;0;1;1;0;0;1;1;0;0;-1;-1;-1;-1;-1;-1;-1;-1;-1;12;24;64;94;94;35;83;89;41;13.67;0;5.16;2.87;Thór;Leiknir Reykjavík;1.55;1.64;1.88;1.78;1.88;1.71;89;77;36;7;7;87;80;59;1.58;2.03;3.61;1833;22;Y;Y;N;N;N;N;Y
530036;6721;6720;2019;complete;4219;18;-1;71,83;80;2;1;3;3;3;6;-1;-1;4;1;0;1;8;2;7;7;15;9;-1;-1;65;35;4;3;2.55;3.65;2.35;1.03;1.17;1.62;2.63;4.5;10.5;4.5;2.25;1.44;1.17;1.58;2.53;0;0;0;0;1.25;1.2;1.91;2.3;2.4;4;2;2.75;3.75;0;0;0;0;0;1.73;0;0;0;0;2;0;0;0;0;1.53;14;2.5;3.5;8;1.29;2.26;5.5;12;3.25;1.58;1.13;1.02;1.15;1.81;3.5;7.5;4.7;1.9;1.26;1.07;0;0;0;0;3;0;0;2;1;3;0;2019-08-24 16:00:00;6721;0;54;12;36;0;1;1;1;2;2;1;3;3;0;0;4;2;0;6;1;42;18;66;45;1.8;0.84;2.64;0;0;0;0;0;0;1;1;0;0;0;1;0;0;-1;-1;-1;-1;-1;-1;-1;-1;-1;49;49;67;89;95;60;71;89;48;6.21;0;4.5;3.66;Njardvík;Magni;0.73;0.91;0.56;0.75;0.65;0.94;52;52;34;11;6;70;58;41;1.2;1.16;2.36;1833;22;Y;Y;Y;N;N;N;Y
530037;3814;3821;2019;complete;4219;19;-1;14,45;;2;0;2;5;4;9;-1;-1;3;1;0;0;7;5;4;8;11;13;-1;-1;59;41;3;1;1.5;4.45;4.85;1;1.12;1.44;2.15;3.6;12.75;5.15;2.5;1.61;1.24;1.56;2.25;2.65;1.36;0;0;1.14;1.17;2.5;2.05;2.6;4.33;1.8;3.2;4.42;0;0;0;0;0;1.88;0;0;0;0;1.93;0;0;0;0;1.44;19;2.8;2.95;7.75;1.25;2.11;4.62;10;3.76;1.67;1.19;1.04;1.1;1.61;2.85;6.5;5.8;2.18;1.37;1.1;0;0;0;0;2;2;0;0;0;0;2;2019-08-30 18:00:00;3814;0;76;18;30;0;1;1;4;1;1;3;5;4;1;1;2;0;2;2;1;40;38;91;80;1.48;1.45;2.93;0;0;0;0;0;0;1;1;0;0;1;0;0;0;-1;-1;-1;-1;-1;-1;-1;-1;-1;24;30;60;100;100;59;89;84;49;12;0;4.75;3.25;Leiknir Reykjavík;Haukar;2;0.91;1.63;1.11;1.67;0.89;77;71;41;0;0;63;57;51;2.37;1.33;3.7;1833;22;Y;Y;N;N;N;N;N
530038;3816;3804;2019;complete;4219;19;-1;;;0;0;0;3;5;8;-1;-1;3;2;0;0;5;6;5;10;10;16;-1;-1;50;50;3;2;2.95;3.45;2.1;1.01;1.2;1.67;2.7;4.85;10.25;3.95;2.05;1.39;1.14;1.59;2.2;4.05;1.16;0;0;1.62;1.3;1.33;3.25;2.25;2.75;3.2;2.65;2.46;0;0;0;0;0;2;0;0;0;0;1.73;0;0;0;0;2.1;11;1.83;5.2;3.8;1.35;2.6;6.4;13;2.9;1.43;1.08;1.02;1.19;1.95;4;8;4.2;1.76;1.21;1.06;0;0;0;0;0;0;0;0;0;0;0;2019-08-30 18:00:00;-1;0;73;22;39;0;1;1;3;1;0;4;4;4;1;1;2;1;2;3;1;50;59;124;112;1.36;1.86;3.22;0;0;0;0;0;0;1;1;0;0;1;0;0;0;-1;-1;-1;-1;-1;-1;-1;-1;-1;17;33;67;89;89;45;67;84;61;11.45;0;5.05;2.95;Fram;Víkingur Ólafsvík;2.09;1.27;2.11;1.11;1.44;1.5;84;67;33;11;11;61;50;44;1.87;1.66;3.53;1833;22;N;N;N;N;N;N;N
530039;3808;3813;2019;complete;4219;19;-1;6,13,19,25,49,78;;6;0;6;7;3;10;-1;-1;0;2;0;0;11;5;8;1;19;6;-1;-1;54;46;0;2;1.4;4.55;5.95;1;1.12;1.43;2.1;3.55;13;5.2;2.55;1.62;1.24;1.61;2.15;2.35;1.45;0;0;1.11;1.14;2.5;2;2.5;4.75;1.67;3.1;5;0;0;0;0;0;0;2;0;0;0;0;1.73;0;0;0;1.33;19;3.25;2.6;9;1.22;2.05;5;10;3.75;1.7;1.14;1.03;1.11;1.64;2.9;6.5;5.5;2.12;1.35;1.1;0;0;0;0;6;4;0;2;0;2;4;2019-08-30 18:00:00;3808;0;73;11;33;0;1;1;1;1;6;2;2;8;0;0;0;2;0;2;1;115;85;146;169;2.8;1.37;4.16;0;0;0;0;0;0;1;1;1;0;0;0;0;0;-1;-1;-1;-1;-1;-1;-1;-1;-1;17;44;62;84;89;28;78;89;50;11.14;0;4.24;3;Fjölnir;Thróttur Reykjavík;2;1.09;2;1.33;1.94;1.17;84;56;39;17;11;84;66;43;2.37;1.56;3.93;1833;22;Y;Y;Y;Y;Y;Y;N
530040;9442;6721;2019;complete;4219;19;-1;4,59;24,28;2;2;4;8;5;13;-1;-1;1;3;0;0;6;6;4;3;10;9;-1;-1;50;50;1;3;1.83;3.8;3.45;1.03;1.17;1.62;2.5;4.5;10.5;4.5;2.25;1.5;1.17;1.5;2.5;3.25;1.24;0;0;1.36;1.25;1.62;2.62;2.38;3.2;2.3;2.75;3.25;0;0;0;0;0;1.73;0;0;0;0;2;0;0;0;0;1.67;14;2.2;3.95;5.5;1.29;2.28;5.5;11;3.25;1.57;1.13;1.02;1.14;1.76;3.3;7.5;4.9;1.95;1.28;1.07;0;0;0;0;4;1;2;1;0;1;3;2019-08-31 14:00:00;-1;0;65;30;30;0;1;1;2;4;6;1;6;7;1;3;0;0;4;0;1;118;86;189;137;1.92;1.62;3.54;0;0;0;0;0;0;1;1;1;0;0;1;0;0;-1;-1;-1;-1;-1;-1;-1;-1;-1;18;30;71;82;100;42;71;100;53;10.4;0;4.84;3;Afturelding;Njardvík;1.27;0.64;1.44;0.75;1;0.78;82;71;30;18;0;77;69;64;1.73;1.49;3.22;1833;22;Y;Y;Y;Y;N;N;Y
530041;3815;3817;2019;complete;4219;19;-1;87,90;;2;0;2;7;11;18;-1;-1;0;3;0;0;8;12;19;13;27;25;-1;-1;52;48;0;3;2.35;3.55;2.6;1.03;1.17;1.62;2.63;4.5;10.5;4.5;2.25;1.44;1.17;1.5;2.5;4.25;1.14;0;0;1.62;1.25;1.36;3.2;2.3;2.75;3.1;2.63;2.4;0;0;0;0;0;1.73;0;0;0;0;2;0;0;0;0;2.1;13;1.8;5.35;3.8;1.29;2.28;6;12;3.25;1.57;1.11;1.02;1.18;1.9;3.8;7;4.3;1.8;1.22;1.08;0;0;0;0;2;0;0;2;0;2;0;2019-08-31 16:00:00;3815;0;56;17;17;0;1;1;4;5;3;6;9;9;0;1;0;2;1;2;1;51;43;84;89;2.62;2.72;5.33;1;0;1;0;0;0;1;1;0;0;0;2;0;0;-1;-1;-1;-1;-1;-1;-1;-1;-1;6;28;67;95;100;39;78;89;50;11.49;0;4.34;2.95;Keflavík;Thór;1.73;1.55;1.44;1.89;1.56;1.83;95;73;33;6;0;82;64;59;1.92;1.96;3.88;1833;22;Y;Y;N;N;N;N;N
530042;6720;3819;2019;complete;4219;19;-1;;7,10;0;2;2;-1;-1;-1;-1;-1;4;3;0;0;-1;-1;-1;-1;-1;-1;-1;-1;-1;-1;4;3;5.6;4.65;1.41;1.01;1.11;1.44;2.1;3.25;13;6;2.7;1.76;1.29;1.53;2.38;7;1.03;0;0;2.75;1.14;1.11;5;2.75;1.83;5;3.2;1.67;0;0;0;0;0;0;0;0;0;0;0;0;0;0;0;3.1;21;1.36;9.5;2.65;1.2;2.03;4.5;10;4;1.72;1.17;1.03;1.11;1.63;2.9;6;5.5;2.13;1.36;1.11;0;0;0;0;2;0;2;0;0;0;2;2019-08-31 16:00:00;3819;0;67;22;28;0;-1;1;-1;-1;-1;-1;-1;-1;2;1;2;2;3;4;-1;0;0;0;0;0;0;0;0;0;0;0;0;0;1;1;0;2;-1;-1;0;0;-1;-1;-1;-1;-1;-1;-1;-1;-1;17;44;62;78;89;28;56;89;61;8.27;0;5;2.89;Magni;Grótta;1.18;2.18;1.11;2;0.89;1.89;84;56;39;22;11;73;67;67;1.24;1.43;2.67;1833;22;Y;Y;N;N;N;N;N
530043;3814;3815;2019;complete;4219;20;-1;90;;1;0;1;14;3;17;-1;-1;1;0;0;0;10;6;6;9;16;15;-1;-1;50;50;1;0;2;3.65;3.05;1.03;1.17;1.6;2.35;4.5;10.5;4.5;2.3;1.53;1.17;1.53;2.35;3;1.29;0;0;1.25;1.22;1.8;2.4;2.38;3.75;2.2;2.7;3.5;0;0;0;0;0;1.7;2;0;0;0;2.1;1.73;0;0;0;1.57;13;2.4;3.7;7.5;1.29;2.24;5.5;11;3.25;1.59;1.13;1.02;1.14;1.74;3.2;7;4.9;1.98;1.29;1.08;0;0;0;0;1;0;0;1;0;1;0;2019-09-05 17:30:00;3814;0;56;11;28;0;1;1;9;1;5;2;10;7;1;0;0;0;1;0;1;123;86;155;127;2.6;1.99;4.59;0;0;0;0;0;0;1;1;0;0;0;1;0;0;-1;-1;-1;-1;-1;-1;-1;-1;-1;17;33;56;78;89;39;73;84;50;11.69;0;4.46;2.83;Leiknir Reykjavík;Keflavík;2;1.36;1.78;1.67;1.74;1.63;84;67;45;22;11;66;47;42;2.27;1.32;3.59;1833;22;Y;N;N;N;N;N;N
530044;3813;3816;2019;complete;4219;20;-1;78;28,84;1;2;3;2;5;7;-1;-1;4;1;1;0;4;4;5;4;9;8;-1;-1;39;61;5;1;2.2;3.6;2.75;1;1.12;1.45;2.15;3.65;12.75;5.05;2.5;1.61;1.23;1.43;2.6;4.15;1.15;0;0;1.36;1.25;1.57;2.63;2.5;3;2.4;2.88;2.88;0;0;0;0;0;0;2;0;0;0;0;1.73;0;0;0;1.73;19;2.05;4.85;5.75;1.2;2.1;4.5;9.5;4;1.67;1.17;1.04;1.1;1.6;2.8;5.5;5.8;2.2;1.38;1.13;0;0;0;0;3;0;1;1;1;2;1;2019-09-06 20:00:00;3816;0;56;22;22;0;1;1;1;3;1;2;4;3;2;0;3;1;2;4;1;22;34;56;78;1.01;1.04;2.05;0;0;0;0;0;0;1;1;0;0;1;0;0;0;-1;-1;-1;-1;-1;-1;-1;-1;-1;17;39;73;78;100;34;78;89;50;9.32;0;4.23;3.23;Thróttur Reykjavík;Fram;0.91;0.91;1;0.78;1.11;1.42;84;61;28;22;0;77;71;57;1.93;1.57;3.5;1833;22;Y;Y;Y;N;N;N;Y
530045;3819;9442;2019;complete;4219;20;-1;;14,28,36,54,80;0;5;5;11;1;12;-1;-1;0;3;0;0;5;6;6;2;11;8;-1;-1;68;32;0;3;1.54;4.25;4.7;1;1.09;1.37;1.95;3.15;14;5.75;2.8;1.74;1.3;1.44;2.55;3;1.29;0;0;1.13;1.22;2.38;2;2.63;4.33;1.73;3.2;4.33;0;0;0;1.44;1.62;2.02;2.77;0;2.75;2.3;1.81;1.44;1.34;9.04;4.57;1.4;19;2.88;3.25;8.5;1.2;2;4.5;9.5;4;1.73;1.17;1.04;1.09;1.6;2.73;5.5;6.1;2.22;1.41;1.13;0;0;0;0;5;0;3;0;2;2;3;2019-09-08 19:15:00;9442;0;78;17;50;0;1;1;4;0;7;1;4;8;0;1;0;2;1;2;1;143;72;172;97;2.08;1.45;3.53;0;1;0;1;0;0;1;1;0;0;0;0;0;0;-1;-1;-1;-1;-1;-1;-1;-1;-1;28;67;67;95;95;39;78;89;73;11.28;0;5.26;3.61;Grótta;Afturelding;1.73;0.82;1.78;0.56;1.95;1;73;33;33;6;6;76;65;41;2.15;1.45;3.6;1833;22;Y;Y;Y;Y;Y;N;N
530046;3821;6721;2019;complete;4219;20;-1;9,21,39,74;;4;0;4;4;4;8;-1;-1;2;2;0;0;11;5;5;5;16;10;-1;-1;49;51;2;2;2.1;3.65;2.85;1.02;1.14;1.62;2.55;4.5;11;5;2.25;1.45;1.17;1.57;2.25;3.35;1.23;0;0;1.33;1.25;1.67;2.6;2.3;3.4;2.3;2.7;3.2;0;0;0;0;0;0;2;0;0;0;0;1.8;0;0;0;1.67;13;2.25;4.05;5.5;1.25;2.26;5.5;11;3.5;1.58;1.13;1.02;1.15;1.78;3.4;7;4.7;1.92;1.27;1.08;0;0;0;0;4;3;0;1;0;1;3;2019-09-05 19:15:00;3821;0;73;50;28;0;1;1;0;1;4;3;1;7;1;1;1;1;2;2;1;44;42;70;76;2.09;1.29;3.38;0;0;0;0;0;0;1;1;1;0;0;0;0;0;-1;-1;-1;-1;-1;-1;-1;-1;-1;22;39;73;84;95;56;73;89;44;10.25;0;5.62;3.22;Haukar;Njardvík;1.09;0.64;0.67;0.78;0.84;0.79;78;62;28;17;6;78;66;60;1.44;1.51;2.95;1833;22;Y;Y;Y;Y;N;N;N
530047;3804;6720;2019;complete;4219;20;-1;65;39,81;1;2;3;-1;-1;-1;-1;-1;3;0;0;0;-1;-1;-1;-1;-1;-1;-1;-1;-1;-1;3;0;1.53;3.95;5.25;1.01;1.17;1.59;2.5;4.35;11;4.3;2.2;1.47;1.17;1.65;2.05;2.5;1.41;0;0;1.08;1.2;2.75;1.91;2.6;5.5;1.73;3;5;0;0;0;0;0;0;0;0;0;0;0;0;0;0;0;1.33;15;3.4;2.75;9;1.22;2.25;5;10.5;3.75;1.57;1.14;1.03;1.1;1.73;2.8;6.5;5.8;2.02;1.38;1.1;0;0;0;0;3;0;1;1;1;2;1;2019-09-08 16:00:00;6720;0;50;11;34;0;-1;1;-1;-1;-1;-1;-1;-1;1;0;2;0;1;2;-1;0;0;0;0;0;0;0;1;0;1;0;0;0;1;1;0;0;-1;-1;0;0;-1;-1;-1;-1;-1;-1;-1;-1;-1;39;39;56;78;95;56;62;72;45;9;0;4.57;3.17;Víkingur Ólafsvík;Magni;1.82;0.91;1.89;0.67;1.47;0.84;61;61;45;22;6;72;67;61;1.18;1.13;2.31;1833;22;Y;Y;Y;N;N;N;Y
530048;3817;3808;2019;complete;4219;20;-1;2;7,35,44,49,52,78,89;1;7;8;2;6;8;-1;-1;2;3;1;0;4;10;8;2;12;12;-1;-1;44;56;4;3;2.5;3.4;2.45;1.01;1.19;1.65;2.65;4.7;10.5;4.05;2.1;1.42;1.14;1.56;2.25;3.75;1.18;0;0;1.5;1.3;1.5;3;2.3;3;2.7;2.6;2.8;0;0;0;0;0;1.73;0;0;0;0;2;0;0;0;0;1.83;12;2.05;4.7;4.45;1.3;2.63;6;12;3.2;1.44;1.11;1.02;1.19;1.87;3.9;7.5;4.2;1.85;1.21;1.07;0;0;0;0;8;1;3;0;4;4;4;2019-09-08 16:00:00;3808;0;67;28;22;0;1;1;1;4;1;2;5;3;2;2;1;1;4;2;1;47;58;92;94;1.38;1.88;3.26;0;0;0;0;0;0;1;1;1;1;0;2;0;0;-1;-1;-1;-1;-1;-1;-1;-1;-1;22;39;50;84;89;33;78;89;39;14.5;0;4.86;2.89;Thór;Fjölnir;1.55;1.82;1.78;1.89;1.74;2;78;61;50;17;11;89;89;71;1.54;2.12;3.66;1833;22;Y;Y;Y;Y;Y;Y;Y
530055;3817;6720;2019;complete;4219;22;-1;;;0;0;0;9;11;20;-1;-1;4;4;0;0;6;2;9;2;15;4;-1;-1;50;50;4;4;2.9;4.05;1.95;1.02;1.14;1.53;2.18;3.34;13;5;2.43;1.71;1.28;1.45;2.97;3.65;1.2;0;0;1.53;1.2;1.5;2.88;2.4;2.75;2.29;2.84;3.3;0;0;0;0;0;1.98;0;0;0;0;1.83;0;0;0;0;1.83;17;1.95;4.2;6.15;1.21;2.08;4.3;9;3.9;1.68;1.18;1.05;1.1;1.68;2.75;6;5.8;2.08;1.4;1.11;0;0;0;0;0;0;0;0;0;0;0;2019-09-21 14:00:00;-1;0;75;20;35;0;1;1;3;7;6;4;10;10;1;1;3;3;2;6;1;64;48;86;87;1.82;0.75;2.57;0;0;0;0;0;0;1;1;0;0;0;0;0;0;-1;-1;-1;-1;-1;-1;-1;-1;-1;40;45;75;95;95;45;80;95;50;8.5;0;5.25;3.75;Thór;Magni;1.55;0.91;1.6;0.9;1.57;1.05;60;55;25;5;5;62;57;41;1.52;1.13;2.65;1833;22;N;N;N;N;N;N;N
530056;3813;9442;2019;complete;4219;22;-1;;;0;0;0;4;9;13;-1;-1;1;1;0;0;2;3;3;3;5;6;-1;-1;50;50;1;1;2.4;3.65;2.4;1.02;1.12;1.58;2.1;3.2;13;5.25;2.35;1.76;1.3;1.36;2.88;4.05;1.16;0;0;1.5;1.25;1.5;2.88;2.38;2.88;2.5;2.8;2.8;0;0;0;0;0;1.73;0;0;0;0;2;0;0;0;0;1.91;15;1.91;4.7;5.7;1.23;2.02;4.6;9;3.7;1.73;1.16;1.05;1.11;1.72;2.9;6.5;5.5;2.03;1.36;1.1;0;0;0;0;0;0;0;0;0;0;0;2019-09-21 14:00:00;-1;0;60;25;30;0;1;1;2;8;2;1;10;3;0;0;1;1;0;2;1;47;47;156;138;0.83;0.95;1.78;0;0;0;0;0;0;1;1;0;0;0;2;0;0;-1;-1;-1;-1;-1;-1;-1;-1;-1;30;55;70;90;100;50;75;90;65;9.6;0;5.63;3.6;Thróttur Reykjavík;Afturelding;0.91;0.82;0.9;0.8;1;1.05;70;45;30;10;0;64;59;42;1.84;1.45;3.29;1833;22;N;N;N;N;N;N;N
530057;3804;6721;2019;complete;4219;22;-1;4,23,42,63;54,62;4;2;6;-1;-1;-1;-1;-1;1;2;0;0;-1;-1;-1;-1;-1;-1;-1;-1;-1;-1;1;2;1.36;4.9;6.1;1.02;1.18;1.6;2.25;3.48;12;4.25;2.3;1.67;1.26;1.67;2.1;2.2;1.51;0;0;1.1;1.14;2.75;1.83;2.5;6;1.62;3.1;5.5;0;0;0;0;0;0;0;0;0;0;0;0;0;0;0;1.25;15;4;2.4;9.75;1.25;2.11;5.5;11;3.5;1.66;1.13;1.02;1.13;1.73;3.2;7;5.1;2.02;1.3;1.08;0;0;0;0;6;3;0;1;2;3;3;2019-09-21 14:00:00;3804;0;45;25;25;0;-1;1;-1;-1;-1;-1;-1;-1;0;0;1;2;0;3;-1;0;0;0;0;0;0;0;1;0;1;0;0;0;1;1;1;0;-1;-1;0;0;-1;-1;-1;-1;-1;-1;-1;-1;-1;15;30;45;70;95;50;65;75;35;12.11;0;4.38;2.55;Víkingur Ólafsvík;Njardvík;1.82;0.64;1.7;0.7;1.48;0.71;85;70;55;30;5;89;84;84;1.18;1.48;2.66;1833;22;Y;Y;Y;Y;Y;Y;Y
530058;3819;3821;2019;complete;4219;22;-1;30,58,77,90;;4;0;4;-1;-1;-1;-1;-1;1;3;0;0;-1;-1;-1;-1;-1;-1;-1;-1;-1;-1;1;3;1.57;4.05;4.6;1.02;1.14;1.48;2.62;4;12;5;2.6;1.49;1.2;1.5;2.5;0;0;0;0;1.11;1.33;2;2;2.5;5;1.91;2.88;4;0;0;0;0;0;0;0;0;0;0;0;0;0;0;0;1.4;15;2.88;0;0;1.33;2.14;6.2;10.5;3;1.63;1.09;1.02;1.18;1.9;3.8;8;4.3;1.8;1.22;1.05;0;0;0;0;4;1;0;3;0;3;1;2019-09-21 14:00:00;3819;0;80;15;40;0;-1;1;-1;-1;-1;-1;-1;-1;1;1;0;2;2;2;-1;0;0;0;0;0;0;0;1;0;1;0;0;0;1;1;0;0;-1;-1;0;0;-1;-1;-1;-1;-1;-1;-1;-1;-1;30;50;60;95;95;55;85;75;45;11.41;0;4.11;3.5;Grótta;Haukar;1.73;0.91;1.6;1;1.9;1.05;70;50;40;5;5;84;63;58;2.14;1.35;3.49;1833;22;Y;Y;Y;Y;N;N;N
530059;3815;3808;2019;complete;4219;22;-1;43;;1;0;1;4;6;10;-1;-1;1;3;0;0;2;5;7;6;9;11;-1;-1;50;50;1;3;4.65;4.25;1.56;1.02;1.15;1.58;2.16;4;12;4.75;2.35;1.62;1.2;1.53;2.38;5.9;1.06;0;0;2.25;1.2;1.14;4.75;2.5;2.05;4.33;2.88;1.91;0;0;0;0;0;1.72;0;0;0;0;2.01;0;0;0;0;2.63;15;1.5;7.5;3;1.28;2.11;5.3;10;3.3;1.66;1.12;1.04;1.14;1.73;0;6.5;4.9;2.02;1.28;1.1;0;0;0;0;1;1;0;0;0;0;1;2019-09-21 14:00:00;3815;0;65;30;20;0;1;1;3;4;1;2;7;3;0;0;1;3;0;4;1;39;34;104;102;1;1.3;2.3;0;0;0;0;0;0;1;1;0;0;0;2;0;0;-1;-1;-1;-1;-1;-1;-1;-1;-1;25;45;65;85;95;45;70;95;55;14.43;0;4.02;3.35;Keflavík;Fjölnir;1.73;1.82;1.6;2;1.48;2;75;55;35;15;5;84;79;69;1.99;2.09;4.08;1833;22;Y;N;N;N;N;N;N
530060;3814;3816;2019;complete;4219;22;-1;23,90;16;2;1;3;7;4;11;-1;-1;1;5;0;0;7;5;2;8;9;13;-1;-1;51;49;1;5;1.83;3.8;3.45;1.02;1.18;1.65;2.21;3.4;12;4.3;2.2;1.69;1.27;1.44;2.63;3.1;1.26;0;0;1.29;1.22;1.83;2.38;2.38;3.75;2;2.88;3.75;0;0;0;0;1.51;1.93;2.56;0;0;2.44;1.88;1.46;1.57;8.56;3.39;1.53;13;2.5;3.6;6.95;1.3;2.08;4.6;10;3.26;1.68;1.16;1.04;1.11;1.71;2.9;6.5;5.5;2.04;1.36;1.1;0;0;0;0;3;1;1;1;0;1;2;2019-09-21 14:00:00;3814;0;55;10;30;0;1;1;2;2;5;2;4;7;1;2;0;3;3;3;1;110;106;133;144;1.86;1.94;3.8;1;0;1;0;0;0;1;1;0;0;0;0;0;1;-1;-1;-1;-1;-1;-1;-1;-1;-1;10;25;65;85;100;30;85;90;60;11.8;0;4;2.85;Leiknir Reykjavík;Fram;2;0.91;1.9;1;1.76;1.57;90;75;35;15;0;68;63;45;2.3;1.51;3.81;1833;22;Y;Y;Y;N;N;N;Y
728298;3821;3815;2019;complete;4219;21;-1;11,16,30;88;3;1;4;7;2;9;-1;-1;0;1;0;0;6;9;13;7;19;16;-1;-1;49;51;0;1;2.4;3.6;2.4;1.03;1.17;1.65;2.63;4.5;10.5;4.5;2.2;1.5;1.17;1.5;2.5;3.8;1.18;0;0;1.5;1.25;1.5;3;2.3;3;2.7;2.63;2.8;0;0;0;0;1.58;1.93;2.84;0;0;2.31;1.88;1.36;2.1;8.16;2.23;1.91;13;1.91;4.55;4.7;1.29;2.38;5.5;12;3.25;1.53;1.13;1.02;1.17;1.86;3.6;7.5;4.4;1.84;1.24;1.07;0;0;0;0;4;3;0;0;1;1;3;2019-09-14 14:00:00;3821;0;60;30;20;0;1;1;7;2;0;0;9;0;0;1;0;0;1;0;1;41;44;65;87;1.9;1.96;3.86;0;0;0;0;0;0;1;1;0;0;0;1;0;0;-1;-1;-1;-1;-1;-1;-1;-1;-1;15;35;60;70;85;40;65;80;35;9.79;0;4.77;2.85;Haukar;Keflavík;1.09;1.36;0.9;1.5;0.95;1.55;85;65;40;30;15;69;53;48;1.51;1.4;2.91;1833;22;Y;Y;Y;Y;N;N;Y
728299;6721;3819;2019;complete;4219;21;-1;32;33,59;1;2;3;5;9;14;-1;-1;2;2;0;0;2;5;4;8;6;13;-1;-1;50;50;2;2;4.88;4.48;1.59;1.01;1.11;1.4;2.13;3.25;13;6;2.85;1.74;1.29;1.5;2.5;6.55;1.04;0;0;2.75;1.13;1.11;5.5;2.75;1.8;4.5;3.1;1.73;0;0;0;0;0;0;0;0;0;0;0;0;0;0;0;3;21;1.36;8.5;3.05;1.2;2.04;4.5;10;4;1.71;1.17;1.03;1.1;1.58;2.75;6;5.8;2.24;1.4;1.11;0;0;0;0;3;1;1;0;1;1;2;2019-09-14 14:00:00;3819;0;45;20;20;0;1;1;1;7;4;2;8;6;1;0;1;2;1;3;1;29;26;103;92;0.75;1.37;2.11;0;0;0;0;0;0;1;1;0;0;0;0;0;0;-1;-1;-1;-1;-1;-1;-1;-1;-1;20;30;50;75;90;45;60;80;40;9.64;0;4.4;2.7;Njardvík;Grótta;0.73;2.18;0.8;2.1;0.75;1.85;80;70;50;25;10;79;69;59;1.26;1.43;2.69;1833;22;Y;Y;Y;N;N;N;Y
728300;3808;3814;2019;complete;4219;21;-1;77;81;1;1;2;10;7;17;-1;-1;3;2;0;0;6;8;9;12;15;20;-1;-1;45;55;3;2;1.62;3.8;4.33;1.02;1.14;1.55;2.43;4.5;11;5;2.38;1.58;1.17;1.53;2.38;2.85;1.32;0;0;1.17;1.22;2.1;2.1;2.4;4.33;1.91;2.8;4.2;0;0;0;1.44;1.73;1.83;0;0;2.73;2;1.83;0;1.58;7.91;3.46;1.44;15;2.75;3.25;7;1.25;2.22;5.5;11;3.5;1.6;1.13;1.02;1.13;1.73;3.2;7;5.1;2;1.3;1.08;0;0;0;0;2;0;0;1;1;2;0;2019-09-14 14:00:00;-1;0;65;10;30;0;1;1;6;3;4;4;9;8;0;0;3;2;0;5;1;31;29;62;59;1.59;2.02;3.61;0;0;0;0;0;0;1;1;0;0;2;2;0;0;-1;-1;-1;-1;-1;-1;-1;-1;-1;15;35;65;90;95;40;75;90;50;13.15;0;4.21;3.05;Fjölnir;Leiknir Reykjavík;2;1.64;2.1;1.7;2.05;1.8;85;65;35;10;5;79;63;29;2.41;1.96;4.37;1833;22;Y;Y;N;N;N;N;Y
728301;9442;3804;2019;complete;4219;21;-1;;65;0;1;1;7;2;9;-1;-1;1;3;0;0;5;3;5;3;10;6;-1;-1;57;43;1;3;1.73;3.5;4;1.02;1.14;1.55;2.48;4.5;11;5;2.38;1.56;1.17;1.44;2.63;3.45;1.22;0;0;1.2;1.25;1.91;2.2;2.4;4;2.4;2.75;3;0;0;0;1.46;1.73;2.47;0;0;2.57;2;1.5;0;1.99;7.26;2.46;1.5;15;2.63;4.15;5.55;1.25;2.24;5.5;11;3.5;1.59;1.13;1.02;1.14;1.74;3.2;7;4.9;1.98;1.29;1.08;0;0;0;0;1;0;0;0;1;1;0;2019-09-14 14:00:00;3804;0;60;20;25;0;1;1;4;0;3;2;4;5;0;1;1;2;1;3;1;117;101;167;160;1.84;1.34;3.18;0;0;0;0;0;0;1;1;0;0;1;0;0;0;-1;-1;-1;-1;-1;-1;-1;-1;-1;5;25;65;80;85;35;65;85;45;10.9;0;5;2.6;Afturelding;Víkingur Ólafsvík;1.27;1.27;1.4;1.1;1.1;1.4;95;75;35;20;15;55;55;50;1.75;1.68;3.43;1833;22;Y;N;N;N;N;N;N
728302;3816;3817;2019;complete;4219;21;-1;23,62,90;;3;0;3;5;6;11;-1;-1;2;2;0;1;10;6;8;4;18;10;-1;-1;52;48;2;4;2.4;4;2.25;1.02;1.13;1.6;2.25;3.75;12;5.5;2.3;1.67;1.22;1.36;2.88;4.1;1.15;0;0;1.53;1.2;1.5;3;2.4;2.88;2.6;2.8;2.75;0;0;0;1.44;1.76;2;0;0;2.73;2.06;1.73;0;2.1;7.92;2.25;1.83;15;1.95;4.95;5;1.22;2.11;5;10.5;3.75;1.66;1.14;1.03;1.12;1.68;3.1;6;5.3;2.06;1.32;1.11;0;0;0;0;3;1;0;2;0;2;1;2019-09-14 14:00:00;3816;0;60;20;30;0;1;1;2;4;3;2;6;5;2;0;0;3;2;3;1;28;39;56;60;2.03;1.33;3.36;0;0;0;0;0;0;1;1;0;0;0;0;0;0;-1;-1;-1;-1;-1;-1;-1;-1;-1;15;30;60;95;95;40;70;80;65;10.71;0;4.77;2.95;Fram;Thór;2.09;1.55;2;1.7;1.5;1.65;85;70;40;5;5;74;53;48;1.82;2.05;3.87;1833;22;Y;Y;Y;N;N;N;N
728303;6720;3813;2019;complete;4219;21;-1;16,22,90;89;3;1;4;4;6;10;-1;-1;4;3;0;0;4;3;1;8;5;11;-1;-1;50;50;4;3;3.13;3.94;2.06;1.01;1.1;1.4;2.07;3.2;13;6;2.85;1.78;1.3;1.33;3;5.1;1.09;0;0;1.53;1.2;1.5;2.88;2.6;2.75;3;2.88;2.3;0;0;0;0;0;0;0;0;0;0;0;0;0;0;0;1.8;23;1.91;6.15;4.45;1.2;2.01;4.5;9.5;4;1.73;1.17;1.04;1.1;1.57;2.75;5.5;5.8;2.25;1.4;1.13;0;0;0;0;4;2;0;1;1;2;2;2019-09-14 14:00:00;6720;0;70;15;35;0;1;1;3;1;1;5;4;6;1;0;3;3;1;6;1;38;63;70;106;0.88;1.36;2.24;0;0;0;0;0;0;1;1;0;0;0;0;0;0;-1;-1;-1;-1;-1;-1;-1;-1;-1;20;45;60;90;90;25;75;85;65;6.94;0;5.64;3.15;Magni;Thróttur Reykjavík;1.18;1.09;1;1.2;0.95;1.05;80;55;40;10;10;84;78;62;1.24;1.53;2.77;1833;22;Y;Y;Y;Y;N;N;Y
