ID;HOMEID;AWAYID;SEASON;STATUS;ROUNDID;GAME_WEEK;REVISED_GAME_WEEK;HOMEGOALS;AWAYGOALS;HOMEGOALCOUNT;AWAYGOALCOUNT;TOTALGOALCOUNT;TEAM_A_CORNERS;TEAM_B_CORNERS;TOTALCORNERCOUNT;TEAM_A_OFFSIDES;TEAM_B_OFFSIDES;TEAM_A_YELLOW_CARDS;TEAM_B_YELLOW_CARDS;TEAM_A_RED_CARDS;TEAM_B_RED_CARDS;TEAM_A_SHOTSONTARGET;TEAM_B_SHOTSONTARGET;TEAM_A_SHOTSOFFTARGET;TEAM_B_SHOTSOFFTARGET;TEAM_A_SHOTS;TEAM_B_SHOTS;TEAM_A_FOULS;TEAM_B_FOULS;TEAM_A_POSSESSION;TEAM_B_POSSESSION;TEAM_A_CARDS_NUM;TEAM_B_CARDS_NUM;ODDS_FT_1;ODDS_FT_X;ODDS_FT_2;ODDS_FT_OVER05;ODDS_FT_OVER15;ODDS_FT_OVER25;ODDS_FT_OVER35;ODDS_FT_OVER45;ODDS_FT_UNDER05;ODDS_FT_UNDER15;ODDS_FT_UNDER25;ODDS_FT_UNDER35;ODDS_FT_UNDER45;ODDS_BTTS_YES;ODDS_BTTS_NO;ODDS_TEAM_A_CS_YES;ODDS_TEAM_A_CS_NO;ODDS_TEAM_B_CS_YES;ODDS_TEAM_B_CS_NO;ODDS_DOUBLECHANCE_1X;ODDS_DOUBLECHANCE_12;ODDS_DOUBLECHANCE_X2;ODDS_1ST_HALF_RESULT_1;ODDS_1ST_HALF_RESULT_X;ODDS_1ST_HALF_RESULT_2;ODDS_2ND_HALF_RESULT_1;ODDS_2ND_HALF_RESULT_X;ODDS_2ND_HALF_RESULT_2;ODDS_DNB_1;ODDS_DNB_2;ODDS_CORNERS_OVER_75;ODDS_CORNERS_OVER_85;ODDS_CORNERS_OVER_95;ODDS_CORNERS_OVER_105;ODDS_CORNERS_OVER_115;ODDS_CORNERS_UNDER_75;ODDS_CORNERS_UNDER_85;ODDS_CORNERS_UNDER_95;ODDS_CORNERS_UNDER_105;ODDS_CORNERS_UNDER_115;ODDS_CORNERS_1;ODDS_CORNERS_X;ODDS_CORNERS_2;ODDS_TEAM_TO_SCORE_FIRST_1;ODDS_TEAM_TO_SCORE_FIRST_X;ODDS_TEAM_TO_SCORE_FIRST_2;ODDS_WIN_TO_NIL_1;ODDS_WIN_TO_NIL_2;ODDS_1ST_HALF_OVER05;ODDS_1ST_HALF_OVER15;ODDS_1ST_HALF_OVER25;ODDS_1ST_HALF_OVER35;ODDS_1ST_HALF_UNDER05;ODDS_1ST_HALF_UNDER15;ODDS_1ST_HALF_UNDER25;ODDS_1ST_HALF_UNDER35;ODDS_2ND_HALF_OVER05;ODDS_2ND_HALF_OVER15;ODDS_2ND_HALF_OVER25;ODDS_2ND_HALF_OVER35;ODDS_2ND_HALF_UNDER05;ODDS_2ND_HALF_UNDER15;ODDS_2ND_HALF_UNDER25;ODDS_2ND_HALF_UNDER35;ODDS_BTTS_1ST_HALF_YES;ODDS_BTTS_1ST_HALF_NO;ODDS_BTTS_2ND_HALF_YES;ODDS_BTTS_2ND_HALF_NO;OVERALLGOALCOUNT;HT_GOALS_TEAM_A;HT_GOALS_TEAM_B;GOALS_2HG_TEAM_A;GOALS_2HG_TEAM_B;GOALCOUNT_2HG;HTGOALCOUNT;DATE_UNIX;WINNINGTEAM;NO_HOME_AWAY;BTTS_POTENTIAL;BTTS_FHG_POTENTIAL;BTTS_2HG_POTENTIAL;GOALTIMINGDISABLED;CORNER_TIMINGS_RECORDED;CARD_TIMINGS_RECORDED;TEAM_A_FH_CORNERS;TEAM_B_FH_CORNERS;TEAM_A_2H_CORNERS;TEAM_B_2H_CORNERS;CORNER_FH_COUNT;CORNER_2H_COUNT;TEAM_A_FH_CARDS;TEAM_B_FH_CARDS;TEAM_A_2H_CARDS;TEAM_B_2H_CARDS;TOTAL_FH_CARDS;TOTAL_2H_CARDS;ATTACKS_RECORDED;TEAM_A_DANGEROUS_ATTACKS;TEAM_B_DANGEROUS_ATTACKS;TEAM_A_ATTACKS;TEAM_B_ATTACKS;TEAM_A_XG;TEAM_B_XG;TOTAL_XG;TEAM_A_PENALTIES_WON;TEAM_B_PENALTIES_WON;TEAM_A_PENALTY_GOALS;TEAM_B_PENALTY_GOALS;TEAM_A_PENALTY_MISSED;TEAM_B_PENALTY_MISSED;PENS_RECORDED;GOAL_TIMINGS_RECORDED;TEAM_A_0_10_MIN_GOALS;TEAM_B_0_10_MIN_GOALS;TEAM_A_CORNERS_0_10_MIN;TEAM_B_CORNERS_0_10_MIN;TEAM_A_CARDS_0_10_MIN;TEAM_B_CARDS_0_10_MIN;THROWINS_RECORDED;TEAM_A_THROWINS;TEAM_B_THROWINS;FREEKICKS_RECORDED;TEAM_A_FREEKICKS;TEAM_B_FREEKICKS;GOALKICKS_RECORDED;TEAM_A_GOALKICKS;TEAM_B_GOALKICKS;O45_POTENTIAL;O35_POTENTIAL;O25_POTENTIAL;O15_POTENTIAL;O05_POTENTIAL;O15HT_POTENTIAL;O05HT_POTENTIAL;O05_2H_POTENTIAL;O15_2H_POTENTIAL;CORNERS_POTENTIAL;OFFSIDES_POTENTIAL;CARDS_POTENTIAL;AVG_POTENTIAL;HOME_NAME;AWAY_NAME;HOME_PPG;AWAY_PPG;PRE_MATCH_HOME_PPG;PRE_MATCH_AWAY_PPG;PRE_MATCH_TEAMA_OVERALL_PPG;PRE_MATCH_TEAMB_OVERALL_PPG;U45_POTENTIAL;U35_POTENTIAL;U25_POTENTIAL;U15_POTENTIAL;U05_POTENTIAL;CORNERS_O85_POTENTIAL;CORNERS_O95_POTENTIAL;CORNERS_O105_POTENTIAL;TEAM_A_XG_PREMATCH;TEAM_B_XG_PREMATCH;TOTAL_XG_PREMATCH;COMPETITION_ID;MATCHES_COMPLETED_MINIMUM;OVER05;OVER15;OVER25;OVER35;OVER45;OVER55;BTTS
214061;3822;3815;2016;complete;1295;1;-1;62;80;1;1;2;-1;-1;-1;-1;-1;2;3;0;1;-1;-1;-1;-1;-1;-1;-1;-1;-1;-1;2;4;0;0;0;0;0;0;0;0;0;0;0;0;0;0;0;0;0;0;0;0;0;0;0;0;0;0;0;0;0;0;0;0;0;0;0;0;0;0;0;0;0;0;0;0;0;0;0;0;0;0;0;0;0;0;0;0;0;0;0;0;0;0;0;0;0;0;0;0;2;0;0;1;1;2;0;2016-05-06 19:15:00;-1;0;0;0;0;0;-1;1;-1;-1;-1;-1;-1;-1;1;2;1;2;3;3;-1;0;0;0;0;0;0;0;0;0;0;0;0;0;1;1;0;0;-1;-1;0;0;-1;-1;-1;-1;-1;-1;-1;-1;-1;0;0;0;0;0;0;0;0;0;0;0;0;0;HK;Keflavík;1.18;1.09;0;0;0;0;0;0;0;0;0;0;0;0;0;0;0;743;22;Y;Y;N;N;N;N;Y
214062;3806;3821;2016;complete;1295;1;-1;34,53,57;13,84;3;2;5;-1;-1;-1;-1;-1;2;1;0;0;-1;-1;-1;-1;-1;-1;-1;-1;-1;-1;2;1;0;0;0;0;0;0;0;0;0;0;0;0;0;0;0;0;0;0;0;0;0;0;0;0;0;0;0;0;0;0;0;0;0;0;0;0;0;0;0;0;0;0;0;0;0;0;0;0;0;0;0;0;0;0;0;0;0;0;0;0;0;0;0;0;0;0;0;0;5;1;1;2;1;3;2;2016-05-06 19:15:00;3806;0;0;0;0;0;-1;1;-1;-1;-1;-1;-1;-1;0;0;2;1;0;3;-1;0;0;0;0;0;0;0;0;0;0;0;0;0;1;1;0;0;-1;-1;0;0;-1;-1;-1;-1;-1;-1;-1;-1;-1;0;0;0;0;0;0;0;0;0;0;0;0;0;Grindavík;Haukar;2.27;0.73;0;0;0;0;0;0;0;0;0;0;0;0;0;0;0;743;22;Y;Y;Y;Y;Y;N;Y
214063;3824;3825;2016;complete;1295;1;-1;39;49,79;1;2;3;-1;-1;-1;-1;-1;2;4;0;0;-1;-1;-1;-1;-1;-1;-1;-1;-1;-1;2;4;0;0;0;0;0;0;0;0;0;0;0;0;0;0;0;0;0;0;0;0;0;0;0;0;0;0;0;0;0;0;0;0;0;0;0;0;0;0;0;0;0;0;0;0;0;0;0;0;0;0;0;0;0;0;0;0;0;0;0;0;0;0;0;0;0;0;0;0;3;1;0;0;2;2;1;2016-05-07 14:00:00;3825;0;0;0;0;0;-1;1;-1;-1;-1;-1;-1;-1;1;2;1;2;3;3;-1;0;0;0;0;0;0;0;0;0;0;0;0;0;1;1;0;0;-1;-1;0;1;-1;-1;-1;-1;-1;-1;-1;-1;-1;0;0;0;0;0;0;0;0;0;0;0;0;0;Fjardabyggd;Huginn;0.82;0.91;0;0;0;0;0;0;0;0;0;0;0;0;0;0;0;743;22;Y;Y;Y;N;N;N;Y
214064;3818;3823;2016;complete;1295;1;-1;7,13,90;78,90;3;2;5;-1;-1;-1;-1;-1;0;1;1;0;-1;-1;-1;-1;-1;-1;-1;-1;-1;-1;2;1;0;0;0;0;0;0;0;0;0;0;0;0;0;0;0;0;0;0;0;0;0;0;0;0;0;0;0;0;0;0;0;0;0;0;0;0;0;0;0;0;0;0;0;0;0;0;0;0;0;0;0;0;0;0;0;0;0;0;0;0;0;0;0;0;0;0;0;0;5;2;0;1;2;3;2;2016-05-07 16:00:00;3818;0;0;0;0;0;-1;1;-1;-1;-1;-1;-1;-1;0;1;1;0;1;1;-1;0;0;0;0;0;0;0;0;0;0;0;0;0;1;1;1;0;-1;-1;0;0;-1;-1;-1;-1;-1;-1;-1;-1;-1;0;0;0;0;0;0;0;0;0;0;0;0;0;Selfoss;Leiknir Fáskrúdsfj.;1.36;0.64;0;0;0;0;0;0;0;0;0;0;0;0;0;0;0;743;22;Y;Y;Y;Y;Y;N;Y
214065;3811;3816;2016;complete;1295;1;-1;59,66,72;;3;0;3;-1;-1;-1;-1;-1;1;3;0;0;-1;-1;-1;-1;-1;-1;-1;-1;-1;-1;1;3;0;0;0;0;0;0;0;0;0;0;0;0;0;0;0;0;0;0;0;0;0;0;0;0;0;0;0;0;0;0;0;0;0;0;0;0;0;0;0;0;0;0;0;0;0;0;0;0;0;0;0;0;0;0;0;0;0;0;0;0;0;0;0;0;0;0;0;0;3;0;0;3;0;3;0;2016-05-07 16:00:00;3811;0;0;0;0;0;-1;1;-1;-1;-1;-1;-1;-1;1;3;0;0;4;0;-1;0;0;0;0;0;0;0;0;0;0;0;0;0;1;1;0;0;-1;-1;0;0;-1;-1;-1;-1;-1;-1;-1;-1;-1;0;0;0;0;0;0;0;0;0;0;0;0;0;KA;Fram;2.55;0.64;0;0;0;0;0;0;0;0;0;0;0;0;0;0;0;743;22;Y;Y;Y;N;N;N;N
214066;3814;3817;2016;complete;1295;1;-1;76,85;;2;0;2;-1;-1;-1;-1;-1;1;0;0;1;-1;-1;-1;-1;-1;-1;-1;-1;-1;-1;1;2;0;0;0;0;0;0;0;0;0;0;0;0;0;0;0;0;0;0;0;0;0;0;0;0;0;0;0;0;0;0;0;0;0;0;0;0;0;0;0;0;0;0;0;0;0;0;0;0;0;0;0;0;0;0;0;0;0;0;0;0;0;0;0;0;0;0;0;0;2;0;0;2;0;2;0;2016-05-07 16:00:00;3814;0;0;0;0;0;-1;1;-1;-1;-1;-1;-1;-1;0;0;1;1;0;2;-1;0;0;0;0;0;0;0;1;0;1;0;0;0;1;1;0;0;-1;-1;0;0;-1;-1;-1;-1;-1;-1;-1;-1;-1;0;0;0;0;0;0;0;0;0;0;0;0;0;Leiknir Reykjavík;Thór;1.64;1.18;0;0;0;0;0;0;0;0;0;0;0;0;0;0;0;743;22;Y;Y;N;N;N;N;N
214067;3814;3822;2016;complete;1295;2;-1;7,17,24,90;34;4;1;5;-1;-1;-1;-1;-1;3;1;0;0;-1;-1;-1;-1;-1;-1;-1;-1;-1;-1;3;1;0;0;0;0;0;0;0;0;0;0;0;0;0;0;0;0;0;0;0;0;0;0;0;0;0;0;0;0;0;0;0;0;0;0;0;0;0;0;0;0;0;0;0;0;0;0;0;0;0;0;0;0;0;0;0;0;0;0;0;0;0;0;0;0;0;0;0;0;5;3;1;1;0;1;4;2016-05-14 14:00:00;3814;0;0;0;0;0;-1;1;-1;-1;-1;-1;-1;-1;0;0;3;1;0;4;-1;0;0;0;0;0;0;0;0;0;0;0;0;0;1;1;1;0;-1;-1;0;0;-1;-1;-1;-1;-1;-1;-1;-1;-1;0;0;0;50;50;0;0;50;50;0;0;1;1;Leiknir Reykjavík;HK;1.64;0.82;3;0;3;1;50;50;50;0;0;0;0;0;0;0;0;743;22;Y;Y;Y;Y;Y;N;Y
214068;3823;3824;2016;complete;1295;2;-1;;55;0;1;1;-1;-1;-1;-1;-1;2;2;0;0;-1;-1;-1;-1;-1;-1;-1;-1;-1;-1;2;2;0;0;0;0;0;0;0;0;0;0;0;0;0;0;0;0;0;0;0;0;0;0;0;0;0;0;0;0;0;0;0;0;0;0;0;0;0;0;0;0;0;0;0;0;0;0;0;0;0;0;0;0;0;0;0;0;0;0;0;0;0;0;0;0;0;0;0;0;1;0;0;0;1;1;0;2016-05-14 14:00:00;3824;0;0;0;0;0;-1;1;-1;-1;-1;-1;-1;-1;1;1;1;1;2;2;-1;0;0;0;0;0;0;0;0;0;0;0;0;0;1;1;0;0;-1;-1;0;0;-1;-1;-1;-1;-1;-1;-1;-1;-1;0;0;0;0;0;0;0;0;0;0;0;0;0;Leiknir Fáskrúdsfj.;Fjardabyggd;1.27;0.73;0;0;0;0;0;0;0;0;0;0;0;0;0;0;0;743;22;Y;N;N;N;N;N;N
214069;3815;3818;2016;complete;1295;2;-1;16,18,59;;3;0;3;-1;-1;-1;-1;-1;3;3;0;0;-1;-1;-1;-1;-1;-1;-1;-1;-1;-1;3;3;0;0;0;0;0;0;0;0;0;0;0;0;0;0;0;0;0;0;0;0;0;0;0;0;0;0;0;0;0;0;0;0;0;0;0;0;0;0;0;0;0;0;0;0;0;0;0;0;0;0;0;0;0;0;0;0;0;0;0;0;0;0;0;0;0;0;0;0;3;2;0;1;0;1;2;2016-05-14 14:00:00;3815;0;0;0;0;0;-1;1;-1;-1;-1;-1;-1;-1;1;1;2;2;2;4;-1;0;0;0;0;0;0;0;0;0;0;0;0;0;1;1;0;0;-1;-1;0;0;-1;-1;-1;-1;-1;-1;-1;-1;-1;0;0;0;0;0;0;0;0;0;0;0;0;0;Keflavík;Selfoss;2.09;1.18;0;0;1;3;0;0;0;0;0;0;0;0;0;0;0;743;22;Y;Y;Y;N;N;N;N
214070;3817;3816;2016;complete;1295;2;-1;;;0;0;0;-1;-1;-1;-1;-1;3;4;0;0;-1;-1;-1;-1;-1;-1;-1;-1;-1;-1;3;4;0;0;0;0;0;0;0;0;0;0;0;0;0;0;0;0;0;0;0;0;0;0;0;0;0;0;0;0;0;0;0;0;0;0;0;0;0;0;0;0;0;0;0;0;0;0;0;0;0;0;0;0;0;0;0;0;0;0;0;0;0;0;0;0;0;0;0;0;0;0;0;0;0;0;0;2016-05-14 16:00:00;-1;0;0;0;0;0;-1;1;-1;-1;-1;-1;-1;-1;0;0;3;4;0;7;-1;0;0;0;0;0;0;0;0;0;0;0;0;0;1;1;0;0;-1;-1;0;0;-1;-1;-1;-1;-1;-1;-1;-1;-1;0;0;50;50;50;0;0;50;50;0;0;3;1.5;Thór;Fram;1.82;0.64;0;0;0;0;50;50;0;0;0;0;0;0;0;0;0;743;22;N;N;N;N;N;N;N
214071;3821;3811;2016;complete;1295;2;-1;63,65,70,78;76;4;1;5;-1;-1;-1;-1;-1;2;2;0;0;-1;-1;-1;-1;-1;-1;-1;-1;-1;-1;2;2;0;0;0;0;0;0;0;0;0;0;0;0;0;0;0;0;0;0;0;0;0;0;0;0;0;0;0;0;0;0;0;0;0;0;0;0;0;0;0;0;0;0;0;0;0;0;0;0;0;0;0;0;0;0;0;0;0;0;0;0;0;0;0;0;0;0;0;0;5;0;0;4;1;5;0;2016-05-14 17:15:00;3821;0;0;0;0;0;-1;1;-1;-1;-1;-1;-1;-1;1;2;1;0;3;1;-1;0;0;0;0;0;0;0;1;0;1;0;0;0;1;1;0;0;-1;-1;0;0;-1;-1;-1;-1;-1;-1;-1;-1;-1;0;0;0;0;0;0;0;0;0;0;0;0;0;Haukar;KA;2.09;2.09;0;0;0;3;0;0;0;0;0;0;0;0;0;0;0;743;22;Y;Y;Y;Y;Y;N;Y
214072;3825;3806;2016;complete;1295;2;-1;;58;0;1;1;-1;-1;-1;-1;-1;3;2;0;0;-1;-1;-1;-1;-1;-1;-1;-1;-1;-1;3;2;0;0;0;0;0;0;0;0;0;0;0;0;0;0;0;0;0;0;0;0;0;0;0;0;0;0;0;0;0;0;0;0;0;0;0;0;0;0;0;0;0;0;0;0;0;0;0;0;0;0;0;0;0;0;0;0;0;0;0;0;0;0;0;0;0;0;0;0;1;0;0;0;1;1;0;2016-05-16 14:00:00;3806;0;0;0;0;0;-1;1;-1;-1;-1;-1;-1;-1;2;1;1;1;3;2;-1;0;0;0;0;0;0;0;0;0;0;0;0;0;1;1;0;0;-1;-1;0;0;-1;-1;-1;-1;-1;-1;-1;-1;-1;0;0;0;0;0;0;0;0;0;0;0;0;0;Huginn;Grindavík;1;1.55;0;0;3;3;0;0;0;0;0;0;0;0;0;0;0;743;22;Y;N;N;N;N;N;N
214073;3818;3814;2016;complete;1295;3;-1;;36;0;1;1;-1;-1;-1;-1;-1;3;2;0;0;-1;-1;-1;-1;-1;-1;-1;-1;-1;-1;3;2;0;0;0;0;0;0;0;0;0;0;0;0;0;0;0;0;0;0;0;0;0;0;0;0;0;0;0;0;0;0;0;0;0;0;0;0;0;0;0;0;0;0;0;0;0;0;0;0;0;0;0;0;0;0;0;0;0;0;0;0;0;0;0;0;0;0;0;0;1;0;1;0;0;0;1;2016-05-20 19:15:00;3814;0;50;0;50;0;-1;1;-1;-1;-1;-1;-1;-1;0;0;3;2;0;5;-1;0;0;0;0;0;0;0;0;0;0;0;0;0;1;1;0;0;-1;-1;0;0;-1;-1;-1;-1;-1;-1;-1;-1;-1;50;50;50;50;50;50;50;50;50;0;0;2;2.5;Selfoss;Leiknir Reykjavík;1.36;1;3;0;1.5;3;0;0;0;0;0;0;0;0;0;0;0;743;22;Y;N;N;N;N;N;N
214074;3816;3821;2016;complete;1295;3;-1;66;40;1;1;2;-1;-1;-1;-1;-1;1;1;0;0;-1;-1;-1;-1;-1;-1;-1;-1;-1;-1;1;1;0;0;0;0;0;0;0;0;0;0;0;0;0;0;0;0;0;0;0;0;0;0;0;0;0;0;0;0;0;0;0;0;0;0;0;0;0;0;0;0;0;0;0;0;0;0;0;0;0;0;0;0;0;0;0;0;0;0;0;0;0;0;0;0;0;0;0;0;2;0;1;1;0;1;1;2016-05-20 19:15:00;-1;0;50;50;50;0;-1;1;-1;-1;-1;-1;-1;-1;0;1;1;0;1;1;-1;0;0;0;0;0;0;0;0;0;0;0;0;0;1;1;0;0;-1;-1;0;0;-1;-1;-1;-1;-1;-1;-1;-1;-1;50;50;50;50;50;50;50;50;50;0;0;1;2.5;Fram;Haukar;2.09;0.73;0;0;0.5;1.5;0;0;0;0;0;0;0;0;0;0;0;743;22;Y;Y;N;N;N;N;Y
214075;3824;3815;2016;complete;1295;3;-1;24,74;82,88;2;2;4;-1;-1;-1;-1;-1;1;2;0;0;-1;-1;-1;-1;-1;-1;-1;-1;-1;-1;1;2;0;0;0;0;0;0;0;0;0;0;0;0;0;0;0;0;0;0;0;0;0;0;0;0;0;0;0;0;0;0;0;0;0;0;0;0;0;0;0;0;0;0;0;0;0;0;0;0;0;0;0;0;0;0;0;0;0;0;0;0;0;0;0;0;0;0;0;0;4;1;0;1;2;3;1;2016-05-21 14:00:00;-1;0;100;0;50;0;-1;1;-1;-1;-1;-1;-1;-1;0;0;1;2;0;3;-1;0;0;0;0;0;0;0;0;0;0;0;0;0;1;1;0;0;-1;-1;0;0;-1;-1;-1;-1;-1;-1;-1;-1;-1;0;0;50;100;100;0;50;100;100;0;0;6;2.5;Fjardabyggd;Keflavík;0.82;1.09;0;1;1.5;2;100;100;50;0;0;0;0;0;0;0;0;743;22;Y;Y;Y;Y;N;N;Y
214076;3811;3825;2016;complete;1295;3;-1;48,69;83;2;1;3;-1;-1;-1;-1;-1;1;2;0;0;-1;-1;-1;-1;-1;-1;-1;-1;-1;-1;1;2;0;0;0;0;0;0;0;0;0;0;0;0;0;0;0;0;0;0;0;0;0;0;0;0;0;0;0;0;0;0;0;0;0;0;0;0;0;0;0;0;0;0;0;0;0;0;0;0;0;0;0;0;0;0;0;0;0;0;0;0;0;0;0;0;0;0;0;0;3;0;0;2;1;3;0;2016-05-21 14:00:00;3811;0;50;0;0;0;-1;1;-1;-1;-1;-1;-1;-1;0;0;1;2;0;3;-1;0;0;0;0;0;0;0;0;0;0;0;0;0;1;1;0;0;-1;-1;0;0;-1;-1;-1;-1;-1;-1;-1;-1;-1;0;0;100;100;100;0;50;100;100;0;0;5;3;KA;Huginn;2.55;0.91;3;3;1.5;1.5;100;100;0;0;0;0;0;0;0;0;0;743;22;Y;Y;Y;N;N;N;Y
214077;3822;3817;2016;complete;1295;3;-1;77;23,84;1;2;3;-1;-1;-1;-1;-1;1;2;0;0;-1;-1;-1;-1;-1;-1;-1;-1;-1;-1;1;2;0;0;0;0;0;0;0;0;0;0;0;0;0;0;0;0;0;0;0;0;0;0;0;0;0;0;0;0;0;0;0;0;0;0;0;0;0;0;0;0;0;0;0;0;0;0;0;0;0;0;0;0;0;0;0;0;0;0;0;0;0;0;0;0;0;0;0;0;3;0;1;1;1;2;1;2016-05-21 14:00:00;3817;0;50;0;50;0;-1;1;-1;-1;-1;-1;-1;-1;1;1;0;1;2;1;-1;0;0;0;0;0;0;0;0;0;0;0;0;0;1;1;0;0;-1;-1;0;0;-1;-1;-1;-1;-1;-1;-1;-1;-1;0;0;0;100;100;0;0;100;100;0;0;4;2;HK;Thór;1.18;1.18;1;0;0.5;0.5;100;100;100;0;0;0;0;0;0;0;0;743;22;Y;Y;Y;N;N;N;Y
214078;3806;3823;2016;complete;1295;3;-1;35,46,60,74,78;;5;0;5;-1;-1;-1;-1;-1;3;1;0;1;-1;-1;-1;-1;-1;-1;-1;-1;-1;-1;3;3;0;0;0;0;0;0;0;0;0;0;0;0;0;0;0;0;0;0;0;0;0;0;0;0;0;0;0;0;0;0;0;0;0;0;0;0;0;0;0;0;0;0;0;0;0;0;0;0;0;0;0;0;0;0;0;0;0;0;0;0;0;0;0;0;0;0;0;0;5;1;0;4;0;4;1;2016-05-21 16:00:00;3806;0;100;50;100;0;-1;1;-1;-1;-1;-1;-1;-1;0;1;3;1;1;4;-1;0;0;0;0;0;0;0;1;0;1;0;0;0;1;1;0;0;-1;-1;0;0;-1;-1;-1;-1;-1;-1;-1;-1;-1;100;100;100;100;100;100;100;100;100;0;0;3;5;Grindavík;Leiknir Fáskrúdsfj.;2.27;0.64;3;0;3;0;0;0;0;0;0;0;0;0;0;0;0;743;22;Y;Y;Y;Y;Y;N;N
214079;3815;3806;2016;complete;1295;4;-1;2,67;;2;0;2;-1;-1;-1;-1;-1;2;2;0;0;-1;-1;-1;-1;-1;-1;-1;-1;-1;-1;2;2;0;0;0;0;0;0;0;0;0;0;0;0;0;0;0;0;0;0;0;0;0;0;0;0;0;0;0;0;0;0;0;0;0;0;0;0;0;0;0;0;0;0;0;0;0;0;0;0;0;0;0;0;0;0;0;0;0;0;0;0;0;0;0;0;0;0;0;0;2;1;0;1;0;1;1;2016-05-28 14:00:00;3815;0;0;0;0;0;-1;1;-1;-1;-1;-1;-1;-1;1;0;1;2;1;3;-1;0;0;0;0;0;0;0;1;0;1;0;0;0;1;1;1;0;-1;-1;0;0;-1;-1;-1;-1;-1;-1;-1;-1;-1;0;0;50;50;100;50;50;100;0;0;0;5;2;Keflavík;Grindavík;2.09;1.55;3;3;1.67;3;100;100;50;50;0;0;0;0;0;0;0;743;22;Y;Y;N;N;N;N;N
214080;3814;3824;2016;complete;1295;4;-1;;;0;0;0;-1;-1;-1;-1;-1;1;1;0;0;-1;-1;-1;-1;-1;-1;-1;-1;-1;-1;1;1;0;0;0;0;0;0;0;0;0;0;0;0;0;0;0;0;0;0;0;0;0;0;0;0;0;0;0;0;0;0;0;0;0;0;0;0;0;0;0;0;0;0;0;0;0;0;0;0;0;0;0;0;0;0;0;0;0;0;0;0;0;0;0;0;0;0;0;0;0;0;0;0;0;0;0;2016-05-28 14:00:00;-1;0;25;25;0;0;-1;1;-1;-1;-1;-1;-1;-1;0;0;1;1;0;2;-1;0;0;0;0;0;0;0;0;0;0;0;0;0;1;1;0;0;-1;-1;0;0;-1;-1;-1;-1;-1;-1;-1;-1;-1;25;25;25;50;100;25;25;100;25;0;0;4;2.25;Leiknir Reykjavík;Fjardabyggd;1.64;0.73;3;3;3;1.33;75;75;75;50;0;0;0;0;0;0;0;743;22;N;N;N;N;N;N;N
214081;3825;3816;2016;complete;1295;4;-1;;12;0;1;1;-1;-1;-1;-1;-1;0;1;0;0;-1;-1;-1;-1;-1;-1;-1;-1;-1;-1;0;1;0;0;0;0;0;0;0;0;0;0;0;0;0;0;0;0;0;0;0;0;0;0;0;0;0;0;0;0;0;0;0;0;0;0;0;0;0;0;0;0;0;0;0;0;0;0;0;0;0;0;0;0;0;0;0;0;0;0;0;0;0;0;0;0;0;0;0;0;1;0;1;0;0;0;1;2016-05-29 14:00:00;3816;0;0;0;0;0;-1;1;-1;-1;-1;-1;-1;-1;0;0;0;1;0;1;-1;0;0;0;0;0;0;0;0;0;0;0;0;0;1;1;0;0;-1;-1;0;0;-1;-1;-1;-1;-1;-1;-1;-1;-1;0;0;25;25;75;0;0;75;25;0;0;6.5;1.25;Huginn;Fram;1;0.64;0;0.5;1;0.67;100;100;75;75;25;0;0;0;0;0;0;743;22;Y;N;N;N;N;N;N
214082;3817;3821;2016;complete;1295;4;-1;37,45,48,67;13,80;4;2;6;-1;-1;-1;-1;-1;2;4;0;0;-1;-1;-1;-1;-1;-1;-1;-1;-1;-1;2;4;0;0;0;0;0;0;0;0;0;0;0;0;0;0;0;0;0;0;0;0;0;0;0;0;0;0;0;0;0;0;0;0;0;0;0;0;0;0;0;0;0;0;0;0;0;0;0;0;0;0;0;0;0;0;0;0;0;0;0;0;0;0;0;0;0;0;0;0;6;2;1;2;1;3;3;2016-05-29 14:00:00;3817;0;50;25;25;0;-1;1;-1;-1;-1;-1;-1;-1;0;0;2;4;0;6;-1;0;0;0;0;0;0;0;0;1;0;1;0;0;1;1;0;0;-1;-1;0;0;-1;-1;-1;-1;-1;-1;-1;-1;-1;25;25;25;50;50;25;50;50;25;0;0;4;1.75;Thór;Haukar;1.82;0.73;1;0.5;1.33;1.33;75;75;75;50;50;0;0;0;0;0;0;743;22;Y;Y;Y;Y;Y;Y;Y
214083;3823;3811;2016;complete;1295;4;-1;;45;0;1;1;-1;-1;-1;-1;-1;4;1;0;0;-1;-1;-1;-1;-1;-1;-1;-1;-1;-1;4;1;0;0;0;0;0;0;0;0;0;0;0;0;0;0;0;0;0;0;0;0;0;0;0;0;0;0;0;0;0;0;0;0;0;0;0;0;0;0;0;0;0;0;0;0;0;0;0;0;0;0;0;0;0;0;0;0;0;0;0;0;0;0;0;0;0;0;0;0;1;0;1;0;0;0;1;2016-05-29 16:00:00;3811;0;50;0;50;0;-1;1;-1;-1;-1;-1;-1;-1;1;0;3;1;1;4;-1;0;0;0;0;0;0;0;0;0;0;0;0;0;1;1;0;0;-1;-1;0;0;-1;-1;-1;-1;-1;-1;-1;-1;-1;50;50;50;50;100;0;0;100;50;0;0;4;3;Leiknir Fáskrúdsfj.;KA;1.27;2.09;0;0;0;2;50;50;50;50;0;0;0;0;0;0;0;743;22;Y;N;N;N;N;N;N
214084;3822;3818;2016;complete;1295;4;-1;;5,23,75;0;3;3;-1;-1;-1;-1;-1;4;2;0;0;-1;-1;-1;-1;-1;-1;-1;-1;-1;-1;4;2;0;0;0;0;0;0;0;0;0;0;0;0;0;0;0;0;0;0;0;0;0;0;0;0;0;0;0;0;0;0;0;0;0;0;0;0;0;0;0;0;0;0;0;0;0;0;0;0;0;0;0;0;0;0;0;0;0;0;0;0;0;0;0;0;0;0;0;0;3;0;2;0;1;1;2;2016-05-29 16:00:00;3818;0;50;0;50;0;-1;1;-1;-1;-1;-1;-1;-1;3;1;1;1;4;2;-1;0;0;0;0;0;0;0;0;1;0;1;0;0;1;1;0;1;-1;-1;0;0;-1;-1;-1;-1;-1;-1;-1;-1;-1;0;0;75;100;100;50;75;100;50;0;0;4.5;2.75;HK;Selfoss;1.18;1.18;0.5;0;0.33;1;100;100;25;0;0;0;0;0;0;0;0;743;22;Y;Y;Y;N;N;N;N
214085;3806;3814;2016;complete;1295;5;-1;33,65,82,90;;4;0;4;-1;-1;-1;-1;-1;-1;-1;-1;-1;-1;-1;-1;-1;-1;-1;-1;-1;-1;-1;-1;-1;0;0;0;0;0;0;0;0;0;0;0;0;0;0;0;0;0;0;0;0;0;0;0;0;0;0;0;0;0;0;0;0;0;0;0;0;0;0;0;0;0;0;0;0;0;0;0;0;0;0;0;0;0;0;0;0;0;0;0;0;0;0;0;0;0;0;0;0;4;1;0;3;0;3;1;2016-06-02 19:15:00;3806;0;25;25;25;0;-1;-1;-1;-1;-1;-1;-1;-1;-1;-1;-1;-1;-1;-1;-1;0;0;0;0;0;0;0;0;0;0;0;0;0;1;1;0;0;-1;-1;-1;-1;-1;-1;-1;-1;-1;-1;-1;-1;-1;50;50;50;50;100;25;100;50;50;0;0;4.5;3;Grindavík;Leiknir Reykjavík;2.27;1;3;3;2.25;2.5;50;50;50;50;0;0;0;0;0;0;0;743;22;Y;Y;Y;Y;N;N;N
214086;3824;3822;2016;complete;1295;5;-1;6,16,30,77;2,22,41,56;4;4;8;-1;-1;-1;-1;-1;3;3;0;0;-1;-1;-1;-1;-1;-1;-1;-1;-1;-1;3;3;0;0;0;0;0;0;0;0;0;0;0;0;0;0;0;0;0;0;0;0;0;0;0;0;0;0;0;0;0;0;0;0;0;0;0;0;0;0;0;0;0;0;0;0;0;0;0;0;0;0;0;0;0;0;0;0;0;0;0;0;0;0;0;0;0;0;0;0;8;3;3;1;1;2;6;2016-06-04 14:00:00;-1;0;100;50;25;0;-1;1;-1;-1;-1;-1;-1;-1;2;1;1;2;3;3;-1;0;0;0;0;0;0;0;1;1;1;1;0;0;1;1;1;1;-1;-1;0;0;-1;-1;-1;-1;-1;-1;-1;-1;-1;50;75;100;100;100;50;100;100;50;0;0;2.5;4.25;Fjardabyggd;HK;0.82;0.82;0.5;0;1.25;0.25;50;25;0;0;0;0;0;0;0;0;0;743;22;Y;Y;Y;Y;Y;Y;Y
214087;3811;3815;2016;complete;1295;5;-1;90;38;1;1;2;-1;-1;-1;-1;-1;3;2;0;0;-1;-1;-1;-1;-1;-1;-1;-1;-1;-1;3;2;0;0;0;0;0;0;0;0;0;0;0;0;0;0;0;0;0;0;0;0;0;0;0;0;0;0;0;0;0;0;0;0;0;0;0;0;0;0;0;0;0;0;0;0;0;0;0;0;0;0;0;0;0;0;0;0;0;0;0;0;0;0;0;0;0;0;0;0;2;0;1;1;0;1;1;2016-06-04 14:00:00;-1;0;75;0;75;0;-1;1;-1;-1;-1;-1;-1;-1;1;0;2;2;1;4;-1;0;0;0;0;0;0;0;1;0;1;0;0;0;1;1;0;0;-1;-1;0;0;-1;-1;-1;-1;-1;-1;-1;-1;-1;0;25;75;100;100;0;25;100;100;0;0;4;3;KA;Keflavík;2.55;1.09;3;1;2.25;2;100;75;25;0;0;0;0;0;0;0;0;743;22;Y;Y;N;N;N;N;Y
214088;3821;3825;2016;complete;1295;5;-1;18,27,56;;3;0;3;-1;-1;-1;-1;-1;2;1;0;0;-1;-1;-1;-1;-1;-1;-1;-1;-1;-1;2;1;0;0;0;0;0;0;0;0;0;0;0;0;0;0;0;0;0;0;0;0;0;0;0;0;0;0;0;0;0;0;0;0;0;0;0;0;0;0;0;0;0;0;0;0;0;0;0;0;0;0;0;0;0;0;0;0;0;0;0;0;0;0;0;0;0;0;0;0;3;2;0;1;0;1;2;2016-06-04 14:00:00;3821;0;100;0;75;0;-1;1;-1;-1;-1;-1;-1;-1;0;0;2;1;0;3;-1;0;0;0;0;0;0;0;0;0;0;0;0;0;1;1;0;0;-1;-1;0;0;-1;-1;-1;-1;-1;-1;-1;-1;-1;50;50;100;100;100;0;25;100;100;0;0;5;4;Haukar;Huginn;2.09;0.91;3;1.5;1;0.75;50;50;0;0;0;0;0;0;0;0;0;743;22;Y;Y;Y;N;N;N;N
214089;3816;3823;2016;complete;1295;5;-1;14,72,77;37;3;1;4;-1;-1;-1;-1;-1;2;3;0;0;-1;-1;-1;-1;-1;-1;-1;-1;-1;-1;2;3;0;0;0;0;0;0;0;0;0;0;0;0;0;0;0;0;0;0;0;0;0;0;0;0;0;0;0;0;0;0;0;0;0;0;0;0;0;0;0;0;0;0;0;0;0;0;0;0;0;0;0;0;0;0;0;0;0;0;0;0;0;0;0;0;0;0;0;0;4;1;1;2;0;2;2;2016-06-04 15:00:00;3816;0;75;0;25;0;-1;1;-1;-1;-1;-1;-1;-1;0;1;2;2;1;4;-1;0;0;0;0;0;0;0;0;0;0;0;0;0;1;1;0;0;-1;-1;0;0;-1;-1;-1;-1;-1;-1;-1;-1;-1;50;50;50;100;100;25;100;100;50;0;0;3;3.5;Fram;Leiknir Fáskrúdsfj.;2.09;0.64;1;0;1.25;0;50;50;50;0;0;0;0;0;0;0;0;743;22;Y;Y;Y;Y;N;N;Y
214090;3818;3817;2016;complete;1295;5;-1;;40;0;1;1;-1;-1;-1;-1;-1;1;3;0;0;-1;-1;-1;-1;-1;-1;-1;-1;-1;-1;1;3;0;0;0;0;0;0;0;0;0;0;0;0;0;0;0;0;0;0;0;0;0;0;0;0;0;0;0;0;0;0;0;0;0;0;0;0;0;0;0;0;0;0;0;0;0;0;0;0;0;0;0;0;0;0;0;0;0;0;0;0;0;0;0;0;0;0;0;0;1;0;1;0;0;0;1;2016-06-04 16:00:00;3817;0;50;0;50;0;-1;1;-1;-1;-1;-1;-1;-1;0;0;1;3;0;4;-1;0;0;0;0;0;0;0;0;0;0;0;0;0;1;1;0;0;-1;-1;0;0;-1;-1;-1;-1;-1;-1;-1;-1;-1;25;25;50;75;100;25;75;75;75;0;0;4.5;2.75;Selfoss;Thór;1.36;1.18;1.5;1.5;1.5;1.75;75;75;50;25;0;0;0;0;0;0;0;743;22;Y;N;N;N;N;N;N
214091;3823;3821;2016;complete;1295;6;-1;5,23,32,52;;4;0;4;-1;-1;-1;-1;-1;2;0;0;0;-1;-1;-1;-1;-1;-1;-1;-1;-1;-1;2;0;0;0;0;0;0;0;0;0;0;0;0;0;0;0;0;0;0;0;0;0;0;0;0;0;0;0;0;0;0;0;0;0;0;0;0;0;0;0;0;0;0;0;0;0;0;0;0;0;0;0;0;0;0;0;0;0;0;0;0;0;0;0;0;0;0;0;0;0;4;3;0;1;0;1;3;2016-06-12 14:00:00;3823;0;50;34;34;0;-1;1;-1;-1;-1;-1;-1;-1;0;0;2;0;0;2;-1;0;0;0;0;0;0;0;0;0;0;0;0;0;1;1;1;0;-1;-1;0;0;-1;-1;-1;-1;-1;-1;-1;-1;-1;34;34;34;50;100;34;75;75;34;0;0;5;2.67;Leiknir Fáskrúdsfj.;Haukar;1.27;0.73;0;0.33;0;1.4;67;67;67;50;0;0;0;0;0;0;0;743;22;Y;Y;Y;Y;N;N;N
214092;3814;3811;2016;complete;1295;6;-1;;6,77;0;2;2;-1;-1;-1;-1;-1;4;2;1;0;-1;-1;-1;-1;-1;-1;-1;-1;-1;-1;5;2;0;0;0;0;0;0;0;0;0;0;0;0;0;0;0;0;0;0;0;0;0;0;0;0;0;0;0;0;0;0;0;0;0;0;0;0;0;0;0;0;0;0;0;0;0;0;0;0;0;0;0;0;0;0;0;0;0;0;0;0;0;0;0;0;0;0;0;0;2;0;1;0;1;1;1;2016-06-12 14:00:00;3811;0;42;17;25;0;-1;1;-1;-1;-1;-1;-1;-1;2;1;3;1;3;4;-1;0;0;0;0;0;0;0;0;0;0;0;0;0;1;1;0;1;-1;-1;0;1;-1;-1;-1;-1;-1;-1;-1;-1;-1;42;42;42;59;84;17;42;59;42;0;0;3.17;2.67;Leiknir Reykjavík;KA;1.64;2.09;2.33;1.5;2;2;59;59;59;42;17;0;0;0;0;0;0;743;22;Y;Y;N;N;N;N;N
214093;3817;3825;2016;complete;1295;6;-1;67,90;26;2;1;3;-1;-1;-1;-1;-1;2;4;0;0;-1;-1;-1;-1;-1;-1;-1;-1;-1;-1;2;4;0;0;0;0;0;0;0;0;0;0;0;0;0;0;0;0;0;0;0;0;0;0;0;0;0;0;0;0;0;0;0;0;0;0;0;0;0;0;0;0;0;0;0;0;0;0;0;0;0;0;0;0;0;0;0;0;0;0;0;0;0;0;0;0;0;0;0;0;3;0;1;2;0;2;1;2016-06-12 14:00:00;3817;0;59;25;42;0;-1;1;-1;-1;-1;-1;-1;-1;1;2;1;2;3;3;-1;0;0;0;0;0;0;0;0;0;0;0;0;0;1;1;0;0;-1;-1;0;0;-1;-1;-1;-1;-1;-1;-1;-1;-1;25;25;75;75;75;42;59;75;59;0;0;4.83;3;Thór;Huginn;1.82;0.91;2;1;2;0.6;75;75;25;25;25;0;0;0;0;0;0;743;22;Y;Y;Y;N;N;N;Y
214094;3822;3806;2016;complete;1295;6;-1;50,85;87;2;1;3;-1;-1;-1;-1;-1;1;1;0;0;-1;-1;-1;-1;-1;-1;-1;-1;-1;-1;1;1;0;0;0;0;0;0;0;0;0;0;0;0;0;0;0;0;0;0;0;0;0;0;0;0;0;0;0;0;0;0;0;0;0;0;0;0;0;0;0;0;0;0;0;0;0;0;0;0;0;0;0;0;0;0;0;0;0;0;0;0;0;0;0;0;0;0;0;0;3;0;0;2;1;3;0;2016-06-12 14:00:00;3822;0;34;0;34;0;-1;1;-1;-1;-1;-1;-1;-1;0;0;1;1;0;2;-1;0;0;0;0;0;0;0;0;0;0;0;0;0;1;1;0;0;-1;-1;0;0;-1;-1;-1;-1;-1;-1;-1;-1;-1;0;0;34;75;100;17;59;100;34;0;0;4.33;2.09;HK;Grindavík;1.18;1.55;0.33;1.5;0.4;2.4;100;100;67;25;0;0;0;0;0;0;0;743;22;Y;Y;Y;N;N;N;Y
214095;3815;3816;2016;complete;1295;6;-1;14,48;35,63;2;2;4;-1;-1;-1;-1;-1;2;3;1;0;-1;-1;-1;-1;-1;-1;-1;-1;-1;-1;4;3;0;0;0;0;0;0;0;0;0;0;0;0;0;0;0;0;0;0;0;0;0;0;0;0;0;0;0;0;0;0;0;0;0;0;0;0;0;0;0;0;0;0;0;0;0;0;0;0;0;0;0;0;0;0;0;0;0;0;0;0;0;0;0;0;0;0;0;0;4;1;1;1;1;2;2;2016-06-12 16:00:00;-1;0;0;0;0;0;-1;1;-1;-1;-1;-1;-1;-1;1;1;2;2;2;4;-1;0;0;0;0;0;0;0;1;0;1;0;0;0;1;1;0;0;-1;-1;0;0;-1;-1;-1;-1;-1;-1;-1;-1;-1;0;0;42;67;84;25;67;67;17;0;0;5.17;1.92;Keflavík;Fram;2.09;0.64;3;1.33;1.8;1.6;100;100;59;34;17;0;0;0;0;0;0;743;22;Y;Y;Y;Y;N;N;Y
214096;3818;3824;2016;complete;1295;6;-1;17,82;26;2;1;3;-1;-1;-1;-1;-1;1;2;0;1;-1;-1;-1;-1;-1;-1;-1;-1;-1;-1;1;4;0;0;0;0;0;0;0;0;0;0;0;0;0;0;0;0;0;0;0;0;0;0;0;0;0;0;0;0;0;0;0;0;0;0;0;0;0;0;0;0;0;0;0;0;0;0;0;0;0;0;0;0;0;0;0;0;0;0;0;0;0;0;0;0;0;0;0;0;3;1;1;1;0;1;2;2016-06-12 16:00:00;3818;0;17;0;17;0;-1;1;-1;-1;-1;-1;-1;-1;1;1;0;2;2;2;-1;0;0;0;0;0;0;0;0;0;0;0;0;0;1;1;0;0;-1;-1;0;0;-1;-1;-1;-1;-1;-1;-1;-1;-1;17;17;17;17;75;17;50;42;17;0;0;3.5;1.42;Selfoss;Fjardabyggd;1.36;0.73;1;2;1.2;1.2;84;84;84;84;25;0;0;0;0;0;0;743;22;Y;Y;Y;N;N;N;Y
214097;3816;3814;2016;complete;1295;7;-1;70,76;49;2;1;3;-1;-1;-1;-1;-1;3;0;2;0;-1;-1;-1;-1;-1;-1;-1;-1;-1;-1;6;0;0;0;0;0;0;0;0;0;0;0;0;0;0;0;0;0;0;0;0;0;0;0;0;0;0;0;0;0;0;0;0;0;0;0;0;0;0;0;0;0;0;0;0;0;0;0;0;0;0;0;0;0;0;0;0;0;0;0;0;0;0;0;0;0;0;0;0;0;3;0;0;2;1;3;0;2016-06-24 18:00:00;3816;0;50;25;0;0;-1;1;-1;-1;-1;-1;-1;-1;2;0;3;0;2;3;-1;0;0;0;0;0;0;0;0;0;0;0;0;0;1;1;0;0;-1;-1;1;0;-1;-1;-1;-1;-1;-1;-1;-1;-1;0;50;50;75;100;25;100;75;50;0;0;3.5;2.75;Fram;Leiknir Reykjavík;2.09;1;2;1.5;1.5;1.67;100;50;50;25;0;0;0;0;0;0;0;743;22;Y;Y;Y;N;N;N;Y
214098;3821;3815;2016;complete;1295;7;-1;7,27,34,71;27,72,90;4;3;7;-1;-1;-1;-1;-1;3;4;1;0;-1;-1;-1;-1;-1;-1;-1;-1;-1;-1;4;4;0;0;0;0;0;0;0;0;0;0;0;0;0;0;0;0;0;0;0;0;0;0;0;0;0;0;0;0;0;0;0;0;0;0;0;0;0;0;0;0;0;0;0;0;0;0;0;0;0;0;0;0;0;0;0;0;0;0;0;0;0;0;0;0;0;0;0;0;7;3;1;1;2;3;4;2016-06-24 19:15:00;3821;0;75;0;59;0;-1;1;-1;-1;-1;-1;-1;-1;3;1;1;3;4;4;-1;0;0;0;0;0;0;0;1;0;1;0;0;0;1;1;1;0;-1;-1;0;1;-1;-1;-1;-1;-1;-1;-1;-1;-1;25;42;67;100;100;25;59;100;59;0;0;4.67;3.34;Haukar;Keflavík;2.09;1.09;3;1;1.17;1.67;75;59;34;0;0;0;0;0;0;0;0;743;22;Y;Y;Y;Y;Y;Y;Y
214099;3825;3823;2016;complete;1295;7;-1;;2,57;0;2;2;-1;-1;-1;-1;-1;3;3;2;0;-1;-1;-1;-1;-1;-1;-1;-1;-1;-1;7;3;0;0;0;0;0;0;0;0;0;0;0;0;0;0;0;0;0;0;0;0;0;0;0;0;0;0;0;0;0;0;0;0;0;0;0;0;0;0;0;0;0;0;0;0;0;0;0;0;0;0;0;0;0;0;0;0;0;0;0;0;0;0;0;0;0;0;0;0;2;0;1;0;1;1;1;2016-06-24 19:15:00;3823;0;34;17;17;0;-1;1;-1;-1;-1;-1;-1;-1;1;1;4;2;2;6;-1;0;0;0;0;0;0;0;0;0;0;0;0;0;1;1;0;1;-1;-1;0;0;-1;-1;-1;-1;-1;-1;-1;-1;-1;34;50;50;50;100;34;75;75;50;0;0;3.83;2.84;Huginn;Leiknir Fáskrúdsfj.;1;0.64;0;0;0.5;0.5;67;50;50;50;0;0;0;0;0;0;0;743;22;Y;Y;N;N;N;N;N
214100;3806;3818;2016;complete;1295;7;-1;20;90;1;1;2;-1;-1;-1;-1;-1;0;3;0;0;-1;-1;-1;-1;-1;-1;-1;-1;-1;-1;0;3;0;0;0;0;0;0;0;0;0;0;0;0;0;0;0;0;0;0;0;0;0;0;0;0;0;0;0;0;0;0;0;0;0;0;0;0;0;0;0;0;0;0;0;0;0;0;0;0;0;0;0;0;0;0;0;0;0;0;0;0;0;0;0;0;0;0;0;0;2;1;0;0;1;1;1;2016-06-24 19:15:00;-1;0;17;17;17;0;-1;1;-1;-1;-1;-1;-1;-1;0;0;0;3;0;3;-1;0;0;0;0;0;0;0;0;0;0;0;0;0;1;1;0;0;-1;-1;0;0;-1;-1;-1;-1;-1;-1;-1;-1;-1;34;50;100;100;100;67;100;100;50;0;0;5;3.84;Grindavík;Selfoss;2.27;1.18;3;1.5;2;1.5;67;50;0;0;0;0;0;0;0;0;0;743;22;Y;Y;N;N;N;N;Y
214101;3824;3817;2016;complete;1295;7;-1;51,58;9,88,89;2;3;5;-1;-1;-1;-1;-1;3;3;1;0;-1;-1;-1;-1;-1;-1;-1;-1;-1;-1;5;3;0;0;0;0;0;0;0;0;0;0;0;0;0;0;0;0;0;0;0;0;0;0;0;0;0;0;0;0;0;0;0;0;0;0;0;0;0;0;0;0;0;0;0;0;0;0;0;0;0;0;0;0;0;0;0;0;0;0;0;0;0;0;0;0;0;0;0;0;5;0;1;2;2;4;1;2016-06-25 14:00:00;3817;0;67;17;50;0;-1;1;-1;-1;-1;-1;-1;-1;0;1;4;2;1;6;-1;0;0;0;0;0;0;0;0;1;0;1;0;0;1;1;0;1;-1;-1;0;0;-1;-1;-1;-1;-1;-1;-1;-1;-1;17;34;67;84;100;17;84;84;84;0;0;4.33;3.5;Fjardabyggd;Thór;0.82;1.18;0.67;2;1;2.17;84;67;34;17;0;0;0;0;0;0;0;743;22;Y;Y;Y;Y;Y;N;Y
214102;3811;3822;2016;complete;1295;7;-1;29,77;;2;0;2;-1;-1;-1;-1;-1;2;3;0;0;-1;-1;-1;-1;-1;-1;-1;-1;-1;-1;2;3;0;0;0;0;0;0;0;0;0;0;0;0;0;0;0;0;0;0;0;0;0;0;0;0;0;0;0;0;0;0;0;0;0;0;0;0;0;0;0;0;0;0;0;0;0;0;0;0;0;0;0;0;0;0;0;0;0;0;0;0;0;0;0;0;0;0;0;0;2;1;0;1;0;1;1;2016-06-25 16:00:00;3811;0;84;50;42;0;-1;1;-1;-1;-1;-1;-1;-1;1;2;1;1;3;2;-1;0;0;0;0;0;0;0;0;0;0;0;0;0;1;1;0;0;-1;-1;0;1;-1;-1;-1;-1;-1;-1;-1;-1;-1;50;50;84;100;100;50;67;100;59;0;0;3.67;4.59;KA;HK;2.55;0.82;2.33;0.5;2.17;0.83;50;50;17;0;0;0;0;0;0;0;0;743;22;Y;Y;N;N;N;N;N
214103;3822;3816;2016;complete;1295;8;-1;20,75;;2;0;2;-1;-1;-1;-1;-1;0;2;0;0;-1;-1;-1;-1;-1;-1;-1;-1;-1;-1;0;2;0;0;0;0;0;0;0;0;0;0;0;0;0;0;0;0;0;0;0;0;0;0;0;0;0;0;0;0;0;0;0;0;0;0;0;0;0;0;0;0;0;0;0;0;0;0;0;0;0;0;0;0;0;0;0;0;0;0;0;0;0;0;0;0;0;0;0;0;2;1;0;1;0;1;1;2016-06-30 19:15:00;3822;0;50;13;50;0;-1;1;-1;-1;-1;-1;-1;-1;0;0;0;2;0;2;-1;0;0;0;0;0;0;0;0;0;0;0;0;0;1;1;0;0;-1;-1;0;0;-1;-1;-1;-1;-1;-1;-1;-1;-1;0;13;63;75;88;25;50;75;63;0;0;4.75;2.38;HK;Fram;1.18;0.64;1;1.25;0.71;1.71;100;88;38;25;13;0;0;0;0;0;0;743;22;Y;Y;N;N;N;N;N
214104;3814;3821;2016;complete;1295;8;-1;76;;1;0;1;-1;-1;-1;-1;-1;2;2;0;0;-1;-1;-1;-1;-1;-1;-1;-1;-1;-1;2;2;0;0;0;0;0;0;0;0;0;0;0;0;0;0;0;0;0;0;0;0;0;0;0;0;0;0;0;0;0;0;0;0;0;0;0;0;0;0;0;0;0;0;0;0;0;0;0;0;0;0;0;0;0;0;0;0;0;0;0;0;0;0;0;0;0;0;0;0;1;0;0;1;0;1;0;2016-06-30 19:15:00;3814;0;50;38;25;0;-1;1;-1;-1;-1;-1;-1;-1;0;1;2;1;1;3;-1;0;0;0;0;0;0;0;0;0;0;0;0;0;1;1;0;0;-1;-1;0;0;-1;-1;-1;-1;-1;-1;-1;-1;-1;38;50;50;88;88;50;75;88;38;0;0;4;3.25;Leiknir Reykjavík;Haukar;1.64;0.73;1.75;0.25;1.43;1.43;63;50;50;13;13;0;0;0;0;0;0;743;22;Y;N;N;N;N;N;N
214105;3818;3811;2016;complete;1295;8;-1;;13,45;0;2;2;-1;-1;-1;-1;-1;4;0;0;0;-1;-1;-1;-1;-1;-1;-1;-1;-1;-1;4;0;0;0;0;0;0;0;0;0;0;0;0;0;0;0;0;0;0;0;0;0;0;0;0;0;0;0;0;0;0;0;0;0;0;0;0;0;0;0;0;0;0;0;0;0;0;0;0;0;0;0;0;0;0;0;0;0;0;0;0;0;0;0;0;0;0;0;0;0;2;0;2;0;0;0;2;2016-06-30 19:15:00;3811;0;42;13;29;0;-1;1;-1;-1;-1;-1;-1;-1;1;0;3;0;1;3;-1;0;0;0;0;0;0;0;0;0;0;0;0;0;1;1;0;0;-1;-1;0;0;-1;-1;-1;-1;-1;-1;-1;-1;-1;29;29;42;59;100;25;84;59;29;0;0;3.42;2.59;Selfoss;KA;1.36;2.09;1.5;2;1.43;2.29;71;71;59;42;0;0;0;0;0;0;0;743;22;Y;Y;N;N;N;N;N
214106;3815;3825;2016;complete;1295;8;-1;;;0;0;0;-1;-1;-1;-1;-1;3;3;0;0;-1;-1;-1;-1;-1;-1;-1;-1;-1;-1;3;3;0;0;0;0;0;0;0;0;0;0;0;0;0;0;0;0;0;0;0;0;0;0;0;0;0;0;0;0;0;0;0;0;0;0;0;0;0;0;0;0;0;0;0;0;0;0;0;0;0;0;0;0;0;0;0;0;0;0;0;0;0;0;0;0;0;0;0;0;0;0;0;0;0;0;0;2016-07-02 14:00:00;-1;0;54;17;29;0;-1;1;-1;-1;-1;-1;-1;-1;1;0;2;3;1;5;-1;0;0;0;0;0;0;0;0;0;0;0;0;0;1;1;0;0;-1;-1;0;0;-1;-1;-1;-1;-1;-1;-1;-1;-1;0;17;84;100;100;46;88;100;54;0;0;5.75;3;Keflavík;Huginn;2.09;0.91;2.33;0.75;1.43;0.43;100;84;17;0;0;0;0;0;0;0;0;743;22;N;N;N;N;N;N;N
214107;3824;3806;2016;complete;1295;8;-1;11,34;40,90;2;2;4;-1;-1;-1;-1;-1;2;2;0;0;-1;-1;-1;-1;-1;-1;-1;-1;-1;-1;2;2;0;0;0;0;0;0;0;0;0;0;0;0;0;0;0;0;0;0;0;0;0;0;0;0;0;0;0;0;0;0;0;0;0;0;0;0;0;0;0;0;0;0;0;0;0;0;0;0;0;0;0;0;0;0;0;0;0;0;0;0;0;0;0;0;0;0;0;0;4;2;1;0;1;1;3;2016-07-02 14:00:00;-1;0;67;13;54;0;-1;1;-1;-1;-1;-1;-1;-1;0;1;2;1;1;3;-1;0;0;0;0;0;0;0;0;0;0;0;0;0;1;1;0;0;-1;-1;0;0;-1;-1;-1;-1;-1;-1;-1;-1;-1;25;38;67;84;100;13;67;100;67;0;0;4.42;3.5;Fjardabyggd;Grindavík;0.82;1.55;0.5;1;0.86;1.86;75;63;34;17;0;0;0;0;0;0;0;743;22;Y;Y;Y;Y;N;N;Y
214108;3817;3823;2016;complete;1295;8;-1;63;;1;0;1;-1;-1;-1;-1;-1;4;3;0;1;-1;-1;-1;-1;-1;-1;-1;-1;-1;-1;4;5;0;0;0;0;0;0;0;0;0;0;0;0;0;0;0;0;0;0;0;0;0;0;0;0;0;0;0;0;0;0;0;0;0;0;0;0;0;0;0;0;0;0;0;0;0;0;0;0;0;0;0;0;0;0;0;0;0;0;0;0;0;0;0;0;0;0;0;0;1;0;0;1;0;1;0;2016-07-02 17:15:00;3817;0;59;29;29;0;-1;1;-1;-1;-1;-1;-1;-1;3;3;1;1;6;2;-1;0;0;0;0;0;0;0;0;0;0;0;0;0;1;1;0;0;-1;-1;0;1;-1;-1;-1;-1;-1;-1;-1;-1;-1;42;54;71;84;84;42;84;84;71;0;0;4.83;3.5;Thór;Leiknir Fáskrúdsfj.;1.82;0.64;2.33;0.75;2.29;0.86;59;46;29;17;17;0;0;0;0;0;0;743;22;Y;N;N;N;N;N;N
214109;3821;3822;2016;complete;1295;9;-1;2;5;1;1;2;-1;-1;-1;-1;-1;2;0;0;0;-1;-1;-1;-1;-1;-1;-1;-1;-1;-1;2;0;0;0;0;0;0;0;0;0;0;0;0;0;0;0;0;0;0;0;0;0;0;0;0;0;0;0;0;0;0;0;0;0;0;0;0;0;0;0;0;0;0;0;0;0;0;0;0;0;0;0;0;0;0;0;0;0;0;0;0;0;0;0;0;0;0;0;0;0;2;1;1;0;0;0;2;2016-07-07 19:15:00;-1;0;67;50;50;0;-1;1;-1;-1;-1;-1;-1;-1;1;0;1;0;1;1;-1;0;0;0;0;0;0;0;0;0;0;0;0;0;1;1;1;1;-1;-1;0;0;-1;-1;-1;-1;-1;-1;-1;-1;-1;67;67;84;100;100;67;84;100;50;0;0;5;5;Haukar;HK;2.09;0.82;3;0.33;1.25;1;33;33;17;0;0;0;0;0;0;0;0;743;22;Y;Y;N;N;N;N;Y
214110;3811;3824;2016;complete;1295;9;-1;5,90;;2;0;2;-1;-1;-1;-1;-1;2;3;0;0;-1;-1;-1;-1;-1;-1;-1;-1;-1;-1;2;3;0;0;0;0;0;0;0;0;0;0;0;0;0;0;0;0;0;0;0;0;0;0;0;0;0;0;0;0;0;0;0;0;0;0;0;0;0;0;0;0;0;0;0;0;0;0;0;0;0;0;0;0;0;0;0;0;0;0;0;0;0;0;0;0;0;0;0;0;2;1;0;1;0;1;1;2016-07-07 19:15:00;3811;0;42;17;13;0;-1;1;-1;-1;-1;-1;-1;-1;1;1;1;2;2;3;-1;0;0;0;0;0;0;0;1;0;1;0;0;0;1;1;1;0;-1;-1;0;0;-1;-1;-1;-1;-1;-1;-1;-1;-1;0;0;42;67;84;17;42;84;25;0;0;4.08;1.92;KA;Fjardabyggd;2.55;0.73;2.5;1.33;2.38;0.88;100;100;59;34;17;0;0;0;0;0;0;743;22;Y;Y;N;N;N;N;N
214111;3823;3815;2016;complete;1295;9;-1;40,65;15,56,90;2;3;5;-1;-1;-1;-1;-1;3;2;0;0;-1;-1;-1;-1;-1;-1;-1;-1;-1;-1;3;2;0;0;0;0;0;0;0;0;0;0;0;0;0;0;0;0;0;0;0;0;0;0;0;0;0;0;0;0;0;0;0;0;0;0;0;0;0;0;0;0;0;0;0;0;0;0;0;0;0;0;0;0;0;0;0;0;0;0;0;0;0;0;0;0;0;0;0;0;5;1;1;1;2;3;2;2016-07-08 17:30:00;3815;0;50;13;38;0;-1;1;-1;-1;-1;-1;-1;-1;2;0;1;2;2;3;-1;0;0;0;0;0;0;0;0;0;0;0;0;0;1;1;0;0;-1;-1;0;0;-1;-1;-1;-1;-1;-1;-1;-1;-1;13;42;42;67;100;29;71;84;38;0;0;5.67;2.88;Leiknir Fáskrúdsfj.;Keflavík;1.27;1.09;1;0.75;0.75;1.38;88;59;59;34;0;0;0;0;0;0;0;743;22;Y;Y;Y;Y;Y;N;Y
214112;3816;3818;2016;complete;1295;9;-1;23;77;1;1;2;-1;-1;-1;-1;-1;2;1;0;0;-1;-1;-1;-1;-1;-1;-1;-1;-1;-1;2;1;0;0;0;0;0;0;0;0;0;0;0;0;0;0;0;0;0;0;0;0;0;0;0;0;0;0;0;0;0;0;0;0;0;0;0;0;0;0;0;0;0;0;0;0;0;0;0;0;0;0;0;0;0;0;0;0;0;0;0;0;0;0;0;0;0;0;0;0;2;1;0;0;1;1;1;2016-07-08 19:15:00;-1;0;67;17;17;0;-1;1;-1;-1;-1;-1;-1;-1;0;0;2;1;0;3;-1;0;0;0;0;0;0;0;0;0;0;0;0;0;1;1;0;0;-1;-1;0;0;-1;-1;-1;-1;-1;-1;-1;-1;-1;0;17;67;100;100;50;84;100;34;0;0;5.67;2.84;Fram;Selfoss;2.09;1.18;2.33;1.33;1.5;1.25;100;84;33;0;0;0;0;0;0;0;0;743;22;Y;Y;N;N;N;N;Y
214113;3825;3814;2016;complete;1295;9;-1;;84;0;1;1;-1;-1;-1;-1;-1;5;2;0;0;-1;-1;-1;-1;-1;-1;-1;-1;-1;-1;5;2;0;0;0;0;0;0;0;0;0;0;0;0;0;0;0;0;0;0;0;0;0;0;0;0;0;0;0;0;0;0;0;0;0;0;0;0;0;0;0;0;0;0;0;0;0;0;0;0;0;0;0;0;0;0;0;0;0;0;0;0;0;0;0;0;0;0;0;0;1;0;0;0;1;1;0;2016-07-09 14:00:00;3814;0;17;0;17;0;-1;1;-1;-1;-1;-1;-1;-1;2;1;3;1;3;4;-1;0;0;0;0;0;0;0;0;0;0;0;0;0;1;1;0;0;-1;-1;0;0;-1;-1;-1;-1;-1;-1;-1;-1;-1;0;17;34;50;100;0;67;67;34;0;0;4.33;2;Huginn;Leiknir Reykjavík;1;1;0;1;0.5;1.63;100;84;67;50;0;0;0;0;0;0;0;743;22;Y;N;N;N;N;N;N
214114;3806;3817;2016;complete;1295;9;-1;12,47,61,81,86;;5;0;5;-1;-1;-1;-1;-1;4;3;0;0;-1;-1;-1;-1;-1;-1;-1;-1;-1;-1;4;3;0;0;0;0;0;0;0;0;0;0;0;0;0;0;0;0;0;0;0;0;0;0;0;0;0;0;0;0;0;0;0;0;0;0;0;0;0;0;0;0;0;0;0;0;0;0;0;0;0;0;0;0;0;0;0;0;0;0;0;0;0;0;0;0;0;0;0;0;5;1;0;4;0;4;1;2016-07-09 16:00:00;3806;0;50;13;38;0;-1;1;-1;-1;-1;-1;-1;-1;3;2;1;1;5;2;-1;0;0;0;0;0;0;0;0;0;0;0;0;0;1;1;0;0;-1;-1;0;0;-1;-1;-1;-1;-1;-1;-1;-1;-1;38;50;63;88;100;13;88;88;75;0;0;4.17;3.38;Grindavík;Thór;2.27;1.18;2.5;2.25;1.75;2.38;63;50;38;13;0;0;0;0;0;0;0;743;22;Y;Y;Y;Y;Y;N;N
214115;3824;3816;2016;complete;1295;10;-1;59,69;86;2;1;3;-1;-1;-1;-1;-1;1;1;0;0;-1;-1;-1;-1;-1;-1;-1;-1;-1;-1;1;1;0;0;0;0;0;0;0;0;0;0;0;0;0;0;0;0;0;0;0;0;0;0;0;0;0;0;0;0;0;0;0;0;0;0;0;0;0;0;0;0;0;0;0;0;0;0;0;0;0;0;0;0;0;0;0;0;0;0;0;0;0;0;0;0;0;0;0;0;3;0;0;2;1;3;0;2016-07-12 17:30:00;3824;0;60;30;40;0;-1;1;-1;-1;-1;-1;-1;-1;0;0;1;1;0;2;-1;0;0;0;0;0;0;0;0;0;0;0;0;0;1;1;0;0;-1;-1;0;0;-1;-1;-1;-1;-1;-1;-1;-1;-1;20;50;70;80;90;30;80;80;60;0;0;5.2;3.4;Fjardabyggd;Fram;0.82;0.64;0.6;1;0.78;1.44;80;50;30;20;10;0;0;0;0;0;0;743;22;Y;Y;Y;N;N;N;Y
214116;3817;3815;2016;complete;1295;10;-1;76;7,29;1;2;3;-1;-1;-1;-1;-1;3;3;0;0;-1;-1;-1;-1;-1;-1;-1;-1;-1;-1;3;3;0;0;0;0;0;0;0;0;0;0;0;0;0;0;0;0;0;0;0;0;0;0;0;0;0;0;0;0;0;0;0;0;0;0;0;0;0;0;0;0;0;0;0;0;0;0;0;0;0;0;0;0;0;0;0;0;0;0;0;0;0;0;0;0;0;0;0;0;3;0;2;1;0;1;2;2016-07-12 18:00:00;3815;0;75;33;53;0;-1;1;-1;-1;-1;-1;-1;-1;2;1;1;2;3;3;-1;0;0;0;0;0;0;0;0;0;0;0;0;0;1;1;0;1;-1;-1;1;0;-1;-1;-1;-1;-1;-1;-1;-1;-1;33;43;55;75;88;33;65;88;65;0;0;5.55;3.25;Thór;Keflavík;1.82;1.09;2.5;1.2;2.11;1.56;68;58;45;25;13;0;0;0;0;0;0;743;22;Y;Y;Y;N;N;N;Y
214117;3806;3811;2016;complete;1295;10;-1;47,82;4,43;2;2;4;-1;-1;-1;-1;-1;2;0;0;0;-1;-1;-1;-1;-1;-1;-1;-1;-1;-1;2;0;0;0;0;0;0;0;0;0;0;0;0;0;0;0;0;0;0;0;0;0;0;0;0;0;0;0;0;0;0;0;0;0;0;0;0;0;0;0;0;0;0;0;0;0;0;0;0;0;0;0;0;0;0;0;0;0;0;0;0;0;0;0;0;0;0;0;0;0;4;0;2;2;0;2;2;2016-07-12 19:15:00;-1;0;33;10;23;0;-1;1;-1;-1;-1;-1;-1;-1;1;0;1;0;1;1;-1;0;0;0;0;0;0;0;0;0;0;0;0;0;1;1;0;1;-1;-1;0;0;-1;-1;-1;-1;-1;-1;-1;-1;-1;43;53;53;88;100;23;88;75;53;0;0;3.5;3.35;Grindavík;KA;2.27;2.09;2.6;2.25;1.89;2.44;58;48;48;13;0;0;0;0;0;0;0;743;22;Y;Y;Y;Y;N;N;Y
214118;3822;3825;2016;complete;1295;10;-1;42;90;1;1;2;-1;-1;-1;-1;-1;2;3;0;0;-1;-1;-1;-1;-1;-1;-1;-1;-1;-1;2;3;0;0;0;0;0;0;0;0;0;0;0;0;0;0;0;0;0;0;0;0;0;0;0;0;0;0;0;0;0;0;0;0;0;0;0;0;0;0;0;0;0;0;0;0;0;0;0;0;0;0;0;0;0;0;0;0;0;0;0;0;0;0;0;0;0;0;0;0;2;1;0;0;1;1;1;2016-07-12 19:15:00;-1;0;60;0;40;0;-1;1;-1;-1;-1;-1;-1;-1;0;0;2;3;0;5;-1;0;0;0;0;0;0;0;0;0;0;0;0;0;1;1;0;0;-1;-1;0;0;-1;-1;-1;-1;-1;-1;-1;-1;-1;0;0;70;90;90;20;60;90;60;0;0;4.4;2.5;HK;Huginn;1.18;0.91;1.4;0.8;1;0.44;100;100;30;10;10;0;0;0;0;0;0;743;22;Y;Y;N;N;N;N;Y
214119;3818;3821;2016;complete;1295;10;-1;90;;1;0;1;-1;-1;-1;-1;-1;1;3;0;0;-1;-1;-1;-1;-1;-1;-1;-1;-1;-1;1;3;0;0;0;0;0;0;0;0;0;0;0;0;0;0;0;0;0;0;0;0;0;0;0;0;0;0;0;0;0;0;0;0;0;0;0;0;0;0;0;0;0;0;0;0;0;0;0;0;0;0;0;0;0;0;0;0;0;0;0;0;0;0;0;0;0;0;0;0;1;0;0;1;0;1;0;2016-07-12 19:15:00;3818;0;50;30;30;0;-1;1;-1;-1;-1;-1;-1;-1;0;0;1;3;0;4;-1;0;0;0;0;0;0;0;0;0;0;0;0;0;1;1;0;0;-1;-1;0;0;-1;-1;-1;-1;-1;-1;-1;-1;-1;30;40;50;70;100;60;90;70;30;0;0;3.8;3;Selfoss;Haukar;1.36;0.73;1.2;0.2;1.22;1.22;70;60;50;30;0;0;0;0;0;0;0;743;22;Y;N;N;N;N;N;N
214120;3814;3823;2016;complete;1295;10;-1;16,84;44;2;1;3;-1;-1;-1;-1;-1;4;4;0;0;-1;-1;-1;-1;-1;-1;-1;-1;-1;-1;4;4;0;0;0;0;0;0;0;0;0;0;0;0;0;0;0;0;0;0;0;0;0;0;0;0;0;0;0;0;0;0;0;0;0;0;0;0;0;0;0;0;0;0;0;0;0;0;0;0;0;0;0;0;0;0;0;0;0;0;0;0;0;0;0;0;0;0;0;0;3;1;1;1;0;1;2;2016-07-12 20:00:00;3814;0;30;20;10;0;-1;1;-1;-1;-1;-1;-1;-1;2;1;2;3;3;5;-1;0;0;0;0;0;0;0;0;0;0;0;0;0;1;1;0;0;-1;-1;0;0;-1;-1;-1;-1;-1;-1;-1;-1;-1;30;40;40;70;90;30;60;90;40;0;0;5.4;2.7;Leiknir Reykjavík;Leiknir Fáskrúdsfj.;1.64;0.64;2;0.6;1.78;0.67;70;60;60;30;10;0;0;0;0;0;0;743;22;Y;Y;Y;N;N;N;Y
214121;3823;3822;2016;complete;1295;11;-1;;;0;0;0;-1;-1;-1;-1;-1;5;1;1;0;-1;-1;-1;-1;-1;-1;-1;-1;-1;-1;7;1;0;0;0;0;0;0;0;0;0;0;0;0;0;0;0;0;0;0;0;0;0;0;0;0;0;0;0;0;0;0;0;0;0;0;0;0;0;0;0;0;0;0;0;0;0;0;0;0;0;0;0;0;0;0;0;0;0;0;0;0;0;0;0;0;0;0;0;0;0;0;0;0;0;0;0;2016-07-16 14:00:00;-1;0;50;50;25;0;-1;1;-1;-1;-1;-1;-1;-1;0;0;6;1;0;7;-1;0;0;0;0;0;0;0;0;0;0;0;0;0;1;1;0;0;-1;-1;0;0;-1;-1;-1;-1;-1;-1;-1;-1;-1;38;50;50;75;100;63;88;75;25;0;0;4.5;3.5;Leiknir Fáskrúdsfj.;HK;1.27;0.82;0.75;0.5;0.6;1;63;50;50;25;0;0;0;0;0;0;0;743;22;N;N;N;N;N;N;N
214122;3821;3824;2016;complete;1295;11;-1;;15,52,56;0;3;3;-1;-1;-1;-1;-1;2;2;0;0;-1;-1;-1;-1;-1;-1;-1;-1;-1;-1;2;2;0;0;0;0;0;0;0;0;0;0;0;0;0;0;0;0;0;0;0;0;0;0;0;0;0;0;0;0;0;0;0;0;0;0;0;0;0;0;0;0;0;0;0;0;0;0;0;0;0;0;0;0;0;0;0;0;0;0;0;0;0;0;0;0;0;0;0;0;3;0;1;0;2;2;1;2016-07-16 14:00:00;3824;0;50;38;25;0;-1;1;-1;-1;-1;-1;-1;-1;1;1;1;1;2;2;-1;0;0;0;0;0;0;0;0;0;0;0;0;0;1;1;0;0;-1;-1;0;0;-1;-1;-1;-1;-1;-1;-1;-1;-1;25;25;50;75;88;50;63;75;25;0;0;5;2.88;Haukar;Fjardabyggd;2.09;0.73;2.5;1;1.1;1;75;75;50;25;13;0;0;0;0;0;0;743;22;Y;Y;Y;N;N;N;N
214123;3825;3818;2016;complete;1295;11;-1;18,60,90;2,15,85;3;3;6;-1;-1;-1;-1;-1;2;2;0;0;-1;-1;-1;-1;-1;-1;-1;-1;-1;-1;2;2;0;0;0;0;0;0;0;0;0;0;0;0;0;0;0;0;0;0;0;0;0;0;0;0;0;0;0;0;0;0;0;0;0;0;0;0;0;0;0;0;0;0;0;0;0;0;0;0;0;0;0;0;0;0;0;0;0;0;0;0;0;0;0;0;0;0;0;0;6;1;2;2;1;3;3;2016-07-16 14:00:00;-1;0;25;0;0;0;-1;1;-1;-1;-1;-1;-1;-1;1;0;1;2;1;3;-1;0;0;0;0;0;0;0;0;0;0;0;0;0;1;1;0;1;-1;-1;0;0;-1;-1;-1;-1;-1;-1;-1;-1;-1;0;0;25;63;100;25;75;88;0;0;0;6;1.88;Huginn;Selfoss;1;1.18;0;1.25;0.5;1.4;100;100;75;38;0;0;0;0;0;0;0;743;22;Y;Y;Y;Y;Y;Y;Y
214124;3816;3806;2016;complete;1295;11;-1;;43,50;0;2;2;-1;-1;-1;-1;-1;2;3;0;0;-1;-1;-1;-1;-1;-1;-1;-1;-1;-1;2;3;0;0;0;0;0;0;0;0;0;0;0;0;0;0;0;0;0;0;0;0;0;0;0;0;0;0;0;0;0;0;0;0;0;0;0;0;0;0;0;0;0;0;0;0;0;0;0;0;0;0;0;0;0;0;0;0;0;0;0;0;0;0;0;0;0;0;0;0;2;0;1;0;1;1;1;2016-07-16 14:00:00;3806;0;75;25;25;0;-1;1;-1;-1;-1;-1;-1;-1;2;1;0;2;3;2;-1;0;0;0;0;0;0;0;0;0;0;0;0;0;1;1;0;0;-1;-1;0;0;-1;-1;-1;-1;-1;-1;-1;-1;-1;0;25;50;88;100;25;63;100;38;0;0;4.5;2.63;Fram;Grindavík;2.09;1.55;2;1;1.3;1.8;100;75;50;13;0;0;0;0;0;0;0;743;22;Y;Y;N;N;N;N;N
214125;3815;3814;2016;complete;1295;11;-1;;;0;0;0;-1;-1;-1;-1;-1;1;1;0;1;-1;-1;-1;-1;-1;-1;-1;-1;-1;-1;1;2;0;0;0;0;0;0;0;0;0;0;0;0;0;0;0;0;0;0;0;0;0;0;0;0;0;0;0;0;0;0;0;0;0;0;0;0;0;0;0;0;0;0;0;0;0;0;0;0;0;0;0;0;0;0;0;0;0;0;0;0;0;0;0;0;0;0;0;0;0;0;0;0;0;0;0;2016-07-16 16:00:00;-1;0;25;13;25;0;-1;1;-1;-1;-1;-1;-1;-1;0;0;1;2;0;3;-1;0;0;0;0;0;0;0;0;0;0;0;0;0;1;1;0;0;-1;-1;0;0;-1;-1;-1;-1;-1;-1;-1;-1;-1;0;25;50;63;88;25;63;75;38;0;0;4.33;2.25;Keflavík;Leiknir Reykjavík;2.09;1;2;1.5;1.7;1.9;100;75;50;38;13;0;0;0;0;0;0;743;22;N;N;N;N;N;N;N
214126;3811;3817;2016;complete;1295;11;-1;51;;1;0;1;-1;-1;-1;-1;-1;3;2;0;0;-1;-1;-1;-1;-1;-1;-1;-1;-1;-1;3;2;0;0;0;0;0;0;0;0;0;0;0;0;0;0;0;0;0;0;0;0;0;0;0;0;0;0;0;0;0;0;0;0;0;0;0;0;0;0;0;0;0;0;0;0;0;0;0;0;0;0;0;0;0;0;0;0;0;0;0;0;0;0;0;0;0;0;0;0;1;0;0;1;0;1;0;2016-07-16 16:00:00;3811;0;40;0;30;0;-1;1;-1;-1;-1;-1;-1;-1;1;2;2;0;3;2;-1;0;0;0;0;0;0;0;0;0;0;0;0;0;1;1;0;0;-1;-1;1;0;-1;-1;-1;-1;-1;-1;-1;-1;-1;20;20;50;90;100;0;70;90;60;0;0;4.4;2.8;KA;Thór;2.55;1.18;2.6;1.8;2.3;1.9;80;80;50;10;0;0;0;0;0;0;0;743;22;Y;N;N;N;N;N;N
214127;3815;3822;2016;complete;1295;12;-1;15,67,88;2,18;3;2;5;-1;-1;-1;-1;-1;0;1;0;0;-1;-1;-1;-1;-1;-1;-1;-1;-1;-1;0;1;0;0;0;0;0;0;0;0;0;0;0;0;0;0;0;0;0;0;0;0;0;0;0;0;0;0;0;0;0;0;0;0;0;0;0;0;0;0;0;0;0;0;0;0;0;0;0;0;0;0;0;0;0;0;0;0;0;0;0;0;0;0;0;0;0;0;0;0;5;1;2;2;0;2;3;2016-07-21 19:15:00;3815;0;40;40;20;0;-1;1;-1;-1;-1;-1;-1;-1;0;0;0;1;0;1;-1;0;0;0;0;0;0;0;0;0;0;0;0;0;1;1;0;1;-1;-1;0;0;-1;-1;-1;-1;-1;-1;-1;-1;-1;20;30;40;70;70;50;70;60;20;0;0;4.2;2.6;Keflavík;HK;2.09;0.82;1.8;0.6;1.64;1;80;70;60;30;30;0;0;0;0;0;0;743;22;Y;Y;Y;Y;Y;N;Y
214128;3825;3824;2016;complete;1295;12;-1;85;;1;0;1;-1;-1;-1;-1;-1;2;3;0;0;-1;-1;-1;-1;-1;-1;-1;-1;-1;-1;2;3;0;0;0;0;0;0;0;0;0;0;0;0;0;0;0;0;0;0;0;0;0;0;0;0;0;0;0;0;0;0;0;0;0;0;0;0;0;0;0;0;0;0;0;0;0;0;0;0;0;0;0;0;0;0;0;0;0;0;0;0;0;0;0;0;0;0;0;0;1;0;0;1;0;1;0;2016-07-21 19:15:00;3825;0;20;20;10;0;-1;1;-1;-1;-1;-1;-1;-1;0;1;2;2;1;4;-1;0;0;0;0;0;0;0;0;0;0;0;0;0;1;1;0;0;-1;-1;0;0;-1;-1;-1;-1;-1;-1;-1;-1;-1;10;10;30;50;90;20;60;80;20;0;0;5.8;2;Huginn;Fjardabyggd;1;0.73;0.2;1.4;0.55;1.18;90;90;70;50;10;0;0;0;0;0;0;743;22;Y;N;N;N;N;N;N
214129;3821;3806;2016;complete;1295;12;-1;;3,17,46,64;0;4;4;-1;-1;-1;-1;-1;2;1;0;0;-1;-1;-1;-1;-1;-1;-1;-1;-1;-1;2;1;0;0;0;0;0;0;0;0;0;0;0;0;0;0;0;0;0;0;0;0;0;0;0;0;0;0;0;0;0;0;0;0;0;0;0;0;0;0;0;0;0;0;0;0;0;0;0;0;0;0;0;0;0;0;0;0;0;0;0;0;0;0;0;0;0;0;0;0;4;0;2;0;2;2;2;2016-07-21 19:15:00;3806;0;50;30;30;0;-1;1;-1;-1;-1;-1;-1;-1;1;0;1;1;1;2;-1;0;0;0;0;0;0;0;0;0;0;0;0;0;1;1;0;1;-1;-1;0;0;-1;-1;-1;-1;-1;-1;-1;-1;-1;20;30;60;90;100;40;70;90;40;0;0;4.4;3.2;Haukar;Grindavík;2.09;1.55;2;1.4;1;1.91;80;70;40;10;0;0;0;0;0;0;0;743;22;Y;Y;Y;Y;N;N;N
214130;3817;3814;2016;complete;1295;12;-1;71;38,74;1;2;3;-1;-1;-1;-1;-1;3;2;0;0;-1;-1;-1;-1;-1;-1;-1;-1;-1;-1;3;2;0;0;0;0;0;0;0;0;0;0;0;0;0;0;0;0;0;0;0;0;0;0;0;0;0;0;0;0;0;0;0;0;0;0;0;0;0;0;0;0;0;0;0;0;0;0;0;0;0;0;0;0;0;0;0;0;0;0;0;0;0;0;0;0;0;0;0;0;3;0;1;1;1;2;1;2016-07-22 18:00:00;3814;0;40;10;20;0;-1;1;-1;-1;-1;-1;-1;-1;0;0;3;2;0;5;-1;0;0;0;0;0;0;0;0;0;0;0;0;0;1;1;0;0;-1;-1;0;0;-1;-1;-1;-1;-1;-1;-1;-1;-1;10;20;50;50;80;20;50;70;40;0;0;4.3;2.2;Thór;Leiknir Reykjavík;1.82;1;2;1.4;1.73;1.82;90;80;50;50;20;0;0;0;0;0;0;743;22;Y;Y;Y;N;N;N;Y
214131;3816;3811;2016;complete;1295;12;-1;60;24,45,83;1;3;4;-1;-1;-1;-1;-1;5;3;0;0;-1;-1;-1;-1;-1;-1;-1;-1;-1;-1;5;3;0;0;0;0;0;0;0;0;0;0;0;0;0;0;0;0;0;0;0;0;0;0;0;0;0;0;0;0;0;0;0;0;0;0;0;0;0;0;0;0;0;0;0;0;0;0;0;0;0;0;0;0;0;0;0;0;0;0;0;0;0;0;0;0;0;0;0;0;4;0;2;1;1;2;2;2016-07-22 19:15:00;3811;0;60;10;20;0;-1;1;-1;-1;-1;-1;-1;-1;0;1;5;2;1;7;-1;0;0;0;0;0;0;0;1;1;1;1;0;0;1;1;0;0;-1;-1;0;0;-1;-1;-1;-1;-1;-1;-1;-1;-1;10;30;40;90;100;30;80;80;40;0;0;3.6;2.7;Fram;KA;2.09;2.09;1.6;2;1.18;2.36;90;70;60;10;0;0;0;0;0;0;0;743;22;Y;Y;Y;Y;N;N;Y
214132;3823;3818;2016;complete;1295;12;-1;30;2;1;1;2;-1;-1;-1;-1;-1;3;2;0;0;-1;-1;-1;-1;-1;-1;-1;-1;-1;-1;3;2;0;0;0;0;0;0;0;0;0;0;0;0;0;0;0;0;0;0;0;0;0;0;0;0;0;0;0;0;0;0;0;0;0;0;0;0;0;0;0;0;0;0;0;0;0;0;0;0;0;0;0;0;0;0;0;0;0;0;0;0;0;0;0;0;0;0;0;0;2;1;1;0;0;0;2;2016-07-23 13:00:00;-1;0;40;20;20;0;-1;1;-1;-1;-1;-1;-1;-1;2;1;1;1;3;2;-1;0;0;0;0;0;0;0;0;0;0;0;0;0;1;1;0;1;-1;-1;0;0;-1;-1;-1;-1;-1;-1;-1;-1;-1;20;30;50;70;90;50;80;80;20;0;0;5.8;2.7;Leiknir Fáskrúdsfj.;Selfoss;1.27;1.18;0.8;1.2;0.64;1.36;80;70;50;30;10;0;0;0;0;0;0;743;22;Y;Y;N;N;N;N;Y
214133;3816;3817;2016;complete;1295;13;-1;1,17;90;2;1;3;-1;-1;-1;-1;-1;2;2;1;1;-1;-1;-1;-1;-1;-1;-1;-1;-1;-1;4;4;0;0;0;0;0;0;0;0;0;0;0;0;0;0;0;0;0;0;0;0;0;0;0;0;0;0;0;0;0;0;0;0;0;0;0;0;0;0;0;0;0;0;0;0;0;0;0;0;0;0;0;0;0;0;0;0;0;0;0;0;0;0;0;0;0;0;0;0;3;2;0;0;1;1;2;2016-07-27 18:15:00;3816;0;58;9;33;0;-1;1;-1;-1;-1;-1;-1;-1;1;0;2;3;1;5;-1;0;0;0;0;0;0;0;0;0;0;0;0;0;1;1;1;0;-1;-1;0;0;-1;-1;-1;-1;-1;-1;-1;-1;-1;17;33;50;84;100;17;75;92;59;0;0;5.5;2.83;Fram;Thór;2.09;1.18;1.33;1.5;1.08;1.58;84;67;50;17;0;0;0;0;0;0;0;743;22;Y;Y;Y;N;N;N;Y
214134;3811;3821;2016;complete;1295;13;-1;;61;0;1;1;-1;-1;-1;-1;-1;1;2;0;1;-1;-1;-1;-1;-1;-1;-1;-1;-1;-1;1;4;0;0;0;0;0;0;0;0;0;0;0;0;0;0;0;0;0;0;0;0;0;0;0;0;0;0;0;0;0;0;0;0;0;0;0;0;0;0;0;0;0;0;0;0;0;0;0;0;0;0;0;0;0;0;0;0;0;0;0;0;0;0;0;0;0;0;0;0;1;0;0;0;1;1;0;2016-07-27 19:15:00;3821;0;42;17;25;0;-1;1;-1;-1;-1;-1;-1;-1;0;2;1;1;2;2;-1;0;0;0;0;0;0;0;0;0;0;0;0;0;1;1;0;0;-1;-1;0;0;-1;-1;-1;-1;-1;-1;-1;-1;-1;17;25;42;75;100;25;59;100;33;0;0;3.83;2.67;KA;Haukar;2.55;0.73;2.67;0.17;2.42;0.92;84;75;59;25;0;0;0;0;0;0;0;743;22;Y;N;N;N;N;N;N
214135;3824;3823;2016;complete;1295;13;-1;30,41;59,88;2;2;4;-1;-1;-1;-1;-1;1;1;0;0;-1;-1;-1;-1;-1;-1;-1;-1;-1;-1;1;1;0;0;0;0;0;0;0;0;0;0;0;0;0;0;0;0;0;0;0;0;0;0;0;0;0;0;0;0;0;0;0;0;0;0;0;0;0;0;0;0;0;0;0;0;0;0;0;0;0;0;0;0;0;0;0;0;0;0;0;0;0;0;0;0;0;0;0;0;4;2;0;0;2;2;2;2016-07-27 19:15:00;-1;0;75;33;42;0;-1;1;-1;-1;-1;-1;-1;-1;0;0;1;1;0;2;-1;0;0;0;0;0;0;0;0;0;0;0;0;0;1;1;0;0;-1;-1;0;0;-1;-1;-1;-1;-1;-1;-1;-1;-1;33;59;84;92;100;42;83;100;67;0;0;5.5;3.92;Fjardabyggd;Leiknir Fáskrúdsfj.;0.82;0.64;1;0.5;1.08;0.67;67;42;17;9;0;0;0;0;0;0;0;743;22;Y;Y;Y;Y;N;N;Y
214136;3822;3814;2016;complete;1295;13;-1;22,59;70;2;1;3;-1;-1;-1;-1;-1;2;1;0;1;-1;-1;-1;-1;-1;-1;-1;-1;-1;-1;2;2;0;0;0;0;0;0;0;0;0;0;0;0;0;0;0;0;0;0;0;0;0;0;0;0;0;0;0;0;0;0;0;0;0;0;0;0;0;0;0;0;0;0;0;0;0;0;0;0;0;0;0;0;0;0;0;0;0;0;0;0;0;0;0;0;0;0;0;0;3;1;0;1;1;2;1;2016-07-27 19:15:00;3822;0;50;0;42;0;-1;1;-1;-1;-1;-1;-1;-1;2;0;0;2;2;2;-1;0;0;0;0;0;0;0;0;0;0;0;0;0;1;1;0;0;-1;-1;0;0;-1;-1;-1;-1;-1;-1;-1;-1;-1;0;9;50;75;92;9;59;84;50;0;0;3.27;2.25;HK;Leiknir Reykjavík;1.18;1;1.33;1.67;0.92;1.92;100;92;50;25;9;0;0;0;0;0;0;743;22;Y;Y;Y;N;N;N;Y
214137;3806;3825;2016;complete;1295;13;-1;16,90;24,32;2;2;4;-1;-1;-1;-1;-1;-1;-1;-1;-1;-1;-1;-1;-1;-1;-1;-1;-1;-1;-1;-1;-1;0;0;0;0;0;0;0;0;0;0;0;0;0;0;0;0;0;0;0;0;0;0;0;0;0;0;0;0;0;0;0;0;0;0;0;0;0;0;0;0;0;0;0;0;0;0;0;0;0;0;0;0;0;0;0;0;0;0;0;0;0;0;0;0;0;0;0;0;4;1;2;1;0;1;3;2016-07-27 20:30:00;-1;0;59;9;17;0;-1;-1;-1;-1;-1;-1;-1;-1;-1;-1;-1;-1;-1;-1;-1;0;0;0;0;0;0;0;0;0;0;0;0;0;1;1;0;0;-1;-1;-1;-1;-1;-1;-1;-1;-1;-1;-1;-1;-1;25;42;75;92;92;25;84;92;67;0;0;5.03;3.25;Grindavík;Huginn;2.27;0.91;2.33;0.83;2;0.75;75;59;25;9;9;0;0;0;0;0;0;743;22;Y;Y;Y;Y;N;N;Y
214138;3818;3815;2016;complete;1295;13;-1;;;0;0;0;-1;-1;-1;-1;-1;2;2;0;0;-1;-1;-1;-1;-1;-1;-1;-1;-1;-1;2;2;0;0;0;0;0;0;0;0;0;0;0;0;0;0;0;0;0;0;0;0;0;0;0;0;0;0;0;0;0;0;0;0;0;0;0;0;0;0;0;0;0;0;0;0;0;0;0;0;0;0;0;0;0;0;0;0;0;0;0;0;0;0;0;0;0;0;0;0;0;0;0;0;0;0;0;2016-08-01 19:15:00;-1;0;67;25;42;0;-1;1;-1;-1;-1;-1;-1;-1;1;0;1;2;1;3;-1;0;0;0;0;0;0;0;0;0;0;0;0;0;1;1;0;0;-1;-1;0;0;-1;-1;-1;-1;-1;-1;-1;-1;-1;25;34;50;75;100;50;83;75;42;0;0;4.83;3;Selfoss;Keflavík;1.36;1.09;1.5;1.5;1.33;1.75;75;67;50;25;0;0;0;0;0;0;0;743;22;N;N;N;N;N;N;N
214139;3821;3816;2016;complete;1295;14;-1;7,67,69;63;3;1;4;-1;-1;-1;-1;-1;1;1;0;0;-1;-1;-1;-1;-1;-1;-1;-1;-1;-1;1;1;0;0;0;0;0;0;0;0;0;0;0;0;0;0;0;0;0;0;0;0;0;0;0;0;0;0;0;0;0;0;0;0;0;0;0;0;0;0;0;0;0;0;0;0;0;0;0;0;0;0;0;0;0;0;0;0;0;0;0;0;0;0;0;0;0;0;0;0;4;1;0;2;1;3;1;2016-08-04 19:15:00;3821;0;42;25;33;0;-1;1;-1;-1;-1;-1;-1;-1;0;0;1;1;0;2;-1;0;0;0;0;0;0;0;0;0;0;0;0;0;1;1;1;0;-1;-1;0;0;-1;-1;-1;-1;-1;-1;-1;-1;-1;17;34;67;84;92;42;67;75;59;0;0;4.66;3.09;Haukar;Fram;2.09;0.64;1.67;0.83;1.08;1.23;84;67;34;17;9;0;0;0;0;0;0;743;22;Y;Y;Y;Y;N;N;Y
214140;3814;3818;2016;complete;1295;14;-1;;6,39,66;0;3;3;-1;-1;-1;-1;-1;1;1;1;0;-1;-1;-1;-1;-1;-1;-1;-1;-1;-1;3;1;0;0;0;0;0;0;0;0;0;0;0;0;0;0;0;0;0;0;0;0;0;0;0;0;0;0;0;0;0;0;0;0;0;0;0;0;0;0;0;0;0;0;0;0;0;0;0;0;0;0;0;0;0;0;0;0;0;0;0;0;0;0;0;0;0;0;0;0;3;0;2;0;1;1;2;2016-08-04 19:15:00;3818;0;50;33;9;0;-1;1;-1;-1;-1;-1;-1;-1;1;0;1;1;1;2;-1;0;0;0;0;0;0;0;0;0;0;0;0;0;1;1;0;1;-1;-1;0;0;-1;-1;-1;-1;-1;-1;-1;-1;-1;17;17;42;84;92;50;75;83;17;0;0;4.84;2.59;Leiknir Reykjavík;Selfoss;1.64;1.18;2.17;1.17;1.77;1.31;83;83;59;17;9;0;0;0;0;0;0;743;22;Y;Y;Y;N;N;N;N
214141;3825;3811;2016;complete;1295;14;-1;90;;1;0;1;-1;-1;-1;-1;-1;2;1;0;0;-1;-1;-1;-1;-1;-1;-1;-1;-1;-1;2;1;0;0;0;0;0;0;0;0;0;0;0;0;0;0;0;0;0;0;0;0;0;0;0;0;0;0;0;0;0;0;0;0;0;0;0;0;0;0;0;0;0;0;0;0;0;0;0;0;0;0;0;0;0;0;0;0;0;0;0;0;0;0;0;0;0;0;0;0;1;0;0;1;0;1;0;2016-08-05 19:15:00;3825;0;34;9;25;0;-1;1;-1;-1;-1;-1;-1;-1;0;1;2;0;1;2;-1;0;0;0;0;0;0;0;0;0;0;0;0;0;1;1;0;0;-1;-1;0;0;-1;-1;-1;-1;-1;-1;-1;-1;-1;17;34;34;58;100;34;67;75;34;0;0;4.5;2.5;Huginn;KA;1;2.09;0.67;2.17;0.77;2.23;83;67;67;42;0;0;0;0;0;0;0;743;22;Y;N;N;N;N;N;N
214142;3823;3806;2016;complete;1295;14;-1;79;23,30,69,90;1;4;5;-1;-1;-1;-1;-1;0;1;0;0;-1;-1;-1;-1;-1;-1;-1;-1;-1;-1;0;1;0;0;0;0;0;0;0;0;0;0;0;0;0;0;0;0;0;0;0;0;0;0;0;0;0;0;0;0;0;0;0;0;0;0;0;0;0;0;0;0;0;0;0;0;0;0;0;0;0;0;0;0;0;0;0;0;0;0;0;0;0;0;0;0;0;0;0;0;5;0;2;1;2;3;2;2016-08-06 14:00:00;3806;0;33;25;17;0;-1;1;-1;-1;-1;-1;-1;-1;0;0;0;1;0;1;-1;0;0;0;0;0;0;0;0;0;0;0;0;0;1;1;0;0;-1;-1;0;0;-1;-1;-1;-1;-1;-1;-1;-1;-1;9;33;42;67;92;42;67;75;25;0;0;5.33;2.42;Leiknir Fáskrúdsfj.;Grindavík;1.27;1.55;0.83;1.67;0.69;1.92;92;67;59;34;9;0;0;0;0;0;0;743;22;Y;Y;Y;Y;Y;N;Y
214143;3815;3824;2016;complete;1295;14;-1;36,61;90;2;1;3;-1;-1;-1;-1;-1;2;1;0;0;-1;-1;-1;-1;-1;-1;-1;-1;-1;-1;2;1;0;0;0;0;0;0;0;0;0;0;0;0;0;0;0;0;0;0;0;0;0;0;0;0;0;0;0;0;0;0;0;0;0;0;0;0;0;0;0;0;0;0;0;0;0;0;0;0;0;0;0;0;0;0;0;0;0;0;0;0;0;0;0;0;0;0;0;0;3;1;0;1;1;2;1;2016-08-06 14:00:00;3815;0;25;25;9;0;-1;1;-1;-1;-1;-1;-1;-1;1;1;1;0;2;1;-1;0;0;0;0;0;0;0;0;0;0;0;0;0;1;1;0;0;-1;-1;0;0;-1;-1;-1;-1;-1;-1;-1;-1;-1;9;17;42;59;75;34;59;75;25;0;0;4.67;2;Keflavík;Fjardabyggd;2.09;0.73;2;1.17;1.69;1.08;92;84;59;42;25;0;0;0;0;0;0;743;22;Y;Y;Y;N;N;N;Y
214144;3817;3822;2016;complete;1295;14;-1;17,53;83;2;1;3;-1;-1;-1;-1;-1;2;3;0;0;-1;-1;-1;-1;-1;-1;-1;-1;-1;-1;2;3;0;0;0;0;0;0;0;0;0;0;0;0;0;0;0;0;0;0;0;0;0;0;0;0;0;0;0;0;0;0;0;0;0;0;0;0;0;0;0;0;0;0;0;0;0;0;0;0;0;0;0;0;0;0;0;0;0;0;0;0;0;0;0;0;0;0;0;0;3;1;0;1;1;2;1;2016-08-06 17:00:00;3817;0;67;42;25;0;-1;1;-1;-1;-1;-1;-1;-1;0;1;2;2;1;4;-1;0;0;0;0;0;0;0;0;1;0;1;0;0;1;1;0;0;-1;-1;0;0;-1;-1;-1;-1;-1;-1;-1;-1;-1;34;34;59;75;83;50;75;75;42;0;0;4.33;3.17;Thór;HK;1.82;0.82;1.67;0.5;1.46;1.08;67;67;42;25;17;0;0;0;0;0;0;743;22;Y;Y;Y;N;N;N;Y
214145;3816;3825;2016;complete;1295;15;-1;77,90;;2;0;2;-1;-1;-1;-1;-1;1;2;0;0;-1;-1;-1;-1;-1;-1;-1;-1;-1;-1;1;2;0;0;0;0;0;0;0;0;0;0;0;0;0;0;0;0;0;0;0;0;0;0;0;0;0;0;0;0;0;0;0;0;0;0;0;0;0;0;0;0;0;0;0;0;0;0;0;0;0;0;0;0;0;0;0;0;0;0;0;0;0;0;0;0;0;0;0;0;2;0;0;2;0;2;0;2016-08-10 20:00:00;3816;0;79;14;22;0;-1;1;-1;-1;-1;-1;-1;-1;0;0;1;2;0;3;-1;0;0;0;0;0;0;0;0;0;0;0;0;0;1;1;0;0;-1;-1;0;0;-1;-1;-1;-1;-1;-1;-1;-1;-1;0;22;64;93;93;36;79;93;43;0;0;5.97;2.72;Fram;Huginn;2.09;0.91;1.57;0.86;1.14;0.93;100;79;36;7;7;0;0;0;0;0;0;743;22;Y;Y;N;N;N;N;N
214146;3824;3814;2016;complete;1295;15;-1;59;44;1;1;2;-1;-1;-1;-1;-1;2;2;2;0;-1;-1;-1;-1;-1;-1;-1;-1;-1;-1;5;2;0;0;0;0;0;0;0;0;0;0;0;0;0;0;0;0;0;0;0;0;0;0;0;0;0;0;0;0;0;0;0;0;0;0;0;0;0;0;0;0;0;0;0;0;0;0;0;0;0;0;0;0;0;0;0;0;0;0;0;0;0;0;0;0;0;0;0;0;2;0;1;1;0;1;1;2016-08-11 18:00:00;-1;0;72;15;50;0;-1;1;-1;-1;-1;-1;-1;-1;0;0;4;2;0;6;-1;0;0;0;0;0;0;0;0;0;0;0;0;0;1;1;0;0;-1;-1;0;0;-1;-1;-1;-1;-1;-1;-1;-1;-1;15;43;79;79;93;22;72;86;72;0;0;3.81;3.29;Fjardabyggd;Leiknir Reykjavík;0.82;1;1;1.43;1;1.64;86;58;22;22;7;0;0;0;0;0;0;743;22;Y;Y;N;N;N;N;Y
214147;3821;3817;2016;complete;1295;15;-1;8,14,22;27,77;3;2;5;-1;-1;-1;-1;-1;4;4;0;0;-1;-1;-1;-1;-1;-1;-1;-1;-1;-1;4;4;0;0;0;0;0;0;0;0;0;0;0;0;0;0;0;0;0;0;0;0;0;0;0;0;0;0;0;0;0;0;0;0;0;0;0;0;0;0;0;0;0;0;0;0;0;0;0;0;0;0;0;0;0;0;0;0;0;0;0;0;0;0;0;0;0;0;0;0;5;3;1;0;1;1;4;2016-08-11 18:15:00;3821;0;50;15;36;0;-1;1;-1;-1;-1;-1;-1;-1;1;2;3;2;3;5;-1;0;0;0;0;0;0;0;1;0;1;0;0;0;1;1;1;0;-1;-1;0;0;-1;-1;-1;-1;-1;-1;-1;-1;-1;29;43;72;86;100;36;79;86;64;0;0;4.85;3.43;Haukar;Thór;2.09;1.18;1.86;1.29;1.21;1.57;71;57;29;15;0;0;0;0;0;0;0;743;22;Y;Y;Y;Y;Y;N;Y
214148;3811;3823;2016;complete;1295;15;-1;45,59,71,90;;4;0;4;-1;-1;-1;-1;-1;2;2;0;1;-1;-1;-1;-1;-1;-1;-1;-1;-1;-1;2;4;0;0;0;0;0;0;0;0;0;0;0;0;0;0;0;0;0;0;0;0;0;0;0;0;0;0;0;0;0;0;0;0;0;0;0;0;0;0;0;0;0;0;0;0;0;0;0;0;0;0;0;0;0;0;0;0;0;0;0;0;0;0;0;0;0;0;0;0;4;1;0;3;0;3;1;2016-08-11 19:15:00;3811;0;43;15;14;0;-1;1;-1;-1;-1;-1;-1;-1;1;1;1;2;2;3;-1;0;0;0;0;0;0;0;0;0;0;0;0;0;1;1;0;0;-1;-1;0;0;-1;-1;-1;-1;-1;-1;-1;-1;-1;15;29;50;79;100;29;65;100;43;0;0;4.72;2.72;KA;Leiknir Fáskrúdsfj.;2.55;0.64;2.29;0.57;2.07;0.64;86;72;50;22;0;0;0;0;0;0;0;743;22;Y;Y;Y;Y;N;N;N
214149;3818;3822;2016;complete;1295;15;-1;13,23,71;5,18,33,69;3;4;7;-1;-1;-1;-1;-1;2;3;0;0;-1;-1;-1;-1;-1;-1;-1;-1;-1;-1;2;3;0;0;0;0;0;0;0;0;0;0;0;0;0;0;0;0;0;0;0;0;0;0;0;0;0;0;0;0;0;0;0;0;0;0;0;0;0;0;0;0;0;0;0;0;0;0;0;0;0;0;0;0;0;0;0;0;0;0;0;0;0;0;0;0;0;0;0;0;7;2;3;1;1;2;5;2016-08-11 19:15:00;3822;0;50;36;22;0;-1;1;-1;-1;-1;-1;-1;-1;0;0;2;3;0;5;-1;0;0;0;0;0;0;0;0;1;0;1;0;0;1;1;0;1;-1;-1;0;0;-1;-1;-1;-1;-1;-1;-1;-1;-1;29;29;43;65;86;50;79;57;29;0;0;3.71;2.72;Selfoss;HK;1.36;0.82;1.43;0.43;1.43;1;72;72;57;36;14;0;0;0;0;0;0;743;22;Y;Y;Y;Y;Y;Y;Y
214150;3806;3815;2016;complete;1295;15;-1;71;;1;0;1;-1;-1;-1;-1;-1;3;5;0;0;-1;-1;-1;-1;-1;-1;-1;-1;-1;-1;3;5;0;0;0;0;0;0;0;0;0;0;0;0;0;0;0;0;0;0;0;0;0;0;0;0;0;0;0;0;0;0;0;0;0;0;0;0;0;0;0;0;0;0;0;0;0;0;0;0;0;0;0;0;0;0;0;0;0;0;0;0;0;0;0;0;0;0;0;0;1;0;0;1;0;1;0;2016-08-11 19:15:00;3806;0;72;29;36;0;-1;1;-1;-1;-1;-1;-1;-1;0;0;3;5;0;8;-1;0;0;0;0;0;0;0;0;0;0;0;0;0;1;1;0;0;-1;-1;0;0;-1;-1;-1;-1;-1;-1;-1;-1;-1;36;65;72;93;93;43;86;93;64;0;0;4.91;3.72;Grindavík;Keflavík;2.27;1.09;2.14;1.43;2;1.79;64;36;29;7;7;0;0;0;0;0;0;743;22;Y;N;N;N;N;N;N
214151;3823;3816;2016;complete;1295;16;-1;56,85,90;34,82;3;2;5;-1;-1;-1;-1;-1;2;3;0;1;-1;-1;-1;-1;-1;-1;-1;-1;-1;-1;2;4;0;0;0;0;0;0;0;0;0;0;0;0;0;0;0;0;0;0;0;0;0;0;0;0;0;0;0;0;0;0;0;0;0;0;0;0;0;0;0;0;0;0;0;0;0;0;0;0;0;0;0;0;0;0;0;0;0;0;0;0;0;0;0;0;0;0;0;0;5;0;1;3;1;4;1;2016-08-15 17:15:00;3823;0;43;22;36;0;-1;1;-1;-1;-1;-1;-1;-1;1;2;1;2;3;3;-1;0;0;0;0;0;0;0;0;1;0;1;0;0;1;1;0;0;-1;-1;0;0;-1;-1;-1;-1;-1;-1;-1;-1;-1;15;36;50;64;86;36;64;64;43;0;0;5.14;2.5;Leiknir Fáskrúdsfj.;Fram;1.27;0.64;0.71;0.71;0.6;1.27;86;64;50;36;14;0;0;0;0;0;0;743;22;Y;Y;Y;Y;Y;N;Y
214152;3825;3821;2016;complete;1295;16;-1;36;;1;0;1;-1;-1;-1;-1;-1;0;1;0;0;-1;-1;-1;-1;-1;-1;-1;-1;-1;-1;0;1;0;0;0;0;0;0;0;0;0;0;0;0;0;0;0;0;0;0;0;0;0;0;0;0;0;0;0;0;0;0;0;0;0;0;0;0;0;0;0;0;0;0;0;0;0;0;0;0;0;0;0;0;0;0;0;0;0;0;0;0;0;0;0;0;0;0;0;0;1;1;0;0;0;0;1;2016-08-16 17:15:00;3825;0;29;22;22;0;-1;1;-1;-1;-1;-1;-1;-1;0;0;0;1;0;1;-1;0;0;0;0;0;0;0;0;0;0;0;0;0;1;1;0;0;-1;-1;0;0;-1;-1;-1;-1;-1;-1;-1;-1;-1;22;29;29;43;100;29;50;93;22;0;0;5.14;2.36;Huginn;Haukar;1;0.73;1;0.57;0.87;1.33;79;72;72;57;0;0;0;0;0;0;0;743;22;Y;N;N;N;N;N;N
214153;3817;3818;2016;complete;1295;16;-1;30;90;1;1;2;-1;-1;-1;-1;-1;-1;-1;-1;-1;-1;-1;-1;-1;-1;-1;-1;-1;-1;-1;-1;-1;0;0;0;0;0;0;0;0;0;0;0;0;0;0;0;0;0;0;0;0;0;0;0;0;0;0;0;0;0;0;0;0;0;0;0;0;0;0;0;0;0;0;0;0;0;0;0;0;0;0;0;0;0;0;0;0;0;0;0;0;0;0;0;0;0;0;0;0;2;1;0;0;1;1;1;2016-08-16 18:00:00;-1;0;64;22;29;0;-1;-1;-1;-1;-1;-1;-1;-1;-1;-1;-1;-1;-1;-1;-1;0;0;0;0;0;0;0;0;0;0;0;0;0;1;1;0;0;-1;-1;-1;-1;-1;-1;-1;-1;-1;-1;-1;-1;-1;14;14;64;86;93;50;86;86;36;0;0;4.71;2.86;Thór;Selfoss;1.82;1.18;1.86;1.43;1.47;1.33;86;86;36;15;7;0;0;0;0;0;0;743;22;Y;Y;N;N;N;N;Y
214154;3815;3811;2016;complete;1295;16;-1;;;0;0;0;-1;-1;-1;-1;-1;1;5;0;0;-1;-1;-1;-1;-1;-1;-1;-1;-1;-1;1;5;0;0;0;0;0;0;0;0;0;0;0;0;0;0;0;0;0;0;0;0;0;0;0;0;0;0;0;0;0;0;0;0;0;0;0;0;0;0;0;0;0;0;0;0;0;0;0;0;0;0;0;0;0;0;0;0;0;0;0;0;0;0;0;0;0;0;0;0;0;0;0;0;0;0;0;2016-08-16 18:30:00;-1;0;43;15;29;0;-1;1;-1;-1;-1;-1;-1;-1;0;1;1;4;1;5;-1;0;0;0;0;0;0;0;0;0;0;0;0;0;1;1;0;0;-1;-1;0;1;-1;-1;-1;-1;-1;-1;-1;-1;-1;14;36;50;71;86;43;71;71;43;0;0;3.43;2.57;Keflavík;KA;2.09;2.09;2.14;1.86;1.67;2.13;86;64;50;29;15;0;0;0;0;0;0;743;22;N;N;N;N;N;N;N
214155;3814;3806;2016;complete;1295;16;-1;;46,51,76;0;3;3;-1;-1;-1;-1;-1;3;2;0;0;-1;-1;-1;-1;-1;-1;-1;-1;-1;-1;3;2;0;0;0;0;0;0;0;0;0;0;0;0;0;0;0;0;0;0;0;0;0;0;0;0;0;0;0;0;0;0;0;0;0;0;0;0;0;0;0;0;0;0;0;0;0;0;0;0;0;0;0;0;0;0;0;0;0;0;0;0;0;0;0;0;0;0;0;0;3;0;0;0;3;3;0;2016-08-16 18:30:00;3806;0;36;22;15;0;-1;1;-1;-1;-1;-1;-1;-1;1;0;2;2;1;4;-1;0;0;0;0;0;0;0;0;0;0;0;0;0;1;1;0;0;-1;-1;0;0;-1;-1;-1;-1;-1;-1;-1;-1;-1;14;29;50;79;93;43;64;93;29;0;0;4.42;2.65;Leiknir Reykjavík;Grindavík;1.64;1.55;1.86;1.86;1.6;2.07;86;72;50;22;7;0;0;0;0;0;0;743;22;Y;Y;Y;N;N;N;N
214156;3822;3824;2016;complete;1295;16;-1;;;0;0;0;-1;-1;-1;-1;-1;3;1;0;0;-1;-1;-1;-1;-1;-1;-1;-1;-1;-1;3;1;0;0;0;0;0;0;0;0;0;0;0;0;0;0;0;0;0;0;0;0;0;0;0;0;0;0;0;0;0;0;0;0;0;0;0;0;0;0;0;0;0;0;0;0;0;0;0;0;0;0;0;0;0;0;0;0;0;0;0;0;0;0;0;0;0;0;0;0;0;0;0;0;0;0;0;2016-08-16 19:15:00;-1;0;50;7;36;0;-1;1;-1;-1;-1;-1;-1;-1;0;0;3;1;0;4;-1;0;0;0;0;0;0;0;0;0;0;0;0;0;1;1;0;0;-1;-1;0;0;-1;-1;-1;-1;-1;-1;-1;-1;-1;0;0;50;79;93;14;64;93;43;0;0;4;2.22;HK;Fjardabyggd;1.18;0.73;1.57;1;1.13;1;100;100;50;22;7;0;0;0;0;0;0;743;22;N;N;N;N;N;N;N
214157;3824;3818;2016;complete;1295;17;-1;;;0;0;0;-1;-1;-1;-1;-1;2;0;0;0;-1;-1;-1;-1;-1;-1;-1;-1;-1;-1;2;0;0;0;0;0;0;0;0;0;0;0;0;0;0;0;0;0;0;0;0;0;0;0;0;0;0;0;0;0;0;0;0;0;0;0;0;0;0;0;0;0;0;0;0;0;0;0;0;0;0;0;0;0;0;0;0;0;0;0;0;0;0;0;0;0;0;0;0;0;0;0;0;0;0;0;0;2016-08-19 18:00:00;-1;0;82;25;32;0;-1;1;-1;-1;-1;-1;-1;-1;0;0;2;0;0;2;-1;0;0;0;0;0;0;0;0;0;0;0;0;0;1;1;0;0;-1;-1;0;0;-1;-1;-1;-1;-1;-1;-1;-1;-1;19;38;69;100;100;51;94;94;44;0;0;4.5;3.51;Fjardabyggd;Selfoss;0.82;1.18;1;1.38;1;1.31;82;63;32;0;0;0;0;0;0;0;0;743;22;N;N;N;N;N;N;N
214158;3806;3822;2016;complete;1295;17;-1;39,80,90,90;;4;0;4;-1;-1;-1;-1;-1;2;1;0;0;-1;-1;-1;-1;-1;-1;-1;-1;-1;-1;2;1;0;0;0;0;0;0;0;0;0;0;0;0;0;0;0;0;0;0;0;0;0;0;0;0;0;0;0;0;0;0;0;0;0;0;0;0;0;0;0;0;0;0;0;0;0;0;0;0;0;0;0;0;0;0;0;0;0;0;0;0;0;0;0;0;0;0;0;0;4;1;0;3;0;3;1;2016-08-20 14:00:00;3806;0;63;44;26;0;-1;1;-1;-1;-1;-1;-1;-1;1;0;1;1;1;2;-1;0;0;0;0;0;0;0;0;0;0;0;0;0;1;1;0;0;-1;-1;0;0;-1;-1;-1;-1;-1;-1;-1;-1;-1;44;63;69;88;94;51;88;88;57;0;0;4.21;3.88;Grindavík;HK;2.27;0.82;2.25;0.75;2.13;1.13;57;38;32;13;7;0;0;0;0;0;0;743;22;Y;Y;Y;Y;N;N;N
214159;3821;3823;2016;complete;1295;17;-1;75;;1;0;1;-1;-1;-1;-1;-1;2;3;0;0;-1;-1;-1;-1;-1;-1;-1;-1;-1;-1;2;3;0;0;0;0;0;0;0;0;0;0;0;0;0;0;0;0;0;0;0;0;0;0;0;0;0;0;0;0;0;0;0;0;0;0;0;0;0;0;0;0;0;0;0;0;0;0;0;0;0;0;0;0;0;0;0;0;0;0;0;0;0;0;0;0;0;0;0;0;1;0;0;1;0;1;0;2016-08-20 14:00:00;3821;0;57;32;26;0;-1;1;-1;-1;-1;-1;-1;-1;0;1;2;2;1;4;-1;0;0;0;0;0;0;0;0;0;0;0;0;0;1;1;0;0;-1;-1;0;0;-1;-1;-1;-1;-1;-1;-1;-1;-1;32;63;82;94;100;57;88;94;63;0;0;5.38;3.82;Haukar;Leiknir Fáskrúdsfj.;2.09;0.64;2;0.5;1.25;0.75;69;38;19;7;0;0;0;0;0;0;0;743;22;Y;N;N;N;N;N;N
214160;3816;3815;2016;complete;1295;17;-1;60;;1;0;1;-1;-1;-1;-1;-1;2;3;0;0;-1;-1;-1;-1;-1;-1;-1;-1;-1;-1;2;3;0;0;0;0;0;0;0;0;0;0;0;0;0;0;0;0;0;0;0;0;0;0;0;0;0;0;0;0;0;0;0;0;0;0;0;0;0;0;0;0;0;0;0;0;0;0;0;0;0;0;0;0;0;0;0;0;0;0;0;0;0;0;0;0;0;0;0;0;1;0;0;1;0;1;0;2016-08-20 14:00:00;3816;0;75;19;38;0;-1;1;-1;-1;-1;-1;-1;-1;0;1;2;2;1;4;-1;0;0;0;0;0;0;0;0;0;0;0;0;0;1;1;0;0;-1;-1;0;0;-1;-1;-1;-1;-1;-1;-1;-1;-1;13;32;50;88;94;38;69;94;50;0;0;5.88;2.88;Fram;Keflavík;2.09;1.09;1.75;1.25;1.19;1.63;88;69;50;13;7;0;0;0;0;0;0;743;22;Y;N;N;N;N;N;N
214161;3811;3814;2016;complete;1295;17;-1;16,18,25;55;3;1;4;-1;-1;-1;-1;-1;0;1;0;0;-1;-1;-1;-1;-1;-1;-1;-1;-1;-1;0;1;0;0;0;0;0;0;0;0;0;0;0;0;0;0;0;0;0;0;0;0;0;0;0;0;0;0;0;0;0;0;0;0;0;0;0;0;0;0;0;0;0;0;0;0;0;0;0;0;0;0;0;0;0;0;0;0;0;0;0;0;0;0;0;0;0;0;0;0;4;3;0;0;1;1;3;2016-08-21 16:00:00;3811;0;38;0;26;0;-1;1;-1;-1;-1;-1;-1;-1;0;0;0;1;0;1;-1;0;0;0;0;0;0;0;1;0;1;0;0;0;1;1;0;0;-1;-1;0;0;-1;-1;-1;-1;-1;-1;-1;-1;-1;0;13;44;69;94;0;57;88;44;0;0;3.59;2.19;KA;Leiknir Reykjavík;2.55;1;2.38;1.38;2.06;1.5;100;88;57;32;7;0;0;0;0;0;0;743;22;Y;Y;Y;Y;N;N;Y
214162;3825;3817;2016;complete;1295;17;-1;62;10,80;1;2;3;-1;-1;-1;-1;-1;3;4;2;1;-1;-1;-1;-1;-1;-1;-1;-1;-1;-1;6;6;0;0;0;0;0;0;0;0;0;0;0;0;0;0;0;0;0;0;0;0;0;0;0;0;0;0;0;0;0;0;0;0;0;0;0;0;0;0;0;0;0;0;0;0;0;0;0;0;0;0;0;0;0;0;0;0;0;0;0;0;0;0;0;0;0;0;0;0;3;0;1;1;1;2;1;2016-08-21 16:00:00;3817;0;32;13;19;0;-1;1;-1;-1;-1;-1;-1;-1;3;0;2;5;3;7;-1;0;0;0;0;0;0;0;1;1;1;1;0;0;1;1;0;1;-1;-1;0;0;-1;-1;-1;-1;-1;-1;-1;-1;-1;26;26;38;50;100;19;63;82;32;0;0;5.51;2.44;Huginn;Thór;1;1.18;1.25;1.13;1;1.44;76;76;63;50;0;0;0;0;0;0;0;743;22;Y;Y;Y;N;N;N;Y
214163;3814;3816;2016;complete;1295;18;-1;59,88;82;2;1;3;-1;-1;-1;-1;-1;4;1;0;0;-1;-1;-1;-1;-1;-1;-1;-1;-1;-1;4;1;0;0;0;0;0;0;0;0;0;0;0;0;0;0;0;0;0;0;0;0;0;0;0;0;0;0;0;0;0;0;0;0;0;0;0;0;0;0;0;0;0;0;0;0;0;0;0;0;0;0;0;0;0;0;0;0;0;0;0;0;0;0;0;0;0;0;0;0;3;0;0;2;1;3;0;2016-08-25 18:00:00;3814;0;38;19;25;0;-1;1;-1;-1;-1;-1;-1;-1;1;1;3;0;2;3;-1;0;0;0;0;0;0;0;0;0;0;0;0;0;1;1;0;0;-1;-1;0;0;-1;-1;-1;-1;-1;-1;-1;-1;-1;13;26;57;75;88;26;57;82;44;0;0;5.13;2.57;Leiknir Reykjavík;Fram;1.64;0.64;1.63;0.63;1.41;1.29;88;76;44;25;13;0;0;0;0;0;0;743;22;Y;Y;Y;N;N;N;Y
214164;3815;3821;2016;complete;1295;18;-1;17;;1;0;1;-1;-1;-1;-1;-1;0;1;0;0;-1;-1;-1;-1;-1;-1;-1;-1;-1;-1;0;1;0;0;0;0;0;0;0;0;0;0;0;0;0;0;0;0;0;0;0;0;0;0;0;0;0;0;0;0;0;0;0;0;0;0;0;0;0;0;0;0;0;0;0;0;0;0;0;0;0;0;0;0;0;0;0;0;0;0;0;0;0;0;0;0;0;0;0;0;1;1;0;0;0;0;1;2016-08-25 18:00:00;3815;0;38;25;25;0;-1;1;-1;-1;-1;-1;-1;-1;0;0;0;1;0;1;-1;0;0;0;0;0;0;0;0;0;0;0;0;0;1;1;0;0;-1;-1;0;0;-1;-1;-1;-1;-1;-1;-1;-1;-1;19;32;44;57;82;38;63;76;32;0;0;4;2.38;Keflavík;Haukar;2.09;0.73;2;0.5;1.53;1.35;82;69;57;44;19;0;0;0;0;0;0;743;22;Y;N;N;N;N;N;N
214165;3818;3806;2016;complete;1295;18;-1;86;72;1;1;2;-1;-1;-1;-1;-1;3;2;0;0;-1;-1;-1;-1;-1;-1;-1;-1;-1;-1;3;2;0;0;0;0;0;0;0;0;0;0;0;0;0;0;0;0;0;0;0;0;0;0;0;0;0;0;0;0;0;0;0;0;0;0;0;0;0;0;0;0;0;0;0;0;0;0;0;0;0;0;0;0;0;0;0;0;0;0;0;0;0;0;0;0;0;0;0;0;2;0;0;1;1;2;0;2016-08-25 18:00:00;-1;0;38;19;25;0;-1;1;-1;-1;-1;-1;-1;-1;1;0;2;2;1;4;-1;0;0;0;0;0;0;0;1;0;1;0;0;0;1;1;0;0;-1;-1;0;0;-1;-1;-1;-1;-1;-1;-1;-1;-1;19;32;51;69;94;44;69;75;38;0;0;3.75;2.75;Selfoss;Grindavík;1.36;1.55;1.25;2;1.29;2.18;82;69;51;32;7;0;0;0;0;0;0;743;22;Y;Y;N;N;N;N;Y
214166;3823;3825;2016;complete;1295;18;-1;23,35;16,41,45,47;2;4;6;-1;-1;-1;-1;-1;1;2;1;0;-1;-1;-1;-1;-1;-1;-1;-1;-1;-1;2;2;0;0;0;0;0;0;0;0;0;0;0;0;0;0;0;0;0;0;0;0;0;0;0;0;0;0;0;0;0;0;0;0;0;0;0;0;0;0;0;0;0;0;0;0;0;0;0;0;0;0;0;0;0;0;0;0;0;0;0;0;0;0;0;0;0;0;0;0;6;2;3;0;1;1;5;2016-08-27 14:00:00;3825;0;57;19;26;0;-1;1;-1;-1;-1;-1;-1;-1;0;0;2;2;0;4;-1;0;0;0;0;0;0;0;1;0;1;0;0;0;1;1;0;0;-1;-1;0;0;-1;-1;-1;-1;-1;-1;-1;-1;-1;19;32;57;76;88;38;69;76;44;0;0;5.59;2.69;Leiknir Fáskrúdsfj.;Huginn;1.27;0.91;1;0.75;0.71;0.94;82;69;44;26;13;0;0;0;0;0;0;743;22;Y;Y;Y;Y;Y;Y;Y
214167;3817;3824;2016;complete;1295;18;-1;15,28,31;82;3;1;4;-1;-1;-1;-1;-1;2;1;0;0;-1;-1;-1;-1;-1;-1;-1;-1;-1;-1;2;1;0;0;0;0;0;0;0;0;0;0;0;0;0;0;0;0;0;0;0;0;0;0;0;0;0;0;0;0;0;0;0;0;0;0;0;0;0;0;0;0;0;0;0;0;0;0;0;0;0;0;0;0;0;0;0;0;0;0;0;0;0;0;0;0;0;0;0;0;4;3;0;0;1;1;3;2016-08-27 14:00:00;3817;0;50;13;26;0;-1;1;-1;-1;-1;-1;-1;-1;0;0;2;1;0;3;-1;0;0;0;0;0;0;0;0;0;0;0;0;0;1;1;0;0;-1;-1;0;0;-1;-1;-1;-1;-1;-1;-1;-1;-1;7;7;51;63;82;19;63;82;38;0;0;4.84;2.13;Thór;Fjardabyggd;1.82;0.73;1.75;1;1.53;1;94;94;51;38;19;0;0;0;0;0;0;743;22;Y;Y;Y;Y;N;N;Y
214168;3822;3811;2016;complete;1295;18;-1;16,80;48,65,76;2;3;5;-1;-1;-1;-1;-1;4;2;0;0;-1;-1;-1;-1;-1;-1;-1;-1;-1;-1;4;2;0;0;0;0;0;0;0;0;0;0;0;0;0;0;0;0;0;0;0;0;0;0;0;0;0;0;0;0;0;0;0;0;0;0;0;0;0;0;0;0;0;0;0;0;0;0;0;0;0;0;0;0;0;0;0;0;0;0;0;0;0;0;0;0;0;0;0;0;5;1;0;1;3;4;1;2016-08-27 16:00:00;3811;0;51;0;38;0;-1;1;-1;-1;-1;-1;-1;-1;0;1;4;1;1;5;-1;0;0;0;0;0;0;0;0;0;0;0;0;0;1;1;0;0;-1;-1;0;0;-1;-1;-1;-1;-1;-1;-1;-1;-1;7;19;44;76;88;26;63;76;44;0;0;3.63;2.32;HK;KA;1.18;2.09;1.5;1.75;1.06;2.12;94;82;57;26;13;0;0;0;0;0;0;743;22;Y;Y;Y;Y;Y;N;Y
214169;3825;3815;2016;complete;1295;19;-1;;;0;0;0;-1;-1;-1;-1;-1;1;2;0;0;-1;-1;-1;-1;-1;-1;-1;-1;-1;-1;1;2;0;0;0;0;0;0;0;0;0;0;0;0;0;0;0;0;0;0;0;0;0;0;0;0;0;0;0;0;0;0;0;0;0;0;0;0;0;0;0;0;0;0;0;0;0;0;0;0;0;0;0;0;0;0;0;0;0;0;0;0;0;0;0;0;0;0;0;0;0;0;0;0;0;0;0;2016-09-01 17:30:00;-1;0;45;17;33;0;-1;1;-1;-1;-1;-1;-1;-1;0;0;1;2;0;3;-1;0;0;0;0;0;0;0;0;0;0;0;0;0;1;1;0;0;-1;-1;0;0;-1;-1;-1;-1;-1;-1;-1;-1;-1;17;22;33;50;95;22;56;84;33;0;0;6;2.34;Huginn;Keflavík;1;1.09;1.11;1.11;1.06;1.61;84;78;67;50;6;0;0;0;0;0;0;743;22;N;N;N;N;N;N;N
214170;3821;3814;2016;complete;1295;19;-1;30,87;86;2;1;3;1;11;12;-1;-1;3;1;0;0;5;7;1;5;6;12;-1;-1;-1;-1;3;1;0;0;0;0;0;0;0;0;0;0;0;0;0;0;0;0;0;0;0;0;0;0;0;0;0;0;0;0;0;0;0;0;0;0;0;0;0;0;0;0;0;0;0;0;0;0;0;0;0;0;0;0;0;0;0;0;0;0;0;0;0;0;0;0;0;0;0;0;3;1;0;1;1;2;1;2016-09-01 19:15:00;3821;0;56;17;33;0;-1;1;-1;-1;-1;-1;-1;-1;1;0;2;1;1;3;-1;0;0;0;0;0;0;0;0;0;0;0;0;0;1;1;0;0;-1;-1;0;0;-1;-1;-1;-1;-1;-1;-1;-1;-1;17;39;67;78;95;34;73;84;50;0;0;3.96;3.06;Haukar;Leiknir Reykjavík;2.09;1;2.11;1.22;1.28;1.5;84;61;33;22;6;0;0;0;0;0;0;743;22;Y;Y;Y;N;N;N;Y
214171;3816;3822;2016;complete;1295;19;-1;21,30;72;2;1;3;3;8;11;-1;-1;3;3;0;0;7;6;6;7;13;13;-1;-1;-1;-1;3;3;0;0;0;0;0;0;0;0;0;0;0;0;0;0;0;0;0;0;0;0;0;0;0;0;0;0;0;0;0;0;0;0;0;0;0;0;0;0;0;0;0;0;0;0;0;0;0;0;0;0;0;0;0;0;0;0;0;0;0;0;0;0;0;0;0;0;0;0;3;2;0;0;1;1;2;2016-09-01 19:15:00;3816;0;67;34;28;0;-1;1;-1;-1;-1;-1;-1;-1;0;1;3;2;1;5;-1;0;0;0;0;0;0;0;0;1;0;1;0;0;1;1;0;0;-1;-1;0;0;-1;-1;-1;-1;-1;-1;-1;-1;-1;22;39;56;89;95;45;78;89;50;0;0;4.56;3.28;Fram;HK;2.09;0.82;1.89;0.67;1.22;1;78;61;45;11;6;0;0;0;0;0;0;743;22;Y;Y;Y;N;N;N;Y
214172;3806;3824;2016;complete;1295;19;-1;61;;1;0;1;10;2;12;-1;-1;-1;-1;-1;-1;4;2;5;1;9;3;-1;-1;-1;-1;-1;-1;0;0;0;0;0;0;0;0;0;0;0;0;0;0;0;0;0;0;0;0;0;0;0;0;0;0;0;0;0;0;0;0;0;0;0;0;0;0;0;0;0;0;0;0;0;0;0;0;0;0;0;0;0;0;0;0;0;0;0;0;0;0;0;0;0;0;0;0;1;0;0;1;0;1;0;2016-09-03 14:00:00;3806;0;39;17;11;0;-1;-1;-1;-1;-1;-1;-1;-1;-1;-1;-1;-1;-1;-1;-1;0;0;0;0;0;0;0;0;0;0;0;0;0;1;1;0;0;-1;-1;-1;-1;-1;-1;-1;-1;-1;-1;-1;-1;-1;17;45;61;73;89;28;73;89;45;0;0;4.29;2.84;Grindavík;Fjardabyggd;2.27;0.73;2.33;0.89;2.11;0.94;84;56;39;28;11;0;0;0;0;0;0;743;22;Y;N;N;N;N;N;N
214173;3823;3817;2016;complete;1295;19;-1;28,34,87;68,90;3;2;5;4;6;10;-1;-1;7;3;0;0;8;6;6;6;14;12;-1;-1;46;54;7;3;0;0;0;0;0;0;0;0;0;0;0;0;0;0;0;0;0;0;0;0;0;0;0;0;0;0;0;0;0;0;0;0;0;0;0;0;0;0;0;0;0;0;0;0;0;0;0;0;0;0;0;0;0;0;0;0;0;0;0;0;0;0;0;0;0;0;0;0;5;2;0;1;2;3;2;2016-09-03 14:00:00;3823;0;56;22;33;0;-1;1;-1;-1;-1;-1;-1;-1;0;0;7;3;0;10;-1;0;0;0;0;0;0;0;0;0;0;0;0;0;1;1;0;0;-1;-1;0;0;-1;-1;-1;-1;-1;-1;-1;-1;-1;39;45;62;73;95;39;78;78;45;0;0;6;3.17;Leiknir Fáskrúdsfj.;Thór;1.27;1.18;0.89;1.33;0.67;1.61;62;56;39;28;6;0;0;0;0;0;0;743;22;Y;Y;Y;Y;Y;N;Y
214174;3811;3818;2016;complete;1295;19;-1;79;;1;0;1;8;2;10;-1;-1;3;3;0;0;4;3;11;7;15;10;-1;-1;54;46;3;3;0;0;0;0;0;0;0;0;0;0;0;0;0;0;0;0;0;0;0;0;0;0;0;0;0;0;0;0;0;0;0;0;0;0;0;0;0;0;0;0;0;0;0;0;0;0;0;0;0;0;0;0;0;0;0;0;0;0;0;0;0;0;0;0;0;0;0;0;1;0;0;1;0;1;0;2016-09-03 16:00:00;3811;0;45;11;11;0;-1;1;-1;-1;-1;-1;-1;-1;2;1;1;2;3;3;-1;0;0;0;0;0;0;0;0;0;0;0;0;0;1;1;0;0;-1;-1;0;0;-1;-1;-1;-1;-1;-1;-1;-1;-1;6;17;44;84;95;34;73;89;22;0;0;3.42;2.5;KA;Selfoss;2.55;1.18;2.44;1.33;2.17;1.28;95;84;56;17;6;0;0;0;0;0;0;743;22;Y;N;N;N;N;N;N
214175;3818;3816;2016;complete;1295;20;-1;;;0;0;0;3;4;7;-1;-1;0;3;0;0;4;2;2;5;6;7;-1;-1;-1;-1;0;3;0;0;0;0;0;0;0;0;0;0;0;0;0;0;0;0;0;0;0;0;0;0;0;0;0;0;0;0;0;0;0;0;0;0;0;0;0;0;0;0;0;0;0;0;0;0;0;0;0;0;0;0;0;0;0;0;0;0;0;0;0;0;0;0;0;0;0;0;0;0;0;0;0;0;0;2016-09-09 17:30:00;-1;0;50;17;45;0;-1;1;-1;-1;-1;-1;-1;-1;0;1;0;2;1;2;-1;0;0;0;0;0;0;0;0;0;0;0;0;0;1;1;0;0;-1;-1;0;0;-1;-1;-1;-1;-1;-1;-1;-1;-1;17;28;50;67;89;28;62;67;50;0;0;4.33;2.61;Selfoss;Fram;1.36;0.64;1.22;0.56;1.21;1.32;84;73;50;33;11;0;0;0;0;0;0;743;22;N;N;N;N;N;N;N
214176;3814;3825;2016;complete;1295;20;-1;17;24;1;1;2;4;4;8;-1;-1;2;1;1;0;4;6;5;9;9;15;-1;-1;57;43;4;1;0;0;0;0;0;0;0;0;0;0;0;0;0;0;0;0;0;0;0;0;0;0;0;0;0;0;0;0;0;0;0;0;0;0;0;0;0;0;0;0;0;0;0;0;0;0;0;0;0;0;0;0;0;0;0;0;0;0;0;0;0;0;0;0;0;0;0;0;2;1;1;0;0;0;2;2016-09-10 13:00:00;-1;0;50;22;11;0;-1;1;-1;-1;-1;-1;-1;-1;1;0;2;1;1;3;-1;0;0;0;0;0;0;0;0;0;0;0;0;0;1;1;0;0;-1;-1;0;0;-1;-1;-1;-1;-1;-1;-1;-1;-1;11;17;62;84;89;33;56;89;39;0;0;5.52;2.67;Leiknir Reykjavík;Huginn;1.64;0.91;1.78;1;1.42;1.05;89;84;39;17;11;0;0;0;0;0;0;743;22;Y;Y;N;N;N;N;Y
214177;3817;3806;2016;complete;1295;20;-1;37,45,66,84;14,45,88;4;3;7;4;14;18;-1;-1;2;4;0;0;8;12;8;15;16;27;-1;-1;42;58;2;4;0;0;0;0;0;0;0;0;0;0;0;0;0;0;0;0;0;0;0;0;0;0;0;0;0;0;0;0;0;0;0;0;0;0;0;0;0;0;0;0;0;0;0;0;0;0;0;0;0;0;0;0;0;0;0;0;0;0;0;0;0;0;0;0;0;0;0;0;7;2;2;2;1;3;4;2016-09-10 14:00:00;3817;0;61;11;33;0;-1;1;-1;-1;-1;-1;-1;-1;1;2;1;2;3;3;-1;0;0;0;0;0;0;0;1;0;1;0;0;0;1;1;0;0;-1;-1;0;0;-1;-1;-1;-1;-1;-1;-1;-1;-1;11;28;62;84;95;33;67;95;50;0;0;4.41;2.84;Thór;Grindavík;1.82;1.55;1.89;1.89;1.53;2.16;89;73;39;17;6;0;0;0;0;0;0;743;22;Y;Y;Y;Y;Y;Y;Y
214178;3824;3811;2016;complete;1295;20;-1;19;53,81,89,90;1;4;5;-1;-1;-1;-1;-1;3;5;0;0;-1;-1;-1;-1;-1;-1;-1;-1;-1;-1;3;5;0;0;0;0;0;0;0;0;0;0;0;0;0;0;0;0;0;0;0;0;0;0;0;0;0;0;0;0;0;0;0;0;0;0;0;0;0;0;0;0;0;0;0;0;0;0;0;0;0;0;0;0;0;0;0;0;0;0;0;0;0;0;0;0;0;0;0;0;5;1;0;0;4;4;1;2016-09-10 15:00:00;3811;0;67;11;39;0;-1;1;-1;-1;-1;-1;-1;-1;2;1;1;4;3;5;-1;0;0;0;0;0;0;0;0;0;0;0;0;0;1;1;0;0;-1;-1;0;0;-1;-1;-1;-1;-1;-1;-1;-1;-1;22;50;61;78;89;33;73;78;56;0;0;4.22;3.17;Fjardabyggd;KA;0.82;2.09;1;1.89;0.89;2.21;78;50;39;22;11;0;0;0;0;0;0;743;22;Y;Y;Y;Y;Y;N;Y
214179;3815;3823;2016;complete;1295;20;-1;25,28,79,89;;4;0;4;-1;-1;-1;-1;-1;2;1;0;0;-1;-1;-1;-1;-1;-1;-1;-1;-1;-1;2;1;0;0;0;0;0;0;0;0;0;0;0;0;0;0;0;0;0;0;0;0;0;0;0;0;0;0;0;0;0;0;0;0;0;0;0;0;0;0;0;0;0;0;0;0;0;0;0;0;0;0;0;0;0;0;0;0;0;0;0;0;0;0;0;0;0;0;0;0;4;2;0;2;0;2;2;2016-09-10 16:00:00;3815;0;39;22;17;0;-1;1;-1;-1;-1;-1;-1;-1;0;0;2;1;0;3;-1;0;0;0;0;0;0;0;0;0;0;0;0;0;1;1;0;0;-1;-1;0;0;-1;-1;-1;-1;-1;-1;-1;-1;-1;17;39;56;67;84;39;73;78;45;0;0;4.78;2.61;Keflavík;Leiknir Fáskrúdsfj.;2.09;0.64;2.11;0.44;1.58;0.79;84;61;45;33;17;0;0;0;0;0;0;743;22;Y;Y;Y;Y;N;N;N
214180;3822;3821;2016;complete;1295;20;-1;17;43;1;1;2;8;4;12;-1;-1;1;0;0;0;2;2;0;0;2;2;-1;-1;-1;-1;1;0;0;0;0;0;0;0;0;0;0;0;0;0;0;0;0;0;0;0;0;0;0;0;0;0;0;0;0;0;0;0;0;0;0;0;0;0;0;0;0;0;0;0;0;0;0;0;0;0;0;0;0;0;0;0;0;0;0;0;0;0;0;0;0;0;0;0;0;0;2;1;1;0;0;0;2;2016-09-12 19:15:00;-1;0;50;11;39;0;-1;1;-1;-1;-1;-1;-1;-1;0;0;1;0;0;1;-1;0;0;0;0;0;0;0;0;0;0;0;0;0;1;1;0;0;-1;-1;0;0;-1;-1;-1;-1;-1;-1;-1;-1;-1;17;22;45;67;95;22;67;84;39;0;0;4;2.5;HK;Haukar;1.18;0.73;1.33;0.44;0.95;1.37;84;78;56;34;6;0;0;0;0;0;0;743;22;Y;Y;N;N;N;N;Y
214181;3811;3806;2016;complete;1295;21;-1;68,72;43;2;1;3;6;9;15;-1;-1;2;4;1;0;10;5;13;8;23;13;-1;-1;48;52;3;4;0;0;0;0;0;0;0;0;0;0;0;0;0;0;0;0;0;0;0;0;0;0;0;0;0;0;0;0;0;0;0;0;0;0;0;0;0;0;0;0;0;0;0;0;0;0;0;0;0;0;0;0;0;0;0;0;0;0;0;0;0;0;0;0;0;0;0;0;3;0;1;2;0;2;1;2016-09-17 14:00:00;3811;0;40;10;25;0;-1;1;-1;-1;-1;-1;-1;-1;0;2;3;2;2;5;-1;0;0;0;0;0;0;0;1;0;1;0;0;0;1;1;0;0;-1;-1;0;0;-1;-1;-1;-1;-1;-1;-1;-1;-1;10;30;50;80;100;25;55;100;45;22;0;3.8;2.8;KA;Grindavík;2.55;1.55;2.5;1.7;2.25;2.05;90;70;50;20;0;100;100;50;0;0;0;743;22;Y;Y;Y;N;N;N;Y
214182;3821;3818;2016;complete;1295;21;-1;90;60;1;1;2;5;4;9;-1;-1;3;1;0;0;4;7;8;7;12;14;-1;-1;54;46;3;1;0;0;0;0;0;0;0;0;0;0;0;0;0;0;0;0;0;0;0;0;0;0;0;0;0;0;0;0;0;0;0;0;0;0;0;0;0;0;0;0;0;0;0;0;0;0;0;0;0;0;0;0;0;0;0;0;0;0;0;0;0;0;0;0;0;0;0;0;2;0;0;1;1;2;0;2016-09-17 14:00:00;-1;0;55;25;25;0;-1;1;-1;-1;-1;-1;-1;-1;0;0;3;1;0;4;-1;0;0;0;0;0;0;0;0;0;0;0;0;0;1;1;0;0;-1;-1;0;0;-1;-1;-1;-1;-1;-1;-1;-1;-1;20;30;60;85;95;50;80;85;35;3;0;4.29;3.05;Haukar;Selfoss;2.09;1.18;2.2;1.2;1.35;1.2;80;70;40;15;5;100;100;50;0;0;0;743;22;Y;Y;N;N;N;N;Y
214183;3815;3817;2016;complete;1295;21;-1;20,29;64,68;2;2;4;-1;-1;-1;-1;-1;2;3;0;0;-1;-1;-1;-1;-1;-1;-1;-1;-1;-1;2;3;0;0;0;0;0;0;0;0;0;0;0;0;0;0;0;0;0;0;0;0;0;0;0;0;0;0;0;0;0;0;0;0;0;0;0;0;0;0;0;0;0;0;0;0;0;0;0;0;0;0;0;0;0;0;0;0;0;0;0;0;0;0;0;0;0;0;0;0;4;2;0;0;2;2;2;2016-09-17 14:00:00;-1;0;45;15;30;0;-1;1;-1;-1;-1;-1;-1;-1;0;0;2;3;0;5;-1;0;0;0;0;0;0;0;0;0;0;0;0;0;1;1;0;0;-1;-1;0;0;-1;-1;-1;-1;-1;-1;-1;-1;-1;25;35;60;70;85;35;75;75;50;6;0;5;2.75;Keflavík;Thór;2.09;1.18;2.2;1.2;1.65;1.6;75;65;40;30;15;50;50;0;0;0;0;743;22;Y;Y;Y;Y;N;N;Y
214184;3816;3824;2016;complete;1295;21;-1;77,90;62;2;1;3;2;10;12;-1;-1;2;1;0;0;7;5;1;3;8;8;-1;-1;-1;-1;2;1;0;0;0;0;0;0;0;0;0;0;0;0;0;0;0;0;0;0;0;0;0;0;0;0;0;0;0;0;0;0;0;0;0;0;0;0;0;0;0;0;0;0;0;0;0;0;0;0;0;0;0;0;0;0;0;0;0;0;0;0;0;0;0;0;0;0;0;0;3;0;0;2;1;3;0;2016-09-17 14:00:00;3816;0;50;10;15;0;-1;1;-1;-1;-1;-1;-1;-1;0;0;2;1;0;3;-1;0;0;0;0;0;0;0;0;0;0;0;0;0;1;1;0;0;-1;-1;0;0;-1;-1;-1;-1;-1;-1;-1;-1;-1;0;15;45;70;90;30;60;90;30;5;0;4.8;2.2;Fram;Fjardabyggd;2.09;0.73;2;0.8;1.3;0.85;100;85;55;30;10;100;100;100;0;0;0;743;22;Y;Y;Y;N;N;N;Y
214185;3825;3822;2016;complete;1295;21;-1;;19,72,86,90;0;4;4;11;3;14;-1;-1;2;2;0;0;8;5;11;5;19;10;-1;-1;62;38;2;2;0;0;0;0;0;0;0;0;0;0;0;0;0;0;0;0;0;0;0;0;0;0;0;0;0;0;0;0;0;0;0;0;0;0;0;0;0;0;0;0;0;0;0;0;0;0;0;0;0;0;0;0;0;0;0;0;0;0;0;0;0;0;0;0;0;0;0;0;4;0;1;0;3;3;1;2016-09-17 14:00:00;3822;0;45;30;25;0;-1;1;-1;-1;-1;-1;-1;-1;0;2;2;0;2;2;-1;0;0;0;0;0;0;0;0;0;0;0;0;0;1;1;0;0;-1;-1;0;0;-1;-1;-1;-1;-1;-1;-1;-1;-1;25;30;45;60;90;35;70;75;35;8;0;4.7;2.8;Huginn;HK;1;0.82;1.1;0.6;1.05;0.95;75;70;55;40;10;50;50;50;0;0;0;743;22;Y;Y;Y;Y;N;N;N
214186;3823;3814;2016;complete;1295;21;-1;52;;1;0;1;-1;-1;-1;-1;-1;3;2;0;0;-1;-1;-1;-1;-1;-1;-1;-1;-1;-1;3;2;0;0;0;0;0;0;0;0;0;0;0;0;0;0;0;0;0;0;0;0;0;0;0;0;0;0;0;0;0;0;0;0;0;0;0;0;0;0;0;0;0;0;0;0;0;0;0;0;0;0;0;0;0;0;0;0;0;0;0;0;0;0;0;0;0;0;0;0;1;0;0;1;0;1;0;2016-09-17 14:00:00;3823;0;60;15;40;0;-1;1;-1;-1;-1;-1;-1;-1;0;0;3;2;0;5;-1;0;0;0;0;0;0;0;0;0;0;0;0;0;1;1;0;0;-1;-1;0;0;-1;-1;-1;-1;-1;-1;-1;-1;-1;25;40;60;70;90;35;75;75;45;15;0;4.76;2.9;Leiknir Fáskrúdsfj.;Leiknir Reykjavík;1.27;1;1.1;1.1;0.75;1.4;75;60;40;30;10;100;100;50;0;0;0;743;22;Y;N;N;N;N;N;N
214187;3818;3825;2016;complete;1295;22;-1;25,34,45,90;7;4;1;5;6;8;14;-1;-1;2;2;0;0;6;8;5;4;11;12;-1;-1;51;49;2;2;0;0;0;0;0;0;0;0;0;0;0;0;0;0;0;0;0;0;0;0;0;0;0;0;0;0;0;0;0;0;0;0;0;0;0;0;0;0;0;0;0;0;0;0;0;0;0;0;0;0;0;0;0;0;0;0;0;0;0;0;0;0;0;0;0;0;0;0;5;3;1;1;0;1;4;2016-09-24 13:00:00;3818;0;55;25;20;0;-1;1;-1;-1;-1;-1;-1;-1;0;1;2;1;1;3;-1;0;0;0;0;0;0;0;0;0;0;0;0;0;1;1;0;1;-1;-1;0;0;-1;-1;-1;-1;-1;-1;-1;-1;-1;15;20;45;70;85;40;65;65;35;7;0;4.34;2.5;Selfoss;Huginn;1.36;0.91;1.2;1;1.19;1;85;80;55;30;15;0;0;0;0;0;0;743;22;Y;Y;Y;Y;Y;N;Y
214188;3814;3815;2016;complete;1295;22;-1;;;0;0;0;-1;-1;-1;-1;-1;3;2;0;0;-1;-1;-1;-1;-1;-1;-1;-1;-1;-1;3;2;0;0;0;0;0;0;0;0;0;0;0;0;0;0;0;0;0;0;0;0;0;0;0;0;0;0;0;0;0;0;0;0;0;0;0;0;0;0;0;0;0;0;0;0;0;0;0;0;0;0;0;0;0;0;0;0;0;0;0;0;0;0;0;0;0;0;0;0;0;0;0;0;0;0;0;2016-09-24 13:00:00;-1;0;50;25;25;0;-1;1;-1;-1;-1;-1;-1;-1;1;1;2;1;2;3;-1;0;0;0;0;0;0;0;0;0;0;0;0;0;1;1;0;0;-1;-1;0;0;-1;-1;-1;-1;-1;-1;-1;-1;-1;15;20;45;70;85;35;50;80;35;4;0;5.9;2.45;Leiknir Reykjavík;Keflavík;1.64;1.09;1.7;1.1;1.33;1.62;85;80;55;30;15;0;0;0;0;0;0;743;22;N;N;N;N;N;N;N
214189;3824;3821;2016;complete;1295;22;-1;10;22,85;1;2;3;-1;-1;-1;-1;-1;3;1;1;0;-1;-1;-1;-1;-1;-1;-1;-1;-1;-1;4;1;0;0;0;0;0;0;0;0;0;0;0;0;0;0;0;0;0;0;0;0;0;0;0;0;0;0;0;0;0;0;0;0;0;0;0;0;0;0;0;0;0;0;0;0;0;0;0;0;0;0;0;0;0;0;0;0;0;0;0;0;0;0;0;0;0;0;0;0;3;1;1;0;1;1;2;2016-09-24 13:00:00;3821;0;65;25;30;0;-1;1;-1;-1;-1;-1;-1;-1;0;0;4;1;0;5;-1;0;0;0;0;0;0;0;1;0;1;0;0;0;1;1;1;0;-1;-1;0;0;-1;-1;-1;-1;-1;-1;-1;-1;-1;25;45;55;70;95;35;75;80;45;4;0;4.2;3.1;Fjardabyggd;Haukar;0.82;0.73;0.9;0.5;0.81;1.33;75;55;45;30;5;50;50;50;0;0;0;743;22;Y;Y;Y;N;N;N;Y
214190;3822;3823;2016;complete;1295;22;-1;32,45;17,39,49,52,65,88,90;2;7;9;8;5;13;-1;-1;4;3;1;0;4;14;3;4;7;18;-1;-1;-1;-1;6;3;0;0;0;0;0;0;0;0;0;0;0;0;0;0;0;0;0;0;0;0;0;0;0;0;0;0;0;0;0;0;0;0;0;0;0;0;0;0;0;0;0;0;0;0;0;0;0;0;0;0;0;0;0;0;0;0;0;0;0;0;0;0;0;0;0;0;0;0;9;2;2;0;5;5;4;2016-09-24 13:00:00;3823;0;55;15;30;0;-1;1;-1;-1;-1;-1;-1;-1;0;0;5;3;0;8;-1;0;0;0;0;0;0;0;0;1;0;1;0;0;1;1;0;0;-1;-1;0;0;-1;-1;-1;-1;-1;-1;-1;-1;-1;15;35;60;85;95;35;75;90;55;8;0;4.8;2.9;HK;Leiknir Fáskrúdsfj.;1.18;0.64;1.3;0.4;1.05;0.86;85;65;40;15;5;50;50;50;0;0;0;743;22;Y;Y;Y;Y;Y;Y;Y
214191;3817;3811;2016;complete;1295;22;-1;;4,11,86;0;3;3;2;9;11;-1;-1;3;4;0;0;0;0;0;0;0;0;-1;-1;-1;-1;3;4;0;0;0;0;0;0;0;0;0;0;0;0;0;0;0;0;0;0;0;0;0;0;0;0;0;0;0;0;0;0;0;0;0;0;0;0;0;0;0;0;0;0;0;0;0;0;0;0;0;0;0;0;0;0;0;0;0;0;0;0;0;0;0;0;0;0;0;0;3;0;2;0;1;1;2;2016-09-24 13:00:00;3811;0;65;10;35;0;-1;1;-1;-1;-1;-1;-1;-1;0;4;3;0;4;3;-1;0;0;0;0;0;0;0;0;0;0;0;0;0;1;1;0;1;-1;-1;0;0;-1;-1;-1;-1;-1;-1;-1;-1;-1;25;40;60;75;90;35;75;80;50;4;0;4.66;3.05;Thór;KA;1.82;2.09;2;2;1.57;2.29;75;60;40;25;10;50;50;50;0;0;0;743;22;Y;Y;Y;N;N;N;N
214192;3806;3816;2016;complete;1295;22;-1;;;0;0;0;4;1;5;-1;-1;2;3;0;0;0;0;6;2;6;2;-1;-1;-1;-1;2;3;0;0;0;0;0;0;0;0;0;0;0;0;0;0;0;0;0;0;0;0;0;0;0;0;0;0;0;0;0;0;0;0;0;0;0;0;0;0;0;0;0;0;0;0;0;0;0;0;0;0;0;0;0;0;0;0;0;0;0;0;0;0;0;0;0;0;0;0;0;0;0;0;0;0;0;2016-09-24 13:00:00;-1;0;45;15;30;0;-1;1;-1;-1;-1;-1;-1;-1;0;0;2;3;0;5;-1;0;0;0;0;0;0;0;0;0;0;0;0;0;1;1;0;0;-1;-1;0;0;-1;-1;-1;-1;-1;-1;-1;-1;-1;20;50;65;75;90;20;65;85;60;14;0;4.59;3;Grindavík;Fram;2.27;0.64;2.4;0.6;1.95;1.38;80;50;35;25;10;50;50;50;0;0;0;743;22;N;N;N;N;N;N;N
