ID;HOMEID;AWAYID;SEASON;STATUS;ROUNDID;GAME_WEEK;REVISED_GAME_WEEK;HOMEGOALS;AWAYGOALS;HOMEGOALCOUNT;AWAYGOALCOUNT;TOTALGOALCOUNT;TEAM_A_CORNERS;TEAM_B_CORNERS;TOTALCORNERCOUNT;TEAM_A_OFFSIDES;TEAM_B_OFFSIDES;TEAM_A_YELLOW_CARDS;TEAM_B_YELLOW_CARDS;TEAM_A_RED_CARDS;TEAM_B_RED_CARDS;TEAM_A_SHOTSONTARGET;TEAM_B_SHOTSONTARGET;TEAM_A_SHOTSOFFTARGET;TEAM_B_SHOTSOFFTARGET;TEAM_A_SHOTS;TEAM_B_SHOTS;TEAM_A_FOULS;TEAM_B_FOULS;TEAM_A_POSSESSION;TEAM_B_POSSESSION;TEAM_A_CARDS_NUM;TEAM_B_CARDS_NUM;ODDS_FT_1;ODDS_FT_X;ODDS_FT_2;ODDS_FT_OVER05;ODDS_FT_OVER15;ODDS_FT_OVER25;ODDS_FT_OVER35;ODDS_FT_OVER45;ODDS_FT_UNDER05;ODDS_FT_UNDER15;ODDS_FT_UNDER25;ODDS_FT_UNDER35;ODDS_FT_UNDER45;ODDS_BTTS_YES;ODDS_BTTS_NO;ODDS_TEAM_A_CS_YES;ODDS_TEAM_A_CS_NO;ODDS_TEAM_B_CS_YES;ODDS_TEAM_B_CS_NO;ODDS_DOUBLECHANCE_1X;ODDS_DOUBLECHANCE_12;ODDS_DOUBLECHANCE_X2;ODDS_1ST_HALF_RESULT_1;ODDS_1ST_HALF_RESULT_X;ODDS_1ST_HALF_RESULT_2;ODDS_2ND_HALF_RESULT_1;ODDS_2ND_HALF_RESULT_X;ODDS_2ND_HALF_RESULT_2;ODDS_DNB_1;ODDS_DNB_2;ODDS_CORNERS_OVER_75;ODDS_CORNERS_OVER_85;ODDS_CORNERS_OVER_95;ODDS_CORNERS_OVER_105;ODDS_CORNERS_OVER_115;ODDS_CORNERS_UNDER_75;ODDS_CORNERS_UNDER_85;ODDS_CORNERS_UNDER_95;ODDS_CORNERS_UNDER_105;ODDS_CORNERS_UNDER_115;ODDS_CORNERS_1;ODDS_CORNERS_X;ODDS_CORNERS_2;ODDS_TEAM_TO_SCORE_FIRST_1;ODDS_TEAM_TO_SCORE_FIRST_X;ODDS_TEAM_TO_SCORE_FIRST_2;ODDS_WIN_TO_NIL_1;ODDS_WIN_TO_NIL_2;ODDS_1ST_HALF_OVER05;ODDS_1ST_HALF_OVER15;ODDS_1ST_HALF_OVER25;ODDS_1ST_HALF_OVER35;ODDS_1ST_HALF_UNDER05;ODDS_1ST_HALF_UNDER15;ODDS_1ST_HALF_UNDER25;ODDS_1ST_HALF_UNDER35;ODDS_2ND_HALF_OVER05;ODDS_2ND_HALF_OVER15;ODDS_2ND_HALF_OVER25;ODDS_2ND_HALF_OVER35;ODDS_2ND_HALF_UNDER05;ODDS_2ND_HALF_UNDER15;ODDS_2ND_HALF_UNDER25;ODDS_2ND_HALF_UNDER35;ODDS_BTTS_1ST_HALF_YES;ODDS_BTTS_1ST_HALF_NO;ODDS_BTTS_2ND_HALF_YES;ODDS_BTTS_2ND_HALF_NO;OVERALLGOALCOUNT;HT_GOALS_TEAM_A;HT_GOALS_TEAM_B;GOALS_2HG_TEAM_A;GOALS_2HG_TEAM_B;GOALCOUNT_2HG;HTGOALCOUNT;DATE_UNIX;WINNINGTEAM;NO_HOME_AWAY;BTTS_POTENTIAL;BTTS_FHG_POTENTIAL;BTTS_2HG_POTENTIAL;GOALTIMINGDISABLED;CORNER_TIMINGS_RECORDED;CARD_TIMINGS_RECORDED;TEAM_A_FH_CORNERS;TEAM_B_FH_CORNERS;TEAM_A_2H_CORNERS;TEAM_B_2H_CORNERS;CORNER_FH_COUNT;CORNER_2H_COUNT;TEAM_A_FH_CARDS;TEAM_B_FH_CARDS;TEAM_A_2H_CARDS;TEAM_B_2H_CARDS;TOTAL_FH_CARDS;TOTAL_2H_CARDS;ATTACKS_RECORDED;TEAM_A_DANGEROUS_ATTACKS;TEAM_B_DANGEROUS_ATTACKS;TEAM_A_ATTACKS;TEAM_B_ATTACKS;TEAM_A_XG;TEAM_B_XG;TOTAL_XG;TEAM_A_PENALTIES_WON;TEAM_B_PENALTIES_WON;TEAM_A_PENALTY_GOALS;TEAM_B_PENALTY_GOALS;TEAM_A_PENALTY_MISSED;TEAM_B_PENALTY_MISSED;PENS_RECORDED;GOAL_TIMINGS_RECORDED;TEAM_A_0_10_MIN_GOALS;TEAM_B_0_10_MIN_GOALS;TEAM_A_CORNERS_0_10_MIN;TEAM_B_CORNERS_0_10_MIN;TEAM_A_CARDS_0_10_MIN;TEAM_B_CARDS_0_10_MIN;THROWINS_RECORDED;TEAM_A_THROWINS;TEAM_B_THROWINS;FREEKICKS_RECORDED;TEAM_A_FREEKICKS;TEAM_B_FREEKICKS;GOALKICKS_RECORDED;TEAM_A_GOALKICKS;TEAM_B_GOALKICKS;O45_POTENTIAL;O35_POTENTIAL;O25_POTENTIAL;O15_POTENTIAL;O05_POTENTIAL;O15HT_POTENTIAL;O05HT_POTENTIAL;O05_2H_POTENTIAL;O15_2H_POTENTIAL;CORNERS_POTENTIAL;OFFSIDES_POTENTIAL;CARDS_POTENTIAL;AVG_POTENTIAL;HOME_NAME;AWAY_NAME;HOME_PPG;AWAY_PPG;PRE_MATCH_HOME_PPG;PRE_MATCH_AWAY_PPG;PRE_MATCH_TEAMA_OVERALL_PPG;PRE_MATCH_TEAMB_OVERALL_PPG;U45_POTENTIAL;U35_POTENTIAL;U25_POTENTIAL;U15_POTENTIAL;U05_POTENTIAL;CORNERS_O85_POTENTIAL;CORNERS_O95_POTENTIAL;CORNERS_O105_POTENTIAL;TEAM_A_XG_PREMATCH;TEAM_B_XG_PREMATCH;TOTAL_XG_PREMATCH;COMPETITION_ID;MATCHES_COMPLETED_MINIMUM;OVER05;OVER15;OVER25;OVER35;OVER45;OVER55;BTTS
327254;3820;3804;2018;complete;2339;1;-1;;58,83;0;2;2;5;8;13;-1;-1;-1;-1;-1;-1;3;12;7;5;10;17;-1;-1;51;49;-1;-1;4.45;3.7;1.67;1.01;1.21;1.69;2.75;0;0;0;0;0;0;1.77;2.05;0;0;0;0;0;0;0;0;0;0;0;0;0;0;0;0;0;0;0;0;0;0;0;0;0;0;0;0;0;0;0;0;0;0;0;0;0;0;0;0;0;0;0;0;0;0;0;0;0;0;0;0;0;2;0;0;0;2;2;0;2018-05-05 14:00:00;3804;0;0;0;0;0;1;-1;1;4;4;4;5;8;-1;-1;-1;-1;-1;-1;1;0;0;0;0;1.1;2.23;3.33;-1;-1;-1;-1;-1;-1;-1;1;0;0;0;2;-1;-1;-1;-1;-1;-1;-1;-1;-1;-1;-1;0;0;0;0;0;0;0;0;0;0;0;0;0;ÍR;Víkingur Ólafsvík;0.64;1.91;0;0;0;0;0;0;0;0;0;0;0;0;0;0;0;1114;22;Y;Y;N;N;N;N;N
327255;3821;3817;2018;complete;2339;1;-1;9,56;4,34;2;2;4;7;12;19;-1;-1;-1;-1;-1;-1;6;4;6;8;12;12;-1;-1;50;50;-1;-1;2.2;3.45;2.8;1;1.14;1.51;2.3;0;0;0;0;0;0;1.51;2.5;0;0;0;0;0;0;0;0;0;0;0;0;0;0;0;0;0;0;0;0;0;0;0;0;0;0;0;0;0;0;0;0;0;0;0;0;0;0;0;0;0;0;0;0;0;0;0;0;0;0;0;0;0;4;1;2;1;0;1;3;2018-05-05 16:00:00;-1;0;0;0;0;0;1;-1;4;4;3;8;8;11;-1;-1;-1;-1;-1;-1;1;0;0;0;0;1.4;1.31;2.71;-1;-1;-1;-1;-1;-1;-1;1;1;1;2;2;-1;-1;-1;-1;-1;-1;-1;-1;-1;-1;-1;0;0;0;0;0;0;0;0;0;0;0;0;0;Haukar;Thór;1.27;1.82;0;0;0;0;0;0;0;0;0;0;0;0;0;0;0;1114;22;Y;Y;Y;Y;N;N;Y
327256;3816;3818;2018;complete;2339;1;-1;61,68;2,13;2;2;4;4;4;8;-1;-1;-1;-1;-1;-1;6;8;7;10;13;18;-1;-1;57;43;-1;-1;2.25;3.35;2.85;1.01;1.2;1.67;2.7;0;0;0;0;0;0;1.62;2.2;0;0;0;0;0;0;0;0;0;0;0;0;0;0;0;0;0;0;0;0;0;0;0;0;0;0;0;0;0;0;0;0;0;0;0;0;0;0;0;0;0;0;0;0;0;0;0;0;0;0;0;0;0;4;0;2;2;0;2;2;2018-05-05 14:00:00;-1;0;0;0;0;0;1;-1;2;2;2;2;4;4;-1;-1;-1;-1;-1;-1;1;0;0;0;0;1.53;1.93;3.46;-1;-1;-1;-1;-1;-1;-1;1;0;1;0;0;-1;-1;-1;-1;-1;-1;-1;-1;-1;-1;-1;0;0;0;0;0;0;0;0;0;0;0;0;0;Fram;Selfoss;1.18;0.27;0;0;0;0;0;0;0;0;0;0;0;0;0;0;0;1114;22;Y;Y;Y;Y;N;N;Y
327257;6721;3813;2018;complete;2339;1;-1;60;90;1;1;2;10;12;22;-1;-1;-1;-1;-1;-1;4;6;7;15;11;21;-1;-1;48;52;-1;-1;3.15;3.45;2.05;1.01;1.19;1.65;2.65;0;0;0;0;0;0;1.62;2.25;0;0;0;0;0;0;0;0;0;0;0;0;0;0;0;0;0;0;0;0;0;0;0;0;0;0;0;0;0;0;0;0;0;0;0;0;0;0;0;0;0;0;0;0;0;0;0;0;0;0;0;0;0;2;0;0;1;1;2;0;2018-05-05 14:00:00;-1;0;0;0;0;0;1;-1;1;8;9;4;9;13;-1;-1;-1;-1;-1;-1;1;0;0;0;0;1.26;2.33;3.58;-1;-1;-1;-1;-1;-1;-1;1;0;0;0;0;-1;-1;-1;-1;-1;-1;-1;-1;-1;-1;-1;0;0;0;0;0;0;0;0;0;0;0;0;0;Njardvík;Thróttur Reykjavík;1.18;1.91;0;0;0;0;0;0;0;0;0;0;0;0;0;0;0;1114;22;Y;Y;N;N;N;N;Y
327258;3807;3814;2018;complete;2339;1;-1;61;;1;0;1;5;1;6;-1;-1;-1;-1;-1;-1;6;0;8;5;14;5;-1;-1;52;48;-1;-1;1.34;4.6;7;1.01;1.15;1.53;2.35;0;0;0;0;0;0;1.8;1.95;0;0;0;0;0;0;0;0;0;0;0;0;0;0;0;0;0;0;0;0;0;0;0;0;0;0;0;0;0;0;0;0;0;0;0;0;0;0;0;0;0;0;0;0;0;0;0;0;0;0;0;0;0;1;0;0;1;0;1;0;2018-05-05 14:00:00;3807;0;0;0;0;0;1;-1;3;1;2;0;4;2;-1;-1;-1;-1;-1;-1;1;0;0;0;0;1.79;0.51;2.3;-1;-1;-1;-1;-1;-1;-1;1;0;0;1;0;-1;-1;-1;-1;-1;-1;-1;-1;-1;-1;-1;0;0;0;0;0;0;0;0;0;0;0;0;0;ÍA;Leiknir Reykjavík;2.27;1.09;0;0;0;0;0;0;0;0;0;0;0;0;0;0;0;1114;22;Y;N;N;N;N;N;N
327259;3822;6720;2018;complete;2339;1;-1;2,32,42;;3;0;3;14;4;18;-1;-1;2;1;0;0;11;0;7;2;18;2;-1;-1;48;52;2;1;1.45;4.25;5.65;1;1.12;1.45;2.15;0;0;0;0;0;0;1.62;2.25;0;0;0;0;0;0;0;0;0;0;0;0;0;0;0;0;0;0;0;0;0;0;0;0;0;0;0;0;0;0;0;0;0;0;0;0;0;0;0;0;0;0;0;0;0;0;0;0;0;0;0;0;0;3;3;0;0;0;0;3;2018-05-05 16:00:00;3822;0;0;0;0;0;1;1;6;2;8;2;8;10;1;0;1;1;1;2;1;0;0;0;0;2.15;0.28;2.44;0;0;0;0;0;0;1;1;1;0;0;0;0;0;-1;-1;-1;-1;-1;-1;-1;-1;-1;0;0;0;0;0;0;0;0;0;0;0;0;0;HK;Magni;2.36;0.36;0;0;0;0;0;0;0;0;0;0;0;0;0;0;0;1114;22;Y;Y;Y;N;N;N;N
327260;3817;3807;2018;complete;2339;2;-1;;48;0;1;1;7;10;17;-1;-1;4;3;0;0;3;5;5;5;8;10;-1;-1;52;48;4;3;3.75;3.55;1.83;1.01;1.18;1.61;2.5;0;0;0;0;0;0;1.62;2.2;0;0;0;0;0;0;0;0;0;0;0;0;0;0;0;0;0;0;0;0;0;0;0;0;0;0;0;0;0;0;0;0;0;0;0;0;0;0;0;0;0;0;0;0;0;0;0;0;0;0;0;0;0;1;0;0;0;1;1;0;2018-05-10 16:00:00;3807;0;0;0;0;0;1;1;3;9;4;1;12;5;0;0;4;3;0;7;1;0;0;0;0;0.98;1.29;2.27;0;0;0;0;0;0;1;1;0;0;1;2;0;0;-1;-1;-1;-1;-1;-1;-1;-1;-1;0;0;0;0;0;0;0;0;0;0;0;0;0;Thór;ÍA;2.09;2.09;0;0;1;3;0;0;0;0;0;0;0;0;0;0;0;1114;22;Y;N;N;N;N;N;N
327261;3813;3816;2018;complete;2339;2;-1;83;11,37,78;1;3;4;5;6;11;-1;-1;3;1;1;0;4;6;5;3;9;9;-1;-1;51;49;4;1;1.83;3.55;3.7;1.01;1.19;1.65;2.65;0;0;0;0;0;0;1.67;2.15;0;0;0;0;0;0;0;0;0;0;0;0;0;0;0;0;0;0;0;0;0;0;0;0;0;0;0;0;0;0;0;0;0;0;0;0;0;0;0;0;0;0;0;0;0;0;0;0;0;0;0;0;0;4;0;2;1;1;2;2;2018-05-11 19:15:00;3816;0;0;0;0;0;1;1;2;3;3;3;5;6;0;0;4;1;0;5;1;0;0;0;0;1.21;1.26;2.48;0;0;0;0;0;0;1;1;0;0;0;0;0;0;-1;-1;-1;-1;-1;-1;-1;-1;-1;0;0;0;0;0;0;0;0;0;0;0;0;0;Thróttur Reykjavík;Fram;1.36;1;0;0;1;1;0;0;0;0;0;0;0;0;0;0;0;1114;22;Y;Y;Y;Y;N;N;Y
327262;3814;6721;2018;complete;2339;2;-1;36,90;40,53,90;2;3;5;11;2;13;-1;-1;0;2;1;0;11;7;6;2;17;9;-1;-1;65;35;2;2;2;3.45;3.2;1.02;1.23;1.77;2.9;0;0;0;0;0;0;1.71;2.05;0;0;0;0;0;0;0;0;0;0;0;0;0;0;0;0;0;0;0;0;0;0;0;0;0;0;0;0;0;0;0;0;0;0;0;0;0;0;0;0;0;0;0;0;0;0;0;0;0;0;0;0;0;5;1;1;1;2;3;2;2018-05-11 19:15:00;6721;0;0;0;0;0;1;1;2;1;9;1;3;10;0;1;1;1;1;2;1;0;0;0;0;2.2;1.27;3.46;0;0;0;0;0;0;1;1;0;0;0;0;0;0;-1;-1;-1;-1;-1;-1;-1;-1;-1;0;0;0;0;0;0;0;0;0;0;0;0;0;Leiknir Reykjavík;Njardvík;1.18;1.27;0;0;0;1;0;0;0;0;0;0;0;0;0;0;0;1114;22;Y;Y;Y;Y;Y;N;Y
327263;3804;3822;2018;complete;2339;2;-1;;;0;0;0;-1;-1;-1;-1;-1;-1;-1;-1;-1;-1;-1;-1;-1;-1;-1;-1;-1;-1;-1;-1;-1;2.15;3.4;2.9;1.02;1.24;1.8;3;0;0;0;0;0;0;1.71;2.05;0;0;0;0;0;0;0;0;0;0;0;0;0;0;0;0;0;0;0;0;0;0;0;0;0;0;0;0;0;0;0;0;0;0;0;0;0;0;0;0;0;0;0;0;0;0;0;0;0;0;0;0;0;0;0;0;0;0;0;0;2018-07-26 19:15:00;-1;0;68;10;55;0;-1;-1;-1;-1;-1;-1;-1;-1;-1;-1;-1;-1;-1;-1;-1;0;0;0;0;0;0;0;0;0;0;0;0;0;1;1;0;0;-1;-1;-1;-1;-1;-1;-1;-1;-1;-1;-1;-1;-1;0;20;70;90;100;33;65;80;68;6.2;0;4.83;2.8;Víkingur Ólafsvík;HK;1.91;2;3;2.2;2.17;2.33;100;80;30;10;0;40;40;40;0;1.38;1.38;1114;22;N;N;N;N;N;N;N
327264;3818;3820;2018;complete;2339;2;-1;;45,81;0;2;2;6;5;11;-1;-1;3;2;0;0;11;5;5;5;16;10;-1;-1;56;44;3;2;1.56;3.85;5.05;1.01;1.21;1.71;2.8;0;0;0;0;0;0;1.83;1.95;0;0;0;0;0;0;0;0;0;0;0;0;0;0;0;0;0;0;0;0;0;0;0;0;0;0;0;0;0;0;0;0;0;0;0;0;0;0;0;0;0;0;0;0;0;0;0;0;0;0;0;0;0;2;0;1;0;1;1;1;2018-05-12 14:00:00;3820;0;0;0;0;0;1;1;1;3;5;2;4;7;1;2;2;0;3;2;1;0;0;0;0;2.02;1.26;3.29;0;0;0;0;0;0;1;1;0;0;0;1;1;0;-1;-1;-1;-1;-1;-1;-1;-1;-1;0;0;0;0;0;0;0;0;0;0;0;0;0;Selfoss;ÍR;1.09;1;0;0;1;0;0;0;0;0;0;0;0;0;0;0;0;1114;22;Y;Y;N;N;N;N;N
327265;3821;6720;2018;complete;2339;2;-1;28,40,43;2;3;1;4;3;3;6;-1;-1;2;1;0;2;7;4;14;2;21;6;-1;-1;48;52;2;4;1.61;3.85;4.65;1.01;1.17;1.57;2.45;0;0;0;0;0;0;1.67;2.15;0;0;0;0;0;0;0;0;0;0;0;0;0;0;0;0;0;0;0;0;0;0;0;0;0;0;0;0;0;0;0;0;0;0;0;0;0;0;0;0;0;0;0;0;0;0;0;0;0;0;0;0;0;4;3;1;0;0;0;4;2018-05-12 16:00:00;3821;0;50;50;0;0;1;1;2;2;1;1;4;2;1;3;1;0;4;1;1;0;0;0;0;2.31;0.86;3.18;0;0;0;0;0;0;1;1;0;1;0;1;0;1;-1;-1;-1;-1;-1;-1;-1;-1;-1;0;50;100;100;100;100;100;50;0;11;0;1;3.5;Haukar;Magni;1.27;0.36;1;0;1;0;100;50;0;0;0;100;100;100;1.4;0.28;1.68;1114;22;Y;Y;Y;Y;N;N;Y
327266;3822;3818;2018;complete;2339;3;-1;64,68,90;90;3;1;4;3;2;5;-1;-1;1;2;0;0;10;6;6;3;16;9;-1;-1;52;48;1;2;1.67;3.8;4.2;1.01;1.19;1.67;2.65;0;0;0;0;0;0;1.71;2.05;0;0;0;0;0;0;0;0;0;0;0;0;0;0;0;0;0;0;0;0;0;0;0;0;0;0;0;0;0;0;0;0;0;0;0;0;0;0;0;0;0;0;0;0;0;0;0;0;0;0;0;0;0;4;0;0;3;1;4;0;2018-05-18 19:15:00;3822;0;75;25;0;0;1;1;2;1;1;1;3;2;0;1;1;1;1;2;1;0;0;0;0;2;1.19;3.2;0;0;0;0;0;0;1;1;0;0;1;0;0;0;-1;-1;-1;-1;-1;-1;-1;-1;-1;0;50;75;100;100;100;100;50;50;14;0;2.5;3.25;HK;Selfoss;2.36;0.27;2;1;2;0.5;100;50;25;0;0;50;50;50;1.94;1.93;3.87;1114;22;Y;Y;Y;Y;N;N;Y
327267;3816;3814;2018;complete;2339;3;-1;21,65,78;;3;0;3;4;6;10;-1;-1;6;3;0;0;5;2;6;5;11;7;-1;-1;42;58;6;3;2.4;3.35;2.6;1.01;1.2;1.67;2.7;0;0;0;0;0;0;1.62;2.25;0;0;0;0;0;0;0;0;0;0;0;0;0;0;0;0;0;0;0;0;0;0;0;0;0;0;0;0;0;0;0;0;0;0;0;0;0;0;0;0;0;0;0;0;0;0;0;0;0;0;0;0;0;3;1;0;2;0;2;1;2018-05-18 19:15:00;3816;0;50;0;0;0;1;1;1;3;3;3;4;6;3;0;3;3;3;6;1;0;0;0;0;1.3;0.91;2.21;0;0;0;0;0;0;1;1;0;0;0;0;0;0;-1;-1;-1;-1;-1;-1;-1;-1;-1;0;50;50;50;100;50;50;100;50;5;0;0;2.5;Fram;Leiknir Reykjavík;1.18;1.09;1;0;2;0;100;50;50;50;0;0;0;0;1.53;0.51;2.04;1114;22;Y;Y;Y;N;N;N;N
327268;3807;3821;2018;complete;2339;3;-1;30,56,66;84;3;1;4;13;2;15;-1;-1;3;3;0;0;9;3;10;3;19;6;-1;-1;49;51;3;3;1.39;4.55;6.05;1.01;1.16;1.56;2.4;0;0;0;0;0;0;1.8;2;0;0;0;0;0;0;0;0;0;0;0;0;0;0;0;0;0;0;0;0;0;0;0;0;0;0;0;0;0;0;0;0;0;0;0;0;0;0;0;0;0;0;0;0;0;0;0;0;0;0;0;0;0;4;1;0;2;1;3;1;2018-05-18 19:15:00;3807;0;0;0;0;0;1;1;7;2;6;0;9;6;2;1;1;2;3;3;1;0;0;0;0;2.62;1.02;3.64;0;0;0;0;0;0;1;1;0;0;1;0;0;0;-1;-1;-1;-1;-1;-1;-1;-1;-1;0;0;0;0;50;0;0;50;0;5;0;0;0.5;ÍA;Haukar;2.27;1;3;0;3;2;50;50;50;50;0;0;0;0;1.79;0;1.79;1114;22;Y;Y;Y;Y;N;N;Y
327269;3820;3813;2018;complete;2339;3;-1;45;4,14,90;1;3;4;5;7;12;-1;-1;3;4;1;0;6;10;8;9;14;19;-1;-1;49;51;4;4;3.55;3.55;1.87;1.02;1.23;1.77;2.95;0;0;0;0;0;0;1.77;2.05;0;0;0;0;0;0;0;0;0;0;0;0;0;0;0;0;0;0;0;0;0;0;0;0;0;0;0;0;0;0;0;0;0;0;0;0;0;0;0;0;0;0;0;0;0;0;0;0;0;0;0;0;0;4;1;2;0;1;1;3;2018-05-18 19:15:00;3813;0;50;0;50;0;1;1;1;4;4;3;5;7;1;1;3;3;2;6;1;0;0;0;0;1.87;2.34;4.21;0;0;0;0;0;0;1;1;0;1;0;1;0;0;-1;-1;-1;-1;-1;-1;-1;-1;-1;0;0;0;100;100;0;0;100;100;17;0;0;2;ÍR;Thróttur Reykjavík;0.64;1.91;0;1;1.5;0.5;100;100;100;0;0;100;100;100;1.1;2.33;3.43;1114;22;Y;Y;Y;Y;N;N;Y
327270;6720;3804;2018;complete;2339;3;-1;90;;1;0;1;6;3;9;-1;-1;2;2;0;0;4;3;5;6;9;9;-1;-1;52;48;2;2;5.95;4.3;1.43;1.01;1.16;1.56;2.4;0;0;0;0;0;0;1.77;2;0;0;0;0;0;0;0;0;0;0;0;0;0;0;0;0;0;0;0;0;0;0;0;0;0;0;0;0;0;0;0;0;0;0;0;0;0;0;0;0;0;0;0;0;0;0;0;0;0;0;0;0;0;1;0;0;1;0;1;0;2018-05-19 13:00:00;6720;0;25;25;0;0;1;1;4;3;2;0;7;2;1;1;1;1;2;2;1;0;0;0;0;1.08;1.11;2.2;0;0;0;0;0;0;1;1;0;0;2;0;0;0;-1;-1;-1;-1;-1;-1;-1;-1;-1;0;0;0;50;50;25;25;25;25;6.5;0;3;1;Magni;Víkingur Ólafsvík;1.36;1.91;0;2;0;2;50;50;50;0;0;50;50;50;0;1.98;1.98;1114;22;Y;N;N;N;N;N;N
327271;6721;3817;2018;complete;2339;3;-1;;90;0;1;1;1;14;15;-1;-1;1;1;0;0;2;5;3;16;5;21;-1;-1;48;52;1;1;3.1;3.55;2;1.01;1.18;1.61;2.5;0;0;0;0;0;0;1.59;2.3;0;0;0;0;0;0;0;0;0;0;0;0;0;0;0;0;0;0;0;0;0;0;0;0;0;0;0;0;0;0;0;0;0;0;0;0;0;0;0;0;0;0;0;0;0;0;0;0;0;0;0;0;0;1;0;0;0;1;1;0;2018-05-21 17:00:00;3817;0;100;50;50;0;1;1;1;8;0;6;9;6;1;0;0;1;1;1;1;0;0;0;0;0.71;2.34;3.06;0;0;0;0;0;0;1;1;0;0;0;0;0;0;-1;-1;-1;-1;-1;-1;-1;-1;-1;0;50;50;100;100;50;50;100;50;22;0;0;3;Njardvík;Thór;1.18;1.82;1;1;2;0.5;100;50;50;0;0;100;100;100;1.26;1.31;2.57;1114;22;Y;N;N;N;N;N;N
327272;3813;3822;2018;complete;2339;4;-1;57;19,49,59;1;3;4;8;0;8;-1;-1;0;3;0;0;7;9;13;4;20;13;-1;-1;56;44;0;3;2.3;3.4;2.65;1.01;1.18;1.62;2.55;0;0;0;0;0;0;1.59;2.3;0;0;0;0;0;0;0;0;0;0;0;0;0;0;0;0;0;0;0;0;0;0;0;0;0;0;0;0;0;0;0;0;0;0;0;0;0;0;0;0;0;0;0;0;0;0;0;0;0;0;0;0;0;4;0;1;1;2;3;1;2018-05-24 19:15:00;3822;0;50;0;50;0;1;1;6;0;2;0;6;2;0;0;0;3;0;3;1;0;0;0;0;2.06;1.7;3.76;0;0;0;0;0;0;1;1;0;0;1;0;0;0;-1;-1;-1;-1;-1;-1;-1;-1;-1;0;50;50;50;50;50;50;50;50;5;0;4;2;Thróttur Reykjavík;HK;1.36;2;0;0;1.33;2.33;50;0;0;0;0;50;50;50;1.21;0;1.21;1114;22;Y;Y;Y;Y;N;N;Y
327273;3814;3820;2018;complete;2339;4;-1;9,16,51;78;3;1;4;3;6;9;-1;-1;2;4;0;0;6;4;2;6;8;10;-1;-1;48;52;2;4;1.95;3.65;3.2;1.01;1.17;1.59;2.5;0;0;0;0;0;0;1.59;2.3;0;0;0;0;0;0;0;0;0;0;0;0;0;0;0;0;0;0;0;0;0;0;0;0;0;0;0;0;0;0;0;0;0;0;0;0;0;0;0;0;0;0;0;0;0;0;0;0;0;0;0;0;0;4;2;0;1;1;2;2;2018-05-24 19:15:00;3814;0;50;50;50;0;1;1;2;4;1;2;6;3;2;1;0;3;3;3;1;0;0;0;0;1.31;1.54;2.85;1;0;1;0;0;0;1;1;1;0;1;1;0;0;-1;-1;-1;-1;-1;-1;-1;-1;-1;50;50;50;100;100;50;100;100;50;16;0;4;3.5;Leiknir Reykjavík;ÍR;1.18;1;0;3;0;1;50;50;50;0;0;100;100;100;2.2;1.26;3.46;1114;22;Y;Y;Y;Y;N;N;Y
327274;3821;3804;2018;complete;2339;4;-1;;76;0;1;1;1;8;9;-1;-1;1;3;0;0;3;5;5;12;8;17;-1;-1;50;50;1;3;3.1;3.65;2;1.01;1.19;1.67;2.65;0;0;0;0;0;0;1.65;2.2;0;0;0;0;0;0;0;0;0;0;0;0;0;0;0;0;0;0;0;0;0;0;0;0;0;0;0;0;0;0;0;0;0;0;0;0;0;0;0;0;0;0;0;0;0;0;0;0;0;0;0;0;0;1;0;0;0;1;1;0;2018-05-25 18:30:00;3804;0;67;67;0;0;1;1;0;3;1;5;3;6;0;1;1;2;1;3;1;0;0;0;0;1.05;2.02;3.07;0;0;0;0;0;0;1;1;0;0;0;1;0;0;-1;-1;-1;-1;-1;-1;-1;-1;-1;0;50;50;84;100;67;67;59;17;10.33;0;4.5;2.84;Haukar;Víkingur Ólafsvík;1.27;1.91;2;1.33;1.33;1.33;100;50;50;17;0;75;59;59;1.86;1.69;3.55;1114;22;Y;N;N;N;N;N;N
327275;3807;6721;2018;complete;2339;4;-1;36,66;4,86;2;2;4;13;5;18;-1;-1;2;3;0;0;6;5;13;4;19;9;-1;-1;49;51;2;3;1.17;6.3;12.25;1;1.13;1.49;2.25;0;0;0;0;0;0;2.05;1.74;0;0;0;0;0;0;0;0;0;0;0;0;0;0;0;0;0;0;0;0;0;0;0;0;0;0;0;0;0;0;0;0;0;0;0;0;0;0;0;0;0;0;0;0;0;0;0;0;0;0;0;0;0;4;1;1;1;1;2;2;2018-05-25 19:15:00;-1;0;75;50;75;0;1;1;10;1;3;4;11;7;1;2;1;1;3;2;1;0;0;0;0;2.12;1.23;3.35;0;0;0;0;0;0;1;1;0;1;0;0;0;0;-1;-1;-1;-1;-1;-1;-1;-1;-1;50;75;75;75;100;50;75;100;75;11;0;5;3.75;ÍA;Njardvík;2.27;1.27;3;3;3;1.33;50;25;25;25;0;75;75;75;2.2;1.27;3.47;1114;22;Y;Y;Y;Y;N;N;Y
327276;3817;3816;2018;complete;2339;4;-1;31,43,90;76,81;3;2;5;3;4;7;-1;-1;3;2;0;1;7;4;9;5;16;9;-1;-1;45;55;3;4;2.2;3.4;2.85;1.01;1.18;1.62;2.55;0;0;0;0;0;0;1.59;2.3;0;0;0;0;0;0;0;0;0;0;0;0;0;0;0;0;0;0;0;0;0;0;0;0;0;0;0;0;0;0;0;0;0;0;0;0;0;0;0;0;0;0;0;0;0;0;0;0;0;0;0;0;0;5;2;0;1;2;3;2;2018-05-26 16:00:00;3817;0;50;0;50;0;1;1;1;0;2;4;1;6;2;2;1;1;4;2;1;0;0;0;0;1.74;1.03;2.77;0;0;0;0;0;0;1;1;0;0;0;0;0;0;-1;-1;-1;-1;-1;-1;-1;-1;-1;0;50;50;50;100;50;50;100;50;13;0;5;2.5;Thór;Fram;2.09;1;0;3;1.33;2.33;100;50;50;50;0;100;100;100;0.98;1.26;2.24;1114;22;Y;Y;Y;Y;Y;N;Y
327277;3818;6720;2018;complete;2339;4;-1;53,88;85;2;1;3;9;5;14;-1;-1;3;2;0;0;12;12;8;6;20;18;-1;-1;55;45;3;2;1.71;3.75;4.05;1.01;1.21;1.69;2.75;0;0;0;0;0;0;1.74;2.05;0;0;0;0;0;0;0;0;0;0;0;0;0;0;0;0;0;0;0;0;0;0;0;0;0;0;0;0;0;0;0;0;0;0;0;0;0;0;0;0;0;0;0;0;0;0;0;0;0;0;0;0;0;3;0;0;2;1;3;0;2018-05-26 15:00:00;3818;0;25;25;0;0;1;1;4;3;5;2;7;7;1;0;2;2;1;4;1;0;0;0;0;2.41;2.2;4.62;0;0;0;0;0;0;1;1;0;0;0;1;0;0;-1;-1;-1;-1;-1;-1;-1;-1;-1;0;25;50;100;100;50;100;50;0;9.5;0;5.5;2.75;Selfoss;Magni;1.09;0.36;0;0;0.33;1;100;75;50;0;0;75;75;75;2.02;0.57;2.59;1114;22;Y;Y;Y;N;N;N;Y
327278;3822;3814;2018;complete;2339;5;-1;12,82;25;2;1;3;7;4;11;-1;-1;3;3;0;0;7;4;11;6;18;10;-1;-1;51;49;3;3;1.61;4.05;4.4;1;1.13;1.48;2.2;0;0;0;0;0;0;1.57;2.35;0;0;0;0;0;0;0;0;0;0;0;0;0;0;0;0;0;0;0;0;0;0;0;0;0;0;0;0;0;0;0;0;0;0;0;0;0;0;0;0;0;0;0;0;0;0;0;0;0;0;0;0;0;3;1;1;1;0;1;2;2018-05-31 19:15:00;3822;0;34;17;17;0;1;1;4;0;3;4;4;7;1;1;2;2;2;4;1;0;0;0;0;2.3;1.5;3.8;0;0;0;0;0;0;1;1;0;0;1;0;0;0;-1;-1;-1;-1;-1;-1;-1;-1;-1;0;17;59;75;100;34;59;67;42;11.17;0;5;2.5;HK;Leiknir Reykjavík;2.36;1.09;2.33;0;2.5;0.75;100;84;42;25;0;59;59;34;1.96;0.71;2.67;1114;22;Y;Y;Y;N;N;N;Y
327279;6721;3821;2018;complete;2339;5;-1;37;72,88;1;2;3;8;7;15;-1;-1;2;3;0;0;5;5;6;4;11;9;-1;-1;49;51;2;3;2.65;3.6;2.25;1.01;1.16;1.56;2.4;0;0;0;0;0;0;1.54;2.4;0;0;0;0;0;0;0;0;0;0;0;0;0;0;0;0;0;0;0;0;0;0;0;0;0;0;0;0;0;0;0;0;0;0;0;0;0;0;0;0;0;0;0;0;0;0;0;0;0;0;0;0;0;3;1;0;0;2;2;1;2018-05-31 19:15:00;3821;0;75;0;75;0;1;1;2;4;6;3;6;9;1;0;1;3;1;4;1;0;0;0;0;1.53;1.4;2.93;0;0;0;0;0;0;1;1;0;0;0;0;0;0;-1;-1;-1;-1;-1;-1;-1;-1;-1;0;50;50;75;100;0;50;100;75;7.5;0;4;2.75;Njardvík;Haukar;1.18;1;0.5;0;1.25;1;100;50;50;25;0;100;100;100;0.98;1.02;2;1114;22;Y;Y;Y;N;N;N;Y
327280;6720;3813;2018;complete;2339;5;-1;59;37,41,84,90;1;4;5;7;4;11;-1;-1;2;2;0;0;8;9;9;3;17;12;-1;-1;47;53;2;2;3.7;3.45;1.87;1.02;1.24;1.8;3;0;0;0;0;0;0;1.77;2.05;0;0;0;0;0;0;0;0;0;0;0;0;0;0;0;0;0;0;0;0;0;0;0;0;0;0;0;0;0;0;0;0;0;0;0;0;0;0;0;0;0;0;0;0;0;0;0;0;0;0;0;0;0;5;0;2;1;2;3;2;2018-06-03 14:00:00;3813;0;50;25;25;0;1;1;4;2;3;2;6;5;1;2;1;0;3;1;1;0;0;0;0;2.06;1.72;3.78;0;0;0;0;0;0;1;1;0;0;2;0;0;0;-1;-1;-1;-1;-1;-1;-1;-1;-1;0;25;25;50;100;25;25;100;25;15.5;0;6;2;Magni;Thróttur Reykjavík;1.36;1.91;3;2;0.75;1;100;75;75;50;0;100;50;50;1.08;2.34;3.42;1114;22;Y;Y;Y;Y;Y;N;Y
327281;3820;3817;2018;complete;2339;5;-1;;31;0;1;1;5;0;5;-1;-1;4;3;0;0;5;7;6;3;11;10;-1;-1;54;46;4;3;3.75;3.7;1.8;1.01;1.16;1.56;2.4;0;0;0;0;0;0;1.59;2.3;0;0;0;0;0;0;0;0;0;0;0;0;0;0;0;0;0;0;0;0;0;0;0;0;0;0;0;0;0;0;0;0;0;0;0;0;0;0;0;0;0;0;0;0;0;0;0;0;0;0;0;0;0;1;0;1;0;0;0;1;2018-06-02 15:00:00;3817;0;50;50;0;0;1;1;4;0;1;0;4;1;1;1;3;2;2;5;1;0;0;0;0;1.37;1.36;2.72;0;0;0;0;0;0;1;1;0;0;1;0;0;0;-1;-1;-1;-1;-1;-1;-1;-1;-1;0;50;50;75;100;50;50;100;25;18;0;5;2.75;ÍR;Thór;0.64;1.82;0;2;0.75;1.75;100;50;50;25;0;100;100;100;1.49;1.83;3.32;1114;22;Y;N;N;N;N;N;N
327282;3816;3807;2018;complete;2339;5;-1;;49;0;1;1;1;6;7;-1;-1;3;1;0;0;3;9;4;4;7;13;-1;-1;56;44;3;1;3.9;3.75;1.74;1.01;1.18;1.61;2.55;0;0;0;0;0;0;1.67;2.15;0;0;0;0;0;0;0;0;0;0;0;0;0;0;0;0;0;0;0;0;0;0;0;0;0;0;0;0;0;0;0;0;0;0;0;0;0;0;0;0;0;0;0;0;0;0;0;0;0;0;0;0;0;1;0;0;0;1;1;0;2018-06-03 16:00:00;3807;0;25;0;0;0;1;1;0;5;1;1;5;2;1;0;2;1;1;3;1;0;0;0;0;0.86;1.67;2.53;0;0;0;0;0;0;1;1;0;0;0;1;0;0;-1;-1;-1;-1;-1;-1;-1;-1;-1;0;25;50;50;100;25;50;100;50;14;0;9;2.25;Fram;ÍA;1.18;2.09;2;3;1.75;2.5;100;75;50;50;0;75;75;50;1.42;1.29;2.71;1114;22;Y;N;N;N;N;N;N
327283;3804;3818;2018;complete;2339;5;-1;32;75;1;1;2;-1;-1;-1;-1;-1;-1;-1;-1;-1;-1;-1;-1;-1;-1;-1;-1;-1;-1;-1;-1;-1;1.27;5.25;8.5;1;1.11;1.42;2.05;0;0;0;0;0;0;1.8;2;0;0;0;0;0;0;0;0;0;0;0;0;0;0;0;0;0;0;0;0;0;0;0;0;0;0;0;0;0;0;0;0;0;0;0;0;0;0;0;0;0;0;0;0;0;0;0;0;0;0;0;0;0;2;1;0;0;1;1;1;2018-08-13 18:00:00;-1;0;79;7;57;0;-1;-1;-1;-1;-1;-1;-1;-1;-1;-1;-1;-1;-1;-1;-1;0;0;0;0;0;0;0;-1;-1;-1;-1;-1;-1;-1;1;0;0;-1;-1;-1;-1;-1;-1;-1;-1;-1;-1;-1;-1;-1;22;50;79;93;93;43;72;86;71;4.33;0;4.45;3.57;Víkingur Ólafsvík;Selfoss;1.91;0.27;2.43;0.29;2.07;0.73;79;50;22;7;7;34;25;25;0;1.31;1.31;1114;22;Y;Y;N;N;N;N;Y
327284;3821;3818;2018;complete;2339;6;-1;20,37,39,43,71;58,74,90;5;3;8;8;6;14;-1;-1;1;3;0;1;8;7;8;8;16;15;-1;-1;38;62;1;4;2.1;3.4;3.05;1.01;1.19;1.65;2.65;0;0;0;0;0;0;1.62;2.25;0;0;0;0;0;0;0;0;0;0;0;0;0;0;0;0;0;0;0;0;0;0;0;0;0;0;0;0;0;0;0;0;0;0;0;0;0;0;0;0;0;0;0;0;0;0;0;0;0;0;0;0;0;8;4;0;1;3;4;4;2018-06-08 18:30:00;3821;0;84;34;25;0;1;1;6;3;2;3;9;5;0;0;1;4;0;5;1;0;0;0;0;1.86;1.84;3.7;0;1;0;1;0;0;1;1;0;0;1;0;0;0;-1;-1;-1;-1;-1;-1;-1;-1;-1;0;84;84;84;100;59;59;84;50;6.67;0;3.5;3.5;Haukar;Selfoss;1.27;0.27;1.33;0.5;1.4;1.4;100;17;17;17;0;34;17;17;1.59;1.56;3.15;1114;22;Y;Y;Y;Y;Y;Y;Y
327285;3807;3820;2018;complete;2339;6;-1;40,86,87;;3;0;3;10;3;13;-1;-1;1;5;0;0;8;7;14;3;22;10;-1;-1;48;52;1;5;1.17;6;12.5;1;1.11;1.42;2.05;0;0;0;0;0;0;1.95;1.8;0;0;0;0;0;0;0;0;0;0;0;0;0;0;0;0;0;0;0;0;0;0;0;0;0;0;0;0;0;0;0;0;0;0;0;0;0;0;0;0;0;0;0;0;0;0;0;0;0;0;0;0;0;3;1;0;2;0;2;1;2018-06-08 18:00:00;3807;0;59;17;59;0;1;1;5;3;5;0;8;5;1;2;0;3;3;3;1;0;0;0;0;2.37;1.33;3.7;0;0;0;0;0;0;1;1;0;0;2;0;0;0;-1;-1;-1;-1;-1;-1;-1;-1;-1;0;59;59;84;100;42;84;100;59;15.83;0;5.5;3;ÍA;ÍR;2.27;1;2.33;1.5;2.6;0.6;100;42;42;17;0;84;59;59;2.18;1.4;3.58;1114;22;Y;Y;Y;N;N;N;N
327286;6721;3816;2018;complete;2339;6;-1;6,72;76,88;2;2;4;3;4;7;-1;-1;2;1;0;0;4;5;4;10;8;15;-1;-1;53;47;2;1;3.2;3.55;2;1.01;1.18;1.61;2.5;0;0;0;0;0;0;1.59;2.3;0;0;0;0;0;0;0;0;0;0;0;0;0;0;0;0;0;0;0;0;0;0;0;0;0;0;0;0;0;0;0;0;0;0;0;0;0;0;0;0;0;0;0;0;0;0;0;0;0;0;0;0;0;4;1;0;1;2;3;1;2018-06-08 19:15:00;-1;0;84;0;67;0;1;1;2;1;1;3;3;4;0;1;2;0;1;2;1;0;0;0;0;1.08;1.95;3.03;0;0;0;0;0;0;1;1;1;0;0;0;0;0;-1;-1;-1;-1;-1;-1;-1;-1;-1;25;50;67;84;100;50;67;100;84;11.33;0;4;3.25;Njardvík;Fram;1.18;1;0.33;1.5;1;1.4;75;50;34;17;0;75;75;75;1.17;1.15;2.32;1114;22;Y;Y;Y;Y;N;N;Y
327287;3813;3804;2018;complete;2339;6;-1;6;43,46,59;1;3;4;10;9;19;-1;-1;4;2;0;0;7;8;8;13;15;21;-1;-1;49;51;4;2;2.7;3.2;2.4;1.02;1.24;1.8;3;0;0;0;0;0;0;1.71;2.1;0;0;0;0;0;0;0;0;0;0;0;0;0;0;0;0;0;0;0;0;0;0;0;0;0;0;0;0;0;0;0;0;0;0;0;0;0;0;0;0;0;0;0;0;0;0;0;0;0;0;0;0;0;4;1;1;0;2;2;2;2018-06-08 19:15:00;3804;0;70;10;50;0;1;1;6;7;4;2;13;6;1;1;3;1;2;4;1;0;0;0;0;1.69;2.15;3.84;0;0;0;0;0;0;1;1;1;0;1;0;0;0;-1;-1;-1;-1;-1;-1;-1;-1;-1;0;50;60;80;100;45;70;90;60;12.5;0;4.25;2.9;Thróttur Reykjavík;Víkingur Ólafsvík;1.36;1.91;0;1.4;1.4;1.4;100;50;40;20;0;65;45;45;1.64;1.87;3.51;1114;22;Y;Y;Y;Y;N;N;Y
327288;3817;3822;2018;complete;2339;6;-1;41,75;16,80;2;2;4;8;5;13;-1;-1;1;2;1;0;12;3;11;2;23;5;-1;-1;47;53;3;2;3.1;3.5;2;1.01;1.21;1.69;2.75;0;0;0;0;0;0;1.67;2.15;0;0;0;0;0;0;0;0;0;0;0;0;0;0;0;0;0;0;0;0;0;0;0;0;0;0;0;0;0;0;0;0;0;0;0;0;0;0;0;0;0;0;0;0;0;0;0;0;0;0;0;0;0;4;1;1;1;1;2;2;2018-06-09 17:00:00;-1;0;75;0;75;0;1;1;4;2;4;3;6;7;1;0;1;2;1;3;1;0;0;0;0;2.69;0.76;3.46;0;1;0;1;0;0;1;1;0;0;0;1;0;0;-1;-1;-1;-1;-1;-1;-1;-1;-1;25;75;75;75;100;25;75;100;75;5;0;6.5;3.5;Thór;HK;2.09;2;1.5;3;2;2.6;75;25;25;25;0;25;25;25;1.36;1.7;3.06;1114;22;Y;Y;Y;Y;N;N;Y
327289;3814;6720;2018;complete;2339;6;-1;12,28,32;54;3;1;4;4;6;10;-1;-1;1;1;0;0;10;7;2;9;12;16;-1;-1;49;51;1;1;1.8;3.75;3.6;1.01;1.16;1.56;2.4;0;0;0;0;0;0;1.57;2.3;0;0;0;0;0;0;0;0;0;0;0;0;0;0;0;0;0;0;0;0;0;0;0;0;0;0;0;0;0;0;0;0;0;0;0;0;0;0;0;0;0;0;0;0;0;0;0;0;0;0;0;0;0;4;3;0;0;1;1;3;2018-06-09 16:00:00;3814;0;84;42;67;0;1;1;3;1;1;5;4;6;1;0;0;1;1;1;1;0;0;0;0;1.75;1.83;3.58;0;0;0;0;0;0;1;1;0;0;0;0;0;0;-1;-1;-1;-1;-1;-1;-1;-1;-1;25;67;100;100;100;84;84;67;67;11;0;4.33;3.92;Leiknir Reykjavík;Magni;1.18;0.36;1.5;0;0.6;0.6;75;34;0;0;0;84;59;59;1.75;1.12;2.87;1114;22;Y;Y;Y;Y;N;N;Y
327290;3820;6721;2018;complete;2339;7;-1;26;10,83;1;2;3;8;8;16;-1;-1;1;0;0;0;8;6;13;5;21;11;-1;-1;50;50;1;0;2.5;3.5;2.4;1.01;1.16;1.56;2.4;0;0;0;0;0;0;1.54;2.4;0;0;0;0;0;0;0;0;0;0;0;0;0;0;0;0;0;0;0;0;0;0;0;0;0;0;0;0;0;0;0;0;0;0;0;0;0;0;0;0;0;0;0;0;0;0;0;0;0;0;0;0;0;3;1;1;0;1;1;2;2018-06-12 19:15:00;6721;0;67;67;50;0;1;1;4;6;4;2;10;6;0;0;1;0;0;1;1;0;0;0;0;2.19;1.38;3.57;1;0;1;0;0;0;1;1;0;1;0;3;0;0;-1;-1;-1;-1;-1;-1;-1;-1;-1;25;67;67;84;100;67;84;84;67;8.5;0;6.5;3.42;ÍR;Njardvík;0.64;1.27;0;2;0.5;1;75;34;34;17;0;84;84;84;1.45;1.25;2.7;1114;22;Y;Y;Y;N;N;N;Y
327291;3816;3821;2018;complete;2339;7;-1;44,48,62;89;3;1;4;2;11;13;-1;-1;0;1;0;0;7;6;5;4;12;10;-1;-1;56;44;0;1;2.1;3.6;2.85;1;1.13;1.48;2.2;0;0;0;0;0;0;1.48;2.6;0;0;0;0;0;0;0;0;0;0;0;0;0;0;0;0;0;0;0;0;0;0;0;0;0;0;0;0;0;0;0;0;0;0;0;0;0;0;0;0;0;0;0;0;0;0;0;0;0;0;0;0;0;4;1;0;2;1;3;1;2018-06-12 19:15:00;3816;0;67;0;25;0;1;1;0;4;2;7;4;9;0;0;0;1;0;1;1;0;0;0;0;1.51;1.23;2.74;0;0;0;0;0;0;1;1;0;0;0;0;0;0;-1;-1;-1;-1;-1;-1;-1;-1;-1;0;42;84;84;100;17;84;100;84;7.5;0;7.5;3.09;Fram;Haukar;1.18;1;1.33;1.5;1.33;1.67;100;59;17;17;0;67;67;50;1.23;1.21;2.44;1114;22;Y;Y;Y;Y;N;N;Y
327292;3818;3813;2018;complete;2339;7;-1;;62;0;1;1;10;3;13;-1;-1;0;3;0;0;2;5;12;6;14;11;-1;-1;53;47;0;3;2.85;3.55;2.15;1.01;1.19;1.62;2.6;0;0;0;0;0;0;1.61;2.25;0;0;0;0;0;0;0;0;0;0;0;0;0;0;0;0;0;0;0;0;0;0;0;0;0;0;0;0;0;0;0;0;0;0;0;0;0;0;0;0;0;0;0;0;0;0;0;0;0;0;0;0;0;1;0;0;0;1;1;0;2018-06-12 19:15:00;3813;0;84;17;50;0;1;1;2;1;8;2;3;10;0;2;0;1;2;1;1;0;0;0;0;1.47;1.36;2.83;0;0;0;0;0;0;1;1;0;0;0;0;0;0;-1;-1;-1;-1;-1;-1;-1;-1;-1;17;34;67;100;100;50;67;100;50;13;0;5.33;3.17;Selfoss;Thróttur Reykjavík;1.09;1.91;2;2.33;1.17;1.17;84;67;33;0;0;84;84;84;1.98;2.13;4.11;1114;22;Y;N;N;N;N;N;N
327293;6720;3817;2018;complete;2339;7;-1;76;85,87;1;2;3;4;6;10;-1;-1;6;3;1;0;4;9;2;8;6;17;-1;-1;53;47;7;3;3.55;3.4;1.91;1.01;1.18;1.61;2.5;0;0;0;0;0;0;1.61;2.25;0;0;0;0;0;0;0;0;0;0;0;0;0;0;0;0;0;0;0;0;0;0;0;0;0;0;0;0;0;0;0;0;0;0;0;0;0;0;0;0;0;0;0;0;0;0;0;0;0;0;0;0;0;3;0;0;1;2;3;0;2018-06-13 19:15:00;3817;0;42;17;25;0;1;1;3;2;1;4;5;5;2;1;5;2;3;7;1;0;0;0;0;0.81;2.09;2.91;0;0;0;0;0;0;1;1;0;0;0;1;0;0;-1;-1;-1;-1;-1;-1;-1;-1;-1;25;42;42;42;100;42;59;84;25;15.17;0;4;2.5;Magni;Thór;1.36;1.82;1.5;2.33;0.5;1.83;75;59;59;59;0;84;59;59;1.57;1.67;3.24;1114;22;Y;Y;Y;N;N;N;Y
327294;3822;3807;2018;complete;2339;7;-1;;;0;0;0;3;10;13;-1;-1;6;2;0;0;3;7;6;8;9;15;-1;-1;46;54;6;2;2.75;3.5;2.25;1.01;1.18;1.61;2.55;0;0;0;0;0;0;1.59;2.3;0;0;0;0;0;0;0;0;0;0;0;0;0;0;0;0;0;0;0;0;0;0;0;0;0;0;0;0;0;0;0;0;0;0;0;0;0;0;0;0;0;0;0;0;0;0;0;0;0;0;0;0;0;0;0;0;0;0;0;0;2018-06-13 19:15:00;-1;0;38;25;13;0;1;1;2;9;1;1;11;2;2;1;4;1;3;5;1;0;0;0;0;1.03;1.71;2.74;0;0;0;0;0;0;1;1;0;0;0;2;0;0;-1;-1;-1;-1;-1;-1;-1;-1;-1;0;13;38;50;100;38;38;75;13;15.5;0;4.25;2;HK;ÍA;2.36;2.09;2.5;3;2.33;2.67;100;88;63;50;0;63;63;63;2.04;1.48;3.52;1114;22;N;N;N;N;N;N;N
327295;3804;3814;2018;complete;2339;7;-1;50,90,90;;3;0;3;-1;-1;-1;-1;-1;2;4;0;0;-1;-1;-1;-1;-1;-1;-1;-1;-1;-1;2;4;1.51;4.15;5.1;1.01;1.15;1.53;2.35;0;0;0;0;0;0;1.67;2.15;0;0;0;0;0;0;0;0;0;0;0;0;0;0;0;0;0;0;0;0;0;0;0;0;0;0;0;0;0;0;0;0;0;0;0;0;0;0;0;0;0;0;0;0;0;0;0;0;0;0;0;0;0;3;0;0;3;0;3;0;2018-06-13 19:15:00;3804;0;17;17;0;0;-1;1;-1;-1;-1;-1;-1;-1;1;0;1;4;1;5;-1;0;0;0;0;0;0;0;0;0;0;0;0;0;1;1;0;0;-1;-1;0;0;-1;-1;-1;-1;-1;-1;-1;-1;-1;0;0;34;34;50;17;34;50;17;3.67;0;3;1.17;Víkingur Ólafsvík;Leiknir Reykjavík;1.91;1.09;0;0;1.67;1;50;50;17;17;0;34;34;17;0;0.97;0.97;1114;22;Y;Y;Y;N;N;N;N
327296;3821;3813;2018;complete;2339;8;-1;50,84;19,42,61,71,89;2;5;7;5;8;13;-1;-1;1;3;0;0;4;12;9;3;13;15;-1;-1;54;46;1;3;2.4;3.4;2.55;1.01;1.16;1.56;2.4;0;0;0;0;0;0;1.54;2.4;0;0;0;0;0;0;0;0;0;0;0;0;0;0;0;0;0;0;0;0;0;0;0;0;0;0;0;0;0;0;0;0;0;0;0;0;0;0;0;0;0;0;0;0;0;0;0;0;0;0;0;0;0;7;0;2;2;3;5;2;2018-06-21 18:30:00;3813;0;75;38;38;0;1;1;3;3;2;5;6;7;1;2;0;1;3;1;1;0;0;0;0;1.31;2;3.31;0;0;0;0;0;0;1;1;0;0;0;1;0;1;-1;-1;-1;-1;-1;-1;-1;-1;-1;25;63;63;75;100;63;63;88;38;11.25;0;4.33;3.63;Haukar;Thróttur Reykjavík;1.27;1.91;1.75;2.5;1.43;1.43;75;38;38;25;0;88;75;75;1.65;1.94;3.59;1114;22;Y;Y;Y;Y;Y;Y;Y
327297;6721;3822;2018;complete;2339;8;-1;;37,42;0;2;2;4;8;12;-1;-1;0;2;0;0;0;6;4;8;4;14;-1;-1;52;48;0;2;3.8;3.7;1.77;1.01;1.18;1.61;2.55;0;0;0;0;0;0;1.62;2.25;0;0;0;0;0;0;0;0;0;0;0;0;0;0;0;0;0;0;0;0;0;0;0;0;0;0;0;0;0;0;0;0;0;0;0;0;0;0;0;0;0;0;0;0;0;0;0;0;0;0;0;0;0;2;0;2;0;0;0;2;2018-06-20 19:15:00;3822;0;88;25;75;0;1;1;0;3;4;5;3;9;0;1;0;1;1;1;1;0;0;0;0;0.42;1.58;2;0;0;0;0;0;0;1;1;0;0;0;3;0;0;-1;-1;-1;-1;-1;-1;-1;-1;-1;0;63;75;88;100;25;75;100;88;8;0;4.17;3.25;Njardvík;HK;1.18;2;0.5;2;1.29;2.14;100;38;25;13;0;63;63;63;1.14;1.23;2.37;1114;22;Y;Y;N;N;N;N;N
327298;3816;3820;2018;complete;2339;8;-1;8;43,45;1;2;3;5;4;9;-1;-1;1;4;0;0;6;4;4;11;10;15;-1;-1;60;40;1;4;1.51;4.45;4.75;1;1.13;1.49;2.25;0;0;0;0;0;0;1.62;2.25;0;0;0;0;0;0;0;0;0;0;0;0;0;0;0;0;0;0;0;0;0;0;0;0;0;0;0;0;0;0;0;0;0;0;0;0;0;0;0;0;0;0;0;0;0;0;0;0;0;0;0;0;0;3;1;2;0;0;0;3;2018-06-20 19:15:00;3820;0;42;0;29;0;1;1;2;1;3;3;3;6;0;0;1;4;0;5;1;0;0;0;0;1.29;1.4;2.68;0;0;0;0;0;0;1;1;1;0;0;0;0;0;-1;-1;-1;-1;-1;-1;-1;-1;-1;0;42;71;88;100;29;88;100;71;7.42;0;6.67;3;Fram;ÍR;1.18;1;1.75;1;1.57;0.43;100;59;29;13;0;75;59;46;1.3;1.38;2.68;1114;22;Y;Y;Y;N;N;N;Y
327299;3814;3818;2018;complete;2339;8;-1;65;3;1;1;2;13;4;17;-1;-1;3;2;0;0;6;4;10;8;16;12;-1;-1;62;38;3;2;2.05;3.5;3;1.01;1.16;1.54;2.35;0;0;0;0;0;0;1.54;2.4;0;0;0;0;0;0;0;0;0;0;0;0;0;0;0;0;0;0;0;0;0;0;0;0;0;0;0;0;0;0;0;0;0;0;0;0;0;0;0;0;0;0;0;0;0;0;0;0;0;0;0;0;0;2;0;1;1;0;1;1;2018-06-21 19:15:00;-1;0;100;17;67;0;1;1;4;3;9;1;7;10;1;0;2;2;1;4;1;0;0;0;0;1.79;1.23;3.02;0;0;0;0;0;0;1;1;0;1;3;0;0;0;-1;-1;-1;-1;-1;-1;-1;-1;-1;33;100;100;100;100;84;84;100;84;10;0;4.67;4.83;Leiknir Reykjavík;Selfoss;1.18;0.27;2;0.33;0.86;1;67;0;0;0;0;67;50;33;1.75;1.65;3.4;1114;22;Y;Y;N;N;N;N;Y
327300;3817;3804;2018;complete;2339;8;-1;;77,79;0;2;2;6;3;9;-1;-1;2;4;0;0;2;5;9;8;11;13;-1;-1;52;48;2;4;2.7;3.35;2.3;1.02;1.23;1.77;2.9;0;0;0;0;0;0;1.69;2.1;0;0;0;0;0;0;0;0;0;0;0;0;0;0;0;0;0;0;0;0;0;0;0;0;0;0;0;0;0;0;0;0;0;0;0;0;0;0;0;0;0;0;0;0;0;0;0;0;0;0;0;0;0;2;0;0;0;2;2;0;2018-06-20 19:15:00;3804;0;59;33;34;0;1;1;2;1;4;2;3;6;2;2;0;2;4;2;1;0;0;0;0;1.14;1.51;2.65;0;0;0;0;0;0;1;1;0;0;1;1;0;0;-1;-1;-1;-1;-1;-1;-1;-1;-1;17;42;50;67;100;59;59;92;50;12.5;0;5.53;2.75;Thór;Víkingur Ólafsvík;2.09;1.91;1.33;1.67;2;1.86;84;58;50;33;0;75;59;59;1.81;1.92;3.73;1114;22;Y;Y;N;N;N;N;N
327301;3807;6720;2018;complete;2339;8;-1;16,19,43,72,76;;5;0;5;2;3;5;-1;-1;1;2;0;0;8;2;9;2;17;4;-1;-1;53;47;1;2;1.2;6.1;9.75;1;1.11;1.4;2;0;0;0;0;0;0;1.91;1.87;0;0;0;0;0;0;0;0;0;0;0;0;0;0;0;0;0;0;0;0;0;0;0;0;0;0;0;0;0;0;0;0;0;0;0;0;0;0;0;0;0;0;0;0;0;0;0;0;0;0;0;0;0;5;3;0;2;0;2;3;2018-06-20 18:00:00;3807;0;63;25;38;0;1;1;1;3;1;0;4;1;0;0;1;2;0;3;1;0;0;0;0;1.92;0.55;2.48;1;0;1;0;0;0;1;1;0;0;0;0;0;0;-1;-1;-1;-1;-1;-1;-1;-1;-1;0;50;88;88;100;50;75;75;50;14.75;0;4;3.25;ÍA;Magni;2.27;0.36;2.5;0;2.43;0.43;100;50;13;13;0;75;75;63;2.23;1.3;3.53;1114;22;Y;Y;Y;Y;Y;N;N
327302;3822;3816;2018;complete;2339;9;-1;26;;1;0;1;4;5;9;-1;-1;1;3;0;0;5;6;5;6;10;12;-1;-1;48;52;1;3;1.57;4.15;4.5;1;1.13;1.47;2.2;0;0;0;0;0;0;1.59;2.3;0;0;0;0;0;0;0;0;0;0;0;0;0;0;0;0;0;0;0;0;0;0;0;0;0;0;0;0;0;0;0;0;0;0;0;0;0;0;0;0;0;0;0;0;0;0;0;0;0;0;0;0;0;1;1;0;0;0;0;1;2018-06-27 19:15:00;3822;0;80;20;60;0;1;1;0;2;4;3;2;7;1;0;0;3;1;3;1;0;0;0;0;1.3;1.39;2.69;0;0;0;0;0;0;1;1;0;0;0;1;0;0;-1;-1;-1;-1;-1;-1;-1;-1;-1;17;60;80;90;90;64;80;70;60;11.27;0;5;3.37;HK;Fram;2.36;1;2.2;1.33;2.25;1.38;84;40;20;10;10;57;57;57;1.84;1.41;3.25;1114;22;Y;N;N;N;N;N;N
327303;3813;3814;2018;complete;2339;9;-1;;19,80;0;2;2;0;4;4;-1;-1;0;0;1;0;2;3;6;8;8;11;-1;-1;49;51;2;0;1.71;3.85;3.9;1;1.14;1.49;2.25;0;0;0;0;0;0;1.56;2.4;0;0;0;0;0;0;0;0;0;0;0;0;0;0;0;0;0;0;0;0;0;0;0;0;0;0;0;0;0;0;0;0;0;0;0;0;0;0;0;0;0;0;0;0;0;0;0;0;0;0;0;0;0;2;0;1;0;1;1;1;2018-06-29 19:15:00;3814;0;63;29;34;0;1;1;0;1;0;3;1;3;0;0;1;0;0;1;1;0;0;0;0;0.85;1.23;2.09;0;0;0;0;0;0;1;1;0;0;0;1;0;0;-1;-1;-1;-1;-1;-1;-1;-1;-1;0;50;88;88;100;46;75;100;75;11.34;0;6;3.25;Thróttur Reykjavík;Leiknir Reykjavík;1.36;1.09;0;0;1.63;0.88;100;50;13;13;0;67;67;50;1.66;0.97;2.63;1114;22;Y;Y;N;N;N;N;N
327304;3804;3807;2018;complete;2339;9;-1;15,78;90;2;1;3;-1;-1;-1;-1;-1;2;2;0;0;-1;-1;-1;-1;-1;-1;-1;-1;-1;-1;2;2;2.7;3.2;2.35;1.03;1.3;1.95;3.45;0;0;0;0;0;0;1.83;1.95;0;0;0;0;0;0;0;0;0;0;0;0;0;0;0;0;0;0;0;0;0;0;0;0;0;0;0;0;0;0;0;0;0;0;0;0;0;0;0;0;0;0;0;0;0;0;0;0;0;0;0;0;0;3;1;0;1;1;2;1;2018-06-29 19:15:00;3804;0;0;0;0;0;-1;1;-1;-1;-1;-1;-1;-1;0;0;2;2;0;4;-1;0;0;0;0;0;0;0;0;0;0;0;0;0;1;1;0;0;-1;-1;0;0;-1;-1;-1;-1;-1;-1;-1;-1;-1;0;0;50;50;84;0;0;84;50;8.67;0;4;1.84;Víkingur Ólafsvík;ÍA;1.91;2.09;3;2.33;2;2.5;100;100;50;50;17;34;34;34;0;1.56;1.56;1114;22;Y;Y;Y;N;N;N;Y
327305;3820;3821;2018;complete;2339;9;-1;;15,19,64,74;0;4;4;5;9;14;-1;-1;3;1;0;0;0;5;0;0;0;5;-1;-1;52;48;3;1;3;3.75;2;1;1.14;1.5;2.25;0;0;0;0;0;0;1.5;2.5;0;0;0;0;0;0;0;0;0;0;0;0;0;0;0;0;0;0;0;0;0;0;0;0;0;0;0;0;0;0;0;0;0;0;0;0;0;0;0;0;0;0;0;0;0;0;0;0;0;0;0;0;0;4;0;2;0;2;2;2;2018-06-29 19:15:00;3821;0;75;25;34;0;1;1;1;7;4;2;8;6;1;1;2;0;2;2;-1;0;0;0;0;0;0;0;0;1;0;1;0;0;1;1;0;0;1;1;0;0;-1;-1;-1;-1;-1;-1;-1;-1;-1;0;46;75;88;100;25;88;88;63;12.42;0;5.33;3.09;ÍR;Haukar;0.64;1;0;1;0.75;1.25;100;54;25;13;0;88;88;88;1.63;1.22;2.85;1114;22;Y;Y;Y;Y;N;N;N
327306;3818;3817;2018;complete;2339;9;-1;18,26,88;19,72,74,77,78;3;5;8;-1;-1;-1;-1;-1;4;2;0;0;-1;-1;-1;-1;-1;-1;-1;-1;-1;-1;4;2;2.8;3.4;2.25;1.01;1.2;1.67;2.7;0;0;0;0;0;0;1.65;2.2;0;0;0;0;0;0;0;0;0;0;0;0;0;0;0;0;0;0;0;0;0;0;0;0;0;0;0;0;0;0;0;0;0;0;0;0;0;0;0;0;0;0;0;0;0;0;0;0;0;0;0;0;0;8;2;1;1;4;5;3;2018-06-30 16:00:00;3817;0;50;13;25;0;-1;1;-1;-1;-1;-1;-1;-1;2;0;2;2;2;4;-1;0;0;0;0;0;0;0;0;0;0;0;0;0;1;1;0;0;-1;-1;1;0;-1;-1;-1;-1;-1;-1;-1;-1;-1;0;13;50;63;100;25;50;88;25;14.5;0;4.08;2.25;Selfoss;Thór;1.09;1.82;1.5;2.5;1;1.75;100;88;50;38;0;75;75;63;1.85;1.78;3.63;1114;22;Y;Y;Y;Y;Y;Y;Y
327307;6720;6721;2018;complete;2339;9;-1;82,89;;2;0;2;-1;-1;-1;-1;-1;2;1;0;0;-1;-1;-1;-1;-1;-1;-1;-1;-1;-1;2;1;2.65;3.55;2.25;1;1.13;1.49;2.25;0;0;0;0;0;0;1.49;2.55;0;0;0;0;0;0;0;0;0;0;0;0;0;0;0;0;0;0;0;0;0;0;0;0;0;0;0;0;0;0;0;0;0;0;0;0;0;0;0;0;0;0;0;0;0;0;0;0;0;0;0;0;0;2;0;0;2;0;2;0;2018-06-30 16:00:00;6720;0;84;50;67;0;-1;1;-1;-1;-1;-1;-1;-1;1;0;1;1;1;2;-1;0;0;0;0;0;0;0;0;0;0;0;0;0;1;1;0;0;-1;-1;0;0;-1;-1;-1;-1;-1;-1;-1;-1;-1;33;50;84;84;100;67;67;100;67;10.67;0;5.34;3.5;Magni;Njardvík;1.36;1.27;1;2.33;0.38;1.13;67;50;17;17;0;100;84;67;1.32;1.29;2.61;1114;22;Y;Y;N;N;N;N;N
327308;3817;3813;2018;complete;2339;10;-1;35,52,67;14;3;1;4;4;5;9;-1;-1;2;4;0;0;8;2;5;2;13;4;-1;-1;49;51;2;4;2.1;3.6;2.95;0;0;0;0;0;0;0;0;0;0;0;0;0;0;0;0;0;0;0;0;0;0;0;0;0;0;0;0;0;0;0;0;0;0;0;0;0;0;0;0;0;0;0;0;0;0;0;0;0;0;0;0;0;0;0;0;0;0;0;0;0;0;0;0;0;4;1;1;2;0;2;2;2018-07-04 18:00:00;3817;0;65;23;55;0;1;1;3;2;1;3;5;4;1;0;1;4;1;5;1;0;0;0;0;1.59;0.6;2.2;0;0;0;0;0;0;1;1;0;0;0;0;0;0;-1;-1;-1;-1;-1;-1;-1;-1;-1;33;55;55;78;100;55;55;100;68;12.8;0;6;3.4;Thór;Thróttur Reykjavík;2.09;1.91;1;2.6;1.89;1.44;68;45;45;23;0;88;75;75;1.64;1.95;3.59;1114;22;Y;Y;Y;Y;N;N;Y
327309;3821;3814;2018;complete;2339;10;-1;;15,67;0;2;2;7;4;11;-1;-1;3;1;0;0;2;5;9;12;11;17;-1;-1;47;53;3;1;1.95;3.7;3.2;1;1.13;1.47;2.2;0;0;0;0;0;0;1.49;2.55;0;0;0;0;0;0;0;0;0;0;0;0;0;0;0;0;0;0;0;0;0;0;0;0;0;0;0;0;0;0;0;0;0;0;0;0;0;0;0;0;0;0;0;0;0;0;0;0;0;0;0;0;0;2;0;1;0;1;1;1;2018-07-05 18:30:00;3814;0;50;30;20;0;1;1;3;0;4;4;3;8;0;0;3;1;0;4;1;0;0;0;0;1.18;1.8;2.97;0;0;0;0;0;0;1;1;0;0;0;0;0;0;-1;-1;-1;-1;-1;-1;-1;-1;-1;20;40;70;80;100;50;70;90;40;8.55;0;3.75;3.6;Haukar;Leiknir Reykjavík;1.27;1.09;1.4;0.6;1.44;1.11;80;60;30;20;0;65;55;43;1.58;1.04;2.62;1114;22;Y;Y;N;N;N;N;N
327310;3807;3818;2018;complete;2339;10;-1;38,45;;2;0;2;8;6;14;-1;-1;1;2;0;0;6;2;4;3;10;5;-1;-1;49;51;1;2;1.19;5.9;11.5;1;1.13;1.47;2.2;0;0;0;0;0;0;1.95;1.83;0;0;0;0;0;0;0;0;0;0;0;0;0;0;0;0;0;0;0;0;0;0;0;0;0;0;0;0;0;0;0;0;0;0;0;0;0;0;0;0;0;0;0;0;0;0;0;0;0;0;0;0;0;2;2;0;0;0;0;2;2018-07-05 19:15:00;3807;0;70;10;45;0;1;1;3;2;5;4;5;9;0;2;1;0;2;1;1;0;0;0;0;1.42;0.68;2.09;0;0;0;0;0;0;1;1;0;0;0;1;0;0;-1;-1;-1;-1;-1;-1;-1;-1;-1;23;68;78;90;100;45;78;100;78;12.6;0;4.42;3.95;ÍA;Selfoss;2.27;0.27;2.6;0.5;2.22;0.89;78;33;23;10;0;55;55;55;2.17;1.55;3.72;1114;22;Y;Y;N;N;N;N;N
327311;6721;3804;2018;complete;2339;10;-1;41;34;1;1;2;-1;-1;-1;-1;-1;3;1;0;1;-1;-1;-1;-1;-1;-1;-1;-1;-1;-1;3;3;4.2;3.65;1.71;1.01;1.17;1.57;2.45;0;0;0;0;0;0;1.62;2.25;0;0;0;0;0;0;0;0;0;0;0;0;0;0;0;0;0;0;0;0;0;0;0;0;0;0;0;0;0;0;0;0;0;0;0;0;0;0;0;0;0;0;0;0;0;0;0;0;0;0;0;0;0;2;1;1;0;0;0;2;2018-07-05 19:15:00;-1;0;52;15;20;0;-1;1;-1;-1;-1;-1;-1;-1;0;0;3;2;0;5;-1;0;0;0;0;0;0;0;0;0;0;0;0;0;1;1;0;0;-1;-1;0;0;-1;-1;-1;-1;-1;-1;-1;-1;-1;0;17;35;76;100;32;52;83;52;11.2;0;3.75;2.27;Njardvík;Víkingur Ólafsvík;1.18;1.91;0.4;1.86;1;2.11;100;83;66;25;0;83;62;62;1;1.86;2.86;1114;22;Y;Y;N;N;N;N;Y
327312;3820;3822;2018;complete;2339;10;-1;49;90;1;1;2;7;10;17;-1;-1;6;3;0;0;4;4;3;10;7;14;-1;-1;52;48;6;3;5.4;4.05;1.5;1.01;1.18;1.61;2.5;0;0;0;0;0;0;1.74;2.05;0;0;0;0;0;0;0;0;0;0;0;0;0;0;0;0;0;0;0;0;0;0;0;0;0;0;0;0;0;0;0;0;0;0;0;0;0;0;0;0;0;0;0;0;0;0;0;0;0;0;0;0;0;2;0;0;1;1;2;0;2018-07-05 19:15:00;-1;0;54;37;34;0;1;1;5;3;2;7;8;9;3;0;3;3;3;6;1;0;0;0;0;1;1.56;2.56;0;0;0;0;0;0;1;1;0;0;0;1;0;0;-1;-1;-1;-1;-1;-1;-1;-1;-1;0;54;64;90;100;64;90;74;54;9.93;0;5.33;3.07;ÍR;HK;0.64;2;0;2.33;0.67;2.33;100;47;37;10;0;74;74;74;1.63;1.35;2.98;1114;22;Y;Y;N;N;N;N;Y
327313;3816;6720;2018;complete;2339;10;-1;8,56,71;4;3;1;4;1;3;4;-1;-1;1;0;0;0;8;6;5;4;13;10;-1;-1;55;45;1;0;1.59;4.1;4.55;1;1.12;1.45;2.15;0;0;0;0;0;0;1.56;2.35;0;0;0;0;0;0;0;0;0;0;0;0;0;0;0;0;0;0;0;0;0;0;0;0;0;0;0;0;0;0;0;0;0;0;0;0;0;0;0;0;0;0;0;0;0;0;0;0;0;0;0;0;0;4;1;1;2;0;2;2;2018-07-07 16:00:00;3816;0;60;20;20;0;1;1;1;2;0;1;3;1;0;0;1;0;0;1;1;0;0;0;0;1.67;1.35;3.02;0;0;0;0;0;0;1;1;1;1;0;0;0;0;-1;-1;-1;-1;-1;-1;-1;-1;-1;10;50;90;90;100;60;80;70;50;7.4;0;4.5;3.4;Fram;Magni;1.18;0.36;1.4;0;1.22;0.67;90;50;10;10;0;60;50;30;1.3;1.15;2.45;1114;22;Y;Y;Y;Y;N;N;Y
327314;3804;3816;2018;complete;2339;11;-1;19,37;90;2;1;3;-1;-1;-1;-1;-1;3;1;0;1;-1;-1;-1;-1;-1;-1;-1;-1;-1;-1;3;3;1.48;4.2;5.45;1.01;1.16;1.56;2.4;0;0;0;0;0;0;1.74;2.05;0;0;0;0;0;0;0;0;0;0;0;0;0;0;0;0;0;0;0;0;0;0;0;0;0;0;0;0;0;0;0;0;0;0;0;0;0;0;0;0;0;0;0;0;0;0;0;0;0;0;0;0;0;3;2;0;0;1;1;2;2018-07-12 19:15:00;3804;0;63;0;63;0;-1;1;-1;-1;-1;-1;-1;-1;0;0;3;2;0;5;-1;0;0;0;0;0;0;0;0;1;0;1;0;0;1;1;0;0;-1;-1;0;0;-1;-1;-1;-1;-1;-1;-1;-1;-1;13;38;88;88;100;25;75;88;88;4.75;0;4.25;3.25;Víkingur Ólafsvík;Fram;1.91;1;3;1;2;1.4;88;63;13;13;0;25;13;13;0;1.41;1.41;1114;22;Y;Y;Y;N;N;N;Y
327315;3822;3821;2018;complete;2339;11;-1;19,54,67;;3;0;3;6;2;8;-1;-1;-1;-1;-1;-1;7;0;12;3;19;3;-1;-1;52;48;-1;-1;1.71;3.9;3.85;1;1.12;1.43;2.1;0;0;0;0;0;0;1.5;2.5;0;0;0;0;0;0;0;0;0;0;0;0;0;0;0;0;0;0;0;0;0;0;0;0;0;0;0;0;0;0;0;0;0;0;0;0;0;0;0;0;0;0;0;0;0;0;0;0;0;0;0;0;0;3;1;0;2;0;2;1;2018-07-12 19:15:00;3822;0;63;17;34;0;1;-1;4;0;2;2;4;4;-1;-1;-1;-1;-1;-1;1;0;0;0;0;2.14;0.46;2.6;0;0;0;0;0;0;1;1;0;0;1;0;-1;-1;-1;-1;-1;-1;-1;-1;-1;-1;-1;0;46;75;84;92;38;84;67;59;13.42;0;4.67;2.96;HK;Haukar;2.36;1;2.33;1.5;2.2;1.3;100;54;25;17;9;92;84;84;1.75;1.22;2.97;1114;22;Y;Y;Y;N;N;N;N
327316;3818;6721;2018;complete;2339;11;-1;13,48,60,90;67;4;1;5;2;12;14;-1;-1;2;2;0;0;8;7;7;13;15;20;-1;-1;47;53;2;2;1.95;3.65;3.2;1.01;1.17;1.57;2.45;0;0;0;0;0;0;1.57;2.35;0;0;0;0;0;0;0;0;0;0;0;0;0;0;0;0;0;0;0;0;0;0;0;0;0;0;0;0;0;0;0;0;0;0;0;0;0;0;0;0;0;0;0;0;0;0;0;0;0;0;0;0;0;5;1;0;3;1;4;1;2018-07-12 19:15:00;3818;0;68;48;45;0;1;1;2;8;0;4;10;4;0;0;2;2;0;4;1;0;0;0;0;1.73;2.02;3.74;0;0;0;0;0;0;1;1;0;0;0;1;0;0;-1;-1;-1;-1;-1;-1;-1;-1;-1;23;35;68;90;100;58;68;100;58;11.5;0;3.7;3.45;Selfoss;Njardvík;1.09;1.27;1.2;1.75;0.8;1;78;65;33;10;0;88;88;88;1.85;1.29;3.14;1114;22;Y;Y;Y;Y;Y;N;Y
327317;3813;3807;2018;complete;2339;11;-1;17,23,49,86;39;4;1;5;6;8;14;-1;-1;1;1;0;0;11;8;8;9;19;17;-1;-1;50;50;1;1;4.75;4.1;1.56;1.01;1.16;1.56;2.4;0;0;0;0;0;0;0;0;0;0;0;0;0;0;0;0;0;0;0;0;0;0;0;0;0;0;0;0;0;0;0;0;0;0;0;0;0;0;0;0;0;0;0;0;0;0;0;0;0;0;0;0;0;0;0;0;0;0;0;0;0;5;2;1;2;0;2;3;2018-07-13 19:15:00;3813;0;50;13;38;0;1;1;3;5;3;3;8;6;1;0;0;1;1;1;1;0;0;0;0;2.29;1.95;4.24;0;0;0;0;0;0;1;1;0;0;0;2;0;0;-1;-1;-1;-1;-1;-1;-1;-1;-1;0;38;50;63;88;25;63;88;50;14.42;0;4.5;2.38;Thróttur Reykjavík;ÍA;1.36;2.09;0;1.75;1.3;2.3;100;63;50;38;13;59;59;59;1.45;1.56;3.01;1114;22;Y;Y;Y;Y;Y;N;Y
327318;3814;3817;2018;complete;2339;11;-1;;84;0;1;1;2;5;7;-1;-1;1;1;0;0;3;7;3;9;6;16;-1;-1;47;53;1;1;2.85;3.6;2.15;1.01;1.18;1.61;2.55;0;0;0;0;0;0;1.59;2.3;0;0;0;0;0;0;0;0;0;0;0;0;0;0;0;0;0;0;0;0;0;0;0;0;0;0;0;0;0;0;0;0;0;0;0;0;0;0;0;0;0;0;0;0;0;0;0;0;0;0;0;0;0;1;0;0;0;1;1;0;2018-07-14 16:00:00;3817;0;80;33;45;0;1;1;0;2;2;3;2;5;0;0;1;1;0;2;1;0;0;0;0;0.91;1.89;2.8;0;0;0;0;0;0;1;1;0;0;0;0;0;0;-1;-1;-1;-1;-1;-1;-1;-1;-1;23;58;68;80;100;58;80;90;45;15.75;0;4.25;3.58;Leiknir Reykjavík;Thór;1.18;1.82;1.75;2.6;1.3;2;78;43;33;20;0;88;75;50;1.76;1.78;3.54;1114;22;Y;N;N;N;N;N;N
327319;6720;3820;2018;complete;2339;11;-1;;85;0;1;1;-1;-1;-1;-1;-1;7;4;1;0;-1;-1;-1;-1;-1;-1;-1;-1;-1;-1;8;4;2.25;3.5;2.7;1.01;1.16;1.54;2.35;0;0;0;0;0;0;1.53;2.45;0;0;0;0;0;0;0;0;0;0;0;0;0;0;0;0;0;0;0;0;0;0;0;0;0;0;0;0;0;0;0;0;0;0;0;0;0;0;0;0;0;0;0;0;0;0;0;0;0;0;0;0;0;1;0;0;0;1;1;0;2018-07-14 16:00:00;3820;0;50;13;38;0;-1;1;-1;-1;-1;-1;-1;-1;3;0;5;4;3;9;-1;0;0;0;0;0;0;0;0;1;0;1;0;0;1;1;0;0;-1;-1;0;0;-1;-1;-1;-1;-1;-1;-1;-1;-1;13;25;63;88;100;38;63;88;63;10.17;0;7;2.88;Magni;ÍR;1.36;1;1.5;1.5;0.6;0.7;88;75;38;13;0;100;59;42;1.32;1.38;2.7;1114;22;Y;N;N;N;N;N;N
327320;3817;3821;2018;complete;2339;12;-1;54,57,60,78;14;4;1;5;13;3;16;-1;-1;5;2;0;0;6;5;16;2;22;7;-1;-1;52;48;5;2;1.57;4.3;4.35;1;1.11;1.43;2.1;0;0;0;0;0;0;1.54;2.4;0;0;0;0;0;0;0;0;0;0;0;0;0;0;0;0;0;0;0;0;0;0;0;0;0;0;0;0;0;0;0;0;0;0;0;0;0;0;0;0;0;0;0;0;0;0;0;0;0;0;0;0;0;5;0;1;4;0;4;1;2018-07-19 18:00:00;3817;0;60;20;40;0;1;1;4;3;9;0;7;9;0;1;5;1;1;6;1;0;0;0;0;2.25;0.95;3.21;1;0;1;0;0;0;1;1;0;0;0;0;0;0;-1;-1;-1;-1;-1;-1;-1;-1;-1;10;60;80;90;100;40;80;100;90;11.8;0;4.8;3.4;Thór;Haukar;2.09;1;1.4;1.2;2.09;1.18;90;40;20;10;0;80;60;60;1.63;1.03;2.66;1114;22;Y;Y;Y;Y;Y;N;Y
327321;3818;3816;2018;complete;2339;12;-1;81;35,54,78;1;3;4;3;4;7;-1;-1;-1;-1;-1;-1;5;8;4;4;9;12;-1;-1;52;48;-1;-1;2.5;3.4;2.5;1.01;1.15;1.53;2.35;0;0;0;0;0;0;1.51;2.45;0;0;0;0;0;0;0;0;0;0;0;0;0;0;0;0;0;0;0;0;0;0;0;0;0;0;0;0;0;0;0;0;0;0;0;0;0;0;0;0;0;0;0;0;0;0;0;0;0;0;0;0;0;4;0;1;1;2;3;1;2018-07-19 19:15:00;3816;0;74;9;55;0;1;-1;2;3;1;1;5;2;-1;-1;-1;-1;-1;-1;1;0;0;0;0;1.06;1.6;2.66;-1;-1;-1;-1;-1;-1;-1;1;0;0;0;2;-1;-1;-1;-1;-1;-1;-1;-1;-1;-1;-1;27;47;74;82;100;47;84;90;55;10.35;0;4.57;3.54;Selfoss;Fram;1.09;1;1.5;0.8;1;1.27;74;54;27;19;0;65;53;53;1.83;1.41;3.24;1114;22;Y;Y;Y;Y;N;N;Y
327322;3814;3807;2018;complete;2339;12;-1;;;0;0;0;3;8;11;-1;-1;-1;-1;-1;-1;6;14;4;9;10;23;-1;-1;47;53;-1;-1;4.8;3.85;1.59;1.01;1.2;1.67;2.7;0;0;0;0;0;0;1.77;2;0;0;0;0;0;0;0;0;0;0;0;0;0;0;0;0;0;0;0;0;0;0;0;0;0;0;0;0;0;0;0;0;0;0;0;0;0;0;0;0;0;0;0;0;0;0;0;0;0;0;0;0;0;0;0;0;0;0;0;0;2018-07-19 19:15:00;-1;0;60;20;30;0;1;-1;3;5;0;3;8;3;-1;-1;-1;-1;-1;-1;1;0;0;0;0;1.24;2.75;3.98;0;0;0;0;0;0;1;1;0;0;0;2;-1;-1;-1;-1;-1;-1;-1;-1;-1;-1;-1;20;40;50;60;90;40;60;90;40;15.1;0;3.6;2.6;Leiknir Reykjavík;ÍA;1.18;2.09;1.4;1.4;1.18;2.09;80;60;50;40;10;78;68;58;1.59;1.65;3.24;1114;22;N;N;N;N;N;N;N
327323;3804;3820;2018;complete;2339;12;-1;72,90;78;2;1;3;-1;-1;-1;-1;-1;-1;-1;-1;-1;-1;-1;-1;-1;-1;-1;-1;-1;-1;-1;-1;-1;1.2;5.9;9.75;1;1.11;1.43;2.1;0;0;0;0;0;0;1.95;1.83;0;0;0;0;0;0;0;0;0;0;0;0;0;0;0;0;0;0;0;0;0;0;0;0;0;0;0;0;0;0;0;0;0;0;0;0;0;0;0;0;0;0;0;0;0;0;0;0;0;0;0;0;0;3;0;0;2;1;3;0;2018-07-22 16:00:00;3804;0;54;10;27;0;-1;-1;-1;-1;-1;-1;-1;-1;-1;-1;-1;-1;-1;-1;-1;0;0;0;0;0;0;0;-1;-1;-1;-1;-1;-1;-1;1;0;0;-1;-1;-1;-1;-1;-1;-1;-1;-1;-1;-1;-1;-1;0;10;80;90;100;37;74;90;54;4.5;0;6.13;2.8;Víkingur Ólafsvík;ÍR;1.91;1;3;1.8;2.09;0.91;100;90;20;10;0;50;25;25;0;1.38;1.38;1114;22;Y;Y;Y;N;N;N;Y
327324;3813;6721;2018;complete;2339;12;-1;47,52,63;;3;0;3;15;3;18;-1;-1;1;1;0;0;10;3;17;5;27;8;-1;-1;52;48;1;1;1.59;4.1;4.45;1;1.13;1.47;2.2;0;0;0;0;0;0;1.56;2.35;0;0;0;0;0;0;0;0;0;0;0;0;0;0;0;0;0;0;0;0;0;0;0;0;0;0;0;0;0;0;0;0;0;0;0;0;0;0;0;0;0;0;0;0;0;0;0;0;0;0;0;0;0;3;0;0;3;0;3;0;2018-07-20 19:15:00;3813;0;80;50;50;0;1;1;7;1;8;2;8;10;0;0;1;1;0;2;1;0;0;0;0;2.87;0.98;3.85;0;0;0;0;0;0;1;1;0;0;1;0;0;0;-1;-1;-1;-1;-1;-1;-1;-1;-1;30;70;80;100;100;60;90;100;80;12.55;0;3.8;3.8;Thróttur Reykjavík;Njardvík;1.36;1.27;0.6;1.4;1.45;0.91;70;30;20;0;0;80;80;80;1.62;1.47;3.09;1114;22;Y;Y;Y;N;N;N;N
327325;6720;3822;2018;complete;2339;12;-1;;36;0;1;1;5;8;13;-1;-1;-1;-1;-1;-1;4;4;8;6;12;10;-1;-1;49;51;-1;-1;5.95;4.5;1.4;1.01;1.16;1.54;2.35;0;0;0;0;0;0;1.77;2;0;0;0;0;0;0;0;0;0;0;0;0;0;0;0;0;0;0;0;0;0;0;0;0;0;0;0;0;0;0;0;0;0;0;0;0;0;0;0;0;0;0;0;0;0;0;0;0;0;0;0;0;0;1;0;1;0;0;0;1;2018-07-21 16:00:00;3822;0;58;13;58;0;1;-1;3;4;2;4;7;6;-1;-1;-1;-1;-1;-1;1;0;0;0;0;1.29;1.29;2.58;-1;-1;-1;-1;-1;-1;-1;1;0;0;1;0;-1;-1;-1;-1;-1;-1;-1;-1;-1;-1;-1;10;35;45;80;100;35;48;88;68;11.42;0;6.7;2.7;Magni;HK;1.36;2;1.2;2;0.55;2.27;90;65;55;20;0;88;71;54;1.32;1.4;2.72;1114;22;Y;N;N;N;N;N;N
327326;3816;3813;2018;complete;2339;13;-1;64,90;68,90;2;2;4;7;7;14;-1;-1;-1;-1;-1;-1;5;7;7;5;12;12;-1;-1;51;49;-1;-1;2.5;3.5;2.4;1;1.12;1.43;2.1;0;0;0;0;0;0;1.44;2.7;0;0;0;0;0;0;0;0;0;0;0;0;0;0;0;0;0;0;0;0;0;0;0;0;0;0;0;0;0;0;0;0;0;0;0;0;0;0;0;0;0;0;0;0;0;0;0;0;0;0;0;0;0;4;0;0;2;2;4;0;2018-07-26 19:15:00;-1;0;75;33;34;0;1;-1;4;3;3;4;7;7;-1;-1;-1;-1;-1;-1;1;0;0;0;0;1.59;1.8;3.39;-1;-1;-1;-1;-1;-1;-1;1;0;0;1;0;-1;-1;-1;-1;-1;-1;-1;-1;-1;-1;-1;17;59;75;83;100;59;75;92;67;9.33;0;5.4;3.5;Fram;Thróttur Reykjavík;1.18;1.91;1.67;2.17;1.42;1.58;84;42;25;17;0;75;58;50;1.36;1.73;3.09;1114;22;Y;Y;Y;Y;N;N;Y
327327;6721;3814;2018;complete;2339;13;-1;21;;1;0;1;3;8;11;-1;-1;-1;-1;-1;-1;3;0;4;7;7;7;-1;-1;52;48;-1;-1;2.55;3.4;2.4;1.01;1.17;1.57;2.45;0;0;0;0;0;0;1.56;2.4;0;0;0;0;0;0;0;0;0;0;0;0;0;0;0;0;0;0;0;0;0;0;0;0;0;0;0;0;0;0;0;0;0;0;0;0;0;0;0;0;0;0;0;0;0;0;0;0;0;0;0;0;0;1;1;0;0;0;0;1;2018-07-26 19:15:00;6721;0;42;17;17;0;1;-1;2;0;1;8;2;9;-1;-1;-1;-1;-1;-1;1;0;0;0;0;0.85;0.79;1.64;-1;-1;-1;-1;-1;-1;-1;1;0;0;1;0;-1;-1;-1;-1;-1;-1;-1;-1;-1;-1;-1;0;9;42;83;100;25;67;84;42;9;0;3.8;2.33;Njardvík;Leiknir Reykjavík;1.18;1.09;0.5;1;0.83;1.17;100;92;59;17;0;70;70;60;1;1.19;2.19;1114;22;Y;N;N;N;N;N;N
327328;3820;3818;2018;complete;2339;13;-1;32,90,90;18,55;3;2;5;5;4;9;-1;-1;-1;-1;-1;-1;8;3;9;4;17;7;-1;-1;50;50;-1;-1;2.6;3.5;2.35;1.01;1.18;1.61;2.5;0;0;0;0;0;0;1.57;2.35;0;0;0;0;0;0;0;0;0;0;0;0;0;0;0;0;0;0;0;0;0;0;0;0;0;0;0;0;0;0;0;0;0;0;0;0;0;0;0;0;0;0;0;0;0;0;0;0;0;0;0;0;0;5;1;1;2;1;3;2;2018-07-26 19:15:00;3820;0;65;17;29;0;1;-1;3;1;2;3;4;5;-1;-1;-1;-1;-1;-1;1;0;0;0;0;2.18;1.02;3.2;-1;-1;-1;-1;-1;-1;-1;1;0;0;0;0;-1;-1;-1;-1;-1;-1;-1;-1;-1;-1;-1;10;47;55;92;100;55;74;82;55;10.23;0;6.1;3.34;ÍR;Selfoss;0.64;0.27;0.17;0.4;0.83;0.92;90;54;45;9;0;72;72;72;1.5;1.37;2.87;1114;22;Y;Y;Y;Y;Y;N;Y
327329;3822;3804;2018;complete;2339;13;-1;32;40;1;1;2;6;5;11;-1;-1;3;3;0;0;5;5;8;10;13;15;-1;-1;49;51;3;3;2.45;3.4;2.5;1.01;1.21;1.69;2.75;0;0;0;0;0;0;1.65;2.2;0;0;0;0;0;0;0;0;0;0;0;0;0;0;0;0;0;0;0;0;0;0;0;0;0;0;0;0;0;0;0;0;0;0;0;0;0;0;0;0;0;0;0;0;0;0;0;0;0;0;0;0;0;2;1;1;0;0;0;2;2018-05-12 14:00:00;-1;0;0;0;0;0;1;1;3;4;3;1;7;4;0;1;3;2;1;5;1;0;0;0;0;1.72;1.73;3.45;0;0;0;0;0;0;1;1;0;0;1;0;0;0;-1;-1;-1;-1;-1;-1;-1;-1;-1;0;0;50;100;100;50;50;50;50;22;0;2;2.5;HK;Víkingur Ólafsvík;2.36;1.91;3;3;3;3;100;100;50;0;0;100;100;100;2.15;2.23;4.38;1114;22;Y;Y;N;N;N;N;Y
327330;3807;3817;2018;complete;2339;13;-1;38,49,64,80,87;;5;0;5;5;4;9;-1;-1;-1;-1;-1;-1;8;2;4;4;12;6;-1;-1;48;52;-1;-1;1.83;3.7;3.6;1.01;1.18;1.61;2.55;0;0;0;0;0;0;1.65;2.2;0;0;0;0;0;0;0;0;0;0;0;0;0;0;0;0;0;0;0;0;0;0;0;0;0;0;0;0;0;0;0;0;0;0;0;0;0;0;0;0;0;0;0;0;0;0;0;0;0;0;0;0;0;5;1;0;4;0;4;1;2018-07-27 18:00:00;3807;0;42;25;33;0;1;-1;2;2;3;2;4;5;-1;-1;-1;-1;-1;-1;1;0;0;0;0;1.58;0.73;2.31;-1;-1;-1;-1;-1;-1;-1;1;0;0;1;0;-1;-1;-1;-1;-1;-1;-1;-1;-1;-1;-1;17;42;59;67;100;42;67;83;50;15.9;0;3.6;3.09;ÍA;Thór;2.27;1.82;2.67;2.67;2;2.17;83;59;42;34;0;64;64;54;2.04;1.8;3.84;1114;22;Y;Y;Y;Y;Y;N;N
327331;6720;3821;2018;complete;2339;13;-1;42,71;63;2;1;3;-1;-1;-1;-1;-1;-1;-1;-1;-1;-1;-1;-1;-1;-1;-1;-1;-1;-1;-1;-1;-1;2.7;3.5;2.25;1;1.12;1.43;2.1;0;0;0;0;0;0;1.44;2.65;0;0;0;0;0;0;0;0;0;0;0;0;0;0;0;0;0;0;0;0;0;0;0;0;0;0;0;0;0;0;0;0;0;0;0;0;0;0;0;0;0;0;0;0;0;0;0;0;0;0;0;0;0;3;1;0;1;1;2;1;2018-07-28 16:00:00;6720;0;50;0;33;0;-1;-1;-1;-1;-1;-1;-1;-1;-1;-1;-1;-1;-1;-1;-1;0;0;0;0;0;0;0;-1;-1;-1;-1;-1;-1;-1;1;0;0;-1;-1;-1;-1;-1;-1;-1;-1;-1;-1;-1;-1;-1;17;42;67;75;100;17;67;92;75;11.17;0;6.2;3;Magni;Haukar;1.36;1;1;1;0.5;1.08;83;58;34;25;0;92;79;67;1.31;1.01;2.32;1114;22;Y;Y;Y;N;N;N;Y
327332;3813;3820;2018;complete;2339;14;-1;2,36,59,70,72,76;33;6;1;7;5;2;7;-1;-1;-1;-1;-1;-1;12;2;9;8;21;10;-1;-1;51;49;-1;-1;1.53;4.35;4.65;1;1.13;1.47;2.2;0;0;0;0;0;0;1.61;2.25;0;0;0;0;0;0;0;0;0;0;0;0;0;0;0;0;0;0;0;0;0;0;0;0;0;0;0;0;0;0;0;0;0;0;0;0;0;0;0;0;0;0;0;0;0;0;0;0;0;0;0;0;0;7;2;1;4;0;4;3;2018-08-01 19:15:00;3813;0;59;25;33;0;1;-1;0;2;5;0;2;5;-1;-1;-1;-1;-1;-1;1;0;0;0;0;2.64;1.09;3.73;-1;-1;-1;-1;-1;-1;-1;1;1;0;0;0;-1;-1;-1;-1;-1;-1;-1;-1;-1;-1;-1;9;42;75;92;100;42;75;92;67;11.83;0;5.8;3.17;Thróttur Reykjavík;ÍR;1.36;1;1;1.5;1.54;1;92;58;25;9;0;84;59;59;1.83;1.38;3.21;1114;22;Y;Y;Y;Y;Y;Y;Y
327333;3814;3816;2018;complete;2339;14;-1;15,76;17,21;2;2;4;4;7;11;-1;-1;-1;-1;-1;-1;4;8;11;8;15;16;-1;-1;49;51;-1;-1;2.35;3.55;2.5;1;1.13;1.48;2.2;0;0;0;0;0;0;1.48;2.6;0;0;0;0;0;0;0;0;0;0;0;0;0;0;0;0;0;0;0;0;0;0;0;0;0;0;0;0;0;0;0;0;0;0;0;0;0;0;0;0;0;0;0;0;0;0;0;0;0;0;0;0;0;4;1;2;1;0;1;3;2018-07-31 19:15:00;-1;0;75;9;50;0;1;-1;2;4;2;3;6;5;-1;-1;-1;-1;-1;-1;1;0;0;0;0;1.57;1.86;3.44;-1;-1;-1;-1;-1;-1;-1;1;0;0;0;2;-1;-1;-1;-1;-1;-1;-1;-1;-1;-1;-1;17;59;67;75;92;50;84;83;50;10.6;0;4.2;3.09;Leiknir Reykjavík;Fram;1.18;1;1.33;1.17;1.08;1.38;83;42;34;25;9;62;44;35;1.53;1.45;2.98;1114;22;Y;Y;Y;Y;N;N;Y
327334;3817;6721;2018;complete;2339;14;-1;51,65,80;;3;0;3;4;4;8;-1;-1;-1;-1;-1;-1;13;3;8;5;21;8;-1;-1;52;48;-1;-1;1.34;5.05;6.3;1;1.11;1.43;2.1;0;0;0;0;0;0;1.69;2.1;0;0;0;0;0;0;0;0;0;0;0;0;0;0;0;0;0;0;0;0;0;0;0;0;0;0;0;0;0;0;0;0;0;0;0;0;0;0;0;0;0;0;0;0;0;0;0;0;0;0;0;0;0;3;0;0;3;0;3;0;2018-08-01 18:00:00;3817;0;67;42;42;0;1;-1;1;3;3;1;4;4;-1;-1;-1;-1;-1;-1;1;0;0;0;0;2.51;0.87;3.38;-1;-1;-1;-1;-1;-1;-1;1;0;0;0;0;-1;-1;-1;-1;-1;-1;-1;-1;-1;-1;-1;33;59;75;92;100;50;67;100;83;12.83;0;4.67;3.59;Thór;Njardvík;2.09;1.27;1.67;1.17;2;1;67;42;25;9;0;92;75;75;1.73;1.37;3.1;1114;22;Y;Y;Y;N;N;N;N
327335;3821;3807;2018;complete;2339;14;-1;8;27,38,48;1;3;4;1;8;9;-1;-1;-1;-1;-1;-1;2;7;0;8;2;15;-1;-1;36;64;-1;-1;6.6;5.1;1.34;1;1.13;1.48;2.2;0;0;0;0;0;0;1.8;2;0;0;0;0;0;0;0;0;0;0;0;0;0;0;0;0;0;0;0;0;0;0;0;0;0;0;0;0;0;0;0;0;0;0;0;0;0;0;0;0;0;0;0;0;0;0;0;0;0;0;0;0;0;4;1;2;0;1;1;3;2018-08-01 18:30:00;3807;0;50;25;25;0;1;-1;0;6;1;2;6;3;-1;-1;-1;-1;-1;-1;1;0;0;0;0;0.43;1.82;2.25;-1;-1;-1;-1;-1;-1;-1;1;1;0;0;0;-1;-1;-1;-1;-1;-1;-1;-1;-1;-1;-1;25;42;50;58;84;42;58;75;33;13.57;0;3.4;3;Haukar;ÍA;1.27;2.09;1.17;1.33;1;2.08;75;58;50;42;17;82;74;74;1.52;1.87;3.39;1114;22;Y;Y;Y;Y;N;N;Y
327336;3804;6720;2018;complete;2339;14;-1;19,25,65,79;88;4;1;5;-1;-1;-1;-1;-1;-1;-1;-1;-1;-1;-1;-1;-1;-1;-1;-1;-1;-1;-1;-1;-1;1.3;5.4;7;1;1.12;1.44;2.15;0;0;0;0;0;0;1.77;2;0;0;0;0;0;0;0;0;0;0;0;0;0;0;0;0;0;0;0;0;0;0;0;0;0;0;0;0;0;0;0;0;0;0;0;0;0;0;0;0;0;0;0;0;0;0;0;0;0;0;0;0;0;5;2;0;2;1;3;2;2018-08-01 19:15:00;3804;0;64;17;29;0;-1;-1;-1;-1;-1;-1;-1;-1;-1;-1;-1;-1;-1;-1;-1;0;0;0;0;0;0;0;-1;-1;-1;-1;-1;-1;-1;1;0;0;-1;-1;-1;-1;-1;-1;-1;-1;-1;-1;-1;-1;-1;9;34;90;90;90;52;62;74;55;4;0;4;3.12;Víkingur Ólafsvík;Magni;1.91;0.36;2.6;0;2.08;0.69;92;67;10;10;10;25;25;17;0;1.18;1.18;1114;22;Y;Y;Y;Y;Y;N;Y
327337;3818;3822;2018;complete;2339;14;-1;20;18,50;1;2;3;2;6;8;-1;-1;-1;-1;-1;-1;4;9;5;0;9;9;-1;-1;48;52;-1;-1;4.35;3.95;1.62;1.01;1.16;1.54;2.35;0;0;0;0;0;0;1.65;2.2;0;0;0;0;0;0;0;0;0;0;0;0;0;0;0;0;0;0;0;0;0;0;0;0;0;0;0;0;0;0;0;0;0;0;0;0;0;0;0;0;0;0;0;0;0;0;0;0;0;0;0;0;0;3;1;1;0;1;1;2;2018-08-01 19:15:00;3822;0;61;16;54;0;1;-1;0;2;2;4;2;6;-1;-1;-1;-1;-1;-1;1;0;0;0;0;1;1.46;2.46;-1;-1;-1;-1;-1;-1;-1;1;0;0;0;0;-1;-1;-1;-1;-1;-1;-1;-1;-1;-1;-1;15;38;52;77;92;31;69;75;54;11.37;0;4.67;2.94;Selfoss;HK;1.09;2;1.29;2;0.85;2.23;86;62;48;24;9;74;74;74;1.7;1.38;3.08;1114;22;Y;Y;Y;N;N;N;Y
327338;6720;3818;2018;complete;2339;15;-1;41,70,87;72;3;1;4;-1;-1;-1;-1;-1;4;1;0;0;-1;-1;-1;-1;-1;-1;-1;-1;-1;-1;4;1;2.6;3.25;2.45;1.01;1.15;1.53;2.35;0;0;0;0;0;0;1.53;2.45;0;0;0;0;0;0;0;0;0;0;0;0;0;0;0;0;0;0;0;0;0;0;0;0;0;0;0;0;0;0;0;0;0;0;0;0;0;0;0;0;0;0;0;0;0;0;0;0;0;0;0;0;0;4;1;0;2;1;3;1;2018-08-08 18:00:00;6720;0;63;9;47;0;-1;1;-1;-1;-1;-1;-1;-1;2;1;2;0;3;2;-1;0;0;0;0;0;0;0;0;0;0;0;0;0;1;1;0;0;-1;-1;1;0;-1;-1;-1;-1;-1;-1;-1;-1;-1;24;41;55;79;100;41;63;85;62;9.83;0;6.7;3.23;Magni;Selfoss;1.36;0.27;1.29;0.33;0.64;0.79;77;60;45;22;0;84;63;50;1.31;1.31;2.62;1114;22;Y;Y;Y;Y;N;N;Y
327339;3816;3817;2018;complete;2339;15;-1;43,72,74;12,30,90;3;3;6;4;8;12;-1;-1;2;1;0;0;6;8;7;4;13;12;-1;-1;56;44;2;1;2.75;3.45;2.25;1;1.13;1.47;2.2;0;0;0;0;0;0;1.47;2.6;0;0;0;0;0;0;0;0;0;0;0;0;0;0;0;0;0;0;0;0;0;0;0;0;0;0;0;0;0;0;0;0;0;0;0;0;0;0;0;0;0;0;0;0;0;0;0;0;0;0;0;0;0;6;1;2;2;1;3;3;2018-08-09 18:00:00;-1;0;57;29;29;0;1;1;1;5;3;3;6;6;0;0;2;1;0;3;1;0;0;0;0;1.45;1.52;2.97;1;1;1;1;0;0;1;1;0;0;0;0;0;0;-1;-1;-1;-1;-1;-1;-1;-1;-1;15;50;72;72;100;36;64;86;57;10.26;0;4.2;3.29;Fram;Thór;1.18;1.82;1.57;2.29;1.36;2.07;86;50;29;29;0;62;47;31;1.39;1.62;3.01;1114;22;Y;Y;Y;Y;Y;Y;Y
327340;3822;3813;2018;complete;2339;15;-1;;35;0;1;1;13;1;14;-1;-1;2;2;0;0;4;7;8;7;12;14;-1;-1;53;47;2;2;1.87;3.65;3.5;1;1.14;1.5;2.25;0;0;0;0;0;0;1.54;2.4;0;0;0;0;0;0;0;0;0;0;0;0;0;0;0;0;0;0;0;0;0;0;0;0;0;0;0;0;0;0;0;0;0;0;0;0;0;0;0;0;0;0;0;0;0;0;0;0;0;0;0;0;0;1;0;1;0;0;0;1;2018-08-09 19:15:00;3813;0;65;29;36;0;1;1;7;0;6;1;7;7;0;0;2;2;0;4;1;0;0;0;0;1.36;1.61;2.97;0;0;0;0;0;0;1;1;0;0;1;0;0;0;-1;-1;-1;-1;-1;-1;-1;-1;-1;15;43;64;79;93;50;64;72;50;12.71;0;5.87;3.08;HK;Thróttur Reykjavík;2.36;1.91;2.43;2;2.29;1.64;86;58;36;22;7;86;72;72;1.81;1.74;3.55;1114;22;Y;N;N;N;N;N;N
327341;6721;3807;2018;complete;2339;15;-1;86;9,52;1;2;3;3;11;14;-1;-1;1;3;0;0;5;9;7;10;12;19;-1;-1;52;48;1;3;7.25;4.8;1.33;1;1.14;1.49;2.25;0;0;0;0;0;0;1.83;1.91;0;0;0;0;0;0;0;0;0;0;0;0;0;0;0;0;0;0;0;0;0;0;0;0;0;0;0;0;0;0;0;0;0;0;0;0;0;0;0;0;0;0;0;0;0;0;0;0;0;0;0;0;0;3;0;1;1;1;2;1;2018-08-09 19:15:00;3807;0;50;22;22;0;1;1;0;6;3;5;6;8;0;0;1;3;0;4;1;0;0;0;0;1.3;2.14;3.44;0;0;0;0;0;0;1;1;0;1;0;0;0;0;-1;-1;-1;-1;-1;-1;-1;-1;-1;7;22;36;57;86;29;57;64;36;13.16;0;3.4;2.07;Njardvík;ÍA;1.18;2.09;0.86;1.57;0.93;2.14;93;79;64;43;15;83;75;75;0.97;1.86;2.83;1114;22;Y;Y;Y;N;N;N;Y
327342;3804;3821;2018;complete;2339;15;-1;72,81;29,86;2;2;4;-1;-1;-1;-1;-1;2;1;0;0;-1;-1;-1;-1;-1;-1;-1;-1;-1;-1;2;1;1.3;5.2;7.5;1;1.11;1.43;2.1;0;0;0;0;0;0;1.8;1.95;0;0;0;0;0;0;0;0;0;0;0;0;0;0;0;0;0;0;0;0;0;0;0;0;0;0;0;0;0;0;0;0;0;0;0;0;0;0;0;0;0;0;0;0;0;0;0;0;0;0;0;0;0;4;0;1;2;1;3;1;2018-08-08 19:15:00;-1;0;69;0;47;0;-1;1;-1;-1;-1;-1;-1;-1;0;0;2;1;0;3;-1;0;0;0;0;0;0;0;0;0;0;0;0;0;1;1;0;0;-1;-1;0;0;-1;-1;-1;-1;-1;-1;-1;-1;-1;16;37;92;92;92;24;75;92;84;5.67;0;4.33;3.27;Víkingur Ólafsvík;Haukar;1.91;1;2.67;0.86;2.14;0.93;85;63;9;9;9;42;42;42;0;1.01;1.01;1114;22;Y;Y;Y;Y;N;N;Y
327343;3820;3814;2018;complete;2339;15;-1;4;;1;0;1;4;6;10;-1;-1;2;3;0;0;6;8;10;7;16;15;-1;-1;39;61;2;3;2.75;3.45;2.25;1.01;1.16;1.56;2.4;0;0;0;0;0;0;1.54;2.4;0;0;0;0;0;0;0;0;0;0;0;0;0;0;0;0;0;0;0;0;0;0;0;0;0;0;0;0;0;0;0;0;0;0;0;0;0;0;0;0;0;0;0;0;0;0;0;0;0;0;0;0;0;1;1;0;0;0;0;1;2018-08-09 19:15:00;3820;0;36;29;15;0;1;1;4;2;0;4;6;4;1;1;1;2;2;3;1;0;0;0;0;1.68;1.85;3.53;0;0;0;0;0;0;1;1;1;0;1;0;0;0;-1;-1;-1;-1;-1;-1;-1;-1;-1;7;22;50;79;100;36;71;86;43;10.21;0;5.8;2.57;ÍR;Leiknir Reykjavík;0.64;1.09;0.57;0.86;0.93;1.07;93;79;50;22;0;77;69;61;1.62;1.12;2.74;1114;22;Y;N;N;N;N;N;N
327344;3818;3804;2018;complete;2339;16;-1;6,37;62;2;1;3;1;6;7;-1;-1;1;1;0;0;6;6;5;14;11;20;-1;-1;52;48;1;1;4.55;3.75;1.65;1.02;1.24;1.8;3;0;0;0;0;0;0;1.87;1.91;0;0;0;0;0;0;0;0;0;0;0;0;0;0;0;0;0;0;0;0;0;0;0;0;0;0;0;0;0;0;0;0;0;0;0;0;0;0;0;0;0;0;0;0;0;0;0;0;0;0;0;0;0;3;2;0;0;1;1;2;2018-06-03 18:00:00;3818;0;38;13;25;0;1;1;0;4;1;2;4;3;0;1;1;0;1;1;1;0;0;0;0;1.51;2.26;3.77;0;0;0;0;0;0;1;1;1;0;0;2;0;0;-1;-1;-1;-1;-1;-1;-1;-1;-1;0;0;25;75;100;13;38;88;38;13.5;0;5.67;2;Selfoss;Víkingur Ólafsvík;1.09;1.91;1.5;1.75;1;1.75;100;100;75;25;0;100;75;75;2.22;1.77;3.99;1114;22;Y;Y;Y;N;N;N;Y
327345;3807;3816;2018;complete;2339;16;-1;59,63;;2;0;2;-1;-1;-1;-1;-1;2;3;0;0;-1;-1;-1;-1;-1;-1;-1;-1;-1;-1;2;3;1.34;4.85;6.95;1;1.12;1.44;2.15;0;0;0;0;0;0;1.67;2.15;0;0;0;0;0;0;0;0;0;0;0;0;0;0;0;0;0;0;0;0;0;0;0;0;0;0;0;0;0;0;0;0;0;0;0;0;0;0;0;0;0;0;0;0;0;0;0;0;0;0;0;0;0;2;0;0;2;0;2;0;2018-08-14 18:00:00;3807;0;58;14;43;0;-1;1;-1;-1;-1;-1;-1;-1;0;0;2;3;0;5;-1;0;0;0;0;0;0;0;0;0;0;0;0;0;1;1;0;0;-1;-1;0;0;-1;-1;-1;-1;-1;-1;-1;-1;-1;22;64;79;86;100;50;93;86;64;13;0;4;3.5;ÍA;Fram;2.27;1;2.71;1.14;2.2;1.33;79;36;22;14;0;61;45;45;1.98;1.52;3.5;1114;22;Y;Y;N;N;N;N;N
327346;3814;3822;2018;complete;2339;16;-1;;28,34;0;2;2;4;7;11;-1;-1;-1;-1;-1;-1;5;10;9;8;14;18;-1;-1;48;52;-1;-1;3.95;3.55;1.77;1.02;1.23;1.77;2.9;0;0;0;0;0;0;1.77;2;0;0;0;0;0;0;0;0;0;0;0;0;0;0;0;0;0;0;0;0;0;0;0;0;0;0;0;0;0;0;0;0;0;0;0;0;0;0;0;0;0;0;0;0;0;0;0;0;0;0;0;0;0;2;0;2;0;0;0;2;2018-08-14 18:00:00;3822;0;64;29;36;0;1;-1;3;6;1;1;9;2;-1;-1;-1;-1;-1;-1;1;0;0;0;0;1.57;2.19;3.75;-1;-1;-1;-1;-1;-1;-1;1;0;0;0;2;-1;-1;-1;-1;-1;-1;-1;-1;-1;-1;-1;7;43;50;71;86;50;71;72;36;11.88;0;4.3;2.58;Leiknir Reykjavík;HK;1.18;2;1.29;2.14;1;2.13;93;57;50;29;14;77;69;62;1.54;1.39;2.93;1114;22;Y;Y;N;N;N;N;N
327347;3817;3820;2018;complete;2339;16;-1;19,32,54,64,90;73,78;5;2;7;7;2;9;-1;-1;2;6;0;0;9;4;9;4;18;8;-1;-1;52;48;2;6;1.36;4.75;6.25;1;1.1;1.38;2;0;0;0;0;0;0;1.59;2.3;0;0;0;0;0;0;0;0;0;0;0;0;0;0;0;0;0;0;0;0;0;0;0;0;0;0;0;0;0;0;0;0;0;0;0;0;0;0;0;0;0;0;0;0;0;0;0;0;0;0;0;0;0;7;2;0;3;2;5;2;2018-08-14 18:00:00;3817;0;57;29;29;0;1;1;5;2;2;0;7;2;0;3;2;3;3;5;1;0;0;0;0;2.02;1;3.03;1;0;1;0;0;0;1;1;0;0;2;1;0;0;-1;-1;-1;-1;-1;-1;-1;-1;-1;22;43;71;86;100;43;64;93;72;10.43;0;6.97;3.36;Thór;ÍR;2.09;1;1.86;1.29;2;1.07;79;57;29;14;0;76;42;42;1.85;1.32;3.17;1114;22;Y;Y;Y;Y;Y;Y;Y
327348;3813;6720;2018;complete;2339;16;-1;2,3,12,44,50;33,45,61;5;3;8;3;5;8;-1;-1;-1;-1;-1;-1;10;9;3;9;13;18;-1;-1;58;42;-1;-1;1.29;5.4;7.25;1;1.08;1.33;1.87;0;0;0;0;0;0;1.65;2.2;0;0;0;0;0;0;0;0;0;0;0;0;0;0;0;0;0;0;0;0;0;0;0;0;0;0;0;0;0;0;0;0;0;0;0;0;0;0;0;0;0;0;0;0;0;0;0;0;0;0;0;0;0;8;4;2;1;1;2;6;2018-08-14 18:00:00;3813;0;71;36;29;0;1;-1;0;3;3;2;3;5;-1;-1;-1;-1;-1;-1;1;0;0;0;0;1.82;2.01;3.83;-1;-1;-1;-1;-1;-1;-1;1;2;0;0;0;-1;-1;-1;-1;-1;-1;-1;-1;-1;-1;-1;29;71;93;100;100;72;86;86;72;11;0;3.67;4.07;Thróttur Reykjavík;Magni;1.36;0.36;1.29;0;1.73;0.8;71;29;7;0;0;54;54;45;1.95;1.18;3.13;1114;22;Y;Y;Y;Y;Y;Y;Y
327349;3821;6721;2018;complete;2339;16;-1;87;40,88;1;2;3;10;6;16;-1;-1;0;0;1;0;8;6;7;5;15;11;-1;-1;52;48;2;0;1.95;3.75;3.15;1;1.11;1.42;2.05;0;0;0;0;0;0;1.44;2.7;0;0;0;0;0;0;0;0;0;0;0;0;0;0;0;0;0;0;0;0;0;0;0;0;0;0;0;0;0;0;0;0;0;0;0;0;0;0;0;0;0;0;0;0;0;0;0;0;0;0;0;0;0;3;0;1;1;1;2;1;2018-08-14 18:30:00;6721;0;64;43;36;0;1;1;7;5;3;1;12;4;0;0;1;0;0;1;1;0;0;0;0;1.79;1.32;3.11;0;0;0;0;0;0;1;1;0;0;0;2;0;0;-1;-1;-1;-1;-1;-1;-1;-1;-1;29;57;79;93;100;57;72;93;58;10.24;0;3.1;3.93;Haukar;Njardvík;1.27;1.27;1;1;0.93;0.87;71;43;22;7;0;85;70;70;1.36;1.29;2.65;1114;22;Y;Y;Y;N;N;N;Y
327350;3804;3813;2018;complete;2339;17;-1;20,25,76;45,45,67,88;3;4;7;-1;-1;-1;-1;-1;3;1;0;0;-1;-1;-1;-1;-1;-1;-1;-1;-1;-1;3;1;1.91;3.4;3.55;1.01;1.19;1.67;2.65;0;0;0;0;0;0;1.65;2.2;0;0;0;0;0;0;0;0;0;0;0;0;0;0;0;0;0;0;0;0;0;0;0;0;0;0;0;0;0;0;0;0;0;0;0;0;0;0;0;0;0;0;0;0;0;0;0;0;0;0;0;0;0;7;2;2;1;2;3;4;2018-08-20 18:00:00;3813;0;75;13;50;0;-1;1;-1;-1;-1;-1;-1;-1;0;0;3;1;0;4;-1;0;0;0;0;0;0;0;0;0;0;0;0;0;1;1;0;0;-1;-1;0;0;-1;-1;-1;-1;-1;-1;-1;-1;-1;19;44;69;82;94;38;63;88;63;5.88;0;5.25;3.19;Víkingur Ólafsvík;Thróttur Reykjavík;1.91;1.91;2.25;2.13;2;1.81;82;57;32;19;7;50;44;44;0;1.72;1.72;1114;22;Y;Y;Y;Y;Y;Y;Y
327351;3822;3817;2018;complete;2339;17;-1;5,17,37,55;;4;0;4;2;6;8;-1;-1;-1;-1;-1;-1;8;10;11;9;19;19;-1;-1;48;52;-1;-1;1.91;3.5;3.4;1.01;1.18;1.61;2.5;0;0;0;0;0;0;1.61;2.25;0;0;0;0;0;0;0;0;0;0;0;0;0;0;0;0;0;0;0;0;0;0;0;0;0;0;0;0;0;0;0;0;0;0;0;0;0;0;0;0;0;0;0;0;0;0;0;0;0;0;0;0;0;4;3;0;1;0;1;3;2018-08-18 16:00:00;3822;0;44;32;26;0;1;-1;2;0;0;6;2;6;-1;-1;-1;-1;-1;-1;1;0;0;0;0;2.09;2.27;4.36;-1;-1;-1;-1;-1;-1;-1;1;1;0;0;0;-1;-1;-1;-1;-1;-1;-1;-1;-1;-1;-1;19;32;57;63;94;38;69;63;38;14;0;4.4;2.88;HK;Thór;2.36;1.82;2.13;2.13;2.19;2.06;82;69;44;38;7;73;60;53;1.75;1.6;3.35;1114;22;Y;Y;Y;Y;N;N;N
327352;3820;3807;2018;complete;2339;17;-1;;25,73;0;2;2;2;5;7;-1;-1;-1;-1;-1;-1;2;6;6;17;8;23;-1;-1;36;64;-1;-1;8;5.3;1.27;1;1.12;1.43;2.1;0;0;0;0;0;0;1.83;1.95;0;0;0;0;0;0;0;0;0;0;0;0;0;0;0;0;0;0;0;0;0;0;0;0;0;0;0;0;0;0;0;0;0;0;0;0;0;0;0;0;0;0;0;0;0;0;0;0;0;0;0;0;0;2;0;1;0;1;1;1;2018-08-18 14:00:00;3807;0;50;32;25;0;1;-1;2;3;0;2;5;2;-1;-1;-1;-1;-1;-1;1;0;0;0;0;0.89;2.23;3.12;-1;-1;-1;-1;-1;-1;-1;1;0;0;0;3;-1;-1;-1;-1;-1;-1;-1;-1;-1;-1;-1;13;32;50;63;88;38;63;75;44;14.21;0;5.33;2.44;ÍR;ÍA;0.64;2.09;0.88;1.75;1;2.25;88;69;50;38;13;87;73;67;1.63;1.9;3.53;1114;22;Y;Y;N;N;N;N;N
327353;3818;3821;2018;complete;2339;17;-1;33,49,54,74,83;;5;0;5;-1;-1;-1;-1;-1;-1;-1;-1;-1;-1;-1;-1;-1;-1;-1;-1;-1;-1;-1;-1;-1;1.95;3.75;3.15;1;1.12;1.44;2.15;0;0;0;0;0;0;1.48;2.6;0;0;0;0;0;0;0;0;0;0;0;0;0;0;0;0;0;0;0;0;0;0;0;0;0;0;0;0;0;0;0;0;0;0;0;0;0;0;0;0;0;0;0;0;0;0;0;0;0;0;0;0;0;5;1;0;4;0;4;1;2018-08-18 14:00:00;3818;0;75;13;50;0;-1;-1;-1;-1;-1;-1;-1;-1;-1;-1;-1;-1;-1;-1;-1;0;0;0;0;0;0;0;-1;-1;-1;-1;-1;-1;-1;1;0;0;-1;-1;-1;-1;-1;-1;-1;-1;-1;-1;-1;-1;-1;19;51;88;94;100;26;88;100;75;10.38;0;4;3.69;Selfoss;Haukar;1.09;1;1.13;0.88;0.75;0.88;82;51;13;7;0;70;70;70;1.6;1.01;2.61;1114;22;Y;Y;Y;Y;Y;N;N
327354;6720;3814;2018;complete;2339;17;-1;;15;0;1;1;12;2;14;-1;-1;-1;-1;-1;-1;4;5;14;6;18;11;-1;-1;53;47;-1;-1;2.65;3.35;2.35;1.01;1.18;1.61;2.55;0;0;0;0;0;0;1.59;2.3;0;0;0;0;0;0;0;0;0;0;0;0;0;0;0;0;0;0;0;0;0;0;0;0;0;0;0;0;0;0;0;0;0;0;0;0;0;0;0;0;0;0;0;0;0;0;0;0;0;0;0;0;0;1;0;1;0;0;0;1;2018-08-18 16:00:00;3814;0;32;7;25;0;1;-1;5;2;7;0;7;7;-1;-1;-1;-1;-1;-1;1;0;0;0;0;1.82;1.22;3.05;-1;-1;-1;-1;-1;-1;-1;1;0;0;1;2;-1;-1;-1;-1;-1;-1;-1;-1;-1;-1;-1;7;13;44;63;100;13;63;82;44;10.21;0;6.5;2.25;Magni;Leiknir Reykjavík;1.36;1.09;1.5;0.75;0.75;0.94;94;88;57;38;0;86;73;47;1.31;1.23;2.54;1114;22;Y;N;N;N;N;N;N
327355;3816;6721;2018;complete;2339;17;-1;;;0;0;0;11;4;15;-1;-1;1;1;0;0;14;2;16;10;30;12;-1;-1;63;37;1;1;1.67;3.9;4.1;1;1.11;1.43;2.1;0;0;0;0;0;0;1.51;2.5;0;0;0;0;0;0;0;0;0;0;0;0;0;0;0;0;0;0;0;0;0;0;0;0;0;0;0;0;0;0;0;0;0;0;0;0;0;0;0;0;0;0;0;0;0;0;0;0;0;0;0;0;0;0;0;0;0;0;0;0;2018-08-19 14:00:00;-1;0;69;38;44;0;1;1;4;2;7;2;6;9;1;0;0;1;1;1;1;0;0;0;0;3.25;1.07;4.32;0;0;0;0;0;0;1;1;0;0;1;1;0;0;-1;-1;-1;-1;-1;-1;-1;-1;-1;19;51;88;94;100;44;69;94;82;9.21;0;3.46;3.57;Fram;Njardvík;1.18;1.27;1.5;1.25;1.25;1;82;51;13;7;0;75;68;62;1.4;1.3;2.7;1114;22;N;N;N;N;N;N;N
327356;6721;3820;2018;complete;2339;18;-1;31;90;1;1;2;6;6;12;-1;-1;4;5;0;0;12;12;2;12;14;24;-1;-1;45;55;4;5;2.35;3.35;2.65;1.01;1.19;1.62;2.6;0;0;0;0;0;0;1.59;2.3;0;0;0;0;0;0;0;0;0;0;0;0;0;0;0;0;0;0;0;0;0;0;0;0;0;0;0;0;0;0;0;0;0;0;0;0;0;0;0;0;0;0;0;0;0;0;0;0;0;0;0;0;0;2;1;0;0;1;1;1;2018-08-23 18:00:00;-1;0;63;19;38;0;1;1;5;3;1;3;8;4;0;0;4;5;0;9;1;0;0;0;0;1.92;2.74;4.66;0;0;0;0;0;0;1;1;0;0;2;0;0;0;-1;-1;-1;-1;-1;-1;-1;-1;-1;13;26;57;82;100;38;75;76;57;8.24;0;5.67;3;Njardvík;ÍR;1.18;1;0.75;1.13;1;0.94;88;76;44;19;0;85;60;60;1.02;1.27;2.29;1114;22;Y;Y;N;N;N;N;Y
327357;3817;6720;2018;complete;2339;18;-1;69;90;1;1;2;14;2;16;-1;-1;1;3;0;1;8;2;11;2;19;4;-1;-1;51;49;1;4;1.28;5.6;7.25;1;1.07;1.28;1.74;0;0;0;0;0;0;1.56;2.4;0;0;0;0;0;0;0;0;0;0;0;0;0;0;0;0;0;0;0;0;0;0;0;0;0;0;0;0;0;0;0;0;0;0;0;0;0;0;0;0;0;0;0;0;0;0;0;0;0;0;0;0;0;2;0;0;1;1;2;0;2018-08-23 18:00:00;-1;0;69;32;38;0;1;1;5;2;9;0;7;9;0;4;1;0;4;1;1;0;0;0;0;2.18;0.48;2.66;0;0;0;0;0;0;1;1;0;0;2;0;0;0;-1;-1;-1;-1;-1;-1;-1;-1;-1;38;69;88;94;100;69;76;88;76;10.64;0;4.67;4.19;Thór;Magni;2.09;0.36;2;0;1.94;0.71;63;32;13;7;0;59;41;34;1.87;1.3;3.17;1114;22;Y;Y;N;N;N;N;Y
327358;3821;3816;2018;complete;2339;18;-1;39,60;29;2;1;3;4;6;10;-1;-1;-1;-1;-1;-1;4;4;3;11;7;15;-1;-1;40;60;-1;-1;2.8;3.9;2.05;1;1.09;1.37;1.95;0;0;0;0;0;0;1.4;2.85;0;0;0;0;0;0;0;0;0;0;0;0;0;0;0;0;0;0;0;0;0;0;0;0;0;0;0;0;0;0;0;0;0;0;0;0;0;0;0;0;0;0;0;0;0;0;0;0;0;0;0;0;0;3;1;1;1;0;1;2;2018-08-23 18:30:00;3821;0;75;26;44;0;1;-1;1;2;3;4;3;7;-1;-1;-1;-1;-1;-1;1;0;0;0;0;0.98;1.49;2.46;-1;-1;-1;-1;-1;-1;-1;1;0;0;0;0;-1;-1;-1;-1;-1;-1;-1;-1;-1;-1;-1;19;63;75;88;100;57;88;88;51;10.25;0;4.17;3.76;Haukar;Fram;1.27;1;0.88;1;0.82;1.24;82;38;25;13;0;69;48;48;1.42;1.52;2.94;1114;22;Y;Y;Y;N;N;N;Y
327359;3814;3804;2018;complete;2339;18;-1;82;9,78;1;2;3;5;7;12;-1;-1;-1;-1;-1;-1;4;7;3;7;7;14;-1;-1;46;54;-1;-1;4.65;4.1;1.57;1.02;1.22;1.74;2.85;0;0;0;0;0;0;1.83;1.95;0;0;0;0;0;0;0;0;0;0;0;0;0;0;0;0;0;0;0;0;0;0;0;0;0;0;0;0;0;0;0;0;0;0;0;0;0;0;0;0;0;0;0;0;0;0;0;0;0;0;0;0;0;3;0;1;1;1;2;1;2018-08-24 18:00:00;3804;0;57;32;13;0;1;-1;2;3;3;4;5;7;-1;-1;-1;-1;-1;-1;1;0;0;0;0;0.95;1.67;2.63;-1;-1;-1;-1;-1;-1;-1;1;0;1;1;0;-1;-1;-1;-1;-1;-1;-1;-1;-1;-1;-1;7;32;38;75;94;57;63;75;32;11.5;0;4.37;2.44;Leiknir Reykjavík;Víkingur Ólafsvík;1.18;1.91;1.13;1.75;1.06;1.88;94;69;63;25;7;87;59;53;1.54;1.86;3.4;1114;22;Y;Y;Y;N;N;N;Y
327360;3807;3822;2018;complete;2339;18;-1;;;0;0;0;12;5;17;-1;-1;-1;-1;-1;-1;6;8;5;4;11;12;-1;-1;58;42;-1;-1;1.71;3.55;4.3;1.02;1.22;1.74;2.85;0;0;0;0;0;0;1.77;2;0;0;0;0;0;0;0;0;0;0;0;0;0;0;0;0;0;0;0;0;0;0;0;0;0;0;0;0;0;0;0;0;0;0;0;0;0;0;0;0;0;0;0;0;0;0;0;0;0;0;0;0;0;0;0;0;0;0;0;0;2018-08-24 18:00:00;-1;0;38;19;32;0;1;-1;3;5;9;0;8;9;-1;-1;-1;-1;-1;-1;1;0;0;0;0;1.39;1.5;2.89;0;0;0;0;0;0;1;1;0;0;2;2;-1;-1;-1;-1;-1;-1;-1;-1;-1;-1;-1;13;38;51;82;94;44;75;69;57;14.29;0;4.17;2.75;ÍA;HK;2.27;2;2.75;2.25;2.29;2.24;88;63;51;19;7;71;64;64;1.98;1.51;3.49;1114;22;N;N;N;N;N;N;N
327361;3813;3818;2018;complete;2339;18;-1;63,77,90;11,17;3;2;5;7;5;12;-1;-1;-1;-1;-1;-1;16;4;9;7;25;11;-1;-1;63;37;-1;-1;1.48;4.5;5;1;1.07;1.29;1.77;0;0;0;0;0;0;1.43;2.75;0;0;0;0;0;0;0;0;0;0;0;0;0;0;0;0;0;0;0;0;0;0;0;0;0;0;0;0;0;0;0;0;0;0;0;0;0;0;0;0;0;0;0;0;0;0;0;0;0;0;0;0;0;5;0;2;3;0;3;2;2018-08-25 14:00:00;3813;0;82;32;44;0;1;-1;6;0;1;5;6;6;-1;-1;-1;-1;-1;-1;1;0;0;0;0;3.07;1.19;4.26;-1;-1;-1;-1;-1;-1;-1;1;0;0;4;0;-1;-1;-1;-1;-1;-1;-1;-1;-1;-1;-1;32;69;76;100;100;57;88;94;76;10.83;0;4.2;4.26;Thróttur Reykjavík;Selfoss;1.36;0.27;1.5;0.38;1.88;0.88;69;32;26;0;0;59;50;50;1.93;1.31;3.24;1114;22;Y;Y;Y;Y;Y;N;Y
327362;3820;3816;2018;complete;2339;19;-1;45,71;6,49,90;2;3;5;3;8;11;-1;-1;2;3;1;0;4;7;11;8;15;15;-1;-1;50;50;4;3;2.85;3.65;2.1;1;1.13;1.47;2.2;0;0;0;0;0;0;1.48;2.6;0;0;0;0;0;0;0;0;0;0;0;0;0;0;0;0;0;0;0;0;0;0;0;0;0;0;0;0;0;0;0;0;0;0;0;0;0;0;0;0;0;0;0;0;0;0;0;0;0;0;0;0;0;5;1;1;1;2;3;2;2018-08-30 18:00:00;3816;0;61;28;33;0;1;1;1;2;2;6;3;8;1;1;2;2;2;4;1;0;0;0;0;1.49;1.77;3.26;1;0;1;0;0;0;1;1;0;1;0;0;0;0;-1;-1;-1;-1;-1;-1;-1;-1;-1;11;45;61;84;100;50;84;84;50;10.25;0;5.83;3;ÍR;Fram;0.64;1;0.78;0.89;0.94;1.17;89;56;39;17;0;68;55;43;1.53;1.51;3.04;1114;22;Y;Y;Y;Y;Y;N;Y
327363;3818;3814;2018;complete;2339;19;-1;78;13,90;1;2;3;9;5;14;-1;-1;2;2;1;0;9;5;4;7;13;12;-1;-1;45;55;3;2;2.5;3.4;2.45;1.01;1.19;1.65;2.65;0;0;0;0;0;0;1.61;2.25;0;0;0;0;0;0;0;0;0;0;0;0;0;0;0;0;0;0;0;0;0;0;0;0;0;0;0;0;0;0;0;0;0;0;0;0;0;0;0;0;0;0;0;0;0;0;0;0;0;0;0;0;0;3;0;1;1;1;2;1;2018-08-30 18:00:00;3814;0;39;17;22;0;-1;1;-1;-1;-1;-1;-1;-1;0;1;3;1;1;4;-1;0;0;0;0;0;0;0;0;0;0;0;0;0;1;1;0;0;-1;-1;0;1;-1;-1;-1;-1;-1;-1;-1;-1;-1;17;22;56;73;100;22;78;84;39;9.09;0;4.5;2.84;Selfoss;Leiknir Reykjavík;1.09;1.09;1.33;1;0.83;1;84;78;45;28;0;66;66;54;1.6;1.23;2.83;1114;22;Y;Y;Y;N;N;N;Y
327364;3822;6721;2018;complete;2339;19;-1;31;;1;0;1;-1;-1;-1;-1;-1;-1;-1;-1;-1;-1;-1;-1;-1;-1;-1;-1;-1;-1;-1;-1;-1;1.24;5.6;8.75;1;1.09;1.37;1.95;0;0;0;0;0;0;1.71;2.1;0;0;0;0;0;0;0;0;0;0;0;0;0;0;0;0;0;0;0;0;0;0;0;0;0;0;0;0;0;0;0;0;0;0;0;0;0;0;0;0;0;0;0;0;0;0;0;0;0;0;0;0;0;1;1;0;0;0;0;1;2018-08-30 19:15:00;3822;0;45;28;28;0;-1;-1;-1;-1;-1;-1;-1;-1;-1;-1;-1;-1;-1;-1;-1;0;0;0;0;0;0;0;0;0;0;0;0;0;1;1;0;0;-1;-1;-1;-1;-1;-1;-1;-1;-1;-1;-1;-1;-1;11;28;67;78;89;39;67;67;50;11.94;0;3.82;2.72;HK;Njardvík;2.36;1.27;2.22;1.22;2.17;1;89;73;33;22;11;78;72;72;1.79;1.27;3.06;1114;22;Y;N;N;N;N;N;N
327365;3813;3821;2018;complete;2339;19;-1;81;68,78;1;2;3;8;6;14;-1;-1;1;2;0;0;4;6;9;6;13;12;-1;-1;58;42;1;2;1.42;4.8;5.45;1;1.06;1.27;1.71;0;0;0;0;0;0;1.42;2.75;0;0;0;0;0;0;0;0;0;0;0;0;0;0;0;0;0;0;0;0;0;0;0;0;0;0;0;0;0;0;0;0;0;0;0;0;0;0;0;0;0;0;0;0;0;0;0;0;0;0;0;0;0;3;0;0;1;2;3;0;2018-08-31 19:15:00;3821;0;73;22;39;0;1;1;4;4;4;2;8;6;1;0;0;2;1;2;1;0;0;0;0;1.43;1.4;2.83;0;0;0;0;0;0;1;1;0;0;0;1;0;0;-1;-1;-1;-1;-1;-1;-1;-1;-1;33;73;95;100;100;39;95;100;95;12.23;0;3.83;4.28;Thróttur Reykjavík;Haukar;1.36;1;1.67;0.78;1.94;0.94;67;28;6;0;0;70;70;70;2.06;1.01;3.07;1114;22;Y;Y;Y;N;N;N;Y
327366;3804;3817;2018;complete;2339;19;-1;22,73;;2;0;2;-1;-1;-1;-1;-1;1;2;0;0;-1;-1;-1;-1;-1;-1;-1;-1;-1;-1;1;2;1.69;4.05;3.85;1.01;1.15;1.53;2.35;0;0;0;0;0;0;1.61;2.3;0;0;0;0;0;0;0;0;0;0;0;0;0;0;0;0;0;0;0;0;0;0;0;0;0;0;0;0;0;0;0;0;0;0;0;0;0;0;0;0;0;0;0;0;0;0;0;0;0;0;0;0;0;2;1;0;1;0;1;1;2018-09-02 16:00:00;3804;0;61;22;45;0;-1;1;-1;-1;-1;-1;-1;-1;0;0;1;2;0;3;-1;0;0;0;0;0;0;0;1;0;1;0;0;0;1;1;0;0;-1;-1;0;0;-1;-1;-1;-1;-1;-1;-1;-1;-1;28;45;73;78;95;39;67;89;56;6.88;0;4.23;3.5;Víkingur Ólafsvík;Thór;1.91;1.82;2;1.89;1.94;1.89;73;56;28;22;6;32;25;19;0;1.69;1.69;1114;22;Y;Y;N;N;N;N;N
327367;6720;3807;2018;complete;2339;19;-1;14,48;8,16,46;2;3;5;5;11;16;-1;-1;4;3;0;0;6;10;6;8;12;18;-1;-1;52;48;4;3;7.75;5.1;1.29;1;1.11;1.43;2.1;0;0;0;0;0;0;1.77;2;0;0;0;0;0;0;0;0;0;0;0;0;0;0;0;0;0;0;0;0;0;0;0;0;0;0;0;0;0;0;0;0;0;0;0;0;0;0;0;0;0;0;0;0;0;0;0;0;0;0;0;0;0;5;1;2;1;1;2;3;2018-09-01 13:00:00;3807;0;44;11;33;0;1;1;1;7;4;4;8;8;0;0;4;3;0;7;1;0;0;0;0;1.38;2.13;3.52;0;0;0;0;0;0;1;1;0;1;0;1;0;0;-1;-1;-1;-1;-1;-1;-1;-1;-1;11;22;44;56;89;17;56;78;45;15.05;0;6.17;2.22;Magni;ÍA;1.36;2.09;1.33;1.89;0.72;2.22;89;78;56;44;11;88;72;62;1.41;1.94;3.35;1114;22;Y;Y;Y;Y;Y;N;Y
327368;3821;3820;2018;complete;2339;20;-1;85;6;1;1;2;12;12;24;-1;-1;1;2;0;0;6;5;10;10;16;15;-1;-1;49;51;1;2;2.2;3.65;2.65;1;1.1;1.38;2;0;0;0;0;0;0;1.4;2.85;0;0;0;0;0;0;0;0;0;0;0;0;0;0;0;0;0;0;0;0;0;0;0;0;0;0;0;0;0;0;0;0;0;0;0;0;0;0;0;0;0;0;0;0;0;0;0;0;0;0;0;0;0;2;0;1;1;0;1;1;2018-09-07 18:30:00;-1;0;73;33;33;0;1;1;6;8;6;4;14;10;1;1;0;1;2;1;1;0;0;0;0;1.7;1.55;3.25;1;0;1;0;0;0;1;1;0;1;1;2;0;0;-1;-1;-1;-1;-1;-1;-1;-1;-1;22;45;73;89;100;56;84;89;45;9.11;0;5.96;3.78;Haukar;ÍR;1.27;1;1.11;1.11;1.05;0.89;78;56;28;11;0;88;55;50;1.37;1.48;2.85;1114;22;Y;Y;N;N;N;N;Y
327369;3816;3822;2018;complete;2339;20;-1;90;12,49,52,70;1;4;5;5;5;10;-1;-1;1;0;0;0;5;6;7;5;12;11;-1;-1;53;47;1;0;3.7;3.75;1.8;1.01;1.16;1.56;2.4;0;0;0;0;0;0;1.59;2.3;0;0;0;0;0;0;0;0;0;0;0;0;0;0;0;0;0;0;0;0;0;0;0;0;0;0;0;0;0;0;0;0;0;0;0;0;0;0;0;0;0;0;0;0;0;0;0;0;0;0;0;0;0;5;0;1;1;3;4;1;2018-09-07 19:15:00;3822;0;56;28;33;0;1;1;2;4;3;1;6;4;0;0;1;0;0;1;1;0;0;0;0;1.45;1.48;2.94;0;0;0;0;0;0;1;1;0;0;0;1;0;0;-1;-1;-1;-1;-1;-1;-1;-1;-1;6;39;56;73;84;44;67;61;50;10.46;0;4.5;2.61;Fram;HK;1.18;2;1.44;2.11;1.26;2.21;95;61;45;28;17;71;66;60;1.61;1.5;3.11;1114;22;Y;Y;Y;Y;Y;N;Y
327370;3814;3813;2018;complete;2339;20;-1;7,74;1;2;1;3;3;9;12;-1;-1;0;1;0;0;8;8;4;5;12;13;-1;-1;44;56;0;1;3.25;3.7;1.91;1.01;1.16;1.54;2.35;0;0;0;0;0;0;1.56;2.4;0;0;0;0;0;0;0;0;0;0;0;0;0;0;0;0;0;0;0;0;0;0;0;0;0;0;0;0;0;0;0;0;0;0;0;0;0;0;0;0;0;0;0;0;0;0;0;0;0;0;0;0;0;3;1;1;1;0;1;2;2018-09-05 17:30:00;3814;0;73;28;45;0;1;1;3;6;0;3;9;3;0;0;0;1;0;1;1;0;0;0;0;1.67;1.72;3.39;0;0;0;0;0;0;1;1;1;1;1;1;0;0;-1;-1;-1;-1;-1;-1;-1;-1;-1;22;56;62;78;95;56;73;84;50;11.32;0;4.51;3.34;Leiknir Reykjavík;Thróttur Reykjavík;1.18;1.91;1;2.22;1.11;1.84;78;45;39;22;6;95;83;78;1.48;1.72;3.2;1114;22;Y;Y;Y;N;N;N;Y
327371;3807;3804;2018;complete;2339;20;-1;14;33;1;1;2;4;6;10;-1;-1;0;1;0;0;5;5;8;4;13;9;-1;-1;49;51;0;1;1.91;3.4;3.5;1.02;1.22;1.74;2.85;0;0;0;0;0;0;1.71;2.05;0;0;0;0;0;0;0;0;0;0;0;0;0;0;0;0;0;0;0;0;0;0;0;0;0;0;0;0;0;0;0;0;0;0;0;0;0;0;0;0;0;0;0;0;0;0;0;0;0;0;0;0;0;2;1;1;0;0;0;2;2018-09-08 14:00:00;-1;0;39;22;17;0;1;1;3;4;1;2;7;3;0;0;0;1;0;1;1;0;0;0;0;1.38;1.13;2.5;0;0;0;0;0;0;1;1;0;0;0;1;0;0;-1;-1;-1;-1;-1;-1;-1;-1;-1;11;28;45;78;95;39;62;78;56;14.63;0;4.24;2.56;ÍA;Víkingur Ólafsvík;2.27;1.91;2.56;1.89;2.26;2;89;73;56;22;6;82;57;57;1.9;1.83;3.73;1114;22;Y;Y;N;N;N;N;Y
327372;3817;3818;2018;complete;2339;20;-1;37,82;41;2;1;3;-1;-1;-1;-1;-1;4;4;0;0;-1;-1;-1;-1;-1;-1;-1;-1;-1;-1;4;4;1.45;4.45;5.3;1;1.08;1.33;1.87;0;0;0;0;0;0;1.5;2.5;0;0;0;0;0;0;0;0;0;0;0;0;0;0;0;0;0;0;0;0;0;0;0;0;0;0;0;0;0;0;0;0;0;0;0;0;0;0;0;0;0;0;0;0;0;0;0;0;0;0;0;0;0;3;1;1;1;0;1;2;2018-09-07 17:30:00;3817;0;78;17;44;0;-1;1;-1;-1;-1;-1;-1;-1;1;3;3;1;4;4;-1;0;0;0;0;0;0;0;0;0;0;0;0;0;1;1;0;0;-1;-1;0;1;-1;-1;-1;-1;-1;-1;-1;-1;-1;33;62;67;95;100;50;73;95;78;11.76;0;4.95;3.84;Thór;Selfoss;2.09;0.27;1.89;0.33;1.79;0.79;67;39;33;6;0;75;51;51;1.9;1.3;3.2;1114;22;Y;Y;Y;N;N;N;Y
327373;6721;6720;2018;complete;2339;20;-1;11,26;86;2;1;3;6;9;15;-1;-1;4;1;0;0;11;7;4;5;15;12;-1;-1;48;52;4;1;2.1;3.65;2.9;1;1.13;1.49;2.25;0;0;0;0;0;0;1.49;2.55;0;0;0;0;0;0;0;0;0;0;0;0;0;0;0;0;0;0;0;0;0;0;0;0;0;0;0;0;0;0;0;0;0;0;0;0;0;0;0;0;0;0;0;0;0;0;0;0;0;0;0;0;0;3;2;0;0;1;1;2;2018-09-08 16:00:00;6721;0;73;22;39;0;1;1;3;2;3;7;5;10;1;1;3;0;2;3;1;0;0;0;0;2.03;1.53;3.56;0;0;0;0;0;0;1;1;0;0;1;0;0;0;-1;-1;-1;-1;-1;-1;-1;-1;-1;17;39;61;89;100;50;78;73;56;8.63;0;3.86;3.22;Njardvík;Magni;1.18;0.36;0.78;0.11;0.95;0.68;84;61;39;11;0;69;69;63;1.13;1.2;2.33;1114;22;Y;Y;Y;N;N;N;Y
327374;6720;3816;2018;complete;2339;21;-1;27,63;36;2;1;3;-1;-1;-1;-1;-1;-1;-1;-1;-1;-1;-1;-1;-1;-1;-1;-1;-1;-1;-1;-1;-1;2.65;3.85;2.15;1;1.09;1.37;1.95;0;0;0;0;0;0;1.4;2.85;0;0;0;0;0;0;0;0;0;0;0;0;0;0;0;0;0;0;0;0;0;0;0;0;0;0;0;0;0;0;0;0;0;0;0;0;0;0;0;0;0;0;0;0;0;0;0;0;0;0;0;0;0;3;1;1;1;0;1;2;2018-09-15 14:00:00;6720;0;65;20;50;0;-1;-1;-1;-1;-1;-1;-1;-1;-1;-1;-1;-1;-1;-1;-1;0;0;0;0;0;0;0;-1;-1;-1;-1;-1;-1;-1;1;0;0;-1;-1;-1;-1;-1;-1;-1;-1;-1;-1;-1;-1;-1;20;45;65;75;100;40;75;85;60;12;0;6.71;3.05;Magni;Fram;1.36;1;1.2;1.1;0.65;1.2;80;55;35;25;0;82;67;53;1.41;1.54;2.95;1114;22;Y;Y;Y;N;N;N;Y
327375;3822;3820;2018;complete;2339;21;-1;38,45,58;;3;0;3;6;1;7;-1;-1;-1;-1;-1;-1;9;3;9;10;18;13;-1;-1;47;53;-1;-1;1.31;5;7.25;1;1.1;1.38;2;0;0;0;0;0;0;1.67;2.15;0;0;0;0;0;0;0;0;0;0;0;0;0;0;0;0;0;0;0;0;0;0;0;0;0;0;0;0;0;0;0;0;0;0;0;0;0;0;0;0;0;0;0;0;0;0;0;0;0;0;0;0;0;3;2;0;1;0;1;2;2018-09-15 14:00:00;3822;0;50;20;20;0;1;-1;3;0;3;1;3;4;-1;-1;-1;-1;-1;-1;1;0;0;0;0;2.16;1.39;3.55;-1;-1;-1;-1;-1;-1;-1;1;0;0;0;0;-1;-1;-1;-1;-1;-1;-1;-1;-1;-1;-1;10;25;55;75;95;40;80;65;35;11.44;0;6.57;2.8;HK;ÍR;2.36;1;2.3;1.1;2.25;0.9;90;75;45;25;5;78;53;53;1.79;1.49;3.28;1114;22;Y;Y;Y;N;N;N;N
327376;3818;3807;2018;complete;2339;21;-1;71;17,43,90;1;3;4;3;7;10;-1;-1;-1;-1;-1;-1;3;8;6;10;9;18;-1;-1;47;53;-1;-1;5.15;4.35;1.48;1;1.11;1.43;2.1;0;0;0;0;0;0;1.61;2.25;0;0;0;0;0;0;0;0;0;0;0;0;0;0;0;0;0;0;0;0;0;0;0;0;0;0;0;0;0;0;0;0;0;0;0;0;0;0;0;0;0;0;0;0;0;0;0;0;0;0;0;0;0;4;0;2;1;1;2;2;2018-09-15 14:00:00;3807;0;60;25;40;0;1;-1;1;4;2;3;5;5;-1;-1;-1;-1;-1;-1;1;0;0;0;0;0.94;2;2.94;-1;-1;-1;-1;-1;-1;-1;1;0;0;0;0;-1;-1;-1;-1;-1;-1;-1;-1;-1;-1;-1;25;35;65;75;90;30;70;90;50;13.81;0;4.43;3.05;Selfoss;ÍA;1.09;2.09;1.2;2;0.75;2.2;75;65;35;25;10;71;65;65;1.6;1.96;3.56;1114;22;Y;Y;Y;Y;N;N;Y
327377;3813;3817;2018;complete;2339;21;-1;8,39,90;27,29,84,87;3;4;7;8;8;16;-1;-1;-1;-1;-1;-1;8;9;8;15;16;24;-1;-1;51;49;-1;-1;2;3.8;2.95;1;1.08;1.33;1.87;0;0;0;0;0;0;1.37;2.95;0;0;0;0;0;0;0;0;0;0;0;0;0;0;0;0;0;0;0;0;0;0;0;0;0;0;0;0;0;0;0;0;0;0;0;0;0;0;0;0;0;0;0;0;0;0;0;0;0;0;0;0;0;7;2;2;1;2;3;4;2018-09-15 14:00:00;3817;0;60;35;35;0;1;-1;3;4;5;4;7;9;-1;-1;-1;-1;-1;-1;1;0;0;0;0;1.87;2.49;4.36;-1;-1;-1;-1;-1;-1;-1;1;1;0;0;2;-1;-1;-1;-1;-1;-1;-1;-1;-1;-1;-1;35;60;75;85;100;50;75;95;65;13.58;0;3.72;4;Thróttur Reykjavík;Thór;1.36;1.82;1.5;1.7;1.75;1.85;65;40;25;15;0;62;55;49;1.99;1.69;3.68;1114;22;Y;Y;Y;Y;Y;Y;Y
327378;3804;6721;2018;complete;2339;21;-1;55;17,31;1;2;3;-1;-1;-1;-1;-1;-1;-1;-1;-1;-1;-1;-1;-1;-1;-1;-1;-1;-1;-1;-1;-1;1.32;4.95;7.25;1;1.12;1.44;2.15;0;0;0;0;0;0;1.74;2.05;0;0;0;0;0;0;0;0;0;0;0;0;0;0;0;0;0;0;0;0;0;0;0;0;0;0;0;0;0;0;0;0;0;0;0;0;0;0;0;0;0;0;0;0;0;0;0;0;0;0;0;0;0;3;0;2;1;0;1;2;2018-09-15 14:00:00;6721;0;60;20;45;0;-1;-1;-1;-1;-1;-1;-1;-1;-1;-1;-1;-1;-1;-1;-1;0;0;0;0;0;0;0;-1;-1;-1;-1;-1;-1;-1;1;0;0;-1;-1;-1;-1;-1;-1;-1;-1;-1;-1;-1;-1;-1;20;30;70;85;90;30;65;85;65;5.5;0;3.42;3.05;Víkingur Ólafsvík;Njardvík;1.91;1.27;2.1;1.1;1.95;1.05;80;70;30;15;10;44;44;44;0;1.27;1.27;1114;22;Y;Y;Y;N;N;N;Y
327379;3814;3821;2018;complete;2339;21;-1;;;0;0;0;10;12;22;-1;-1;2;3;0;0;3;3;11;6;14;9;-1;-1;54;46;2;3;2;3.65;3.05;1;1.11;1.43;2.1;0;0;0;0;0;0;1.44;2.65;0;0;0;0;0;0;0;0;0;0;0;0;0;0;0;0;0;0;0;0;0;0;0;0;0;0;0;0;0;0;0;0;0;0;0;0;0;0;0;0;0;0;0;0;0;0;0;0;0;0;0;0;0;0;0;0;0;0;0;0;2018-09-15 14:00:00;-1;0;70;15;40;0;1;1;8;3;2;9;11;11;1;0;1;3;1;4;1;0;0;0;0;1.39;1.04;2.43;0;0;0;0;0;0;1;1;0;0;1;0;0;0;-1;-1;-1;-1;-1;-1;-1;-1;-1;15;50;80;90;95;35;85;90;65;10.91;0;3.36;3.3;Leiknir Reykjavík;Haukar;1.18;1;1.2;1;1.2;1.05;85;50;20;10;5;88;83;78;1.5;1.08;2.58;1114;22;N;N;N;N;N;N;N
327380;3817;3814;2018;complete;2339;22;-1;13,24,47;27;3;1;4;6;4;10;-1;-1;3;2;0;1;8;4;7;3;15;7;-1;-1;51;49;3;4;1.77;3.9;3.7;1;1.12;1.43;2.1;0;12.5;5.05;2.5;1.61;1.23;1.49;2.55;0;0;0;0;0;0;0;0;0;0;0;0;0;0;0;0;0;0;0;0;0;0;0;0;0;0;0;0;0;0;0;0;0;0;0;0;0;0;0;0;0;0;0;0;0;0;0;0;0;0;0;0;0;4;2;1;1;0;1;3;2018-09-22 14:00:00;3817;0;45;20;25;0;1;1;3;1;3;3;4;6;2;1;1;2;3;3;1;0;0;0;0;1.74;0.85;2.59;0;0;0;0;0;0;1;1;0;0;0;0;0;0;-1;-1;-1;-1;-1;-1;-1;-1;-1;15;25;55;75;100;30;70;85;55;11.77;0;5.18;2.8;Thór;Leiknir Reykjavík;2.09;1.09;2;1.2;1.9;1.19;85;75;45;25;0;78;61;50;1.9;1.23;3.13;1114;22;Y;Y;Y;Y;N;N;Y
327381;3820;6720;2018;complete;2339;22;-1;19,22;6,41,78;2;3;5;10;6;16;-1;-1;1;1;0;0;9;8;10;8;19;16;-1;-1;50;50;1;1;2.2;3.5;2.75;1;1.11;1.4;2;0;13.25;5.35;2.65;1.67;1.26;1.42;2.8;0;0;0;0;0;0;0;0;0;0;0;0;0;0;0;0;0;0;0;0;0;0;0;0;0;0;0;0;0;0;0;0;0;0;0;0;0;0;0;0;0;0;0;0;0;0;0;0;0;0;0;0;0;5;2;2;0;1;1;4;2018-09-22 14:00:00;6720;0;65;35;35;0;1;1;6;3;4;3;9;7;0;0;1;1;0;2;1;0;0;0;0;2.16;1.86;4.02;0;0;0;0;0;0;1;1;0;1;1;0;0;0;-1;-1;-1;-1;-1;-1;-1;-1;-1;25;50;70;90;100;65;80;80;55;9.34;0;5.31;3.5;ÍR;Magni;0.64;0.36;0.7;0.1;0.86;0.76;75;50;30;10;0;68;63;52;1.53;1.23;2.76;1114;22;Y;Y;Y;Y;Y;N;Y
327382;6721;3818;2018;complete;2339;22;-1;6,78;11;2;1;3;8;5;13;-1;-1;2;1;0;0;8;7;6;6;14;13;-1;-1;51;49;2;1;2.2;3.5;2.8;1;1.13;1.48;2.2;0;12;4.8;2.4;1.56;1.21;1.48;2.6;0;0;0;0;0;0;0;0;0;0;0;0;0;0;0;0;0;0;0;0;0;0;0;0;0;0;0;0;0;0;0;0;0;0;0;0;0;0;0;0;0;0;0;0;0;0;0;0;0;0;0;0;0;3;1;1;1;0;1;2;2018-09-22 14:00:00;6721;0;80;15;35;0;1;1;1;5;7;0;6;7;0;0;2;1;0;3;1;0;0;0;0;1.71;1.51;3.22;0;0;0;0;0;0;1;1;1;0;0;2;0;0;-1;-1;-1;-1;-1;-1;-1;-1;-1;15;35;55;90;100;45;85;80;50;9.32;0;4.63;3.1;Njardvík;Selfoss;1.18;0.27;1;0.3;1.14;0.71;85;65;45;10;0;80;73;73;1.23;1.3;2.53;1114;22;Y;Y;Y;N;N;N;Y
327383;3807;3813;2018;complete;2339;22;-1;54;65;1;1;2;3;6;9;-1;-1;1;2;0;0;7;5;7;10;14;15;-1;-1;52;48;1;2;1.5;4.35;5;1;1.1;1.39;2;0;13.25;5.4;2.65;1.67;1.27;1.53;2.45;0;0;0;0;0;0;0;0;0;0;0;0;0;0;0;0;0;0;0;0;0;0;0;0;0;0;0;0;0;0;0;0;0;0;0;0;0;0;0;0;0;0;0;0;0;0;0;0;0;0;0;0;0;2;0;0;1;1;2;0;2018-09-22 16:00:00;-1;0;55;30;35;0;1;1;3;3;0;3;6;3;0;0;1;2;0;3;1;0;0;0;0;1.63;1.5;3.14;0;0;0;0;0;0;1;1;0;0;0;1;0;0;-1;-1;-1;-1;-1;-1;-1;-1;-1;25;50;60;80;95;50;70;80;60;14.22;0;3.93;3.3;ÍA;Thróttur Reykjavík;2.27;1.91;2.4;2;2.24;1.67;75;50;40;20;5;89;78;73;1.84;1.72;3.56;1114;22;Y;Y;N;N;N;N;Y
327384;3821;3822;2018;complete;2339;22;-1;45,71;;2;0;2;2;6;8;-1;-1;3;3;1;1;9;7;3;11;12;18;-1;-1;50;50;5;5;4.6;4.2;1.56;1;1.11;1.4;2;0;13.25;5.35;2.65;1.67;1.26;1.51;2.5;0;0;0;0;0;0;0;0;0;0;0;0;0;0;0;0;0;0;0;0;0;0;0;0;0;0;0;0;0;0;0;0;0;0;0;0;0;0;0;0;0;0;0;0;0;0;0;0;0;0;0;0;0;2;1;0;1;0;1;1;2018-09-22 16:00:00;3821;0;65;30;35;0;1;1;1;3;1;3;4;4;1;0;3;4;1;7;1;0;0;0;0;1.59;2.02;3.61;0;0;0;0;0;0;1;1;0;0;0;3;0;0;-1;-1;-1;-1;-1;-1;-1;-1;-1;15;40;55;80;90;50;80;70;35;11.8;0;3.57;3.05;Haukar;HK;1.27;2;1.1;2.2;1.05;2.29;85;60;45;20;10;84;74;64;1.4;1.5;2.9;1114;22;Y;Y;N;N;N;N;N
327385;3816;3804;2018;complete;2339;22;-1;25;38,82;1;2;3;2;8;10;-1;-1;4;0;0;0;5;9;6;13;11;22;-1;-1;45;55;4;0;4.15;4.05;1.65;1;1.12;1.43;2.1;0;12.5;5.05;2.5;1.61;1.23;1.53;2.45;0;0;0;0;0;0;0;0;0;0;0;0;0;0;0;0;0;0;0;0;0;0;0;0;0;0;0;0;0;0;0;0;0;0;0;0;0;0;0;0;0;0;0;0;0;0;0;0;0;0;0;0;0;3;1;1;0;1;1;2;2018-09-22 14:00:00;3804;0;65;35;25;0;1;1;1;3;1;5;4;6;0;0;4;0;0;4;1;0;0;0;0;1.23;2.36;3.59;0;0;0;0;0;0;1;1;0;0;0;0;0;0;-1;-1;-1;-1;-1;-1;-1;-1;-1;10;35;55;80;95;45;65;75;55;10.51;0;4.26;2.8;Fram;Víkingur Ólafsvík;1.18;1.91;1.3;1.8;1.14;1.86;90;65;45;20;5;80;58;42;1.59;1.76;3.35;1114;22;Y;Y;Y;N;N;N;Y
