ID;HOMEID;AWAYID;SEASON;STATUS;ROUNDID;GAME_WEEK;REVISED_GAME_WEEK;HOMEGOALS;AWAYGOALS;HOMEGOALCOUNT;AWAYGOALCOUNT;TOTALGOALCOUNT;TEAM_A_CORNERS;TEAM_B_CORNERS;TOTALCORNERCOUNT;TEAM_A_OFFSIDES;TEAM_B_OFFSIDES;TEAM_A_YELLOW_CARDS;TEAM_B_YELLOW_CARDS;TEAM_A_RED_CARDS;TEAM_B_RED_CARDS;TEAM_A_SHOTSONTARGET;TEAM_B_SHOTSONTARGET;TEAM_A_SHOTSOFFTARGET;TEAM_B_SHOTSOFFTARGET;TEAM_A_SHOTS;TEAM_B_SHOTS;TEAM_A_FOULS;TEAM_B_FOULS;TEAM_A_POSSESSION;TEAM_B_POSSESSION;TEAM_A_CARDS_NUM;TEAM_B_CARDS_NUM;ODDS_FT_1;ODDS_FT_X;ODDS_FT_2;ODDS_FT_OVER05;ODDS_FT_OVER15;ODDS_FT_OVER25;ODDS_FT_OVER35;ODDS_FT_OVER45;ODDS_FT_UNDER05;ODDS_FT_UNDER15;ODDS_FT_UNDER25;ODDS_FT_UNDER35;ODDS_FT_UNDER45;ODDS_BTTS_YES;ODDS_BTTS_NO;ODDS_TEAM_A_CS_YES;ODDS_TEAM_A_CS_NO;ODDS_TEAM_B_CS_YES;ODDS_TEAM_B_CS_NO;ODDS_DOUBLECHANCE_1X;ODDS_DOUBLECHANCE_12;ODDS_DOUBLECHANCE_X2;ODDS_1ST_HALF_RESULT_1;ODDS_1ST_HALF_RESULT_X;ODDS_1ST_HALF_RESULT_2;ODDS_2ND_HALF_RESULT_1;ODDS_2ND_HALF_RESULT_X;ODDS_2ND_HALF_RESULT_2;ODDS_DNB_1;ODDS_DNB_2;ODDS_CORNERS_OVER_75;ODDS_CORNERS_OVER_85;ODDS_CORNERS_OVER_95;ODDS_CORNERS_OVER_105;ODDS_CORNERS_OVER_115;ODDS_CORNERS_UNDER_75;ODDS_CORNERS_UNDER_85;ODDS_CORNERS_UNDER_95;ODDS_CORNERS_UNDER_105;ODDS_CORNERS_UNDER_115;ODDS_CORNERS_1;ODDS_CORNERS_X;ODDS_CORNERS_2;ODDS_TEAM_TO_SCORE_FIRST_1;ODDS_TEAM_TO_SCORE_FIRST_X;ODDS_TEAM_TO_SCORE_FIRST_2;ODDS_WIN_TO_NIL_1;ODDS_WIN_TO_NIL_2;ODDS_1ST_HALF_OVER05;ODDS_1ST_HALF_OVER15;ODDS_1ST_HALF_OVER25;ODDS_1ST_HALF_OVER35;ODDS_1ST_HALF_UNDER05;ODDS_1ST_HALF_UNDER15;ODDS_1ST_HALF_UNDER25;ODDS_1ST_HALF_UNDER35;ODDS_2ND_HALF_OVER05;ODDS_2ND_HALF_OVER15;ODDS_2ND_HALF_OVER25;ODDS_2ND_HALF_OVER35;ODDS_2ND_HALF_UNDER05;ODDS_2ND_HALF_UNDER15;ODDS_2ND_HALF_UNDER25;ODDS_2ND_HALF_UNDER35;ODDS_BTTS_1ST_HALF_YES;ODDS_BTTS_1ST_HALF_NO;ODDS_BTTS_2ND_HALF_YES;ODDS_BTTS_2ND_HALF_NO;OVERALLGOALCOUNT;HT_GOALS_TEAM_A;HT_GOALS_TEAM_B;GOALS_2HG_TEAM_A;GOALS_2HG_TEAM_B;GOALCOUNT_2HG;HTGOALCOUNT;DATE_UNIX;WINNINGTEAM;NO_HOME_AWAY;BTTS_POTENTIAL;BTTS_FHG_POTENTIAL;BTTS_2HG_POTENTIAL;GOALTIMINGDISABLED;CORNER_TIMINGS_RECORDED;CARD_TIMINGS_RECORDED;TEAM_A_FH_CORNERS;TEAM_B_FH_CORNERS;TEAM_A_2H_CORNERS;TEAM_B_2H_CORNERS;CORNER_FH_COUNT;CORNER_2H_COUNT;TEAM_A_FH_CARDS;TEAM_B_FH_CARDS;TEAM_A_2H_CARDS;TEAM_B_2H_CARDS;TOTAL_FH_CARDS;TOTAL_2H_CARDS;ATTACKS_RECORDED;TEAM_A_DANGEROUS_ATTACKS;TEAM_B_DANGEROUS_ATTACKS;TEAM_A_ATTACKS;TEAM_B_ATTACKS;TEAM_A_XG;TEAM_B_XG;TOTAL_XG;TEAM_A_PENALTIES_WON;TEAM_B_PENALTIES_WON;TEAM_A_PENALTY_GOALS;TEAM_B_PENALTY_GOALS;TEAM_A_PENALTY_MISSED;TEAM_B_PENALTY_MISSED;PENS_RECORDED;GOAL_TIMINGS_RECORDED;TEAM_A_0_10_MIN_GOALS;TEAM_B_0_10_MIN_GOALS;TEAM_A_CORNERS_0_10_MIN;TEAM_B_CORNERS_0_10_MIN;TEAM_A_CARDS_0_10_MIN;TEAM_B_CARDS_0_10_MIN;THROWINS_RECORDED;TEAM_A_THROWINS;TEAM_B_THROWINS;FREEKICKS_RECORDED;TEAM_A_FREEKICKS;TEAM_B_FREEKICKS;GOALKICKS_RECORDED;TEAM_A_GOALKICKS;TEAM_B_GOALKICKS;O45_POTENTIAL;O35_POTENTIAL;O25_POTENTIAL;O15_POTENTIAL;O05_POTENTIAL;O15HT_POTENTIAL;O05HT_POTENTIAL;O05_2H_POTENTIAL;O15_2H_POTENTIAL;CORNERS_POTENTIAL;OFFSIDES_POTENTIAL;CARDS_POTENTIAL;AVG_POTENTIAL;HOME_NAME;AWAY_NAME;HOME_PPG;AWAY_PPG;PRE_MATCH_HOME_PPG;PRE_MATCH_AWAY_PPG;PRE_MATCH_TEAMA_OVERALL_PPG;PRE_MATCH_TEAMB_OVERALL_PPG;U45_POTENTIAL;U35_POTENTIAL;U25_POTENTIAL;U15_POTENTIAL;U05_POTENTIAL;CORNERS_O85_POTENTIAL;CORNERS_O95_POTENTIAL;CORNERS_O105_POTENTIAL;TEAM_A_XG_PREMATCH;TEAM_B_XG_PREMATCH;TOTAL_XG_PREMATCH;COMPETITION_ID;MATCHES_COMPLETED_MINIMUM;OVER05;OVER15;OVER25;OVER35;OVER45;OVER55;BTTS
214325;3821;3813;2014;complete;1297;1;-1;82;11,16,33,55;1;4;5;4;6;10;1;3;5;2;1;0;8;7;5;5;13;12;14;10;49;51;6;2;0;0;0;0;0;0;0;0;0;0;0;0;0;0;0;0;0;0;0;0;0;0;0;0;0;0;0;0;0;0;0;0;0;0;0;0;0;0;0;0;0;0;0;0;0;0;0;0;0;0;0;0;0;0;0;0;0;0;0;0;0;0;0;0;0;0;0;0;5;0;3;1;1;2;3;2014-05-09 19:00:00;3813;0;0;0;0;0;-1;1;-1;-1;-1;-1;-1;-1;4;2;2;0;6;2;-1;0;0;0;0;0;0;0;0;0;0;0;0;0;1;1;0;0;-1;-1;0;0;-1;-1;-1;-1;-1;-1;-1;-1;-1;0;0;0;0;0;0;0;0;0;0;0;0;0;Haukar;Thróttur Reykjavík;1.55;1.64;0;0;0;0;0;0;0;0;0;0;0;0;0;0;0;745;22;Y;Y;Y;Y;Y;N;Y
214326;3827;3822;2014;complete;1297;1;-1;65,90;27,41,51;2;3;5;6;1;7;0;2;1;5;0;0;2;3;4;4;6;7;7;14;55;45;1;5;0;0;0;0;0;0;0;0;0;0;0;0;0;0;0;0;0;0;0;0;0;0;0;0;0;0;0;0;0;0;0;0;0;0;0;0;0;0;0;0;0;0;0;0;0;0;0;0;0;0;0;0;0;0;0;0;0;0;0;0;0;0;0;0;0;0;0;0;5;0;2;2;1;3;2;2014-05-09 19:00:00;3822;0;0;0;0;0;-1;1;-1;-1;-1;-1;-1;-1;0;2;1;3;2;4;-1;0;0;0;0;0;0;0;0;0;0;0;0;0;1;1;0;0;-1;-1;0;0;-1;-1;-1;-1;-1;-1;-1;-1;-1;0;0;0;0;0;0;0;0;0;0;0;0;0;KV;HK;0.91;1.45;0;0;0;0;0;0;0;0;0;0;0;0;0;0;0;745;22;Y;Y;Y;Y;Y;N;Y
214327;3818;3807;2014;complete;1297;1;-1;;47;0;1;1;6;4;10;0;1;2;1;0;0;3;3;6;1;9;4;8;16;52;48;2;1;0;0;0;0;0;0;0;0;0;0;0;0;0;0;0;0;0;0;0;0;0;0;0;0;0;0;0;0;0;0;0;0;0;0;0;0;0;0;0;0;0;0;0;0;0;0;0;0;0;0;0;0;0;0;0;0;0;0;0;0;0;0;0;0;0;0;0;0;1;0;0;0;1;1;0;2014-05-09 19:15:00;3807;0;0;0;0;0;-1;1;-1;-1;-1;-1;-1;-1;0;1;2;0;1;2;-1;0;0;0;0;0;0;0;0;0;0;0;0;0;1;1;0;0;-1;-1;0;0;-1;-1;-1;-1;-1;-1;-1;-1;-1;0;0;0;0;0;0;0;0;0;0;0;0;0;Selfoss;ÍA;0.92;2.08;0;0;0;0;0;0;0;0;0;0;0;0;0;0;0;745;22;Y;N;N;N;N;N;N
214328;3826;3828;2014;complete;1297;1;-1;36,47,56,66;;4;0;4;-1;-1;-1;-1;-1;0;0;1;0;-1;-1;-1;-1;-1;-1;-1;-1;-1;-1;2;0;0;0;0;0;0;0;0;0;0;0;0;0;0;0;0;0;0;0;0;0;0;0;0;0;0;0;0;0;0;0;0;0;0;0;0;0;0;0;0;0;0;0;0;0;0;0;0;0;0;0;0;0;0;0;0;0;0;0;0;0;0;0;0;0;0;0;0;0;4;1;0;3;0;3;1;2014-05-10 14:00:00;3826;0;0;0;0;0;-1;1;-1;-1;-1;-1;-1;-1;0;0;1;0;0;1;-1;0;0;0;0;0;0;0;0;0;0;0;0;0;1;1;0;0;-1;-1;0;0;-1;-1;-1;-1;-1;-1;-1;-1;-1;0;0;0;0;0;0;0;0;0;0;0;0;0;BI Bolungarvik;Tindastóll;1;0.09;0;0;0;0;0;0;0;0;0;0;0;0;0;0;0;745;22;Y;Y;Y;Y;N;N;N
214329;3811;3804;2014;complete;1297;1;-1;85,89;51,71,82;2;3;5;3;6;9;6;2;1;1;0;0;6;6;4;6;10;12;14;12;48;52;1;1;0;0;0;0;0;0;0;0;0;0;0;0;0;0;0;0;0;0;0;0;0;0;0;0;0;0;0;0;0;0;0;0;0;0;0;0;0;0;0;0;0;0;0;0;0;0;0;0;0;0;0;0;0;0;0;0;0;0;0;0;0;0;0;0;0;0;0;0;5;0;0;2;3;5;0;2014-05-10 14:00:00;3804;0;0;0;0;0;-1;1;-1;-1;-1;-1;-1;-1;1;0;0;1;1;1;-1;0;0;0;0;0;0;0;0;0;0;0;0;0;1;1;0;0;-1;-1;0;0;-1;-1;-1;-1;-1;-1;-1;-1;-1;0;0;0;0;0;0;0;0;0;0;0;0;0;KA;Víkingur Ólafsvík;1.18;1.73;0;0;0;0;0;0;0;0;0;0;0;0;0;0;0;745;22;Y;Y;Y;Y;Y;N;Y
214330;3814;3806;2014;complete;1297;1;-1;57;;1;0;1;4;10;14;1;2;2;3;0;1;5;6;6;5;11;11;16;9;33;67;2;5;0;0;0;0;0;0;0;0;0;0;0;0;0;0;0;0;0;0;0;0;0;0;0;0;0;0;0;0;0;0;0;0;0;0;0;0;0;0;0;0;0;0;0;0;0;0;0;0;0;0;0;0;0;0;0;0;0;0;0;0;0;0;0;0;0;0;0;0;1;0;0;1;0;1;0;2014-05-10 14:00:00;3814;0;0;0;0;0;-1;1;-1;-1;-1;-1;-1;-1;1;1;1;3;2;4;-1;0;0;0;0;0;0;0;0;0;0;0;0;0;1;1;0;0;-1;-1;0;0;-1;-1;-1;-1;-1;-1;-1;-1;-1;0;0;0;0;0;0;0;0;0;0;0;0;0;Leiknir Reykjavík;Grindavík;2.55;1.27;0;0;0;0;0;0;0;0;0;0;0;0;0;0;0;745;22;Y;N;N;N;N;N;N
214331;3822;3821;2014;complete;1297;2;-1;9;66;1;1;2;4;2;6;1;1;3;2;0;0;3;2;4;6;7;8;12;22;44;56;3;2;0;0;0;0;0;0;0;0;0;0;0;0;0;0;0;0;0;0;0;0;0;0;0;0;0;0;0;0;0;0;0;0;0;0;0;0;0;0;0;0;0;0;0;0;0;0;0;0;0;0;0;0;0;0;0;0;0;0;0;0;0;0;0;0;0;0;0;0;2;1;0;0;1;1;1;2014-05-16 19:15:00;-1;0;0;0;0;0;-1;1;-1;-1;-1;-1;-1;-1;3;1;0;1;4;1;-1;0;0;0;0;0;0;0;0;0;0;0;0;0;1;1;1;0;-1;-1;0;0;-1;-1;-1;-1;-1;-1;-1;-1;-1;0;0;0;0;0;0;0;0;0;0;0;0;0;HK;Haukar;1.64;1.36;0;0;3;0;0;0;0;0;0;0;0;0;0;0;0;745;22;Y;Y;N;N;N;N;Y
214332;3806;3807;2014;complete;1297;2;-1;33,50,73;17,90;3;2;5;4;6;10;3;2;3;0;0;0;3;5;2;8;5;13;10;8;53;47;3;0;0;0;0;0;0;0;0;0;0;0;0;0;0;0;0;0;0;0;0;0;0;0;0;0;0;0;0;0;0;0;0;0;0;0;0;0;0;0;0;0;0;0;0;0;0;0;0;0;0;0;0;0;0;0;0;0;0;0;0;0;0;0;0;0;0;0;0;0;5;1;1;2;1;3;2;2014-05-17 14:00:00;3806;0;0;0;0;0;-1;1;-1;-1;-1;-1;-1;-1;0;0;3;0;0;3;-1;0;0;0;0;0;0;0;0;0;0;0;0;0;1;1;0;0;-1;-1;0;0;-1;-1;-1;-1;-1;-1;-1;-1;-1;0;0;0;0;50;0;0;50;0;4;1;1;0.5;Grindavík;ÍA;1.91;2.08;0;3;0;3;50;50;50;50;0;50;50;0;0;0;0;745;22;Y;Y;Y;Y;Y;N;Y
214333;3814;3826;2014;complete;1297;2;-1;49,75;;2;0;2;10;8;18;3;2;1;1;0;0;4;5;2;5;6;10;9;11;43;57;1;1;0;0;0;0;0;0;0;0;0;0;0;0;0;0;0;0;0;0;0;0;0;0;0;0;0;0;0;0;0;0;0;0;0;0;0;0;0;0;0;0;0;0;0;0;0;0;0;0;0;0;0;0;0;0;0;0;0;0;0;0;0;0;0;0;0;0;0;0;2;0;0;2;0;2;0;2014-05-17 14:00:00;3814;0;0;0;0;0;-1;1;-1;-1;-1;-1;-1;-1;0;0;1;1;0;2;-1;0;0;0;0;0;0;0;0;0;0;0;0;0;1;1;0;0;-1;-1;0;0;-1;-1;-1;-1;-1;-1;-1;-1;-1;0;0;0;0;50;0;0;50;0;4;1;2;0.5;Leiknir Reykjavík;BI Bolungarvik;2.55;1.27;3;0;3;3;50;50;50;50;0;50;50;50;0;0;0;745;22;Y;Y;N;N;N;N;N
214334;3804;3818;2014;complete;1297;2;-1;;90;0;1;1;6;1;7;3;1;3;3;0;0;5;2;7;1;12;3;13;22;52;48;3;3;0;0;0;0;0;0;0;0;0;0;0;0;0;0;0;0;0;0;0;0;0;0;0;0;0;0;0;0;0;0;0;0;0;0;0;0;0;0;0;0;0;0;0;0;0;0;0;0;0;0;0;0;0;0;0;0;0;0;0;0;0;0;0;0;0;0;0;0;1;0;0;0;1;1;0;2014-05-17 14:00:00;3818;0;0;0;0;0;-1;1;-1;-1;-1;-1;-1;-1;1;1;2;2;2;4;-1;0;0;0;0;0;0;0;0;0;0;0;0;0;1;1;0;0;-1;-1;0;0;-1;-1;-1;-1;-1;-1;-1;-1;-1;0;0;0;0;0;0;0;0;0;0;0;0;0;Víkingur Ólafsvík;Selfoss;1.55;1.5;0;0;3;0;0;0;0;0;0;0;0;0;0;0;0;745;22;Y;N;N;N;N;N;N
214335;3813;3811;2014;complete;1297;2;-1;8,35,65;20;3;1;4;8;2;10;3;1;1;3;0;0;8;2;7;4;15;6;11;10;51;49;1;3;0;0;0;0;0;0;0;0;0;0;0;0;0;0;0;0;0;0;0;0;0;0;0;0;0;0;0;0;0;0;0;0;0;0;0;0;0;0;0;0;0;0;0;0;0;0;0;0;0;0;0;0;0;0;0;0;0;0;0;0;0;0;0;0;0;0;0;0;4;2;1;1;0;1;3;2014-05-17 14:00:00;3813;0;0;0;0;0;-1;1;-1;-1;-1;-1;-1;-1;1;1;0;2;2;2;-1;0;0;0;0;0;0;0;0;0;0;0;0;0;1;1;1;0;-1;-1;1;0;-1;-1;-1;-1;-1;-1;-1;-1;-1;0;0;0;0;0;0;0;0;0;0;0;0;0;Thróttur Reykjavík;KA;1.73;1.64;0;0;3;0;0;0;0;0;0;0;0;0;0;0;0;745;22;Y;Y;Y;Y;N;N;Y
214336;3828;3827;2014;complete;1297;2;-1;69,90;4,44;2;2;4;5;2;7;5;0;3;1;0;0;6;7;4;3;10;10;20;11;48;52;3;1;0;0;0;0;0;0;0;0;0;0;0;0;0;0;0;0;0;0;0;0;0;0;0;0;0;0;0;0;0;0;0;0;0;0;0;0;0;0;0;0;0;0;0;0;0;0;0;0;0;0;0;0;0;0;0;0;0;0;0;0;0;0;0;0;0;0;0;0;4;0;2;2;0;2;2;2014-05-17 16:00:00;-1;0;0;0;0;0;-1;1;-1;-1;-1;-1;-1;-1;1;0;2;1;1;3;-1;0;0;0;0;0;0;0;0;0;0;0;0;0;1;1;0;1;-1;-1;0;0;-1;-1;-1;-1;-1;-1;-1;-1;-1;0;0;0;0;0;0;0;0;0;0;0;0;0;Tindastóll;KV;0.27;0.73;0;0;0;0;0;0;0;0;0;0;0;0;0;0;0;745;22;Y;Y;Y;Y;N;N;Y
214337;3811;3822;2014;complete;1297;3;-1;39;54,61;1;2;3;8;6;14;0;4;3;1;0;0;6;4;9;1;15;5;13;13;57;43;3;1;0;0;0;0;0;0;0;0;0;0;0;0;0;0;0;0;0;0;0;0;0;0;0;0;0;0;0;0;0;0;0;0;0;0;0;0;0;0;0;0;0;0;0;0;0;0;0;0;0;0;0;0;0;0;0;0;0;0;0;0;0;0;0;0;0;0;0;0;3;1;0;0;2;2;1;2014-05-23 18:15:00;3822;0;100;0;100;0;-1;1;-1;-1;-1;-1;-1;-1;1;1;2;0;2;2;-1;0;0;0;0;0;0;0;0;0;0;0;0;0;1;1;0;0;-1;-1;0;0;-1;-1;-1;-1;-1;-1;-1;-1;-1;100;100;100;100;100;50;50;100;100;4;8;6;5;KA;HK;1.18;1.45;0;3;0;2;0;0;0;0;0;50;0;0;0;0;0;745;22;Y;Y;Y;N;N;N;Y
214338;3818;3813;2014;complete;1297;3;-1;;61;0;1;1;7;5;12;1;1;2;3;0;0;9;4;3;2;12;6;22;18;53;47;2;3;0;0;0;0;0;0;0;0;0;0;0;0;0;0;0;0;0;0;0;0;0;0;0;0;0;0;0;0;0;0;0;0;0;0;0;0;0;0;0;0;0;0;0;0;0;0;0;0;0;0;0;0;0;0;0;0;0;0;0;0;0;0;0;0;0;0;0;0;1;0;0;0;1;1;0;2014-05-23 19:15:00;3813;0;50;0;50;0;-1;1;-1;-1;-1;-1;-1;-1;1;1;1;2;2;3;-1;0;0;0;0;0;0;0;0;0;0;0;0;0;1;1;0;0;-1;-1;0;0;-1;-1;-1;-1;-1;-1;-1;-1;-1;50;50;50;50;100;50;50;100;50;12;3;4;3;Selfoss;Thróttur Reykjavík;0.92;1.64;0;3;1.5;3;50;50;50;50;0;100;100;0;0;0;0;745;22;Y;N;N;N;N;N;N
214339;3807;3804;2014;complete;1297;3;-1;45,46;72,90,90;2;3;5;2;15;17;3;1;5;3;0;0;4;6;6;6;10;12;14;9;44;56;5;3;0;0;0;0;0;0;0;0;0;0;0;0;0;0;0;0;0;0;0;0;0;0;0;0;0;0;0;0;0;0;0;0;0;0;0;0;0;0;0;0;0;0;0;0;0;0;0;0;0;0;0;0;0;0;0;0;0;0;0;0;0;0;0;0;0;0;0;0;5;1;0;1;3;4;1;2014-05-23 19:15:00;3804;0;50;0;50;0;-1;1;-1;-1;-1;-1;-1;-1;2;3;3;0;5;3;-1;0;0;0;0;0;0;0;0;1;0;1;0;0;1;1;0;0;-1;-1;0;0;-1;-1;-1;-1;-1;-1;-1;-1;-1;50;50;50;50;50;0;0;50;50;6;2;1;2.5;ÍA;Víkingur Ólafsvík;1.8;1.73;0;3;1.5;1.5;0;0;0;0;0;50;0;0;0;0;0;745;22;Y;Y;Y;Y;Y;N;Y
214340;3821;3828;2014;complete;1297;3;-1;90;71;1;1;2;4;1;5;4;2;0;3;0;0;6;3;9;3;15;6;6;14;64;36;0;3;0;0;0;0;0;0;0;0;0;0;0;0;0;0;0;0;0;0;0;0;0;0;0;0;0;0;0;0;0;0;0;0;0;0;0;0;0;0;0;0;0;0;0;0;0;0;0;0;0;0;0;0;0;0;0;0;0;0;0;0;0;0;0;0;0;0;0;0;2;0;0;1;1;2;0;2014-05-23 20:00:00;-1;0;50;0;50;0;-1;1;-1;-1;-1;-1;-1;-1;0;1;0;2;1;2;-1;0;0;0;0;0;0;0;0;0;0;0;0;0;1;1;0;0;-1;-1;0;0;-1;-1;-1;-1;-1;-1;-1;-1;-1;50;100;100;100;100;50;100;100;100;4;0;6;4.5;Haukar;Tindastóll;1.55;0.09;0;0;0.5;0.5;50;0;0;0;0;50;50;0;0;0;0;745;22;Y;Y;N;N;N;N;Y
214341;3827;3814;2014;complete;1297;3;-1;;18;0;1;1;4;6;10;2;4;3;4;0;0;6;0;3;8;9;8;13;13;51;49;3;4;0;0;0;0;0;0;0;0;0;0;0;0;0;0;0;0;0;0;0;0;0;0;0;0;0;0;0;0;0;0;0;0;0;0;0;0;0;0;0;0;0;0;0;0;0;0;0;0;0;0;0;0;0;0;0;0;0;0;0;0;0;0;0;0;0;0;0;0;1;0;1;0;0;0;1;2014-05-23 20:00:00;3814;0;50;0;50;0;-1;1;-1;-1;-1;-1;-1;-1;0;2;3;2;2;5;-1;0;0;0;0;0;0;0;0;0;0;0;0;0;1;1;0;0;-1;-1;0;0;-1;-1;-1;-1;-1;-1;-1;-1;-1;50;50;50;50;50;50;50;50;50;6;0;1;2.5;KV;Leiknir Reykjavík;0.91;1.82;0;0;0.5;3;0;0;0;0;0;0;0;0;0;0;0;745;22;Y;N;N;N;N;N;N
214342;3826;3827;2014;complete;1297;4;-1;;18,67,77,87,90;0;5;5;-1;-1;-1;-1;-1;1;3;1;0;-1;-1;-1;-1;-1;-1;-1;-1;-1;-1;3;3;0;0;0;0;0;0;0;0;0;0;0;0;0;0;0;0;0;0;0;0;0;0;0;0;0;0;0;0;0;0;0;0;0;0;0;0;0;0;0;0;0;0;0;0;0;0;0;0;0;0;0;0;0;0;0;0;0;0;0;0;0;0;0;0;0;0;0;0;5;0;1;0;4;4;1;2014-05-31 14:00:00;3827;0;50;0;0;0;-1;1;-1;-1;-1;-1;-1;-1;0;0;2;3;0;5;-1;0;0;0;0;0;0;0;0;0;0;0;0;0;1;1;0;0;-1;-1;0;0;-1;-1;-1;-1;-1;-1;-1;-1;-1;0;100;100;100;100;50;100;100;100;2;0;3;4;BI Bolungarvik;KV;1;0.73;3;1;1.5;0.33;100;0;0;0;0;0;0;0;0;0;0;745;22;Y;Y;Y;Y;Y;N;N
214343;3813;3807;2014;complete;1297;4;-1;;39;0;1;1;7;10;17;1;0;2;1;1;0;4;9;4;11;8;20;9;13;40;60;4;1;0;0;0;0;0;0;0;0;0;0;0;0;0;0;0;0;0;0;0;0;0;0;0;0;0;0;0;0;0;0;0;0;0;0;0;0;0;0;0;0;0;0;0;0;0;0;0;0;0;0;0;0;0;0;0;0;0;0;0;0;0;0;0;0;0;0;0;0;1;0;1;0;0;0;1;2014-06-01 20:00:00;3807;0;75;75;25;0;-1;1;-1;-1;-1;-1;-1;-1;1;0;2;1;1;3;-1;0;0;0;0;0;0;0;0;0;0;0;0;0;1;1;0;0;-1;-1;0;0;-1;-1;-1;-1;-1;-1;-1;-1;-1;25;75;75;75;100;75;75;100;25;13;4.5;1.5;3.5;Thróttur Reykjavík;ÍA;1.73;2.08;3;1.5;3;1;75;25;25;25;0;100;100;0;0;0;0;745;22;Y;N;N;N;N;N;N
214344;3822;3818;2014;complete;1297;4;-1;5;90;1;1;2;1;4;5;4;1;2;1;1;0;4;7;2;7;6;14;14;16;43;57;3;1;0;0;0;0;0;0;0;0;0;0;0;0;0;0;0;0;0;0;0;0;0;0;0;0;0;0;0;0;0;0;0;0;0;0;0;0;0;0;0;0;0;0;0;0;0;0;0;0;0;0;0;0;0;0;0;0;0;0;0;0;0;0;0;0;0;0;0;0;2;1;0;0;1;1;1;2014-06-02 19:15:00;-1;0;50;0;0;0;-1;1;-1;-1;-1;-1;-1;-1;1;0;2;1;1;3;-1;0;0;0;0;0;0;0;0;0;0;0;0;0;1;1;1;0;-1;-1;0;0;-1;-1;-1;-1;-1;-1;-1;-1;-1;0;0;0;50;100;0;50;100;0;5;2;6;1.5;HK;Selfoss;1.64;1.5;1;3;2.33;1;100;100;100;50;0;0;0;0;0;0;0;745;22;Y;Y;N;N;N;N;Y
214345;3811;3828;2014;complete;1297;4;-1;8,64,66,75;;4;0;4;5;0;5;5;0;2;5;0;1;4;2;8;3;12;5;11;16;58;42;2;6;0;0;0;0;0;0;0;0;0;0;0;0;0;0;0;0;0;0;0;0;0;0;0;0;0;0;0;0;0;0;0;0;0;0;0;0;0;0;0;0;0;0;0;0;0;0;0;0;0;0;0;0;0;0;0;0;0;0;0;0;0;0;0;0;0;0;0;0;4;1;0;3;0;3;1;2014-06-05 19:15:00;3811;0;75;0;50;0;-1;1;-1;-1;-1;-1;-1;-1;1;3;1;3;4;4;-1;0;0;0;0;0;0;0;1;0;1;0;0;0;1;1;1;0;-1;-1;0;0;-1;-1;-1;-1;-1;-1;-1;-1;-1;25;50;75;100;100;0;50;100;100;6.5;3.5;3.5;3.5;KA;Tindastóll;1.18;0.09;0;0.5;0;0.67;75;50;25;0;0;50;25;25;0;0;0;745;22;Y;Y;Y;Y;N;N;N
214346;3814;3821;2014;complete;1297;4;-1;66,72;;2;0;2;9;5;14;2;2;0;0;0;0;6;2;6;2;12;4;10;14;49;51;0;0;0;0;0;0;0;0;0;0;0;0;0;0;0;0;0;0;0;0;0;0;0;0;0;0;0;0;0;0;0;0;0;0;0;0;0;0;0;0;0;0;0;0;0;0;0;0;0;0;0;0;0;0;0;0;0;0;0;0;0;0;0;0;0;0;0;0;0;0;2;0;0;2;0;2;0;2014-06-05 20:00:00;3814;0;50;0;0;0;-1;-1;-1;-1;-1;-1;-1;-1;0;0;0;0;0;0;-1;0;0;0;0;0;0;0;0;0;0;0;0;0;1;1;0;0;-1;-1;-1;-1;-1;-1;-1;-1;-1;-1;-1;-1;-1;0;0;0;75;100;0;50;100;25;9;3;3.5;1.75;Leiknir Reykjavík;Haukar;2.55;1.36;3;1;3;0.67;100;100;100;25;0;50;50;50;0;0;0;745;22;Y;Y;N;N;N;N;N
214347;3806;3804;2014;complete;1297;4;-1;;38;0;1;1;3;6;9;4;1;4;2;0;0;3;6;5;9;8;15;13;12;50;50;4;2;0;0;0;0;0;0;0;0;0;0;0;0;0;0;0;0;0;0;0;0;0;0;0;0;0;0;0;0;0;0;0;0;0;0;0;0;0;0;0;0;0;0;0;0;0;0;0;0;0;0;0;0;0;0;0;0;0;0;0;0;0;0;0;0;0;0;0;0;1;0;1;0;0;0;1;2014-06-05 20:00:00;3804;0;100;50;100;0;-1;1;-1;-1;-1;-1;-1;-1;0;0;4;2;0;6;-1;0;0;0;0;0;0;0;0;0;0;0;0;0;1;1;0;0;-1;-1;0;0;-1;-1;-1;-1;-1;-1;-1;-1;-1;100;100;100;100;100;50;75;100;100;14.5;4.5;5;5;Grindavík;Víkingur Ólafsvík;1.91;1.73;3;3;1.5;2;0;0;0;0;0;100;75;25;0;0;0;745;22;Y;N;N;N;N;N;N
214348;3807;3822;2014;complete;1297;5;-1;37,76;;2;0;2;8;7;15;2;3;2;2;0;0;6;5;5;6;11;11;9;10;49;51;2;2;0;0;0;0;0;0;0;0;0;0;0;0;0;0;0;0;0;0;0;0;0;0;0;0;0;0;0;0;0;0;0;0;0;0;0;0;0;0;0;0;0;0;0;0;0;0;0;0;0;0;0;0;0;0;0;0;0;0;0;0;0;0;0;0;0;0;0;0;2;1;0;1;0;1;1;2014-06-06 19:15:00;3807;0;100;0;75;0;-1;1;-1;-1;-1;-1;-1;-1;1;2;1;0;3;1;-1;0;0;0;0;0;0;0;0;0;0;0;0;0;1;1;0;0;-1;-1;0;0;-1;-1;-1;-1;-1;-1;-1;-1;-1;75;75;100;100;100;25;100;100;100;5.5;6;8;4.5;ÍA;HK;1.8;1.45;0;3;1.5;2;25;25;0;0;0;75;75;75;0;0;0;745;22;Y;Y;N;N;N;N;N
214349;3821;3826;2014;complete;1297;5;-1;49,54,68;71;3;1;4;6;5;11;0;2;1;3;0;0;7;2;9;2;16;4;13;16;51;49;1;3;0;0;0;0;0;0;0;0;0;0;0;0;0;0;0;0;0;0;0;0;0;0;0;0;0;0;0;0;0;0;0;0;0;0;0;0;0;0;0;0;0;0;0;0;0;0;0;0;0;0;0;0;0;0;0;0;0;0;0;0;0;0;0;0;0;0;0;0;4;0;0;3;1;4;0;2014-06-09 14:00:00;3821;0;50;0;50;0;-1;1;-1;-1;-1;-1;-1;-1;1;2;0;1;3;1;-1;0;0;0;0;0;0;0;0;0;0;0;0;0;1;1;0;0;-1;-1;0;0;-1;-1;-1;-1;-1;-1;-1;-1;-1;25;25;25;100;100;25;25;100;100;12;4.5;4;2.75;Haukar;BI Bolungarvik;1.55;1.27;0.5;0;0.5;1;75;75;75;0;0;75;75;50;0;0;0;745;22;Y;Y;Y;Y;N;N;Y
214350;3811;3814;2014;complete;1297;5;-1;;;0;0;0;8;7;15;0;2;2;1;0;1;5;6;4;4;9;10;14;13;50;50;2;3;0;0;0;0;0;0;0;0;0;0;0;0;0;0;0;0;0;0;0;0;0;0;0;0;0;0;0;0;0;0;0;0;0;0;0;0;0;0;0;0;0;0;0;0;0;0;0;0;0;0;0;0;0;0;0;0;0;0;0;0;0;0;0;0;0;0;0;0;0;0;0;0;0;0;0;2014-06-09 16:00:00;-1;0;34;0;17;0;-1;1;-1;-1;-1;-1;-1;-1;1;0;1;2;1;3;-1;0;0;0;0;0;0;0;0;0;0;0;0;0;1;1;0;0;-1;-1;0;0;-1;-1;-1;-1;-1;-1;-1;-1;-1;17;34;50;50;100;0;84;50;50;11.33;7.67;6;2.5;KA;Leiknir Reykjavík;1.18;1.82;1;3;0.75;3;84;67;50;50;0;84;67;17;0;0;0;745;22;N;N;N;N;N;N;N
214351;3804;3813;2014;complete;1297;5;-1;16,83;20;2;1;3;3;4;7;2;7;2;2;0;0;5;5;6;1;11;6;9;15;51;49;2;2;0;0;0;0;0;0;0;0;0;0;0;0;0;0;0;0;0;0;0;0;0;0;0;0;0;0;0;0;0;0;0;0;0;0;0;0;0;0;0;0;0;0;0;0;0;0;0;0;0;0;0;0;0;0;0;0;0;0;0;0;0;0;0;0;0;0;0;0;3;1;1;1;0;1;2;2014-06-09 16:00:00;3804;0;25;0;25;0;-1;1;-1;-1;-1;-1;-1;-1;0;0;2;2;0;4;-1;0;0;0;0;0;0;0;0;0;0;0;0;0;1;1;0;0;-1;-1;0;0;-1;-1;-1;-1;-1;-1;-1;-1;-1;25;25;25;25;100;25;25;100;25;11.5;5;5.5;2;Víkingur Ólafsvík;Thróttur Reykjavík;1.55;1.64;0;3;2.25;2.25;75;75;75;75;0;50;50;25;0;0;0;745;22;Y;Y;Y;N;N;N;Y
214352;3818;3828;2014;complete;1297;5;-1;25,61,82;;3;0;3;6;0;6;4;1;1;3;0;1;5;2;11;1;16;3;10;9;62;38;1;4;0;0;0;0;0;0;0;0;0;0;0;0;0;0;0;0;0;0;0;0;0;0;0;0;0;0;0;0;0;0;0;0;0;0;0;0;0;0;0;0;0;0;0;0;0;0;0;0;0;0;0;0;0;0;0;0;0;0;0;0;0;0;0;0;0;0;0;0;3;1;0;2;0;2;1;2014-06-09 16:00:00;3818;0;17;0;17;0;-1;1;-1;-1;-1;-1;-1;-1;1;1;0;3;2;3;-1;0;0;0;0;0;0;0;1;0;1;0;0;0;1;1;0;0;-1;-1;0;0;-1;-1;-1;-1;-1;-1;-1;-1;-1;0;34;34;50;100;0;34;100;50;7;0.83;5;2.17;Selfoss;Tindastóll;0.92;0.09;0;0.33;1;0.5;100;67;67;50;0;50;50;25;0;0;0;745;22;Y;Y;Y;N;N;N;N
214353;3827;3806;2014;complete;1297;5;-1;43,47,54;18,51;3;2;5;1;9;10;2;4;5;3;0;0;5;11;0;6;5;17;11;10;38;62;5;3;0;0;0;0;0;0;0;0;0;0;0;0;0;0;0;0;0;0;0;0;0;0;0;0;0;0;0;0;0;0;0;0;0;0;0;0;0;0;0;0;0;0;0;0;0;0;0;0;0;0;0;0;0;0;0;0;0;0;0;0;0;0;0;0;0;0;0;0;5;1;1;2;1;3;2;2014-06-09 16:00:00;3827;0;25;0;25;0;-1;1;-1;-1;-1;-1;-1;-1;2;2;3;1;4;4;-1;0;0;0;0;0;0;0;0;1;0;1;0;0;1;1;0;0;-1;-1;0;0;-1;-1;-1;-1;-1;-1;-1;-1;-1;25;25;25;25;100;25;50;75;25;15;3;7;2;KV;Grindavík;0.91;1.27;0;0;1;1;75;75;75;75;0;75;75;50;0;0;0;745;22;Y;Y;Y;Y;Y;N;Y
214354;3827;3821;2014;complete;1297;6;-1;87;10,26,47,83;1;4;5;3;5;8;1;1;3;1;0;0;2;7;5;9;7;16;9;8;46;54;3;1;0;0;0;0;0;0;0;0;0;0;0;0;0;0;0;0;0;0;0;0;0;0;0;0;0;0;0;0;0;0;0;0;0;0;0;0;0;0;0;0;0;0;0;0;0;0;0;0;0;0;0;0;0;0;0;0;0;0;0;0;0;0;0;0;0;0;0;0;5;0;2;1;2;3;2;2014-06-13 18:00:00;3821;0;59;17;34;0;-1;1;-1;-1;-1;-1;-1;-1;1;1;2;0;2;2;-1;0;0;0;0;0;0;0;1;0;1;0;0;0;1;1;0;1;-1;-1;0;0;-1;-1;-1;-1;-1;-1;-1;-1;-1;34;34;34;84;100;34;75;84;59;7.17;2.83;4;2.84;KV;Haukar;0.91;1.36;1;0.5;1.4;1;67;67;67;17;0;59;59;25;0;0;0;745;22;Y;Y;Y;Y;Y;N;Y
214355;3806;3813;2014;complete;1297;6;-1;40;60;1;1;2;7;1;8;0;0;5;6;0;1;2;3;11;2;13;5;16;10;55;45;5;8;0;0;0;0;0;0;0;0;0;0;0;0;0;0;0;0;0;0;0;0;0;0;0;0;0;0;0;0;0;0;0;0;0;0;0;0;0;0;0;0;0;0;0;0;0;0;0;0;0;0;0;0;0;0;0;0;0;0;0;0;0;0;0;0;0;0;0;0;2;1;0;0;1;1;1;2014-06-13 19:15:00;-1;0;59;42;42;0;-1;1;-1;-1;-1;-1;-1;-1;2;6;3;1;8;4;-1;0;0;0;0;0;0;0;1;0;1;0;0;0;1;1;0;0;-1;-1;0;0;-1;-1;-1;-1;-1;-1;-1;-1;-1;42;42;59;59;100;59;84;75;42;8.5;7.17;5.83;3;Grindavík;Thróttur Reykjavík;1.91;1.64;1.5;2;0.75;1.8;59;59;42;42;0;84;59;17;0;0;0;745;22;Y;Y;N;N;N;N;Y
214356;3822;3804;2014;complete;1297;6;-1;32,45,59,65;48,51;4;2;6;4;6;10;7;4;1;4;0;1;4;9;2;5;6;14;14;13;44;56;1;6;0;0;0;0;0;0;0;0;0;0;0;0;0;0;0;0;0;0;0;0;0;0;0;0;0;0;0;0;0;0;0;0;0;0;0;0;0;0;0;0;0;0;0;0;0;0;0;0;0;0;0;0;0;0;0;0;0;0;0;0;0;0;0;0;0;0;0;0;6;2;0;2;2;4;2;2014-06-14 14:00:00;3822;0;84;0;34;0;-1;1;-1;-1;-1;-1;-1;-1;0;0;1;5;0;6;-1;0;0;0;0;0;0;0;2;0;2;0;0;0;1;1;0;0;-1;-1;0;0;-1;-1;-1;-1;-1;-1;-1;-1;-1;34;34;34;84;100;0;84;84;34;11.5;3.83;5;2.84;HK;Víkingur Ólafsvík;1.64;1.73;1;3;1.6;2.4;67;67;67;17;0;50;17;17;0;0;0;745;22;Y;Y;Y;Y;Y;Y;Y
214357;3828;3807;2014;complete;1297;6;-1;;9,45,61,77,80;0;5;5;1;9;10;2;1;2;2;0;0;3;4;3;8;6;12;17;13;50;50;2;2;0;0;0;0;0;0;0;0;0;0;0;0;0;0;0;0;0;0;0;0;0;0;0;0;0;0;0;0;0;0;0;0;0;0;0;0;0;0;0;0;0;0;0;0;0;0;0;0;0;0;0;0;0;0;0;0;0;0;0;0;0;0;0;0;0;0;0;0;5;0;2;0;3;3;2;2014-06-14 14:00:00;3807;0;67;17;17;0;-1;1;-1;-1;-1;-1;-1;-1;1;0;1;2;1;3;-1;0;0;0;0;0;0;0;0;0;0;0;0;0;1;1;0;1;-1;-1;0;0;-1;-1;-1;-1;-1;-1;-1;-1;-1;17;67;67;67;100;67;84;84;67;11.67;6;3.67;3.17;Tindastóll;ÍA;0.27;2.08;1;2;0.4;1.8;84;34;34;34;0;50;50;17;0;0;0;745;22;Y;Y;Y;Y;Y;N;N
214358;3814;3818;2014;complete;1297;6;-1;62;78;1;1;2;4;2;6;0;1;1;3;0;0;5;4;6;2;11;6;6;20;50;50;1;3;0;0;0;0;0;0;0;0;0;0;0;0;0;0;0;0;0;0;0;0;0;0;0;0;0;0;0;0;0;0;0;0;0;0;0;0;0;0;0;0;0;0;0;0;0;0;0;0;0;0;0;0;0;0;0;0;0;0;0;0;0;0;0;0;0;0;0;0;2;0;0;1;1;2;0;2014-06-14 14:00:00;-1;0;25;0;0;0;-1;1;-1;-1;-1;-1;-1;-1;0;1;1;2;1;3;-1;0;0;0;0;0;0;0;0;0;0;0;0;0;1;1;0;0;-1;-1;0;0;-1;-1;-1;-1;-1;-1;-1;-1;-1;0;0;0;59;100;0;25;100;34;10.17;3;3;1.59;Leiknir Reykjavík;Selfoss;2.55;1.5;3;2;2.6;1.4;100;100;100;42;0;50;50;50;0;0;0;745;22;Y;Y;N;N;N;N;Y
214359;3826;3811;2014;complete;1297;6;-1;41;37,62,90;1;3;4;-1;-1;-1;-1;-1;3;1;0;1;-1;-1;-1;-1;-1;-1;-1;-1;-1;-1;3;3;0;0;0;0;0;0;0;0;0;0;0;0;0;0;0;0;0;0;0;0;0;0;0;0;0;0;0;0;0;0;0;0;0;0;0;0;0;0;0;0;0;0;0;0;0;0;0;0;0;0;0;0;0;0;0;0;0;0;0;0;0;0;0;0;0;0;0;0;4;1;1;0;2;2;2;2014-06-14 14:00:00;3811;0;50;50;0;0;-1;1;-1;-1;-1;-1;-1;-1;0;0;3;2;0;5;-1;0;0;0;0;0;0;0;0;0;0;0;0;0;1;1;0;0;-1;-1;0;0;-1;-1;-1;-1;-1;-1;-1;-1;-1;25;100;100;100;100;50;100;100;50;2;0;5.5;4.25;BI Bolungarvik;KA;1;1.64;1.5;0;0.75;0.8;75;0;0;0;0;50;50;0;0;0;0;745;22;Y;Y;Y;Y;N;N;Y
214360;3821;3806;2014;complete;1297;7;-1;39;;1;0;1;5;3;8;2;5;2;1;0;0;3;12;8;3;11;15;12;14;44;56;2;1;0;0;0;0;0;0;0;0;0;0;0;0;0;0;0;0;0;0;0;0;0;0;0;0;0;0;0;0;0;0;0;0;0;0;0;0;0;0;0;0;0;0;0;0;0;0;0;0;0;0;0;0;0;0;0;0;0;0;0;0;0;0;0;0;0;0;0;0;1;1;0;0;0;0;1;2014-06-21 14:00:00;3821;0;75;25;75;0;-1;1;-1;-1;-1;-1;-1;-1;1;0;1;1;1;2;-1;0;0;0;0;0;0;0;0;0;0;0;0;0;1;1;0;0;-1;-1;0;0;-1;-1;-1;-1;-1;-1;-1;-1;-1;42;59;59;75;100;42;42;100;75;14.17;4.67;6.33;3.34;Haukar;Grindavík;1.55;1.27;1.33;0;1.33;0.8;59;42;42;25;0;84;84;42;0;0;0;745;22;Y;N;N;N;N;N;N
214361;3818;3826;2014;complete;1297;7;-1;;61;0;1;1;13;2;15;2;2;0;2;0;0;7;3;5;5;12;8;13;15;51;49;0;2;0;0;0;0;0;0;0;0;0;0;0;0;0;0;0;0;0;0;0;0;0;0;0;0;0;0;0;0;0;0;0;0;0;0;0;0;0;0;0;0;0;0;0;0;0;0;0;0;0;0;0;0;0;0;0;0;0;0;0;0;0;0;0;0;0;0;0;0;1;0;0;0;1;1;0;2014-06-21 14:00:00;3826;0;25;0;25;0;-1;1;-1;-1;-1;-1;-1;-1;0;0;0;2;0;2;-1;0;0;0;0;0;0;0;0;0;0;0;0;0;1;1;0;0;-1;-1;0;0;-1;-1;-1;-1;-1;-1;-1;-1;-1;0;25;42;67;100;0;17;100;67;12.83;3.67;3.67;2.34;Selfoss;BI Bolungarvik;0.92;1.27;1;0;1.33;0.6;100;75;59;34;0;84;84;67;0;0;0;745;22;Y;N;N;N;N;N;N
214362;3813;3822;2014;complete;1297;7;-1;68;;1;0;1;1;3;4;2;2;1;1;0;0;4;5;6;3;10;8;14;10;53;47;1;1;0;0;0;0;0;0;0;0;0;0;0;0;0;0;0;0;0;0;0;0;0;0;0;0;0;0;0;0;0;0;0;0;0;0;0;0;0;0;0;0;0;0;0;0;0;0;0;0;0;0;0;0;0;0;0;0;0;0;0;0;0;0;0;0;0;0;0;0;1;0;0;1;0;1;0;2014-06-21 14:00:00;3813;0;59;25;17;0;-1;1;-1;-1;-1;-1;-1;-1;0;0;1;1;0;2;-1;0;0;0;0;0;0;0;0;0;0;0;0;0;1;1;0;0;-1;-1;0;0;-1;-1;-1;-1;-1;-1;-1;-1;-1;17;42;59;75;100;42;100;75;34;12.17;5;5.17;2.92;Thróttur Reykjavík;HK;1.73;1.45;1.5;2;1.67;1.83;84;59;42;25;0;84;84;59;0;0;0;745;22;Y;N;N;N;N;N;N
214363;3811;3827;2014;complete;1297;7;-1;24,32,44,51,90;43,75,90;5;3;8;10;6;16;5;2;2;2;0;0;7;10;7;7;14;17;10;10;52;48;2;2;0;0;0;0;0;0;0;0;0;0;0;0;0;0;0;0;0;0;0;0;0;0;0;0;0;0;0;0;0;0;0;0;0;0;0;0;0;0;0;0;0;0;0;0;0;0;0;0;0;0;0;0;0;0;0;0;0;0;0;0;0;0;0;0;0;0;0;0;8;3;1;2;2;4;4;2014-06-21 14:00:00;3811;0;50;0;13;0;-1;1;-1;-1;-1;-1;-1;-1;1;1;1;1;2;2;-1;0;0;0;0;0;0;0;1;0;1;0;0;0;1;1;0;0;-1;-1;0;0;-1;-1;-1;-1;-1;-1;-1;-1;-1;38;75;88;88;88;25;75;88;88;8;2.25;4;3.75;KA;KV;1.18;0.73;1;2;1.17;1.17;63;25;13;13;13;38;25;25;0;0;0;745;22;Y;Y;Y;Y;Y;Y;Y
214364;3804;3828;2014;complete;1297;7;-1;75;;1;0;1;8;5;13;1;3;2;2;0;0;13;0;8;5;21;5;11;15;60;40;2;2;0;0;0;0;0;0;0;0;0;0;0;0;0;0;0;0;0;0;0;0;0;0;0;0;0;0;0;0;0;0;0;0;0;0;0;0;0;0;0;0;0;0;0;0;0;0;0;0;0;0;0;0;0;0;0;0;0;0;0;0;0;0;0;0;0;0;0;0;1;0;0;1;0;1;0;2014-06-21 16:00:00;3804;0;38;25;13;0;-1;1;-1;-1;-1;-1;-1;-1;0;1;2;1;1;3;-1;0;0;0;0;0;0;0;1;0;1;0;0;0;1;1;0;0;-1;-1;0;0;-1;-1;-1;-1;-1;-1;-1;-1;-1;0;25;63;75;100;25;63;100;50;4.83;3;5.75;2.63;Víkingur Ólafsvík;Tindastóll;1.55;0.09;1.5;0.25;2;0.33;100;75;38;25;0;0;0;0;0;0;0;745;22;Y;N;N;N;N;N;N
214365;3807;3814;2014;complete;1297;7;-1;55,87;26;2;1;3;6;2;8;0;1;1;2;0;0;13;5;7;6;20;11;16;16;59;41;1;2;0;0;0;0;0;0;0;0;0;0;0;0;0;0;0;0;0;0;0;0;0;0;0;0;0;0;0;0;0;0;0;0;0;0;0;0;0;0;0;0;0;0;0;0;0;0;0;0;0;0;0;0;0;0;0;0;0;0;0;0;0;0;0;0;0;0;0;0;3;0;1;2;0;2;1;2014-06-22 14:00:00;3807;0;25;0;25;0;-1;1;-1;-1;-1;-1;-1;-1;1;0;0;2;1;2;-1;0;0;0;0;0;0;0;1;0;1;0;0;0;1;1;0;0;-1;-1;0;0;-1;-1;-1;-1;-1;-1;-1;-1;-1;25;25;25;50;75;0;75;50;25;11.5;5.5;7;2;ÍA;Leiknir Reykjavík;1.8;1.82;1.5;2;2;2.33;75;75;75;50;25;100;100;75;0;0;0;745;22;Y;Y;Y;N;N;N;Y
214366;3826;3806;2014;complete;1297;3;-1;62;21;1;1;2;-1;-1;-1;-1;-1;3;2;0;0;-1;-1;-1;-1;-1;-1;-1;-1;-1;-1;3;2;0;0;0;0;0;0;0;0;0;0;0;0;0;0;0;0;0;0;0;0;0;0;0;0;0;0;0;0;0;0;0;0;0;0;0;0;0;0;0;0;0;0;0;0;0;0;0;0;0;0;0;0;0;0;0;0;0;0;0;0;0;0;0;0;0;0;0;0;2;0;1;1;0;1;1;2014-06-24 18:00:00;-1;0;33;33;17;0;-1;1;-1;-1;-1;-1;-1;-1;3;1;0;1;4;1;-1;0;0;0;0;0;0;0;0;0;0;0;0;0;1;1;0;0;-1;-1;1;0;-1;-1;-1;-1;-1;-1;-1;-1;-1;33;67;67;67;100;33;84;84;67;7.33;2.67;5.67;3.33;BI Bolungarvik;Grindavík;1;1.27;1;0;1;0.67;67;34;34;34;0;34;34;17;0;0;0;745;22;Y;Y;N;N;N;N;Y
214367;3821;3811;2014;complete;1297;8;-1;;23,70,74;0;3;3;6;6;12;0;1;1;3;0;1;5;5;7;4;12;9;9;8;57;43;1;5;0;0;0;0;0;0;0;0;0;0;0;0;0;0;0;0;0;0;0;0;0;0;0;0;0;0;0;0;0;0;0;0;0;0;0;0;0;0;0;0;0;0;0;0;0;0;0;0;0;0;0;0;0;0;0;0;0;0;0;0;0;0;0;0;0;0;0;0;3;0;1;0;2;2;1;2014-06-27 18:15:00;3811;0;88;50;38;0;-1;1;-1;-1;-1;-1;-1;-1;0;1;1;3;1;4;-1;0;0;0;0;0;0;0;0;0;0;0;0;0;1;1;0;0;-1;-1;0;0;-1;-1;-1;-1;-1;-1;-1;-1;-1;13;75;75;88;100;63;75;88;63;6.75;1.75;5.25;3.5;Haukar;KA;1.55;1.64;1.75;1.5;1.57;1.43;88;25;25;13;0;75;75;13;0;0;0;745;22;Y;Y;Y;N;N;N;N
214368;3827;3818;2014;complete;1297;8;-1;90;27,45,77;1;3;4;2;6;8;1;9;1;1;1;0;3;11;4;9;7;20;12;21;43;57;3;1;0;0;0;0;0;0;0;0;0;0;0;0;0;0;0;0;0;0;0;0;0;0;0;0;0;0;0;0;0;0;0;0;0;0;0;0;0;0;0;0;0;0;0;0;0;0;0;0;0;0;0;0;0;0;0;0;0;0;0;0;0;0;0;0;0;0;0;0;4;0;2;1;1;2;2;2014-06-27 20:00:00;3818;0;71;13;54;0;-1;1;-1;-1;-1;-1;-1;-1;1;0;1;1;1;2;-1;0;0;0;0;0;0;0;0;0;0;0;0;0;1;1;0;0;-1;-1;0;0;-1;-1;-1;-1;-1;-1;-1;-1;-1;38;38;38;71;100;38;67;88;54;5.83;2.25;5.33;2.84;KV;Selfoss;0.91;1.5;0.75;1.67;1;1.14;63;63;63;29;0;25;25;0;0;0;0;745;22;Y;Y;Y;Y;N;N;Y
214369;3828;3813;2014;complete;1297;8;-1;12,25;45,90;2;2;4;-1;-1;-1;-1;-1;5;3;1;0;-1;-1;-1;-1;-1;-1;-1;-1;-1;-1;7;3;0;0;0;0;0;0;0;0;0;0;0;0;0;0;0;0;0;0;0;0;0;0;0;0;0;0;0;0;0;0;0;0;0;0;0;0;0;0;0;0;0;0;0;0;0;0;0;0;0;0;0;0;0;0;0;0;0;0;0;0;0;0;0;0;0;0;0;0;4;2;1;0;1;1;3;2014-06-27 20:00:00;-1;0;63;13;13;0;-1;1;-1;-1;-1;-1;-1;-1;1;1;5;2;2;7;-1;0;0;0;0;0;0;0;0;0;0;0;0;0;1;1;0;0;-1;-1;0;0;-1;-1;-1;-1;-1;-1;-1;-1;-1;38;63;75;88;100;75;88;100;63;7;6.25;6.25;3.63;Tindastóll;Thróttur Reykjavík;0.27;1.64;0.5;1.75;0.29;1.86;63;38;25;13;0;50;50;13;0;0;0;745;22;Y;Y;Y;Y;N;N;Y
214370;3806;3822;2014;complete;1297;8;-1;54;40,79;1;2;3;6;2;8;2;1;1;1;0;0;8;5;4;7;12;12;10;18;56;44;1;1;0;0;0;0;0;0;0;0;0;0;0;0;0;0;0;0;0;0;0;0;0;0;0;0;0;0;0;0;0;0;0;0;0;0;0;0;0;0;0;0;0;0;0;0;0;0;0;0;0;0;0;0;0;0;0;0;0;0;0;0;0;0;0;0;0;0;0;0;3;0;1;1;1;2;1;2014-06-28 14:00:00;3822;0;59;17;29;0;-1;1;-1;-1;-1;-1;-1;-1;0;0;1;1;0;2;-1;0;0;0;0;0;0;0;0;0;0;0;0;0;1;1;0;0;-1;-1;0;0;-1;-1;-1;-1;-1;-1;-1;-1;-1;29;29;42;71;100;29;88;84;42;8.92;5.08;6.25;2.71;Grindavík;HK;1.91;1.45;1.33;1.5;0.71;1.57;71;71;59;29;0;59;42;25;0;0;0;745;22;Y;Y;Y;N;N;N;Y
214371;3814;3804;2014;complete;1297;8;-1;70,90;;2;0;2;3;5;8;4;0;2;4;0;0;5;3;6;5;11;8;10;20;51;49;2;4;0;0;0;0;0;0;0;0;0;0;0;0;0;0;0;0;0;0;0;0;0;0;0;0;0;0;0;0;0;0;0;0;0;0;0;0;0;0;0;0;0;0;0;0;0;0;0;0;0;0;0;0;0;0;0;0;0;0;0;0;0;0;0;0;0;0;0;0;2;0;0;2;0;2;0;2014-06-28 14:00:00;3814;0;50;0;50;0;-1;1;-1;-1;-1;-1;-1;-1;1;0;1;4;1;5;-1;0;0;0;0;0;0;0;0;0;0;0;0;0;1;1;0;0;-1;-1;0;0;-1;-1;-1;-1;-1;-1;-1;-1;-1;38;38;38;75;100;13;38;88;75;15;3.5;4;3;Leiknir Reykjavík;Víkingur Ólafsvík;2.55;1.73;2.5;2.25;2;2.14;63;63;63;25;0;88;63;50;0;0;0;745;22;Y;Y;N;N;N;N;N
214372;3826;3807;2014;complete;1297;8;-1;;7,16,21,36,69,82;0;6;6;-1;-1;-1;-1;-1;0;0;1;0;-1;-1;-1;-1;-1;-1;-1;-1;-1;-1;2;0;0;0;0;0;0;0;0;0;0;0;0;0;0;0;0;0;0;0;0;0;0;0;0;0;0;0;0;0;0;0;0;0;0;0;0;0;0;0;0;0;0;0;0;0;0;0;0;0;0;0;0;0;0;0;0;0;0;0;0;0;0;0;0;0;0;0;0;0;6;0;4;0;2;2;4;2014-06-28 15:00:00;3807;0;38;25;13;0;-1;1;-1;-1;-1;-1;-1;-1;0;0;1;0;0;1;-1;0;0;0;0;0;0;0;0;0;0;0;0;0;1;1;0;1;-1;-1;0;0;-1;-1;-1;-1;-1;-1;-1;-1;-1;38;63;63;75;100;38;88;88;63;7.25;0;3.75;3.38;BI Bolungarvik;ÍA;1;2.08;1;2.25;1;2.14;63;38;38;25;0;50;50;13;0;0;0;745;22;Y;Y;Y;Y;Y;Y;N
214373;3804;3826;2014;complete;1297;9;-1;32,71;48,70,80,83;2;4;6;-1;-1;-1;-1;-1;0;4;0;0;-1;-1;-1;-1;-1;-1;-1;-1;-1;-1;0;4;0;0;0;0;0;0;0;0;0;0;0;0;0;0;0;0;0;0;0;0;0;0;0;0;0;0;0;0;0;0;0;0;0;0;0;0;0;0;0;0;0;0;0;0;0;0;0;0;0;0;0;0;0;0;0;0;0;0;0;0;0;0;0;0;0;0;0;0;6;1;0;1;4;5;1;2014-07-02 18:00:00;3826;0;33;17;17;0;-1;1;-1;-1;-1;-1;-1;-1;0;1;0;3;1;3;-1;0;0;0;0;0;0;0;0;0;0;0;0;0;1;1;0;0;-1;-1;0;0;-1;-1;-1;-1;-1;-1;-1;-1;-1;0;17;33;50;100;17;17;100;34;10.67;4;4.33;2;Víkingur Ólafsvík;BI Bolungarvik;1.55;1.27;2;1;1.88;0.88;100;84;67;50;0;67;67;67;0;0;0;745;22;Y;Y;Y;Y;Y;Y;Y
214374;3811;3806;2014;complete;1297;9;-1;56;37,68;1;2;3;10;5;15;3;2;0;1;0;0;6;2;7;5;13;7;10;10;47;53;0;1;0;0;0;0;0;0;0;0;0;0;0;0;0;0;0;0;0;0;0;0;0;0;0;0;0;0;0;0;0;0;0;0;0;0;0;0;0;0;0;0;0;0;0;0;0;0;0;0;0;0;0;0;0;0;0;0;0;0;0;0;0;0;0;0;0;0;0;0;3;0;1;1;1;2;1;2014-07-02 18:15:00;3806;0;55;23;33;0;-1;1;-1;-1;-1;-1;-1;-1;0;0;0;1;0;1;-1;0;0;0;0;0;0;0;0;0;0;0;0;0;1;1;0;0;-1;-1;0;0;-1;-1;-1;-1;-1;-1;-1;-1;-1;33;43;53;65;90;23;68;78;53;14.13;5.7;4.75;3.13;KA;Grindavík;1.18;1.27;1.4;0.25;1.63;0.63;68;58;48;35;10;74;64;47;0;0;0;745;22;Y;Y;Y;N;N;N;Y
214375;3813;3814;2014;complete;1297;9;-1;;9,37,42;0;3;3;7;8;15;2;0;3;2;1;0;4;7;9;6;13;13;16;12;56;44;4;2;0;0;0;0;0;0;0;0;0;0;0;0;0;0;0;0;0;0;0;0;0;0;0;0;0;0;0;0;0;0;0;0;0;0;0;0;0;0;0;0;0;0;0;0;0;0;0;0;0;0;0;0;0;0;0;0;0;0;0;0;0;0;0;0;0;0;0;0;3;0;3;0;0;0;3;2014-07-02 20:00:00;3814;0;33;17;0;0;-1;1;-1;-1;-1;-1;-1;-1;1;0;3;2;1;5;-1;0;0;0;0;0;0;0;0;0;0;0;0;0;1;1;0;1;-1;-1;0;0;-1;-1;-1;-1;-1;-1;-1;-1;-1;0;17;33;33;84;17;67;50;17;10.33;4.33;5;1.67;Thróttur Reykjavík;Leiknir Reykjavík;1.73;1.82;2;1.33;1.75;2.13;100;84;67;67;17;67;67;33;0;0;0;745;22;Y;Y;Y;N;N;N;N
214376;3807;3827;2014;complete;1297;9;-1;;53;0;1;1;11;7;18;5;0;1;3;0;0;6;3;8;4;14;7;6;14;53;47;1;3;0;0;0;0;0;0;0;0;0;0;0;0;0;0;0;0;0;0;0;0;0;0;0;0;0;0;0;0;0;0;0;0;0;0;0;0;0;0;0;0;0;0;0;0;0;0;0;0;0;0;0;0;0;0;0;0;0;0;0;0;0;0;0;0;0;0;0;0;1;0;0;0;1;1;0;2014-07-03 19:15:00;3827;0;67;17;33;0;-1;1;-1;-1;-1;-1;-1;-1;1;0;0;3;1;3;-1;0;0;0;0;0;0;0;0;0;0;0;0;0;1;1;0;0;-1;-1;0;0;-1;-1;-1;-1;-1;-1;-1;-1;-1;50;67;84;100;100;34;100;100;84;9.33;2;4.67;4.5;ÍA;KV;1.8;0.73;2;1.33;2.25;0.88;50;34;17;0;0;59;59;59;0;0;0;745;22;Y;N;N;N;N;N;N
214377;3818;3821;2014;complete;1297;9;-1;;76,79;0;2;2;5;8;13;4;2;2;0;0;0;4;4;5;3;9;7;13;12;51;49;2;0;0;0;0;0;0;0;0;0;0;0;0;0;0;0;0;0;0;0;0;0;0;0;0;0;0;0;0;0;0;0;0;0;0;0;0;0;0;0;0;0;0;0;0;0;0;0;0;0;0;0;0;0;0;0;0;0;0;0;0;0;0;0;0;0;0;0;0;0;2;0;0;0;2;2;0;2014-07-03 19:15:00;3821;0;34;0;17;0;-1;1;-1;-1;-1;-1;-1;-1;1;0;1;0;1;1;-1;0;0;0;0;0;0;0;0;0;0;0;0;0;1;1;0;0;-1;-1;0;0;-1;-1;-1;-1;-1;-1;-1;-1;-1;17;17;29;63;100;17;46;100;46;12;3.08;2.25;2.25;Selfoss;Haukar;0.92;1.36;0.75;1.33;1.38;1.38;84;84;71;38;0;54;54;42;0;0;0;745;22;Y;Y;N;N;N;N;N
214378;3822;3828;2014;complete;1297;9;-1;28,40;60;2;1;3;8;8;16;6;2;1;1;0;0;6;6;2;5;8;11;14;12;51;49;1;1;0;0;0;0;0;0;0;0;0;0;0;0;0;0;0;0;0;0;0;0;0;0;0;0;0;0;0;0;0;0;0;0;0;0;0;0;0;0;0;0;0;0;0;0;0;0;0;0;0;0;0;0;0;0;0;0;0;0;0;0;0;0;0;0;0;0;0;0;3;2;0;0;1;1;2;2014-07-04 19:15:00;3822;0;60;0;27;0;-1;1;-1;-1;-1;-1;-1;-1;0;0;1;1;0;2;-1;0;0;0;0;0;0;0;0;0;0;0;0;0;1;1;0;0;-1;-1;0;0;-1;-1;-1;-1;-1;-1;-1;-1;-1;17;37;47;90;100;17;80;100;57;4.5;5;5.33;3.07;HK;Tindastóll;1.64;0.09;1.67;0.2;1.75;0.38;84;64;54;10;0;29;29;13;0;0;0;745;22;Y;Y;Y;N;N;N;Y
214379;3821;3807;2014;complete;1297;10;-1;49;45,45,75;1;3;4;10;7;17;2;1;1;1;0;0;3;3;4;8;7;11;14;16;55;45;1;1;0;0;0;0;0;0;0;0;0;0;0;0;0;0;0;0;0;0;0;0;0;0;0;0;0;0;0;0;0;0;0;0;0;0;0;0;0;0;0;0;0;0;0;0;0;0;0;0;0;0;0;0;0;0;0;0;0;0;0;0;0;0;0;0;0;0;0;0;4;0;2;1;1;2;2;2014-07-10 20:00:00;3807;0;40;10;40;0;-1;1;-1;-1;-1;-1;-1;-1;0;0;1;1;0;2;-1;0;0;0;0;0;0;0;0;0;0;0;0;0;1;1;0;0;-1;-1;0;0;-1;-1;-1;-1;-1;-1;-1;-1;-1;40;50;60;70;100;40;70;80;70;12.25;2;2.8;3.3;Haukar;ÍA;1.55;2.08;1.4;2.4;1.56;2;60;50;40;30;0;80;80;33;0;0;0;745;22;Y;Y;Y;Y;N;N;Y
214380;3814;3822;2014;complete;1297;10;-1;18,51,75;23,48;3;2;5;7;4;11;1;0;2;1;0;0;5;4;4;4;9;8;15;22;57;43;2;1;0;0;0;0;0;0;0;0;0;0;0;0;0;0;0;0;0;0;0;0;0;0;0;0;0;0;0;0;0;0;0;0;0;0;0;0;0;0;0;0;0;0;0;0;0;0;0;0;0;0;0;0;0;0;0;0;0;0;0;0;0;0;0;0;0;0;0;0;5;1;1;2;1;3;2;2014-07-10 20:00:00;3814;0;40;0;30;0;-1;1;-1;-1;-1;-1;-1;-1;0;1;2;0;1;2;-1;0;0;0;0;0;0;0;0;0;0;0;0;0;1;1;0;0;-1;-1;0;0;-1;-1;-1;-1;-1;-1;-1;-1;-1;10;10;30;80;100;10;40;100;70;9.8;4.4;3.2;2.3;Leiknir Reykjavík;HK;2.55;1.45;2.6;1.8;2.22;1.89;90;90;70;20;0;50;50;50;0;0;0;745;22;Y;Y;Y;Y;Y;N;Y
214381;3811;3818;2014;complete;1297;10;-1;34,36;;2;0;2;3;2;5;1;1;0;2;0;0;5;2;5;3;10;5;11;12;49;51;0;2;0;0;0;0;0;0;0;0;0;0;0;0;0;0;0;0;0;0;0;0;0;0;0;0;0;0;0;0;0;0;0;0;0;0;0;0;0;0;0;0;0;0;0;0;0;0;0;0;0;0;0;0;0;0;0;0;0;0;0;0;0;0;0;0;0;0;0;0;2;2;0;0;0;0;2;2014-07-11 18:15:00;3811;0;71;9;50;0;-1;1;-1;-1;-1;-1;-1;-1;0;1;0;1;1;1;-1;0;0;0;0;0;0;0;0;0;0;0;0;0;1;1;0;0;-1;-1;0;0;-1;-1;-1;-1;-1;-1;-1;-1;-1;17;38;54;79;92;21;59;92;67;10.58;6.17;3.67;3.04;KA;Selfoss;1.18;1.5;1.17;2;1.44;1.22;84;63;46;21;9;42;34;34;0;0;0;745;22;Y;Y;N;N;N;N;N
214382;3827;3804;2014;complete;1297;10;-1;5,9,14;67,84;3;2;5;3;9;12;4;4;1;1;0;0;0;5;2;9;2;14;11;7;32;68;1;1;0;0;0;0;0;0;0;0;0;0;0;0;0;0;0;0;0;0;0;0;0;0;0;0;0;0;0;0;0;0;0;0;0;0;0;0;0;0;0;0;0;0;0;0;0;0;0;0;0;0;0;0;0;0;0;0;0;0;0;0;0;0;0;0;0;0;0;0;5;3;0;0;2;2;3;2014-07-11 19:00:00;3827;0;70;10;70;0;-1;1;-1;-1;-1;-1;-1;-1;0;1;1;0;1;1;-1;0;0;0;0;0;0;0;0;1;0;1;0;0;1;1;2;0;-1;-1;0;0;-1;-1;-1;-1;-1;-1;-1;-1;-1;60;70;70;80;100;50;80;80;80;10.8;2.8;6.2;3.9;KV;Víkingur Ólafsvík;0.91;1.73;0.6;1.8;1.11;1.67;40;30;30;20;0;60;40;10;0;0;0;745;22;Y;Y;Y;Y;Y;N;Y
214383;3806;3828;2014;complete;1297;10;-1;47,52,63,69,89;28;5;1;6;10;1;11;8;0;0;3;1;0;7;4;11;4;18;8;12;12;53;47;2;3;0;0;0;0;0;0;0;0;0;0;0;0;0;0;0;0;0;0;0;0;0;0;0;0;0;0;0;0;0;0;0;0;0;0;0;0;0;0;0;0;0;0;0;0;0;0;0;0;0;0;0;0;0;0;0;0;0;0;0;0;0;0;0;0;0;0;0;0;6;0;1;5;0;5;1;2014-07-11 19:15:00;3806;0;54;13;34;0;-1;1;-1;-1;-1;-1;-1;-1;0;0;1;3;0;4;-1;0;0;0;0;0;0;0;0;0;0;0;0;0;1;1;0;0;-1;-1;0;0;-1;-1;-1;-1;-1;-1;-1;-1;-1;13;29;59;79;100;21;84;88;59;7.8;3.42;5.92;2.79;Grindavík;Tindastóll;1.91;0.09;1;0.17;0.89;0.33;88;71;42;21;0;45;33;20;0;0;0;745;22;Y;Y;Y;Y;Y;Y;Y
214384;3813;3826;2014;complete;1297;10;-1;7,90;55,76;2;2;4;7;9;16;1;6;1;0;0;0;5;7;8;6;13;13;6;11;56;44;1;0;0;0;0;0;0;0;0;0;0;0;0;0;0;0;0;0;0;0;0;0;0;0;0;0;0;0;0;0;0;0;0;0;0;0;0;0;0;0;0;0;0;0;0;0;0;0;0;0;0;0;0;0;0;0;0;0;0;0;0;0;0;0;0;0;0;0;0;0;4;1;0;1;2;3;1;2014-07-12 14:00:00;-1;0;38;13;25;0;-1;1;-1;-1;-1;-1;-1;-1;1;0;0;0;1;0;-1;0;0;0;0;0;0;0;0;0;0;0;0;0;1;1;1;0;-1;-1;0;0;-1;-1;-1;-1;-1;-1;-1;-1;-1;13;38;50;63;100;25;50;75;38;10.75;3.25;5;2.75;Thróttur Reykjavík;BI Bolungarvik;1.73;1.27;1.5;1.5;1.56;1.11;88;63;50;38;0;88;88;75;0;0;0;745;22;Y;Y;Y;Y;N;N;Y
214385;3822;3826;2014;complete;1297;11;-1;58;;1;0;1;5;1;6;2;1;0;1;0;0;5;5;5;7;10;12;13;14;36;64;0;1;0;0;0;0;0;0;0;0;0;0;0;0;0;0;0;0;0;0;0;0;0;0;0;0;0;0;0;0;0;0;0;0;0;0;0;0;0;0;0;0;0;0;0;0;0;0;0;0;0;0;0;0;0;0;0;0;0;0;0;0;0;0;0;0;0;0;0;0;1;0;0;1;0;1;0;2014-07-15 18:00:00;3822;0;80;0;43;0;-1;1;-1;-1;-1;-1;-1;-1;0;1;0;0;1;0;-1;0;0;0;0;0;0;0;0;0;0;0;0;0;1;1;0;0;-1;-1;0;0;-1;-1;-1;-1;-1;-1;-1;-1;-1;23;43;55;90;100;25;70;100;53;10.25;6.7;4;3.33;HK;BI Bolungarvik;1.64;1.27;2;1.4;1.7;1.1;78;58;45;10;0;75;75;63;0;0;0;745;22;Y;N;N;N;N;N;N
214386;3807;3811;2014;complete;1297;11;-1;12,80;9,18,49,90;2;4;6;8;7;15;0;1;2;1;0;0;6;6;8;5;14;11;15;11;52;48;2;1;0;0;0;0;0;0;0;0;0;0;0;0;0;0;0;0;0;0;0;0;0;0;0;0;0;0;0;0;0;0;0;0;0;0;0;0;0;0;0;0;0;0;0;0;0;0;0;0;0;0;0;0;0;0;0;0;0;0;0;0;0;0;0;0;0;0;0;0;6;1;2;1;2;3;3;2014-07-15 19:15:00;3811;0;59;34;13;0;-1;1;-1;-1;-1;-1;-1;-1;0;0;2;1;0;3;-1;0;0;0;0;0;0;0;0;0;0;0;0;0;1;1;0;1;-1;-1;0;0;-1;-1;-1;-1;-1;-1;-1;-1;-1;13;46;75;88;100;34;88;100;59;10.75;2.83;5.92;3.21;ÍA;KA;1.8;1.64;1.5;2;2.1;1.6;88;54;25;13;0;88;88;63;0;0;0;745;22;Y;Y;Y;Y;Y;Y;Y
214387;3818;3806;2014;complete;1297;11;-1;;;0;0;0;6;3;9;0;0;3;3;0;0;2;2;6;4;8;6;17;13;56;44;3;3;0;0;0;0;0;0;0;0;0;0;0;0;0;0;0;0;0;0;0;0;0;0;0;0;0;0;0;0;0;0;0;0;0;0;0;0;0;0;0;0;0;0;0;0;0;0;0;0;0;0;0;0;0;0;0;0;0;0;0;0;0;0;0;0;0;0;0;0;0;0;0;0;0;0;0;2014-07-15 19:15:00;-1;0;30;10;20;0;-1;1;-1;-1;-1;-1;-1;-1;1;1;2;2;2;4;-1;0;0;0;0;0;0;0;0;0;0;0;0;0;1;1;0;0;-1;-1;0;0;-1;-1;-1;-1;-1;-1;-1;-1;-1;10;10;30;50;100;10;50;90;40;14.15;4.6;3.8;2;Selfoss;Grindavík;0.92;1.27;0.6;0.8;1.1;1.1;90;90;70;50;0;78;78;55;0;0;0;745;22;N;N;N;N;N;N;N
214388;3828;3814;2014;complete;1297;11;-1;;33,34,40,53,83;0;5;5;4;6;10;0;5;3;0;0;0;5;10;3;8;8;18;17;6;42;58;3;0;0;0;0;0;0;0;0;0;0;0;0;0;0;0;0;0;0;0;0;0;0;0;0;0;0;0;0;0;0;0;0;0;0;0;0;0;0;0;0;0;0;0;0;0;0;0;0;0;0;0;0;0;0;0;0;0;0;0;0;0;0;0;0;0;0;0;0;0;5;0;3;0;2;2;3;2014-07-15 20:00:00;3814;0;46;17;0;0;-1;1;-1;-1;-1;-1;-1;-1;1;0;2;0;1;2;-1;0;0;0;0;0;0;0;0;0;0;0;0;0;1;1;0;0;-1;-1;0;0;-1;-1;-1;-1;-1;-1;-1;-1;-1;17;50;75;75;88;63;88;63;46;8.75;3.75;6.75;3.04;Tindastóll;Leiknir Reykjavík;0.27;1.82;0.67;1.75;0.3;2.3;84;50;25;25;13;63;63;25;0;0;0;745;22;Y;Y;Y;Y;Y;N;N
214389;3804;3821;2014;complete;1297;11;-1;63,70,90;87;3;1;4;6;3;9;4;2;1;1;0;1;4;3;5;4;9;7;19;14;47;53;1;3;0;0;0;0;0;0;0;0;0;0;0;0;0;0;0;0;0;0;0;0;0;0;0;0;0;0;0;0;0;0;0;0;0;0;0;0;0;0;0;0;0;0;0;0;0;0;0;0;0;0;0;0;0;0;0;0;0;0;0;0;0;0;0;0;0;0;0;0;4;0;0;3;1;4;0;2014-07-15 20:00:00;3804;0;50;13;25;0;-1;1;-1;-1;-1;-1;-1;-1;0;0;1;2;0;3;-1;0;0;0;0;0;0;0;0;1;0;1;0;0;1;1;0;0;-1;-1;0;0;-1;-1;-1;-1;-1;-1;-1;-1;-1;25;25;38;75;100;25;50;100;50;10.67;2.75;2.5;2.75;Víkingur Ólafsvík;Haukar;1.55;1.36;1.5;1.75;1.5;1.4;75;75;63;25;0;42;42;42;0;0;0;745;22;Y;Y;Y;Y;N;N;Y
214390;3813;3827;2014;complete;1297;11;-1;17,18,51;32;3;1;4;6;7;13;5;1;1;3;0;0;5;6;5;3;10;9;18;12;44;56;1;3;0;0;0;0;0;0;0;0;0;0;0;0;0;0;0;0;0;0;0;0;0;0;0;0;0;0;0;0;0;0;0;0;0;0;0;0;0;0;0;0;0;0;0;0;0;0;0;0;0;0;0;0;0;0;0;0;0;0;0;0;0;0;0;0;0;0;0;0;4;2;1;1;0;1;3;2014-07-15 20:00:00;3813;0;45;23;23;0;-1;1;-1;-1;-1;-1;-1;-1;1;1;0;2;2;2;-1;0;0;0;0;0;0;0;0;0;0;0;0;0;1;1;0;0;-1;-1;0;0;-1;-1;-1;-1;-1;-1;-1;-1;-1;25;58;68;68;100;45;78;80;48;11;2.05;4.45;3.55;Thróttur Reykjavík;KV;1.73;0.73;1.4;1.75;1.5;1.3;75;43;33;33;0;74;74;64;0;0;0;745;22;Y;Y;Y;Y;N;N;Y
214391;3818;3807;2014;complete;1297;12;-1;46;;1;0;1;3;8;11;2;2;3;3;0;0;11;5;3;4;14;9;13;12;48;52;3;3;0;0;0;0;0;0;0;0;0;0;0;0;0;0;0;0;0;0;0;0;0;0;0;0;0;0;0;0;0;0;0;0;0;0;0;0;0;0;0;0;0;0;0;0;0;0;0;0;0;0;0;0;0;0;0;0;0;0;0;0;0;0;0;0;0;0;0;0;1;0;0;1;0;1;0;2014-07-18 19:15:00;3818;0;17;9;17;0;-1;1;-1;-1;-1;-1;-1;-1;0;0;3;3;0;6;-1;0;0;0;0;0;0;0;0;0;0;0;0;0;1;1;0;0;-1;-1;0;0;-1;-1;-1;-1;-1;-1;-1;-1;-1;25;34;42;50;92;34;50;83;50;14.37;2.5;2.5;2.5;Selfoss;ÍA;0.92;2.08;0.67;2.5;1.09;1.91;75;67;58;50;9;92;84;45;0;0;0;745;22;Y;N;N;N;N;N;N
214392;3806;3814;2014;complete;1297;12;-1;22,42;7,20;2;2;4;8;4;12;0;1;2;5;0;0;8;3;6;4;14;7;21;17;58;42;2;5;0;0;0;0;0;0;0;0;0;0;0;0;0;0;0;0;0;0;0;0;0;0;0;0;0;0;0;0;0;0;0;0;0;0;0;0;0;0;0;0;0;0;0;0;0;0;0;0;0;0;0;0;0;0;0;0;0;0;0;0;0;0;0;0;0;0;0;0;4;2;2;0;0;0;4;2014-07-18 19:15:00;-1;0;50;10;20;0;-1;1;-1;-1;-1;-1;-1;-1;1;3;1;2;4;3;-1;0;0;0;0;0;0;0;1;0;1;0;0;0;1;1;0;1;-1;-1;1;0;-1;-1;-1;-1;-1;-1;-1;-1;-1;30;30;60;70;90;30;90;60;50;11.8;5.8;5.2;2.9;Grindavík;Leiknir Reykjavík;1.91;1.82;1.4;2;1.09;2.36;70;70;40;30;10;70;60;30;0;0;0;745;22;Y;Y;Y;Y;N;N;Y
214393;3822;3827;2014;complete;1297;12;-1;87;36;1;1;2;6;2;8;5;3;2;1;0;0;7;5;8;4;15;9;10;17;52;48;2;1;0;0;0;0;0;0;0;0;0;0;0;0;0;0;0;0;0;0;0;0;0;0;0;0;0;0;0;0;0;0;0;0;0;0;0;0;0;0;0;0;0;0;0;0;0;0;0;0;0;0;0;0;0;0;0;0;0;0;0;0;0;0;0;0;0;0;0;0;2;0;1;1;0;1;1;2014-07-18 19:15:00;-1;0;70;20;20;0;-1;1;-1;-1;-1;-1;-1;-1;0;1;2;0;1;2;-1;0;0;0;0;0;0;0;0;0;0;0;0;0;1;1;0;0;-1;-1;0;0;-1;-1;-1;-1;-1;-1;-1;-1;-1;30;50;60;80;100;50;80;100;40;9.9;4.4;4;3.6;HK;KV;1.64;0.73;2.2;1.4;1.82;1.18;70;50;40;20;0;58;58;48;0;0;0;745;22;Y;Y;N;N;N;N;Y
214394;3828;3826;2014;complete;1297;12;-1;25,55,73,89;3,23,45,57,77,90;4;6;10;-1;-1;-1;-1;-1;1;1;0;0;-1;-1;-1;-1;-1;-1;-1;-1;-1;-1;1;1;0;0;0;0;0;0;0;0;0;0;0;0;0;0;0;0;0;0;0;0;0;0;0;0;0;0;0;0;0;0;0;0;0;0;0;0;0;0;0;0;0;0;0;0;0;0;0;0;0;0;0;0;0;0;0;0;0;0;0;0;0;0;0;0;0;0;0;0;10;1;3;3;3;6;4;2014-07-19 14:00:00;3826;0;50;13;25;0;-1;1;-1;-1;-1;-1;-1;-1;1;1;0;0;2;0;-1;0;0;0;0;0;0;0;0;0;0;0;0;0;1;1;0;1;-1;-1;0;0;-1;-1;-1;-1;-1;-1;-1;-1;-1;34;75;75;84;100;50;67;100;71;8.33;3.5;5.58;3.75;Tindastóll;BI Bolungarvik;0.27;1.27;0.5;1.17;0.27;1;67;25;25;17;0;74;74;40;0;0;0;745;22;Y;Y;Y;Y;Y;Y;Y
214395;3804;3811;2014;complete;1297;12;-1;33,76;72,90;2;2;4;3;8;11;3;8;3;1;0;0;6;4;1;1;7;5;13;13;51;49;3;1;0;0;0;0;0;0;0;0;0;0;0;0;0;0;0;0;0;0;0;0;0;0;0;0;0;0;0;0;0;0;0;0;0;0;0;0;0;0;0;0;0;0;0;0;0;0;0;0;0;0;0;0;0;0;0;0;0;0;0;0;0;0;0;0;0;0;0;0;4;1;0;1;2;3;1;2014-07-19 16:00:00;-1;0;68;48;33;0;-1;1;-1;-1;-1;-1;-1;-1;0;1;3;0;1;3;-1;0;0;0;0;0;0;0;0;0;0;0;0;0;1;1;0;0;-1;-1;0;0;-1;-1;-1;-1;-1;-1;-1;-1;-1;23;58;80;80;100;48;70;100;58;10.75;2.3;4.6;3.63;Víkingur Ólafsvík;KA;1.55;1.64;1.8;2.25;1.64;1.73;78;43;20;20;0;75;63;46;0;0;0;745;22;Y;Y;Y;Y;N;N;Y
214396;3813;3821;2014;complete;1297;12;-1;63;;1;0;1;6;3;9;1;2;2;0;0;0;7;10;5;7;12;17;10;9;44;56;2;0;0;0;0;0;0;0;0;0;0;0;0;0;0;0;0;0;0;0;0;0;0;0;0;0;0;0;0;0;0;0;0;0;0;0;0;0;0;0;0;0;0;0;0;0;0;0;0;0;0;0;0;0;0;0;0;0;0;0;0;0;0;0;0;0;0;0;0;0;1;0;0;1;0;1;0;2014-07-20 17:00:00;3813;0;55;17;29;0;-1;1;-1;-1;-1;-1;-1;-1;0;0;2;0;0;2;-1;0;0;0;0;0;0;0;0;0;0;0;0;0;1;1;0;0;-1;-1;0;0;-1;-1;-1;-1;-1;-1;-1;-1;-1;10;45;54;84;100;35;62;84;49;10.6;3.93;3.2;2.92;Thróttur Reykjavík;Haukar;1.73;1.36;1.67;1.4;1.64;1.27;90;55;47;17;0;72;62;54;0;0;0;745;22;Y;N;N;N;N;N;N
214397;3811;3813;2014;complete;1297;13;-1;;90;0;1;1;2;4;6;3;1;3;4;0;0;3;6;2;4;5;10;15;18;51;49;3;4;0;0;0;0;0;0;0;0;0;0;0;0;0;0;0;0;0;0;0;0;0;0;0;0;0;0;0;0;0;0;0;0;0;0;0;0;0;0;0;0;0;0;0;0;0;0;0;0;0;0;0;0;0;0;0;0;0;0;0;0;0;0;0;0;0;0;0;0;1;0;0;0;1;1;0;2014-07-24 18:15:00;3813;0;69;27;32;0;-1;1;-1;-1;-1;-1;-1;-1;0;0;3;4;0;7;-1;0;0;0;0;0;0;0;0;0;0;0;0;0;1;1;0;0;-1;-1;0;0;-1;-1;-1;-1;-1;-1;-1;-1;-1;25;42;66;83;93;45;76;86;46;10.71;4.86;5.03;3.29;KA;Thróttur Reykjavík;1.18;1.64;1.43;1.6;1.67;1.75;76;59;35;17;7;61;54;41;0;0;0;745;22;Y;N;N;N;N;N;N
214398;3807;3806;2014;complete;1297;13;-1;45,74;;2;0;2;4;3;7;2;3;1;0;1;0;5;4;9;7;14;11;12;9;42;58;3;0;0;0;0;0;0;0;0;0;0;0;0;0;0;0;0;0;0;0;0;0;0;0;0;0;0;0;0;0;0;0;0;0;0;0;0;0;0;0;0;0;0;0;0;0;0;0;0;0;0;0;0;0;0;0;0;0;0;0;0;0;0;0;0;0;0;0;0;0;2;1;0;1;0;1;1;2014-07-24 19:15:00;3807;0;55;19;37;0;-1;1;-1;-1;-1;-1;-1;-1;1;0;1;0;1;1;-1;0;0;0;0;0;0;0;0;0;0;0;0;0;1;1;0;0;-1;-1;0;0;-1;-1;-1;-1;-1;-1;-1;-1;-1;29;29;47;65;92;19;74;84;47;13;4;4.7;2.7;ÍA;Grindavík;1.8;1.27;1.2;0.83;1.75;1.08;72;72;54;35;9;80;70;60;0;0;0;745;22;Y;Y;N;N;N;N;N
214399;3821;3822;2014;complete;1297;13;-1;42,49,53,90;62;4;1;5;4;5;9;4;4;2;5;1;0;5;4;5;7;10;11;22;16;46;54;3;5;0;0;0;0;0;0;0;0;0;0;0;0;0;0;0;0;0;0;0;0;0;0;0;0;0;0;0;0;0;0;0;0;0;0;0;0;0;0;0;0;0;0;0;0;0;0;0;0;0;0;0;0;0;0;0;0;0;0;0;0;0;0;0;0;0;0;0;0;5;1;0;3;1;4;1;2014-07-24 20:00:00;3821;0;67;9;59;0;-1;1;-1;-1;-1;-1;-1;-1;0;0;3;5;0;8;-1;0;0;0;0;0;0;0;0;0;0;0;0;0;1;1;0;0;-1;-1;0;0;-1;-1;-1;-1;-1;-1;-1;-1;-1;25;42;67;83;100;33;75;92;75;9.66;3.5;3.66;3.17;Haukar;HK;1.55;1.45;1.17;1.5;1.17;1.75;75;59;33;17;0;59;59;50;0;0;0;745;22;Y;Y;Y;Y;Y;N;Y
214400;3818;3804;2014;complete;1297;13;-1;;17,63;0;2;2;7;4;11;1;3;3;2;0;0;4;3;1;3;5;6;16;12;54;46;3;2;0;0;0;0;0;0;0;0;0;0;0;0;0;0;0;0;0;0;0;0;0;0;0;0;0;0;0;0;0;0;0;0;0;0;0;0;0;0;0;0;0;0;0;0;0;0;0;0;0;0;0;0;0;0;0;0;0;0;0;0;0;0;0;0;0;0;0;0;2;0;1;0;1;1;1;2014-07-25 19:15:00;3804;0;34;0;25;0;-1;1;-1;-1;-1;-1;-1;-1;1;0;2;2;1;4;-1;0;0;0;0;0;0;0;0;0;0;0;0;0;1;1;0;0;-1;-1;0;0;-1;-1;-1;-1;-1;-1;-1;-1;-1;34;34;41;56;93;17;41;85;56;14.4;3.86;4.69;2.65;Selfoss;Víkingur Ólafsvík;0.92;1.73;1;1.5;1.25;1.58;67;67;60;44;7;85;61;45;0;0;0;745;22;Y;Y;N;N;N;N;N
214401;3827;3828;2014;complete;1297;13;-1;41,45,90;43,86;3;2;5;7;2;9;4;5;1;2;0;0;4;4;1;3;5;7;18;10;51;49;1;2;0;0;0;0;0;0;0;0;0;0;0;0;0;0;0;0;0;0;0;0;0;0;0;0;0;0;0;0;0;0;0;0;0;0;0;0;0;0;0;0;0;0;0;0;0;0;0;0;0;0;0;0;0;0;0;0;0;0;0;0;0;0;0;0;0;0;0;0;5;2;1;1;1;2;3;2014-07-26 14:00:00;3827;0;63;9;41;0;-1;1;-1;-1;-1;-1;-1;-1;0;0;1;2;0;3;-1;0;0;0;0;0;0;0;0;0;0;0;0;0;1;1;0;0;-1;-1;0;0;-1;-1;-1;-1;-1;-1;-1;-1;-1;41;63;77;85;100;49;86;92;77;5.67;2.67;5.38;3.73;KV;Tindastóll;0.91;0.09;1;0.14;1.17;0.25;60;37;23;16;0;50;50;34;0;0;0;745;22;Y;Y;Y;Y;Y;N;Y
214402;3826;3814;2014;complete;1297;13;-1;26,81;11,20,72;2;3;5;-1;-1;-1;-1;-1;3;2;1;1;-1;-1;-1;-1;-1;-1;-1;-1;-1;-1;4;4;0;0;0;0;0;0;0;0;0;0;0;0;0;0;0;0;0;0;0;0;0;0;0;0;0;0;0;0;0;0;0;0;0;0;0;0;0;0;0;0;0;0;0;0;0;0;0;0;0;0;0;0;0;0;0;0;0;0;0;0;0;0;0;0;0;0;0;0;5;1;2;1;1;2;3;2014-07-26 14:00:00;3814;0;37;19;0;0;-1;1;-1;-1;-1;-1;-1;-1;0;1;4;2;1;6;-1;0;0;0;0;0;0;0;2;0;2;0;0;0;1;1;0;0;-1;-1;0;0;-1;-1;-1;-1;-1;-1;-1;-1;-1;29;57;74;84;92;45;92;67;57;5.5;1.17;5.27;3.44;BI Bolungarvik;Leiknir Reykjavík;1;1.82;0.8;1.83;1.17;2.25;72;44;27;17;9;42;42;25;0;0;0;745;22;Y;Y;Y;Y;Y;N;Y
214403;3806;3826;2014;complete;1297;14;-1;66,74,85;;3;0;3;4;5;9;2;0;0;1;0;0;7;5;11;7;18;12;8;16;56;44;0;1;0;0;0;0;0;0;0;0;0;0;0;0;0;0;0;0;0;0;0;0;0;0;0;0;0;0;0;0;0;0;0;0;0;0;0;0;0;0;0;0;0;0;0;0;0;0;0;0;0;0;0;0;0;0;0;0;0;0;0;0;0;0;0;0;0;0;0;0;3;0;0;3;0;3;0;2014-07-30 18:00:00;3806;0;70;24;45;0;-1;1;-1;-1;-1;-1;-1;-1;0;1;0;0;1;0;-1;0;0;0;0;0;0;0;0;0;0;0;0;0;1;1;0;0;-1;-1;0;0;-1;-1;-1;-1;-1;-1;-1;-1;-1;31;54;62;77;100;24;72;84;61;11.33;4.4;4.54;3.75;Grindavík;BI Bolungarvik;1.91;1.27;1.33;1.43;1;1.08;69;47;38;23;0;74;65;57;0;0;0;745;22;Y;Y;Y;N;N;N;N
214404;3822;3811;2014;complete;1297;14;-1;11;45;1;1;2;5;11;16;0;3;0;0;0;0;3;9;7;7;10;16;8;4;38;62;0;0;0;0;0;0;0;0;0;0;0;0;0;0;0;0;0;0;0;0;0;0;0;0;0;0;0;0;0;0;0;0;0;0;0;0;0;0;0;0;0;0;0;0;0;0;0;0;0;0;0;0;0;0;0;0;0;0;0;0;0;0;0;0;0;0;0;0;0;0;2;1;1;0;0;0;2;2014-07-30 18:15:00;-1;0;82;30;29;0;-1;-1;-1;-1;-1;-1;-1;-1;0;0;0;0;0;0;-1;0;0;0;0;0;0;0;0;0;0;0;0;0;1;1;0;0;-1;-1;-1;-1;-1;-1;-1;-1;-1;-1;-1;-1;-1;19;49;67;92;100;47;92;100;49;10.42;6.17;4.27;3.44;HK;KA;1.64;1.64;2;2;1.62;1.54;82;52;34;9;0;67;67;46;0;0;0;745;22;Y;Y;N;N;N;N;Y
214405;3828;3821;2014;complete;1297;14;-1;;35,37,66,69,80;0;5;5;-1;-1;-1;-1;-1;4;0;0;0;-1;-1;-1;-1;-1;-1;-1;-1;-1;-1;4;0;0;0;0;0;0;0;0;0;0;0;0;0;0;0;0;0;0;0;0;0;0;0;0;0;0;0;0;0;0;0;0;0;0;0;0;0;0;0;0;0;0;0;0;0;0;0;0;0;0;0;0;0;0;0;0;0;0;0;0;0;0;0;0;0;0;0;0;0;5;0;2;0;3;3;2;2014-07-30 20:00:00;3821;0;55;20;27;0;-1;1;-1;-1;-1;-1;-1;-1;2;0;2;0;2;2;-1;0;0;0;0;0;0;0;0;0;0;0;0;0;1;1;0;0;-1;-1;0;0;-1;-1;-1;-1;-1;-1;-1;-1;-1;39;67;67;92;100;59;67;100;74;7.66;2.67;4.2;4.14;Tindastóll;Haukar;0.27;1.36;0.4;1.17;0.23;1.31;62;34;34;9;0;67;50;17;0;0;0;745;22;Y;Y;Y;Y;Y;N;N
214406;3804;3807;2014;complete;1297;14;-1;87;17,80,84;1;3;4;8;4;12;5;4;1;3;0;0;4;2;2;1;6;3;8;16;63;37;1;3;0;0;0;0;0;0;0;0;0;0;0;0;0;0;0;0;0;0;0;0;0;0;0;0;0;0;0;0;0;0;0;0;0;0;0;0;0;0;0;0;0;0;0;0;0;0;0;0;0;0;0;0;0;0;0;0;0;0;0;0;0;0;0;0;0;0;0;0;4;0;1;1;2;3;1;2014-07-30 20:00:00;3807;0;48;16;40;0;-1;1;-1;-1;-1;-1;-1;-1;0;1;1;2;1;3;-1;0;0;0;0;0;0;0;1;0;1;0;0;0;1;1;0;0;-1;-1;0;0;-1;-1;-1;-1;-1;-1;-1;-1;-1;30;54;62;62;100;37;61;93;54;12.53;2.86;2.97;3.23;Víkingur Ólafsvík;ÍA;1.55;2.08;1.67;2.14;1.69;1.85;70;47;38;38;0;80;70;45;0;0;0;745;22;Y;Y;Y;Y;N;N;Y
214407;3814;3827;2014;complete;1297;14;-1;6,70;64;2;1;3;4;3;7;5;0;2;2;0;0;3;4;2;4;5;8;12;20;54;46;2;2;0;0;0;0;0;0;0;0;0;0;0;0;0;0;0;0;0;0;0;0;0;0;0;0;0;0;0;0;0;0;0;0;0;0;0;0;0;0;0;0;0;0;0;0;0;0;0;0;0;0;0;0;0;0;0;0;0;0;0;0;0;0;0;0;0;0;0;0;3;1;0;1;1;2;1;2014-07-30 20:00:00;3814;0;50;25;25;0;-1;1;-1;-1;-1;-1;-1;-1;0;1;2;1;1;3;-1;0;0;0;0;0;0;0;1;0;1;0;0;0;1;1;1;0;-1;-1;0;0;-1;-1;-1;-1;-1;-1;-1;-1;-1;25;42;42;83;100;34;50;100;67;10.97;2.66;3.5;3.17;Leiknir Reykjavík;KV;2.55;0.73;2.67;1.33;2.31;1.31;75;58;58;17;0;64;64;64;0;0;0;745;22;Y;Y;Y;N;N;N;Y
214408;3813;3818;2014;complete;1297;14;-1;26;20,64;1;2;3;7;5;12;1;1;4;2;1;0;4;6;4;7;8;13;15;22;52;48;6;2;0;0;0;0;0;0;0;0;0;0;0;0;0;0;0;0;0;0;0;0;0;0;0;0;0;0;0;0;0;0;0;0;0;0;0;0;0;0;0;0;0;0;0;0;0;0;0;0;0;0;0;0;0;0;0;0;0;0;0;0;0;0;0;0;0;0;0;0;3;1;1;0;1;1;2;2014-07-30 20:00:00;3818;0;52;15;27;0;-1;1;-1;-1;-1;-1;-1;-1;2;1;3;1;3;4;-1;0;0;0;0;0;0;0;0;0;0;0;0;0;1;1;0;0;-1;-1;0;0;-1;-1;-1;-1;-1;-1;-1;-1;-1;0;32;39;69;100;42;66;76;27;9;4.74;4;2.39;Thróttur Reykjavík;Selfoss;1.73;1.5;1.86;1.6;1.85;1.15;100;69;62;32;0;43;36;29;0;0;0;745;22;Y;Y;Y;N;N;N;Y
214409;3828;3811;2014;complete;1297;15;-1;;4,59;0;2;2;4;10;14;1;1;3;2;1;0;3;8;6;8;9;16;15;14;40;60;4;2;0;0;0;0;0;0;0;0;0;0;0;0;0;0;0;0;0;0;0;0;0;0;0;0;0;0;0;0;0;0;0;0;0;0;0;0;0;0;0;0;0;0;0;0;0;0;0;0;0;0;0;0;0;0;0;0;0;0;0;0;0;0;0;0;0;0;0;0;2;0;1;0;1;1;1;2014-08-07 19:00:00;3811;0;67;50;25;0;-1;1;-1;-1;-1;-1;-1;-1;0;0;4;2;0;6;-1;0;0;0;0;0;0;0;0;0;0;0;0;0;1;1;0;1;-1;-1;0;0;-1;-1;-1;-1;-1;-1;-1;-1;-1;42;84;92;100;100;84;100;92;75;10.13;2.84;5.5;4.67;Tindastóll;KA;0.27;1.64;0.33;1.83;0.21;1.5;58;17;9;0;0;84;84;40;0;0;0;745;22;Y;Y;N;N;N;N;N
214410;3818;3822;2014;complete;1297;15;-1;;40,46,48,51,69,71;0;6;6;7;3;10;1;0;2;2;0;0;6;2;5;0;11;2;11;9;59;41;2;2;0;0;0;0;0;0;0;0;0;0;0;0;0;0;0;0;0;0;0;0;0;0;0;0;0;0;0;0;0;0;0;0;0;0;0;0;0;0;0;0;0;0;0;0;0;0;0;0;0;0;0;0;0;0;0;0;0;0;0;0;0;0;0;0;0;0;0;0;6;0;1;0;5;5;1;2014-08-07 19:15:00;3822;0;36;7;29;0;-1;1;-1;-1;-1;-1;-1;-1;1;1;1;1;2;2;-1;0;0;0;0;0;0;0;0;0;0;0;0;0;1;1;0;0;-1;-1;0;0;-1;-1;-1;-1;-1;-1;-1;-1;-1;22;22;42;62;94;15;56;94;48;10.63;4.04;4.29;2.41;Selfoss;HK;0.92;1.45;0.88;1.29;1.29;1.57;79;79;59;39;7;73;59;53;0;0;0;745;22;Y;Y;Y;Y;Y;Y;N
214411;3821;3814;2014;complete;1297;15;-1;9,11;17,28,33;2;3;5;6;4;10;5;2;2;1;0;0;6;3;4;3;10;6;16;18;58;42;2;1;0;0;0;0;0;0;0;0;0;0;0;0;0;0;0;0;0;0;0;0;0;0;0;0;0;0;0;0;0;0;0;0;0;0;0;0;0;0;0;0;0;0;0;0;0;0;0;0;0;0;0;0;0;0;0;0;0;0;0;0;0;0;0;0;0;0;0;0;5;2;3;0;0;0;5;2014-08-08 19:00:00;3814;0;57;15;43;0;-1;1;-1;-1;-1;-1;-1;-1;0;1;2;0;1;2;-1;0;0;0;0;0;0;0;0;0;0;0;0;0;1;1;1;0;-1;-1;0;0;-1;-1;-1;-1;-1;-1;-1;-1;-1;29;50;71;79;93;43;79;65;65;11.07;3.57;4.86;3.22;Haukar;Leiknir Reykjavík;1.55;1.82;1.43;2;1.43;2.36;71;50;29;22;7;77;70;47;0;0;0;745;22;Y;Y;Y;Y;Y;N;Y
214412;3807;3813;2014;complete;1297;15;-1;17,45,90;12;3;1;4;7;8;15;2;3;1;3;0;0;3;4;8;5;11;9;9;17;51;49;1;3;0;0;0;0;0;0;0;0;0;0;0;0;0;0;0;0;0;0;0;0;0;0;0;0;0;0;0;0;0;0;0;0;0;0;0;0;0;0;0;0;0;0;0;0;0;0;0;0;0;0;0;0;0;0;0;0;0;0;0;0;0;0;0;0;0;0;0;0;4;2;1;1;0;1;3;2014-08-08 19:15:00;3807;0;59;25;25;0;-1;1;-1;-1;-1;-1;-1;-1;1;1;0;2;2;2;-1;0;0;0;0;0;0;0;0;0;0;0;0;0;1;1;0;0;-1;-1;0;0;-1;-1;-1;-1;-1;-1;-1;-1;-1;25;33;50;75;100;34;75;100;34;10.5;3.83;6;2.92;ÍA;Thróttur Reykjavík;1.8;1.64;1.5;1.83;1.93;1.71;75;67;50;25;0;54;54;44;0;0;0;745;22;Y;Y;Y;Y;N;N;Y
214413;3827;3826;2014;complete;1297;15;-1;;7,35,69;0;3;3;5;5;10;2;7;1;2;0;0;6;5;4;5;10;10;11;19;47;53;1;2;0;0;0;0;0;0;0;0;0;0;0;0;0;0;0;0;0;0;0;0;0;0;0;0;0;0;0;0;0;0;0;0;0;0;0;0;0;0;0;0;0;0;0;0;0;0;0;0;0;0;0;0;0;0;0;0;0;0;0;0;0;0;0;0;0;0;0;0;3;0;2;0;1;1;2;2014-08-09 13:00:00;3826;0;68;21;61;0;-1;1;-1;-1;-1;-1;-1;-1;0;0;1;2;0;3;-1;0;0;0;0;0;0;0;0;0;0;0;0;0;1;1;0;1;-1;-1;0;0;-1;-1;-1;-1;-1;-1;-1;-1;-1;48;68;75;81;100;50;69;93;81;8.71;3.38;4.06;4.09;KV;BI Bolungarvik;0.91;1.27;1.29;1.25;1.21;1;52;32;26;20;0;70;55;41;0;0;0;745;22;Y;Y;Y;N;N;N;N
214414;3804;3806;2014;complete;1297;15;-1;;48,90;0;2;2;-1;-1;-1;-1;-1;2;2;1;0;-1;-1;-1;-1;-1;-1;-1;-1;-1;-1;3;2;0;0;0;0;0;0;0;0;0;0;0;0;0;0;0;0;0;0;0;0;0;0;0;0;0;0;0;0;0;0;0;0;0;0;0;0;0;0;0;0;0;0;0;0;0;0;0;0;0;0;0;0;0;0;0;0;0;0;0;0;0;0;0;0;0;0;0;0;2;0;0;0;2;2;0;2014-08-09 15:00:00;3806;0;57;14;43;0;-1;1;-1;-1;-1;-1;-1;-1;0;1;3;1;1;4;-1;0;0;0;0;0;0;0;0;0;0;0;0;0;1;1;0;0;-1;-1;0;0;-1;-1;-1;-1;-1;-1;-1;-1;-1;14;36;50;64;93;14;64;86;43;11.17;4.57;3.85;2.65;Víkingur Ólafsvík;Grindavík;1.55;1.27;1.43;0.71;1.57;1.14;86;65;50;36;7;67;50;42;0;0;0;745;22;Y;Y;N;N;N;N;N
214415;3814;3811;2014;complete;1297;16;-1;7,32;53;2;1;3;0;6;6;1;2;1;2;0;0;3;3;7;4;10;7;11;15;49;51;1;2;0;0;0;0;0;0;0;0;0;0;0;0;0;0;0;0;0;0;0;0;0;0;0;0;0;0;0;0;0;0;0;0;0;0;0;0;0;0;0;0;0;0;0;0;0;0;0;0;0;0;0;0;0;0;0;0;0;0;0;0;0;0;0;0;0;0;0;0;3;2;0;0;1;1;2;2014-08-15 18:15:00;3814;0;57;36;36;0;-1;1;-1;-1;-1;-1;-1;-1;0;0;1;2;0;3;-1;0;0;0;0;0;0;0;0;0;0;0;0;0;1;1;1;0;-1;-1;0;0;-1;-1;-1;-1;-1;-1;-1;-1;-1;14;36;50;93;100;36;65;93;72;13.19;4.29;3.57;3;Leiknir Reykjavík;KA;2.55;1.64;2.71;2;2.4;1.6;86;65;50;7;0;79;79;70;0;0;0;745;22;Y;Y;Y;N;N;N;Y
214416;3826;3821;2014;complete;1297;16;-1;35,75,88;4,49;3;2;5;-1;-1;-1;-1;-1;2;2;1;0;-1;-1;-1;-1;-1;-1;-1;-1;-1;-1;4;2;0;0;0;0;0;0;0;0;0;0;0;0;0;0;0;0;0;0;0;0;0;0;0;0;0;0;0;0;0;0;0;0;0;0;0;0;0;0;0;0;0;0;0;0;0;0;0;0;0;0;0;0;0;0;0;0;0;0;0;0;0;0;0;0;0;0;0;0;5;1;1;2;1;3;2;2014-08-15 19:00:00;3826;0;47;17;23;0;-1;1;-1;-1;-1;-1;-1;-1;1;1;2;1;2;3;-1;0;0;0;0;0;0;0;0;0;0;0;0;0;1;1;0;1;-1;-1;0;0;-1;-1;-1;-1;-1;-1;-1;-1;-1;40;63;63;93;100;40;72;100;77;4.33;0.29;3.69;3.67;BI Bolungarvik;Haukar;1;1.36;0.67;1.43;1.13;1.33;61;37;37;7;0;34;17;17;0;0;0;745;22;Y;Y;Y;Y;Y;N;Y
214417;3828;3818;2014;complete;1297;16;-1;;21,36;0;2;2;2;9;11;1;3;2;1;0;0;3;5;3;10;6;15;16;11;42;58;2;1;0;0;0;0;0;0;0;0;0;0;0;0;0;0;0;0;0;0;0;0;0;0;0;0;0;0;0;0;0;0;0;0;0;0;0;0;0;0;0;0;0;0;0;0;0;0;0;0;0;0;0;0;0;0;0;0;0;0;0;0;0;0;0;0;0;0;0;0;2;0;2;0;0;0;2;2014-08-15 19:00:00;3818;0;55;23;24;0;-1;1;-1;-1;-1;-1;-1;-1;0;0;2;1;0;3;-1;0;0;0;0;0;0;0;0;0;0;0;0;0;1;1;0;0;-1;-1;0;0;-1;-1;-1;-1;-1;-1;-1;-1;-1;29;52;60;92;100;68;84;92;52;6.83;3.04;5.43;3.67;Tindastóll;Selfoss;0.27;1.5;0.29;1.83;0.2;1.2;72;49;41;9;0;46;46;21;0;0;0;745;22;Y;Y;N;N;N;N;N
214418;3813;3804;2014;complete;1297;16;-1;70;1,34,90;1;3;4;8;6;14;0;3;1;0;0;0;3;0;4;6;7;6;16;16;55;45;1;0;0;0;0;0;0;0;0;0;0;0;0;0;0;0;0;0;0;0;0;0;0;0;0;0;0;0;0;0;0;0;0;0;0;0;0;0;0;0;0;0;0;0;0;0;0;0;0;0;0;0;0;0;0;0;0;0;0;0;0;0;0;0;0;0;0;0;0;0;4;0;2;1;1;2;2;2014-08-15 19:00:00;3804;0;54;19;28;0;-1;1;-1;-1;-1;-1;-1;-1;1;0;0;0;1;0;-1;0;0;0;0;0;0;0;0;0;0;0;0;0;1;1;0;1;-1;-1;0;0;-1;-1;-1;-1;-1;-1;-1;-1;-1;29;48;60;75;100;40;73;81;42;13.42;4.14;5.21;3.17;Thróttur Reykjavík;Víkingur Ólafsvík;1.73;1.73;1.63;1.71;1.6;1.47;72;53;41;26;0;87;66;53;0;0;0;745;22;Y;Y;Y;Y;N;N;Y
214419;3822;3807;2014;complete;1297;16;-1;20,48;56;2;1;3;2;7;9;1;1;2;1;0;0;3;8;5;8;8;16;19;10;46;54;2;1;0;0;0;0;0;0;0;0;0;0;0;0;0;0;0;0;0;0;0;0;0;0;0;0;0;0;0;0;0;0;0;0;0;0;0;0;0;0;0;0;0;0;0;0;0;0;0;0;0;0;0;0;0;0;0;0;0;0;0;0;0;0;0;0;0;0;0;0;3;1;0;1;1;2;1;2014-08-15 19:15:00;3822;0;62;14;26;0;-1;1;-1;-1;-1;-1;-1;-1;1;0;1;1;1;2;-1;0;0;0;0;0;0;0;0;0;0;0;0;0;1;1;0;0;-1;-1;0;0;-1;-1;-1;-1;-1;-1;-1;-1;-1;26;39;46;75;100;47;81;87;39;11.57;4.82;2.81;2.98;HK;ÍA;1.64;2.08;1.86;2.25;1.67;2;75;62;55;26;0;72;72;43;0;0;0;745;22;Y;Y;Y;N;N;N;Y
214420;3806;3827;2014;complete;1297;16;-1;41,90;;2;0;2;8;10;18;10;0;2;2;0;1;6;5;6;5;12;10;21;13;44;56;2;4;0;0;0;0;0;0;0;0;0;0;0;0;0;0;0;0;0;0;0;0;0;0;0;0;0;0;0;0;0;0;0;0;0;0;0;0;0;0;0;0;0;0;0;0;0;0;0;0;0;0;0;0;0;0;0;0;0;0;0;0;0;0;0;0;0;0;0;0;2;1;0;1;0;1;1;2014-08-15 19:15:00;3806;0;71;29;29;0;-1;1;-1;-1;-1;-1;-1;-1;1;0;1;3;1;4;-1;0;0;0;0;0;0;0;0;0;0;0;0;0;1;1;0;0;-1;-1;0;0;-1;-1;-1;-1;-1;-1;-1;-1;-1;29;50;71;86;100;36;86;86;57;10.5;3.42;4.57;3.65;Grindavík;KV;1.91;0.73;1.57;1.14;1.27;1.13;71;50;29;14;0;61;47;40;0;0;0;745;22;Y;Y;N;N;N;N;N
214421;3811;3826;2014;complete;1297;17;-1;22;47;1;1;2;8;5;13;3;5;1;0;0;0;7;6;9;4;16;10;11;12;48;52;1;0;0;0;0;0;0;0;0;0;0;0;0;0;0;0;0;0;0;0;0;0;0;0;0;0;0;0;0;0;0;0;0;0;0;0;0;0;0;0;0;0;0;0;0;0;0;0;0;0;0;0;0;0;0;0;0;0;0;0;0;0;0;0;0;0;0;0;0;0;2;1;0;0;1;1;1;2014-08-19 18:15:00;-1;0;47;12;41;0;-1;1;-1;-1;-1;-1;-1;-1;0;0;1;0;0;1;-1;0;0;0;0;0;0;0;0;0;0;0;0;0;1;1;0;0;-1;-1;0;0;-1;-1;-1;-1;-1;-1;-1;-1;-1;24;41;65;77;94;24;54;88;65;11.13;4.88;3.3;3.52;KA;BI Bolungarvik;1.18;1.27;1.25;1.44;1.5;1.25;77;60;36;24;7;75;61;54;0;0;0;745;22;Y;Y;N;N;N;N;Y
214422;3818;3814;2014;complete;1297;17;-1;30,63;35,45;2;2;4;2;8;10;0;1;3;2;1;0;4;7;0;5;4;12;17;14;38;62;4;2;0;0;0;0;0;0;0;0;0;0;0;0;0;0;0;0;0;0;0;0;0;0;0;0;0;0;0;0;0;0;0;0;0;0;0;0;0;0;0;0;0;0;0;0;0;0;0;0;0;0;0;0;0;0;0;0;0;0;0;0;0;0;0;0;0;0;0;0;4;1;2;1;0;1;3;2014-08-19 18:45:00;-1;0;25;19;7;0;-1;1;-1;-1;-1;-1;-1;-1;3;1;1;1;4;2;-1;0;0;0;0;0;0;0;0;1;0;1;0;0;1;1;0;0;-1;-1;1;0;-1;-1;-1;-1;-1;-1;-1;-1;-1;25;31;49;60;89;32;61;64;36;11.96;3.42;4.63;2.57;Selfoss;Leiknir Reykjavík;0.92;1.82;0.78;2.13;1.31;2.44;76;70;52;41;12;88;82;50;0;0;0;745;22;Y;Y;Y;Y;N;N;Y
214423;3807;3828;2014;complete;1297;17;-1;35,45,49,53,66;76,83;5;2;7;6;4;10;4;3;0;1;0;0;5;3;10;7;15;10;6;9;55;45;0;1;0;0;0;0;0;0;0;0;0;0;0;0;0;0;0;0;0;0;0;0;0;0;0;0;0;0;0;0;0;0;0;0;0;0;0;0;0;0;0;0;0;0;0;0;0;0;0;0;0;0;0;0;0;0;0;0;0;0;0;0;0;0;0;0;0;0;0;0;7;2;0;3;2;5;2;2014-08-19 18:45:00;3807;0;54;21;27;0;-1;1;-1;-1;-1;-1;-1;-1;0;1;0;0;1;0;-1;0;0;0;0;0;0;0;0;0;0;0;0;0;1;1;0;0;-1;-1;0;0;-1;-1;-1;-1;-1;-1;-1;-1;-1;27;47;66;87;100;27;81;100;59;9;3.5;4.77;3.4;ÍA;Tindastóll;1.8;0.09;1.71;0.13;1.88;0.19;73;54;34;14;0;64;57;57;0;0;0;745;22;Y;Y;Y;Y;Y;Y;Y
214424;3804;3822;2014;complete;1297;17;-1;90;;1;0;1;3;4;7;2;2;1;2;0;1;7;2;4;4;11;6;15;17;55;45;1;4;0;0;0;0;0;0;0;0;0;0;0;0;0;0;0;0;0;0;0;0;0;0;0;0;0;0;0;0;0;0;0;0;0;0;0;0;0;0;0;0;0;0;0;0;0;0;0;0;0;0;0;0;0;0;0;0;0;0;0;0;0;0;0;0;0;0;0;0;1;0;0;1;0;1;0;2014-08-19 19:00:00;3804;0;63;13;50;0;-1;1;-1;-1;-1;-1;-1;-1;0;0;1;3;0;4;-1;0;0;0;0;0;0;0;0;0;0;0;0;0;1;1;0;0;-1;-1;0;0;-1;-1;-1;-1;-1;-1;-1;-1;-1;32;50;69;82;100;19;69;100;69;9.55;4;4.13;3.44;Víkingur Ólafsvík;HK;1.55;1.45;1.25;1.5;1.56;1.75;69;50;32;19;0;65;50;44;0;0;0;745;22;Y;N;N;N;N;N;N
214425;3821;3827;2014;complete;1297;17;-1;24,48,67;4,82;3;2;5;7;3;10;4;0;2;3;1;2;6;6;9;7;15;13;17;10;42;58;4;6;0;0;0;0;0;0;0;0;0;0;0;0;0;0;0;0;0;0;0;0;0;0;0;0;0;0;0;0;0;0;0;0;0;0;0;0;0;0;0;0;0;0;0;0;0;0;0;0;0;0;0;0;0;0;0;0;0;0;0;0;0;0;0;0;0;0;0;0;5;1;1;2;1;3;2;2014-08-19 19:00:00;3821;0;69;19;44;0;-1;1;-1;-1;-1;-1;-1;-1;1;1;2;4;2;6;-1;0;0;0;0;0;0;0;0;0;0;0;0;0;1;1;0;1;-1;-1;0;0;-1;-1;-1;-1;-1;-1;-1;-1;-1;32;57;69;88;100;38;82;88;63;10.92;2.88;4.38;3.63;Haukar;KV;1.55;0.73;1.25;1;1.25;1.06;69;44;32;13;0;66;60;48;0;0;0;745;22;Y;Y;Y;Y;Y;N;Y
214426;3813;3806;2014;complete;1297;17;-1;63,84;20;2;1;3;3;8;11;2;2;2;0;1;0;6;5;5;7;11;12;14;14;42;58;4;0;0;0;0;0;0;0;0;0;0;0;0;0;0;0;0;0;0;0;0;0;0;0;0;0;0;0;0;0;0;0;0;0;0;0;0;0;0;0;0;0;0;0;0;0;0;0;0;0;0;0;0;0;0;0;0;0;0;0;0;0;0;0;0;0;0;0;0;0;3;0;1;2;0;2;1;2014-08-19 19:00:00;3813;0;47;23;24;0;-1;1;-1;-1;-1;-1;-1;-1;1;0;2;0;1;2;-1;0;0;0;0;0;0;0;0;0;0;0;0;0;1;1;0;0;-1;-1;1;0;-1;-1;-1;-1;-1;-1;-1;-1;-1;7;29;46;65;94;35;71;77;30;11.83;3.53;4.46;2.39;Thróttur Reykjavík;Grindavík;1.73;1.27;1.44;1;1.5;1.38;94;72;54;36;7;78;64;50;0;0;0;745;22;Y;Y;Y;N;N;N;Y
214427;3822;3813;2014;complete;1297;18;-1;;;0;0;0;7;12;19;0;4;2;1;0;0;3;3;1;8;4;11;15;9;42;58;2;1;0;0;0;0;0;0;0;0;0;0;0;0;0;0;0;0;0;0;0;0;0;0;0;0;0;0;0;0;0;0;0;0;0;0;0;0;0;0;0;0;0;0;0;0;0;0;0;0;0;0;0;0;0;0;0;0;0;0;0;0;0;0;0;0;0;0;0;0;0;0;0;0;0;0;0;2014-08-23 14:00:00;-1;0;80;28;20;0;-1;1;-1;-1;-1;-1;-1;-1;0;0;2;1;0;3;-1;0;0;0;0;0;0;0;0;0;0;0;0;0;1;1;0;0;-1;-1;0;0;-1;-1;-1;-1;-1;-1;-1;-1;-1;14;28;48;80;100;48;80;94;20;9.05;5.25;5.07;2.75;HK;Thróttur Reykjavík;1.64;1.64;2;1.57;1.65;1.59;87;73;53;21;0;50;44;29;0;0;0;745;22;N;N;N;N;N;N;N
214428;3806;3821;2014;complete;1297;18;-1;48;82;1;1;2;11;8;19;3;1;2;5;0;0;6;6;4;11;10;17;12;14;47;53;2;5;0;0;0;0;0;0;0;0;0;0;0;0;0;0;0;0;0;0;0;0;0;0;0;0;0;0;0;0;0;0;0;0;0;0;0;0;0;0;0;0;0;0;0;0;0;0;0;0;0;0;0;0;0;0;0;0;0;0;0;0;0;0;0;0;0;0;0;0;2;0;0;1;1;2;0;2014-08-23 14:00:00;-1;0;57;19;32;0;-1;1;-1;-1;-1;-1;-1;-1;1;3;1;2;4;3;-1;0;0;0;0;0;0;0;1;1;1;1;0;0;1;1;0;0;-1;-1;0;0;-1;-1;-1;-1;-1;-1;-1;-1;-1;32;44;57;88;100;32;69;88;63;10.58;4.63;3.38;3.25;Grindavík;Haukar;1.91;1.36;1.75;1.25;1.29;1.35;69;57;44;13;0;71;42;36;0;0;0;745;22;Y;Y;N;N;N;N;Y
214429;3826;3818;2014;complete;1297;18;-1;43,70;67;2;1;3;-1;-1;-1;-1;-1;2;0;0;1;-1;-1;-1;-1;-1;-1;-1;-1;-1;-1;2;2;0;0;0;0;0;0;0;0;0;0;0;0;0;0;0;0;0;0;0;0;0;0;0;0;0;0;0;0;0;0;0;0;0;0;0;0;0;0;0;0;0;0;0;0;0;0;0;0;0;0;0;0;0;0;0;0;0;0;0;0;0;0;0;0;0;0;0;0;3;1;0;1;1;2;1;2014-08-23 14:00:00;3826;0;57;29;29;0;-1;1;-1;-1;-1;-1;-1;-1;1;1;1;0;2;1;-1;0;0;0;0;0;0;0;0;0;0;0;0;0;1;1;0;0;-1;-1;0;0;-1;-1;-1;-1;-1;-1;-1;-1;-1;29;50;58;93;100;57;86;86;58;4.14;1.43;4.86;3.36;BI Bolungarvik;Selfoss;1;1.5;1;2;1.24;1.29;72;50;43;7;0;15;15;15;0;0;0;745;22;Y;Y;Y;N;N;N;Y
214430;3827;3811;2014;complete;1297;18;-1;5,45;42,61;2;2;4;7;2;9;3;3;1;2;0;1;6;5;6;6;12;11;14;17;50;50;1;3;0;0;0;0;0;0;0;0;0;0;0;0;0;0;0;0;0;0;0;0;0;0;0;0;0;0;0;0;0;0;0;0;0;0;0;0;0;0;0;0;0;0;0;0;0;0;0;0;0;0;0;0;0;0;0;0;0;0;0;0;0;0;0;0;0;0;0;0;4;2;1;0;1;1;3;2014-08-23 14:00:00;-1;0;75;38;44;0;-1;1;-1;-1;-1;-1;-1;-1;0;2;1;1;2;2;-1;0;0;0;0;0;0;0;0;0;0;0;0;0;1;1;1;0;-1;-1;0;0;-1;-1;-1;-1;-1;-1;-1;-1;-1;38;63;82;94;100;76;100;88;63;11.02;4;4.38;3.82;KV;KA;0.91;1.64;1.13;1.75;1;1.47;63;38;19;7;0;75;68;42;0;0;0;745;22;Y;Y;Y;Y;N;N;Y
214431;3814;3807;2014;complete;1297;18;-1;;90;0;1;1;6;8;14;2;2;2;0;0;0;6;3;4;3;10;6;16;21;50;50;2;0;0;0;0;0;0;0;0;0;0;0;0;0;0;0;0;0;0;0;0;0;0;0;0;0;0;0;0;0;0;0;0;0;0;0;0;0;0;0;0;0;0;0;0;0;0;0;0;0;0;0;0;0;0;0;0;0;0;0;0;0;0;0;0;0;0;0;0;0;1;0;0;0;1;1;0;2014-08-23 14:00:00;3807;0;47;12;41;0;-1;1;-1;-1;-1;-1;-1;-1;0;0;2;0;0;2;-1;0;0;0;0;0;0;0;0;1;0;1;0;0;1;1;0;0;-1;-1;0;0;-1;-1;-1;-1;-1;-1;-1;-1;-1;23;35;53;78;100;35;58;95;71;12.01;3.35;2.71;2.92;Leiknir Reykjavík;ÍA;2.55;2.08;2.75;2;2.35;1.94;78;66;48;23;0;75;69;50;0;0;0;745;22;Y;N;N;N;N;N;N
214432;3828;3804;2014;complete;1297;18;-1;;2,10,77;0;3;3;4;8;12;3;3;3;1;0;0;4;6;3;10;7;16;12;13;42;58;3;1;0;0;0;0;0;0;0;0;0;0;0;0;0;0;0;0;0;0;0;0;0;0;0;0;0;0;0;0;0;0;0;0;0;0;0;0;0;0;0;0;0;0;0;0;0;0;0;0;0;0;0;0;0;0;0;0;0;0;0;0;0;0;0;0;0;0;0;0;3;0;2;0;1;1;2;2014-08-23 16:00:00;3804;0;51;13;32;0;-1;1;-1;-1;-1;-1;-1;-1;1;0;2;1;1;3;-1;0;0;0;0;0;0;0;0;0;0;0;0;0;1;1;0;2;-1;-1;0;0;-1;-1;-1;-1;-1;-1;-1;-1;-1;50;69;69;94;100;63;88;88;69;10.33;3;5.63;4.19;Tindastóll;Víkingur Ólafsvík;0.27;1.73;0.25;1.88;0.18;1.65;50;32;32;7;0;84;72;45;0;0;0;745;22;Y;Y;Y;N;N;N;N
214433;3822;3806;2014;complete;1297;19;-1;30;65,68;1;2;3;4;5;9;2;0;3;0;1;0;4;7;5;8;9;15;12;16;46;54;5;0;0;0;0;0;0;0;0;0;0;0;0;0;0;0;0;0;0;0;0;0;0;0;0;0;0;0;0;0;0;0;0;0;0;0;0;0;0;0;0;0;0;0;0;0;0;0;0;0;0;0;0;0;0;0;0;0;0;0;0;0;0;0;0;0;0;0;0;0;3;1;0;0;2;2;1;2014-08-28 19:15:00;3806;0;61;11;22;0;-1;1;-1;-1;-1;-1;-1;-1;0;0;4;0;0;4;-1;0;0;0;0;0;0;0;0;0;0;0;0;0;1;1;0;0;-1;-1;0;0;-1;-1;-1;-1;-1;-1;-1;-1;-1;11;11;33;73;89;22;73;78;33;10.53;4.67;3.45;2.22;HK;Grindavík;1.64;1.27;1.89;0.89;1.61;1.28;89;89;67;28;11;64;51;38;0;0;0;745;22;Y;Y;Y;N;N;N;Y
214434;3811;3821;2014;complete;1297;19;-1;;;0;0;0;2;3;5;4;1;2;3;0;0;8;2;7;6;15;8;13;17;48;52;2;3;0;0;0;0;0;0;0;0;0;0;0;0;0;0;0;0;0;0;0;0;0;0;0;0;0;0;0;0;0;0;0;0;0;0;0;0;0;0;0;0;0;0;0;0;0;0;0;0;0;0;0;0;0;0;0;0;0;0;0;0;0;0;0;0;0;0;0;0;0;0;0;0;0;0;0;2014-08-29 18:15:00;-1;0;56;11;39;0;-1;1;-1;-1;-1;-1;-1;-1;1;1;1;2;2;3;-1;0;0;0;0;0;0;0;0;0;0;0;0;0;1;1;0;0;-1;-1;0;0;-1;-1;-1;-1;-1;-1;-1;-1;-1;28;39;50;84;95;28;56;89;67;11.19;3.89;3;3.11;KA;Haukar;1.18;1.36;1.22;1.22;1.44;1.33;73;62;50;17;6;69;50;50;0;0;0;745;22;N;N;N;N;N;N;N
214435;3818;3827;2014;complete;1297;19;-1;76,87,88;90;3;1;4;7;7;14;2;1;2;0;0;0;6;5;4;7;10;12;17;12;45;55;2;0;0;0;0;0;0;0;0;0;0;0;0;0;0;0;0;0;0;0;0;0;0;0;0;0;0;0;0;0;0;0;0;0;0;0;0;0;0;0;0;0;0;0;0;0;0;0;0;0;0;0;0;0;0;0;0;0;0;0;0;0;0;0;0;0;0;0;0;0;4;0;0;3;1;4;0;2014-08-29 18:30:00;3818;0;39;22;17;0;-1;1;-1;-1;-1;-1;-1;-1;0;0;2;0;0;2;-1;0;0;0;0;0;0;0;0;0;0;0;0;0;1;1;0;0;-1;-1;0;0;-1;-1;-1;-1;-1;-1;-1;-1;-1;22;38;49;70;95;27;65;95;43;11.2;2.06;4.98;2.94;Selfoss;KV;0.92;0.73;0.8;0.89;1.22;1;79;62;52;31;5;77;72;50;0;0;0;745;22;Y;Y;Y;Y;N;N;Y
214436;3804;3814;2014;complete;1297;19;-1;;;0;0;0;2;8;10;4;1;2;2;0;0;3;7;3;4;6;11;16;18;46;54;2;2;0;0;0;0;0;0;0;0;0;0;0;0;0;0;0;0;0;0;0;0;0;0;0;0;0;0;0;0;0;0;0;0;0;0;0;0;0;0;0;0;0;0;0;0;0;0;0;0;0;0;0;0;0;0;0;0;0;0;0;0;0;0;0;0;0;0;0;0;0;0;0;0;0;0;0;2014-08-29 18:30:00;-1;0;56;28;28;0;-1;1;-1;-1;-1;-1;-1;-1;0;0;2;2;0;4;-1;0;0;0;0;0;0;0;0;0;0;0;0;0;1;1;0;0;-1;-1;0;0;-1;-1;-1;-1;-1;-1;-1;-1;-1;22;50;67;73;95;39;67;72;45;10.92;3.67;4.34;3.11;Víkingur Ólafsvík;Leiknir Reykjavík;1.55;1.82;1.44;2;1.72;2.22;78;50;33;28;6;73;66;41;0;0;0;745;22;N;N;N;N;N;N;N
214437;3813;3828;2014;complete;1297;19;-1;47,48,49,80;;4;0;4;10;2;12;3;0;1;3;0;0;12;5;6;6;18;11;19;13;56;44;1;3;0;0;0;0;0;0;0;0;0;0;0;0;0;0;0;0;0;0;0;0;0;0;0;0;0;0;0;0;0;0;0;0;0;0;0;0;0;0;0;0;0;0;0;0;0;0;0;0;0;0;0;0;0;0;0;0;0;0;0;0;0;0;0;0;0;0;0;0;4;0;0;4;0;4;0;2014-08-30 13:00:00;3813;0;58;21;27;0;-1;1;-1;-1;-1;-1;-1;-1;0;1;1;2;1;3;-1;0;0;0;0;0;0;0;0;0;0;0;0;0;1;1;0;0;-1;-1;0;0;-1;-1;-1;-1;-1;-1;-1;-1;-1;17;48;74;80;100;42;79;90;54;8.63;3.47;4.94;3.35;Thróttur Reykjavík;Tindastóll;1.73;0.09;1.6;0.11;1.56;0.17;84;52;26;21;0;77;65;54;0;0;0;745;22;Y;Y;Y;Y;N;N;N
214438;3807;3826;2014;complete;1297;19;-1;16;;1;0;1;8;3;11;7;5;0;2;0;0;6;5;9;2;15;7;11;15;40;60;0;2;0;0;0;0;0;0;0;0;0;0;0;0;0;0;0;0;0;0;0;0;0;0;0;0;0;0;0;0;0;0;0;0;0;0;0;0;0;0;0;0;0;0;0;0;0;0;0;0;0;0;0;0;0;0;0;0;0;0;0;0;0;0;0;0;0;0;0;0;1;1;0;0;0;0;1;2014-08-30 14:00:00;3807;0;57;18;39;0;-1;1;-1;-1;-1;-1;-1;-1;0;2;0;0;2;0;-1;0;0;0;0;0;0;0;0;0;0;0;0;0;1;1;0;0;-1;-1;0;0;-1;-1;-1;-1;-1;-1;-1;-1;-1;29;45;62;84;100;29;69;100;55;11.5;4.55;3.38;3.68;ÍA;BI Bolungarvik;1.8;1.27;1.88;1.4;2;1.33;72;55;39;17;0;82;75;63;0;0;0;745;22;Y;N;N;N;N;N;N
214439;3814;3813;2014;complete;1297;20;-1;33,45;57;2;1;3;5;3;8;1;0;2;2;0;0;3;2;3;4;6;6;15;16;48;52;2;2;0;0;0;0;0;0;0;0;0;0;0;0;0;0;0;0;0;0;0;0;0;0;0;0;0;0;0;0;0;0;0;0;0;0;0;0;0;0;0;0;0;0;0;0;0;0;0;0;0;0;0;0;0;0;0;0;0;0;0;0;0;0;0;0;0;0;0;0;3;2;0;0;1;1;2;2014-09-04 18:00:00;3814;0;54;25;23;0;-1;1;-1;-1;-1;-1;-1;-1;1;2;1;0;3;1;-1;0;0;0;0;0;0;0;0;0;0;0;0;0;1;1;0;0;-1;-1;0;0;-1;-1;-1;-1;-1;-1;-1;-1;-1;12;25;42;71;94;36;48;94;40;10.93;4.36;4.69;2.42;Leiknir Reykjavík;Thróttur Reykjavík;2.55;1.64;2.44;1.5;2.16;1.63;89;76;59;30;7;57;57;50;0;0;0;745;22;Y;Y;Y;N;N;N;Y
214440;3827;3807;2014;complete;1297;20;-1;;35,36;0;2;2;6;4;10;3;5;0;1;0;0;3;9;9;12;12;21;9;15;49;51;0;1;0;0;0;0;0;0;0;0;0;0;0;0;0;0;0;0;0;0;0;0;0;0;0;0;0;0;0;0;0;0;0;0;0;0;0;0;0;0;0;0;0;0;0;0;0;0;0;0;0;0;0;0;0;0;0;0;0;0;0;0;0;0;0;0;0;0;0;0;2;0;2;0;0;0;2;2014-09-04 18:00:00;3807;0;59;22;48;0;-1;1;-1;-1;-1;-1;-1;-1;0;0;0;1;0;1;-1;0;0;0;0;0;0;0;0;0;0;0;0;0;1;1;0;0;-1;-1;0;0;-1;-1;-1;-1;-1;-1;-1;-1;-1;43;64;75;75;100;65;85;90;64;11.22;3.41;3.31;3.61;KV;ÍA;0.91;2.08;1.11;2.1;0.95;2.05;57;36;26;26;0;84;67;34;0;0;0;745;22;Y;Y;N;N;N;N;N
214441;3821;3818;2014;complete;1297;20;-1;53;60;1;1;2;1;6;7;2;1;1;1;0;0;4;3;9;6;13;9;18;14;54;46;1;1;0;0;0;0;0;0;0;0;0;0;0;0;0;0;0;0;0;0;0;0;0;0;0;0;0;0;0;0;0;0;0;0;0;0;0;0;0;0;0;0;0;0;0;0;0;0;0;0;0;0;0;0;0;0;0;0;0;0;0;0;0;0;0;0;0;0;0;0;2;0;0;1;1;2;0;2014-09-04 18:00:00;-1;0;71;18;53;0;-1;1;-1;-1;-1;-1;-1;-1;0;0;1;1;0;2;-1;0;0;0;0;0;0;0;0;0;0;0;0;0;1;1;0;0;-1;-1;0;0;-1;-1;-1;-1;-1;-1;-1;-1;-1;22;40;58;89;100;47;77;77;58;9.92;4.44;4.1;3.08;Haukar;Selfoss;1.55;1.5;1.44;1.75;1.32;1.32;78;61;43;12;0;54;48;31;0;0;0;745;22;Y;Y;N;N;N;N;Y
214442;3826;3804;2014;complete;1297;20;-1;34;84;1;1;2;-1;-1;-1;-1;-1;2;1;0;0;-1;-1;-1;-1;-1;-1;-1;-1;-1;-1;2;1;0;0;0;0;0;0;0;0;0;0;0;0;0;0;0;0;0;0;0;0;0;0;0;0;0;0;0;0;0;0;0;0;0;0;0;0;0;0;0;0;0;0;0;0;0;0;0;0;0;0;0;0;0;0;0;0;0;0;0;0;0;0;0;0;0;0;0;0;2;1;0;0;1;1;1;2014-09-06 14:00:00;-1;0;60;19;41;0;-1;1;-1;-1;-1;-1;-1;-1;0;1;2;0;1;2;-1;0;0;0;0;0;0;0;0;0;0;0;0;0;1;1;0;0;-1;-1;0;0;-1;-1;-1;-1;-1;-1;-1;-1;-1;47;66;78;95;100;47;89;95;78;7.22;1.33;5.1;3.96;BI Bolungarvik;Víkingur Ólafsvík;1;1.73;1.25;2;1.26;1.68;53;35;23;6;0;45;34;28;0;0;0;745;22;Y;Y;N;N;N;N;Y
214443;3806;3811;2014;complete;1297;20;-1;18,28,77,78;64;4;1;5;6;14;20;3;0;3;1;0;0;6;10;5;8;11;18;15;11;48;52;3;1;0;0;0;0;0;0;0;0;0;0;0;0;0;0;0;0;0;0;0;0;0;0;0;0;0;0;0;0;0;0;0;0;0;0;0;0;0;0;0;0;0;0;0;0;0;0;0;0;0;0;0;0;0;0;0;0;0;0;0;0;0;0;0;0;0;0;0;0;5;2;0;2;1;3;2;2014-09-06 14:00:00;3806;0;73;39;28;0;-1;1;-1;-1;-1;-1;-1;-1;0;0;3;1;0;4;-1;0;0;0;0;0;0;0;0;0;0;0;0;0;1;1;0;0;-1;-1;0;0;-1;-1;-1;-1;-1;-1;-1;-1;-1;17;45;67;95;100;45;89;84;50;13.28;5.67;4.55;3.34;Grindavík;KA;1.91;1.64;1.67;1.67;1.37;1.42;84;56;33;6;0;83;66;54;0;0;0;745;22;Y;Y;Y;Y;Y;N;Y
214444;3828;3822;2014;complete;1297;20;-1;;;0;0;0;2;8;10;3;2;3;1;1;0;3;5;6;5;9;10;15;18;39;61;5;1;0;0;0;0;0;0;0;0;0;0;0;0;0;0;0;0;0;0;0;0;0;0;0;0;0;0;0;0;0;0;0;0;0;0;0;0;0;0;0;0;0;0;0;0;0;0;0;0;0;0;0;0;0;0;0;0;0;0;0;0;0;0;0;0;0;0;0;0;0;0;0;0;0;0;0;2014-09-06 14:00:00;-1;0;45;17;28;0;-1;1;-1;-1;-1;-1;-1;-1;1;1;3;0;2;3;-1;0;0;0;0;0;0;0;0;0;0;0;0;0;1;1;0;0;-1;-1;0;0;-1;-1;-1;-1;-1;-1;-1;-1;-1;44;56;73;89;100;56;89;95;62;7.22;3;5.66;3.94;Tindastóll;HK;0.27;1.45;0.22;1.33;0.16;1.53;56;45;28;11;0;70;64;42;0;0;0;745;22;N;N;N;N;N;N;N
214445;3822;3814;2014;complete;1297;21;-1;4,71;11,80;2;2;4;2;9;11;1;1;3;1;0;0;5;6;4;6;9;12;21;13;46;54;3;1;0;0;0;0;0;0;0;0;0;0;0;0;0;0;0;0;0;0;0;0;0;0;0;0;0;0;0;0;0;0;0;0;0;0;0;0;0;0;0;0;0;0;0;0;0;0;0;0;0;0;0;0;0;0;0;0;0;0;0;0;0;0;0;0;0;0;0;0;4;1;1;1;1;2;2;2014-09-13 13:00:00;-1;0;65;25;15;0;-1;1;-1;-1;-1;-1;-1;-1;0;0;3;1;0;4;-1;0;0;0;0;0;0;0;0;0;0;0;0;0;1;1;1;0;-1;-1;0;0;-1;-1;-1;-1;-1;-1;-1;-1;-1;20;30;55;75;85;45;80;60;30;10.49;4.4;4.4;2.7;HK;Leiknir Reykjavík;1.64;1.82;1.7;1.9;1.5;2.2;80;70;45;25;15;75;65;32;0;0;0;745;22;Y;Y;Y;Y;N;N;Y
214446;3807;3821;2014;complete;1297;21;-1;;51,90;0;2;2;5;14;19;2;5;1;2;0;0;11;4;4;6;15;10;9;12;41;59;1;2;0;0;0;0;0;0;0;0;0;0;0;0;0;0;0;0;0;0;0;0;0;0;0;0;0;0;0;0;0;0;0;0;0;0;0;0;0;0;0;0;0;0;0;0;0;0;0;0;0;0;0;0;0;0;0;0;0;0;0;0;0;0;0;0;0;0;0;0;2;0;0;0;2;2;0;2014-09-13 13:00:00;3821;0;53;16;37;0;-1;1;-1;-1;-1;-1;-1;-1;0;1;1;1;1;2;-1;0;0;0;0;0;0;0;0;0;0;0;0;0;1;1;0;0;-1;-1;0;0;-1;-1;-1;-1;-1;-1;-1;-1;-1;32;42;48;79;95;32;65;90;57;11.3;3.78;3.27;3.12;ÍA;Haukar;1.8;1.36;2;1.2;2.1;1.3;69;58;52;21;5;71;58;53;0;0;0;745;22;Y;Y;N;N;N;N;N
214447;3804;3827;2014;complete;1297;21;-1;16,68,73,80,87;48;5;1;6;-1;-1;-1;-1;-1;0;3;0;0;-1;-1;-1;-1;-1;-1;-1;-1;-1;-1;0;3;0;0;0;0;0;0;0;0;0;0;0;0;0;0;0;0;0;0;0;0;0;0;0;0;0;0;0;0;0;0;0;0;0;0;0;0;0;0;0;0;0;0;0;0;0;0;0;0;0;0;0;0;0;0;0;0;0;0;0;0;0;0;0;0;0;0;0;0;6;1;0;4;1;5;1;2014-09-13 14:00:00;3804;0;60;20;40;0;-1;1;-1;-1;-1;-1;-1;-1;0;3;0;0;3;0;-1;0;0;0;0;0;0;0;1;0;1;0;0;0;1;1;0;0;-1;-1;0;0;-1;-1;-1;-1;-1;-1;-1;-1;-1;20;50;60;75;95;25;60;95;55;10.1;2.8;4.3;3.2;Víkingur Ólafsvík;KV;1.55;0.73;1.4;0.8;1.65;0.9;80;50;40;25;5;65;59;47;0;0;0;745;22;Y;Y;Y;Y;Y;Y;Y
214448;3818;3811;2014;complete;1297;21;-1;13,77;59,69,79,90;2;4;6;6;4;10;0;1;2;1;0;0;6;9;3;7;9;16;18;7;40;60;2;1;0;0;0;0;0;0;0;0;0;0;0;0;0;0;0;0;0;0;0;0;0;0;0;0;0;0;0;0;0;0;0;0;0;0;0;0;0;0;0;0;0;0;0;0;0;0;0;0;0;0;0;0;0;0;0;0;0;0;0;0;0;0;0;0;0;0;0;0;6;1;0;1;4;5;1;2014-09-13 14:00:00;3811;0;49;30;20;0;-1;1;-1;-1;-1;-1;-1;-1;0;1;2;0;1;2;-1;0;0;0;0;0;0;0;0;0;0;0;0;0;1;1;0;0;-1;-1;0;0;-1;-1;-1;-1;-1;-1;-1;-1;-1;15;44;58;78;96;40;68;91;43;13.6;3.45;4.28;2.99;Selfoss;KA;0.92;1.64;1;1.5;1.3;1.35;86;57;42;23;5;90;80;61;0;0;0;745;22;Y;Y;Y;Y;Y;Y;Y
214449;3826;3813;2014;complete;1297;21;-1;71;22,90;1;2;3;-1;-1;-1;-1;-1;2;2;1;0;-1;-1;-1;-1;-1;-1;-1;-1;-1;-1;3;2;0;0;0;0;0;0;0;0;0;0;0;0;0;0;0;0;0;0;0;0;0;0;0;0;0;0;0;0;0;0;0;0;0;0;0;0;0;0;0;0;0;0;0;0;0;0;0;0;0;0;0;0;0;0;0;0;0;0;0;0;0;0;0;0;0;0;0;0;3;0;1;1;1;2;1;2014-09-13 14:00:00;3813;0;67;33;22;0;-1;1;-1;-1;-1;-1;-1;-1;1;1;2;1;2;3;-1;0;0;0;0;0;0;0;0;0;0;0;0;0;1;1;0;0;-1;-1;0;0;-1;-1;-1;-1;-1;-1;-1;-1;-1;28;50;67;84;95;50;84;95;45;5.38;1;5.89;3.28;BI Bolungarvik;Thróttur Reykjavík;1;1.64;1.22;1.33;1.25;1.55;73;50;33;17;6;25;25;19;0;0;0;745;22;Y;Y;Y;N;N;N;Y
214450;3828;3806;2014;complete;1297;21;-1;;6,89,90;0;3;3;1;17;18;0;3;1;1;0;0;3;11;5;4;8;15;14;18;40;60;1;1;0;0;0;0;0;0;0;0;0;0;0;0;0;0;0;0;0;0;0;0;0;0;0;0;0;0;0;0;0;0;0;0;0;0;0;0;0;0;0;0;0;0;0;0;0;0;0;0;0;0;0;0;0;0;0;0;0;0;0;0;0;0;0;0;0;0;0;0;3;0;1;0;2;2;1;2014-09-13 14:00:00;3806;0;40;15;15;0;-1;1;-1;-1;-1;-1;-1;-1;1;0;0;1;1;1;-1;0;0;0;0;0;0;0;0;0;0;0;0;0;1;1;0;1;-1;-1;0;0;-1;-1;-1;-1;-1;-1;-1;-1;-1;25;35;55;80;90;45;80;80;50;8.89;2.8;5.1;3.1;Tindastóll;Grindavík;0.27;1.27;0.3;1.1;0.2;1.45;75;65;45;20;10;81;68;41;0;0;0;745;22;Y;Y;Y;N;N;N;N
214451;3827;3813;2014;complete;1297;22;-1;30;42,46,87;1;3;4;6;2;8;0;6;2;1;0;0;3;3;8;9;11;12;9;19;54;46;2;1;0;0;0;0;0;0;0;0;0;0;0;0;0;0;0;0;0;0;0;0;0;0;0;0;0;0;0;0;0;0;0;0;0;0;0;0;0;0;0;0;0;0;0;0;0;0;0;0;0;0;0;0;0;0;0;0;0;0;0;0;0;0;0;0;0;0;0;0;4;1;1;0;2;2;2;2014-09-20 14:00:00;3813;0;70;30;35;0;-1;1;-1;-1;-1;-1;-1;-1;1;1;1;0;2;1;-1;0;0;0;0;0;0;0;0;0;0;0;0;0;1;1;0;0;-1;-1;0;0;-1;-1;-1;-1;-1;-1;-1;-1;-1;30;50;70;80;95;70;85;85;40;9.78;3.9;4.9;3.25;KV;Thróttur Reykjavík;0.91;1.64;1;1.5;0.86;1.62;70;50;30;20;5;60;50;24;0;0;0;745;22;Y;Y;Y;Y;N;N;Y
214452;3826;3822;2014;complete;1297;22;-1;32;3,60;1;2;3;-1;-1;-1;-1;-1;2;1;0;0;-1;-1;-1;-1;-1;-1;-1;-1;-1;-1;2;1;0;0;0;0;0;0;0;0;0;0;0;0;0;0;0;0;0;0;0;0;0;0;0;0;0;0;0;0;0;0;0;0;0;0;0;0;0;0;0;0;0;0;0;0;0;0;0;0;0;0;0;0;0;0;0;0;0;0;0;0;0;0;0;0;0;0;0;0;3;1;1;0;1;1;2;2014-09-20 14:00:00;3822;0;60;20;40;0;-1;1;-1;-1;-1;-1;-1;-1;0;1;2;0;1;2;-1;0;0;0;0;0;0;0;1;0;1;0;0;0;1;1;0;1;-1;-1;0;0;-1;-1;-1;-1;-1;-1;-1;-1;-1;40;50;70;85;95;30;85;95;70;4.3;1;5.1;3.5;BI Bolungarvik;HK;1;1.45;1.1;1.3;1.19;1.48;60;50;30;15;5;30;25;15;0;0;0;745;22;Y;Y;Y;N;N;N;Y
214453;3806;3818;2014;complete;1297;22;-1;44,50,74,81;24;4;1;5;5;3;8;1;0;3;1;0;1;4;2;10;4;14;6;18;12;60;40;3;3;0;0;0;0;0;0;0;0;0;0;0;0;0;0;0;0;0;0;0;0;0;0;0;0;0;0;0;0;0;0;0;0;0;0;0;0;0;0;0;0;0;0;0;0;0;0;0;0;0;0;0;0;0;0;0;0;0;0;0;0;0;0;0;0;0;0;0;0;5;1;1;3;0;3;2;2014-09-20 14:00:00;3806;0;69;16;42;0;-1;1;-1;-1;-1;-1;-1;-1;0;0;3;2;0;5;-1;0;0;0;0;0;0;0;0;0;0;0;0;0;1;1;0;0;-1;-1;0;0;-1;-1;-1;-1;-1;-1;-1;-1;-1;15;26;47;90;100;37;74;79;52;11.08;5.39;4.18;2.82;Grindavík;Selfoss;1.91;1.5;1.8;1.67;1.52;1.24;85;75;54;11;0;53;43;38;0;0;0;745;22;Y;Y;Y;Y;Y;N;Y
214454;3821;3804;2014;complete;1297;22;-1;39,83;26;2;1;3;8;4;12;0;1;1;5;0;0;3;3;1;2;4;5;13;14;42;58;1;5;0;0;0;0;0;0;0;0;0;0;0;0;0;0;0;0;0;0;0;0;0;0;0;0;0;0;0;0;0;0;0;0;0;0;0;0;0;0;0;0;0;0;0;0;0;0;0;0;0;0;0;0;0;0;0;0;0;0;0;0;0;0;0;0;0;0;0;0;3;1;1;1;0;1;2;2014-09-20 14:00:00;3821;0;70;10;55;0;-1;1;-1;-1;-1;-1;-1;-1;0;1;1;4;1;5;-1;0;0;0;0;0;0;0;0;0;0;0;0;0;1;1;0;0;-1;-1;0;0;-1;-1;-1;-1;-1;-1;-1;-1;-1;40;55;65;90;100;40;75;85;70;12.52;4.4;4.2;3.55;Haukar;Víkingur Ólafsvík;1.55;1.73;1.4;1.9;1.38;1.71;60;45;35;10;0;80;64;43;0;0;0;745;22;Y;Y;Y;N;N;N;Y
214455;3814;3828;2014;complete;1297;22;-1;44,60,77,85;;4;0;4;16;0;16;2;1;2;1;0;0;11;2;11;3;22;5;12;13;57;43;2;1;0;0;0;0;0;0;0;0;0;0;0;0;0;0;0;0;0;0;0;0;0;0;0;0;0;0;0;0;0;0;0;0;0;0;0;0;0;0;0;0;0;0;0;0;0;0;0;0;0;0;0;0;0;0;0;0;0;0;0;0;0;0;0;0;0;0;0;0;4;1;0;3;0;3;1;2014-09-20 14:00:00;3814;0;50;10;30;0;-1;1;-1;-1;-1;-1;-1;-1;0;1;2;0;1;2;-1;0;0;0;0;0;0;0;0;0;0;0;0;0;1;1;0;0;-1;-1;0;0;-1;-1;-1;-1;-1;-1;-1;-1;-1;20;35;60;85;100;30;55;100;70;7.76;3.5;4;3.15;Leiknir Reykjavík;Tindastóll;2.55;0.09;2.5;0.1;2.14;0.19;80;65;40;15;0;59;53;47;0;0;0;745;22;Y;Y;Y;Y;N;N;N
214456;3811;3807;2014;complete;1297;22;-1;3,49;19,51;2;2;4;4;6;10;3;3;1;3;0;0;7;9;6;9;13;18;17;13;54;46;1;3;0;0;0;0;0;0;0;0;0;0;0;0;0;0;0;0;0;0;0;0;0;0;0;0;0;0;0;0;0;0;0;0;0;0;0;0;0;0;0;0;0;0;0;0;0;0;0;0;0;0;0;0;0;0;0;0;0;0;0;0;0;0;0;0;0;0;0;0;4;1;1;1;1;2;2;2014-09-20 14:00:00;-1;0;43;10;33;0;-1;1;-1;-1;-1;-1;-1;-1;0;1;1;2;1;3;-1;0;0;0;0;0;0;0;1;0;1;0;0;0;1;1;1;0;-1;-1;0;0;-1;-1;-1;-1;-1;-1;-1;-1;-1;24;38;53;67;90;33;67;76;53;12.6;4.64;2.78;2.9;KA;ÍA;1.18;2.08;1.2;2.18;1.43;2;77;63;48;33;10;80;70;50;0;0;0;745;22;Y;Y;Y;Y;N;N;Y
