ID;HOMEID;AWAYID;SEASON;STATUS;ROUNDID;GAME_WEEK;REVISED_GAME_WEEK;HOMEGOALS;AWAYGOALS;HOMEGOALCOUNT;AWAYGOALCOUNT;TOTALGOALCOUNT;TEAM_A_CORNERS;TEAM_B_CORNERS;TOTALCORNERCOUNT;TEAM_A_OFFSIDES;TEAM_B_OFFSIDES;TEAM_A_YELLOW_CARDS;TEAM_B_YELLOW_CARDS;TEAM_A_RED_CARDS;TEAM_B_RED_CARDS;TEAM_A_SHOTSONTARGET;TEAM_B_SHOTSONTARGET;TEAM_A_SHOTSOFFTARGET;TEAM_B_SHOTSOFFTARGET;TEAM_A_SHOTS;TEAM_B_SHOTS;TEAM_A_FOULS;TEAM_B_FOULS;TEAM_A_POSSESSION;TEAM_B_POSSESSION;TEAM_A_CARDS_NUM;TEAM_B_CARDS_NUM;ODDS_FT_1;ODDS_FT_X;ODDS_FT_2;ODDS_FT_OVER05;ODDS_FT_OVER15;ODDS_FT_OVER25;ODDS_FT_OVER35;ODDS_FT_OVER45;ODDS_FT_UNDER05;ODDS_FT_UNDER15;ODDS_FT_UNDER25;ODDS_FT_UNDER35;ODDS_FT_UNDER45;ODDS_BTTS_YES;ODDS_BTTS_NO;ODDS_TEAM_A_CS_YES;ODDS_TEAM_A_CS_NO;ODDS_TEAM_B_CS_YES;ODDS_TEAM_B_CS_NO;ODDS_DOUBLECHANCE_1X;ODDS_DOUBLECHANCE_12;ODDS_DOUBLECHANCE_X2;ODDS_1ST_HALF_RESULT_1;ODDS_1ST_HALF_RESULT_X;ODDS_1ST_HALF_RESULT_2;ODDS_2ND_HALF_RESULT_1;ODDS_2ND_HALF_RESULT_X;ODDS_2ND_HALF_RESULT_2;ODDS_DNB_1;ODDS_DNB_2;ODDS_CORNERS_OVER_75;ODDS_CORNERS_OVER_85;ODDS_CORNERS_OVER_95;ODDS_CORNERS_OVER_105;ODDS_CORNERS_OVER_115;ODDS_CORNERS_UNDER_75;ODDS_CORNERS_UNDER_85;ODDS_CORNERS_UNDER_95;ODDS_CORNERS_UNDER_105;ODDS_CORNERS_UNDER_115;ODDS_CORNERS_1;ODDS_CORNERS_X;ODDS_CORNERS_2;ODDS_TEAM_TO_SCORE_FIRST_1;ODDS_TEAM_TO_SCORE_FIRST_X;ODDS_TEAM_TO_SCORE_FIRST_2;ODDS_WIN_TO_NIL_1;ODDS_WIN_TO_NIL_2;ODDS_1ST_HALF_OVER05;ODDS_1ST_HALF_OVER15;ODDS_1ST_HALF_OVER25;ODDS_1ST_HALF_OVER35;ODDS_1ST_HALF_UNDER05;ODDS_1ST_HALF_UNDER15;ODDS_1ST_HALF_UNDER25;ODDS_1ST_HALF_UNDER35;ODDS_2ND_HALF_OVER05;ODDS_2ND_HALF_OVER15;ODDS_2ND_HALF_OVER25;ODDS_2ND_HALF_OVER35;ODDS_2ND_HALF_UNDER05;ODDS_2ND_HALF_UNDER15;ODDS_2ND_HALF_UNDER25;ODDS_2ND_HALF_UNDER35;ODDS_BTTS_1ST_HALF_YES;ODDS_BTTS_1ST_HALF_NO;ODDS_BTTS_2ND_HALF_YES;ODDS_BTTS_2ND_HALF_NO;OVERALLGOALCOUNT;HT_GOALS_TEAM_A;HT_GOALS_TEAM_B;GOALS_2HG_TEAM_A;GOALS_2HG_TEAM_B;GOALCOUNT_2HG;HTGOALCOUNT;DATE_UNIX;WINNINGTEAM;NO_HOME_AWAY;BTTS_POTENTIAL;BTTS_FHG_POTENTIAL;BTTS_2HG_POTENTIAL;GOALTIMINGDISABLED;CORNER_TIMINGS_RECORDED;CARD_TIMINGS_RECORDED;TEAM_A_FH_CORNERS;TEAM_B_FH_CORNERS;TEAM_A_2H_CORNERS;TEAM_B_2H_CORNERS;CORNER_FH_COUNT;CORNER_2H_COUNT;TEAM_A_FH_CARDS;TEAM_B_FH_CARDS;TEAM_A_2H_CARDS;TEAM_B_2H_CARDS;TOTAL_FH_CARDS;TOTAL_2H_CARDS;ATTACKS_RECORDED;TEAM_A_DANGEROUS_ATTACKS;TEAM_B_DANGEROUS_ATTACKS;TEAM_A_ATTACKS;TEAM_B_ATTACKS;TEAM_A_XG;TEAM_B_XG;TOTAL_XG;TEAM_A_PENALTIES_WON;TEAM_B_PENALTIES_WON;TEAM_A_PENALTY_GOALS;TEAM_B_PENALTY_GOALS;TEAM_A_PENALTY_MISSED;TEAM_B_PENALTY_MISSED;PENS_RECORDED;GOAL_TIMINGS_RECORDED;TEAM_A_0_10_MIN_GOALS;TEAM_B_0_10_MIN_GOALS;TEAM_A_CORNERS_0_10_MIN;TEAM_B_CORNERS_0_10_MIN;TEAM_A_CARDS_0_10_MIN;TEAM_B_CARDS_0_10_MIN;THROWINS_RECORDED;TEAM_A_THROWINS;TEAM_B_THROWINS;FREEKICKS_RECORDED;TEAM_A_FREEKICKS;TEAM_B_FREEKICKS;GOALKICKS_RECORDED;TEAM_A_GOALKICKS;TEAM_B_GOALKICKS;O45_POTENTIAL;O35_POTENTIAL;O25_POTENTIAL;O15_POTENTIAL;O05_POTENTIAL;O15HT_POTENTIAL;O05HT_POTENTIAL;O05_2H_POTENTIAL;O15_2H_POTENTIAL;CORNERS_POTENTIAL;OFFSIDES_POTENTIAL;CARDS_POTENTIAL;AVG_POTENTIAL;HOME_NAME;AWAY_NAME;HOME_PPG;AWAY_PPG;PRE_MATCH_HOME_PPG;PRE_MATCH_AWAY_PPG;PRE_MATCH_TEAMA_OVERALL_PPG;PRE_MATCH_TEAMB_OVERALL_PPG;U45_POTENTIAL;U35_POTENTIAL;U25_POTENTIAL;U15_POTENTIAL;U05_POTENTIAL;CORNERS_O85_POTENTIAL;CORNERS_O95_POTENTIAL;CORNERS_O105_POTENTIAL;TEAM_A_XG_PREMATCH;TEAM_B_XG_PREMATCH;TOTAL_XG_PREMATCH;COMPETITION_ID;MATCHES_COMPLETED_MINIMUM;OVER05;OVER15;OVER25;OVER35;OVER45;OVER55;BTTS
2352042;3813;3814;2020;complete;90550;1;-1;83;8,50,62;1;3;4;2;10;12;-1;-1;3;2;0;0;3;9;5;3;8;12;-1;-1;50;50;3;2;2.75;3.8;1.4;0;0;1.57;0;0;0;0;2.35;0;0;1.57;2.25;0;0;0;0;1.83;1.22;1.25;3.75;2.4;2.3;3.75;2.63;2.1;0;0;0;0;0;0;0;0;0;0;0;0;0;0;0;0;0;0;8;3.75;0;0;0;0;0;0;0;0;0;0;0;0;0;0;0;0;0;0;0;0;4;0;1;1;2;3;1;2020-06-19 20:00:00;3814;0;0;0;0;0;1;1;2;7;0;3;9;3;1;0;2;2;1;4;1;69;108;101;146;1.22;2.17;3.39;0;0;0;0;0;0;1;1;0;1;0;2;0;0;-1;-1;-1;-1;-1;-1;-1;-1;-1;0;0;0;0;0;0;0;0;0;0;0;0;0;Thróttur Reykjavík;Leiknir Reykjavík;0.5;2.5;0;0;0;0;0;0;0;0;0;0;0;0;0;0;0;3821;20;Y;Y;Y;Y;N;N;Y
2352043;3815;9442;2020;complete;90550;1;-1;17,23,37,46,73;65;5;1;6;9;8;17;-1;-1;1;2;0;0;8;6;3;3;11;9;-1;-1;45;55;1;2;1.25;3.6;3.75;0;0;1.53;0;0;0;0;2.4;0;0;1.57;2.3;0;0;0;0;1.13;1.25;2.2;2.05;2.5;4.5;1.83;2.88;4.33;0;0;0;0;0;1.73;0;0;0;0;2;0;0;0;0;1.44;15;2.88;3.2;11;0;0;0;0;0;0;0;0;0;0;0;0;0;0;0;0;0;0;0;0;6;3;0;2;1;3;3;2020-06-19 19:15:00;3815;0;0;0;0;0;1;1;6;2;3;6;8;9;0;1;1;1;1;2;1;39;33;85;68;1.54;1.23;2.77;0;0;0;0;0;0;1;1;0;0;3;0;0;0;-1;-1;-1;-1;-1;-1;-1;-1;-1;0;0;0;0;0;0;0;0;0;0;0;0;0;Keflavík;Afturelding;2.44;1.1;0;0;0;0;0;0;0;0;0;0;0;0;0;0;0;3821;19;Y;Y;Y;Y;Y;Y;Y
2352044;3804;9440;2020;complete;90550;1;-1;44,75;;2;0;2;9;5;14;-1;-1;2;5;0;0;7;6;14;4;21;10;-1;-1;61;39;2;5;1.29;3.5;3.5;0;0;1.67;0;0;0;0;2.15;0;0;1.57;2.25;2.65;1.41;0;0;1.14;1.25;2.2;2.2;2.38;4.5;1.83;2.88;4.2;0;0;0;0;0;0;0;0;0;0;0;0;0;0;0;1.44;12;2.88;3.25;10;0;0;0;0;0;0;0;0;0;0;0;0;0;0;0;0;0;0;0;0;2;1;0;1;0;1;1;2020-06-20 14:00:00;3804;0;0;0;0;0;1;1;4;2;5;3;6;8;1;2;1;3;3;4;1;55;39;115;88;2.21;1.34;3.55;0;0;0;0;0;0;1;1;0;0;1;2;0;0;-1;-1;-1;-1;-1;-1;-1;-1;-1;0;0;0;0;0;0;0;0;0;0;0;0;0;Víkingur Ólafsvík;Vestri;1.1;1.2;0;0;0;0;0;0;0;0;0;0;0;0;0;0;0;3821;20;Y;Y;N;N;N;N;N
2352045;3816;3823;2020;complete;90550;1;-1;16,44,56;;3;0;3;7;3;10;-1;-1;3;2;0;1;8;2;5;3;13;5;-1;-1;56;44;3;4;1.1;4.33;6.5;0;0;1.57;0;0;0;0;2.35;0;0;1.75;1.95;2.1;1.62;0;0;1.04;1.17;3;1.8;2.5;6.5;1.62;3.1;5.5;0;0;0;0;1.93;0;0;0;0;2;0;0;0;0;0;1.25;13;4;2.4;14;0;0;0;0;0;0;0;0;0;0;0;0;0;0;0;0;0;0;0;0;3;2;0;1;0;1;2;2020-06-20 13:00:00;3816;0;0;0;0;0;1;1;4;1;3;2;5;5;0;2;3;1;2;4;1;75;55;114;94;1.93;0.86;2.79;0;0;0;0;0;0;1;1;0;0;1;0;0;1;-1;-1;-1;-1;-1;-1;-1;-1;-1;0;0;0;0;0;0;0;0;0;0;0;0;0;Fram;Leiknir Fáskrúdsfj.;1.8;0.5;0;0;0;0;0;0;0;0;0;0;0;0;0;0;0;3821;20;Y;Y;Y;N;N;N;N
2352046;3805;6720;2020;complete;90550;1;-1;17,27;;2;0;2;-1;-1;-1;-1;-1;0;3;0;1;-1;-1;-1;-1;-1;-1;-1;-1;-1;-1;0;5;1.05;10;8.5;0;0;1.29;0;0;0;0;3.6;0;0;2.2;1.62;1.69;2;0;0;1.01;1.03;7;1.33;3.6;12;1.3;4;11;0;0;0;0;0;0;0;0;0;0;0;0;0;0;0;0;0;0;1.73;36;0;0;0;0;0;0;0;0;0;0;0;0;0;0;0;0;0;0;0;0;2;2;0;0;0;0;2;2020-06-20 14:00:00;3805;0;0;0;0;0;-1;1;-1;-1;-1;-1;-1;-1;0;2;0;2;2;2;-1;0;0;0;0;0;0;0;0;0;0;0;0;0;1;1;0;0;-1;-1;0;0;-1;-1;-1;-1;-1;-1;-1;-1;-1;0;0;0;0;0;0;0;0;0;0;0;0;0;ÍBV;Magni;1.5;0.6;0;0;0;0;0;0;0;0;0;0;0;0;0;0;0;3821;20;Y;Y;N;N;N;N;N
2352047;3817;3806;2020;complete;90550;1;-1;7,89;13;2;1;3;2;7;9;-1;-1;0;4;0;0;7;6;2;8;9;14;-1;-1;50;50;0;4;1.57;3.6;2.25;0;0;1.53;0;0;0;0;2.4;0;0;1.44;2.6;0;0;0;0;1.33;1.25;1.73;2.6;2.4;3.25;2.38;2.75;3.1;0;0;0;0;0;0;0;0;0;0;0;0;0;0;0;0;0;0;4.5;7;0;0;0;0;0;0;0;0;0;0;0;0;0;0;0;0;0;0;0;0;3;1;1;1;0;1;2;2020-06-19 18:00:00;3817;0;0;0;0;0;1;1;1;5;1;2;6;3;0;2;0;2;2;2;1;56;44;101;75;1.47;1.62;3.09;0;0;0;0;0;0;1;1;1;0;1;3;0;1;-1;-1;-1;-1;-1;-1;-1;-1;-1;0;0;0;0;0;0;0;0;0;0;0;0;0;Thór;Grindavík;1.7;1.33;0;0;0;0;0;0;0;0;0;0;0;0;0;0;0;3821;19;Y;Y;Y;N;N;N;Y
2352048;3823;3817;2020;complete;90550;2;-1;1,63;8,11,65;2;3;5;3;7;10;-1;-1;5;3;0;0;3;8;5;5;8;13;-1;-1;50;50;5;3;4.5;4.2;1.17;0;0;1.6;0;0;0;0;2.3;0;0;1.65;2.1;6.35;1.08;0;0;2.62;1.2;1.1;5;2.5;1.95;5;2.88;1.73;0;0;0;0;0;0;0;0;0;0;0;0;0;0;0;0;0;0;12;2.7;0;0;0;0;0;0;0;0;0;0;0;0;0;0;0;0;0;0;0;0;5;1;2;1;1;2;3;2020-06-28 16:00:00;3817;0;0;0;0;0;1;1;1;5;2;2;6;4;1;0;4;3;1;7;1;49;59;96;83;1.08;1.8;2.88;1;0;1;0;0;0;1;1;1;1;0;2;0;0;-1;-1;-1;-1;-1;-1;-1;-1;-1;0;0;0;0;0;0;0;0;0;0;0;0;0;Leiknir Fáskrúdsfj.;Thór;0.7;1.4;0;0;0;3;0;0;0;0;0;0;0;0;0;0;0;3821;20;Y;Y;Y;Y;Y;N;Y
2352049;3806;3813;2020;complete;90550;2;-1;79;;1;0;1;11;4;15;-1;-1;2;2;0;1;12;3;3;2;15;5;-1;-1;58;42;2;3;1.17;4.5;4.5;0;0;1.5;0;0;0;0;2.5;0;0;1.57;2.25;2.55;1.43;0;0;1.11;1.14;2.63;1.91;2.63;5;1.73;3;5;0;0;0;0;0;0;1.98;0;0;0;0;1.83;0;0;0;1.33;17;3.25;2.88;12;0;0;0;0;0;0;0;0;0;0;0;0;0;0;0;0;0;0;0;0;1;0;0;1;0;1;0;2020-06-28 14:00:00;3806;0;0;0;0;0;1;1;5;1;6;3;6;9;1;3;1;0;4;1;1;50;23;92;74;2.15;0.7;2.85;0;0;0;0;0;0;1;1;0;0;1;0;0;0;-1;-1;-1;-1;-1;-1;-1;-1;-1;0;0;0;0;0;0;0;0;0;0;0;0;0;Grindavík;Thróttur Reykjavík;2;0.7;0;0;0;0;0;0;0;0;0;0;0;0;0;0;0;3821;19;Y;N;N;N;N;N;N
2352050;3804;3815;2020;complete;90550;2;-1;;47,80,90,90;0;4;4;-1;-1;-1;-1;-1;2;1;0;0;-1;-1;-1;-1;-1;-1;-1;-1;-1;-1;2;1;2.2;3.4;1.62;0;0;1.95;0;0;0;0;1.85;0;0;1.6;2.2;3.75;1.22;0;0;1.62;1.29;1.36;3.5;2.2;2.75;3;2.5;2.7;0;0;0;0;0;0;0;0;0;0;0;0;0;0;0;2.3;10;1.73;5;4.5;0;0;0;0;0;0;0;0;0;0;0;0;0;0;0;0;0;0;0;0;4;0;0;0;4;4;0;2020-06-28 16:00:00;3815;0;0;0;0;0;-1;1;-1;-1;-1;-1;-1;-1;0;0;2;1;0;3;-1;0;0;0;0;0;0;0;0;1;0;1;0;0;1;1;0;0;-1;-1;0;0;-1;-1;-1;-1;-1;-1;-1;-1;-1;0;0;0;50;50;0;50;50;0;9;0;2;1;Víkingur Ólafsvík;Keflavík;1.1;2.1;3;0;3;3;50;50;50;0;0;50;50;50;2.21;0;2.21;3821;19;Y;Y;Y;Y;N;N;N
2352051;6720;3816;2020;complete;90550;2;-1;15;8,19;1;2;3;-1;-1;-1;-1;-1;1;2;0;0;-1;-1;-1;-1;-1;-1;-1;-1;-1;-1;1;2;4.33;5;1.2;0;0;1.48;0;0;0;0;2.6;0;0;1.5;2.4;6.85;1.06;0;0;2.62;1.12;1.12;4.5;2.62;1.95;4.5;3;1.73;0;0;0;0;0;0;0;0;0;0;0;0;0;0;0;0;0;0;12;3;0;0;0;0;0;0;0;0;0;0;0;0;0;0;0;0;0;0;0;0;3;1;2;0;0;0;3;2020-06-28 16:00:00;3816;0;0;0;0;0;-1;1;-1;-1;-1;-1;-1;-1;0;1;1;1;1;2;-1;0;0;0;0;0;0;0;0;0;0;0;0;0;1;1;0;1;-1;-1;0;0;-1;-1;-1;-1;-1;-1;-1;-1;-1;0;0;0;0;0;0;0;0;0;0;0;0;0;Magni;Fram;0.6;2.4;0;0;0;3;0;0;0;0;0;0;0;0;0;0;0;3821;20;Y;Y;Y;N;N;N;Y
2352052;9442;3805;2020;complete;90550;2;-1;76;20,79;1;2;3;5;5;10;-1;-1;0;1;0;0;4;7;4;6;8;13;-1;-1;47;53;0;1;7;5.5;1.08;0;0;1.44;0;0;0;0;2.7;0;0;1.65;2.1;8.5;1.03;0;0;3.5;1.11;1.06;6;2.75;1.73;6;3.3;1.53;0;0;0;0;0;0;0;0;0;0;0;0;0;0;0;0;0;0;17;2.5;0;0;0;0;0;0;0;0;0;0;0;0;0;0;0;0;0;0;0;0;3;0;1;1;1;2;1;2020-06-28 16:00:00;3805;0;0;0;0;0;1;1;2;2;3;3;4;6;0;1;0;0;1;0;1;27;45;55;73;0.98;1.63;2.61;0;0;0;0;0;0;1;1;0;0;0;1;0;0;-1;-1;-1;-1;-1;-1;-1;-1;-1;0;0;0;0;0;0;0;0;0;0;0;0;0;Afturelding;ÍBV;1.4;1.5;0;0;0;3;0;0;0;0;0;0;0;0;0;0;0;3821;20;Y;Y;Y;N;N;N;Y
2352053;3814;9440;2020;complete;90550;2;-1;;;0;0;0;7;2;9;-1;-1;4;4;0;0;3;6;13;4;16;10;-1;-1;60;40;4;4;1.14;5;5;0;0;1.53;0;0;0;0;2.4;0;0;1.65;2.1;2.25;1.56;0;0;1.08;1.13;3;1.91;2.6;5.5;1.62;3.1;5.5;0;0;0;0;1.95;0;0;0;0;2;0;0;0;0;0;1.29;17;3.6;2.5;15;0;0;0;0;0;0;0;0;0;0;0;0;0;0;0;0;0;0;0;0;0;0;0;0;0;0;0;2020-06-28 14:00:00;-1;0;0;0;0;0;1;1;3;0;4;2;3;6;1;2;3;2;3;5;1;71;39;152;93;1.74;1.34;3.09;0;0;0;0;0;0;1;1;0;0;1;0;0;0;-1;-1;-1;-1;-1;-1;-1;-1;-1;0;0;0;50;50;0;50;50;0;5;0;5;1;Leiknir Reykjavík;Vestri;1.7;1.2;0;0;3;0;50;50;50;0;0;50;50;50;0;1.34;1.34;3821;20;N;N;N;N;N;N;N
2352054;6720;3823;2020;complete;90550;3;-1;;15,58;0;2;2;3;4;7;-1;-1;4;2;0;0;8;7;4;4;12;11;-1;-1;50;50;4;2;1.57;3.75;2.25;0;0;1.65;0;0;0;0;2.2;0;0;1.45;2.55;3.4;1.26;0;0;1.33;1.22;1.67;2.6;2.38;3.4;2.4;2.63;3.2;0;0;0;0;0;0;0;0;0;0;0;0;0;0;0;1.67;13;2.25;4.33;6.5;0;0;0;0;0;0;0;0;0;0;0;0;0;0;0;0;0;0;0;0;2;0;1;0;1;1;1;2020-07-03 19:15:00;3823;0;50;50;0;0;1;1;1;2;2;2;3;4;1;1;3;1;2;4;1;58;44;96;93;1.74;1.51;3.25;0;0;0;0;0;0;1;1;0;0;0;0;0;0;-1;-1;-1;-1;-1;-1;-1;-1;-1;0;0;100;100;100;100;100;50;0;3;0;5;3;Magni;Leiknir Fáskrúdsfj.;0.6;0.5;0;0;0;0;100;100;0;0;0;50;50;0;0;0.86;0.86;3821;20;Y;Y;N;N;N;N;N
2352055;3816;9442;2020;complete;90550;3;-1;59;;1;0;1;5;1;6;-1;-1;1;1;0;0;5;3;6;6;11;9;-1;-1;50;50;1;1;1.22;4;4;0;0;1.36;0;0;0;0;3.1;0;0;1.36;2.88;3.15;1.3;0;0;1.11;1.2;2.38;1.95;2.75;4.5;1.73;3.2;4.33;0;0;0;0;0;1.75;0;0;0;0;2.05;0;0;0;0;1.4;21;2.88;3.6;13;0;0;0;0;0;0;0;0;0;0;0;0;0;0;0;0;0;0;0;0;1;0;0;1;0;1;0;2020-07-03 19:15:00;3816;0;50;0;50;0;1;1;3;1;2;0;4;2;0;1;1;0;1;1;1;98;114;131;158;1.76;1.61;3.37;0;0;0;0;0;0;1;1;0;0;1;0;0;0;-1;-1;-1;-1;-1;-1;-1;-1;-1;50;50;100;100;100;100;100;100;50;15;0;5;4.5;Fram;Afturelding;1.8;1.1;3;0;3;0;50;50;0;0;0;100;100;50;1.93;1.23;3.16;3821;20;Y;N;N;N;N;N;N
2352056;3815;3814;2020;complete;90550;3;-1;35;55,60;1;2;3;8;2;10;-1;-1;5;2;0;0;7;7;3;3;10;10;-1;-1;53;47;5;2;1.33;4;3.25;0;0;1.6;0;0;0;0;2.3;0;0;1.53;2.38;2.8;1.37;0;0;1.22;1.22;2.2;2.2;2.4;4;2;2.8;4;0;0;0;0;0;0;1.8;0;0;0;0;2;0;0;0;1.5;15;2.75;3.4;9;0;0;0;0;0;0;0;0;0;0;0;0;0;0;0;0;0;0;0;0;3;1;0;0;2;2;1;2020-07-03 19:15:00;3814;0;100;0;100;0;1;1;4;2;4;0;6;4;1;0;4;2;1;6;1;27;30;79;80;1.32;1.34;2.67;0;0;0;0;0;0;1;1;0;0;1;1;0;0;-1;-1;-1;-1;-1;-1;-1;-1;-1;50;100;100;100;100;50;100;100;100;19;0;3;5;Keflavík;Leiknir Reykjavík;2.44;2.5;3;3;3;2;50;0;0;0;0;100;100;100;1.54;2.17;3.71;3821;19;Y;Y;Y;N;N;N;Y
2352057;3805;3804;2020;complete;90550;3;-1;49,83;;2;0;2;-1;-1;-1;-1;-1;0;1;0;0;-1;-1;-1;-1;-1;-1;-1;-1;-1;-1;0;1;1.08;5;7;0;0;1.48;0;0;0;0;2.6;0;0;1.73;2.05;2.15;1.62;0;0;1.06;1.14;3.4;1.67;2.75;6.5;1.53;3.3;6;0;0;0;0;0;0;0;0;0;0;0;0;0;0;0;0;0;0;2.4;17;0;0;0;0;0;0;0;0;0;0;0;0;0;0;0;0;0;0;0;0;2;0;0;2;0;2;0;2020-07-03 18:00:00;3805;0;0;0;0;0;-1;1;-1;-1;-1;-1;-1;-1;0;1;0;0;1;0;-1;0;0;0;0;0;0;0;0;0;0;0;0;0;1;1;0;0;-1;-1;0;0;-1;-1;-1;-1;-1;-1;-1;-1;-1;0;0;0;50;50;50;50;0;0;0;0;0;1;ÍBV;Víkingur Ólafsvík;1.5;0.8;3;0;3;1.5;50;50;50;0;0;0;0;0;0;0;0;3821;20;Y;Y;N;N;N;N;N
2352058;9440;3806;2020;complete;90550;3;-1;64,74;23,47,86;2;3;5;-1;-1;-1;-1;-1;5;3;0;0;-1;-1;-1;-1;-1;-1;-1;-1;-1;-1;5;3;3;3.75;1.36;0;0;1.85;0;0;0;0;1.95;0;0;1.73;2;4.55;1.15;0;0;2;1.22;1.2;4.33;2.25;2.3;4;2.5;2.2;0;0;0;0;0;0;0;0;0;0;0;0;0;0;0;0;0;0;7;3.3;0;0;0;0;0;0;0;0;0;0;0;0;0;0;0;0;0;0;0;0;5;0;1;2;2;4;1;2020-07-04 14:00:00;3806;0;50;50;0;0;-1;1;-1;-1;-1;-1;-1;-1;0;1;5;2;1;7;-1;0;0;0;0;0;0;0;0;0;0;0;0;0;1;1;0;0;-1;-1;0;0;-1;-1;-1;-1;-1;-1;-1;-1;-1;0;0;50;50;50;50;50;50;0;7;0;4;1.5;Vestri;Grindavík;1.7;1.33;0;0;0.5;1.5;50;50;0;0;0;50;0;0;0;1.62;1.62;3821;19;Y;Y;Y;Y;Y;N;Y
2352059;3813;3817;2020;complete;90550;3;-1;;14,39;0;2;2;3;6;9;-1;-1;2;1;0;0;5;7;3;5;8;12;-1;-1;58;42;2;1;3.75;4;1.25;0;0;1.48;0;0;0;0;2.6;0;0;1.5;2.4;6.65;1.07;0;0;2.25;1.2;1.14;4.33;2.6;2.05;4.2;2.88;1.91;0;0;0;0;0;0;2;0;0;0;0;1.73;0;0;0;2.88;17;1.4;10;3.4;0;0;0;0;0;0;0;0;0;0;0;0;0;0;0;0;0;0;0;0;2;0;2;0;0;0;2;2020-07-02 18:00:00;3817;0;100;50;100;0;1;1;1;2;2;4;3;6;1;0;1;1;1;2;1;107;103;137;117;1.64;1.99;3.63;0;0;0;0;0;0;1;1;0;0;0;0;0;0;-1;-1;-1;-1;-1;-1;-1;-1;-1;50;100;100;100;100;50;100;100;100;9;0;6;4.5;Thróttur Reykjavík;Thór;0.5;1.4;0;3;0;3;50;0;0;0;0;100;100;50;1.22;1.8;3.02;3821;20;Y;Y;N;N;N;N;N
2352060;3814;3805;2020;complete;90550;4;-1;27,77;18,57,79,90;2;4;6;2;4;6;-1;-1;0;4;0;0;7;8;2;4;9;12;-1;-1;58;42;0;4;2.75;4;1.4;0;0;1.57;0;0;0;0;2.35;0;0;1.45;2.55;5.3;1.11;0;0;1.91;1.22;1.29;3.75;2.4;2.3;3.5;2.75;2.1;0;0;0;0;0;0;0;0;0;0;0;0;0;0;0;0;0;0;8;4;0;0;0;0;0;0;0;0;0;0;0;0;0;0;0;0;0;0;0;0;6;1;1;1;3;4;2;2020-07-07 18:00:00;3805;0;50;0;50;0;1;1;1;2;1;2;3;3;0;2;0;2;2;2;1;45;57;70;74;1.38;1.73;3.11;1;0;1;0;0;0;1;1;0;0;0;0;0;0;-1;-1;-1;-1;-1;-1;-1;-1;-1;0;0;50;50;50;0;50;50;50;12;0;5;1.5;Leiknir Reykjavík;ÍBV;1.7;1.5;1;3;2.33;3;100;100;50;50;50;100;50;0;1.74;1.63;3.37;3821;20;Y;Y;Y;Y;Y;Y;Y
2352061;3806;3815;2020;complete;90550;4;-1;10,19,22,26;2,14,38,84;4;4;8;14;6;20;-1;-1;2;3;0;0;16;5;4;3;20;8;-1;-1;53;47;2;3;1.91;3.75;1.8;0;0;1.67;0;0;0;0;2.15;0;0;1.44;2.63;4;1.19;0;0;1.57;1.25;1.5;3;2.4;2.75;2.75;2.75;2.63;0;0;0;0;1.7;1.78;0;0;0;2.1;2.03;0;1.97;5.9;2.39;0;0;0;5.5;5.5;0;0;0;0;0;0;0;0;0;0;0;0;0;0;0;0;0;0;0;0;8;4;3;0;1;1;7;2020-07-08 19:15:00;-1;0;0;0;0;0;1;1;9;1;5;5;10;10;1;1;1;2;2;3;1;47;33;76;70;2.71;1.1;3.81;0;0;0;0;0;0;1;1;1;1;3;0;0;0;-1;-1;-1;-1;-1;-1;-1;-1;-1;0;50;50;50;100;0;0;100;50;11;0;3;2.5;Grindavík;Keflavík;2;2.1;3;3;2;2;100;50;50;50;0;50;50;50;2.15;0;2.15;3821;19;Y;Y;Y;Y;Y;Y;Y
2352062;3817;9440;2020;complete;90550;4;-1;;43;0;1;1;6;3;9;-1;-1;5;4;0;1;3;2;0;1;3;3;-1;-1;59;41;5;6;1.17;3.8;4.5;0;0;1.48;0;0;0;0;2.6;0;0;1.57;2.25;2.5;1.45;0;0;1.08;1.22;2.5;1.95;2.5;5;1.73;3;5;0;0;0;0;0;0;0;0;0;0;0;0;0;0;0;0;0;0;2.8;13;0;0;0;0;0;0;0;0;0;0;0;0;0;0;0;0;0;0;0;0;1;0;1;0;0;0;1;2020-07-08 18:00:00;9440;0;50;50;0;0;1;1;4;3;2;0;7;2;1;1;4;4;2;8;1;3;10;4;14;0.42;0.4;0.82;0;0;0;0;0;0;1;1;0;0;0;2;0;0;-1;-1;-1;-1;-1;-1;-1;-1;-1;0;0;50;75;75;50;75;75;0;5.5;0;4.5;2;Thór;Vestri;1.7;1.2;3;0.5;3;0.33;100;100;50;25;25;100;25;25;1.47;1.34;2.81;3821;20;Y;N;N;N;N;N;N
2352063;3804;3816;2020;complete;90550;4;-1;56;17,41;1;2;3;-1;-1;-1;-1;-1;0;2;0;0;-1;-1;-1;-1;-1;-1;-1;-1;-1;-1;0;2;1.83;4;1.83;0;0;1.65;0;0;0;0;2.2;0;0;1.5;2.4;3.75;1.22;0;0;1.53;1.22;1.53;3;2.3;2.88;2.7;2.63;2.75;0;0;0;0;0;0;0;0;0;0;0;0;0;0;0;0;0;0;5;5.5;0;0;0;0;0;0;0;0;0;0;0;0;0;0;0;0;0;0;0;0;3;0;2;1;0;1;2;2020-07-07 19:15:00;3816;0;50;50;0;0;-1;1;-1;-1;-1;-1;-1;-1;0;0;0;2;0;2;-1;0;0;0;0;0;0;0;0;0;0;0;0;0;1;1;0;0;-1;-1;0;0;-1;-1;-1;-1;-1;-1;-1;-1;-1;0;25;75;100;100;50;75;50;25;9;0;4;3;Víkingur Ólafsvík;Fram;1.1;2.4;1.5;3;1;3;100;75;25;0;0;50;50;50;2.21;0;2.21;3821;20;Y;Y;Y;N;N;N;Y
2352064;9442;6720;2020;complete;90550;4;-1;29,45,70,78,86,88,90;;7;0;7;7;1;8;-1;-1;0;4;0;0;13;4;8;4;21;8;-1;-1;66;34;0;4;1.14;4.33;5;0;0;1.4;0;0;0;0;2.88;0;0;1.5;2.4;2.6;1.43;0;0;1.08;1.17;2.75;1.83;2.63;5.5;1.67;3.1;5;0;0;0;0;1.7;1.83;0;0;0;2;1.83;0;0;0;0;1.3;19;3.4;2.88;14;0;0;0;0;0;0;0;0;0;0;0;0;0;0;0;0;0;0;0;0;7;2;0;5;0;5;2;2020-07-07 18:00:00;9442;0;50;0;50;0;1;1;3;0;4;1;3;5;0;0;0;4;0;4;1;58;25;88;51;2.64;0.97;3.61;0;0;0;0;0;0;1;1;0;0;0;0;0;0;-1;-1;-1;-1;-1;-1;-1;-1;-1;0;0;50;100;100;50;100;50;50;5;0;5;2.5;Afturelding;Magni;1.4;0.6;0;0;0;0;100;100;50;0;0;50;50;0;0.98;0;0.98;3821;20;Y;Y;Y;Y;Y;Y;N
2352065;3823;3813;2020;complete;90550;4;-1;70;;1;0;1;-1;-1;-1;-1;-1;3;0;0;0;-1;-1;-1;-1;-1;-1;-1;-1;-1;-1;3;0;1.67;3.8;2.1;0;0;1.57;0;0;0;0;2.35;0;0;1.44;2.63;3.75;1.22;0;0;1.4;1.25;1.67;2.62;2.38;3.2;2.5;2.7;3;0;0;0;0;0;0;0;0;0;0;0;0;0;0;0;0;0;0;4.5;6.5;0;0;0;0;0;0;0;0;0;0;0;0;0;0;0;0;0;0;0;0;1;0;0;1;0;1;0;2020-07-08 19:30:00;3823;0;50;50;50;0;-1;1;-1;-1;-1;-1;-1;-1;2;0;1;0;2;1;-1;0;0;0;0;0;0;0;0;0;0;0;0;0;1;1;0;0;-1;-1;0;0;-1;-1;-1;-1;-1;-1;-1;-1;-1;50;50;50;50;100;50;50;100;50;7;0;8;3;Leiknir Fáskrúdsfj.;Thróttur Reykjavík;0.7;0.7;0;0;1;0;50;50;50;50;0;100;100;50;1.08;0.7;1.78;3821;20;Y;N;N;N;N;N;N
2352066;3805;3806;2020;complete;90550;5;-1;66;27;1;1;2;9;1;10;-1;-1;2;4;0;0;6;7;7;4;13;11;-1;-1;60;40;2;4;1.22;4;4;0;0;1.53;0;0;0;0;2.4;0;0;1.57;2.25;2.5;1.45;0;0;1.11;1.2;2.5;2;2.5;4.75;1.73;2.88;4.5;0;0;0;0;0;0;0;0;0;0;0;0;0;0;0;0;0;0;2.88;12;0;0;0;0;0;0;0;0;0;0;0;0;0;0;0;0;0;0;0;0;2;0;1;1;0;1;1;2020-07-12 16:00:00;-1;0;50;25;25;0;1;1;3;0;6;1;3;7;0;2;2;2;2;4;1;48;34;82;63;1.59;1.43;3.02;0;0;0;0;0;0;1;1;0;0;0;0;0;0;-1;-1;-1;-1;-1;-1;-1;-1;-1;25;25;50;100;100;50;75;75;50;7;0;3.5;3;ÍBV;Grindavík;1.5;1.33;3;1.5;3;1.75;75;75;50;0;0;50;0;0;0;1.62;1.62;3821;19;Y;Y;N;N;N;N;Y
2352067;3816;3814;2020;complete;90550;5;-1;62,67;8,34,54,57,73;2;5;7;3;4;7;-1;-1;4;2;0;0;5;10;6;4;11;14;-1;-1;52;48;4;2;1.73;4.2;2;0;0;1.48;0;0;0;0;2.6;0;0;1.4;2.75;4.1;1.19;0;0;1.5;1.22;1.57;2.75;2.5;3;2.5;2.75;2.88;0;0;0;0;0;0;0;0;0;0;0;0;0;0;0;0;0;0;5;6;0;0;0;0;0;0;0;0;0;0;0;0;0;0;0;0;0;0;0;0;7;0;2;2;3;5;2;2020-07-11 14:00:00;3814;0;50;0;25;0;1;1;1;2;2;2;3;4;3;2;1;0;5;1;1;104;93;137;126;1.8;2.26;4.06;0;0;0;0;0;0;1;1;0;1;0;0;0;0;-1;-1;-1;-1;-1;-1;-1;-1;-1;0;25;75;75;100;25;75;100;50;12;0;4;2.75;Fram;Leiknir Reykjavík;1.8;2.5;3;3;3;1.75;100;75;25;25;0;75;75;25;1.84;1.76;3.6;3821;20;Y;Y;Y;Y;Y;Y;Y
2352068;9440;3813;2020;complete;90550;5;-1;90;;1;0;1;-1;-1;-1;-1;-1;3;4;0;0;-1;-1;-1;-1;-1;-1;-1;-1;-1;-1;3;4;1.5;3.6;2.5;0;0;1.8;0;0;0;0;2;0;0;1.65;2.1;2.8;1.37;0;0;1.33;1.25;1.73;2.5;2.2;3.75;2.25;2.5;3.6;0;0;0;0;0;0;0;0;0;0;0;0;0;0;0;0;0;0;3.6;7;0;0;0;0;0;0;0;0;0;0;0;0;0;0;0;0;0;0;0;0;1;0;0;1;0;1;0;2020-07-12 14:00:00;9440;0;50;0;50;0;-1;1;-1;-1;-1;-1;-1;-1;0;2;3;2;2;5;-1;0;0;0;0;0;0;0;0;0;0;0;0;0;1;1;0;0;-1;-1;0;0;-1;-1;-1;-1;-1;-1;-1;-1;-1;50;50;50;50;100;0;50;100;50;4;0;6.5;3;Vestri;Thróttur Reykjavík;1.7;0.7;0;0;1;0;50;50;50;50;0;50;50;50;0;0.7;0.7;3821;20;Y;N;N;N;N;N;N
2352069;6720;3804;2020;complete;90550;5;-1;45;30,86;1;2;3;-1;-1;-1;-1;-1;0;1;0;0;-1;-1;-1;-1;-1;-1;-1;-1;-1;-1;0;1;4.5;4.2;1.17;0;0;1.75;0;0;0;0;2.05;0;0;1.85;1.85;0;0;0;0;2.75;1.2;1.1;6;2.38;1.95;5.5;2.75;1.73;0;0;0;0;0;0;0;0;0;0;0;0;0;0;0;0;0;0;11;2.4;0;0;0;0;0;0;0;0;0;0;0;0;0;0;0;0;0;0;0;0;3;1;1;0;1;1;2;2020-07-11 14:00:00;3804;0;25;25;0;0;-1;1;-1;-1;-1;-1;-1;-1;0;0;0;1;0;1;-1;0;0;0;0;0;0;0;1;0;1;0;0;0;1;1;0;0;-1;-1;0;0;-1;-1;-1;-1;-1;-1;-1;-1;-1;0;0;25;100;100;25;50;75;50;3;0;3.5;2.25;Magni;Víkingur Ólafsvík;0.6;0.8;0;0;0;0.75;100;100;75;0;0;0;0;0;1.74;0;1.74;3821;20;Y;Y;Y;N;N;N;Y
2352070;9442;3823;2020;complete;90550;5;-1;31,54,65,83;;4;0;4;14;5;19;-1;-1;-1;-1;-1;-1;10;6;6;2;16;8;-1;-1;57;43;-1;-1;1.29;4;3.5;0;0;1.44;0;0;0;0;2.7;0;0;1.45;2.55;3;1.32;0;0;1.14;1.2;2.25;2.1;2.5;4.33;1.83;2.88;4.2;0;0;0;0;1.85;2;0;0;0;0;1.73;0;0;0;0;1.44;15;2.75;3.5;11;0;0;0;0;0;0;0;0;0;0;0;0;0;0;0;0;0;0;0;0;4;1;0;3;0;3;1;2020-07-12 12:15:00;9442;0;25;0;25;0;1;-1;10;2;4;3;12;7;-1;-1;-1;-1;-1;-1;1;117;67;126;102;2.55;1.42;3.96;0;0;0;0;0;0;1;1;0;0;0;0;-1;-1;-1;-1;-1;-1;-1;-1;-1;-1;-1;25;25;75;100;100;50;100;100;50;9.5;0;3;3.75;Afturelding;Leiknir Fáskrúdsfj.;1.4;0.5;1.5;1.5;0.75;1.5;75;75;25;0;0;50;50;0;1.81;1.19;3;3821;20;Y;Y;Y;Y;N;N;N
2352071;3815;3817;2020;complete;90550;5;-1;9,28;49;2;1;3;7;17;24;-1;-1;1;2;1;0;7;5;4;6;11;11;-1;-1;46;54;2;2;1.3;4;3.4;0;0;1.57;0;0;0;0;2.35;0;0;1.53;2.38;2.75;1.38;0;0;1.17;1.2;2.2;2.2;2.4;4.33;1.91;2.8;4;0;0;0;0;0;0;0;0;0;0;0;0;0;0;0;0;0;0;3.3;9.5;0;0;0;0;0;0;0;0;0;0;0;0;0;0;0;0;0;0;0;0;3;2;0;0;1;1;2;2020-07-12 16:00:00;3815;0;75;25;50;0;1;1;6;6;1;11;12;12;2;0;0;2;2;2;1;26;39;70;68;1.38;1.33;2.7;0;1;0;1;0;0;1;1;1;0;0;1;0;0;-1;-1;-1;-1;-1;-1;-1;-1;-1;50;50;75;100;100;75;100;75;75;15;0;5;4;Keflavík;Thór;2.44;1.4;1.5;3;1.75;2.25;50;50;25;0;0;100;75;25;1.43;1.9;3.33;3821;19;Y;Y;Y;N;N;N;Y
2352072;3806;3816;2020;complete;90550;6;-1;59;36;1;1;2;11;11;22;-1;-1;3;3;0;0;4;8;6;2;10;10;-1;-1;48;52;3;3;1.3;4.2;3.4;0;0;1.5;0;0;0;0;2.5;0;0;1.5;2.4;3;1.32;0;0;1.14;1.2;2.2;2.05;2.6;4.33;1.91;2.8;4;0;0;0;1.46;1.84;2.44;0;0;2.57;1.98;1.52;0;0;0;0;1.44;17;2.75;3.5;9.5;0;0;0;0;0;0;0;0;0;0;0;0;0;0;0;0;0;0;0;0;2;0;1;1;0;1;1;2020-07-17 19:15:00;-1;0;75;50;0;0;1;1;2;11;9;0;13;9;0;0;3;3;0;6;1;40;28;67;62;1.2;1.39;2.59;0;0;0;0;0;0;1;1;0;0;1;0;0;0;-1;-1;-1;-1;-1;-1;-1;-1;-1;25;25;75;75;100;75;75;75;0;12.5;0;4;3.75;Grindavík;Fram;2;2.4;2;3;1.6;2.4;75;75;25;25;0;50;50;50;2.43;0;2.43;3821;19;Y;Y;N;N;N;N;Y
2352073;3813;3815;2020;complete;90550;6;-1;;4,17,24,26;0;4;4;7;13;20;-1;-1;2;0;0;0;7;12;3;12;10;24;-1;-1;45;55;2;0;5;4.75;1.14;0;0;1.48;0;0;0;0;2.6;0;0;1.6;2.2;7.25;1.05;0;0;3;1.17;1.08;5.5;2.75;1.8;5;3.1;1.62;0;0;0;1.46;1.84;2.45;0;0;2.56;1.98;1.51;0;0;0;0;3.5;19;1.3;14;2.7;0;0;0;0;0;0;0;0;0;0;0;0;0;0;0;0;0;0;0;0;4;0;4;0;0;0;4;2020-07-17 19:15:00;3815;0;50;25;25;0;1;1;1;7;6;6;8;12;1;0;1;0;1;1;1;84;115;108;136;1.73;3.17;4.9;0;0;0;0;0;0;1;1;0;1;0;1;0;0;-1;-1;-1;-1;-1;-1;-1;-1;-1;25;75;75;100;100;50;75;75;50;8.5;0;4.5;4.5;Thróttur Reykjavík;Keflavík;0.5;2.1;0;2;0;2;75;25;25;0;0;100;75;75;1.43;1.1;2.53;3821;19;Y;Y;Y;Y;N;N;N
2352074;3804;9442;2020;complete;90550;6;-1;90;5,26,90;1;3;4;-1;-1;-1;-1;-1;-1;-1;-1;-1;-1;-1;-1;-1;-1;-1;-1;-1;-1;-1;-1;-1;1.67;3.6;2.1;0;0;1.44;0;0;0;0;2.7;0;0;1.33;3;4.55;1.15;0;0;1.4;1.25;1.53;2.75;2.5;3;2.6;2.8;2.7;0;0;0;0;0;0;0;0;0;0;0;0;0;0;0;0;0;0;6;6.5;0;0;0;0;0;0;0;0;0;0;0;0;0;0;0;0;0;0;0;0;4;0;2;1;1;2;2;2020-07-17 19:15:00;9442;0;42;0;25;0;-1;-1;-1;-1;-1;-1;-1;-1;-1;-1;-1;-1;-1;-1;-1;0;0;0;0;0;0;0;0;0;0;0;0;0;1;1;0;1;-1;-1;-1;-1;-1;-1;-1;-1;-1;-1;-1;-1;-1;25;42;59;75;100;42;59;100;42;13.5;0;2.83;3.25;Víkingur Ólafsvík;Afturelding;1.1;1.1;1;0;1.2;1.2;75;59;42;25;0;75;75;75;2.21;1.42;3.63;3821;20;Y;Y;Y;Y;N;N;Y
2352075;3823;9440;2020;complete;90550;6;-1;;36;0;1;1;5;4;9;-1;-1;2;2;0;0;4;7;3;4;7;11;-1;-1;58;42;2;2;2;3.4;1.73;0;0;1.67;0;0;0;0;2.15;0;0;1.5;2.4;4.1;1.19;0;0;1.57;1.29;1.4;3.1;2.3;2.88;2.88;2.63;2.5;0;0;0;0;0;0;0;0;0;0;0;0;0;0;0;0;0;0;5.5;4.5;0;0;0;0;0;0;0;0;0;0;0;0;0;0;0;0;0;0;0;0;1;0;1;0;0;0;1;2020-07-18 14:00:00;9440;0;25;25;25;0;1;1;3;4;2;0;7;2;1;0;1;2;1;3;1;38;33;71;63;1;1.42;2.42;0;0;0;0;0;0;1;1;0;0;0;2;0;0;-1;-1;-1;-1;-1;-1;-1;-1;-1;25;25;25;42;84;25;59;67;25;6.33;0;9;2;Leiknir Fáskrúdsfj.;Vestri;0.7;1.2;1.5;1.33;1.2;1.4;75;75;75;59;17;100;67;17;1.08;1.03;2.11;3821;20;Y;N;N;N;N;N;N
2352076;3817;3805;2020;complete;90550;6;-1;55;51;1;1;2;2;3;5;-1;-1;5;4;0;0;4;5;4;3;8;8;-1;-1;44;56;5;4;3.25;3.75;1.33;0;0;1.6;0;0;0;0;2.3;0;0;1.5;2.4;5.15;1.12;0;0;2.1;1.22;1.17;4.33;2.4;2.2;3.75;2.7;2.1;0;0;0;0;0;1.98;0;0;0;0;1.83;0;0;0;0;2.75;13;1.5;8.5;3.75;0;0;0;0;0;0;0;0;0;0;0;0;0;0;0;0;0;0;0;0;2;0;0;1;1;2;0;2020-07-18 14:00:00;-1;0;75;50;50;0;1;1;1;0;1;3;1;4;2;2;3;2;4;5;1;56;43;109;99;1.2;1.18;2.38;1;0;1;0;0;0;1;1;0;0;1;0;0;0;-1;-1;-1;-1;-1;-1;-1;-1;-1;25;25;75;75;100;50;100;75;50;8.5;0;5;3.25;Thór;ÍBV;1.7;1.5;1.5;3;1.8;2.6;75;75;25;25;0;75;25;0;0.94;1.68;2.62;3821;20;Y;Y;N;N;N;N;Y
2352077;3814;6720;2020;complete;90550;6;-1;67,73;36;2;1;3;14;6;20;-1;-1;3;2;0;0;8;6;12;4;20;10;-1;-1;50;50;3;2;1.03;10;10;0;0;1.25;0;0;0;0;4;0;0;1.85;1.85;1.67;2.05;0;0;1.01;1.03;6.5;1.36;3.6;10;1.22;4.5;11;0;0;0;0;0;0;0;0;0;0;0;0;0;0;0;0;0;0;1.91;56;0;0;0;0;0;0;0;0;0;0;0;0;0;0;0;0;0;0;0;0;3;0;1;2;0;2;1;2020-07-18 16:00:00;3814;0;25;25;25;0;1;1;9;3;5;3;12;8;0;0;3;2;0;5;1;136;71;133;92;2.79;1.56;4.36;0;0;0;0;0;0;1;1;0;0;2;0;0;0;-1;-1;-1;-1;-1;-1;-1;-1;-1;50;50;50;75;75;75;75;50;50;5.5;0;6.5;3.75;Leiknir Reykjavík;Magni;1.7;0.6;0.5;0;2;0;50;50;50;25;25;25;0;0;1.56;0.97;2.53;3821;20;Y;Y;Y;N;N;N;Y
2352078;3805;3813;2020;complete;90550;7;-1;43,85,90;;3;0;3;10;3;13;-1;-1;2;1;0;0;12;3;8;3;20;6;-1;-1;63;37;2;1;1.04;8;9;0;0;1.33;0;0;0;0;3.4;0;0;1.95;1.75;1.74;1.95;0;0;1.02;1.05;5;1.44;3.2;9.5;1.3;4;10;0;0;0;1.5;1.55;1.84;2.62;0;2.54;2.37;1.98;1.44;0;0;0;1.14;23;5.5;1.91;36;0;0;0;0;0;0;0;0;0;0;0;0;0;0;0;0;0;0;0;0;3;1;0;2;0;2;1;2020-07-27 18:00:00;3805;0;17;0;0;0;1;1;7;3;3;0;10;3;1;1;1;0;2;1;1;51;25;77;49;2.46;0.77;3.23;0;0;0;0;0;0;1;1;0;0;2;0;0;0;-1;-1;-1;-1;-1;-1;-1;-1;-1;0;0;0;50;100;17;34;84;17;13;0;3;1.5;ÍBV;Thróttur Reykjavík;1.5;0.7;2.33;0;2.14;0.14;100;100;100;50;0;100;100;50;1.59;0.7;2.29;3821;20;Y;Y;Y;N;N;N;N
2352079;9442;3814;2020;complete;90550;7;-1;50,90;6,45,48;2;3;5;4;3;7;-1;-1;0;1;0;0;11;7;6;1;17;8;-1;-1;50;50;0;1;2.5;4;1.5;0;0;1.4;0;0;0;0;2.88;0;0;1.33;3;5.7;1.1;0;0;1.73;1.2;1.36;3.2;2.6;2.4;3.1;2.88;2.3;0;0;0;0;0;0;0;0;0;0;0;0;3.15;6.2;1.62;0;0;0;8;5;0;0;0;0;0;0;0;0;0;0;0;0;0;0;0;0;0;0;0;0;5;0;2;2;1;3;2;2020-07-27 19:15:00;3814;0;67;0;50;0;1;1;3;1;1;2;4;3;0;1;0;0;1;0;1;83;69;116;86;2.44;1.49;3.93;0;0;0;0;0;0;1;1;0;1;0;0;0;0;-1;-1;-1;-1;-1;-1;-1;-1;-1;33;67;100;100;100;33;100;100;100;14;0;2;4.67;Afturelding;Leiknir Reykjavík;1.4;2.5;2;3;1.43;2.29;67;33;0;0;0;67;67;33;2.06;1.92;3.98;3821;20;Y;Y;Y;Y;Y;N;Y
2352080;6720;3806;2020;complete;90550;7;-1;64,71,90;37,52,88;3;3;6;-1;-1;-1;-1;-1;2;1;0;1;-1;-1;-1;-1;-1;-1;-1;-1;-1;-1;2;3;0;0;0;0;0;0;0;0;0;0;0;0;0;0;0;0;0;0;0;0;0;0;0;0;0;0;0;0;0;0;0;0;0;0;0;0;0;0;0;0;0;0;0;0;0;0;0;0;0;0;0;0;0;0;0;0;0;0;0;0;0;0;0;0;0;0;0;0;6;0;1;3;2;5;1;2020-07-26 14:00:00;-1;0;84;50;17;0;-1;1;-1;-1;-1;-1;-1;-1;0;0;2;2;0;4;-1;0;0;0;0;0;0;0;0;0;0;0;0;0;1;1;0;0;-1;-1;0;0;-1;-1;-1;-1;-1;-1;-1;-1;-1;17;17;67;100;100;50;100;84;17;7;0;5.34;3;Magni;Grindavík;0.6;1.33;0;1.33;0;1.43;84;84;33;0;0;50;25;0;1.74;1.52;3.26;3821;19;Y;Y;Y;Y;Y;Y;Y
2352081;3815;9440;2020;complete;90550;7;-1;5,58,59,71;56;4;1;5;4;8;12;-1;-1;2;3;0;0;6;4;4;5;10;9;-1;-1;49;51;2;3;1.14;4.5;5;0;0;1.48;0;0;0;0;2.6;0;0;1.6;2.2;2.35;1.5;0;0;1.07;1.14;2.75;1.83;2.63;5.5;1.67;3.1;5;0;0;0;0;0;0;0;0;0;0;0;0;0;0;0;1.3;17;3.5;2.7;15;0;0;0;0;0;0;0;0;0;0;0;0;0;0;0;0;0;0;0;0;5;1;0;3;1;4;1;2020-07-26 14:00:00;3815;0;50;0;17;0;1;1;1;5;3;3;6;6;1;2;1;1;3;2;1;54;61;50;56;1.43;1.28;2.71;0;0;0;0;0;0;1;1;1;0;0;1;0;0;-1;-1;-1;-1;-1;-1;-1;-1;-1;17;17;50;63;88;34;88;63;34;11.5;0;6.92;2.5;Keflavík;Vestri;2.44;1.2;2;1.75;2;1.57;84;84;50;38;13;100;63;46;1.41;1.13;2.54;3821;19;Y;Y;Y;Y;Y;N;Y
2352082;3804;3823;2020;complete;90550;7;-1;29,57,62;;3;0;3;-1;-1;-1;-1;-1;1;2;0;0;-1;-1;-1;-1;-1;-1;-1;-1;-1;-1;1;2;1.75;3.5;3.75;0;0;0;0;0;0;0;0;0;0;0;0;0;0;0;0;0;0;0;0;0;0;0;0;0;0;0;0;0;0;0;0;0;0;0;0;0;0;0;0;0;0;0;0;0;0;0;0;0;0;0;0;0;0;0;0;0;0;0;0;0;0;0;0;0;3;1;0;2;0;2;1;2020-07-26 16:00:00;3804;0;25;0;13;0;-1;1;-1;-1;-1;-1;-1;-1;1;1;0;1;2;1;-1;0;0;0;0;0;0;0;0;0;0;0;0;0;1;1;0;0;-1;-1;0;0;-1;-1;-1;-1;-1;-1;-1;-1;-1;0;42;71;100;100;42;88;100;42;13;0;4.33;3.13;Víkingur Ólafsvík;Leiknir Fáskrúdsfj.;1.1;0.5;0.75;1;0.86;1;100;59;29;0;0;84;84;67;2.21;1.26;3.47;3821;20;Y;Y;Y;N;N;N;N
2352083;3816;3817;2020;complete;90550;7;-1;16,24,24,53,75,90;12;6;1;7;4;4;8;-1;-1;2;3;0;1;11;4;9;7;20;11;-1;-1;57;43;2;5;1.73;3.6;2;0;0;1.57;0;0;0;0;2.35;0;0;1.44;2.63;3.7;1.22;0;0;1.44;1.25;1.53;2.75;2.38;3;2.5;2.7;2.88;0;0;0;0;0;1.73;0;0;0;0;2;0;0;0;0;1.8;15;2.05;5;6;0;0;0;0;0;0;0;0;0;0;0;0;0;0;0;0;0;0;0;0;7;3;1;3;0;3;4;2020-07-26 16:00:00;3816;0;50;17;33;0;1;1;3;1;1;3;4;4;0;0;2;4;0;6;1;102;80;117;100;2.76;1.55;4.31;0;0;0;0;0;0;1;1;0;0;0;0;0;0;-1;-1;-1;-1;-1;-1;-1;-1;-1;33;33;67;84;100;84;84;84;33;15;0;4.67;3.5;Fram;Thór;1.8;1.4;2;2;2;1.86;67;67;33;17;0;67;50;17;1.83;1.71;3.54;3821;20;Y;Y;Y;Y;Y;Y;Y
2352084;3817;6720;2020;complete;90550;8;-1;30,48,77;;3;0;3;7;2;9;-1;-1;1;4;0;0;8;0;10;4;18;4;-1;-1;49;51;1;4;1.05;6;8.5;0;1.14;1.4;2;3.25;0;5;2.88;1.73;1.33;2;1.73;1.83;1.83;9;1.04;1.02;1.1;4.33;1.57;2.88;8;1.4;3.6;8.5;0;0;0;0;0;1.9;0;0;0;0;1.9;0;1.15;9.6;8.2;1.17;19;5;1.95;23;0;0;0;0;0;0;0;0;1.12;1.62;2.75;6;6;2.2;1.4;1.12;0;0;0;0;3;1;0;2;0;2;1;2020-07-22 19:15:00;3817;0;50;17;17;0;1;1;4;1;3;1;5;4;0;1;1;3;1;4;1;46;26;74;66;2.02;0.45;2.47;1;0;1;0;0;0;1;1;0;0;0;0;0;0;-1;-1;-1;-1;-1;-1;-1;-1;-1;17;17;50;84;100;50;84;67;50;6.83;0;7;3;Thór;Magni;1.7;0.6;1.33;0;1.67;0;84;84;50;17;0;59;25;25;1.03;1.27;2.3;3821;20;Y;Y;Y;N;N;N;N
2352085;3813;3816;2020;complete;90550;8;-1;81,90;38,90;2;2;4;5;8;13;-1;-1;2;1;0;0;4;4;2;10;6;14;-1;-1;41;59;2;1;4.5;3.75;1.17;0;0;1.44;0;0;0;0;2.7;0;0;1.5;2.4;0;0;0;0;2.63;1.22;1.11;5;2.63;1.91;4.5;3;1.73;0;0;0;0;0;1.93;0;0;0;0;1.88;0;5.1;8;1.29;3.25;17;1.33;12;3;0;0;0;0;0;0;0;0;0;0;0;0;0;0;0;0;0;0;0;0;4;0;1;2;1;3;1;2020-07-21 19:15:00;-1;0;67;17;17;0;1;1;1;5;4;3;6;7;1;0;1;1;1;2;1;85;107;101;157;1.28;1.94;3.22;0;1;0;1;0;0;1;1;0;0;0;2;0;0;-1;-1;-1;-1;-1;-1;-1;-1;-1;0;34;67;100;100;67;100;50;17;15;0;4.66;3;Thróttur Reykjavík;Fram;0.5;2.4;0;2.33;0;2.17;100;67;33;0;0;100;84;84;1.53;1.39;2.92;3821;20;Y;Y;Y;Y;N;N;Y
2352086;3814;3804;2020;complete;90550;8;-1;12,37,48,65,74;;5;0;5;13;3;16;-1;-1;1;1;0;0;9;5;2;1;11;6;-1;-1;63;37;1;1;1.22;4.33;4;0;1.14;1.44;2.1;3.4;0;5;2.7;1.67;1.3;1.62;2.2;2.63;1.44;7;1.08;1.13;1.17;2.5;2;2.63;4.33;1.8;3.1;4.33;0;0;0;0;1.88;1.88;0;0;0;0;1.93;0;0;0;0;1.4;19;2.88;3;11;0;0;0;0;0;0;0;0;1.14;1.67;3;6;5.5;2.1;1.36;1.12;0;0;0;0;5;2;0;3;0;3;2;2020-07-22 19:15:00;3814;0;59;42;17;0;1;1;9;1;4;2;10;6;0;0;1;1;0;2;1;104;89;145;109;2.08;1.38;3.46;0;0;0;0;0;0;1;1;0;0;8;0;0;0;-1;-1;-1;-1;-1;-1;-1;-1;-1;17;17;59;84;84;42;59;84;59;7.67;0;3.33;2.75;Leiknir Reykjavík;Víkingur Ólafsvík;1.7;0.8;1.33;1.5;2.17;1;84;84;42;17;17;34;17;17;1.97;0;1.97;3821;20;Y;Y;Y;Y;Y;N;N
2352087;3806;9442;2020;complete;90550;8;-1;2,67;8,90;2;2;4;7;7;14;-1;-1;3;2;0;0;5;5;2;6;7;11;-1;-1;42;58;3;2;1.36;4.2;3;0;0;1.33;0;0;0;0;3.4;0;0;1.33;3;0;0;0;0;1.22;1.2;2.1;2.1;2.75;3.75;1.91;3;3.6;0;0;0;0;0;0;0;0;0;0;0;0;0;0;0;1.5;23;2.5;4.33;11;0;0;0;0;0;0;0;0;0;0;0;0;0;0;0;0;0;0;0;0;4;1;1;1;1;2;2;2020-07-21 19:15:00;-1;0;67;17;34;0;1;1;4;2;3;5;6;8;1;0;2;2;1;4;1;44;41;107;120;1.12;1.36;2.48;0;0;0;0;0;0;1;1;1;1;0;1;0;0;-1;-1;-1;-1;-1;-1;-1;-1;-1;33;50;50;67;100;50;67;100;34;16.5;0;3.83;3.67;Grindavík;Afturelding;2;1.1;1.67;1;1.5;1.5;67;50;50;33;0;75;75;75;2.02;1.42;3.44;3821;19;Y;Y;Y;Y;N;N;Y
2352088;3823;3815;2020;complete;90550;8;-1;38;90;1;1;2;3;13;16;-1;-1;4;1;1;0;5;8;2;3;7;11;-1;-1;43;57;5;1;8;5.75;1.06;0;1.14;1.4;2;3.25;0;5;2.88;1.73;1.33;1.91;1.8;9;1.04;1.83;1.83;4;1.13;1.02;7.5;2.88;1.57;8.5;3.6;1.4;0;0;0;0;1.48;1.53;1.88;0;0;2.61;2.41;1.94;7.3;9.7;1.17;4.75;19;1.18;23;2;0;0;0;0;0;0;0;0;1.12;1.62;2.75;6;6;2.2;1.4;1.12;0;0;0;0;2;1;0;0;1;1;1;2020-07-22 19:00:00;-1;0;33;33;17;0;1;1;3;4;0;9;7;9;1;0;4;1;1;5;1;29;52;69;85;1.01;1.63;2.64;0;0;0;0;0;0;1;1;0;0;1;0;0;0;-1;-1;-1;-1;-1;-1;-1;-1;-1;33;67;67;67;100;50;67;67;33;13.5;0;4.66;3.83;Leiknir Fáskrúdsfj.;Keflavík;0.7;2.1;1;2.33;1;2.17;67;34;34;34;0;100;75;50;1.04;2.14;3.18;3821;19;Y;Y;N;N;N;N;Y
2352089;9440;3805;2020;complete;90550;8;-1;40,42,60;23,35,71;3;3;6;-1;-1;-1;-1;-1;5;4;0;0;-1;-1;-1;-1;-1;-1;-1;-1;-1;-1;5;4;4.5;4.2;1.17;1.02;1.22;1.7;2.62;4.5;12;4;2.1;1.44;1.17;2;1.73;6;1.11;2;1.73;2.62;1.2;1.08;5.5;2.38;1.95;5;2.88;1.73;0;0;0;0;0;0;0;0;0;0;0;0;0;0;0;0;0;0;11;2.38;0;0;0;0;0;0;0;0;1.2;1.83;3.75;9;4.33;1.83;1.25;1.07;0;0;0;0;6;2;2;1;1;2;4;2020-07-22 17:30:00;-1;0;75;17;75;0;-1;1;-1;-1;-1;-1;-1;-1;2;2;3;2;4;5;-1;0;0;0;0;0;0;0;2;0;2;0;0;0;1;1;0;0;-1;-1;0;0;-1;-1;-1;-1;-1;-1;-1;-1;-1;42;42;59;75;100;17;59;100;75;4;0;7;3.34;Vestri;ÍBV;1.7;1.5;1.5;2.33;1.67;2.33;59;59;42;25;0;17;17;0;0;1.51;1.51;3821;20;Y;Y;Y;Y;Y;Y;Y
2352090;3805;3815;2020;complete;90550;9;-1;90;10,84,85;1;3;4;-1;-1;-1;-1;-1;-1;-1;-1;-1;-1;-1;-1;-1;-1;-1;-1;-1;-1;-1;-1;-1;1.57;3.75;2.25;1.01;1.16;1.57;2.25;4;15;4.5;2.35;1.57;1.22;1.61;2.2;0;0;0;0;0;0;0;2.62;2.4;3.1;2.4;2.7;3.1;0;0;0;0;0;0;0;0;0;0;0;0;0;0;0;1.73;14;2.1;4.5;6.5;0;0;0;0;0;0;0;0;1.16;1.72;3.25;7;5;2;1.33;1.1;0;0;0;0;4;0;1;1;2;3;1;2020-09-12 14:00:00;3815;0;46;25;13;0;-1;-1;-1;-1;-1;-1;-1;-1;-1;-1;-1;-1;-1;-1;-1;0;0;0;0;0;0;0;-1;-1;-1;-1;-1;-1;-1;1;0;1;-1;-1;-1;-1;-1;-1;-1;-1;-1;-1;-1;-1;-1;19;44;53;92;100;54;86;63;42;16.16;0;2.96;3.32;ÍBV;Keflavík;1.5;2.1;2.17;1.88;1.79;2.08;82;57;48;9;0;100;100;75;1.87;1.8;3.67;3821;19;Y;Y;Y;Y;N;N;Y
2352091;9442;3817;2020;complete;90550;9;-1;18,65;21,26,40;2;3;5;7;1;8;-1;-1;2;4;1;1;7;4;9;1;16;5;-1;-1;65;35;3;5;1.65;4;2.1;0;0;1.4;0;0;0;0;2.87;0;0;1.33;3;0;0;0;0;1.4;1.22;1.62;2.6;2.4;3.2;2.4;2.88;2.88;0;0;0;0;0;0;0;0;0;0;0;0;0;0;0;1.73;19;2;5.5;7.5;0;0;0;0;0;0;0;0;0;0;0;0;0;0;0;0;0;0;0;0;5;1;3;1;0;1;4;2020-09-12 14:00:00;3817;0;64;36;36;0;1;1;1;1;6;0;2;6;2;2;1;3;4;4;1;84;21;144;90;2.11;0.76;2.88;0;2;0;2;0;0;1;1;0;0;0;0;0;0;-1;-1;-1;-1;-1;-1;-1;-1;-1;43;57;79;86;93;64;93;79;64;15.14;0;4.14;3.93;Afturelding;Thór;1.4;1.4;1.14;1;1.07;1.43;57;43;22;14;7;70;55;40;1.92;1.54;3.46;3821;20;Y;Y;Y;Y;Y;N;Y
2352092;3814;3823;2020;complete;90550;9;-1;16,19;78;2;1;3;5;1;6;-1;-1;2;6;0;0;8;4;8;4;16;8;-1;-1;55;45;2;6;1.03;5.75;9;0;1.1;1.33;1.8;2.62;0;6.5;3.4;1.9;1.44;1.72;2;0;0;0;0;0;0;0;1.61;3;6.5;1.44;3.6;7;0;0;0;0;0;0;0;0;0;0;0;0;1.27;11;4.62;1.22;31;4;2.3;23;0;0;0;0;0;0;0;0;1.1;1.5;2.37;4.5;7;2.5;1.53;1.18;0;0;0;0;3;2;0;0;1;1;2;2020-09-12 14:00:00;3814;0;40;19;21;0;1;1;1;1;4;0;2;4;0;0;2;6;0;8;1;45;37;87;87;1.89;1.06;2.95;0;1;0;1;0;0;1;1;0;0;0;0;0;0;-1;-1;-1;-1;-1;-1;-1;-1;-1;34;42;71;79;86;42;79;79;63;12.83;0;4.75;3.38;Leiknir Reykjavík;Leiknir Fáskrúdsfj.;1.7;0.5;1.38;0.67;1.86;0.79;67;59;29;21;15;83;76;59;2;1.38;3.38;3821;20;Y;Y;Y;N;N;N;Y
2352093;6720;3813;2020;complete;90550;9;-1;73;66;1;1;2;3;7;10;-1;-1;2;3;0;0;6;10;6;10;12;20;-1;-1;50;50;2;3;1.95;3.75;1.75;1.01;1.25;1.75;2.75;4.5;12;3.75;2.05;1.4;1.16;1.72;2;0;0;0;0;0;0;0;3.1;2.25;2.87;2.88;2.5;2.75;0;0;0;0;0;0;0;0;0;0;0;0;2.09;7.4;2.07;1.91;11;1.91;5;5;0;0;0;0;0;0;0;0;1.2;1.9;3.75;9;4.33;1.8;1.25;1.07;0;0;0;0;2;0;0;1;1;2;0;2020-09-12 16:45:00;-1;0;50;22;29;0;1;1;3;4;0;3;7;3;0;0;2;3;0;5;1;44;61;59;80;1.49;2.39;3.88;0;0;0;0;0;0;1;1;0;0;1;1;0;0;-1;-1;-1;-1;-1;-1;-1;-1;-1;22;22;64;72;93;36;65;86;43;6.75;0;4;2.79;Magni;Thróttur Reykjavík;0.6;0.7;0.71;0.86;0.57;0.79;79;79;36;29;7;38;38;38;1.74;0.85;2.59;3821;20;Y;Y;N;N;N;N;Y
2352094;3816;9440;2020;complete;90550;9;-1;90;88;1;1;2;7;5;12;-1;-1;3;5;1;0;5;4;5;3;10;7;-1;-1;47;53;5;5;1.2;4;4;1.01;1.16;1.53;2.25;4;15;4.5;2.4;1.57;1.22;1.72;2;0;0;0;0;0;0;0;2;2.5;4.75;1.8;3;4.5;0;0;0;0;1.9;0;0;0;0;0;0;0;0;0;0;1.4;15;2.88;3;11;0;0;0;0;0;0;0;0;1.16;1.8;3.4;7;5;1.9;1.3;1.1;0;0;0;0;2;0;0;1;1;2;0;2020-09-12 14:00:00;-1;0;48;15;34;0;1;1;3;1;4;4;4;8;1;2;3;3;3;6;1;41;50;58;75;1.27;1.09;2.36;0;0;0;0;0;0;1;1;0;0;2;0;0;0;-1;-1;-1;-1;-1;-1;-1;-1;-1;28;28;55;68;88;42;73;75;41;12.04;0;6.61;3.16;Fram;Vestri;1.8;1.2;2;1;2.21;1.36;73;73;46;32;13;79;48;41;2.1;1.25;3.35;3821;20;Y;Y;N;N;N;N;Y
2352095;3804;3806;2020;complete;90550;9;-1;54,77;11,53;2;2;4;-1;-1;-1;-1;-1;2;1;0;1;-1;-1;-1;-1;-1;-1;-1;-1;-1;-1;2;3;2;3.75;1.65;0;1.1;1.44;1.83;3;0;6.5;2.7;1.83;1.36;1.4;2.75;0;0;0;0;0;0;0;2.87;2.62;2.6;2.85;2.8;2.4;0;0;0;0;0;0;0;0;0;0;0;0;0;0;0;2;13;1.77;5.55;4.55;0;0;0;0;0;0;0;0;1.11;1.53;2.62;5;6.5;2.37;1.44;1.16;0;0;0;0;4;0;1;2;1;3;1;2020-09-12 14:00:00;-1;0;82;21;40;0;-1;1;-1;-1;-1;-1;-1;-1;0;0;2;2;0;4;-1;0;0;0;0;0;0;0;0;0;0;0;0;0;1;1;0;0;-1;-1;0;0;-1;-1;-1;-1;-1;-1;-1;-1;-1;40;53;79;100;100;48;94;94;59;14.67;0;5.71;4.04;Víkingur Ólafsvík;Grindavík;1.1;1.33;1.25;1.33;1.07;1.62;61;48;21;0;0;100;84;67;2.21;1.79;4;3821;19;Y;Y;Y;Y;N;N;Y
2352096;3806;3814;2020;complete;90550;10;-1;17;11;1;1;2;10;7;17;-1;-1;5;2;1;0;9;12;5;7;14;19;-1;-1;52;48;6;2;2.15;3.6;1.57;1.01;1.14;1.47;2.1;3.5;15;5;2.6;1.66;1.28;1.5;2.5;0;0;0;0;0;0;0;3;2.5;2.75;2.75;0;2.5;0;0;0;0;2;0;0;0;0;0;0;0;2;7.5;2.17;2.05;0;1.72;5.75;4.35;0;0;0;0;0;0;0;0;1.14;1.61;3;6;5.5;2.2;1.36;1.12;0;0;0;0;2;1;1;0;0;0;2;2020-09-17 16:30:00;-1;0;69;15;47;0;1;1;3;4;7;3;7;10;3;1;3;1;4;4;1;70;79;94;95;2.02;2.6;4.62;0;0;0;0;0;0;1;1;0;0;1;1;0;0;-1;-1;-1;-1;-1;-1;-1;-1;-1;24;40;55;77;100;40;77;85;55;12.75;0;4.81;3.34;Grindavík;Leiknir Reykjavík;2;2.5;1.86;2.5;1.57;1.93;77;61;45;23;0;75;75;56;1.54;1.82;3.36;3821;19;Y;Y;N;N;N;N;Y
2352097;3817;3804;2020;complete;90550;10;-1;58;;1;0;1;7;1;8;-1;-1;0;2;0;0;3;4;5;4;8;8;-1;-1;51;49;0;2;1.33;3.75;3;0;1.14;1.47;2.2;3.75;0;5;2.6;1.61;1.25;1.57;2.25;0;0;0;0;0;0;0;2.25;2.5;3.75;2;0;3.6;0;0;0;0;0;0;0;0;0;0;0;0;1.48;8;3.38;1.53;0;2.5;3.75;9;0;0;0;0;0;0;0;0;1.14;1.66;3;6.5;5.5;2.1;1.36;1.11;0;0;0;0;1;0;0;1;0;1;0;2020-09-16 16:30:00;3817;0;62;23;40;0;1;1;3;1;4;0;4;4;0;1;0;1;1;1;1;38;17;67;36;0.99;0.91;1.9;0;0;0;0;0;0;1;1;0;0;0;0;0;0;-1;-1;-1;-1;-1;-1;-1;-1;-1;32;40;69;93;100;55;77;86;70;7.76;0;3.64;3.66;Thór;Víkingur Ólafsvík;1.7;0.8;1.86;0.83;1.53;1.07;68;61;31;7;0;69;48;48;1.64;1.12;2.76;3821;20;Y;N;N;N;N;N;N
2352098;3813;9442;2020;complete;90550;10;-1;66;79,85;1;2;3;1;9;10;-1;-1;2;3;0;0;4;12;2;7;6;19;-1;-1;40;60;2;3;3;3.8;1.33;1.01;1.16;1.47;2.2;3.75;15;4.5;2.6;1.61;1.25;1.57;2.25;0;0;0;0;0;0;0;3.75;2.5;2.25;3.75;0;2;0;0;0;0;0;0;0;0;0;0;0;0;2.53;8.4;1.72;2.6;0;1.5;8.5;3.75;0;0;0;0;0;0;0;0;1.14;1.72;3.25;6.5;5.5;2;1.33;1.11;0;0;0;0;3;0;0;1;2;3;0;2020-09-16 19:15:00;9442;0;64;15;50;0;1;1;0;6;1;3;6;4;0;2;2;1;2;3;1;62;89;93;140;1.11;2.68;3.8;0;0;0;0;0;0;1;1;0;0;0;1;0;0;-1;-1;-1;-1;-1;-1;-1;-1;-1;22;64;71;79;93;64;86;72;57;11.29;0;3.79;3.43;Thróttur Reykjavík;Afturelding;0.5;1.1;0.71;1;0.8;1;79;36;29;22;7;88;73;73;1.35;1.51;2.86;3821;20;Y;Y;Y;N;N;N;Y
2352099;3815;3816;2020;complete;90550;10;-1;86;59;1;1;2;8;2;10;-1;-1;3;4;0;1;8;2;5;5;13;7;-1;-1;55;45;3;5;1.36;3.75;2.88;1.01;1.16;1.5;2.2;3.75;15;4.5;2.5;1.61;1.25;1.57;2.25;0;0;0;0;0;0;0;2.3;2.5;3.75;2.1;0;3.4;0;0;0;0;0;0;0;0;0;0;0;0;1.45;8.4;3.48;1.57;0;2.4;3.75;8;0;0;0;0;0;0;0;0;1.14;1.66;3.25;6.5;5.5;2.1;1.33;1.11;0;0;0;0;2;0;0;1;1;2;0;2020-09-17 16:30:00;-1;0;93;15;45;0;1;1;5;1;3;1;6;4;1;1;2;4;2;6;1;43;31;85;70;1.69;0.81;2.5;0;1;0;1;0;0;1;1;0;0;0;0;0;0;-1;-1;-1;-1;-1;-1;-1;-1;-1;37;45;86;93;100;52;100;86;55;13.33;0;4.49;3.9;Keflavík;Fram;2.44;2.4;2.4;2.43;2.14;2.13;63;56;15;7;0;74;74;64;1.47;1.62;3.09;3821;19;Y;Y;N;N;N;N;Y
2352100;3805;3823;2020;complete;90550;10;-1;;;0;0;0;-1;-1;-1;-1;-1;0;1;0;0;-1;-1;-1;-1;-1;-1;-1;-1;-1;-1;0;1;1.01;8;11;1;1.08;1.4;2.1;3.6;17;6.5;2.75;1.65;1.25;1.95;1.75;1.83;1.83;0;0;1.03;1.06;5;1.53;2.88;9.5;1.36;3.6;9;0;0;0;0;0;0;0;0;0;0;0;0;0;0;0;1.17;23;4.5;1.91;26;0;0;0;0;0;0;0;0;0;0;0;0;0;0;0;0;0;0;0;0;0;0;0;0;0;0;0;2020-09-15 16:30:00;-1;0;29;0;14;0;-1;1;-1;-1;-1;-1;-1;-1;0;1;0;0;1;0;-1;0;0;0;0;0;0;0;0;0;0;0;0;0;1;1;0;0;-1;-1;0;0;-1;-1;-1;-1;-1;-1;-1;-1;-1;7;22;50;86;93;36;86;72;43;12;0;4.83;2.65;ÍBV;Leiknir Fáskrúdsfj.;1.5;0.5;1.86;0.57;1.67;0.73;93;79;50;14;7;84;84;59;1.87;1.32;3.19;3821;20;N;N;N;N;N;N;N
2352101;9440;6720;2020;complete;90550;10;-1;27,42;44;2;1;3;-1;-1;-1;-1;-1;3;3;0;0;-1;-1;-1;-1;-1;-1;-1;-1;-1;-1;3;3;1.14;4.25;4.8;1.02;1.17;1.57;2.25;4;15;5.2;2.4;1.57;1.2;1.6;2.2;2.45;1.48;0;0;1.08;1.14;2.63;1.91;2.4;5.5;1.73;2.88;5;0;0;0;0;0;0;0;0;0;0;0;0;0;0;0;1.36;15;3.1;2.8;13;0;0;0;0;0;0;0;0;0;0;0;0;0;0;0;0;0;0;0;0;3;2;1;0;0;0;3;2020-09-15 16:30:00;9440;0;55;16;34;0;-1;1;-1;-1;-1;-1;-1;-1;1;1;2;2;2;4;-1;0;0;0;0;0;0;0;0;0;0;0;0;0;1;1;0;0;-1;-1;0;0;-1;-1;-1;-1;-1;-1;-1;-1;-1;48;55;77;84;100;52;84;93;62;2.75;0;6.14;3.93;Vestri;Magni;1.7;0.6;1.83;0.43;1.33;0.6;52;45;24;17;0;38;25;25;0;0.98;0.98;3821;20;Y;Y;Y;N;N;N;Y
2352102;6720;3815;2020;complete;90550;11;-1;64;10,25,38,60;1;4;5;-1;-1;-1;-1;-1;0;1;0;0;-1;-1;-1;-1;-1;-1;-1;-1;-1;-1;0;1;7.5;6;1.06;1;1.05;1.22;1.65;2.55;21;8;3.8;2.1;1.45;1.45;2.55;0;0;0;0;3.75;1.08;1.04;6.5;2.88;1.62;6;3.6;1.44;0;0;0;0;0;0;0;0;0;0;0;0;0;0;0;3.5;34;1.25;23;2.8;0;0;0;0;0;0;0;0;0;0;0;0;0;0;0;0;0;0;0;0;5;0;3;1;1;2;3;2020-08-15 16:00:00;3815;0;63;38;13;0;-1;1;-1;-1;-1;-1;-1;-1;0;1;0;0;1;0;-1;0;0;0;0;0;0;0;0;0;0;0;0;0;1;1;0;1;-1;-1;0;0;-1;-1;-1;-1;-1;-1;-1;-1;-1;25;50;75;100;100;50;88;75;25;13.67;0;3;4;Magni;Keflavík;0.6;2.1;0.25;2;0.13;2.13;75;50;25;0;0;50;50;50;1.74;1.97;3.71;3821;19;Y;Y;Y;Y;Y;N;Y
2352103;3816;3805;2020;complete;90550;11;-1;21,45,71,90;11,36,49,53;4;4;8;9;8;17;-1;-1;4;2;0;0;9;9;2;6;11;15;-1;-1;61;39;4;2;2.38;4.2;1.53;1.02;1.17;1.5;2.38;4.33;15;5.2;2.4;1.6;1.22;1.44;2.6;0;0;0;0;1.73;1.2;1.33;3.4;2.5;2.5;3.3;2.75;2.2;0;0;0;0;0;0;0;0;0;0;0;0;0;0;0;0;0;0;7.5;4.33;0;0;0;0;0;0;0;0;0;0;0;0;0;0;0;0;0;0;0;0;8;2;2;2;2;4;4;2020-08-14 18:00:00;-1;0;75;38;63;0;1;1;3;5;6;3;8;9;1;0;3;2;1;5;1;46;39;96;74;1.66;1.86;3.52;0;0;0;0;0;0;1;1;0;0;1;2;0;0;-1;-1;-1;-1;-1;-1;-1;-1;-1;50;50;75;88;100;63;75;100;75;8.75;0;5.75;4.38;Fram;ÍBV;1.8;1.5;2.25;2;2.13;2.25;50;50;25;13;0;29;29;0;2.06;1.51;3.57;3821;20;Y;Y;Y;Y;Y;Y;Y
2352104;9442;9440;2020;complete;90550;11;-1;;;0;0;0;6;3;9;-1;-1;0;1;0;0;3;4;6;3;9;7;-1;-1;58;42;0;1;1.53;3.75;2.38;1.01;1.17;1.53;2.25;4;15;4.5;2.4;1.57;1.22;1.57;2.25;3.4;1.3;4.5;1.17;1.33;1.25;1.73;2.5;2.4;3.4;2.3;2.88;3.1;0;0;0;0;0;2;0;0;0;0;1.8;0;0;0;0;1.67;15;2.25;4;6.5;0;0;0;0;0;0;0;0;1.17;1.73;3.4;7;5;2;1.3;1.1;0;0;0;0;0;0;0;0;0;0;0;2020-08-15 13:45:00;-1;0;35;0;35;0;1;1;2;2;4;1;4;5;0;0;0;1;0;1;1;60;32;91;72;1.22;0.96;2.17;0;0;0;0;0;0;1;1;0;0;0;1;0;0;-1;-1;-1;-1;-1;-1;-1;-1;-1;35;48;60;70;90;25;90;70;60;11.9;0;4;3.28;Afturelding;Vestri;1.4;1.2;1.5;1.4;1.25;1.38;65;53;40;30;10;75;45;33;2.15;1.16;3.31;3821;20;N;N;N;N;N;N;N
2352105;3814;3817;2020;complete;90550;11;-1;4,13,43;45,57,70;3;3;6;9;4;13;-1;-1;2;3;0;1;8;4;5;4;13;8;-1;-1;52;48;2;5;1.4;4;2.75;1.01;1.17;1.57;2.25;4;15;4.5;2.35;1.57;1.22;1.67;2.1;2.75;1.4;5;1.14;1.22;1.2;2;2.25;2.5;3.75;2.05;2.88;3.6;0;0;0;0;0;1.73;0;0;0;0;2;0;0;0;0;1.5;15;2.6;3.4;7.5;0;0;0;0;0;0;0;0;1.17;1.8;3.4;7;5;1.91;1.3;1.1;0;0;0;0;6;3;1;0;2;2;4;2020-08-15 16:00:00;-1;0;63;38;25;0;1;1;3;2;6;2;5;8;0;1;2;3;1;5;1;39;33;79;68;1.66;1.03;2.69;0;1;0;1;0;0;1;1;1;0;0;2;0;0;-1;-1;-1;-1;-1;-1;-1;-1;-1;50;50;75;88;88;75;88;75;63;17.5;0;4.75;3.88;Leiknir Reykjavík;Thór;1.7;1.4;1.75;1.5;2.38;1.63;50;50;25;13;13;75;50;38;2;1.67;3.67;3821;20;Y;Y;Y;Y;Y;Y;Y
2352106;3804;3813;2020;complete;90550;11;-1;45;33,51;1;2;3;-1;-1;-1;-1;-1;2;2;0;0;-1;-1;-1;-1;-1;-1;-1;-1;-1;-1;2;2;1.11;4.75;5.5;1.01;1.15;1.45;2.3;4;17;5.5;2.55;1.62;1.25;1.6;2.2;0;0;0;0;1.07;1.14;2.88;1.83;2.5;6;1.67;3.1;5.5;0;0;0;0;0;0;0;0;0;0;0;0;0;0;0;1.33;19;3.3;2.63;14;0;0;0;0;0;0;0;0;0;0;0;0;0;0;0;0;0;0;0;0;3;1;1;0;1;1;2;2020-08-15 18:00:00;3813;0;20;0;10;0;-1;1;-1;-1;-1;-1;-1;-1;0;0;2;2;0;4;-1;0;0;0;0;0;0;0;0;0;0;0;0;0;1;1;0;0;-1;-1;0;0;-1;-1;-1;-1;-1;-1;-1;-1;-1;0;20;53;63;100;20;53;100;43;12.5;0;3.25;2.35;Víkingur Ólafsvík;Thróttur Reykjavík;1.1;0.7;1.2;0;1.13;0.13;100;80;48;38;0;100;100;100;2.21;0.74;2.95;3821;20;Y;Y;Y;N;N;N;Y
2352107;3823;3806;2020;complete;90550;11;-1;84,85,90,90;33,65,87;4;3;7;-1;-1;-1;-1;-1;1;5;0;1;-1;-1;-1;-1;-1;-1;-1;-1;-1;-1;1;6;3.75;3.8;1.25;1.01;1.17;1.53;2.25;4;15;4.5;2.4;1.57;1.22;1.67;2.1;6;1.11;2.5;1.5;2.25;1.22;1.14;4.33;2.5;2.1;4.33;2.88;1.83;0;0;0;0;0;0;0;0;0;0;0;0;0;0;0;0;0;0;9.5;2.88;0;0;0;0;0;0;0;0;1.17;1.73;3.4;7;5;2;1.3;1.1;0;0;0;0;7;0;1;4;2;6;1;2020-08-15 14:00:00;3823;0;75;25;38;0;-1;1;-1;-1;-1;-1;-1;-1;0;1;1;5;1;6;-1;0;0;0;0;0;0;0;0;0;0;0;0;0;1;1;0;0;-1;-1;0;0;-1;-1;-1;-1;-1;-1;-1;-1;-1;38;38;50;75;100;25;88;88;38;7.67;0;7.25;3.13;Leiknir Fáskrúdsfj.;Grindavík;0.7;1.33;1;1.25;0.88;1.38;63;63;50;25;0;100;59;17;1.03;1.52;2.55;3821;19;Y;Y;Y;Y;Y;Y;Y
2352108;9440;3814;2020;complete;90550;12;-1;60;;1;0;1;-1;-1;-1;-1;-1;1;0;0;0;-1;-1;-1;-1;-1;-1;-1;-1;-1;-1;1;0;2.75;3.8;1.4;1.01;1.2;1.62;2.5;4.33;13;4.33;2.25;1.5;1.2;1.67;2.1;4.5;1.17;2.75;1.4;1.91;1.22;1.22;3.75;2.38;2.3;3.6;2.88;2.05;0;0;0;0;0;0;0;0;0;0;0;0;0;0;0;0;0;0;7;3.25;0;0;0;0;0;0;0;0;1.18;1.8;3.5;8;4.5;1.91;1.29;1.08;0;0;0;0;1;0;0;1;0;1;0;2020-08-19 18:00:00;9440;0;84;17;71;0;-1;1;-1;-1;-1;-1;-1;-1;0;0;1;0;0;1;-1;0;0;0;0;0;0;0;0;0;0;0;0;0;1;1;0;0;-1;-1;0;0;-1;-1;-1;-1;-1;-1;-1;-1;-1;59;71;84;84;100;42;84;100;84;4.75;0;6.08;4.38;Vestri;Leiknir Reykjavík;1.7;2.5;1.33;3;1.33;2.22;42;29;17;17;0;25;25;13;0;1.82;1.82;3821;20;Y;N;N;N;N;N;N
2352109;3805;9442;2020;complete;90550;12;-1;40;;1;0;1;3;12;15;-1;-1;0;1;0;0;7;9;6;5;13;14;-1;-1;42;58;0;1;1.14;4.75;5;0;1.13;1.36;1.91;3;0;5.5;3.1;1.8;1.36;1.62;2.2;2.5;1.5;8;1.06;1.1;1.14;3;1.8;2.75;5;1.57;3.25;5.5;0;0;0;0;2;0;0;0;0;2;0;0;0;0;0;1.3;21;3.4;2.63;15;0;0;0;0;0;0;0;0;1.12;1.62;2.75;5.5;6;2.2;1.4;1.14;0;0;0;0;1;1;0;0;0;0;1;2020-08-19 18:15:00;3805;0;50;13;38;0;1;1;2;8;1;4;10;5;0;1;0;0;1;0;1;36;44;66;68;1.57;1.83;3.39;0;0;0;0;0;0;1;1;0;0;0;1;0;0;-1;-1;-1;-1;-1;-1;-1;-1;-1;13;38;50;88;100;50;75;88;63;14.83;0;2.67;3;ÍBV;Afturelding;1.5;1.1;2.5;1;2.11;1.22;88;63;50;13;0;84;84;59;2.02;1.4;3.42;3821;20;Y;N;N;N;N;N;N
2352110;3816;6720;2020;complete;90550;12;-1;22,39,65;;3;0;3;13;2;15;-1;-1;2;3;0;0;9;0;9;6;18;6;-1;-1;69;31;2;3;1.04;8;9;0;1.08;1.29;1.73;2.5;0;7;3.6;2;1.5;2;1.73;1.8;1.91;10.5;1.02;1.02;1.05;5;1.44;3.4;8.5;1.29;4.33;9.5;0;0;0;0;0;0;0;0;0;0;0;0;0;0;0;0;0;0;1.83;29;0;0;0;0;0;0;0;0;1.08;1.5;2.38;4.5;8;2.5;1.53;1.18;0;0;0;0;3;2;0;1;0;1;2;2020-08-19 18:00:00;3816;0;43;20;20;0;1;1;7;0;6;2;7;8;0;2;2;1;2;3;1;133;77;154;112;2.72;0.94;3.67;0;0;0;0;0;0;1;1;0;0;3;0;0;0;-1;-1;-1;-1;-1;-1;-1;-1;-1;43;43;78;90;100;65;90;88;68;8.6;0;6.55;4.48;Fram;Magni;1.8;0.6;2;0;2;0.11;58;58;23;10;0;54;37;27;1.98;0.99;2.97;3821;20;Y;Y;Y;N;N;N;N
2352111;3813;3806;2020;complete;90550;12;-1;64,70;20,34,53,68;2;4;6;2;9;11;-1;-1;3;4;0;0;3;13;1;5;4;18;-1;-1;44;56;3;4;3.75;4;1.25;1.01;1.11;1.36;1.91;3.25;15;6;3.1;1.8;1.33;1.5;2.5;7;1.08;3;1.36;2.25;1.22;1.14;4.33;2.63;2;4;3.1;1.83;0;0;0;0;0;1.67;1.91;0;0;0;2.1;1.8;0;0;0;2.75;21;1.44;12;3.4;0;0;0;0;0;0;0;0;1.14;1.62;3;6;5.5;2.2;1.36;1.12;0;0;0;0;6;0;2;2;2;4;2;2020-08-19 19:15:00;3806;0;75;10;55;0;1;1;0;3;2;6;3;8;1;1;2;3;2;5;1;26;37;55;76;0.66;2.31;2.96;0;0;0;0;0;0;1;1;0;0;0;0;0;1;-1;-1;-1;-1;-1;-1;-1;-1;-1;30;68;78;100;100;35;100;75;55;8.25;0;6.25;4.05;Thróttur Reykjavík;Grindavík;0.5;1.33;0.25;1;0.44;1.22;70;33;23;0;0;100;63;38;1.47;1.52;2.99;3821;19;Y;Y;Y;Y;Y;Y;Y
2352112;3815;3804;2020;complete;90550;12;-1;12,22,25,57,68,88;90;6;1;7;2;2;4;-1;-1;1;2;0;0;9;3;3;4;12;7;-1;-1;54;46;1;2;1.1;4.33;6.5;0;1.12;1.4;1.91;3;0;5.5;2.88;1.8;1.36;1.67;2.1;2.25;1.57;8.5;1.05;1.06;1.17;3;1.73;2.75;6;1.5;3.4;6.5;0;0;0;0;0;0;0;0;0;0;0;0;0;0;0;1.25;0;3.75;2.5;19;0;0;0;0;0;0;0;0;1.11;1.57;2.62;5.5;6.5;2.25;1.44;1.14;0;0;0;0;7;3;0;3;1;4;3;2020-08-19 18:00:00;3815;0;67;17;25;0;1;1;2;1;0;1;3;1;1;1;0;1;2;1;1;37;28;75;63;1.66;0.86;2.51;1;0;1;0;0;0;1;1;0;0;0;1;0;0;-1;-1;-1;-1;-1;-1;-1;-1;-1;42;42;84;100;100;59;84;100;71;10;0;3.5;3.79;Keflavík;Víkingur Ólafsvík;2.44;0.8;2.25;1;2.22;1;59;59;17;0;0;100;100;88;1.42;1.38;2.8;3821;19;Y;Y;Y;Y;Y;Y;Y
2352113;3817;3823;2020;complete;90550;12;-1;1,9,38,56,74;79;5;1;6;4;9;13;-1;-1;1;4;0;0;11;5;7;2;18;7;-1;-1;48;52;1;4;1.2;4.33;4.33;0;1.17;1.44;2.2;3.75;0;4.5;2.7;1.62;1.25;1.67;2.1;2.5;1.5;7;1.08;1.12;1.17;2.5;1.95;2.6;4.75;1.73;3;4.75;0;0;0;0;0;0;0;0;0;0;0;0;0;0;0;0;0;0;2.75;11;0;0;0;0;0;0;0;0;1.14;1.73;3.25;6.5;5.5;2;1.33;1.11;0;0;0;0;6;3;0;2;1;3;3;2020-08-19 18:00:00;3817;0;25;13;13;0;1;1;3;3;1;6;6;7;0;2;1;2;2;3;1;52;51;94;108;2.28;1.17;3.45;0;0;0;0;0;0;1;1;2;0;2;1;0;0;-1;-1;-1;-1;-1;-1;-1;-1;-1;0;13;63;88;100;25;88;88;50;8.25;0;5.42;2.63;Thór;Leiknir Fáskrúdsfj.;1.7;0.5;1.75;0.75;1.56;1.11;100;88;38;13;0;71;34;17;1.28;1.26;2.54;3821;20;Y;Y;Y;Y;Y;Y;Y
2352114;9440;3804;2020;complete;90550;13;-1;39,44,90;67,68,82;3;3;6;-1;-1;-1;-1;-1;0;0;1;0;-1;-1;-1;-1;-1;-1;-1;-1;-1;-1;2;0;1.22;4.2;4;0;0;1.62;0;0;0;0;2.25;0;0;1.65;2.1;0;0;0;0;1.14;1.2;2.38;2;2.5;5;2;2.63;4.2;0;0;0;0;0;0;0;0;0;0;0;0;0;0;0;0;0;0;3.1;8.5;0;0;0;0;0;0;0;0;0;0;0;0;0;0;0;0;0;0;0;0;6;2;0;1;3;4;2;2020-08-23 14:00:00;-1;0;50;25;38;0;-1;1;-1;-1;-1;-1;-1;-1;0;0;1;0;0;1;-1;0;0;0;0;0;0;0;0;0;0;0;0;0;1;1;0;0;-1;-1;0;0;-1;-1;-1;-1;-1;-1;-1;-1;-1;50;50;63;75;100;50;63;100;63;2.5;0;4.75;3.75;Vestri;Víkingur Ólafsvík;1.7;0.8;1.75;0.75;1.5;0.9;50;50;38;25;0;25;25;25;0;1.12;1.12;3821;20;Y;Y;Y;Y;Y;Y;Y
2352115;6720;3805;2020;complete;90550;13;-1;;;0;0;0;-1;-1;-1;-1;-1;3;2;0;1;-1;-1;-1;-1;-1;-1;-1;-1;-1;-1;3;4;11;6.5;1.01;1;1.07;1.33;1.95;3.3;19;7;3;1.75;1.29;1.87;1.87;0;0;0;0;4.5;1.07;1.02;9;3;1.5;8.5;3.75;1.36;0;0;0;0;0;0;0;0;0;0;0;0;0;0;0;4.5;26;1.17;26;2;0;0;0;0;0;0;0;0;0;0;0;0;0;0;0;0;0;0;0;0;0;0;0;0;0;0;0;2020-08-22 14:00:00;-1;0;90;50;70;0;-1;1;-1;-1;-1;-1;-1;-1;0;1;3;2;1;5;-1;0;0;0;0;0;0;0;0;0;0;0;0;0;1;1;0;0;-1;-1;0;0;-1;-1;-1;-1;-1;-1;-1;-1;-1;50;50;80;100;100;60;90;90;70;8;0;4.4;4.4;Magni;ÍBV;0.6;1.5;0.2;1.8;0.1;2.2;50;50;20;0;0;25;25;13;1.74;1.6;3.34;3821;20;N;N;N;N;N;N;N
2352116;3823;3816;2020;complete;90550;13;-1;90,90;30,50,52;2;3;5;-1;-1;-1;-1;-1;6;3;0;0;-1;-1;-1;-1;-1;-1;-1;-1;-1;-1;6;3;3.25;4.75;1.33;0;0;1.44;0;0;0;0;2.7;0;0;1.4;2.75;0;0;0;0;2.38;1.17;1.22;4;2.62;2.1;4;3;1.91;0;0;0;0;0;0;0;0;0;0;0;0;0;0;0;0;0;0;11;3.6;0;0;0;0;0;0;0;0;0;0;0;0;0;0;0;0;0;0;0;0;5;0;1;2;2;4;1;2020-08-22 13:30:00;3816;0;80;23;33;0;-1;1;-1;-1;-1;-1;-1;-1;3;0;3;3;3;6;-1;0;0;0;0;0;0;0;0;0;0;0;0;0;1;1;0;0;-1;-1;0;0;-1;-1;-1;-1;-1;-1;-1;-1;-1;20;33;58;80;100;35;90;78;33;13.17;0;5.2;3.1;Leiknir Fáskrúdsfj.;Fram;0.7;2.4;1.4;2;1;2.1;80;68;43;20;0;100;84;67;1.03;1.67;2.7;3821;20;Y;Y;Y;Y;Y;N;Y
2352117;3806;3817;2020;complete;90550;13;-1;31;;1;0;1;2;10;12;-1;-1;5;3;2;0;3;2;1;12;4;14;-1;-1;50;50;8;3;1.5;3.75;2.5;0;0;1.44;0;0;0;0;2.7;0;0;1.4;2.85;0;0;0;0;1.33;1.25;1.8;2.5;2.5;3.4;2.32;2.85;3.24;0;0;0;0;0;0;0;0;0;0;0;0;0;0;0;0;0;0;4.5;7.5;0;0;0;0;0;0;0;0;0;0;0;0;0;0;0;0;0;0;0;0;1;1;0;0;0;0;1;2020-08-22 14:00:00;3806;0;78;55;23;0;1;1;1;4;1;6;5;7;4;1;3;2;5;5;1;9;75;41;96;0.53;1.56;2.1;0;0;0;0;0;0;1;1;0;0;0;1;0;0;-1;-1;-1;-1;-1;-1;-1;-1;-1;43;55;65;88;100;75;88;90;43;18.35;0;5.7;4.18;Grindavík;Thór;2;1.4;1.5;1.4;1.4;1.7;58;45;35;13;0;90;80;70;1.8;1.54;3.34;3821;19;Y;N;N;N;N;N;N
2352118;9442;3815;2020;complete;90550;13;-1;37,88;8,50;2;2;4;9;6;15;-1;-1;2;1;0;0;9;5;6;6;15;11;-1;-1;50;50;2;1;3;4.33;1.36;0;0;1.4;0;0;0;0;2.88;0;0;1.4;2.75;0;0;0;0;2;1.17;1.25;3.75;2.6;2.2;3.75;2.88;1.91;0;0;0;0;0;0;0;0;0;0;0;0;0;0;0;0;0;0;10;3.75;0;0;0;0;0;0;0;0;0;0;0;0;0;0;0;0;0;0;0;0;4;1;1;1;1;2;2;2020-08-22 16:00:00;-1;0;50;10;30;0;1;1;6;5;3;1;11;4;0;1;2;0;1;2;1;96;68;139;111;2.27;1.54;3.82;0;0;0;0;0;0;1;1;0;1;2;1;0;0;-1;-1;-1;-1;-1;-1;-1;-1;-1;40;70;80;90;90;50;80;80;60;17.87;0;1.2;4.2;Afturelding;Keflavík;1.4;2.1;1.4;2.2;1.1;2.3;60;30;20;10;10;80;70;60;1.97;1.97;3.94;3821;19;Y;Y;Y;Y;N;N;Y
2352119;3814;3813;2020;complete;90550;13;-1;47;56,80;1;2;3;5;6;11;-1;-1;2;3;0;0;6;5;12;4;18;9;-1;-1;61;39;2;3;1.07;7;7.5;0;0;1.33;0;0;0;0;3.4;0;0;1.75;1.95;0;0;0;0;1.03;1.07;4.33;1.57;3;7;1.4;3.6;7.5;0;0;0;0;0;0;0;0;0;0;0;0;0;0;0;0;0;0;2.1;23;0;0;0;0;0;0;0;0;0;0;0;0;0;0;0;0;0;0;0;0;3;0;0;1;2;3;0;2020-08-23 16:00:00;3813;0;40;30;10;0;1;1;3;5;2;1;8;3;1;1;1;2;2;3;1;101;47;127;96;2.28;1.27;3.55;0;0;0;0;0;0;1;1;0;0;0;0;0;0;-1;-1;-1;-1;-1;-1;-1;-1;-1;30;30;60;60;90;40;60;90;50;12.5;0;4;2.9;Leiknir Reykjavík;Thróttur Reykjavík;1.7;0.7;1.6;0.6;2;0.4;70;70;40;40;10;90;80;80;1.93;0.74;2.67;3821;20;Y;Y;Y;N;N;N;Y
2352120;3823;6720;2020;complete;90550;14;-1;23;27,36,80;1;3;4;-1;-1;-1;-1;-1;3;2;1;0;-1;-1;-1;-1;-1;-1;-1;-1;-1;-1;4;2;1.14;4.2;5;1.01;1.14;1.44;2.1;3.4;15;5;2.7;1.67;1.3;1.67;2.1;2.38;1.53;7.5;1.07;1.08;1.22;2.62;1.83;2.62;5.5;1.62;3.1;5.5;0;0;0;0;0;0;0;0;0;0;0;0;0;0;0;0;0;0;2.6;15;0;0;0;0;0;0;0;0;1.14;1.67;3;6;5.5;2.1;1.36;1.12;0;0;0;0;4;1;2;0;1;1;3;2020-08-29 16:00:00;6720;0;44;9;25;0;-1;1;-1;-1;-1;-1;-1;-1;2;1;2;1;3;3;-1;0;0;0;0;0;0;0;0;1;0;1;0;0;1;1;0;0;-1;-1;0;0;-1;-1;-1;-1;-1;-1;-1;-1;-1;35;35;65;84;100;39;92;82;55;6.42;0;7.27;3.55;Leiknir Fáskrúdsfj.;Magni;0.7;0.6;1.17;0;0.91;0.18;65;65;35;17;0;88;59;42;1.03;0.98;2.01;3821;20;Y;Y;Y;Y;N;N;Y
2352121;3814;3815;2020;complete;90550;14;-1;28,32,41,57,63;45;5;1;6;2;8;10;-1;-1;1;3;0;0;8;5;9;6;17;11;-1;-1;51;49;1;3;1.67;4;2.1;0;1.11;1.36;1.83;3;0;6;3.1;1.83;1.36;1.4;2.75;4.33;1.2;5;1.14;1.4;1.2;1.62;2.6;2.6;3;2.38;3.1;2.75;0;0;0;0;0;0;0;0;0;0;0;0;0;0;0;0;0;0;5;6.5;0;0;0;0;0;0;0;0;1.11;1.57;2.62;5.5;6.5;2.25;1.44;1.14;0;0;0;0;6;3;1;2;0;2;4;2020-08-28 18:00:00;3814;0;67;33;33;0;1;1;1;6;1;2;7;3;1;0;0;3;1;3;1;59;60;108;102;2.06;1.48;3.54;0;0;0;0;0;0;1;1;0;0;0;0;0;0;-1;-1;-1;-1;-1;-1;-1;-1;-1;42;67;83;92;92;59;75;83;67;17.83;0;3.17;4.17;Leiknir Reykjavík;Keflavík;1.7;2.1;1.33;2;1.82;2.18;59;34;17;9;9;92;84;84;1.99;1.86;3.85;3821;19;Y;Y;Y;Y;Y;Y;Y
2352122;9442;3816;2020;complete;90550;14;-1;29;40,49;1;2;3;5;3;8;-1;-1;3;2;1;0;4;3;1;6;5;9;-1;-1;37;63;4;2;2;3.6;1.73;1.01;1.11;1.36;1.83;3;15;6;3.1;1.83;1.36;1.4;2.75;5;1.14;4.33;1.2;1.53;1.25;1.44;2.88;2.6;2.63;2.63;3;2.5;0;0;0;0;0;1.9;0;0;0;0;1.9;0;0;0;0;2;21;1.73;6.5;5.5;0;0;0;0;0;0;0;0;1.11;1.53;2.62;5.5;6.5;2.38;1.44;1.14;0;0;0;0;3;1;1;0;1;1;2;2020-08-29 14:00:00;3816;0;75;19;45;0;1;1;2;2;3;1;4;4;2;1;2;1;3;3;1;100;102;127;132;1.33;1.52;2.85;0;0;0;0;0;0;1;1;0;0;0;0;0;0;-1;-1;-1;-1;-1;-1;-1;-1;-1;27;54;82;92;92;45;92;82;62;17;0;2.6;3.62;Afturelding;Fram;1.4;2.4;1.33;2.2;1.09;2.18;74;47;19;9;9;84;75;67;2.02;1.67;3.69;3821;20;Y;Y;Y;N;N;N;Y
2352123;3804;3805;2020;complete;90550;14;-1;38;10;1;1;2;-1;-1;-1;-1;-1;2;2;1;0;-1;-1;-1;-1;-1;-1;-1;-1;-1;-1;3;2;4;4;1.22;1.01;1.17;1.53;2.25;3.75;15;4.5;2.4;1.57;1.25;1.67;2.1;6.5;1.1;2.5;1.5;2.5;1.22;1.12;4.75;2.5;2;4.5;3;1.8;0;0;0;0;0;0;0;0;0;0;0;0;0;0;0;0;0;0;11;2.88;0;0;0;0;0;0;0;0;1.17;1.73;3.25;7;5;2;1.33;1.1;0;0;0;0;2;1;1;0;0;0;2;2020-08-29 14:00:00;-1;0;67;34;50;0;-1;1;-1;-1;-1;-1;-1;-1;2;1;1;1;3;2;-1;0;0;0;0;0;0;0;0;0;0;0;0;0;1;1;0;1;-1;-1;0;0;-1;-1;-1;-1;-1;-1;-1;-1;-1;25;42;75;92;92;50;75;92;67;14;0;4.57;3.67;Víkingur Ólafsvík;ÍBV;1.1;1.5;1;1.67;0.91;2.09;75;59;25;9;9;75;75;63;2.21;1.6;3.81;3821;20;Y;Y;N;N;N;N;Y
2352124;3806;9440;2020;complete;90550;14;-1;29,50;56;2;1;3;7;5;12;-1;-1;3;5;0;0;7;6;4;4;11;10;-1;-1;39;61;3;5;1.33;4;3.25;1.01;1.17;1.53;2.25;4;15;4.5;2.4;1.57;1.22;1.67;2.1;2.75;1.4;5.5;1.12;1.22;1.22;2.2;2.2;2.5;4;2;2.88;3.75;0;0;0;0;0;0;0;0;0;0;0;0;0;0;0;0;0;0;3.25;8;0;0;0;0;0;0;0;0;1.17;1.73;3.25;7;5;2;1.33;1.1;0;0;0;0;3;1;0;1;1;2;1;2020-08-29 14:00:00;3806;0;39;20;19;0;1;1;6;0;1;5;6;6;1;2;2;3;3;5;1;26;43;55;77;1.37;1.36;2.73;0;0;0;0;0;0;1;1;0;0;0;0;0;0;-1;-1;-1;-1;-1;-1;-1;-1;-1;19;29;29;47;84;20;74;57;19;13.17;0;7.1;2.35;Grindavík;Vestri;2;1.2;1.8;1.33;1.55;1.45;82;72;72;54;17;100;67;67;1.54;1.12;2.66;3821;19;Y;Y;Y;N;N;N;Y
2352125;3817;3813;2020;complete;90550;14;-1;2,47,58;;3;0;3;6;2;8;-1;-1;2;3;0;1;8;4;13;0;21;4;-1;-1;55;45;2;4;1.17;4.75;4.5;1.01;1.14;1.44;2.1;3.5;15;5;2.7;1.67;1.29;1.73;2;2.38;1.53;7;1.08;1.11;1.17;2.75;1.91;2.62;5;1.67;3.1;5;0;0;0;0;0;0;0;0;0;0;0;0;1.34;8.7;4.72;0;0;0;2.6;13;0;0;0;0;0;0;0;0;1.14;1.67;3;6.5;5.5;2.1;1.36;1.11;0;0;0;0;3;1;0;2;0;2;1;2020-08-29 15:00:00;3817;0;47;19;29;0;1;1;1;0;5;2;1;7;1;4;1;0;5;1;1;58;16;102;55;2.3;0.66;2.96;1;0;1;0;0;0;1;1;1;0;0;0;0;1;-1;-1;-1;-1;-1;-1;-1;-1;-1;10;10;55;65;100;29;57;90;47;8.53;0;4.57;2.5;Thór;Thróttur Reykjavík;1.7;0.7;2;1;1.55;0.64;90;90;45;35;0;90;60;60;1.48;0.91;2.39;3821;20;Y;Y;Y;N;N;N;N
2352126;9440;3817;2020;complete;90550;15;-1;19,54,67,84;48;4;1;5;-1;-1;-1;-1;-1;2;3;0;0;-1;-1;-1;-1;-1;-1;-1;-1;-1;-1;2;3;1.91;3.6;1.8;1.01;1.2;1.6;2.38;4;15;4.33;2.3;1.53;1.22;1.62;2.2;4;1.22;3.75;1.25;0;0;0;3;0;2.75;0;0;0;0;0;0;0;0;0;0;0;0;0;0;0;0;0;0;0;0;0;5;4.5;0;0;0;0;0;0;0;0;1.17;1.8;3.4;8;5;1.91;1.3;1.08;0;0;0;0;5;1;0;3;1;4;1;2020-09-02 17:30:00;9440;0;64;35;39;0;-1;1;-1;-1;-1;-1;-1;-1;2;1;0;2;3;2;-1;0;0;0;0;0;0;0;0;0;0;0;0;0;1;1;0;0;-1;-1;1;0;-1;-1;-1;-1;-1;-1;-1;-1;-1;55;55;64;72;100;62;80;84;55;8;0;6.37;3.9;Vestri;Thór;1.7;1.4;1.6;1.17;1.33;1.67;45;45;37;29;0;42;34;25;0;1.54;1.54;3821;20;Y;Y;Y;Y;Y;N;Y
2352127;6720;9442;2020;complete;90550;15;-1;38,43,65;56,73;3;2;5;-1;-1;-1;-1;-1;1;1;0;0;-1;-1;-1;-1;-1;-1;-1;-1;-1;-1;1;1;6;4.2;1.11;1.01;1.12;1.36;1.91;3;15;5.5;3.1;1.8;1.36;1.67;2.1;8;1.06;2.25;1.57;0;0;0;5.5;0;1.8;0;0;0;0;0;0;0;0;0;0;0;0;0;0;0;0;0;0;0;0;0;17;2.5;0;0;0;0;0;0;0;0;1.11;1.53;2.5;5;6.5;2.38;1.5;1.17;0;0;0;0;5;2;0;1;2;3;2;2020-09-02 17:30:00;6720;0;64;27;47;0;-1;1;-1;-1;-1;-1;-1;-1;1;1;0;0;2;0;-1;0;0;0;0;0;0;0;0;0;0;0;0;0;1;1;0;0;-1;-1;0;0;-1;-1;-1;-1;-1;-1;-1;-1;-1;27;47;64;72;92;55;82;74;47;10;0;3.17;3.19;Magni;Afturelding;0.6;1.1;0.33;0.8;0.42;1;74;54;37;29;9;38;38;38;1.74;1.51;3.25;3821;20;Y;Y;Y;Y;Y;N;Y
2352128;3816;3804;2020;complete;90550;15;-1;86;49;1;1;2;10;2;12;-1;-1;4;4;0;0;2;2;0;0;2;2;-1;-1;55;45;4;4;1.14;4.2;5;0;1.1;1.33;1.8;2.75;0;6.5;3.4;1.91;1.4;1.53;2.38;0;0;0;0;0;0;0;1.8;0;4.75;1.62;3.25;5.5;0;0;0;0;0;0;0;0;0;0;0;0;0;0;0;1.33;23;3.25;2.88;17;0;0;0;0;0;0;0;0;1.1;1.5;2.5;5;7;2.5;1.5;1.17;0;0;0;0;2;0;0;1;1;2;0;2020-09-02 19:15:00;-1;0;55;27;37;0;1;1;5;0;5;2;5;7;0;0;4;4;0;8;-1;0;0;0;0;0;0;0;1;1;1;1;0;0;1;1;0;0;1;0;0;0;-1;-1;-1;-1;-1;-1;-1;-1;-1;55;55;82;92;100;82;82;100;65;9.33;0;3.67;4.72;Fram;Víkingur Ólafsvík;1.8;0.8;2.17;0.8;2.25;0.92;45;45;19;9;0;50;50;42;2.1;1.12;3.22;3821;20;Y;Y;N;N;N;N;Y
2352130;3813;3823;2020;complete;90550;15;-1;;;0;0;0;10;6;16;-1;-1;1;3;0;0;8;6;7;12;15;18;-1;-1;51;49;1;3;1.57;4;2.25;1.01;1.14;1.48;2.2;3.75;15;5;2.6;1.62;1.25;1.53;2.38;3.5;1.29;4.5;1.17;1.36;1.2;1.73;2.5;2.5;3.25;2.25;3;3;0;0;0;0;0;1.73;0;0;0;0;2;0;0;0;0;1.62;19;2.2;4.33;6.5;0;0;0;0;0;0;0;0;1.14;1.62;3;6;5.5;2.2;1.36;1.12;0;0;0;0;0;0;0;0;0;0;0;2020-09-02 20:30:00;-1;0;40;0;40;0;1;1;2;4;8;2;6;10;0;0;1;3;0;4;1;49;51;102;100;1.86;1.92;3.79;0;0;0;0;0;0;1;1;0;0;0;0;0;0;-1;-1;-1;-1;-1;-1;-1;-1;-1;20;60;80;100;100;50;100;80;60;9.05;0;5.4;3.8;Thróttur Reykjavík;Leiknir Fáskrúdsfj.;0.5;0.5;0.2;0.6;0.58;0.83;80;40;20;0;0;88;78;65;1.3;1.24;2.54;3821;20;N;N;N;N;N;N;N
2352131;3805;3814;2020;complete;90550;15;-1;;11,37;0;2;2;-1;-1;-1;-1;-1;4;3;0;0;-1;-1;-1;-1;-1;-1;-1;-1;-1;-1;4;3;1.44;4;2.63;1.01;1.14;1.48;2.2;3.75;15;5;2.6;1.62;1.25;1.57;2.25;3.25;1.33;5;1.14;0;0;0;2.3;0;3.6;0;0;0;0;0;0;0;0;0;0;0;0;0;0;0;0;0;0;0;0;0;3.75;7;0;0;0;0;0;0;0;0;1.14;1.67;3;6.5;5.5;2.1;1.36;1.11;0;0;0;0;2;0;2;0;0;0;2;2020-09-02 17:30:00;3814;0;50;0;30;0;-1;1;-1;-1;-1;-1;-1;-1;1;0;3;3;1;6;-1;0;0;0;0;0;0;0;0;0;0;0;0;0;1;1;0;0;-1;-1;0;0;-1;-1;-1;-1;-1;-1;-1;-1;-1;20;30;50;80;100;30;80;80;60;12.08;0;2.2;3;ÍBV;Leiknir Reykjavík;1.5;2.5;2.6;2.4;2;1.92;80;70;50;20;0;75;75;46;1.87;1.82;3.69;3821;20;Y;Y;N;N;N;N;N
2352132;3806;3805;2020;complete;90550;16;-1;49;63;1;1;2;4;6;10;-1;-1;1;0;0;0;10;10;2;3;12;13;-1;-1;49;51;1;0;1.91;3.75;1.8;0;1.17;1.53;2.2;3.75;0;4.5;2.4;1.62;1.25;1.53;2.38;0;0;0;0;0;0;0;2.75;2.4;3;2.67;2.77;2.82;0;0;0;0;0;1.73;0;0;0;0;2.08;0;0;0;0;1.83;15;2;5.25;6;0;0;0;0;0;0;0;0;1.14;1.67;3.25;6.5;5.5;2.1;1.33;1.11;0;0;0;0;2;0;0;1;1;2;0;2020-09-07 17:30:00;-1;0;77;45;52;0;1;1;1;4;3;2;5;5;1;0;0;0;1;0;1;34;48;89;83;1.71;1.87;3.58;0;0;0;0;0;0;1;1;0;0;0;0;0;0;-1;-1;-1;-1;-1;-1;-1;-1;-1;30;38;54;77;93;45;77;77;52;13.67;0;6.5;3.52;Grindavík;ÍBV;2;1.5;2;1.57;1.67;1.85;70;62;47;24;7;75;75;63;1.51;1.6;3.11;3821;19;Y;Y;N;N;N;N;Y
2352133;3814;3816;2020;complete;90550;16;-1;;19;0;1;1;-1;-1;-1;-1;-1;1;3;0;0;-1;-1;-1;-1;-1;-1;-1;-1;-1;-1;1;3;1.5;3.75;2.5;0;0;1.44;0;0;0;0;2.7;0;0;1.42;2.78;0;0;0;0;0;0;0;2.4;2.5;3.4;2.26;2.88;3.32;0;0;0;1.44;1.74;2.13;0;0;2.47;2.05;1.68;0;0;0;0;1.62;19;2.3;0;0;0;0;0;0;0;0;0;0;0;0;0;0;0;0;0;0;0;0;0;0;1;0;1;0;0;0;1;2020-09-06 16:00:00;3816;0;86;38;31;0;-1;1;-1;-1;-1;-1;-1;-1;1;1;0;2;2;2;-1;0;0;0;0;0;0;0;0;0;0;0;0;0;1;1;0;0;-1;-1;0;0;-1;-1;-1;-1;-1;-1;-1;-1;-1;37;45;85;93;93;54;86;85;60;14.76;0;4.03;3.74;Leiknir Reykjavík;Fram;1.7;2.4;1.57;2.33;2;2.15;63;55;16;7;7;77;69;62;2;1.62;3.62;3821;20;Y;N;N;N;N;N;N
2352134;3817;3815;2020;complete;90550;16;-1;17;32,36,45;1;3;4;11;7;18;-1;-1;1;3;0;0;9;8;5;8;14;16;-1;-1;49;51;1;3;1.8;3.6;1.91;0;1.12;1.4;1.91;3.25;0;5.5;2.88;1.8;1.33;1.44;2.62;0;0;0;0;0;0;0;2.75;2.5;2.75;2.69;2.95;2.63;0;0;0;0;0;0;1.85;0;0;0;0;1.95;0;0;0;1.8;15;2.05;6;6;0;0;0;0;0;0;0;0;1.12;1.57;2.75;5.5;6;2.25;1.4;1.14;0;0;0;0;4;1;3;0;0;0;4;2020-09-07 17:30:00;3815;0;61;30;31;0;1;1;5;3;6;4;8;10;0;2;1;1;2;2;1;35;40;60;60;1.76;1.85;3.61;0;0;0;0;0;0;1;1;0;0;1;0;0;0;-1;-1;-1;-1;-1;-1;-1;-1;-1;30;52;77;92;100;52;85;85;62;13.7;0;3.76;3.86;Thór;Keflavík;1.7;2.1;2.17;1.71;1.54;2;70;49;24;9;0;84;59;49;1.61;1.79;3.4;3821;19;Y;Y;Y;Y;N;N;Y
2352135;3823;9442;2020;complete;90550;16;-1;3;40,68,71;1;3;4;-1;-1;-1;-1;-1;3;2;0;0;-1;-1;-1;-1;-1;-1;-1;-1;-1;-1;3;2;3.2;4.25;1.3;0;0;1.37;1.94;0;0;0;2.84;1.9;0;1.45;2.66;0;0;0;0;2.3;1.18;1.17;4.46;2.64;2.05;4.24;3.08;1.89;0;0;0;0;0;0;0;0;0;0;0;0;0;0;0;0;0;0;0;0;0;0;0;0;0;0;0;0;0;0;0;0;0;0;0;0;0;0;0;0;4;1;1;0;2;2;2;2020-09-06 14:00:00;9442;0;69;23;55;0;-1;1;-1;-1;-1;-1;-1;-1;1;0;2;2;1;4;-1;0;0;0;0;0;0;0;0;0;0;0;0;0;1;1;1;0;-1;-1;0;0;-1;-1;-1;-1;-1;-1;-1;-1;-1;38;62;62;69;100;48;85;85;55;10.67;0;5.11;3.54;Leiknir Fáskrúdsfj.;Afturelding;0.7;1.1;1;0.67;0.85;0.92;62;38;38;31;0;88;71;54;1.03;1.51;2.54;3821;20;Y;Y;Y;Y;N;N;Y
2352136;3813;9440;2020;complete;90550;16;-1;7,21;64;2;1;3;1;8;9;-1;-1;3;3;0;1;4;6;2;3;6;9;-1;-1;34;66;3;4;3.25;3.8;1.33;0;0;1.6;0;0;0;0;2.3;0;0;1.67;2.15;0;0;0;0;0;0;0;4;2.4;2.2;4.02;2.77;2.08;0;0;0;0;0;0;0;0;0;0;0;0;3.68;6.5;1.49;2.63;15;1.5;8.5;3.5;0;0;0;0;0;0;0;0;0;0;0;0;0;0;0;0;0;0;0;0;3;2;0;0;1;1;2;2020-09-06 14:00:00;3813;0;40;0;40;0;1;1;0;3;1;5;3;6;1;1;2;3;2;5;1;60;123;94;161;1.1;1.89;2.99;1;0;1;0;0;0;1;1;1;0;0;0;0;0;-1;-1;-1;-1;-1;-1;-1;-1;-1;16;41;48;63;77;25;77;47;40;9.12;0;5.88;2.52;Thróttur Reykjavík;Vestri;0.5;1.2;0.33;1.14;0.62;1.46;85;60;52;37;23;100;63;63;1.4;1.16;2.56;3821;20;Y;Y;Y;N;N;N;Y
2352137;3804;6720;2020;complete;90550;16;-1;6,37,38;60,90;3;2;5;-1;-1;-1;-1;-1;2;2;0;0;-1;-1;-1;-1;-1;-1;-1;-1;-1;-1;2;2;1.22;4.33;4;0;0;1.4;0;0;0;0;2.88;0;0;1.58;2.31;0;0;0;0;0;0;0;1.95;2.62;4.5;1.8;3.08;4.76;0;0;0;0;0;0;0;0;0;0;0;0;0;0;0;1.36;19;3;0;0;0;0;0;0;0;0;0;0;0;0;0;0;0;0;0;0;0;0;0;0;5;3;0;0;2;2;3;2020-09-06 16:00:00;3804;0;45;23;7;0;-1;1;-1;-1;-1;-1;-1;-1;1;0;1;2;1;3;-1;0;0;0;0;0;0;0;0;0;0;0;0;0;1;1;1;0;-1;-1;0;0;-1;-1;-1;-1;-1;-1;-1;-1;-1;9;31;77;100;100;62;93;85;47;11.75;0;5;3.34;Víkingur Ólafsvík;Magni;1.1;0.6;1;0.5;0.92;0.62;92;69;23;0;0;88;75;75;2.21;0.98;3.19;3821;20;Y;Y;Y;Y;Y;N;Y
2352138;3815;3813;2020;complete;90550;17;-1;16,23,35,59;80,90;4;2;6;14;2;16;-1;-1;0;2;0;0;18;5;8;2;26;7;-1;-1;60;40;0;2;1.01;7;11;0;0;1.28;0;0;0;0;3.6;0;0;1.65;2.1;2;1.71;0;0;0;0;0;1.44;3.25;8.5;1.33;4;8;0;0;0;0;0;0;0;0;0;0;0;0;1.14;13;7.1;1.16;0;5;2.25;31;0;0;0;0;0;0;0;0;0;0;0;0;0;0;0;0;0;0;0;0;6;3;0;1;2;3;3;2020-09-21 16:30:00;3815;0;69;7;46;0;1;1;4;1;10;1;5;11;0;0;0;2;0;2;1;52;29;89;70;3.26;1.01;4.27;0;1;0;1;0;0;1;1;0;0;1;0;0;0;-1;-1;-1;-1;-1;-1;-1;-1;-1;25;25;67;82;100;32;61;100;67;10.73;0;4.83;3.23;Keflavík;Thróttur Reykjavík;2.44;0.7;2.17;0.88;2.07;0.75;75;75;34;19;0;82;82;55;1.5;1.16;2.66;3821;19;Y;Y;Y;Y;Y;Y;Y
2352139;3816;3806;2020;complete;90550;17;-1;49;31,90;1;2;3;8;4;12;-1;-1;3;2;1;1;5;6;9;7;14;13;-1;-1;50;50;4;3;1.45;3.5;2.45;0;0;1.5;0;0;0;0;2.5;0;0;1.52;2.46;3.45;1.25;0;0;0;0;0;2.37;2.4;3.75;2.22;2.81;3.52;0;0;0;0;0;0;0;0;0;0;0;0;1.51;9.1;3.08;1.57;0;2.4;3.85;6.2;0;0;0;0;0;0;0;0;0;0;0;0;0;0;0;0;0;0;0;0;3;0;1;1;1;2;1;2020-09-21 19:15:00;3806;0;82;20;61;0;1;1;3;2;5;2;5;7;0;2;4;1;2;5;1;52;32;97;87;1.61;1.48;3.09;0;0;0;0;0;0;1;1;0;0;1;0;0;1;-1;-1;-1;-1;-1;-1;-1;-1;-1;48;55;75;94;100;46;82;100;67;12.92;0;6.99;4.42;Fram;Grindavík;1.8;1.33;1.88;1.29;2.06;1.53;53;46;26;7;0;82;65;42;1.99;1.79;3.78;3821;19;Y;Y;Y;N;N;N;Y
2352140;9442;3804;2020;complete;90550;17;-1;32;;1;0;1;4;11;15;-1;-1;3;3;0;0;3;4;1;9;4;13;-1;-1;45;55;3;3;1.3;3.8;3.2;0;0;1.44;0;0;0;0;2.7;0;0;1.44;2.6;3.25;1.28;0;0;0;0;0;2.2;2.5;4;2;2.88;3.75;0;0;0;0;1.9;0;0;0;0;0;0;0;0;0;0;1.5;0;2.6;3.75;9.5;0;0;0;0;0;0;0;0;0;0;0;0;0;0;0;0;0;0;0;0;1;1;0;0;0;0;1;2020-09-21 19:15:00;9442;0;60;26;41;0;1;1;2;7;2;4;9;6;0;1;3;2;1;5;1;43;61;47;51;0.77;1.53;2.3;0;0;0;0;0;0;1;1;0;0;0;0;0;0;-1;-1;-1;-1;-1;-1;-1;-1;-1;41;53;73;87;94;60;73;94;67;9.13;0;2.86;3.8;Afturelding;Víkingur Ólafsvík;1.4;0.8;1;0.71;1.13;1;60;48;28;14;7;50;44;38;1.94;1.05;2.99;3821;20;Y;N;N;N;N;N;N
2352141;9440;3823;2020;complete;90550;17;-1;10,67;;2;0;2;-1;-1;-1;-1;-1;-1;-1;-1;-1;-1;-1;-1;-1;-1;-1;-1;-1;-1;-1;-1;-1;1.2;4.75;4;0;0;1.57;0;0;0;0;2.35;0;0;1.6;2.25;2.15;1.61;0;0;0;0;0;1.83;2.6;5.5;1.8;2.88;4.5;0;0;0;0;0;0;0;0;0;0;0;0;0;0;0;1.28;0;3.75;2.88;11;0;0;0;0;0;0;0;0;0;0;0;0;0;0;0;0;0;0;0;0;2;1;0;1;0;1;1;2020-09-20 14:00:00;9440;0;48;15;35;0;-1;-1;-1;-1;-1;-1;-1;-1;-1;-1;-1;-1;-1;-1;-1;0;0;0;0;0;0;0;0;0;0;0;0;0;1;1;1;0;-1;-1;-1;-1;-1;-1;-1;-1;-1;-1;-1;-1;-1;35;41;67;73;88;41;73;81;48;4.67;0;6.14;3.25;Vestri;Leiknir Fáskrúdsfj.;1.7;0.5;2;0.63;1.44;0.75;66;59;34;27;13;34;34;25;0;1.32;1.32;3821;20;Y;Y;N;N;N;N;N
2352142;3805;3817;2020;complete;90550;17;-1;6,45;8,61;2;2;4;-1;-1;-1;-1;-1;4;3;1;0;-1;-1;-1;-1;-1;-1;-1;-1;-1;-1;6;3;1.33;3.8;3;0;0;1.65;0;0;0;0;2.2;0;0;1.57;2.25;2.75;1.38;0;0;0;0;0;2.25;2.37;4;2;2.7;3.75;0;0;0;0;0;0;0;0;0;0;0;0;0;0;0;1.5;0;2.62;3.5;8.5;0;0;0;0;0;0;0;0;0;0;0;0;0;0;0;0;0;0;0;0;4;2;1;0;1;1;3;2020-09-21 16:30:00;-1;0;50;25;19;0;-1;1;-1;-1;-1;-1;-1;-1;2;1;3;2;3;5;-1;0;0;0;0;0;0;0;0;1;0;1;0;0;1;1;1;1;-1;-1;0;0;-1;-1;-1;-1;-1;-1;-1;-1;-1;32;38;50;82;94;50;88;63;44;14.33;0;4.52;3.13;ÍBV;Thór;1.5;1.4;1.75;1.25;1.63;1.63;69;63;50;19;7;86;79;55;1.87;1.43;3.3;3821;20;Y;Y;Y;Y;N;N;Y
2352143;6720;3814;2020;complete;90550;17;-1;;40;0;1;1;3;5;8;-1;-1;3;3;0;0;3;8;3;16;6;24;-1;-1;47;53;3;3;7;5.25;1.29;0;0;0;0;0;0;0;0;0;0;0;0;0;0;0;0;0;0;0;0;0;0;0;0;0;0;0;0;0;0;0;0;0;0;0;0;0;0;0;0;0;0;0;0;0;0;0;0;0;0;0;0;0;0;0;0;0;0;0;0;0;0;0;0;0;1;0;1;0;0;0;1;2020-09-20 16:00:00;3814;0;73;20;47;0;1;1;1;3;2;2;4;4;0;0;3;3;0;6;1;42;66;55;75;0.89;2.53;3.43;0;1;0;1;0;0;1;1;0;0;0;1;0;0;-1;-1;-1;-1;-1;-1;-1;-1;-1;34;41;60;87;94;54;81;73;54;8.2;0;3.34;3.34;Magni;Leiknir Reykjavík;0.6;2.5;0.75;2.29;0.56;1.88;67;60;41;14;7;55;55;20;1.61;1.97;3.58;3821;20;Y;N;N;N;N;N;N
2352144;3814;9442;2020;complete;90550;18;-1;37,52,90;;3;0;3;6;4;10;-1;-1;2;1;0;0;6;3;0;3;6;6;-1;-1;50;50;2;1;1.36;3.75;2.88;0;1.14;1.44;2.1;3.5;0;5;2.7;1.66;1.28;1.5;2.5;0;0;0;0;0;0;0;2.3;2.5;3.5;1.95;0;3.75;0;0;0;0;0;0;0;0;0;0;0;0;1.44;8.2;3.58;1.5;0;2.6;4.2;9.5;0;0;0;0;0;0;0;0;1.14;1.66;3;6;5.5;2.1;1.36;1.12;0;0;0;0;3;1;0;2;0;2;1;2020-09-26 14:00:00;3814;0;71;29;43;0;1;1;2;3;4;1;5;5;1;0;1;1;1;2;1;125;80;136;124;1.71;1.18;2.89;0;0;0;0;0;0;1;1;0;0;0;0;0;0;-1;-1;-1;-1;-1;-1;-1;-1;-1;35;54;77;77;95;60;77;83;71;14.53;0;3.49;3.59;Leiknir Reykjavík;Afturelding;1.7;1.1;1.56;1.25;1.94;1.24;66;47;24;24;6;78;72;55;1.99;1.74;3.73;3821;20;Y;Y;Y;N;N;N;N
2352145;3813;3805;2020;complete;90550;18;-1;;57,78,89;0;3;3;4;10;14;-1;-1;3;0;0;0;5;10;5;6;10;16;-1;-1;44;56;3;0;4;4.33;1.2;0;1.14;1.47;2.1;3.5;0;5;2.6;1.66;1.28;1.66;2.1;0;0;0;0;0;0;0;5;2.62;1.9;5;0;1.66;0;0;0;0;1.83;0;0;0;0;0;0;0;3.86;8.5;1.39;2.4;0;1.57;11;3.25;0;0;0;0;0;0;0;0;1.14;1.66;3;6.5;5.5;2.1;1.36;1.11;0;0;0;0;3;0;0;0;3;3;0;2020-09-26 14:00:00;3805;0;76;25;63;0;1;1;2;5;2;5;7;7;0;0;3;0;0;3;1;21;39;69;81;1.14;1.99;3.13;0;0;0;0;0;0;1;1;0;0;1;1;0;0;-1;-1;-1;-1;-1;-1;-1;-1;-1;26;44;63;88;88;50;69;69;63;9.08;0;4.88;3.44;Thróttur Reykjavík;ÍBV;0.5;1.5;0.63;1.5;0.71;1.59;76;57;38;13;13;80;68;42;1.32;1.65;2.97;3821;20;Y;Y;Y;N;N;N;N
2352146;3823;3804;2020;complete;90550;18;-1;87,90;47,54,65,90;2;4;6;-1;-1;-1;-1;-1;0;0;1;1;-1;-1;-1;-1;-1;-1;-1;-1;-1;-1;2;2;3.3;4;1.29;1.01;1.22;1.65;2.62;4.33;13;4;2.2;1.44;1.2;1.72;2;0;0;0;0;0;0;0;4.33;2.4;2.2;4;0;1.9;0;0;0;1.45;1.84;2.43;0;0;2.67;1.96;1.53;0;0;0;0;2.75;0;1.5;7;6.5;0;0;0;0;0;0;0;0;1.18;1.83;3.75;9;4.5;1.83;1.25;1.07;0;0;0;0;6;0;0;2;4;6;0;2020-09-26 14:00:00;3804;0;63;26;38;0;-1;1;-1;-1;-1;-1;-1;-1;0;0;1;1;0;2;-1;0;0;0;0;0;0;0;1;0;1;0;0;0;1;1;0;0;-1;-1;0;0;-1;-1;-1;-1;-1;-1;-1;-1;-1;38;51;57;75;100;44;76;88;57;7.47;0;5.38;3.51;Leiknir Fáskrúdsfj.;Víkingur Ólafsvík;0.7;0.8;0.88;0.63;0.71;0.94;63;51;44;25;0;80;64;47;1.03;1.17;2.2;3821;20;Y;Y;Y;Y;Y;Y;Y
2352147;9440;3815;2020;complete;90550;18;-1;16;53,66,90;1;3;4;-1;-1;-1;-1;-1;3;2;0;0;-1;-1;-1;-1;-1;-1;-1;-1;-1;-1;3;2;3.2;4.2;1.3;0;0;1.5;0;0;0;0;2.5;0;0;1.45;2.55;6.05;1.09;0;0;0;0;0;4;2.5;2.2;3.75;2.8;2;0;0;0;0;0;0;0;0;0;0;0;0;0;0;0;2.3;0;1.61;9;3.75;0;0;0;0;0;0;0;0;0;0;0;0;0;0;0;0;0;0;0;0;4;1;0;0;3;3;1;2020-09-25 16:15:00;3815;0;71;35;42;0;-1;1;-1;-1;-1;-1;-1;-1;1;1;2;1;2;3;-1;0;0;0;0;0;0;0;0;0;0;0;0;0;1;1;0;0;-1;-1;0;0;-1;-1;-1;-1;-1;-1;-1;-1;-1;42;70;76;88;100;53;82;83;53;8.83;0;4.63;4.1;Vestri;Keflavík;1.7;2.1;2.13;2;1.53;2.13;59;31;25;13;0;50;50;42;0;1.8;1.8;3821;19;Y;Y;Y;Y;N;N;Y
2352148;3806;6720;2020;complete;90550;18;-1;25,38,44;85;3;1;4;8;2;10;-1;-1;1;4;0;0;10;2;9;1;19;3;-1;-1;53;47;1;4;1.22;6;8;0;1.11;1.36;1.83;2.62;0;6;3.1;1.83;1.44;1.8;1.9;0;0;0;0;0;0;0;1.61;3;6;0;0;0;0;0;0;0;0;0;0;0;0;0;0;0;0;0;0;0;0;0;0;0;0;0;0;0;0;0;0;0;1.1;1.53;2.5;5;7;2.37;1.5;1.16;0;0;0;0;4;3;0;0;1;1;3;2020-09-26 15:00:00;3806;0;63;32;19;0;1;1;4;1;4;1;5;5;0;1;1;3;1;4;1;49;27;93;66;2.25;0.53;2.78;0;0;0;0;0;0;1;1;0;0;1;0;0;0;-1;-1;-1;-1;-1;-1;-1;-1;-1;19;32;63;88;100;57;88;75;44;11;0;6.63;3.32;Grindavík;Magni;2;0.6;1.75;0.38;1.63;0.53;82;69;38;13;0;88;75;69;1.6;0.98;2.58;3821;19;Y;Y;Y;Y;N;N;Y
2352149;3817;3816;2020;complete;90550;18;-1;;6,74;0;2;2;5;6;11;-1;-1;4;5;1;0;5;5;4;2;9;7;-1;-1;56;44;5;5;1.75;3.6;1.95;1.01;1.14;1.47;2.1;3.5;15;5;2.6;1.66;1.28;1.5;2.5;0;0;0;0;0;0;0;2.75;2.5;2.87;2.6;2.75;2.75;0;0;0;1.45;1.58;1.95;2.6;0;2.54;2.22;1.81;1.39;0;0;0;1.8;0;2.05;5.5;6;0;0;0;0;0;0;0;0;1.14;1.61;3;6;5.5;2.2;1.36;1.12;0;0;0;0;2;0;1;0;1;1;1;2020-09-26 14:00:00;3816;0;69;25;32;0;1;1;3;2;2;4;5;6;1;2;4;3;3;7;1;63;52;101;63;1.38;1.17;2.55;0;0;0;0;0;0;1;1;0;1;0;0;0;0;-1;-1;-1;-1;-1;-1;-1;-1;-1;13;25;63;82;100;38;82;75;44;11.63;0;4.51;2.88;Thór;Fram;1.7;2.4;2;2.25;1.59;1.94;88;75;38;19;0;69;50;38;1.55;1.42;2.97;3821;20;Y;Y;N;N;N;N;N
2352150;6720;3817;2020;complete;90550;19;-1;1,53,64;19,23,33,72;3;4;7;5;4;9;-1;-1;3;4;0;0;9;10;6;5;15;15;-1;-1;50;50;3;4;2.25;3.8;1.52;0;0;1.33;0;0;0;0;3.4;0;0;1.52;2.46;4.9;1.13;0;0;0;0;0;3.75;2.62;2.2;3.24;2.72;2.41;0;0;0;0;0;0;0;0;0;0;0;0;0;0;0;2.2;0;1.61;5.8;3.75;0;0;0;0;0;0;0;0;0;0;0;0;0;0;0;0;0;0;0;0;7;1;3;2;1;3;4;2020-10-04 14:00:00;3817;0;73;39;33;0;1;1;5;2;0;2;7;2;1;0;2;4;1;6;1;37;29;61;62;1.84;1.85;3.69;0;0;0;0;0;0;1;1;1;0;0;0;0;0;-1;-1;-1;-1;-1;-1;-1;-1;-1;45;50;67;84;95;61;89;73;44;10;0;5.11;3.61;Magni;Thór;0.6;1.4;0.67;1.22;0.63;1.47;56;50;33;17;6;52;45;22;1.37;1.43;2.8;3821;20;Y;Y;Y;Y;Y;Y;Y
2352151;3816;3813;2020;complete;90550;19;-1;15;;1;0;1;9;6;15;-1;-1;1;3;0;0;7;7;17;3;24;10;-1;-1;62;38;1;3;1.06;5.75;6.5;0;0;1.36;0;0;0;0;3.1;0;0;1.78;1.99;2.1;1.65;0;0;0;0;0;1.57;3;7;1.47;3.58;7.7;0;0;0;0;0;0;0;0;0;0;0;0;0;0;0;1.18;0;4.5;2.15;11.5;0;0;0;0;0;0;0;0;0;0;0;0;0;0;0;0;0;0;0;0;1;1;0;0;0;0;1;2020-10-03 14:00:00;3816;0;56;17;45;0;1;1;5;3;4;3;8;7;0;1;1;2;1;3;1;54;40;71;49;2.38;1.4;3.78;0;0;0;0;0;0;1;1;0;0;0;0;0;1;-1;-1;-1;-1;-1;-1;-1;-1;-1;22;22;62;78;100;39;56;100;62;11.33;0;5.66;3.28;Fram;Thróttur Reykjavík;1.8;0.7;1.67;0.78;2.05;0.63;78;78;39;22;0;75;75;62;1.94;1.13;3.07;3821;20;Y;N;N;N;N;N;N
2352152;3805;9440;2020;complete;90550;19;-1;32;23,36,48;1;3;4;7;4;11;-1;-1;5;2;0;0;3;6;8;6;11;12;-1;-1;57;43;5;2;1.35;3.6;2.75;0;0;1.57;0;0;0;0;2.35;0;0;1.54;2.4;3.05;1.32;0;0;0;0;0;2.3;2.4;3.75;2.15;2.77;3.78;0;0;0;0;0;1.52;1.91;0;0;0;2.48;1.89;0;0;0;1.53;0;2.5;3.4;6.35;0;0;0;0;0;0;0;0;0;0;0;0;0;0;0;0;0;0;0;0;4;1;2;0;1;1;3;2020-10-03 14:00:00;9440;0;39;6;22;0;1;1;0;3;7;1;3;8;0;0;5;2;0;7;1;32;31;63;54;1.13;1.4;2.53;0;0;0;0;0;0;1;1;0;0;0;1;0;0;-1;-1;-1;-1;-1;-1;-1;-1;-1;6;17;33;67;84;22;73;56;33;12.11;0;5.64;2.06;ÍBV;Vestri;1.5;1.2;1.67;1;1.58;1.37;95;84;67;33;17;100;72;56;1.87;1.23;3.1;3821;20;Y;Y;Y;Y;N;N;Y
2352153;3804;3814;2020;complete;90550;19;-1;83;45,66,72;1;3;4;-1;-1;-1;-1;-1;3;2;0;0;-1;-1;-1;-1;-1;-1;-1;-1;-1;-1;3;2;0;0;0;0;0;0;0;0;0;0;0;0;0;0;0;0;0;0;0;0;0;0;0;0;0;0;0;0;0;0;0;0;0;0;0;0;0;0;0;0;0;0;0;0;0;0;0;0;0;0;0;0;0;0;0;0;0;0;0;0;0;0;0;0;0;0;0;0;4;0;1;1;2;3;1;2020-10-03 14:00:00;3814;0;62;17;28;0;-1;1;-1;-1;-1;-1;-1;-1;1;0;2;2;1;4;-1;0;0;0;0;0;0;0;0;0;0;0;0;0;1;1;0;0;-1;-1;0;0;-1;-1;-1;-1;-1;-1;-1;-1;-1;22;44;67;89;100;56;89;78;56;14.17;0;3.53;3.45;Víkingur Ólafsvík;Leiknir Reykjavík;1.1;2.5;1.22;2.44;1;2.05;78;56;33;11;0;75;75;67;2.21;2.07;4.28;3821;20;Y;Y;Y;Y;N;N;Y
2352154;3815;3823;2020;complete;90550;19;-1;3,41;63;2;1;3;6;4;10;-1;-1;2;5;0;0;8;4;9;6;17;10;-1;-1;50;50;2;5;1.02;11;8.25;0;0;1.14;0;0;0;0;5.5;0;0;2;1.75;1.69;2;0;0;0;0;0;1.25;4.33;13;1.15;5.25;17;0;0;0;0;0;0;0;0;0;0;0;0;0;0;0;1.11;0;6.5;1.69;17.25;0;0;0;0;0;0;0;0;0;0;0;0;0;0;0;0;0;0;0;0;3;2;0;0;1;1;2;2020-10-03 15:00:00;3815;0;61;7;37;0;1;1;6;3;0;1;9;1;1;0;1;5;1;6;1;49;39;75;84;1.98;1.2;3.18;0;0;0;0;0;0;1;1;1;0;2;0;0;0;-1;-1;-1;-1;-1;-1;-1;-1;-1;31;43;72;89;89;48;83;89;61;11.8;0;5.64;3.53;Keflavík;Leiknir Fáskrúdsfj.;2.44;0.5;2.38;0.56;2.22;0.63;70;58;29;11;11;78;78;57;1.78;1.32;3.1;3821;19;Y;Y;Y;N;N;N;Y
2352155;9442;3806;2020;complete;90550;19;-1;38,58,60;69,86;3;2;5;4;8;12;-1;-1;0;3;1;0;8;8;5;13;13;21;-1;-1;48;52;2;3;1.82;3.75;1.82;0;0;1.44;0;0;0;0;2.7;0;0;1.4;2.86;4.6;1.15;0;0;0;0;0;2.75;2.5;2.75;2.62;2.85;2.79;0;0;0;0;0;0;0;0;0;0;0;0;2.04;7.4;2.07;1.72;0;2.05;5.1;5.1;0;0;0;0;0;0;0;0;0;0;0;0;0;0;0;0;0;0;0;0;5;1;0;2;2;4;1;2020-10-03 14:00:00;9442;0;78;23;54;0;1;1;0;5;4;3;5;7;0;1;1;2;1;3;1;42;65;94;101;1.69;2.35;4.04;0;1;0;1;0;0;1;1;0;0;0;0;0;0;-1;-1;-1;-1;-1;-1;-1;-1;-1;42;60;83;89;95;41;95;89;66;12.03;0;5.25;4.03;Afturelding;Grindavík;1.4;1.33;1.22;1.5;1.16;1.78;59;41;18;11;6;78;60;42;1.81;1.71;3.52;3821;19;Y;Y;Y;Y;Y;N;Y
2352156;3815;3805;2020;complete;90550;20;-1;7,50,64;41;3;1;4;5;11;16;-1;-1;5;1;1;0;10;6;5;9;15;15;-1;-1;45;55;6;1;1.29;4.33;3.3;0;1.12;1.44;2;3.4;0;5.5;2.7;1.72;1.3;1.53;2.37;0;0;0;0;0;0;0;2.2;2.6;3.75;2.05;0;3.5;0;0;0;0;0;0;0;0;0;0;0;0;0;0;0;1.53;0;2.5;3.75;10;0;0;0;0;0;0;0;0;1.14;1.61;3;6;5.5;2.2;1.36;1.12;0;0;0;0;4;1;1;2;0;2;2;2020-09-29 15:45:00;3815;0;89;22;69;0;1;1;1;4;4;7;5;11;4;1;2;0;5;2;1;41;52;73;84;1.94;1.74;3.68;1;0;1;0;0;0;1;1;1;0;0;1;1;0;-1;-1;-1;-1;-1;-1;-1;-1;-1;45;45;71;95;95;51;71;89;82;13.43;0;4.33;4.07;Keflavík;ÍBV;2.44;1.5;2.29;1.67;2.18;1.67;55;55;29;6;6;77;77;45;1.75;1.71;3.46;3821;19;Y;Y;Y;Y;N;N;Y
2352157;9440;3816;2020;complete;90550;20;-1;76;58,72;1;2;3;-1;-1;-1;-1;-1;-1;-1;-1;-1;-1;-1;-1;-1;-1;-1;-1;-1;-1;-1;-1;-1;3.3;3.5;1.29;1.03;1.25;1.85;3.2;6.5;9;3.6;1.85;1.3;1.08;1.73;2;4.7;1.14;0;0;2;1.22;1.17;4.5;2.1;2.4;4.2;2.5;2.1;0;0;0;0;0;0;0;0;0;0;0;0;0;0;0;2.63;10;1.57;7.5;3.1;0;0;0;0;0;0;0;0;0;0;0;0;0;0;0;0;0;0;0;0;3;0;0;1;2;3;0;2020-09-29 15:45:00;3816;0;73;22;39;0;-1;-1;-1;-1;-1;-1;-1;-1;-1;-1;-1;-1;-1;-1;-1;0;0;0;0;0;0;0;0;0;0;0;0;0;1;1;0;0;-1;-1;-1;-1;-1;-1;-1;-1;-1;-1;-1;-1;-1;28;39;62;84;100;33;84;84;45;6;0;5.89;3.23;Vestri;Fram;1.7;2.4;1.89;2.33;1.44;2;73;61;39;17;0;40;40;30;0;1.37;1.37;3821;20;Y;Y;Y;N;N;N;Y
2352158;3806;3804;2020;complete;90550;20;-1;1,12,16;;3;0;3;6;5;11;-1;-1;2;2;1;0;5;6;7;4;12;10;-1;-1;40;60;3;2;1.23;4;3.5;0;1.14;1.47;2.2;3.5;0;5;2.6;1.61;1.28;1.61;2.2;0;0;0;0;0;0;0;2.05;2.5;4.5;1.8;0;4.33;0;0;0;0;1.44;1.39;1.76;0;0;2.72;2.83;2.02;0;0;0;1.4;0;3;2.95;8;0;0;0;0;0;0;0;0;1.14;1.66;3;6.5;5.5;2.1;1.36;1.11;0;0;0;0;3;3;0;0;0;0;3;2020-09-29 15:45:00;3806;0;67;22;39;0;1;1;2;1;4;4;3;8;1;2;2;0;3;2;1;28;47;49;77;1.3;1.39;2.7;0;0;0;0;0;0;1;1;1;0;0;1;0;0;-1;-1;-1;-1;-1;-1;-1;-1;-1;28;39;50;78;100;44;67;84;50;12.02;0;5;3.34;Grindavík;Víkingur Ólafsvík;2;0.8;1.89;0.89;1.71;1.06;73;62;50;22;0;80;80;69;1.67;1.17;2.84;3821;19;Y;Y;Y;N;N;N;N
2352159;3813;6720;2020;complete;90550;20;-1;;1;0;1;1;3;2;5;-1;-1;1;2;1;0;7;7;7;3;14;10;-1;-1;60;40;3;2;1.33;4;3;0;0;1.47;0;0;0;0;2.6;0;0;1.45;2.55;3.05;1.32;0;0;0;0;0;2.2;2.5;3.75;2;2.8;3.75;0;0;0;0;0;0;0;0;0;0;0;0;1.6;7.5;2.86;1.5;0;2.62;3.75;9;0;0;0;0;0;0;0;0;0;0;0;0;0;0;0;0;0;0;0;0;1;0;1;0;0;0;1;2020-09-29 18:00:00;6720;0;56;11;22;0;1;1;2;1;1;1;3;2;0;1;2;1;1;3;1;45;35;104;78;1.7;1.38;3.08;0;0;0;0;0;0;1;1;0;1;0;0;0;0;-1;-1;-1;-1;-1;-1;-1;-1;-1;17;44;84;95;95;61;84;73;50;6.49;0;5.55;3.5;Thróttur Reykjavík;Magni;0.5;0.6;0.56;0.33;0.67;0.5;84;56;17;6;6;90;69;54;1.3;0.89;2.19;3821;20;Y;N;N;N;N;N;N
2352160;3817;9442;2020;complete;90550;20;-1;90;81;1;1;2;4;8;12;-1;-1;3;2;0;0;5;3;11;9;16;12;-1;-1;45;55;3;2;1.65;3.5;2.1;1.01;1.14;1.44;2.1;3.5;15;5;2.7;1.66;1.28;1.5;2.5;0;0;0;0;0;0;0;2.75;2.5;3;2.5;0;2.75;0;0;0;0;0;0;0;0;0;0;0;0;1.75;7.5;2.48;1.72;0;2.05;5.5;7;0;0;0;0;0;0;0;0;1.14;1.61;3;6;5.5;2.2;1.36;1.12;0;0;0;0;2;0;0;1;1;2;0;2020-09-29 15:30:00;-1;0;56;22;39;0;1;1;2;3;2;5;5;7;1;1;2;1;2;3;1;41;36;59;73;1.65;1.23;2.87;1;1;1;1;0;0;1;1;0;0;0;0;0;0;-1;-1;-1;-1;-1;-1;-1;-1;-1;17;39;67;78;100;45;78;84;61;12.39;0;3.85;3.11;Thór;Afturelding;1.7;1.1;1.78;1.11;1.5;1.17;84;61;33;22;0;75;58;42;1.54;1.65;3.19;3821;20;Y;Y;N;N;N;N;Y
2352161;3823;3814;2020;complete;90550;20;-1;;13,28,35,37,41,68,88;0;7;7;-1;-1;-1;-1;-1;5;1;0;0;-1;-1;-1;-1;-1;-1;-1;-1;-1;-1;5;1;9;5.75;1.03;0;0;1.36;0;0;0;0;3.1;0;0;1.73;2;9.75;1.01;0;0;0;0;0;6.5;2.87;1.66;7;3.6;1.44;0;0;0;0;0;0;0;0;0;0;0;0;0;0;0;4.5;0;1.18;23;2.25;0;0;0;0;0;0;0;0;0;0;0;0;0;0;0;0;0;0;0;0;7;0;5;0;2;2;5;2020-09-29 17:00:00;3814;0;71;23;41;0;-1;1;-1;-1;-1;-1;-1;-1;3;0;2;1;3;3;-1;0;0;0;0;0;0;0;0;0;0;0;0;0;1;1;0;0;-1;-1;0;0;-1;-1;-1;-1;-1;-1;-1;-1;-1;35;53;59;77;100;42;83;76;53;8.84;0;5.32;3.51;Leiknir Fáskrúdsfj.;Leiknir Reykjavík;0.7;2.5;0.78;2.38;0.67;2;66;48;42;24;0;75;59;33;1.03;2.07;3.1;3821;20;Y;Y;Y;Y;Y;Y;N
