ID;HOMEID;AWAYID;SEASON;STATUS;ROUNDID;GAME_WEEK;REVISED_GAME_WEEK;HOMEGOALS;AWAYGOALS;HOMEGOALCOUNT;AWAYGOALCOUNT;TOTALGOALCOUNT;TEAM_A_CORNERS;TEAM_B_CORNERS;TOTALCORNERCOUNT;TEAM_A_OFFSIDES;TEAM_B_OFFSIDES;TEAM_A_YELLOW_CARDS;TEAM_B_YELLOW_CARDS;TEAM_A_RED_CARDS;TEAM_B_RED_CARDS;TEAM_A_SHOTSONTARGET;TEAM_B_SHOTSONTARGET;TEAM_A_SHOTSOFFTARGET;TEAM_B_SHOTSOFFTARGET;TEAM_A_SHOTS;TEAM_B_SHOTS;TEAM_A_FOULS;TEAM_B_FOULS;TEAM_A_POSSESSION;TEAM_B_POSSESSION;TEAM_A_CARDS_NUM;TEAM_B_CARDS_NUM;ODDS_FT_1;ODDS_FT_X;ODDS_FT_2;ODDS_FT_OVER05;ODDS_FT_OVER15;ODDS_FT_OVER25;ODDS_FT_OVER35;ODDS_FT_OVER45;ODDS_FT_UNDER05;ODDS_FT_UNDER15;ODDS_FT_UNDER25;ODDS_FT_UNDER35;ODDS_FT_UNDER45;ODDS_BTTS_YES;ODDS_BTTS_NO;ODDS_TEAM_A_CS_YES;ODDS_TEAM_A_CS_NO;ODDS_TEAM_B_CS_YES;ODDS_TEAM_B_CS_NO;ODDS_DOUBLECHANCE_1X;ODDS_DOUBLECHANCE_12;ODDS_DOUBLECHANCE_X2;ODDS_1ST_HALF_RESULT_1;ODDS_1ST_HALF_RESULT_X;ODDS_1ST_HALF_RESULT_2;ODDS_2ND_HALF_RESULT_1;ODDS_2ND_HALF_RESULT_X;ODDS_2ND_HALF_RESULT_2;ODDS_DNB_1;ODDS_DNB_2;ODDS_CORNERS_OVER_75;ODDS_CORNERS_OVER_85;ODDS_CORNERS_OVER_95;ODDS_CORNERS_OVER_105;ODDS_CORNERS_OVER_115;ODDS_CORNERS_UNDER_75;ODDS_CORNERS_UNDER_85;ODDS_CORNERS_UNDER_95;ODDS_CORNERS_UNDER_105;ODDS_CORNERS_UNDER_115;ODDS_CORNERS_1;ODDS_CORNERS_X;ODDS_CORNERS_2;ODDS_TEAM_TO_SCORE_FIRST_1;ODDS_TEAM_TO_SCORE_FIRST_X;ODDS_TEAM_TO_SCORE_FIRST_2;ODDS_WIN_TO_NIL_1;ODDS_WIN_TO_NIL_2;ODDS_1ST_HALF_OVER05;ODDS_1ST_HALF_OVER15;ODDS_1ST_HALF_OVER25;ODDS_1ST_HALF_OVER35;ODDS_1ST_HALF_UNDER05;ODDS_1ST_HALF_UNDER15;ODDS_1ST_HALF_UNDER25;ODDS_1ST_HALF_UNDER35;ODDS_2ND_HALF_OVER05;ODDS_2ND_HALF_OVER15;ODDS_2ND_HALF_OVER25;ODDS_2ND_HALF_OVER35;ODDS_2ND_HALF_UNDER05;ODDS_2ND_HALF_UNDER15;ODDS_2ND_HALF_UNDER25;ODDS_2ND_HALF_UNDER35;ODDS_BTTS_1ST_HALF_YES;ODDS_BTTS_1ST_HALF_NO;ODDS_BTTS_2ND_HALF_YES;ODDS_BTTS_2ND_HALF_NO;OVERALLGOALCOUNT;HT_GOALS_TEAM_A;HT_GOALS_TEAM_B;GOALS_2HG_TEAM_A;GOALS_2HG_TEAM_B;GOALCOUNT_2HG;HTGOALCOUNT;DATE_UNIX;WINNINGTEAM;NO_HOME_AWAY;BTTS_POTENTIAL;BTTS_FHG_POTENTIAL;BTTS_2HG_POTENTIAL;GOALTIMINGDISABLED;CORNER_TIMINGS_RECORDED;CARD_TIMINGS_RECORDED;TEAM_A_FH_CORNERS;TEAM_B_FH_CORNERS;TEAM_A_2H_CORNERS;TEAM_B_2H_CORNERS;CORNER_FH_COUNT;CORNER_2H_COUNT;TEAM_A_FH_CARDS;TEAM_B_FH_CARDS;TEAM_A_2H_CARDS;TEAM_B_2H_CARDS;TOTAL_FH_CARDS;TOTAL_2H_CARDS;ATTACKS_RECORDED;TEAM_A_DANGEROUS_ATTACKS;TEAM_B_DANGEROUS_ATTACKS;TEAM_A_ATTACKS;TEAM_B_ATTACKS;TEAM_A_XG;TEAM_B_XG;TOTAL_XG;TEAM_A_PENALTIES_WON;TEAM_B_PENALTIES_WON;TEAM_A_PENALTY_GOALS;TEAM_B_PENALTY_GOALS;TEAM_A_PENALTY_MISSED;TEAM_B_PENALTY_MISSED;PENS_RECORDED;GOAL_TIMINGS_RECORDED;TEAM_A_0_10_MIN_GOALS;TEAM_B_0_10_MIN_GOALS;TEAM_A_CORNERS_0_10_MIN;TEAM_B_CORNERS_0_10_MIN;TEAM_A_CARDS_0_10_MIN;TEAM_B_CARDS_0_10_MIN;THROWINS_RECORDED;TEAM_A_THROWINS;TEAM_B_THROWINS;FREEKICKS_RECORDED;TEAM_A_FREEKICKS;TEAM_B_FREEKICKS;GOALKICKS_RECORDED;TEAM_A_GOALKICKS;TEAM_B_GOALKICKS;O45_POTENTIAL;O35_POTENTIAL;O25_POTENTIAL;O15_POTENTIAL;O05_POTENTIAL;O15HT_POTENTIAL;O05HT_POTENTIAL;O05_2H_POTENTIAL;O15_2H_POTENTIAL;CORNERS_POTENTIAL;OFFSIDES_POTENTIAL;CARDS_POTENTIAL;AVG_POTENTIAL;HOME_NAME;AWAY_NAME;HOME_PPG;AWAY_PPG;PRE_MATCH_HOME_PPG;PRE_MATCH_AWAY_PPG;PRE_MATCH_TEAMA_OVERALL_PPG;PRE_MATCH_TEAMB_OVERALL_PPG;U45_POTENTIAL;U35_POTENTIAL;U25_POTENTIAL;U15_POTENTIAL;U05_POTENTIAL;CORNERS_O85_POTENTIAL;CORNERS_O95_POTENTIAL;CORNERS_O105_POTENTIAL;TEAM_A_XG_PREMATCH;TEAM_B_XG_PREMATCH;TOTAL_XG_PREMATCH;COMPETITION_ID;MATCHES_COMPLETED_MINIMUM;OVER05;OVER15;OVER25;OVER35;OVER45;OVER55;BTTS
213929;3814;3815;2017;complete;1294;1;-1;70;14;1;1;2;7;6;13;-1;-1;3;1;0;0;8;4;3;2;11;6;-1;-1;54;46;3;1;0;0;0;0;0;0;0;0;0;0;0;0;0;0;0;0;0;0;0;0;0;0;0;0;0;0;0;0;0;0;0;0;0;0;0;0;0;0;0;0;0;0;0;0;0;0;0;0;0;0;0;0;0;0;0;0;0;0;0;0;0;0;0;0;0;0;0;0;2;0;1;1;0;1;1;2017-05-05 19:15:00;-1;0;0;0;0;0;-1;1;-1;-1;-1;-1;-1;-1;1;1;2;0;2;2;-1;0;0;0;0;0;0;0;0;1;0;1;0;0;1;1;0;0;-1;-1;0;0;-1;-1;-1;-1;-1;-1;-1;-1;-1;0;0;0;0;0;0;0;0;0;0;0;0;0;Leiknir Reykjavík;Keflavík;1.91;1.82;0;0;0;0;0;0;0;0;0;0;0;0;0;0;0;742;22;Y;Y;N;N;N;N;Y
213930;3822;3816;2017;complete;1294;1;-1;90;44,49;1;2;3;3;5;8;-1;-1;1;2;0;0;5;3;5;8;10;11;-1;-1;47;53;1;2;0;0;0;0;0;0;0;0;0;0;0;0;0;0;0;0;0;0;0;0;0;0;0;0;0;0;0;0;0;0;0;0;0;0;0;0;0;0;0;0;0;0;0;0;0;0;0;0;0;0;0;0;0;0;0;0;0;0;0;0;0;0;0;0;0;0;0;0;3;0;1;1;1;2;1;2017-05-05 19:15:00;3816;0;0;0;0;0;-1;1;-1;-1;-1;-1;-1;-1;0;1;1;1;1;2;-1;0;0;0;0;0;0;0;0;0;0;0;0;0;1;1;0;0;-1;-1;0;0;-1;-1;-1;-1;-1;-1;-1;-1;-1;0;0;0;0;0;0;0;0;0;0;0;0;0;HK;Fram;2.18;1.18;0;0;0;0;0;0;0;0;0;0;0;0;0;0;0;742;22;Y;Y;Y;N;N;N;Y
213931;3818;3820;2017;complete;1294;1;-1;11;;1;0;1;3;7;10;-1;-1;1;4;0;0;3;5;8;9;11;14;-1;-1;53;47;1;4;0;0;0;0;0;0;0;0;0;0;0;0;0;0;0;0;0;0;0;0;0;0;0;0;0;0;0;0;0;0;0;0;0;0;0;0;0;0;0;0;0;0;0;0;0;0;0;0;0;0;0;0;0;0;0;0;0;0;0;0;0;0;0;0;0;0;0;0;1;1;0;0;0;0;1;2017-05-05 19:15:00;3818;0;0;0;0;0;-1;1;-1;-1;-1;-1;-1;-1;0;1;1;3;1;4;-1;0;0;0;0;0;0;0;0;0;0;0;0;0;1;1;0;0;-1;-1;0;0;-1;-1;-1;-1;-1;-1;-1;-1;-1;0;0;0;0;0;0;0;0;0;0;0;0;0;Selfoss;ÍR;1.27;0.73;0;0;0;0;0;0;0;0;0;0;0;0;0;0;0;742;22;Y;N;N;N;N;N;N
213932;3813;3821;2017;complete;1294;1;-1;45;16,69;1;2;3;8;4;12;-1;-1;3;2;1;0;4;6;8;3;12;9;-1;-1;52;48;5;2;0;0;0;0;0;0;0;0;0;0;0;0;0;0;0;0;0;0;0;0;0;0;0;0;0;0;0;0;0;0;0;0;0;0;0;0;0;0;0;0;0;0;0;0;0;0;0;0;0;0;0;0;0;0;0;0;0;0;0;0;0;0;0;0;0;0;0;0;3;1;1;0;1;1;2;2017-05-06 14:00:00;3821;0;0;0;0;0;-1;1;-1;-1;-1;-1;-1;-1;1;0;3;2;1;5;-1;0;0;0;0;0;0;0;1;1;1;1;0;0;1;1;0;0;-1;-1;0;0;-1;-1;-1;-1;-1;-1;-1;-1;-1;0;0;0;0;0;0;0;0;0;0;0;0;0;Thróttur Reykjavík;Haukar;2.55;0.82;0;0;0;0;0;0;0;0;0;0;0;0;0;0;0;742;22;Y;Y;Y;N;N;N;Y
213933;3812;3817;2017;complete;1294;1;-1;14,37,79;90;3;1;4;4;2;6;-1;-1;0;1;0;0;9;4;10;1;19;5;-1;-1;52;48;0;1;0;0;0;0;0;0;0;0;0;0;0;0;0;0;0;0;0;0;0;0;0;0;0;0;0;0;0;0;0;0;0;0;0;0;0;0;0;0;0;0;0;0;0;0;0;0;0;0;0;0;0;0;0;0;0;0;0;0;0;0;0;0;0;0;0;0;0;0;4;2;0;1;1;2;2;2017-05-06 14:00:00;3812;0;0;0;0;0;-1;1;-1;-1;-1;-1;-1;-1;0;1;0;0;1;0;-1;0;0;0;0;0;0;0;0;0;0;0;0;0;1;1;0;0;-1;-1;0;0;-1;-1;-1;-1;-1;-1;-1;-1;-1;0;0;0;0;0;0;0;0;0;0;0;0;0;Fylkir;Thór;2.55;1.36;0;0;0;0;0;0;0;0;0;0;0;0;0;0;0;742;22;Y;Y;Y;Y;N;N;Y
213934;3823;3819;2017;complete;1294;1;-1;41,44;5,50;2;2;4;-1;-1;-1;-1;-1;2;2;1;0;-1;-1;-1;-1;-1;-1;-1;-1;-1;-1;4;2;0;0;0;0;0;0;0;0;0;0;0;0;0;0;0;0;0;0;0;0;0;0;0;0;0;0;0;0;0;0;0;0;0;0;0;0;0;0;0;0;0;0;0;0;0;0;0;0;0;0;0;0;0;0;0;0;0;0;0;0;0;0;0;0;0;0;0;0;4;2;1;0;1;1;3;2017-05-06 14:00:00;-1;0;0;0;0;0;-1;1;-1;-1;-1;-1;-1;-1;1;0;2;2;1;4;-1;0;0;0;0;0;0;0;0;0;0;0;0;0;1;1;0;1;-1;-1;0;0;-1;-1;-1;-1;-1;-1;-1;-1;-1;0;0;0;0;0;0;0;0;0;0;0;0;0;Leiknir Fáskrúdsfj.;Grótta;0.91;0.45;0;0;0;0;0;0;0;0;0;0;0;0;0;0;0;742;22;Y;Y;Y;Y;N;N;Y
213935;3820;3813;2017;complete;1294;2;-1;90;69,77;1;2;3;6;4;10;-1;-1;2;1;0;0;9;7;9;12;18;19;-1;-1;45;55;2;1;0;0;0;0;0;0;0;0;0;0;0;0;0;0;0;0;0;0;0;0;0;0;0;0;0;0;0;0;0;0;0;0;0;0;0;0;0;0;0;0;0;0;0;0;0;0;0;0;0;0;0;0;0;0;0;0;0;0;0;0;0;0;0;0;0;0;0;0;3;0;0;1;2;3;0;2017-05-12 19:15:00;3813;0;0;0;0;0;-1;1;-1;-1;-1;-1;-1;-1;0;0;2;1;0;3;-1;0;0;0;0;0;0;0;1;0;1;0;0;0;1;1;0;0;-1;-1;0;0;-1;-1;-1;-1;-1;-1;-1;-1;-1;0;0;0;0;0;0;0;0;0;0;0;0;0;ÍR;Thróttur Reykjavík;1;1.27;0;0;0;0;0;0;0;0;0;0;0;0;0;0;0;742;22;Y;Y;Y;N;N;N;Y
213936;3816;3821;2017;complete;1294;2;-1;83,90;27,75;2;2;4;12;2;14;-1;-1;2;2;0;0;9;6;8;2;17;8;-1;-1;66;34;2;2;0;0;0;0;0;0;0;0;0;0;0;0;0;0;0;0;0;0;0;0;0;0;0;0;0;0;0;0;0;0;0;0;0;0;0;0;0;0;0;0;0;0;0;0;0;0;0;0;0;0;0;0;0;0;0;0;0;0;0;0;0;0;0;0;0;0;0;0;4;0;1;2;1;3;1;2017-05-12 19:15:00;-1;0;50;50;0;0;-1;1;-1;-1;-1;-1;-1;-1;1;1;1;1;2;2;-1;0;0;0;0;0;0;0;0;0;0;0;0;0;1;1;0;0;-1;-1;0;0;-1;-1;-1;-1;-1;-1;-1;-1;-1;0;0;50;50;50;50;50;50;0;4;0;2;1.5;Fram;Haukar;1.27;0.82;0;3;3;3;50;50;0;0;0;50;50;50;0;0;0;742;22;Y;Y;Y;Y;N;N;Y
213937;3822;3814;2017;complete;1294;2;-1;17,32,90;36,56;3;2;5;6;3;9;-1;-1;2;6;0;0;6;9;6;6;12;15;-1;-1;47;53;2;6;0;0;0;0;0;0;0;0;0;0;0;0;0;0;0;0;0;0;0;0;0;0;0;0;0;0;0;0;0;0;0;0;0;0;0;0;0;0;0;0;0;0;0;0;0;0;0;0;0;0;0;0;0;0;0;0;0;0;0;0;0;0;0;0;0;0;0;0;5;2;1;1;1;2;3;2017-05-12 19:15:00;3822;0;50;0;50;0;-1;1;-1;-1;-1;-1;-1;-1;0;3;2;3;3;5;-1;0;0;0;0;0;0;0;0;0;0;0;0;0;1;1;0;0;-1;-1;0;0;-1;-1;-1;-1;-1;-1;-1;-1;-1;0;0;50;50;50;0;50;50;50;3;0;1;1.5;HK;Leiknir Reykjavík;2.18;1.36;0;0;0;1;50;50;0;0;0;0;0;0;0;0;0;742;22;Y;Y;Y;Y;Y;N;Y
213938;3819;3812;2017;complete;1294;2;-1;16;28,90;1;2;3;-1;-1;-1;-1;-1;2;2;0;0;-1;-1;-1;-1;-1;-1;-1;-1;-1;-1;2;2;0;0;0;0;0;0;0;0;0;0;0;0;0;0;0;0;0;0;0;0;0;0;0;0;0;0;0;0;0;0;0;0;0;0;0;0;0;0;0;0;0;0;0;0;0;0;0;0;0;0;0;0;0;0;0;0;0;0;0;0;0;0;0;0;0;0;0;0;3;1;1;0;1;1;2;2017-05-12 19:15:00;3812;0;0;0;0;0;-1;1;-1;-1;-1;-1;-1;-1;0;0;2;2;0;4;-1;0;0;0;0;0;0;0;0;0;0;0;0;0;1;1;0;0;-1;-1;0;0;-1;-1;-1;-1;-1;-1;-1;-1;-1;0;0;0;0;0;0;0;0;0;0;0;0;0;Grótta;Fylkir;0.36;1.82;0;0;1;3;0;0;0;0;0;0;0;0;0;0;0;742;22;Y;Y;Y;N;N;N;Y
213939;3815;3823;2017;complete;1294;2;-1;41,74,85;;3;0;3;5;4;9;-1;-1;1;0;0;0;12;0;12;6;24;6;-1;-1;56;44;1;0;0;0;0;0;0;0;0;0;0;0;0;0;0;0;0;0;0;0;0;0;0;0;0;0;0;0;0;0;0;0;0;0;0;0;0;0;0;0;0;0;0;0;0;0;0;0;0;0;0;0;0;0;0;0;0;0;0;0;0;0;0;0;0;0;0;0;0;0;3;1;0;2;0;2;1;2017-05-13 13:00:00;3815;0;0;0;0;0;-1;1;-1;-1;-1;-1;-1;-1;0;0;1;0;0;1;-1;0;0;0;0;0;0;0;0;0;0;0;0;0;1;1;0;0;-1;-1;0;0;-1;-1;-1;-1;-1;-1;-1;-1;-1;0;0;0;0;0;0;0;0;0;0;0;0;0;Keflavík;Leiknir Fáskrúdsfj.;2.36;0;0;0;1;1;0;0;0;0;0;0;0;0;0;0;0;742;22;Y;Y;Y;N;N;N;N
213940;3817;3818;2017;complete;1294;2;-1;42;2,38,54,90;1;4;5;5;7;12;-1;-1;2;5;0;1;7;8;8;9;15;17;-1;-1;52;48;2;7;0;0;0;0;0;0;0;0;0;0;0;0;0;0;0;0;0;0;0;0;0;0;0;0;0;0;0;0;0;0;0;0;0;0;0;0;0;0;0;0;0;0;0;0;0;0;0;0;0;0;0;0;0;0;0;0;0;0;0;0;0;0;0;0;0;0;0;0;5;1;2;0;2;2;3;2017-05-13 16:00:00;3818;0;0;0;0;0;-1;1;-1;-1;-1;-1;-1;-1;2;5;0;1;7;1;-1;0;0;0;0;0;0;0;0;0;0;0;0;0;1;1;0;1;-1;-1;0;0;-1;-1;-1;-1;-1;-1;-1;-1;-1;0;0;0;0;0;0;0;0;0;0;0;0;0;Thór;Selfoss;1.73;1.27;0;0;0;3;0;0;0;0;0;0;0;0;0;0;0;742;22;Y;Y;Y;Y;Y;N;Y
213941;3823;3822;2017;complete;1294;3;-1;45;45,50,90;1;3;4;4;11;15;-1;-1;2;1;0;0;3;7;9;7;12;14;-1;-1;-1;-1;2;1;0;0;0;0;0;0;0;0;0;0;0;0;0;0;0;0;0;0;0;0;0;0;0;0;0;0;0;0;0;0;0;0;0;0;0;0;0;0;0;0;0;0;0;0;0;0;0;0;0;0;0;0;0;0;0;0;0;0;0;0;0;0;0;0;0;0;0;0;4;1;1;0;2;2;2;2017-05-20 14:00:00;3822;0;50;50;0;0;-1;1;-1;-1;-1;-1;-1;-1;0;0;2;1;0;3;-1;0;0;0;0;0;0;0;0;0;0;0;0;0;1;1;0;0;-1;-1;0;0;-1;-1;-1;-1;-1;-1;-1;-1;-1;0;50;50;50;50;50;50;50;0;0;0;4;2;Leiknir Fáskrúdsfj.;HK;0.91;1.64;1;0;0.5;1.5;50;0;0;0;0;0;0;0;0;0;0;742;22;Y;Y;Y;Y;N;N;Y
213942;3813;3817;2017;complete;1294;3;-1;51,89;45;2;1;3;6;8;14;-1;-1;4;3;0;0;9;9;7;4;16;13;-1;-1;48;52;4;3;0;0;0;0;0;0;0;0;0;0;0;0;0;0;0;0;0;0;0;0;0;0;0;0;0;0;0;0;0;0;0;0;0;0;0;0;0;0;0;0;0;0;0;0;0;0;0;0;0;0;0;0;0;0;0;0;0;0;0;0;0;0;0;0;0;0;0;0;3;0;1;2;0;2;1;2017-05-20 14:00:00;3813;0;100;50;50;0;-1;1;-1;-1;-1;-1;-1;-1;2;1;2;2;3;4;-1;0;0;0;0;0;0;0;0;0;0;0;0;0;1;1;0;0;-1;-1;0;0;-1;-1;-1;-1;-1;-1;-1;-1;-1;0;50;100;100;100;100;100;100;50;10;0;6;3.5;Thróttur Reykjavík;Thór;2.55;1.36;0;0;1.5;0;100;50;0;0;0;50;50;50;0;0;0;742;22;Y;Y;Y;N;N;N;Y
213943;3818;3819;2017;complete;1294;3;-1;;63;0;1;1;-1;-1;-1;-1;-1;1;2;2;0;-1;-1;-1;-1;-1;-1;-1;-1;-1;-1;4;2;0;0;0;0;0;0;0;0;0;0;0;0;0;0;0;0;0;0;0;0;0;0;0;0;0;0;0;0;0;0;0;0;0;0;0;0;0;0;0;0;0;0;0;0;0;0;0;0;0;0;0;0;0;0;0;0;0;0;0;0;0;0;0;0;0;0;0;0;1;0;0;0;1;1;0;2017-05-20 14:00:00;3819;0;50;50;0;0;-1;1;-1;-1;-1;-1;-1;-1;0;0;3;2;0;5;-1;0;0;0;0;0;0;0;0;0;0;0;0;0;1;1;0;0;-1;-1;0;0;-1;-1;-1;-1;-1;-1;-1;-1;-1;0;50;50;50;100;50;100;50;0;3;0;3;2.5;Selfoss;Grótta;1.27;0.45;3;1;3;0.5;100;50;50;50;0;50;50;0;0;0;0;742;22;Y;N;N;N;N;N;N
213944;3814;3816;2017;complete;1294;3;-1;18,35;71,80;2;2;4;5;7;12;-1;-1;2;1;0;0;3;9;7;10;10;19;-1;-1;-1;-1;2;1;0;0;0;0;0;0;0;0;0;0;0;0;0;0;0;0;0;0;0;0;0;0;0;0;0;0;0;0;0;0;0;0;0;0;0;0;0;0;0;0;0;0;0;0;0;0;0;0;0;0;0;0;0;0;0;0;0;0;0;0;0;0;0;0;0;0;0;0;4;2;0;0;2;2;2;2017-05-21 16:00:00;-1;0;100;0;50;0;-1;1;-1;-1;-1;-1;-1;-1;1;0;1;1;1;2;-1;0;0;0;0;0;0;0;0;0;0;0;0;0;1;1;0;0;-1;-1;0;0;-1;-1;-1;-1;-1;-1;-1;-1;-1;0;0;50;100;100;0;100;100;50;12;0;5;2.5;Leiknir Reykjavík;Fram;1.91;1.18;1;3;0.5;2;100;100;50;0;0;50;50;50;0;0;0;742;22;Y;Y;Y;Y;N;N;Y
213945;3812;3815;2017;complete;1294;3;-1;44;83;1;1;2;9;7;16;-1;-1;2;3;0;0;6;3;11;7;17;10;-1;-1;50;50;2;3;0;0;0;0;0;0;0;0;0;0;0;0;0;0;0;0;0;0;0;0;0;0;0;0;0;0;0;0;0;0;0;0;0;0;0;0;0;0;0;0;0;0;0;0;0;0;0;0;0;0;0;0;0;0;0;0;0;0;0;0;0;0;0;0;0;0;0;0;2;1;0;0;1;1;1;2017-05-21 16:00:00;-1;0;100;0;50;0;-1;1;-1;-1;-1;-1;-1;-1;0;1;2;2;1;4;-1;0;0;0;0;0;0;0;0;0;0;0;0;0;1;1;0;0;-1;-1;0;0;-1;-1;-1;-1;-1;-1;-1;-1;-1;0;50;50;100;100;50;100;100;50;10;0;1;3;Fylkir;Keflavík;2.55;1.82;3;1;3;2;100;50;50;0;0;50;50;50;0;0;0;742;22;Y;Y;N;N;N;N;Y
213946;3821;3820;2017;complete;1294;3;-1;90;10;1;1;2;7;7;14;-1;-1;4;2;1;0;6;5;9;5;15;10;-1;-1;56;44;5;2;0;0;0;0;0;0;0;0;0;0;0;0;0;0;0;0;0;0;0;0;0;0;0;0;0;0;0;0;0;0;0;0;0;0;0;0;0;0;0;0;0;0;0;0;0;0;0;0;0;0;0;0;0;0;0;0;0;0;0;0;0;0;0;0;0;0;0;0;2;0;1;1;0;1;1;2017-05-21 16:00:00;-1;0;0;0;0;0;-1;1;-1;-1;-1;-1;-1;-1;0;0;5;2;0;7;-1;0;0;0;0;0;0;0;0;0;0;0;0;0;1;1;0;1;-1;-1;0;0;-1;-1;-1;-1;-1;-1;-1;-1;-1;0;0;0;0;50;0;50;0;0;7;0;4;0.5;Haukar;ÍR;2.18;0.73;0;0;2;0;50;50;50;50;0;50;50;0;0;0;0;742;22;Y;Y;N;N;N;N;Y
213947;3814;3823;2017;complete;1294;4;-1;30,53;;2;0;2;6;4;10;-1;-1;2;2;0;0;11;2;9;8;20;10;-1;-1;49;51;2;2;0;0;0;0;0;0;0;0;0;0;0;0;0;0;0;0;0;0;0;0;0;0;0;0;0;0;0;0;0;0;0;0;0;0;0;0;0;0;0;0;0;0;0;0;0;0;0;0;0;0;0;0;0;0;0;0;0;0;0;0;0;0;0;0;0;0;0;0;2;1;0;1;0;1;1;2017-05-25 14:00:00;3814;0;50;0;0;0;-1;1;-1;-1;-1;-1;-1;-1;1;0;1;2;1;3;-1;0;0;0;0;0;0;0;0;0;0;0;0;0;1;1;0;0;-1;-1;0;0;-1;-1;-1;-1;-1;-1;-1;-1;-1;0;25;75;100;100;25;100;100;75;10;0;2.5;3;Leiknir Reykjavík;Leiknir Fáskrúdsfj.;1.91;0;1;0;0.67;0.33;100;75;25;0;0;100;50;50;0;0;0;742;22;Y;Y;N;N;N;N;N
213948;3815;3818;2017;complete;1294;4;-1;52,66;50,63;2;2;4;7;6;13;-1;-1;-1;-1;-1;-1;9;9;3;3;12;12;-1;-1;46;54;-1;-1;0;0;0;0;0;0;0;0;0;0;0;0;0;0;0;0;0;0;0;0;0;0;0;0;0;0;0;0;0;0;0;0;0;0;0;0;0;0;0;0;0;0;0;0;0;0;0;0;0;0;0;0;0;0;0;0;0;0;0;0;0;0;0;0;0;0;0;0;4;0;0;2;2;4;0;2017-05-25 19:15:00;-1;0;50;50;0;0;-1;-1;-1;-1;-1;-1;-1;-1;-1;-1;-1;-1;-1;-1;-1;0;0;0;0;0;0;0;0;0;0;0;0;0;1;1;0;0;-1;-1;-1;-1;-1;-1;-1;-1;-1;-1;-1;-1;-1;50;50;100;100;100;50;100;100;100;12;0;8;4;Keflavík;Selfoss;2.36;1.27;3;3;1.67;2;50;50;0;0;0;100;50;50;0;0;0;742;22;Y;Y;Y;Y;N;N;Y
213949;3816;3820;2017;complete;1294;4;-1;82,90;63;2;1;3;12;4;16;-1;-1;1;1;0;0;8;6;9;8;17;14;-1;-1;54;46;1;1;0;0;0;0;0;0;0;0;0;0;0;0;0;0;0;0;0;0;0;0;0;0;0;0;0;0;0;0;0;0;0;0;0;0;0;0;0;0;0;0;0;0;0;0;0;0;0;0;0;0;0;0;0;0;0;0;0;0;0;0;0;0;0;0;0;0;0;0;3;0;0;2;1;3;0;2017-05-26 19:15:00;3816;0;75;0;50;0;-1;1;-1;-1;-1;-1;-1;-1;0;0;1;1;0;2;-1;0;0;0;0;0;0;0;0;0;0;0;0;0;1;1;0;0;-1;-1;0;0;-1;-1;-1;-1;-1;-1;-1;-1;-1;0;50;50;75;100;0;100;75;50;19;0;5;2.75;Fram;ÍR;1.27;0.73;1;0.5;1.67;0.33;100;50;50;25;0;100;100;75;0;0;0;742;22;Y;Y;Y;N;N;N;Y
213950;3819;3813;2017;complete;1294;4;-1;;9,66,90;0;3;3;11;5;16;-1;-1;-1;-1;-1;-1;7;10;5;3;12;13;-1;-1;60;40;-1;-1;0;0;0;0;0;0;0;0;0;0;0;0;0;0;0;0;0;0;0;0;0;0;0;0;0;0;0;0;0;0;0;0;0;0;0;0;0;0;0;0;0;0;0;0;0;0;0;0;0;0;0;0;0;0;0;0;0;0;0;0;0;0;0;0;0;0;0;0;3;0;1;0;2;2;1;2017-05-26 19:15:00;3813;0;100;50;50;0;-1;-1;-1;-1;-1;-1;-1;-1;-1;-1;-1;-1;-1;-1;-1;0;0;0;0;0;0;0;0;0;0;0;0;0;1;1;0;1;-1;-1;-1;-1;-1;-1;-1;-1;-1;-1;-1;-1;-1;0;0;100;100;100;50;50;100;50;4;0;3;3;Grótta;Thróttur Reykjavík;0.36;1.27;0;3;1.33;2;100;100;0;0;0;50;50;0;0;0;0;742;22;Y;Y;Y;N;N;N;N
213951;3817;3821;2017;complete;1294;4;-1;34,46;5;2;1;3;10;3;13;-1;-1;1;5;0;0;10;2;11;6;21;8;-1;-1;54;46;1;5;0;0;0;0;0;0;0;0;0;0;0;0;0;0;0;0;0;0;0;0;0;0;0;0;0;0;0;0;0;0;0;0;0;0;0;0;0;0;0;0;0;0;0;0;0;0;0;0;0;0;0;0;0;0;0;0;0;0;0;0;0;0;0;0;0;0;0;0;3;1;1;1;0;1;2;2017-05-27 16:00:00;3817;0;100;75;25;0;-1;1;-1;-1;-1;-1;-1;-1;0;1;1;4;1;5;-1;0;0;0;0;0;0;0;1;0;1;0;0;0;1;1;0;1;-1;-1;0;0;-1;-1;-1;-1;-1;-1;-1;-1;-1;50;75;100;100;100;75;100;100;75;8;0;4;4.25;Thór;Haukar;1.73;0.82;0;2;0;1.67;50;25;0;0;0;100;100;100;0;0;0;742;22;Y;Y;Y;N;N;N;Y
213952;3822;3812;2017;complete;1294;4;-1;;31,42,44;0;3;3;2;3;5;-1;-1;2;3;0;0;4;11;5;7;9;18;-1;-1;49;51;2;3;0;0;0;0;0;0;0;0;0;0;0;0;0;0;0;0;0;0;0;0;0;0;0;0;0;0;0;0;0;0;0;0;0;0;0;0;0;0;0;0;0;0;0;0;0;0;0;0;0;0;0;0;0;0;0;0;0;0;0;0;0;0;0;0;0;0;0;0;3;0;3;0;0;0;3;2017-05-28 17:00:00;3812;0;100;75;50;0;-1;1;-1;-1;-1;-1;-1;-1;0;0;2;3;0;5;-1;0;0;0;0;0;0;0;0;0;0;0;0;0;1;1;0;0;-1;-1;0;0;-1;-1;-1;-1;-1;-1;-1;-1;-1;25;25;100;100;100;75;100;100;50;4.5;0;3.5;3.5;HK;Fylkir;2.18;1.82;1.5;3;2;2.33;75;75;0;0;0;25;0;0;0;0;0;742;22;Y;Y;Y;N;N;N;N
213953;3821;3819;2017;complete;1294;5;-1;24;48;1;1;2;7;4;11;-1;-1;1;1;0;0;8;7;10;8;18;15;-1;-1;-1;-1;1;1;0;0;0;0;0;0;0;0;0;0;0;0;0;0;0;0;0;0;0;0;0;0;0;0;0;0;0;0;0;0;0;0;0;0;0;0;0;0;0;0;0;0;0;0;0;0;0;0;0;0;0;0;0;0;0;0;0;0;0;0;0;0;0;0;0;0;0;0;2;1;0;0;1;1;1;2017-06-02 19:15:00;-1;0;75;25;0;0;-1;1;-1;-1;-1;-1;-1;-1;0;1;1;0;1;1;-1;0;0;0;0;0;0;0;0;0;0;0;0;0;1;1;0;0;-1;-1;0;0;-1;-1;-1;-1;-1;-1;-1;-1;-1;0;25;25;75;100;25;75;100;0;7;0;7;2.25;Haukar;Grótta;2.18;0.45;1;2;1.25;1;100;75;75;25;0;50;50;50;0;0;0;742;22;Y;Y;N;N;N;N;Y
213954;3813;3815;2017;complete;1294;5;-1;14,80;;2;0;2;10;7;17;-1;-1;1;3;0;1;10;9;6;6;16;15;-1;-1;44;56;1;4;0;0;0;0;0;0;0;0;0;0;0;0;0;0;0;0;0;0;0;0;0;0;0;0;0;0;0;0;0;0;0;0;0;0;0;0;0;0;0;0;0;0;0;0;0;0;0;0;0;0;0;0;0;0;0;0;0;0;0;0;0;0;0;0;0;0;0;0;2;1;0;1;0;1;1;2017-06-02 20:00:00;3813;0;100;25;0;0;-1;1;-1;-1;-1;-1;-1;-1;1;2;0;2;3;2;-1;0;0;0;0;0;0;0;0;0;0;0;0;0;1;1;0;0;-1;-1;0;0;-1;-1;-1;-1;-1;-1;-1;-1;-1;0;0;50;100;100;25;100;100;25;13.5;0;6.5;2.5;Thróttur Reykjavík;Keflavík;2.55;1.82;1.5;1;2.25;1.5;100;100;50;0;0;100;100;100;0;0;0;742;22;Y;Y;N;N;N;N;N
213955;3823;3816;2017;complete;1294;5;-1;36;25,90;1;2;3;5;1;6;-1;-1;3;4;0;0;6;6;2;3;8;9;-1;-1;-1;-1;3;4;0;0;0;0;0;0;0;0;0;0;0;0;0;0;0;0;0;0;0;0;0;0;0;0;0;0;0;0;0;0;0;0;0;0;0;0;0;0;0;0;0;0;0;0;0;0;0;0;0;0;0;0;0;0;0;0;0;0;0;0;0;0;0;0;0;0;0;0;3;1;1;0;1;1;2;2017-06-03 14:00:00;3816;0;100;50;25;0;-1;1;-1;-1;-1;-1;-1;-1;2;1;1;3;3;4;-1;0;0;0;0;0;0;0;0;1;0;1;0;0;1;1;0;0;-1;-1;0;0;-1;-1;-1;-1;-1;-1;-1;-1;-1;0;75;100;100;100;75;100;100;75;10;0;4.5;3.75;Leiknir Fáskrúdsfj.;Fram;0.91;1.18;0.5;2;0.25;2;100;25;0;0;0;75;75;75;0;0;0;742;22;Y;Y;Y;N;N;N;Y
213956;3818;3822;2017;complete;1294;5;-1;41;;1;0;1;5;5;10;-1;-1;3;1;0;0;5;7;3;1;8;8;-1;-1;51;49;3;1;0;0;0;0;0;0;0;0;0;0;0;0;0;0;0;0;0;0;0;0;0;0;0;0;0;0;0;0;0;0;0;0;0;0;0;0;0;0;0;0;0;0;0;0;0;0;0;0;0;0;0;0;0;0;0;0;0;0;0;0;0;0;0;0;0;0;0;0;1;1;0;0;0;0;1;2017-06-03 14:00:00;3818;0;50;50;0;0;-1;1;-1;-1;-1;-1;-1;-1;1;1;2;0;2;2;-1;0;0;0;0;0;0;0;0;0;0;0;0;0;1;1;0;0;-1;-1;0;0;-1;-1;-1;-1;-1;-1;-1;-1;-1;0;50;50;50;100;50;75;75;50;14;0;3.5;2.5;Selfoss;HK;1.27;1.64;1.5;3;1.75;1.5;100;50;50;50;0;100;100;50;0;0;0;742;22;Y;N;N;N;N;N;N
213957;3820;3817;2017;complete;1294;5;-1;90,90;86;2;1;3;7;9;16;-1;-1;1;1;0;0;4;6;4;6;8;12;-1;-1;-1;-1;1;1;0;0;0;0;0;0;0;0;0;0;0;0;0;0;0;0;0;0;0;0;0;0;0;0;0;0;0;0;0;0;0;0;0;0;0;0;0;0;0;0;0;0;0;0;0;0;0;0;0;0;0;0;0;0;0;0;0;0;0;0;0;0;0;0;0;0;0;0;3;0;0;2;1;3;0;2017-06-03 15:00:00;3820;0;100;0;75;0;-1;1;-1;-1;-1;-1;-1;-1;0;0;1;1;0;2;-1;0;0;0;0;0;0;0;0;0;0;0;0;0;1;1;0;0;-1;-1;0;0;-1;-1;-1;-1;-1;-1;-1;-1;-1;0;25;100;100;100;25;50;100;100;11;0;4;3.25;ÍR;Thór;1;1.36;0;0;0.25;0.75;100;75;0;0;0;75;75;25;0;0;0;742;22;Y;Y;Y;N;N;N;Y
213958;3812;3814;2017;complete;1294;5;-1;39,70;;2;0;2;6;5;11;-1;-1;0;1;0;0;7;3;9;5;16;8;-1;-1;55;45;0;1;0;0;0;0;0;0;0;0;0;0;0;0;0;0;0;0;0;0;0;0;0;0;0;0;0;0;0;0;0;0;0;0;0;0;0;0;0;0;0;0;0;0;0;0;0;0;0;0;0;0;0;0;0;0;0;0;0;0;0;0;0;0;0;0;0;0;0;0;2;1;0;1;0;1;1;2017-06-05 18:00:00;3812;0;100;50;75;0;-1;1;-1;-1;-1;-1;-1;-1;0;1;0;0;1;0;-1;0;0;0;0;0;0;0;0;0;0;0;0;0;1;1;0;0;-1;-1;0;0;-1;-1;-1;-1;-1;-1;-1;-1;-1;50;75;75;100;100;75;100;100;75;9.5;0;7;4;Fylkir;Leiknir Reykjavík;2.55;1.36;2;0;2.5;1.25;50;25;25;0;0;75;25;25;0;0;0;742;22;Y;Y;N;N;N;N;N
213959;3815;3821;2017;complete;1294;6;-1;42,51,79;;3;0;3;11;1;12;-1;-1;1;3;0;0;15;3;5;4;20;7;-1;-1;50;50;1;3;0;0;0;0;0;0;0;0;0;0;0;0;0;0;0;0;0;0;0;0;0;0;0;0;0;0;0;0;0;0;0;0;0;0;0;0;0;0;0;0;0;0;0;0;0;0;0;0;0;0;0;0;0;0;0;0;0;0;0;0;0;0;0;0;0;0;0;0;3;1;0;2;0;2;1;2017-06-07 19:15:00;3815;0;75;34;42;0;-1;1;-1;-1;-1;-1;-1;-1;0;0;1;3;0;4;-1;0;0;0;0;0;0;0;0;0;0;0;0;0;1;1;0;0;-1;-1;0;0;-1;-1;-1;-1;-1;-1;-1;-1;-1;0;42;100;100;100;34;75;100;67;9;0;4;3.42;Keflavík;Haukar;2.36;0.82;2;1.33;1.2;1.2;100;59;0;0;0;100;75;75;0;0;0;742;22;Y;Y;Y;N;N;N;N
213960;3816;3817;2017;complete;1294;6;-1;81;6,27,47;1;3;4;3;6;9;-1;-1;5;4;0;0;6;7;6;8;12;15;-1;-1;-1;-1;5;4;0;0;0;0;0;0;0;0;0;0;0;0;0;0;0;0;0;0;0;0;0;0;0;0;0;0;0;0;0;0;0;0;0;0;0;0;0;0;0;0;0;0;0;0;0;0;0;0;0;0;0;0;0;0;0;0;0;0;0;0;0;0;0;0;0;0;0;0;4;0;2;1;1;2;2;2017-06-08 18:00:00;3817;0;100;0;84;0;-1;1;-1;-1;-1;-1;-1;-1;0;2;5;2;2;7;-1;0;0;0;0;0;0;0;0;0;0;0;0;0;1;1;0;1;-1;-1;0;0;-1;-1;-1;-1;-1;-1;-1;-1;-1;0;42;100;100;100;17;59;100;100;18.33;0;3.17;3.42;Fram;Thór;1.27;1.36;2;0;2.2;0.6;100;59;0;0;0;84;84;84;0;0;0;742;22;Y;Y;Y;Y;N;N;Y
213961;3819;3820;2017;complete;1294;6;-1;25;23,90;1;2;3;1;8;9;-1;-1;3;2;0;0;4;9;1;10;5;19;-1;-1;49;51;3;2;0;0;0;0;0;0;0;0;0;0;0;0;0;0;0;0;0;0;0;0;0;0;0;0;0;0;0;0;0;0;0;0;0;0;0;0;0;0;0;0;0;0;0;0;0;0;0;0;0;0;0;0;0;0;0;0;0;0;0;0;0;0;0;0;0;0;0;0;3;1;1;0;1;1;2;2017-06-08 19:15:00;3820;0;59;25;17;0;-1;1;-1;-1;-1;-1;-1;-1;2;0;1;2;2;3;-1;0;0;0;0;0;0;0;0;0;0;0;0;0;1;1;0;0;-1;-1;0;0;-1;-1;-1;-1;-1;-1;-1;-1;-1;0;0;67;84;100;25;84;84;42;17;0;4.33;2.5;Grótta;ÍR;0.36;0.73;0;0.33;1;0.8;100;100;34;17;0;100;100;84;0;0;0;742;22;Y;Y;Y;N;N;N;Y
213962;3822;3813;2017;complete;1294;6;-1;;40;0;1;1;3;5;8;-1;-1;5;2;1;0;5;7;5;4;10;11;-1;-1;46;54;6;2;0;0;0;0;0;0;0;0;0;0;0;0;0;0;0;0;0;0;0;0;0;0;0;0;0;0;0;0;0;0;0;0;0;0;0;0;0;0;0;0;0;0;0;0;0;0;0;0;0;0;0;0;0;0;0;0;0;0;0;0;0;0;0;0;0;0;0;0;1;0;1;0;0;0;1;2017-06-08 19:15:00;3813;0;59;17;59;0;-1;1;-1;-1;-1;-1;-1;-1;1;0;5;2;1;7;-1;0;0;0;0;0;0;0;0;1;0;1;0;0;1;1;0;0;-1;-1;0;0;-1;-1;-1;-1;-1;-1;-1;-1;-1;17;17;100;100;100;34;75;84;84;8.17;0;2.67;3.34;HK;Thróttur Reykjavík;2.18;1.27;1;3;1.2;2.4;84;84;0;0;0;67;50;25;0;0;0;742;22;Y;N;N;N;N;N;N
213963;3814;3818;2017;complete;1294;6;-1;62,75;;2;0;2;3;4;7;-1;-1;2;2;0;0;11;3;6;1;17;4;-1;-1;46;54;2;2;0;0;0;0;0;0;0;0;0;0;0;0;0;0;0;0;0;0;0;0;0;0;0;0;0;0;0;0;0;0;0;0;0;0;0;0;0;0;0;0;0;0;0;0;0;0;0;0;0;0;0;0;0;0;0;0;0;0;0;0;0;0;0;0;0;0;0;0;2;0;0;2;0;2;0;2017-06-09 19:15:00;3814;0;84;25;25;0;-1;1;-1;-1;-1;-1;-1;-1;1;2;1;0;3;1;-1;0;0;0;0;0;0;0;0;0;0;0;0;0;1;1;0;0;-1;-1;0;0;-1;-1;-1;-1;-1;-1;-1;-1;-1;25;67;67;100;100;42;75;100;67;12.5;0;9.33;3.59;Leiknir Reykjavík;Selfoss;1.91;1.27;1.67;2;1;2;75;34;34;0;0;100;100;84;0;0;0;742;22;Y;Y;N;N;N;N;N
213964;3823;3812;2017;complete;1294;6;-1;11,34,61;45;3;1;4;6;7;13;-1;-1;3;1;0;0;6;9;6;12;12;21;-1;-1;-1;-1;3;1;0;0;0;0;0;0;0;0;0;0;0;0;0;0;0;0;0;0;0;0;0;0;0;0;0;0;0;0;0;0;0;0;0;0;0;0;0;0;0;0;0;0;0;0;0;0;0;0;0;0;0;0;0;0;0;0;0;0;0;0;0;0;0;0;0;0;0;0;4;2;1;1;0;1;3;2017-06-10 14:00:00;3823;0;75;75;0;0;-1;1;-1;-1;-1;-1;-1;-1;0;0;3;1;0;4;-1;0;0;0;0;0;0;0;1;0;1;0;0;0;1;1;0;0;-1;-1;0;0;-1;-1;-1;-1;-1;-1;-1;-1;-1;0;34;100;100;100;100;100;75;17;7.5;0;5.5;3.34;Leiknir Fáskrúdsfj.;Fylkir;0.91;1.82;0.33;3;0.2;2.6;100;67;0;0;0;25;25;25;0;0;0;742;22;Y;Y;Y;Y;N;N;Y
213965;3813;3814;2017;complete;1294;7;-1;4,86,90;13,32,82;3;3;6;5;2;7;-1;-1;3;3;0;0;6;6;12;7;18;13;-1;-1;52;48;3;3;0;0;0;0;0;0;0;0;0;0;0;0;0;0;0;0;0;0;0;0;0;0;0;0;0;0;0;0;0;0;0;0;0;0;0;0;0;0;0;0;0;0;0;0;0;0;0;0;0;0;0;0;0;0;0;0;0;0;0;0;0;0;0;0;0;0;0;0;6;1;2;2;1;3;3;2017-06-14 19:15:00;-1;0;59;42;25;0;-1;1;-1;-1;-1;-1;-1;-1;1;2;2;1;3;3;-1;0;0;0;0;0;0;0;0;0;0;0;0;0;1;1;1;0;-1;-1;0;0;-1;-1;-1;-1;-1;-1;-1;-1;-1;25;25;59;100;100;42;100;100;42;12;0;6.83;3.09;Thróttur Reykjavík;Leiknir Reykjavík;2.55;1.36;2;0;2.5;1.33;75;75;42;0;0;100;75;75;0;0;0;742;22;Y;Y;Y;Y;Y;Y;Y
213966;3817;3819;2017;complete;1294;7;-1;52,72;;2;0;2;3;3;6;-1;-1;1;5;0;0;11;2;8;1;19;3;-1;-1;51;49;1;5;0;0;0;0;0;0;0;0;0;0;0;0;0;0;0;0;0;0;0;0;0;0;0;0;0;0;0;0;0;0;0;0;0;0;0;0;0;0;0;0;0;0;0;0;0;0;0;0;0;0;0;0;0;0;0;0;0;0;0;0;0;0;0;0;0;0;0;0;2;0;0;2;0;2;0;2017-06-15 18:00:00;3817;0;84;67;0;0;-1;1;-1;-1;-1;-1;-1;-1;0;1;1;4;1;5;-1;0;0;0;0;0;0;0;0;0;0;0;0;0;1;1;0;0;-1;-1;0;0;-1;-1;-1;-1;-1;-1;-1;-1;-1;25;42;67;84;100;67;84;100;25;11.5;0;3.17;3.17;Thór;Grótta;1.73;0.45;1.5;1.67;1;0.83;75;59;34;17;0;100;100;100;0;0;0;742;22;Y;Y;N;N;N;N;N
213967;3812;3816;2017;complete;1294;7;-1;45,61;;2;0;2;13;1;14;-1;-1;2;0;0;0;6;2;5;3;11;5;-1;-1;-1;-1;2;0;0;0;0;0;0;0;0;0;0;0;0;0;0;0;0;0;0;0;0;0;0;0;0;0;0;0;0;0;0;0;0;0;0;0;0;0;0;0;0;0;0;0;0;0;0;0;0;0;0;0;0;0;0;0;0;0;0;0;0;0;0;0;0;0;0;0;0;0;2;1;0;1;0;1;1;2017-06-15 19:15:00;3812;0;84;17;33;0;-1;1;-1;-1;-1;-1;-1;-1;2;0;0;0;2;0;-1;0;0;0;0;0;0;0;0;0;0;0;0;0;1;1;0;0;-1;-1;0;0;-1;-1;-1;-1;-1;-1;-1;-1;-1;0;33;67;100;100;50;100;100;50;10.66;0;3;3;Fylkir;Fram;2.55;1.18;2.33;2.33;2.17;1.83;100;67;34;0;0;50;50;50;0;0;0;742;22;Y;Y;N;N;N;N;N
213968;3821;3822;2017;complete;1294;7;-1;68,80;78;2;1;3;4;7;11;-1;-1;4;2;0;0;4;7;6;4;10;11;-1;-1;45;55;4;2;0;0;0;0;0;0;0;0;0;0;0;0;0;0;0;0;0;0;0;0;0;0;0;0;0;0;0;0;0;0;0;0;0;0;0;0;0;0;0;0;0;0;0;0;0;0;0;0;0;0;0;0;0;0;0;0;0;0;0;0;0;0;0;0;0;0;0;0;3;0;0;2;1;3;0;2017-06-15 19:15:00;3821;0;75;25;0;0;-1;1;-1;-1;-1;-1;-1;-1;1;0;3;2;1;5;-1;0;0;0;0;0;0;0;1;0;1;0;0;0;1;1;0;0;-1;-1;0;0;-1;-1;-1;-1;-1;-1;-1;-1;-1;0;25;25;75;100;25;100;75;25;15;0;4;2.25;Haukar;HK;2.18;1.64;1;1.5;1;1;100;75;75;25;0;100;100;75;0;0;0;742;22;Y;Y;Y;N;N;N;Y
213969;3820;3815;2017;complete;1294;7;-1;41;25,67,80;1;3;4;6;5;11;-1;-1;1;2;0;0;2;4;0;0;2;4;-1;-1;-1;-1;1;2;0;0;0;0;0;0;0;0;0;0;0;0;0;0;0;0;0;0;0;0;0;0;0;0;0;0;0;0;0;0;0;0;0;0;0;0;0;0;0;0;0;0;0;0;0;0;0;0;0;0;0;0;0;0;0;0;0;0;0;0;0;0;0;0;0;0;0;0;4;1;1;0;2;2;2;2017-06-16 19:15:00;3815;0;84;0;50;0;-1;1;-1;-1;-1;-1;-1;-1;0;0;1;2;0;3;-1;0;0;0;0;0;0;0;0;0;0;0;0;0;1;1;0;0;-1;-1;0;0;-1;-1;-1;-1;-1;-1;-1;-1;-1;0;0;50;100;100;0;50;100;50;13.17;0;4.17;2.5;ÍR;Keflavík;1;1.82;1.5;0.67;1.17;1.5;100;100;50;0;0;100;100;75;0;0;0;742;22;Y;Y;Y;Y;N;N;Y
213970;3818;3823;2017;complete;1294;7;-1;59,74;;2;0;2;-1;-1;-1;-1;-1;2;2;0;0;-1;-1;-1;-1;-1;-1;-1;-1;-1;-1;2;2;0;0;0;0;0;0;0;0;0;0;0;0;0;0;0;0;0;0;0;0;0;0;0;0;0;0;0;0;0;0;0;0;0;0;0;0;0;0;0;0;0;0;0;0;0;0;0;0;0;0;0;0;0;0;0;0;0;0;0;0;0;0;0;0;0;0;0;0;2;0;0;2;0;2;0;2017-06-18 15:00:00;3818;0;0;0;0;0;-1;1;-1;-1;-1;-1;-1;-1;0;1;2;1;1;3;-1;0;0;0;0;0;0;0;0;0;0;0;0;0;1;1;0;0;-1;-1;0;0;-1;-1;-1;-1;-1;-1;-1;-1;-1;0;0;25;50;100;0;84;67;25;8;0;3.67;1.75;Selfoss;Leiknir Fáskrúdsfj.;1.27;0;2;0;1.67;0.67;100;100;75;50;0;100;75;0;0;0;0;742;22;Y;Y;N;N;N;N;N
213971;3816;3819;2017;complete;1294;8;-1;52;;1;0;1;4;6;10;-1;-1;2;5;0;0;8;6;10;6;18;12;-1;-1;47;53;2;5;0;0;0;0;0;0;0;0;0;0;0;0;0;0;0;0;0;0;0;0;0;0;0;0;0;0;0;0;0;0;0;0;0;0;0;0;0;0;0;0;0;0;0;0;0;0;0;0;0;0;0;0;0;0;0;0;0;0;0;0;0;0;0;0;0;0;0;0;1;0;0;1;0;1;0;2017-06-22 19:15:00;3816;0;75;13;50;0;-1;1;-1;-1;-1;-1;-1;-1;1;1;1;4;2;5;-1;0;0;0;0;0;0;0;0;0;0;0;0;0;1;1;0;0;-1;-1;0;0;-1;-1;-1;-1;-1;-1;-1;-1;-1;0;46;63;88;100;29;59;100;63;12.5;0;5.17;2.96;Fram;Grótta;1.27;0.45;1.33;1.25;1.57;0.71;100;54;38;13;0;75;59;59;0;0;0;742;22;Y;N;N;N;N;N;N
213972;3822;3820;2017;complete;1294;8;-1;16,87;;2;0;2;3;5;8;-1;-1;2;0;0;1;7;3;7;8;14;11;-1;-1;44;56;2;2;0;0;0;0;0;0;0;0;0;0;0;0;0;0;0;0;0;0;0;0;0;0;0;0;0;0;0;0;0;0;0;0;0;0;0;0;0;0;0;0;0;0;0;0;0;0;0;0;0;0;0;0;0;0;0;0;0;0;0;0;0;0;0;0;0;0;0;0;2;1;0;1;0;1;1;2017-06-22 19:15:00;3822;0;63;25;38;0;-1;1;-1;-1;-1;-1;-1;-1;0;0;2;1;0;3;-1;0;0;0;0;0;0;0;0;0;0;0;0;0;1;1;0;0;-1;-1;0;0;-1;-1;-1;-1;-1;-1;-1;-1;-1;13;13;63;75;100;38;88;63;38;10;0;5;2.63;HK;ÍR;2.18;0.73;0.75;1;0.86;1;88;88;38;25;0;63;38;25;0;0;0;742;22;Y;Y;N;N;N;N;N
213973;3812;3818;2017;complete;1294;8;-1;28,40;;2;0;2;8;5;13;-1;-1;1;3;0;0;6;3;9;4;15;7;-1;-1;52;48;1;3;0;0;0;0;0;0;0;0;0;0;0;0;0;0;0;0;0;0;0;0;0;0;0;0;0;0;0;0;0;0;0;0;0;0;0;0;0;0;0;0;0;0;0;0;0;0;0;0;0;0;0;0;0;0;0;0;0;0;0;0;0;0;0;0;0;0;0;0;2;2;0;0;0;0;2;2017-06-23 19:15:00;3812;0;59;17;29;0;-1;1;-1;-1;-1;-1;-1;-1;0;1;1;2;1;3;-1;0;0;0;0;0;0;0;0;0;0;0;0;0;1;1;0;0;-1;-1;0;0;-1;-1;-1;-1;-1;-1;-1;-1;-1;17;46;46;100;100;29;67;100;63;13.67;0;5.5;3.09;Fylkir;Selfoss;2.55;1.27;2.5;1.33;2.29;1.86;84;54;54;0;0;71;71;71;0;0;0;742;22;Y;Y;N;N;N;N;N
213974;3814;3821;2017;complete;1294;8;-1;;;0;0;0;11;3;14;-1;-1;0;3;0;1;5;8;10;6;15;14;-1;-1;-1;-1;0;4;0;0;0;0;0;0;0;0;0;0;0;0;0;0;0;0;0;0;0;0;0;0;0;0;0;0;0;0;0;0;0;0;0;0;0;0;0;0;0;0;0;0;0;0;0;0;0;0;0;0;0;0;0;0;0;0;0;0;0;0;0;0;0;0;0;0;0;0;0;0;0;0;0;0;0;2017-06-23 19:15:00;-1;0;63;25;13;0;-1;1;-1;-1;-1;-1;-1;-1;0;1;0;3;1;3;-1;0;0;0;0;0;0;0;0;0;0;0;0;0;1;1;0;0;-1;-1;0;0;-1;-1;-1;-1;-1;-1;-1;-1;-1;0;25;63;100;100;38;88;100;50;7.75;0;5.25;2.88;Leiknir Reykjavík;Haukar;1.91;0.82;2;1;1.29;1.29;100;75;38;0;0;88;88;75;0;0;0;742;22;N;N;N;N;N;N;N
213975;3815;3817;2017;complete;1294;8;-1;57;;1;0;1;2;1;3;-1;-1;4;1;0;0;4;4;8;2;12;6;-1;-1;-1;-1;4;1;0;0;0;0;0;0;0;0;0;0;0;0;0;0;0;0;0;0;0;0;0;0;0;0;0;0;0;0;0;0;0;0;0;0;0;0;0;0;0;0;0;0;0;0;0;0;0;0;0;0;0;0;0;0;0;0;0;0;0;0;0;0;0;0;0;0;0;0;1;0;0;1;0;1;0;2017-06-24 14:00:00;3815;0;67;0;54;0;-1;1;-1;-1;-1;-1;-1;-1;1;0;3;1;1;4;-1;0;0;0;0;0;0;0;0;0;0;0;0;0;1;1;0;0;-1;-1;0;0;-1;-1;-1;-1;-1;-1;-1;-1;-1;0;42;100;100;100;25;71;100;100;13.92;0;3.25;3.42;Keflavík;Thór;2.36;1.36;2.33;0.75;1.71;1.29;100;59;0;0;0;88;59;59;0;0;0;742;22;Y;N;N;N;N;N;N
213976;3823;3813;2017;complete;1294;8;-1;5,6,45;3,30;3;2;5;-1;-1;-1;-1;-1;6;3;0;0;-1;-1;-1;-1;-1;-1;-1;-1;-1;-1;6;3;0;0;0;0;0;0;0;0;0;0;0;0;0;0;0;0;0;0;0;0;0;0;0;0;0;0;0;0;0;0;0;0;0;0;0;0;0;0;0;0;0;0;0;0;0;0;0;0;0;0;0;0;0;0;0;0;0;0;0;0;0;0;0;0;0;0;0;0;5;3;2;0;0;0;5;2017-06-24 14:00:00;3823;0;67;50;17;0;-1;1;-1;-1;-1;-1;-1;-1;1;1;5;2;2;7;-1;0;0;0;0;0;0;0;0;0;0;0;0;0;1;1;2;1;-1;-1;0;0;-1;-1;-1;-1;-1;-1;-1;-1;-1;0;38;84;84;100;50;84;84;46;9.67;0;4.5;3.04;Leiknir Fáskrúdsfj.;Thróttur Reykjavík;0.91;1.27;1;3;0.57;2.29;100;63;17;17;0;67;67;50;0;0;0;742;22;Y;Y;Y;Y;Y;N;Y
213977;3820;3814;2017;complete;1294;9;-1;85;34;1;1;2;5;8;13;-1;-1;2;2;0;0;7;2;2;3;9;5;-1;-1;47;53;2;2;0;0;0;0;0;0;0;0;0;0;0;0;0;0;0;0;0;0;0;0;0;0;0;0;0;0;0;0;0;0;0;0;0;0;0;0;0;0;0;0;0;0;0;0;0;0;0;0;0;0;0;0;0;0;0;0;0;0;0;0;0;0;0;0;0;0;0;0;2;0;1;1;0;1;1;2017-06-29 19:15:00;-1;0;84;50;67;0;-1;1;-1;-1;-1;-1;-1;-1;0;0;2;2;0;4;-1;0;0;0;0;0;0;0;0;0;0;0;0;0;1;1;0;0;-1;-1;0;0;-1;-1;-1;-1;-1;-1;-1;-1;-1;34;50;84;100;100;50;67;100;84;9.66;0;4.66;3.83;ÍR;Leiknir Reykjavík;1;1.36;1;0.33;0.88;1.25;67;50;17;0;0;84;67;50;0;0;0;742;22;Y;Y;N;N;N;N;Y
213978;3819;3815;2017;complete;1294;9;-1;;60;0;1;1;-1;-1;-1;-1;-1;3;2;0;0;-1;-1;-1;-1;-1;-1;-1;-1;-1;-1;3;2;0;0;0;0;0;0;0;0;0;0;0;0;0;0;0;0;0;0;0;0;0;0;0;0;0;0;0;0;0;0;0;0;0;0;0;0;0;0;0;0;0;0;0;0;0;0;0;0;0;0;0;0;0;0;0;0;0;0;0;0;0;0;0;0;0;0;0;0;1;0;0;0;1;1;0;2017-06-29 19:15:00;3815;0;71;46;0;0;-1;1;-1;-1;-1;-1;-1;-1;0;0;3;2;0;5;-1;0;0;0;0;0;0;0;0;0;0;0;0;0;1;1;0;0;-1;-1;0;0;-1;-1;-1;-1;-1;-1;-1;-1;-1;0;13;63;100;100;46;100;100;29;12.25;0;5;2.75;Grótta;Keflavík;0.36;1.82;0;1.25;0.63;1.88;100;88;38;0;0;100;75;75;0;0;0;742;22;Y;N;N;N;N;N;N
213979;3818;3816;2017;complete;1294;9;-1;12;58;1;1;2;-1;-1;-1;-1;-1;1;3;0;0;-1;-1;-1;-1;-1;-1;-1;-1;-1;-1;1;3;0;0;0;0;0;0;0;0;0;0;0;0;0;0;0;0;0;0;0;0;0;0;0;0;0;0;0;0;0;0;0;0;0;0;0;0;0;0;0;0;0;0;0;0;0;0;0;0;0;0;0;0;0;0;0;0;0;0;0;0;0;0;0;0;0;0;0;0;2;1;0;0;1;1;1;2017-06-30 19:15:00;-1;0;38;13;13;0;-1;1;-1;-1;-1;-1;-1;-1;0;0;1;3;0;4;-1;0;0;0;0;0;0;0;0;0;0;0;0;0;1;1;0;0;-1;-1;0;0;-1;-1;-1;-1;-1;-1;-1;-1;-1;0;13;38;63;100;25;75;75;38;7.5;0;4.25;2.13;Selfoss;Fram;1.27;1.18;2.25;1.75;1.63;1.75;100;88;63;38;0;75;75;25;0;0;0;742;22;Y;Y;N;N;N;N;Y
213980;3817;3822;2017;complete;1294;9;-1;37,73,77;;3;0;3;1;5;6;-1;-1;3;0;0;0;5;2;7;6;12;8;-1;-1;53;47;3;0;0;0;0;0;0;0;0;0;0;0;0;0;0;0;0;0;0;0;0;0;0;0;0;0;0;0;0;0;0;0;0;0;0;0;0;0;0;0;0;0;0;0;0;0;0;0;0;0;0;0;0;0;0;0;0;0;0;0;0;0;0;0;0;0;0;0;0;0;3;1;0;2;0;2;1;2017-06-30 19:15:00;3817;0;67;50;17;0;-1;1;-1;-1;-1;-1;-1;-1;0;0;3;0;0;3;-1;0;0;0;0;0;0;0;0;0;0;0;0;0;1;1;0;0;-1;-1;0;0;-1;-1;-1;-1;-1;-1;-1;-1;-1;17;33;67;84;100;50;67;84;67;13.67;0;2.66;3;Thór;HK;1.73;1.64;2;1;1.13;1.13;84;67;33;17;0;84;84;67;0;0;0;742;22;Y;Y;Y;N;N;N;N
213981;3821;3823;2017;complete;1294;9;-1;1,45,47,71,84;;5;0;5;8;11;19;-1;-1;0;1;0;0;14;6;10;10;24;16;-1;-1;-1;-1;0;1;0;0;0;0;0;0;0;0;0;0;0;0;0;0;0;0;0;0;0;0;0;0;0;0;0;0;0;0;0;0;0;0;0;0;0;0;0;0;0;0;0;0;0;0;0;0;0;0;0;0;0;0;0;0;0;0;0;0;0;0;0;0;0;0;0;0;0;0;5;2;0;3;0;3;2;2017-07-01 15:00:00;3821;0;50;0;17;0;-1;1;-1;-1;-1;-1;-1;-1;0;1;0;0;1;0;-1;0;0;0;0;0;0;0;0;0;0;0;0;0;1;1;1;0;-1;-1;0;0;-1;-1;-1;-1;-1;-1;-1;-1;-1;0;0;33;100;100;0;67;100;50;10;0;4.66;2.33;Haukar;Leiknir Fáskrúdsfj.;2.18;0;1.67;0;1.25;0.88;100;100;67;0;0;100;75;50;0;0;0;742;22;Y;Y;Y;Y;Y;N;N
213982;3813;3812;2017;complete;1294;9;-1;1;;1;0;1;3;6;9;-1;-1;3;1;0;0;4;3;3;9;7;12;-1;-1;-1;-1;3;1;0;0;0;0;0;0;0;0;0;0;0;0;0;0;0;0;0;0;0;0;0;0;0;0;0;0;0;0;0;0;0;0;0;0;0;0;0;0;0;0;0;0;0;0;0;0;0;0;0;0;0;0;0;0;0;0;0;0;0;0;0;0;0;0;0;0;0;0;1;1;0;0;0;0;1;2017-07-03 19:15:00;3813;0;71;59;13;0;-1;1;-1;-1;-1;-1;-1;-1;1;0;2;1;1;3;-1;0;0;0;0;0;0;0;0;0;0;0;0;0;1;1;1;0;-1;-1;0;0;-1;-1;-1;-1;-1;-1;-1;-1;-1;13;29;88;100;100;75;100;84;25;12.25;0;5.25;3.42;Thróttur Reykjavík;Fylkir;2.55;1.82;1.75;2;2;2.38;88;71;13;0;0;63;63;63;0;0;0;742;22;Y;N;N;N;N;N;N
213983;3814;3817;2017;complete;1294;10;-1;;31,89;0;2;2;8;5;13;-1;-1;2;3;0;0;3;5;1;4;4;9;-1;-1;58;42;2;3;0;0;0;0;0;0;0;0;0;0;0;0;0;0;0;0;0;0;0;0;0;0;0;0;0;0;0;0;0;0;0;0;0;0;0;0;0;0;0;0;0;0;0;0;0;0;0;0;0;0;0;0;0;0;0;0;0;0;0;0;0;0;0;0;0;0;0;0;2;0;1;0;1;1;1;2017-07-06 17:15:00;3817;0;60;0;30;0;-1;1;-1;-1;-1;-1;-1;-1;0;0;2;3;0;5;-1;0;0;0;0;0;0;0;0;0;0;0;0;0;1;1;0;0;-1;-1;0;0;-1;-1;-1;-1;-1;-1;-1;-1;-1;0;30;50;80;90;30;60;90;60;11.6;0;3.8;2.5;Leiknir Reykjavík;Thór;1.91;1.36;1.8;0.6;1.22;1.33;100;70;50;20;10;70;60;50;0;0;0;742;22;Y;Y;N;N;N;N;N
213984;3822;3819;2017;complete;1294;10;-1;33,41;;2;0;2;0;8;8;-1;-1;1;2;0;0;6;4;9;4;15;8;-1;-1;48;52;1;2;0;0;0;0;0;0;0;0;0;0;0;0;0;0;0;0;0;0;0;0;0;0;0;0;0;0;0;0;0;0;0;0;0;0;0;0;0;0;0;0;0;0;0;0;0;0;0;0;0;0;0;0;0;0;0;0;0;0;0;0;0;0;0;0;0;0;0;0;2;2;0;0;0;0;2;2017-07-06 19:15:00;3822;0;40;20;20;0;-1;1;-1;-1;-1;-1;-1;-1;0;1;1;1;1;2;-1;0;0;0;0;0;0;0;1;0;1;0;0;0;1;1;0;0;-1;-1;0;0;-1;-1;-1;-1;-1;-1;-1;-1;-1;10;20;40;70;100;30;70;80;30;7.73;0;5.6;2.4;HK;Grótta;2.18;0.45;1.2;1;1;0.56;90;80;60;30;0;44;34;17;0;0;0;742;22;Y;Y;N;N;N;N;N
213985;3816;3815;2017;complete;1294;10;-1;;47;0;1;1;6;4;10;-1;-1;-1;-1;-1;-1;7;4;9;4;16;8;-1;-1;-1;-1;-1;-1;0;0;0;0;0;0;0;0;0;0;0;0;0;0;0;0;0;0;0;0;0;0;0;0;0;0;0;0;0;0;0;0;0;0;0;0;0;0;0;0;0;0;0;0;0;0;0;0;0;0;0;0;0;0;0;0;0;0;0;0;0;0;0;0;0;0;0;0;1;0;0;0;1;1;0;2017-07-06 19:15:00;3815;0;68;10;38;0;-1;-1;-1;-1;-1;-1;-1;-1;-1;-1;-1;-1;-1;-1;-1;0;0;0;0;0;0;0;0;0;0;0;0;0;1;1;0;0;-1;-1;-1;-1;-1;-1;-1;-1;-1;-1;-1;-1;-1;0;35;48;78;100;23;65;100;48;14;0;4.9;2.6;Fram;Keflavík;1.27;1.82;1.75;1.6;1.67;2;100;65;53;23;0;100;88;75;0;0;0;742;22;Y;N;N;N;N;N;N
213986;3812;3821;2017;complete;1294;10;-1;70,87;;2;0;2;8;7;15;-1;-1;3;0;0;0;7;4;9;2;16;6;-1;-1;54;46;3;0;0;0;0;0;0;0;0;0;0;0;0;0;0;0;0;0;0;0;0;0;0;0;0;0;0;0;0;0;0;0;0;0;0;0;0;0;0;0;0;0;0;0;0;0;0;0;0;0;0;0;0;0;0;0;0;0;0;0;0;0;0;0;0;0;0;0;0;0;2;0;0;2;0;2;0;2017-07-07 19:15:00;3812;0;50;20;20;0;-1;1;-1;-1;-1;-1;-1;-1;1;0;2;0;1;2;-1;0;0;0;0;0;0;0;0;0;0;0;0;0;1;1;0;0;-1;-1;0;0;-1;-1;-1;-1;-1;-1;-1;-1;-1;0;20;50;90;90;40;90;80;30;10.6;0;4.2;2.5;Fylkir;Haukar;2.55;0.82;2.6;1;2.11;1.44;100;80;50;10;10;90;90;90;0;0;0;742;22;Y;Y;N;N;N;N;N
213987;3818;3813;2017;complete;1294;10;-1;44;36;1;1;2;5;9;14;-1;-1;2;2;1;0;5;4;5;2;10;6;-1;-1;55;45;3;2;0;0;0;0;0;0;0;0;0;0;0;0;0;0;0;0;0;0;0;0;0;0;0;0;0;0;0;0;0;0;0;0;0;0;0;0;0;0;0;0;0;0;0;0;0;0;0;0;0;0;0;0;0;0;0;0;0;0;0;0;0;0;0;0;0;0;0;0;2;1;1;0;0;0;2;2017-07-07 19:15:00;-1;0;35;13;13;0;-1;1;-1;-1;-1;-1;-1;-1;0;0;3;2;0;5;-1;0;0;0;0;0;0;0;0;0;0;0;0;0;1;1;0;0;-1;-1;0;0;-1;-1;-1;-1;-1;-1;-1;-1;-1;13;13;38;58;100;13;68;55;35;8.67;0;4.2;2.2;Selfoss;Thróttur Reykjavík;1.27;1.27;2;2.25;1.56;2.11;88;88;63;43;0;84;84;17;0;0;0;742;22;Y;Y;N;N;N;N;Y
213988;3823;3820;2017;complete;1294;10;-1;;54,77;0;2;2;6;5;11;-1;-1;1;1;0;0;4;8;8;9;12;17;-1;-1;-1;-1;1;1;0;0;0;0;0;0;0;0;0;0;0;0;0;0;0;0;0;0;0;0;0;0;0;0;0;0;0;0;0;0;0;0;0;0;0;0;0;0;0;0;0;0;0;0;0;0;0;0;0;0;0;0;0;0;0;0;0;0;0;0;0;0;0;0;0;0;0;0;2;0;0;0;2;2;0;2017-07-08 14:00:00;3820;0;80;60;10;0;-1;1;-1;-1;-1;-1;-1;-1;1;1;0;0;2;0;-1;0;0;0;0;0;0;0;0;0;0;0;0;0;1;1;0;0;-1;-1;0;0;-1;-1;-1;-1;-1;-1;-1;-1;-1;10;40;70;90;100;60;90;80;20;11.2;0;5.8;3.1;Leiknir Fáskrúdsfj.;ÍR;0.91;0.73;1.4;0.8;0.78;0.89;90;60;30;10;0;74;64;54;0;0;0;742;22;Y;Y;N;N;N;N;N
213989;3815;3822;2017;complete;1294;11;-1;26,52,82;80;3;1;4;7;8;15;-1;-1;0;1;0;0;8;7;11;7;19;14;-1;-1;-1;-1;0;1;0;0;0;0;0;0;0;0;0;0;0;0;0;0;0;0;0;0;0;0;0;0;0;0;0;0;0;0;0;0;0;0;0;0;0;0;0;0;0;0;0;0;0;0;0;0;0;0;0;0;0;0;0;0;0;0;0;0;0;0;0;0;0;0;0;0;0;0;4;1;0;2;1;3;1;2017-07-11 19:15:00;3815;0;38;13;25;0;-1;1;-1;-1;-1;-1;-1;-1;0;0;0;1;0;1;-1;0;0;0;0;0;0;0;0;0;0;0;0;0;1;1;0;0;-1;-1;0;0;-1;-1;-1;-1;-1;-1;-1;-1;-1;0;25;75;75;100;13;63;88;75;13.25;0;3;2.75;Keflavík;HK;2.36;1.64;2.5;0.75;2.1;1.2;100;75;25;25;0;75;63;50;0;0;0;742;22;Y;Y;Y;Y;N;N;Y
213990;3819;3814;2017;complete;1294;11;-1;17;38,45,81;1;3;4;6;5;11;-1;-1;1;1;0;0;7;12;14;5;21;17;-1;-1;-1;-1;1;1;0;0;0;0;0;0;0;0;0;0;0;0;0;0;0;0;0;0;0;0;0;0;0;0;0;0;0;0;0;0;0;0;0;0;0;0;0;0;0;0;0;0;0;0;0;0;0;0;0;0;0;0;0;0;0;0;0;0;0;0;0;0;0;0;0;0;0;0;4;1;2;0;1;1;3;2017-07-11 19:15:00;3814;0;63;50;25;0;-1;1;-1;-1;-1;-1;-1;-1;1;0;0;1;1;1;-1;0;0;0;0;0;0;0;0;1;0;1;0;0;1;1;0;0;-1;-1;0;0;-1;-1;-1;-1;-1;-1;-1;-1;-1;25;25;63;88;100;50;88;100;38;10.5;0;5.67;3.13;Grótta;Leiknir Reykjavík;0.36;1.36;0;0.5;0.5;1.1;75;75;38;13;0;88;50;50;0;0;0;742;22;Y;Y;Y;Y;N;N;Y
213991;3821;3818;2017;complete;1294;11;-1;7,51;63;2;1;3;7;6;13;-1;-1;2;2;0;0;7;11;8;7;15;18;-1;-1;47;53;2;2;0;0;0;0;0;0;0;0;0;0;0;0;0;0;0;0;0;0;0;0;0;0;0;0;0;0;0;0;0;0;0;0;0;0;0;0;0;0;0;0;0;0;0;0;0;0;0;0;0;0;0;0;0;0;0;0;0;0;0;0;0;0;0;0;0;0;0;0;3;1;0;1;1;2;1;2017-07-11 19:15:00;3821;0;63;13;25;0;-1;1;-1;-1;-1;-1;-1;-1;0;0;2;2;0;4;-1;0;0;0;0;0;0;0;0;0;0;0;0;0;1;1;1;0;-1;-1;0;0;-1;-1;-1;-1;-1;-1;-1;-1;-1;25;38;50;100;100;38;63;88;63;12;0;6.5;3.13;Haukar;Selfoss;2.18;1.27;2;1;1.3;1.5;75;63;50;0;0;88;88;88;0;0;0;742;22;Y;Y;Y;N;N;N;Y
213992;3813;3816;2017;complete;1294;11;-1;39,57;17;2;1;3;2;1;3;-1;-1;2;1;0;0;8;4;5;3;13;7;-1;-1;60;40;2;1;0;0;0;0;0;0;0;0;0;0;0;0;0;0;0;0;0;0;0;0;0;0;0;0;0;0;0;0;0;0;0;0;0;0;0;0;0;0;0;0;0;0;0;0;0;0;0;0;0;0;0;0;0;0;0;0;0;0;0;0;0;0;0;0;0;0;0;0;3;1;1;1;0;1;2;2017-07-11 19:15:00;3813;0;70;30;20;0;-1;1;-1;-1;-1;-1;-1;-1;1;0;1;1;1;2;-1;0;0;0;0;0;0;0;0;0;0;0;0;0;1;1;0;0;-1;-1;0;0;-1;-1;-1;-1;-1;-1;-1;-1;-1;10;20;60;90;100;40;100;90;40;9.9;0;5.2;2.9;Thróttur Reykjavík;Fram;2.55;1.18;2;1.6;2;1.5;90;80;40;10;0;65;55;55;0;0;0;742;22;Y;Y;Y;N;N;N;Y
213993;3817;3823;2017;complete;1294;11;-1;21,84;71;2;1;3;10;5;15;-1;-1;4;4;0;0;6;3;9;3;15;6;-1;-1;55;45;4;4;0;0;0;0;0;0;0;0;0;0;0;0;0;0;0;0;0;0;0;0;0;0;0;0;0;0;0;0;0;0;0;0;0;0;0;0;0;0;0;0;0;0;0;0;0;0;0;0;0;0;0;0;0;0;0;0;0;0;0;0;0;0;0;0;0;0;0;0;3;1;0;1;1;2;1;2017-07-11 19:15:00;3817;0;25;25;0;0;-1;1;-1;-1;-1;-1;-1;-1;0;1;4;3;1;7;-1;0;0;0;0;0;0;0;0;0;0;0;0;0;1;1;0;0;-1;-1;0;0;-1;-1;-1;-1;-1;-1;-1;-1;-1;25;25;63;100;100;38;75;100;75;11.08;0;3;3.13;Thór;Leiknir Fáskrúdsfj.;1.73;0;2.25;0;1.5;0.7;75;75;38;0;0;75;59;42;0;0;0;742;22;Y;Y;Y;N;N;N;Y
213994;3820;3812;2017;complete;1294;11;-1;21;6,41;1;2;3;6;6;12;-1;-1;1;2;0;0;7;5;3;5;10;10;-1;-1;-1;-1;1;2;0;0;0;0;0;0;0;0;0;0;0;0;0;0;0;0;0;0;0;0;0;0;0;0;0;0;0;0;0;0;0;0;0;0;0;0;0;0;0;0;0;0;0;0;0;0;0;0;0;0;0;0;0;0;0;0;0;0;0;0;0;0;0;0;0;0;0;0;3;1;2;0;0;0;3;2017-07-11 19:15:00;3812;0;75;38;25;0;-1;1;-1;-1;-1;-1;-1;-1;0;0;1;2;0;3;-1;0;0;0;0;0;0;0;0;0;0;0;0;0;1;1;0;1;-1;-1;0;0;-1;-1;-1;-1;-1;-1;-1;-1;-1;0;25;75;88;100;50;75;75;38;11.33;0;3.25;2.88;ÍR;Fylkir;1;1.82;1;1.5;1.1;2.2;100;75;25;13;0;84;67;54;0;0;0;742;22;Y;Y;Y;N;N;N;Y
213995;3816;3822;2017;complete;1294;12;-1;39,57;16,50,90;2;3;5;1;3;4;-1;-1;4;0;0;0;3;7;6;1;9;8;-1;-1;-1;-1;4;0;0;0;0;0;0;0;0;0;0;0;0;0;0;0;0;0;0;0;0;0;0;0;0;0;0;0;0;0;0;0;0;0;0;0;0;0;0;0;0;0;0;0;0;0;0;0;0;0;0;0;0;0;0;0;0;0;0;0;0;0;0;0;0;0;0;0;0;0;5;1;1;1;2;3;2;2017-07-15 14:00:00;3822;0;60;10;50;0;-1;1;-1;-1;-1;-1;-1;-1;1;0;3;0;1;3;-1;0;0;0;0;0;0;0;0;1;0;1;0;0;1;1;0;0;-1;-1;0;0;-1;-1;-1;-1;-1;-1;-1;-1;-1;0;40;70;70;100;20;60;90;70;14.6;0;3.5;2.8;Fram;HK;1.27;1.64;1.4;0.6;1.36;1.09;100;60;30;30;0;90;80;50;0;0;0;742;22;Y;Y;Y;Y;Y;N;Y
213996;3815;3814;2017;complete;1294;12;-1;57;25,66;1;2;3;-1;-1;-1;-1;-1;0;2;0;0;-1;-1;-1;-1;-1;-1;-1;-1;-1;-1;0;2;0;0;0;0;0;0;0;0;0;0;0;0;0;0;0;0;0;0;0;0;0;0;0;0;0;0;0;0;0;0;0;0;0;0;0;0;0;0;0;0;0;0;0;0;0;0;0;0;0;0;0;0;0;0;0;0;0;0;0;0;0;0;0;0;0;0;0;0;3;0;1;1;1;2;1;2017-07-15 14:00:00;3814;0;60;30;40;0;-1;1;-1;-1;-1;-1;-1;-1;0;1;0;1;1;1;-1;0;0;0;0;0;0;0;0;0;0;0;0;0;1;1;0;0;-1;-1;0;0;-1;-1;-1;-1;-1;-1;-1;-1;-1;20;50;70;90;100;30;80;100;60;11;0;4.1;3.4;Keflavík;Leiknir Reykjavík;2.36;1.36;2.6;1;2.18;1.27;80;50;30;10;0;80;60;60;0;0;0;742;22;Y;Y;Y;N;N;N;Y
213997;3817;3812;2017;complete;1294;12;-1;89;22;1;1;2;6;11;17;-1;-1;5;1;1;0;5;13;7;16;12;29;-1;-1;40;60;6;1;0;0;0;0;0;0;0;0;0;0;0;0;0;0;0;0;0;0;0;0;0;0;0;0;0;0;0;0;0;0;0;0;0;0;0;0;0;0;0;0;0;0;0;0;0;0;0;0;0;0;0;0;0;0;0;0;0;0;0;0;0;0;0;0;0;0;0;0;2;0;1;1;0;1;1;2017-07-15 14:00:00;-1;0;60;50;10;0;-1;1;-1;-1;-1;-1;-1;-1;4;1;2;0;5;2;-1;0;0;0;0;0;0;0;0;0;0;0;0;0;1;1;0;0;-1;-1;0;0;-1;-1;-1;-1;-1;-1;-1;-1;-1;10;20;80;90;100;60;90;70;40;11.3;0;4;3;Thór;Fylkir;1.73;1.82;2.4;1.8;1.64;2.27;90;80;20;10;0;68;55;55;0;0;0;742;22;Y;Y;N;N;N;N;Y
213998;3820;3818;2017;complete;1294;12;-1;9;67,90,90;1;3;4;11;4;15;-1;-1;0;1;0;0;5;4;4;2;9;6;-1;-1;-1;-1;0;1;0;0;0;0;0;0;0;0;0;0;0;0;0;0;0;0;0;0;0;0;0;0;0;0;0;0;0;0;0;0;0;0;0;0;0;0;0;0;0;0;0;0;0;0;0;0;0;0;0;0;0;0;0;0;0;0;0;0;0;0;0;0;0;0;0;0;0;0;4;1;0;0;3;3;1;2017-07-15 14:00:00;3818;0;80;30;40;0;-1;1;-1;-1;-1;-1;-1;-1;0;0;0;1;0;1;-1;0;0;0;0;0;0;0;0;0;0;0;0;0;1;1;1;0;-1;-1;0;0;-1;-1;-1;-1;-1;-1;-1;-1;-1;10;30;70;100;100;40;60;80;70;11.6;0;4.9;3.1;ÍR;Selfoss;1;1.27;0.8;0.8;1;1.36;90;70;30;0;0;90;90;80;0;0;0;742;22;Y;Y;Y;Y;N;N;Y
213999;3821;3813;2017;complete;1294;12;-1;;;0;0;0;5;5;10;-1;-1;1;3;0;0;3;9;8;10;11;19;-1;-1;41;59;1;3;0;0;0;0;0;0;0;0;0;0;0;0;0;0;0;0;0;0;0;0;0;0;0;0;0;0;0;0;0;0;0;0;0;0;0;0;0;0;0;0;0;0;0;0;0;0;0;0;0;0;0;0;0;0;0;0;0;0;0;0;0;0;0;0;0;0;0;0;0;0;0;0;0;0;0;2017-07-15 14:00:00;-1;0;70;20;30;0;-1;1;-1;-1;-1;-1;-1;-1;1;0;0;3;1;3;-1;0;0;0;0;0;0;0;0;0;0;0;0;0;1;1;0;0;-1;-1;0;0;-1;-1;-1;-1;-1;-1;-1;-1;-1;20;20;60;90;100;30;80;70;50;12.35;0;4.4;2.9;Haukar;Thróttur Reykjavík;2.18;1.27;2.2;2;1.45;2.09;80;80;40;10;0;88;88;75;0;0;0;742;22;N;N;N;N;N;N;N
214000;3819;3823;2017;complete;1294;12;-1;26,44,89;;3;0;3;-1;-1;-1;-1;-1;2;3;0;0;-1;-1;-1;-1;-1;-1;-1;-1;-1;-1;2;3;0;0;0;0;0;0;0;0;0;0;0;0;0;0;0;0;0;0;0;0;0;0;0;0;0;0;0;0;0;0;0;0;0;0;0;0;0;0;0;0;0;0;0;0;0;0;0;0;0;0;0;0;0;0;0;0;0;0;0;0;0;0;0;0;0;0;0;0;3;2;0;1;0;1;2;2017-07-15 15:00:00;3819;0;40;30;10;0;-1;1;-1;-1;-1;-1;-1;-1;0;2;2;1;2;3;-1;0;0;0;0;0;0;0;0;0;0;0;0;0;1;1;0;0;-1;-1;0;0;-1;-1;-1;-1;-1;-1;-1;-1;-1;10;20;70;90;100;40;80;100;50;12;0;4.05;2.9;Grótta;Leiknir Fáskrúdsfj.;0.36;0;0;0;0.45;0.64;90;80;30;10;0;100;71;59;0;0;0;742;22;Y;Y;Y;N;N;N;N
214001;3821;3816;2017;complete;1294;13;-1;54,67,75;41,83;3;2;5;0;5;5;-1;-1;1;1;0;0;4;7;4;10;8;17;-1;-1;48;52;1;1;0;0;0;0;0;0;0;0;0;0;0;0;0;0;0;0;0;0;0;0;0;0;0;0;0;0;0;0;0;0;0;0;0;0;0;0;0;0;0;0;0;0;0;0;0;0;0;0;0;0;0;0;0;0;0;0;0;0;0;0;0;0;0;0;0;0;0;0;5;0;1;3;1;4;1;2017-07-20 19:15:00;3821;0;75;17;25;0;-1;1;-1;-1;-1;-1;-1;-1;0;0;1;1;0;2;-1;0;0;0;0;0;0;0;0;0;0;0;0;0;1;1;0;0;-1;-1;0;0;-1;-1;-1;-1;-1;-1;-1;-1;-1;9;17;59;92;92;34;84;92;42;9.33;0;4;2.67;Haukar;Fram;2.18;1.18;2;1.33;1.42;1.25;92;83;42;9;9;70;70;62;0;0;0;742;22;Y;Y;Y;Y;Y;N;Y
214002;3812;3819;2017;complete;1294;13;-1;64,72,75,83;;4;0;4;-1;-1;-1;-1;-1;1;3;0;0;-1;-1;-1;-1;-1;-1;-1;-1;-1;-1;1;3;0;0;0;0;0;0;0;0;0;0;0;0;0;0;0;0;0;0;0;0;0;0;0;0;0;0;0;0;0;0;0;0;0;0;0;0;0;0;0;0;0;0;0;0;0;0;0;0;0;0;0;0;0;0;0;0;0;0;0;0;0;0;0;0;0;0;0;0;4;0;0;4;0;4;0;2017-07-20 19:15:00;3812;0;33;9;9;0;-1;1;-1;-1;-1;-1;-1;-1;1;2;0;1;3;1;-1;0;0;0;0;0;0;0;0;0;0;0;0;0;1;1;0;0;-1;-1;0;0;-1;-1;-1;-1;-1;-1;-1;-1;-1;0;17;17;84;100;33;67;83;25;13.25;0;4.16;2.17;Fylkir;Grótta;2.55;0.45;2.67;0.83;2.17;0.67;100;83;83;17;0;67;67;54;0;0;0;742;22;Y;Y;Y;Y;N;N;N
214003;3814;3822;2017;complete;1294;13;-1;56;29,90;1;2;3;9;7;16;-1;-1;1;2;0;0;8;11;11;12;19;23;-1;-1;-1;-1;1;2;0;0;0;0;0;0;0;0;0;0;0;0;0;0;0;0;0;0;0;0;0;0;0;0;0;0;0;0;0;0;0;0;0;0;0;0;0;0;0;0;0;0;0;0;0;0;0;0;0;0;0;0;0;0;0;0;0;0;0;0;0;0;0;0;0;0;0;0;3;0;1;1;1;2;1;2017-07-20 19:15:00;3822;0;50;17;25;0;-1;1;-1;-1;-1;-1;-1;-1;0;0;1;2;0;3;-1;0;0;0;0;0;0;0;0;0;0;0;0;0;1;1;0;0;-1;-1;0;0;-1;-1;-1;-1;-1;-1;-1;-1;-1;9;34;50;83;92;25;75;83;58;13.17;0;2.66;2.67;Leiknir Reykjavík;HK;1.91;1.64;1.5;1;1.42;1.25;92;67;50;17;9;75;75;59;0;0;0;742;22;Y;Y;Y;N;N;N;Y
214004;3813;3820;2017;complete;1294;13;-1;90,90;80;2;1;3;3;6;9;-1;-1;5;2;0;0;7;6;6;9;13;15;-1;-1;54;46;5;2;0;0;0;0;0;0;0;0;0;0;0;0;0;0;0;0;0;0;0;0;0;0;0;0;0;0;0;0;0;0;0;0;0;0;0;0;0;0;0;0;0;0;0;0;0;0;0;0;0;0;0;0;0;0;0;0;0;0;0;0;0;0;0;0;0;0;0;0;3;0;0;2;1;3;0;2017-07-21 19:15:00;3813;0;59;34;17;0;-1;1;-1;-1;-1;-1;-1;-1;3;1;2;1;4;3;-1;0;0;0;0;0;0;0;0;0;0;0;0;0;1;1;0;0;-1;-1;0;0;-1;-1;-1;-1;-1;-1;-1;-1;-1;9;9;50;83;100;34;84;83;33;11.67;0;5;2.59;Thróttur Reykjavík;ÍR;2.55;0.73;2.17;1.17;2;0.92;92;92;50;17;0;75;59;50;0;0;0;742;22;Y;Y;Y;N;N;N;Y
214005;3818;3817;2017;complete;1294;13;-1;42,74;55,79,90;2;3;5;3;8;11;-1;-1;2;2;0;0;7;8;9;10;16;18;-1;-1;44;56;2;2;0;0;0;0;0;0;0;0;0;0;0;0;0;0;0;0;0;0;0;0;0;0;0;0;0;0;0;0;0;0;0;0;0;0;0;0;0;0;0;0;0;0;0;0;0;0;0;0;0;0;0;0;0;0;0;0;0;0;0;0;0;0;0;0;0;0;0;0;5;1;0;1;3;4;1;2017-07-22 14:00:00;3817;0;50;9;25;0;-1;1;-1;-1;-1;-1;-1;-1;1;2;1;0;3;1;-1;0;0;0;0;0;0;0;0;0;0;0;0;0;1;1;0;0;-1;-1;0;0;-1;-1;-1;-1;-1;-1;-1;-1;-1;0;17;34;67;100;25;67;75;42;9.5;0;4.5;2.17;Selfoss;Thór;1.27;1.36;1.83;1;1.5;1.58;100;84;67;34;0;84;75;42;0;0;0;742;22;Y;Y;Y;Y;Y;N;Y
214006;3823;3815;2017;complete;1294;13;-1;4,80;8,49,84,90;2;4;6;-1;-1;-1;-1;-1;2;2;0;0;-1;-1;-1;-1;-1;-1;-1;-1;-1;-1;2;2;0;0;0;0;0;0;0;0;0;0;0;0;0;0;0;0;0;0;0;0;0;0;0;0;0;0;0;0;0;0;0;0;0;0;0;0;0;0;0;0;0;0;0;0;0;0;0;0;0;0;0;0;0;0;0;0;0;0;0;0;0;0;0;0;0;0;0;0;6;1;1;1;3;4;2;2017-07-22 14:00:00;3815;0;67;50;0;0;-1;1;-1;-1;-1;-1;-1;-1;0;0;2;2;0;4;-1;0;0;0;0;0;0;0;0;0;0;0;0;0;1;1;1;1;-1;-1;0;0;-1;-1;-1;-1;-1;-1;-1;-1;-1;9;42;50;84;100;50;75;92;25;11.05;0;5.57;2.84;Leiknir Fáskrúdsfj.;Keflavík;0.91;1.82;1.17;1.83;0.58;2;92;58;50;17;0;88;88;78;0;0;0;742;22;Y;Y;Y;Y;Y;Y;Y
214007;3816;3814;2017;complete;1294;14;-1;45,55,89;;3;0;3;5;6;11;-1;-1;3;3;0;0;6;2;3;8;9;10;-1;-1;50;50;3;3;0;0;0;0;0;0;0;0;0;0;0;0;0;0;0;0;0;0;0;0;0;0;0;0;0;0;0;0;0;0;0;0;0;0;0;0;0;0;0;0;0;0;0;0;0;0;0;0;0;0;0;0;0;0;0;0;0;0;0;0;0;0;0;0;0;0;0;0;3;1;0;2;0;2;1;2017-07-24 19:15:00;3816;0;75;34;59;0;-1;1;-1;-1;-1;-1;-1;-1;0;2;3;1;2;4;-1;0;0;0;0;0;0;0;1;0;1;0;0;0;1;1;0;0;-1;-1;0;0;-1;-1;-1;-1;-1;-1;-1;-1;-1;25;50;67;84;100;42;75;100;59;10.93;0;5.3;3.34;Fram;Leiknir Reykjavík;1.27;1.36;1.17;1.33;1.15;1.31;75;50;33;17;0;82;64;47;0;0;0;742;22;Y;Y;Y;N;N;N;N
214008;3817;3813;2017;complete;1294;14;-1;41,71;;2;0;2;-1;-1;-1;-1;-1;2;3;0;0;-1;-1;-1;-1;-1;-1;-1;-1;-1;-1;2;3;0;0;0;0;0;0;0;0;0;0;0;0;0;0;0;0;0;0;0;0;0;0;0;0;0;0;0;0;0;0;0;0;0;0;0;0;0;0;0;0;0;0;0;0;0;0;0;0;0;0;0;0;0;0;0;0;0;0;0;0;0;0;0;0;0;0;0;0;2;1;0;1;0;1;1;2017-07-27 18:00:00;3817;0;59;33;17;0;-1;1;-1;-1;-1;-1;-1;-1;0;1;2;2;1;4;-1;0;0;0;0;0;0;0;0;0;0;0;0;0;1;1;0;0;-1;-1;0;0;-1;-1;-1;-1;-1;-1;-1;-1;-1;17;17;59;84;92;33;75;67;50;11.43;0;5.03;2.67;Thór;Thróttur Reykjavík;1.73;1.27;2.17;1.83;1.69;2.08;83;83;42;17;9;74;74;54;0;0;0;742;22;Y;Y;N;N;N;N;N
214009;3815;3812;2017;complete;1294;14;-1;23,64,73;39,71,88;3;3;6;-1;-1;-1;-1;-1;3;2;0;0;-1;-1;-1;-1;-1;-1;-1;-1;-1;-1;3;2;0;0;0;0;0;0;0;0;0;0;0;0;0;0;0;0;0;0;0;0;0;0;0;0;0;0;0;0;0;0;0;0;0;0;0;0;0;0;0;0;0;0;0;0;0;0;0;0;0;0;0;0;0;0;0;0;0;0;0;0;0;0;0;0;0;0;0;0;6;1;1;2;2;4;2;2017-07-27 19:15:00;-1;0;59;25;25;0;-1;1;-1;-1;-1;-1;-1;-1;1;1;2;1;2;3;-1;0;0;0;0;0;0;0;0;0;0;0;0;0;1;1;0;0;-1;-1;0;0;-1;-1;-1;-1;-1;-1;-1;-1;-1;0;25;75;83;100;34;84;75;42;13;0;2.87;2.84;Keflavík;Fylkir;2.36;1.82;2.17;1.67;2.08;2.23;100;75;25;17;0;80;60;60;0;0;0;742;22;Y;Y;Y;Y;Y;Y;Y
214010;3819;3818;2017;complete;1294;14;-1;;41,63;0;2;2;3;10;13;-1;-1;2;2;1;0;0;3;0;0;0;3;-1;-1;50;50;4;2;0;0;0;0;0;0;0;0;0;0;0;0;0;0;0;0;0;0;0;0;0;0;0;0;0;0;0;0;0;0;0;0;0;0;0;0;0;0;0;0;0;0;0;0;0;0;0;0;0;0;0;0;0;0;0;0;0;0;0;0;0;0;0;0;0;0;0;0;2;0;1;0;1;1;1;2017-07-27 19:15:00;3818;0;59;34;17;0;-1;1;-1;-1;-1;-1;-1;-1;2;2;1;0;4;1;-1;0;0;0;0;0;0;0;0;0;0;0;0;0;1;1;0;0;-1;-1;0;0;-1;-1;-1;-1;-1;-1;-1;-1;-1;9;34;75;92;100;50;75;92;50;11.33;0;5.2;3.08;Grótta;Selfoss;0.36;1.27;0.5;1.17;0.62;1.38;92;67;25;9;0;92;75;75;0;0;0;742;22;Y;Y;N;N;N;N;N
214011;3820;3821;2017;complete;1294;14;-1;17;31,85;1;2;3;12;4;16;-1;-1;3;1;0;0;8;5;15;7;23;12;-1;-1;50;50;3;1;0;0;0;0;0;0;0;0;0;0;0;0;0;0;0;0;0;0;0;0;0;0;0;0;0;0;0;0;0;0;0;0;0;0;0;0;0;0;0;0;0;0;0;0;0;0;0;0;0;0;0;0;0;0;0;0;0;0;0;0;0;0;0;0;0;0;0;0;3;1;1;0;1;1;2;2017-07-28 19:15:00;3821;0;75;33;25;0;-1;1;-1;-1;-1;-1;-1;-1;1;1;2;0;2;2;-1;0;0;0;0;0;0;0;0;0;0;0;0;0;1;1;0;0;-1;-1;0;0;-1;-1;-1;-1;-1;-1;-1;-1;-1;0;25;75;92;92;33;67;83;59;10.16;0;3.84;2.84;ÍR;Haukar;1;0.82;0.67;0.83;0.85;1.54;100;75;25;9;9;100;100;92;0;0;0;742;22;Y;Y;Y;N;N;N;Y
214012;3822;3823;2017;complete;1294;14;-1;70;;1;0;1;-1;-1;-1;-1;-1;1;2;0;0;-1;-1;-1;-1;-1;-1;-1;-1;-1;-1;1;2;0;0;0;0;0;0;0;0;0;0;0;0;0;0;0;0;0;0;0;0;0;0;0;0;0;0;0;0;0;0;0;0;0;0;0;0;0;0;0;0;0;0;0;0;0;0;0;0;0;0;0;0;0;0;0;0;0;0;0;0;0;0;0;0;0;0;0;0;1;0;0;1;0;1;0;2017-07-29 14:00:00;3822;0;25;9;25;0;-1;1;-1;-1;-1;-1;-1;-1;0;0;1;2;0;3;-1;0;0;0;0;0;0;0;0;0;0;0;0;0;1;1;0;0;-1;-1;0;0;-1;-1;-1;-1;-1;-1;-1;-1;-1;17;17;59;92;100;42;92;75;50;8.83;0;4.33;2.84;HK;Leiknir Fáskrúdsfj.;2.18;0;1.5;0;1.38;0.54;83;83;42;9;0;59;38;25;0;0;0;742;22;Y;N;N;N;N;N;N
214013;3820;3816;2017;complete;1294;15;-1;44,89;65,74;2;2;4;6;7;13;-1;-1;1;1;0;0;5;6;3;3;8;9;-1;-1;44;56;1;1;0;0;0;0;0;0;0;0;0;0;0;0;0;0;0;0;0;0;0;0;0;0;0;0;0;0;0;0;0;0;0;0;0;0;0;0;0;0;0;0;0;0;0;0;0;0;0;0;0;0;0;0;0;0;0;0;0;0;0;0;0;0;0;0;0;0;0;0;4;1;0;1;2;3;1;2017-08-01 19:15:00;-1;0;93;36;29;0;-1;1;-1;-1;-1;-1;-1;-1;0;0;1;1;0;2;-1;0;0;0;0;0;0;0;0;0;0;0;0;0;1;1;0;0;-1;-1;0;0;-1;-1;-1;-1;-1;-1;-1;-1;-1;7;29;79;100;100;43;86;93;50;10.9;0;3.14;3.14;ÍR;Fram;1;1.18;0.57;1.14;0.79;1.29;93;71;22;0;0;67;67;60;0;0;0;742;22;Y;Y;Y;Y;N;N;Y
214014;3823;3814;2017;complete;1294;15;-1;58;33,71,73;1;3;4;-1;-1;-1;-1;-1;1;3;1;0;-1;-1;-1;-1;-1;-1;-1;-1;-1;-1;3;3;0;0;0;0;0;0;0;0;0;0;0;0;0;0;0;0;0;0;0;0;0;0;0;0;0;0;0;0;0;0;0;0;0;0;0;0;0;0;0;0;0;0;0;0;0;0;0;0;0;0;0;0;0;0;0;0;0;0;0;0;0;0;0;0;0;0;0;0;4;0;1;1;2;3;1;2017-08-02 17:45:00;3814;0;79;65;29;0;-1;1;-1;-1;-1;-1;-1;-1;0;1;2;2;1;4;-1;0;0;0;0;0;0;0;0;0;0;0;0;0;1;1;0;0;-1;-1;0;0;-1;-1;-1;-1;-1;-1;-1;-1;-1;29;57;79;100;100;65;93;93;50;10.08;0;5.57;3.79;Leiknir Fáskrúdsfj.;Leiknir Reykjavík;0.91;1.36;1;1.14;0.5;1.21;71;43;22;0;0;79;71;71;0;0;0;742;22;Y;Y;Y;Y;N;N;Y
214015;3821;3817;2017;complete;1294;15;-1;77,88;;2;0;2;11;6;17;-1;-1;1;3;0;0;3;3;2;1;5;4;-1;-1;50;50;1;3;0;0;0;0;0;0;0;0;0;0;0;0;0;0;0;0;0;0;0;0;0;0;0;0;0;0;0;0;0;0;0;0;0;0;0;0;0;0;0;0;0;0;0;0;0;0;0;0;0;0;0;0;0;0;0;0;0;0;0;0;0;0;0;0;0;0;0;0;2;0;0;2;0;2;0;2017-08-02 17:45:00;3821;0;71;0;50;0;-1;1;-1;-1;-1;-1;-1;-1;0;0;1;3;0;4;-1;0;0;0;0;0;0;0;0;0;0;0;0;0;1;1;0;0;-1;-1;0;0;-1;-1;-1;-1;-1;-1;-1;-1;-1;22;36;64;86;93;22;71;93;64;11;0;4.14;3;Haukar;Thór;2.18;1.36;2.14;1.29;1.64;1.79;79;64;36;14;7;79;72;64;0;0;0;742;22;Y;Y;N;N;N;N;N
214016;3812;3822;2017;complete;1294;15;-1;;28;0;1;1;6;5;11;-1;-1;3;1;0;0;6;4;12;5;18;9;-1;-1;52;48;3;1;0;0;0;0;0;0;0;0;0;0;0;0;0;0;0;0;0;0;0;0;0;0;0;0;0;0;0;0;0;0;0;0;0;0;0;0;0;0;0;0;0;0;0;0;0;0;0;0;0;0;0;0;0;0;0;0;0;0;0;0;0;0;0;0;0;0;0;0;1;0;1;0;0;0;1;2017-08-02 19:15:00;3822;0;50;15;36;0;-1;1;-1;-1;-1;-1;-1;-1;0;0;3;1;0;4;-1;0;0;0;0;0;0;0;0;0;0;0;0;0;1;1;0;0;-1;-1;0;0;-1;-1;-1;-1;-1;-1;-1;-1;-1;7;36;58;93;100;29;79;86;65;14.57;0;2.29;2.93;Fylkir;HK;2.55;1.64;2.71;1.29;2.14;1.5;93;64;43;7;0;77;77;70;0;0;0;742;22;Y;N;N;N;N;N;N
214017;3813;3819;2017;complete;1294;15;-1;16,65;;2;0;2;6;3;9;-1;-1;3;2;0;1;6;3;11;10;17;13;-1;-1;45;55;3;4;0;0;0;0;0;0;0;0;0;0;0;0;0;0;0;0;0;0;0;0;0;0;0;0;0;0;0;0;0;0;0;0;0;0;0;0;0;0;0;0;0;0;0;0;0;0;0;0;0;0;0;0;0;0;0;0;0;0;0;0;0;0;0;0;0;0;0;0;2;1;0;1;0;1;1;2017-08-02 19:15:00;3813;0;50;29;15;0;-1;1;-1;-1;-1;-1;-1;-1;2;0;1;3;2;4;-1;0;0;0;0;0;0;0;0;0;0;0;0;0;1;1;0;0;-1;-1;0;0;-1;-1;-1;-1;-1;-1;-1;-1;-1;7;22;50;79;100;36;65;86;36;10.54;0;6.15;2.65;Thróttur Reykjavík;Grótta;2.55;0.45;2.29;0.71;1.93;0.57;93;79;50;22;0;61;47;34;0;0;0;742;22;Y;Y;N;N;N;N;N
214018;3818;3815;2017;complete;1294;15;-1;62;3,52;1;2;3;2;6;8;-1;-1;0;1;0;0;6;9;4;2;10;11;-1;-1;49;51;0;1;0;0;0;0;0;0;0;0;0;0;0;0;0;0;0;0;0;0;0;0;0;0;0;0;0;0;0;0;0;0;0;0;0;0;0;0;0;0;0;0;0;0;0;0;0;0;0;0;0;0;0;0;0;0;0;0;0;0;0;0;0;0;0;0;0;0;0;0;3;0;1;1;1;2;1;2017-08-02 19:15:00;3815;0;50;22;14;0;-1;1;-1;-1;-1;-1;-1;-1;0;1;0;0;1;0;-1;0;0;0;0;0;0;0;0;0;0;0;0;0;1;1;0;1;-1;-1;0;0;-1;-1;-1;-1;-1;-1;-1;-1;-1;14;22;22;64;100;22;71;79;29;9.8;0;4.62;2.29;Selfoss;Keflavík;1.27;1.82;1.57;2;1.5;2;86;79;79;36;0;100;100;65;0;0;0;742;22;Y;Y;Y;N;N;N;Y
214019;3822;3818;2017;complete;1294;16;-1;1,19;16;2;1;3;1;7;8;-1;-1;2;3;0;0;6;4;3;8;9;12;-1;-1;51;49;2;3;0;0;0;0;0;0;0;0;0;0;0;0;0;0;0;0;0;0;0;0;0;0;0;0;0;0;0;0;0;0;0;0;0;0;0;0;0;0;0;0;0;0;0;0;0;0;0;0;0;0;0;0;0;0;0;0;0;0;0;0;0;0;0;0;0;0;0;0;3;2;1;0;0;0;3;2017-08-10 19:15:00;3822;0;43;14;29;0;-1;1;-1;-1;-1;-1;-1;-1;1;3;1;0;4;1;-1;0;0;0;0;0;0;0;0;0;0;0;0;0;1;1;1;0;-1;-1;0;0;-1;-1;-1;-1;-1;-1;-1;-1;-1;14;29;50;86;100;36;79;72;50;8.83;0;4.97;2.79;HK;Selfoss;2.18;1.27;1.71;1.43;1.6;1.4;86;72;50;15;0;52;43;43;0;0;0;742;22;Y;Y;Y;N;N;N;Y
214020;3817;3820;2017;complete;1294;16;-1;;;0;0;0;6;4;10;-1;-1;5;3;0;0;4;0;9;7;13;7;-1;-1;49;51;5;3;0;0;0;0;0;0;0;0;0;0;0;0;0;0;0;0;0;0;0;0;0;0;0;0;0;0;0;0;0;0;0;0;0;0;0;0;0;0;0;0;0;0;0;0;0;0;0;0;0;0;0;0;0;0;0;0;0;0;0;0;0;0;0;0;0;0;0;0;0;0;0;0;0;0;0;2017-08-11 18:00:00;-1;0;57;22;22;0;-1;1;-1;-1;-1;-1;-1;-1;1;2;4;1;3;5;-1;0;0;0;0;0;0;0;0;0;0;0;0;0;1;1;0;0;-1;-1;0;0;-1;-1;-1;-1;-1;-1;-1;-1;-1;7;7;50;93;100;22;72;93;50;11.83;0;4.71;2.58;Thór;ÍR;1.73;0.73;2.29;1;1.67;0.8;93;93;50;7;0;77;62;55;0;0;0;742;22;N;N;N;N;N;N;N
214021;3814;3812;2017;complete;1294;16;-1;21;;1;0;1;2;12;14;-1;-1;2;1;0;0;2;0;0;0;2;0;-1;-1;51;49;2;1;0;0;0;0;0;0;0;0;0;0;0;0;0;0;0;0;0;0;0;0;0;0;0;0;0;0;0;0;0;0;0;0;0;0;0;0;0;0;0;0;0;0;0;0;0;0;0;0;0;0;0;0;0;0;0;0;0;0;0;0;0;0;0;0;0;0;0;0;1;1;0;0;0;0;1;2017-08-11 19:15:00;3814;0;57;29;14;0;-1;1;-1;-1;-1;-1;-1;-1;1;0;1;1;1;2;-1;0;0;0;0;0;0;0;0;0;0;0;0;0;1;1;0;0;-1;-1;0;0;-1;-1;-1;-1;-1;-1;-1;-1;-1;7;22;50;86;93;43;86;72;29;13.6;0;3.42;2.64;Leiknir Reykjavík;Fylkir;1.91;1.82;1.29;1.57;1.33;2;93;79;50;14;7;83;73;66;0;0;0;742;22;Y;N;N;N;N;N;N
214022;3815;3813;2017;complete;1294;16;-1;75;;1;0;1;-1;-1;-1;-1;-1;0;1;0;0;-1;-1;-1;-1;-1;-1;-1;-1;-1;-1;0;1;0;0;0;0;0;0;0;0;0;0;0;0;0;0;0;0;0;0;0;0;0;0;0;0;0;0;0;0;0;0;0;0;0;0;0;0;0;0;0;0;0;0;0;0;0;0;0;0;0;0;0;0;0;0;0;0;0;0;0;0;0;0;0;0;0;0;0;0;1;0;0;1;0;1;0;2017-08-11 19:15:00;3815;0;50;22;36;0;-1;1;-1;-1;-1;-1;-1;-1;0;0;0;1;0;1;-1;0;0;0;0;0;0;0;0;0;0;0;0;0;1;1;0;0;-1;-1;0;0;-1;-1;-1;-1;-1;-1;-1;-1;-1;14;29;65;79;93;22;71;72;58;12;0;3.83;2.86;Keflavík;Thróttur Reykjavík;2.36;1.27;2;1.57;2.07;2;86;72;36;22;7;80;70;50;0;0;0;742;22;Y;N;N;N;N;N;N
214023;3819;3821;2017;complete;1294;16;-1;53;85;1;1;2;5;6;11;-1;-1;0;2;0;0;3;7;7;7;10;14;-1;-1;51;49;0;2;0;0;0;0;0;0;0;0;0;0;0;0;0;0;0;0;0;0;0;0;0;0;0;0;0;0;0;0;0;0;0;0;0;0;0;0;0;0;0;0;0;0;0;0;0;0;0;0;0;0;0;0;0;0;0;0;0;0;0;0;0;0;0;0;0;0;0;0;2;0;0;1;1;2;0;2017-08-11 19:15:00;-1;0;50;43;7;0;-1;1;-1;-1;-1;-1;-1;-1;0;0;0;2;0;2;-1;0;0;0;0;0;0;0;0;0;0;0;0;0;1;1;0;0;-1;-1;0;0;-1;-1;-1;-1;-1;-1;-1;-1;-1;0;14;71;86;93;50;79;93;29;8.68;0;4.93;2.64;Grótta;Haukar;0.36;0.82;0.43;1.14;0.53;1.73;100;86;29;14;7;100;88;88;0;0;0;742;22;Y;Y;N;N;N;N;Y
214024;3816;3823;2017;complete;1294;16;-1;25,50,51;30,43;3;2;5;5;6;11;-1;-1;0;1;0;0;14;10;5;5;19;15;-1;-1;51;49;0;1;0;0;0;0;0;0;0;0;0;0;0;0;0;0;0;0;0;0;0;0;0;0;0;0;0;0;0;0;0;0;0;0;0;0;0;0;0;0;0;0;0;0;0;0;0;0;0;0;0;0;0;0;0;0;0;0;0;0;0;0;0;0;0;0;0;0;0;0;5;1;2;2;0;2;3;2017-08-13 15:00:00;3816;0;36;7;36;0;-1;1;-1;-1;-1;-1;-1;-1;0;0;0;1;0;1;-1;0;0;0;0;0;0;0;0;0;0;0;0;0;1;1;0;0;-1;-1;0;0;-1;-1;-1;-1;-1;-1;-1;-1;-1;14;29;64;79;100;29;64;100;64;12.14;0;4.83;2.86;Fram;Leiknir Fáskrúdsfj.;1.27;0;1.43;0;1.27;0.47;86;72;36;22;0;93;73;47;0;0;0;742;22;Y;Y;Y;Y;Y;N;Y
214025;3818;3814;2017;complete;1294;17;-1;;8,90;0;2;2;-1;-1;-1;-1;-1;2;6;0;0;-1;-1;-1;-1;-1;-1;-1;-1;-1;-1;2;6;0;0;0;0;0;0;0;0;0;0;0;0;0;0;0;0;0;0;0;0;0;0;0;0;0;0;0;0;0;0;0;0;0;0;0;0;0;0;0;0;0;0;0;0;0;0;0;0;0;0;0;0;0;0;0;0;0;0;0;0;0;0;0;0;0;0;0;0;2;0;1;0;1;1;1;2017-08-17 18:30:00;3814;0;63;26;38;0;-1;1;-1;-1;-1;-1;-1;-1;0;0;2;6;0;8;-1;0;0;0;0;0;0;0;0;1;0;1;0;0;1;1;0;1;-1;-1;0;0;-1;-1;-1;-1;-1;-1;-1;-1;-1;19;32;50;82;100;26;88;82;51;8.43;0;4.63;2.88;Selfoss;Leiknir Reykjavík;1.27;1.36;1.38;1.38;1.31;1.44;82;69;50;19;0;82;74;54;0;0;0;742;22;Y;Y;N;N;N;N;N
214026;3820;3819;2017;complete;1294;17;-1;45,61,70;78;3;1;4;1;4;5;-1;-1;2;3;0;0;8;5;7;5;15;10;-1;-1;46;54;2;3;0;0;0;0;0;0;0;0;0;0;0;0;0;0;0;0;0;0;0;0;0;0;0;0;0;0;0;0;0;0;0;0;0;0;0;0;0;0;0;0;0;0;0;0;0;0;0;0;0;0;0;0;0;0;0;0;0;0;0;0;0;0;0;0;0;0;0;0;4;1;0;2;1;3;1;2017-08-17 18:30:00;3820;0;63;26;19;0;-1;1;-1;-1;-1;-1;-1;-1;1;2;1;1;3;2;-1;0;0;0;0;0;0;0;1;0;1;0;0;0;1;1;0;0;-1;-1;0;0;-1;-1;-1;-1;-1;-1;-1;-1;-1;0;32;57;88;100;32;63;88;44;12.18;0;4.38;2.75;ÍR;Grótta;1;0.45;0.63;0.63;0.81;0.56;100;69;44;13;0;80;70;54;0;0;0;742;22;Y;Y;Y;Y;N;N;Y
214027;3817;3816;2017;complete;1294;17;-1;19,48;33,76;2;2;4;5;4;9;-1;-1;2;2;0;0;7;3;9;4;16;7;-1;-1;55;45;2;2;0;0;0;0;0;0;0;0;0;0;0;0;0;0;0;0;0;0;0;0;0;0;0;0;0;0;0;0;0;0;0;0;0;0;0;0;0;0;0;0;0;0;0;0;0;0;0;0;0;0;0;0;0;0;0;0;0;0;0;0;0;0;0;0;0;0;0;0;4;1;1;1;1;2;2;2017-08-18 18:00:00;-1;0;69;25;26;0;-1;1;-1;-1;-1;-1;-1;-1;1;0;1;2;1;3;-1;0;0;0;0;0;0;0;0;0;0;0;0;0;1;1;0;0;-1;-1;0;0;-1;-1;-1;-1;-1;-1;-1;-1;-1;13;26;63;94;94;32;88;94;50;9.72;0;4.63;2.88;Thór;Fram;1.73;1.18;2.13;1.13;1.63;1.38;88;76;38;7;7;57;57;50;0;0;0;742;22;Y;Y;Y;Y;N;N;Y
214028;3813;3822;2017;complete;1294;17;-1;59,83;42;2;1;3;2;8;10;-1;-1;4;5;0;0;6;5;6;5;12;10;-1;-1;55;45;4;5;0;0;0;0;0;0;0;0;0;0;0;0;0;0;0;0;0;0;0;0;0;0;0;0;0;0;0;0;0;0;0;0;0;0;0;0;0;0;0;0;0;0;0;0;0;0;0;0;0;0;0;0;0;0;0;0;0;0;0;0;0;0;0;0;0;0;0;0;3;0;1;2;0;2;1;2017-08-18 19:15:00;3813;0;63;32;38;0;-1;1;-1;-1;-1;-1;-1;-1;1;3;3;2;4;5;-1;0;0;0;0;0;0;0;0;0;0;0;0;0;1;1;0;0;-1;-1;0;1;-1;-1;-1;-1;-1;-1;-1;-1;-1;13;26;69;82;100;32;88;82;57;11.76;0;4.25;2.94;Thróttur Reykjavík;HK;2.55;1.64;2.38;1.5;1.88;1.69;88;76;32;19;0;75;57;51;0;0;0;742;22;Y;Y;Y;N;N;N;Y
214029;3821;3815;2017;complete;1294;17;-1;55,60,67,81;15,47;4;2;6;9;10;19;-1;-1;4;3;0;0;14;8;8;10;22;18;-1;-1;48;52;4;3;0;0;0;0;0;0;0;0;0;0;0;0;0;0;0;0;0;0;0;0;0;0;0;0;0;0;0;0;0;0;0;0;0;0;0;0;0;0;0;0;0;0;0;0;0;0;0;0;0;0;0;0;0;0;0;0;0;0;0;0;0;0;0;0;0;0;0;0;6;0;1;4;1;5;1;2017-08-18 19:15:00;3821;0;63;13;32;0;-1;1;-1;-1;-1;-1;-1;-1;1;1;3;2;2;5;-1;0;0;0;0;0;0;0;0;1;0;1;0;0;1;1;0;0;-1;-1;0;0;-1;-1;-1;-1;-1;-1;-1;-1;-1;19;25;44;82;94;19;69;94;51;11.96;0;4.02;2.69;Haukar;Keflavík;2.18;1.82;2.25;2.13;1.69;2.13;82;75;57;19;7;86;86;71;0;0;0;742;22;Y;Y;Y;Y;Y;Y;Y
214030;3812;3823;2017;complete;1294;17;-1;22,29,35,74;26;4;1;5;9;2;11;-1;-1;5;0;0;0;13;5;11;5;24;10;-1;-1;51;49;5;0;0;0;0;0;0;0;0;0;0;0;0;0;0;0;0;0;0;0;0;0;0;0;0;0;0;0;0;0;0;0;0;0;0;0;0;0;0;0;0;0;0;0;0;0;0;0;0;0;0;0;0;0;0;0;0;0;0;0;0;0;0;0;0;0;0;0;0;0;5;3;1;1;0;1;4;2017-08-19 15:00:00;3812;0;25;7;13;0;-1;1;-1;-1;-1;-1;-1;-1;1;0;4;0;1;4;-1;0;0;0;0;0;0;0;0;0;0;0;0;0;1;1;0;0;-1;-1;1;0;-1;-1;-1;-1;-1;-1;-1;-1;-1;13;25;44;88;100;32;75;88;51;13.71;0;3.38;2.69;Fylkir;Leiknir Fáskrúdsfj.;2.55;0;2.38;0;1.88;0.44;88;75;57;13;0;93;83;73;0;0;0;742;22;Y;Y;Y;Y;Y;N;Y
214031;3814;3813;2017;complete;1294;18;-1;11;;1;0;1;2;12;14;-1;-1;2;3;1;0;3;13;6;9;9;22;-1;-1;44;56;3;3;0;0;0;0;0;0;0;0;0;0;0;0;0;0;0;0;0;0;0;0;0;0;0;0;0;0;0;0;0;0;0;0;0;0;0;0;0;0;0;0;0;0;0;0;0;0;0;0;0;0;0;0;0;0;0;0;0;0;0;0;0;0;0;0;0;0;0;0;1;1;0;0;0;0;1;2017-08-24 18:00:00;3814;0;38;13;13;0;-1;1;-1;-1;-1;-1;-1;-1;1;0;2;3;1;5;-1;0;0;0;0;0;0;0;1;0;1;0;0;0;1;1;0;0;-1;-1;0;0;-1;-1;-1;-1;-1;-1;-1;-1;-1;7;13;32;69;88;19;69;63;32;11.98;0;3.89;2.07;Leiknir Reykjavík;Thróttur Reykjavík;1.91;1.27;1.5;1.38;1.53;1.94;94;88;69;32;13;84;84;58;0;0;0;742;22;Y;N;N;N;N;N;N
214032;3815;3820;2017;complete;1294;18;-1;27,78,87;41,45;3;2;5;7;10;17;-1;-1;3;5;0;0;7;11;6;3;13;14;-1;-1;54;46;3;5;0;0;0;0;0;0;0;0;0;0;0;0;0;0;0;0;0;0;0;0;0;0;0;0;0;0;0;0;0;0;0;0;0;0;0;0;0;0;0;0;0;0;0;0;0;0;0;0;0;0;0;0;0;0;0;0;0;0;0;0;0;0;0;0;0;0;0;0;5;1;2;2;0;2;3;2017-08-24 18:00:00;3815;0;50;13;38;0;-1;1;-1;-1;-1;-1;-1;-1;0;1;3;4;1;7;-1;0;0;0;0;0;0;0;0;0;0;0;0;0;1;1;0;0;-1;-1;0;0;-1;-1;-1;-1;-1;-1;-1;-1;-1;7;19;57;75;94;13;57;88;57;12.15;0;3.42;2.57;Keflavík;ÍR;2.36;0.73;2.13;1;2;0.94;94;82;44;25;7;84;62;49;0;0;0;742;22;Y;Y;Y;Y;Y;N;Y
214033;3822;3821;2017;complete;1294;18;-1;45,76;;2;0;2;5;3;8;-1;-1;1;1;0;0;3;0;0;0;3;0;-1;-1;47;53;1;1;0;0;0;0;0;0;0;0;0;0;0;0;0;0;0;0;0;0;0;0;0;0;0;0;0;0;0;0;0;0;0;0;0;0;0;0;0;0;0;0;0;0;0;0;0;0;0;0;0;0;0;0;0;0;0;0;0;0;0;0;0;0;0;0;0;0;0;0;2;1;0;1;0;1;1;2017-08-25 18:00:00;3822;0;51;32;25;0;-1;1;-1;-1;-1;-1;-1;-1;0;0;1;1;0;2;-1;0;0;0;0;0;0;0;0;0;0;0;0;0;1;1;0;0;-1;-1;0;0;-1;-1;-1;-1;-1;-1;-1;-1;-1;7;13;57;82;94;44;76;69;38;6.32;0;4.51;2.5;HK;Haukar;2.18;0.82;1.88;1.13;1.59;1.76;94;88;44;19;7;57;50;50;0;0;0;742;22;Y;Y;N;N;N;N;N
214034;3816;3812;2017;complete;1294;18;-1;5;19,27,29,41,56;1;5;6;5;9;14;-1;-1;2;1;0;0;4;7;6;11;10;18;-1;-1;34;66;2;1;0;0;0;0;0;0;0;0;0;0;0;0;0;0;0;0;0;0;0;0;0;0;0;0;0;0;0;0;0;0;0;0;0;0;0;0;0;0;0;0;0;0;0;0;0;0;0;0;0;0;0;0;0;0;0;0;0;0;0;0;0;0;0;0;0;0;0;0;6;1;4;0;1;1;5;2017-08-25 19:15:00;3812;0;63;38;32;0;-1;1;-1;-1;-1;-1;-1;-1;0;0;2;1;0;3;-1;0;0;0;0;0;0;0;0;1;0;1;0;0;1;1;1;0;-1;-1;0;0;-1;-1;-1;-1;-1;-1;-1;-1;-1;19;38;69;75;100;51;82;75;44;13.5;0;4.06;3.07;Fram;Fylkir;1.27;1.82;1.63;1.38;1.35;1.94;82;63;32;25;0;86;71;59;0;0;0;742;22;Y;Y;Y;Y;Y;Y;Y
214035;3823;3818;2017;complete;1294;18;-1;;80,90;0;2;2;-1;-1;-1;-1;-1;4;2;0;0;-1;-1;-1;-1;-1;-1;-1;-1;-1;-1;4;2;0;0;0;0;0;0;0;0;0;0;0;0;0;0;0;0;0;0;0;0;0;0;0;0;0;0;0;0;0;0;0;0;0;0;0;0;0;0;0;0;0;0;0;0;0;0;0;0;0;0;0;0;0;0;0;0;0;0;0;0;0;0;0;0;0;0;0;0;2;0;0;0;2;2;0;2017-08-26 14:00:00;3818;0;76;50;25;0;-1;1;-1;-1;-1;-1;-1;-1;1;1;3;1;2;4;-1;0;0;0;0;0;0;0;0;0;0;0;0;0;1;1;0;0;-1;-1;0;0;-1;-1;-1;-1;-1;-1;-1;-1;-1;19;57;76;100;100;57;82;82;57;11.38;0;5.86;3.57;Leiknir Fáskrúdsfj.;Selfoss;0.91;1.27;0.88;1.25;0.41;1.24;82;44;26;0;0;75;75;75;0;0;0;742;22;Y;Y;N;N;N;N;N
214036;3819;3817;2017;complete;1294;18;-1;15;27,66,84;1;3;4;6;6;12;-1;-1;4;2;0;0;6;8;4;7;10;15;-1;-1;53;47;4;2;0;0;0;0;0;0;0;0;0;0;0;0;0;0;0;0;0;0;0;0;0;0;0;0;0;0;0;0;0;0;0;0;0;0;0;0;0;0;0;0;0;0;0;0;0;0;0;0;0;0;0;0;0;0;0;0;0;0;0;0;0;0;0;0;0;0;0;0;4;1;1;0;2;2;2;2017-08-26 15:00:00;3817;0;57;19;32;0;-1;1;-1;-1;-1;-1;-1;-1;1;1;3;1;2;4;-1;0;0;0;0;0;0;0;1;0;1;0;0;0;1;1;0;0;-1;-1;0;0;-1;-1;-1;-1;-1;-1;-1;-1;-1;7;26;63;88;100;38;69;100;50;10.83;0;4.39;2.82;Grótta;Thór;0.36;1.36;0.5;1.13;0.53;1.59;94;76;38;13;0;88;72;72;0;0;0;742;22;Y;Y;Y;Y;N;N;Y
214037;3817;3815;2017;complete;1294;19;-1;;32,39,40;0;3;3;13;3;16;-1;-1;4;3;0;0;5;6;17;7;22;13;-1;-1;55;45;4;3;0;0;0;0;0;0;0;0;0;0;0;0;0;0;0;0;0;0;0;0;0;0;0;0;0;0;0;0;0;0;0;0;0;0;0;0;0;0;0;0;0;0;0;0;0;0;0;0;0;0;0;0;0;0;0;0;0;0;0;0;0;0;0;0;0;0;0;0;3;0;3;0;0;0;3;2017-08-30 17:30:00;3815;0;62;28;28;0;-1;1;-1;-1;-1;-1;-1;-1;3;1;1;2;4;3;-1;0;0;0;0;0;0;0;0;1;0;1;0;0;1;1;0;0;-1;-1;0;0;-1;-1;-1;-1;-1;-1;-1;-1;-1;17;28;50;84;95;28;78;95;50;12.18;0;5.14;2.84;Thór;Keflavík;1.73;1.82;2;1.89;1.67;2.06;84;73;50;17;6;81;75;61;0;0;0;742;22;Y;Y;Y;N;N;N;N
214038;3818;3812;2017;complete;1294;19;-1;29;8,69;1;2;3;-1;-1;-1;-1;-1;4;2;0;0;-1;-1;-1;-1;-1;-1;-1;-1;-1;-1;4;2;0;0;0;0;0;0;0;0;0;0;0;0;0;0;0;0;0;0;0;0;0;0;0;0;0;0;0;0;0;0;0;0;0;0;0;0;0;0;0;0;0;0;0;0;0;0;0;0;0;0;0;0;0;0;0;0;0;0;0;0;0;0;0;0;0;0;0;0;3;1;1;0;1;1;2;2017-08-30 17:45:00;3812;0;56;34;17;0;-1;1;-1;-1;-1;-1;-1;-1;3;1;1;1;4;2;-1;0;0;0;0;0;0;0;1;0;1;0;0;0;1;1;0;1;-1;-1;0;0;-1;-1;-1;-1;-1;-1;-1;-1;-1;17;22;45;73;100;39;89;62;22;11.31;0;3.56;2.67;Selfoss;Fylkir;1.27;1.82;1.22;1.56;1.33;2;84;78;56;28;0;83;76;56;0;0;0;742;22;Y;Y;Y;N;N;N;Y
214039;3820;3822;2017;complete;1294;19;-1;87,90;2,61,81;2;3;5;8;2;10;-1;-1;3;3;0;0;11;8;15;3;26;11;-1;-1;57;43;3;3;0;0;0;0;0;0;0;0;0;0;0;0;0;0;0;0;0;0;0;0;0;0;0;0;0;0;0;0;0;0;0;0;0;0;0;0;0;0;0;0;0;0;0;0;0;0;0;0;0;0;0;0;0;0;0;0;0;0;0;0;0;0;0;0;0;0;0;0;5;0;1;2;2;4;1;2017-08-30 18:00:00;3822;0;84;28;44;0;-1;1;-1;-1;-1;-1;-1;-1;0;0;3;3;0;6;-1;0;0;0;0;0;0;0;0;0;0;0;0;0;1;1;0;1;-1;-1;0;0;-1;-1;-1;-1;-1;-1;-1;-1;-1;6;39;84;89;100;28;84;84;73;13.23;0;2.88;3.17;ÍR;HK;1;1.64;0.89;1.33;0.89;1.67;95;62;17;11;0;84;84;67;0;0;0;742;22;Y;Y;Y;Y;Y;N;Y
214040;3819;3816;2017;complete;1294;19;-1;90;25,84,87;1;3;4;4;4;8;-1;-1;4;3;1;0;5;8;6;5;11;13;-1;-1;47;53;5;3;0;0;0;0;0;0;0;0;0;0;0;0;0;0;0;0;0;0;0;0;0;0;0;0;0;0;0;0;0;0;0;0;0;0;0;0;0;0;0;0;0;0;0;0;0;0;0;0;0;0;0;0;0;0;0;0;0;0;0;0;0;0;0;0;0;0;0;0;4;0;1;1;2;3;1;2017-08-30 19:15:00;3816;0;73;39;28;0;-1;1;-1;-1;-1;-1;-1;-1;0;2;5;1;2;6;-1;0;0;0;0;0;0;0;0;0;0;0;0;0;1;1;0;0;-1;-1;0;0;-1;-1;-1;-1;-1;-1;-1;-1;-1;6;33;73;95;100;50;89;100;45;9.21;0;4.05;3.06;Grótta;Fram;0.36;1.18;0.44;1.11;0.5;1.28;95;67;28;6;0;75;61;61;0;0;0;742;22;Y;Y;Y;Y;N;N;Y
214041;3821;3814;2017;complete;1294;19;-1;10,32,45,69,73;17,87,90;5;3;8;3;18;21;-1;-1;3;1;0;0;8;14;9;6;17;20;-1;-1;42;58;3;1;0;0;0;0;0;0;0;0;0;0;0;0;0;0;0;0;0;0;0;0;0;0;0;0;0;0;0;0;0;0;0;0;0;0;0;0;0;0;0;0;0;0;0;0;0;0;0;0;0;0;0;0;0;0;0;0;0;0;0;0;0;0;0;0;0;0;0;0;8;3;1;2;2;4;4;2017-08-31 19:15:00;3821;0;67;17;44;0;-1;1;-1;-1;-1;-1;-1;-1;0;1;3;0;1;3;-1;0;0;0;0;0;0;0;0;0;0;0;0;0;1;1;1;0;-1;-1;0;0;-1;-1;-1;-1;-1;-1;-1;-1;-1;28;39;62;95;95;22;84;95;62;11.27;0;5.11;3.28;Haukar;Leiknir Reykjavík;2.18;1.36;2.33;1.56;1.67;1.61;73;62;39;6;6;86;78;73;0;0;0;742;22;Y;Y;Y;Y;Y;Y;Y
214042;3813;3823;2017;complete;1294;19;-1;29,52;;2;0;2;12;4;16;-1;-1;1;2;0;0;6;5;11;4;17;9;-1;-1;51;49;1;2;0;0;0;0;0;0;0;0;0;0;0;0;0;0;0;0;0;0;0;0;0;0;0;0;0;0;0;0;0;0;0;0;0;0;0;0;0;0;0;0;0;0;0;0;0;0;0;0;0;0;0;0;0;0;0;0;0;0;0;0;0;0;0;0;0;0;0;0;2;1;0;1;0;1;1;2017-09-02 13:30:00;3813;0;50;28;17;0;-1;1;-1;-1;-1;-1;-1;-1;0;1;1;1;1;2;-1;0;0;0;0;0;0;0;1;0;1;0;0;0;1;1;0;0;-1;-1;0;0;-1;-1;-1;-1;-1;-1;-1;-1;-1;22;22;67;89;100;39;84;95;50;10.33;0;5;3.06;Thróttur Reykjavík;Leiknir Fáskrúdsfj.;2.55;0;2.44;0;1.83;0.39;78;78;33;11;0;89;64;50;0;0;0;742;22;Y;Y;N;N;N;N;N
214043;3814;3820;2017;complete;1294;20;-1;16,59,71,74;;4;0;4;3;4;7;-1;-1;2;2;0;0;7;4;8;12;15;16;-1;-1;47;53;2;2;0;0;0;0;0;0;0;0;0;0;0;0;0;0;0;0;0;0;0;0;0;0;0;0;0;0;0;0;0;0;0;0;0;0;0;0;0;0;0;0;0;0;0;0;0;0;0;0;0;0;0;0;0;0;0;0;0;0;0;0;0;0;0;0;0;0;0;0;4;1;0;3;0;3;1;2017-09-07 17:30:00;3814;0;45;11;17;0;-1;1;-1;-1;-1;-1;-1;-1;1;0;1;2;1;3;-1;0;0;0;0;0;0;0;1;0;1;0;0;0;1;1;0;0;-1;-1;0;0;-1;-1;-1;-1;-1;-1;-1;-1;-1;6;11;33;73;89;17;67;73;39;12.11;0;4.33;2.11;Leiknir Reykjavík;ÍR;1.91;0.73;1.67;0.89;1.53;0.84;95;89;67;28;11;89;78;61;0;0;0;742;22;Y;Y;Y;Y;N;N;N
214044;3815;3819;2017;complete;1294;20;-1;62,71,83;;3;0;3;8;2;10;-1;-1;-1;-1;-1;-1;4;0;0;0;4;0;-1;-1;52;48;-1;-1;0;0;0;0;0;0;0;0;0;0;0;0;0;0;0;0;0;0;0;0;0;0;0;0;0;0;0;0;0;0;0;0;0;0;0;0;0;0;0;0;0;0;0;0;0;0;0;0;0;0;0;0;0;0;0;0;0;0;0;0;0;0;0;0;0;0;0;0;3;0;0;3;0;3;0;2017-09-07 17:30:00;3815;0;45;17;28;0;-1;-1;-1;-1;-1;-1;-1;-1;-1;-1;-1;-1;-1;-1;-1;0;0;0;0;0;0;0;0;0;0;0;0;0;1;1;0;0;-1;-1;-1;-1;-1;-1;-1;-1;-1;-1;-1;-1;-1;11;39;56;78;100;22;62;95;56;11.17;0;4.5;2.89;Keflavík;Grótta;2.36;0.45;2.22;0.56;2.11;0.47;89;62;45;22;0;67;50;42;0;0;0;742;22;Y;Y;Y;N;N;N;N
214045;3812;3813;2017;complete;1294;20;-1;36,50,70;45;3;1;4;4;4;8;-1;-1;2;4;0;0;10;6;6;3;16;9;-1;-1;51;49;2;4;0;0;0;0;0;0;0;0;0;0;0;0;0;0;0;0;0;0;0;0;0;0;0;0;0;0;0;0;0;0;0;0;0;0;0;0;0;0;0;0;0;0;0;0;0;0;0;0;0;0;0;0;0;0;0;0;0;0;0;0;0;0;0;0;0;0;0;0;4;1;1;2;0;2;2;2017-09-07 17:30:00;3812;0;33;17;11;0;-1;1;-1;-1;-1;-1;-1;-1;0;0;2;4;0;6;-1;0;0;0;0;0;0;0;0;0;0;0;0;0;1;1;0;0;-1;-1;0;0;-1;-1;-1;-1;-1;-1;-1;-1;-1;11;22;33;73;95;28;73;61;28;14.55;0;4.14;2.34;Fylkir;Thróttur Reykjavík;2.55;1.27;2.44;1.22;2.05;1.89;89;78;67;28;6;86;86;69;0;0;0;742;22;Y;Y;Y;Y;N;N;Y
214046;3816;3818;2017;complete;1294;20;-1;;;0;0;0;4;7;11;-1;-1;0;1;0;0;4;3;6;6;10;9;-1;-1;43;57;0;1;0;0;0;0;0;0;0;0;0;0;0;0;0;0;0;0;0;0;0;0;0;0;0;0;0;0;0;0;0;0;0;0;0;0;0;0;0;0;0;0;0;0;0;0;0;0;0;0;0;0;0;0;0;0;0;0;0;0;0;0;0;0;0;0;0;0;0;0;0;0;0;0;0;0;0;2017-09-07 19:15:00;-1;0;62;28;33;0;-1;1;-1;-1;-1;-1;-1;-1;0;0;0;1;0;1;-1;0;0;0;0;0;0;0;0;0;0;0;0;0;1;1;0;0;-1;-1;0;0;-1;-1;-1;-1;-1;-1;-1;-1;-1;22;45;67;89;100;39;67;89;67;12.02;0;5.13;3.28;Fram;Selfoss;1.27;1.27;1.44;1.44;1.37;1.26;78;56;33;11;0;82;77;66;0;0;0;742;22;N;N;N;N;N;N;N
214047;3823;3821;2017;complete;1294;20;-1;23,49,60,65,73,83;;6;0;6;-1;-1;-1;-1;-1;3;1;0;1;-1;-1;-1;-1;-1;-1;-1;-1;-1;-1;3;3;0;0;0;0;0;0;0;0;0;0;0;0;0;0;0;0;0;0;0;0;0;0;0;0;0;0;0;0;0;0;0;0;0;0;0;0;0;0;0;0;0;0;0;0;0;0;0;0;0;0;0;0;0;0;0;0;0;0;0;0;0;0;0;0;0;0;0;0;6;1;0;5;0;5;1;2017-09-09 14:00:00;3823;0;67;50;22;0;-1;1;-1;-1;-1;-1;-1;-1;2;0;1;2;2;3;-1;0;0;0;0;0;0;0;0;0;0;0;0;0;1;1;0;0;-1;-1;0;0;-1;-1;-1;-1;-1;-1;-1;-1;-1;11;39;67;95;95;50;73;89;50;8.92;0;5.33;3.11;Leiknir Fáskrúdsfj.;Haukar;0.91;0.82;0.78;1;0.37;1.74;89;61;33;6;6;82;82;82;0;0;0;742;22;Y;Y;Y;Y;Y;Y;N
214048;3822;3817;2017;complete;1294;20;-1;37,89;;2;0;2;3;2;5;-1;-1;1;1;0;0;5;0;5;3;10;3;-1;-1;50;50;1;1;0;0;0;0;0;0;0;0;0;0;0;0;0;0;0;0;0;0;0;0;0;0;0;0;0;0;0;0;0;0;0;0;0;0;0;0;0;0;0;0;0;0;0;0;0;0;0;0;0;0;0;0;0;0;0;0;0;0;0;0;0;0;0;0;0;0;0;0;2;1;0;1;0;1;1;2017-09-09 17:00:00;3822;0;50;17;33;0;-1;1;-1;-1;-1;-1;-1;-1;0;0;1;1;0;2;-1;0;0;0;0;0;0;0;0;0;0;0;0;0;1;1;0;0;-1;-1;0;0;-1;-1;-1;-1;-1;-1;-1;-1;-1;11;28;56;84;100;39;78;78;50;8.55;0;4.22;2.78;HK;Thór;2.18;1.36;2;1.33;1.74;1.58;89;73;45;17;0;46;34;34;0;0;0;742;22;Y;Y;N;N;N;N;N
214049;3820;3823;2017;complete;1294;21;-1;44,80;;2;0;2;9;6;15;-1;-1;1;2;0;0;10;2;7;8;17;10;-1;-1;44;56;1;2;0;0;0;0;0;0;0;0;0;0;0;0;0;0;0;0;0;0;0;0;0;0;0;0;0;0;0;0;0;0;0;0;0;0;0;0;0;0;0;0;0;0;0;0;0;0;0;0;0;0;0;0;0;0;0;0;0;0;0;0;0;0;0;0;0;0;0;0;2;1;0;1;0;1;1;2017-09-16 14:00:00;3820;0;65;25;30;0;-1;1;-1;-1;-1;-1;-1;-1;0;1;1;1;1;2;-1;0;0;0;0;0;0;0;0;0;0;0;0;0;1;1;0;0;-1;-1;0;0;-1;-1;-1;-1;-1;-1;-1;-1;-1;20;40;75;95;100;35;80;95;60;11.94;0;3.3;3.3;ÍR;Leiknir Fáskrúdsfj.;1;0;0.8;0;0.8;0.5;80;60;25;5;0;95;88;71;0;0;0;742;22;Y;Y;N;N;N;N;N
214050;3813;3818;2017;complete;1294;21;-1;14,18,32,34;;4;0;4;3;5;8;-1;-1;-1;-1;-1;-1;5;0;0;0;5;0;-1;-1;47;53;-1;-1;0;0;0;0;0;0;0;0;0;0;0;0;0;0;0;0;0;0;0;0;0;0;0;0;0;0;0;0;0;0;0;0;0;0;0;0;0;0;0;0;0;0;0;0;0;0;0;0;0;0;0;0;0;0;0;0;0;0;0;0;0;0;0;0;0;0;0;0;4;4;0;0;0;0;4;2017-09-16 14:00:00;3813;0;55;25;20;0;-1;-1;-1;-1;-1;-1;-1;-1;-1;-1;-1;-1;-1;-1;-1;0;0;0;0;0;0;0;0;0;0;0;0;0;1;1;0;0;-1;-1;-1;-1;-1;-1;-1;-1;-1;-1;-1;-1;-1;10;20;55;90;95;30;75;80;50;11.92;0;5.66;2.75;Thróttur Reykjavík;Selfoss;2.55;1.27;2.5;1.4;1.8;1.25;90;80;45;10;5;79;64;59;0;0;0;742;22;Y;Y;Y;Y;N;N;N
214051;3815;3816;2017;complete;1294;21;-1;4;;1;0;1;-1;-1;-1;-1;-1;2;0;0;0;-1;-1;-1;-1;-1;-1;-1;-1;-1;-1;2;0;0;0;0;0;0;0;0;0;0;0;0;0;0;0;0;0;0;0;0;0;0;0;0;0;0;0;0;0;0;0;0;0;0;0;0;0;0;0;0;0;0;0;0;0;0;0;0;0;0;0;0;0;0;0;0;0;0;0;0;0;0;0;0;0;0;0;0;0;1;1;0;0;0;0;1;2017-09-16 14:00:00;3815;0;70;25;45;0;-1;1;-1;-1;-1;-1;-1;-1;1;0;1;0;1;1;-1;0;0;0;0;0;0;0;0;0;0;0;0;0;1;1;1;0;-1;-1;0;0;-1;-1;-1;-1;-1;-1;-1;-1;-1;15;45;80;90;100;30;80;100;70;10.6;0;3.3;3.35;Keflavík;Fram;2.36;1.18;2.3;1.3;2.15;1.35;85;55;20;10;0;65;52;45;0;0;0;742;22;Y;N;N;N;N;N;N
214052;3821;3812;2017;complete;1294;21;-1;;27,34,45,55,63,87;0;6;6;-1;-1;-1;-1;-1;1;0;0;0;-1;-1;-1;-1;-1;-1;-1;-1;-1;-1;1;0;0;0;0;0;0;0;0;0;0;0;0;0;0;0;0;0;0;0;0;0;0;0;0;0;0;0;0;0;0;0;0;0;0;0;0;0;0;0;0;0;0;0;0;0;0;0;0;0;0;0;0;0;0;0;0;0;0;0;0;0;0;0;0;0;0;0;0;0;6;0;3;0;3;3;3;2017-09-16 14:00:00;3812;0;70;35;30;0;-1;1;-1;-1;-1;-1;-1;-1;0;0;1;0;0;1;-1;0;0;0;0;0;0;0;0;0;0;0;0;0;1;1;0;0;-1;-1;0;0;-1;-1;-1;-1;-1;-1;-1;-1;-1;30;35;65;85;95;45;85;75;40;13.81;0;3.8;3.4;Haukar;Fylkir;2.18;1.82;2.4;1.7;1.65;2.1;70;65;35;15;5;88;81;76;0;0;0;742;22;Y;Y;Y;Y;Y;Y;N
214053;3817;3814;2017;complete;1294;21;-1;17,20,26;40,69,88;3;3;6;7;7;14;-1;-1;4;2;0;0;7;5;8;9;15;14;-1;-1;50;50;4;2;0;0;0;0;0;0;0;0;0;0;0;0;0;0;0;0;0;0;0;0;0;0;0;0;0;0;0;0;0;0;0;0;0;0;0;0;0;0;0;0;0;0;0;0;0;0;0;0;0;0;0;0;0;0;0;0;0;0;0;0;0;0;0;0;0;0;0;0;6;3;1;0;2;2;4;2017-09-16 14:00:00;-1;0;60;35;35;0;-1;1;-1;-1;-1;-1;-1;-1;0;2;4;0;2;4;-1;0;0;0;0;0;0;0;0;0;0;0;0;0;1;1;0;0;-1;-1;0;0;-1;-1;-1;-1;-1;-1;-1;-1;-1;20;35;65;95;95;40;90;90;55;13.27;0;5.8;3.3;Thór;Leiknir Reykjavík;1.73;1.36;1.8;1.4;1.5;1.6;80;65;35;5;5;82;69;64;0;0;0;742;22;Y;Y;Y;Y;Y;Y;Y
214054;3819;3822;2017;complete;1294;21;-1;4;3,80,86,90;1;4;5;10;6;16;-1;-1;6;2;0;0;8;7;8;9;16;16;-1;-1;48;52;6;2;0;0;0;0;0;0;0;0;0;0;0;0;0;0;0;0;0;0;0;0;0;0;0;0;0;0;0;0;0;0;0;0;0;0;0;0;0;0;0;0;0;0;0;0;0;0;0;0;0;0;0;0;0;0;0;0;0;0;0;0;0;0;0;0;0;0;0;0;5;1;1;0;3;3;2;2017-09-16 14:00:00;3822;0;65;30;35;0;-1;1;-1;-1;-1;-1;-1;-1;1;1;5;1;2;6;-1;0;0;0;0;0;0;0;0;0;0;0;0;0;1;1;1;1;-1;-1;0;0;-1;-1;-1;-1;-1;-1;-1;-1;-1;10;35;75;85;100;35;85;90;60;11.24;0;4.27;3.05;Grótta;HK;0.36;1.64;0.4;1.5;0.45;1.8;90;65;25;15;0;83;76;61;0;0;0;742;22;Y;Y;Y;Y;Y;N;Y
214055;3812;3820;2017;complete;1294;22;-1;64,89;53;2;1;3;-1;-1;-1;-1;-1;4;2;0;0;-1;-1;-1;-1;-1;-1;-1;-1;-1;-1;4;2;0;0;0;0;0;0;0;0;0;0;0;0;0;0;0;0;0;0;0;0;0;0;0;0;0;0;0;0;0;0;0;0;0;0;0;0;0;0;0;0;0;0;0;0;0;0;0;0;0;0;0;0;0;0;0;0;0;0;0;0;0;0;0;0;0;0;0;0;3;0;0;2;1;3;0;2017-09-23 14:00:00;3812;0;45;20;15;0;-1;1;-1;-1;-1;-1;-1;-1;2;1;2;1;3;3;-1;0;0;0;0;0;0;0;0;0;0;0;0;0;1;1;0;0;-1;-1;0;0;-1;-1;-1;-1;-1;-1;-1;-1;-1;10;30;45;85;95;30;70;80;45;13.44;0;4.3;2.65;Fylkir;ÍR;2.55;0.73;2.5;0.8;2.14;0.9;90;70;55;15;5;79;69;59;0;0;0;742;22;Y;Y;Y;N;N;N;Y
214056;3822;3815;2017;complete;1294;22;-1;41,72;14;2;1;3;5;4;9;-1;-1;2;2;0;0;7;3;7;4;14;7;-1;-1;49;51;2;2;0;0;0;0;0;0;0;0;0;0;0;0;0;0;0;0;0;0;0;0;0;0;0;0;0;0;0;0;0;0;0;0;0;0;0;0;0;0;0;0;0;0;0;0;0;0;0;0;0;0;0;0;0;0;0;0;0;0;0;0;0;0;0;0;0;0;0;0;3;1;1;1;0;1;2;2017-09-23 14:00:00;3822;0;45;20;25;0;-1;1;-1;-1;-1;-1;-1;-1;0;1;2;1;1;3;-1;0;0;0;0;0;0;0;0;0;0;0;0;0;1;1;0;0;-1;-1;0;0;-1;-1;-1;-1;-1;-1;-1;-1;-1;15;20;45;80;100;35;85;75;30;8.89;0;4.23;2.7;HK;Keflavík;2.18;1.82;2.1;2;1.86;2.19;85;80;55;20;0;50;44;38;0;0;0;742;22;Y;Y;Y;N;N;N;Y
214057;3814;3819;2017;complete;1294;22;-1;21,82;74;2;1;3;-1;-1;-1;-1;-1;4;0;0;0;-1;-1;-1;-1;-1;-1;-1;-1;-1;-1;4;0;0;0;0;0;0;0;0;0;0;0;0;0;0;0;0;0;0;0;0;0;0;0;0;0;0;0;0;0;0;0;0;0;0;0;0;0;0;0;0;0;0;0;0;0;0;0;0;0;0;0;0;0;0;0;0;0;0;0;0;0;0;0;0;0;0;0;0;0;3;1;0;1;1;2;1;2017-09-23 14:00:00;3814;0;30;5;10;0;-1;1;-1;-1;-1;-1;-1;-1;2;0;2;0;2;2;-1;0;0;0;0;0;0;0;0;0;0;0;0;0;1;1;0;0;-1;-1;0;0;-1;-1;-1;-1;-1;-1;-1;-1;-1;0;25;35;75;95;15;65;80;40;9.89;0;4.9;2.3;Leiknir Reykjavík;Grótta;1.91;0.45;1.8;0.5;1.57;0.43;100;75;65;25;5;69;62;42;0;0;0;742;22;Y;Y;Y;N;N;N;Y
214058;3816;3813;2017;complete;1294;22;-1;;11,18,51,90;0;4;4;5;5;10;-1;-1;2;3;0;0;2;5;6;6;8;11;-1;-1;50;50;2;3;0;0;0;0;0;0;0;0;0;0;0;0;0;0;0;0;0;0;0;0;0;0;0;0;0;0;0;0;0;0;0;0;0;0;0;0;0;0;0;0;0;0;0;0;0;0;0;0;0;0;0;0;0;0;0;0;0;0;0;0;0;0;0;0;0;0;0;0;4;0;2;0;2;2;2;2017-09-23 14:00:00;3813;0;50;30;25;0;-1;1;-1;-1;-1;-1;-1;-1;1;1;1;2;2;3;-1;0;0;0;0;0;0;0;0;0;0;0;0;0;1;1;0;0;-1;-1;0;0;-1;-1;-1;-1;-1;-1;-1;-1;-1;20;35;55;65;90;35;65;70;45;11.99;0;4.55;2.7;Fram;Thróttur Reykjavík;1.27;1.27;1.4;1.1;1.29;1.86;80;65;45;35;10;81;76;52;0;0;0;742;22;Y;Y;Y;Y;N;N;N
214059;3818;3821;2017;complete;1294;22;-1;64,90;16;2;1;3;-1;-1;-1;-1;-1;1;3;0;0;-1;-1;-1;-1;-1;-1;-1;-1;-1;-1;1;3;0;0;0;0;0;0;0;0;0;0;0;0;0;0;0;0;0;0;0;0;0;0;0;0;0;0;0;0;0;0;0;0;0;0;0;0;0;0;0;0;0;0;0;0;0;0;0;0;0;0;0;0;0;0;0;0;0;0;0;0;0;0;0;0;0;0;0;0;3;0;1;2;0;2;1;2017-09-23 14:00:00;3818;0;50;25;20;0;-1;1;-1;-1;-1;-1;-1;-1;0;0;1;3;0;4;-1;0;0;0;0;0;0;0;0;0;0;0;0;0;1;1;0;0;-1;-1;0;0;-1;-1;-1;-1;-1;-1;-1;-1;-1;10;15;45;80;95;25;75;80;40;7.27;0;4.5;2.5;Selfoss;Haukar;1.27;0.82;1.1;0.9;1.19;1.57;90;85;55;20;5;85;85;65;0;0;0;742;22;Y;Y;Y;N;N;N;Y
214060;3823;3817;2017;complete;1294;22;-1;;8,69,90;0;3;3;3;3;6;-1;-1;4;2;1;0;5;10;6;18;11;28;-1;-1;48;52;6;2;0;0;0;0;0;0;0;0;0;0;0;0;0;0;0;0;0;0;0;0;0;0;0;0;0;0;0;0;0;0;0;0;0;0;0;0;0;0;0;0;0;0;0;0;0;0;0;0;0;0;0;0;0;0;0;0;0;0;0;0;0;0;0;0;0;0;0;0;3;0;1;0;2;2;1;2017-09-23 14:00:00;3817;0;65;35;30;0;-1;1;-1;-1;-1;-1;-1;-1;4;1;1;1;5;2;-1;0;0;0;0;0;0;0;0;1;0;1;0;0;1;1;0;1;-1;-1;1;0;-1;-1;-1;-1;-1;-1;-1;-1;-1;20;55;70;95;100;45;75;95;65;10.55;0;5.2;3.5;Leiknir Fáskrúdsfj.;Thór;0.91;1.36;1;1.2;0.48;1.48;80;45;30;5;0;73;68;68;0;0;0;742;22;Y;Y;Y;N;N;N;N
