ID;HOMEID;AWAYID;SEASON;STATUS;ROUNDID;GAME_WEEK;REVISED_GAME_WEEK;HOMEGOALS;AWAYGOALS;HOMEGOALCOUNT;AWAYGOALCOUNT;TOTALGOALCOUNT;TEAM_A_CORNERS;TEAM_B_CORNERS;TOTALCORNERCOUNT;TEAM_A_OFFSIDES;TEAM_B_OFFSIDES;TEAM_A_YELLOW_CARDS;TEAM_B_YELLOW_CARDS;TEAM_A_RED_CARDS;TEAM_B_RED_CARDS;TEAM_A_SHOTSONTARGET;TEAM_B_SHOTSONTARGET;TEAM_A_SHOTSOFFTARGET;TEAM_B_SHOTSOFFTARGET;TEAM_A_SHOTS;TEAM_B_SHOTS;TEAM_A_FOULS;TEAM_B_FOULS;TEAM_A_POSSESSION;TEAM_B_POSSESSION;TEAM_A_CARDS_NUM;TEAM_B_CARDS_NUM;ODDS_FT_1;ODDS_FT_X;ODDS_FT_2;ODDS_FT_OVER05;ODDS_FT_OVER15;ODDS_FT_OVER25;ODDS_FT_OVER35;ODDS_FT_OVER45;ODDS_FT_UNDER05;ODDS_FT_UNDER15;ODDS_FT_UNDER25;ODDS_FT_UNDER35;ODDS_FT_UNDER45;ODDS_BTTS_YES;ODDS_BTTS_NO;ODDS_TEAM_A_CS_YES;ODDS_TEAM_A_CS_NO;ODDS_TEAM_B_CS_YES;ODDS_TEAM_B_CS_NO;ODDS_DOUBLECHANCE_1X;ODDS_DOUBLECHANCE_12;ODDS_DOUBLECHANCE_X2;ODDS_1ST_HALF_RESULT_1;ODDS_1ST_HALF_RESULT_X;ODDS_1ST_HALF_RESULT_2;ODDS_2ND_HALF_RESULT_1;ODDS_2ND_HALF_RESULT_X;ODDS_2ND_HALF_RESULT_2;ODDS_DNB_1;ODDS_DNB_2;ODDS_CORNERS_OVER_75;ODDS_CORNERS_OVER_85;ODDS_CORNERS_OVER_95;ODDS_CORNERS_OVER_105;ODDS_CORNERS_OVER_115;ODDS_CORNERS_UNDER_75;ODDS_CORNERS_UNDER_85;ODDS_CORNERS_UNDER_95;ODDS_CORNERS_UNDER_105;ODDS_CORNERS_UNDER_115;ODDS_CORNERS_1;ODDS_CORNERS_X;ODDS_CORNERS_2;ODDS_TEAM_TO_SCORE_FIRST_1;ODDS_TEAM_TO_SCORE_FIRST_X;ODDS_TEAM_TO_SCORE_FIRST_2;ODDS_WIN_TO_NIL_1;ODDS_WIN_TO_NIL_2;ODDS_1ST_HALF_OVER05;ODDS_1ST_HALF_OVER15;ODDS_1ST_HALF_OVER25;ODDS_1ST_HALF_OVER35;ODDS_1ST_HALF_UNDER05;ODDS_1ST_HALF_UNDER15;ODDS_1ST_HALF_UNDER25;ODDS_1ST_HALF_UNDER35;ODDS_2ND_HALF_OVER05;ODDS_2ND_HALF_OVER15;ODDS_2ND_HALF_OVER25;ODDS_2ND_HALF_OVER35;ODDS_2ND_HALF_UNDER05;ODDS_2ND_HALF_UNDER15;ODDS_2ND_HALF_UNDER25;ODDS_2ND_HALF_UNDER35;ODDS_BTTS_1ST_HALF_YES;ODDS_BTTS_1ST_HALF_NO;ODDS_BTTS_2ND_HALF_YES;ODDS_BTTS_2ND_HALF_NO;OVERALLGOALCOUNT;HT_GOALS_TEAM_A;HT_GOALS_TEAM_B;GOALS_2HG_TEAM_A;GOALS_2HG_TEAM_B;GOALCOUNT_2HG;HTGOALCOUNT;DATE_UNIX;WINNINGTEAM;NO_HOME_AWAY;BTTS_POTENTIAL;BTTS_FHG_POTENTIAL;BTTS_2HG_POTENTIAL;GOALTIMINGDISABLED;CORNER_TIMINGS_RECORDED;CARD_TIMINGS_RECORDED;TEAM_A_FH_CORNERS;TEAM_B_FH_CORNERS;TEAM_A_2H_CORNERS;TEAM_B_2H_CORNERS;CORNER_FH_COUNT;CORNER_2H_COUNT;TEAM_A_FH_CARDS;TEAM_B_FH_CARDS;TEAM_A_2H_CARDS;TEAM_B_2H_CARDS;TOTAL_FH_CARDS;TOTAL_2H_CARDS;ATTACKS_RECORDED;TEAM_A_DANGEROUS_ATTACKS;TEAM_B_DANGEROUS_ATTACKS;TEAM_A_ATTACKS;TEAM_B_ATTACKS;TEAM_A_XG;TEAM_B_XG;TOTAL_XG;TEAM_A_PENALTIES_WON;TEAM_B_PENALTIES_WON;TEAM_A_PENALTY_GOALS;TEAM_B_PENALTY_GOALS;TEAM_A_PENALTY_MISSED;TEAM_B_PENALTY_MISSED;PENS_RECORDED;GOAL_TIMINGS_RECORDED;TEAM_A_0_10_MIN_GOALS;TEAM_B_0_10_MIN_GOALS;TEAM_A_CORNERS_0_10_MIN;TEAM_B_CORNERS_0_10_MIN;TEAM_A_CARDS_0_10_MIN;TEAM_B_CARDS_0_10_MIN;THROWINS_RECORDED;TEAM_A_THROWINS;TEAM_B_THROWINS;FREEKICKS_RECORDED;TEAM_A_FREEKICKS;TEAM_B_FREEKICKS;GOALKICKS_RECORDED;TEAM_A_GOALKICKS;TEAM_B_GOALKICKS;O45_POTENTIAL;O35_POTENTIAL;O25_POTENTIAL;O15_POTENTIAL;O05_POTENTIAL;O15HT_POTENTIAL;O05HT_POTENTIAL;O05_2H_POTENTIAL;O15_2H_POTENTIAL;CORNERS_POTENTIAL;OFFSIDES_POTENTIAL;CARDS_POTENTIAL;AVG_POTENTIAL;HOME_NAME;AWAY_NAME;HOME_PPG;AWAY_PPG;PRE_MATCH_HOME_PPG;PRE_MATCH_AWAY_PPG;PRE_MATCH_TEAMA_OVERALL_PPG;PRE_MATCH_TEAMB_OVERALL_PPG;U45_POTENTIAL;U35_POTENTIAL;U25_POTENTIAL;U15_POTENTIAL;U05_POTENTIAL;CORNERS_O85_POTENTIAL;CORNERS_O95_POTENTIAL;CORNERS_O105_POTENTIAL;TEAM_A_XG_PREMATCH;TEAM_B_XG_PREMATCH;TOTAL_XG_PREMATCH;COMPETITION_ID;MATCHES_COMPLETED_MINIMUM;OVER05;OVER15;OVER25;OVER35;OVER45;OVER55;BTTS
469855;6286;6266;2018/2019;complete;3676;1;-1;;;0;0;0;5;5;10;2;2;1;1;1;0;7;4;5;9;12;13;14;12;35;65;2;1;3.6;3.75;1.8;1;1.11;1.42;2.05;0;0;0;0;0;0;1.5;2.5;0;0;0;0;0;0;0;0;0;0;0;0;0;0;0;0;0;0;0;0;0;0;0;0;0;0;0;0;0;0;0;0;0;0;0;0;0;0;0;0;0;0;0;0;0;0;0;0;0;0;0;0;0;0;0;0;0;0;0;0;2018-08-10 18:00:00;-1;0;0;0;0;0;1;1;4;1;1;4;5;5;0;1;2;0;1;2;1;0;0;0;0;1.42;1.46;2.88;0;0;0;0;0;0;1;1;0;0;2;0;0;0;-1;-1;-1;-1;-1;-1;-1;-1;-1;0;0;0;0;0;0;0;0;0;0;0;0;0;Brighton U23;Liverpool U23;1.64;1.73;0;0;0;0;0;0;0;0;0;0;0;0;0;0;0;1676;22;N;N;N;N;N;N;N
469856;6270;6274;2018/2019;complete;3676;1;-1;7,45,50,62,73,88;20,36,41,53,86;6;5;11;-1;-1;-1;-1;-1;3;1;0;0;-1;-1;-1;-1;-1;-1;-1;-1;-1;-1;3;1;2.6;3.9;2.2;1.05;1.08;1.32;1.98;3.04;7;6.5;3.15;1.86;1.34;0;0;0;0;0;0;0;0;0;3.08;2.54;2.67;2.91;2.84;2.52;0;0;0;0;0;0;0;0;0;0;0;0;0;0;0;1.99;27;1.81;0;0;0;0;0;0;0;0;0;0;0;1.92;2.9;0;0;1.82;1.38;0;0;0;0;0;11;2;3;4;2;6;5;2018-08-11 12:00:00;6270;0;0;0;0;0;-1;1;-1;-1;-1;-1;-1;-1;1;0;2;1;1;3;-1;0;0;0;0;0;0;0;1;1;1;0;0;1;1;1;1;0;-1;-1;0;0;-1;-1;-1;-1;-1;-1;-1;-1;-1;0;0;0;0;0;0;0;0;0;0;0;0;0;Manchester City U23;Arsenal U23;1.73;1.45;0;0;0;0;0;0;0;0;0;0;0;0;0;0;0;1676;22;Y;Y;Y;Y;Y;Y;Y
469857;6276;6273;2018/2019;complete;3676;1;-1;69;60;1;1;2;6;1;7;0;4;0;2;0;0;5;8;7;5;12;13;9;9;50;50;0;2;1.62;4.5;3.85;0;0;0;2.16;0;0;0;0;1.73;0;0;0;0;0;0;0;0;0;0;2.49;2.48;3.48;0;0;0;0;0;0;0;0;0;0;0;0;0;0;0;0;0;0;0;0;0;0;0;0;0;0;0;0;0;0;0;0;2.03;0;0;0;1.73;0;0;0;0;0;0;2;0;0;1;1;2;0;2018-08-12 12:00:00;-1;0;0;0;0;0;1;1;1;0;5;1;1;6;0;0;0;2;0;2;1;0;0;0;0;1.41;1.67;3.08;1;0;1;0;0;0;1;1;0;0;0;0;0;0;-1;-1;-1;-1;-1;-1;-1;-1;-1;0;0;0;0;0;0;0;0;0;0;0;0;0;Chelsea U23;Everton U23;0.82;1.36;0;0;0;0;0;0;0;0;0;0;0;0;0;0;0;1676;22;Y;Y;N;N;N;N;Y
469858;6275;6285;2018/2019;complete;3676;1;-1;34,47;1,9;2;2;4;5;7;12;3;7;3;2;0;1;8;7;14;6;22;13;18;12;53;47;3;4;1.87;3.9;3.25;1.01;1.16;1.56;2.4;0;0;0;1.44;0;0;1.59;2.3;0;0;0;0;0;0;0;0;0;0;2.2;2.22;5.5;0;0;0;1.83;2.1;0;0;0;1.83;1.66;0;0;0;0;0;1.53;5.5;3.5;0;0;0;0;0;0;0;0;0;0;1.6;0;0;0;2.28;0;0;0;0;0;0;0;4;1;2;1;0;1;3;2018-08-13 18:00:00;-1;0;0;0;0;0;1;1;4;3;1;4;7;5;0;1;3;2;1;5;1;39;41;66;64;2.22;1.6;3.82;0;0;0;0;0;0;1;1;0;2;1;2;0;0;-1;-1;-1;-1;-1;-1;-1;-1;-1;0;0;0;0;0;0;0;0;0;0;0;0;0;Derby County U23;Blackburn Rovers U23;1.27;1.55;0;0;0;0;0;0;0;0;0;0;0;0;0;0;0;1676;22;Y;Y;Y;Y;N;N;Y
469859;6272;6267;2018/2019;complete;3676;1;-1;;;0;0;0;4;2;6;3;1;0;0;0;0;5;2;7;6;12;8;17;12;62;38;0;0;1.65;3.9;4.35;1.01;1.16;1.54;2.35;11.5;6.4;2.55;1.48;1.14;1.02;1.62;2.25;0;0;0;0;0;0;0;2.79;1.81;5.7;2.04;2.28;6.3;0;0;0;1.83;0;0;0;0;1.83;0;0;0;0;0;0;1.7;6.3;2.94;0;0;0;0;0;0;0;0;0;0;1.55;2.58;0;0;2.39;1.48;0;0;0;0;0;0;0;0;0;0;0;0;0;2018-08-13 18:00:00;-1;0;0;0;0;0;1;-1;2;2;2;0;4;2;0;0;0;0;0;0;1;85;43;148;98;1.73;0.97;2.7;0;0;0;0;0;0;1;1;0;0;2;0;-1;-1;-1;-1;-1;-1;-1;-1;-1;-1;-1;0;0;0;0;0;0;0;0;0;0;0;0;0;Leicester City U23;Swansea City U23;1.36;1.18;0;0;0;0;0;0;0;0;0;0;0;0;0;0;0;1676;22;N;N;N;N;N;N;N
469860;6269;6265;2018/2019;complete;3676;1;-1;6;44,46,48;1;3;4;8;4;12;1;3;1;1;0;0;5;7;9;1;14;8;11;18;49;51;1;1;2.95;4;1.95;1;1.08;1.33;1.87;2.9;7;5.75;3.26;1.93;1.37;1.37;2.95;0;0;0;0;1.6;1.25;1.25;3.13;2.48;2.71;2.96;2.76;2.55;0;0;0;0;0;0;0;0;0;0;0;0;0;0;0;1.99;27;1.81;0;0;0;0;0;0;0;0;0;0;1.25;1.87;3.9;0;4.5;1.87;1.18;0;0;0;0;0;4;1;1;0;2;2;2;2018-08-13 18:00:00;6265;0;0;0;0;0;1;1;5;2;3;2;7;5;0;0;1;1;0;2;1;32;48;47;69;1.46;1.34;2.8;0;0;0;0;0;0;1;1;1;0;1;1;0;0;-1;-1;-1;-1;-1;-1;-1;-1;-1;0;0;0;0;0;0;0;0;0;0;0;0;0;Tottenham Hotspur U23;West Ham United U23;1.18;1.45;0;0;0;0;0;0;0;0;0;0;0;0;0;0;0;1676;22;Y;Y;Y;Y;N;N;Y
469861;6266;6269;2018/2019;complete;3676;2;-1;14;23;1;1;2;13;0;13;6;0;0;3;0;1;9;3;13;2;22;5;12;11;69;31;0;5;1.57;4.3;4.45;1;1.08;1.33;1.87;0;0;0;0;0;0;1.43;2.7;0;0;0;0;0;0;0;0;0;0;0;0;0;0;0;0;0;0;0;0;0;0;0;0;0;0;0;0;0;0;0;0;0;0;0;0;0;0;0;0;0;0;0;0;0;0;0;0;0;0;0;0;0;2;1;1;0;0;0;2;2018-08-17 18:00:00;-1;0;0;0;0;0;1;1;4;0;9;0;4;9;0;3;0;1;3;1;1;0;0;0;0;2.49;0.7;3.19;1;0;0;0;1;0;1;1;0;0;1;0;0;1;-1;-1;-1;-1;-1;-1;-1;-1;-1;0;0;0;0;0;0;0;0;0;0;0;0;0;Liverpool U23;Tottenham Hotspur U23;1.36;1.36;0;0;1;0;0;0;0;0;0;0;0;0;0;0;0;1676;22;Y;Y;N;N;N;N;Y
469862;6265;6270;2018/2019;complete;3676;2;-1;45,71,90,90;10,18,35,74,90,90;4;6;10;7;9;16;1;6;2;0;1;0;8;9;0;0;8;9;14;17;50;50;3;0;2.15;4.1;2.5;1;1.06;1.28;1.74;0;0;0;0;0;0;1.31;3.25;0;0;0;0;0;0;0;0;0;0;0;0;0;0;0;0;0;0;0;0;0;0;0;0;0;0;0;0;0;0;0;0;0;0;0;0;0;0;0;0;0;0;0;0;0;0;0;0;0;0;0;0;0;10;1;3;3;3;6;4;2018-08-19 12:00:00;6270;0;0;0;0;0;1;1;3;4;4;5;7;9;2;0;1;0;2;1;1;0;0;0;0;1.4;1.54;2.94;0;0;0;0;0;0;1;1;0;1;1;2;0;0;-1;-1;-1;-1;-1;-1;-1;-1;-1;0;0;0;0;0;0;0;0;0;0;0;0;0;West Ham United U23;Manchester City U23;0.91;1;0;0;3;3;0;0;0;0;0;0;0;0;0;0;0;1676;22;Y;Y;Y;Y;Y;Y;Y
469863;6274;6286;2018/2019;complete;3676;2;-1;87;90;1;1;2;5;8;13;1;2;3;1;0;0;3;6;14;9;17;15;10;11;54;46;3;1;1.65;4.35;3.9;1;1.09;1.36;1.95;0;0;0;0;0;0;1.45;2.65;0;0;0;0;0;0;0;0;0;0;0;0;0;0;0;0;0;0;0;0;0;0;0;0;0;0;0;0;0;0;0;0;0;0;0;0;0;0;0;0;0;0;0;0;0;0;0;0;0;0;0;0;0;2;0;0;1;1;2;0;2018-08-20 18:00:00;-1;0;0;0;0;0;1;1;1;5;4;3;6;7;1;0;2;1;1;3;1;50;38;69;66;1.63;1.64;3.27;0;0;0;0;0;0;1;1;0;0;0;0;0;0;-1;-1;-1;-1;-1;-1;-1;-1;-1;0;0;0;0;0;0;0;0;0;0;0;0;0;Arsenal U23;Brighton U23;1.91;1.55;0;0;0;1;0;0;0;0;0;0;0;0;0;0;0;1676;22;Y;Y;N;N;N;N;Y
469864;6285;6276;2018/2019;complete;3676;2;-1;;2,56,83;0;3;3;5;3;8;0;2;4;1;0;0;6;12;2;7;8;19;13;11;47;53;4;1;4.1;4.25;1.62;1;1.12;1.44;2.15;0;0;0;0;0;0;1.54;2.4;0;0;0;0;0;0;0;0;0;0;0;0;0;0;0;0;0;0;0;0;0;0;0;0;0;0;0;0;0;0;0;0;0;0;0;0;0;0;0;0;0;0;0;0;0;0;0;0;0;0;0;0;0;3;0;1;0;2;2;1;2018-08-20 18:00:00;6276;0;0;0;0;0;1;1;2;3;3;0;5;3;2;0;2;1;2;3;1;26;43;52;64;1.11;2.34;3.45;0;0;0;0;0;0;1;1;0;1;1;1;0;0;-1;-1;-1;-1;-1;-1;-1;-1;-1;0;0;0;0;0;0;0;0;0;0;0;0;0;Blackburn Rovers U23;Chelsea U23;1.27;2;0;0;1;1;0;0;0;0;0;0;0;0;0;0;0;1676;22;Y;Y;Y;N;N;N;N
469865;6273;6272;2018/2019;complete;3676;2;-1;48;;1;0;1;4;7;11;3;1;1;4;0;0;4;2;5;9;9;11;20;16;50;50;1;4;3.65;3.75;1.8;1;1.13;1.48;2.2;0;0;0;0;0;0;1.51;2.5;0;0;0;0;0;0;0;0;0;0;0;0;0;0;0;0;0;0;0;0;0;0;0;0;0;0;0;0;0;0;0;0;0;0;0;0;0;0;0;0;0;0;0;0;0;0;0;0;0;0;0;0;0;1;0;0;1;0;1;0;2018-08-20 18:00:00;6273;0;0;0;0;0;1;1;1;2;3;5;3;8;0;0;1;4;0;5;1;0;0;0;0;1.18;1.17;2.36;0;0;0;0;0;0;1;1;0;0;0;0;0;0;-1;-1;-1;-1;-1;-1;-1;-1;-1;0;0;0;0;0;0;0;0;0;0;0;0;0;Everton U23;Leicester City U23;2.36;0.91;0;0;1;1;0;0;0;0;0;0;0;0;0;0;0;1676;22;Y;N;N;N;N;N;N
469866;6267;6275;2018/2019;complete;3676;2;-1;28;75;1;1;2;1;5;6;2;1;3;1;0;1;3;15;3;5;6;20;19;10;50;50;3;3;1.69;3.95;3.9;1;1.13;1.48;2.2;3.92;21;5.2;2.56;1.59;1.22;1.53;2.45;0;0;0;0;1.24;1.21;1.95;2.33;2.52;3.74;2.05;2.82;4;0;0;0;0;0;0;0;0;0;0;0;0;0;0;0;1.65;20.5;2.28;0;0;0;0;0;0;0;0;0;0;1.23;2.19;4.8;0;3.9;1.63;1.13;0;0;0;0;0;2;1;0;0;1;1;1;2018-08-20 18:00:00;-1;0;0;0;0;0;1;1;0;3;1;2;3;3;2;0;1;2;2;3;1;0;0;0;0;0.84;2.62;3.46;0;1;0;0;0;1;1;1;0;0;0;0;0;0;-1;-1;-1;-1;-1;-1;-1;-1;-1;0;0;0;0;0;0;0;0;0;0;0;0;0;Swansea City U23;Derby County U23;0.36;1.45;0;0;1;1;0;0;0;0;0;0;0;0;0;0;0;1676;22;Y;Y;N;N;N;N;Y
469867;6276;6275;2018/2019;complete;3676;3;-1;;22;0;1;1;6;3;9;2;5;2;1;1;0;4;7;3;5;7;12;11;22;50;50;3;1;1.43;5;5;1.03;1.1;1.33;2.05;3.15;8;5.75;3.08;1.81;1.32;1.31;1.01;0;0;0;0;1.1;1.25;2.1;2.11;2.65;4.15;1.96;3.02;3.98;0;0;0;0;0;0;0;0;0;0;0;0;0;0;0;1.56;27;2.41;0;0;0;0;0;0;0;0;0;0;1.18;1.96;4.3;0;3.9;1.79;1.14;0;0;0;0;0;1;0;1;0;0;0;1;2018-08-24 18:00:00;6275;0;100;0;50;0;1;1;4;0;2;3;4;5;0;0;3;1;0;4;1;0;0;0;0;1.11;1.53;2.64;0;0;0;0;0;0;1;1;0;0;2;0;0;0;-1;-1;-1;-1;-1;-1;-1;-1;-1;0;0;0;100;100;0;50;100;50;11;1;3;2;Chelsea U23;Derby County U23;0.82;1.45;1;1;2;1;100;100;100;0;0;0;0;0;1.41;2.62;4.03;1676;22;Y;N;N;N;N;N;N
469868;6270;6266;2018/2019;complete;3676;3;-1;77;56;1;1;2;6;5;11;4;1;3;0;0;0;6;7;3;8;9;15;11;12;50;50;3;0;2.15;3.95;2.6;1;1.06;1.28;1.74;2.55;7;6.5;3.2;1.95;1.45;1.31;3.25;0;0;0;0;1.55;1.25;1.35;2.8;2.63;2.8;2.67;2.91;2.67;0;0;0;0;0;0;0;0;0;0;0;0;0;0;0;1.9;27;1.9;0;0;0;0;0;0;0;0;0;0;1.14;1.88;3.65;0;4.3;1.78;1.2;0;0;0;0;0;2;0;0;1;1;2;0;2018-08-24 18:00:00;-1;0;50;50;50;0;1;1;4;2;2;3;6;5;1;0;2;0;1;2;1;35;51;67;78;1.24;1.8;3.04;0;0;0;0;0;0;1;1;0;0;0;0;0;0;-1;-1;-1;-1;-1;-1;-1;-1;-1;50;50;50;50;50;50;50;50;50;5;1;4;5.5;Manchester City U23;Liverpool U23;1.73;1.73;3;1;3;1;50;50;50;50;50;50;50;0;0;1.46;1.46;1676;22;Y;Y;N;N;N;N;Y
469869;6265;6274;2018/2019;complete;3676;3;-1;48,60;26,33,52;2;3;5;6;8;14;1;2;4;0;0;0;9;12;4;8;13;20;13;5;44;56;4;0;3.25;4.25;1.8;1;1.06;1.28;1.74;2.9;8;7.5;3.34;1.91;1.37;1.33;3.15;0;0;0;0;1.95;1.25;1.15;3.44;2.74;2.29;3.3;3.13;2.13;0;0;0;0;0;0;0;0;0;0;0;0;0;0;0;2.17;31;1.67;0;0;0;0;0;0;0;0;0;0;0;1.89;2.78;0;0;1.85;1.41;0;0;0;0;0;5;0;2;2;1;3;2;2018-08-24 18:00:00;6274;0;100;100;100;0;1;1;3;4;3;4;7;7;1;0;3;0;1;3;1;39;43;54;56;1.73;2.4;4.12;0;0;0;0;0;0;1;1;0;0;0;1;0;0;-1;-1;-1;-1;-1;-1;-1;-1;-1;100;100;100;100;100;100;100;100;100;7;0;4;10.5;West Ham United U23;Arsenal U23;0.91;1.45;0;0;1.5;0.5;0;0;0;0;0;50;50;50;1.4;0;1.4;1676;22;Y;Y;Y;Y;Y;N;Y
469870;6269;6286;2018/2019;complete;3676;3;-1;59;42;1;1;2;6;4;10;1;1;0;2;0;0;6;5;11;6;17;11;10;10;70;30;0;2;2.9;4.15;1.95;1;1.07;1.3;1.8;0;0;0;0;0;0;1.34;3.1;0;0;0;0;0;0;0;0;0;0;0;0;0;0;0;0;0;0;0;0;0;0;0;0;0;0;0;0;0;0;0;0;0;0;0;0;0;0;0;0;0;0;0;0;0;0;0;0;0;0;0;0;0;2;0;1;1;0;1;1;2018-08-24 18:00:00;-1;0;100;50;50;0;1;1;3;1;3;3;4;6;0;0;0;2;0;2;1;64;31;94;57;1.95;1.27;3.22;0;0;0;0;0;0;1;1;0;0;0;1;0;0;-1;-1;-1;-1;-1;-1;-1;-1;-1;0;50;50;100;100;50;50;100;100;16;3;2;3;Tottenham Hotspur U23;Brighton U23;1.18;1.55;0;1;0.5;1;100;50;50;0;0;100;100;100;1.46;1.64;3.1;1676;22;Y;Y;N;N;N;N;Y
469871;6273;6267;2018/2019;complete;3676;3;-1;;;0;0;0;8;1;9;3;2;0;2;0;0;4;2;9;4;13;6;10;19;65;35;0;2;1.83;3.85;3.4;1;1.14;1.5;2.25;0;0;0;0;0;0;1.54;2.4;0;0;0;0;0;0;0;0;0;0;0;0;0;0;0;0;0;0;0;0;0;0;0;0;0;0;0;0;0;0;0;0;0;0;0;0;0;0;0;0;0;0;0;0;0;0;0;0;0;0;0;0;0;0;0;0;0;0;0;0;2018-08-25 11:00:00;-1;0;0;0;0;0;1;1;4;1;4;0;5;4;0;0;0;2;0;2;1;0;0;0;0;1.53;0.68;2.21;0;0;0;0;0;0;1;1;0;0;1;1;0;0;-1;-1;-1;-1;-1;-1;-1;-1;-1;0;0;0;0;50;0;0;50;0;6;4;1;0.5;Everton U23;Swansea City U23;2.36;1.18;3;1;2;1;100;100;100;100;50;50;50;50;1.18;0.97;2.15;1676;22;N;N;N;N;N;N;N
469872;6272;6285;2018/2019;complete;3676;3;-1;19,50,79,90;47;4;1;5;2;1;3;1;1;0;0;0;0;11;4;7;2;18;6;13;15;54;46;0;0;1.57;4.25;4.4;1;1.11;1.43;2.1;0;0;0;0;0;0;1.53;2.45;0;0;0;0;0;0;0;0;0;0;0;0;0;0;0;0;0;0;0;0;0;0;0;0;0;0;0;0;0;0;0;0;0;0;0;0;0;0;0;0;0;0;0;0;0;0;0;0;0;0;0;0;0;5;1;0;3;1;4;1;2018-08-27 18:00:00;6272;0;50;50;0;0;1;-1;1;0;1;1;1;2;0;0;0;0;0;0;1;43;39;64;58;2.21;0.94;3.15;0;0;0;0;0;0;1;1;0;0;1;0;-1;-1;-1;-1;-1;-1;-1;-1;-1;-1;-1;0;50;50;50;50;50;50;50;0;11;10;4;2;Leicester City U23;Blackburn Rovers U23;1.36;1.55;1;1;0.5;0.5;100;50;50;50;50;50;50;50;1.73;1.6;3.33;1676;22;Y;Y;Y;Y;Y;N;Y
469873;6286;6270;2018/2019;complete;3676;4;-1;27,42,70,82,90;;5;0;5;2;7;9;3;1;3;3;0;0;7;9;3;4;10;13;11;18;36;64;3;3;3.1;3.8;1.95;0;0;0;0;0;0;0;0;0;0;0;0;0;0;0;0;0;0;0;0;0;0;0;0;0;0;0;0;0;0;0;0;0;0;0;0;0;0;0;0;0;0;0;0;0;0;0;0;0;0;0;0;0;0;0;0;0;0;0;0;0;0;0;0;0;5;2;0;3;0;3;2;2018-08-31 18:00:00;6286;0;50;50;50;0;1;1;2;6;0;1;8;1;1;0;2;3;1;5;1;39;43;50;52;1.4;1.75;3.15;1;0;1;0;0;0;1;1;0;0;0;1;0;0;-1;-1;-1;-1;-1;-1;-1;-1;-1;50;50;50;50;50;50;50;50;50;14;8;2;5;Brighton U23;Manchester City U23;1.64;1;1;3;1;2.33;50;50;50;50;50;100;100;50;1.42;1.54;2.96;1676;22;Y;Y;Y;Y;Y;N;N
469874;6274;6269;2018/2019;complete;3676;4;-1;3,58;90;2;1;3;6;4;10;4;0;3;3;0;1;9;2;9;2;18;4;16;18;46;54;3;5;1.59;4.55;4.05;0;0;0;0;0;0;0;0;0;0;0;0;0;0;0;0;0;0;0;0;0;0;0;0;0;0;0;0;0;0;0;0;0;0;0;0;0;0;0;0;0;0;0;0;0;0;0;0;0;0;0;0;0;0;0;0;0;0;0;0;0;0;0;0;0;3;1;0;1;1;2;1;2018-08-31 18:00:00;6274;0;100;50;50;0;1;1;2;2;4;2;4;6;0;0;3;4;0;7;1;0;0;0;0;2.1;0.62;2.71;1;0;0;0;1;0;1;1;1;0;0;0;0;0;-1;-1;-1;-1;-1;-1;-1;-1;-1;0;0;0;100;100;50;50;50;50;5;1;8;2;Arsenal U23;Tottenham Hotspur U23;1.91;1.36;1;1;1.33;0.67;100;100;100;0;0;100;100;100;1.63;0.7;2.33;1676;22;Y;Y;Y;N;N;N;Y
469875;6266;6265;2018/2019;complete;3676;4;-1;53;3,73;1;2;3;8;5;13;1;3;2;4;0;0;13;4;9;7;22;11;10;11;64;36;2;4;1.61;4.25;4.25;1;1.11;1.43;2.1;3.36;10.25;5.75;2.85;1.76;1.29;1.53;2.45;0;0;0;0;1.27;1.21;1.91;2.41;2.49;3.62;2.13;2.83;3.7;0;0;0;0;0;0;0;0;0;0;0;0;0;0;0;1.63;23;2.29;0;0;0;0;0;0;0;0;0;0;0;2.02;3.13;0;0;1.76;1.33;0;0;0;0;0;3;0;1;1;1;2;1;2018-09-02 12:00:00;6265;0;100;100;0;0;1;1;4;4;4;1;8;5;1;1;1;3;2;4;1;70;29;118;80;2.8;1.19;3.99;0;0;0;0;0;0;1;1;0;1;0;3;0;0;-1;-1;-1;-1;-1;-1;-1;-1;-1;0;50;50;100;100;100;100;50;50;17;9;1;3;Liverpool U23;West Ham United U23;1.36;1.45;1;3;1;1;100;50;50;0;0;100;100;100;2.49;1.34;3.83;1676;22;Y;Y;Y;N;N;N;Y
469876;6285;6273;2018/2019;complete;3676;4;-1;;35,65,88;0;3;3;5;5;10;2;3;2;1;0;0;2;4;3;14;5;18;14;9;47;53;2;1;4.4;4.55;1.54;0;0;0;0;0;0;0;0;0;0;0;0;0;0;0;0;0;0;0;0;0;0;0;0;0;0;0;0;0;0;0;0;0;0;0;0;0;0;0;0;0;0;0;0;0;0;0;0;0;0;0;0;0;0;0;0;0;0;0;0;0;0;0;0;0;3;0;1;0;2;2;1;2018-09-03 18:00:00;6273;0;50;0;50;0;-1;1;-1;-1;-1;-1;-1;-1;0;0;2;1;0;3;-1;0;0;0;0;0;0;0;0;0;0;0;0;0;1;1;0;0;-1;-1;0;0;-1;-1;-1;-1;-1;-1;-1;-1;-1;0;0;50;100;100;0;50;100;100;6;4;6;2.5;Blackburn Rovers U23;Everton U23;1.27;1.36;0;1;0.33;1.67;100;100;50;0;0;0;0;0;1.11;1.67;2.78;1676;22;Y;Y;Y;N;N;N;N
469877;6275;6272;2018/2019;complete;3676;4;-1;;3,27;0;2;2;4;3;7;0;3;1;2;0;0;7;7;7;11;14;18;9;12;57;43;1;2;4.15;3.8;1.65;0;1.19;1.57;2.22;5.3;11;4.25;2.47;1.6;1.13;1.59;2.3;0;0;0;0;1.87;1.17;1.21;4.33;2.43;2.22;4.1;2.73;2.07;0;0;0;0;0;0;0;0;0;0;0;0;0;0;0;2.46;18.5;1.58;0;0;0;0;0;0;0;0;0;0;1.23;2.16;4.25;0;3.9;1.65;1.2;0;0;0;0;0;2;0;2;0;0;0;2;2018-09-03 18:00:00;6272;0;50;50;0;0;1;1;0;2;4;1;2;5;0;0;1;2;0;3;1;27;29;56;63;1.56;1.83;3.39;0;0;0;0;0;0;1;1;0;1;0;1;0;0;-1;-1;-1;-1;-1;-1;-1;-1;-1;0;50;50;50;100;50;50;100;0;12;4;7;2.5;Derby County U23;Leicester City U23;1.27;0.91;1;0;1.67;1.33;100;50;50;50;0;100;100;100;2.22;1.17;3.39;1676;22;Y;Y;N;N;N;N;N
469878;6267;6276;2018/2019;complete;3676;4;-1;;58;0;1;1;8;1;9;3;2;2;0;0;0;8;2;8;2;16;4;14;11;64;36;2;0;2.35;4.1;2.35;0;0;0;0;0;0;0;0;0;0;0;0;0;0;0;0;0;0;0;0;0;0;0;0;0;0;0;0;0;0;0;0;0;0;0;0;0;0;0;0;0;0;0;0;0;0;0;0;0;0;0;0;0;0;0;0;0;0;0;0;0;0;0;0;0;1;0;0;0;1;1;0;2018-09-02 14:00:00;6276;0;50;0;0;0;1;1;3;0;5;1;3;6;0;0;2;0;0;2;1;0;0;0;0;1.83;0.54;2.36;0;0;0;0;0;0;1;1;0;0;0;0;0;0;-1;-1;-1;-1;-1;-1;-1;-1;-1;0;0;50;100;100;0;100;100;50;4;4;4;2.5;Swansea City U23;Chelsea U23;0.36;2;1;3;1;1.33;100;100;50;0;0;0;0;0;0.84;2.34;3.18;1676;22;Y;N;N;N;N;N;N
469879;6286;6265;2018/2019;complete;3676;5;-1;75,78;20;2;1;3;5;6;11;2;0;0;0;0;0;5;7;5;8;10;15;14;8;46;54;0;0;1.83;4;3.25;1;1.12;1.44;2.15;0;0;0;0;0;0;1.49;2.55;0;0;0;0;0;0;0;0;0;0;0;0;0;0;0;0;0;0;0;0;0;0;0;0;0;0;0;0;0;0;0;0;0;0;0;0;0;0;0;0;0;0;0;0;0;0;0;0;0;0;0;0;0;3;0;1;2;0;2;1;2018-09-14 18:00:00;6286;0;50;25;25;0;1;-1;2;4;3;2;6;5;0;0;0;0;0;0;1;0;0;0;0;1.24;1.68;2.91;0;0;0;0;0;0;1;1;0;0;0;0;-1;-1;-1;-1;-1;-1;-1;-1;-1;-1;-1;25;50;75;75;75;50;75;75;75;8;5.5;5;3;Brighton U23;West Ham United U23;1.64;1.45;2;3;1.5;1.5;75;50;25;25;25;100;75;50;1.41;1.27;2.68;1676;22;Y;Y;Y;N;N;N;Y
469880;6269;6270;2018/2019;complete;3676;5;-1;21,29;;2;0;2;2;11;13;1;0;2;1;0;0;4;10;4;5;8;15;15;12;38;62;2;1;3.2;4;1.87;1;1.06;1.27;1.71;0;0;0;0;0;0;1.32;3.2;0;0;0;0;0;0;0;0;0;0;0;0;0;0;0;0;0;0;0;0;0;0;0;0;0;0;0;0;0;0;0;0;0;0;0;0;0;0;0;0;0;0;0;0;0;0;0;0;0;0;0;0;0;2;2;0;0;0;0;2;2018-09-14 18:00:00;6269;0;75;50;25;0;1;1;1;5;1;6;6;7;1;0;1;1;1;2;1;0;0;0;0;1.05;1.96;3.01;0;0;0;0;0;0;1;1;0;0;0;0;0;0;-1;-1;-1;-1;-1;-1;-1;-1;-1;50;75;75;100;100;75;100;100;75;15;4.5;2;5.25;Tottenham Hotspur U23;Manchester City U23;1.18;1;0.5;1.5;0.5;1.75;50;25;25;0;0;100;75;50;1.7;1.65;3.35;1676;22;Y;Y;N;N;N;N;N
469881;6266;6267;2018/2019;complete;3676;5;-1;5,27,31;;3;0;3;13;1;14;1;1;0;1;0;0;10;2;8;4;18;6;1;11;74;26;0;1;1.77;4.05;3.55;0;0;0;0;0;0;0;0;0;0;0;0;0;0;0;0;0;0;0;0;0;0;0;0;0;0;0;0;0;0;0;0;0;0;0;0;0;0;0;0;0;0;0;0;0;0;0;0;0;0;0;0;0;0;0;0;0;0;0;0;0;0;0;0;0;3;3;0;0;0;0;3;2018-09-15 14:00:00;6266;0;50;25;25;0;1;1;6;0;7;1;6;8;0;1;0;0;1;0;1;0;0;0;0;2.23;0.7;2.93;0;0;0;0;0;0;1;1;1;0;3;0;0;0;-1;-1;-1;-1;-1;-1;-1;-1;-1;0;0;25;50;50;25;50;25;25;12;5;2;1.25;Liverpool U23;Swansea City U23;1.36;1.18;0.5;1;0.75;0.75;100;100;75;50;50;75;50;50;2.64;0.83;3.47;1676;22;Y;Y;Y;N;N;N;N
469882;6276;6272;2018/2019;complete;3676;5;-1;30;66;1;1;2;3;6;9;1;3;1;3;0;0;6;4;7;9;13;13;7;11;47;53;1;3;2.6;3.85;2.2;0;0;0;0;0;0;0;0;0;0;0;0;0;0;0;0;0;0;0;0;0;0;0;0;0;0;0;0;0;0;0;0;0;0;0;0;0;0;0;0;0;0;0;0;0;0;0;0;0;0;0;0;0;0;0;0;0;0;0;0;0;0;0;0;0;2;1;0;0;1;1;1;2018-09-16 11:00:00;-1;0;25;0;25;0;1;1;1;1;2;5;2;7;0;0;1;3;0;4;1;0;0;0;0;1.48;1.4;2.88;1;0;1;0;0;0;1;1;0;0;1;0;0;0;-1;-1;-1;-1;-1;-1;-1;-1;-1;0;0;0;50;100;25;50;50;25;11;3;4.5;1.5;Chelsea U23;Leicester City U23;0.82;0.91;0.5;1.5;1.75;1.75;100;100;100;50;0;50;25;25;1.26;1.5;2.76;1676;22;Y;Y;N;N;N;N;Y
469883;6285;6274;2018/2019;complete;3676;5;-1;;;0;0;0;9;4;13;3;0;3;3;1;1;10;2;8;7;18;9;11;12;55;45;5;5;5.4;4.15;1.49;1;1.07;1.29;1.77;0;0;0;0;0;0;1.45;2.65;0;0;0;0;0;0;0;0;0;0;0;0;0;0;0;0;0;0;0;0;0;0;0;0;0;0;0;0;0;0;0;0;0;0;0;0;0;0;0;0;0;0;0;0;0;0;0;0;0;0;0;0;0;0;0;0;0;0;0;0;2018-09-17 18:00:00;-1;0;50;25;50;0;1;1;4;0;5;4;4;9;2;2;2;2;4;4;1;32;22;47;34;2.05;0.86;2.92;0;0;0;0;0;0;1;1;0;0;0;0;0;0;-1;-1;-1;-1;-1;-1;-1;-1;-1;50;50;100;100;100;50;100;100;100;13;1.5;3.5;5.5;Blackburn Rovers U23;Arsenal U23;1.27;1.45;0;1.5;0.25;1.75;50;50;0;0;0;75;75;50;1.11;2.4;3.51;1676;22;N;N;N;N;N;N;N
469884;6275;6273;2018/2019;complete;3676;5;-1;25;;1;0;1;2;7;9;1;3;3;3;0;0;3;5;6;9;9;14;24;7;50;50;3;3;3.8;3.6;1.8;1;1.14;1.51;2.3;3.8;8;4;2.45;1.52;1.22;1.56;2.35;0;0;0;0;2.09;1.21;1.21;4.5;2.48;2.14;4.45;2.52;2.12;0;0;0;0;0;0;0;0;0;0;0;0;0;0;0;2.54;18.25;1.55;0;0;0;0;0;0;0;0;0;0;1.25;2.23;5;12;3.72;1.61;1.14;1.02;0;0;0;0;1;1;0;0;0;0;1;2018-09-17 18:00:00;6275;0;50;25;25;0;1;1;0;3;2;4;3;6;1;1;2;2;2;4;1;0;0;0;0;0.91;1.4;2.31;1;0;1;0;0;0;1;1;0;0;0;0;0;0;-1;-1;-1;-1;-1;-1;-1;-1;-1;0;25;50;100;100;50;75;75;50;7.5;5;3.5;2.75;Derby County U23;Everton U23;1.27;1.36;0.5;2;1.25;2;100;75;50;0;0;50;50;25;1.89;1.67;3.56;1676;22;Y;N;N;N;N;N;N
469885;6274;6266;2018/2019;complete;3676;6;-1;22,25,79,90;;4;0;4;5;6;11;3;0;1;1;0;0;8;6;8;6;16;12;14;9;41;59;1;1;2.65;3.65;2.25;1;1.09;1.36;1.95;0;13.75;5.65;2.75;1.71;1.29;1.38;2.9;0;0;0;0;0;0;0;0;0;0;0;0;0;0;0;0;0;0;0;0;0;0;0;0;0;0;0;0;0;0;0;0;0;0;0;0;0;0;0;0;0;0;0;0;0;0;0;0;0;0;0;0;0;4;2;0;2;0;2;2;2018-09-21 18:00:00;6274;0;75;0;75;0;1;1;4;2;1;4;6;5;0;1;1;0;1;1;1;0;0;0;0;1.81;1.47;3.28;0;0;0;0;0;0;1;1;0;0;0;0;0;0;-1;-1;-1;-1;-1;-1;-1;-1;-1;0;0;25;75;75;0;25;75;75;10.5;4;3.5;1.75;Arsenal U23;Liverpool U23;1.91;1.73;2;1;1.6;1.2;100;100;75;25;25;100;100;50;1.87;1.63;3.5;1676;22;Y;Y;Y;Y;N;N;N
469886;6270;6275;2018/2019;complete;3676;6;-1;3,14,74;76,83;3;2;5;2;7;9;2;1;4;1;0;0;6;6;1;6;7;12;10;13;50;50;4;1;1.59;4.1;4.4;0;0;0;0;0;0;0;0;0;0;0;0;0;0;0;0;0;0;0;0;0;0;0;0;0;0;0;0;0;0;0;0;0;0;0;0;0;0;0;0;0;0;0;0;0;0;0;0;0;0;0;0;0;0;0;0;0;0;0;0;0;0;0;0;0;5;2;0;1;2;3;2;2018-09-22 12:00:00;6270;0;75;25;50;0;1;1;1;2;1;5;3;6;1;0;3;1;1;4;1;0;0;0;0;1.16;1.52;2.68;0;0;0;0;0;0;1;1;1;0;0;1;0;0;-1;-1;-1;-1;-1;-1;-1;-1;-1;25;25;25;75;100;25;75;75;50;10;4.5;5;4;Manchester City U23;Derby County U23;1.73;1.45;2;2;1.4;1.6;75;75;75;25;0;75;50;50;1.24;2.07;3.31;1676;22;Y;Y;Y;Y;Y;N;Y
469887;6265;6276;2018/2019;complete;3676;6;-1;12;7,67;1;2;3;4;8;12;4;2;2;1;1;0;9;7;6;6;15;13;14;13;41;59;3;1;3.3;4.05;1.83;1.05;1.09;1.34;1.98;3.1;7.5;2.84;2.84;1.71;1.28;1.29;2.84;0;0;0;0;1.86;1.21;1.3;3.7;2.55;2.32;3.52;2.88;2.17;0;0;0;0;0;0;0;0;0;0;0;0;0;0;0;2.23;26;1.65;0;0;0;0;0;0;0;0;0;0;0;1.9;3.04;0;0;1.84;1.35;0;0;0;0;0;3;1;1;0;1;1;2;2018-09-22 12:00:00;6276;0;50;25;50;0;1;1;3;5;1;3;8;4;2;0;1;1;2;2;1;42;52;82;88;1.88;1.69;3.57;1;1;1;1;0;0;1;1;0;1;0;0;1;0;-1;-1;-1;-1;-1;-1;-1;-1;-1;50;50;75;75;100;50;75;100;75;8.5;3;4;4.75;West Ham United U23;Chelsea U23;0.91;2;0;3;1.2;1.6;50;50;25;25;0;75;50;50;1.56;1.44;3;1676;22;Y;Y;Y;N;N;N;Y
469888;6273;6269;2018/2019;complete;3676;6;-1;10,21,38,51,69,86;;6;0;6;4;2;6;5;1;1;3;0;0;12;2;6;1;18;3;11;17;50;50;1;3;2;3.8;2.9;0;0;0;0;0;0;0;0;0;0;0;0;0;0;0;0;0;0;0;0;0;0;0;0;0;0;0;0;0;0;0;0;0;0;0;0;0;0;0;0;0;0;0;0;0;0;0;0;0;0;0;0;0;0;0;0;0;0;0;0;0;0;0;0;0;6;3;0;3;0;3;3;2018-09-23 12:00:00;6273;0;50;25;25;0;1;1;3;1;1;1;4;2;0;0;1;3;0;4;1;0;0;0;0;2.38;0.55;2.94;1;0;1;0;0;0;1;1;1;0;0;0;0;0;-1;-1;-1;-1;-1;-1;-1;-1;-1;0;0;25;50;75;25;50;50;25;8;3;5.5;1.5;Everton U23;Tottenham Hotspur U23;2.36;1.36;2;0.5;1.6;1;100;100;75;50;25;100;75;50;1.36;0.66;2.02;1676;22;Y;Y;Y;Y;Y;Y;N
469889;6272;6286;2018/2019;complete;3676;6;-1;41,51;35,90;2;2;4;6;4;10;2;1;0;0;0;0;11;5;10;9;21;14;18;10;53;47;0;0;1.74;3.8;3.8;1;1.14;1.5;2.25;0;11.75;4.65;2.3;1.53;1.2;1.56;2.4;0;0;0;0;0;0;0;0;0;0;0;0;0;0;0;0;0;0;0;0;0;0;0;0;0;0;0;0;0;0;0;0;0;0;0;0;0;0;0;0;0;0;0;0;0;0;0;0;0;0;0;0;0;4;1;1;1;1;2;2;2018-09-24 18:00:00;-1;0;75;0;50;0;1;-1;3;2;3;2;5;5;0;0;0;0;0;0;1;46;40;67;64;2.41;1.52;3.93;0;0;0;0;0;0;1;1;0;0;2;0;-1;-1;-1;-1;-1;-1;-1;-1;-1;-1;-1;25;25;25;75;75;0;50;75;50;9;3.5;1.5;2.25;Leicester City U23;Brighton U23;1.36;1.55;2;1;1.6;1.8;75;75;75;25;25;50;50;25;1.97;1.45;3.42;1676;22;Y;Y;Y;Y;N;N;Y
469890;6267;6285;2018/2019;complete;3676;6;-1;35;67;1;1;2;-1;-1;-1;-1;-1;2;0;0;0;-1;-1;-1;-1;-1;-1;-1;-1;-1;-1;2;0;1.83;3.8;3.45;1.03;1.16;1.55;2.46;4.3;1.02;4.3;2.2;1.48;1.15;1.5;2.37;0;0;0;0;0;0;0;2.26;2.26;4;2.2;2.72;3.7;0;0;0;0;0;0;0;0;0;0;0;0;0;0;0;1.64;19.25;2.32;0;0;0;0;0;0;0;0;0;0;1.22;2.14;0;0;3.98;1.66;0;0;0;0;0;0;2;1;0;0;1;1;1;2018-09-22 12:00:00;-1;0;75;25;25;0;-1;1;-1;-1;-1;-1;-1;-1;1;0;1;0;1;1;-1;0;0;0;0;0;0;0;0;0;0;0;0;0;1;1;0;0;-1;-1;0;0;-1;-1;-1;-1;-1;-1;-1;-1;-1;25;50;50;75;100;25;75;100;25;8.5;6.5;4.5;3;Swansea City U23;Blackburn Rovers U23;0.36;1.55;0.5;0.5;0.6;0.4;75;50;50;25;0;50;25;25;1.33;1.27;2.6;1676;22;Y;Y;N;N;N;N;Y
469891;6285;6269;2018/2019;complete;3676;7;-1;41;4,29,45;1;3;4;3;2;5;5;2;0;0;0;0;5;7;7;4;12;11;7;10;47;53;0;0;2.3;3.55;2.55;0;0;0;0;0;0;0;0;0;0;0;0;0;0;0;0;0;0;0;0;0;0;0;0;0;0;0;0;0;0;0;0;0;0;0;0;0;0;0;0;0;0;0;0;0;0;0;0;0;0;0;0;0;0;0;0;0;0;0;0;0;0;0;0;0;4;1;3;0;0;0;4;2018-09-28 18:00:00;6269;0;34;17;17;0;1;-1;1;0;2;2;1;4;0;0;0;0;0;0;1;32;27;59;58;1.34;1.38;2.71;0;0;0;0;0;0;1;1;0;1;0;0;-1;-1;-1;-1;-1;-1;-1;-1;-1;-1;-1;17;17;67;84;84;34;84;67;67;8.33;2;8;2.84;Blackburn Rovers U23;Tottenham Hotspur U23;1.27;1.36;0.33;0.33;0.5;0.83;84;84;33;17;17;67;67;33;1.58;0.62;2.2;1676;22;Y;Y;Y;Y;N;N;Y
469892;6276;6266;2018/2019;complete;3676;7;-1;47;2,23,69;1;3;4;10;3;13;1;2;1;2;0;0;11;10;16;6;27;16;8;9;61;39;1;2;2.2;3.65;2.7;1;1.13;1.49;2.25;0;12;4.75;2.35;1.54;1.21;1.49;2.55;0;0;0;0;0;0;0;0;0;0;0;0;0;0;0;0;0;0;0;0;0;0;0;0;0;0;0;0;0;0;0;0;0;0;0;0;0;0;0;0;0;0;0;0;0;0;0;0;0;0;0;0;0;4;0;2;1;1;2;2;2018-09-29 11:00:00;6266;0;50;0;33;0;1;1;2;2;8;1;4;9;1;0;0;2;1;2;1;0;0;0;0;2.87;1.89;4.76;0;0;0;0;0;0;1;1;0;1;1;1;0;0;-1;-1;-1;-1;-1;-1;-1;-1;-1;0;17;17;67;84;17;50;67;50;10.33;2;2;1.84;Chelsea U23;Liverpool U23;0.82;1.73;0.67;0.67;1.83;1;100;84;84;33;17;84;50;34;1.33;1.58;2.91;1676;22;Y;Y;Y;Y;N;N;Y
469893;6275;6286;2018/2019;complete;3676;7;-1;66;;1;0;1;9;2;11;0;1;0;2;0;0;6;0;7;9;13;9;15;15;57;43;0;2;2.8;3.95;2.05;0;0;0;0;0;0;0;0;0;0;0;0;0;0;0;0;0;0;0;0;0;0;0;0;0;0;0;0;0;0;0;0;0;0;0;0;0;0;0;0;0;0;0;0;0;0;0;0;0;0;0;0;0;0;0;0;0;0;0;0;0;0;0;0;0;1;0;0;1;0;1;0;2018-10-01 18:00:00;6275;0;67;33;34;0;1;1;3;1;6;1;4;7;0;1;0;1;1;1;1;34;19;45;47;1.48;0.71;2.18;0;0;0;0;0;0;1;1;0;0;0;0;0;0;-1;-1;-1;-1;-1;-1;-1;-1;-1;0;33;33;84;100;50;84;67;34;9;2.66;3.33;2.5;Derby County U23;Brighton U23;1.27;1.55;1.33;1;1.33;1.67;100;67;67;17;0;84;67;33;1.56;1.47;3.03;1676;22;Y;N;N;N;N;N;N
469894;6273;6265;2018/2019;complete;3676;7;-1;53,79;50;2;1;3;7;2;9;2;1;0;3;0;0;9;2;9;6;18;8;6;15;63;37;0;3;1.62;4.4;3.85;1.03;1.15;1.39;2.29;3.56;1.02;7;2.72;1.64;1.24;1.72;2.12;0;0;0;0;1.11;1.13;2.95;1.67;2.91;6.4;1.96;2.77;4.4;0;0;0;0;0;0;0;0;0;0;0;0;0;0;0;1.33;25;3.26;0;0;0;0;0;0;0;0;0;0;1.26;2.17;5.2;12;3.85;1.63;1.13;1.02;0;0;0;0;3;0;0;2;1;3;0;2018-10-01 18:00:00;6273;0;50;17;17;0;1;1;3;0;4;2;3;6;0;2;0;1;2;1;1;54;27;112;97;2.16;0.85;3.01;1;0;1;0;0;0;1;1;0;0;1;0;0;0;-1;-1;-1;-1;-1;-1;-1;-1;-1;17;33;67;67;84;33;67;84;67;10.33;5.67;2.34;2.83;Everton U23;West Ham United U23;2.36;1.45;2.33;2;1.83;1;84;67;34;34;17;84;67;67;1.7;1.4;3.1;1676;22;Y;Y;Y;N;N;N;Y
469895;6272;6274;2018/2019;complete;3676;7;-1;30;20,61;1;2;3;7;2;9;3;3;2;3;0;0;4;4;5;5;9;9;16;14;58;42;2;3;2;4.05;2.8;0;0;0;0;0;0;0;0;0;0;0;0;0;0;0;0;0;0;0;0;0;0;0;0;0;0;0;0;0;0;0;0;0;0;0;0;0;0;0;0;0;0;0;0;0;0;0;0;0;0;0;0;0;0;0;0;0;0;0;0;0;0;0;0;0;3;1;1;0;1;1;2;2018-10-01 18:00:00;6274;0;67;33;67;0;1;1;2;2;5;0;4;5;1;1;1;2;2;3;1;28;28;63;50;1.05;1.05;2.1;0;1;0;1;0;0;1;1;0;0;1;0;0;0;-1;-1;-1;-1;-1;-1;-1;-1;-1;50;67;67;67;67;50;67;67;67;10;2.33;2;4.17;Leicester City U23;Arsenal U23;1.36;1.45;1.67;1.33;1.5;1.83;50;33;33;33;33;67;67;50;2.12;1.63;3.75;1676;22;Y;Y;Y;N;N;N;Y
469896;6267;6270;2018/2019;complete;3676;7;-1;40;38,74,81,90;1;4;5;-1;-1;-1;-1;-1;4;1;0;0;-1;-1;-1;-1;-1;-1;-1;-1;-1;-1;4;1;2.85;3.7;2.1;1;1.11;1.43;2.1;3.4;12.75;5.1;2.5;1.61;1.24;1.44;2.65;0;0;0;0;1.64;1.17;1.32;3.28;2.42;2.63;3.2;2.73;2.38;0;0;0;0;0;0;0;0;0;0;0;0;0;0;0;2.04;21;1.78;0;0;0;0;0;0;0;0;0;0;0;2.03;3.36;0;0;1.72;1.29;0;0;0;0;0;5;1;1;0;3;3;2;2018-09-29 14:00:00;6270;0;50;17;17;0;-1;1;-1;-1;-1;-1;-1;-1;3;1;1;0;4;1;-1;0;0;0;0;0;0;0;0;0;0;0;0;0;1;1;0;0;-1;-1;0;0;-1;-1;-1;-1;-1;-1;-1;-1;-1;34;34;34;84;100;50;84;84;34;13.5;3.66;3.66;3.67;Swansea City U23;Manchester City U23;0.36;1;0.67;1;0.67;1.67;67;67;67;17;0;75;34;34;1.33;1.75;3.08;1676;22;Y;Y;Y;Y;Y;N;Y
469897;6269;6272;2018/2019;complete;3676;8;-1;87;;1;0;1;5;8;13;6;2;4;1;0;0;5;9;3;6;8;15;12;14;44;56;4;1;3.9;3.9;1.71;0;0;0;0;0;0;0;0;0;0;0;0;0;0;0;0;0;0;0;0;0;0;0;0;0;0;0;0;0;0;0;0;0;0;0;0;0;0;0;0;0;0;0;0;0;0;0;0;0;0;0;0;0;0;0;0;0;0;0;0;0;0;0;0;0;1;0;0;1;0;1;0;2018-10-19 11:00:00;6269;0;50;17;0;0;1;1;2;7;3;1;9;4;2;0;2;1;2;3;1;0;0;0;0;1.05;1.98;3.03;0;0;0;0;0;0;1;1;0;0;0;4;0;0;-1;-1;-1;-1;-1;-1;-1;-1;-1;0;17;17;84;100;50;84;67;17;10.66;3.33;4;2.17;Tottenham Hotspur U23;Leicester City U23;1.18;0.91;1.33;1.33;1.14;1.29;100;84;84;17;0;84;67;50;1.49;1.47;2.96;1676;22;Y;N;N;N;N;N;N
469898;6286;6285;2018/2019;complete;3676;8;-1;56,89;3;2;1;3;4;10;14;0;0;1;2;0;0;6;6;6;7;12;13;15;13;46;54;1;2;1.87;3.7;3.45;1.01;1.15;1.53;2.35;0;11.25;4.45;2.25;1.49;1.18;1.56;2.35;0;0;0;0;0;0;0;0;0;0;0;0;0;0;0;0;0;0;0;0;0;0;0;0;0;0;0;0;0;0;0;0;0;0;0;0;0;0;0;0;0;0;0;0;0;0;0;0;0;0;0;0;0;3;0;1;2;0;2;1;2018-10-19 18:00:00;6286;0;67;17;17;0;1;1;1;4;3;6;5;9;0;0;1;2;0;3;1;0;0;0;0;1.4;1.42;2.82;0;0;0;0;0;0;1;1;0;1;0;1;0;0;-1;-1;-1;-1;-1;-1;-1;-1;-1;33;50;67;84;84;33;84;84;50;8;4.66;3;3.17;Brighton U23;Blackburn Rovers U23;1.64;1.55;2.33;0.67;1.43;0.43;67;50;33;17;17;75;59;42;1.35;1.27;2.62;1676;22;Y;Y;Y;N;N;N;Y
469899;6270;6276;2018/2019;complete;3676;8;-1;87;43,74,78,85;1;4;5;5;4;9;5;0;3;1;0;0;5;5;5;2;10;7;17;9;64;36;3;1;2.35;3.45;2.5;0;0;0;0;0;0;0;0;0;0;0;0;0;0;0;0;0;0;0;0;0;0;0;0;0;0;0;0;0;0;0;0;0;0;0;0;0;0;0;0;0;0;0;0;0;0;0;0;0;0;0;0;0;0;0;0;0;0;0;0;0;0;0;0;0;5;0;1;1;3;4;1;2018-10-20 11:00:00;6276;0;67;33;50;0;1;1;3;3;2;1;6;3;1;0;2;1;1;3;1;0;0;0;0;1.36;0.98;2.34;0;0;0;0;0;0;1;1;0;0;2;0;0;0;-1;-1;-1;-1;-1;-1;-1;-1;-1;34;34;67;84;100;50;67;100;67;8;3.67;4;4.17;Manchester City U23;Chelsea U23;1.73;2;2.33;3;1.86;1.57;67;67;33;17;0;84;42;42;1.2;1.52;2.72;1676;22;Y;Y;Y;Y;Y;N;Y
469900;6266;6275;2018/2019;complete;3676;8;-1;17,77;53,70,85;2;3;5;3;3;6;6;3;3;1;0;0;5;8;2;6;7;14;16;14;52;48;3;1;1.74;3.7;3.9;1.01;1.16;1.56;2.4;0;11.25;4.35;2.2;1.48;1.17;1.61;2.3;0;0;0;0;0;0;0;0;0;0;0;0;0;0;0;0;0;0;0;0;0;0;0;0;0;0;0;0;0;0;0;0;0;0;0;0;0;0;0;0;0;0;0;0;0;0;0;0;0;0;0;0;0;5;1;0;1;3;4;1;2018-10-21 12:00:00;6275;0;67;17;33;0;1;1;1;2;2;1;3;3;2;1;1;0;3;1;1;0;0;0;0;1.07;1.78;2.85;0;0;0;0;0;0;1;1;0;0;0;0;0;0;-1;-1;-1;-1;-1;-1;-1;-1;-1;17;17;50;84;100;50;100;50;33;16.33;5;2.34;2.67;Liverpool U23;Derby County U23;1.36;1.45;1.33;1.33;1.29;1.57;84;84;50;17;0;84;50;50;2.51;1.89;4.4;1676;22;Y;Y;Y;Y;Y;N;Y
469901;6274;6273;2018/2019;complete;3676;8;-1;;;0;0;0;6;4;10;2;3;2;1;0;0;6;9;7;3;13;12;23;9;50;50;2;1;2.1;3.75;2.85;1;1.11;1.42;2.05;0;13;5.2;2.55;1.65;1.25;1.43;2.7;0;0;0;0;0;0;0;0;0;0;0;0;0;0;0;0;0;0;0;0;0;0;0;0;0;0;0;0;0;0;0;0;0;0;0;0;0;0;0;0;0;0;0;0;0;0;0;0;0;0;0;0;0;0;0;0;0;0;0;0;2018-10-22 18:00:00;-1;0;50;0;50;0;1;1;2;1;4;3;3;7;0;1;2;0;1;2;1;43;36;60;49;1.55;1.64;3.19;0;0;0;0;0;0;1;1;0;0;0;0;0;0;-1;-1;-1;-1;-1;-1;-1;-1;-1;0;17;50;84;100;17;67;84;84;9.66;6;4.33;2.5;Arsenal U23;Everton U23;1.91;1.36;2.33;1.33;2;2;100;84;50;17;0;84;67;34;1.85;1.54;3.39;1676;22;N;N;N;N;N;N;N
469902;6265;6267;2018/2019;complete;3676;8;-1;4,11,44,65,90;68,73,84;5;3;8;2;6;8;1;0;2;1;0;0;7;12;6;7;13;19;15;14;53;47;2;1;2.05;3.65;2.9;1;1.14;1.51;2.3;4.4;11.5;4.55;2.3;1.51;1.19;1.51;2.5;0;0;0;0;1.44;1.25;1.58;2.8;2.43;3.15;2.62;2.63;2.97;0;0;0;0;0;0;0;0;0;0;0;0;0;0;0;1.76;18.75;2.2;0;0;0;0;0;0;0;0;0;0;1.17;1.75;3.55;7;4.5;1.99;1.26;1.08;0;0;0;0;8;3;0;2;3;5;3;2018-10-21 12:00:00;6265;0;50;34;34;0;1;1;2;1;0;5;3;5;2;1;0;0;3;0;1;46;47;67;69;1.64;2.37;4.01;2;0;2;0;0;0;1;1;1;0;1;0;0;0;-1;-1;-1;-1;-1;-1;-1;-1;-1;34;34;67;67;67;67;67;50;34;7;3.33;4.33;3.5;West Ham United U23;Swansea City U23;0.91;1.18;0;0.67;0.86;0.57;67;67;34;34;34;84;67;67;1.67;0.78;2.45;1676;22;Y;Y;Y;Y;Y;Y;Y
469903;6272;6265;2018/2019;complete;3676;9;-1;4,19,21;;3;0;3;6;4;10;1;2;2;1;0;0;7;2;6;1;13;3;19;9;59;41;2;1;1.65;4.1;4.1;1;1.11;1.41;2.05;0;13;5.25;2.6;1.65;1.26;1.5;2.5;0;0;0;0;0;0;0;0;0;0;0;0;0;0;0;0;0;0;0;0;0;0;0;0;0;0;0;0;0;0;0;0;0;0;0;0;0;0;0;0;0;0;0;0;0;0;0;0;0;0;0;0;0;3;3;0;0;0;0;3;2018-10-26 18:00:00;6272;0;88;38;50;0;1;1;4;2;2;2;6;4;0;1;2;0;1;2;1;41;11;59;39;1.6;0.41;2.02;0;0;0;0;0;0;1;1;1;0;0;1;0;0;-1;-1;-1;-1;-1;-1;-1;-1;-1;13;38;88;88;88;38;75;88;75;9;4;2.5;3.13;Leicester City U23;West Ham United U23;1.36;1.45;1.25;1.5;1.13;1.13;88;63;13;13;13;75;50;38;1.85;1.27;3.12;1676;22;Y;Y;Y;N;N;N;N
469904;6276;6286;2018/2019;complete;3676;9;-1;71,74;22,41,52;2;3;5;8;4;12;0;0;0;0;0;0;10;8;13;6;23;14;6;5;58;42;0;0;3.5;3.5;1.87;0;0;0;0;0;0;0;0;0;0;0;0;0;0;0;0;0;0;0;0;0;0;0;0;0;0;0;0;0;0;0;0;0;0;0;0;0;0;0;0;0;0;0;0;0;0;0;0;0;0;0;0;0;0;0;0;0;0;0;0;0;0;0;0;0;5;0;2;2;1;3;2;2018-10-27 11:00:00;6286;0;75;13;50;0;1;-1;4;3;4;1;7;5;0;0;0;0;0;0;1;0;0;0;0;2.48;1.62;4.1;1;1;1;1;0;0;1;1;0;0;1;0;-1;-1;-1;-1;-1;-1;-1;-1;-1;-1;-1;0;25;25;75;100;25;63;88;50;10.75;2.25;2.5;2.25;Chelsea U23;Brighton U23;0.82;1.55;0.5;0.75;1.75;1.63;100;75;75;25;0;88;63;38;1.72;1.28;3;1676;22;Y;Y;Y;Y;Y;N;Y
469905;6273;6270;2018/2019;complete;3676;9;-1;4;;1;0;1;1;3;4;1;2;1;0;1;0;5;4;7;7;12;11;10;8;47;53;2;0;1.57;4.2;4.2;0;0;0;0;0;0;0;0;0;0;0;0;0;0;0;0;0;0;0;0;0;0;0;0;0;0;0;0;0;0;0;0;0;0;0;0;0;0;0;0;0;0;0;0;0;0;0;0;0;0;0;0;0;0;0;0;0;0;0;0;0;0;0;0;0;1;1;0;0;0;0;1;2018-10-27 18:00:00;6273;0;38;25;25;0;1;1;1;1;0;2;2;2;1;0;1;0;1;1;1;0;0;0;0;1.46;1.35;2.81;1;0;1;0;0;0;1;1;1;0;1;0;0;0;-1;-1;-1;-1;-1;-1;-1;-1;-1;50;50;63;75;88;63;63;75;63;14.75;4.75;1.75;4;Everton U23;Manchester City U23;2.36;1;2.5;1.5;1.88;1.63;50;50;38;25;13;88;46;46;1.81;1.75;3.56;1676;22;Y;N;N;N;N;N;N
469906;6285;6266;2018/2019;complete;3676;9;-1;5,17;63;2;1;3;3;10;13;0;5;4;2;1;0;6;2;3;9;9;11;8;6;40;60;5;2;4.1;4.15;1.62;1;1.1;1.38;2;0;13.5;5.45;2.7;1.69;1.27;1.49;2.55;0;0;0;0;0;0;0;0;0;0;0;0;0;0;0;0;0;0;0;0;0;0;0;0;0;0;0;0;0;0;0;0;0;0;0;0;0;0;0;0;0;0;0;0;0;0;0;0;0;0;0;0;0;3;2;0;0;1;1;2;2018-10-29 19:00:00;6285;0;38;13;25;0;1;1;1;4;2;6;5;8;0;0;5;2;0;7;1;28;40;55;57;1.19;1.12;2.31;1;0;0;0;1;0;1;1;1;0;0;0;0;0;-1;-1;-1;-1;-1;-1;-1;-1;-1;0;38;63;75;75;38;63;63;63;10.25;3.75;3.75;2.5;Blackburn Rovers U23;Liverpool U23;1.27;1.73;0.25;1.25;0.38;1.13;100;63;38;25;25;75;75;50;1.5;1.65;3.15;1676;22;Y;Y;Y;N;N;N;Y
469907;6275;6269;2018/2019;complete;3676;9;-1;74;;1;0;1;12;1;13;5;0;1;1;0;0;5;3;12;3;17;6;16;13;60;40;1;1;2.35;3.8;2.45;0;0;0;0;0;0;0;0;0;0;0;0;0;0;0;0;0;0;0;0;0;0;0;0;0;0;0;0;0;0;0;0;0;0;0;0;0;0;0;0;0;0;0;0;0;0;0;0;0;0;0;0;0;0;0;0;0;0;0;0;0;0;0;0;0;1;0;0;1;0;1;0;2018-10-28 14:00:00;6275;0;50;38;13;0;1;1;8;1;4;0;9;4;0;0;1;1;0;2;1;0;0;0;0;1.72;0.69;2.41;0;0;0;0;0;0;1;1;0;0;1;0;0;0;-1;-1;-1;-1;-1;-1;-1;-1;-1;13;38;50;75;100;63;88;50;25;7;1.75;5;2.88;Derby County U23;Tottenham Hotspur U23;1.27;1.36;1.75;1;1.75;1.38;88;63;50;25;0;63;50;38;1.54;0.81;2.35;1676;22;Y;N;N;N;N;N;N
469908;6267;6274;2018/2019;complete;3676;9;-1;42;78;1;1;2;6;7;13;1;2;3;1;0;0;5;4;4;8;9;12;18;4;33;67;3;1;4.15;4.5;1.57;1;1.12;1.43;2.1;0;12.5;5.05;2.5;1.61;1.23;1.56;2.4;0;0;0;0;0;0;0;0;0;0;0;0;0;0;0;0;0;0;0;0;0;0;0;0;0;0;0;0;0;0;0;0;0;0;0;0;0;0;0;0;0;0;0;0;0;0;0;0;0;0;0;0;0;2;1;0;0;1;1;1;2018-10-26 18:00:00;-1;0;75;38;25;0;1;1;4;3;2;4;7;6;0;0;3;1;0;4;1;0;0;0;0;1.16;1.33;2.49;0;0;0;0;0;0;1;1;0;0;1;2;0;0;-1;-1;-1;-1;-1;-1;-1;-1;-1;38;38;50;75;88;50;75;88;38;9.17;1.75;5;3.63;Swansea City U23;Arsenal U23;0.36;1.45;0.5;1.75;0.5;1.88;63;63;50;25;13;75;34;34;1.33;1.44;2.77;1676;22;Y;Y;N;N;N;N;Y
469909;6269;6267;2018/2019;complete;3676;10;-1;36;47,50,65,83;1;4;5;4;5;9;1;3;1;0;0;0;2;8;5;2;7;10;17;18;57;43;1;0;2.05;3.65;3;1.01;1.15;1.53;2.3;4.7;11.5;4.5;2.25;1.5;1.19;1.51;2.45;0;0;0;0;1.32;1.27;1.61;2.84;2.27;3.26;2.57;2.69;2.96;0;0;0;0;0;0;0;0;0;0;0;0;0;0;0;1.84;16;2.03;0;0;0;0;0;0;0;0;0;0;1.33;2.46;5.7;12;3.5;1.59;1.16;1.02;0;0;0;0;5;1;0;0;4;4;1;2018-11-02 12:00:00;6267;0;38;13;13;0;1;1;0;3;4;2;3;6;1;0;0;0;1;0;1;42;49;73;63;0.89;1.54;2.43;0;0;0;0;0;0;1;1;0;0;0;0;0;0;-1;-1;-1;-1;-1;-1;-1;-1;-1;13;25;38;63;75;50;63;50;25;7.75;3.25;2.75;2.5;Tottenham Hotspur U23;Swansea City U23;1.18;1.18;1.75;0.5;1.22;0.56;88;75;63;38;25;75;63;50;1.38;1.18;2.56;1676;22;Y;Y;Y;Y;Y;N;Y
469910;6274;6276;2018/2019;complete;3676;10;-1;8,31,42,64;14,15,18,62,83;4;5;9;4;6;10;2;4;2;2;0;0;8;8;4;7;12;15;13;11;53;47;2;2;1.62;4.05;4.05;0;0;0;0;0;0;0;0;0;0;0;0;0;0;0;0;0;0;0;0;0;0;0;0;0;0;0;0;0;0;0;0;0;0;0;0;0;0;0;0;0;0;0;0;0;0;0;0;0;0;0;0;0;0;0;0;0;0;0;0;0;0;0;0;0;9;3;3;1;2;3;6;2018-11-03 13:00:00;6276;0;50;13;38;0;1;1;3;1;1;5;4;6;0;0;2;2;0;4;1;0;0;0;0;1.5;1.74;3.24;0;0;0;0;0;0;1;1;1;0;0;0;0;0;-1;-1;-1;-1;-1;-1;-1;-1;-1;13;25;63;75;88;25;63;88;63;9.5;4;3;2.63;Arsenal U23;Chelsea U23;1.91;2;2;3;1.78;1.56;88;75;38;25;13;88;63;38;1.77;1.39;3.16;1676;22;Y;Y;Y;Y;Y;Y;Y
469911;6270;6285;2018/2019;complete;3676;10;-1;18,40,80;;3;0;3;3;5;8;3;1;0;2;0;0;5;6;8;7;13;13;11;16;52;48;0;2;1.53;4.4;4.7;1;1.11;1.42;2.05;0;13;5.2;2.55;1.65;1.25;1.56;2.35;0;0;0;0;0;0;0;0;0;0;0;0;0;0;0;0;0;0;0;0;0;0;0;0;0;0;0;0;0;0;0;0;0;0;0;0;0;0;0;0;0;0;0;0;0;0;0;0;0;0;0;0;0;3;2;0;1;0;1;2;2018-11-03 12:00:00;6270;0;100;25;63;0;1;1;1;0;2;5;1;7;0;0;0;2;0;2;1;0;0;0;0;1.47;1.5;2.97;0;0;0;0;0;0;1;1;0;0;0;0;0;0;-1;-1;-1;-1;-1;-1;-1;-1;-1;50;63;75;100;100;38;88;100;75;10.33;4.25;4.75;4.63;Manchester City U23;Blackburn Rovers U23;1.73;1.55;1.75;0.5;1.44;0.67;50;38;25;0;0;84;50;50;1.25;1.32;2.57;1676;22;Y;Y;Y;N;N;N;N
469912;6266;6272;2018/2019;complete;3676;10;-1;11,73,76;90;3;1;4;-1;-1;-1;-1;-1;1;1;0;0;-1;-1;-1;-1;-1;-1;-1;-1;-1;-1;1;1;2.95;3.65;2.05;0;0;0;0;0;0;0;0;0;0;0;0;0;0;0;0;0;0;0;0;0;0;0;0;0;0;0;0;0;0;0;0;0;0;0;0;0;0;0;0;0;0;0;0;0;0;0;0;0;0;0;0;0;0;0;0;0;0;0;0;0;0;0;0;0;4;1;0;2;1;3;1;2018-11-03 15:00:00;6266;0;50;13;25;0;-1;1;-1;-1;-1;-1;-1;-1;1;1;0;0;2;0;-1;0;0;0;0;0;0;0;0;0;0;0;0;0;1;1;0;0;-1;-1;0;0;-1;-1;-1;-1;-1;-1;-1;-1;-1;13;13;38;75;100;38;75;63;25;15.25;5.75;3.75;2.38;Liverpool U23;Leicester City U23;1.36;0.91;1;1;1;1.33;88;88;63;25;0;75;63;63;2.15;1.6;3.75;1676;22;Y;Y;Y;Y;N;N;Y
469913;6286;6273;2018/2019;complete;3676;10;-1;90;14,85;1;2;3;6;5;11;1;0;2;4;0;0;7;9;7;4;14;13;14;16;54;46;2;4;2.65;3.65;2.2;1.01;1.18;1.62;2.55;0;10.5;4.05;2.1;1.42;1.15;1.59;2.3;0;0;0;0;0;0;0;0;0;0;0;0;0;0;0;0;0;0;0;0;0;0;0;0;0;0;0;0;0;0;0;0;0;0;0;0;0;0;0;0;0;0;0;0;0;0;0;0;0;0;0;0;0;3;0;1;1;1;2;1;2018-11-02 19:00:00;6273;0;38;0;13;0;1;1;2;2;4;3;4;7;0;1;2;3;1;5;1;0;0;0;0;1.64;1.68;3.32;0;0;0;0;0;0;1;1;0;0;0;1;0;0;-1;-1;-1;-1;-1;-1;-1;-1;-1;13;13;50;63;75;13;63;63;63;8.25;5;3.25;2.13;Brighton U23;Everton U23;1.64;1.36;2.5;1.25;1.78;2;88;88;50;38;25;88;63;25;1.36;1.57;2.93;1676;22;Y;Y;Y;N;N;N;Y
469914;6265;6275;2018/2019;complete;3676;10;-1;;16,73;0;2;2;4;4;8;2;1;1;2;0;0;4;7;2;2;6;9;19;13;54;46;1;2;2.6;3.65;2.25;1;1.09;1.37;1.95;0;13.5;5.6;2.75;1.71;1.29;1.39;2.9;0;0;0;0;0;0;0;0;0;0;0;0;0;0;0;0;0;0;0;0;0;0;0;0;0;0;0;0;0;0;0;0;0;0;0;0;0;0;0;0;0;0;0;0;0;0;0;0;0;0;0;0;0;2;0;1;0;1;1;1;2018-11-03 12:00:00;6275;0;88;25;63;0;1;1;2;3;2;1;5;3;1;1;0;1;2;1;1;0;0;0;0;0.93;1.36;2.29;0;0;0;0;0;0;1;1;0;0;1;0;0;1;-1;-1;-1;-1;-1;-1;-1;-1;-1;63;63;75;88;100;63;100;88;63;9.25;4.25;4.5;4.88;West Ham United U23;Derby County U23;0.91;1.45;0.75;1.75;1;1.89;38;38;25;13;0;63;38;38;1.66;1.86;3.52;1676;22;Y;Y;N;N;N;N;N
469915;6276;6269;2018/2019;complete;3676;11;-1;89;26;1;1;2;8;1;9;2;0;2;2;0;0;6;6;9;3;15;9;13;21;50;50;2;2;1.69;4.1;3.85;1.03;1.1;1.27;1.87;2.76;8;5.75;3.34;1.95;1.38;1.36;3.33;0;0;0;0;1.27;1.23;1.93;2.42;2.59;3.34;2.05;2.86;3.82;0;0;0;0;0;0;0;0;0;0;0;0;0;0;0;1.7;30;2.09;0;0;0;0;0;0;0;0;0;0;1.16;1.84;3.9;0;2.66;1.88;1.18;0;0;0;0;0;2;0;1;1;0;1;1;2018-11-23 19:00:00;-1;0;70;20;40;0;1;1;6;1;2;0;7;2;0;0;2;2;0;4;1;0;0;0;0;1.7;1.18;2.88;1;0;0;0;1;0;1;1;0;0;1;1;0;0;-1;-1;-1;-1;-1;-1;-1;-1;-1;20;40;50;80;100;50;80;70;50;8.4;1.4;3.8;3;Chelsea U23;Tottenham Hotspur U23;0.82;1.36;0.4;0.8;1.7;1.1;80;60;50;20;0;70;50;40;1.87;0.79;2.66;1676;22;Y;Y;N;N;N;N;Y
469916;6272;6270;2018/2019;complete;3676;11;-1;;;0;0;0;6;6;12;0;2;0;1;0;0;3;5;14;4;17;9;13;7;50;50;0;1;1.91;3.8;3.15;0;0;0;0;0;0;0;0;0;0;0;0;0;0;0;0;0;0;0;0;0;0;0;0;0;0;0;0;0;0;0;0;0;0;0;0;0;0;0;0;0;0;0;0;0;0;0;0;0;0;0;0;0;0;0;0;0;0;0;0;0;0;0;0;0;0;0;0;0;0;0;0;2018-11-23 19:00:00;-1;0;50;40;30;0;1;1;2;3;4;3;5;7;0;0;0;1;0;1;1;0;0;0;0;1.55;1.16;2.7;0;1;0;0;0;1;1;1;0;0;0;0;0;0;-1;-1;-1;-1;-1;-1;-1;-1;-1;40;50;70;80;90;70;90;60;50;12.5;3.6;1.8;3.8;Leicester City U23;Manchester City U23;1.36;1;1.6;1.2;1.2;1.6;60;50;30;20;10;68;45;25;1.8;1.65;3.45;1676;22;N;N;N;N;N;N;N
469917;6273;6266;2018/2019;complete;3676;11;-1;;11;0;1;1;1;7;8;3;2;0;1;0;0;5;4;3;8;8;12;5;12;54;46;0;1;2.5;3.65;2.3;0;0;0;0;0;0;0;0;0;0;0;0;0;0;0;0;0;0;0;0;0;0;0;0;0;0;0;0;0;0;0;0;0;0;0;0;0;0;0;0;0;0;0;0;0;0;0;0;0;0;0;0;0;0;0;0;0;0;0;0;0;0;0;0;0;1;0;1;0;0;0;1;2018-11-25 14:00:00;6266;0;40;0;30;0;1;1;0;3;1;4;3;5;0;0;0;1;0;1;1;0;0;0;0;1.2;1.34;2.55;0;0;0;0;0;0;1;1;0;0;0;2;0;0;-1;-1;-1;-1;-1;-1;-1;-1;-1;10;30;50;60;80;40;50;70;50;10.6;4.8;2;2.4;Everton U23;Liverpool U23;2.36;1.73;2.6;1;2.1;1.2;90;70;50;40;20;80;60;50;1.74;1.55;3.29;1676;22;Y;N;N;N;N;N;N
469918;6285;6265;2018/2019;complete;3676;11;-1;68;4,32,49;1;3;4;5;2;7;1;2;1;1;0;0;4;6;7;1;11;7;12;7;55;45;1;1;2.15;3.85;2.65;1;1.11;1.41;2.05;0;13;5.25;2.6;1.65;1.26;1.43;2.75;0;0;0;0;0;0;0;0;0;0;0;0;0;0;0;0;0;0;0;0;0;0;0;0;0;0;0;0;0;0;0;0;0;0;0;0;0;0;0;0;0;0;0;0;0;0;0;0;0;0;0;0;0;4;0;2;1;1;2;2;2018-11-26 19:00:00;6265;0;60;20;20;0;1;1;2;0;3;2;2;5;1;1;0;0;2;0;1;38;27;61;48;1.25;1.06;2.3;1;0;1;0;0;0;1;1;0;1;0;0;0;0;-1;-1;-1;-1;-1;-1;-1;-1;-1;0;20;90;90;90;40;80;70;60;9.2;3.8;5;2.9;Blackburn Rovers U23;West Ham United U23;1.27;1.45;0.8;1.2;0.6;0.9;100;80;10;10;10;80;70;50;1.42;1.1;2.52;1676;22;Y;Y;Y;Y;N;N;Y
469919;6275;6274;2018/2019;complete;3676;11;-1;25,47,71,77,90;;5;0;5;3;1;4;1;0;2;1;1;2;8;0;8;5;16;5;11;14;57;43;3;5;2.25;3.8;2.5;1;1.14;1.49;2.25;3.3;11.75;4.7;2.35;1.53;1.2;1.49;2.55;0;0;0;0;1.7;1.25;1.25;2.77;2.48;2.99;3.1;2.6;2.55;0;0;0;0;0;0;0;0;0;0;0;0;0;0;0;1.85;21;1.96;0;0;0;0;0;0;0;0;0;0;1.32;2.15;5.5;11;3.8;1.64;1.17;1.03;0;0;0;0;5;1;0;4;0;4;1;2018-11-26 19:00:00;6275;0;50;30;20;0;1;1;1;0;2;1;1;3;1;1;2;2;2;4;1;36;19;66;41;1.82;0.46;2.28;1;0;1;0;0;0;1;1;0;0;1;0;0;0;-1;-1;-1;-1;-1;-1;-1;-1;-1;20;30;40;60;90;50;70;70;20;11.65;3;3.6;3;Derby County U23;Arsenal U23;1.27;1.45;2;1.6;2;1.6;80;70;60;40;10;90;68;68;1.58;1.41;2.99;1676;22;Y;Y;Y;Y;Y;N;N
469920;6267;6286;2018/2019;complete;3676;11;-1;10,16;75,76,90;2;3;5;6;2;8;0;0;1;0;0;0;9;16;6;6;15;22;10;5;45;55;1;0;3.25;3.55;1.95;1.01;1.18;1.61;2.5;0;10.75;4.15;2.15;1.43;1.16;1.59;2.3;0;0;0;0;0;0;0;0;0;0;0;0;0;0;0;0;0;0;0;0;0;0;0;0;0;0;0;0;0;0;0;0;0;0;0;0;0;0;0;0;0;0;0;0;0;0;0;0;0;0;0;0;0;5;2;0;0;3;3;2;2018-11-26 19:00:00;6286;0;80;20;30;0;1;1;4;0;2;2;4;4;0;0;1;0;0;1;1;39;35;51;57;1.85;2.75;4.59;0;0;0;0;0;0;1;1;1;0;0;0;0;0;-1;-1;-1;-1;-1;-1;-1;-1;-1;20;30;30;80;100;30;70;100;40;9.4;1.8;3.8;2.6;Swansea City U23;Brighton U23;0.36;1.55;0.6;1.2;0.8;1.6;80;70;70;20;0;84;67;47;1.28;1.35;2.63;1676;22;Y;Y;Y;Y;Y;N;Y
469921;6269;6273;2018/2019;complete;3676;12;-1;34,36;42,86;2;2;4;6;10;16;2;1;1;4;0;0;4;6;12;6;16;12;12;18;59;41;1;4;3.85;3.9;1.74;1.01;1.17;1.61;2.5;5.1;11;4.25;2.15;1.45;1.16;1.65;2.2;0;0;0;0;2;1.25;1.01;4.45;2.32;2.26;3.42;2.58;2.39;0;0;0;0;0;0;0;0;0;0;0;0;0;0;0;2.47;15.25;1.59;0;0;0;0;0;0;0;0;0;0;1.26;2.3;1.04;12;3.55;1.56;1.17;1.02;0;0;0;0;4;2;1;0;1;1;3;2018-12-07 12:00:00;-1;0;50;10;20;0;1;1;4;6;2;4;10;6;0;1;1;3;1;4;1;48;36;65;53;1.63;1.43;3.06;0;0;0;0;0;0;1;1;0;0;0;0;0;0;-1;-1;-1;-1;-1;-1;-1;-1;-1;10;20;40;70;90;20;70;70;50;9.4;4.6;3.8;2.3;Tottenham Hotspur U23;Everton U23;1.18;1.36;1.4;1.6;1.09;1.91;90;80;60;30;10;90;70;40;1.28;1.6;2.88;1676;22;Y;Y;Y;Y;N;N;Y
469922;6276;6265;2018/2019;complete;3676;12;-1;78,80,90;43,56;3;2;5;4;4;8;1;2;0;2;0;0;8;7;4;6;12;13;8;7;55;45;0;2;1.5;4.35;5;1;1.1;1.39;2;3.65;13.75;5.55;2.7;1.69;1.28;1.53;2.45;0;0;0;0;1.15;1.21;2.32;1.98;2.55;4.95;1.81;2.94;4.85;0;0;0;0;0;0;0;0;0;0;0;0;0;0;0;1.47;23;2.67;0;0;0;0;0;0;0;0;0;0;1.25;2.1;4.6;10;4;1.7;1.12;1.04;0;0;0;0;5;0;1;3;1;4;1;2018-12-07 19:00:00;6276;0;83;9;50;0;1;1;1;1;3;3;2;6;0;1;0;1;1;1;1;33;36;69;81;1.56;1.57;3.13;0;1;0;1;0;0;1;1;0;0;0;1;0;0;-1;-1;-1;-1;-1;-1;-1;-1;-1;9;33;67;92;100;42;83;83;67;10.66;2.83;2.84;3;Chelsea U23;West Ham United U23;0.82;1.45;0.5;1.5;1.64;1.09;92;67;34;9;0;83;50;42;1.84;1.09;2.93;1676;22;Y;Y;Y;Y;Y;N;Y
469923;6275;6270;2018/2019;complete;3676;12;-1;;64;0;1;1;4;8;12;2;2;3;3;0;0;5;6;9;8;14;14;17;10;42;58;3;3;1.95;3.75;3.2;1;1.13;1.47;2.2;3.55;12.5;5;2.45;1.59;1.23;1.48;2.6;0;0;0;0;1.31;1.24;1.79;2.33;2.52;3.66;2.28;2.68;3.48;0;0;0;0;0;0;0;0;0;0;0;0;0;0;0;1.65;24;2.22;0;0;0;0;0;0;0;0;0;0;1.26;2.16;4.6;12;3.95;1.65;1.12;1.02;0;0;0;0;1;0;0;0;1;1;0;2018-12-07 19:00:00;6270;0;25;25;9;0;1;1;2;7;2;1;9;3;0;1;3;2;1;5;1;32;25;64;40;1.46;1.48;2.94;0;0;0;0;0;0;1;1;0;0;0;3;0;0;-1;-1;-1;-1;-1;-1;-1;-1;-1;34;42;42;59;92;50;75;59;34;13.03;3.34;2.83;3.08;Derby County U23;Manchester City U23;1.27;1;2.17;1.17;2.09;1.55;67;59;59;42;9;74;55;55;1.62;1.55;3.17;1676;22;Y;N;N;N;N;N;N
469924;6266;6274;2018/2019;complete;3676;12;-1;9,44,74,76;10;4;1;5;-1;-1;-1;-1;-1;4;0;0;0;-1;-1;-1;-1;-1;-1;-1;-1;-1;-1;4;0;0;0;0;0;0;0;0;0;0;0;0;0;0;0;0;0;0;0;0;0;0;0;0;0;0;0;0;0;0;0;0;0;0;0;0;0;0;0;0;0;0;0;0;0;0;0;0;0;0;0;0;0;0;0;0;0;0;0;0;0;0;0;0;0;0;0;0;0;5;2;1;2;0;2;3;2018-12-08 15:00:00;6266;0;74;27;47;0;-1;1;-1;-1;-1;-1;-1;-1;1;0;3;0;1;3;-1;0;0;0;0;0;0;0;0;0;0;0;0;0;1;1;1;1;-1;-1;1;0;-1;-1;-1;-1;-1;-1;-1;-1;-1;35;45;74;92;92;45;92;72;55;13.65;3.6;3.7;3.87;Liverpool U23;Arsenal U23;1.36;1.45;1.4;1.33;1.36;1.45;65;55;27;9;9;78;68;68;2.15;1.22;3.37;1676;22;Y;Y;Y;Y;Y;N;Y
469925;6285;6267;2018/2019;complete;3676;12;-1;12,20,23;90;3;1;4;9;0;9;0;2;2;3;1;1;10;5;5;2;15;7;21;13;63;37;4;5;2.25;3.8;2.6;0;0;0;0;0;0;0;0;0;0;0;0;0;0;0;0;0;0;0;0;0;0;0;0;0;0;0;0;0;0;0;0;0;0;0;0;0;0;0;0;0;0;0;0;0;0;0;0;0;0;0;0;0;0;0;0;0;0;0;0;0;0;0;0;0;4;3;0;0;1;1;3;2018-12-10 12:00:00;6285;0;45;9;19;0;1;1;7;0;2;0;7;2;1;0;2;4;1;6;1;30;15;45;35;1.85;0.9;2.75;0;0;0;0;0;0;1;1;0;0;0;0;0;0;-1;-1;-1;-1;-1;-1;-1;-1;-1;20;37;72;72;72;45;72;54;45;8;3.23;3.63;3.02;Blackburn Rovers U23;Swansea City U23;1.27;1.18;0.67;1;0.55;0.73;80;64;29;29;29;55;35;27;1.39;1.25;2.64;1676;22;Y;Y;Y;Y;N;N;Y
469926;6286;6272;2018/2019;complete;3676;12;-1;;33;0;1;1;5;6;11;2;1;2;1;0;0;8;6;3;7;11;13;11;19;59;41;2;1;1.95;3.8;3.15;0;0;0;0;0;0;0;0;0;0;0;0;0;0;0;0;0;0;0;0;0;0;0;0;0;0;0;0;0;0;0;0;0;0;0;0;0;0;0;0;0;0;0;0;0;0;0;0;0;0;0;0;0;0;0;0;0;0;0;0;0;0;0;0;0;1;0;1;0;0;0;1;2018-12-10 19:00:00;6272;0;50;0;20;0;1;1;3;2;2;4;5;6;1;1;1;0;2;1;1;0;0;0;0;1.5;1.46;2.96;0;0;0;0;0;0;1;1;0;0;2;0;0;0;-1;-1;-1;-1;-1;-1;-1;-1;-1;10;20;50;70;90;20;70;80;50;10.4;3.2;3.8;2.4;Brighton U23;Leicester City U23;1.64;0.91;2;0.8;1.73;1.18;90;80;50;30;10;88;65;55;1.42;1.6;3.02;1676;22;Y;N;N;N;N;N;N
469927;6270;6269;2018/2019;complete;3676;13;-1;13;44,82;1;2;3;5;4;9;3;2;0;2;1;0;4;7;7;8;11;15;11;8;40;60;2;2;1.56;4.05;4.8;1;1.12;1.43;2.1;0;13;5.2;2.55;1.62;1.24;1.54;2.4;0;0;0;0;0;0;0;0;0;0;0;0;0;0;0;0;0;0;0;0;0;0;0;0;0;0;0;0;0;0;0;0;0;0;0;0;0;0;0;0;0;0;0;0;0;0;0;0;0;0;0;0;0;3;1;1;0;1;1;2;2018-12-15 15:00:00;6269;0;74;27;49;0;1;1;0;1;5;3;1;8;1;2;0;0;3;0;1;0;0;0;0;1.19;1.74;2.93;0;0;0;0;0;0;1;1;0;0;0;0;0;0;-1;-1;-1;-1;-1;-1;-1;-1;-1;39;47;65;92;100;55;82;84;57;5.67;3.1;5.27;4.1;Manchester City U23;Tottenham Hotspur U23;1.73;1.36;2;0.83;1.67;1.08;62;54;35;9;0;71;38;29;1.31;0.85;2.16;1676;22;Y;Y;Y;N;N;N;Y
469928;6274;6285;2018/2019;complete;3676;13;-1;;1,47,72,89;0;4;4;1;7;8;1;3;2;2;0;0;2;9;5;6;7;15;11;10;57;43;2;2;1.61;4.15;4.25;1;1.08;1.34;1.87;0;14.5;6.1;2.95;1.8;1.33;1.42;2.75;0;0;0;0;0;0;0;0;0;0;0;0;0;0;0;0;0;0;0;0;0;0;0;0;0;0;0;0;0;0;0;0;0;0;0;0;0;0;0;0;0;0;0;0;0;0;0;0;0;0;0;0;0;4;0;1;0;3;3;1;2018-12-17 19:00:00;6285;0;70;20;40;0;1;1;1;3;0;4;4;4;1;2;1;0;3;1;1;26;35;46;47;0.77;1.82;2.59;0;1;0;1;0;0;1;1;0;1;0;1;0;1;-1;-1;-1;-1;-1;-1;-1;-1;-1;20;40;70;90;90;40;80;90;60;10.95;4;3.8;3.5;Arsenal U23;Blackburn Rovers U23;1.91;1.55;1.6;0.4;1.33;0.75;80;60;30;10;10;75;75;45;1.72;1.37;3.09;1676;22;Y;Y;Y;Y;N;N;N
469929;6273;6275;2018/2019;complete;3676;13;-1;72;;1;0;1;4;2;6;2;2;0;1;0;0;7;3;4;6;11;9;12;9;43;57;0;1;0;0;0;0;0;0;0;0;0;0;0;0;0;0;0;0;0;0;0;0;0;0;0;0;0;0;0;0;0;0;0;0;0;0;0;0;0;0;0;0;0;0;0;0;0;0;0;0;0;0;0;0;0;0;0;0;0;0;0;0;0;0;0;0;0;0;0;0;1;0;0;1;0;1;0;2018-12-16 12:30:00;6273;0;39;0;29;0;1;1;3;1;1;1;4;2;0;0;0;1;0;1;1;0;0;0;0;1.48;1.07;2.55;0;0;0;0;0;0;1;1;0;0;2;0;0;0;-1;-1;-1;-1;-1;-1;-1;-1;-1;29;29;37;57;92;19;75;65;37;8.57;5.03;2.27;2.5;Everton U23;Derby County U23;2.36;1.45;2.17;2;1.83;1.92;72;72;64;44;9;45;9;9;1.65;1.76;3.41;1676;22;Y;N;N;N;N;N;N
469930;6272;6276;2018/2019;complete;3676;13;-1;23,49;32;2;1;3;9;2;11;2;0;0;0;0;0;6;3;6;6;12;9;13;9;47;53;0;0;1.95;3.85;3.05;1;1.13;1.47;2.2;0;12.5;5;2.45;1.59;1.23;1.48;2.6;0;0;0;0;0;0;0;0;0;0;0;0;0;0;0;0;0;0;0;0;0;0;0;0;0;0;0;0;0;0;0;0;0;0;0;0;0;0;0;0;0;0;0;0;0;0;0;0;0;0;0;0;0;3;1;1;1;0;1;2;2018-12-17 19:00:00;6272;0;55;37;37;0;1;-1;3;1;6;1;4;7;0;0;0;0;0;0;1;33;23;53;44;1.41;0.94;2.35;0;0;0;0;0;0;1;1;0;0;1;0;-1;-1;-1;-1;-1;-1;-1;-1;-1;-1;-1;29;37;74;74;84;45;74;75;47;9.57;3.67;1.67;3.35;Leicester City U23;Chelsea U23;1.36;2;1.5;3;1.33;1.75;72;64;27;27;17;74;45;19;1.76;1.46;3.22;1676;22;Y;Y;Y;N;N;N;Y
469931;6267;6266;2018/2019;complete;3676;13;-1;90;65;1;1;2;7;5;12;1;2;1;2;1;0;8;13;8;7;16;20;8;9;44;56;3;2;4.35;4.2;1.59;1;1.11;1.43;2.1;3.85;13.25;5.3;2.6;1.65;1.26;1.53;2.45;0;0;0;0;2.09;1.21;1.22;4.7;2.56;2.02;3.78;2.81;2.09;0;0;0;0;0;0;0;0;0;0;0;0;0;0;0;2.62;22;1.49;0;0;0;0;0;0;0;0;0;0;1.17;1.67;3.15;7;4.5;2.1;1.32;1.08;0;0;0;0;2;0;0;1;1;2;0;2018-12-17 19:00:00;-1;0;67;9;17;0;1;1;4;4;3;1;8;4;1;1;1;1;2;2;1;38;43;57;58;1.84;2.47;4.3;0;1;0;0;0;1;1;1;0;0;0;1;0;0;-1;-1;-1;-1;-1;-1;-1;-1;-1;17;33;42;75;92;42;75;84;42;11.25;2.67;3.67;2.58;Swansea City U23;Liverpool U23;0.36;1.73;0.5;1.33;0.67;1.5;84;67;59;25;9;67;54;46;1.42;1.51;2.93;1676;22;Y;Y;N;N;N;N;Y
469932;6265;6286;2018/2019;complete;3676;13;-1;45,50;21,24,31,90;2;4;6;4;5;9;1;0;1;0;0;0;5;9;13;8;18;17;17;12;53;47;1;0;2.4;3.65;2.4;1;1.11;1.42;2.05;0;13.25;5.35;2.65;1.67;1.26;1.42;2.75;0;0;0;0;0;0;0;0;0;0;0;0;0;0;0;0;0;0;0;0;0;0;0;0;0;0;0;0;0;0;0;0;0;0;0;0;0;0;0;0;0;0;0;0;0;0;0;0;0;0;0;0;0;6;1;3;1;1;2;4;2018-12-15 13:00:00;6286;0;82;29;55;0;1;1;3;3;1;2;6;3;0;0;1;0;0;1;1;0;0;0;0;1.75;1.9;3.65;0;0;0;0;0;0;1;1;0;0;0;1;0;0;-1;-1;-1;-1;-1;-1;-1;-1;-1;47;55;65;92;100;65;84;100;64;8.6;2.63;3.43;4.39;West Ham United U23;Brighton U23;0.91;1.55;0.6;1.5;1;1.58;54;45;35;9;0;72;72;55;1.52;1.58;3.1;1676;22;Y;Y;Y;Y;Y;Y;Y
469933;6286;6274;2018/2019;complete;3676;14;-1;56,73;43,86;2;2;4;3;2;5;0;0;1;0;0;0;8;8;6;5;14;13;9;9;41;59;1;0;1.83;3.65;3.6;1;1.13;1.48;2.2;0;12.5;4.95;2.45;1.57;1.22;1.5;2.5;0;0;0;0;0;0;0;0;0;0;0;0;0;0;0;0;0;0;0;0;0;0;0;0;0;0;0;0;0;0;0;0;0;0;0;0;0;0;0;0;0;0;0;0;0;0;0;0;0;0;0;0;0;4;0;1;2;1;3;1;2019-01-07 19:00:00;-1;0;61;22;23;0;1;1;1;2;2;0;3;2;1;0;0;0;1;0;1;25;40;58;79;1.62;1.67;3.29;0;0;0;0;0;0;1;1;0;0;0;0;0;0;-1;-1;-1;-1;-1;-1;-1;-1;-1;37;37;69;77;85;37;85;77;62;8.9;2.38;3.81;3.47;Brighton U23;Arsenal U23;1.64;1.45;1.67;1.14;1.69;1.23;63;63;31;24;16;90;72;64;1.43;1.22;2.65;1676;22;Y;Y;Y;Y;N;N;Y
469934;6276;6285;2018/2019;complete;3676;14;-1;;42;0;1;1;3;4;7;2;3;2;4;0;0;5;7;5;10;10;17;10;15;59;41;2;4;1.37;4.65;6.3;1;1.14;1.51;2.3;0;12;4.7;2.35;1.53;1.2;1.77;2.05;0;0;0;0;0;0;0;0;0;0;0;0;0;0;0;0;0;0;0;0;0;0;0;0;0;0;0;0;0;0;0;0;0;0;0;0;0;0;0;0;0;0;0;0;0;0;0;0;0;0;0;0;0;1;0;1;0;0;0;1;2019-01-05 12:00:00;6285;0;77;9;37;0;1;1;1;3;2;1;4;3;0;1;2;3;1;5;1;26;29;68;65;1.17;1.77;2.94;0;1;0;1;0;0;1;1;0;0;0;0;0;0;-1;-1;-1;-1;-1;-1;-1;-1;-1;23;47;63;93;100;31;93;93;54;12.43;2.83;2.67;3.25;Chelsea U23;Blackburn Rovers U23;0.82;1.55;0.86;0.83;1.62;0.92;77;54;37;7;0;56;35;35;1.8;1.46;3.26;1676;22;Y;N;N;N;N;N;N
469935;6275;6267;2018/2019;complete;3676;14;-1;28;15,34,57,67,79;1;5;6;5;9;14;1;3;2;2;0;0;6;9;3;6;9;15;10;15;47;53;2;2;1.62;3.95;4.4;1;1.14;1.51;2.3;3.8;12;4.7;2.35;1.53;1.2;1.61;2.25;0;0;0;0;1.14;1.18;2.03;2.72;2.31;3.35;1.95;2.7;4.2;0;0;0;0;0;0;0;0;0;0;0;0;0;0;0;1.83;17;2.05;0;0;0;0;0;0;0;0;0;0;1.25;2.17;4.5;11;3.75;1.63;1.17;1.03;0;0;0;0;6;1;2;0;3;3;3;2019-01-07 19:00:00;6267;0;32;7;9;0;1;1;3;6;2;3;9;5;1;0;1;2;1;3;1;21;32;44;51;1.14;1.8;2.94;0;0;0;0;0;0;1;1;0;0;1;2;0;0;-1;-1;-1;-1;-1;-1;-1;-1;-1;24;40;48;55;84;40;62;61;24;8.07;3.21;3.5;2.74;Derby County U23;Swansea City U23;1.27;1.18;1.86;0.83;1.77;0.69;77;61;52;45;17;69;37;37;1.6;1.19;2.79;1676;22;Y;Y;Y;Y;Y;Y;Y
469936;6272;6273;2018/2019;complete;3676;14;-1;32;;1;0;1;4;6;10;2;0;2;1;0;0;5;6;2;4;7;10;16;12;48;52;2;1;2.6;3.45;2.35;1.01;1.18;1.62;2.55;0;10.75;4.2;2.1;1.43;1.15;1.59;2.3;0;0;0;0;0;0;0;0;0;0;0;0;0;0;0;0;0;0;0;0;0;0;0;0;0;0;0;0;0;0;0;0;0;0;0;0;0;0;0;0;0;0;0;0;0;0;0;0;0;0;0;0;0;1;1;0;0;0;0;1;2019-01-07 19:00:00;6272;0;54;30;31;0;1;1;2;5;2;1;7;3;0;0;2;1;0;3;1;25;31;53;54;0.97;1.27;2.25;0;0;0;0;0;0;1;1;0;0;0;2;0;0;-1;-1;-1;-1;-1;-1;-1;-1;-1;7;23;61;69;77;37;69;62;40;11.04;4.04;3.07;2.37;Leicester City U23;Everton U23;1.36;1.36;1.71;1.5;1.46;1.92;93;77;40;31;23;77;62;31;1.71;1.56;3.27;1676;22;Y;N;N;N;N;N;N
469937;6270;6265;2018/2019;complete;3676;14;-1;15;2,20,40,81,89;1;5;6;3;3;6;2;3;2;1;1;0;3;9;7;4;10;13;11;13;51;49;3;1;1.62;4.15;4.15;1;1.12;1.45;2.15;0;12.75;5.05;2.5;1.61;1.23;1.54;2.4;0;0;0;0;0;0;0;0;0;0;0;0;0;0;0;0;0;0;0;0;0;0;0;0;0;0;0;0;0;0;0;0;0;0;0;0;0;0;0;0;0;0;0;0;0;0;0;0;0;0;0;0;0;6;1;3;0;2;2;4;2019-01-05 15:00:00;6265;0;85;24;62;0;1;1;2;2;1;1;4;2;1;1;2;0;2;2;1;35;49;61;82;1.09;1.8;2.9;0;1;0;1;0;0;1;1;0;1;0;0;0;1;-1;-1;-1;-1;-1;-1;-1;-1;-1;32;47;92;100;100;55;85;93;77;8.06;4.53;4.21;4.2;Manchester City U23;West Ham United U23;1.73;1.45;1.67;1.29;1.54;0.92;68;54;9;0;0;76;39;32;1.28;1.16;2.44;1676;22;Y;Y;Y;Y;Y;Y;Y
469938;6269;6266;2018/2019;complete;3676;14;-1;49;65;1;1;2;11;4;15;3;1;0;2;0;0;5;3;4;3;9;6;9;18;58;42;0;2;2.15;3.5;2.9;1;1.14;1.51;2.3;3.7;12;4.7;2.35;1.53;1.2;1.5;2.5;0;0;0;0;1.32;1.22;1.55;2.47;2.4;3.6;2.4;2.6;3.1;0;0;0;0;0;0;0;0;0;0;0;0;0;0;0;1.73;17;2.2;0;0;0;0;0;0;0;0;0;0;1.25;2.11;4.75;11;3.75;1.67;1.15;1.03;0;0;0;0;2;0;0;1;1;2;0;2019-01-07 19:00:00;-1;0;62;17;22;0;1;1;5;0;6;4;5;10;0;0;0;2;0;2;1;38;42;62;65;1.19;0.9;2.09;0;0;0;0;0;0;1;1;0;0;0;0;0;0;-1;-1;-1;-1;-1;-1;-1;-1;-1;9;40;47;77;93;47;70;77;45;11.03;4;2.79;2.65;Tottenham Hotspur U23;Liverpool U23;1.18;1.73;1.33;1.29;1.23;1.46;92;61;54;23;7;93;85;69;1.34;1.65;2.99;1676;22;Y;Y;N;N;N;N;Y
469939;6274;6270;2018/2019;complete;3676;15;-1;4,9,45,51,66;46;5;1;6;6;2;8;0;2;1;1;0;0;11;4;6;2;17;6;15;15;52;48;1;1;2.3;3.8;2.5;1;1.05;1.29;1.81;2.95;19;8;3.3;1.91;1.36;1.3;3.15;0;0;0;0;1.21;1.17;1.95;2.75;2.55;3;1.96;3.22;3.6;0;0;0;0;0;0;0;0;0;0;0;0;0;0;0;1.58;36;2.28;0;0;0;0;0;0;0;0;0;0;1.14;1.82;3.8;8;4.8;1.9;1.22;1.05;0;0;0;0;6;3;0;2;1;3;3;2019-01-14 19:00:00;6274;0;40;23;32;0;1;1;2;1;4;1;3;5;0;0;1;1;0;2;1;41;28;57;53;2.13;0.86;2.99;1;0;1;0;0;0;1;1;2;0;0;0;0;0;-1;-1;-1;-1;-1;-1;-1;-1;-1;30;47;55;70;85;45;69;70;63;11.83;3.88;3.46;3.55;Arsenal U23;Manchester City U23;1.91;1;1.33;1.43;1.21;1.43;70;54;45;30;16;83;75;50;1.56;1.54;3.1;1676;22;Y;Y;Y;Y;Y;Y;Y
469940;6285;6275;2018/2019;complete;3676;15;-1;59;39,51,77;1;3;4;16;1;17;3;3;2;1;0;0;5;8;9;3;14;11;12;6;58;42;2;1;2.45;3.8;2.35;1.01;1.13;1.5;2.4;4.5;13;5.2;2.4;1.5;1.17;1.59;2.36;0;0;0;0;1.42;1.26;1.43;3.02;2.23;3.13;2.83;2.48;2.92;0;0;0;0;0;0;0;0;0;0;0;0;0;0;0;1.93;14;1.96;0;0;0;0;0;0;0;0;0;0;1.28;2.4;0;0;3.4;1.52;0;0;0;0;0;0;4;0;1;1;2;3;1;2019-01-14 19:00:00;6275;0;54;7;24;0;1;1;10;0;6;1;10;7;0;0;2;1;0;3;1;44;24;58;46;1.54;1.42;2.97;0;0;0;0;0;0;1;1;0;0;0;0;0;0;-1;-1;-1;-1;-1;-1;-1;-1;-1;17;38;60;77;93;37;85;77;38;9.57;3.74;4.5;2.84;Blackburn Rovers U23;Derby County U23;1.27;1.45;1;1.67;1.07;1.64;84;62;41;24;7;45;22;15;1.47;1.65;3.12;1676;22;Y;Y;Y;Y;N;N;Y
469941;6273;6276;2018/2019;complete;3676;15;-1;26,75;;2;0;2;2;12;14;1;1;1;0;0;1;6;3;7;7;13;10;14;9;44;56;1;2;2.25;3.74;2.84;0;1.11;1.45;2.25;4;0;5.5;2.55;1.57;1.2;1.49;2.62;0;0;0;0;1.31;1.21;1.65;2.75;2.34;3.25;2.56;2.62;3.06;0;0;0;0;0;0;0;0;0;0;0;0;0;0;0;1.81;17.75;2.04;0;0;0;0;0;0;0;0;0;0;1.25;2.25;5.5;0;3.6;1.57;1.11;0;0;0;0;0;2;1;0;1;0;1;1;2019-01-14 19:00:00;6273;0;41;25;24;0;1;1;1;5;1;7;6;8;0;1;1;0;1;1;1;31;39;62;86;1.46;1.13;2.59;1;0;1;0;0;0;1;1;0;0;0;2;0;0;-1;-1;-1;-1;-1;-1;-1;-1;-1;24;24;56;56;93;32;63;79;40;8.14;4.38;1.4;2.93;Everton U23;Chelsea U23;2.36;2;2.29;2.5;1.79;1.5;77;77;44;44;7;63;32;24;1.63;1.37;3;1676;22;Y;Y;N;N;N;N;N
469942;6266;6286;2018/2019;complete;3676;15;-1;11;86;1;1;2;5;3;8;1;1;0;2;1;0;6;5;7;9;13;14;7;12;57;43;2;2;1.6;4.55;4.55;0;1.11;1.44;2.2;3.8;17;5.5;2.6;1.6;1.22;1.53;2.5;0;0;0;0;1.19;1.19;2.28;2.01;2.6;4.6;1.87;2.95;4.45;0;0;0;0;0;0;0;0;0;0;0;0;0;0;0;1.5;22;2.59;0;0;0;0;0;0;0;0;0;0;1.2;2.2;5.2;11;4;1.6;1.13;1.01;0;0;0;0;2;1;0;0;1;1;1;2019-01-14 19:00:00;-1;0;85;31;54;0;1;1;2;1;3;2;3;5;1;1;0;1;2;1;1;40;49;84;90;1.53;1.59;3.12;0;0;0;0;0;0;1;1;0;0;1;0;0;0;-1;-1;-1;-1;-1;-1;-1;-1;-1;38;54;70;93;100;54;86;84;69;13.39;2.71;2.38;3.62;Liverpool U23;Brighton U23;1.36;1.55;1.67;1.71;1.43;1.64;62;47;30;7;0;81;73;59;2.15;1.63;3.78;1676;22;Y;Y;N;N;N;N;Y
469943;6267;6272;2018/2019;complete;3676;15;-1;;45,45,66;0;3;3;-1;-1;-1;-1;-1;2;2;0;0;-1;-1;-1;-1;-1;-1;-1;-1;-1;-1;2;2;0;0;0;0;0;0;0;0;0;0;0;0;0;0;0;0;0;0;0;0;0;0;0;0;0;0;0;0;0;0;0;0;0;0;0;0;0;0;0;0;0;0;0;0;0;0;0;0;0;0;0;0;0;0;0;0;0;0;0;0;0;0;0;0;0;0;0;0;3;0;2;0;1;1;2;2019-01-14 19:00:00;6272;0;60;7;16;0;-1;1;-1;-1;-1;-1;-1;-1;2;1;0;1;3;1;-1;0;0;0;0;0;0;0;0;1;0;1;0;0;1;1;0;0;-1;-1;0;0;-1;-1;-1;-1;-1;-1;-1;-1;-1;15;23;23;68;100;23;69;84;30;11.6;2.21;4.57;2.27;Swansea City U23;Leicester City U23;0.36;0.91;0.57;1.17;0.86;1.57;86;77;77;32;0;70;50;50;1.5;1.57;3.07;1676;22;Y;Y;Y;N;N;N;N
469944;6265;6269;2018/2019;complete;3676;15;-1;25;30;1;1;2;5;6;11;4;2;1;3;0;1;5;4;12;2;17;6;11;14;55;45;1;4;2.25;3.75;2.55;1;1.13;1.48;2.2;0;12.5;4.95;2.45;1.57;1.22;1.47;2.6;0;0;0;0;0;0;0;0;0;0;0;0;0;0;0;0;0;0;0;0;0;0;0;0;0;0;0;0;0;0;0;0;0;0;0;0;0;0;0;0;0;0;0;0;0;0;0;0;0;0;0;0;0;2;1;1;0;0;0;2;2019-01-13 12:00:00;-1;0;77;47;41;0;1;1;2;5;3;1;7;4;1;2;0;2;3;2;1;58;39;77;61;1.83;0.94;2.78;1;1;1;0;0;1;1;1;0;0;1;0;0;0;-1;-1;-1;-1;-1;-1;-1;-1;-1;41;48;70;93;100;70;93;86;48;6.5;2.38;4.9;4.34;West Ham United U23;Tottenham Hotspur U23;0.91;1.36;0.5;1.14;1.07;1.21;60;52;30;7;0;69;47;40;1.55;0.98;2.53;1676;22;Y;Y;N;N;N;N;Y
469945;6274;6265;2018/2019;complete;3676;16;-1;42;;1;0;1;4;8;12;3;5;1;2;0;0;5;5;5;6;10;11;14;15;51;49;1;2;1.59;4.2;4.35;1;1.06;1.28;1.77;0;15.5;6.75;3.25;1.95;1.4;1.35;2.85;0;0;0;0;1.22;1.29;2.1;0;0;0;0;0;0;0;0;0;0;0;0;0;0;0;0;0;0;0;0;0;0;0;0;0;0;0;0;0;0;0;0;0;0;0;0;0;0;0;0;0;0;0;0;0;0;1;1;0;0;0;0;1;2019-03-29 19:00:00;6274;0;71;18;47;0;1;1;1;2;3;6;3;9;0;1;1;1;1;2;1;44;49;84;71;1.3;1.4;2.7;0;0;0;0;0;0;1;1;0;0;0;1;0;0;-1;-1;-1;-1;-1;-1;-1;-1;-1;24;54;88;94;94;47;77;89;89;9.17;3.99;3.44;3.89;Arsenal U23;West Ham United U23;1.91;1.45;1.5;1.67;1.39;1.06;77;47;13;7;7;71;66;36;1.6;1.29;2.89;1676;22;Y;N;N;N;N;N;N
469946;6285;6272;2018/2019;complete;3676;16;-1;19,40,44,49,51,74,84;60;7;1;8;6;2;8;6;3;2;2;0;1;10;3;7;5;17;8;10;15;54;46;2;4;3.85;4;1.69;1.01;1.15;1.54;2.35;4.5;11.5;4.5;2.3;1.5;1.18;1.57;2.2;4.5;1.14;0;0;1.67;1.22;1.36;3.32;2.42;2.6;3.13;2.73;2.42;0;0;0;0;0;0;0;0;0;0;0;0;0;0;0;2.1;13;1.8;6;4.2;0;0;0;0;0;0;0;0;1.25;2.25;5.5;13;3.6;1.57;1.11;1.01;0;0;0;0;8;3;0;4;1;5;3;2019-02-04 19:00:00;6285;0;46;7;20;0;1;1;2;1;4;1;3;5;1;2;1;1;3;2;1;33;29;51;54;2;0.93;2.93;0;0;0;0;0;0;1;1;0;0;0;0;0;0;-1;-1;-1;-1;-1;-1;-1;-1;-1;0;32;59;73;94;40;80;73;32;12.88;2.89;4.88;2.57;Blackburn Rovers U23;Leicester City U23;1.27;0.91;0.88;1.43;1;1.67;100;68;42;28;7;72;55;49;1.48;1.57;3.05;1676;22;Y;Y;Y;Y;Y;Y;Y
469947;6286;6269;2018/2019;complete;3676;16;-1;20,61;;2;0;2;4;4;8;1;0;1;2;0;0;7;7;6;8;13;15;15;10;41;59;1;2;2;3.6;3.15;1;1.15;1.53;2.3;4;11.75;4.65;2.3;1.53;1.19;1.48;2.45;3.75;1.2;0;0;1.36;1.25;1.62;2.83;2.31;3.2;2.64;2.57;3.02;0;0;0;0;0;0;0;0;0;0;0;0;0;0;0;1.8;14;2.1;4.45;5.2;0;0;0;0;0;0;0;0;1.22;2.25;5.5;11;3.8;1.57;1.11;1.01;0;0;0;0;2;1;0;1;0;1;1;2019-02-03 14:00:00;6286;0;66;25;21;0;1;1;2;1;2;3;3;5;0;1;1;1;1;2;1;30;42;56;66;1.52;1.73;3.26;0;0;0;0;0;0;1;1;0;0;0;0;0;0;-1;-1;-1;-1;-1;-1;-1;-1;-1;14;27;61;80;93;39;87;67;48;6.79;2.31;4.32;2.8;Brighton U23;Tottenham Hotspur U23;1.64;1.36;1.57;1.13;1.6;1.2;87;73;40;21;7;81;61;48;1.46;0.97;2.43;1676;22;Y;Y;N;N;N;N;N
469948;6275;6276;2018/2019;complete;3676;16;-1;;44;0;1;1;8;2;10;1;3;0;1;0;0;5;9;10;3;15;12;17;12;54;46;0;1;2.4;3.6;2.5;1.01;1.15;1.54;2.35;4;11.5;4.5;2.3;1.5;1.18;1.49;2.4;4.05;1.17;0;0;1.45;1.26;1.56;2.84;2.34;3.13;2.66;2.61;2.94;0;0;0;0;0;0;0;0;0;0;0;0;0;0;0;1.86;18;1.98;4.8;5.8;0;0;0;0;0;0;0;0;1.23;2.19;5.5;13;3.82;1.62;1.11;1.01;0;0;0;0;1;0;1;0;0;0;1;2019-02-04 19:00:00;6276;0;41;34;15;0;1;1;1;1;7;1;2;8;0;0;0;1;0;1;1;35;31;61;55;1.54;1.61;3.15;0;0;0;0;0;0;1;1;0;0;1;0;0;0;-1;-1;-1;-1;-1;-1;-1;-1;-1;27;34;55;68;100;41;75;88;34;10.64;3.2;3;3.17;Derby County U23;Chelsea U23;1.27;2;1.63;2.14;1.73;1.4;73;67;46;32;0;81;60;53;1.54;1.34;2.88;1676;22;Y;N;N;N;N;N;N
469949;6266;6270;2018/2019;complete;3676;16;-1;85;63;1;1;2;0;5;5;2;4;2;1;0;0;7;8;3;4;10;12;14;9;30;70;2;1;1.8;3.95;3.4;1;1.12;1.45;2.15;3.84;12.75;5.05;2.5;1.61;1.23;1.47;2.45;3.8;1.19;0;0;1.36;1.29;1.63;2.69;2.29;3.44;2.52;2.53;3.26;0;0;0;0;0;0;0;0;0;0;0;0;0;0;0;1.77;17.75;2.09;4.8;6;0;0;0;0;0;0;0;0;1.22;2.13;5.2;11;3.92;1.65;1.13;1.01;0;0;0;0;2;0;0;1;1;2;0;2019-02-04 19:00:00;-1;0;62;27;34;0;1;1;0;4;0;1;4;1;1;0;1;1;1;2;1;40;47;75;88;1.41;1.66;3.07;0;0;0;0;0;0;1;1;0;0;0;1;0;0;-1;-1;-1;-1;-1;-1;-1;-1;-1;40;47;61;82;94;53;88;67;54;14.97;3.61;2.96;3.59;Liverpool U23;Manchester City U23;1.36;1;1.57;1.25;1.4;1.33;61;54;40;19;7;66;59;59;2.02;1.44;3.46;1676;22;Y;Y;N;N;N;N;Y
469950;6267;6273;2018/2019;complete;3676;16;-1;;82;0;1;1;3;3;6;3;2;2;1;0;0;6;4;5;7;11;11;20;15;52;48;2;1;3.25;3.85;1.87;1.01;1.17;1.61;2.5;5.2;11;4.25;2.15;1.45;1.16;1.59;2.2;5.1;1.11;0;0;1.95;1.25;1.23;4.3;2.35;2.27;4.05;2.65;2.11;0;0;0;0;0;0;0;0;0;0;0;0;0;0;0;2.45;16.25;1.59;7.5;3.6;0;0;0;0;0;0;0;0;1.17;1.84;3.75;7.5;4.5;1.88;1.25;1.07;0;0;0;0;1;0;0;0;1;1;0;2019-02-04 19:00:00;6273;0;59;14;21;0;1;1;3;3;0;0;6;0;1;1;1;0;2;1;1;33;36;63;75;1.35;1.24;2.59;0;0;0;0;0;0;1;1;0;0;1;2;0;0;-1;-1;-1;-1;-1;-1;-1;-1;-1;13;20;41;73;93;26;73;79;41;11.03;2.5;4.79;2.38;Swansea City U23;Everton U23;0.36;1.36;0.5;1.29;0.8;1.87;88;81;60;28;7;73;56;35;1.5;1.52;3.02;1676;22;Y;N;N;N;N;N;N
469951;6276;6267;2018/2019;complete;3676;17;-1;;7,87;0;2;2;8;5;13;1;1;3;4;0;1;3;6;4;6;7;12;7;16;64;36;3;5;1.69;4.1;3.8;1.01;1.13;1.52;2.16;4.5;13;5.2;2.57;1.6;1.17;1.57;2.41;0;0;0;0;1.18;1.16;1.95;2.03;2.53;4.75;1.89;2.86;4.55;0;0;0;0;0;0;0;0;0;0;0;0;0;0;0;1.5;20;2.62;0;0;0;0;0;0;0;0;0;0;1.23;2.15;5.5;13;3.82;1.64;1.11;1.01;0;0;0;0;2;0;1;0;1;1;1;2019-02-15 19:00:00;6267;0;66;7;32;0;1;1;4;4;4;1;8;5;1;0;2;5;1;7;1;29;25;74;48;0.87;1.35;2.22;0;0;0;0;0;0;1;1;0;1;2;1;0;0;-1;-1;-1;-1;-1;-1;-1;-1;-1;34;48;55;73;86;41;80;66;47;9.43;2.84;2.7;3.23;Chelsea U23;Swansea City U23;0.82;1.18;0.75;1.14;1.5;0.75;66;53;46;27;15;67;27;27;1.72;1.28;3;1676;22;Y;Y;N;N;N;N;N
469952;6270;6286;2018/2019;complete;3676;17;-1;;13;0;1;1;13;0;13;0;1;2;0;0;0;7;2;15;2;22;4;13;5;73;27;2;0;2.1;4.05;2.65;1.01;1.11;1.36;2.12;3.28;13;5.5;2.84;1.74;1.28;1.43;2.83;0;0;0;0;1.38;1.16;1.57;2.4;2.51;3.52;2.25;2.82;3.34;0;0;0;0;0;0;0;0;0;0;0;0;0;0;0;1.68;23;2.17;0;0;0;0;0;0;0;0;0;0;1.22;2;5.2;11;3.8;1.74;1.13;1.01;0;0;0;0;1;0;1;0;0;0;1;2019-02-15 19:00:00;6286;0;87;34;54;0;1;1;3;0;10;0;3;10;1;0;1;0;1;1;1;44;8;69;19;2.18;0.45;2.63;0;0;0;0;0;0;1;1;0;0;0;0;0;0;-1;-1;-1;-1;-1;-1;-1;-1;-1;48;54;68;94;100;61;81;100;67;8;3.32;3.45;4.19;Manchester City U23;Brighton U23;1.73;1.55;1.43;1.63;1.31;1.69;53;47;32;7;0;71;40;28;1.25;1.62;2.87;1676;22;Y;N;N;N;N;N;N
469953;6269;6274;2018/2019;complete;3676;17;-1;;4,25,31,47;0;4;4;1;3;4;1;3;1;3;0;0;6;6;2;2;8;8;10;22;49;51;1;3;2.2;4.05;2.5;1.01;1.11;1.4;2.25;3.48;13;5.5;2.68;1.66;1.25;1.49;2.62;0;0;0;0;1.42;1.16;1.54;3.88;2.52;2.25;3.7;2.86;2.09;0;0;0;0;0;0;0;0;0;0;0;0;0;0;0;2.31;22;1.61;0;0;0;0;0;0;0;0;0;0;1.22;2.08;5.2;11;3.8;1.68;1.13;1.01;0;0;0;0;4;0;3;0;1;1;3;2019-02-15 19:00:00;6274;0;73;34;26;0;1;1;0;1;1;2;1;3;0;1;1;2;1;3;1;46;43;71;61;1.26;1.24;2.49;0;1;0;1;0;0;1;1;0;1;0;0;0;0;-1;-1;-1;-1;-1;-1;-1;-1;-1;32;53;59;87;94;47;80;87;53;10;2.77;3.17;3.62;Tottenham Hotspur U23;Arsenal U23;1.18;1.45;1.29;1.13;1.13;1.33;68;48;41;14;7;84;68;61;1.32;1.29;2.61;1676;22;Y;Y;Y;Y;N;N;N
469954;6273;6285;2018/2019;complete;3676;17;-1;18,30;;2;0;2;0;9;9;2;1;1;2;0;0;7;7;6;3;13;10;14;17;43;57;1;2;2.4;3.4;2.55;1.01;1.2;1.67;2.7;4.75;10.25;3.95;2.05;1.39;1.14;1.57;2.2;0;0;0;0;1.47;1.29;1.51;3.04;2.22;3.14;2.82;2.48;2.93;0;0;0;0;0;0;0;0;0;0;0;0;0;0;0;1.92;14;1.97;3.9;6;0;0;0;0;0;0;0;0;1.27;2.4;5.5;13;3.48;1.52;1.12;1.02;0;0;0;0;2;2;0;0;0;0;2;2019-02-18 19:00:00;6273;0;35;7;14;0;1;1;0;6;0;3;6;3;1;1;0;1;2;1;1;40;44;78;88;1.6;1.44;3.04;0;0;0;0;0;0;1;1;0;0;0;0;0;0;-1;-1;-1;-1;-1;-1;-1;-1;-1;14;28;48;62;94;21;75;75;34;9.55;4.5;2.63;2.51;Everton U23;Blackburn Rovers U23;2.36;1.55;2.38;1.14;1.94;1.13;87;73;52;39;7;42;29;29;1.61;1.51;3.12;1676;22;Y;Y;N;N;N;N;N
469955;6272;6275;2018/2019;complete;3676;17;-1;;29;0;1;1;2;5;7;2;2;1;1;0;0;0;4;10;3;10;7;13;14;46;54;1;1;1.26;5.6;7.5;1.01;1.14;1.73;2.61;4.8;11;4.8;2.14;1.42;1.14;1.6;2.34;0;0;0;0;1.32;1.3;1.69;2.63;2.2;3.78;2.45;2.45;3.54;0;0;0;0;0;0;0;0;0;0;0;0;0;0;0;1.74;14;2.21;0;0;0;0;0;0;0;0;0;0;1.28;2.42;5.5;13;3.4;1.51;1.11;1.01;0;0;0;0;1;0;1;0;0;0;1;2019-02-15 19:00:00;6275;0;54;19;34;0;1;1;1;2;1;3;3;4;0;0;1;1;0;2;1;30;30;49;54;0.84;0.94;1.78;0;0;0;0;0;0;1;1;0;0;1;1;0;0;-1;-1;-1;-1;-1;-1;-1;-1;-1;21;34;53;67;88;32;81;68;34;9.07;4.04;2.18;2.62;Leicester City U23;Derby County U23;1.36;1.45;1.88;1.86;1.56;1.63;80;66;48;34;13;59;39;20;1.62;1.61;3.23;1676;22;Y;N;N;N;N;N;N
469956;6265;6266;2018/2019;complete;3676;17;-1;;77;0;1;1;3;2;5;2;4;1;0;0;0;4;6;10;5;14;11;10;12;54;46;1;0;2.4;3.55;2.5;1;1.13;1.47;2.2;3.3;12.5;5;2.45;1.59;1.23;1.43;2.6;0;0;0;0;1.48;1.2;1.41;2.95;2.15;3;2.4;2.6;3.1;0;0;0;0;0;0;0;0;0;0;0;0;0;0;0;1.91;13.25;1.87;4.5;7;0;0;0;0;0;0;0;0;1.25;2.05;4.5;10;3.75;1.7;1.17;1.04;0;0;0;0;1;0;0;0;1;1;0;2019-02-18 19:00:00;6266;0;75;29;54;0;1;1;2;1;1;1;3;2;1;0;0;0;1;0;1;53;49;84;71;1.54;1.47;3.01;0;0;0;0;0;0;1;1;0;0;0;0;0;0;-1;-1;-1;-1;-1;-1;-1;-1;-1;29;41;55;88;94;62;75;81;60;10.2;3.88;3.52;3.7;West Ham United U23;Liverpool U23;0.91;1.73;0.57;1.25;1.07;1.38;72;59;46;13;7;80;73;66;1.59;1.56;3.15;1676;22;Y;N;N;N;N;N;N
469957;6270;6272;2018/2019;complete;3676;18;-1;5;;1;0;1;5;3;8;1;0;1;1;0;0;8;8;8;4;16;12;10;14;57;43;1;1;2.25;3.65;2.6;1;1.12;1.45;2.15;3.8;12.75;5.05;2.5;1.61;1.23;1.42;2.6;0;0;0;0;1.3;1.18;1.67;2.55;2.45;3.35;2.39;2.75;3.16;0;0;0;0;0;0;0;0;0;0;0;0;0;0;0;1.73;15;2.1;4.6;6.5;0;0;0;0;0;0;0;0;1.22;2.07;5.2;11;3.8;1.69;1.13;1.01;0;0;0;0;1;1;0;0;0;0;1;2019-03-03 13:00:00;6270;0;57;19;38;0;1;1;3;1;2;2;4;4;0;1;1;0;1;1;1;47;36;77;69;1.9;1.58;3.48;0;0;0;0;0;0;1;1;1;0;0;1;0;0;-1;-1;-1;-1;-1;-1;-1;-1;-1;32;38;57;76;100;51;82;82;44;10.62;3.63;4.75;3.63;Manchester City U23;Leicester City U23;1.73;0.91;1.25;1.25;1.24;1.47;69;63;44;26;0;69;40;40;1.38;1.46;2.84;1676;22;Y;N;N;N;N;N;N
469958;6269;6276;2018/2019;complete;3676;18;-1;17;42;1;1;2;3;5;8;1;1;5;2;1;0;5;8;3;12;8;20;11;12;35;65;6;2;3.85;3.9;1.71;1.01;1.16;1.57;2.45;4.5;11.25;4.4;2.25;1.48;1.18;1.59;2.2;4.95;1.12;0;0;1.87;1.2;1.17;4.3;2.35;2.27;4.05;2.63;2.12;0;0;0;0;0;0;0;0;0;0;0;0;0;0;0;2.45;16;1.59;6.4;3.2;0;0;0;0;0;0;0;0;1.27;2.32;5.5;13;3.48;1.55;1.11;1.01;0;0;0;0;2;1;1;0;0;0;2;2019-03-01 19:00:00;-1;0;57;32;19;0;1;1;1;1;2;4;2;6;3;0;3;2;3;5;1;24;70;52;91;1.03;2.32;3.35;0;1;0;1;0;0;1;1;0;0;0;1;0;0;-1;-1;-1;-1;-1;-1;-1;-1;-1;19;38;57;82;100;44;82;88;38;10.13;3.75;2.25;3.19;Tottenham Hotspur U23;Chelsea U23;1.18;2;1.13;2.25;1.06;1.41;82;63;44;19;0;88;69;51;1.31;1.37;2.68;1676;22;Y;Y;N;N;N;N;Y
469959;6274;6267;2018/2019;complete;3676;18;-1;83,86;45,45;2;2;4;11;3;14;2;1;1;4;0;1;4;5;8;6;12;11;14;15;64;36;1;5;1.45;4.45;5.4;1;1.09;1.37;1.95;3.2;14;5.75;2.8;1.74;1.3;1.49;2.4;2.8;1.34;0;0;1.18;1.21;2.22;2.05;2.51;4.7;1.91;2.83;4.5;0;0;0;0;0;0;0;0;0;0;0;0;0;0;0;1.5;22;2.59;2.6;15;0;0;0;0;0;0;0;0;1.17;2.05;4.5;10;4.5;1.7;1.17;1.02;0;0;0;0;4;0;2;2;0;2;2;2019-03-04 19:00:00;-1;0;54;14;35;0;1;1;1;2;10;1;3;11;1;0;0;5;1;5;1;36;27;51;31;1.29;1.23;2.52;0;0;0;0;0;0;1;1;0;0;0;0;0;0;-1;-1;-1;-1;-1;-1;-1;-1;-1;34;54;67;81;81;47;73;75;62;8.34;3.49;4;3.75;Arsenal U23;Swansea City U23;1.91;1.18;1.57;1.38;1.44;0.88;67;47;34;20;20;73;55;34;1.64;1.29;2.93;1676;22;Y;Y;Y;Y;N;N;Y
469960;6286;6275;2018/2019;complete;3676;18;-1;26,45;90;2;1;3;1;7;8;2;1;1;1;0;0;4;6;5;7;9;13;14;7;42;58;1;1;2.7;3.35;2.3;1.01;1.21;1.69;2.75;5;10;3.85;2;1.38;1.13;1.59;2.2;3.85;1.19;0;0;1.59;1.3;1.39;3.44;2.19;2.84;3.22;2.44;2.64;0;0;0;0;0;0;0;0;0;0;0;0;0;0;0;2.1;13.25;1.83;4;5.5;0;0;0;0;0;0;0;0;1.22;1.95;4;9;4;1.78;1.22;1.05;0;0;0;0;3;2;0;0;1;1;2;2019-03-04 19:00:00;6286;0;50;0;32;0;1;1;1;3;0;4;4;4;0;0;1;1;0;2;1;23;49;69;82;1.02;1.59;2.61;0;1;0;1;0;0;1;1;0;0;0;2;0;0;-1;-1;-1;-1;-1;-1;-1;-1;-1;19;32;51;69;94;13;88;75;51;8;3.63;2.88;2.63;Brighton U23;Derby County U23;1.64;1.45;1.75;2;1.76;1.71;82;69;51;32;7;57;38;32;1.47;1.53;3;1676;22;Y;Y;Y;N;N;N;Y
469961;6266;6273;2018/2019;complete;3676;18;-1;;8,87;0;2;2;6;5;11;0;2;0;0;0;0;2;6;13;9;15;15;11;4;53;47;0;0;2.6;3.35;2.4;1.01;1.21;1.69;2.75;5;10;3.85;2;1.38;1.13;1.59;2.2;3.25;1.26;0;0;1.34;1.2;1.56;2.76;2.26;3.4;2.56;2.54;3.18;0;0;1.33;1.65;2.1;2.88;4;3;2.1;1.65;1.36;1.2;0;0;0;1.82;14;2.09;3.95;4.85;0;0;0;0;0;0;0;0;1.29;2.45;5.7;12;3.36;1.5;1.08;1.02;0;0;0;0;2;0;1;0;1;1;1;2019-03-04 19:00:00;6273;0;63;19;38;0;1;-1;0;0;6;5;0;11;0;0;0;0;0;0;1;48;35;85;72;1.43;1.62;3.05;0;0;0;0;0;0;1;1;0;1;0;0;-1;-1;-1;-1;-1;-1;-1;-1;-1;-1;-1;13;26;51;75;94;26;76;69;51;12.13;3.88;3.88;2.57;Liverpool U23;Everton U23;1.36;1.36;1.5;1.5;1.47;2;88;76;51;25;7;63;57;38;1.92;1.48;3.4;1676;22;Y;Y;N;N;N;N;N
469962;6265;6285;2018/2019;complete;3676;18;-1;23;20,77,90;1;3;4;5;5;10;1;3;1;2;0;0;7;9;2;4;9;13;12;13;57;43;1;2;2.8;3.8;2.1;1;1.1;1.4;2;3.3;13.5;5.5;2.7;1.69;1.27;1.39;2.7;4.85;1.12;0;0;1.67;1.24;1.39;3.28;2.45;2.59;3;2.8;2.25;0;0;0;0;0;0;0;0;0;0;0;0;0;0;0;1.95;13.5;1.8;5.65;4.55;0;0;0;0;0;0;0;0;1.2;2.01;4.15;8.75;3.65;1.73;1.16;1.02;0;0;0;0;4;1;1;0;2;2;2;2019-03-04 19:00:00;6285;0;63;32;32;0;1;1;2;3;3;2;5;5;0;0;1;2;0;3;1;42;46;61;57;1.36;1.78;3.14;0;1;0;1;0;0;1;1;0;0;2;0;0;0;-1;-1;-1;-1;-1;-1;-1;-1;-1;32;44;63;88;100;57;94;82;44;10.52;3.88;4;3.82;West Ham United U23;Blackburn Rovers U23;0.91;1.55;0.5;1;1;1.06;69;57;38;13;0;53;40;40;1.59;1.5;3.09;1676;22;Y;Y;Y;Y;N;N;Y
469963;6276;6270;2018/2019;complete;3676;19;-1;25,90;;2;0;2;5;6;11;1;1;3;7;0;3;6;6;3;6;9;12;12;15;47;53;3;11;2.4;3.7;2.4;1;1.12;1.44;2.15;3.6;12.75;5.15;2.5;1.61;1.24;1.42;2.65;0;0;0;0;1.33;1.2;1.8;2.99;2.4;2.88;2.82;2.68;2.69;0;0;0;0;0;0;0;0;0;0;0;0;0;0;0;1.67;15;2.2;5;5.8;0;0;0;0;0;0;0;0;1.2;2.07;4.8;11;4;1.69;1.14;1.01;0;0;0;0;2;1;0;1;0;1;1;2019-03-08 19:00:00;6276;0;56;11;39;0;1;1;4;5;1;1;9;2;1;3;2;7;4;9;1;22;29;48;77;1.15;1.39;2.54;0;0;0;0;0;0;1;1;0;0;1;0;0;1;-1;-1;-1;-1;-1;-1;-1;-1;-1;33;39;39;73;95;39;78;73;50;12.6;3.11;2.55;3.12;Chelsea U23;Manchester City U23;0.82;1;0.67;1.22;1.39;1.33;67;62;62;28;6;65;42;42;1.63;1.47;3.1;1676;22;Y;Y;N;N;N;N;N
469964;6272;6269;2018/2019;complete;3676;19;-1;20;48,82;1;2;3;10;5;15;2;1;1;3;1;0;7;5;11;6;18;11;17;13;55;45;3;3;1.74;3.9;3.7;1.01;1.2;1.67;2.7;4.8;10.25;3.95;2.05;1.39;1.14;1.67;2.05;0;0;0;0;1.29;1.2;1.91;2.3;2.35;4.2;2.14;2.64;3.96;0;0;0;0;0;0;0;0;0;0;0;0;0;0;0;1.57;13;2.4;3.2;7;0;0;0;0;0;0;0;0;1.2;1.92;4;9;4.33;1.8;1.22;1.05;0;0;0;0;3;1;0;0;2;2;1;2019-03-08 19:00:00;6269;0;56;39;17;0;1;1;6;2;4;3;8;7;0;0;2;3;0;5;1;57;34;67;55;2.03;1.29;3.31;0;0;0;0;0;0;1;1;0;0;1;0;0;0;-1;-1;-1;-1;-1;-1;-1;-1;-1;11;22;50;73;89;50;84;56;22;7.78;2.56;3.45;2.5;Leicester City U23;Tottenham Hotspur U23;1.36;1.36;1.67;1;1.39;1.06;89;78;50;28;11;67;50;28;1.53;1.06;2.59;1676;22;Y;Y;Y;N;N;N;Y
469965;6285;6286;2018/2019;complete;3676;19;-1;47,71;14,28;2;2;4;4;6;10;2;1;2;2;0;0;6;6;12;5;18;11;10;10;53;47;2;2;2.2;3.65;2.7;1;1.12;1.44;2.15;3.72;12.75;5.15;2.5;1.61;1.24;1.42;2.6;0;0;0;0;1.31;1.2;1.59;2.64;2.36;3.38;2.46;2.65;3.18;0;0;0;0;0;0;0;0;0;0;0;0;0;0;0;1.76;19.25;2.09;4.75;6;0;0;0;0;0;0;0;0;1.22;2.11;5.2;11;3.8;1.66;1.13;1.01;0;0;0;0;4;0;2;2;0;2;2;2019-03-11 19:00:00;-1;0;73;17;39;0;1;1;3;1;1;5;4;6;1;1;1;1;2;2;1;39;34;58;62;1.83;1.36;3.19;0;0;0;0;0;0;1;1;0;0;1;0;0;0;-1;-1;-1;-1;-1;-1;-1;-1;-1;22;50;67;84;95;50;84;84;56;10.34;3;3.56;3.39;Blackburn Rovers U23;Brighton U23;1.27;1.55;1.11;1.78;1.17;1.83;78;50;34;17;6;67;56;39;1.54;1.49;3.03;1676;22;Y;Y;Y;Y;N;N;Y
469966;6275;6266;2018/2019;complete;3676;19;-1;89;16,62,67;1;3;4;6;4;10;0;1;3;1;0;0;5;6;6;5;11;11;12;14;48;52;3;1;2.5;3.5;2.4;1.01;1.17;1.59;2.5;4.5;11;4.3;2.2;1.47;1.17;1.51;2.35;0;0;0;0;1.8;1.24;1.31;3.74;2.36;2.45;3.52;2.66;2.28;0;0;0;0;0;0;0;0;0;0;0;0;0;0;0;1.8;13;2;5.5;4.75;0;0;0;0;0;0;0;0;1.24;2.24;5.5;13;3.72;1.59;1.11;1.01;0;0;0;0;4;0;1;1;2;3;1;2019-03-08 14:00:00;6266;0;39;11;22;0;1;1;2;2;4;2;4;6;1;0;2;1;1;3;1;29;35;45;57;1.25;1.36;2.61;0;0;0;0;0;0;1;1;0;0;0;0;0;0;-1;-1;-1;-1;-1;-1;-1;-1;-1;11;28;33;56;95;33;56;73;39;11;3.67;3;2.28;Derby County U23;Liverpool U23;1.27;1.73;1.44;1.44;1.61;1.39;89;73;67;45;6;78;73;62;1.54;1.55;3.09;1676;22;Y;Y;Y;Y;N;N;Y
469967;6273;6274;2018/2019;complete;3676;19;-1;;;0;0;0;5;2;7;5;0;1;3;0;0;3;2;10;2;13;4;14;11;57;43;1;3;1.8;3.75;3.6;1;1.12;1.45;2.15;3.84;12.75;5.05;2.5;1.61;1.23;1.47;2.5;0;0;0;0;1.27;1.25;1.87;2.36;2.38;3.92;2.19;2.67;3.74;0;0;0;0;0;0;0;0;0;0;0;0;0;0;0;1.73;14;2.1;3.8;8;0;0;0;0;0;0;0;0;1.22;2.15;5.5;13;3.9;1.64;1.11;1.01;0;0;0;0;0;0;0;0;0;0;0;2019-03-11 19:00:00;-1;0;39;17;22;0;1;1;1;1;4;1;2;5;1;2;0;1;3;1;1;52;36;87;86;1.41;0.67;2.07;0;0;0;0;0;0;1;1;0;0;0;0;0;1;-1;-1;-1;-1;-1;-1;-1;-1;-1;28;39;50;67;89;39;73;73;39;7.3;3.33;2.67;3.11;Everton U23;Arsenal U23;2.36;1.45;2.44;1.33;2.06;1.41;73;61;50;34;11;57;33;33;1.61;1.28;2.89;1676;22;N;N;N;N;N;N;N
469968;6267;6265;2018/2019;complete;3676;19;-1;;57,69,83;0;3;3;7;3;10;3;3;2;1;0;0;7;9;4;5;11;14;11;8;51;49;2;1;2.35;3.35;2.65;1;1.14;1.51;2.3;0;12;4.7;2.35;1.53;1.2;1.45;2.5;0;0;0;0;0;0;0;0;0;0;0;0;0;0;0;0;0;0;0;0;0;0;0;0;0;0;0;0;0;0;0;0;0;0;0;0;0;0;0;0;0;0;0;0;0;0;0;0;0;0;0;0;0;3;0;0;0;3;3;0;2019-03-11 19:00:00;6265;0;78;18;31;0;1;1;2;3;5;0;5;5;0;1;2;0;1;2;1;39;30;73;58;1.47;1.73;3.19;1;1;0;1;1;0;1;1;0;0;0;0;0;0;-1;-1;-1;-1;-1;-1;-1;-1;-1;24;36;67;89;100;42;78;94;61;8.92;2.78;4.07;3.22;Swansea City U23;West Ham United U23;0.36;1.45;0.44;1.5;0.89;0.94;77;64;34;11;0;57;42;36;1.48;1.24;2.72;1676;22;Y;Y;Y;N;N;N;N
469969;6286;6267;2018/2019;complete;3676;20;-1;52,90;86,90;2;2;4;4;8;12;0;1;1;1;0;0;6;8;8;6;14;14;9;8;51;49;1;1;1.71;3.85;4;1;1.13;1.49;2.25;4;12.25;4.9;2.4;1.57;1.22;1.5;2.35;0;0;0;0;1.22;1.25;2.1;2.25;2.36;4.35;2.05;2.62;3.9;0;0;0;0;0;0;0;0;0;0;0;0;0;0;0;1.5;15;2.6;3.4;9;0;0;0;0;0;0;0;0;1.22;2.26;5.2;11;3.8;1.58;1.13;1.01;0;0;0;0;4;0;0;2;2;4;0;2019-04-05 18:00:00;-1;0;56;6;17;0;1;1;2;3;2;5;5;7;0;0;1;1;0;2;1;34;41;61;60;1.54;1.73;3.28;0;0;0;0;0;0;1;1;0;0;0;2;0;0;-1;-1;-1;-1;-1;-1;-1;-1;-1;22;39;67;78;84;39;84;73;50;7.45;3;3.77;3.12;Brighton U23;Swansea City U23;1.64;1.18;1.89;1.33;1.79;0.84;78;61;33;22;17;73;50;44;1.42;1.28;2.7;1676;22;Y;Y;Y;Y;N;N;Y
469970;6270;6273;2018/2019;complete;3676;20;-1;17,43,59,78;2,69,74;4;3;7;5;2;7;3;1;1;2;0;0;10;7;5;10;15;17;21;17;57;43;1;2;3.05;3.65;2;1.02;1.23;1.87;3.04;6.5;10;3.65;1.95;1.32;1.08;1.6;2.2;0;0;0;0;1.53;1.25;1.53;3.3;2.13;3.06;3.05;2.38;2.85;0;0;0;0;0;0;0;0;0;0;0;0;0;0;0;2.1;11;1.83;4.75;4.4;0;0;0;0;0;0;0;0;1.29;2.61;6.5;17;3.3;1.44;1.08;1.01;0;0;0;0;7;2;1;2;2;4;3;2019-04-07 12:00:00;6270;0;50;22;33;0;1;1;4;1;1;1;5;2;0;0;1;2;0;3;1;27;27;47;46;1.83;1.75;3.58;0;1;0;1;0;0;1;1;0;1;1;0;0;0;-1;-1;-1;-1;-1;-1;-1;-1;-1;22;28;50;67;95;34;78;73;45;10.36;4.11;4.22;3;Manchester City U23;Everton U23;1.73;1.36;1.44;1.67;1.26;2;78;73;50;33;6;71;46;29;1.45;1.49;2.94;1676;22;Y;Y;Y;Y;Y;Y;Y
469971;6274;6275;2018/2019;complete;3676;20;-1;21,26,33,61,78;;5;0;5;5;5;10;1;2;0;3;0;0;10;5;6;8;16;13;8;11;55;45;0;3;1.83;3.65;3.6;1.01;1.18;1.62;2.55;4.8;10.75;4.2;2.1;1.43;1.15;1.59;2.2;0;0;0;0;1.33;1.25;1.83;2.46;2.28;3.94;2.3;2.45;3.5;0;0;0;0;0;0;0;0;0;0;0;0;0;0;0;1.62;13;2.38;3.6;7;0;0;0;0;0;0;0;0;1.29;2.38;6.5;13;3.3;1.53;1.08;1.01;0;0;0;0;5;3;0;2;0;2;3;2019-04-08 18:00:00;6274;0;56;6;39;0;1;1;3;3;2;2;6;4;0;0;0;3;0;3;1;54;42;83;69;2.09;1.47;3.57;0;0;0;0;0;0;1;1;0;0;2;2;0;0;-1;-1;-1;-1;-1;-1;-1;-1;-1;22;45;56;73;95;33;84;78;56;9.44;4.11;3.11;3.17;Arsenal U23;Derby County U23;1.91;1.45;1.67;1.78;1.47;1.53;78;56;45;28;6;56;45;28;1.56;1.54;3.1;1676;22;Y;Y;Y;Y;Y;N;N
469972;6266;6276;2018/2019;complete;3676;20;-1;41,51,87;3,28;3;2;5;4;4;8;2;5;2;3;0;0;4;10;4;4;8;14;11;6;50;50;2;3;2.4;3.65;2.4;1.01;1.11;1.53;2.38;3.84;13;5.5;2.4;1.6;1.21;1.4;2.75;3.75;1.18;0;0;1.4;1.25;1.67;2.79;2.34;3.2;2.6;2.61;3.02;0;0;0;0;0;0;0;0;0;0;0;0;0;0;0;1.91;14;1.91;4.5;5.15;0;0;0;0;0;0;0;0;1.22;2.15;5.5;13;3.9;1.64;1.11;1.01;0;0;0;0;5;1;2;2;0;2;3;2019-04-06 14:00:00;6266;0;67;33;33;0;1;1;3;1;1;3;4;4;0;0;2;3;0;5;1;51;50;93;93;1.16;1.95;3.11;1;0;1;0;0;0;1;1;0;1;0;1;0;0;-1;-1;-1;-1;-1;-1;-1;-1;-1;22;28;56;89;100;39;89;78;45;11.64;3.34;2.67;3.17;Liverpool U23;Chelsea U23;1.36;2;1.33;2.11;1.47;1.47;78;73;44;11;0;68;57;45;1.85;1.48;3.33;1676;22;Y;Y;Y;Y;Y;N;Y
469973;6269;6285;2018/2019;complete;3676;20;-1;;3,14,83;0;3;3;2;8;10;1;1;1;4;0;0;4;7;2;5;6;12;21;21;52;48;1;4;2.45;3.35;2.55;1.01;1.2;1.67;2.7;5.5;10.25;3.95;2.05;1.39;1.14;1.57;2.2;0;0;0;0;1.36;1.29;1.67;2.88;2.21;3.34;2.7;2.38;3;0;0;0;0;0;0;0;0;0;0;0;0;0;0;0;1.91;12;2;4.33;5;0;0;0;0;0;0;0;0;1.29;2.42;6.5;17;3.3;1.51;1.08;1.01;0;0;0;0;3;0;2;0;1;1;2;2019-04-08 18:00:00;6285;0;62;28;11;0;1;1;1;4;1;4;5;5;0;1;1;3;1;4;1;42;40;79;61;0.97;1.53;2.5;0;1;0;1;0;0;1;1;0;1;0;2;0;0;-1;-1;-1;-1;-1;-1;-1;-1;-1;11;44;56;89;100;50;89;78;39;11.11;3.89;3.78;3;Tottenham Hotspur U23;Blackburn Rovers U23;1.18;1.55;1.11;1.22;1.16;1.16;89;56;45;11;0;64;53;41;1.28;1.53;2.81;1676;22;Y;Y;Y;N;N;N;N
469974;6265;6272;2018/2019;complete;3676;20;-1;76;;1;0;1;3;8;11;1;3;1;1;0;0;2;6;3;2;5;8;12;12;50;50;1;1;2.4;3.65;2.4;1.01;1.17;1.72;2.72;4.8;11;4.5;2.15;1.39;1.14;1.5;2.4;0;0;0;0;1.4;1.25;1.67;2.8;2.28;3.35;2.6;2.52;3.15;0;0;0;0;0;0;0;0;0;0;0;0;0;0;0;1.83;12;2.1;4.4;5.5;0;0;0;0;0;0;0;0;1.29;2.42;6.5;17;3.3;1.51;1.08;1.01;0;0;0;0;1;0;0;1;0;1;0;2019-04-07 12:00:00;6265;0;56;28;33;0;1;1;3;2;0;6;5;6;0;0;1;1;0;2;1;28;25;40;37;0.66;1.1;1.76;1;0;1;0;0;0;1;1;0;0;0;0;0;0;-1;-1;-1;-1;-1;-1;-1;-1;-1;28;39;50;73;100;56;84;78;39;9.44;3.11;4;3.56;West Ham United U23;Leicester City U23;0.91;0.91;0.44;1.11;1;1.32;73;61;50;28;0;62;50;44;1.56;1.48;3.04;1676;22;Y;N;N;N;N;N;N
469975;6285;6270;2018/2019;complete;3676;21;-1;53,64,77;83;3;1;4;5;3;8;2;3;4;1;0;0;6;3;8;12;14;15;14;9;32;68;4;1;2.35;3.4;2.65;1;1.13;1.49;2.25;4;12.25;4.9;2.4;1.57;1.22;1.43;2.55;0;0;0;0;1.4;1.25;1.73;2.66;2.35;3.36;2.45;2.6;3;0;0;0;0;0;0;0;0;0;0;0;0;0;0;0;1.73;14;2.1;4.6;6.5;0;0;0;0;0;0;0;0;1.22;2.08;5.5;13;3.8;1.68;1.11;1.01;0;0;0;0;4;0;0;3;1;4;0;2019-04-15 18:00:00;6285;0;55;15;30;0;1;1;3;2;2;1;5;3;1;0;3;1;1;4;1;20;41;44;64;1.44;1.45;2.89;1;1;1;1;0;0;1;1;0;0;1;0;0;0;-1;-1;-1;-1;-1;-1;-1;-1;-1;25;50;65;80;90;55;80;75;55;12.83;4.1;4.9;3.55;Blackburn Rovers U23;Manchester City U23;1.27;1;1.1;1.1;1.25;1.35;75;50;35;20;10;64;53;43;1.57;1.46;3.03;1676;22;Y;Y;Y;Y;N;N;Y
469976;6276;6274;2018/2019;complete;3676;21;-1;83;8,29,44;1;3;4;5;5;10;1;2;1;2;0;0;6;6;10;4;16;10;9;13;57;43;1;2;2.6;3.55;2.3;1.01;1.16;1.56;2.4;4.5;11.5;4.45;2.25;1.49;1.18;1.49;2.4;0;0;0;0;1.8;1.25;1.36;3.6;2.42;2.45;3;2.6;2.45;0;0;0;0;0;0;0;0;0;0;0;0;0;0;0;2.2;13;1.73;5.8;4.8;0;0;0;0;0;0;0;0;1.29;2.07;5.5;13;3.3;1.69;1.11;1.01;0;0;0;0;4;0;3;1;0;1;3;2019-04-15 18:00:00;6274;0;60;15;35;0;1;1;0;1;5;4;1;9;1;1;0;1;2;1;1;47;31;81;79;1.77;1.28;3.05;0;0;0;0;0;0;1;1;0;1;0;0;0;0;-1;-1;-1;-1;-1;-1;-1;-1;-1;30;45;50;80;90;35;85;80;45;9.73;1.9;3.6;3.25;Chelsea U23;Arsenal U23;0.82;1.45;0.9;1.3;1.4;1.55;70;55;50;20;10;60;39;39;1.58;1.21;2.79;1676;22;Y;Y;Y;Y;N;N;Y
469977;6275;6265;2018/2019;complete;3676;21;-1;16,64;59,83;2;2;4;4;7;11;2;0;3;2;0;0;6;11;3;5;9;16;10;13;45;55;3;2;2.1;3.45;2.95;1.01;1.19;1.65;2.65;3.9;10.5;4.05;2.1;1.42;1.14;1.57;2.25;0;0;0;0;1.4;1.25;1.67;2.7;2.15;3.3;0;0;0;0;0;0;0;0;0;0;0;0;0;0;0;0;0;0;1.87;17;2;4.6;5.5;0;0;0;0;0;0;0;0;1.3;2.18;5.5;15;3.2;1.62;1.12;1.03;0;0;0;0;4;1;0;1;2;3;1;2019-04-15 18:00:00;-1;0;50;20;25;0;1;1;1;2;3;5;3;8;1;2;2;0;3;2;1;23;34;48;72;1.15;2.02;3.18;0;0;0;0;0;0;1;1;0;0;1;0;1;0;-1;-1;-1;-1;-1;-1;-1;-1;-1;20;40;65;70;100;35;75;75;55;9.9;3.8;3.5;3.05;Derby County U23;West Ham United U23;1.27;1.45;1.3;1.5;1.45;1.1;80;60;35;30;0;75;65;45;1.51;1.3;2.81;1676;22;Y;Y;Y;Y;N;N;Y
469978;6273;6286;2018/2019;complete;3676;21;-1;22;;1;0;1;6;5;11;3;1;0;1;0;0;5;3;9;9;14;12;11;8;45;55;0;1;1.91;3.4;3.5;1.02;1.25;1.83;3.05;6.5;9;3.5;1.87;1.31;1.1;1.74;1.95;0;0;0;0;1.36;1.29;1.67;2.8;2.06;3.9;2.6;2.3;3.3;0;0;0;0;0;0;0;0;0;0;0;0;0;0;0;1.73;9.5;2.3;3.6;6;0;0;0;0;0;0;0;0;1.36;2.81;7.5;19;2.88;1.39;1.06;1;0;0;0;0;1;1;0;0;0;0;1;2019-04-15 18:00:00;6273;0;45;10;25;0;1;1;4;1;2;4;5;6;0;1;0;0;1;0;1;48;49;93;104;1.58;1.33;2.91;0;1;0;0;0;1;1;1;0;0;1;0;0;0;-1;-1;-1;-1;-1;-1;-1;-1;-1;20;30;35;60;90;35;65;70;40;7.4;3.5;1.6;2.45;Everton U23;Brighton U23;2.36;1.55;2.3;1.7;1.9;1.75;80;70;65;40;10;65;45;30;1.59;1.48;3.07;1676;22;Y;N;N;N;N;N;N
469979;6267;6269;2018/2019;complete;3676;21;-1;44;40,80;1;2;3;7;1;8;1;1;4;2;0;0;4;6;5;10;9;16;13;9;51;49;4;2;2.6;3.5;2.35;1.01;1.16;1.57;2.45;4.8;11.25;4.4;2.25;1.48;1.18;1.49;2.4;0;0;0;0;1.36;1.29;1.73;2.69;2.32;3.38;2.45;2.6;3;0;0;0;0;0;0;0;0;0;0;0;0;0;0;0;1.73;13;2.1;4.4;6;0;0;0;0;0;0;0;0;1.29;2.3;6.5;13;3.3;1.56;1.08;1.01;0;0;0;0;3;1;1;0;1;1;2;2019-04-15 18:00:00;6269;0;65;25;10;0;1;1;4;0;3;1;4;4;3;0;1;2;3;3;1;34;32;49;52;1.09;1.65;2.74;0;0;0;0;0;0;1;1;0;0;1;0;0;0;-1;-1;-1;-1;-1;-1;-1;-1;-1;15;20;45;85;100;40;75;85;35;8.33;1.8;5.1;2.7;Swansea City U23;Tottenham Hotspur U23;0.36;1.36;0.4;1.2;0.85;1.1;85;80;55;15;0;64;47;35;1.48;1.08;2.56;1676;22;Y;Y;Y;N;N;N;Y
469980;6272;6266;2018/2019;complete;3676;21;-1;;6,17,27,50,56,81;0;6;6;7;3;10;0;2;1;0;0;0;6;11;9;7;15;18;9;8;41;59;1;0;2.75;3.8;2.1;1.01;1.15;1.53;2.35;4.8;11.75;4.6;2.3;1.51;1.19;1.5;2.4;0;0;0;0;2.1;1.22;1.25;4.2;2.68;2.05;3.9;2.6;2.05;0;0;0;0;0;0;0;0;0;0;0;0;0;0;0;2.4;13;1.57;7.5;3.25;0;0;0;0;0;0;0;0;1.29;2.24;5.5;13;3.3;1.59;1.11;1.01;0;0;0;0;6;0;3;0;3;3;3;2019-04-14 12:00:00;6266;0;55;15;35;0;1;1;3;2;4;1;5;5;1;0;0;0;1;0;1;31;40;51;65;1.58;2.19;3.77;0;1;0;1;0;0;1;1;0;1;2;0;0;0;-1;-1;-1;-1;-1;-1;-1;-1;-1;5;25;50;65;85;35;65;65;45;10.7;3.8;2.2;2.3;Leicester City U23;Liverpool U23;1.36;1.73;1.5;1.6;1.25;1.55;95;75;50;35;15;75;70;45;1.58;1.53;3.11;1676;22;Y;Y;Y;Y;Y;Y;N
469981;6274;6272;2018/2019;complete;3676;22;-1;3,4,9;;3;0;3;7;0;7;4;1;1;2;0;0;10;2;7;6;17;8;9;7;55;45;1;2;1.74;3.75;3.85;1;1.11;1.42;2.05;3.8;13.25;5.35;2.65;1.67;1.26;1.43;2.55;0;0;0;0;1.25;1.22;2.1;2.03;2.53;4.75;2;2.7;3.9;0;0;0;0;0;0;0;0;0;0;0;0;0;0;0;1.44;15;2.7;3.6;9;0;0;0;0;0;0;0;0;1.25;2.05;4.5;10;3.75;1.7;1.17;1.04;0;0;0;0;3;3;0;0;0;0;3;2019-04-26 18:00:00;6274;0;40;5;30;0;1;1;5;0;2;0;5;2;0;0;1;2;0;3;1;37;21;69;39;2.03;0.79;2.83;1;0;1;0;0;0;1;1;3;0;0;0;0;0;-1;-1;-1;-1;-1;-1;-1;-1;-1;20;40;50;65;95;40;75;75;50;10.68;3.3;3.6;3.1;Arsenal U23;Leicester City U23;1.91;0.91;1.8;1;1.62;1.19;80;60;50;35;5;72;65;45;1.62;1.43;3.05;1676;22;Y;Y;Y;N;N;N;N
469982;6270;6267;2018/2019;complete;3676;22;-1;11,30,83;15;3;1;4;9;3;12;1;1;1;2;0;0;10;4;10;5;20;9;17;6;65;35;1;2;1.57;4.05;4.6;1;1.13;1.47;2.2;3.48;12.5;5;2.45;1.59;1.23;1.54;2.3;2.85;1.31;0;0;1.18;1.22;2.15;2.11;2.51;4.4;1.95;2.88;4.2;0;0;0;0;0;0;0;0;0;0;0;0;0;0;0;1.55;10.5;2.79;3.25;7;0;0;0;0;0;0;0;0;1.25;2.15;4.5;10;3.75;1.64;1.17;1.04;0;0;0;0;4;2;1;1;0;1;3;2019-04-29 18:00:00;6270;0;65;25;35;0;1;1;4;2;5;1;6;6;0;0;1;2;0;3;1;37;18;64;28;2.22;0.97;3.19;0;0;0;0;0;0;1;1;0;0;1;1;0;0;-1;-1;-1;-1;-1;-1;-1;-1;-1;40;55;70;80;90;55;80;75;55;9.22;3.7;4.4;4;Manchester City U23;Swansea City U23;1.73;1.18;1.6;1.3;1.29;0.81;60;45;30;20;10;68;36;36;1.49;1.33;2.82;1676;22;Y;Y;Y;Y;N;N;Y
469983;6286;6276;2018/2019;complete;3676;22;-1;26;23,43;1;2;3;9;7;16;1;1;0;0;0;0;6;5;6;6;12;11;11;9;56;44;0;0;2.05;3.55;3.05;1.01;1.15;1.53;2.35;3.74;11.75;4.6;2.3;1.51;1.19;1.49;2.4;0;0;0;0;1.35;1.27;1.69;2.55;2.36;3.54;2.38;2.5;3.25;0;0;0;0;0;0;0;0;0;0;0;0;0;0;0;1.82;9.6;2.25;4.5;5.8;0;0;0;0;0;0;0;0;1.3;2.31;5;12;3.4;1.56;1.14;1.02;0;0;0;0;3;1;2;0;0;0;3;2019-05-03 18:00:00;6276;0;60;25;25;0;1;-1;3;5;6;2;8;8;0;0;0;0;0;0;1;40;34;70;58;1.47;1.29;2.75;0;0;0;0;0;0;1;1;0;0;1;0;-1;-1;-1;-1;-1;-1;-1;-1;-1;-1;-1;20;30;65;80;95;35;85;80;50;8.6;3.3;2.7;3.1;Brighton U23;Chelsea U23;1.64;2;1.8;1.9;1.67;1.33;80;70;35;20;5;70;55;40;1.43;1.52;2.95;1676;22;Y;Y;Y;N;N;N;Y
469984;6266;6285;2018/2019;complete;3676;22;-1;84;24,41;1;2;3;5;8;13;2;1;1;2;0;0;5;4;4;9;9;13;12;12;58;42;1;2;1.53;4.2;4.9;1.01;1.11;1.57;2.34;3.84;17;5.5;2.35;1.62;1.21;1.5;2.5;2.6;1.38;0;0;1.17;1.22;2.38;2.05;2.42;5.05;1.91;2.71;4.85;0;0;0;0;0;0;0;0;0;0;0;0;0;0;0;1.48;18.5;2.71;3;7.5;0;0;0;0;0;0;0;0;1.21;2.15;4.6;9.75;3.5;1.64;1.12;1.01;0;0;0;0;3;0;2;1;0;1;2;2019-04-28 15:00:00;6285;0;65;25;25;0;1;1;2;1;3;7;3;10;0;0;1;2;0;3;1;45;33;90;77;1.25;1.34;2.59;0;0;0;0;0;0;1;1;0;0;1;1;0;0;-1;-1;-1;-1;-1;-1;-1;-1;-1;20;40;65;95;100;45;95;80;50;12.72;3.6;3.8;3.2;Liverpool U23;Blackburn Rovers U23;1.36;1.55;1.5;1.4;1.62;1.33;80;60;35;5;0;53;47;36;1.77;1.53;3.3;1676;22;Y;Y;Y;N;N;N;Y
469985;6269;6275;2018/2019;complete;3676;22;-1;7,45,81;31;3;1;4;4;4;8;1;2;1;1;0;0;4;4;5;5;9;9;12;12;46;54;1;1;2.25;3.35;2.75;1.01;1.18;1.61;2.55;5.5;10.75;4.2;2.15;1.44;1.16;1.51;2.35;3.85;1.18;0;0;1.53;1.3;1.5;3.13;2.31;2.89;2.8;2.45;2.8;0;0;0;0;0;0;0;0;0;0;0;0;0;0;0;1.83;12;2.1;4.85;4.4;0;0;0;0;0;0;0;0;1.29;2.33;6.5;17;3.3;1.55;1.08;1.01;0;0;0;0;4;2;1;1;0;1;3;2019-04-29 18:00:00;6269;0;55;15;20;0;1;1;3;1;1;3;4;4;0;0;1;1;0;2;1;40;40;59;60;1.14;1.14;2.27;0;0;0;0;0;0;1;1;1;0;0;0;0;0;-1;-1;-1;-1;-1;-1;-1;-1;-1;20;40;50;80;100;45;85;80;35;9;3.9;3.2;2.9;Tottenham Hotspur U23;Derby County U23;1.18;1.45;1;1.6;1.19;1.43;80;60;50;20;0;60;45;30;1.25;1.53;2.78;1676;22;Y;Y;Y;Y;N;N;Y
469986;6265;6273;2018/2019;complete;3676;22;-1;25,60;81;2;1;3;7;4;11;3;3;2;2;0;0;7;5;2;4;9;9;15;9;56;44;2;2;2.85;3.5;2.15;1;1.15;1.53;2.3;4.5;11.75;4.65;2.3;1.53;1.19;1.48;2.45;3.9;1.17;0;0;1.53;1.29;1.5;3.05;2.36;2.88;2.8;2.5;2.7;0;0;0;0;0;0;0;0;0;0;0;0;0;0;0;2;13;1.83;4.8;4.5;0;0;0;0;0;0;0;0;1.29;2.27;6.5;13;3.3;1.58;1.08;1.01;0;0;0;0;3;1;0;1;1;2;1;2019-04-29 18:00:00;6265;0;55;35;35;0;1;1;7;2;0;2;9;2;1;1;1;1;2;2;1;29;26;53;43;1.27;1.1;2.37;0;0;0;0;0;0;1;1;0;0;0;1;0;0;-1;-1;-1;-1;-1;-1;-1;-1;-1;25;35;50;70;95;45;75;80;45;9.1;3.7;3.7;3.3;West Ham United U23;Everton U23;0.91;1.36;0.7;1.5;1.1;1.95;75;65;50;30;5;70;60;40;1.47;1.52;2.99;1676;22;Y;Y;Y;N;N;N;Y
