ID;HOMEID;AWAYID;SEASON;STATUS;ROUNDID;GAME_WEEK;REVISED_GAME_WEEK;HOMEGOALS;AWAYGOALS;HOMEGOALCOUNT;AWAYGOALCOUNT;TOTALGOALCOUNT;TEAM_A_CORNERS;TEAM_B_CORNERS;TOTALCORNERCOUNT;TEAM_A_OFFSIDES;TEAM_B_OFFSIDES;TEAM_A_YELLOW_CARDS;TEAM_B_YELLOW_CARDS;TEAM_A_RED_CARDS;TEAM_B_RED_CARDS;TEAM_A_SHOTSONTARGET;TEAM_B_SHOTSONTARGET;TEAM_A_SHOTSOFFTARGET;TEAM_B_SHOTSOFFTARGET;TEAM_A_SHOTS;TEAM_B_SHOTS;TEAM_A_FOULS;TEAM_B_FOULS;TEAM_A_POSSESSION;TEAM_B_POSSESSION;TEAM_A_CARDS_NUM;TEAM_B_CARDS_NUM;ODDS_FT_1;ODDS_FT_X;ODDS_FT_2;ODDS_FT_OVER05;ODDS_FT_OVER15;ODDS_FT_OVER25;ODDS_FT_OVER35;ODDS_FT_OVER45;ODDS_FT_UNDER05;ODDS_FT_UNDER15;ODDS_FT_UNDER25;ODDS_FT_UNDER35;ODDS_FT_UNDER45;ODDS_BTTS_YES;ODDS_BTTS_NO;ODDS_TEAM_A_CS_YES;ODDS_TEAM_A_CS_NO;ODDS_TEAM_B_CS_YES;ODDS_TEAM_B_CS_NO;ODDS_DOUBLECHANCE_1X;ODDS_DOUBLECHANCE_12;ODDS_DOUBLECHANCE_X2;ODDS_1ST_HALF_RESULT_1;ODDS_1ST_HALF_RESULT_X;ODDS_1ST_HALF_RESULT_2;ODDS_2ND_HALF_RESULT_1;ODDS_2ND_HALF_RESULT_X;ODDS_2ND_HALF_RESULT_2;ODDS_DNB_1;ODDS_DNB_2;ODDS_CORNERS_OVER_75;ODDS_CORNERS_OVER_85;ODDS_CORNERS_OVER_95;ODDS_CORNERS_OVER_105;ODDS_CORNERS_OVER_115;ODDS_CORNERS_UNDER_75;ODDS_CORNERS_UNDER_85;ODDS_CORNERS_UNDER_95;ODDS_CORNERS_UNDER_105;ODDS_CORNERS_UNDER_115;ODDS_CORNERS_1;ODDS_CORNERS_X;ODDS_CORNERS_2;ODDS_TEAM_TO_SCORE_FIRST_1;ODDS_TEAM_TO_SCORE_FIRST_X;ODDS_TEAM_TO_SCORE_FIRST_2;ODDS_WIN_TO_NIL_1;ODDS_WIN_TO_NIL_2;ODDS_1ST_HALF_OVER05;ODDS_1ST_HALF_OVER15;ODDS_1ST_HALF_OVER25;ODDS_1ST_HALF_OVER35;ODDS_1ST_HALF_UNDER05;ODDS_1ST_HALF_UNDER15;ODDS_1ST_HALF_UNDER25;ODDS_1ST_HALF_UNDER35;ODDS_2ND_HALF_OVER05;ODDS_2ND_HALF_OVER15;ODDS_2ND_HALF_OVER25;ODDS_2ND_HALF_OVER35;ODDS_2ND_HALF_UNDER05;ODDS_2ND_HALF_UNDER15;ODDS_2ND_HALF_UNDER25;ODDS_2ND_HALF_UNDER35;ODDS_BTTS_1ST_HALF_YES;ODDS_BTTS_1ST_HALF_NO;ODDS_BTTS_2ND_HALF_YES;ODDS_BTTS_2ND_HALF_NO;OVERALLGOALCOUNT;HT_GOALS_TEAM_A;HT_GOALS_TEAM_B;GOALS_2HG_TEAM_A;GOALS_2HG_TEAM_B;GOALCOUNT_2HG;HTGOALCOUNT;DATE_UNIX;WINNINGTEAM;NO_HOME_AWAY;BTTS_POTENTIAL;BTTS_FHG_POTENTIAL;BTTS_2HG_POTENTIAL;GOALTIMINGDISABLED;CORNER_TIMINGS_RECORDED;CARD_TIMINGS_RECORDED;TEAM_A_FH_CORNERS;TEAM_B_FH_CORNERS;TEAM_A_2H_CORNERS;TEAM_B_2H_CORNERS;CORNER_FH_COUNT;CORNER_2H_COUNT;TEAM_A_FH_CARDS;TEAM_B_FH_CARDS;TEAM_A_2H_CARDS;TEAM_B_2H_CARDS;TOTAL_FH_CARDS;TOTAL_2H_CARDS;ATTACKS_RECORDED;TEAM_A_DANGEROUS_ATTACKS;TEAM_B_DANGEROUS_ATTACKS;TEAM_A_ATTACKS;TEAM_B_ATTACKS;TEAM_A_XG;TEAM_B_XG;TOTAL_XG;TEAM_A_PENALTIES_WON;TEAM_B_PENALTIES_WON;TEAM_A_PENALTY_GOALS;TEAM_B_PENALTY_GOALS;TEAM_A_PENALTY_MISSED;TEAM_B_PENALTY_MISSED;PENS_RECORDED;GOAL_TIMINGS_RECORDED;TEAM_A_0_10_MIN_GOALS;TEAM_B_0_10_MIN_GOALS;TEAM_A_CORNERS_0_10_MIN;TEAM_B_CORNERS_0_10_MIN;TEAM_A_CARDS_0_10_MIN;TEAM_B_CARDS_0_10_MIN;THROWINS_RECORDED;TEAM_A_THROWINS;TEAM_B_THROWINS;FREEKICKS_RECORDED;TEAM_A_FREEKICKS;TEAM_B_FREEKICKS;GOALKICKS_RECORDED;TEAM_A_GOALKICKS;TEAM_B_GOALKICKS;O45_POTENTIAL;O35_POTENTIAL;O25_POTENTIAL;O15_POTENTIAL;O05_POTENTIAL;O15HT_POTENTIAL;O05HT_POTENTIAL;O05_2H_POTENTIAL;O15_2H_POTENTIAL;CORNERS_POTENTIAL;OFFSIDES_POTENTIAL;CARDS_POTENTIAL;AVG_POTENTIAL;HOME_NAME;AWAY_NAME;HOME_PPG;AWAY_PPG;PRE_MATCH_HOME_PPG;PRE_MATCH_AWAY_PPG;PRE_MATCH_TEAMA_OVERALL_PPG;PRE_MATCH_TEAMB_OVERALL_PPG;U45_POTENTIAL;U35_POTENTIAL;U25_POTENTIAL;U15_POTENTIAL;U05_POTENTIAL;CORNERS_O85_POTENTIAL;CORNERS_O95_POTENTIAL;CORNERS_O105_POTENTIAL;TEAM_A_XG_PREMATCH;TEAM_B_XG_PREMATCH;TOTAL_XG_PREMATCH;COMPETITION_ID;MATCHES_COMPLETED_MINIMUM;OVER05;OVER15;OVER25;OVER35;OVER45;OVER55;BTTS
299393;6274;6277;2016/2017;complete;1957;0;-1;;70,80;0;2;2;1;4;5;1;5;1;0;0;0;3;5;3;7;6;12;8;12;41;59;1;0;0;0;0;0;0;0;0;0;0;0;0;0;0;0;0;0;0;0;0;0;0;0;0;0;0;0;0;0;0;0;0;0;0;0;0;0;0;0;0;0;0;0;0;0;0;0;0;0;0;0;0;0;0;0;0;0;0;0;0;0;0;0;0;0;0;0;0;0;2;0;0;0;2;2;0;2016-08-12 18:00:00;6277;0;0;0;0;0;-1;1;-1;-1;-1;-1;-1;-1;0;0;1;0;0;1;-1;0;0;0;0;0;0;0;0;0;0;0;0;0;1;1;0;0;-1;-1;0;0;-1;-1;-1;-1;-1;-1;-1;-1;-1;0;0;0;0;0;0;0;0;0;0;0;0;0;Arsenal U23;Reading U23;1.64;0.64;0;0;0;0;0;0;0;0;0;0;0;0;0;0;0;1010;22;Y;Y;N;N;N;N;N
299394;6268;6276;2016/2017;complete;1957;0;-1;61;70;1;1;2;3;4;7;2;1;2;0;0;0;4;6;4;3;8;9;13;6;35;65;2;0;0;0;0;0;0;0;0;0;0;0;0;0;0;0;0;0;0;0;0;0;0;0;0;0;0;0;0;0;0;0;0;0;0;0;0;0;0;0;0;0;0;0;0;0;0;0;0;0;0;0;0;0;0;0;0;0;0;0;0;0;0;0;0;0;0;0;0;0;2;0;0;1;1;2;0;2016-08-14 11:05:00;-1;0;0;0;0;0;-1;1;-1;-1;-1;-1;-1;-1;1;0;1;0;1;1;-1;0;0;0;0;0;0;0;0;0;0;0;0;0;1;1;0;0;-1;-1;1;0;-1;-1;-1;-1;-1;-1;-1;-1;-1;0;0;0;0;0;0;0;0;0;0;0;0;0;Sunderland U23;Chelsea U23;1.09;0.82;0;0;0;0;0;0;0;0;0;0;0;0;0;0;0;1010;22;Y;Y;N;N;N;N;Y
299395;6266;6278;2016/2017;complete;1957;0;-1;36;12,17,52,69;1;4;5;4;2;6;3;2;3;3;0;0;4;6;6;1;10;7;10;11;49;51;3;3;0;0;0;0;0;0;0;0;0;0;0;0;0;0;0;0;0;0;0;0;0;0;0;0;0;0;0;0;0;0;0;0;0;0;0;0;0;0;0;0;0;0;0;0;0;0;0;0;0;0;0;0;0;0;0;0;0;0;0;0;0;0;0;0;0;0;0;0;5;1;2;0;2;2;3;2016-08-14 12:00:00;6278;0;0;0;0;0;-1;1;-1;-1;-1;-1;-1;-1;0;1;3;2;1;5;-1;0;0;0;0;0;0;0;0;0;0;0;0;0;1;1;0;0;-1;-1;0;0;-1;-1;-1;-1;-1;-1;-1;-1;-1;0;0;0;0;0;0;0;0;0;0;0;0;0;Liverpool U23;Southampton U23;2.18;0.73;0;0;0;0;0;0;0;0;0;0;0;0;0;0;0;1010;22;Y;Y;Y;Y;Y;N;Y
299396;6269;6273;2016/2017;complete;1957;0;-1;;79,85;0;2;2;5;2;7;3;3;1;2;0;0;3;5;3;2;6;7;16;17;60;40;1;2;0;0;0;0;0;0;0;0;0;0;0;0;0;0;0;0;0;0;0;0;0;0;0;0;0;0;0;0;0;0;0;0;0;0;0;0;0;0;0;0;0;0;0;0;0;0;0;0;0;0;0;0;0;0;0;0;0;0;0;0;0;0;0;0;0;0;0;0;2;0;0;0;2;2;0;2016-08-15 18:00:00;6273;0;0;0;0;0;-1;1;-1;-1;-1;-1;-1;-1;0;0;1;2;0;3;-1;0;0;0;0;0;0;0;1;0;0;0;1;0;1;1;0;0;-1;-1;0;0;-1;-1;-1;-1;-1;-1;-1;-1;-1;0;0;0;0;0;0;0;0;0;0;0;0;0;Tottenham Hotspur U23;Everton U23;1.27;2.09;0;0;0;0;0;0;0;0;0;0;0;0;0;0;0;1010;22;Y;Y;N;N;N;N;N
299397;6271;6272;2016/2017;complete;1957;0;-1;87;;1;0;1;2;10;12;2;1;0;0;0;0;4;9;0;11;4;20;9;9;45;55;0;0;0;0;0;0;0;0;0;0;0;0;0;0;0;0;0;0;0;0;0;0;0;0;0;0;0;0;0;0;0;0;0;0;0;0;0;0;0;0;0;0;0;0;0;0;0;0;0;0;0;0;0;0;0;0;0;0;0;0;0;0;0;0;0;0;0;0;0;0;1;0;0;1;0;1;0;2016-08-15 18:00:00;6271;0;0;0;0;0;-1;-1;-1;-1;-1;-1;-1;-1;0;0;0;0;0;0;-1;0;0;0;0;0;0;0;0;0;0;0;0;0;1;1;0;0;-1;-1;-1;-1;-1;-1;-1;-1;-1;-1;-1;-1;-1;0;0;0;0;0;0;0;0;0;0;0;0;0;Manchester United U23;Leicester City U23;1.36;0.82;0;0;0;0;0;0;0;0;0;0;0;0;0;0;0;1010;22;Y;N;N;N;N;N;N
299398;6275;6270;2016/2017;complete;1957;0;-1;10,45;64,70,77;2;3;5;4;1;5;5;1;3;3;0;0;4;5;3;6;7;11;6;12;41;59;3;3;0;0;0;0;0;0;0;0;0;0;0;0;0;0;0;0;0;0;0;0;0;0;0;0;0;0;0;0;0;0;0;0;0;0;0;0;0;0;0;0;0;0;0;0;0;0;0;0;0;0;0;0;0;0;0;0;0;0;0;0;0;0;0;0;0;0;0;0;5;2;0;0;3;3;2;2016-08-15 18:00:00;6270;0;0;0;0;0;-1;1;-1;-1;-1;-1;-1;-1;2;2;1;1;4;2;-1;0;0;0;0;0;0;0;1;0;0;0;1;0;1;1;1;0;-1;-1;0;0;-1;-1;-1;-1;-1;-1;-1;-1;-1;0;0;0;0;0;0;0;0;0;0;0;0;0;Derby County U23;Manchester City U23;1.36;1.82;0;0;0;0;0;0;0;0;0;0;0;0;0;0;0;1010;22;Y;Y;Y;Y;Y;N;Y
299399;6270;6274;2016/2017;complete;1957;0;-1;32;;1;0;1;5;3;8;0;2;1;3;0;0;6;4;1;4;7;8;9;7;50;50;1;3;0;0;0;0;0;0;0;0;0;0;0;0;0;0;0;0;0;0;0;0;0;0;0;0;0;0;0;0;0;0;0;0;0;0;0;0;0;0;0;0;0;0;0;0;0;0;0;0;0;0;0;0;0;0;0;0;0;0;0;0;0;0;0;0;0;0;0;0;1;1;0;0;0;0;1;2016-08-19 18:00:00;6270;0;0;0;0;0;-1;1;-1;-1;-1;-1;-1;-1;1;1;0;2;2;2;-1;0;0;0;0;0;0;0;0;0;0;0;0;0;1;1;0;0;-1;-1;0;0;-1;-1;-1;-1;-1;-1;-1;-1;-1;0;0;0;0;0;0;0;0;0;0;0;0;0;Manchester City U23;Arsenal U23;2.27;1.36;0;0;3;0;0;0;0;0;0;0;0;0;0;0;0;1010;22;Y;N;N;N;N;N;N
299400;6277;6269;2016/2017;complete;1957;0;-1;73;32,47,48,51;1;4;5;5;3;8;3;5;1;2;0;0;5;6;6;5;11;11;8;14;49;51;1;2;0;0;0;0;0;0;0;0;0;0;0;0;0;0;0;0;0;0;0;0;0;0;0;0;0;0;0;0;0;0;0;0;0;0;0;0;0;0;0;0;0;0;0;0;0;0;0;0;0;0;0;0;0;0;0;0;0;0;0;0;0;0;0;0;0;0;0;0;5;0;1;1;3;4;1;2016-08-22 13:00:00;6269;0;0;0;0;0;-1;1;-1;-1;-1;-1;-1;-1;0;0;1;2;0;3;-1;0;0;0;0;0;0;0;0;0;0;0;0;0;1;1;0;0;-1;-1;0;0;-1;-1;-1;-1;-1;-1;-1;-1;-1;0;0;0;0;0;0;0;0;0;0;0;0;0;Reading U23;Tottenham Hotspur U23;1.36;0.73;0;0;3;0;0;0;0;0;0;0;0;0;0;0;0;1010;22;Y;Y;Y;Y;Y;N;Y
299401;6278;6271;2016/2017;complete;1957;0;-1;56,62;;2;0;2;8;4;12;1;0;0;3;0;0;8;5;5;5;13;10;3;11;55;45;0;3;0;0;0;0;0;0;0;0;0;0;0;0;0;0;0;0;0;0;0;0;0;0;0;0;0;0;0;0;0;0;0;0;0;0;0;0;0;0;0;0;0;0;0;0;0;0;0;0;0;0;0;0;0;0;0;0;0;0;0;0;0;0;0;0;0;0;0;0;2;0;0;2;0;2;0;2016-08-22 18:00:00;6278;0;0;0;0;0;-1;1;-1;-1;-1;-1;-1;-1;0;0;0;3;0;3;-1;0;0;0;0;0;0;0;0;0;0;0;0;0;1;1;0;0;-1;-1;0;0;-1;-1;-1;-1;-1;-1;-1;-1;-1;0;0;0;0;0;0;0;0;0;0;0;0;0;Southampton U23;Manchester United U23;1.18;1;0;0;3;3;0;0;0;0;0;0;0;0;0;0;0;1010;22;Y;Y;N;N;N;N;N
299402;6272;6268;2016/2017;complete;1957;0;-1;18,53;22,59,87;2;3;5;8;2;10;0;0;2;1;0;0;4;3;12;1;16;4;7;12;56;44;2;1;0;0;0;0;0;0;0;0;0;0;0;0;0;0;0;0;0;0;0;0;0;0;0;0;0;0;0;0;0;0;0;0;0;0;0;0;0;0;0;0;0;0;0;0;0;0;0;0;0;0;0;0;0;0;0;0;0;0;0;0;0;0;0;0;0;0;0;0;5;1;1;1;2;3;2;2016-08-22 18:00:00;6268;0;0;0;0;0;-1;1;-1;-1;-1;-1;-1;-1;0;0;2;1;0;3;-1;0;0;0;0;0;0;0;0;1;0;1;0;0;1;1;0;0;-1;-1;0;0;-1;-1;-1;-1;-1;-1;-1;-1;-1;0;0;0;0;0;0;0;0;0;0;0;0;0;Leicester City U23;Sunderland U23;1.27;1.18;0;0;0;1;0;0;0;0;0;0;0;0;0;0;0;1010;22;Y;Y;Y;Y;Y;N;Y
299403;6273;6275;2016/2017;complete;1957;0;-1;2,31;;2;0;2;6;3;9;2;2;1;0;0;0;6;2;6;1;12;3;17;7;46;54;1;0;0;0;0;0;0;0;0;0;0;0;0;0;0;0;0;0;0;0;0;0;0;0;0;0;0;0;0;0;0;0;0;0;0;0;0;0;0;0;0;0;0;0;0;0;0;0;0;0;0;0;0;0;0;0;0;0;0;0;0;0;0;0;0;0;0;0;0;0;2;2;0;0;0;0;2;2016-08-22 18:00:00;6273;0;0;0;0;0;-1;1;-1;-1;-1;-1;-1;-1;0;0;1;0;0;1;-1;0;0;0;0;0;0;0;0;0;0;0;0;0;1;1;1;0;-1;-1;0;0;-1;-1;-1;-1;-1;-1;-1;-1;-1;0;0;0;0;0;0;0;0;0;0;0;0;0;Everton U23;Derby County U23;2.27;0.82;0;0;3;0;0;0;0;0;0;0;0;0;0;0;0;1010;22;Y;Y;N;N;N;N;N
299404;6276;6266;2016/2017;complete;1957;0;-1;61,66,72,90;63;4;1;5;3;1;4;1;3;0;0;0;0;8;2;6;1;14;3;14;11;65;35;0;0;0;0;0;0;0;0;0;0;0;0;0;0;0;0;0;0;0;0;0;0;0;0;0;0;0;0;0;0;0;0;0;0;0;0;0;0;0;0;0;0;0;0;0;0;0;0;0;0;0;0;0;0;0;0;0;0;0;0;0;0;0;0;0;0;0;0;0;0;5;0;0;4;1;5;0;2016-08-22 18:05:00;6276;0;0;0;0;0;-1;-1;-1;-1;-1;-1;-1;-1;0;0;0;0;0;0;-1;0;0;0;0;0;0;0;1;0;0;0;1;0;1;1;0;0;-1;-1;-1;-1;-1;-1;-1;-1;-1;-1;-1;-1;-1;0;0;0;0;0;0;0;0;0;0;0;0;0;Chelsea U23;Liverpool U23;1.91;1.73;0;0;1;0;0;0;0;0;0;0;0;0;0;0;0;1010;22;Y;Y;Y;Y;Y;N;Y
299405;6272;6273;2016/2017;complete;1957;0;-1;90;16,55,77,88;1;4;5;9;2;11;1;5;0;1;0;0;2;3;6;6;8;9;5;12;50;50;0;1;0;0;0;0;0;0;0;0;0;0;0;0;0;0;0;0;0;0;0;0;0;0;0;0;0;0;0;0;0;0;0;0;0;0;0;0;0;0;0;0;0;0;0;0;0;0;0;0;0;0;0;0;0;0;0;0;0;0;0;0;0;0;0;0;0;0;0;0;5;0;1;1;3;4;1;2016-08-25 11:30:00;6273;0;50;50;50;0;-1;1;-1;-1;-1;-1;-1;-1;0;0;0;1;0;1;-1;0;0;0;0;0;0;0;0;0;0;0;0;0;1;1;0;0;-1;-1;0;0;-1;-1;-1;-1;-1;-1;-1;-1;-1;50;50;50;100;100;50;50;100;100;10;3;4;3.5;Leicester City U23;Everton U23;1.27;2.09;0;3;0;3;50;50;50;0;0;50;50;0;0;0;0;1010;22;Y;Y;Y;Y;Y;N;Y
299406;6275;6269;2016/2017;complete;1957;0;-1;21;5,62;1;2;3;9;3;12;1;5;1;2;0;0;3;3;8;5;11;8;8;13;55;45;1;2;0;0;0;0;0;0;0;0;0;0;0;0;0;0;0;0;0;0;0;0;0;0;0;0;0;0;0;0;0;0;0;0;0;0;0;0;0;0;0;0;0;0;0;0;0;0;0;0;0;0;0;0;0;0;0;0;0;0;0;0;0;0;0;0;0;0;0;0;3;1;1;0;1;1;2;2016-08-26 12:00:00;6269;0;100;0;50;0;-1;1;-1;-1;-1;-1;-1;-1;0;2;1;0;2;1;-1;0;0;0;0;0;0;0;0;1;0;1;0;0;1;1;0;1;-1;-1;0;0;-1;-1;-1;-1;-1;-1;-1;-1;-1;100;100;100;100;100;50;100;100;100;7;10;5;5;Derby County U23;Tottenham Hotspur U23;1.36;0.73;0;3;0;1.5;0;0;0;0;0;0;0;0;0;0;0;1010;22;Y;Y;Y;N;N;N;Y
299407;6277;6270;2016/2017;complete;1957;0;-1;14,33,43;63,90;3;2;5;8;10;18;1;1;3;1;0;0;10;9;5;7;15;16;8;11;57;43;3;1;0;0;0;0;0;0;0;0;0;0;0;0;0;0;0;0;0;0;0;0;0;0;0;0;0;0;0;0;0;0;0;0;0;0;0;0;0;0;0;0;0;0;0;0;0;0;0;0;0;0;0;0;0;0;0;0;0;0;0;0;0;0;0;0;0;0;0;0;5;3;0;0;2;2;3;2016-08-26 18:00:00;6277;0;100;0;50;0;-1;1;-1;-1;-1;-1;-1;-1;0;0;3;1;0;4;-1;0;0;0;0;0;0;0;0;0;0;0;0;0;1;1;0;0;-1;-1;0;0;-1;-1;-1;-1;-1;-1;-1;-1;-1;100;100;100;100;100;50;100;100;100;6;4;4;5;Reading U23;Manchester City U23;1.36;1.82;0;3;1.5;3;0;0;0;0;0;0;0;0;0;0;0;1010;22;Y;Y;Y;Y;Y;N;Y
299408;6274;6266;2016/2017;complete;1957;0;-1;67;13,43,71;1;3;4;5;7;12;2;0;4;1;0;0;6;4;1;9;7;13;13;17;51;49;4;1;0;0;0;0;0;0;0;0;0;0;0;0;0;0;0;0;0;0;0;0;0;0;0;0;0;0;0;0;0;0;0;0;0;0;0;0;0;0;0;0;0;0;0;0;0;0;0;0;0;0;0;0;0;0;0;0;0;0;0;0;0;0;0;0;0;0;0;0;4;0;2;1;1;2;2;2016-08-26 18:00:00;6266;0;50;0;50;0;-1;1;-1;-1;-1;-1;-1;-1;1;0;3;1;1;4;-1;0;0;0;0;0;0;0;0;0;0;0;0;0;1;1;0;0;-1;-1;0;0;-1;-1;-1;-1;-1;-1;-1;-1;-1;50;50;50;100;100;0;0;100;100;2;4;1;3.5;Arsenal U23;Liverpool U23;1.64;1.73;0;0;0;0;50;50;50;0;0;0;0;0;0;0;0;1010;22;Y;Y;Y;Y;N;N;Y
299409;6268;6278;2016/2017;complete;1957;0;-1;2,40,60;;3;0;3;7;5;12;2;3;0;0;0;0;6;6;3;4;9;10;3;4;47;53;0;0;0;0;0;0;0;0;0;0;0;0;0;0;0;0;0;0;0;0;0;0;0;0;0;0;0;0;0;0;0;0;0;0;0;0;0;0;0;0;0;0;0;0;0;0;0;0;0;0;0;0;0;0;0;0;0;0;0;0;0;0;0;0;0;0;0;0;0;0;3;2;0;1;0;1;2;2016-08-28 12:00:00;6268;0;100;50;50;0;-1;-1;-1;-1;-1;-1;-1;-1;0;0;0;0;0;0;-1;0;0;0;0;0;0;0;0;0;0;0;0;0;1;1;1;0;-1;-1;-1;-1;-1;-1;-1;-1;-1;-1;-1;-1;-1;50;50;50;100;100;50;50;100;100;5;4;5;3.5;Sunderland U23;Southampton U23;1.09;0.73;1;3;2;3;50;50;50;0;0;0;0;0;0;0;0;1010;22;Y;Y;Y;N;N;N;N
299410;6271;6276;2016/2017;complete;1957;0;-1;85;45;1;1;2;3;10;13;3;2;1;1;0;0;4;3;4;6;8;9;12;3;41;59;1;1;0;0;0;0;0;0;0;0;0;0;0;0;0;0;0;0;0;0;0;0;0;0;0;0;0;0;0;0;0;0;0;0;0;0;0;0;0;0;0;0;0;0;0;0;0;0;0;0;0;0;0;0;0;0;0;0;0;0;0;0;0;0;0;0;0;0;0;0;2;0;1;1;0;1;1;2016-08-28 12:05:00;-1;0;50;0;50;0;-1;1;-1;-1;-1;-1;-1;-1;1;1;0;0;2;0;-1;0;0;0;0;0;0;0;0;0;0;0;0;0;1;1;0;0;-1;-1;0;1;-1;-1;-1;-1;-1;-1;-1;-1;-1;0;0;0;50;100;0;0;100;50;6;3;0;1.5;Manchester United U23;Chelsea U23;1.36;0.82;3;1;1.5;2;100;100;100;50;0;50;50;50;0;0;0;1010;22;Y;Y;N;N;N;N;Y
299411;6270;6271;2016/2017;complete;1957;0;-1;63;25;1;1;2;7;1;8;0;2;2;3;0;0;6;3;14;5;20;8;11;13;66;34;2;3;0;0;0;0;0;0;0;0;0;0;0;0;0;0;0;0;0;0;0;0;0;0;0;0;0;0;0;0;0;0;0;0;0;0;0;0;0;0;0;0;0;0;0;0;0;0;0;0;0;0;0;0;0;0;0;0;0;0;0;0;0;0;0;0;0;0;0;0;2;0;1;1;0;1;1;2016-09-09 18:00:00;-1;0;0;0;0;0;-1;1;-1;-1;-1;-1;-1;-1;2;1;0;2;3;2;-1;0;0;0;0;0;0;0;0;0;0;0;0;0;1;1;0;0;-1;-1;0;0;-1;-1;-1;-1;-1;-1;-1;-1;-1;0;0;0;50;100;0;50;50;50;9;0;4;1.5;Manchester City U23;Manchester United U23;2.27;1;3;0;2;1.33;100;100;100;50;0;50;50;50;0;0;0;1010;22;Y;Y;N;N;N;N;Y
299412;6275;6274;2016/2017;complete;1957;0;-1;77;6,26,55;1;3;4;6;6;12;1;0;2;2;0;0;4;13;4;8;8;21;6;12;46;54;2;2;0;0;0;0;0;0;0;0;0;0;0;0;0;0;0;0;0;0;0;0;0;0;0;0;0;0;0;0;0;0;0;0;0;0;0;0;0;0;0;0;0;0;0;0;0;0;0;0;0;0;0;0;0;0;0;0;0;0;0;0;0;0;0;0;0;0;0;0;4;0;2;1;1;2;2;2016-09-09 18:00:00;6274;0;50;25;0;0;-1;1;-1;-1;-1;-1;-1;-1;0;1;2;1;1;3;-1;0;0;0;0;0;0;0;1;0;1;0;0;0;1;1;0;1;-1;-1;0;0;-1;-1;-1;-1;-1;-1;-1;-1;-1;25;25;50;50;100;50;100;50;25;9.5;5;5;2.5;Derby County U23;Arsenal U23;1.36;1.36;0;0;0;0;75;75;50;50;0;25;25;25;0;0;0;1010;22;Y;Y;Y;Y;N;N;Y
299413;6276;6269;2016/2017;complete;1957;0;-1;55,61,73;90;3;1;4;6;2;8;0;4;0;1;0;0;10;2;6;2;16;4;13;16;54;46;0;1;0;0;0;0;0;0;0;0;0;0;0;0;0;0;0;0;0;0;0;0;0;0;0;0;0;0;0;0;0;0;0;0;0;0;0;0;0;0;0;0;0;0;0;0;0;0;0;0;0;0;0;0;0;0;0;0;0;0;0;0;0;0;0;0;0;0;0;0;4;0;0;3;1;4;0;2016-09-09 18:05:00;6276;0;100;25;75;0;-1;1;-1;-1;-1;-1;-1;-1;0;0;0;1;0;1;-1;0;0;0;0;0;0;0;1;1;1;1;0;0;1;1;0;0;-1;-1;0;0;-1;-1;-1;-1;-1;-1;-1;-1;-1;75;75;100;100;100;25;50;100;75;6;6;2;4.5;Chelsea U23;Tottenham Hotspur U23;1.91;0.73;3;3;1.67;2;25;25;0;0;0;25;25;25;0;0;0;1010;22;Y;Y;Y;Y;N;N;Y
299414;6266;6272;2016/2017;complete;1957;0;-1;3,17,20,34;;4;0;4;4;1;5;3;2;1;1;0;0;6;0;1;3;7;3;10;10;71;29;1;1;0;0;0;0;0;0;0;0;0;0;0;0;0;0;0;0;0;0;0;0;0;0;0;0;0;0;0;0;0;0;0;0;0;0;0;0;0;0;0;0;0;0;0;0;0;0;0;0;0;0;0;0;0;0;0;0;0;0;0;0;0;0;0;0;0;0;0;0;4;4;0;0;0;0;4;2016-09-11 13:00:00;6266;0;50;50;0;0;-1;1;-1;-1;-1;-1;-1;-1;0;0;1;1;0;2;-1;0;0;0;0;0;0;0;0;0;0;0;0;0;1;1;1;0;-1;-1;0;0;-1;-1;-1;-1;-1;-1;-1;-1;-1;50;50;50;50;100;50;50;100;50;14;4;3;3;Liverpool U23;Leicester City U23;2.18;0.82;0;0;1;0;50;50;50;50;0;50;50;50;0;0;0;1010;22;Y;Y;Y;Y;N;N;N
299415;6278;6277;2016/2017;complete;1957;0;-1;10,64,89;84;3;1;4;8;7;15;2;2;3;0;0;0;12;6;6;6;18;12;18;5;40;60;3;0;0;0;0;0;0;0;0;0;0;0;0;0;0;0;0;0;0;0;0;0;0;0;0;0;0;0;0;0;0;0;0;0;0;0;0;0;0;0;0;0;0;0;0;0;0;0;0;0;0;0;0;0;0;0;0;0;0;0;0;0;0;0;0;0;0;0;0;0;4;1;0;2;1;3;1;2016-09-12 18:00:00;6278;0;0;0;0;0;-1;1;-1;-1;-1;-1;-1;-1;2;0;1;0;2;1;-1;0;0;0;0;0;0;0;0;0;0;0;0;0;1;1;1;0;-1;-1;0;0;-1;-1;-1;-1;-1;-1;-1;-1;-1;0;0;0;100;100;0;0;100;100;12;6;0;2;Southampton U23;Reading U23;1.18;0.64;3;3;2;2;100;100;100;0;0;50;50;50;0;0;0;1010;22;Y;Y;Y;Y;N;N;Y
299416;6273;6268;2016/2017;complete;1957;0;-1;;71;0;1;1;10;8;18;4;1;1;3;0;1;6;4;12;7;18;11;6;14;56;44;1;4;0;0;0;0;0;0;0;0;0;0;0;0;0;0;0;0;0;0;0;0;0;0;0;0;0;0;0;0;0;0;0;0;0;0;0;0;0;0;0;0;0;0;0;0;0;0;0;0;0;0;0;0;0;0;0;0;0;0;0;0;0;0;0;0;0;0;0;0;1;0;0;0;1;1;0;2016-09-13 18:00:00;6268;0;50;50;50;0;-1;1;-1;-1;-1;-1;-1;-1;0;2;1;2;2;3;-1;0;0;0;0;0;0;0;0;0;0;0;0;0;1;1;0;0;-1;-1;0;0;-1;-1;-1;-1;-1;-1;-1;-1;-1;50;50;50;100;100;100;100;50;50;8;2;2;3.5;Everton U23;Sunderland U23;2.27;1.18;3;3;3;2.33;50;50;50;0;0;100;50;0;0;0;0;1010;22;Y;N;N;N;N;N;N
299417;6268;6270;2016/2017;complete;1957;0;-1;62,77;18,41,73,90;2;4;6;4;10;14;3;2;1;1;0;0;7;13;3;4;10;17;13;8;41;59;1;1;0;0;0;0;0;0;0;0;0;0;0;0;0;0;0;0;0;0;0;0;0;0;0;0;0;0;0;0;0;0;0;0;0;0;0;0;0;0;0;0;0;0;0;0;0;0;0;0;0;0;0;0;0;0;0;0;0;0;0;0;0;0;0;0;0;0;0;0;6;0;2;2;2;4;2;2016-09-18 11:00:00;6270;0;75;0;25;0;-1;1;-1;-1;-1;-1;-1;-1;0;0;1;1;0;2;-1;0;0;0;0;0;0;0;0;1;0;1;0;0;1;1;0;0;-1;-1;0;0;-1;-1;-1;-1;-1;-1;-1;-1;-1;50;50;75;100;100;75;75;100;75;10.5;3;3;3.75;Sunderland U23;Manchester City U23;1.09;1.82;2;1.5;2.5;1.75;50;50;25;0;0;50;50;50;0;0;0;1010;22;Y;Y;Y;Y;Y;Y;Y
299418;6278;6272;2016/2017;complete;1957;0;-1;8,85;45,88;2;2;4;6;2;8;-1;-1;1;1;0;0;10;2;16;5;26;7;-1;-1;51;49;1;1;0;0;0;0;0;0;0;0;0;0;0;0;0;0;0;0;0;0;0;0;0;0;0;0;0;0;0;0;0;0;0;0;0;0;0;0;0;0;0;0;0;0;0;0;0;0;0;0;0;0;0;0;0;0;0;0;0;0;0;0;0;0;0;0;0;0;0;0;4;1;1;1;1;2;2;2016-09-19 18:00:00;-1;0;25;0;25;0;-1;1;-1;-1;-1;-1;-1;-1;0;0;1;1;0;2;-1;0;0;0;0;0;0;0;0;0;0;0;0;0;1;1;1;0;-1;-1;0;0;-1;-1;-1;-1;-1;-1;-1;-1;-1;0;50;50;75;100;25;50;75;50;13.5;3;2;2.75;Southampton U23;Leicester City U23;1.18;0.82;3;0;2.25;0;100;50;50;25;0;75;75;75;0;0;0;1010;22;Y;Y;Y;Y;N;N;Y
299419;6269;6266;2016/2017;complete;1957;0;-1;57,90;3,6,8,33,79,84;2;6;8;1;3;4;2;0;3;5;0;0;3;11;5;3;8;14;10;17;54;46;3;5;0;0;0;0;0;0;0;0;0;0;0;0;0;0;0;0;0;0;0;0;0;0;0;0;0;0;0;0;0;0;0;0;0;0;0;0;0;0;0;0;0;0;0;0;0;0;0;0;0;0;0;0;0;0;0;0;0;0;0;0;0;0;0;0;0;0;0;0;8;0;4;2;2;4;4;2016-09-19 18:00:00;6266;0;50;0;50;0;-1;1;-1;-1;-1;-1;-1;-1;1;2;2;3;3;5;-1;0;0;0;0;0;0;0;1;0;1;0;0;0;1;1;0;3;-1;-1;0;0;-1;-1;-1;-1;-1;-1;-1;-1;-1;25;50;50;100;100;25;25;100;100;9;4.5;1.5;3.25;Tottenham Hotspur U23;Liverpool U23;1.27;1.73;0;1.5;1.5;1.5;75;50;50;0;0;25;25;25;0;0;0;1010;22;Y;Y;Y;Y;Y;Y;Y
299420;6271;6275;2016/2017;complete;1957;0;-1;17,67,85;34,74;3;2;5;10;5;15;0;0;1;2;0;0;7;6;8;6;15;12;9;7;54;46;1;2;0;0;0;0;0;0;0;0;0;0;0;0;0;0;0;0;0;0;0;0;0;0;0;0;0;0;0;0;0;0;0;0;0;0;0;0;0;0;0;0;0;0;0;0;0;0;0;0;0;0;0;0;0;0;0;0;0;0;0;0;0;0;0;0;0;0;0;0;5;1;1;2;1;3;2;2016-09-19 18:00:00;6271;0;25;0;0;0;-1;1;-1;-1;-1;-1;-1;-1;0;1;1;1;1;2;-1;0;0;0;0;0;0;0;1;0;1;0;0;0;1;1;0;0;-1;-1;0;0;-1;-1;-1;-1;-1;-1;-1;-1;-1;0;0;0;75;100;50;75;50;0;5.5;4.5;0.5;1.75;Manchester United U23;Derby County U23;1.36;0.82;2;0;1.25;0;100;100;100;25;0;100;50;50;0;0;0;1010;22;Y;Y;Y;Y;Y;N;Y
299421;6274;6273;2016/2017;complete;1957;0;-1;;5,47,68,71,84;0;5;5;6;7;13;0;5;2;0;0;0;4;10;2;8;6;18;14;12;53;47;2;0;0;0;0;0;0;0;0;0;0;0;0;0;0;0;0;0;0;0;0;0;0;0;0;0;0;0;0;0;0;0;0;0;0;0;0;0;0;0;0;0;0;0;0;0;0;0;0;0;0;0;0;0;0;0;0;0;0;0;0;0;0;0;0;0;0;0;0;0;5;0;1;0;4;4;1;2016-09-19 18:00:00;6273;0;50;0;50;0;-1;1;-1;-1;-1;-1;-1;-1;1;0;1;0;1;1;-1;0;0;0;0;0;0;0;0;0;0;0;0;0;1;1;0;1;-1;-1;0;0;-1;-1;-1;-1;-1;-1;-1;-1;-1;25;50;50;100;100;25;50;100;100;5;5.5;4;3.25;Arsenal U23;Everton U23;1.64;2.09;0;3;0.75;2.25;75;50;50;0;0;50;50;50;0;0;0;1010;22;Y;Y;Y;Y;Y;N;N
299422;6277;6276;2016/2017;complete;1957;0;-1;52,86;43;2;1;3;2;6;8;0;1;2;1;0;0;4;8;1;7;5;15;10;14;50;50;2;1;0;0;0;0;0;0;0;0;0;0;0;0;0;0;0;0;0;0;0;0;0;0;0;0;0;0;0;0;0;0;0;0;0;0;0;0;0;0;0;0;0;0;0;0;0;0;0;0;0;0;0;0;0;0;0;0;0;0;0;0;0;0;0;0;0;0;0;0;3;0;1;2;0;2;1;2016-09-19 18:05:00;6277;0;100;0;50;0;-1;1;-1;-1;-1;-1;-1;-1;0;0;2;1;0;3;-1;0;0;0;0;0;0;0;0;0;0;0;0;0;1;1;0;0;-1;-1;0;0;-1;-1;-1;-1;-1;-1;-1;-1;-1;50;50;50;100;100;25;75;100;75;13.5;3.5;2.5;3.5;Reading U23;Chelsea U23;1.36;0.82;1.5;1;1.5;2;50;50;50;0;0;50;50;50;0;0;0;1010;22;Y;Y;Y;N;N;N;Y
299423;6278;6269;2016/2017;complete;1957;0;-1;38;;1;0;1;4;4;8;2;3;3;2;1;1;5;6;7;8;12;14;13;13;40;60;4;3;0;0;0;0;0;0;0;0;0;0;0;0;0;0;0;0;0;0;0;0;0;0;0;0;0;0;0;0;0;0;0;0;0;0;0;0;0;0;0;0;0;0;0;0;0;0;0;0;0;0;0;0;0;0;0;0;0;0;0;0;0;0;0;0;0;0;0;0;1;1;0;0;0;0;1;2016-09-23 18:00:00;6278;0;84;33;67;0;-1;1;-1;-1;-1;-1;-1;-1;1;1;3;2;2;5;-1;0;0;0;0;0;0;0;0;0;0;0;0;0;1;1;0;0;-1;-1;0;0;-1;-1;-1;-1;-1;-1;-1;-1;-1;17;67;84;100;100;33;67;100;84;10;5.34;3;3.67;Southampton U23;Tottenham Hotspur U23;1.18;0.73;2.33;2;2;1.2;84;33;17;0;0;50;50;50;0;0;0;1010;22;Y;N;N;N;N;N;N
299424;6270;6272;2016/2017;complete;1957;0;-1;81;6;1;1;2;15;3;18;0;2;1;3;0;0;9;6;13;4;22;10;13;12;72;28;1;3;0;0;0;0;0;0;0;0;0;0;0;0;0;0;0;0;0;0;0;0;0;0;0;0;0;0;0;0;0;0;0;0;0;0;0;0;0;0;0;0;0;0;0;0;0;0;0;0;0;0;0;0;0;0;0;0;0;0;0;0;0;0;0;0;0;0;0;0;2;0;1;1;0;1;1;2016-09-23 18:00:00;-1;0;42;17;17;0;-1;1;-1;-1;-1;-1;-1;-1;1;1;0;2;2;2;-1;0;0;0;0;0;0;0;0;0;0;0;0;0;1;1;0;1;-1;-1;0;1;-1;-1;-1;-1;-1;-1;-1;-1;-1;0;34;34;59;100;34;84;59;17;10.33;0.67;2.17;2.25;Manchester City U23;Leicester City U23;2.27;0.82;2;0.33;2;0.2;100;67;67;42;0;17;17;17;0;0;0;1010;22;Y;Y;N;N;N;N;Y
299425;6276;6274;2016/2017;complete;1957;0;-1;66;24,82;1;2;3;8;3;11;1;4;1;2;0;0;8;8;6;3;14;11;15;7;55;45;1;2;0;0;0;0;0;0;0;0;0;0;0;0;0;0;0;0;0;0;0;0;0;0;0;0;0;0;0;0;0;0;0;0;0;0;0;0;0;0;0;0;0;0;0;0;0;0;0;0;0;0;0;0;0;0;0;0;0;0;0;0;0;0;0;0;0;0;0;0;3;0;1;1;1;2;1;2016-09-23 18:05:00;6274;0;75;0;75;0;-1;1;-1;-1;-1;-1;-1;-1;0;0;1;2;0;3;-1;0;0;0;0;0;0;0;0;0;0;0;0;0;1;1;0;0;-1;-1;0;0;-1;-1;-1;-1;-1;-1;-1;-1;-1;25;75;75;75;100;25;50;75;75;9;1.5;2.5;3.5;Chelsea U23;Arsenal U23;1.91;1.36;3;1.5;1.6;0.6;75;25;25;25;0;25;25;25;0;0;0;1010;22;Y;Y;Y;N;N;N;Y
299426;6266;6268;2016/2017;complete;1957;0;-1;47,63,73;;3;0;3;7;1;8;3;0;0;1;0;0;13;2;5;2;18;4;12;17;64;36;0;1;0;0;0;0;0;0;0;0;0;0;0;0;0;0;0;0;0;0;0;0;0;0;0;0;0;0;0;0;0;0;0;0;0;0;0;0;0;0;0;0;0;0;0;0;0;0;0;0;0;0;0;0;0;0;0;0;0;0;0;0;0;0;0;0;0;0;0;0;3;0;0;3;0;3;0;2016-09-25 12:00:00;6266;0;50;50;25;0;-1;1;-1;-1;-1;-1;-1;-1;0;1;0;0;1;0;-1;0;0;0;0;0;0;0;0;0;0;0;0;0;1;1;0;0;-1;-1;0;0;-1;-1;-1;-1;-1;-1;-1;-1;-1;50;75;75;75;100;75;75;75;50;9;3.5;4.5;3.75;Liverpool U23;Sunderland U23;2.18;1.18;1.5;3;1.8;2;50;25;25;25;0;50;50;25;0;0;0;1010;22;Y;Y;Y;N;N;N;N
299427;6273;6271;2016/2017;complete;1957;0;-1;19,53;;2;0;2;4;8;12;0;2;1;2;0;0;0;0;0;0;0;0;13;7;-1;-1;1;2;0;0;0;0;0;0;0;0;0;0;0;0;0;0;0;0;0;0;0;0;0;0;0;0;0;0;0;0;0;0;0;0;0;0;0;0;0;0;0;0;0;0;0;0;0;0;0;0;0;0;0;0;0;0;0;0;0;0;0;0;0;0;0;0;0;0;0;0;2;1;0;1;0;1;1;2016-09-26 18:00:00;6273;0;25;0;0;0;-1;1;-1;-1;-1;-1;-1;-1;0;1;1;1;1;2;-1;0;0;0;0;0;0;0;0;0;0;0;0;0;1;1;0;0;-1;-1;0;0;-1;-1;-1;-1;-1;-1;-1;-1;-1;0;0;0;75;100;25;50;75;25;10.5;4;4;1.75;Everton U23;Manchester United U23;2.27;1;1.5;0.5;2.4;1.6;100;100;100;25;0;75;50;50;0;0;0;1010;22;Y;Y;N;N;N;N;N
299428;6275;6277;2016/2017;complete;1957;0;-1;6,56;84;2;1;3;4;8;12;1;0;1;1;0;0;6;9;2;8;8;17;10;14;43;57;1;1;0;0;0;0;0;0;0;0;0;0;0;0;0;0;0;0;0;0;0;0;0;0;0;0;0;0;0;0;0;0;0;0;0;0;0;0;0;0;0;0;0;0;0;0;0;0;0;0;0;0;0;0;0;0;0;0;0;0;0;0;0;0;0;0;0;0;0;0;3;1;0;1;1;2;1;2016-09-26 18:00:00;6275;0;75;17;42;0;-1;1;-1;-1;-1;-1;-1;-1;0;0;1;1;0;2;-1;0;0;0;0;0;0;0;0;0;0;0;0;0;1;1;1;0;-1;-1;0;0;-1;-1;-1;-1;-1;-1;-1;-1;-1;17;59;75;100;100;50;75;100;84;11.83;5.83;2;3.5;Derby County U23;Reading U23;1.36;0.64;0;1.5;0;1.8;84;42;25;0;0;59;59;59;0;0;0;1010;22;Y;Y;Y;N;N;N;Y
299429;6269;6270;2016/2017;complete;1957;0;-1;81;6,55;1;2;3;3;1;4;3;2;1;2;1;0;4;5;8;3;12;8;12;15;51;49;3;2;0;0;0;0;0;0;0;0;0;0;0;0;0;0;0;0;0;0;0;0;0;0;0;0;0;0;0;0;0;0;0;0;0;0;0;0;0;0;0;0;0;0;0;0;0;0;0;0;0;0;0;0;0;0;0;0;0;0;0;0;0;0;0;0;0;0;0;0;3;0;1;1;1;2;1;2016-10-14 18:00:00;6270;0;75;0;42;0;-1;1;-1;-1;-1;-1;-1;-1;2;2;0;0;4;0;-1;0;0;0;0;0;0;0;1;1;1;0;0;1;1;1;0;1;-1;-1;0;0;-1;-1;-1;-1;-1;-1;-1;-1;-1;75;75;75;100;100;75;75;100;100;10;3.83;3.67;5.17;Tottenham Hotspur U23;Manchester City U23;1.27;1.82;0;2;1;1.83;25;25;25;0;0;34;34;34;0;0;0;1010;22;Y;Y;Y;N;N;N;Y
299430;6274;6278;2016/2017;complete;1957;0;-1;;;0;0;0;4;2;6;1;2;1;0;0;0;11;3;6;4;17;7;15;12;54;46;1;0;0;0;0;0;0;0;0;0;0;0;0;0;0;0;0;0;0;0;0;0;0;0;0;0;0;0;0;0;0;0;0;0;0;0;0;0;0;0;0;0;0;0;0;0;0;0;0;0;0;0;0;0;0;0;0;0;0;0;0;0;0;0;0;0;0;0;0;0;0;0;0;0;0;0;0;2016-10-14 18:00:00;-1;0;42;25;17;0;-1;1;-1;-1;-1;-1;-1;-1;0;0;1;0;0;1;-1;0;0;0;0;0;0;0;0;0;0;0;0;0;1;1;0;0;-1;-1;0;0;-1;-1;-1;-1;-1;-1;-1;-1;-1;42;59;84;100;100;67;84;100;75;7.5;3.5;3.83;3.84;Arsenal U23;Southampton U23;1.64;0.73;0;1.5;1;2.17;59;42;17;0;0;59;59;59;0;0;0;1010;22;N;N;N;N;N;N;N
299431;6276;6272;2016/2017;complete;1957;0;-1;;;0;0;0;9;2;11;2;3;1;4;0;1;4;2;16;4;20;6;7;20;69;31;1;5;0;0;0;0;0;0;0;0;0;0;0;0;0;0;0;0;0;0;0;0;0;0;0;0;0;0;0;0;0;0;0;0;0;0;0;0;0;0;0;0;0;0;0;0;0;0;0;0;0;0;0;0;0;0;0;0;0;0;0;0;0;0;0;0;0;0;0;0;0;0;0;0;0;0;0;2016-10-14 18:05:00;-1;0;75;13;63;0;-1;1;-1;-1;-1;-1;-1;-1;0;0;1;5;0;6;-1;0;0;0;0;0;0;0;0;0;0;0;0;0;1;1;0;0;-1;-1;0;0;-1;-1;-1;-1;-1;-1;-1;-1;-1;17;59;75;88;100;25;54;88;63;9.67;1.67;1.58;3.38;Chelsea U23;Leicester City U23;1.91;0.82;2;0.5;1.33;0.33;84;42;25;13;0;42;42;42;0;0;0;1010;22;N;N;N;N;N;N;N
299432;6277;6273;2016/2017;complete;1957;0;-1;10,15,89;20,38,41,51,55,78;3;6;9;2;8;10;1;0;1;3;0;0;5;13;2;5;7;18;6;13;54;46;1;3;0;0;0;0;0;0;0;0;0;0;0;0;0;0;0;0;0;0;0;0;0;0;0;0;0;0;0;0;0;0;0;0;0;0;0;0;0;0;0;0;0;0;0;0;0;0;0;0;0;0;0;0;0;0;0;0;0;0;0;0;0;0;0;0;0;0;0;0;9;2;3;1;3;4;5;2016-10-17 18:00:00;6273;0;67;0;33;0;-1;1;-1;-1;-1;-1;-1;-1;1;2;0;1;3;1;-1;0;0;0;0;0;0;0;0;0;0;0;0;0;1;1;1;0;-1;-1;0;0;-1;-1;-1;-1;-1;-1;-1;-1;-1;67;67;84;100;100;17;84;100;100;8.67;5.66;3;4.17;Reading U23;Everton U23;1.36;2.09;2;3;1.5;2.5;33;33;17;0;0;50;50;50;0;0;0;1010;22;Y;Y;Y;Y;Y;Y;Y
299433;6271;6266;2016/2017;complete;1957;0;-1;50;18;1;1;2;2;4;6;1;1;0;1;0;0;4;6;4;9;8;15;13;10;41;59;0;1;0;0;0;0;0;0;0;0;0;0;0;0;0;0;0;0;0;0;0;0;0;0;0;0;0;0;0;0;0;0;0;0;0;0;0;0;0;0;0;0;0;0;0;0;0;0;0;0;0;0;0;0;0;0;0;0;0;0;0;0;0;0;0;0;0;0;0;0;2;0;1;1;0;1;1;2016-10-18 18:00:00;-1;0;84;17;67;0;-1;1;-1;-1;-1;-1;-1;-1;0;1;0;0;1;0;-1;0;0;0;0;0;0;0;1;0;1;0;0;0;1;1;0;0;-1;-1;0;0;-1;-1;-1;-1;-1;-1;-1;-1;-1;50;67;67;84;100;50;67;100;67;8.67;2.67;2.67;4.17;Manchester United U23;Liverpool U23;1.36;1.73;2.33;2;1.33;2;50;34;34;17;0;67;67;67;0;0;0;1010;22;Y;Y;N;N;N;N;Y
299434;6268;6275;2016/2017;complete;1957;0;-1;75,87;56,77;2;2;4;3;7;10;0;0;3;3;0;0;8;4;7;1;15;5;11;7;47;53;3;3;0;0;0;0;0;0;0;0;0;0;0;0;0;0;0;0;0;0;0;0;0;0;0;0;0;0;0;0;0;0;0;0;0;0;0;0;0;0;0;0;0;0;0;0;0;0;0;0;0;0;0;0;0;0;0;0;0;0;0;0;0;0;0;0;0;0;0;0;4;0;0;2;2;4;0;2016-10-19 18:00:00;-1;0;59;25;59;0;-1;1;-1;-1;-1;-1;-1;-1;1;0;2;3;1;5;-1;0;0;0;0;0;0;0;1;0;1;0;0;0;1;1;0;0;-1;-1;0;0;-1;-1;-1;-1;-1;-1;-1;-1;-1;42;42;59;100;100;84;84;75;59;8.67;3.33;2;3.59;Sunderland U23;Derby County U23;1.09;0.82;1.33;0;1.67;0.5;59;59;42;0;0;84;59;59;0;0;0;1010;22;Y;Y;Y;Y;N;N;Y
299435;6268;6277;2016/2017;complete;1957;0;-1;38;12;1;1;2;4;2;6;1;3;4;1;0;0;3;3;8;1;11;4;13;14;45;55;4;1;0;0;0;0;0;0;0;0;0;0;0;0;0;0;0;0;0;0;0;0;0;0;0;0;0;0;0;0;0;0;0;0;0;0;0;0;0;0;0;0;0;0;0;0;0;0;0;0;0;0;0;0;0;0;0;0;0;0;0;0;0;0;0;0;0;0;0;0;2;1;1;0;0;0;2;2016-10-23 11:00:00;-1;0;71;0;71;0;-1;1;-1;-1;-1;-1;-1;-1;0;0;4;1;0;5;-1;0;0;0;0;0;0;0;0;0;0;0;0;0;1;1;0;0;-1;-1;0;0;-1;-1;-1;-1;-1;-1;-1;-1;-1;13;42;71;100;100;25;59;100;88;10.58;4.08;1.83;3.38;Sunderland U23;Reading U23;1.09;0.64;1.25;1;1.57;1.29;88;59;29;0;0;71;71;59;0;0;0;1010;22;Y;Y;N;N;N;N;Y
299436;6266;6273;2016/2017;complete;1957;0;-1;46,76;;2;0;2;5;4;9;1;3;2;1;0;0;6;8;11;9;17;17;15;12;42;58;2;1;0;0;0;0;0;0;0;0;0;0;0;0;0;0;0;0;0;0;0;0;0;0;0;0;0;0;0;0;0;0;0;0;0;0;0;0;0;0;0;0;0;0;0;0;0;0;0;0;0;0;0;0;0;0;0;0;0;0;0;0;0;0;0;0;0;0;0;0;2;0;0;2;0;2;0;2016-10-23 12:00:00;6266;0;42;29;25;0;-1;1;-1;-1;-1;-1;-1;-1;1;0;1;1;1;2;-1;0;0;0;0;0;0;0;0;0;0;0;0;0;1;1;0;0;-1;-1;0;0;-1;-1;-1;-1;-1;-1;-1;-1;-1;54;71;88;100;100;46;71;84;84;9.75;6.25;2.83;4.63;Liverpool U23;Everton U23;2.18;2.09;2;3;1.86;2.57;46;29;13;0;0;38;38;25;0;0;0;1010;22;Y;Y;N;N;N;N;N
299437;6278;6270;2016/2017;complete;1957;0;-1;;35,53,58;0;3;3;3;5;8;1;0;0;1;0;0;5;5;6;6;11;11;10;12;37;63;0;1;0;0;0;0;0;0;0;0;0;0;0;0;0;0;0;0;0;0;0;0;0;0;0;0;0;0;0;0;0;0;0;0;0;0;0;0;0;0;0;0;0;0;0;0;0;0;0;0;0;0;0;0;0;0;0;0;0;0;0;0;0;0;0;0;0;0;0;0;3;0;1;0;2;2;1;2016-10-24 18:00:00;6270;0;75;13;50;0;-1;1;-1;-1;-1;-1;-1;-1;0;0;0;1;0;1;-1;0;0;0;0;0;0;0;0;0;0;0;0;0;1;1;0;0;-1;-1;0;0;-1;-1;-1;-1;-1;-1;-1;-1;-1;38;63;75;88;100;50;88;88;88;12;2.5;3.75;3.75;Southampton U23;Manchester City U23;1.18;1.82;2.5;2.25;2;2;63;38;25;13;0;50;50;50;0;0;0;1010;22;Y;Y;Y;N;N;N;N
299438;6271;6274;2016/2017;complete;1957;0;-1;7;;1;0;1;3;3;6;1;0;1;0;0;0;10;2;2;11;12;13;13;6;45;55;1;0;0;0;0;0;0;0;0;0;0;0;0;0;0;0;0;0;0;0;0;0;0;0;0;0;0;0;0;0;0;0;0;0;0;0;0;0;0;0;0;0;0;0;0;0;0;0;0;0;0;0;0;0;0;0;0;0;0;0;0;0;0;0;0;0;0;0;0;0;1;1;0;0;0;0;1;2016-10-24 18:00:00;6271;0;71;13;46;0;-1;1;-1;-1;-1;-1;-1;-1;0;0;1;0;0;1;-1;0;0;0;0;0;0;0;0;0;0;0;0;0;1;1;1;0;-1;-1;0;0;-1;-1;-1;-1;-1;-1;-1;-1;-1;13;29;46;71;100;29;88;84;46;8.25;3.5;2.83;2.59;Manchester United U23;Arsenal U23;1.36;1.36;2;2;1.29;1;88;71;54;29;0;71;71;71;0;0;0;1010;22;Y;N;N;N;N;N;N
299439;6272;6269;2016/2017;complete;1957;0;-1;74,79;;2;0;2;6;10;16;3;0;2;0;0;0;9;2;6;7;15;9;7;10;48;52;2;0;0;0;0;0;0;0;0;0;0;0;0;0;0;0;0;0;0;0;0;0;0;0;0;0;0;0;0;0;0;0;0;0;0;0;0;0;0;0;0;0;0;0;0;0;0;0;0;0;0;0;0;0;0;0;0;0;0;0;0;0;0;0;0;0;0;0;0;0;2;0;0;2;0;2;0;2016-10-24 18:00:00;6272;0;88;38;75;0;-1;1;-1;-1;-1;-1;-1;-1;1;0;1;0;1;1;-1;0;0;0;0;0;0;0;0;0;0;0;0;0;1;1;0;0;-1;-1;0;0;-1;-1;-1;-1;-1;-1;-1;-1;-1;63;75;88;88;100;38;88;88;75;11.5;4.75;3;4.13;Leicester City U23;Tottenham Hotspur U23;1.27;0.73;0;1.5;0.43;0.86;38;25;13;13;0;63;63;38;0;0;0;1010;22;Y;Y;N;N;N;N;N
299440;6276;6275;2016/2017;complete;1957;0;-1;60,62;38,64;2;2;4;9;2;11;1;2;4;3;1;0;6;3;9;3;15;6;12;8;63;37;5;3;0;0;0;0;0;0;0;0;0;0;0;0;0;0;0;0;0;0;0;0;0;0;0;0;0;0;0;0;0;0;0;0;0;0;0;0;0;0;0;0;0;0;0;0;0;0;0;0;0;0;0;0;0;0;0;0;0;0;0;0;0;0;0;0;0;0;0;0;4;0;1;2;1;3;1;2016-10-24 18:05:00;-1;0;71;17;71;0;-1;1;-1;-1;-1;-1;-1;-1;3;1;2;2;4;4;-1;0;0;0;0;0;0;0;1;1;1;0;0;1;1;1;0;0;-1;-1;0;0;-1;-1;-1;-1;-1;-1;-1;-1;-1;29;59;71;88;88;34;46;71;71;11.5;1.67;2.17;3.34;Chelsea U23;Derby County U23;1.91;0.82;1.75;0.33;1.29;0.57;71;42;29;13;13;75;59;42;0;0;0;1010;22;Y;Y;Y;Y;N;N;Y
299441;6269;6271;2016/2017;complete;1957;0;-1;31;20;1;1;2;8;2;10;1;2;3;3;0;0;5;5;8;3;13;8;16;9;56;44;3;3;0;0;0;0;0;0;0;0;0;0;0;0;0;0;0;0;0;0;0;0;0;0;0;0;0;0;0;0;0;0;0;0;0;0;0;0;0;0;0;0;0;0;0;0;0;0;0;0;0;0;0;0;0;0;0;0;0;0;0;0;0;0;0;0;0;0;0;0;2;1;1;0;0;0;2;2016-10-28 11:00:00;-1;0;50;0;34;0;-1;1;-1;-1;-1;-1;-1;-1;1;1;2;2;2;4;-1;0;0;0;0;0;0;0;0;0;0;0;0;0;1;1;0;0;-1;-1;0;0;-1;-1;-1;-1;-1;-1;-1;-1;-1;17;17;34;100;100;17;67;100;67;7.33;4;5;3.17;Tottenham Hotspur U23;Manchester United U23;1.27;1;0;0.33;0.75;1.5;84;84;67;0;0;34;34;34;0;0;0;1010;22;Y;Y;N;N;N;N;Y
299442;6272;6277;2016/2017;complete;1957;0;-1;65,75,87;47,73;3;2;5;4;10;14;1;3;3;2;0;0;7;8;9;8;16;16;11;9;42;58;3;2;0;0;0;0;0;0;0;0;0;0;0;0;0;0;0;0;0;0;0;0;0;0;0;0;0;0;0;0;0;0;0;0;0;0;0;0;0;0;0;0;0;0;0;0;0;0;0;0;0;0;0;0;0;0;0;0;0;0;0;0;0;0;0;0;0;0;0;0;5;0;0;3;2;5;0;2016-10-28 12:00:00;6272;0;71;29;59;0;-1;1;-1;-1;-1;-1;-1;-1;0;0;3;2;0;5;-1;0;0;0;0;0;0;0;1;0;0;0;1;0;1;1;0;0;-1;-1;0;0;-1;-1;-1;-1;-1;-1;-1;-1;-1;34;46;59;100;100;29;71;88;88;12.92;3.83;1.83;3.38;Leicester City U23;Reading U23;1.27;0.64;1;1;0.75;1.25;67;54;42;0;0;75;75;59;0;0;0;1010;22;Y;Y;Y;Y;Y;N;Y
299443;6270;6266;2016/2017;complete;1957;0;-1;23;;1;0;1;7;4;11;3;5;3;1;0;0;7;3;6;7;13;10;10;8;59;41;3;1;0;0;0;0;0;0;0;0;0;0;0;0;0;0;0;0;0;0;0;0;0;0;0;0;0;0;0;0;0;0;0;0;0;0;0;0;0;0;0;0;0;0;0;0;0;0;0;0;0;0;0;0;0;0;0;0;0;0;0;0;0;0;0;0;0;0;0;0;1;1;0;0;0;0;1;2016-10-28 18:00:00;6270;0;84;0;38;0;-1;1;-1;-1;-1;-1;-1;-1;2;0;1;1;2;2;-1;0;0;0;0;0;0;0;0;0;0;0;0;0;1;1;0;0;-1;-1;0;0;-1;-1;-1;-1;-1;-1;-1;-1;-1;25;38;38;84;100;25;88;84;38;12.75;1;3.08;3.21;Manchester City U23;Liverpool U23;2.27;1.73;1.67;1.75;2.13;2;75;63;63;17;0;29;29;29;0;0;0;1010;22;Y;N;N;N;N;N;N
299444;6274;6268;2016/2017;complete;1957;0;-1;29,53,56,65;;4;0;4;6;4;10;2;3;2;2;0;0;12;5;7;6;19;11;13;12;61;39;2;2;0;0;0;0;0;0;0;0;0;0;0;0;0;0;0;0;0;0;0;0;0;0;0;0;0;0;0;0;0;0;0;0;0;0;0;0;0;0;0;0;0;0;0;0;0;0;0;0;0;0;0;0;0;0;0;0;0;0;0;0;0;0;0;0;0;0;0;0;4;1;0;3;0;3;1;2016-10-28 18:00:00;6274;0;29;17;29;0;-1;1;-1;-1;-1;-1;-1;-1;1;1;1;1;2;2;-1;0;0;0;0;0;0;0;1;0;1;0;0;0;1;1;0;0;-1;-1;0;0;-1;-1;-1;-1;-1;-1;-1;-1;-1;29;42;59;71;88;29;42;88;71;7.67;1.33;4;2.88;Arsenal U23;Sunderland U23;1.64;1.18;0.25;2;0.88;1.5;71;59;42;29;13;59;59;42;0;0;0;1010;22;Y;Y;Y;Y;N;N;N
299445;6275;6278;2016/2017;complete;1957;0;-1;29,45;;2;0;2;5;2;7;3;1;0;0;0;0;7;2;7;8;14;10;17;9;57;43;0;0;0;0;0;0;0;0;0;0;0;0;0;0;0;0;0;0;0;0;0;0;0;0;0;0;0;0;0;0;0;0;0;0;0;0;0;0;0;0;0;0;0;0;0;0;0;0;0;0;0;0;0;0;0;0;0;0;0;0;0;0;0;0;0;0;0;0;0;0;2;2;0;0;0;0;2;2016-10-31 19:00:00;6275;0;67;29;25;0;-1;-1;-1;-1;-1;-1;-1;-1;0;0;0;0;0;0;-1;0;0;0;0;0;0;0;0;0;0;0;0;0;1;1;0;0;-1;-1;-1;-1;-1;-1;-1;-1;-1;-1;-1;-1;-1;29;42;84;84;84;71;84;84;54;8.75;4.33;2.75;3.21;Derby County U23;Southampton U23;1.36;0.73;0.75;1.33;0.63;1.75;71;59;17;17;17;54;54;54;0;0;0;1010;22;Y;Y;N;N;N;N;N
299446;6273;6276;2016/2017;complete;1957;0;-1;40;5;1;1;2;11;4;15;3;2;2;0;0;0;11;6;8;5;19;11;8;11;48;52;2;0;0;0;0;0;0;0;0;0;0;0;0;0;0;0;0;0;0;0;0;0;0;0;0;0;0;0;0;0;0;0;0;0;0;0;0;0;0;0;0;0;0;0;0;0;0;0;0;0;0;0;0;0;0;0;0;0;0;0;0;0;0;0;0;0;0;0;0;0;2;1;1;0;0;0;2;2016-10-31 19:05:00;-1;0;50;0;17;0;-1;1;-1;-1;-1;-1;-1;-1;1;0;1;0;1;1;-1;0;0;0;0;0;0;0;0;0;0;0;0;0;1;1;0;1;-1;-1;0;0;-1;-1;-1;-1;-1;-1;-1;-1;-1;0;0;17;84;100;17;67;84;34;13.34;3.33;1.67;2;Everton U23;Chelsea U23;2.27;0.82;2;0.67;2.25;1.25;100;100;84;17;0;67;50;50;0;0;0;1010;22;Y;Y;N;N;N;N;Y
299447;6269;6274;2016/2017;complete;1957;0;-1;;66,90;0;2;2;4;9;13;1;1;4;1;1;0;0;0;0;0;0;0;25;11;-1;-1;6;1;0;0;0;0;0;0;0;0;0;0;0;0;0;0;0;0;0;0;0;0;0;0;0;0;0;0;0;0;0;0;0;0;0;0;0;0;0;0;0;0;0;0;0;0;0;0;0;0;0;0;0;0;0;0;0;0;0;0;0;0;0;0;0;0;0;0;0;0;2;0;0;0;2;2;0;2016-11-18 12:00:00;6274;0;63;13;50;0;-1;1;-1;-1;-1;-1;-1;-1;1;0;4;1;1;5;-1;0;0;0;0;0;0;0;0;1;0;1;0;0;1;1;0;0;-1;-1;0;0;-1;-1;-1;-1;-1;-1;-1;-1;-1;13;25;50;75;100;38;88;63;63;8;3.75;4.25;3;Tottenham Hotspur U23;Arsenal U23;1.27;1.36;0.25;1.5;0.78;1.11;88;75;50;25;0;38;38;25;0;0;0;1010;22;Y;Y;N;N;N;N;N
299448;6272;6275;2016/2017;complete;1957;0;-1;11,50,68,73,86;;5;0;5;5;9;14;0;0;1;1;0;0;15;2;8;5;23;7;12;10;48;52;1;1;0;0;0;0;0;0;0;0;0;0;0;0;0;0;0;0;0;0;0;0;0;0;0;0;0;0;0;0;0;0;0;0;0;0;0;0;0;0;0;0;0;0;0;0;0;0;0;0;0;0;0;0;0;0;0;0;0;0;0;0;0;0;0;0;0;0;0;0;5;1;0;4;0;4;1;2016-11-18 13:00:00;6272;0;75;25;75;0;-1;1;-1;-1;-1;-1;-1;-1;1;0;0;1;1;1;-1;0;0;0;0;0;0;0;1;0;1;0;0;0;1;1;0;0;-1;-1;0;0;-1;-1;-1;-1;-1;-1;-1;-1;-1;50;75;75;100;100;38;63;88;88;11;2.25;3.75;4;Leicester City U23;Derby County U23;1.27;0.82;1.5;0.5;1;0.89;50;25;25;0;0;100;88;63;0;0;0;1010;22;Y;Y;Y;Y;Y;N;N
299449;6266;6277;2016/2017;complete;1957;0;-1;14,84;;2;0;2;12;3;15;0;3;0;0;0;0;5;4;13;5;18;9;7;7;55;45;0;0;0;0;0;0;0;0;0;0;0;0;0;0;0;0;0;0;0;0;0;0;0;0;0;0;0;0;0;0;0;0;0;0;0;0;0;0;0;0;0;0;0;0;0;0;0;0;0;0;0;0;0;0;0;0;0;0;0;0;0;0;0;0;0;0;0;0;0;0;2;1;0;1;0;1;1;2016-11-20 13:00:00;6266;0;53;23;30;0;-1;-1;-1;-1;-1;-1;-1;-1;0;0;0;0;0;0;-1;0;0;0;0;0;0;0;0;0;0;0;0;0;1;1;0;0;-1;-1;-1;-1;-1;-1;-1;-1;-1;-1;-1;-1;-1;23;45;68;100;100;35;55;78;78;11.2;5.1;2.3;3.35;Liverpool U23;Reading U23;2.18;0.64;2.25;0.8;1.78;1.11;78;55;33;0;0;43;30;30;0;0;0;1010;22;Y;Y;N;N;N;N;N
299450;6273;6270;2016/2017;complete;1957;0;-1;67;;1;0;1;4;5;9;1;0;2;3;0;0;4;3;7;6;11;9;13;9;43;57;2;3;0;0;0;0;0;0;0;0;0;0;0;0;0;0;0;0;0;0;0;0;0;0;0;0;0;0;0;0;0;0;0;0;0;0;0;0;0;0;0;0;0;0;0;0;0;0;0;0;0;0;0;0;0;0;0;0;0;0;0;0;0;0;0;0;0;0;0;0;1;0;0;1;0;1;0;2016-11-20 13:00:00;6273;0;53;13;20;0;-1;1;-1;-1;-1;-1;-1;-1;1;2;1;1;3;2;-1;0;0;0;0;0;0;0;0;0;0;0;0;0;1;1;0;0;-1;-1;1;0;-1;-1;-1;-1;-1;-1;-1;-1;-1;30;30;50;88;100;55;88;75;50;13.15;3.45;2.85;3.08;Everton U23;Manchester City U23;2.27;1.82;1.75;2.4;2.11;2.22;70;70;50;13;0;70;58;58;0;0;0;1010;22;Y;N;N;N;N;N;N
299451;6276;6278;2016/2017;complete;1957;0;-1;8,87,90;7,16;3;2;5;16;1;17;3;1;1;1;0;0;16;4;20;2;36;6;11;11;66;34;1;1;0;0;0;0;0;0;0;0;0;0;0;0;0;0;0;0;0;0;0;0;0;0;0;0;0;0;0;0;0;0;0;0;0;0;0;0;0;0;0;0;0;0;0;0;0;0;0;0;0;0;0;0;0;0;0;0;0;0;0;0;0;0;0;0;0;0;0;0;5;1;2;2;0;2;3;2016-11-21 14:05:00;6276;0;53;13;40;0;-1;1;-1;-1;-1;-1;-1;-1;1;0;0;1;1;1;-1;0;0;0;0;0;0;0;0;0;0;0;0;0;1;1;1;1;-1;-1;1;0;-1;-1;-1;-1;-1;-1;-1;-1;-1;23;43;65;78;78;38;58;65;53;9.75;3;2.15;2.85;Chelsea U23;Southampton U23;1.91;0.73;1.6;1;1.22;1.56;78;58;35;23;23;43;43;43;0;0;0;1010;22;Y;Y;Y;Y;Y;N;Y
299452;6271;6268;2016/2017;complete;1957;0;-1;;43,61;0;2;2;4;4;8;3;1;0;2;0;0;3;5;7;8;10;13;14;13;58;42;0;2;0;0;0;0;0;0;0;0;0;0;0;0;0;0;0;0;0;0;0;0;0;0;0;0;0;0;0;0;0;0;0;0;0;0;0;0;0;0;0;0;0;0;0;0;0;0;0;0;0;0;0;0;0;0;0;0;0;0;0;0;0;0;0;0;0;0;0;0;2;0;1;0;1;1;1;2016-11-21 19:00:00;6268;0;43;23;23;0;-1;1;-1;-1;-1;-1;-1;-1;0;1;0;1;1;1;-1;0;0;0;0;0;0;0;0;0;0;0;0;0;1;1;0;0;-1;-1;0;0;-1;-1;-1;-1;-1;-1;-1;-1;-1;23;35;48;68;100;23;65;90;48;7.75;2.4;2.6;2.73;Manchester United U23;Sunderland U23;1.36;1.18;2.2;1.5;1.44;1.33;78;65;53;33;0;68;68;43;0;0;0;1010;22;Y;Y;N;N;N;N;N
299453;6270;6276;2016/2017;complete;1957;0;-1;45,64;48,89;2;2;4;7;9;16;2;1;3;1;1;0;7;6;2;5;9;11;12;13;49;51;4;1;0;0;0;0;0;0;0;0;0;0;0;0;0;0;0;0;0;0;0;0;0;0;0;0;0;0;0;0;0;0;0;0;0;0;0;0;0;0;0;0;0;0;0;0;0;0;0;0;0;0;0;0;0;0;0;0;0;0;0;0;0;0;0;0;0;0;0;0;4;1;0;1;2;3;1;2016-11-26 12:45:00;-1;0;75;13;13;0;-1;1;-1;-1;-1;-1;-1;-1;0;0;4;1;0;5;-1;0;0;0;0;0;0;0;0;0;0;0;0;0;1;1;0;0;-1;-1;0;0;-1;-1;-1;-1;-1;-1;-1;-1;-1;0;0;13;75;100;13;88;63;25;14.5;2.25;2.25;1.88;Manchester City U23;Chelsea U23;2.27;0.82;2;0.75;2;1.4;100;100;88;25;0;50;50;50;0;0;0;1010;22;Y;Y;Y;Y;N;N;Y
299454;6278;6273;2016/2017;complete;1957;0;-1;35;34;1;1;2;4;4;8;0;3;1;2;0;0;3;10;4;5;7;15;13;13;46;54;1;2;0;0;0;0;0;0;0;0;0;0;0;0;0;0;0;0;0;0;0;0;0;0;0;0;0;0;0;0;0;0;0;0;0;0;0;0;0;0;0;0;0;0;0;0;0;0;0;0;0;0;0;0;0;0;0;0;0;0;0;0;0;0;0;0;0;0;0;0;2;1;1;0;0;0;2;2016-11-28 19:00:00;-1;0;40;20;40;0;-1;1;-1;-1;-1;-1;-1;-1;1;1;0;1;2;1;-1;0;0;0;0;0;0;0;0;0;0;0;0;0;1;1;0;0;-1;-1;0;0;-1;-1;-1;-1;-1;-1;-1;-1;-1;30;50;60;90;100;20;70;90;90;10.4;4.2;3;3.7;Southampton U23;Everton U23;1.18;2.09;2;2.4;1.4;2.2;70;50;40;10;0;60;50;40;0;0;0;1010;22;Y;Y;N;N;N;N;Y
299455;6277;6271;2016/2017;complete;1957;0;-1;25,52;29,29;2;2;4;8;4;12;0;0;2;2;0;0;7;5;13;7;20;12;6;16;60;40;2;2;0;0;0;0;0;0;0;0;0;0;0;0;0;0;0;0;0;0;0;0;0;0;0;0;0;0;0;0;0;0;0;0;0;0;0;0;0;0;0;0;0;0;0;0;0;0;0;0;0;0;0;0;0;0;0;0;0;0;0;0;0;0;0;0;0;0;0;0;4;1;2;1;0;1;3;2016-11-28 19:00:00;-1;0;75;25;25;0;-1;1;-1;-1;-1;-1;-1;-1;1;0;1;2;1;3;-1;0;0;0;0;0;0;0;0;1;0;1;0;0;1;1;0;0;-1;-1;0;0;-1;-1;-1;-1;-1;-1;-1;-1;-1;38;38;50;100;100;38;88;88;63;8;2.75;4.5;3.75;Reading U23;Manchester United U23;1.36;1;1.5;0.5;1;1.3;63;63;50;0;0;63;63;38;0;0;0;1010;22;Y;Y;Y;Y;N;N;Y
299456;6275;6266;2016/2017;complete;1957;0;-1;;;0;0;0;1;8;9;1;4;0;0;0;0;2;9;4;6;6;15;15;15;42;58;0;0;0;0;0;0;0;0;0;0;0;0;0;0;0;0;0;0;0;0;0;0;0;0;0;0;0;0;0;0;0;0;0;0;0;0;0;0;0;0;0;0;0;0;0;0;0;0;0;0;0;0;0;0;0;0;0;0;0;0;0;0;0;0;0;0;0;0;0;0;0;0;0;0;0;0;0;2016-11-28 19:00:00;-1;0;80;10;50;0;-1;-1;-1;-1;-1;-1;-1;-1;0;0;0;0;0;0;-1;0;0;0;0;0;0;0;0;0;0;0;0;0;1;1;0;0;-1;-1;-1;-1;-1;-1;-1;-1;-1;-1;-1;-1;-1;30;50;70;90;100;60;90;80;60;9.4;4;3;3.7;Derby County U23;Liverpool U23;1.36;1.73;1.2;1.4;0.8;1.9;70;50;30;10;0;50;50;50;0;0;0;1010;22;N;N;N;N;N;N;N
299457;6274;6272;2016/2017;complete;1957;0;-1;14,53,55;;3;0;3;7;3;10;1;2;0;1;0;0;6;6;8;7;14;13;5;11;59;41;0;1;0;0;0;0;0;0;0;0;0;0;0;0;0;0;0;0;0;0;0;0;0;0;0;0;0;0;0;0;0;0;0;0;0;0;0;0;0;0;0;0;0;0;0;0;0;0;0;0;0;0;0;0;0;0;0;0;0;0;0;0;0;0;0;0;0;0;0;0;3;1;0;2;0;2;1;2016-11-28 19:00:00;6274;0;30;10;20;0;-1;1;-1;-1;-1;-1;-1;-1;0;0;0;1;0;1;-1;0;0;0;0;0;0;0;0;0;0;0;0;0;1;1;0;0;-1;-1;0;0;-1;-1;-1;-1;-1;-1;-1;-1;-1;10;50;50;70;80;30;60;70;50;8;2.6;4;2.6;Arsenal U23;Leicester City U23;1.64;0.82;0.8;0.6;1.3;1.2;90;50;50;30;20;60;60;50;0;0;0;1010;22;Y;Y;Y;N;N;N;N
299458;6268;6269;2016/2017;complete;1957;0;-1;11,40;45,54;2;2;4;4;3;7;2;2;2;0;0;0;0;0;0;0;0;0;16;13;-1;-1;2;0;0;0;0;0;0;0;0;0;0;0;0;0;0;0;0;0;0;0;0;0;0;0;0;0;0;0;0;0;0;0;0;0;0;0;0;0;0;0;0;0;0;0;0;0;0;0;0;0;0;0;0;0;0;0;0;0;0;0;0;0;0;0;0;0;0;0;0;0;4;2;1;0;1;1;3;2016-11-28 19:00:00;-1;0;70;20;50;0;-1;1;-1;-1;-1;-1;-1;-1;0;0;2;0;0;2;-1;0;0;0;0;0;0;0;0;0;0;0;0;0;1;1;0;0;-1;-1;0;0;-1;-1;-1;-1;-1;-1;-1;-1;-1;20;40;60;90;100;40;60;80;60;8.6;5;3.6;3.2;Sunderland U23;Tottenham Hotspur U23;1.09;0.73;1.2;1.2;1.5;0.7;80;60;40;10;0;50;50;40;0;0;0;1010;22;Y;Y;Y;Y;N;N;Y
299459;6278;6268;2016/2017;complete;1957;0;-1;;50,57;0;2;2;5;5;10;1;0;0;0;1;1;3;6;9;6;12;12;9;7;54;46;2;2;0;0;0;0;0;0;0;0;0;0;0;0;0;0;0;0;0;0;0;0;0;0;0;0;0;0;0;0;0;0;0;0;0;0;0;0;0;0;0;0;0;0;0;0;0;0;0;0;0;0;0;0;0;0;0;0;0;0;0;0;0;0;0;0;0;0;0;0;2;0;0;0;2;2;0;2016-12-09 12:00:00;6268;0;35;27;27;0;-1;1;-1;-1;-1;-1;-1;-1;0;0;1;1;0;2;-1;0;0;0;0;0;0;0;0;0;0;0;0;0;1;1;0;0;-1;-1;0;0;-1;-1;-1;-1;-1;-1;-1;-1;-1;10;37;55;82;100;27;72;84;64;9.3;1.83;3.5;2.84;Southampton U23;Sunderland U23;1.18;1.18;1.83;1.8;1.36;1.45;90;64;45;19;0;47;47;27;0;0;0;1010;22;Y;Y;N;N;N;N;N
299460;6276;6271;2016/2017;complete;1957;0;-1;30,52,90;19;3;1;4;8;5;13;0;1;1;2;0;0;5;2;5;1;10;3;14;17;61;39;1;2;0;0;0;0;0;0;0;0;0;0;0;0;0;0;0;0;0;0;0;0;0;0;0;0;0;0;0;0;0;0;0;0;0;0;0;0;0;0;0;0;0;0;0;0;0;0;0;0;0;0;0;0;0;0;0;0;0;0;0;0;0;0;0;0;0;0;0;0;4;1;1;2;0;2;2;2016-12-09 19:05:00;6276;0;72;29;34;0;-1;1;-1;-1;-1;-1;-1;-1;1;0;0;2;1;2;-1;0;0;0;0;0;0;0;1;0;0;0;1;0;1;1;0;0;-1;-1;0;0;-1;-1;-1;-1;-1;-1;-1;-1;-1;17;44;52;92;92;29;65;82;52;12.3;2.53;3.93;2.95;Chelsea U23;Manchester United U23;1.91;1;1.83;0.6;1.36;1.27;84;57;49;9;9;74;74;64;0;0;0;1010;22;Y;Y;Y;Y;N;N;Y
299461;6270;6277;2016/2017;complete;1957;0;-1;52,71;7;2;1;3;12;6;18;3;2;0;0;0;0;7;5;8;6;15;11;3;7;59;41;0;0;0;0;0;0;0;0;0;0;0;0;0;0;0;0;0;0;0;0;0;0;0;0;0;0;0;0;0;0;0;0;0;0;0;0;0;0;0;0;0;0;0;0;0;0;0;0;0;0;0;0;0;0;0;0;0;0;0;0;0;0;0;0;0;0;0;0;0;0;3;0;1;2;0;2;1;2016-12-10 13:00:00;6270;0;64;9;35;0;-1;-1;-1;-1;-1;-1;-1;-1;0;0;0;0;0;0;-1;0;0;0;0;0;0;0;0;0;0;0;0;0;1;1;0;1;-1;-1;-1;-1;-1;-1;-1;-1;-1;-1;-1;-1;-1;9;27;35;80;100;9;84;72;44;13.87;3.67;2.87;2.5;Manchester City U23;Reading U23;2.27;0.64;1.8;0.67;1.91;1;92;74;65;20;0;64;64;64;0;0;0;1010;22;Y;Y;Y;N;N;N;Y
299462;6273;6272;2016/2017;complete;1957;0;-1;13,46,51,89;23;4;1;5;8;8;16;3;1;2;1;0;0;11;7;6;7;17;14;12;10;47;53;2;1;0;0;0;0;0;0;0;0;0;0;0;0;0;0;0;0;0;0;0;0;0;0;0;0;0;0;0;0;0;0;0;0;0;0;0;0;0;0;0;0;0;0;0;0;0;0;0;0;0;0;0;0;0;0;0;0;0;0;0;0;0;0;0;0;0;0;0;0;5;1;1;3;0;3;2;2016-12-12 19:00:00;6273;0;27;19;9;0;-1;1;-1;-1;-1;-1;-1;-1;1;0;1;1;1;2;-1;0;0;0;0;0;0;0;0;0;0;0;0;0;1;1;0;0;-1;-1;0;0;-1;-1;-1;-1;-1;-1;-1;-1;-1;0;17;25;64;92;37;64;64;17;10.5;3.5;3.23;1.97;Everton U23;Leicester City U23;2.27;0.82;2;0.5;2.09;1.09;100;84;75;37;9;84;64;55;0;0;0;1010;22;Y;Y;Y;Y;Y;N;Y
299463;6266;6274;2016/2017;complete;1957;0;-1;2,13,27;5,73;3;2;5;3;4;7;3;1;1;0;0;0;4;11;3;4;7;15;15;9;47;53;1;0;0;0;0;0;0;0;0;0;0;0;0;0;0;0;0;0;0;0;0;0;0;0;0;0;0;0;0;0;0;0;0;0;0;0;0;0;0;0;0;0;0;0;0;0;0;0;0;0;0;0;0;0;0;0;0;0;0;0;0;0;0;0;0;0;0;0;0;0;5;3;1;0;1;1;4;2016-12-12 19:00:00;6266;0;30;10;20;0;-1;1;-1;-1;-1;-1;-1;-1;0;0;1;0;0;1;-1;0;0;0;0;0;0;0;1;0;1;0;0;0;1;1;1;1;-1;-1;0;0;-1;-1;-1;-1;-1;-1;-1;-1;-1;10;30;50;80;100;30;70;70;60;11.2;3.4;2.8;2.7;Liverpool U23;Arsenal U23;2.18;1.36;2.4;1.8;1.82;1.45;90;70;50;20;0;50;40;40;0;0;0;1010;22;Y;Y;Y;Y;Y;N;Y
299464;6269;6275;2016/2017;complete;1957;0;-1;12,25;;2;0;2;2;10;12;5;4;1;2;0;1;13;0;15;10;28;10;16;8;60;40;1;3;0;0;0;0;0;0;0;0;0;0;0;0;0;0;0;0;0;0;0;0;0;0;0;0;0;0;0;0;0;0;0;0;0;0;0;0;0;0;0;0;0;0;0;0;0;0;0;0;0;0;0;0;0;0;0;0;0;0;0;0;0;0;0;0;0;0;0;0;2;2;0;0;0;0;2;2016-12-12 19:00:00;6269;0;60;20;50;0;-1;1;-1;-1;-1;-1;-1;-1;1;3;0;0;4;0;-1;0;0;0;0;0;0;0;0;0;0;0;0;0;1;1;0;0;-1;-1;0;0;-1;-1;-1;-1;-1;-1;-1;-1;-1;30;50;60;100;100;40;70;80;80;9.4;2.8;5;3.7;Tottenham Hotspur U23;Derby County U23;1.27;0.82;0.2;0.4;0.73;0.82;70;50;40;0;0;70;60;40;0;0;0;1010;22;Y;Y;N;N;N;N;N
299465;6277;6278;2016/2017;complete;1957;0;-1;10,15,60,74;72,80;4;2;6;7;2;9;2;1;3;0;0;0;11;7;6;14;17;21;14;6;57;43;3;0;0;0;0;0;0;0;0;0;0;0;0;0;0;0;0;0;0;0;0;0;0;0;0;0;0;0;0;0;0;0;0;0;0;0;0;0;0;0;0;0;0;0;0;0;0;0;0;0;0;0;0;0;0;0;0;0;0;0;0;0;0;0;0;0;0;0;0;0;6;2;0;2;2;4;2;2017-01-06 13:00:00;6277;0;70;40;20;0;-1;1;-1;-1;-1;-1;-1;-1;0;0;3;0;0;3;-1;0;0;0;0;0;0;0;1;1;1;1;0;0;1;1;1;0;-1;-1;0;0;-1;-1;-1;-1;-1;-1;-1;-1;-1;50;60;80;90;90;70;90;80;60;7.4;2.8;2.6;4.1;Reading U23;Southampton U23;1.36;0.73;1.4;0.8;0.92;1.25;50;40;20;10;10;50;50;40;0;0;0;1010;22;Y;Y;Y;Y;Y;Y;Y
299466;6274;6275;2016/2017;complete;1957;0;-1;6,75;53;2;1;3;9;5;14;2;3;0;1;0;0;5;4;12;3;17;7;7;15;63;37;0;1;0;0;0;0;0;0;0;0;0;0;0;0;0;0;0;0;0;0;0;0;0;0;0;0;0;0;0;0;0;0;0;0;0;0;0;0;0;0;0;0;0;0;0;0;0;0;0;0;0;0;0;0;0;0;0;0;0;0;0;0;0;0;0;0;0;0;0;0;3;1;0;1;1;2;1;2017-01-06 13:00:00;6274;0;34;9;34;0;-1;1;-1;-1;-1;-1;-1;-1;0;1;0;0;1;0;-1;0;0;0;0;0;0;0;0;0;0;0;0;0;1;1;1;0;-1;-1;0;1;-1;-1;-1;-1;-1;-1;-1;-1;-1;25;59;67;92;92;34;75;75;75;10.83;2.5;3.67;3.34;Arsenal U23;Derby County U23;1.64;0.82;1.17;0.33;1.33;0.75;75;42;33;9;9;84;75;50;0;0;0;1010;22;Y;Y;Y;N;N;N;Y
299467;6269;6276;2016/2017;complete;1957;0;-1;39,58;5,55;2;2;4;9;5;14;1;4;0;0;0;0;4;5;9;7;13;12;20;19;56;44;0;0;0;0;0;0;0;0;0;0;0;0;0;0;0;0;0;0;0;0;0;0;0;0;0;0;0;0;0;0;0;0;0;0;0;0;0;0;0;0;0;0;0;0;0;0;0;0;0;0;0;0;0;0;0;0;0;0;0;0;0;0;0;0;0;0;0;0;0;0;4;1;1;1;1;2;2;2017-01-06 13:05:00;-1;0;75;19;37;0;-1;-1;-1;-1;-1;-1;-1;-1;0;0;0;0;0;0;-1;0;0;0;0;0;0;0;0;0;0;0;0;0;1;1;0;1;-1;-1;-1;-1;-1;-1;-1;-1;-1;-1;-1;-1;-1;9;19;37;100;100;35;74;74;64;10.43;3.9;3.43;2.89;Tottenham Hotspur U23;Chelsea U23;1.27;0.82;0.67;0.8;0.92;1.5;92;82;64;0;0;55;55;47;0;0;0;1010;22;Y;Y;Y;Y;N;N;Y
299468;6268;6273;2016/2017;complete;1957;0;-1;;27;0;1;1;6;3;9;2;4;1;4;0;0;4;5;1;7;5;12;12;16;50;50;1;4;0;0;0;0;0;0;0;0;0;0;0;0;0;0;0;0;0;0;0;0;0;0;0;0;0;0;0;0;0;0;0;0;0;0;0;0;0;0;0;0;0;0;0;0;0;0;0;0;0;0;0;0;0;0;0;0;0;0;0;0;0;0;0;0;0;0;0;0;1;0;1;0;0;0;1;2017-01-08 12:00:00;6273;0;67;33;42;0;-1;1;-1;-1;-1;-1;-1;-1;1;2;0;2;3;2;-1;0;0;0;0;0;0;0;0;0;0;0;0;0;1;1;0;0;-1;-1;0;0;-1;-1;-1;-1;-1;-1;-1;-1;-1;34;50;59;100;100;50;67;83;67;8.67;4.84;3.5;3.84;Sunderland U23;Everton U23;1.09;2.09;1.17;2.17;1.58;2.17;67;50;42;0;0;59;50;33;0;0;0;1010;22;Y;N;N;N;N;N;N
299469;6271;6270;2016/2017;complete;1957;0;-1;57;51,60,73;1;3;4;1;9;10;2;3;0;0;1;0;4;8;4;4;8;12;12;10;37;63;2;0;0;0;0;0;0;0;0;0;0;0;0;0;0;0;0;0;0;0;0;0;0;0;0;0;0;0;0;0;0;0;0;0;0;0;0;0;0;0;0;0;0;0;0;0;0;0;0;0;0;0;0;0;0;0;0;0;0;0;0;0;0;0;0;0;0;0;0;0;4;0;0;1;3;4;0;2017-01-09 19:00:00;6270;0;59;9;25;0;-1;1;-1;-1;-1;-1;-1;-1;1;0;0;0;1;0;-1;0;0;0;0;0;0;0;0;0;0;0;0;0;1;1;0;0;-1;-1;0;0;-1;-1;-1;-1;-1;-1;-1;-1;-1;34;34;50;75;100;34;83;92;50;9.33;2.67;2.33;3;Manchester United U23;Manchester City U23;1.36;1.82;1.83;2;1.17;2;67;67;50;25;0;50;42;42;0;0;0;1010;22;Y;Y;Y;Y;N;N;Y
299470;6272;6276;2016/2017;complete;1957;0;-1;;37,50,85,90;0;4;4;8;11;19;0;1;3;2;0;0;4;11;5;5;9;16;12;4;38;62;3;2;0;0;0;0;0;0;0;0;0;0;0;0;0;0;0;0;0;0;0;0;0;0;0;0;0;0;0;0;0;0;0;0;0;0;0;0;0;0;0;0;0;0;0;0;0;0;0;0;0;0;0;0;0;0;0;0;0;0;0;0;0;0;0;0;0;0;0;0;4;0;1;0;3;3;1;2017-01-13 13:05:00;6276;0;80;27;55;0;-1;1;-1;-1;-1;-1;-1;-1;2;1;1;1;3;2;-1;0;0;0;0;0;0;0;0;1;0;1;0;0;1;1;0;0;-1;-1;0;0;-1;-1;-1;-1;-1;-1;-1;-1;-1;40;57;65;100;100;27;72;92;84;12.73;2.83;2.1;3.62;Leicester City U23;Chelsea U23;1.27;0.82;1.8;0.83;1;1.46;60;44;35;0;0;84;84;74;0;0;0;1010;22;Y;Y;Y;Y;N;N;N
299471;6270;6269;2016/2017;complete;1957;0;-1;47,58;76,85;2;2;4;7;5;12;4;4;1;2;0;0;9;11;8;10;17;21;4;15;48;52;1;2;0;0;0;0;0;0;0;0;0;0;0;0;0;0;0;0;0;0;0;0;0;0;0;0;0;0;0;0;0;0;0;0;0;0;0;0;0;0;0;0;0;0;0;0;0;0;0;0;0;0;0;0;0;0;0;0;0;0;0;0;0;0;0;0;0;0;0;0;4;0;0;2;2;4;0;2017-01-13 19:00:00;-1;0;67;17;25;0;-1;1;-1;-1;-1;-1;-1;-1;0;0;1;2;0;3;-1;0;0;0;0;0;0;0;0;0;0;0;0;0;1;1;0;0;-1;-1;0;0;-1;-1;-1;-1;-1;-1;-1;-1;-1;9;34;50;75;100;17;84;75;42;13;4.5;3.16;2.67;Manchester City U23;Tottenham Hotspur U23;2.27;0.73;2;1.17;2.08;0.92;92;67;50;25;0;50;50;50;0;0;0;1010;22;Y;Y;Y;Y;N;N;Y
299472;6278;6274;2016/2017;complete;1957;0;-1;40;59,80,83;1;3;4;9;1;10;7;2;0;1;0;0;6;8;3;4;9;12;11;11;44;56;0;1;0;0;0;0;0;0;0;0;0;0;0;0;0;0;0;0;0;0;0;0;0;0;0;0;0;0;0;0;0;0;0;0;0;0;0;0;0;0;0;0;0;0;0;0;0;0;0;0;0;0;0;0;0;0;0;0;0;0;0;0;0;0;0;0;0;0;0;0;4;1;0;0;3;3;1;2017-01-16 19:00:00;6274;0;47;23;31;0;-1;1;-1;-1;-1;-1;-1;-1;0;0;0;1;0;1;-1;0;0;0;0;0;0;0;0;0;0;0;0;0;1;1;0;0;-1;-1;0;0;-1;-1;-1;-1;-1;-1;-1;-1;-1;9;31;47;77;100;31;77;69;61;10.1;2.19;2.9;2.62;Southampton U23;Arsenal U23;1.18;1.36;1.57;1.5;1.15;1.46;92;69;54;24;0;47;47;40;0;0;0;1010;22;Y;Y;Y;Y;N;N;Y
299473;6273;6277;2016/2017;complete;1957;0;-1;10,52,55;;3;0;3;3;7;10;0;2;0;1;0;0;10;7;4;7;14;14;12;10;39;61;0;1;0;0;0;0;0;0;0;0;0;0;0;0;0;0;0;0;0;0;0;0;0;0;0;0;0;0;0;0;0;0;0;0;0;0;0;0;0;0;0;0;0;0;0;0;0;0;0;0;0;0;0;0;0;0;0;0;0;0;0;0;0;0;0;0;0;0;0;0;3;1;0;2;0;2;1;2017-01-16 19:00:00;6273;0;52;24;22;0;-1;1;-1;-1;-1;-1;-1;-1;0;0;0;1;0;1;-1;0;0;0;0;0;0;0;0;0;0;0;0;0;1;1;1;0;-1;-1;0;0;-1;-1;-1;-1;-1;-1;-1;-1;-1;16;23;37;84;100;32;69;77;44;12.88;4.74;2.07;2.59;Everton U23;Reading U23;2.27;0.64;2.17;0.57;2.23;1.08;85;77;63;17;0;86;69;69;0;0;0;1010;22;Y;Y;Y;N;N;N;N
299474;6266;6271;2016/2017;complete;1957;0;-1;;90;0;1;1;8;4;12;0;2;3;2;0;0;5;4;5;2;10;6;18;9;50;50;3;2;0;0;0;0;0;0;0;0;0;0;0;0;0;0;0;0;0;0;0;0;0;0;0;0;0;0;0;0;0;0;0;0;0;0;0;0;0;0;0;0;0;0;0;0;0;0;0;0;0;0;0;0;0;0;0;0;0;0;0;0;0;0;0;0;0;0;0;0;1;0;0;0;1;1;0;2017-01-16 19:00:00;6271;0;50;42;0;0;-1;1;-1;-1;-1;-1;-1;-1;0;0;3;2;0;5;-1;0;0;0;0;0;0;0;0;1;0;0;0;1;1;1;0;0;-1;-1;0;0;-1;-1;-1;-1;-1;-1;-1;-1;-1;17;42;50;100;100;50;75;83;42;9.83;3.34;3.67;3.09;Liverpool U23;Manchester United U23;2.18;1;2.5;0.5;1.92;1.08;84;59;50;0;0;58;50;42;0;0;0;1010;22;Y;N;N;N;N;N;N
299475;6275;6268;2016/2017;complete;1957;0;-1;;;0;0;0;9;7;16;0;2;1;1;0;0;3;7;6;5;9;12;17;16;58;42;1;1;0;0;0;0;0;0;0;0;0;0;0;0;0;0;0;0;0;0;0;0;0;0;0;0;0;0;0;0;0;0;0;0;0;0;0;0;0;0;0;0;0;0;0;0;0;0;0;0;0;0;0;0;0;0;0;0;0;0;0;0;0;0;0;0;0;0;0;0;0;0;0;0;0;0;0;2017-01-18 19:00:00;-1;0;42;17;25;0;-1;1;-1;-1;-1;-1;-1;-1;0;0;1;1;0;2;-1;0;0;0;0;0;0;0;0;0;0;0;0;0;1;1;0;0;-1;-1;0;0;-1;-1;-1;-1;-1;-1;-1;-1;-1;17;33;59;83;92;42;67;84;59;8.83;2.83;3.17;2.83;Derby County U23;Sunderland U23;1.36;1.18;1.17;2;0.69;1.46;83;67;42;17;9;67;59;34;0;0;0;1010;22;N;N;N;N;N;N;N
299476;6268;6266;2016/2017;complete;1957;0;-1;;;0;0;0;6;6;12;2;0;1;1;0;0;4;5;9;5;13;10;13;11;45;55;1;1;0;0;0;0;0;0;0;0;0;0;0;0;0;0;0;0;0;0;0;0;0;0;0;0;0;0;0;0;0;0;0;0;0;0;0;0;0;0;0;0;0;0;0;0;0;0;0;0;0;0;0;0;0;0;0;0;0;0;0;0;0;0;0;0;0;0;0;0;0;0;0;0;0;0;0;2017-01-29 12:00:00;-1;0;69;15;47;0;-1;1;-1;-1;-1;-1;-1;-1;0;0;1;1;0;2;-1;0;0;0;0;0;0;0;0;0;0;0;0;0;1;1;0;0;-1;-1;0;0;-1;-1;-1;-1;-1;-1;-1;-1;-1;24;47;54;77;92;45;69;69;47;8.93;3.88;3.19;3.24;Sunderland U23;Liverpool U23;1.09;1.73;1;1.33;1.43;1.77;77;54;47;24;9;54;38;31;0;0;0;1010;22;N;N;N;N;N;N;N
299477;6269;6278;2016/2017;complete;1957;0;-1;28,30,45;59;3;1;4;4;5;9;0;3;1;1;0;0;5;5;8;4;13;9;12;7;51;49;1;1;0;0;0;0;0;0;0;0;0;0;0;0;0;0;0;0;0;0;0;0;0;0;0;0;0;0;0;0;0;0;0;0;0;0;0;0;0;0;0;0;0;0;0;0;0;0;0;0;0;0;0;0;0;0;0;0;0;0;0;0;0;0;0;0;0;0;0;0;4;3;0;0;1;1;3;2017-01-30 19:00:00;6269;0;54;31;30;0;-1;1;-1;-1;-1;-1;-1;-1;0;0;1;1;0;2;-1;0;0;0;0;0;0;0;0;1;0;0;0;1;1;1;0;0;-1;-1;0;0;-1;-1;-1;-1;-1;-1;-1;-1;-1;32;40;55;92;92;70;77;69;61;6.9;3.96;3.1;3.4;Tottenham Hotspur U23;Southampton U23;1.27;0.73;0.71;0.67;0.93;1.07;68;61;45;9;9;54;45;38;0;0;0;1010;22;Y;Y;Y;Y;N;N;Y
299478;6277;6275;2016/2017;complete;1957;0;-1;14,52,75;63,74,90;3;3;6;3;13;16;1;4;2;1;0;0;6;7;4;12;10;19;13;17;49;51;2;1;0;0;0;0;0;0;0;0;0;0;0;0;0;0;0;0;0;0;0;0;0;0;0;0;0;0;0;0;0;0;0;0;0;0;0;0;0;0;0;0;0;0;0;0;0;0;0;0;0;0;0;0;0;0;0;0;0;0;0;0;0;0;0;0;0;0;0;0;6;1;0;2;3;5;1;2017-01-30 19:00:00;-1;0;79;24;54;0;-1;1;-1;-1;-1;-1;-1;-1;1;1;1;0;2;1;-1;0;0;0;0;0;0;0;0;0;0;0;0;0;1;1;0;0;-1;-1;0;0;-1;-1;-1;-1;-1;-1;-1;-1;-1;48;70;86;100;100;55;93;86;77;11.19;2.74;3.86;4.45;Reading U23;Derby County U23;1.36;0.82;1.67;0.29;1;0.71;52;30;15;0;0;84;68;52;0;0;0;1010;22;Y;Y;Y;Y;Y;Y;Y
299479;6271;6273;2016/2017;complete;1957;0;-1;57;44,69,78;1;3;4;5;2;7;0;3;2;1;0;0;4;6;11;3;15;9;5;8;63;37;2;1;0;0;0;0;0;0;0;0;0;0;0;0;0;0;0;0;0;0;0;0;0;0;0;0;0;0;0;0;0;0;0;0;0;0;0;0;0;0;0;0;0;0;0;0;0;0;0;0;0;0;0;0;0;0;0;0;0;0;0;0;0;0;0;0;0;0;0;0;4;0;1;1;2;3;1;2017-01-30 19:00:00;6273;0;50;22;29;0;-1;1;-1;-1;-1;-1;-1;-1;1;1;1;0;2;1;-1;0;0;0;0;0;0;0;2;2;1;1;1;1;1;1;0;0;-1;-1;0;0;-1;-1;-1;-1;-1;-1;-1;-1;-1;29;36;36;79;100;22;71;79;50;7.86;5;2.57;3.07;Manchester United U23;Everton U23;1.36;2.09;1.57;2.29;1.21;2.29;72;64;64;22;0;64;50;36;0;0;0;1010;22;Y;Y;Y;Y;N;N;Y
299480;6272;6270;2016/2017;complete;1957;0;-1;64,75,81;7,23,76;3;3;6;7;4;11;1;3;3;1;0;0;6;5;6;10;12;15;14;7;43;57;3;1;0;0;0;0;0;0;0;0;0;0;0;0;0;0;0;0;0;0;0;0;0;0;0;0;0;0;0;0;0;0;0;0;0;0;0;0;0;0;0;0;0;0;0;0;0;0;0;0;0;0;0;0;0;0;0;0;0;0;0;0;0;0;0;0;0;0;0;0;6;0;2;3;1;4;2;2017-01-30 19:00:00;-1;0;61;9;47;0;-1;1;-1;-1;-1;-1;-1;-1;1;0;2;1;1;3;-1;0;0;0;0;0;0;0;1;0;1;0;0;0;1;1;0;1;-1;-1;0;0;-1;-1;-1;-1;-1;-1;-1;-1;-1;55;70;85;93;100;30;69;100;93;12.53;2.12;3.4;4.1;Leicester City U23;Manchester City U23;1.27;1.82;1.5;2.14;0.92;2;45;30;16;7;0;79;72;56;0;0;0;1010;22;Y;Y;Y;Y;Y;Y;Y
299481;6270;6268;2016/2017;complete;1957;0;-1;8,27,76,88;67;4;1;5;5;7;12;0;0;0;2;0;0;9;9;5;5;14;14;7;10;69;31;0;2;0;0;0;0;0;0;0;0;0;0;0;0;0;0;0;0;0;0;0;0;0;0;0;0;0;0;0;0;0;0;0;0;0;0;0;0;0;0;0;0;0;0;0;0;0;0;0;0;0;0;0;0;0;0;0;0;0;0;0;0;0;0;0;0;0;0;0;0;5;2;0;2;1;3;2;2017-02-03 19:00:00;6270;0;43;7;22;0;-1;1;-1;-1;-1;-1;-1;-1;0;0;0;2;0;2;-1;0;0;0;0;0;0;0;0;0;0;0;0;0;1;1;1;0;-1;-1;0;0;-1;-1;-1;-1;-1;-1;-1;-1;-1;7;29;43;71;93;7;65;79;50;13;2.71;3.57;2.43;Manchester City U23;Sunderland U23;2.27;1.18;1.86;1.86;1.93;1.4;93;71;57;29;7;71;71;50;0;0;0;1010;22;Y;Y;Y;Y;Y;N;Y
299482;6276;6277;2016/2017;complete;1957;0;-1;18,49;;2;0;2;4;5;9;1;3;0;0;0;0;8;6;6;10;14;16;13;8;42;58;0;0;0;0;0;0;0;0;0;0;0;0;0;0;0;0;0;0;0;0;0;0;0;0;0;0;0;0;0;0;0;0;0;0;0;0;0;0;0;0;0;0;0;0;0;0;0;0;0;0;0;0;0;0;0;0;0;0;0;0;0;0;0;0;0;0;0;0;0;0;2;1;0;1;0;1;1;2017-02-05 12:05:00;6276;0;75;21;48;0;-1;-1;-1;-1;-1;-1;-1;-1;0;0;0;0;0;0;-1;0;0;0;0;0;0;0;0;0;0;0;0;0;1;1;0;0;-1;-1;-1;-1;-1;-1;-1;-1;-1;-1;-1;-1;-1;21;48;75;93;93;21;66;87;81;14.31;3.64;1.92;3.29;Chelsea U23;Reading U23;1.91;0.64;2;0.5;1.57;1;80;52;26;7;7;73;73;67;0;0;0;1010;22;Y;Y;N;N;N;N;N
299483;6266;6269;2016/2017;complete;1957;0;-1;27,47,82;18,26;3;2;5;7;3;10;1;0;1;1;0;0;7;5;9;7;16;12;12;12;47;53;1;1;0;0;0;0;0;0;0;0;0;0;0;0;0;0;0;0;0;0;0;0;0;0;0;0;0;0;0;0;0;0;0;0;0;0;0;0;0;0;0;0;0;0;0;0;0;0;0;0;0;0;0;0;0;0;0;0;0;0;0;0;0;0;0;0;0;0;0;0;5;1;2;2;0;2;3;2017-02-05 13:00:00;6266;0;50;29;22;0;-1;1;-1;-1;-1;-1;-1;-1;0;0;1;1;0;2;-1;0;0;0;0;0;0;0;1;0;1;0;0;0;1;1;0;0;-1;-1;0;0;-1;-1;-1;-1;-1;-1;-1;-1;-1;22;50;64;86;100;36;57;86;50;10.43;5.15;2.86;3.22;Liverpool U23;Tottenham Hotspur U23;2.18;0.73;2.14;1.14;1.71;1.07;79;50;36;14;0;43;36;36;0;0;0;1010;22;Y;Y;Y;Y;Y;N;Y
299484;6275;6271;2016/2017;complete;1957;0;-1;27,40,67,69,72;6,77,88;5;3;8;5;4;9;3;0;1;1;0;0;10;6;7;5;17;11;13;15;49;51;1;1;0;0;0;0;0;0;0;0;0;0;0;0;0;0;0;0;0;0;0;0;0;0;0;0;0;0;0;0;0;0;0;0;0;0;0;0;0;0;0;0;0;0;0;0;0;0;0;0;0;0;0;0;0;0;0;0;0;0;0;0;0;0;0;0;0;0;0;0;8;2;1;3;2;5;3;2017-02-06 19:00:00;6275;0;57;29;15;0;-1;1;-1;-1;-1;-1;-1;-1;0;0;1;1;0;2;-1;0;0;0;0;0;0;0;0;0;0;0;0;0;1;1;0;1;-1;-1;0;0;-1;-1;-1;-1;-1;-1;-1;-1;-1;7;29;43;79;86;50;71;72;36;9.43;3;3.57;2.43;Derby County U23;Manchester United U23;1.36;1;1.14;0.86;0.73;1.13;93;71;57;22;15;79;72;64;0;0;0;1010;22;Y;Y;Y;Y;Y;Y;Y
299485;6272;6278;2016/2017;complete;1957;0;-1;;11,89;0;2;2;4;6;10;0;1;1;1;0;0;0;6;9;10;9;16;7;10;35;65;1;1;0;0;0;0;0;0;0;0;0;0;0;0;0;0;0;0;0;0;0;0;0;0;0;0;0;0;0;0;0;0;0;0;0;0;0;0;0;0;0;0;0;0;0;0;0;0;0;0;0;0;0;0;0;0;0;0;0;0;0;0;0;0;0;0;0;0;0;0;2;0;1;0;1;1;1;2017-02-06 19:00:00;6278;0;57;22;36;0;-1;1;-1;-1;-1;-1;-1;-1;0;1;1;0;1;1;-1;0;0;0;0;0;0;0;0;0;0;0;0;0;1;1;0;0;-1;-1;0;0;-1;-1;-1;-1;-1;-1;-1;-1;-1;57;72;79;93;93;58;79;86;72;9.42;2.72;2.71;4.07;Leicester City U23;Southampton U23;1.27;0.73;1.43;0.57;0.93;1;43;29;22;7;7;79;65;58;0;0;0;1010;22;Y;Y;N;N;N;N;N
299486;6273;6274;2016/2017;complete;1957;0;-1;86;;1;0;1;1;6;7;1;0;0;0;0;0;8;5;6;5;14;10;9;7;43;57;0;0;0;0;0;0;0;0;0;0;0;0;0;0;0;0;0;0;0;0;0;0;0;0;0;0;0;0;0;0;0;0;0;0;0;0;0;0;0;0;0;0;0;0;0;0;0;0;0;0;0;0;0;0;0;0;0;0;0;0;0;0;0;0;0;0;0;0;0;0;1;0;0;1;0;1;0;2017-02-06 19:00:00;6273;0;43;22;15;0;-1;-1;-1;-1;-1;-1;-1;-1;0;0;0;0;0;0;-1;0;0;0;0;0;0;0;0;0;0;0;0;0;1;1;0;0;-1;-1;-1;-1;-1;-1;-1;-1;-1;-1;-1;-1;-1;14;29;43;71;100;36;79;71;43;10.71;3.29;2.58;2.58;Everton U23;Arsenal U23;2.27;1.36;2.29;1.71;2.33;1.57;86;72;57;29;0;79;64;50;0;0;0;1010;22;Y;N;N;N;N;N;N
299487;6276;6270;2016/2017;complete;1957;0;-1;14,41,89;7,9,73,76;3;4;7;-1;-1;-1;-1;-1;3;2;0;0;-1;-1;-1;-1;-1;-1;-1;-1;-1;-1;3;2;0;0;0;0;0;0;0;0;0;0;0;0;0;0;0;0;0;0;0;0;0;0;0;0;0;0;0;0;0;0;0;0;0;0;0;0;0;0;0;0;0;0;0;0;0;0;0;0;0;0;0;0;0;0;0;0;0;0;0;0;0;0;0;0;0;0;0;0;7;2;2;1;2;3;4;2017-02-18 13:00:00;6270;0;75;13;50;0;-1;1;-1;-1;-1;-1;-1;-1;2;0;1;2;2;3;-1;0;0;0;0;0;0;0;0;1;0;1;0;0;1;1;0;2;-1;-1;0;0;-1;-1;-1;-1;-1;-1;-1;-1;-1;38;63;82;88;94;38;69;94;82;13.51;2.63;2.63;3.76;Chelsea U23;Manchester City U23;1.91;1.82;2.13;2;1.67;2;63;38;19;13;7;69;57;51;0;0;0;1010;22;Y;Y;Y;Y;Y;Y;Y
299488;6271;6277;2016/2017;complete;1957;0;-1;;32,58;0;2;2;5;7;12;1;1;2;0;0;0;7;10;3;6;10;16;17;8;49;51;2;0;0;0;0;0;0;0;0;0;0;0;0;0;0;0;0;0;0;0;0;0;0;0;0;0;0;0;0;0;0;0;0;0;0;0;0;0;0;0;0;0;0;0;0;0;0;0;0;0;0;0;0;0;0;0;0;0;0;0;0;0;0;0;0;0;0;0;0;0;2;0;1;0;1;1;1;2017-02-19 12:00:00;6277;0;60;12;36;0;-1;1;-1;-1;-1;-1;-1;-1;0;0;2;0;0;2;-1;0;0;0;0;0;0;0;0;0;0;0;0;0;1;1;0;0;-1;-1;0;0;-1;-1;-1;-1;-1;-1;-1;-1;-1;12;30;47;88;100;12;77;89;53;9.53;4.06;1.44;2.76;Manchester United U23;Reading U23;1.36;0.64;1.38;0.44;1.06;0.94;89;71;54;13;0;64;59;47;0;0;0;1010;22;Y;Y;N;N;N;N;N
299489;6272;6274;2016/2017;complete;1957;0;-1;18,52;87;2;1;3;5;10;15;1;1;2;2;0;0;7;6;4;6;11;12;14;5;37;63;2;2;0;0;0;0;0;0;0;0;0;0;0;0;0;0;0;0;0;0;0;0;0;0;0;0;0;0;0;0;0;0;0;0;0;0;0;0;0;0;0;0;0;0;0;0;0;0;0;0;0;0;0;0;0;0;0;0;0;0;0;0;0;0;0;0;0;0;0;0;3;1;0;1;1;2;1;2017-02-19 12:00:00;6272;0;50;13;38;0;-1;1;-1;-1;-1;-1;-1;-1;0;2;2;0;2;2;-1;0;0;0;0;0;0;0;0;0;0;0;0;0;1;1;0;0;-1;-1;0;0;-1;-1;-1;-1;-1;-1;-1;-1;-1;38;57;63;82;100;25;75;88;69;10.76;2;3.01;3.44;Leicester City U23;Arsenal U23;1.27;1.36;1.25;1.5;0.87;1.47;63;44;38;19;0;75;75;57;0;0;0;1010;22;Y;Y;Y;N;N;N;Y
299490;6266;6275;2016/2017;complete;1957;0;-1;65;55,90;1;2;3;-1;-1;-1;-1;-1;1;2;0;0;-1;-1;-1;-1;-1;-1;-1;-1;-1;-1;1;2;0;0;0;0;0;0;0;0;0;0;0;0;0;0;0;0;0;0;0;0;0;0;0;0;0;0;0;0;0;0;0;0;0;0;0;0;0;0;0;0;0;0;0;0;0;0;0;0;0;0;0;0;0;0;0;0;0;0;0;0;0;0;0;0;0;0;0;0;3;0;0;1;2;3;0;2017-02-19 13:00:00;6275;0;51;26;32;0;-1;1;-1;-1;-1;-1;-1;-1;0;2;1;0;2;1;-1;0;0;0;0;0;0;0;0;0;0;0;0;0;1;1;0;0;-1;-1;0;0;-1;-1;-1;-1;-1;-1;-1;-1;-1;38;57;69;94;100;44;76;82;63;13;3.63;3.13;3.63;Liverpool U23;Derby County U23;2.18;0.82;2.25;0.38;1.8;0.88;63;44;32;7;0;75;63;50;0;0;0;1010;22;Y;Y;Y;N;N;N;Y
299491;6269;6268;2016/2017;complete;1957;0;-1;5;;1;0;1;1;0;1;2;3;1;2;0;0;5;5;10;3;15;8;11;20;61;39;1;2;0;0;0;0;0;0;0;0;0;0;0;0;0;0;0;0;0;0;0;0;0;0;0;0;0;0;0;0;0;0;0;0;0;0;0;0;0;0;0;0;0;0;0;0;0;0;0;0;0;0;0;0;0;0;0;0;0;0;0;0;0;0;0;0;0;0;0;0;1;1;0;0;0;0;1;2017-02-20 19:00:00;6269;0;44;19;32;0;-1;1;-1;-1;-1;-1;-1;-1;0;1;1;1;1;2;-1;0;0;0;0;0;0;0;0;0;0;0;0;0;1;1;1;0;-1;-1;0;0;-1;-1;-1;-1;-1;-1;-1;-1;-1;19;38;50;88;94;44;63;82;63;9.25;2.88;4.13;3.07;Tottenham Hotspur U23;Sunderland U23;1.27;1.18;1;1.63;1;1.31;82;63;50;13;7;69;63;38;0;0;0;1010;22;Y;N;N;N;N;N;N
299492;6273;6278;2016/2017;complete;1957;0;-1;4,82;;2;0;2;5;3;8;3;1;0;0;0;0;8;0;12;3;20;3;13;9;54;46;0;0;0;0;0;0;0;0;0;0;0;0;0;0;0;0;0;0;0;0;0;0;0;0;0;0;0;0;0;0;0;0;0;0;0;0;0;0;0;0;0;0;0;0;0;0;0;0;0;0;0;0;0;0;0;0;0;0;0;0;0;0;0;0;0;0;0;0;0;0;2;1;0;1;0;1;1;2017-02-20 19:00:00;6273;0;38;25;7;0;-1;-1;-1;-1;-1;-1;-1;-1;0;0;0;0;0;0;-1;0;0;0;0;0;0;0;0;0;0;0;0;0;1;1;1;0;-1;-1;-1;-1;-1;-1;-1;-1;-1;-1;-1;-1;-1;26;32;44;76;94;57;76;75;32;9.01;3.5;1.88;2.76;Everton U23;Southampton U23;2.27;0.73;2.38;0.88;2.38;1.13;76;69;57;26;7;76;51;38;0;0;0;1010;22;Y;Y;N;N;N;N;N
299493;6274;6276;2016/2017;complete;1957;0;-1;22,35,62,72;68;4;1;5;8;3;11;0;4;1;3;0;0;7;4;4;9;11;13;9;7;50;50;1;3;0;0;0;0;0;0;0;0;0;0;0;0;0;0;0;0;0;0;0;0;0;0;0;0;0;0;0;0;0;0;0;0;0;0;0;0;0;0;0;0;0;0;0;0;0;0;0;0;0;0;0;0;0;0;0;0;0;0;0;0;0;0;0;0;0;0;0;0;5;2;0;2;1;3;2;2017-02-24 13:30:00;6274;0;58;15;36;0;-1;1;-1;-1;-1;-1;-1;-1;1;1;0;2;2;2;-1;0;0;0;0;0;0;0;1;0;1;0;0;0;1;1;0;0;-1;-1;0;0;-1;-1;-1;-1;-1;-1;-1;-1;-1;7;43;64;93;93;22;79;86;79;12.43;3;2.14;3;Arsenal U23;Chelsea U23;1.64;0.82;1.43;1.14;1.38;1.56;93;57;36;7;7;71;71;57;0;0;0;1010;22;Y;Y;Y;Y;Y;N;Y
299494;6274;6269;2016/2017;complete;1957;0;-1;42,88;;2;0;2;5;3;8;2;0;1;3;0;0;12;4;5;5;17;9;12;14;53;47;1;3;0;0;0;0;0;0;0;0;0;0;0;0;0;0;0;0;0;0;0;0;0;0;0;0;0;0;0;0;0;0;0;0;0;0;0;0;0;0;0;0;0;0;0;0;0;0;0;0;0;0;0;0;0;0;0;0;0;0;0;0;0;0;0;0;0;0;0;0;2;1;0;1;0;1;1;2017-03-03 14:00:00;6274;0;57;19;38;0;-1;1;-1;-1;-1;-1;-1;-1;0;1;1;2;1;3;-1;0;0;0;0;0;0;0;0;0;0;0;0;0;1;1;0;0;-1;-1;0;0;-1;-1;-1;-1;-1;-1;-1;-1;-1;25;57;75;88;94;32;69;88;76;9.88;4.01;2.76;3.38;Arsenal U23;Tottenham Hotspur U23;1.64;0.73;1.63;1;1.47;1.12;75;44;25;13;7;63;63;44;0;0;0;1010;22;Y;Y;N;N;N;N;N
299495;6270;6273;2016/2017;complete;1957;0;-1;66,71,77;;3;0;3;10;3;13;1;3;0;3;0;0;6;4;7;8;13;12;6;7;59;41;0;3;0;0;0;0;0;0;0;0;0;0;0;0;0;0;0;0;0;0;0;0;0;0;0;0;0;0;0;0;0;0;0;0;0;0;0;0;0;0;0;0;0;0;0;0;0;0;0;0;0;0;0;0;0;0;0;0;0;0;0;0;0;0;0;0;0;0;0;0;3;0;0;3;0;3;0;2017-03-03 19:00:00;6270;0;63;13;38;0;-1;1;-1;-1;-1;-1;-1;-1;0;0;0;3;0;3;-1;0;0;0;0;0;0;0;0;0;0;0;0;0;1;1;0;0;-1;-1;0;0;-1;-1;-1;-1;-1;-1;-1;-1;-1;26;44;50;82;100;19;82;75;63;12.13;4.75;3.25;3.25;Manchester City U23;Everton U23;2.27;2.09;2;2.38;2.06;2.41;76;57;50;19;0;69;57;50;0;0;0;1010;22;Y;Y;Y;N;N;N;N
299496;6278;6276;2016/2017;complete;1957;0;-1;;;0;0;0;6;4;10;2;0;1;0;0;0;9;4;2;3;11;7;14;10;53;47;1;0;0;0;0;0;0;0;0;0;0;0;0;0;0;0;0;0;0;0;0;0;0;0;0;0;0;0;0;0;0;0;0;0;0;0;0;0;0;0;0;0;0;0;0;0;0;0;0;0;0;0;0;0;0;0;0;0;0;0;0;0;0;0;0;0;0;0;0;0;0;0;0;0;0;0;0;2017-03-06 19:00:00;-1;0;69;25;38;0;-1;1;-1;-1;-1;-1;-1;-1;0;0;1;0;0;1;-1;0;0;0;0;0;0;0;0;0;0;0;0;0;1;1;0;0;-1;-1;0;0;-1;-1;-1;-1;-1;-1;-1;-1;-1;7;44;57;94;100;32;82;82;75;12.38;3.63;2.38;3;Southampton U23;Chelsea U23;1.18;0.82;1.38;1;1.06;1.47;94;57;44;7;0;63;63;50;0;0;0;1010;22;N;N;N;N;N;N;N
299497;6277;6266;2016/2017;complete;1957;0;-1;36;6,34,42,66,87;1;5;6;6;5;11;1;1;3;3;0;0;6;11;7;11;13;22;8;19;58;42;3;3;0;0;0;0;0;0;0;0;0;0;0;0;0;0;0;0;0;0;0;0;0;0;0;0;0;0;0;0;0;0;0;0;0;0;0;0;0;0;0;0;0;0;0;0;0;0;0;0;0;0;0;0;0;0;0;0;0;0;0;0;0;0;0;0;0;0;0;0;6;1;3;0;2;2;4;2017-03-06 19:00:00;6266;0;79;15;50;0;-1;1;-1;-1;-1;-1;-1;-1;1;1;2;2;2;4;-1;0;0;0;0;0;0;0;1;0;1;0;0;0;1;1;0;1;-1;-1;0;0;-1;-1;-1;-1;-1;-1;-1;-1;-1;50;65;72;79;86;43;79;79;65;9.71;3;3.29;4.15;Reading U23;Liverpool U23;1.36;1.73;1.57;1.29;1.06;1.69;50;36;29;22;15;64;50;43;0;0;0;1010;22;Y;Y;Y;Y;Y;Y;Y
299498;6275;6272;2016/2017;complete;1957;0;-1;;;0;0;0;7;4;11;4;1;0;0;0;0;4;3;5;2;9;5;7;10;54;46;0;0;0;0;0;0;0;0;0;0;0;0;0;0;0;0;0;0;0;0;0;0;0;0;0;0;0;0;0;0;0;0;0;0;0;0;0;0;0;0;0;0;0;0;0;0;0;0;0;0;0;0;0;0;0;0;0;0;0;0;0;0;0;0;0;0;0;0;0;0;0;0;0;0;0;0;0;2017-03-06 19:00:00;-1;0;53;27;26;0;-1;-1;-1;-1;-1;-1;-1;-1;0;0;0;0;0;0;-1;0;0;0;0;0;0;0;0;0;0;0;0;0;1;1;0;0;-1;-1;-1;-1;-1;-1;-1;-1;-1;-1;-1;-1;-1;20;41;60;73;81;53;73;67;47;9.52;3.31;2.84;2.92;Derby County U23;Leicester City U23;1.36;0.82;1.38;0.43;1;1;81;60;41;27;20;73;61;54;0;0;0;1010;22;N;N;N;N;N;N;N
299499;6268;6271;2016/2017;complete;1957;0;-1;90;28,33,71;1;3;4;3;7;10;2;2;3;2;0;1;7;12;8;13;15;25;15;6;37;63;3;3;0;0;0;0;0;0;0;0;0;0;0;0;0;0;0;0;0;0;0;0;0;0;0;0;0;0;0;0;0;0;0;0;0;0;0;0;0;0;0;0;0;0;0;0;0;0;0;0;0;0;0;0;0;0;0;0;0;0;0;0;0;0;0;0;0;0;0;0;4;0;2;1;1;2;2;2017-03-06 19:00:00;6271;0;63;38;26;0;-1;1;-1;-1;-1;-1;-1;-1;0;0;3;3;0;6;-1;0;0;0;0;0;0;0;0;1;0;1;0;0;1;1;0;0;-1;-1;0;0;-1;-1;-1;-1;-1;-1;-1;-1;-1;13;38;44;82;94;50;69;76;38;8.63;2.88;4;2.94;Sunderland U23;Manchester United U23;1.09;1;1;0.75;1.24;1;88;63;57;19;7;76;63;51;0;0;0;1010;22;Y;Y;Y;Y;N;N;Y
299500;6268;6272;2016/2017;complete;1957;0;-1;37,89;5,50;2;2;4;4;2;6;1;5;0;0;0;0;7;5;1;4;8;9;7;10;55;45;0;0;0;0;0;0;0;0;0;0;0;0;0;0;0;0;0;0;0;0;0;0;0;0;0;0;0;0;0;0;0;0;0;0;0;0;0;0;0;0;0;0;0;0;0;0;0;0;0;0;0;0;0;0;0;0;0;0;0;0;0;0;0;0;0;0;0;0;0;0;4;1;1;1;1;2;2;2017-03-12 12:00:00;-1;0;53;24;29;0;-1;-1;-1;-1;-1;-1;-1;-1;0;0;0;0;0;0;-1;0;0;0;0;0;0;0;1;0;1;0;0;0;1;1;0;1;-1;-1;-1;-1;-1;-1;-1;-1;-1;-1;-1;-1;-1;12;41;53;71;82;47;65;65;41;8.57;3.16;3.39;2.64;Sunderland U23;Leicester City U23;1.09;0.82;0.89;0.5;1.17;1;89;60;47;30;18;71;66;48;0;0;0;1010;22;Y;Y;Y;Y;N;N;Y
299501;6266;6276;2016/2017;complete;1957;0;-1;22,74;;2;0;2;5;1;6;1;1;2;1;0;0;4;0;10;3;14;3;12;9;72;28;2;1;0;0;0;0;0;0;0;0;0;0;0;0;0;0;0;0;0;0;0;0;0;0;0;0;0;0;0;0;0;0;0;0;0;0;0;0;0;0;0;0;0;0;0;0;0;0;0;0;0;0;0;0;0;0;0;0;0;0;0;0;0;0;0;0;0;0;0;0;2;1;0;1;0;1;1;2017-03-13 19:00:00;6266;0;61;28;28;0;-1;1;-1;-1;-1;-1;-1;-1;0;0;2;1;0;3;-1;0;0;0;0;0;0;0;1;0;1;0;0;0;1;1;0;0;-1;-1;0;0;-1;-1;-1;-1;-1;-1;-1;-1;-1;22;44;62;89;95;39;67;84;62;12.47;3.22;2.22;3.11;Liverpool U23;Chelsea U23;2.18;0.82;2;1;1.76;1.44;78;56;39;11;6;64;58;46;0;0;0;1010;22;Y;Y;N;N;N;N;N
299502;6269;6277;2016/2017;complete;1957;0;-1;11,31,33,54;;4;0;4;8;6;14;1;5;2;0;0;0;11;9;8;10;19;19;18;10;48;52;2;0;0;0;0;0;0;0;0;0;0;0;0;0;0;0;0;0;0;0;0;0;0;0;0;0;0;0;0;0;0;0;0;0;0;0;0;0;0;0;0;0;0;0;0;0;0;0;0;0;0;0;0;0;0;0;0;0;0;0;0;0;0;0;0;0;0;0;0;0;4;3;0;1;0;1;3;2017-03-13 19:00:00;6269;0;53;16;32;0;-1;1;-1;-1;-1;-1;-1;-1;0;0;2;0;0;2;-1;0;0;0;0;0;0;0;1;0;0;0;1;0;1;1;0;0;-1;-1;0;0;-1;-1;-1;-1;-1;-1;-1;-1;-1;11;27;47;95;100;33;79;79;58;10.01;4.4;2.61;2.96;Tottenham Hotspur U23;Reading U23;1.27;0.64;1.22;0.7;1.06;1;90;74;53;6;0;68;57;47;0;0;0;1010;22;Y;Y;Y;Y;N;N;N
299503;6271;6278;2016/2017;complete;1957;0;-1;62,70,75;16,50,88;3;3;6;3;9;12;1;2;2;5;0;0;9;8;8;8;17;16;11;12;47;53;2;5;0;0;0;0;0;0;0;0;0;0;0;0;0;0;0;0;0;0;0;0;0;0;0;0;0;0;0;0;0;0;0;0;0;0;0;0;0;0;0;0;0;0;0;0;0;0;0;0;0;0;0;0;0;0;0;0;0;0;0;0;0;0;0;0;0;0;0;0;6;0;1;3;2;5;1;2017-03-13 19:00:00;-1;0;50;17;22;0;-1;1;-1;-1;-1;-1;-1;-1;1;0;1;5;1;6;-1;0;0;0;0;0;0;0;2;1;2;1;0;0;1;1;0;0;-1;-1;0;0;-1;-1;-1;-1;-1;-1;-1;-1;-1;22;39;45;84;95;39;84;84;33;7;3.11;1.67;2.89;Manchester United U23;Southampton U23;1.36;0.73;1.22;0.78;1.11;1.06;78;62;56;17;6;56;45;33;0;0;0;1010;22;Y;Y;Y;Y;Y;Y;Y
299504;6275;6273;2016/2017;complete;1957;0;-1;44,45;15,76,78;2;3;5;4;5;9;0;3;2;1;0;0;3;8;4;6;7;14;9;10;50;50;2;1;0;0;0;0;0;0;0;0;0;0;0;0;0;0;0;0;0;0;0;0;0;0;0;0;0;0;0;0;0;0;0;0;0;0;0;0;0;0;0;0;0;0;0;0;0;0;0;0;0;0;0;0;0;0;0;0;0;0;0;0;0;0;0;0;0;0;0;0;5;2;1;0;2;2;3;2017-03-13 19:00:00;6273;0;50;22;33;0;-1;1;-1;-1;-1;-1;-1;-1;1;0;1;1;1;2;-1;0;0;0;0;0;0;0;0;1;0;1;0;0;1;1;0;0;-1;-1;0;0;-1;-1;-1;-1;-1;-1;-1;-1;-1;28;39;56;78;84;39;67;67;61;9.45;5.33;2.89;3.23;Derby County U23;Everton U23;1.36;2.09;1.33;2.11;1;2.28;73;62;44;22;17;73;50;45;0;0;0;1010;22;Y;Y;Y;Y;Y;N;Y
299505;6274;6270;2016/2017;complete;1957;0;-1;42,55,90;16,28,70;3;3;6;7;4;11;3;3;0;0;0;0;13;7;6;2;19;9;8;7;57;43;0;0;0;0;0;0;0;0;0;0;0;0;0;0;0;0;0;0;0;0;0;0;0;0;0;0;0;0;0;0;0;0;0;0;0;0;0;0;0;0;0;0;0;0;0;0;0;0;0;0;0;0;0;0;0;0;0;0;0;0;0;0;0;0;0;0;0;0;0;0;6;1;2;2;1;3;3;2017-03-13 19:00:00;-1;0;56;6;45;0;-1;-1;-1;-1;-1;-1;-1;-1;0;0;0;0;0;0;-1;0;0;0;0;0;0;0;0;1;0;1;0;0;1;1;0;0;-1;-1;-1;-1;-1;-1;-1;-1;-1;-1;-1;-1;-1;39;56;78;89;95;39;78;95;84;11.3;2.44;2.89;3.78;Arsenal U23;Manchester City U23;1.64;1.82;1.78;2.11;1.56;2.11;61;45;22;11;6;65;59;41;0;0;0;1010;22;Y;Y;Y;Y;Y;Y;Y
299506;6270;6275;2016/2017;complete;1957;0;-1;56,59,69,90;30;4;1;5;5;8;13;3;1;1;1;0;0;13;5;5;9;18;14;9;7;58;42;1;1;0;0;0;0;0;0;0;0;0;0;0;0;0;0;0;0;0;0;0;0;0;0;0;0;0;0;0;0;0;0;0;0;0;0;0;0;0;0;0;0;0;0;0;0;0;0;0;0;0;0;0;0;0;0;0;0;0;0;0;0;0;0;0;0;0;0;0;0;5;0;1;4;0;4;1;2017-04-07 18:00:00;6270;0;67;6;50;0;-1;1;-1;-1;-1;-1;-1;-1;0;0;1;1;0;2;-1;0;0;0;0;0;0;0;0;0;0;0;0;0;1;1;0;0;-1;-1;0;0;-1;-1;-1;-1;-1;-1;-1;-1;-1;22;45;67;89;100;22;78;78;67;15.08;3;3.11;3.28;Manchester City U23;Derby County U23;2.27;0.82;2.11;0.67;2.05;0.95;78;56;33;11;0;89;83;77;0;0;0;1010;22;Y;Y;Y;Y;Y;N;Y
299507;6276;6268;2016/2017;complete;1957;0;-1;4,38,50;;3;0;3;5;1;6;1;0;1;1;0;0;6;0;6;2;12;2;12;13;59;41;1;1;0;0;0;0;0;0;0;0;0;0;0;0;0;0;0;0;0;0;0;0;0;0;0;0;0;0;0;0;0;0;0;0;0;0;0;0;0;0;0;0;0;0;0;0;0;0;0;0;0;0;0;0;0;0;0;0;0;0;0;0;0;0;0;0;0;0;0;0;3;2;0;1;0;1;2;2017-04-07 18:05:00;6276;0;50;22;39;0;-1;1;-1;-1;-1;-1;-1;-1;0;0;1;1;0;2;-1;0;0;0;0;0;0;0;0;0;0;0;0;0;1;1;1;0;-1;-1;0;0;-1;-1;-1;-1;-1;-1;-1;-1;-1;28;50;61;78;89;28;62;84;67;12.1;2;3.22;3.17;Chelsea U23;Sunderland U23;1.91;1.18;1.89;1.44;1.37;1.16;73;50;39;22;11;71;65;48;0;0;0;1010;22;Y;Y;Y;N;N;N;N
299508;6277;6274;2016/2017;complete;1957;0;-1;2,24;45,53,68,71,73;2;5;7;2;10;12;2;0;1;4;0;0;7;15;3;10;10;25;7;16;46;54;1;4;0;0;0;0;0;0;0;0;0;0;0;0;0;0;0;0;0;0;0;0;0;0;0;0;0;0;0;0;0;0;0;0;0;0;0;0;0;0;0;0;0;0;0;0;0;0;0;0;0;0;0;0;0;0;0;0;0;0;0;0;0;0;0;0;0;0;0;0;7;2;1;0;4;4;3;2017-04-10 12:00:00;6274;0;78;25;42;0;-1;1;-1;-1;-1;-1;-1;-1;0;2;1;2;2;3;-1;0;0;0;0;0;0;0;0;0;0;0;0;0;1;1;1;0;-1;-1;0;0;-1;-1;-1;-1;-1;-1;-1;-1;-1;43;61;78;84;100;43;89;89;72;10.13;2.35;3.35;4.09;Reading U23;Arsenal U23;1.36;1.36;1.38;1.33;0.95;1.53;57;40;22;17;0;66;60;47;0;0;0;1010;22;Y;Y;Y;Y;Y;Y;Y
299509;6278;6266;2016/2017;complete;1957;0;-1;30,69;76,90;2;2;4;4;7;11;1;0;0;0;0;0;7;7;13;7;20;14;12;10;47;53;0;0;0;0;0;0;0;0;0;0;0;0;0;0;0;0;0;0;0;0;0;0;0;0;0;0;0;0;0;0;0;0;0;0;0;0;0;0;0;0;0;0;0;0;0;0;0;0;0;0;0;0;0;0;0;0;0;0;0;0;0;0;0;0;0;0;0;0;0;0;4;1;0;1;2;3;1;2017-04-10 18:00:00;-1;0;54;18;30;0;-1;-1;-1;-1;-1;-1;-1;-1;0;0;0;0;0;0;-1;0;0;0;0;0;0;0;0;1;0;0;0;1;1;1;0;0;-1;-1;-1;-1;-1;-1;-1;-1;-1;-1;-1;-1;-1;19;42;47;71;82;30;65;65;59;10.64;3.42;2.83;2.85;Southampton U23;Liverpool U23;1.18;1.73;1.33;1.5;1.05;1.83;82;59;53;30;18;60;53;36;0;0;0;1010;22;Y;Y;Y;Y;N;N;Y
299510;6272;6271;2016/2017;complete;1957;0;-1;;;0;0;0;6;4;10;3;2;1;1;0;0;5;4;5;4;10;8;16;3;45;55;1;1;0;0;0;0;0;0;0;0;0;0;0;0;0;0;0;0;0;0;0;0;0;0;0;0;0;0;0;0;0;0;0;0;0;0;0;0;0;0;0;0;0;0;0;0;0;0;0;0;0;0;0;0;0;0;0;0;0;0;0;0;0;0;0;0;0;0;0;0;0;0;0;0;0;0;0;2017-04-10 18:00:00;-1;0;62;28;39;0;-1;1;-1;-1;-1;-1;-1;-1;0;1;1;0;1;1;-1;0;0;0;0;0;0;0;0;0;0;0;0;0;1;1;0;0;-1;-1;0;0;-1;-1;-1;-1;-1;-1;-1;-1;-1;34;56;61;95;100;39;78;95;67;10.55;2;4.22;3.67;Leicester City U23;Manchester United U23;1.27;1;1.44;1;1;1.11;67;45;39;6;0;95;89;67;0;0;0;1010;22;N;N;N;N;N;N;N
299511;6273;6269;2016/2017;complete;1957;0;-1;62,69,75,87;72;4;1;5;1;5;6;5;2;0;1;0;0;5;6;12;8;17;14;18;12;47;53;0;1;0;0;0;0;0;0;0;0;0;0;0;0;0;0;0;0;0;0;0;0;0;0;0;0;0;0;0;0;0;0;0;0;0;0;0;0;0;0;0;0;0;0;0;0;0;0;0;0;0;0;0;0;0;0;0;0;0;0;0;0;0;0;0;0;0;0;0;0;5;0;0;4;1;5;0;2017-04-10 18:00:00;6273;0;45;28;17;0;-1;1;-1;-1;-1;-1;-1;-1;0;0;0;1;0;1;-1;0;0;0;0;0;0;0;0;0;0;0;0;0;1;1;0;0;-1;-1;0;0;-1;-1;-1;-1;-1;-1;-1;-1;-1;17;34;45;78;100;33;67;84;39;9.78;4.45;2.56;2.72;Everton U23;Tottenham Hotspur U23;2.27;0.73;2.44;0.89;2.32;1.16;84;67;56;22;0;61;50;39;0;0;0;1010;22;Y;Y;Y;Y;Y;N;Y
299512;6272;6266;2016/2017;complete;1957;0;-1;22;51,55,85;1;3;4;-1;-1;-1;-1;-1;3;2;0;0;-1;-1;-1;-1;-1;-1;-1;-1;-1;-1;3;2;0;0;0;0;0;0;0;0;0;0;0;0;0;0;0;0;0;0;0;0;0;0;0;0;0;0;0;0;0;0;0;0;0;0;0;0;0;0;0;0;0;0;0;0;0;0;0;0;0;0;0;0;0;0;0;0;0;0;0;0;0;0;0;0;0;0;0;0;4;1;0;0;3;3;1;2017-04-17 13:00:00;6266;0;59;11;47;0;-1;1;-1;-1;-1;-1;-1;-1;1;0;2;2;1;4;-1;0;0;0;0;0;0;0;0;0;0;0;0;0;1;1;0;0;-1;-1;0;0;-1;-1;-1;-1;-1;-1;-1;-1;-1;42;58;63;79;84;27;69;79;68;11.2;2.56;3.13;3.52;Leicester City U23;Liverpool U23;1.27;1.73;1.4;1.44;1;1.79;59;42;37;22;16;84;78;63;0;0;0;1010;22;Y;Y;Y;Y;N;N;Y
299513;6278;6275;2016/2017;complete;1957;0;-1;;64;0;1;1;12;4;16;0;2;1;1;0;0;2;3;18;8;20;11;16;15;64;36;1;1;0;0;0;0;0;0;0;0;0;0;0;0;0;0;0;0;0;0;0;0;0;0;0;0;0;0;0;0;0;0;0;0;0;0;0;0;0;0;0;0;0;0;0;0;0;0;0;0;0;0;0;0;0;0;0;0;0;0;0;0;0;0;0;0;0;0;0;0;1;0;0;0;1;1;0;2017-04-21 18:00:00;6275;0;60;15;45;0;-1;1;-1;-1;-1;-1;-1;-1;0;0;1;1;0;2;-1;0;0;0;0;0;0;0;0;0;0;0;0;0;1;1;0;0;-1;-1;0;0;-1;-1;-1;-1;-1;-1;-1;-1;-1;20;50;65;90;95;25;75;75;75;12.59;3.1;2.9;3.25;Southampton U23;Derby County U23;1.18;0.82;1.3;0.6;1.05;0.9;80;50;35;10;5;80;75;54;0;0;0;1010;22;Y;N;N;N;N;N;N
299514;6276;6273;2016/2017;complete;1957;0;-1;15,60;27,52;2;2;4;3;8;11;0;3;0;1;0;0;4;11;5;13;9;24;9;9;54;46;0;1;0;0;0;0;0;0;0;0;0;0;0;0;0;0;0;0;0;0;0;0;0;0;0;0;0;0;0;0;0;0;0;0;0;0;0;0;0;0;0;0;0;0;0;0;0;0;0;0;0;0;0;0;0;0;0;0;0;0;0;0;0;0;0;0;0;0;0;0;4;1;1;1;1;2;2;2017-04-21 18:05:00;-1;0;60;30;40;0;-1;1;-1;-1;-1;-1;-1;-1;0;0;0;1;0;1;-1;0;0;0;0;0;0;0;0;0;0;0;0;0;1;1;0;0;-1;-1;0;0;-1;-1;-1;-1;-1;-1;-1;-1;-1;35;55;70;90;95;35;70;85;75;11.56;4.1;3.1;3.75;Chelsea U23;Everton U23;1.91;2.09;2;2.2;1.45;2.35;65;45;30;10;5;69;48;43;0;0;0;1010;22;Y;Y;Y;Y;N;N;Y
299515;6268;6274;2016/2017;complete;1957;0;-1;68,87;56;2;1;3;6;7;13;2;5;1;1;0;0;10;8;5;6;15;14;10;6;39;61;1;1;0;0;0;0;0;0;0;0;0;0;0;0;0;0;0;0;0;0;0;0;0;0;0;0;0;0;0;0;0;0;0;0;0;0;0;0;0;0;0;0;0;0;0;0;0;0;0;0;0;0;0;0;0;0;0;0;0;0;0;0;0;0;0;0;0;0;0;0;3;0;0;2;1;3;0;2017-04-22 11:00:00;6268;0;65;25;40;0;-1;1;-1;-1;-1;-1;-1;-1;1;0;0;1;1;1;-1;0;0;0;0;0;0;0;0;0;0;0;0;0;1;1;0;0;-1;-1;0;0;-1;-1;-1;-1;-1;-1;-1;-1;-1;15;45;60;75;95;45;75;75;55;9.9;2.8;3.2;3.05;Sunderland U23;Arsenal U23;1.09;1.36;0.9;1.5;1.1;1.6;85;55;40;25;5;60;55;40;0;0;0;1010;22;Y;Y;Y;N;N;N;Y
299516;6266;6270;2016/2017;complete;1957;0;-1;27,72,90;20,76;3;2;5;3;5;8;1;1;0;1;0;0;10;8;12;3;22;11;10;13;55;45;0;1;0;0;0;0;0;0;0;0;0;0;0;0;0;0;0;0;0;0;0;0;0;0;0;0;0;0;0;0;0;0;0;0;0;0;0;0;0;0;0;0;0;0;0;0;0;0;0;0;0;0;0;0;0;0;0;0;0;0;0;0;0;0;0;0;0;0;0;0;5;1;1;2;1;3;2;2017-04-24 18:00:00;6266;0;60;25;35;0;-1;1;-1;-1;-1;-1;-1;-1;0;1;0;0;1;0;-1;0;0;0;0;0;0;0;0;1;0;1;0;0;1;1;0;0;-1;-1;0;0;-1;-1;-1;-1;-1;-1;-1;-1;-1;45;55;75;90;100;50;70;95;70;11.55;2.8;2.8;3.9;Liverpool U23;Manchester City U23;2.18;1.82;2.1;2;1.85;2.1;55;45;25;10;0;56;45;33;0;0;0;1010;22;Y;Y;Y;Y;Y;N;Y
299517;6277;6272;2016/2017;complete;1957;0;-1;6,13;30,35;2;2;4;3;5;8;3;2;1;4;0;0;6;7;11;9;17;16;11;20;58;42;1;4;0;0;0;0;0;0;0;0;0;0;0;0;0;0;0;0;0;0;0;0;0;0;0;0;0;0;0;0;0;0;0;0;0;0;0;0;0;0;0;0;0;0;0;0;0;0;0;0;0;0;0;0;0;0;0;0;0;0;0;0;0;0;0;0;0;0;0;0;4;2;2;0;0;0;4;2017-04-24 18:00:00;-1;0;72;39;33;0;-1;1;-1;-1;-1;-1;-1;-1;1;2;0;2;3;2;-1;0;0;0;0;0;0;0;0;1;0;1;0;0;1;1;1;0;-1;-1;0;0;-1;-1;-1;-1;-1;-1;-1;-1;-1;45;67;78;84;89;56;84;84;67;8.67;3;3.33;4.12;Reading U23;Leicester City U23;1.36;0.82;1.22;0.56;0.9;0.95;56;34;22;17;11;73;67;56;0;0;0;1010;22;Y;Y;Y;Y;N;N;Y
299518;6269;6272;2016/2017;complete;1957;0;-1;89;23,76,80,87;1;4;5;4;8;12;0;7;2;0;1;0;8;14;7;10;15;24;12;14;60;40;4;0;0;0;0;0;0;0;0;0;0;0;0;0;0;0;0;0;0;0;0;0;0;0;0;0;0;0;0;0;0;0;0;0;0;0;0;0;0;0;0;0;0;0;0;0;0;0;0;0;0;0;0;0;0;0;0;0;0;0;0;0;0;0;0;0;0;0;0;0;5;0;1;1;3;4;1;2017-05-04 18:00:00;6272;0;50;30;25;0;-1;1;-1;-1;-1;-1;-1;-1;0;0;3;0;0;3;-1;0;0;0;0;0;0;0;1;0;1;0;0;0;1;1;0;0;-1;-1;0;0;-1;-1;-1;-1;-1;-1;-1;-1;-1;10;45;55;80;90;55;75;65;45;8.5;3.7;3.7;2.95;Tottenham Hotspur U23;Leicester City U23;1.27;0.82;1.4;0.6;1.1;0.95;90;55;45;20;10;60;55;45;0;0;0;1010;22;Y;Y;Y;Y;Y;N;Y
299519;6275;6276;2016/2017;complete;1957;0;-1;29,39;36;2;1;3;4;4;8;2;3;4;1;0;1;5;4;4;10;9;14;11;11;30;70;4;3;0;0;0;0;0;0;0;0;0;0;0;0;0;0;0;0;0;0;0;0;0;0;0;0;0;0;0;0;0;0;0;0;0;0;0;0;0;0;0;0;0;0;0;0;0;0;0;0;0;0;0;0;0;0;0;0;0;0;0;0;0;0;0;0;0;0;0;0;3;2;1;0;0;0;3;2017-05-05 18:00:00;6275;0;65;25;35;0;-1;1;-1;-1;-1;-1;-1;-1;1;0;3;2;1;5;-1;0;0;0;0;0;0;0;0;0;0;0;0;0;1;1;0;0;-1;-1;0;0;-1;-1;-1;-1;-1;-1;-1;-1;-1;20;40;55;80;80;45;75;70;55;11.1;3.6;2;2.9;Derby County U23;Chelsea U23;1.36;0.82;1.2;0.9;1;1.43;80;60;45;20;20;75;60;55;0;0;0;1010;22;Y;Y;Y;N;N;N;Y
299520;6270;6278;2016/2017;complete;1957;0;-1;64,76,79,81;43,47;4;2;6;5;5;10;1;2;0;3;0;1;8;7;7;9;15;16;14;14;54;46;0;4;0;0;0;0;0;0;0;0;0;0;0;0;0;0;0;0;0;0;0;0;0;0;0;0;0;0;0;0;0;0;0;0;0;0;0;0;0;0;0;0;0;0;0;0;0;0;0;0;0;0;0;0;0;0;0;0;0;0;0;0;0;0;0;0;0;0;0;0;6;0;1;4;1;5;1;2017-05-05 18:00:00;6270;0;60;10;25;0;-1;1;-1;-1;-1;-1;-1;-1;0;1;0;3;1;3;-1;0;0;0;0;0;0;0;1;0;1;0;0;0;1;1;0;0;-1;-1;0;0;-1;-1;-1;-1;-1;-1;-1;-1;-1;30;45;60;85;95;35;85;80;50;11.7;3.3;2.4;3.25;Manchester City U23;Southampton U23;2.27;0.73;2.2;0.8;2;1;70;55;40;15;5;70;60;55;0;0;0;1010;22;Y;Y;Y;Y;Y;Y;Y
299521;6273;6266;2016/2017;complete;1957;0;-1;83;6,58;1;2;3;9;7;16;2;1;2;3;0;0;10;7;14;7;24;14;10;13;53;47;2;3;0;0;0;0;0;0;0;0;0;0;0;0;0;0;0;0;0;0;0;0;0;0;0;0;0;0;0;0;0;0;0;0;0;0;0;0;0;0;0;0;0;0;0;0;0;0;0;0;0;0;0;0;0;0;0;0;0;0;0;0;0;0;0;0;0;0;0;0;3;0;1;1;1;2;1;2017-05-08 18:00:00;6266;0;50;15;25;0;-1;1;-1;-1;-1;-1;-1;-1;0;1;2;2;1;4;-1;0;0;0;0;0;0;0;0;0;0;0;0;0;1;1;0;1;-1;-1;0;0;-1;-1;-1;-1;-1;-1;-1;-1;-1;25;40;45;70;90;30;65;75;45;10.3;3.5;2.3;2.9;Everton U23;Liverpool U23;2.27;1.73;2.5;1.6;2.29;1.9;75;60;55;30;10;69;53;48;0;0;0;1010;22;Y;Y;Y;N;N;N;Y
299522;6274;6271;2016/2017;complete;1957;0;-1;33,36;72,83;2;2;4;8;5;13;2;4;0;1;0;0;4;7;13;4;17;11;15;8;49;51;0;1;0;0;0;0;0;0;0;0;0;0;0;0;0;0;0;0;0;0;0;0;0;0;0;0;0;0;0;0;0;0;0;0;0;0;0;0;0;0;0;0;0;0;0;0;0;0;0;0;0;0;0;0;0;0;0;0;0;0;0;0;0;0;0;0;0;0;0;0;4;2;0;0;2;2;2;2017-05-08 18:00:00;-1;0;50;25;30;0;-1;1;-1;-1;-1;-1;-1;-1;0;0;0;1;0;1;-1;0;0;0;0;0;0;0;1;0;0;0;1;0;1;1;0;0;-1;-1;0;0;-1;-1;-1;-1;-1;-1;-1;-1;-1;20;45;55;85;90;40;75;85;60;10.1;2.7;3.4;3.15;Arsenal U23;Manchester United U23;1.64;1;1.7;1;1.52;1.1;80;55;45;15;10;80;75;50;0;0;0;1010;22;Y;Y;Y;Y;N;N;Y
299523;6277;6268;2016/2017;complete;1957;0;-1;51,56,64;85,90;3;2;5;7;5;12;3;1;2;0;0;0;9;6;8;2;17;8;11;10;64;36;2;0;0;0;0;0;0;0;0;0;0;0;0;0;0;0;0;0;0;0;0;0;0;0;0;0;0;0;0;0;0;0;0;0;0;0;0;0;0;0;0;0;0;0;0;0;0;0;0;0;0;0;0;0;0;0;0;0;0;0;0;0;0;0;0;0;0;0;0;0;5;0;0;3;2;5;0;2017-05-08 18:00:00;6277;0;60;30;30;0;-1;1;-1;-1;-1;-1;-1;-1;0;0;2;0;0;2;-1;0;0;0;0;0;0;0;1;0;1;0;0;0;1;1;0;0;-1;-1;0;0;-1;-1;-1;-1;-1;-1;-1;-1;-1;45;60;75;85;95;50;80;85;65;8.5;2.4;3.7;4.05;Reading U23;Sunderland U23;1.36;1.18;1.2;1.3;0.9;1.19;55;40;25;15;5;65;60;40;0;0;0;1010;22;Y;Y;Y;Y;Y;N;Y
299524;6271;6269;2016/2017;complete;1957;0;-1;37,79,87;47,51;3;2;5;3;10;13;2;1;0;2;0;0;6;9;4;11;10;20;11;11;55;45;0;2;0;0;0;0;0;0;0;0;0;0;0;0;0;0;0;0;0;0;0;0;0;0;0;0;0;0;0;0;0;0;0;0;0;0;0;0;0;0;0;0;0;0;0;0;0;0;0;0;0;0;0;0;0;0;0;0;0;0;0;0;0;0;0;0;0;0;0;0;5;1;0;2;2;4;1;2017-05-15 18:00:00;6271;0;65;20;40;0;-1;1;-1;-1;-1;-1;-1;-1;0;1;0;1;1;1;-1;0;0;0;0;0;0;0;0;0;0;0;0;0;1;1;0;0;-1;-1;0;0;-1;-1;-1;-1;-1;-1;-1;-1;-1;25;50;55;85;100;20;70;90;50;7.9;3.9;2.6;3.2;Manchester United U23;Tottenham Hotspur U23;1.36;0.73;1.2;0.8;1.1;1.05;75;50;45;15;0;50;50;40;0;0;0;1010;22;Y;Y;Y;Y;Y;N;Y
