ID;HOMEID;AWAYID;SEASON;STATUS;ROUNDID;GAME_WEEK;REVISED_GAME_WEEK;HOMEGOALS;AWAYGOALS;HOMEGOALCOUNT;AWAYGOALCOUNT;TOTALGOALCOUNT;TEAM_A_CORNERS;TEAM_B_CORNERS;TOTALCORNERCOUNT;TEAM_A_OFFSIDES;TEAM_B_OFFSIDES;TEAM_A_YELLOW_CARDS;TEAM_B_YELLOW_CARDS;TEAM_A_RED_CARDS;TEAM_B_RED_CARDS;TEAM_A_SHOTSONTARGET;TEAM_B_SHOTSONTARGET;TEAM_A_SHOTSOFFTARGET;TEAM_B_SHOTSOFFTARGET;TEAM_A_SHOTS;TEAM_B_SHOTS;TEAM_A_FOULS;TEAM_B_FOULS;TEAM_A_POSSESSION;TEAM_B_POSSESSION;TEAM_A_CARDS_NUM;TEAM_B_CARDS_NUM;ODDS_FT_1;ODDS_FT_X;ODDS_FT_2;ODDS_FT_OVER05;ODDS_FT_OVER15;ODDS_FT_OVER25;ODDS_FT_OVER35;ODDS_FT_OVER45;ODDS_FT_UNDER05;ODDS_FT_UNDER15;ODDS_FT_UNDER25;ODDS_FT_UNDER35;ODDS_FT_UNDER45;ODDS_BTTS_YES;ODDS_BTTS_NO;ODDS_TEAM_A_CS_YES;ODDS_TEAM_A_CS_NO;ODDS_TEAM_B_CS_YES;ODDS_TEAM_B_CS_NO;ODDS_DOUBLECHANCE_1X;ODDS_DOUBLECHANCE_12;ODDS_DOUBLECHANCE_X2;ODDS_1ST_HALF_RESULT_1;ODDS_1ST_HALF_RESULT_X;ODDS_1ST_HALF_RESULT_2;ODDS_2ND_HALF_RESULT_1;ODDS_2ND_HALF_RESULT_X;ODDS_2ND_HALF_RESULT_2;ODDS_DNB_1;ODDS_DNB_2;ODDS_CORNERS_OVER_75;ODDS_CORNERS_OVER_85;ODDS_CORNERS_OVER_95;ODDS_CORNERS_OVER_105;ODDS_CORNERS_OVER_115;ODDS_CORNERS_UNDER_75;ODDS_CORNERS_UNDER_85;ODDS_CORNERS_UNDER_95;ODDS_CORNERS_UNDER_105;ODDS_CORNERS_UNDER_115;ODDS_CORNERS_1;ODDS_CORNERS_X;ODDS_CORNERS_2;ODDS_TEAM_TO_SCORE_FIRST_1;ODDS_TEAM_TO_SCORE_FIRST_X;ODDS_TEAM_TO_SCORE_FIRST_2;ODDS_WIN_TO_NIL_1;ODDS_WIN_TO_NIL_2;ODDS_1ST_HALF_OVER05;ODDS_1ST_HALF_OVER15;ODDS_1ST_HALF_OVER25;ODDS_1ST_HALF_OVER35;ODDS_1ST_HALF_UNDER05;ODDS_1ST_HALF_UNDER15;ODDS_1ST_HALF_UNDER25;ODDS_1ST_HALF_UNDER35;ODDS_2ND_HALF_OVER05;ODDS_2ND_HALF_OVER15;ODDS_2ND_HALF_OVER25;ODDS_2ND_HALF_OVER35;ODDS_2ND_HALF_UNDER05;ODDS_2ND_HALF_UNDER15;ODDS_2ND_HALF_UNDER25;ODDS_2ND_HALF_UNDER35;ODDS_BTTS_1ST_HALF_YES;ODDS_BTTS_1ST_HALF_NO;ODDS_BTTS_2ND_HALF_YES;ODDS_BTTS_2ND_HALF_NO;OVERALLGOALCOUNT;HT_GOALS_TEAM_A;HT_GOALS_TEAM_B;GOALS_2HG_TEAM_A;GOALS_2HG_TEAM_B;GOALCOUNT_2HG;HTGOALCOUNT;DATE_UNIX;WINNINGTEAM;NO_HOME_AWAY;BTTS_POTENTIAL;BTTS_FHG_POTENTIAL;BTTS_2HG_POTENTIAL;GOALTIMINGDISABLED;CORNER_TIMINGS_RECORDED;CARD_TIMINGS_RECORDED;TEAM_A_FH_CORNERS;TEAM_B_FH_CORNERS;TEAM_A_2H_CORNERS;TEAM_B_2H_CORNERS;CORNER_FH_COUNT;CORNER_2H_COUNT;TEAM_A_FH_CARDS;TEAM_B_FH_CARDS;TEAM_A_2H_CARDS;TEAM_B_2H_CARDS;TOTAL_FH_CARDS;TOTAL_2H_CARDS;ATTACKS_RECORDED;TEAM_A_DANGEROUS_ATTACKS;TEAM_B_DANGEROUS_ATTACKS;TEAM_A_ATTACKS;TEAM_B_ATTACKS;TEAM_A_XG;TEAM_B_XG;TOTAL_XG;TEAM_A_PENALTIES_WON;TEAM_B_PENALTIES_WON;TEAM_A_PENALTY_GOALS;TEAM_B_PENALTY_GOALS;TEAM_A_PENALTY_MISSED;TEAM_B_PENALTY_MISSED;PENS_RECORDED;GOAL_TIMINGS_RECORDED;TEAM_A_0_10_MIN_GOALS;TEAM_B_0_10_MIN_GOALS;TEAM_A_CORNERS_0_10_MIN;TEAM_B_CORNERS_0_10_MIN;TEAM_A_CARDS_0_10_MIN;TEAM_B_CARDS_0_10_MIN;THROWINS_RECORDED;TEAM_A_THROWINS;TEAM_B_THROWINS;FREEKICKS_RECORDED;TEAM_A_FREEKICKS;TEAM_B_FREEKICKS;GOALKICKS_RECORDED;TEAM_A_GOALKICKS;TEAM_B_GOALKICKS;O45_POTENTIAL;O35_POTENTIAL;O25_POTENTIAL;O15_POTENTIAL;O05_POTENTIAL;O15HT_POTENTIAL;O05HT_POTENTIAL;O05_2H_POTENTIAL;O15_2H_POTENTIAL;CORNERS_POTENTIAL;OFFSIDES_POTENTIAL;CARDS_POTENTIAL;AVG_POTENTIAL;HOME_NAME;AWAY_NAME;HOME_PPG;AWAY_PPG;PRE_MATCH_HOME_PPG;PRE_MATCH_AWAY_PPG;PRE_MATCH_TEAMA_OVERALL_PPG;PRE_MATCH_TEAMB_OVERALL_PPG;U45_POTENTIAL;U35_POTENTIAL;U25_POTENTIAL;U15_POTENTIAL;U05_POTENTIAL;CORNERS_O85_POTENTIAL;CORNERS_O95_POTENTIAL;CORNERS_O105_POTENTIAL;TEAM_A_XG_PREMATCH;TEAM_B_XG_PREMATCH;TOTAL_XG_PREMATCH;COMPETITION_ID;MATCHES_COMPLETED_MINIMUM;OVER05;OVER15;OVER25;OVER35;OVER45;OVER55;BTTS
299261;6265;6273;2017/2018;complete;1956;0;-1;;;0;0;0;13;8;21;0;5;1;2;1;0;2;4;12;9;14;13;12;11;59;41;2;2;0;0;0;0;0;0;0;0;0;0;0;0;0;0;0;0;0;0;0;0;0;0;0;0;0;0;0;0;0;0;0;0;0;0;0;0;0;0;0;0;0;0;0;0;0;0;0;0;0;0;0;0;0;0;0;0;0;0;0;0;0;0;0;0;0;0;0;0;0;0;0;0;0;0;0;2017-08-11 18:00:00;-1;0;0;0;0;0;-1;1;-1;-1;-1;-1;-1;-1;0;1;2;1;1;3;-1;0;0;0;0;0;0;0;0;0;0;0;0;0;1;1;0;0;-1;-1;0;0;-1;-1;-1;-1;-1;-1;-1;-1;-1;0;0;0;0;0;0;0;0;0;0;0;0;0;West Ham United U23;Everton U23;1.09;1.55;0;0;0;0;0;0;0;0;0;0;0;0;0;0;0;1009;22;N;N;N;N;N;N;N
299262;6267;6266;2017/2018;complete;1956;0;-1;;11,63;0;2;2;0;6;6;4;0;1;1;0;0;9;19;2;7;11;26;11;9;38;62;1;1;0;0;0;0;0;0;0;0;0;0;0;0;0;0;0;0;0;0;0;0;0;0;0;0;0;0;0;0;0;0;0;0;0;0;0;0;0;0;0;0;0;0;0;0;0;0;0;0;0;0;0;0;0;0;0;0;0;0;0;0;0;0;0;0;0;0;0;0;2;0;1;0;1;1;1;2017-08-11 18:00:00;6266;0;0;0;0;0;-1;1;-1;-1;-1;-1;-1;-1;1;1;0;0;2;0;-1;0;0;0;0;0;0;0;0;0;0;0;0;0;1;1;0;0;-1;-1;0;0;-1;-1;-1;-1;-1;-1;-1;-1;-1;0;0;0;0;0;0;0;0;0;0;0;0;0;Swansea City U23;Liverpool U23;2;1.91;0;0;0;0;0;0;0;0;0;0;0;0;0;0;0;1009;22;Y;Y;N;N;N;N;N
299263;6268;6269;2017/2018;complete;1956;0;-1;70,89;34;2;1;3;3;3;6;2;1;2;2;0;0;8;5;5;4;13;9;14;13;38;62;2;2;0;0;0;0;0;0;0;0;0;0;0;0;0;0;0;0;0;0;0;0;0;0;0;0;0;0;0;0;0;0;0;0;0;0;0;0;0;0;0;0;0;0;0;0;0;0;0;0;0;0;0;0;0;0;0;0;0;0;0;0;0;0;0;0;0;0;0;0;3;0;1;2;0;2;1;2017-08-11 18:00:00;6268;0;0;0;0;0;-1;1;-1;-1;-1;-1;-1;-1;0;1;2;1;1;3;-1;0;0;0;0;0;0;0;0;0;0;0;0;0;1;1;0;0;-1;-1;0;0;-1;-1;-1;-1;-1;-1;-1;-1;-1;0;0;0;0;0;0;0;0;0;0;0;0;0;Sunderland U23;Tottenham Hotspur U23;1.09;1;0;0;0;0;0;0;0;0;0;0;0;0;0;0;0;1009;22;Y;Y;Y;N;N;N;Y
299264;6270;6276;2017/2018;complete;1956;0;-1;;;0;0;0;4;6;10;0;3;2;0;0;0;2;6;9;13;11;19;7;15;47;53;2;0;0;0;0;0;0;0;0;0;0;0;0;0;0;0;0;0;0;0;0;0;0;0;0;0;0;0;0;0;0;0;0;0;0;0;0;0;0;0;0;0;0;0;0;0;0;0;0;0;0;0;0;0;0;0;0;0;0;0;0;0;0;0;0;0;0;0;0;0;0;0;0;0;0;0;0;2017-08-11 18:05:00;-1;0;0;0;0;0;-1;1;-1;-1;-1;-1;-1;-1;1;0;1;0;1;1;-1;0;0;0;0;0;0;0;0;0;0;0;0;0;1;1;0;0;-1;-1;0;0;-1;-1;-1;-1;-1;-1;-1;-1;-1;0;0;0;0;0;0;0;0;0;0;0;0;0;Manchester City U23;Chelsea U23;1.18;1.45;0;0;0;0;0;0;0;0;0;0;0;0;0;0;0;1009;22;N;N;N;N;N;N;N
299265;6272;6271;2017/2018;complete;1956;0;-1;;62;0;1;1;11;3;14;2;1;1;0;0;0;6;5;2;3;8;8;10;10;41;59;1;0;0;0;0;0;0;0;0;0;0;0;0;0;0;0;0;0;0;0;0;0;0;0;0;0;0;0;0;0;0;0;0;0;0;0;0;0;0;0;0;0;0;0;0;0;0;0;0;0;0;0;0;0;0;0;0;0;0;0;0;0;0;0;0;0;0;0;0;0;1;0;0;0;1;1;0;2017-08-14 12:00:00;6271;0;0;0;0;0;-1;1;-1;-1;-1;-1;-1;-1;0;0;1;0;0;1;-1;0;0;0;0;0;0;0;0;0;0;0;0;0;1;1;0;0;-1;-1;0;0;-1;-1;-1;-1;-1;-1;-1;-1;-1;0;0;0;0;0;0;0;0;0;0;0;0;0;Leicester City U23;Manchester United U23;2.36;1.18;0;0;0;0;0;0;0;0;0;0;0;0;0;0;0;1009;22;Y;N;N;N;N;N;N
299266;6275;6274;2017/2018;complete;1956;0;-1;25,56;61,65,80;2;3;5;3;3;6;2;2;1;0;0;0;5;6;7;8;12;14;5;9;38;62;1;0;0;0;0;0;0;0;0;0;0;0;0;0;0;0;0;0;0;0;0;0;0;0;0;0;0;0;0;0;0;0;0;0;0;0;0;0;0;0;0;0;0;0;0;0;0;0;0;0;0;0;0;0;0;0;0;0;0;0;0;0;0;0;0;0;0;0;0;0;5;1;0;1;3;4;1;2017-08-14 18:00:00;6274;0;0;0;0;0;-1;1;-1;-1;-1;-1;-1;-1;0;0;1;0;0;1;-1;0;0;0;0;0;0;0;0;0;0;0;0;0;1;1;0;0;-1;-1;0;0;-1;-1;-1;-1;-1;-1;-1;-1;-1;0;0;0;0;0;0;0;0;0;0;0;0;0;Derby County U23;Arsenal U23;1.27;1.55;0;0;0;0;0;0;0;0;0;0;0;0;0;0;0;1009;22;Y;Y;Y;Y;Y;N;Y
299267;6273;6272;2017/2018;complete;1956;0;-1;;38;0;1;1;6;4;10;0;1;2;1;0;0;7;3;6;4;13;7;16;11;59;41;2;1;0;0;0;0;0;0;0;0;0;0;0;0;0;0;0;0;0;0;0;0;0;0;0;0;0;0;0;0;0;0;0;0;0;0;0;0;0;0;0;0;0;0;0;0;0;0;0;0;0;0;0;0;0;0;0;0;0;0;0;0;0;0;0;0;0;0;0;0;1;0;1;0;0;0;1;2017-08-18 18:00:00;6272;0;0;0;0;0;-1;1;-1;-1;-1;-1;-1;-1;1;0;1;1;1;2;-1;0;0;0;0;0;0;0;0;0;0;0;0;0;1;1;0;0;-1;-1;0;0;-1;-1;-1;-1;-1;-1;-1;-1;-1;0;0;0;0;0;0;0;0;0;0;0;0;0;Everton U23;Leicester City U23;1.18;1.18;0;0;1;0;0;0;0;0;0;0;0;0;0;0;0;1009;22;Y;N;N;N;N;N;N
299268;6276;6275;2017/2018;complete;1956;0;-1;64,90;;2;0;2;8;4;12;2;3;2;1;0;1;6;5;2;4;8;9;12;6;53;47;2;2;0;0;0;0;0;0;0;0;0;0;0;0;0;0;0;0;0;0;0;0;0;0;0;0;0;0;0;0;0;0;0;0;0;0;0;0;0;0;0;0;0;0;0;0;0;0;0;0;0;0;0;0;0;0;0;0;0;0;0;0;0;0;0;0;0;0;0;0;2;0;0;2;0;2;0;2017-08-18 18:05:00;6276;0;0;0;0;0;-1;1;-1;-1;-1;-1;-1;-1;0;0;2;2;0;4;-1;0;0;0;0;0;0;0;0;0;0;0;0;0;1;1;0;0;-1;-1;0;0;-1;-1;-1;-1;-1;-1;-1;-1;-1;0;0;0;0;0;0;0;0;0;0;0;0;0;Chelsea U23;Derby County U23;1.18;0.91;0;0;1;0;0;0;0;0;0;0;0;0;0;0;0;1009;22;Y;Y;N;N;N;N;N
299269;6266;6268;2017/2018;complete;1956;0;-1;78,82,87;;3;0;3;4;3;7;3;1;3;2;0;0;7;4;7;7;14;11;7;17;60;40;3;2;0;0;0;0;0;0;0;0;0;0;0;0;0;0;0;0;0;0;0;0;0;0;0;0;0;0;0;0;0;0;0;0;0;0;0;0;0;0;0;0;0;0;0;0;0;0;0;0;0;0;0;0;0;0;0;0;0;0;0;0;0;0;0;0;0;0;0;0;3;0;0;3;0;3;0;2017-08-20 13:00:00;6266;0;0;0;0;0;-1;1;-1;-1;-1;-1;-1;-1;1;0;2;2;1;4;-1;0;0;0;0;0;0;0;0;0;0;0;0;0;1;1;0;0;-1;-1;0;0;-1;-1;-1;-1;-1;-1;-1;-1;-1;0;0;0;0;0;0;0;0;0;0;0;0;0;Liverpool U23;Sunderland U23;1.73;0.91;0;0;3;3;0;0;0;0;0;0;0;0;0;0;0;1009;22;Y;Y;Y;N;N;N;N
299270;6269;6265;2017/2018;complete;1956;0;-1;33,44;49,56,63;2;3;5;9;8;17;0;4;1;1;0;0;8;9;10;5;18;14;15;12;53;47;1;1;0;0;0;0;0;0;0;0;0;0;0;0;0;0;0;0;0;0;0;0;0;0;0;0;0;0;0;0;0;0;0;0;0;0;0;0;0;0;0;0;0;0;0;0;0;0;0;0;0;0;0;0;0;0;0;0;0;0;0;0;0;0;0;0;0;0;0;0;5;2;0;0;3;3;2;2017-08-21 11:00:00;6265;0;0;0;0;0;-1;1;-1;-1;-1;-1;-1;-1;0;0;1;1;0;2;-1;0;0;0;0;0;0;0;1;0;1;0;0;0;1;1;0;0;-1;-1;0;0;-1;-1;-1;-1;-1;-1;-1;-1;-1;0;0;0;0;0;0;0;0;0;0;0;0;0;Tottenham Hotspur U23;West Ham United U23;1.36;1.73;0;0;0;1;0;0;0;0;0;0;0;0;0;0;0;1009;22;Y;Y;Y;Y;Y;N;Y
299271;6271;6267;2017/2018;complete;1956;0;-1;79;53;1;1;2;3;2;5;1;0;1;3;0;0;4;4;7;4;11;8;10;20;66;34;1;3;0;0;0;0;0;0;0;0;0;0;0;0;0;0;0;0;0;0;0;0;0;0;0;0;0;0;0;0;0;0;0;0;0;0;0;0;0;0;0;0;0;0;0;0;0;0;0;0;0;0;0;0;0;0;0;0;0;0;0;0;0;0;0;0;0;0;0;0;2;0;0;1;1;2;0;2017-08-21 18:00:00;-1;0;0;0;0;0;-1;1;-1;-1;-1;-1;-1;-1;1;2;0;1;3;1;-1;0;0;0;0;0;0;0;1;0;0;0;1;0;1;1;0;0;-1;-1;0;0;-1;-1;-1;-1;-1;-1;-1;-1;-1;0;0;0;0;0;0;0;0;0;0;0;0;0;Manchester United U23;Swansea City U23;0.64;1.36;0;0;3;0;0;0;0;0;0;0;0;0;0;0;0;1009;22;Y;Y;N;N;N;N;Y
299272;6274;6270;2017/2018;complete;1956;0;-1;11,15,37,57;31,68,74;4;3;7;3;2;5;0;2;0;2;1;1;13;6;5;4;18;10;8;15;46;54;2;4;0;0;0;0;0;0;0;0;0;0;0;0;0;0;0;0;0;0;0;0;0;0;0;0;0;0;0;0;0;0;0;0;0;0;0;0;0;0;0;0;0;0;0;0;0;0;0;0;0;0;0;0;0;0;0;0;0;0;0;0;0;0;0;0;0;0;0;0;7;3;1;1;2;3;4;2017-08-21 18:00:00;6274;0;0;0;0;0;-1;1;-1;-1;-1;-1;-1;-1;0;0;1;3;0;4;-1;0;0;0;0;0;0;0;0;1;0;1;0;0;1;1;0;0;-1;-1;0;0;-1;-1;-1;-1;-1;-1;-1;-1;-1;0;0;0;0;0;0;0;0;0;0;0;0;0;Arsenal U23;Manchester City U23;2.27;1.55;0;0;3;1;0;0;0;0;0;0;0;0;0;0;0;1009;22;Y;Y;Y;Y;Y;Y;Y
299273;6269;6271;2017/2018;complete;1956;0;-1;11,12,25;;3;0;3;3;7;10;3;3;3;1;0;0;4;11;5;8;9;19;13;12;51;49;3;1;0;0;0;0;0;0;0;0;0;0;0;0;0;0;0;0;0;0;0;0;0;0;0;0;0;0;0;0;0;0;0;0;0;0;0;0;0;0;0;0;0;0;0;0;0;0;0;0;0;0;0;0;0;0;0;0;0;0;0;0;0;0;0;0;0;0;0;0;3;3;0;0;0;0;3;2017-08-25 18:00:00;6269;0;50;0;0;0;-1;1;-1;-1;-1;-1;-1;-1;0;0;3;1;0;4;-1;0;0;0;0;0;0;0;0;0;0;0;0;0;1;1;0;0;-1;-1;0;0;-1;-1;-1;-1;-1;-1;-1;-1;-1;50;50;50;50;100;50;50;100;50;12;1;1;3;Tottenham Hotspur U23;Manchester United U23;1.36;1.18;0;3;0;2;50;50;50;50;0;100;100;100;0;0;0;1009;22;Y;Y;Y;N;N;N;N
299274;6270;6272;2017/2018;complete;1956;0;-1;10,50;25,83;2;2;4;7;3;10;3;0;4;3;0;0;4;3;9;2;13;5;7;14;61;39;4;3;0;0;0;0;0;0;0;0;0;0;0;0;0;0;0;0;0;0;0;0;0;0;0;0;0;0;0;0;0;0;0;0;0;0;0;0;0;0;0;0;0;0;0;0;0;0;0;0;0;0;0;0;0;0;0;0;0;0;0;0;0;0;0;0;0;0;0;0;4;1;1;1;1;2;2;2017-08-25 18:00:00;-1;0;0;0;0;0;-1;1;-1;-1;-1;-1;-1;-1;0;1;4;2;1;6;-1;0;0;0;0;0;0;0;0;1;0;1;0;0;1;1;1;0;-1;-1;0;0;-1;-1;-1;-1;-1;-1;-1;-1;-1;0;0;0;0;50;0;50;0;0;8;1;3;0.5;Manchester City U23;Leicester City U23;1.18;1.18;1;3;0.5;1.5;100;100;100;100;50;100;100;0;0;0;0;1009;22;Y;Y;Y;Y;N;N;Y
299275;6275;6268;2017/2018;complete;1956;0;-1;31,90;;2;0;2;5;1;6;2;2;0;0;0;0;7;2;16;5;23;7;10;11;51;49;0;0;0;0;0;0;0;0;0;0;0;0;0;0;0;0;0;0;0;0;0;0;0;0;0;0;0;0;0;0;0;0;0;0;0;0;0;0;0;0;0;0;0;0;0;0;0;0;0;0;0;0;0;0;0;0;0;0;0;0;0;0;0;0;0;0;0;0;0;0;2;1;0;1;0;1;1;2017-08-25 18:00:00;6275;0;50;0;50;0;-1;-1;-1;-1;-1;-1;-1;-1;0;0;0;0;0;0;-1;0;0;0;0;0;0;0;0;0;0;0;0;0;1;1;0;0;-1;-1;-1;-1;-1;-1;-1;-1;-1;-1;-1;-1;-1;50;50;100;100;100;0;50;100;100;6;3;3;4;Derby County U23;Sunderland U23;1.27;0.91;0;0;0;1.5;50;50;0;0;0;0;0;0;0;0;0;1009;22;Y;Y;N;N;N;N;N
299276;6274;6266;2017/2018;complete;1956;0;-1;48;70,90;1;2;3;8;10;18;0;1;2;3;0;0;6;8;14;5;20;13;8;18;47;53;2;3;0;0;0;0;0;0;0;0;0;0;0;0;0;0;0;0;0;0;0;0;0;0;0;0;0;0;0;0;0;0;0;0;0;0;0;0;0;0;0;0;0;0;0;0;0;0;0;0;0;0;0;0;0;0;0;0;0;0;0;0;0;0;0;0;0;0;0;0;3;0;0;1;2;3;0;2017-08-25 18:00:00;6266;0;50;50;50;0;-1;1;-1;-1;-1;-1;-1;-1;1;0;1;3;1;4;-1;0;0;0;0;0;0;0;0;0;0;0;0;0;1;1;0;0;-1;-1;0;0;-1;-1;-1;-1;-1;-1;-1;-1;-1;50;50;50;100;100;50;100;100;50;9;0;3;4.5;Arsenal U23;Liverpool U23;2.27;1.91;3;3;3;3;50;50;50;0;0;0;0;0;0;0;0;1009;22;Y;Y;Y;N;N;N;Y
299277;6276;6273;2017/2018;complete;1956;0;-1;;18,56,87;0;3;3;9;0;9;1;1;3;2;0;0;4;6;10;1;14;7;9;8;66;34;3;2;0;0;0;0;0;0;0;0;0;0;0;0;0;0;0;0;0;0;0;0;0;0;0;0;0;0;0;0;0;0;0;0;0;0;0;0;0;0;0;0;0;0;0;0;0;0;0;0;0;0;0;0;0;0;0;0;0;0;0;0;0;0;0;0;0;0;0;0;3;0;1;0;2;2;1;2017-08-25 18:05:00;6273;0;0;0;0;0;-1;1;-1;-1;-1;-1;-1;-1;1;1;2;1;2;3;-1;0;0;0;0;0;0;0;0;0;0;0;0;0;1;1;0;0;-1;-1;0;0;-1;-1;-1;-1;-1;-1;-1;-1;-1;0;0;0;50;50;0;0;50;50;16;7;4;1;Chelsea U23;Everton U23;1.18;1.55;3;1;2;0.5;100;100;100;50;50;100;100;100;0;0;0;1009;22;Y;Y;Y;N;N;N;N
299278;6265;6267;2017/2018;complete;1956;0;-1;1,33,45,48,79;14,82;5;2;7;8;0;8;1;2;0;3;0;0;9;3;9;7;18;10;8;15;69;31;0;3;0;0;0;0;0;0;0;0;0;0;0;0;0;0;0;0;0;0;0;0;0;0;0;0;0;0;0;0;0;0;0;0;0;0;0;0;0;0;0;0;0;0;0;0;0;0;0;0;0;0;0;0;0;0;0;0;0;0;0;0;0;0;0;0;0;0;0;0;7;3;1;2;1;3;4;2017-08-27 12:00:00;6265;0;50;0;50;0;-1;1;-1;-1;-1;-1;-1;-1;0;1;0;2;1;2;-1;0;0;0;0;0;0;0;0;0;0;0;0;0;1;1;1;0;-1;-1;0;0;-1;-1;-1;-1;-1;-1;-1;-1;-1;0;0;0;50;50;0;0;50;50;15;0;5;1;West Ham United U23;Swansea City U23;1.09;1.36;1;1;2;0.5;100;100;100;50;50;50;50;50;0;0;0;1009;22;Y;Y;Y;Y;Y;Y;Y
299279;6271;6274;2017/2018;complete;1956;0;-1;;33,38;0;2;2;9;2;11;3;3;2;1;0;0;6;8;9;7;15;15;18;8;50;50;2;1;0;0;0;0;0;0;0;0;0;0;0;0;0;0;0;0;0;0;0;0;0;0;0;0;0;0;0;0;0;0;0;0;0;0;0;0;0;0;0;0;0;0;0;0;0;0;0;0;0;0;0;0;0;0;0;0;0;0;0;0;0;0;0;0;0;0;0;0;2;0;2;0;0;0;2;2017-09-08 18:00:00;6274;0;100;0;100;0;-1;1;-1;-1;-1;-1;-1;-1;1;0;1;1;1;2;-1;0;0;0;0;0;0;0;0;0;0;0;0;0;1;1;0;0;-1;-1;0;0;-1;-1;-1;-1;-1;-1;-1;-1;-1;50;50;50;100;100;0;50;100;100;6;3;1;3.5;Manchester United U23;Arsenal U23;0.64;1.55;1;3;1.33;2;50;50;50;0;0;0;0;0;0;0;0;1009;22;Y;Y;N;N;N;N;N
299280;6276;6268;2017/2018;complete;1956;0;-1;29,33;25,74;2;2;4;-1;-1;-1;-1;-1;1;2;0;0;-1;-1;-1;-1;-1;-1;-1;-1;-1;-1;1;2;0;0;0;0;0;0;0;0;0;0;0;0;0;0;0;0;0;0;0;0;0;0;0;0;0;0;0;0;0;0;0;0;0;0;0;0;0;0;0;0;0;0;0;0;0;0;0;0;0;0;0;0;0;0;0;0;0;0;0;0;0;0;0;0;0;0;0;0;4;2;1;0;1;1;3;2017-09-09 13:00:00;-1;0;0;0;0;0;-1;1;-1;-1;-1;-1;-1;-1;0;0;1;2;0;3;-1;0;0;0;0;0;0;0;0;0;0;0;0;0;1;1;0;0;-1;-1;0;0;-1;-1;-1;-1;-1;-1;-1;-1;-1;0;0;50;100;100;0;50;100;75;10.5;3;3.5;2.5;Chelsea U23;Sunderland U23;1.18;0.91;1.5;0;1.33;1;100;100;50;0;0;50;25;25;0;0;0;1009;22;Y;Y;Y;Y;N;N;Y
299281;6273;6269;2017/2018;complete;1956;0;-1;6,60,66,69;58;4;1;5;9;1;10;5;0;1;3;0;0;7;3;4;8;11;11;8;15;44;56;1;3;0;0;0;0;0;0;0;0;0;0;0;0;0;0;0;0;0;0;0;0;0;0;0;0;0;0;0;0;0;0;0;0;0;0;0;0;0;0;0;0;0;0;0;0;0;0;0;0;0;0;0;0;0;0;0;0;0;0;0;0;0;0;0;0;0;0;0;0;5;1;0;3;1;4;1;2017-09-10 12:00:00;6273;0;50;0;0;0;-1;1;-1;-1;-1;-1;-1;-1;1;1;0;2;2;2;-1;0;0;0;0;0;0;0;0;0;0;0;0;0;1;1;1;0;-1;-1;0;0;-1;-1;-1;-1;-1;-1;-1;-1;-1;0;0;50;50;100;0;100;50;50;9;1;4;2;Everton U23;Tottenham Hotspur U23;1.18;1;0;0;1.33;1;100;100;50;50;0;50;50;0;0;0;0;1009;22;Y;Y;Y;Y;Y;N;Y
299282;6266;6270;2017/2018;complete;1956;0;-1;89;;1;0;1;4;5;9;0;5;2;3;0;0;12;4;14;4;26;8;13;10;51;49;2;3;0;0;0;0;0;0;0;0;0;0;0;0;0;0;0;0;0;0;0;0;0;0;0;0;0;0;0;0;0;0;0;0;0;0;0;0;0;0;0;0;0;0;0;0;0;0;0;0;0;0;0;0;0;0;0;0;0;0;0;0;0;0;0;0;0;0;0;0;1;0;0;1;0;1;0;2017-09-10 12:00:00;6266;0;50;50;50;0;-1;1;-1;-1;-1;-1;-1;-1;0;1;2;2;1;4;-1;0;0;0;0;0;0;0;0;0;0;0;0;0;1;1;0;0;-1;-1;0;0;-1;-1;-1;-1;-1;-1;-1;-1;-1;50;50;100;100;100;50;50;100;100;6;5;7;5;Liverpool U23;Manchester City U23;1.73;1.55;3;0;3;0.67;50;50;0;0;0;0;0;0;0;0;0;1009;22;Y;N;N;N;N;N;N
299283;6267;6275;2017/2018;complete;1956;0;-1;18,29,32,88,90;41,74;5;2;7;-1;-1;-1;-1;-1;2;2;0;0;-1;-1;-1;-1;-1;-1;-1;-1;-1;-1;2;2;0;0;0;0;0;0;0;0;0;0;0;0;0;0;0;0;0;0;0;0;0;0;0;0;0;0;0;0;0;0;0;0;0;0;0;0;0;0;0;0;0;0;0;0;0;0;0;0;0;0;0;0;0;0;0;0;0;0;0;0;0;0;0;0;0;0;0;0;7;3;1;2;1;3;4;2017-09-11 18:00:00;6267;0;0;0;0;0;-1;1;-1;-1;-1;-1;-1;-1;1;0;1;2;1;3;-1;0;0;0;0;0;0;0;0;0;0;0;0;0;1;1;0;0;-1;-1;0;0;-1;-1;-1;-1;-1;-1;-1;-1;-1;0;0;0;100;100;0;50;100;50;4;7;3;2;Swansea City U23;Derby County U23;2;0.91;0;0;0.33;1;100;100;100;0;0;50;50;50;0;0;0;1009;22;Y;Y;Y;Y;Y;Y;Y
299284;6272;6265;2017/2018;complete;1956;0;-1;45,47,49;76;3;1;4;12;2;14;1;3;0;0;0;0;10;3;9;5;19;8;10;10;53;47;0;0;0;0;0;0;0;0;0;0;0;0;0;0;0;0;0;0;0;0;0;0;0;0;0;0;0;0;0;0;0;0;0;0;0;0;0;0;0;0;0;0;0;0;0;0;0;0;0;0;0;0;0;0;0;0;0;0;0;0;0;0;0;0;0;0;0;0;0;0;4;1;0;2;1;3;1;2017-09-11 18:00:00;6272;0;50;0;0;0;-1;-1;-1;-1;-1;-1;-1;-1;0;0;0;0;0;0;-1;0;0;0;0;0;0;0;0;0;0;0;0;0;1;1;0;0;-1;-1;-1;-1;-1;-1;-1;-1;-1;-1;-1;-1;-1;50;50;50;50;100;50;50;100;50;19;6;2;3;Leicester City U23;West Ham United U23;2.36;1.73;0;3;1.33;2.33;50;50;50;50;0;100;100;100;0;0;0;1009;22;Y;Y;Y;Y;N;N;Y
299285;6274;6272;2017/2018;complete;1956;0;-1;32;;1;0;1;4;14;18;3;0;1;4;0;0;8;10;7;8;15;18;8;13;57;43;1;4;0;0;0;0;0;0;0;0;0;0;0;0;0;0;0;0;0;0;0;0;0;0;0;0;0;0;0;0;0;0;0;0;0;0;0;0;0;0;0;0;0;0;0;0;0;0;0;0;0;0;0;0;0;0;0;0;0;0;0;0;0;0;0;0;0;0;0;0;1;1;0;0;0;0;1;2017-09-15 18:00:00;6274;0;75;50;75;0;-1;1;-1;-1;-1;-1;-1;-1;0;0;1;4;0;5;-1;0;0;0;0;0;0;0;0;0;0;0;0;0;1;1;0;0;-1;-1;0;0;-1;-1;-1;-1;-1;-1;-1;-1;-1;25;50;75;75;100;50;75;75;75;9;0.5;4;3.75;Arsenal U23;Leicester City U23;2.27;1.18;1.5;2;2.25;1.75;75;50;25;25;0;75;75;25;0;0;0;1009;22;Y;N;N;N;N;N;N
299286;6270;6268;2017/2018;complete;1956;0;-1;32,61;6,45;2;2;4;5;2;7;0;0;1;2;1;0;7;8;8;8;15;16;7;13;48;52;3;2;0;0;0;0;0;0;0;0;0;0;0;0;0;0;0;0;0;0;0;0;0;0;0;0;0;0;0;0;0;0;0;0;0;0;0;0;0;0;0;0;0;0;0;0;0;0;0;0;0;0;0;0;0;0;0;0;0;0;0;0;0;0;0;0;0;0;0;0;4;1;2;1;0;1;3;2017-09-16 12:00:00;-1;0;42;42;25;0;-1;1;-1;-1;-1;-1;-1;-1;1;2;1;0;3;1;-1;0;0;0;0;0;0;0;1;1;1;1;0;0;1;1;0;1;-1;-1;1;0;-1;-1;-1;-1;-1;-1;-1;-1;-1;0;42;59;75;75;42;59;75;42;7.5;2.17;4.33;2.5;Manchester City U23;Sunderland U23;1.18;0.91;1;0.33;0.5;1;100;59;42;25;25;50;50;0;0;0;0;1009;22;Y;Y;Y;Y;N;N;Y
299287;6269;6267;2017/2018;complete;1956;0;-1;57,80;52,76;2;2;4;9;8;17;0;2;1;3;0;0;5;7;8;8;13;15;8;18;54;46;1;3;0;0;0;0;0;0;0;0;0;0;0;0;0;0;0;0;0;0;0;0;0;0;0;0;0;0;0;0;0;0;0;0;0;0;0;0;0;0;0;0;0;0;0;0;0;0;0;0;0;0;0;0;0;0;0;0;0;0;0;0;0;0;0;0;0;0;0;0;4;0;0;2;2;4;0;2017-09-18 18:00:00;-1;0;75;25;50;0;-1;1;-1;-1;-1;-1;-1;-1;0;1;1;2;1;3;-1;0;0;0;0;0;0;0;0;0;0;0;0;0;1;1;0;0;-1;-1;0;0;-1;-1;-1;-1;-1;-1;-1;-1;-1;50;50;75;100;100;75;75;75;75;7;2.5;5;4.25;Tottenham Hotspur U23;Swansea City U23;1.36;1.36;1.5;0.5;0.75;1;50;50;25;0;0;50;50;25;0;0;0;1009;22;Y;Y;Y;Y;N;N;Y
299288;6275;6273;2017/2018;complete;1956;0;-1;;29;0;1;1;6;3;9;0;1;1;4;0;0;2;5;11;7;13;12;12;14;58;42;1;4;0;0;0;0;0;0;0;0;0;0;0;0;0;0;0;0;0;0;0;0;0;0;0;0;0;0;0;0;0;0;0;0;0;0;0;0;0;0;0;0;0;0;0;0;0;0;0;0;0;0;0;0;0;0;0;0;0;0;0;0;0;0;0;0;0;0;0;0;1;0;1;0;0;0;1;2017-09-18 18:00:00;6273;0;25;0;25;0;-1;1;-1;-1;-1;-1;-1;-1;1;1;0;3;2;3;-1;0;0;0;0;0;0;0;0;0;0;0;0;0;1;1;0;0;-1;-1;0;0;-1;-1;-1;-1;-1;-1;-1;-1;-1;25;25;50;75;75;0;75;75;50;8;5;2.5;2.5;Derby County U23;Everton U23;1.27;1.55;1.5;2;0.75;1.75;75;75;50;25;25;50;25;25;0;0;0;1009;22;Y;N;N;N;N;N;N
299289;6265;6266;2017/2018;complete;1956;0;-1;;13,21;0;2;2;4;5;9;1;3;6;2;0;0;0;11;8;9;8;20;22;11;45;55;6;2;0;0;0;0;0;0;0;0;0;0;0;0;0;0;0;0;0;0;0;0;0;0;0;0;0;0;0;0;0;0;0;0;0;0;0;0;0;0;0;0;0;0;0;0;0;0;0;0;0;0;0;0;0;0;0;0;0;0;0;0;0;0;0;0;0;0;0;0;2;0;2;0;0;0;2;2017-09-18 18:00:00;6266;0;50;25;50;0;-1;1;-1;-1;-1;-1;-1;-1;2;2;4;0;4;4;-1;0;0;0;0;0;0;0;1;0;0;0;1;0;1;1;0;0;-1;-1;0;0;-1;-1;-1;-1;-1;-1;-1;-1;-1;25;25;50;75;75;25;50;75;50;18.5;1;3;3;West Ham United U23;Liverpool U23;1.09;1.91;2;3;1.75;3;75;75;50;25;25;50;50;50;0;0;0;1009;22;Y;Y;N;N;N;N;N
299290;6276;6271;2017/2018;complete;1956;0;-1;72,82;38,56;2;2;4;4;4;8;1;1;0;1;0;0;7;5;10;6;17;11;6;7;59;41;0;1;0;0;0;0;0;0;0;0;0;0;0;0;0;0;0;0;0;0;0;0;0;0;0;0;0;0;0;0;0;0;0;0;0;0;0;0;0;0;0;0;0;0;0;0;0;0;0;0;0;0;0;0;0;0;0;0;0;0;0;0;0;0;0;0;0;0;0;0;4;0;1;2;1;3;1;2017-09-18 18:05:00;-1;0;17;17;0;0;-1;1;-1;-1;-1;-1;-1;-1;0;0;0;1;0;1;-1;0;0;0;0;0;0;0;0;0;0;0;0;0;1;1;0;0;-1;-1;0;0;-1;-1;-1;-1;-1;-1;-1;-1;-1;0;17;59;75;100;42;59;75;34;13.5;2.67;2.5;2.5;Chelsea U23;Manchester United U23;1.18;1.18;1.33;1.5;1.25;1;100;84;42;25;0;100;75;50;0;0;0;1009;22;Y;Y;Y;Y;N;N;Y
299291;6266;6269;2017/2018;complete;1956;0;-1;1,16,44,50;20,35;4;2;6;5;6;11;0;0;3;2;0;0;8;9;15;3;23;12;9;11;55;45;3;2;0;0;0;0;0;0;0;0;0;0;0;0;0;0;0;0;0;0;0;0;0;0;0;0;0;0;0;0;0;0;0;0;0;0;0;0;0;0;0;0;0;0;0;0;0;0;0;0;0;0;0;0;0;0;0;0;0;0;0;0;0;0;0;0;0;0;0;0;6;3;2;1;0;1;5;2017-09-22 18:00:00;6266;0;50;0;25;0;-1;1;-1;-1;-1;-1;-1;-1;1;1;2;1;2;3;-1;0;0;0;0;0;0;0;0;1;0;1;0;0;1;1;1;0;-1;-1;0;0;-1;-1;-1;-1;-1;-1;-1;-1;-1;25;25;75;75;100;0;50;100;75;6;2;5;3;Liverpool U23;Tottenham Hotspur U23;1.73;1;3;0;3;0.8;75;75;25;25;0;50;25;0;0;0;0;1009;22;Y;Y;Y;Y;Y;Y;Y
299292;6267;6270;2017/2018;complete;1956;0;-1;65;14,48,83;1;3;4;8;6;14;2;1;3;4;0;0;8;11;4;3;12;14;17;12;52;48;3;4;0;0;0;0;0;0;0;0;0;0;0;0;0;0;0;0;0;0;0;0;0;0;0;0;0;0;0;0;0;0;0;0;0;0;0;0;0;0;0;0;0;0;0;0;0;0;0;0;0;0;0;0;0;0;0;0;0;0;0;0;0;0;0;0;0;0;0;0;4;0;1;1;2;3;1;2017-09-22 18:00:00;6270;0;50;50;50;0;-1;1;-1;-1;-1;-1;-1;-1;1;1;2;3;2;5;-1;0;0;0;0;0;0;0;0;0;0;0;0;0;1;1;0;0;-1;-1;0;0;-1;-1;-1;-1;-1;-1;-1;-1;-1;50;50;50;75;100;50;75;100;50;3.5;5;5;4.25;Swansea City U23;Manchester City U23;2;1.55;1.5;0;1;0.6;50;50;50;25;0;25;0;0;0;0;0;1009;22;Y;Y;Y;Y;N;N;Y
299293;6271;6275;2017/2018;complete;1956;0;-1;58;56,72;1;2;3;2;14;16;0;2;0;4;0;0;8;10;17;10;25;20;10;11;50;50;0;4;0;0;0;0;0;0;0;0;0;0;0;0;0;0;0;0;0;0;0;0;0;0;0;0;0;0;0;0;0;0;0;0;0;0;0;0;0;0;0;0;0;0;0;0;0;0;0;0;0;0;0;0;0;0;0;0;0;0;0;0;0;0;0;0;0;0;0;0;3;0;0;1;2;3;0;2017-09-22 18:00:00;6275;0;50;25;50;0;-1;1;-1;-1;-1;-1;-1;-1;0;0;0;4;0;4;-1;0;0;0;0;0;0;0;0;0;0;0;0;0;1;1;0;0;-1;-1;0;0;-1;-1;-1;-1;-1;-1;-1;-1;-1;25;25;25;100;100;50;50;75;75;10;3;3.5;3.25;Manchester United U23;Derby County U23;0.64;0.91;0.5;0;1;0.6;75;75;75;0;0;75;75;75;0;0;0;1009;22;Y;Y;Y;N;N;N;Y
299294;6272;6276;2017/2018;complete;1956;0;-1;25,74;;2;0;2;4;5;9;2;4;3;1;0;0;6;3;3;7;9;10;8;13;50;50;3;1;0;0;0;0;0;0;0;0;0;0;0;0;0;0;0;0;0;0;0;0;0;0;0;0;0;0;0;0;0;0;0;0;0;0;0;0;0;0;0;0;0;0;0;0;0;0;0;0;0;0;0;0;0;0;0;0;0;0;0;0;0;0;0;0;0;0;0;0;2;1;0;1;0;1;1;2017-09-22 18:05:00;6272;0;25;0;25;0;-1;1;-1;-1;-1;-1;-1;-1;0;0;3;1;0;4;-1;0;0;0;0;0;0;0;0;0;0;0;0;0;1;1;0;0;-1;-1;0;0;-1;-1;-1;-1;-1;-1;-1;-1;-1;0;25;25;25;50;0;25;50;25;17.5;4.5;0.5;1.25;Leicester City U23;Chelsea U23;2.36;1.45;1.5;1;1.4;1.2;100;75;75;75;50;100;100;50;0;0;0;1009;22;Y;Y;N;N;N;N;N
299295;6268;6265;2017/2018;complete;1956;0;-1;36;20,29;1;2;3;6;4;10;3;3;1;0;0;0;8;6;6;3;14;9;14;10;48;52;1;0;0;0;0;0;0;0;0;0;0;0;0;0;0;0;0;0;0;0;0;0;0;0;0;0;0;0;0;0;0;0;0;0;0;0;0;0;0;0;0;0;0;0;0;0;0;0;0;0;0;0;0;0;0;0;0;0;0;0;0;0;0;0;0;0;0;0;0;0;3;1;2;0;0;0;3;2017-09-24 11:00:00;6265;0;100;0;25;0;-1;1;-1;-1;-1;-1;-1;-1;0;0;1;0;0;1;-1;0;0;0;0;0;0;0;0;0;0;0;0;0;1;1;0;0;-1;-1;0;0;-1;-1;-1;-1;-1;-1;-1;-1;-1;25;50;100;100;100;25;100;100;100;8;5.5;2.5;3.75;Sunderland U23;West Ham United U23;1.09;1.73;3;1.5;1;1.4;75;50;0;0;0;50;50;50;0;0;0;1009;22;Y;Y;Y;N;N;N;Y
299296;6273;6274;2017/2018;complete;1956;0;-1;49,73,82,90;10,77;4;2;6;5;5;10;2;1;2;2;0;1;11;6;15;4;26;10;19;11;47;53;2;3;0;0;0;0;0;0;0;0;0;0;0;0;0;0;0;0;0;0;0;0;0;0;0;0;0;0;0;0;0;0;0;0;0;0;0;0;0;0;0;0;0;0;0;0;0;0;0;0;0;0;0;0;0;0;0;0;0;0;0;0;0;0;0;0;0;0;0;0;6;0;1;4;1;5;1;2017-09-25 18:00:00;6273;0;50;0;50;0;-1;1;-1;-1;-1;-1;-1;-1;0;1;2;2;1;4;-1;0;0;0;0;0;0;0;0;1;0;1;0;0;1;1;0;1;-1;-1;0;1;-1;-1;-1;-1;-1;-1;-1;-1;-1;50;50;50;75;100;25;100;50;50;10;5;2;3.25;Everton U23;Arsenal U23;1.18;1.55;1.5;3;2;2.4;50;50;50;25;0;75;75;25;0;0;0;1009;22;Y;Y;Y;Y;Y;Y;Y
299297;6269;6272;2017/2018;complete;1956;0;-1;65;35;1;1;2;6;8;14;4;0;1;1;0;0;8;4;2;3;10;7;9;15;59;41;1;1;0;0;0;0;0;0;0;0;0;0;0;0;0;0;0;0;0;0;0;0;0;0;0;0;0;0;0;0;0;0;0;0;0;0;0;0;0;0;0;0;0;0;0;0;0;0;0;0;0;0;0;0;0;0;0;0;0;0;0;0;0;0;0;0;0;0;0;0;2;0;1;1;0;1;1;2017-10-13 12:00:00;-1;0;50;17;33;0;-1;1;-1;-1;-1;-1;-1;-1;0;0;1;1;0;2;-1;0;0;0;0;0;0;0;0;0;0;0;0;0;1;1;0;0;-1;-1;0;0;-1;-1;-1;-1;-1;-1;-1;-1;-1;17;50;67;67;100;50;84;50;50;14;1.33;4.34;3;Tottenham Hotspur U23;Leicester City U23;1.36;1.18;1.33;1.33;0.67;1.67;84;50;34;34;0;100;100;50;0;0;0;1009;22;Y;Y;N;N;N;N;Y
299298;6270;6273;2017/2018;complete;1956;0;-1;;34,38,55;0;3;3;10;2;12;1;4;3;2;0;0;9;7;7;6;16;13;18;14;66;34;3;2;0;0;0;0;0;0;0;0;0;0;0;0;0;0;0;0;0;0;0;0;0;0;0;0;0;0;0;0;0;0;0;0;0;0;0;0;0;0;0;0;0;0;0;0;0;0;0;0;0;0;0;0;0;0;0;0;0;0;0;0;0;0;0;0;0;0;0;0;3;0;2;0;1;1;2;2017-10-13 18:00:00;6273;0;34;34;17;0;-1;1;-1;-1;-1;-1;-1;-1;2;2;1;0;4;1;-1;0;0;0;0;0;0;0;0;0;0;0;0;0;1;1;0;0;-1;-1;0;0;-1;-1;-1;-1;-1;-1;-1;-1;-1;0;34;50;50;67;34;67;50;33;9;3.33;5.67;2;Manchester City U23;Everton U23;1.18;1.55;1;2.33;1;2.17;100;67;50;50;33;84;50;17;0;0;0;1009;22;Y;Y;Y;N;N;N;N
299299;6276;6267;2017/2018;complete;1956;0;-1;78;25,29,39;1;3;4;3;6;9;1;2;2;1;0;0;5;5;3;8;8;13;10;15;57;43;2;1;0;0;0;0;0;0;0;0;0;0;0;0;0;0;0;0;0;0;0;0;0;0;0;0;0;0;0;0;0;0;0;0;0;0;0;0;0;0;0;0;0;0;0;0;0;0;0;0;0;0;0;0;0;0;0;0;0;0;0;0;0;0;0;0;0;0;0;0;4;0;3;1;0;1;3;2017-10-13 18:05:00;6267;0;75;29;63;0;-1;1;-1;-1;-1;-1;-1;-1;1;1;1;0;2;1;-1;0;0;0;0;0;0;0;0;0;0;0;0;0;1;1;0;0;-1;-1;0;0;-1;-1;-1;-1;-1;-1;-1;-1;-1;17;59;71;100;100;29;54;100;88;10.33;2.08;4.5;3.79;Chelsea U23;Swansea City U23;1.18;1.36;1.25;0.67;1;0.83;84;42;29;0;0;50;33;33;0;0;0;1009;22;Y;Y;Y;Y;N;N;Y
299300;6265;6271;2017/2018;complete;1956;0;-1;24,45,48,65;2,35;4;2;6;6;5;11;2;0;2;0;0;0;7;6;5;6;12;12;14;3;45;55;2;0;0;0;0;0;0;0;0;0;0;0;0;0;0;0;0;0;0;0;0;0;0;0;0;0;0;0;0;0;0;0;0;0;0;0;0;0;0;0;0;0;0;0;0;0;0;0;0;0;0;0;0;0;0;0;0;0;0;0;0;0;0;0;0;0;0;0;0;0;6;2;2;2;0;2;4;2017-10-15 12:00:00;6265;0;33;17;33;0;-1;1;-1;-1;-1;-1;-1;-1;1;0;1;0;1;1;-1;0;0;0;0;0;0;0;0;0;0;0;0;0;1;1;0;1;-1;-1;0;0;-1;-1;-1;-1;-1;-1;-1;-1;-1;17;33;50;67;84;50;67;50;33;13;2.34;3.34;2.84;West Ham United U23;Manchester United U23;1.09;1.18;1.33;1.33;1.67;0.83;84;67;50;33;17;67;50;33;0;0;0;1009;22;Y;Y;Y;Y;Y;Y;Y
299301;6275;6266;2017/2018;complete;1956;0;-1;50,66;;2;0;2;5;4;9;2;0;4;0;0;0;5;3;2;9;7;12;18;15;36;64;4;0;0;0;0;0;0;0;0;0;0;0;0;0;0;0;0;0;0;0;0;0;0;0;0;0;0;0;0;0;0;0;0;0;0;0;0;0;0;0;0;0;0;0;0;0;0;0;0;0;0;0;0;0;0;0;0;0;0;0;0;0;0;0;0;0;0;0;0;0;2;0;0;2;0;2;0;2017-10-16 18:00:00;6275;0;33;0;33;0;-1;1;-1;-1;-1;-1;-1;-1;2;0;2;0;2;2;-1;0;0;0;0;0;0;0;0;0;0;0;0;0;1;1;0;0;-1;-1;0;0;-1;-1;-1;-1;-1;-1;-1;-1;-1;17;17;33;84;100;17;84;67;33;11.67;2.66;2.67;2.5;Derby County U23;Liverpool U23;1.27;1.91;1;3;1;3;84;84;67;17;0;50;17;17;0;0;0;1009;22;Y;Y;N;N;N;N;N
299302;6274;6268;2017/2018;complete;1956;0;-1;48,77;;2;0;2;8;3;11;3;1;0;1;0;0;8;5;7;3;15;8;10;15;65;35;0;1;0;0;0;0;0;0;0;0;0;0;0;0;0;0;0;0;0;0;0;0;0;0;0;0;0;0;0;0;0;0;0;0;0;0;0;0;0;0;0;0;0;0;0;0;0;0;0;0;0;0;0;0;0;0;0;0;0;0;0;0;0;0;0;0;0;0;0;0;2;0;0;2;0;2;0;2017-10-16 18:00:00;6274;0;59;42;34;0;-1;1;-1;-1;-1;-1;-1;-1;0;0;0;1;0;1;-1;0;0;0;0;0;0;0;0;0;0;0;0;0;1;1;0;0;-1;-1;0;0;-1;-1;-1;-1;-1;-1;-1;-1;-1;17;42;71;84;100;42;71;84;46;7;1.5;3.17;3.46;Arsenal U23;Sunderland U23;2.27;0.91;2;0.5;2;0.83;84;59;29;17;0;34;34;34;0;0;0;1009;22;Y;Y;N;N;N;N;N
299303;6273;6268;2017/2018;complete;1956;0;-1;;85;0;1;1;6;2;8;1;1;3;3;0;0;5;4;14;0;19;4;11;8;47;53;3;3;0;0;0;0;0;0;0;0;0;0;0;0;0;0;0;0;0;0;0;0;0;0;0;0;0;0;0;0;0;0;0;0;0;0;0;0;0;0;0;0;0;0;0;0;0;0;0;0;0;0;0;0;0;0;0;0;0;0;0;0;0;0;0;0;0;0;0;0;1;0;0;0;1;1;0;2017-10-20 13:00:00;6268;0;54;20;34;0;-1;1;-1;-1;-1;-1;-1;-1;0;0;3;3;0;6;-1;0;0;0;0;0;0;0;0;0;0;0;0;0;1;1;0;0;-1;-1;0;0;-1;-1;-1;-1;-1;-1;-1;-1;-1;34;54;64;84;100;20;80;84;54;8.92;2.93;3.07;3.5;Everton U23;Sunderland U23;1.18;0.91;2;0.4;2.29;0.71;67;47;37;17;0;63;63;13;0;0;0;1009;22;Y;N;N;N;N;N;N
299304;6270;6275;2017/2018;complete;1956;0;-1;22,47,57,68;90;4;1;5;3;2;5;2;0;3;3;0;0;6;4;6;5;12;9;12;13;61;39;3;3;0;0;0;0;0;0;0;0;0;0;0;0;0;0;0;0;0;0;0;0;0;0;0;0;0;0;0;0;0;0;0;0;0;0;0;0;0;0;0;0;0;0;0;0;0;0;0;0;0;0;0;0;0;0;0;0;0;0;0;0;0;0;0;0;0;0;0;0;5;1;0;3;1;4;1;2017-10-21 10:00:00;6270;0;59;42;46;0;-1;1;-1;-1;-1;-1;-1;-1;0;0;3;3;0;6;-1;0;0;0;0;0;0;0;1;0;1;0;0;0;1;1;0;0;-1;-1;0;0;-1;-1;-1;-1;-1;-1;-1;-1;-1;17;42;71;88;88;54;54;88;63;15.5;2.33;5.67;3.38;Manchester City U23;Derby County U23;1.18;0.91;0.75;1;0.86;1.29;84;59;29;13;13;88;88;63;0;0;0;1009;22;Y;Y;Y;Y;Y;N;Y
299305;6276;6265;2017/2018;complete;1956;0;-1;;;0;0;0;4;7;11;1;2;2;1;0;0;3;9;6;9;9;18;14;10;45;55;2;1;0;0;0;0;0;0;0;0;0;0;0;0;0;0;0;0;0;0;0;0;0;0;0;0;0;0;0;0;0;0;0;0;0;0;0;0;0;0;0;0;0;0;0;0;0;0;0;0;0;0;0;0;0;0;0;0;0;0;0;0;0;0;0;0;0;0;0;0;0;0;0;0;0;0;0;2017-10-22 11:05:00;-1;0;80;27;27;0;-1;1;-1;-1;-1;-1;-1;-1;2;0;0;1;2;1;-1;0;0;0;0;0;0;0;0;0;0;0;0;0;1;1;0;0;-1;-1;0;0;-1;-1;-1;-1;-1;-1;-1;-1;-1;17;64;90;100;100;54;90;84;64;10.67;4.13;1.93;3.7;Chelsea U23;West Ham United U23;1.18;1.73;1;2;0.86;1.86;84;37;10;0;0;88;63;46;0;0;0;1009;22;N;N;N;N;N;N;N
299306;6269;6274;2017/2018;complete;1956;0;-1;10,11,60;15,24;3;2;5;1;9;10;1;2;4;4;0;0;4;7;3;5;7;12;11;13;54;46;4;4;0;0;0;0;0;0;0;0;0;0;0;0;0;0;0;0;0;0;0;0;0;0;0;0;0;0;0;0;0;0;0;0;0;0;0;0;0;0;0;0;0;0;0;0;0;0;0;0;0;0;0;0;0;0;0;0;0;0;0;0;0;0;0;0;0;0;0;0;5;2;2;1;0;1;4;2017-10-23 11:00:00;6269;0;71;0;46;0;-1;1;-1;-1;-1;-1;-1;-1;1;0;3;4;1;7;-1;0;0;0;0;0;0;0;1;1;1;1;0;0;1;1;1;0;-1;-1;0;0;-1;-1;-1;-1;-1;-1;-1;-1;-1;46;59;71;100;100;42;88;71;59;10.08;3.75;2.83;3.92;Tottenham Hotspur U23;Arsenal U23;1.36;1.55;1.25;2;0.71;2.14;54;42;29;0;0;84;84;54;0;0;0;1009;22;Y;Y;Y;Y;Y;N;Y
299307;6272;6267;2017/2018;complete;1956;0;-1;13,59;;2;0;2;5;5;10;1;0;2;1;0;1;7;0;5;2;12;2;8;11;65;35;2;3;0;0;0;0;0;0;0;0;0;0;0;0;0;0;0;0;0;0;0;0;0;0;0;0;0;0;0;0;0;0;0;0;0;0;0;0;0;0;0;0;0;0;0;0;0;0;0;0;0;0;0;0;0;0;0;0;0;0;0;0;0;0;0;0;0;0;0;0;2;1;0;1;0;1;1;2017-10-23 18:00:00;6272;0;67;13;54;0;-1;1;-1;-1;-1;-1;-1;-1;1;1;1;1;2;2;-1;0;0;0;0;0;0;0;0;0;0;0;0;0;1;1;0;0;-1;-1;1;0;-1;-1;-1;-1;-1;-1;-1;-1;-1;13;54;54;84;100;25;59;100;54;13;3.17;3.83;3.29;Leicester City U23;Swansea City U23;2.36;1.36;2;1.25;1.57;1.14;88;46;46;17;0;75;46;46;0;0;0;1009;22;Y;Y;N;N;N;N;N
299308;6271;6266;2017/2018;complete;1956;0;-1;61;14,70,74;1;3;4;6;9;15;2;2;1;0;0;0;7;14;8;11;15;25;9;7;42;58;1;0;0;0;0;0;0;0;0;0;0;0;0;0;0;0;0;0;0;0;0;0;0;0;0;0;0;0;0;0;0;0;0;0;0;0;0;0;0;0;0;0;0;0;0;0;0;0;0;0;0;0;0;0;0;0;0;0;0;0;0;0;0;0;0;0;0;0;0;0;4;0;1;1;2;3;1;2017-10-23 18:00:00;6266;0;46;0;46;0;-1;1;-1;-1;-1;-1;-1;-1;1;0;0;0;1;0;-1;0;0;0;0;0;0;0;0;0;0;0;0;0;1;1;0;0;-1;-1;0;0;-1;-1;-1;-1;-1;-1;-1;-1;-1;0;0;29;100;100;29;42;71;59;10.92;2.33;2.5;2.29;Manchester United U23;Liverpool U23;0.64;1.91;0.33;2.25;0.71;2.57;100;100;71;0;0;71;46;46;0;0;0;1009;22;Y;Y;Y;Y;N;N;Y
299309;6267;6273;2017/2018;complete;1956;0;-1;59;74,90;1;2;3;4;6;10;2;0;2;1;1;0;14;17;3;8;17;25;17;12;51;49;4;1;0;0;0;0;0;0;0;0;0;0;0;0;0;0;0;0;0;0;0;0;0;0;0;0;0;0;0;0;0;0;0;0;0;0;0;0;0;0;0;0;0;0;0;0;0;0;0;0;0;0;0;0;0;0;0;0;0;0;0;0;0;0;0;0;0;0;0;0;3;0;0;1;2;3;0;2017-10-27 18:00:00;6273;0;34;17;34;0;-1;1;-1;-1;-1;-1;-1;-1;2;1;1;0;3;1;-1;0;0;0;0;0;0;0;0;1;0;1;0;0;1;1;0;0;-1;-1;0;0;-1;-1;-1;-1;-1;-1;-1;-1;-1;17;34;59;75;88;29;88;75;46;7.25;4.42;4.5;3.04;Swansea City U23;Everton U23;2;1.55;1;2.5;1;2;84;67;42;25;13;75;50;50;0;0;0;1009;22;Y;Y;Y;N;N;N;Y
299310;6275;6269;2017/2018;complete;1956;0;-1;56;;1;0;1;4;3;7;1;0;1;1;0;0;6;4;4;3;10;7;13;8;35;65;1;1;0;0;0;0;0;0;0;0;0;0;0;0;0;0;0;0;0;0;0;0;0;0;0;0;0;0;0;0;0;0;0;0;0;0;0;0;0;0;0;0;0;0;0;0;0;0;0;0;0;0;0;0;0;0;0;0;0;0;0;0;0;0;0;0;0;0;0;0;1;0;0;1;0;1;0;2017-10-27 18:00:00;6275;0;63;17;29;0;-1;1;-1;-1;-1;-1;-1;-1;0;0;1;1;0;2;-1;0;0;0;0;0;0;0;0;0;0;0;0;0;1;1;0;0;-1;-1;0;0;-1;-1;-1;-1;-1;-1;-1;-1;-1;46;46;63;88;100;17;88;88;59;8.08;1.83;3.83;3.59;Derby County U23;Tottenham Hotspur U23;1.27;1;1.5;0;1.13;1;54;54;38;13;0;59;34;17;0;0;0;1009;22;Y;N;N;N;N;N;N
299311;6276;6274;2017/2018;complete;1956;0;-1;14,65;18,90;2;2;4;-1;-1;-1;-1;-1;4;2;0;0;-1;-1;-1;-1;-1;-1;-1;-1;-1;-1;4;2;0;0;0;0;0;0;0;0;0;0;0;0;0;0;0;0;0;0;0;0;0;0;0;0;0;0;0;0;0;0;0;0;0;0;0;0;0;0;0;0;0;0;0;0;0;0;0;0;0;0;0;0;0;0;0;0;0;0;0;0;0;0;0;0;0;0;0;0;4;1;1;1;1;2;2;2017-10-28 12:00:00;-1;0;63;21;34;0;-1;1;-1;-1;-1;-1;-1;-1;2;0;2;2;2;4;-1;0;0;0;0;0;0;0;0;0;0;0;0;0;1;1;0;0;-1;-1;0;0;-1;-1;-1;-1;-1;-1;-1;-1;-1;38;63;71;92;92;42;84;79;50;10.35;2.83;3.67;3.67;Chelsea U23;Arsenal U23;1.18;1.55;1;1.5;0.88;1.88;63;38;29;9;9;78;58;33;0;0;0;1009;22;Y;Y;Y;Y;N;N;Y
299312;6265;6270;2017/2018;complete;1956;0;-1;30,83;19;2;1;3;7;2;9;3;0;3;1;0;0;11;6;12;10;23;16;21;13;52;48;3;1;0;0;0;0;0;0;0;0;0;0;0;0;0;0;0;0;0;0;0;0;0;0;0;0;0;0;0;0;0;0;0;0;0;0;0;0;0;0;0;0;0;0;0;0;0;0;0;0;0;0;0;0;0;0;0;0;0;0;0;0;0;0;0;0;0;0;0;0;3;1;1;1;0;1;2;2017-10-28 12:00:00;6265;0;59;42;46;0;-1;1;-1;-1;-1;-1;-1;-1;0;0;3;1;0;4;-1;0;0;0;0;0;0;0;0;0;0;0;0;0;1;1;0;0;-1;-1;0;0;-1;-1;-1;-1;-1;-1;-1;-1;-1;42;59;59;71;88;54;71;75;59;12.08;3.67;6.17;3.88;West Ham United U23;Manchester City U23;1.09;1.55;1.75;1;1.75;1.13;59;42;42;29;13;71;42;42;0;0;0;1009;22;Y;Y;Y;N;N;N;Y
299313;6268;6271;2017/2018;complete;1956;0;-1;;49;0;1;1;11;4;15;0;0;3;0;0;0;3;6;6;5;9;11;9;7;59;41;3;0;0;0;0;0;0;0;0;0;0;0;0;0;0;0;0;0;0;0;0;0;0;0;0;0;0;0;0;0;0;0;0;0;0;0;0;0;0;0;0;0;0;0;0;0;0;0;0;0;0;0;0;0;0;0;0;0;0;0;0;0;0;0;0;0;0;0;0;0;1;0;0;0;1;1;0;2017-10-29 12:00:00;6271;0;75;38;13;0;-1;1;-1;-1;-1;-1;-1;-1;0;0;3;0;0;3;-1;0;0;0;0;0;0;0;0;1;0;1;0;0;1;1;0;0;-1;-1;0;0;-1;-1;-1;-1;-1;-1;-1;-1;-1;13;25;88;88;100;50;88;63;50;9.25;3.75;2;3.25;Sunderland U23;Manchester United U23;1.09;1.18;1.5;1;1;0.63;88;75;13;13;0;63;63;25;0;0;0;1009;22;Y;N;N;N;N;N;N
299314;6266;6272;2017/2018;complete;1956;0;-1;27;43,90;1;2;3;4;6;10;1;5;1;1;0;0;6;5;7;15;13;20;13;7;58;42;1;1;0;0;0;0;0;0;0;0;0;0;0;0;0;0;0;0;0;0;0;0;0;0;0;0;0;0;0;0;0;0;0;0;0;0;0;0;0;0;0;0;0;0;0;0;0;0;0;0;0;0;0;0;0;0;0;0;0;0;0;0;0;0;0;0;0;0;0;0;3;1;1;0;1;1;2;2017-10-29 13:00:00;6272;0;42;29;13;0;-1;1;-1;-1;-1;-1;-1;-1;0;1;1;0;1;1;-1;0;0;0;0;0;0;0;0;0;0;0;0;0;1;1;0;0;-1;-1;0;0;-1;-1;-1;-1;-1;-1;-1;-1;-1;17;29;46;59;100;29;67;75;29;11.58;1.25;4.92;2.67;Liverpool U23;Leicester City U23;1.73;1.18;3;1.25;2.63;1.75;84;71;54;42;0;84;67;42;0;0;0;1009;22;Y;Y;Y;N;N;N;Y
299315;6265;6275;2017/2018;complete;1956;0;-1;68;1,21,37,48,51;1;5;6;8;1;9;3;1;1;1;0;0;8;7;14;0;22;7;12;12;67;33;1;1;0;0;0;0;0;0;0;0;0;0;0;0;0;0;0;0;0;0;0;0;0;0;0;0;0;0;0;0;0;0;0;0;0;0;0;0;0;0;0;0;0;0;0;0;0;0;0;0;0;0;0;0;0;0;0;0;0;0;0;0;0;0;0;0;0;0;0;0;6;0;3;1;2;3;3;2017-11-17 19:00:00;6275;0;68;43;48;0;-1;1;-1;-1;-1;-1;-1;-1;0;0;1;1;0;2;-1;0;0;0;0;0;0;0;0;0;0;0;0;0;1;1;0;1;-1;-1;0;0;-1;-1;-1;-1;-1;-1;-1;-1;-1;45;45;68;90;90;53;65;80;70;14.27;2.4;5.35;3.93;West Ham United U23;Derby County U23;1.09;0.91;2;0.75;1.89;1.33;55;55;33;10;10;74;54;54;0;0;0;1009;22;Y;Y;Y;Y;Y;Y;Y
299316;6269;6276;2017/2018;complete;1956;0;-1;11,90;2,53,90;2;3;5;2;13;15;0;2;2;2;0;0;5;10;3;10;8;20;12;12;41;59;2;2;0;0;0;0;0;0;0;0;0;0;0;0;0;0;0;0;0;0;0;0;0;0;0;0;0;0;0;0;0;0;0;0;0;0;0;0;0;0;0;0;0;0;0;0;0;0;0;0;0;0;0;0;0;0;0;0;0;0;0;0;0;0;0;0;0;0;0;0;5;1;1;1;2;3;2;2017-11-18 12:00:00;6276;0;40;10;10;0;-1;1;-1;-1;-1;-1;-1;-1;0;1;2;1;1;3;-1;0;0;0;0;0;0;0;0;1;0;1;0;0;1;1;0;1;-1;-1;0;0;-1;-1;-1;-1;-1;-1;-1;-1;-1;20;30;40;75;75;30;65;65;20;11.1;5.1;2.5;2.4;Tottenham Hotspur U23;Chelsea U23;1.36;1.45;1.6;0.5;0.89;0.89;80;70;60;25;25;100;75;30;0;0;0;1009;22;Y;Y;Y;Y;Y;N;Y
299317;6271;6270;2017/2018;complete;1956;0;-1;21;48;1;1;2;8;6;14;1;0;1;1;0;0;8;6;6;4;14;10;6;9;44;56;1;1;0;0;0;0;0;0;0;0;0;0;0;0;0;0;0;0;0;0;0;0;0;0;0;0;0;0;0;0;0;0;0;0;0;0;0;0;0;0;0;0;0;0;0;0;0;0;0;0;0;0;0;0;0;0;0;0;0;0;0;0;0;0;0;0;0;0;0;0;2;1;0;0;1;1;1;2017-11-18 13:00:00;-1;0;75;25;63;0;-1;1;-1;-1;-1;-1;-1;-1;1;0;0;1;1;1;-1;0;0;0;0;0;0;0;0;0;0;0;0;0;1;1;0;0;-1;-1;0;0;-1;-1;-1;-1;-1;-1;-1;-1;-1;13;38;63;88;100;38;63;88;63;8.75;3.5;4;3.25;Manchester United U23;Manchester City U23;0.64;1.55;0.25;0.75;0.89;1;88;63;38;13;0;75;50;50;0;0;0;1009;22;Y;Y;N;N;N;N;Y
299318;6266;6273;2017/2018;complete;1956;0;-1;33,36,49,79;;4;0;4;9;4;13;1;4;1;0;0;0;7;3;12;10;19;13;14;7;47;53;1;0;0;0;0;0;0;0;0;0;0;0;0;0;0;0;0;0;0;0;0;0;0;0;0;0;0;0;0;0;0;0;0;0;0;0;0;0;0;0;0;0;0;0;0;0;0;0;0;0;0;0;0;0;0;0;0;0;0;0;0;0;0;0;0;0;0;0;0;0;4;2;0;2;0;2;2;2017-11-18 19:00:00;6266;0;35;25;10;0;-1;1;-1;-1;-1;-1;-1;-1;0;0;1;0;0;1;-1;0;0;0;0;0;0;0;0;0;0;0;0;0;1;1;0;0;-1;-1;0;0;-1;-1;-1;-1;-1;-1;-1;-1;-1;13;13;68;68;90;35;55;80;33;8.05;3.2;4.45;2.63;Liverpool U23;Everton U23;1.73;1.55;2.25;2.6;2.33;2.11;88;88;33;33;10;88;55;33;0;0;0;1009;22;Y;Y;Y;Y;N;N;N
299319;6267;6274;2017/2018;complete;1956;0;-1;5,85,90;64;3;1;4;6;1;7;4;1;0;0;0;0;11;5;7;7;18;12;16;7;52;48;0;0;0;0;0;0;0;0;0;0;0;0;0;0;0;0;0;0;0;0;0;0;0;0;0;0;0;0;0;0;0;0;0;0;0;0;0;0;0;0;0;0;0;0;0;0;0;0;0;0;0;0;0;0;0;0;0;0;0;0;0;0;0;0;0;0;0;0;0;0;4;1;0;2;1;3;1;2017-11-20 19:00:00;6267;0;78;33;68;0;-1;-1;-1;-1;-1;-1;-1;-1;0;0;0;0;0;0;-1;0;0;0;0;0;0;0;0;1;0;1;0;0;1;1;1;0;-1;-1;-1;-1;-1;-1;-1;-1;-1;-1;-1;-1;-1;43;65;78;100;100;43;88;90;68;8.75;3.15;4.5;4.2;Swansea City U23;Arsenal U23;2;1.55;0.75;1.4;0.89;1.78;58;35;23;0;0;71;71;29;0;0;0;1009;22;Y;Y;Y;Y;N;N;Y
299320;6272;6268;2017/2018;complete;1956;0;-1;;;0;0;0;11;3;14;2;2;1;1;0;0;3;2;18;4;21;6;9;13;63;37;1;1;0;0;0;0;0;0;0;0;0;0;0;0;0;0;0;0;0;0;0;0;0;0;0;0;0;0;0;0;0;0;0;0;0;0;0;0;0;0;0;0;0;0;0;0;0;0;0;0;0;0;0;0;0;0;0;0;0;0;0;0;0;0;0;0;0;0;0;0;0;0;0;0;0;0;0;2017-11-20 19:00:00;-1;0;29;17;13;0;-1;1;-1;-1;-1;-1;-1;-1;1;1;0;0;2;0;-1;0;0;0;0;0;0;0;0;0;0;0;0;0;1;1;0;0;-1;-1;0;0;-1;-1;-1;-1;-1;-1;-1;-1;-1;0;29;38;79;100;17;63;100;29;10.2;2.17;3.17;2.46;Leicester City U23;Sunderland U23;2.36;0.91;2.25;0.83;1.89;0.89;100;71;63;21;0;60;48;35;0;0;0;1009;22;N;N;N;N;N;N;N
299321;6274;6265;2017/2018;complete;1956;0;-1;5,34,84;;3;0;3;6;4;10;3;4;0;2;0;0;11;4;10;5;21;9;7;12;58;42;0;2;0;0;0;0;0;0;0;0;0;0;0;0;0;0;0;0;0;0;0;0;0;0;0;0;0;0;0;0;0;0;0;0;0;0;0;0;0;0;0;0;0;0;0;0;0;0;0;0;0;0;0;0;0;0;0;0;0;0;0;0;0;0;0;0;0;0;0;0;3;2;0;1;0;1;2;2017-11-24 19:00:00;6274;0;63;25;38;0;-1;1;-1;-1;-1;-1;-1;-1;0;0;0;2;0;2;-1;0;0;0;0;0;0;0;1;0;0;0;1;0;1;1;1;0;-1;-1;0;0;-1;-1;-1;-1;-1;-1;-1;-1;-1;25;38;63;75;88;38;63;63;63;11;4.5;1.75;3.13;Arsenal U23;West Ham United U23;2.27;1.73;2.25;1.75;1.6;1.7;75;63;38;25;13;88;88;75;0;0;0;1009;22;Y;Y;Y;N;N;N;N
299322;6275;6272;2017/2018;complete;1956;0;-1;;23,49;0;2;2;3;7;10;2;3;2;2;0;1;3;6;2;3;5;9;16;17;59;41;2;3;0;0;0;0;0;0;0;0;0;0;0;0;0;0;0;0;0;0;0;0;0;0;0;0;0;0;0;0;0;0;0;0;0;0;0;0;0;0;0;0;0;0;0;0;0;0;0;0;0;0;0;0;0;0;0;0;0;0;0;0;0;0;0;0;0;0;0;0;2;0;1;0;1;1;1;2017-11-24 19:00:00;6272;0;40;20;20;0;-1;1;-1;-1;-1;-1;-1;-1;0;1;2;2;1;4;-1;0;0;0;0;0;0;0;0;0;0;0;0;0;1;1;0;0;-1;-1;0;0;-1;-1;-1;-1;-1;-1;-1;-1;-1;10;20;30;60;100;20;80;70;30;11.6;2.6;3.4;2.2;Derby County U23;Leicester City U23;1.27;1.18;1.8;1.6;1.5;1.8;90;80;70;40;0;70;50;20;0;0;0;1009;22;Y;Y;N;N;N;N;N
299323;6270;6269;2017/2018;complete;1956;0;-1;33,50,80,90;21,27;4;2;6;9;1;10;5;4;2;4;0;0;13;4;13;1;26;5;13;11;61;39;2;4;0;0;0;0;0;0;0;0;0;0;0;0;0;0;0;0;0;0;0;0;0;0;0;0;0;0;0;0;0;0;0;0;0;0;0;0;0;0;0;0;0;0;0;0;0;0;0;0;0;0;0;0;0;0;0;0;0;0;0;0;0;0;0;0;0;0;0;0;6;1;2;3;0;3;3;2017-11-25 13:00:00;6270;0;68;33;33;0;-1;1;-1;-1;-1;-1;-1;-1;1;0;1;4;1;5;-1;0;0;0;0;0;0;0;1;0;1;0;0;0;1;1;0;0;-1;-1;0;0;-1;-1;-1;-1;-1;-1;-1;-1;-1;35;55;78;78;90;43;78;90;45;9.05;1.45;5;3.48;Manchester City U23;Tottenham Hotspur U23;1.18;1;1.2;0;1;0.8;65;45;23;23;10;55;55;23;0;0;0;1009;22;Y;Y;Y;Y;Y;Y;Y
299324;6276;6266;2017/2018;complete;1956;0;-1;21;6,41,71;1;3;4;-1;-1;-1;-1;-1;2;2;0;0;-1;-1;-1;-1;-1;-1;-1;-1;-1;-1;2;2;0;0;0;0;0;0;0;0;0;0;0;0;0;0;0;0;0;0;0;0;0;0;0;0;0;0;0;0;0;0;0;0;0;0;0;0;0;0;0;0;0;0;0;0;0;0;0;0;0;0;0;0;0;0;0;0;0;0;0;0;0;0;0;0;0;0;0;0;4;1;2;0;1;1;3;2017-11-25 14:00:00;6266;0;49;15;35;0;-1;1;-1;-1;-1;-1;-1;-1;0;0;2;2;0;4;-1;0;0;0;0;0;0;0;0;0;0;0;0;0;1;1;0;1;-1;-1;0;0;-1;-1;-1;-1;-1;-1;-1;-1;-1;0;39;56;93;93;32;66;83;59;12.4;1.77;3.2;2.8;Chelsea U23;Liverpool U23;1.18;1.91;1;2.4;1.1;2.4;100;62;45;7;7;80;40;40;0;0;0;1009;22;Y;Y;Y;Y;N;N;Y
299325;6268;6267;2017/2018;complete;1956;0;-1;;44,90;0;2;2;2;3;5;3;0;4;5;0;1;5;7;2;9;7;16;15;17;49;51;4;6;0;0;0;0;0;0;0;0;0;0;0;0;0;0;0;0;0;0;0;0;0;0;0;0;0;0;0;0;0;0;0;0;0;0;0;0;0;0;0;0;0;0;0;0;0;0;0;0;0;0;0;0;0;0;0;0;0;0;0;0;0;0;0;0;0;0;0;0;2;0;1;0;1;1;1;2017-11-26 12:00:00;6267;0;74;27;30;0;-1;1;-1;-1;-1;-1;-1;-1;1;1;3;5;2;8;-1;0;0;0;0;0;0;0;0;1;0;1;0;0;1;1;0;0;-1;-1;0;0;-1;-1;-1;-1;-1;-1;-1;-1;-1;10;30;64;84;100;37;64;84;47;10.87;2.87;4.6;3.07;Sunderland U23;Swansea City U23;1.09;1.36;1;1;0.9;1.1;90;70;37;17;0;64;54;27;0;0;0;1009;22;Y;Y;N;N;N;N;N
299326;6273;6271;2017/2018;complete;1956;0;-1;;;0;0;0;5;6;11;2;0;1;1;0;0;6;4;11;9;17;13;10;11;50;50;1;1;0;0;0;0;0;0;0;0;0;0;0;0;0;0;0;0;0;0;0;0;0;0;0;0;0;0;0;0;0;0;0;0;0;0;0;0;0;0;0;0;0;0;0;0;0;0;0;0;0;0;0;0;0;0;0;0;0;0;0;0;0;0;0;0;0;0;0;0;0;0;0;0;0;0;0;2017-11-27 19:00:00;-1;0;45;10;35;0;-1;1;-1;-1;-1;-1;-1;-1;1;1;0;0;2;0;-1;0;0;0;0;0;0;0;0;0;0;0;0;0;1;1;0;0;-1;-1;0;0;-1;-1;-1;-1;-1;-1;-1;-1;-1;35;45;55;55;100;20;68;78;45;11.1;3;2.4;3.13;Everton U23;Manchester United U23;1.18;1.18;1.5;1.4;1.9;0.9;65;55;45;45;0;78;78;30;0;0;0;1009;22;N;N;N;N;N;N;N
299327;6268;6266;2017/2018;complete;1956;0;-1;41;4,74,79,82;1;4;5;3;3;6;1;2;1;2;0;0;4;6;2;9;6;15;9;10;40;60;1;2;0;0;0;0;0;0;0;0;0;0;0;0;0;0;0;0;0;0;0;0;0;0;0;0;0;0;0;0;0;0;0;0;0;0;0;0;0;0;0;0;0;0;0;0;0;0;0;0;0;0;0;0;0;0;0;0;0;0;0;0;0;0;0;0;0;0;0;0;5;1;1;0;3;3;2;2017-12-10 12:00:00;6266;0;50;21;17;0;-1;1;-1;-1;-1;-1;-1;-1;0;1;1;1;1;2;-1;0;0;0;0;0;0;0;0;1;0;1;0;0;1;1;0;1;-1;-1;0;0;-1;-1;-1;-1;-1;-1;-1;-1;-1;0;17;50;88;100;29;71;79;38;12.3;2.83;3.83;2.54;Sunderland U23;Liverpool U23;1.09;1.91;0.75;2.5;0.82;2.45;100;84;50;13;0;65;45;33;0;0;0;1009;22;Y;Y;Y;Y;Y;N;Y
299328;6270;6274;2017/2018;complete;1956;0;-1;;48;0;1;1;2;9;11;4;1;2;0;0;0;3;12;6;18;9;30;11;17;49;51;2;0;0;0;0;0;0;0;0;0;0;0;0;0;0;0;0;0;0;0;0;0;0;0;0;0;0;0;0;0;0;0;0;0;0;0;0;0;0;0;0;0;0;0;0;0;0;0;0;0;0;0;0;0;0;0;0;0;0;0;0;0;0;0;0;0;0;0;0;0;1;0;0;0;1;1;0;2017-12-10 13:00:00;6274;0;75;42;50;0;-1;1;-1;-1;-1;-1;-1;-1;0;0;2;0;0;2;-1;0;0;0;0;0;0;0;0;0;0;0;0;0;1;1;0;0;-1;-1;0;0;-1;-1;-1;-1;-1;-1;-1;-1;-1;42;75;83;92;92;59;92;83;59;10.33;3.16;4.5;4;Manchester City U23;Arsenal U23;1.18;1.55;1.5;1.17;1.18;1.73;59;25;17;9;9;64;64;19;0;0;0;1009;22;Y;N;N;N;N;N;N
299329;6272;6273;2017/2018;complete;1956;0;-1;84,89;24;2;1;3;4;2;6;0;3;1;0;0;0;6;4;5;1;11;5;13;14;56;44;1;0;0;0;0;0;0;0;0;0;0;0;0;0;0;0;0;0;0;0;0;0;0;0;0;0;0;0;0;0;0;0;0;0;0;0;0;0;0;0;0;0;0;0;0;0;0;0;0;0;0;0;0;0;0;0;0;0;0;0;0;0;0;0;0;0;0;0;0;0;3;0;1;2;0;2;1;2017-12-11 13:00:00;6272;0;19;0;19;0;-1;1;-1;-1;-1;-1;-1;-1;0;0;1;0;0;1;-1;0;0;0;0;0;0;0;0;0;0;0;0;0;1;1;0;0;-1;-1;0;0;-1;-1;-1;-1;-1;-1;-1;-1;-1;0;19;44;64;82;17;64;74;35;12.43;4.1;3.23;2.07;Leicester City U23;Everton U23;2.36;1.55;2;2.17;1.91;1.82;100;82;57;37;19;100;74;55;0;0;0;1009;22;Y;Y;Y;N;N;N;Y
299330;6266;6267;2017/2018;complete;1956;0;-1;64;15,39,46;1;3;4;7;10;17;0;1;1;2;0;1;6;11;8;2;14;13;5;13;61;39;1;3;0;0;0;0;0;0;0;0;0;0;0;0;0;0;0;0;0;0;0;0;0;0;0;0;0;0;0;0;0;0;0;0;0;0;0;0;0;0;0;0;0;0;0;0;0;0;0;0;0;0;0;0;0;0;0;0;0;0;0;0;0;0;0;0;0;0;0;0;4;0;2;1;1;2;2;2017-12-15 12:30:00;6267;0;54;29;25;0;-1;1;-1;-1;-1;-1;-1;-1;0;0;1;3;0;4;-1;0;0;0;0;0;0;0;1;0;1;0;0;0;1;1;0;0;-1;-1;0;0;-1;-1;-1;-1;-1;-1;-1;-1;-1;19;45;65;90;100;47;64;100;45;9.2;2;5.17;3.45;Liverpool U23;Swansea City U23;1.73;1.36;2.4;1.33;2.5;1.27;82;55;35;10;0;65;47;29;0;0;0;1009;22;Y;Y;Y;Y;N;N;Y
299331;6274;6275;2017/2018;complete;1956;0;-1;21,78,90;11,45,59;3;3;6;11;4;15;1;1;1;1;0;0;9;11;7;4;16;15;12;10;70;30;1;1;0;0;0;0;0;0;0;0;0;0;0;0;0;0;0;0;0;0;0;0;0;0;0;0;0;0;0;0;0;0;0;0;0;0;0;0;0;0;0;0;0;0;0;0;0;0;0;0;0;0;0;0;0;0;0;0;0;0;0;0;0;0;0;0;0;0;0;0;6;1;2;2;1;3;3;2017-12-15 19:00:00;-1;0;60;20;60;0;-1;1;-1;-1;-1;-1;-1;-1;1;0;0;1;1;1;-1;0;0;0;0;0;0;0;0;0;0;0;0;0;1;1;0;0;-1;-1;0;0;-1;-1;-1;-1;-1;-1;-1;-1;-1;40;40;70;90;100;40;60;90;80;11.05;2.8;3.4;3.9;Arsenal U23;Derby County U23;2.27;0.91;2.4;1.2;1.83;1.36;60;60;30;10;0;78;65;55;0;0;0;1009;22;Y;Y;Y;Y;Y;Y;Y
299332;6271;6272;2017/2018;complete;1956;0;-1;5;77;1;1;2;6;1;7;1;2;2;1;0;0;6;3;11;3;17;6;7;12;46;54;2;1;0;0;0;0;0;0;0;0;0;0;0;0;0;0;0;0;0;0;0;0;0;0;0;0;0;0;0;0;0;0;0;0;0;0;0;0;0;0;0;0;0;0;0;0;0;0;0;0;0;0;0;0;0;0;0;0;0;0;0;0;0;0;0;0;0;0;0;0;2;1;0;0;1;1;1;2017-12-18 19:00:00;-1;0;65;17;39;0;-1;1;-1;-1;-1;-1;-1;-1;0;0;2;1;0;3;-1;0;0;0;0;0;0;0;0;0;0;0;0;0;1;1;1;0;-1;-1;0;0;-1;-1;-1;-1;-1;-1;-1;-1;-1;0;19;37;84;100;27;80;74;39;12.6;2.9;3.17;2.39;Manchester United U23;Leicester City U23;0.64;1.18;0.4;1.83;0.91;2;100;82;64;17;0;90;90;57;0;0;0;1009;22;Y;Y;N;N;N;N;Y
299333;6269;6268;2017/2018;complete;1956;0;-1;;;0;0;0;7;3;10;0;10;2;2;0;0;4;4;7;2;11;6;10;16;68;32;2;2;0;0;0;0;0;0;0;0;0;0;0;0;0;0;0;0;0;0;0;0;0;0;0;0;0;0;0;0;0;0;0;0;0;0;0;0;0;0;0;0;0;0;0;0;0;0;0;0;0;0;0;0;0;0;0;0;0;0;0;0;0;0;0;0;0;0;0;0;0;0;0;0;0;0;0;2017-12-19 19:00:00;-1;0;56;31;17;0;-1;1;-1;-1;-1;-1;-1;-1;0;1;2;1;1;3;-1;0;0;0;0;0;0;0;0;0;0;0;0;0;1;1;0;0;-1;-1;0;0;-1;-1;-1;-1;-1;-1;-1;-1;-1;25;48;63;86;93;48;63;85;40;7.33;2.19;3.57;3.15;Tottenham Hotspur U23;Sunderland U23;1.36;0.91;1.33;0.86;0.73;0.75;75;52;37;15;7;67;67;50;0;0;0;1009;22;N;N;N;N;N;N;N
299334;6276;6270;2017/2018;complete;1956;0;-1;73,84,89;4,45;3;2;5;3;4;7;1;0;4;2;0;0;8;4;3;6;11;10;13;6;47;53;4;2;0;0;0;0;0;0;0;0;0;0;0;0;0;0;0;0;0;0;0;0;0;0;0;0;0;0;0;0;0;0;0;0;0;0;0;0;0;0;0;0;0;0;0;0;0;0;0;0;0;0;0;0;0;0;0;0;0;0;0;0;0;0;0;0;0;0;0;0;5;0;2;3;0;3;2;2017-12-19 19:05:00;6276;0;72;39;33;0;-1;1;-1;-1;-1;-1;-1;-1;0;0;4;2;0;6;-1;0;0;0;0;0;0;0;0;0;0;0;0;0;1;1;0;1;-1;-1;0;0;-1;-1;-1;-1;-1;-1;-1;-1;-1;10;52;68;84;94;45;78;94;45;9.8;1.98;4.6;3.27;Chelsea U23;Manchester City U23;1.18;1.55;0.88;0.8;1;1.08;90;49;33;17;7;80;40;40;0;0;0;1009;22;Y;Y;Y;Y;Y;N;Y
299335;6272;6269;2017/2018;complete;1956;0;-1;28,66,76,82,89,90;11;6;1;7;11;6;17;4;0;1;2;0;2;12;4;11;0;23;4;14;10;51;49;1;5;0;0;0;0;0;0;0;0;0;0;0;0;0;0;0;0;0;0;0;0;0;0;0;0;0;0;0;0;0;0;0;0;0;0;0;0;0;0;0;0;0;0;0;0;0;0;0;0;0;0;0;0;0;0;0;0;0;0;0;0;0;0;0;0;0;0;0;0;7;1;1;5;0;5;2;2018-01-03 19:00:00;6272;0;57;20;19;0;-1;1;-1;-1;-1;-1;-1;-1;0;1;1;3;1;4;-1;0;0;0;0;0;0;0;0;0;0;0;0;0;1;1;0;0;-1;-1;0;0;-1;-1;-1;-1;-1;-1;-1;-1;-1;30;39;57;74;92;20;74;92;47;10.63;2.33;3.73;3.1;Leicester City U23;Tottenham Hotspur U23;2.36;1;2.17;0;1.92;0.75;70;62;44;27;9;72;64;35;0;0;0;1009;22;Y;Y;Y;Y;Y;Y;Y
299336;6267;6276;2017/2018;complete;1956;0;-1;14,90;;2;0;2;-1;-1;-1;-1;-1;3;1;0;0;-1;-1;-1;-1;-1;-1;-1;-1;-1;-1;3;1;0;0;0;0;0;0;0;0;0;0;0;0;0;0;0;0;0;0;0;0;0;0;0;0;0;0;0;0;0;0;0;0;0;0;0;0;0;0;0;0;0;0;0;0;0;0;0;0;0;0;0;0;0;0;0;0;0;0;0;0;0;0;0;0;0;0;0;0;2;1;0;1;0;1;1;2018-01-06 14:00:00;6267;0;57;27;57;0;-1;1;-1;-1;-1;-1;-1;-1;2;0;1;1;2;2;-1;0;0;0;0;0;0;0;0;0;0;0;0;0;1;1;0;0;-1;-1;0;0;-1;-1;-1;-1;-1;-1;-1;-1;-1;27;47;57;84;84;27;74;84;57;12.5;5.2;3;3.17;Swansea City U23;Chelsea U23;2;1.45;1.2;1.33;1.42;1.17;74;54;44;17;17;75;59;29;0;0;0;1009;22;Y;Y;N;N;N;N;N
299337;6268;6275;2017/2018;complete;1956;0;-1;34,53;83;2;1;3;2;6;8;3;2;2;1;0;0;8;5;6;4;14;9;9;10;50;50;2;1;0;0;0;0;0;0;0;0;0;0;0;0;0;0;0;0;0;0;0;0;0;0;0;0;0;0;0;0;0;0;0;0;0;0;0;0;0;0;0;0;0;0;0;0;0;0;0;0;0;0;0;0;0;0;0;0;0;0;0;0;0;0;0;0;0;0;0;0;3;1;0;1;1;2;1;2018-01-07 12:00:00;6268;0;72;37;42;0;-1;1;-1;-1;-1;-1;-1;-1;1;1;1;0;2;1;-1;0;0;0;0;0;0;0;0;0;0;0;0;0;1;1;0;0;-1;-1;0;0;-1;-1;-1;-1;-1;-1;-1;-1;-1;44;44;72;90;100;45;74;90;70;10;2.8;4.37;3.82;Sunderland U23;Derby County U23;1.09;0.91;0.6;1.17;0.77;1.33;57;57;29;10;0;60;50;40;0;0;0;1009;22;Y;Y;Y;N;N;N;Y
299338;6271;6265;2017/2018;complete;1956;0;-1;;51,69,71;0;3;3;4;5;9;2;3;0;1;1;0;10;5;8;9;18;14;7;14;41;59;2;1;0;0;0;0;0;0;0;0;0;0;0;0;0;0;0;0;0;0;0;0;0;0;0;0;0;0;0;0;0;0;0;0;0;0;0;0;0;0;0;0;0;0;0;0;0;0;0;0;0;0;0;0;0;0;0;0;0;0;0;0;0;0;0;0;0;0;0;0;3;0;0;0;3;3;0;2018-01-08 19:00:00;6265;0;72;10;35;0;-1;1;-1;-1;-1;-1;-1;-1;0;1;1;0;1;1;-1;0;0;0;0;0;0;0;0;0;0;0;0;0;1;1;0;0;-1;-1;0;0;-1;-1;-1;-1;-1;-1;-1;-1;-1;10;29;57;90;90;39;74;72;45;10.67;4.53;1.97;2.75;Manchester United U23;West Ham United U23;0.64;1.73;0.5;1.4;0.92;1.55;90;72;44;10;10;84;84;64;0;0;0;1009;22;Y;Y;Y;N;N;N;N
299339;6270;6266;2017/2018;complete;1956;0;-1;20,45,75;14,90;3;2;5;1;6;7;1;3;2;1;0;0;7;5;4;7;11;12;14;12;41;59;2;1;0;0;0;0;0;0;0;0;0;0;0;0;0;0;0;0;0;0;0;0;0;0;0;0;0;0;0;0;0;0;0;0;0;0;0;0;0;0;0;0;0;0;0;0;0;0;0;0;0;0;0;0;0;0;0;0;0;0;0;0;0;0;0;0;0;0;0;0;5;2;1;1;1;2;3;2018-01-12 19:00:00;6270;0;57;36;29;0;-1;1;-1;-1;-1;-1;-1;-1;0;0;2;1;0;3;-1;0;0;0;0;0;0;0;0;1;0;1;0;0;1;1;0;0;-1;-1;0;0;-1;-1;-1;-1;-1;-1;-1;-1;-1;22;50;64;86;93;50;71;86;50;11.88;3.14;4.14;3.22;Manchester City U23;Liverpool U23;1.18;1.91;1.29;2.57;1;2.31;79;50;36;15;7;69;52;31;0;0;0;1009;22;Y;Y;Y;Y;Y;N;Y
299340;6265;6272;2017/2018;complete;1956;0;-1;;;0;0;0;5;9;14;2;0;0;0;0;0;3;5;9;7;12;12;13;10;53;47;0;0;0;0;0;0;0;0;0;0;0;0;0;0;0;0;0;0;0;0;0;0;0;0;0;0;0;0;0;0;0;0;0;0;0;0;0;0;0;0;0;0;0;0;0;0;0;0;0;0;0;0;0;0;0;0;0;0;0;0;0;0;0;0;0;0;0;0;0;0;0;0;0;0;0;0;0;2018-01-12 19:00:00;-1;0;62;40;24;0;-1;-1;-1;-1;-1;-1;-1;-1;0;0;0;0;0;0;-1;0;0;0;0;0;0;0;0;0;0;0;0;0;1;1;0;0;-1;-1;-1;-1;-1;-1;-1;-1;-1;-1;-1;-1;-1;25;32;48;77;92;56;92;69;32;13.81;3.24;4.33;3.07;West Ham United U23;Leicester City U23;1.09;1.18;1.67;1.71;1.67;2;75;68;52;23;9;85;60;31;0;0;0;1009;22;N;N;N;N;N;N;N
299341;6268;6276;2017/2018;complete;1956;0;-1;;2,21,33,59,73;0;5;5;0;3;3;3;2;2;0;0;0;4;11;3;1;7;12;8;6;36;64;2;0;0;0;0;0;0;0;0;0;0;0;0;0;0;0;0;0;0;0;0;0;0;0;0;0;0;0;0;0;0;0;0;0;0;0;0;0;0;0;0;0;0;0;0;0;0;0;0;0;0;0;0;0;0;0;0;0;0;0;0;0;0;0;0;0;0;0;0;0;5;0;3;0;2;2;3;2018-01-14 12:00:00;6276;0;46;29;21;0;-1;1;-1;-1;-1;-1;-1;-1;0;0;2;0;0;2;-1;0;0;0;0;0;0;0;0;1;0;1;0;0;1;1;0;1;-1;-1;0;0;-1;-1;-1;-1;-1;-1;-1;-1;-1;21;21;46;79;88;29;79;79;38;12.5;4;3.17;2.54;Sunderland U23;Chelsea U23;1.09;1.45;1;1;0.93;1.08;79;79;54;21;13;67;50;25;0;0;0;1009;22;Y;Y;Y;Y;Y;N;N
299342;6269;6273;2017/2018;complete;1956;0;-1;68;71,80;1;2;3;7;1;8;0;4;1;1;0;0;3;8;5;4;8;12;15;10;61;39;1;1;0;0;0;0;0;0;0;0;0;0;0;0;0;0;0;0;0;0;0;0;0;0;0;0;0;0;0;0;0;0;0;0;0;0;0;0;0;0;0;0;0;0;0;0;0;0;0;0;0;0;0;0;0;0;0;0;0;0;0;0;0;0;0;0;0;0;0;0;3;0;0;1;2;3;0;2018-01-15 12:00:00;6273;0;50;15;22;0;-1;1;-1;-1;-1;-1;-1;-1;0;0;1;1;0;2;-1;0;0;0;0;0;0;0;0;0;0;0;0;0;1;1;0;0;-1;-1;0;0;-1;-1;-1;-1;-1;-1;-1;-1;-1;22;36;71;79;86;43;71;71;50;8.86;3.71;3.57;2.93;Tottenham Hotspur U23;Everton U23;1.36;1.55;1.29;1.86;0.69;1.67;79;65;29;22;14;93;79;50;0;0;0;1009;22;Y;Y;Y;N;N;N;Y
299343;6275;6267;2017/2018;complete;1956;0;-1;12,76,79;7,17,66;3;3;6;6;4;10;3;2;0;0;0;0;9;6;4;5;13;11;8;12;54;46;0;0;0;0;0;0;0;0;0;0;0;0;0;0;0;0;0;0;0;0;0;0;0;0;0;0;0;0;0;0;0;0;0;0;0;0;0;0;0;0;0;0;0;0;0;0;0;0;0;0;0;0;0;0;0;0;0;0;0;0;0;0;0;0;0;0;0;0;0;0;6;1;2;2;1;3;3;2018-01-15 19:00:00;-1;0;44;7;37;0;-1;-1;-1;-1;-1;-1;-1;-1;0;0;0;0;0;0;-1;0;0;0;0;0;0;0;0;0;0;0;0;0;1;1;0;1;-1;-1;-1;-1;-1;-1;-1;-1;-1;-1;-1;-1;-1;16;37;37;84;100;22;69;92;45;9.19;2.5;4.64;2.87;Derby County U23;Swansea City U23;1.27;1.36;1.5;1.57;1.23;1.54;85;63;63;17;0;54;30;15;0;0;0;1009;22;Y;Y;Y;Y;Y;Y;Y
299344;6274;6271;2017/2018;complete;1956;0;-1;19,60,84,87;;4;0;4;5;2;7;0;0;1;0;0;0;9;4;10;1;19;5;10;18;60;40;1;0;0;0;0;0;0;0;0;0;0;0;0;0;0;0;0;0;0;0;0;0;0;0;0;0;0;0;0;0;0;0;0;0;0;0;0;0;0;0;0;0;0;0;0;0;0;0;0;0;0;0;0;0;0;0;0;0;0;0;0;0;0;0;0;0;0;0;0;0;4;1;0;3;0;3;1;2018-01-15 19:00:00;6274;0;42;25;34;0;-1;1;-1;-1;-1;-1;-1;-1;0;0;1;0;0;1;-1;0;0;0;0;0;0;0;0;0;0;0;0;0;1;1;0;0;-1;-1;0;0;-1;-1;-1;-1;-1;-1;-1;-1;-1;25;33;59;67;92;42;59;75;50;11.5;2.5;1.5;3.09;Arsenal U23;Manchester United U23;2.27;1.18;2.17;1.33;1.77;0.85;75;67;42;34;9;83;83;67;0;0;0;1009;22;Y;Y;Y;Y;N;N;N
299345;6275;6276;2017/2018;complete;1956;0;-1;;9,16,70;0;3;3;2;5;7;1;2;3;0;0;0;0;9;3;6;3;15;14;11;44;56;3;0;3.65;3.85;1.77;0;0;0;0;0;0;0;0;0;0;1.5;2.5;0;0;0;0;0;0;0;0;0;0;0;0;0;0;0;0;0;0;0;0;0;0;0;0;0;0;0;0;0;0;0;0;0;0;0;0;0;0;0;0;0;0;0;0;0;0;0;0;0;0;0;0;0;3;0;2;0;1;1;2;2018-03-31 12:00:00;6276;0;33;22;17;0;-1;1;-1;-1;-1;-1;-1;-1;2;0;1;0;2;1;-1;0;0;0;0;0;0;0;0;0;0;0;0;0;1;1;0;1;-1;-1;0;0;-1;-1;-1;-1;-1;-1;-1;-1;-1;22;39;45;78;95;33;84;84;33;10.78;3.45;2.45;2.84;Derby County U23;Chelsea U23;1.27;1.45;1.22;1.44;1.17;1.37;78;62;56;22;6;72;48;25;0;0;0;1009;22;Y;Y;Y;N;N;N;N
299346;6273;6265;2017/2018;complete;1956;0;-1;;38,51,64,88;0;4;4;4;7;11;0;0;3;1;0;0;3;10;4;13;7;23;14;13;37;63;3;1;1.95;3.7;3.15;0;0;0;0;0;0;0;0;0;0;1.51;2.5;0;0;0;0;0;0;0;0;0;0;0;0;0;0;0;0;0;0;0;0;0;0;0;0;0;0;0;0;0;0;0;0;0;0;0;0;0;0;0;0;0;0;0;0;0;0;0;0;0;0;0;0;0;4;0;1;0;3;3;1;2018-04-09 18:00:00;6265;0;45;11;28;0;-1;1;-1;-1;-1;-1;-1;-1;1;1;2;0;2;2;-1;0;0;0;0;0;0;0;0;0;0;0;0;0;1;1;0;0;-1;-1;0;1;-1;-1;-1;-1;-1;-1;-1;-1;-1;22;33;62;67;89;33;78;67;39;9.23;4.78;2.67;2.89;Everton U23;West Ham United U23;1.18;1.73;1.44;1.78;1.53;1.47;78;67;39;33;11;67;62;28;0;0;0;1009;22;Y;Y;Y;Y;N;N;N
299347;6273;6270;2017/2018;complete;1956;0;-1;19,28,75;52,63,69,85;3;4;7;5;3;8;4;0;0;1;0;1;7;9;12;8;19;17;12;13;41;59;0;2;2.4;3.45;2.5;0;0;0;0;0;0;0;0;0;0;0;0;0;0;0;0;0;0;0;0;0;0;0;0;0;0;0;0;0;0;0;0;0;0;0;0;0;0;0;0;0;0;0;0;0;0;0;0;0;0;0;0;0;0;0;0;0;0;0;0;0;0;0;0;0;7;2;0;1;4;5;2;2018-04-01 12:00:00;6270;0;53;18;30;0;-1;1;-1;-1;-1;-1;-1;-1;0;1;0;1;1;1;-1;0;0;0;0;0;0;0;0;0;0;0;0;0;1;1;0;0;-1;-1;0;0;-1;-1;-1;-1;-1;-1;-1;-1;-1;24;41;53;71;89;35;77;77;36;8.96;3.08;4.24;2.93;Everton U23;Manchester City U23;1.18;1.55;1.63;1.22;1.61;1.28;77;60;47;30;12;65;48;24;0;0;0;1009;22;Y;Y;Y;Y;Y;Y;Y
299348;6268;6274;2017/2018;complete;1956;0;-1;64;24,34,66;1;3;4;1;8;9;2;2;1;1;0;0;4;12;4;10;8;22;13;12;45;55;1;1;0;0;0;0;0;0;0;0;0;0;0;0;0;0;0;0;0;0;0;0;0;0;0;0;0;0;0;0;0;0;0;0;0;0;0;0;0;0;0;0;0;0;0;0;0;0;0;0;0;0;0;0;0;0;0;0;0;0;0;0;0;0;0;0;0;0;0;0;4;0;2;1;1;2;2;2018-01-28 12:00:00;6274;0;64;29;36;0;-1;1;-1;-1;-1;-1;-1;-1;0;0;1;1;0;2;-1;0;0;0;0;0;0;0;0;0;0;0;0;0;1;1;0;0;-1;-1;0;0;-1;-1;-1;-1;-1;-1;-1;-1;-1;36;50;71;86;100;43;86;86;57;8.69;3.43;3.57;3.5;Sunderland U23;Arsenal U23;1.09;1.55;0.86;1.43;0.87;1.86;64;50;29;14;0;48;48;24;0;0;0;1009;22;Y;Y;Y;Y;N;N;Y
299349;6266;6275;2017/2018;complete;1956;0;-1;87;;1;0;1;6;3;9;1;2;1;1;0;0;9;0;13;9;22;9;16;14;63;37;1;1;0;0;0;0;0;0;0;0;0;0;0;0;0;0;0;0;0;0;0;0;0;0;0;0;0;0;0;0;0;0;0;0;0;0;0;0;0;0;0;0;0;0;0;0;0;0;0;0;0;0;0;0;0;0;0;0;0;0;0;0;0;0;0;0;0;0;0;0;1;0;0;1;0;1;0;2018-01-28 13:00:00;6266;0;68;31;52;0;-1;1;-1;-1;-1;-1;-1;-1;1;1;0;0;2;0;-1;0;0;0;0;0;0;0;0;0;0;0;0;0;1;1;0;0;-1;-1;0;0;-1;-1;-1;-1;-1;-1;-1;-1;-1;37;54;85;92;100;55;69;100;75;10.67;1.97;3.83;4.04;Liverpool U23;Derby County U23;1.73;0.91;2;1;2.14;1.21;63;47;16;9;0;75;59;50;0;0;0;1009;22;Y;N;N;N;N;N;N
299350;6273;6276;2017/2018;complete;1956;0;-1;7,60;30;2;1;3;2;9;11;1;0;4;1;0;0;5;3;6;10;11;13;18;9;34;66;4;1;0;0;0;0;0;0;0;0;0;0;0;0;0;0;0;0;0;0;0;0;0;0;0;0;0;0;0;0;0;0;0;0;0;0;0;0;0;0;0;0;0;0;0;0;0;0;0;0;0;0;0;0;0;0;0;0;0;0;0;0;0;0;0;0;0;0;0;0;3;1;1;1;0;1;2;2018-01-29 19:00:00;6273;0;30;10;30;0;-1;1;-1;-1;-1;-1;-1;-1;1;0;3;1;1;4;-1;0;0;0;0;0;0;0;0;0;0;0;0;0;1;1;1;0;-1;-1;0;0;-1;-1;-1;-1;-1;-1;-1;-1;-1;40;40;40;60;80;20;70;70;40;12.95;4;2.6;2.7;Everton U23;Chelsea U23;1.18;1.45;1.4;1.4;1.77;1.21;60;60;60;40;20;78;65;23;0;0;0;1009;22;Y;Y;Y;N;N;N;Y
299351;6272;6270;2017/2018;complete;1956;0;-1;;;0;0;0;4;5;9;3;1;0;2;0;0;5;4;5;7;10;11;11;20;46;54;0;2;0;0;0;0;0;0;0;0;0;0;0;0;0;0;0;0;0;0;0;0;0;0;0;0;0;0;0;0;0;0;0;0;0;0;0;0;0;0;0;0;0;0;0;0;0;0;0;0;0;0;0;0;0;0;0;0;0;0;0;0;0;0;0;0;0;0;0;0;0;0;0;0;0;0;0;2018-01-29 19:00:00;-1;0;63;24;24;0;-1;1;-1;-1;-1;-1;-1;-1;0;1;0;1;1;1;-1;0;0;0;0;0;0;0;0;0;0;0;0;0;1;1;0;0;-1;-1;0;0;-1;-1;-1;-1;-1;-1;-1;-1;-1;24;40;55;77;93;32;77;93;47;12.46;3.04;3.79;3.19;Leicester City U23;Manchester City U23;2.36;1.55;2.29;0.67;1.93;1.14;77;61;45;23;7;77;52;45;0;0;0;1009;22;N;N;N;N;N;N;N
299352;6271;6269;2017/2018;complete;1956;0;-1;49;59,62,70;1;3;4;2;2;4;5;1;1;2;0;0;3;5;3;5;6;10;5;19;55;45;1;2;0;0;0;0;0;0;0;0;0;0;0;0;0;0;0;0;0;0;0;0;0;0;0;0;0;0;0;0;0;0;0;0;0;0;0;0;0;0;0;0;0;0;0;0;0;0;0;0;0;0;0;0;0;0;0;0;0;0;0;0;0;0;0;0;0;0;0;0;4;0;0;1;3;4;0;2018-01-29 19:00:00;6269;0;77;25;30;0;-1;1;-1;-1;-1;-1;-1;-1;0;1;1;1;1;2;-1;0;0;0;0;0;0;0;0;1;0;0;0;1;1;1;0;0;-1;-1;0;0;-1;-1;-1;-1;-1;-1;-1;-1;-1;34;41;63;92;100;32;70;93;62;8.76;2.26;4.12;3.62;Manchester United U23;Tottenham Hotspur U23;0.64;1;0.43;0;0.79;0.64;67;60;37;9;0;69;62;45;0;0;0;1009;22;Y;Y;Y;Y;N;N;Y
299353;6267;6265;2017/2018;complete;1956;0;-1;40,45,89;;3;0;3;5;3;8;2;2;2;0;0;0;8;4;13;4;21;8;12;8;39;61;2;0;0;0;0;0;0;0;0;0;0;0;0;0;0;0;0;0;0;0;0;0;0;0;0;0;0;0;0;0;0;0;0;0;0;0;0;0;0;0;0;0;0;0;0;0;0;0;0;0;0;0;0;0;0;0;0;0;0;0;0;0;0;0;0;0;0;0;0;0;3;2;0;1;0;1;2;2018-01-29 19:00:00;6267;0;59;17;42;0;-1;1;-1;-1;-1;-1;-1;-1;1;0;1;0;1;1;-1;0;0;0;0;0;0;0;0;0;0;0;0;0;1;1;0;0;-1;-1;0;0;-1;-1;-1;-1;-1;-1;-1;-1;-1;17;42;75;92;92;34;75;84;59;9.5;4.84;3;3.34;Swansea City U23;West Ham United U23;2;1.73;1.5;1.67;1.5;1.62;83;59;25;9;9;75;67;38;0;0;0;1009;22;Y;Y;Y;N;N;N;N
299354;6270;6267;2017/2018;complete;1956;0;-1;;90;0;1;1;7;3;10;0;0;0;3;0;0;5;3;6;5;11;8;8;19;63;37;0;3;0;0;0;0;0;0;0;0;0;0;0;0;0;0;0;0;0;0;0;0;0;0;0;0;0;0;0;0;0;0;0;0;0;0;0;0;0;0;0;0;0;0;0;0;0;0;0;0;0;0;0;0;0;0;0;0;0;0;0;0;0;0;0;0;0;0;0;0;1;0;0;0;1;1;0;2018-02-02 19:00:00;6267;0;69;38;51;0;-1;1;-1;-1;-1;-1;-1;-1;0;1;0;2;1;2;-1;0;0;0;0;0;0;0;0;0;0;0;0;0;1;1;0;0;-1;-1;0;0;-1;-1;-1;-1;-1;-1;-1;-1;-1;32;63;69;88;94;57;75;94;57;9.88;3.13;5.38;3.69;Manchester City U23;Swansea City U23;1.18;1.36;1.5;1.5;1.13;1.6;69;38;32;13;7;63;57;25;0;0;0;1009;22;Y;N;N;N;N;N;N
299355;6276;6272;2017/2018;complete;1956;0;-1;52;;1;0;1;2;5;7;1;1;1;1;0;0;5;10;4;12;9;22;14;14;49;51;1;1;0;0;0;0;0;0;0;0;0;0;0;0;0;0;0;0;0;0;0;0;0;0;0;0;0;0;0;0;0;0;0;0;0;0;0;0;0;0;0;0;0;0;0;0;0;0;0;0;0;0;0;0;0;0;0;0;0;0;0;0;0;0;0;0;0;0;0;0;1;0;0;1;0;1;0;2018-02-02 19:05:00;6276;0;59;29;18;0;-1;1;-1;-1;-1;-1;-1;-1;0;0;1;1;0;2;-1;0;0;0;0;0;0;0;0;0;0;0;0;0;1;1;0;0;-1;-1;0;0;-1;-1;-1;-1;-1;-1;-1;-1;-1;6;40;52;76;89;41;83;76;35;11.67;1.82;3.97;2.61;Chelsea U23;Leicester City U23;1.18;1.18;1.11;1.63;1.13;1.88;95;61;49;25;12;78;61;36;0;0;0;1009;22;Y;N;N;N;N;N;N
299356;6275;6271;2017/2018;complete;1956;0;-1;55;25;1;1;2;7;5;12;1;2;3;1;1;0;7;4;3;3;10;7;10;9;47;53;4;1;1.8;3.75;3.65;1;1.12;1.44;2.15;0;0;0;0;0;0;1.5;2.5;0;0;0;0;0;0;0;0;0;0;0;0;0;0;0;0;0;0;0;0;0;0;0;0;0;0;0;0;0;0;0;0;0;0;0;0;0;0;0;0;0;0;0;0;0;0;0;0;0;0;0;0;0;2;0;1;1;0;1;1;2018-02-04 13:00:00;-1;0;29;14;22;0;-1;1;-1;-1;-1;-1;-1;-1;3;0;1;1;3;2;-1;0;0;0;0;0;0;0;0;1;0;1;0;0;1;1;0;0;-1;-1;0;0;-1;-1;-1;-1;-1;-1;-1;-1;-1;22;36;43;64;93;22;64;79;43;9;2.42;1.72;2.71;Derby County U23;Manchester United U23;1.27;1.18;1.43;1.14;1.13;0.73;79;64;57;36;7;64;50;29;0;0;0;1009;22;Y;Y;N;N;N;N;Y
299357;6274;6273;2017/2018;complete;1956;0;-1;12,26,62,77;;4;0;4;-1;-1;-1;-1;-1;1;4;0;0;-1;-1;-1;-1;-1;-1;-1;-1;-1;-1;1;4;0;0;0;0;0;0;0;0;0;0;0;0;0;0;0;0;0;0;0;0;0;0;0;0;0;0;0;0;0;0;0;0;0;0;0;0;0;0;0;0;0;0;0;0;0;0;0;0;0;0;0;0;0;0;0;0;0;0;0;0;0;0;0;0;0;0;0;0;4;2;0;2;0;2;2;2018-02-05 19:00:00;6274;0;41;15;34;0;-1;1;-1;-1;-1;-1;-1;-1;1;2;0;2;3;2;-1;0;0;0;0;0;0;0;0;0;0;0;0;0;1;1;0;0;-1;-1;0;0;-1;-1;-1;-1;-1;-1;-1;-1;-1;15;28;73;81;94;34;67;81;67;9.68;4.18;2.5;3.11;Arsenal U23;Everton U23;2.27;1.55;2.29;2;1.93;1.86;86;73;27;20;7;73;61;48;0;0;0;1009;22;Y;Y;Y;Y;N;N;N
299358;6269;6266;2017/2018;complete;1956;0;-1;55;;1;0;1;3;5;8;5;3;4;2;0;2;4;3;6;2;10;5;17;13;50;50;4;5;0;0;0;0;0;0;0;0;0;0;0;0;0;0;0;0;0;0;0;0;0;0;0;0;0;0;0;0;0;0;0;0;0;0;0;0;0;0;0;0;0;0;0;0;0;0;0;0;0;0;0;0;0;0;0;0;0;0;0;0;0;0;0;0;0;0;0;0;1;0;0;1;0;1;0;2018-02-05 19:00:00;6269;0;69;32;38;0;-1;1;-1;-1;-1;-1;-1;-1;1;1;3;3;2;6;-1;0;0;0;0;0;0;0;0;0;0;0;0;0;1;1;0;0;-1;-1;0;0;-1;-1;-1;-1;-1;-1;-1;-1;-1;32;50;69;94;94;50;69;82;57;11.64;2.25;3.26;3.38;Tottenham Hotspur U23;Liverpool U23;1.36;1.91;1.13;2.25;0.8;2.2;69;50;32;7;7;73;59;40;0;0;0;1009;22;Y;N;N;N;N;N;N
299359;6265;6268;2017/2018;complete;1956;0;-1;;13;0;1;1;5;3;8;0;1;2;0;0;0;8;12;13;6;21;18;18;13;51;49;2;0;0;0;0;0;0;0;0;0;0;0;0;0;0;0;0;0;0;0;0;0;0;0;0;0;0;0;0;0;0;0;0;0;0;0;0;0;0;0;0;0;0;0;0;0;0;0;0;0;0;0;0;0;0;0;0;0;0;0;0;0;0;0;0;0;0;0;0;0;1;0;1;0;0;0;1;2018-02-05 19:00:00;6268;0;41;34;15;0;-1;1;-1;-1;-1;-1;-1;-1;2;0;0;0;2;0;-1;0;0;0;0;0;0;0;0;0;0;0;0;0;1;1;0;0;-1;-1;0;0;-1;-1;-1;-1;-1;-1;-1;-1;-1;22;34;48;67;73;48;55;66;34;9.72;3.71;3.63;2.72;West Ham United U23;Sunderland U23;1.09;0.91;1.57;0.88;1.5;0.81;79;66;53;34;27;65;43;36;0;0;0;1009;22;Y;N;N;N;N;N;N
299360;6265;6269;2017/2018;complete;1956;0;-1;20,77;3,26;2;2;4;5;2;7;0;1;2;1;0;0;16;5;9;1;25;6;10;13;53;47;2;1;1.95;3.8;3.1;0;0;0;0;0;0;0;0;0;0;0;0;0;0;0;0;0;0;0;0;0;0;0;0;0;0;0;0;0;0;0;0;0;0;0;0;0;0;0;0;0;0;0;0;0;0;0;0;0;0;0;0;0;0;0;0;0;0;0;0;0;0;0;0;0;4;1;2;1;0;1;3;2018-02-12 19:00:00;-1;0;68;41;27;0;-1;1;-1;-1;-1;-1;-1;-1;0;0;2;1;0;3;-1;0;0;0;0;0;0;0;1;0;1;0;0;0;1;1;0;1;-1;-1;0;0;-1;-1;-1;-1;-1;-1;-1;-1;-1;48;55;68;75;88;53;73;75;55;10.14;2.36;4.71;3.85;West Ham United U23;Tottenham Hotspur U23;1.09;1;1.38;0.43;1.4;0.94;53;46;32;26;13;66;48;34;0;0;0;1009;22;Y;Y;Y;Y;N;N;Y
299361;6268;6270;2017/2018;complete;1956;0;-1;;11,28;0;2;2;2;8;10;3;0;2;1;0;0;6;14;3;10;9;24;18;9;36;64;2;1;3.8;4.05;1.69;0;0;0;0;0;0;0;0;0;0;0;0;0;0;0;0;0;0;0;0;0;0;0;0;0;0;0;0;0;0;0;0;0;0;0;0;0;0;0;0;0;0;0;0;0;0;0;0;0;0;0;0;0;0;0;0;0;0;0;0;0;0;0;0;0;2;0;2;0;0;0;2;2018-02-16 19:00:00;6270;0;67;27;27;0;-1;1;-1;-1;-1;-1;-1;-1;0;0;2;1;0;3;-1;0;0;0;0;0;0;0;0;0;0;0;0;0;1;1;0;0;-1;-1;0;0;-1;-1;-1;-1;-1;-1;-1;-1;-1;27;41;66;80;93;47;80;87;53;7.79;3.42;4.43;3.2;Sunderland U23;Manchester City U23;1.09;1.55;0.75;0.71;0.94;1.06;73;60;34;21;7;55;27;21;0;0;0;1009;22;Y;Y;N;N;N;N;N
299362;6267;6269;2017/2018;complete;1956;0;-1;2,19;22,45;2;2;4;6;1;7;3;0;4;1;0;0;8;5;12;6;20;11;23;11;40;60;4;1;1.56;4.4;4.4;0;0;0;0;0;0;0;0;0;0;0;0;0;0;0;0;0;0;0;0;0;0;0;0;0;0;0;0;0;0;0;0;0;0;0;0;0;0;0;0;0;0;0;0;0;0;0;0;0;0;0;0;0;0;0;0;0;0;0;0;0;0;0;0;0;4;2;2;0;0;0;4;2018-02-16 19:00:00;-1;0;73;32;41;0;-1;1;-1;-1;-1;-1;-1;-1;0;0;4;1;0;5;-1;0;0;0;0;0;0;0;0;1;0;1;0;0;1;1;1;0;-1;-1;0;0;-1;-1;-1;-1;-1;-1;-1;-1;-1;32;59;80;94;100;40;81;100;60;7.6;2.59;4.64;4.04;Swansea City U23;Tottenham Hotspur U23;2;1;1.71;0.5;1.69;0.94;68;41;21;7;0;45;45;23;0;0;0;1009;22;Y;Y;Y;Y;N;N;Y
299363;6271;6276;2017/2018;complete;1956;0;-1;;10,49,60,78;0;4;4;7;2;9;2;2;1;0;0;0;6;8;6;3;12;11;11;4;48;52;1;0;3.3;4.05;1.83;0;0;0;0;0;0;0;0;0;0;0;0;0;0;0;0;0;0;0;0;0;0;0;0;0;0;0;0;0;0;0;0;0;0;0;0;0;0;0;0;0;0;0;0;0;0;0;0;0;0;0;0;0;0;0;0;0;0;0;0;0;0;0;0;0;4;0;1;0;3;3;1;2018-02-16 19:05:00;6276;0;54;17;34;0;-1;1;-1;-1;-1;-1;-1;-1;0;0;1;0;0;1;-1;0;0;0;0;0;0;0;0;0;0;0;0;0;1;1;0;1;-1;-1;0;0;-1;-1;-1;-1;-1;-1;-1;-1;-1;17;29;50;92;92;32;67;86;48;12.2;3.55;2.08;2.79;Manchester United U23;Chelsea U23;0.64;1.45;0.38;1.17;0.75;1.25;84;71;50;9;9;72;55;45;0;0;0;1009;22;Y;Y;Y;Y;N;N;N
299364;6266;6265;2017/2018;complete;1956;0;-1;;3;0;1;1;4;3;7;5;1;1;1;0;0;5;3;3;6;8;9;17;24;50;50;1;1;1.34;5;6.4;0;0;0;0;0;0;0;0;0;0;0;0;0;0;0;0;0;0;0;0;0;0;0;0;0;0;0;0;0;0;0;0;0;0;0;0;0;0;0;0;0;0;0;0;0;0;0;0;0;0;0;0;0;0;0;0;0;0;0;0;0;0;0;0;0;1;0;1;0;0;0;1;2018-02-17 15:00:00;6265;0;43;22;14;0;-1;1;-1;-1;-1;-1;-1;-1;0;0;1;1;0;2;-1;0;0;0;0;0;0;0;0;0;0;0;0;0;1;1;0;1;-1;-1;0;0;-1;-1;-1;-1;-1;-1;-1;-1;-1;14;36;79;79;93;57;64;86;43;10.28;3.86;2.42;3.07;Liverpool U23;West Ham United U23;1.73;1.73;2.14;1.43;2.06;1.38;86;64;22;22;7;86;64;43;0;0;0;1009;22;Y;N;N;N;N;N;N
299365;6273;6275;2017/2018;complete;1956;0;-1;64;9,78,81;1;3;4;1;3;4;2;1;2;0;0;0;7;6;8;2;15;8;13;14;58;42;2;0;1.77;3.9;3.65;1;1.12;1.45;2.15;0;0;0;0;0;0;1.51;2.5;0;0;0;0;0;0;0;0;0;0;0;0;0;0;0;0;0;0;0;0;0;0;0;0;0;0;0;0;0;0;0;0;0;0;0;0;0;0;0;0;0;0;0;0;0;0;0;0;0;0;0;0;0;4;0;1;1;2;3;1;2018-02-19 19:00:00;6275;0;63;21;54;0;-1;1;-1;-1;-1;-1;-1;-1;0;0;2;0;0;2;-1;0;0;0;0;0;0;0;0;0;0;0;0;0;1;1;0;1;-1;-1;0;0;-1;-1;-1;-1;-1;-1;-1;-1;-1;42;42;63;69;92;28;65;84;61;10.36;3.08;4.05;3.4;Everton U23;Derby County U23;1.18;0.91;1.67;0.88;1.73;1.13;59;59;38;32;9;77;63;38;0;0;0;1009;22;Y;Y;Y;Y;N;N;Y
299366;6272;6274;2017/2018;complete;1956;0;-1;9,22,60;84;3;1;4;6;5;11;3;0;0;1;0;1;7;3;8;6;15;9;18;13;47;53;0;3;2.05;3.75;2.85;1;1.12;1.45;2.15;0;0;0;0;0;0;1.48;2.6;0;0;0;0;0;0;0;0;0;0;0;0;0;0;0;0;0;0;0;0;0;0;0;0;0;0;0;0;0;0;0;0;0;0;0;0;0;0;0;0;0;0;0;0;0;0;0;0;0;0;0;0;0;4;2;0;1;1;2;2;2018-02-19 19:00:00;6272;0;57;19;38;0;-1;1;-1;-1;-1;-1;-1;-1;0;0;0;2;0;2;-1;0;0;0;0;0;0;0;0;0;0;0;0;0;1;1;1;0;-1;-1;0;0;-1;-1;-1;-1;-1;-1;-1;-1;-1;26;50;57;76;88;32;76;82;51;13.04;3.26;2.51;3.13;Leicester City U23;Arsenal U23;2.36;1.55;2.13;1.63;1.76;2;76;50;44;26;13;80;60;40;0;0;0;1009;22;Y;Y;Y;Y;N;N;Y
299367;6269;6275;2017/2018;complete;1956;0;-1;9,12,31,90;16,18;4;2;6;2;7;9;1;1;2;1;0;0;6;8;2;8;8;16;14;11;55;45;2;1;1.87;4;3.15;0;0;0;0;0;0;0;0;0;0;1.39;2.9;0;0;0;0;0;0;0;0;0;0;0;0;0;0;0;0;0;0;0;0;0;0;0;0;0;0;0;0;0;0;0;0;0;0;0;0;0;0;0;0;0;0;0;0;0;0;0;0;0;0;0;0;0;6;3;2;1;0;1;5;2018-04-07 11:00:00;6269;0;73;22;56;0;-1;1;-1;-1;-1;-1;-1;-1;0;0;2;1;0;3;-1;0;0;0;0;0;0;0;1;0;1;0;0;0;1;1;1;0;-1;-1;0;0;-1;-1;-1;-1;-1;-1;-1;-1;-1;39;50;73;84;95;39;62;89;67;9.85;2.66;3.78;3.61;Tottenham Hotspur U23;Derby County U23;1.36;0.91;1.33;1.11;1.05;1.11;62;50;28;17;6;71;58;41;0;0;0;1009;22;Y;Y;Y;Y;Y;Y;Y
299368;6270;6265;2017/2018;complete;1956;0;-1;;34;0;1;1;5;5;10;2;3;3;1;0;0;10;3;5;9;15;12;19;13;50;50;3;1;1.67;4.1;3.95;0;0;0;0;0;0;0;0;0;0;1.44;2.65;0;0;0;0;0;0;0;0;0;0;0;0;0;0;0;0;0;0;0;0;0;0;0;0;0;0;0;0;0;0;0;0;0;0;0;0;0;0;0;0;0;0;0;0;0;0;0;0;0;0;0;0;0;1;0;1;0;0;0;1;2018-04-05 18:00:00;6265;0;47;29;23;0;-1;1;-1;-1;-1;-1;-1;-1;1;0;2;1;1;3;-1;0;0;0;0;0;0;0;0;0;0;0;0;0;1;1;0;0;-1;-1;0;0;-1;-1;-1;-1;-1;-1;-1;-1;-1;23;41;71;71;89;53;71;76;41;9.83;4.53;3.08;2.99;Manchester City U23;West Ham United U23;1.18;1.73;1.33;1.63;1.37;1.39;78;60;29;29;12;71;65;30;0;0;0;1009;22;Y;N;N;N;N;N;N
299369;6271;6268;2017/2018;complete;1956;0;-1;24,44,55,60;;4;0;4;5;2;7;2;0;1;1;0;0;6;3;8;3;14;6;14;8;58;42;1;1;1.95;3.75;3.1;1.01;1.17;1.59;2.5;0;0;0;0;0;0;1.59;2.3;0;0;0;0;0;0;0;0;0;0;0;0;0;0;0;0;0;0;0;0;0;0;0;0;0;0;0;0;0;0;0;0;0;0;0;0;0;0;0;0;0;0;0;0;0;0;0;0;0;0;0;0;0;4;2;0;2;0;2;2;2018-04-06 18:00:00;6271;0;45;11;22;0;-1;1;-1;-1;-1;-1;-1;-1;1;1;0;0;2;0;-1;0;0;0;0;0;0;0;0;0;0;0;0;0;1;1;0;0;-1;-1;0;0;-1;-1;-1;-1;-1;-1;-1;-1;-1;0;28;45;78;89;17;50;78;45;7.72;3.78;2.66;2.39;Manchester United U23;Sunderland U23;0.64;0.91;0.33;1.11;0.79;1;100;73;56;22;11;53;41;35;0;0;0;1009;22;Y;Y;Y;Y;N;N;N
299370;6274;6276;2017/2018;complete;1956;0;-1;20,32,64;14;3;1;4;6;4;10;1;2;1;1;0;0;11;6;4;2;15;8;9;13;46;54;1;1;1.61;4.3;4.1;0;0;0;0;0;0;0;0;0;0;1.48;2.55;0;0;0;0;0;0;0;0;0;0;0;0;0;0;0;0;0;0;0;0;0;0;0;0;0;0;0;0;0;0;0;0;0;0;0;0;0;0;0;0;0;0;0;0;0;0;0;0;0;0;0;0;0;4;2;1;1;0;1;3;2018-03-17 12:00:00;6274;0;35;29;23;0;-1;1;-1;-1;-1;-1;-1;-1;0;1;1;0;1;1;-1;0;0;0;0;0;0;0;0;0;0;0;0;0;1;1;0;0;-1;-1;0;0;-1;-1;-1;-1;-1;-1;-1;-1;-1;24;47;64;82;94;47;83;82;53;12.72;2.52;1.97;3.27;Arsenal U23;Chelsea U23;2.27;1.45;2.11;1.63;1.78;1.44;77;54;36;18;7;79;64;50;0;0;0;1009;22;Y;Y;Y;Y;N;N;Y
299371;6273;6267;2017/2018;complete;1956;0;-1;21,76;;2;0;2;3;5;8;1;1;2;1;0;0;5;5;2;6;7;11;13;12;52;48;2;1;0;0;0;0;0;0;0;0;0;0;0;0;0;0;0;0;0;0;0;0;0;0;0;0;0;0;0;0;0;0;0;0;0;0;0;0;0;0;0;0;0;0;0;0;0;0;0;0;0;0;0;0;0;0;0;0;0;0;0;0;0;0;0;0;0;0;0;0;2;1;0;1;0;1;1;2018-03-05 19:00:00;6273;0;62;18;50;0;-1;1;-1;-1;-1;-1;-1;-1;2;1;0;0;3;0;-1;0;0;0;0;0;0;0;0;0;0;0;0;0;1;1;0;0;-1;-1;1;0;-1;-1;-1;-1;-1;-1;-1;-1;-1;26;50;57;73;93;29;69;86;50;9.42;2.86;4.92;3.21;Everton U23;Swansea City U23;1.18;1.36;1.43;1.67;1.63;1.65;75;51;44;27;7;69;64;26;0;0;0;1009;22;Y;Y;N;N;N;N;N
299372;6272;6266;2017/2018;complete;1956;0;-1;2,32,49,84;;4;0;4;10;2;12;1;3;1;2;0;0;15;4;10;2;25;6;10;8;61;39;1;2;0;0;0;0;0;0;0;0;0;0;0;0;0;0;0;0;0;0;0;0;0;0;0;0;0;0;0;0;0;0;0;0;0;0;0;0;0;0;0;0;0;0;0;0;0;0;0;0;0;0;0;0;0;0;0;0;0;0;0;0;0;0;0;0;0;0;0;0;4;2;0;2;0;2;2;2018-03-05 19:00:00;6272;0;50;22;28;0;-1;1;-1;-1;-1;-1;-1;-1;0;1;1;1;1;2;-1;0;0;0;0;0;0;0;0;0;0;0;0;0;1;1;1;0;-1;-1;0;0;-1;-1;-1;-1;-1;-1;-1;-1;-1;17;39;50;78;89;33;67;84;50;13.56;3.44;2.78;2.84;Leicester City U23;Liverpool U23;2.36;1.91;2.22;2;1.83;1.94;84;62;50;22;11;70;46;41;0;0;0;1009;22;Y;Y;Y;Y;N;N;N
299373;6275;6270;2017/2018;complete;1956;0;-1;;3,42,45,55;0;4;4;4;1;5;3;3;2;1;0;0;8;6;5;4;13;10;15;9;41;59;2;1;4.6;4.1;1.57;1.01;1.12;1.44;2.15;0;0;0;0;0;0;1.57;2.35;0;0;0;0;0;0;0;0;0;0;0;0;0;0;0;0;0;0;0;0;0;0;0;0;0;0;0;0;0;0;0;0;0;0;0;0;0;0;0;0;0;0;0;0;0;0;0;0;0;0;0;0;0;4;0;3;0;1;1;3;2018-03-09 19:00:00;6270;0;51;19;25;0;-1;1;-1;-1;-1;-1;-1;-1;0;1;2;0;1;2;-1;0;0;0;0;0;0;0;0;0;0;0;0;0;1;1;0;1;-1;-1;0;0;-1;-1;-1;-1;-1;-1;-1;-1;-1;25;32;38;75;94;32;75;82;38;9.63;2.76;3.88;2.82;Derby County U23;Manchester City U23;1.27;1.55;1.38;1;1.24;1.18;75;69;63;25;7;69;38;19;0;0;0;1009;22;Y;Y;Y;Y;N;N;N
299374;6268;6273;2017/2018;complete;1956;0;-1;30,52;81;2;1;3;2;8;10;1;3;4;0;0;0;5;7;0;8;5;15;15;6;40;60;4;0;5.3;4.55;1.44;0;0;0;0;0;0;0;0;0;0;1.77;2.05;0;0;0;0;0;0;0;0;0;0;0;0;0;0;0;0;0;0;0;0;0;0;0;0;0;0;0;0;0;0;0;0;0;0;0;0;0;0;0;0;0;0;0;0;0;0;0;0;0;0;0;0;0;3;1;0;1;1;2;1;2018-03-11 12:00:00;6268;0;45;11;22;0;-1;1;-1;-1;-1;-1;-1;-1;1;0;3;0;1;3;-1;0;0;0;0;0;0;0;0;0;0;0;0;0;1;1;0;0;-1;-1;1;0;-1;-1;-1;-1;-1;-1;-1;-1;-1;11;28;73;84;95;45;78;78;62;6.58;4.55;3.78;2.89;Sunderland U23;Everton U23;1.09;1.55;0.67;1.78;0.89;1.71;89;73;28;17;6;60;42;25;0;0;0;1009;22;Y;Y;Y;N;N;N;Y
299375;6266;6271;2017/2018;complete;1956;0;-1;65;80,83;1;2;3;4;7;11;4;3;1;0;0;0;5;9;7;13;12;22;7;8;49;51;1;0;1.74;3.9;3.75;1.01;1.13;1.48;2.2;0;0;0;0;0;0;1.53;2.45;0;0;0;0;0;0;0;0;0;0;0;0;0;0;0;0;0;0;0;0;0;0;0;0;0;0;0;0;0;0;0;0;0;0;0;0;0;0;0;0;0;0;0;0;0;0;0;0;0;0;0;0;0;3;0;0;1;2;3;0;2018-03-09 19:00:00;6271;0;38;19;13;0;-1;1;-1;-1;-1;-1;-1;-1;0;0;1;0;0;1;-1;0;0;0;0;0;0;0;0;1;0;1;0;0;1;1;0;0;-1;-1;0;0;-1;-1;-1;-1;-1;-1;-1;-1;-1;13;38;57;63;94;38;63;82;38;9.88;2.26;2.13;2.76;Liverpool U23;Manchester United U23;1.73;1.18;1.88;1.13;1.83;0.71;88;63;44;38;7;75;63;51;0;0;0;1009;22;Y;Y;Y;N;N;N;Y
299376;6274;6269;2017/2018;complete;1956;0;-1;18;26,35,57;1;3;4;-1;-1;-1;-1;-1;3;3;0;0;-1;-1;-1;-1;-1;-1;-1;-1;-1;-1;3;3;0;0;0;0;0;0;0;0;0;0;0;0;0;0;0;0;0;0;0;0;0;0;0;0;0;0;0;0;0;0;0;0;0;0;0;0;0;0;0;0;0;0;0;0;0;0;0;0;0;0;0;0;0;0;0;0;0;0;0;0;0;0;0;0;0;0;0;0;4;1;2;0;1;1;3;2018-03-10 14:00:00;6269;0;64;41;30;0;-1;1;-1;-1;-1;-1;-1;-1;1;2;2;1;3;3;-1;0;0;0;0;0;0;0;0;0;0;0;0;0;1;1;0;0;-1;-1;0;0;-1;-1;-1;-1;-1;-1;-1;-1;-1;35;64;82;89;100;53;77;89;66;9.21;1.91;3.33;4.1;Arsenal U23;Tottenham Hotspur U23;2.27;1;2.38;0.56;1.88;0.94;66;36;18;12;0;58;58;40;0;0;0;1009;22;Y;Y;Y;Y;N;N;Y
299377;6267;6272;2017/2018;complete;1956;0;-1;31,45,70;80;3;1;4;3;11;14;3;0;3;3;1;0;7;5;3;10;10;15;17;6;40;60;5;3;2.1;3.65;2.8;0;0;0;0;0;0;0;0;0;0;0;0;0;0;0;0;0;0;0;0;0;0;0;0;0;0;0;0;0;0;0;0;0;0;0;0;0;0;0;0;0;0;0;0;0;0;0;0;0;0;0;0;0;0;0;0;0;0;0;0;0;0;0;0;0;4;2;0;1;1;2;2;2018-03-12 19:00:00;6267;0;54;24;31;0;-1;1;-1;-1;-1;-1;-1;-1;0;2;4;1;2;5;-1;0;0;0;0;0;0;0;0;0;0;0;0;0;1;1;0;0;-1;-1;0;0;-1;-1;-1;-1;-1;-1;-1;-1;-1;7;31;49;78;95;30;83;78;31;11.16;3.21;4.05;2.71;Swansea City U23;Leicester City U23;2;1.18;1.63;1.44;1.56;1.89;94;70;52;22;6;56;56;25;0;0;0;1009;22;Y;Y;Y;Y;N;N;Y
299378;6265;6276;2017/2018;complete;1956;0;-1;;19;0;1;1;11;6;17;0;1;2;1;0;0;6;7;10;5;16;12;18;9;48;52;2;1;3.7;3.65;1.8;0;0;0;0;0;0;0;0;0;0;1.54;2.4;0;0;0;0;0;0;0;0;0;0;0;0;0;0;0;0;0;0;0;0;0;0;0;0;0;0;0;0;0;0;0;0;0;0;0;0;0;0;0;0;0;0;0;0;0;0;0;0;0;0;0;0;0;1;0;1;0;0;0;1;2018-03-11 12:05:00;6276;0;43;37;18;0;-1;1;-1;-1;-1;-1;-1;-1;1;0;1;1;1;2;-1;0;0;0;0;0;0;0;0;0;0;0;0;0;1;1;0;0;-1;-1;0;0;-1;-1;-1;-1;-1;-1;-1;-1;-1;31;44;57;77;82;55;82;71;38;13.11;3.04;2.71;3.11;West Ham United U23;Chelsea U23;1.09;1.45;1.33;1.43;1.47;1.35;69;57;44;24;18;75;42;33;0;0;0;1009;22;Y;N;N;N;N;N;N
299379;6267;6271;2017/2018;complete;1956;0;-1;7,23;;2;0;2;1;8;9;0;2;1;1;0;0;9;8;4;9;13;17;14;4;36;64;1;1;1.83;4.05;3.3;0;0;0;0;0;0;0;0;0;0;0;0;0;0;0;0;0;0;0;0;0;0;0;0;0;0;0;0;0;0;0;0;0;0;0;0;0;0;0;0;0;0;0;0;0;0;0;0;0;0;0;0;0;0;0;0;0;0;0;0;0;0;0;0;0;2;2;0;0;0;0;2;2018-03-18 13:00:00;6267;0;56;17;39;0;-1;1;-1;-1;-1;-1;-1;-1;1;1;0;0;2;0;-1;0;0;0;0;0;0;0;0;0;0;0;0;0;1;1;1;0;-1;-1;0;0;-1;-1;-1;-1;-1;-1;-1;-1;-1;11;45;67;84;95;33;73;84;50;9.35;3.11;3.11;3.17;Swansea City U23;Manchester United U23;2;1.18;1.78;1.33;1.63;0.83;89;56;33;17;6;61;61;48;0;0;0;1009;22;Y;Y;N;N;N;N;N
299380;6266;6274;2017/2018;complete;1956;0;-1;63;90;1;1;2;2;3;5;2;2;0;0;0;0;8;6;7;10;15;16;13;5;51;49;0;0;2.9;3.65;2.1;1;1.09;1.37;1.95;0;0;0;0;0;0;1.4;2.85;0;0;0;0;0;0;0;0;0;0;0;0;0;0;0;0;0;0;0;0;0;0;0;0;0;0;0;0;0;0;0;0;0;0;0;0;0;0;0;0;0;0;0;0;0;0;0;0;0;0;0;0;0;2;0;0;1;1;2;0;2018-04-06 18:00:00;-1;0;61;22;45;0;-1;-1;-1;-1;-1;-1;-1;-1;0;0;0;0;0;0;-1;0;0;0;0;0;0;0;0;0;0;0;0;0;1;1;0;0;-1;-1;-1;-1;-1;-1;-1;-1;-1;-1;-1;-1;-1;22;56;73;78;100;50;73;89;56;10.47;2.89;3.12;3.39;Liverpool U23;Arsenal U23;1.73;1.55;1.67;1.44;1.74;1.84;78;45;28;22;0;77;60;41;0;0;0;1009;22;Y;Y;N;N;N;N;Y
299381;6274;6267;2017/2018;complete;1956;0;-1;47;;1;0;1;11;5;16;2;0;1;0;0;0;8;4;8;9;16;13;11;9;59;41;1;0;0;0;0;0;0;0;0;0;0;0;0;0;0;0;0;0;0;0;0;0;0;0;0;0;0;0;0;0;0;0;0;0;0;0;0;0;0;0;0;0;0;0;0;0;0;0;0;0;0;0;0;0;0;0;0;0;0;0;0;0;0;0;0;0;0;0;0;0;1;0;0;1;0;1;0;2018-04-13 18:00:00;6274;0;55;30;40;0;-1;1;-1;-1;-1;-1;-1;-1;1;0;0;0;1;0;-1;0;0;0;0;0;0;0;0;0;0;0;0;0;1;1;0;0;-1;-1;0;0;-1;-1;-1;-1;-1;-1;-1;-1;-1;20;55;65;90;100;50;75;95;55;10.98;1.9;3.8;3.6;Arsenal U23;Swansea City U23;2.27;1.36;2.2;1.5;1.8;1.7;80;45;35;10;0;68;63;35;0;0;0;1009;22;Y;N;N;N;N;N;N
299382;6270;6271;2017/2018;complete;1956;0;-1;4;45;1;1;2;5;2;7;3;1;2;3;0;0;6;4;3;6;9;10;19;14;53;47;2;3;0;0;0;0;0;0;0;0;0;0;0;0;0;0;0;0;0;0;0;0;0;0;0;0;0;0;0;0;0;0;0;0;0;0;0;0;0;0;0;0;0;0;0;0;0;0;0;0;0;0;0;0;0;0;0;0;0;0;0;0;0;0;0;0;0;0;0;0;2;1;1;0;0;0;2;2018-04-13 18:00:00;-1;0;45;25;25;0;-1;1;-1;-1;-1;-1;-1;-1;1;2;1;1;3;2;-1;0;0;0;0;0;0;0;0;0;0;0;0;0;1;1;1;0;-1;-1;0;1;-1;-1;-1;-1;-1;-1;-1;-1;-1;20;40;55;65;90;40;65;75;40;10.4;3;2.9;2.8;Manchester City U23;Manchester United U23;1.18;1.18;1.2;1.2;1.3;0.9;80;60;45;35;10;75;70;40;0;0;0;1009;22;Y;Y;N;N;N;N;Y
299383;6276;6269;2017/2018;complete;1956;0;-1;66;68,74;1;2;3;7;2;9;1;0;3;2;0;1;4;5;15;1;19;6;11;10;62;38;3;3;0;0;0;0;0;0;0;0;0;0;0;0;0;0;0;0;0;0;0;0;0;0;0;0;0;0;0;0;0;0;0;0;0;0;0;0;0;0;0;0;0;0;0;0;0;0;0;0;0;0;0;0;0;0;0;0;0;0;0;0;0;0;0;0;0;0;0;0;3;0;0;1;2;3;0;2018-04-13 18:05:00;6269;0;75;45;20;0;-1;1;-1;-1;-1;-1;-1;-1;1;3;2;0;4;2;-1;0;0;0;0;0;0;0;0;0;0;0;0;0;1;1;0;0;-1;-1;0;0;-1;-1;-1;-1;-1;-1;-1;-1;-1;25;70;80;85;95;55;75;90;50;7.49;1.1;4.5;3.75;Chelsea U23;Tottenham Hotspur U23;1.18;1;1.3;0.8;1.45;1.15;75;30;20;15;5;51;37;26;0;0;0;1009;22;Y;Y;Y;N;N;N;Y
299384;6268;6272;2017/2018;complete;1956;0;-1;1,20,62,73;26;4;1;5;6;6;12;3;0;2;3;0;0;7;6;2;11;9;17;13;5;51;49;2;3;4.05;4.4;1.61;0;0;0;0;0;0;0;0;0;0;0;0;0;0;0;0;0;0;0;0;0;0;0;0;0;0;0;0;0;0;0;0;0;0;0;0;0;0;0;0;0;0;0;0;0;0;0;0;0;0;0;0;0;0;0;0;0;0;0;0;0;0;0;0;0;5;2;1;2;0;2;3;2018-04-15 11:00:00;6268;0;55;20;25;0;-1;1;-1;-1;-1;-1;-1;-1;1;1;1;2;2;3;-1;0;0;0;0;0;0;0;0;0;0;0;0;0;1;1;1;0;-1;-1;0;0;-1;-1;-1;-1;-1;-1;-1;-1;-1;10;25;50;75;95;40;85;75;40;10;3.3;4;2.55;Sunderland U23;Leicester City U23;1.09;1.18;0.9;1.3;0.95;1.8;90;75;50;25;5;65;60;25;0;0;0;1009;22;Y;Y;Y;Y;Y;N;Y
299385;6275;6265;2017/2018;complete;1956;0;-1;53;;1;0;1;6;4;10;0;1;2;1;0;0;8;6;5;6;13;12;15;15;45;55;2;1;2.7;3.55;2.2;1;1.1;1.38;2;0;0;0;0;0;0;1.4;2.85;0;0;0;0;0;0;0;0;0;0;0;0;0;0;0;0;0;0;0;0;0;0;0;0;0;0;0;0;0;0;0;0;0;0;0;0;0;0;0;0;0;0;0;0;0;0;0;0;0;0;0;0;0;1;0;0;1;0;1;0;2018-04-16 14:00:00;6275;0;30;10;15;0;-1;1;-1;-1;-1;-1;-1;-1;1;0;1;1;1;2;-1;0;0;0;0;0;0;0;0;0;0;0;0;0;1;1;0;0;-1;-1;0;0;-1;-1;-1;-1;-1;-1;-1;-1;-1;15;30;55;75;95;35;80;75;35;9.3;4.2;2.6;2.75;Derby County U23;West Ham United U23;1.27;1.73;1.1;1.9;1.05;1.55;85;70;45;25;5;65;50;25;0;0;0;1009;22;Y;N;N;N;N;N;N
299386;6273;6266;2017/2018;complete;1956;0;-1;82;22,26,71;1;3;4;4;5;9;3;0;4;2;0;0;6;9;6;2;12;11;13;11;45;55;4;2;3.1;3.7;2;0;0;0;0;0;0;0;0;0;0;1.48;2.6;0;0;0;0;0;0;0;0;0;0;0;0;0;0;0;0;0;0;0;0;0;0;0;0;0;0;0;0;0;0;0;0;0;0;0;0;0;0;0;0;0;0;0;0;0;0;0;0;0;0;0;0;0;4;0;2;1;1;2;2;2018-04-16 18:00:00;6266;0;50;20;35;0;-1;1;-1;-1;-1;-1;-1;-1;1;0;3;2;1;5;-1;0;0;0;0;0;0;0;0;1;0;1;0;0;1;1;0;0;-1;-1;0;0;-1;-1;-1;-1;-1;-1;-1;-1;-1;25;50;60;80;95;35;75;85;55;10.16;3.4;3.8;3.25;Everton U23;Liverpool U23;1.18;1.91;1.3;1.8;1.45;1.7;75;50;40;20;5;58;47;32;0;0;0;1009;22;Y;Y;Y;Y;N;N;Y
299387;6271;6273;2017/2018;complete;1956;0;-1;23,74;20,47;2;2;4;4;7;11;2;1;2;2;0;0;6;6;6;13;12;19;8;13;55;45;2;2;1.35;4.85;5.95;0;0;0;0;0;0;0;0;0;0;0;0;0;0;0;0;0;0;0;0;0;0;0;0;0;0;0;0;0;0;0;0;0;0;0;0;0;0;0;0;0;0;0;0;0;0;0;0;0;0;0;0;0;0;0;0;0;0;0;0;0;0;0;0;0;4;1;1;1;1;2;2;2018-04-20 18:00:00;-1;0;50;0;35;0;-1;1;-1;-1;-1;-1;-1;-1;1;0;1;2;1;3;-1;0;0;0;0;0;0;0;0;0;0;0;0;0;1;1;0;0;-1;-1;0;0;-1;-1;-1;-1;-1;-1;-1;-1;-1;0;30;70;90;95;25;65;85;70;8.98;4.3;2.8;2.85;Manchester United U23;Everton U23;0.64;1.55;0.6;1.6;0.9;1.38;100;70;30;10;5;69;48;37;0;0;0;1009;22;Y;Y;Y;Y;N;N;Y
299388;6265;6274;2017/2018;complete;1956;0;-1;82;20,27,70;1;3;4;5;5;10;1;3;3;3;0;0;5;12;9;7;14;19;14;21;58;42;3;3;3.8;3.8;1.74;0;0;0;0;0;0;0;0;0;0;0;0;0;0;0;0;0;0;0;0;0;0;0;0;0;0;0;0;0;0;0;0;0;0;0;0;0;0;0;0;0;0;0;0;0;0;0;0;0;0;0;0;0;0;0;0;0;0;0;0;0;0;0;0;0;4;0;2;1;1;2;2;2018-04-20 18:00:00;6274;0;65;30;45;0;-1;1;-1;-1;-1;-1;-1;-1;1;1;2;2;2;4;-1;0;0;0;0;0;0;0;0;0;0;0;0;0;1;1;0;0;-1;-1;0;0;-1;-1;-1;-1;-1;-1;-1;-1;-1;30;55;60;75;90;55;80;70;50;12.2;2.5;3.4;3.35;West Ham United U23;Arsenal U23;1.09;1.55;1.2;1.4;1.48;1.86;70;45;40;25;10;69;48;37;0;0;0;1009;22;Y;Y;Y;Y;N;N;Y
299389;6266;6276;2017/2018;complete;1956;0;-1;21,41,51,62,90;58;5;1;6;14;3;17;3;2;2;1;0;0;10;4;10;4;20;8;11;10;47;53;2;1;2;3.65;3.05;0;0;0;0;0;0;0;0;0;0;1.47;2.6;0;0;0;0;0;0;0;0;0;0;0;0;0;0;0;0;0;0;0;0;0;0;0;0;0;0;0;0;0;0;0;0;0;0;0;0;0;0;0;0;0;0;0;0;0;0;0;0;0;0;0;0;0;6;2;0;3;1;4;2;2018-05-08 18:00:00;6266;0;40;25;20;0;-1;1;-1;-1;-1;-1;-1;-1;0;1;2;0;1;2;-1;0;0;0;0;0;0;0;1;0;1;0;0;0;1;1;0;0;-1;-1;0;1;-1;-1;-1;-1;-1;-1;-1;-1;-1;15;35;60;75;95;45;70;85;40;10.79;3.4;2.1;2.85;Liverpool U23;Chelsea U23;1.73;1.45;1.6;1.6;1.76;1.38;85;65;40;25;5;74;53;37;0;0;0;1009;22;Y;Y;Y;Y;Y;Y;Y
299390;6272;6275;2017/2018;complete;1956;0;-1;87,90,90;9;3;1;4;9;3;12;2;2;1;1;0;1;9;2;3;1;12;3;9;12;55;45;1;2;2.1;3.85;2.75;0;0;0;0;0;0;0;0;0;0;1.49;2.55;0;0;0;0;0;0;0;0;0;0;0;0;0;0;0;0;0;0;0;0;0;0;0;0;0;0;0;0;0;0;0;0;0;0;0;0;0;0;0;0;0;0;0;0;0;0;0;0;0;0;0;0;0;4;0;1;3;0;3;1;2018-04-23 18:00:00;6272;0;60;20;45;0;-1;1;-1;-1;-1;-1;-1;-1;1;1;0;1;2;1;-1;0;0;0;0;0;0;0;0;0;0;0;0;0;1;1;0;1;-1;-1;0;0;-1;-1;-1;-1;-1;-1;-1;-1;-1;30;50;65;80;90;35;70;90;65;12.69;3.1;2.6;3.5;Leicester City U23;Derby County U23;2.36;0.91;2.3;1;1.71;1.14;70;50;35;20;10;79;52;47;0;0;0;1009;22;Y;Y;Y;Y;N;N;Y
299391;6267;6268;2017/2018;complete;1956;0;-1;52;;1;0;1;7;3;10;1;1;4;3;0;0;8;5;10;1;18;6;12;11;65;35;4;3;1.62;4.7;3.7;0;0;0;0;0;0;0;0;0;0;1.43;2.7;0;0;0;0;0;0;0;0;0;0;0;0;0;0;0;0;0;0;0;0;0;0;0;0;0;0;0;0;0;0;0;0;0;0;0;0;0;0;0;0;0;0;0;0;0;0;0;0;0;0;0;0;0;1;0;0;1;0;1;0;2018-04-23 18:00:00;6267;0;40;20;25;0;-1;1;-1;-1;-1;-1;-1;-1;0;1;4;2;1;6;-1;0;0;0;0;0;0;0;0;0;0;0;0;0;1;1;0;0;-1;-1;0;0;-1;-1;-1;-1;-1;-1;-1;-1;-1;5;40;55;80;90;40;70;75;40;6.57;3.5;3.9;2.8;Swansea City U23;Sunderland U23;2;0.91;1.9;1;1.62;1.05;95;60;45;20;10;42;36;24;0;0;0;1009;22;Y;N;N;N;N;N;N
299392;6269;6270;2017/2018;complete;1956;0;-1;;19,30,51,88,90;0;5;5;5;6;11;1;4;0;0;0;0;5;13;11;9;16;22;13;9;45;55;0;0;2.85;3.8;2.05;0;0;0;0;0;0;0;0;0;0;1.32;3.25;0;0;0;0;0;0;0;0;0;0;0;0;0;0;0;0;0;0;0;0;0;0;0;0;0;0;0;0;0;0;0;0;0;0;0;0;0;0;0;0;0;0;0;0;0;0;0;0;0;0;0;0;0;5;0;2;0;3;3;2;2018-05-02 18:00:00;6270;0;65;25;30;0;-1;-1;-1;-1;-1;-1;-1;-1;0;0;0;0;0;0;-1;0;0;0;0;0;0;0;0;0;0;0;0;0;1;1;0;0;-1;-1;-1;-1;-1;-1;-1;-1;-1;-1;-1;-1;-1;35;50;65;80;90;55;70;80;40;9.1;2.6;4.2;3.45;Tottenham Hotspur U23;Manchester City U23;1.36;1.55;1.5;1.4;1.24;1.29;65;50;35;20;10;70;50;30;0;0;0;1009;22;Y;Y;Y;Y;Y;N;N
