ID;HOMEID;AWAYID;SEASON;STATUS;ROUNDID;GAME_WEEK;REVISED_GAME_WEEK;HOMEGOALS;AWAYGOALS;HOMEGOALCOUNT;AWAYGOALCOUNT;TOTALGOALCOUNT;TEAM_A_CORNERS;TEAM_B_CORNERS;TOTALCORNERCOUNT;TEAM_A_OFFSIDES;TEAM_B_OFFSIDES;TEAM_A_YELLOW_CARDS;TEAM_B_YELLOW_CARDS;TEAM_A_RED_CARDS;TEAM_B_RED_CARDS;TEAM_A_SHOTSONTARGET;TEAM_B_SHOTSONTARGET;TEAM_A_SHOTSOFFTARGET;TEAM_B_SHOTSOFFTARGET;TEAM_A_SHOTS;TEAM_B_SHOTS;TEAM_A_FOULS;TEAM_B_FOULS;TEAM_A_POSSESSION;TEAM_B_POSSESSION;TEAM_A_CARDS_NUM;TEAM_B_CARDS_NUM;ODDS_FT_1;ODDS_FT_X;ODDS_FT_2;ODDS_FT_OVER05;ODDS_FT_OVER15;ODDS_FT_OVER25;ODDS_FT_OVER35;ODDS_FT_OVER45;ODDS_FT_UNDER05;ODDS_FT_UNDER15;ODDS_FT_UNDER25;ODDS_FT_UNDER35;ODDS_FT_UNDER45;ODDS_BTTS_YES;ODDS_BTTS_NO;ODDS_TEAM_A_CS_YES;ODDS_TEAM_A_CS_NO;ODDS_TEAM_B_CS_YES;ODDS_TEAM_B_CS_NO;ODDS_DOUBLECHANCE_1X;ODDS_DOUBLECHANCE_12;ODDS_DOUBLECHANCE_X2;ODDS_1ST_HALF_RESULT_1;ODDS_1ST_HALF_RESULT_X;ODDS_1ST_HALF_RESULT_2;ODDS_2ND_HALF_RESULT_1;ODDS_2ND_HALF_RESULT_X;ODDS_2ND_HALF_RESULT_2;ODDS_DNB_1;ODDS_DNB_2;ODDS_CORNERS_OVER_75;ODDS_CORNERS_OVER_85;ODDS_CORNERS_OVER_95;ODDS_CORNERS_OVER_105;ODDS_CORNERS_OVER_115;ODDS_CORNERS_UNDER_75;ODDS_CORNERS_UNDER_85;ODDS_CORNERS_UNDER_95;ODDS_CORNERS_UNDER_105;ODDS_CORNERS_UNDER_115;ODDS_CORNERS_1;ODDS_CORNERS_X;ODDS_CORNERS_2;ODDS_TEAM_TO_SCORE_FIRST_1;ODDS_TEAM_TO_SCORE_FIRST_X;ODDS_TEAM_TO_SCORE_FIRST_2;ODDS_WIN_TO_NIL_1;ODDS_WIN_TO_NIL_2;ODDS_1ST_HALF_OVER05;ODDS_1ST_HALF_OVER15;ODDS_1ST_HALF_OVER25;ODDS_1ST_HALF_OVER35;ODDS_1ST_HALF_UNDER05;ODDS_1ST_HALF_UNDER15;ODDS_1ST_HALF_UNDER25;ODDS_1ST_HALF_UNDER35;ODDS_2ND_HALF_OVER05;ODDS_2ND_HALF_OVER15;ODDS_2ND_HALF_OVER25;ODDS_2ND_HALF_OVER35;ODDS_2ND_HALF_UNDER05;ODDS_2ND_HALF_UNDER15;ODDS_2ND_HALF_UNDER25;ODDS_2ND_HALF_UNDER35;ODDS_BTTS_1ST_HALF_YES;ODDS_BTTS_1ST_HALF_NO;ODDS_BTTS_2ND_HALF_YES;ODDS_BTTS_2ND_HALF_NO;OVERALLGOALCOUNT;HT_GOALS_TEAM_A;HT_GOALS_TEAM_B;GOALS_2HG_TEAM_A;GOALS_2HG_TEAM_B;GOALCOUNT_2HG;HTGOALCOUNT;DATE_UNIX;WINNINGTEAM;NO_HOME_AWAY;BTTS_POTENTIAL;BTTS_FHG_POTENTIAL;BTTS_2HG_POTENTIAL;GOALTIMINGDISABLED;CORNER_TIMINGS_RECORDED;CARD_TIMINGS_RECORDED;TEAM_A_FH_CORNERS;TEAM_B_FH_CORNERS;TEAM_A_2H_CORNERS;TEAM_B_2H_CORNERS;CORNER_FH_COUNT;CORNER_2H_COUNT;TEAM_A_FH_CARDS;TEAM_B_FH_CARDS;TEAM_A_2H_CARDS;TEAM_B_2H_CARDS;TOTAL_FH_CARDS;TOTAL_2H_CARDS;ATTACKS_RECORDED;TEAM_A_DANGEROUS_ATTACKS;TEAM_B_DANGEROUS_ATTACKS;TEAM_A_ATTACKS;TEAM_B_ATTACKS;TEAM_A_XG;TEAM_B_XG;TOTAL_XG;TEAM_A_PENALTIES_WON;TEAM_B_PENALTIES_WON;TEAM_A_PENALTY_GOALS;TEAM_B_PENALTY_GOALS;TEAM_A_PENALTY_MISSED;TEAM_B_PENALTY_MISSED;PENS_RECORDED;GOAL_TIMINGS_RECORDED;TEAM_A_0_10_MIN_GOALS;TEAM_B_0_10_MIN_GOALS;TEAM_A_CORNERS_0_10_MIN;TEAM_B_CORNERS_0_10_MIN;TEAM_A_CARDS_0_10_MIN;TEAM_B_CARDS_0_10_MIN;THROWINS_RECORDED;TEAM_A_THROWINS;TEAM_B_THROWINS;FREEKICKS_RECORDED;TEAM_A_FREEKICKS;TEAM_B_FREEKICKS;GOALKICKS_RECORDED;TEAM_A_GOALKICKS;TEAM_B_GOALKICKS;O45_POTENTIAL;O35_POTENTIAL;O25_POTENTIAL;O15_POTENTIAL;O05_POTENTIAL;O15HT_POTENTIAL;O05HT_POTENTIAL;O05_2H_POTENTIAL;O15_2H_POTENTIAL;CORNERS_POTENTIAL;OFFSIDES_POTENTIAL;CARDS_POTENTIAL;AVG_POTENTIAL;HOME_NAME;AWAY_NAME;HOME_PPG;AWAY_PPG;PRE_MATCH_HOME_PPG;PRE_MATCH_AWAY_PPG;PRE_MATCH_TEAMA_OVERALL_PPG;PRE_MATCH_TEAMB_OVERALL_PPG;U45_POTENTIAL;U35_POTENTIAL;U25_POTENTIAL;U15_POTENTIAL;U05_POTENTIAL;CORNERS_O85_POTENTIAL;CORNERS_O95_POTENTIAL;CORNERS_O105_POTENTIAL;TEAM_A_XG_PREMATCH;TEAM_B_XG_PREMATCH;TOTAL_XG_PREMATCH;COMPETITION_ID;MATCHES_COMPLETED_MINIMUM;OVER05;OVER15;OVER25;OVER35;OVER45;OVER55;BTTS
2333865;2005;11211;2019/2020;complete;90407;1;-1;81,90;83;2;1;3;6;4;10;-1;-1;-1;-1;-1;-1;8;3;8;4;16;7;-1;-1;50;50;-1;-1;1.5;3.6;2.4;1.03;1.2;1.67;2.75;5;10;4;2.15;1.4;1.14;1.57;2.25;0;0;0;0;1.3;1.25;1.67;2.6;2.2;3.6;2.4;2.6;3.25;0;0;0;0;0;0;0;0;0;0;0;0;0;0;0;1.73;12;2.2;4.2;6;0;0;0;0;0;0;0;0;0;0;0;0;0;0;0;0;0;0;0;0;3;0;0;2;1;3;0;2019-07-19 17:00:00;2005;0;0;0;0;0;1;-1;1;3;5;1;4;6;-1;-1;-1;-1;-1;-1;1;99;82;144;127;2.29;1.26;3.54;0;0;0;0;0;0;1;1;0;0;0;3;-1;-1;-1;-1;-1;-1;-1;-1;-1;-1;-1;0;0;0;0;0;0;0;0;0;0;0;0;0;Podbrezová;FK Košice;2.33;0.89;0;0;0;0;0;0;0;0;0;0;0;0;0;0;0;2261;17;Y;Y;Y;N;N;N;Y
2333866;10052;2026;2019/2020;complete;90407;1;-1;50,51,86;11,16,19,80;3;4;7;20;0;20;-1;-1;2;3;0;0;16;6;18;3;34;9;-1;-1;61;39;2;3;1.29;3.6;3.3;1.02;1.14;1.53;2.38;4;11;5;2.45;1.53;1.2;1.5;2.5;0;0;0;0;1.17;1.2;2;2.2;2.3;4.33;2;2.8;3.75;0;0;0;0;0;0;0;0;0;0;0;0;0;0;0;1.53;15;2.6;3.2;9.5;0;0;0;0;0;0;0;0;0;0;0;0;0;0;0;0;0;0;0;0;7;0;3;3;1;4;3;2019-07-19 15:30:00;2026;0;0;0;0;0;-1;1;-1;-1;-1;-1;-1;-1;1;0;1;3;1;4;1;144;53;137;107;4.28;1.38;5.66;0;0;0;0;0;0;1;1;0;0;-1;-1;0;0;-1;-1;-1;-1;-1;-1;-1;-1;-1;0;0;0;0;0;0;0;0;0;0;0;0;0;Dukla Banská Bystrica;Žilina II;2.36;1.36;0;0;0;0;0;0;0;0;0;0;0;0;0;0;0;2261;21;Y;Y;Y;Y;Y;Y;Y
2333867;2047;2028;2019/2020;complete;90407;1;-1;58;;1;0;1;4;4;8;-1;-1;1;1;0;0;14;8;7;5;21;13;-1;-1;51;49;1;1;1.36;3.6;2.88;1.04;1.25;1.87;3;6;9.5;3.5;1.9;1.33;1.11;1.67;2.1;0;0;0;0;1.2;1.25;1.83;2.4;2.1;4.2;2.2;2.5;3.75;0;0;0;0;0;0;0;0;0;0;0;0;0;0;0;1.62;10;2.5;3.5;6.5;0;0;0;0;0;0;0;0;0;0;0;0;0;0;0;0;0;0;0;0;1;0;0;1;0;1;0;2019-07-20 15:30:00;2047;0;0;0;0;0;1;1;2;4;2;0;6;2;0;0;1;1;0;2;1;35;26;56;47;2.54;1.56;4.11;0;0;0;0;0;0;1;1;0;0;0;0;0;0;-1;-1;-1;-1;-1;-1;-1;-1;-1;0;0;0;0;0;0;0;0;0;0;0;0;0;Dubnica;Partizán Bardejov;2.73;0.78;0;0;0;0;0;0;0;0;0;0;0;0;0;0;0;2261;18;Y;N;N;N;N;N;N
2333868;2029;2023;2019/2020;complete;90407;1;-1;22,76;;2;0;2;7;3;10;-1;-1;2;2;0;0;7;7;9;3;16;10;-1;-1;50;50;2;2;1.22;3.75;3.8;1.03;1.17;1.6;2.63;4.5;10.5;4.5;2.3;1.44;1.17;1.57;2.25;0;0;0;0;1.14;1.17;2.2;2.1;2.3;4.5;1.91;2.8;4.33;0;0;0;0;0;0;0;0;0;0;0;0;0;0;0;1.44;14;2.8;0;0;0;0;0;0;0;0;0;0;0;0;0;0;0;0;0;0;0;0;0;0;2;1;0;1;0;1;1;2019-07-20 15:30:00;2029;0;0;0;0;0;1;1;2;0;5;3;2;8;1;0;1;2;1;3;1;93;49;129;101;2.17;1.48;3.66;0;0;0;0;0;0;1;1;0;0;1;0;0;0;-1;-1;-1;-1;-1;-1;-1;-1;-1;0;0;0;0;0;0;0;0;0;0;0;0;0;Komárno;Šamorín;1.78;0.22;0;0;0;0;0;0;0;0;0;0;0;0;0;0;0;2261;18;Y;Y;N;N;N;N;N
2333869;2024;11218;2019/2020;complete;90407;1;-1;;12,30;0;2;2;6;2;8;-1;-1;2;2;0;0;4;9;13;5;17;14;-1;-1;56;44;2;2;1.2;4;4;1.02;1.14;1.53;2.38;4;12;5;2.45;1.53;1.2;1.57;2.25;0;0;0;0;1.13;1.17;2.4;2;2.38;5;1.8;2.88;4.5;0;0;0;0;0;0;0;0;0;0;0;0;0;0;0;1.4;15;2.88;2.8;13;0;0;0;0;0;0;0;0;0;0;0;0;0;0;0;0;0;0;0;0;2;0;2;0;0;0;2;2019-07-20 15:30:00;11218;0;0;0;0;0;1;1;4;1;2;1;5;3;1;0;1;2;1;3;1;91;72;155;133;2.02;2.04;4.06;0;0;0;0;0;0;1;1;0;0;0;0;0;0;-1;-1;-1;-1;-1;-1;-1;-1;-1;0;0;0;0;0;0;0;0;0;0;0;0;0;Liptovský Mikuláš;Ružomberok II;1.78;1.11;0;0;0;0;0;0;0;0;0;0;0;0;0;0;0;2261;18;Y;Y;N;N;N;N;N
2333870;2027;2037;2019/2020;complete;90407;1;-1;25;;1;0;1;8;5;13;-1;-1;0;1;0;0;7;2;7;3;14;5;-1;-1;50;50;0;1;1.08;4.5;6.5;1.03;1.2;1.67;2.75;5;10.5;4;2.15;1.4;1.14;1.91;1.8;0;0;0;0;1.06;1.13;3;1.83;2.4;7;1.62;2.88;6;0;0;0;0;0;0;0;0;0;0;0;0;0;0;0;1.3;14;3.75;2.2;15;0;0;0;0;0;0;0;0;0;0;0;0;0;0;0;0;0;0;0;0;1;1;0;0;0;0;1;2019-07-20 17:00:00;2027;0;0;0;0;0;1;1;6;2;2;3;8;5;0;0;0;1;0;1;1;84;64;111;111;1.98;0.93;2.91;0;0;0;0;0;0;1;1;0;0;2;0;0;0;-1;-1;-1;-1;-1;-1;-1;-1;-1;0;0;0;0;0;0;0;0;0;0;0;0;0;Poprad;Slovan Bratislava II;1.8;0;0;0;0;0;0;0;0;0;0;0;0;0;0;0;0;2261;18;Y;N;N;N;N;N;N
2333871;2004;11049;2019/2020;complete;90407;1;-1;90;;1;0;1;13;3;16;-1;-1;1;2;0;0;5;2;9;0;14;2;-1;-1;50;50;1;2;1.07;4.75;7;1.02;1.17;1.65;2.75;5;11;4.5;2.2;1.4;1.14;1.91;1.8;0;0;0;0;1.04;1.14;3.25;1.8;2.4;7;1.62;3;6.5;0;0;0;0;0;0;0;0;0;0;0;0;0;0;0;1.3;15;3.75;2.15;17;0;0;0;0;0;0;0;0;0;0;0;0;0;0;0;0;0;0;0;0;1;0;0;1;0;1;0;2019-07-20 17:00:00;2004;0;0;0;0;0;1;1;5;3;8;0;8;8;0;1;1;1;1;2;1;58;9;83;33;1.65;0.34;1.99;0;0;0;0;0;0;1;1;0;0;3;0;0;0;-1;-1;-1;-1;-1;-1;-1;-1;-1;0;0;0;0;0;0;0;0;0;0;0;0;0;Skalica;Púchov;2.67;0.8;0;0;0;0;0;0;0;0;0;0;0;0;0;0;0;2261;18;Y;N;N;N;N;N;N
2333872;10053;2021;2019/2020;complete;90407;1;-1;15,45,55,65,78;35,42,81;5;3;8;6;8;14;-1;-1;1;1;0;0;10;9;4;9;14;18;-1;-1;37;63;1;1;1.5;4;2.4;1.03;1.17;1.57;2.5;4.5;10.5;4.5;2.38;1.5;1.17;1.44;2.63;0;0;0;0;1.33;1.2;1.67;2.5;2.3;3.6;2.3;2.7;3.3;0;0;0;0;0;0;0;0;0;0;0;0;0;0;0;1.67;14;2.2;4.33;6.5;0;0;0;0;0;0;0;0;0;0;0;0;0;0;0;0;0;0;0;0;8;2;2;3;1;4;4;2019-07-21 08:30:00;10053;0;0;0;0;0;1;1;5;4;1;4;9;5;0;0;1;1;0;2;1;40;65;94;113;1.88;2.23;4.11;0;0;0;0;0;0;1;1;0;0;1;0;0;0;-1;-1;-1;-1;-1;-1;-1;-1;-1;0;0;0;0;0;0;0;0;0;0;0;0;0;Petržalka akadémia;Slavoj Trebišov;1.33;0.3;0;0;0;0;0;0;0;0;0;0;0;0;0;0;0;2261;18;Y;Y;Y;Y;Y;Y;Y
2333873;2005;2027;2019/2020;complete;90407;2;-1;;18,31,59;0;3;3;2;5;7;-1;-1;1;3;0;0;2;8;1;4;3;12;-1;-1;50;50;1;3;1.5;3.3;2.4;0;0;2;0;0;0;0;1.8;0;0;1.67;2.1;0;0;0;0;1.33;1.3;1.62;2.7;2.1;3.75;2.4;2.4;3.4;0;0;0;0;0;0;0;0;0;0;0;0;0;0;0;0;0;0;3.3;5.5;0;0;0;0;0;0;0;0;0;0;0;0;0;0;0;0;0;0;0;0;3;0;2;0;1;1;2;2019-07-26 17:00:00;2027;0;50;0;50;0;1;1;1;1;1;4;2;5;1;0;0;3;1;3;1;70;60;127;130;0.85;1.76;2.62;0;0;0;0;0;0;1;1;0;0;0;1;0;0;-1;-1;-1;-1;-1;-1;-1;-1;-1;0;0;50;50;50;0;0;50;50;6;0;0;1.5;Podbrezová;Poprad;2.33;1.18;3;0;3;3;50;50;0;0;0;50;50;0;2.29;0;2.29;2261;21;Y;Y;Y;N;N;N;N
2333874;2028;10053;2019/2020;complete;90407;2;-1;23;55,82;1;2;3;5;5;10;-1;-1;0;4;0;0;5;3;2;4;7;7;-1;-1;51;49;0;4;1.91;3.2;1.8;0;0;1.95;0;0;0;0;1.85;0;0;1.73;2;0;0;0;0;1.44;1.3;1.4;3.3;2;3.2;2.88;2.38;2.88;0;0;0;0;0;0;0;0;0;0;0;0;0;0;0;2;8.5;2;0;0;0;0;0;0;0;0;0;0;0;0;0;0;0;0;0;0;0;0;0;0;3;1;0;0;2;2;1;2019-07-27 15:30:00;10053;0;0;0;0;0;1;1;3;1;2;4;4;6;0;2;0;2;2;2;1;70;66;115;121;1.31;1.14;2.45;0;0;0;0;0;0;1;1;0;0;1;0;0;0;-1;-1;-1;-1;-1;-1;-1;-1;-1;0;0;0;0;0;0;0;0;0;0;0;0;0;Partizán Bardejov;Petržalka akadémia;1.56;0.56;0;0;0;3;0;0;0;0;0;0;0;0;0;0;0;2261;18;Y;Y;Y;N;N;N;Y
2333875;11211;2021;2019/2020;complete;90407;2;-1;61,77;57,81;2;2;4;12;3;15;-1;-1;0;1;0;0;6;3;6;1;12;4;-1;-1;62;38;0;1;1.29;4;3.3;0;0;1.57;0;0;0;0;2.35;0;0;1.57;2.25;0;0;0;0;1.2;1.2;2.1;2.1;2.3;4.5;1.91;2.7;4.33;0;0;0;0;0;0;0;0;0;0;0;0;0;0;0;0;0;0;3.2;9.5;0;0;0;0;0;0;0;0;0;0;0;0;0;0;0;0;0;0;0;0;4;0;0;2;2;4;0;2019-07-26 15:30:00;-1;0;50;50;50;0;1;1;3;1;9;2;4;11;0;0;0;1;0;1;1;93;51;150;111;1.86;0.85;2.71;0;0;0;0;0;0;1;1;0;0;0;0;0;0;-1;-1;-1;-1;-1;-1;-1;-1;-1;50;50;50;50;50;50;50;50;50;8;0;1;4;FK Košice;Slavoj Trebišov;1.63;0.3;0;0;0;0;0;0;0;0;0;50;50;50;0;2.23;2.23;2261;17;Y;Y;Y;Y;N;N;Y
2333876;11049;2024;2019/2020;complete;90407;2;-1;21;26,65;1;2;3;3;7;10;-1;-1;4;2;0;0;2;9;8;11;10;20;-1;-1;47;53;4;2;1.95;3.2;1.75;0;0;1.95;0;0;0;0;1.85;0;0;1.67;2.1;0;0;0;0;1.44;1.29;1.4;3.3;2;3.2;3;2.4;2.8;0;0;0;0;0;0;0;0;0;0;0;0;0;0;0;2;9;1.91;4.5;4.2;0;0;0;0;0;0;0;0;0;0;0;0;0;0;0;0;0;0;0;0;3;1;1;0;1;1;2;2019-07-27 15:30:00;2024;0;0;0;0;0;1;1;0;4;3;3;4;6;1;0;3;2;1;5;1;37;48;62;70;1.04;2.23;3.26;0;0;0;0;0;0;1;1;0;0;0;0;0;0;-1;-1;-1;-1;-1;-1;-1;-1;-1;0;0;0;0;0;0;0;0;0;0;0;0;0;Púchov;Liptovský Mikuláš;2;1.11;0;0;0;0;0;0;0;0;0;0;0;0;0;0;0;2261;18;Y;Y;Y;N;N;N;Y
2333877;11218;2029;2019/2020;complete;90407;2;-1;12,18,74,90;5;4;1;5;7;6;13;-1;-1;0;2;0;0;8;4;10;8;18;12;-1;-1;50;50;0;2;1.73;3.4;2;0;0;1.7;0;0;0;0;2.1;0;0;1.53;2.38;0;0;0;0;1.5;1.29;1.5;2.8;2.2;3.3;2.6;2.6;2.88;0;0;0;0;0;0;0;0;0;0;0;0;0;0;0;0;0;0;0;0;0;0;0;0;0;0;0;0;0;0;0;0;0;0;0;0;0;0;0;0;5;2;1;2;0;2;3;2019-07-28 08:30:00;11218;0;0;0;0;0;1;1;4;3;3;3;7;6;0;0;0;2;0;2;1;76;80;107;106;2.24;1.62;3.86;1;0;1;0;0;0;1;1;0;1;0;0;0;0;-1;-1;-1;-1;-1;-1;-1;-1;-1;0;0;0;0;0;0;0;0;0;0;0;0;0;Ružomberok II;Komárno;1.33;0.44;0;0;3;3;0;0;0;0;0;0;0;0;0;0;0;2261;18;Y;Y;Y;Y;Y;N;Y
2333878;2023;10052;2019/2020;complete;90407;17;-1;74,79,84;;3;0;3;3;7;10;-1;-1;1;0;0;0;6;5;5;7;11;12;-1;-1;50;50;1;0;3.25;3.5;1.33;0;0;1.6;0;0;0;0;2.3;0;0;1.57;2.25;0;0;0;0;1.91;1.25;1.17;4.33;2.38;2.2;3.75;2.63;2.1;0;0;0;0;0;0;0;0;0;0;0;0;0;0;0;2.75;12;1.5;0;0;0;0;0;0;0;0;0;0;0;0;0;0;0;0;0;0;0;0;0;0;3;0;0;3;0;3;0;2019-11-10 09:30:00;2023;0;50;15;14;0;1;1;2;6;1;1;8;2;0;0;1;0;0;1;1;42;59;100;118;1.43;1.54;2.97;0;0;0;0;0;0;1;1;0;0;1;2;0;0;-1;-1;-1;-1;-1;-1;-1;-1;-1;0;29;64;79;93;50;79;79;29;12;0;3.21;2.64;Šamorín;Dukla Banská Bystrica;2.11;2;1.86;2.29;0.94;2.38;100;71;36;22;7;93;79;72;1.76;2.04;3.8;2261;18;Y;Y;Y;N;N;N;N
2333879;2037;2004;2019/2020;complete;90407;2;-1;17,27,63,70;;4;0;4;4;4;8;-1;-1;1;2;0;1;5;3;4;10;9;13;-1;-1;50;50;1;3;3.6;3.8;1.25;0;0;2;0;0;0;0;1.8;0;0;1.83;1.83;0;0;0;0;2.2;1.22;1.14;5;2.1;2.3;4.33;2.5;2;0;0;0;0;0;0;0;0;0;0;0;0;0;0;0;0;0;0;8;2.87;0;0;0;0;0;0;0;0;0;0;0;0;0;0;0;0;0;0;0;0;4;2;0;2;0;2;2;2019-07-28 08:30:00;2037;0;0;0;0;0;1;1;1;3;3;1;4;4;0;2;1;1;2;2;1;40;61;96;93;1.22;1.47;2.69;0;0;0;0;0;0;1;1;0;0;0;0;0;1;-1;-1;-1;-1;-1;-1;-1;-1;-1;0;0;0;0;0;0;0;0;0;0;0;0;0;Slovan Bratislava II;Skalica;1.7;1;0;0;0;3;0;0;0;0;0;0;0;0;0;0;0;2261;18;Y;Y;Y;Y;N;N;N
2333880;2026;2047;2019/2020;complete;90407;2;-1;8,22;4,10,18,30;2;4;6;7;2;9;-1;-1;1;4;0;0;11;7;13;5;24;12;-1;-1;60;40;1;4;1.33;4.33;3;0;0;1.36;0;0;0;0;3.1;0;0;1.36;2.88;0;0;0;0;1.25;1.17;2;2.2;2.5;3.75;2;2.88;3.6;0;0;0;0;0;0;0;0;0;0;0;0;0;0;0;0;0;0;3.9;12;0;0;0;0;0;0;0;0;0;0;0;0;0;0;0;0;0;0;0;0;6;2;4;0;0;0;6;2019-07-28 08:30:00;2047;0;0;0;0;0;1;1;1;0;6;2;1;8;1;1;0;3;2;3;1;93;66;141;103;2.95;1.73;4.68;0;0;0;0;0;0;1;1;1;2;0;0;0;0;-1;-1;-1;-1;-1;-1;-1;-1;-1;0;0;0;0;0;0;0;0;0;0;0;0;0;Žilina II;Dubnica;1.9;1.45;0;0;3;3;0;0;0;0;0;0;0;0;0;0;0;2261;21;Y;Y;Y;Y;Y;Y;Y
2333881;10052;11218;2019/2020;complete;90407;3;-1;23,54,79;13,20;3;2;5;11;4;15;-1;-1;0;2;0;0;6;7;6;4;12;11;-1;-1;49;51;0;2;1.14;4.75;4.8;0;0;1.5;0;0;0;0;2.5;0;0;1.62;2.2;0;0;0;0;1.11;1.17;2.75;1.91;2.5;5.5;1.67;3;5;0;0;0;0;0;0;0;0;0;0;0;0;0;0;0;0;0;0;2.62;13;0;0;0;0;0;0;0;0;0;0;0;0;0;0;0;0;0;0;0;0;5;1;2;2;0;2;3;2019-08-02 15:00:00;10052;0;25;0;25;0;-1;1;-1;-1;-1;-1;-1;-1;0;0;0;2;0;2;1;83;67;121;125;1.78;1.68;3.46;0;0;0;0;0;0;1;1;0;0;-1;-1;0;0;-1;-1;-1;-1;-1;-1;-1;-1;-1;50;50;50;100;100;75;75;50;50;18;0;3.5;4;Dukla Banská Bystrica;Ružomberok II;2.36;1.11;1.5;3;1.5;3;50;50;50;0;0;50;50;50;3.74;2.04;5.78;2261;18;Y;Y;Y;Y;Y;N;Y
2333882;2047;2023;2019/2020;complete;90407;3;-1;23,82,85,88;17;4;1;5;-1;-1;-1;-1;-1;2;3;0;0;-1;-1;-1;-1;-1;-1;-1;-1;-1;-1;2;3;1.17;4.5;4.5;1.03;1.17;1.6;2.63;4.5;10.5;4.5;2.3;1.44;1.17;1.67;2.1;0;0;0;0;1.11;1.14;2.5;1.91;2.3;5.5;1.8;2.8;5;0;0;0;0;0;0;0;0;0;0;0;0;0;0;0;1.4;14;3.1;0;0;0;0;0;0;0;0;0;0;0;0;0;0;0;0;0;0;0;0;0;0;5;1;1;3;0;3;2;2019-08-03 15:00:00;2047;0;0;0;0;0;-1;1;-1;-1;-1;-1;-1;-1;1;2;1;1;3;2;-1;0;0;0;0;0;0;0;0;0;0;0;0;0;1;1;0;0;-1;-1;0;0;-1;-1;-1;-1;-1;-1;-1;-1;-1;25;25;25;50;100;0;25;100;25;6.5;0;2;2.25;Dubnica;Šamorín;2.73;0.22;3;0;3;0;75;75;75;50;0;50;50;25;2.54;1.3;3.84;2261;18;Y;Y;Y;Y;Y;N;Y
2333883;2029;11049;2019/2020;complete;90407;3;-1;61,73;48,90;2;2;4;4;1;5;-1;-1;4;4;1;1;3;3;0;0;3;3;-1;-1;50;50;6;5;1.2;3.75;4;0;0;1.75;0;0;0;0;2.05;0;0;1.73;2;0;0;0;0;1.17;1.22;2.1;2.1;2.25;5;1.91;2.63;4.5;0;0;0;0;0;0;0;0;0;0;0;0;0;0;0;0;0;0;0;0;0;0;0;0;0;0;0;0;0;0;0;0;0;0;0;0;0;0;0;0;4;0;0;2;2;4;0;2019-08-03 15:00:00;-1;0;0;0;0;0;1;1;0;0;4;1;0;5;0;2;5;3;2;8;1;53;57;0;0;0.77;0.8;1.56;0;0;0;0;0;0;1;1;0;0;0;0;0;0;-1;-1;-1;-1;-1;-1;-1;-1;-1;0;0;0;50;100;0;50;100;0;10;0;4;1.5;Komárno;Púchov;1.78;0.8;3;0;1.5;0;100;100;100;50;0;100;100;50;2.17;0.34;2.51;2261;18;Y;Y;Y;Y;N;N;Y
2333884;2024;2037;2019/2020;complete;90407;3;-1;29,88;;2;0;2;6;2;8;-1;-1;3;2;0;0;12;2;13;6;25;8;-1;-1;50;50;3;2;1.2;4.2;4;0;0;1.6;0;0;0;0;2.3;0;0;1.62;2.2;0;0;0;0;1.1;1.2;2.62;2.1;2.3;5;1.91;2.8;4.5;0;0;0;0;0;0;0;0;0;0;0;0;0;0;0;0;0;0;0;0;0;0;0;0;0;0;0;0;0;0;0;0;0;0;0;0;0;0;0;0;2;1;0;1;0;1;1;2019-08-03 15:00:00;2024;0;0;0;0;0;1;1;3;2;3;0;5;3;0;0;3;2;0;5;1;112;52;145;108;3.22;1.03;4.25;0;0;0;0;0;0;1;1;0;0;1;0;0;0;-1;-1;-1;-1;-1;-1;-1;-1;-1;0;0;0;50;100;50;100;0;0;11;0;3;1.5;Liptovský Mikuláš;Slovan Bratislava II;1.78;0;0;0;1.5;1.5;100;100;100;50;0;50;50;50;2.02;0.93;2.95;2261;18;Y;Y;N;N;N;N;N
2333885;2027;11211;2019/2020;complete;90407;3;-1;10,51,88;14,45;3;2;5;7;0;7;-1;-1;0;1;0;0;11;3;12;6;23;9;-1;-1;50;50;0;1;1.2;4;4;0;0;1.75;0;0;0;0;2.05;0;0;1.73;2;0;0;0;0;1.14;1.2;2.25;2.1;2.25;5;1.91;2.63;4.5;0;0;0;0;0;0;0;0;0;0;0;0;0;0;0;0;0;0;2.8;9;0;0;0;0;0;0;0;0;0;0;0;0;0;0;0;0;0;0;0;0;5;1;2;2;0;2;3;2019-08-03 17:00:00;2027;0;50;0;50;0;-1;1;-1;-1;-1;-1;-1;-1;0;0;0;1;0;1;1;111;73;119;118;3.01;1.31;4.32;0;0;0;0;0;0;1;1;1;0;-1;-1;0;0;-1;-1;-1;-1;-1;-1;-1;-1;-1;0;0;50;50;100;0;50;50;50;12;0;0;2;Poprad;FK Košice;1.8;0.89;3;0;3;0.5;100;100;50;50;0;100;100;50;1.98;1.26;3.24;2261;17;Y;Y;Y;Y;Y;N;Y
2333886;2004;2005;2019/2020;complete;90407;3;-1;17,64,68;87;3;1;4;1;7;8;-1;-1;1;4;0;0;6;3;4;5;10;8;-1;-1;50;50;1;4;1.44;3.6;2.6;0;0;2.05;0;0;0;0;1.75;0;0;1.73;2;0;0;0;0;1.29;1.25;1.8;2.5;2.1;4.2;2.3;2.4;3.75;0;0;0;0;0;0;0;0;0;0;0;0;0;0;0;0;0;0;3.1;6.5;0;0;0;0;0;0;0;0;0;0;0;0;0;0;0;0;0;0;0;0;4;1;0;2;1;3;1;2019-08-03 17:00:00;2004;0;0;0;0;0;1;1;1;2;0;5;3;5;0;1;1;3;1;4;1;24;60;99;123;1.24;1.16;2.4;1;0;1;0;0;0;1;1;0;0;0;1;0;0;-1;-1;-1;-1;-1;-1;-1;-1;-1;0;0;0;0;50;0;0;50;0;13;0;1;0.5;Skalica;Podbrezová;2.67;0.56;3;0;1.5;1.5;50;50;50;50;0;50;50;50;1.65;0;1.65;2261;21;Y;Y;Y;Y;N;N;Y
2333887;10053;2026;2019/2020;complete;90407;3;-1;66,77,89;36;3;1;4;11;2;13;-1;-1;2;5;0;0;9;4;7;2;16;6;-1;-1;54;46;2;5;1.85;3.75;3.3;0;0;1.36;0;0;0;0;3.1;0;0;0;0;0;0;0;0;1.3;1.22;1.8;0;0;0;0;0;0;0;0;0;0;0;0;0;0;0;0;0;0;0;0;0;0;0;0;0;0;0;0;0;0;0;0;0;0;0;0;0;0;0;0;0;0;0;0;0;0;4;0;1;3;0;3;1;2019-08-04 08:30:00;10053;0;100;50;100;0;1;1;4;1;7;1;5;8;1;3;1;2;4;3;1;76;44;84;109;2.18;0.99;3.17;1;0;1;0;0;0;1;1;0;0;1;1;0;0;-1;-1;-1;-1;-1;-1;-1;-1;-1;100;100;100;100;100;100;100;100;100;6;0;4;7.5;Petržalka akadémia;Žilina II;1.33;1.36;3;3;3;1.5;0;0;0;0;0;100;100;100;1.88;1.38;3.26;2261;18;Y;Y;Y;Y;N;N;Y
2333888;2021;2028;2019/2020;complete;90407;18;-1;27,74;77;2;1;3;5;5;10;-1;-1;-1;-1;-1;-1;4;5;4;2;8;7;-1;-1;56;44;-1;-1;1.22;4;4;0;0;2;0;0;0;0;1.8;0;0;2.1;1.67;0;0;0;0;1.12;1.22;2.38;2.2;2.2;5;1.83;2.5;5;0;0;0;0;0;0;0;0;0;0;0;0;0;0;0;0;0;0;2.4;9.5;0;0;0;0;0;0;0;0;0;0;0;0;0;0;0;0;0;0;0;0;3;1;0;1;1;2;1;2020-03-08 13:30:00;2021;0;48;27;7;0;1;-1;1;2;4;3;3;7;-1;-1;-1;-1;-1;-1;1;73;57;128;105;1.33;1.21;2.54;-1;-1;-1;-1;-1;-1;-1;1;0;0;0;1;-1;-1;-1;-1;-1;-1;-1;-1;-1;-1;-1;7;28;53;67;93;60;81;73;15;10.53;0;4.24;2.48;Slavoj Trebišov;Partizán Bardejov;1.5;0.78;1.29;0.88;0.71;1.24;93;73;48;34;7;54;47;38;1.91;1.31;3.22;2261;18;Y;Y;Y;N;N;N;Y
2333889;2005;2024;2019/2020;complete;90407;4;-1;21,54,62,75;;4;0;4;9;3;12;-1;-1;1;2;0;0;7;3;5;7;12;10;-1;-1;52;48;1;2;1.65;3.3;2.1;0;0;1.7;0;0;0;0;2.1;0;0;1.57;2.25;0;0;0;0;1.4;1.33;1.57;2.88;2.25;3.1;2.5;2.5;3.1;0;0;0;0;0;0;0;0;0;0;0;0;0;0;0;0;0;0;4.5;5.5;0;0;0;0;0;0;0;0;0;0;0;0;0;0;0;0;0;0;0;0;4;1;0;3;0;3;1;2019-08-09 17:00:00;2005;0;75;50;25;0;1;1;5;1;4;2;6;6;1;1;0;1;2;1;1;73;71;119;117;1.78;1.36;3.14;0;0;0;0;0;0;1;1;0;0;1;1;0;0;-1;-1;-1;-1;-1;-1;-1;-1;-1;0;0;100;100;100;75;75;100;25;11;0;3;3;Podbrezová;Liptovský Mikuláš;2.33;1.11;1.5;3;1;2;100;100;0;0;0;75;75;0;1.57;2.23;3.8;2261;18;Y;Y;Y;Y;N;N;N
2333890;11211;2028;2019/2020;complete;90407;4;-1;63;15,43;1;2;3;9;5;14;-1;-1;2;3;0;0;6;6;5;3;11;9;-1;-1;50;50;2;3;1.29;3.6;3.3;0;0;1.8;0;0;0;0;2;0;0;1.67;2.1;0;0;0;0;1.14;1.25;2.1;2.2;2.3;4.5;2;2.63;4.33;0;0;0;0;0;0;0;0;0;0;0;0;0;0;0;0;0;0;2.8;9.5;0;0;0;0;0;0;0;0;0;0;0;0;0;0;0;0;0;0;0;0;3;0;2;1;0;1;2;2019-08-10 15:00:00;2028;0;50;0;50;0;1;1;4;4;5;1;8;6;1;0;1;3;1;4;1;89;41;106;75;1.76;1.29;3.04;0;0;0;0;0;0;1;1;0;0;0;0;0;0;-1;-1;-1;-1;-1;-1;-1;-1;-1;0;50;50;50;100;0;0;100;50;16;0;1;2.5;FK Košice;Partizán Bardejov;1.63;0.78;1;0;0.33;0.33;100;50;50;50;0;50;50;50;1.86;1.56;3.42;2261;17;Y;Y;Y;N;N;N;Y
2333891;2027;2004;2019/2020;complete;90407;4;-1;62;39,90;1;2;3;5;0;5;-1;-1;2;2;0;0;7;4;8;1;15;5;-1;-1;50;50;2;2;1.45;3.4;2.55;0;0;2.15;0;0;0;0;1.67;0;0;1.73;2;0;0;0;0;1.3;1.29;1.73;2.62;2.1;4;2.4;2.4;3.6;0;0;0;0;0;0;0;0;0;0;0;0;0;0;0;0;0;0;3.25;5.75;0;0;0;0;0;0;0;0;0;0;0;0;0;0;0;0;0;0;0;0;3;0;1;1;1;2;1;2019-08-10 17:00:00;2004;0;25;25;0;0;-1;1;-1;-1;-1;-1;-1;-1;1;1;1;1;2;2;1;62;17;118;88;1.89;0.74;2.62;0;0;0;0;0;0;1;1;0;0;-1;-1;1;1;-1;-1;-1;-1;-1;-1;-1;-1;-1;25;75;75;75;100;75;100;75;75;11.5;0;3;3.5;Poprad;Skalica;1.8;1;3;0;3;2;75;25;25;25;0;25;25;25;2.49;1.47;3.96;2261;21;Y;Y;Y;N;N;N;Y
2333892;11049;10052;2019/2020;complete;90407;4;-1;74;39,43;1;2;3;-1;-1;-1;-1;-1;2;1;0;0;-1;-1;-1;-1;-1;-1;-1;-1;-1;-1;2;1;3.3;3.3;2;0;0;0;0;0;0;0;0;0;0;0;0;0;0;0;0;1.57;1.3;1.36;3.25;2.25;2.75;0;0;0;0;0;0;0;0;0;0;0;0;0;0;0;0;0;0;0;0;0;0;0;0;0;0;0;0;0;0;0;0;0;0;0;0;0;0;0;0;0;0;0;3;0;2;1;0;1;2;2019-08-28 15:00:00;10052;0;50;25;25;0;-1;1;-1;-1;-1;-1;-1;-1;1;0;1;1;1;2;-1;0;0;0;0;0;0;0;0;0;0;0;0;0;1;1;0;0;-1;-1;0;0;-1;-1;-1;-1;-1;-1;-1;-1;-1;0;0;25;100;100;25;75;100;25;8;0;4;2.25;Púchov;Dukla Banská Bystrica;2;2;0.5;3;0.4;2.4;100;100;75;0;0;100;75;50;1.64;1.68;3.32;2261;18;Y;Y;Y;N;N;N;Y
2333893;11218;2047;2019/2020;complete;90407;4;-1;10,44;3,33,41,54;2;4;6;13;2;15;-1;-1;2;3;0;0;7;8;15;3;22;11;-1;-1;58;42;2;3;1.33;3.8;3;0;0;1.57;0;0;0;0;2.35;0;0;1.53;2.5;0;0;0;0;1.2;1.22;2;2.2;2.5;4;2;2.75;3.75;0;0;0;0;0;0;0;0;0;0;0;0;0;0;0;0;0;0;3.5;8.5;0;0;0;0;0;0;0;0;0;0;0;0;0;0;0;0;0;0;0;0;6;2;3;0;1;1;5;2019-08-11 08:30:00;2047;0;100;100;0;0;1;1;7;1;6;1;8;7;1;0;1;3;1;4;1;104;67;128;91;2.62;1.74;4.36;1;0;1;0;0;0;1;1;1;1;1;0;0;0;-1;-1;-1;-1;-1;-1;-1;-1;-1;100;100;100;100;100;100;100;50;50;9;0;4;5.5;Ružomberok II;Dubnica;1.33;1.45;3;3;2;3;0;0;0;0;0;100;50;50;2.24;1.73;3.97;2261;18;Y;Y;Y;Y;Y;Y;Y
2333894;2023;10053;2019/2020;complete;90407;4;-1;41,84;88;2;1;3;1;9;10;-1;-1;1;0;0;1;6;9;9;8;15;17;-1;-1;50;50;1;2;2.6;3.6;1.44;0;0;1.6;0;0;0;0;2.3;0;0;1.44;2.63;0;0;0;0;1.73;1.25;1.33;3.6;2.38;2.4;3.3;2.8;2.2;0;0;0;0;0;0;0;0;0;0;0;0;0;0;0;0;0;0;7.5;4.2;0;0;0;0;0;0;0;0;0;0;0;0;0;0;0;0;0;0;0;0;3;1;0;1;1;2;1;2019-08-11 08:30:00;2023;0;50;0;0;0;1;1;0;0;1;9;0;10;0;1;1;0;1;1;1;45;53;79;81;1.69;2.08;3.77;1;1;1;1;0;0;1;1;0;0;0;0;0;0;-1;-1;-1;-1;-1;-1;-1;-1;-1;0;0;50;50;50;0;50;50;50;5;0;4;1.5;Šamorín;Petržalka akadémia;2.11;0.56;0;3;0;3;50;50;0;0;0;50;50;0;0;1.14;1.14;2261;18;Y;Y;Y;N;N;N;Y
2333895;2037;2029;2019/2020;complete;90407;4;-1;;25;0;1;1;7;6;13;-1;-1;0;3;0;0;6;5;4;14;10;19;-1;-1;55;45;0;3;1.36;3.6;2.88;0;0;1.65;0;0;0;0;2.2;0;0;1.57;2.25;0;0;0;0;1.3;1.25;1.8;2.4;2.38;3.6;2.1;2.7;3.6;0;0;0;0;0;0;0;0;0;0;0;0;0;0;0;0;0;0;0;0;0;0;0;0;0;0;0;0;0;0;0;0;0;0;0;0;0;0;0;0;1;0;1;0;0;0;1;2019-08-11 15:00:00;2029;0;50;50;0;0;1;1;2;2;5;4;4;9;0;0;0;3;0;3;1;18;33;36;48;1.18;1.77;2.95;0;0;0;0;0;0;1;1;0;0;0;0;0;0;-1;-1;-1;-1;-1;-1;-1;-1;-1;50;100;100;100;100;100;100;100;100;10;0;3;4.5;Slovan Bratislava II;Komárno;1.7;0.44;3;0;1;1.33;50;0;0;0;0;50;50;50;1.22;1.62;2.84;2261;18;Y;N;N;N;N;N;N
2333896;2026;2021;2019/2020;complete;90407;4;-1;39,49,67;20,90;3;2;5;6;5;11;-1;-1;1;2;0;0;10;5;15;14;25;19;-1;-1;50;50;1;2;1.29;4.5;3.3;0;0;1.3;0;0;0;0;3.5;0;0;1.33;3;0;0;0;0;1.12;1.14;2.5;1.95;2.75;4.33;1.91;3;3.75;0;0;0;0;0;0;0;0;0;0;0;0;0;0;0;0;0;0;4;13;0;0;0;0;0;0;0;0;0;0;0;0;0;0;0;0;0;0;0;0;5;1;1;2;1;3;2;2019-08-11 08:30:00;2026;0;100;84;34;0;1;1;1;3;5;2;4;7;1;2;0;0;3;0;1;84;65;116;102;2.87;2.01;4.89;0;0;0;0;0;0;1;1;0;0;1;0;0;0;-1;-1;-1;-1;-1;-1;-1;-1;-1;67;84;84;100;100;84;84;34;34;12.5;0;3;5.34;Žilina II;Slavoj Trebišov;1.9;0.3;0;0.67;1;0.67;34;17;17;0;0;100;50;50;2.95;1.54;4.49;2261;18;Y;Y;Y;Y;Y;N;Y
2333897;10052;2037;2019/2020;complete;90407;5;-1;39,64,79;;3;0;3;-1;-1;-1;-1;-1;2;3;0;0;-1;-1;-1;-1;-1;-1;-1;-1;-1;-1;2;3;1.2;4.2;4;1.03;1.17;1.65;2.63;5;10.5;4.5;2.2;1.44;1.14;1.67;2.1;0;0;0;0;1.13;1.17;2.3;2;2.3;5;1.83;2.8;4.5;0;0;0;0;0;0;0;0;0;0;0;0;0;0;0;1.44;13;2.88;0;0;0;0;0;0;0;0;0;0;0;0;0;0;0;0;0;0;0;0;0;0;3;1;0;2;0;2;1;2019-08-17 15:00:00;10052;0;34;17;17;0;-1;1;-1;-1;-1;-1;-1;-1;1;1;1;2;2;3;-1;0;0;0;0;0;0;0;0;0;0;0;0;0;1;1;0;0;-1;-1;0;0;-1;-1;-1;-1;-1;-1;-1;-1;-1;50;50;50;75;100;34;84;75;50;17.83;0;2.5;3.59;Dukla Banská Bystrica;Slovan Bratislava II;2.36;0;2;0;2;0.75;50;50;50;25;0;75;75;75;3.09;0.98;4.07;2261;18;Y;Y;Y;N;N;N;N
2333898;2028;2026;2019/2020;complete;90407;5;-1;72;35,57;1;2;3;3;3;6;-1;-1;3;1;0;0;9;5;17;1;26;6;-1;-1;52;48;3;1;1.45;3.75;2.55;0;0;1.33;0;0;0;0;3.4;0;0;1.33;3;0;0;0;0;1.25;1.22;1.8;2.3;2.62;3.4;2.2;2.88;3.2;0;0;0;0;0;0;0;0;0;0;0;0;0;0;0;0;0;0;4.5;8.5;0;0;0;0;0;0;0;0;0;0;0;0;0;0;0;0;0;0;0;0;3;0;1;1;1;2;1;2019-08-16 15:00:00;2026;0;100;25;25;0;1;1;0;1;3;2;1;5;0;0;3;1;0;4;1;96;55;117;102;2.95;1.14;4.09;0;0;0;0;0;0;1;1;0;0;0;0;0;0;-1;-1;-1;-1;-1;-1;-1;-1;-1;25;50;75;100;100;50;100;75;75;6;0;6.5;4;Partizán Bardejov;Žilina II;1.56;1.36;0.5;1.5;1;1.5;75;50;25;0;0;100;100;50;1.31;1.19;2.5;2261;18;Y;Y;Y;N;N;N;Y
2333905;2047;11049;2019/2020;complete;90407;5;-1;4;;1;0;1;-1;-1;-1;-1;-1;4;2;0;0;-1;-1;-1;-1;-1;-1;-1;-1;-1;-1;4;2;1.11;5;5.5;1.02;1.14;1.53;2.5;4.5;12;5;2.45;1.5;1.17;1.67;2.1;0;0;0;0;1.07;1.13;2.88;1.83;2.4;6;1.62;3;5.5;0;0;0;0;0;0;0;0;0;0;0;0;0;0;0;1.3;15;3.5;0;0;0;0;0;0;0;0;0;0;0;0;0;0;0;0;0;0;0;0;0;0;1;1;0;0;0;0;1;2019-08-17 15:00:00;2047;0;50;25;25;0;-1;1;-1;-1;-1;-1;-1;-1;1;0;3;2;1;5;-1;0;0;0;0;0;0;0;1;0;1;0;0;0;1;1;1;0;-1;-1;0;0;-1;-1;-1;-1;-1;-1;-1;-1;-1;25;50;50;50;100;25;25;100;50;6;0;5;2.75;Dubnica;Púchov;2.73;0.8;3;0.5;3;0.33;75;50;50;50;0;25;25;25;2.54;0.57;3.11;2261;18;Y;N;N;N;N;N;N
2333906;2029;2005;2019/2020;complete;90407;5;-1;90;;1;0;1;-1;-1;-1;-1;-1;3;3;0;0;-1;-1;-1;-1;-1;-1;-1;-1;-1;-1;3;3;1.8;3.5;1.91;1.04;1.25;1.87;3;6;9.5;3.5;1.9;1.33;1.11;1.62;2.2;0;0;0;0;1.4;1.25;1.44;3;2.1;3.3;2.7;2.4;3;0;0;0;0;0;0;0;0;0;0;0;0;0;0;0;1.91;10;2;0;0;0;0;0;0;0;0;0;0;0;0;0;0;0;0;0;0;0;0;0;0;1;0;0;1;0;1;0;2019-08-17 15:00:00;2029;0;75;0;75;0;-1;1;-1;-1;-1;-1;-1;-1;1;0;2;3;1;5;-1;0;0;0;0;0;0;0;0;0;0;0;0;0;1;1;0;0;-1;-1;0;0;-1;-1;-1;-1;-1;-1;-1;-1;-1;0;75;75;100;100;0;75;100;75;12.5;0;8;3.5;Komárno;Podbrezová;1.78;0.56;2;0;1.75;1.5;100;25;25;0;0;25;25;0;1.47;1.16;2.63;2261;18;Y;N;N;N;N;N;N
2333907;2024;2027;2019/2020;complete;90407;5;-1;;20,47;0;2;2;-1;-1;-1;-1;-1;3;2;0;0;-1;-1;-1;-1;-1;-1;-1;-1;-1;-1;3;2;1.95;3.5;1.75;1.04;1.25;1.87;3.2;6;9.5;3.5;1.9;1.3;1.11;1.62;2.2;0;0;0;0;1.5;1.25;1.4;3.25;2.1;3;2.88;2.5;2.75;0;0;0;0;0;0;0;0;0;0;0;0;0;0;0;2;10;1.91;0;0;0;0;0;0;0;0;0;0;0;0;0;0;0;0;0;0;0;0;0;0;2;0;1;0;1;1;1;2019-08-17 15:00:00;2027;0;0;0;0;0;-1;1;-1;-1;-1;-1;-1;-1;1;0;2;2;1;4;-1;0;0;0;0;0;0;0;0;0;0;0;0;0;1;1;0;0;-1;-1;0;0;-1;-1;-1;-1;-1;-1;-1;-1;-1;0;0;50;100;100;75;100;75;0;11;0;5.5;2.5;Liptovský Mikuláš;Poprad;1.78;1.18;1.5;3;1.5;2.25;100;100;50;0;0;0;0;0;2.62;1.76;4.38;2261;18;Y;Y;N;N;N;N;N
2333908;2004;11211;2019/2020;complete;90407;5;-1;43;;1;0;1;5;5;10;-1;-1;0;1;0;0;4;5;5;5;9;10;-1;-1;50;50;0;1;1.2;4.5;4;0;0;1.53;0;0;0;0;2.4;0;0;1.57;2.25;0;0;0;0;1.11;1.14;2.62;1.95;2.5;4.75;1.83;2.88;4.5;0;0;0;0;0;0;0;0;0;0;0;0;0;0;0;0;0;0;0;0;0;0;0;0;0;0;0;0;0;0;0;0;0;0;0;0;0;0;0;0;1;1;0;0;0;0;1;2019-08-17 17:00:00;2004;0;75;25;50;0;1;1;2;1;3;4;3;7;0;0;0;1;0;1;1;42;39;109;88;1.16;1.27;2.43;0;0;0;0;0;0;1;1;0;0;0;0;0;0;-1;-1;-1;-1;-1;-1;-1;-1;-1;25;50;75;75;100;25;50;100;75;9;0;2;3.25;Skalica;FK Košice;2.67;0.89;3;0;2.25;0.25;75;50;25;25;0;50;50;25;1.44;1.29;2.73;2261;17;Y;N;N;N;N;N;N
2333909;10053;11218;2019/2020;complete;90407;5;-1;86;37,45,65;1;3;4;9;0;9;-1;-1;4;2;0;0;8;7;5;7;13;14;-1;-1;56;44;4;2;1.8;4;3.75;0;0;1.57;0;0;0;0;2.35;0;0;0;0;0;0;0;0;1.25;1.22;1.91;2.3;2.4;3.75;0;0;0;0;0;0;0;0;0;0;0;0;0;0;0;0;0;0;0;0;0;0;0;0;0;0;0;0;0;0;0;0;0;0;0;0;0;0;0;0;0;0;0;4;0;2;1;1;2;2;2019-08-18 08:30:00;11218;0;75;50;25;0;-1;1;-1;-1;-1;-1;-1;-1;1;0;3;2;1;5;1;68;51;133;105;1.88;1.75;3.63;0;0;0;0;0;0;1;1;0;0;-1;-1;1;0;-1;-1;-1;-1;-1;-1;-1;-1;-1;50;75;75;100;100;75;100;75;75;11.5;0;3.5;4.75;Petržalka akadémia;Ružomberok II;1.33;1.11;3;1.5;2.25;1.5;50;25;25;0;0;75;75;75;2.03;1.86;3.89;2261;18;Y;Y;Y;Y;N;N;Y
2333910;2021;2023;2019/2020;complete;90407;5;-1;;;0;0;0;0;8;8;-1;-1;1;2;0;0;3;8;4;8;7;16;-1;-1;52;48;1;2;1.08;5;6.5;0;0;1.73;0;0;0;0;2.08;0;0;2;1.73;0;0;0;0;1.07;1.12;3.25;1.91;2.5;6;1.67;2.8;6;0;0;0;0;0;0;0;0;0;0;0;0;0;0;0;0;0;0;0;0;0;0;0;0;0;0;0;0;0;0;0;0;0;0;0;0;0;0;0;0;0;0;0;0;0;0;0;2019-08-18 15:00:00;-1;0;17;17;0;0;-1;1;-1;-1;-1;-1;-1;-1;0;1;1;1;1;2;1;69;66;102;109;1.16;2.05;3.2;0;0;0;0;0;0;1;1;0;0;-1;-1;0;1;-1;-1;-1;-1;-1;-1;-1;-1;-1;34;34;34;50;50;17;34;50;34;2.5;0;1.67;2;Slavoj Trebišov;Šamorín;1.5;0.22;0;0;0.5;0.75;17;17;17;0;0;50;50;25;0;1.3;1.3;2261;18;N;N;N;N;N;N;N
2333911;2005;10052;2019/2020;complete;90407;6;-1;;13,69;0;2;2;8;5;13;-1;-1;1;1;0;0;4;6;8;7;12;13;-1;-1;58;42;1;1;1.85;3.4;1.85;0;0;1.6;0;0;0;0;2.3;0;0;1.5;2.5;0;0;0;0;1.5;1.29;1.4;3;2.38;2.88;2.7;2.63;2.75;0;0;0;0;0;0;0;0;0;0;0;0;0;0;0;0;0;0;4.75;5;0;0;0;0;0;0;0;0;0;0;0;0;0;0;0;0;0;0;0;0;2;0;1;0;1;1;1;2019-08-23 17:00:00;10052;0;17;0;17;0;1;1;1;4;7;1;5;8;1;1;0;0;2;0;1;66;60;116;114;1.52;1.68;3.2;0;0;0;0;0;0;1;1;0;0;0;1;1;0;-1;-1;-1;-1;-1;-1;-1;-1;-1;0;17;50;50;50;17;34;50;34;5.67;0;1;1.67;Podbrezová;Dukla Banská Bystrica;2.33;2;2;0;1.2;2.25;50;34;0;0;0;34;34;17;1.64;0;1.64;2261;21;Y;Y;N;N;N;N;N
2333912;11211;2026;2019/2020;complete;90407;6;-1;64;;1;0;1;-1;-1;-1;-1;-1;2;2;0;0;-1;-1;-1;-1;-1;-1;-1;-1;-1;-1;2;2;2;3.7;3.1;0;0;0;0;0;0;0;0;0;0;0;0;0;0;0;0;0;0;0;0;0;0;0;0;0;0;0;0;0;0;0;0;0;0;0;0;0;0;0;0;0;0;0;0;0;0;0;0;0;0;0;0;0;0;0;0;0;0;0;0;0;0;0;0;0;1;0;0;1;0;1;0;2019-08-24 14:30:00;11211;0;100;0;59;0;-1;1;-1;-1;-1;-1;-1;-1;0;1;2;1;1;3;-1;0;0;0;0;0;0;0;1;0;1;0;0;0;1;1;0;0;-1;-1;0;0;-1;-1;-1;-1;-1;-1;-1;-1;-1;17;59;100;100;100;42;75;100;75;12.17;0;4;4.09;FK Košice;Žilina II;1.63;1.36;0.5;2;0.2;1.8;84;42;0;0;0;84;84;84;1.81;1.17;2.98;2261;17;Y;N;N;N;N;N;N
2333913;2027;2029;2019/2020;complete;90407;6;-1;89,90;;2;0;2;13;5;18;-1;-1;2;5;0;0;8;3;17;4;25;7;-1;-1;50;50;2;5;1.13;4.5;5.2;0;0;1.53;0;0;0;0;2.4;0;0;1.67;2.1;0;0;0;0;1.12;1.14;2.5;1.95;2.5;4.75;1.73;3;5;0;0;0;0;0;0;0;0;0;0;0;0;0;0;0;0;0;0;0;0;0;0;0;0;0;0;0;0;0;0;0;0;0;0;0;0;0;0;0;0;2;0;0;2;0;2;0;2019-08-24 17:00:00;2027;0;59;42;17;0;1;1;4;4;9;1;8;10;1;2;1;3;3;4;1;76;22;93;54;2.67;0.81;3.48;0;0;0;0;0;0;1;1;0;0;0;2;0;0;-1;-1;-1;-1;-1;-1;-1;-1;-1;42;42;59;59;100;42;100;59;59;12.67;0;3.17;3;Poprad;Komárno;1.8;0.44;2;1.5;2.4;2;59;59;42;42;0;67;67;67;2.29;1.69;3.98;2261;18;Y;Y;N;N;N;N;N
2333914;11049;10053;2019/2020;complete;90407;6;-1;65;62;1;1;2;3;6;9;-1;-1;2;2;0;0;8;6;9;4;17;10;-1;-1;50;50;2;2;2.75;3.6;2.1;0;0;1.73;0;0;0;0;2.08;0;0;0;0;0;0;0;0;1.62;1.25;1.36;3.25;2.3;2.75;0;0;0;0;0;0;0;0;0;0;0;0;0;0;0;0;0;0;0;0;0;0;0;0;0;0;0;0;0;0;0;0;0;0;0;0;0;0;0;0;0;0;0;2;0;0;1;1;2;0;2019-08-24 14:30:00;-1;0;100;50;25;0;1;1;0;5;3;1;5;4;1;0;1;2;1;3;1;83;60;127;94;2.23;1.49;3.72;0;0;0;0;0;0;1;1;0;0;0;3;0;0;-1;-1;-1;-1;-1;-1;-1;-1;-1;0;0;100;100;100;50;100;100;50;10;0;7;3;Púchov;Petržalka akadémia;2;0.56;0;1.5;0.25;1.8;100;100;0;0;0;100;100;0;1.04;1.61;2.65;2261;18;Y;Y;N;N;N;N;Y
2333915;2004;2024;2019/2020;complete;90407;6;-1;13;52;1;1;2;7;4;11;-1;-1;0;3;0;0;2;3;3;2;5;5;-1;-1;50;50;0;3;1.2;4.33;4;0;0;1.7;0;0;0;0;2.1;0;0;1.73;2;0;0;0;0;1.14;1.17;2.38;2.1;2.4;4.75;1.83;2.75;4.5;0;0;0;0;0;0;0;0;0;0;0;0;0;0;0;0;0;0;2.8;9.5;0;0;0;0;0;0;0;0;0;0;0;0;0;0;0;0;0;0;0;0;2;1;0;0;1;1;1;2019-08-24 17:00:00;-1;0;42;25;17;0;1;1;3;1;4;3;4;7;0;0;0;3;0;3;1;23;8;58;34;0.63;0.59;1.21;0;0;0;0;0;0;1;1;0;0;0;1;0;0;-1;-1;-1;-1;-1;-1;-1;-1;-1;0;42;67;67;100;25;84;84;42;11.33;0;2.67;2.75;Skalica;Liptovský Mikuláš;2.67;1.11;3;1.5;2.4;1.2;100;59;34;34;0;84;84;42;1.35;1.79;3.14;2261;18;Y;Y;N;N;N;N;Y
2333916;11218;2021;2019/2020;complete;90407;6;-1;51,83;85;2;1;3;6;6;12;-1;-1;3;5;0;0;6;3;4;0;10;3;-1;-1;56;44;3;5;1.5;4;2.4;0;0;1.48;0;0;0;0;2.6;0;0;1.4;2.75;0;0;0;0;1.33;1.2;1.8;2.4;2.5;3.4;2.25;2.8;3.2;0;0;0;0;0;0;0;0;0;0;0;0;0;0;0;0;0;0;4.4;7;0;0;0;0;0;0;0;0;0;0;0;0;0;0;0;0;0;0;0;0;3;0;0;2;1;3;0;2019-08-25 08:30:00;11218;0;100;88;38;0;1;1;5;2;1;4;7;5;2;1;1;4;3;5;1;86;45;93;83;1.67;0.74;2.41;0;0;0;0;0;0;1;1;0;0;0;1;0;1;-1;-1;-1;-1;-1;-1;-1;-1;-1;75;88;88;100;100;88;88;88;63;15.33;0;3;5.13;Ružomberok II;Slavoj Trebišov;1.33;0.3;1.5;0.5;1.8;0.6;25;13;13;0;0;100;100;100;2.43;1.7;4.13;2261;18;Y;Y;Y;N;N;N;Y
2333917;2023;2028;2019/2020;complete;90407;6;-1;19,45;45,90;2;2;4;3;5;8;-1;-1;1;1;0;0;7;3;12;9;19;12;-1;-1;50;50;1;1;1.5;3.5;2.4;0;0;1.65;0;0;0;0;2.2;0;0;1.57;2.25;0;0;0;0;1.33;1.25;1.67;2.5;2.3;3.5;2.4;2.5;3.3;0;0;0;0;0;0;0;0;0;0;0;0;0;0;0;0;0;0;4.25;6.5;0;0;0;0;0;0;0;0;0;0;0;0;0;0;0;0;0;0;0;0;4;2;1;0;1;1;3;2019-08-25 08:30:00;-1;0;75;0;50;0;1;1;2;3;1;2;5;3;0;0;1;1;0;2;1;89;64;106;113;2.32;1.44;3.76;0;0;0;0;0;0;1;1;0;0;0;0;0;0;-1;-1;-1;-1;-1;-1;-1;-1;-1;0;0;75;75;100;25;75;100;50;5.5;0;3;2.5;Šamorín;Partizán Bardejov;2.11;0.78;3;1.5;0.8;0.8;100;100;25;25;0;75;75;25;1.69;1.42;3.11;2261;18;Y;Y;Y;Y;N;N;Y
2333918;2037;2047;2019/2020;complete;90407;6;-1;;12,62;0;2;2;5;6;11;-1;-1;0;1;0;0;6;6;5;9;11;15;-1;-1;56;44;0;1;2.88;4;1.36;0;0;1.62;0;0;0;0;2.25;0;0;1.53;2.38;0;0;0;0;1.83;1.2;1.29;3.6;2.4;2.4;3.6;2.7;2.2;0;0;0;0;0;0;0;0;0;0;0;0;0;0;0;0;0;0;8;3.5;0;0;0;0;0;0;0;0;0;0;0;0;0;0;0;0;0;0;0;0;2;0;1;0;1;1;1;2019-08-24 08:30:00;2047;0;50;50;0;0;1;1;4;5;1;1;9;2;0;0;0;1;0;1;1;24;25;47;52;1.28;1.54;2.82;0;1;0;1;0;0;1;1;0;0;0;0;0;0;-1;-1;-1;-1;-1;-1;-1;-1;-1;50;75;75;75;100;75;100;50;25;7.5;0;4;4.25;Slovan Bratislava II;Dubnica;1.7;1.45;1.5;3;0.6;3;50;25;25;25;0;75;50;50;1.2;1.73;2.93;2261;18;Y;Y;N;N;N;N;N
2333919;10052;2027;2019/2020;complete;90407;7;-1;42,79;;2;0;2;-1;-1;-1;-1;-1;0;3;0;0;-1;-1;-1;-1;-1;-1;-1;-1;-1;-1;0;3;1.8;3.5;1.91;1.04;1.25;1.9;3.2;6;9.5;3.5;1.9;1.3;1.11;1.67;2.1;0;0;0;0;1.4;1.25;1.44;3;2.1;3.3;2.7;2.4;3;0;0;0;0;0;0;0;0;0;0;0;0;0;0;0;1.91;10;2;0;0;0;0;0;0;0;0;0;0;0;0;0;0;0;0;0;0;0;0;0;0;2;1;0;1;0;1;1;2019-08-31 14:30:00;10052;0;25;13;13;0;-1;1;-1;-1;-1;-1;-1;-1;0;1;0;2;1;2;-1;0;0;0;0;0;0;0;0;0;0;0;0;0;1;1;0;0;-1;-1;0;0;-1;-1;-1;-1;-1;-1;-1;-1;-1;38;38;75;100;100;50;88;100;50;19.33;0;3.75;3.75;Dukla Banská Bystrica;Poprad;2.36;1.18;2.25;3;2.5;2.5;63;63;25;0;0;50;50;50;3.09;1.76;4.85;2261;21;Y;Y;N;N;N;N;N
2333920;2028;11218;2019/2020;complete;90407;7;-1;38,67;;2;0;2;2;2;4;-1;-1;2;2;0;0;6;3;8;1;14;4;-1;-1;43;57;2;2;1.75;3.6;1.95;0;0;1.65;0;0;0;0;2.2;0;0;1.5;2.5;0;0;0;0;1.4;1.25;1.57;2.75;2.3;3.1;2.6;2.7;2.8;0;0;0;0;0;0;0;0;0;0;0;0;0;0;0;0;0;0;4.6;5.5;0;0;0;0;0;0;0;0;0;0;0;0;0;0;0;0;0;0;0;0;2;1;0;1;0;1;1;2019-08-30 14:30:00;2028;0;84;33;33;0;-1;1;-1;-1;-1;-1;-1;-1;0;0;2;2;0;4;1;66;71;125;132;1.79;0.99;2.78;0;0;0;0;0;0;1;1;0;0;-1;-1;0;0;-1;-1;-1;-1;-1;-1;-1;-1;-1;17;34;67;100;100;67;100;67;67;6;0;4.67;3.17;Partizán Bardejov;Ružomberok II;1.56;1.11;0.33;2;0.83;2;84;67;33;0;0;59;42;17;2.13;1.82;3.95;2261;18;Y;Y;N;N;N;N;N
2333921;2047;2005;2019/2020;complete;90407;7;-1;11,50,65;59;3;1;4;-1;-1;-1;-1;-1;5;2;2;0;-1;-1;-1;-1;-1;-1;-1;-1;-1;-1;7;2;1.29;4;3.3;1.04;1.25;1.87;3;6;9.5;3.5;1.9;1.33;1.11;1.73;2;0;0;0;0;1.17;1.2;2.1;2.2;2.2;5;2;2.6;4.5;0;0;0;0;0;0;0;0;0;0;0;0;0;0;0;1.5;10;2.8;0;0;0;0;0;0;0;0;0;0;0;0;0;0;0;0;0;0;0;0;0;0;4;1;0;2;1;3;1;2019-08-31 14:30:00;2047;0;42;17;25;0;-1;1;-1;-1;-1;-1;-1;-1;2;1;5;1;3;6;-1;0;0;0;0;0;0;0;0;0;0;0;0;0;1;1;0;0;-1;-1;0;0;-1;-1;-1;-1;-1;-1;-1;-1;-1;17;42;42;42;100;17;59;84;42;11;0;5.83;2.42;Dubnica;Podbrezová;2.73;0.56;3;0;3;1;84;59;59;59;0;0;0;0;2.54;1.16;3.7;2261;21;Y;Y;Y;Y;N;N;Y
2333922;2029;2004;2019/2020;complete;90407;7;-1;50;81;1;1;2;-1;-1;-1;-1;-1;4;2;0;0;-1;-1;-1;-1;-1;-1;-1;-1;-1;-1;4;2;1.85;3.4;1.85;1.05;1.25;1.9;3.2;6;8.5;3.5;1.87;1.3;1.1;1.67;2.1;0;0;0;0;1.44;1.25;1.44;3.1;2.1;3.25;2.8;2.4;2.88;0;0;0;0;0;0;0;0;0;0;0;0;0;0;0;1.91;9.5;2;0;0;0;0;0;0;0;0;0;0;0;0;0;0;0;0;0;0;0;0;0;0;2;0;0;1;1;2;0;2019-08-31 14:30:00;-1;0;42;0;42;0;-1;1;-1;-1;-1;-1;-1;-1;1;0;3;2;1;5;-1;0;0;0;0;0;0;0;0;1;0;1;0;0;1;1;0;0;-1;-1;0;0;-1;-1;-1;-1;-1;-1;-1;-1;-1;0;42;67;84;100;25;67;100;67;7.5;0;6.17;2.92;Komárno;Skalica;1.78;1;2.33;1.5;1.67;2.17;100;59;34;17;0;25;25;0;1.47;1.1;2.57;2261;18;Y;Y;N;N;N;N;Y
2333923;2024;11211;2019/2020;complete;90407;7;-1;12;;1;0;1;-1;-1;-1;-1;-1;3;3;0;0;-1;-1;-1;-1;-1;-1;-1;-1;-1;-1;3;3;1.6;3.6;2.2;1.05;1.29;1.9;3.2;6;8.5;3.25;1.87;1.3;1.1;1.67;2.1;0;0;0;0;1.36;1.22;1.57;2.8;2;3.75;2.5;2.4;3.3;0;0;0;0;0;0;0;0;0;0;0;0;0;0;0;1.8;9.5;2.25;0;0;0;0;0;0;0;0;0;0;0;0;0;0;0;0;0;0;0;0;0;0;1;1;0;0;0;0;1;2019-08-31 14:30:00;2024;0;34;17;17;0;-1;1;-1;-1;-1;-1;-1;-1;1;0;2;3;1;5;-1;0;0;0;0;0;0;0;0;0;0;0;0;0;1;1;0;0;-1;-1;0;0;-1;-1;-1;-1;-1;-1;-1;-1;-1;17;17;34;84;100;33;84;67;34;9;0;3.67;2.5;Liptovský Mikuláš;FK Košice;1.78;0.89;1;0;1.17;0.67;84;84;67;17;0;34;34;0;2.62;1.28;3.9;2261;17;Y;N;N;N;N;N;N
2333924;10053;2037;2019/2020;complete;90407;7;-1;42,49,76;;3;0;3;4;4;8;-1;-1;3;2;0;0;9;2;6;3;15;5;-1;-1;49;51;3;2;1.11;4.5;5.5;0;0;1.6;0;0;0;0;2.3;0;0;1.67;2.1;0;0;0;0;1.11;1.14;2.62;1.95;2.5;5;1.62;3.1;5.5;0;0;0;0;0;0;0;0;0;0;0;0;0;0;0;0;0;0;2.45;15;0;0;0;0;0;0;0;0;0;0;0;0;0;0;0;0;0;0;0;0;3;1;0;2;0;2;1;2019-09-01 08:30:00;10053;0;50;17;34;0;1;1;1;0;3;4;1;7;0;0;3;2;0;5;1;56;41;96;83;1.98;0.76;2.74;0;0;0;0;0;0;1;1;0;0;0;0;0;0;-1;-1;-1;-1;-1;-1;-1;-1;-1;17;50;67;84;100;34;100;84;67;12.17;0;4.33;3.67;Petržalka akadémia;Slovan Bratislava II;1.33;0;2;0;1.67;0.5;84;50;34;17;0;75;59;59;1.98;0.98;2.96;2261;18;Y;Y;Y;N;N;N;N
2333925;2026;2023;2019/2020;complete;90407;7;-1;27,64,66;51;3;1;4;3;9;12;-1;-1;2;1;0;0;11;8;15;11;26;19;-1;-1;54;46;2;1;1.08;5;6.5;0;0;1.25;0;0;0;0;4;0;0;1.44;2.63;0;0;0;0;1.04;1.12;3.5;1.57;3.1;6.5;1.57;3.4;5;0;0;0;0;0;0;0;0;0;0;0;0;0;0;0;0;0;0;2.87;23;0;0;0;0;0;0;0;0;0;0;0;0;0;0;0;0;0;0;0;0;4;1;0;2;1;3;1;2019-09-01 08:30:00;2026;0;63;63;25;0;1;1;2;5;1;4;7;5;0;1;2;0;1;2;1;76;75;77;76;2.94;2.29;5.22;0;0;0;0;0;0;1;1;0;0;1;0;0;0;-1;-1;-1;-1;-1;-1;-1;-1;-1;75;75;75;88;88;63;75;63;50;10.83;0;2.75;4.25;Žilina II;Šamorín;1.9;0.22;1.5;0.25;1.5;0.83;25;25;25;13;13;84;59;42;2.91;1.55;4.46;2261;18;Y;Y;Y;Y;N;N;Y
2333926;2021;11049;2019/2020;complete;90407;7;-1;;37;0;1;1;10;6;16;-1;-1;3;3;0;0;6;4;14;11;20;15;-1;-1;57;43;3;3;1.29;3.75;3.3;0;0;1.75;0;0;0;0;2.05;0;0;1.73;2;0;0;0;0;1.2;1.22;2;2.25;2.3;4.33;2;2.6;4.33;0;0;0;0;0;0;0;0;0;0;0;0;0;0;0;0;0;0;2.9;8;0;0;0;0;0;0;0;0;0;0;0;0;0;0;0;0;0;0;0;0;1;0;1;0;0;0;1;2019-09-01 14:30:00;11049;0;17;0;17;0;1;1;2;5;8;1;7;9;1;1;2;2;2;4;1;49;36;102;86;2.03;1.49;3.52;0;0;0;0;0;0;1;1;0;0;0;0;0;0;-1;-1;-1;-1;-1;-1;-1;-1;-1;0;17;17;17;50;0;17;34;17;2;0;4;1;Slavoj Trebišov;Púchov;1.5;0.8;1;0.33;0.5;0.33;100;84;84;84;50;25;25;25;1.16;0.57;1.73;2261;18;Y;N;N;N;N;N;N
2333927;2005;10053;2019/2020;complete;90407;8;-1;33,90;;2;0;2;6;2;8;-1;-1;2;2;0;0;7;7;8;4;15;11;-1;-1;58;42;2;2;1.83;3.25;1.83;0;0;1.9;0;0;0;0;1.9;0;0;1.62;2.2;0;0;0;0;1.5;1.33;1.5;3.1;2.2;3.1;2.75;2.5;2.88;0;0;0;0;0;0;0;0;0;0;0;0;0;0;0;1.95;10;1.95;4.5;4.6;0;0;0;0;0;0;0;0;0;0;0;0;0;0;0;0;0;0;0;0;2;1;0;1;0;1;1;2019-09-06 15:00:00;2005;0;63;0;46;0;1;1;2;0;4;2;2;6;1;1;1;1;2;2;1;67;50;124;102;1.93;1.55;3.48;0;0;0;0;0;0;1;1;0;0;0;0;0;1;-1;-1;-1;-1;-1;-1;-1;-1;-1;0;13;71;100;100;13;71;100;75;12.92;0;3.67;2.84;Podbrezová;Petržalka akadémia;2.33;0.56;1.5;1.33;0.86;1.86;100;88;29;0;0;88;71;25;1.61;1.57;3.18;2261;18;Y;Y;N;N;N;N;N
2333928;11211;2023;2019/2020;complete;90407;8;-1;43;32;1;1;2;6;0;6;-1;-1;4;5;0;0;6;4;6;3;12;7;-1;-1;66;34;4;5;1.29;4;3.5;0;0;1.73;0;0;0;0;2.08;0;0;1.67;2.1;0;0;0;0;1.14;1.22;2.2;2.1;2.38;4.75;2;2.63;4.33;0;0;0;0;0;0;0;0;0;0;0;0;0;0;0;1.44;12;3;0;0;0;0;0;0;0;0;0;0;0;0;0;0;0;0;0;0;0;0;0;0;2;1;1;0;0;0;2;2019-09-07 14:00:00;-1;0;54;10;27;0;-1;1;-1;-1;-1;-1;-1;-1;1;1;3;4;2;7;1;105;28;175;88;1.95;0.94;2.89;0;0;0;0;0;0;1;1;0;0;-1;-1;0;0;-1;-1;-1;-1;-1;-1;-1;-1;-1;20;47;64;74;90;27;47;90;47;16;0;2.93;2.94;FK Košice;Šamorín;1.63;0.22;1.33;0.2;0.57;0.71;80;54;37;27;10;88;88;75;1.81;1.73;3.54;2261;17;Y;Y;N;N;N;N;Y
2333929;2024;2029;2019/2020;complete;90407;8;-1;6,31,37,45;17;4;1;5;1;5;6;-1;-1;1;3;0;0;11;5;4;4;15;9;-1;-1;57;43;1;3;1.33;3.6;3.25;0;0;1.73;0;0;0;0;2.08;0;0;1.57;2.25;0;0;0;0;1.22;1.29;2;2.3;2.3;4.33;2.2;2.6;3.75;0;0;0;0;0;0;0;0;0;0;0;0;0;0;0;1.53;12;2.75;0;0;0;0;0;0;0;0;0;0;0;0;0;0;0;0;0;0;0;0;0;0;5;4;1;0;0;0;5;2019-09-07 14:00:00;2024;0;17;17;0;0;1;1;1;0;0;5;1;5;1;1;0;2;2;2;1;87;69;133;106;2.35;1.42;3.77;0;0;0;0;0;0;1;1;1;0;0;0;0;0;-1;-1;-1;-1;-1;-1;-1;-1;-1;17;17;17;71;100;29;84;59;34;11.67;0;6.08;2.21;Liptovský Mikuláš;Komárno;1.78;0.44;1.5;1;1.43;1.57;84;84;84;29;0;50;50;50;2.62;1.4;4.02;2261;18;Y;Y;Y;Y;Y;N;Y
2333930;2027;2047;2019/2020;complete;90407;8;-1;14,65,74;70,78;3;2;5;9;5;14;-1;-1;0;2;0;0;11;6;2;1;13;7;-1;-1;50;50;0;2;1.3;3.75;3.4;0;0;1.75;0;0;0;0;2.05;0;0;1.67;2.1;0;0;0;0;1.14;1.22;2.1;2.2;2.3;4.5;1.91;2.63;4.5;0;0;0;0;0;0;0;0;0;0;0;0;0;0;0;1.44;11;2.88;2.9;9.5;0;0;0;0;0;0;0;0;0;0;0;0;0;0;0;0;0;0;0;0;5;1;0;2;2;4;1;2019-09-07 16:00:00;2027;0;59;46;13;0;1;1;4;2;5;3;6;8;0;1;0;1;1;1;1;59;36;106;79;2.02;1.13;3.15;0;0;0;0;0;0;1;1;0;0;1;0;0;0;-1;-1;-1;-1;-1;-1;-1;-1;-1;46;46;59;88;100;46;88;71;38;11.58;0;3.67;3.71;Poprad;Dubnica;1.8;1.45;2.25;3;2.14;3;54;54;42;13;0;75;59;59;2.39;1.67;4.06;2261;21;Y;Y;Y;Y;Y;N;Y
2333931;11049;2028;2019/2020;complete;90407;8;-1;6,11,90;;3;0;3;-1;-1;-1;-1;-1;0;3;0;1;-1;-1;-1;-1;-1;-1;-1;-1;-1;-1;0;4;1.83;3.3;1.83;0;0;1.8;0;0;0;0;2;0;0;1.62;2.2;0;0;0;0;1.5;1.3;1.5;3;2.25;3;2.75;2.4;2.88;0;0;0;0;0;0;0;0;0;0;0;0;0;0;0;1.95;11;1.95;0;0;0;0;0;0;0;0;0;0;0;0;0;0;0;0;0;0;0;0;0;0;3;2;0;1;0;1;2;2019-09-07 14:00:00;11049;0;84;33;17;0;-1;1;-1;-1;-1;-1;-1;-1;0;1;0;3;1;3;-1;0;0;0;0;0;0;0;0;0;0;0;0;0;1;1;1;0;-1;-1;0;0;-1;-1;-1;-1;-1;-1;-1;-1;-1;0;17;67;84;100;67;67;100;17;7.67;0;4.34;2.67;Púchov;Partizán Bardejov;2;0.78;0.33;1.33;0.71;1.14;100;84;33;17;0;67;42;17;1.64;1.43;3.07;2261;18;Y;Y;Y;N;N;N;N
2333932;2004;10052;2019/2020;complete;90407;8;-1;11,27,65;82;3;1;4;3;11;14;-1;-1;0;2;0;0;7;14;5;8;12;22;-1;-1;40;60;0;2;1.62;3.4;2.2;0;0;1.8;0;0;0;0;2;0;0;1.62;2.2;0;0;0;0;1.36;1.29;1.62;2.75;2.25;3.25;2.4;2.5;3.25;0;0;0;0;0;0;0;0;0;0;0;0;0;0;0;1.73;11;2.2;3.9;5.8;0;0;0;0;0;0;0;0;0;0;0;0;0;0;0;0;0;0;0;0;4;2;0;1;1;2;2;2019-09-07 17:00:00;2004;0;50;0;13;0;1;1;1;5;2;6;6;8;0;0;0;2;0;2;1;21;35;46;50;1.39;2.6;4;0;0;0;0;0;0;1;1;0;0;0;0;0;0;-1;-1;-1;-1;-1;-1;-1;-1;-1;0;13;38;75;100;25;88;88;13;11.5;0;1.5;2.25;Skalica;Dukla Banská Bystrica;2.67;2;2.5;3;2;2.57;100;88;63;25;0;88;88;75;1.17;1.68;2.85;2261;22;Y;Y;Y;Y;N;N;Y
2333933;11218;2026;2019/2020;complete;90407;8;-1;61;12,30,49,77;1;4;5;5;3;8;-1;-1;1;1;0;0;6;8;7;3;13;11;-1;-1;58;42;1;1;1.8;3.8;1.91;0;0;1.29;0;0;0;0;3.6;0;0;1.25;3.5;0;0;0;0;1.5;1.22;1.53;2.63;2.75;2.75;2.5;3.1;2.6;0;0;0;0;0;0;0;0;0;0;0;0;0;0;0;1.73;29;2;7;7.5;0;0;0;0;0;0;0;0;0;0;0;0;0;0;0;0;0;0;0;0;5;0;2;1;2;3;2;2019-09-07 08:30:00;2026;0;88;34;42;0;1;1;4;3;1;0;7;1;0;0;1;1;0;2;1;73;36;131;88;1.78;1.52;3.3;1;0;1;0;0;0;1;1;0;0;0;0;0;0;-1;-1;-1;-1;-1;-1;-1;-1;-1;46;59;88;88;100;46;71;100;71;10.34;0;4.42;4.21;Ružomberok II;Žilina II;1.33;1.36;2;1.5;1.71;1.71;54;42;13;13;0;84;84;84;2.18;1.17;3.35;2261;18;Y;Y;Y;Y;Y;N;Y
2333934;2037;2021;2019/2020;complete;90407;8;-1;30,52;40;2;1;3;4;6;10;-1;-1;1;2;0;0;4;9;5;5;9;14;-1;-1;48;52;1;2;1.4;3.5;2.75;0;0;1.7;0;0;0;0;2.1;0;0;1.57;2.25;0;0;0;0;1.3;1.25;1.73;2.3;2.3;4;2.1;2.7;3.6;0;0;0;0;0;0;0;0;0;0;0;0;0;0;0;1.57;12;2.6;3;8.5;0;0;0;0;0;0;0;0;0;0;0;0;0;0;0;0;0;0;0;0;3;1;1;1;0;1;2;2019-09-08 12:30:00;2037;0;50;30;40;0;1;1;1;3;3;3;4;6;0;0;1;2;0;3;1;32;38;74;82;1.08;1.79;2.87;0;0;0;0;0;0;1;1;0;0;0;2;0;0;-1;-1;-1;-1;-1;-1;-1;-1;-1;20;47;57;84;100;47;80;74;57;10.83;0;2.93;3.37;Slovan Bratislava II;Slavoj Trebišov;1.7;0.3;1;0.4;0.43;0.43;80;54;44;17;0;84;84;84;1.23;1.46;2.69;2261;18;Y;Y;Y;N;N;N;Y
2333935;10052;2024;2019/2020;complete;90407;9;-1;3,63;59;2;1;3;-1;-1;-1;-1;-1;2;2;0;0;-1;-1;-1;-1;-1;-1;-1;-1;-1;-1;2;2;1.83;3.8;3.4;0;0;0;0;0;0;0;0;0;0;0;0;0;0;0;0;0;0;0;0;0;0;0;0;0;0;0;0;0;0;0;0;0;0;0;0;0;0;0;0;0;0;0;0;0;0;0;0;0;0;0;0;0;0;0;0;0;0;0;0;0;0;0;0;0;3;1;0;1;1;2;1;2019-09-14 14:00:00;10052;0;54;27;10;0;-1;1;-1;-1;-1;-1;-1;-1;1;1;1;1;2;2;-1;0;0;0;0;0;0;0;0;0;0;0;0;0;1;1;1;0;-1;-1;0;0;-1;-1;-1;-1;-1;-1;-1;-1;-1;30;47;74;100;100;37;90;100;57;19;0;3.33;3.7;Dukla Banská Bystrica;Liptovský Mikuláš;2.36;1.11;2.4;1.33;2.25;1.63;70;54;27;0;0;100;100;84;3.09;1.39;4.48;2261;18;Y;Y;Y;N;N;N;Y
2333936;2028;2037;2019/2020;complete;90407;9;-1;7,23;;2;0;2;-1;-1;-1;-1;-1;2;3;0;0;-1;-1;-1;-1;-1;-1;-1;-1;-1;-1;2;3;1.65;4.2;3.9;0;0;0;0;0;0;0;0;0;0;0;0;0;0;0;0;0;0;0;0;0;0;0;0;0;0;0;0;0;0;0;0;0;0;0;0;0;0;0;0;0;0;0;0;0;0;0;0;0;0;0;0;0;0;0;0;0;0;0;0;0;0;0;0;0;2;2;0;0;0;0;2;2019-09-14 14:00:00;2028;0;38;13;13;0;-1;1;-1;-1;-1;-1;-1;-1;0;1;2;2;1;4;-1;0;0;0;0;0;0;0;0;0;0;0;0;0;1;1;1;0;-1;-1;0;0;-1;-1;-1;-1;-1;-1;-1;-1;-1;0;0;50;88;100;13;100;75;50;7;0;4.5;2.38;Partizán Bardejov;Slovan Bratislava II;1.56;0;1;0;1;0.75;100;100;50;13;0;33;33;17;2.02;0.91;2.93;2261;18;Y;Y;N;N;N;N;N
2333937;2047;2004;2019/2020;complete;90407;9;-1;16,85;53;2;1;3;-1;-1;-1;-1;-1;3;2;0;1;-1;-1;-1;-1;-1;-1;-1;-1;-1;-1;3;4;2.1;3.6;2.8;0;0;0;0;0;0;0;0;0;0;0;0;0;0;0;0;0;0;0;0;0;0;0;0;0;0;0;0;0;0;0;0;0;0;0;0;0;0;0;0;0;0;0;0;0;0;0;0;0;0;0;0;0;0;0;0;0;0;0;0;0;0;0;0;0;3;1;0;1;1;2;1;2019-09-14 14:00:00;2047;0;59;13;46;0;-1;1;-1;-1;-1;-1;-1;-1;1;1;2;2;2;4;-1;0;0;0;0;0;0;0;2;0;2;0;0;0;1;1;0;0;-1;-1;0;0;-1;-1;-1;-1;-1;-1;-1;-1;-1;13;42;59;75;100;29;71;88;75;6;0;5.83;2.88;Dubnica;Skalica;2.73;1;3;1.33;2.63;2.13;88;59;42;25;0;0;0;0;2.54;1.1;3.64;2261;22;Y;Y;Y;N;N;N;Y
2333938;2029;11211;2019/2020;complete;90407;9;-1;;;0;0;0;-1;-1;-1;-1;-1;1;4;0;2;-1;-1;-1;-1;-1;-1;-1;-1;-1;-1;1;6;2.1;3.5;2.9;0;0;0;0;0;0;0;0;0;0;0;0;0;0;0;0;0;0;0;0;0;0;0;0;0;0;0;0;0;0;0;0;0;0;0;0;0;0;0;0;0;0;0;0;0;0;0;0;0;0;0;0;0;0;0;0;0;0;0;0;0;0;0;0;0;0;0;0;0;0;0;0;2019-09-14 14:00:00;-1;0;50;13;38;0;-1;1;-1;-1;-1;-1;-1;-1;0;1;1;5;1;6;-1;0;0;0;0;0;0;0;0;0;0;0;0;0;1;1;0;0;-1;-1;0;0;-1;-1;-1;-1;-1;-1;-1;-1;-1;13;25;38;63;100;13;50;75;50;8.5;0;5.42;2.38;Komárno;FK Košice;1.78;0.89;2;0;1.38;0.63;88;75;63;38;0;59;59;0;1.47;1.28;2.75;2261;17;N;N;N;N;N;N;N
2333939;10053;2027;2019/2020;complete;90407;9;-1;45;52,63,84;1;3;4;4;5;9;-1;-1;3;2;0;0;2;6;2;5;4;11;-1;-1;51;49;3;2;1.85;3.2;1.85;0;0;1.65;0;0;0;0;2.2;0;0;1.57;2.25;0;0;0;0;1.5;1.33;1.4;3.1;2.25;3;2.75;2.6;2.8;0;0;0;0;0;0;0;0;0;0;0;0;0;0;0;0;0;0;5;4.8;0;0;0;0;0;0;0;0;0;0;0;0;0;0;0;0;0;0;0;0;4;1;0;0;3;3;1;2019-09-15 08:30:00;2027;0;38;13;25;0;1;1;2;2;2;3;4;5;2;1;1;1;3;2;1;54;48;107;92;0.8;1.47;2.26;0;1;0;1;0;0;1;1;0;0;0;0;1;0;-1;-1;-1;-1;-1;-1;-1;-1;-1;13;38;67;100;100;42;100;100;50;12.5;0;5.17;3.54;Petržalka akadémia;Poprad;1.33;1.18;2.25;2;1.63;2.25;88;63;34;0;0;38;25;25;1.98;1.76;3.74;2261;18;Y;Y;Y;Y;N;N;Y
2333940;2023;11218;2019/2020;complete;90407;9;-1;;78;0;1;1;9;3;12;-1;-1;1;1;0;0;9;8;7;14;16;22;-1;-1;59;41;1;1;1.91;3.6;1.8;0;0;1.65;0;0;0;0;2.2;0;0;1.44;2.63;0;0;0;0;1.5;1.25;1.5;2.88;2.5;2.88;2.8;2.7;2.63;0;0;0;0;0;0;0;0;0;0;0;0;0;0;0;0;0;0;6;5.25;0;0;0;0;0;0;0;0;0;0;0;0;0;0;0;0;0;0;0;0;1;0;0;0;1;1;0;2019-09-15 08:30:00;11218;0;75;38;38;0;1;1;8;2;1;1;10;2;1;1;0;0;2;0;1;42;30;83;77;1.94;2.16;4.1;0;0;0;0;0;0;1;1;0;0;1;0;0;1;-1;-1;-1;-1;-1;-1;-1;-1;-1;13;50;75;100;100;63;100;88;50;4;0;3;3.38;Šamorín;Ružomberok II;2.11;1.11;2;1.5;0.75;1.5;88;50;25;0;0;50;38;13;2.01;1.62;3.63;2261;18;Y;N;N;N;N;N;N
2333941;2026;11049;2019/2020;complete;90407;9;-1;33;41,75;1;2;3;7;5;12;-1;-1;1;3;0;0;11;7;6;10;17;17;-1;-1;57;43;1;3;1.11;4.2;5.5;0;0;1.44;0;0;0;0;2.7;0;0;1.57;2.25;0;0;0;0;1.05;1.14;3.4;1.67;2.88;6;1.62;3.2;5;0;0;0;0;0;0;0;0;0;0;0;0;0;0;0;0;0;0;2.62;17;0;0;0;0;0;0;0;0;0;0;0;0;0;0;0;0;0;0;0;0;3;1;1;0;1;1;2;2019-09-15 08:30:00;11049;0;63;34;46;0;1;1;4;1;3;4;5;7;0;2;1;1;2;2;1;52;42;112;95;2.22;1.87;4.09;0;0;0;0;0;0;1;1;0;0;0;0;0;0;-1;-1;-1;-1;-1;-1;-1;-1;-1;34;63;63;63;100;34;75;59;46;8.66;0;4.33;3.38;Žilina II;Púchov;1.9;0.8;2;1;1.88;1;67;38;38;38;0;84;67;67;2.92;0.87;3.79;2261;18;Y;Y;Y;N;N;N;Y
2333943;2005;2028;2019/2020;complete;90407;10;-1;26,86;32;2;1;3;7;3;10;-1;-1;1;2;0;0;10;3;14;4;24;7;-1;-1;62;38;1;2;1.5;3.6;2.5;0;0;1.85;0;0;0;0;1.95;0;0;1.67;2.1;0;0;0;0;1.33;1.29;1.8;2.6;2.2;3.75;2.2;2.5;3.75;0;0;0;0;0;0;0;0;0;0;0;0;0;0;0;1.62;10;2.5;3.3;7;0;0;0;0;0;0;0;0;0;0;0;0;0;0;0;0;0;0;0;0;3;1;1;1;0;1;2;2019-09-20 15:00:00;2005;0;34;13;9;0;1;1;3;2;4;1;5;5;0;1;1;1;1;2;1;50;32;112;84;2.57;0.89;3.46;0;0;0;0;0;0;1;1;0;0;0;0;0;0;-1;-1;-1;-1;-1;-1;-1;-1;-1;0;21;71;88;100;46;79;100;25;10.87;0;3.25;2.79;Podbrezová;Partizán Bardejov;2.33;0.78;2;1;1.33;1.22;100;79;29;13;0;47;47;37;1.67;1.43;3.1;2261;18;Y;Y;Y;N;N;N;Y
2333944;11211;11218;2019/2020;complete;90407;10;-1;41,52,56,59,65;;5;0;5;5;1;6;-1;-1;-1;-1;-1;-1;12;4;11;6;23;10;-1;-1;54;46;-1;-1;1.44;3.75;2.63;0;0;1.9;0;0;0;0;1.9;0;0;1.67;2.1;0;0;0;0;1.33;1.25;1.8;2.5;2.25;3.75;2.3;2.5;3.5;0;0;0;0;0;0;0;0;0;0;0;0;0;0;0;1.62;11;2.5;3.4;6.5;0;0;0;0;0;0;0;0;0;0;0;0;0;0;0;0;0;0;0;0;5;1;0;4;0;4;1;2019-09-20 14:00:00;11211;0;58;23;23;0;1;-1;4;0;1;1;4;2;-1;-1;-1;-1;-1;-1;1;50;48;87;89;2.64;1.26;3.9;0;0;0;0;0;0;1;1;0;0;1;0;-1;-1;-1;-1;-1;-1;-1;-1;-1;-1;-1;10;33;45;78;100;55;65;78;33;11.2;0;3.8;2.65;FK Košice;Ružomberok II;1.63;1.11;1.25;1.8;0.67;1.67;90;68;55;23;0;64;54;54;1.86;1.72;3.58;2261;17;Y;Y;Y;Y;Y;N;N
2333945;2029;10052;2019/2020;complete;90407;10;-1;44;65,67,70;1;3;4;-1;-1;-1;-1;-1;-1;-1;-1;-1;-1;-1;-1;-1;-1;-1;-1;-1;-1;-1;-1;-1;2;3.25;1.73;1.04;1.25;1.87;3;6;9.5;3.5;1.9;1.33;1.11;1.62;2.2;0;0;0;0;1.5;1.29;1.36;3.3;2.1;3;3;2.4;2.7;0;0;0;0;0;0;0;0;0;0;0;0;0;0;0;2;10;1.91;0;0;0;0;0;0;0;0;0;0;0;0;0;0;0;0;0;0;0;0;0;0;4;1;0;0;3;3;1;2019-09-21 13:30:00;10052;0;54;0;37;0;-1;-1;-1;-1;-1;-1;-1;-1;-1;-1;-1;-1;-1;-1;-1;0;0;0;0;0;0;0;0;0;0;0;0;0;1;1;0;0;-1;-1;-1;-1;-1;-1;-1;-1;-1;-1;-1;-1;-1;0;27;44;80;90;34;60;90;37;13.5;0;4.53;2.4;Komárno;Dukla Banská Bystrica;1.78;2;1.8;2;1.33;2.33;100;74;57;20;10;75;75;50;1.47;2.14;3.61;2261;18;Y;Y;Y;Y;N;N;Y
2333946;2024;2047;2019/2020;complete;90407;10;-1;24;43,82,88;1;3;4;-1;-1;-1;-1;-1;3;0;0;0;-1;-1;-1;-1;-1;-1;-1;-1;-1;-1;3;0;1.6;3.4;2.2;1.03;1.17;1.6;2.5;4.5;10.5;4.5;2.3;1.5;1.17;1.5;2.5;0;0;0;0;1.33;1.25;1.57;2.7;2.3;3.4;2.4;2.7;3;0;0;0;0;0;0;0;0;0;0;0;0;0;0;0;1.73;14;2.1;4.33;6.5;0;0;0;0;0;0;0;0;0;0;0;0;0;0;0;0;0;0;0;0;4;1;1;0;2;2;2;2019-09-21 13:30:00;2047;0;48;35;13;0;-1;1;-1;-1;-1;-1;-1;-1;2;0;1;0;2;1;-1;0;0;0;0;0;0;0;0;0;0;0;0;0;1;1;0;0;-1;-1;0;0;-1;-1;-1;-1;-1;-1;-1;-1;-1;48;48;48;90;100;45;100;58;13;8.08;0;4.9;3.58;Liptovský Mikuláš;Dubnica;1.78;1.45;1.8;2.25;1.44;2.67;53;53;53;10;0;50;38;38;2.53;1.53;4.06;2261;18;Y;Y;Y;Y;N;N;Y
2333947;2027;2021;2019/2020;complete;90407;10;-1;59,71;;2;0;2;3;0;3;-1;-1;0;1;0;1;11;3;9;9;20;12;-1;-1;60;40;0;3;1.11;5.5;6;0;0;1.53;0;0;0;0;2.4;0;0;1.73;2;0;0;0;0;1.08;1.11;3.4;1.73;2.75;6;1.57;3.1;6;0;0;0;0;0;0;0;0;0;0;0;0;0;0;0;1.22;19;4.33;0;0;0;0;0;0;0;0;0;0;0;0;0;0;0;0;0;0;0;0;0;0;2;0;0;2;0;2;0;2019-09-20 16:00:00;2027;0;73;39;49;0;-1;1;-1;-1;-1;-1;-1;-1;0;0;0;2;0;2;1;58;34;114;88;2.45;1.22;3.67;0;0;0;0;0;0;1;1;0;0;-1;-1;0;0;-1;-1;-1;-1;-1;-1;-1;-1;-1;35;42;73;90;100;39;76;83;76;14;0;3.23;3.6;Poprad;Slavoj Trebišov;1.8;0.3;2.4;0.29;2.33;0.33;66;59;27;10;0;80;80;70;2.31;1.52;3.83;2261;18;Y;Y;N;N;N;N;N
2333948;11049;2023;2019/2020;complete;90407;10;-1;29,38,58,60,87;54,76,90;5;3;8;-1;-1;-1;-1;-1;2;2;0;0;-1;-1;-1;-1;-1;-1;-1;-1;-1;-1;2;2;1.36;3.5;2.88;1.04;1.25;1.9;3.2;6;9.5;3.5;1.87;1.3;1.1;1.73;2;0;0;0;0;1.22;1.22;1.83;2.4;2.1;4.33;2.2;2.5;4;0;0;0;0;0;0;0;0;0;0;0;0;0;0;0;1.57;10;2.6;0;0;0;0;0;0;0;0;0;0;0;0;0;0;0;0;0;0;0;0;0;0;8;2;0;3;3;6;2;2019-09-21 13:30:00;11049;0;63;29;21;0;-1;1;-1;-1;-1;-1;-1;-1;1;2;1;0;3;1;-1;0;0;0;0;0;0;0;1;1;1;1;0;0;1;1;0;0;-1;-1;0;0;-1;-1;-1;-1;-1;-1;-1;-1;-1;17;25;63;92;92;54;71;84;38;7.4;0;4.17;2.88;Púchov;Šamorín;2;0.22;1;0.33;1.22;0.67;84;75;38;9;9;80;55;20;1.64;1.57;3.21;2261;18;Y;Y;Y;Y;Y;Y;Y
2333949;2004;10053;2019/2020;complete;90407;10;-1;64,82;;2;0;2;7;0;7;-1;-1;3;3;0;0;7;3;12;1;19;4;-1;-1;49;51;3;3;1.29;3.9;3.5;0;0;1.7;0;0;0;0;2.1;0;0;1.73;2;0;0;0;0;1.14;1.22;2.2;2.2;2.38;4.5;1.83;2.63;4.5;0;0;0;0;0;0;0;0;0;0;0;0;0;0;0;1.44;12;2.88;2.8;9;0;0;0;0;0;0;0;0;0;0;0;0;0;0;0;0;0;0;0;0;2;0;0;2;0;2;0;2019-09-20 17:00:00;2004;0;68;0;45;0;-1;1;-1;-1;-1;-1;-1;-1;1;1;2;2;2;4;1;25;17;46;53;1.86;0.59;2.45;0;0;0;0;0;0;1;1;0;0;-1;-1;0;0;-1;-1;-1;-1;-1;-1;-1;-1;-1;0;20;45;80;100;10;78;90;58;11.3;0;2.9;2.45;Skalica;Petržalka akadémia;2.67;0.56;2.6;1;1.89;1.44;100;80;55;20;0;78;65;30;1.21;1.57;2.78;2261;18;Y;Y;N;N;N;N;N
2333950;2037;2026;2019/2020;complete;90407;10;-1;11,81;3,30,51,88,90;2;5;7;-1;-1;-1;-1;-1;2;4;0;0;-1;-1;-1;-1;-1;-1;-1;-1;-1;-1;2;4;2.8;3.6;2.1;0;0;0;0;0;0;0;0;0;0;0;0;0;0;0;0;0;0;0;0;0;0;0;0;0;0;0;0;0;0;0;0;0;0;0;0;0;0;0;0;0;0;0;0;0;0;0;0;0;0;0;0;0;0;0;0;0;0;0;0;0;0;0;0;0;7;1;2;1;3;4;3;2019-09-21 13:30:00;2026;0;53;13;30;0;-1;1;-1;-1;-1;-1;-1;-1;2;2;0;2;4;2;-1;0;0;0;0;0;0;0;2;1;2;1;0;0;1;1;0;1;-1;-1;0;1;-1;-1;-1;-1;-1;-1;-1;-1;-1;20;43;65;78;100;45;90;88;53;7;0;2.9;3.25;Slovan Bratislava II;Žilina II;1.7;1.36;1.5;1.8;0.67;1.67;80;58;35;23;0;63;63;50;1.19;1.26;2.45;2261;18;Y;Y;Y;Y;Y;Y;Y
2333951;10052;11211;2019/2020;complete;90407;11;-1;11,26,36;19;3;1;4;-1;-1;-1;-1;-1;1;1;0;0;-1;-1;-1;-1;-1;-1;-1;-1;-1;-1;1;1;1.29;4;3.5;0;0;1.78;0;0;0;0;2.03;0;0;1.67;2.1;0;0;0;0;1.2;1.2;2.1;2.2;2.3;4.75;1.91;2.63;4.5;0;0;0;0;0;0;0;0;0;0;0;0;0;0;0;1.44;11;3;0;0;0;0;0;0;0;0;0;0;0;0;0;0;0;0;0;0;0;0;0;0;4;3;1;0;0;0;4;2019-09-28 13:30:00;10052;0;45;19;27;0;-1;1;-1;-1;-1;-1;-1;-1;0;0;1;1;0;2;-1;0;0;0;0;0;0;0;0;0;0;0;0;0;1;1;0;0;-1;-1;0;0;-1;-1;-1;-1;-1;-1;-1;-1;-1;35;35;62;70;90;27;72;70;62;17.33;0;3.92;3.09;Dukla Banská Bystrica;FK Košice;2.36;0.89;2.5;0.2;2.4;0.9;65;65;39;30;10;84;84;50;3.09;1.28;4.37;2261;17;Y;Y;Y;Y;N;N;Y
2333952;2028;2027;2019/2020;complete;90407;11;-1;29;;1;0;1;-1;-1;-1;-1;-1;0;3;0;0;-1;-1;-1;-1;-1;-1;-1;-1;-1;-1;0;3;2;3.3;1.73;0;0;1.98;0;0;0;0;1.83;0;0;1.73;2;0;0;0;0;1.53;1.3;1.36;3.4;2.1;3;3.3;2.4;2.6;0;0;0;0;0;0;0;0;0;0;0;0;0;0;0;2;9.5;2;0;0;0;0;0;0;0;0;0;0;0;0;0;0;0;0;0;0;0;0;0;0;1;1;0;0;0;0;1;2019-09-28 13:30:00;2028;0;43;10;10;0;-1;1;-1;-1;-1;-1;-1;-1;0;1;0;2;1;2;-1;0;0;0;0;0;0;0;0;0;0;0;0;0;1;1;0;0;-1;-1;0;0;-1;-1;-1;-1;-1;-1;-1;-1;-1;0;13;45;100;100;33;100;80;33;8.33;0;4.9;2.58;Partizán Bardejov;Poprad;1.56;1.18;1.4;2.25;1.1;2.4;100;88;55;0;0;42;17;0;2.02;1.61;3.63;2261;18;Y;N;N;N;N;N;N
2333953;2047;2029;2019/2020;complete;90407;11;-1;5,47,51,74;62;4;1;5;3;5;8;-1;-1;1;1;0;0;10;4;3;3;13;7;-1;-1;52;48;1;1;1.22;4.75;4;0;0;1.53;0;0;0;0;2.4;0;0;1.67;2.1;0;0;0;0;1.14;1.14;2.38;2.1;2.5;4.33;1.73;2.88;5;0;0;0;0;0;0;0;0;0;0;0;0;0;0;0;0;0;0;2.7;11;0;0;0;0;0;0;0;0;0;0;0;0;0;0;0;0;0;0;0;0;5;1;0;3;1;4;1;2019-09-27 14:00:00;2047;0;55;35;20;0;1;1;2;0;1;5;2;6;0;0;1;1;0;2;1;28;30;76;62;1.72;0.94;2.67;0;0;0;0;0;0;1;1;1;0;0;0;0;0;-1;-1;-1;-1;-1;-1;-1;-1;-1;35;45;55;68;100;35;78;65;55;9.5;0;6.65;3.03;Dubnica;Komárno;2.73;0.44;3;0.75;2.7;1.2;65;55;45;33;0;38;38;38;2.54;1.41;3.95;2261;18;Y;Y;Y;Y;Y;N;Y
2333954;10053;2024;2019/2020;complete;90407;11;-1;22,25,39,90;36,42,51;4;3;7;2;7;9;-1;-1;2;1;0;1;8;9;8;2;16;11;-1;-1;50;50;2;3;1.36;3.6;3;0;0;1.67;0;0;0;0;2.15;0;0;1.57;2.25;0;0;0;0;1.2;1.25;2;2.3;2.38;4;2;2.7;3.75;0;0;0;0;0;0;0;0;0;0;0;0;0;0;0;1.53;12;2.63;3.25;9;0;0;0;0;0;0;0;0;0;0;0;0;0;0;0;0;0;0;0;0;7;3;2;1;1;2;5;2019-09-29 08:30:00;10053;0;78;23;33;0;1;1;0;4;2;3;4;5;1;0;1;2;1;3;1;56;51;105;96;1.98;1.7;3.67;0;0;0;0;0;0;1;1;0;0;0;0;0;0;-1;-1;-1;-1;-1;-1;-1;-1;-1;10;53;88;100;100;33;100;100;75;11.47;0;4.85;3.8;Petržalka akadémia;Liptovský Mikuláš;1.33;1.11;1.8;1;1.3;1.3;90;48;13;0;0;90;70;54;1.74;1.39;3.13;2261;18;Y;Y;Y;Y;Y;Y;Y
2333955;11218;11049;2019/2020;complete;90407;11;-1;20,51;;2;0;2;6;5;11;-1;-1;1;2;0;1;12;5;4;5;16;10;-1;-1;50;50;1;3;1.36;3.8;3;0;0;1.67;0;0;0;0;2.15;0;0;1.67;2.1;0;0;0;0;1.22;1.22;1.91;2.3;2.38;4;1.91;2.8;4.33;0;0;0;0;0;0;0;0;0;0;0;0;0;0;0;1.53;13;2.63;3.5;8;0;0;0;0;0;0;0;0;0;0;0;0;0;0;0;0;0;0;0;0;2;1;0;1;0;1;1;2019-09-29 08:30:00;11218;0;70;35;35;0;1;1;4;2;2;3;6;5;1;1;0;2;2;2;1;100;57;144;136;2.58;1.41;3.99;0;0;0;0;0;0;1;1;0;0;1;0;0;0;-1;-1;-1;-1;-1;-1;-1;-1;-1;38;48;70;70;100;48;68;80;48;11.5;0;4.5;3.38;Ružomberok II;Púchov;1.33;0.8;1.5;1.4;1.5;1.4;63;53;30;30;0;75;75;75;2.08;1.12;3.2;2261;18;Y;Y;N;N;N;N;N
2333956;2023;2037;2019/2020;complete;90407;11;-1;36,37,56;;3;0;3;7;2;9;-1;-1;4;5;0;1;9;3;3;3;12;6;-1;-1;55;45;4;6;1.4;3.6;2.75;0;0;1.57;0;0;0;0;2.35;0;0;1.5;2.5;0;0;0;0;1.25;1.25;1.91;2.38;2.4;3.75;2.25;2.7;3.4;0;0;0;0;0;0;0;0;0;0;0;0;0;0;0;1.57;15;2.5;3.9;7.5;0;0;0;0;0;0;0;0;0;0;0;0;0;0;0;0;0;0;0;0;3;2;0;1;0;1;2;2019-09-29 08:30:00;2023;0;34;17;17;0;1;1;4;1;3;1;5;4;3;2;1;4;5;5;1;54;38;108;99;1.78;0.88;2.66;0;0;0;0;0;0;1;1;0;0;0;0;0;0;-1;-1;-1;-1;-1;-1;-1;-1;-1;0;17;54;74;100;27;84;80;37;8;0;3.2;2.44;Šamorín;Slovan Bratislava II;2.11;0;1.33;0;0.6;0.6;100;84;47;27;0;50;50;33;1.98;0.91;2.89;2261;18;Y;Y;Y;N;N;N;N
2333957;2026;2005;2019/2020;complete;90407;11;-1;13,33,61,70;54;4;1;5;5;3;8;-1;-1;0;1;0;0;7;5;16;7;23;12;-1;-1;54;46;0;1;1.44;3.8;2.63;0;0;1.36;0;0;0;0;3.1;0;0;1.36;2.88;0;0;0;0;1.25;1.22;1.91;2.25;2.63;3.4;2.1;2.88;3.3;0;0;0;0;0;0;0;0;0;0;0;0;0;0;0;1.57;23;2.3;4.25;8;0;0;0;0;0;0;0;0;0;0;0;0;0;0;0;0;0;0;0;0;5;2;0;2;1;3;2;2019-09-29 08:30:00;2026;0;84;38;59;0;1;1;5;1;0;2;6;2;0;0;0;1;0;1;1;45;34;82;81;2.26;1.36;3.61;1;0;1;0;0;0;1;1;0;0;1;0;0;0;-1;-1;-1;-1;-1;-1;-1;-1;-1;25;71;84;84;100;38;84;88;59;12.75;0;4.25;3.75;Žilina II;Podbrezová;1.9;0.56;1.5;0;1.8;1.5;75;29;17;17;0;50;38;38;2.75;1.16;3.91;2261;21;Y;Y;Y;Y;Y;N;Y
2333958;2021;2004;2019/2020;complete;90407;11;-1;59;45,45,77,84;1;4;5;6;3;9;-1;-1;1;1;1;0;4;10;11;9;15;19;-1;-1;50;50;3;1;2.25;3.5;1.57;0;0;2;0;0;0;0;1.8;0;0;1.73;2;0;0;0;0;1.67;1.25;1.33;3.6;2.1;2.75;3.5;2.4;2.4;0;0;0;0;0;0;0;0;0;0;0;0;0;0;0;2.38;9.5;1.73;5.25;3.4;0;0;0;0;0;0;0;0;0;0;0;0;0;0;0;0;0;0;0;0;5;0;2;1;2;3;2;2019-09-29 13:30:00;2004;0;38;0;38;0;1;1;4;1;2;2;5;4;2;0;0;1;2;1;1;46;46;88;112;1.56;2.23;3.79;0;1;0;1;0;0;1;1;0;0;2;0;0;0;-1;-1;-1;-1;-1;-1;-1;-1;-1;0;13;38;50;75;13;63;50;50;7;0;4.75;1.75;Slavoj Trebišov;Skalica;1.5;1;0.5;1;0.3;2;100;88;63;50;25;25;25;25;1.6;1.1;2.7;2261;18;Y;Y;Y;Y;Y;N;Y
2333959;2005;2023;2019/2020;complete;90407;12;-1;70;;1;0;1;9;5;14;-1;-1;4;2;0;0;3;3;7;5;10;8;-1;-1;50;50;4;2;1.22;4.1;4;0;0;1.58;0;0;0;0;2.35;0;0;1.62;2.2;0;0;0;0;1.13;1.2;2.38;2;2.5;5;1.83;2.88;4.5;0;0;0;0;0;0;0;0;0;0;0;0;0;0;0;1.36;15;3.2;2.9;10;0;0;0;0;0;0;0;0;0;0;0;0;0;0;0;0;0;0;0;0;1;0;0;1;0;1;0;2019-10-04 15:00:00;2005;0;43;22;22;0;1;1;2;4;7;1;6;8;2;0;2;2;2;4;1;77;76;135;129;1.41;1.28;2.69;0;0;0;0;0;0;1;1;0;0;0;0;1;0;-1;-1;-1;-1;-1;-1;-1;-1;-1;22;36;64;93;93;36;79;86;50;10.73;0;3.14;3.29;Podbrezová;Šamorín;2.33;0.22;2.14;0.29;1.36;0.82;79;65;36;7;7;64;64;37;1.82;1.57;3.39;2261;18;Y;N;N;N;N;N;N
2333960;10052;2047;2019/2020;complete;90407;12;-1;44,54,57;16,79,83;3;3;6;-1;-1;-1;-1;-1;2;4;0;0;-1;-1;-1;-1;-1;-1;-1;-1;-1;-1;2;4;1.5;3.75;2.5;0;0;1.55;0;0;0;0;2.38;0;0;1.4;2.75;0;0;0;0;1.33;1.22;1.73;2.4;2.4;3.5;2.2;2.8;3.4;0;0;0;0;0;0;0;0;0;0;0;0;0;0;0;1.62;15;2.3;0;0;0;0;0;0;0;0;0;0;0;0;0;0;0;0;0;0;0;0;0;0;6;1;1;2;2;4;2;2019-10-05 13:00:00;-1;0;69;45;25;0;-1;1;-1;-1;-1;-1;-1;-1;0;0;2;4;0;6;-1;0;0;0;0;0;0;0;0;0;0;0;0;0;1;1;0;0;-1;-1;0;0;-1;-1;-1;-1;-1;-1;-1;-1;-1;52;69;83;100;100;52;93;83;56;18.08;0;3.14;4.37;Dukla Banská Bystrica;Dubnica;2.36;1.45;2.57;2.4;2.45;2.73;49;32;17;0;0;100;88;88;3.09;1.53;4.62;2261;22;Y;Y;Y;Y;Y;Y;Y
2333961;11211;11049;2019/2020;complete;90407;12;-1;;;0;0;0;8;2;10;-1;-1;1;3;0;0;8;5;17;2;25;7;-1;-1;51;49;1;3;1.3;4.2;3.4;0;0;1.75;0;0;0;0;2.05;0;0;1.73;2;0;0;0;0;1.2;1.2;2.1;2.2;2.38;4.5;1.91;2.63;4.5;0;0;0;0;0;0;0;0;0;0;0;0;0;0;0;1.44;12;3;0;0;0;0;0;0;0;0;0;0;0;0;0;0;0;0;0;0;0;0;0;0;0;0;0;0;0;0;0;2019-10-05 13:00:00;-1;0;47;19;19;0;1;1;3;1;5;1;4;6;0;1;1;2;1;3;1;60;42;121;111;2.57;1.11;3.68;0;0;0;0;0;0;1;1;0;0;1;0;0;0;-1;-1;-1;-1;-1;-1;-1;-1;-1;10;29;47;65;100;29;64;74;29;12;0;5;2.5;FK Košice;Púchov;1.63;0.8;1.6;1.17;0.82;1.27;90;72;54;35;0;65;65;65;2.05;1.18;3.23;2261;17;N;N;N;N;N;N;N
2333962;2029;10053;2019/2020;complete;90407;12;-1;;;0;0;0;-1;-1;-1;-1;-1;2;2;0;0;-1;-1;-1;-1;-1;-1;-1;-1;-1;-1;2;2;1.83;3.8;1.83;0;0;1.7;0;0;0;0;2.1;0;0;1.62;2.2;0;0;0;0;1.5;1.22;1.53;2.88;2.3;3;2.88;2.5;2.7;0;0;0;0;0;0;0;0;0;0;0;0;0;0;0;1.83;13;2.05;0;0;0;0;0;0;0;0;0;0;0;0;0;0;0;0;0;0;0;0;0;0;0;0;0;0;0;0;0;2019-10-05 13:00:00;-1;0;55;0;37;0;-1;1;-1;-1;-1;-1;-1;-1;0;1;2;1;1;3;-1;0;0;0;0;0;0;0;0;0;0;0;0;0;1;1;0;0;-1;-1;0;0;-1;-1;-1;-1;-1;-1;-1;-1;-1;0;17;37;84;92;0;47;92;65;9.9;0;5.8;2.29;Komárno;Petržalka akadémia;1.78;0.56;1.5;0.8;1.09;1.45;100;84;64;17;9;55;45;0;1.47;1.37;2.84;2261;18;N;N;N;N;N;N;N
2333963;2024;2021;2019/2020;complete;90407;12;-1;83;51;1;1;2;-1;-1;-1;-1;-1;2;3;0;0;-1;-1;-1;-1;-1;-1;-1;-1;-1;-1;2;3;1.2;4.5;4.33;0;0;1.6;0;0;0;0;2.3;0;0;1.73;2;0;0;0;0;1.13;1.14;2.5;1.91;2.5;5;1.73;2.88;5.5;0;0;0;0;0;0;0;0;0;0;0;0;0;0;0;1.33;15;3.4;0;0;0;0;0;0;0;0;0;0;0;0;0;0;0;0;0;0;0;0;0;0;2;0;0;1;1;2;0;2019-10-05 13:00:00;-1;0;54;42;25;0;-1;1;-1;-1;-1;-1;-1;-1;0;0;2;3;0;5;-1;0;0;0;0;0;0;0;0;0;0;0;0;0;1;1;0;0;-1;-1;0;0;-1;-1;-1;-1;-1;-1;-1;-1;-1;21;36;54;92;100;50;82;69;46;9;0;5;3.21;Liptovský Mikuláš;Slavoj Trebišov;1.78;0.3;1.5;0.25;1.18;0.27;79;65;46;9;0;42;42;34;2.53;1.47;4;2261;18;Y;Y;N;N;N;N;Y
2333964;2027;2026;2019/2020;complete;90407;12;-1;;45;0;1;1;-1;-1;-1;-1;-1;3;3;0;0;-1;-1;-1;-1;-1;-1;-1;-1;-1;-1;3;3;1.33;4.4;3.25;0;0;1.53;0;0;0;0;2.43;0;0;1.57;2.25;0;0;0;0;1.22;1.17;2.1;2.1;2.5;4.33;1.91;2.8;4.2;0;0;0;0;0;0;0;0;0;0;0;0;0;0;0;1.44;17;2.75;0;0;0;0;0;0;0;0;0;0;0;0;0;0;0;0;0;0;0;0;0;0;1;0;1;0;0;0;1;2019-10-05 13:00:00;2026;0;67;17;50;0;-1;1;-1;-1;-1;-1;-1;-1;0;0;3;3;0;6;-1;0;0;0;0;0;0;0;0;0;0;0;0;0;1;1;0;0;-1;-1;0;0;-1;-1;-1;-1;-1;-1;-1;-1;-1;42;50;67;83;100;34;75;92;83;9.5;0;3.34;3.75;Poprad;Žilina II;1.8;1.36;2.5;2;2.18;1.91;59;50;34;17;0;50;50;50;2.34;1.26;3.6;2261;21;Y;N;N;N;N;N;N
2333965;2004;2028;2019/2020;complete;90407;12;-1;2,33,73;;3;0;3;5;2;7;-1;-1;2;2;0;0;13;3;6;3;19;6;-1;-1;61;39;2;2;1.22;4.1;4;0;0;1.75;0;0;0;0;2.05;0;0;1.8;1.91;0;0;0;0;1.13;1.2;2.38;2;2.38;5.5;1.73;2.8;5.5;0;0;0;0;0;0;0;0;0;0;0;0;0;0;0;1.36;12;3.4;0;0;0;0;0;0;0;0;0;0;0;0;0;0;0;0;0;0;0;0;0;0;3;2;0;1;0;1;2;2019-10-05 17:00:00;2004;0;55;20;17;0;1;1;4;1;1;1;5;2;2;1;0;1;3;1;1;30;15;58;35;2.32;0.7;3.01;0;0;0;0;0;0;1;1;1;0;0;0;0;0;-1;-1;-1;-1;-1;-1;-1;-1;-1;0;27;57;74;100;49;74;92;25;10.25;0;3.03;2.57;Skalica;Partizán Bardejov;2.67;0.78;2.67;0.8;2.09;1.27;100;74;44;27;0;59;59;38;1.32;1.29;2.61;2261;18;Y;Y;Y;N;N;N;N
2333966;2037;11218;2019/2020;complete;90407;12;-1;;;0;0;0;3;9;12;-1;-1;3;0;0;0;4;8;2;6;6;14;-1;-1;43;57;3;0;2;3.9;1.73;0;0;1.65;0;0;0;0;2.2;0;0;1.53;2.38;0;0;0;0;1.57;1.22;1.44;3.1;2.38;2.75;2.88;2.6;2.6;0;0;0;0;0;0;0;0;0;0;0;0;0;0;0;1.91;15;1.91;0;0;0;0;0;0;0;0;0;0;0;0;0;0;0;0;0;0;0;0;0;0;0;0;0;0;0;0;0;2019-10-05 13:00:00;-1;0;37;29;19;0;-1;1;-1;-1;-1;-1;-1;-1;0;0;3;0;0;3;1;28;41;58;69;0.87;1.74;2.6;0;0;0;0;0;0;1;1;0;0;-1;-1;0;0;-1;-1;-1;-1;-1;-1;-1;-1;-1;27;45;55;82;100;55;92;82;45;7;0;2.6;3.29;Slovan Bratislava II;Ružomberok II;1.7;1.11;1.2;1.5;0.55;1.64;74;55;45;19;0;63;54;42;1.19;1.65;2.84;2261;18;N;N;N;N;N;N;N
2333967;2028;2024;2019/2020;complete;90407;13;-1;87;12,83,85;1;3;4;6;5;11;-1;-1;1;2;0;0;6;9;9;2;15;11;-1;-1;50;50;1;2;1.8;3.5;1.91;0;0;1.85;0;0;0;0;1.95;0;0;1.67;2.1;0;0;0;0;1.44;1.25;1.53;3;2.2;3.2;2.6;2.4;3.2;0;0;0;0;0;0;0;0;0;0;0;0;0;0;0;1.83;11;2.1;0;0;0;0;0;0;0;0;0;0;0;0;0;0;0;0;0;0;0;0;0;0;4;0;1;1;2;3;1;2019-10-12 13:00:00;2024;0;65;29;29;0;1;1;1;2;5;3;3;8;1;0;0;2;1;2;1;84;59;117;94;1.97;1.75;3.73;0;0;0;0;0;0;1;1;0;0;0;0;0;0;-1;-1;-1;-1;-1;-1;-1;-1;-1;10;20;57;92;100;37;100;75;47;8.58;0;4.4;2.99;Partizán Bardejov;Liptovský Mikuláš;1.56;1.11;1.67;0.8;1.17;1.17;90;80;44;9;0;67;54;25;2.02;1.47;3.49;2261;18;Y;Y;Y;Y;N;N;Y
2333968;2047;11211;2019/2020;complete;90407;13;-1;;47;0;1;1;4;4;8;-1;-1;2;1;0;0;7;9;8;13;15;22;-1;-1;50;50;2;1;1.4;3.4;2.75;0;0;1.75;0;0;0;0;2.05;0;0;1.67;2.1;0;0;0;0;1.25;1.29;1.8;2.2;2.25;4.5;2;2.63;4;0;0;0;0;0;0;0;0;0;0;0;0;0;0;0;1.57;11;2.5;0;0;0;0;0;0;0;0;0;0;0;0;0;0;0;0;0;0;0;0;0;0;1;0;0;0;1;1;0;2019-10-12 13:00:00;11211;0;59;25;34;0;1;1;1;2;3;2;3;5;0;0;2;1;0;3;1;52;80;112;136;1.82;2.59;4.41;0;0;0;0;0;0;1;1;0;0;0;0;0;0;-1;-1;-1;-1;-1;-1;-1;-1;-1;25;42;59;59;92;25;75;58;50;6.5;0;5.4;2.75;Dubnica;FK Košice;2.73;0.89;3;0.17;2.58;0.83;75;59;42;42;9;34;34;0;2.13;1.28;3.41;2261;17;Y;N;N;N;N;N;N
2333970;10053;10052;2019/2020;complete;90407;13;-1;;36,38;0;2;2;-1;-1;-1;-1;-1;1;2;0;0;-1;-1;-1;-1;-1;-1;-1;-1;-1;-1;1;2;2.42;3.64;2.47;0;0;0;0;0;0;0;0;0;0;0;0;0;0;0;0;0;0;0;0;0;0;0;0;0;0;0;0;0;0;0;0;0;0;0;0;0;0;0;0;0;0;0;0;0;0;0;0;0;0;0;0;0;0;0;0;0;0;0;0;0;0;0;0;0;2;0;2;0;0;0;2;2019-10-13 08:30:00;10052;0;79;17;38;0;-1;1;-1;-1;-1;-1;-1;-1;0;1;1;1;1;2;-1;0;0;0;0;0;0;0;0;0;0;0;0;0;1;1;0;0;-1;-1;0;0;-1;-1;-1;-1;-1;-1;-1;-1;-1;17;67;88;100;100;50;100;100;75;14;0;3.83;4.13;Petržalka akadémia;Dukla Banská Bystrica;1.33;2;2;2.25;1.42;2.33;84;34;13;0;0;92;67;67;1.78;2.14;3.92;2261;18;Y;Y;N;N;N;N;N
2333971;11218;2005;2019/2020;complete;90407;13;-1;41,51;;2;0;2;11;12;23;-1;-1;0;3;0;0;-1;-1;-1;-1;-1;-1;-1;-1;-1;-1;0;3;1.83;3.75;1.83;0;0;1.67;0;0;0;0;2.15;0;0;1.53;2.38;0;0;0;0;1.29;1.29;1.73;2.6;2.3;3.4;2.5;2.6;3.1;0;0;0;0;0;0;0;0;0;0;0;0;0;0;0;0;0;0;0;0;0;0;0;0;0;0;0;0;0;0;0;0;0;0;0;0;0;0;0;0;2;1;0;1;0;1;1;2019-11-24 09:30:00;11218;0;71;15;50;0;1;1;7;2;4;10;9;14;0;2;0;1;2;1;-1;0;0;0;0;0;0;0;0;0;0;0;0;0;1;1;0;0;0;0;0;0;-1;-1;-1;-1;-1;-1;-1;-1;-1;36;50;72;93;100;36;79;100;64;11.14;0;4.43;3.72;Ružomberok II;Podbrezová;1.33;0.56;1.29;0.57;1.19;1.56;65;50;29;7;0;56;56;56;2.16;1.16;3.32;2261;18;Y;Y;N;N;N;N;N
2333972;2023;2027;2019/2020;complete;90407;13;-1;;77;0;1;1;3;6;9;-1;-1;3;2;0;0;-1;-1;-1;-1;-1;-1;-1;-1;-1;-1;3;2;1.83;3.5;1.83;0;0;1.85;0;0;0;0;1.95;0;0;1.57;2.25;0;0;0;0;1.53;1.29;1.5;3;2.2;3;2.8;2.5;2.8;0;0;0;0;0;0;0;0;0;0;0;0;0;0;0;2.05;11;1.83;4.75;4.75;0;0;0;0;0;0;0;0;0;0;0;0;0;0;0;0;0;0;0;0;1;0;0;0;1;1;0;2019-10-13 08:30:00;2027;0;35;13;13;0;-1;1;-1;-1;-1;-1;-1;-1;0;0;3;2;0;5;-1;0;0;0;0;0;0;0;0;0;0;0;0;0;1;1;0;0;-1;-1;0;0;-1;-1;-1;-1;-1;-1;-1;-1;-1;0;23;58;78;100;35;88;90;23;10;0;4.35;2.58;Šamorín;Poprad;2.11;1.18;1.75;1.8;0.75;2;100;78;43;23;0;63;25;13;1.93;1.61;3.54;2261;18;Y;N;N;N;N;N;N
2333973;2026;2004;2019/2020;complete;90407;13;-1;14,38,83,89;4,51;4;2;6;8;4;12;-1;-1;1;1;0;0;10;10;7;11;17;21;-1;-1;50;50;1;1;1.4;3.75;2.75;0;0;1.44;0;0;0;0;2.7;0;0;1.36;2.88;0;0;0;0;1.22;1.22;1.91;2.2;2.63;3.6;2.1;2.88;3.5;0;0;0;0;0;0;0;0;0;0;0;0;0;0;0;1.53;21;2.4;0;0;0;0;0;0;0;0;0;0;0;0;0;0;0;0;0;0;0;0;0;0;6;2;1;2;1;3;3;2019-10-12 13:00:00;2026;0;90;30;70;0;1;1;6;2;2;2;8;4;0;1;1;0;1;1;1;45;41;88;101;2.1;2.32;4.41;0;0;0;0;0;0;1;1;0;1;1;1;0;0;-1;-1;-1;-1;-1;-1;-1;-1;-1;40;60;90;100;100;60;90;90;80;7.93;0;3.4;4;Žilina II;Skalica;1.9;1;1.8;1.4;2;2.17;60;40;10;0;0;57;30;30;2.65;1.48;4.13;2261;21;Y;Y;Y;Y;Y;Y;Y
2333974;2021;2029;2019/2020;complete;90407;13;-1;24,40,84;14;3;1;4;6;5;11;-1;-1;2;3;0;0;6;4;10;7;16;11;-1;-1;57;43;2;3;1.83;3.4;1.83;0;0;1.8;0;0;0;0;2;0;0;1.62;2.2;0;0;0;0;1.44;1.29;1.5;3;2.25;3;2.8;2.5;2.88;0;0;0;0;0;0;0;0;0;0;0;0;0;0;0;0;0;0;0;0;0;0;0;0;0;0;0;0;0;0;0;0;0;0;0;0;0;0;0;0;4;2;1;1;0;1;3;2019-10-13 13:00:00;2021;0;47;20;27;0;1;1;5;1;1;4;6;5;0;0;2;3;0;5;1;88;55;109;77;2.06;1.37;3.43;0;0;0;0;0;0;1;1;0;0;0;0;0;0;-1;-1;-1;-1;-1;-1;-1;-1;-1;47;47;47;57;84;37;74;47;47;10.73;0;5.13;2.8;Slavoj Trebišov;Komárno;1.5;0.44;0.33;0.6;0.33;1.08;54;54;54;44;17;64;47;47;1.58;1.31;2.89;2261;18;Y;Y;Y;Y;N;N;Y
2333975;2005;11049;2019/2020;complete;90407;14;-1;1,30,51,59,88;14,34;5;2;7;3;8;11;-1;-1;0;1;0;0;7;6;8;1;15;7;-1;-1;50;50;0;1;1.62;3.8;4.33;0;0;1.8;0;0;0;0;2;0;0;0;0;0;0;0;0;1.17;1.22;2.1;2.3;2.25;4.33;0;0;0;0;0;0;0;0;0;0;0;0;0;0;0;0;0;0;0;0;0;0;0;0;0;0;0;0;0;0;0;0;0;0;0;0;0;0;0;0;0;0;0;7;2;2;3;0;3;4;2019-10-18 15:00:00;2005;0;25;13;13;0;1;1;2;1;1;7;3;8;0;1;0;0;1;0;1;33;28;53;43;1.67;1.06;2.73;1;0;1;0;0;0;1;1;1;0;0;0;0;0;-1;-1;-1;-1;-1;-1;-1;-1;-1;0;13;44;69;94;25;69;75;26;10;0;4.18;2.19;Podbrezová;Púchov;2.33;0.8;2.25;1;1.5;1.15;100;88;57;32;7;79;79;50;1.76;1.17;2.93;2261;18;Y;Y;Y;Y;Y;Y;Y
2333976;10052;2021;2019/2020;complete;90407;14;-1;4,31,53,75;;4;0;4;-1;-1;-1;-1;-1;1;1;0;1;-1;-1;-1;-1;-1;-1;-1;-1;-1;-1;1;2;1.07;8;7.5;0;0;1.36;0;0;0;0;3.1;0;0;1.73;2;0;0;0;0;1.01;1.06;5.5;1.44;3.2;9;1.4;3.6;7.5;0;0;0;0;0;0;0;0;0;0;0;0;0;0;0;0;0;0;0;0;0;0;0;0;0;0;0;0;0;0;0;0;0;0;0;0;0;0;0;0;4;2;0;2;0;2;2;2019-10-19 12:30:00;10052;0;71;41;47;0;-1;1;-1;-1;-1;-1;-1;-1;1;1;0;1;2;1;-1;0;0;0;0;0;0;0;0;0;0;0;0;0;1;1;1;0;-1;-1;0;0;-1;-1;-1;-1;-1;-1;-1;-1;-1;36;48;78;100;100;47;72;89;77;19;0;3.81;3.97;Dukla Banská Bystrica;Slavoj Trebišov;2.36;0.3;2.38;0.33;2.38;0.54;64;53;23;0;0;92;92;84;3.09;1.47;4.56;2261;18;Y;Y;Y;Y;N;N;N
2333977;2047;10053;2019/2020;complete;90407;14;-1;47,74,82;4,79;3;2;5;-1;-1;-1;-1;-1;3;2;0;2;-1;-1;-1;-1;-1;-1;-1;-1;-1;-1;3;5;1.29;4.2;3.5;0;0;1.57;0;0;0;0;2.35;0;0;1.62;2.2;0;0;0;0;1.1;1.2;2.62;1.95;2.5;5;1.83;2.8;4.5;0;0;0;0;0;0;0;0;0;0;0;0;0;0;0;0;0;0;0;0;0;0;0;0;0;0;0;0;0;0;0;0;0;0;0;0;0;0;0;0;5;0;1;3;1;4;1;2019-10-19 12:30:00;2047;0;54;7;38;0;-1;1;-1;-1;-1;-1;-1;-1;2;2;1;2;4;3;-1;0;0;0;0;0;0;0;0;0;0;0;0;0;1;1;0;1;-1;-1;1;1;-1;-1;-1;-1;-1;-1;-1;-1;-1;15;22;45;70;92;7;61;85;62;8.07;0;5.36;2.43;Dubnica;Petržalka akadémia;2.73;0.56;2.57;0.83;2.38;1.31;86;79;55;30;9;30;20;0;2.03;1.37;3.4;2261;18;Y;Y;Y;Y;Y;N;Y
2333978;11211;2037;2019/2020;complete;90407;14;-1;38,60,65;;3;0;3;6;1;7;-1;-1;-1;-1;-1;-1;10;0;11;5;21;5;-1;-1;59;41;-1;-1;1.05;4.75;8.5;0;0;1.65;0;0;0;0;2.2;0;0;1.91;1.8;0;0;0;0;1.02;1.14;3.75;1.62;2.6;9.5;1.62;2.88;6;0;0;0;0;0;0;0;0;0;0;0;0;0;0;0;1.17;0;5.5;0;0;0;0;0;0;0;0;0;0;0;0;0;0;0;0;0;0;0;0;0;0;3;1;0;2;0;2;1;2019-10-19 12:30:00;11211;0;25;9;9;0;1;-1;2;1;4;0;3;4;-1;-1;-1;-1;-1;-1;1;61;28;102;89;2.46;0.53;2.99;0;0;0;0;0;0;1;1;0;0;0;0;-1;-1;-1;-1;-1;-1;-1;-1;-1;-1;-1;9;17;50;75;92;33;75;67;33;11.25;0;4.63;2.42;FK Košice;Slovan Bratislava II;1.63;0;1.5;0;1;0.77;92;84;50;25;9;55;43;33;2.16;0.9;3.06;2261;17;Y;Y;Y;N;N;N;N
2333979;2029;2028;2019/2020;complete;90407;14;-1;86;;1;0;1;-1;-1;-1;-1;-1;2;2;0;0;-1;-1;-1;-1;-1;-1;-1;-1;-1;-1;2;2;1.5;4;2.5;0;0;1.75;0;0;0;0;2.05;0;0;1.67;2.1;0;0;0;0;1.22;1.2;2;2.3;2.3;4;2.25;2.5;3.75;0;0;0;0;0;0;0;0;0;0;0;0;0;0;0;0;0;0;0;0;0;0;0;0;0;0;0;0;0;0;0;0;0;0;0;0;0;0;0;0;1;0;0;1;0;1;0;2019-10-19 12:30:00;2029;0;47;17;15;0;-1;1;-1;-1;-1;-1;-1;-1;1;0;1;2;1;3;-1;0;0;0;0;0;0;0;0;0;0;0;0;0;1;1;0;0;-1;-1;0;0;-1;-1;-1;-1;-1;-1;-1;-1;-1;0;23;56;70;86;42;56;86;22;9.3;0;5.17;2.35;Komárno;Partizán Bardejov;1.78;0.78;1.43;0.67;1;1.08;100;77;44;30;15;45;45;10;1.47;1.18;2.65;2261;18;Y;N;N;N;N;N;N
2333980;2024;2026;2019/2020;complete;90407;14;-1;12,17;81;2;1;3;14;1;15;-1;-1;1;1;0;0;10;5;11;8;21;13;-1;-1;48;52;1;1;1.67;3.8;2.1;0;0;1.44;0;0;0;0;2.7;0;0;1.33;3;0;0;0;0;1.4;1.22;1.62;2.62;2.5;3;2.4;2.8;2.88;0;0;0;0;0;0;0;0;0;0;0;0;0;0;0;0;0;0;0;0;0;0;0;0;0;0;0;0;0;0;0;0;0;0;0;0;0;0;0;0;3;2;0;0;1;1;2;2019-10-19 12:30:00;2024;0;57;22;36;0;1;1;9;1;5;0;10;5;0;1;1;0;1;1;1;53;44;96;95;2.4;1.49;3.89;0;0;0;0;0;0;1;1;0;0;1;0;0;0;-1;-1;-1;-1;-1;-1;-1;-1;-1;29;43;50;79;100;43;86;72;50;6.33;0;5.14;3.29;Liptovský Mikuláš;Žilina II;1.78;1.36;1.43;2.14;1.31;2.08;72;57;50;22;0;25;25;25;2.53;1.26;3.79;2261;18;Y;Y;Y;N;N;N;Y
2333981;2027;11218;2019/2020;complete;90407;14;-1;65,84;;2;0;2;6;3;9;-1;-1;2;6;0;0;6;2;9;3;15;5;-1;-1;50;50;2;6;1.25;4.33;3.75;0;0;1.53;0;0;0;0;2.4;0;0;1.57;2.25;0;0;0;0;1.12;1.17;2.38;2.05;2.5;4.33;1.73;3;4.5;0;0;0;0;0;0;0;0;0;0;0;0;0;0;0;0;0;0;2.75;12;0;0;0;0;0;0;0;0;0;0;0;0;0;0;0;0;0;0;0;0;2;0;0;2;0;2;0;2019-10-18 14:00:00;2027;0;36;14;22;0;1;1;2;1;4;2;3;6;1;2;1;4;3;5;1;107;58;134;115;2.14;0.89;3.03;1;0;1;0;0;0;1;1;0;0;0;0;0;0;-1;-1;-1;-1;-1;-1;-1;-1;-1;29;36;43;71;93;29;71;71;57;10.5;0;2.5;2.71;Poprad;Ružomberok II;1.8;1.11;2.14;1.43;2.08;1.58;71;64;57;29;7;54;47;47;2.34;1.66;4;2261;18;Y;Y;N;N;N;N;N
2333982;2004;2023;2019/2020;complete;90407;14;-1;3,53,87;;3;0;3;5;1;6;-1;-1;2;4;0;1;8;0;10;4;18;4;-1;-1;64;36;2;5;1.06;5.5;8;0;0;1.57;0;0;0;0;2.35;0;0;1.83;1.83;0;0;0;0;1.04;1.12;3.75;1.67;2.75;7.5;1.5;3.25;7;0;0;0;0;0;0;0;0;0;0;0;0;0;0;0;0;0;0;2;21;0;0;0;0;0;0;0;0;0;0;0;0;0;0;0;0;0;0;0;0;3;1;0;2;0;2;1;2019-10-18 16:00:00;2004;0;47;13;27;0;1;1;2;1;3;0;3;3;1;4;1;1;5;2;1;34;6;56;26;1.93;0.3;2.23;1;0;1;0;0;0;1;1;1;0;1;0;0;0;-1;-1;-1;-1;-1;-1;-1;-1;-1;19;40;47;73;94;34;67;81;47;10.36;0;3.13;2.91;Skalica;Šamorín;2.67;0.22;2.71;0.25;2;0.69;82;61;54;27;7;62;62;47;1.46;1.52;2.98;2261;18;Y;Y;Y;N;N;N;N
2333983;2028;10052;2019/2020;complete;90407;15;-1;;;0;0;0;-1;-1;-1;-1;-1;3;2;0;0;-1;-1;-1;-1;-1;-1;-1;-1;-1;-1;3;2;3.5;4;1.29;0;0;1.68;0;0;0;0;2.15;0;0;1.57;2.25;0;0;0;0;2.1;1.2;1.17;4.5;2.38;2.1;4;2.63;2;0;0;0;0;0;0;0;0;0;0;0;0;0;0;0;0;0;0;7;3.4;0;0;0;0;0;0;0;0;0;0;0;0;0;0;0;0;0;0;0;0;0;0;0;0;0;0;0;2019-10-26 12:30:00;-1;0;59;7;25;0;-1;1;-1;-1;-1;-1;-1;-1;2;1;1;1;3;2;-1;0;0;0;0;0;0;0;0;0;0;0;0;0;1;1;0;0;-1;-1;1;0;-1;-1;-1;-1;-1;-1;-1;-1;-1;0;27;52;93;100;45;100;69;42;12;0;3.36;2.72;Partizán Bardejov;Dukla Banská Bystrica;1.56;2;1.43;2.4;1;2.43;100;73;49;7;0;75;75;63;2;2.14;4.14;2261;18;N;N;N;N;N;N;N
2333984;11049;2027;2019/2020;complete;90407;15;-1;19,90;73;2;1;3;-1;-1;-1;-1;-1;1;2;0;0;-1;-1;-1;-1;-1;-1;-1;-1;-1;-1;1;2;2.63;3.75;1.44;0;0;1.77;0;0;0;0;2.02;0;0;1.67;2.1;0;0;0;0;1.8;1.22;1.3;3.75;2.25;2.5;3.75;2.5;2.25;0;0;0;0;0;0;0;0;0;0;0;0;0;0;0;0;0;0;7;3.3;0;0;0;0;0;0;0;0;0;0;0;0;0;0;0;0;0;0;0;0;3;1;0;1;1;2;1;2019-10-26 12:30:00;11049;0;49;10;20;0;-1;1;-1;-1;-1;-1;-1;-1;1;2;0;0;3;0;-1;0;0;0;0;0;0;0;0;0;0;0;0;0;1;1;0;0;-1;-1;0;0;-1;-1;-1;-1;-1;-1;-1;-1;-1;10;19;57;84;100;49;82;92;29;8.33;0;4.5;2.99;Púchov;Poprad;2;1.18;1.4;2;1.07;2.14;90;82;44;17;0;84;25;0;1.64;1.61;3.25;2261;18;Y;Y;Y;N;N;N;Y
2333985;10053;11211;2019/2020;complete;90407;15;-1;66;33,72;1;2;3;3;8;11;-1;-1;4;3;0;0;3;10;8;12;11;22;-1;-1;50;50;4;3;1.5;4;2.5;0;0;1.75;0;0;0;0;2.05;0;0;1.57;2.25;0;0;0;0;1.33;1.22;1.83;2.5;2.3;3.6;2.3;2.5;3.5;0;0;0;0;0;0;0;0;0;0;0;0;0;0;0;0;0;0;3.6;6;0;0;0;0;0;0;0;0;0;0;0;0;0;0;0;0;0;0;0;0;3;0;1;1;1;2;1;2019-10-27 09:30:00;11211;0;57;29;29;0;-1;1;-1;-1;-1;-1;-1;-1;1;2;3;1;3;4;1;44;52;62;63;1.22;2.45;3.67;0;1;0;1;0;0;1;1;0;0;-1;-1;0;0;-1;-1;-1;-1;-1;-1;-1;-1;-1;22;50;65;72;93;43;79;65;58;9.25;0;4.46;3.36;Petržalka akadémia;FK Košice;1.33;0.89;1.71;0.57;1.21;1.14;79;50;36;29;7;67;42;17;1.78;1.61;3.39;2261;17;Y;Y;Y;N;N;N;Y
2333986;11218;2004;2019/2020;complete;90407;15;-1;;26,64,68;0;3;3;6;5;11;-1;-1;3;2;0;0;5;8;11;5;16;13;-1;-1;52;48;3;2;1.91;3.8;1.8;0;0;1.6;0;0;0;0;2.3;0;0;1.5;2.5;0;0;0;0;1.62;1.22;1.4;3.2;2.38;2.75;2.7;2.63;2.75;0;0;0;0;0;0;0;0;0;0;0;0;0;0;0;0;0;0;5.5;4.8;0;0;0;0;0;0;0;0;0;0;0;0;0;0;0;0;0;0;0;0;3;0;1;0;2;2;1;2019-10-27 09:30:00;2004;0;82;29;62;0;1;1;3;3;3;2;6;5;0;2;3;0;2;3;1;39;54;88;103;1.64;1.77;3.42;0;1;0;1;0;0;1;1;0;0;0;2;0;0;-1;-1;-1;-1;-1;-1;-1;-1;-1;47;55;82;100;100;55;82;100;80;10.15;0;3.57;4.02;Ružomberok II;Skalica;1.33;1;1.8;1.17;1.46;2.07;54;45;19;0;0;65;53;53;2.18;1.69;3.87;2261;18;Y;Y;Y;N;N;N;N
2333987;2023;2024;2019/2020;complete;90407;15;-1;45,55,90;;3;0;3;6;7;13;-1;-1;1;3;0;0;5;10;6;3;11;13;-1;-1;38;62;1;3;1.91;3.6;1.8;0;0;1.75;0;0;0;0;2.05;0;0;1.57;2.25;0;0;0;0;1.5;1.25;1.5;3;2.3;3;2.7;2.5;2.88;0;0;0;0;0;0;0;0;0;0;0;0;0;0;0;0;0;0;5;4.5;0;0;0;0;0;0;0;0;0;0;0;0;0;0;0;0;0;0;0;0;3;1;0;2;0;2;1;2019-10-27 09:30:00;2023;0;62;27;35;0;1;1;4;5;2;2;9;4;0;1;1;2;1;3;1;51;76;76;124;1.41;2.08;3.49;1;0;1;0;0;0;1;1;0;0;1;2;0;0;-1;-1;-1;-1;-1;-1;-1;-1;-1;9;35;72;80;100;37;80;100;44;9.8;0;4.33;3.12;Šamorín;Liptovský Mikuláš;2.11;1.11;1.4;1.17;0.64;1.43;92;65;29;20;0;90;60;40;1.93;1.53;3.46;2261;18;Y;Y;Y;N;N;N;N
2333988;2037;2005;2019/2020;complete;90407;15;-1;36,90;;2;0;2;-1;-1;-1;-1;-1;2;2;0;1;-1;-1;-1;-1;-1;-1;-1;-1;-1;-1;2;3;2;3.9;1.73;0;0;1.68;0;0;0;0;2.15;0;0;1.5;2.5;0;0;0;0;1.57;1.22;1.44;3.1;2.3;2.75;3.3;2.75;2.25;0;0;0;0;0;0;0;0;0;0;0;0;0;0;0;0;0;0;5.5;4.2;0;0;0;0;0;0;0;0;0;0;0;0;0;0;0;0;0;0;0;0;2;1;0;1;0;1;1;2019-10-26 12:30:00;2037;0;52;15;45;0;-1;1;-1;-1;-1;-1;-1;-1;0;0;2;3;0;5;-1;0;0;0;0;0;0;0;0;0;0;0;0;0;1;1;0;0;-1;-1;0;0;-1;-1;-1;-1;-1;-1;-1;-1;-1;20;52;59;73;93;41;81;79;52;10.33;0;3.5;3.11;Slovan Bratislava II;Podbrezová;1.7;0.56;1.43;0;0.71;1.62;81;48;41;27;7;42;42;25;1.13;1.26;2.39;2261;18;Y;Y;N;N;N;N;N
2333989;2026;2029;2019/2020;complete;90407;15;-1;85;59;1;1;2;9;8;17;-1;-1;4;2;0;0;6;4;11;9;17;13;-1;-1;61;39;4;2;1.22;4.33;4;0;0;1.25;0;0;0;0;4;0;0;1.33;3;0;0;0;0;1.12;1.2;2.38;2;2.75;4;1.67;3.4;4.5;0;0;0;0;0;0;0;0;0;0;0;0;0;0;0;0;0;0;2.9;12;0;0;0;0;0;0;0;0;0;0;0;0;0;0;0;0;0;0;0;0;2;0;0;1;1;2;0;2019-10-27 09:30:00;-1;0;84;59;42;0;1;1;4;3;5;5;7;10;0;1;4;1;1;5;1;98;55;134;85;2.2;1.5;3.7;0;0;0;0;0;0;1;1;0;0;0;0;0;0;-1;-1;-1;-1;-1;-1;-1;-1;-1;59;75;84;92;100;67;92;75;59;11.33;0;3.83;4.25;Žilina II;Komárno;1.9;0.44;2;0.5;1.93;1.14;42;25;17;9;0;75;67;67;2.56;1.32;3.88;2261;18;Y;Y;N;N;N;N;Y
2333990;2021;2047;2019/2020;complete;90407;15;-1;4;19;1;1;2;4;2;6;-1;-1;0;2;0;0;7;5;15;3;22;8;-1;-1;54;46;0;2;2.5;3.8;1.5;0;0;1.53;0;0;0;0;2.4;0;0;1.44;2.63;0;0;0;0;1.73;1.22;1.33;3.5;2.4;2.4;3.6;2.8;2.1;0;0;0;0;0;0;0;0;0;0;0;0;0;0;0;0;0;0;8;3.4;0;0;0;0;0;0;0;0;0;0;0;0;0;0;0;0;0;0;0;0;2;1;1;0;0;0;2;2019-10-27 13:30:00;-1;0;67;46;29;0;1;1;2;0;2;2;2;4;0;1;0;1;1;1;1;56;41;112;95;2.28;1.16;3.44;0;1;0;1;0;0;1;1;1;0;0;0;0;0;-1;-1;-1;-1;-1;-1;-1;-1;-1;46;67;67;75;88;59;88;67;38;9.25;0;4.58;3.67;Slavoj Trebišov;Dubnica;1.5;1.45;1;2.17;0.5;2.43;54;34;34;25;13;88;63;63;1.7;1.53;3.23;2261;18;Y;Y;N;N;N;N;Y
2333991;2028;2047;2019/2020;complete;90407;16;-1;47,71,77;;3;0;3;8;7;15;-1;-1;5;4;0;0;9;7;12;6;21;13;-1;-1;50;50;5;4;2.5;3.6;1.5;0;0;1.57;0;0;0;0;2.35;0;0;1.5;2.5;0;0;0;0;1.73;1.25;1.33;3.4;2.38;2.5;3.2;2.7;2.38;0;0;0;0;0;0;0;0;0;0;0;0;0;0;0;0;0;0;0;0;0;0;0;0;0;0;0;0;0;0;0;0;0;0;0;0;0;0;0;0;3;0;0;3;0;3;0;2019-11-02 12:30:00;2028;0;68;42;27;0;1;1;1;5;7;2;6;9;3;1;2;3;4;5;1;71;70;116;111;2.46;1.82;4.28;0;0;0;0;0;0;1;1;0;0;0;2;0;1;-1;-1;-1;-1;-1;-1;-1;-1;-1;29;42;55;88;94;48;94;61;41;7.4;0;4.29;3.28;Partizán Bardejov;Dubnica;1.56;1.45;1.38;2;1;2.33;72;59;46;13;7;65;55;43;2;1.46;3.46;2261;18;Y;Y;Y;N;N;N;N
2333992;11211;2005;2019/2020;complete;90407;16;-1;30;87;1;1;2;12;5;17;-1;-1;2;0;0;1;8;5;10;1;18;6;-1;-1;60;40;2;2;1.44;4;2.63;0;0;1.7;0;0;0;0;2.1;0;0;1.62;2.2;0;0;0;0;1.25;1.2;1.91;2.38;2.38;3.75;2.1;2.63;3.75;0;0;0;0;0;0;0;0;0;0;0;0;0;0;0;0;0;0;0;0;0;0;0;0;0;0;0;0;0;0;0;0;0;0;0;0;0;0;0;0;2;1;0;0;1;1;1;2019-11-02 12:30:00;-1;0;52;7;37;0;1;1;2;2;10;3;4;13;1;1;1;0;2;1;1;56;39;97;91;2.1;1.02;3.12;0;0;0;0;0;0;1;1;0;0;0;2;0;0;-1;-1;-1;-1;-1;-1;-1;-1;-1;17;45;59;76;93;25;69;86;52;12.67;0;4.4;2.89;FK Košice;Podbrezová;1.63;0.56;1.71;0;1.27;1.5;83;56;42;25;7;25;25;17;2.21;1.26;3.47;2261;17;Y;Y;N;N;N;N;Y
2333993;11049;2004;2019/2020;complete;90407;16;-1;6;;1;0;1;4;12;16;-1;-1;3;1;0;0;8;9;4;13;12;22;-1;-1;49;51;3;1;2.2;3.75;1.62;0;0;1.7;0;0;0;0;2.1;0;0;1.5;2.5;0;0;0;0;1.67;1.22;1.36;3.4;2.3;2.62;3.1;2.63;2.4;0;0;0;0;0;0;0;0;0;0;0;0;0;0;0;0;0;0;0;0;0;0;0;0;0;0;0;0;0;0;0;0;0;0;0;0;0;0;0;0;1;1;0;0;0;0;1;2019-11-02 12:30:00;11049;0;77;16;61;0;1;1;3;1;1;11;4;12;1;0;2;1;1;3;1;29;45;67;78;1.53;2.33;3.86;0;0;0;0;0;0;1;1;1;0;1;0;1;0;-1;-1;-1;-1;-1;-1;-1;-1;-1;23;30;85;100;100;55;85;100;75;6.2;0;3.97;3.69;Púchov;Skalica;2;1;1.67;1.43;1.2;2.13;77;70;16;0;0;80;45;20;1.64;1.71;3.35;2261;18;Y;N;N;N;N;N;N
2333994;11218;2024;2019/2020;complete;90407;16;-1;49,90;2,7,9,78,81;2;5;7;7;4;11;-1;-1;3;2;0;0;7;7;14;5;21;12;-1;-1;54;46;3;2;1.62;4;2.2;0;0;1.5;0;0;0;0;2.5;0;0;1.44;2.63;0;0;0;0;1.44;1.2;1.62;2.6;2.5;3.2;2.5;2.63;3;0;0;0;0;0;0;0;0;0;0;0;0;0;0;0;0;0;0;0;0;0;0;0;0;0;0;0;0;0;0;0;0;0;0;0;0;0;0;0;0;7;0;3;2;2;4;3;2019-11-03 09:30:00;2024;0;69;31;38;0;1;1;1;3;6;1;4;7;0;0;3;2;0;5;1;104;66;142;129;2.56;1.73;4.3;1;0;1;0;0;0;1;1;0;3;0;0;0;0;-1;-1;-1;-1;-1;-1;-1;-1;-1;32;47;85;100;100;40;92;100;69;12.67;0;4.1;3.86;Ružomberok II;Liptovský Mikuláš;1.33;1.11;1.5;1;1.36;1.33;68;54;16;0;0;92;83;75;2.09;1.62;3.71;2261;18;Y;Y;Y;Y;Y;Y;Y
2333995;2023;2029;2019/2020;complete;90407;16;-1;5,42,44;30;3;1;4;6;6;12;-1;-1;1;0;0;0;6;3;7;7;13;10;-1;-1;49;51;1;0;1.57;3.75;2.25;0;0;1.8;0;0;0;0;2;0;0;1.57;2.25;0;0;0;0;1.3;1.22;1.8;2.4;2.3;3.75;2.5;2.6;3.1;0;0;0;0;0;0;0;0;0;0;0;0;0;0;0;0;0;0;0;0;0;0;0;0;0;0;0;0;0;0;0;0;0;0;0;0;0;0;0;0;4;3;1;0;0;0;4;2019-11-03 09:30:00;2023;0;52;30;23;0;1;1;5;1;1;5;6;6;0;0;1;0;0;1;1;23;35;61;75;1.41;1.1;2.5;0;0;0;0;0;0;1;1;1;0;1;0;0;0;-1;-1;-1;-1;-1;-1;-1;-1;-1;22;37;62;77;100;38;69;86;45;10.54;0;4.54;2.97;Šamorín;Komárno;2.11;0.44;1.67;0.57;0.8;1.13;79;63;38;24;0;77;61;52;1.83;1.35;3.18;2261;18;Y;Y;Y;Y;N;N;Y
2333996;2037;2027;2019/2020;complete;90407;16;-1;7;82;1;1;2;2;9;11;-1;-1;1;1;0;0;5;8;3;8;8;16;-1;-1;47;53;1;1;2.75;3.75;1.4;0;0;1.8;0;0;0;0;2;0;0;1.62;2.2;0;0;0;0;1.73;1.22;1.33;3.6;2.3;2.5;3.6;2.6;2.2;0;0;0;0;0;0;0;0;0;0;0;0;0;0;0;0;0;0;0;0;0;0;0;0;0;0;0;0;0;0;0;0;0;0;0;0;0;0;0;0;2;1;0;0;1;1;1;2019-11-03 09:30:00;-1;0;27;13;14;0;1;1;0;4;2;5;4;7;0;0;1;1;0;2;1;26;40;65;76;1.05;1.85;2.9;0;0;0;0;0;0;1;1;1;0;0;0;0;0;-1;-1;-1;-1;-1;-1;-1;-1;-1;7;20;41;73;94;32;87;75;27;10.66;0;3.56;2.46;Slovan Bratislava II;Poprad;1.7;1.18;1.63;1.71;0.87;2;94;81;60;27;7;75;42;25;1.13;1.61;2.74;2261;18;Y;Y;N;N;N;N;Y
2333997;2026;10052;2019/2020;complete;90407;16;-1;53;13,27;1;2;3;8;5;13;-1;-1;0;1;0;0;10;7;14;5;24;12;-1;-1;64;36;0;1;1.8;4;1.91;0;0;1.3;0;0;0;0;3.5;0;0;1.29;3.25;0;0;0;0;1.5;1.2;1.53;2.62;2.62;2.75;2.5;3;2.63;0;0;0;0;0;0;0;0;0;0;0;0;0;0;0;0;0;0;0;0;0;0;0;0;0;0;0;0;0;0;0;0;0;0;0;0;0;0;0;0;3;0;2;1;0;1;2;2019-11-03 09:30:00;10052;0;75;29;44;0;1;1;5;4;3;1;9;4;0;0;0;1;0;1;1;121;83;157;119;3.08;1.85;4.93;0;0;0;0;0;0;1;1;0;0;0;0;0;0;-1;-1;-1;-1;-1;-1;-1;-1;-1;29;52;68;92;92;61;85;77;52;14.43;0;3.03;3.47;Žilina II;Dukla Banská Bystrica;1.9;2;1.86;2.17;1.87;2.33;72;48;32;9;9;93;86;86;2.5;2.14;4.64;2261;21;Y;Y;Y;N;N;N;Y
2333998;2021;10053;2019/2020;complete;90407;16;-1;23,40,74,87;;4;0;4;9;8;17;-1;-1;1;3;0;1;8;5;13;12;21;17;-1;-1;51;49;1;4;1.8;3.6;1.91;0;0;1.7;0;0;0;0;2.1;0;0;1.53;2.38;0;0;0;0;1.44;1.25;1.53;2.88;2.3;3;2.7;2.6;2.8;0;0;0;0;0;0;0;0;0;0;0;0;0;0;0;0;0;0;0;0;0;0;0;0;0;0;0;0;0;0;0;0;0;0;0;0;0;0;0;0;4;2;0;2;0;2;2;2019-11-03 12:30:00;2021;0;59;20;32;0;1;1;4;5;5;3;9;8;1;1;0;3;2;3;1;42;33;78;72;2.18;1.66;3.84;0;0;0;0;0;0;1;1;0;0;1;2;0;0;-1;-1;-1;-1;-1;-1;-1;-1;-1;17;27;42;73;83;30;69;63;46;9.6;0;4.66;2.42;Slavoj Trebišov;Petržalka akadémia;1.5;0.56;1;0.71;0.53;1.13;83;73;59;27;17;60;40;20;1.82;1.37;3.19;2261;18;Y;Y;Y;Y;N;N;N
2333999;10052;2023;2019/2020;complete;90407;2;-1;53,56,65,76,88;;5;0;5;12;2;14;-1;-1;1;0;0;0;13;5;13;4;26;9;-1;-1;50;50;1;0;1.11;4.75;5.5;0;0;1.4;0;0;0;0;2.88;0;0;1.57;2.25;0;0;0;0;1.08;1.14;3;1.83;2.5;5.5;1.67;3.1;5;0;0;0;0;0;0;0;0;0;0;0;0;0;0;0;0;0;0;2.7;15;0;0;0;0;0;0;0;0;0;0;0;0;0;0;0;0;0;0;0;0;5;0;0;5;0;5;0;2019-07-26 15:30:00;10052;0;50;0;50;0;1;1;4;2;8;0;6;8;0;0;1;0;0;1;1;92;25;117;93;3.2;1.11;4.31;1;0;1;0;0;0;1;1;0;0;1;0;0;0;-1;-1;-1;-1;-1;-1;-1;-1;-1;50;50;50;100;100;50;100;100;50;23;0;4;4.5;Dukla Banská Bystrica;Šamorín;2.36;0.22;0;0;0;0;50;50;50;0;0;100;100;50;4.28;1.48;5.76;2261;18;Y;Y;Y;Y;Y;N;N
2334000;2047;2026;2019/2020;complete;90407;17;-1;41;;1;0;1;9;4;13;-1;-1;1;0;0;0;6;6;11;2;17;8;-1;-1;47;53;1;0;1.5;4.75;2.5;0;0;1.3;0;0;0;0;3.5;0;0;1.3;3.2;0;0;0;0;1.33;1.2;1.8;2.3;2.6;3.4;1.83;3.2;3.6;0;0;0;0;0;0;0;0;0;0;0;0;0;0;0;1.57;21;2.3;0;0;0;0;0;0;0;0;0;0;0;0;0;0;0;0;0;0;0;0;0;0;1;1;0;0;0;0;1;2019-11-09 12:00:00;2047;0;69;13;50;0;1;1;6;1;3;3;7;6;0;0;1;0;0;1;1;88;57;102;122;2.12;1.35;3.47;0;0;0;0;0;0;1;1;0;0;0;0;0;0;-1;-1;-1;-1;-1;-1;-1;-1;-1;38;50;69;69;100;32;82;88;63;5.47;0;5.38;3.51;Dubnica;Žilina II;2.73;1.36;2.63;1.88;2.19;1.75;63;50;32;32;0;30;30;30;2.03;1.3;3.33;2261;21;Y;N;N;N;N;N;N
2334001;2029;11218;2019/2020;complete;90407;17;-1;26,31,74,86;;4;0;4;6;5;11;-1;-1;3;0;0;0;7;6;2;7;9;13;-1;-1;49;51;3;0;1.91;3.5;3.3;0;0;1.62;0;0;0;0;2.25;0;0;1.57;2.25;0;0;0;0;1.3;1.25;1.73;2.5;2.38;3.6;2.2;2.63;3.6;0;0;0;0;0;0;0;0;0;0;0;0;0;0;0;1.62;13;2.3;0;0;0;0;0;0;0;0;0;0;0;0;0;0;0;0;0;0;0;0;0;0;4;2;0;2;0;2;2;2019-11-08 12:30:00;2029;0;32;7;19;0;1;1;4;5;2;0;9;2;1;0;2;0;1;2;1;30;31;64;65;1.28;1.46;2.74;1;0;1;0;0;0;1;1;0;0;1;0;0;0;-1;-1;-1;-1;-1;-1;-1;-1;-1;13;32;32;63;82;19;44;75;44;8.5;0;5;2.19;Komárno;Ružomberok II;1.78;1.11;1.63;1.25;1.06;1.27;88;69;69;38;19;57;44;19;1.47;1.56;3.03;2261;18;Y;Y;Y;Y;N;N;N
2334002;2024;11049;2019/2020;complete;90407;17;-1;18;;1;0;1;6;5;11;-1;-1;0;0;0;1;6;6;12;13;18;19;-1;-1;49;51;0;2;1.33;3.75;3.25;0;0;1.8;0;0;0;0;2;0;0;1.73;2;0;0;0;0;1.2;1.22;2;2.25;2.3;4.5;2;2.6;4.33;0;0;0;0;0;0;0;0;0;0;0;0;0;0;0;1.5;11;2.88;0;0;0;0;0;0;0;0;0;0;0;0;0;0;0;0;0;0;0;0;0;0;1;1;0;0;0;0;1;2019-11-09 12:00:00;2024;0;42;24;12;0;1;1;2;2;4;3;4;7;0;0;0;1;0;1;1;59;52;99;106;1.98;1.99;3.97;0;0;0;0;0;0;1;1;0;0;1;0;0;0;-1;-1;-1;-1;-1;-1;-1;-1;-1;12;24;36;72;95;42;78;60;24;10.63;0;4.81;2.48;Liptovský Mikuláš;Púchov;1.78;0.8;1.63;0.89;1.44;1.31;89;77;65;29;6;57;57;44;2.5;1.15;3.65;2261;18;Y;N;N;N;N;N;N
2334003;2027;2005;2019/2020;complete;90407;17;-1;75;49,90;1;2;3;4;1;5;-1;-1;3;3;0;0;4;4;5;4;9;8;-1;-1;50;50;3;3;1.44;4.2;5.5;0;0;2;0;0;0;0;1.8;0;0;2.1;1.67;0;0;0;0;1.11;1.2;2.5;2;2.25;6;1.73;2.63;5.5;0;0;0;0;0;0;0;0;0;0;0;0;0;0;0;1.33;9;3.75;0;0;0;0;0;0;0;0;0;0;0;0;0;0;0;0;0;0;0;0;0;0;3;0;0;1;2;3;0;2019-11-09 15:00:00;2005;0;53;7;38;0;1;1;1;0;3;1;1;4;1;1;2;2;2;4;1;90;43;156;108;1.51;1.11;2.62;0;0;0;0;0;0;1;1;0;0;0;0;0;0;-1;-1;-1;-1;-1;-1;-1;-1;-1;21;38;44;79;100;15;73;88;63;12.29;0;3.63;2.82;Poprad;Podbrezová;1.8;0.56;2.25;0.17;1.94;1.47;79;63;57;21;0;45;38;38;2.31;1.18;3.49;2261;21;Y;Y;Y;N;N;N;Y
2334004;2004;2037;2019/2020;complete;90407;17;-1;16,39,84;74;3;1;4;-1;-1;-1;-1;-1;0;2;0;1;-1;-1;-1;-1;-1;-1;-1;-1;-1;-1;0;4;1.25;5;9;0;0;1.8;0;0;0;0;2;0;0;2.25;1.57;0;0;0;0;1.04;1.13;3.5;1.73;2.5;8.5;1.4;3.4;10;0;0;0;0;0;0;0;0;0;0;0;0;0;0;0;1.18;10;6;0;0;0;0;0;0;0;0;0;0;0;0;0;0;0;0;0;0;0;0;0;0;4;2;0;1;1;2;2;2019-11-09 16:00:00;2004;0;19;0;13;0;-1;1;-1;-1;-1;-1;-1;-1;0;1;0;2;1;2;-1;0;0;0;0;0;0;0;1;0;1;0;0;0;1;1;0;0;-1;-1;0;0;-1;-1;-1;-1;-1;-1;-1;-1;-1;0;13;54;81;100;27;88;80;47;8.55;0;3.96;2.47;Skalica;Slovan Bratislava II;2.67;0;2.75;0;2;0.88;100;88;47;20;0;45;35;29;1.52;0.83;2.35;2261;18;Y;Y;Y;Y;N;N;Y
2334005;10053;2028;2019/2020;complete;90407;17;-1;;40;0;1;1;6;9;15;-1;-1;4;3;0;1;6;8;7;6;13;14;-1;-1;48;52;4;4;1.53;4.2;2.38;0;0;1.65;0;0;0;0;2.2;0;0;1.5;2.5;0;0;0;0;1.33;1.22;1.73;2.5;2.4;3.5;2.1;2.8;3.6;0;0;0;0;0;0;0;0;0;0;0;0;0;0;0;1.62;15;2.3;0;0;0;0;0;0;0;0;0;0;0;0;0;0;0;0;0;0;0;0;0;0;1;0;1;0;0;0;1;2019-11-10 09:30:00;2028;0;59;27;25;0;1;1;2;3;4;6;5;10;2;0;2;4;2;6;1;70;73;109;103;1.75;1.97;3.72;0;0;0;0;0;0;1;1;0;0;1;0;0;0;-1;-1;-1;-1;-1;-1;-1;-1;-1;13;39;80;86;100;61;86;94;44;9.37;0;4.64;3.48;Petržalka akadémia;Partizán Bardejov;1.33;0.78;1.5;0.57;1.06;1.13;88;62;21;15;0;63;42;32;1.7;1.18;2.88;2261;18;Y;N;N;N;N;N;N
2334006;2021;11211;2019/2020;complete;90407;17;-1;3;87;1;1;2;6;2;8;-1;-1;3;3;0;0;10;7;7;5;17;12;-1;-1;47;53;3;3;1.83;3.4;1.83;0;0;1.8;0;0;0;0;2;0;0;1.67;2.1;0;0;0;0;1.44;1.29;1.5;3;2.25;3.1;2.63;2.4;3;0;0;0;0;0;0;0;0;0;0;0;0;0;0;0;1.83;11;2.05;0;0;0;0;0;0;0;0;0;0;0;0;0;0;0;0;0;0;0;0;0;0;2;1;0;0;1;1;1;2019-11-10 12:00:00;-1;0;50;29;21;0;1;1;0;0;6;2;0;8;2;0;1;3;2;4;1;46;55;111;103;2.11;1.65;3.76;0;0;0;0;0;0;1;1;1;0;0;0;0;0;-1;-1;-1;-1;-1;-1;-1;-1;-1;15;38;50;59;86;46;73;50;36;10.03;0;3.96;2.46;Slavoj Trebišov;FK Košice;1.5;0.89;1.33;0.88;0.69;1.25;86;63;50;42;15;64;55;35;1.88;1.78;3.66;2261;17;Y;Y;N;N;N;N;Y
2334007;2028;2021;2019/2020;complete;90407;3;-1;8;10;1;1;2;-1;-1;-1;-1;-1;5;4;0;0;-1;-1;-1;-1;-1;-1;-1;-1;-1;-1;5;4;2.38;3.4;2.63;0;0;0;0;0;0;0;0;0;0;0;0;0;0;0;0;0;0;0;0;0;0;0;0;0;0;0;0;0;0;0;0;0;0;0;0;0;0;0;0;0;0;0;0;0;0;0;0;0;0;0;0;0;0;0;0;0;0;0;0;0;0;0;0;0;2;1;1;0;0;0;2;2019-08-03 15:00:00;-1;0;100;25;50;0;-1;1;-1;-1;-1;-1;-1;-1;1;1;4;3;2;7;-1;0;0;0;0;0;0;0;0;0;0;0;0;0;1;1;1;1;-1;-1;0;0;-1;-1;-1;-1;-1;-1;-1;-1;-1;25;50;100;100;100;25;75;100;100;10.5;0;1;4.5;Partizán Bardejov;Slavoj Trebišov;1.56;0.3;0;0.5;0;0.5;75;50;0;0;0;100;100;50;1.31;1.54;2.85;2261;18;Y;Y;N;N;N;N;Y
2334009;2005;2004;2019/2020;complete;90407;18;-1;22;;1;0;1;4;5;9;-1;-1;2;0;0;0;6;6;7;6;13;12;-1;-1;44;56;2;0;2.1;3.5;1.67;0;0;1.85;0;0;0;0;1.95;0;0;1.57;2.25;0;0;0;0;1.57;1.25;1.4;3.2;2.2;2.88;3;2.5;2.6;0;0;0;0;0;0;0;0;0;0;0;0;0;0;0;0;0;0;5.5;4.5;0;0;0;0;0;0;0;0;0;0;0;0;0;0;0;0;0;0;0;0;1;1;0;0;0;0;1;2020-03-06 14:00:00;2005;0;48;18;37;0;1;1;2;3;2;2;5;4;0;0;2;0;0;2;1;39;46;90;114;1.53;1.52;3.05;0;0;0;0;0;0;1;1;0;0;0;0;0;0;-1;-1;-1;-1;-1;-1;-1;-1;-1;18;30;71;89;100;36;83;94;66;10.92;0;3.25;3.25;Podbrezová;Skalica;2.33;1;2.33;1.25;1.47;2.06;82;71;29;12;0;71;63;50;1.75;1.81;3.56;2261;21;Y;N;N;N;N;N;N
2334010;11049;2029;2019/2020;complete;90407;18;-1;32;;1;0;1;2;6;8;-1;-1;-1;-1;-1;-1;4;8;7;14;11;22;-1;-1;39;61;-1;-1;1.62;3.4;2.2;0;0;1.9;0;0;0;0;1.9;0;0;1.62;2.2;0;0;0;0;1.36;1.3;1.67;2.88;2.2;3.4;2.75;2.5;2.88;0;0;0;0;0;0;0;0;0;0;0;0;0;0;0;0;0;0;4.5;5;0;0;0;0;0;0;0;0;0;0;0;0;0;0;0;0;0;0;0;0;1;1;0;0;0;0;1;2020-03-07 13:30:00;11049;0;73;32;34;0;-1;-1;-1;-1;-1;-1;-1;-1;-1;-1;-1;-1;-1;-1;1;32;48;95;105;1.21;2.29;3.51;-1;-1;-1;-1;-1;-1;-1;1;0;0;-1;-1;-1;-1;-1;-1;-1;-1;-1;-1;-1;-1;-1;26;39;67;87;100;54;81;75;47;9.08;0;4.38;3.4;Púchov;Komárno;2;0.44;1.86;0.5;1.24;1.18;75;62;34;14;0;88;71;54;1.6;1.32;2.92;2261;18;Y;N;N;N;N;N;N
2334011;11218;10052;2019/2020;complete;90407;18;-1;;54;0;1;1;5;3;8;-1;-1;4;2;0;0;3;7;6;4;9;11;-1;-1;53;47;4;2;3;4.2;1.36;0;0;1.48;0;0;0;0;2.6;0;0;1.44;2.63;0;0;0;0;2.1;1.22;1.25;3.75;2.5;2.2;3.4;2.8;2.1;0;0;0;0;0;0;0;0;0;0;0;0;0;0;0;2.6;17;1.5;8;4.2;0;0;0;0;0;0;0;0;0;0;0;0;0;0;0;0;0;0;0;0;1;0;0;0;1;1;0;2020-03-08 09:30:00;10052;0;57;13;26;0;1;1;2;2;3;1;4;4;0;0;4;2;0;6;1;90;85;136;142;1.44;1.81;3.25;0;1;0;1;0;0;1;1;0;0;1;0;0;0;-1;-1;-1;-1;-1;-1;-1;-1;-1;25;38;69;94;94;50;82;88;51;14.63;0;2.92;3.38;Ružomberok II;Dukla Banská Bystrica;1.33;2;1.5;2;1.29;2.24;75;63;32;7;7;94;94;82;2.16;1.92;4.08;2261;18;Y;N;N;N;N;N;N
2334012;2023;2047;2019/2020;complete;90407;18;-1;20,67;12;2;1;3;8;9;17;-1;-1;-1;-1;-1;-1;9;4;4;8;13;12;-1;-1;48;52;-1;-1;1.8;3.4;1.91;0;0;1.7;0;0;0;0;2.1;0;0;1.5;2.5;0;0;0;0;1.44;1.29;1.5;2.88;2.38;3;2.5;2.63;3;0;0;0;0;0;0;0;0;0;0;0;0;0;0;0;1.8;13;2.05;4.5;6;0;0;0;0;0;0;0;0;0;0;0;0;0;0;0;0;0;0;0;0;3;1;1;1;0;1;2;2020-03-08 09:30:00;2023;0;57;44;19;0;1;-1;3;5;5;4;8;9;-1;-1;-1;-1;-1;-1;1;45;50;89;89;1.78;1.4;3.18;-1;-1;-1;-1;-1;-1;-1;1;0;0;0;1;-1;-1;-1;-1;-1;-1;-1;-1;-1;-1;-1;25;44;75;88;100;51;76;82;44;8.75;0;4.13;3.5;Šamorín;Dubnica;2.11;1.45;2;1.75;1.06;2.24;75;57;25;13;0;86;65;53;1.71;1.52;3.23;2261;18;Y;Y;Y;N;N;N;Y
2334013;2037;2024;2019/2020;complete;90407;18;-1;56,72;16;2;1;3;5;8;13;-1;-1;2;2;0;0;4;5;14;4;18;9;-1;-1;50;50;2;2;1.5;4.75;5.25;0;0;1.6;0;0;0;0;2.3;0;0;1.57;2.25;0;0;0;0;1.14;1.17;2.5;2.05;2.5;4.75;1.83;2.8;4.5;0;0;0;0;0;0;0;0;0;0;0;0;0;0;0;1.36;15;3.1;3;10;0;0;0;0;0;0;0;0;0;0;0;0;0;0;0;0;0;0;0;0;3;0;1;2;0;2;1;2020-03-08 09:30:00;2037;0;54;24;31;0;1;1;1;5;4;3;6;7;0;1;2;1;1;3;1;51;58;126;121;1.79;1.35;3.14;0;0;0;0;0;0;1;1;0;0;0;2;0;0;-1;-1;-1;-1;-1;-1;-1;-1;-1;18;36;61;89;95;41;95;84;49;10.15;0;3.49;3.35;Slovan Bratislava II;Liptovský Mikuláš;1.7;1.11;1.56;1.25;0.82;1.53;82;64;40;11;6;93;86;64;1.11;1.63;2.74;2261;18;Y;Y;Y;N;N;N;Y
2334014;2026;10053;2019/2020;complete;90407;18;-1;10;;1;0;1;10;6;16;-1;-1;1;0;0;0;7;4;8;2;15;6;-1;-1;50;50;1;0;1.22;3.8;4;0;0;1.44;0;0;0;0;2.7;0;0;1.5;2.5;0;0;0;0;1.11;1.22;2.25;2.05;2.5;4.5;1.83;2.88;4.33;0;0;0;0;0;0;0;0;0;0;0;0;0;0;0;1.4;15;2.88;3.25;11;0;0;0;0;0;0;0;0;0;0;0;0;0;0;0;0;0;0;0;0;1;1;0;0;0;0;1;2020-03-08 09:30:00;2026;0;75;25;51;0;1;1;9;3;1;3;12;4;1;0;0;0;1;0;1;84;72;66;66;2.03;1.18;3.2;0;0;0;0;0;0;1;1;1;0;4;0;0;0;-1;-1;-1;-1;-1;-1;-1;-1;-1;32;44;69;94;94;44;76;88;69;11.63;0;4.25;3.44;Žilina II;Petržalka akadémia;1.9;0.56;1.63;0.63;1.65;1;69;57;32;7;7;78;63;46;2.58;1.42;4;2261;18;Y;N;N;N;N;N;N
2334057;2005;2021;2019/2020;complete;90407;9;-1;31,56,83;;3;0;3;-1;-1;-1;-1;-1;0;2;0;0;-1;-1;-1;-1;-1;-1;-1;-1;-1;-1;0;2;1.62;3.9;4.33;0;0;0;0;0;0;0;0;0;0;0;0;0;0;0;0;0;0;0;0;0;0;0;0;0;0;0;0;0;0;0;0;0;0;0;0;0;0;0;0;0;0;0;0;0;0;0;0;0;0;0;0;0;0;0;0;0;0;0;0;0;0;0;0;0;3;1;0;2;0;2;1;2019-09-14 15:00:00;2005;0;60;34;44;0;-1;1;-1;-1;-1;-1;-1;-1;0;2;0;0;2;0;-1;0;0;0;0;0;0;0;0;0;0;0;0;0;1;1;0;0;-1;-1;0;0;-1;-1;-1;-1;-1;-1;-1;-1;-1;17;35;72;100;100;44;74;92;54;11.8;0;3.75;3.49;Podbrezová;Slavoj Trebišov;2.33;0.3;1.8;0.33;1.13;0.38;84;65;29;0;0;80;80;60;1.67;1.52;3.19;2261;18;Y;Y;Y;N;N;N;N
2334094;2037;11049;2019/2020;complete;90407;13;-1;41,45;;2;0;2;9;1;10;-1;-1;0;1;0;0;-1;-1;-1;-1;-1;-1;-1;-1;-1;-1;0;1;1.33;4.2;3.25;0;0;1.7;0;0;0;0;2.1;0;0;1.62;2.2;0;0;0;0;1.2;1.2;2.2;2.2;2.38;4.33;2;2.7;4;0;0;0;0;0;0;0;0;0;0;0;0;0;0;0;1.44;13;2.88;0;0;0;0;0;0;0;0;0;0;0;0;0;0;0;0;0;0;0;0;0;0;2;2;0;0;0;0;2;2019-10-12 13:00:00;2037;0;31;24;16;0;1;1;4;1;5;0;5;5;0;0;0;1;0;1;-1;0;0;0;0;0;0;0;1;0;1;0;0;0;1;1;0;0;2;0;0;0;-1;-1;-1;-1;-1;-1;-1;-1;-1;9;24;40;55;85;32;70;62;24;8.27;0;4.17;2.27;Slovan Bratislava II;Púchov;1.7;0.8;1.17;1.14;0.58;1.25;92;77;61;45;16;82;82;64;1.13;1.17;2.3;2261;18;Y;Y;N;N;N;N;N
2334111;10052;2005;2019/2020;complete;90406;1;-1;90,90;62,66;2;2;4;10;6;16;-1;-1;2;1;0;0;4;4;2;2;6;6;-1;-1;47;53;2;1;1.13;4.5;5.5;0;0;1.6;0;0;0;0;2.3;0;0;1.8;1.91;0;0;0;0;1.07;1.14;3;1.83;2.6;5.5;1.62;3;6;0;0;0;0;0;0;0;0;0;0;0;0;0;0;0;0;0;0;2.3;14;0;0;0;0;0;0;0;0;0;0;0;0;0;0;0;0;0;0;0;0;4;0;0;2;2;4;0;2020-06-13 15:00:00;-1;1;47;17;42;0;1;1;6;2;4;4;8;8;0;0;2;1;0;3;1;78;68;91;98;1.23;1.16;2.38;0;0;0;0;0;0;1;1;0;0;0;1;0;0;-1;-1;-1;-1;-1;-1;-1;-1;-1;17;36;64;86;97;36;78;89;50;15.11;0;2.95;3.14;Dukla Banská Bystrica;Podbrezová;2.18;1.57;2.28;1.56;2.28;1.56;84;64;36;14;3;76;73;59;3.09;1.16;4.25;2261;21;Y;Y;Y;Y;N;N;Y
2334112;2004;2027;2019/2020;complete;90406;1;-1;40;;1;0;1;4;1;5;-1;-1;-1;-1;-1;-1;4;2;4;2;8;4;-1;-1;53;47;-1;-1;1.22;3.75;4;0;0;1.85;0;0;0;0;1.95;0;0;1.75;1.95;0;0;0;0;1.11;1.22;2.38;2.1;2.3;5;1.83;2.7;5;0;0;0;0;0;0;0;0;0;0;0;0;0;0;0;0;0;0;2.63;10;0;0;0;0;0;0;0;0;0;0;0;0;0;0;0;0;0;0;0;0;1;1;0;0;0;0;1;2020-06-13 17:00:00;2004;1;46;0;23;0;1;-1;2;0;2;1;2;3;-1;-1;-1;-1;-1;-1;1;60;33;107;88;1.23;0.65;1.87;1;0;1;0;0;0;1;1;0;0;0;0;-1;-1;-1;-1;-1;-1;-1;-1;-1;-1;-1;12;26;51;77;100;23;77;83;60;11.94;0;3.15;2.68;Skalica;Poprad;1.91;1.48;1.94;1.82;1.94;1.82;89;75;49;23;0;59;40;37;1.52;1.69;3.21;2261;21;Y;N;N;N;N;N;N
2334113;2027;10052;2019/2020;complete;90406;2;-1;;16,26,44,45,60,66,78;0;7;7;2;8;10;-1;-1;0;1;0;0;2;14;8;6;10;20;-1;-1;38;62;0;1;4.33;4.5;1.2;0;0;1.44;0;0;0;0;2.7;0;0;1.73;2;0;0;0;0;2.5;1.14;1.12;5;2.62;1.91;5.5;3.1;1.67;0;0;0;0;0;0;0;0;0;0;0;0;0;0;0;0;0;0;14;2.5;0;0;0;0;0;0;0;0;0;0;0;0;0;0;0;0;0;0;0;0;7;0;4;0;3;3;4;2020-06-20 15:00:00;10052;1;46;6;22;0;1;1;2;4;0;4;6;4;0;0;0;1;0;1;1;29;102;106;153;0.99;2.98;3.97;0;0;0;0;0;0;1;1;0;0;0;1;0;0;-1;-1;-1;-1;-1;-1;-1;-1;-1;16;32;57;81;98;29;73;81;54;15.56;0;2.82;2.91;Poprad;Dukla Banská Bystrica;1.48;2.18;1.72;2.21;1.72;2.21;84;68;44;20;3;72;60;55;2.21;1.9;4.11;2261;21;Y;Y;Y;Y;Y;Y;N
2334114;2005;2047;2019/2020;complete;90406;2;-1;81;68;1;1;2;4;9;13;-1;-1;1;2;0;0;5;5;6;6;11;11;-1;-1;62;38;1;2;1.4;3.8;2.75;0;0;1.67;0;0;0;0;2.15;0;0;1.6;2.2;0;0;0;0;1.25;1.22;1.91;2.3;2.38;4;2;2.7;4.2;0;0;0;0;0;0;0;0;0;0;0;0;0;0;0;0;0;0;3.1;9;0;0;0;0;0;0;0;0;0;0;0;0;0;0;0;0;0;0;0;0;2;0;0;1;1;2;0;2020-06-19 14:00:00;-1;1;57;44;16;0;1;1;2;2;2;7;4;9;1;0;0;2;1;2;1;63;53;115;92;1.51;1.43;2.94;0;0;0;0;0;0;1;1;0;0;0;0;0;0;-1;-1;-1;-1;-1;-1;-1;-1;-1;25;41;63;81;100;30;79;87;49;10.69;0;4.13;3.23;Podbrezová;Dubnica;1.57;2.09;1.53;2.11;1.53;2.11;75;59;38;19;0;66;58;51;1.73;1.5;3.23;2261;21;Y;Y;N;N;N;N;Y
2334115;2047;2027;2019/2020;complete;90406;3;-1;79,89;2;2;1;3;14;7;21;-1;-1;3;2;0;0;7;6;7;2;14;8;-1;-1;57;43;3;2;1.05;7;8.5;0;0;1.5;0;0;0;0;2.5;0;0;2.1;1.65;0;0;0;0;1.03;1.07;4.5;1.5;2.88;10;1.36;3.6;9.5;0;0;0;0;0;0;0;0;0;0;0;0;0;0;0;0;0;0;1.83;26;0;0;0;0;0;0;0;0;0;0;0;0;0;0;0;0;0;0;0;0;3;0;1;2;0;2;1;2020-06-27 15:00:00;2047;1;53;6;28;0;1;1;10;5;4;2;15;6;0;1;3;1;1;4;1;92;29;111;80;2.04;1.14;3.18;0;0;0;0;0;0;1;1;0;1;0;0;0;0;-1;-1;-1;-1;-1;-1;-1;-1;-1;27;34;53;77;100;27;77;79;53;11.1;0;3.9;3.03;Dubnica;Poprad;2.09;1.48;2.05;1.63;2.05;1.63;74;66;48;24;0;62;47;44;2.05;1.43;3.48;2261;21;Y;Y;Y;N;N;N;Y
2334116;10052;2004;2019/2020;complete;90406;3;-1;51,71;;2;0;2;5;2;7;-1;-1;0;3;0;0;6;2;5;5;11;7;-1;-1;59;41;0;3;1.11;5.5;6;0;0;1.36;0;0;0;0;3.1;0;0;1.5;2.4;0;0;0;0;1.08;1.12;3.4;1.73;2.88;6;1.57;3.5;5.5;0;0;0;0;0;0;0;0;0;0;0;0;0;0;0;1.25;21;3.75;2.75;18;0;0;0;0;0;0;0;0;0;0;0;0;0;0;0;0;0;0;0;0;2;0;0;2;0;2;0;2020-06-27 15:00:00;10052;1;49;21;48;0;1;1;1;0;4;2;1;6;0;0;0;3;0;3;1;83;59;92;69;1.71;1.01;2.72;0;0;0;0;0;0;1;1;0;0;0;0;0;0;-1;-1;-1;-1;-1;-1;-1;-1;-1;18;41;67;82;98;41;80;82;62;14.39;0;2.46;3.2;Dukla Banská Bystrica;Skalica;2.18;1.91;2.25;2;2.25;2;82;59;34;18;3;73;67;54;2.62;1.77;4.39;2261;22;Y;Y;N;N;N;N;N
2334117;2005;2026;2019/2020;complete;90406;3;-1;15,76,86;;3;0;3;14;4;18;-1;-1;0;1;0;0;9;2;12;5;21;7;-1;-1;50;50;0;1;1.17;4.2;4.5;0;0;1.44;0;0;0;0;2.7;0;0;1.45;2.4;0;0;0;0;1.1;1.2;2.62;1.83;2.62;5;1.73;3.1;4.5;0;0;0;0;0;0;0;0;0;0;0;0;0;0;0;0;0;0;3.1;14;0;0;0;0;0;0;0;0;0;0;0;0;0;0;0;0;0;0;0;0;3;1;0;2;0;2;1;2020-06-26 14:00:00;2005;1;64;15;31;0;1;1;10;2;4;2;12;6;0;0;0;1;0;1;1;84;44;117;98;2.56;0.91;3.47;0;0;0;0;0;0;1;1;0;0;3;0;0;0;-1;-1;-1;-1;-1;-1;-1;-1;-1;25;40;64;82;100;38;80;87;53;10.82;0;3.42;3.31;Podbrezová;Žilina II;1.57;1.62;1.5;1.72;1.5;1.72;76;60;37;19;0;75;68;62;1.71;1.31;3.02;2261;21;Y;Y;Y;N;N;N;N
2334118;2004;2047;2019/2020;complete;90406;4;-1;;;0;0;0;7;5;12;-1;-1;2;1;0;0;3;2;7;4;10;6;-1;-1;56;44;2;1;2.2;3.25;1.62;0;0;1.62;0;0;0;0;2.25;0;0;1.45;2.55;0;0;0;0;1.53;1.33;1.44;3;2.38;2.88;2.88;2.7;2.5;0;0;0;0;0;0;0;0;0;0;0;0;0;0;0;0;0;0;6;5;0;0;0;0;0;0;0;0;0;0;0;0;0;0;0;0;0;0;0;0;0;0;0;0;0;0;0;2020-07-04 17:00:00;-1;1;58;30;30;0;1;1;4;0;3;5;4;8;0;0;2;1;0;3;1;58;37;94;76;1.26;0.79;2.06;0;0;0;0;0;0;1;1;0;0;0;0;0;0;-1;-1;-1;-1;-1;-1;-1;-1;-1;23;38;60;78;100;33;80;80;60;10.85;0;3.75;3.08;Skalica;Dubnica;1.91;2.09;1.9;2.1;1.9;2.1;78;63;40;23;0;61;52;49;1.49;1.49;2.98;2261;22;N;N;N;N;N;N;N
2334119;2026;2027;2019/2020;complete;90406;4;-1;10,15,37,47;;4;0;4;10;0;10;-1;-1;2;2;0;0;9;3;3;2;12;5;-1;-1;67;33;2;2;1.25;4.75;3.75;0;0;1.36;0;0;0;0;3.1;0;0;1.33;3;0;0;0;0;1.14;1.14;2.5;1.95;2.75;4.33;1.83;3.1;4;0;0;0;0;0;0;0;0;0;0;0;0;0;0;0;1.36;23;3;4;12;0;0;0;0;0;0;0;0;0;0;0;0;0;0;0;0;0;0;0;0;4;3;0;1;0;1;3;2020-07-05 08:30:00;2026;1;57;22;33;0;1;1;6;0;4;0;6;4;2;1;0;1;3;1;1;95;18;102;61;2.07;0.66;2.73;0;0;0;0;0;0;1;1;1;0;1;0;0;0;-1;-1;-1;-1;-1;-1;-1;-1;-1;26;34;60;77;100;34;82;80;57;11;0;3.23;3.17;Žilina II;Poprad;1.62;1.48;1.63;1.55;1.63;1.55;74;67;41;23;0;71;58;54;2.52;1.37;3.89;2261;21;Y;Y;Y;Y;N;N;N
2334120;2004;2026;2019/2020;complete;90406;5;-1;9;;1;0;1;3;3;6;-1;-1;1;3;0;0;3;0;12;9;15;9;-1;-1;41;59;1;3;1.5;3.6;2.5;0;0;1.53;0;0;0;0;2.4;0;0;1.4;2.75;0;0;0;0;1.33;1.29;1.73;2.5;2.4;3.4;2.3;2.75;3.1;0;0;0;0;0;0;0;0;0;0;0;0;0;0;0;1.62;15;2.25;4.5;7;0;0;0;0;0;0;0;0;0;0;0;0;0;0;0;0;0;0;0;0;1;1;0;0;0;0;1;2020-07-10 15:00:00;2004;1;57;5;34;0;1;1;3;1;0;2;4;2;0;0;1;3;0;4;1;27;16;59;54;1.35;0.69;2.03;0;0;0;0;0;0;1;1;1;0;1;0;0;0;-1;-1;-1;-1;-1;-1;-1;-1;-1;23;40;64;76;98;42;83;78;59;10.4;0;3.08;3.16;Skalica;Žilina II;1.91;1.62;1.86;1.7;1.86;1.7;78;61;37;25;3;69;60;55;1.47;1.26;2.73;2261;21;Y;N;N;N;N;N;N
2334121;2047;10052;2019/2020;complete;90406;5;-1;26,45,55,84;90;4;1;5;2;13;15;-1;-1;4;5;0;0;5;12;6;4;11;16;-1;-1;46;54;4;5;2.75;3.75;1.4;0;0;2.05;0;0;0;0;1.75;0;0;1.65;2.1;0;0;0;0;1.91;1.22;1.22;4;2.3;2.38;3.6;2.5;2.3;0;0;0;0;0;0;0;0;0;0;0;0;0;0;0;0;0;0;6.5;3.6;0;0;0;0;0;0;0;0;0;0;0;0;0;0;0;0;0;0;0;0;5;2;0;2;1;3;2;2020-07-11 15:00:00;2047;1;58;5;25;0;1;1;1;3;1;10;4;11;1;3;3;2;4;5;1;45;67;114;130;1.38;2.34;3.72;1;0;1;0;0;0;1;1;0;0;0;1;0;0;-1;-1;-1;-1;-1;-1;-1;-1;-1;29;46;67;83;95;41;74;81;57;14.61;0;3.47;3.38;Dubnica;Dukla Banská Bystrica;2.09;2.18;2.05;2.29;2.05;2.29;72;55;34;17;5;77;73;64;2.05;2.08;4.13;2261;22;Y;Y;Y;Y;Y;N;Y
