ID;HOMEID;AWAYID;SEASON;STATUS;ROUNDID;GAME_WEEK;REVISED_GAME_WEEK;HOMEGOALS;AWAYGOALS;HOMEGOALCOUNT;AWAYGOALCOUNT;TOTALGOALCOUNT;TEAM_A_CORNERS;TEAM_B_CORNERS;TOTALCORNERCOUNT;TEAM_A_OFFSIDES;TEAM_B_OFFSIDES;TEAM_A_YELLOW_CARDS;TEAM_B_YELLOW_CARDS;TEAM_A_RED_CARDS;TEAM_B_RED_CARDS;TEAM_A_SHOTSONTARGET;TEAM_B_SHOTSONTARGET;TEAM_A_SHOTSOFFTARGET;TEAM_B_SHOTSOFFTARGET;TEAM_A_SHOTS;TEAM_B_SHOTS;TEAM_A_FOULS;TEAM_B_FOULS;TEAM_A_POSSESSION;TEAM_B_POSSESSION;TEAM_A_CARDS_NUM;TEAM_B_CARDS_NUM;ODDS_FT_1;ODDS_FT_X;ODDS_FT_2;ODDS_FT_OVER05;ODDS_FT_OVER15;ODDS_FT_OVER25;ODDS_FT_OVER35;ODDS_FT_OVER45;ODDS_FT_UNDER05;ODDS_FT_UNDER15;ODDS_FT_UNDER25;ODDS_FT_UNDER35;ODDS_FT_UNDER45;ODDS_BTTS_YES;ODDS_BTTS_NO;ODDS_TEAM_A_CS_YES;ODDS_TEAM_A_CS_NO;ODDS_TEAM_B_CS_YES;ODDS_TEAM_B_CS_NO;ODDS_DOUBLECHANCE_1X;ODDS_DOUBLECHANCE_12;ODDS_DOUBLECHANCE_X2;ODDS_1ST_HALF_RESULT_1;ODDS_1ST_HALF_RESULT_X;ODDS_1ST_HALF_RESULT_2;ODDS_2ND_HALF_RESULT_1;ODDS_2ND_HALF_RESULT_X;ODDS_2ND_HALF_RESULT_2;ODDS_DNB_1;ODDS_DNB_2;ODDS_CORNERS_OVER_75;ODDS_CORNERS_OVER_85;ODDS_CORNERS_OVER_95;ODDS_CORNERS_OVER_105;ODDS_CORNERS_OVER_115;ODDS_CORNERS_UNDER_75;ODDS_CORNERS_UNDER_85;ODDS_CORNERS_UNDER_95;ODDS_CORNERS_UNDER_105;ODDS_CORNERS_UNDER_115;ODDS_CORNERS_1;ODDS_CORNERS_X;ODDS_CORNERS_2;ODDS_TEAM_TO_SCORE_FIRST_1;ODDS_TEAM_TO_SCORE_FIRST_X;ODDS_TEAM_TO_SCORE_FIRST_2;ODDS_WIN_TO_NIL_1;ODDS_WIN_TO_NIL_2;ODDS_1ST_HALF_OVER05;ODDS_1ST_HALF_OVER15;ODDS_1ST_HALF_OVER25;ODDS_1ST_HALF_OVER35;ODDS_1ST_HALF_UNDER05;ODDS_1ST_HALF_UNDER15;ODDS_1ST_HALF_UNDER25;ODDS_1ST_HALF_UNDER35;ODDS_2ND_HALF_OVER05;ODDS_2ND_HALF_OVER15;ODDS_2ND_HALF_OVER25;ODDS_2ND_HALF_OVER35;ODDS_2ND_HALF_UNDER05;ODDS_2ND_HALF_UNDER15;ODDS_2ND_HALF_UNDER25;ODDS_2ND_HALF_UNDER35;ODDS_BTTS_1ST_HALF_YES;ODDS_BTTS_1ST_HALF_NO;ODDS_BTTS_2ND_HALF_YES;ODDS_BTTS_2ND_HALF_NO;OVERALLGOALCOUNT;HT_GOALS_TEAM_A;HT_GOALS_TEAM_B;GOALS_2HG_TEAM_A;GOALS_2HG_TEAM_B;GOALCOUNT_2HG;HTGOALCOUNT;DATE_UNIX;WINNINGTEAM;NO_HOME_AWAY;BTTS_POTENTIAL;BTTS_FHG_POTENTIAL;BTTS_2HG_POTENTIAL;GOALTIMINGDISABLED;CORNER_TIMINGS_RECORDED;CARD_TIMINGS_RECORDED;TEAM_A_FH_CORNERS;TEAM_B_FH_CORNERS;TEAM_A_2H_CORNERS;TEAM_B_2H_CORNERS;CORNER_FH_COUNT;CORNER_2H_COUNT;TEAM_A_FH_CARDS;TEAM_B_FH_CARDS;TEAM_A_2H_CARDS;TEAM_B_2H_CARDS;TOTAL_FH_CARDS;TOTAL_2H_CARDS;ATTACKS_RECORDED;TEAM_A_DANGEROUS_ATTACKS;TEAM_B_DANGEROUS_ATTACKS;TEAM_A_ATTACKS;TEAM_B_ATTACKS;TEAM_A_XG;TEAM_B_XG;TOTAL_XG;TEAM_A_PENALTIES_WON;TEAM_B_PENALTIES_WON;TEAM_A_PENALTY_GOALS;TEAM_B_PENALTY_GOALS;TEAM_A_PENALTY_MISSED;TEAM_B_PENALTY_MISSED;PENS_RECORDED;GOAL_TIMINGS_RECORDED;TEAM_A_0_10_MIN_GOALS;TEAM_B_0_10_MIN_GOALS;TEAM_A_CORNERS_0_10_MIN;TEAM_B_CORNERS_0_10_MIN;TEAM_A_CARDS_0_10_MIN;TEAM_B_CARDS_0_10_MIN;THROWINS_RECORDED;TEAM_A_THROWINS;TEAM_B_THROWINS;FREEKICKS_RECORDED;TEAM_A_FREEKICKS;TEAM_B_FREEKICKS;GOALKICKS_RECORDED;TEAM_A_GOALKICKS;TEAM_B_GOALKICKS;O45_POTENTIAL;O35_POTENTIAL;O25_POTENTIAL;O15_POTENTIAL;O05_POTENTIAL;O15HT_POTENTIAL;O05HT_POTENTIAL;O05_2H_POTENTIAL;O15_2H_POTENTIAL;CORNERS_POTENTIAL;OFFSIDES_POTENTIAL;CARDS_POTENTIAL;AVG_POTENTIAL;HOME_NAME;AWAY_NAME;HOME_PPG;AWAY_PPG;PRE_MATCH_HOME_PPG;PRE_MATCH_AWAY_PPG;PRE_MATCH_TEAMA_OVERALL_PPG;PRE_MATCH_TEAMB_OVERALL_PPG;U45_POTENTIAL;U35_POTENTIAL;U25_POTENTIAL;U15_POTENTIAL;U05_POTENTIAL;CORNERS_O85_POTENTIAL;CORNERS_O95_POTENTIAL;CORNERS_O105_POTENTIAL;TEAM_A_XG_PREMATCH;TEAM_B_XG_PREMATCH;TOTAL_XG_PREMATCH;COMPETITION_ID;MATCHES_COMPLETED_MINIMUM;OVER05;OVER15;OVER25;OVER35;OVER45;OVER55;BTTS
395299;2191;4318;2017;complete;3014;0;-1;81;;1;0;1;6;6;12;1;0;2;2;0;0;3;0;16;8;19;8;20;16;50;50;2;2;0;0;0;0;0;0;0;0;0;0;0;0;0;0;0;0;0;0;0;0;0;0;0;0;0;0;0;0;0;0;0;0;0;0;0;0;0;0;0;0;0;0;0;0;0;0;0;0;0;0;0;0;0;0;0;0;0;0;0;0;0;0;0;0;0;0;0;0;1;0;0;1;0;1;0;2017-02-28 22:15:00;2191;1;0;0;0;0;-1;1;-1;-1;-1;-1;-1;-1;1;0;1;2;1;3;-1;0;0;0;0;0;0;0;0;0;0;0;0;0;1;1;0;0;-1;-1;1;0;-1;-1;-1;-1;-1;-1;-1;-1;-1;0;0;0;0;0;0;0;0;0;0;0;0;0;O'Higgins;Fuerza Amarilla SC;1.5;1;0;0;0;0;0;0;0;0;0;0;0;0;0;0;0;1396;2;Y;N;N;N;N;N;N
395300;4363;2810;2017;complete;3014;0;-1;9,43,44;2;3;1;4;13;1;14;2;1;2;3;0;0;9;4;10;6;19;10;13;17;50;50;2;3;0;0;0;0;0;0;0;0;0;0;0;0;0;0;0;0;0;0;0;0;0;0;0;0;0;0;0;0;0;0;0;0;0;0;0;0;0;0;0;0;0;0;0;0;0;0;0;0;0;0;0;0;0;0;0;0;0;0;0;0;0;0;0;0;0;0;0;0;4;3;1;0;0;0;4;2017-02-28 22:15:00;4363;1;0;0;0;0;-1;1;-1;-1;-1;-1;-1;-1;0;1;2;2;1;4;-1;0;0;0;0;0;0;0;0;1;0;0;0;1;1;1;1;1;-1;-1;0;0;-1;-1;-1;-1;-1;-1;-1;-1;-1;0;0;0;0;0;0;0;0;0;0;0;0;0;Boston River;Comerciantes Unidos;1;0.5;0;0;0;0;0;0;0;0;0;0;0;0;0;0;0;1396;2;Y;Y;Y;Y;N;N;Y
395301;2132;6677;2017;complete;3014;0;-1;69;;1;0;1;8;7;15;1;0;3;4;0;1;7;5;7;4;14;9;23;17;50;50;3;5;0;0;0;0;0;0;0;0;0;0;0;0;0;0;0;0;0;0;0;0;0;0;0;0;0;0;0;0;0;0;0;0;0;0;0;0;0;0;0;0;0;0;0;0;0;0;0;0;0;0;0;0;0;0;0;0;0;0;0;0;0;0;0;0;0;0;0;0;1;0;0;1;0;1;0;2017-03-01 00:45:00;2132;1;0;0;0;0;-1;1;-1;-1;-1;-1;-1;-1;1;1;2;4;2;6;-1;0;0;0;0;0;0;0;0;0;0;0;0;0;1;1;0;0;-1;-1;0;0;-1;-1;-1;-1;-1;-1;-1;-1;-1;0;0;0;0;0;0;0;0;0;0;0;0;0;Deportivo Cali;Sportivo Luqueño;1.25;1.5;0;0;0;0;0;0;0;0;0;0;0;0;0;0;0;1396;2;Y;N;N;N;N;N;N
395302;4319;4361;2017;complete;3014;0;-1;10,88;4,50;2;2;4;2;7;9;0;0;3;4;1;1;6;4;3;2;9;6;20;14;50;50;4;5;0;0;0;0;0;0;0;0;0;0;0;0;0;0;0;0;0;0;0;0;0;0;0;0;0;0;0;0;0;0;0;0;0;0;0;0;0;0;0;0;0;0;0;0;0;0;0;0;0;0;0;0;0;0;0;0;0;0;0;0;0;0;0;0;0;0;0;0;4;1;1;1;1;2;2;2017-03-01 00:45:00;-1;1;0;0;0;0;-1;1;-1;-1;-1;-1;-1;-1;0;1;4;4;1;8;-1;0;0;0;0;0;0;0;1;0;1;0;0;0;1;1;1;1;-1;-1;0;0;-1;-1;-1;-1;-1;-1;-1;-1;-1;0;0;0;0;0;0;0;0;0;0;0;0;0;LDU Quito;Defensor Sporting;1.67;0.5;0;0;0;0;0;0;0;0;0;0;0;0;0;0;0;1396;2;Y;Y;Y;Y;N;N;Y
395303;2256;2812;2017;complete;3014;0;-1;45,76,83;10;3;1;4;9;1;10;2;0;1;2;0;0;7;5;11;1;18;6;18;11;50;50;1;2;0;0;0;0;0;0;0;0;0;0;0;0;0;0;0;0;0;0;0;0;0;0;0;0;0;0;0;0;0;0;0;0;0;0;0;0;0;0;0;0;0;0;0;0;0;0;0;0;0;0;0;0;0;0;0;0;0;0;0;0;0;0;0;0;0;0;0;0;4;1;1;2;0;2;2;2017-03-01 22:15:00;2256;1;0;0;0;0;-1;1;-1;-1;-1;-1;-1;-1;1;2;0;0;3;0;-1;0;0;0;0;0;0;0;0;0;0;0;0;0;1;1;0;1;-1;-1;0;0;-1;-1;-1;-1;-1;-1;-1;-1;-1;0;0;0;0;0;0;0;0;0;0;0;0;0;Nacional Potosí;Sport Huancayo;0.75;1.5;0;0;0;0;0;0;0;0;0;0;0;0;0;0;0;1396;2;Y;Y;Y;Y;N;N;Y
395304;2853;724;2017;complete;3014;0;-1;8,13,22;;3;0;3;3;11;14;2;1;2;3;0;2;5;6;7;8;12;14;25;11;50;50;2;6;0;0;0;0;0;0;0;0;0;0;0;0;0;0;0;0;0;0;0;0;0;0;0;0;0;0;0;0;0;0;0;0;0;0;0;0;0;0;0;0;0;0;0;0;0;0;0;0;0;0;0;0;0;0;0;0;0;0;0;0;0;0;0;0;0;0;0;0;3;3;0;0;0;0;3;2017-03-01 22:15:00;2853;1;0;0;0;0;-1;1;-1;-1;-1;-1;-1;-1;0;1;2;4;1;6;-1;0;0;0;0;0;0;0;1;0;1;0;0;0;1;1;1;0;-1;-1;0;0;-1;-1;-1;-1;-1;-1;-1;-1;-1;0;0;0;0;0;0;0;0;0;0;0;0;0;Deportivo Anzoátegui;Huracán;1.5;0.75;0;0;0;0;0;0;0;0;0;0;0;0;0;0;0;1396;2;Y;Y;Y;N;N;N;N
395305;2193;2854;2017;complete;3014;0;-1;;64;0;1;1;5;5;10;1;1;3;3;0;0;7;6;4;5;11;11;15;12;50;50;3;3;0;0;0;0;0;0;0;0;0;0;0;0;0;0;0;0;0;0;0;0;0;0;0;0;0;0;0;0;0;0;0;0;0;0;0;0;0;0;0;0;0;0;0;0;0;0;0;0;0;0;0;0;0;0;0;0;0;0;0;0;0;0;0;0;0;0;0;0;1;0;0;0;1;1;0;2017-03-02 00:45:00;2854;1;0;0;0;0;-1;1;-1;-1;-1;-1;-1;-1;2;1;1;2;3;3;-1;0;0;0;0;0;0;0;0;0;0;0;0;0;1;1;0;0;-1;-1;0;0;-1;-1;-1;-1;-1;-1;-1;-1;-1;0;0;0;0;0;0;0;0;0;0;0;0;0;Palestino;Atlético Venezuela;0.75;1.5;0;0;0;0;0;0;0;0;0;0;0;0;0;0;0;1396;2;Y;N;N;N;N;N;N
395306;717;2147;2017;complete;3014;0;-1;60;;1;0;1;6;1;7;2;0;3;3;0;0;6;0;9;3;15;3;15;12;50;50;3;3;0;0;0;0;0;0;0;0;0;0;0;0;0;0;0;0;0;0;0;0;0;0;0;0;0;0;0;0;0;0;0;0;0;0;0;0;0;0;0;0;0;0;0;0;0;0;0;0;0;0;0;0;0;0;0;0;0;0;0;0;0;0;0;0;0;0;0;0;1;0;0;1;0;1;0;2017-03-02 00:45:00;717;1;0;0;0;0;-1;1;-1;-1;-1;-1;-1;-1;2;2;1;1;4;2;-1;0;0;0;0;0;0;0;0;0;0;0;0;0;1;1;0;0;-1;-1;0;0;-1;-1;-1;-1;-1;-1;-1;-1;-1;0;0;0;0;0;0;0;0;0;0;0;0;0;Racing Club;Rionegro Águilas;1.63;0.5;0;0;0;0;0;0;0;0;0;0;0;0;0;0;0;1396;2;Y;N;N;N;N;N;N
395307;2807;716;2017;complete;3014;0;-1;;7,22;0;2;2;8;5;13;3;2;1;0;0;0;5;6;9;5;14;11;19;14;50;50;1;0;0;0;0;0;0;0;0;0;0;0;0;0;0;0;0;0;0;0;0;0;0;0;0;0;0;0;0;0;0;0;0;0;0;0;0;0;0;0;0;0;0;0;0;0;0;0;0;0;0;0;0;0;0;0;0;0;0;0;0;0;0;0;0;0;0;0;0;0;2;0;2;0;0;0;2;2017-03-02 21:00:00;716;1;0;0;0;0;-1;1;-1;-1;-1;-1;-1;-1;0;0;1;0;0;1;-1;0;0;0;0;0;0;0;0;0;0;0;0;0;1;1;0;1;-1;-1;0;0;-1;-1;-1;-1;-1;-1;-1;-1;-1;0;0;0;0;0;0;0;0;0;0;0;0;0;Juan Aurich;Arsenal de Sarandí;0;2.25;0;0;0;0;0;0;0;0;0;0;0;0;0;0;0;1396;2;Y;Y;N;N;N;N;N
395308;6675;2845;2017;complete;3014;0;-1;23;67;1;1;2;8;0;8;2;0;3;4;0;0;7;2;7;4;14;6;16;24;50;50;3;4;0;0;0;0;0;0;0;0;0;0;0;0;0;0;0;0;0;0;0;0;0;0;0;0;0;0;0;0;0;0;0;0;0;0;0;0;0;0;0;0;0;0;0;0;0;0;0;0;0;0;0;0;0;0;0;0;0;0;0;0;0;0;0;0;0;0;0;0;2;1;0;0;1;1;1;2017-03-02 22:15:00;-1;1;0;0;0;0;-1;1;-1;-1;-1;-1;-1;-1;1;2;2;2;3;4;-1;0;0;0;0;0;0;0;0;1;0;1;0;0;1;1;0;0;-1;-1;0;0;-1;-1;-1;-1;-1;-1;-1;-1;-1;0;0;0;0;0;0;0;0;0;0;0;0;0;Cerro Porteño;Caracas;1.83;0.5;0;0;0;0;0;0;0;0;0;0;0;0;0;0;0;1396;2;Y;Y;N;N;N;N;Y
395309;2140;2267;2017;complete;3014;0;-1;54,56;5;2;1;3;6;6;12;3;4;4;4;0;1;5;3;12;10;17;13;16;23;50;50;4;6;0;0;0;0;0;0;0;0;0;0;0;0;0;0;0;0;0;0;0;0;0;0;0;0;0;0;0;0;0;0;0;0;0;0;0;0;0;0;0;0;0;0;0;0;0;0;0;0;0;0;0;0;0;0;0;0;0;0;0;0;0;0;0;0;0;0;0;0;3;0;1;2;0;2;1;2017-03-03 00:45:00;2140;1;0;0;0;0;-1;1;-1;-1;-1;-1;-1;-1;3;2;1;3;5;4;-1;0;0;0;0;0;0;0;0;0;0;0;0;0;1;1;0;1;-1;-1;0;0;-1;-1;-1;-1;-1;-1;-1;-1;-1;0;0;0;0;0;0;0;0;0;0;0;0;0;Deportes Tolima;Bolívar;1.5;1.5;0;0;0;0;0;0;0;0;0;0;0;0;0;0;0;1396;2;Y;Y;Y;N;N;N;Y
395310;2266;4328;2017;complete;3014;0;-1;28;12,29,86;1;3;4;5;11;16;0;0;2;3;0;0;3;7;4;12;7;19;15;10;50;50;2;3;0;0;0;0;0;0;0;0;0;0;0;0;0;0;0;0;0;0;0;0;0;0;0;0;0;0;0;0;0;0;0;0;0;0;0;0;0;0;0;0;0;0;0;0;0;0;0;0;0;0;0;0;0;0;0;0;0;0;0;0;0;0;0;0;0;0;0;0;4;1;2;0;1;1;3;2017-04-04 22:15:00;4328;1;0;0;0;0;-1;1;-1;-1;-1;-1;-1;-1;0;1;2;2;1;4;-1;0;0;0;0;0;0;0;0;0;0;0;0;0;1;1;0;0;-1;-1;0;1;-1;-1;-1;-1;-1;-1;-1;-1;-1;0;0;0;0;0;0;0;0;0;0;0;0;0;Petrolero Yacuiba;CD Universidad Católica;0;1.5;0;0;0;0;0;0;0;0;0;0;0;0;0;0;0;1396;2;Y;Y;Y;Y;N;N;Y
395311;613;6676;2017;complete;3014;0;-1;26,67;5;2;1;3;9;6;15;3;2;2;1;0;0;7;4;14;6;21;10;9;11;50;50;2;1;0;0;0;0;0;0;0;0;0;0;0;0;0;0;0;0;0;0;0;0;0;0;0;0;0;0;0;0;0;0;0;0;0;0;0;0;0;0;0;0;0;0;0;0;0;0;0;0;0;0;0;0;0;0;0;0;0;0;0;0;0;0;0;0;0;0;0;0;3;1;1;1;0;1;2;2017-04-05 00:45:00;613;1;0;0;0;0;-1;1;-1;-1;-1;-1;-1;-1;2;1;0;0;3;0;-1;0;0;0;0;0;0;0;0;0;0;0;0;0;1;1;0;1;-1;-1;0;0;-1;-1;-1;-1;-1;-1;-1;-1;-1;0;0;0;0;0;0;0;0;0;0;0;0;0;Cruzeiro;Nacional Asunción;1.5;1.38;0;0;0;0;0;0;0;0;0;0;0;0;0;0;0;1396;2;Y;Y;Y;N;N;N;Y
395312;702;2811;2017;complete;3014;0;-1;;;0;0;0;18;4;22;1;2;1;4;0;0;7;3;16;3;23;6;16;14;50;50;1;4;0;0;0;0;0;0;0;0;0;0;0;0;0;0;0;0;0;0;0;0;0;0;0;0;0;0;0;0;0;0;0;0;0;0;0;0;0;0;0;0;0;0;0;0;0;0;0;0;0;0;0;0;0;0;0;0;0;0;0;0;0;0;0;0;0;0;0;0;0;0;0;0;0;0;0;2017-04-05 00:45:00;-1;1;0;0;0;0;-1;1;-1;-1;-1;-1;-1;-1;1;2;0;2;3;2;-1;0;0;0;0;0;0;0;1;0;0;0;1;0;1;1;0;0;-1;-1;0;0;-1;-1;-1;-1;-1;-1;-1;-1;-1;0;0;0;0;0;0;0;0;0;0;0;0;0;Independiente;Alianza Lima;2.17;0.5;0;0;0;0;0;0;0;0;0;0;0;0;0;0;0;1396;2;N;N;N;N;N;N;N
395313;628;708;2017;complete;3014;0;-1;;;0;0;0;5;3;8;1;1;3;3;1;0;6;4;7;3;13;7;22;18;50;50;5;3;0;0;0;0;0;0;0;0;0;0;0;0;0;0;0;0;0;0;0;0;0;0;0;0;0;0;0;0;0;0;0;0;0;0;0;0;0;0;0;0;0;0;0;0;0;0;0;0;0;0;0;0;0;0;0;0;0;0;0;0;0;0;0;0;0;0;0;0;0;0;0;0;0;0;0;2017-04-05 22:15:00;-1;1;0;0;0;0;-1;1;-1;-1;-1;-1;-1;-1;0;1;4;2;1;6;-1;0;0;0;0;0;0;0;0;0;0;0;0;0;1;1;0;0;-1;-1;0;0;-1;-1;-1;-1;-1;-1;-1;-1;-1;0;0;0;0;0;0;0;0;0;0;0;0;0;Ponte Preta;Gimnasia La Plata;1.83;1;0;0;0;0;0;0;0;0;0;0;0;0;0;0;0;1396;2;N;N;N;N;N;N;N
395314;701;618;2017;complete;3014;0;-1;;;0;0;0;7;2;9;1;2;1;2;0;1;4;3;12;4;16;7;16;14;50;50;1;3;0;0;0;0;0;0;0;0;0;0;0;0;0;0;0;0;0;0;0;0;0;0;0;0;0;0;0;0;0;0;0;0;0;0;0;0;0;0;0;0;0;0;0;0;0;0;0;0;0;0;0;0;0;0;0;0;0;0;0;0;0;0;0;0;0;0;0;0;0;0;0;0;0;0;0;2017-04-05 22:15:00;-1;1;0;0;0;0;-1;1;-1;-1;-1;-1;-1;-1;1;2;0;1;3;1;-1;0;0;0;0;0;0;0;0;0;0;0;0;0;1;1;0;0;-1;-1;0;1;-1;-1;-1;-1;-1;-1;-1;-1;-1;0;0;0;0;0;0;0;0;0;0;0;0;0;Defensa y Justicia;São Paulo;1.25;1;0;0;0;0;0;0;0;0;0;0;0;0;0;0;0;1396;2;N;N;N;N;N;N;N
395315;2187;2144;2017;complete;3014;0;-1;53;;1;0;1;2;1;3;0;1;2;2;0;0;3;4;3;7;6;11;16;19;50;50;2;2;0;0;0;0;0;0;0;0;0;0;0;0;0;0;0;0;0;0;0;0;0;0;0;0;0;0;0;0;0;0;0;0;0;0;0;0;0;0;0;0;0;0;0;0;0;0;0;0;0;0;0;0;0;0;0;0;0;0;0;0;0;0;0;0;0;0;0;0;1;0;0;1;0;1;0;2017-04-05 22:15:00;2187;1;0;0;0;0;-1;1;-1;-1;-1;-1;-1;-1;1;2;1;0;3;1;-1;0;0;0;0;0;0;0;0;0;0;0;0;0;1;1;0;0;-1;-1;0;1;-1;-1;-1;-1;-1;-1;-1;-1;-1;0;0;0;0;0;0;0;0;0;0;0;0;0;Everton;Patriotas Boyacá;1.5;1;0;0;0;0;0;0;0;0;0;0;0;0;0;0;0;1396;2;Y;N;N;N;N;N;N
395316;624;2189;2017;complete;3014;0;-1;41,69;;2;0;2;1;6;7;0;3;3;1;0;0;7;5;2;8;9;13;13;11;50;50;3;1;0;0;0;0;0;0;0;0;0;0;0;0;0;0;0;0;0;0;0;0;0;0;0;0;0;0;0;0;0;0;0;0;0;0;0;0;0;0;0;0;0;0;0;0;0;0;0;0;0;0;0;0;0;0;0;0;0;0;0;0;0;0;0;0;0;0;0;0;2;1;0;1;0;1;1;2017-04-06 00:45:00;624;1;0;0;0;0;-1;1;-1;-1;-1;-1;-1;-1;1;0;2;1;1;3;-1;0;0;0;0;0;0;0;0;0;0;0;0;0;1;1;0;0;-1;-1;0;0;-1;-1;-1;-1;-1;-1;-1;-1;-1;0;0;0;0;0;0;0;0;0;0;0;0;0;Corinthians;Universidad Chile;2;0;0;0;0;0;0;0;0;0;0;0;0;0;0;0;0;1396;2;Y;Y;N;N;N;N;N
395317;617;4357;2017;complete;3014;0;-1;24,39;;2;0;2;10;1;11;0;3;3;2;0;1;4;2;17;2;21;4;20;12;50;50;3;4;0;0;0;0;0;0;0;0;0;0;0;0;0;0;0;0;0;0;0;0;0;0;0;0;0;0;0;0;0;0;0;0;0;0;0;0;0;0;0;0;0;0;0;0;0;0;0;0;0;0;0;0;0;0;0;0;0;0;0;0;0;0;0;0;0;0;0;0;2;2;0;0;0;0;2;2017-04-06 00:45:00;617;1;0;0;0;0;-1;1;-1;-1;-1;-1;-1;-1;2;2;1;1;4;2;-1;0;0;0;0;0;0;0;0;0;0;0;0;0;1;1;0;0;-1;-1;0;1;-1;-1;-1;-1;-1;-1;-1;-1;-1;0;0;0;0;0;0;0;0;0;0;0;0;0;Fluminense;Liverpool FC Montevideo;1.63;1.5;0;0;0;0;0;0;0;0;0;0;0;0;0;0;0;1396;2;Y;Y;N;N;N;N;N
395318;614;4356;2017;complete;3014;0;-1;34,41,68;;3;0;3;3;2;5;0;1;2;5;0;0;8;2;10;8;18;10;14;16;50;50;2;5;0;0;0;0;0;0;0;0;0;0;0;0;0;0;0;0;0;0;0;0;0;0;0;0;0;0;0;0;0;0;0;0;0;0;0;0;0;0;0;0;0;0;0;0;0;0;0;0;0;0;0;0;0;0;0;0;0;0;0;0;0;0;0;0;0;0;0;0;3;2;0;1;0;1;2;2017-04-06 22:15:00;614;1;0;0;0;0;-1;1;-1;-1;-1;-1;-1;-1;0;0;2;5;0;7;-1;0;0;0;0;0;0;0;0;0;0;0;0;0;1;1;0;0;-1;-1;0;0;-1;-1;-1;-1;-1;-1;-1;-1;-1;0;0;0;0;0;0;0;0;0;0;0;0;0;Sport Recife;Danubio;1.25;1.5;0;0;0;0;0;0;0;0;0;0;0;0;0;0;0;1396;2;Y;Y;Y;N;N;N;N
395319;2859;6680;2017;complete;3014;0;-1;6,81;8,37,89;2;3;5;0;9;9;1;1;5;4;0;0;3;6;3;8;6;14;13;17;50;50;5;4;0;0;0;0;0;0;0;0;0;0;0;0;0;0;0;0;0;0;0;0;0;0;0;0;0;0;0;0;0;0;0;0;0;0;0;0;0;0;0;0;0;0;0;0;0;0;0;0;0;0;0;0;0;0;0;0;0;0;0;0;0;0;0;0;0;0;0;0;5;1;2;1;1;2;3;2017-04-06 22:15:00;6680;1;0;0;0;0;-1;1;-1;-1;-1;-1;-1;-1;2;1;3;3;3;6;-1;0;0;0;0;0;0;0;0;1;0;1;0;0;1;1;1;1;-1;-1;0;0;-1;-1;-1;-1;-1;-1;-1;-1;-1;0;0;0;0;0;0;0;0;0;0;0;0;0;Estudiantes Caracas;Sol de América;0;1.5;0;0;0;0;0;0;0;0;0;0;0;0;0;0;0;1396;2;Y;Y;Y;Y;Y;N;Y
395320;2260;4325;2017;complete;3014;0;-1;33;48;1;1;2;9;1;10;3;3;1;3;0;0;7;3;7;2;14;5;12;23;50;50;1;3;0;0;0;0;0;0;0;0;0;0;0;0;0;0;0;0;0;0;0;0;0;0;0;0;0;0;0;0;0;0;0;0;0;0;0;0;0;0;0;0;0;0;0;0;0;0;0;0;0;0;0;0;0;0;0;0;0;0;0;0;0;0;0;0;0;0;0;0;2;1;0;0;1;1;1;2017-04-07 00:45:00;-1;1;0;0;0;0;-1;1;-1;-1;-1;-1;-1;-1;0;1;1;2;1;3;-1;0;0;0;0;0;0;0;0;0;0;0;0;0;1;1;0;0;-1;-1;0;0;-1;-1;-1;-1;-1;-1;-1;-1;-1;0;0;0;0;0;0;0;0;0;0;0;0;0;Oriente Petrolero;Deportivo Cuenca;0.5;1;0;0;0;0;0;0;0;0;0;0;0;0;0;0;0;1396;2;Y;Y;N;N;N;N;Y
395321;2812;2256;2017;complete;3014;0;-1;53,78;38;2;1;3;12;1;13;3;0;3;5;0;0;7;2;11;1;18;3;11;21;50;50;3;5;0;0;0;0;0;0;0;0;0;0;0;0;0;0;0;0;0;0;0;0;0;0;0;0;0;0;0;0;0;0;0;0;0;0;0;0;0;0;0;0;0;0;0;0;0;0;0;0;0;0;0;0;0;0;0;0;0;0;0;0;0;0;0;0;0;0;0;0;3;0;1;2;0;2;1;2017-05-09 22:15:00;2812;1;100;0;0;0;-1;1;-1;-1;-1;-1;-1;-1;1;2;2;3;3;5;-1;0;0;0;0;0;0;0;1;1;1;1;0;0;1;1;0;0;-1;-1;0;0;-1;-1;-1;-1;-1;-1;-1;-1;-1;0;100;100;100;100;100;100;100;100;10;2;3;4;Sport Huancayo;Nacional Potosí;1.5;0.75;0;3;0;3;100;0;0;0;0;100;100;0;0;0;0;1396;2;Y;Y;Y;N;N;N;Y
395322;6677;2132;2017;complete;3014;0;-1;7,13;43;2;1;3;5;3;8;1;2;4;4;0;0;4;6;5;5;9;11;17;16;50;50;4;4;0;0;0;0;0;0;0;0;0;0;0;0;0;0;0;0;0;0;0;0;0;0;0;0;0;0;0;0;0;0;0;0;0;0;0;0;0;0;0;0;0;0;0;0;0;0;0;0;0;0;0;0;0;0;0;0;0;0;0;0;0;0;0;0;0;0;0;0;3;2;1;0;0;0;3;2017-05-10 00:45:00;6677;1;0;0;0;0;-1;1;-1;-1;-1;-1;-1;-1;1;1;3;3;2;6;-1;0;0;0;0;0;0;0;0;1;0;1;0;0;1;1;1;0;-1;-1;0;0;-1;-1;-1;-1;-1;-1;-1;-1;-1;0;0;0;0;100;0;0;100;0;15;1;8;1;Sportivo Luqueño;Deportivo Cali;1.5;1.25;0;3;0;3;100;100;100;100;0;100;100;100;0;0;0;1396;2;Y;Y;Y;N;N;N;Y
395323;708;628;2017;complete;3014;0;-1;28;26;1;1;2;8;1;9;1;0;2;3;0;0;5;5;11;4;16;9;25;22;50;50;2;3;0;0;0;0;0;0;0;0;0;0;0;0;0;0;0;0;0;0;0;0;0;0;0;0;0;0;0;0;0;0;0;0;0;0;0;0;0;0;0;0;0;0;0;0;0;0;0;0;0;0;0;0;0;0;0;0;0;0;0;0;0;0;0;0;0;0;0;0;2;1;1;0;0;0;2;2017-05-10 00:45:00;-1;1;0;0;0;0;-1;1;-1;-1;-1;-1;-1;-1;1;2;1;1;3;2;-1;0;0;0;0;0;0;0;0;0;0;0;0;0;1;1;0;0;-1;-1;0;0;-1;-1;-1;-1;-1;-1;-1;-1;-1;0;0;0;0;0;0;0;0;0;8;2;8;0;Gimnasia La Plata;Ponte Preta;1;1.83;1;1;1;1;100;100;100;100;100;0;0;0;0;0;0;1396;2;Y;Y;N;N;N;N;Y
395324;2854;2193;2017;complete;3014;0;-1;;87;0;1;1;4;7;11;0;3;1;0;0;0;2;6;4;5;6;11;12;7;50;50;1;0;0;0;0;0;0;0;0;0;0;0;0;0;0;0;0;0;0;0;0;0;0;0;0;0;0;0;0;0;0;0;0;0;0;0;0;0;0;0;0;0;0;0;0;0;0;0;0;0;0;0;0;0;0;0;0;0;0;0;0;0;0;0;0;0;0;0;0;0;1;0;0;0;1;1;0;2017-05-10 22:15:00;2193;1;0;0;0;0;-1;1;-1;-1;-1;-1;-1;-1;0;0;1;0;0;1;-1;0;0;0;0;0;0;0;0;0;0;0;0;0;1;1;0;0;-1;-1;0;0;-1;-1;-1;-1;-1;-1;-1;-1;-1;0;0;0;0;100;0;0;100;0;10;2;6;1;Atlético Venezuela;Palestino;1.5;0.75;3;0;3;0;100;100;100;100;0;100;100;0;0;0;0;1396;2;Y;N;N;N;N;N;N
395325;6676;613;2017;complete;3014;0;-1;16,62;12;2;1;3;2;3;5;1;0;4;6;0;1;4;3;2;5;6;8;18;18;50;50;4;7;0;0;0;0;0;0;0;0;0;0;0;0;0;0;0;0;0;0;0;0;0;0;0;0;0;0;0;0;0;0;0;0;0;0;0;0;0;0;0;0;0;0;0;0;0;0;0;0;0;0;0;0;0;0;0;0;0;0;0;0;0;0;0;0;0;0;0;0;3;1;1;1;0;1;2;2017-05-10 22:15:00;6676;1;100;0;0;0;-1;1;-1;-1;-1;-1;-1;-1;0;2;4;5;2;9;-1;0;0;0;0;0;0;0;0;0;0;0;0;0;1;1;0;0;-1;-1;0;0;-1;-1;-1;-1;-1;-1;-1;-1;-1;0;0;100;100;100;100;100;100;0;15;5;3;3;Nacional Asunción;Cruzeiro;1.38;1.5;0;3;0;3;100;100;0;0;0;100;100;100;0;0;0;1396;2;Y;Y;Y;N;N;N;Y
395326;2189;624;2017;complete;3014;0;-1;64;37,56;1;2;3;5;1;6;6;2;4;1;2;0;11;5;12;5;23;10;15;8;50;50;7;1;0;0;0;0;0;0;0;0;0;0;0;0;0;0;0;0;0;0;0;0;0;0;0;0;0;0;0;0;0;0;0;0;0;0;0;0;0;0;0;0;0;0;0;0;0;0;0;0;0;0;0;0;0;0;0;0;0;0;0;0;0;0;0;0;0;0;0;0;3;0;1;1;1;2;1;2017-05-11 00:45:00;624;1;0;0;0;0;-1;1;-1;-1;-1;-1;-1;-1;1;0;5;1;1;6;-1;0;0;0;0;0;0;0;0;0;0;0;0;0;1;1;0;0;-1;-1;0;0;-1;-1;-1;-1;-1;-1;-1;-1;-1;0;0;0;100;100;0;100;100;0;7;3;4;2;Universidad Chile;Corinthians;0;2;0;3;0;3;100;100;100;0;0;0;0;0;0;0;0;1396;2;Y;Y;Y;N;N;N;Y
395327;4357;617;2017;complete;3014;0;-1;13;;1;0;1;7;3;10;3;4;4;3;0;0;6;9;11;5;17;14;19;25;50;50;4;3;0;0;0;0;0;0;0;0;0;0;0;0;0;0;0;0;0;0;0;0;0;0;0;0;0;0;0;0;0;0;0;0;0;0;0;0;0;0;0;0;0;0;0;0;0;0;0;0;0;0;0;0;0;0;0;0;0;0;0;0;0;0;0;0;0;0;0;0;1;1;0;0;0;0;1;2017-05-11 00:45:00;4357;1;0;0;0;0;-1;1;-1;-1;-1;-1;-1;-1;2;2;2;1;4;3;-1;0;0;0;0;0;0;0;0;0;0;0;0;0;1;1;0;0;-1;-1;0;0;-1;-1;-1;-1;-1;-1;-1;-1;-1;0;0;0;100;100;100;100;0;0;11;3;7;2;Liverpool FC Montevideo;Fluminense;1.5;1.63;0;3;0;3;100;100;100;0;0;100;100;100;0;0;0;1396;2;Y;N;N;N;N;N;N
395328;716;2807;2017;complete;3014;0;-1;12,44,50,54,71,79;55;6;1;7;3;2;5;1;2;0;3;0;0;9;4;7;6;16;10;18;18;50;50;0;3;0;0;0;0;0;0;0;0;0;0;0;0;0;0;0;0;0;0;0;0;0;0;0;0;0;0;0;0;0;0;0;0;0;0;0;0;0;0;0;0;0;0;0;0;0;0;0;0;0;0;0;0;0;0;0;0;0;0;0;0;0;0;0;0;0;0;0;0;7;2;0;4;1;5;2;2017-05-11 22:15:00;716;1;0;0;0;0;-1;1;-1;-1;-1;-1;-1;-1;0;1;0;2;1;2;-1;0;0;0;0;0;0;0;0;0;0;0;0;0;1;1;0;0;-1;-1;0;0;-1;-1;-1;-1;-1;-1;-1;-1;-1;0;0;0;100;100;100;100;0;0;13;5;1;2;Arsenal de Sarandí;Juan Aurich;2.25;0;3;0;3;0;100;100;100;0;0;100;100;100;0;0;0;1396;2;Y;Y;Y;Y;Y;Y;Y
395329;2845;6675;2017;complete;3014;0;-1;49;66,83;1;2;3;9;2;11;1;1;3;1;0;0;5;5;4;10;9;15;7;18;50;50;3;1;0;0;0;0;0;0;0;0;0;0;0;0;0;0;0;0;0;0;0;0;0;0;0;0;0;0;0;0;0;0;0;0;0;0;0;0;0;0;0;0;0;0;0;0;0;0;0;0;0;0;0;0;0;0;0;0;0;0;0;0;0;0;0;0;0;0;0;0;3;0;0;1;2;3;0;2017-05-11 22:15:00;6675;1;100;0;0;0;-1;1;-1;-1;-1;-1;-1;-1;0;0;3;1;0;4;-1;0;0;0;0;0;0;0;0;1;0;1;0;0;1;1;0;0;-1;-1;0;0;-1;-1;-1;-1;-1;-1;-1;-1;-1;0;0;0;100;100;0;100;100;0;8;2;7;2;Caracas;Cerro Porteño;0.5;1.83;1;1;1;1;100;100;100;0;0;0;0;0;0;0;0;1396;2;Y;Y;Y;N;N;N;Y
395330;618;701;2017;complete;3014;0;-1;6;11;1;1;2;4;3;7;1;0;2;2;0;1;4;8;4;4;8;12;15;20;50;50;2;3;0;0;0;0;0;0;0;0;0;0;0;0;0;0;0;0;0;0;0;0;0;0;0;0;0;0;0;0;0;0;0;0;0;0;0;0;0;0;0;0;0;0;0;0;0;0;0;0;0;0;0;0;0;0;0;0;0;0;0;0;0;0;0;0;0;0;0;0;2;1;1;0;0;0;2;2017-05-12 00:45:00;-1;1;0;0;0;0;-1;1;-1;-1;-1;-1;-1;-1;0;1;2;2;1;4;-1;0;0;0;0;0;0;0;0;0;0;0;0;0;1;1;1;0;-1;-1;0;0;-1;-1;-1;-1;-1;-1;-1;-1;-1;0;0;0;0;0;0;0;0;0;9;3;4;0;São Paulo;Defensa y Justicia;1;1.25;1;1;1;1;100;100;100;100;100;100;0;0;0;0;0;1396;2;Y;Y;N;N;N;N;Y
395331;4356;614;2017;complete;3014;0;-1;15,23,56;;3;0;3;5;4;9;3;0;1;4;1;0;8;5;9;2;17;7;20;18;50;50;2;4;0;0;0;0;0;0;0;0;0;0;0;0;0;0;0;0;0;0;0;0;0;0;0;0;0;0;0;0;0;0;0;0;0;0;0;0;0;0;0;0;0;0;0;0;0;0;0;0;0;0;0;0;0;0;0;0;0;0;0;0;0;0;0;0;0;0;0;0;3;2;0;1;0;1;2;2017-05-12 00:45:00;4356;1;0;0;0;0;-1;1;-1;-1;-1;-1;-1;-1;1;1;1;3;2;4;-1;0;0;0;0;0;0;0;2;0;2;0;0;0;1;1;0;0;-1;-1;0;0;-1;-1;-1;-1;-1;-1;-1;-1;-1;0;0;100;100;100;100;100;100;0;5;1;7;3;Danubio;Sport Recife;1.5;1.25;0;3;0;3;100;100;0;0;0;0;0;0;0;0;0;1396;2;Y;Y;Y;N;N;N;N
395332;4328;2266;2017;complete;3014;0;-1;26,50,59;;3;0;3;5;1;6;1;2;0;0;0;0;8;3;5;1;13;4;9;4;50;50;0;0;0;0;0;0;0;0;0;0;0;0;0;0;0;0;0;0;0;0;0;0;0;0;0;0;0;0;0;0;0;0;0;0;0;0;0;0;0;0;0;0;0;0;0;0;0;0;0;0;0;0;0;0;0;0;0;0;0;0;0;0;0;0;0;0;0;0;0;0;3;1;0;2;0;2;1;2017-05-30 22:15:00;4328;1;100;0;0;0;-1;-1;-1;-1;-1;-1;-1;-1;0;0;0;0;0;0;-1;0;0;0;0;0;0;0;0;0;0;0;0;0;1;1;0;0;-1;-1;-1;-1;-1;-1;-1;-1;-1;-1;-1;-1;-1;0;100;100;100;100;100;100;100;0;16;0;5;4;CD Universidad Católica;Petrolero Yacuiba;1.5;0;3;0;3;0;100;0;0;0;0;100;100;100;0;0;0;1396;2;Y;Y;Y;N;N;N;N
395333;4361;4319;2017;complete;3014;0;-1;70;4,72;1;2;3;3;4;7;1;2;2;6;1;1;9;4;7;4;16;8;12;15;50;50;4;7;1.53;3.8;6.5;0;0;0;0;0;0;0;0;0;0;1.83;1.83;2.1;1.67;0;0;0;0;0;0;0;0;1.83;2.63;5.5;0;0;0;0;0;0;0;0;0;0;0;0;0;0;0;0;0;0;0;0;1.36;2.6;6.4;21;3;1.48;1.12;1.02;1.22;2;4.33;11;4;1.73;1.2;1.05;0;0;0;0;3;0;1;1;1;2;1;2017-05-31 00:45:00;4319;1;100;0;0;0;-1;1;-1;-1;-1;-1;-1;-1;1;4;2;3;5;5;-1;0;0;0;0;0;0;0;0;0;0;0;0;0;1;1;0;1;-1;-1;0;0;-1;-1;-1;-1;-1;-1;-1;-1;-1;0;100;100;100;100;100;100;100;100;9;0;9;4;Defensor Sporting;LDU Quito;0.5;1.67;1;1;1;1;100;0;0;0;0;100;0;0;0;0;0;1396;2;Y;Y;Y;N;N;N;Y
395334;2144;2187;2017;complete;3014;0;-1;34;;1;0;1;4;2;6;0;3;1;4;0;0;6;0;14;2;20;2;13;13;50;50;1;4;1.7;3.6;5;0;0;0;0;0;0;0;0;0;0;2.1;1.67;2;1.73;0;0;0;0;0;0;0;0;2.1;2.38;4.75;0;0;0;0;0;0;0;0;0;0;0;0;0;0;0;0;0;0;0;0;1.5;3.45;10;0;2.5;1.3;1.06;0;1.3;2.38;6;17;3.4;1.53;1.13;1.02;0;0;0;0;1;1;0;0;0;0;1;2017-05-31 00:45:00;2144;1;0;0;0;0;-1;1;-1;-1;-1;-1;-1;-1;1;1;0;3;2;3;-1;0;0;0;0;0;0;0;0;0;0;0;0;0;1;1;0;0;-1;-1;0;0;-1;-1;-1;-1;-1;-1;-1;-1;-1;0;0;0;0;100;0;0;100;0;3;1;4;1;Patriotas Boyacá;Everton;1;1.5;0;3;0;3;100;100;100;100;0;0;0;0;0;0;0;1396;2;Y;N;N;N;N;N;N
395335;724;2853;2017;complete;3014;0;-1;22,53,56,90;;4;0;4;9;9;18;0;3;3;3;0;0;13;4;11;5;24;9;18;12;50;50;3;3;1.36;4.75;8;0;0;0;0;0;0;0;0;0;0;2;1.73;2;1.73;0;0;0;0;0;0;0;0;1.73;2.75;6;0;0;0;0;0;0;0;0;0;0;0;0;0;0;0;0;0;0;0;0;1.33;2.67;6.6;19;3.25;1.45;1.11;1.02;1.2;2;4;11;4.33;1.73;1.22;1.05;0;0;0;0;4;1;0;3;0;3;1;2017-05-31 22:15:00;724;1;0;0;0;0;-1;1;-1;-1;-1;-1;-1;-1;1;2;2;1;3;3;-1;0;0;0;0;0;0;0;0;0;0;0;0;0;1;1;0;0;-1;-1;0;0;-1;-1;-1;-1;-1;-1;-1;-1;-1;0;0;100;100;100;100;100;0;0;14;3;8;3;Huracán;Deportivo Anzoátegui;0.75;1.5;0;3;0;3;100;100;0;0;0;100;100;100;0;0;0;1396;2;Y;Y;Y;Y;N;N;N
395336;6680;2859;2017;complete;3014;0;-1;6,10,32,39,48,50,75;13;7;1;8;5;6;11;1;1;2;3;0;0;11;4;8;3;19;7;13;9;50;50;2;3;1.08;10;23;0;0;0;0;0;0;0;0;0;0;1.83;1.83;1.83;1.83;0;0;0;0;0;0;0;0;1.2;4.5;15;0;0;0;0;0;0;0;0;0;0;0;0;0;0;0;0;0;0;0;0;1.1;1.5;2.5;5.25;7;2.5;1.5;1.16;1.1;1.5;2.25;4.5;7;2.5;1.57;1.18;0;0;0;0;8;4;1;3;0;3;5;2017-05-31 22:15:00;6680;1;100;0;0;0;-1;1;-1;-1;-1;-1;-1;-1;0;1;2;2;1;4;-1;0;0;0;0;0;0;0;1;0;1;0;0;0;1;1;2;0;-1;-1;0;1;-1;-1;-1;-1;-1;-1;-1;-1;-1;100;100;100;100;100;100;100;100;100;9;2;9;5;Sol de América;Estudiantes Caracas;1.5;0;3;0;3;0;0;0;0;0;0;100;0;0;0;0;0;1396;2;Y;Y;Y;Y;Y;Y;Y
395337;4318;2191;2017;complete;3014;0;-1;22,87;;2;0;2;3;6;9;4;2;2;4;0;0;6;4;7;7;13;11;18;21;50;50;2;4;2.6;3;2.9;0;0;0;0;0;0;0;0;0;0;1.83;1.83;3;1.36;0;0;0;0;0;0;0;0;3;2.3;3;0;0;0;0;0;0;0;0;0;0;0;0;0;0;0;0;0;0;0;0;1.5;3.45;10;0;2.5;1.3;1.06;0;1.29;2.38;5.5;15;3.5;1.53;1.14;1.03;0;0;0;0;2;1;0;1;0;1;1;2017-06-01 00:45:00;4318;1;0;0;0;0;-1;1;-1;-1;-1;-1;-1;-1;0;1;2;3;1;5;-1;0;0;0;0;0;0;0;1;0;1;0;0;0;1;1;0;0;-1;-1;0;0;-1;-1;-1;-1;-1;-1;-1;-1;-1;0;0;0;0;100;0;0;100;0;12;1;4;1;Fuerza Amarilla SC;O'Higgins;1;1.5;0;3;0;3;100;100;100;100;0;100;100;100;0;0;0;1396;2;Y;Y;N;N;N;N;N
395338;2811;702;2017;complete;3014;0;-1;;31;0;1;1;2;4;6;1;7;1;1;1;0;6;4;4;3;10;7;17;15;50;50;2;1;5;3.4;1.75;0;0;0;0;0;0;0;0;0;0;2;1.73;4.33;1.2;0;0;0;0;0;0;0;0;4.75;2.38;2.05;0;0;0;0;0;0;0;0;0;0;0;0;0;0;0;0;0;0;0;0;1.44;3.1;10;26;2.63;1.35;1.06;1.01;1.29;2.25;5.5;15;3.5;1.57;1.14;1.03;0;0;0;0;1;0;1;0;0;0;1;2017-06-01 00:45:00;702;1;0;0;0;0;-1;1;-1;-1;-1;-1;-1;-1;0;0;2;1;0;3;-1;0;0;0;0;0;0;0;0;0;0;0;0;0;1;1;0;0;-1;-1;0;0;-1;-1;-1;-1;-1;-1;-1;-1;-1;0;0;0;0;0;0;0;0;0;22;3;5;0;Alianza Lima;Independiente;0.5;2.17;1;1;1;1;100;100;100;100;100;100;100;100;0;0;0;1396;2;Y;N;N;N;N;N;N
395339;2810;4363;2017;complete;3014;0;-1;57;21;1;1;2;11;0;11;1;1;5;5;0;0;5;2;9;0;14;2;22;17;50;50;5;5;1.85;3.8;3.8;0;0;0;0;0;0;0;0;0;0;1.62;2.2;3;1.36;0;0;0;0;0;0;0;0;2.2;2.63;3.75;0;0;0;0;0;0;0;0;0;0;0;0;0;0;0;0;0;0;0;0;1.33;2.6;6.4;17;3.25;1.48;1.12;1.02;1.18;1.83;3.75;10;4.5;1.83;1.25;1.06;0;0;0;0;2;0;1;1;0;1;1;2017-06-01 22:15:00;-1;1;100;0;0;0;-1;1;-1;-1;-1;-1;-1;-1;1;1;4;4;2;8;-1;0;0;0;0;0;0;0;1;0;1;0;0;0;1;1;0;0;-1;-1;0;0;-1;-1;-1;-1;-1;-1;-1;-1;-1;0;100;100;100;100;100;100;0;0;14;3;5;4;Comerciantes Unidos;Boston River;0.5;1;0;3;0;3;100;0;0;0;0;100;100;100;0;0;0;1396;2;Y;Y;N;N;N;N;Y
395340;2267;2140;2017;complete;3014;0;-1;45;;1;0;1;6;2;8;3;1;1;4;0;0;9;2;18;3;27;5;13;9;50;50;1;4;1.17;7;15;0;0;0;0;0;0;0;0;0;0;2.1;1.67;1.73;2;0;0;0;0;0;0;0;0;1.36;3.5;10;0;0;0;0;0;0;0;0;0;0;0;0;0;0;0;0;0;0;0;0;1.22;2.08;4.4;11;4;1.73;1.2;1.05;1.13;1.67;3.25;7;6;2.1;1.33;1.1;0;0;0;0;1;1;0;0;0;0;1;2017-06-01 22:15:00;2267;1;100;0;0;0;-1;1;-1;-1;-1;-1;-1;-1;0;3;1;1;3;2;-1;0;0;0;0;0;0;0;1;0;1;0;0;0;1;1;0;0;-1;-1;0;0;-1;-1;-1;-1;-1;-1;-1;-1;-1;0;0;100;100;100;0;100;100;100;12;7;10;3;Bolívar;Deportes Tolima;1.5;1.5;0;3;0;3;100;100;0;0;0;100;100;100;0;0;0;1396;2;Y;N;N;N;N;N;N
395341;2147;717;2017;complete;3014;0;-1;58;19;1;1;2;5;7;12;0;7;5;5;0;0;5;4;6;7;11;11;19;25;50;50;5;5;3.5;3.1;2.2;0;0;0;0;0;0;0;0;0;0;2.1;1.67;3.25;1.33;0;0;0;0;0;0;0;0;3.6;2.2;2.6;0;0;0;0;0;0;0;0;0;0;0;0;0;0;0;0;0;0;0;0;1.53;3.55;11;0;2.38;1.27;1.05;0;1.33;2.5;6.5;19;3.25;1.5;1.11;1.02;0;0;0;0;2;0;1;1;0;1;1;2017-06-02 00:45:00;-1;1;0;0;0;0;-1;1;-1;-1;-1;-1;-1;-1;1;2;4;3;3;7;-1;0;0;0;0;0;0;0;0;0;0;0;0;0;1;1;0;0;-1;-1;0;0;-1;-1;-1;-1;-1;-1;-1;-1;-1;0;0;0;0;100;0;0;100;0;7;2;6;1;Rionegro Águilas;Racing Club;0.5;1.63;0;3;0;3;100;100;100;100;0;0;0;0;0;0;0;1396;2;Y;Y;N;N;N;N;Y
395342;4325;2260;2017;complete;3014;0;-1;44;85;1;1;2;2;7;9;0;3;1;4;0;1;3;5;10;6;13;11;11;20;50;50;1;5;1.53;4;6;0;0;0;0;0;0;0;0;0;0;2.1;1.67;1.91;1.8;0;0;0;0;0;0;0;0;1.83;2.5;5.5;0;0;0;0;0;0;0;0;0;0;0;0;0;0;0;0;0;0;0;0;1.4;3;9;23;2.75;1.38;1.07;1.01;1.25;2.2;5;15;3.75;1.62;1.17;1.03;0;0;0;0;2;1;0;0;1;1;1;2017-06-02 00:45:00;-1;1;100;0;0;0;-1;1;-1;-1;-1;-1;-1;-1;0;1;1;4;1;5;-1;0;0;0;0;0;0;0;0;1;0;1;0;0;1;1;0;0;-1;-1;0;0;-1;-1;-1;-1;-1;-1;-1;-1;-1;0;0;0;100;100;0;100;100;0;10;6;4;2;Deportivo Cuenca;Oriente Petrolero;1;0.5;1;1;1;1;100;100;100;0;0;100;100;0;0;0;0;1396;2;Y;Y;N;N;N;N;Y
395343;4318;2133;2017;complete;3015;0;-1;13;8;1;1;2;4;2;6;0;4;3;1;0;0;3;6;12;5;15;11;11;9;50;50;3;1;3.1;3.1;2.38;0;0;0;0;0;0;0;0;0;0;2.2;1.62;2.75;1.4;0;0;0;0;0;0;0;0;3.4;2.2;2.75;0;0;0;1.8;2;0;0;0;1.91;1.73;0;0;0;0;0;2.4;6.5;1.83;4.5;3.5;1.57;3.9;13;0;2.25;1.24;1.04;0;1.36;2.63;7;19;3;1.44;1.1;1.02;0;0;0;0;2;1;1;0;0;0;2;2017-06-28 00:45:00;-1;1;0;0;0;0;-1;1;-1;-1;-1;-1;-1;-1;2;1;1;0;3;1;-1;0;0;0;0;0;0;0;1;0;1;0;0;0;1;1;0;1;-1;-1;0;0;-1;-1;-1;-1;-1;-1;-1;-1;-1;0;0;0;25;50;0;25;50;0;4.5;2;2;0.75;Fuerza Amarilla SC;Santa Fe;1;1.25;1.5;0;1.5;0;50;50;50;25;0;50;25;25;0;0;0;1396;4;Y;Y;N;N;N;N;Y
395344;701;623;2017;complete;3015;0;-1;90;;1;0;1;9;3;12;1;0;3;3;0;1;7;3;7;5;14;8;14;22;50;50;3;4;1.62;3.5;6;0;0;0;0;0;0;0;0;0;0;2.63;1.44;1.73;2;0;0;0;0;0;0;0;0;2.05;2.2;5.5;0;0;0;1.67;1.83;0;0;0;2.1;1.83;0;0;0;0;0;1.44;6;3.75;2.2;7.5;1.57;3.9;13;0;2.25;1.24;1.04;0;1.4;2.75;8;21;2.75;1.4;1.08;1.02;0;0;0;0;1;0;0;1;0;1;0;2017-06-28 22:15:00;701;1;25;0;0;0;-1;1;-1;-1;-1;-1;-1;-1;2;1;1;3;3;4;-1;0;0;0;0;0;0;0;0;0;0;0;0;0;1;1;0;0;-1;-1;0;0;-1;-1;-1;-1;-1;-1;-1;-1;-1;0;0;0;25;25;25;25;0;0;5;0.5;2;0.5;Defensa y Justicia;Chapecoense;1.25;1;1;0;1;0;50;50;50;25;25;25;0;0;0;0;0;1396;4;Y;N;N;N;N;N;N
395345;2144;624;2017;complete;3015;0;-1;31;90;1;1;2;5;4;9;3;1;3;1;0;0;4;5;5;4;9;9;17;11;50;50;3;1;3.2;3;2.4;0;0;0;0;0;0;0;0;0;0;2.63;1.44;2.5;1.5;0;0;0;0;0;0;0;0;3.75;2;2.88;0;0;0;0;1.83;0;0;0;0;1.83;0;0;0;0;0;2.6;5;1.91;4;3.2;1.75;4.65;17;0;2.05;1.18;1.02;0;1.44;3.4;10;26;2.63;1.3;1.06;1.01;0;0;0;0;2;1;0;0;1;1;1;2017-06-29 00:45:00;-1;1;25;0;50;0;-1;1;-1;-1;-1;-1;-1;-1;1;0;2;1;1;3;-1;0;0;0;0;0;0;0;0;0;0;0;0;0;1;1;0;0;-1;-1;0;0;-1;-1;-1;-1;-1;-1;-1;-1;-1;0;0;25;50;100;0;75;75;25;3.5;1.5;3.5;1.75;Patriotas Boyacá;Corinthians;1;2;1.5;3;1.5;3;100;100;75;50;0;0;0;0;0;0;0;1396;4;Y;Y;N;N;N;N;Y
395346;628;6680;2017;complete;3015;0;-1;90;;1;0;1;14;4;18;1;2;2;3;0;0;5;3;13;3;18;6;12;20;50;50;2;3;1.75;3.4;5;1.1;1.5;2.5;4.8;11;7;2.5;1.5;1.18;1.05;2.25;1.57;1.83;1.83;0;0;0;0;0;0;0;0;2.1;2.25;5;0;0;0;0;1.73;0;0;0;0;2;0;0;0;0;0;1.5;7;3.25;2.5;7.5;0;0;0;0;0;0;0;0;1.53;3.55;11;26;2.38;1.27;1.05;1.01;0;0;0;0;1;0;0;1;0;1;0;2017-06-29 22:15:00;628;1;75;50;50;0;-1;1;-1;-1;-1;-1;-1;-1;0;3;2;0;3;2;-1;0;0;0;0;0;0;0;0;0;0;0;0;0;1;1;0;0;-1;-1;0;0;-1;-1;-1;-1;-1;-1;-1;-1;-1;50;50;50;75;75;75;75;50;50;10;1.5;7;3.75;Ponte Preta;Sol de América;1.83;1.5;1;3;1;3;50;50;50;25;25;75;25;25;0;0;0;1396;4;Y;N;N;N;N;N;N
395347;617;4328;2017;complete;3015;0;-1;27,29,45,55;;4;0;4;8;0;8;2;3;1;3;0;0;7;3;12;9;19;12;18;7;50;50;1;3;1.3;5.25;9.5;1.04;1.24;1.7;2.75;5.25;13;3.9;2.1;1.43;1.16;2.1;1.67;1.8;1.91;0;0;0;0;0;0;0;0;1.57;2.88;7.5;0;0;0;0;1.73;0;0;0;0;2;0;0;0;0;0;1.22;13;4.75;2;15;0;0;0;0;0;0;0;0;1.3;2.42;5.9;17;3.4;1.52;1.13;1.02;0;0;0;0;4;3;0;1;0;1;3;2017-06-30 00:45:00;617;1;25;50;0;0;-1;1;-1;-1;-1;-1;-1;-1;0;2;1;1;2;2;-1;0;0;0;0;0;0;0;1;0;1;0;0;0;1;1;0;0;-1;-1;0;0;-1;-1;-1;-1;-1;-1;-1;-1;-1;0;25;50;75;100;50;100;50;25;14.5;2.5;4.5;2.5;Fluminense;CD Universidad Católica;1.63;1.5;1.5;3;1.5;3;100;75;50;25;0;75;75;50;0;0;0;1396;4;Y;Y;Y;Y;N;N;N
395348;717;2137;2017;complete;3015;0;-1;16,24,57;47;3;1;4;6;2;8;1;1;2;4;0;0;5;5;11;4;16;9;15;14;50;50;2;4;1.5;4;7;1.06;1.3;1.98;3.3;6.6;10;3.45;1.88;1.32;1.11;2;1.73;2;1.73;0;0;0;0;0;0;0;0;1.83;2.6;5.5;0;0;0;0;1.83;0;0;0;0;1.83;0;0;0;0;0;1.36;10;3.5;2.38;10;0;0;0;0;0;0;0;0;1.4;2.85;8;21;2.75;1.4;1.08;1.02;0;0;0;0;4;2;0;1;1;2;2;2017-06-30 00:45:00;717;1;25;0;0;0;-1;1;-1;-1;-1;-1;-1;-1;1;1;1;3;2;4;-1;0;0;0;0;0;0;0;0;0;0;0;0;0;1;1;0;0;-1;-1;0;0;-1;-1;-1;-1;-1;-1;-1;-1;-1;0;0;0;25;50;0;25;50;0;6.5;4.5;4;0.75;Racing Club;Independiente Medellín;1.63;0;2;0;2;0;50;50;50;25;0;25;25;25;0;0;0;1396;2;Y;Y;Y;Y;N;N;Y
395349;2193;612;2017;complete;3015;0;-1;50,57;46,59,61,82,89;2;5;7;5;9;14;2;0;1;0;0;0;4;9;5;1;9;10;11;9;50;50;1;0;6;3.75;1.57;1.07;1.32;2.05;3.55;7;9.5;3.3;1.8;1.27;1.1;2;1.73;5;1.17;0;0;0;0;0;0;0;0;5;2.5;1.91;0;0;0;0;0;2;0;0;0;0;1.73;0;0;0;0;3.25;9.5;1.4;9.5;2.5;0;0;0;0;0;0;0;0;1.4;3;8;23;2.75;1.38;1.08;1.01;0;0;0;0;7;0;0;2;5;7;0;2017-07-06 00:45:00;612;1;0;0;0;0;-1;1;-1;-1;-1;-1;-1;-1;0;0;1;0;0;1;-1;0;0;0;0;0;0;0;0;1;0;1;0;0;1;1;0;0;-1;-1;0;0;-1;-1;-1;-1;-1;-1;-1;-1;-1;0;0;0;0;50;0;0;50;0;6;2;1.5;0.5;Palestino;Flamengo;0.75;2.1;1.5;0;1.5;0;50;50;50;50;0;50;50;25;0;0;0;1396;4;Y;Y;Y;Y;Y;Y;Y
395350;614;716;2017;complete;3015;0;-1;55,73;;2;0;2;9;5;14;2;3;2;5;0;0;7;2;8;2;15;4;16;14;50;50;2;5;1.62;3.6;6;1.1;1.4;2.25;4.1;10;7.5;2.85;1.63;1.23;1.06;2.2;1.62;1.83;1.83;0;0;0;0;0;0;0;0;1.95;2.38;5.5;0;0;0;0;1.91;0;0;0;0;1.8;0;0;0;0;0;1.44;7.5;3.5;2.38;8.5;0;0;0;0;0;0;0;0;1.5;3.3;10;26;2.5;1.32;1.06;1.01;0;0;0;0;2;0;0;2;0;2;0;2017-07-07 00:45:00;614;1;25;0;0;0;-1;1;-1;-1;-1;-1;-1;-1;0;4;2;1;4;3;-1;0;0;0;0;0;0;0;0;0;0;0;0;0;1;1;0;0;-1;-1;0;1;-1;-1;-1;-1;-1;-1;-1;-1;-1;25;25;75;100;100;100;100;75;25;7.5;1.5;3;3.75;Sport Recife;Arsenal de Sarandí;1.25;2.25;1.5;3;1.5;3;75;75;25;0;0;50;25;25;0;0;0;1396;4;Y;Y;N;N;N;N;N
395351;724;6674;2017;complete;3015;0;-1;89;4,29,58,64,85;1;5;6;7;1;8;2;0;4;3;1;0;5;10;14;3;19;13;16;12;50;50;6;3;3;2.9;2.6;1.14;1.63;2.85;6;15;5.5;2.25;1.4;1.13;1.03;2.25;1.57;2.5;1.5;0;0;0;0;0;0;0;0;3.25;2.1;3;0;0;0;0;1.73;0;0;0;0;2;0;0;0;0;0;2.38;5.5;1.95;4;3.6;0;0;0;0;0;0;0;0;1.62;4.25;13;23;2.2;1.21;1.04;1.01;0;0;0;0;6;0;2;1;3;4;2;2017-07-11 22:15:00;6674;1;0;0;0;0;-1;1;-1;-1;-1;-1;-1;-1;3;2;2;1;5;3;-1;0;0;0;0;0;0;0;0;1;0;1;0;0;1;1;0;1;-1;-1;0;0;-1;-1;-1;-1;-1;-1;-1;-1;-1;0;25;50;50;50;25;50;25;25;10;0.5;4.5;1.75;Huracán;Libertad;0.75;2.13;1.5;0;1.5;0;50;25;0;0;0;50;50;50;0;0;0;1396;4;Y;Y;Y;Y;Y;Y;Y
395352;6675;4363;2017;complete;3015;0;-1;75,78;13;2;1;3;4;3;7;1;6;1;0;0;0;6;4;6;10;12;14;19;16;50;50;1;0;1.5;4;7;1.08;1.38;2.1;3.8;8;8.5;3;1.7;1.25;1.08;2.25;1.57;1.8;1.91;0;0;0;0;0;0;0;0;1.8;2.5;6;0;0;0;0;1.73;0;0;0;0;2;0;0;0;0;0;1.36;8.5;4;2.2;10;0;0;0;0;0;0;0;0;1.44;3.1;9;26;2.63;1.35;1.07;1.01;0;0;0;0;3;0;1;2;0;2;1;2017-07-12 00:45:00;6675;1;100;0;0;0;-1;1;-1;-1;-1;-1;-1;-1;0;0;1;0;0;1;-1;0;0;0;0;0;0;0;0;0;0;0;0;0;1;1;0;0;-1;-1;0;0;-1;-1;-1;-1;-1;-1;-1;-1;-1;0;25;50;100;100;25;75;75;25;11.5;3;5.5;2.75;Cerro Porteño;Boston River;1.83;1;2;2;2;2;100;75;50;0;0;75;75;75;0;0;0;1396;4;Y;Y;Y;N;N;N;Y
395353;2260;722;2017;complete;3015;0;-1;2,88;64,72,89;2;3;5;5;5;10;0;2;2;3;1;0;3;9;10;5;13;14;15;17;50;50;4;3;2.63;3;2.88;1.1;1.45;2.38;4.5;11;7;2.67;1.55;1.19;1.05;2;1.73;2.75;1.4;0;0;0;0;0;0;0;0;2.88;2.25;3.1;0;0;0;0;1.73;0;0;0;0;2;0;0;0;0;0;1.91;7;2.2;4;4.33;0;0;0;0;0;0;0;0;1.53;3.55;11;26;2.38;1.27;1.05;1.01;0;0;0;0;5;1;0;1;3;4;1;2017-07-12 00:45:00;722;1;50;0;0;0;-1;1;-1;-1;-1;-1;-1;-1;2;1;1;2;3;3;-1;0;0;0;0;0;0;0;0;0;0;0;0;0;1;1;1;0;-1;-1;1;1;-1;-1;-1;-1;-1;-1;-1;-1;-1;0;0;0;50;50;0;50;50;0;8;3;3;1;Oriente Petrolero;Atlético Tucumán;0.5;2.25;1;0;1;0;50;50;50;0;0;50;25;0;0;0;0;1396;4;Y;Y;Y;Y;Y;N;Y
395354;2267;4319;2017;complete;3015;0;-1;53;;1;0;1;6;4;10;1;2;1;3;0;0;7;4;6;3;13;7;10;19;50;50;1;3;1.5;4;5.5;1.04;1.23;1.73;2.75;5.25;13;4;2.08;1.43;1.16;1.8;1.91;2.25;1.57;0;0;0;0;0;0;0;0;1.8;2.75;5;0;0;0;0;1.91;0;0;0;0;1.8;0;0;0;0;0;1.4;13;3.2;2.63;10;0;0;0;0;0;0;0;0;1.33;2.63;6.5;19;3.25;1.44;1.11;1.02;0;0;0;0;1;0;0;1;0;1;0;2017-07-12 22:15:00;2267;1;75;0;50;0;-1;1;-1;-1;-1;-1;-1;-1;0;1;1;2;1;3;-1;0;0;0;0;0;0;0;0;0;0;0;0;0;1;1;0;0;-1;-1;0;0;-1;-1;-1;-1;-1;-1;-1;-1;-1;0;25;75;75;100;25;100;75;75;9;4.5;9;2.75;Bolívar;LDU Quito;1.5;1.67;1.5;2;1.5;2;100;75;25;25;0;50;25;25;0;0;0;1396;4;Y;N;N;N;N;N;N
395355;702;2192;2017;complete;3015;0;-1;22,35,41,45;76,90;4;2;6;2;7;9;6;1;2;3;0;0;7;5;4;4;11;9;14;16;50;50;2;3;1.36;4.33;10;1.08;1.32;1.85;3.45;8;8.5;3.3;2;1.3;1.08;2.2;1.62;1.8;1.91;0;0;0;0;0;0;0;0;1.67;2.6;7.5;0;0;0;0;1.83;0;0;0;0;1.83;0;0;0;0;0;1.29;9.5;4.5;2.05;15;0;0;0;0;0;0;0;0;1.36;2.75;7;21;3;1.4;1.1;1.02;0;0;0;0;6;4;0;0;2;2;4;2017-07-13 00:45:00;702;1;0;0;0;0;-1;1;-1;-1;-1;-1;-1;-1;1;2;1;1;3;2;-1;0;0;0;0;0;0;0;0;1;0;1;0;0;1;1;0;0;-1;-1;0;1;-1;-1;-1;-1;-1;-1;-1;-1;-1;0;0;0;0;25;0;25;0;0;11;4;1;0.25;Independiente;Deportes Iquique;2.17;0;2;0;2;0;50;50;50;50;25;25;25;25;0;0;0;1396;2;Y;Y;Y;Y;Y;Y;Y
395356;6676;6681;2017;complete;3015;0;-1;16;20;1;1;2;5;6;11;1;4;1;0;0;0;3;6;6;4;9;10;16;14;50;50;1;0;4;3.2;2;1.08;1.43;2.25;4.25;9;8;2.75;1.62;1.21;1.07;2;1.73;3.75;1.25;0;0;0;0;0;0;0;0;4;2.3;2.3;0;0;0;0;1.73;0;0;0;0;2;0;0;0;0;0;2.63;7.5;1.67;6;3.1;0;0;0;0;0;0;0;0;1.5;3.4;10;26;2.5;1.3;1.06;1.01;0;0;0;0;2;1;1;0;0;0;2;2017-07-13 00:45:00;-1;1;50;50;0;0;-1;1;-1;-1;-1;-1;-1;-1;0;0;1;0;0;1;-1;0;0;0;0;0;0;0;0;0;0;0;0;0;1;1;0;0;-1;-1;0;0;-1;-1;-1;-1;-1;-1;-1;-1;-1;0;0;50;50;50;50;50;50;0;4;1.5;2.5;1.5;Nacional Asunción;Olimpia;1.38;1;1.5;0;1.5;0;50;50;0;0;0;25;25;25;0;0;0;1396;2;Y;Y;N;N;N;N;Y
395357;2256;709;2017;complete;3015;0;-1;;80;0;1;1;9;2;11;4;1;1;3;1;0;7;3;9;8;16;11;15;12;50;50;3;3;2.1;3.2;3.6;1.1;1.43;2.35;4.15;10;7.5;2.75;1.57;1.22;1.06;1.91;1.8;2.5;1.5;0;0;0;0;0;0;0;0;2.2;2.3;4.5;0;0;0;0;1.83;0;0;0;0;1.83;0;0;0;0;0;1.73;8;2.5;3.4;6;0;0;0;0;0;0;0;0;1.44;3.25;10;26;2.63;1.33;1.06;1.01;0;0;0;0;1;0;0;0;1;1;0;2017-07-13 22:15:00;709;1;50;50;0;0;-1;1;-1;-1;-1;-1;-1;-1;0;0;2;3;0;5;-1;0;0;0;0;0;0;0;0;0;0;0;0;0;1;1;0;0;-1;-1;0;0;-1;-1;-1;-1;-1;-1;-1;-1;-1;0;25;50;50;50;25;50;50;50;5;1;3;1.75;Nacional Potosí;Estudiantes;0.75;1.5;1.5;0;1.5;0;50;25;0;0;0;50;50;25;0;0;0;1396;4;Y;N;N;N;N;N;N
395358;2132;2131;2017;complete;3015;0;-1;37;74;1;1;2;6;1;7;0;3;3;2;0;1;9;3;6;3;15;6;15;22;50;50;3;3;2.05;3.2;3.75;1.1;1.43;2.15;4.25;10;7.5;2.75;1.67;1.21;1.06;1.91;1.8;2.5;1.5;0;0;0;0;0;0;0;0;2.25;2.3;4.33;0;0;0;0;1.83;0;0;0;0;1.83;0;0;0;0;0;1.67;8;2.6;3.25;6;0;0;0;0;0;0;0;0;1.44;3.25;9;26;2.63;1.33;1.07;1.01;0;0;0;0;2;1;0;0;1;1;1;2017-07-14 00:45:00;-1;1;25;0;0;0;-1;1;-1;-1;-1;-1;-1;-1;3;1;0;2;4;2;-1;0;0;0;0;0;0;0;0;0;0;0;0;0;1;1;0;0;-1;-1;0;0;-1;-1;-1;-1;-1;-1;-1;-1;-1;0;0;25;25;50;25;25;25;0;5.5;1.5;3.5;1;Deportivo Cali;Junior;1.25;1.25;1.5;0;1.5;0;50;50;25;25;0;25;25;25;0;0;0;1396;4;Y;Y;N;N;N;N;Y
395359;623;701;2017;complete;3015;0;-1;25;;1;0;1;4;4;8;1;4;2;2;0;0;4;2;9;6;13;8;12;18;41;59;2;2;2.1;3.1;3.8;0;0;2.7;0;0;0;0;1.44;0;0;2.25;1.57;2.1;1.67;3.25;1.33;0;0;0;0;0;0;0;0;0;0;0;0;0;1.8;0;0;0;0;1.91;0;0;0;0;0;1.73;6;2.75;3;5.5;0;0;0;0;0;0;0;0;1.57;4;13;0;2.25;1.22;1.04;0;0;0;0;0;1;1;0;0;0;0;1;2017-07-25 22:15:00;623;1;17;50;0;0;-1;1;-1;-1;-1;-1;-1;-1;0;1;2;1;1;3;1;38;59;91;119;1.38;1.08;2.46;0;0;0;0;0;0;1;1;0;0;-1;-1;0;0;-1;-1;-1;-1;-1;-1;-1;-1;-1;0;0;0;17;84;17;17;67;0;9.33;0.67;6.33;1;Chapecoense;Defensa y Justicia;1;1.25;0;1.67;0;1.67;100;100;100;84;17;84;67;67;0;0;0;1396;4;Y;N;N;N;N;N;N
395360;2133;4318;2017;complete;3015;0;-1;90;;1;0;1;7;2;9;3;1;0;3;0;2;6;2;8;2;14;4;14;17;50;50;0;6;1.44;4.2;7.5;0;0;2.3;0;0;0;0;1.6;0;0;2.63;1.44;1.57;2.25;5;1.17;0;0;0;0;0;0;0;0;0;0;0;0;0;2;0;0;0;0;1.73;0;0;0;0;0;1.29;7.5;5;1.91;11;0;0;0;0;0;0;0;0;1.5;3.4;10;26;2.5;1.3;1.06;1.01;0;0;0;0;1;0;0;1;0;1;0;2017-07-26 00:45:00;2133;1;67;0;0;0;-1;1;-1;-1;-1;-1;-1;-1;0;1;0;4;1;4;-1;0;0;0;0;0;0;0;0;0;0;0;0;0;1;1;0;0;-1;-1;0;0;-1;-1;-1;-1;-1;-1;-1;-1;-1;0;0;0;84;100;67;84;34;0;6.33;5.33;3.33;1.84;Santa Fe;Fuerza Amarilla SC;1.25;1;1;1.33;1;1.33;100;100;100;17;0;34;17;17;0;0;0;1396;4;Y;N;N;N;N;N;N
395361;6680;628;2017;complete;3015;0;-1;12;9,45,54;1;3;4;7;7;14;4;5;4;1;0;0;9;8;7;5;16;13;14;17;53;47;4;1;2.5;3;3;0;0;2.6;0;0;0;0;1.48;0;0;2.1;1.67;2.5;1.5;3;1.36;0;0;0;0;0;0;0;0;0;0;0;0;0;1.73;0;0;0;0;2;0;0;0;0;0;1.83;6.5;2.38;3.5;4.75;0;0;0;0;0;0;0;0;1.57;3.75;11;0;2.25;1.25;1.05;0;0;0;0;0;4;1;2;0;1;1;3;2017-07-26 22:15:00;628;1;50;100;0;0;-1;1;-1;-1;-1;-1;-1;-1;2;1;2;0;3;2;1;76;62;100;92;2.18;1.83;4.01;1;1;0;1;1;0;1;1;0;1;-1;-1;0;0;-1;-1;-1;-1;-1;-1;-1;-1;-1;34;34;34;50;84;50;50;67;34;12.67;2;6.33;2.84;Sol de América;Ponte Preta;1.5;1.83;2;1.67;2;1.67;67;67;67;50;17;84;50;50;0;0;0;1396;4;Y;Y;Y;Y;N;N;Y
395362;4328;617;2017;complete;3015;0;-1;18;39,61;1;2;3;3;1;4;5;1;3;1;0;0;8;7;9;5;17;12;11;12;50;50;3;1;1.8;3.75;4.2;0;0;1.95;0;0;0;0;1.9;0;0;1.83;1.83;2.5;1.5;4.5;1.18;0;0;0;0;0;0;0;0;0;0;0;0;0;1.8;0;0;0;0;1.91;0;0;0;0;0;1.53;11;2.75;3;7;0;0;0;0;0;0;0;0;1.36;2.75;7;21;3;1.4;1.1;1.02;0;0;0;0;3;1;1;0;1;1;2;2017-07-26 22:15:00;617;1;17;0;0;0;-1;1;-1;-1;-1;-1;-1;-1;0;0;3;1;0;4;-1;0;0;0;0;0;0;0;0;0;0;0;0;0;1;1;0;0;-1;-1;0;0;-1;-1;-1;-1;-1;-1;-1;-1;-1;0;50;67;84;100;67;100;67;17;12.33;3.33;4.33;3;CD Universidad Católica;Fluminense;1.5;1.63;2;2;2;2;100;50;34;17;0;50;50;33;0;0;0;1396;4;Y;Y;Y;N;N;N;Y
395363;624;2144;2017;complete;3015;0;-1;28,90;;2;0;2;1;8;9;1;0;0;1;0;0;3;4;6;7;9;11;9;17;52;48;0;1;1.25;5.5;12;0;0;2.02;0;0;0;0;1.83;0;0;2.75;1.4;1.5;2.5;7;1.1;0;0;0;0;0;0;0;0;0;0;0;0;0;1.83;0;0;0;0;1.83;0;0;0;0;0;1.17;9.5;6.5;1.67;17;0;0;0;0;0;0;0;0;1.4;2.75;8;21;2.75;1.4;1.08;1.02;0;0;0;0;2;1;0;1;0;1;1;2017-07-27 00:45:00;624;1;50;0;0;0;-1;1;-1;-1;-1;-1;-1;-1;0;1;0;0;1;0;1;60;66;122;88;1.22;1.45;2.68;0;0;0;0;0;0;1;1;0;0;-1;-1;0;0;-1;-1;-1;-1;-1;-1;-1;-1;-1;0;0;17;67;100;0;84;84;17;5.33;2.33;3.67;1.83;Corinthians;Patriotas Boyacá;2;1;2.33;1.33;2.33;1.33;100;100;84;34;0;33;0;0;0;0;0;1396;4;Y;Y;N;N;N;N;N
395364;4363;6675;2017;complete;3015;0;-1;79;22,47,52,68;1;4;5;8;1;9;0;1;3;0;0;0;6;8;9;3;15;11;13;12;53;47;3;0;2.3;3.1;3.3;0;0;2.15;0;0;0;0;1.67;0;0;1.83;1.83;2.63;1.44;3.5;1.29;0;0;0;0;0;0;0;0;0;0;0;0;0;1.8;0;0;0;0;1.91;0;0;0;0;0;1.8;8;2.3;3.75;5.5;0;0;0;0;0;0;0;0;1.44;3.25;9;26;2.63;1.33;1.07;1.01;0;0;0;0;5;0;1;1;3;4;1;2017-07-27 00:45:00;6675;1;100;50;50;0;-1;1;-1;-1;-1;-1;-1;-1;1;0;2;0;1;2;1;78;51;94;94;1.92;1.63;3.55;0;1;0;1;0;0;1;1;0;0;-1;-1;0;0;-1;-1;-1;-1;-1;-1;-1;-1;-1;0;17;67;100;100;17;84;84;50;10;4.33;4;2.84;Boston River;Cerro Porteño;1;1.83;1.33;2.33;1.33;2.33;100;84;33;0;0;50;50;50;0;0;0;1396;4;Y;Y;Y;Y;Y;N;Y
395365;716;614;2017;complete;3015;0;-1;44,65;83;2;1;3;5;8;13;5;3;5;3;0;0;5;5;7;6;12;11;18;16;50;50;5;3;2.2;3.3;3.3;0;0;2.05;0;0;0;0;1.75;0;0;1.8;1.91;2.75;1.4;3.75;1.25;0;0;0;0;0;0;0;0;0;0;0;0;0;1.83;0;0;0;0;1.83;0;0;0;0;0;1.73;9;2.3;3.75;5.5;0;0;0;0;0;0;0;0;1.44;3;9;23;2.63;1.36;1.07;1.01;0;0;0;0;3;1;0;1;1;2;1;2017-07-27 22:15:00;716;1;17;0;50;0;-1;1;-1;-1;-1;-1;-1;-1;2;1;3;2;3;5;-1;0;0;0;0;0;0;0;0;0;0;0;0;0;1;1;0;0;-1;-1;0;0;-1;-1;-1;-1;-1;-1;-1;-1;-1;17;17;50;100;100;67;67;84;50;9.66;2.67;4.34;3.17;Arsenal de Sarandí;Sport Recife;2.25;1.25;2;2;2;2;84;84;50;0;0;67;50;50;0;0;0;1396;4;Y;Y;Y;N;N;N;Y
395366;2137;717;2017;complete;3015;0;-1;5,25;45,62,90;2;3;5;5;1;6;2;3;4;6;3;0;5;5;7;1;12;6;12;15;50;50;9;6;1.95;3.5;3.75;0;0;1.95;0;0;0;0;1.9;0;0;1.8;1.91;2.63;1.44;4.33;1.2;0;0;0;0;0;0;0;0;0;0;0;0;0;2;0;0;0;0;1.73;0;0;0;0;0;1.57;10;2.6;3.25;6.5;0;0;0;0;0;0;0;0;1.4;3;8;23;2.75;1.36;1.08;1.01;0;0;0;0;5;2;1;0;2;2;3;2017-07-28 00:45:00;717;1;84;0;0;0;-1;1;-1;-1;-1;-1;-1;-1;2;1;5;5;3;10;-1;0;0;0;0;0;0;0;0;1;0;1;0;0;1;1;1;0;-1;-1;0;0;-1;-1;-1;-1;-1;-1;-1;-1;-1;0;67;67;84;100;67;84;100;67;8.33;4.33;7.33;3.17;Independiente Medellín;Racing Club;0;1.63;0;2.33;0;2.33;100;34;34;17;0;17;17;17;0;0;0;1396;2;Y;Y;Y;Y;Y;N;Y
395367;6674;724;2017;complete;3015;0;-1;49,59;;2;0;2;5;4;9;1;2;1;2;0;0;8;6;2;7;10;13;13;22;50;50;1;2;1.6;3.75;5.75;0;0;1.85;0;0;0;0;2;0;0;1.8;1.91;2.38;1.53;5.5;1.14;0;0;0;0;0;0;0;0;0;0;0;0;0;0;2;0;0;0;0;1.73;0;0;0;0;1.44;12;3;2.88;9.5;0;0;0;0;0;0;0;0;1.33;2.63;6.5;19;3.25;1.44;1.11;1.02;0;0;0;0;2;0;0;2;0;2;0;2017-08-01 22:15:00;6674;1;67;0;0;0;-1;1;-1;-1;-1;-1;-1;-1;1;1;0;1;2;1;-1;0;0;0;0;0;0;0;0;0;0;0;0;0;1;1;0;0;-1;-1;0;0;-1;-1;-1;-1;-1;-1;-1;-1;-1;67;84;100;100;100;84;100;84;84;10;1;8;5.17;Libertad;Huracán;2.13;0.75;3;1;3;1;34;17;0;0;0;34;34;34;0;0;0;1396;4;Y;Y;N;N;N;N;N
395368;722;2260;2017;complete;3015;0;-1;45,51,84;;3;0;3;8;6;14;1;1;2;6;0;0;9;4;8;5;17;9;14;17;54;46;2;6;1.75;3.8;4.33;0;0;1.6;0;0;0;0;2.3;0;0;1.57;2.25;3;1.36;6;1.13;0;0;0;0;0;0;0;0;0;0;0;0;0;1.8;0;0;0;0;1.91;0;0;0;0;0;1.5;15;2.63;3.4;9;0;0;0;0;0;0;0;0;1.29;2.38;5.5;15;3.5;1.53;1.14;1.03;0;0;0;0;3;1;0;2;0;2;1;2017-08-02 00:45:00;722;1;100;0;0;0;-1;1;-1;-1;-1;-1;-1;-1;1;2;1;4;3;5;1;48;36;57;56;2.04;1.11;3.14;0;0;0;0;0;0;1;1;0;0;-1;-1;1;0;-1;-1;-1;-1;-1;-1;-1;-1;-1;67;67;67;100;100;0;100;100;67;12;4;6.33;4;Atlético Tucumán;Oriente Petrolero;2.25;0.5;3;0.67;3;0.67;34;34;34;0;0;100;84;0;0;0;0;1396;4;Y;Y;Y;N;N;N;N
395369;4319;2267;2017;complete;3015;0;-1;90;;1;0;1;12;3;15;1;3;0;3;0;0;6;3;14;3;20;6;8;14;67;33;0;3;1.8;3.5;4.5;0;0;2.25;0;0;0;0;1.62;0;0;2;1.73;2.1;1.67;4.33;1.2;0;0;0;0;0;0;0;0;0;0;0;0;0;1.91;0;0;0;0;1.8;0;0;0;0;0;1.5;8.5;3;2.75;7.5;0;0;0;0;0;0;0;0;1.44;3.25;10;26;2.63;1.33;1.06;1.01;0;0;0;0;1;0;0;1;0;1;0;2017-08-02 22:15:00;4319;1;50;50;50;0;-1;1;-1;-1;-1;-1;-1;-1;0;1;0;2;1;2;1;86;41;116;83;2.3;0.89;3.19;0;0;0;0;0;0;1;1;0;0;-1;-1;0;0;-1;-1;-1;-1;-1;-1;-1;-1;-1;0;17;50;50;100;17;67;84;50;9.33;4;7.34;2.17;LDU Quito;Bolívar;1.67;1.5;1.33;2;1.33;2;100;84;50;50;0;67;50;17;0;0;0;1396;4;Y;N;N;N;N;N;N
395370;2192;702;2017;complete;3015;0;-1;8;28,82;1;2;3;5;4;9;1;2;2;4;0;0;4;8;13;6;17;14;17;13;54;46;2;4;3.75;3.6;1.91;0;0;1.73;0;0;0;0;2.08;0;0;1.57;2.25;5;1.17;3.25;1.33;0;0;0;0;0;0;0;0;0;0;0;0;0;1.83;0;0;0;0;1.83;0;0;0;0;0;2.4;15;1.62;7.5;3.75;0;0;0;0;0;0;0;0;1.33;2.5;6;17;3.25;1.5;1.13;1.02;0;0;0;0;3;1;1;0;1;1;2;2017-08-03 00:45:00;702;1;67;0;0;0;-1;1;-1;-1;-1;-1;-1;-1;1;3;1;1;4;2;1;72;53;99;85;1.87;1.82;3.69;0;0;0;0;0;0;1;1;1;0;-1;-1;0;0;-1;-1;-1;-1;-1;-1;-1;-1;-1;67;67;67;67;84;67;84;67;67;15;5.67;4.33;4.17;Deportes Iquique;Independiente;0;2.17;0;2.33;0;2.33;34;34;34;34;17;84;17;17;0;0;0;1396;2;Y;Y;Y;N;N;N;Y
395371;6681;6676;2017;complete;3015;0;-1;26,49;42,90;2;2;4;3;4;7;3;1;3;2;0;0;4;7;4;3;8;10;16;20;50;50;3;2;1.75;3.5;4.75;0;0;2.4;0;0;0;0;1.53;0;0;2.25;1.57;2;1.73;3.75;1.25;0;0;0;0;0;0;0;0;0;0;0;0;0;1.73;1.83;0;0;0;2;1.83;0;0;0;0;1.5;7.5;3.2;2.5;7;0;0;0;0;0;0;0;0;1.53;3.5;11;26;2.38;1.29;1.05;1.01;0;0;0;0;4;1;1;1;1;2;2;2017-08-03 00:45:00;-1;1;100;50;0;0;-1;1;-1;-1;-1;-1;-1;-1;1;1;2;1;2;3;-1;0;0;0;0;0;0;0;0;1;0;1;0;0;1;1;0;0;-1;-1;0;0;-1;-1;-1;-1;-1;-1;-1;-1;-1;0;0;34;100;100;100;100;34;0;10.33;5.33;2;2.34;Olimpia;Nacional Asunción;1;1.38;1;1.33;1;1.33;100;100;67;0;0;84;84;84;0;0;0;1396;2;Y;Y;Y;Y;N;N;Y
395372;709;2256;2017;complete;3015;0;-1;45,72;;2;0;2;7;2;9;2;3;1;3;0;0;7;3;11;0;18;3;14;16;50;50;1;3;1.18;6.5;15;0;0;1.57;0;0;0;0;2.35;0;0;2.75;1.4;1.4;2.75;11;1.05;0;0;0;0;0;0;0;0;0;0;0;0;0;1.83;0;0;0;0;1.83;0;0;0;0;0;1.11;12;7.5;1.53;29;0;0;0;0;0;0;0;0;1.29;2.25;5.5;15;3.5;1.57;1.14;1.03;0;0;0;0;2;1;0;1;0;1;1;2017-08-03 22:15:00;709;1;34;0;0;0;-1;1;-1;-1;-1;-1;-1;-1;1;2;0;1;3;1;-1;0;0;0;0;0;0;0;1;0;1;0;0;0;1;1;0;0;-1;-1;0;0;-1;-1;-1;-1;-1;-1;-1;-1;-1;0;17;34;34;100;17;34;100;34;8.33;3;6;1.84;Estudiantes;Nacional Potosí;1.5;0.75;3;1;3;1;100;84;67;67;0;100;100;84;0;0;0;1396;4;Y;Y;N;N;N;N;N
395373;2131;2132;2017;complete;3015;0;-1;57;33;1;1;2;7;1;8;3;0;3;2;0;0;7;2;3;2;10;4;21;18;65;35;3;2;1.67;3.6;5.25;0;0;2.25;0;0;0;0;1.62;0;0;2.2;1.62;1.91;1.8;4.33;1.2;0;0;0;0;0;0;0;0;0;0;0;0;1.73;2;0;0;0;2;1.73;0;0;0;0;0;1.44;8;3.4;2.4;8;0;0;0;0;0;0;0;0;1.5;3.4;10;26;2.5;1.3;1.06;1.01;0;0;0;0;2;0;1;1;0;1;1;2017-08-04 00:45:00;-1;1;84;50;0;0;-1;1;-1;-1;-1;-1;-1;-1;0;0;3;2;0;5;1;63;32;136;92;1.59;0.64;2.23;1;0;1;0;0;0;1;1;0;0;-1;-1;0;0;-1;-1;-1;-1;-1;-1;-1;-1;-1;0;0;17;84;100;17;84;84;0;6.67;4;6.33;2;Junior;Deportivo Cali;1.25;1.25;1;1.33;1;1.33;100;100;84;17;0;17;17;17;0;0;0;1396;4;Y;Y;N;N;N;N;Y
395374;612;2193;2017;complete;3015;0;-1;4,10,42,44,73;;5;0;5;6;4;10;2;3;1;1;0;0;9;3;7;11;16;14;13;10;42;58;1;1;1.17;7;15;0;0;1.4;0;0;0;0;2.88;0;0;2.2;1.62;1.67;2.1;13;1.04;0;0;0;0;0;0;0;0;0;0;0;0;0;0;2;0;0;0;0;1.73;0;0;0;0;1.14;17;5.5;1.73;29;0;0;0;0;0;0;0;0;1.22;2;4.33;11;4;1.73;1.2;1.05;0;0;0;0;5;4;0;1;0;1;4;2017-08-10 00:45:00;612;1;67;0;0;0;-1;1;-1;-1;-1;-1;-1;-1;0;0;1;1;0;2;1;37;40;55;70;1.9;1.38;3.28;0;0;0;0;0;0;1;1;2;0;-1;-1;0;0;-1;-1;-1;-1;-1;-1;-1;-1;-1;67;67;67;67;100;0;0;100;67;14.67;2;1.33;5;Flamengo;Palestino;2.1;0.75;3;1;3;1;34;34;34;34;0;100;100;84;0;0;0;1396;4;Y;Y;Y;Y;Y;N;N
395375;722;702;2017;complete;3016;0;-1;43;;1;0;1;4;3;7;2;0;3;5;0;0;9;3;9;3;18;6;16;11;49;51;3;5;3.2;3.2;2.41;1.06;1.39;2.45;4.6;9.3;7.9;2.95;1.59;1.19;1.04;2.01;1.77;3.25;1.33;2.25;1.57;0;0;0;3.95;1.95;3.1;4.15;2.21;2.54;0;0;0;0;1.83;0;0;0;0;1.83;0;0;0;0;0;2.28;7.9;1.92;5;3.1;0;0;0;0;0;0;0;0;1.51;3.75;11;0;2.49;1.25;1.05;0;0;0;0;0;1;1;0;0;0;0;1;2017-08-23 00:45:00;722;1;50;25;0;0;-1;1;-1;-1;-1;-1;-1;-1;1;0;2;5;1;7;1;59;42;94;90;2.19;0.9;3.09;0;0;0;0;0;0;1;1;0;0;-1;-1;0;0;-1;-1;-1;-1;-1;-1;-1;-1;-1;38;38;75;75;88;25;88;75;63;13.5;5.5;4.5;3.25;Atlético Tucumán;Independiente;2.25;2.17;3;2.5;3;2.5;63;63;25;25;13;88;63;38;2.04;1.82;3.86;1396;4;Y;N;N;N;N;N;N
395376;6676;709;2017;complete;3016;0;-1;59;;1;0;1;5;5;10;1;1;2;2;0;0;2;3;8;10;10;13;22;11;50;50;2;2;3.75;3;2.15;0;0;2.7;0;0;0;0;1.44;0;0;2.25;1.57;3;1.36;2.2;1.62;0;0;0;0;0;0;0;0;0;0;0;0;0;1.8;0;0;0;0;1.91;0;0;0;0;0;2.63;6;1.73;5;3.1;0;0;0;0;0;0;0;0;1.57;3.75;13;0;2.25;1.25;1.04;0;0;0;0;0;1;0;0;1;0;1;0;2017-08-24 00:45:00;6676;1;50;50;0;0;-1;1;-1;-1;-1;-1;-1;-1;0;1;2;1;1;3;-1;0;0;0;0;0;0;0;0;0;0;0;0;0;1;1;0;0;-1;-1;0;0;-1;-1;-1;-1;-1;-1;-1;-1;-1;0;13;38;75;100;50;75;88;13;8.75;2.75;4;2.25;Nacional Asunción;Estudiantes;1.38;1.5;1.25;3;1.25;3;100;88;63;25;0;75;50;50;0;0;0;1396;4;Y;N;N;N;N;N;N
395377;6674;2133;2017;complete;3016;0;-1;60;;1;0;1;6;4;10;1;0;0;4;0;0;5;0;5;4;10;4;4;15;50;50;0;4;1.95;3.2;4.2;0;0;2.88;0;0;0;0;1.4;0;0;2.5;1.5;1.91;1.8;3.25;1.33;0;0;0;0;0;0;0;0;0;0;0;0;1.67;0;0;0;0;2.1;0;0;0;0;0;0;1.62;6;3.1;2.6;6;0;0;0;0;0;0;0;0;1.62;4;13;0;2.2;1.22;1.04;0;0;0;0;0;1;0;0;1;0;1;0;2017-08-25 00:45:00;6674;1;50;50;0;0;-1;1;-1;-1;-1;-1;-1;-1;0;2;0;2;2;2;-1;0;0;0;0;0;0;0;0;0;0;0;0;0;1;1;0;0;-1;-1;0;0;-1;-1;-1;-1;-1;-1;-1;-1;-1;25;25;25;75;100;50;50;75;50;7.5;4;2.5;2.75;Libertad;Santa Fe;2.13;1.25;3;2;3;2;75;75;75;25;0;50;0;0;0;0;0;1396;4;Y;N;N;N;N;N;N
395378;702;722;2017;complete;3016;0;-1;17,83;;2;0;2;5;6;11;1;0;4;4;1;1;6;5;6;8;12;13;12;18;47;53;5;6;1.74;3.44;5.75;1.06;1.38;2.43;4.44;9.3;8.1;3;1.6;1.2;1.04;2.38;1.55;1.83;1.83;6.5;1.11;0;0;0;2.33;2.01;6.35;1.7;2.81;7.5;0;0;0;0;1.91;0;0;0;0;1.8;0;0;0;0;0;1.53;8.1;3.22;2.1;12;0;0;0;0;0;0;0;0;1.5;3.3;9.2;26;2.55;1.28;1.03;1.01;0;0;0;0;2;1;0;1;0;1;1;2017-09-13 00:45:00;702;1;37;0;50;0;-1;1;-1;-1;-1;-1;-1;-1;2;2;3;3;4;6;1;55;53;89;91;1.58;1.55;3.13;1;1;0;0;1;1;1;1;0;0;-1;-1;0;0;-1;-1;-1;-1;-1;-1;-1;-1;-1;27;27;54;54;90;20;90;54;44;11.87;4.87;5.27;2.6;Independiente;Atlético Tucumán;2.17;2.25;2;3;2;3;74;74;47;47;10;64;44;27;0;0;0;1396;4;Y;Y;N;N;N;N;N
395379;6675;2131;2017;complete;3016;0;-1;;;0;0;0;9;5;14;0;2;1;1;0;0;4;3;9;9;13;12;12;11;47;53;1;1;1.85;3.44;4.75;1.06;1.4;2.48;4.6;9.6;8;2.91;1.58;1.19;1.04;2.18;1.67;2.1;1.67;3.25;1.33;0;0;0;2.47;2.01;5.4;2.45;2.15;4.8;0;0;0;0;1.67;0;0;0;0;2.1;0;0;0;0;0;1.62;8;2.9;2.88;5.5;0;0;0;0;0;0;0;0;1.54;3.74;11;26;2.45;1.25;1.03;1.01;0;0;0;0;0;0;0;0;0;0;0;2017-09-13 00:45:00;-1;1;100;0;0;0;-1;1;-1;-1;-1;-1;-1;-1;0;1;1;0;1;1;1;52;30;71;64;1.47;1.18;2.65;0;0;0;0;0;0;1;1;0;0;-1;-1;0;0;-1;-1;-1;-1;-1;-1;-1;-1;-1;13;13;38;100;100;0;88;100;38;7.75;4.25;4.25;2.63;Cerro Porteño;Junior;1.83;1.25;2.5;1;2.5;1;88;88;63;0;0;25;13;13;0;0;0;1396;6;N;N;N;N;N;N;N
395380;614;628;2017;complete;3016;0;-1;8,45,76;83;3;1;4;8;4;12;2;1;3;3;0;0;8;2;7;1;15;3;25;23;52;48;3;3;1.79;3.54;5.2;1.05;1.3;2.18;3.24;6;8.5;3.2;1.75;1.29;1.1;2.3;1.62;1.91;1.8;3.4;1.3;0;0;0;2.33;2.1;5.7;2.38;2.12;5.4;0;0;0;0;0;0;0;0;0;0;0;0;0;0;0;1.57;6.5;3.1;2.6;6;0;0;0;0;0;0;0;0;1.51;3.74;11;26;2.53;1.25;1.03;1.01;0;0;0;0;4;2;0;1;1;2;2;2017-09-13 22:15:00;614;1;38;50;0;0;-1;1;-1;-1;-1;-1;-1;-1;2;1;1;2;3;3;1;65;45;85;101;1.97;0.67;2.64;0;0;0;0;0;0;1;1;1;0;-1;-1;0;1;-1;-1;-1;-1;-1;-1;-1;-1;-1;0;13;50;75;88;50;63;75;25;12.75;3;5.5;2.25;Sport Recife;Ponte Preta;1.25;1.83;1.5;2;1.5;2;100;88;50;25;13;75;50;50;0;1.83;1.83;1396;6;Y;Y;Y;Y;N;N;Y
395381;623;612;2017;complete;3016;0;-1;;;0;0;0;5;6;11;0;3;2;4;0;0;6;4;9;5;15;9;21;14;46;54;2;4;3.6;3.25;2.1;1.1;1.5;2.5;5;11;7;2.5;1.5;1.17;1.05;2.2;1.62;3.25;1.33;2.25;1.57;0;0;0;0;0;0;0;0;0;0;0;0;0;0;0;0;0;0;0;0;0;0;0;0;2.6;7;1.73;5;3.2;0;0;0;0;0;0;0;0;1.57;3.75;11;0;2.25;1.25;1.05;0;0;0;0;0;0;0;0;0;0;0;0;2017-09-13 22:15:00;-1;1;25;0;50;0;-1;1;-1;-1;-1;-1;-1;-1;2;2;0;2;4;2;1;57;58;80;80;1.77;1.27;3.04;0;0;0;0;0;0;1;1;0;0;-1;-1;0;0;-1;-1;-1;-1;-1;-1;-1;-1;-1;50;50;50;50;100;25;50;75;25;11;1.5;3.5;3.5;Chapecoense;Flamengo;1;2.1;1.5;3;1.5;3;50;50;50;50;0;75;75;50;1.38;0;1.38;1396;4;N;N;N;N;N;N;N
395382;624;717;2017;complete;3016;0;-1;30;74;1;1;2;7;3;10;1;1;1;2;0;0;3;2;3;1;6;3;11;13;54;46;1;2;1.63;3.72;6.5;1.06;1.4;2.42;4;8;7.5;2.75;1.62;1.2;1.06;2.3;1.62;1.83;1.83;4.33;1.2;0;0;0;2.2;2.08;6.9;2.02;2.38;6.2;0;0;0;0;0;0;0;0;0;0;0;0;0;0;0;1.44;7;3.4;2.4;8.5;0;0;0;0;0;0;0;0;1.51;3.74;11;26;2.53;1.25;1.03;1.01;0;0;0;0;2;1;0;0;1;1;1;2017-09-14 00:45:00;-1;1;63;25;0;0;-1;1;-1;-1;-1;-1;-1;-1;0;2;1;0;2;1;1;18;10;17;8;0.71;0.4;1.11;0;0;0;0;0;0;1;1;0;0;-1;-1;0;0;-1;-1;-1;-1;-1;-1;-1;-1;-1;13;25;38;88;100;25;88;100;38;6.75;4.25;5.25;2.63;Corinthians;Racing Club;2;1.63;2.5;2.5;2.5;2.5;88;75;63;13;0;38;13;13;1.22;0;1.22;1396;6;Y;Y;N;N;N;N;Y
395383;617;4319;2017;complete;3016;0;-1;7;;1;0;1;11;2;13;1;1;3;4;0;0;3;4;12;3;15;7;14;14;60;40;3;4;1.43;4.55;8.5;1.04;1.25;1.94;3.2;6;9.5;3.5;1.94;1.3;1.11;2.1;1.75;1.91;1.8;6;1.13;0;0;0;1.87;2.38;7.9;1.74;2.72;7.4;0;0;0;0;1.83;0;0;0;0;1.83;0;0;0;0;0;1.33;9.5;3.75;2.25;11;0;0;0;0;0;0;0;0;1.4;2.75;8;21;2.75;1.44;1.08;1.02;0;0;0;0;1;1;0;0;0;0;1;2017-09-14 22:15:00;617;1;38;0;25;0;-1;1;-1;-1;-1;-1;-1;-1;1;2;2;2;3;4;-1;0;0;0;0;0;0;0;0;0;0;0;0;0;1;1;1;0;-1;-1;0;0;-1;-1;-1;-1;-1;-1;-1;-1;-1;0;25;50;63;100;50;75;75;25;11;3;5.5;2.38;Fluminense;LDU Quito;1.63;1.67;2.25;1.75;2.25;1.75;100;75;50;38;0;63;50;25;0;0;0;1396;6;Y;N;N;N;N;N;N
395384;2133;6674;2017;complete;3016;0;-1;88;26;1;1;2;5;9;14;2;0;4;4;0;0;3;3;12;6;15;9;11;15;50;50;4;4;0;0;0;0;0;0;0;0;0;0;0;0;0;0;0;0;0;0;0;0;0;0;0;0;0;0;0;0;0;0;0;0;0;0;0;0;0;0;0;0;0;0;0;0;0;0;0;0;0;0;0;0;0;0;0;0;0;0;0;0;0;0;0;0;0;0;0;0;2;0;1;1;0;1;1;2017-09-15 00:45:00;-1;1;33;0;50;0;-1;1;-1;-1;-1;-1;-1;-1;3;1;1;3;4;4;-1;0;0;0;0;0;0;0;1;0;0;0;1;0;1;1;0;0;-1;-1;0;0;-1;-1;-1;-1;-1;-1;-1;-1;-1;17;17;17;50;100;33;33;84;34;8.33;3;3;2.17;Santa Fe;Libertad;1.25;2.13;1.33;3;1.33;3;84;84;84;50;0;67;33;0;0;0;0;1396;4;Y;Y;N;N;N;N;Y
395385;709;6676;2017;complete;3016;0;-1;;65;0;1;1;8;1;9;3;3;1;3;0;0;4;2;8;3;12;5;20;7;50;50;1;3;1.44;4;8.5;1.08;1.33;2.05;3.5;8;8.5;3.25;1.75;1.29;1.08;2.25;1.57;1.73;2;6;1.13;0;0;0;0;0;0;0;0;0;0;0;0;0;1.8;0;0;0;0;1.91;0;0;0;0;0;1.3;8.5;4.33;2.05;13;0;0;0;0;0;0;0;0;1.44;3;8;23;2.63;1.36;1.08;1.01;0;0;0;0;1;0;0;0;1;1;0;2017-09-19 22:15:00;6676;1;40;50;25;0;-1;1;-1;-1;-1;-1;-1;-1;1;2;0;1;3;1;-1;0;0;0;0;0;0;0;0;0;0;0;0;0;1;1;0;0;-1;-1;0;1;-1;-1;-1;-1;-1;-1;-1;-1;-1;0;10;30;57;100;40;57;90;10;9.07;2.53;4;1.97;Estudiantes;Nacional Asunción;1.5;1.38;2;1.6;2;1.6;100;90;70;44;0;80;64;37;0;0;0;1396;4;Y;N;N;N;N;N;N
395386;2131;6675;2017;complete;3016;0;-1;41,51,81;90;3;1;4;6;4;10;3;1;1;5;1;0;7;3;7;7;14;10;12;12;54;46;3;5;2.27;2.9;3.48;1.07;1.5;2.6;5;10.5;6.7;2.42;1.5;1.14;1.01;2.1;1.65;1.8;1.91;4.33;1.2;0;0;0;3.12;1.85;4.3;2.72;2.14;3.8;0;0;0;0;1.91;0;0;0;0;1.8;0;0;0;0;0;1.71;8;2.69;2.25;8.5;0;0;0;0;0;0;0;0;1.54;3.6;10.5;0;2.45;1.24;1.01;0;0;0;0;0;4;1;0;2;1;3;1;2017-09-20 00:45:00;2131;1;74;0;50;0;-1;1;-1;-1;-1;-1;-1;-1;0;0;2;5;0;7;-1;0;0;0;0;0;0;0;0;0;0;0;0;0;1;1;0;0;-1;-1;0;0;-1;-1;-1;-1;-1;-1;-1;-1;-1;10;10;30;74;74;0;64;74;30;9.13;3.67;3.53;1.97;Junior;Cerro Porteño;1.25;1.83;1;2.2;1;2.2;90;90;70;27;27;47;37;37;1.59;1.63;3.22;1396;6;Y;Y;Y;Y;N;N;Y
395387;628;614;2017;complete;3016;0;-1;17;;1;0;1;4;3;7;1;2;4;4;1;0;5;4;6;5;11;9;25;22;50;50;5;4;1.77;3.3;4.9;1.05;1.4;2.3;4.1;8.6;7.8;2.7;1.62;1.19;1.04;2.06;1.68;2.5;1.5;4;1.22;0;0;0;2.48;1.98;5.3;2.17;2.32;4.86;0;0;0;0;1.67;0;0;0;0;2.1;0;0;0;0;0;1.57;9;2.75;3.2;6.5;0;0;0;0;0;0;0;0;1.42;3.3;9;23;2.83;1.29;1.03;1.01;0;0;0;0;1;1;0;0;0;0;1;2017-09-20 22:15:00;628;1;50;0;25;0;-1;1;-1;-1;-1;-1;-1;-1;3;1;2;3;4;5;-1;0;0;0;0;0;0;0;0;0;0;0;0;0;1;1;0;0;-1;-1;0;0;-1;-1;-1;-1;-1;-1;-1;-1;-1;0;30;60;80;90;60;70;80;40;12.6;3;5.6;2.6;Ponte Preta;Sport Recife;1.83;1.25;1.6;1.8;1.6;1.8;100;70;40;20;10;80;60;60;0;0;0;1396;6;Y;N;N;N;N;N;N
395388;612;623;2017;complete;3016;0;-1;7,22,63,89;;4;0;4;4;3;7;6;1;2;2;0;0;8;5;5;4;13;9;11;18;50;50;2;2;1.36;4.5;9;1.07;1.3;2.05;3.5;7;9;3.4;1.8;1.29;1.1;2.38;1.53;1.67;2.1;6.5;1.11;0;0;0;0;0;0;0;0;0;0;0;0;0;0;1.8;0;0;0;0;1.91;0;0;0;0;1.25;9;4.75;1.91;13;0;0;0;0;0;0;0;0;1.4;3;8;23;2.75;1.36;1.08;1.01;0;0;0;0;4;2;0;2;0;2;2;2017-09-20 22:15:00;612;1;17;0;0;0;-1;1;-1;-1;-1;-1;-1;-1;1;1;1;1;2;2;-1;0;0;0;0;0;0;0;0;0;0;0;0;0;1;1;1;0;-1;-1;0;0;-1;-1;-1;-1;-1;-1;-1;-1;-1;34;34;34;34;67;17;33;50;17;11;2;4.34;2.34;Flamengo;Chapecoense;2.1;1;2.33;1.33;2.33;1.33;67;67;67;67;33;84;84;67;1.9;0;1.9;1396;4;Y;Y;Y;Y;N;N;N
395389;717;624;2017;complete;3016;0;-1;;;0;0;0;2;1;3;1;2;3;3;0;2;4;0;7;4;11;4;17;27;50;50;3;6;2.05;3.35;4;1.08;1.36;2.27;3.75;8;8.5;3;1.7;1.25;1.08;1.83;1.83;2.75;1.4;3.5;1.29;0;0;0;2.63;2.05;4.7;2.67;2.3;3.68;0;0;0;0;0;1.91;0;0;0;0;1.8;0;0;0;0;1.8;8.5;2.3;3.75;5.5;0;0;0;0;0;0;0;0;1.53;3.25;9;26;2.47;1.33;1.07;1.01;0;0;0;0;0;0;0;0;0;0;0;2017-09-21 00:45:00;-1;1;70;0;50;0;-1;1;-1;-1;-1;-1;-1;-1;2;0;1;5;2;6;-1;0;0;0;0;0;0;0;0;0;0;0;0;0;1;1;0;0;-1;-1;0;0;-1;-1;-1;-1;-1;-1;-1;-1;-1;10;20;30;90;100;20;90;100;30;7.4;3.8;4.8;2.5;Racing Club;Corinthians;1.63;2;2.2;2.2;2.2;2.2;90;80;70;10;0;50;30;10;0;0;0;1396;6;N;N;N;N;N;N;N
395390;4319;617;2017;complete;3016;0;-1;58,61;87;2;1;3;6;2;8;5;0;1;2;0;0;9;3;11;12;20;15;14;14;58;42;1;2;1.67;3.5;5.5;1.08;1.4;2.25;4;9;8;2.75;1.62;1.22;1.07;2.1;1.67;2;1.73;4.33;1.2;0;0;0;0;0;0;1.98;2.44;6;0;0;0;0;1.83;0;0;0;0;1.83;0;0;0;0;0;1.5;8;3.25;2.5;8;0;0;0;0;0;0;0;0;1.44;2.5;10;26;2.63;1.52;1.06;1.01;0;0;0;0;3;0;0;2;1;3;0;2017-09-21 22:15:00;4319;1;30;50;25;0;-1;1;-1;-1;-1;-1;-1;-1;1;1;0;1;2;1;1;95;62;119;86;2.57;1.6;4.17;0;0;0;0;0;0;1;1;0;0;-1;-1;0;0;-1;-1;-1;-1;-1;-1;-1;-1;-1;0;20;40;50;100;40;80;60;20;11.4;2.8;5.8;2.1;LDU Quito;Fluminense;1.67;1.63;1.4;2.4;1.4;2.4;100;80;60;50;0;70;60;40;2.3;0;2.3;1396;6;Y;Y;Y;N;N;N;Y
395391;6674;717;2017;complete;3016;0;-1;26;;1;0;1;2;5;7;0;1;1;2;0;0;4;3;3;3;7;6;10;16;49;51;1;2;2.45;3;3.1;1.11;1.5;2.7;5;13;6.5;2.5;1.44;1.16;1.04;2.1;1.66;2.5;1.5;2.75;1.39;0;0;0;0;0;0;0;0;0;0;0;0;0;1.9;0;0;0;0;1.8;0;0;0;0;0;1.9;6.5;2.29;3.75;4.5;0;0;0;0;0;0;0;0;1.57;3.75;11;0;2.25;1.25;1.05;0;0;0;0;0;1;1;0;0;0;0;1;2017-10-25 00:45:00;6674;1;59;17;0;0;-1;1;-1;-1;-1;-1;-1;-1;0;1;1;1;1;2;1;48;42;65;58;1.07;0.89;1.96;0;0;0;0;0;0;1;1;0;0;-1;-1;0;0;-1;-1;-1;-1;-1;-1;-1;-1;-1;21;29;29;71;92;29;59;92;42;9.42;3;5.5;2.54;Libertad;Racing Club;2.13;1.63;2.5;2;2.5;2;79;71;71;29;9;54;42;21;0;0.4;0.4;1396;8;Y;N;N;N;N;N;N
395392;6676;702;2017;complete;3016;0;-1;33;28,49,70,77;1;4;5;1;5;6;4;1;2;0;0;0;5;7;9;6;14;13;12;10;50;50;2;0;3.79;3.1;2.1;1.11;1.5;2.7;5;11;6.5;2.5;1.44;1.16;1.05;2.1;1.66;3.25;1.33;2.25;1.57;0;0;0;0;0;0;0;0;0;0;0;0;0;1.83;0;0;0;0;1.83;0;0;0;0;0;2.6;6.5;1.72;5.5;3.2;0;0;0;0;0;0;0;0;1.57;3.75;11;0;2.25;1.25;1.05;0;0;0;0;0;5;1;1;0;3;3;2;2017-10-25 22:15:00;702;1;50;50;0;0;-1;1;-1;-1;-1;-1;-1;-1;0;0;2;0;0;2;-1;0;0;0;0;0;0;0;0;1;0;0;0;1;1;1;0;0;-1;-1;0;0;-1;-1;-1;-1;-1;-1;-1;-1;-1;9;17;42;59;92;50;75;67;17;9.83;4.33;5.17;2.25;Nacional Asunción;Independiente;1.38;2.17;1.83;2.17;1.83;2.17;92;83;59;42;9;67;42;33;0;1.36;1.36;1396;8;Y;Y;Y;Y;Y;N;Y
395393;617;612;2017;complete;3016;0;-1;;27;0;1;1;2;2;4;2;3;3;3;0;0;3;3;10;5;13;8;15;15;50;50;3;3;4.33;3.1;1.95;1.11;1.5;2.5;5;11;6.5;2.5;1.5;1.16;1.05;2.2;1.61;3.5;1.28;2;1.72;0;0;0;0;0;0;0;0;0;0;0;0;0;0;2;0;0;0;0;1.72;0;0;0;0;2.87;6.5;1.61;6.5;2.75;0;0;0;0;0;0;0;0;1.57;3.75;11;0;2.25;1.25;1.05;0;0;0;0;0;1;0;1;0;0;0;1;2017-10-25 23:45:00;612;1;29;0;25;0;-1;1;-1;-1;-1;-1;-1;-1;1;2;2;1;3;3;-1;0;0;0;0;0;0;0;0;0;0;0;0;0;1;1;0;0;-1;-1;0;0;-1;-1;-1;-1;-1;-1;-1;-1;-1;25;46;63;71;88;50;67;63;34;12.08;4.08;3.92;3.17;Fluminense;Flamengo;1.63;2.1;2;2.5;2;2.5;75;54;38;29;13;63;63;42;0;1.27;1.27;1396;8;Y;N;N;N;N;N;N
395394;614;2131;2017;complete;3016;0;-1;;71,86;0;2;2;1;1;2;1;2;3;5;0;0;0;3;0;1;0;4;14;19;50;50;3;5;2;3.2;4;0;0;2.87;0;0;0;0;1.39;0;0;0;0;0;0;0;0;0;0;0;0;0;0;0;0;0;0;0;0;0;2;0;0;0;0;1.72;0;0;0;0;0;1.61;6;3;0;0;0;0;0;0;0;0;0;0;0;0;0;0;0;0;0;0;0;0;0;0;2;0;0;0;2;2;0;2017-10-26 23:45:00;2131;1;54;0;17;0;-1;1;-1;-1;-1;-1;-1;-1;1;2;2;3;3;5;-1;0;0;0;0;0;0;0;0;0;0;0;0;0;1;1;0;0;-1;-1;1;0;-1;-1;-1;-1;-1;-1;-1;-1;-1;0;21;46;79;88;25;79;79;38;10.58;4.25;5.5;2.34;Sport Recife;Junior;1.25;1.25;1.5;1.5;1.5;1.5;100;79;54;21;13;59;50;38;1.97;1.18;3.15;1396;8;Y;Y;N;N;N;N;N
395395;717;6674;2017;complete;3016;0;-1;;;0;0;0;9;4;13;3;1;2;3;0;0;7;3;12;4;19;7;13;14;64;36;2;3;1.64;3.39;6;1.1;1.39;2.25;4;9;7.5;2.75;1.61;1.22;1.07;2.1;1.66;2;1.72;4.33;1.19;0;0;0;0;0;0;2.08;2.35;5.7;0;0;0;0;1.9;0;0;0;0;1.8;0;0;0;0;0;1.5;7.5;3.2;2.6;8.5;0;0;0;0;0;0;0;0;1.5;2.47;10;26;2.5;1.53;1.06;1.01;0;0;0;0;0;0;0;0;0;0;0;2017-11-01 22:15:00;-1;1;49;0;42;0;-1;1;-1;-1;-1;-1;-1;-1;1;0;1;3;1;4;-1;0;0;0;0;0;0;0;0;0;0;0;0;0;1;1;0;0;-1;-1;0;0;-1;-1;-1;-1;-1;-1;-1;-1;-1;17;25;25;59;93;25;66;76;35;8.89;2.69;5.09;2.27;Racing Club;Libertad;1.63;2.13;1.71;2.6;1.71;2.6;83;76;76;42;7;45;35;17;0;0;0;1396;8;N;N;N;N;N;N;N
395396;612;617;2017;complete;3016;0;-1;10,68,84;3,41,55;3;3;6;5;4;9;3;0;5;6;0;0;3;2;0;0;3;2;16;22;65;35;5;6;2.04;3.1;4;1.1;1.44;2.39;4.5;11;7;2.62;1.53;1.18;1.05;2.1;1.66;2.2;1.61;3.5;1.28;0;0;0;0;0;0;0;0;0;0;0;0;0;0;1.9;0;0;0;0;1.8;0;0;0;0;1.66;7;2.75;3;6;0;0;0;0;0;0;0;0;1.53;3.5;11;0;2.37;1.28;1.05;0;0;0;0;0;6;1;2;2;1;3;3;2017-11-01 23:45:00;-1;1;25;17;17;0;-1;1;-1;-1;-1;-1;-1;-1;2;2;3;4;4;7;-1;0;0;0;0;0;0;0;0;0;0;0;0;0;1;1;1;1;-1;-1;0;0;-1;-1;-1;-1;-1;-1;-1;-1;-1;20;37;52;59;90;42;73;52;27;10.69;4.23;4.29;2.77;Flamengo;Fluminense;2.1;1.63;2.6;1.71;2.6;1.71;80;63;49;42;10;52;52;35;1.9;1.6;3.5;1396;8;Y;Y;Y;Y;Y;Y;Y
395397;702;6676;2017;complete;3016;0;-1;52,67;;2;0;2;6;5;11;1;1;3;5;0;0;7;2;5;3;12;5;13;15;60;40;3;5;1.39;4.33;8.5;1.06;1.28;1.98;3.25;6;10;3.5;1.88;1.33;1.12;2.1;1.66;1.83;1.83;6.5;1.11;0;0;0;0;0;0;0;0;0;0;0;0;0;1.83;0;0;0;0;1.83;0;0;0;0;0;1.3;10;4;2.2;13;0;0;0;0;0;0;0;0;1.36;2.75;7;21;3;1.39;1.1;1.01;0;0;0;0;2;0;0;2;0;2;0;2017-11-02 22:15:00;702;1;57;34;17;0;-1;1;-1;-1;-1;-1;-1;-1;2;2;1;3;4;4;-1;0;0;0;0;0;0;0;0;0;0;0;0;0;1;1;0;0;-1;-1;0;0;-1;-1;-1;-1;-1;-1;-1;-1;-1;22;29;50;64;93;57;79;72;29;9.29;4.43;4.71;2.64;Independiente;Nacional Asunción;2.17;1.38;2.29;1.57;2.29;1.57;79;71;50;36;7;57;36;29;1.58;0;1.58;1396;8;Y;Y;N;N;N;N;N
395398;2131;614;2017;complete;3016;0;-1;;;0;0;0;3;4;7;4;0;2;3;0;0;2;3;3;3;5;6;22;18;59;41;2;3;1.5;3.75;7.5;1.08;1.36;2.14;4;9;8;3;1.66;1.22;1.07;2.25;1.57;1.83;1.83;5;1.16;0;0;0;0;0;0;1.87;2.45;7.2;0;0;0;0;1.9;0;0;0;0;1.8;0;0;0;0;0;1.36;8;3.75;2.25;9.5;0;0;0;0;0;0;0;0;1.44;2.45;10;26;2.62;1.54;1.06;1.01;0;0;0;0;0;0;0;0;0;0;0;2017-11-03 00:45:00;-1;1;45;0;42;0;-1;1;-1;-1;-1;-1;-1;-1;1;1;1;2;2;3;1;69;57;129;119;0.97;1.02;1.99;0;0;0;0;0;0;1;1;0;0;-1;-1;0;0;-1;-1;-1;-1;-1;-1;-1;-1;-1;0;17;39;83;90;22;66;83;49;9.14;4.03;6;2.29;Junior;Sport Recife;1.25;1.25;1.8;1.29;1.8;1.29;100;83;62;17;10;49;42;32;1.59;0;1.59;1396;8;N;N;N;N;N;N;N
395399;6674;702;2017;complete;3016;0;-1;1;;1;0;1;0;7;7;1;0;1;4;1;0;5;3;5;10;10;13;13;13;35;65;3;4;2.91;2.96;2.91;1.08;1.52;3.02;5.9;12;6.4;2.5;1.45;1.13;1;2.26;1.64;2.62;1.44;2.1;1.66;0;0;0;3.86;1.87;3.86;3.82;2.04;3.32;0;0;0;0;1.9;0;0;0;0;1.8;0;0;0;0;0;2.18;6.4;2.18;4.75;3.2;0;0;0;0;0;0;0;0;1.62;3.96;15;0;2.31;1.25;1.03;0;0;0;0;0;1;1;0;0;0;0;1;2017-11-22 00:15:00;6674;1;36;25;0;0;-1;1;-1;-1;-1;-1;-1;-1;1;1;1;3;2;4;1;41;58;66;92;1.28;1.45;2.73;0;0;0;0;0;0;1;1;1;0;-1;-1;0;0;-1;-1;-1;-1;-1;-1;-1;-1;-1;21;21;28;57;86;28;63;65;36;10.38;2.88;4.63;2.25;Libertad;Independiente;2.13;2.17;2.33;2.38;2.33;2.38;79;79;73;44;15;65;44;36;1.07;1.36;2.43;1396;8;Y;N;N;N;N;N;N
395400;612;2131;2017;complete;3016;0;-1;76,82;21;2;1;3;8;7;15;2;2;1;1;0;0;8;4;12;4;20;8;13;17;52;48;1;1;1.66;3.5;5.5;1.11;1.53;2.7;5.5;13;6.5;2.37;1.44;1.14;1.04;2.62;1.44;1.72;2;3.75;1.25;0;0;0;0;0;0;0;0;0;0;0;0;0;1.83;0;0;0;0;1.83;0;0;0;0;0;1.44;6.5;3.75;2.25;7.5;0;0;0;0;0;0;0;0;1.57;3.75;13;0;2.25;1.25;1.04;0;0;0;0;0;3;0;1;2;0;2;1;2017-11-23 23:45:00;612;1;42;17;17;0;-1;1;-1;-1;-1;-1;-1;-1;0;1;1;0;1;1;1;47;14;67;32;2.15;0.88;3.03;0;0;0;0;0;0;1;1;0;0;-1;-1;0;0;-1;-1;-1;-1;-1;-1;-1;-1;-1;25;42;42;67;75;25;59;67;42;9.16;5.66;5.33;2.75;Flamengo;Junior;2.1;1.25;2.33;1.67;2.33;1.67;75;58;58;33;25;50;42;25;1.9;1.18;3.08;1396;8;Y;Y;Y;N;N;N;Y
395401;702;6674;2017;complete;3016;0;-1;17,19,31;25;3;1;4;1;6;7;0;0;2;1;0;0;4;4;5;5;9;9;10;18;54;46;2;1;1.65;3.66;6.8;1.04;1.39;2.5;4.6;9.1;8.3;2.95;1.6;1.19;1.03;2.38;1.58;1.66;2.1;5.5;1.14;0;0;0;2.23;2.06;7.1;1.73;2.59;9;0;0;0;0;1.72;0;0;0;0;2;0;0;0;0;0;1.49;8.3;3.52;1.95;11;0;0;0;0;0;0;0;0;1.48;3.38;10;26;2.65;1.32;1.06;1.01;0;0;0;0;4;3;1;0;0;0;4;2017-11-29 00:15:00;702;1;31;0;17;0;-1;1;-1;-1;-1;-1;-1;-1;1;1;1;0;2;1;1;37;39;85;86;1.12;1.14;2.26;1;0;1;0;0;0;1;1;0;0;-1;-1;0;0;-1;-1;-1;-1;-1;-1;-1;-1;-1;18;18;24;50;88;24;68;57;31;9.86;2.68;4.92;2.1;Independiente;Libertad;2.17;2.13;2.11;2.43;2.11;2.43;82;82;77;51;13;57;38;31;1.58;0;1.58;1396;8;Y;Y;Y;Y;N;N;Y
395402;2131;612;2017;complete;3016;0;-1;;52,90;0;2;2;12;2;14;0;1;1;2;0;0;4;6;16;2;20;8;11;12;70;30;1;2;2;3.1;4.2;1.1;1.44;2.39;4.5;11;7;2.62;1.53;1.18;1.05;2.1;1.66;2.25;1.57;3.5;1.28;0;0;0;0;0;0;0;0;0;0;0;0;0;1.9;0;0;0;0;1.8;0;0;0;0;0;1.66;7;2.62;3.1;6;0;0;0;0;0;0;0;0;1.53;3.5;11;0;2.37;1.28;1.05;0;0;0;0;0;2;0;0;0;2;2;0;2017-12-01 00:30:00;612;1;50;0;33;0;-1;1;-1;-1;-1;-1;-1;-1;0;0;1;2;0;3;1;114;38;130;72;2.36;1.2;3.56;1;0;0;0;1;0;1;1;0;0;-1;-1;0;0;-1;-1;-1;-1;-1;-1;-1;-1;-1;22;36;50;71;79;22;64;71;50;10;5.42;4.86;2.79;Junior;Flamengo;1.25;2.1;1.43;2.43;1.43;2.43;79;65;50;29;22;57;50;36;1.28;1.27;2.55;1396;8;Y;Y;N;N;N;N;N
395403;702;612;2017;complete;3016;0;-1;29,53;9;2;1;3;4;5;9;1;0;3;1;0;0;5;5;8;7;13;12;19;19;52;48;3;1;1.9;3.25;4.33;1.12;1.61;3.1;6.5;15;6;2.2;1.36;1.11;1.03;2.62;1.44;1.83;1.83;3.25;1.33;0;0;0;0;0;0;0;0;0;0;0;0;0;1.72;2;0;0;0;2;1.72;0;0;0;0;1.57;6;3.2;2.5;6;0;0;0;0;0;0;0;0;1.61;4;13;0;2.2;1.22;1.04;0;0;0;0;0;3;1;1;1;0;1;2;2017-12-06 23:45:00;702;1;39;10;13;0;-1;1;-1;-1;-1;-1;-1;-1;1;1;2;0;2;2;1;54;54;109;97;1.57;1.5;3.07;0;0;0;0;0;0;1;1;0;1;-1;-1;0;0;-1;-1;-1;-1;-1;-1;-1;-1;-1;29;40;52;68;89;39;72;63;47;10.75;4.4;4.95;3;Independiente;Flamengo;2.17;2.1;2.2;2.5;2.2;2.5;72;60;49;33;12;63;47;40;1.35;1.24;2.59;1396;10;Y;Y;Y;N;N;N;Y
395404;612;702;2017;complete;3016;0;-1;30;40;1;1;2;3;4;7;0;2;4;5;1;0;5;5;14;3;19;8;11;22;56;44;6;5;1.8;3.39;4.75;1.08;1.39;2.25;4;9;8;2.75;1.61;1.22;1.07;2;1.72;2.1;1.66;4;1.22;0;0;0;0;0;0;0;0;0;0;0;0;0;1.72;0;0;0;0;2;0;0;0;0;0;1.53;8;3;2.75;7.5;0;0;0;0;0;0;0;0;1.5;3.39;10;26;2.5;1.3;1.06;1.01;0;0;0;0;2;1;1;0;0;0;2;2017-12-13 23:45:00;-1;1;45;33;13;0;-1;1;-1;-1;-1;-1;-1;-1;0;0;5;5;0;10;1;68;43;95;85;2.03;1.17;3.21;0;1;0;1;0;0;1;1;0;0;-1;-1;0;0;-1;-1;-1;-1;-1;-1;-1;-1;-1;26;36;56;71;90;45;75;67;42;10.58;4.04;4.84;3;Flamengo;Independiente;2.1;2.17;2.22;2.27;2.22;2.27;75;65;44;29;10;67;42;36;2.02;1.39;3.41;1396;10;Y;Y;N;N;N;N;Y
