ID;HOMEID;AWAYID;SEASON;STATUS;ROUNDID;GAME_WEEK;REVISED_GAME_WEEK;HOMEGOALS;AWAYGOALS;HOMEGOALCOUNT;AWAYGOALCOUNT;TOTALGOALCOUNT;TEAM_A_CORNERS;TEAM_B_CORNERS;TOTALCORNERCOUNT;TEAM_A_OFFSIDES;TEAM_B_OFFSIDES;TEAM_A_YELLOW_CARDS;TEAM_B_YELLOW_CARDS;TEAM_A_RED_CARDS;TEAM_B_RED_CARDS;TEAM_A_SHOTSONTARGET;TEAM_B_SHOTSONTARGET;TEAM_A_SHOTSOFFTARGET;TEAM_B_SHOTSOFFTARGET;TEAM_A_SHOTS;TEAM_B_SHOTS;TEAM_A_FOULS;TEAM_B_FOULS;TEAM_A_POSSESSION;TEAM_B_POSSESSION;TEAM_A_CARDS_NUM;TEAM_B_CARDS_NUM;ODDS_FT_1;ODDS_FT_X;ODDS_FT_2;ODDS_FT_OVER05;ODDS_FT_OVER15;ODDS_FT_OVER25;ODDS_FT_OVER35;ODDS_FT_OVER45;ODDS_FT_UNDER05;ODDS_FT_UNDER15;ODDS_FT_UNDER25;ODDS_FT_UNDER35;ODDS_FT_UNDER45;ODDS_BTTS_YES;ODDS_BTTS_NO;ODDS_TEAM_A_CS_YES;ODDS_TEAM_A_CS_NO;ODDS_TEAM_B_CS_YES;ODDS_TEAM_B_CS_NO;ODDS_DOUBLECHANCE_1X;ODDS_DOUBLECHANCE_12;ODDS_DOUBLECHANCE_X2;ODDS_1ST_HALF_RESULT_1;ODDS_1ST_HALF_RESULT_X;ODDS_1ST_HALF_RESULT_2;ODDS_2ND_HALF_RESULT_1;ODDS_2ND_HALF_RESULT_X;ODDS_2ND_HALF_RESULT_2;ODDS_DNB_1;ODDS_DNB_2;ODDS_CORNERS_OVER_75;ODDS_CORNERS_OVER_85;ODDS_CORNERS_OVER_95;ODDS_CORNERS_OVER_105;ODDS_CORNERS_OVER_115;ODDS_CORNERS_UNDER_75;ODDS_CORNERS_UNDER_85;ODDS_CORNERS_UNDER_95;ODDS_CORNERS_UNDER_105;ODDS_CORNERS_UNDER_115;ODDS_CORNERS_1;ODDS_CORNERS_X;ODDS_CORNERS_2;ODDS_TEAM_TO_SCORE_FIRST_1;ODDS_TEAM_TO_SCORE_FIRST_X;ODDS_TEAM_TO_SCORE_FIRST_2;ODDS_WIN_TO_NIL_1;ODDS_WIN_TO_NIL_2;ODDS_1ST_HALF_OVER05;ODDS_1ST_HALF_OVER15;ODDS_1ST_HALF_OVER25;ODDS_1ST_HALF_OVER35;ODDS_1ST_HALF_UNDER05;ODDS_1ST_HALF_UNDER15;ODDS_1ST_HALF_UNDER25;ODDS_1ST_HALF_UNDER35;ODDS_2ND_HALF_OVER05;ODDS_2ND_HALF_OVER15;ODDS_2ND_HALF_OVER25;ODDS_2ND_HALF_OVER35;ODDS_2ND_HALF_UNDER05;ODDS_2ND_HALF_UNDER15;ODDS_2ND_HALF_UNDER25;ODDS_2ND_HALF_UNDER35;ODDS_BTTS_1ST_HALF_YES;ODDS_BTTS_1ST_HALF_NO;ODDS_BTTS_2ND_HALF_YES;ODDS_BTTS_2ND_HALF_NO;OVERALLGOALCOUNT;HT_GOALS_TEAM_A;HT_GOALS_TEAM_B;GOALS_2HG_TEAM_A;GOALS_2HG_TEAM_B;GOALCOUNT_2HG;HTGOALCOUNT;DATE_UNIX;WINNINGTEAM;NO_HOME_AWAY;BTTS_POTENTIAL;BTTS_FHG_POTENTIAL;BTTS_2HG_POTENTIAL;GOALTIMINGDISABLED;CORNER_TIMINGS_RECORDED;CARD_TIMINGS_RECORDED;TEAM_A_FH_CORNERS;TEAM_B_FH_CORNERS;TEAM_A_2H_CORNERS;TEAM_B_2H_CORNERS;CORNER_FH_COUNT;CORNER_2H_COUNT;TEAM_A_FH_CARDS;TEAM_B_FH_CARDS;TEAM_A_2H_CARDS;TEAM_B_2H_CARDS;TOTAL_FH_CARDS;TOTAL_2H_CARDS;ATTACKS_RECORDED;TEAM_A_DANGEROUS_ATTACKS;TEAM_B_DANGEROUS_ATTACKS;TEAM_A_ATTACKS;TEAM_B_ATTACKS;TEAM_A_XG;TEAM_B_XG;TOTAL_XG;TEAM_A_PENALTIES_WON;TEAM_B_PENALTIES_WON;TEAM_A_PENALTY_GOALS;TEAM_B_PENALTY_GOALS;TEAM_A_PENALTY_MISSED;TEAM_B_PENALTY_MISSED;PENS_RECORDED;GOAL_TIMINGS_RECORDED;TEAM_A_0_10_MIN_GOALS;TEAM_B_0_10_MIN_GOALS;TEAM_A_CORNERS_0_10_MIN;TEAM_B_CORNERS_0_10_MIN;TEAM_A_CARDS_0_10_MIN;TEAM_B_CARDS_0_10_MIN;THROWINS_RECORDED;TEAM_A_THROWINS;TEAM_B_THROWINS;FREEKICKS_RECORDED;TEAM_A_FREEKICKS;TEAM_B_FREEKICKS;GOALKICKS_RECORDED;TEAM_A_GOALKICKS;TEAM_B_GOALKICKS;O45_POTENTIAL;O35_POTENTIAL;O25_POTENTIAL;O15_POTENTIAL;O05_POTENTIAL;O15HT_POTENTIAL;O05HT_POTENTIAL;O05_2H_POTENTIAL;O15_2H_POTENTIAL;CORNERS_POTENTIAL;OFFSIDES_POTENTIAL;CARDS_POTENTIAL;AVG_POTENTIAL;HOME_NAME;AWAY_NAME;HOME_PPG;AWAY_PPG;PRE_MATCH_HOME_PPG;PRE_MATCH_AWAY_PPG;PRE_MATCH_TEAMA_OVERALL_PPG;PRE_MATCH_TEAMB_OVERALL_PPG;U45_POTENTIAL;U35_POTENTIAL;U25_POTENTIAL;U15_POTENTIAL;U05_POTENTIAL;CORNERS_O85_POTENTIAL;CORNERS_O95_POTENTIAL;CORNERS_O105_POTENTIAL;TEAM_A_XG_PREMATCH;TEAM_B_XG_PREMATCH;TOTAL_XG_PREMATCH;COMPETITION_ID;MATCHES_COMPLETED_MINIMUM;OVER05;OVER15;OVER25;OVER35;OVER45;OVER55;BTTS
535100;2199;623;2019;complete;4250;0;-1;;;0;0;0;7;0;7;4;1;1;1;0;0;4;0;2;7;6;7;18;13;73;27;1;1;2.95;2.75;2.55;1.12;1.65;3;6.25;11.5;5.45;2.1;1.34;1.09;1.01;2.4;1.51;2.4;1.44;2.25;1.57;1.38;1.31;1.32;3.8;1.7;3.6;3.7;1.95;2.9;0;0;1.2;1.4;1.72;2.2;3;4;2.75;2;1.6;1.33;0;0;0;2.3;5.45;1.95;4.2;3.4;0;0;0;0;0;0;0;0;1.67;4.2;11.25;15.5;2;1.17;1.01;1.01;0;0;0;0;0;0;0;0;0;0;0;2019-02-05 23:30:00;-1;1;0;0;0;0;1;1;1;0;6;0;1;6;0;0;1;1;0;2;1;129;53;184;87;1.61;0.83;2.44;0;0;0;0;0;0;1;1;0;0;1;0;0;0;-1;-1;-1;-1;-1;-1;-1;-1;-1;0;0;0;0;0;0;0;0;0;0;0;0;0;Unión La Calera;Chapecoense;1.25;1;0;0;0;0;0;0;0;0;0;0;0;0;0;0;0;1855;2;N;N;N;N;N;N;N
535101;615;701;2019;complete;4250;0;-1;90;;1;0;1;4;6;10;0;1;3;2;0;0;3;2;3;5;6;7;19;18;41;59;3;2;2.55;2.9;2.8;1.1;1.59;2.8;5.65;11.25;5.9;2.25;1.39;1.11;1.01;2.3;1.57;2.3;1.49;2.5;1.5;1.37;1.34;1.38;3.45;1.8;3.65;3.05;2.05;3.15;0;0;1.25;1.45;1.83;2.4;3.3;3.6;2.55;1.83;1.5;1.29;0;0;0;2.1;5.6;2.15;3.55;3.55;0;0;0;0;0;0;0;0;1.65;4.15;11;15.5;2;1.17;1.01;1.02;0;0;0;0;1;0;0;1;0;1;0;2019-02-06 23:30:00;615;1;0;0;0;0;1;1;3;3;1;3;6;4;2;1;1;1;3;2;1;45;55;113;144;0.93;1;1.93;0;0;0;0;0;0;1;1;0;0;1;0;1;0;-1;-1;-1;-1;-1;-1;-1;-1;-1;0;0;0;0;0;0;0;0;0;0;0;0;0;Botafogo;Defensa y Justicia;2;0;0;0;0;0;0;0;0;0;0;0;0;0;0;0;0;1855;2;Y;N;N;N;N;N;N
535102;626;4357;2019;complete;4250;0;-1;;81;0;1;1;6;1;7;0;4;2;1;0;0;7;3;19;3;26;6;17;12;65;35;2;1;1.35;4.3;9;1.05;1.37;2.15;4;6.65;7.75;2.9;1.62;1.21;1.06;2.6;1.44;1.59;2.1;0;0;1.03;1.15;2.49;2.03;2.11;6.4;1.67;2.55;6.05;0;0;0;0;0;0;0;0;0;0;0;0;0;0;0;1.26;8;4.95;1.83;9.25;0;0;0;0;0;0;0;0;1.44;3.15;7.5;11.25;2.35;1.26;1.03;1.02;0;0;0;0;1;0;0;0;1;1;0;2019-02-07 21:15:00;4357;1;0;0;0;0;1;1;4;1;2;0;5;2;1;0;1;1;1;2;1;88;23;92;94;2.75;0.77;3.52;0;0;0;0;0;0;1;1;0;0;1;0;0;0;-1;-1;-1;-1;-1;-1;-1;-1;-1;0;0;0;0;0;0;0;0;0;0;0;0;0;Bahia;Liverpool FC Montevideo;0.5;1.75;0;0;0;0;0;0;0;0;0;0;0;0;0;0;0;1855;2;Y;N;N;N;N;N;N
535103;6679;2135;2019;complete;4250;0;-1;37;68;1;1;2;4;2;6;3;2;3;5;0;0;3;9;4;5;7;14;25;14;30;70;3;5;3.05;2.75;2.5;1.12;1.65;2.95;6.1;11.5;5.5;2.15;1.35;1.1;1.01;2.4;1.53;2.45;1.43;2.37;1.53;1.37;1.35;1.3;3.9;1.76;3.4;3.2;2.05;3;0;0;1.25;1.5;1.9;2.4;3.3;3.6;2.4;1.8;1.5;1.29;0;0;0;2.3;5.5;1.95;4;3.25;0;0;0;0;0;0;0;0;1.66;4;15;15.5;2.1;1.22;1.03;1.01;0;0;0;0;2;1;0;0;1;1;1;2019-02-07 23:30:00;-1;1;0;0;0;0;1;1;3;2;1;0;5;1;1;2;2;3;3;5;1;28;32;58;64;0.86;1.74;2.6;0;0;0;0;0;0;1;1;0;0;3;1;0;0;-1;-1;-1;-1;-1;-1;-1;-1;-1;0;0;0;0;0;0;0;0;0;0;0;0;0;Deportivo Santaní;Once Caldas;1;0.5;0;0;0;0;0;0;0;0;0;0;0;0;0;0;0;1855;2;Y;Y;N;N;N;N;Y
535104;4364;611;2019;complete;4250;0;-1;;;0;0;0;3;7;10;4;3;1;1;0;1;2;8;9;7;11;15;19;11;31;69;1;3;5.95;3.6;1.56;1.06;1.4;2.25;4.25;7.5;7.25;2.75;1.59;1.19;1.05;2.3;1.56;4.35;1.15;1.83;1.83;2.2;1.21;1.07;5.8;2;2.2;5.4;2.45;1.83;0;0;1.14;1.29;1.5;1.87;2.4;4.8;3.3;2.4;1.77;1.5;0;0;0;3.9;7.5;1.35;7.25;2.2;0;0;0;0;0;0;0;0;1.5;3.45;8.75;12.75;2.3;1.24;1.03;1.02;0;0;0;0;0;0;0;0;0;0;0;2019-02-12 21:15:00;-1;1;0;0;0;0;1;1;1;4;2;3;5;5;0;0;1;2;0;3;1;87;108;127;159;1.47;2.29;3.76;0;0;0;0;0;0;1;1;0;0;0;1;0;0;-1;-1;-1;-1;-1;-1;-1;-1;-1;0;0;0;0;0;0;0;0;0;0;0;0;0;River Plate;Santos;0.75;1;0;0;0;0;0;0;0;0;0;0;0;0;0;0;0;1855;2;N;N;N;N;N;N;N
535105;4323;2261;2019;complete;4250;0;-1;29,35;27;2;1;3;9;0;9;6;0;1;2;0;0;6;3;11;3;17;6;13;15;54;46;1;2;1.22;5.75;10.5;1.02;1.22;1.74;2.85;4.9;10.5;3.9;2;1.38;1.13;2.5;1.49;1.62;2.05;8;1.08;1.02;1.09;3.55;1.67;2.45;8;1.54;2.95;6.55;0;0;1.07;1.17;2.1;2.1;1.8;7;4.5;1.66;1.66;1.9;0;0;0;1.2;10.75;5.1;1.8;11;0;0;0;0;0;0;0;0;1.29;2.47;6.3;11.25;3.34;1.49;1.08;1.01;0;0;0;0;3;2;1;0;0;0;3;2019-02-12 23:30:00;4323;1;0;0;0;0;1;1;3;0;6;0;3;6;0;1;1;1;1;2;1;85;41;130;115;2.11;0.9;3.01;0;0;0;0;0;0;1;1;0;0;1;0;0;0;-1;-1;-1;-1;-1;-1;-1;-1;-1;0;0;0;0;0;0;0;0;0;0;0;0;0;Macará;Guabirá;2.25;0;0;0;0;0;0;0;0;0;0;0;0;0;0;0;0;1855;2;Y;Y;Y;N;N;N;Y
535106;617;2183;2019;complete;4250;0;-1;;;0;0;0;8;4;12;3;3;2;3;0;0;8;2;7;5;15;7;10;19;78;22;2;3;1.61;3.25;6.15;1.08;1.49;2.5;4.95;9.25;6.55;2.45;1.48;1.14;1.03;2.4;1.51;1.65;2;4;1.22;1.05;1.24;2.2;2.2;2;5.95;1.91;2.3;5.6;0;0;0;0;1.77;0;0;0;0;1.83;0;0;0;0;0;1.34;6.55;4.5;2.05;7.25;0;0;0;0;0;0;0;0;1.56;3.7;9.5;19.25;2.15;1.21;1.02;1.02;0;0;0;0;0;0;0;0;0;0;0;2019-02-27 00:30:00;-1;1;0;0;0;0;1;1;3;2;5;2;5;7;0;0;2;3;0;5;1;101;28;159;72;2.24;0.79;3.04;0;0;0;0;0;0;1;1;0;0;0;1;0;0;-1;-1;-1;-1;-1;-1;-1;-1;-1;0;0;0;0;0;0;0;0;0;0;0;0;0;Fluminense;Antofagasta;1.88;0.5;0;0;0;0;0;0;0;0;0;0;0;0;0;0;0;1855;2;N;N;N;N;N;N;N
535107;624;717;2019;complete;4250;0;-1;88;23;1;1;2;4;3;7;1;3;2;4;0;0;4;5;9;8;13;13;11;19;47;53;2;4;2.3;2.8;3.4;1.14;1.69;3.25;6.8;12.25;5.1;2.1;1.3;1.08;1.01;2.6;1.45;2.05;1.61;2.5;1.5;1.27;1.32;1.43;3.05;1.79;4.25;3.1;1.95;3.25;0;0;1.2;1.36;1.65;2.1;2.88;4;2.88;2.1;1.66;1.36;0;0;0;2;5.05;2.4;3.2;3.95;0;0;0;0;0;0;0;0;1.77;4.4;11.75;15.5;2.05;1.15;1.01;1.01;0;0;0;0;2;0;1;1;0;1;1;2019-02-14 23:30:00;-1;1;0;0;0;0;1;1;0;2;4;1;2;5;2;0;0;4;2;4;1;64;40;149;126;1.58;1.47;3.05;0;0;0;0;0;0;1;1;0;0;0;2;0;0;-1;-1;-1;-1;-1;-1;-1;-1;-1;0;0;0;0;0;0;0;0;0;0;0;0;0;Corinthians;Racing Club;1.7;1;0;0;0;0;0;0;0;0;0;0;0;0;0;0;0;1855;2;Y;Y;N;N;N;N;Y
535108;2290;2843;2019;complete;4250;0;-1;5,45;4;2;1;3;5;4;9;0;1;3;3;0;0;6;6;2;5;8;11;16;20;56;44;3;3;1.71;3.55;4.5;1.05;1.36;2.1;3.85;9;8;2.95;1.67;1.22;1.06;2.05;1.71;2.1;1.66;4.33;1.2;1.18;1.3;2.15;2.37;2.1;5.5;2.05;2.4;4.75;0;0;0;1.66;0;0;0;0;2.1;0;0;0;0;0;0;1.5;8.5;3.1;2.62;8;0;0;0;0;0;0;0;0;1.44;3.25;9;26;2.62;1.33;1.07;1.01;0;0;0;0;3;2;1;0;0;0;3;2019-02-14 21:15:00;2290;1;0;0;0;0;1;1;1;0;4;4;1;8;2;2;1;1;4;2;1;39;39;52;51;1.2;1.39;2.59;0;0;0;0;0;0;1;1;1;1;0;0;0;0;-1;-1;-1;-1;-1;-1;-1;-1;-1;0;0;0;0;0;0;0;0;0;0;0;0;0;Royal Pari;Monagas;1;1.5;0;0;0;0;0;0;0;0;0;0;0;0;0;0;0;1855;2;Y;Y;Y;N;N;N;Y
535109;623;2199;2019;complete;4250;0;-1;50;21;1;1;2;8;4;12;2;4;0;3;0;1;9;2;16;4;25;6;9;18;62;38;0;4;1.54;3.45;6.55;1.08;1.48;2.5;4.85;10;6.65;2.5;1.49;1.15;1.03;2.55;1.47;1.62;2.05;4.33;1.2;1.06;1.25;2.1;2.25;1.95;6.05;2;2.2;5.45;0;0;0;0;1.69;0;0;0;0;1.95;0;0;0;0;0;1.36;6.15;4.2;2.05;6.95;0;0;0;0;0;0;0;0;1.59;3.9;10;13.25;2.1;1.19;1.02;1.01;0;0;0;0;2;0;1;1;0;1;1;2019-02-20 00:30:00;-1;1;0;0;0;0;1;1;2;3;6;1;5;7;0;3;0;1;3;1;1;103;39;102;70;2.93;0.81;3.74;0;0;0;0;0;0;1;1;0;0;0;1;0;0;-1;-1;-1;-1;-1;-1;-1;-1;-1;0;0;0;0;0;0;0;0;0;7;5;2;0;Chapecoense;Unión La Calera;1;1.25;1;1;1;1;100;100;100;100;100;0;0;0;0;0;0;1855;2;Y;Y;N;N;N;N;Y
535110;701;615;2019;complete;4250;0;-1;;53,75,81;0;3;3;16;1;17;4;0;4;6;0;1;9;4;11;2;20;6;15;14;76;24;4;8;1.59;3.55;5.7;1.07;1.43;2.35;4.5;8.75;7;2.65;1.54;1.17;1.04;2.35;1.54;1.77;1.87;4.33;1.2;1.09;1.24;2.1;2.25;2;5.5;2;2.25;5.2;0;0;1.3;1.57;1.77;2.75;3.8;3.2;2.25;1.87;1.4;1.22;0;0;0;1.38;6.85;3.85;2.2;6.5;0;0;0;0;0;0;0;0;1.51;3.45;8.75;12.75;2.25;1.24;1.03;1.01;0;0;0;0;3;0;0;0;3;3;0;2019-02-21 00:30:00;615;1;0;0;0;0;1;1;7;1;9;0;8;9;2;3;2;4;5;6;1;124;24;156;81;2.78;0.84;3.63;0;1;0;1;0;0;1;1;0;0;1;0;0;0;-1;-1;-1;-1;-1;-1;-1;-1;-1;0;0;0;0;100;0;0;100;0;10;1;5;1;Defensa y Justicia;Botafogo;0;2;0;3;0;3;100;100;100;100;0;100;100;0;0;0;0;1855;2;Y;Y;Y;N;N;N;N
535111;4357;626;2019;complete;4250;0;-1;;;0;0;0;1;7;8;5;1;6;3;0;0;2;5;4;11;6;16;12;17;40;60;6;3;4.05;3;2;1.09;1.54;2.65;5.3;13;6.2;2.35;1.43;1.13;1.02;2.25;1.59;3.4;1.3;2.1;1.66;1.83;1.36;1.25;4.75;1.95;2.75;4.33;2.2;2.37;0;0;0;0;0;2.1;0;0;0;0;1.66;0;0;0;0;2.87;6.5;1.66;5.5;2.87;0;0;0;0;0;0;0;0;1.57;3.75;13;19;2.25;1.25;1.04;1.02;0;0;0;0;0;0;0;0;0;0;0;2019-02-21 22:15:00;-1;1;0;0;0;0;1;1;1;3;0;4;4;4;3;2;3;1;5;4;1;79;126;128;160;1.1;2.27;3.38;0;0;0;0;0;0;1;1;0;0;0;1;0;0;-1;-1;-1;-1;-1;-1;-1;-1;-1;0;0;0;0;100;0;0;100;0;7;4;3;1;Liverpool FC Montevideo;Bahia;1.75;0.5;3;0;3;0;100;100;100;100;0;0;0;0;0;0;0;1855;2;N;N;N;N;N;N;N
535112;2135;6679;2019;complete;4250;0;-1;;39,90;0;2;2;9;3;12;2;2;1;2;0;0;8;5;10;4;18;9;17;12;74;26;1;2;1.42;3.85;7.75;1.06;1.38;2.2;4.1;7.5;7.5;2.85;1.61;1.2;1.05;2.35;1.53;1.66;2.1;5.5;1.14;1.02;1.2;2.5;2;2.05;7.5;1.83;2.3;7;0;0;1.33;1.6;2;2.75;4;3;2.2;1.72;1.4;1.2;0;0;0;1.33;7.5;4.5;1.95;12;0;0;0;0;0;0;0;0;1.53;3.4;9;21;2.38;1.3;1.05;1.01;0;0;0;0;2;0;1;0;1;1;1;2019-02-22 00:30:00;6679;1;100;0;0;0;1;1;6;1;3;2;7;5;1;1;0;1;2;1;1;91;43;125;75;2.35;1.23;3.58;0;0;0;0;0;0;1;1;0;0;1;0;0;0;-1;-1;-1;-1;-1;-1;-1;-1;-1;0;0;0;100;100;0;100;100;0;6;5;8;2;Once Caldas;Deportivo Santaní;0.5;1;1;1;1;1;100;100;100;0;0;0;0;0;0;0;0;1855;2;Y;Y;N;N;N;N;N
535113;611;4364;2019;complete;4250;0;-1;87;55;1;1;2;6;0;6;2;2;2;3;0;0;5;2;11;1;16;3;11;9;79;21;2;3;1.2;5.8;12.5;1.01;1.2;1.67;2.65;4.65;11.25;4.15;2.1;1.43;1.15;2.35;1.54;1.54;2.15;10;1.06;1.02;1.09;3.95;1.59;2.6;8.25;1.45;3.05;7.75;0;0;1.17;1.33;1.6;1.95;2.6;4.5;2.88;2.2;1.69;1.44;0;0;0;1.17;11;5.7;1.69;12.5;0;0;0;0;0;0;0;0;1.29;2.4;5.45;12;3.1;1.45;1.1;1.02;0;0;0;0;2;0;0;1;1;2;0;2019-02-26 22:15:00;-1;1;0;0;0;0;1;1;3;0;3;0;3;3;0;0;2;3;0;5;1;144;72;188;108;2.41;0.86;3.27;0;0;0;0;0;0;1;1;0;0;0;0;0;0;-1;-1;-1;-1;-1;-1;-1;-1;-1;0;0;0;0;0;0;0;0;0;10;7;4;0;Santos;River Plate;1;0.75;1;1;1;1;100;100;100;100;100;100;100;0;0;0;0;1855;2;Y;Y;N;N;N;N;Y
535114;2183;617;2019;complete;4250;0;-1;26;18,69;1;2;3;3;3;6;4;3;3;4;0;0;3;7;4;8;7;15;19;15;46;54;3;4;2.7;3;2.6;1.09;1.53;2.65;5.25;11;6.25;2.35;1.43;1.13;1.02;2.15;1.65;2.55;1.4;2.62;1.44;1.4;1.36;1.44;3.88;1.97;3.56;3;2.1;3.3;0;0;1.22;1.44;1.72;2.25;3.2;3.8;2.6;2;1.57;1.3;2.08;7;2.08;2;6;2.2;3.75;4.33;0;0;0;0;0;0;0;0;1.58;3.64;11;13.25;2.35;1.25;1.01;1.01;0;0;0;0;3;1;1;0;1;1;2;2019-03-21 22:15:00;617;1;0;0;0;0;1;1;2;2;1;1;4;2;1;1;2;3;2;5;1;63;53;94;104;1.11;1.82;2.94;0;1;0;0;0;1;1;1;0;0;0;1;0;0;-1;-1;-1;-1;-1;-1;-1;-1;-1;0;0;0;0;0;0;0;0;0;12;6;5;0;Antofagasta;Fluminense;0.5;1.88;1;1;1;1;100;100;100;100;100;100;100;100;0;0;0;1855;2;Y;Y;Y;N;N;N;Y
535115;2843;2290;2019;complete;4250;0;-1;27,90;43;2;1;3;12;3;15;1;1;3;1;0;0;8;3;6;3;14;6;14;18;66;34;3;1;1.74;3.5;4.4;1.04;1.32;2;3.55;8;8.5;3.15;1.74;1.26;1.08;1.91;1.83;2.25;1.57;4.33;1.2;1.18;1.29;2.15;2.4;2.25;4.75;2.1;2.4;4.33;0;0;0;1.72;0;0;0;0;2;0;0;0;0;0;0;1.5;9.5;2.87;2.87;7.5;0;0;0;0;0;0;0;0;1.4;3;8;23;2.75;1.36;1.08;1.01;0;0;0;0;3;1;1;1;0;1;2;2019-02-27 22:15:00;2843;1;100;0;0;0;1;1;6;2;6;1;8;7;2;0;1;1;2;2;1;72;30;116;82;1.97;0.82;2.78;0;0;0;0;0;0;1;1;0;0;2;0;0;0;-1;-1;-1;-1;-1;-1;-1;-1;-1;0;0;100;100;100;100;100;0;0;9;1;6;3;Monagas;Royal Pari;1.5;1;0;3;0;3;100;100;0;0;0;100;0;0;0;0;0;1855;2;Y;Y;Y;N;N;N;Y
535116;717;624;2019;complete;4250;0;-1;42;51;1;1;2;3;3;6;2;2;1;2;0;0;3;6;9;4;12;10;9;9;68;32;1;2;2.2;2.9;3.45;1.1;1.59;2.8;5.65;9.75;5.9;2.25;1.39;1.11;1.01;2.3;1.56;2.15;1.56;3;1.36;1.24;1.32;1.56;2.85;1.83;4.35;2.7;2.15;3.35;0;0;0;0;1.66;0;0;0;0;2.1;0;0;0;0;0;1.77;6.25;2.5;3.05;4.5;0;0;0;0;0;0;0;0;1.61;3.95;10.25;20;2.1;1.19;1.01;1.01;0;0;0;0;2;1;0;0;1;1;1;2019-02-28 00:30:00;-1;1;100;0;0;0;1;1;1;0;2;3;1;5;1;2;0;0;3;0;1;87;44;164;96;1.61;1.38;2.99;0;0;0;0;0;0;1;1;0;0;0;0;0;0;-1;-1;-1;-1;-1;-1;-1;-1;-1;0;0;0;100;100;0;100;100;0;7;4;6;2;Racing Club;Corinthians;1;1.7;1;1;1;1;100;100;100;0;0;0;0;0;0;0;0;1855;2;Y;Y;N;N;N;N;Y
535117;2261;4323;2019;complete;4250;0;-1;;70,72,78;0;3;3;4;6;10;0;4;3;3;0;0;4;10;5;8;9;18;13;21;49;51;3;3;2.55;3;2.75;1.07;1.43;2.35;4.45;8.25;7;2.65;1.54;1.18;1.04;2;1.74;2.7;1.36;2.75;1.4;1.4;1.29;1.38;3.35;1.91;3.35;2.8;2.25;3;0;0;1.36;1.66;2.1;2.88;4;2.88;2.1;1.65;1.36;1.2;0;0;0;2;7;2;3.85;3.75;0;0;0;0;0;0;0;0;1.53;3.55;9;18.5;2.25;1.23;1.03;1.01;0;0;0;0;3;0;0;0;3;3;0;2019-03-01 00:30:00;4323;1;100;0;0;0;1;1;3;1;1;5;4;6;0;2;3;1;2;4;1;92;86;168;165;1.53;2.47;4;0;0;0;0;0;0;1;1;0;0;0;0;0;0;-1;-1;-1;-1;-1;-1;-1;-1;-1;0;0;100;100;100;100;100;0;0;9;6;3;3;Guabirá;Macará;0;2.25;0;3;0;3;100;100;0;0;0;100;0;0;0;0;0;1855;2;Y;Y;Y;N;N;N;N
535118;2190;4330;2019;complete;4250;0;-1;90;70;1;1;2;7;2;9;2;1;3;2;0;0;9;5;6;5;15;10;16;17;62;38;3;2;1.36;4.35;7.75;1.05;1.35;2.1;3.8;7;8;3;1.67;1.23;1.06;2.5;1.48;1.65;2;5.5;1.14;1.03;1.16;2.65;2;2.1;6.4;1.67;2.55;6.5;0;0;0;1.72;0;0;0;0;2;0;0;0;0;0;0;1.27;8;4.7;1.91;8.25;0;0;0;0;0;0;0;0;1.29;2.4;5.4;11.75;3.1;1.47;1.1;1.01;0;0;0;0;2;0;0;1;1;2;0;2019-03-19 22:15:00;-1;1;0;0;0;0;1;1;3;2;4;0;5;4;1;1;2;1;2;3;1;103;58;149;112;2.33;1.41;3.74;0;0;0;0;0;0;1;1;0;0;1;0;0;0;-1;-1;-1;-1;-1;-1;-1;-1;-1;0;0;0;0;0;0;0;0;0;0;0;0;0;Unión Española;Mushuc Runa SC;0.5;1;0;0;0;0;0;0;0;0;0;0;0;0;0;0;0;1855;2;Y;Y;N;N;N;N;Y
535119;2256;2852;2019;complete;4250;0;-1;;90;0;1;1;13;0;13;2;3;1;0;0;0;16;3;30;3;46;6;6;5;79;21;1;0;1.09;8.5;17.25;1;1.1;1.38;2;3.2;15.25;5.95;2.85;1.77;1.31;2.65;1.43;1.56;2.15;17;1.02;1.01;1.06;5.65;1.42;3.25;11.5;1.25;4.2;13;0;0;1.2;1.4;1.83;2.1;2.88;4;2.75;1.83;1.65;1.36;0;0;0;1.12;15.25;6.15;1.57;29;0;0;0;0;0;0;0;0;1.18;1.93;3.95;8.5;4;1.71;1.19;1.03;0;0;0;0;1;0;0;0;1;1;0;2019-03-20 00:30:00;2852;1;0;0;0;0;1;1;9;0;4;0;9;4;0;0;1;0;0;1;1;123;23;114;98;4.87;0.77;5.64;0;0;0;0;0;0;1;1;0;0;4;0;0;0;-1;-1;-1;-1;-1;-1;-1;-1;-1;0;0;0;0;0;0;0;0;0;0;0;0;0;Nacional Potosí;Zulia;1.5;1.88;0;0;0;0;0;0;0;0;0;0;0;0;0;0;0;1855;2;Y;N;N;N;N;N;N
535120;2805;707;2019;complete;4250;0;-1;;43,52,70;0;3;3;1;1;2;1;2;2;2;0;0;2;8;6;3;8;11;13;16;56;44;2;2;3.55;2.95;2.15;1.1;1.57;2.75;5.5;11;6;2.3;1.41;1.12;1.02;2.3;1.56;2.75;1.4;2.1;1.66;1.61;1.31;1.22;4.25;1.83;2.9;3.8;2;2.75;0;0;1.3;1.6;1.9;2.75;3.8;3.2;2.25;1.8;1.4;1.22;0;0;0;2.5;5.5;1.83;4.6;2.85;0;0;0;0;0;0;0;0;1.62;4.05;10.5;15.5;2.05;1.18;1.01;1.01;0;0;0;0;3;0;1;0;2;2;1;2019-03-20 00:30:00;707;1;0;0;0;0;1;1;0;0;1;1;0;2;1;0;1;2;1;3;1;40;36;90;76;0.94;1.52;2.46;0;0;0;0;0;0;1;1;0;0;0;0;0;0;-1;-1;-1;-1;-1;-1;-1;-1;-1;0;0;0;0;0;0;0;0;0;0;0;0;0;Deportivo Municipal;Colón;0;1.73;0;0;0;0;0;0;0;0;0;0;0;0;0;0;0;1855;2;Y;Y;Y;N;N;N;N
535121;6682;2149;2019;complete;4250;0;-1;;;0;0;0;10;3;13;0;2;4;3;0;0;8;4;5;1;13;5;18;16;36;64;4;3;4.5;3.4;1.8;0;0;2.35;0;0;0;0;1.57;0;0;0;0;0;0;0;0;2;1.33;1.2;0;0;0;0;0;0;0;0;0;0;0;0;0;0;0;0;0;0;0;0;0;3;7.5;1.53;0;0;0;0;0;0;0;0;0;0;0;0;0;0;0;0;0;0;0;0;0;0;0;0;0;0;0;0;0;2019-03-21 00:30:00;-1;1;0;0;0;0;1;1;5;2;5;1;7;6;2;1;2;2;3;4;1;68;35;80;86;1.87;0.86;2.73;0;0;0;0;0;0;1;1;0;0;1;0;0;0;1;10;7;1;8;9;1;3;5;0;0;0;0;0;0;0;0;0;0;0;0;0;Independiente FBC;La Equidad;1;1.75;0;0;0;0;0;0;0;0;0;0;0;0;0;0;0;1855;2;N;N;N;N;N;N;N
535122;698;4321;2019;complete;4250;0;-1;22,90;;2;0;2;6;5;11;3;0;3;3;0;0;6;3;11;4;17;7;17;16;51;49;3;3;1.53;3.55;6.55;1.09;1.53;2.65;5.25;9;6.25;2.35;1.43;1.13;1.02;2.7;1.43;1.61;2.05;4.33;1.2;1.09;1.19;2.5;2.15;2;7;1.9;2.3;6.75;0;0;1.17;1.33;1.6;2;2.6;4.5;3;2.2;1.72;1.44;0;0;0;1.42;6;3.75;1.91;10;0;0;0;0;0;0;0;0;1.55;3.6;9;26;2.3;1.25;1.03;1.01;0;0;0;0;2;1;0;1;0;1;1;2019-03-21 00:30:00;698;1;0;0;0;0;1;1;1;4;5;1;5;6;1;2;2;1;3;3;1;75;52;108;97;2.03;1.04;3.07;2;0;0;0;2;0;1;1;0;0;1;1;0;0;-1;-1;-1;-1;-1;-1;-1;-1;-1;0;0;0;0;0;0;0;0;0;0;0;0;0;Unión Santa Fe;CSD Independiente del Valle;1.5;1.82;0;0;0;0;0;0;0;0;0;0;0;0;0;0;0;1855;2;Y;Y;N;N;N;N;N
535123;4350;2812;2019;complete;4250;0;-1;3,7;;2;0;2;5;9;14;0;4;0;2;0;0;9;2;6;2;15;4;9;17;58;42;0;2;1.39;4;8;1.06;1.4;2.25;4.25;7;7.25;2.75;1.59;1.19;1.05;2.5;1.48;1.65;2;5.5;1.14;1.06;1.21;2.78;2.09;2.26;7.83;1.71;2.55;5.95;0;0;1.14;1.3;1.57;2;2.55;4.8;3.2;2.25;1.72;1.45;0;0;0;1.29;8;4.55;1.95;8.75;0;0;0;0;0;0;0;0;1.45;3.36;9;17;2.64;1.26;1.05;1.01;0;0;0;0;2;2;0;0;0;0;2;2019-03-21 22:15:00;4350;1;0;0;0;0;1;1;2;9;3;0;11;3;0;0;0;2;0;2;1;39;39;64;65;1.85;0.68;2.53;0;0;0;0;0;0;1;1;2;0;0;1;0;0;-1;-1;-1;-1;-1;-1;-1;-1;-1;0;0;0;0;0;0;0;0;0;0;0;0;0;Wanderers;Sport Huancayo;1.33;0.5;0;0;0;0;0;0;0;0;0;0;0;0;0;0;0;1855;2;Y;Y;N;N;N;N;N
535124;2147;2260;2019;complete;4250;0;-1;81;12;1;1;2;10;5;15;3;1;1;3;0;0;10;3;12;2;22;5;14;18;56;44;1;3;1.5;3.75;6.5;1.07;1.44;2.4;4.6;8;6.95;2.6;1.53;1.17;1.04;2.55;1.47;1.69;1.95;4.5;1.18;1.09;1.25;2.46;2.26;2.15;7.13;1.83;2.4;5.6;0;0;1.29;1.5;1.9;2.4;3.3;3.3;2.4;1.8;1.5;1.29;0;0;0;1.33;7;4.25;2.05;7.25;0;0;0;0;0;0;0;0;1.5;3.36;10;21;2.51;1.29;1.04;1.01;0;0;0;0;2;0;1;1;0;1;1;2019-03-22 00:30:00;-1;1;0;0;0;0;1;1;6;5;4;0;11;4;0;1;1;2;1;3;1;106;65;135;109;2.85;1.01;3.85;0;0;0;0;0;0;1;1;0;0;1;0;0;1;-1;-1;-1;-1;-1;-1;-1;-1;-1;0;0;0;0;0;0;0;0;0;0;0;0;0;Rionegro Águilas;Oriente Petrolero;1.25;1;0;0;0;0;0;0;0;0;0;0;0;0;0;0;0;1855;2;Y;Y;N;N;N;N;Y
535125;2849;6680;2019;complete;4250;0;-1;57;;1;0;1;2;4;6;1;0;2;2;0;0;5;4;2;3;7;7;20;14;57;43;2;2;2.25;2.95;3.25;1.09;1.53;2.65;5.25;8.75;6.25;2.35;1.43;1.13;1.02;2.2;1.62;2.2;1.53;2.75;1.4;1.36;1.36;1.67;3;1.82;4.2;2.62;2.2;3.5;0;0;1.45;1.67;2.4;3.3;5.2;2.55;2.1;1.5;1.29;1.13;0;0;0;1.87;6.8;2.4;3.1;4.35;0;0;0;0;0;0;0;0;1.57;3.75;13;15.25;2.25;1.25;1.04;1.01;0;0;0;0;1;0;0;1;0;1;0;2019-04-02 20:00:00;2849;1;0;0;0;0;1;1;1;1;1;3;2;4;0;0;2;2;0;4;1;55;64;183;169;1.22;1.21;2.44;0;0;0;0;0;0;1;1;0;0;0;1;0;0;-1;-1;-1;-1;-1;-1;-1;-1;-1;0;0;0;0;0;0;0;0;0;0;0;0;0;Mineros de Guayana;Sol de América;1.5;0.75;0;0;0;0;0;0;0;0;0;0;0;0;0;0;0;1855;2;Y;N;N;N;N;N;N
535126;4328;2188;2019;complete;4250;0;-1;;17;0;1;1;13;4;17;1;0;2;4;0;0;5;5;14;5;19;10;11;13;58;42;2;4;1.95;3;4.1;1.1;1.56;2.7;5.45;0;6.1;2.3;1.42;1.12;1.02;2.35;1.54;0;0;0;0;1.29;1.38;1.75;0;0;0;2.5;2.1;4;0;0;0;0;0;0;0;0;0;0;0;0;0;0;0;0;0;0;0;0;0;0;0;0;0;0;0;0;1.62;4;13;21;2.2;1.22;1.04;1.02;0;0;0;0;1;0;1;0;0;0;1;2019-04-03 00:30:00;2188;1;0;0;0;0;1;1;5;2;8;2;7;10;1;1;1;3;2;4;1;83;30;148;93;2.15;1.21;3.36;0;0;0;0;0;0;1;1;0;0;2;0;0;0;-1;-1;-1;-1;-1;-1;-1;-1;-1;0;0;0;0;0;0;0;0;0;0;0;0;0;CD Universidad Católica;Colo-Colo;1.67;1.5;0;0;0;0;0;0;0;0;0;0;0;0;0;0;0;1855;2;Y;N;N;N;N;N;N
535127;2801;4360;2019;complete;4250;0;-1;39;37;1;1;2;5;4;9;3;1;4;2;0;0;5;6;6;2;11;8;18;16;63;37;4;2;2.6;2.9;2.8;1.11;1.59;2.85;5.75;15;5.8;2.25;1.38;1.11;1.01;2.3;1.56;2.5;1.5;2.5;1.5;1.44;1.38;1.53;3.75;1.7;3.7;3.1;1.95;3.4;0;0;0;0;0;0;0;0;0;0;0;0;0;0;0;1.95;6;2.3;3.7;4;0;0;0;0;0;0;0;0;1.61;4;13;31;2.2;1.22;1.04;1.01;0;0;0;0;2;1;1;0;0;0;2;2019-04-04 00:30:00;-1;1;0;0;0;0;1;1;3;3;2;1;6;3;2;1;2;1;3;3;1;32;22;64;50;1.28;1.09;2.36;0;0;0;0;0;0;1;1;0;0;1;0;0;0;-1;-1;-1;-1;-1;-1;-1;-1;-1;0;0;0;0;0;0;0;0;0;0;0;0;0;UTC Cajamarca;Cerro;0.5;1.25;0;0;0;0;0;0;0;0;0;0;0;0;0;0;0;1855;2;Y;Y;N;N;N;N;Y
535128;702;6736;2019;complete;4250;0;-1;37,45,48,66;68;4;1;5;6;1;7;2;1;0;1;0;0;13;3;11;3;24;6;18;7;66;34;0;1;1.12;7.25;17.75;1.01;1.16;1.54;2.4;4;12.5;4.7;2.35;1.53;1.2;2.75;1.4;1.5;2.5;13;1.04;1.03;1.1;6;1.44;2.75;12;1.33;3.5;13;0;0;1.22;1.4;1.62;1.91;2.88;3.8;2.75;2.2;1.8;1.36;0;0;0;1.12;15;6.5;1.57;29;0;0;0;0;0;0;0;0;1.25;2.25;5.5;15;3.75;1.57;1.14;1.03;0;0;0;0;5;2;0;2;1;3;2;2019-04-04 00:30:00;702;1;0;0;0;0;1;1;5;0;1;1;5;2;0;0;0;1;0;1;1;96;32;140;103;3.11;0.84;3.95;1;0;1;0;0;0;1;1;0;0;1;0;0;0;-1;-1;-1;-1;-1;-1;-1;-1;-1;0;0;0;0;0;0;0;0;0;0;0;0;0;Independiente;Deportivo Binacional;1.88;0;0;0;0;0;0;0;0;0;0;0;0;0;0;0;0;1855;2;Y;Y;Y;Y;Y;N;Y
535129;725;2850;2019;complete;4250;0;-1;24,77;;2;0;2;3;1;4;0;0;3;7;0;1;6;0;14;5;20;5;14;18;65;35;3;8;1.29;4.5;11;1.06;1.38;2.2;4.05;8;7.5;2.85;1.62;1.2;1.05;2.85;1.38;1.5;2.5;6.5;1.11;1.06;1.2;3.5;1.83;2.1;9.5;1.61;2.6;9;0;0;1.25;1.45;1.83;2.4;3.2;3.6;2.55;1.83;1.5;1.3;0;0;0;1.22;8;5.5;1.73;15;0;0;0;0;0;0;0;0;1.44;3.25;9;26;2.62;1.33;1.07;1.01;0;0;0;0;2;1;0;1;0;1;1;2019-04-04 22:15:00;725;1;0;0;0;0;1;1;2;1;1;0;3;1;1;3;2;5;4;7;1;93;50;137;97;2.35;0.69;3.04;0;0;0;0;0;0;1;1;0;0;0;0;0;1;-1;-1;-1;-1;-1;-1;-1;-1;-1;0;0;0;0;0;0;0;0;0;0;0;0;0;Argentinos Juniors;Estudiantes Mérida;1.67;1.5;0;0;0;0;0;0;0;0;0;0;0;0;0;0;0;1855;2;Y;Y;N;N;N;N;N
535130;2132;6672;2019;complete;4250;0;-1;44;;1;0;1;9;2;11;4;1;4;4;0;3;6;2;9;9;15;11;12;17;61;39;4;9;1.69;3.2;5.3;1.07;1.43;2.3;4.35;0;7;2.7;1.56;1.18;1.04;2.15;1.65;0;0;0;1.8;1.17;1.34;2.15;0;0;0;2.05;2.3;5;0;0;0;0;0;0;0;0;0;0;0;0;0;0;0;0;0;0;0;0;0;0;0;0;0;0;0;0;1.5;3.5;10;17;2.5;1.29;1.06;1.02;0;0;0;0;1;1;0;0;0;0;1;2019-04-05 00:30:00;2132;1;0;0;0;0;1;1;5;2;4;0;7;4;1;1;3;6;2;9;1;102;77;124;89;2.1;1.39;3.49;0;0;0;0;0;0;1;1;0;0;2;1;0;0;-1;-1;-1;-1;-1;-1;-1;-1;-1;0;0;0;0;0;0;0;0;0;0;0;0;0;Deportivo Cali;Guaraní;1;1.5;0;0;0;0;0;0;0;0;0;0;0;0;0;0;0;1855;2;Y;N;N;N;N;N;N
535131;2852;2256;2019;complete;4250;0;-1;;38;0;1;1;4;0;4;3;0;1;1;0;0;4;3;8;5;12;8;12;14;32;68;1;1;2.9;3;2.45;1.06;1.39;2.2;4.15;9;7.5;2.8;1.61;1.2;1.05;1.91;1.8;3;1.36;3;1.36;1.44;1.4;1.48;3.3;1.95;3.5;2.87;2.3;3;0;0;1.25;1.5;1.9;2.5;3.5;3.5;2.38;1.8;1.44;1.25;0;0;0;1.9;8;2.1;4.33;4.5;0;0;0;0;0;0;0;0;1.5;3.25;10;26;2.5;1.33;1.06;1.01;0;0;0;0;1;0;1;0;0;0;1;2019-04-16 20:00:00;2256;1;0;0;0;0;1;1;1;0;3;0;1;3;0;0;1;1;0;2;1;37;40;52;56;1.3;1;2.3;0;0;0;0;0;0;1;1;0;0;0;0;0;0;-1;-1;-1;-1;-1;-1;-1;-1;-1;0;0;0;0;100;0;0;100;0;13;5;1;1;Zulia;Nacional Potosí;1.88;1.5;3;0;3;0;100;100;100;100;0;100;100;100;0;0;0;1855;2;Y;N;N;N;N;N;N
535132;707;2805;2019;complete;4250;0;-1;42,50;;2;0;2;8;2;10;1;2;0;1;0;0;11;4;14;6;25;10;33;19;44;56;0;1;1.29;4.5;11;1.05;1.35;2.1;3.8;8;8;3;1.67;1.23;1.06;2.65;1.43;1.45;2.35;6.5;1.11;1.05;1.2;3.75;1.91;2.38;9.55;1.61;2.6;9.5;0;0;1.3;1.66;2.05;2.8;3.9;3.1;2.1;1.67;1.36;1.2;0;0;0;1.22;8;5.5;1.73;14;0;0;0;0;0;0;0;0;1.44;3.25;9;26;2.62;1.33;1.07;1.01;0;0;0;0;2;1;0;1;0;1;1;2019-04-17 00:30:00;707;1;0;0;0;0;1;1;4;1;4;1;5;5;0;1;0;0;1;0;1;70;63;105;122;2.84;1.38;4.22;1;0;1;0;0;0;1;1;0;0;0;0;0;0;-1;-1;-1;-1;-1;-1;-1;-1;-1;0;0;100;100;100;0;100;100;100;2;3;4;3;Colón;Deportivo Municipal;1.73;0;3;0;3;0;100;100;0;0;0;0;0;0;0;0;0;1855;2;Y;Y;N;N;N;N;N
535133;2149;6682;2019;complete;4250;0;-1;;;0;0;0;13;1;14;2;0;2;4;0;0;12;2;12;3;24;5;11;13;73;27;2;4;1.31;4.4;10.5;1.05;1.35;2.1;3.8;0;8;3;1.67;1.23;1.06;2.6;1.44;0;0;0;0;1.07;1.2;3.4;0;0;0;1.62;2.62;9;0;0;0;0;0;0;0;0;0;0;0;0;0;0;0;0;0;0;0;0;0;0;0;0;0;0;0;0;1.4;3;9;23;2.75;1.36;1.07;1.01;0;0;0;0;0;0;0;0;0;0;0;2019-04-17 00:30:00;-1;1;0;0;0;0;1;1;8;0;5;1;8;6;0;3;2;1;3;3;1;53;14;62;27;2.72;0.56;3.27;0;0;0;0;0;0;1;1;0;0;0;0;0;0;-1;-1;-1;-1;-1;-1;-1;-1;-1;0;0;0;0;0;0;0;0;0;13;2;7;0;La Equidad;Independiente FBC;1.75;1;1;1;1;1;100;100;100;100;100;100;100;100;0;0;0;1855;2;N;N;N;N;N;N;N
535134;4330;2190;2019;complete;4250;0;-1;14;10;1;1;2;4;3;7;3;2;2;5;0;0;7;3;9;5;16;8;12;11;60;40;2;5;2.45;2.9;2.95;1.07;1.43;2.35;4.45;9;7;2.65;1.54;1.18;1.04;2;1.77;2.62;1.44;3;1.36;1.33;1.33;1.44;3.3;1.87;3.75;2.8;2.25;3.25;0;0;1.3;1.6;2.1;2.8;3.9;3.1;2.15;1.66;1.36;1.2;0;0;0;2;7;2.2;3.8;4.5;0;0;0;0;0;0;0;0;1.5;3.5;10;46;2.5;1.28;1.06;1.01;0;0;0;0;2;1;1;0;0;0;2;2019-04-19 00:30:00;-1;1;100;0;0;0;1;1;3;1;1;2;4;3;1;4;1;1;5;2;1;77;41;135;104;2.06;1.02;3.09;0;0;0;0;0;0;1;1;0;1;0;1;0;0;-1;-1;-1;-1;-1;-1;-1;-1;-1;0;0;0;100;100;0;0;100;100;9;3;5;2;Mushuc Runa SC;Unión Española;1;0.5;1;1;1;1;100;100;100;0;0;100;0;0;0;0;0;1855;2;Y;Y;N;N;N;N;Y
535135;4321;698;2019;complete;4250;0;-1;8,55;;2;0;2;9;1;10;4;2;1;2;0;0;17;5;14;4;31;9;13;8;68;32;1;2;1.69;3.35;5.15;1.07;1.43;2.35;4.5;9;7;2.65;1.54;1.17;1.04;2.2;1.61;1.91;1.71;4;1.22;1.11;1.28;1.95;2.5;1.91;5.5;2.1;2.37;5;0;0;1.36;1.72;2.2;3.1;4.5;2.8;2;1.57;1.3;1.15;0;0;0;1.57;7.5;3.1;2.5;7.5;0;0;0;0;0;0;0;0;1.57;3.7;11;46;2.3;1.25;1.05;1.01;0;0;0;0;2;1;0;1;0;1;1;2019-04-18 00:30:00;4321;1;0;0;0;0;1;1;4;0;5;1;4;6;0;0;1;2;0;3;1;56;27;70;63;3.53;1.12;4.64;0;0;0;0;0;0;1;1;1;0;1;0;0;0;-1;-1;-1;-1;-1;-1;-1;-1;-1;0;0;0;100;100;0;100;100;0;11;3;6;2;CSD Independiente del Valle;Unión Santa Fe;1.82;1.5;0;3;0;3;100;100;100;0;0;100;100;100;0;0;0;1855;2;Y;Y;N;N;N;N;N
535136;2260;2147;2019;complete;4250;0;-1;33;38;1;1;2;3;5;8;1;1;2;1;0;0;5;15;4;7;9;22;18;21;52;48;2;1;2.3;2.85;3.3;1.1;1.57;2.75;5.5;11;6;2.3;1.41;1.12;1.02;2.2;1.61;2.1;1.57;2.75;1.4;1.3;1.39;1.58;3.16;1.81;4.33;2.85;2.1;3.5;0;0;1.2;1.44;1.83;2.2;3.1;3.9;2.5;1.83;1.57;1.3;0;0;0;1.95;5.5;2.3;3;4.45;0;0;0;0;0;0;0;0;1.58;3.72;9.5;29;2.26;1.24;1.03;1.01;0;0;0;0;2;1;1;0;0;0;2;2019-04-18 00:30:00;-1;1;100;0;0;0;1;1;1;3;2;2;4;4;0;0;2;1;0;3;1;44;38;56;62;1.23;2.7;3.93;0;0;0;0;0;0;1;1;0;0;0;0;0;0;-1;-1;-1;-1;-1;-1;-1;-1;-1;0;0;0;100;100;0;100;100;0;15;4;4;2;Oriente Petrolero;Rionegro Águilas;1;1.25;1;1;1;1;100;100;100;0;0;100;100;100;0;0;0;1855;2;Y;Y;N;N;N;N;Y
535137;2812;4350;2019;complete;4250;0;-1;47;78;1;1;2;6;1;7;7;0;1;3;0;0;12;2;13;5;25;7;12;7;57;43;1;3;1.59;3.7;5.3;1.03;1.25;1.83;3.1;6;9.75;3.6;1.91;1.33;1.11;1.83;1.91;2.37;1.53;5.5;1.14;1.11;1.2;2.05;2.3;2.15;5.2;1.95;2.7;4.6;0;0;1.17;1.33;1.67;2.1;2.8;4.33;2.9;2.05;1.66;1.36;0;0;0;1.53;11;2.87;2.8;9;0;0;0;0;0;0;0;0;1.36;2.75;7;21;3;1.4;1.1;1.01;0;0;0;0;2;0;0;1;1;2;0;2019-04-19 00:30:00;-1;1;0;0;0;0;1;1;4;1;2;0;5;2;0;0;1;3;0;4;1;105;41;98;79;3.15;0.88;4.04;0;1;0;1;0;0;1;1;0;0;1;0;0;0;-1;-1;-1;-1;-1;-1;-1;-1;-1;0;0;0;100;100;100;100;0;0;14;4;2;2;Sport Huancayo;Wanderers;0.5;1.33;0;3;0;3;100;100;100;0;0;100;100;100;0;0;0;1855;2;Y;Y;N;N;N;N;Y
535138;4360;2801;2019;complete;4250;0;-1;22,41,75;71;3;1;4;4;2;6;4;1;3;5;0;0;6;7;7;6;13;13;14;22;53;47;3;5;1.69;3.3;5.25;1.08;1.45;2.4;4.65;11;6.85;2.55;1.51;1.16;1.03;2.3;1.57;1.83;1.83;3.75;1.25;1.2;1.29;2.15;2.4;2.05;5.5;2.1;2.3;5;0;0;1.29;1.53;1.83;2.5;3.7;3.2;2.3;1.83;1.44;1.22;1.28;6.95;4.55;1.5;7;3.4;2.4;7;0;0;0;0;0;0;0;0;1.5;3.4;10;46;2.5;1.3;1.06;1.01;0;0;0;0;4;2;0;1;1;2;2;2019-04-30 22:15:00;4360;1;100;0;0;0;1;1;2;0;2;2;2;4;1;2;2;3;3;5;1;36;41;70;67;1.5;1.6;3.1;0;0;0;0;0;0;1;1;0;0;1;0;0;0;-1;-1;-1;-1;-1;-1;-1;-1;-1;0;0;0;100;100;100;100;0;0;9;4;6;2;Cerro;UTC Cajamarca;1.25;0.5;1;1;1;1;100;100;100;0;0;100;0;0;0;0;0;1855;2;Y;Y;Y;Y;N;N;Y
535139;2188;4328;2019;complete;4250;0;-1;;38;0;1;1;5;2;7;3;2;4;4;0;0;8;4;9;11;17;15;17;14;66;34;4;4;1.59;3.75;5.2;1.03;1.29;1.91;3.3;0;9;3.35;1.83;1.29;1.09;1.91;1.8;0;0;0;0;0;0;0;0;0;0;0;0;0;0;0;0;0;0;0;0;0;0;0;0;0;0;0;0;0;0;0;0;0;0;0;0;0;0;0;0;0;0;0;0;0;0;0;0;0;0;0;0;0;1;0;1;0;0;0;1;2019-05-01 00:30:00;4328;1;0;0;0;0;1;1;1;2;4;0;3;4;1;2;3;2;3;5;1;106;65;143;118;2.4;1.7;4.1;0;0;0;0;0;0;1;1;0;0;0;1;0;0;-1;-1;-1;-1;-1;-1;-1;-1;-1;0;0;0;0;100;0;100;0;0;17;1;6;1;Colo-Colo;CD Universidad Católica;1.5;1.67;3;0;3;0;100;100;100;100;0;100;100;100;0;0;0;1855;2;Y;N;N;N;N;N;N
535140;6680;2849;2019;complete;4250;0;-1;75;;1;0;1;6;5;11;3;0;3;4;0;0;7;5;8;3;15;8;13;16;56;44;3;4;1.45;3.75;7.25;1.06;1.4;2.25;4.25;10;7.25;2.75;1.59;1.19;1.05;2.4;1.51;1.72;2;5;1.16;1.09;1.25;2.75;2.1;1.95;7.5;1.83;2.4;6.5;0;0;1.25;1.45;1.9;2.4;3.2;3.6;2.55;1.8;1.5;1.3;0;0;0;1.33;7.5;4.33;1.95;11;0;0;0;0;0;0;0;0;1.5;3.5;10;26;2.5;1.28;1.06;1.01;0;0;0;0;1;0;0;1;0;1;0;2019-05-01 22:15:00;6680;1;0;0;0;0;1;1;2;1;4;4;3;8;0;0;3;4;0;7;1;79;35;98;94;2;1.12;3.12;0;0;0;0;0;0;1;1;0;0;0;0;0;0;-1;-1;-1;-1;-1;-1;-1;-1;-1;0;0;0;0;100;0;0;100;0;6;1;4;1;Sol de América;Mineros de Guayana;0.75;1.5;0;3;0;3;100;100;100;100;0;0;0;0;0;0;0;1855;2;Y;N;N;N;N;N;N
535141;6736;702;2019;complete;4250;0;-1;78;51,55;1;2;3;8;5;13;4;0;4;1;0;0;5;9;7;9;12;18;19;8;46;54;4;1;2.75;3.05;2.5;1.05;1.37;2.15;4;0;7.75;2.9;1.62;1.21;1.06;1.91;1.83;0;0;0;0;0;0;0;0;0;0;0;0;0;0;0;0;0;0;0;0;0;0;0;0;0;0;0;0;0;0;0;0;0;0;0;0;0;0;0;0;0;0;0;0;0;0;0;0;0;0;0;0;0;3;0;0;1;2;3;0;2019-05-02 00:30:00;702;1;100;0;0;0;1;1;5;3;3;2;8;5;1;1;3;0;2;3;1;54;36;98;100;1.5;2.03;3.53;0;0;0;0;0;0;1;1;0;0;0;1;0;0;-1;-1;-1;-1;-1;-1;-1;-1;-1;100;100;100;100;100;100;100;100;100;7;3;1;5;Deportivo Binacional;Independiente;0;1.88;0;3;0;3;0;0;0;0;0;0;0;0;0;0;0;1855;2;Y;Y;Y;N;N;N;Y
535142;2850;725;2019;complete;4250;0;-1;21;;1;0;1;3;4;7;4;3;4;5;0;0;3;2;4;6;7;8;18;19;54;46;4;5;3;3;2.35;1.08;1.47;2.45;4.75;10;6.75;2.55;1.5;1.16;1.03;2.1;1.69;2.85;1.32;2.5;1.5;1.54;1.37;1.34;3.96;1.88;3.18;3.6;2.2;2.63;0;0;1.25;1.5;1.83;2.5;3.5;3.5;2.38;1.83;1.44;1.25;2.1;6.05;1.95;2.3;7;1.83;4.5;3.4;0;0;0;0;0;0;0;0;1.51;3.48;10;19.75;2.42;1.27;1.02;1.01;0;0;0;0;1;1;0;0;0;0;1;2019-05-08 20:00:00;2850;1;0;0;0;0;1;1;1;2;2;2;3;4;0;2;4;3;2;7;1;69;75;116;118;1.16;1.2;2.36;0;0;0;0;0;0;1;1;0;0;0;1;0;0;-1;-1;-1;-1;-1;-1;-1;-1;-1;0;0;0;100;100;0;100;100;0;4;0;11;2;Estudiantes Mérida;Argentinos Juniors;1.5;1.67;0;3;0;3;100;100;100;0;0;0;0;0;0;0;0;1855;2;Y;N;N;N;N;N;N
535143;6672;2132;2019;complete;4250;0;-1;75;;1;0;1;3;2;5;2;2;0;1;0;0;7;3;12;13;19;16;8;8;49;51;0;1;2;3.1;3.8;1.07;1.44;2.4;4.6;0;6.95;2.6;1.53;1.17;1.04;2.1;1.67;0;0;0;0;0;0;0;0;0;0;0;0;0;0;0;0;0;0;0;0;0;0;0;0;0;0;0;0;0;0;0;0;0;0;0;0;0;0;0;0;0;0;0;0;0;0;0;0;0;0;0;0;0;1;0;0;1;0;1;0;2019-05-03 00:30:00;6672;1;0;0;0;0;1;1;1;1;2;1;2;3;0;1;0;0;1;0;1;83;64;138;148;2.29;1.69;3.98;0;0;0;0;0;0;1;1;0;0;0;0;0;1;-1;-1;-1;-1;-1;-1;-1;-1;-1;0;0;0;0;100;0;100;0;0;11;5;13;1;Guaraní;Deportivo Cali;1.5;1;0;3;0;3;100;100;100;100;0;100;100;100;0;0;0;1855;2;Y;N;N;N;N;N;N
558437;4328;2808;2019;complete;4577;0;-1;24,31,42,57,78,90;;6;0;6;6;2;8;3;4;0;3;0;1;11;6;4;3;15;9;6;9;61;39;0;4;1.48;3.65;7;1.06;1.39;2.2;4.15;9;7.5;2.8;1.61;1.2;1.05;2.3;1.56;1.72;2;5;1.16;1.07;1.28;2.8;2.1;2.1;6.5;1.8;2.4;6.5;0;0;1.22;1.44;1.9;2.38;3.2;3.7;2.5;1.8;1.5;1.29;0;0;0;1.36;7.5;4;2;11;0;0;0;0;0;0;0;0;1.44;3.25;10;26;2.62;1.33;1.06;1.01;0;0;0;0;6;3;0;3;0;3;3;2019-05-21 22:15:00;4328;1;0;0;0;0;1;1;3;0;3;2;3;5;0;1;0;3;1;3;1;153;74;240;159;2.84;1.54;4.39;1;0;1;0;0;0;1;1;0;0;0;0;0;0;-1;-1;-1;-1;-1;-1;-1;-1;-1;0;0;0;0;50;0;50;0;0;7.5;1.5;3;0.5;CD Universidad Católica;Melgar;1.67;0.5;1.5;0;1.5;0;50;50;50;50;0;25;25;25;2.15;0;2.15;1855;2;Y;Y;Y;Y;Y;Y;N
558438;4364;707;2019;complete;4577;0;-1;;;0;0;0;6;9;15;0;1;3;4;0;0;5;6;4;3;9;9;11;20;42;58;3;4;3.15;2.75;2.45;1.13;1.69;3.15;6.5;17;5.3;2.05;1.32;1.08;1.01;2.5;1.49;2.5;1.5;2.2;1.61;1.53;1.44;1.38;4.33;1.71;3.6;3.6;1.91;3.1;0;0;0;0;1.9;0;0;0;0;1.8;0;0;2.05;6.05;2;2.5;5;1.95;4.33;3.5;0;0;0;0;0;0;0;0;1.74;4.6;13;21;2;1.17;1.01;1.01;0;0;0;0;0;0;0;0;0;0;0;2019-05-21 22:15:00;-1;1;25;0;0;0;1;1;1;3;5;6;4;11;0;2;3;2;2;5;1;39;46;75;81;1.2;1.32;2.53;0;0;0;0;0;0;1;1;0;0;0;0;0;0;-1;-1;-1;-1;-1;-1;-1;-1;-1;0;0;25;75;75;0;50;75;50;6;4.5;3;1.75;River Plate;Colón;0.75;1.73;1;3;1;3;100;100;75;25;25;50;50;0;1.47;1.52;2.99;1855;4;N;N;N;N;N;N;N
558439;2290;4323;2019;complete;4577;0;-1;49;;1;0;1;0;5;5;2;2;4;4;0;0;4;3;4;4;8;7;24;16;43;57;4;4;2.95;3;2.45;1.07;1.44;2.4;4.6;11;6.95;2.6;1.53;1.17;1.04;2.05;1.71;3;1.36;2.62;1.44;1.57;1.38;1.38;3.8;1.91;3.26;3.3;2.2;2.88;0;0;1.4;1.72;2.3;3.2;5;2.7;2;1.53;1.29;1.13;2.05;5.95;2;2.3;7.5;1.83;4.5;3.75;0;0;0;0;0;0;0;0;1.5;3.36;10;19.75;2.45;1.29;1.02;1.01;0;0;0;0;1;0;0;1;0;1;0;2019-05-21 22:15:00;2290;1;75;50;0;0;-1;1;-1;-1;-1;-1;-1;-1;1;1;3;3;2;6;1;43;73;95;106;1.11;1.19;2.29;0;0;0;0;0;0;1;1;0;0;-1;-1;0;0;-1;-1;-1;-1;-1;-1;-1;-1;-1;0;0;100;100;100;75;75;50;25;11.5;5.5;4;3;Royal Pari;Macará;1;2.25;1.5;3;1.5;3;100;100;0;0;0;100;50;25;1.2;2.47;3.67;1855;4;Y;N;N;N;N;N;N
558440;2190;2804;2019;complete;4577;0;-1;;6,67,72;0;3;3;12;3;15;1;0;3;3;0;0;6;8;11;9;17;17;24;11;43;57;3;3;2.1;3.05;3.6;1.08;1.45;2.4;4.65;11;6.85;2.55;1.51;1.16;1.03;2.1;1.67;2.1;1.57;3.25;1.33;1.28;1.38;1.75;2.75;1.91;4.3;2.6;2.2;3.6;0;0;1.36;1.72;2.2;3.1;4.33;2.8;2;1.57;1.3;1.17;1.48;6.05;3.2;1.72;6.5;2.62;2.9;4.8;0;0;0;0;0;0;0;0;1.57;3.75;11;20;2.25;1.25;1.05;1.01;0;0;0;0;3;0;1;0;2;2;1;2019-05-22 00:30:00;2804;1;50;0;50;0;1;1;6;2;6;1;8;7;2;3;1;0;5;1;1;91;47;129;112;2.15;1.98;4.13;0;0;0;0;0;0;1;1;0;1;0;0;0;1;-1;-1;-1;-1;-1;-1;-1;-1;-1;0;0;0;50;50;25;25;25;25;5;2;4;1;Unión Española;Sporting Cristal;0.5;2.25;1;0;1;0;50;50;50;0;0;25;0;0;2.33;0;2.33;1855;4;Y;Y;Y;N;N;N;N
558441;2199;620;2019;complete;4577;0;-1;64;;1;0;1;3;4;7;1;4;2;1;0;0;4;2;8;4;12;6;15;8;57;43;2;1;2.5;2.85;2.95;1.1;1.56;2.7;5.45;15;6.1;2.3;1.42;1.12;1.02;2.2;1.61;2.4;1.43;2.5;1.5;1.44;1.4;1.48;3.45;1.8;3.6;3.1;2.1;3.2;0;0;1.2;1.4;1.72;2.2;3.1;3.9;2.7;2;1.57;1.3;1.65;6.25;2.6;2;6;2.25;3.6;3.55;0;0;0;0;0;0;0;0;1.61;4;13;21;2.2;1.22;1.04;1.01;0;0;0;0;1;0;0;1;0;1;0;2019-05-22 00:30:00;2199;1;25;0;0;0;1;1;0;2;3;2;2;5;1;0;1;1;1;2;1;72;47;119;82;1.56;0.87;2.43;0;0;0;0;0;0;1;1;0;0;0;0;0;0;-1;-1;-1;-1;-1;-1;-1;-1;-1;0;0;0;25;25;0;25;25;0;5.5;4;2.5;0.5;Unión La Calera;Atlético Mineiro;1.25;2.25;1;0;1;0;50;50;50;25;25;25;25;25;1.61;0;1.61;1855;4;Y;N;N;N;N;N;N
558442;2147;702;2019;complete;4577;0;-1;23,46,59;21,66;3;2;5;4;8;12;3;3;4;5;1;0;4;5;3;4;7;9;13;13;35;65;5;5;3;2.85;2.5;1.11;1.62;2.95;6;9.5;5.6;2.2;1.36;1.1;1.01;2.35;1.54;3;1.36;2.2;1.61;1.73;1.4;1.29;4.33;1.87;2.9;3.75;2.2;2.6;0;0;0;0;1.83;0;0;0;0;1.83;0;0;0;0;0;2.5;5.5;1.8;5.5;2.9;0;0;0;0;0;0;0;0;1.62;3.75;13;26;2.2;1.25;1.04;1.01;0;0;0;0;5;1;1;2;1;3;2;2019-05-22 00:30:00;2147;1;100;0;50;0;1;1;3;1;1;7;4;8;2;2;3;3;4;6;1;30;61;76;97;0.95;1.36;2.31;0;0;0;0;0;0;1;1;0;0;0;0;1;0;-1;-1;-1;-1;-1;-1;-1;-1;-1;25;25;50;100;100;50;75;75;50;13;3;1.5;3;Rionegro Águilas;Independiente;1.25;1.88;1;3;1;3;75;75;50;0;0;50;50;50;2.85;2.03;4.88;1855;4;Y;Y;Y;Y;Y;N;Y
558443;2852;2193;2019;complete;4577;0;-1;13,90;90;2;1;3;4;8;12;4;1;1;4;0;0;6;4;8;9;14;13;9;18;31;69;1;4;3.45;2.9;2.2;1.1;1.56;2.7;5.45;15;6.1;2.3;1.42;1.12;1.02;2.25;1.57;2.75;1.4;2.2;1.61;1.66;1.4;1.3;4.2;1.75;3.2;3.75;2.1;2.62;0;0;1.33;1.83;2.15;2.9;4.33;2.9;1.83;1.6;1.33;1.17;2.15;5.8;1.91;2.6;6;1.8;4.45;2.95;0;0;0;0;0;0;0;0;1.61;4;13;20.5;2.2;1.22;1.04;1.01;0;0;0;0;3;1;0;1;1;2;1;2019-05-22 20:00:00;2852;1;0;0;0;0;1;1;3;4;1;4;7;5;0;1;1;3;1;4;1;38;50;52;63;1.57;1.45;3.02;0;0;0;0;0;0;1;1;0;0;2;0;0;0;-1;-1;-1;-1;-1;-1;-1;-1;-1;0;0;0;0;50;0;25;25;0;2;3;0.5;0.5;Zulia;Palestino;1.88;0;1.5;0;1.5;0;50;50;50;50;0;25;25;25;1.3;0;1.3;1855;2;Y;Y;Y;N;N;N;Y
558444;6680;615;2019;complete;4577;0;-1;;73;0;1;1;2;5;7;2;0;2;2;1;1;2;5;9;4;11;9;15;10;29;71;3;4;2.75;2.85;2.65;1.09;1.51;2.6;5.15;11;6.35;2.4;1.45;1.14;1.02;2.15;1.65;2.62;1.44;2.75;1.4;1.44;1.4;1.48;3.3;1.9;3.6;3;2.2;3.1;0;0;1.15;1.33;1.66;2;2.7;4.5;2.9;2.1;1.7;1.4;0;0;0;1.95;6.5;2.25;3.65;3.85;0;0;0;0;0;0;0;0;1.57;3.75;11;26;2.25;1.25;1.05;1.01;0;0;0;0;1;0;0;0;1;1;0;2019-05-22 22:15:00;615;1;0;0;0;0;1;1;2;2;0;3;4;3;2;2;1;1;4;2;1;51;64;79;110;1.2;1.39;2.59;1;0;0;0;1;0;1;1;0;0;0;1;1;1;-1;-1;-1;-1;-1;-1;-1;-1;-1;0;0;25;25;100;0;0;100;25;7.5;1.5;8;1.5;Sol de América;Botafogo;0.75;2;1.5;3;1.5;3;100;100;75;75;0;75;75;50;2;0.84;2.84;1855;4;Y;N;N;N;N;N;N
558445;2132;4358;2019;complete;4577;0;-1;90;63;1;1;2;6;3;9;1;3;3;2;0;0;6;5;10;5;16;10;22;12;55;45;3;2;2;2.9;4.1;1.12;1.67;3.1;6.4;17;5.35;2.1;1.33;1.09;1.01;2.6;1.45;1.83;1.83;3;1.36;1.22;1.42;1.8;2.8;1.75;5;2.5;2.05;4.5;0;0;1.29;1.53;1.9;2.5;3.7;3.2;2.3;1.8;1.44;1.22;0;0;0;1.66;5;3;2.5;5.8;0;0;0;0;0;0;0;0;1.66;4.33;15;31;2.1;1.2;1.03;1.01;0;0;0;0;2;0;0;1;1;2;0;2019-05-22 22:15:00;-1;1;0;0;0;0;1;1;0;3;6;0;3;6;1;0;2;2;1;4;1;81;78;112;101;2.01;1.55;3.56;0;0;0;0;0;0;1;1;0;0;0;0;0;0;-1;-1;-1;-1;-1;-1;-1;-1;-1;0;0;0;0;50;0;25;25;0;5.5;3;2.5;0.5;Deportivo Cali;Peñarol;1;1;1.5;0;1.5;0;50;50;50;50;0;25;25;25;2.1;0;2.1;1855;4;Y;Y;N;N;N;N;Y
558446;4357;2845;2019;complete;4577;0;-1;89;;1;0;1;7;2;9;4;1;2;2;0;0;4;5;8;7;12;12;9;23;47;53;2;2;1.83;3.1;4.5;1.09;1.5;2.55;5.05;13;6.45;2.45;1.47;1.14;1.02;2.25;1.57;2;1.72;3.5;1.28;1.22;1.36;1.9;2.6;1.85;5;2.3;2.2;4.33;0;0;1.25;1.5;1.83;2.5;3.5;3.5;2.38;1.83;1.44;1.25;0;0;0;1.61;6.5;3;2.6;6.5;0;0;0;0;0;0;0;0;1.57;3.75;11;23;2.25;1.25;1.05;1.01;0;0;0;0;1;0;0;1;0;1;0;2019-05-23 00:30:00;4357;1;0;0;0;0;1;1;1;1;6;1;2;7;1;0;1;2;1;3;1;79;56;90;89;1.6;1.51;3.12;0;0;0;0;0;0;1;1;0;0;1;0;0;0;-1;-1;-1;-1;-1;-1;-1;-1;-1;0;0;0;0;25;0;0;25;0;1;4.5;3.5;0.25;Liverpool FC Montevideo;Caracas;1.75;1;2;0;2;0;50;50;50;50;25;0;0;0;1.1;0;1.1;1855;4;Y;N;N;N;N;N;N
558447;2149;6679;2019;complete;4577;0;-1;28,67;;2;0;2;9;6;15;1;1;2;3;0;0;8;0;5;7;13;7;14;13;66;34;2;3;1.56;3.4;6.5;1.09;1.53;2.65;5.25;13;6.25;2.35;1.43;1.13;1.02;2.65;1.43;1.66;2.1;4;1.22;1.12;1.33;2.3;2.2;1.95;6.5;1.95;2.3;6;0;0;1.17;1.36;1.9;2.05;2.8;4.33;2.8;1.8;1.67;1.36;0;0;0;1.44;6.5;3.75;2;9;0;0;0;0;0;0;0;0;1.53;3.5;11;26;2.37;1.28;1.05;1.01;0;0;0;0;2;1;0;1;0;1;1;2019-05-23 00:30:00;2149;1;25;0;0;0;1;1;8;2;1;4;10;5;0;1;2;2;1;4;1;33;17;55;38;1.61;0.56;2.18;0;0;0;0;0;0;1;1;0;0;3;0;0;0;-1;-1;-1;-1;-1;-1;-1;-1;-1;0;0;0;50;50;0;50;50;0;11.5;4.5;5;1;La Equidad;Deportivo Santaní;1.75;1;1;2;1;2;100;100;100;50;50;75;75;75;2.72;1.23;3.95;1855;4;Y;Y;N;N;N;N;N
558448;624;2856;2019;complete;4577;0;-1;60,72;;2;0;2;7;6;13;2;3;2;2;0;0;15;2;8;2;23;4;11;13;63;37;2;2;1.18;5.8;17.25;1.04;1.33;2;3.65;9;8.5;3.1;1.71;1.25;1.07;3.6;1.25;1.3;3.4;8;1.08;1.01;1.16;4.5;1.56;2.45;11.5;1.44;2.87;15;0;0;0;0;1.8;2.1;0;0;0;1.9;1.66;0;1.02;11.75;12.5;1.12;8;9;1.5;26;0;0;0;0;0;0;0;0;1.4;3.2;8;19;2.75;1.3;1.05;1;0;0;0;0;2;0;0;2;0;2;0;2019-05-23 22:15:00;624;1;50;0;0;0;1;1;4;4;3;2;8;5;0;0;2;2;0;4;1;74;43;91;69;3.02;0.71;3.73;0;0;0;0;0;0;1;1;0;0;2;0;0;0;-1;-1;-1;-1;-1;-1;-1;-1;-1;0;0;0;50;50;0;50;50;0;3.5;1.5;2;1;Corinthians;Deportivo Lara;1.7;0;1;0;1;0;50;50;50;0;0;0;0;0;1.58;0;1.58;1855;2;Y;Y;N;N;N;N;N
558449;4350;4360;2019;complete;4577;0;-1;;;0;0;0;8;6;14;1;2;2;1;0;0;4;5;5;5;9;10;11;15;65;35;2;1;2.3;2.85;3.35;1.09;1.54;2.65;5.3;13;6.2;2.35;1.43;1.13;1.02;2.15;1.62;2.25;1.57;3;1.36;1.33;1.36;1.57;3.2;1.9;4.33;2.75;2.2;3.5;0;0;0;0;1.78;2.1;0;0;0;2.04;1.66;0;1.56;6.4;2.8;1.83;6.5;2.5;3.4;4.75;0;0;0;0;0;0;0;0;1.57;3.75;11;20.75;2.25;1.25;1.05;1.01;0;0;0;0;0;0;0;0;0;0;0;2019-05-23 22:15:00;-1;1;75;50;0;0;1;1;7;4;1;2;11;3;0;1;2;0;1;2;1;64;45;101;67;1.32;1.31;2.62;0;0;0;0;0;0;1;1;0;0;4;0;0;0;-1;-1;-1;-1;-1;-1;-1;-1;-1;0;25;25;100;100;75;75;50;50;7;2.5;4;2.5;Wanderers;Cerro;1.33;1.25;2;2;2;2;100;75;75;0;0;50;25;25;1.85;1.09;2.94;1855;4;N;N;N;N;N;N;N
558450;617;2142;2019;complete;4577;0;-1;3,8,12,33;18;4;1;5;10;1;11;1;2;1;4;0;0;13;5;7;1;20;6;15;10;56;44;1;4;1.62;3.35;5.8;1.1;1.56;2.7;5.4;11;6.1;2.3;1.42;1.12;1.02;2.6;1.45;1.66;2.1;3.75;1.25;1.11;1.34;2.3;2.35;1.91;5.65;2.05;2.2;6;0;0;0;0;1.83;0;0;0;0;1.83;0;0;1.22;7.25;5.25;1.34;6.45;4.35;2.2;8;0;0;0;0;0;0;0;0;1.5;3.8;11;20.25;2.25;1.22;1.01;1.01;0;0;0;0;5;4;1;0;0;0;5;2019-05-24 00:30:00;617;1;25;0;0;0;1;1;5;0;5;1;5;6;0;1;1;3;1;4;1;34;25;61;53;2.41;0.91;3.32;1;1;0;1;1;0;1;1;2;0;0;0;0;0;-1;-1;-1;-1;-1;-1;-1;-1;-1;0;0;25;25;25;25;25;25;0;5.5;3;3;0.75;Fluminense;Atlético Nacional;1.88;1.5;2;0;2;0;50;50;25;25;25;25;25;25;2.24;0;2.24;1855;2;Y;Y;Y;Y;Y;N;Y
558451;4321;2194;2019;complete;4577;0;-1;2,11,13,21,59;;5;0;5;5;2;7;0;2;0;2;0;0;12;3;6;2;18;5;10;18;60;40;0;2;2.2;2.85;3.5;1.11;1.62;2.95;6;13;5.6;2.2;1.36;1.1;1.01;2.4;1.53;2.05;1.61;2.75;1.4;1.38;1.36;1.61;2.9;1.8;4.5;2.62;2.1;3.75;0;0;0;1.72;2.29;0;0;0;2;1.6;0;0;1.51;6.05;3;1.8;6;2.6;2.95;4.4;0;0;0;0;0;0;0;0;1.6;4.5;13;21;2.2;1.17;1.01;1.01;0;0;0;0;5;4;0;1;0;1;4;2019-05-24 00:30:00;4321;1;0;0;0;0;1;1;1;1;4;1;2;5;0;1;0;1;1;1;1;96;95;151;135;2.67;1.23;3.9;1;0;1;0;0;0;1;1;1;0;0;0;0;0;-1;-1;-1;-1;-1;-1;-1;-1;-1;0;0;0;50;50;0;50;50;0;7;2;2;1;CSD Independiente del Valle;Universidad Católica;1.82;1.5;1.5;0;1.5;0;50;50;50;0;0;50;50;25;3.53;0;3.53;1855;2;Y;Y;Y;Y;Y;N;N
558452;725;2140;2019;complete;4577;0;-1;90;;1;0;1;3;3;6;5;1;1;3;0;0;5;2;10;2;15;4;16;26;54;46;1;3;2.5;2.6;3.3;1.18;1.87;3.55;8.25;21;4.4;1.87;1.26;1.05;1;2.9;1.37;1.91;1.69;2.37;1.53;1.23;1.38;1.45;3.4;1.71;4.2;2.85;1.91;3.9;0;0;0;0;1.83;0;0;0;0;1.83;0;0;1.61;6.05;2.75;1.91;4.85;2.6;2.95;4.15;0;0;0;0;0;0;0;0;1.62;4.2;11.25;21;2;1.14;1.01;1.01;0;0;0;0;1;0;0;1;0;1;0;2019-05-24 00:30:00;725;1;0;0;0;0;1;1;1;1;2;2;2;4;0;3;1;0;3;1;1;98;67;166;159;2.02;0.9;2.92;0;0;0;0;0;0;1;1;0;0;1;0;0;0;-1;-1;-1;-1;-1;-1;-1;-1;-1;0;0;0;25;50;0;50;25;0;3.5;1.5;4;0.75;Argentinos Juniors;Deportes Tolima;1.67;0.5;1.5;0;1.5;0;50;50;50;25;0;0;0;0;2.35;0;2.35;1855;2;Y;N;N;N;N;N;N
558453;2845;4357;2019;complete;4577;0;-1;64,82;;2;0;2;5;6;11;1;1;3;3;0;0;7;2;8;3;15;5;12;11;61;39;3;3;1.74;3.3;4.75;1.08;1.47;2.45;4.75;11;6.75;2.55;1.5;1.16;1.03;2.3;1.57;1.9;1.8;3.75;1.25;1.2;1.3;2.1;2.38;2;5.5;2.2;2.3;4.75;0;0;1.29;1.6;1.9;2.8;3.9;3.2;2.15;1.8;1.36;1.2;1.28;7;4.45;1.53;7;3.1;2.4;7;0;0;0;0;0;0;0;0;1.53;3.75;11;19;2.37;1.25;1.05;1.01;0;0;0;0;2;0;0;2;0;2;0;2019-05-28 20:00:00;2845;1;0;0;0;0;1;1;4;2;1;4;6;5;0;1;3;2;1;5;1;77;79;96;121;1.99;1.04;3.03;0;0;0;0;0;0;1;1;0;0;0;1;0;0;-1;-1;-1;-1;-1;-1;-1;-1;-1;0;0;0;0;84;0;0;84;0;5;5.33;5;0.84;Caracas;Liverpool FC Montevideo;1;1.75;0;2.33;0;2.33;100;100;100;100;17;67;0;0;0;0.77;0.77;1855;4;Y;Y;N;N;N;N;N
558454;2808;4328;2019;complete;4577;0;-1;;;0;0;0;2;5;7;5;1;8;1;0;0;6;6;2;10;8;16;20;8;52;48;8;1;2.1;3.35;3.2;1.02;1.24;1.77;2.95;0;10;3.75;1.95;1.36;1.12;1.65;2.1;0;0;0;0;1.25;1.3;1.8;0;0;0;2.3;2.5;3.6;0;0;0;0;0;0;0;0;0;0;0;0;0;0;0;0;0;0;0;0;0;0;0;0;0;0;0;0;1.4;2.75;8;21;2.75;1.4;1.08;1.02;0;0;0;0;0;0;0;0;0;0;0;2019-05-28 22:15:00;-1;1;0;0;0;0;1;1;0;4;2;1;4;3;0;0;8;1;0;9;1;72;75;142;127;1.46;1.98;3.44;0;0;0;0;0;0;1;1;0;0;0;0;0;0;-1;-1;-1;-1;-1;-1;-1;-1;-1;67;67;67;67;100;67;100;67;67;9;6;6;4.34;Melgar;CD Universidad Católica;0.5;1.67;0;2;0;2;34;34;34;34;0;17;17;17;0;1.7;1.7;1855;2;N;N;N;N;N;N;N
558455;707;4364;2019;complete;4577;0;-1;18,25,85;16;3;1;4;4;5;9;3;0;5;5;1;1;7;5;4;5;11;10;20;24;56;44;7;7;1.38;3.9;8.75;1.08;1.48;2.5;4.85;11;6.65;2.5;1.49;1.15;1.03;2.9;1.36;1.44;2.4;4.5;1.18;1.07;1.28;2.8;2.05;1.95;8;1.8;2.4;7;0;0;1.29;1.53;1.8;2.5;3.5;3.2;2.3;1.9;1.44;1.25;1.13;9;6.6;1.33;7;4.5;1.75;12;0;0;0;0;0;0;0;0;1.53;3.75;11;19;2.37;1.25;1.05;1.01;0;0;0;0;4;2;1;1;0;1;3;2019-05-28 22:15:00;707;1;17;0;50;0;1;1;3;1;1;4;4;5;2;2;4;4;4;8;1;50;61;91;73;1.55;1.42;2.97;0;0;0;0;0;0;1;1;0;0;0;0;0;0;-1;-1;-1;-1;-1;-1;-1;-1;-1;0;0;17;50;50;0;34;50;33;9;3.33;4.33;1.17;Colón;River Plate;1.73;0.75;2.33;1;2.33;1;100;100;84;50;50;67;67;33;2.84;0.86;3.7;1855;4;Y;Y;Y;Y;N;N;Y
558456;2804;2190;2019;complete;4577;0;-1;27,43,52;;3;0;3;1;13;14;1;1;0;5;0;0;7;3;3;8;10;11;7;21;58;42;0;5;2.35;3.05;2.95;1.06;1.41;2.3;4.3;9;7.25;2.7;1.57;1.19;1.04;1.95;1.77;2.5;1.41;3;1.36;1.35;1.36;1.53;3.38;2;4;2.8;2.1;3.4;0;0;1.4;1.7;2.2;3.2;4.5;2.7;2;1.57;1.29;1.15;1.8;5.85;2.35;1.91;7;2.2;3.5;4.8;0;0;0;0;0;0;0;0;1.55;4;10;19.5;2.41;1.22;1.04;1.01;0;0;0;0;3;2;0;1;0;1;2;2019-05-29 00:30:00;2804;1;34;50;0;0;1;1;0;7;1;6;7;7;0;4;0;1;4;1;1;65;78;98;84;1.59;1.46;3.06;2;0;2;0;0;0;1;1;0;0;0;2;0;0;-1;-1;-1;-1;-1;-1;-1;-1;-1;0;0;67;100;100;17;84;84;84;10.33;1.67;6.67;2.67;Sporting Cristal;Unión Española;2.25;0.5;3;0.67;3;0.67;100;100;34;0;0;84;67;67;0;1.02;1.02;1855;4;Y;Y;Y;N;N;N;N
558457;620;2199;2019;complete;4577;0;-1;70;;1;0;1;3;5;8;5;2;1;1;0;0;6;2;11;6;17;8;11;23;65;35;1;1;1.3;4.6;9.75;1.03;1.25;1.83;3.1;6;9.75;3.6;1.91;1.33;1.11;2.2;1.61;1.8;1.9;6.5;1.11;1.09;1.2;3;1.9;2.2;9;1.66;2.75;7;0;0;1.2;1.36;1.72;2.15;2.9;3.9;2.8;2;1.6;1.33;1.06;10;9;1.25;8;5;2.05;13;0;0;0;0;0;0;0;0;1.36;2.75;7;21;3;1.4;1.1;1.01;0;0;0;0;1;0;0;1;0;1;0;2019-05-29 00:30:00;620;1;17;0;0;0;1;1;3;5;0;0;8;0;0;0;1;1;0;2;1;76;49;125;101;2.04;1.01;3.05;0;0;0;0;0;0;1;1;0;0;0;3;0;0;-1;-1;-1;-1;-1;-1;-1;-1;-1;0;0;0;17;84;0;17;84;0;8.67;7;3.33;1;Atlético Mineiro;Unión La Calera;2.25;1.25;0;1.67;0;1.67;100;100;100;84;17;17;17;17;0;0.81;0.81;1855;4;Y;N;N;N;N;N;N
558458;702;2147;2019;complete;4577;0;-1;48,60;;2;0;2;5;2;7;3;4;2;4;0;0;6;3;2;2;8;5;23;26;65;35;2;4;1.27;5.1;9.75;1.03;1.26;1.83;3.1;5.5;9.5;3.55;1.87;1.32;1.11;2.4;1.53;1.62;2.05;8;1.08;1.03;1.15;3.3;1.7;2.3;10;1.57;2.85;6.45;0;0;1.25;1.44;1.83;2.3;3.2;3.5;2.5;1.83;1.53;1.29;1.1;9;7.75;1.2;10;5.5;1.75;15;0;0;0;0;0;0;0;0;1.29;2.75;7.5;17;3.3;1.4;1.06;1;0;0;0;0;2;0;0;2;0;2;0;2019-05-28 22:15:00;702;1;100;50;50;0;1;1;5;1;0;1;6;1;1;1;1;3;2;4;1;88;43;124;81;1.57;0.85;2.41;0;0;0;0;0;0;1;1;0;0;1;0;1;0;-1;-1;-1;-1;-1;-1;-1;-1;-1;50;50;67;100;100;67;84;84;67;12.66;4;4.33;3.67;Independiente;Rionegro Águilas;1.88;1.25;2;1.67;2;1.67;50;50;34;0;0;67;67;67;3.11;2.7;5.81;1855;4;Y;Y;N;N;N;N;N
558459;2193;2852;2019;complete;4577;0;-1;;78;0;1;1;13;3;16;0;0;4;1;1;0;9;4;15;3;24;7;19;16;72;28;6;1;1.23;5.45;11.5;1.01;1.18;1.61;2.5;4.33;11.75;4.4;2.2;1.48;1.18;2.1;1.65;1.71;1.91;11;1.05;1.04;1.16;4.33;1.73;2.45;7.5;1.4;3.2;11;0;0;1.3;1.83;2;2.7;3.9;3.1;1.83;1.7;1.4;1.2;1.11;8.75;7.25;1.16;13;5.5;1.83;26;0;0;0;0;0;0;0;0;1.28;2.37;5.5;15;3.5;1.53;1.14;1.03;0;0;0;0;1;0;0;0;1;1;0;2019-05-29 22:15:00;2852;1;67;0;0;0;1;1;7;3;6;0;10;6;0;0;5;1;0;6;1;117;42;100;84;2.97;1.03;4;1;1;0;1;1;0;1;1;0;0;0;1;0;0;-1;-1;-1;-1;-1;-1;-1;-1;-1;0;0;67;67;100;0;84;84;67;10.67;4.33;4.67;2.34;Palestino;Zulia;0;1.88;0;2;0;2;100;100;34;34;0;84;84;84;0;0.77;0.77;1855;2;Y;N;N;N;N;N;N
558460;615;6680;2019;complete;4577;0;-1;8,29,53,71;;4;0;4;4;8;12;1;2;0;2;0;0;10;3;4;6;14;9;6;14;56;44;0;2;1.54;3.8;5.7;1.04;1.3;1.95;3.4;7.5;8.75;3.3;1.77;1.28;1.09;2;1.74;2;1.72;5.5;1.14;1.12;1.28;2.6;2.08;2.24;6;1.83;2.5;5;0;0;1.17;1.36;1.66;2.05;2.8;4.33;2.8;2.1;1.67;1.36;1.3;7.25;4.1;1.4;9.5;3.4;2.4;9.5;0;0;0;0;0;0;0;0;1.36;2.77;8;19;2.94;1.4;1.05;1;0;0;0;0;4;2;0;2;0;2;2;2019-05-29 22:15:00;615;1;0;0;0;0;1;1;2;6;2;2;8;4;0;1;0;1;1;1;1;43;98;73;107;1.89;1.49;3.38;0;0;0;0;0;0;1;1;1;0;1;0;0;1;-1;-1;-1;-1;-1;-1;-1;-1;-1;0;0;17;17;100;0;0;100;17;7.33;1.67;7.67;1.34;Botafogo;Sol de América;2;0.75;3;1;3;1;100;100;84;84;0;50;50;33;0.93;1.21;2.14;1855;4;Y;Y;Y;Y;N;N;N
558461;4358;2132;2019;complete;4577;0;-1;50,73;;2;0;2;1;0;1;3;3;3;3;0;0;6;3;3;11;9;14;13;19;45;55;3;3;1.65;3.3;5.55;1.07;1.44;2.4;4.6;13;6.95;2.6;1.53;1.17;1.04;2.25;1.59;1.72;2;3.75;1.25;1.12;1.33;2.3;2.5;1.8;6;2.05;2.25;5.5;0;0;1.3;1.6;2;2.8;3.9;3.1;2.15;1.72;1.36;1.2;1.26;7;4.75;1.44;6;3.75;2.15;6.7;0;0;0;0;0;0;0;0;1.57;3.75;11;20.5;2.25;1.25;1.05;1.01;0;0;0;0;2;0;0;2;0;2;0;2019-05-29 22:15:00;4358;1;67;0;0;0;-1;1;-1;-1;-1;-1;-1;-1;1;1;2;2;2;4;1;54;52;94;106;1.38;1.47;2.86;0;0;0;0;0;0;1;1;0;0;-1;-1;0;0;-1;-1;-1;-1;-1;-1;-1;-1;-1;0;0;0;67;100;0;17;84;67;8.67;5.33;4.67;1.67;Peñarol;Deportivo Cali;1;1;1;1.33;1;1.33;100;100;100;34;0;84;17;17;0;1.69;1.69;1855;4;Y;Y;N;N;N;N;N
558462;4323;2290;2019;complete;4577;0;-1;22,29,84;34,90;3;2;5;11;6;17;1;1;6;5;0;0;10;4;10;3;20;7;23;20;64;36;6;5;1.23;5.55;11;1.01;1.19;1.65;2.65;5.5;11.25;4.2;2.15;1.43;1.16;2.25;1.59;1.66;2.1;10;1.06;1.05;1.14;3.4;1.73;2.4;7.5;1.57;3;7;0;0;0;1.72;0;0;0;0;2;0;0;0;0;0;0;1.25;13;4;2;15;0;0;0;0;0;0;0;0;1.29;2.55;6.5;17;3.3;1.45;1.08;1.01;0;0;0;0;5;2;1;1;1;2;3;2019-05-30 00:30:00;4323;1;50;100;0;0;1;1;5;0;6;6;5;12;1;1;5;4;2;9;1;128;67;148;105;2.88;1.21;4.09;2;0;2;0;0;0;1;1;0;0;0;0;0;0;-1;-1;-1;-1;-1;-1;-1;-1;-1;0;0;67;67;100;50;50;67;17;9.34;5;5.34;2.33;Macará;Royal Pari;2.25;1;2;2;2;2;100;100;33;33;0;67;33;17;2.11;0.82;2.93;1855;4;Y;Y;Y;Y;Y;N;Y
558463;6679;2149;2019;complete;4577;0;-1;90;70,85;1;2;3;10;0;10;1;3;5;2;2;1;8;4;12;3;20;7;18;14;55;45;9;4;2.85;2.85;2.6;1.1;1.57;2.75;5.5;11;6;2.3;1.41;1.12;1.02;2.2;1.61;2.55;1.39;2.5;1.5;1.44;1.36;1.4;3.5;1.83;3.5;3.1;2.1;3.1;0;0;0;0;1.9;0;0;0;0;1.8;0;0;0;0;0;2.1;6;2.1;4.2;4;0;0;0;0;0;0;0;0;1.57;3.8;11;26;2.25;1.22;1.01;1.01;0;0;0;0;3;0;0;1;2;3;0;2019-05-30 00:30:00;2149;1;17;0;0;0;-1;1;-1;-1;-1;-1;-1;-1;2;1;5;2;3;7;1;98;32;111;89;2.52;0.96;3.48;0;0;0;0;0;0;1;1;0;0;-1;-1;1;0;-1;-1;-1;-1;-1;-1;-1;-1;-1;0;0;0;67;67;0;67;67;0;12.66;3.67;5;1.34;Deportivo Santaní;La Equidad;1;1.75;1.33;1.67;1.33;1.67;100;100;100;34;34;84;84;84;0.86;0.86;1.72;1855;4;Y;Y;Y;N;N;N;Y
558464;2856;624;2019;complete;4577;0;-1;;33,55;0;2;2;8;4;12;1;1;3;2;0;0;9;6;12;5;21;11;12;9;51;49;3;2;3.9;2.85;2.1;1.12;1.65;2.95;6.1;12.25;5.5;2.15;1.35;1.1;1.01;2.5;1.49;2.7;1.35;2;1.72;1.73;1.4;1.2;4.5;1.83;2.8;4.1;2;2.55;0;0;1.29;1.63;2.1;2.7;3.9;3.2;2.23;1.66;1.4;1.2;1.95;6.1;2.1;3.05;5.35;1.67;5;2.7;0;0;0;0;0;0;0;0;1.62;4.2;11.25;21;2;1.14;1.02;1.01;0;0;0;0;2;0;1;0;1;1;1;2019-05-30 20:00:00;624;1;34;0;0;0;1;1;4;2;4;2;6;6;1;0;2;2;1;4;1;71;38;91;101;2.46;1.4;3.85;0;0;0;0;0;0;1;1;0;0;0;0;0;0;-1;-1;-1;-1;-1;-1;-1;-1;-1;0;0;0;100;100;0;34;100;67;10.67;4.67;4;2;Deportivo Lara;Corinthians;0;1.7;0;1.67;0;1.67;100;100;100;0;0;67;67;67;0;1.38;1.38;1855;2;Y;Y;N;N;N;N;N
558465;4360;4350;2019;complete;4577;0;-1;;33;0;1;1;7;3;10;3;2;2;3;1;0;4;4;8;3;12;7;22;13;51;49;4;3;2.9;2.65;2.7;1.14;1.71;3.25;6.8;17;5.1;2;1.3;1.08;1.01;2.5;1.48;2.15;1.54;2.2;1.61;1.37;1.39;1.3;3.9;1.7;3.6;3.4;1.83;3.35;0;0;1.1;1.22;1.64;2.1;2.2;5.5;3.7;2.22;1.66;1.57;1.91;6.25;2.15;2.25;5;2.1;4;3.75;0;0;0;0;0;0;0;0;1.65;4.3;11.5;21;2;1.14;1.02;1.01;0;0;0;0;1;0;1;0;0;0;1;2019-05-30 22:15:00;4350;1;50;0;100;0;1;1;4;1;3;2;5;5;0;3;3;0;3;3;1;100;59;124;98;1.76;1.16;2.92;1;0;0;0;1;0;1;1;0;0;2;1;0;0;-1;-1;-1;-1;-1;-1;-1;-1;-1;0;17;17;67;67;50;50;33;33;9.34;2.66;3.67;1.67;Cerro;Wanderers;1.25;1.33;1.67;1.67;1.67;1.67;100;84;84;33;33;67;50;50;1.5;0.88;2.38;1855;4;Y;N;N;N;N;N;N
558466;2142;617;2019;complete;4577;0;-1;4;;1;0;1;3;4;7;0;3;1;2;0;0;6;3;12;6;18;9;14;11;56;44;1;2;2.15;3.25;3.2;1.03;1.27;1.87;3.15;5.75;9.5;3.5;1.87;1.32;1.1;1.71;2.05;2.75;1.33;4;1.22;1.34;1.34;1.7;2.6;2.05;3.9;2.5;2.5;3.2;0;0;1.22;1.44;1.83;2.38;3.2;3.7;2.5;1.83;1.5;1.29;1.45;6.55;3.15;1.71;9.5;2.25;3.5;5.15;0;0;0;0;0;0;0;0;1.36;2.75;7;21;3;1.4;1.1;1.02;0;0;0;0;1;1;0;0;0;0;1;2019-05-30 00:30:00;2142;1;84;50;0;0;1;1;1;2;2;2;3;4;1;1;0;1;2;1;1;87;62;110;101;2.18;1.23;3.41;0;0;0;0;0;0;1;1;1;0;1;0;0;0;-1;-1;-1;-1;-1;-1;-1;-1;-1;67;67;84;84;84;84;84;17;0;8;4.33;6.33;3.84;Atlético Nacional;Fluminense;1.5;1.88;0;2.33;0;2.33;34;34;17;17;17;84;84;84;0;1.82;1.82;1855;2;Y;N;N;N;N;N;N
558467;2194;4321;2019;complete;4577;0;-1;24,33,74;4,86;3;2;5;15;1;16;3;0;1;5;0;1;11;5;6;1;17;6;16;11;68;32;1;6;1.69;3.55;4.8;1.03;1.28;1.91;3.25;0;9.25;3.4;1.83;1.3;1.1;1.83;1.87;0;0;0;0;0;0;0;0;0;0;0;0;0;0;0;0;0;0;0;0;0;0;0;0;0;0;0;0;0;0;0;0;0;0;0;0;0;0;0;0;0;0;0;0;0;0;0;0;0;0;0;0;0;5;2;1;1;1;2;3;2019-05-31 00:30:00;2194;1;0;0;0;0;1;1;6;1;9;0;7;9;1;2;0;4;3;4;1;107;35;129;88;2.61;0.99;3.61;0;0;0;0;0;0;1;1;0;1;0;0;0;0;-1;-1;-1;-1;-1;-1;-1;-1;-1;67;67;67;100;100;67;100;100;0;8.33;3.33;3.33;4;Universidad Católica;CSD Independiente del Valle;1.5;1.82;0;2;0;2;34;34;34;0;0;34;34;17;0;1.04;1.04;1855;2;Y;Y;Y;Y;Y;N;Y
558468;2140;725;2019;complete;4577;0;-1;;;0;0;0;6;7;13;5;4;6;4;1;1;0;4;8;9;8;13;17;17;64;36;8;6;1.74;3.25;5.05;1.09;1.51;2.6;5.15;9.75;6.35;2.4;1.45;1.14;1.02;2.4;1.51;1.8;1.8;3.75;1.25;1.11;1.25;1.95;2.61;1.9;4.8;2;2.25;5.3;0;0;1.2;1.4;1.83;2.1;3.1;3.9;2.7;1.83;1.66;1.3;1.28;7;4.5;1.45;6.35;3.55;2.3;5.85;0;0;0;0;0;0;0;0;1.56;3.85;10;20;2.1;1.17;1.03;1.01;0;0;0;0;0;0;0;0;0;0;0;2019-05-30 22:15:00;-1;1;0;0;0;0;1;1;4;4;2;3;8;5;1;1;6;4;2;10;1;76;84;101;105;1.06;1.71;2.76;0;0;0;0;0;0;1;1;0;0;0;1;0;0;-1;-1;-1;-1;-1;-1;-1;-1;-1;0;0;0;17;100;0;34;84;0;6.33;3.67;6;1.17;Deportes Tolima;Argentinos Juniors;0.5;1.67;0;2;0;2;100;100;100;84;0;0;0;0;0;1.2;1.2;1855;2;N;N;N;N;N;N;N
579688;2290;2149;2019;complete;4324;0;-1;7;80,90;1;2;3;0;3;3;2;1;3;1;0;0;4;8;3;8;7;16;21;21;33;67;3;1;2;2.95;4;1.11;1.59;2.85;5.75;11.5;5.8;2.25;1.38;1.11;1.01;2.4;1.51;1.91;1.71;0;0;1.25;1.36;1.67;0;0;0;2.5;2.1;4.33;0;0;1.22;1.44;1.8;2.3;3.2;3.7;2.5;1.87;1.53;1.29;1.49;8.34;3.89;0;0;0;2.8;5.5;1.56;3.85;10;20;2.1;1.17;1.02;1;1.67;4.33;15;23;2.1;1.2;1.03;1.01;0;0;0;0;3;1;0;0;2;2;1;2019-07-10 00:30:00;2149;1;50;25;25;0;-1;1;-1;-1;-1;-1;-1;-1;2;0;1;1;2;2;1;57;64;95;124;1.14;2.04;3.18;0;1;0;0;0;1;1;1;1;0;-1;-1;1;0;-1;-1;-1;-1;-1;-1;-1;-1;-1;13;13;50;63;75;38;50;63;25;9.75;3;6;2.13;Royal Pari;La Equidad;1;1.75;1.5;2;1.5;2;88;88;50;38;25;88;75;63;1.16;0.91;2.07;1855;6;Y;Y;Y;N;N;N;Y
579689;2845;4321;2019;complete;4324;0;-1;;;0;0;0;1;4;5;1;1;2;0;0;0;2;3;2;8;4;11;9;11;30;70;2;0;3.5;2.9;2.2;1.09;1.51;2.6;5.15;10;6.35;2.4;1.45;1.14;1.02;2.15;1.62;2.75;1.34;0;0;1.62;1.36;1.29;0;0;0;3.75;2.1;2.62;0;0;1.33;1.67;2.15;2.9;4.33;2.9;2.05;1.6;1.33;1.17;0;0;0;0;0;0;5;3.2;1.63;3.64;9.2;20.5;2.33;1.25;1.03;1;1.57;3.75;13;21;2.25;1.25;1.04;1.02;0;0;0;0;0;0;0;0;0;0;0;2019-07-10 20:00:00;-1;1;13;25;25;0;1;1;1;2;0;2;3;2;0;0;2;0;0;2;1;41;86;75;105;0.7;1.53;2.22;0;0;0;0;0;0;1;1;0;0;1;1;0;0;-1;-1;-1;-1;-1;-1;-1;-1;-1;25;25;25;75;100;25;50;100;38;8.5;2;5;2.5;Caracas;CSD Independiente del Valle;1;1.82;1.5;1.5;1.5;1.5;75;75;75;25;0;88;63;50;1.99;1.02;3.01;1855;4;N;N;N;N;N;N;N
579690;707;725;2019;complete;4324;0;-1;;38;0;1;1;3;3;6;2;0;2;3;0;0;4;3;2;9;6;12;21;19;60;40;2;3;2.1;2.85;3.8;1.14;1.77;3.35;7;14;4.95;2;1.29;1.07;1;2.7;1.42;1.95;1.67;0;0;1.22;1.36;1.67;0;0;0;2.62;2;4;0;0;1.29;1.53;2;2.5;3.7;3.2;2.3;1.62;1.44;1.22;0;0;0;0;0;0;2.75;4.45;1.82;4.35;11.25;20.75;2.06;1.18;1.01;1;1.62;4;13;26;2.2;1.22;1.04;1.01;0;0;0;0;1;0;1;0;0;0;1;2019-07-12 00:30:00;725;1;13;25;0;0;1;1;0;3;3;0;3;3;0;0;2;3;0;5;1;85;65;96;80;1.28;1.43;2.71;0;0;0;0;0;0;1;1;0;0;0;1;0;0;-1;-1;-1;-1;-1;-1;-1;-1;-1;0;13;25;50;75;13;63;63;13;9.75;4.75;7;1.63;Colón;Argentinos Juniors;1.73;1.67;2.5;1.75;2.5;1.75;100;88;75;50;25;50;38;25;2.2;1.45;3.65;1855;6;Y;N;N;N;N;N;N
579691;2149;2290;2019;complete;4324;0;-1;77,86;16;2;1;3;2;9;11;2;1;1;3;0;0;7;4;3;6;10;10;17;10;58;42;1;3;1.59;3.65;6.1;1.05;1.35;2.1;3.8;7.25;8.5;3.1;1.71;1.25;1.08;2.05;1.69;2;1.72;5;1.16;1.08;1.23;2.2;2.1;2.1;5.8;1.9;2.5;5.5;0;0;1.33;1.57;1.9;2.62;3.58;3.24;2.3;1.8;1.45;1.25;1.45;7.5;3.28;1.4;8.5;3.4;2.25;8;1.44;3;9;23;2.62;1.36;1.07;1.01;1.25;2.2;5;13;3.75;1.62;1.17;1.04;0;0;0;0;3;0;1;2;0;2;1;2019-07-17 00:30:00;2149;1;60;50;25;0;-1;1;-1;-1;-1;-1;-1;-1;1;2;0;1;3;1;1;50;74;104;86;1.49;1.44;2.94;0;0;0;0;0;0;1;1;0;0;-1;-1;0;1;-1;-1;-1;-1;-1;-1;-1;-1;-1;10;10;60;70;80;30;60;70;40;8.4;3;5.6;2.3;La Equidad;Royal Pari;1.75;1;2.2;1.2;2.2;1.2;90;90;40;30;20;70;60;50;2.17;1.02;3.19;1855;6;Y;Y;Y;N;N;N;Y
579692;4321;2845;2019;complete;4324;0;-1;62,76;;2;0;2;6;3;9;4;0;2;6;0;0;4;3;9;1;13;4;13;16;77;23;2;6;1.23;5.75;13;1.03;1.24;1.77;2.9;5.45;11;3.9;2;1.38;1.14;2.4;1.53;1.57;2.25;8;1.08;1.02;1.11;3.8;1.67;2.5;8.5;1.5;3;9.5;0;0;1.4;1.71;2.19;2.98;4.32;2.88;2;1.62;1.37;1.2;1.18;9.5;5.85;1.18;10;6;1.71;13.25;1.33;2.62;6.5;19;3.25;1.44;1.11;1.02;1.25;1.95;4.5;10;3.75;1.74;1.17;1.04;0;0;0;0;2;0;0;2;0;2;0;2019-07-18 00:30:00;4321;1;10;0;0;0;1;1;5;2;1;1;7;2;0;3;2;3;3;5;1;74;35;100;75;1.63;0.73;2.36;0;0;0;0;0;0;1;1;0;0;1;0;0;0;-1;-1;-1;-1;-1;-1;-1;-1;-1;20;20;20;57;74;20;40;74;27;7.47;2;4.33;1.9;CSD Independiente del Valle;Caracas;1.82;1;1.4;1.33;1.4;1.33;80;80;80;44;27;64;47;37;3.1;1.51;4.61;1855;4;Y;Y;N;N;N;N;N
579693;725;707;2019;complete;4324;0;-1;;70;0;1;1;4;4;8;2;2;0;0;0;0;3;3;6;2;9;5;17;11;45;55;0;0;2.35;2.85;3.4;1.12;1.65;2.95;6.2;12.75;5.8;2.2;1.38;1.11;1.01;2.35;1.53;2.1;1.66;3;1.36;1.25;1.4;1.61;3.1;1.77;4.45;2.62;2.1;3.75;0;0;1.37;1.65;2.09;2.85;3.98;3.01;2.16;1.69;1.4;1.22;1.96;6.1;2.38;1.8;5.5;2.62;3;4.6;1.61;4;13;21.25;2.2;1.22;1.04;1;1.4;3;8;23;2.75;1.36;1.08;1.01;0;0;0;0;1;0;0;0;1;1;0;2019-07-19 00:30:00;707;1;10;0;0;0;1;-1;4;3;0;1;7;1;0;0;0;0;0;0;1;83;73;121;112;1.39;1.06;2.45;0;0;0;0;0;0;1;1;0;0;0;0;-1;-1;-1;-1;-1;-1;-1;-1;-1;-1;-1;0;10;20;40;80;10;70;50;10;9;4.2;6.6;1.5;Argentinos Juniors;Colón;1.67;1.73;2;2;2;2;100;90;80;60;20;40;30;20;2.18;1.42;3.6;1855;6;Y;N;N;N;N;N;N
579694;2852;2804;2019;complete;4324;0;-1;60;;1;0;1;1;7;8;1;0;2;2;0;0;7;5;6;10;13;15;14;12;36;64;2;2;3;2.95;2.55;1.11;1.59;2.8;5.7;11.75;6.2;2.3;1.42;1.13;1.02;2.25;1.57;2.6;1.42;2.37;1.53;1.44;1.36;1.3;4;1.8;3.4;3.4;2.2;2.87;0;0;1.33;1.67;2.05;2.9;4.33;2.9;2.05;1.65;1.33;1.17;1.85;7;2.28;2.3;6;2;4.4;3.6;1.67;4.2;13;56;2.15;1.22;1.04;1;1.36;2.65;6.5;21;3;1.44;1.1;1.02;0;0;0;0;1;0;0;1;0;1;0;2019-07-23 20:00:00;2852;1;13;0;25;0;1;1;1;1;0;6;2;6;1;0;1;2;1;3;1;46;88;74;89;1.64;1.92;3.56;0;0;0;0;0;0;1;1;0;0;0;0;0;0;-1;-1;-1;-1;-1;-1;-1;-1;-1;0;0;63;63;100;25;75;88;38;4.75;3;2.25;2.25;Zulia;Sporting Cristal;1.88;2.25;2.25;3;2.25;3;100;100;38;38;0;88;88;88;1.43;1.98;3.41;1855;4;Y;N;N;N;N;N;N
579695;4358;617;2019;complete;4324;0;-1;90;16,71;1;2;3;8;0;8;1;0;1;3;0;0;8;6;8;3;16;9;10;24;47;53;1;3;2.2;2.95;3.75;1.1;1.57;2.75;5.55;11.5;6.3;2.35;1.43;1.13;1.02;2.25;1.59;2.15;1.62;2.75;1.4;1.31;1.4;1.6;3.22;1.8;4.4;2.83;2.03;4.05;0;0;0;1.54;2;2.71;0;0;2.48;1.8;1.46;0;1.54;7.25;2.9;1.91;6.15;2.46;3.2;5;1.62;3.92;10.25;34;2.19;1.22;1.02;1;1.42;3.08;7.8;21;2.7;1.33;1.06;1.02;0;0;0;0;3;0;1;1;1;2;1;2019-07-24 00:30:00;617;1;50;25;0;0;-1;1;-1;-1;-1;-1;-1;-1;1;1;0;2;2;2;1;84;33;97;88;2.17;1.24;3.4;0;0;0;0;0;0;1;1;0;0;-1;-1;0;0;-1;-1;-1;-1;-1;-1;-1;-1;-1;13;13;25;75;88;25;38;63;50;8.25;5.5;4.75;2.13;Peñarol;Fluminense;1;1.88;2;1.75;2;1.75;88;88;75;25;13;50;25;25;1.38;1.53;2.91;1855;4;Y;Y;Y;N;N;N;Y
579696;615;620;2019;complete;4324;0;-1;;36;0;1;1;4;2;6;0;2;2;1;1;0;3;9;9;6;12;15;10;11;53;47;4;1;2.85;2.9;2.7;1.1;1.56;2.7;5.45;11.25;6.4;2.4;1.44;1.14;1.03;2.15;1.65;2.65;1.42;2.62;1.44;1.44;1.36;1.4;3.5;1.83;3.5;3.1;2.1;3.1;0;0;1.1;1.25;1.44;1.91;2.3;5.5;3.5;2.5;1.8;1.53;1.94;7.5;2.08;2.1;6;2.1;4;4;1.57;4;11;26;2.25;1.2;1.01;1;1.36;2.62;6.5;21;3;1.44;1.11;1.03;0;0;0;0;1;0;1;0;0;0;1;2019-07-25 00:30:00;620;1;0;0;0;0;1;1;2;1;2;1;3;3;0;0;3;1;0;4;1;51;57;83;84;1.34;1.98;3.32;0;0;0;0;0;0;1;1;0;0;0;0;0;0;-1;-1;-1;-1;-1;-1;-1;-1;-1;0;13;25;25;100;13;13;100;25;7;4.75;4.75;1.63;Botafogo;Atlético Mineiro;2;2.25;3;1.5;3;1.5;100;88;75;75;0;38;38;25;1.41;0.87;2.28;1855;6;Y;N;N;N;N;N;N
579697;624;4350;2019;complete;4324;0;-1;20,86;;2;0;2;6;3;9;0;3;2;3;0;0;5;3;8;2;13;5;18;10;59;41;2;3;1.28;5.1;12;1.05;1.35;2.1;3.8;7.25;8.5;3.1;1.71;1.25;1.08;2.8;1.39;1.43;2.6;6.5;1.11;1.02;1.14;3.4;1.84;2.38;12.09;1.6;2.7;8.75;0;0;1.17;1.34;1.6;2.05;2.6;4.6;3.1;2.26;1.65;1.46;1.12;11.5;8.7;1.26;8.25;4.33;1.61;12;1.45;3.24;7.25;18.5;2.77;1.34;1.06;1.01;1.28;2.3;5;10.5;3.4;1.55;1.14;1.02;0;0;0;0;2;1;0;1;0;1;1;2019-07-26 00:30:00;624;1;38;0;25;0;1;1;5;1;1;2;6;3;1;1;1;2;2;3;1;67;54;81;74;1.65;0.92;2.57;0;0;0;0;0;0;1;1;0;0;1;0;0;0;-1;-1;-1;-1;-1;-1;-1;-1;-1;0;0;0;75;88;13;63;63;25;8.75;2.25;4;1.63;Corinthians;Wanderers;1.7;1.33;2;2;2;2;100;100;100;25;13;63;63;50;2.3;1.02;3.32;1855;6;Y;Y;N;N;N;N;N
579698;702;4328;2019;complete;4324;0;-1;55;;1;0;1;14;1;15;3;0;2;3;0;0;6;0;11;6;17;6;22;14;66;34;2;3;1.5;3.85;7;1.06;1.36;2.1;3.9;7.5;8.5;3.05;1.69;1.24;1.07;2.15;1.62;1.9;1.8;5;1.16;1.12;1.25;2.25;2.05;2.15;6.25;1.9;2.5;5.5;0;0;1.29;1.53;1.95;2.5;3.5;3.2;2.3;1.74;1.44;1.25;1.3;8.5;4.36;1.4;8.5;3.6;2.3;7.75;1.44;3.25;9;26;2.62;1.33;1.07;1.01;1.27;2.32;5.45;10;3.48;1.55;1.12;1.02;0;0;0;0;1;0;0;1;0;1;0;2019-07-26 00:30:00;702;1;38;0;25;0;1;1;8;0;6;1;8;7;1;1;1;2;2;3;1;90;41;128;78;2.14;0.68;2.82;0;0;0;0;0;0;1;1;0;0;1;0;0;0;-1;-1;-1;-1;-1;-1;-1;-1;-1;38;38;50;63;88;38;63;63;63;12.5;3.75;3.75;2.88;Independiente;CD Universidad Católica;1.88;1.67;2.25;1.75;2.25;1.75;63;63;50;38;13;38;38;38;2.34;1.84;4.18;1855;6;Y;N;N;N;N;N;N
579699;2804;2852;2019;complete;4324;0;-1;70,75,90;12,86;3;2;5;11;5;16;-1;-1;1;1;0;0;13;9;14;7;27;16;9;15;75;25;1;1;1.45;3.9;8;1.05;1.36;2.1;3.85;7.5;8.5;3.05;1.69;1.24;1.07;2.2;1.61;1.8;1.9;5.5;1.14;1.08;1.25;2.62;1.94;2.21;8.2;1.76;2.53;7.9;0;0;1.22;1.5;1.83;2.38;3.2;3.7;2.38;1.83;1.5;1.29;1.23;9;4.9;1.36;8.5;4;2;11;1.45;3.1;7.5;19;2.55;1.33;1.06;1.01;1.26;2.32;5.35;13;3.54;1.55;1.13;1.02;0;0;0;0;5;0;1;3;1;4;1;2019-07-30 22:15:00;2804;1;10;0;0;0;1;1;5;3;6;2;8;8;0;0;1;1;0;2;1;102;36;93;58;3.33;1.89;5.22;0;0;0;0;0;0;1;1;0;0;2;1;0;0;-1;-1;-1;-1;-1;-1;-1;-1;-1;0;0;44;44;100;17;54;90;27;6.07;2.53;2.67;1.87;Sporting Cristal;Zulia;2.25;1.88;2;2.4;2;2.4;100;100;57;57;0;64;64;64;1.59;0.9;2.49;1855;4;Y;Y;Y;Y;Y;N;Y
579701;620;615;2019;complete;4324;0;-1;77,86;;2;0;2;6;7;13;1;0;2;1;0;0;11;5;7;11;18;16;16;7;44;56;2;1;1.57;3.75;6;1.04;1.31;1.95;3.45;6.7;9.25;3.35;1.8;1.29;1.09;2;1.74;2.05;1.67;5.5;1.14;1.12;1.22;2.25;2.08;2.23;6.15;1.9;2.55;5.85;0;0;1.13;1.29;1.53;1.87;2.5;5;3.2;2.3;1.83;1.44;1.41;8.5;3.48;1.4;10;3.25;2.5;10;1.35;2.73;6.85;17;2.99;1.41;1.08;1.01;1.23;2.17;4.84;11;3.82;1.63;1.15;1.03;0;0;0;0;2;0;0;2;0;2;0;2019-08-01 00:30:00;620;1;0;0;0;0;1;1;1;6;5;1;7;6;1;1;1;0;2;1;1;78;72;91;87;2.46;1.87;4.33;1;0;1;0;0;0;1;1;0;0;0;1;1;1;-1;-1;-1;-1;-1;-1;-1;-1;-1;0;10;20;20;100;10;37;74;20;6.6;3.87;4.8;1.5;Atlético Mineiro;Botafogo;2.25;2;2;2.4;2;2.4;100;90;80;80;0;30;30;20;2.04;1.12;3.16;1855;6;Y;Y;N;N;N;N;N
579702;4350;624;2019;complete;4324;0;-1;50;47,61;1;2;3;7;6;13;1;1;3;2;0;0;4;6;4;8;8;14;11;11;46;54;3;2;4.1;3.15;2;1.1;1.57;2.75;5.55;11.5;6.3;2.35;1.43;1.13;1.02;2.35;1.54;3.4;1.3;1.9;1.8;1.8;1.36;1.2;4.75;1.95;2.75;4.5;2.2;2.3;0;0;1.29;1.53;1.95;2.05;3.7;3.2;2.3;1.73;1.65;1.22;2.76;7.5;1.59;3;6;1.61;5.8;2.62;1.61;4;13;26;2.2;1.22;1.04;1;1.4;3;7;17;2.75;1.36;1.08;1.02;0;0;0;0;3;0;0;1;2;3;0;2019-08-02 00:30:00;624;1;30;0;0;0;1;1;2;2;5;4;4;9;1;2;2;0;3;2;1;55;54;84;86;1.19;1.69;2.88;0;0;0;0;0;0;1;1;0;0;0;1;0;0;-1;-1;-1;-1;-1;-1;-1;-1;-1;0;0;0;80;90;10;70;70;20;8.8;2.4;4.2;1.7;Wanderers;Corinthians;1.33;1.7;1.6;2.2;1.6;2.2;100;100;100;20;10;70;50;40;1.58;1.39;2.97;1855;6;Y;Y;Y;N;N;N;Y
579703;4328;702;2019;complete;4324;0;-1;20,79,90;49,72;3;2;5;7;1;8;0;1;3;1;1;0;5;4;9;5;14;9;12;10;53;47;4;1;2.1;2.95;3.95;1.11;1.57;2.75;5.6;11.5;6.3;2.35;1.43;1.13;1.02;2.3;1.56;2.2;1.62;3;1.36;1.29;1.36;1.62;2.75;1.95;5;2.62;2.1;3.75;0;0;0;0;0;0;0;0;0;0;0;0;0;0;0;0;0;0;0;0;1.62;4;13;0;2.2;1.22;1.04;0;1.4;2.75;8;21;2.75;1.4;1.08;1.02;0;0;0;0;5;1;0;2;2;4;1;2019-08-02 00:30:00;4328;1;30;25;50;0;1;1;4;0;3;1;4;4;2;0;2;1;2;3;1;95;44;105;93;1.91;1.17;3.09;1;0;1;0;0;0;1;1;0;0;1;0;0;0;-1;-1;-1;-1;-1;-1;-1;-1;-1;30;30;40;50;90;30;50;70;50;13;3.6;4;2.5;CD Universidad Católica;Independiente;1.67;1.88;1.4;2.4;1.4;2.4;70;70;60;50;10;50;50;50;2.5;1.7;4.2;1855;6;Y;Y;Y;Y;Y;N;Y
676882;702;4321;2019;complete;4324;0;-1;74,90;60;2;1;3;15;6;21;3;4;3;2;0;0;11;2;6;5;17;7;16;18;57;43;3;2;1.53;3.75;7;1.07;1.43;2.35;4.45;8.75;7.5;2.75;1.57;1.19;1.05;2.35;1.54;1.62;2.1;4.33;1.2;1.1;1.19;2.45;2.15;2;6.75;1.91;2.3;6.5;0;0;1.29;1.51;1.84;2.38;3.06;3.4;2.45;1.9;1.54;1.34;1.27;8.9;5.05;1.42;6.25;3.6;2.05;10;1.53;3.5;8.75;26;2.35;1.26;1.04;1.01;1.35;2.65;6.25;14;2.95;1.42;1.09;1.01;0;0;0;0;3;0;0;2;1;3;0;2019-08-07 00:30:00;702;1;42;17;33;0;1;1;9;2;6;4;11;10;0;2;3;0;2;3;1;90;47;117;81;2.49;0.93;3.42;1;0;1;0;0;0;1;1;0;0;1;0;0;0;-1;-1;-1;-1;-1;-1;-1;-1;-1;42;42;50;83;92;33;59;92;58;11.5;3.5;3.83;3.09;Independiente;CSD Independiente del Valle;1.88;1.82;2;1.67;2;1.67;59;59;50;17;9;59;50;42;2.27;1.19;3.46;1855;8;Y;Y;Y;N;N;N;Y
676883;2852;707;2019;complete;4324;0;-1;88;;1;0;1;8;4;12;2;0;2;4;0;1;7;0;7;4;14;4;21;16;60;40;2;6;3.7;2.85;2.25;1.14;1.71;3.25;6.9;14.25;5.35;2.05;1.32;1.09;1.01;2.55;1.45;2.65;1.42;2.1;1.66;1.59;1.38;1.22;4.3;1.8;3.1;3.9;1.95;2.7;0;0;1.36;1.65;2;2.71;3.7;3;2.05;1.71;1.44;1.25;2.61;7.4;1.73;2.75;5.35;1.77;4.6;2.85;1.69;4.4;11.75;21.5;2;1.16;1.01;1;1.44;3.25;8;21;2.62;1.33;1.06;1.01;0;0;0;0;1;0;0;1;0;1;0;2019-08-08 20:00:00;2852;1;25;0;17;0;1;1;1;4;7;0;5;7;1;3;1;2;4;3;1;78;37;85;81;1.93;0.53;2.46;0;0;0;0;0;0;1;1;0;0;0;1;0;0;-1;-1;-1;-1;-1;-1;-1;-1;-1;9;17;33;42;92;9;59;75;25;7.66;3.5;3.5;1.92;Zulia;Colón;1.88;1.73;2;2.17;2;2.17;92;83;67;59;9;59;50;42;1.5;1.3;2.8;1855;8;Y;N;N;N;N;N;N
676884;4321;702;2019;complete;4324;0;-1;78;;1;0;1;8;5;13;0;2;2;2;0;1;10;3;9;6;19;9;11;11;73;27;2;3;2.2;3.15;3.45;1.07;1.4;2.25;4.25;8.25;7.75;2.85;1.62;1.21;1.06;1.95;1.8;2.5;1.5;3.4;1.3;1.3;1.36;1.61;3;2;4;2.5;2.3;3.5;0;0;1.17;1.42;1.9;2.1;3.05;4.33;2.79;1.8;1.66;1.37;1.49;6.9;3.2;1.72;8;2.4;3.35;4.8;1.5;3.4;10;26;2.5;1.3;1.06;1.01;1.33;2.38;5.5;13;3.25;1.53;1.12;1.02;0;0;0;0;1;0;0;1;0;1;0;2019-08-14 00:30:00;4321;1;50;17;50;0;1;1;5;4;3;1;9;4;0;1;2;2;1;4;1;130;61;140;62;2.83;1.21;4.04;0;0;0;0;0;0;1;1;0;0;0;1;0;0;-1;-1;-1;-1;-1;-1;-1;-1;-1;36;36;57;86;93;29;50;93;65;12.85;4;4;3.07;CSD Independiente del Valle;Independiente;1.82;1.88;1.43;2.14;1.43;2.14;64;64;43;14;7;64;57;50;2.61;1.52;4.13;1855;8;Y;N;N;N;N;N;N
676885;707;2852;2019;complete;4324;0;-1;47,65,82,89;;4;0;4;5;4;9;0;1;2;6;0;2;7;3;8;6;15;9;13;17;64;36;2;8;1.33;4.6;10.5;1.05;1.34;2.05;3.7;7;8.75;3.15;1.74;1.26;1.08;2.45;1.51;1.57;2.2;6;1.12;1.01;1.16;3.1;1.87;2.25;7.5;1.59;2.7;7;0;0;1.23;1.4;1.69;2.1;2.8;4;2.84;2.1;1.69;1.4;1.35;8.2;4.3;1.22;9;5.45;1.8;10.75;1.43;3.1;7.75;16.75;2.6;1.31;1.04;1;1.3;2.15;5.5;12;3.4;1.62;1.12;1.02;0;0;0;0;4;0;0;4;0;4;0;2019-08-16 00:30:00;707;1;22;17;17;0;1;1;4;1;1;3;5;4;1;2;1;6;3;7;1;92;53;127;69;2.1;1.16;3.26;0;0;0;0;0;0;1;1;0;0;0;0;0;1;-1;-1;-1;-1;-1;-1;-1;-1;-1;7;14;29;36;93;7;50;79;22;8.28;3.28;4.14;1.79;Colón;Zulia;1.73;1.88;1.86;2.14;1.86;2.14;93;86;71;64;7;64;57;50;1.89;1.23;3.12;1855;8;Y;Y;Y;Y;N;N;N
676886;620;2149;2019;complete;4324;0;-1;28,80;7;2;1;3;8;5;13;1;0;3;2;0;1;9;4;12;2;21;6;15;15;70;30;3;3;1.29;5.05;11.5;1.04;1.29;1.95;3.35;6.45;9.5;3.4;1.83;1.3;1.1;2.55;1.47;1.49;2.4;8;1.08;1.05;1.16;3.5;1.72;2.4;10;1.5;2.8;8;0;0;1.17;1.31;1.65;1.83;2.5;4.33;3.36;2.05;1.83;1.44;1.06;12.25;10;1.2;9.5;5.5;1.69;11.75;1.38;2.85;7;15.5;2.75;1.36;1.06;1.01;1.22;2.1;4.33;11;4;1.62;1.2;1.05;0;0;0;0;3;1;1;1;0;1;2;2019-08-21 00:30:00;620;1;25;0;17;0;1;1;2;3;6;2;5;8;2;1;1;2;3;3;1;105;30;96;59;2.7;0.88;3.58;1;1;0;1;1;0;1;1;0;1;0;1;1;0;-1;-1;-1;-1;-1;-1;-1;-1;-1;0;0;25;46;84;0;38;71;38;8.75;4.83;3.42;1.54;Atlético Mineiro;La Equidad;2.25;1.75;2.25;2.33;2.25;2.33;100;100;75;54;17;54;54;46;2.25;1.29;3.54;1855;8;Y;Y;Y;N;N;N;Y
676887;624;617;2019;complete;4324;0;-1;;;0;0;0;9;6;15;2;4;4;2;0;0;6;2;4;3;10;5;14;16;55;45;4;2;1.61;3.5;6.4;1.11;1.61;2.9;5.95;12.25;6;2.25;1.39;1.12;1.02;2.85;1.38;1.66;2.1;3.5;1.28;1.12;1.3;2.2;2.4;1.9;6.5;2.05;2.2;6;0;0;1.23;1.43;1.7;2.15;2.8;3.9;2.72;2.06;1.66;1.4;1.27;8.25;4.65;1.44;5.5;3.75;2.15;6.5;1.61;4;13;31;2.2;1.22;1.04;1.01;1.44;3;7.25;18;2.6;1.34;1.06;1.01;0;0;0;0;0;0;0;0;0;0;0;2019-08-23 00:30:00;-1;1;59;17;17;0;1;1;5;4;4;2;9;6;1;2;3;0;3;3;1;92;48;83;73;1.71;0.81;2.52;0;0;0;0;0;0;1;1;0;0;0;2;0;0;-1;-1;-1;-1;-1;-1;-1;-1;-1;9;17;42;84;92;25;75;75;33;9.67;2.84;4.5;2.42;Corinthians;Fluminense;1.7;1.88;2.33;2.17;2.33;2.17;92;84;58;17;9;50;42;42;2.08;1.43;3.51;1855;8;N;N;N;N;N;N;N
676888;2149;620;2019;complete;4324;0;-1;48;19,51,77;1;3;4;8;2;10;1;0;2;3;0;0;3;4;9;4;12;8;11;13;76;24;2;3;3.15;3.1;2.35;1.07;1.42;2.3;4.35;8.5;7.75;2.8;1.61;1.2;1.05;1.95;1.77;3.4;1.3;2.62;1.44;1.57;1.36;1.3;4;2;3.1;3.35;2.3;2.45;0;0;1.2;1.4;1.72;2.28;2.9;3.9;2.94;2.01;1.63;1.33;1.91;6.95;2.15;2.37;7.5;1.8;4.9;3.35;1.5;3.45;9;18.75;2.35;1.25;1.02;1.01;1.33;2.25;5;12;3.25;1.57;1.14;1.02;0;0;0;0;4;0;1;1;2;3;1;2019-08-28 00:30:00;620;1;39;0;0;0;1;1;4;1;4;1;5;5;0;1;2;2;1;4;1;75;20;118;70;1.51;0.94;2.45;0;0;0;0;0;0;1;1;0;0;0;0;0;0;-1;-1;-1;-1;-1;-1;-1;-1;-1;0;0;39;56;86;17;49;76;32;9.6;4.17;3.89;1.8;La Equidad;Atlético Mineiro;1.75;2.25;2;2.4;2;2.4;100;100;62;45;15;63;63;56;1.94;1.42;3.36;1855;8;Y;Y;Y;Y;N;N;Y
676889;617;624;2019;complete;4324;0;-1;83;55;1;1;2;6;5;11;1;1;3;3;0;0;6;6;3;4;9;10;17;13;50;50;3;3;2.3;3;3.35;1.1;1.53;2.65;5.25;10.75;6.6;2.45;1.47;1.14;1.03;2.15;1.62;2.2;1.61;2.62;1.44;1.3;1.4;1.5;3.24;1.9;4.14;2.9;2.13;3.7;0;0;1.26;1.46;1.75;2.09;2.97;3.6;2.61;2.01;1.7;1.36;1.48;8.25;3;2.1;5;2.3;3.6;4.2;1.63;3.74;9.9;16;2.23;1.26;1.05;1;1.44;2.9;6.8;15;2.66;1.38;1.08;1.02;0;0;0;0;2;0;0;1;1;2;0;2019-08-30 00:30:00;-1;1;50;17;33;0;1;1;1;4;5;1;5;6;1;1;2;2;2;4;1;68;68;81;104;1.48;1.55;3.03;0;0;0;0;0;0;1;1;0;0;0;1;0;1;-1;-1;-1;-1;-1;-1;-1;-1;-1;7;15;36;72;79;22;64;65;29;10.43;3.29;4.72;2.08;Fluminense;Corinthians;1.88;1.7;2;2.14;2;2.14;93;86;65;29;22;57;50;50;2.08;1.49;3.57;1855;8;Y;Y;N;N;N;N;Y
676890;617;4358;2019;complete;4324;0;-1;1,26,48;70;3;1;4;3;5;8;0;2;3;4;0;0;9;5;2;7;11;12;12;15;43;57;3;4;1.81;3.35;3.9;1.07;1.33;2.15;3.75;8;9.5;3.25;1.66;1.25;1.08;1.94;1.79;2.15;1.61;4.33;1.2;1.2;1.28;1.9;2.34;2.1;5.3;2.2;2.39;4.55;0;0;1.26;1.48;1.95;2.3;3;3.6;2.55;1.74;1.58;1.35;1.64;7.95;3.01;1.53;9.5;2.75;2.7;6.05;1.44;2.94;6.9;17;2.61;1.36;1.07;1.01;1.31;2.32;5.05;12;3.2;1.55;1.14;1.03;0;0;0;0;4;2;0;1;1;2;2;2019-07-31 00:30:00;617;1;64;25;50;0;1;1;2;2;1;3;4;4;2;2;1;2;4;3;1;38;75;69;86;1.6;1.64;3.24;0;0;0;0;0;0;1;1;1;0;0;0;0;0;-1;-1;-1;-1;-1;-1;-1;-1;-1;10;10;47;80;90;20;57;70;60;9;4.33;4.4;2.37;Fluminense;Peñarol;1.88;1;2;1.33;2;1.33;90;90;54;20;10;37;20;20;2.33;1.55;3.88;1855;4;Y;Y;Y;Y;N;N;Y
709586;624;4321;2019;complete;4324;0;-1;;44,69;0;2;2;7;3;10;2;2;2;2;0;0;3;4;7;2;10;6;9;18;57;43;2;2;1.67;3.15;6.6;1.11;1.57;2.8;5.65;11.75;6.2;2.3;1.42;1.13;1.02;2.6;1.45;1.61;2.2;3.75;1.25;1.11;1.33;2.1;2.4;1.9;7;2.05;2.1;6.5;0;0;1.29;1.51;1.86;2.38;3.2;3.4;2.45;1.88;1.54;1.32;1.23;9.5;5.55;1.44;5.5;4;2.05;7.25;1.66;4;15;21.25;2.1;1.22;1.03;1;1.44;3;7.5;15;2.62;1.36;1.07;1.02;0;0;0;0;2;0;1;0;1;1;1;2019-09-19 00:30:00;4321;1;38;13;25;0;1;1;0;2;7;1;2;8;2;1;0;1;3;1;1;66;32;100;76;1.32;0.9;2.22;0;0;0;0;0;0;1;1;0;0;0;1;0;0;-1;-1;-1;-1;-1;-1;-1;-1;-1;13;13;26;82;88;13;50;88;38;11;2.88;4.38;2.19;Corinthians;CSD Independiente del Valle;1.7;1.82;2;1.63;2;1.63;88;88;76;19;13;75;63;57;1.99;1.12;3.11;1855;10;Y;Y;N;N;N;N;N
709587;707;620;2019;complete;4324;0;-1;52,86;36;2;1;3;10;3;13;-1;-1;1;1;0;0;5;4;7;2;12;6;6;8;54;46;1;1;2.55;2.85;3.1;1.11;1.59;2.8;5.8;12;6.1;2.3;1.41;1.12;1.02;2.25;1.57;2.4;1.5;2.5;1.5;1.4;1.4;1.4;3.6;1.73;3.75;3.2;2;3.3;0;0;1.23;1.42;1.7;2.13;2.75;4;2.78;2.08;1.66;1.41;1.92;7.3;2.29;2.1;5.5;2.2;3.75;4;1.65;4.5;13;34;2.1;1.17;1.01;1;1.43;2.85;6.65;21;2.7;1.39;1.09;1.02;0;0;0;0;3;0;1;2;0;2;1;2019-09-20 00:30:00;707;1;23;13;17;0;1;1;4;1;6;2;5;8;0;1;1;0;1;1;1;73;26;98;74;1.63;0.86;2.49;0;0;0;0;0;0;1;1;0;0;1;0;0;0;-1;-1;-1;-1;-1;-1;-1;-1;-1;0;21;36;50;94;15;50;79;29;8.92;3.55;4.71;2;Colón;Atlético Mineiro;1.73;2.25;2;2.5;2;2.5;100;79;65;50;7;57;44;29;1.94;1.26;3.2;1855;8;Y;Y;Y;N;N;N;Y
709588;4321;624;2019;complete;4324;0;-1;68,90;29,87;2;2;4;4;1;5;1;1;2;2;0;0;5;3;7;4;12;7;9;10;61;39;2;2;2.3;3.2;3.05;1.07;1.43;2.35;4.45;9;7.5;2.75;1.57;1.19;1.05;2;1.74;2.5;1.5;3.25;1.33;1.37;1.36;1.6;3.06;1.99;4;2.69;2.34;3.58;0;0;1.25;1.46;1.87;2.23;2.9;3.7;2.61;1.8;1.61;1.38;2.08;7.1;2.11;1.98;6.3;2.4;3.6;5;1.53;3.14;7.6;34;2.4;1.33;1.06;1;1.34;2.43;5.35;13;3.1;1.52;1.14;1.02;0;0;0;0;4;0;1;2;1;3;1;2019-09-26 00:30:00;-1;1;33;0;25;0;1;1;3;0;1;1;3;2;0;1;2;1;1;3;1;59;49;91;81;1.53;1.01;2.55;0;1;0;1;0;0;1;1;0;0;0;0;0;0;-1;-1;-1;-1;-1;-1;-1;-1;-1;11;11;22;84;89;11;56;89;33;10.89;3;4.33;2.17;CSD Independiente del Valle;Corinthians;1.82;1.7;1.78;1.78;1.78;1.78;89;89;78;17;11;78;67;50;2.67;1.5;4.17;1855;10;Y;Y;Y;Y;N;N;Y
709589;620;707;2019;complete;4324;0;-1;39,51;82;2;1;3;5;4;9;1;0;3;2;0;0;8;3;8;3;16;6;23;11;52;48;3;2;1.48;4.05;7;1.06;1.38;2.2;4.1;8;8;2.9;1.65;1.22;1.06;2.35;1.54;1.72;2;5;1.16;1.1;1.25;2.59;2.1;2.24;6.35;1.9;2.58;6.05;0;0;1.21;1.38;1.71;2.06;2.65;4.1;2.88;2;1.72;1.44;1.33;8.4;4.42;1.44;7.6;3.9;2;11;1.44;2.9;6.85;26;2.66;1.38;1.08;1.01;1.3;2.29;4.9;12;3.32;1.58;1.15;1.03;0;0;0;0;3;1;0;1;1;2;1;2019-09-27 00:30:00;620;1;33;17;0;0;1;1;5;0;0;4;5;4;0;0;3;2;0;5;1;60;49;90;86;2;0.95;2.95;0;1;0;1;0;0;1;1;0;0;1;0;0;0;-1;-1;-1;-1;-1;-1;-1;-1;-1;0;18;44;57;95;13;57;82;38;9.33;2.82;4.38;2.13;Atlético Mineiro;Colón;2.25;1.73;2.14;2.11;2.14;2.11;100;82;57;44;6;62;51;38;2.4;1.11;3.51;1855;8;Y;Y;Y;N;N;N;Y
733884;4321;707;2019;complete;4324;0;-1;25,42,90;89;3;1;4;2;8;10;1;1;2;0;0;0;4;4;5;5;9;9;12;11;58;42;2;0;2.3;2.95;3.2;1.12;1.57;2.87;6;13;6;2.25;1.4;1.12;1.03;2.25;1.57;2.5;1.5;2.5;1.5;1.44;1.36;1.4;3.6;1.9;3.6;3.2;2.1;3.1;0;0;1.38;1.66;2.1;2.75;3.9;2.9;2.1;1.68;1.41;1.24;1.92;7.1;2.31;2.25;6;2;4;3.75;1.61;4;13;29;2.2;1.22;1.04;1.01;1.4;2.75;8;21;2.75;1.4;1.08;1.01;0;0;0;0;4;2;0;1;1;2;2;2019-11-09 20:30:00;4321;1;30;0;20;0;1;1;1;5;1;3;6;4;0;0;2;0;0;2;1;52;74;88;91;1.23;1.38;2.61;0;1;0;0;0;1;1;1;0;0;1;1;0;0;-1;-1;-1;-1;-1;-1;-1;-1;-1;10;25;45;70;90;15;60;85;40;10.3;2.6;4.6;2.4;CSD Independiente del Valle;Colón;1.82;1.73;1.7;1.9;1.7;1.9;90;75;55;30;10;70;50;35;2.44;1.08;3.52;1855;11;Y;Y;Y;Y;N;N;Y
