ID;HOMEID;AWAYID;SEASON;STATUS;ROUNDID;GAME_WEEK;REVISED_GAME_WEEK;HOMEGOALS;AWAYGOALS;HOMEGOALCOUNT;AWAYGOALCOUNT;TOTALGOALCOUNT;TEAM_A_CORNERS;TEAM_B_CORNERS;TOTALCORNERCOUNT;TEAM_A_OFFSIDES;TEAM_B_OFFSIDES;TEAM_A_YELLOW_CARDS;TEAM_B_YELLOW_CARDS;TEAM_A_RED_CARDS;TEAM_B_RED_CARDS;TEAM_A_SHOTSONTARGET;TEAM_B_SHOTSONTARGET;TEAM_A_SHOTSOFFTARGET;TEAM_B_SHOTSOFFTARGET;TEAM_A_SHOTS;TEAM_B_SHOTS;TEAM_A_FOULS;TEAM_B_FOULS;TEAM_A_POSSESSION;TEAM_B_POSSESSION;TEAM_A_CARDS_NUM;TEAM_B_CARDS_NUM;ODDS_FT_1;ODDS_FT_X;ODDS_FT_2;ODDS_FT_OVER05;ODDS_FT_OVER15;ODDS_FT_OVER25;ODDS_FT_OVER35;ODDS_FT_OVER45;ODDS_FT_UNDER05;ODDS_FT_UNDER15;ODDS_FT_UNDER25;ODDS_FT_UNDER35;ODDS_FT_UNDER45;ODDS_BTTS_YES;ODDS_BTTS_NO;ODDS_TEAM_A_CS_YES;ODDS_TEAM_A_CS_NO;ODDS_TEAM_B_CS_YES;ODDS_TEAM_B_CS_NO;ODDS_DOUBLECHANCE_1X;ODDS_DOUBLECHANCE_12;ODDS_DOUBLECHANCE_X2;ODDS_1ST_HALF_RESULT_1;ODDS_1ST_HALF_RESULT_X;ODDS_1ST_HALF_RESULT_2;ODDS_2ND_HALF_RESULT_1;ODDS_2ND_HALF_RESULT_X;ODDS_2ND_HALF_RESULT_2;ODDS_DNB_1;ODDS_DNB_2;ODDS_CORNERS_OVER_75;ODDS_CORNERS_OVER_85;ODDS_CORNERS_OVER_95;ODDS_CORNERS_OVER_105;ODDS_CORNERS_OVER_115;ODDS_CORNERS_UNDER_75;ODDS_CORNERS_UNDER_85;ODDS_CORNERS_UNDER_95;ODDS_CORNERS_UNDER_105;ODDS_CORNERS_UNDER_115;ODDS_CORNERS_1;ODDS_CORNERS_X;ODDS_CORNERS_2;ODDS_TEAM_TO_SCORE_FIRST_1;ODDS_TEAM_TO_SCORE_FIRST_X;ODDS_TEAM_TO_SCORE_FIRST_2;ODDS_WIN_TO_NIL_1;ODDS_WIN_TO_NIL_2;ODDS_1ST_HALF_OVER05;ODDS_1ST_HALF_OVER15;ODDS_1ST_HALF_OVER25;ODDS_1ST_HALF_OVER35;ODDS_1ST_HALF_UNDER05;ODDS_1ST_HALF_UNDER15;ODDS_1ST_HALF_UNDER25;ODDS_1ST_HALF_UNDER35;ODDS_2ND_HALF_OVER05;ODDS_2ND_HALF_OVER15;ODDS_2ND_HALF_OVER25;ODDS_2ND_HALF_OVER35;ODDS_2ND_HALF_UNDER05;ODDS_2ND_HALF_UNDER15;ODDS_2ND_HALF_UNDER25;ODDS_2ND_HALF_UNDER35;ODDS_BTTS_1ST_HALF_YES;ODDS_BTTS_1ST_HALF_NO;ODDS_BTTS_2ND_HALF_YES;ODDS_BTTS_2ND_HALF_NO;OVERALLGOALCOUNT;HT_GOALS_TEAM_A;HT_GOALS_TEAM_B;GOALS_2HG_TEAM_A;GOALS_2HG_TEAM_B;GOALCOUNT_2HG;HTGOALCOUNT;DATE_UNIX;WINNINGTEAM;NO_HOME_AWAY;BTTS_POTENTIAL;BTTS_FHG_POTENTIAL;BTTS_2HG_POTENTIAL;GOALTIMINGDISABLED;CORNER_TIMINGS_RECORDED;CARD_TIMINGS_RECORDED;TEAM_A_FH_CORNERS;TEAM_B_FH_CORNERS;TEAM_A_2H_CORNERS;TEAM_B_2H_CORNERS;CORNER_FH_COUNT;CORNER_2H_COUNT;TEAM_A_FH_CARDS;TEAM_B_FH_CARDS;TEAM_A_2H_CARDS;TEAM_B_2H_CARDS;TOTAL_FH_CARDS;TOTAL_2H_CARDS;ATTACKS_RECORDED;TEAM_A_DANGEROUS_ATTACKS;TEAM_B_DANGEROUS_ATTACKS;TEAM_A_ATTACKS;TEAM_B_ATTACKS;TEAM_A_XG;TEAM_B_XG;TOTAL_XG;TEAM_A_PENALTIES_WON;TEAM_B_PENALTIES_WON;TEAM_A_PENALTY_GOALS;TEAM_B_PENALTY_GOALS;TEAM_A_PENALTY_MISSED;TEAM_B_PENALTY_MISSED;PENS_RECORDED;GOAL_TIMINGS_RECORDED;TEAM_A_0_10_MIN_GOALS;TEAM_B_0_10_MIN_GOALS;TEAM_A_CORNERS_0_10_MIN;TEAM_B_CORNERS_0_10_MIN;TEAM_A_CARDS_0_10_MIN;TEAM_B_CARDS_0_10_MIN;THROWINS_RECORDED;TEAM_A_THROWINS;TEAM_B_THROWINS;FREEKICKS_RECORDED;TEAM_A_FREEKICKS;TEAM_B_FREEKICKS;GOALKICKS_RECORDED;TEAM_A_GOALKICKS;TEAM_B_GOALKICKS;O45_POTENTIAL;O35_POTENTIAL;O25_POTENTIAL;O15_POTENTIAL;O05_POTENTIAL;O15HT_POTENTIAL;O05HT_POTENTIAL;O05_2H_POTENTIAL;O15_2H_POTENTIAL;CORNERS_POTENTIAL;OFFSIDES_POTENTIAL;CARDS_POTENTIAL;AVG_POTENTIAL;HOME_NAME;AWAY_NAME;HOME_PPG;AWAY_PPG;PRE_MATCH_HOME_PPG;PRE_MATCH_AWAY_PPG;PRE_MATCH_TEAMA_OVERALL_PPG;PRE_MATCH_TEAMB_OVERALL_PPG;U45_POTENTIAL;U35_POTENTIAL;U25_POTENTIAL;U15_POTENTIAL;U05_POTENTIAL;CORNERS_O85_POTENTIAL;CORNERS_O95_POTENTIAL;CORNERS_O105_POTENTIAL;TEAM_A_XG_PREMATCH;TEAM_B_XG_PREMATCH;TOTAL_XG_PREMATCH;COMPETITION_ID;MATCHES_COMPLETED_MINIMUM;OVER05;OVER15;OVER25;OVER35;OVER45;OVER55;BTTS
395405;2856;2131;2016;complete;3017;0;-1;3;1,76,85;1;3;4;0;3;3;0;1;0;2;0;0;4;0;5;7;9;7;13;12;50;50;0;2;0;0;0;0;0;0;0;0;0;0;0;0;0;0;0;0;0;0;0;0;0;0;0;0;0;0;0;0;0;0;0;0;0;0;0;0;0;0;0;0;0;0;0;0;0;0;0;0;0;0;0;0;0;0;0;0;0;0;0;0;0;0;0;0;0;0;0;0;4;1;1;0;2;2;2;2016-08-09 22:00:00;2131;1;0;0;0;0;-1;1;-1;-1;-1;-1;-1;-1;0;1;0;1;1;1;-1;0;0;0;0;0;0;0;0;0;0;0;0;0;1;1;1;1;-1;-1;0;0;-1;-1;-1;-1;-1;-1;-1;-1;-1;0;0;0;0;0;0;0;0;0;0;0;0;0;Deportivo Lara;Junior;0;1.88;0;0;0;0;0;0;0;0;0;0;0;0;0;0;0;1397;2;Y;Y;Y;Y;N;N;Y
395406;6677;4358;2016;complete;3017;0;-1;;;0;0;0;7;5;12;0;1;1;4;0;0;5;5;7;6;12;11;16;25;50;50;1;4;0;0;0;0;0;0;0;0;0;0;0;0;0;0;0;0;0;0;0;0;0;0;0;0;0;0;0;0;0;0;0;0;0;0;0;0;0;0;0;0;0;0;0;0;0;0;0;0;0;0;0;0;0;0;0;0;0;0;0;0;0;0;0;0;0;0;0;0;0;0;0;0;0;0;0;2016-08-09 22:15:00;-1;1;0;0;0;0;-1;1;-1;-1;-1;-1;-1;-1;0;1;1;3;1;4;-1;0;0;0;0;0;0;0;0;0;0;0;0;0;1;1;0;0;-1;-1;0;0;-1;-1;-1;-1;-1;-1;-1;-1;-1;0;0;0;0;0;0;0;0;0;0;0;0;0;Sportivo Luqueño;Peñarol;1.25;1;0;0;0;0;0;0;0;0;0;0;0;0;0;0;0;1397;2;N;N;N;N;N;N;N
395407;4362;6675;2016;complete;3017;0;-1;4;;1;0;1;3;5;8;1;0;3;4;0;1;4;5;5;10;9;15;13;21;50;50;3;6;0;0;0;0;0;0;0;0;0;0;0;0;0;0;0;0;0;0;0;0;0;0;0;0;0;0;0;0;0;0;0;0;0;0;0;0;0;0;0;0;0;0;0;0;0;0;0;0;0;0;0;0;0;0;0;0;0;0;0;0;0;0;0;0;0;0;0;0;1;1;0;0;0;0;1;2016-08-10 00:15:00;4362;1;0;0;0;0;-1;1;-1;-1;-1;-1;-1;-1;1;2;2;3;3;5;-1;0;0;0;0;0;0;0;0;0;0;0;0;0;1;1;1;0;-1;-1;0;0;-1;-1;-1;-1;-1;-1;-1;-1;-1;0;0;0;0;0;0;0;0;0;0;0;0;0;Fénix;Cerro Porteño;1.5;1.8;0;0;0;0;0;0;0;0;0;0;0;0;0;0;0;1397;2;Y;N;N;N;N;N;N
395408;2263;2194;2016;complete;3017;0;-1;9,48,51;74;3;1;4;4;10;14;3;1;2;1;1;0;4;6;9;8;13;14;17;9;50;50;3;1;0;0;0;0;0;0;0;0;0;0;0;0;0;0;0;0;0;0;0;0;0;0;0;0;0;0;0;0;0;0;0;0;0;0;0;0;0;0;0;0;0;0;0;0;0;0;0;0;0;0;0;0;0;0;0;0;0;0;0;0;0;0;0;0;0;0;0;0;4;1;0;2;1;3;1;2016-08-10 00:30:00;2263;1;0;0;0;0;-1;1;-1;-1;-1;-1;-1;-1;1;1;2;0;2;2;-1;0;0;0;0;0;0;0;0;0;0;0;0;0;1;1;1;0;-1;-1;0;0;-1;-1;-1;-1;-1;-1;-1;-1;-1;0;0;0;0;0;0;0;0;0;0;0;0;0;Real Potosí;Universidad Católica;1;0.5;0;0;0;0;0;0;0;0;0;0;0;0;0;0;0;1397;2;Y;Y;Y;Y;N;N;Y
395409;2799;4326;2016;complete;3017;0;-1;;52,62,81;0;3;3;6;4;10;2;2;2;2;0;0;4;4;5;10;9;14;10;21;50;50;2;2;0;0;0;0;0;0;0;0;0;0;0;0;0;0;0;0;0;0;0;0;0;0;0;0;0;0;0;0;0;0;0;0;0;0;0;0;0;0;0;0;0;0;0;0;0;0;0;0;0;0;0;0;0;0;0;0;0;0;0;0;0;0;0;0;0;0;0;0;3;0;0;0;3;3;0;2016-08-10 02:30:00;4326;1;0;0;0;0;-1;1;-1;-1;-1;-1;-1;-1;1;0;1;2;1;3;-1;0;0;0;0;0;0;0;0;0;0;0;0;0;1;1;0;0;-1;-1;0;0;-1;-1;-1;-1;-1;-1;-1;-1;-1;0;0;0;0;0;0;0;0;0;0;0;0;0;Universitario;CS Emelec;0;1.75;0;0;0;0;0;0;0;0;0;0;0;0;0;0;0;1397;2;Y;Y;Y;N;N;N;N
395410;2196;2267;2016;complete;3017;0;-1;50,60;;2;0;2;4;2;6;2;2;2;4;0;1;2;0;10;3;12;3;14;14;50;50;2;6;0;0;0;0;0;0;0;0;0;0;0;0;0;0;0;0;0;0;0;0;0;0;0;0;0;0;0;0;0;0;0;0;0;0;0;0;0;0;0;0;0;0;0;0;0;0;0;0;0;0;0;0;0;0;0;0;0;0;0;0;0;0;0;0;0;0;0;0;2;0;0;2;0;2;0;2016-08-10 22:00:00;2196;1;0;0;0;0;-1;1;-1;-1;-1;-1;-1;-1;0;1;2;4;1;6;-1;0;0;0;0;0;0;0;0;0;0;0;0;0;1;1;0;0;-1;-1;0;0;-1;-1;-1;-1;-1;-1;-1;-1;-1;0;0;0;0;0;0;0;0;0;0;0;0;0;Univ. Concepción;Bolívar;1.5;1;0;0;0;0;0;0;0;0;0;0;0;0;0;0;0;1397;2;Y;Y;N;N;N;N;N
395411;4350;2191;2016;complete;3017;0;-1;;;0;0;0;7;6;13;5;1;1;2;1;0;3;4;2;5;5;9;13;25;50;50;2;2;0;0;0;0;0;0;0;0;0;0;0;0;0;0;0;0;0;0;0;0;0;0;0;0;0;0;0;0;0;0;0;0;0;0;0;0;0;0;0;0;0;0;0;0;0;0;0;0;0;0;0;0;0;0;0;0;0;0;0;0;0;0;0;0;0;0;0;0;0;0;0;0;0;0;0;2016-08-11 00:00:00;-1;1;0;0;0;0;-1;1;-1;-1;-1;-1;-1;-1;0;1;2;1;1;3;-1;0;0;0;0;0;0;0;0;0;0;0;0;0;1;1;0;0;-1;-1;0;0;-1;-1;-1;-1;-1;-1;-1;-1;-1;0;0;0;0;0;0;0;0;0;0;0;0;0;Wanderers;O'Higgins;1.67;1;0;0;0;0;0;0;0;0;0;0;0;0;0;0;0;1397;2;N;N;N;N;N;N;N
395412;6680;2265;2016;complete;3017;0;-1;81;52;1;1;2;6;2;8;0;1;1;5;0;0;7;4;11;4;18;8;25;19;50;50;1;5;0;0;0;0;0;0;0;0;0;0;0;0;0;0;0;0;0;0;0;0;0;0;0;0;0;0;0;0;0;0;0;0;0;0;0;0;0;0;0;0;0;0;0;0;0;0;0;0;0;0;0;0;0;0;0;0;0;0;0;0;0;0;0;0;0;0;0;0;2;0;0;1;1;2;0;2016-08-11 00:00:00;-1;1;0;0;0;0;-1;1;-1;-1;-1;-1;-1;-1;0;3;1;2;3;3;-1;0;0;0;0;0;0;0;0;0;0;0;0;0;1;1;0;0;-1;-1;0;2;-1;-1;-1;-1;-1;-1;-1;-1;-1;0;0;0;0;0;0;0;0;0;0;0;0;0;Sol de América;Wilstermann;1.17;1;0;0;0;0;0;0;0;0;0;0;0;0;0;0;0;1397;2;Y;Y;N;N;N;N;Y
395413;4322;2857;2016;complete;3017;0;-1;54;82;1;1;2;4;1;5;0;0;4;2;0;0;4;5;5;5;9;10;18;21;50;50;4;2;0;0;0;0;0;0;0;0;0;0;0;0;0;0;0;0;0;0;0;0;0;0;0;0;0;0;0;0;0;0;0;0;0;0;0;0;0;0;0;0;0;0;0;0;0;0;0;0;0;0;0;0;0;0;0;0;0;0;0;0;0;0;0;0;0;0;0;0;2;0;0;1;1;2;0;2016-08-11 02:15:00;-1;1;0;0;0;0;-1;1;-1;-1;-1;-1;-1;-1;2;1;2;1;3;3;-1;0;0;0;0;0;0;0;0;1;0;1;0;0;1;1;0;0;-1;-1;0;0;-1;-1;-1;-1;-1;-1;-1;-1;-1;0;0;0;0;0;0;0;0;0;0;0;0;0;Barcelona;Zamora;1;0.5;0;0;0;0;0;0;0;0;0;0;0;0;0;0;0;1397;2;Y;Y;N;N;N;N;Y
395414;2137;4328;2016;complete;3017;0;-1;21;78;1;1;2;2;5;7;1;0;0;2;0;0;6;4;9;5;15;9;9;14;50;50;0;2;0;0;0;0;0;0;0;0;0;0;0;0;0;0;0;0;0;0;0;0;0;0;0;0;0;0;0;0;0;0;0;0;0;0;0;0;0;0;0;0;0;0;0;0;0;0;0;0;0;0;0;0;0;0;0;0;0;0;0;0;0;0;0;0;0;0;0;0;2;1;0;0;1;1;1;2016-08-11 02:30:00;-1;1;0;0;0;0;-1;1;-1;-1;-1;-1;-1;-1;0;0;0;2;0;2;-1;0;0;0;0;0;0;0;0;0;0;0;0;0;1;1;0;0;-1;-1;0;0;-1;-1;-1;-1;-1;-1;-1;-1;-1;0;0;0;0;0;0;0;0;0;0;0;0;0;Independiente Medellín;CD Universidad Católica;1.38;0.5;0;0;0;0;0;0;0;0;0;0;0;0;0;0;0;1397;2;Y;Y;N;N;N;N;Y
395415;4331;2806;2016;complete;3017;0;-1;35,37;19;2;1;3;8;1;9;3;0;4;3;0;0;9;4;7;6;16;10;24;20;50;50;4;3;0;0;0;0;0;0;0;0;0;0;0;0;0;0;0;0;0;0;0;0;0;0;0;0;0;0;0;0;0;0;0;0;0;0;0;0;0;0;0;0;0;0;0;0;0;0;0;0;0;0;0;0;0;0;0;0;0;0;0;0;0;0;0;0;0;0;0;0;3;2;1;0;0;0;3;2016-08-11 21:30:00;4331;1;0;0;0;0;-1;1;-1;-1;-1;-1;-1;-1;2;1;2;2;3;4;-1;0;0;0;0;0;0;0;0;0;0;0;0;0;1;1;0;0;-1;-1;0;0;-1;-1;-1;-1;-1;-1;-1;-1;-1;0;0;0;0;0;0;0;0;0;0;0;0;0;SD Aucas;Real Garcilaso;1.5;1;0;0;0;0;0;0;0;0;0;0;0;0;0;0;0;1397;2;Y;Y;Y;N;N;N;Y
395416;2853;2812;2016;complete;3017;0;-1;35,84;9;2;1;3;14;1;15;2;2;3;0;0;1;12;3;9;0;21;3;20;9;50;50;3;2;0;0;0;0;0;0;0;0;0;0;0;0;0;0;0;0;0;0;0;0;0;0;0;0;0;0;0;0;0;0;0;0;0;0;0;0;0;0;0;0;0;0;0;0;0;0;0;0;0;0;0;0;0;0;0;0;0;0;0;0;0;0;0;0;0;0;0;0;3;1;1;1;0;1;2;2016-08-11 21:45:00;2853;1;0;0;0;0;-1;1;-1;-1;-1;-1;-1;-1;1;1;2;0;2;2;-1;0;0;0;0;0;0;0;0;0;0;0;0;0;1;1;0;1;-1;-1;0;1;-1;-1;-1;-1;-1;-1;-1;-1;-1;0;0;0;0;0;0;0;0;0;0;0;0;0;Deportivo Anzoátegui;Sport Huancayo;1.5;1;0;0;0;0;0;0;0;0;0;0;0;0;0;0;0;1397;2;Y;Y;Y;N;N;N;Y
395417;2262;4351;2016;complete;3017;0;-1;19;;1;0;1;2;4;6;3;5;1;4;0;0;3;4;1;3;4;7;26;19;50;50;1;4;0;0;0;0;0;0;0;0;0;0;0;0;0;0;0;0;0;0;0;0;0;0;0;0;0;0;0;0;0;0;0;0;0;0;0;0;0;0;0;0;0;0;0;0;0;0;0;0;0;0;0;0;0;0;0;0;0;0;0;0;0;0;0;0;0;0;0;0;1;1;0;0;0;0;1;2016-08-11 23:00:00;2262;1;0;0;0;0;-1;1;-1;-1;-1;-1;-1;-1;1;2;0;2;3;2;-1;0;0;0;0;0;0;0;0;0;0;0;0;0;1;1;0;0;-1;-1;0;0;-1;-1;-1;-1;-1;-1;-1;-1;-1;0;0;0;0;0;0;0;0;0;0;0;0;0;Blooming;Plaza Colonia;1;1.5;0;0;0;0;0;0;0;0;0;0;0;0;0;0;0;1397;2;Y;N;N;N;N;N;N
395418;2193;6674;2016;complete;3017;0;-1;26;;1;0;1;4;9;13;2;6;3;3;0;0;2;6;5;7;7;13;13;8;50;50;3;3;0;0;0;0;0;0;0;0;0;0;0;0;0;0;0;0;0;0;0;0;0;0;0;0;0;0;0;0;0;0;0;0;0;0;0;0;0;0;0;0;0;0;0;0;0;0;0;0;0;0;0;0;0;0;0;0;0;0;0;0;0;0;0;0;0;0;0;0;1;1;0;0;0;0;1;2016-08-11 23:45:00;2193;1;0;0;0;0;-1;1;-1;-1;-1;-1;-1;-1;1;1;2;2;2;4;-1;0;0;0;0;0;0;0;0;0;0;0;0;0;1;1;0;0;-1;-1;0;0;-1;-1;-1;-1;-1;-1;-1;-1;-1;0;0;0;0;0;0;0;0;0;0;0;0;0;Palestino;Libertad;2;0;0;0;0;0;0;0;0;0;0;0;0;0;0;0;0;1397;2;Y;N;N;N;N;N;N
395419;2140;2846;2016;complete;3017;0;-1;;;0;0;0;6;1;7;0;2;3;2;0;0;6;3;9;2;15;5;11;11;50;50;3;2;0;0;0;0;0;0;0;0;0;0;0;0;0;0;0;0;0;0;0;0;0;0;0;0;0;0;0;0;0;0;0;0;0;0;0;0;0;0;0;0;0;0;0;0;0;0;0;0;0;0;0;0;0;0;0;0;0;0;0;0;0;0;0;0;0;0;0;0;0;0;0;0;0;0;0;2016-08-12 01:15:00;-1;1;0;0;0;0;-1;1;-1;-1;-1;-1;-1;-1;2;0;1;2;2;3;-1;0;0;0;0;0;0;0;0;0;0;0;0;0;1;1;0;0;-1;-1;0;0;-1;-1;-1;-1;-1;-1;-1;-1;-1;0;0;0;0;0;0;0;0;0;0;0;0;0;Deportes Tolima;Deportivo La Guaira;0.5;1.33;0;0;0;0;0;0;0;0;0;0;0;0;0;0;0;1397;2;N;N;N;N;N;N;N
395420;2805;2142;2016;complete;3017;0;-1;;30,59,66,77,89;0;5;5;1;3;4;3;3;1;1;0;0;2;2;4;2;6;4;6;17;50;50;1;1;0;0;0;0;0;0;0;0;0;0;0;0;0;0;0;0;0;0;0;0;0;0;0;0;0;0;0;0;0;0;0;0;0;0;0;0;0;0;0;0;0;0;0;0;0;0;0;0;0;0;0;0;0;0;0;0;0;0;0;0;0;0;0;0;0;0;0;0;5;0;1;0;4;4;1;2016-08-12 02:00:00;2142;1;0;0;0;0;-1;1;-1;-1;-1;-1;-1;-1;1;1;0;0;2;0;-1;0;0;0;0;0;0;0;0;0;0;0;0;0;1;1;0;0;-1;-1;1;0;-1;-1;-1;-1;-1;-1;-1;-1;-1;0;0;0;0;0;0;0;0;0;0;0;0;0;Deportivo Municipal;Atlético Nacional;0;2;0;0;0;0;0;0;0;0;0;0;0;0;0;0;0;1397;2;Y;Y;Y;Y;Y;N;N
395421;2267;2196;2016;complete;3017;0;-1;4,10,87;;3;0;3;4;1;5;1;1;1;3;0;0;5;2;6;3;11;5;20;16;50;50;1;3;0;0;0;0;0;0;0;0;0;0;0;0;0;0;0;0;0;0;0;0;0;0;0;0;0;0;0;0;0;0;0;0;0;0;0;0;0;0;0;0;0;0;0;0;0;0;0;0;0;0;0;0;0;0;0;0;0;0;0;0;0;0;0;0;0;0;0;0;3;2;0;1;0;1;2;2016-08-16 21:00:00;2267;1;0;0;0;0;-1;1;-1;-1;-1;-1;-1;-1;1;3;0;0;4;0;-1;0;0;0;0;0;0;0;0;0;0;0;0;0;1;1;2;0;-1;-1;1;0;-1;-1;-1;-1;-1;-1;-1;-1;-1;0;0;0;100;100;0;0;100;100;6;4;8;2;Bolívar;Univ. Concepción;1;1.5;0;3;0;3;100;100;100;0;0;0;0;0;0;0;0;1397;2;Y;Y;Y;N;N;N;N
395422;4358;6677;2016;complete;3017;0;-1;90;90;1;1;2;6;2;8;2;0;1;5;1;0;8;0;9;5;17;5;13;18;50;50;3;5;0;0;0;0;0;0;0;0;0;0;0;0;0;0;0;0;0;0;0;0;0;0;0;0;0;0;0;0;0;0;0;0;0;0;0;0;0;0;0;0;0;0;0;0;0;0;0;0;0;0;0;0;0;0;0;0;0;0;0;0;0;0;0;0;0;0;0;0;2;0;0;1;1;2;0;2016-08-16 23:30:00;-1;1;0;0;0;0;-1;1;-1;-1;-1;-1;-1;-1;0;2;2;3;2;5;-1;0;0;0;0;0;0;0;0;0;0;0;0;0;1;1;0;0;-1;-1;0;0;-1;-1;-1;-1;-1;-1;-1;-1;-1;0;0;0;0;0;0;0;0;0;12;1;5;0;Peñarol;Sportivo Luqueño;1;1.25;1;1;1;1;100;100;100;100;100;100;100;100;0;0;0;1397;2;Y;Y;N;N;N;N;Y
395423;2191;4350;2016;complete;3017;0;-1;;;0;0;0;8;5;13;2;5;2;3;0;0;9;4;8;2;17;6;17;13;50;50;2;3;0;0;0;0;0;0;0;0;0;0;0;0;0;0;0;0;0;0;0;0;0;0;0;0;0;0;0;0;0;0;0;0;0;0;0;0;0;0;0;0;0;0;0;0;0;0;0;0;0;0;0;0;0;0;0;0;0;0;0;0;0;0;0;0;0;0;0;0;0;0;0;0;0;0;0;2016-08-16 23:30:00;-1;1;0;0;0;0;-1;1;-1;-1;-1;-1;-1;-1;1;2;1;1;3;2;-1;0;0;0;0;0;0;0;1;0;0;0;1;0;1;1;0;0;-1;-1;0;1;-1;-1;-1;-1;-1;-1;-1;-1;-1;0;0;0;0;0;0;0;0;0;13;6;4;0;O'Higgins;Wanderers;1;1.67;1;1;1;1;100;100;100;100;100;100;100;100;0;0;0;1397;2;N;N;N;N;N;N;N
395424;2131;2856;2016;complete;3017;0;-1;44,52;63;2;1;3;4;2;6;2;3;2;3;1;0;0;2;3;2;3;4;26;18;50;50;4;3;0;0;0;0;0;0;0;0;0;0;0;0;0;0;0;0;0;0;0;0;0;0;0;0;0;0;0;0;0;0;0;0;0;0;0;0;0;0;0;0;0;0;0;0;0;0;0;0;0;0;0;0;0;0;0;0;0;0;0;0;0;0;0;0;0;0;0;0;3;1;0;1;1;2;1;2016-08-17 02:00:00;2131;1;100;0;0;0;-1;1;-1;-1;-1;-1;-1;-1;0;1;3;2;1;5;-1;0;0;0;0;0;0;0;1;0;0;0;1;0;1;1;0;0;-1;-1;0;0;-1;-1;-1;-1;-1;-1;-1;-1;-1;0;100;100;100;100;100;100;100;100;3;1;2;4;Junior;Deportivo Lara;1.88;0;3;0;3;0;100;0;0;0;0;0;0;0;0;0;0;1397;2;Y;Y;Y;N;N;N;Y
395425;4326;2799;2016;complete;3017;0;-1;22,38,69;33;3;1;4;4;3;7;4;3;1;2;0;0;11;4;4;4;15;8;8;10;50;50;1;2;0;0;0;0;0;0;0;0;0;0;0;0;0;0;0;0;0;0;0;0;0;0;0;0;0;0;0;0;0;0;0;0;0;0;0;0;0;0;0;0;0;0;0;0;0;0;0;0;0;0;0;0;0;0;0;0;0;0;0;0;0;0;0;0;0;0;0;0;4;2;1;1;0;1;3;2016-08-17 02:00:00;4326;1;0;0;0;0;-1;1;-1;-1;-1;-1;-1;-1;1;2;0;0;3;0;-1;0;0;0;0;0;0;0;1;0;1;0;0;0;1;1;0;0;-1;-1;0;0;-1;-1;-1;-1;-1;-1;-1;-1;-1;0;0;100;100;100;0;0;100;100;10;4;4;3;CS Emelec;Universitario;1.75;0;3;0;3;0;100;100;0;0;0;100;100;0;0;0;0;1397;2;Y;Y;Y;Y;N;N;Y
395426;4328;2137;2016;complete;3017;0;-1;;41;0;1;1;5;2;7;1;0;2;1;1;0;7;7;7;7;14;14;14;11;50;50;4;1;0;0;0;0;0;0;0;0;0;0;0;0;0;0;0;0;0;0;0;0;0;0;0;0;0;0;0;0;0;0;0;0;0;0;0;0;0;0;0;0;0;0;0;0;0;0;0;0;0;0;0;0;0;0;0;0;0;0;0;0;0;0;0;0;0;0;0;0;1;0;1;0;0;0;1;2016-08-17 21:30:00;2137;1;100;0;0;0;-1;1;-1;-1;-1;-1;-1;-1;1;0;2;1;1;3;-1;0;0;0;0;0;0;0;0;0;0;0;0;0;1;1;0;0;-1;-1;0;0;-1;-1;-1;-1;-1;-1;-1;-1;-1;0;0;0;100;100;0;100;100;0;7;1;2;2;CD Universidad Católica;Independiente Medellín;0.5;1.38;1;1;1;1;100;100;100;0;0;0;0;0;0;0;0;1397;2;Y;N;N;N;N;N;N
395427;4351;2262;2016;complete;3017;0;-1;51;;1;0;1;3;0;3;2;3;3;5;0;2;8;0;13;4;21;4;14;35;50;50;3;8;0;0;0;0;0;0;0;0;0;0;0;0;0;0;0;0;0;0;0;0;0;0;0;0;0;0;0;0;0;0;0;0;0;0;0;0;0;0;0;0;0;0;0;0;0;0;0;0;0;0;0;0;0;0;0;0;0;0;0;0;0;0;0;0;0;0;0;0;1;0;0;1;0;1;0;2016-08-17 21:30:00;4351;1;0;0;0;0;-1;1;-1;-1;-1;-1;-1;-1;1;2;2;5;3;7;-1;0;0;0;0;0;0;0;0;0;0;0;0;0;1;1;0;0;-1;-1;0;0;-1;-1;-1;-1;-1;-1;-1;-1;-1;0;0;0;0;100;0;100;0;0;6;8;5;1;Plaza Colonia;Blooming;1.5;1;0;3;0;3;100;100;100;100;0;0;0;0;0;0;0;1397;2;Y;N;N;N;N;N;N
395428;2846;2140;2016;complete;3017;0;-1;3;;1;0;1;8;4;12;5;0;1;3;0;0;9;3;4;4;13;7;17;19;50;50;1;3;0;0;0;0;0;0;0;0;0;0;0;0;0;0;0;0;0;0;0;0;0;0;0;0;0;0;0;0;0;0;0;0;0;0;0;0;0;0;0;0;0;0;0;0;0;0;0;0;0;0;0;0;0;0;0;0;0;0;0;0;0;0;0;0;0;0;0;0;1;1;0;0;0;0;1;2016-08-17 21:30:00;2846;1;0;0;0;0;-1;1;-1;-1;-1;-1;-1;-1;0;1;1;2;1;3;-1;0;0;0;0;0;0;0;0;0;0;0;0;0;1;1;1;0;-1;-1;0;0;-1;-1;-1;-1;-1;-1;-1;-1;-1;0;0;0;0;0;0;0;0;0;7;2;5;0;Deportivo La Guaira;Deportes Tolima;1.33;0.5;1;1;1;1;100;100;100;100;100;0;0;0;0;0;0;1397;2;Y;N;N;N;N;N;N
395429;6675;4362;2016;complete;3017;0;-1;5,90;;2;0;2;5;2;7;0;1;2;3;1;2;5;4;7;4;12;8;15;10;50;50;4;7;0;0;0;0;0;0;0;0;0;0;0;0;0;0;0;0;0;0;0;0;0;0;0;0;0;0;0;0;0;0;0;0;0;0;0;0;0;0;0;0;0;0;0;0;0;0;0;0;0;0;0;0;0;0;0;0;0;0;0;0;0;0;0;0;0;0;0;0;2;1;0;1;0;1;1;2016-08-18 00:00:00;6675;1;0;0;0;0;-1;1;-1;-1;-1;-1;-1;-1;2;1;1;4;3;5;-1;0;0;0;0;0;0;0;0;0;0;0;0;0;1;1;1;0;-1;-1;0;0;-1;-1;-1;-1;-1;-1;-1;-1;-1;0;0;0;0;100;0;100;0;0;8;1;9;1;Cerro Porteño;Fénix;1.8;1.5;0;3;0;3;100;100;100;100;0;0;0;0;0;0;0;1397;2;Y;Y;N;N;N;N;N
395430;2194;2263;2016;complete;3017;0;-1;32;80;1;1;2;9;0;9;4;1;1;6;0;0;6;2;20;4;26;6;11;17;50;50;1;6;0;0;0;0;0;0;0;0;0;0;0;0;0;0;0;0;0;0;0;0;0;0;0;0;0;0;0;0;0;0;0;0;0;0;0;0;0;0;0;0;0;0;0;0;0;0;0;0;0;0;0;0;0;0;0;0;0;0;0;0;0;0;0;0;0;0;0;0;2;1;0;0;1;1;1;2016-08-18 00:00:00;-1;1;100;0;0;0;-1;1;-1;-1;-1;-1;-1;-1;0;2;1;4;2;5;-1;0;0;0;0;0;0;0;1;0;0;0;1;0;1;1;0;0;-1;-1;0;0;-1;-1;-1;-1;-1;-1;-1;-1;-1;0;100;100;100;100;0;100;100;100;14;4;4;4;Universidad Católica;Real Potosí;0.5;1;0;3;0;3;100;0;0;0;0;100;100;100;0;0;0;1397;2;Y;Y;N;N;N;N;Y
395431;2806;4331;2016;complete;3017;0;-1;30;;1;0;1;0;12;12;1;4;4;0;0;0;3;6;7;11;10;17;19;18;50;50;4;0;0;0;0;0;0;0;0;0;0;0;0;0;0;0;0;0;0;0;0;0;0;0;0;0;0;0;0;0;0;0;0;0;0;0;0;0;0;0;0;0;0;0;0;0;0;0;0;0;0;0;0;0;0;0;0;0;0;0;0;0;0;0;0;0;0;0;0;0;1;1;0;0;0;0;1;2016-08-18 02:15:00;2806;1;100;0;0;0;-1;1;-1;-1;-1;-1;-1;-1;0;0;4;0;0;4;-1;0;0;0;0;0;0;0;0;0;0;0;0;0;1;1;0;0;-1;-1;0;0;-1;-1;-1;-1;-1;-1;-1;-1;-1;0;0;100;100;100;100;100;0;0;9;3;7;3;Real Garcilaso;SD Aucas;1;1.5;0;3;0;3;100;100;0;0;0;100;0;0;0;0;0;1397;2;Y;N;N;N;N;N;N
395432;2142;2805;2016;complete;3017;0;-1;43;;1;0;1;3;7;10;1;3;0;1;0;0;5;4;4;5;9;9;10;6;50;50;0;1;0;0;0;0;0;0;0;0;0;0;0;0;0;0;0;0;0;0;0;0;0;0;0;0;0;0;0;0;0;0;0;0;0;0;0;0;0;0;0;0;0;0;0;0;0;0;0;0;0;0;0;0;0;0;0;0;0;0;0;0;0;0;0;0;0;0;0;0;1;1;0;0;0;0;1;2016-08-18 02:15:00;2142;1;0;0;0;0;-1;1;-1;-1;-1;-1;-1;-1;0;1;0;0;1;0;-1;0;0;0;0;0;0;0;1;0;0;0;1;0;1;1;0;0;-1;-1;0;0;-1;-1;-1;-1;-1;-1;-1;-1;-1;100;100;100;100;100;0;100;100;100;4;6;2;5;Atlético Nacional;Deportivo Municipal;2;0;3;0;3;0;0;0;0;0;0;0;0;0;0;0;0;1397;2;Y;N;N;N;N;N;N
395433;2812;2853;2016;complete;3017;0;-1;59;;1;0;1;-1;-1;-1;-1;-1;-1;-1;-1;-1;-1;-1;-1;-1;-1;-1;-1;-1;-1;-1;-1;-1;0;0;0;0;0;0;0;0;0;0;0;0;0;0;0;0;0;0;0;0;0;0;0;0;0;0;0;0;0;0;0;0;0;0;0;0;0;0;0;0;0;0;0;0;0;0;0;0;0;0;0;0;0;0;0;0;0;0;0;0;0;0;0;0;0;0;0;0;1;0;0;1;0;1;0;2016-08-18 20:00:00;2812;1;100;0;0;0;-1;-1;-1;-1;-1;-1;-1;-1;-1;-1;-1;-1;-1;-1;-1;0;0;0;0;0;0;0;0;0;0;0;0;0;1;1;0;0;-1;-1;-1;-1;-1;-1;-1;-1;-1;-1;-1;-1;-1;0;0;100;100;100;100;100;100;0;15;4;5;3;Sport Huancayo;Deportivo Anzoátegui;1;1.5;0;3;0;3;100;100;0;0;0;100;100;100;0;0;0;1397;2;Y;N;N;N;N;N;N
395434;2265;6680;2016;complete;3017;0;-1;48;56;1;1;2;6;5;11;0;0;4;2;0;0;5;4;5;5;10;9;19;17;50;50;4;2;0;0;0;0;0;0;0;0;0;0;0;0;0;0;0;0;0;0;0;0;0;0;0;0;0;0;0;0;0;0;0;0;0;0;0;0;0;0;0;0;0;0;0;0;0;0;0;0;0;0;0;0;0;0;0;0;0;0;0;0;0;0;0;0;0;0;0;0;2;0;0;1;1;2;0;2016-08-18 21:30:00;-1;1;100;0;0;0;-1;1;-1;-1;-1;-1;-1;-1;0;0;4;2;0;6;-1;0;0;0;0;0;0;0;0;1;0;0;0;1;1;1;0;0;-1;-1;0;0;-1;-1;-1;-1;-1;-1;-1;-1;-1;0;0;0;100;100;0;0;100;100;8;1;6;2;Wilstermann;Sol de América;1;1.17;1;1;1;1;100;100;100;0;0;0;0;0;0;0;0;1397;2;Y;Y;N;N;N;N;Y
395435;2857;4322;2016;complete;3017;0;-1;87;19;1;1;2;1;2;3;1;3;2;6;1;1;3;3;4;8;7;11;14;17;50;50;3;8;0;0;0;0;0;0;0;0;0;0;0;0;0;0;0;0;0;0;0;0;0;0;0;0;0;0;0;0;0;0;0;0;0;0;0;0;0;0;0;0;0;0;0;0;0;0;0;0;0;0;0;0;0;0;0;0;0;0;0;0;0;0;0;0;0;0;0;0;2;0;1;1;0;1;1;2016-08-18 22:00:00;-1;1;100;0;0;0;-1;1;-1;-1;-1;-1;-1;-1;1;2;2;5;3;7;-1;0;0;0;0;0;0;0;0;0;0;0;0;0;1;1;0;0;-1;-1;0;0;-1;-1;-1;-1;-1;-1;-1;-1;-1;0;0;0;100;100;0;0;100;100;5;0;6;2;Zamora;Barcelona;0.5;1;1;1;1;1;100;100;100;0;0;0;0;0;0;0;0;1397;2;Y;Y;N;N;N;N;Y
395436;6674;2193;2016;complete;3017;0;-1;;47,77,81;0;3;3;10;3;13;3;0;1;1;0;0;5;4;10;2;15;6;12;9;50;50;1;1;0;0;0;0;0;0;0;0;0;0;0;0;0;0;0;0;0;0;0;0;0;0;0;0;0;0;0;0;0;0;0;0;0;0;0;0;0;0;0;0;0;0;0;0;0;0;0;0;0;0;0;0;0;0;0;0;0;0;0;0;0;0;0;0;0;0;0;0;3;0;0;0;3;3;0;2016-08-19 00:30:00;2193;1;0;0;0;0;-1;1;-1;-1;-1;-1;-1;-1;0;0;1;1;0;2;-1;0;0;0;0;0;0;0;0;1;0;1;0;0;1;1;0;0;-1;-1;0;0;-1;-1;-1;-1;-1;-1;-1;-1;-1;0;0;0;0;100;0;100;0;0;13;8;6;1;Libertad;Palestino;0;2;0;3;0;3;100;100;100;100;0;100;100;100;0;0;0;1397;2;Y;Y;Y;N;N;N;N
395437;706;711;2016;complete;3018;0;-1;5,37;;2;0;2;7;3;10;0;2;2;4;0;0;3;5;6;4;9;9;16;18;50;50;2;4;0;0;0;0;0;0;0;0;0;0;0;0;0;0;0;0;0;0;0;0;0;0;0;0;0;0;0;0;0;0;0;0;0;0;0;0;0;0;0;0;0;0;0;0;0;0;0;0;0;0;0;0;0;0;0;0;0;0;0;0;0;0;0;0;0;0;0;0;2;2;0;0;0;0;2;2016-08-23 22:15:00;706;1;0;0;0;0;-1;1;-1;-1;-1;-1;-1;-1;1;2;1;2;3;3;-1;0;0;0;0;0;0;0;0;0;0;0;0;0;1;1;1;0;-1;-1;0;0;-1;-1;-1;-1;-1;-1;-1;-1;-1;0;0;0;0;0;0;0;0;0;0;0;0;0;Banfield;San Lorenzo;1.5;1.75;0;0;0;0;0;0;0;0;0;0;0;0;0;0;0;1397;2;Y;Y;N;N;N;N;N
395438;2846;4326;2016;complete;3018;0;-1;28,38,49,71;53,68;4;2;6;4;6;10;0;0;2;2;0;0;0;3;5;7;5;10;14;21;50;50;2;2;0;0;0;0;0;0;0;0;0;0;0;0;0;0;0;0;0;0;0;0;0;0;0;0;0;0;0;0;0;0;0;0;0;0;0;0;0;0;0;0;0;0;0;0;0;0;0;0;0;0;0;0;0;0;0;0;0;0;0;0;0;0;0;0;0;0;0;0;6;2;0;2;2;4;2;2016-08-23 22:15:00;2846;1;25;0;0;0;-1;1;-1;-1;-1;-1;-1;-1;1;0;1;2;1;3;-1;0;0;0;0;0;0;0;0;1;0;1;0;0;1;1;0;0;-1;-1;0;0;-1;-1;-1;-1;-1;-1;-1;-1;-1;0;25;50;50;75;25;50;50;25;8.5;6.5;3;2;Deportivo La Guaira;CS Emelec;1.33;1.75;2;3;2;3;100;75;50;50;25;50;50;25;0;0;0;1397;4;Y;Y;Y;Y;Y;Y;Y
395439;2262;2131;2016;complete;3018;0;-1;;23,52;0;2;2;7;3;10;1;5;0;0;0;0;5;3;10;5;15;8;17;16;50;50;0;0;0;0;0;0;0;0;0;0;0;0;0;0;0;0;0;0;0;0;0;0;0;0;0;0;0;0;0;0;0;0;0;0;0;0;0;0;0;0;0;0;0;0;0;0;0;0;0;0;0;0;0;0;0;0;0;0;0;0;0;0;0;0;0;0;0;0;0;0;2;0;1;0;1;1;1;2016-08-24 00:45:00;2131;1;50;50;0;0;-1;-1;-1;-1;-1;-1;-1;-1;0;0;0;0;0;0;-1;0;0;0;0;0;0;0;0;0;0;0;0;0;1;1;0;0;-1;-1;-1;-1;-1;-1;-1;-1;-1;-1;-1;-1;-1;0;25;50;50;100;25;75;75;50;4.5;4.5;7.5;2.25;Blooming;Junior;1;1.88;1.5;3;1.5;3;100;75;50;50;0;0;0;0;0;0;0;1397;4;Y;Y;N;N;N;N;N
395440;2806;2193;2016;complete;3018;0;-1;28,85;8,14;2;2;4;6;2;8;4;5;4;2;0;0;10;5;8;2;18;7;17;12;50;50;4;2;0;0;0;0;0;0;0;0;0;0;0;0;0;0;0;0;0;0;0;0;0;0;0;0;0;0;0;0;0;0;0;0;0;0;0;0;0;0;0;0;0;0;0;0;0;0;0;0;0;0;0;0;0;0;0;0;0;0;0;0;0;0;0;0;0;0;0;0;4;1;2;1;0;1;3;2016-08-24 20:00:00;-1;1;25;0;0;0;-1;1;-1;-1;-1;-1;-1;-1;2;1;2;1;3;3;-1;0;0;0;0;0;0;0;1;1;1;1;0;0;1;1;0;1;-1;-1;0;0;-1;-1;-1;-1;-1;-1;-1;-1;-1;0;0;50;50;100;25;75;25;25;4;1.5;5.5;2;Real Garcilaso;Palestino;1;2;1.5;3;1.5;3;100;100;50;50;0;100;75;75;0;0;0;1397;4;Y;Y;Y;Y;N;N;Y
395441;2267;2142;2016;complete;3018;0;-1;55;70;1;1;2;6;1;7;5;0;2;4;0;0;5;2;9;4;14;6;10;12;50;50;2;4;0;0;0;0;0;0;0;0;0;0;0;0;0;0;0;0;0;0;0;0;0;0;0;0;0;0;0;0;0;0;0;0;0;0;0;0;0;0;0;0;0;0;0;0;0;0;0;0;0;0;0;0;0;0;0;0;0;0;0;0;0;0;0;0;0;0;0;0;2;0;0;1;1;2;0;2016-08-24 22:15:00;-1;1;0;0;0;0;-1;1;-1;-1;-1;-1;-1;-1;0;0;2;4;0;6;-1;0;0;0;0;0;0;0;1;0;0;0;1;0;1;1;0;0;-1;-1;0;0;-1;-1;-1;-1;-1;-1;-1;-1;-1;25;25;50;75;100;25;75;75;50;6;3.5;4;2.75;Bolívar;Atlético Nacional;1;2;1.5;3;1.5;3;75;75;50;25;0;25;25;0;0;0;0;1397;4;Y;Y;N;N;N;N;Y
395442;6675;2263;2016;complete;3018;0;-1;14,31,38,45,53,72;;6;0;6;3;0;3;0;0;0;5;0;1;8;0;6;3;14;3;12;16;50;50;0;6;0;0;0;0;0;0;0;0;0;0;0;0;0;0;0;0;0;0;0;0;0;0;0;0;0;0;0;0;0;0;0;0;0;0;0;0;0;0;0;0;0;0;0;0;0;0;0;0;0;0;0;0;0;0;0;0;0;0;0;0;0;0;0;0;0;0;0;0;6;4;0;2;0;2;4;2016-08-24 22:15:00;6675;1;50;0;0;0;-1;1;-1;-1;-1;-1;-1;-1;0;1;0;5;1;5;-1;0;0;0;0;0;0;0;0;0;0;0;0;0;1;1;0;0;-1;-1;0;0;-1;-1;-1;-1;-1;-1;-1;-1;-1;0;25;25;75;100;0;100;75;25;7;2;9.5;2.25;Cerro Porteño;Real Potosí;1.8;1;1.5;2;1.5;2;100;75;75;25;0;50;25;25;0;0;0;1397;4;Y;Y;Y;Y;Y;Y;N
395443;632;614;2016;complete;3018;0;-1;;;0;0;0;15;4;19;0;0;1;2;0;0;2;4;8;4;10;8;18;17;50;50;1;2;0;0;0;0;0;0;0;0;0;0;0;0;0;0;0;0;0;0;0;0;0;0;0;0;0;0;0;0;0;0;0;0;0;0;0;0;0;0;0;0;0;0;0;0;0;0;0;0;0;0;0;0;0;0;0;0;0;0;0;0;0;0;0;0;0;0;0;0;0;0;0;0;0;0;0;2016-08-25 00:45:00;-1;1;0;0;0;0;-1;1;-1;-1;-1;-1;-1;-1;0;1;1;1;1;2;-1;0;0;0;0;0;0;0;0;0;0;0;0;0;1;1;0;0;-1;-1;0;0;-1;-1;-1;-1;-1;-1;-1;-1;-1;0;0;0;0;0;0;0;0;0;0;0;0;0;Santa Cruz;Sport Recife;1.75;0.5;0;0;0;0;0;0;0;0;0;0;0;0;0;0;0;1397;2;N;N;N;N;N;N;N
395444;631;612;2016;complete;3018;0;-1;10,18,27,48;13,75;4;2;6;2;4;6;2;0;3;3;0;0;2;4;4;8;6;12;21;21;50;50;3;3;0;0;0;0;0;0;0;0;0;0;0;0;0;0;0;0;0;0;0;0;0;0;0;0;0;0;0;0;0;0;0;0;0;0;0;0;0;0;0;0;0;0;0;0;0;0;0;0;0;0;0;0;0;0;0;0;0;0;0;0;0;0;0;0;0;0;0;0;6;3;1;1;1;2;4;2016-08-25 00:45:00;631;1;0;0;0;0;-1;1;-1;-1;-1;-1;-1;-1;1;1;2;2;2;4;-1;0;0;0;0;0;0;0;0;0;0;0;0;0;1;1;1;0;-1;-1;1;0;-1;-1;-1;-1;-1;-1;-1;-1;-1;0;0;0;0;0;0;0;0;0;0;0;0;0;Figueirense;Flamengo;1.5;1.5;0;0;0;0;0;0;0;0;0;0;0;0;0;0;0;1397;2;Y;Y;Y;Y;Y;Y;Y
395445;709;697;2016;complete;3018;0;-1;16;;1;0;1;4;2;6;1;2;3;4;0;0;4;2;7;3;11;5;16;23;50;50;3;4;0;0;0;0;0;0;0;0;0;0;0;0;0;0;0;0;0;0;0;0;0;0;0;0;0;0;0;0;0;0;0;0;0;0;0;0;0;0;0;0;0;0;0;0;0;0;0;0;0;0;0;0;0;0;0;0;0;0;0;0;0;0;0;0;0;0;0;0;1;1;0;0;0;0;1;2016-08-25 00:45:00;709;1;0;0;0;0;-1;1;-1;-1;-1;-1;-1;-1;0;1;3;3;1;6;-1;0;0;0;0;0;0;0;0;0;0;0;0;0;1;1;0;0;-1;-1;0;0;-1;-1;-1;-1;-1;-1;-1;-1;-1;0;0;0;0;0;0;0;0;0;0;0;0;0;Estudiantes;Belgrano;1.5;1.5;0;0;0;0;0;0;0;0;0;0;0;0;0;0;0;1397;2;Y;N;N;N;N;N;N
395446;2137;6677;2016;complete;3018;0;-1;24,76,90;;3;0;3;4;5;9;6;1;3;1;0;0;5;6;9;3;14;9;18;18;50;50;3;1;0;0;0;0;0;0;0;0;0;0;0;0;0;0;0;0;0;0;0;0;0;0;0;0;0;0;0;0;0;0;0;0;0;0;0;0;0;0;0;0;0;0;0;0;0;0;0;0;0;0;0;0;0;0;0;0;0;0;0;0;0;0;0;0;0;0;0;0;3;1;0;2;0;2;1;2016-08-25 00:45:00;2137;1;50;0;50;0;-1;1;-1;-1;-1;-1;-1;-1;1;0;2;1;1;3;-1;0;0;0;0;0;0;0;0;0;0;0;0;0;1;1;0;0;-1;-1;0;0;-1;-1;-1;-1;-1;-1;-1;-1;-1;0;0;0;50;75;0;50;50;25;6.5;0.5;3.5;1.25;Independiente Medellín;Sportivo Luqueño;1.38;1.25;2;1;2;1;100;100;100;50;25;25;25;25;0;0;0;1397;4;Y;Y;Y;N;N;N;N
395447;2592;623;2016;complete;3018;0;-1;20;;1;0;1;-1;-1;-1;-1;-1;2;2;0;0;-1;-1;-1;-1;-1;-1;-1;-1;-1;-1;2;2;0;0;0;0;0;0;0;0;0;0;0;0;0;0;0;0;0;0;0;0;0;0;0;0;0;0;0;0;0;0;0;0;0;0;0;0;0;0;0;0;0;0;0;0;0;0;0;0;0;0;0;0;0;0;0;0;0;0;0;0;0;0;0;0;0;0;0;0;1;1;0;0;0;0;1;2016-08-25 22:00:00;2592;1;0;0;0;0;-1;1;-1;-1;-1;-1;-1;-1;1;2;1;0;3;1;-1;0;0;0;0;0;0;0;0;0;0;0;0;0;1;1;0;0;-1;-1;0;0;-1;-1;-1;-1;-1;-1;-1;-1;-1;0;0;0;0;0;0;0;0;0;0;0;0;0;Cuiabá;Chapecoense;1.5;1.25;0;0;0;0;0;0;0;0;0;0;0;0;0;0;0;1397;2;Y;N;N;N;N;N;N
395448;704;702;2016;complete;3018;0;-1;;55,89;0;2;2;9;1;10;2;2;3;2;0;0;5;2;3;2;8;4;14;17;50;50;3;2;0;0;0;0;0;0;0;0;0;0;0;0;0;0;0;0;0;0;0;0;0;0;0;0;0;0;0;0;0;0;0;0;0;0;0;0;0;0;0;0;0;0;0;0;0;0;0;0;0;0;0;0;0;0;0;0;0;0;0;0;0;0;0;0;0;0;0;0;2;0;0;0;2;2;0;2016-08-25 22:15:00;702;1;0;0;0;0;-1;1;-1;-1;-1;-1;-1;-1;0;1;3;1;1;4;-1;0;0;0;0;0;0;0;0;0;0;0;0;0;1;1;0;0;-1;-1;0;0;-1;-1;-1;-1;-1;-1;-1;-1;-1;0;0;0;0;0;0;0;0;0;0;0;0;0;Lanús;Independiente;0;2;0;0;0;0;0;0;0;0;0;0;0;0;0;0;0;1397;2;Y;Y;N;N;N;N;N
395449;610;627;2016;complete;3018;0;-1;65,70;44;2;1;3;8;3;11;0;3;2;1;0;0;6;5;6;5;12;10;18;15;50;50;2;1;0;0;0;0;0;0;0;0;0;0;0;0;0;0;0;0;0;0;0;0;0;0;0;0;0;0;0;0;0;0;0;0;0;0;0;0;0;0;0;0;0;0;0;0;0;0;0;0;0;0;0;0;0;0;0;0;0;0;0;0;0;0;0;0;0;0;0;0;3;0;1;2;0;2;1;2016-08-26 00:45:00;610;1;0;0;0;0;-1;1;-1;-1;-1;-1;-1;-1;1;1;1;0;2;1;-1;0;0;0;0;0;0;0;2;0;1;0;1;0;1;1;0;0;-1;-1;0;0;-1;-1;-1;-1;-1;-1;-1;-1;-1;0;0;0;0;0;0;0;0;0;0;0;0;0;Vitória;Coritiba;1.5;1.17;0;0;0;0;0;0;0;0;0;0;0;0;0;0;0;1397;2;Y;Y;Y;N;N;N;Y
395450;2857;4350;2016;complete;3018;0;-1;;58;0;1;1;5;2;7;3;2;2;2;1;1;5;2;4;6;9;8;9;9;50;50;4;4;0;0;0;0;0;0;0;0;0;0;0;0;0;0;0;0;0;0;0;0;0;0;0;0;0;0;0;0;0;0;0;0;0;0;0;0;0;0;0;0;0;0;0;0;0;0;0;0;0;0;0;0;0;0;0;0;0;0;0;0;0;0;0;0;0;0;0;0;1;0;0;0;1;1;0;2016-08-26 00:45:00;4350;1;50;0;0;0;-1;1;-1;-1;-1;-1;-1;-1;2;0;1;3;2;4;-1;0;0;0;0;0;0;0;0;0;0;0;0;0;1;1;0;0;-1;-1;0;0;-1;-1;-1;-1;-1;-1;-1;-1;-1;0;0;0;50;50;0;25;50;25;7;5.5;5;1;Zamora;Wanderers;0.5;1.67;1;1;1;1;100;100;100;50;50;50;50;50;0;0;0;1397;4;Y;N;N;N;N;N;N
395451;6680;2812;2016;complete;3018;0;-1;7;;1;0;1;3;3;6;1;0;3;3;0;0;3;2;0;4;3;6;16;13;50;50;3;3;0;0;0;0;0;0;0;0;0;0;0;0;0;0;0;0;0;0;0;0;0;0;0;0;0;0;0;0;0;0;0;0;0;0;0;0;0;0;0;0;0;0;0;0;0;0;0;0;0;0;0;0;0;0;0;0;0;0;0;0;0;0;0;0;0;0;0;0;1;1;0;0;0;0;1;2016-08-26 00:45:00;6680;1;75;50;50;0;-1;1;-1;-1;-1;-1;-1;-1;2;1;1;2;3;3;-1;0;0;0;0;0;0;0;0;0;0;0;0;0;1;1;1;0;-1;-1;0;0;-1;-1;-1;-1;-1;-1;-1;-1;-1;0;0;25;75;100;25;25;100;50;6.5;0.5;2;2;Sol de América;Sport Huancayo;1.17;1;1;1.5;1;1.5;100;100;75;25;0;75;75;75;0;0;0;1397;4;Y;N;N;N;N;N;N
395452;627;610;2016;complete;3018;0;-1;80;;1;0;1;5;4;9;3;2;2;2;0;0;6;5;9;6;15;11;11;21;50;50;2;2;0;0;0;0;0;0;0;0;0;0;0;0;0;0;0;0;0;0;0;0;0;0;0;0;0;0;0;0;0;0;0;0;0;0;0;0;0;0;0;0;0;0;0;0;0;0;0;0;0;0;0;0;0;0;0;0;0;0;0;0;0;0;0;0;0;0;0;0;1;0;0;1;0;1;0;2016-08-31 20:00:00;627;1;100;0;0;0;-1;1;-1;-1;-1;-1;-1;-1;0;2;2;0;2;2;-1;0;0;0;0;0;0;0;0;0;0;0;0;0;1;1;0;0;-1;-1;0;0;-1;-1;-1;-1;-1;-1;-1;-1;-1;0;0;100;100;100;0;100;100;100;11;3;3;3;Coritiba;Vitória;1.17;1.5;0;3;0;3;100;100;0;0;0;100;100;100;0;0;0;1397;2;Y;N;N;N;N;N;N
395453;614;632;2016;complete;3018;0;-1;;82;0;1;1;4;7;11;2;2;3;5;0;0;4;5;5;9;9;14;19;13;50;50;3;5;0;0;0;0;0;0;0;0;0;0;0;0;0;0;0;0;0;0;0;0;0;0;0;0;0;0;0;0;0;0;0;0;0;0;0;0;0;0;0;0;0;0;0;0;0;0;0;0;0;0;0;0;0;0;0;0;0;0;0;0;0;0;0;0;0;0;0;0;1;0;0;0;1;1;0;2016-09-01 00:45:00;632;1;0;0;0;0;-1;1;-1;-1;-1;-1;-1;-1;1;1;2;4;2;6;-1;0;0;0;0;0;0;0;0;0;0;0;0;0;1;1;0;0;-1;-1;0;0;-1;-1;-1;-1;-1;-1;-1;-1;-1;0;0;0;0;0;0;0;0;0;19;0;3;0;Sport Recife;Santa Cruz;0.5;1.75;1;1;1;1;100;100;100;100;100;100;100;100;0;0;0;1397;2;Y;N;N;N;N;N;N
395454;612;631;2016;complete;3018;0;-1;14,26,72;6;3;1;4;10;3;13;3;1;4;4;0;1;13;5;17;5;30;10;20;19;50;50;4;5;0;0;0;0;0;0;0;0;0;0;0;0;0;0;0;0;0;0;0;0;0;0;0;0;0;0;0;0;0;0;0;0;0;0;0;0;0;0;0;0;0;0;0;0;0;0;0;0;0;0;0;0;0;0;0;0;0;0;0;0;0;0;0;0;0;0;0;0;4;2;1;1;0;1;3;2016-09-01 00:45:00;612;1;100;0;0;0;-1;1;-1;-1;-1;-1;-1;-1;1;4;3;1;5;4;-1;0;0;0;0;0;0;0;0;0;0;0;0;0;1;1;0;1;-1;-1;0;1;-1;-1;-1;-1;-1;-1;-1;-1;-1;100;100;100;100;100;100;100;100;100;6;2;6;6;Flamengo;Figueirense;1.5;1.5;0;3;0;3;0;0;0;0;0;0;0;0;0;0;0;1397;2;Y;Y;Y;Y;N;N;Y
395455;623;2592;2016;complete;3018;0;-1;67,70,83;23;3;1;4;15;2;17;3;2;1;4;0;0;7;6;9;6;16;12;11;21;50;50;1;4;0;0;0;0;0;0;0;0;0;0;0;0;0;0;0;0;0;0;0;0;0;0;0;0;0;0;0;0;0;0;0;0;0;0;0;0;0;0;0;0;0;0;0;0;0;0;0;0;0;0;0;0;0;0;0;0;0;0;0;0;0;0;0;0;0;0;0;0;4;0;1;3;0;3;1;2016-09-01 00:45:00;623;1;0;0;0;0;-1;1;-1;-1;-1;-1;-1;-1;0;2;1;2;2;3;-1;0;0;0;0;0;0;0;0;0;0;0;0;0;1;1;0;0;-1;-1;0;0;-1;-1;-1;-1;-1;-1;-1;-1;-1;0;0;0;0;100;0;100;0;0;0;0;4;1;Chapecoense;Cuiabá;1.25;1.5;0;3;0;3;100;100;100;100;0;0;0;0;0;0;0;1397;2;Y;Y;Y;Y;N;N;Y
395456;711;706;2016;complete;3018;0;-1;4,6,11,38;25;4;1;5;3;11;14;1;0;2;3;0;0;6;5;2;9;8;14;24;25;50;50;2;3;0;0;0;0;0;0;0;0;0;0;0;0;0;0;0;0;0;0;0;0;0;0;0;0;0;0;0;0;0;0;0;0;0;0;0;0;0;0;0;0;0;0;0;0;0;0;0;0;0;0;0;0;0;0;0;0;0;0;0;0;0;0;0;0;0;0;0;0;5;4;1;0;0;0;5;2016-09-13 22:15:00;711;1;0;0;0;0;-1;1;-1;-1;-1;-1;-1;-1;0;1;2;2;1;4;-1;0;0;0;0;0;0;0;0;1;0;0;0;1;1;1;2;0;-1;-1;0;0;-1;-1;-1;-1;-1;-1;-1;-1;-1;0;0;0;100;100;100;100;0;0;10;2;6;2;San Lorenzo;Banfield;1.75;1.5;0;3;0;3;100;100;100;0;0;100;100;0;0;0;0;1397;2;Y;Y;Y;Y;Y;N;Y
395457;2142;2267;2016;complete;3018;0;-1;61;;1;0;1;7;1;8;7;4;2;3;0;1;3;5;11;6;14;11;13;17;50;50;2;5;0;0;0;0;0;0;0;0;0;0;0;0;0;0;0;0;0;0;0;0;0;0;0;0;0;0;0;0;0;0;0;0;0;0;0;0;0;0;0;0;0;0;0;0;0;0;0;0;0;0;0;0;0;0;0;0;0;0;0;0;0;0;0;0;0;0;0;0;1;0;0;1;0;1;0;2016-09-14 00:45:00;2142;1;33;0;0;0;-1;1;-1;-1;-1;-1;-1;-1;0;1;2;3;1;5;-1;0;0;0;0;0;0;0;0;0;0;0;0;0;1;1;0;0;-1;-1;0;0;-1;-1;-1;-1;-1;-1;-1;-1;-1;17;17;33;84;100;17;50;84;67;6.33;4;4.67;2.5;Atlético Nacional;Bolívar;2;1;2.33;1.33;2.33;1.33;84;84;67;17;0;17;17;0;0;0;0;1397;4;Y;N;N;N;N;N;N
395458;4350;2857;2016;complete;3018;0;-1;89;;1;0;1;4;5;9;0;2;0;3;1;0;6;8;8;10;14;18;17;17;50;50;2;3;0;0;0;0;0;0;0;0;0;0;0;0;0;0;0;0;0;0;0;0;0;0;0;0;0;0;0;0;0;0;0;0;0;0;0;0;0;0;0;0;0;0;0;0;0;0;0;0;0;0;0;0;0;0;0;0;0;0;0;0;0;0;0;0;0;0;0;0;1;0;0;1;0;1;0;2016-09-14 19:00:00;4350;1;34;0;50;0;-1;1;-1;-1;-1;-1;-1;-1;0;0;1;3;0;4;-1;0;0;0;0;0;0;0;0;0;0;0;0;0;1;1;0;0;-1;-1;0;0;-1;-1;-1;-1;-1;-1;-1;-1;-1;0;0;0;34;67;0;17;67;17;7;5.33;6;1;Wanderers;Zamora;1.67;0.5;1.67;0.67;1.67;0.67;100;100;100;67;34;34;34;34;0;0;0;1397;4;Y;N;N;N;N;N;N
395459;4326;2846;2016;complete;3018;0;-1;;;0;0;0;13;1;14;0;0;2;4;0;0;6;0;6;3;12;3;1;3;50;50;2;4;0;0;0;0;0;0;0;0;0;0;0;0;0;0;0;0;0;0;0;0;0;0;0;0;0;0;0;0;0;0;0;0;0;0;0;0;0;0;0;0;0;0;0;0;0;0;0;0;0;0;0;0;0;0;0;0;0;0;0;0;0;0;0;0;0;0;0;0;0;0;0;0;0;0;0;2016-09-14 21:00:00;-1;1;50;50;0;0;-1;1;-1;-1;-1;-1;-1;-1;1;2;1;2;3;3;-1;0;0;0;0;0;0;0;0;0;0;0;0;0;1;1;0;0;-1;-1;0;0;-1;-1;-1;-1;-1;-1;-1;-1;-1;33;50;67;67;84;50;67;67;50;9;4.33;3.34;3.33;CS Emelec;Deportivo La Guaira;1.75;1.33;2;2.33;2;2.33;67;50;34;34;17;67;67;17;0;0;0;1397;4;N;N;N;N;N;N;N
395460;702;704;2016;complete;3018;0;-1;41;;1;0;1;5;3;8;1;1;2;2;1;0;4;4;4;5;8;9;22;25;50;50;3;2;0;0;0;0;0;0;0;0;0;0;0;0;0;0;0;0;0;0;0;0;0;0;0;0;0;0;0;0;0;0;0;0;0;0;0;0;0;0;0;0;0;0;0;0;0;0;0;0;0;0;0;0;0;0;0;0;0;0;0;0;0;0;0;0;0;0;0;0;1;1;0;0;0;0;1;2016-09-14 22:15:00;702;1;0;0;0;0;-1;1;-1;-1;-1;-1;-1;-1;2;2;1;0;4;1;-1;0;0;0;0;0;0;0;0;0;0;0;0;0;1;1;0;0;-1;-1;0;0;-1;-1;-1;-1;-1;-1;-1;-1;-1;0;0;0;100;100;0;0;100;100;10;4;5;2;Independiente;Lanús;2;0;3;0;3;0;100;100;100;0;0;100;100;0;0;0;0;1397;2;Y;N;N;N;N;N;N
395461;2131;2262;2016;complete;3018;0;-1;20;59;1;1;2;1;3;4;1;4;2;0;0;0;3;3;5;10;8;13;10;20;50;50;2;0;0;0;0;0;0;0;0;0;0;0;0;0;0;0;0;0;0;0;0;0;0;0;0;0;0;0;0;0;0;0;0;0;0;0;0;0;0;0;0;0;0;0;0;0;0;0;0;0;0;0;0;0;0;0;0;0;0;0;0;0;0;0;0;0;0;0;0;0;2;1;0;0;1;1;1;2016-09-15 00:45:00;-1;1;34;0;50;0;-1;1;-1;-1;-1;-1;-1;-1;0;0;2;0;0;2;-1;0;0;0;0;0;0;0;0;1;0;1;0;0;1;1;0;0;-1;-1;0;0;-1;-1;-1;-1;-1;-1;-1;-1;-1;0;17;34;67;100;17;84;84;34;6.33;5;5;2.17;Junior;Blooming;1.88;1;3;1;3;1;100;84;67;34;0;33;33;0;0;0;0;1397;4;Y;Y;N;N;N;N;Y
395462;2812;6680;2016;complete;3018;0;-1;6;80;1;1;2;6;10;16;2;2;5;4;0;0;6;5;9;11;15;16;18;9;50;50;5;4;0;0;0;0;0;0;0;0;0;0;0;0;0;0;0;0;0;0;0;0;0;0;0;0;0;0;0;0;0;0;0;0;0;0;0;0;0;0;0;0;0;0;0;0;0;0;0;0;0;0;0;0;0;0;0;0;0;0;0;0;0;0;0;0;0;0;0;0;2;1;0;0;1;1;1;2016-09-15 19:15:00;-1;1;50;0;50;0;-1;1;-1;-1;-1;-1;-1;-1;2;1;3;3;3;6;-1;0;0;0;0;0;0;0;0;0;0;0;0;0;1;1;1;0;-1;-1;0;0;-1;-1;-1;-1;-1;-1;-1;-1;-1;0;0;17;50;100;17;50;67;34;6.67;0.66;3.33;1.67;Sport Huancayo;Sol de América;1;1.17;1;1.67;1;1.67;100;100;84;50;0;42;42;42;0;0;0;1397;4;Y;Y;N;N;N;N;Y
395463;2193;2806;2016;complete;3018;0;-1;49;;1;0;1;1;0;1;2;4;1;5;0;1;0;2;2;0;2;2;13;18;50;50;1;6;0;0;0;0;0;0;0;0;0;0;0;0;0;0;0;0;0;0;0;0;0;0;0;0;0;0;0;0;0;0;0;0;0;0;0;0;0;0;0;0;0;0;0;0;0;0;0;0;0;0;0;0;0;0;0;0;0;0;0;0;0;0;0;0;0;0;0;0;1;0;0;1;0;1;0;2016-09-15 22:15:00;2193;1;50;50;0;0;-1;1;-1;-1;-1;-1;-1;-1;0;3;1;3;3;4;-1;0;0;0;0;0;0;0;0;0;0;0;0;0;1;1;0;0;-1;-1;0;0;-1;-1;-1;-1;-1;-1;-1;-1;-1;0;33;67;67;100;50;84;50;17;5.33;4;5.67;2.67;Palestino;Real Garcilaso;2;1;2.33;1.33;2.33;1.33;100;67;33;33;0;67;50;50;0;0;0;1397;4;Y;N;N;N;N;N;N
395464;2263;6675;2016;complete;3018;0;-1;;87;0;1;1;11;1;12;1;0;1;0;0;0;6;3;18;3;24;6;7;9;50;50;1;0;0;0;0;0;0;0;0;0;0;0;0;0;0;0;0;0;0;0;0;0;0;0;0;0;0;0;0;0;0;0;0;0;0;0;0;0;0;0;0;0;0;0;0;0;0;0;0;0;0;0;0;0;0;0;0;0;0;0;0;0;0;0;0;0;0;0;0;0;1;0;0;0;1;1;0;2016-09-15 22:15:00;6675;1;34;0;50;0;-1;1;-1;-1;-1;-1;-1;-1;0;0;1;0;0;1;-1;0;0;0;0;0;0;0;0;0;0;0;0;0;1;1;0;0;-1;-1;0;0;-1;-1;-1;-1;-1;-1;-1;-1;-1;33;50;50;84;100;33;100;84;50;5.66;1.33;8.33;3.5;Real Potosí;Cerro Porteño;1;1.8;1.33;2;1.33;2;67;50;50;17;0;34;17;17;0;0;0;1397;4;Y;N;N;N;N;N;N
395465;697;709;2016;complete;3018;0;-1;67,69;;2;0;2;7;4;11;0;0;2;2;1;0;4;7;3;6;7;13;16;8;50;50;4;2;0;0;0;0;0;0;0;0;0;0;0;0;0;0;0;0;0;0;0;0;0;0;0;0;0;0;0;0;0;0;0;0;0;0;0;0;0;0;0;0;0;0;0;0;0;0;0;0;0;0;0;0;0;0;0;0;0;0;0;0;0;0;0;0;0;0;0;0;2;0;0;2;0;2;0;2016-09-16 00:45:00;697;1;0;0;0;0;-1;1;-1;-1;-1;-1;-1;-1;2;1;1;1;3;2;-1;0;0;0;0;0;0;0;1;0;1;0;0;0;1;1;0;0;-1;-1;0;0;-1;-1;-1;-1;-1;-1;-1;-1;-1;0;0;0;0;100;0;100;0;0;6;3;7;1;Belgrano;Estudiantes;1.5;1.5;0;3;0;3;100;100;100;100;0;0;0;0;0;0;0;1397;2;Y;Y;N;N;N;N;N
395466;6677;2137;2016;complete;3018;0;-1;24,45;;2;0;2;9;6;15;3;3;2;3;0;0;5;4;5;7;10;11;26;13;50;50;2;3;0;0;0;0;0;0;0;0;0;0;0;0;0;0;0;0;0;0;0;0;0;0;0;0;0;0;0;0;0;0;0;0;0;0;0;0;0;0;0;0;0;0;0;0;0;0;0;0;0;0;0;0;0;0;0;0;0;0;0;0;0;0;0;0;0;0;0;0;2;2;0;0;0;0;2;2016-09-16 00:45:00;6677;1;33;0;0;0;-1;1;-1;-1;-1;-1;-1;-1;2;1;0;2;3;2;-1;0;0;0;0;0;0;0;1;0;1;0;0;0;1;1;0;0;-1;-1;0;0;-1;-1;-1;-1;-1;-1;-1;-1;-1;0;0;33;67;84;0;67;67;50;7.34;2.66;3.66;1.84;Sportivo Luqueño;Independiente Medellín;1.25;1.38;0.67;2.33;0.67;2.33;100;100;67;33;17;50;17;17;0;0;0;1397;4;Y;Y;N;N;N;N;N
395467;6680;2142;2016;complete;3019;0;-1;89;14;1;1;2;8;6;14;-1;-1;2;3;0;1;7;8;13;2;20;10;-1;-1;50;50;2;5;0;0;0;0;0;0;0;0;0;0;0;0;0;0;0;0;0;0;0;0;0;0;0;0;0;0;0;0;0;0;0;0;0;0;0;0;0;0;0;0;0;0;0;0;0;0;0;0;0;0;0;0;0;0;0;0;0;0;0;0;0;0;0;0;0;0;0;0;2;0;1;1;0;1;1;2016-09-20 23:45:00;-1;1;50;0;50;0;-1;1;-1;-1;-1;-1;-1;-1;1;1;1;3;2;4;-1;0;0;0;0;0;0;0;0;0;0;0;0;0;1;1;0;0;-1;-1;0;0;-1;-1;-1;-1;-1;-1;-1;-1;-1;13;13;13;63;100;0;50;75;50;9.5;3.5;4.25;2;Sol de América;Atlético Nacional;1.17;2;1.5;2.5;1.5;2.5;88;88;88;38;0;38;38;25;0;0;0;1397;6;Y;Y;N;N;N;N;Y
395468;702;623;2016;complete;3019;0;-1;;;0;0;0;7;1;8;0;2;2;2;0;0;4;0;10;6;14;6;15;14;50;50;2;2;0;0;0;0;0;0;0;0;0;0;0;0;0;0;0;0;0;0;0;0;0;0;0;0;0;0;0;0;0;0;0;0;0;0;0;0;0;0;0;0;0;0;0;0;0;0;0;0;0;0;0;0;0;0;0;0;0;0;0;0;0;0;0;0;0;0;0;0;0;0;0;0;0;0;0;2016-09-21 22:15:00;-1;1;25;0;0;0;-1;1;-1;-1;-1;-1;-1;-1;2;1;0;1;3;1;-1;0;0;0;0;0;0;0;0;0;0;0;0;0;1;1;0;0;-1;-1;0;0;-1;-1;-1;-1;-1;-1;-1;-1;-1;0;25;25;50;100;0;75;50;50;18;2.5;4;2;Independiente;Chapecoense;2;1.25;3;1.5;3;1.5;100;75;75;50;0;75;75;50;0;0;0;1397;4;N;N;N;N;N;N;N
395469;4350;2131;2016;complete;3019;0;-1;;;0;0;0;2;2;4;0;4;3;4;0;0;2;0;5;2;7;2;15;24;50;50;3;4;0;0;0;0;0;0;0;0;0;0;0;0;0;0;0;0;0;0;0;0;0;0;0;0;0;0;0;0;0;0;0;0;0;0;0;0;0;0;0;0;0;0;0;0;0;0;0;0;0;0;0;0;0;0;0;0;0;0;0;0;0;0;0;0;0;0;0;0;0;0;0;0;0;0;0;2016-09-21 22:15:00;-1;1;38;25;0;0;-1;1;-1;-1;-1;-1;-1;-1;1;3;2;1;4;3;-1;0;0;0;0;0;0;0;0;0;0;0;0;0;1;1;0;0;-1;-1;0;0;-1;-1;-1;-1;-1;-1;-1;-1;-1;0;13;25;50;75;13;50;75;25;7.25;5.25;4.75;1.63;Wanderers;Junior;1.67;1.88;2;2.5;2;2.5;100;88;75;50;25;50;38;25;0;0;0;1397;6;N;N;N;N;N;N;N
395470;2137;632;2016;complete;3019;0;-1;39,88;;2;0;2;6;5;11;4;0;1;2;0;0;5;2;9;4;14;6;19;16;50;50;1;2;0;0;0;0;0;0;0;0;0;0;0;0;0;0;0;0;0;0;0;0;0;0;0;0;0;0;0;0;0;0;0;0;0;0;0;0;0;0;0;0;0;0;0;0;0;0;0;0;0;0;0;0;0;0;0;0;0;0;0;0;0;0;0;0;0;0;0;0;2;1;0;1;0;1;1;2016-09-22 00:45:00;2137;1;13;0;0;0;-1;1;-1;-1;-1;-1;-1;-1;1;1;0;1;2;1;-1;0;0;0;0;0;0;0;0;0;0;0;0;0;1;1;0;0;-1;-1;0;0;-1;-1;-1;-1;-1;-1;-1;-1;-1;0;0;13;38;75;13;50;50;13;14.5;3.5;4.75;1.25;Independiente Medellín;Santa Cruz;1.38;1.75;1.75;2;1.75;2;100;100;88;63;25;75;63;63;0;0;0;1397;4;Y;Y;N;N;N;N;N
395471;627;697;2016;complete;3019;0;-1;76;4,50;1;2;3;0;6;6;0;4;4;3;0;0;6;5;1;3;7;8;20;11;50;50;4;3;0;0;0;0;0;0;0;0;0;0;0;0;0;0;0;0;0;0;0;0;0;0;0;0;0;0;0;0;0;0;0;0;0;0;0;0;0;0;0;0;0;0;0;0;0;0;0;0;0;0;0;0;0;0;0;0;0;0;0;0;0;0;0;0;0;0;0;0;3;0;1;1;1;2;1;2016-09-22 00:45:00;697;1;25;0;0;0;-1;1;-1;-1;-1;-1;-1;-1;3;1;1;2;4;3;-1;0;0;0;0;0;0;0;2;0;1;0;1;0;1;1;0;1;-1;-1;0;0;-1;-1;-1;-1;-1;-1;-1;-1;-1;0;0;25;50;100;0;50;75;50;8.5;4;5.5;1.75;Coritiba;Belgrano;1.17;1.5;1.5;1.5;1.5;1.5;100;100;75;50;0;75;50;50;0;0;0;1397;4;Y;Y;Y;N;N;N;Y
395472;2193;612;2016;complete;3019;0;-1;;79;0;1;1;6;9;15;0;5;0;1;0;0;5;5;10;2;15;7;8;13;50;50;0;1;0;0;0;0;0;0;0;0;0;0;0;0;0;0;0;0;0;0;0;0;0;0;0;0;0;0;0;0;0;0;0;0;0;0;0;0;0;0;0;0;0;0;0;0;0;0;0;0;0;0;0;0;0;0;0;0;0;0;0;0;0;0;0;0;0;0;0;0;1;0;0;0;1;1;0;2016-09-22 00:45:00;612;1;63;50;50;0;-1;1;-1;-1;-1;-1;-1;-1;0;0;0;1;0;1;-1;0;0;0;0;0;0;0;0;0;0;0;0;0;1;1;0;0;-1;-1;0;0;-1;-1;-1;-1;-1;-1;-1;-1;-1;25;63;75;75;100;63;75;88;38;9.5;3.75;5.25;3.63;Palestino;Flamengo;2;1.5;2.5;1.5;2.5;1.5;75;38;25;25;0;50;50;50;0;0;0;1397;4;Y;N;N;N;N;N;N
395473;711;2846;2016;complete;3019;0;-1;11,42;51;2;1;3;7;3;10;1;3;1;5;0;0;7;3;4;4;11;7;13;19;50;50;1;5;0;0;0;0;0;0;0;0;0;0;0;0;0;0;0;0;0;0;0;0;0;0;0;0;0;0;0;0;0;0;0;0;0;0;0;0;0;0;0;0;0;0;0;0;0;0;0;0;0;0;0;0;0;0;0;0;0;0;0;0;0;0;0;0;0;0;0;0;3;2;0;0;1;1;2;2016-09-22 22:15:00;711;1;38;50;0;0;-1;1;-1;-1;-1;-1;-1;-1;1;0;0;5;1;5;-1;0;0;0;0;0;0;0;0;0;0;0;0;0;1;1;0;0;-1;-1;0;0;-1;-1;-1;-1;-1;-1;-1;-1;-1;38;38;38;63;75;63;75;13;13;6.5;3.25;5.25;2.63;San Lorenzo;Deportivo La Guaira;1.75;1.33;1.5;2;1.5;2;63;63;63;38;25;88;88;50;0;0;0;1397;6;Y;Y;Y;N;N;N;Y
395474;2133;6675;2016;complete;3019;0;-1;15,75;;2;0;2;5;5;10;0;1;0;2;0;0;7;2;2;3;9;5;11;11;50;50;0;2;0;0;0;0;0;0;0;0;0;0;0;0;0;0;0;0;0;0;0;0;0;0;0;0;0;0;0;0;0;0;0;0;0;0;0;0;0;0;0;0;0;0;0;0;0;0;0;0;0;0;0;0;0;0;0;0;0;0;0;0;0;0;0;0;0;0;0;0;2;1;0;1;0;1;1;2016-09-23 00:45:00;2133;1;0;0;0;0;-1;1;-1;-1;-1;-1;-1;-1;0;0;0;2;0;2;-1;0;0;0;0;0;0;0;1;0;1;0;0;0;1;1;0;0;-1;-1;0;0;-1;-1;-1;-1;-1;-1;-1;-1;-1;13;13;13;25;50;13;38;38;13;3.5;0;2.5;1.25;Santa Fe;Cerro Porteño;1.5;1.8;0;2.25;0;2.25;38;38;38;25;0;13;13;13;0;0;0;1397;2;Y;Y;N;N;N;N;N
395475;2142;6680;2016;complete;3019;0;-1;58,83;;2;0;2;4;2;6;1;0;3;4;1;1;7;0;3;6;10;6;19;13;50;50;4;6;0;0;0;0;0;0;0;0;0;0;0;0;0;0;0;0;0;0;0;0;0;0;0;0;0;0;0;0;0;0;0;0;0;0;0;0;0;0;0;0;0;0;0;0;0;0;0;0;0;0;0;0;0;0;0;0;0;0;0;0;0;0;0;0;0;0;0;0;2;0;0;2;0;2;0;2016-09-28 00:45:00;2142;1;60;0;25;0;-1;1;-1;-1;-1;-1;-1;-1;1;1;3;4;2;7;-1;0;0;0;0;0;0;0;0;0;0;0;0;0;1;1;0;0;-1;-1;0;0;-1;-1;-1;-1;-1;-1;-1;-1;-1;10;10;10;70;100;0;60;80;40;10.4;2.4;4.8;2;Atlético Nacional;Sol de América;2;1.17;2.2;1.4;2.2;1.4;90;90;90;30;0;50;50;40;0;0;0;1397;6;Y;Y;N;N;N;N;N
395476;623;702;2016;complete;3019;0;-1;;;0;0;0;5;6;11;1;1;1;1;0;0;6;7;12;8;18;15;14;19;50;50;1;1;0;0;0;0;0;0;0;0;0;0;0;0;0;0;0;0;0;0;0;0;0;0;0;0;0;0;0;0;0;0;0;0;0;0;0;0;0;0;0;0;0;0;0;0;0;0;0;0;0;0;0;0;0;0;0;0;0;0;0;0;0;0;0;0;0;0;0;0;0;0;0;0;0;0;0;2016-09-28 22:15:00;-1;1;17;0;0;0;-1;1;-1;-1;-1;-1;-1;-1;0;0;1;1;0;2;-1;0;0;0;0;0;0;0;0;0;0;0;0;0;1;1;0;0;-1;-1;0;0;-1;-1;-1;-1;-1;-1;-1;-1;-1;0;17;17;33;67;0;50;33;33;12.33;2.33;4;1.34;Chapecoense;Independiente;1.25;2;1.33;2.33;1.33;2.33;100;84;84;67;33;42;42;25;0;0;0;1397;4;N;N;N;N;N;N;N
395477;2131;4350;2016;complete;3019;0;-1;;;0;0;0;7;2;9;0;1;3;3;0;0;5;4;16;1;21;5;10;16;50;50;3;3;0;0;0;0;0;0;0;0;0;0;0;0;0;0;0;0;0;0;0;0;0;0;0;0;0;0;0;0;0;0;0;0;0;0;0;0;0;0;0;0;0;0;0;0;0;0;0;0;0;0;0;0;0;0;0;0;0;0;0;0;0;0;0;0;0;0;0;0;0;0;0;0;0;0;0;2016-09-28 22:15:00;-1;1;30;0;25;0;-1;1;-1;-1;-1;-1;-1;-1;1;2;2;1;3;3;-1;0;0;0;0;0;0;0;0;0;0;0;0;0;1;1;0;0;-1;-1;0;0;-1;-1;-1;-1;-1;-1;-1;-1;-1;0;10;20;40;60;10;40;60;20;6.6;5;5.2;1.3;Junior;Wanderers;1.88;1.67;2.2;1.8;2.2;1.8;100;90;80;60;40;40;30;20;0;0;0;1397;6;N;N;N;N;N;N;N
395478;632;2137;2016;complete;3019;0;-1;14,31,71;77;3;1;4;5;8;13;1;3;1;2;0;0;6;4;7;0;13;4;22;12;50;50;1;2;0;0;0;0;0;0;0;0;0;0;0;0;0;0;0;0;0;0;0;0;0;0;0;0;0;0;0;0;0;0;0;0;0;0;0;0;0;0;0;0;0;0;0;0;0;0;0;0;0;0;0;0;0;0;0;0;0;0;0;0;0;0;0;0;0;0;0;0;4;2;0;1;1;2;2;2016-09-29 00:45:00;632;1;10;0;0;0;-1;1;-1;-1;-1;-1;-1;-1;0;1;1;1;1;2;-1;0;0;0;0;0;0;0;0;0;0;0;0;0;1;1;0;0;-1;-1;0;0;-1;-1;-1;-1;-1;-1;-1;-1;-1;0;0;10;57;84;10;67;64;10;13;3.47;4.27;1.5;Santa Cruz;Independiente Medellín;1.75;1.38;1.33;2;1.33;2;100;100;90;44;17;80;70;70;0;0;0;1397;4;Y;Y;Y;Y;N;N;Y
395479;697;627;2016;complete;3019;0;-1;30;43,65;1;2;3;5;7;12;7;1;1;1;0;0;7;5;6;5;13;10;14;19;50;50;1;1;0;0;0;0;0;0;0;0;0;0;0;0;0;0;0;0;0;0;0;0;0;0;0;0;0;0;0;0;0;0;0;0;0;0;0;0;0;0;0;0;0;0;0;0;0;0;0;0;0;0;0;0;0;0;0;0;0;0;0;0;0;0;0;0;0;0;0;0;3;1;1;0;1;1;2;2016-09-29 00:45:00;627;1;50;0;0;0;-1;1;-1;-1;-1;-1;-1;-1;1;0;0;1;1;1;-1;0;0;0;0;0;0;0;0;0;0;0;0;0;1;1;0;0;-1;-1;0;0;-1;-1;-1;-1;-1;-1;-1;-1;-1;0;0;50;67;100;0;67;84;67;7.67;4;6;2.17;Belgrano;Coritiba;1.5;1.17;2;1;2;1;100;100;50;33;0;50;33;33;0;0;0;1397;4;Y;Y;Y;N;N;N;Y
395480;612;2193;2016;complete;3019;0;-1;65;33,45;1;2;3;6;3;9;0;1;2;3;0;0;6;4;4;7;10;11;11;15;50;50;2;3;0;0;0;0;0;0;0;0;0;0;0;0;0;0;0;0;0;0;0;0;0;0;0;0;0;0;0;0;0;0;0;0;0;0;0;0;0;0;0;0;0;0;0;0;0;0;0;0;0;0;0;0;0;0;0;0;0;0;0;0;0;0;0;0;0;0;0;0;3;0;2;1;0;1;2;2016-09-29 00:45:00;2193;1;44;75;0;0;-1;1;-1;-1;-1;-1;-1;-1;1;1;1;2;2;3;-1;0;0;0;0;0;0;0;1;0;1;0;0;0;1;1;0;0;-1;-1;0;0;-1;-1;-1;-1;-1;-1;-1;-1;-1;17;44;54;54;100;44;54;90;27;10.87;4.47;4.07;2.84;Flamengo;Palestino;1.5;2;2;2;2;2;84;57;47;47;0;64;64;64;0;0;0;1397;4;Y;Y;Y;N;N;N;Y
395481;2846;711;2016;complete;3019;0;-1;;19,33;0;2;2;2;7;9;2;6;2;1;2;0;2;5;7;4;9;9;12;13;50;50;5;1;0;0;0;0;0;0;0;0;0;0;0;0;0;0;0;0;0;0;0;0;0;0;0;0;0;0;0;0;0;0;0;0;0;0;0;0;0;0;0;0;0;0;0;0;0;0;0;0;0;0;0;0;0;0;0;0;0;0;0;0;0;0;0;0;0;0;0;0;2;0;2;0;0;0;2;2016-09-29 22:15:00;711;1;54;0;25;0;-1;1;-1;-1;-1;-1;-1;-1;1;0;3;1;1;4;-1;0;0;0;0;0;0;0;0;0;0;0;0;0;1;1;0;0;-1;-1;0;0;-1;-1;-1;-1;-1;-1;-1;-1;-1;27;27;54;70;80;70;80;37;10;7.73;3.33;5.13;2.67;Deportivo La Guaira;San Lorenzo;1.33;1.75;1.6;2;1.6;2;74;74;47;30;20;90;90;37;0;0;0;1397;6;Y;Y;N;N;N;N;N
395482;6675;2133;2016;complete;3019;0;-1;5,10,44,89;78;4;1;5;6;1;7;0;2;5;4;0;0;7;4;5;3;12;7;15;11;50;50;5;4;0;0;0;0;0;0;0;0;0;0;0;0;0;0;0;0;0;0;0;0;0;0;0;0;0;0;0;0;0;0;0;0;0;0;0;0;0;0;0;0;0;0;0;0;0;0;0;0;0;0;0;0;0;0;0;0;0;0;0;0;0;0;0;0;0;0;0;0;5;3;0;1;1;2;3;2016-09-30 00:45:00;6675;1;0;0;0;0;-1;1;-1;-1;-1;-1;-1;-1;1;0;4;4;1;8;-1;0;0;0;0;0;0;0;1;1;1;1;0;0;1;1;2;0;-1;-1;1;0;-1;-1;-1;-1;-1;-1;-1;-1;-1;10;10;10;80;100;10;90;90;10;8.8;0.2;2.4;2.2;Cerro Porteño;Santa Fe;1.8;1.5;1.8;3;1.8;3;90;90;90;20;0;70;70;10;0;0;0;1397;2;Y;Y;Y;Y;Y;N;Y
395483;2137;6675;2016;complete;3019;0;-1;;;0;0;0;7;2;9;3;0;3;1;0;0;10;2;11;5;21;7;12;18;50;50;3;1;0;0;0;0;0;0;0;0;0;0;0;0;0;0;0;0;0;0;0;0;0;0;0;0;0;0;0;0;0;0;0;0;0;0;0;0;0;0;0;0;0;0;0;0;0;0;0;0;0;0;0;0;0;0;0;0;0;0;0;0;0;0;0;0;0;0;0;0;0;0;0;0;0;0;0;2016-10-19 00:00:00;-1;1;25;0;0;0;-1;1;-1;-1;-1;-1;-1;-1;2;1;1;0;3;1;-1;0;0;0;0;0;0;0;0;0;0;0;0;0;1;1;0;0;-1;-1;0;0;-1;-1;-1;-1;-1;-1;-1;-1;-1;17;25;33;75;100;33;92;75;33;8.84;3;4.5;2.58;Independiente Medellín;Cerro Porteño;1.38;1.8;1.67;2;1.67;2;84;75;67;25;0;50;42;34;0;0;0;1397;8;N;N;N;N;N;N;N
395484;627;2142;2016;complete;3019;0;-1;86;14;1;1;2;10;3;13;2;0;4;3;0;1;4;5;10;9;14;14;14;13;50;50;4;4;0;0;0;0;0;0;0;0;0;0;0;0;0;0;0;0;0;0;0;0;0;0;0;0;0;0;0;0;0;0;0;0;0;0;0;0;0;0;0;0;0;0;0;0;0;0;0;0;0;0;0;0;0;0;0;0;0;0;0;0;0;0;0;0;0;0;0;0;2;0;1;1;0;1;1;2016-10-19 23:45:00;-1;1;54;0;42;0;-1;1;-1;-1;-1;-1;-1;-1;2;3;2;1;5;3;-1;0;0;0;0;0;0;0;0;0;0;0;0;0;1;1;0;0;-1;-1;0;0;-1;-1;-1;-1;-1;-1;-1;-1;-1;9;9;46;71;100;13;63;92;50;7.75;3.58;4.67;2.34;Coritiba;Atlético Nacional;1.17;2;1.5;2.33;1.5;2.33;92;92;54;29;0;54;42;34;0;0;0;1397;6;Y;Y;N;N;N;N;Y
395485;2131;623;2016;complete;3019;0;-1;38;;1;0;1;10;4;14;3;0;3;1;0;0;9;4;10;3;19;7;18;9;50;50;3;1;0;0;0;0;0;0;0;0;0;0;0;0;0;0;0;0;0;0;0;0;0;0;0;0;0;0;0;0;0;0;0;0;0;0;0;0;0;0;0;0;0;0;0;0;0;0;0;0;0;0;0;0;0;0;0;0;0;0;0;0;0;0;0;0;0;0;0;0;1;1;0;0;0;0;1;2016-10-19 23:45:00;2131;1;38;0;17;0;-1;1;-1;-1;-1;-1;-1;-1;1;0;2;1;1;3;-1;0;0;0;0;0;0;0;0;0;0;0;0;0;1;1;0;0;-1;-1;0;0;-1;-1;-1;-1;-1;-1;-1;-1;-1;0;21;29;46;59;9;59;46;29;10.33;3.42;4;1.54;Junior;Chapecoense;1.88;1.25;2;1.25;2;1.25;100;79;71;54;42;50;42;34;0;0;0;1397;8;Y;N;N;N;N;N;N
395486;711;2193;2016;complete;3019;0;-1;7,34;;2;0;2;7;1;8;2;0;1;1;0;0;7;3;5;2;12;5;13;11;50;50;1;1;0;0;0;0;0;0;0;0;0;0;0;0;0;0;0;0;0;0;0;0;0;0;0;0;0;0;0;0;0;0;0;0;0;0;0;0;0;0;0;0;0;0;0;0;0;0;0;0;0;0;0;0;0;0;0;0;0;0;0;0;0;0;0;0;0;0;0;0;2;2;0;0;0;0;2;2016-10-21 00:00:00;711;1;42;42;0;0;-1;1;-1;-1;-1;-1;-1;-1;1;0;0;1;1;1;-1;0;0;0;0;0;0;0;0;0;0;0;0;0;1;1;1;0;-1;-1;0;0;-1;-1;-1;-1;-1;-1;-1;-1;-1;13;21;50;75;100;67;75;54;9;8.17;4.17;3.67;2.59;San Lorenzo;Palestino;1.75;2;2.25;2.17;2.25;2.17;88;79;50;25;0;84;63;38;0;0;0;1397;8;Y;Y;N;N;N;N;N
395487;6675;2137;2016;complete;3019;0;-1;34,73;;2;0;2;5;1;6;2;0;2;4;0;1;5;5;7;4;12;9;9;20;50;50;2;6;0;0;0;0;0;0;0;0;0;0;0;0;0;0;0;0;0;0;0;0;0;0;0;0;0;0;0;0;0;0;0;0;0;0;0;0;0;0;0;0;0;0;0;0;0;0;0;0;0;0;0;0;0;0;0;0;0;0;0;0;0;0;0;0;0;0;0;0;2;1;0;1;0;1;1;2016-10-26 00:00:00;6675;1;22;0;33;0;-1;1;-1;-1;-1;-1;-1;-1;0;2;2;3;2;5;-1;0;0;0;0;0;0;0;1;0;1;0;0;0;1;1;0;0;-1;-1;0;0;-1;-1;-1;-1;-1;-1;-1;-1;-1;15;22;29;64;86;29;79;64;29;8.86;3;4.43;2.22;Cerro Porteño;Independiente Medellín;1.8;1.38;1.86;1.57;1.86;1.57;86;79;71;36;14;57;36;29;0;0;0;1397;8;Y;Y;N;N;N;N;N
395488;2142;627;2016;complete;3019;0;-1;52,60,73;44;3;1;4;11;2;13;2;5;3;1;0;0;6;3;10;4;16;7;23;13;50;50;3;1;0;0;0;0;0;0;0;0;0;0;0;0;0;0;0;0;0;0;0;0;0;0;0;0;0;0;0;0;0;0;0;0;0;0;0;0;0;0;0;0;0;0;0;0;0;0;0;0;0;0;0;0;0;0;0;0;0;0;0;0;0;0;0;0;0;0;0;0;4;0;1;3;0;3;1;2016-10-26 23:45:00;2142;1;62;25;0;0;-1;1;-1;-1;-1;-1;-1;-1;0;0;3;1;0;4;-1;0;0;0;0;0;0;0;1;0;1;0;0;0;1;1;0;0;-1;-1;0;0;-1;-1;-1;-1;-1;-1;-1;-1;-1;7;7;37;76;100;10;69;93;42;8.86;3.37;5.26;2.27;Atlético Nacional;Coritiba;2;1.17;2.14;1.4;2.14;1.4;93;93;63;25;0;62;52;45;0;0;0;1397;6;Y;Y;Y;Y;N;N;Y
395489;623;2131;2016;complete;3019;0;-1;36,44,77;;3;0;3;14;2;16;1;2;2;2;0;0;7;2;12;2;19;4;13;15;50;50;2;2;0;0;0;0;0;0;0;0;0;0;0;0;0;0;0;0;0;0;0;0;0;0;0;0;0;0;0;0;0;0;0;0;0;0;0;0;0;0;0;0;0;0;0;0;0;0;0;0;0;0;0;0;0;0;0;0;0;0;0;0;0;0;0;0;0;0;0;0;3;2;0;1;0;1;2;2016-10-26 23:45:00;623;1;32;17;0;0;-1;1;-1;-1;-1;-1;-1;-1;0;2;2;0;2;2;-1;0;0;0;0;0;0;0;0;0;0;0;0;0;1;1;0;0;-1;-1;0;0;-1;-1;-1;-1;-1;-1;-1;-1;-1;0;17;25;39;66;7;66;39;25;10.54;3.29;3.97;1.46;Chapecoense;Junior;1.25;1.88;1;2.14;1;2.14;100;83;76;62;35;59;52;45;0;0;0;1397;8;Y;Y;Y;N;N;N;N
395490;2193;711;2016;complete;3019;0;-1;70;;1;0;1;4;5;9;1;2;3;1;0;1;10;2;12;4;22;6;23;10;50;50;3;3;0;0;0;0;0;0;0;0;0;0;0;0;0;0;0;0;0;0;0;0;0;0;0;0;0;0;0;0;0;0;0;0;0;0;0;0;0;0;0;0;0;0;0;0;0;0;0;0;0;0;0;0;0;0;0;0;0;0;0;0;0;0;0;0;0;0;0;0;1;0;0;1;0;1;0;2016-10-28 00:00:00;2193;1;35;0;0;0;-1;1;-1;-1;-1;-1;-1;-1;1;0;2;2;1;4;-1;0;0;0;0;0;0;0;0;0;0;0;0;0;1;1;0;0;-1;-1;0;0;-1;-1;-1;-1;-1;-1;-1;-1;-1;10;17;42;79;100;72;79;46;7;8.26;3.83;3.37;2.47;Palestino;San Lorenzo;2;1.75;1.86;2.4;1.86;2.4;90;83;59;22;0;69;52;32;0;0;0;1397;8;Y;N;N;N;N;N;N
395491;6675;2142;2016;complete;3019;0;-1;45;83;1;1;2;2;1;3;2;0;4;4;0;1;3;5;3;1;6;6;14;19;50;50;4;6;0;0;0;0;0;0;0;0;0;0;0;0;0;0;0;0;0;0;0;0;0;0;0;0;0;0;0;0;0;0;0;0;0;0;0;0;0;0;0;0;0;0;0;0;0;0;0;0;0;0;0;0;0;0;0;0;0;0;0;0;0;0;0;0;0;0;0;0;2;1;0;0;1;1;1;2016-11-01 23:45:00;-1;1;32;0;25;0;-1;1;-1;-1;-1;-1;-1;-1;1;0;3;5;1;8;-1;0;0;0;0;0;0;0;1;0;1;0;0;0;1;1;0;0;-1;-1;0;0;-1;-1;-1;-1;-1;-1;-1;-1;-1;19;25;25;69;94;13;69;82;38;8.75;2.01;5.38;2.38;Cerro Porteño;Atlético Nacional;1.8;2;2;2.25;2;2.25;82;75;75;32;7;44;38;26;0;0;0;1397;10;Y;Y;N;N;N;N;Y
395492;711;623;2016;complete;3019;0;-1;30;62;1;1;2;7;8;15;1;1;1;3;0;0;4;5;7;7;11;12;7;16;50;50;1;3;0;0;0;0;0;0;0;0;0;0;0;0;0;0;0;0;0;0;0;0;0;0;0;0;0;0;0;0;0;0;0;0;0;0;0;0;0;0;0;0;0;0;0;0;0;0;0;0;0;0;0;0;0;0;0;0;0;0;0;0;0;0;0;0;0;0;0;0;2;1;0;0;1;1;1;2016-11-02 23:45:00;-1;1;25;17;0;0;-1;1;-1;-1;-1;-1;-1;-1;1;1;0;2;2;2;-1;0;0;0;0;0;0;0;0;0;0;0;0;0;1;1;0;0;-1;-1;1;0;-1;-1;-1;-1;-1;-1;-1;-1;-1;9;17;33;58;84;50;75;33;9;13.13;3.33;3.5;2;San Lorenzo;Chapecoense;1.75;1.25;2;1.33;2;1.33;92;83;67;42;17;82;65;49;0;0;0;1397;8;Y;Y;N;N;N;N;Y
395493;623;711;2016;complete;3019;0;-1;;;0;0;0;4;7;11;4;1;2;3;0;0;3;4;4;7;7;11;21;17;50;50;2;3;0;0;0;0;0;0;0;0;0;0;0;0;0;0;0;0;0;0;0;0;0;0;0;0;0;0;0;0;0;0;0;0;0;0;0;0;0;0;0;0;0;0;0;0;0;0;0;0;0;0;0;0;0;0;0;0;0;0;0;0;0;0;0;0;0;0;0;0;0;0;0;0;0;0;0;2016-11-23 23:45:00;-1;1;36;0;0;0;-1;1;-1;-1;-1;-1;-1;-1;0;0;2;3;0;5;-1;0;0;0;0;0;0;0;0;0;0;0;0;0;1;1;0;0;-1;-1;0;0;-1;-1;-1;-1;-1;-1;-1;-1;-1;7;14;29;65;86;43;79;43;7;13.4;3.14;3.57;2;Chapecoense;San Lorenzo;1.25;1.75;1.29;1.86;1.29;1.86;93;86;71;36;15;85;70;56;0;0;0;1397;8;N;N;N;N;N;N;N
395494;2142;6675;2016;complete;3019;0;-1;;;0;0;0;8;7;15;2;3;1;3;0;1;0;4;10;6;10;10;16;10;50;50;1;5;0;0;0;0;0;0;0;0;0;0;0;0;0;0;0;0;0;0;0;0;0;0;0;0;0;0;0;0;0;0;0;0;0;0;0;0;0;0;0;0;0;0;0;0;0;0;0;0;0;0;0;0;0;0;0;0;0;0;0;0;0;0;0;0;0;0;0;0;0;0;0;0;0;0;0;2016-11-25 00:45:00;-1;1;39;0;0;0;-1;1;-1;-1;-1;-1;-1;-1;0;0;1;4;0;5;-1;0;0;0;0;0;0;0;0;0;0;0;0;0;1;1;0;0;-1;-1;0;0;-1;-1;-1;-1;-1;-1;-1;-1;-1;17;22;22;73;95;11;73;84;33;8.11;2;5.89;2.33;Atlético Nacional;Cerro Porteño;2;1.8;2.11;1.89;2.11;1.89;84;78;78;28;6;39;33;22;0;0;0;1397;10;N;N;N;N;N;N;N
