ID;HOMEID;AWAYID;SEASON;STATUS;ROUNDID;GAME_WEEK;REVISED_GAME_WEEK;HOMEGOALS;AWAYGOALS;HOMEGOALCOUNT;AWAYGOALCOUNT;TOTALGOALCOUNT;TEAM_A_CORNERS;TEAM_B_CORNERS;TOTALCORNERCOUNT;TEAM_A_OFFSIDES;TEAM_B_OFFSIDES;TEAM_A_YELLOW_CARDS;TEAM_B_YELLOW_CARDS;TEAM_A_RED_CARDS;TEAM_B_RED_CARDS;TEAM_A_SHOTSONTARGET;TEAM_B_SHOTSONTARGET;TEAM_A_SHOTSOFFTARGET;TEAM_B_SHOTSOFFTARGET;TEAM_A_SHOTS;TEAM_B_SHOTS;TEAM_A_FOULS;TEAM_B_FOULS;TEAM_A_POSSESSION;TEAM_B_POSSESSION;TEAM_A_CARDS_NUM;TEAM_B_CARDS_NUM;ODDS_FT_1;ODDS_FT_X;ODDS_FT_2;ODDS_FT_OVER05;ODDS_FT_OVER15;ODDS_FT_OVER25;ODDS_FT_OVER35;ODDS_FT_OVER45;ODDS_FT_UNDER05;ODDS_FT_UNDER15;ODDS_FT_UNDER25;ODDS_FT_UNDER35;ODDS_FT_UNDER45;ODDS_BTTS_YES;ODDS_BTTS_NO;ODDS_TEAM_A_CS_YES;ODDS_TEAM_A_CS_NO;ODDS_TEAM_B_CS_YES;ODDS_TEAM_B_CS_NO;ODDS_DOUBLECHANCE_1X;ODDS_DOUBLECHANCE_12;ODDS_DOUBLECHANCE_X2;ODDS_1ST_HALF_RESULT_1;ODDS_1ST_HALF_RESULT_X;ODDS_1ST_HALF_RESULT_2;ODDS_2ND_HALF_RESULT_1;ODDS_2ND_HALF_RESULT_X;ODDS_2ND_HALF_RESULT_2;ODDS_DNB_1;ODDS_DNB_2;ODDS_CORNERS_OVER_75;ODDS_CORNERS_OVER_85;ODDS_CORNERS_OVER_95;ODDS_CORNERS_OVER_105;ODDS_CORNERS_OVER_115;ODDS_CORNERS_UNDER_75;ODDS_CORNERS_UNDER_85;ODDS_CORNERS_UNDER_95;ODDS_CORNERS_UNDER_105;ODDS_CORNERS_UNDER_115;ODDS_CORNERS_1;ODDS_CORNERS_X;ODDS_CORNERS_2;ODDS_TEAM_TO_SCORE_FIRST_1;ODDS_TEAM_TO_SCORE_FIRST_X;ODDS_TEAM_TO_SCORE_FIRST_2;ODDS_WIN_TO_NIL_1;ODDS_WIN_TO_NIL_2;ODDS_1ST_HALF_OVER05;ODDS_1ST_HALF_OVER15;ODDS_1ST_HALF_OVER25;ODDS_1ST_HALF_OVER35;ODDS_1ST_HALF_UNDER05;ODDS_1ST_HALF_UNDER15;ODDS_1ST_HALF_UNDER25;ODDS_1ST_HALF_UNDER35;ODDS_2ND_HALF_OVER05;ODDS_2ND_HALF_OVER15;ODDS_2ND_HALF_OVER25;ODDS_2ND_HALF_OVER35;ODDS_2ND_HALF_UNDER05;ODDS_2ND_HALF_UNDER15;ODDS_2ND_HALF_UNDER25;ODDS_2ND_HALF_UNDER35;ODDS_BTTS_1ST_HALF_YES;ODDS_BTTS_1ST_HALF_NO;ODDS_BTTS_2ND_HALF_YES;ODDS_BTTS_2ND_HALF_NO;OVERALLGOALCOUNT;HT_GOALS_TEAM_A;HT_GOALS_TEAM_B;GOALS_2HG_TEAM_A;GOALS_2HG_TEAM_B;GOALCOUNT_2HG;HTGOALCOUNT;DATE_UNIX;WINNINGTEAM;NO_HOME_AWAY;BTTS_POTENTIAL;BTTS_FHG_POTENTIAL;BTTS_2HG_POTENTIAL;GOALTIMINGDISABLED;CORNER_TIMINGS_RECORDED;CARD_TIMINGS_RECORDED;TEAM_A_FH_CORNERS;TEAM_B_FH_CORNERS;TEAM_A_2H_CORNERS;TEAM_B_2H_CORNERS;CORNER_FH_COUNT;CORNER_2H_COUNT;TEAM_A_FH_CARDS;TEAM_B_FH_CARDS;TEAM_A_2H_CARDS;TEAM_B_2H_CARDS;TOTAL_FH_CARDS;TOTAL_2H_CARDS;ATTACKS_RECORDED;TEAM_A_DANGEROUS_ATTACKS;TEAM_B_DANGEROUS_ATTACKS;TEAM_A_ATTACKS;TEAM_B_ATTACKS;TEAM_A_XG;TEAM_B_XG;TOTAL_XG;TEAM_A_PENALTIES_WON;TEAM_B_PENALTIES_WON;TEAM_A_PENALTY_GOALS;TEAM_B_PENALTY_GOALS;TEAM_A_PENALTY_MISSED;TEAM_B_PENALTY_MISSED;PENS_RECORDED;GOAL_TIMINGS_RECORDED;TEAM_A_0_10_MIN_GOALS;TEAM_B_0_10_MIN_GOALS;TEAM_A_CORNERS_0_10_MIN;TEAM_B_CORNERS_0_10_MIN;TEAM_A_CARDS_0_10_MIN;TEAM_B_CARDS_0_10_MIN;THROWINS_RECORDED;TEAM_A_THROWINS;TEAM_B_THROWINS;FREEKICKS_RECORDED;TEAM_A_FREEKICKS;TEAM_B_FREEKICKS;GOALKICKS_RECORDED;TEAM_A_GOALKICKS;TEAM_B_GOALKICKS;O45_POTENTIAL;O35_POTENTIAL;O25_POTENTIAL;O15_POTENTIAL;O05_POTENTIAL;O15HT_POTENTIAL;O05HT_POTENTIAL;O05_2H_POTENTIAL;O15_2H_POTENTIAL;CORNERS_POTENTIAL;OFFSIDES_POTENTIAL;CARDS_POTENTIAL;AVG_POTENTIAL;HOME_NAME;AWAY_NAME;HOME_PPG;AWAY_PPG;PRE_MATCH_HOME_PPG;PRE_MATCH_AWAY_PPG;PRE_MATCH_TEAMA_OVERALL_PPG;PRE_MATCH_TEAMB_OVERALL_PPG;U45_POTENTIAL;U35_POTENTIAL;U25_POTENTIAL;U15_POTENTIAL;U05_POTENTIAL;CORNERS_O85_POTENTIAL;CORNERS_O95_POTENTIAL;CORNERS_O105_POTENTIAL;TEAM_A_XG_PREMATCH;TEAM_B_XG_PREMATCH;TOTAL_XG_PREMATCH;COMPETITION_ID;MATCHES_COMPLETED_MINIMUM;OVER05;OVER15;OVER25;OVER35;OVER45;OVER55;BTTS
395252;6677;4325;2018;complete;3013;0;-1;20,35;;2;0;2;6;6;12;1;3;1;1;0;0;5;3;9;8;14;11;22;14;40;60;1;1;1.51;3.95;6.7;1.11;1.46;2.38;4.9;11.5;9.6;3.15;1.71;1.25;1.09;2.46;1.53;1.72;2;4.5;1.18;1.14;1.29;2.15;2.17;2.05;5.8;2;2.32;6.2;0;0;0;0;0;0;0;0;0;0;0;0;0;0;0;1.45;2.66;3.8;2.1;9.5;0;0;0;0;0;0;0;0;1.55;3.7;10.5;26;2.78;1.35;1.03;1.01;0;0;0;0;2;2;0;0;0;0;2;2018-02-13 22:15:00;6677;1;0;0;0;0;1;1;2;1;4;5;3;9;1;1;0;0;2;0;1;71;77;101;123;1.75;1.47;3.21;0;0;0;0;0;0;1;1;0;0;2;0;0;0;-1;-1;-1;-1;-1;-1;-1;-1;-1;0;0;0;0;0;0;0;0;0;0;0;0;0;Sportivo Luqueño;Deportivo Cuenca;1.5;0.83;0;0;0;0;0;0;0;0;0;0;0;0;0;0;0;1395;2;Y;Y;N;N;N;N;N
395253;2801;4355;2018;complete;3013;0;-1;34,62;;2;0;2;6;5;11;1;1;3;4;0;1;3;4;3;5;6;9;20;17;53;47;3;5;0;0;0;0;0;0;0;0;0;0;0;0;0;2.25;1.57;2.2;1.61;2.75;1.39;0;0;0;0;0;0;0;0;0;0;0;0;0;0;0;0;0;0;0;0;0;0;0;0;1.9;5.5;2.5;3.39;4.75;0;0;0;0;0;0;0;0;1.61;4;13;0;2.2;1.22;1.04;0;0;0;0;0;2;1;0;1;0;1;1;2018-02-13 22:15:00;2801;1;0;0;0;0;1;1;3;2;3;3;5;6;2;2;1;3;4;4;1;63;89;114;107;1.06;1.49;2.55;0;0;0;0;0;0;1;1;0;0;0;0;0;0;-1;-1;-1;-1;-1;-1;-1;-1;-1;0;0;0;0;0;0;0;0;0;0;0;0;0;UTC Cajamarca;Rampla Juniors;1.5;1;0;0;0;0;0;0;0;0;0;0;0;0;0;0;0;1395;2;Y;Y;N;N;N;N;N
395254;2857;707;2018;complete;3013;0;-1;;6,86;0;2;2;4;1;5;1;4;2;1;0;0;4;9;8;5;12;14;11;22;56;44;2;1;0;0;0;0;0;0;0;0;0;0;0;0;0;2.2;1.61;3;1.36;2.25;1.57;0;0;0;0;0;0;4.05;2.06;2.77;0;0;0;0;0;0;0;0;0;0;0;0;0;0;0;2.5;6.5;1.8;5;3.39;0;0;0;0;0;0;0;0;1.57;3.75;11;0;2.25;1.25;1.05;0;0;0;0;0;2;0;1;0;1;1;1;2018-02-14 00:30:00;707;1;0;0;0;0;1;1;3;0;1;1;3;2;1;0;1;1;1;2;1;36;27;58;57;1.29;1.7;3;0;0;0;0;0;0;1;1;0;1;0;0;0;0;-1;-1;-1;-1;-1;-1;-1;-1;-1;0;0;0;0;0;0;0;0;0;0;0;0;0;Zamora;Colón;0;1.67;0;0;0;0;0;0;0;0;0;0;0;0;0;0;0;1395;2;Y;Y;N;N;N;N;N
395255;6676;2849;2018;complete;3013;0;-1;;;0;0;0;7;2;9;2;0;1;1;0;0;6;0;8;5;14;5;19;13;59;41;1;1;1.49;4.4;9.4;1.11;1.49;2.44;4.9;11.5;9.2;2.96;1.67;1.25;1.08;2.62;1.54;1.66;2.1;4.5;1.18;1.06;1.24;2.61;1.94;2.17;8.6;1.85;2.3;6.5;0;0;0;0;1.9;0;0;0;0;1.8;0;0;0;0;0;1.35;10;3;2;10;0;0;0;0;0;0;0;0;1.43;3.75;11;17;2.7;1.35;1.08;1.01;0;0;0;0;0;0;0;0;0;0;0;2018-02-15 22:15:00;-1;1;0;0;0;0;1;1;3;0;4;2;3;6;0;0;1;1;0;2;1;103;44;151;109;2.05;0.65;2.71;0;0;0;0;0;0;1;1;0;0;0;0;0;0;-1;-1;-1;-1;-1;-1;-1;-1;-1;0;0;0;0;0;0;0;0;0;0;0;0;0;Nacional Asunción;Mineros de Guayana;1.25;1;0;0;0;0;0;0;0;0;0;0;0;0;0;0;0;1395;2;N;N;N;N;N;N;N
395256;2190;2812;2018;complete;3013;0;-1;;;0;0;0;5;1;6;2;0;1;2;0;1;5;0;8;9;13;9;14;15;61;39;1;3;1.24;6.6;20;1.08;1.31;1.93;3.5;7.6;12.5;4;2.02;1.38;1.14;3.09;1.41;1.39;2.75;7;1.1;1.01;1.14;3.88;1.61;2.46;15.5;1.67;2.6;7;0;0;0;0;1.8;0;0;0;0;1.9;0;0;0;0;0;1.25;12;3.6;1.57;19;0;0;0;0;0;0;0;0;1.31;3.05;8;17;3.26;1.48;1.11;1.01;0;0;0;0;0;0;0;0;0;0;0;2018-02-16 00:30:00;-1;1;0;0;0;0;1;1;3;0;2;1;3;3;1;0;0;3;1;3;1;65;27;89;82;1.64;0.77;2.41;0;0;0;0;0;0;1;1;0;0;0;0;0;0;-1;-1;-1;-1;-1;-1;-1;-1;-1;0;0;0;0;0;0;0;0;0;0;0;0;0;Unión Española;Sport Huancayo;0.5;1;0;0;0;0;0;0;0;0;0;0;0;0;0;0;0;1395;2;N;N;N;N;N;N;N
395257;701;2141;2018;complete;3013;0;-1;;44;0;1;1;11;4;15;2;0;2;3;0;0;4;5;16;4;20;9;10;10;59;41;2;3;1.87;3.3;5.9;1.16;1.62;2.96;6.4;15.5;7;2.52;1.49;1.18;1.06;2.5;1.58;1.72;2;3.5;1.28;1.17;1.33;1.89;2.44;1.91;6.3;2.3;2.05;5;0;0;0;0;2;0;0;0;0;1.72;0;0;0;0;0;1.6;8;2.35;2.37;7;0;0;0;0;0;0;0;0;1.57;4.7;13.5;17;2.31;1.26;1.06;1.01;0;0;0;0;1;0;1;0;0;0;1;2018-02-16 00:30:00;2141;1;0;0;0;0;1;1;2;0;9;4;2;13;1;1;1;2;2;3;1;97;50;121;102;2.24;1.29;3.52;0;1;0;1;0;0;1;1;0;0;0;0;0;0;-1;-1;-1;-1;-1;-1;-1;-1;-1;0;0;0;0;0;0;0;0;0;0;0;0;0;Defensa y Justicia;América de Cali;1.63;1.5;0;0;0;0;0;0;0;0;0;0;0;0;0;0;0;1395;2;Y;N;N;N;N;N;N
395258;2802;4360;2018;complete;3013;0;-1;;;0;0;0;3;4;7;3;2;2;4;0;0;5;2;6;5;11;7;13;17;60;40;2;4;2.11;3.14;3.84;0;0;2.4;0;0;0;0;1.6;0;0;2.41;1.57;1.8;1.9;4.33;1.19;0;0;0;2.75;1.95;4.6;1.97;2.28;6.8;0;0;0;0;0;2;0;0;0;0;1.72;0;0;0;0;1.44;7;3.6;2.29;8.5;0;0;0;0;0;0;0;0;1.45;3.5;11;26;2.63;1.28;1.05;1.01;0;0;0;0;0;0;0;0;0;0;0;2018-02-20 22:15:00;-1;1;0;0;0;0;1;1;2;2;1;2;4;3;2;1;0;3;3;3;1;63;57;97;83;1.5;1;2.5;0;0;0;0;0;0;1;1;0;0;0;0;0;0;-1;-1;-1;-1;-1;-1;-1;-1;-1;0;0;0;0;0;0;0;0;0;0;0;0;0;Sport Rosario;Cerro;0.5;1.25;0;0;0;0;0;0;0;0;0;0;0;0;0;0;0;1395;2;N;N;N;N;N;N;N
395259;4322;6683;2018;complete;3013;0;-1;;;0;0;0;12;5;17;1;2;1;3;1;0;7;2;12;5;19;7;20;14;59;41;3;3;1.45;4.3;11.5;1.06;1.33;2.15;4.1;7.7;8.6;3.25;1.74;1.23;1.07;2.65;1.52;1.61;2.2;5.5;1.14;1.05;1.23;2.63;1.92;2.14;9.5;1.85;2.38;6.5;0;0;0;0;1.8;0;0;0;0;1.9;0;0;0;0;0;1.33;8;4;1.9;12;0;0;0;0;0;0;0;0;1.42;3.7;10.5;26;2.74;1.35;1.08;1.01;0;0;0;0;0;0;0;0;0;0;0;2018-02-21 00:30:00;-1;1;0;0;0;0;1;1;3;5;9;0;8;9;1;0;1;3;1;4;1;83;49;51;39;2.26;0.93;3.19;0;0;0;0;0;0;1;1;0;0;2;3;0;0;-1;-1;-1;-1;-1;-1;-1;-1;-1;0;0;0;0;0;0;0;0;0;0;0;0;0;Barcelona;General Díaz;0.5;1.25;0;0;0;0;0;0;0;0;0;0;0;0;0;0;0;1395;2;N;N;N;N;N;N;N
395260;704;2804;2018;complete;3013;0;-1;15,29,32,86;22,53;4;2;6;3;3;6;1;3;4;4;0;0;7;4;9;7;16;11;18;21;50;50;4;4;1.57;3.89;6;1.08;1.39;2.2;4;9;8.5;2.75;1.64;1.22;1.07;2.2;1.61;1.9;1.8;4.5;1.18;1.11;1.26;2.26;2.36;2.26;6.8;1.88;2.44;6.6;0;0;0;0;0;0;0;0;0;0;0;0;0;0;0;1.39;8.5;3.5;2.37;8;0;0;0;0;0;0;0;0;1.44;3.25;10;26;2.62;1.33;1.06;1.01;0;0;0;0;6;3;1;1;1;2;4;2018-02-21 22:15:00;704;1;0;0;0;0;1;1;2;2;1;1;4;2;2;3;2;1;5;3;1;54;60;92;79;1.89;1.41;3.29;1;1;1;1;0;0;1;1;0;0;1;0;0;0;-1;-1;-1;-1;-1;-1;-1;-1;-1;0;0;0;0;0;0;0;0;0;0;0;0;0;Lanús;Sporting Cristal;1.5;1.5;0;0;0;0;0;0;0;0;0;0;0;0;0;0;0;1395;2;Y;Y;Y;Y;Y;Y;Y
395261;4327;2264;2018;complete;3013;0;-1;26,38,70;23,51;3;2;5;5;5;10;1;0;1;2;0;0;7;0;6;0;13;0;12;5;57;100;1;2;1.5;4.3;8.8;1.07;1.3;2.4;3.5;7;9;3.39;1.6;1.28;1.1;2.26;1.62;1.83;1.83;6;1.12;1.08;1.22;2.6;1.93;2.27;7.4;1.75;2.5;6.5;0;0;0;0;1.83;0;0;0;0;1.83;0;0;0;0;0;1.33;9;4;2.1;12;0;0;0;0;0;0;0;0;1.46;3;8;23;2.6;1.36;1.08;1.01;0;0;0;0;5;2;1;1;1;2;3;2018-02-22 22:15:00;4327;1;0;0;0;0;1;1;4;4;1;1;8;2;1;2;0;0;3;0;1;55;0;120;1;1.72;0;1.72;1;0;1;0;0;0;1;1;0;0;1;1;0;0;-1;-1;-1;-1;-1;-1;-1;-1;-1;0;0;0;0;0;0;0;0;0;0;0;0;0;CD El Nacional;San José;1.75;0.5;0;0;0;0;0;0;0;0;0;0;0;0;0;0;0;1395;2;Y;Y;Y;Y;Y;N;Y
395262;2187;2845;2018;complete;3013;0;-1;74;76,90;1;2;3;11;0;11;6;0;2;3;0;0;7;4;8;7;15;11;9;23;50;50;2;3;1.57;4;7.8;1.08;1.4;2.3;4.33;9.5;7.5;2.75;1.65;1.2;1.06;2.53;1.49;1.72;2;4.5;1.18;1.1;1.01;2.4;2.02;2.13;7.8;1.95;2.3;5.8;0;0;0;0;1.83;0;0;0;0;1.83;0;0;0;0;0;1.44;7.5;3.8;2.1;10;0;0;0;0;0;0;0;0;1.42;3.39;10;26;2.74;1.3;1.06;1.01;0;0;0;0;3;0;0;1;2;3;0;2018-02-23 00:30:00;2845;1;0;0;0;0;1;1;7;0;4;0;7;4;0;0;2;3;0;5;1;0;0;0;0;2.18;1.31;3.48;1;0;1;0;0;0;1;1;0;0;0;0;0;0;-1;-1;-1;-1;-1;-1;-1;-1;-1;0;0;0;0;0;0;0;0;0;0;0;0;0;Everton;Caracas;1.5;1.5;0;0;0;0;0;0;0;0;0;0;0;0;0;0;0;1395;2;Y;Y;Y;N;N;N;Y
395263;2264;4327;2018;complete;3013;0;-1;59;80;1;1;2;4;4;8;5;3;2;5;1;0;0;4;0;3;0;7;11;24;100;40;4;5;1.72;4.2;5.3;1.05;1.25;1.75;2.86;5.6;18;4.7;2.3;1.52;1.2;1.7;2.22;2.62;1.44;6;1.12;1.2;1.22;2.1;2.06;2.41;5.2;2.19;2.44;4.4;0;0;0;0;1.9;0;0;0;0;1.8;0;0;0;0;0;1.44;15;2.75;3.1;9.5;0;0;0;0;0;0;0;0;1.36;2.29;6.4;17;3.6;1.58;1.16;1.02;0;0;0;0;2;0;0;1;1;2;0;2018-03-06 22:15:00;-1;1;100;0;0;0;1;1;2;1;2;3;3;5;1;1;2;4;2;6;-1;0;0;0;0;0;0;0;0;0;0;0;0;0;1;1;0;0;0;0;0;0;-1;-1;-1;-1;-1;-1;-1;-1;-1;100;100;100;100;100;100;100;100;100;10;1;3;5;San José;CD El Nacional;0.5;1.75;0;3;0;3;0;0;0;0;0;100;100;0;0;0;0;1395;2;Y;Y;N;N;N;N;Y
395264;707;2857;2018;complete;3013;0;-1;70;;1;0;1;7;3;10;1;0;0;1;0;0;4;4;7;9;11;13;17;16;55;45;0;1;1.36;4.5;9;1.08;1.36;2.14;4;9;8.5;3;1.66;1.22;1.07;2.62;1.44;1.61;2.2;5.5;1.14;0;0;0;0;0;0;0;0;0;0;0;0;0;1.9;0;0;0;0;1.8;0;0;0;0;0;1.25;8.5;5;1.83;12;0;0;0;0;0;0;0;0;1.44;3.25;9;26;2.62;1.33;1.07;1.01;0;0;0;0;1;0;0;1;0;1;0;2018-03-07 00:45:00;707;1;0;0;0;0;1;1;6;1;1;2;7;3;0;0;0;1;0;1;1;74;72;130;111;1.52;1.62;3.14;0;0;0;0;0;0;1;1;0;0;0;0;0;0;-1;-1;-1;-1;-1;-1;-1;-1;-1;0;0;0;100;100;0;100;100;0;5;5;3;2;Colón;Zamora;1.67;0;3;0;3;0;100;100;100;0;0;0;0;0;0;0;0;1395;2;Y;N;N;N;N;N;N
395265;2845;2187;2018;complete;3013;0;-1;;64;0;1;1;4;11;15;1;2;3;1;0;0;4;6;5;10;9;16;16;7;50;50;3;1;3.6;3.45;2.28;1.1;1.4;2.2;4.2;9.4;10.5;3.35;1.81;1.3;1.11;1.91;1.87;3.75;1.25;2.75;1.39;1.57;1.3;1.33;3.94;2.05;2.85;3.14;2.24;3.05;0;0;0;0;1.83;0;0;0;0;1.83;0;0;0;0;0;2.35;8.5;1.8;5.5;3.75;0;0;0;0;0;0;0;0;1.38;3.25;7.5;17;2.9;1.33;1.07;1.01;0;0;0;0;1;0;0;0;1;1;0;2018-03-07 00:45:00;2187;1;100;0;0;0;1;1;1;7;3;4;8;7;2;0;1;1;2;2;1;0;0;0;0;1.21;2.03;3.24;0;0;0;0;0;0;1;1;0;0;0;1;0;0;-1;-1;-1;-1;-1;-1;-1;-1;-1;0;0;100;100;100;0;0;100;100;11;6;5;3;Caracas;Everton;1.5;1.5;3;0;3;0;100;100;0;0;0;100;100;100;0;0;0;1395;2;Y;N;N;N;N;N;N
395266;4360;2802;2018;complete;3013;0;-1;66,74;;2;0;2;3;5;8;3;1;6;5;0;1;7;2;3;4;10;6;20;21;50;50;6;6;1.33;4.25;8.6;1.1;1.39;2.31;4.33;10;7.5;2.75;1.66;1.19;1.06;2.83;1.41;1.5;2.5;6;1.12;1.04;1.18;2.95;1.95;2.1;7.5;1.71;2.55;8;0;0;0;0;1.8;0;0;0;0;1.9;0;0;0;0;0;1.25;7.5;5.5;1.83;15;0;0;0;0;0;0;0;0;1.5;3.39;10;26;2.5;1.3;1.06;1.01;0;0;0;0;2;0;0;2;0;2;0;2018-03-07 22:15:00;4360;1;0;0;0;0;1;1;2;5;1;0;7;1;2;3;4;3;5;7;1;58;44;97;99;1.55;0.85;2.39;0;0;0;0;0;0;1;1;0;0;0;0;1;0;-1;-1;-1;-1;-1;-1;-1;-1;-1;0;0;0;0;0;0;0;0;0;7;5;6;0;Cerro;Sport Rosario;1.25;0.5;1;1;1;1;100;100;100;100;100;0;0;0;0;0;0;1395;2;Y;Y;N;N;N;N;N
395267;6683;4322;2018;complete;3013;0;-1;48,71;61;2;1;3;5;5;10;0;2;4;5;1;0;6;2;3;6;9;8;25;13;42;58;5;5;4.3;3.15;2.14;1.15;1.65;3;6.6;16.5;7;2.48;1.49;1.17;1.06;2.4;1.55;3;1.36;2.1;1.66;1.55;1.36;1.29;4.8;1.73;3;3.8;2;2.75;0;0;0;0;1.9;0;0;0;0;1.8;0;0;0;0;0;2.55;6;1.83;5;3.1;0;0;0;0;0;0;0;0;1.61;4;13;17;2.2;1.22;1.04;1.01;0;0;0;0;3;0;0;2;1;3;0;2018-03-07 22:15:00;6683;1;0;0;0;0;1;1;2;4;3;1;6;4;2;3;3;2;5;5;1;37;56;80;106;1.26;1.06;2.32;1;0;1;0;0;0;1;1;0;0;1;1;0;0;-1;-1;-1;-1;-1;-1;-1;-1;-1;0;0;0;0;0;0;0;0;0;17;3;6;0;General Díaz;Barcelona;1.25;0.5;1;1;1;1;100;100;100;100;100;100;100;100;0;0;0;1395;2;Y;Y;Y;N;N;N;Y
395268;4325;6677;2018;complete;3013;0;-1;74,82;;2;0;2;11;5;16;1;1;2;5;2;0;7;3;9;6;16;9;13;20;61;39;5;5;1.65;3.5;5.5;1.07;1.36;2.1;3.9;7.5;9;3;1.7;1.22;1.08;2.21;1.64;2;1.72;4.5;1.18;1.13;1.27;2.17;2.3;1.95;5.8;2.1;2.3;4.6;0;0;0;1.72;0;0;0;0;2;0;0;0;0;0;0;1.5;8.5;3.2;2.5;8.5;0;0;0;0;0;0;0;0;1.44;3.25;9;26;2.62;1.33;1.07;1.01;0;0;0;0;2;0;0;2;0;2;0;2018-03-08 00:45:00;4325;1;0;0;0;0;1;1;7;3;4;2;10;6;2;3;2;2;5;4;1;86;52;130;102;2.12;1.16;3.29;0;0;0;0;0;0;1;1;0;0;0;1;0;1;-1;-1;-1;-1;-1;-1;-1;-1;-1;0;0;0;100;100;100;100;0;0;12;4;2;2;Deportivo Cuenca;Sportivo Luqueño;0.83;1.5;0;3;0;3;100;100;100;0;0;100;100;100;0;0;0;1395;2;Y;Y;N;N;N;N;N
395269;2804;704;2018;complete;3013;0;-1;8,90;86;2;1;3;5;4;9;2;0;3;5;0;0;5;5;6;6;11;11;17;12;62;38;3;5;2.3;3.45;3.5;1.08;1.36;2.08;3.8;8;11.5;3.65;1.9;1.35;1.13;1.81;1.97;3;1.36;3.75;1.25;1.24;1.25;1.61;2.9;1.95;3.7;2.5;2.25;3.6;0;0;0;0;2.1;0;0;0;0;1.66;0;0;0;0;0;1.83;9.5;2.3;4;6;0;0;0;0;0;0;0;0;1.39;2.75;8;21;2.75;1.39;1.08;1.01;0;0;0;0;3;1;0;1;1;2;1;2018-03-08 00:45:00;2804;1;100;0;0;0;1;1;1;1;4;3;2;7;0;1;3;4;1;7;1;87;66;111;89;1.67;1.52;3.2;1;0;1;0;0;0;1;1;1;0;0;1;0;0;-1;-1;-1;-1;-1;-1;-1;-1;-1;100;100;100;100;100;100;100;100;100;6;4;8;6;Sporting Cristal;Lanús;1.5;1.5;0;3;0;3;0;0;0;0;0;0;0;0;0;0;0;1395;2;Y;Y;Y;N;N;N;Y
395270;4355;2801;2018;complete;3013;0;-1;14,22,59,84;;4;0;4;6;1;7;1;1;1;2;0;1;12;3;6;2;18;5;17;24;53;47;1;3;1.57;3.75;6.5;1.08;1.39;2.25;4.33;10;8;2.75;1.61;1.19;1.06;2.25;1.57;1.83;1.83;4.33;1.19;0;0;0;0;0;0;0;0;0;0;0;0;0;1.8;2;0;0;0;1.9;1.72;0;0;0;0;1.44;8;3.5;2.37;8;0;0;0;0;0;0;0;0;1.5;3.39;10;26;2.5;1.3;1.06;1.01;0;0;0;0;4;2;0;2;0;2;2;2018-03-08 22:15:00;4355;1;0;0;0;0;1;1;2;1;4;0;3;4;0;1;1;2;1;3;1;67;37;101;95;2.46;0.81;3.26;0;0;0;0;0;0;1;1;0;0;2;0;0;0;-1;-1;-1;-1;-1;-1;-1;-1;-1;0;0;0;100;100;0;100;100;0;11;2;8;2;Rampla Juniors;UTC Cajamarca;1;1.5;0;3;0;3;100;100;100;0;0;100;100;100;0;0;0;1395;2;Y;Y;Y;Y;N;N;N
395271;2849;6676;2018;complete;3013;0;-1;;;0;0;0;6;7;13;1;2;2;3;0;0;5;4;8;10;13;14;12;15;50;50;2;3;2.78;2.94;3.15;1.17;1.7;3.15;7;18;6.6;2.36;1.43;1.15;1.05;2.48;1.52;2.37;1.53;2.5;1.5;1.36;1.4;1.44;3.4;1.75;3.9;3.1;2;3.3;0;0;0;0;2.1;0;0;0;0;1.66;0;0;0;0;0;2;6;2.29;3.75;4;0;0;0;0;0;0;0;0;1.65;4.33;8.5;17;2.2;1.18;1.04;1.01;0;0;0;0;0;0;0;0;0;0;0;2018-03-08 22:15:00;-1;1;0;0;0;0;1;1;5;2;1;5;7;6;1;2;1;1;3;2;1;60;83;90;98;1.6;1.76;3.36;0;0;0;0;0;0;1;1;0;0;1;1;0;0;-1;-1;-1;-1;-1;-1;-1;-1;-1;0;0;0;0;0;0;0;0;0;9;2;2;0;Mineros de Guayana;Nacional Asunción;1;1.25;1;1;1;1;100;100;100;100;100;100;0;0;0;0;0;1395;2;N;N;N;N;N;N;N
395272;2812;2190;2018;complete;3013;0;-1;21,50,79;;3;0;3;3;2;5;2;1;0;2;0;2;6;2;8;2;14;4;9;13;56;44;0;5;1.67;4;6.4;1.08;1.33;2.14;3.75;8;8.5;3.25;1.77;1.25;1.08;2.19;1.66;2;1.72;5;1.16;1.12;1.29;2.2;2.32;2.18;5.8;1.91;2.3;5.8;0;0;0;0;1.83;0;0;0;0;1.83;0;0;0;0;0;1.44;8.5;3.39;2.5;9.5;0;0;0;0;0;0;0;0;1.44;3;9;23;2.62;1.36;1.07;1.01;0;0;0;0;3;1;0;2;0;2;1;2018-03-09 00:45:00;2812;1;0;0;0;0;1;1;2;1;1;1;3;2;0;0;0;4;0;4;1;71;54;65;55;1.8;0.78;2.59;0;0;0;0;0;0;1;1;0;0;0;0;0;0;-1;-1;-1;-1;-1;-1;-1;-1;-1;0;0;0;0;0;0;0;0;0;6;2;4;0;Sport Huancayo;Unión Española;1;0.5;1;1;1;1;100;100;100;100;100;0;0;0;0;0;0;1395;2;Y;Y;Y;N;N;N;N
395273;2141;701;2018;complete;3013;0;-1;;14,65,84;0;3;3;5;2;7;0;1;2;1;0;0;4;4;6;5;10;9;17;19;58;42;2;1;2.6;3.05;3.35;1.15;1.62;2.86;5.9;15;7.4;2.58;1.52;1.19;1.06;2.16;1.67;2.37;1.53;2.75;1.39;1.29;1.41;1.54;3.2;1.75;4.2;3;2;3.4;0;0;0;1.72;2;0;0;0;2;1.72;0;0;0;0;0;1.83;6;2.39;3.5;4.75;0;0;0;0;0;0;0;0;1.57;3.75;13;15;2.25;1.25;1.04;1.02;0;0;0;0;3;0;1;0;2;2;1;2018-03-09 00:45:00;701;1;0;0;0;0;1;1;3;1;2;1;4;3;0;1;2;0;1;2;1;75;54;133;103;1.46;1.25;2.71;0;0;0;0;0;0;1;1;0;0;0;0;0;0;-1;-1;-1;-1;-1;-1;-1;-1;-1;0;0;0;0;100;0;100;0;0;15;2;5;1;América de Cali;Defensa y Justicia;1.5;1.63;3;0;3;0;100;100;100;100;0;100;100;100;0;0;0;1395;2;Y;Y;Y;N;N;N;N
395274;4319;2261;2018;complete;3013;0;-1;27,41;59;2;1;3;11;3;14;0;1;0;4;0;0;5;4;17;4;22;8;11;13;61;39;0;4;1.11;9;19;1.02;1.12;1.44;2.1;3.5;17;6;2.7;1.66;1.28;2.75;1.39;1.44;2.62;13;1.04;0;0;0;0;0;0;0;0;0;0;0;0;1.66;1.83;0;0;0;2.1;1.83;0;0;0;0;0;1.1;17;7;1.53;29;0;0;0;0;0;0;0;0;1.22;2;4.33;11;4;1.72;1.19;1.05;0;0;0;0;3;2;0;0;1;1;2;2018-04-10 22:15:00;4319;1;0;0;0;0;1;1;3;2;8;1;5;9;0;1;0;3;1;3;1;101;36;143;84;2.46;1.05;3.52;0;0;0;0;0;0;1;1;0;0;0;0;0;1;-1;-1;-1;-1;-1;-1;-1;-1;-1;0;0;0;0;0;0;0;0;0;0;0;0;0;LDU Quito;Guabirá;1.5;1.5;0;0;0;0;0;0;0;0;0;0;0;0;0;0;0;1395;2;Y;Y;Y;N;N;N;Y
395275;2150;4363;2018;complete;3013;0;-1;70,76;55;2;1;3;7;2;9;0;0;1;2;0;0;6;8;11;4;17;12;14;9;65;35;1;2;1.7;3.6;5;1.11;1.53;2.7;5.5;13;6.5;2.37;1.44;1.14;1.04;2.62;1.44;1.8;1.9;3.75;1.25;0;0;0;0;0;0;0;0;0;0;0;0;0;1.9;0;0;0;0;1.8;0;0;0;0;0;1.44;6.5;3.6;2.29;7;0;0;0;0;0;0;0;0;1.57;3.75;13;0;2.25;1.25;1.04;0;0;0;0;0;3;0;0;2;1;3;0;2018-04-10 22:15:00;2150;1;0;0;0;0;1;1;5;2;2;0;7;2;0;1;1;1;1;2;1;81;39;95;77;2.07;1.6;3.67;1;0;1;0;0;0;1;1;0;0;0;0;0;0;-1;-1;-1;-1;-1;-1;-1;-1;-1;0;0;0;0;0;0;0;0;0;0;0;0;0;Jaguares de Córdoba;Boston River;1.5;1.5;0;0;0;0;0;0;0;0;0;0;0;0;0;0;0;1395;2;Y;Y;Y;N;N;N;Y
395276;2132;4356;2018;complete;3013;0;-1;15,55,70;;3;0;3;6;2;8;6;6;2;3;0;0;5;4;10;2;15;6;17;7;50;50;2;3;1.62;3.8;7.4;1.08;1.43;2.3;4.4;10;2.84;3.1;1.7;1.26;1.1;2.18;1.66;1.9;1.8;5;1.16;1.02;1.13;2.8;2.08;2.13;7;1.8;2.4;6.5;0;0;0;0;1.9;0;0;0;0;1.8;0;0;0;0;0;1.39;8;3.5;2.37;9.5;0;0;0;0;0;0;0;0;1.44;3.2;7;26;2.6;1.3;1.06;1.01;0;0;0;0;3;1;0;2;0;2;1;2018-04-11 00:30:00;2132;1;0;0;0;0;1;1;4;1;2;1;5;3;1;1;1;2;2;3;1;64;57;128;139;1.77;1.09;2.86;0;0;0;0;0;0;1;1;0;0;0;1;0;0;-1;-1;-1;-1;-1;-1;-1;-1;-1;0;0;0;0;0;0;0;0;0;0;0;0;0;Deportivo Cali;Danubio;1.63;1.5;0;0;0;0;0;0;0;0;0;0;0;0;0;0;0;1395;2;Y;Y;Y;N;N;N;N
395277;711;620;2018;complete;3013;0;-1;39;;1;0;1;7;2;9;2;1;1;2;0;0;3;4;12;8;15;12;19;11;52;48;1;2;2.84;3.25;2.9;1.13;1.55;2.72;5.7;13.5;8.2;2.74;1.57;1.2;1.07;2.12;1.7;2.75;1.39;2.75;1.39;1.29;1.33;1.65;3.4;1.85;3.5;2.6;2.1;3.75;0;0;0;0;1.72;0;0;0;0;2;0;0;0;0;0;1.95;6.5;2.2;4;4;0;0;0;0;0;0;0;0;1.53;3.4;7.5;26;2.38;1.29;1.06;1.01;0;0;0;0;1;1;0;0;0;0;1;2018-04-11 22:15:00;711;1;0;0;0;0;1;1;1;0;6;2;1;8;0;0;1;2;0;3;1;78;47;115;90;1.72;1.38;3.1;0;0;0;0;0;0;1;1;0;0;0;0;0;0;-1;-1;-1;-1;-1;-1;-1;-1;-1;0;0;0;0;0;0;0;0;0;0;0;0;0;San Lorenzo;Atlético Mineiro;1.17;0.5;0;0;0;0;0;0;0;0;0;0;0;0;0;0;0;1395;2;Y;N;N;N;N;N;N
395278;617;2256;2018;complete;3013;0;-1;73,82,89;;3;0;3;5;3;8;1;1;4;6;0;1;7;2;12;3;19;5;18;17;68;32;4;7;1.17;8.6;30;1.1;1.13;1.5;2.25;4.1;5.75;5.75;2.55;1.62;1.22;2.58;1.49;1.53;2.37;13;1.04;1.01;1.01;7.05;1.4;3;12;1.3;3.5;15;0;0;0;0;1.83;0;0;0;0;1.83;0;0;0;0;0;1.12;17;5.8;1.61;34;0;0;0;0;0;0;0;0;1.22;2.15;4.8;9;3.7;1.62;1.14;1.05;0;0;0;0;3;0;0;3;0;3;0;2018-04-12 00:45:00;617;1;0;0;0;0;1;1;2;2;3;1;4;4;1;2;3;5;3;8;1;64;23;104;62;2.15;0.63;2.78;1;0;1;0;0;0;1;1;0;0;0;1;0;1;-1;-1;-1;-1;-1;-1;-1;-1;-1;0;0;0;0;0;0;0;0;0;0;0;0;0;Fluminense;Nacional Potosí;1.9;1.5;0;0;0;0;0;0;0;0;0;0;0;0;0;0;0;1395;2;Y;Y;Y;N;N;N;N
395279;2262;626;2018;complete;3013;0;-1;50;;1;0;1;10;3;13;4;0;1;1;0;0;10;5;8;8;18;13;18;11;44;56;1;1;3;2.94;2.96;1.12;1.59;3.03;6;15;6;2.3;1.31;1.12;1.03;2.21;1.65;2.5;1.5;2.5;1.5;1.01;1.4;1.36;3.7;1.8;3.4;3.4;2.18;2.85;0;0;0;0;1.83;2.1;0;0;0;1.83;1.66;0;0;0;0;2.29;6;2;4;3.75;0;0;0;0;0;0;0;0;1.61;4;13;15;2.2;1.22;1.04;1.02;0;0;0;0;1;0;0;1;0;1;0;2018-04-12 00:45:00;2262;1;0;0;0;0;1;1;3;1;7;2;4;9;1;1;0;0;2;0;1;71;70;86;106;2.34;1.68;4.02;0;0;0;0;0;0;1;1;0;0;1;0;0;0;-1;-1;-1;-1;-1;-1;-1;-1;-1;0;0;0;0;0;0;0;0;0;0;0;0;0;Blooming;Bahia;1.5;1.63;0;0;0;0;0;0;0;0;0;0;0;0;0;0;0;1395;2;Y;N;N;N;N;N;N
395280;2186;615;2018;complete;3013;0;-1;41;72,90;1;2;3;2;3;5;1;1;3;3;0;0;2;5;6;3;8;8;21;14;40;60;3;3;0;0;0;0;0;0;0;0;0;0;0;0;0;2.2;1.61;3.39;1.3;2.2;1.61;0;0;0;0;0;0;0;0;0;0;0;0;0;2;0;0;0;0;1.72;0;0;0;0;0;2.75;7;1.66;5.5;3;0;0;0;0;0;0;0;0;1.53;3.75;11;0;2.37;1.25;1.05;0;0;0;0;0;3;1;0;0;2;2;1;2018-04-12 22:15:00;615;1;0;0;0;0;1;1;2;1;0;2;3;2;0;0;3;3;0;6;1;48;53;73;87;0.99;1.24;2.24;0;0;0;0;0;0;1;1;0;0;1;0;0;0;-1;-1;-1;-1;-1;-1;-1;-1;-1;0;0;0;0;0;0;0;0;0;0;0;0;0;Audax Italiano;Botafogo;0.5;1.67;0;0;0;0;0;0;0;0;0;0;0;0;0;0;0;1395;2;Y;Y;Y;N;N;N;Y
395281;622;713;2018;complete;3013;0;-1;9,31,37;;3;0;3;7;0;7;3;1;1;3;0;0;9;2;14;2;23;4;15;21;65;35;1;3;1.77;3.55;6.2;1.15;1.61;2.94;6.6;16;7.4;2.58;1.51;1.17;1.06;2.71;1.45;1.72;2;3.75;1.25;1.12;1.3;2.15;2.56;2.12;6.6;2.1;2;6.5;0;0;0;0;2;0;0;0;0;1.72;0;0;0;0;0;1.5;6.5;3.3;2.25;7.5;0;0;0;0;0;0;0;0;1.44;3;7;17;2.62;1.36;1.08;1.01;0;0;0;0;3;3;0;0;0;0;3;2018-04-12 22:15:00;622;1;0;0;0;0;1;1;3;0;4;0;3;4;1;0;0;3;1;3;1;67;24;114;93;2.56;0.58;3.14;0;0;0;0;0;0;1;1;1;0;1;0;0;0;-1;-1;-1;-1;-1;-1;-1;-1;-1;0;0;0;0;0;0;0;0;0;0;0;0;0;Atlético PR;Newell's Old Boys;2.17;1.5;0;0;0;0;0;0;0;0;0;0;0;0;0;0;0;1395;2;Y;Y;Y;N;N;N;N
395282;710;618;2018;complete;3013;0;-1;;;0;0;0;6;1;7;0;1;5;1;1;1;3;4;10;4;13;8;26;12;61;39;6;3;2.24;3.15;4.1;1.15;1.63;2.94;6.4;16.5;7;2.54;1.51;1.16;1.06;2.34;1.58;2.1;1.66;3.25;1.33;1.19;1.32;1.59;2.8;1.8;4.75;2.7;1.95;4.2;0;0;0;0;1.9;0;0;0;0;1.8;0;0;0;0;0;1.83;6.5;2.55;3.1;5.5;0;0;0;0;0;0;0;0;1.62;4;13.5;17;2.15;1.2;1.02;1.01;0;0;0;0;0;0;0;0;0;0;0;2018-04-13 00:30:00;-1;1;0;0;0;0;1;1;3;0;3;1;3;4;0;2;6;0;2;6;1;55;34;72;70;1.42;1.04;2.46;0;0;0;0;0;0;1;1;0;0;0;0;0;0;-1;-1;-1;-1;-1;-1;-1;-1;-1;0;0;0;0;0;0;0;0;0;0;0;0;0;Rosario Central;São Paulo;0.5;1.75;0;0;0;0;0;0;0;0;0;0;0;0;0;0;0;1395;2;N;N;N;N;N;N;N
395283;6680;2137;2018;complete;3013;0;-1;22,50;;2;0;2;5;12;17;4;2;2;2;0;0;8;8;4;7;12;15;15;17;45;55;2;2;2.54;3.15;3.35;1.13;1.59;2.76;5.5;12.5;7.8;2.66;1.54;1.2;1.07;2.18;1.66;2.5;1.5;3;1.36;1.29;1.31;1.47;3.2;1.8;3.9;2.9;2.05;3.4;0;0;0;0;1.83;0;0;0;0;1.83;0;0;0;0;0;1.91;6.5;2.25;3.5;4.5;0;0;0;0;0;0;0;0;1.57;3.8;8;5.75;2.25;1.22;1.05;1.1;0;0;0;0;2;1;0;1;0;1;1;2018-04-13 00:30:00;6680;1;0;0;0;0;1;1;4;2;1;10;6;11;1;1;1;1;2;2;1;75;95;86;92;1.85;2.18;4.04;0;0;0;0;0;0;1;1;0;0;0;0;0;0;-1;-1;-1;-1;-1;-1;-1;-1;-1;0;0;0;0;0;0;0;0;0;0;0;0;0;Sol de América;Independiente Medellín;1;1.5;0;0;0;0;0;0;0;0;0;0;0;0;0;0;0;1395;2;Y;Y;N;N;N;N;N
395284;2850;2184;2018;complete;3013;0;-1;74;89;1;1;2;4;3;7;0;3;2;2;1;1;5;5;10;10;15;15;12;10;53;47;4;4;0;0;0;0;0;0;0;0;0;0;0;0;0;2.2;1.61;2.5;1.5;2.62;1.44;0;0;0;0;0;0;0;0;0;0;0;0;0;1.9;0;0;0;0;1.8;0;0;0;0;0;1.9;6.5;2.25;3.75;4;0;0;0;0;0;0;0;0;1.57;4;13;0;2.25;1.22;1.04;0;0;0;0;0;2;0;0;1;1;2;0;2018-04-18 22:15:00;-1;1;0;0;0;0;1;1;2;2;2;1;4;3;1;1;2;2;2;4;1;68;53;85;88;1.78;1.68;3.46;0;0;0;0;0;0;1;1;0;0;1;0;0;0;-1;-1;-1;-1;-1;-1;-1;-1;-1;0;0;0;0;0;0;0;0;0;0;0;0;0;Estudiantes Mérida;Deportes Temuco;0.5;2.5;0;0;0;0;0;0;0;0;0;0;0;0;0;0;0;1395;2;Y;Y;N;N;N;N;Y
395285;2261;4319;2018;complete;3013;0;-1;27,70,76;58,82;3;2;5;2;4;6;2;1;3;4;0;0;8;8;2;5;10;13;18;18;46;54;3;4;2.7;3.2;2.7;1.07;1.3;2.14;3.39;7;9.5;3.39;1.66;1.3;1.1;1.72;2;3.39;1.3;3.39;1.3;0;0;0;0;0;0;0;0;0;0;0;0;0;1.83;0;0;0;0;1.83;0;0;0;0;0;2;9.5;2;4.75;4.75;0;0;0;0;0;0;0;0;1.39;3;8;23;2.75;1.36;1.08;1.01;0;0;0;0;5;1;0;2;2;4;1;2018-05-08 22:15:00;2261;1;100;0;0;0;1;1;0;2;2;2;2;4;2;0;1;4;2;5;1;48;53;98;96;1.55;1.77;3.31;0;0;0;0;0;0;1;1;0;0;0;0;1;0;-1;-1;-1;-1;-1;-1;-1;-1;-1;0;0;100;100;100;100;100;100;0;14;1;4;3;Guabirá;LDU Quito;1.5;1.5;0;3;0;3;100;100;0;0;0;100;100;100;0;0;0;1395;2;Y;Y;Y;Y;Y;N;Y
395286;4356;2132;2018;complete;3013;0;-1;3,78,85;55,56;3;2;5;2;2;4;4;3;3;1;0;1;9;5;9;4;18;9;15;11;67;33;3;3;2.18;3.3;3.95;1.1;1.44;2.38;4.6;9;9.8;3.15;1.68;1.26;1.1;2.03;1.76;2.5;1.5;3.5;1.28;1.29;1.3;1.7;2.66;2.01;4.55;2.4;2.25;3.75;0;0;0;0;1.8;0;0;0;0;1.9;0;0;0;0;0;1.8;7.5;2.5;3.25;5.5;0;0;0;0;0;0;0;0;1.47;3.2;7.5;26;2.5;1.3;1.06;1.01;0;0;0;0;5;1;0;2;2;4;1;2018-05-09 00:45:00;4356;1;0;0;0;0;1;1;1;0;1;2;1;3;0;0;3;2;0;5;1;76;49;99;66;2.31;1.27;3.58;0;0;0;0;0;0;1;1;1;0;0;0;0;0;-1;-1;-1;-1;-1;-1;-1;-1;-1;0;0;100;100;100;0;100;100;100;8;12;5;3;Danubio;Deportivo Cali;1.5;1.63;0;3;0;3;100;100;0;0;0;0;0;0;0;0;0;1395;2;Y;Y;Y;Y;Y;N;Y
395287;620;711;2018;complete;3013;0;-1;;;0;0;0;10;5;15;0;5;2;6;0;0;7;3;9;2;16;5;21;24;61;39;2;6;2.26;3.3;3.75;1.11;1.53;2.6;5.5;12.5;8.8;2.86;1.61;1.21;1.07;2.01;1.78;2.5;1.5;3.25;1.33;1.3;1.33;1.57;2.88;1.96;4.25;2.42;2.33;4;0;0;0;0;0;1.83;0;0;0;0;1.83;0;0;0;0;1.83;7;2.45;3.39;5;0;0;0;0;0;0;0;0;1.47;3.26;7.5;26;2.57;1.31;1.06;1.01;0;0;0;0;0;0;0;0;0;0;0;2018-05-09 00:45:00;-1;1;0;0;0;0;1;1;5;4;5;1;9;6;1;5;1;1;6;2;1;25;18;52;44;1.67;0.66;2.33;0;0;0;0;0;0;1;1;0;0;1;0;0;0;-1;-1;-1;-1;-1;-1;-1;-1;-1;0;0;0;0;100;0;100;0;0;9;3;3;1;Atlético Mineiro;San Lorenzo;0.5;1.17;0;3;0;3;100;100;100;100;0;100;0;0;0;0;0;1395;2;N;N;N;N;N;N;N
395288;2184;2850;2018;complete;3013;0;-1;5,90;;2;0;2;7;3;10;4;0;2;4;0;0;8;3;7;9;15;12;17;17;48;52;2;4;1.75;3.5;4.75;0;0;0;0;0;0;0;0;0;0;2;1.72;2.2;1.61;0;0;0;0;0;0;0;0;0;0;0;0;0;0;0;1.9;0;0;0;0;1.8;0;0;0;0;0;1.53;8.5;3;2.75;7.5;1.44;3.25;9;26;2.62;1.33;1.07;1.01;0;0;0;0;0;0;0;0;0;0;0;0;2;1;0;1;0;1;1;2018-05-09 22:15:00;2184;1;100;0;0;0;1;1;3;2;4;1;5;5;0;1;2;3;1;5;1;69;51;107;101;2.01;1.34;3.35;1;0;1;0;0;0;1;1;1;0;0;0;0;0;-1;-1;-1;-1;-1;-1;-1;-1;-1;0;0;0;100;100;0;0;100;100;7;3;8;2;Deportes Temuco;Estudiantes Mérida;2.5;0.5;1;1;1;1;100;100;100;0;0;0;0;0;0;0;0;1395;2;Y;Y;N;N;N;N;N
395289;615;2186;2018;complete;3013;0;-1;58;85;1;1;2;10;1;11;1;1;3;2;0;0;5;3;8;6;13;9;19;14;59;41;3;2;1.33;4.75;10;0;0;0;0;0;0;0;0;0;0;2.2;1.61;1.8;1.9;0;0;0;0;0;0;0;0;0;0;0;0;0;0;0;1.83;0;0;0;0;1.83;0;0;0;0;0;1.25;11;4.33;2;15;1.36;2.62;7;19;3;1.44;1.1;1.02;0;0;0;0;0;0;0;0;0;0;0;0;2;0;0;1;1;2;0;2018-05-10 00:45:00;-1;1;100;0;0;0;1;1;7;0;3;1;7;4;1;0;2;2;1;4;1;70;42;98;90;1.68;1.09;2.76;0;0;0;0;0;0;1;1;0;0;0;0;0;0;-1;-1;-1;-1;-1;-1;-1;-1;-1;0;0;100;100;100;0;100;100;100;5;2;6;3;Botafogo;Audax Italiano;1.67;0.5;3;0;3;0;100;100;0;0;0;0;0;0;0;0;0;1395;2;Y;Y;N;N;N;N;Y
395290;618;710;2018;complete;3013;0;-1;61;;1;0;1;3;5;8;0;0;1;3;2;1;6;3;4;7;10;10;18;21;39;61;5;5;1.54;4.1;8.6;1.11;1.49;2.46;5.1;12.5;9.2;2.96;1.66;1.23;1.08;2.54;1.5;1.72;2;0;0;1.11;1.25;2.45;2.15;2;6.5;1.91;2.25;6.5;0;0;0;0;1.9;0;0;0;0;1.8;0;0;0;0;0;1.36;7.5;4;2.1;10;1.5;3.39;10;26;2.5;1.3;1.06;1.01;1.5;3.5;8;21;2.4;1.25;1.05;1.01;0;0;0;0;1;0;0;1;0;1;0;2018-05-10 00:45:00;618;1;0;0;0;0;1;1;2;1;1;4;3;5;0;0;3;4;0;7;1;45;51;80;105;1.38;1.22;2.6;0;0;0;0;0;0;1;1;0;0;1;0;0;0;-1;-1;-1;-1;-1;-1;-1;-1;-1;0;0;0;0;0;0;0;0;0;7;1;9;0;São Paulo;Rosario Central;1.75;0.5;1;1;1;1;100;100;100;100;100;0;0;0;0;0;0;1395;2;Y;N;N;N;N;N;N
395291;4363;2150;2018;complete;3013;0;-1;42,47,54;;3;0;3;5;1;6;4;0;3;5;0;1;8;4;5;8;13;12;20;25;52;48;3;6;0;0;0;0;0;0;0;0;0;0;0;0;0;2.37;1.53;2;1.72;3;1.36;0;0;0;2.87;1.83;5;0;0;0;0;0;0;0;2;0;0;0;0;1.72;0;0;0;0;0;1.72;5.5;2.87;2.87;5.5;0;0;0;0;0;0;0;0;1.66;4.33;15;0;2.1;1.19;1.03;0;0;0;0;0;3;1;0;2;0;2;1;2018-05-10 22:15:00;4363;1;100;0;0;0;1;1;4;0;1;1;4;2;2;1;1;5;3;6;1;65;49;109;90;1.85;1.39;3.25;0;0;0;0;0;0;1;1;0;0;0;0;0;0;-1;-1;-1;-1;-1;-1;-1;-1;-1;0;0;100;100;100;0;0;100;100;9;0;3;3;Boston River;Jaguares de Córdoba;1.5;1.5;0;3;0;3;100;100;0;0;0;100;0;0;0;0;0;1395;2;Y;Y;Y;N;N;N;N
395292;713;622;2018;complete;3013;0;-1;37,66;85;2;1;3;6;0;6;2;4;2;2;0;0;9;4;11;4;20;8;17;13;59;41;2;2;2.16;3.4;3.95;1.12;1.48;2.48;4.9;11;8.6;2.98;1.67;1.24;1.09;2.07;1.73;2.37;1.53;3.75;1.25;1.24;1.31;1.76;2.63;1.93;4.6;2.38;2.15;4.33;0;0;0;0;1.83;0;0;0;0;1.83;0;0;0;0;0;1.66;7.5;2.62;3.2;6.5;0;0;0;0;0;0;0;0;1.5;3.4;8;26;2.4;1.29;1.05;1.01;0;0;0;0;3;1;0;1;1;2;1;2018-05-10 22:15:00;713;1;0;0;0;0;1;1;4;0;2;0;4;2;1;1;1;1;2;2;1;77;45;128;98;2.45;1.12;3.57;0;0;0;0;0;0;1;1;0;0;0;0;0;0;-1;-1;-1;-1;-1;-1;-1;-1;-1;0;0;100;100;100;100;100;0;0;7;4;4;3;Newell's Old Boys;Atlético PR;1.5;2.17;0;3;0;3;100;100;0;0;0;0;0;0;0;0;0;1395;2;Y;Y;Y;N;N;N;Y
395293;2256;617;2018;complete;3013;0;-1;51,61;;2;0;2;7;4;11;1;0;1;3;0;0;8;2;12;8;20;10;10;18;52;48;1;3;1.91;3.8;4.4;1.06;1.33;2.05;3.8;7.5;8.5;3.25;1.75;1.25;1.08;1.97;1.81;2.37;1.53;4.33;1.19;1.16;1.22;2.04;2.4;2.05;4.75;2.05;2.4;4.5;0;0;0;0;1.8;0;0;0;0;1.9;0;0;0;0;0;1.62;9;2.75;2.87;7;0;0;0;0;0;0;0;0;1.4;3;7;23;2.75;1.33;1.07;1.01;0;0;0;0;2;0;0;2;0;2;0;2018-05-11 00:45:00;2256;1;0;0;0;0;1;1;2;3;5;1;5;6;0;1;1;2;1;3;1;95;46;110;79;2.5;1.11;3.6;1;0;1;0;0;0;1;1;0;0;0;1;0;0;-1;-1;-1;-1;-1;-1;-1;-1;-1;0;0;100;100;100;0;0;100;100;8;2;11;3;Nacional Potosí;Fluminense;1.5;1.9;0;3;0;3;100;100;0;0;0;0;0;0;0;0;0;1395;2;Y;Y;N;N;N;N;N
395294;2137;6680;2018;complete;3013;0;-1;21,70,77;15;3;1;4;15;2;17;4;1;3;5;0;0;10;5;13;3;23;8;14;15;60;40;3;5;1.51;4.4;8;1.06;1.3;1.99;3.5;7;9;3.4;1.83;1.29;1.09;2.18;1.66;1.83;1.83;6;1.12;1.05;1.18;2.63;2;2.15;6.5;1.8;2.4;6.5;0;0;0;0;1.72;0;0;0;0;2;0;0;0;0;0;1.4;10;3.6;2.2;12;0;0;0;0;0;0;0;0;1.4;2.88;7;21;2.75;1.36;1.07;1.01;0;0;0;0;4;1;1;2;0;2;2;2018-05-11 00:45:00;2137;1;0;0;0;0;1;1;8;1;7;1;9;8;0;3;3;2;3;5;1;109;54;102;93;2.92;1.25;4.17;1;0;1;0;0;0;1;1;0;0;0;0;0;0;-1;-1;-1;-1;-1;-1;-1;-1;-1;0;0;0;100;100;0;100;100;0;17;6;4;2;Independiente Medellín;Sol de América;1.5;1;0;3;0;3;100;100;100;0;0;100;100;100;0;0;0;1395;2;Y;Y;Y;Y;N;N;Y
395295;626;2262;2018;complete;3013;0;-1;26,50,77,90;;4;0;4;3;9;12;1;1;5;5;0;0;8;3;7;5;15;8;14;16;52;48;5;5;1.17;6.35;17.25;1.03;1.23;1.74;2.9;6.4;15;4.4;2.04;1.45;1.17;3.1;1.37;1.44;2.62;8;1.08;1.01;1.11;4.4;1.67;2.84;13.5;1.5;2.75;11;0;0;0;0;2;0;0;0;0;1.72;0;0;0;0;0;1.15;12;5.8;1.57;21;0;0;0;0;0;0;0;0;1.39;2.94;7;15;3.35;1.49;1.06;1.02;0;0;0;0;4;1;0;3;0;3;1;2018-05-24 00:45:00;626;1;0;0;0;0;1;1;3;4;0;5;7;5;0;1;5;4;1;9;1;85;71;98;93;2.11;1.23;3.35;0;0;0;0;0;0;1;1;0;0;0;0;0;0;-1;-1;-1;-1;-1;-1;-1;-1;-1;0;0;0;0;100;0;0;100;0;13;4;2;1;Bahia;Blooming;1.63;1.5;0;3;0;3;100;100;100;100;0;100;100;100;0;0;0;1395;2;Y;Y;Y;Y;N;N;N
413791;2845;2812;2018;complete;3267;0;-1;6,82;;2;0;2;5;1;6;1;7;4;3;0;0;5;6;9;9;14;15;22;15;42;58;4;3;1.65;3.45;5.25;1.07;1.43;2.35;4.5;12;8.6;2.78;1.61;1.22;1.08;2.4;1.57;1.83;1.83;4.33;1.2;1.01;1.01;1.9;2.23;2.09;6;2.23;2.34;4.6;0;0;0;0;2;0;0;0;0;1.72;0;0;0;0;0;1.52;8.5;3.15;2.4;8.5;0;0;0;0;0;0;0;0;1.6;3.9;11.5;13;2.56;1.33;1.08;1.02;0;0;0;0;2;1;0;1;0;1;1;2018-07-17 22:30:00;2845;1;25;0;0;0;1;1;2;0;3;1;2;4;2;1;2;2;3;4;1;47;53;74;95;1.57;1.75;3.32;1;0;1;0;0;0;1;1;1;0;2;0;0;0;-1;-1;-1;-1;-1;-1;-1;-1;-1;0;0;50;50;75;0;25;75;50;4;1.5;4.5;1.75;Caracas;Sport Huancayo;1.5;1;1.5;2;1.5;2;100;100;50;50;25;50;50;50;1.21;0.77;1.98;1395;4;Y;Y;N;N;N;N;N
413792;704;2131;2018;complete;3267;0;-1;24;;1;0;1;5;3;8;1;3;0;3;0;0;4;7;5;2;9;9;9;8;48;52;0;3;2.2;2.9;3.45;1.12;1.65;2.9;6.15;16;6.6;2.45;1.47;1.13;1.05;2.5;1.53;2;1.72;2.75;1.4;1.01;1.01;1.8;3;1.86;4.5;2.44;2.25;4.2;0;0;0;1.66;0;0;0;0;2.1;0;0;0;0;0;0;1.8;7.5;2.15;3;5;0;0;0;0;0;0;0;0;1.56;3.72;15;13;2.33;1.25;1.05;1.02;0;0;0;0;1;1;0;0;0;0;1;2018-07-18 00:45:00;704;1;50;50;50;0;1;1;2;1;3;2;3;5;0;2;0;1;2;1;1;47;52;93;105;1.19;1.44;2.64;0;0;0;0;0;0;1;1;0;0;0;0;0;0;-1;-1;-1;-1;-1;-1;-1;-1;-1;25;25;50;50;50;25;50;50;50;3.5;0.5;4.5;2.25;Lanús;Junior;1.5;1.8;1.5;0;1.5;0;25;25;0;0;0;25;0;0;1.89;0;1.89;1395;4;Y;N;N;N;N;N;N
413793;701;4327;2018;complete;3267;0;-1;73,77;;2;0;2;11;2;13;1;0;0;2;0;0;10;3;13;5;23;8;11;10;68;32;0;2;1.34;4.45;8;1.05;1.34;2.05;3.7;9.4;11;3.35;1.77;1.29;1.1;2.6;1.5;1.66;2.1;6;1.12;1.04;1.19;3.02;1.83;2.25;9.7;1.65;2.64;9.3;0;0;0;0;1.9;0;0;0;0;1.8;0;0;0;0;0;1.25;9;4.75;1.9;13;0;0;0;0;0;0;0;0;1.51;3.5;9.2;23;2.92;1.38;1.1;1.01;0;0;0;0;2;0;0;2;0;2;0;2018-07-18 22:30:00;701;1;50;0;50;0;1;1;6;1;5;1;7;6;0;0;0;2;0;2;1;98;41;129;76;2.85;1.02;3.87;0;0;0;0;0;0;1;1;0;0;3;0;0;0;-1;-1;-1;-1;-1;-1;-1;-1;-1;25;25;50;75;100;25;75;75;75;11;3.5;4.5;2.75;Defensa y Justicia;CD El Nacional;1.63;1.75;1.5;2;1.5;2;75;75;50;25;0;50;50;25;2.24;0;2.24;1395;4;Y;Y;N;N;N;N;N
413794;2132;2267;2018;complete;3267;0;-1;31,50,63,90;;4;0;4;4;1;5;4;3;2;3;0;0;10;2;8;8;18;10;17;12;57;43;2;3;1.36;4.3;8;1.05;1.33;2.05;3.65;9.2;11;3.4;1.82;1.31;1.11;2.5;1.53;1.66;2.1;6;1.12;1.04;1.18;3.1;1.81;2.28;9.9;1.68;2.6;7.5;0;0;0;0;1.83;0;0;0;0;1.83;0;0;0;0;0;1.28;9;4.5;1.9;13;0;0;0;0;0;0;0;0;1.38;2.9;8;23;2.9;1.38;1.06;1.01;0;0;0;0;4;1;0;3;0;3;1;2018-07-19 00:45:00;2132;1;25;0;0;0;1;1;1;1;3;0;2;3;1;0;1;3;1;4;1;71;34;104;88;2.34;1.02;3.37;0;0;0;0;0;0;1;1;0;0;0;0;0;0;-1;-1;-1;-1;-1;-1;-1;-1;-1;25;25;50;50;50;0;50;50;50;4;4.5;2.5;2;Deportivo Cali;Bolívar;1.63;0;1.5;0;1.5;0;25;25;0;0;0;0;0;0;1.77;0;1.77;1395;2;Y;Y;Y;Y;N;N;N
413795;6680;4359;2018;complete;3267;0;-1;;;0;0;0;4;8;12;1;0;1;1;0;0;2;6;3;2;5;8;14;10;43;57;1;1;2.7;2.9;2.65;1.09;1.53;2.65;5.2;0;0;0;0;0;0;2.2;1.69;2.62;1.44;2.5;1.5;0;0;0;0;0;0;3.25;2.1;3;0;0;0;0;1.72;0;0;0;0;2;0;0;0;0;0;2.3;6;1.9;4.33;3.75;0;0;0;0;0;0;0;0;1.61;4;13;21;2.2;1.22;1.04;1.01;0;0;0;0;0;0;0;0;0;0;0;2018-07-19 00:45:00;-1;1;25;0;0;0;1;1;1;5;3;3;6;6;0;0;1;1;0;2;1;59;71;88;103;0.89;1.44;2.33;0;0;0;0;0;0;1;1;0;0;1;0;0;0;-1;-1;-1;-1;-1;-1;-1;-1;-1;0;25;25;50;50;25;50;50;25;3.5;2.5;3.5;1.5;Sol de América;Nacional;1;1.33;1.5;0;1.5;0;50;25;25;0;0;50;50;50;1.85;0;1.85;1395;4;N;N;N;N;N;N;N
413796;4325;2265;2018;complete;3267;0;-1;21,42;72,78;2;2;4;6;4;10;0;4;2;1;0;0;8;6;8;4;16;10;13;16;50;50;2;1;1.83;3.25;4.3;1.08;1.48;2.45;4.75;10;7;2.63;1.53;1.15;1.04;2.35;1.59;1.83;1.83;4;1.22;1.2;1.33;1.82;2.49;1.97;5.2;2.04;2.3;5;0;0;0;0;1.8;0;0;0;0;1.9;0;0;0;0;0;1.44;7.5;3.4;2.4;7.5;0;0;0;0;0;0;0;0;1.53;3.5;11;41;2.37;1.28;1.05;1;0;0;0;0;4;2;0;0;2;2;2;2018-07-19 22:30:00;-1;1;0;0;0;0;1;1;3;4;3;0;7;3;0;1;2;0;1;2;1;81;89;111;109;2.15;1.7;3.85;0;1;0;1;0;0;1;1;0;0;0;1;0;0;-1;-1;-1;-1;-1;-1;-1;-1;-1;0;0;0;50;50;25;25;25;25;8.5;2;3;1;Deportivo Cuenca;Wilstermann;0.83;1;1.5;0;1.5;0;50;50;50;0;0;50;50;50;2.12;0;2.12;1395;2;Y;Y;Y;Y;N;N;Y
413797;4355;2133;2018;complete;3267;0;-1;;;0;0;0;5;5;10;1;3;1;2;0;0;6;5;12;7;18;12;17;22;50;50;1;2;3.9;2.85;2.1;1.13;1.71;3.2;6.5;0;0;0;0;0;0;2.75;1.44;0;0;0;0;0;0;0;0;0;0;0;0;0;0;0;0;0;0;0;0;0;0;0;0;0;0;0;0;0;0;0;0;0;0;0;0;0;0;0;0;0;0;0;0;0;0;0;0;0;0;0;0;0;0;0;0;0;0;0;0;2018-07-20 00:45:00;-1;1;0;0;0;0;1;1;3;0;2;5;3;7;0;0;1;2;0;3;1;63;56;98;109;2.01;1.52;3.53;0;0;0;0;0;0;1;1;0;0;1;0;0;0;-1;-1;-1;-1;-1;-1;-1;-1;-1;0;25;25;50;50;25;50;50;25;5.5;1;3;1.5;Rampla Juniors;Santa Fe;1;1.25;1.5;0;1.5;0;50;25;25;0;0;25;25;25;2.46;0;2.46;1395;4;N;N;N;N;N;N;N
413798;2812;2845;2018;complete;3267;0;-1;14,42,86;28,46,69,90;3;4;7;6;1;7;2;4;2;4;0;0;6;7;17;3;23;10;13;18;50;50;2;4;1.35;4.25;8;1.03;1.27;1.87;3.2;7.6;13;3.8;1.95;1.36;1.13;2.25;1.65;1.8;1.9;6.5;1.11;1.06;1.2;2.9;1.83;2.36;8.1;1.67;2.7;6.5;0;0;0;0;1.9;0;0;0;0;1.8;0;0;0;0;0;1.28;9.5;4.33;2.04;15;0;0;0;0;0;0;0;0;1.33;2.74;7.5;15;3.13;1.42;1.06;1.01;0;0;0;0;7;2;1;1;3;4;3;2018-07-24 22:30:00;2845;1;17;0;50;0;1;1;1;0;5;1;1;6;1;0;1;4;1;5;1;88;32;112;96;2.5;1.36;3.86;0;0;0;0;0;0;1;1;0;0;0;0;0;0;-1;-1;-1;-1;-1;-1;-1;-1;-1;0;0;33;67;84;0;50;84;33;4.67;3.67;5.33;1.84;Sport Huancayo;Caracas;1;1.5;1.33;2;1.33;2;100;100;67;33;17;34;34;34;1.8;1.31;3.11;1395;4;Y;Y;Y;Y;Y;Y;Y
413799;2131;704;2018;complete;3267;0;-1;81;;1;0;1;9;3;12;7;1;1;5;0;0;13;2;8;3;21;5;21;21;50;50;1;5;1.61;3.4;5.75;1.08;1.48;2.45;4.75;12.5;8.4;2.82;1.59;1.22;1.08;2.55;1.51;1.8;1.9;4;1.22;1.11;1.27;2.26;2.21;2.03;6.75;1.91;2.4;5.5;0;0;0;1.66;0;0;0;0;2.1;0;0;0;0;0;0;1.45;7.5;2.7;2.2;8;0;0;0;0;0;0;0;0;1.49;3.4;9.5;34;2.51;1.29;1.04;1;0;0;0;0;1;0;0;1;0;1;0;2018-07-25 00:45:00;2131;1;34;0;50;0;1;1;5;1;4;2;6;6;1;1;0;4;2;4;1;87;31;105;79;2.85;0.69;3.54;0;0;0;0;0;0;1;1;0;0;0;0;0;0;-1;-1;-1;-1;-1;-1;-1;-1;-1;17;17;34;34;100;17;100;34;34;7;3.67;6;2.17;Junior;Lanús;1.8;1.5;0;2;0;2;84;84;67;67;0;17;0;0;0;1.52;1.52;1395;4;Y;N;N;N;N;N;N
413800;4319;625;2018;complete;3267;0;-1;8,20,87;54;3;1;4;5;1;6;2;0;2;2;0;0;9;2;14;6;23;8;14;8;57;43;2;2;1.57;3.5;5.95;1.07;1.45;2.4;4.6;11.5;8.8;2.86;1.63;1.22;1.08;2.45;1.54;1.8;1.9;4;1.22;1.13;1.25;2.3;2.24;2.13;7.53;2.04;2.25;5.5;0;0;0;0;2.1;0;0;0;0;1.66;0;0;0;0;0;1.44;6.5;3.6;2.3;7.5;0;0;0;0;0;0;0;0;1.51;3.3;7.5;26;2.53;1.29;1.06;1.01;0;0;0;0;4;2;0;1;1;2;2;2018-07-25 22:30:00;4319;1;50;0;0;0;1;1;2;0;3;1;2;4;1;1;1;1;2;2;1;87;37;107;85;2.7;0.92;3.62;0;1;0;1;0;0;1;1;1;0;0;0;0;1;-1;-1;-1;-1;-1;-1;-1;-1;-1;25;25;50;50;50;25;50;50;25;7.5;0.5;2;2;LDU Quito;Vasco da Gama;1.5;1.5;1.5;0;1.5;0;25;25;0;0;0;25;25;25;2.46;0;2.46;1395;2;Y;Y;Y;Y;N;N;Y
413801;4363;706;2018;complete;3267;0;-1;61;;1;0;1;2;4;6;0;1;1;2;0;0;3;0;4;13;7;13;6;12;42;58;1;2;2.55;2.7;3.1;1.14;1.74;3.3;7;13;5;2.09;1.3;1.08;1.01;2.7;1.47;2.1;1.66;2.37;1.53;1.3;1.42;1.45;3.8;1.8;4.29;3.2;1.91;3.5;0;0;0;0;1.9;0;0;0;0;1.8;0;0;0;0;0;1.95;4.75;2.5;3.4;4;0;0;0;0;0;0;0;0;1.76;4.65;12;67;2.1;1.17;1.02;1;0;0;0;0;1;0;0;1;0;1;0;2018-07-26 00:45:00;4363;1;25;0;0;0;1;1;2;0;0;4;2;4;0;1;1;1;1;2;1;38;65;98;119;0.94;1.3;2.24;0;0;0;0;0;0;1;1;0;0;0;0;0;0;-1;-1;-1;-1;-1;-1;-1;-1;-1;0;0;50;50;50;0;25;50;50;3.5;2;2.5;1.5;Boston River;Banfield;1.5;1;1.5;0;1.5;0;50;50;0;0;0;25;0;0;1.85;0;1.85;1395;4;Y;N;N;N;N;N;N
413802;626;4360;2018;complete;3267;0;-1;53,74;;2;0;2;4;3;7;1;7;3;5;0;0;5;6;13;6;18;12;17;19;58;42;3;5;1.67;3.25;5.6;1.07;1.43;2.35;4.4;9.5;6.95;2.61;1.52;1.15;1.04;2.35;1.59;1.9;1.8;3.75;1.25;1.15;1.29;2.05;2.3;1.91;6;1.72;2.5;7;0;0;0;0;1.83;0;0;0;0;1.83;0;0;0;0;0;1.5;7;3.25;2.5;7;0;0;0;0;0;0;0;0;1.51;3.7;9.5;34;2.44;1.25;1.04;1;0;0;0;0;2;0;0;2;0;2;0;2018-07-26 00:45:00;626;1;0;0;0;0;1;1;0;0;4;3;0;7;2;3;1;2;5;3;1;70;61;102;79;1.99;1.61;3.6;2;0;1;0;1;0;1;1;0;0;0;0;0;2;-1;-1;-1;-1;-1;-1;-1;-1;-1;0;25;25;50;75;0;25;75;50;6.5;3;8;1.75;Bahia;Cerro;1.63;1.25;1.5;2;1.5;2;100;75;75;50;25;50;50;50;2.11;1;3.11;1395;4;Y;Y;N;N;N;N;N
413803;622;4358;2018;complete;3267;0;-1;60,80;;2;0;2;7;4;11;7;1;2;2;1;1;10;4;8;1;18;5;11;11;47;53;3;3;1.87;3.1;4.4;1.09;1.5;2.55;5.05;16.5;7;2.6;1.52;1.18;1.06;2.4;1.59;1.9;1.8;3.5;1.28;1.18;1.33;1.87;2.63;1.87;5.3;2.2;2.1;5;0;0;0;0;1.83;0;0;0;0;1.83;0;0;0;0;0;1.57;6.5;3;2.6;6.5;0;0;0;0;0;0;0;0;1.64;4.2;10;51;2.31;1.2;1.04;1;0;0;0;0;2;0;0;2;0;2;0;2018-07-26 22:30:00;622;1;25;0;0;0;1;1;6;2;1;2;8;3;3;1;0;2;4;2;1;76;54;104;100;2.38;1;3.38;1;0;0;0;1;0;1;1;0;0;1;1;0;0;-1;-1;-1;-1;-1;-1;-1;-1;-1;0;0;50;50;50;25;50;25;25;3.5;3.5;1.5;1.5;Atlético PR;Peñarol;2.17;0;1.5;0;1.5;0;50;50;0;0;0;0;0;0;2.56;0;2.56;1395;2;Y;Y;N;N;N;N;N
413804;711;2184;2018;complete;3267;0;-1;63;70,84;1;2;3;5;8;13;3;0;4;5;0;0;5;4;2;2;7;6;20;11;51;49;4;5;1.34;4.45;8.75;1.04;1.31;2;3.5;0;0;0;0;0;0;2.5;1.53;1.66;2.1;6;1.12;0;0;0;0;0;0;1.66;2.6;7.5;0;0;0;0;1.83;0;0;0;0;1.83;0;0;0;0;0;1.25;9;4.75;1.9;13;0;0;0;0;0;0;0;0;1.4;3;9;23;2.75;1.36;1.07;1.01;0;0;0;0;3;0;0;1;2;3;0;2018-07-27 00:45:00;2184;1;25;0;50;0;1;1;2;5;3;3;7;6;1;2;3;3;3;6;1;62;44;98;77;1.25;0.98;2.23;0;0;0;0;0;0;1;1;0;0;0;1;0;0;-1;-1;-1;-1;-1;-1;-1;-1;-1;0;0;0;50;75;0;50;50;25;11;7;6.5;1.25;San Lorenzo;Deportes Temuco;1.17;2.5;2;2;2;2;100;100;100;50;25;75;50;25;1.72;1.68;3.4;1395;4;Y;Y;Y;N;N;N;Y
413805;6683;2136;2018;complete;3267;0;-1;81;53;1;1;2;2;0;2;0;1;3;4;0;0;5;4;9;2;14;6;14;22;50;50;3;4;3.05;2.7;2.55;1.14;1.71;3.25;6.8;12;5.25;1.99;1.33;1.1;1.02;2.65;1.48;2.37;1.53;2.2;1.61;1.44;1.42;1.33;4.15;1.73;3.55;3.4;1.95;3.1;0;0;0;0;1.9;0;0;0;0;1.8;0;0;0;0;0;2.3;5.5;1.95;4;3.4;0;0;0;0;0;0;0;0;1.77;4.6;12;67;2.12;1.17;1.02;1;0;0;0;0;2;0;0;1;1;2;0;2018-07-27 00:45:00;-1;1;25;0;50;0;1;1;1;0;1;0;1;1;0;2;3;2;2;5;1;81;52;144;104;1.83;1.05;2.88;0;1;0;1;0;0;1;1;0;0;0;0;0;0;-1;-1;-1;-1;-1;-1;-1;-1;-1;0;0;25;25;25;0;0;25;25;5;1;4;0.75;General Díaz;Millonarios;1.25;1.5;2;0;2;0;50;50;25;25;25;50;50;25;1.26;0;1.26;1395;4;Y;Y;N;N;N;N;Y
413806;4327;701;2018;complete;3267;0;-1;20;;1;0;1;9;3;12;2;0;2;2;0;0;7;3;13;4;20;7;9;9;69;31;2;2;2.35;3.05;3;1.07;1.42;2.3;4.35;11.5;8.6;2.86;1.64;1.23;1.08;2.1;1.77;2.62;1.44;3.25;1.33;1.35;1.35;1.53;3.13;1.95;3.86;2.38;2.27;4.33;0;0;0;0;1.83;0;0;0;0;1.83;0;0;0;0;0;1.92;8;2.24;3.75;4.75;0;0;0;0;0;0;0;0;1.48;3.26;12;34;2.54;1.31;1.08;1;0;0;0;0;1;1;0;0;0;0;1;2018-07-31 22:30:00;4327;1;34;50;50;0;1;1;3;3;6;0;6;6;0;0;2;2;0;4;1;98;28;124;80;2.45;0.86;3.32;0;0;0;0;0;0;1;1;0;0;1;0;0;0;-1;-1;-1;-1;-1;-1;-1;-1;-1;17;17;33;84;100;17;50;84;84;11.67;2.66;3.67;2.5;CD El Nacional;Defensa y Justicia;1.75;1.63;1.33;2;1.33;2;84;84;67;17;0;67;67;50;1.72;1.25;2.97;1395;4;Y;N;N;N;N;N;N
413807;2265;4325;2018;complete;3267;0;-1;18,55;3,80;2;2;4;4;2;6;2;1;1;2;0;0;3;8;9;4;12;12;13;11;31;69;1;2;1.61;3.8;5.05;1.02;1.2;1.67;2.7;4.8;13;4.2;2.19;1.41;1.17;1.77;2.05;2.25;1.57;6.5;1.11;1.12;1.2;2.44;2.05;2.35;5.55;2.09;2.48;4.75;0;0;0;0;1.83;1.9;0;0;0;1.83;1.8;0;0;0;0;1.5;15;3;2.62;11;0;0;0;0;0;0;0;0;1.31;2.51;7;13;3.26;1.49;1.14;1.01;0;0;0;0;4;1;1;1;1;2;2;2018-07-31 22:30:00;-1;1;67;0;0;0;1;1;2;0;2;2;2;4;1;1;0;1;2;1;1;40;70;72;93;1.26;1.82;3.08;1;1;0;1;1;0;1;1;0;1;1;0;0;0;-1;-1;-1;-1;-1;-1;-1;-1;-1;0;67;67;100;100;84;84;84;84;11.67;5.33;3.67;3.34;Wilstermann;Deportivo Cuenca;1;0.83;1;1.33;1;1.33;100;34;34;0;0;100;100;34;0;1.47;1.47;1395;2;Y;Y;Y;Y;N;N;Y
413808;2133;4355;2018;complete;3267;0;-1;55,83;;2;0;2;7;8;15;3;1;2;5;1;1;6;5;7;8;13;13;22;21;64;36;4;6;1.22;5.15;13.75;1.06;1.4;2.25;4.2;10.5;9.4;3.05;1.69;1.25;1.08;4.2;1.22;0;0;0;0;1.04;1.11;3.4;1.8;2.25;9.3;1.6;2.64;11.25;0;0;0;0;0;0;0;0;0;0;0;0;0;0;0;1.22;8;7.5;0;0;0;0;0;0;0;0;0;0;1.52;3.6;10;34;2.78;1.34;1.09;1;0;0;0;0;2;0;0;2;0;2;0;2018-08-01 00:45:00;2133;1;0;0;0;0;1;1;6;5;1;3;11;4;1;3;2;3;4;5;1;58;48;90;64;1.66;1.51;3.17;0;0;0;0;0;0;1;1;0;0;2;0;0;1;-1;-1;-1;-1;-1;-1;-1;-1;-1;0;17;17;34;34;17;34;34;17;10.33;4;4.33;1;Santa Fe;Rampla Juniors;1.25;1;1;1.33;1;1.33;100;84;84;67;67;84;84;17;0;1.49;1.49;1395;4;Y;Y;N;N;N;N;N
413809;6676;615;2018;complete;3267;0;-1;10,52;31;2;1;3;10;1;11;3;0;3;2;0;0;6;7;3;6;9;13;15;10;54;46;3;2;3;2.8;2.5;1.13;1.67;3.1;6.4;19;6;2.17;1.43;1.15;1.04;2.55;1.51;2.5;1.5;2.2;1.61;1.4;1.4;1.4;3.9;1.73;3.5;3.1;2.1;3.3;0;0;0;0;1.8;0;0;0;0;1.9;0;0;0;0;0;2.2;5.5;2.05;4.33;3.4;0;0;0;0;0;0;0;0;1.67;4.4;8.5;51;2.1;1.17;1.04;1;0;0;0;0;3;1;1;1;0;1;2;2018-08-01 22:30:00;6676;1;50;0;0;0;1;1;4;1;6;0;5;6;1;1;2;1;2;3;1;70;50;91;89;1.5;1.67;3.17;0;0;0;0;0;0;1;1;1;0;2;1;1;0;-1;-1;-1;-1;-1;-1;-1;-1;-1;0;0;25;50;50;0;25;50;50;13.5;3;5;1.25;Nacional Asunción;Botafogo;1.25;1.67;1;2;1;2;100;100;75;50;50;75;50;50;2.05;1.24;3.29;1395;4;Y;Y;Y;N;N;N;Y
413810;706;4363;2018;complete;3267;0;-1;51,67;;2;0;2;6;0;6;2;0;1;3;0;1;11;3;11;10;22;13;16;12;46;54;1;5;1.42;3.75;8.25;1.08;1.47;2.4;4.7;13.5;8;2.6;1.58;1.21;1.07;2.85;1.42;1.57;2.25;4.5;1.18;1.06;1.25;2.63;2.14;2.22;9.8;1.83;2.4;7;0;0;0;0;1.9;0;0;0;0;1.8;0;0;0;0;0;1.4;7;4.4;1.9;12;0;0;0;0;0;0;0;0;1.6;4;12;41;2.54;1.31;1.06;1;0;0;0;0;2;0;0;2;0;2;0;2018-08-02 00:45:00;706;1;17;0;50;0;1;1;4;0;2;0;4;2;1;1;0;3;2;3;1;76;49;105;78;2.7;1.38;4.08;2;0;1;0;1;0;1;1;0;0;0;0;0;0;-1;-1;-1;-1;-1;-1;-1;-1;-1;0;0;34;34;100;0;17;100;34;7;2.33;4;1.67;Banfield;Boston River;1;1.5;0;2;0;2;100;100;67;67;0;17;0;0;0;1.6;1.6;1395;4;Y;Y;N;N;N;N;N
413811;618;707;2018;complete;3267;0;-1;;80;0;1;1;4;2;6;1;1;2;2;1;0;4;2;9;1;13;3;18;11;67;33;4;2;1.43;3.75;7.5;1.08;1.5;2.5;4.95;0;0;0;0;0;0;3;1.39;1.5;2.5;4.5;1.18;0;0;0;0;0;0;1.8;2.37;8;0;0;0;0;1.83;0;0;0;0;1.83;0;0;0;0;0;1.3;6;5;1.83;11;0;0;0;0;0;0;0;0;1.57;3.75;13;19;2.25;1.25;1.04;1.02;0;0;0;0;1;0;0;0;1;1;0;2018-08-02 22:30:00;707;1;0;0;0;0;1;1;2;2;2;0;4;2;1;0;2;2;1;4;1;88;34;124;100;1.74;0.59;2.33;0;0;0;0;0;0;1;1;0;0;0;0;0;0;-1;-1;-1;-1;-1;-1;-1;-1;-1;0;0;0;25;75;0;25;75;0;6;3;4.5;1;São Paulo;Colón;1.75;1.67;2;3;2;3;100;100;100;75;25;25;25;0;1.38;1.7;3.08;1395;4;Y;N;N;N;N;N;N
413812;2267;2132;2018;complete;3267;0;-1;81;73,88;1;2;3;5;1;6;2;5;3;2;1;0;6;7;6;3;12;10;13;7;53;47;5;2;1.47;4.2;5.85;1.01;1.17;1.59;2.45;5.9;15.5;4.6;2.26;1.49;1.19;1.77;2.05;2.62;1.44;7;1.1;1.11;1.2;2.7;1.93;2.3;6;1.83;2.87;4.75;0;0;0;0;2.1;0;0;0;0;1.66;0;0;0;0;0;1.4;15;3.3;3;11;0;0;0;0;0;0;0;0;1.37;2.76;6.6;15;3.4;1.52;1.13;1.03;0;0;0;0;3;0;0;1;2;3;0;2018-08-03 00:45:00;2132;1;17;0;50;0;1;1;3;1;2;0;4;2;3;2;1;0;5;1;1;82;42;116;97;1.77;1.43;3.21;0;1;0;1;0;0;1;1;0;0;2;0;0;1;-1;-1;-1;-1;-1;-1;-1;-1;-1;17;84;100;100;100;0;100;100;100;5;7.33;5.33;4;Bolívar;Deportivo Cali;0;1.63;0;2;0;2;84;17;0;0;0;0;0;0;0;1.27;1.27;1395;2;Y;Y;Y;N;N;N;Y
413813;617;4361;2018;complete;3267;0;-1;87,90;;2;0;2;10;1;11;3;0;2;4;0;0;6;0;13;2;19;2;10;11;77;23;2;4;1.5;3.65;6.55;1.07;1.43;2.3;4.35;11.5;9;2.94;1.63;1.23;1.08;2.5;1.53;1.8;1.9;4.5;1.18;1.11;1.25;2.4;2.26;2.24;8;1.9;2.4;6;0;0;0;0;1.83;0;0;0;0;1.83;0;0;0;0;0;1.44;7.5;3.75;2.2;9.5;0;0;0;0;0;0;0;0;1.56;3.85;11;17;2.68;1.33;1.07;1.02;0;0;0;0;2;0;0;2;0;2;0;2018-08-03 00:45:00;617;1;0;0;0;0;1;1;2;0;8;1;2;9;0;0;2;4;0;6;1;99;17;123;56;2.33;0.26;2.59;0;0;0;0;0;0;1;1;0;0;1;0;0;0;-1;-1;-1;-1;-1;-1;-1;-1;-1;0;0;25;50;50;0;0;50;50;4.5;0.5;3.5;1.25;Fluminense;Defensor Sporting;1.9;0;1.5;0;1.5;0;50;50;25;0;0;25;25;25;2.15;0;2.15;1395;2;Y;Y;N;N;N;N;N
413814;4358;622;2018;complete;3267;0;-1;62;7,52,68,90;1;4;5;10;2;12;5;2;0;1;0;0;6;7;9;1;15;8;10;14;57;43;0;1;1.74;3.35;4.7;1.06;1.39;2.2;4.15;11;9.8;3.15;1.7;1.24;1.08;2.2;1.67;2.2;1.61;4.33;1.2;1.2;1.3;1.87;2.32;2.07;5.6;2.22;2.25;5.05;0;0;0;0;1.8;0;0;0;0;1.9;0;0;0;0;0;1.56;8.6;2.98;2.75;7.5;0;0;0;0;0;0;0;0;1.43;3.13;8.5;34;2.7;1.33;1.05;1.01;0;0;0;0;5;0;1;1;3;4;1;2018-08-07 22:30:00;622;1;17;0;50;0;1;1;5;0;5;2;5;7;0;1;0;0;1;0;1;73;32;114;100;1.9;1.24;3.14;0;0;0;0;0;0;1;1;0;1;3;0;0;0;-1;-1;-1;-1;-1;-1;-1;-1;-1;0;0;34;100;100;17;34;84;84;8.67;5.67;5;2.34;Peñarol;Atlético PR;0;2.17;0;2;0;2;100;100;67;0;0;67;67;67;0;1.12;1.12;1395;2;Y;Y;Y;Y;Y;N;Y
413815;4360;626;2018;complete;3267;0;-1;62;19;1;1;2;6;2;8;5;0;1;3;0;1;11;3;9;1;20;4;18;22;62;38;1;4;2.6;2.9;2.9;1.1;1.54;2.65;5.35;9.5;6.5;2.4;1.45;0;1.04;2.25;1.65;2.62;1.44;2.62;1.44;0;0;0;3.4;1.83;3.6;3.1;2.2;3;0;0;0;0;1.72;0;0;0;0;2;0;0;0;0;0;2.25;6;2;4;4;0;0;0;0;0;0;0;0;1.61;3.75;13;19;2.2;1.25;1.04;1.02;0;0;0;0;2;0;1;1;0;1;1;2018-08-09 00:45:00;-1;1;0;0;0;0;1;1;2;1;4;1;3;5;1;3;0;1;4;1;1;62;31;69;49;2.46;0.69;3.15;0;0;0;0;0;0;1;1;0;0;1;1;0;0;-1;-1;-1;-1;-1;-1;-1;-1;-1;0;17;17;67;84;0;17;84;67;6.66;4.67;8;1.83;Cerro;Bahia;1.25;1.63;1.33;2;1.33;2;100;84;84;33;17;34;34;34;1.55;1.68;3.23;1395;4;Y;Y;N;N;N;N;Y
413816;625;4319;2018;complete;3267;0;-1;86;;1;0;1;10;3;13;0;0;3;4;0;0;10;3;22;3;32;6;13;24;66;34;3;4;1.47;4;6.7;1.03;1.25;1.8;3;6.5;11;3.8;1.95;1.33;1.11;2;1.8;2;1.72;6;1.12;1.09;1.19;2.64;1.91;2.38;6.75;1.8;2.62;6;0;0;0;0;0;0;0;0;0;0;0;0;0;0;0;1.35;9;3;2.37;12;0;0;0;0;0;0;0;0;1.36;2.62;7;19;3;1.44;1.1;1.02;0;0;0;0;1;0;0;1;0;1;0;2018-08-09 22:30:00;625;1;100;0;50;0;1;1;3;2;7;1;5;8;3;1;0;3;4;3;1;89;21;129;88;3.35;0.76;4.1;0;0;0;0;0;0;1;1;0;0;1;0;1;0;-1;-1;-1;-1;-1;-1;-1;-1;-1;17;84;100;100;100;84;100;100;84;7.67;1;4;4;Vasco da Gama;LDU Quito;1.5;1.5;0;2;0;2;84;17;0;0;0;17;17;17;0;1.77;1.77;1395;2;Y;N;N;N;N;N;N
413817;4359;6680;2018;complete;3267;0;-1;19;;1;0;1;9;6;15;0;2;1;2;0;0;8;4;10;8;18;12;12;15;52;48;1;2;1.36;4.2;9.25;1.07;1.4;2.25;4.2;0;0;0;0;0;0;2.75;1.44;1.57;2.25;5.5;1.14;0;0;0;0;0;0;1.66;2.5;8;0;0;0;0;1.66;0;0;0;0;2.1;0;0;0;0;0;1.28;7.5;5;1.83;13;0;0;0;0;0;0;0;0;1.5;3.4;10;26;2.5;1.3;1.06;1.01;0;0;0;0;1;1;0;0;0;0;1;2018-08-15 00:45:00;4359;1;17;50;0;0;1;1;5;1;4;5;6;9;0;1;1;1;1;2;1;62;57;97;99;2.14;1.45;3.59;0;0;0;0;0;0;1;1;0;0;0;0;0;1;-1;-1;-1;-1;-1;-1;-1;-1;-1;0;17;17;34;34;17;34;34;17;11.67;2;3.67;1;Nacional;Sol de América;1.33;1;1;1.33;1;1.33;100;84;84;67;67;100;100;100;0;1.25;1.25;1395;4;Y;N;N;N;N;N;N
413818;2184;711;2018;complete;3267;0;-1;90;;1;0;1;9;1;10;4;2;3;3;0;0;10;3;8;5;18;8;14;24;61;39;3;3;3.35;3.3;2.1;1.05;1.35;2.1;3.8;0;0;0;0;0;0;1.8;2;3.75;1.25;2.62;1.44;0;0;0;0;0;0;3.5;2.37;2.5;0;0;0;0;1.9;0;0;0;0;1.8;0;0;0;0;0;2.4;8.5;1.72;5.5;3.4;0;0;0;0;0;0;0;0;1.44;3.25;9;26;2.62;1.33;1.07;1.01;0;0;0;0;1;0;0;1;0;1;0;2018-08-15 22:30:00;2184;1;50;0;0;0;1;1;4;0;5;1;4;6;0;2;3;1;2;4;1;122;72;111;81;2.7;1.23;3.94;0;0;0;0;0;0;1;1;0;0;4;0;0;0;-1;-1;-1;-1;-1;-1;-1;-1;-1;0;0;33;67;84;0;33;67;50;11.67;5.66;7.34;1.83;Deportes Temuco;San Lorenzo;2.5;1.17;2.33;1.33;2.33;1.33;100;100;67;34;17;84;67;50;2.01;0.66;2.67;1395;4;Y;N;N;N;N;N;N
413819;2136;6683;2018;complete;3267;0;-1;31,38,78,86;;4;0;4;3;3;6;5;0;2;4;0;0;12;3;10;5;22;8;14;20;57;43;2;4;1.37;3.85;10.75;1.07;1.43;2.3;4.4;11.5;9.2;3;1.65;1.24;1.08;2.75;1.44;1.57;2.25;5.5;1.14;1.05;1.22;2.9;2.02;2.15;7.1;1.72;2.5;8;0;0;0;0;2;0;0;0;0;1.72;0;0;0;0;0;1.3;7.5;5;1.83;12;0;0;0;0;0;0;0;0;1.5;3.5;10;26;2.5;1.28;1.06;1.01;0;0;0;0;4;2;0;2;0;2;2;2018-08-16 00:45:00;2136;1;84;0;0;0;1;1;1;2;2;1;3;3;1;1;1;3;2;4;1;62;26;69;42;2.66;0.9;3.56;0;0;0;0;0;0;1;1;0;0;1;0;0;0;-1;-1;-1;-1;-1;-1;-1;-1;-1;0;0;17;84;84;0;0;84;84;4;1.67;7.67;1.84;Millonarios;General Díaz;1.5;1.25;1;1.67;1;1.67;100;100;84;17;17;34;34;17;0;0.93;0.93;1395;4;Y;Y;Y;Y;N;N;N
413820;615;6676;2018;complete;3267;0;-1;38,89;;2;0;2;13;3;16;1;1;2;2;0;0;6;0;7;3;13;3;8;13;60;40;2;2;1.34;4.35;10.5;1.07;1.4;2.25;4.2;10.5;10;3.2;1.69;1.26;1.09;2.7;1.45;1.72;2;5.5;1.14;1.04;1.2;3.1;2.04;2.15;6.7;1.72;2.5;7;0;0;0;0;1.83;0;0;0;0;1.83;0;0;0;0;0;1.33;8;4.33;2.04;12;0;0;0;0;0;0;0;0;1.44;3.25;9;26;2.62;1.33;1.07;1.01;0;0;0;0;2;1;0;1;0;1;1;2018-08-16 22:30:00;615;1;67;0;50;0;1;1;6;1;7;2;7;9;0;0;2;2;0;4;1;94;48;127;115;1.92;0.56;2.48;0;0;0;0;0;0;1;1;0;0;1;0;0;0;-1;-1;-1;-1;-1;-1;-1;-1;-1;0;0;50;67;67;33;50;67;34;12.67;3;5;1.84;Botafogo;Nacional Asunción;1.67;1.25;1.33;1.67;1.33;1.67;100;100;50;34;34;84;67;67;1.68;1.76;3.44;1395;4;Y;Y;N;N;N;N;N
413821;707;618;2018;complete;3267;0;-1;;72;0;1;1;3;5;8;1;1;4;2;0;0;3;6;5;8;8;14;13;14;43;57;4;2;3.1;2.8;2.5;1.1;1.56;2.7;5.5;0;0;0;0;0;0;2.3;1.61;2.62;1.44;2.37;1.53;0;0;0;0;0;0;3.25;2.1;3;0;0;0;0;1.83;0;0;0;0;1.83;0;0;0;0;0;2.37;6;1.95;4.33;3.6;0;0;0;0;0;0;0;0;1.61;4;13;21;2.2;1.22;1.04;1.01;0;0;0;0;1;0;0;0;1;1;0;2018-08-17 00:45:00;618;1;0;0;0;0;1;1;1;1;2;4;2;6;1;1;3;1;2;4;1;61;83;92;93;1.16;1.9;3.06;0;0;0;0;0;0;1;1;0;0;0;1;0;0;-1;-1;-1;-1;-1;-1;-1;-1;-1;0;0;0;17;84;0;17;84;0;6;2.67;5;1;Colón;São Paulo;1.67;1.75;3;1.33;3;1.33;100;100;100;84;17;17;17;0;1.52;1.04;2.56;1395;4;Y;N;N;N;N;N;N
413822;4361;617;2018;complete;3267;0;-1;;78;0;1;1;9;4;13;3;2;4;2;0;0;7;5;7;7;14;12;24;14;55;45;4;2;2.9;3;2.55;1.09;1.49;2.5;4.9;12;8.8;2.96;1.64;1.23;1.08;2.2;1.69;2.75;1.4;2.62;1.44;1.36;1.33;1.47;3.2;1.95;3.65;3.2;2.2;2.87;0;0;0;0;1.83;0;0;0;0;1.83;0;0;0;0;0;2.3;6.5;1.9;4.5;3.75;0;0;0;0;0;0;0;0;1.57;3.75;11;19;2.25;1.25;1.05;1.02;0;0;0;0;1;0;0;0;1;1;0;2018-08-17 00:45:00;617;1;0;0;0;0;1;1;5;2;4;2;7;6;2;2;2;0;4;2;1;82;51;112;110;1.97;1.48;3.45;0;0;0;0;0;0;1;1;0;0;1;2;0;1;-1;-1;-1;-1;-1;-1;-1;-1;-1;0;0;17;100;100;0;0;100;100;7.33;1.33;7;2.17;Defensor Sporting;Fluminense;0;1.9;0;2;0;2;100;100;84;0;0;84;84;84;0;1.11;1.11;1395;2;Y;N;N;N;N;N;N
494037;4325;617;2018;complete;4009;0;-1;;23,84;0;2;2;9;2;11;4;1;2;2;0;0;4;4;7;5;11;9;13;12;61;39;2;2;2.3;2.85;3.4;1.12;1.65;3;6.2;0;5.6;2.15;1.36;1.1;1.01;2.5;1.54;2.25;1.57;2.62;1.44;1.35;1.41;1.57;0;0;0;2.87;2.1;3.5;0;0;0;0;1.83;0;0;0;0;1.83;0;0;0;0;0;1.9;5.5;2.5;3.4;4.33;0;0;0;0;0;0;0;0;1.66;4.33;15;23;2.1;1.2;1.03;1.01;0;0;0;0;2;0;1;0;1;1;1;2018-09-20 22:30:00;617;1;25;0;0;0;1;1;4;1;5;1;5;6;1;0;1;2;1;3;1;101;38;112;84;1.7;1.13;2.83;0;0;0;0;0;0;1;1;0;0;2;0;0;0;-1;-1;-1;-1;-1;-1;-1;-1;-1;0;25;38;88;100;38;38;88;75;12;2.75;5.25;2.5;Deportivo Cuenca;Fluminense;0.83;1.9;1.25;2.25;1.25;2.25;100;75;63;13;0;75;75;63;2.14;1.29;3.43;1395;6;Y;Y;N;N;N;N;N
494038;2131;707;2018;complete;4009;0;-1;72;;1;0;1;3;5;8;2;1;0;2;0;0;6;2;9;7;15;9;7;17;60;40;0;2;0;0;0;0;0;0;0;0;0;0;0;0;0;2.75;1.4;1.61;2.2;4;1.22;1.14;1.28;2.4;0;0;0;1.9;2.3;6.5;0;0;0;0;1.9;0;0;0;0;1.8;0;0;0;0;0;1.36;6.5;4.5;2;8.5;0;0;0;0;0;0;0;0;1.57;3.75;13;21;2.25;1.25;1.04;1.01;0;0;0;0;1;0;0;1;0;1;0;2018-09-27 00:15:00;2131;1;0;0;0;0;1;1;1;2;2;3;3;5;0;1;0;1;1;1;1;70;46;109;83;1.87;1.04;2.92;0;0;0;0;0;0;1;1;0;0;1;0;0;0;-1;-1;-1;-1;-1;-1;-1;-1;-1;0;0;0;13;100;0;38;75;0;9.25;6.75;3.75;1.13;Junior;Colón;1.8;1.67;1.5;2.25;1.5;2.25;100;100;100;88;0;38;38;25;2.85;1.15;4;1395;6;Y;N;N;N;N;N;N
494039;2133;2136;2018;complete;4009;0;-1;;;0;0;0;2;0;2;1;0;3;4;0;1;4;3;8;5;12;8;19;21;48;52;3;5;2.5;2.7;3.3;1.15;1.77;3.35;7.25;0;5;2;1.29;1.08;1.01;2.7;1.45;0;0;0;0;0;0;0;0;0;0;0;0;0;0;0;0;0;0;0;0;0;0;0;0;0;0;0;0;0;0;0;0;0;0;0;0;0;0;0;0;0;0;0;0;0;0;0;0;0;0;0;0;0;0;0;0;0;0;0;0;2018-09-19 00:45:00;-1;1;25;0;50;0;1;1;0;0;2;0;0;2;0;1;3;4;1;7;1;65;34;79;90;1.5;0.97;2.47;0;0;0;0;0;0;1;1;0;0;0;0;0;1;-1;-1;-1;-1;-1;-1;-1;-1;-1;0;25;25;75;75;25;25;75;75;7.5;6;6;2;Santa Fe;Millonarios;1.25;1.5;2;2;2;2;100;75;75;25;25;50;50;25;1.66;1.05;2.71;1395;4;N;N;N;N;N;N;N
494040;2845;622;2018;complete;4009;0;-1;;42,73;0;2;2;7;0;7;2;0;2;1;0;0;2;9;6;6;8;15;11;16;49;51;2;1;4;3.15;1.95;1.09;1.5;2.5;5;0;6.65;2.45;1.48;1.15;1.03;2.3;1.61;3.5;1.28;2.1;1.66;1.9;1.36;1.22;0;0;0;4.33;2.25;2.3;0;0;0;0;1.83;0;0;0;0;1.83;0;0;0;0;0;2.87;6.5;1.61;6.5;2.75;0;0;0;0;0;0;0;0;1.57;3.75;11;19;2.25;1.25;1.05;1.02;0;0;0;0;2;0;1;0;1;1;1;2018-09-19 22:30:00;622;1;50;0;50;0;1;1;5;0;2;0;5;2;1;0;1;1;1;2;1;67;63;91;99;1.13;2.03;3.16;0;0;0;0;0;0;1;1;0;0;3;0;0;0;-1;-1;-1;-1;-1;-1;-1;-1;-1;25;25;63;88;100;25;63;88;63;6.5;5.5;5.25;3.25;Caracas;Atlético PR;1.5;2.17;2.25;2.25;2.25;2.25;75;75;38;13;0;50;50;50;1.39;1.18;2.57;1395;6;Y;Y;N;N;N;N;N
494041;626;615;2018;complete;4009;0;-1;4,60;62;2;1;3;7;6;13;2;3;2;3;1;0;5;11;7;8;12;19;13;11;53;47;4;3;1.91;3.1;4.4;1.1;1.53;2.65;5.3;0;6.35;2.4;1.44;1.14;1.03;2.45;1.56;2;1.72;3.4;1.3;1.25;1.36;1.83;0;0;0;2.37;2.2;4.33;0;0;0;0;1.8;0;0;0;0;1.9;0;0;0;0;0;1.61;6.5;2.87;2.75;6;0;0;0;0;0;0;0;0;1.57;4;13;21;2.25;1.22;1.04;1.01;0;0;0;0;3;1;0;1;1;2;1;2018-09-21 00:45:00;626;1;50;25;0;0;1;1;3;2;4;4;5;8;1;2;2;1;3;3;1;63;57;96;79;1.56;2.37;3.93;0;0;0;0;0;0;1;1;1;0;0;0;0;1;-1;-1;-1;-1;-1;-1;-1;-1;-1;0;13;38;88;100;13;63;100;50;9.75;1.25;5.75;2.38;Bahia;Botafogo;1.63;1.67;1.75;1.75;1.75;1.75;100;88;63;13;0;63;63;63;2.05;1.46;3.51;1395;6;Y;Y;Y;N;N;N;Y
494042;701;706;2018;complete;4009;0;-1;;;0;0;0;8;1;9;3;2;0;4;0;0;6;2;6;1;12;3;14;16;65;35;0;4;1.95;3;4.35;1.1;1.56;2.7;5.5;13.5;7.6;2.62;1.53;1.19;1.06;2.4;1.57;1.83;1.83;2.75;1.4;1.17;1.33;1.91;2.76;2.04;5.7;2.5;2.04;4.5;0;0;0;0;2;0;0;0;0;1.72;0;0;0;0;0;1.66;5;3.1;2.62;5.5;0;0;0;0;0;0;0;0;1.65;4.2;11;15;2.42;1.27;1.06;1.02;0;0;0;0;0;0;0;0;0;0;0;2018-08-21 22:30:00;-1;1;0;0;0;0;1;1;2;0;6;1;2;7;0;2;0;2;2;2;1;75;26;112;70;1.72;0.53;2.25;0;0;0;0;0;0;1;1;0;0;0;0;0;0;-1;-1;-1;-1;-1;-1;-1;-1;-1;0;0;13;50;100;0;38;75;50;11.75;2.5;2.75;1.63;Defensa y Justicia;Banfield;1.63;1;1.5;1.5;1.5;1.5;100;100;88;50;0;38;38;38;2.54;1.3;3.84;1395;4;N;N;N;N;N;N;N
494043;711;4359;2018;complete;4009;0;-1;19,32,80;70;3;1;4;5;4;9;4;0;2;2;0;0;6;4;1;5;7;9;12;14;49;51;2;2;2.55;2.75;3.1;1.13;1.67;3.1;6.55;0;0;0;0;0;0;2.55;1.53;2.25;1.57;2.5;1.5;0;0;0;0;0;0;3;2.04;3.4;0;0;0;0;1.9;0;0;0;0;1.8;0;0;0;0;0;1.95;5.5;2.37;3.5;4;0;0;0;0;0;0;0;0;1.66;4.33;15;23;2.1;1.2;1.03;1.01;0;0;0;0;4;2;0;1;1;2;2;2018-08-22 22:30:00;711;1;13;0;25;0;1;1;3;3;2;1;6;3;1;1;1;1;2;2;1;55;52;62;75;1.26;1.22;2.48;1;1;1;1;0;0;1;1;0;0;0;1;0;0;-1;-1;-1;-1;-1;-1;-1;-1;-1;0;0;13;13;63;0;38;25;13;13;3;4.5;0.88;San Lorenzo;Nacional;1.17;1.33;1;2;1;2;100;100;88;88;38;100;88;75;1.48;1.44;2.92;1395;6;Y;Y;Y;Y;N;N;Y
494044;4319;2132;2018;complete;4009;0;-1;24;;1;0;1;6;3;9;0;4;0;2;0;0;3;3;9;5;12;8;8;15;57;43;0;2;2.25;2.9;3.45;1.1;1.56;2.7;5.5;16;6.8;2.5;1.49;1.16;1.05;2.35;1.59;2.25;1.57;2.75;1.4;1.13;1.3;2.15;2.8;1.83;4.6;2.05;2.15;5.8;0;0;0;1.66;0;0;0;0;2.1;0;0;0;0;0;0;1.87;6;2.5;3.4;4.75;0;0;0;0;0;0;0;0;1.68;4.5;13;15;2.36;1.27;1.05;1.02;0;0;0;0;1;1;0;0;0;0;1;2018-08-23 00:45:00;4319;1;63;0;75;0;1;1;3;0;3;3;3;6;0;1;0;1;1;1;1;66;33;89;66;1.44;0.96;2.4;0;0;0;0;0;0;1;1;0;0;0;0;0;0;-1;-1;-1;-1;-1;-1;-1;-1;-1;25;50;88;88;100;25;75;100;75;9;5.25;4.75;3.5;LDU Quito;Deportivo Cali;1.5;1.63;1.5;2.25;1.5;2.25;75;50;13;13;0;25;25;25;2.58;1.35;3.93;1395;6;Y;N;N;N;N;N;N
494045;617;4325;2018;complete;4009;0;-1;34,76;;2;0;2;4;10;14;0;2;5;3;0;0;8;3;2;2;10;5;21;20;45;55;5;3;1.37;4.3;8.25;1.05;1.33;2.05;3.7;0;8.5;3.1;1.71;1.25;1.08;2.45;1.56;1.83;1.83;5.5;1.14;1.1;1.25;2.8;0;0;0;1.8;2.5;6;0;0;0;0;1.8;0;0;0;0;1.9;0;0;0;0;0;1.33;9;4;2.1;11;0;0;0;0;0;0;0;0;1.44;3.25;9;23;2.62;1.33;1.07;1.01;0;0;0;0;2;1;0;1;0;1;1;2018-10-04 22:30:00;617;1;20;25;25;0;1;1;3;3;1;7;6;8;2;1;3;2;3;5;1;34;40;59;80;1.44;0.82;2.26;0;0;0;0;0;0;1;1;0;0;0;2;0;0;-1;-1;-1;-1;-1;-1;-1;-1;-1;0;20;30;90;100;30;50;90;60;11.8;3.2;5;2.4;Fluminense;Deportivo Cuenca;1.9;0.83;2.4;1;2.4;1;100;80;70;10;0;80;80;70;2.24;1.64;3.88;1395;6;Y;Y;N;N;N;N;N
494046;707;2131;2018;complete;4009;0;-1;75;82;1;1;2;8;1;9;0;1;2;3;1;1;8;3;14;3;22;6;10;14;51;49;4;5;2.2;2.9;3.65;1.1;1.56;2.7;5.5;0;6.2;2.3;1.43;1.13;1.02;2.35;1.61;2.25;1.57;2.75;1.4;1.34;1.41;1.57;0;0;0;2.75;2.1;3.5;0;0;0;0;1.9;0;0;0;0;1.8;0;0;0;0;0;1.83;6;2.5;3.4;4.75;0;0;0;0;0;0;0;0;1.61;4;13;21;2.2;1.22;1.04;1.01;0;0;0;0;2;0;0;1;1;2;0;2018-10-04 22:30:00;-1;1;0;0;0;0;1;1;3;1;5;0;4;5;2;3;1;1;5;2;1;47;26;76;60;2.28;0.78;3.06;0;0;0;0;0;0;1;1;0;0;2;0;0;0;-1;-1;-1;-1;-1;-1;-1;-1;-1;0;0;0;10;100;0;27;84;0;8.6;5.6;3.13;1.1;Colón;Junior;1.67;1.8;1.8;2;1.8;2;100;100;100;90;0;27;27;17;1.34;1.44;2.78;1395;6;Y;Y;N;N;N;N;Y
494047;2136;2133;2018;complete;4009;0;-1;;;0;0;0;3;7;10;2;2;1;2;0;0;3;3;8;8;11;11;14;22;47;53;1;2;2.55;2.65;3.25;1.13;1.69;3.15;6.65;0;5.35;2.05;1.33;1.09;1.01;2.55;1.51;0;0;0;0;0;0;0;0;0;0;0;0;0;0;0;0;0;0;0;0;0;0;0;0;0;0;0;0;0;0;0;0;0;0;0;0;0;0;0;0;0;0;0;0;0;0;0;0;0;0;0;0;0;0;0;0;0;0;0;0;2018-10-03 00:45:00;-1;1;17;0;0;0;1;1;3;3;0;4;6;4;1;0;0;2;1;2;1;69;82;115;109;1.41;1.5;2.91;0;0;0;0;0;0;1;1;0;0;1;1;0;0;-1;-1;-1;-1;-1;-1;-1;-1;-1;0;17;17;50;50;17;17;50;50;5.67;4.33;6.67;1.34;Millonarios;Santa Fe;1.5;1.25;1.67;1.67;1.67;1.67;100;84;84;50;50;34;34;17;2.66;1.52;4.18;1395;4;N;N;N;N;N;N;N
494048;622;2845;2018;complete;4009;0;-1;31,58;49;2;1;3;3;4;7;4;2;2;6;0;0;5;6;12;7;17;13;16;21;62;38;2;6;1.21;5.7;14.5;1.03;1.24;1.77;2.9;0;10.75;3.8;2;1.37;1.13;2.55;1.51;1.61;2.2;9;1.07;1.05;1.18;4;0;0;0;1.5;2.87;9.5;0;0;0;0;1.8;0;0;0;0;1.9;0;0;0;0;0;1.18;11;5.5;1.8;21;0;0;0;0;0;0;0;0;1.33;2.62;6.5;19;3.25;1.44;1.11;1.02;0;0;0;0;3;1;0;1;1;2;1;2018-10-03 22:30:00;622;1;40;25;50;0;1;1;2;4;1;0;6;1;0;1;2;5;1;7;1;72;61;108;84;1.94;1.68;3.62;0;0;0;0;0;0;1;1;0;0;0;0;0;0;-1;-1;-1;-1;-1;-1;-1;-1;-1;20;20;50;90;100;20;70;90;50;6.6;4.8;4.8;3;Atlético PR;Caracas;2.17;1.5;2.4;1.8;2.4;1.8;80;80;50;10;0;40;40;40;2.47;1.33;3.8;1395;6;Y;Y;Y;N;N;N;Y
494049;615;626;2018;complete;4009;0;-1;26,40;33;2;1;3;2;6;8;0;3;1;3;0;0;8;4;6;5;14;9;10;13;53;47;1;3;1.74;3.4;5;1.08;1.45;2.4;4.6;0;7;2.6;1.53;1.17;1.04;2.3;1.62;1.9;1.8;3.75;1.25;1.18;1.34;2.1;2.6;1.95;5.5;2.1;2.25;4.75;0;0;0;0;1.8;0;0;0;0;1.9;0;0;0;0;0;1.53;7;3.2;2.5;7.5;0;0;0;0;0;0;0;0;1.53;3.5;11;19;2.37;1.28;1.05;1.02;0;0;0;0;3;2;1;0;0;0;3;2018-10-04 00:45:00;615;1;60;0;25;0;1;1;1;2;1;4;3;5;1;1;0;2;2;2;1;77;77;122;96;2;1.41;3.41;0;0;0;0;0;0;1;1;0;0;1;0;0;0;-1;-1;-1;-1;-1;-1;-1;-1;-1;0;10;50;90;100;10;70;100;60;10.4;2;6;2.5;Botafogo;Bahia;1.67;1.63;1.4;2;1.4;2;100;90;50;10;0;70;70;70;1.8;1.18;2.98;1395;6;Y;Y;Y;N;N;N;Y
494050;706;701;2018;complete;4009;0;-1;;75,90;0;2;2;4;6;10;5;3;3;2;0;0;3;8;9;8;12;16;18;18;52;48;3;2;2.95;2.8;2.65;1.12;1.65;3;6.2;0;5.6;2.15;1.36;1.1;1.01;2.45;1.54;2.5;1.5;2.2;1.61;1.57;1.44;1.34;0;0;0;3.5;2.04;2.87;0;0;0;0;1.83;0;0;0;0;1.83;0;0;0;0;0;2.5;5;1.9;4.33;3.4;0;0;0;0;0;0;0;0;1.72;4.5;15;26;2;1.18;1.03;1.01;0;0;0;0;2;0;0;0;2;2;0;2018-09-28 00:15:00;701;1;0;0;0;0;1;1;2;0;2;6;2;8;1;1;2;1;2;3;1;75;64;101;91;1.51;2.03;3.54;0;0;0;0;0;0;1;1;0;0;0;0;0;0;-1;-1;-1;-1;-1;-1;-1;-1;-1;0;0;10;37;74;0;30;54;37;10.67;3.07;3.33;1.2;Banfield;Defensa y Justicia;1;1.63;1.33;1.4;1.33;1.4;100;100;90;64;27;57;30;30;2.7;1.06;3.76;1395;4;Y;Y;N;N;N;N;N
494051;4359;711;2018;complete;4009;0;-1;11,55;;2;0;2;5;2;7;3;0;4;4;0;1;7;2;6;4;13;6;16;22;51;49;4;6;1.87;3.2;4.45;1.06;1.39;2.2;4.15;0;7.75;2.8;1.61;1.2;1.06;2;1.72;2.2;1.61;4;1.22;1.22;1.33;1.95;0;0;0;2.2;2.37;4.33;0;0;0;0;0;1.83;0;0;0;0;1.83;0;0;0;0;1.53;8;2.87;2.75;7;0;0;0;0;0;0;0;0;1.44;3.25;10;26;2.62;1.33;1.06;1.01;0;0;0;0;2;1;0;1;0;1;1;2018-09-26 00:15:00;4359;1;37;0;0;0;1;1;2;1;3;1;3;4;1;1;3;4;2;7;1;73;43;98;87;1.84;0.84;2.68;0;0;0;0;0;0;1;1;0;0;0;1;0;0;-1;-1;-1;-1;-1;-1;-1;-1;-1;0;27;37;37;74;27;54;47;37;11.6;3.2;4.53;1.74;Nacional;San Lorenzo;1.33;1.17;1.33;1.4;1.33;1.4;100;74;64;64;27;100;64;54;2.14;0.95;3.09;1395;6;Y;Y;N;N;N;N;N
494052;2132;4319;2018;complete;4009;0;-1;45;;1;0;1;1;8;9;3;0;4;2;1;0;7;6;9;7;16;13;21;21;44;56;5;2;1.41;3.85;9;1.08;1.48;2.45;4.8;0;6.9;2.55;1.5;1.16;1.04;2.85;1.42;1.53;2.37;5;1.16;1.07;1.25;3;0;0;0;1.72;2.37;8;0;0;0;1.66;0;0;0;0;2.1;0;0;0;0;0;0;1.3;6.5;5;1.83;12;0;0;0;0;0;0;0;0;1.53;3.5;11;19;2.37;1.28;1.05;1.02;0;0;0;0;1;1;0;0;0;0;1;2018-09-20 00:45:00;2132;1;50;0;25;0;1;1;1;3;0;5;4;5;3;1;2;1;4;3;1;34;26;41;37;1.73;1.42;3.15;0;0;0;0;0;0;1;1;0;0;0;2;1;0;-1;-1;-1;-1;-1;-1;-1;-1;-1;20;40;70;70;100;20;80;80;60;9;5;4.2;3;Deportivo Cali;LDU Quito;1.63;1.5;1.8;1.8;1.8;1.8;80;60;30;30;0;40;20;20;2.06;1.26;3.32;1395;6;Y;N;N;N;N;N;N
518787;2133;2132;2018;complete;4009;0;-1;45;32;1;1;2;4;6;10;3;2;0;2;0;0;6;5;11;4;17;9;9;13;50;50;0;2;2.05;2.95;4.1;1.12;1.62;2.95;6.1;0;5.7;2.2;1.37;1.11;1.01;2.55;1.51;0;0;0;0;0;0;0;0;0;0;0;0;0;0;0;0;0;0;0;0;0;0;0;0;0;0;0;0;0;0;0;0;0;0;0;0;0;0;0;0;0;0;0;0;0;0;0;0;0;0;0;0;0;2;1;1;0;0;0;2;2018-10-24 00:45:00;-1;1;17;0;34;0;1;1;2;4;2;2;6;4;0;0;0;2;0;2;1;67;53;71;67;1.96;1.3;3.26;1;0;1;0;0;0;1;1;0;0;1;0;0;0;-1;-1;-1;-1;-1;-1;-1;-1;-1;9;17;34;46;63;0;42;46;46;8.08;6.42;5.42;1.67;Santa Fe;Deportivo Cali;1.25;1.63;1.5;2;1.5;2;92;84;67;54;38;54;38;13;1.58;1.22;2.8;1395;8;Y;Y;N;N;N;N;Y
518788;617;4359;2018;complete;4009;0;-1;17;88;1;1;2;2;3;5;3;0;1;1;0;0;4;5;4;5;8;10;10;6;54;46;1;1;1.61;3.65;4.45;1.04;1.31;2;3.55;15;7.75;3;1.69;1.23;1.06;2;1.77;2.1;1.66;3;1.36;1.29;1.33;1.8;2.87;1.95;4.5;2.5;2.1;4;0;0;0;0;1.83;0;0;0;0;1.83;0;0;0;0;0;1.66;6.5;2.87;2.87;5;0;0;0;0;0;0;0;0;1.61;4;13;23;2.2;1.22;1.04;1.01;0;0;0;0;2;1;0;0;1;1;1;2018-10-24 22:30:00;-1;1;13;0;25;0;1;1;1;1;1;2;2;3;0;0;1;1;0;2;1;54;64;101;96;1.18;1.45;2.63;0;0;0;0;0;0;1;1;0;0;0;1;0;0;-1;-1;-1;-1;-1;-1;-1;-1;-1;0;13;21;67;88;13;54;75;38;11.33;1.92;5;1.88;Fluminense;Nacional;1.9;1.33;2.5;1.75;2.5;1.75;100;88;79;34;13;79;67;67;1.97;1.33;3.3;1395;6;Y;Y;N;N;N;N;Y
518789;626;622;2018;complete;4009;0;-1;;67;0;1;1;9;1;10;4;4;1;4;0;0;7;3;10;6;17;9;10;19;56;44;1;4;2.4;2.9;3.2;1.1;1.54;2.65;5.35;13;6.3;2.35;1.43;1.13;1.03;2.3;1.62;2.37;1.53;2.75;1.4;1.37;1.37;1.57;3.25;1.9;4;2.75;2.2;3.4;0;0;0;0;1.8;0;0;0;0;1.9;0;0;0;0;0;1.83;6.5;2.37;3.5;4.5;0;0;0;0;0;0;0;0;1.57;3.75;13;21;2.25;1.25;1.04;1.01;0;0;0;0;1;0;0;0;1;1;0;2018-10-25 00:45:00;622;1;50;0;50;0;1;1;5;0;4;1;5;5;0;3;1;1;3;2;1;88;39;126;90;2.2;1.07;3.27;0;0;0;0;0;0;1;1;0;0;0;0;0;1;-1;-1;-1;-1;-1;-1;-1;-1;-1;9;17;59;92;100;17;75;83;59;7.34;4.5;5;2.75;Bahia;Atlético PR;1.63;2.17;1.67;2.5;1.67;2.5;92;83;42;9;0;42;42;42;1.89;1.46;3.35;1395;8;Y;N;N;N;N;N;N
518790;2131;701;2018;complete;4009;0;-1;75,90;;2;0;2;5;5;10;2;0;1;2;0;0;5;4;9;8;14;12;13;13;54;46;1;2;2;2.9;4.35;1.13;1.67;3.1;6.55;0;5.4;2.1;1.33;1.09;1.01;2.7;1.47;1.83;1.83;3;1.36;1.2;1.44;1.83;0;0;0;2.4;2.04;4.75;0;0;0;0;2.1;0;0;0;0;1.66;0;0;0;0;0;1.66;5;3.2;2.62;6.5;0;0;0;0;0;0;0;0;1.66;4.33;15;26;2.1;1.2;1.03;1.01;0;0;0;0;2;0;0;2;0;2;0;2018-10-26 00:45:00;2131;1;13;0;0;0;1;1;3;1;2;4;4;6;1;1;0;1;2;1;1;75;57;104;88;1.77;1.45;3.22;1;0;1;0;0;0;1;1;0;0;1;0;0;0;-1;-1;-1;-1;-1;-1;-1;-1;-1;0;0;9;38;92;0;38;63;38;10.83;4.92;3.42;1.38;Junior;Defensa y Justicia;1.8;1.63;1.75;1.67;1.75;1.67;100;100;92;63;9;67;46;38;2.36;1.38;3.74;1395;8;Y;Y;N;N;N;N;N
518791;2132;2133;2018;complete;4009;0;-1;73;16,17;1;2;3;2;3;5;1;0;4;4;0;0;5;5;9;4;14;9;21;18;45;55;4;4;2.35;2.85;3.3;1.11;1.57;2.75;5.55;0;6.1;2.3;1.41;1.12;1.02;2.35;1.61;0;0;0;0;0;0;0;0;0;0;0;0;0;0;0;0;0;0;0;0;0;0;0;0;0;0;0;0;0;0;0;0;0;0;0;0;0;0;0;0;0;0;0;0;0;0;0;0;0;0;0;0;0;3;0;2;1;0;1;2;2018-10-31 00:45:00;2133;1;32;0;0;0;1;1;0;2;2;1;2;3;2;2;2;2;4;4;1;72;49;102;90;1.75;1.28;3.03;0;1;0;1;0;0;1;1;0;0;0;1;1;1;-1;-1;-1;-1;-1;-1;-1;-1;-1;7;15;29;56;70;17;53;39;39;8.29;6.26;4.77;1.76;Deportivo Cali;Santa Fe;1.63;1.25;1.86;1.4;1.86;1.4;93;86;72;45;30;62;47;10;1.95;1.51;3.46;1395;8;Y;Y;Y;N;N;N;Y
518792;4359;617;2018;complete;4009;0;-1;;48;0;1;1;8;7;15;0;1;4;2;1;0;0;5;5;5;5;10;17;11;50;50;6;2;2;3;4.25;1.1;1.56;2.7;5.5;0;6.2;2.3;1.43;1.13;1.02;2.4;1.57;2;1.72;3.4;1.3;1.22;1.4;1.83;0;0;0;2.37;2.2;4.33;0;0;0;0;1.8;0;0;0;0;1.9;0;0;0;0;0;1.66;6;3;2.75;6.5;0;0;0;0;0;0;0;0;1.61;3.75;13;21;2.2;1.25;1.04;1.01;0;0;0;0;1;0;0;0;1;1;0;2018-10-31 22:30:00;617;1;27;0;0;0;1;1;3;6;5;1;9;6;2;1;3;1;3;4;1;72;49;89;92;0.84;1.34;2.18;0;0;0;0;0;0;1;1;0;0;1;3;0;0;-1;-1;-1;-1;-1;-1;-1;-1;-1;0;10;17;73;90;10;62;80;32;10.23;2.03;4.51;1.9;Nacional;Fluminense;1.33;1.9;1.6;2.29;1.6;2.29;100;90;83;27;10;66;56;56;1.99;1.24;3.23;1395;6;Y;N;N;N;N;N;N
518793;622;626;2018;complete;4009;0;-1;;45;0;1;1;6;3;9;0;0;2;4;0;0;4;5;14;4;18;9;15;23;61;39;2;4;1.83;3.25;4.6;1.08;1.45;2.4;4.6;0;7;2.6;1.53;1.17;1.04;2.25;1.65;2;1.72;3.75;1.25;1.18;1.36;2.04;0;0;0;2.2;2.25;4.75;0;0;0;0;1.8;0;0;0;0;1.9;0;0;0;0;0;1.57;6.5;3.1;2.62;7.5;0;0;0;0;0;0;0;0;1.53;3.5;11;19;2.37;1.28;1.05;1.02;0;0;0;0;1;0;1;0;0;0;1;2018-11-01 00:45:00;626;1;43;17;17;0;1;1;3;3;3;0;6;3;1;3;1;1;4;2;1;83;58;118;114;2.01;1.35;3.36;0;0;0;0;0;0;1;1;0;0;0;1;0;0;-1;-1;-1;-1;-1;-1;-1;-1;-1;7;14;50;79;100;14;64;86;50;7.72;5;5;2.5;Atlético PR;Bahia;2.17;1.63;2.57;1.43;2.57;1.43;93;86;50;22;0;50;50;36;2.29;1.26;3.55;1395;8;Y;N;N;N;N;N;N
518794;701;2131;2018;complete;4009;0;-1;19,29,54;72;3;1;4;4;3;7;1;0;4;3;0;0;9;2;10;5;19;7;13;15;56;44;4;3;1.87;3.15;4.4;1.08;1.44;2.35;4.55;0;7;2.65;1.54;1.18;1.04;2.2;1.67;2.2;1.61;3.75;1.25;1.25;1.34;1.9;0;0;0;2.3;2.3;4.33;0;0;0;0;2.1;0;0;0;0;1.66;0;0;0;0;0;1.61;7.5;2.87;2.87;6;0;0;0;0;0;0;0;0;1.5;3.5;11;17;2.5;1.28;1.05;1.02;0;0;0;0;4;2;0;1;1;2;2;2018-11-02 00:45:00;701;1;10;0;25;0;1;1;2;2;2;1;4;3;1;1;3;2;2;5;1;78;60;107;96;2.39;1.02;3.41;0;0;0;0;0;0;1;1;0;0;0;0;0;1;-1;-1;-1;-1;-1;-1;-1;-1;-1;0;0;7;49;93;0;32;69;49;10.77;4.43;3.29;1.49;Defensa y Justicia;Junior;1.63;1.8;1.43;2;1.43;2;100;100;93;52;7;73;56;32;2.27;1.11;3.38;1395;8;Y;Y;Y;Y;N;N;Y
519747;617;622;2018;complete;4009;0;-1;;5,55;0;2;2;6;3;9;0;1;1;0;0;0;4;4;5;5;9;9;16;14;69;31;1;0;2.65;3.1;2.75;1.07;1.42;2.25;4.3;0;7.5;2.75;1.59;1.19;1.05;2.05;1.77;2.75;1.4;2.75;1.4;1.41;1.4;1.5;0;0;0;3;2.25;3;0;0;0;0;0;2;0;0;0;0;1.72;0;0;0;0;1.95;7;2.2;4;4.33;0;0;0;0;0;0;0;0;1.53;3.5;11;26;2.37;1.28;1.05;1.01;0;0;0;0;2;0;1;0;1;1;1;2018-11-28 23:45:00;622;1;22;0;25;0;1;1;4;0;2;3;4;5;0;0;1;0;0;1;1;52;26;95;51;1.23;1.04;2.27;0;0;0;0;0;0;1;1;0;1;0;0;0;0;-1;-1;-1;-1;-1;-1;-1;-1;-1;6;6;28;78;100;6;61;89;39;8.66;4;4.67;2.17;Fluminense;Atlético PR;1.9;2.17;2.11;2.33;2.11;2.33;95;95;73;22;0;67;61;56;1.77;1.36;3.13;1395;10;Y;Y;N;N;N;N;N
519748;622;617;2018;complete;4009;0;-1;19,78;;2;0;2;5;9;14;0;1;3;2;0;0;11;7;6;6;17;13;9;17;49;51;3;2;1.5;3.7;7;1.08;1.47;2.4;4.7;0;7;2.55;1.51;1.17;1.04;2.65;1.48;1.8;1.9;4;1.22;1.14;1.28;2.4;2.25;2.05;6.5;2;2.3;5.5;0;0;0;0;0;1.9;0;0;0;0;1.8;0;0;0;0;1.4;7;3.75;2.25;7.5;0;0;0;0;0;0;0;0;1.53;3.5;11;19;2.37;1.28;1.05;1.02;0;0;0;0;2;1;0;1;0;1;1;2018-11-07 23:45:00;622;1;26;0;13;0;1;1;2;2;3;7;4;10;2;1;1;1;3;2;1;51;48;95;96;2.21;1.66;3.87;0;0;0;0;0;0;1;1;0;0;0;1;0;0;-1;-1;-1;-1;-1;-1;-1;-1;-1;7;7;32;75;100;7;57;88;44;8;4.38;4.63;2.19;Atlético PR;Fluminense;2.17;1.9;2.25;2.38;2.25;2.38;94;94;69;25;0;63;57;50;2.22;1.26;3.48;1395;10;Y;Y;N;N;N;N;N
520052;2133;2131;2018;complete;4009;0;-1;;40,48;0;2;2;4;2;6;2;1;3;4;1;0;5;6;6;3;11;9;12;12;46;54;5;4;2.4;2.75;3.35;1.14;1.67;3.15;6.8;0;5.25;2.15;1.33;1.09;1.01;2.6;1.49;0;0;0;0;0;0;0;0;0;0;0;0;0;0;0;0;0;0;0;0;0;0;0;0;0;0;0;0;0;0;0;0;0;0;0;0;0;0;0;0;0;0;0;0;0;0;0;0;0;0;0;0;0;2;0;1;0;1;1;1;2018-11-09 00:45:00;2131;1;33;17;34;0;1;1;1;1;3;1;2;4;3;4;1;0;7;1;1;78;49;101;103;1.61;1.35;2.96;0;0;0;0;0;0;1;1;0;0;0;0;0;0;-1;-1;-1;-1;-1;-1;-1;-1;-1;0;9;17;50;75;25;33;58;34;8.67;4.5;4.67;1.5;Santa Fe;Junior;1.25;1.8;1.67;1.67;1.67;1.67;100;92;83;50;25;59;50;17;1.71;1.08;2.79;1395;8;Y;Y;N;N;N;N;N
520053;2131;2133;2018;complete;4009;0;-1;23;;1;0;1;3;6;9;0;1;4;3;2;2;6;3;4;6;10;9;16;24;41;59;7;6;2;3.1;4.1;1.08;1.47;2.4;4.7;0;7;2.55;1.51;1.17;1.04;2.2;1.67;0;0;0;0;0;0;0;0;0;0;0;0;0;0;0;0;0;0;0;0;0;0;0;0;0;0;0;0;0;0;0;0;0;0;0;0;0;0;0;0;0;0;0;0;0;0;0;0;0;0;0;0;0;1;1;0;0;0;0;1;2018-11-30 00:45:00;2131;1;29;0;0;0;1;1;2;3;1;3;5;4;4;2;2;3;6;5;1;39;59;79;74;1.34;1.2;2.54;1;0;0;0;1;0;1;1;0;0;0;1;2;1;-1;-1;-1;-1;-1;-1;-1;-1;-1;0;7;14;57;79;22;43;65;29;8.28;4.29;5.29;1.58;Junior;Santa Fe;1.8;1.25;1.86;1.43;1.86;1.43;100;93;86;43;22;50;43;14;2.17;1.43;3.6;1395;8;Y;N;N;N;N;N;N
522216;2131;622;2018;complete;4009;0;-1;53;51;1;1;2;6;4;10;0;1;1;3;0;0;5;2;7;4;12;6;13;20;61;39;1;3;2.35;2.9;3.35;1.08;1.54;2.7;5.2;0;5.9;2.25;1.38;1.11;1.02;2.3;1.49;2.2;1.61;2.62;1.44;1.35;1.41;1.57;0;0;0;2.87;2.1;3.5;0;0;0;0;1.83;0;0;0;0;1.83;0;0;0;0;0;1.83;5.5;2.5;3.4;4.5;0;0;0;0;0;0;0;0;1.66;4.33;15;23;2.1;1.2;1.03;1.01;0;0;0;0;2;0;0;1;1;2;0;2018-12-06 00:45:00;-1;1;28;0;20;0;1;1;4;1;2;3;5;5;0;0;1;3;0;4;1;84;39;127;84;1.72;0.81;2.53;1;0;0;0;1;0;1;1;0;0;0;0;0;0;-1;-1;-1;-1;-1;-1;-1;-1;-1;5;12;27;65;100;12;65;78;39;7.03;4.5;4.9;2.08;Junior;Atlético PR;1.8;2.17;2;2.4;2;2.4;95;89;74;35;0;55;33;22;1.96;1.3;3.26;1395;10;Y;Y;N;N;N;N;Y
522217;622;2131;2018;complete;4009;0;-1;27;58;1;1;2;6;7;13;0;1;2;4;0;0;7;6;9;9;16;15;16;21;48;52;2;4;1.77;3.25;5.35;1.07;1.42;2.3;4.35;0;7.75;2.8;1.61;1.2;1.05;2.2;1.67;2.1;1.66;4;1.22;1.2;1.33;2.04;0;0;0;2.1;2.3;4.5;0;0;0;0;1.83;0;0;0;0;1.83;0;0;0;0;0;1.53;7.5;3;2.62;7.5;0;0;0;0;0;0;0;0;1.5;3.4;10;26;2.5;1.3;1.06;1.01;0;0;0;0;2;1;0;0;1;1;1;2018-12-12 23:45:00;-1;1;35;0;35;0;1;1;0;1;6;4;1;10;1;0;1;4;1;5;1;91;81;98;113;2.15;1.95;4.1;0;1;0;0;0;1;1;1;0;0;0;0;0;0;-1;-1;-1;-1;-1;-1;-1;-1;-1;5;10;24;69;100;10;59;80;45;7.34;4.14;4.78;2.07;Atlético PR;Junior;2.17;1.8;2.27;1.89;2.27;1.89;96;90;77;31;0;60;39;19;2.22;1.15;3.37;1395;10;Y;Y;N;N;N;N;Y
