ID;HOMEID;AWAYID;SEASON;STATUS;ROUNDID;GAME_WEEK;REVISED_GAME_WEEK;HOMEGOALS;AWAYGOALS;HOMEGOALCOUNT;AWAYGOALCOUNT;TOTALGOALCOUNT;TEAM_A_CORNERS;TEAM_B_CORNERS;TOTALCORNERCOUNT;TEAM_A_OFFSIDES;TEAM_B_OFFSIDES;TEAM_A_YELLOW_CARDS;TEAM_B_YELLOW_CARDS;TEAM_A_RED_CARDS;TEAM_B_RED_CARDS;TEAM_A_SHOTSONTARGET;TEAM_B_SHOTSONTARGET;TEAM_A_SHOTSOFFTARGET;TEAM_B_SHOTSOFFTARGET;TEAM_A_SHOTS;TEAM_B_SHOTS;TEAM_A_FOULS;TEAM_B_FOULS;TEAM_A_POSSESSION;TEAM_B_POSSESSION;TEAM_A_CARDS_NUM;TEAM_B_CARDS_NUM;ODDS_FT_1;ODDS_FT_X;ODDS_FT_2;ODDS_FT_OVER05;ODDS_FT_OVER15;ODDS_FT_OVER25;ODDS_FT_OVER35;ODDS_FT_OVER45;ODDS_FT_UNDER05;ODDS_FT_UNDER15;ODDS_FT_UNDER25;ODDS_FT_UNDER35;ODDS_FT_UNDER45;ODDS_BTTS_YES;ODDS_BTTS_NO;ODDS_TEAM_A_CS_YES;ODDS_TEAM_A_CS_NO;ODDS_TEAM_B_CS_YES;ODDS_TEAM_B_CS_NO;ODDS_DOUBLECHANCE_1X;ODDS_DOUBLECHANCE_12;ODDS_DOUBLECHANCE_X2;ODDS_1ST_HALF_RESULT_1;ODDS_1ST_HALF_RESULT_X;ODDS_1ST_HALF_RESULT_2;ODDS_2ND_HALF_RESULT_1;ODDS_2ND_HALF_RESULT_X;ODDS_2ND_HALF_RESULT_2;ODDS_DNB_1;ODDS_DNB_2;ODDS_CORNERS_OVER_75;ODDS_CORNERS_OVER_85;ODDS_CORNERS_OVER_95;ODDS_CORNERS_OVER_105;ODDS_CORNERS_OVER_115;ODDS_CORNERS_UNDER_75;ODDS_CORNERS_UNDER_85;ODDS_CORNERS_UNDER_95;ODDS_CORNERS_UNDER_105;ODDS_CORNERS_UNDER_115;ODDS_CORNERS_1;ODDS_CORNERS_X;ODDS_CORNERS_2;ODDS_TEAM_TO_SCORE_FIRST_1;ODDS_TEAM_TO_SCORE_FIRST_X;ODDS_TEAM_TO_SCORE_FIRST_2;ODDS_WIN_TO_NIL_1;ODDS_WIN_TO_NIL_2;ODDS_1ST_HALF_OVER05;ODDS_1ST_HALF_OVER15;ODDS_1ST_HALF_OVER25;ODDS_1ST_HALF_OVER35;ODDS_1ST_HALF_UNDER05;ODDS_1ST_HALF_UNDER15;ODDS_1ST_HALF_UNDER25;ODDS_1ST_HALF_UNDER35;ODDS_2ND_HALF_OVER05;ODDS_2ND_HALF_OVER15;ODDS_2ND_HALF_OVER25;ODDS_2ND_HALF_OVER35;ODDS_2ND_HALF_UNDER05;ODDS_2ND_HALF_UNDER15;ODDS_2ND_HALF_UNDER25;ODDS_2ND_HALF_UNDER35;ODDS_BTTS_1ST_HALF_YES;ODDS_BTTS_1ST_HALF_NO;ODDS_BTTS_2ND_HALF_YES;ODDS_BTTS_2ND_HALF_NO;OVERALLGOALCOUNT;HT_GOALS_TEAM_A;HT_GOALS_TEAM_B;GOALS_2HG_TEAM_A;GOALS_2HG_TEAM_B;GOALCOUNT_2HG;HTGOALCOUNT;DATE_UNIX;WINNINGTEAM;NO_HOME_AWAY;BTTS_POTENTIAL;BTTS_FHG_POTENTIAL;BTTS_2HG_POTENTIAL;GOALTIMINGDISABLED;CORNER_TIMINGS_RECORDED;CARD_TIMINGS_RECORDED;TEAM_A_FH_CORNERS;TEAM_B_FH_CORNERS;TEAM_A_2H_CORNERS;TEAM_B_2H_CORNERS;CORNER_FH_COUNT;CORNER_2H_COUNT;TEAM_A_FH_CARDS;TEAM_B_FH_CARDS;TEAM_A_2H_CARDS;TEAM_B_2H_CARDS;TOTAL_FH_CARDS;TOTAL_2H_CARDS;ATTACKS_RECORDED;TEAM_A_DANGEROUS_ATTACKS;TEAM_B_DANGEROUS_ATTACKS;TEAM_A_ATTACKS;TEAM_B_ATTACKS;TEAM_A_XG;TEAM_B_XG;TOTAL_XG;TEAM_A_PENALTIES_WON;TEAM_B_PENALTIES_WON;TEAM_A_PENALTY_GOALS;TEAM_B_PENALTY_GOALS;TEAM_A_PENALTY_MISSED;TEAM_B_PENALTY_MISSED;PENS_RECORDED;GOAL_TIMINGS_RECORDED;TEAM_A_0_10_MIN_GOALS;TEAM_B_0_10_MIN_GOALS;TEAM_A_CORNERS_0_10_MIN;TEAM_B_CORNERS_0_10_MIN;TEAM_A_CARDS_0_10_MIN;TEAM_B_CARDS_0_10_MIN;THROWINS_RECORDED;TEAM_A_THROWINS;TEAM_B_THROWINS;FREEKICKS_RECORDED;TEAM_A_FREEKICKS;TEAM_B_FREEKICKS;GOALKICKS_RECORDED;TEAM_A_GOALKICKS;TEAM_B_GOALKICKS;O45_POTENTIAL;O35_POTENTIAL;O25_POTENTIAL;O15_POTENTIAL;O05_POTENTIAL;O15HT_POTENTIAL;O05HT_POTENTIAL;O05_2H_POTENTIAL;O15_2H_POTENTIAL;CORNERS_POTENTIAL;OFFSIDES_POTENTIAL;CARDS_POTENTIAL;AVG_POTENTIAL;HOME_NAME;AWAY_NAME;HOME_PPG;AWAY_PPG;PRE_MATCH_HOME_PPG;PRE_MATCH_AWAY_PPG;PRE_MATCH_TEAMA_OVERALL_PPG;PRE_MATCH_TEAMB_OVERALL_PPG;U45_POTENTIAL;U35_POTENTIAL;U25_POTENTIAL;U15_POTENTIAL;U05_POTENTIAL;CORNERS_O85_POTENTIAL;CORNERS_O95_POTENTIAL;CORNERS_O105_POTENTIAL;TEAM_A_XG_PREMATCH;TEAM_B_XG_PREMATCH;TOTAL_XG_PREMATCH;COMPETITION_ID;MATCHES_COMPLETED_MINIMUM;OVER05;OVER15;OVER25;OVER35;OVER45;OVER55;BTTS
43336;881;887;2014/2015;complete;192;1;-1;53,56;26;2;1;3;7;6;13;2;6;4;1;0;0;11;3;9;3;20;6;9;16;50;50;4;1;0;0;0;0;0;0;0;0;0;0;0;0;0;0;0;0;0;0;0;0;0;0;0;0;0;0;0;0;0;0;0;0;0;0;0;0;0;0;0;0;0;0;0;0;0;0;0;0;0;0;0;0;0;0;0;0;0;0;0;0;0;0;0;0;0;0;0;0;3;0;1;2;0;2;1;2014-08-02 14:00:00;881;0;0;0;0;0;-1;1;-1;-1;-1;-1;-1;-1;1;0;3;1;1;4;-1;0;0;0;0;0;0;0;0;0;0;0;0;0;1;1;0;0;-1;-1;0;0;-1;-1;-1;-1;-1;-1;-1;-1;-1;0;0;0;0;0;0;0;0;0;0;0;0;0;Gandzasar;Mika;1.36;1;0;0;0;0;0;0;0;0;0;0;0;0;0;0;0;134;28;Y;Y;Y;N;N;N;Y
43337;96;885;2014/2015;complete;192;1;-1;36,70,75;7,69;3;2;5;8;4;12;3;1;0;1;0;0;6;3;13;4;19;7;12;14;59;41;0;1;0;0;0;0;0;0;0;0;0;0;0;0;0;0;0;0;0;0;0;0;0;0;0;0;0;0;0;0;0;0;0;0;0;0;0;0;0;0;0;0;0;0;0;0;0;0;0;0;0;0;0;0;0;0;0;0;0;0;0;0;0;0;0;0;0;0;0;0;5;1;1;2;1;3;2;2014-08-03 14:00:00;96;0;0;0;0;0;-1;1;-1;-1;-1;-1;-1;-1;0;0;0;1;0;1;-1;0;0;0;0;0;0;0;0;0;0;0;0;0;1;1;0;1;-1;-1;0;0;-1;-1;-1;-1;-1;-1;-1;-1;-1;0;0;0;0;0;0;0;0;0;0;0;0;0;Alashkert;Ararat;1.71;0.36;0;0;0;0;0;0;0;0;0;0;0;0;0;0;0;134;28;Y;Y;Y;Y;Y;N;Y
43338;887;96;2014/2015;complete;192;2;-1;;;0;0;0;4;2;6;2;1;1;0;0;1;9;3;7;7;16;10;17;12;57;43;1;2;0;0;0;0;0;0;0;0;0;0;0;0;0;0;0;0;0;0;0;0;0;0;0;0;0;0;0;0;0;0;0;0;0;0;0;0;0;0;0;0;0;0;0;0;0;0;0;0;0;0;0;0;0;0;0;0;0;0;0;0;0;0;0;0;0;0;0;0;0;0;0;0;0;0;0;2014-08-09 14:00:00;-1;0;0;0;0;0;-1;1;-1;-1;-1;-1;-1;-1;1;0;0;1;1;1;-1;0;0;0;0;0;0;0;0;0;0;0;0;0;1;1;0;0;-1;-1;0;0;-1;-1;-1;-1;-1;-1;-1;-1;-1;0;0;0;0;0;0;0;0;0;0;0;0;0;Mika;Alashkert;1.64;1;0;0;0;3;0;0;0;0;0;0;0;0;0;0;0;134;28;N;N;N;N;N;N;N
43339;885;883;2014/2015;complete;192;2;-1;;83,90;0;2;2;-1;-1;-1;-1;-1;-1;-1;-1;-1;-1;-1;-1;-1;-1;-1;-1;-1;-1;-1;-1;-1;0;0;0;0;0;0;0;0;0;0;0;0;0;0;0;0;0;0;0;0;0;0;0;0;0;0;0;0;0;0;0;0;0;0;0;0;0;0;0;0;0;0;0;0;0;0;0;0;0;0;0;0;0;0;0;0;0;0;0;0;0;0;0;0;0;0;0;0;2;0;0;0;2;2;0;2014-08-09 15:00:00;883;0;0;0;0;0;-1;-1;-1;-1;-1;-1;-1;-1;-1;-1;-1;-1;-1;-1;-1;0;0;0;0;0;0;0;0;0;0;0;0;0;1;1;0;0;-1;-1;-1;-1;-1;-1;-1;-1;-1;-1;-1;-1;-1;0;0;0;0;0;0;0;0;0;0;0;0;0;Ararat;Shirak;0.57;1.57;0;0;0;0;0;0;0;0;0;0;0;0;0;0;0;134;28;Y;Y;N;N;N;N;N
43340;886;884;2014/2015;complete;192;2;-1;50;;1;0;1;7;3;10;1;1;2;3;0;0;4;5;8;4;12;9;13;12;54;46;2;3;0;0;0;0;0;0;0;0;0;0;0;0;0;0;0;0;0;0;0;0;0;0;0;0;0;0;0;0;0;0;0;0;0;0;0;0;0;0;0;0;0;0;0;0;0;0;0;0;0;0;0;0;0;0;0;0;0;0;0;0;0;0;0;0;0;0;0;0;1;0;0;1;0;1;0;2014-08-10 14:00:00;886;0;0;0;0;0;-1;1;-1;-1;-1;-1;-1;-1;0;1;2;2;1;4;-1;0;0;0;0;0;0;0;0;0;0;0;0;0;1;1;0;0;-1;-1;0;0;-1;-1;-1;-1;-1;-1;-1;-1;-1;0;0;0;0;0;0;0;0;0;0;0;0;0;Ulisses;Banants;1.93;0.79;0;0;0;0;0;0;0;0;0;0;0;0;0;0;0;134;28;Y;N;N;N;N;N;N
43341;882;881;2014/2015;complete;192;2;-1;13,65;;2;0;2;-1;-1;-1;-1;-1;3;2;0;0;-1;-1;-1;-1;-1;-1;-1;-1;-1;-1;3;2;0;0;0;0;0;0;0;0;0;0;0;0;0;0;0;0;0;0;0;0;0;0;0;0;0;0;0;0;0;0;0;0;0;0;0;0;0;0;0;0;0;0;0;0;0;0;0;0;0;0;0;0;0;0;0;0;0;0;0;0;0;0;0;0;0;0;0;0;2;1;0;1;0;1;1;2014-08-10 15:00:00;882;0;0;0;0;0;-1;1;-1;-1;-1;-1;-1;-1;1;1;2;1;2;3;-1;0;0;0;0;0;0;0;0;0;0;0;0;0;1;1;0;0;-1;-1;0;0;-1;-1;-1;-1;-1;-1;-1;-1;-1;0;0;0;0;0;0;0;0;0;0;0;0;0;Pyunik;Gandzasar;2.43;0.71;0;0;0;3;0;0;0;0;0;0;0;0;0;0;0;134;28;Y;Y;N;N;N;N;N
43342;881;886;2014/2015;complete;192;3;-1;;;0;0;0;-1;-1;-1;-1;-1;0;5;1;0;-1;-1;-1;-1;-1;-1;-1;-1;-1;-1;2;5;0;0;0;0;0;0;0;0;0;0;0;0;0;0;0;0;0;0;0;0;0;0;0;0;0;0;0;0;0;0;0;0;0;0;0;0;0;0;0;0;0;0;0;0;0;0;0;0;0;0;0;0;0;0;0;0;0;0;0;0;0;0;0;0;0;0;0;0;0;0;0;0;0;0;0;2014-08-16 13:00:00;-1;0;50;0;0;0;-1;1;-1;-1;-1;-1;-1;-1;0;1;1;4;1;5;-1;0;0;0;0;0;0;0;0;0;0;0;0;0;1;1;0;0;-1;-1;0;0;-1;-1;-1;-1;-1;-1;-1;-1;-1;0;0;50;50;50;0;50;50;50;7;2;4;1.5;Gandzasar;Ulisses;1.36;1.64;3;0;1.5;3;50;50;0;0;0;50;50;50;0;0;0;134;28;N;N;N;N;N;N;N
43343;96;882;2014/2015;complete;192;3;-1;;47,52;0;2;2;2;2;4;1;5;0;0;1;0;5;5;4;11;9;16;11;14;47;53;2;0;0;0;0;0;0;0;0;0;0;0;0;0;0;0;0;0;0;0;0;0;0;0;0;0;0;0;0;0;0;0;0;0;0;0;0;0;0;0;0;0;0;0;0;0;0;0;0;0;0;0;0;0;0;0;0;0;0;0;0;0;0;0;0;0;0;0;0;0;2;0;0;0;2;2;0;2014-08-16 13:00:00;882;0;50;50;50;0;-1;1;-1;-1;-1;-1;-1;-1;0;0;1;0;0;1;-1;0;0;0;0;0;0;0;0;0;0;0;0;0;1;1;0;0;-1;-1;0;0;-1;-1;-1;-1;-1;-1;-1;-1;-1;50;50;50;50;50;50;50;50;50;8;3;0;2.5;Alashkert;Pyunik;1.71;1.93;3;0;2;3;0;0;0;0;0;50;50;50;0;0;0;134;28;Y;Y;N;N;N;N;N
43344;883;887;2014/2015;complete;192;3;-1;53;;1;0;1;8;13;21;1;0;1;2;0;0;5;9;9;4;14;13;22;11;54;46;1;2;0;0;0;0;0;0;0;0;0;0;0;0;0;0;0;0;0;0;0;0;0;0;0;0;0;0;0;0;0;0;0;0;0;0;0;0;0;0;0;0;0;0;0;0;0;0;0;0;0;0;0;0;0;0;0;0;0;0;0;0;0;0;0;0;0;0;0;0;1;0;0;1;0;1;0;2014-08-17 13:00:00;883;0;50;0;0;0;-1;1;-1;-1;-1;-1;-1;-1;1;0;0;2;1;2;-1;0;0;0;0;0;0;0;0;0;0;0;0;0;1;1;0;0;-1;-1;0;0;-1;-1;-1;-1;-1;-1;-1;-1;-1;0;0;50;50;50;0;50;50;50;6;6;1;1.5;Shirak;Mika;1.93;1;0;0;3;0.5;50;50;0;0;0;50;50;50;0;0;0;134;28;Y;N;N;N;N;N;N
43345;884;885;2014/2015;complete;192;3;-1;23,32,60;;3;0;3;-1;-1;-1;-1;-1;1;4;0;0;-1;-1;-1;-1;-1;-1;-1;-1;-1;-1;1;4;0;0;0;0;0;0;0;0;0;0;0;0;0;0;0;0;0;0;0;0;0;0;0;0;0;0;0;0;0;0;0;0;0;0;0;0;0;0;0;0;0;0;0;0;0;0;0;0;0;0;0;0;0;0;0;0;0;0;0;0;0;0;0;0;0;0;0;0;3;2;0;1;0;1;2;2014-08-17 13:00:00;884;0;50;50;50;0;-1;1;-1;-1;-1;-1;-1;-1;1;2;0;2;3;2;-1;0;0;0;0;0;0;0;1;0;1;0;0;0;1;1;0;0;-1;-1;0;0;-1;-1;-1;-1;-1;-1;-1;-1;-1;50;50;50;50;50;50;50;50;50;4;1;1;2.5;Banants;Ararat;1.5;0.36;0;0;0;0;0;0;0;0;0;50;50;50;0;0;0;134;28;Y;Y;Y;N;N;N;N
43346;886;885;2014/2015;complete;192;4;-1;43,50;;2;0;2;-1;-1;-1;-1;-1;0;1;0;1;-1;-1;-1;-1;-1;-1;-1;-1;-1;-1;0;3;0;0;0;0;0;0;0;0;0;0;0;0;0;0;0;0;0;0;0;0;0;0;0;0;0;0;0;0;0;0;0;0;0;0;0;0;0;0;0;0;0;0;0;0;0;0;0;0;0;0;0;0;0;0;0;0;0;0;0;0;0;0;0;0;0;0;0;0;2;1;0;1;0;1;1;2014-08-23 13:00:00;886;0;25;25;25;0;-1;1;-1;-1;-1;-1;-1;-1;0;1;0;1;1;1;-1;0;0;0;0;0;0;0;1;0;1;0;0;0;1;1;0;0;-1;-1;0;0;-1;-1;-1;-1;-1;-1;-1;-1;-1;25;25;50;50;100;50;50;100;25;11;1;4.5;2.5;Ulisses;Ararat;1.93;0.36;3;0;2;0;75;75;50;50;0;100;100;50;0;0;0;134;28;Y;Y;N;N;N;N;N
43347;887;884;2014/2015;complete;192;4;-1;31;36;1;1;2;6;3;9;2;3;0;1;0;0;4;2;14;6;18;8;10;15;58;42;0;1;0;0;0;0;0;0;0;0;0;0;0;0;0;0;0;0;0;0;0;0;0;0;0;0;0;0;0;0;0;0;0;0;0;0;0;0;0;0;0;0;0;0;0;0;0;0;0;0;0;0;0;0;0;0;0;0;0;0;0;0;0;0;0;0;0;0;0;0;2;1;1;0;0;0;2;2014-08-23 13:00:00;-1;0;0;0;0;0;-1;1;-1;-1;-1;-1;-1;-1;0;1;0;0;1;0;-1;0;0;0;0;0;0;0;0;0;0;0;0;0;1;1;0;0;-1;-1;0;0;-1;-1;-1;-1;-1;-1;-1;-1;-1;0;0;0;0;50;0;0;50;0;7;3;4;0.5;Mika;Banants;1.64;0.79;1;0;0.33;1.5;100;100;100;100;50;50;50;0;0;0;0;134;28;Y;Y;N;N;N;N;Y
43348;881;96;2014/2015;complete;192;4;-1;19;;1;0;1;2;6;8;3;2;4;1;0;0;3;4;6;9;9;13;25;13;44;56;4;1;0;0;0;0;0;0;0;0;0;0;0;0;0;0;0;0;0;0;0;0;0;0;0;0;0;0;0;0;0;0;0;0;0;0;0;0;0;0;0;0;0;0;0;0;0;0;0;0;0;0;0;0;0;0;0;0;0;0;0;0;0;0;0;0;0;0;0;0;1;1;0;0;0;0;1;2014-08-24 13:00:00;881;0;25;0;0;0;-1;1;-1;-1;-1;-1;-1;-1;1;1;3;0;2;3;-1;0;0;0;0;0;0;0;1;0;1;0;0;0;1;1;0;0;-1;-1;0;0;-1;-1;-1;-1;-1;-1;-1;-1;-1;0;0;25;25;25;0;25;25;25;9;1.5;5;0.75;Gandzasar;Alashkert;1.36;1;2;1;1.33;1.33;100;100;75;75;75;50;50;50;0;0;0;134;28;Y;N;N;N;N;N;N
43349;882;883;2014/2015;complete;192;4;-1;60;;1;0;1;-1;-1;-1;-1;-1;2;3;1;0;-1;-1;-1;-1;-1;-1;-1;-1;-1;-1;4;3;0;0;0;0;0;0;0;0;0;0;0;0;0;0;0;0;0;0;0;0;0;0;0;0;0;0;0;0;0;0;0;0;0;0;0;0;0;0;0;0;0;0;0;0;0;0;0;0;0;0;0;0;0;0;0;0;0;0;0;0;0;0;0;0;0;0;0;0;1;0;0;1;0;1;0;2014-08-24 15:00:00;882;0;0;0;0;0;-1;1;-1;-1;-1;-1;-1;-1;2;0;1;3;2;4;-1;0;0;0;0;0;0;0;0;0;0;0;0;0;1;1;0;0;-1;-1;2;0;-1;-1;-1;-1;-1;-1;-1;-1;-1;0;0;0;100;100;0;50;100;50;0;0;3;2;Pyunik;Shirak;2.43;1.57;3;3;3;3;100;100;100;0;0;0;0;0;0;0;0;134;28;Y;N;N;N;N;N;N
43350;883;884;2014/2015;complete;192;1;-1;3,52;;2;0;2;4;1;5;3;1;2;1;0;0;5;3;8;4;13;7;16;14;48;52;2;1;0;0;0;0;0;0;0;0;0;0;0;0;0;0;0;0;0;0;0;0;0;0;0;0;0;0;0;0;0;0;0;0;0;0;0;0;0;0;0;0;0;0;0;0;0;0;0;0;0;0;0;0;0;0;0;0;0;0;0;0;0;0;0;0;0;0;0;0;2;1;0;1;0;1;1;2014-08-27 13:00:00;883;0;25;25;0;0;-1;1;-1;-1;-1;-1;-1;-1;1;0;1;1;1;2;-1;0;0;0;0;0;0;0;0;0;0;0;0;0;1;1;1;0;-1;-1;0;0;-1;-1;-1;-1;-1;-1;-1;-1;-1;0;0;0;25;100;25;25;75;0;11;3;3;1.25;Shirak;Banants;1.93;0.79;3;0.5;2;1.33;100;100;100;75;0;100;75;50;0;0;0;134;28;Y;Y;N;N;N;N;N
43351;882;886;2014/2015;complete;192;1;-1;;55,59;0;2;2;4;5;9;9;0;3;2;0;0;6;3;3;5;9;8;22;15;48;52;3;2;0;0;0;0;0;0;0;0;0;0;0;0;0;0;0;0;0;0;0;0;0;0;0;0;0;0;0;0;0;0;0;0;0;0;0;0;0;0;0;0;0;0;0;0;0;0;0;0;0;0;0;0;0;0;0;0;0;0;0;0;0;0;0;0;0;0;0;0;2;0;0;0;2;2;0;2014-08-27 15:00:00;886;0;0;0;0;0;-1;1;-1;-1;-1;-1;-1;-1;2;1;1;1;3;2;-1;0;0;0;0;0;0;0;0;0;0;0;0;0;1;1;0;0;-1;-1;0;0;-1;-1;-1;-1;-1;-1;-1;-1;-1;0;0;0;25;50;0;25;50;0;0;0;8.5;0.75;Pyunik;Ulisses;2.43;1.64;3;1;3;2.33;100;100;100;75;50;0;0;0;0;0;0;134;28;Y;Y;N;N;N;N;N
43352;885;887;2014/2015;complete;192;5;-1;32,90;;2;0;2;3;8;11;5;3;2;2;0;1;3;4;5;11;8;15;15;14;36;64;2;4;0;0;0;0;0;0;0;0;0;0;0;0;0;0;0;0;0;0;0;0;0;0;0;0;0;0;0;0;0;0;0;0;0;0;0;0;0;0;0;0;0;0;0;0;0;0;0;0;0;0;0;0;0;0;0;0;0;0;0;0;0;0;0;0;0;0;0;0;2;1;0;1;0;1;1;2014-08-30 15:00:00;885;0;25;0;0;0;-1;1;-1;-1;-1;-1;-1;-1;0;1;2;2;1;4;-1;0;0;0;0;0;0;0;0;0;0;0;0;0;1;1;0;0;-1;-1;0;0;-1;-1;-1;-1;-1;-1;-1;-1;-1;0;0;25;75;100;0;25;100;75;9.5;2;1.5;2;Ararat;Mika;0.57;1;0;0;0;0.5;100;100;75;25;0;50;50;50;0;0;0;134;28;Y;Y;N;N;N;N;N
43353;96;886;2014/2015;complete;192;5;-1;;44,71;0;2;2;3;2;5;6;6;2;2;0;0;3;6;3;6;6;12;10;8;41;59;2;2;0;0;0;0;0;0;0;0;0;0;0;0;0;0;0;0;0;0;0;0;0;0;0;0;0;0;0;0;0;0;0;0;0;0;0;0;0;0;0;0;0;0;0;0;0;0;0;0;0;0;0;0;0;0;0;0;0;0;0;0;0;0;0;0;0;0;0;0;2;0;1;0;1;1;1;2014-08-31 13:00:00;886;0;25;25;25;0;-1;1;-1;-1;-1;-1;-1;-1;1;1;1;1;2;2;-1;0;0;0;0;0;0;0;0;0;0;0;0;0;1;1;0;0;-1;-1;0;0;-1;-1;-1;-1;-1;-1;-1;-1;-1;25;25;25;75;75;25;25;75;75;10;1.5;4.5;2.25;Alashkert;Ulisses;1.71;1.64;1.5;2;1;2.5;75;75;75;25;25;75;25;25;0;0;0;134;28;Y;Y;N;N;N;N;N
43354;886;887;2014/2015;complete;192;6;-1;39,85,90;90;3;1;4;-1;-1;-1;-1;-1;3;5;0;0;-1;-1;-1;-1;-1;-1;-1;-1;-1;-1;3;5;0;0;0;0;0;0;0;0;0;0;0;0;0;0;0;0;0;0;0;0;0;0;0;0;0;0;0;0;0;0;0;0;0;0;0;0;0;0;0;0;0;0;0;0;0;0;0;0;0;0;0;0;0;0;0;0;0;0;0;0;0;0;0;0;0;0;0;0;4;1;0;2;1;3;1;2014-09-13 12:10:00;886;0;17;0;0;0;-1;1;-1;-1;-1;-1;-1;-1;1;0;2;5;1;7;-1;0;0;0;0;0;0;0;1;0;1;0;0;0;1;1;0;0;-1;-1;0;0;-1;-1;-1;-1;-1;-1;-1;-1;-1;0;0;17;59;100;0;59;100;17;16;3;3.33;1.75;Ulisses;Mika;1.93;1;3;0;2.6;0.4;100;100;84;42;0;100;100;50;0;0;0;134;28;Y;Y;Y;Y;N;N;Y
43355;882;885;2014/2015;complete;192;6;-1;5,30,31,59;;4;0;4;2;4;6;6;0;2;3;0;0;4;2;3;5;7;7;17;15;57;43;2;3;0;0;0;0;0;0;0;0;0;0;0;0;0;0;0;0;0;0;0;0;0;0;0;0;0;0;0;0;0;0;0;0;0;0;0;0;0;0;0;0;0;0;0;0;0;0;0;0;0;0;0;0;0;0;0;0;0;0;0;0;0;0;0;0;0;0;0;0;4;3;0;1;0;1;3;2014-09-13 12:10:00;882;0;17;17;17;0;-1;1;-1;-1;-1;-1;-1;-1;1;1;1;2;2;3;-1;0;0;0;0;0;0;0;0;0;0;0;0;0;1;1;1;0;-1;-1;0;0;-1;-1;-1;-1;-1;-1;-1;-1;-1;17;17;34;84;100;34;67;100;33;8;2;6;2.5;Pyunik;Ararat;2.43;0.36;2;0;2.25;0.6;84;84;67;17;0;100;50;50;0;0;0;134;28;Y;Y;Y;Y;N;N;N
43356;96;883;2014/2015;complete;192;6;-1;77,80;;2;0;2;3;5;8;1;0;2;1;0;0;0;5;5;7;5;12;10;14;49;51;2;1;0;0;0;0;0;0;0;0;0;0;0;0;0;0;0;0;0;0;0;0;0;0;0;0;0;0;0;0;0;0;0;0;0;0;0;0;0;0;0;0;0;0;0;0;0;0;0;0;0;0;0;0;0;0;0;0;0;0;0;0;0;0;0;0;0;0;0;0;2;0;0;2;0;2;0;2014-09-13 12:10:00;96;0;17;17;17;0;-1;1;-1;-1;-1;-1;-1;-1;0;1;2;0;1;2;-1;0;0;0;0;0;0;0;0;0;0;0;0;0;1;1;0;0;-1;-1;0;0;-1;-1;-1;-1;-1;-1;-1;-1;-1;17;17;17;75;100;17;34;100;59;4.33;2.33;4.33;2.25;Alashkert;Shirak;1.71;1.57;1;1.5;0.8;2.25;84;84;84;25;0;17;17;17;0;0;0;134;28;Y;Y;N;N;N;N;N
43357;881;884;2014/2015;complete;192;6;-1;34,43,86;16;3;1;4;4;11;15;5;7;1;3;0;0;4;6;4;5;8;11;9;18;53;47;1;3;0;0;0;0;0;0;0;0;0;0;0;0;0;0;0;0;0;0;0;0;0;0;0;0;0;0;0;0;0;0;0;0;0;0;0;0;0;0;0;0;0;0;0;0;0;0;0;0;0;0;0;0;0;0;0;0;0;0;0;0;0;0;0;0;0;0;0;0;4;2;1;1;0;1;3;2014-09-14 13:00:00;881;0;33;17;0;0;-1;1;-1;-1;-1;-1;-1;-1;1;1;0;2;2;2;-1;0;0;0;0;0;0;0;0;1;0;1;0;0;1;1;0;0;-1;-1;0;0;-1;-1;-1;-1;-1;-1;-1;-1;-1;0;0;17;50;84;17;67;50;17;6.83;3;5;1.5;Gandzasar;Banants;1.36;0.79;2.33;0.33;1.75;1;100;100;84;50;17;59;42;25;0;0;0;134;28;Y;Y;Y;Y;N;N;Y
43358;883;886;2014/2015;complete;192;7;-1;75;12,20;1;2;3;7;2;9;4;1;4;3;0;0;6;5;4;8;10;13;15;10;41;59;4;3;0;0;0;0;0;0;0;0;0;0;0;0;0;0;0;0;0;0;0;0;0;0;0;0;0;0;0;0;0;0;0;0;0;0;0;0;0;0;0;0;0;0;0;0;0;0;0;0;0;0;0;0;0;0;0;0;0;0;0;0;0;0;0;0;0;0;0;0;3;0;2;1;0;1;2;2014-09-20 12:10:00;886;0;0;0;0;0;-1;1;-1;-1;-1;-1;-1;-1;1;1;3;2;2;5;-1;0;0;0;0;0;0;0;0;0;0;0;0;0;1;1;0;0;-1;-1;0;0;-1;-1;-1;-1;-1;-1;-1;-1;-1;0;0;0;59;84;0;42;84;17;9.5;3.67;4.5;1.42;Shirak;Ulisses;1.93;1.64;3;2.33;1.8;2.67;100;100;100;42;17;50;25;25;0;0;0;134;28;Y;Y;Y;N;N;N;Y
43359;884;96;2014/2015;complete;192;7;-1;75;;1;0;1;8;2;10;2;2;4;5;0;0;9;4;5;3;14;7;19;26;48;52;4;5;0;0;0;0;0;0;0;0;0;0;0;0;0;0;0;0;0;0;0;0;0;0;0;0;0;0;0;0;0;0;0;0;0;0;0;0;0;0;0;0;0;0;0;0;0;0;0;0;0;0;0;0;0;0;0;0;0;0;0;0;0;0;0;0;0;0;0;0;1;0;0;1;0;1;0;2014-09-20 12:10:00;884;0;0;0;0;0;-1;1;-1;-1;-1;-1;-1;-1;1;2;3;3;3;6;-1;0;0;0;0;0;0;0;0;0;0;0;0;0;1;1;0;0;-1;-1;0;0;-1;-1;-1;-1;-1;-1;-1;-1;-1;0;0;50;50;75;50;75;50;0;4;0.5;2.5;1.75;Banants;Alashkert;1.5;1;3;0.5;0.8;1.17;100;100;50;50;25;0;0;0;0;0;0;134;28;Y;N;N;N;N;N;N
43360;885;881;2014/2015;complete;192;7;-1;63;12,34,45,61,84;1;5;6;9;6;15;6;3;0;2;0;0;4;4;4;5;8;9;11;7;43;57;0;2;0;0;0;0;0;0;0;0;0;0;0;0;0;0;0;0;0;0;0;0;0;0;0;0;0;0;0;0;0;0;0;0;0;0;0;0;0;0;0;0;0;0;0;0;0;0;0;0;0;0;0;0;0;0;0;0;0;0;0;0;0;0;0;0;0;0;0;0;6;0;3;1;2;3;3;2014-09-21 13:00:00;881;0;0;0;0;0;-1;1;-1;-1;-1;-1;-1;-1;0;1;0;1;1;1;-1;0;0;0;0;0;0;0;0;1;0;1;0;0;1;1;0;0;-1;-1;0;0;-1;-1;-1;-1;-1;-1;-1;-1;-1;0;0;0;100;100;0;75;100;25;3;1;4;2;Ararat;Gandzasar;0.57;0.71;1.5;0;0.5;2;100;100;100;0;0;50;50;50;0;0;0;134;28;Y;Y;Y;Y;Y;Y;Y
43361;887;882;2014/2015;complete;192;7;-1;52;78;1;1;2;4;6;10;2;6;4;1;0;0;6;8;3;5;9;13;13;18;41;59;4;1;0;0;0;0;0;0;0;0;0;0;0;0;0;0;0;0;0;0;0;0;0;0;0;0;0;0;0;0;0;0;0;0;0;0;0;0;0;0;0;0;0;0;0;0;0;0;0;0;0;0;0;0;0;0;0;0;0;0;0;0;0;0;0;0;0;0;0;0;2;0;0;1;1;2;0;2014-09-21 13:00:00;-1;0;25;25;0;0;-1;1;-1;-1;-1;-1;-1;-1;0;0;4;1;0;5;-1;0;0;0;0;0;0;0;0;1;0;1;0;0;1;1;0;0;-1;-1;0;0;-1;-1;-1;-1;-1;-1;-1;-1;-1;0;0;0;75;75;25;25;50;50;7;7;0.5;1.5;Mika;Pyunik;1.64;1.93;1;3;0.33;2.4;100;100;100;25;25;25;0;0;0;0;0;134;28;Y;Y;N;N;N;N;Y
43362;886;882;2014/2015;complete;192;8;-1;20,80;50;2;1;3;2;4;6;1;7;2;3;0;0;2;5;5;8;7;13;14;21;53;47;2;3;0;0;0;0;0;0;0;0;0;0;0;0;0;0;0;0;0;0;0;0;0;0;0;0;0;0;0;0;0;0;0;0;0;0;0;0;0;0;0;0;0;0;0;0;0;0;0;0;0;0;0;0;0;0;0;0;0;0;0;0;0;0;0;0;0;0;0;0;3;1;0;1;1;2;1;2014-09-27 12:10:00;886;0;42;0;42;0;-1;1;-1;-1;-1;-1;-1;-1;1;0;1;3;1;4;-1;0;0;0;0;0;0;0;0;1;0;1;0;0;1;1;0;0;-1;-1;0;0;-1;-1;-1;-1;-1;-1;-1;-1;-1;0;17;17;84;100;0;34;100;67;11;5.17;2.17;2.17;Ulisses;Pyunik;1.93;1.93;3;2;2.71;2.17;100;84;84;17;0;75;75;0;0;0;0;134;28;Y;Y;Y;N;N;N;Y
43363;887;881;2014/2015;complete;192;8;-1;8;84;1;1;2;5;7;12;9;3;3;1;0;0;3;6;6;8;9;14;20;14;39;61;3;1;0;0;0;0;0;0;0;0;0;0;0;0;0;0;0;0;0;0;0;0;0;0;0;0;0;0;0;0;0;0;0;0;0;0;0;0;0;0;0;0;0;0;0;0;0;0;0;0;0;0;0;0;0;0;0;0;0;0;0;0;0;0;0;0;0;0;0;0;2;1;0;0;1;1;1;2014-09-27 12:10:00;-1;0;59;17;42;0;-1;1;-1;-1;-1;-1;-1;-1;1;0;2;1;1;3;-1;0;0;0;0;0;0;0;0;0;0;0;0;0;1;1;1;0;-1;-1;0;0;-1;-1;-1;-1;-1;-1;-1;-1;-1;25;25;25;84;84;42;67;67;42;10.67;3;3.67;2.67;Mika;Gandzasar;1.64;0.71;1;1.5;0.43;2.17;75;75;75;17;17;84;67;50;0;0;0;134;28;Y;Y;N;N;N;N;Y
43364;884;883;2014/2015;complete;192;8;-1;25;55;1;1;2;6;1;7;5;0;1;1;0;0;6;3;8;7;14;10;10;27;62;38;1;1;0;0;0;0;0;0;0;0;0;0;0;0;0;0;0;0;0;0;0;0;0;0;0;0;0;0;0;0;0;0;0;0;0;0;0;0;0;0;0;0;0;0;0;0;0;0;0;0;0;0;0;0;0;0;0;0;0;0;0;0;0;0;0;0;0;0;0;0;2;1;0;0;1;1;1;2014-09-28 10:40:00;-1;0;0;0;0;0;-1;1;-1;-1;-1;-1;-1;-1;0;0;1;1;0;2;-1;0;0;0;0;0;0;0;0;0;0;0;0;0;1;1;0;0;-1;-1;0;0;-1;-1;-1;-1;-1;-1;-1;-1;-1;0;0;25;59;100;25;25;100;34;13;0;4.5;1.84;Banants;Shirak;1.5;1.57;3;1;1.17;1.5;100;100;75;42;0;50;50;0;0;0;0;134;28;Y;Y;N;N;N;N;Y
43365;885;96;2014/2015;complete;192;8;-1;2,84;45;2;1;3;1;6;7;2;8;4;0;0;0;3;7;4;9;7;16;13;7;33;67;4;0;0;0;0;0;0;0;0;0;0;0;0;0;0;0;0;0;0;0;0;0;0;0;0;0;0;0;0;0;0;0;0;0;0;0;0;0;0;0;0;0;0;0;0;0;0;0;0;0;0;0;0;0;0;0;0;0;0;0;0;0;0;0;0;0;0;0;0;0;3;1;1;1;0;1;2;2014-09-28 13:00:00;885;0;17;0;17;0;-1;1;-1;-1;-1;-1;-1;-1;1;0;3;0;1;3;-1;0;0;0;0;0;0;0;0;1;0;1;0;0;1;1;1;0;-1;-1;0;0;-1;-1;-1;-1;-1;-1;-1;-1;-1;17;17;17;50;84;17;50;67;34;9.33;5;3.67;2;Ararat;Alashkert;0.57;1;1;0.33;0.43;1;84;84;84;50;17;67;67;50;0;0;0;134;28;Y;Y;Y;N;N;N;Y
43366;884;886;2014/2015;complete;192;9;-1;;52,87;0;2;2;2;5;7;6;7;3;1;0;0;2;4;7;3;9;7;20;19;48;52;3;1;0;0;0;0;0;0;0;0;0;0;0;0;0;0;0;0;0;0;0;0;0;0;0;0;0;0;0;0;0;0;0;0;0;0;0;0;0;0;0;0;0;0;0;0;0;0;0;0;0;0;0;0;0;0;0;0;0;0;0;0;0;0;0;0;0;0;0;0;2;0;0;0;2;2;0;2014-10-04 10:40:00;886;0;29;0;0;0;-1;1;-1;-1;-1;-1;-1;-1;1;1;2;0;2;2;-1;0;0;0;0;0;0;0;0;0;0;0;0;0;1;1;0;0;-1;-1;0;0;-1;-1;-1;-1;-1;-1;-1;-1;-1;0;0;29;71;88;29;59;88;13;10;3.5;5;1.88;Banants;Ulisses;1.5;1.64;2.33;2.5;1.14;2.75;100;100;71;29;13;59;25;0;0;0;0;134;28;Y;Y;N;N;N;N;N
43367;883;885;2014/2015;complete;192;9;-1;25,34,44;57,59;3;2;5;5;2;7;4;0;2;2;0;0;7;5;5;5;12;10;8;17;48;52;2;2;0;0;0;0;0;0;0;0;0;0;0;0;0;0;0;0;0;0;0;0;0;0;0;0;0;0;0;0;0;0;0;0;0;0;0;0;0;0;0;0;0;0;0;0;0;0;0;0;0;0;0;0;0;0;0;0;0;0;0;0;0;0;0;0;0;0;0;0;5;3;0;0;2;2;3;2014-10-04 10:40:00;883;0;29;13;13;0;-1;1;-1;-1;-1;-1;-1;-1;0;1;2;1;1;3;-1;0;0;0;0;0;0;0;1;0;1;0;0;0;1;1;0;0;-1;-1;0;0;-1;-1;-1;-1;-1;-1;-1;-1;-1;13;25;54;84;100;54;84;100;13;10.33;2.42;5.08;2.75;Shirak;Ararat;1.93;0.36;2;0;1.43;0.75;88;75;46;17;0;59;42;42;0;0;0;134;28;Y;Y;Y;Y;Y;N;Y
43368;96;887;2014/2015;complete;192;9;-1;21,90;;2;0;2;6;5;11;7;1;3;3;1;0;7;4;4;6;11;10;18;15;44;56;5;3;0;0;0;0;0;0;0;0;0;0;0;0;0;0;0;0;0;0;0;0;0;0;0;0;0;0;0;0;0;0;0;0;0;0;0;0;0;0;0;0;0;0;0;0;0;0;0;0;0;0;0;0;0;0;0;0;0;0;0;0;0;0;0;0;0;0;0;0;2;1;0;1;0;1;1;2014-10-05 10:40:00;96;0;38;13;25;0;-1;1;-1;-1;-1;-1;-1;-1;0;0;4;3;0;7;-1;0;0;0;0;0;0;0;0;0;0;0;0;0;1;1;0;0;-1;-1;0;0;-1;-1;-1;-1;-1;-1;-1;-1;-1;13;25;38;88;100;13;63;100;63;13;4.75;4.5;2.63;Alashkert;Mika;1.71;1;1.5;0;0.88;0.5;88;75;63;13;0;63;63;63;0;0;0;134;28;Y;Y;N;N;N;N;N
43369;881;882;2014/2015;complete;192;9;-1;15,89,90;17,36,75,83;3;4;7;-1;-1;-1;-1;-1;3;2;0;0;-1;-1;-1;-1;-1;-1;-1;-1;-1;-1;3;2;0;0;0;0;0;0;0;0;0;0;0;0;0;0;0;0;0;0;0;0;0;0;0;0;0;0;0;0;0;0;0;0;0;0;0;0;0;0;0;0;0;0;0;0;0;0;0;0;0;0;0;0;0;0;0;0;0;0;0;0;0;0;0;0;0;0;0;0;7;1;2;2;2;4;3;2014-10-05 10:40:00;882;0;59;13;34;0;-1;1;-1;-1;-1;-1;-1;-1;1;1;2;1;2;3;-1;0;0;0;0;0;0;0;0;0;0;0;0;0;1;1;0;0;-1;-1;0;0;-1;-1;-1;-1;-1;-1;-1;-1;-1;0;13;42;75;88;13;54;75;63;8.33;8.25;4.08;2.17;Gandzasar;Pyunik;1.36;1.93;2.5;1.33;2;1.86;100;88;59;25;13;50;50;34;0;0;0;134;28;Y;Y;Y;Y;Y;Y;Y
43370;886;881;2014/2015;complete;192;10;-1;3,5,16,26,71,73,74;66;7;1;8;6;3;9;5;7;4;3;0;0;4;3;4;6;8;9;12;12;54;46;4;3;0;0;0;0;0;0;0;0;0;0;0;0;0;0;0;0;0;0;0;0;0;0;0;0;0;0;0;0;0;0;0;0;0;0;0;0;0;0;0;0;0;0;0;0;0;0;0;0;0;0;0;0;0;0;0;0;0;0;0;0;0;0;0;0;0;0;0;0;8;4;0;3;1;4;4;2014-10-18 12:10:00;886;0;59;0;42;0;-1;1;-1;-1;-1;-1;-1;-1;3;0;1;3;3;4;-1;0;0;0;0;0;0;0;1;0;1;0;0;0;1;1;2;0;-1;-1;1;0;-1;-1;-1;-1;-1;-1;-1;-1;-1;17;29;42;88;100;17;88;100;42;11;1.67;3.42;2.92;Ulisses;Gandzasar;1.93;0.71;3;1.33;2.78;1.75;84;71;59;13;0;75;75;50;0;0;0;134;28;Y;Y;Y;Y;Y;Y;Y
43371;882;96;2014/2015;complete;192;10;-1;73,79,83;12,13,56;3;3;6;7;1;8;1;5;1;2;0;0;3;2;9;4;12;6;12;20;59;41;1;2;0;0;0;0;0;0;0;0;0;0;0;0;0;0;0;0;0;0;0;0;0;0;0;0;0;0;0;0;0;0;0;0;0;0;0;0;0;0;0;0;0;0;0;0;0;0;0;0;0;0;0;0;0;0;0;0;0;0;0;0;0;0;0;0;0;0;0;0;6;0;2;3;1;4;2;2014-10-18 12:10:00;-1;0;13;13;0;0;-1;1;-1;-1;-1;-1;-1;-1;0;1;1;1;1;2;-1;0;0;0;0;0;0;0;0;0;0;0;0;0;1;1;0;0;-1;-1;0;0;-1;-1;-1;-1;-1;-1;-1;-1;-1;0;13;25;50;88;25;50;75;13;7;6.5;5;1.75;Pyunik;Alashkert;2.43;1;2.25;0.25;2;1.11;100;88;75;50;13;38;13;0;0;0;0;134;28;Y;Y;Y;Y;Y;Y;Y
43372;887;883;2014/2015;complete;192;10;-1;3,34,72;60;3;1;4;4;2;6;1;2;1;3;0;0;4;8;5;3;9;11;19;16;43;57;1;3;0;0;0;0;0;0;0;0;0;0;0;0;0;0;0;0;0;0;0;0;0;0;0;0;0;0;0;0;0;0;0;0;0;0;0;0;0;0;0;0;0;0;0;0;0;0;0;0;0;0;0;0;0;0;0;0;0;0;0;0;0;0;0;0;0;0;0;0;4;2;0;1;1;2;2;2014-10-19 10:40:00;887;0;50;13;13;0;-1;1;-1;-1;-1;-1;-1;-1;1;2;0;1;3;1;-1;0;0;0;0;0;0;0;0;0;0;0;0;0;1;1;1;0;-1;-1;0;0;-1;-1;-1;-1;-1;-1;-1;-1;-1;0;0;0;75;88;13;38;75;38;7.75;3.25;3.67;1.63;Mika;Shirak;1.64;1.57;1;1;0.44;1.63;100;100;100;25;13;38;25;13;0;0;0;134;28;Y;Y;Y;Y;N;N;Y
43373;885;884;2014/2015;complete;192;10;-1;40,52,68,70;12,15,20,62,75,87;4;6;10;2;11;13;1;8;1;0;1;0;0;4;6;14;6;18;11;8;46;54;2;0;0;0;0;0;0;0;0;0;0;0;0;0;0;0;0;0;0;0;0;0;0;0;0;0;0;0;0;0;0;0;0;0;0;0;0;0;0;0;0;0;0;0;0;0;0;0;0;0;0;0;0;0;0;0;0;0;0;0;0;0;0;0;0;0;0;0;0;0;10;1;3;3;3;6;4;2014-10-19 13:00:00;884;0;50;38;13;0;-1;1;-1;-1;-1;-1;-1;-1;2;0;0;0;2;0;-1;0;0;0;0;0;0;0;0;0;0;0;0;0;1;1;0;0;-1;-1;0;0;-1;-1;-1;-1;-1;-1;-1;-1;-1;13;25;38;88;100;50;75;88;25;8.83;6;4;2.75;Ararat;Banants;0.57;0.79;1.5;0.25;0.67;1;88;75;63;13;0;71;59;46;0;0;0;134;28;Y;Y;Y;Y;Y;Y;Y
43374;884;887;2014/2015;complete;192;11;-1;;34,46;0;2;2;5;3;8;4;5;3;2;0;0;6;6;4;5;10;11;10;16;52;48;3;2;0;0;0;0;0;0;0;0;0;0;0;0;0;0;0;0;0;0;0;0;0;0;0;0;0;0;0;0;0;0;0;0;0;0;0;0;0;0;0;0;0;0;0;0;0;0;0;0;0;0;0;0;0;0;0;0;0;0;0;0;0;0;0;0;0;0;0;0;2;0;1;0;1;1;1;2014-10-25 10:40:00;887;0;33;0;10;0;-1;1;-1;-1;-1;-1;-1;-1;1;1;2;1;2;3;-1;0;0;0;0;0;0;0;0;0;0;0;0;0;1;1;0;0;-1;-1;0;0;-1;-1;-1;-1;-1;-1;-1;-1;-1;0;10;33;78;100;13;65;100;33;13.33;4.8;5.25;2.2;Banants;Mika;1.5;1;1.75;0;1.22;0.7;100;90;68;23;0;67;67;50;0;0;0;134;28;Y;Y;N;N;N;N;N
43375;885;886;2014/2015;complete;192;11;-1;27,39;5,33,44;2;3;5;2;1;3;4;3;3;1;0;1;5;2;8;7;13;9;19;10;48;52;3;2;0;0;0;0;0;0;0;0;0;0;0;0;0;0;0;0;0;0;0;0;0;0;0;0;0;0;0;0;0;0;0;0;0;0;0;0;0;0;0;0;0;0;0;0;0;0;0;0;0;0;0;0;0;0;0;0;0;0;0;0;0;0;0;0;0;0;0;0;5;2;3;0;0;0;5;2014-10-25 12:10:00;886;0;40;20;20;0;-1;1;-1;-1;-1;-1;-1;-1;2;2;1;0;4;1;-1;0;0;0;0;0;0;0;0;1;0;1;0;0;1;1;0;1;-1;-1;0;0;-1;-1;-1;-1;-1;-1;-1;-1;-1;20;20;40;90;90;40;60;90;50;7.25;5.2;4.6;3.2;Ararat;Ulisses;0.57;1.64;1.2;2.6;0.6;2.8;80;80;60;10;10;63;38;38;0;0;0;134;28;Y;Y;Y;Y;Y;N;Y
43376;883;882;2014/2015;complete;192;11;-1;;;0;0;0;8;4;12;3;3;2;1;0;0;6;2;3;2;9;4;12;16;46;54;2;1;0;0;0;0;0;0;0;0;0;0;0;0;0;0;0;0;0;0;0;0;0;0;0;0;0;0;0;0;0;0;0;0;0;0;0;0;0;0;0;0;0;0;0;0;0;0;0;0;0;0;0;0;0;0;0;0;0;0;0;0;0;0;0;0;0;0;0;0;0;0;0;0;0;0;0;2014-10-26 10:40:00;-1;0;63;13;38;0;-1;1;-1;-1;-1;-1;-1;-1;0;1;2;0;1;2;-1;0;0;0;0;0;0;0;0;0;0;0;0;0;1;1;0;0;-1;-1;0;0;-1;-1;-1;-1;-1;-1;-1;-1;-1;25;25;50;88;100;38;63;100;63;10;7.25;3.75;3.13;Shirak;Pyunik;1.93;1.93;2.25;1.75;1.44;1.89;75;75;50;13;0;42;29;13;0;0;0;134;28;N;N;N;N;N;N;N
43377;96;881;2014/2015;complete;192;11;-1;49;;1;0;1;2;1;3;8;2;3;2;0;0;6;4;6;5;12;9;20;15;38;62;3;2;0;0;0;0;0;0;0;0;0;0;0;0;0;0;0;0;0;0;0;0;0;0;0;0;0;0;0;0;0;0;0;0;0;0;0;0;0;0;0;0;0;0;0;0;0;0;0;0;0;0;0;0;0;0;0;0;0;0;0;0;0;0;0;0;0;0;0;0;1;0;0;1;0;1;0;2014-10-26 10:40:00;96;0;48;10;35;0;-1;1;-1;-1;-1;-1;-1;-1;1;2;2;0;3;2;-1;0;0;0;0;0;0;0;0;0;0;0;0;0;1;1;0;0;-1;-1;1;0;-1;-1;-1;-1;-1;-1;-1;-1;-1;35;35;35;100;100;35;80;100;55;9.73;6.6;4.2;3.55;Alashkert;Gandzasar;1.71;0.71;1.8;1;1.1;1.56;65;65;65;0;0;70;54;54;0;0;0;134;28;Y;N;N;N;N;N;N
43378;881;883;2014/2015;complete;192;12;-1;;7,56,67;0;3;3;7;3;10;3;3;0;3;0;0;9;3;7;3;16;6;10;27;62;38;0;3;0;0;0;0;0;0;0;0;0;0;0;0;0;0;0;0;0;0;0;0;0;0;0;0;0;0;0;0;0;0;0;0;0;0;0;0;0;0;0;0;0;0;0;0;0;0;0;0;0;0;0;0;0;0;0;0;0;0;0;0;0;0;0;0;0;0;0;0;3;0;1;0;2;2;1;2014-11-01 10:40:00;883;0;50;20;20;0;-1;1;-1;-1;-1;-1;-1;-1;0;2;0;1;2;1;-1;0;0;0;0;0;0;0;0;0;0;0;0;0;1;1;0;1;-1;-1;0;0;-1;-1;-1;-1;-1;-1;-1;-1;-1;10;30;40;70;90;30;60;80;50;7;1.6;4.8;2.6;Gandzasar;Shirak;1.36;1.57;2;0.8;1.4;1.4;90;70;60;30;10;34;34;34;0;0;0;134;28;Y;Y;Y;N;N;N;N
43379;886;96;2014/2015;complete;192;12;-1;29,50,77,82,90;52;5;1;6;4;3;7;3;5;2;2;0;0;6;5;3;4;9;9;16;25;50;50;2;2;0;0;0;0;0;0;0;0;0;0;0;0;0;0;0;0;0;0;0;0;0;0;0;0;0;0;0;0;0;0;0;0;0;0;0;0;0;0;0;0;0;0;0;0;0;0;0;0;0;0;0;0;0;0;0;0;0;0;0;0;0;0;0;0;0;0;0;0;6;1;0;4;1;5;1;2014-11-01 12:10:00;886;0;50;10;40;0;-1;1;-1;-1;-1;-1;-1;-1;1;1;1;1;2;2;-1;0;0;0;0;0;0;0;0;0;0;0;0;0;1;1;0;0;-1;-1;0;0;-1;-1;-1;-1;-1;-1;-1;-1;-1;20;30;50;60;90;30;70;80;40;8.4;4.6;4.2;2.9;Ulisses;Alashkert;1.93;1;3;0.4;2.82;1.27;80;70;50;40;10;44;27;0;0;0;0;134;28;Y;Y;Y;Y;Y;Y;Y
43380;887;885;2014/2015;complete;192;12;-1;4,12,23;75;3;1;4;4;2;6;2;8;2;1;0;0;4;2;2;6;6;8;15;10;48;52;2;1;0;0;0;0;0;0;0;0;0;0;0;0;0;0;0;0;0;0;0;0;0;0;0;0;0;0;0;0;0;0;0;0;0;0;0;0;0;0;0;0;0;0;0;0;0;0;0;0;0;0;0;0;0;0;0;0;0;0;0;0;0;0;0;0;0;0;0;0;4;3;0;0;1;1;3;2014-11-02 10:40:00;887;0;60;20;30;0;-1;1;-1;-1;-1;-1;-1;-1;1;1;1;0;2;1;-1;0;0;0;0;0;0;0;0;0;0;0;0;0;1;1;1;0;-1;-1;0;0;-1;-1;-1;-1;-1;-1;-1;-1;-1;20;40;50;90;90;60;80;80;40;7.93;3;4.4;2.9;Mika;Ararat;1.64;0.36;1.4;0;0.91;0.55;80;60;50;10;10;47;37;27;0;0;0;134;28;Y;Y;Y;Y;N;N;Y
43381;882;884;2014/2015;complete;192;12;-1;43;;1;0;1;2;6;8;3;2;2;4;0;0;2;5;4;4;6;9;21;20;44;56;2;4;0;0;0;0;0;0;0;0;0;0;0;0;0;0;0;0;0;0;0;0;0;0;0;0;0;0;0;0;0;0;0;0;0;0;0;0;0;0;0;0;0;0;0;0;0;0;0;0;0;0;0;0;0;0;0;0;0;0;0;0;0;0;0;0;0;0;0;0;1;1;0;0;0;0;1;2014-11-02 13:00:00;882;0;40;30;20;0;-1;1;-1;-1;-1;-1;-1;-1;0;1;2;3;1;5;-1;0;0;0;0;0;0;0;0;0;0;0;0;0;1;1;0;0;-1;-1;0;0;-1;-1;-1;-1;-1;-1;-1;-1;-1;20;40;40;80;100;50;70;90;30;10.13;6.8;4.2;3.4;Pyunik;Banants;2.43;0.79;2;0.8;1.8;1.1;80;60;60;20;0;57;30;20;0;0;0;134;28;Y;N;N;N;N;N;N
43382;887;886;2014/2015;complete;192;13;-1;18,60,83;;3;0;3;2;6;8;8;2;2;3;1;1;4;6;4;4;8;10;20;15;41;59;4;5;0;0;0;0;0;0;0;0;0;0;0;0;0;0;0;0;0;0;0;0;0;0;0;0;0;0;0;0;0;0;0;0;0;0;0;0;0;0;0;0;0;0;0;0;0;0;0;0;0;0;0;0;0;0;0;0;0;0;0;0;0;0;0;0;0;0;0;0;3;1;0;2;0;2;1;2014-11-08 10:40:00;887;0;58;17;17;0;-1;1;-1;-1;-1;-1;-1;-1;2;1;1;3;3;4;-1;0;0;0;0;0;0;0;0;0;0;0;0;0;1;1;0;0;-1;-1;0;1;-1;-1;-1;-1;-1;-1;-1;-1;-1;9;25;33;83;83;42;59;67;33;7.5;5.67;4.33;2.33;Mika;Ulisses;1.64;1.64;1.67;2.67;1.08;2.83;92;75;67;17;17;45;17;9;0;0;0;134;28;Y;Y;Y;N;N;N;N
43383;885;882;2014/2015;complete;192;13;-1;;34,90,90;0;3;3;3;4;7;0;6;3;4;0;0;4;5;1;6;5;11;21;14;39;61;3;4;0;0;0;0;0;0;0;0;0;0;0;0;0;0;0;0;0;0;0;0;0;0;0;0;0;0;0;0;0;0;0;0;0;0;0;0;0;0;0;0;0;0;0;0;0;0;0;0;0;0;0;0;0;0;0;0;0;0;0;0;0;0;0;0;0;0;0;0;3;0;1;0;2;2;1;2014-11-08 12:10:00;882;0;64;35;47;0;-1;1;-1;-1;-1;-1;-1;-1;2;1;1;3;3;4;-1;0;0;0;0;0;0;0;0;0;0;0;0;0;1;1;0;0;-1;-1;0;0;-1;-1;-1;-1;-1;-1;-1;-1;-1;35;35;54;90;90;44;62;82;65;7.4;6.83;3.6;3.74;Ararat;Pyunik;0.57;1.93;1;1.6;0.5;1.91;65;65;47;10;10;55;55;43;0;0;0;134;28;Y;Y;Y;N;N;N;N
43384;884;881;2014/2015;complete;192;13;-1;54,85,89;9,45,52;3;3;6;7;4;11;6;4;1;3;0;0;2;4;4;5;6;9;10;19;53;47;1;3;0;0;0;0;0;0;0;0;0;0;0;0;0;0;0;0;0;0;0;0;0;0;0;0;0;0;0;0;0;0;0;0;0;0;0;0;0;0;0;0;0;0;0;0;0;0;0;0;0;0;0;0;0;0;0;0;0;0;0;0;0;0;0;0;0;0;0;0;6;0;2;3;1;4;2;2014-11-09 10:40:00;-1;0;40;0;20;0;-1;1;-1;-1;-1;-1;-1;-1;0;0;1;3;0;4;-1;0;0;0;0;0;0;0;0;0;0;0;0;0;1;1;0;1;-1;-1;0;0;-1;-1;-1;-1;-1;-1;-1;-1;-1;20;20;30;80;100;30;70;100;30;9.5;6;4.4;2.9;Banants;Gandzasar;1.5;0.71;1.4;0.8;1;1.27;80;80;70;20;0;50;38;25;0;0;0;134;28;Y;Y;Y;Y;Y;Y;Y
43385;883;96;2014/2015;complete;192;13;-1;45;30;1;1;2;6;7;13;2;1;1;1;0;2;10;5;3;2;13;7;19;14;55;45;1;5;0;0;0;0;0;0;0;0;0;0;0;0;0;0;0;0;0;0;0;0;0;0;0;0;0;0;0;0;0;0;0;0;0;0;0;0;0;0;0;0;0;0;0;0;0;0;0;0;0;0;0;0;0;0;0;0;0;0;0;0;0;0;0;0;0;0;0;0;2;1;1;0;0;0;2;2014-11-09 10:40:00;-1;0;45;9;17;0;-1;1;-1;-1;-1;-1;-1;-1;0;1;1;2;1;3;-1;0;0;0;0;0;0;0;1;1;1;1;0;0;1;1;0;0;-1;-1;0;0;-1;-1;-1;-1;-1;-1;-1;-1;-1;27;27;45;55;82;37;64;74;27;9.73;6.83;4.2;2.52;Shirak;Alashkert;1.93;1;2;0.33;1.55;1.17;74;74;55;45;19;39;29;20;0;0;0;134;28;Y;Y;N;N;N;N;Y
43386;883;881;2014/2015;complete;192;5;-1;29;;1;0;1;3;6;9;9;2;5;1;0;0;5;5;3;8;8;13;18;13;49;51;5;1;0;0;0;0;0;0;0;0;0;0;0;0;0;0;0;0;0;0;0;0;0;0;0;0;0;0;0;0;0;0;0;0;0;0;0;0;0;0;0;0;0;0;0;0;0;0;0;0;0;0;0;0;0;0;0;0;0;0;0;0;0;0;0;0;0;0;0;0;1;1;0;0;0;0;1;2014-11-18 10:40:00;883;0;59;9;25;0;-1;1;-1;-1;-1;-1;-1;-1;2;1;3;0;3;3;-1;0;0;0;0;0;0;0;0;0;0;0;0;0;1;1;0;0;-1;-1;0;0;-1;-1;-1;-1;-1;-1;-1;-1;-1;34;34;42;75;92;50;75;84;34;10.53;5.83;4.17;3.17;Shirak;Gandzasar;1.93;0.71;1.83;0.83;1.5;1.25;67;67;59;25;9;74;55;55;0;0;0;134;28;Y;N;N;N;N;N;N
43387;884;882;2014/2015;complete;192;5;-1;24,90;26,73,79;2;3;5;3;4;7;2;4;1;1;0;0;3;7;8;9;11;16;18;17;51;49;1;1;0;0;0;0;0;0;0;0;0;0;0;0;0;0;0;0;0;0;0;0;0;0;0;0;0;0;0;0;0;0;0;0;0;0;0;0;0;0;0;0;0;0;0;0;0;0;0;0;0;0;0;0;0;0;0;0;0;0;0;0;0;0;0;0;0;0;0;0;5;1;1;1;2;3;2;2014-11-18 10:40:00;882;0;42;9;34;0;-1;1;-1;-1;-1;-1;-1;-1;1;0;0;1;1;1;-1;0;0;0;0;0;0;0;0;0;0;0;0;0;1;1;0;0;-1;-1;0;0;-1;-1;-1;-1;-1;-1;-1;-1;-1;17;17;42;83;92;25;59;92;58;9.6;8;4;2.75;Banants;Pyunik;1.5;1.93;1.33;1.83;1;2;83;83;59;17;9;40;40;20;0;0;0;134;28;Y;Y;Y;Y;Y;N;Y
43388;96;884;2014/2015;complete;192;14;-1;;;0;0;0;3;5;8;3;2;0;3;0;0;5;2;3;5;8;7;17;16;51;49;0;3;0;0;0;0;0;0;0;0;0;0;0;0;0;0;0;0;0;0;0;0;0;0;0;0;0;0;0;0;0;0;0;0;0;0;0;0;0;0;0;0;0;0;0;0;0;0;0;0;0;0;0;0;0;0;0;0;0;0;0;0;0;0;0;0;0;0;0;0;0;0;0;0;0;0;0;2014-11-22 10:40:00;-1;0;34;34;17;0;-1;1;-1;-1;-1;-1;-1;-1;0;2;0;1;2;1;-1;0;0;0;0;0;0;0;0;0;0;0;0;0;1;1;0;0;-1;-1;0;1;-1;-1;-1;-1;-1;-1;-1;-1;-1;17;25;25;75;100;34;67;84;34;9.83;8;4.33;2.83;Alashkert;Banants;1.71;0.79;2;0.67;1.15;0.92;83;75;75;25;0;50;42;33;0;0;0;134;28;N;N;N;N;N;N;N
43389;886;883;2014/2015;complete;192;14;-1;68;7,52;1;2;3;6;5;11;0;6;4;1;1;0;8;3;6;6;14;9;14;18;61;39;5;1;0;0;0;0;0;0;0;0;0;0;0;0;0;0;0;0;0;0;0;0;0;0;0;0;0;0;0;0;0;0;0;0;0;0;0;0;0;0;0;0;0;0;0;0;0;0;0;0;0;0;0;0;0;0;0;0;0;0;0;0;0;0;0;0;0;0;0;0;3;0;1;1;1;2;1;2014-11-22 12:10:00;883;0;50;0;42;0;-1;1;-1;-1;-1;-1;-1;-1;2;1;3;0;3;3;-1;0;0;0;0;0;0;0;0;0;0;0;0;0;1;1;0;1;-1;-1;1;1;-1;-1;-1;-1;-1;-1;-1;-1;-1;17;34;50;83;100;17;67;100;67;7.5;1.83;4.37;3.17;Ulisses;Shirak;1.93;1.57;3;1.17;2.62;1.62;84;67;50;17;0;38;25;0;0;0;0;134;28;Y;Y;Y;N;N;N;Y
43390;881;885;2014/2015;complete;192;14;-1;75;;1;0;1;10;2;12;2;4;2;2;0;0;4;4;8;3;12;7;16;19;66;34;2;2;0;0;0;0;0;0;0;0;0;0;0;0;0;0;0;0;0;0;0;0;0;0;0;0;0;0;0;0;0;0;0;0;0;0;0;0;0;0;0;0;0;0;0;0;0;0;0;0;0;0;0;0;0;0;0;0;0;0;0;0;0;0;0;0;0;0;0;0;1;0;0;1;0;1;0;2014-11-23 10:40:00;881;0;50;25;17;0;-1;1;-1;-1;-1;-1;-1;-1;1;0;1;2;1;3;-1;0;0;0;0;0;0;0;0;0;0;0;0;0;1;1;0;0;-1;-1;0;0;-1;-1;-1;-1;-1;-1;-1;-1;-1;25;50;75;84;92;58;92;84;42;8;3;4.66;3.42;Gandzasar;Ararat;1.36;0.36;1.67;0;1.15;0.46;75;50;25;17;9;50;50;38;0;0;0;134;28;Y;N;N;N;N;N;N
43391;882;887;2014/2015;complete;192;14;-1;15,41,49,55,86;;5;0;5;2;4;6;6;2;2;2;0;0;5;4;6;4;11;8;19;13;46;54;2;2;0;0;0;0;0;0;0;0;0;0;0;0;0;0;0;0;0;0;0;0;0;0;0;0;0;0;0;0;0;0;0;0;0;0;0;0;0;0;0;0;0;0;0;0;0;0;0;0;0;0;0;0;0;0;0;0;0;0;0;0;0;0;0;0;0;0;0;0;5;2;0;3;0;3;2;2014-11-23 13:00:00;882;0;25;0;17;0;-1;1;-1;-1;-1;-1;-1;-1;2;2;0;0;4;0;-1;0;0;0;0;0;0;0;0;0;0;0;0;0;1;1;0;0;-1;-1;0;1;-1;-1;-1;-1;-1;-1;-1;-1;-1;9;25;33;75;100;17;75;92;33;10.75;5.16;5.33;2.5;Pyunik;Mika;2.43;1;2.17;0.5;2.08;1.23;92;75;67;25;0;53;40;40;0;0;0;134;28;Y;Y;Y;Y;Y;N;N
43392;881;887;2014/2015;complete;192;15;-1;;;0;0;0;4;3;7;4;3;3;1;0;0;8;0;4;6;12;6;13;11;48;52;3;1;0;0;0;0;0;0;0;0;0;0;0;0;0;0;0;0;0;0;0;0;0;0;0;0;0;0;0;0;0;0;0;0;0;0;0;0;0;0;0;0;0;0;0;0;0;0;0;0;0;0;0;0;0;0;0;0;0;0;0;0;0;0;0;0;0;0;0;0;0;0;0;0;0;0;0;2014-11-29 10:40:00;-1;0;36;15;14;0;-1;1;-1;-1;-1;-1;-1;-1;1;1;2;0;2;2;-1;0;0;0;0;0;0;0;0;0;0;0;0;0;1;1;0;0;-1;-1;0;1;-1;-1;-1;-1;-1;-1;-1;-1;-1;14;29;50;72;93;22;79;86;43;12.5;4.15;5;2.71;Gandzasar;Mika;1.36;1;1.86;0.43;1.29;1.14;86;71;50;29;7;74;74;64;0;0;0;134;28;N;N;N;N;N;N;N
43393;882;886;2014/2015;complete;192;15;-1;26,37,81;;3;0;3;8;1;9;4;0;2;2;0;0;6;0;10;10;16;10;25;15;39;61;2;2;0;0;0;0;0;0;0;0;0;0;0;0;0;0;0;0;0;0;0;0;0;0;0;0;0;0;0;0;0;0;0;0;0;0;0;0;0;0;0;0;0;0;0;0;0;0;0;0;0;0;0;0;0;0;0;0;0;0;0;0;0;0;0;0;0;0;0;0;3;2;0;1;0;1;2;2014-11-29 12:10:00;882;0;22;7;7;0;-1;1;-1;-1;-1;-1;-1;-1;1;1;1;1;2;2;-1;0;0;0;0;0;0;0;0;0;0;0;0;0;1;1;0;0;-1;-1;0;0;-1;-1;-1;-1;-1;-1;-1;-1;-1;22;29;43;79;93;36;64;79;43;6.9;5.86;5.29;2.72;Pyunik;Ulisses;2.43;1.64;2.29;2.29;2.14;2.43;79;72;57;22;7;27;0;0;0;0;0;134;28;Y;Y;Y;N;N;N;N
43394;96;885;2014/2015;complete;192;15;-1;66;23;1;1;2;7;1;8;6;2;2;2;0;1;6;3;10;6;16;9;14;15;67;33;2;4;0;0;0;0;0;0;0;0;0;0;0;0;0;0;0;0;0;0;0;0;0;0;0;0;0;0;0;0;0;0;0;0;0;0;0;0;0;0;0;0;0;0;0;0;0;0;0;0;0;0;0;0;0;0;0;0;0;0;0;0;0;0;0;0;0;0;0;0;2;0;1;1;0;1;1;2014-11-30 10:40:00;-1;0;29;14;14;0;-1;1;-1;-1;-1;-1;-1;-1;1;2;1;1;3;2;-1;0;0;0;0;0;0;0;0;0;0;0;0;0;1;1;0;0;-1;-1;0;0;-1;-1;-1;-1;-1;-1;-1;-1;-1;22;36;43;79;93;43;65;93;36;6.66;5.71;4.29;2.72;Alashkert;Ararat;1.71;0.36;1.86;0;1.14;0.43;79;65;58;22;7;35;35;35;0;0;0;134;28;Y;Y;N;N;N;N;Y
43395;883;884;2014/2015;complete;192;15;-1;50,59;11,88;2;2;4;8;3;11;2;3;3;3;0;0;6;2;10;6;16;8;9;16;48;52;3;3;0;0;0;0;0;0;0;0;0;0;0;0;0;0;0;0;0;0;0;0;0;0;0;0;0;0;0;0;0;0;0;0;0;0;0;0;0;0;0;0;0;0;0;0;0;0;0;0;0;0;0;0;0;0;0;0;0;0;0;0;0;0;0;0;0;0;0;0;4;0;1;2;1;3;1;2014-11-30 10:40:00;-1;0;43;29;7;0;-1;1;-1;-1;-1;-1;-1;-1;0;3;3;0;3;3;-1;0;0;0;0;0;0;0;0;0;0;0;0;0;1;1;0;0;-1;-1;0;0;-1;-1;-1;-1;-1;-1;-1;-1;-1;14;22;29;57;86;43;71;57;14;11.57;7.14;4.57;2.43;Shirak;Banants;1.93;0.79;2;0.71;1.71;0.93;86;79;71;43;14;64;43;36;0;0;0;134;28;Y;Y;Y;Y;N;N;Y
43396;887;96;2014/2015;complete;192;16;-1;85;64;1;1;2;-1;-1;-1;-1;-1;3;1;0;0;-1;-1;-1;-1;-1;-1;-1;-1;-1;-1;3;1;0;0;0;0;0;0;0;0;0;0;0;0;0;0;0;0;0;0;0;0;0;0;0;0;0;0;0;0;0;0;0;0;0;0;0;0;0;0;0;0;0;0;0;0;0;0;0;0;0;0;0;0;0;0;0;0;0;0;0;0;0;0;0;0;0;0;0;0;2;0;0;1;1;2;0;2015-03-01 10:40:00;-1;0;64;22;29;0;-1;1;-1;-1;-1;-1;-1;-1;1;0;2;1;1;3;-1;0;0;0;0;0;0;0;0;0;0;0;0;0;1;1;0;0;-1;-1;0;0;-1;-1;-1;-1;-1;-1;-1;-1;-1;15;29;43;72;86;43;71;64;36;8;7.14;4.57;2.57;Mika;Alashkert;1.64;1;1.86;0.43;1.13;1.13;86;71;57;29;14;36;29;14;0;0;0;134;28;Y;Y;N;N;N;N;Y
43397;886;884;2014/2015;complete;192;16;-1;38,47;2;2;1;3;-1;-1;-1;-1;-1;2;1;0;0;-1;-1;-1;-1;-1;-1;-1;-1;-1;-1;2;1;0;0;0;0;0;0;0;0;0;0;0;0;0;0;0;0;0;0;0;0;0;0;0;0;0;0;0;0;0;0;0;0;0;0;0;0;0;0;0;0;0;0;0;0;0;0;0;0;0;0;0;0;0;0;0;0;0;0;0;0;0;0;0;0;0;0;0;0;3;1;1;1;0;1;2;2015-03-01 12:00:00;886;0;61;19;48;0;-1;1;-1;-1;-1;-1;-1;-1;1;1;1;0;2;1;-1;0;0;0;0;0;0;0;1;0;1;0;0;0;1;1;0;1;-1;-1;0;0;-1;-1;-1;-1;-1;-1;-1;-1;-1;21;41;55;75;94;26;81;82;48;10.38;4.52;4.82;3.43;Ulisses;Banants;1.93;0.79;2.57;0.75;2.27;0.93;80;60;46;26;7;62;45;29;0;0;0;134;28;Y;Y;Y;N;N;N;Y
43398;885;883;2014/2015;complete;192;16;-1;83,88;28,53,57,66;2;4;6;12;8;20;0;5;3;0;0;1;3;6;6;6;9;12;13;8;59;41;3;2;0;0;0;0;0;0;0;0;0;0;0;0;0;0;0;0;0;0;0;0;0;0;0;0;0;0;0;0;0;0;0;0;0;0;0;0;0;0;0;0;0;0;0;0;0;0;0;0;0;0;0;0;0;0;0;0;0;0;0;0;0;0;0;0;0;0;0;0;6;0;1;2;3;5;1;2015-03-01 12:00:00;883;0;50;22;29;0;-1;1;-1;-1;-1;-1;-1;-1;1;0;2;1;1;3;-1;0;0;0;0;0;0;0;0;2;0;2;0;0;1;1;0;0;-1;-1;0;0;-1;-1;-1;-1;-1;-1;-1;-1;-1;22;29;57;93;100;36;72;93;64;6.53;3.72;4.33;3.43;Ararat;Shirak;0.57;1.57;0.86;1.43;0.47;1.67;79;72;43;7;0;45;45;35;0;0;0;134;28;Y;Y;Y;Y;Y;Y;Y
43399;96;882;2014/2015;complete;192;17;-1;;66;0;1;1;2;3;5;4;2;3;2;0;0;3;4;4;4;7;8;19;17;36;64;3;2;0;0;0;0;0;0;0;0;0;0;0;0;0;0;0;0;0;0;0;0;0;0;0;0;0;0;0;0;0;0;0;0;0;0;0;0;0;0;0;0;0;0;0;0;0;0;0;0;0;0;0;0;0;0;0;0;0;0;0;0;0;0;0;0;0;0;0;0;1;0;0;0;1;1;0;2015-03-07 10:40:00;882;0;41;21;35;0;-1;1;-1;-1;-1;-1;-1;-1;1;0;2;2;1;4;-1;0;0;0;0;0;0;0;0;0;0;0;0;0;1;1;0;0;-1;-1;0;0;-1;-1;-1;-1;-1;-1;-1;-1;-1;21;21;35;81;87;21;54;87;62;8.25;8.67;3.71;2.57;Alashkert;Pyunik;1.71;1.93;1.75;2;1.13;2.2;80;80;66;20;14;29;29;21;0;0;0;134;28;Y;N;N;N;N;N;N
43400;883;887;2014/2015;complete;192;17;-1;19,75;;2;0;2;3;4;7;5;0;1;2;0;0;6;2;4;5;10;7;15;13;40;60;1;2;0;0;0;0;0;0;0;0;0;0;0;0;0;0;0;0;0;0;0;0;0;0;0;0;0;0;0;0;0;0;0;0;0;0;0;0;0;0;0;0;0;0;0;0;0;0;0;0;0;0;0;0;0;0;0;0;0;0;0;0;0;0;0;0;0;0;0;0;2;1;0;1;0;1;1;2015-03-08 10:00:00;883;0;38;7;13;0;-1;1;-1;-1;-1;-1;-1;-1;1;1;0;1;2;1;-1;0;0;0;0;0;0;0;0;0;0;0;0;0;1;1;0;0;-1;-1;0;0;-1;-1;-1;-1;-1;-1;-1;-1;-1;13;25;38;69;88;26;75;76;32;12.13;5.88;5;2.32;Shirak;Mika;1.93;1;1.88;0.5;1.75;1.13;88;75;63;32;13;66;54;54;0;0;0;134;28;Y;Y;N;N;N;N;N
43401;884;885;2014/2015;complete;192;17;-1;13,67,86;30;3;1;4;-1;-1;-1;-1;-1;0;2;0;0;-1;-1;-1;-1;-1;-1;-1;-1;-1;-1;0;2;0;0;0;0;0;0;0;0;0;0;0;0;0;0;0;0;0;0;0;0;0;0;0;0;0;0;0;0;0;0;0;0;0;0;0;0;0;0;0;0;0;0;0;0;0;0;0;0;0;0;0;0;0;0;0;0;0;0;0;0;0;0;0;0;0;0;0;0;4;1;1;2;0;2;2;2015-03-08 10:00:00;884;0;47;14;21;0;-1;1;-1;-1;-1;-1;-1;-1;0;1;0;1;1;1;-1;0;0;0;0;0;0;0;0;0;0;0;0;0;1;1;0;0;-1;-1;0;0;-1;-1;-1;-1;-1;-1;-1;-1;-1;27;40;53;87;100;53;80;100;34;7.67;5.06;4.5;3.13;Banants;Ararat;1.5;0.36;1.14;0.13;0.88;0.44;73;61;48;14;0;33;33;25;0;0;0;134;28;Y;Y;Y;Y;N;N;Y
43402;886;885;2014/2015;complete;192;18;-1;;;0;0;0;-1;-1;-1;-1;-1;2;2;0;0;-1;-1;-1;-1;-1;-1;-1;-1;-1;-1;2;2;0;0;0;0;0;0;0;0;0;0;0;0;0;0;0;0;0;0;0;0;0;0;0;0;0;0;0;0;0;0;0;0;0;0;0;0;0;0;0;0;0;0;0;0;0;0;0;0;0;0;0;0;0;0;0;0;0;0;0;0;0;0;0;0;0;0;0;0;0;0;0;0;0;0;0;2015-03-14 10:40:00;-1;0;66;18;37;0;-1;1;-1;-1;-1;-1;-1;-1;2;0;0;2;2;2;-1;0;0;0;0;0;0;0;0;0;0;0;0;0;1;1;0;0;-1;-1;0;0;-1;-1;-1;-1;-1;-1;-1;-1;-1;24;47;71;89;100;46;89;100;48;7.5;2.21;4.94;3.54;Ulisses;Ararat;1.93;0.36;2.63;0.11;2.31;0.41;77;54;29;12;0;47;37;27;0;0;0;134;28;N;N;N;N;N;N;N
43403;887;884;2014/2015;complete;192;18;-1;22,25;50,61;2;2;4;0;7;7;7;2;0;1;0;0;3;5;1;7;4;12;15;21;47;53;0;1;0;0;0;0;0;0;0;0;0;0;0;0;0;0;0;0;0;0;0;0;0;0;0;0;0;0;0;0;0;0;0;0;0;0;0;0;0;0;0;0;0;0;0;0;0;0;0;0;0;0;0;0;0;0;0;0;0;0;0;0;0;0;0;0;0;0;0;0;4;2;0;0;2;2;2;2015-03-14 10:40:00;-1;0;66;29;30;0;-1;1;-1;-1;-1;-1;-1;-1;0;0;0;1;0;1;-1;0;0;0;0;0;0;0;0;0;0;0;0;0;1;1;0;0;-1;-1;0;0;-1;-1;-1;-1;-1;-1;-1;-1;-1;6;29;41;78;89;41;71;71;36;9.52;6.02;4.36;2.69;Mika;Banants;1.64;0.79;1.75;0.67;1.06;1;95;71;60;23;12;53;40;26;0;0;0;134;28;Y;Y;Y;Y;N;N;Y
43404;881;96;2014/2015;complete;192;18;-1;46,57;8,19,20;2;3;5;-1;-1;-1;-1;-1;1;4;0;0;-1;-1;-1;-1;-1;-1;-1;-1;-1;-1;1;4;0;0;0;0;0;0;0;0;0;0;0;0;0;0;0;0;0;0;0;0;0;0;0;0;0;0;0;0;0;0;0;0;0;0;0;0;0;0;0;0;0;0;0;0;0;0;0;0;0;0;0;0;0;0;0;0;0;0;0;0;0;0;0;0;0;0;0;0;5;0;3;2;0;2;3;2015-03-15 10:00:00;96;0;51;25;26;0;-1;1;-1;-1;-1;-1;-1;-1;1;2;0;2;3;2;-1;0;0;0;0;0;0;0;0;0;0;0;0;0;1;1;0;1;-1;-1;0;1;-1;-1;-1;-1;-1;-1;-1;-1;-1;19;25;44;57;82;32;63;63;38;9.53;5.01;4.63;2.51;Gandzasar;Alashkert;1.36;1;1.75;0.5;1.27;1.06;82;75;57;44;19;48;48;32;0;0;0;134;28;Y;Y;Y;Y;Y;N;Y
43405;882;883;2014/2015;complete;192;18;-1;34,56;22;2;1;3;6;3;9;2;2;0;2;0;0;5;2;6;2;11;4;11;21;53;47;0;2;0;0;0;0;0;0;0;0;0;0;0;0;0;0;0;0;0;0;0;0;0;0;0;0;0;0;0;0;0;0;0;0;0;0;0;0;0;0;0;0;0;0;0;0;0;0;0;0;0;0;0;0;0;0;0;0;0;0;0;0;0;0;0;0;0;0;0;0;3;1;1;1;0;1;2;2015-03-15 12:00:00;882;0;32;0;26;0;-1;1;-1;-1;-1;-1;-1;-1;0;1;0;1;1;1;-1;0;0;0;0;0;0;0;0;0;0;0;0;0;1;1;0;0;-1;-1;0;0;-1;-1;-1;-1;-1;-1;-1;-1;-1;19;32;50;82;100;32;69;94;57;8.17;5.13;4.38;2.94;Pyunik;Shirak;2.43;1.57;2.38;1.63;2.25;1.82;82;69;50;19;0;42;25;17;0;0;0;134;28;Y;Y;Y;N;N;N;Y
43406;883;881;2014/2015;complete;192;19;-1;5,45;;2;0;2;5;3;8;4;0;5;2;0;0;0;4;7;2;7;6;17;17;48;52;5;2;0;0;0;0;0;0;0;0;0;0;0;0;0;0;0;0;0;0;0;0;0;0;0;0;0;0;0;0;0;0;0;0;0;0;0;0;0;0;0;0;0;0;0;0;0;0;0;0;0;0;0;0;0;0;0;0;0;0;0;0;0;0;0;0;0;0;0;0;2;2;0;0;0;0;2;2015-03-21 10:40:00;883;0;51;6;27;0;-1;1;-1;-1;-1;-1;-1;-1;3;1;2;1;4;3;-1;0;0;0;0;0;0;0;0;0;0;0;0;0;1;1;1;0;-1;-1;0;1;-1;-1;-1;-1;-1;-1;-1;-1;-1;27;33;38;69;95;38;82;77;33;10.28;6.53;4.33;2.97;Shirak;Gandzasar;1.93;0.71;2;0.71;1.72;1.19;73;68;62;31;6;75;47;47;0;0;0;134;28;Y;Y;N;N;N;N;N
43407;96;886;2014/2015;complete;192;19;-1;36;;1;0;1;3;3;6;1;0;1;2;0;0;4;6;3;5;7;11;19;12;39;61;1;2;0;0;0;0;0;0;0;0;0;0;0;0;0;0;0;0;0;0;0;0;0;0;0;0;0;0;0;0;0;0;0;0;0;0;0;0;0;0;0;0;0;0;0;0;0;0;0;0;0;0;0;0;0;0;0;0;0;0;0;0;0;0;0;0;0;0;0;0;1;1;0;0;0;0;1;2015-03-22 10:40:00;96;0;24;12;6;0;-1;1;-1;-1;-1;-1;-1;-1;1;0;0;2;1;2;-1;0;0;0;0;0;0;0;0;0;0;0;0;0;1;1;0;0;-1;-1;0;0;-1;-1;-1;-1;-1;-1;-1;-1;-1;12;12;31;78;89;25;54;82;36;7.14;6.58;4.86;2.2;Alashkert;Ulisses;1.71;1.64;1.56;2;1.17;2.24;89;89;70;23;12;33;11;11;0;0;0;134;28;Y;N;N;N;N;N;N
43408;884;882;2014/2015;complete;192;19;-1;43;35,73;1;2;3;-1;-1;-1;-1;-1;1;1;0;0;-1;-1;-1;-1;-1;-1;-1;-1;-1;-1;1;1;0;0;0;0;0;0;0;0;0;0;0;0;0;0;0;0;0;0;0;0;0;0;0;0;0;0;0;0;0;0;0;0;0;0;0;0;0;0;0;0;0;0;0;0;0;0;0;0;0;0;0;0;0;0;0;0;0;0;0;0;0;0;0;0;0;0;0;0;3;1;1;0;1;1;2;2015-03-22 11:00:00;882;0;50;25;38;0;-1;1;-1;-1;-1;-1;-1;-1;0;1;1;0;1;1;-1;0;0;0;0;0;0;0;0;0;0;0;0;0;1;1;0;0;-1;-1;0;0;-1;-1;-1;-1;-1;-1;-1;-1;-1;25;32;50;82;94;38;63;94;63;9.03;6.88;3.5;3.01;Banants;Pyunik;1.5;1.93;1.38;2.13;1;2.29;75;69;50;19;7;31;31;16;0;0;0;134;28;Y;Y;Y;N;N;N;Y
43409;885;887;2014/2015;complete;192;19;-1;;57;0;1;1;-1;-1;-1;-1;-1;2;3;0;0;-1;-1;-1;-1;-1;-1;-1;-1;-1;-1;2;3;0;0;0;0;0;0;0;0;0;0;0;0;0;0;0;0;0;0;0;0;0;0;0;0;0;0;0;0;0;0;0;0;0;0;0;0;0;0;0;0;0;0;0;0;0;0;0;0;0;0;0;0;0;0;0;0;0;0;0;0;0;0;0;0;0;0;0;0;1;0;0;0;1;1;0;2015-03-22 13:00:00;887;0;43;19;25;0;-1;1;-1;-1;-1;-1;-1;-1;1;1;1;2;2;3;-1;0;0;0;0;0;0;0;0;0;0;0;0;0;1;1;0;0;-1;-1;0;0;-1;-1;-1;-1;-1;-1;-1;-1;-1;31;36;54;89;95;31;83;89;48;10.32;4.24;4.87;3.48;Ararat;Mika;0.57;1;0.75;0.44;0.44;1.06;70;64;46;11;6;54;54;54;0;0;0;134;28;Y;N;N;N;N;N;N
43410;886;887;2014/2015;complete;192;20;-1;;45;0;1;1;5;4;9;1;3;3;1;0;0;3;6;6;4;9;10;12;21;55;45;3;1;0;0;0;0;0;0;0;0;0;0;0;0;0;0;0;0;0;0;0;0;0;0;0;0;0;0;0;0;0;0;0;0;0;0;0;0;0;0;0;0;0;0;0;0;0;0;0;0;0;0;0;0;0;0;0;0;0;0;0;0;0;0;0;0;0;0;0;0;1;0;1;0;0;0;1;2015-04-04 10:40:00;887;0;44;6;33;0;-1;1;-1;-1;-1;-1;-1;-1;1;0;2;1;1;3;-1;0;0;0;0;0;0;0;0;0;0;0;0;0;1;1;0;0;-1;-1;0;0;-1;-1;-1;-1;-1;-1;-1;-1;-1;16;27;49;74;90;16;74;90;43;10.75;2.47;4.94;2.77;Ulisses;Mika;1.93;1;2.44;0.7;2.11;1.16;84;74;52;26;11;55;45;35;0;0;0;134;28;Y;N;N;N;N;N;N
43411;882;885;2014/2015;complete;192;20;-1;5,8,45,63;;4;0;4;3;3;6;2;1;1;2;0;0;2;3;9;5;11;8;15;15;49;51;1;2;0;0;0;0;0;0;0;0;0;0;0;0;0;0;0;0;0;0;0;0;0;0;0;0;0;0;0;0;0;0;0;0;0;0;0;0;0;0;0;0;0;0;0;0;0;0;0;0;0;0;0;0;0;0;0;0;0;0;0;0;0;0;0;0;0;0;0;0;4;3;0;1;0;1;3;2015-04-04 14:00:00;882;0;36;16;11;0;-1;1;-1;-1;-1;-1;-1;-1;0;2;1;0;2;1;-1;0;0;0;0;0;0;0;0;0;0;0;0;0;1;1;2;0;-1;-1;0;0;-1;-1;-1;-1;-1;-1;-1;-1;-1;21;42;58;79;95;58;79;90;32;6.93;4.32;4.51;3;Pyunik;Ararat;2.43;0.36;2.44;0.2;2.33;0.42;79;59;42;21;5;38;17;17;0;0;0;134;28;Y;Y;Y;Y;N;N;N
43412;96;883;2014/2015;complete;192;20;-1;24;90;1;1;2;1;2;3;3;0;2;2;0;0;5;2;4;4;9;6;9;19;41;59;2;2;0;0;0;0;0;0;0;0;0;0;0;0;0;0;0;0;0;0;0;0;0;0;0;0;0;0;0;0;0;0;0;0;0;0;0;0;0;0;0;0;0;0;0;0;0;0;0;0;0;0;0;0;0;0;0;0;0;0;0;0;0;0;0;0;0;0;0;0;2;1;0;0;1;1;1;2015-04-05 10:40:00;-1;0;38;11;22;0;-1;1;-1;-1;-1;-1;-1;-1;1;0;1;2;1;3;-1;0;0;0;0;0;0;0;0;0;0;0;0;0;1;1;0;0;-1;-1;1;0;-1;-1;-1;-1;-1;-1;-1;-1;-1;11;16;33;75;95;16;59;90;49;7.76;5.78;4;2.35;Alashkert;Shirak;1.71;1.57;1.7;1.44;1.26;1.79;90;84;67;26;5;39;32;25;0;0;0;134;28;Y;Y;N;N;N;N;Y
43413;881;884;2014/2015;complete;192;20;-1;64,82;;2;0;2;-1;-1;-1;-1;-1;1;1;0;0;-1;-1;-1;-1;-1;-1;-1;-1;-1;-1;1;1;0;0;0;0;0;0;0;0;0;0;0;0;0;0;0;0;0;0;0;0;0;0;0;0;0;0;0;0;0;0;0;0;0;0;0;0;0;0;0;0;0;0;0;0;0;0;0;0;0;0;0;0;0;0;0;0;0;0;0;0;0;0;0;0;0;0;0;0;2;0;0;2;0;2;0;2015-04-05 12:00:00;881;0;52;31;16;0;-1;1;-1;-1;-1;-1;-1;-1;0;1;1;0;1;1;-1;0;0;0;0;0;0;0;0;0;0;0;0;0;1;1;0;0;-1;-1;0;0;-1;-1;-1;-1;-1;-1;-1;-1;-1;16;37;53;63;84;42;74;69;37;11.23;4.58;4.22;2.89;Gandzasar;Banants;1.36;0.79;1.56;0.7;1.12;0.95;84;64;47;37;16;62;56;42;0;0;0;134;28;Y;Y;N;N;N;N;N
43414;883;886;2014/2015;complete;192;21;-1;21,24;;2;0;2;4;5;9;3;0;5;3;0;0;5;4;5;7;10;11;20;11;29;71;5;3;0;0;0;0;0;0;0;0;0;0;0;0;0;0;0;0;0;0;0;0;0;0;0;0;0;0;0;0;0;0;0;0;0;0;0;0;0;0;0;0;0;0;0;0;0;0;0;0;0;0;0;0;0;0;0;0;0;0;0;0;0;0;0;0;0;0;0;0;2;2;0;0;0;0;2;2015-04-11 12:00:00;883;0;31;11;5;0;-1;1;-1;-1;-1;-1;-1;-1;1;1;4;2;2;6;-1;0;0;0;0;0;0;0;0;0;0;0;0;0;1;1;0;0;-1;-1;0;0;-1;-1;-1;-1;-1;-1;-1;-1;-1;11;16;37;74;90;37;74;64;27;8.83;5.7;5.27;2.27;Shirak;Ulisses;1.93;1.64;2.1;1.78;1.75;2;90;85;63;26;11;49;20;20;0;0;0;134;28;Y;Y;N;N;N;N;N
43415;884;96;2014/2015;complete;192;21;-1;50,68;;2;0;2;-1;-1;-1;-1;-1;4;3;0;0;-1;-1;-1;-1;-1;-1;-1;-1;-1;-1;4;3;0;0;0;0;0;0;0;0;0;0;0;0;0;0;0;0;0;0;0;0;0;0;0;0;0;0;0;0;0;0;0;0;0;0;0;0;0;0;0;0;0;0;0;0;0;0;0;0;0;0;0;0;0;0;0;0;0;0;0;0;0;0;0;0;0;0;0;0;2;0;0;2;0;2;0;2015-04-11 12:00:00;884;0;62;28;28;0;-1;1;-1;-1;-1;-1;-1;-1;2;3;2;0;5;2;-1;0;0;0;0;0;0;0;1;0;1;0;0;0;1;1;0;0;-1;-1;0;0;-1;-1;-1;-1;-1;-1;-1;-1;-1;28;33;50;78;95;50;73;84;44;9.03;4.88;4.11;3;Banants;Alashkert;1.5;1;1.22;0.78;0.9;1.25;73;67;50;22;6;31;31;16;0;0;0;134;28;Y;Y;N;N;N;N;N
43416;887;882;2014/2015;complete;192;21;-1;56;;1;0;1;4;6;10;1;10;0;0;1;0;2;6;8;9;10;15;10;10;41;59;2;0;0;0;0;0;0;0;0;0;0;0;0;0;0;0;0;0;0;0;0;0;0;0;0;0;0;0;0;0;0;0;0;0;0;0;0;0;0;0;0;0;0;0;0;0;0;0;0;0;0;0;0;0;0;0;0;0;0;0;0;0;0;0;0;0;0;0;0;0;1;0;0;1;0;1;0;2015-04-12 10:40:00;887;0;67;22;39;0;-1;1;-1;-1;-1;-1;-1;-1;0;0;1;0;0;1;-1;0;0;0;0;0;0;0;0;0;0;0;0;0;1;1;0;0;-1;-1;0;0;-1;-1;-1;-1;-1;-1;-1;-1;-1;11;28;50;84;89;39;62;84;62;7.49;7;3.67;2.73;Mika;Pyunik;1.64;1.93;1.67;2.22;1.25;2.37;89;73;50;17;11;34;27;14;0;0;0;134;28;Y;N;N;N;N;N;N
43417;885;881;2014/2015;complete;192;21;-1;;18,50;0;2;2;3;5;8;2;6;2;0;0;0;0;2;9;3;9;5;12;12;59;41;2;0;0;0;0;0;0;0;0;0;0;0;0;0;0;0;0;0;0;0;0;0;0;0;0;0;0;0;0;0;0;0;0;0;0;0;0;0;0;0;0;0;0;0;0;0;0;0;0;0;0;0;0;0;0;0;0;0;0;0;0;0;0;0;0;0;0;0;0;0;2;0;1;0;1;1;1;2015-04-12 14:00:00;881;0;53;17;36;0;-1;1;-1;-1;-1;-1;-1;-1;0;0;2;0;0;2;-1;0;0;0;0;0;0;0;0;0;0;0;0;0;1;1;0;0;-1;-1;0;0;-1;-1;-1;-1;-1;-1;-1;-1;-1;41;41;53;82;100;47;83;82;47;8.86;4.28;4.38;3.86;Ararat;Gandzasar;0.57;0.71;0.67;0.63;0.4;1.22;60;60;48;18;0;64;50;50;0;0;0;134;28;Y;Y;N;N;N;N;N
43418;887;881;2014/2015;complete;192;22;-1;47;85;1;1;2;5;6;11;2;2;1;2;0;0;6;6;5;5;11;11;14;12;47;53;1;2;0;0;0;0;0;0;0;0;0;0;0;0;0;0;0;0;0;0;0;0;0;0;0;0;0;0;0;0;0;0;0;0;0;0;0;0;0;0;0;0;0;0;0;0;0;0;0;0;0;0;0;0;0;0;0;0;0;0;0;0;0;0;0;0;0;0;0;0;2;0;0;1;1;2;0;2015-04-18 10:40:00;-1;0;57;5;32;0;-1;1;-1;-1;-1;-1;-1;-1;0;0;1;2;0;3;-1;0;0;0;0;0;0;0;0;0;0;0;0;0;1;1;0;0;-1;-1;0;0;-1;-1;-1;-1;-1;-1;-1;-1;-1;17;32;37;79;95;42;75;79;42;8.05;6.19;3.78;2.87;Mika;Gandzasar;1.64;0.71;1.8;0.89;1.33;1.32;84;69;64;21;5;54;36;25;0;0;0;134;28;Y;Y;N;N;N;N;Y
43419;885;96;2014/2015;complete;192;22;-1;;56;0;1;1;7;1;8;0;4;1;2;0;0;6;4;9;6;15;10;12;17;48;52;1;2;0;0;0;0;0;0;0;0;0;0;0;0;0;0;0;0;0;0;0;0;0;0;0;0;0;0;0;0;0;0;0;0;0;0;0;0;0;0;0;0;0;0;0;0;0;0;0;0;0;0;0;0;0;0;0;0;0;0;0;0;0;0;0;0;0;0;0;0;1;0;0;0;1;1;0;2015-04-19 10:40:00;96;0;55;25;30;0;-1;1;-1;-1;-1;-1;-1;-1;0;1;1;1;1;2;-1;0;0;0;0;0;0;0;0;0;0;0;0;0;1;1;0;0;-1;-1;0;0;-1;-1;-1;-1;-1;-1;-1;-1;-1;35;35;50;80;95;40;70;80;50;8.24;3.9;4.83;3.4;Ararat;Alashkert;0.57;1;0.6;0.7;0.38;1.19;65;65;50;20;5;40;40;32;0;0;0;134;28;Y;N;N;N;N;N;N
43420;886;882;2014/2015;complete;192;22;-1;12,64;31;2;1;3;-1;-1;-1;-1;-1;2;2;0;0;-1;-1;-1;-1;-1;-1;-1;-1;-1;-1;2;2;0;0;0;0;0;0;0;0;0;0;0;0;0;0;0;0;0;0;0;0;0;0;0;0;0;0;0;0;0;0;0;0;0;0;0;0;0;0;0;0;0;0;0;0;0;0;0;0;0;0;0;0;0;0;0;0;0;0;0;0;0;0;0;0;0;0;0;0;3;1;1;1;0;1;2;2015-04-19 10:40:00;886;0;55;20;45;0;-1;1;-1;-1;-1;-1;-1;-1;1;1;1;1;2;2;-1;0;0;0;0;0;0;0;0;0;0;0;0;0;1;1;0;0;-1;-1;0;0;-1;-1;-1;-1;-1;-1;-1;-1;-1;20;25;55;70;90;25;65;85;55;9.13;4.8;4;2.9;Ulisses;Pyunik;1.93;1.93;2.2;2;1.9;2.25;80;75;45;30;10;53;36;15;0;0;0;134;28;Y;Y;Y;N;N;N;Y
43421;884;883;2014/2015;complete;192;22;-1;50,73,89;31,40,51,58,60,66;3;6;9;-1;-1;-1;-1;-1;2;0;0;0;-1;-1;-1;-1;-1;-1;-1;-1;-1;-1;2;0;0;0;0;0;0;0;0;0;0;0;0;0;0;0;0;0;0;0;0;0;0;0;0;0;0;0;0;0;0;0;0;0;0;0;0;0;0;0;0;0;0;0;0;0;0;0;0;0;0;0;0;0;0;0;0;0;0;0;0;0;0;0;0;0;0;0;0;0;9;0;2;3;4;7;2;2015-04-19 12:00:00;883;0;55;20;25;0;-1;1;-1;-1;-1;-1;-1;-1;1;0;1;0;1;1;-1;0;0;0;0;0;0;0;0;0;0;0;0;0;1;1;0;0;-1;-1;0;0;-1;-1;-1;-1;-1;-1;-1;-1;-1;15;25;50;90;100;35;70;100;55;8.8;3.7;3.9;2.9;Banants;Shirak;1.5;1.57;1.4;1.4;1;1.81;85;75;50;10;0;42;36;21;0;0;0;134;28;Y;Y;Y;Y;Y;Y;Y
43422;884;886;2014/2015;complete;192;23;-1;10,19,75;;3;0;3;-1;-1;-1;-1;-1;2;1;0;0;-1;-1;-1;-1;-1;-1;-1;-1;-1;-1;2;1;0;0;0;0;0;0;0;0;0;0;0;0;0;0;0;0;0;0;0;0;0;0;0;0;0;0;0;0;0;0;0;0;0;0;0;0;0;0;0;0;0;0;0;0;0;0;0;0;0;0;0;0;0;0;0;0;0;0;0;0;0;0;0;0;0;0;0;0;3;2;0;1;0;1;2;2015-04-25 13:00:00;884;0;38;19;14;0;-1;1;-1;-1;-1;-1;-1;-1;0;1;2;0;1;2;-1;0;0;0;0;0;0;0;0;0;0;0;0;0;1;1;1;0;-1;-1;0;0;-1;-1;-1;-1;-1;-1;-1;-1;-1;19;23;48;86;95;48;72;80;43;8.5;3.62;4.61;2.93;Banants;Ulisses;1.5;1.64;1.27;1.6;0.95;1.95;82;77;53;15;5;39;17;9;0;0;0;134;28;Y;Y;Y;N;N;N;N
43423;883;885;2014/2015;complete;192;23;-1;24,39,51,74;;4;0;4;5;2;7;4;2;0;3;0;1;6;6;2;6;8;12;8;17;55;45;0;4;0;0;0;0;0;0;0;0;0;0;0;0;0;0;0;0;0;0;0;0;0;0;0;0;0;0;0;0;0;0;0;0;0;0;0;0;0;0;0;0;0;0;0;0;0;0;0;0;0;0;0;0;0;0;0;0;0;0;0;0;0;0;0;0;0;0;0;0;4;2;0;2;0;2;2;2015-04-25 13:00:00;883;0;41;14;9;0;-1;1;-1;-1;-1;-1;-1;-1;0;1;0;3;1;3;-1;0;0;0;0;0;0;0;0;0;0;0;0;0;1;1;0;0;-1;-1;0;0;-1;-1;-1;-1;-1;-1;-1;-1;-1;14;37;46;78;91;55;82;73;23;8.12;4.73;5.18;2.64;Shirak;Ararat;1.93;0.36;2.18;0.18;1.86;0.36;87;64;55;23;9;47;33;33;0;0;0;134;28;Y;Y;Y;Y;N;N;N
43424;96;887;2014/2015;complete;192;23;-1;70;8,32;1;2;3;1;0;1;3;2;5;2;0;0;3;4;4;3;7;7;11;20;58;42;5;2;0;0;0;0;0;0;0;0;0;0;0;0;0;0;0;0;0;0;0;0;0;0;0;0;0;0;0;0;0;0;0;0;0;0;0;0;0;0;0;0;0;0;0;0;0;0;0;0;0;0;0;0;0;0;0;0;0;0;0;0;0;0;0;0;0;0;0;0;3;0;2;1;0;1;2;2015-04-26 10:40:00;887;0;23;5;9;0;-1;1;-1;-1;-1;-1;-1;-1;2;1;3;1;3;4;-1;0;0;0;0;0;0;0;0;1;0;1;0;0;1;1;0;1;-1;-1;1;0;-1;-1;-1;-1;-1;-1;-1;-1;-1;9;14;18;64;91;9;64;82;27;9.2;5.82;4.36;1.96;Alashkert;Mika;1.71;1;1.64;0.91;1.27;1.32;91;87;82;36;9;37;31;31;0;0;0;134;28;Y;Y;Y;N;N;N;Y
43425;881;882;2014/2015;complete;192;23;-1;;86;0;1;1;-1;-1;-1;-1;-1;0;1;0;0;-1;-1;-1;-1;-1;-1;-1;-1;-1;-1;0;1;0;0;0;0;0;0;0;0;0;0;0;0;0;0;0;0;0;0;0;0;0;0;0;0;0;0;0;0;0;0;0;0;0;0;0;0;0;0;0;0;0;0;0;0;0;0;0;0;0;0;0;0;0;0;0;0;0;0;0;0;0;0;0;0;0;0;0;0;1;0;0;0;1;1;0;2015-04-26 11:00:00;882;0;48;28;23;0;-1;1;-1;-1;-1;-1;-1;-1;0;1;0;0;1;0;-1;0;0;0;0;0;0;0;0;0;0;0;0;0;1;1;0;0;-1;-1;0;0;-1;-1;-1;-1;-1;-1;-1;-1;-1;19;24;53;67;86;33;58;81;53;9.8;5.14;3.65;2.67;Gandzasar;Pyunik;1.36;1.93;1.7;1.82;1.3;2.14;81;76;48;34;15;53;53;32;0;0;0;134;28;Y;N;N;N;N;N;N
43426;881;886;2014/2015;complete;192;17;-1;;;0;0;0;7;7;14;1;1;0;2;0;0;3;3;5;4;8;7;13;11;50;50;0;2;0;0;0;0;0;0;0;0;0;0;0;0;0;0;0;0;0;0;0;0;0;0;0;0;0;0;0;0;0;0;0;0;0;0;0;0;0;0;0;0;0;0;0;0;0;0;0;0;0;0;0;0;0;0;0;0;0;0;0;0;0;0;0;0;0;0;0;0;0;0;0;0;0;0;0;2015-04-29 13:00:00;-1;0;27;14;5;0;-1;1;-1;-1;-1;-1;-1;-1;0;0;0;2;0;2;-1;0;0;0;0;0;0;0;0;0;0;0;0;0;1;1;0;0;-1;-1;0;0;-1;-1;-1;-1;-1;-1;-1;-1;-1;14;18;45;69;87;36;64;69;36;9;2.82;4.46;2.41;Gandzasar;Ulisses;1.36;1.64;1.55;1.45;1.24;1.86;87;82;55;32;14;56;34;25;0;0;0;134;28;N;N;N;N;N;N;N
43427;886;881;2014/2015;complete;192;24;-1;;;0;0;0;1;4;5;2;2;3;3;0;0;5;7;5;1;10;8;14;15;48;52;3;3;0;0;0;0;0;0;0;0;0;0;0;0;0;0;0;0;0;0;0;0;0;0;0;0;0;0;0;0;0;0;0;0;0;0;0;0;0;0;0;0;0;0;0;0;0;0;0;0;0;0;0;0;0;0;0;0;0;0;0;0;0;0;0;0;0;0;0;0;0;0;0;0;0;0;0;2015-05-02 10:40:00;-1;0;57;9;43;0;-1;1;-1;-1;-1;-1;-1;-1;1;1;2;2;2;4;-1;0;0;0;0;0;0;0;0;0;0;0;0;0;1;1;0;0;-1;-1;0;1;-1;-1;-1;-1;-1;-1;-1;-1;-1;24;29;47;77;96;34;81;81;43;9.56;3.35;4.25;3.15;Ulisses;Gandzasar;1.93;0.71;2.27;0.9;1.83;1.23;76;72;53;24;5;67;39;31;0;0;0;134;28;N;N;N;N;N;N;N
43428;882;96;2014/2015;complete;192;24;-1;3,9,79;90;3;1;4;2;5;7;1;1;0;1;0;0;0;4;5;5;5;9;19;11;49;51;0;1;0;0;0;0;0;0;0;0;0;0;0;0;0;0;0;0;0;0;0;0;0;0;0;0;0;0;0;0;0;0;0;0;0;0;0;0;0;0;0;0;0;0;0;0;0;0;0;0;0;0;0;0;0;0;0;0;0;0;0;0;0;0;0;0;0;0;0;0;4;2;0;1;1;2;2;2015-05-02 15:00:00;882;0;38;14;19;0;-1;1;-1;-1;-1;-1;-1;-1;0;0;0;1;0;1;-1;0;0;0;0;0;0;0;0;0;0;0;0;0;1;1;2;0;-1;-1;0;0;-1;-1;-1;-1;-1;-1;-1;-1;-1;24;34;48;72;96;48;68;82;38;7.75;5.37;4.45;2.87;Pyunik;Alashkert;2.43;1;2.5;0.91;2.18;1.22;77;67;52;28;5;32;13;7;0;0;0;134;28;Y;Y;Y;Y;N;N;Y
43429;885;884;2014/2015;complete;192;24;-1;33,77;48,55;2;2;4;2;6;8;7;2;2;2;0;0;5;5;3;4;8;9;13;13;41;59;2;2;0;0;0;0;0;0;0;0;0;0;0;0;0;0;0;0;0;0;0;0;0;0;0;0;0;0;0;0;0;0;0;0;0;0;0;0;0;0;0;0;0;0;0;0;0;0;0;0;0;0;0;0;0;0;0;0;0;0;0;0;0;0;0;0;0;0;0;0;4;1;0;1;2;3;1;2015-05-03 10:40:00;-1;0;50;32;23;0;-1;1;-1;-1;-1;-1;-1;-1;1;0;1;2;1;3;-1;0;0;0;0;0;0;0;1;0;1;0;0;0;1;1;0;0;-1;-1;0;0;-1;-1;-1;-1;-1;-1;-1;-1;-1;23;36;50;78;96;41;73;82;41;10.23;4.09;4.11;3.37;Ararat;Banants;0.57;0.79;0.55;0.64;0.35;1.04;78;64;50;23;5;50;44;39;0;0;0;134;28;Y;Y;Y;Y;N;N;Y
43430;887;883;2014/2015;complete;192;24;-1;52,78;36,54;2;2;4;-1;-1;-1;-1;-1;0;1;0;0;-1;-1;-1;-1;-1;-1;-1;-1;-1;-1;0;1;0;0;0;0;0;0;0;0;0;0;0;0;0;0;0;0;0;0;0;0;0;0;0;0;0;0;0;0;0;0;0;0;0;0;0;0;0;0;0;0;0;0;0;0;0;0;0;0;0;0;0;0;0;0;0;0;0;0;0;0;0;0;0;0;0;0;0;0;4;0;1;2;1;3;1;2015-05-03 10:40:00;-1;0;69;9;36;0;-1;1;-1;-1;-1;-1;-1;-1;0;0;0;1;0;1;-1;0;0;0;0;0;0;0;0;0;0;0;0;0;1;1;0;0;-1;-1;0;0;-1;-1;-1;-1;-1;-1;-1;-1;-1;9;27;46;87;96;32;64;91;60;7.43;4.54;3.71;2.86;Mika;Shirak;1.64;1.57;1.73;1.55;1.39;1.91;91;73;55;14;5;50;39;23;0;0;0;134;28;Y;Y;Y;Y;N;N;Y
43431;885;886;2014/2015;complete;192;25;-1;57;11,38,88;1;3;4;6;4;10;3;2;2;4;0;0;5;2;5;4;10;6;19;13;44;56;2;4;0;0;0;0;0;0;0;0;0;0;0;0;0;0;0;0;0;0;0;0;0;0;0;0;0;0;0;0;0;0;0;0;0;0;0;0;0;0;0;0;0;0;0;0;0;0;0;0;0;0;0;0;0;0;0;0;0;0;0;0;0;0;0;0;0;0;0;0;4;0;2;1;1;2;2;2015-05-09 10:40:00;886;0;34;17;17;0;-1;1;-1;-1;-1;-1;-1;-1;0;1;2;3;1;5;-1;0;0;0;0;0;0;0;0;0;0;0;0;0;1;1;0;0;-1;-1;0;0;-1;-1;-1;-1;-1;-1;-1;-1;-1;21;25;50;79;92;38;71;75;38;8.1;3.58;4.68;2.96;Ararat;Ulisses;0.57;1.64;0.58;1.42;0.38;1.79;80;75;50;21;9;45;25;25;0;0;0;134;28;Y;Y;Y;Y;N;N;Y
43432;884;887;2014/2015;complete;192;25;-1;;;0;0;0;-1;-1;-1;-1;-1;4;4;0;0;-1;-1;-1;-1;-1;-1;-1;-1;-1;-1;4;4;0;0;0;0;0;0;0;0;0;0;0;0;0;0;0;0;0;0;0;0;0;0;0;0;0;0;0;0;0;0;0;0;0;0;0;0;0;0;0;0;0;0;0;0;0;0;0;0;0;0;0;0;0;0;0;0;0;0;0;0;0;0;0;0;0;0;0;0;0;0;0;0;0;0;0;2015-05-09 13:00:00;-1;0;38;13;17;0;-1;1;-1;-1;-1;-1;-1;-1;0;0;4;4;0;8;-1;0;0;0;0;0;0;0;0;0;0;0;0;0;1;1;0;0;-1;-1;0;0;-1;-1;-1;-1;-1;-1;-1;-1;-1;17;25;46;80;96;38;75;92;38;10.17;3.5;4.25;2.84;Banants;Mika;1.5;1;1.42;1.08;1.04;1.38;84;75;55;21;4;42;37;29;0;0;0;134;28;N;N;N;N;N;N;N
43433;883;882;2014/2015;complete;192;25;-1;;59,82;0;2;2;-1;-1;-1;-1;-1;2;1;0;0;-1;-1;-1;-1;-1;-1;-1;-1;-1;-1;2;1;0;0;0;0;0;0;0;0;0;0;0;0;0;0;0;0;0;0;0;0;0;0;0;0;0;0;0;0;0;0;0;0;0;0;0;0;0;0;0;0;0;0;0;0;0;0;0;0;0;0;0;0;0;0;0;0;0;0;0;0;0;0;0;0;0;0;0;0;2;0;0;0;2;2;0;2015-05-10 10:40:00;882;0;42;21;21;0;-1;1;-1;-1;-1;-1;-1;-1;0;1;2;0;1;2;-1;0;0;0;0;0;0;0;0;0;0;0;0;0;1;1;0;0;-1;-1;0;0;-1;-1;-1;-1;-1;-1;-1;-1;-1;13;21;42;71;92;42;67;75;38;9.63;6.92;4.08;2.46;Shirak;Pyunik;1.93;1.93;2.25;1.92;1.88;2.22;88;79;59;29;8;48;36;23;0;0;0;134;28;Y;Y;N;N;N;N;N
43434;96;881;2014/2015;complete;192;25;-1;64;;1;0;1;6;3;9;0;1;3;1;0;0;4;3;6;5;10;8;18;11;49;51;3;1;0;0;0;0;0;0;0;0;0;0;0;0;0;0;0;0;0;0;0;0;0;0;0;0;0;0;0;0;0;0;0;0;0;0;0;0;0;0;0;0;0;0;0;0;0;0;0;0;0;0;0;0;0;0;0;0;0;0;0;0;0;0;0;0;0;0;0;0;1;0;0;1;0;1;0;2015-05-10 10:40:00;96;0;39;4;22;0;-1;1;-1;-1;-1;-1;-1;-1;1;0;2;1;1;3;-1;0;0;0;0;0;0;0;1;0;1;0;0;0;1;1;0;0;-1;-1;0;0;-1;-1;-1;-1;-1;-1;-1;-1;-1;18;18;22;70;92;27;66;78;31;7.92;6.56;4.16;2.42;Alashkert;Gandzasar;1.71;0.71;1.5;0.91;1.17;1.22;83;83;78;30;9;39;29;29;0;0;0;134;28;Y;N;N;N;N;N;N
43435;881;883;2014/2015;complete;192;26;-1;32,34,47;10,69,85;3;3;6;-1;-1;-1;-1;-1;1;3;0;1;-1;-1;-1;-1;-1;-1;-1;-1;-1;-1;1;5;0;0;0;0;0;0;0;0;0;0;0;0;0;0;0;0;0;0;0;0;0;0;0;0;0;0;0;0;0;0;0;0;0;0;0;0;0;0;0;0;0;0;0;0;0;0;0;0;0;0;0;0;0;0;0;0;0;0;0;0;0;0;0;0;0;0;0;0;6;2;1;1;2;3;3;2015-05-16 13:00:00;-1;0;50;13;25;0;-1;1;-1;-1;-1;-1;-1;-1;0;2;1;2;2;3;-1;0;0;0;0;0;0;0;1;0;1;0;0;0;1;1;0;1;-1;-1;0;0;-1;-1;-1;-1;-1;-1;-1;-1;-1;17;29;50;71;88;25;63;84;55;9.49;2.42;3.48;2.84;Gandzasar;Shirak;1.36;1.57;1.5;1.5;1.17;1.8;83;71;50;29;13;61;55;41;0;0;0;134;28;Y;Y;Y;Y;Y;Y;Y
43436;886;96;2014/2015;complete;192;26;-1;28,48;8,76;2;2;4;2;1;3;0;9;3;3;0;0;6;6;8;7;14;13;18;16;50;50;3;3;0;0;0;0;0;0;0;0;0;0;0;0;0;0;0;0;0;0;0;0;0;0;0;0;0;0;0;0;0;0;0;0;0;0;0;0;0;0;0;0;0;0;0;0;0;0;0;0;0;0;0;0;0;0;0;0;0;0;0;0;0;0;0;0;0;0;0;0;4;1;1;1;1;2;2;2015-05-16 13:35:00;-1;0;58;17;38;0;-1;1;-1;-1;-1;-1;-1;-1;0;2;3;1;2;4;-1;0;0;0;0;0;0;0;0;0;0;0;0;0;1;1;0;1;-1;-1;0;0;-1;-1;-1;-1;-1;-1;-1;-1;-1;21;29;50;67;88;34;67;75;46;8.1;2.84;4.83;2.79;Ulisses;Alashkert;1.93;1;2.17;0.83;1.84;1.24;79;71;50;33;13;40;26;13;0;0;0;134;28;Y;Y;Y;Y;N;N;Y
43437;887;885;2014/2015;complete;192;26;-1;18,27,61;;3;0;3;4;6;10;2;6;1;2;1;0;3;5;6;4;9;9;20;13;44;56;2;2;0;0;0;0;0;0;0;0;0;0;0;0;0;0;0;0;0;0;0;0;0;0;0;0;0;0;0;0;0;0;0;0;0;0;0;0;0;0;0;0;0;0;0;0;0;0;0;0;0;0;0;0;0;0;0;0;0;0;0;0;0;0;0;0;0;0;0;0;3;2;0;1;0;1;2;2015-05-17 13:35:00;887;0;59;13;25;0;-1;1;-1;-1;-1;-1;-1;-1;0;1;2;1;1;3;-1;0;0;0;0;0;0;0;1;0;1;0;0;0;1;1;0;0;-1;-1;0;0;-1;-1;-1;-1;-1;-1;-1;-1;-1;9;46;55;83;92;50;71;88;46;6.3;4;4.25;2.84;Mika;Ararat;1.64;0.36;1.67;0.17;1.36;0.36;92;55;46;17;8;38;33;23;0;0;0;134;28;Y;Y;Y;N;N;N;N
43438;882;884;2014/2015;complete;192;26;-1;28;8,14;1;2;3;-1;-1;-1;-1;-1;1;1;0;0;-1;-1;-1;-1;-1;-1;-1;-1;-1;-1;1;1;0;0;0;0;0;0;0;0;0;0;0;0;0;0;0;0;0;0;0;0;0;0;0;0;0;0;0;0;0;0;0;0;0;0;0;0;0;0;0;0;0;0;0;0;0;0;0;0;0;0;0;0;0;0;0;0;0;0;0;0;0;0;0;0;0;0;0;0;3;1;2;0;0;0;3;2015-05-17 15:00:00;884;0;43;21;22;0;-1;1;-1;-1;-1;-1;-1;-1;0;0;1;1;0;2;-1;0;0;0;0;0;0;0;0;0;0;0;0;0;1;1;0;1;-1;-1;0;0;-1;-1;-1;-1;-1;-1;-1;-1;-1;13;44;57;79;96;53;79;83;39;9.6;5.33;3.74;3.13;Pyunik;Banants;2.43;0.79;2.55;0.67;2.25;1.04;87;57;43;22;4;42;20;15;0;0;0;134;28;Y;Y;Y;N;N;N;Y
43439;882;881;2014/2015;complete;192;16;-1;3,67,71;63;3;1;4;4;3;7;2;1;4;2;0;0;5;3;5;6;10;9;21;12;53;47;4;2;0;0;0;0;0;0;0;0;0;0;0;0;0;0;0;0;0;0;0;0;0;0;0;0;0;0;0;0;0;0;0;0;0;0;0;0;0;0;0;0;0;0;0;0;0;0;0;0;0;0;0;0;0;0;0;0;0;0;0;0;0;0;0;0;0;0;0;0;4;1;0;2;1;3;1;2015-05-20 15:00:00;882;0;38;9;25;0;-1;1;-1;-1;-1;-1;-1;-1;1;0;3;2;1;5;-1;0;0;0;0;0;0;0;0;0;0;0;0;0;1;1;1;0;-1;-1;0;0;-1;-1;-1;-1;-1;-1;-1;-1;-1;21;34;46;75;96;50;75;79;33;8.36;5.16;3.58;2.96;Pyunik;Gandzasar;2.43;0.71;2.33;0.83;2.16;1.16;79;67;54;25;4;49;18;18;0;0;0;134;28;Y;Y;Y;Y;N;N;Y
43440;885;882;2014/2015;complete;192;27;-1;13,41;15,70;2;2;4;4;4;8;0;1;4;1;0;0;4;4;2;9;6;13;14;16;36;64;4;1;0;0;0;0;0;0;0;0;0;0;0;0;0;0;0;0;0;0;0;0;0;0;0;0;0;0;0;0;0;0;0;0;0;0;0;0;0;0;0;0;0;0;0;0;0;0;0;0;0;0;0;0;0;0;0;0;0;0;0;0;0;0;0;0;0;0;0;0;4;2;1;0;1;1;3;2015-05-23 13:00:00;-1;0;50;27;35;0;-1;1;-1;-1;-1;-1;-1;-1;0;1;4;0;1;4;-1;0;0;0;0;0;0;0;0;1;0;1;0;0;1;1;0;0;-1;-1;0;0;-1;-1;-1;-1;-1;-1;-1;-1;-1;23;31;54;77;96;35;62;92;54;8.68;5.07;3.63;3.16;Ararat;Pyunik;0.57;1.93;0.54;2;0.35;2.19;77;70;46;23;4;42;42;25;0;0;0;134;28;Y;Y;Y;Y;N;N;Y
43441;887;886;2014/2015;complete;192;27;-1;73;3,20;1;2;3;-1;-1;-1;-1;-1;1;2;0;0;-1;-1;-1;-1;-1;-1;-1;-1;-1;-1;1;2;0;0;0;0;0;0;0;0;0;0;0;0;0;0;0;0;0;0;0;0;0;0;0;0;0;0;0;0;0;0;0;0;0;0;0;0;0;0;0;0;0;0;0;0;0;0;0;0;0;0;0;0;0;0;0;0;0;0;0;0;0;0;0;0;0;0;0;0;3;0;2;1;0;1;2;2015-05-23 13:35:00;886;0;46;8;23;0;-1;1;-1;-1;-1;-1;-1;-1;1;1;0;1;2;1;-1;0;0;0;0;0;0;0;0;0;0;0;0;0;1;1;0;1;-1;-1;0;0;-1;-1;-1;-1;-1;-1;-1;-1;-1;4;23;46;81;89;42;66;74;43;7.55;4.31;4.39;2.43;Mika;Ulisses;1.64;1.64;1.77;1.54;1.42;1.81;96;77;54;19;12;55;32;14;0;0;0;134;28;Y;Y;Y;N;N;N;Y
43442;884;881;2014/2015;complete;192;27;-1;10,61;;2;0;2;-1;-1;-1;-1;-1;3;2;1;0;-1;-1;-1;-1;-1;-1;-1;-1;-1;-1;4;2;0;0;0;0;0;0;0;0;0;0;0;0;0;0;0;0;0;0;0;0;0;0;0;0;0;0;0;0;0;0;0;0;0;0;0;0;0;0;0;0;0;0;0;0;0;0;0;0;0;0;0;0;0;0;0;0;0;0;0;0;0;0;0;0;0;0;0;0;2;1;0;1;0;1;1;2015-05-24 13:00:00;884;0;46;12;31;0;-1;1;-1;-1;-1;-1;-1;-1;1;0;3;2;1;5;-1;0;0;0;0;0;0;0;1;0;1;0;0;0;1;1;1;0;-1;-1;0;0;-1;-1;-1;-1;-1;-1;-1;-1;-1;23;31;43;77;92;43;69;85;42;9.42;3.84;3.93;3.04;Banants;Gandzasar;1.5;0.71;1.38;0.77;1.12;1.12;77;69;58;23;8;46;33;25;0;0;0;134;28;Y;Y;N;N;N;N;N
43443;883;96;2014/2015;complete;192;27;-1;;51,90;0;2;2;5;4;9;3;0;1;0;0;0;2;5;5;7;7;12;15;16;62;38;1;0;0;0;0;0;0;0;0;0;0;0;0;0;0;0;0;0;0;0;0;0;0;0;0;0;0;0;0;0;0;0;0;0;0;0;0;0;0;0;0;0;0;0;0;0;0;0;0;0;0;0;0;0;0;0;0;0;0;0;0;0;0;0;0;0;0;0;0;0;2;0;0;0;2;2;0;2015-05-24 13:00:00;96;0;47;16;23;0;-1;1;-1;-1;-1;-1;-1;-1;0;0;1;0;0;1;-1;0;0;0;0;0;0;0;0;0;0;0;0;0;1;1;0;0;-1;-1;0;0;-1;-1;-1;-1;-1;-1;-1;-1;-1;16;31;39;73;92;46;70;70;43;8.9;6;4.92;2.58;Shirak;Alashkert;1.93;1;2.08;0.85;1.77;1.23;85;70;62;27;8;39;27;22;0;0;0;134;28;Y;Y;N;N;N;N;N
43444;96;884;2014/2015;complete;192;28;-1;27,44,80;78;3;1;4;9;0;9;8;0;0;0;0;0;6;3;9;5;15;8;11;7;55;45;0;0;0;0;0;0;0;0;0;0;0;0;0;0;0;0;0;0;0;0;0;0;0;0;0;0;0;0;0;0;0;0;0;0;0;0;0;0;0;0;0;0;0;0;0;0;0;0;0;0;0;0;0;0;0;0;0;0;0;0;0;0;0;0;0;0;0;0;0;0;4;2;0;1;1;2;2;2015-05-30 12:30:00;96;0;47;23;16;0;-1;-1;-1;-1;-1;-1;-1;-1;0;0;0;0;0;0;-1;0;0;0;0;0;0;0;0;0;0;0;0;0;1;1;0;0;-1;-1;-1;-1;-1;-1;-1;-1;-1;-1;-1;-1;-1;8;23;35;70;92;31;66;77;31;9.22;5.69;4.16;2.47;Alashkert;Banants;1.71;0.79;1.62;0.85;1.3;1.19;92;77;66;31;8;37;28;23;0;0;0;134;28;Y;Y;Y;Y;N;N;Y
43445;881;885;2014/2015;complete;192;28;-1;;36,52,89;0;3;3;-1;-1;-1;-1;-1;2;1;0;0;-1;-1;-1;-1;-1;-1;-1;-1;-1;-1;2;1;0;0;0;0;0;0;0;0;0;0;0;0;0;0;0;0;0;0;0;0;0;0;0;0;0;0;0;0;0;0;0;0;0;0;0;0;0;0;0;0;0;0;0;0;0;0;0;0;0;0;0;0;0;0;0;0;0;0;0;0;0;0;0;0;0;0;0;0;3;0;1;0;2;2;1;2015-05-30 12:30:00;885;0;38;19;12;0;-1;1;-1;-1;-1;-1;-1;-1;2;1;0;0;3;0;-1;0;0;0;0;0;0;0;0;0;0;0;0;0;1;1;0;0;-1;-1;1;0;-1;-1;-1;-1;-1;-1;-1;-1;-1;19;43;58;70;85;50;70;81;39;8.75;2.62;4.15;2.85;Gandzasar;Ararat;1.36;0.36;1.46;0.15;1.07;0.37;81;58;43;31;16;52;52;40;0;0;0;134;28;Y;Y;Y;N;N;N;N
43446;882;887;2014/2015;complete;192;28;-1;32,60,81;27,70;3;2;5;-1;-1;-1;-1;-1;3;8;1;0;-1;-1;-1;-1;-1;-1;-1;-1;-1;-1;5;8;0;0;0;0;0;0;0;0;0;0;0;0;0;0;0;0;0;0;0;0;0;0;0;0;0;0;0;0;0;0;0;0;0;0;0;0;0;0;0;0;0;0;0;0;0;0;0;0;0;0;0;0;0;0;0;0;0;0;0;0;0;0;0;0;0;0;0;0;5;1;1;2;1;3;2;2015-05-30 12:30:00;882;0;31;8;16;0;-1;1;-1;-1;-1;-1;-1;-1;0;1;4;7;1;11;-1;0;0;0;0;0;0;0;0;0;0;0;0;0;1;1;0;0;-1;-1;0;1;-1;-1;-1;-1;-1;-1;-1;-1;-1;12;31;50;74;93;39;77;81;31;9;4.23;4.38;2.62;Pyunik;Mika;2.43;1;2.38;1.08;2.15;1.37;89;70;50;27;8;40;20;20;0;0;0;134;28;Y;Y;Y;Y;Y;N;Y
43447;886;883;2014/2015;complete;192;28;-1;;29,42,65,85;0;4;4;-1;-1;-1;-1;-1;1;2;0;0;-1;-1;-1;-1;-1;-1;-1;-1;-1;-1;1;2;0;0;0;0;0;0;0;0;0;0;0;0;0;0;0;0;0;0;0;0;0;0;0;0;0;0;0;0;0;0;0;0;0;0;0;0;0;0;0;0;0;0;0;0;0;0;0;0;0;0;0;0;0;0;0;0;0;0;0;0;0;0;0;0;0;0;0;0;4;0;2;0;2;2;2;2015-05-30 13:35:00;883;0;66;19;46;0;-1;1;-1;-1;-1;-1;-1;-1;0;1;1;1;1;2;-1;0;0;0;0;0;0;0;0;0;0;0;0;0;1;1;0;0;-1;-1;0;0;-1;-1;-1;-1;-1;-1;-1;-1;-1;19;35;62;81;93;31;77;89;58;7.76;1.62;4.54;3.27;Ulisses;Shirak;1.93;1.57;2.08;1.46;1.85;1.7;81;66;38;20;8;50;32;19;0;0;0;134;28;Y;Y;Y;Y;N;N;N
