ID;HOMEID;AWAYID;SEASON;STATUS;ROUNDID;GAME_WEEK;REVISED_GAME_WEEK;HOMEGOALS;AWAYGOALS;HOMEGOALCOUNT;AWAYGOALCOUNT;TOTALGOALCOUNT;TEAM_A_CORNERS;TEAM_B_CORNERS;TOTALCORNERCOUNT;TEAM_A_OFFSIDES;TEAM_B_OFFSIDES;TEAM_A_YELLOW_CARDS;TEAM_B_YELLOW_CARDS;TEAM_A_RED_CARDS;TEAM_B_RED_CARDS;TEAM_A_SHOTSONTARGET;TEAM_B_SHOTSONTARGET;TEAM_A_SHOTSOFFTARGET;TEAM_B_SHOTSOFFTARGET;TEAM_A_SHOTS;TEAM_B_SHOTS;TEAM_A_FOULS;TEAM_B_FOULS;TEAM_A_POSSESSION;TEAM_B_POSSESSION;TEAM_A_CARDS_NUM;TEAM_B_CARDS_NUM;ODDS_FT_1;ODDS_FT_X;ODDS_FT_2;ODDS_FT_OVER05;ODDS_FT_OVER15;ODDS_FT_OVER25;ODDS_FT_OVER35;ODDS_FT_OVER45;ODDS_FT_UNDER05;ODDS_FT_UNDER15;ODDS_FT_UNDER25;ODDS_FT_UNDER35;ODDS_FT_UNDER45;ODDS_BTTS_YES;ODDS_BTTS_NO;ODDS_TEAM_A_CS_YES;ODDS_TEAM_A_CS_NO;ODDS_TEAM_B_CS_YES;ODDS_TEAM_B_CS_NO;ODDS_DOUBLECHANCE_1X;ODDS_DOUBLECHANCE_12;ODDS_DOUBLECHANCE_X2;ODDS_1ST_HALF_RESULT_1;ODDS_1ST_HALF_RESULT_X;ODDS_1ST_HALF_RESULT_2;ODDS_2ND_HALF_RESULT_1;ODDS_2ND_HALF_RESULT_X;ODDS_2ND_HALF_RESULT_2;ODDS_DNB_1;ODDS_DNB_2;ODDS_CORNERS_OVER_75;ODDS_CORNERS_OVER_85;ODDS_CORNERS_OVER_95;ODDS_CORNERS_OVER_105;ODDS_CORNERS_OVER_115;ODDS_CORNERS_UNDER_75;ODDS_CORNERS_UNDER_85;ODDS_CORNERS_UNDER_95;ODDS_CORNERS_UNDER_105;ODDS_CORNERS_UNDER_115;ODDS_CORNERS_1;ODDS_CORNERS_X;ODDS_CORNERS_2;ODDS_TEAM_TO_SCORE_FIRST_1;ODDS_TEAM_TO_SCORE_FIRST_X;ODDS_TEAM_TO_SCORE_FIRST_2;ODDS_WIN_TO_NIL_1;ODDS_WIN_TO_NIL_2;ODDS_1ST_HALF_OVER05;ODDS_1ST_HALF_OVER15;ODDS_1ST_HALF_OVER25;ODDS_1ST_HALF_OVER35;ODDS_1ST_HALF_UNDER05;ODDS_1ST_HALF_UNDER15;ODDS_1ST_HALF_UNDER25;ODDS_1ST_HALF_UNDER35;ODDS_2ND_HALF_OVER05;ODDS_2ND_HALF_OVER15;ODDS_2ND_HALF_OVER25;ODDS_2ND_HALF_OVER35;ODDS_2ND_HALF_UNDER05;ODDS_2ND_HALF_UNDER15;ODDS_2ND_HALF_UNDER25;ODDS_2ND_HALF_UNDER35;ODDS_BTTS_1ST_HALF_YES;ODDS_BTTS_1ST_HALF_NO;ODDS_BTTS_2ND_HALF_YES;ODDS_BTTS_2ND_HALF_NO;OVERALLGOALCOUNT;HT_GOALS_TEAM_A;HT_GOALS_TEAM_B;GOALS_2HG_TEAM_A;GOALS_2HG_TEAM_B;GOALCOUNT_2HG;HTGOALCOUNT;DATE_UNIX;WINNINGTEAM;NO_HOME_AWAY;BTTS_POTENTIAL;BTTS_FHG_POTENTIAL;BTTS_2HG_POTENTIAL;GOALTIMINGDISABLED;CORNER_TIMINGS_RECORDED;CARD_TIMINGS_RECORDED;TEAM_A_FH_CORNERS;TEAM_B_FH_CORNERS;TEAM_A_2H_CORNERS;TEAM_B_2H_CORNERS;CORNER_FH_COUNT;CORNER_2H_COUNT;TEAM_A_FH_CARDS;TEAM_B_FH_CARDS;TEAM_A_2H_CARDS;TEAM_B_2H_CARDS;TOTAL_FH_CARDS;TOTAL_2H_CARDS;ATTACKS_RECORDED;TEAM_A_DANGEROUS_ATTACKS;TEAM_B_DANGEROUS_ATTACKS;TEAM_A_ATTACKS;TEAM_B_ATTACKS;TEAM_A_XG;TEAM_B_XG;TOTAL_XG;TEAM_A_PENALTIES_WON;TEAM_B_PENALTIES_WON;TEAM_A_PENALTY_GOALS;TEAM_B_PENALTY_GOALS;TEAM_A_PENALTY_MISSED;TEAM_B_PENALTY_MISSED;PENS_RECORDED;GOAL_TIMINGS_RECORDED;TEAM_A_0_10_MIN_GOALS;TEAM_B_0_10_MIN_GOALS;TEAM_A_CORNERS_0_10_MIN;TEAM_B_CORNERS_0_10_MIN;TEAM_A_CARDS_0_10_MIN;TEAM_B_CARDS_0_10_MIN;THROWINS_RECORDED;TEAM_A_THROWINS;TEAM_B_THROWINS;FREEKICKS_RECORDED;TEAM_A_FREEKICKS;TEAM_B_FREEKICKS;GOALKICKS_RECORDED;TEAM_A_GOALKICKS;TEAM_B_GOALKICKS;O45_POTENTIAL;O35_POTENTIAL;O25_POTENTIAL;O15_POTENTIAL;O05_POTENTIAL;O15HT_POTENTIAL;O05HT_POTENTIAL;O05_2H_POTENTIAL;O15_2H_POTENTIAL;CORNERS_POTENTIAL;OFFSIDES_POTENTIAL;CARDS_POTENTIAL;AVG_POTENTIAL;HOME_NAME;AWAY_NAME;HOME_PPG;AWAY_PPG;PRE_MATCH_HOME_PPG;PRE_MATCH_AWAY_PPG;PRE_MATCH_TEAMA_OVERALL_PPG;PRE_MATCH_TEAMB_OVERALL_PPG;U45_POTENTIAL;U35_POTENTIAL;U25_POTENTIAL;U15_POTENTIAL;U05_POTENTIAL;CORNERS_O85_POTENTIAL;CORNERS_O95_POTENTIAL;CORNERS_O105_POTENTIAL;TEAM_A_XG_PREMATCH;TEAM_B_XG_PREMATCH;TOTAL_XG_PREMATCH;COMPETITION_ID;MATCHES_COMPLETED_MINIMUM;OVER05;OVER15;OVER25;OVER35;OVER45;OVER55;BTTS
43246;883;882;2016/2017;complete;191;1;-1;21,45,90;61;3;1;4;8;5;13;2;1;5;1;1;0;2;0;3;8;5;8;21;8;46;54;6;1;0;0;0;0;0;0;0;0;0;0;0;0;0;0;0;0;0;0;0;0;0;0;0;0;0;0;0;0;0;0;0;0;0;0;0;0;0;0;0;0;0;0;0;0;0;0;0;0;0;0;0;0;0;0;0;0;0;0;0;0;0;0;0;0;0;0;0;0;4;2;0;1;1;2;2;2016-08-06 13:30:00;883;0;0;0;0;0;-1;1;-1;-1;-1;-1;-1;-1;3;0;3;1;3;4;-1;0;0;0;0;0;0;0;0;1;0;1;0;0;1;1;0;0;-1;-1;0;0;-1;-1;-1;-1;-1;-1;-1;-1;-1;0;0;0;0;0;0;0;0;0;0;0;0;0;Shirak;Pyunik;1.6;1.53;0;0;0;0;0;0;0;0;0;0;0;0;0;0;0;133;30;Y;Y;Y;Y;N;N;Y
43247;884;885;2016/2017;complete;191;1;-1;57;;1;0;1;5;3;8;0;2;1;3;0;0;4;4;5;2;9;6;11;23;43;57;1;3;0;0;0;0;0;0;0;0;0;0;0;0;0;0;0;0;0;0;0;0;0;0;0;0;0;0;0;0;0;0;0;0;0;0;0;0;0;0;0;0;0;0;0;0;0;0;0;0;0;0;0;0;0;0;0;0;0;0;0;0;0;0;0;0;0;0;0;0;1;0;0;1;0;1;0;2016-08-06 14:00:00;884;0;0;0;0;0;-1;1;-1;-1;-1;-1;-1;-1;1;2;0;1;3;1;-1;0;0;0;0;0;0;0;0;0;0;0;0;0;1;1;0;0;-1;-1;0;0;-1;-1;-1;-1;-1;-1;-1;-1;-1;0;0;0;0;0;0;0;0;0;0;0;0;0;Banants;Ararat;0.8;0.27;0;0;0;0;0;0;0;0;0;0;0;0;0;0;0;133;30;Y;N;N;N;N;N;N
43248;96;881;2016/2017;complete;191;1;-1;;;0;0;0;12;6;18;0;3;2;1;0;0;6;2;8;4;14;6;18;13;58;42;2;1;0;0;0;0;0;0;0;0;0;0;0;0;0;0;0;0;0;0;0;0;0;0;0;0;0;0;0;0;0;0;0;0;0;0;0;0;0;0;0;0;0;0;0;0;0;0;0;0;0;0;0;0;0;0;0;0;0;0;0;0;0;0;0;0;0;0;0;0;0;0;0;0;0;0;0;2016-08-07 14:00:00;-1;0;0;0;0;0;-1;1;-1;-1;-1;-1;-1;-1;0;0;2;1;0;3;-1;0;0;0;0;0;0;0;0;0;0;0;0;0;1;1;0;0;-1;-1;0;0;-1;-1;-1;-1;-1;-1;-1;-1;-1;0;0;0;0;0;0;0;0;0;0;0;0;0;Alashkert;Gandzasar;1.73;1.73;0;0;0;0;0;0;0;0;0;0;0;0;0;0;0;133;30;N;N;N;N;N;N;N
43249;881;885;2016/2017;complete;191;2;-1;31,42;;2;0;2;3;0;3;1;0;1;1;0;0;5;3;5;1;10;4;15;13;51;49;1;1;0;0;0;0;0;0;0;0;0;0;0;0;0;0;0;0;0;0;0;0;0;0;0;0;0;0;0;0;0;0;0;0;0;0;0;0;0;0;0;0;0;0;0;0;0;0;0;0;0;0;0;0;0;0;0;0;0;0;0;0;0;0;0;0;0;0;0;0;2;2;0;0;0;0;2;2016-08-13 13:30:00;881;0;0;0;0;0;-1;1;-1;-1;-1;-1;-1;-1;1;0;0;1;1;1;-1;0;0;0;0;0;0;0;0;0;0;0;0;0;1;1;0;0;-1;-1;0;0;-1;-1;-1;-1;-1;-1;-1;-1;-1;0;0;0;0;50;0;0;50;0;3;2;3;0.5;Gandzasar;Ararat;2.07;0.27;0;0;1;0;50;50;50;50;0;0;0;0;0;0;0;133;30;Y;Y;N;N;N;N;N
43250;882;96;2016/2017;complete;191;2;-1;25;20,62;1;2;3;5;2;7;4;3;4;3;1;0;6;4;3;4;9;8;21;14;51;49;6;3;0;0;0;0;0;0;0;0;0;0;0;0;0;0;0;0;0;0;0;0;0;0;0;0;0;0;0;0;0;0;0;0;0;0;0;0;0;0;0;0;0;0;0;0;0;0;0;0;0;0;0;0;0;0;0;0;0;0;0;0;0;0;0;0;0;0;0;0;3;1;1;0;1;1;2;2016-08-13 15:00:00;96;0;0;0;0;0;-1;1;-1;-1;-1;-1;-1;-1;2;1;3;2;3;5;-1;0;0;0;0;0;0;0;0;0;0;0;0;0;1;1;0;0;-1;-1;0;0;-1;-1;-1;-1;-1;-1;-1;-1;-1;0;0;0;0;0;0;0;0;0;0;0;0;0;Pyunik;Alashkert;1.47;2.53;0;0;0;1;0;0;0;0;0;0;0;0;0;0;0;133;30;Y;Y;Y;N;N;N;Y
43251;884;883;2016/2017;complete;191;2;-1;;90;0;1;1;6;5;11;0;0;1;2;0;0;3;2;4;1;7;3;10;15;54;46;1;2;0;0;0;0;0;0;0;0;0;0;0;0;0;0;0;0;0;0;0;0;0;0;0;0;0;0;0;0;0;0;0;0;0;0;0;0;0;0;0;0;0;0;0;0;0;0;0;0;0;0;0;0;0;0;0;0;0;0;0;0;0;0;0;0;0;0;0;0;1;0;0;0;1;1;0;2016-08-14 14:00:00;883;0;0;0;0;0;-1;1;-1;-1;-1;-1;-1;-1;1;1;0;1;2;1;-1;0;0;0;0;0;0;0;0;0;0;0;0;0;1;1;0;0;-1;-1;0;0;-1;-1;-1;-1;-1;-1;-1;-1;-1;0;0;0;0;50;0;0;50;0;5;0;1;0.5;Banants;Shirak;0.8;1.93;3;0;3;3;50;50;50;50;0;0;0;0;0;0;0;133;30;Y;N;N;N;N;N;N
43252;883;885;2016/2017;complete;191;3;-1;86;;1;0;1;3;3;6;2;1;1;1;0;0;5;3;9;5;14;8;13;13;47;53;1;1;0;0;0;0;0;0;0;0;0;0;0;0;0;0;0;0;0;0;0;0;0;0;0;0;0;0;0;0;0;0;0;0;0;0;0;0;0;0;0;0;0;0;0;0;0;0;0;0;0;0;0;0;0;0;0;0;0;0;0;0;0;0;0;0;0;0;0;0;1;0;0;1;0;1;0;2016-08-20 13:00:00;883;0;50;0;50;0;-1;1;-1;-1;-1;-1;-1;-1;0;0;1;1;0;2;-1;0;0;0;0;0;0;0;0;0;0;0;0;0;1;1;0;0;-1;-1;0;0;-1;-1;-1;-1;-1;-1;-1;-1;-1;0;50;50;75;100;75;75;75;50;9.5;3;8;2.75;Shirak;Ararat;1.6;0.27;3;0;3;0;100;50;50;25;0;50;50;50;0;0;0;133;30;Y;N;N;N;N;N;N
43253;96;884;2016/2017;complete;191;3;-1;47,76,83;;3;0;3;3;0;3;8;2;2;1;0;0;4;2;7;7;11;9;16;8;55;45;2;1;0;0;0;0;0;0;0;0;0;0;0;0;0;0;0;0;0;0;0;0;0;0;0;0;0;0;0;0;0;0;0;0;0;0;0;0;0;0;0;0;0;0;0;0;0;0;0;0;0;0;0;0;0;0;0;0;0;0;0;0;0;0;0;0;0;0;0;0;3;0;0;3;0;3;0;2016-08-21 13:00:00;96;0;0;0;0;0;-1;1;-1;-1;-1;-1;-1;-1;1;0;1;1;1;2;-1;0;0;0;0;0;0;0;0;0;0;0;0;0;1;1;0;0;-1;-1;0;0;-1;-1;-1;-1;-1;-1;-1;-1;-1;0;0;0;0;0;0;0;0;0;12;0;2;0;Alashkert;Banants;1.73;0.6;1;0;2;1.5;50;50;50;50;50;50;50;50;0;0;0;133;30;Y;Y;Y;N;N;N;N
43254;882;881;2016/2017;complete;191;3;-1;37,80,90;;3;0;3;6;3;9;3;3;4;4;0;1;2;2;9;0;11;2;15;12;57;43;4;5;0;0;0;0;0;0;0;0;0;0;0;0;0;0;0;0;0;0;0;0;0;0;0;0;0;0;0;0;0;0;0;0;0;0;0;0;0;0;0;0;0;0;0;0;0;0;0;0;0;0;0;0;0;0;0;0;0;0;0;0;0;0;0;0;0;0;0;0;3;1;0;2;0;2;1;2016-08-21 15:00:00;882;0;50;50;0;0;-1;1;-1;-1;-1;-1;-1;-1;0;3;4;2;3;6;-1;0;0;0;0;0;0;0;1;0;1;0;0;0;1;1;0;0;-1;-1;0;0;-1;-1;-1;-1;-1;-1;-1;-1;-1;0;0;50;50;50;50;50;50;0;11;7;7;1.5;Pyunik;Gandzasar;1.47;1.73;0;1;0;2;100;100;50;50;50;50;50;50;0;0;0;133;30;Y;Y;Y;N;N;N;N
43255;883;96;2016/2017;complete;191;4;-1;16,44;47,61;2;2;4;0;6;6;4;4;2;3;0;0;3;2;2;2;5;4;13;22;39;61;2;3;0;0;0;0;0;0;0;0;0;0;0;0;0;0;0;0;0;0;0;0;0;0;0;0;0;0;0;0;0;0;0;0;0;0;0;0;0;0;0;0;0;0;0;0;0;0;0;0;0;0;0;0;0;0;0;0;0;0;0;0;0;0;0;0;0;0;0;0;4;2;0;0;2;2;2;2016-08-27 13:00:00;-1;0;75;50;25;0;-1;1;-1;-1;-1;-1;-1;-1;0;2;2;1;2;3;-1;0;0;0;0;0;0;0;0;0;0;0;0;0;1;1;0;0;-1;-1;0;1;-1;-1;-1;-1;-1;-1;-1;-1;-1;0;25;75;75;100;75;75;100;25;7.5;5;6.5;2.75;Shirak;Alashkert;1.6;2.53;3;3;3;2.33;100;75;25;25;0;25;25;25;0;0;0;133;30;Y;Y;Y;Y;N;N;Y
43256;885;882;2016/2017;complete;191;4;-1;;;0;0;0;3;6;9;1;1;1;2;0;0;3;2;8;4;11;6;7;11;47;53;1;2;0;0;0;0;0;0;0;0;0;0;0;0;0;0;0;0;0;0;0;0;0;0;0;0;0;0;0;0;0;0;0;0;0;0;0;0;0;0;0;0;0;0;0;0;0;0;0;0;0;0;0;0;0;0;0;0;0;0;0;0;0;0;0;0;0;0;0;0;0;0;0;0;0;0;0;2016-08-27 15:00:00;-1;0;50;0;50;0;-1;1;-1;-1;-1;-1;-1;-1;1;1;0;1;2;1;-1;0;0;0;0;0;0;0;0;0;0;0;0;0;1;1;0;0;-1;-1;0;0;-1;-1;-1;-1;-1;-1;-1;-1;-1;0;50;50;50;50;50;50;50;50;5;1;1;2;Ararat;Pyunik;0.53;1.53;0;0;0;1;50;0;0;0;0;50;50;50;0;0;0;133;30;N;N;N;N;N;N;N
43257;884;881;2016/2017;complete;191;4;-1;5,24,61,67;66;4;1;5;3;3;6;5;5;2;3;0;1;6;5;6;5;12;10;16;11;54;46;2;5;0;0;0;0;0;0;0;0;0;0;0;0;0;0;0;0;0;0;0;0;0;0;0;0;0;0;0;0;0;0;0;0;0;0;0;0;0;0;0;0;0;0;0;0;0;0;0;0;0;0;0;0;0;0;0;0;0;0;0;0;0;0;0;0;0;0;0;0;5;2;0;2;1;3;2;2016-08-28 13:00:00;884;0;0;0;0;0;-1;1;-1;-1;-1;-1;-1;-1;1;1;1;3;2;4;-1;0;0;0;0;0;0;0;1;0;1;0;0;0;1;1;1;0;-1;-1;1;1;-1;-1;-1;-1;-1;-1;-1;-1;-1;0;0;25;25;75;0;25;75;25;10;3;4;1.25;Banants;Gandzasar;0.8;1.73;1.5;0.5;1;1.33;100;100;75;75;25;75;50;50;0;0;0;133;30;Y;Y;Y;Y;Y;N;Y
43258;96;885;2016/2017;complete;191;5;-1;46;6,55,76;1;3;4;6;3;9;1;3;1;4;0;0;8;5;5;5;13;10;10;19;64;36;1;4;0;0;0;0;0;0;0;0;0;0;0;0;0;0;0;0;0;0;0;0;0;0;0;0;0;0;0;0;0;0;0;0;0;0;0;0;0;0;0;0;0;0;0;0;0;0;0;0;0;0;0;0;0;0;0;0;0;0;0;0;0;0;0;0;0;0;0;0;4;0;1;1;2;3;1;2016-09-10 12:00:00;885;0;0;0;0;0;-1;1;-1;-1;-1;-1;-1;-1;0;1;1;3;1;4;-1;0;0;0;0;0;0;0;0;0;0;0;0;0;1;1;0;1;-1;-1;0;0;-1;-1;-1;-1;-1;-1;-1;-1;-1;0;0;25;42;75;17;17;59;25;9.5;5;3.67;1.42;Alashkert;Ararat;1.73;0.27;2;0;2;0.25;100;100;75;59;25;25;25;25;0;0;0;133;30;Y;Y;Y;Y;N;N;Y
43259;881;883;2016/2017;complete;191;5;-1;;88;0;1;1;5;2;7;0;0;4;4;0;0;7;5;4;3;11;8;20;17;46;54;4;4;0;0;0;0;0;0;0;0;0;0;0;0;0;0;0;0;0;0;0;0;0;0;0;0;0;0;0;0;0;0;0;0;0;0;0;0;0;0;0;0;0;0;0;0;0;0;0;0;0;0;0;0;0;0;0;0;0;0;0;0;0;0;0;0;0;0;0;0;1;0;0;0;1;1;0;2016-09-11 12:00:00;883;0;0;0;0;0;-1;1;-1;-1;-1;-1;-1;-1;1;2;3;2;3;5;-1;0;0;0;0;0;0;0;0;0;0;0;0;0;1;1;0;0;-1;-1;0;0;-1;-1;-1;-1;-1;-1;-1;-1;-1;0;0;0;50;100;50;50;50;0;8;1;3;1.5;Gandzasar;Shirak;2.07;1.93;3;3;1;2.5;100;100;100;50;0;50;50;50;0;0;0;133;30;Y;N;N;N;N;N;N
43260;882;884;2016/2017;complete;191;5;-1;31,90;69;2;1;3;2;2;4;3;1;3;4;0;0;7;3;7;2;14;5;9;17;39;61;3;4;0;0;0;0;0;0;0;0;0;0;0;0;0;0;0;0;0;0;0;0;0;0;0;0;0;0;0;0;0;0;0;0;0;0;0;0;0;0;0;0;0;0;0;0;0;0;0;0;0;0;0;0;0;0;0;0;0;0;0;0;0;0;0;0;0;0;0;0;3;1;0;1;1;2;1;2016-09-11 15:00:00;882;0;25;25;0;0;-1;1;-1;-1;-1;-1;-1;-1;1;0;2;4;1;6;-1;0;0;0;0;0;0;0;0;0;0;0;0;0;1;1;0;0;-1;-1;0;0;-1;-1;-1;-1;-1;-1;-1;-1;-1;0;0;100;100;100;25;50;100;75;5.5;5.5;6;3;Pyunik;Banants;1.47;0.6;1.5;0;1;1.5;100;100;0;0;0;25;0;0;0;0;0;133;30;Y;Y;Y;N;N;N;Y
43261;885;884;2016/2017;complete;191;6;-1;;3,76;0;2;2;3;1;4;2;4;4;2;0;0;3;6;6;4;9;10;15;9;51;49;4;2;0;0;0;0;0;0;0;0;0;0;0;0;0;0;0;0;0;0;0;0;0;0;0;0;0;0;0;0;0;0;0;0;0;0;0;0;0;0;0;0;0;0;0;0;0;0;0;0;0;0;0;0;0;0;0;0;0;0;0;0;0;0;0;0;0;0;0;0;2;0;1;0;1;1;1;2016-09-17 14:00:00;884;0;25;0;25;0;-1;1;-1;-1;-1;-1;-1;-1;2;2;2;0;4;2;-1;0;0;0;0;0;0;0;0;0;0;0;0;0;1;1;0;1;-1;-1;1;0;-1;-1;-1;-1;-1;-1;-1;-1;-1;0;0;50;50;50;0;25;50;50;4;2.5;3.5;1.5;Ararat;Banants;0.53;0.6;1;0;0.8;1.2;100;100;50;50;50;50;0;0;0;0;0;133;30;Y;Y;N;N;N;N;N
43262;881;96;2016/2017;complete;191;6;-1;;13,31;0;2;2;4;7;11;2;7;0;1;0;0;4;6;3;11;7;17;6;22;45;55;0;1;0;0;0;0;0;0;0;0;0;0;0;0;0;0;0;0;0;0;0;0;0;0;0;0;0;0;0;0;0;0;0;0;0;0;0;0;0;0;0;0;0;0;0;0;0;0;0;0;0;0;0;0;0;0;0;0;0;0;0;0;0;0;0;0;0;0;0;0;2;0;2;0;0;0;2;2016-09-18 12:00:00;96;0;50;25;0;0;-1;1;-1;-1;-1;-1;-1;-1;0;0;0;1;0;1;-1;0;0;0;0;0;0;0;0;0;0;0;0;0;1;1;0;0;-1;-1;0;0;-1;-1;-1;-1;-1;-1;-1;-1;-1;0;25;50;75;100;75;75;75;25;8;4;5.5;2.5;Gandzasar;Alashkert;2.07;2.53;1.5;2;0.8;1.6;100;75;50;25;0;0;0;0;0;0;0;133;30;Y;Y;N;N;N;N;N
43263;882;883;2016/2017;complete;191;6;-1;;;0;0;0;5;2;7;1;0;0;3;0;0;0;0;0;0;0;0;12;12;34;66;0;3;0;0;0;0;0;0;0;0;0;0;0;0;0;0;0;0;0;0;0;0;0;0;0;0;0;0;0;0;0;0;0;0;0;0;0;0;0;0;0;0;0;0;0;0;0;0;0;0;0;0;0;0;0;0;0;0;0;0;0;0;0;0;0;0;0;0;0;0;0;0;0;0;0;0;0;2016-09-18 14:00:00;-1;0;34;17;17;0;-1;1;-1;-1;-1;-1;-1;-1;0;1;0;2;1;2;-1;0;0;0;0;0;0;0;0;0;0;0;0;0;1;1;0;0;-1;-1;0;0;-1;-1;-1;-1;-1;-1;-1;-1;-1;0;0;50;50;100;17;50;100;34;7.83;3.33;7.33;2;Pyunik;Shirak;1.47;1.93;2;3;1.4;2.6;100;100;50;50;0;42;25;25;0;0;0;133;30;N;N;N;N;N;N;N
43264;885;881;2016/2017;complete;191;7;-1;;41,53;0;2;2;8;4;12;1;3;2;1;0;0;3;4;6;5;9;9;18;15;56;44;2;1;0;0;0;0;0;0;0;0;0;0;0;0;0;0;0;0;0;0;0;0;0;0;0;0;0;0;0;0;0;0;0;0;0;0;0;0;0;0;0;0;0;0;0;0;0;0;0;0;0;0;0;0;0;0;0;0;0;0;0;0;0;0;0;0;0;0;0;0;2;0;1;0;1;1;1;2016-09-25 14:00:00;881;0;17;0;17;0;-1;1;-1;-1;-1;-1;-1;-1;0;1;2;0;1;2;-1;0;0;0;0;0;0;0;0;1;0;1;0;0;1;1;0;0;-1;-1;0;0;-1;-1;-1;-1;-1;-1;-1;-1;-1;17;17;34;59;59;17;59;59;34;7;5.17;6.17;1.84;Ararat;Gandzasar;0.53;1.73;0.5;0.33;0.67;0.67;84;84;67;42;42;59;17;17;0;0;0;133;30;Y;Y;N;N;N;N;N
43265;96;882;2016/2017;complete;191;7;-1;;;0;0;0;3;2;5;5;1;2;1;0;0;5;2;7;4;12;6;15;7;62;38;2;1;0;0;0;0;0;0;0;0;0;0;0;0;0;0;0;0;0;0;0;0;0;0;0;0;0;0;0;0;0;0;0;0;0;0;0;0;0;0;0;0;0;0;0;0;0;0;0;0;0;0;0;0;0;0;0;0;0;0;0;0;0;0;0;0;0;0;0;0;0;0;0;0;0;0;0;2016-09-27 12:00:00;-1;0;42;0;42;0;-1;1;-1;-1;-1;-1;-1;-1;2;0;0;1;2;1;-1;0;0;0;0;0;0;0;0;0;0;0;0;0;1;1;0;0;-1;-1;0;0;-1;-1;-1;-1;-1;-1;-1;-1;-1;0;42;59;59;59;25;42;59;59;12.5;4;3.17;2.17;Alashkert;Pyunik;1.73;1.53;1.33;0.5;1.83;1.33;100;59;42;42;42;84;42;42;0;0;0;133;30;N;N;N;N;N;N;N
43266;883;884;2016/2017;complete;191;7;-1;;51;0;1;1;5;4;9;1;1;5;1;0;0;5;7;7;5;12;12;15;8;54;46;5;1;0;0;0;0;0;0;0;0;0;0;0;0;0;0;0;0;0;0;0;0;0;0;0;0;0;0;0;0;0;0;0;0;0;0;0;0;0;0;0;0;0;0;0;0;0;0;0;0;0;0;0;0;0;0;0;0;0;0;0;0;0;0;0;0;0;0;0;0;1;0;0;0;1;1;0;2016-09-27 12:00:00;884;0;50;0;33;0;-1;1;-1;-1;-1;-1;-1;-1;1;0;4;1;1;5;-1;0;0;0;0;0;0;0;0;0;0;0;0;0;1;1;0;0;-1;-1;0;0;-1;-1;-1;-1;-1;-1;-1;-1;-1;0;34;67;84;100;34;67;100;67;4.67;5;5.33;2.84;Shirak;Banants;1.6;0.6;2.33;1;2.33;1.5;100;67;33;17;0;17;17;17;0;0;0;133;30;Y;N;N;N;N;N;N
43267;881;882;2016/2017;complete;191;8;-1;12;;1;0;1;4;5;9;1;1;3;1;1;0;4;0;3;5;7;5;18;15;46;54;4;1;0;0;0;0;0;0;0;0;0;0;0;0;0;0;0;0;0;0;0;0;0;0;0;0;0;0;0;0;0;0;0;0;0;0;0;0;0;0;0;0;0;0;0;0;0;0;0;0;0;0;0;0;0;0;0;0;0;0;0;0;0;0;0;0;0;0;0;0;1;1;0;0;0;0;1;2016-10-01 12:00:00;881;0;17;0;17;0;-1;1;-1;-1;-1;-1;-1;-1;2;1;2;0;3;2;-1;0;0;0;0;0;0;0;0;0;0;0;0;0;1;1;0;0;-1;-1;0;0;-1;-1;-1;-1;-1;-1;-1;-1;-1;0;17;17;50;67;50;50;33;17;8.33;2;3;1.5;Gandzasar;Pyunik;2.07;1.53;1;0.67;1;1.29;100;84;84;50;34;50;33;33;0;0;0;133;30;Y;N;N;N;N;N;N
43268;885;883;2016/2017;complete;191;8;-1;;50;0;1;1;0;4;4;0;0;4;2;0;0;5;6;7;8;12;14;17;7;54;46;4;2;0;0;0;0;0;0;0;0;0;0;0;0;0;0;0;0;0;0;0;0;0;0;0;0;0;0;0;0;0;0;0;0;0;0;0;0;0;0;0;0;0;0;0;0;0;0;0;0;0;0;0;0;0;0;0;0;0;0;0;0;0;0;0;0;0;0;0;0;1;0;0;0;1;1;0;2016-10-01 14:00:00;883;0;0;0;0;0;-1;1;-1;-1;-1;-1;-1;-1;2;0;2;2;2;4;-1;0;0;0;0;0;0;0;0;0;0;0;0;0;1;1;0;0;-1;-1;0;0;-1;-1;-1;-1;-1;-1;-1;-1;-1;0;0;0;34;67;0;34;67;0;7.67;1.33;5.33;1;Ararat;Shirak;0.53;1.93;0.33;2.33;0.57;2;100;100;100;67;33;50;33;33;0;0;0;133;30;Y;N;N;N;N;N;N
43269;884;96;2016/2017;complete;191;8;-1;;17,37,69;0;3;3;4;1;5;4;8;1;4;0;0;4;6;9;3;13;9;8;21;61;39;1;4;0;0;0;0;0;0;0;0;0;0;0;0;0;0;0;0;0;0;0;0;0;0;0;0;0;0;0;0;0;0;0;0;0;0;0;0;0;0;0;0;0;0;0;0;0;0;0;0;0;0;0;0;0;0;0;0;0;0;0;0;0;0;0;0;0;0;0;0;3;0;2;0;1;1;2;2016-10-02 12:00:00;96;0;50;17;17;0;-1;1;-1;-1;-1;-1;-1;-1;0;2;1;2;2;3;-1;0;0;0;0;0;0;0;0;0;0;0;0;0;1;1;0;0;-1;-1;0;0;-1;-1;-1;-1;-1;-1;-1;-1;-1;17;33;50;67;100;67;67;84;33;9.67;6.34;3.66;2.67;Banants;Alashkert;0.8;2.53;2;2.33;1.71;1.71;84;67;50;34;0;33;33;33;0;0;0;133;30;Y;Y;Y;N;N;N;N
43270;881;884;2016/2017;complete;191;9;-1;11,14,28,50;;4;0;4;3;3;6;3;3;2;0;0;0;9;5;5;5;14;10;19;18;35;65;2;0;0;0;0;0;0;0;0;0;0;0;0;0;0;0;0;0;0;0;0;0;0;0;0;0;0;0;0;0;0;0;0;0;0;0;0;0;0;0;0;0;0;0;0;0;0;0;0;0;0;0;0;0;0;0;0;0;0;0;0;0;0;0;0;0;0;0;0;0;4;3;0;1;0;1;3;2016-10-15 10:00:00;881;0;13;0;13;0;-1;1;-1;-1;-1;-1;-1;-1;1;0;1;0;1;1;-1;0;0;0;0;0;0;0;0;0;0;0;0;0;1;1;0;0;-1;-1;0;0;-1;-1;-1;-1;-1;-1;-1;-1;-1;0;0;25;63;100;25;63;63;25;5.75;3;4.25;1.88;Gandzasar;Banants;2.07;0.6;1.5;1.5;1.25;1.5;100;100;75;38;0;38;13;13;0;0;0;133;30;Y;Y;Y;Y;N;N;N
43271;882;885;2016/2017;complete;191;9;-1;26,33,36,75;;4;0;4;6;2;8;1;1;1;1;0;0;8;0;5;5;13;5;10;10;55;45;1;1;0;0;0;0;0;0;0;0;0;0;0;0;0;0;0;0;0;0;0;0;0;0;0;0;0;0;0;0;0;0;0;0;0;0;0;0;0;0;0;0;0;0;0;0;0;0;0;0;0;0;0;0;0;0;0;0;0;0;0;0;0;0;0;0;0;0;0;0;4;3;0;1;0;1;3;2016-10-15 14:00:00;882;0;38;13;25;0;-1;1;-1;-1;-1;-1;-1;-1;1;0;0;1;1;1;-1;0;0;0;0;0;0;0;0;0;0;0;0;0;1;1;0;0;-1;-1;0;0;-1;-1;-1;-1;-1;-1;-1;-1;-1;0;13;50;63;88;25;63;75;38;6.75;4.25;5.5;2.13;Pyunik;Ararat;1.47;0.27;1.75;0.75;1.13;0.5;100;88;50;38;13;25;0;0;0;0;0;133;30;Y;Y;Y;Y;N;N;N
43272;96;883;2016/2017;complete;191;9;-1;33;75;1;1;2;2;4;6;3;5;3;0;0;0;5;5;7;5;12;10;15;11;59;41;3;0;0;0;0;0;0;0;0;0;0;0;0;0;0;0;0;0;0;0;0;0;0;0;0;0;0;0;0;0;0;0;0;0;0;0;0;0;0;0;0;0;0;0;0;0;0;0;0;0;0;0;0;0;0;0;0;0;0;0;0;0;0;0;0;0;0;0;0;0;2;1;0;0;1;1;1;2016-10-16 11:00:00;-1;0;13;0;13;0;-1;1;-1;-1;-1;-1;-1;-1;1;0;2;0;1;2;-1;0;0;0;0;0;0;0;1;0;1;0;0;0;1;1;0;0;-1;-1;0;0;-1;-1;-1;-1;-1;-1;-1;-1;-1;0;13;25;25;63;0;13;63;25;9.25;3.5;4.5;1.25;Alashkert;Shirak;1.73;1.93;1.25;2.5;1.88;2.13;100;88;75;75;38;38;25;25;0;0;0;133;30;Y;Y;N;N;N;N;Y
43273;883;881;2016/2017;complete;191;10;-1;47;;1;0;1;4;4;8;3;1;2;3;0;0;0;0;0;0;0;0;26;15;-1;-1;2;3;0;0;0;0;0;0;0;0;0;0;0;0;0;0;0;0;0;0;0;0;0;0;0;0;0;0;0;0;0;0;0;0;0;0;0;0;0;0;0;0;0;0;0;0;0;0;0;0;0;0;0;0;0;0;0;0;0;0;0;0;0;0;0;0;0;0;0;0;1;0;0;1;0;1;0;2016-10-22 11:00:00;883;0;38;0;25;0;-1;1;-1;-1;-1;-1;-1;-1;1;1;1;2;2;3;-1;0;0;0;0;0;0;0;0;0;0;0;0;0;1;1;0;0;-1;-1;0;0;-1;-1;-1;-1;-1;-1;-1;-1;-1;13;38;50;63;88;38;63;88;50;8;5.75;6.5;2.5;Shirak;Gandzasar;1.6;1.73;1.75;1;2;1.44;88;63;50;38;13;63;38;38;0;0;0;133;30;Y;N;N;N;N;N;N
43274;885;96;2016/2017;complete;191;10;-1;64;15,90;1;2;3;2;3;5;7;6;1;2;0;0;4;7;7;12;11;19;8;14;35;65;1;2;0;0;0;0;0;0;0;0;0;0;0;0;0;0;0;0;0;0;0;0;0;0;0;0;0;0;0;0;0;0;0;0;0;0;0;0;0;0;0;0;0;0;0;0;0;0;0;0;0;0;0;0;0;0;0;0;0;0;0;0;0;0;0;0;0;0;0;0;3;0;1;1;1;2;1;2016-10-22 14:00:00;96;0;25;13;0;0;-1;1;-1;-1;-1;-1;-1;-1;1;0;0;2;1;2;-1;0;0;0;0;0;0;0;0;0;0;0;0;0;1;1;0;0;-1;-1;0;0;-1;-1;-1;-1;-1;-1;-1;-1;-1;0;13;38;75;88;50;75;75;13;7.5;6.5;5.5;2.13;Ararat;Alashkert;0.53;2.53;0.25;2.5;0.44;1.78;100;88;63;25;13;38;25;25;0;0;0;133;30;Y;Y;Y;N;N;N;Y
43275;884;882;2016/2017;complete;191;10;-1;;27;0;1;1;0;3;3;1;3;3;2;0;0;6;3;7;1;13;4;17;16;55;45;3;2;0;0;0;0;0;0;0;0;0;0;0;0;0;0;0;0;0;0;0;0;0;0;0;0;0;0;0;0;0;0;0;0;0;0;0;0;0;0;0;0;0;0;0;0;0;0;0;0;0;0;0;0;0;0;0;0;0;0;0;0;0;0;0;0;0;0;0;0;1;0;1;0;0;0;1;2016-10-23 11:00:00;882;0;25;0;25;0;-1;1;-1;-1;-1;-1;-1;-1;2;0;1;2;2;3;-1;0;0;0;0;0;0;0;0;0;0;0;0;0;1;1;0;0;-1;-1;0;0;-1;-1;-1;-1;-1;-1;-1;-1;-1;13;25;38;38;75;38;50;63;25;9;3.25;2.5;1.88;Banants;Pyunik;0.8;1.53;1.5;0.5;1.33;1.33;88;75;63;63;25;50;25;25;0;0;0;133;30;Y;N;N;N;N;N;N
43276;884;885;2016/2017;complete;191;11;-1;;;0;0;0;0;4;4;1;3;3;1;0;0;3;0;5;4;8;4;15;13;59;41;3;1;0;0;0;0;0;0;0;0;0;0;0;0;0;0;0;0;0;0;0;0;0;0;0;0;0;0;0;0;0;0;0;0;0;0;0;0;0;0;0;0;0;0;0;0;0;0;0;0;0;0;0;0;0;0;0;0;0;0;0;0;0;0;0;0;0;0;0;0;0;0;0;0;0;0;0;2016-10-26 11:00:00;-1;0;20;0;20;0;-1;1;-1;-1;-1;-1;-1;-1;1;0;2;1;1;3;-1;0;0;0;0;0;0;0;0;0;0;0;0;0;1;1;0;0;-1;-1;0;0;-1;-1;-1;-1;-1;-1;-1;-1;-1;10;30;40;50;100;40;60;80;20;5.8;3.4;3.6;2.3;Banants;Ararat;0.8;0.27;1.2;0.6;1.2;0.4;90;70;60;50;0;20;10;10;0;0;0;133;30;N;N;N;N;N;N;N
43277;883;882;2016/2017;complete;191;11;-1;;41;0;1;1;9;5;14;2;0;1;0;0;0;4;4;12;6;16;10;11;10;60;40;1;0;0;0;0;0;0;0;0;0;0;0;0;0;0;0;0;0;0;0;0;0;0;0;0;0;0;0;0;0;0;0;0;0;0;0;0;0;0;0;0;0;0;0;0;0;0;0;0;0;0;0;0;0;0;0;0;0;0;0;0;0;0;0;0;0;0;0;0;0;1;0;1;0;0;0;1;2016-10-26 11:00:00;882;0;30;0;20;0;-1;1;-1;-1;-1;-1;-1;-1;0;0;1;0;0;1;-1;0;0;0;0;0;0;0;0;0;0;0;0;0;1;1;0;0;-1;-1;0;0;-1;-1;-1;-1;-1;-1;-1;-1;-1;0;30;30;30;80;30;50;60;30;8.2;3.8;4.6;1.7;Shirak;Pyunik;1.6;1.53;2;1;2.1;1.5;100;70;70;70;20;50;20;20;0;0;0;133;30;Y;N;N;N;N;N;N
43278;96;881;2016/2017;complete;191;11;-1;;13,61,68,89;0;4;4;6;8;14;3;1;4;2;0;0;5;8;4;4;9;12;15;11;59;41;4;2;0;0;0;0;0;0;0;0;0;0;0;0;0;0;0;0;0;0;0;0;0;0;0;0;0;0;0;0;0;0;0;0;0;0;0;0;0;0;0;0;0;0;0;0;0;0;0;0;0;0;0;0;0;0;0;0;0;0;0;0;0;0;0;0;0;0;0;0;4;0;1;0;3;3;1;2016-10-27 11:00:00;881;0;30;0;20;0;-1;1;-1;-1;-1;-1;-1;-1;2;1;2;1;3;3;-1;0;0;0;0;0;0;0;0;0;0;0;0;0;1;1;0;0;-1;-1;1;0;-1;-1;-1;-1;-1;-1;-1;-1;-1;10;20;40;60;70;10;50;70;40;9.2;6.4;5;2;Alashkert;Gandzasar;1.73;1.73;1.2;0.8;1.9;1.3;90;80;60;40;30;50;30;30;0;0;0;133;30;Y;Y;Y;Y;N;N;N
43279;884;883;2016/2017;complete;191;12;-1;22;6,45;1;2;3;2;2;4;0;4;5;4;0;0;5;7;6;1;11;8;15;20;57;43;5;4;0;0;0;0;0;0;0;0;0;0;0;0;0;0;0;0;0;0;0;0;0;0;0;0;0;0;0;0;0;0;0;0;0;0;0;0;0;0;0;0;0;0;0;0;0;0;0;0;0;0;0;0;0;0;0;0;0;0;0;0;0;0;0;0;0;0;0;0;3;1;2;0;0;0;3;2016-10-29 11:00:00;883;0;19;0;9;0;-1;1;-1;-1;-1;-1;-1;-1;4;1;1;3;5;4;-1;0;0;0;0;0;0;0;0;1;0;1;0;0;1;1;0;1;-1;-1;1;0;-1;-1;-1;-1;-1;-1;-1;-1;-1;9;9;17;27;82;17;35;74;9;6.4;2.83;4.03;1.42;Banants;Shirak;0.8;1.93;1.17;2.2;1.18;1.91;92;92;84;74;19;19;19;19;0;0;0;133;30;Y;Y;Y;N;N;N;Y
43280;881;885;2016/2017;complete;191;12;-1;74;;1;0;1;5;3;8;4;2;2;4;0;1;9;3;14;6;23;9;14;12;55;45;2;6;0;0;0;0;0;0;0;0;0;0;0;0;0;0;0;0;0;0;0;0;0;0;0;0;0;0;0;0;0;0;0;0;0;0;0;0;0;0;0;0;0;0;0;0;0;0;0;0;0;0;0;0;0;0;0;0;0;0;0;0;0;0;0;0;0;0;0;0;1;0;0;1;0;1;0;2016-10-30 11:00:00;881;0;9;0;9;0;-1;1;-1;-1;-1;-1;-1;-1;1;3;1;2;4;3;-1;0;0;0;0;0;0;0;0;0;0;0;0;0;1;1;0;0;-1;-1;0;0;-1;-1;-1;-1;-1;-1;-1;-1;-1;0;27;27;55;92;47;65;54;9;6.3;3.07;4.03;2;Gandzasar;Ararat;2.07;0.27;1.8;0.67;1.45;0.45;100;74;74;45;9;29;10;10;0;0;0;133;30;Y;N;N;N;N;N;N
43281;882;96;2016/2017;complete;191;12;-1;30,48;69;2;1;3;3;14;17;4;2;3;0;0;0;7;5;1;10;8;15;12;12;43;57;3;0;0;0;0;0;0;0;0;0;0;0;0;0;0;0;0;0;0;0;0;0;0;0;0;0;0;0;0;0;0;0;0;0;0;0;0;0;0;0;0;0;0;0;0;0;0;0;0;0;0;0;0;0;0;0;0;0;0;0;0;0;0;0;0;0;0;0;0;0;3;1;0;1;1;2;1;2016-10-30 12:00:00;882;0;50;20;20;0;-1;1;-1;-1;-1;-1;-1;-1;2;0;1;0;2;1;-1;0;0;0;0;0;0;0;1;0;1;0;0;0;1;1;0;0;-1;-1;0;0;-1;-1;-1;-1;-1;-1;-1;-1;-1;0;20;80;90;90;60;90;80;40;8.6;8;5.4;2.8;Pyunik;Alashkert;1.47;2.53;2;2.6;1.64;1.73;100;80;20;10;10;20;10;10;0;0;0;133;30;Y;Y;Y;N;N;N;Y
43282;883;885;2016/2017;complete;191;13;-1;17,83;;2;0;2;5;1;6;3;0;2;2;0;0;11;0;6;6;17;6;14;10;56;44;2;2;0;0;0;0;0;0;0;0;0;0;0;0;0;0;0;0;0;0;0;0;0;0;0;0;0;0;0;0;0;0;0;0;0;0;0;0;0;0;0;0;0;0;0;0;0;0;0;0;0;0;0;0;0;0;0;0;0;0;0;0;0;0;0;0;0;0;0;0;2;1;0;1;0;1;1;2016-11-04 11:00:00;883;0;24;0;16;0;-1;1;-1;-1;-1;-1;-1;-1;1;0;1;2;1;3;-1;0;0;0;0;0;0;0;0;0;0;0;0;0;1;1;0;0;-1;-1;0;0;-1;-1;-1;-1;-1;-1;-1;-1;-1;0;31;31;38;93;31;47;77;24;7.4;4.04;5.26;1.93;Shirak;Ararat;1.6;0.27;1.67;0.57;2;0.42;100;69;69;62;7;32;17;17;0;0;0;133;30;Y;Y;N;N;N;N;N
43283;96;884;2016/2017;complete;191;13;-1;6,71,79,90;37;4;1;5;4;7;11;4;2;1;1;0;0;12;4;8;6;20;10;21;14;47;53;1;1;0;0;0;0;0;0;0;0;0;0;0;0;0;0;0;0;0;0;0;0;0;0;0;0;0;0;0;0;0;0;0;0;0;0;0;0;0;0;0;0;0;0;0;0;0;0;0;0;0;0;0;0;0;0;0;0;0;0;0;0;0;0;0;0;0;0;0;0;5;1;1;3;0;3;2;2016-11-05 10:00:00;96;0;27;0;19;0;-1;1;-1;-1;-1;-1;-1;-1;0;0;1;1;0;2;-1;0;0;0;0;0;0;0;0;0;0;0;0;0;1;1;1;0;-1;-1;0;0;-1;-1;-1;-1;-1;-1;-1;-1;-1;0;27;55;74;84;10;55;84;45;7.33;5.53;3.93;2.39;Alashkert;Banants;1.73;0.6;1;1.2;1.58;1.08;100;74;45;27;17;35;17;17;0;0;0;133;30;Y;Y;Y;Y;Y;N;Y
43284;882;881;2016/2017;complete;191;13;-1;;;0;0;0;3;4;7;1;2;1;3;0;0;2;4;9;6;11;10;17;17;49;51;1;3;0;0;0;0;0;0;0;0;0;0;0;0;0;0;0;0;0;0;0;0;0;0;0;0;0;0;0;0;0;0;0;0;0;0;0;0;0;0;0;0;0;0;0;0;0;0;0;0;0;0;0;0;0;0;0;0;0;0;0;0;0;0;0;0;0;0;0;0;0;0;0;0;0;0;0;2016-11-05 13:00:00;-1;0;34;9;25;0;-1;1;-1;-1;-1;-1;-1;-1;0;3;1;0;3;1;-1;0;0;0;0;0;0;0;0;0;0;0;0;0;1;1;0;0;-1;-1;0;0;-1;-1;-1;-1;-1;-1;-1;-1;-1;9;25;67;75;83;25;75;83;50;9.17;5.34;5.66;2.59;Pyunik;Gandzasar;1.47;1.73;2.17;1.17;1.75;1.58;92;75;34;25;17;50;34;34;0;0;0;133;30;N;N;N;N;N;N;N
43285;884;881;2016/2017;complete;191;14;-1;16;27;1;1;2;4;8;12;2;3;2;3;0;0;5;6;6;11;11;17;16;17;59;41;2;3;0;0;0;0;0;0;0;0;0;0;0;0;0;0;0;0;0;0;0;0;0;0;0;0;0;0;0;0;0;0;0;0;0;0;0;0;0;0;0;0;0;0;0;0;0;0;0;0;0;0;0;0;0;0;0;0;0;0;0;0;0;0;0;0;0;0;0;0;2;1;1;0;0;0;2;2016-11-19 11:00:00;-1;0;22;7;14;0;-1;1;-1;-1;-1;-1;-1;-1;2;2;0;1;4;1;-1;0;0;0;0;0;0;0;0;0;0;0;0;0;1;1;0;0;-1;-1;0;1;-1;-1;-1;-1;-1;-1;-1;-1;-1;14;22;43;50;79;29;57;64;29;7.43;4.14;5.15;2.07;Banants;Gandzasar;0.8;1.73;1;1.14;1;1.54;86;79;57;50;22;36;29;29;0;0;0;133;30;Y;Y;N;N;N;N;Y
43286;885;882;2016/2017;complete;191;14;-1;90;77,90;1;2;3;8;6;14;9;2;1;2;0;0;4;7;3;4;7;11;14;12;45;55;1;2;0;0;0;0;0;0;0;0;0;0;0;0;0;0;0;0;0;0;0;0;0;0;0;0;0;0;0;0;0;0;0;0;0;0;0;0;0;0;0;0;0;0;0;0;0;0;0;0;0;0;0;0;0;0;0;0;0;0;0;0;0;0;0;0;0;0;0;0;3;0;0;1;2;3;0;2016-11-19 13:00:00;882;0;19;0;19;0;-1;1;-1;-1;-1;-1;-1;-1;0;0;1;2;0;3;-1;0;0;0;0;0;0;0;0;0;0;0;0;0;1;1;0;0;-1;-1;0;0;-1;-1;-1;-1;-1;-1;-1;-1;-1;0;9;19;39;74;9;64;49;19;7.53;3.37;3.57;1.39;Ararat;Pyunik;0.53;1.53;0.2;1.33;0.38;1.69;100;92;82;62;27;54;27;27;0;0;0;133;30;Y;Y;Y;N;N;N;Y
43287;883;96;2016/2017;complete;191;14;-1;;;0;0;0;8;9;17;4;1;3;2;0;0;4;8;2;7;6;15;15;11;53;47;3;2;0;0;0;0;0;0;0;0;0;0;0;0;0;0;0;0;0;0;0;0;0;0;0;0;0;0;0;0;0;0;0;0;0;0;0;0;0;0;0;0;0;0;0;0;0;0;0;0;0;0;0;0;0;0;0;0;0;0;0;0;0;0;0;0;0;0;0;0;0;0;0;0;0;0;0;2016-11-20 11:00:00;-1;0;48;9;24;0;-1;1;-1;-1;-1;-1;-1;-1;1;0;2;2;1;4;-1;0;0;0;0;0;0;0;0;0;0;0;0;0;1;1;0;0;-1;-1;0;0;-1;-1;-1;-1;-1;-1;-1;-1;-1;0;23;56;72;100;48;79;85;40;10.36;7.43;4.88;2.5;Shirak;Alashkert;1.6;2.53;1.86;2.17;2.08;1.69;100;77;44;29;0;38;31;31;0;0;0;133;30;N;N;N;N;N;N;N
43288;882;884;2016/2017;complete;191;15;-1;10;66;1;1;2;5;4;9;3;4;0;1;0;0;4;4;12;5;16;9;11;14;42;58;0;1;0;0;0;0;0;0;0;0;0;0;0;0;0;0;0;0;0;0;0;0;0;0;0;0;0;0;0;0;0;0;0;0;0;0;0;0;0;0;0;0;0;0;0;0;0;0;0;0;0;0;0;0;0;0;0;0;0;0;0;0;0;0;0;0;0;0;0;0;2;1;0;0;1;1;1;2016-11-22 12:00:00;-1;0;38;16;23;0;-1;1;-1;-1;-1;-1;-1;-1;0;0;0;1;0;1;-1;0;0;0;0;0;0;0;0;0;0;0;0;0;1;1;1;0;-1;-1;0;0;-1;-1;-1;-1;-1;-1;-1;-1;-1;9;24;69;77;86;31;69;86;47;7.12;4.6;4.07;2.65;Pyunik;Banants;1.47;0.6;2;1;1.79;1;92;77;31;23;15;31;16;16;0;0;0;133;30;Y;Y;N;N;N;N;Y
43289;96;885;2016/2017;complete;191;15;-1;22,79,84,90;56;4;1;5;8;1;9;2;0;2;3;0;0;8;5;8;5;16;10;15;10;52;48;2;3;0;0;0;0;0;0;0;0;0;0;0;0;0;0;0;0;0;0;0;0;0;0;0;0;0;0;0;0;0;0;0;0;0;0;0;0;0;0;0;0;0;0;0;0;0;0;0;0;0;0;0;0;0;0;0;0;0;0;0;0;0;0;0;0;0;0;0;0;5;1;0;3;1;4;1;2016-11-23 11:00:00;96;0;28;7;14;0;-1;1;-1;-1;-1;-1;-1;-1;0;1;2;2;1;4;-1;0;0;0;0;0;0;0;1;0;1;0;0;0;1;1;0;0;-1;-1;0;0;-1;-1;-1;-1;-1;-1;-1;-1;-1;7;34;41;61;80;20;54;73;35;7.52;4.93;4.52;2.23;Alashkert;Ararat;1.73;0.27;1.29;0.5;1.64;0.36;93;66;59;40;21;35;22;22;0;0;0;133;30;Y;Y;Y;Y;Y;N;Y
43290;881;883;2016/2017;complete;191;15;-1;62;;1;0;1;-1;-1;-1;-1;-1;1;2;0;0;-1;-1;-1;-1;-1;-1;-1;-1;-1;-1;1;2;0;0;0;0;0;0;0;0;0;0;0;0;0;0;0;0;0;0;0;0;0;0;0;0;0;0;0;0;0;0;0;0;0;0;0;0;0;0;0;0;0;0;0;0;0;0;0;0;0;0;0;0;0;0;0;0;0;0;0;0;0;0;0;0;0;0;0;0;1;0;0;1;0;1;0;2016-11-23 11:00:00;881;0;17;9;0;0;-1;1;-1;-1;-1;-1;-1;-1;0;1;1;1;1;2;-1;0;0;0;0;0;0;0;0;0;0;0;0;0;1;1;0;0;-1;-1;0;0;-1;-1;-1;-1;-1;-1;-1;-1;-1;0;9;17;42;92;34;50;59;0;7.17;3.33;4.67;1.58;Gandzasar;Shirak;2.07;1.93;2;2.33;1.5;2;100;92;83;59;9;25;17;17;0;0;0;133;30;Y;N;N;N;N;N;N
43291;882;883;2016/2017;complete;191;16;-1;;11,71;0;2;2;8;2;10;0;3;2;4;0;0;3;7;5;11;8;18;12;16;54;46;2;4;0;0;0;0;0;0;0;0;0;0;0;0;0;0;0;0;0;0;0;0;0;0;0;0;0;0;0;0;0;0;0;0;0;0;0;0;0;0;0;0;0;0;0;0;0;0;0;0;0;0;0;0;0;0;0;0;0;0;0;0;0;0;0;0;0;0;0;0;2;0;1;0;1;1;1;2016-11-26 12:00:00;883;0;40;14;13;0;-1;1;-1;-1;-1;-1;-1;-1;2;1;0;3;3;3;-1;0;0;0;0;0;0;0;0;0;0;0;0;0;1;1;0;0;-1;-1;0;0;-1;-1;-1;-1;-1;-1;-1;-1;-1;0;7;39;52;81;20;52;73;19;7.55;3.64;4.68;1.77;Pyunik;Shirak;1.47;1.93;1.88;2;1.73;1.87;100;94;62;48;20;28;15;15;0;0;0;133;30;Y;Y;N;N;N;N;N
43292;881;96;2016/2017;complete;191;16;-1;14;40,86;1;2;3;2;4;6;1;3;3;2;1;0;4;7;5;8;9;15;18;9;46;54;5;2;0;0;0;0;0;0;0;0;0;0;0;0;0;0;0;0;0;0;0;0;0;0;0;0;0;0;0;0;0;0;0;0;0;0;0;0;0;0;0;0;0;0;0;0;0;0;0;0;0;0;0;0;0;0;0;0;0;0;0;0;0;0;0;0;0;0;0;0;3;1;1;0;1;1;2;2016-11-27 11:00:00;96;0;29;7;15;0;-1;1;-1;-1;-1;-1;-1;-1;1;1;3;1;2;4;-1;0;0;0;0;0;0;0;0;1;0;1;0;0;1;1;0;0;-1;-1;0;0;-1;-1;-1;-1;-1;-1;-1;-1;-1;0;14;43;65;93;50;72;64;22;10;5.86;4.14;2.14;Gandzasar;Alashkert;2.07;2.53;2.14;2;1.6;1.73;100;86;58;36;7;38;30;30;0;0;0;133;30;Y;Y;Y;N;N;N;Y
43293;885;884;2016/2017;complete;191;16;-1;57;34;1;1;2;2;4;6;1;1;2;2;0;0;4;5;2;6;6;11;12;17;37;63;2;2;0;0;0;0;0;0;0;0;0;0;0;0;0;0;0;0;0;0;0;0;0;0;0;0;0;0;0;0;0;0;0;0;0;0;0;0;0;0;0;0;0;0;0;0;0;0;0;0;0;0;0;0;0;0;0;0;0;0;0;0;0;0;0;0;0;0;0;0;2;0;1;1;0;1;1;2016-11-27 12:00:00;-1;0;38;7;24;0;-1;1;-1;-1;-1;-1;-1;-1;1;0;1;2;1;3;-1;0;0;0;0;0;0;0;0;1;0;1;0;0;1;1;0;0;-1;-1;0;0;-1;-1;-1;-1;-1;-1;-1;-1;-1;7;15;45;77;92;15;61;92;38;7;5.76;3.6;2.35;Ararat;Banants;0.53;0.6;0.17;1;0.33;1;93;86;55;24;9;47;24;24;0;0;0;133;30;Y;Y;N;N;N;N;Y
43294;884;883;2016/2017;complete;191;17;-1;;89;0;1;1;2;6;8;1;2;1;3;0;0;0;9;6;3;6;12;14;22;55;45;1;3;0;0;0;0;0;0;0;0;0;0;0;0;0;0;0;0;0;0;0;0;0;0;0;0;0;0;0;0;0;0;0;0;0;0;0;0;0;0;0;0;0;0;0;0;0;0;0;0;0;0;0;0;0;0;0;0;0;0;0;0;0;0;0;0;0;0;0;0;1;0;0;0;1;1;0;2016-12-03 10:00:00;883;0;32;19;7;0;-1;1;-1;-1;-1;-1;-1;-1;0;0;1;3;0;4;-1;0;0;0;0;0;0;0;0;0;0;0;0;0;1;1;0;0;-1;-1;0;0;-1;-1;-1;-1;-1;-1;-1;-1;-1;7;7;26;44;88;32;51;63;7;6;3.01;4.88;1.69;Banants;Shirak;0.8;1.93;1;2.13;1;1.94;94;94;76;57;13;27;27;20;0;0;0;133;30;Y;N;N;N;N;N;N
43295;885;881;2016/2017;complete;191;17;-1;;8;0;1;1;2;3;5;1;1;1;4;0;0;3;4;6;11;9;15;11;11;59;41;1;4;0;0;0;0;0;0;0;0;0;0;0;0;0;0;0;0;0;0;0;0;0;0;0;0;0;0;0;0;0;0;0;0;0;0;0;0;0;0;0;0;0;0;0;0;0;0;0;0;0;0;0;0;0;0;0;0;0;0;0;0;0;0;0;0;0;0;0;0;1;0;1;0;0;0;1;2016-12-03 12:00:00;881;0;34;7;21;0;-1;1;-1;-1;-1;-1;-1;-1;0;1;1;3;1;4;-1;0;0;0;0;0;0;0;0;0;0;0;0;0;1;1;0;1;-1;-1;0;0;-1;-1;-1;-1;-1;-1;-1;-1;-1;7;13;34;67;81;13;60;75;34;8.71;5.63;5.02;2;Ararat;Gandzasar;0.53;1.73;0.29;1.13;0.38;1.5;94;88;67;34;20;53;40;40;0;0;0;133;30;Y;N;N;N;N;N;N
43296;96;882;2016/2017;complete;191;17;-1;;;0;0;0;7;4;11;8;3;2;1;0;0;6;4;4;8;10;12;22;15;49;51;2;1;0;0;0;0;0;0;0;0;0;0;0;0;0;0;0;0;0;0;0;0;0;0;0;0;0;0;0;0;0;0;0;0;0;0;0;0;0;0;0;0;0;0;0;0;0;0;0;0;0;0;0;0;0;0;0;0;0;0;0;0;0;0;0;0;0;0;0;0;0;0;0;0;0;0;0;2016-12-04 10:00:00;-1;0;40;7;27;0;-1;1;-1;-1;-1;-1;-1;-1;1;0;1;1;1;2;-1;0;0;0;0;0;0;0;0;0;0;0;0;0;1;1;0;0;-1;-1;0;0;-1;-1;-1;-1;-1;-1;-1;-1;-1;13;32;46;52;73;14;60;52;46;10.07;4.54;3.42;2.16;Alashkert;Pyunik;1.73;1.53;1.5;1.57;1.81;1.63;88;68;55;48;27;67;41;41;0;0;0;133;30;N;N;N;N;N;N;N
43297;884;96;2016/2017;complete;191;18;-1;89;27,32;1;2;3;3;3;6;3;2;0;4;0;0;4;5;5;5;9;10;8;21;62;38;0;4;0;0;0;0;0;0;0;0;0;0;0;0;0;0;0;0;0;0;0;0;0;0;0;0;0;0;0;0;0;0;0;0;0;0;0;0;0;0;0;0;0;0;0;0;0;0;0;0;0;0;0;0;0;0;0;0;0;0;0;0;0;0;0;0;0;0;0;0;3;0;2;1;0;1;2;2017-03-04 10:00:00;96;0;48;24;18;0;-1;1;-1;-1;-1;-1;-1;-1;0;3;0;1;3;1;-1;0;0;0;0;0;0;0;0;0;0;0;0;0;1;1;0;0;-1;-1;0;1;-1;-1;-1;-1;-1;-1;-1;-1;-1;6;12;54;66;89;54;72;66;25;8.64;5.81;4.24;2.26;Banants;Alashkert;0.8;2.53;0.89;2.13;0.94;1.76;95;89;46;35;12;30;30;30;0;0;0;133;30;Y;Y;Y;N;N;N;Y
43298;881;882;2016/2017;complete;191;18;-1;5,12;;2;0;2;6;5;11;4;1;1;1;0;0;4;0;4;5;8;5;14;14;43;57;1;1;0;0;0;0;0;0;0;0;0;0;0;0;0;0;0;0;0;0;0;0;0;0;0;0;0;0;0;0;0;0;0;0;0;0;0;0;0;0;0;0;0;0;0;0;0;0;0;0;0;0;0;0;0;0;0;0;0;0;0;0;0;0;0;0;0;0;0;0;2;2;0;0;0;0;2;2017-03-05 10:00:00;881;0;19;7;13;0;-1;1;-1;-1;-1;-1;-1;-1;1;1;0;0;2;0;-1;0;0;0;0;0;0;0;0;0;0;0;0;0;1;1;1;0;-1;-1;1;0;-1;-1;-1;-1;-1;-1;-1;-1;-1;0;13;25;38;82;32;57;44;13;8.21;2.88;3.63;1.57;Gandzasar;Pyunik;2.07;1.53;1.88;1.5;1.59;1.59;100;88;75;63;19;52;32;32;0;0;0;133;30;Y;Y;N;N;N;N;N
43299;885;883;2016/2017;complete;191;18;-1;;29;0;1;1;3;6;9;1;1;3;2;0;0;3;9;5;7;8;16;14;12;45;55;3;2;0;0;0;0;0;0;0;0;0;0;0;0;0;0;0;0;0;0;0;0;0;0;0;0;0;0;0;0;0;0;0;0;0;0;0;0;0;0;0;0;0;0;0;0;0;0;0;0;0;0;0;0;0;0;0;0;0;0;0;0;0;0;0;0;0;0;0;0;1;0;1;0;0;0;1;2017-03-05 10:00:00;883;0;30;6;13;0;-1;1;-1;-1;-1;-1;-1;-1;2;0;1;2;2;3;-1;0;0;0;0;0;0;0;0;0;0;0;0;0;1;1;0;0;-1;-1;0;0;-1;-1;-1;-1;-1;-1;-1;-1;-1;0;0;18;48;89;6;48;77;13;6.88;4.19;4.67;1.54;Ararat;Shirak;0.53;1.93;0.25;2.22;0.35;2;100;100;82;53;12;32;25;19;0;0;0;133;30;Y;N;N;N;N;N;N
43300;882;885;2016/2017;complete;191;19;-1;10,66,78;;3;0;3;3;5;8;2;3;2;2;0;0;5;3;8;7;13;10;9;15;46;54;2;2;0;0;0;0;0;0;0;0;0;0;0;0;0;0;0;0;0;0;0;0;0;0;0;0;0;0;0;0;0;0;0;0;0;0;0;0;0;0;0;0;0;0;0;0;0;0;0;0;0;0;0;0;0;0;0;0;0;0;0;0;0;0;0;0;0;0;0;0;3;1;0;2;0;2;1;2017-03-10 12:00:00;882;0;33;6;22;0;-1;1;-1;-1;-1;-1;-1;-1;0;1;2;1;1;3;-1;0;0;0;0;0;0;0;0;0;0;0;0;0;1;1;1;0;-1;-1;0;0;-1;-1;-1;-1;-1;-1;-1;-1;-1;6;22;45;67;84;22;67;78;28;7;3.55;4.66;2.22;Pyunik;Ararat;1.47;0.27;1.67;0.44;1.5;0.33;95;78;56;33;17;33;11;6;0;0;0;133;30;Y;Y;Y;N;N;N;N
43301;881;884;2016/2017;complete;191;19;-1;75;;1;0;1;6;5;11;0;1;1;2;0;0;3;0;5;6;8;6;15;15;44;56;1;2;0;0;0;0;0;0;0;0;0;0;0;0;0;0;0;0;0;0;0;0;0;0;0;0;0;0;0;0;0;0;0;0;0;0;0;0;0;0;0;0;0;0;0;0;0;0;0;0;0;0;0;0;0;0;0;0;0;0;0;0;0;0;0;0;0;0;0;0;1;0;0;1;0;1;0;2017-03-11 10:00:00;881;0;31;12;7;0;-1;1;-1;-1;-1;-1;-1;-1;0;1;1;1;1;2;-1;0;0;0;0;0;0;0;0;0;0;0;0;0;1;1;0;0;-1;-1;0;0;-1;-1;-1;-1;-1;-1;-1;-1;-1;7;18;36;72;100;41;71;78;19;7.13;3.92;3.72;2.32;Gandzasar;Banants;2.07;0.6;2;1;1.67;0.89;94;82;64;29;0;38;19;19;0;0;0;133;30;Y;N;N;N;N;N;N
43302;96;883;2016/2017;complete;191;19;-1;11,37,45;;3;0;3;4;6;10;2;5;1;2;0;0;8;3;4;12;12;15;18;13;42;58;1;2;0;0;0;0;0;0;0;0;0;0;0;0;0;0;0;0;0;0;0;0;0;0;0;0;0;0;0;0;0;0;0;0;0;0;0;0;0;0;0;0;0;0;0;0;0;0;0;0;0;0;0;0;0;0;0;0;0;0;0;0;0;0;0;0;0;0;0;0;3;3;0;0;0;0;3;2017-03-12 10:00:00;96;0;32;11;11;0;-1;1;-1;-1;-1;-1;-1;-1;0;0;1;2;0;3;-1;0;0;0;0;0;0;0;0;0;0;0;0;0;1;1;0;0;-1;-1;0;0;-1;-1;-1;-1;-1;-1;-1;-1;-1;11;22;33;49;79;11;48;69;28;9.34;5.18;4.71;1.93;Alashkert;Shirak;1.73;1.93;1.44;2.3;1.83;2.06;89;78;67;52;22;50;33;28;0;0;0;133;30;Y;Y;Y;N;N;N;N
43303;885;96;2016/2017;complete;191;20;-1;;73,77,83;0;3;3;1;9;10;2;1;1;1;0;0;3;10;4;7;7;17;13;15;43;57;1;1;0;0;0;0;0;0;0;0;0;0;0;0;0;0;0;0;0;0;0;0;0;0;0;0;0;0;0;0;0;0;0;0;0;0;0;0;0;0;0;0;0;0;0;0;0;0;0;0;0;0;0;0;0;0;0;0;0;0;0;0;0;0;0;0;0;0;0;0;3;0;0;0;3;3;0;2017-03-17 10:00:00;96;0;50;11;22;0;-1;1;-1;-1;-1;-1;-1;-1;1;1;0;0;2;0;-1;0;0;0;0;0;0;0;0;0;0;0;0;0;1;1;0;0;-1;-1;0;0;-1;-1;-1;-1;-1;-1;-1;-1;-1;0;6;50;73;89;34;78;73;28;8.88;6.56;4.44;2.17;Ararat;Alashkert;0.53;2.53;0.22;2.22;0.32;1.89;100;95;50;28;11;39;28;28;0;0;0;133;30;Y;Y;Y;N;N;N;N
43304;883;881;2016/2017;complete;191;20;-1;90;71,85;1;2;3;1;10;11;2;0;1;2;1;0;3;7;5;3;8;10;16;7;54;46;2;2;0;0;0;0;0;0;0;0;0;0;0;0;0;0;0;0;0;0;0;0;0;0;0;0;0;0;0;0;0;0;0;0;0;0;0;0;0;0;0;0;0;0;0;0;0;0;0;0;0;0;0;0;0;0;0;0;0;0;0;0;0;0;0;0;0;0;0;0;3;0;0;1;2;3;0;2017-03-18 10:00:00;881;0;24;6;12;0;-1;1;-1;-1;-1;-1;-1;-1;0;0;2;2;0;4;-1;0;0;0;0;0;0;0;0;0;0;0;0;0;1;1;0;0;-1;-1;0;0;-1;-1;-1;-1;-1;-1;-1;-1;-1;6;24;29;47;83;24;59;66;29;10.03;5.07;5.75;1.88;Shirak;Gandzasar;1.6;1.73;1.75;1.33;1.95;1.74;95;77;71;54;18;53;41;41;0;0;0;133;30;Y;Y;Y;N;N;N;Y
43305;884;882;2016/2017;complete;191;20;-1;;24,45,78;0;3;3;5;6;11;3;1;1;1;0;0;4;7;3;7;7;14;11;18;56;44;1;1;0;0;0;0;0;0;0;0;0;0;0;0;0;0;0;0;0;0;0;0;0;0;0;0;0;0;0;0;0;0;0;0;0;0;0;0;0;0;0;0;0;0;0;0;0;0;0;0;0;0;0;0;0;0;0;0;0;0;0;0;0;0;0;0;0;0;0;0;3;0;2;0;1;1;2;2017-03-19 10:00:00;882;0;31;10;16;0;-1;1;-1;-1;-1;-1;-1;-1;1;1;0;0;2;0;-1;0;0;0;0;0;0;0;0;1;0;1;0;0;1;1;0;0;-1;-1;0;1;-1;-1;-1;-1;-1;-1;-1;-1;-1;5;11;31;42;79;36;58;41;16;7.46;3.14;3.12;1.67;Banants;Pyunik;0.8;1.53;0.8;1.33;0.84;1.58;95;90;69;59;22;49;38;38;0;0;0;133;30;Y;Y;Y;N;N;N;N
43306;96;881;2016/2017;complete;191;21;-1;63;44,71;1;2;3;2;3;5;2;1;3;4;0;0;4;4;5;4;9;8;14;20;58;42;3;4;0;0;0;0;0;0;0;0;0;0;0;0;0;0;0;0;0;0;0;0;0;0;0;0;0;0;0;0;0;0;0;0;0;0;0;0;0;0;0;0;0;0;0;0;0;0;0;0;0;0;0;0;0;0;0;0;0;0;0;0;0;0;0;0;0;0;0;0;3;0;1;1;1;2;1;2017-03-30 11:00:00;881;0;35;10;20;0;-1;1;-1;-1;-1;-1;-1;-1;2;1;1;3;3;4;-1;0;0;0;0;0;0;0;0;0;0;0;0;0;1;1;0;0;-1;-1;0;0;-1;-1;-1;-1;-1;-1;-1;-1;-1;15;30;50;65;75;20;60;60;45;10.8;5.8;4.9;2.35;Alashkert;Gandzasar;1.73;1.73;1.6;1.5;1.95;1.8;85;70;50;35;25;65;50;45;0;0;0;133;30;Y;Y;Y;N;N;N;Y
43307;884;885;2016/2017;complete;191;21;-1;35,67;81;2;1;3;6;1;7;3;0;1;1;0;0;7;2;6;5;13;7;16;15;49;51;1;1;0;0;0;0;0;0;0;0;0;0;0;0;0;0;0;0;0;0;0;0;0;0;0;0;0;0;0;0;0;0;0;0;0;0;0;0;0;0;0;0;0;0;0;0;0;0;0;0;0;0;0;0;0;0;0;0;0;0;0;0;0;0;0;0;0;0;0;0;3;1;0;1;1;2;1;2017-03-31 11:00:00;884;0;28;9;15;0;-1;1;-1;-1;-1;-1;-1;-1;1;0;0;1;1;1;-1;0;0;0;0;0;0;0;0;0;0;0;0;0;1;1;0;0;-1;-1;0;0;-1;-1;-1;-1;-1;-1;-1;-1;-1;10;20;43;58;91;38;62;72;20;5.59;3.32;4.22;2.2;Banants;Ararat;0.8;0.27;0.73;0.4;0.8;0.3;91;81;58;43;10;24;14;14;0;0;0;133;30;Y;Y;Y;N;N;N;Y
43308;883;882;2016/2017;complete;191;21;-1;;37,39;0;2;2;6;3;9;2;4;5;1;0;0;5;3;11;1;16;4;10;11;59;41;5;1;0;0;0;0;0;0;0;0;0;0;0;0;0;0;0;0;0;0;0;0;0;0;0;0;0;0;0;0;0;0;0;0;0;0;0;0;0;0;0;0;0;0;0;0;0;0;0;0;0;0;0;0;0;0;0;0;0;0;0;0;0;0;0;0;0;0;0;0;2;0;2;0;0;0;2;2017-04-01 11:00:00;882;0;27;0;21;0;-1;1;-1;-1;-1;-1;-1;-1;2;1;3;0;3;3;-1;0;0;0;0;0;0;0;0;1;0;1;0;0;1;1;0;0;-1;-1;1;0;-1;-1;-1;-1;-1;-1;-1;-1;-1;0;16;32;42;80;26;52;54;27;9.48;3.96;3.87;1.7;Shirak;Pyunik;1.6;1.53;1.56;1.5;1.85;1.65;100;84;69;58;21;68;52;52;0;0;0;133;30;Y;Y;N;N;N;N;N
43309;883;884;2016/2017;complete;191;22;-1;89;;1;0;1;8;6;14;1;1;3;1;0;0;7;5;13;9;20;14;13;18;53;47;3;1;0;0;0;0;0;0;0;0;0;0;0;0;0;0;0;0;0;0;0;0;0;0;0;0;0;0;0;0;0;0;0;0;0;0;0;0;0;0;0;0;0;0;0;0;0;0;0;0;0;0;0;0;0;0;0;0;0;0;0;0;0;0;0;0;0;0;0;0;1;0;0;1;0;1;0;2017-04-07 11:00:00;883;0;37;6;16;0;-1;1;-1;-1;-1;-1;-1;-1;1;1;2;0;2;2;-1;0;0;0;0;0;0;0;0;0;0;0;0;0;1;1;0;0;-1;-1;0;0;-1;-1;-1;-1;-1;-1;-1;-1;-1;6;21;37;64;95;26;59;85;32;8.23;4.61;4.46;2.23;Shirak;Banants;1.6;0.6;1.4;0.89;1.76;0.9;95;79;63;36;5;52;31;31;0;0;0;133;30;Y;N;N;N;N;N;N
43310;882;96;2016/2017;complete;191;22;-1;;39,63,89;0;3;3;1;1;2;3;5;1;4;0;0;2;6;4;10;6;16;13;15;50;50;1;4;0;0;0;0;0;0;0;0;0;0;0;0;0;0;0;0;0;0;0;0;0;0;0;0;0;0;0;0;0;0;0;0;0;0;0;0;0;0;0;0;0;0;0;0;0;0;0;0;0;0;0;0;0;0;0;0;0;0;0;0;0;0;0;0;0;0;0;0;3;0;1;0;2;2;1;2017-04-07 12:00:00;96;0;50;15;20;0;-1;1;-1;-1;-1;-1;-1;-1;0;2;1;2;2;3;-1;0;0;0;0;0;0;0;0;1;0;1;0;0;1;1;0;0;-1;-1;0;0;-1;-1;-1;-1;-1;-1;-1;-1;-1;0;10;70;85;85;40;80;80;40;10.4;5.9;4.4;2.5;Pyunik;Alashkert;1.47;2.53;1.8;2.3;1.71;1.86;100;90;30;15;15;40;30;20;0;0;0;133;30;Y;Y;Y;N;N;N;N
43311;881;885;2016/2017;complete;191;22;-1;6,43;59;2;1;3;6;2;8;2;1;0;5;0;0;3;2;9;3;12;5;8;16;49;51;0;5;0;0;0;0;0;0;0;0;0;0;0;0;0;0;0;0;0;0;0;0;0;0;0;0;0;0;0;0;0;0;0;0;0;0;0;0;0;0;0;0;0;0;0;0;0;0;0;0;0;0;0;0;0;0;0;0;0;0;0;0;0;0;0;0;0;0;0;0;3;2;0;0;1;1;2;2017-04-08 12:00:00;881;0;19;5;14;0;-1;1;-1;-1;-1;-1;-1;-1;0;1;0;4;1;4;-1;0;0;0;0;0;0;0;0;0;0;0;0;0;1;1;1;0;-1;-1;0;0;-1;-1;-1;-1;-1;-1;-1;-1;-1;5;19;33;57;96;34;62;71;18;6.58;2.86;4.37;2.08;Gandzasar;Ararat;2.07;0.27;2.1;0.36;1.86;0.29;96;82;68;43;5;31;17;17;0;0;0;133;30;Y;Y;Y;N;N;N;Y
43312;96;884;2016/2017;complete;191;23;-1;29,49;;2;0;2;6;4;10;6;1;1;2;0;1;8;3;14;2;22;5;17;10;63;37;1;4;0;0;0;0;0;0;0;0;0;0;0;0;0;0;0;0;0;0;0;0;0;0;0;0;0;0;0;0;0;0;0;0;0;0;0;0;0;0;0;0;0;0;0;0;0;0;0;0;0;0;0;0;0;0;0;0;0;0;0;0;0;0;0;0;0;0;0;0;2;1;0;1;0;1;1;2017-04-14 12:00:00;96;0;43;10;19;0;-1;1;-1;-1;-1;-1;-1;-1;0;1;1;2;1;3;-1;0;0;0;0;0;0;0;0;0;0;0;0;0;1;1;0;0;-1;-1;0;0;-1;-1;-1;-1;-1;-1;-1;-1;-1;14;28;52;72;87;19;62;82;43;8.78;5.45;3.59;2.52;Alashkert;Banants;1.73;0.6;1.45;0.8;1.91;0.86;86;72;48;29;14;57;38;33;0;0;0;133;30;Y;Y;N;N;N;N;N
43313;883;885;2016/2017;complete;191;23;-1;38;;1;0;1;6;3;9;1;0;2;1;0;1;7;7;13;2;20;9;18;14;46;54;2;3;0;0;0;0;0;0;0;0;0;0;0;0;0;0;0;0;0;0;0;0;0;0;0;0;0;0;0;0;0;0;0;0;0;0;0;0;0;0;0;0;0;0;0;0;0;0;0;0;0;0;0;0;0;0;0;0;0;0;0;0;0;0;0;0;0;0;0;0;1;1;0;0;0;0;1;2017-04-15 12:00:00;883;0;30;0;22;0;-1;1;-1;-1;-1;-1;-1;-1;0;0;2;2;0;4;-1;0;0;0;0;0;0;0;0;0;0;0;0;0;1;1;0;0;-1;-1;0;0;-1;-1;-1;-1;-1;-1;-1;-1;-1;4;22;39;56;92;26;56;78;30;7.51;3.69;5.41;2.12;Shirak;Ararat;1.6;0.27;1.55;0.33;1.82;0.27;96;79;62;44;9;41;23;23;0;0;0;133;30;Y;N;N;N;N;N;N
43314;882;881;2016/2017;complete;191;23;-1;90;40,59;1;2;3;5;3;8;1;4;5;3;0;0;2;8;10;5;12;13;21;11;56;44;5;3;0;0;0;0;0;0;0;0;0;0;0;0;0;0;0;0;0;0;0;0;0;0;0;0;0;0;0;0;0;0;0;0;0;0;0;0;0;0;0;0;0;0;0;0;0;0;0;0;0;0;0;0;0;0;0;0;0;0;0;0;0;0;0;0;0;0;0;0;3;0;1;1;1;2;1;2017-04-16 12:00:00;881;0;36;9;23;0;-1;1;-1;-1;-1;-1;-1;-1;1;0;4;3;1;7;-1;0;0;0;0;0;0;0;0;1;0;1;0;0;1;1;0;0;-1;-1;1;0;-1;-1;-1;-1;-1;-1;-1;-1;-1;5;14;55;73;82;18;73;73;45;9.36;4.36;5.09;2.27;Pyunik;Gandzasar;1.47;1.73;1.64;1.64;1.64;1.91;96;87;46;27;18;46;32;27;0;0;0;133;30;Y;Y;Y;N;N;N;Y
43315;885;882;2016/2017;complete;191;24;-1;58;;1;0;1;2;6;8;3;1;1;2;0;0;3;8;4;7;7;15;13;13;40;60;1;2;0;0;0;0;0;0;0;0;0;0;0;0;0;0;0;0;0;0;0;0;0;0;0;0;0;0;0;0;0;0;0;0;0;0;0;0;0;0;0;0;0;0;0;0;0;0;0;0;0;0;0;0;0;0;0;0;0;0;0;0;0;0;0;0;0;0;0;0;1;0;0;1;0;1;0;2017-04-21 13:00:00;885;0;24;0;19;0;-1;1;-1;-1;-1;-1;-1;-1;1;0;0;2;1;2;-1;0;0;0;0;0;0;0;0;0;0;0;0;0;1;1;0;0;-1;-1;0;0;-1;-1;-1;-1;-1;-1;-1;-1;-1;0;5;29;53;82;18;62;49;24;7.75;4.14;3.18;1.68;Ararat;Pyunik;0.53;1.53;0.2;1.64;0.26;1.57;100;96;72;48;19;66;43;38;0;0;0;133;30;Y;N;N;N;N;N;N
43316;884;881;2016/2017;complete;191;24;-1;;;0;0;0;6;11;17;0;0;2;1;0;0;4;9;2;21;6;30;12;10;43;57;2;1;0;0;0;0;0;0;0;0;0;0;0;0;0;0;0;0;0;0;0;0;0;0;0;0;0;0;0;0;0;0;0;0;0;0;0;0;0;0;0;0;0;0;0;0;0;0;0;0;0;0;0;0;0;0;0;0;0;0;0;0;0;0;0;0;0;0;0;0;0;0;0;0;0;0;0;2017-04-22 13:00:00;-1;0;42;13;25;0;-1;1;-1;-1;-1;-1;-1;-1;1;0;1;1;1;2;-1;0;0;0;0;0;0;0;0;0;0;0;0;0;1;1;0;0;-1;-1;0;0;-1;-1;-1;-1;-1;-1;-1;-1;-1;8;13;50;63;88;34;67;67;34;8.25;4.17;4.75;2.21;Banants;Gandzasar;0.8;1.73;0.92;1.75;0.83;1.96;92;88;50;38;13;38;34;34;0;0;0;133;30;N;N;N;N;N;N;N
43317;883;96;2016/2017;complete;191;24;-1;;25;0;1;1;4;1;5;3;3;1;0;0;1;4;5;7;8;11;13;9;13;51;49;1;2;0;0;0;0;0;0;0;0;0;0;0;0;0;0;0;0;0;0;0;0;0;0;0;0;0;0;0;0;0;0;0;0;0;0;0;0;0;0;0;0;0;0;0;0;0;0;0;0;0;0;0;0;0;0;0;0;0;0;0;0;0;0;0;0;0;0;0;0;1;0;1;0;0;0;1;2017-04-23 13:00:00;96;0;40;9;18;0;-1;1;-1;-1;-1;-1;-1;-1;0;0;1;1;0;2;-1;0;0;0;0;0;0;0;0;0;0;0;0;0;1;1;0;0;-1;-1;0;0;-1;-1;-1;-1;-1;-1;-1;-1;-1;0;13;54;67;92;40;66;75;35;10.61;6.07;5.19;2.24;Shirak;Alashkert;1.6;2.53;1.67;2.36;1.87;1.96;100;87;47;34;9;52;39;35;0;0;0;133;30;Y;N;N;N;N;N;N
43318;96;885;2016/2017;complete;191;25;-1;17,54,90;13;3;1;4;6;3;9;8;1;1;1;0;0;10;2;11;8;21;10;19;13;53;47;1;1;0;0;0;0;0;0;0;0;0;0;0;0;0;0;0;0;0;0;0;0;0;0;0;0;0;0;0;0;0;0;0;0;0;0;0;0;0;0;0;0;0;0;0;0;0;0;0;0;0;0;0;0;0;0;0;0;0;0;0;0;0;0;0;0;0;0;0;0;4;1;1;2;0;2;2;2017-04-29 13:00:00;96;0;37;4;24;0;-1;1;-1;-1;-1;-1;-1;-1;0;0;1;1;0;2;-1;0;0;0;0;0;0;0;1;0;1;0;0;0;1;1;0;0;-1;-1;0;0;-1;-1;-1;-1;-1;-1;-1;-1;-1;13;28;52;69;84;20;68;72;41;7.63;4.9;4.54;2.45;Alashkert;Ararat;1.73;0.27;1.58;0.31;2;0.38;88;72;48;32;17;45;25;17;0;0;0;133;30;Y;Y;Y;Y;N;N;Y
43319;881;883;2016/2017;complete;191;25;-1;17,62,81;41,56;3;2;5;3;7;10;0;1;2;1;0;0;5;14;9;12;14;26;14;14;43;57;2;1;0;0;0;0;0;0;0;0;0;0;0;0;0;0;0;0;0;0;0;0;0;0;0;0;0;0;0;0;0;0;0;0;0;0;0;0;0;0;0;0;0;0;0;0;0;0;0;0;0;0;0;0;0;0;0;0;0;0;0;0;0;0;0;0;0;0;0;0;5;1;1;2;1;3;2;2017-04-29 15:00:00;881;0;18;9;0;0;-1;1;-1;-1;-1;-1;-1;-1;1;0;1;1;1;2;-1;0;0;0;0;0;0;0;0;1;0;1;0;0;1;1;0;0;-1;-1;0;0;-1;-1;-1;-1;-1;-1;-1;-1;-1;0;5;23;46;96;37;55;64;0;8.3;3.28;4.46;1.68;Gandzasar;Shirak;2.07;1.93;2.18;2.09;1.92;1.79;100;96;78;55;5;40;30;20;0;0;0;133;30;Y;Y;Y;Y;Y;N;Y
43320;882;884;2016/2017;complete;191;25;-1;;;0;0;0;5;6;11;3;1;2;1;0;0;0;2;12;6;12;8;11;13;49;51;2;1;0;0;0;0;0;0;0;0;0;0;0;0;0;0;0;0;0;0;0;0;0;0;0;0;0;0;0;0;0;0;0;0;0;0;0;0;0;0;0;0;0;0;0;0;0;0;0;0;0;0;0;0;0;0;0;0;0;0;0;0;0;0;0;0;0;0;0;0;0;0;0;0;0;0;0;2017-04-30 15:00:00;-1;0;39;9;17;0;-1;1;-1;-1;-1;-1;-1;-1;0;0;2;1;0;3;-1;0;0;0;0;0;0;0;0;0;0;0;0;0;1;1;0;0;-1;-1;0;0;-1;-1;-1;-1;-1;-1;-1;-1;-1;5;13;52;78;92;18;74;92;39;7.97;4.08;4.06;2.39;Pyunik;Banants;1.47;0.6;1.5;0.73;1.5;0.83;96;87;49;22;9;44;27;18;0;0;0;133;30;N;N;N;N;N;N;N
43321;882;883;2016/2017;complete;191;26;-1;;65,90;0;2;2;3;3;6;1;2;1;2;0;0;2;7;4;6;6;13;9;15;49;51;1;2;0;0;0;0;0;0;0;0;0;0;0;0;0;0;0;0;0;0;0;0;0;0;0;0;0;0;0;0;0;0;0;0;0;0;0;0;0;0;0;0;0;0;0;0;0;0;0;0;0;0;0;0;0;0;0;0;0;0;0;0;0;0;0;0;0;0;0;0;2;0;0;0;2;2;0;2017-05-06 12:00:00;883;0;32;13;16;0;-1;1;-1;-1;-1;-1;-1;-1;0;1;1;1;1;2;-1;0;0;0;0;0;0;0;0;0;0;0;0;0;1;1;0;0;-1;-1;0;0;-1;-1;-1;-1;-1;-1;-1;-1;-1;4;8;44;60;85;20;64;72;27;8.56;3.9;4.73;1.99;Pyunik;Shirak;1.47;1.93;1.46;1.92;1.48;1.72;96;92;57;41;16;42;30;12;0;0;0;133;30;Y;Y;N;N;N;N;N
43322;885;884;2016/2017;complete;191;26;-1;73;;1;0;1;4;5;9;3;2;1;3;0;0;5;4;10;8;15;12;10;16;50;50;1;3;0;0;0;0;0;0;0;0;0;0;0;0;0;0;0;0;0;0;0;0;0;0;0;0;0;0;0;0;0;0;0;0;0;0;0;0;0;0;0;0;0;0;0;0;0;0;0;0;0;0;0;0;0;0;0;0;0;0;0;0;0;0;0;0;0;0;0;0;1;0;0;1;0;1;0;2017-05-06 13:00:00;885;0;30;4;13;0;-1;1;-1;-1;-1;-1;-1;-1;0;2;1;1;2;2;-1;0;0;0;0;0;0;0;0;0;0;0;0;0;1;1;0;0;-1;-1;0;0;-1;-1;-1;-1;-1;-1;-1;-1;-1;4;9;30;61;92;9;57;83;26;6.92;4.38;3.58;1.95;Ararat;Banants;0.53;0.6;0.45;0.75;0.36;0.84;96;92;70;39;9;52;35;26;0;0;0;133;30;Y;N;N;N;N;N;N
43323;881;96;2016/2017;complete;191;26;-1;;69;0;1;1;4;1;5;2;2;1;2;0;0;3;4;4;9;7;13;11;19;50;50;1;2;0;0;0;0;0;0;0;0;0;0;0;0;0;0;0;0;0;0;0;0;0;0;0;0;0;0;0;0;0;0;0;0;0;0;0;0;0;0;0;0;0;0;0;0;0;0;0;0;0;0;0;0;0;0;0;0;0;0;0;0;0;0;0;0;0;0;0;0;1;0;0;0;1;1;0;2017-05-06 15:00:00;96;0;38;17;13;0;-1;1;-1;-1;-1;-1;-1;-1;1;0;0;2;1;2;-1;0;0;0;0;0;0;0;0;0;0;0;0;0;1;1;0;0;-1;-1;0;0;-1;-1;-1;-1;-1;-1;-1;-1;-1;4;13;54;71;96;54;75;71;25;9.27;5.17;4.25;2.38;Gandzasar;Alashkert;2.07;2.53;2.25;2.42;1.96;2.04;96;88;46;30;4;39;35;26;0;0;0;133;30;Y;N;N;N;N;N;N
43324;96;882;2016/2017;complete;191;27;-1;13,50,59;37,38,48;3;3;6;2;4;6;6;4;0;1;0;0;7;6;9;1;16;7;9;14;56;44;0;1;0;0;0;0;0;0;0;0;0;0;0;0;0;0;0;0;0;0;0;0;0;0;0;0;0;0;0;0;0;0;0;0;0;0;0;0;0;0;0;0;0;0;0;0;0;0;0;0;0;0;0;0;0;0;0;0;0;0;0;0;0;0;0;0;0;0;0;0;6;1;2;2;1;3;3;2017-05-13 13:00:00;-1;0;32;8;20;0;-1;1;-1;-1;-1;-1;-1;-1;0;0;0;1;0;1;-1;0;0;0;0;0;0;0;1;0;1;0;0;0;1;1;0;0;-1;-1;0;0;-1;-1;-1;-1;-1;-1;-1;-1;-1;8;23;44;60;76;28;64;51;36;9.98;5.58;3.17;2.1;Alashkert;Pyunik;1.73;1.53;1.69;1.5;2.08;1.42;93;77;57;41;24;72;48;41;0;0;0;133;30;Y;Y;Y;Y;Y;Y;Y
43325;885;881;2016/2017;complete;191;27;-1;82;16,53;1;2;3;3;5;8;2;2;4;2;0;0;6;5;9;8;15;13;11;11;48;52;4;2;0;0;0;0;0;0;0;0;0;0;0;0;0;0;0;0;0;0;0;0;0;0;0;0;0;0;0;0;0;0;0;0;0;0;0;0;0;0;0;0;0;0;0;0;0;0;0;0;0;0;0;0;0;0;0;0;0;0;0;0;0;0;0;0;0;0;0;0;3;0;1;1;1;2;1;2017-05-13 13:00:00;881;0;32;4;24;0;-1;1;-1;-1;-1;-1;-1;-1;2;0;2;2;2;4;-1;0;0;0;0;0;0;0;0;0;0;0;0;0;1;1;0;0;-1;-1;0;0;-1;-1;-1;-1;-1;-1;-1;-1;-1;4;8;36;56;85;8;56;69;36;8.55;4.66;4.68;1.88;Ararat;Gandzasar;0.53;1.73;0.67;1.69;0.46;1.88;96;93;65;44;16;52;36;32;0;0;0;133;30;Y;Y;Y;N;N;N;Y
43326;883;884;2016/2017;complete;191;27;-1;78;;1;0;1;8;5;13;5;0;1;2;0;0;7;4;14;2;21;6;10;7;65;35;1;2;0;0;0;0;0;0;0;0;0;0;0;0;0;0;0;0;0;0;0;0;0;0;0;0;0;0;0;0;0;0;0;0;0;0;0;0;0;0;0;0;0;0;0;0;0;0;0;0;0;0;0;0;0;0;0;0;0;0;0;0;0;0;0;0;0;0;0;0;1;0;0;1;0;1;0;2017-05-14 13:00:00;883;0;27;4;12;0;-1;1;-1;-1;-1;-1;-1;-1;1;1;0;1;2;1;-1;0;0;0;0;0;0;0;0;0;0;0;0;0;1;1;0;0;-1;-1;0;0;-1;-1;-1;-1;-1;-1;-1;-1;-1;4;15;27;50;92;19;54;77;23;9.07;4.16;4.46;1.89;Shirak;Banants;1.6;0.6;1.54;0.69;1.77;0.81;96;85;73;50;8;62;38;35;0;0;0;133;30;Y;N;N;N;N;N;N
43327;884;96;2016/2017;complete;191;28;-1;;49,66,70;0;3;3;1;4;5;0;2;3;1;0;0;2;6;8;3;10;9;9;6;43;57;3;1;0;0;0;0;0;0;0;0;0;0;0;0;0;0;0;0;0;0;0;0;0;0;0;0;0;0;0;0;0;0;0;0;0;0;0;0;0;0;0;0;0;0;0;0;0;0;0;0;0;0;0;0;0;0;0;0;0;0;0;0;0;0;0;0;0;0;0;0;3;0;0;0;3;3;0;2017-05-19 13:00:00;96;0;42;15;15;0;-1;1;-1;-1;-1;-1;-1;-1;1;0;2;1;1;3;-1;0;0;0;0;0;0;0;0;0;0;0;0;0;1;1;0;0;-1;-1;0;0;-1;-1;-1;-1;-1;-1;-1;-1;-1;4;8;58;66;89;46;70;70;27;8.23;5.39;4.08;2.23;Banants;Alashkert;0.8;2.53;0.92;2.46;0.78;2.04;96;92;43;35;12;31;31;27;0;0;0;133;30;Y;Y;Y;N;N;N;N
43328;885;883;2016/2017;complete;191;28;-1;44,90;7,36,43;2;3;5;12;3;15;3;0;2;2;0;0;5;7;8;11;13;18;11;7;57;43;2;2;0;0;0;0;0;0;0;0;0;0;0;0;0;0;0;0;0;0;0;0;0;0;0;0;0;0;0;0;0;0;0;0;0;0;0;0;0;0;0;0;0;0;0;0;0;0;0;0;0;0;0;0;0;0;0;0;0;0;0;0;0;0;0;0;0;0;0;0;5;1;3;1;0;1;4;2017-05-20 13:00:00;883;0;27;8;16;0;-1;1;-1;-1;-1;-1;-1;-1;2;0;0;2;2;2;-1;0;0;0;0;0;0;0;0;0;0;0;0;0;1;1;0;1;-1;-1;1;0;-1;-1;-1;-1;-1;-1;-1;-1;-1;4;4;27;50;92;12;50;73;23;7.23;4.23;4.38;1.77;Ararat;Shirak;0.53;1.93;0.62;2;0.44;1.81;96;96;73;50;8;44;28;12;0;0;0;133;30;Y;Y;Y;Y;Y;N;Y
43329;881;882;2016/2017;complete;191;28;-1;44;72;1;1;2;5;1;6;2;2;2;1;0;0;5;4;5;4;10;8;15;15;50;50;2;1;0;0;0;0;0;0;0;0;0;0;0;0;0;0;0;0;0;0;0;0;0;0;0;0;0;0;0;0;0;0;0;0;0;0;0;0;0;0;0;0;0;0;0;0;0;0;0;0;0;0;0;0;0;0;0;0;0;0;0;0;0;0;0;0;0;0;0;0;2;1;0;0;1;1;1;2017-05-20 15:00:00;-1;0;23;12;16;0;-1;1;-1;-1;-1;-1;-1;-1;0;1;2;0;1;2;-1;0;0;0;0;0;0;0;0;0;0;0;0;0;1;1;0;0;-1;-1;0;1;-1;-1;-1;-1;-1;-1;-1;-1;-1;8;15;31;50;89;46;62;54;16;8.87;3.23;3.08;1.97;Gandzasar;Pyunik;2.07;1.53;2.08;1.46;1.93;1.41;92;85;69;50;12;56;40;36;0;0;0;133;30;Y;Y;N;N;N;N;Y
43330;882;885;2016/2017;complete;191;29;-1;73,88;34;2;1;3;4;2;6;1;3;2;5;0;0;7;8;9;13;16;21;11;12;55;45;2;5;0;0;0;0;0;0;0;0;0;0;0;0;0;0;0;0;0;0;0;0;0;0;0;0;0;0;0;0;0;0;0;0;0;0;0;0;0;0;0;0;0;0;0;0;0;0;0;0;0;0;0;0;0;0;0;0;0;0;0;0;0;0;0;0;0;0;0;0;3;0;1;2;0;2;1;2017-05-27 13:00:00;882;0;36;7;21;0;-1;1;-1;-1;-1;-1;-1;-1;0;1;2;4;1;6;-1;0;0;0;0;0;0;0;0;0;0;0;0;0;1;1;0;0;-1;-1;0;0;-1;-1;-1;-1;-1;-1;-1;-1;-1;4;18;54;72;86;22;71;79;43;6.72;3.35;4.64;2.32;Pyunik;Ararat;1.47;0.27;1.36;0.29;1.39;0.43;97;82;47;29;14;33;11;7;0;0;0;133;30;Y;Y;Y;N;N;N;Y
43331;881;884;2016/2017;complete;191;29;-1;21,62;36;2;1;3;7;2;9;4;3;2;2;1;0;8;4;6;1;14;5;14;15;52;48;3;2;0;0;0;0;0;0;0;0;0;0;0;0;0;0;0;0;0;0;0;0;0;0;0;0;0;0;0;0;0;0;0;0;0;0;0;0;0;0;0;0;0;0;0;0;0;0;0;0;0;0;0;0;0;0;0;0;0;0;0;0;0;0;0;0;0;0;0;0;3;1;1;1;0;1;2;2017-05-27 15:00:00;881;0;29;11;7;0;-1;1;-1;-1;-1;-1;-1;-1;0;2;3;0;2;3;-1;0;0;0;0;0;0;0;1;0;1;0;0;0;1;1;0;0;-1;-1;0;0;-1;-1;-1;-1;-1;-1;-1;-1;-1;7;14;29;57;97;32;57;82;14;8.31;3.21;3.65;2.04;Gandzasar;Banants;2.07;0.6;2;0.64;1.89;0.75;93;86;71;43;4;51;37;30;0;0;0;133;30;Y;Y;Y;N;N;N;Y
43332;96;883;2016/2017;complete;191;29;-1;41,54,63;78;3;1;4;3;5;8;2;0;2;3;0;0;8;5;9;5;17;10;10;18;44;56;2;3;0;0;0;0;0;0;0;0;0;0;0;0;0;0;0;0;0;0;0;0;0;0;0;0;0;0;0;0;0;0;0;0;0;0;0;0;0;0;0;0;0;0;0;0;0;0;0;0;0;0;0;0;0;0;0;0;0;0;0;0;0;0;0;0;0;0;0;0;4;1;0;2;1;3;1;2017-05-28 13:00:00;96;0;40;21;18;0;-1;1;-1;-1;-1;-1;-1;-1;2;1;0;2;3;2;-1;0;0;0;0;0;0;0;0;0;0;0;0;0;1;1;0;0;-1;-1;0;0;-1;-1;-1;-1;-1;-1;-1;-1;-1;18;29;47;65;86;29;61;71;36;9.07;5.71;4.15;2.47;Alashkert;Shirak;1.73;1.93;1.64;2.07;2.07;1.86;83;72;54;36;14;55;41;22;0;0;0;133;30;Y;Y;Y;Y;N;N;Y
43333;883;881;2016/2017;complete;191;30;-1;;;0;0;0;4;4;8;2;1;4;1;0;0;5;5;11;12;16;17;18;8;48;52;4;1;0;0;0;0;0;0;0;0;0;0;0;0;0;0;0;0;0;0;0;0;0;0;0;0;0;0;0;0;0;0;0;0;0;0;0;0;0;0;0;0;0;0;0;0;0;0;0;0;0;0;0;0;0;0;0;0;0;0;0;0;0;0;0;0;0;0;0;0;0;0;0;0;0;0;0;2017-05-31 13:00:00;-1;0;32;4;25;0;-1;1;-1;-1;-1;-1;-1;-1;3;1;1;0;4;1;-1;0;0;0;0;0;0;0;0;0;0;0;0;0;1;1;0;0;-1;-1;2;1;-1;-1;-1;-1;-1;-1;-1;-1;-1;4;14;36;50;86;18;57;64;36;10.72;4.57;5.36;1.89;Shirak;Gandzasar;1.6;1.73;1.64;1.79;1.79;1.93;97;86;65;50;14;57;43;43;0;0;0;133;30;N;N;N;N;N;N;N
43334;884;882;2016/2017;complete;191;30;-1;;39,76;0;2;2;8;9;17;-1;-1;1;4;0;0;4;5;5;9;9;14;-1;-1;-1;-1;1;4;0;0;0;0;0;0;0;0;0;0;0;0;0;0;0;0;0;0;0;0;0;0;0;0;0;0;0;0;0;0;0;0;0;0;0;0;0;0;0;0;0;0;0;0;0;0;0;0;0;0;0;0;0;0;0;0;0;0;0;0;0;0;0;0;0;0;0;0;2;0;1;0;1;1;1;2017-05-31 13:00:00;882;0;33;11;18;0;-1;1;-1;-1;-1;-1;-1;-1;0;3;1;1;3;2;-1;0;0;0;0;0;0;0;0;0;0;0;0;0;1;1;0;0;-1;-1;0;0;-1;-1;-1;-1;-1;-1;-1;-1;-1;7;11;40;54;83;40;61;54;21;7.72;3.43;3.07;1.97;Banants;Pyunik;0.8;1.53;0.86;1.43;0.72;1.45;93;90;61;47;18;47;36;36;0;0;0;133;30;Y;Y;N;N;N;N;N
43335;885;96;2016/2017;complete;191;30;-1;73;13,47,65,76;1;4;5;4;4;8;2;3;1;3;0;0;8;10;14;9;22;19;9;15;54;46;1;3;0;0;0;0;0;0;0;0;0;0;0;0;0;0;0;0;0;0;0;0;0;0;0;0;0;0;0;0;0;0;0;0;0;0;0;0;0;0;0;0;0;0;0;0;0;0;0;0;0;0;0;0;0;0;0;0;0;0;0;0;0;0;0;0;0;0;0;0;5;0;1;1;3;4;1;2017-05-31 14:00:00;96;0;40;11;18;0;-1;1;-1;-1;-1;-1;-1;-1;1;1;0;2;2;2;-1;0;0;0;0;0;0;0;0;0;0;0;0;0;1;1;0;0;-1;-1;0;0;-1;-1;-1;-1;-1;-1;-1;-1;-1;4;7;54;68;93;25;64;79;36;8.43;6.07;4.21;2.25;Ararat;Alashkert;0.53;2.53;0.57;2.5;0.41;2.1;97;93;47;32;7;40;29;21;0;0;0;133;30;Y;Y;Y;Y;Y;N;Y
