ID;HOMEID;AWAYID;SEASON;STATUS;ROUNDID;GAME_WEEK;REVISED_GAME_WEEK;HOMEGOALS;AWAYGOALS;HOMEGOALCOUNT;AWAYGOALCOUNT;TOTALGOALCOUNT;TEAM_A_CORNERS;TEAM_B_CORNERS;TOTALCORNERCOUNT;TEAM_A_OFFSIDES;TEAM_B_OFFSIDES;TEAM_A_YELLOW_CARDS;TEAM_B_YELLOW_CARDS;TEAM_A_RED_CARDS;TEAM_B_RED_CARDS;TEAM_A_SHOTSONTARGET;TEAM_B_SHOTSONTARGET;TEAM_A_SHOTSOFFTARGET;TEAM_B_SHOTSOFFTARGET;TEAM_A_SHOTS;TEAM_B_SHOTS;TEAM_A_FOULS;TEAM_B_FOULS;TEAM_A_POSSESSION;TEAM_B_POSSESSION;TEAM_A_CARDS_NUM;TEAM_B_CARDS_NUM;ODDS_FT_1;ODDS_FT_X;ODDS_FT_2;ODDS_FT_OVER05;ODDS_FT_OVER15;ODDS_FT_OVER25;ODDS_FT_OVER35;ODDS_FT_OVER45;ODDS_FT_UNDER05;ODDS_FT_UNDER15;ODDS_FT_UNDER25;ODDS_FT_UNDER35;ODDS_FT_UNDER45;ODDS_BTTS_YES;ODDS_BTTS_NO;ODDS_TEAM_A_CS_YES;ODDS_TEAM_A_CS_NO;ODDS_TEAM_B_CS_YES;ODDS_TEAM_B_CS_NO;ODDS_DOUBLECHANCE_1X;ODDS_DOUBLECHANCE_12;ODDS_DOUBLECHANCE_X2;ODDS_1ST_HALF_RESULT_1;ODDS_1ST_HALF_RESULT_X;ODDS_1ST_HALF_RESULT_2;ODDS_2ND_HALF_RESULT_1;ODDS_2ND_HALF_RESULT_X;ODDS_2ND_HALF_RESULT_2;ODDS_DNB_1;ODDS_DNB_2;ODDS_CORNERS_OVER_75;ODDS_CORNERS_OVER_85;ODDS_CORNERS_OVER_95;ODDS_CORNERS_OVER_105;ODDS_CORNERS_OVER_115;ODDS_CORNERS_UNDER_75;ODDS_CORNERS_UNDER_85;ODDS_CORNERS_UNDER_95;ODDS_CORNERS_UNDER_105;ODDS_CORNERS_UNDER_115;ODDS_CORNERS_1;ODDS_CORNERS_X;ODDS_CORNERS_2;ODDS_TEAM_TO_SCORE_FIRST_1;ODDS_TEAM_TO_SCORE_FIRST_X;ODDS_TEAM_TO_SCORE_FIRST_2;ODDS_WIN_TO_NIL_1;ODDS_WIN_TO_NIL_2;ODDS_1ST_HALF_OVER05;ODDS_1ST_HALF_OVER15;ODDS_1ST_HALF_OVER25;ODDS_1ST_HALF_OVER35;ODDS_1ST_HALF_UNDER05;ODDS_1ST_HALF_UNDER15;ODDS_1ST_HALF_UNDER25;ODDS_1ST_HALF_UNDER35;ODDS_2ND_HALF_OVER05;ODDS_2ND_HALF_OVER15;ODDS_2ND_HALF_OVER25;ODDS_2ND_HALF_OVER35;ODDS_2ND_HALF_UNDER05;ODDS_2ND_HALF_UNDER15;ODDS_2ND_HALF_UNDER25;ODDS_2ND_HALF_UNDER35;ODDS_BTTS_1ST_HALF_YES;ODDS_BTTS_1ST_HALF_NO;ODDS_BTTS_2ND_HALF_YES;ODDS_BTTS_2ND_HALF_NO;OVERALLGOALCOUNT;HT_GOALS_TEAM_A;HT_GOALS_TEAM_B;GOALS_2HG_TEAM_A;GOALS_2HG_TEAM_B;GOALCOUNT_2HG;HTGOALCOUNT;DATE_UNIX;WINNINGTEAM;NO_HOME_AWAY;BTTS_POTENTIAL;BTTS_FHG_POTENTIAL;BTTS_2HG_POTENTIAL;GOALTIMINGDISABLED;CORNER_TIMINGS_RECORDED;CARD_TIMINGS_RECORDED;TEAM_A_FH_CORNERS;TEAM_B_FH_CORNERS;TEAM_A_2H_CORNERS;TEAM_B_2H_CORNERS;CORNER_FH_COUNT;CORNER_2H_COUNT;TEAM_A_FH_CARDS;TEAM_B_FH_CARDS;TEAM_A_2H_CARDS;TEAM_B_2H_CARDS;TOTAL_FH_CARDS;TOTAL_2H_CARDS;ATTACKS_RECORDED;TEAM_A_DANGEROUS_ATTACKS;TEAM_B_DANGEROUS_ATTACKS;TEAM_A_ATTACKS;TEAM_B_ATTACKS;TEAM_A_XG;TEAM_B_XG;TOTAL_XG;TEAM_A_PENALTIES_WON;TEAM_B_PENALTIES_WON;TEAM_A_PENALTY_GOALS;TEAM_B_PENALTY_GOALS;TEAM_A_PENALTY_MISSED;TEAM_B_PENALTY_MISSED;PENS_RECORDED;GOAL_TIMINGS_RECORDED;TEAM_A_0_10_MIN_GOALS;TEAM_B_0_10_MIN_GOALS;TEAM_A_CORNERS_0_10_MIN;TEAM_B_CORNERS_0_10_MIN;TEAM_A_CARDS_0_10_MIN;TEAM_B_CARDS_0_10_MIN;THROWINS_RECORDED;TEAM_A_THROWINS;TEAM_B_THROWINS;FREEKICKS_RECORDED;TEAM_A_FREEKICKS;TEAM_B_FREEKICKS;GOALKICKS_RECORDED;TEAM_A_GOALKICKS;TEAM_B_GOALKICKS;O45_POTENTIAL;O35_POTENTIAL;O25_POTENTIAL;O15_POTENTIAL;O05_POTENTIAL;O15HT_POTENTIAL;O05HT_POTENTIAL;O05_2H_POTENTIAL;O15_2H_POTENTIAL;CORNERS_POTENTIAL;OFFSIDES_POTENTIAL;CARDS_POTENTIAL;AVG_POTENTIAL;HOME_NAME;AWAY_NAME;HOME_PPG;AWAY_PPG;PRE_MATCH_HOME_PPG;PRE_MATCH_AWAY_PPG;PRE_MATCH_TEAMA_OVERALL_PPG;PRE_MATCH_TEAMB_OVERALL_PPG;U45_POTENTIAL;U35_POTENTIAL;U25_POTENTIAL;U15_POTENTIAL;U05_POTENTIAL;CORNERS_O85_POTENTIAL;CORNERS_O95_POTENTIAL;CORNERS_O105_POTENTIAL;TEAM_A_XG_PREMATCH;TEAM_B_XG_PREMATCH;TOTAL_XG_PREMATCH;COMPETITION_ID;MATCHES_COMPLETED_MINIMUM;OVER05;OVER15;OVER25;OVER35;OVER45;OVER55;BTTS
648030;885;10519;2019/2020;complete;51318;1;-1;60;;1;0;1;3;2;5;4;3;0;0;0;0;8;4;12;3;20;7;6;14;57;43;0;0;1.71;3.45;4;1.04;1.31;2;3.55;6.7;8;3.05;1.71;1.24;1.07;1.91;1.77;0;0;0;0;1.14;1.25;2.25;0;0;0;0;0;0;0;0;0;0;0;0;0;0;0;0;0;0;0;0;0;0;0;0;0;0;0;0;0;0;0;0;0;0;0;0;0;0;0;0;0;0;0;0;0;0;1;0;0;1;0;1;0;2019-08-02 15:30:00;885;0;0;0;0;0;1;-1;0;1;3;1;1;4;0;0;0;0;0;0;1;87;36;115;77;2.44;0.99;3.43;-1;-1;-1;-1;-1;-1;-1;1;0;0;0;1;-1;-1;-1;-1;-1;-1;-1;-1;-1;-1;-1;0;0;0;0;0;0;0;0;0;0;0;0;0;Ararat;Yerevan;1.29;0;0;0;0;0;0;0;0;0;0;0;0;0;0;0;0;2403;24;Y;N;N;N;N;N;N
648031;883;884;2019/2020;complete;51318;1;-1;19,40,58;71;3;1;4;4;5;9;-1;-1;-1;-1;-1;-1;6;7;2;2;8;9;-1;-1;45;55;-1;-1;3.05;3.1;2.1;1.05;1.37;2.15;4;7.5;7.25;2.8;1.61;1.19;1.05;1.87;1.8;0;0;0;0;1.73;1.3;1.29;4.15;2.07;2.63;3.4;2.25;2.7;0;0;0;0;0;0;0;0;0;0;0;0;0;0;0;2.25;7.5;1.83;4.8;3.5;1.44;2.93;9.5;34;2.58;1.35;1.04;1;1.3;2.32;4.7;18;3.2;1.54;1.15;1.01;0;0;0;0;4;2;0;1;1;2;2;2019-08-02 13:00:00;883;0;0;0;0;0;1;-1;1;1;3;4;2;7;-1;-1;-1;-1;-1;-1;1;35;32;90;102;1.19;1.3;2.49;-1;-1;-1;-1;-1;-1;-1;1;0;0;0;1;-1;-1;-1;-1;-1;-1;-1;-1;-1;-1;-1;0;0;0;0;0;0;0;0;0;0;0;0;0;Shirak;Banants;2.07;1.42;0;0;0;0;0;0;0;0;0;0;0;0;0;0;0;2403;24;Y;Y;Y;Y;N;N;Y
648032;882;1361;2019/2020;complete;51318;1;-1;11,68,75;81;3;1;4;1;5;6;-1;-1;0;1;0;0;5;5;4;6;9;11;-1;-1;50;50;0;1;1.77;3.45;3.7;1.02;1.23;1.77;2.95;5.4;9.5;3.6;1.91;1.34;1.11;1.69;2;0;0;0;0;1.18;1.21;1.69;2.4;2.1;4.33;2.1;2.6;3.75;0;0;0;0;0;0;0;0;0;0;0;0;0;0;0;1.62;11;2.5;3.35;7.3;1.33;2.75;6.5;13;3;1.4;1.08;1.01;1.21;1.97;3.9;9;3.9;1.74;1.22;1.05;0;0;0;0;4;1;0;2;1;3;1;2019-09-26 15:30:00;882;0;63;13;13;0;1;1;1;1;0;4;2;4;0;0;0;1;0;1;1;0;0;0;0;1.35;1.7;3.05;0;0;0;0;0;0;1;1;0;0;0;0;0;0;-1;-1;-1;-1;-1;-1;-1;-1;-1;25;25;50;75;100;25;75;100;25;8.67;0;4.83;2.75;Pyunik;Lori;1.25;1.07;0.75;2;1.29;2.17;75;75;50;25;0;42;25;25;1.6;1.73;3.33;2403;24;Y;Y;Y;Y;N;N;Y
648033;96;1362;2019/2020;complete;51318;1;-1;37,89;29;2;1;3;-1;-1;-1;-1;-1;3;3;0;0;-1;-1;-1;-1;-1;-1;-1;-1;-1;-1;3;3;2.65;3.1;2.35;1.03;1.28;1.91;3.3;6.15;8.5;3.25;1.77;1.27;1.08;1.71;2;0;0;0;0;0;0;0;0;0;0;0;0;0;0;0;0;0;0;0;0;0;0;0;0;0;0;0;0;0;0;0;0;0;0;0;0;0;0;0;0;0;0;0;0;0;0;0;0;0;0;0;0;0;3;1;1;1;0;1;2;2019-10-29 11:00:00;96;0;70;10;30;0;-1;1;-1;-1;-1;-1;-1;-1;1;1;2;2;2;4;-1;0;0;0;0;0;0;0;0;0;0;0;0;0;1;1;0;0;-1;-1;1;0;-1;-1;-1;-1;-1;-1;-1;-1;-1;10;10;60;80;100;30;80;90;40;11.05;0;3;2.7;Alashkert;FC Avan Academy;1.43;1.43;1.8;1.4;1.73;2.2;90;90;40;20;0;45;45;23;1.76;1.57;3.33;2403;28;Y;Y;Y;N;N;N;Y
648034;881;1360;2019/2020;complete;51318;1;-1;83;70;1;1;2;4;13;17;1;2;3;4;0;0;12;16;11;5;23;21;16;20;49;51;3;4;1.8;4;3.4;0;0;0;0;0;0;0;0;0;0;0;0;0;0;0;0;1.29;1.2;1.83;0;0;0;0;0;0;0;0;0;0;0;0;0;0;0;0;0;0;0;0;0;0;0;0;0;0;0;0;0;0;0;0;0;0;0;0;0;0;0;0;0;0;0;0;0;0;2;0;0;1;1;2;0;2019-08-03 15:00:00;-1;0;0;0;0;0;1;1;1;8;3;5;9;8;1;2;2;2;3;4;1;36;52;69;79;2.54;2.81;5.35;0;1;0;1;0;0;1;1;0;0;0;2;0;0;-1;-1;-1;-1;-1;-1;-1;-1;-1;0;0;0;0;0;0;0;0;0;0;0;0;0;Gandzasar;Artsakh;1.58;1.14;0;0;0;0;0;0;0;0;0;0;0;0;0;0;0;2403;24;Y;Y;N;N;N;N;Y
648035;10519;1360;2019/2020;complete;51318;2;-1;;71,76;0;2;2;0;11;11;-1;-1;-1;-1;-1;-1;2;6;6;11;8;17;-1;-1;50;50;-1;-1;6;3.8;1.5;0;0;1.95;0;0;0;0;1.85;0;0;0;0;0;0;0;0;2.38;1.22;1.1;5.5;2.25;2.05;0;0;0;0;0;0;0;0;0;0;0;0;0;0;0;0;0;0;0;0;0;0;0;0;0;0;0;0;0;0;0;0;0;0;0;0;0;0;0;0;0;0;0;2;0;0;0;2;2;0;2019-08-09 13:00:00;1360;0;50;0;50;0;-1;-1;-1;-1;-1;-1;-1;-1;-1;-1;-1;-1;-1;-1;1;32;67;119;125;0.9;1.98;2.88;-1;-1;-1;-1;-1;-1;-1;1;0;0;-1;-1;-1;-1;-1;-1;-1;-1;-1;-1;-1;-1;-1;0;0;0;50;50;0;0;50;50;13;2;4;1;Yerevan;Artsakh;0;1.14;0;1;0;1;50;50;50;0;0;50;50;50;0;2.81;2.81;2403;24;Y;Y;N;N;N;N;N
648036;1362;881;2019/2020;complete;51318;2;-1;72,84,89;30;3;1;4;7;2;9;2;1;2;5;0;1;9;3;8;0;17;3;19;25;55;45;2;6;1.5;3.95;4.95;0;0;2.05;0;0;0;0;1.75;0;0;0;0;0;0;0;0;1.12;1.22;2.38;2.2;2.2;5;0;0;0;0;0;0;0;0;0;0;0;0;0;0;0;0;0;0;0;0;0;0;0;0;0;0;0;0;0;0;0;0;0;0;0;0;0;0;0;0;0;0;0;4;0;1;3;0;3;1;2019-08-10 15:30:00;1362;0;0;0;0;0;1;1;1;2;6;0;3;6;0;0;2;6;0;8;1;34;21;52;39;1.94;0.55;2.49;1;0;1;0;0;0;1;1;0;0;1;0;0;0;-1;-1;-1;-1;-1;-1;-1;-1;-1;0;0;0;0;0;0;0;0;0;0;0;0;0;FC Avan Academy;Gandzasar;2.29;1;0;0;0;1;0;0;0;0;0;0;0;0;0;0;0;2403;24;Y;Y;Y;Y;N;N;Y
648037;1361;96;2019/2020;complete;51318;2;-1;26,61;29;2;1;3;2;8;10;-1;-1;6;2;0;0;6;5;2;8;8;13;-1;-1;50;50;6;2;2.62;3.4;2.38;1.08;1.42;2.35;3.94;9;7;2.61;1.57;1.2;1.05;1.98;1.9;0;0;0;0;1.5;1.29;1.4;3.4;2;3.2;3.2;2.26;2.87;0;0;0;0;0;0;0;0;0;0;0;0;0;0;0;2;7.5;2;4.4;3.8;1.48;3.1;9;16;2.47;1.32;1.06;1.01;1.33;2.44;5.2;13;3.04;1.49;1.13;1.02;0;0;0;0;3;1;1;1;0;1;2;2019-08-11 13:00:00;1361;0;0;0;0;0;1;1;0;4;2;4;4;6;3;1;3;1;4;4;1;35;81;81;137;1.19;1.76;2.95;0;0;0;0;0;0;1;1;0;0;0;0;1;0;-1;-1;-1;-1;-1;-1;-1;-1;-1;0;0;0;0;0;0;0;0;0;0;0;0;0;Lori;Alashkert;1.92;1.93;0;0;0;0;0;0;0;0;0;0;0;0;0;0;0;2403;27;Y;Y;Y;N;N;N;Y
648038;884;882;2019/2020;complete;51318;2;-1;;78,82,90;0;3;3;4;10;14;2;0;1;1;0;0;9;8;3;11;12;19;14;9;50;50;1;1;3.1;3.13;2.28;0;0;0;0;0;0;0;0;0;0;0;0;0;0;0;0;0;0;0;0;0;0;0;0;0;0;0;0;0;0;0;0;0;0;0;0;0;0;0;0;0;0;0;0;0;0;0;0;0;0;0;0;0;0;0;0;0;0;0;0;0;0;0;0;0;3;0;0;0;3;3;0;2019-08-11 15:30:00;882;0;0;0;0;0;-1;1;-1;-1;-1;-1;-1;-1;0;1;1;0;1;1;-1;0;0;0;0;0;0;0;0;0;0;0;0;0;1;1;0;0;-1;-1;0;0;-1;-1;-1;-1;-1;-1;-1;-1;-1;0;0;0;0;0;0;0;0;0;0;0;0;0;Banants;Pyunik;1.58;1.42;0;0;0;0;0;0;0;0;0;0;0;0;0;0;0;2403;24;Y;Y;Y;N;N;N;N
648039;885;883;2019/2020;complete;51318;2;-1;57;55;1;1;2;3;5;8;0;1;0;0;0;0;7;9;2;8;9;17;11;13;50;50;0;0;2.95;3.5;2;1.07;1.35;2.15;3.4;7.5;7.5;2.88;1.67;1.26;1.07;1.87;2.02;0;0;0;0;1.5;1.29;1.53;3.2;2.05;3.25;2.8;2.34;3.14;0;0;1.32;1.67;2.28;2.75;0;3.34;2.21;1.63;1.45;0;2.27;7.63;2.03;2;8;2;4;4.4;1.42;2.84;7;17;2.65;1.37;1.07;1.01;1.29;2.27;4.5;12;3.26;1.56;1.17;1.03;0;0;0;0;2;0;0;1;1;2;0;2019-08-09 15:30:00;-1;0;0;0;0;0;1;-1;2;3;1;2;5;3;0;0;0;0;0;0;1;76;86;129;140;1.62;2.33;3.95;-1;-1;-1;-1;-1;-1;-1;1;0;0;1;0;-1;-1;-1;-1;-1;-1;-1;-1;-1;-1;-1;0;0;0;0;50;0;0;50;0;3;4;0;0.5;Ararat;Shirak;1.29;1.29;3;0;3;3;50;50;50;50;0;0;0;0;2.44;0;2.44;2403;27;Y;Y;N;N;N;N;Y
648040;883;10519;2019/2020;complete;51318;3;-1;29,42;39;2;1;3;7;1;8;-1;-1;-1;-1;-1;-1;13;3;17;1;30;4;-1;-1;50;50;-1;-1;1.56;3.7;4.7;0;0;1.7;0;0;0;0;2.1;0;0;0;0;0;0;0;0;1.06;1.2;2.62;1.91;2.4;6;0;0;0;0;0;0;0;0;0;0;0;0;0;0;0;0;0;0;0;0;0;0;0;0;0;0;0;0;0;0;0;0;0;0;0;0;0;0;0;0;0;0;0;3;2;1;0;0;0;3;2019-08-16 13:00:00;883;0;50;0;50;0;1;-1;4;0;3;1;4;4;-1;-1;-1;-1;-1;-1;1;93;41;118;112;3.46;0.78;4.24;-1;-1;-1;-1;-1;-1;-1;1;0;0;0;0;-1;-1;-1;-1;-1;-1;-1;-1;-1;-1;-1;0;50;50;50;100;50;50;100;50;6;2;0;2.5;Shirak;Yerevan;2.07;0;3;0;2;0;100;50;50;50;0;50;0;0;1.19;0.99;2.18;2403;24;Y;Y;Y;N;N;N;Y
648041;882;885;2019/2020;complete;51318;3;-1;65;44,79,85,90;1;4;5;7;1;8;-1;-1;1;3;0;0;2;7;19;2;21;9;-1;-1;50;50;1;3;1.5;4;5;1.05;1.3;1.95;3.14;5.6;9;3.14;1.83;1.3;1.11;1.92;1.97;0;0;0;0;1.11;1.25;2.2;2.1;2.2;5.5;1.99;2.54;4.84;0;0;0;0;0;0;0;0;0;0;0;0;0;0;0;1.52;7.6;3.18;0;0;1.38;2.68;7.5;17;2.78;1.42;1.07;1.01;1.23;2.14;4.5;11;3.7;1.63;1.17;1.03;0;0;0;0;5;0;1;1;3;4;1;2019-08-19 15:15:00;885;0;0;0;0;0;1;1;5;1;2;0;6;2;0;2;1;1;2;2;1;85;42;137;98;2.08;1.37;3.45;0;0;0;0;0;0;1;1;0;0;2;1;0;0;-1;-1;-1;-1;-1;-1;-1;-1;-1;0;0;0;0;0;0;0;0;0;0;0;0;0;Pyunik;Ararat;1.25;1;0;0;3;2;0;0;0;0;0;0;0;0;0;0;0;2403;24;Y;Y;Y;Y;Y;N;Y
648042;96;884;2019/2020;complete;51318;3;-1;20,54;12;2;1;3;-1;-1;-1;-1;-1;1;1;0;0;-1;-1;-1;-1;-1;-1;-1;-1;-1;-1;1;1;1.8;3.45;3.6;0;0;2;0;0;0;0;1.8;0;0;0;0;0;0;0;0;1.25;1.25;1.83;2.4;2.2;4.33;0;0;0;0;0;0;0;0;0;0;0;0;0;0;0;0;0;0;0;0;0;0;0;0;0;0;0;0;0;0;0;0;0;0;0;0;0;0;0;0;0;0;0;3;1;1;1;0;1;2;2019-08-17 13:15:00;96;0;50;0;50;0;-1;1;-1;-1;-1;-1;-1;-1;1;1;0;0;2;0;-1;0;0;0;0;0;0;0;0;0;0;0;0;0;1;1;0;0;-1;-1;0;0;-1;-1;-1;-1;-1;-1;-1;-1;-1;0;50;50;50;50;50;50;50;50;5;0;0;2;Alashkert;Banants;1.43;1.42;0;0;0;0;50;0;0;0;0;50;0;0;0;1.3;1.3;2403;24;Y;Y;Y;N;N;N;Y
648043;881;1361;2019/2020;complete;51318;3;-1;57;29;1;1;2;8;3;11;-1;-1;0;1;0;0;3;6;5;6;8;12;-1;-1;50;50;0;1;2.2;3.25;2.7;1.07;1.39;2.25;3.74;7;7.5;2.72;1.62;1.22;1.08;1.9;1.98;0;0;0;0;1.4;1.29;1.53;3;2.1;3.4;2.74;2.3;3.3;0;0;0;0;0;0;0;0;0;0;0;0;0;0;0;1.91;8;2.1;0;0;1.46;3.02;7.4;17;2.52;1.33;1.06;1.01;1.31;2.36;4.7;12;3.14;1.52;1.15;1.03;0;0;0;0;2;0;1;1;0;1;1;2019-08-17 15:00:00;-1;0;50;0;50;0;1;1;4;1;4;2;5;6;0;1;0;0;1;0;1;78;32;142;95;1.29;1.42;2.71;0;0;0;0;0;0;1;1;0;0;1;1;0;0;-1;-1;-1;-1;-1;-1;-1;-1;-1;0;0;0;50;50;0;0;50;50;4;1;3;1;Gandzasar;Lori;1.58;1.07;1;0;0.5;3;50;50;50;0;0;50;50;50;2.54;0;2.54;2403;24;Y;Y;N;N;N;N;Y
648044;1360;1362;2019/2020;complete;51318;3;-1;82;47,74;1;2;3;6;4;10;-1;-1;1;1;0;0;2;8;6;5;8;13;-1;-1;50;50;1;1;2.75;3.4;2.2;0;0;2.08;0;0;0;0;1.73;0;0;0;0;0;0;0;0;1.57;1.29;1.36;3.4;2.1;3;0;0;0;0;0;0;0;0;0;0;0;0;0;0;0;0;0;0;0;0;0;0;0;0;0;0;0;0;0;0;0;0;0;0;0;0;0;0;0;0;0;0;0;3;0;0;1;2;3;0;2019-08-18 13:15:00;1362;0;0;0;0;0;1;1;2;1;4;3;3;7;1;0;0;1;1;1;1;50;53;124;119;1.02;1.77;2.8;0;0;0;0;0;0;1;1;0;0;1;0;0;0;-1;-1;-1;-1;-1;-1;-1;-1;-1;0;0;0;0;0;0;0;0;0;0;0;0;0;Artsakh;FC Avan Academy;2.29;1.43;0;0;2;3;0;0;0;0;0;0;0;0;0;0;0;2403;28;Y;Y;Y;N;N;N;Y
648045;10519;1362;2019/2020;complete;51318;4;-1;90;9,29;1;2;3;3;5;8;-1;-1;1;0;0;0;4;9;2;9;6;18;-1;-1;50;50;1;0;7.5;5.25;1.3;0;0;1.6;0;0;0;0;2.3;0;0;0;0;0;0;0;0;3.4;1.14;1.07;6;2.6;1.8;0;0;0;0;0;0;0;0;0;0;0;0;0;0;0;0;0;0;0;0;0;0;0;0;0;0;0;0;0;0;0;0;0;0;0;0;0;0;0;0;0;0;0;3;0;2;1;0;1;2;2019-08-25 15:00:00;1362;0;50;0;50;0;1;1;1;2;2;3;3;5;0;0;1;0;0;1;1;37;62;115;119;0.95;2.22;3.16;0;0;0;0;0;0;1;1;0;1;0;0;0;0;-1;-1;-1;-1;-1;-1;-1;-1;-1;0;0;50;100;100;0;0;100;100;4;0;1;2.5;Yerevan;FC Avan Academy;0;1.43;0;3;0;3;100;100;50;0;0;100;100;50;0.9;1.77;2.67;2403;24;Y;Y;Y;N;N;N;Y
648046;1361;1360;2019/2020;complete;51318;4;-1;10;;1;0;1;2;5;7;-1;-1;-1;-1;-1;-1;7;0;5;10;12;10;-1;-1;50;50;-1;-1;1.65;3.5;5;0;0;2.1;0;0;0;0;1.7;0;0;0;0;0;0;0;0;1.14;1.29;2.2;2.3;2.1;5;0;0;0;0;0;0;0;0;0;0;0;0;0;0;0;0;0;0;0;0;0;0;0;0;0;0;0;0;0;0;0;0;0;0;0;0;0;0;0;0;0;0;0;1;1;0;0;0;0;1;2019-08-24 13:00:00;1361;0;75;50;25;0;1;-1;0;3;2;2;3;4;-1;-1;-1;-1;-1;-1;1;32;63;91;141;1.49;1.1;2.59;-1;-1;-1;-1;-1;-1;-1;1;1;0;0;0;-1;-1;-1;-1;-1;-1;-1;-1;-1;-1;-1;0;0;50;100;100;50;50;100;50;14;0;10;2.5;Lori;Artsakh;1.92;1.14;3;2;2;1.33;100;100;50;0;0;100;100;50;1.19;2.4;3.59;2403;27;Y;N;N;N;N;N;N
648047;884;881;2019/2020;complete;51318;4;-1;51;53;1;1;2;4;5;9;-1;-1;-1;-1;-1;-1;6;3;10;7;16;10;-1;-1;50;50;-1;-1;2.1;3.25;3;0;0;2.25;0;0;0;0;1.62;0;0;0;0;0;0;0;0;1.33;1.3;1.62;2.88;2.05;3.75;0;0;0;0;0;0;0;0;0;0;0;0;0;0;0;0;0;0;0;0;0;0;0;0;0;0;0;0;0;0;0;0;0;0;0;0;0;0;0;0;0;0;0;2;0;0;1;1;2;0;2019-08-24 15:30:00;-1;0;50;0;0;0;1;-1;2;3;2;2;5;4;-1;-1;-1;-1;-1;-1;1;65;39;131;99;1.91;1.13;3.04;-1;-1;-1;-1;-1;-1;-1;1;0;0;0;2;-1;-1;-1;-1;-1;-1;-1;-1;-1;-1;-1;0;50;100;100;100;0;50;100;100;6;3;7;3.5;Banants;Gandzasar;1.58;1;0;0;0;0.67;100;50;0;0;0;100;50;50;0;0.55;0.55;2403;24;Y;Y;N;N;N;N;Y
648048;885;96;2019/2020;complete;51318;4;-1;84;45;1;1;2;9;2;11;-1;-1;4;1;1;0;6;4;7;8;13;12;-1;-1;50;50;5;1;2.82;3.54;2.3;1.05;1.29;1.85;3.08;5.8;9;3.19;1.93;1.31;1.1;1.75;2.17;0;0;0;0;1.65;1.29;1.32;3.76;2.16;2.67;3.52;2.45;2.44;0;0;0;0;0;0;0;0;0;0;0;0;0;0;0;2.2;10;1.8;5.8;3.5;1.38;2.65;6.5;17;2.8;1.42;1.08;1.01;1.24;2.12;4.2;10;3.6;1.64;1.19;1.04;0;0;0;0;2;0;1;1;0;1;1;2019-08-26 15:15:00;-1;0;75;50;25;0;1;1;5;0;4;2;5;6;3;0;2;1;3;3;1;58;56;119;133;1.67;1.46;3.12;0;1;0;1;0;0;1;1;0;0;1;0;0;0;-1;-1;-1;-1;-1;-1;-1;-1;-1;0;0;50;75;100;50;50;100;25;11;1;2;2.25;Ararat;Alashkert;1.29;1.93;2;0;2.33;1.5;100;100;50;25;0;50;50;0;2.03;1.76;3.79;2403;27;Y;Y;N;N;N;N;Y
648049;883;882;2019/2020;complete;51318;4;-1;37,63,80;90;3;1;4;3;7;10;-1;-1;1;2;0;1;6;11;6;4;12;15;-1;-1;50;50;1;3;2.8;3.25;2.2;1.08;1.41;2.25;3.84;8;7;2.64;1.62;1.21;1.06;1.92;1.95;0;0;0;0;1.57;1.3;1.36;3.5;2.05;3;3.46;2.28;2.67;0;0;0;0;0;0;0;0;0;0;0;0;0;0;0;2.1;8;1.91;4.75;3.7;1.47;3.04;7.4;21;2.49;1.33;1.06;1;1.32;2.41;4.7;13;3.1;1.5;1.15;1.02;0;0;0;0;4;1;0;2;1;3;1;2019-08-25 13:00:00;883;0;50;25;25;0;1;1;3;2;0;5;5;5;1;0;0;3;1;3;1;41;84;73;162;1.47;2.34;3.81;0;0;0;0;0;0;1;1;0;0;0;1;1;0;-1;-1;-1;-1;-1;-1;-1;-1;-1;0;25;100;100;100;50;50;75;75;15.5;0;1;3.25;Shirak;Pyunik;2.07;1.42;3;3;2.33;1.5;100;75;0;0;0;75;50;50;2.32;0;2.32;2403;24;Y;Y;Y;Y;N;N;Y
648050;882;10519;2019/2020;complete;51318;5;-1;9,21,42,45;85;4;1;5;-1;-1;-1;-1;-1;-1;-1;-1;-1;-1;-1;-1;-1;-1;-1;-1;-1;-1;-1;-1;-1;1.19;5.5;10.5;1.02;1.13;1.5;2.3;4;12;5.5;2.5;1.55;1.2;2.01;1.88;0;0;0;0;1.02;1.12;4.33;1.57;2.75;9;1.44;3.4;8;0;0;0;0;0;0;0;0;0;0;0;0;0;0;0;1.2;19;4.33;1.91;26;1.22;2.25;5;11;3.75;1.57;1.14;1.02;1.13;1.66;2.85;7;5.1;2.1;1.37;1.08;0;0;0;0;5;4;0;0;1;1;4;2019-08-30 14:00:00;882;0;75;25;50;0;-1;-1;-1;-1;-1;-1;-1;-1;-1;-1;-1;-1;-1;-1;-1;0;0;0;0;0;0;0;-1;-1;-1;-1;-1;-1;-1;1;1;0;-1;-1;-1;-1;-1;-1;-1;-1;-1;-1;-1;-1;-1;50;50;75;75;100;25;75;75;50;8.5;0;1;3.5;Pyunik;Yerevan;1.25;0;0;0;1;0;50;50;25;25;0;0;0;0;2.08;0.88;2.96;2403;24;Y;Y;Y;Y;Y;N;Y
648051;96;883;2019/2020;complete;51318;5;-1;36;50,90;1;2;3;8;5;13;-1;-1;2;2;0;0;4;4;5;5;9;9;-1;-1;50;50;2;2;1.91;3.35;3.35;1.05;1.29;1.95;3.2;6;8.5;3.25;1.85;1.3;1.1;1.67;2.1;0;0;0;0;1.3;1.29;1.73;2.6;2.2;3.75;2.38;2.4;3.6;0;0;0;0;0;0;0;0;0;0;0;0;0;0;0;1.67;9.5;2.4;3.6;5.5;1.36;2.88;7;15;2.88;1.36;1.07;1.01;1.23;2.16;4.1;9;3.7;1.62;1.2;1.05;0;0;0;0;3;1;0;0;2;2;1;2019-08-31 13:00:00;883;0;100;50;50;0;1;1;6;2;2;3;8;5;0;1;2;1;1;3;1;99;84;160;119;1.58;1.46;3.04;0;1;0;1;0;0;1;1;0;0;0;0;0;0;-1;-1;-1;-1;-1;-1;-1;-1;-1;0;0;50;100;100;50;50;100;50;5;0;1;2.5;Alashkert;Shirak;1.43;1.29;3;1;1.33;2.5;100;100;50;0;0;0;0;0;0;2.33;2.33;2403;28;Y;Y;Y;N;N;N;Y
648052;881;885;2019/2020;complete;51318;5;-1;;52;0;1;1;5;0;5;-1;-1;3;3;0;0;3;5;10;2;13;7;-1;-1;50;50;3;3;1.71;3.7;3.7;1.04;1.25;1.8;3;6;9.5;3.5;2;1.33;1.11;1.62;2.2;0;0;0;0;1.36;1.29;1.53;2.88;2.2;3.25;2.5;2.5;3.25;0;0;0;0;0;0;0;0;0;0;0;0;0;0;0;1.73;10;2.2;4.25;5.2;1.33;2.75;6.5;13;3;1.4;1.08;1.01;1.21;2.02;3.9;9;3.9;1.71;1.22;1.05;0;0;0;0;1;0;0;0;1;1;0;2019-08-31 14:00:00;885;0;100;0;75;0;-1;1;-1;-1;-1;-1;-1;-1;1;1;2;2;2;4;1;72;29;127;116;1.56;1.02;2.58;0;0;0;0;0;0;1;1;0;0;-1;-1;0;0;-1;-1;-1;-1;-1;-1;-1;-1;-1;50;50;50;100;100;0;75;100;75;7;0;4.5;3.5;Gandzasar;Ararat;1.58;1;1;3;0.75;2;50;50;50;0;0;50;50;50;1.92;1.37;3.29;2403;24;Y;N;N;N;N;N;N
648053;1360;884;2019/2020;complete;51318;5;-1;17,57;;2;0;2;7;2;9;-1;-1;-1;-1;-1;-1;5;3;4;7;9;10;-1;-1;50;50;-1;-1;2.6;3.1;2.6;1.1;1.4;2.3;3.8;8;6.5;2.7;1.6;1.22;1.06;1.71;2.25;0;0;0;0;1.5;1.36;1.5;3.25;2;3.25;3.13;2.26;2.95;0;0;0;0;0;0;0;0;0;0;0;0;0;0;0;2.13;6.2;2.11;0;0;1.51;3.11;8.3;16;2.5;1.36;1.06;1;1.33;2.4;4.7;12;3.04;1.5;1.15;1.03;0;0;0;0;2;1;0;1;0;1;1;2019-08-29 13:00:00;1360;0;100;25;75;0;1;-1;1;2;6;0;3;6;-1;-1;-1;-1;-1;-1;1;53;52;110;125;1.31;1.23;2.54;0;0;0;0;0;0;1;1;0;0;1;1;-1;-1;-1;-1;-1;-1;-1;-1;-1;-1;-1;0;25;100;100;100;50;50;100;75;11;0;2;3.25;Artsakh;Banants;2.29;1.42;0;0;1;0.25;100;75;0;0;0;100;50;0;1.02;1.3;2.32;2403;24;Y;Y;N;N;N;N;N
648054;1362;1361;2019/2020;complete;51318;5;-1;;;0;0;0;-1;-1;-1;-1;-1;3;2;1;1;-1;-1;-1;-1;-1;-1;-1;-1;-1;-1;4;3;1.59;3.45;5;1.06;1.24;2.08;3.3;6.2;7.75;3;1.74;1.2;1.03;1.91;1.65;1.95;1.59;0;0;1.11;1.23;2.08;2.2;2.15;4.55;2.06;2.65;4.26;0;0;0;0;0;0;0;0;0;0;0;0;0;0;0;1.41;8.25;3.3;2.4;6.55;1.4;3.08;6.5;15;2.92;1.36;1.08;1.02;1.24;2.06;4.1;10;3.6;1.68;1.19;1.04;0;0;0;0;0;0;0;0;0;0;0;2019-11-06 12:00:00;-1;0;55;10;23;0;-1;1;-1;-1;-1;-1;-1;-1;1;1;3;2;2;5;-1;0;0;0;0;0;0;0;0;0;0;0;0;0;1;1;0;0;-1;-1;1;0;-1;-1;-1;-1;-1;-1;-1;-1;-1;0;43;43;65;100;10;65;100;43;11.35;0;4.25;2.5;FC Avan Academy;Lori;2.29;1.07;3;1.75;2;1.91;100;58;58;35;0;53;43;33;1.65;1.61;3.26;2403;27;N;N;N;N;N;N;N
648057;885;1360;2019/2020;complete;51318;6;-1;47;;1;0;1;1;3;4;-1;-1;5;1;1;0;4;6;4;12;8;18;-1;-1;50;50;6;1;1.95;3.3;3.4;1.07;1.32;2.05;3.24;6;7.5;3.05;1.75;1.28;1.09;1.81;1.89;0;0;0;0;1.36;1.25;1.8;2.62;2.1;3.75;2.36;2.42;3.72;0;0;0;0;0;0;0;0;0;0;0;0;0;0;0;1.74;7.4;2.54;3.4;6;1.4;2.76;6.7;15;2.72;1.39;1.07;1.02;1.25;2.17;4.3;10;3.6;1.61;1.18;1.04;0;0;0;0;1;0;0;1;0;1;0;2019-09-15 12:15:00;885;0;50;0;33;0;1;1;0;2;1;1;2;2;2;0;4;1;2;5;1;78;117;124;177;1.36;2.41;3.77;0;0;0;0;0;0;1;1;0;0;0;0;0;0;-1;-1;-1;-1;-1;-1;-1;-1;-1;0;0;0;67;100;0;33;84;50;14.67;1;5.67;1.67;Ararat;Artsakh;1.29;1.14;1.67;1.33;2.2;1.4;100;100;100;33;0;50;50;50;1.91;1.96;3.87;2403;27;Y;N;N;N;N;N;N
648060;96;10519;2019/2020;complete;51318;7;-1;10,14,47,51,90;58;5;1;6;9;1;10;-1;-1;0;2;0;0;11;2;7;1;18;3;-1;-1;50;50;0;2;1.18;6;12;1.02;1.15;1.53;2.19;3.38;13;4.8;2.4;1.66;1.26;2.32;1.67;1.56;2.05;0;0;1.02;1.1;4.33;1.53;2.88;10;1.33;3.75;9;0;0;0;0;0;0;0;0;0;0;0;0;0;0;0;1.14;15;6;1.61;41;1.17;2;4.5;9.5;4.5;1.73;1.17;1.04;1.14;1.65;2.9;7;4.9;2.11;1.35;1.08;0;0;0;0;6;2;0;3;1;4;2;2019-09-17 12:15:00;96;0;84;42;0;0;1;1;5;0;4;1;5;5;0;0;0;2;0;2;1;124;34;139;69;2.8;0.58;3.38;1;0;1;0;0;0;1;1;1;0;0;0;0;0;-1;-1;-1;-1;-1;-1;-1;-1;-1;17;17;84;84;100;59;84;84;25;9.5;0;1.5;3;Alashkert;Yerevan;1.43;0;1.5;0;1.4;0;84;84;17;17;0;50;50;50;1.58;0.88;2.46;2403;24;Y;Y;Y;Y;Y;Y;Y
648061;881;882;2019/2020;complete;51318;7;-1;82;12,59;1;2;3;5;6;11;-1;-1;3;0;0;0;4;5;7;4;11;9;-1;-1;50;50;3;0;4;3.6;1.75;1.06;1.33;2.05;3.34;6.5;8;2.99;1.75;1.27;1.1;1.86;2.04;3.75;1.15;0;0;1.91;1.25;1.2;4.33;2.1;2.4;3.75;2.4;2.25;0;0;0;0;0;0;0;0;0;0;0;0;0;0;0;2.75;9;1.57;6.5;3;1.41;2.8;7.5;17;2.69;1.38;1.06;1.01;1.26;2.21;4.5;10;3.5;1.59;1.17;1.04;0;0;0;0;3;0;1;1;1;2;1;2019-09-17 13:30:00;882;0;59;0;42;0;1;1;1;2;4;4;3;8;1;0;2;0;1;2;1;84;54;141;118;1.59;1.32;2.91;0;0;0;0;0;0;1;1;0;0;0;1;0;0;-1;-1;-1;-1;-1;-1;-1;-1;-1;0;25;50;84;100;0;42;100;67;14.17;0;4;2.59;Gandzasar;Pyunik;1.58;1.42;0.67;1.5;0.67;1.2;100;75;50;17;0;84;84;59;1.8;2.34;4.14;2403;24;Y;Y;Y;N;N;N;Y
648062;1360;883;2019/2020;complete;51318;7;-1;;;0;0;0;5;4;9;-1;-1;2;4;0;0;4;4;5;7;9;11;-1;-1;50;50;2;4;2.45;3;2.65;1.04;1.34;2.1;3.75;7;7.75;2.95;1.65;1.22;1.06;1.8;1.91;0;0;0;0;1.4;1.36;1.53;3.1;2.05;3.25;2.84;2.32;3.13;0;0;0;0;0;0;0;0;0;0;0;0;0;0;0;1.91;8;2.2;4.25;4.6;1.45;2.92;7.4;17;2.57;1.35;1.06;1.01;1.3;2.33;4.7;11;3.2;1.53;1.15;1.03;0;0;0;0;0;0;0;0;0;0;0;2019-09-18 12:15:00;-1;0;75;0;50;0;1;1;1;2;4;2;3;6;0;1;2;3;1;5;1;96;91;151;134;1.56;1.64;3.19;0;0;0;0;0;0;1;1;0;0;1;0;0;0;-1;-1;-1;-1;-1;-1;-1;-1;-1;0;0;50;100;100;0;50;100;75;11.5;0;2;2.5;Artsakh;Shirak;2.29;1.29;1.5;2;1.17;2.33;100;100;50;0;0;75;50;25;1.17;1.89;3.06;2403;28;N;N;N;N;N;N;N
648063;1362;885;2019/2020;complete;51318;7;-1;66;;1;0;1;12;2;14;-1;-1;1;4;0;0;7;2;3;4;10;6;-1;-1;50;50;1;4;1.7;3.4;4.5;0;0;1.7;0;0;0;0;2.1;0;0;0;0;0;0;0;0;1.14;1.29;2;2.2;2.3;4.5;0;0;0;0;0;0;0;0;0;0;0;0;0;0;0;0;0;0;0;0;0;0;0;0;0;0;0;0;0;0;0;0;0;0;0;0;0;0;0;0;0;0;0;1;0;0;1;0;1;0;2019-09-18 13:30:00;1362;0;75;0;25;0;1;1;7;1;5;1;8;6;1;1;0;3;2;3;1;93;28;162;94;1.81;0.74;2.55;0;0;0;0;0;0;1;1;0;0;1;0;0;0;-1;-1;-1;-1;-1;-1;-1;-1;-1;25;75;75;75;100;0;75;100;75;7.5;1;5;3.5;FC Avan Academy;Ararat;2.29;1;3;3;2.5;2.33;75;25;25;25;0;50;0;0;1.94;1.2;3.14;2403;27;Y;N;N;N;N;N;N
648064;1361;884;2019/2020;complete;51318;7;-1;16,37;8;2;1;3;8;2;10;-1;-1;1;3;0;0;5;3;7;2;12;5;-1;-1;50;50;1;3;1.8;3.4;3.75;1.08;1.36;2.05;3.48;6.7;7.5;3.11;1.75;1.3;1.1;1.83;1.83;2.3;1.43;0;0;1.22;1.29;1.83;2.5;2.1;4.33;2.2;2.4;4;0;0;0;0;0;0;0;0;0;0;0;0;0;0;0;1.57;9;2.75;3.1;6.5;1.4;3;8;17;2.75;1.33;1.06;1.01;1.25;2.21;4.3;11;3.6;1.59;1.18;1.03;0;0;0;0;3;2;1;0;0;0;3;2019-09-17 12:00:00;1361;0;59;42;17;0;1;1;7;0;1;2;7;3;1;1;0;2;2;2;1;56;45;107;111;1.52;0.87;2.39;0;0;0;0;0;0;1;1;0;1;2;0;0;0;-1;-1;-1;-1;-1;-1;-1;-1;-1;0;17;59;75;100;59;100;75;17;5.5;0;7;2.5;Lori;Banants;1.92;1.42;3;0;2.5;0.33;100;84;42;25;0;75;25;0;1.34;1.27;2.61;2403;24;Y;Y;Y;N;N;N;Y
648065;10519;884;2019/2020;complete;51318;8;-1;;64;0;1;1;2;7;9;-1;-1;1;1;0;0;0;5;5;9;5;14;-1;-1;50;50;1;1;5.75;4;1.44;1.03;1.22;1.73;2.61;5.5;10;3.74;2.08;1.42;1.13;1.73;2;0;0;0;0;2.5;1.2;1.11;5;2.38;2.05;5;2.7;1.83;0;0;0;0;0;0;0;0;0;0;0;0;0;0;0;3.1;12;1.4;10.5;2.6;1.32;2.41;6.5;13;3.1;1.5;1.08;1.01;1.21;1.91;4.32;11;3.9;1.73;1.14;1.02;0;0;0;0;1;0;0;0;1;1;0;2019-09-21 12:00:00;884;0;54;25;13;0;1;1;2;5;0;2;7;2;0;1;1;0;1;1;1;57;124;73;139;0.73;2.13;2.86;0;0;0;0;0;0;1;1;0;0;0;1;0;0;-1;-1;-1;-1;-1;-1;-1;-1;-1;0;13;54;84;100;54;67;88;29;4;0;4.5;2.5;Yerevan;Banants;0;1.42;0;0;0;0.29;100;88;46;17;0;67;33;17;0.71;1.13;1.84;2403;24;Y;N;N;N;N;N;N
648066;1361;885;2019/2020;complete;51318;8;-1;85;9,55,66,88;1;4;5;4;3;7;-1;-1;1;3;0;0;8;5;8;4;16;9;-1;-1;50;50;1;3;2.25;3.25;2.75;1.06;1.39;2.2;3.74;8;7.5;2.72;1.65;1.22;1.06;2;1.73;2.05;1.54;0;0;1.36;1.3;1.53;3;2.05;3.5;2.3;2.3;4;0;0;0;0;0;0;0;0;0;0;0;0;0;0;0;1.83;8;2.3;2.6;5.3;1.46;3.02;8.5;34;2.52;1.33;1.05;1;1.31;2.36;5.5;12;3.14;1.52;1.13;1.03;0;0;0;0;5;0;1;1;3;4;1;2019-09-22 12:00:00;885;0;50;34;17;0;1;1;2;1;2;2;3;4;0;1;1;2;1;3;1;64;33;139;103;2.04;1.17;3.21;0;0;0;0;0;0;1;1;0;1;1;0;0;0;-1;-1;-1;-1;-1;-1;-1;-1;-1;17;17;50;50;100;34;67;67;17;5;0;6.83;2.33;Lori;Ararat;1.92;1;3;2;2.6;2;84;84;50;50;0;50;50;17;1.4;1.04;2.44;2403;27;Y;Y;Y;Y;Y;N;Y
648067;883;1362;2019/2020;complete;51318;8;-1;29;;1;0;1;2;3;5;-1;-1;2;1;0;0;5;2;2;8;7;10;-1;-1;50;50;2;1;3.75;3.3;1.91;1.05;1.33;2.05;3.26;6.5;8.5;2.98;1.75;1.28;1.08;1.8;1.91;0;0;0;0;1.8;1.33;1.25;4;2.1;2.5;3.75;2.4;2.25;0;0;0;0;0;0;0;0;0;0;0;0;0;0;0;2.5;9;1.67;0;0;1.42;2.8;8;17;2.65;1.38;1.06;1.01;1.26;2.1;5;14;3.5;1.57;1.12;1.02;0;0;0;0;1;1;0;0;0;0;1;2019-09-21 12:00:00;883;0;88;13;42;0;1;1;0;2;2;1;2;3;1;0;1;1;1;2;1;48;75;98;158;1.15;1.33;2.48;0;0;0;0;0;0;1;1;0;0;0;1;0;0;-1;-1;-1;-1;-1;-1;-1;-1;-1;0;25;71;88;88;42;71;75;42;10.58;0;1.67;2.71;Shirak;FC Avan Academy;2.07;1.43;2.5;2.33;2.14;2.6;100;75;29;13;13;54;42;13;1.93;1.84;3.77;2403;28;Y;N;N;N;N;N;N
648068;882;1360;2019/2020;complete;51318;8;-1;30;27,60;1;2;3;3;6;9;-1;-1;2;2;1;0;4;5;4;7;8;12;-1;-1;50;50;3;2;1.91;3.25;3.5;1.1;1.4;2.1;3.74;7.5;6.5;2.68;1.7;1.22;1.07;2.08;1.82;2;1.56;0;0;1.25;1.3;1.73;2.6;2.1;4;2.29;2.34;4.18;0;0;0;0;0;0;0;0;0;0;0;0;0;0;0;1.62;8;2.63;2.55;5.5;1.46;3.04;8;34;2.52;1.33;1.06;1.02;1.31;2.36;5.5;12;3.14;1.52;1.13;1.03;0;0;0;0;3;1;1;0;1;1;2;2019-09-22 13:00:00;1360;0;46;0;29;0;1;1;3;4;0;2;7;2;0;0;3;2;0;5;1;71;96;109;123;1.31;1.8;3.11;0;0;0;0;0;0;1;1;0;0;1;0;0;0;-1;-1;-1;-1;-1;-1;-1;-1;-1;34;34;50;75;100;17;63;88;59;13.5;0;6;2.92;Pyunik;Artsakh;1.25;1.14;1;1;1.5;1.14;67;67;50;25;0;25;25;25;1.75;2.08;3.83;2403;24;Y;Y;Y;N;N;N;Y
648069;96;881;2019/2020;complete;51318;8;-1;39,90;;2;0;2;3;1;4;-1;-1;3;5;0;1;5;4;3;7;8;11;-1;-1;50;50;3;6;1.55;3.5;6;1.04;1.32;2.05;3.24;7.5;8.5;3.04;1.75;1.29;1.06;2.1;1.81;0;0;0;0;1.1;1.25;2.25;2.2;2.1;5.5;1.93;2.4;4.92;0;0;0;0;0;0;0;0;0;0;0;0;0;0;0;1.44;8.5;3.25;0;0;1.4;2.72;8;17;2.72;1.4;1.06;1.01;1.28;2.25;5;15;3.3;1.53;1.1;1.02;0;0;0;0;2;1;0;1;0;1;1;2019-09-21 12:00:00;96;0;84;17;33;0;1;1;1;0;2;1;1;3;0;2;3;4;2;7;1;49;39;124;99;1.23;1.26;2.49;0;0;0;0;0;0;1;1;0;0;0;0;0;0;-1;-1;-1;-1;-1;-1;-1;-1;-1;17;33;67;84;84;34;67;84;67;12.83;0;5;3;Alashkert;Gandzasar;1.43;1;2;0.67;1.67;0.57;84;67;34;17;17;100;67;42;2.19;0.86;3.05;2403;24;Y;Y;N;N;N;N;N
648070;881;10519;2019/2020;complete;51318;9;-1;21,54;;2;0;2;6;1;7;-1;-1;1;1;0;0;6;0;8;7;14;7;-1;-1;50;50;1;1;1.24;5.1;8.5;1.01;1.15;1.54;2.35;4.1;11.5;4.5;2.3;1.5;1.18;1.91;1.8;0;0;0;0;1.04;1.12;3.5;1.67;2.62;7.5;1.7;2.91;5.8;0;0;0;0;0;0;0;0;0;0;0;0;0;0;0;1.25;17;3.75;0;0;1.29;2.29;5;11;3.26;1.55;1.13;1.03;1.16;1.87;3.2;7.5;4.6;1.83;1.3;1.07;0;0;0;0;2;1;0;1;0;1;1;2019-09-27 12:00:00;881;0;75;13;38;0;1;1;2;0;4;1;2;5;0;1;1;0;1;1;1;105;52;126;82;2.06;0.82;2.88;0;0;0;0;0;0;1;1;0;0;0;0;0;0;-1;-1;-1;-1;-1;-1;-1;-1;-1;25;25;50;75;100;38;63;88;38;6.83;0;3.25;2.88;Gandzasar;Yerevan;1.58;0;0.5;0;0.5;0;75;75;50;25;0;54;54;38;1.75;0.78;2.53;2403;24;Y;Y;N;N;N;N;N
648071;1360;96;2019/2020;complete;51318;9;-1;43;68,90;1;2;3;1;3;4;-1;-1;4;4;0;0;5;5;3;4;8;9;-1;-1;50;50;4;4;2.8;3.35;2.1;1.02;1.23;1.77;2.9;5.3;9.5;3.65;1.95;1.34;1.11;1.65;2.1;0;0;0;0;1.62;1.25;1.36;3.25;2.25;2.75;3.1;2.5;2.63;0;0;0;0;0;0;0;0;0;0;0;0;0;0;0;2.25;12;1.73;5;4.1;1.36;2.55;6.5;13;2.89;1.45;1.08;1.01;1.25;2.04;4.33;9;3.75;1.69;1.2;1.05;0;0;0;0;3;1;0;0;2;2;1;2019-09-29 12:00:00;96;0;50;17;17;0;1;1;1;2;0;1;3;1;2;0;2;4;2;6;1;66;86;105;127;1.34;1.55;2.89;0;0;0;0;0;0;1;1;0;0;0;0;0;0;-1;-1;-1;-1;-1;-1;-1;-1;-1;0;0;50;84;84;17;67;84;33;9.67;0;3.5;2.17;Artsakh;Alashkert;2.29;1.93;1.33;1.33;1.38;1.86;100;100;50;17;17;84;50;17;1.3;1.57;2.87;2403;28;Y;Y;Y;N;N;N;Y
648072;1362;882;2019/2020;complete;51318;9;-1;19,58,70;6;3;1;4;5;1;6;-1;-1;3;2;0;0;6;5;4;7;10;12;-1;-1;50;50;3;2;1.95;3.3;3.5;1.05;1.26;1.85;2.92;5.4;9;3.38;1.95;1.34;1.12;1.69;2.28;0;0;0;0;1.25;1.3;1.73;2.63;2.2;3.75;2.35;2.5;3.6;0;0;0;0;0;0;0;0;0;0;0;0;0;0;0;1.67;9.5;2.5;3.6;6;1.36;2.58;7;15;2.9;1.44;1.08;1.02;1.24;2.06;4.32;9;3.6;1.68;1.2;1.05;0;0;0;0;4;1;1;2;0;2;2;2019-09-30 15:00:00;1362;0;59;0;34;0;1;1;4;0;1;1;4;2;2;1;1;1;3;2;1;63;66;91;92;1.51;1.58;3.09;0;0;0;0;0;0;1;1;0;1;0;0;0;1;-1;-1;-1;-1;-1;-1;-1;-1;-1;0;42;75;75;100;0;59;100;75;17.17;0;2.83;2.92;FC Avan Academy;Pyunik;2.29;1.42;3;2;2.17;1.5;100;59;25;25;0;100;75;59;1.87;1.83;3.7;2403;24;Y;Y;Y;Y;N;N;Y
648073;1361;883;2019/2020;complete;51318;9;-1;;;0;0;0;2;5;7;-1;-1;3;1;0;0;3;0;5;7;8;7;-1;-1;50;50;3;1;2.2;3.05;2.95;1.05;1.37;2.15;4;7.5;7.25;2.8;1.61;1.19;1.05;1.91;1.8;0;0;0;0;1.36;1.3;1.62;3;2;3.75;2.69;2.22;3.56;0;0;0;0;0;0;0;0;0;0;0;0;0;0;0;1.8;7;2.4;3.5;4.75;1.5;3.19;8;34;2.4;1.3;1.06;1.02;1.35;2.52;5.5;13;2.93;1.46;1.13;1.02;0;0;0;0;0;0;0;0;0;0;0;2019-09-30 12:00:00;-1;0;71;25;29;0;1;1;1;1;1;4;2;5;0;0;3;1;0;4;1;40;53;126;112;1.02;0.84;1.86;0;0;0;0;0;0;1;1;0;0;1;0;0;0;-1;-1;-1;-1;-1;-1;-1;-1;-1;13;13;54;71;84;25;67;59;46;8.67;0;4.67;2.34;Lori;Shirak;1.92;1.29;2.25;1.67;1.86;2.25;88;88;46;29;17;59;42;17;1.56;1.81;3.37;2403;27;N;N;N;N;N;N;N
648074;884;885;2019/2020;complete;51318;9;-1;79;;1;0;1;11;4;15;-1;-1;1;2;0;0;-1;-1;-1;-1;-1;-1;-1;-1;-1;-1;1;2;2.65;2.95;2.45;1.05;1.36;2.15;3.95;7.25;7.5;2.85;1.61;1.2;1.05;1.87;1.8;0;0;0;0;1.46;1.32;1.44;3.4;1.91;3.3;3.07;2.32;2.9;0;0;0;0;0;0;0;0;0;0;0;0;0;0;0;1.95;6.8;2.05;4.25;4.6;1.5;3.25;7.5;15;2.5;1.33;1.07;1.02;1.33;2.3;5;11;3.25;1.57;1.14;1.03;0;0;0;0;1;0;0;1;0;1;0;2019-09-29 15:00:00;884;0;59;0;42;0;-1;1;-1;-1;-1;-1;-1;-1;0;0;1;2;0;3;1;68;49;114;104;0;0;0;0;0;0;0;0;0;1;1;0;0;-1;-1;0;0;-1;-1;-1;-1;-1;-1;-1;-1;-1;25;25;42;75;100;0;42;100;59;4.5;0;5.25;2.67;Banants;Ararat;1.58;1;0.67;2.25;0.63;2.13;75;75;59;25;0;46;29;29;1.43;1.07;2.5;2403;24;Y;N;N;N;N;N;N
648075;10519;885;2019/2020;complete;51318;10;-1;55;15,45,79;1;3;4;6;7;13;-1;-1;-1;-1;-1;-1;7;6;10;7;17;13;-1;-1;50;50;-1;-1;8;4;1.33;1.04;1.36;2.11;3.56;6;9.5;2.84;1.71;1.24;1.1;2.36;1.52;0;0;0;0;2.74;1.2;1.06;7;2.22;1.95;6.75;2.57;1.76;0;0;0;0;0;0;0;0;0;0;0;0;0;0;0;4.33;7;1.37;0;0;1.43;2.89;7;15;2.62;1.36;1.07;1.01;1.3;2.29;0;0;3.2;1.55;0;0;0;0;0;0;4;0;2;1;1;2;2;2019-10-04 11:00:00;885;0;33;0;20;0;1;-1;3;3;3;4;6;7;-1;-1;-1;-1;-1;-1;1;68;77;106;98;2.05;1.79;3.85;-1;-1;-1;-1;-1;-1;-1;1;0;0;1;1;-1;-1;-1;-1;-1;-1;-1;-1;-1;-1;-1;20;20;33;45;100;13;33;100;33;3.25;0;5;2.18;Yerevan;Ararat;0;1;0;1.8;0;1.89;80;80;68;55;0;45;33;33;0.72;1.07;1.79;2403;24;Y;Y;Y;Y;N;N;Y
648076;884;883;2019/2020;complete;51318;10;-1;28,88;58,82;2;2;4;1;4;5;-1;-1;5;0;0;0;8;4;5;4;13;8;-1;-1;50;50;5;0;2.3;3.4;2.63;1.08;1.41;2.25;3.84;9.5;6.5;2.64;1.63;1.21;1.04;2;1.73;0;0;0;0;1.4;1.29;1.53;3;2.1;3.25;2.75;2.25;3.4;0;0;0;0;0;0;0;0;0;0;0;0;0;0;0;1.83;9.5;2.2;3.7;4.5;1.47;3.04;9.5;34;2.49;1.33;1.04;1;1.32;2.41;5.5;12;3.1;1.5;1.12;1.02;0;0;0;0;4;1;0;1;2;3;1;2019-10-05 15:00:00;-1;0;50;0;25;0;1;1;0;3;1;1;3;2;1;0;4;0;1;4;1;58;55;123;123;1.81;1.2;3.01;0;0;0;0;0;0;1;1;0;0;0;1;0;0;-1;-1;-1;-1;-1;-1;-1;-1;-1;0;0;25;63;75;0;25;75;50;9.75;0;3.42;1.63;Banants;Shirak;1.58;1.29;1.25;1.5;0.89;2.11;100;100;75;38;25;63;38;38;1.43;1.57;3;2403;24;Y;Y;Y;Y;N;N;Y
648077;1361;882;2019/2020;complete;51318;10;-1;30,61;35,78;2;2;4;3;4;7;-1;-1;2;4;0;0;4;4;7;4;11;8;-1;-1;50;50;2;4;2.7;3;2.35;1.03;1.27;1.91;3.25;6.05;8.75;3.3;1.8;1.28;1.09;1.71;2;0;0;0;0;1.5;1.3;1.44;3;2.25;3;3;2.4;2.7;0;0;0;0;0;0;0;0;0;0;0;0;0;0;0;2.05;11;1.83;4.8;4.25;1.36;2.75;6.5;13;2.88;1.4;1.08;1.01;1.25;2.11;4.33;9;3.75;1.65;1.2;1.05;0;0;0;0;4;1;1;1;1;2;2;2019-10-05 11:00:00;-1;0;68;33;35;0;1;1;1;2;2;2;3;4;1;3;1;1;4;2;1;69;68;91;104;1.47;1.28;2.76;2;1;2;1;0;0;1;1;0;0;0;1;0;0;-1;-1;-1;-1;-1;-1;-1;-1;-1;10;35;80;80;90;33;78;70;60;9.6;0;4.25;2.95;Lori;Pyunik;1.92;1.42;2;1.5;1.75;1.33;90;65;20;20;10;58;58;25;1.45;1.75;3.2;2403;24;Y;Y;Y;Y;N;N;Y
648078;1362;96;2019/2020;complete;51318;10;-1;32,88;;2;0;2;5;5;10;-1;-1;3;2;0;0;3;2;4;2;7;4;-1;-1;50;50;3;2;1.95;3.3;3.3;1.03;1.29;1.91;3.35;6.25;8.5;3.2;1.77;1.27;1.08;1.77;1.91;0;0;0;0;1.3;1.25;1.73;2.38;2.5;3.6;2.25;2.5;3.6;0;0;0;0;0;0;0;0;0;0;0;0;0;0;0;1.57;15;2.4;3.4;6;1.36;2.75;6.5;13;2.88;1.4;1.08;1.01;1.29;2.07;4.5;10;3.5;1.67;1.17;1.04;0;0;0;0;2;1;0;1;0;1;1;2019-10-05 11:00:00;1362;0;71;29;0;0;1;1;1;3;4;2;4;6;1;0;2;2;1;4;1;52;49;124;113;1.05;0.76;1.81;0;0;0;0;0;0;1;1;0;0;1;0;0;0;-1;-1;-1;-1;-1;-1;-1;-1;-1;0;34;71;84;100;29;84;100;59;11.5;0;4.5;2.88;FC Avan Academy;Alashkert;2.29;1.93;3;1.75;2.29;2;100;67;29;17;0;59;42;29;1.75;1.56;3.31;2403;28;Y;Y;N;N;N;N;N
648079;1360;881;2019/2020;complete;51318;10;-1;15,39;78;2;1;3;4;7;11;-1;-1;5;1;1;0;4;6;2;9;6;15;-1;-1;50;50;6;1;2.1;3.1;3;1.1;1.44;2.35;4.05;8;6.5;2.55;1.57;1.19;1.06;2.05;1.85;0;0;0;0;1.33;1.3;1.62;2.88;2;4;2.61;2.25;3.64;0;0;0;0;0;0;0;0;0;0;0;0;0;0;0;1.73;7;2.5;3.4;5.2;1.49;3.14;7.8;17;2.44;1.31;1.05;1.01;1.34;2.46;5;12;2.98;1.48;1.13;1.03;0;0;0;0;3;2;0;0;1;1;2;2019-10-06 11:00:00;1360;0;50;0;25;0;1;1;2;4;2;3;6;5;2;0;4;1;2;5;1;63;113;113;157;1.13;2.19;3.32;0;0;0;0;0;0;1;1;0;0;2;0;0;0;-1;-1;-1;-1;-1;-1;-1;-1;-1;0;13;38;75;75;0;50;75;50;8.25;0;7;2;Artsakh;Gandzasar;2.29;1;1;0.5;1.22;0.78;100;88;63;25;25;75;25;13;1.31;0.96;2.27;2403;24;Y;Y;Y;N;N;N;Y
648080;1360;10519;2019/2020;complete;51318;11;-1;7,13,79;73;3;1;4;7;7;14;-1;-1;-1;-1;-1;-1;9;2;10;3;19;5;-1;-1;50;50;-1;-1;1.18;5.5;10.5;1.01;1.17;1.61;2.5;4.4;11;4.25;2.15;1.45;1.16;2.05;1.67;0;0;0;0;1.02;1.09;3.92;1.58;2.92;7.7;1.54;3.13;7.5;0;0;0;0;0;0;0;0;0;0;0;0;0;0;0;1.2;15;4.5;1.83;23;1.26;2.25;5.5;12;3.48;1.57;1.11;1.02;1.19;1.88;3.5;9.5;4.2;1.82;1.25;1.04;0;0;0;0;4;2;0;1;1;2;2;2019-10-18 11:00:00;1360;0;60;10;20;0;1;-1;5;1;2;6;6;8;-1;-1;-1;-1;-1;-1;1;94;58;102;96;2.5;0.88;3.38;-1;-1;-1;-1;-1;-1;-1;1;1;0;2;0;-1;-1;-1;-1;-1;-1;-1;-1;-1;-1;-1;20;20;60;80;90;40;70;80;30;5.85;0;4.25;2.8;Artsakh;Yerevan;2.29;0;1.4;0;1.4;0;80;80;40;20;10;53;33;10;1.27;0.79;2.06;2403;24;Y;Y;Y;Y;N;N;Y
648081;881;1362;2019/2020;complete;51318;11;-1;9,89;57;2;1;3;6;5;11;-1;-1;4;1;0;1;11;2;2;2;13;4;-1;-1;50;50;4;2;4.3;3.45;1.67;1.08;1.45;2.6;4.15;8.5;6.5;2.52;1.48;1.18;1.05;2.1;1.67;0;0;0;0;1.73;1.29;1.25;4.5;1.91;2.75;4.2;2.3;2.2;0;0;0;0;0;0;0;0;0;0;0;0;0;0;0;2.75;7;1.62;7.5;2.78;1.5;3.2;9.5;34;2.41;1.3;1.04;1;1.35;2.52;5.2;13;2.93;1.46;1.13;1.02;0;0;0;0;3;1;0;1;1;2;1;2019-10-21 12:00:00;881;0;68;0;33;0;1;1;0;1;6;4;1;10;2;2;2;0;4;2;1;86;81;114;142;2.21;1;3.21;0;0;0;0;0;0;1;1;1;0;0;0;0;0;-1;-1;-1;-1;-1;-1;-1;-1;-1;0;0;35;78;100;13;68;88;33;10.35;0;2.75;2.13;Gandzasar;FC Avan Academy;1.58;1.43;1;1.75;0.7;2.38;100;100;65;23;0;43;43;30;1.81;1.72;3.53;2403;24;Y;Y;Y;N;N;N;Y
648082;96;1361;2019/2020;complete;51318;11;-1;;55;0;1;1;5;2;7;-1;-1;4;4;0;0;4;7;6;1;10;8;-1;-1;50;50;4;4;1.77;3.4;3.75;1.02;1.26;1.83;3.1;5.75;9;3.45;1.83;1.3;1.09;1.8;2.11;0;0;0;0;1.22;1.3;1.8;2.4;2.2;4;2.26;2.52;3.8;0;0;0;0;0;0;0;0;0;0;0;0;0;0;0;1.62;9.5;2.6;0;0;1.36;2.58;6.2;15;2.89;1.44;1.09;1.02;1.23;2.06;4;9;3.7;1.68;1.2;1.05;0;0;0;0;1;0;0;0;1;1;0;2019-10-20 11:00:00;1361;0;71;13;29;0;1;1;2;1;3;1;3;4;1;2;3;2;3;5;1;74;41;116;92;1.45;1.3;2.75;0;1;0;1;0;0;1;1;0;0;1;1;0;0;-1;-1;-1;-1;-1;-1;-1;-1;-1;13;29;54;84;100;25;84;100;42;11;0;2.83;2.92;Alashkert;Lori;1.43;1.07;2.25;1.33;1.78;1.67;88;71;46;17;0;50;50;33;1.87;1.72;3.59;2403;27;Y;N;N;N;N;N;N
648083;882;884;2019/2020;complete;51318;11;-1;81;8,26;1;2;3;13;2;15;-1;-1;5;2;0;1;12;6;21;0;33;6;-1;-1;50;50;5;4;1.8;3.5;3.6;1.01;1.21;1.69;2.75;5;10;3.85;2;1.38;1.13;1.65;2.05;0;0;0;0;1.2;1.25;2;2.3;2.3;4.33;2;2.7;4;0;0;0;0;0;0;0;0;0;0;0;0;0;0;0;1.53;12;2.63;3.45;7.5;1.32;2.39;6;13;3.1;1.51;1.1;1.02;1.18;1.92;3.4;9;4.3;1.79;1.27;1.05;0;0;0;0;3;0;2;1;0;1;2;2019-10-20 13:30:00;884;0;70;30;30;0;1;1;5;1;8;1;6;9;3;2;2;1;5;3;1;116;23;162;81;3.75;0.98;4.72;0;0;0;0;0;0;1;1;0;1;0;0;0;0;-1;-1;-1;-1;-1;-1;-1;-1;-1;20;40;80;90;100;50;90;90;40;7.75;0;4.17;3.3;Pyunik;Banants;1.25;1.42;1.2;0.6;1.3;0.9;80;60;20;10;0;63;13;0;1.54;1.38;2.92;2403;24;Y;Y;Y;N;N;N;Y
648084;883;885;2019/2020;complete;51318;11;-1;23,88;55;2;1;3;8;4;12;-1;-1;3;6;1;0;9;4;9;8;18;12;-1;-1;50;50;4;6;2.05;3.1;3.15;1.04;1.31;2;3.5;6.6;8;3.1;1.71;1.25;1.07;1.8;1.91;0;0;0;0;1.36;1.3;1.73;2.75;2.1;3.6;2.46;2.42;3.56;0;0;0;0;0;0;0;0;0;0;0;0;0;0;0;1.73;9;2.3;3.6;5.8;1.4;2.72;6.5;15;2.72;1.4;1.08;1.02;1.24;2.17;4.1;10;3.6;1.61;1.19;1.04;0;0;0;0;3;1;0;1;1;2;1;2019-10-19 11:00:00;883;0;55;10;45;0;1;1;2;3;6;1;5;7;1;3;3;3;4;6;1;77;74;108;103;2.32;1.57;3.89;0;0;0;0;0;0;1;1;0;0;0;0;0;0;-1;-1;-1;-1;-1;-1;-1;-1;-1;17;45;55;55;90;29;65;70;45;7.43;0;4.33;2.62;Shirak;Ararat;2.07;1;2.6;2;2;2;84;55;45;45;10;55;45;35;1.77;1.22;2.99;2403;27;Y;Y;Y;N;N;N;Y
648085;10519;883;2019/2020;complete;51318;12;-1;74;13,19,26,60;1;4;5;1;3;4;-1;-1;-1;-1;-1;-1;3;8;1;2;4;10;-1;-1;50;50;-1;-1;8;5.05;1.25;1.01;1.18;1.62;2.55;4.55;10.75;4.2;2.1;1.43;1.15;2.05;1.67;0;0;0;0;4;1.12;1.02;8.5;2.88;1.57;9;3.25;1.44;0;0;0;0;0;0;0;0;0;0;0;0;0;0;0;5;14;1.17;0;0;1.3;2.27;5.4;12;3.2;1.56;1.11;1.02;1.18;1.9;3.5;10;4.3;1.8;1.26;1.04;0;0;0;0;5;0;3;1;1;2;3;2019-10-25 11:00:00;883;0;50;0;30;0;1;-1;1;3;0;0;4;0;-1;-1;-1;-1;-1;-1;1;22;48;41;46;0.62;1.53;2.15;-1;-1;-1;-1;-1;-1;-1;1;0;0;0;1;-1;-1;-1;-1;-1;-1;-1;-1;-1;-1;-1;0;20;40;60;80;20;40;80;50;6.8;0;3.4;2;Yerevan;Shirak;0;1.29;0;1.4;0;2.09;100;80;60;40;20;50;30;30;0.99;1.49;2.48;2403;24;Y;Y;Y;Y;Y;N;Y
648086;885;882;2019/2020;complete;51318;12;-1;45,54,58,90;22,90;4;2;6;3;4;7;-1;-1;5;2;0;1;7;6;5;7;12;13;-1;-1;50;50;5;4;3.05;3.2;2.05;1.03;1.3;1.95;3.45;6.45;8.25;3.15;1.74;1.25;1.07;1.8;1.87;0;0;0;0;1.67;1.3;1.36;3.6;2.1;2.75;3.48;2.42;2.49;0;0;0;0;0;0;0;0;0;0;0;0;0;0;0;2.2;9;1.83;5.5;3.9;1.4;2.72;6.7;15;2.72;1.4;1.07;1.02;1.25;2.16;4.3;10;3.6;1.62;1.18;1.04;0;0;0;0;6;1;1;3;1;4;2;2019-10-27 12:00:00;885;0;65;20;43;0;1;1;1;4;2;0;5;2;2;1;3;2;3;5;1;86;83;114;115;1.87;1.84;3.71;1;0;1;0;0;0;1;1;0;0;0;2;0;0;-1;-1;-1;-1;-1;-1;-1;-1;-1;0;30;50;75;100;20;53;100;63;9.6;0;4.75;2.55;Ararat;Pyunik;1.29;1.42;2;1.4;1.82;1.18;100;70;50;25;0;43;43;33;1.77;1.63;3.4;2403;24;Y;Y;Y;Y;Y;Y;Y
648087;884;96;2019/2020;complete;51318;12;-1;15,50;43,47,54,84;2;4;6;5;5;10;-1;-1;-1;-1;-1;-1;5;8;0;3;5;11;-1;-1;50;50;-1;-1;2.9;2.9;2.3;1.06;1.42;2.3;4.3;8.25;6.9;2.65;1.54;1.17;1.03;1.95;1.74;0;0;0;0;1.62;1.33;1.3;4;1.95;2.88;3.46;2.23;2.74;0;0;0;0;0;0;0;0;0;0;0;0;0;0;0;2.2;7.5;1.91;4.75;3.75;1.51;3.2;7.6;17;2.39;1.3;1.05;1.01;1.35;2.52;4.9;12;2.93;1.46;1.14;1.03;0;0;0;0;6;1;1;1;3;4;2;2019-10-25 15:00:00;96;0;60;10;20;0;1;-1;1;3;4;2;4;6;-1;-1;-1;-1;-1;-1;1;82;80;135;133;1.27;1.84;3.12;-1;-1;-1;-1;-1;-1;-1;1;0;0;0;0;-1;-1;-1;-1;-1;-1;-1;-1;-1;-1;-1;0;10;50;90;100;10;70;100;50;8;0;4.9;2.5;Banants;Alashkert;1.58;1.93;1.2;1.4;1.09;1.6;100;90;50;10;0;60;50;30;1.56;1.4;2.96;2403;24;Y;Y;Y;Y;Y;Y;Y
648088;1361;881;2019/2020;complete;51318;12;-1;18,66;24;2;1;3;4;12;16;-1;-1;3;2;0;0;4;5;4;5;8;10;-1;-1;50;50;3;2;2.15;2.95;3.15;1.06;1.41;2.3;4.25;8;6.95;2.65;1.54;1.17;1.04;2;1.71;0;0;0;0;1.3;1.33;1.62;2.88;2.05;3.75;2.5;2.3;3.6;0;0;0;0;0;0;0;0;0;0;0;0;0;0;0;1.8;8;2.38;3.45;5.3;1.4;2.72;7.1;15;2.72;1.4;1.06;1.02;1.3;2.32;4.6;11;3.2;1.54;1.16;1.03;0;0;0;0;3;1;1;1;0;1;2;2019-10-26 11:00:00;1361;0;64;25;27;0;1;1;2;5;2;7;7;9;0;0;3;2;0;5;1;59;89;98;119;1.22;1.63;2.85;1;0;1;0;0;0;1;1;0;0;2;2;0;0;-1;-1;-1;-1;-1;-1;-1;-1;-1;9;27;54;74;82;35;72;65;37;7.7;0;6.35;2.44;Lori;Gandzasar;1.92;1;1.83;0.4;1.8;0.91;92;74;47;27;19;57;37;20;1.45;1.21;2.66;2403;24;Y;Y;Y;N;N;N;Y
648089;1362;1360;2019/2020;complete;51318;12;-1;45,78,90;80;3;1;4;9;3;12;-1;-1;-1;-1;-1;-1;10;3;3;4;13;7;-1;-1;50;50;-1;-1;1.79;3.5;4.33;1.07;1.35;2.09;3.48;6.5;7.5;2.88;1.73;1.25;1.1;1.93;1.96;0;0;0;0;1.19;1.27;1.94;2.32;2.12;4.95;2.2;2.4;4;0;0;0;0;0;0;0;0;0;0;0;0;0;0;0;1.62;8.5;2.63;3.1;7;1.43;2.88;7.1;15;2.62;1.36;1.06;1.02;1.27;2.25;4.6;10;3.4;1.57;1.16;1.04;0;0;0;0;4;1;0;2;1;3;1;2019-10-25 12:00:00;1362;0;45;23;10;0;1;-1;4;0;5;3;4;8;-1;-1;-1;-1;-1;-1;1;55;53;119;132;1.93;1.05;2.98;-1;-1;-1;-1;-1;-1;-1;1;0;0;1;0;-1;-1;-1;-1;-1;-1;-1;-1;-1;-1;-1;0;25;35;68;100;23;58;90;45;14.85;0;4.58;2.28;FC Avan Academy;Artsakh;2.29;1.14;3;1.4;2.11;1.55;100;75;65;33;0;68;45;33;1.58;2.02;3.6;2403;28;Y;Y;Y;Y;N;N;Y
648090;1362;10519;2019/2020;complete;51318;13;-1;12,25,26,50,56,85,90;29,60;7;2;9;9;2;11;-1;-1;1;3;0;0;14;6;14;1;28;7;-1;-1;50;50;1;3;1.05;8;21.75;1;1.03;1.2;1.56;2.25;17.5;8.25;4;2.25;1.57;2.05;1.69;0;0;0;0;1;1.03;7.5;1.5;3.2;7.5;1.26;4.6;11;0;0;0;0;0;0;0;0;0;0;0;0;0;0;0;1.13;34;6;0;0;1.16;1.71;3.1;7.5;4.6;2.01;1.31;1.06;1.06;1.46;2.32;4.5;7.3;2.52;1.54;1.14;0;0;0;0;9;3;1;4;1;5;4;2019-11-10 11:00:00;1362;0;59;17;25;0;1;1;6;0;3;2;6;5;1;2;0;1;3;1;1;93;27;138;98;3.41;1.07;4.48;0;0;0;0;0;0;1;1;0;0;2;0;0;0;-1;-1;-1;-1;-1;-1;-1;-1;-1;17;50;59;75;92;42;75;83;42;10;0;3.6;3;FC Avan Academy;Yerevan;2.29;0;2.67;0;1.92;0;84;50;42;25;9;60;50;30;1.65;0.81;2.46;2403;24;Y;Y;Y;Y;Y;Y;Y
648091;1360;1361;2019/2020;complete;51318;13;-1;45,56,60;63;3;1;4;9;2;11;-1;-1;4;6;0;0;9;4;4;4;13;8;-1;-1;50;50;4;6;2.15;3.05;3;1.06;1.4;2.25;4.2;8;7;2.7;1.56;1.18;1.04;2;1.71;0;0;0;0;1.33;1.33;1.57;3;2;3.6;2.58;2.24;3.72;0;0;0;0;0;0;0;0;0;0;0;0;0;0;0;1.83;7;2.38;3.55;5;1.5;3.2;7.8;34;2.41;1.3;1.05;1;1.35;2.52;5;13;2.93;1.46;1.13;1.02;0;0;0;0;4;1;0;2;1;3;1;2019-11-10 10:00:00;1360;0;54;0;27;0;1;1;4;0;5;2;4;7;1;1;3;5;2;8;1;85;56;110;97;2.06;1.2;3.26;1;0;1;0;0;0;1;1;0;0;1;0;0;0;-1;-1;-1;-1;-1;-1;-1;-1;-1;0;19;44;62;82;17;54;82;35;8.75;0;5.45;2.05;Artsakh;Lori;2.29;1.07;1.67;1.6;1.42;1.83;100;82;57;39;19;54;38;29;1.48;1.61;3.09;2403;27;Y;Y;Y;Y;N;N;Y
648092;881;884;2019/2020;complete;51318;13;-1;23,74;39,53,79,89;2;4;6;4;2;6;-1;-1;-1;-1;-1;-1;4;9;8;0;12;9;-1;-1;50;50;-1;-1;2.6;3;2.45;1.05;1.38;2.2;4.05;7.5;7.25;2.75;1.59;1.19;1.04;1.91;1.77;0;0;0;0;1.44;1.33;1.44;3.25;2.05;3.1;0;0;0;0;0;0;0;0;0;0;0;0;0;0;0;0;0;0;2.2;8;1.91;0;0;0;0;0;0;0;0;0;0;0;0;0;0;0;0;0;0;0;0;0;0;6;1;1;1;3;4;2;2019-11-08 11:00:00;884;0;67;17;34;0;1;-1;1;2;3;0;3;3;-1;-1;-1;-1;-1;-1;1;93;79;141;129;1.72;1.78;3.5;-1;-1;-1;-1;-1;-1;-1;1;0;0;0;0;-1;-1;-1;-1;-1;-1;-1;-1;-1;-1;-1;0;9;50;83;100;34;75;92;34;9.27;0;4.58;2.42;Gandzasar;Banants;1.58;1.42;1.33;1;0.83;1;100;92;50;17;0;84;54;44;1.88;1.3;3.18;2403;24;Y;Y;Y;Y;Y;Y;Y
648093;96;885;2019/2020;complete;51318;13;-1;45;4;1;1;2;4;2;6;-1;-1;4;4;0;0;4;4;5;6;9;10;-1;-1;50;50;4;4;1.83;3.35;3.5;1.03;1.27;1.91;3.25;6.05;8.75;3.3;1.8;1.28;1.09;1.8;1.91;0;0;0;0;1.3;1.22;1.73;2.5;2.2;4;2.37;2.47;3.62;0;0;0;0;0;0;0;0;0;0;0;0;0;0;0;1.57;10;2.6;3.5;7;1.38;2.65;7.1;15;2.8;1.42;1.06;1.02;1.27;2.09;4.6;10;3.4;1.66;1.16;1.04;0;0;0;0;2;1;1;0;0;0;2;2019-11-09 10:00:00;-1;0;62;17;37;0;1;1;3;0;1;2;3;3;0;4;4;0;4;4;1;114;70;154;131;1.68;1.43;3.11;1;1;1;1;0;0;1;1;0;1;0;0;0;0;-1;-1;-1;-1;-1;-1;-1;-1;-1;23;30;62;70;100;32;70;100;45;9.25;0;5.67;2.93;Alashkert;Ararat;1.43;1;2;1.71;1.83;1.92;77;70;38;30;0;54;54;41;1.76;1.28;3.04;2403;27;Y;Y;N;N;N;N;Y
648094;882;883;2019/2020;complete;51318;13;-1;13;;1;0;1;4;11;15;-1;-1;-1;-1;-1;-1;4;3;3;6;7;9;-1;-1;50;50;-1;-1;2.2;3.3;2.7;1.01;1.21;1.69;2.75;5;10;3.85;2;1.38;1.13;1.59;2.2;0;0;0;0;1.4;1.36;1.57;2.88;2.25;3.2;0;0;0;0;0;0;0;0;0;0;0;0;0;0;0;0;0;0;1.83;10;2.1;0;0;0;0;0;0;0;0;0;0;0;0;0;0;0;0;0;0;0;0;0;0;1;1;0;0;0;0;1;2019-11-08 14:30:00;882;0;75;9;42;0;1;-1;1;4;3;7;5;10;-1;-1;-1;-1;-1;-1;1;32;86;111;151;0.97;1.42;2.39;-1;-1;-1;-1;-1;-1;-1;1;0;0;1;0;-1;-1;-1;-1;-1;-1;-1;-1;-1;-1;-1;25;42;75;84;84;34;75;84;59;9.93;0;4.4;3.08;Pyunik;Shirak;1.25;1.29;1;1.67;1.08;2.17;75;59;25;17;17;37;19;19;1.98;1.5;3.48;2403;24;Y;N;N;N;N;N;N
648095;10519;882;2019/2020;complete;51318;14;-1;58,78;14,16,20,25,29,32,78,85;2;8;10;-1;-1;-1;-1;-1;1;2;1;0;-1;-1;-1;-1;-1;-1;-1;-1;-1;-1;3;2;15.5;8.25;1.07;1.01;1.06;1.25;1.55;2.15;51;8;4;2.43;1.61;1.91;1.8;0;0;0;0;5;1.06;1.02;11;2.88;1.5;8.5;3.6;1.36;0;0;0;0;0;0;0;0;0;0;0;0;0;0;0;5;51;1.13;0;0;1.16;1.63;2.79;10;4.6;2.14;1.33;1.03;1.07;1.4;2.17;7;6.8;2.72;1.61;1.06;0;0;0;0;10;0;6;2;2;4;6;2019-11-25 10:00:00;882;0;67;25;50;0;-1;1;-1;-1;-1;-1;-1;-1;1;1;1;1;2;2;-1;0;0;0;0;0;0;0;0;2;0;2;0;0;1;1;0;0;-1;-1;0;0;-1;-1;-1;-1;-1;-1;-1;-1;-1;17;50;75;84;100;50;67;100;75;7.33;0;4.33;3.34;Yerevan;Pyunik;0;1.42;0;1.17;0;1.23;83;50;25;17;0;50;42;33;0.92;1.67;2.59;2403;24;Y;Y;Y;Y;Y;Y;Y
648096;883;96;2019/2020;complete;51318;14;-1;82;13,36,85;1;3;4;11;0;11;-1;-1;-1;-1;-1;-1;2;6;8;3;10;9;-1;-1;50;50;-1;-1;2.6;2.9;2.5;1.06;1.42;2.3;4.3;8.25;6.9;2.65;1.54;1.17;1.03;2;1.71;0;0;0;0;1.53;1.36;1.4;3.4;2;3.2;3;2.25;3;0;0;0;0;0;0;0;0;0;0;0;0;0;0;0;2;7.5;2.1;0;0;1.49;3.14;7.6;34;2.44;1.31;1.05;1;1.33;2.46;4.9;12;3.02;1.48;1.14;1.03;0;0;0;0;4;0;2;1;1;2;2;2019-11-23 10:00:00;96;0;67;25;34;0;-1;-1;-1;-1;-1;-1;-1;-1;-1;-1;-1;-1;-1;-1;1;88;23;122;98;1.41;1.17;2.58;-1;-1;-1;-1;-1;-1;-1;1;0;0;-1;-1;-1;-1;-1;-1;-1;-1;-1;-1;-1;-1;-1;9;25;67;84;92;33;92;75;50;9.17;0;4.4;2.84;Shirak;Alashkert;2.07;1.93;2.67;1.67;2;1.77;92;75;33;17;9;67;59;25;1.86;1.48;3.34;2403;28;Y;Y;Y;Y;N;N;Y
648097;885;881;2019/2020;complete;51318;14;-1;90;16;1;1;2;7;3;10;-1;-1;-1;-1;-1;-1;2;4;3;4;5;8;-1;-1;50;50;-1;-1;1.87;3.35;3.5;1.02;1.24;1.8;3.05;5.55;9.25;3.55;1.87;1.32;1.1;1.69;2.05;0;0;0;0;1.29;1.33;1.67;2.5;2.2;4;2.37;2.5;3.58;0;0;0;0;0;0;0;0;0;0;0;0;0;0;0;1.67;10;2.4;3.45;6.5;1.37;2.61;6.2;13;2.84;1.44;1.09;1.02;1.23;2.06;4;9;3.7;1.68;1.2;1.05;0;0;0;0;2;0;1;1;0;1;1;2019-11-22 14:00:00;-1;0;64;19;29;0;1;-1;3;1;4;2;4;6;-1;-1;-1;-1;-1;-1;1;76;64;103;98;1.01;1.25;2.27;-1;-1;-1;-1;-1;-1;-1;1;0;0;1;0;-1;-1;-1;-1;-1;-1;-1;-1;-1;-1;-1;10;19;35;72;92;27;54;92;37;9.3;0;6.6;2.37;Ararat;Gandzasar;1.29;1;2.2;0.33;1.85;0.77;90;82;65;29;9;52;35;35;1.79;1.28;3.07;2403;24;Y;Y;N;N;N;N;Y
648098;884;1360;2019/2020;complete;51318;14;-1;;;0;0;0;1;6;7;-1;-1;3;3;0;0;3;6;4;6;7;12;-1;-1;50;50;3;3;2.47;3.24;2.77;1.06;1.36;2.1;3.48;6.5;8;2.85;1.72;1.25;1.1;1.73;2;0;0;0;0;1.37;1.31;1.54;2.92;2.07;3.6;2.8;2.3;3.1;0;0;0;0;0;0;0;0;0;0;0;0;0;0;0;1.91;8;2.1;4.45;4.65;1.43;2.84;7.6;15;2.62;1.37;1.05;1.02;1.3;2.25;4.9;10;3.2;1.57;1.14;1.04;0;0;0;0;0;0;0;0;0;0;0;2019-11-23 14:00:00;-1;0;59;17;42;0;1;1;1;3;0;3;4;3;0;0;3;3;0;6;1;51;79;114;119;1.04;1.75;2.79;0;0;0;0;0;0;1;1;0;0;0;1;0;0;-1;-1;-1;-1;-1;-1;-1;-1;-1;9;25;42;75;100;17;50;92;59;11.16;0;4.83;2.59;Banants;Artsakh;1.58;1.14;1;1.17;1.15;1.54;92;75;59;25;0;67;50;42;1.49;1.86;3.35;2403;24;N;N;N;N;N;N;N
648099;1361;1362;2019/2020;complete;51318;14;-1;11,68;;2;0;2;4;5;9;-1;-1;-1;-1;-1;-1;5;2;6;5;11;7;-1;-1;50;50;-1;-1;3.3;3.25;2;1.06;1.3;1.8;3.14;5.7;8;3.14;2;1.3;1.1;1.81;1.91;0;0;0;0;1.8;1.29;1.22;4;2.1;2.63;3.92;2.5;2.23;0;0;0;0;0;0;0;0;0;0;0;0;0;0;0;2.68;7.6;1.67;0;0;1.39;2.69;6.5;15;2.76;1.41;1.08;1.02;1.24;2.09;4.1;10;3.6;1.66;1.19;1.04;0;0;0;0;2;1;0;1;0;1;1;2019-11-23 10:00:00;1361;0;77;37;31;0;1;-1;2;2;2;3;4;5;-1;-1;-1;-1;-1;-1;1;59;98;92;145;1.47;1.3;2.78;-1;-1;-1;-1;-1;-1;-1;1;0;0;0;0;-1;-1;-1;-1;-1;-1;-1;-1;-1;-1;-1;7;15;69;77;93;45;85;70;31;8.37;0;4;2.61;Lori;FC Avan Academy;1.92;1.43;2;1.17;1.69;2;93;86;31;23;7;42;42;17;1.42;1.57;2.99;2403;27;Y;Y;N;N;N;N;N
648100;1361;10519;2019/2020;complete;51318;15;-1;32,42,52,59,61,64,75,90;;8;0;8;12;1;13;-1;-1;-1;-1;-1;-1;21;0;17;2;38;2;-1;-1;50;50;-1;-1;1.09;7.5;14.25;1.02;1.08;1.18;1.61;1.98;15;7;4.5;2.3;1.72;2.35;1.53;0;0;0;0;1.01;1.04;8;1.18;4.5;21;1.25;4.33;11;0;0;0;0;0;0;0;0;0;0;0;0;0;0;0;1.13;56;5;0;0;1.14;1.74;2.71;6;4.9;1.98;1.41;1.11;1.05;1.47;2.34;4.5;7.8;2.49;1.53;1.17;0;0;0;0;8;2;0;6;0;6;2;2019-12-01 10:30:00;1361;0;67;40;34;0;1;-1;7;1;5;0;8;5;-1;-1;-1;-1;-1;-1;1;107;24;125;96;4.61;0.32;4.93;1;0;1;0;0;0;1;1;0;0;1;0;-1;-1;-1;-1;-1;-1;-1;-1;-1;-1;-1;28;41;67;81;94;61;87;75;34;5.96;0;4.17;3.46;Lori;Yerevan;1.92;0;2.13;0;1.79;0;73;59;34;20;7;50;44;23;1.43;0.86;2.29;2403;24;Y;Y;Y;Y;Y;Y;N
648101;1362;884;2019/2020;complete;51318;15;-1;;;0;0;0;10;3;13;-1;-1;-1;-1;-1;-1;4;2;6;6;10;8;-1;-1;50;50;-1;-1;1.53;3.75;5.75;0;0;1.73;0;0;0;0;2.08;0;0;0;0;0;0;0;0;1.12;1.25;2.38;2.1;2.3;4.75;0;0;0;0;0;0;0;0;0;0;0;0;0;0;0;0;0;0;0;0;0;0;0;0;0;0;0;0;0;0;0;0;0;0;0;0;0;0;0;0;0;0;0;0;0;0;0;0;0;0;2019-12-01 11:00:00;-1;0;64;36;29;0;1;-1;6;1;4;2;7;6;-1;-1;-1;-1;-1;-1;1;112;63;153;107;1.73;1.11;2.84;0;0;0;0;0;0;1;1;0;0;1;1;-1;-1;-1;-1;-1;-1;-1;-1;-1;-1;-1;14;43;64;79;93;50;79;86;43;11.16;0;4.58;3.29;FC Avan Academy;Banants;2.29;1.42;2.71;1.29;1.86;1.14;86;57;36;22;7;83;50;34;1.94;1.38;3.32;2403;24;N;N;N;N;N;N;N
648102;1360;885;2019/2020;complete;51318;15;-1;45,85;;2;0;2;7;1;8;-1;-1;5;1;1;0;4;3;7;6;11;9;-1;-1;50;50;6;1;2.15;3.2;2.85;1.04;1.33;2.05;3.7;6.95;7.75;3;1.67;1.23;1.06;1.83;1.83;0;0;0;0;1.4;1.27;1.58;2.76;2.22;3.42;2.63;2.3;3.3;0;0;0;0;0;0;0;0;0;0;0;0;0;0;0;1.83;9;2.2;0;0;1.34;2.69;7.7;15;2.98;1.41;1.05;1.02;1.3;2.34;4.7;10;3.2;1.53;1.15;1.04;0;0;0;0;2;1;0;1;0;1;1;2019-12-02 10:00:00;1360;0;67;7;47;0;1;1;5;0;2;1;5;3;2;0;4;1;2;5;1;84;61;98;104;1.58;1.23;2.81;0;0;0;0;0;0;1;1;0;0;0;0;0;0;-1;-1;-1;-1;-1;-1;-1;-1;-1;13;34;61;75;93;27;67;87;54;8.45;0;6.97;2.73;Artsakh;Ararat;2.29;1;1.86;1.63;1.5;1.79;88;67;40;26;7;68;54;47;1.56;1.3;2.86;2403;27;Y;Y;N;N;N;N;N
648103;881;883;2019/2020;complete;51318;15;-1;37;;1;0;1;3;3;6;-1;-1;5;2;0;0;2;6;4;7;6;13;-1;-1;50;50;5;2;2.5;3.2;2.4;1.03;1.29;1.95;3.4;6.35;8.25;3.2;1.74;1.26;1.08;1.77;1.91;0;0;0;0;1.53;1.3;1.4;3.4;2.05;3.1;3;2.4;2.8;0;0;0;0;0;0;0;0;0;0;0;0;0;0;0;2;9;1.91;5.1;4.5;1.44;2.65;6.9;15;2.57;1.42;1.07;1.02;1.21;2.09;4.2;9;3.9;1.66;1.19;1.05;0;0;0;0;1;1;0;0;0;0;1;2019-12-02 10:45:00;881;0;64;7;50;0;1;1;0;3;3;0;3;3;3;0;2;2;3;4;1;41;62;126;143;0.84;1.7;2.54;0;0;0;0;0;0;1;1;0;0;0;0;1;0;-1;-1;-1;-1;-1;-1;-1;-1;-1;14;22;43;72;86;14;64;79;57;10.72;0;3.73;2.43;Gandzasar;Shirak;1.58;1.29;1.14;1.43;0.79;1.86;86;79;57;29;15;50;43;43;1.85;1.49;3.34;2403;24;Y;N;N;N;N;N;N
648104;96;882;2019/2020;complete;51318;15;-1;34;23;1;1;2;5;2;7;-1;-1;-1;-1;-1;-1;2;6;3;13;5;19;-1;-1;50;50;-1;-1;2.2;3.3;2.75;1.01;1.2;1.69;2.75;4.9;10.25;3.9;2;1.38;1.13;1.59;2.2;0;0;0;0;1.44;1.3;1.53;2.88;2.25;3.1;2.54;2.57;3.13;0;0;0;0;0;0;0;0;0;0;0;0;0;0;0;1.73;12;2.1;4.7;6.1;1.32;2.41;5;13;3.1;1.5;1.13;1.02;1.16;1.93;3.2;8;4.6;1.78;1.3;1.06;0;0;0;0;2;1;1;0;0;0;2;2019-12-01 10:00:00;-1;0;79;43;43;0;1;-1;4;2;1;0;6;1;-1;-1;-1;-1;-1;-1;1;39;67;110;122;0.76;2.1;2.86;-1;-1;-1;-1;-1;-1;-1;1;0;0;1;0;-1;-1;-1;-1;-1;-1;-1;-1;-1;-1;-1;22;43;79;93;100;57;86;93;65;11.13;0;4.72;3.86;Alashkert;Pyunik;1.43;1.42;1.86;1.43;1.86;1.36;79;58;22;7;0;45;45;27;1.75;1.67;3.42;2403;24;Y;Y;N;N;N;N;Y
648105;10519;96;2019/2020;complete;51318;16;-1;;-1,-1,-1;0;3;3;-1;-1;-1;-1;-1;-1;-1;-1;-1;-1;-1;-1;-1;-1;-1;-1;-1;-1;-1;-1;-1;16.5;9.25;1.04;1;1.03;1.19;1.53;2.2;17.75;8.25;4.05;2.3;1.59;2.15;1.62;0;0;0;0;6;1.05;1.01;13;3.4;1.36;12.75;4.95;1.22;0;0;0;0;0;0;0;0;0;0;0;0;0;0;0;7;17;1.1;71;1.73;1.13;1.66;3.5;8;5.1;2.12;1.25;1.06;1.04;1.39;2.15;4.5;8.4;2.81;1.64;1.12;0;0;0;0;3;0;0;0;0;0;0;2020-02-28 10:00:00;96;0;64;15;36;1;-1;-1;-1;-1;-1;-1;-1;-1;-1;-1;-1;-1;-1;-1;-1;0;0;0;0;0;0;0;-1;-1;-1;-1;-1;-1;-1;-1;-1;-1;-1;-1;-1;-1;-1;-1;-1;-1;-1;-1;-1;-1;-1;22;36;64;86;100;50;79;100;57;5.43;0;4.65;3.5;Yerevan;Alashkert;0;1.93;0;1.86;0;1.8;79;64;36;15;0;61;52;31;0.92;1.43;2.35;2403;24;Y;Y;Y;N;N;N;N
648106;882;881;2019/2020;complete;51318;16;-1;33,41;;2;0;2;3;3;6;-1;-1;0;1;0;1;8;5;2;6;10;11;-1;-1;50;50;0;3;1.91;3.3;3.35;1.04;1.23;1.75;2.84;5.5;9.5;3.64;2.05;1.36;1.13;1.68;2.08;0;0;0;0;1.25;1.33;1.8;2.6;2.2;3.75;2.27;2.56;3.72;0;0;0;0;0;0;0;0;0;0;0;0;0;0;0;1.68;10.5;2.45;3.6;6.5;1.33;2.75;6;13;3;1.4;1.1;1.01;1.21;2.01;4.2;8;3.9;1.73;1.19;1.06;0;0;0;0;2;2;0;0;0;0;2;2020-02-29 10:45:00;882;0;71;14;22;0;1;1;2;2;1;1;4;2;0;1;0;1;1;1;1;68;48;147;106;1.7;1.4;3.1;1;0;1;0;0;0;1;1;0;0;0;1;0;0;-1;-1;-1;-1;-1;-1;-1;-1;-1;15;29;65;86;93;36;86;86;36;10.47;0;6.4;2.86;Pyunik;Gandzasar;1.25;1;1.29;0.43;1.33;0.93;86;72;36;14;7;68;45;38;1.81;1.27;3.08;2403;24;Y;Y;N;N;N;N;N
648107;883;1360;2019/2020;complete;51318;16;-1;43,75,89;;3;0;3;6;4;10;-1;-1;2;1;0;0;9;3;7;6;16;9;-1;-1;50;50;2;1;2.15;3.05;3;1.05;1.26;1.9;3.04;6.5;8.5;3.4;1.92;1.32;1.08;1.69;2.07;0;0;0;0;1.29;1.22;1.48;3.2;2.7;2.35;2.53;2.48;3.32;0;0;0;0;0;0;0;0;0;0;0;0;0;0;0;1.84;9.6;2.21;3.75;5.5;1.36;2.88;7.5;15;2.88;1.36;1.06;1.01;1.28;2.08;5;10;3.4;1.68;1.13;1.04;0;0;0;0;3;1;0;2;0;2;1;2020-02-29 10:00:00;883;0;57;14;43;0;1;1;3;0;3;4;3;7;1;1;1;0;2;1;1;58;55;116;129;2.06;1.19;3.25;0;0;0;0;0;0;1;1;0;0;3;0;0;0;-1;-1;-1;-1;-1;-1;-1;-1;-1;0;29;50;64;86;29;65;64;50;12.71;0;4.5;2.29;Shirak;Artsakh;2.07;1.14;2.29;1.14;1.73;1.6;100;72;50;36;14;64;50;43;1.8;1.84;3.64;2403;28;Y;Y;Y;N;N;N;N
648108;885;1362;2019/2020;complete;51318;16;-1;;7,17,35;0;3;3;8;3;11;-1;-1;1;1;0;0;4;8;9;7;13;15;-1;-1;50;50;1;1;5.75;3.6;1.53;1.04;1.29;1.73;3.25;6.5;9.5;3.25;2.08;1.29;1.08;1.73;2;0;0;0;0;2.25;1.25;1.11;5;2.25;2.1;4.5;2.5;2;0;0;0;0;0;0;0;0;0;0;0;0;0;0;0;3.25;9.5;1.4;8.5;2.88;1.36;2.88;7;15;2.88;1.36;1.08;1.01;1.22;2.07;4.3;12;3.8;1.69;1.17;1.02;0;0;0;0;3;0;3;0;0;0;3;2020-03-02 10:45:00;1362;0;69;16;31;0;1;1;4;1;4;2;5;6;0;0;1;1;0;2;1;75;49;139;135;1.65;1.87;3.53;0;0;0;0;0;0;1;1;0;1;0;0;0;0;-1;-1;-1;-1;-1;-1;-1;-1;-1;9;9;37;77;100;23;68;93;31;9.16;0;4.53;2.38;Ararat;FC Avan Academy;1.29;1.43;2;1;1.67;1.8;92;92;63;24;0;42;33;17;1.66;1.53;3.19;2403;27;Y;Y;Y;N;N;N;N
648109;884;1361;2019/2020;complete;51318;16;-1;12,45;;2;0;2;0;1;1;-1;-1;3;3;1;0;5;3;1;2;6;5;-1;-1;50;50;4;3;2.95;3.25;2.1;1.02;1.23;1.77;2.95;5.4;9.5;3.6;1.91;1.34;1.11;1.65;2.05;0;0;0;0;1.8;1.29;1.25;4;2.2;2.5;0;0;0;0;0;0;0;0;0;0;0;0;0;0;0;0;0;0;0;0;0;0;0;0;0;0;0;0;0;0;0;0;0;0;0;0;0;0;0;0;0;0;0;2;2;0;0;0;0;2;2020-03-02 13:00:00;884;0;54;7;38;0;1;1;0;1;0;0;1;0;2;1;2;2;3;4;1;20;30;57;62;0.88;0.75;1.63;0;0;0;0;0;0;1;1;0;0;0;0;0;0;-1;-1;-1;-1;-1;-1;-1;-1;-1;7;31;38;61;85;7;47;85;45;7.26;0;5.43;2.29;Banants;Lori;1.58;1.07;1;1.33;1.13;1.87;93;69;62;40;16;49;42;35;1.4;1.53;2.93;2403;24;Y;Y;N;N;N;N;N
648110;884;10519;2019/2020;complete;51318;17;-1;-1,-1,-1;;3;0;3;-1;-1;-1;-1;-1;-1;-1;-1;-1;-1;-1;-1;-1;-1;-1;-1;-1;-1;-1;-1;-1;0;0;0;0;0;0;0;0;0;0;0;0;0;0;0;0;0;0;0;0;0;0;0;0;0;0;0;0;0;0;0;0;0;0;0;0;0;0;0;0;0;0;0;0;0;0;0;0;0;0;0;0;0;0;0;0;0;0;0;0;0;0;0;0;0;0;0;0;3;0;0;0;0;0;0;2020-03-07 13:30:00;884;0;57;19;38;1;-1;-1;-1;-1;-1;-1;-1;-1;-1;-1;-1;-1;-1;-1;-1;0;0;0;0;0;0;0;-1;-1;-1;-1;-1;-1;-1;-1;-1;-1;-1;-1;-1;-1;-1;-1;-1;-1;-1;-1;-1;-1;-1;32;44;57;82;94;50;69;82;50;5.52;0;4.33;3.63;Banants;Yerevan;1.58;0;1.25;0;1.25;0;69;57;44;19;7;54;48;34;1.31;0.78;2.09;2403;24;Y;Y;Y;N;N;N;N
648111;885;1361;2019/2020;complete;51318;17;-1;;;0;0;0;3;5;8;-1;-1;3;5;1;1;2;5;5;11;7;16;-1;-1;50;50;5;6;2.65;3.2;2.3;1.02;1.24;1.8;3.05;5.55;9.25;3.55;1.87;1.32;1.1;1.67;2.05;0;0;0;0;1.53;1.33;1.44;3.1;2.2;3;2.95;2.4;2.7;0;0;0;0;0;0;0;0;0;0;0;0;0;0;0;2.1;9.5;1.83;5;4.5;1.37;2.88;6.9;15;2.7;1.31;1.07;1.02;1.21;2.17;4.2;9;3.9;1.63;1.19;1.05;0;0;0;0;0;0;0;0;0;0;0;2020-03-08 10:45:00;-1;0;50;7;29;0;1;1;0;4;3;1;4;4;2;4;2;2;6;4;1;46;61;88;102;0.92;1.8;2.72;0;0;0;0;0;0;1;1;0;0;0;0;0;0;-1;-1;-1;-1;-1;-1;-1;-1;-1;7;22;29;64;93;22;57;79;29;7.86;0;5.69;2.22;Ararat;Lori;1.29;1.07;1.71;1.14;1.56;1.75;93;79;71;36;7;38;38;31;1.66;1.4;3.06;2403;27;N;N;N;N;N;N;N
648112;1362;883;2019/2020;complete;51318;17;-1;71;;1;0;1;4;4;8;-1;-1;3;3;0;0;5;2;4;10;9;12;-1;-1;50;50;3;3;1.57;3.75;5.5;1.05;1.22;1.8;2.76;4.86;9;3.74;2;1.38;1.14;1.75;1.95;0;0;0;0;1.12;1.25;2.25;2.1;2.3;5;1.9;2.65;4.6;0;0;0;0;0;0;0;0;0;0;0;0;0;0;0;1.45;10.75;3.18;2.75;9.5;1.32;2.5;6;13;3.14;1.48;1.09;1.02;1.17;1.99;3.7;9;4.4;1.75;1.23;1.05;0;0;0;0;1;0;0;1;0;1;0;2020-03-07 11:00:00;1362;0;50;13;32;0;1;1;1;0;3;4;1;7;3;0;0;3;3;3;1;55;62;126;117;1.33;1.35;2.68;0;0;0;0;0;0;1;1;0;0;1;0;0;0;-1;-1;-1;-1;-1;-1;-1;-1;-1;13;38;44;57;75;19;63;63;50;13.14;0;3.83;2.5;FC Avan Academy;Shirak;2.29;1.29;2.5;1.25;1.88;1.81;88;63;57;44;25;62;48;41;1.91;1.51;3.42;2403;28;Y;N;N;N;N;N;N
648113;1360;882;2019/2020;complete;51318;17;-1;2,17,61,84;44,55;4;2;6;3;18;21;-1;-1;4;4;0;0;6;7;3;8;9;15;-1;-1;50;50;4;4;2;3.35;3.15;1.05;1.25;1.85;3.04;5.6;9;3.48;1.95;1.32;1.11;1.7;2.05;0;0;0;0;1.4;1.33;1.57;3;2.2;3.2;2.6;2.5;2.95;0;0;0;0;0;0;0;0;0;0;0;0;0;0;0;1.83;10;2.1;4.2;5.5;1.35;2.62;6.6;13;2.98;1.44;1.08;1.02;1.2;2.07;4.1;9;4;1.69;1.2;1.05;0;0;0;0;6;2;1;2;1;3;3;2020-03-07 10:15:00;1360;0;76;25;51;0;1;1;1;8;2;10;9;12;3;0;1;4;3;5;1;63;95;89;122;1.45;2.12;3.57;1;1;1;1;0;0;1;1;1;0;0;2;0;0;-1;-1;-1;-1;-1;-1;-1;-1;-1;13;44;76;94;94;44;82;88;69;10.61;0;6.12;3.57;Artsakh;Pyunik;2.29;1.42;2;1.38;1.5;1.44;88;57;26;7;7;59;47;34;1.56;1.74;3.3;2403;24;Y;Y;Y;Y;Y;Y;Y
648114;881;96;2019/2020;complete;51318;17;-1;13,72;10,37;2;2;4;4;7;11;-1;-1;3;3;0;0;6;5;5;3;11;8;-1;-1;50;50;3;3;2.8;3.15;2.2;1.02;1.25;1.83;3.05;5.65;9;3.5;1.87;1.31;1.1;1.67;2.05;0;0;0;0;2;1.25;1.14;4.5;2.25;2.3;4.1;2.55;2.05;0;0;0;0;0;0;0;0;0;0;0;0;0;0;0;2.67;10.25;1.6;7.5;3.3;1.34;2.58;6.4;15;3.05;1.45;1.08;1.02;1.19;2.04;4;9;4.2;1.71;1.21;1.05;0;0;0;0;4;1;2;1;0;1;3;2020-03-06 11:15:00;-1;0;63;21;40;0;1;1;1;4;3;3;5;6;3;2;0;1;5;1;1;68;71;95;96;1.61;1.37;2.98;0;0;0;0;0;0;1;1;0;1;1;0;0;0;-1;-1;-1;-1;-1;-1;-1;-1;-1;13;19;57;88;100;26;82;88;50;8.56;0;5.11;2.88;Gandzasar;Alashkert;1.58;1.93;1.38;2;0.88;1.88;88;82;44;13;0;61;61;40;1.73;1.43;3.16;2403;24;Y;Y;Y;Y;N;N;Y
727183;10519;1361;2019/2020;complete;51318;6;-1;;90;0;1;1;0;5;5;-1;-1;4;2;0;0;0;7;2;10;2;17;-1;-1;50;50;4;2;7.5;4;1.4;1.03;1.2;1.72;2.75;5;10.5;4;2;1.4;1.14;2.1;1.65;0;0;0;0;2.6;1.11;1.01;6.5;2.38;1.83;6;2.88;1.62;0;0;0;0;0;0;0;0;0;0;0;0;0;0;0;3.6;14;1.3;17;2.2;1.3;2.63;6;12;3.2;1.44;1.1;1.02;1.19;1.87;3.5;8;4.2;1.83;1.25;1.06;0;0;0;0;1;0;0;0;1;1;0;2019-09-13 12:00:00;1361;0;75;0;0;0;-1;1;-1;-1;-1;-1;-1;-1;0;0;4;2;0;6;1;22;64;78;144;0.3;2.04;2.34;0;0;0;0;0;0;1;1;0;0;-1;-1;0;0;-1;-1;-1;-1;-1;-1;-1;-1;-1;0;0;25;100;100;25;75;100;25;4.5;0;2;2.25;Yerevan;Lori;0;1.07;0;1;0;2.33;100;100;75;0;0;75;75;75;0.92;1.42;2.34;2403;24;Y;N;N;N;N;N;N
727184;884;1362;2019/2020;complete;51318;6;-1;34;85;1;1;2;1;7;8;-1;-1;3;1;0;0;3;4;5;7;8;11;-1;-1;50;50;3;1;4.5;3.8;1.65;0;0;1.75;0;0;0;0;2.05;0;0;0;0;0;0;0;0;2.2;1.25;1.17;4.33;2.3;2.25;0;0;0;0;0;0;0;0;0;0;0;0;0;0;0;0;0;0;0;0;0;0;0;0;0;0;0;0;0;0;0;0;0;0;0;0;0;0;0;0;0;0;0;2;1;0;0;1;1;1;2019-09-13 15:15:00;-1;0;75;0;50;0;1;1;0;2;1;5;2;6;0;0;3;1;0;4;1;31;76;96;168;0.95;1.54;2.5;0;0;0;0;0;0;1;1;0;0;0;0;0;0;-1;-1;-1;-1;-1;-1;-1;-1;-1;0;0;75;100;100;25;25;100;75;8.5;0;1.5;2.75;Banants;FC Avan Academy;1.58;1.43;0.5;3;0.2;3;100;100;25;0;0;75;50;25;1.91;1.99;3.9;2403;24;Y;Y;N;N;N;N;Y
727185;882;96;2019/2020;complete;51318;6;-1;;27,57,85;0;3;3;4;1;5;-1;-1;6;3;0;0;3;6;7;3;10;9;-1;-1;50;50;6;3;1.91;3.25;3.8;1.05;1.3;2;3.5;6.5;8.5;3.2;1.72;1.26;1.08;1.85;1.85;0;0;0;0;1.16;1.19;1.74;2.5;2;4.2;2.25;2.4;3.75;0;0;0;0;0;0;0;0;0;0;0;0;0;0;0;1.67;9;2.5;3.3;6.5;1.4;2.88;7.5;15;2.75;1.36;1.06;1.01;1.24;2.12;4.1;10;3.6;1.64;1.19;1.04;0;0;0;0;3;0;1;0;2;2;1;2019-09-13 15:15:00;96;0;100;25;25;0;1;1;1;1;3;0;2;3;3;0;3;3;3;6;1;79;67;143;122;1.43;1.48;2.91;0;0;0;0;0;0;1;1;0;0;0;0;0;0;-1;-1;-1;-1;-1;-1;-1;-1;-1;50;50;75;100;100;50;100;100;25;12;0;2.5;3.75;Pyunik;Alashkert;1.25;1.93;1.5;0.5;1.5;1;50;50;25;0;0;50;50;25;2.08;1.61;3.69;2403;24;Y;Y;Y;N;N;N;N
727186;883;881;2019/2020;complete;51318;6;-1;;;0;0;0;7;6;13;-1;-1;1;2;0;0;7;2;3;4;10;6;-1;-1;50;50;1;2;1.95;3.5;3.3;1.06;1.33;2;3.75;8;7.5;3;1.8;1.22;1.06;1.83;1.83;2.25;1.43;0;0;1.3;1.25;1.73;2.75;2.1;3.75;2.4;2.3;3.6;0;0;0;0;0;0;0;0;0;0;0;0;0;0;0;1.67;9.5;2.4;3;4.8;1.44;3.2;8.5;34;2.63;1.3;1.05;1;1.32;2.39;4.9;11;3.1;1.51;1.14;1.03;0;0;0;0;0;0;0;0;0;0;0;2019-09-14 12:00:00;-1;0;100;17;59;0;1;1;4;2;3;4;6;7;1;1;0;1;2;1;1;65;50;130;98;1.6;0.89;2.5;0;0;0;0;0;0;1;1;0;0;0;0;0;0;-1;-1;-1;-1;-1;-1;-1;-1;-1;0;59;75;100;100;34;75;84;84;8.17;0;7;3.34;Shirak;Gandzasar;2.07;1;3;0.5;2.6;0.6;100;42;25;0;0;84;17;0;2.04;0.84;2.88;2403;24;N;N;N;N;N;N;N
961049;10519;881;2019/2020;complete;51318;18;-1;;-1,-1,-1;0;3;3;-1;-1;-1;-1;-1;-1;-1;-1;-1;-1;-1;-1;-1;-1;-1;-1;-1;-1;-1;-1;-1;0;0;0;0;0;0;0;0;0;0;0;0;0;0;0;0;0;0;0;0;0;0;0;0;0;0;0;0;0;0;0;0;0;0;0;0;0;0;0;0;0;0;0;0;0;0;0;0;0;0;0;0;0;0;0;0;0;0;0;0;0;0;0;0;0;0;0;0;3;0;0;0;0;0;0;2020-03-15 15:00:00;881;0;57;7;28;1;-1;-1;-1;-1;-1;-1;-1;-1;-1;-1;-1;-1;-1;-1;-1;0;0;0;0;0;0;0;-1;-1;-1;-1;-1;-1;-1;-1;-1;-1;-1;-1;-1;-1;-1;-1;-1;-1;-1;-1;-1;-1;-1;13;26;51;82;94;44;63;82;38;6.88;0;5.58;2.94;Yerevan;Gandzasar;0;1;0;0.38;0;0.88;88;76;51;19;7;63;42;36;0.92;1.29;2.21;2403;24;Y;Y;Y;N;N;N;N
961050;882;1362;2019/2020;complete;51318;18;-1;;21,23,30;0;3;3;5;7;12;-1;-1;1;0;0;0;0;4;7;5;7;9;-1;-1;50;50;1;0;5.25;4.2;1.5;1.03;1.25;1.8;2.9;5.25;9.25;3.6;2;1.36;1.13;1.83;1.87;4.65;1.09;0;0;2.38;1.2;1.13;4.5;2.3;2.2;4.2;2.6;1.95;0;0;1.22;1.32;1.57;1.93;2.52;3.7;3.11;2.25;1.77;1.46;2.67;7.5;1.74;3.1;11;1.4;6.55;2.75;1.27;2.4;5.2;9.75;2.9;1.38;1.06;1.01;1.2;1.83;4.05;9;4.15;1.69;1.21;1.05;0;0;0;0;3;0;3;0;0;0;3;2020-05-23 14:15:00;1362;0;63;13;25;0;1;1;3;4;2;3;7;5;0;0;1;0;0;1;1;69;68;130;115;0.96;1.35;2.3;0;1;0;1;0;0;1;1;0;0;0;1;0;0;-1;-1;-1;-1;-1;-1;-1;-1;-1;13;19;69;88;100;44;94;75;32;9.57;0;3.79;2.88;Pyunik;FC Avan Academy;1.25;1.43;1.5;1.25;1.35;1.94;88;82;32;13;0;50;36;29;1.8;1.58;3.38;2403;24;Y;Y;Y;N;N;N;N
961051;883;1361;2019/2020;complete;51318;18;-1;72;40,69;1;2;3;7;4;11;-1;-1;1;2;0;0;3;3;4;4;7;7;-1;-1;50;50;1;2;1.67;3.25;4.15;1.04;1.38;2.2;4.05;7.25;6.85;2.6;1.51;1.16;1.02;2.1;1.59;1.95;1.61;0;0;1.22;1.25;1.8;3;2.05;3.6;2.05;2.3;4.75;0;0;1.22;1.49;1.92;2.4;3.28;3.7;2.46;1.78;1.5;1.29;1.38;8.5;4.08;1.49;7;3.1;2.45;5.5;1.42;3.1;6.95;11.75;2.35;1.23;1.01;1;1.35;2.1;6.4;13;2.98;1.5;1.09;1.02;0;0;0;0;3;0;1;1;1;2;1;2020-05-23 12:30:00;1361;0;51;7;38;0;1;1;3;1;4;3;4;7;0;0;1;2;0;3;1;64;42;86;85;1.12;0.96;2.08;0;0;0;0;0;0;1;1;0;0;0;0;0;0;-1;-1;-1;-1;-1;-1;-1;-1;-1;0;32;50;63;82;26;69;63;44;9.29;0;5.25;2.25;Shirak;Lori;2.07;1.07;2.38;1.13;1.71;1.71;100;69;50;38;19;52;46;34;1.83;1.46;3.29;2403;27;Y;Y;Y;N;N;N;Y
961052;96;1360;2019/2020;complete;51318;18;-1;;74;0;1;1;4;8;12;-1;-1;2;2;0;0;8;7;2;5;10;12;-1;-1;55;45;2;2;1.74;3.45;3.5;1.01;1.21;1.71;2.85;5;9.25;3.55;1.91;1.32;1.1;1.67;1.95;2.3;1.42;0;0;1.14;1.22;2.25;2.2;2.3;4.75;2;2.5;4.2;0;0;1.2;1.4;1.7;2.14;2.8;3.9;2.75;2.08;1.63;1.38;1.82;7.4;2.43;1.5;9.25;2.7;2.8;5.7;1.28;2.45;5.3;9.75;2.85;1.37;1.05;1.01;1.21;1.95;4.3;9;4.04;1.59;1.19;1.05;0;0;0;0;1;0;0;0;1;1;0;2020-05-24 13:15:00;1360;0;57;32;19;0;1;1;2;5;2;3;7;5;1;1;1;1;2;2;1;69;86;85;78;1.69;1.86;3.55;0;0;0;0;0;0;1;1;0;0;0;1;0;0;-1;-1;-1;-1;-1;-1;-1;-1;-1;7;13;44;76;94;38;69;75;38;12.05;0;4.63;2.38;Alashkert;Artsakh;1.43;1.14;1.75;1;1.82;1.59;94;88;57;26;7;48;42;28;1.58;1.76;3.34;2403;28;Y;N;N;N;N;N;N
961053;885;884;2019/2020;complete;51318;18;-1;54;;1;0;1;5;5;10;-1;-1;6;1;0;0;5;5;2;7;7;12;-1;-1;50;50;6;1;1.43;4.2;4.7;1.01;1.22;1.77;2.95;5.25;9;3.4;1.83;1.3;1.09;1.87;1.74;2.4;1.38;0;0;1.4;1.29;1.5;3.1;2.1;3.25;2.75;2.35;3;0;0;1.24;1.45;1.8;2.28;3.08;3.6;2.56;1.95;1.56;1.34;1.57;7.5;3.05;1.83;8.5;2.2;3.05;5.2;1.4;2.85;7.3;21;2.77;1.38;1.07;1;1.26;2.24;5;11;3.54;1.59;1.14;1.03;0;0;0;0;1;0;0;1;0;1;0;2020-05-25 14:30:00;885;0;57;26;25;0;1;1;2;2;3;3;4;6;2;0;4;1;2;5;1;59;72;103;111;1.23;1.63;2.86;0;0;0;0;0;0;1;1;0;0;0;0;0;0;-1;-1;-1;-1;-1;-1;-1;-1;-1;13;19;44;69;88;44;63;75;25;7.92;0;5.39;2.44;Ararat;Banants;1.29;1.42;1.63;1.25;1.53;1.35;88;82;57;32;13;62;41;27;1.57;1.34;2.91;2403;24;Y;N;N;N;N;N;N
992064;96;883;2019/2020;complete;57134;23;-1;88;76,90;1;2;3;4;4;8;0;1;2;1;0;0;5;4;4;5;9;9;10;11;57;43;2;1;2.2;3;2.8;1.03;1.33;2.05;3.7;6.75;7.25;2.8;1.59;1.19;1.04;1.83;1.77;0;0;0;0;1.36;1.33;1.62;2.88;2.1;3.5;2.7;2.25;3.6;0;0;0;0;0;0;0;0;0;0;0;0;0;0;0;1.8;8;2.3;3.5;5;1.4;3;9.5;21;2.75;1.33;1.04;1;1.3;2.39;4.9;12;3.26;1.52;1.14;1.03;0;0;0;0;3;0;0;1;2;3;0;2020-06-16 13:30:00;883;0;64;23;23;0;1;1;4;1;0;3;5;3;1;0;1;1;1;2;1;84;67;116;86;1.53;1.33;2.86;0;0;0;0;0;0;1;1;0;0;0;0;0;0;-1;-1;-1;-1;-1;-1;-1;-1;-1;9;14;41;69;91;37;73;69;32;10.45;0;4.17;2.28;Alashkert;Shirak;1.43;1.29;1.55;1.09;1.68;1.68;91;87;59;32;9;42;31;26;1.52;1.41;2.93;2403;28;Y;Y;Y;N;N;N;Y
992065;885;1361;2019/2020;complete;57134;23;-1;69;68;1;1;2;2;5;7;1;3;5;2;0;0;3;8;5;9;8;17;15;19;50;50;5;2;4.1;3.4;1.62;1.02;1.27;1.91;3.3;5.95;8.25;3.1;1.71;1.24;1.06;1.8;1.8;0;0;0;0;1.91;1.25;1.2;4;2.1;2.5;4;2.4;2.2;0;0;0;0;0;0;0;0;0;0;0;0;0;0;0;2.88;8.5;1.57;6.5;3.2;1.36;2.88;7.5;15;2.88;1.36;1.06;1.01;1.25;2.22;4.8;11;3.6;1.6;1.14;1.03;0;0;0;0;2;0;0;1;1;2;0;2020-06-16 15:45:00;-1;0;40;5;25;0;1;1;1;0;1;5;1;6;1;1;4;1;2;5;1;65;91;110;122;1.19;2.29;3.48;0;0;0;0;0;0;1;1;0;0;0;0;0;0;-1;-1;-1;-1;-1;-1;-1;-1;-1;5;15;25;50;75;15;45;65;25;7.81;0;6.76;1.75;Ararat;Lori;1.29;1.07;1.7;1.3;1.36;1.59;95;85;75;50;25;42;42;32;1.46;1.33;2.79;2403;27;Y;Y;N;N;N;N;Y
992066;881;884;2019/2020;complete;57135;24;-1;18;21;1;1;2;4;3;7;-1;-1;4;1;0;0;7;3;8;10;15;13;23;23;50;50;4;1;2.3;2.85;2.75;1.04;1.37;2.2;4;7.25;6.9;2.6;1.53;1.16;1.02;1.87;1.74;0;0;0;0;1.36;1.36;1.57;3.25;2;3.4;2.8;2.3;3.25;0;0;0;0;0;0;0;0;0;0;0;0;0;0;0;1.83;7;2.25;4;4.5;1.44;3.2;8.5;34;2.63;1.3;1.05;1;1.31;2.45;5.7;12;3.2;1.5;1.11;1.03;0;0;0;0;2;1;1;0;0;0;2;2020-06-17 14:30:00;-1;0;60;25;35;0;1;1;2;0;2;3;2;5;1;0;3;1;1;4;1;56;59;98;108;1.84;1.46;3.3;0;0;0;0;0;0;1;1;0;0;0;0;0;0;-1;-1;-1;-1;-1;-1;-1;-1;-1;10;20;50;70;95;35;65;85;35;8.98;0;4.5;2.55;Gandzasar;Banants;1.58;1.42;1.5;1.3;1.14;1.52;90;80;50;30;5;75;52;41;1.74;1.36;3.1;2403;24;Y;Y;N;N;N;N;Y
992067;883;1362;2019/2020;complete;57134;24;-1;35;;1;0;1;1;7;8;1;0;1;5;0;0;2;6;6;7;8;13;13;18;42;58;1;5;2.5;3.1;2.9;1.03;1.38;2.15;3.9;7;9;2.9;1.67;1.23;1.06;1.83;1.93;0;0;0;0;1.4;1.36;1.5;3.2;2.05;3.25;2.96;2.29;3.1;0;0;0;0;0;0;0;0;0;0;0;0;0;0;0;2;7.5;2;4.33;4.5;1.49;3.1;7.8;15;2.47;1.33;1.05;1.02;1.3;2.35;4.8;11;3.26;1.54;1.15;1.03;0;0;0;0;1;1;0;0;0;0;1;2020-06-20 13:30:00;883;0;60;14;36;0;1;1;1;1;0;6;2;6;0;2;1;3;2;4;1;53;82;103;106;1.04;1.83;2.87;0;0;0;0;0;0;1;1;0;0;0;0;0;0;-1;-1;-1;-1;-1;-1;-1;-1;-1;0;14;64;87;96;36;87;69;46;10.61;0;3.15;2.6;Shirak;FC Avan Academy;2.07;1.43;2.27;1.55;1.74;1.96;100;87;36;14;5;71;57;38;1.64;1.57;3.21;2403;28;Y;N;N;N;N;N;N
992068;1360;1361;2019/2020;complete;57134;24;-1;34,38;88;2;1;3;2;7;9;1;2;3;2;0;0;5;4;5;7;10;11;16;20;50;50;3;2;2.2;2.95;2.85;1.03;1.31;2;3.6;6.55;7.5;2.85;1.62;1.2;1.04;1.77;1.83;0;0;0;0;1.36;1.36;1.62;2.88;2.05;3.6;2.58;2.34;3.54;0;0;0;0;0;0;0;0;0;0;0;0;0;0;0;1.83;8;2.2;3.75;5;1.43;2.98;8;17;2.66;1.35;1.05;1.01;1.28;2.32;4.9;11;3.4;1.55;1.14;1.03;0;0;0;0;3;2;0;0;1;1;2;2020-06-20 13:30:00;1360;0;55;9;36;0;1;1;1;2;1;5;3;6;0;1;3;1;1;4;1;54;86;78;110;1.37;1.6;2.97;0;0;0;0;0;0;1;1;0;0;0;0;0;0;-1;-1;-1;-1;-1;-1;-1;-1;-1;5;23;41;69;82;23;59;73;41;8.03;0;6.98;2.23;Artsakh;Lori;2.29;1.07;2.09;1.27;1.57;1.57;96;78;59;32;18;47;38;33;1.64;1.42;3.06;2403;27;Y;Y;Y;N;N;N;Y
992069;885;96;2019/2020;complete;57134;24;-1;35;43,45,68;1;3;4;5;10;15;3;0;2;2;0;1;5;10;7;11;12;21;15;20;47;53;2;4;4.55;3.75;1.51;1.01;1.25;1.83;3.15;5.65;8.5;3.2;1.77;1.26;1.07;1.91;1.69;0;0;0;0;2.2;1.22;1.12;4.75;2.2;2.2;5.05;2.54;1.98;0;0;0;0;0;0;0;0;0;0;0;0;0;0;0;3.15;8.75;1.41;8;2.7;1.39;2.81;7.2;15;2.81;1.39;1.06;1.02;1.22;2.19;4.4;10;3.8;1.62;1.17;1.04;0;0;0;0;4;1;2;0;1;1;3;2020-06-21 15:30:00;96;0;50;20;24;0;1;1;3;5;2;5;8;7;1;2;1;1;3;2;1;84;114;102;124;1.71;2.84;4.55;0;0;0;0;0;0;1;1;0;0;1;1;0;0;-1;-1;-1;-1;-1;-1;-1;-1;-1;9;18;41;73;91;27;59;82;32;8.35;0;5.95;2.41;Ararat;Alashkert;1.29;1.93;1.64;1.82;1.35;1.61;91;82;59;27;9;53;53;29;1.44;1.34;2.78;2403;27;Y;Y;Y;Y;N;N;Y
992070;885;883;2019/2020;complete;57134;25;-1;24;26,55,84,90;1;4;5;0;9;9;2;1;1;2;0;0;2;6;0;2;2;8;13;11;45;55;1;2;8;4.2;1.27;1.02;1.26;1.87;3.25;5.85;8.25;3.1;1.71;1.25;1.06;2.3;1.48;0;0;0;0;3.25;1.2;1.04;7.5;2.3;1.83;7;2.7;1.65;0;0;0;0;0;0;0;0;0;0;0;0;0;0;0;4.75;9;1.25;15;1.83;1.33;2.75;7.5;15;3;1.4;1.06;1.01;1.22;2.13;4.4;11;3.8;1.65;1.17;1.03;0;0;0;0;5;1;1;0;3;3;2;2020-06-27 15:00:00;883;0;54;13;29;0;1;1;0;3;0;6;3;6;0;1;1;1;1;2;1;35;48;62;47;0.53;1.27;1.79;0;0;0;0;0;0;1;1;0;0;0;0;0;0;-1;-1;-1;-1;-1;-1;-1;-1;-1;8;17;29;58;83;21;50;67;34;8.92;0;5.15;2;Ararat;Shirak;1.29;1.29;1.5;1.25;1.29;1.79;92;83;71;42;17;38;34;25;1.46;1.41;2.87;2403;27;Y;Y;Y;Y;Y;N;Y
992071;96;1360;2019/2020;complete;57134;25;-1;;87;0;1;1;3;2;5;3;2;2;2;0;0;5;3;10;5;15;8;21;21;50;50;2;2;1.95;3.1;3.15;1.02;1.26;1.87;3.2;5.75;8.5;3.15;1.74;1.25;1.07;1.71;1.91;0;0;0;0;1.4;1.36;1.57;2.88;2.1;3.25;2.64;2.39;3.36;0;0;0;0;0;0;0;0;0;0;0;0;0;0;0;1.73;9;2.3;3.75;5.5;1.4;2.85;8;15;2.77;1.38;1.05;1.02;1.25;2.22;4.9;10;3.6;1.6;1.14;1.04;0;0;0;0;1;0;0;0;1;1;0;2020-06-28 13:30:00;1360;0;54;25;25;0;1;1;3;1;0;1;4;1;1;0;1;2;1;3;1;106;89;119;99;2.06;1.36;3.42;0;0;0;0;0;0;1;1;0;0;0;0;0;0;-1;-1;-1;-1;-1;-1;-1;-1;-1;4;13;46;71;92;34;63;79;38;12.22;0;4.78;2.3;Alashkert;Artsakh;1.43;1.14;1.42;1.08;1.67;1.63;96;88;55;30;9;59;49;36;1.52;1.58;3.1;2403;28;Y;N;N;N;N;N;N
992072;1361;1362;2019/2020;complete;57134;25;-1;72,90;14;2;1;3;5;1;6;2;0;3;1;0;1;7;3;16;1;23;4;5;14;62;38;3;2;3.95;3.2;1.67;1.01;1.25;1.83;3.15;5.65;8.5;3.2;1.77;1.26;1.07;1.74;1.87;0;0;0;0;1.91;1.22;1.2;4.33;2.2;2.38;4.12;2.52;2.19;0;0;0;0;0;0;0;0;0;0;0;0;0;0;0;2.8;9;1.53;7.5;2.88;1.36;2.69;6.7;15;2.94;1.42;1.07;1.02;1.2;2.11;4.1;10;4;1.66;1.19;1.04;0;0;0;0;3;0;1;2;0;2;1;2020-06-28 13:30:00;1361;0;58;30;25;0;1;1;2;0;3;1;2;4;1;0;2;2;1;4;1;87;47;99;86;2.55;0.81;3.37;1;0;1;0;0;0;1;1;0;0;0;0;0;0;-1;-1;-1;-1;-1;-1;-1;-1;-1;9;17;58;83;96;46;92;67;29;9.33;0;4.4;2.75;Lori;FC Avan Academy;1.92;1.43;1.83;1.42;1.5;1.88;92;84;42;17;4;49;35;22;1.6;1.6;3.2;2403;27;Y;Y;Y;N;N;N;Y
992073;884;882;2019/2020;complete;57135;25;-1;;41;0;1;1;3;1;4;1;0;0;2;0;0;0;0;3;2;3;2;3;1;50;50;0;2;2.25;3.15;2.6;1.02;1.27;1.91;3.3;5.95;8.25;3.1;1.71;1.24;1.06;1.71;1.87;0;0;0;0;1.4;1.3;1.45;3.1;2.05;3.3;2.7;2.45;2.9;0;0;0;0;0;0;0;0;0;0;0;0;0;0;0;1.91;9;2.1;4.2;5;1.39;2.81;7.8;15;2.81;1.39;1.05;1.02;1.25;2.2;4.8;10;3.6;1.61;1.15;1.04;0;0;0;0;1;0;1;0;0;0;1;2020-06-28 15:30:00;882;0;55;31;47;0;1;1;3;1;0;0;4;0;0;0;0;2;0;2;1;18;9;26;21;0.32;0.19;0.51;0;0;0;0;0;0;1;1;0;0;2;0;0;0;-1;-1;-1;-1;-1;-1;-1;-1;-1;18;37;64;82;96;37;59;69;55;9.66;0;4.93;3.32;Banants;Pyunik;1.58;1.42;1.73;1.27;1.5;1.32;82;64;37;18;5;50;45;33;1.22;1.71;2.93;2403;24;Y;N;N;N;N;N;N
992074;1361;1360;2019/2020;complete;57134;19;-1;18,60;37,70;2;2;4;5;3;8;-1;-1;4;4;0;0;3;5;2;2;5;7;-1;-1;49;51;4;4;2.25;3.24;3.04;1.05;1.35;2.12;3.7;7.4;8.7;3.04;1.74;1.25;1.07;1.83;1.89;0;0;0;0;1.24;1.25;1.51;2.85;2;3.5;2.62;2.36;3.42;0;0;0;0;0;0;0;0;0;0;0;0;0;0;0;1.86;8.7;2.25;3.6;5.5;1.42;2.94;7.6;17;2.69;1.36;1.06;1;1.27;2.3;5.2;11;3.48;1.56;1.13;1.03;0;0;0;0;4;1;1;1;1;2;2;2020-05-30 11:45:00;-1;0;45;28;22;0;1;1;1;3;4;0;4;4;2;2;2;2;4;4;1;62;60;107;89;0.99;1.23;2.22;0;0;0;0;0;0;1;1;0;0;1;0;0;0;-1;-1;-1;-1;-1;-1;-1;-1;-1;11;22;50;67;89;34;67;73;39;11.12;0;4.84;2.56;Lori;Artsakh;1.92;1.14;2.22;1.22;1.78;1.67;89;78;50;33;11;62;50;33;1.78;1.77;3.55;2403;27;Y;Y;Y;Y;N;N;Y
992075;1362;883;2019/2020;complete;57134;19;-1;37;8;1;1;2;6;1;7;-1;-1;3;1;0;0;5;4;1;0;6;4;-1;-1;50;50;3;1;1.4;4.5;6.5;1.03;1.3;1.9;3.32;6.4;9.8;3.32;1.9;1.3;1.09;2.15;1.64;0;0;0;0;1.01;1.13;2.5;2;2.25;5.35;1.74;2.68;6.6;0;0;0;0;0;0;0;0;0;0;0;0;0;0;0;1.36;9.8;3.84;2.1;12;1.37;2.77;6.85;15;2.89;1.4;1.08;1.01;1.24;2.15;4.7;10;3.72;1.64;1.16;1.04;0;0;0;0;2;1;1;0;0;0;2;2020-05-30 15:15:00;-1;0;44;11;28;0;1;1;1;1;5;0;2;5;1;1;2;0;2;2;1;66;43;77;80;1.21;0.85;2.06;0;0;0;0;0;0;1;1;0;1;0;0;1;0;-1;-1;-1;-1;-1;-1;-1;-1;-1;11;33;39;50;78;17;56;67;44;12.52;0;4.14;2.34;FC Avan Academy;Shirak;2.29;1.29;2.56;1.11;2;1.61;89;67;62;50;22;54;43;36;1.84;1.5;3.34;2403;28;Y;Y;N;N;N;N;Y
992076;96;885;2019/2020;complete;57134;19;-1;19,42;56;2;1;3;8;4;12;-1;-1;3;1;1;0;4;3;4;5;8;8;-1;-1;47;53;5;1;1.55;3.8;5.5;1.05;1.32;2.05;3.4;6.25;9.6;3.12;1.75;1.27;1.09;2;1.72;0;0;0;0;1.12;1.25;2.38;2.2;2.2;5;1.9;2.55;5;0;0;0;0;0;0;0;0;0;0;0;0;0;0;0;1.44;9;3.2;2.5;9;1.46;2.92;6.58;11.1;2.63;1.37;1.09;1.02;1.31;2.26;5.05;10;3.32;1.58;1.14;1.04;0;0;0;0;3;2;0;0;1;1;2;2020-05-31 12:45:00;96;0;62;28;28;0;1;1;4;0;4;4;4;8;1;1;3;0;2;3;1;47;39;65;65;1.12;1;2.12;0;1;0;1;0;0;1;1;0;0;0;0;0;0;-1;-1;-1;-1;-1;-1;-1;-1;-1;17;22;44;73;100;39;73;84;33;8.1;0;5.63;2.62;Alashkert;Ararat;1.43;1;1.56;1.44;1.72;1.61;84;78;56;28;0;44;44;37;1.6;1.29;2.89;2403;27;Y;Y;Y;N;N;N;Y
992077;884;881;2019/2020;complete;57135;19;-1;35;;1;0;1;3;4;7;-1;-1;2;0;0;0;2;0;0;0;2;0;-1;-1;50;50;2;0;2.38;3.3;2.8;1.04;1.34;2.35;3.98;8;8.2;3.09;1.57;1.22;1.05;1.68;2.14;0;0;0;0;1.32;1.32;1.5;3.01;2.02;3.7;2.73;2.34;3.3;0;0;1.17;1.36;1.67;2.05;2.8;4.33;2.8;2.05;1.67;1.36;1.8;7.3;2.48;1.83;8;2.2;3.75;5;1.45;3.08;8.5;17;2.61;1.34;1.04;1.01;1.3;2.39;5.2;12;3.26;1.52;1.12;1.03;0;0;0;0;1;1;0;0;0;0;1;2020-06-01 15:30:00;884;0;50;13;26;0;1;1;2;2;1;2;4;3;0;0;2;0;0;2;1;55;56;111;113;0.68;0.43;1.11;0;0;0;0;0;0;1;1;0;0;0;1;0;0;-1;-1;-1;-1;-1;-1;-1;-1;-1;6;17;44;84;89;28;56;67;33;8.26;0;6.16;2.45;Banants;Gandzasar;1.58;1;1.44;0.67;1.28;1;95;84;56;17;11;63;44;32;1.31;1.29;2.6;2403;24;Y;N;N;N;N;N;N
992078;1362;1361;2019/2020;complete;57134;20;-1;;;0;0;0;7;1;8;0;2;3;3;0;1;4;2;5;3;9;5;17;13;62;38;3;4;1.62;3.6;5;1.04;1.29;2;3.46;6.05;6.75;2.96;1.8;1.22;1.06;1.95;1.75;0;0;0;0;1.16;1.25;1.95;2.25;2.1;5;2;2.5;4.6;0;0;0;0;0;0;0;0;0;0;0;0;0;0;0;1.5;9;3;2.6;8.5;1.41;2.93;5.95;13;2.73;1.37;1.06;1.02;1.26;2.26;4.96;10;3.17;1.58;1.1;1.04;0;0;0;0;0;0;0;0;0;0;0;2020-06-03 14:30:00;-1;0;47;15;27;0;1;1;4;0;3;1;4;4;1;1;2;3;2;5;1;92;41;123;103;1.52;0.77;2.29;0;0;0;0;0;0;1;1;0;0;0;0;0;0;-1;-1;-1;-1;-1;-1;-1;-1;-1;5;31;37;58;79;21;58;69;37;10.82;0;5.61;2.3;FC Avan Academy;Lori;2.29;1.07;2.4;1.33;1.95;1.74;95;69;64;42;21;53;47;41;1.77;1.39;3.16;2403;27;N;N;N;N;N;N;N
992079;883;885;2019/2020;complete;57134;20;-1;55,82;;2;0;2;8;6;14;-1;-1;1;3;0;0;4;3;4;6;8;9;-1;-1;50;50;1;3;1.53;4;5.5;1.04;1.28;1.9;3.2;5.75;8.5;3.3;1.9;1.3;1.1;1.91;1.8;0;0;0;0;1.12;1.22;2.38;2.2;2.3;4.5;1.83;2.6;5;0;0;0;0;2.08;0;0;0;0;1.66;0;0;0;0;0;1.4;10;3.25;2.5;9.5;1.36;2.88;7.5;15;2.88;1.36;1.06;1.01;1.24;2.17;4.74;10;3.72;1.63;1.16;1.04;0;0;0;0;2;0;0;2;0;2;0;2020-06-04 11:30:00;883;0;64;11;48;0;1;1;5;3;3;3;8;6;1;1;0;2;2;2;1;61;48;107;107;1.24;1.14;2.37;0;0;0;0;0;0;1;1;0;0;0;0;0;0;-1;-1;-1;-1;-1;-1;-1;-1;-1;10;32;64;74;95;32;80;79;54;8.91;0;4.83;2.74;Shirak;Ararat;2.07;1;2.11;1.3;1.58;1.53;90;69;36;26;6;64;59;47;1.75;1.26;3.01;2403;27;Y;Y;N;N;N;N;N
992080;1360;96;2019/2020;complete;57134;20;-1;89;;1;0;1;2;5;7;2;6;6;1;0;0;6;3;6;4;12;7;24;12;42;58;6;1;3;3.5;2.25;1.04;1.26;2;3.4;7;10;3.5;1.8;1.28;1.09;1.8;1.91;0;0;0;0;1.57;1.29;1.36;3.4;2.2;2.88;3.1;2.4;2.7;0;0;0;0;1.83;0;0;0;0;1.91;0;0;0;0;0;2.25;9.5;1.8;5;4.2;1.4;2.88;7.5;15;2.75;1.36;1.06;1.01;1.26;2.18;4.42;10;3.66;1.67;1.18;1.04;0;0;0;0;1;0;0;1;0;1;0;2020-06-04 13:30:00;1360;0;67;25;35;0;1;1;2;3;0;2;5;2;0;0;6;1;0;7;1;60;70;80;104;1.61;1.17;2.77;0;0;0;0;0;0;1;1;0;0;2;1;0;0;-1;-1;-1;-1;-1;-1;-1;-1;-1;11;33;73;95;95;39;84;89;50;9.32;0;6.36;3.17;Artsakh;Alashkert;2.29;1.93;2.11;1.89;1.63;1.79;89;67;28;6;6;77;66;41;1.55;1.42;2.97;2403;28;Y;N;N;N;N;N;N
992081;885;1360;2019/2020;complete;57134;21;-1;;;0;0;0;5;7;12;-1;-1;4;0;0;1;2;3;2;2;4;5;-1;-1;50;50;4;2;3.25;3.5;2;1.06;1.35;2.18;3.63;6.58;8.5;3;1.67;1.25;1.09;2.01;1.73;0;0;0;0;1.73;1.29;1.33;3.75;2.1;2.75;3.56;2.47;2.35;0;0;0;0;0;0;0;0;0;0;0;0;0;0;0;2.4;8;1.73;5.5;3.5;1.46;3.08;6.58;11.1;2.63;1.34;1.09;1.02;1.31;2.28;5.1;11;3.3;1.57;1.14;1.03;0;0;0;0;0;0;0;0;0;0;0;2020-06-07 15:00:00;-1;0;42;16;26;0;1;1;0;5;5;2;5;7;3;1;1;0;4;1;1;57;53;103;102;0.82;0.92;1.74;0;0;0;0;0;0;1;1;0;0;0;1;1;0;-1;-1;-1;-1;-1;-1;-1;-1;-1;6;16;31;58;90;21;47;79;36;10.87;0;5.93;2.05;Ararat;Artsakh;1.29;1.14;1.78;1.2;1.45;1.7;95;85;69;42;11;52;47;31;1.53;1.72;3.25;2403;27;N;N;N;N;N;N;N
992082;1361;883;2019/2020;complete;57134;21;-1;37;88;1;1;2;4;4;8;1;1;2;2;0;0;3;4;4;2;7;6;19;18;51;49;2;2;2.45;3.2;2.63;1.08;1.4;2.25;4;8.5;7.5;2.75;1.57;1.2;1.06;1.95;1.75;0;0;0;0;1.4;1.33;1.5;3.2;2;3.4;2.88;2.3;3.1;0;0;1.3;1.51;1.95;2.55;3.38;3.2;2.36;1.8;1.46;1.28;2.03;7;2.17;1.91;7.5;2.2;4;4.5;1.44;3.25;8.5;34;2.63;1.29;1.05;1;1.36;2.69;6.55;12;2.94;1.42;1.08;1.03;0;0;0;0;2;1;0;0;1;1;1;2020-06-08 11:30:00;-1;0;55;30;30;0;1;1;2;3;2;1;5;3;2;0;0;2;2;2;1;66;75;116;113;1.14;1.21;2.35;0;0;0;0;0;0;1;1;0;0;2;0;0;0;-1;-1;-1;-1;-1;-1;-1;-1;-1;15;30;50;65;85;40;75;60;40;9.1;0;4.49;2.6;Lori;Shirak;1.92;1.29;2.1;1.1;1.7;1.65;85;70;50;35;15;40;30;20;1.7;1.43;3.13;2403;27;Y;Y;N;N;N;N;Y
992083;96;1362;2019/2020;complete;57134;21;-1;59;11,66;1;2;3;8;1;9;4;0;1;3;0;0;3;6;5;0;8;6;13;19;61;39;1;3;3.75;3.3;1.91;1.06;1.35;2.05;3.6;8;9;2.95;1.7;1.25;1.07;1.91;1.8;0;0;0;0;1.8;1.33;1.25;4.5;2;2.6;3.75;2.25;2.4;0;0;1.22;1.43;1.75;2.17;3;3.8;2.66;2.02;1.61;1.35;4.5;8.8;1.31;2.75;7;1.62;5.5;3.3;1.5;3.25;9.5;34;2.5;1.29;1.04;1;1.3;2.39;5.5;12;3.26;1.52;1.12;1.03;0;0;0;0;3;0;1;1;1;2;1;2020-06-08 13:30:00;1362;0;63;26;16;0;1;1;3;1;5;0;4;5;0;0;1;3;0;4;1;87;42;130;101;1.35;1.12;2.47;0;1;0;1;0;0;1;1;0;0;0;0;0;0;-1;-1;-1;-1;-1;-1;-1;-1;-1;5;5;59;85;100;52;85;74;21;10.63;0;3.8;2.58;Alashkert;FC Avan Academy;1.43;1.43;1.7;1.44;1.7;1.9;95;95;42;16;0;57;50;38;1.54;1.55;3.09;2403;28;Y;Y;Y;N;N;N;Y
992084;882;884;2019/2020;complete;57135;21;-1;89;63,80;1;2;3;3;6;9;-1;-1;3;1;0;0;5;4;6;4;11;8;-1;-1;50;50;3;1;2.15;3.1;3.2;1.02;1.27;1.95;3.2;6.1;8.75;3.35;1.85;1.3;1.08;1.7;2.1;0;0;0;0;1.29;1.33;1.67;2.75;2.2;3.6;2.4;2.4;3.5;0;0;1.13;1.35;1.62;2.19;2.66;5;2.95;2.15;1.6;1.42;1.92;7.5;2.34;1.74;8.75;2.2;3.6;6;1.43;2.88;7;15;2.63;1.36;1.07;1.01;1.21;2.03;4.24;9;4.04;1.72;1.19;1.05;0;0;0;0;3;0;0;1;2;3;0;2020-06-09 14:30:00;884;0;53;22;22;0;1;1;1;2;2;4;3;6;0;1;3;0;1;3;1;59;61;104;105;1.48;1.23;2.71;0;0;0;0;0;0;1;1;0;0;1;0;0;0;-1;-1;-1;-1;-1;-1;-1;-1;-1;16;26;68;79;95;53;79;69;26;8.5;0;4.29;2.88;Pyunik;Banants;1.25;1.42;1.5;1.11;1.37;1.37;85;74;32;22;6;69;44;32;1.69;1.38;3.07;2403;24;Y;Y;Y;N;N;N;Y
992085;883;1360;2019/2020;complete;57134;22;-1;36,74;;2;0;2;2;8;10;-1;-1;2;2;0;0;5;0;1;5;6;5;-1;-1;41;59;2;2;2.15;2.9;3.2;1.07;1.43;2.1;3.75;9.4;7.3;2.71;1.65;1.22;1.04;1.91;1.8;0;0;0;0;1.3;1.32;1.55;2.94;1.93;4.22;2.59;2.25;3.76;0;0;0;0;0;0;0;0;0;0;0;0;0;0;0;1.8;7;2.4;3.5;5.5;1.5;2.92;8.9;17;2.46;1.37;1.04;1.01;1.33;2.55;6.15;12;3.09;1.46;1.1;1.03;0;0;0;0;2;1;0;1;0;1;1;2020-06-11 13:00:00;883;0;48;14;39;0;1;1;2;3;0;5;5;5;0;1;2;1;1;3;1;39;75;92;113;1.02;0.87;1.89;0;0;0;0;0;0;1;1;0;0;1;0;0;0;-1;-1;-1;-1;-1;-1;-1;-1;-1;0;24;53;68;86;24;63;72;58;12.57;0;4.09;2.31;Shirak;Artsakh;2.07;1.14;2.2;1.18;1.62;1.67;100;76;47;33;14;72;63;48;1.7;1.65;3.35;2403;28;Y;Y;N;N;N;N;N
992086;1362;885;2019/2020;complete;57134;22;-1;22,45,51,90;11,56;4;2;6;2;0;2;-1;-1;5;4;0;0;3;3;1;0;4;3;-1;-1;50;50;5;4;1.29;4.75;9.5;1.01;1.18;1.61;2.5;4.26;12.5;4.22;2.36;1.46;1.17;1.91;1.85;0;0;0;0;1.04;1.17;3.5;1.67;2.6;7.5;1.55;3.13;7.7;0;0;0;0;0;0;0;0;0;0;0;0;0;0;0;1.25;15;3.75;2.1;15;1.28;2.35;5.3;13;3.42;1.54;1.13;1.02;1.17;1.86;3.62;8;4.5;1.86;1.25;1.06;0;0;0;0;6;2;1;2;1;3;3;2020-06-11 15:30:00;1362;0;50;18;27;0;1;1;2;0;0;0;2;0;1;1;4;3;2;7;1;27;15;30;21;0.66;0.51;1.16;2;0;2;0;0;0;1;1;0;0;0;0;0;0;-1;-1;-1;-1;-1;-1;-1;-1;-1;14;32;41;64;87;27;60;78;41;10.49;0;5.56;2.55;FC Avan Academy;Ararat;2.29;1;2.27;1.18;1.95;1.43;87;69;60;36;14;58;53;48;1.74;1.25;2.99;2403;27;Y;Y;Y;Y;Y;Y;Y
992087;1361;96;2019/2020;complete;57134;22;-1;;44,57;0;2;2;3;3;6;-1;-1;2;2;0;0;0;3;10;2;10;5;-1;-1;58;42;2;2;2.5;3.25;2.5;1.06;1.36;2.05;3.6;8;7.5;2.88;1.7;1.25;1.05;1.85;1.85;0;0;0;0;1.44;1.3;1.44;3.2;2.05;3.2;3.1;2.25;2.88;0;0;0;0;0;0;0;0;0;0;0;0;0;0;0;2;8;2;4.5;4;1.44;3.25;8.5;34;2.63;1.29;1.05;1;1.28;2.3;5.3;10;3.4;1.56;1.13;1.04;0;0;0;0;2;0;1;0;1;1;1;2020-06-12 13:00:00;96;0;62;39;25;0;1;1;2;2;1;1;4;2;1;1;1;1;2;2;1;63;43;87;88;1.09;0.85;1.93;0;1;0;1;0;0;1;1;0;0;1;0;0;0;-1;-1;-1;-1;-1;-1;-1;-1;-1;14;33;67;86;96;48;86;82;38;8.55;0;5.04;3.14;Lori;Alashkert;1.92;1.93;2;1.7;1.67;1.62;86;67;33;14;5;56;52;26;1.65;1.4;3.05;2403;27;Y;Y;N;N;N;N;N
992088;881;882;2019/2020;complete;57135;22;-1;55;;1;0;1;7;5;12;4;1;2;0;0;0;7;3;11;5;18;8;13;9;51;49;2;0;2.7;3.4;2.25;1.04;1.31;2.05;3.3;6.65;8;3.1;1.75;1.28;1.07;1.75;1.95;0;0;0;0;1.53;1.29;1.4;3.4;2.1;3;3;2.4;2.75;0;0;0;0;0;0;0;0;0;0;0;0;0;0;0;2.1;8;1.83;5;4.2;1.4;3;7.5;17;2.75;1.33;1.06;1.01;1.26;2.24;5.05;10;3.54;1.59;1.14;1.04;0;0;0;0;1;0;0;1;0;1;0;2020-06-13 14:30:00;881;0;78;39;56;0;1;1;6;3;1;2;9;3;1;0;1;0;1;1;1;49;51;78;89;1.97;1.09;3.06;0;0;0;0;0;0;1;1;0;0;0;0;0;0;-1;-1;-1;-1;-1;-1;-1;-1;-1;22;45;67;89;100;45;84;89;67;11.5;0;5.25;3.67;Gandzasar;Pyunik;1.58;1.42;1.33;1.22;1.05;1.3;78;56;34;11;0;53;53;47;1.71;1.8;3.51;2403;24;Y;N;N;N;N;N;N
992089;1360;1362;2019/2020;complete;57134;23;-1;7;17;1;1;2;1;7;8;3;3;2;2;0;0;7;8;15;11;22;19;10;21;55;45;2;2;4.2;3.8;1.65;1.02;1.18;1.65;2.58;4.44;7.7;3.8;2.05;1.38;1.13;1.59;2.08;0;0;0;0;2.1;1.22;1.2;4.33;2.38;2.2;4.12;2.67;2.02;0;0;0;0;0;0;0;0;0;0;0;0;0;0;0;2.63;12;1.53;8.5;3.2;1.29;2.43;5.4;13;2.96;1.43;1.08;1.02;1.15;1.86;3.64;6.6;4.18;1.8;1.2;1.04;0;0;0;0;2;1;1;0;0;0;2;2020-06-15 13:30:00;-1;0;60;10;35;0;1;1;0;4;1;3;4;4;0;2;2;0;2;2;1;91;66;124;98;2.53;2.23;4.76;0;0;0;0;0;0;1;1;1;0;0;0;0;0;-1;-1;-1;-1;-1;-1;-1;-1;-1;5;15;65;85;95;35;80;80;40;9.54;0;5.46;2.7;Artsakh;FC Avan Academy;2.29;1.43;2.2;1.6;1.59;2;95;85;35;15;5;69;47;37;1.56;1.5;3.06;2403;28;Y;Y;N;N;N;N;Y
999374;882;881;2019/2020;complete;57135;26;-1;77,88;15,80,90;2;3;5;5;7;12;-1;-1;3;2;0;0;5;7;6;9;11;16;-1;-1;50;50;3;2;2.3;2.85;2.75;1.03;1.33;2.05;3.7;6.75;7.25;2.8;1.59;1.19;1.04;1.8;1.8;0;0;0;0;1.5;1.33;1.4;3.2;2.1;3.1;2.88;2.38;2.88;0;0;0;0;0;0;0;0;0;0;0;0;0;0;0;1.91;8;2;4.33;4.5;1.4;3;8.5;21;2.75;1.33;1.05;1;1.3;2.22;4.86;11;3.4;1.61;1.15;1.03;0;0;0;0;5;0;1;2;2;4;1;2020-07-01 15:00:00;881;0;50;11;21;0;1;1;4;2;1;5;6;6;1;0;2;2;1;4;1;49;79;92;135;1.4;2.08;3.48;1;1;1;1;0;0;1;1;0;0;1;1;0;0;-1;-1;-1;-1;-1;-1;-1;-1;-1;9;18;64;87;96;36;73;60;27;9.56;0;5.24;2.73;Pyunik;Gandzasar;1.25;1;1.36;0.82;1.39;1.22;91;82;37;14;5;62;39;33;1.67;1.19;2.86;2403;24;Y;Y;Y;Y;Y;N;Y
999375;883;1361;2019/2020;complete;57134;26;-1;;;0;0;0;4;8;12;0;0;2;1;0;0;6;7;5;6;11;13;1;2;40;60;2;1;1.65;3.35;4.15;1.02;1.26;1.87;3.2;5.75;8.5;3.15;1.74;1.25;1.07;1.8;1.8;0;0;0;0;1.12;1.29;2.2;2.5;2.1;4;2.1;2.3;4.5;0;0;0;1.5;1.85;2.4;3.28;0;2.41;1.85;1.5;1.29;1.51;8;3.46;1.53;7.5;3;2.6;7.5;1.5;3.25;8.5;34;2.5;1.29;1.05;1;1.29;2.38;4.2;11;3.34;1.53;1.19;1.03;0;0;0;0;0;0;0;0;0;0;0;2020-07-02 13:30:00;-1;0;50;4;38;0;1;1;4;4;0;4;8;4;0;0;2;1;0;3;1;45;61;105;120;1.45;1.76;3.21;0;0;0;0;0;0;1;1;0;0;0;0;0;0;-1;-1;-1;-1;-1;-1;-1;-1;-1;0;21;46;67;84;21;67;67;46;9.14;0;4.67;2.17;Shirak;Lori;2.07;1.07;2.33;1.17;1.84;1.56;100;79;55;34;17;56;47;35;1.59;1.44;3.03;2403;27;N;N;N;N;N;N;N
999376;1360;885;2019/2020;complete;57134;26;-1;63;;1;0;1;2;5;7;-1;-1;2;1;0;0;4;5;8;8;12;13;-1;-1;50;50;2;1;1.21;5.15;8;1.01;1.2;1.71;2.8;4.95;9.5;3.6;1.91;1.33;1.1;2.2;1.51;0;0;0;0;1.02;1.17;3.5;1.62;2.6;9.5;1.5;3.1;8;0;0;0;1.49;1.85;2.4;3.3;0;2.45;1.85;1.5;1.29;1.31;9;4.92;1.22;14;6;1.91;18;1.3;2.63;6;12;3.2;1.44;1.11;1.02;1.18;1.87;3.8;9;4.3;1.85;1.22;1.05;0;0;0;0;1;0;0;1;0;1;0;2020-07-02 14:00:00;1360;0;63;17;38;0;1;1;0;5;2;0;5;2;0;0;2;1;0;3;1;63;53;124;116;1.5;1.56;3.06;0;0;0;0;0;0;1;1;0;0;0;1;0;0;-1;-1;-1;-1;-1;-1;-1;-1;-1;17;29;54;79;96;38;71;88;46;7.33;0;6.89;2.84;Artsakh;Ararat;2.29;1;2.17;1.08;1.68;1.24;84;71;46;21;4;59;46;42;1.62;1.18;2.8;2403;27;Y;N;N;N;N;N;N
999377;1362;96;2019/2020;complete;57134;26;-1;;;0;0;0;4;2;6;1;2;4;4;1;1;0;3;7;7;7;10;19;14;42;58;5;5;1.91;3.25;3.4;1.06;1.25;2;3.25;6.5;9;3.65;1.8;1.3;1.1;1.75;1.98;0;0;0;0;1.29;1.3;1.73;2.6;2.1;4;2.3;2.4;3.6;0;0;0;1.49;1.85;2.4;3.28;0;2.45;1.85;1.5;1.29;1.36;8.4;4.32;1.67;9.5;2.4;3.4;6.5;1.36;2.88;7;15;2.88;1.36;1.07;1.01;1.23;2.15;4.5;10;3.7;1.64;1.16;1.04;0;0;0;0;0;0;0;0;0;0;0;2020-07-02 16:00:00;-1;0;54;35;22;0;1;1;3;0;1;2;3;3;1;2;4;3;3;7;1;76;65;110;138;1;1.33;2.33;0;0;0;0;0;0;1;1;0;0;1;0;1;0;-1;-1;-1;-1;-1;-1;-1;-1;-1;13;38;55;75;88;38;71;80;38;11.36;0;5.24;2.92;FC Avan Academy;Alashkert;2.29;1.93;2.33;1.92;1.8;1.6;88;63;46;25;13;60;55;36;1.64;1.48;3.12;2403;28;N;N;N;N;N;N;N
999378;1360;883;2019/2020;complete;57134;27;-1;44,75,86,90;;4;0;4;5;5;10;4;6;3;4;0;2;6;3;4;5;10;8;7;13;52;48;3;6;2.9;2.55;2.4;1.07;1.48;2.5;4.75;8.5;6;2.3;1.41;1.11;1.01;2.05;1.61;0;0;0;0;1.51;1.4;1.28;4.34;1.81;3.2;3.68;2.18;2.74;0;0;0;0;0;0;0;0;0;0;0;0;0;0;0;2.3;6.5;1.91;5;3.6;1.53;3.5;9.5;34;2.38;1.25;1.04;1;1.35;2.53;6.1;13;2.98;1.47;1.09;1.02;0;0;0;0;4;1;0;3;0;3;1;2020-07-06 14:00:00;1360;0;62;15;31;0;1;1;4;1;1;4;5;5;1;1;2;5;2;7;1;58;66;96;101;1.47;1.2;2.67;1;0;1;0;0;0;1;1;0;0;1;1;0;0;-1;-1;-1;-1;-1;-1;-1;-1;-1;12;23;46;70;89;31;66;74;42;9.08;0;5.28;2.43;Artsakh;Shirak;2.29;1.29;2.23;1.38;1.73;1.81;89;77;54;31;12;47;27;23;1.61;1.39;3;2403;28;Y;Y;Y;Y;N;N;N
999379;885;1362;2019/2020;complete;57134;27;-1;;88;0;1;1;1;9;10;-1;-1;4;4;0;0;3;11;5;5;8;16;-1;-1;50;50;4;4;8.5;4.75;1.29;1.01;1.14;1.6;2.6;4.8;13;4.8;2.3;1.44;1.14;2.03;1.75;0;0;0;0;3.84;1.09;1.02;8.1;2.84;1.61;8.5;3.3;1.48;0;0;0;0;0;0;0;0;0;0;0;0;0;0;0;3.75;15;1.25;15;2.1;1.29;2.5;5.5;12;3.25;1.5;1.13;1.02;1.14;1.83;3.3;8;4.9;1.89;1.28;1.06;0;0;0;0;1;0;0;0;1;1;0;2020-07-06 16:00:00;1362;0;58;19;23;0;1;1;0;4;1;5;4;6;2;0;2;4;2;6;1;43;111;108;148;1.04;2.58;3.62;0;0;0;0;0;0;1;1;0;0;0;1;1;0;-1;-1;-1;-1;-1;-1;-1;-1;-1;8;12;47;74;93;35;69;70;31;8.73;0;5.08;2.35;Ararat;FC Avan Academy;1.29;1.43;1.38;1.31;1.19;1.77;93;89;54;27;8;52;40;28;1.39;1.53;2.92;2403;27;Y;N;N;N;N;N;N
999380;96;1361;2019/2020;complete;57134;27;-1;10,48,49,69,90;4;5;1;6;2;4;6;1;3;2;3;0;0;8;3;8;4;16;7;10;16;54;46;2;3;2.2;2.8;2.95;1.05;1.4;2.25;4.2;7.75;6.65;2.5;1.49;1.14;1.02;1.95;1.69;0;0;0;0;1.4;1.36;1.53;3.2;1.95;3.6;2.88;2.1;3.4;0;0;0;1.47;1.81;2.34;3.14;0;2.5;1.9;1.52;1.31;1.92;7;2.39;1.91;6;2.25;3.75;4.5;1.52;3.4;9.5;17;2.4;1.28;1.02;1.01;1.35;2.66;5.8;13;2.98;1.43;1.1;1.02;0;0;0;0;6;1;1;4;0;4;2;2020-07-07 14:00:00;96;0;58;16;27;0;1;1;1;1;1;3;2;4;0;1;2;2;1;4;1;56;47;120;97;1.98;1;2.98;0;0;0;0;0;0;1;1;1;1;0;0;0;0;-1;-1;-1;-1;-1;-1;-1;-1;-1;4;12;43;66;85;31;58;74;31;9.55;0;5.27;2.12;Alashkert;Lori;1.43;1.07;1.31;1.15;1.58;1.54;96;89;58;35;16;44;35;30;1.57;1.46;3.03;2403;27;Y;Y;Y;Y;Y;Y;Y
1012983;883;96;2019/2020;complete;57134;28;-1;35,87;20,51,62,72;2;4;6;0;0;0;-1;-1;2;3;0;0;6;11;9;5;15;16;-1;-1;50;50;2;3;2.25;2.9;2.75;1.02;1.27;1.91;3.3;5.95;8.25;3.1;1.71;1.24;1.06;1.69;1.91;0;0;0;0;1.53;1.3;1.44;3.2;2.1;3.1;2.9;2.45;2.75;0;0;0;1.47;1.8;2.3;3.15;0;2.5;1.9;1.55;1.31;2.12;7;2.14;2;9;2;4.5;4.5;1.39;2.78;7.5;15;2.81;1.4;1.06;1.02;1.23;2.2;4.6;10;3.7;1.61;1.16;1.04;0;0;0;0;6;1;1;1;3;4;2;2020-07-14 13:30:00;96;0;50;21;28;0;1;1;0;0;0;0;0;0;0;2;2;1;2;3;1;46;48;113;127;1.71;2.14;3.84;1;0;1;0;0;0;1;1;0;0;0;0;0;0;-1;-1;-1;-1;-1;-1;-1;-1;-1;4;27;58;77;89;31;77;74;43;9.63;0;4.4;2.58;Shirak;Alashkert;2.07;1.93;2.23;1.85;1.74;1.63;96;73;42;23;12;68;64;40;1.58;1.46;3.04;2403;28;Y;Y;Y;Y;Y;Y;Y
1012985;1362;1360;2019/2020;complete;57134;28;-1;16,45;;2;0;2;3;5;8;2;2;2;2;0;0;6;3;1;7;7;10;19;6;35;65;2;2;2;3.4;3.2;1.03;1.26;1.85;2.85;5.3;9.1;3.66;1.95;1.39;1.12;1.52;2.45;0;0;0;0;1.33;1.29;1.67;2.62;2.2;3.6;2.39;2.5;3.6;0;0;0;1.47;1.8;2.3;3.12;0;2.5;1.9;1.55;1.32;1.82;7.5;2.53;1.73;10;2.25;3.75;6;1.35;2.62;6.1;15;2.98;1.44;1.09;1.02;1.22;2.08;3.9;9;3.8;1.68;1.21;1.05;0;0;0;0;2;2;0;0;0;0;2;2020-07-14 13:30:00;1362;0;39;23;23;0;1;1;2;4;1;1;6;2;0;1;2;1;1;3;1;42;75;91;129;1.18;1.39;2.57;0;0;0;0;0;0;1;1;0;0;1;1;0;0;-1;-1;-1;-1;-1;-1;-1;-1;-1;8;27;35;54;77;23;50;70;38;12.75;0;5.3;2.2;FC Avan Academy;Artsakh;2.29;1.14;2.23;1.23;1.81;1.78;93;74;66;46;23;56;48;36;1.59;1.56;3.15;2403;28;Y;Y;N;N;N;N;N
1017021;882;10519;2019/2020;complete;57135;19;-1;-1,-1,-1;;3;0;3;-1;-1;-1;-1;-1;-1;-1;-1;-1;-1;-1;-1;-1;-1;-1;-1;-1;-1;-1;-1;-1;0;0;0;0;0;0;0;0;0;0;0;0;0;0;0;0;0;0;0;0;0;0;0;0;0;0;0;0;0;0;0;0;0;0;0;0;0;0;0;0;0;0;0;0;0;0;0;0;0;0;0;0;0;0;0;0;0;0;0;0;0;0;0;0;0;0;0;0;3;0;0;0;0;0;0;2020-05-31 23:00:00;882;0;56;18;30;1;-1;-1;-1;-1;-1;-1;-1;-1;-1;-1;-1;-1;-1;-1;-1;0;0;0;0;0;0;0;-1;-1;-1;-1;-1;-1;-1;-1;-1;-1;-1;-1;-1;-1;-1;-1;-1;-1;-1;-1;-1;-1;-1;33;45;78;89;100;62;89;73;39;7.14;0;3.79;3.89;Pyunik;Yerevan;1.25;0;1.33;0;1.28;0;67;56;22;11;0;54;48;41;1.69;0.78;2.47;2403;24;Y;Y;Y;N;N;N;N
1017022;10519;881;2019/2020;complete;57135;20;-1;;-1,-1,-1;0;3;3;-1;-1;-1;-1;-1;-1;-1;-1;-1;-1;-1;-1;-1;-1;-1;-1;-1;-1;-1;-1;-1;0;0;0;0;0;0;0;0;0;0;0;0;0;0;0;0;0;0;0;0;0;0;0;0;0;0;0;0;0;0;0;0;0;0;0;0;0;0;0;0;0;0;0;0;0;0;0;0;0;0;0;0;0;0;0;0;0;0;0;0;0;0;0;0;0;0;0;0;3;0;0;0;0;0;0;2020-06-08 23:00:00;881;0;47;6;27;1;-1;-1;-1;-1;-1;-1;-1;-1;-1;-1;-1;-1;-1;-1;-1;0;0;0;0;0;0;0;-1;-1;-1;-1;-1;-1;-1;-1;-1;-1;-1;-1;-1;-1;-1;-1;-1;-1;-1;-1;-1;-1;-1;11;22;54;79;95;37;57;69;32;6.78;0;5.11;2.88;Yerevan;Gandzasar;0;1;0;0.6;0;0.95;89;79;47;21;5;59;39;33;0.92;1.19;2.11;2403;24;Y;Y;Y;N;N;N;N
1017023;884;10519;2019/2020;complete;57135;21;-1;-1,-1,-1;;3;0;3;-1;-1;-1;-1;-1;-1;-1;-1;-1;-1;-1;-1;-1;-1;-1;-1;-1;-1;-1;-1;-1;0;0;0;0;0;0;0;0;0;0;0;0;0;0;0;0;0;0;0;0;0;0;0;0;0;0;0;0;0;0;0;0;0;0;0;0;0;0;0;0;0;0;0;0;0;0;0;0;0;0;0;0;0;0;0;0;0;0;0;0;0;0;0;0;0;0;0;0;3;0;0;0;0;0;0;2020-06-12 23:00:00;884;0;45;18;36;1;-1;-1;-1;-1;-1;-1;-1;-1;-1;-1;-1;-1;-1;-1;-1;0;0;0;0;0;0;0;-1;-1;-1;-1;-1;-1;-1;-1;-1;-1;-1;-1;-1;-1;-1;-1;-1;-1;-1;-1;-1;-1;-1;25;35;60;80;95;40;60;65;40;5.47;0;4.21;3.4;Banants;Yerevan;1.58;0;1.6;0;1.45;0;75;65;40;20;5;51;45;33;1.22;0.78;2;2403;24;Y;Y;Y;N;N;N;N
1017024;10519;882;2019/2020;complete;57135;22;-1;;-1,-1,-1;0;3;3;-1;-1;-1;-1;-1;-1;-1;-1;-1;-1;-1;-1;-1;-1;-1;-1;-1;-1;-1;-1;-1;0;0;0;0;0;0;0;0;0;0;0;0;0;0;0;0;0;0;0;0;0;0;0;0;0;0;0;0;0;0;0;0;0;0;0;0;0;0;0;0;0;0;0;0;0;0;0;0;0;0;0;0;0;0;0;0;0;0;0;0;0;0;0;0;0;0;0;0;3;0;0;0;0;0;0;2020-06-16 23:00:00;882;0;60;25;52;1;-1;-1;-1;-1;-1;-1;-1;-1;-1;-1;-1;-1;-1;-1;-1;0;0;0;0;0;0;0;-1;-1;-1;-1;-1;-1;-1;-1;-1;-1;-1;-1;-1;-1;-1;-1;-1;-1;-1;-1;-1;-1;-1;25;45;75;85;100;50;60;80;60;8.33;0;4.47;3.9;Yerevan;Pyunik;0;1.42;0;1.1;0;1.24;75;55;25;15;0;53;45;39;0.92;1.71;2.63;2403;24;Y;Y;Y;N;N;N;N
1017025;881;10519;2019/2020;complete;57135;23;-1;-1,-1,-1;;3;0;3;-1;-1;-1;-1;-1;-1;-1;-1;-1;-1;-1;-1;-1;-1;-1;-1;-1;-1;-1;-1;-1;0;0;0;0;0;0;0;0;0;0;0;0;0;0;0;0;0;0;0;0;0;0;0;0;0;0;0;0;0;0;0;0;0;0;0;0;0;0;0;0;0;0;0;0;0;0;0;0;0;0;0;0;0;0;0;0;0;0;0;0;0;0;0;0;0;0;0;0;3;0;0;0;0;0;0;2020-06-27 23:00:00;881;0;55;26;37;1;-1;-1;-1;-1;-1;-1;-1;-1;-1;-1;-1;-1;-1;-1;-1;0;0;0;0;0;0;0;-1;-1;-1;-1;-1;-1;-1;-1;-1;-1;-1;-1;-1;-1;-1;-1;-1;-1;-1;-1;-1;-1;-1;23;32;59;82;100;41;69;73;36;7.23;0;4.3;3.36;Gandzasar;Yerevan;1.58;0;1.45;0;1.14;0;78;69;41;18;0;56;56;49;1.75;0.78;2.53;2403;24;Y;Y;Y;N;N;N;N
1017026;10519;884;2019/2020;complete;57135;24;-1;;-1,-1,-1;0;3;3;-1;-1;-1;-1;-1;-1;-1;-1;-1;-1;-1;-1;-1;-1;-1;-1;-1;-1;-1;-1;-1;0;0;0;0;0;0;0;0;0;0;0;0;0;0;0;0;0;0;0;0;0;0;0;0;0;0;0;0;0;0;0;0;0;0;0;0;0;0;0;0;0;0;0;0;0;0;0;0;0;0;0;0;0;0;0;0;0;0;0;0;0;0;0;0;0;0;0;0;3;0;0;0;0;0;0;2020-06-30 23:00:00;884;0;50;18;35;1;-1;-1;-1;-1;-1;-1;-1;-1;-1;-1;-1;-1;-1;-1;-1;0;0;0;0;0;0;0;-1;-1;-1;-1;-1;-1;-1;-1;-1;-1;-1;-1;-1;-1;-1;-1;-1;-1;-1;-1;-1;-1;-1;14;23;64;78;96;46;50;69;32;5.7;0;3.96;3;Yerevan;Banants;0;1.42;0;1.27;0;1.43;87;78;36;23;5;65;37;27;0.92;1.37;2.29;2403;24;Y;Y;Y;N;N;N;N
