ID;HOMEID;AWAYID;SEASON;STATUS;ROUNDID;GAME_WEEK;REVISED_GAME_WEEK;HOMEGOALS;AWAYGOALS;HOMEGOALCOUNT;AWAYGOALCOUNT;TOTALGOALCOUNT;TEAM_A_CORNERS;TEAM_B_CORNERS;TOTALCORNERCOUNT;TEAM_A_OFFSIDES;TEAM_B_OFFSIDES;TEAM_A_YELLOW_CARDS;TEAM_B_YELLOW_CARDS;TEAM_A_RED_CARDS;TEAM_B_RED_CARDS;TEAM_A_SHOTSONTARGET;TEAM_B_SHOTSONTARGET;TEAM_A_SHOTSOFFTARGET;TEAM_B_SHOTSOFFTARGET;TEAM_A_SHOTS;TEAM_B_SHOTS;TEAM_A_FOULS;TEAM_B_FOULS;TEAM_A_POSSESSION;TEAM_B_POSSESSION;TEAM_A_CARDS_NUM;TEAM_B_CARDS_NUM;ODDS_FT_1;ODDS_FT_X;ODDS_FT_2;ODDS_FT_OVER05;ODDS_FT_OVER15;ODDS_FT_OVER25;ODDS_FT_OVER35;ODDS_FT_OVER45;ODDS_FT_UNDER05;ODDS_FT_UNDER15;ODDS_FT_UNDER25;ODDS_FT_UNDER35;ODDS_FT_UNDER45;ODDS_BTTS_YES;ODDS_BTTS_NO;ODDS_TEAM_A_CS_YES;ODDS_TEAM_A_CS_NO;ODDS_TEAM_B_CS_YES;ODDS_TEAM_B_CS_NO;ODDS_DOUBLECHANCE_1X;ODDS_DOUBLECHANCE_12;ODDS_DOUBLECHANCE_X2;ODDS_1ST_HALF_RESULT_1;ODDS_1ST_HALF_RESULT_X;ODDS_1ST_HALF_RESULT_2;ODDS_2ND_HALF_RESULT_1;ODDS_2ND_HALF_RESULT_X;ODDS_2ND_HALF_RESULT_2;ODDS_DNB_1;ODDS_DNB_2;ODDS_CORNERS_OVER_75;ODDS_CORNERS_OVER_85;ODDS_CORNERS_OVER_95;ODDS_CORNERS_OVER_105;ODDS_CORNERS_OVER_115;ODDS_CORNERS_UNDER_75;ODDS_CORNERS_UNDER_85;ODDS_CORNERS_UNDER_95;ODDS_CORNERS_UNDER_105;ODDS_CORNERS_UNDER_115;ODDS_CORNERS_1;ODDS_CORNERS_X;ODDS_CORNERS_2;ODDS_TEAM_TO_SCORE_FIRST_1;ODDS_TEAM_TO_SCORE_FIRST_X;ODDS_TEAM_TO_SCORE_FIRST_2;ODDS_WIN_TO_NIL_1;ODDS_WIN_TO_NIL_2;ODDS_1ST_HALF_OVER05;ODDS_1ST_HALF_OVER15;ODDS_1ST_HALF_OVER25;ODDS_1ST_HALF_OVER35;ODDS_1ST_HALF_UNDER05;ODDS_1ST_HALF_UNDER15;ODDS_1ST_HALF_UNDER25;ODDS_1ST_HALF_UNDER35;ODDS_2ND_HALF_OVER05;ODDS_2ND_HALF_OVER15;ODDS_2ND_HALF_OVER25;ODDS_2ND_HALF_OVER35;ODDS_2ND_HALF_UNDER05;ODDS_2ND_HALF_UNDER15;ODDS_2ND_HALF_UNDER25;ODDS_2ND_HALF_UNDER35;ODDS_BTTS_1ST_HALF_YES;ODDS_BTTS_1ST_HALF_NO;ODDS_BTTS_2ND_HALF_YES;ODDS_BTTS_2ND_HALF_NO;OVERALLGOALCOUNT;HT_GOALS_TEAM_A;HT_GOALS_TEAM_B;GOALS_2HG_TEAM_A;GOALS_2HG_TEAM_B;GOALCOUNT_2HG;HTGOALCOUNT;DATE_UNIX;WINNINGTEAM;NO_HOME_AWAY;BTTS_POTENTIAL;BTTS_FHG_POTENTIAL;BTTS_2HG_POTENTIAL;GOALTIMINGDISABLED;CORNER_TIMINGS_RECORDED;CARD_TIMINGS_RECORDED;TEAM_A_FH_CORNERS;TEAM_B_FH_CORNERS;TEAM_A_2H_CORNERS;TEAM_B_2H_CORNERS;CORNER_FH_COUNT;CORNER_2H_COUNT;TEAM_A_FH_CARDS;TEAM_B_FH_CARDS;TEAM_A_2H_CARDS;TEAM_B_2H_CARDS;TOTAL_FH_CARDS;TOTAL_2H_CARDS;ATTACKS_RECORDED;TEAM_A_DANGEROUS_ATTACKS;TEAM_B_DANGEROUS_ATTACKS;TEAM_A_ATTACKS;TEAM_B_ATTACKS;TEAM_A_XG;TEAM_B_XG;TOTAL_XG;TEAM_A_PENALTIES_WON;TEAM_B_PENALTIES_WON;TEAM_A_PENALTY_GOALS;TEAM_B_PENALTY_GOALS;TEAM_A_PENALTY_MISSED;TEAM_B_PENALTY_MISSED;PENS_RECORDED;GOAL_TIMINGS_RECORDED;TEAM_A_0_10_MIN_GOALS;TEAM_B_0_10_MIN_GOALS;TEAM_A_CORNERS_0_10_MIN;TEAM_B_CORNERS_0_10_MIN;TEAM_A_CARDS_0_10_MIN;TEAM_B_CARDS_0_10_MIN;THROWINS_RECORDED;TEAM_A_THROWINS;TEAM_B_THROWINS;FREEKICKS_RECORDED;TEAM_A_FREEKICKS;TEAM_B_FREEKICKS;GOALKICKS_RECORDED;TEAM_A_GOALKICKS;TEAM_B_GOALKICKS;O45_POTENTIAL;O35_POTENTIAL;O25_POTENTIAL;O15_POTENTIAL;O05_POTENTIAL;O15HT_POTENTIAL;O05HT_POTENTIAL;O05_2H_POTENTIAL;O15_2H_POTENTIAL;CORNERS_POTENTIAL;OFFSIDES_POTENTIAL;CARDS_POTENTIAL;AVG_POTENTIAL;HOME_NAME;AWAY_NAME;HOME_PPG;AWAY_PPG;PRE_MATCH_HOME_PPG;PRE_MATCH_AWAY_PPG;PRE_MATCH_TEAMA_OVERALL_PPG;PRE_MATCH_TEAMB_OVERALL_PPG;U45_POTENTIAL;U35_POTENTIAL;U25_POTENTIAL;U15_POTENTIAL;U05_POTENTIAL;CORNERS_O85_POTENTIAL;CORNERS_O95_POTENTIAL;CORNERS_O105_POTENTIAL;TEAM_A_XG_PREMATCH;TEAM_B_XG_PREMATCH;TOTAL_XG_PREMATCH;COMPETITION_ID;MATCHES_COMPLETED_MINIMUM;OVER05;OVER15;OVER25;OVER35;OVER45;OVER55;BTTS
469248;884;883;2018/2019;complete;3670;1;-1;;;0;0;0;8;0;8;2;3;0;0;0;0;7;3;11;4;18;7;17;12;58;42;0;0;2.2;3.15;2.85;1.06;1.41;2.25;4.25;4.6;9.2;3.05;1.65;1.24;1.09;2.05;1.71;0;0;0;0;1.36;1.33;1.53;2.85;1.97;4.05;2.64;2.21;3.65;0;0;0;0;0;0;0;0;0;0;0;0;0;0;0;1.82;8.2;2.31;0;0;0;0;0;0;0;0;0;0;1.43;3.1;8;17;2.62;1.32;1.06;1.01;0;0;0;0;0;0;0;0;0;0;0;2018-08-04 13:00:00;-1;0;0;0;0;0;1;-1;3;0;5;0;3;5;0;0;0;0;0;0;1;59;27;74;59;2.04;0.85;2.89;0;0;0;0;0;0;1;1;0;0;0;0;-1;-1;-1;-1;-1;-1;-1;-1;-1;-1;-1;0;0;0;0;0;0;0;0;0;0;0;0;0;Banants;Shirak;1.75;0.81;0;0;0;0;0;0;0;0;0;0;0;0;0;0;0;1671;32;N;N;N;N;N;N;N
469249;1361;1362;2018/2019;complete;3670;1;-1;;67,86;0;2;2;1;6;7;0;2;0;0;0;0;4;7;7;5;11;12;11;12;49;51;0;0;3.8;3.5;1.74;1.03;1.29;1.95;3.35;0;0;0;0;0;0;1.95;1.83;0;0;0;0;0;0;0;0;0;0;0;0;0;0;0;0;0;0;0;0;0;0;0;0;0;0;0;0;0;0;0;0;0;0;0;0;0;0;0;0;0;0;0;0;0;0;0;0;0;0;0;0;0;2;0;0;0;2;2;0;2018-08-04 13:00:00;1362;0;0;0;0;0;1;-1;0;1;1;5;1;6;0;0;0;0;0;0;1;72;66;100;96;1.5;1.72;3.22;-1;-1;-1;-1;-1;-1;-1;1;0;0;0;0;-1;-1;-1;-1;-1;-1;-1;-1;-1;-1;-1;0;0;0;0;0;0;0;0;0;0;0;0;0;Lori;FC Avan Academy;1.44;2.19;0;0;0;0;0;0;0;0;0;0;0;0;0;0;0;1671;32;Y;Y;N;N;N;N;N
469250;885;96;2018/2019;complete;3670;1;-1;;58;0;1;1;1;7;8;2;6;5;3;0;0;3;6;2;5;5;11;20;15;46;54;5;3;5.6;3.95;1.43;1.02;1.25;1.83;3.1;6.8;14.5;4.1;2.02;1.4;1.15;2.05;1.74;0;0;0;0;2.03;1.26;1.14;7.5;2.54;1.73;4.5;2.5;1.91;0;0;0;0;0;0;0;0;0;0;0;0;0;0;0;3.68;14.25;1.31;0;0;0;0;0;0;0;0;0;0;1.41;2.98;7.8;14;3.2;1.44;1.11;1.01;0;0;0;0;1;0;0;0;1;1;0;2018-08-05 13:00:00;96;0;0;0;0;0;1;1;1;3;0;4;4;4;0;0;5;3;0;8;1;66;81;96;98;1.01;1.7;2.71;0;0;0;0;0;0;1;1;0;0;0;0;0;0;-1;-1;-1;-1;-1;-1;-1;-1;-1;0;0;0;0;0;0;0;0;0;0;0;0;0;Ararat;Alashkert;0.75;1.25;0;0;0;0;0;0;0;0;0;0;0;0;0;0;0;1671;32;Y;N;N;N;N;N;N
469251;882;881;2018/2019;complete;3670;1;-1;;48;0;1;1;3;3;6;3;2;4;5;1;1;6;9;4;12;10;21;20;18;49;51;5;7;1.83;3.15;3.8;1.04;1.33;2.05;3.7;8.4;7.5;2.9;1.65;1.22;1.06;2;1.8;0;0;0;0;1.2;1.25;1.79;2.6;1.95;4.8;2.27;2.4;3.8;0;0;0;0;0;0;0;0;0;0;0;0;0;0;0;1.68;8.3;2.57;0;0;0;0;0;0;0;0;0;0;1.4;2.99;9.4;17;2.73;1.34;1.09;1.01;0;0;0;0;1;0;0;0;1;1;0;2018-10-03 15:00:00;881;0;29;29;0;0;1;1;2;0;1;3;2;4;1;1;4;5;2;9;1;53;53;124;111;1.45;2.34;3.78;0;0;0;0;0;0;1;1;0;0;0;0;0;0;-1;-1;-1;-1;-1;-1;-1;-1;-1;0;29;59;75;88;46;88;59;29;7.58;2.25;3.67;2.5;Pyunik;Gandzasar;1.44;1.19;2;0.5;2.25;0.75;100;71;42;25;13;38;38;13;1.46;1.68;3.14;1671;32;Y;N;N;N;N;N;N
469252;1360;884;2018/2019;complete;3670;2;-1;54;;1;0;1;3;6;9;1;2;1;1;0;0;4;2;9;9;13;11;10;9;38;62;1;1;4.05;3.45;1.71;1.02;1.26;1.83;3.1;0;0;0;0;0;0;1.87;1.91;0;0;0;0;0;0;0;0;0;0;0;0;0;0;0;0;0;0;0;0;0;0;0;0;0;0;0;0;0;0;0;0;0;0;0;0;0;0;0;0;0;0;0;0;0;0;0;0;0;0;0;0;0;1;0;0;1;0;1;0;2018-08-11 13:00:00;1360;0;0;0;0;0;1;1;2;1;1;5;3;6;1;1;0;0;2;0;1;0;0;0;0;1.67;1.65;3.32;0;0;0;0;0;0;1;1;0;0;1;0;0;0;-1;-1;-1;-1;-1;-1;-1;-1;-1;0;0;0;0;0;0;0;0;0;0;0;0;0;Artsakh;Banants;1.25;1.5;0;0;0;1;0;0;0;0;0;0;0;0;0;0;0;1671;32;Y;N;N;N;N;N;N
469253;1362;885;2018/2019;complete;3670;2;-1;21;16,46;1;2;3;4;1;5;4;0;1;1;0;0;7;6;4;6;11;12;8;15;50;50;1;1;1.21;5.05;10.25;1.01;1.18;1.61;2.5;0;0;0;0;0;0;2.25;1.62;0;0;0;0;0;0;0;0;0;0;0;0;0;0;0;0;0;0;0;0;0;0;0;0;0;0;0;0;0;0;0;0;0;0;0;0;0;0;0;0;0;0;0;0;0;0;0;0;0;0;0;0;0;3;1;1;0;1;1;2;2018-08-11 15:00:00;885;0;0;0;0;0;1;1;2;0;2;1;2;3;1;0;0;1;1;1;1;0;0;0;0;1.76;1.62;3.38;0;0;0;0;0;0;1;1;0;0;0;0;0;0;-1;-1;-1;-1;-1;-1;-1;-1;-1;0;0;0;0;0;0;0;0;0;0;0;0;0;FC Avan Academy;Ararat;1.63;0.63;0;0;3;0;0;0;0;0;0;0;0;0;0;0;0;1671;32;Y;Y;Y;N;N;N;Y
469254;96;882;2018/2019;complete;3670;2;-1;63;16,74;1;2;3;3;1;4;-1;-1;4;3;1;1;3;7;20;4;23;11;-1;-1;49;51;5;4;1.87;3.3;3.6;1.03;1.29;1.95;3.35;0;8.25;3.15;1.74;1.26;1.07;1.87;1.91;0;0;0;0;0;0;0;0;0;0;0;0;0;0;0;0;0;0;0;0;0;0;0;0;0;0;0;0;0;0;0;0;0;0;0;0;0;0;0;0;0;0;0;0;0;0;0;0;0;0;0;0;0;3;0;1;1;1;2;1;2018-09-19 11:00:00;882;0;75;42;17;0;1;1;3;1;0;0;4;0;2;2;3;2;4;5;1;0;0;0;0;2.15;1.4;3.55;1;0;1;0;0;0;1;1;0;0;0;0;0;1;-1;-1;-1;-1;-1;-1;-1;-1;-1;42;84;100;100;100;67;100;75;59;7.83;3.67;3.67;4.67;Alashkert;Pyunik;1.94;2.31;1.5;2;1.67;2;59;17;0;0;0;42;42;42;1.93;1.58;3.51;1671;32;Y;Y;Y;N;N;N;Y
469255;883;1361;2018/2019;complete;3670;2;-1;43;85;1;1;2;1;6;7;0;3;3;3;0;0;4;4;6;8;10;12;12;19;42;58;3;3;1.43;3.85;6;1.04;1.31;2;3.5;0;0;0;0;0;0;2.2;1.65;0;0;0;0;0;0;0;0;0;0;0;0;0;0;0;0;0;0;0;0;0;0;0;0;0;0;0;0;0;0;0;0;0;0;0;0;0;0;0;0;0;0;0;0;0;0;0;0;0;0;0;0;0;2;1;0;0;1;1;1;2018-08-12 13:00:00;-1;0;0;0;0;0;1;1;1;4;0;2;5;2;0;0;3;3;0;6;1;0;0;0;0;1.31;1.66;2.96;0;0;0;0;0;0;1;1;0;0;0;0;0;0;-1;-1;-1;-1;-1;-1;-1;-1;-1;0;0;0;0;0;0;0;0;0;0;0;0;0;Shirak;Lori;1.44;1.31;0;0;1;0;0;0;0;0;0;0;0;0;0;0;0;1671;32;Y;Y;N;N;N;N;Y
469256;1361;1360;2018/2019;complete;3670;3;-1;29,43,49;70,74;3;2;5;8;3;11;2;1;1;1;0;0;5;4;7;2;12;6;13;9;54;46;1;1;1.91;3.05;3.65;0;0;0;0;0;0;0;0;0;0;0;0;0;0;0;0;0;0;0;0;0;0;0;0;0;0;0;0;0;0;0;0;0;0;0;0;0;0;0;0;0;0;0;0;0;0;0;0;0;0;0;0;0;0;0;0;0;0;0;0;0;0;0;0;0;5;2;0;1;2;3;2;2018-08-18 12:30:00;1361;0;0;0;0;0;1;1;6;0;2;3;6;5;0;0;1;1;0;2;1;0;0;0;0;1.77;1.24;3.01;0;0;0;0;0;0;1;1;0;0;3;0;0;0;-1;-1;-1;-1;-1;-1;-1;-1;-1;0;0;0;50;50;0;0;50;50;1;0;0;1;Lori;Artsakh;1.44;0.5;0;0;0.5;3;50;50;50;0;0;0;0;0;1.5;0;1.5;1671;32;Y;Y;Y;Y;Y;N;Y
469257;882;1362;2018/2019;complete;3670;3;-1;45,58,85;39;3;1;4;0;8;8;0;3;1;3;1;0;7;2;3;7;10;9;17;20;50;50;3;3;0;0;0;0;0;0;0;0;0;0;0;0;0;0;0;0;0;0;0;0;0;0;0;0;0;0;0;0;0;0;0;0;0;0;0;0;0;0;0;0;0;0;0;0;0;0;0;0;0;0;0;0;0;0;0;0;0;0;0;0;0;0;0;0;0;0;0;0;4;1;1;2;0;2;2;2018-08-19 17:30:00;882;0;0;0;0;0;1;1;0;3;0;5;3;5;1;0;1;3;1;4;1;0;0;0;0;1.4;1.39;2.79;0;1;0;1;0;0;1;1;0;0;0;0;0;0;-1;-1;-1;-1;-1;-1;-1;-1;-1;0;0;0;50;50;0;0;50;50;6;2;0;1;Pyunik;FC Avan Academy;1.44;2.19;0;3;0;1.5;50;50;50;0;0;0;0;0;0;1.72;1.72;1671;32;Y;Y;Y;Y;N;N;Y
469258;885;883;2018/2019;complete;3670;3;-1;;;0;0;0;6;2;8;2;1;3;2;0;0;6;3;9;6;15;9;11;22;62;38;3;2;2.8;2.95;2.35;1.05;1.37;2.15;4;1.37;1.36;1.03;1.64;1.01;1.01;2;1.8;0;0;0;0;1.53;1.26;1.33;3.66;2.03;2.95;0;0;0;0;0;0;0;0;0;0;0;0;0;0;0;0;0;0;0;0;0;0;0;0;0;0;0;0;0;0;0;1.44;0;0;0;2.57;0;0;0;0;0;0;0;0;0;0;0;0;0;0;2018-08-19 12:30:00;-1;0;0;0;0;0;1;1;3;0;3;2;3;5;1;1;2;1;2;3;1;78;46;161;119;1.94;1.13;3.07;0;0;0;0;0;0;1;1;0;0;3;0;0;0;-1;-1;-1;-1;-1;-1;-1;-1;-1;0;0;0;0;50;0;0;50;0;1;5;5;0.5;Ararat;Shirak;0.75;0.81;0;1;1.5;1;100;100;100;100;50;0;0;0;1.01;0.85;1.86;1671;32;N;N;N;N;N;N;N
469259;881;96;2018/2019;complete;3670;3;-1;;39;0;1;1;5;8;13;1;3;4;2;0;0;5;9;7;11;12;20;17;12;43;57;4;2;3.05;3;2.15;1.05;1.38;2.2;4.05;1.37;1.36;1.03;1.6;1.01;1.01;2;1.77;0;0;0;0;1.46;1.28;1.36;3.56;1.96;3.18;0;0;0;0;0;0;0;0;0;0;0;0;0;0;0;0;0;0;0;0;0;0;0;0;0;0;0;0;0;0;0;1.46;0;0;0;2.52;0;0;0;0;0;0;0;1;0;1;0;0;0;1;2018-08-19 15:00:00;96;0;0;0;0;0;1;1;5;4;0;4;9;4;0;0;4;2;0;6;1;74;76;121;141;1.65;2.44;4.09;0;0;0;0;0;0;1;1;0;0;1;0;0;0;-1;-1;-1;-1;-1;-1;-1;-1;-1;0;0;0;0;50;0;0;50;0;7;6;3;0.5;Gandzasar;Alashkert;1.19;1.25;0;3;0;3;50;50;50;50;0;0;0;0;0;1.7;1.7;1671;32;Y;N;N;N;N;N;N
469260;883;882;2018/2019;complete;3670;4;-1;2;46,64;1;2;3;3;4;7;-1;-1;1;2;0;0;6;6;8;6;14;12;-1;-1;47;53;1;2;2.25;2.95;2.95;1.06;1.4;2.25;4.2;0;0;0;0;0;0;2.05;1.77;0;0;0;0;0;0;0;0;0;0;0;0;0;0;0;0;0;0;0;0;0;0;0;0;0;0;0;0;0;0;0;0;0;0;0;0;0;0;0;0;0;0;0;0;0;0;0;0;0;0;0;0;0;3;1;0;0;2;2;1;2018-08-22 10:00:00;882;0;50;0;0;0;1;1;2;0;1;4;2;5;1;1;0;1;2;1;1;0;0;0;0;1.68;1.6;3.28;0;0;0;0;0;0;1;1;1;0;1;0;0;0;-1;-1;-1;-1;-1;-1;-1;-1;-1;0;0;0;50;50;0;50;50;0;1;0;3;1;Shirak;Pyunik;1.44;2.31;1;0;1;3;50;50;50;0;0;0;0;0;1.31;0;1.31;1671;32;Y;Y;Y;N;N;N;Y
469261;1360;885;2018/2019;complete;3670;4;-1;82;63;1;1;2;2;3;5;3;7;2;4;0;0;5;6;11;10;16;16;24;15;42;58;2;4;2.45;3.05;2.6;1.04;1.33;2.05;3.65;8.8;12;3.7;1.82;1.31;1.11;1.91;1.87;0;0;0;0;1.36;1.33;1.53;3.15;2.03;3.2;2.92;2.15;3.36;0;0;0;0;0;0;0;0;0;0;0;0;0;0;0;1.95;10;2.1;0;0;0;0;0;0;0;0;0;0;1.46;3.3;6.2;17;2.96;1.4;1.02;1.01;0;0;0;0;2;0;0;1;1;2;0;2018-08-22 10:00:00;-1;0;50;50;0;0;1;1;2;2;0;1;4;1;1;0;1;4;1;5;1;52;102;142;167;1.75;2.18;3.92;0;0;0;0;0;0;1;1;0;0;1;2;0;0;-1;-1;-1;-1;-1;-1;-1;-1;-1;0;0;50;50;100;50;50;100;0;4;1;2;2;Artsakh;Ararat;1.25;0.63;3;3;1.5;1.33;100;100;50;50;0;50;0;0;1.67;1.62;3.29;1671;32;Y;Y;N;N;N;N;Y
469262;884;1361;2018/2019;complete;3670;4;-1;74;61,68,86;1;3;4;3;1;4;1;3;1;1;0;0;6;10;5;8;11;18;14;15;47;53;1;1;1.8;3.2;3.95;1.05;1.36;2.1;3.9;4.3;9;3.4;1.8;1.24;1.07;2.1;1.71;0;0;0;0;1.25;1.3;1.75;2.53;2.11;3.95;2.28;2.42;3.96;0;0;0;0;0;0;0;0;0;0;0;0;0;0;0;1.66;9.1;2.55;0;0;0;0;0;0;0;0;0;0;1.37;2.85;5.7;17;2.85;1.37;1.03;1.01;0;0;0;0;4;0;0;1;3;4;0;2018-08-22 12:30:00;1361;0;50;0;0;0;1;1;1;0;2;1;1;3;1;1;0;0;2;0;1;83;87;136;144;1.72;2.47;4.19;0;1;0;1;0;0;1;1;0;0;0;0;1;0;-1;-1;-1;-1;-1;-1;-1;-1;-1;0;0;0;50;50;0;50;50;0;14;5;3;1;Banants;Lori;1.75;1.31;1;1;0.5;1.33;100;100;100;50;50;0;0;0;2.04;1.66;3.7;1671;32;Y;Y;Y;Y;N;N;Y
469263;1362;881;2018/2019;complete;3670;4;-1;;;0;0;0;4;4;8;5;4;2;2;0;0;2;4;6;11;8;15;16;21;50;50;2;2;1.71;3.45;3.95;0;0;0;0;0;0;0;0;0;0;0;0;0;0;0;0;0;0;0;0;0;0;0;0;0;0;0;0;0;0;0;0;0;0;0;0;0;0;0;0;0;0;0;0;0;0;0;0;0;0;0;0;0;0;0;0;0;0;0;0;0;0;0;0;0;0;0;0;0;0;0;0;2018-08-22 15:00:00;-1;0;50;50;0;0;1;1;2;3;2;1;5;3;1;0;1;2;1;3;1;0;0;0;0;1.09;1.71;2.8;0;0;0;0;0;0;1;1;0;0;0;1;0;0;-1;-1;-1;-1;-1;-1;-1;-1;-1;0;0;50;50;50;50;50;50;0;4;4;1;1.5;FC Avan Academy;Gandzasar;1.63;1.19;0;0;1;0;50;50;0;0;0;0;0;0;1.76;0;1.76;1671;32;N;N;N;N;N;N;N
469264;885;884;2018/2019;complete;3670;5;-1;51,80;11,22,44,68;2;4;6;8;1;9;3;2;0;0;0;0;8;8;4;8;12;16;11;17;51;49;0;0;3.45;3.25;1.91;1.04;1.33;2.05;3.65;9.6;7.6;3.35;1.76;1.29;1.1;1.95;1.83;0;0;0;0;1.22;1.26;1.71;4.3;2.26;2.88;3.96;2.36;2.33;0;0;0;0;0;0;0;0;0;0;0;0;0;0;0;2.38;9.1;1.74;0;0;0;0;0;0;0;0;0;0;1.49;3.4;8.6;17;2.88;1.37;1.03;1.01;0;0;0;0;6;0;3;2;1;3;3;2018-08-25 12:00:00;884;0;0;0;0;0;1;-1;3;0;5;1;3;6;0;0;0;0;0;0;1;64;43;128;117;1.79;1.89;3.68;0;0;0;0;0;0;1;1;0;0;0;0;-1;-1;-1;-1;-1;-1;-1;-1;-1;-1;-1;0;0;0;0;75;0;0;75;0;9.5;4;5;0.75;Ararat;Banants;0.75;1.5;0.5;0;1.25;0.33;100;100;100;100;25;50;0;0;1.48;1.65;3.13;1671;32;Y;Y;Y;Y;Y;Y;Y
469265;881;883;2018/2019;complete;3670;5;-1;78;45;1;1;2;6;5;11;3;5;0;0;1;0;4;8;12;14;16;22;14;11;53;47;2;0;1.8;3.25;3.8;1.05;1.37;2.15;4;9.2;5;3.05;1.69;1.25;1.08;2.1;1.71;0;0;0;0;1.21;1.29;1.68;2.7;2.14;4.3;2.75;2.26;3.34;0;0;0;0;0;0;0;0;0;0;0;0;0;0;0;1.7;8.1;2.54;0;0;0;0;0;0;0;0;0;0;1.43;3.15;9;21;2.62;1.31;1.05;1.01;0;0;0;0;2;0;1;1;0;1;1;2018-08-25 14:00:00;-1;0;0;0;0;0;1;1;4;2;2;3;6;5;1;0;0;0;1;0;1;103;78;174;129;2.05;2.51;4.55;0;0;0;0;0;0;1;1;0;0;2;0;0;0;-1;-1;-1;-1;-1;-1;-1;-1;-1;0;0;0;0;50;0;50;0;0;6;3;5;0.5;Gandzasar;Shirak;1.19;0.81;0;1;0.5;0.75;100;100;100;100;50;50;50;50;1.65;0.99;2.64;1671;32;Y;Y;N;N;N;N;Y
469266;96;1362;2018/2019;complete;3670;5;-1;4;6,14,37;1;3;4;8;4;12;1;1;2;4;0;0;7;8;12;6;19;14;17;23;50;50;2;4;1.44;3.95;5.5;1.02;1.24;1.8;3.05;0;0;0;0;0;0;2;1.77;0;0;0;0;0;0;0;0;0;0;0;0;0;0;0;0;0;0;0;0;0;0;0;0;0;0;0;0;0;0;0;0;0;0;0;0;0;0;0;0;0;0;0;0;0;0;0;0;0;0;0;0;0;4;1;3;0;0;0;4;2018-08-26 12:00:00;1362;0;25;25;0;0;1;1;3;3;5;1;6;6;0;0;2;4;0;6;1;0;0;0;0;2.05;1.67;3.72;0;0;0;0;0;0;1;1;1;1;1;2;0;0;-1;-1;-1;-1;-1;-1;-1;-1;-1;0;25;25;50;50;25;25;50;50;7;2.5;1.5;1.5;Alashkert;FC Avan Academy;1.94;2.19;0;1.5;3;1;50;25;25;0;0;0;0;0;0;1.56;1.56;1671;32;Y;Y;Y;Y;N;N;Y
469267;882;1360;2018/2019;complete;3670;5;-1;35,58;;2;0;2;2;1;3;5;2;0;0;0;0;5;5;8;6;13;11;25;26;47;53;0;0;1.43;3.9;5.8;1.03;1.27;1.87;3.2;0;0;0;0;0;0;2.05;1.71;0;0;0;0;0;0;0;0;0;0;0;0;0;0;0;0;0;0;0;0;0;0;0;0;0;0;0;0;0;0;0;0;0;0;0;0;0;0;0;0;0;0;0;0;0;0;0;0;0;0;0;0;0;2;1;0;1;0;1;1;2018-08-26 15:00:00;882;0;100;50;50;0;1;-1;1;0;1;1;1;2;0;0;0;0;0;0;1;0;0;0;0;1.63;1.37;2.99;-1;-1;-1;-1;-1;-1;-1;1;0;0;0;0;-1;-1;-1;-1;-1;-1;-1;-1;-1;-1;-1;50;100;100;100;100;100;100;100;100;3;1;4;4.5;Pyunik;Artsakh;1.44;0.5;3;0;3;1.33;50;0;0;0;0;50;50;50;1.4;1.24;2.64;1671;32;Y;Y;N;N;N;N;N
469268;883;96;2018/2019;complete;3670;6;-1;;;0;0;0;3;5;8;-1;-1;1;1;0;0;7;6;6;6;13;12;-1;-1;50;50;1;1;3.7;3.25;1.83;1.06;1.4;2.25;4.2;0;0;0;0;0;0;2.15;1.67;0;0;0;0;0;0;0;0;0;0;0;0;0;0;0;0;0;0;0;0;0;0;0;0;0;0;0;0;0;0;0;0;0;0;0;0;0;0;0;0;0;0;0;0;0;0;0;0;0;0;0;0;0;0;0;0;0;0;0;0;2018-08-29 10:00:00;-1;0;50;0;0;0;1;1;1;3;2;2;4;4;0;0;1;1;0;2;1;0;0;0;0;1.7;1.69;3.39;0;0;0;0;0;0;1;1;0;0;0;2;0;0;-1;-1;-1;-1;-1;-1;-1;-1;-1;0;0;25;50;100;0;75;75;25;9.5;4;4.5;1.75;Shirak;Alashkert;1.44;1.25;0.5;3;0.8;2;100;100;75;50;0;25;25;25;1.49;2.07;3.56;1671;32;N;N;N;N;N;N;N
469269;1360;881;2018/2019;complete;3670;6;-1;31,33;37,82;2;2;4;1;11;12;-1;-1;1;1;0;0;5;9;5;13;10;22;-1;-1;50;50;1;1;2.45;3.05;2.55;1.05;1.36;2.15;3.95;0;0;0;0;0;0;1.95;1.8;0;0;0;0;0;0;0;0;0;0;0;0;0;0;0;0;0;0;0;0;0;0;0;0;0;0;0;0;0;0;0;0;0;0;0;0;0;0;0;0;0;0;0;0;0;0;0;0;0;0;0;0;0;4;2;1;0;1;1;3;2018-08-29 10:00:00;-1;0;25;0;25;0;1;1;1;3;0;8;4;8;0;0;1;1;0;2;1;38;75;106;131;1.27;2.56;3.83;0;1;0;1;0;0;1;1;0;0;0;1;0;0;-1;-1;-1;-1;-1;-1;-1;-1;-1;0;0;0;25;50;0;0;50;25;6.5;6;3.5;0.75;Artsakh;Gandzasar;1.25;1.19;2;1;1;0.67;100;100;100;75;50;25;0;0;1.71;1.71;3.42;1671;32;Y;Y;Y;Y;N;N;Y
469270;884;882;2018/2019;complete;3670;6;-1;46,71,79,83;27,66;4;2;6;6;1;7;3;4;1;4;0;0;9;5;3;3;12;8;11;19;51;49;1;4;2.9;3.15;2.15;1.04;1.32;2;3.55;0;0;0;0;0;0;1.87;1.87;0;0;0;0;0;0;0;0;0;0;0;0;0;0;0;0;0;0;0;0;0;0;0;0;0;0;0;0;0;0;0;0;0;0;0;0;0;0;0;0;0;0;0;0;0;0;0;0;0;0;0;0;0;6;0;1;4;1;5;1;2018-08-29 12:00:00;884;0;75;0;25;0;1;1;3;0;3;1;3;4;0;1;1;3;1;4;1;0;0;0;0;2;1.38;3.38;0;1;0;1;0;0;1;1;0;0;0;0;0;0;-1;-1;-1;-1;-1;-1;-1;-1;-1;0;25;75;75;75;0;50;75;75;9.5;0.5;2.5;2.5;Banants;Pyunik;1.75;2.31;0.5;3;1;3;100;75;25;25;25;0;0;0;1.88;1.6;3.48;1671;32;Y;Y;Y;Y;Y;Y;Y
469271;1361;885;2018/2019;complete;3670;6;-1;88;;1;0;1;8;1;9;3;3;3;2;0;0;7;3;6;5;13;8;18;15;58;42;3;2;2.4;3;2.7;1.06;1.4;2.25;4.2;0;0;0;0;0;0;2.05;1.77;0;0;0;0;0;0;0;0;0;0;0;0;0;0;0;0;0;0;0;0;0;0;0;0;0;0;0;0;0;0;0;0;0;0;0;0;0;0;0;0;0;0;0;0;0;0;0;0;0;0;0;0;0;1;0;0;1;0;1;0;2018-08-29 12:00:00;1361;0;75;25;50;0;1;1;2;1;6;0;3;6;0;0;3;2;0;5;1;0;0;0;0;1.84;0.87;2.71;0;0;0;0;0;0;1;1;0;0;0;0;0;0;-1;-1;-1;-1;-1;-1;-1;-1;-1;25;25;50;100;100;50;50;100;75;6.5;4.5;3;3;Lori;Ararat;1.44;0.63;1.5;2;1.75;1;75;75;50;0;0;25;25;25;1.63;1.9;3.53;1671;32;Y;N;N;N;N;N;N
469272;96;1360;2018/2019;complete;3670;7;-1;2,15,49,65,79,81;;6;0;6;1;3;4;5;0;0;1;0;0;7;4;7;9;14;13;17;17;54;46;0;1;1.34;4.1;6.95;1.02;1.25;1.83;3.1;0;0;0;0;0;0;2.05;1.71;0;0;0;0;0;0;0;0;0;0;0;0;0;0;0;0;0;0;0;0;0;0;0;0;0;0;0;0;0;0;0;0;0;0;0;0;0;0;0;0;0;0;0;0;0;0;0;0;0;0;0;0;0;6;2;0;4;0;4;2;2018-09-01 12:00:00;96;0;75;50;25;0;1;1;1;2;0;1;3;1;0;1;0;0;1;0;1;0;0;0;0;1.82;1.4;3.22;1;0;1;0;0;0;1;1;1;0;0;0;0;0;-1;-1;-1;-1;-1;-1;-1;-1;-1;25;75;75;100;100;75;100;50;25;10;2.5;2.5;3.75;Alashkert;Artsakh;1.94;0.5;0;0;1.75;1;75;25;25;0;0;75;75;75;2.05;1.3;3.35;1671;32;Y;Y;Y;Y;Y;Y;N
469273;882;1361;2018/2019;complete;3670;7;-1;;3,6,27;0;3;3;2;5;7;1;3;2;0;0;0;0;11;13;13;13;24;22;16;43;57;2;0;2.35;3.05;2.65;1.03;1.29;1.95;3.35;0;0;0;0;0;0;1.8;1.95;0;0;0;0;0;0;0;0;0;0;0;0;0;0;0;0;0;0;0;0;0;0;0;0;0;0;0;0;0;0;0;0;0;0;0;0;0;0;0;0;0;0;0;0;0;0;0;0;0;0;0;0;0;3;0;3;0;0;0;3;2018-09-01 12:00:00;1361;0;75;25;25;0;1;1;1;0;1;5;1;6;0;0;2;0;0;2;1;0;0;0;0;1.36;2.94;4.3;0;0;0;0;0;0;1;1;0;2;0;0;0;0;-1;-1;-1;-1;-1;-1;-1;-1;-1;0;50;50;100;100;25;75;100;50;4.5;5.5;3.5;3;Pyunik;Lori;1.44;1.31;3;2;2.25;2;100;50;50;0;0;0;0;0;1.51;2.06;3.57;1671;32;Y;Y;Y;N;N;N;N
469274;1362;883;2018/2019;complete;3670;7;-1;2,53,66;15;3;1;4;6;5;11;0;5;2;4;0;0;9;4;13;5;22;9;19;16;52;48;2;4;0;0;0;0;0;0;0;0;0;0;0;0;0;0;0;0;0;0;0;0;0;0;0;0;0;0;0;0;0;0;0;0;0;0;0;0;0;0;0;0;0;0;0;0;0;0;0;0;0;0;0;0;0;0;0;0;0;0;0;0;0;0;0;0;0;0;0;0;4;1;1;2;0;2;2;2018-09-01 15:00:00;1362;0;42;25;0;0;1;1;4;2;2;3;6;5;1;1;1;3;2;4;1;0;0;0;0;2.71;1.37;4.08;0;0;0;0;0;0;1;1;1;0;2;0;0;0;-1;-1;-1;-1;-1;-1;-1;-1;-1;0;0;25;42;42;25;42;42;0;6.33;7.5;2.17;1.09;FC Avan Academy;Shirak;1.63;0.81;0.5;1;1.4;0.83;100;100;75;59;59;17;17;17;1.43;1.5;2.93;1671;32;Y;Y;Y;Y;N;N;Y
469275;881;884;2018/2019;complete;3670;7;-1;16,21,66;;3;0;3;2;7;9;-1;-1;4;4;0;0;5;7;4;11;9;18;-1;-1;50;50;4;4;2.75;3.1;2.25;1.06;1.39;2.25;4.1;10;6.95;2.65;1.54;1.18;1.04;2;1.77;0;0;0;0;1.51;1.29;1.33;3.56;2.02;3.04;3.25;2.27;2.8;0;0;0;0;0;0;0;0;0;0;0;0;0;0;0;2.12;9.2;1.91;0;0;0;0;0;0;0;0;0;0;1.42;3.3;8;0;2.4;1.22;1.01;0;0;0;0;0;3;2;0;1;0;1;2;2018-11-11 11:00:00;881;0;38;0;23;0;1;1;1;0;1;7;1;8;2;1;2;3;3;5;1;41;83;109;133;1.23;2.23;3.45;0;0;0;0;0;0;1;1;0;0;0;0;0;0;-1;-1;-1;-1;-1;-1;-1;-1;-1;7;30;38;62;85;23;69;69;30;11.33;4.69;4.64;2.29;Gandzasar;Banants;1.19;1.5;0.83;1.86;0.77;2;93;70;62;38;16;85;55;55;1.8;1.56;3.36;1671;32;Y;Y;Y;N;N;N;N
469276;1360;1362;2018/2019;complete;3670;8;-1;68;44;1;1;2;2;9;11;2;3;1;2;0;0;6;4;3;4;9;8;12;21;45;55;1;2;3.95;3.7;1.67;1.01;1.18;1.61;2.55;0;0;0;0;0;0;1.67;2.15;0;0;0;0;0;0;0;0;0;0;0;0;0;0;0;0;0;0;0;0;0;0;0;0;0;0;0;0;0;0;0;0;0;0;0;0;0;0;0;0;0;0;0;0;0;0;0;0;0;0;0;0;0;2;0;1;1;0;1;1;2018-09-15 10:00:00;-1;0;67;50;17;0;1;1;0;6;2;3;6;5;0;0;1;2;0;3;1;0;0;0;0;1.45;1.55;3;0;0;0;0;0;0;1;1;0;0;0;1;0;0;-1;-1;-1;-1;-1;-1;-1;-1;-1;0;50;50;84;100;50;50;84;50;8;3;3.66;2.83;Artsakh;FC Avan Academy;1.25;2.19;1.67;2;0.83;1.67;100;50;50;17;0;50;33;33;1.56;1.6;3.16;1671;32;Y;Y;N;N;N;N;Y
469277;1361;881;2018/2019;complete;3670;8;-1;7,67,85;;3;0;3;6;4;10;-1;-1;0;5;0;0;8;5;3;6;11;11;-1;-1;53;47;0;5;1.59;3.55;4.75;1.02;1.24;1.8;3.05;0;0;0;0;0;0;1.87;1.91;0;0;0;0;0;0;0;0;0;0;0;0;0;0;0;0;0;0;0;0;0;0;0;0;0;0;0;0;0;0;0;0;0;0;0;0;0;0;0;0;0;0;0;0;0;0;0;0;0;0;0;0;0;3;1;0;2;0;2;1;2018-09-15 12:00:00;1361;0;33;17;17;0;1;1;3;0;3;4;3;7;0;3;0;2;3;2;1;0;0;0;0;1.64;1.47;3.11;0;0;0;0;0;0;1;1;1;0;2;0;0;0;-1;-1;-1;-1;-1;-1;-1;-1;-1;17;33;33;50;84;33;50;67;34;12.67;2.34;2.33;2.17;Lori;Gandzasar;1.44;1.19;2;0.67;2.17;0.6;84;67;67;50;17;67;50;33;1.7;1.75;3.45;1671;32;Y;Y;Y;N;N;N;N
469278;885;882;2018/2019;complete;3670;8;-1;38;7,34,51;1;3;4;7;5;12;-1;-1;3;2;0;0;7;8;7;7;14;15;-1;-1;53;47;3;2;2.3;3.1;2.7;1.03;1.29;1.95;3.35;0;0;0;0;0;0;1.8;1.95;0;0;0;0;0;0;0;0;0;0;0;0;0;0;0;0;0;0;0;0;0;0;0;0;0;0;0;0;0;0;0;0;0;0;0;0;0;0;0;0;0;0;0;0;0;0;0;0;0;0;0;0;0;4;1;2;0;1;1;3;2018-09-16 10:00:00;882;0;67;0;42;0;1;1;5;2;2;3;7;5;1;1;2;1;2;3;1;0;0;0;0;1.84;1.76;3.6;1;0;1;0;0;0;1;1;0;1;0;1;1;1;-1;-1;-1;-1;-1;-1;-1;-1;-1;42;42;67;67;84;17;67;84;67;7.5;3.83;5.67;3.42;Ararat;Pyunik;0.75;2.31;0.33;1.5;0.83;1.8;59;59;34;34;17;17;0;0;1.58;1.49;3.07;1671;32;Y;Y;Y;Y;N;N;Y
469279;884;96;2018/2019;complete;3670;8;-1;68;;1;0;1;0;7;7;3;4;2;1;0;0;2;6;6;11;8;17;18;10;40;60;2;1;3.2;3.15;2;1.04;1.32;2;3.6;0;0;0;0;0;0;1.91;1.87;0;0;0;0;0;0;0;0;0;0;0;0;0;0;0;0;0;0;0;0;0;0;0;0;0;0;0;0;0;0;0;0;0;0;0;0;0;0;0;0;0;0;0;0;0;0;0;0;0;0;0;0;0;1;0;0;1;0;1;0;2018-09-16 12:00:00;884;0;25;0;25;0;1;1;0;2;0;5;2;5;0;0;2;1;0;3;1;0;0;0;0;1.09;2.22;3.3;0;0;0;0;0;0;1;1;0;0;0;0;0;0;-1;-1;-1;-1;-1;-1;-1;-1;-1;13;25;25;25;71;0;42;42;25;11.92;3.92;3;1.71;Banants;Alashkert;1.75;1.25;1.75;2.33;1.67;2;88;75;75;75;29;29;29;17;1.76;1.95;3.71;1671;32;Y;N;N;N;N;N;N
469280;96;1361;2018/2019;complete;3670;9;-1;65,69;23;2;1;3;6;3;9;4;2;3;3;0;1;6;9;11;3;17;12;10;15;57;43;3;4;2.15;3.2;2.9;1.04;1.33;2.05;3.65;8.6;7.5;2.9;1.65;1.22;1.06;1.91;1.87;0;0;0;0;0;0;0;2.69;2.08;3.75;2.59;2.31;3.28;0;0;0;0;0;0;0;0;0;0;0;0;0;0;0;1.85;8.5;2.15;0;0;0;0;0;0;0;0;0;0;1.39;3.3;7.5;17;2.7;1.39;1.07;1.01;0;0;0;0;3;0;1;2;0;2;1;2018-09-22 12:00:00;96;0;67;17;33;0;1;1;3;2;3;1;5;4;0;1;3;3;1;6;1;53;43;132;120;1.88;1.71;3.6;0;0;0;0;0;0;1;1;0;0;0;1;0;0;-1;-1;-1;-1;-1;-1;-1;-1;-1;17;50;84;100;100;50;84;67;50;8;4.67;3.66;3.67;Alashkert;Lori;1.94;1.31;1;2.33;1.43;2.29;84;50;17;0;0;17;17;17;2.01;2.36;4.37;1671;32;Y;Y;Y;N;N;N;Y
469281;881;885;2018/2019;complete;3670;9;-1;24,30,38,78;;4;0;4;4;2;6;3;5;1;1;0;0;13;3;6;6;19;9;17;15;55;45;1;1;1.91;3.2;3.5;1.05;1.38;2.2;4.05;0;7;2.7;1.56;1.18;1.04;2.1;1.71;0;0;0;0;0;0;0;0;0;0;0;0;0;0;0;0;0;0;0;0;0;0;0;0;0;0;0;0;0;0;0;0;0;0;0;0;0;0;0;0;0;0;0;0;0;0;0;0;0;0;0;0;0;4;3;0;1;0;1;3;2018-09-22 15:00:00;881;0;59;17;17;0;1;1;1;0;3;2;1;5;0;1;1;0;1;1;1;0;0;0;0;2.62;1.35;3.97;0;0;0;0;0;0;1;1;0;0;0;0;0;0;-1;-1;-1;-1;-1;-1;-1;-1;-1;0;0;17;59;100;17;67;75;17;7.17;5.33;5.33;1.75;Gandzasar;Ararat;1.19;0.63;0.5;1.33;0.5;0.71;100;100;84;42;0;67;50;50;1.85;1.56;3.41;1671;32;Y;Y;Y;Y;N;N;N
469282;883;1360;2018/2019;complete;3670;9;-1;18,20,30;;3;0;3;6;6;12;-1;-1;2;0;0;0;7;4;10;9;17;13;-1;-1;50;50;2;0;1.91;3.3;3.4;0;1.32;2.12;3.74;0;0;3.04;1.72;1.22;0;1.9;1.83;0;0;0;0;1.22;1.25;1.77;2.7;2.08;4.1;2.36;2.32;3.98;0;0;0;0;0;0;0;0;0;0;0;0;0;0;0;1.64;9.5;2.56;0;0;0;0;0;0;0;0;0;0;1.39;2.94;8;12;2.77;1.35;1.01;1.02;0;0;0;0;3;3;0;0;0;0;3;2018-09-23 12:00:00;883;0;50;0;17;0;1;1;4;2;2;4;6;6;1;0;1;0;1;1;1;55;49;128;121;1.97;1.47;3.43;0;0;0;0;0;0;1;1;0;0;1;0;0;0;-1;-1;-1;-1;-1;-1;-1;-1;-1;34;34;50;84;84;34;84;84;50;4.66;0.33;2.34;3;Shirak;Artsakh;1.44;0.5;0.67;0;0.71;0.86;67;67;50;17;17;17;17;17;1.56;1.33;2.89;1671;32;Y;Y;Y;N;N;N;N
469283;1362;884;2018/2019;complete;3670;9;-1;84;9,32,90;1;3;4;6;5;11;5;3;3;4;0;0;6;7;7;6;13;13;10;20;50;50;3;4;0;0;0;0;0;0;0;0;0;0;0;0;0;0;0;0;0;0;0;0;0;0;0;0;0;0;0;0;0;0;0;0;0;0;0;0;0;0;0;0;0;0;0;0;0;0;0;0;0;0;0;0;0;0;0;0;0;0;0;0;0;0;0;0;0;0;0;0;4;0;2;1;1;2;2;2018-09-23 13:00:00;884;0;59;34;25;0;1;1;3;4;3;1;7;4;1;1;2;3;2;5;1;0;0;0;0;1.9;1.64;3.54;0;0;0;0;0;0;1;1;0;1;2;1;0;0;-1;-1;-1;-1;-1;-1;-1;-1;-1;25;42;59;59;84;59;59;84;42;8.17;5;2.17;2.92;FC Avan Academy;Banants;1.63;1.5;1.33;1.5;1.57;1.86;75;59;42;42;17;67;17;17;1.85;1.77;3.62;1671;32;Y;Y;Y;Y;N;N;Y
469284;883;884;2018/2019;complete;3670;10;-1;;;0;0;0;5;0;5;-1;-1;0;2;0;1;4;0;7;6;11;6;-1;-1;50;50;0;4;2.6;3.1;2.35;1.04;1.31;2;3.5;6;7.75;3;1.69;1.24;1.06;1.87;1.91;0;0;0;0;1.42;1.27;1.42;3.52;2.05;3;2.96;2.32;2.98;0;0;0;0;0;0;0;0;0;0;0;0;0;0;0;2.11;9.9;1.89;0;0;0;0;0;0;0;0;0;0;1.39;2.89;7.5;17;2.77;1.36;1.07;1.01;0;0;0;0;0;0;0;0;0;0;0;2018-09-29 10:00:00;-1;0;59;0;34;0;1;1;4;0;1;0;4;1;0;2;0;1;2;1;1;62;52;128;133;1.43;0.78;2.21;0;0;0;0;0;0;1;1;0;0;0;0;0;0;-1;-1;-1;-1;-1;-1;-1;-1;-1;17;34;59;71;88;46;71;75;46;7.25;1.58;3.42;2.84;Shirak;Banants;1.44;1.5;1.25;2;1;2;84;67;42;29;13;63;29;29;1.66;1.73;3.39;1671;32;N;N;N;N;N;N;N
469285;1362;1361;2018/2019;complete;3670;10;-1;;;0;0;0;2;2;4;5;6;3;1;0;0;3;5;10;9;13;14;20;14;50;50;3;1;2.5;3.15;2.45;1.02;1.23;1.77;2.9;0;9.25;3.55;1.91;1.33;1.11;1.69;2.1;0;0;0;0;0;0;0;0;0;0;0;0;0;0;0;0;0;0;0;0;0;0;0;0;0;0;0;0;0;0;0;0;0;0;0;0;0;0;0;0;0;0;0;0;0;0;0;0;0;0;0;0;0;0;0;0;0;0;0;0;2018-09-29 14:00:00;-1;0;75;25;25;0;1;1;1;2;1;0;3;1;0;1;3;0;1;3;1;0;0;0;0;1.54;1.83;3.37;0;0;0;0;0;0;1;1;0;0;0;0;0;0;-1;-1;-1;-1;-1;-1;-1;-1;-1;0;38;75;88;88;50;75;75;50;8.75;6.25;4;2.88;FC Avan Academy;Lori;1.63;1.31;1;1.75;1.38;2;100;63;25;13;13;38;25;25;1.87;2.19;4.06;1671;32;N;N;N;N;N;N;N
469286;96;885;2018/2019;complete;3670;10;-1;25,78;67;2;1;3;5;2;7;5;5;2;1;0;0;10;4;9;5;19;9;14;17;54;46;2;1;1.4;4.25;5.6;1.01;1.2;1.67;2.7;0;10;3.85;2;1.38;1.13;1.91;1.87;0;0;0;0;0;0;0;0;0;0;0;0;0;0;0;0;0;0;0;0;0;0;0;0;0;0;0;0;0;0;0;0;0;0;0;0;0;0;0;0;0;0;0;0;0;0;0;0;0;0;0;0;0;3;1;0;1;1;2;1;2018-09-30 11:00:00;96;0;63;25;25;0;1;1;3;0;2;2;3;4;1;0;1;1;1;2;1;0;0;0;0;2.27;1.17;3.43;0;0;0;0;0;0;1;1;0;0;2;0;0;0;-1;-1;-1;-1;-1;-1;-1;-1;-1;13;38;75;88;100;50;75;88;50;6.25;6;4.5;3.25;Alashkert;Ararat;1.94;0.63;1.5;1;1.63;0.63;88;63;25;13;0;38;13;13;1.98;1.5;3.48;1671;32;Y;Y;Y;N;N;N;Y
469287;881;882;2018/2019;complete;3670;10;-1;90;72,86;1;2;3;5;4;9;4;6;4;3;0;0;5;9;6;5;11;14;12;19;51;49;4;3;2.5;3.05;2.55;1.03;1.3;1.95;3.45;8.2;8;3.05;1.71;1.24;1.07;1.83;1.95;0;0;0;0;1.37;1.29;1.45;3.34;2.01;3.25;2.9;2.4;2.8;0;0;0;0;0;0;0;0;0;0;0;0;0;0;0;2.01;9.8;1.98;0;0;0;0;0;0;0;0;0;0;1.37;2.81;7;17;2.85;1.38;1.04;1.01;0;0;0;0;3;0;0;1;2;3;0;2018-09-30 14:00:00;882;0;67;13;25;0;1;1;1;2;4;2;3;6;2;1;2;2;3;4;1;62;54;120;126;1.5;1.91;3.42;0;0;0;0;0;0;1;1;0;0;0;0;0;0;-1;-1;-1;-1;-1;-1;-1;-1;-1;13;42;67;84;100;29;100;84;38;7.75;2.58;5.33;3.17;Gandzasar;Pyunik;1.19;2.31;1.33;2.25;0.86;2.14;88;59;34;17;0;46;46;46;2.11;1.53;3.64;1671;32;Y;Y;Y;N;N;N;Y
469288;885;1362;2018/2019;complete;3670;11;-1;;42;0;1;1;2;3;5;-1;-1;0;1;0;0;3;5;5;5;8;10;-1;-1;50;50;0;1;1.37;4.35;5.9;1.01;1.16;1.56;2.4;0;11;4.3;2.2;1.47;1.17;1.77;2;0;0;0;0;0;0;0;0;0;0;0;0;0;0;0;0;0;0;0;0;0;0;0;0;0;0;0;0;0;0;0;0;0;0;0;0;0;0;0;0;0;0;0;0;0;0;0;0;0;0;0;0;0;1;0;1;0;0;0;1;2018-10-07 11:00:00;1362;0;63;38;13;0;1;1;1;3;1;0;4;1;0;0;0;1;0;1;1;0;0;0;0;1.02;1.61;2.63;0;0;0;0;0;0;1;1;0;0;1;0;0;0;-1;-1;-1;-1;-1;-1;-1;-1;-1;13;50;50;75;88;50;63;75;38;12.25;3.75;5;2.88;Ararat;FC Avan Academy;0.75;2.19;0.25;1.75;0.56;1.33;88;50;50;25;13;50;38;38;1.65;1.59;3.24;1671;32;Y;N;N;N;N;N;N
469289;882;96;2018/2019;complete;3670;11;-1;;62;0;1;1;3;6;9;5;4;2;1;0;0;4;4;5;7;9;11;13;17;42;58;2;1;0;0;0;0;0;0;0;0;0;0;0;0;0;0;0;0;0;0;0;0;0;0;0;0;0;0;0;0;0;0;0;0;0;0;0;0;0;0;0;0;0;0;0;0;0;0;0;0;0;0;0;0;0;0;0;0;0;0;0;0;0;0;0;0;0;0;0;0;1;0;0;0;1;1;0;2018-10-07 14:00:00;96;0;13;13;0;0;1;1;1;4;2;2;5;4;1;0;1;1;1;2;1;0;0;0;0;1.3;1.45;2.75;0;0;0;0;0;0;1;1;0;0;1;0;1;0;-1;-1;-1;-1;-1;-1;-1;-1;-1;0;13;25;38;88;25;50;63;13;8.5;5.25;4.25;1.63;Pyunik;Alashkert;1.44;1.25;1.5;1.75;2;1.78;100;88;75;63;13;13;13;13;1.46;2.01;3.47;1671;32;Y;N;N;N;N;N;N
469290;1361;883;2018/2019;complete;3670;11;-1;12,60,71;81;3;1;4;4;3;7;-1;-1;-1;-1;-1;-1;8;6;8;7;16;13;-1;-1;50;50;-1;-1;2.11;3.24;3.42;1.09;1.34;2.23;3.98;10.5;7;2.88;1.64;1.19;1.04;4.4;1.18;0;0;0;0;1.36;1.36;1.42;2.75;1.99;4.15;3;2.18;3.2;0;0;0;0;0;0;0;0;0;0;0;0;0;0;0;1.76;8.7;2.38;0;0;0;0;0;0;0;0;0;0;1.42;3.1;11;13;2.65;1.32;1.04;1.02;0;0;0;0;4;1;0;2;1;3;1;2018-10-07 10:00:00;1361;0;38;13;13;0;1;-1;3;2;1;1;5;2;-1;-1;-1;-1;-1;-1;1;82;53;143;129;2.17;1.64;3.8;1;0;1;0;0;0;1;1;0;0;0;0;-1;-1;-1;-1;-1;-1;-1;-1;-1;-1;-1;13;25;38;63;75;25;50;75;50;8.75;4.5;2.5;2.13;Lori;Shirak;1.44;0.81;2.25;0.75;1.89;1;88;75;63;38;25;63;50;38;1.69;1.46;3.15;1671;32;Y;Y;Y;Y;N;N;Y
469291;884;1360;2018/2019;complete;3670;11;-1;49,90;38;2;1;3;8;1;9;5;4;2;4;0;0;4;6;7;2;11;8;23;22;56;44;2;4;1.57;4;5.3;1.09;1.24;1.98;3.42;8.2;11.5;3.5;1.81;1.25;1.13;1.94;1.86;0;0;0;0;1.14;1.22;2.06;2.1;2.22;5.6;1.98;2.54;4.85;0;0;0;0;0;0;0;0;0;0;0;0;0;0;0;1.48;11.25;2.94;0;0;0;0;0;0;0;0;0;0;1.36;2.65;7.5;0;2.89;1.42;1.08;0;0;0;0;0;3;0;1;2;0;2;1;2018-10-07 10:00:00;884;0;33;0;33;0;1;1;5;0;3;1;5;4;1;2;1;2;3;3;1;84;64;138;142;1.59;1.41;3;0;0;0;0;0;0;1;1;0;0;2;0;0;0;-1;-1;-1;-1;-1;-1;-1;-1;-1;35;45;58;70;90;38;70;68;45;7.45;2.1;1.7;3.2;Banants;Artsakh;1.75;0.5;2;0;1.89;0.75;65;55;43;30;10;35;35;25;1.62;1.37;2.99;1671;32;Y;Y;Y;N;N;N;Y
469292;1360;1361;2018/2019;complete;3670;12;-1;8,90;23,76,88;2;3;5;1;5;6;2;3;3;1;0;0;4;7;5;11;9;18;18;12;43;57;3;1;4.55;3.75;1.54;1.04;1.25;1.86;3.3;6.5;10.5;3.65;1.86;1.3;1.1;1.87;1.94;0;0;0;0;1.69;1.27;1.25;3.9;2.15;2.7;3.8;2.25;2.38;0;0;0;0;0;0;0;0;0;0;0;0;0;0;0;2.88;12.25;1.48;0;0;0;0;0;0;0;0;0;0;1.34;2.8;7.5;0;3;1.38;1.07;0;0;0;0;0;5;1;1;1;2;3;2;2018-10-20 10:00:00;1361;0;68;13;23;0;1;1;1;3;0;2;4;2;2;0;1;1;2;2;1;45;77;99;102;1.18;2.18;3.36;0;0;0;0;0;0;1;1;1;0;0;1;0;0;-1;-1;-1;-1;-1;-1;-1;-1;-1;0;23;43;78;90;23;55;80;33;5.4;4.65;3.05;2.33;Artsakh;Lori;1.25;1.31;1.5;1.6;0.67;2;100;78;58;23;10;48;25;25;1.53;2.12;3.65;1671;32;Y;Y;Y;Y;Y;N;Y
469293;883;885;2018/2019;complete;3670;12;-1;25;;1;0;1;4;2;6;-1;-1;3;2;0;0;4;0;2;5;6;5;-1;-1;53;47;3;2;1.71;3.3;4.25;0;0;0;0;0;0;0;0;0;0;0;0;0;0;0;0;0;0;0;0;0;0;0;0;0;0;0;0;0;0;0;0;0;0;0;0;0;0;0;0;0;0;0;0;0;0;0;0;0;0;0;0;0;0;0;0;0;0;0;0;0;0;0;0;0;1;1;0;0;0;0;1;2018-10-20 11:00:00;883;0;50;10;20;0;1;1;4;1;0;1;5;1;0;2;3;0;2;3;1;0;0;0;0;1.01;0.73;1.74;0;0;0;0;0;0;1;1;0;0;3;0;0;0;-1;-1;-1;-1;-1;-1;-1;-1;-1;0;10;50;70;80;30;60;70;30;5.4;3.2;3.2;2.1;Shirak;Ararat;1.44;0.63;1.2;0.8;0.9;0.5;100;90;50;30;20;20;10;10;1.62;1.44;3.06;1671;32;Y;N;N;N;N;N;N
469294;96;881;2018/2019;complete;3670;12;-1;38;;1;0;1;4;8;12;9;5;3;1;0;1;3;2;5;8;8;10;22;17;50;50;3;2;1.65;3.3;4.65;1.08;1.28;1.98;3.7;7.6;10.5;3.1;1.78;1.33;1.11;1.9;1.94;0;0;0;0;1.13;1.23;1.96;2.17;2.17;5.45;2.01;2.33;5.6;0;0;0;0;0;0;0;0;0;0;0;0;0;0;0;1.5;11;2.88;0;0;0;0;0;0;0;0;0;0;1.35;2.77;7;17;2.94;1.39;1.04;1.01;0;0;0;0;1;1;0;0;0;0;1;2018-10-21 11:00:00;96;0;50;20;20;0;1;1;2;4;2;4;6;6;2;1;1;1;3;2;1;72;82;135;133;1.25;1.37;2.62;0;0;0;0;0;0;1;1;0;0;0;3;1;0;-1;-1;-1;-1;-1;-1;-1;-1;-1;10;30;70;70;90;30;80;70;50;10.2;3.4;5.4;2.8;Alashkert;Gandzasar;1.94;1.19;1.8;1;1.9;1;90;70;30;30;10;50;40;20;2.03;1.81;3.84;1671;32;Y;N;N;N;N;N;N
469295;1362;882;2018/2019;complete;3670;12;-1;;;0;0;0;4;1;5;6;2;2;3;0;0;5;5;16;4;21;9;17;16;56;44;2;3;0;0;0;0;0;0;0;0;0;0;0;0;0;0;0;0;0;0;0;0;0;0;0;0;0;0;0;0;0;0;0;0;0;0;0;0;0;0;0;0;0;0;0;0;0;0;0;0;0;0;0;0;0;0;0;0;0;0;0;0;0;0;0;0;0;0;0;0;0;0;0;0;0;0;0;2018-10-21 14:00:00;-1;0;80;30;40;0;1;1;3;0;1;1;3;2;1;1;1;2;2;3;1;89;70;171;143;2.33;1.44;3.77;0;0;0;0;0;0;1;1;0;0;1;0;0;1;-1;-1;-1;-1;-1;-1;-1;-1;-1;10;40;80;80;80;40;70;80;60;7.4;5.2;5.2;3;FC Avan Academy;Pyunik;1.63;2.31;1;2.4;1.5;1.8;90;60;20;20;20;40;30;30;1.8;1.61;3.41;1671;32;N;N;N;N;N;N;N
469296;885;1360;2018/2019;complete;3670;13;-1;;;0;0;0;1;4;5;2;5;1;4;0;0;0;3;6;2;6;5;19;19;48;52;1;4;2.4;3;2.7;1.03;1.29;1.93;3.28;6;8.5;3.2;1.77;1.29;1.07;1.61;1.99;0;0;0;0;1.4;1.31;1.45;3.13;2.06;3.34;0;0;0;0;0;0;0;0;0;0;0;0;0;0;0;0;0;0;0;0;0;0;0;0;0;0;0;0;0;0;0;1.36;2.8;7;0;2.63;1.32;1.04;0;0;0;0;0;0;0;0;0;0;0;0;2018-10-27 11:00:00;-1;0;40;10;20;0;1;1;0;2;1;2;2;3;1;1;0;3;2;3;1;38;36;148;141;0.68;0.81;1.5;0;0;0;0;0;0;1;1;0;0;0;1;0;0;-1;-1;-1;-1;-1;-1;-1;-1;-1;30;40;60;70;90;50;80;70;40;7.6;2.2;3.4;3.1;Ararat;Artsakh;0.75;0.5;0.2;0;0.45;0.6;70;60;40;30;10;50;30;30;1.52;1.37;2.89;1671;32;N;N;N;N;N;N;N
469297;881;1362;2018/2019;complete;3670;13;-1;;;0;0;0;7;8;15;3;5;2;2;0;0;3;6;4;6;7;12;11;17;42;58;2;2;2.95;2.8;2.3;0;0;0;0;0;0;0;0;0;0;0;0;0;0;0;0;0;0;0;0;0;0;0;0;0;0;0;0;0;0;0;0;0;0;0;0;0;0;0;0;0;0;0;0;0;0;0;0;0;0;0;0;0;0;0;0;0;0;0;0;0;0;0;0;0;0;0;0;0;0;0;0;2018-10-27 14:00:00;-1;0;55;20;13;0;1;1;5;3;2;5;8;7;0;1;2;1;1;3;1;0;0;0;0;0.9;1.67;2.57;0;0;0;0;0;0;1;1;0;0;2;1;0;0;-1;-1;-1;-1;-1;-1;-1;-1;-1;0;33;45;78;100;33;78;68;33;11;4.35;4.75;2.55;Gandzasar;FC Avan Academy;1.19;2.19;1;2;0.9;1.45;100;68;55;23;0;58;45;45;1.95;1.59;3.54;1671;32;N;N;N;N;N;N;N
469298;1361;884;2018/2019;complete;3670;13;-1;2;58,71,90;1;3;4;3;6;9;-1;-1;3;4;0;0;4;6;11;5;15;11;-1;-1;50;50;3;4;1.87;3.2;3.6;1.03;1.27;1.91;3.25;0;8.5;3.2;1.77;1.27;1.08;1.83;1.91;0;0;0;0;0;0;0;0;0;0;0;0;0;0;0;0;0;0;0;0;0;0;0;0;0;0;0;0;0;0;0;0;0;0;0;0;0;0;0;0;0;0;0;0;0;0;0;0;0;0;0;0;0;4;1;0;0;3;3;1;2018-10-28 11:00:00;884;0;45;0;45;0;1;1;3;1;0;5;4;5;0;2;3;2;2;5;1;0;0;0;0;1.68;1.49;3.17;0;1;0;1;0;0;1;1;1;0;0;0;0;1;-1;-1;-1;-1;-1;-1;-1;-1;-1;23;45;55;65;88;35;55;88;65;8.4;2.1;3.25;2.88;Lori;Banants;1.44;1.5;2.4;1.75;2.09;2;78;55;45;35;13;68;33;23;1.79;1.49;3.28;1671;32;Y;Y;Y;Y;N;N;Y
469299;882;883;2018/2019;complete;3670;13;-1;90;15;1;1;2;10;2;12;2;1;3;0;0;0;10;8;13;7;23;15;11;11;53;47;3;0;2.4;2.95;2.65;1.05;1.36;2.15;3.95;0;7.25;2.75;1.59;1.19;1.05;1.95;1.8;0;0;0;0;0;0;0;0;0;0;0;0;0;0;0;0;0;0;0;0;0;0;0;0;0;0;0;0;0;0;0;0;0;0;0;0;0;0;0;0;0;0;0;0;0;0;0;0;0;0;0;0;0;2;0;1;1;0;1;1;2018-10-28 14:00:00;-1;0;40;20;10;0;1;1;5;1;5;1;6;6;1;0;2;0;1;2;1;0;0;0;0;2.77;1.99;4.76;0;0;0;0;0;0;1;1;0;0;1;0;0;0;-1;-1;-1;-1;-1;-1;-1;-1;-1;0;30;40;60;80;30;60;70;30;5;5.4;3.9;2.1;Pyunik;Shirak;1.44;0.81;1.2;0.6;1.73;1.09;100;70;60;40;20;30;20;20;1.43;1.5;2.93;1671;32;Y;Y;N;N;N;N;Y
469300;1360;882;2018/2019;complete;3670;14;-1;;;0;0;0;5;7;12;1;6;2;0;0;0;6;5;13;11;19;16;24;10;47;53;2;0;3.35;3.25;1.95;1.03;1.27;1.87;3.2;5.8;8.5;3.25;1.77;1.28;1.08;1.83;1.95;0;0;0;0;1.73;1.25;1.25;4.35;2.17;2.41;4;2.41;2.27;0;0;0;0;0;0;0;0;0;0;0;0;0;0;0;2.46;11.75;1.63;0;0;0;0;0;0;0;0;0;0;1.31;2.69;7;17;2.9;1.41;1.08;1.01;0;0;0;0;0;0;0;0;0;0;0;2018-10-31 10:00:00;-1;0;82;29;45;0;1;1;2;3;3;4;5;7;1;0;1;0;1;1;1;68;91;123;132;2.11;2.02;4.13;0;0;0;0;0;0;1;1;0;0;0;0;0;0;-1;-1;-1;-1;-1;-1;-1;-1;-1;19;37;62;82;92;29;64;92;54;4.47;2.9;4.6;2.99;Artsakh;Pyunik;1.25;2.31;1.2;2.17;0.64;1.67;82;64;39;19;9;47;29;29;1.46;1.58;3.04;1671;32;N;N;N;N;N;N;N
469301;884;885;2018/2019;complete;3670;14;-1;23,31,88;49;3;1;4;8;7;15;-1;-1;4;4;0;0;4;3;8;3;12;6;-1;-1;50;50;4;4;1.61;3.55;4.55;1.02;1.26;1.87;3.15;0;9;3.4;1.83;1.3;1.09;1.87;1.83;0;0;0;0;0;0;0;0;0;0;0;0;0;0;0;0;0;0;0;0;0;0;0;0;0;0;0;0;0;0;0;0;0;0;0;0;0;0;0;0;0;0;0;0;0;0;0;0;0;0;0;0;0;4;2;0;1;1;2;2;2019-03-17 10:00:00;884;0;39;6;28;0;1;1;1;4;0;3;5;3;0;1;4;3;1;7;1;36;35;42;46;1.29;0.84;2.13;0;0;0;0;0;0;1;1;0;0;0;0;0;0;-1;-1;-1;-1;-1;-1;-1;-1;-1;11;28;50;56;84;17;56;73;39;6.89;3.67;3.35;2.33;Banants;Ararat;1.75;0.63;1.89;0.89;1.63;0.7;89;73;50;44;17;23;11;6;1.77;1.22;2.99;1671;32;Y;Y;Y;Y;N;N;Y
469302;883;881;2018/2019;complete;3670;14;-1;12,34;;2;0;2;3;6;9;-1;-1;2;1;0;0;4;2;4;13;8;15;-1;-1;50;50;2;1;2.25;2.95;2.95;1.04;1.34;2.1;3.8;0;7.25;2.85;1.62;1.2;1.05;1.95;1.83;0;0;0;0;1.31;1.31;1.53;2.99;1.93;3.96;2.7;2.16;3.68;0;0;0;0;0;0;0;0;0;0;0;0;0;0;0;1.85;8.1;2.27;0;0;0;0;0;0;0;0;0;0;1.44;3.15;0;0;2.57;1.31;0;0;0;0;0;0;2;2;0;0;0;0;2;2018-10-31 11:00:00;883;0;25;9;0;0;1;1;1;4;2;2;5;4;2;0;0;1;2;1;1;38;58;114;126;1.08;1.51;2.59;0;0;0;0;0;0;1;1;0;0;0;0;0;0;-1;-1;-1;-1;-1;-1;-1;-1;-1;0;9;33;42;75;17;67;42;17;9.67;0.5;4.5;1.59;Shirak;Gandzasar;1.44;1.19;1.5;0.83;1.08;0.91;100;92;67;59;25;42;42;25;1.52;1.74;3.26;1671;32;Y;Y;N;N;N;N;N
469303;1362;96;2018/2019;complete;3670;14;-1;;54;0;1;1;0;4;4;4;3;1;2;0;1;3;5;9;7;12;12;11;12;52;48;1;4;2.65;2.95;2.45;1.04;1.33;2.05;3.7;0;7.5;2.9;1.65;1.22;1.06;1.91;1.87;0;0;0;0;0;0;0;0;0;0;0;0;0;0;0;0;0;0;0;0;0;0;0;0;0;0;0;0;0;0;0;0;0;0;0;0;0;0;0;0;0;0;0;0;0;0;0;0;0;0;0;0;0;1;0;0;0;1;1;0;2018-10-31 15:00:00;96;0;25;17;9;0;1;1;0;3;0;1;3;1;0;1;1;2;1;3;1;77;54;160;139;1.54;1.51;3.05;0;0;0;0;0;0;1;1;0;0;0;2;0;0;-1;-1;-1;-1;-1;-1;-1;-1;-1;0;17;25;25;65;25;35;55;17;10.93;7.37;3.77;1.32;FC Avan Academy;Alashkert;1.63;1.25;1;2;1.42;2;100;84;75;75;35;37;27;27;1.89;1.9;3.79;1671;32;Y;N;N;N;N;N;N
469304;96;883;2018/2019;complete;3670;15;-1;90;;1;0;1;4;1;5;4;0;0;2;0;0;7;4;9;7;16;11;15;11;51;49;0;2;1.51;3.6;5.35;1.05;1.38;2.15;4;0;7;2.7;1.57;1.18;1.04;2.3;1.57;0;0;0;0;0;0;0;0;0;0;0;0;0;0;0;0;0;0;0;0;0;0;0;0;0;0;0;0;0;0;0;0;0;0;0;0;0;0;0;0;0;0;0;0;0;0;0;0;0;0;0;0;0;1;0;0;1;0;1;0;2018-11-03 11:00:00;96;0;67;17;25;0;1;1;1;1;3;0;2;3;0;1;0;1;1;1;1;0;0;0;0;1.94;1.32;3.27;0;0;0;0;0;0;1;1;0;0;1;0;0;0;-1;-1;-1;-1;-1;-1;-1;-1;-1;9;33;58;75;84;25;84;67;50;7.33;6.16;3.7;2.67;Alashkert;Shirak;1.94;0.81;2;0.67;2.08;1.23;92;67;42;25;17;50;42;42;1.9;1.58;3.48;1671;32;Y;N;N;N;N;N;N
469305;881;1360;2018/2019;complete;3670;15;-1;;6,88;0;2;2;11;5;16;9;0;2;2;0;0;5;6;11;5;16;11;16;13;56;44;2;2;1.61;3.4;4.8;1.04;1.33;2.05;3.7;0;7.5;2.9;1.65;1.22;1.06;2.1;1.71;0;0;0;0;0;0;0;0;0;0;0;0;0;0;0;0;0;0;0;0;0;0;0;0;0;0;0;0;0;0;0;0;0;0;0;0;0;0;0;0;0;0;0;0;0;0;0;0;0;0;0;0;0;2;0;1;0;1;1;1;2018-11-03 14:00:00;1360;0;37;0;19;0;1;1;4;4;7;1;8;8;0;0;2;2;0;4;1;0;0;0;0;2.07;1.64;3.71;0;0;0;0;0;0;1;1;0;1;0;1;0;0;-1;-1;-1;-1;-1;-1;-1;-1;-1;17;27;54;72;82;35;72;64;35;8.4;4.63;4.27;2.59;Gandzasar;Artsakh;1.19;0.5;1;0.17;0.83;0.67;84;74;47;29;19;65;47;47;1.74;1.28;3.02;1671;32;Y;Y;N;N;N;N;N
469306;885;1361;2018/2019;complete;3670;15;-1;74,90;65,86;2;2;4;2;6;8;-1;-1;1;3;0;0;3;3;1;4;4;7;-1;-1;50;50;1;3;4.7;3.75;1.56;1.02;1.22;1.74;2.85;5.3;9.5;3.6;1.91;1.34;1.11;1.83;1.91;0;0;0;0;2.06;1.22;1.14;5.3;2.23;2.14;4.2;2.63;1.96;0;0;0;0;0;0;0;0;0;0;0;0;0;0;0;2.79;12.5;1.5;0;0;0;0;0;0;0;0;0;0;1.31;2.55;6;0;2.96;1.45;1.06;0;0;0;0;0;4;0;0;2;2;4;0;2018-11-04 11:00:00;-1;0;48;16;24;0;1;1;1;2;1;4;3;5;0;0;1;3;0;4;1;21;65;52;72;0.62;1.12;1.74;0;1;0;1;0;0;1;1;0;0;0;0;0;0;-1;-1;-1;-1;-1;-1;-1;-1;-1;16;31;48;56;77;31;62;55;32;7.67;4.19;3.38;2.35;Ararat;Lori;0.75;1.31;0.29;1.83;0.46;1.92;85;69;52;44;23;30;15;15;1.3;2.13;3.43;1671;32;Y;Y;Y;Y;N;N;Y
469307;882;884;2018/2019;complete;3670;15;-1;7,84;;2;0;2;4;9;13;3;2;0;1;0;0;6;7;5;10;11;17;14;12;36;64;0;1;2.4;3;2.7;1.06;1.39;2.2;4.15;3.65;7;2.65;1.54;1.17;1.04;2;1.77;0;0;0;0;1.42;1.29;1.45;3.24;2.07;3.2;2.77;2.36;3.05;0;0;0;0;0;0;0;0;0;0;0;0;0;0;0;0;9.9;1.98;0;0;0;0;0;0;0;0;0;0;1.41;2.9;9;0;2.69;1.31;1.06;0;0;0;0;0;2;1;0;1;0;1;1;2018-11-04 10:00:00;882;0;42;9;17;0;1;1;2;2;2;7;4;9;0;0;0;1;0;1;1;44;82;112;148;1.44;2.16;3.61;0;0;0;0;0;0;1;1;1;0;0;0;0;0;-1;-1;-1;-1;-1;-1;-1;-1;-1;9;34;42;59;92;33;67;75;34;7.66;3.34;4.83;2.42;Pyunik;Banants;1.44;1.5;1.17;2.17;1.62;2.17;92;67;59;42;9;58;25;25;1.65;1.46;3.11;1671;32;Y;Y;N;N;N;N;N
469308;1361;882;2018/2019;complete;3670;16;-1;;58;0;1;1;3;3;6;3;3;4;5;0;0;8;6;8;4;16;10;15;23;52;48;4;5;2.05;3.1;3.2;1.04;1.34;2.1;3.8;7;7.25;2.85;1.62;1.2;1.05;1.95;1.8;0;0;0;0;1.27;1.31;1.54;2.7;2.32;4.4;2.44;2.36;3.68;0;0;0;0;0;0;0;0;0;0;0;0;0;0;0;1.73;10.75;2.3;0;0;0;0;0;0;0;0;0;0;1.37;2.95;8;0;2.85;1.34;1.06;0;0;0;0;0;1;0;0;0;1;1;0;2018-11-11 10:00:00;882;0;61;7;38;0;1;1;2;2;1;1;4;2;0;0;4;5;0;9;1;82;51;155;121;2.17;1.43;3.61;0;0;0;0;0;0;1;1;0;0;0;0;0;0;-1;-1;-1;-1;-1;-1;-1;-1;-1;16;40;69;77;86;16;62;86;70;8.29;2.47;3.97;2.94;Lori;Pyunik;1.44;2.31;2;2;1.85;1.71;85;61;31;23;15;55;31;23;1.77;1.64;3.41;1671;32;Y;N;N;N;N;N;N
469309;1360;96;2018/2019;complete;3670;16;-1;;;0;0;0;3;4;7;-1;-1;2;1;0;1;2;3;4;7;6;10;-1;-1;50;50;2;2;5.5;3.7;1.49;1.03;1.29;1.95;3.4;7;8;3.1;1.71;1.25;1.07;2.15;1.67;0;0;0;0;0;0;0;6.7;2.32;1.91;5.5;2.6;1.8;0;0;0;0;0;0;0;0;0;0;0;0;0;0;0;3.3;12;1.39;0;0;0;0;0;0;0;0;0;0;0;0;0;0;0;0;0;0;0;0;0;0;0;0;0;0;0;0;0;2018-11-11 10:00:00;-1;0;34;17;17;0;1;1;0;3;3;1;3;4;0;1;2;1;1;3;1;54;85;109;133;0.92;1.46;2.39;0;0;0;0;0;0;1;1;0;0;0;0;0;1;-1;-1;-1;-1;-1;-1;-1;-1;-1;9;17;17;34;83;17;34;75;17;8.5;4.5;3.67;1.58;Artsakh;Alashkert;1.25;1.25;1.17;2.17;0.85;2.15;92;84;84;67;17;50;34;34;1.57;1.84;3.41;1671;32;N;N;N;N;N;N;N
469310;883;1362;2018/2019;complete;3670;16;-1;78;;1;0;1;3;5;8;-1;-1;3;2;0;0;6;5;6;7;12;12;-1;-1;50;50;3;2;0;0;0;0;0;0;0;0;0;0;0;0;0;0;0;0;0;0;0;0;0;0;0;0;0;0;0;0;0;0;0;0;0;0;0;0;0;0;0;0;0;0;0;0;0;0;0;0;0;0;0;0;0;0;0;0;0;0;0;0;0;0;0;0;0;0;0;0;1;0;0;1;0;1;0;2018-11-11 10:00:00;883;0;40;17;0;0;1;1;1;3;2;2;4;4;0;1;3;1;1;4;1;52;82;113;156;1.56;1.71;3.28;0;0;0;0;0;0;1;1;0;0;0;1;0;0;-1;-1;-1;-1;-1;-1;-1;-1;-1;0;17;31;62;77;31;69;40;24;9.9;1.31;3.71;1.87;Shirak;FC Avan Academy;1.44;2.19;1.71;1.83;1.14;1.31;100;84;69;38;23;40;32;32;1.45;1.6;3.05;1671;32;Y;N;N;N;N;N;N
469311;884;881;2018/2019;complete;3670;16;-1;33;;1;0;1;4;6;10;-1;-1;2;0;0;0;5;0;4;8;9;8;-1;-1;50;50;2;0;2.2;3.05;2.9;1.04;1.33;2.05;3.65;0;0;0;0;0;0;1.91;1.87;0;0;0;0;0;0;0;0;0;0;0;0;0;0;0;0;0;0;0;0;0;0;0;0;0;0;0;0;0;0;0;0;0;0;0;0;0;0;0;0;0;0;0;0;0;0;0;0;0;0;0;0;0;1;1;0;0;0;0;1;2018-09-01 12:00:00;884;0;59;25;34;0;1;1;1;2;3;4;3;7;1;0;1;0;1;1;1;0;0;0;0;1.26;0.99;2.24;0;0;0;0;0;0;1;1;0;0;1;0;0;0;-1;-1;-1;-1;-1;-1;-1;-1;-1;17;59;59;59;59;25;42;59;34;13.17;3.5;2.17;2.67;Banants;Gandzasar;1.75;1.19;1.33;1;1.4;0.75;84;42;42;42;42;25;25;25;1.92;2.13;4.05;1671;32;Y;N;N;N;N;N;N
469312;96;884;2018/2019;complete;3670;17;-1;2;;1;0;1;6;3;9;3;0;0;0;0;0;4;7;9;11;13;18;18;11;43;57;0;0;1.62;3.1;4.75;1.09;1.35;2.26;4;8.6;8.8;2.84;1.63;1.19;1.07;2.04;1.79;0;0;0;0;1.11;1.25;1.99;2.35;2.01;5.5;2.04;2.38;5.15;0;0;0;0;0;0;0;0;0;0;0;0;0;0;0;1.57;8.4;2.86;0;0;0;0;0;0;0;0;0;0;1.42;3.1;8;17;2.65;1.32;1.03;1.01;0;0;0;0;1;1;0;0;0;0;1;2018-11-24 10:30:00;96;0;48;7;27;0;1;-1;3;1;3;2;4;5;0;0;0;0;0;0;1;63;101;126;157;1.56;2.36;3.92;-1;-1;-1;-1;-1;-1;-1;1;1;0;0;0;-1;-1;-1;-1;-1;-1;-1;-1;-1;-1;-1;14;34;61;67;94;34;81;73;48;9.68;4.49;4.52;2.82;Alashkert;Banants;1.94;1.5;2.14;1.63;2.07;1.86;87;67;40;34;7;66;34;34;1.91;1.64;3.55;1671;32;Y;N;N;N;N;N;N
469313;1362;1360;2018/2019;complete;3670;17;-1;1,17,40;23;3;1;4;6;7;13;-1;-1;-1;-1;-1;-1;8;6;9;7;17;13;-1;-1;50;50;-1;-1;1.41;3.65;5.9;0;0;0;0;0;0;0;0;0;0;0;0;0;0;0;0;0;0;0;0;0;0;0;0;0;0;0;0;0;0;0;0;0;0;0;0;0;0;0;0;0;0;0;0;0;0;0;0;0;0;0;0;0;0;0;0;0;0;0;0;0;0;0;0;0;4;3;1;0;0;0;4;2018-11-24 11:00:00;1362;0;36;15;14;0;1;-1;3;1;3;6;4;9;-1;-1;-1;-1;-1;-1;1;43;57;134;164;1.96;1.67;3.63;-1;-1;-1;-1;-1;-1;-1;1;1;0;1;0;-1;-1;-1;-1;-1;-1;-1;-1;-1;-1;-1;15;29;50;65;72;43;65;64;36;7;5.71;3.71;2.36;FC Avan Academy;Artsakh;1.63;0.5;0.86;0.57;1.21;0.86;86;71;50;36;29;43;36;36;1.84;1.33;3.17;1671;32;Y;Y;Y;Y;N;N;Y
469314;882;885;2018/2019;complete;3670;17;-1;;82;0;1;1;5;3;8;1;6;2;2;0;0;8;3;10;7;18;10;18;16;51;49;2;2;1.46;4.05;7;1.09;1.3;2.09;3.66;7;10;3.08;1.73;1.22;1.12;2.03;1.79;0;0;0;0;1.05;1.18;2.5;1.96;2.2;7.1;2.13;2.47;4.35;0;0;0;0;0;0;0;0;0;0;0;0;0;0;0;1.39;9.9;3.52;0;0;0;0;0;0;0;0;0;0;1.38;2.94;7.6;17;2.81;1.35;1.04;1.01;0;0;0;0;1;0;0;0;1;1;0;2018-11-25 11:00:00;885;0;40;16;17;0;1;1;2;2;3;1;4;4;0;1;2;1;1;3;1;71;43;154;148;2.22;1.18;3.39;0;0;0;0;0;0;1;1;0;0;1;0;0;0;-1;-1;-1;-1;-1;-1;-1;-1;-1;0;16;40;69;100;31;69;85;24;5.26;5.88;3.97;2.24;Pyunik;Ararat;1.44;0.63;1.43;0.67;1.8;0.5;100;85;61;31;0;30;15;15;1.62;1.32;2.94;1671;32;Y;N;N;N;N;N;N
469315;881;1361;2018/2019;complete;3670;17;-1;68,90;;2;0;2;6;4;10;-1;-1;2;4;0;0;6;3;8;3;14;6;-1;-1;50;50;2;4;2.85;2.85;2.2;1.09;1.32;2.14;3.75;9.5;7.5;2.98;1.69;1.21;1.06;1.82;1.91;0;0;0;0;1.42;1.31;1.36;3.58;2;3.08;3.36;2.24;2.77;0;0;0;0;0;0;0;0;0;0;0;0;0;0;0;2.12;9.2;1.91;0;0;0;0;0;0;0;0;0;0;1.4;2.99;9;12;2.73;1.34;1.05;1.02;0;0;0;0;2;0;0;2;0;2;0;2018-11-25 10:00:00;881;0;50;7;29;0;1;1;4;3;2;1;7;3;0;1;2;3;1;5;1;58;74;102;113;1.72;1.13;2.86;1;0;1;0;0;0;1;1;0;0;0;2;0;0;-1;-1;-1;-1;-1;-1;-1;-1;-1;7;29;57;79;86;29;64;71;36;9.71;5.85;4.57;2.57;Gandzasar;Lori;1.19;1.31;1.14;1.71;0.93;1.71;93;72;43;22;14;50;29;29;1.72;1.99;3.71;1671;32;Y;Y;N;N;N;N;N
469316;885;881;2018/2019;complete;3670;18;-1;;12,23;0;2;2;2;4;6;2;4;0;0;0;0;5;8;5;1;10;9;19;19;54;46;0;0;3.45;3.2;1.91;1.02;1.24;1.8;3.05;7.5;9;3.45;1.87;1.31;1.1;1.77;2;0;0;0;0;1.76;1.24;1.21;4.3;2.34;2.66;3.7;2.3;2.38;0;0;0;0;0;0;0;0;0;0;0;0;0;0;0;2.5;10;1.7;0;0;0;0;0;0;0;0;0;0;0;0;0;0;0;0;0;0;0;0;0;0;2;0;2;0;0;0;2;2018-11-28 10:00:00;881;0;26;14;13;0;1;-1;2;1;0;3;3;3;0;0;0;0;0;0;1;56;60;127;107;1.4;1.57;2.97;-1;-1;-1;-1;-1;-1;-1;1;0;0;1;0;-1;-1;-1;-1;-1;-1;-1;-1;-1;-1;-1;7;26;34;41;81;27;61;47;20;9.75;1.63;4.2;1.92;Ararat;Gandzasar;0.75;1.19;0.38;0.71;0.67;1.07;94;75;67;60;20;55;41;27;1.22;1.71;2.93;1671;32;Y;Y;N;N;N;N;N
469317;1361;96;2018/2019;complete;3670;18;-1;32;52;1;1;2;3;6;9;-1;-1;-1;-1;-1;-1;5;5;13;6;18;11;-1;-1;50;50;-1;-1;2.95;2.8;2.3;1.09;1.51;2.6;5.1;0;5.85;2.3;1.41;1.11;1.01;2.3;1.61;0;0;0;0;1.47;1.35;1.29;3.88;1.88;3.18;3.5;2.05;2.88;0;0;0;0;0;0;0;0;0;0;0;0;0;0;0;2.38;6;1.95;0;0;0;0;0;0;0;0;0;0;0;0;0;0;0;0;0;0;0;0;0;0;2;1;0;0;1;1;1;2018-11-28 10:00:00;-1;0;22;0;15;0;1;-1;1;2;2;4;3;6;-1;-1;-1;-1;-1;-1;1;50;78;126;144;1.85;1.62;3.48;-1;-1;-1;-1;-1;-1;-1;1;0;0;0;0;-1;-1;-1;-1;-1;-1;-1;-1;-1;-1;-1;7;22;29;36;86;7;36;79;36;10.57;3.28;3.83;1.79;Lori;Alashkert;1.44;1.25;1.71;2;1.6;2.13;93;79;72;65;15;43;22;14;1.83;1.78;3.61;1671;32;Y;Y;N;N;N;N;Y
469318;884;1362;2018/2019;complete;3670;18;-1;;26,33,90;0;3;3;7;5;12;-1;-1;-1;-1;-1;-1;10;7;6;3;16;10;-1;-1;50;50;-1;-1;0;0;0;0;0;0;0;0;0;0;0;0;0;0;0;0;0;0;0;0;0;0;0;0;0;0;0;0;0;0;0;0;0;0;0;0;0;0;0;0;0;0;0;0;0;0;0;0;0;0;0;0;0;0;0;0;0;0;0;0;0;0;0;0;0;0;0;0;3;0;2;0;1;1;2;2018-11-28 10:00:00;1362;0;47;15;17;0;1;-1;3;2;4;3;5;7;-1;-1;-1;-1;-1;-1;1;74;56;139;143;2.25;1.54;3.8;-1;-1;-1;-1;-1;-1;-1;1;0;0;0;0;-1;-1;-1;-1;-1;-1;-1;-1;-1;-1;-1;9;31;40;54;85;15;54;62;40;10.97;3.88;3.33;2.25;Banants;FC Avan Academy;1.75;2.19;2.17;1.57;1.73;1.33;92;69;61;47;16;38;30;22;1.62;1.62;3.24;1671;32;Y;Y;Y;N;N;N;N
469319;1360;883;2018/2019;complete;3670;18;-1;;75;0;1;1;2;4;6;-1;-1;3;2;1;0;5;5;8;11;13;16;-1;-1;50;50;4;2;3.05;2.85;2.25;1.09;1.56;2.7;5.35;8;5.65;2.2;1.38;1.1;1.01;2.35;1.57;0;0;0;0;0;0;0;3.86;1.88;3.18;3.55;2.12;2.84;0;0;0;0;0;0;0;0;0;0;0;0;0;0;0;2.45;5.8;1.95;0;0;0;0;0;0;0;0;0;0;0;0;0;0;0;0;0;0;0;0;0;0;1;0;0;0;1;1;0;2018-11-28 10:00:00;883;0;57;22;22;0;1;1;0;1;2;3;1;5;3;2;1;0;5;1;1;87;94;142;136;1.81;2.04;3.85;0;1;0;1;0;0;1;1;0;0;0;0;0;0;-1;-1;-1;-1;-1;-1;-1;-1;-1;7;29;29;57;71;22;50;71;29;5;3;3.04;1.93;Artsakh;Shirak;1.25;0.81;1.14;0.57;0.8;1.27;93;71;71;43;29;50;43;43;1.48;1.54;3.02;1671;32;Y;N;N;N;N;N;N
469320;884;883;2018/2019;complete;3670;19;-1;12,60,73,89;;4;0;4;5;3;8;-1;-1;-1;-1;-1;-1;8;4;7;11;15;15;-1;-1;50;50;-1;-1;2.2;3.1;2.9;1.04;1.33;2.05;3.7;10;7.5;2.9;1.65;1.21;1.05;1.91;1.83;0;0;0;0;1.29;1.29;1.54;2.86;2.02;3.85;2.88;2.35;3.02;0;0;0;0;0;0;0;0;0;0;0;0;0;0;0;1.82;9.1;2.24;0;0;0;0;0;0;0;0;0;0;1.42;3.04;8;0;2.65;1.33;1.06;0;0;0;0;0;4;1;0;3;0;3;1;2018-12-01 10:00:00;884;0;47;7;21;0;1;-1;2;1;3;2;3;5;-1;-1;-1;-1;-1;-1;1;51;61;156;149;1.89;1.68;3.58;-1;-1;-1;-1;-1;-1;-1;1;0;0;1;0;-1;-1;-1;-1;-1;-1;-1;-1;-1;-1;-1;7;27;41;54;81;14;54;73;34;7.89;3.34;2.76;2.16;Banants;Shirak;1.75;0.81;1.86;0.88;1.63;1.38;93;73;59;47;20;41;34;26;1.71;1.61;3.32;1671;32;Y;Y;Y;Y;N;N;N
469321;1361;1362;2018/2019;complete;3670;19;-1;;49;0;1;1;3;5;8;2;3;2;2;0;0;0;4;7;3;7;7;13;15;51;49;2;2;2.3;3.1;2.7;1.03;1.28;1.91;3.3;0;8.25;3.2;1.74;1.26;1.08;1.8;2;0;0;0;0;0;0;0;0;0;0;0;0;0;0;0;0;0;0;0;0;0;0;0;0;0;0;0;0;0;0;0;0;0;0;0;0;0;0;0;0;0;0;0;0;0;0;0;0;0;0;0;0;0;1;0;0;0;1;1;0;2018-12-01 10:00:00;1362;0;44;13;13;0;1;1;2;3;1;2;5;3;0;0;2;2;0;4;1;69;58;143;138;0.96;1.16;2.12;0;0;0;0;0;0;1;1;0;0;0;2;0;0;-1;-1;-1;-1;-1;-1;-1;-1;-1;7;32;44;69;94;26;63;82;44;10.5;1.88;3.83;2.44;Lori;FC Avan Academy;1.44;2.19;1.63;1.75;1.56;1.44;94;69;57;32;7;57;38;32;1.83;1.61;3.44;1671;32;Y;N;N;N;N;N;N
469322;885;96;2018/2019;complete;3670;19;-1;8;;1;0;1;0;8;8;-1;-1;4;2;1;0;3;9;4;9;7;18;-1;-1;50;50;5;2;5;3.7;1.54;0;0;0;0;0;0;0;0;0;0;0;0;0;0;0;0;0;0;0;0;0;0;0;0;0;0;0;0;0;0;0;0;0;0;0;0;0;0;0;0;0;0;0;0;0;0;0;0;0;0;0;0;0;0;0;0;0;0;0;0;0;0;0;0;0;1;1;0;0;0;0;1;2018-12-02 10:00:00;885;0;23;6;11;0;1;1;0;5;0;3;5;3;1;2;4;0;3;4;1;0;0;0;0;0.88;2.44;3.32;0;0;0;0;0;0;1;1;1;0;0;0;0;0;-1;-1;-1;-1;-1;-1;-1;-1;-1;6;17;17;29;77;17;41;54;11;9.44;2.91;3.44;1.5;Ararat;Alashkert;0.75;1.25;0.33;1.88;0.63;2.06;95;84;84;72;24;36;18;18;1.24;1.76;3;1671;32;Y;N;N;N;N;N;N
469323;882;881;2018/2019;complete;3670;19;-1;89;17,69,71;1;3;4;6;6;12;4;1;0;0;0;0;6;6;8;5;14;11;14;14;44;56;0;0;2.25;3;2.85;0;0;0;0;0;0;0;0;0;0;0;0;0;0;0;0;0;0;0;0;0;0;0;0;0;0;0;0;0;0;0;0;0;0;0;0;0;0;0;0;0;0;0;0;0;0;0;0;0;0;0;0;0;0;0;0;0;0;0;0;0;0;0;0;0;4;0;1;1;2;3;1;2018-12-02 10:00:00;881;0;19;13;0;0;1;-1;5;2;1;4;7;5;0;0;0;0;0;0;1;0;0;0;0;1.71;1.46;3.17;-1;-1;-1;-1;-1;-1;-1;1;0;0;0;0;-1;-1;-1;-1;-1;-1;-1;-1;-1;-1;-1;0;13;25;57;94;32;69;63;13;9.38;3.88;4.38;1.88;Pyunik;Gandzasar;1.44;1.19;1.25;1;1.69;1.19;100;88;75;44;7;51;38;25;1.7;1.69;3.39;1671;32;Y;Y;Y;Y;N;N;Y
469324;1360;884;2018/2019;complete;3670;20;-1;19;35;1;1;2;2;5;7;0;3;4;5;0;0;2;8;4;4;6;12;13;22;47;53;4;5;3.35;3.15;1.95;0;0;0;0;0;0;0;0;0;0;0;0;0;0;0;0;0;0;0;0;0;0;0;0;0;0;0;0;0;0;0;0;0;0;0;0;0;0;0;0;0;0;0;0;0;0;0;0;0;0;0;0;0;0;0;0;0;0;0;0;0;0;0;0;0;2;1;1;0;0;0;2;2019-03-03 10:00:00;-1;0;42;13;24;0;1;1;0;3;2;2;3;4;2;1;2;4;3;6;1;77;97;105;92;1.08;2.01;3.09;0;0;0;0;0;0;1;1;0;0;0;0;1;1;-1;-1;-1;-1;-1;-1;-1;-1;-1;12;29;35;53;82;29;58;71;29;7.38;1.31;4.11;2.16;Artsakh;Banants;1.25;1.5;1;1.44;0.75;1.71;89;71;66;47;18;70;36;36;1.52;1.72;3.24;1671;32;Y;Y;N;N;N;N;Y
469325;1362;885;2018/2019;complete;3670;20;-1;11,51,84,90;62;4;1;5;3;2;5;-1;-1;3;1;0;0;2;3;1;2;3;5;-1;-1;50;50;3;1;1.57;3.55;4.85;0;0;0;0;0;0;0;0;0;0;0;0;0;0;0;0;0;0;0;0;0;0;0;0;0;0;0;0;0;0;0;0;0;0;0;0;0;0;0;0;0;0;0;0;0;0;0;0;0;0;0;0;0;0;0;0;0;0;0;0;0;0;0;0;0;5;1;0;3;1;4;1;2019-03-02 10:00:00;1362;0;47;26;21;0;1;1;3;2;0;0;5;0;1;1;2;0;2;2;1;20;18;66;76;0.49;0.67;1.15;0;1;0;1;0;0;1;1;0;0;0;1;0;1;-1;-1;-1;-1;-1;-1;-1;-1;-1;0;26;47;54;82;40;54;68;27;6;7.07;3.86;2.07;FC Avan Academy;Ararat;1.63;0.63;1.13;1;1.53;0.76;100;75;54;47;19;26;19;19;1.85;1.3;3.15;1671;32;Y;Y;Y;Y;Y;N;Y
469326;96;882;2018/2019;complete;3670;20;-1;65;3,51;1;2;3;3;5;8;-1;-1;3;3;0;0;4;6;12;2;16;8;-1;-1;50;50;3;3;1.65;3.35;4.65;1.05;1.36;2.15;3.95;0;7.25;2.8;1.61;1.2;1.05;2.05;1.67;0;0;0;0;0;0;0;0;0;0;0;0;0;0;0;0;0;0;0;0;0;0;0;0;0;0;0;0;0;0;0;0;0;0;0;0;0;0;0;0;0;0;0;0;0;0;0;0;0;0;0;0;0;3;0;1;1;1;2;1;2019-03-02 10:00:00;882;0;57;13;32;0;1;1;1;5;2;0;6;2;1;2;2;1;3;3;1;77;76;152;108;1.86;1.48;3.34;0;0;0;0;0;0;1;1;0;1;0;3;0;0;-1;-1;-1;-1;-1;-1;-1;-1;-1;13;25;63;63;88;19;69;69;50;7.88;6;4.76;2.63;Alashkert;Pyunik;1.94;2.31;2.25;2.13;1.94;1.59;88;75;38;38;13;44;25;25;1.87;1.62;3.49;1671;32;Y;Y;Y;N;N;N;Y
469327;883;1361;2018/2019;complete;3670;20;-1;;;0;0;0;3;3;6;-1;-1;1;0;0;0;4;4;3;6;7;10;-1;-1;50;50;1;0;2.55;2.75;2.7;0;0;0;0;0;0;0;0;0;0;0;0;0;0;0;0;0;0;0;0;0;0;0;0;0;0;0;0;0;0;0;0;0;0;0;0;0;0;0;0;0;0;0;0;0;0;0;0;0;0;0;0;0;0;0;0;0;0;0;0;0;0;0;0;0;0;0;0;0;0;0;0;2019-03-03 10:00:00;-1;0;44;7;19;0;1;1;0;1;3;2;1;5;0;0;1;0;0;1;1;45;56;89;132;1.06;1.33;2.39;0;0;0;0;0;0;1;1;0;0;0;0;0;0;-1;-1;-1;-1;-1;-1;-1;-1;-1;7;19;44;69;82;25;57;57;38;7.5;1.37;4.01;2.19;Shirak;Lori;1.44;1.31;1.88;1.5;1.29;1.47;94;82;57;32;19;25;13;7;1.47;1.88;3.35;1671;32;N;N;N;N;N;N;N
469328;1361;1360;2018/2019;complete;3670;21;-1;11,59;;2;0;2;-1;-1;-1;-1;-1;0;2;0;0;-1;-1;-1;-1;-1;-1;-1;-1;-1;-1;0;2;1.56;3.55;4.95;0;0;0;0;0;0;0;0;0;0;0;0;0;0;0;0;0;0;0;0;0;0;0;0;0;0;0;0;0;0;0;0;0;0;0;0;0;0;0;0;0;0;0;0;0;0;0;0;0;0;0;0;0;0;0;0;0;0;0;0;0;0;0;0;0;2;1;0;1;0;1;1;2019-03-06 11:00:00;1361;0;41;7;18;0;-1;1;-1;-1;-1;-1;-1;-1;0;0;0;2;0;2;-1;0;0;0;0;0;0;0;1;0;1;0;0;0;1;1;0;0;-1;-1;0;0;-1;-1;-1;-1;-1;-1;-1;-1;-1;18;36;54;78;94;31;72;82;47;8.08;1.92;3.57;2.85;Lori;Artsakh;1.44;0.5;1.44;0.5;1.44;0.76;82;65;47;23;7;60;36;31;1.73;1.38;3.11;1671;32;Y;Y;N;N;N;N;N
469329;885;883;2018/2019;complete;3670;21;-1;;16,48;0;2;2;-1;-1;-1;-1;-1;1;1;0;0;-1;-1;-1;-1;-1;-1;-1;-1;-1;-1;1;1;2.9;2.75;2.4;0;0;0;0;0;0;0;0;0;0;0;0;0;0;0;0;0;0;0;0;0;0;0;0;0;0;0;0;0;0;0;0;0;0;0;0;0;0;0;0;0;0;0;0;0;0;0;0;0;0;0;0;0;0;0;0;0;0;0;0;0;0;0;0;0;2;0;1;0;1;1;1;2019-03-06 11:00:00;883;0;37;11;16;0;-1;1;-1;-1;-1;-1;-1;-1;0;0;1;1;0;2;-1;0;0;0;0;0;0;0;0;1;0;1;0;0;1;1;0;0;-1;-1;0;0;-1;-1;-1;-1;-1;-1;-1;-1;-1;5;32;32;48;79;21;58;59;27;5.98;1.93;3.23;2;Ararat;Shirak;0.75;0.81;0.6;0.78;0.72;1.28;95;69;69;52;21;32;27;27;1.2;1.61;2.81;1671;32;Y;Y;N;N;N;N;N
469330;881;96;2018/2019;complete;3670;21;-1;12,73;1,45,54,90;2;4;6;-1;-1;-1;-1;-1;2;1;0;1;-1;-1;-1;-1;-1;-1;-1;-1;-1;-1;2;3;3.75;2.8;2;0;0;0;0;0;0;0;0;0;0;0;0;0;0;0;0;0;0;0;0;0;0;0;0;0;0;0;0;0;0;0;0;0;0;0;0;0;0;0;0;0;0;0;0;0;0;0;0;0;0;0;0;0;0;0;0;0;0;0;0;0;0;0;0;0;6;1;2;1;2;3;3;2019-03-06 10:00:00;96;0;18;0;7;0;-1;1;-1;-1;-1;-1;-1;-1;0;1;2;1;1;3;-1;0;0;0;0;0;0;0;0;1;0;1;0;0;1;1;0;1;-1;-1;0;1;-1;-1;-1;-1;-1;-1;-1;-1;-1;0;7;19;43;83;13;48;66;13;11.86;4.41;4.63;1.51;Gandzasar;Alashkert;1.19;1.25;1.38;1.67;1.29;1.83;100;94;82;57;18;61;37;31;1.72;1.84;3.56;1671;32;Y;Y;Y;Y;Y;Y;Y
469331;882;1362;2018/2019;complete;3670;21;-1;;12,26,65;0;3;3;-1;-1;-1;-1;-1;3;0;0;0;-1;-1;-1;-1;-1;-1;-1;-1;-1;-1;3;0;0;0;0;0;0;0;0;0;0;0;0;0;0;0;0;0;0;0;0;0;0;0;0;0;0;0;0;0;0;0;0;0;0;0;0;0;0;0;0;0;0;0;0;0;0;0;0;0;0;0;0;0;0;0;0;0;0;0;0;0;0;0;0;0;0;0;0;0;3;0;2;0;1;1;2;2019-03-06 10:00:00;1362;0;33;17;6;0;-1;1;-1;-1;-1;-1;-1;-1;1;0;2;0;1;2;-1;0;0;0;0;0;0;0;0;0;0;0;0;0;1;1;0;0;-1;-1;0;0;-1;-1;-1;-1;-1;-1;-1;-1;-1;0;22;33;62;95;28;62;78;22;9.78;4.23;3.89;2.11;Pyunik;FC Avan Academy;1.44;2.19;1.11;1.89;1.67;1.61;100;78;67;39;6;44;39;39;1.7;1.56;3.26;1671;32;Y;Y;Y;N;N;N;N
469332;1360;885;2018/2019;complete;3670;22;-1;;;0;0;0;-1;-1;-1;-1;-1;1;2;0;0;-1;-1;-1;-1;-1;-1;-1;-1;-1;-1;1;2;2.35;3.05;2.7;1.03;1.29;1.95;3.4;0;8.25;3.2;1.74;1.26;1.08;1.74;1.95;0;0;0;0;0;0;0;0;0;0;0;0;0;0;0;0;0;0;0;0;0;0;0;0;0;0;0;0;0;0;0;0;0;0;0;0;0;0;0;0;0;0;0;0;0;0;0;0;0;0;0;0;0;0;0;0;0;0;0;0;2019-03-10 10:00:00;-1;0;53;23;30;0;-1;1;-1;-1;-1;-1;-1;-1;1;2;0;0;3;0;-1;0;0;0;0;0;0;0;0;0;0;0;0;0;1;1;0;0;-1;-1;0;0;-1;-1;-1;-1;-1;-1;-1;-1;-1;12;24;36;60;89;29;54;78;30;4.33;3.67;3.97;2.2;Artsakh;Ararat;1.25;0.63;1;0.88;0.72;0.68;89;77;64;41;11;29;17;17;1.47;1.22;2.69;1671;32;N;N;N;N;N;N;N
469333;1362;881;2018/2019;complete;3670;22;-1;7,79;;2;0;2;5;10;15;-1;-1;5;2;0;1;7;5;0;8;7;13;-1;-1;53;47;5;4;1.8;3.2;3.9;1.04;1.33;2.05;3.65;0;7.75;3;1.69;1.23;1.06;1.91;1.77;0;0;0;0;0;0;0;0;0;0;0;0;0;0;0;0;0;0;0;0;0;0;0;0;0;0;0;0;0;0;0;0;0;0;0;0;0;0;0;0;0;0;0;0;0;0;0;0;0;0;0;0;0;2;1;0;1;0;1;1;2019-03-09 11:00:00;1362;0;39;22;17;0;1;1;0;8;5;2;8;7;4;0;1;3;4;4;1;0;0;0;0;1.56;1.75;3.31;1;0;1;0;0;0;1;1;1;0;0;1;0;0;-1;-1;-1;-1;-1;-1;-1;-1;-1;6;33;45;56;78;39;67;50;28;9.67;4.33;4.13;2.17;FC Avan Academy;Gandzasar;1.63;1.19;1.33;1.22;1.68;1.22;95;67;56;44;22;50;45;33;1.7;1.66;3.36;1671;32;Y;Y;N;N;N;N;N
469334;883;882;2018/2019;complete;3670;22;-1;;78,87;0;2;2;1;5;6;-1;-1;1;2;0;0;2;7;10;3;12;10;-1;-1;50;50;1;2;2.75;2.8;2.5;1.09;1.56;2.7;5.35;0;5.85;2.25;1.39;1.11;1.01;2.2;1.57;0;0;0;0;0;0;0;0;0;0;0;0;0;0;0;0;0;0;0;0;0;0;0;0;0;0;0;0;0;0;0;0;0;0;0;0;0;0;0;0;0;0;0;0;0;0;0;0;0;0;0;0;0;2;0;0;0;2;2;0;2019-03-10 11:00:00;882;0;45;6;22;0;1;1;1;4;0;1;5;1;0;0;1;2;0;3;1;84;107;98;124;1.5;1.9;3.4;0;0;0;0;0;0;1;1;0;0;0;1;0;0;-1;-1;-1;-1;-1;-1;-1;-1;-1;6;11;45;56;73;17;56;56;34;6.88;1;4.67;1.95;Shirak;Pyunik;1.44;2.31;1.78;2.22;1.37;1.58;95;89;56;45;28;28;17;17;1.42;1.6;3.02;1671;32;Y;Y;N;N;N;N;N
469335;884;1361;2018/2019;complete;3670;22;-1;;;0;0;0;3;3;6;-1;-1;3;0;0;0;11;9;1;1;12;10;-1;-1;50;50;3;0;2.4;2.95;2.7;1.05;1.37;2.15;4;0;7.25;2.8;1.61;1.2;1.05;1.91;1.8;0;0;0;0;0;0;0;0;0;0;0;0;0;0;0;0;0;0;0;0;0;0;0;0;0;0;0;0;0;0;0;0;0;0;0;0;0;0;0;0;0;0;0;0;0;0;0;0;0;0;0;0;0;0;0;0;0;0;0;0;2019-03-11 10:00:00;-1;0;47;6;29;0;1;1;0;0;3;3;0;6;0;0;3;0;0;3;1;75;73;103;97;2.07;1.79;3.86;0;0;0;0;0;0;1;1;0;0;0;0;0;0;-1;-1;-1;-1;-1;-1;-1;-1;-1;12;36;60;71;83;18;54;71;53;9.02;3.27;3.22;2.66;Banants;Lori;1.75;1.31;2;1.44;1.67;1.53;89;65;41;30;18;30;18;7;1.73;1.82;3.55;1671;32;N;N;N;N;N;N;N
469336;885;884;2018/2019;complete;3670;23;-1;;12;0;1;1;3;8;11;-1;-1;0;1;0;0;3;4;3;8;6;12;-1;-1;50;50;0;1;4.4;3.6;1.62;1.01;1.19;1.67;2.65;4.25;10;3.9;2;1.38;1.13;1.77;2.05;0;0;0;0;2.28;1.17;1.1;5.2;2.42;1.9;5.45;2.86;1.75;0;0;0;0;0;0;0;0;0;0;0;0;0;0;0;2.76;17.25;1.46;0;0;0;0;0;0;0;0;0;0;1.24;2.21;5.5;13;3.64;1.59;1.12;1.02;0;0;0;0;1;0;1;0;0;0;1;2018-10-31 11:00:00;884;0;47;9;29;0;1;1;1;4;2;4;5;6;0;0;0;1;0;1;1;0;0;0;0;0.84;1.29;2.13;0;0;0;0;0;0;1;1;0;0;0;0;0;0;-1;-1;-1;-1;-1;-1;-1;-1;-1;19;47;47;47;74;37;55;65;39;7.77;2.17;4.6;2.5;Ararat;Banants;0.75;1.5;0.33;2;0.5;2.09;82;54;54;54;27;57;19;19;1.38;1.49;2.87;1671;32;Y;N;N;N;N;N;N
469337;882;1360;2018/2019;complete;3670;23;-1;29;;1;0;1;4;2;6;-1;-1;3;2;0;0;8;3;1;0;9;3;-1;-1;44;56;3;2;1.37;3.9;6.95;1.03;1.29;1.95;3.4;0;8.25;3.2;1.74;1.26;1.08;2.1;1.62;0;0;0;0;0;0;0;0;0;0;0;0;0;0;0;0;0;0;0;0;0;0;0;0;0;0;0;0;0;0;0;0;0;0;0;0;0;0;0;0;0;0;0;0;0;0;0;0;0;0;0;0;0;1;1;0;0;0;0;1;2019-03-16 10:00:00;882;0;32;11;11;0;1;1;4;0;0;2;4;2;3;1;0;1;4;1;1;74;54;93;102;1.66;0.8;2.47;0;0;0;0;0;0;1;1;0;0;0;0;0;0;-1;-1;-1;-1;-1;-1;-1;-1;-1;11;27;48;80;95;37;80;79;27;7.64;3.3;3.75;2.65;Pyunik;Artsakh;1.44;0.5;1;0.44;1.65;0.74;89;74;52;21;6;54;42;42;1.7;1.38;3.08;1671;32;Y;N;N;N;N;N;N
469338;96;1362;2018/2019;complete;3670;23;-1;;73;0;1;1;3;4;7;-1;-1;2;3;0;0;4;5;6;4;10;9;-1;-1;53;47;2;3;2.4;2.9;2.75;1.07;1.43;2.35;4.45;0;6.7;2.55;1.51;1.16;1.03;2;1.69;0;0;0;0;0;0;0;0;0;0;0;0;0;0;0;0;0;0;0;0;0;0;0;0;0;0;0;0;0;0;0;0;0;0;0;0;0;0;0;0;0;0;0;0;0;0;0;0;0;0;0;0;0;1;0;0;0;1;1;0;2019-03-17 10:00:00;1362;0;43;16;17;0;1;1;3;4;0;0;7;0;0;1;2;2;1;4;1;75;53;95;88;1.45;1.31;2.76;0;0;0;0;0;0;1;1;0;0;0;0;0;0;-1;-1;-1;-1;-1;-1;-1;-1;-1;6;21;54;64;95;31;75;69;38;10.33;4.52;3.78;2.44;Alashkert;FC Avan Academy;1.94;2.19;2;2;1.89;1.75;95;79;47;37;5;44;33;33;1.87;1.56;3.43;1671;32;Y;N;N;N;N;N;N
469339;881;883;2018/2019;complete;3670;23;-1;;;0;0;0;6;0;6;-1;-1;-1;-1;-1;-1;5;2;7;2;12;4;-1;-1;56;44;-1;-1;2.5;2.85;2.65;1.04;1.34;2.1;3.75;0;7.75;2.95;1.65;1.22;1.06;1.83;1.87;0;0;0;0;0;0;0;0;0;0;0;0;0;0;0;0;0;0;0;0;0;0;0;0;0;0;0;0;0;0;0;0;0;0;0;0;0;0;0;0;0;0;0;0;0;0;0;0;0;0;0;0;0;0;0;0;0;0;0;0;2019-03-15 12:00:00;-1;0;37;11;16;0;1;-1;2;0;4;0;2;4;-1;-1;-1;-1;-1;-1;1;75;52;101;90;1.65;0.78;2.43;0;0;0;0;0;0;1;1;0;0;1;0;-1;-1;-1;-1;-1;-1;-1;-1;-1;-1;-1;6;26;37;69;85;22;64;79;32;8.53;3.32;3.94;2.28;Gandzasar;Shirak;1.19;0.81;1.22;1;1.16;1.3;95;74;63;31;16;61;48;42;1.72;1.61;3.33;1671;32;N;N;N;N;N;N;N
469340;883;96;2018/2019;complete;3670;24;-1;68;10;1;1;2;-1;-1;-1;-1;-1;2;2;0;0;-1;-1;-1;-1;-1;-1;-1;-1;-1;-1;2;2;3.35;3.25;1.95;1.05;1.37;2.15;4;0;7.25;2.8;1.61;1.2;1.05;2;1.71;0;0;0;0;1.83;1.29;1.29;0;0;0;0;0;0;0;0;0;0;0;0;0;0;0;0;0;0;0;0;0;0;0;0;0;0;0;0;0;0;0;0;0;0;0;0;0;0;0;0;0;0;0;0;0;0;2;0;1;1;0;1;1;2019-03-30 10:45:00;-1;0;20;5;5;0;-1;1;-1;-1;-1;-1;-1;-1;1;1;1;1;2;2;-1;0;0;0;0;0;0;0;0;0;0;0;0;0;1;1;0;1;-1;-1;0;0;-1;-1;-1;-1;-1;-1;-1;-1;-1;5;5;15;35;75;15;45;50;15;9.31;0.6;3.81;1.4;Shirak;Alashkert;1.44;1.25;1.6;1.8;1.29;1.8;95;95;85;65;25;27;11;11;1.43;1.84;3.27;1671;32;Y;Y;N;N;N;N;Y
469341;1360;881;2018/2019;complete;3670;24;-1;39,79;;2;0;2;2;9;11;-1;-1;2;2;0;0;9;4;3;6;12;10;-1;-1;55;45;2;2;3.1;2.95;2.15;1.08;1.51;2.6;5.1;0;6.05;2.35;1.43;1.12;1.01;2.2;1.59;0;0;0;0;1.67;1.36;1.29;0;0;0;0;0;0;0;0;0;0;0;0;0;0;0;0;0;0;0;0;0;0;0;0;0;0;0;0;0;0;0;0;0;0;0;0;0;0;0;0;0;0;0;0;0;0;2;1;0;1;0;1;1;2019-04-01 10:00:00;1360;0;35;20;15;0;1;1;1;5;1;4;6;5;1;0;1;2;1;3;1;57;70;86;86;1.8;1.42;3.21;0;0;0;0;0;0;1;1;0;0;0;2;0;0;-1;-1;-1;-1;-1;-1;-1;-1;-1;5;20;25;55;80;30;60;55;20;8.53;1.6;4.3;1.85;Artsakh;Gandzasar;1.25;1.19;1;1.1;0.7;1.15;95;80;75;45;20;57;47;37;1.47;1.67;3.14;1671;32;Y;Y;N;N;N;N;N
469342;884;882;2018/2019;complete;3670;24;-1;2;90;1;1;2;0;8;8;-1;-1;2;2;0;0;2;2;0;0;2;2;-1;-1;49;51;2;2;2.25;3;2.9;0;0;2.3;0;0;0;0;1.6;0;0;0;0;0;0;0;0;1.5;1.36;1.5;0;0;0;0;0;0;0;0;0;0;0;0;0;0;0;0;0;0;0;0;0;0;0;0;0;0;0;0;0;0;0;0;0;0;0;0;0;0;0;0;0;0;0;0;0;0;2;1;0;0;1;1;1;2019-03-31 10:00:00;-1;0;50;5;35;0;1;1;0;5;0;3;5;3;0;0;2;2;0;4;1;48;107;86;114;0.63;1.05;1.67;0;0;0;0;0;0;1;1;1;0;0;0;0;0;-1;-1;-1;-1;-1;-1;-1;-1;-1;10;30;60;65;80;15;55;75;55;8.8;2.5;4.68;2.55;Banants;Pyunik;1.75;2.31;2;2.3;1.7;1.71;90;70;40;35;20;35;25;20;1.72;1.63;3.35;1671;32;Y;Y;N;N;N;N;Y
469343;1361;885;2018/2019;complete;3670;24;-1;26,39;60,69;2;2;4;-1;-1;-1;-1;-1;1;2;0;0;-1;-1;-1;-1;-1;-1;-1;-1;-1;-1;1;2;1.53;3.7;5;0;0;2.08;0;0;0;0;1.73;0;0;0;0;0;0;0;0;1.08;1.22;2.75;0;0;0;0;0;0;0;0;0;0;0;0;0;0;0;0;0;0;0;0;0;0;0;0;0;0;0;0;0;0;0;0;0;0;0;0;0;0;0;0;0;0;0;0;0;0;4;2;0;0;2;2;2;2019-03-31 10:00:00;-1;0;45;5;30;0;-1;1;-1;-1;-1;-1;-1;-1;1;0;0;2;1;2;-1;0;0;0;0;0;0;0;0;0;0;0;0;0;1;1;0;0;-1;-1;0;0;-1;-1;-1;-1;-1;-1;-1;-1;-1;10;30;45;65;95;20;60;90;45;6.89;2.7;3.63;2.45;Lori;Ararat;1.44;0.63;1.6;0.8;1.5;0.67;90;70;55;35;5;39;17;11;1.73;1.18;2.91;1671;32;Y;Y;Y;Y;N;N;Y
469344;881;884;2018/2019;complete;3670;25;-1;86;53,90;1;2;3;10;5;15;-1;-1;-1;-1;-1;-1;8;7;1;1;9;8;-1;-1;48;52;-1;-1;2.8;2.75;2.45;1.09;1.54;2.65;5.3;0;5.9;2.3;1.4;1.11;1.01;2.15;1.61;0;0;0;0;1.5;1.36;1.5;0;0;0;0;0;0;0;0;0;0;0;0;0;0;0;0;0;0;0;0;0;0;0;0;0;0;0;0;0;0;0;0;0;0;0;0;0;0;0;0;0;0;0;0;0;0;3;0;0;1;2;3;0;2019-04-06 10:00:00;884;0;35;10;20;0;1;-1;3;3;7;2;6;9;-1;-1;-1;-1;-1;-1;1;64;84;85;103;1.59;1.6;3.2;-1;-1;-1;-1;-1;-1;-1;1;0;0;3;0;-1;-1;-1;-1;-1;-1;-1;-1;-1;-1;-1;10;25;40;65;85;35;70;65;30;10.78;2.7;4.96;2.35;Gandzasar;Banants;1.19;1.5;1.2;1.4;1.1;1.67;90;75;60;35;15;79;43;37;1.71;1.75;3.46;1671;32;Y;Y;Y;N;N;N;Y
469345;882;1361;2018/2019;complete;3670;25;-1;75;29,56;1;2;3;4;3;7;-1;-1;2;1;0;0;2;3;0;0;2;3;-1;-1;47;53;2;1;2.25;2.95;2.95;1.06;1.4;2.25;4.2;0;7;2.7;1.56;1.18;1.04;1.95;1.74;0;0;0;0;1.36;1.36;1.57;2.95;1.87;3.8;2.6;2.3;3.4;0;0;0;0;0;0;0;0;0;0;0;0;0;0;0;1.86;7.9;2.27;0;0;0;0;0;0;0;0;0;0;1.46;0;0;0;2.52;0;0;0;0;0;0;0;3;0;1;1;1;2;1;2019-04-07 11:00:00;1361;0;39;10;20;0;1;1;3;3;1;0;6;1;1;0;1;1;1;2;1;90;59;136;129;0.93;0.85;1.78;1;0;1;0;0;0;1;1;0;0;0;0;0;0;-1;-1;-1;-1;-1;-1;-1;-1;-1;5;24;43;67;85;24;57;71;34;7.7;3.6;3.79;2.24;Pyunik;Lori;1.44;1.31;1.18;1.4;1.68;1.48;95;76;57;33;15;30;20;15;1.69;1.82;3.51;1671;32;Y;Y;Y;N;N;N;Y
469346;96;1360;2018/2019;complete;3670;25;-1;66;;1;0;1;3;2;5;-1;-1;3;3;0;0;4;7;4;5;8;12;-1;-1;53;47;3;3;1.69;3.2;4.5;1.06;1.4;2.25;4.2;6.45;7;2.7;1.56;1.18;1.04;2.1;1.65;0;0;0;0;1.12;1.3;2.25;2.2;2.05;5.1;1.9;2.44;5.95;0;0;0;0;0;0;0;0;0;0;0;0;0;0;0;1.36;7.25;3.8;2.3;9;0;0;0;0;0;0;0;0;1.4;3.18;6;13;2.66;1.26;1.11;1.02;0;0;0;0;1;0;0;1;0;1;0;2019-04-07 11:00:00;96;0;40;10;20;0;1;1;1;0;2;2;1;4;2;1;1;2;3;3;1;83;55;98;88;1.39;1.65;3.03;0;0;0;0;0;0;1;1;0;0;0;0;0;0;-1;-1;-1;-1;-1;-1;-1;-1;-1;15;25;55;70;95;30;85;65;40;7.86;3.6;3.78;2.7;Alashkert;Artsakh;1.94;0.5;1.8;0.4;1.76;0.81;85;75;45;30;5;48;32;32;1.82;1.31;3.13;1671;32;Y;N;N;N;N;N;N
469347;1362;883;2018/2019;complete;3670;25;-1;80,85;70,81;2;2;4;4;4;8;-1;-1;5;2;0;0;6;4;5;3;11;7;-1;-1;57;43;5;2;1.57;3.8;5;0;0;2.3;0;0;0;0;1.6;0;0;0;0;0;0;0;0;1.14;1.25;2.25;0;0;0;0;0;0;0;0;0;0;0;0;0;0;0;0;0;0;0;0;0;0;0;0;0;0;0;0;0;0;0;0;0;0;0;0;0;0;0;0;0;0;0;0;0;0;4;0;0;2;2;4;0;2019-04-08 10:00:00;-1;0;43;20;15;0;1;1;2;3;2;1;5;3;1;0;4;2;1;6;1;85;48;113;76;1.73;1.07;2.8;0;0;0;0;0;0;1;1;0;0;1;0;0;0;-1;-1;-1;-1;-1;-1;-1;-1;-1;5;34;39;58;72;25;58;67;29;6.5;3.51;3.82;2.06;FC Avan Academy;Shirak;1.63;0.81;1.5;1;1.81;1.27;95;67;62;43;29;35;35;35;1.69;1.53;3.22;1671;32;Y;Y;Y;Y;N;N;Y
469348;1360;1362;2018/2019;complete;3670;26;-1;39;9,19,66;1;3;4;6;2;8;-1;-1;1;1;0;0;6;6;4;1;10;7;-1;-1;53;47;1;1;5.3;3.45;1.56;1.06;1.4;2.25;4.2;0;7;2.7;1.56;1.18;1.04;2.25;1.56;0;0;0;0;0;0;0;0;0;0;0;0;0;0;0;0;0;0;0;0;0;0;0;0;0;0;0;0;0;0;0;0;0;0;0;0;0;0;0;0;0;0;0;0;0;0;0;0;0;0;0;0;0;4;1;2;0;1;1;3;2019-04-11 11:00:00;1362;0;36;23;9;0;1;1;4;2;2;0;6;2;1;1;0;0;2;0;1;60;46;116;110;1.49;1.21;2.7;0;0;0;0;0;0;1;1;0;1;1;1;0;0;-1;-1;-1;-1;-1;-1;-1;-1;-1;5;18;27;55;82;32;50;69;18;8;1.45;3.99;1.87;Artsakh;FC Avan Academy;1.25;2.19;1.18;2.09;0.77;1.77;96;82;73;45;18;45;40;40;1.5;1.53;3.03;1671;32;Y;Y;Y;Y;N;N;Y
469349;884;96;2018/2019;complete;3670;26;-1;61,69;;2;0;2;6;1;7;-1;-1;3;4;0;1;3;0;0;0;3;0;-1;-1;57;43;3;5;2.5;2.95;2.6;1.1;1.49;2.7;5;10;6.5;2.48;1.44;1.14;1.03;2.2;1.6;0;0;0;0;1.53;1.36;1.36;3.8;1.86;3.4;3.7;2.03;2.92;0;0;0;0;0;0;0;0;0;0;0;0;0;0;0;2.29;6.35;1.96;4.4;3.5;0;0;0;0;0;0;0;0;1.53;3.5;9.5;41;2.38;1.25;1.04;1;0;0;0;0;2;0;0;2;0;2;0;2019-04-10 11:00:00;884;0;36;5;18;0;1;1;5;1;1;0;6;1;0;1;3;4;1;7;1;72;68;129;125;0.94;0.51;1.45;1;0;1;0;0;0;1;1;0;0;1;1;0;0;-1;-1;-1;-1;-1;-1;-1;-1;-1;9;23;32;46;82;14;55;69;27;10.84;2;3.99;2;Banants;Alashkert;1.75;1.25;1.91;1.73;1.73;1.82;91;78;68;55;18;35;19;15;1.62;1.84;3.46;1671;32;Y;Y;N;N;N;N;N
469350;1361;881;2018/2019;complete;3670;26;-1;;;0;0;0;6;8;14;-1;-1;3;4;0;0;5;0;4;5;9;5;-1;-1;50;50;3;4;1.83;3.25;3.75;1.06;1.36;2.25;4;6.55;8.5;2.95;1.62;1.2;1.04;2.05;1.7;0;0;0;0;1.22;1.3;1.83;2.6;2.07;4.4;2.16;2.31;4.8;0;0;0;0;0;0;0;0;0;0;0;0;0;0;0;1.6;8.6;2.75;2.8;6;0;0;0;0;0;0;0;0;1.44;3.2;8.5;21;2.63;1.3;1.05;1;0;0;0;0;0;0;0;0;0;0;0;2019-04-10 11:00:00;-1;0;32;5;14;0;1;1;5;2;1;6;7;7;1;2;2;2;3;4;1;72;55;110;97;1.45;0.72;2.17;0;0;0;0;0;0;1;1;0;0;2;0;0;0;-1;-1;-1;-1;-1;-1;-1;-1;-1;5;27;36;69;96;23;73;78;37;10.78;1.27;3.74;2.32;Lori;Gandzasar;1.44;1.19;1.55;1;1.55;1.05;96;73;64;32;5;65;43;28;1.73;1.65;3.38;1671;32;N;N;N;N;N;N;N
469351;885;882;2018/2019;complete;3670;26;-1;77;83,88;1;2;3;2;5;7;-1;-1;1;2;0;0;4;11;5;5;9;16;-1;-1;50;50;1;2;4.1;3.3;1.74;1.04;1.31;2;3.55;5.9;8;3.05;1.71;1.24;1.07;1.91;1.77;0;0;0;0;1.85;1.3;1.2;4.7;2.09;2.35;4.5;2.26;2.27;0;0;0;0;0;0;0;0;0;0;0;0;0;0;0;2.6;8.5;1.62;0;0;0;0;0;0;0;0;0;0;1.42;3.23;9;21;2.62;1.25;1.05;1.03;0;0;0;0;3;0;0;1;2;3;0;2019-04-11 11:00:00;882;0;46;9;27;0;1;1;1;3;1;2;4;3;0;1;1;1;1;2;1;46;65;104;97;1.19;2.25;3.44;0;0;0;0;0;0;1;1;0;0;0;0;0;1;-1;-1;-1;-1;-1;-1;-1;-1;-1;9;23;41;59;82;18;60;64;37;7.2;1.81;4.46;2.23;Ararat;Pyunik;0.75;2.31;0.55;2.18;0.68;1.61;91;78;59;41;18;29;19;19;1.2;1.58;2.78;1671;32;Y;Y;Y;N;N;N;Y
469352;96;1361;2018/2019;complete;3670;27;-1;;45;0;1;1;6;6;12;-1;-1;0;2;0;0;2;6;3;6;5;12;-1;-1;50;50;0;2;2.25;2.95;2.9;1.06;1.4;2.25;4.2;9.5;7;2.7;1.56;1.18;1.04;1.95;1.77;0;0;0;0;1.2;1.3;1.73;2.75;1.83;4.5;2.4;2.2;4;0;0;0;0;0;0;0;0;0;0;0;0;0;0;0;1.73;6.5;2.5;3.4;5;0;0;0;0;0;0;0;0;1.53;3.5;9.5;41;2.38;1.25;1.04;1;0;0;0;0;1;0;1;0;0;0;1;2019-04-14 11:00:00;1361;0;50;9;32;0;1;1;2;3;4;3;5;7;0;0;0;2;0;2;1;52;58;104;105;0.85;1.6;2.45;0;0;0;0;0;0;1;1;0;0;1;0;0;0;-1;-1;-1;-1;-1;-1;-1;-1;-1;9;23;55;64;87;18;59;69;50;7.91;3.81;3.73;2.41;Alashkert;Lori;1.94;1.31;1.91;1.55;1.74;1.52;91;78;45;36;14;27;14;9;1.78;1.73;3.51;1671;32;Y;N;N;N;N;N;N
469353;881;885;2018/2019;complete;3670;27;-1;39;;1;0;1;3;2;5;-1;-1;1;3;0;1;5;5;0;0;5;5;-1;-1;52;48;1;5;1.83;3.2;3.75;1.05;1.37;2.15;4;8.5;7.25;2.8;1.61;1.2;1.05;2;1.71;0;0;0;0;1.2;1.29;1.8;2.5;1.91;4.5;2.3;2.3;4.2;0;0;0;0;0;0;0;0;0;0;0;0;0;0;0;1.62;7.5;2.7;2.88;5.8;0;0;0;0;0;0;0;0;1.44;3.2;8.5;34;2.63;1.3;1.05;1;0;0;0;0;1;1;0;0;0;0;1;2019-04-14 12:00:00;881;0;46;9;32;0;1;1;3;1;0;1;4;1;1;1;0;3;2;3;1;75;73;102;101;1.22;1.2;2.42;0;0;0;0;0;0;1;1;0;0;0;0;1;0;-1;-1;-1;-1;-1;-1;-1;-1;-1;9;27;50;69;87;32;60;78;41;8.76;3.55;4.56;2.46;Gandzasar;Ararat;1.19;0.63;1.09;0.82;1.04;0.65;91;73;50;32;14;51;36;31;1.7;1.18;2.88;1671;32;Y;N;N;N;N;N;N
469354;883;1360;2018/2019;complete;3670;27;-1;;;0;0;0;3;5;8;-1;-1;-1;-1;-1;-1;5;3;5;3;10;6;-1;-1;43;57;-1;-1;1.69;3.2;4.55;1.06;1.43;2.35;4.4;9.5;6.8;2.6;1.53;1.16;1.03;2.15;1.61;0;0;0;0;1.14;1.25;1.91;2.4;1.91;5;2.1;2.3;4.5;0;0;0;0;0;0;0;0;0;0;0;0;0;0;0;1.57;6.5;3;2.5;7;0;0;0;0;0;0;0;0;1.5;3.5;9.5;41;2.5;1.25;1.04;1;0;0;0;0;0;0;0;0;0;0;0;2019-04-15 12:00:00;-1;0;27;5;5;0;1;-1;0;2;3;3;2;6;-1;-1;-1;-1;-1;-1;1;69;84;106;124;1.48;1.21;2.69;0;0;0;0;0;0;1;1;0;0;0;1;-1;-1;-1;-1;-1;-1;-1;-1;-1;-1;-1;9;14;32;64;82;27;69;55;23;6.6;0;3.63;2.05;Shirak;Artsakh;1.44;0.5;1.55;0.36;1.26;0.74;91;87;69;36;18;35;25;25;1.43;1.35;2.78;1671;32;N;N;N;N;N;N;N
469355;1362;884;2018/2019;complete;3670;27;-1;90;43;1;1;2;6;6;12;-1;-1;-1;-1;-1;-1;5;4;0;0;5;4;-1;-1;44;56;-1;-1;2.4;2.65;3.2;0;0;2.05;0;0;0;0;1.75;0;0;0;0;0;0;0;0;1.25;1.3;1.8;0;0;0;0;0;0;0;0;0;0;0;0;0;0;0;0;0;0;0;0;0;0;0;0;0;0;0;0;0;0;0;0;0;0;0;0;0;0;0;0;0;0;0;0;0;0;2;0;1;1;0;1;1;2019-04-15 11:00:00;-1;0;50;18;27;0;1;-1;2;3;4;3;5;7;-1;-1;-1;-1;-1;-1;1;87;59;83;81;1.29;0.97;2.26;-1;-1;-1;-1;-1;-1;-1;1;0;0;0;0;-1;-1;-1;-1;-1;-1;-1;-1;-1;-1;-1;9;36;50;64;82;36;64;64;36;9;2.91;5.1;2.45;FC Avan Academy;Banants;1.63;1.5;1.45;1.55;1.83;1.78;91;64;50;36;18;59;36;36;1.69;1.74;3.43;1671;32;Y;Y;N;N;N;N;Y
469356;883;884;2018/2019;complete;3670;28;-1;;;0;0;0;6;3;9;-1;-1;-1;-1;-1;-1;6;6;10;3;16;9;-1;-1;47;53;-1;-1;2.6;2.85;2.55;1.09;1.54;2.65;5.3;10;5.9;2.3;1.4;1.11;1.01;2.2;1.59;0;0;0;0;1.44;1.33;1.36;3.75;1.83;3.5;3.3;2.1;3;0;0;0;0;0;0;0;0;0;0;0;0;0;0;0;2.2;6;2;4;3.5;0;0;0;0;0;0;0;0;1.53;3.5;9.5;41;2.38;1.25;1.04;1;0;0;0;0;0;0;0;0;0;0;0;2019-04-19 12:00:00;-1;0;38;4;13;0;1;-1;3;2;3;1;5;4;-1;-1;-1;-1;-1;-1;1;67;59;146;152;1.92;1.44;3.36;0;0;0;0;0;0;1;1;0;0;1;0;-1;-1;-1;-1;-1;-1;-1;-1;-1;-1;-1;4;13;30;59;80;25;63;55;25;8.26;0;4.13;1.88;Shirak;Banants;1.44;1.5;1.5;1.5;1.25;1.75;96;88;71;42;21;51;26;26;1.43;1.67;3.1;1671;32;N;N;N;N;N;N;N
469357;1362;1361;2018/2019;complete;3670;28;-1;5,33,84;;3;0;3;4;3;7;-1;-1;-1;-1;-1;-1;10;4;5;11;15;15;-1;-1;46;54;-1;-1;2;3.05;3.4;1.06;1.43;2.35;4.4;0;6.8;2.6;1.53;1.16;1.03;2.05;1.67;0;0;0;0;0;0;0;0;0;0;0;0;0;0;0;0;0;0;0;0;0;0;0;0;0;0;0;0;0;0;0;0;0;0;0;0;0;0;0;0;0;0;0;0;0;0;0;0;0;0;0;0;0;3;2;0;1;0;1;2;2019-04-19 12:00:00;1362;0;54;17;29;0;1;-1;3;1;1;2;4;3;-1;-1;-1;-1;-1;-1;1;56;89;116;134;2.06;1.87;3.93;-1;-1;-1;-1;-1;-1;-1;1;1;0;2;0;-1;-1;-1;-1;-1;-1;-1;-1;-1;-1;-1;8;34;50;67;75;25;54;63;42;8.09;3.17;4.37;2.34;FC Avan Academy;Lori;1.63;1.31;1.42;1.67;1.79;1.58;92;67;50;33;25;34;30;25;1.66;1.72;3.38;1671;32;Y;Y;Y;N;N;N;N
469358;96;885;2018/2019;complete;3670;28;-1;6,22;;2;0;2;1;3;4;-1;-1;-1;-1;-1;-1;7;6;2;4;9;10;-1;-1;53;47;-1;-1;1.42;3.95;5.8;1.04;1.34;2.1;3.75;7.5;7.75;2.95;1.65;1.22;1.06;2.3;1.54;0;0;0;0;1.08;1.17;2.6;2;2.2;6.5;1.8;2.6;6;0;0;0;0;0;0;0;0;0;0;0;0;0;0;0;1.36;9.5;3.6;0;0;0;0;0;0;0;0;0;0;1.4;3;8;21;2.75;1.33;1.06;1;0;0;0;0;2;2;0;0;0;0;2;2019-04-19 11:00:00;96;0;46;8;29;0;1;-1;0;2;1;1;2;2;-1;-1;-1;-1;-1;-1;1;39;38;117;113;1.36;1.34;2.7;-1;-1;-1;-1;-1;-1;-1;1;1;0;0;0;-1;-1;-1;-1;-1;-1;-1;-1;-1;-1;-1;8;25;50;54;96;25;71;71;42;6.83;3.84;4.17;2.38;Alashkert;Ararat;1.94;0.63;1.75;0.75;1.67;0.63;92;75;50;46;4;31;18;18;1.71;1.18;2.89;1671;32;Y;Y;N;N;N;N;N
469359;881;882;2018/2019;complete;3670;28;-1;;90;0;1;1;4;5;9;-1;-1;2;3;1;0;2;3;7;9;9;12;-1;-1;43;57;4;3;3;3.1;2.15;1.06;1.4;2.25;4.2;8;7;2.7;1.56;1.18;1.04;2;1.71;0;0;0;0;1.53;1.24;1.24;4;2;2.82;3.4;2.3;2.63;0;0;0;0;0;0;0;0;0;0;0;0;0;0;0;2.3;7.5;1.83;5;3.3;0;0;0;0;0;0;0;0;1.42;3.1;8.5;34;2.65;1.32;1.05;1;0;0;0;0;1;0;0;0;1;1;0;2019-04-20 10:00:00;882;0;50;8;34;0;1;1;4;1;0;4;5;4;2;2;1;1;4;2;1;40;75;118;144;1.01;1.52;2.54;0;0;0;0;0;0;1;1;0;0;1;0;0;0;-1;-1;-1;-1;-1;-1;-1;-1;-1;8;17;50;71;83;17;54;75;46;9.99;2.59;5.07;2.38;Gandzasar;Pyunik;1.19;2.31;1.25;2.25;1.13;1.67;92;83;50;29;17;49;36;31;1.65;1.63;3.28;1671;32;Y;N;N;N;N;N;N
469360;885;1362;2018/2019;complete;3670;29;-1;60,85;14,18,31,55,70,90;2;6;8;-1;-1;-1;-1;-1;-1;-1;-1;-1;-1;-1;-1;-1;-1;-1;-1;-1;-1;-1;-1;-1;7;4.6;1.32;0;0;0;0;0;0;0;0;0;0;0;0;0;0;0;0;0;0;0;0;0;0;0;0;0;0;0;0;0;0;0;0;0;0;0;0;0;0;0;0;0;0;0;0;0;0;0;0;0;0;0;0;0;0;0;0;0;0;0;0;0;0;0;0;0;8;0;3;2;3;5;3;2019-04-26 12:00:00;1362;0;33;17;13;0;-1;-1;-1;-1;-1;-1;-1;-1;-1;-1;-1;-1;-1;-1;-1;0;0;0;0;0;0;0;-1;-1;-1;-1;-1;-1;-1;1;0;0;-1;-1;-1;-1;-1;-1;-1;-1;-1;-1;-1;-1;-1;4;25;38;54;88;34;58;63;21;8.45;1.25;3.49;2.13;Ararat;FC Avan Academy;0.75;2.19;0.5;2.17;0.6;1.84;96;75;63;46;13;32;27;27;1.2;1.5;2.7;1671;32;Y;Y;Y;Y;Y;Y;Y
469361;882;96;2018/2019;complete;3670;29;-1;78;;1;0;1;4;3;7;-1;-1;1;1;0;0;3;4;9;7;12;11;-1;-1;50;50;1;1;2.3;2.95;2.85;1.1;1.44;2.63;5;9.5;6;2.63;1.47;1.14;1.04;2.1;1.67;2.2;1.47;0;0;1.33;1.3;1.5;3.1;1.91;3.75;2.8;2.1;3.4;0;0;0;0;0;0;0;0;0;0;0;0;0;0;0;1.91;6.5;2.3;3.15;3.9;0;0;0;0;0;0;0;0;1.53;3.75;9.5;41;2.38;1.22;1.04;1;0;0;0;0;1;0;0;1;0;1;0;2019-04-27 10:00:00;882;0;29;8;13;0;1;1;3;2;1;1;5;2;0;0;1;1;0;2;1;51;42;126;134;1.35;1.3;2.65;0;0;0;0;0;0;1;1;0;0;1;1;0;0;-1;-1;-1;-1;-1;-1;-1;-1;-1;4;13;25;50;92;17;59;75;21;9.51;2.83;4.44;1.88;Pyunik;Alashkert;1.44;1.25;1.08;1.58;1.72;1.72;96;88;75;50;9;33;19;19;1.62;1.71;3.33;1671;32;Y;N;N;N;N;N;N
469362;1361;883;2018/2019;complete;3670;29;-1;32,58;34,90;2;2;4;8;1;9;2;1;2;4;0;0;8;4;7;1;15;5;9;17;61;39;2;4;2;3.1;3.4;1.05;1.38;2.2;4.1;8.25;7.25;2.75;1.59;1.19;1.04;1.95;1.77;0;0;0;0;1.17;1.29;2.1;2.33;2.06;5.25;2.1;2.35;4.9;0;0;0;0;0;0;0;0;0;0;0;0;0;0;0;1.58;8.4;2.83;2.9;5.8;0;0;0;0;0;0;0;0;1.47;3.4;9.5;34;2.49;1.27;1.04;1;0;0;0;0;4;1;1;1;1;2;2;2019-04-28 11:00:00;-1;0;42;4;17;0;1;1;3;0;5;1;3;6;1;1;1;3;2;4;1;74;27;150;103;2.05;0.81;2.86;0;0;0;0;0;0;1;1;0;0;1;0;0;0;-1;-1;-1;-1;-1;-1;-1;-1;-1;4;33;38;63;84;13;54;84;42;7.14;1;3.14;2.21;Lori;Shirak;1.44;0.81;1.5;1;1.52;1.24;96;67;63;38;17;44;29;24;1.7;1.49;3.19;1671;32;Y;Y;Y;Y;N;N;Y
469363;884;1360;2018/2019;complete;3670;29;-1;24,57,66;;3;0;3;7;2;9;-1;-1;0;1;0;0;8;3;8;7;16;10;-1;-1;50;50;0;1;1.62;3.5;4.5;1.04;1.34;2.1;3.8;8.5;7.5;2.9;1.65;1.21;1.05;2.05;1.67;1.91;1.62;0;0;1.13;1.22;2.1;2.25;2;5.5;2;2.4;5;0;0;0;0;0;0;0;0;0;0;0;0;0;0;0;1.5;8;3.2;2.35;6.15;0;0;0;0;0;0;0;0;1.44;3.2;8.5;34;2.63;1.3;1.05;1;0;0;0;0;3;1;0;2;0;2;1;2019-04-27 15:30:00;884;0;34;4;17;0;1;1;3;1;4;1;4;5;0;1;0;0;1;0;1;78;69;133;158;2.14;1.36;3.5;0;0;0;0;0;0;1;1;0;0;0;1;0;0;-1;-1;-1;-1;-1;-1;-1;-1;-1;13;29;46;67;83;25;67;67;38;8.38;1.08;3.9;2.46;Banants;Artsakh;1.75;0.5;2;0.42;1.72;0.75;88;71;54;33;17;39;31;27;1.56;1.33;2.89;1671;32;Y;Y;Y;N;N;N;N
469364;1360;1361;2018/2019;complete;3670;30;-1;89,90;70;2;1;3;5;8;13;-1;-1;2;0;0;0;10;8;8;10;18;18;-1;-1;50;50;2;0;3.75;3.15;1.83;1.06;1.42;2.3;4.35;8.5;6.85;2.6;1.53;1.17;1.03;2.1;1.62;0;0;0;0;1.73;1.31;1.25;4.45;2.02;2.6;4;2.3;2.4;0;0;0;0;0;0;0;0;0;0;0;0;0;0;0;2.5;7.5;1.73;5.8;2.9;0;0;0;0;0;0;0;0;1.46;3.34;8.5;34;2.55;1.28;1.05;1;0;0;0;0;3;0;0;2;1;3;0;2019-05-01 12:00:00;1360;0;48;21;24;0;1;1;1;7;4;1;8;5;0;0;2;0;0;2;1;84;77;125;121;2.44;2.25;4.69;0;1;0;1;0;0;1;1;0;0;1;1;0;0;-1;-1;-1;-1;-1;-1;-1;-1;-1;8;24;40;64;76;28;52;65;32;6.49;1.25;3.67;2.12;Artsakh;Lori;1.25;1.31;1.08;1.54;0.72;1.5;92;76;61;37;24;34;26;22;1.5;1.73;3.23;1671;32;Y;Y;Y;N;N;N;Y
469365;883;885;2018/2019;complete;3670;30;-1;53,62,72;;3;0;3;0;6;6;2;2;1;1;0;0;4;0;0;4;4;4;11;12;47;53;1;1;1.71;3.1;4.65;1.06;1.41;2.25;4.25;9.5;7;2.65;1.54;1.18;1.04;2.1;1.65;0;0;0;0;1.19;1.35;1.79;2.52;1.97;5;2.1;2.3;4.5;0;0;0;0;0;0;0;0;0;0;0;0;0;0;0;1.53;7;3;2.8;6.5;0;0;0;0;0;0;0;0;1.48;3.44;9.5;34;2.49;1.27;1.04;1;0;0;0;0;3;0;0;3;0;3;0;2019-05-02 12:00:00;883;0;35;4;16;0;1;1;0;3;0;3;3;3;0;1;1;0;1;1;1;40;58;59;64;0.83;0.67;1.5;0;0;0;0;0;0;1;1;0;0;0;1;0;1;-1;-1;-1;-1;-1;-1;-1;-1;-1;4;16;31;54;77;27;58;54;27;5.97;0.54;3.98;1.81;Shirak;Ararat;1.44;0.63;1.46;0.69;1.23;0.58;96;85;70;46;23;22;9;9;1.48;1.19;2.67;1671;32;Y;Y;Y;N;N;N;N
469366;96;881;2018/2019;complete;3670;30;-1;63,85;;2;0;2;4;3;7;3;4;0;2;0;0;6;5;3;4;9;9;16;18;49;51;0;2;1.67;3.15;4.8;1.06;1.43;2.35;4.4;8.5;6.8;2.6;1.53;1.16;1.03;2.15;1.61;0;0;0;0;1.16;1.29;1.97;2.34;2.04;5.35;2.1;2.3;5;0;0;0;0;0;0;0;0;0;0;0;0;0;0;0;1.53;7.5;3.1;2.5;7.5;0;0;0;0;0;0;0;0;1.46;3.36;8.5;34;2.53;1.28;1.05;1;0;0;0;0;2;0;0;2;0;2;0;2019-05-01 11:00:00;96;0;28;8;16;0;1;1;2;0;2;3;2;5;0;0;0;2;0;2;1;43;42;138;121;1.32;1.24;2.56;0;0;0;0;0;0;1;1;0;0;0;0;0;0;-1;-1;-1;-1;-1;-1;-1;-1;-1;4;16;36;56;92;24;76;56;28;10.66;2.67;4.25;2.07;Alashkert;Gandzasar;1.94;1.19;1.85;1;1.65;1.08;96;84;65;44;9;57;45;37;1.68;1.57;3.25;1671;32;Y;Y;N;N;N;N;N
469367;1362;882;2018/2019;complete;3670;30;-1;69;48,50,68,86;1;4;5;8;4;12;-1;-1;3;0;0;0;5;8;9;7;14;15;-1;-1;50;50;3;0;2.44;3.17;3;0;0;2.2;0;0;0;0;1.65;0;0;0;0;0;0;0;0;1.4;1.36;1.53;0;0;0;0;0;0;0;0;0;0;0;0;0;0;0;0;0;0;0;0;0;0;0;0;0;0;0;0;0;0;0;0;0;0;0;0;0;0;0;0;0;0;0;0;0;0;5;0;0;1;4;5;0;2019-05-01 11:00:00;882;0;58;16;31;0;1;1;4;2;4;2;6;6;0;0;3;0;0;3;1;74;64;95;108;1.76;1.97;3.73;1;0;1;0;0;0;1;1;0;0;0;0;0;0;-1;-1;-1;-1;-1;-1;-1;-1;-1;8;27;54;69;81;23;54;77;43;8.3;2.77;5.39;2.42;FC Avan Academy;Pyunik;1.63;2.31;1.54;2.31;1.88;1.77;92;74;46;31;19;35;27;27;1.69;1.63;3.32;1671;32;Y;Y;Y;Y;Y;N;Y
469368;1361;884;2018/2019;complete;3670;31;-1;80;22,77,90;1;3;4;5;5;10;-1;-1;1;1;0;0;2;4;2;7;4;11;-1;-1;50;50;1;1;2.55;3.3;2.3;1.04;1.31;2;3.55;7;8;3.05;1.71;1.24;1.07;1.8;1.87;0;0;0;0;1.53;1.36;1.5;3.4;2;3.1;3;2.38;2.8;0;0;0;0;0;0;0;0;0;0;0;0;0;0;0;2.1;8.5;1.91;4.6;3.9;0;0;0;0;0;0;0;0;1.4;3;8;17;2.75;1.33;1.06;1.01;0;0;0;0;4;0;1;1;2;3;1;2019-05-04 12:00:00;884;0;46;8;23;0;1;1;4;3;1;2;7;3;1;1;0;0;2;0;1;42;60;55;72;0.7;1.4;2.1;0;0;0;0;0;0;1;1;0;0;0;0;0;0;-1;-1;-1;-1;-1;-1;-1;-1;-1;8;31;42;66;89;27;66;77;43;9.74;0.76;4.13;2.39;Lori;Banants;1.44;1.5;1.46;1.46;1.44;1.77;92;70;58;35;12;75;33;28;1.74;1.65;3.39;1671;32;Y;Y;Y;Y;N;N;Y
469369;882;883;2018/2019;complete;3670;31;-1;5,89;;2;0;2;5;3;8;0;1;3;1;0;0;5;5;6;4;11;9;15;19;52;48;3;1;1.61;3.4;4.95;1.05;1.38;2.2;4.05;8;7.25;2.75;1.59;1.19;1.04;2.15;1.61;0;0;0;0;1.12;1.33;1.95;2.3;2;5.5;2;2.4;5;0;0;0;0;0;0;0;0;0;0;0;0;0;0;0;1.5;8;3.2;2.4;8;0;0;0;0;0;0;0;0;1.44;3.2;8.5;34;2.63;1.3;1.05;1;0;0;0;0;2;1;0;1;0;1;1;2019-05-05 12:00:00;882;0;39;12;19;0;1;1;2;1;3;2;3;5;0;1;3;0;1;3;1;54;40;133;126;1.45;1.23;2.68;0;0;0;0;0;0;1;1;1;0;1;0;0;0;-1;-1;-1;-1;-1;-1;-1;-1;-1;0;27;38;62;89;19;62;81;31;6.42;2.31;3.7;2.15;Pyunik;Shirak;1.44;0.81;1.23;1;1.81;1.3;100;74;62;38;12;33;25;25;1.6;1.43;3.03;1671;32;Y;Y;N;N;N;N;N
469370;881;1362;2018/2019;complete;3670;31;-1;6,19;89;2;1;3;8;4;12;0;2;1;1;0;0;8;4;3;3;11;7;14;11;38;62;1;1;4.12;3.38;1.86;0;0;2.08;0;0;0;0;1.73;0;0;0;0;0;0;0;0;1.91;1.29;1.22;0;0;0;0;0;0;0;0;0;0;0;0;0;0;0;0;0;0;0;0;0;0;0;0;0;0;0;0;0;0;0;0;0;0;0;0;0;0;0;0;0;0;0;0;0;0;3;2;0;0;1;1;2;2019-05-04 11:00:00;881;0;35;16;16;0;1;1;2;3;6;1;5;7;0;0;1;1;0;2;1;63;121;115;170;1.72;1.61;3.33;0;0;0;0;0;0;1;1;1;0;2;2;0;0;-1;-1;-1;-1;-1;-1;-1;-1;-1;8;23;42;62;89;35;58;73;27;11.11;2;4.37;2.39;Gandzasar;FC Avan Academy;1.19;2.19;1.15;2.23;1.04;1.81;92;77;58;38;12;56;43;39;1.6;1.5;3.1;1671;32;Y;Y;Y;N;N;N;Y
469371;885;1360;2018/2019;complete;3670;31;-1;11,67;45;2;1;3;6;7;13;3;0;2;3;1;1;9;8;4;8;13;16;14;11;45;55;4;5;2.5;3;2.5;1.06;1.4;2.25;4.2;8.5;7;2.7;1.56;1.18;1.04;1.95;1.74;0;0;0;0;1.4;1.3;1.44;3.3;1.91;3.3;3;2.25;3;0;0;0;0;0;0;0;0;0;0;0;0;0;0;0;2;7.5;2.1;4;4.2;0;0;0;0;0;0;0;0;1.44;3.2;8.5;34;2.63;1.3;1.05;1;0;0;0;0;3;1;1;1;0;1;2;2019-05-06 12:00:00;885;0;31;8;20;0;1;1;2;2;4;5;4;9;0;3;3;1;3;4;1;95;85;121;134;2.14;2.19;4.32;1;0;1;0;0;0;1;1;0;0;0;0;0;1;-1;-1;-1;-1;-1;-1;-1;-1;-1;15;27;42;62;85;31;70;58;31;6.51;0.61;3.49;2.5;Ararat;Artsakh;0.75;0.5;0.46;0.38;0.56;0.81;85;73;58;39;15;39;26;26;1.2;1.34;2.54;1671;32;Y;Y;Y;N;N;N;Y
469372;1360;882;2018/2019;complete;3670;32;-1;;9,23,39;0;3;3;3;6;9;3;1;0;0;0;0;5;8;10;9;15;17;5;5;54;46;0;0;5.5;4.08;1.54;1.05;1.32;2;3.26;7.5;8.5;3.04;1.8;1.28;1.07;2;1.73;0;0;0;0;2.5;1.25;1.12;5.25;2.2;2.17;5;2.5;1.91;0;0;1.4;1.73;2.3;3.2;4.5;2.7;1.95;1.53;1.29;1.15;0;0;0;3.1;9.5;1.44;9;2.3;0;0;0;0;0;0;0;0;1.4;2.95;7.5;17;2.75;1.35;1.06;1;0;0;0;0;3;0;3;0;0;0;3;2019-05-10 12:00:00;882;0;59;19;33;0;1;-1;0;5;3;1;5;4;0;0;0;0;0;0;1;100;80;177;137;2.03;2.22;4.25;-1;-1;-1;-1;-1;-1;-1;1;0;1;0;1;-1;-1;-1;-1;-1;-1;-1;-1;-1;-1;-1;11;22;44;67;82;19;45;78;40;6.97;1.01;4.5;2.29;Artsakh;Pyunik;1.25;2.31;1.23;2.36;0.78;1.86;89;78;56;34;19;43;32;32;1.58;1.65;3.23;1671;32;Y;Y;Y;N;N;N;N
469373;884;885;2018/2019;complete;3670;32;-1;14;31;1;1;2;2;3;5;1;4;0;0;0;0;4;6;1;4;5;10;12;17;57;43;0;0;1.34;5.05;7.5;1.02;1.17;1.65;2.5;4.5;11;4.5;2.2;1.5;1.17;1.8;1.91;0;0;0;0;1.1;1.17;3;1.73;2.5;6.5;1.62;3;5.5;0;0;1.3;1.6;2.05;2.8;3.9;3.1;2.15;1.67;1.36;1.2;0;0;0;1.3;15;3.6;2.3;13;0;0;0;0;0;0;0;0;1.25;2.25;5.5;11;3.5;1.57;1.13;1.02;0;0;0;0;2;1;1;0;0;0;2;2019-05-10 15:30:00;-1;0;41;4;26;0;1;-1;0;3;2;0;3;2;0;0;0;0;0;0;1;72;56;137;110;1.14;1.47;2.6;-1;-1;-1;-1;-1;-1;-1;1;0;0;0;0;-1;-1;-1;-1;-1;-1;-1;-1;-1;-1;-1;8;30;52;67;89;26;63;74;49;7.83;1.96;3.97;2.49;Banants;Ararat;1.75;0.63;2.08;0.64;1.81;0.64;93;70;48;34;11;28;16;12;1.61;1.15;2.76;1671;32;Y;Y;N;N;N;N;Y
469374;883;881;2018/2019;complete;3670;32;-1;;;0;0;0;6;3;9;1;1;0;0;0;0;2;5;7;4;9;9;8;14;45;55;0;0;2.05;3.2;3.4;1.01;1.35;2.3;4.33;7.5;6.75;2.8;1.6;1.16;1.01;1.91;1.65;0;0;0;0;1.3;1.36;1.73;2.65;1.91;4.3;2.49;2.23;3.92;0;0;0;0;0;0;0;0;0;0;0;0;0;0;0;1.71;7;2.45;3.1;5;0;0;0;0;0;0;0;0;1.47;3.3;9.5;34;2.49;1.29;1.04;1;0;0;0;0;0;0;0;0;0;0;0;2019-05-11 11:00:00;-1;0;18;4;4;0;1;-1;0;1;6;2;1;8;0;0;0;0;0;0;1;34;62;121;138;0.97;1.38;2.36;0;0;0;0;0;0;1;1;0;0;0;0;-1;-1;-1;-1;-1;-1;-1;-1;-1;-1;-1;0;8;22;56;75;19;56;49;22;9.46;0.29;3.98;1.61;Shirak;Gandzasar;1.44;1.19;1.57;0.92;1.25;1.11;100;93;78;44;26;46;35;27;1.43;1.55;2.98;1671;32;N;N;N;N;N;N;N
469375;1362;96;2018/2019;complete;3670;32;-1;78,88;45;2;1;3;3;4;7;1;4;3;1;0;1;7;3;7;8;14;11;11;12;58;42;3;3;1.95;3.4;3.2;1.02;1.26;1.83;3.1;0;9;3.45;1.83;1.3;1.09;1.74;1.95;0;0;0;0;1.3;1.3;1.8;0;0;0;0;0;0;0;0;0;0;0;0;0;0;0;0;0;0;0;0;0;0;0;0;0;0;0;0;0;0;0;0;0;0;0;0;0;0;0;0;0;0;0;0;0;0;3;0;1;2;0;2;1;2019-05-12 13:00:00;1362;0;40;15;19;0;1;1;1;3;2;1;4;3;1;1;2;1;2;3;1;90;55;152;126;2.03;1.31;3.35;1;0;1;0;0;0;1;1;0;0;0;1;0;0;-1;-1;-1;-1;-1;-1;-1;-1;-1;11;26;33;51;82;22;48;70;26;9.79;2.49;4.98;2.05;FC Avan Academy;Alashkert;1.63;1.25;1.43;1.46;1.75;1.7;89;75;68;49;18;35;26;26;1.69;1.67;3.36;1671;32;Y;Y;Y;N;N;N;Y
469376;96;883;2018/2019;complete;3670;33;-1;73;;1;0;1;3;8;11;1;1;0;0;0;0;8;7;8;4;16;11;13;6;54;46;0;0;1.69;3.25;4.5;1.06;1.41;2.3;4.25;7.5;6.95;2.65;1.54;1.17;1.04;2.15;1.61;0;0;0;0;1.17;1.25;2.2;2.27;2.13;5.15;2;2.4;4.5;0;0;0;0;2.22;0;0;0;0;1.64;0;0;0;0;0;1.53;8.5;3;2.62;7;0;0;0;0;0;0;0;0;1.4;3.05;8;21;2.74;1.33;1.06;1;0;0;0;0;1;0;0;1;0;1;0;2019-05-15 13:00:00;96;0;40;11;21;0;1;-1;0;5;3;3;5;6;0;0;0;0;0;0;1;77;74;161;126;2.14;1.73;3.87;-1;-1;-1;-1;-1;-1;-1;1;0;0;0;2;-1;-1;-1;-1;-1;-1;-1;-1;-1;-1;-1;4;25;40;61;90;18;64;72;40;6.61;2.79;3.41;2.22;Alashkert;Shirak;1.94;0.81;1.93;0.93;1.64;1.24;97;75;61;40;11;34;22;22;1.65;1.42;3.07;1671;32;Y;N;N;N;N;N;N
469377;882;884;2018/2019;complete;3670;33;-1;47;55;1;1;2;4;2;6;-1;-1;-1;-1;-1;-1;2;2;9;6;11;8;-1;-1;50;50;-1;-1;2.15;3.2;2.9;1.03;1.27;1.87;3.2;7;8.75;3.35;1.8;1.29;1.09;1.71;2;0;0;0;0;1.13;1.25;2.1;2.25;2.1;5;2;2.5;4.5;0;0;0;0;0;0;0;0;0;0;0;0;0;0;0;1.5;9;2.88;3.25;6.5;0;0;0;0;0;0;0;0;1.36;2.88;6.5;15;2.88;1.36;1.08;1.01;0;0;0;0;2;0;0;1;1;2;0;2019-05-15 13:00:00;-1;0;40;7;22;0;1;-1;3;1;1;1;4;2;-1;-1;-1;-1;-1;-1;1;71;58;106;91;1.35;1.07;2.42;-1;-1;-1;-1;-1;-1;-1;1;0;0;1;0;-1;-1;-1;-1;-1;-1;-1;-1;-1;-1;-1;4;22;40;64;93;25;71;75;29;8.93;1.72;4.34;2.25;Pyunik;Banants;1.44;1.5;1.36;1.57;1.9;1.79;97;79;61;36;7;59;33;30;1.59;1.64;3.23;1671;32;Y;Y;N;N;N;N;Y
469378;885;1361;2018/2019;complete;3670;33;-1;70;;1;0;1;1;4;5;-1;-1;2;1;0;0;5;4;7;9;12;13;-1;-1;50;50;2;1;2.35;3.05;2.7;1.04;1.34;2.1;3.8;7.5;7.5;2.9;1.65;1.21;1.05;1.87;1.83;0;0;0;0;1.5;1.36;1.44;3.14;2.12;3.18;2.88;2.3;3;0;0;0;0;0;0;0;0;0;0;0;0;0;0;0;2.07;6.95;2.1;3.9;4.75;0;0;0;0;0;0;0;0;1.37;2.86;8;21;2.88;1.37;1.06;1;0;0;0;0;1;0;0;1;0;1;0;2019-05-14 12:00:00;885;0;47;11;33;0;1;1;0;0;1;4;0;5;1;1;1;0;2;1;1;77;81;133;157;1.67;1.7;3.37;0;0;0;0;0;0;1;1;0;0;0;0;0;0;-1;-1;-1;-1;-1;-1;-1;-1;-1;11;25;50;64;83;29;57;61;40;7.47;1.29;3.39;2.47;Ararat;Lori;0.75;1.31;0.64;1.43;0.66;1.39;90;75;50;36;18;31;23;20;1.28;1.77;3.05;1671;32;Y;N;N;N;N;N;N
469379;881;1360;2018/2019;complete;3670;33;-1;;17;0;1;1;6;2;8;2;1;4;2;0;1;3;2;7;0;10;2;23;13;62;38;4;4;2.25;3.1;2.8;1.04;1.31;2;3.55;7.5;8;3.05;1.71;1.24;1.07;1.8;1.91;0;0;0;0;1.4;1.3;1.57;3.2;1.91;3.5;2.8;2.2;3.2;0;0;0;0;2.12;0;0;0;0;1.71;0;0;0;0;0;1.83;8.5;2.1;3.8;5;0;0;0;0;0;0;0;0;1.44;3.25;8;17;2.62;1.33;1.06;1.01;0;0;0;0;1;0;1;0;0;0;1;2019-05-14 12:00:00;1360;0;33;11;14;0;1;1;1;1;5;1;2;6;2;1;2;2;3;4;1;89;16;136;100;1.49;0.41;1.9;0;0;0;0;0;0;1;1;0;0;0;1;0;0;-1;-1;-1;-1;-1;-1;-1;-1;-1;11;18;47;68;86;33;68;68;29;9.61;1.5;4.5;2.36;Gandzasar;Artsakh;1.19;0.5;1.29;0.36;1.11;0.75;90;83;54;33;14;66;46;42;1.61;1.4;3.01;1671;32;Y;N;N;N;N;N;N
469380;1361;882;2018/2019;complete;3670;34;-1;51,82;49,70;2;2;4;1;3;4;2;2;0;0;0;0;6;5;8;3;14;8;11;16;46;54;0;0;6.6;4.05;1.36;1.02;1.26;1.83;3.1;5.5;9;3.45;1.83;1.3;1.09;2;1.69;0;0;0;0;2.75;1.22;1.07;6.6;2.34;1.9;6;2.75;1.73;0;0;0;0;0;0;0;0;0;0;0;0;0;0;0;3.6;10;1.33;11;2.15;0;0;0;0;0;0;0;0;1.33;2.71;7;15;3.05;1.41;1.07;1.01;0;0;0;0;4;0;0;2;2;4;0;2019-05-20 11:00:00;-1;0;55;7;35;0;1;-1;0;1;1;2;1;3;0;0;0;0;0;0;1;33;43;123;132;1.56;1.19;2.74;-1;-1;-1;-1;-1;-1;-1;1;0;0;0;0;-1;-1;-1;-1;-1;-1;-1;-1;-1;-1;-1;10;32;55;72;90;17;56;87;55;9.1;1.16;4;2.62;Lori;Pyunik;1.44;2.31;1.36;2.4;1.34;1.87;90;69;45;28;10;54;27;19;1.65;1.69;3.34;1671;32;Y;Y;Y;Y;N;N;Y
469381;884;881;2018/2019;complete;3670;34;-1;;5,11,24,35,90;0;5;5;1;1;2;3;1;1;2;1;0;5;6;11;5;16;11;16;13;56;44;2;2;1.67;3.55;4.1;1.01;1.21;1.69;2.75;5.5;10;3.85;2;1.38;1.13;1.67;2.05;0;0;0;0;1.14;1.22;2.25;2.26;2.27;4.5;2.07;2.59;4.25;0;0;0;1.66;2.22;0;0;0;2.19;1.64;0;0;0;0;0;1.59;8.4;2.81;2.8;8.5;0;0;0;0;0;0;0;0;1.31;2.58;6.5;13;3.18;1.44;1.08;1.01;0;0;0;0;5;0;4;0;1;1;4;2019-05-18 15:30:00;881;0;29;7;14;0;1;1;0;1;1;0;1;1;0;1;2;1;1;3;1;108;55;177;113;2.15;1.52;3.67;0;0;0;0;0;0;1;1;0;1;0;0;0;0;-1;-1;-1;-1;-1;-1;-1;-1;-1;4;22;36;64;83;21;64;61;36;10.86;1.5;3.81;2.11;Banants;Gandzasar;1.75;1.19;2;0.93;1.76;1.07;97;79;65;36;18;54;39;29;1.57;1.53;3.1;1671;32;Y;Y;Y;Y;Y;N;N
469382;883;1362;2018/2019;complete;3670;34;-1;;8;0;1;1;4;7;11;-1;-1;1;0;0;0;3;4;2;6;5;10;-1;-1;50;50;1;0;4;3;1.95;0;0;2.4;0;0;0;0;1.53;0;0;0;0;0;0;0;0;1.8;1.36;1.22;0;0;0;0;0;0;0;0;0;0;0;0;0;0;0;0;0;0;0;0;0;0;0;0;0;0;0;0;0;0;0;0;0;0;0;0;0;0;0;0;0;0;0;0;0;0;1;0;1;0;0;0;1;2019-05-19 11:00:00;1362;0;32;11;4;0;1;1;1;2;3;5;3;8;0;0;1;0;0;1;1;48;51;133;135;0.9;1.3;2.19;0;0;0;0;0;0;1;1;0;1;0;2;0;0;-1;-1;-1;-1;-1;-1;-1;-1;-1;4;15;35;56;77;32;52;60;21;8.61;0.26;3.29;1.96;Shirak;FC Avan Academy;1.44;2.19;1.53;2.07;1.2;1.79;97;86;65;45;24;36;25;25;1.39;1.51;2.9;1671;32;Y;N;N;N;N;N;N
469383;1360;96;2018/2019;complete;3670;34;-1;49;90;1;1;2;4;3;7;3;0;2;1;0;0;5;4;14;5;19;9;13;7;64;36;2;1;5.25;3.5;1.56;1.05;1.36;2.15;3.95;8;7.5;2.85;1.61;1.2;1.05;2.15;1.62;0;0;0;0;2.25;1.25;1.17;5.3;2.08;2.3;5;2.4;2;0;0;0;1.58;2.18;0;0;0;2.31;1.67;0;0;0;0;0;3.1;8;1.5;9;2.3;0;0;0;0;0;0;0;0;1.44;3.24;8.5;34;2.61;1.3;1.05;1;0;0;0;0;2;0;0;1;1;2;0;2019-05-19 12:00:00;-1;0;40;18;14;0;-1;1;-1;-1;-1;-1;-1;-1;1;0;1;1;1;2;1;114;42;186;88;2.38;1.16;3.54;0;0;0;0;0;0;1;1;0;0;-1;-1;0;0;-1;-1;-1;-1;-1;-1;-1;-1;-1;7;14;25;50;83;22;47;68;21;8.1;1.5;4.17;1.82;Artsakh;Alashkert;1.25;1.25;1.14;1.36;0.83;1.69;93;86;75;50;18;40;23;23;1.62;1.64;3.26;1671;32;Y;Y;N;N;N;N;Y
469384;96;884;2018/2019;complete;3670;35;-1;39;90;1;1;2;3;5;8;3;4;0;0;0;0;6;6;5;5;11;11;15;10;48;52;0;0;1.67;3.3;4.5;1.05;1.38;2.2;4.15;8;7;2.75;1.57;1.18;1.04;2.1;1.65;0;0;0;0;1.14;1.33;2.1;2.38;2.08;4.9;2;2.4;5;0;0;0;0;0;0;0;0;0;0;0;0;0;0;0;1.5;8;3.1;2.5;7;0;0;0;0;0;0;0;0;1.44;3.25;9.5;34;2.63;1.29;1.04;1;0;0;0;0;2;1;0;0;1;1;1;2019-05-24 13:00:00;-1;0;43;7;27;0;1;-1;2;0;1;5;2;6;0;0;0;0;0;0;1;72;67;100;103;1.64;1.6;3.24;-1;-1;-1;-1;-1;-1;-1;1;0;0;1;0;-1;-1;-1;-1;-1;-1;-1;-1;-1;-1;-1;7;20;40;60;94;24;67;67;40;8.73;2.13;3.91;2.27;Alashkert;Banants;1.94;1.5;2;1.53;1.67;1.7;93;80;60;40;7;60;34;30;1.69;1.6;3.29;1671;32;Y;Y;N;N;N;N;Y
469385;1362;1360;2018/2019;complete;3670;35;-1;7,48;;2;0;2;2;2;4;-1;-1;-1;-1;-1;-1;8;2;10;6;18;8;-1;-1;50;50;-1;-1;1.31;4.6;7;1.01;1.19;1.65;2.65;0;10.5;4.05;2.1;1.42;1.14;1.95;1.74;0;0;0;0;1.05;1.14;3.5;0;0;0;0;0;0;0;0;0;0;0;0;0;0;0;0;0;0;0;0;0;0;0;0;0;0;0;0;0;0;0;0;0;0;0;0;0;0;0;0;0;0;0;0;0;0;2;1;0;1;0;1;1;2019-05-24 13:00:00;1362;0;44;17;17;0;1;-1;1;0;1;2;1;3;-1;-1;-1;-1;-1;-1;1;77;54;153;141;2.26;1.06;3.32;-1;-1;-1;-1;-1;-1;-1;1;1;0;0;0;-1;-1;-1;-1;-1;-1;-1;-1;-1;-1;-1;13;30;54;70;84;33;70;67;34;7.9;1.93;4.98;2.54;FC Avan Academy;Artsakh;1.63;0.5;1.53;0.53;1.83;0.83;87;70;47;30;17;45;38;38;1.72;1.33;3.05;1671;32;Y;Y;N;N;N;N;N
469386;881;1361;2018/2019;complete;3670;35;-1;79;42;1;1;2;4;4;8;2;6;2;2;0;0;4;3;3;5;7;8;17;16;50;50;2;2;2.25;3;2.85;1.04;1.33;2.05;3.7;7.5;7.75;2.95;1.67;1.22;1.06;1.83;1.87;0;0;0;0;1.28;1.25;1.45;2.89;2.06;3.65;2.66;2.31;3.38;0;0;0;0;0;0;0;0;0;0;0;0;0;0;0;1.95;6.75;2.26;3.7;4.75;0;0;0;0;0;0;0;0;1.4;3.2;8;17;2.75;1.3;1.06;1.02;0;0;0;0;2;0;1;1;0;1;1;2019-05-25 13:00:00;-1;0;40;7;27;0;-1;1;-1;-1;-1;-1;-1;-1;1;1;1;1;2;2;1;51;68;106;132;1.1;1.22;2.32;0;0;0;0;0;0;1;1;0;0;-1;-1;0;0;-1;-1;-1;-1;-1;-1;-1;-1;-1;7;17;47;64;84;24;54;67;37;10.06;1.93;4.04;2.2;Gandzasar;Lori;1.19;1.31;1.2;1.33;1.13;1.33;93;84;54;37;17;49;35;28;1.6;1.76;3.36;1671;32;Y;Y;N;N;N;N;Y
469387;882;885;2018/2019;complete;3670;35;-1;33,39;43;2;1;3;2;4;6;5;1;1;2;0;0;7;6;7;2;14;8;15;6;50;50;1;2;1.32;4.35;7;1.01;1.21;1.71;2.8;6;10;3.8;2;1.37;1.12;1.95;1.74;0;0;0;0;1.08;1.2;3;1.84;2.39;6.95;1.62;2.88;6.5;0;0;0;0;0;0;0;0;0;0;0;0;0;0;0;1.3;12;3.75;2.15;13;0;0;0;0;0;0;0;0;1.3;2.59;6.5;13;3.22;1.44;1.08;1.01;0;0;0;0;3;2;1;0;0;0;3;2019-05-26 13:00:00;882;0;40;10;24;0;1;1;1;2;1;2;3;3;0;1;1;1;1;2;1;48;37;145;132;1.74;1.21;2.95;0;0;0;0;0;0;1;1;0;0;0;0;0;0;-1;-1;-1;-1;-1;-1;-1;-1;-1;4;20;40;67;97;30;67;77;34;6.85;2.94;4.07;2.27;Pyunik;Ararat;1.44;0.63;1.33;0.67;1.84;0.73;97;80;60;33;4;22;15;15;1.57;1.18;2.75;1671;32;Y;Y;Y;N;N;N;Y
469388;885;881;2018/2019;complete;3670;36;-1;54;5,13,19,21,30,68,77;1;7;8;1;6;7;-1;-1;1;2;0;0;-1;-1;-1;-1;-1;-1;-1;-1;-1;-1;1;2;2.15;3.05;3;1.02;1.25;1.83;3.05;5.4;9;3.5;1.87;1.31;1.1;1.65;2.05;0;0;0;0;1.24;1.23;1.54;2.7;2.05;3.6;2.5;2.5;3.25;0;0;0;0;0;0;0;0;0;0;0;0;0;0;0;1.77;9.25;2.2;3.8;5.8;0;0;0;0;0;0;0;0;1.34;2.87;6;13;2.94;1.35;1.1;1.02;0;0;0;0;8;0;5;1;2;3;5;2019-05-30 13:00:00;881;0;27;10;17;0;-1;1;-1;-1;-1;-1;-1;-1;0;1;1;1;1;2;1;44;59;89;77;0;0;0;1;1;1;1;0;0;1;1;0;1;-1;-1;0;1;-1;-1;-1;-1;-1;-1;-1;-1;-1;10;24;34;57;84;30;64;57;24;8.88;1.33;3.99;2.2;Ararat;Gandzasar;0.75;1.19;0.8;1.07;0.71;1.13;90;77;67;44;17;49;38;32;1.31;1.53;2.84;1671;32;Y;Y;Y;Y;Y;Y;Y
469389;1361;96;2018/2019;complete;3670;36;-1;21,36,52;42,90;3;2;5;3;1;4;-1;-1;0;1;0;0;-1;-1;-1;-1;-1;-1;-1;-1;-1;-1;0;1;3.15;3.05;2.1;1.04;1.34;2.1;3.8;7.25;7.5;2.9;1.65;1.21;1.05;1.87;1.83;0;0;0;0;1.54;1.25;1.22;3.75;1.91;2.9;3.6;2.15;2.62;0;0;0;0;0;0;0;0;0;0;0;0;0;0;0;2.35;7.25;1.74;5;3.6;0;0;0;0;0;0;0;0;1.45;3.19;8;17;2.57;1.28;1.06;1;0;0;0;0;5;2;1;1;1;2;3;2019-05-30 13:00:00;1361;0;43;7;23;0;-1;1;-1;-1;-1;-1;-1;-1;0;0;0;1;0;1;1;53;57;99;104;0;0;0;0;0;0;0;0;0;1;1;0;0;-1;-1;0;0;-1;-1;-1;-1;-1;-1;-1;-1;-1;7;27;33;57;90;14;50;83;44;9.62;1.47;3.75;2.17;Lori;Alashkert;1.44;1.25;1.33;1.33;1.32;1.65;93;73;67;44;10;43;20;12;1.64;1.6;3.24;1671;32;Y;Y;Y;Y;Y;N;Y
469390;884;1362;2018/2019;complete;3670;36;-1;;52;0;1;1;3;3;6;0;2;3;1;0;0;2;5;4;5;6;10;16;15;50;50;3;1;6.02;5.27;1.41;0;0;0;0;0;0;0;0;0;0;0;0;0;0;0;0;0;0;0;0;0;0;0;0;0;0;0;0;0;0;0;0;0;0;0;0;0;0;0;0;0;0;0;0;0;0;0;0;0;0;0;0;0;0;0;0;0;0;0;0;0;0;0;0;0;1;0;0;0;1;1;0;2019-05-30 13:00:00;1362;0;40;14;14;0;-1;1;-1;-1;-1;-1;-1;-1;1;0;2;1;1;3;1;77;60;117;110;1.09;1.42;2.51;0;1;0;1;0;0;1;1;0;0;-1;-1;0;0;-1;-1;-1;-1;-1;-1;-1;-1;-1;10;30;50;67;90;37;67;73;34;9.91;1.4;3.31;2.6;Banants;FC Avan Academy;1.75;2.19;1.87;2.13;1.68;1.87;90;70;50;34;10;40;33;30;1.61;1.5;3.11;1671;32;Y;N;N;N;N;N;N
469391;1360;883;2018/2019;complete;3670;36;-1;7,66,75;72,90;3;2;5;0;8;8;-1;-1;5;1;1;0;-1;-1;-1;-1;-1;-1;-1;-1;-1;-1;6;1;3;2.45;2.6;1.09;1.56;2.7;5.35;9.75;5.8;2.25;1.39;1.11;1.01;2.15;1.59;0;0;0;0;1.42;1.36;1.2;4.2;1.62;3.8;3.3;2.1;3.08;0;0;0;0;0;0;0;0;0;0;0;0;0;0;0;2.22;5.25;2.17;0;0;0;0;0;0;0;0;0;0;1.59;3.55;10.5;41;2.21;1.25;1.03;1;0;0;0;0;5;1;0;2;2;4;1;2019-05-30 13:00:00;1360;0;47;20;24;0;-1;1;-1;-1;-1;-1;-1;-1;4;0;2;1;4;3;1;15;84;104;156;0;0;0;1;0;1;0;0;0;1;1;1;0;-1;-1;0;0;-1;-1;-1;-1;-1;-1;-1;-1;-1;4;27;33;64;80;23;50;74;30;5.86;1.33;3.37;2.07;Artsakh;Shirak;1.25;0.81;1.13;0.87;0.81;1.16;97;74;67;37;20;43;33;33;1.67;1.44;3.11;1671;32;Y;Y;Y;Y;Y;N;Y
