ID;HOMEID;AWAYID;SEASON;STATUS;ROUNDID;GAME_WEEK;REVISED_GAME_WEEK;HOMEGOALS;AWAYGOALS;HOMEGOALCOUNT;AWAYGOALCOUNT;TOTALGOALCOUNT;TEAM_A_CORNERS;TEAM_B_CORNERS;TOTALCORNERCOUNT;TEAM_A_OFFSIDES;TEAM_B_OFFSIDES;TEAM_A_YELLOW_CARDS;TEAM_B_YELLOW_CARDS;TEAM_A_RED_CARDS;TEAM_B_RED_CARDS;TEAM_A_SHOTSONTARGET;TEAM_B_SHOTSONTARGET;TEAM_A_SHOTSOFFTARGET;TEAM_B_SHOTSOFFTARGET;TEAM_A_SHOTS;TEAM_B_SHOTS;TEAM_A_FOULS;TEAM_B_FOULS;TEAM_A_POSSESSION;TEAM_B_POSSESSION;TEAM_A_CARDS_NUM;TEAM_B_CARDS_NUM;ODDS_FT_1;ODDS_FT_X;ODDS_FT_2;ODDS_FT_OVER05;ODDS_FT_OVER15;ODDS_FT_OVER25;ODDS_FT_OVER35;ODDS_FT_OVER45;ODDS_FT_UNDER05;ODDS_FT_UNDER15;ODDS_FT_UNDER25;ODDS_FT_UNDER35;ODDS_FT_UNDER45;ODDS_BTTS_YES;ODDS_BTTS_NO;ODDS_TEAM_A_CS_YES;ODDS_TEAM_A_CS_NO;ODDS_TEAM_B_CS_YES;ODDS_TEAM_B_CS_NO;ODDS_DOUBLECHANCE_1X;ODDS_DOUBLECHANCE_12;ODDS_DOUBLECHANCE_X2;ODDS_1ST_HALF_RESULT_1;ODDS_1ST_HALF_RESULT_X;ODDS_1ST_HALF_RESULT_2;ODDS_2ND_HALF_RESULT_1;ODDS_2ND_HALF_RESULT_X;ODDS_2ND_HALF_RESULT_2;ODDS_DNB_1;ODDS_DNB_2;ODDS_CORNERS_OVER_75;ODDS_CORNERS_OVER_85;ODDS_CORNERS_OVER_95;ODDS_CORNERS_OVER_105;ODDS_CORNERS_OVER_115;ODDS_CORNERS_UNDER_75;ODDS_CORNERS_UNDER_85;ODDS_CORNERS_UNDER_95;ODDS_CORNERS_UNDER_105;ODDS_CORNERS_UNDER_115;ODDS_CORNERS_1;ODDS_CORNERS_X;ODDS_CORNERS_2;ODDS_TEAM_TO_SCORE_FIRST_1;ODDS_TEAM_TO_SCORE_FIRST_X;ODDS_TEAM_TO_SCORE_FIRST_2;ODDS_WIN_TO_NIL_1;ODDS_WIN_TO_NIL_2;ODDS_1ST_HALF_OVER05;ODDS_1ST_HALF_OVER15;ODDS_1ST_HALF_OVER25;ODDS_1ST_HALF_OVER35;ODDS_1ST_HALF_UNDER05;ODDS_1ST_HALF_UNDER15;ODDS_1ST_HALF_UNDER25;ODDS_1ST_HALF_UNDER35;ODDS_2ND_HALF_OVER05;ODDS_2ND_HALF_OVER15;ODDS_2ND_HALF_OVER25;ODDS_2ND_HALF_OVER35;ODDS_2ND_HALF_UNDER05;ODDS_2ND_HALF_UNDER15;ODDS_2ND_HALF_UNDER25;ODDS_2ND_HALF_UNDER35;ODDS_BTTS_1ST_HALF_YES;ODDS_BTTS_1ST_HALF_NO;ODDS_BTTS_2ND_HALF_YES;ODDS_BTTS_2ND_HALF_NO;OVERALLGOALCOUNT;HT_GOALS_TEAM_A;HT_GOALS_TEAM_B;GOALS_2HG_TEAM_A;GOALS_2HG_TEAM_B;GOALCOUNT_2HG;HTGOALCOUNT;DATE_UNIX;WINNINGTEAM;NO_HOME_AWAY;BTTS_POTENTIAL;BTTS_FHG_POTENTIAL;BTTS_2HG_POTENTIAL;GOALTIMINGDISABLED;CORNER_TIMINGS_RECORDED;CARD_TIMINGS_RECORDED;TEAM_A_FH_CORNERS;TEAM_B_FH_CORNERS;TEAM_A_2H_CORNERS;TEAM_B_2H_CORNERS;CORNER_FH_COUNT;CORNER_2H_COUNT;TEAM_A_FH_CARDS;TEAM_B_FH_CARDS;TEAM_A_2H_CARDS;TEAM_B_2H_CARDS;TOTAL_FH_CARDS;TOTAL_2H_CARDS;ATTACKS_RECORDED;TEAM_A_DANGEROUS_ATTACKS;TEAM_B_DANGEROUS_ATTACKS;TEAM_A_ATTACKS;TEAM_B_ATTACKS;TEAM_A_XG;TEAM_B_XG;TOTAL_XG;TEAM_A_PENALTIES_WON;TEAM_B_PENALTIES_WON;TEAM_A_PENALTY_GOALS;TEAM_B_PENALTY_GOALS;TEAM_A_PENALTY_MISSED;TEAM_B_PENALTY_MISSED;PENS_RECORDED;GOAL_TIMINGS_RECORDED;TEAM_A_0_10_MIN_GOALS;TEAM_B_0_10_MIN_GOALS;TEAM_A_CORNERS_0_10_MIN;TEAM_B_CORNERS_0_10_MIN;TEAM_A_CARDS_0_10_MIN;TEAM_B_CARDS_0_10_MIN;THROWINS_RECORDED;TEAM_A_THROWINS;TEAM_B_THROWINS;FREEKICKS_RECORDED;TEAM_A_FREEKICKS;TEAM_B_FREEKICKS;GOALKICKS_RECORDED;TEAM_A_GOALKICKS;TEAM_B_GOALKICKS;O45_POTENTIAL;O35_POTENTIAL;O25_POTENTIAL;O15_POTENTIAL;O05_POTENTIAL;O15HT_POTENTIAL;O05HT_POTENTIAL;O05_2H_POTENTIAL;O15_2H_POTENTIAL;CORNERS_POTENTIAL;OFFSIDES_POTENTIAL;CARDS_POTENTIAL;AVG_POTENTIAL;HOME_NAME;AWAY_NAME;HOME_PPG;AWAY_PPG;PRE_MATCH_HOME_PPG;PRE_MATCH_AWAY_PPG;PRE_MATCH_TEAMA_OVERALL_PPG;PRE_MATCH_TEAMB_OVERALL_PPG;U45_POTENTIAL;U35_POTENTIAL;U25_POTENTIAL;U15_POTENTIAL;U05_POTENTIAL;CORNERS_O85_POTENTIAL;CORNERS_O95_POTENTIAL;CORNERS_O105_POTENTIAL;TEAM_A_XG_PREMATCH;TEAM_B_XG_PREMATCH;TOTAL_XG_PREMATCH;COMPETITION_ID;MATCHES_COMPLETED_MINIMUM;OVER05;OVER15;OVER25;OVER35;OVER45;OVER55;BTTS
43448;884;885;2013/2014;complete;193;1;-1;;;0;0;0;-1;-1;-1;-1;-1;1;0;0;0;-1;-1;-1;-1;-1;-1;-1;-1;-1;-1;1;0;0;0;0;0;0;0;0;0;0;0;0;0;0;0;0;0;0;0;0;0;0;0;0;0;0;0;0;0;0;0;0;0;0;0;0;0;0;0;0;0;0;0;0;0;0;0;0;0;0;0;0;0;0;0;0;0;0;0;0;0;0;0;0;0;0;0;0;0;0;0;0;0;0;0;0;2013-08-03 14:00:00;-1;0;0;0;0;0;-1;1;-1;-1;-1;-1;-1;-1;0;0;1;0;0;1;-1;0;0;0;0;0;0;0;0;0;0;0;0;0;1;1;0;0;-1;-1;0;0;-1;-1;-1;-1;-1;-1;-1;-1;-1;0;0;0;0;0;0;0;0;0;0;0;0;0;Banants;Ararat;2.36;1.79;0;0;0;0;0;0;0;0;0;0;0;0;0;0;0;135;28;N;N;N;N;N;N;N
43449;886;96;2013/2014;complete;193;1;-1;55;78;1;1;2;-1;-1;-1;-1;-1;0;3;0;0;-1;-1;-1;-1;-1;-1;-1;-1;-1;-1;0;3;0;0;0;0;0;0;0;0;0;0;0;0;0;0;0;0;0;0;0;0;0;0;0;0;0;0;0;0;0;0;0;0;0;0;0;0;0;0;0;0;0;0;0;0;0;0;0;0;0;0;0;0;0;0;0;0;0;0;0;0;0;0;0;0;0;0;0;0;2;0;0;1;1;2;0;2013-08-03 15:00:00;-1;0;0;0;0;0;-1;1;-1;-1;-1;-1;-1;-1;0;2;0;1;2;1;-1;0;0;0;0;0;0;0;0;0;0;0;0;0;1;1;0;0;-1;-1;0;1;-1;-1;-1;-1;-1;-1;-1;-1;-1;0;0;0;0;0;0;0;0;0;0;0;0;0;Ulisses;Alashkert;1.07;0.79;0;0;0;0;0;0;0;0;0;0;0;0;0;0;0;135;28;Y;Y;N;N;N;N;Y
43450;883;881;2013/2014;complete;193;1;-1;31,90;13,33,83;2;3;5;3;2;5;1;1;1;2;0;0;4;4;9;4;13;8;17;18;50;50;1;2;0;0;0;0;0;0;0;0;0;0;0;0;0;0;0;0;0;0;0;0;0;0;0;0;0;0;0;0;0;0;0;0;0;0;0;0;0;0;0;0;0;0;0;0;0;0;0;0;0;0;0;0;0;0;0;0;0;0;0;0;0;0;0;0;0;0;0;0;5;1;2;1;1;2;3;2013-08-04 14:00:00;881;0;0;0;0;0;-1;1;-1;-1;-1;-1;-1;-1;1;0;0;2;1;2;-1;0;0;0;0;0;0;0;0;0;0;0;0;0;1;1;0;0;-1;-1;0;0;-1;-1;-1;-1;-1;-1;-1;-1;-1;0;0;0;0;0;0;0;0;0;0;0;0;0;Shirak;Gandzasar;1.79;1;0;0;0;0;0;0;0;0;0;0;0;0;0;0;0;135;28;Y;Y;Y;Y;Y;N;Y
43451;882;887;2013/2014;complete;193;1;-1;17;20;1;1;2;3;6;9;5;3;3;1;0;0;3;5;7;7;10;12;11;16;49;51;3;1;0;0;0;0;0;0;0;0;0;0;0;0;0;0;0;0;0;0;0;0;0;0;0;0;0;0;0;0;0;0;0;0;0;0;0;0;0;0;0;0;0;0;0;0;0;0;0;0;0;0;0;0;0;0;0;0;0;0;0;0;0;0;0;0;0;0;0;0;2;1;1;0;0;0;2;2013-08-04 15:00:00;-1;0;0;0;0;0;-1;1;-1;-1;-1;-1;-1;-1;1;1;2;0;2;2;-1;0;0;0;0;0;0;0;0;0;0;0;0;0;1;1;0;0;-1;-1;0;0;-1;-1;-1;-1;-1;-1;-1;-1;-1;0;0;0;0;0;0;0;0;0;0;0;0;0;Pyunik;Mika;1.43;1.64;0;0;0;0;0;0;0;0;0;0;0;0;0;0;0;135;28;Y;Y;N;N;N;N;Y
43452;884;886;2013/2014;complete;193;2;-1;33,73;18;2;1;3;6;1;7;2;1;5;1;0;0;5;2;10;2;15;4;17;15;49;51;5;1;0;0;0;0;0;0;0;0;0;0;0;0;0;0;0;0;0;0;0;0;0;0;0;0;0;0;0;0;0;0;0;0;0;0;0;0;0;0;0;0;0;0;0;0;0;0;0;0;0;0;0;0;0;0;0;0;0;0;0;0;0;0;0;0;0;0;0;0;3;1;1;1;0;1;2;2013-08-17 13:00:00;884;0;0;0;0;0;-1;1;-1;-1;-1;-1;-1;-1;1;0;4;1;1;5;-1;0;0;0;0;0;0;0;0;0;0;0;0;0;1;1;0;0;-1;-1;0;0;-1;-1;-1;-1;-1;-1;-1;-1;-1;0;0;0;0;0;0;0;0;0;0;0;1;0;Banants;Ulisses;2.36;0.71;1;0;1;1;50;50;50;50;50;0;0;0;0;0;0;135;28;Y;Y;Y;N;N;N;Y
43453;885;887;2013/2014;complete;193;2;-1;;73;0;1;1;5;3;8;7;2;2;0;0;0;4;3;8;3;12;6;19;11;47;53;2;0;0;0;0;0;0;0;0;0;0;0;0;0;0;0;0;0;0;0;0;0;0;0;0;0;0;0;0;0;0;0;0;0;0;0;0;0;0;0;0;0;0;0;0;0;0;0;0;0;0;0;0;0;0;0;0;0;0;0;0;0;0;0;0;0;0;0;0;0;1;0;0;0;1;1;0;2013-08-17 15:00:00;887;0;50;50;0;0;-1;1;-1;-1;-1;-1;-1;-1;2;0;0;0;2;0;-1;0;0;0;0;0;0;0;0;0;0;0;0;0;1;1;0;0;-1;-1;1;0;-1;-1;-1;-1;-1;-1;-1;-1;-1;0;0;0;50;50;50;50;0;0;6;3;1;1;Ararat;Mika;1.36;1.64;0;1;1;1;50;50;50;0;0;50;0;0;0;0;0;135;28;Y;N;N;N;N;N;N
43454;881;882;2013/2014;complete;193;2;-1;80,90;17,29,75;2;3;5;7;3;10;5;1;2;1;0;0;8;2;6;3;14;5;11;12;49;51;2;1;0;0;0;0;0;0;0;0;0;0;0;0;0;0;0;0;0;0;0;0;0;0;0;0;0;0;0;0;0;0;0;0;0;0;0;0;0;0;0;0;0;0;0;0;0;0;0;0;0;0;0;0;0;0;0;0;0;0;0;0;0;0;0;0;0;0;0;0;5;0;2;2;1;3;2;2013-08-18 13:00:00;882;0;0;0;0;0;-1;1;-1;-1;-1;-1;-1;-1;0;1;2;0;1;2;-1;0;0;0;0;0;0;0;0;0;0;0;0;0;1;1;0;0;-1;-1;0;0;-1;-1;-1;-1;-1;-1;-1;-1;-1;0;0;0;0;0;0;0;0;0;0;0;0;0;Gandzasar;Pyunik;1.5;0.86;0;0;3;1;0;0;0;0;0;0;0;0;0;0;0;135;28;Y;Y;Y;Y;Y;N;Y
43455;96;883;2013/2014;complete;193;2;-1;42;38;1;1;2;4;8;12;0;4;4;0;0;0;3;13;4;7;7;20;14;11;53;47;4;0;0;0;0;0;0;0;0;0;0;0;0;0;0;0;0;0;0;0;0;0;0;0;0;0;0;0;0;0;0;0;0;0;0;0;0;0;0;0;0;0;0;0;0;0;0;0;0;0;0;0;0;0;0;0;0;0;0;0;0;0;0;0;0;0;0;0;0;0;2;1;1;0;0;0;2;2013-08-18 15:00:00;-1;0;0;0;0;0;-1;1;-1;-1;-1;-1;-1;-1;2;0;2;0;2;2;-1;0;0;0;0;0;0;0;0;0;0;0;0;0;1;1;0;0;-1;-1;0;0;-1;-1;-1;-1;-1;-1;-1;-1;-1;0;0;0;0;0;0;0;0;0;0;0;0;0;Alashkert;Shirak;0.93;1.57;0;0;1;0;0;0;0;0;0;0;0;0;0;0;0;135;28;Y;Y;N;N;N;N;Y
43456;886;885;2013/2014;complete;193;3;-1;;40;0;1;1;5;7;12;0;3;1;2;0;0;5;8;6;9;11;17;14;14;51;49;1;2;0;0;0;0;0;0;0;0;0;0;0;0;0;0;0;0;0;0;0;0;0;0;0;0;0;0;0;0;0;0;0;0;0;0;0;0;0;0;0;0;0;0;0;0;0;0;0;0;0;0;0;0;0;0;0;0;0;0;0;0;0;0;0;0;0;0;0;0;1;0;1;0;0;0;1;2013-08-24 15:00:00;885;0;50;0;50;0;-1;1;-1;-1;-1;-1;-1;-1;1;0;0;2;1;2;-1;0;0;0;0;0;0;0;0;0;0;0;0;0;1;1;0;0;-1;-1;0;0;-1;-1;-1;-1;-1;-1;-1;-1;-1;0;0;0;50;50;0;0;50;50;0;0;0;1;Ulisses;Ararat;1.07;1.79;1;1;0.5;0.5;100;100;100;50;50;0;0;0;0;0;0;135;28;Y;N;N;N;N;N;N
43457;882;96;2013/2014;complete;193;3;-1;22,43,87;64;3;1;4;7;1;8;1;3;0;1;0;0;2;6;5;4;7;10;15;12;47;53;0;1;0;0;0;0;0;0;0;0;0;0;0;0;0;0;0;0;0;0;0;0;0;0;0;0;0;0;0;0;0;0;0;0;0;0;0;0;0;0;0;0;0;0;0;0;0;0;0;0;0;0;0;0;0;0;0;0;0;0;0;0;0;0;0;0;0;0;0;0;4;2;0;1;1;2;2;2013-08-24 15:00:00;882;0;100;50;50;0;-1;1;-1;-1;-1;-1;-1;-1;0;0;0;1;0;1;-1;0;0;0;0;0;0;0;0;0;0;0;0;0;1;1;0;0;-1;-1;0;0;-1;-1;-1;-1;-1;-1;-1;-1;-1;0;0;0;100;100;50;50;50;50;3;4;6;2;Pyunik;Alashkert;1.43;0.79;1;1;2;1;100;100;100;0;0;50;0;0;0;0;0;135;28;Y;Y;Y;Y;N;N;Y
43458;883;884;2013/2014;complete;193;3;-1;43,65;32;2;1;3;3;1;4;1;4;2;4;0;0;6;3;4;6;10;9;18;8;48;52;2;4;0;0;0;0;0;0;0;0;0;0;0;0;0;0;0;0;0;0;0;0;0;0;0;0;0;0;0;0;0;0;0;0;0;0;0;0;0;0;0;0;0;0;0;0;0;0;0;0;0;0;0;0;0;0;0;0;0;0;0;0;0;0;0;0;0;0;0;0;3;1;1;1;0;1;2;2013-08-25 13:00:00;883;0;50;50;50;0;-1;1;-1;-1;-1;-1;-1;-1;0;1;2;3;1;5;-1;0;0;0;0;0;0;0;1;1;1;1;0;0;1;1;0;0;-1;-1;0;0;-1;-1;-1;-1;-1;-1;-1;-1;-1;50;50;50;50;50;50;50;50;50;3;1;1;2.5;Shirak;Banants;1.79;1.21;0;0;0.5;2;0;0;0;0;0;0;0;0;0;0;0;135;28;Y;Y;Y;N;N;N;Y
43459;887;881;2013/2014;complete;193;3;-1;80;76;1;1;2;7;2;9;2;4;1;1;0;0;5;4;6;10;11;14;20;16;53;47;1;1;0;0;0;0;0;0;0;0;0;0;0;0;0;0;0;0;0;0;0;0;0;0;0;0;0;0;0;0;0;0;0;0;0;0;0;0;0;0;0;0;0;0;0;0;0;0;0;0;0;0;0;0;0;0;0;0;0;0;0;0;0;0;0;0;0;0;0;0;2;0;0;1;1;2;0;2013-08-25 13:00:00;-1;0;50;50;50;0;-1;1;-1;-1;-1;-1;-1;-1;1;0;0;1;1;1;-1;0;0;0;0;0;0;0;1;0;1;0;0;0;1;1;0;0;-1;-1;0;0;-1;-1;-1;-1;-1;-1;-1;-1;-1;50;50;50;50;50;50;50;50;50;2;1;2;2.5;Mika;Gandzasar;1.71;1;0;3;2;1.5;0;0;0;0;0;0;0;0;0;0;0;135;28;Y;Y;N;N;N;N;Y
43460;884;882;2013/2014;complete;193;4;-1;12,60;15,82;2;2;4;1;7;8;1;2;1;4;0;0;4;2;3;10;7;12;17;15;50;50;1;4;0;0;0;0;0;0;0;0;0;0;0;0;0;0;0;0;0;0;0;0;0;0;0;0;0;0;0;0;0;0;0;0;0;0;0;0;0;0;0;0;0;0;0;0;0;0;0;0;0;0;0;0;0;0;0;0;0;0;0;0;0;0;0;0;0;0;0;0;4;1;1;1;1;2;2;2013-08-31 13:00:00;-1;0;75;25;50;0;-1;1;-1;-1;-1;-1;-1;-1;0;2;1;2;2;3;-1;0;0;0;0;0;0;0;1;0;1;0;0;0;1;1;0;0;-1;-1;0;0;-1;-1;-1;-1;-1;-1;-1;-1;-1;50;50;75;75;75;75;75;75;50;9;1.5;4;3.25;Banants;Pyunik;2.36;0.86;2;3;1.33;2.33;50;50;25;25;25;50;50;0;0;0;0;135;28;Y;Y;Y;Y;N;N;Y
43461;885;881;2013/2014;complete;193;4;-1;16,39,77;58,90;3;2;5;3;4;7;0;1;2;0;0;0;5;3;7;9;12;12;22;17;49;51;2;0;0;0;0;0;0;0;0;0;0;0;0;0;0;0;0;0;0;0;0;0;0;0;0;0;0;0;0;0;0;0;0;0;0;0;0;0;0;0;0;0;0;0;0;0;0;0;0;0;0;0;0;0;0;0;0;0;0;0;0;0;0;0;0;0;0;0;0;0;5;2;0;1;2;3;2;2013-08-31 15:00:00;885;0;50;25;50;0;-1;1;-1;-1;-1;-1;-1;-1;0;0;2;0;0;2;-1;0;0;0;0;0;0;0;0;0;0;0;0;0;1;1;0;0;-1;-1;0;0;-1;-1;-1;-1;-1;-1;-1;-1;-1;25;25;25;50;100;25;25;100;50;7;9.5;3.5;2.25;Ararat;Gandzasar;1.36;1;0;2;1.33;1.33;75;75;75;50;0;25;0;0;0;0;0;135;28;Y;Y;Y;Y;Y;N;Y
43462;886;883;2013/2014;complete;193;4;-1;;9,86,87;0;3;3;4;2;6;1;2;2;1;1;1;3;4;5;5;8;9;13;26;52;48;4;3;0;0;0;0;0;0;0;0;0;0;0;0;0;0;0;0;0;0;0;0;0;0;0;0;0;0;0;0;0;0;0;0;0;0;0;0;0;0;0;0;0;0;0;0;0;0;0;0;0;0;0;0;0;0;0;0;0;0;0;0;0;0;0;0;0;0;0;0;3;0;1;0;2;2;1;2013-08-31 15:00:00;883;0;75;50;25;0;-1;1;-1;-1;-1;-1;-1;-1;1;1;2;1;2;3;-1;0;0;0;0;0;0;0;0;0;0;0;0;0;1;1;0;1;-1;-1;0;0;-1;-1;-1;-1;-1;-1;-1;-1;-1;0;0;0;75;100;50;75;25;25;13;3.5;0.5;1.75;Ulisses;Shirak;1.07;1.57;0.5;1;0.33;1.33;100;100;100;25;0;100;100;100;0;0;0;135;28;Y;Y;Y;N;N;N;N
43463;96;887;2013/2014;complete;193;4;-1;78;7,79;1;2;3;3;8;11;3;2;4;3;0;0;3;6;4;4;7;10;12;13;49;51;4;3;0;0;0;0;0;0;0;0;0;0;0;0;0;0;0;0;0;0;0;0;0;0;0;0;0;0;0;0;0;0;0;0;0;0;0;0;0;0;0;0;0;0;0;0;0;0;0;0;0;0;0;0;0;0;0;0;0;0;0;0;0;0;0;0;0;0;0;0;3;0;1;1;1;2;1;2013-09-01 13:00:00;887;0;75;75;0;0;-1;1;-1;-1;-1;-1;-1;-1;1;0;3;3;1;6;-1;0;0;0;0;0;0;0;0;0;0;0;0;0;1;1;0;1;-1;-1;1;0;-1;-1;-1;-1;-1;-1;-1;-1;-1;0;0;0;75;100;75;75;25;0;8.5;2.5;4.5;1.75;Alashkert;Mika;0.93;1.64;1;2;0.67;1.67;100;100;100;25;0;75;50;50;0;0;0;135;28;Y;Y;Y;N;N;N;Y
43464;883;885;2013/2014;complete;193;5;-1;51;44;1;1;2;6;1;7;1;0;1;3;0;0;10;5;4;7;14;12;8;17;52;48;1;3;0;0;0;0;0;0;0;0;0;0;0;0;0;0;0;0;0;0;0;0;0;0;0;0;0;0;0;0;0;0;0;0;0;0;0;0;0;0;0;0;0;0;0;0;0;0;0;0;0;0;0;0;0;0;0;0;0;0;0;0;0;0;0;0;0;0;0;0;2;0;1;1;0;1;1;2013-09-14 13:00:00;-1;0;50;50;25;0;-1;1;-1;-1;-1;-1;-1;-1;0;0;1;3;0;4;-1;0;0;0;0;0;0;0;0;0;0;0;0;0;1;1;0;0;-1;-1;0;0;-1;-1;-1;-1;-1;-1;-1;-1;-1;25;25;50;50;75;50;75;50;25;10;2;2.5;2.25;Shirak;Ararat;1.79;1.79;1.5;2;1.75;1.75;75;75;50;50;25;50;50;50;0;0;0;135;28;Y;Y;N;N;N;N;Y
43465;887;884;2013/2014;complete;193;5;-1;;;0;0;0;3;0;3;3;3;2;2;0;0;0;6;9;2;9;8;13;15;48;52;2;2;0;0;0;0;0;0;0;0;0;0;0;0;0;0;0;0;0;0;0;0;0;0;0;0;0;0;0;0;0;0;0;0;0;0;0;0;0;0;0;0;0;0;0;0;0;0;0;0;0;0;0;0;0;0;0;0;0;0;0;0;0;0;0;0;0;0;0;0;0;0;0;0;0;0;0;2013-09-14 13:00:00;-1;0;100;50;50;0;-1;1;-1;-1;-1;-1;-1;-1;0;1;2;1;1;3;-1;0;0;0;0;0;0;0;0;0;0;0;0;0;1;1;0;0;-1;-1;0;0;-1;-1;-1;-1;-1;-1;-1;-1;-1;0;0;50;100;100;50;50;100;50;8;6;5;2.5;Mika;Banants;1.71;1.21;1;0;2;1.25;100;100;50;0;0;50;0;0;0;0;0;135;28;N;N;N;N;N;N;N
43466;881;96;2013/2014;complete;193;5;-1;14,22,42,49,58,67,72,78,86;44,80;9;2;11;6;5;11;3;1;2;5;0;0;5;3;3;8;8;11;25;18;51;49;2;5;0;0;0;0;0;0;0;0;0;0;0;0;0;0;0;0;0;0;0;0;0;0;0;0;0;0;0;0;0;0;0;0;0;0;0;0;0;0;0;0;0;0;0;0;0;0;0;0;0;0;0;0;0;0;0;0;0;0;0;0;0;0;0;0;0;0;0;0;11;3;1;6;1;7;4;2013-09-14 13:00:00;881;0;100;0;100;0;-1;1;-1;-1;-1;-1;-1;-1;1;4;1;1;5;2;-1;0;0;0;0;0;0;0;1;1;1;1;0;0;1;1;0;0;-1;-1;0;0;-1;-1;-1;-1;-1;-1;-1;-1;-1;50;75;75;100;100;75;75;100;100;8;6;4;4;Gandzasar;Alashkert;1.5;0.79;0;0.5;1;0.5;50;25;25;0;0;50;50;0;0;0;0;135;28;Y;Y;Y;Y;Y;Y;Y
43467;882;886;2013/2014;complete;193;5;-1;16,72,90;37,39,46;3;3;6;7;3;10;0;1;2;1;0;0;3;4;8;1;11;5;6;10;49;51;2;1;0;0;0;0;0;0;0;0;0;0;0;0;0;0;0;0;0;0;0;0;0;0;0;0;0;0;0;0;0;0;0;0;0;0;0;0;0;0;0;0;0;0;0;0;0;0;0;0;0;0;0;0;0;0;0;0;0;0;0;0;0;0;0;0;0;0;0;0;6;1;2;2;1;3;3;2013-09-14 15:00:00;-1;0;100;75;25;0;-1;1;-1;-1;-1;-1;-1;-1;1;0;1;1;1;2;-1;0;0;0;0;0;0;0;1;0;1;0;0;0;1;1;0;0;-1;-1;0;0;-1;-1;-1;-1;-1;-1;-1;-1;-1;0;25;75;100;100;100;100;75;25;6;4;2.5;3;Pyunik;Ulisses;1.43;0.71;2;0;2;0.25;100;75;25;0;0;25;0;0;0;0;0;135;28;Y;Y;Y;Y;Y;Y;Y
43468;883;882;2013/2014;complete;193;6;-1;;36,75;0;2;2;5;2;7;3;3;2;2;0;0;13;3;16;6;29;9;15;17;50;50;2;2;0;0;0;0;0;0;0;0;0;0;0;0;0;0;0;0;0;0;0;0;0;0;0;0;0;0;0;0;0;0;0;0;0;0;0;0;0;0;0;0;0;0;0;0;0;0;0;0;0;0;0;0;0;0;0;0;0;0;0;0;0;0;0;0;0;0;0;0;2;0;1;0;1;1;1;2013-09-21 12:00:00;882;0;100;59;67;0;-1;1;-1;-1;-1;-1;-1;-1;1;2;1;0;3;1;-1;0;0;0;0;0;0;0;0;0;0;0;0;0;1;1;0;0;-1;-1;0;0;-1;-1;-1;-1;-1;-1;-1;-1;-1;42;67;84;100;100;84;100;100;67;9;2.5;3.83;3.92;Shirak;Pyunik;1.79;0.86;1.33;2;1.6;1.8;59;34;17;0;0;25;25;0;0;0;0;135;28;Y;Y;N;N;N;N;N
43469;885;96;2013/2014;complete;193;6;-1;17,36,44,79,81;;5;0;5;10;4;14;3;0;0;2;0;0;7;6;5;0;12;6;13;13;51;49;0;2;0;0;0;0;0;0;0;0;0;0;0;0;0;0;0;0;0;0;0;0;0;0;0;0;0;0;0;0;0;0;0;0;0;0;0;0;0;0;0;0;0;0;0;0;0;0;0;0;0;0;0;0;0;0;0;0;0;0;0;0;0;0;0;0;0;0;0;0;5;3;0;2;0;2;3;2013-09-21 15:00:00;885;0;75;17;75;0;-1;1;-1;-1;-1;-1;-1;-1;0;0;0;2;0;2;-1;0;0;0;0;0;0;0;0;0;0;0;0;0;1;1;0;0;-1;-1;0;0;-1;-1;-1;-1;-1;-1;-1;-1;-1;42;59;59;75;100;59;59;100;75;7;4.5;5;4.34;Ararat;Alashkert;1.36;0.79;1.5;0.33;1.6;0.4;59;42;42;25;0;25;25;25;0;0;0;135;28;Y;Y;Y;Y;Y;N;N
43470;884;881;2013/2014;complete;193;6;-1;;;0;0;0;8;4;12;0;0;0;1;0;0;4;4;6;9;10;13;8;19;49;51;0;1;0;0;0;0;0;0;0;0;0;0;0;0;0;0;0;0;0;0;0;0;0;0;0;0;0;0;0;0;0;0;0;0;0;0;0;0;0;0;0;0;0;0;0;0;0;0;0;0;0;0;0;0;0;0;0;0;0;0;0;0;0;0;0;0;0;0;0;0;0;0;0;0;0;0;0;2013-09-22 12:00:00;-1;0;84;50;67;0;-1;1;-1;-1;-1;-1;-1;-1;0;0;0;1;0;1;-1;0;0;0;0;0;0;0;0;0;0;0;0;0;1;1;0;0;-1;-1;0;0;-1;-1;-1;-1;-1;-1;-1;-1;-1;34;50;67;84;84;67;67;84;67;6.17;2.67;3.33;3.17;Banants;Gandzasar;2.36;1;1.67;1.33;1.2;1.4;67;50;33;17;17;17;0;0;0;0;0;135;28;N;N;N;N;N;N;N
43471;886;887;2013/2014;complete;193;6;-1;72;90;1;1;2;5;5;10;5;1;1;2;1;0;6;3;4;4;10;7;19;13;51;49;3;2;0;0;0;0;0;0;0;0;0;0;0;0;0;0;0;0;0;0;0;0;0;0;0;0;0;0;0;0;0;0;0;0;0;0;0;0;0;0;0;0;0;0;0;0;0;0;0;0;0;0;0;0;0;0;0;0;0;0;0;0;0;0;0;0;0;0;0;0;2;0;0;1;1;2;0;2013-09-22 15:00:00;-1;0;50;17;33;0;-1;1;-1;-1;-1;-1;-1;-1;1;2;1;0;3;1;-1;0;0;0;0;0;0;0;0;0;0;0;0;0;1;1;0;0;-1;-1;0;0;-1;-1;-1;-1;-1;-1;-1;-1;-1;0;0;33;67;100;17;67;67;50;10.17;2.33;3;2;Ulisses;Mika;1.07;1.64;0.33;2.33;0.4;1.8;100;100;67;33;0;59;42;42;0;0;0;135;28;Y;Y;N;N;N;N;Y
43472;881;886;2013/2014;complete;193;7;-1;10;;1;0;1;2;3;5;0;0;1;0;0;0;5;4;3;4;8;8;5;9;48;52;1;0;0;0;0;0;0;0;0;0;0;0;0;0;0;0;0;0;0;0;0;0;0;0;0;0;0;0;0;0;0;0;0;0;0;0;0;0;0;0;0;0;0;0;0;0;0;0;0;0;0;0;0;0;0;0;0;0;0;0;0;0;0;0;0;0;0;0;0;0;1;1;0;0;0;0;1;2013-09-27 11:00:00;881;0;100;75;75;0;-1;1;-1;-1;-1;-1;-1;-1;0;0;1;0;0;1;-1;0;0;0;0;0;0;0;0;0;0;0;0;0;1;1;1;0;-1;-1;0;0;-1;-1;-1;-1;-1;-1;-1;-1;-1;75;75;100;100;100;100;100;100;75;8.5;5;3;6.25;Gandzasar;Ulisses;1.5;0.71;1.5;0.5;1.33;0.5;25;25;0;0;0;75;75;25;0;0;0;135;28;Y;N;N;N;N;N;N
43473;887;883;2013/2014;complete;193;7;-1;1,89;7,39;2;2;4;4;3;7;1;1;2;0;0;0;4;4;4;4;8;8;12;12;53;47;2;0;0;0;0;0;0;0;0;0;0;0;0;0;0;0;0;0;0;0;0;0;0;0;0;0;0;0;0;0;0;0;0;0;0;0;0;0;0;0;0;0;0;0;0;0;0;0;0;0;0;0;0;0;0;0;0;0;0;0;0;0;0;0;0;0;0;0;0;0;4;1;2;1;0;1;3;2013-09-28 11:00:00;-1;0;50;25;25;0;-1;1;-1;-1;-1;-1;-1;-1;2;0;0;0;2;0;-1;0;0;0;0;0;0;0;0;0;0;0;0;0;1;1;1;1;-1;-1;0;0;-1;-1;-1;-1;-1;-1;-1;-1;-1;0;0;25;75;75;25;50;50;50;10;5.5;3;1.75;Mika;Shirak;1.71;1.57;1;2;1.67;1.33;100;100;75;25;25;50;25;25;0;0;0;135;28;Y;Y;Y;Y;N;N;Y
43474;882;885;2013/2014;complete;193;7;-1;;47;0;1;1;5;3;8;1;2;0;1;0;1;5;3;6;3;11;6;12;15;49;51;0;3;0;0;0;0;0;0;0;0;0;0;0;0;0;0;0;0;0;0;0;0;0;0;0;0;0;0;0;0;0;0;0;0;0;0;0;0;0;0;0;0;0;0;0;0;0;0;0;0;0;0;0;0;0;0;0;0;0;0;0;0;0;0;0;0;0;0;0;0;1;0;0;0;1;1;0;2013-09-28 14:00:00;885;0;67;34;34;0;-1;1;-1;-1;-1;-1;-1;-1;0;0;0;2;0;2;-1;0;0;0;0;0;0;0;0;0;0;0;0;0;1;1;0;0;-1;-1;0;0;-1;-1;-1;-1;-1;-1;-1;-1;-1;17;34;34;67;84;50;84;50;34;9.67;2.67;3.34;2.5;Pyunik;Ararat;1.43;1.79;1.67;1.67;2;1.83;84;67;67;34;17;59;42;25;0;0;0;135;28;Y;N;N;N;N;N;N
43475;96;884;2013/2014;complete;193;7;-1;33,81;5,63;2;2;4;3;12;15;4;3;4;2;0;0;4;7;3;7;7;14;13;19;51;49;4;2;0;0;0;0;0;0;0;0;0;0;0;0;0;0;0;0;0;0;0;0;0;0;0;0;0;0;0;0;0;0;0;0;0;0;0;0;0;0;0;0;0;0;0;0;0;0;0;0;0;0;0;0;0;0;0;0;0;0;0;0;0;0;0;0;0;0;0;0;4;1;1;1;1;2;2;2013-09-29 14:00:00;-1;0;75;50;25;0;-1;1;-1;-1;-1;-1;-1;-1;2;1;2;1;3;3;-1;0;0;0;0;0;0;0;0;0;0;0;0;0;1;1;0;1;-1;-1;0;1;-1;-1;-1;-1;-1;-1;-1;-1;-1;0;0;50;75;75;50;75;50;25;4;5;7;2;Alashkert;Banants;0.93;1.21;0.5;0.5;0.33;1.17;100;100;50;25;25;50;50;50;0;0;0;135;28;Y;Y;Y;Y;N;N;Y
43476;887;885;2013/2014;complete;193;9;-1;;85;0;1;1;3;7;10;3;0;2;2;0;0;2;5;3;6;5;11;14;17;53;47;2;2;0;0;0;0;0;0;0;0;0;0;0;0;0;0;0;0;0;0;0;0;0;0;0;0;0;0;0;0;0;0;0;0;0;0;0;0;0;0;0;0;0;0;0;0;0;0;0;0;0;0;0;0;0;0;0;0;0;0;0;0;0;0;0;0;0;0;0;0;1;0;0;0;1;1;0;2013-10-19 11:00:00;885;0;46;17;17;0;-1;1;-1;-1;-1;-1;-1;-1;2;1;0;1;3;1;-1;0;0;0;0;0;0;0;0;0;0;0;0;0;1;1;0;0;-1;-1;0;0;-1;-1;-1;-1;-1;-1;-1;-1;-1;0;17;17;46;71;17;42;59;17;8.34;3;3.67;1.5;Mika;Ararat;1.71;1.79;1;2;1.57;2;100;84;84;54;29;33;17;17;0;0;0;135;28;Y;N;N;N;N;N;N
43477;883;96;2013/2014;complete;193;9;-1;50,53,60,63,83;7,79;5;2;7;5;2;7;3;0;1;2;0;0;7;3;7;6;14;9;11;12;48;52;1;2;0;0;0;0;0;0;0;0;0;0;0;0;0;0;0;0;0;0;0;0;0;0;0;0;0;0;0;0;0;0;0;0;0;0;0;0;0;0;0;0;0;0;0;0;0;0;0;0;0;0;0;0;0;0;0;0;0;0;0;0;0;0;0;0;0;0;0;0;7;0;1;5;1;6;1;2013-10-19 11:00:00;883;0;75;38;50;0;-1;1;-1;-1;-1;-1;-1;-1;0;0;1;2;0;3;-1;0;0;0;0;0;0;0;0;0;0;0;0;0;1;1;0;1;-1;-1;0;0;-1;-1;-1;-1;-1;-1;-1;-1;-1;38;50;63;100;100;63;88;100;63;7.58;2.25;4.25;4.25;Shirak;Alashkert;1.79;0.79;1;0.25;1.29;0.43;63;50;38;0;0;34;34;34;0;0;0;135;28;Y;Y;Y;Y;Y;Y;Y
43478;882;881;2013/2014;complete;193;9;-1;24,77;26,90;2;2;4;4;5;9;0;2;2;3;0;0;3;3;7;5;10;8;7;12;52;48;2;3;0;0;0;0;0;0;0;0;0;0;0;0;0;0;0;0;0;0;0;0;0;0;0;0;0;0;0;0;0;0;0;0;0;0;0;0;0;0;0;0;0;0;0;0;0;0;0;0;0;0;0;0;0;0;0;0;0;0;0;0;0;0;0;0;0;0;0;0;4;1;1;1;1;2;2;2013-10-20 14:00:00;-1;0;75;38;63;0;-1;1;-1;-1;-1;-1;-1;-1;0;1;2;2;1;4;-1;0;0;0;0;0;0;0;0;0;0;0;0;0;1;1;0;0;-1;-1;0;0;-1;-1;-1;-1;-1;-1;-1;-1;-1;38;50;50;75;88;63;63;75;63;8.5;3.25;2.25;3.13;Pyunik;Gandzasar;1.43;1;1.25;1.25;1.71;1.57;63;50;50;25;13;50;25;13;0;0;0;135;28;Y;Y;Y;Y;N;N;Y
43479;886;884;2013/2014;complete;193;9;-1;51;;1;0;1;7;7;14;3;3;0;2;0;0;3;3;3;14;6;17;12;15;48;52;0;2;0;0;0;0;0;0;0;0;0;0;0;0;0;0;0;0;0;0;0;0;0;0;0;0;0;0;0;0;0;0;0;0;0;0;0;0;0;0;0;0;0;0;0;0;0;0;0;0;0;0;0;0;0;0;0;0;0;0;0;0;0;0;0;0;0;0;0;0;1;0;0;1;0;1;0;2013-10-20 14:00:00;886;0;59;34;42;0;-1;1;-1;-1;-1;-1;-1;-1;0;0;0;2;0;2;-1;0;0;0;0;0;0;0;0;0;0;0;0;0;1;1;0;0;-1;-1;0;0;-1;-1;-1;-1;-1;-1;-1;-1;-1;0;17;46;71;84;34;59;71;54;9;4.58;4.67;2.17;Ulisses;Banants;1.07;1.21;0.5;0.67;0.43;1.14;100;84;54;29;17;50;50;33;0;0;0;135;28;Y;N;N;N;N;N;N
43480;884;883;2013/2014;complete;193;10;-1;87;;1;0;1;4;3;7;1;3;0;4;0;0;5;8;5;7;10;15;8;14;51;49;0;4;0;0;0;0;0;0;0;0;0;0;0;0;0;0;0;0;0;0;0;0;0;0;0;0;0;0;0;0;0;0;0;0;0;0;0;0;0;0;0;0;0;0;0;0;0;0;0;0;0;0;0;0;0;0;0;0;0;0;0;0;0;0;0;0;0;0;0;0;1;0;0;1;0;1;0;2013-10-27 11:00:00;884;0;59;59;13;0;-1;1;-1;-1;-1;-1;-1;-1;0;1;0;3;1;3;-1;0;0;0;0;0;0;0;0;0;0;0;0;0;1;1;0;0;-1;-1;0;0;-1;-1;-1;-1;-1;-1;-1;-1;-1;0;29;59;75;75;59;75;59;29;9.33;2.83;2.75;2.38;Banants;Shirak;2.36;1.57;1.5;1.67;1;1.5;100;71;42;25;25;33;33;33;0;0;0;135;28;Y;N;N;N;N;N;N
43481;881;887;2013/2014;complete;193;10;-1;75;79;1;1;2;-1;-1;-1;-1;-1;1;1;0;0;-1;-1;-1;-1;-1;-1;-1;-1;-1;-1;1;1;0;0;0;0;0;0;0;0;0;0;0;0;0;0;0;0;0;0;0;0;0;0;0;0;0;0;0;0;0;0;0;0;0;0;0;0;0;0;0;0;0;0;0;0;0;0;0;0;0;0;0;0;0;0;0;0;0;0;0;0;0;0;0;0;0;0;0;0;2;0;0;1;1;2;0;2013-10-27 11:00:00;-1;0;71;29;59;0;-1;1;-1;-1;-1;-1;-1;-1;0;1;1;0;1;1;-1;0;0;0;0;0;0;0;0;0;0;0;0;0;1;1;0;0;-1;-1;0;0;-1;-1;-1;-1;-1;-1;-1;-1;-1;34;34;46;71;100;46;75;71;59;10.5;4.67;3.17;3.84;Gandzasar;Mika;1.5;1.64;2;2;1.5;1.38;67;67;54;29;0;71;59;29;0;0;0;135;28;Y;Y;N;N;N;N;Y
43482;885;886;2013/2014;complete;193;10;-1;19,24;;2;0;2;3;4;7;1;2;0;2;0;0;0;3;4;6;4;9;15;13;49;51;0;2;0;0;0;0;0;0;0;0;0;0;0;0;0;0;0;0;0;0;0;0;0;0;0;0;0;0;0;0;0;0;0;0;0;0;0;0;0;0;0;0;0;0;0;0;0;0;0;0;0;0;0;0;0;0;0;0;0;0;0;0;0;0;0;0;0;0;0;0;2;2;0;0;0;0;2;2013-10-27 14:00:00;885;0;50;34;33;0;-1;1;-1;-1;-1;-1;-1;-1;0;1;0;1;1;1;-1;0;0;0;0;0;0;0;0;0;0;0;0;0;1;1;0;0;-1;-1;0;0;-1;-1;-1;-1;-1;-1;-1;-1;-1;50;50;67;67;100;67;84;84;50;8.33;4;2;3.5;Ararat;Ulisses;1.36;0.71;2;0.33;2.13;0.75;50;50;33;33;0;33;33;17;0;0;0;135;28;Y;Y;N;N;N;N;N
43483;96;882;2013/2014;complete;193;10;-1;;5,25,35,77,90;0;5;5;3;6;9;4;6;0;0;0;0;2;5;3;11;5;16;12;10;48;52;0;0;0;0;0;0;0;0;0;0;0;0;0;0;0;0;0;0;0;0;0;0;0;0;0;0;0;0;0;0;0;0;0;0;0;0;0;0;0;0;0;0;0;0;0;0;0;0;0;0;0;0;0;0;0;0;0;0;0;0;0;0;0;0;0;0;0;0;0;0;5;0;3;0;2;2;3;2013-10-27 14:00:00;882;0;84;50;67;0;-1;-1;-1;-1;-1;-1;-1;-1;0;0;0;0;0;0;-1;0;0;0;0;0;0;0;0;0;0;0;0;0;1;1;0;1;-1;-1;-1;-1;-1;-1;-1;-1;-1;-1;-1;-1;-1;17;50;67;100;100;67;100;84;67;7.33;4.33;6.33;3.34;Alashkert;Pyunik;0.93;0.86;0.67;2.33;0.38;1.63;84;50;33;0;0;67;67;50;0;0;0;135;28;Y;Y;Y;Y;Y;N;N
43484;881;883;2013/2014;complete;193;8;-1;42,68;;2;0;2;-1;-1;-1;-1;-1;3;0;0;0;-1;-1;-1;-1;-1;-1;-1;-1;-1;-1;3;0;0;0;0;0;0;0;0;0;0;0;0;0;0;0;0;0;0;0;0;0;0;0;0;0;0;0;0;0;0;0;0;0;0;0;0;0;0;0;0;0;0;0;0;0;0;0;0;0;0;0;0;0;0;0;0;0;0;0;0;0;0;0;0;0;0;0;0;0;2;1;0;1;0;1;1;2013-10-30 11:00:00;881;0;63;38;38;0;-1;1;-1;-1;-1;-1;-1;-1;2;0;1;0;2;1;-1;0;0;0;0;0;0;0;0;0;0;0;0;0;1;1;0;0;-1;-1;0;0;-1;-1;-1;-1;-1;-1;-1;-1;-1;25;38;50;75;100;50;75;75;50;9;4.25;3.25;3.63;Gandzasar;Shirak;1.5;1.57;1.75;1.25;1.44;1.33;75;63;50;25;0;46;46;29;0;0;0;135;28;Y;Y;N;N;N;N;N
43485;887;882;2013/2014;complete;193;8;-1;35,58,77;;3;0;3;7;2;9;1;0;1;3;0;0;2;3;3;6;5;9;15;14;46;54;1;3;0;0;0;0;0;0;0;0;0;0;0;0;0;0;0;0;0;0;0;0;0;0;0;0;0;0;0;0;0;0;0;0;0;0;0;0;0;0;0;0;0;0;0;0;0;0;0;0;0;0;0;0;0;0;0;0;0;0;0;0;0;0;0;0;0;0;0;0;3;1;0;2;0;2;1;2013-10-30 11:00:00;887;0;50;25;38;0;-1;1;-1;-1;-1;-1;-1;-1;0;1;1;2;1;3;-1;0;0;0;0;0;0;0;0;0;0;0;0;0;1;1;0;0;-1;-1;0;0;-1;-1;-1;-1;-1;-1;-1;-1;-1;25;50;50;75;88;50;63;88;50;8.75;5.25;3.5;2.88;Mika;Pyunik;1.71;0.86;0.75;2.5;1.33;1.78;75;50;50;25;13;50;25;0;0;0;0;135;28;Y;Y;Y;N;N;N;N
43486;885;884;2013/2014;complete;193;8;-1;;;0;0;0;2;1;3;4;2;4;2;0;1;5;3;10;3;15;6;18;24;63;37;4;4;0;0;0;0;0;0;0;0;0;0;0;0;0;0;0;0;0;0;0;0;0;0;0;0;0;0;0;0;0;0;0;0;0;0;0;0;0;0;0;0;0;0;0;0;0;0;0;0;0;0;0;0;0;0;0;0;0;0;0;0;0;0;0;0;0;0;0;0;0;0;0;0;0;0;0;2013-10-30 14:00:00;-1;0;38;25;25;0;-1;1;-1;-1;-1;-1;-1;-1;1;1;3;2;2;5;-1;0;0;0;0;0;0;0;0;0;0;0;0;0;1;1;0;0;-1;-1;1;0;-1;-1;-1;-1;-1;-1;-1;-1;-1;25;38;50;63;88;63;63;75;38;10.25;6;3.5;2.63;Ararat;Banants;1.36;1.21;2.25;0.5;2.22;1.22;75;63;50;38;13;38;38;38;0;0;0;135;28;N;N;N;N;N;N;N
43487;96;886;2013/2014;complete;193;8;-1;78;67,88;1;2;3;6;7;13;2;1;3;1;0;0;4;5;5;10;9;15;11;8;45;55;3;1;0;0;0;0;0;0;0;0;0;0;0;0;0;0;0;0;0;0;0;0;0;0;0;0;0;0;0;0;0;0;0;0;0;0;0;0;0;0;0;0;0;0;0;0;0;0;0;0;0;0;0;0;0;0;0;0;0;0;0;0;0;0;0;0;0;0;0;0;3;0;0;1;2;3;0;2013-10-30 14:00:00;886;0;63;50;38;0;-1;1;-1;-1;-1;-1;-1;-1;1;1;2;0;2;2;-1;0;0;0;0;0;0;0;0;0;0;0;0;0;1;1;0;0;-1;-1;0;0;-1;-1;-1;-1;-1;-1;-1;-1;-1;25;38;63;88;100;75;100;63;50;6;3.75;4;3.25;Alashkert;Ulisses;0.93;0.71;0.5;0.25;0.33;0.67;75;63;38;13;0;63;50;38;0;0;0;135;28;Y;Y;Y;N;N;N;Y
43488;881;885;2013/2014;complete;193;11;-1;;67;0;1;1;5;5;10;3;2;1;2;1;1;4;0;12;5;16;5;10;25;54;46;3;4;0;0;0;0;0;0;0;0;0;0;0;0;0;0;0;0;0;0;0;0;0;0;0;0;0;0;0;0;0;0;0;0;0;0;0;0;0;0;0;0;0;0;0;0;0;0;0;0;0;0;0;0;0;0;0;0;0;0;0;0;0;0;0;0;0;0;0;0;1;0;0;0;1;1;0;2013-11-02 11:00:00;885;0;40;10;30;0;-1;1;-1;-1;-1;-1;-1;-1;0;0;2;3;0;5;-1;0;0;0;0;0;0;0;0;0;0;0;0;0;1;1;0;0;-1;-1;0;0;-1;-1;-1;-1;-1;-1;-1;-1;-1;20;20;20;50;90;20;60;70;30;9.5;2;3.8;2.6;Gandzasar;Ararat;1.5;1.79;2;2.2;1.6;2.1;80;80;80;50;10;59;59;29;0;0;0;135;28;Y;N;N;N;N;N;N
43489;883;886;2013/2014;complete;193;11;-1;53,60;88;2;1;3;5;0;5;0;0;2;3;0;0;8;0;10;6;18;6;10;18;48;52;2;3;0;0;0;0;0;0;0;0;0;0;0;0;0;0;0;0;0;0;0;0;0;0;0;0;0;0;0;0;0;0;0;0;0;0;0;0;0;0;0;0;0;0;0;0;0;0;0;0;0;0;0;0;0;0;0;0;0;0;0;0;0;0;0;0;0;0;0;0;3;0;0;2;1;3;0;2013-11-02 11:00:00;883;0;70;40;40;0;-1;1;-1;-1;-1;-1;-1;-1;0;0;2;3;0;5;-1;0;0;0;0;0;0;0;0;0;0;0;0;0;1;1;0;0;-1;-1;0;0;-1;-1;-1;-1;-1;-1;-1;-1;-1;30;30;60;90;100;50;90;80;40;8;2.8;2.4;3.4;Shirak;Ulisses;1.79;0.71;1.4;0.8;1.2;0.9;70;70;40;10;0;20;20;10;0;0;0;135;28;Y;Y;Y;N;N;N;Y
43490;887;96;2013/2014;complete;193;11;-1;;78,90;0;2;2;7;2;9;2;2;1;3;0;0;7;5;10;2;17;7;11;10;63;37;1;3;0;0;0;0;0;0;0;0;0;0;0;0;0;0;0;0;0;0;0;0;0;0;0;0;0;0;0;0;0;0;0;0;0;0;0;0;0;0;0;0;0;0;0;0;0;0;0;0;0;0;0;0;0;0;0;0;0;0;0;0;0;0;0;0;0;0;0;0;2;0;0;0;2;2;0;2013-11-03 10:55:00;96;0;60;20;50;0;-1;1;-1;-1;-1;-1;-1;-1;1;2;0;1;3;1;-1;0;0;0;0;0;0;0;0;0;0;0;0;0;1;1;0;0;-1;-1;0;0;-1;-1;-1;-1;-1;-1;-1;-1;-1;30;50;60;80;90;40;60;90;70;7.8;2.6;4.2;3.9;Mika;Alashkert;1.71;0.79;1.2;0.2;1.5;0.3;70;50;40;20;10;55;35;25;0;0;0;135;28;Y;Y;N;N;N;N;N
43491;882;884;2013/2014;complete;193;11;-1;;;0;0;0;2;3;5;3;2;2;0;0;0;3;5;7;9;10;14;10;13;49;51;2;0;0;0;0;0;0;0;0;0;0;0;0;0;0;0;0;0;0;0;0;0;0;0;0;0;0;0;0;0;0;0;0;0;0;0;0;0;0;0;0;0;0;0;0;0;0;0;0;0;0;0;0;0;0;0;0;0;0;0;0;0;0;0;0;0;0;0;0;0;0;0;0;0;0;0;0;2013-11-03 14:00:00;-1;0;60;50;40;0;-1;1;-1;-1;-1;-1;-1;-1;1;0;1;0;1;1;-1;0;0;0;0;0;0;0;0;0;0;0;0;0;1;1;0;0;-1;-1;0;0;-1;-1;-1;-1;-1;-1;-1;-1;-1;10;40;50;60;80;60;60;70;40;9.4;4.4;4.2;2.5;Pyunik;Banants;1.43;1.21;1.2;0.6;1.6;1.2;90;60;50;40;20;50;30;20;0;0;0;135;28;N;N;N;N;N;N;N
43492;885;883;2013/2014;complete;193;12;-1;;2,33,90;0;3;3;7;4;11;1;3;0;1;0;0;5;4;8;2;13;6;15;16;57;43;0;1;0;0;0;0;0;0;0;0;0;0;0;0;0;0;0;0;0;0;0;0;0;0;0;0;0;0;0;0;0;0;0;0;0;0;0;0;0;0;0;0;0;0;0;0;0;0;0;0;0;0;0;0;0;0;0;0;0;0;0;0;0;0;0;0;0;0;0;0;3;0;2;0;1;1;2;2013-11-09 12:00:00;883;0;30;20;10;0;-1;1;-1;-1;-1;-1;-1;-1;0;1;0;0;1;0;-1;0;0;0;0;0;0;0;0;0;0;0;0;0;1;1;0;1;-1;-1;0;0;-1;-1;-1;-1;-1;-1;-1;-1;-1;20;30;40;70;90;50;70;70;30;8.6;4.8;3;2.5;Ararat;Shirak;1.36;1.57;2;1;2.18;1.36;80;70;60;30;10;23;23;23;0;0;0;135;28;Y;Y;Y;N;N;N;N
43493;886;882;2013/2014;complete;193;12;-1;63;;1;0;1;7;2;9;0;0;1;1;0;0;3;4;6;7;9;11;6;6;50;50;1;1;0;0;0;0;0;0;0;0;0;0;0;0;0;0;0;0;0;0;0;0;0;0;0;0;0;0;0;0;0;0;0;0;0;0;0;0;0;0;0;0;0;0;0;0;0;0;0;0;0;0;0;0;0;0;0;0;0;0;0;0;0;0;0;0;0;0;0;0;1;0;0;1;0;1;0;2013-11-09 12:00:00;886;0;40;10;40;0;-1;1;-1;-1;-1;-1;-1;-1;1;1;0;0;2;0;-1;0;0;0;0;0;0;0;0;0;0;0;0;0;1;1;0;0;-1;-1;0;0;-1;-1;-1;-1;-1;-1;-1;-1;-1;20;30;50;80;100;30;70;90;70;9.25;4;3.6;2.8;Ulisses;Pyunik;1.07;0.86;1;2;0.82;1.55;80;70;50;20;0;68;48;25;0;0;0;135;28;Y;N;N;N;N;N;N
43494;884;887;2013/2014;complete;193;12;-1;69,77;19;2;1;3;3;8;11;4;0;1;1;0;0;2;4;7;4;9;8;17;12;49;51;1;1;0;0;0;0;0;0;0;0;0;0;0;0;0;0;0;0;0;0;0;0;0;0;0;0;0;0;0;0;0;0;0;0;0;0;0;0;0;0;0;0;0;0;0;0;0;0;0;0;0;0;0;0;0;0;0;0;0;0;0;0;0;0;0;0;0;0;0;0;3;0;1;2;0;2;1;2013-11-10 11:00:00;884;0;60;30;40;0;-1;1;-1;-1;-1;-1;-1;-1;1;1;0;0;2;0;-1;0;0;0;0;0;0;0;0;0;0;0;0;0;1;1;0;0;-1;-1;0;0;-1;-1;-1;-1;-1;-1;-1;-1;-1;0;10;30;60;80;30;40;70;40;10.25;2;2.8;1.8;Banants;Mika;2.36;1.64;1.8;1.8;1.18;1.36;100;90;70;40;20;50;38;25;0;0;0;135;28;Y;Y;Y;N;N;N;Y
43495;96;881;2013/2014;complete;193;12;-1;47,74;80;2;1;3;1;5;6;2;0;3;1;0;0;4;3;3;7;7;10;19;20;47;53;3;1;0;0;0;0;0;0;0;0;0;0;0;0;0;0;0;0;0;0;0;0;0;0;0;0;0;0;0;0;0;0;0;0;0;0;0;0;0;0;0;0;0;0;0;0;0;0;0;0;0;0;0;0;0;0;0;0;0;0;0;0;0;0;0;0;0;0;0;0;3;0;0;2;1;3;0;2013-11-10 12:00:00;96;0;80;40;70;0;-1;1;-1;-1;-1;-1;-1;-1;1;0;2;1;1;3;-1;0;0;0;0;0;0;0;0;0;0;0;0;0;1;1;0;0;-1;-1;0;0;-1;-1;-1;-1;-1;-1;-1;-1;-1;30;50;70;90;90;60;70;80;80;7.2;4.2;4.4;3.3;Alashkert;Gandzasar;0.93;1;0.4;1.2;0.55;1.45;70;50;30;10;10;80;50;50;0;0;0;135;28;Y;Y;Y;N;N;N;Y
43496;881;884;2013/2014;complete;193;13;-1;12,82;23;2;1;3;-1;-1;-1;-1;-1;1;1;0;1;-1;-1;-1;-1;-1;-1;-1;-1;-1;-1;1;3;0;0;0;0;0;0;0;0;0;0;0;0;0;0;0;0;0;0;0;0;0;0;0;0;0;0;0;0;0;0;0;0;0;0;0;0;0;0;0;0;0;0;0;0;0;0;0;0;0;0;0;0;0;0;0;0;0;0;0;0;0;0;0;0;0;0;0;0;3;1;1;1;0;1;2;2013-11-23 11:00:00;881;0;42;25;34;0;-1;1;-1;-1;-1;-1;-1;-1;0;1;1;1;1;2;-1;0;0;0;0;0;0;0;0;0;0;0;0;0;1;1;0;0;-1;-1;0;0;-1;-1;-1;-1;-1;-1;-1;-1;-1;17;25;33;50;75;33;50;67;34;9;4.33;4.33;2.5;Gandzasar;Banants;1.5;1.21;1.67;0.67;1.33;1.33;84;75;67;50;25;54;54;29;0;0;0;135;28;Y;Y;Y;N;N;N;Y
43497;96;885;2013/2014;complete;193;13;-1;;13,48,85;0;3;3;3;4;7;2;1;0;0;0;0;4;3;4;12;8;15;12;18;49;51;0;0;0;0;0;0;0;0;0;0;0;0;0;0;0;0;0;0;0;0;0;0;0;0;0;0;0;0;0;0;0;0;0;0;0;0;0;0;0;0;0;0;0;0;0;0;0;0;0;0;0;0;0;0;0;0;0;0;0;0;0;0;0;0;0;0;0;0;0;0;3;0;1;0;2;2;1;2013-11-23 12:00:00;885;0;50;17;34;0;-1;-1;-1;-1;-1;-1;-1;-1;0;0;0;0;0;0;-1;0;0;0;0;0;0;0;0;0;0;0;0;0;1;1;0;0;-1;-1;-1;-1;-1;-1;-1;-1;-1;-1;-1;-1;-1;9;17;42;59;92;25;50;75;42;7.93;3.5;5.33;2.17;Alashkert;Ararat;0.93;1.79;0.83;2.33;0.75;2;92;84;59;42;9;72;64;44;0;0;0;135;28;Y;Y;Y;N;N;N;N
43498;887;886;2013/2014;complete;193;13;-1;71,73;17;2;1;3;4;3;7;1;3;0;2;0;0;2;7;7;5;9;12;7;17;51;49;0;2;0;0;0;0;0;0;0;0;0;0;0;0;0;0;0;0;0;0;0;0;0;0;0;0;0;0;0;0;0;0;0;0;0;0;0;0;0;0;0;0;0;0;0;0;0;0;0;0;0;0;0;0;0;0;0;0;0;0;0;0;0;0;0;0;0;0;0;0;3;0;1;2;0;2;1;2013-11-24 11:00:00;887;0;50;25;34;0;-1;1;-1;-1;-1;-1;-1;-1;0;1;0;1;1;1;-1;0;0;0;0;0;0;0;0;0;0;0;0;0;1;1;0;0;-1;-1;0;0;-1;-1;-1;-1;-1;-1;-1;-1;-1;9;17;50;75;92;34;50;75;50;8.17;2.83;2.83;2.5;Mika;Ulisses;1.71;0.71;1;0.67;1.25;1;92;83;50;25;9;50;25;9;0;0;0;135;28;Y;Y;Y;N;N;N;Y
43499;882;883;2013/2014;complete;193;13;-1;45;45,68;1;2;3;3;3;6;2;2;1;1;0;0;2;7;10;5;12;12;11;18;49;51;1;1;0;0;0;0;0;0;0;0;0;0;0;0;0;0;0;0;0;0;0;0;0;0;0;0;0;0;0;0;0;0;0;0;0;0;0;0;0;0;0;0;0;0;0;0;0;0;0;0;0;0;0;0;0;0;0;0;0;0;0;0;0;0;0;0;0;0;0;0;3;1;1;0;1;1;2;2013-11-24 12:00:00;883;0;50;42;25;0;-1;1;-1;-1;-1;-1;-1;-1;0;0;1;1;0;2;-1;0;0;0;0;0;0;0;0;0;0;0;0;0;1;1;0;0;-1;-1;0;0;-1;-1;-1;-1;-1;-1;-1;-1;-1;9;34;50;75;92;59;75;75;34;8.67;3.67;2.83;2.67;Pyunik;Shirak;1.43;1.57;1.17;1.33;1.42;1.5;92;67;50;25;9;45;29;20;0;0;0;135;28;Y;Y;Y;N;N;N;Y
43500;883;887;2013/2014;complete;193;14;-1;49;82;1;1;2;1;5;6;3;1;4;2;0;0;5;6;4;5;9;11;20;11;54;46;4;2;0;0;0;0;0;0;0;0;0;0;0;0;0;0;0;0;0;0;0;0;0;0;0;0;0;0;0;0;0;0;0;0;0;0;0;0;0;0;0;0;0;0;0;0;0;0;0;0;0;0;0;0;0;0;0;0;0;0;0;0;0;0;0;0;0;0;0;0;2;0;0;1;1;2;0;2013-11-30 10:00:00;-1;0;83;25;50;0;-1;1;-1;-1;-1;-1;-1;-1;0;1;4;1;1;5;-1;0;0;0;0;0;0;0;0;0;0;0;0;0;1;1;0;0;-1;-1;0;0;-1;-1;-1;-1;-1;-1;-1;-1;-1;17;17;50;92;100;25;67;92;59;10.5;2.67;2.83;2.92;Shirak;Mika;1.79;1.64;1.67;1.5;1.62;1.38;84;84;50;9;0;40;30;20;0;0;0;135;28;Y;Y;N;N;N;N;Y
43501;885;882;2013/2014;complete;193;14;-1;3,22;;2;0;2;3;3;6;1;2;2;2;0;0;3;6;3;7;6;13;14;15;43;57;2;2;0;0;0;0;0;0;0;0;0;0;0;0;0;0;0;0;0;0;0;0;0;0;0;0;0;0;0;0;0;0;0;0;0;0;0;0;0;0;0;0;0;0;0;0;0;0;0;0;0;0;0;0;0;0;0;0;0;0;0;0;0;0;0;0;0;0;0;0;2;2;0;0;0;0;2;2013-11-30 12:00:00;885;0;25;9;25;0;-1;1;-1;-1;-1;-1;-1;-1;1;2;1;0;3;1;-1;0;0;0;0;0;0;0;0;0;0;0;0;0;1;1;1;0;-1;-1;0;0;-1;-1;-1;-1;-1;-1;-1;-1;-1;33;42;59;75;92;59;75;84;50;8.67;4.67;3.16;3;Ararat;Pyunik;1.36;0.86;1.67;1.67;2.08;1.31;67;59;42;25;9;50;25;17;0;0;0;135;28;Y;Y;N;N;N;N;N
43502;884;96;2013/2014;complete;193;14;-1;17,27,35,41,44,46,87;;7;0;7;3;5;8;2;1;2;1;0;0;8;0;4;7;12;7;15;16;50;50;2;1;0;0;0;0;0;0;0;0;0;0;0;0;0;0;0;0;0;0;0;0;0;0;0;0;0;0;0;0;0;0;0;0;0;0;0;0;0;0;0;0;0;0;0;0;0;0;0;0;0;0;0;0;0;0;0;0;0;0;0;0;0;0;0;0;0;0;0;0;7;5;0;2;0;2;5;2013-12-01 10:00:00;884;0;59;25;42;0;-1;1;-1;-1;-1;-1;-1;-1;2;1;0;0;3;0;-1;0;0;0;0;0;0;0;0;0;0;0;0;0;1;1;0;0;-1;-1;0;0;-1;-1;-1;-1;-1;-1;-1;-1;-1;25;42;59;75;84;42;59;84;67;7.2;2;4;3.5;Banants;Alashkert;2.36;0.79;2;0.67;1.23;0.69;75;58;42;25;17;50;40;40;0;0;0;135;28;Y;Y;Y;Y;Y;Y;N
43503;886;881;2013/2014;complete;193;14;-1;;;0;0;0;6;1;7;2;3;2;2;0;0;2;2;7;9;9;11;16;15;49;51;2;2;0;0;0;0;0;0;0;0;0;0;0;0;0;0;0;0;0;0;0;0;0;0;0;0;0;0;0;0;0;0;0;0;0;0;0;0;0;0;0;0;0;0;0;0;0;0;0;0;0;0;0;0;0;0;0;0;0;0;0;0;0;0;0;0;0;0;0;0;0;0;0;0;0;0;0;2013-12-01 12:00:00;-1;0;58;17;58;0;-1;1;-1;-1;-1;-1;-1;-1;1;0;1;2;1;3;-1;0;0;0;0;0;0;0;0;0;0;0;0;0;1;1;0;0;-1;-1;0;0;-1;-1;-1;-1;-1;-1;-1;-1;-1;17;25;42;67;92;25;42;83;67;9.27;2.66;2.83;2.42;Ulisses;Gandzasar;1.07;1;1.33;1;0.92;1.46;84;75;58;34;9;65;39;29;0;0;0;135;28;N;N;N;N;N;N;N
43504;884;885;2013/2014;complete;193;15;-1;52,81;44;2;1;3;-1;-1;-1;-1;-1;2;2;0;0;-1;-1;-1;-1;-1;-1;-1;-1;-1;-1;2;2;0;0;0;0;0;0;0;0;0;0;0;0;0;0;0;0;0;0;0;0;0;0;0;0;0;0;0;0;0;0;0;0;0;0;0;0;0;0;0;0;0;0;0;0;0;0;0;0;0;0;0;0;0;0;0;0;0;0;0;0;0;0;0;0;0;0;0;0;3;0;1;2;0;2;1;2014-03-01 10:00:00;884;0;29;15;7;0;-1;1;-1;-1;-1;-1;-1;-1;0;1;2;1;1;3;-1;0;0;0;0;0;0;0;0;0;0;0;0;0;1;1;0;0;-1;-1;0;0;-1;-1;-1;-1;-1;-1;-1;-1;-1;7;15;36;43;79;22;50;71;29;8.67;2.29;3.43;1.93;Banants;Ararat;2.36;1.79;2.14;2.43;1.36;2.14;93;86;65;57;22;42;42;25;0;0;0;135;28;Y;Y;Y;N;N;N;Y
43505;882;887;2013/2014;complete;193;15;-1;1,20,85,89;;4;0;4;-1;-1;-1;-1;-1;1;1;0;0;-1;-1;-1;-1;-1;-1;-1;-1;-1;-1;1;1;0;0;0;0;0;0;0;0;0;0;0;0;0;0;0;0;0;0;0;0;0;0;0;0;0;0;0;0;0;0;0;0;0;0;0;0;0;0;0;0;0;0;0;0;0;0;0;0;0;0;0;0;0;0;0;0;0;0;0;0;0;0;0;0;0;0;0;0;4;2;0;2;0;2;2;2014-03-01 12:00:00;882;0;79;36;50;0;-1;1;-1;-1;-1;-1;-1;-1;1;1;0;0;2;0;-1;0;0;0;0;0;0;0;0;0;0;0;0;0;1;1;1;0;-1;-1;0;1;-1;-1;-1;-1;-1;-1;-1;-1;-1;7;22;43;79;93;43;57;79;57;10.26;2.85;2.86;2.5;Pyunik;Mika;1.43;1.64;1;1.43;1.21;1.36;93;79;57;22;7;55;32;17;0;0;0;135;28;Y;Y;Y;Y;N;N;N
43506;886;96;2013/2014;complete;193;15;-1;;42,63,89;0;3;3;-1;-1;-1;-1;-1;0;1;0;1;-1;-1;-1;-1;-1;-1;-1;-1;-1;-1;0;2;0;0;0;0;0;0;0;0;0;0;0;0;0;0;0;0;0;0;0;0;0;0;0;0;0;0;0;0;0;0;0;0;0;0;0;0;0;0;0;0;0;0;0;0;0;0;0;0;0;0;0;0;0;0;0;0;0;0;0;0;0;0;0;0;0;0;0;0;3;0;1;0;2;2;1;2014-03-02 10:00:00;96;0;43;7;43;0;-1;1;-1;-1;-1;-1;-1;-1;0;0;0;2;0;2;-1;0;0;0;0;0;0;0;0;1;0;1;0;0;1;1;0;0;-1;-1;0;0;-1;-1;-1;-1;-1;-1;-1;-1;-1;29;36;43;72;93;29;50;86;72;8.84;2.29;4;3.43;Ulisses;Alashkert;1.07;0.79;1.29;0.57;0.93;0.64;72;65;58;29;7;59;42;33;0;0;0;135;28;Y;Y;Y;N;N;N;N
43507;883;881;2013/2014;complete;193;15;-1;31;65;1;1;2;-1;-1;-1;-1;-1;3;4;0;0;-1;-1;-1;-1;-1;-1;-1;-1;-1;-1;3;4;0;0;0;0;0;0;0;0;0;0;0;0;0;0;0;0;0;0;0;0;0;0;0;0;0;0;0;0;0;0;0;0;0;0;0;0;0;0;0;0;0;0;0;0;0;0;0;0;0;0;0;0;0;0;0;0;0;0;0;0;0;0;0;0;0;0;0;0;2;1;0;0;1;1;1;2014-03-02 10:00:00;-1;0;79;29;64;0;-1;1;-1;-1;-1;-1;-1;-1;1;2;2;2;3;4;-1;0;0;0;0;0;0;0;0;0;0;0;0;0;1;1;0;0;-1;-1;0;0;-1;-1;-1;-1;-1;-1;-1;-1;-1;29;36;57;86;86;36;57;86;64;7.29;3.28;3.29;3.07;Shirak;Gandzasar;1.79;1;1.57;1;1.57;1.43;71;64;43;15;15;22;7;7;0;0;0;135;28;Y;Y;N;N;N;N;Y
43508;884;886;2013/2014;complete;193;16;-1;13,57;;2;0;2;-1;-1;-1;-1;-1;3;5;0;1;-1;-1;-1;-1;-1;-1;-1;-1;-1;-1;3;6;0;0;0;0;0;0;0;0;0;0;0;0;0;0;0;0;0;0;0;0;0;0;0;0;0;0;0;0;0;0;0;0;0;0;0;0;0;0;0;0;0;0;0;0;0;0;0;0;0;0;0;0;0;0;0;0;0;0;0;0;0;0;0;0;0;0;0;0;2;1;0;1;0;1;1;2014-03-08 10:00:00;884;0;61;27;28;0;-1;1;-1;-1;-1;-1;-1;-1;1;0;2;6;1;8;-1;0;0;0;0;0;0;0;0;0;0;0;0;0;1;1;0;0;-1;-1;0;0;-1;-1;-1;-1;-1;-1;-1;-1;-1;14;20;67;75;88;41;67;73;54;7.17;2.14;2.93;2.82;Banants;Ulisses;2.36;0.71;2.25;0.57;1.47;0.87;87;81;34;26;13;31;31;24;0;0;0;135;28;Y;Y;N;N;N;N;N
43509;885;887;2013/2014;complete;193;16;-1;82;34;1;1;2;4;3;7;3;1;1;2;0;0;4;4;3;5;7;9;15;18;52;48;1;2;0;0;0;0;0;0;0;0;0;0;0;0;0;0;0;0;0;0;0;0;0;0;0;0;0;0;0;0;0;0;0;0;0;0;0;0;0;0;0;0;0;0;0;0;0;0;0;0;0;0;0;0;0;0;0;0;0;0;0;0;0;0;0;0;0;0;0;0;2;0;1;1;0;1;1;2014-03-08 12:00:00;-1;0;45;7;32;0;-1;1;-1;-1;-1;-1;-1;-1;0;0;1;2;0;3;-1;0;0;0;0;0;0;0;0;0;0;0;0;0;1;1;0;0;-1;-1;0;0;-1;-1;-1;-1;-1;-1;-1;-1;-1;15;21;41;80;93;48;61;73;52;10.54;3.31;2.81;2.48;Ararat;Mika;1.36;1.64;1.86;1.25;2;1.27;86;80;60;21;7;48;40;31;0;0;0;135;28;Y;Y;N;N;N;N;Y
43510;881;882;2013/2014;complete;193;16;-1;;;0;0;0;-1;-1;-1;-1;-1;0;1;0;0;-1;-1;-1;-1;-1;-1;-1;-1;-1;-1;0;1;0;0;0;0;0;0;0;0;0;0;0;0;0;0;0;0;0;0;0;0;0;0;0;0;0;0;0;0;0;0;0;0;0;0;0;0;0;0;0;0;0;0;0;0;0;0;0;0;0;0;0;0;0;0;0;0;0;0;0;0;0;0;0;0;0;0;0;0;0;0;0;0;0;0;0;2014-03-09 11:00:00;-1;0;43;22;36;0;-1;1;-1;-1;-1;-1;-1;-1;0;1;0;0;1;0;-1;0;0;0;0;0;0;0;0;0;0;0;0;0;1;1;0;0;-1;-1;0;0;-1;-1;-1;-1;-1;-1;-1;-1;-1;29;36;50;79;100;50;79;86;50;8.57;3.14;3.72;3.36;Gandzasar;Pyunik;1.5;0.86;1.86;1.43;1.4;1.33;71;64;50;22;0;66;45;13;0;0;0;135;28;N;N;N;N;N;N;N
43511;96;883;2013/2014;complete;193;16;-1;22;74,75;1;2;3;1;8;9;4;3;2;0;0;0;4;10;2;7;6;17;16;22;48;52;2;0;0;0;0;0;0;0;0;0;0;0;0;0;0;0;0;0;0;0;0;0;0;0;0;0;0;0;0;0;0;0;0;0;0;0;0;0;0;0;0;0;0;0;0;0;0;0;0;0;0;0;0;0;0;0;0;0;0;0;0;0;0;0;0;0;0;0;0;0;3;1;0;0;2;2;1;2014-03-09 12:00:00;883;0;57;36;29;0;-1;1;-1;-1;-1;-1;-1;-1;2;0;0;0;2;0;-1;0;0;0;0;0;0;0;0;0;0;0;0;0;1;1;0;0;-1;-1;0;0;-1;-1;-1;-1;-1;-1;-1;-1;-1;7;22;72;93;100;50;79;86;50;7.12;4.43;3.86;2.93;Alashkert;Shirak;0.93;1.57;0.71;1.57;0.8;1.53;93;79;29;7;0;52;45;45;0;0;0;135;28;Y;Y;Y;N;N;N;Y
43512;886;885;2013/2014;complete;193;17;-1;;42;0;1;1;-1;-1;-1;-1;-1;1;3;0;0;-1;-1;-1;-1;-1;-1;-1;-1;-1;-1;1;3;0;0;0;0;0;0;0;0;0;0;0;0;0;0;0;0;0;0;0;0;0;0;0;0;0;0;0;0;0;0;0;0;0;0;0;0;0;0;0;0;0;0;0;0;0;0;0;0;0;0;0;0;0;0;0;0;0;0;0;0;0;0;0;0;0;0;0;0;1;0;1;0;0;0;1;2014-03-15 11:00:00;885;0;25;0;13;0;-1;1;-1;-1;-1;-1;-1;-1;0;1;1;2;1;3;-1;0;0;0;0;0;0;0;0;0;0;0;0;0;1;1;0;0;-1;-1;0;0;-1;-1;-1;-1;-1;-1;-1;-1;-1;0;0;25;44;88;0;44;75;38;10.17;1.88;3.38;1.57;Ulisses;Ararat;1.07;1.79;1.13;2.13;0.81;1.94;100;100;75;57;13;59;50;25;0;0;0;135;28;Y;N;N;N;N;N;N
43513;883;884;2013/2014;complete;193;17;-1;;83;0;1;1;-1;-1;-1;-1;-1;1;0;0;0;-1;-1;-1;-1;-1;-1;-1;-1;-1;-1;1;0;0;0;0;0;0;0;0;0;0;0;0;0;0;0;0;0;0;0;0;0;0;0;0;0;0;0;0;0;0;0;0;0;0;0;0;0;0;0;0;0;0;0;0;0;0;0;0;0;0;0;0;0;0;0;0;0;0;0;0;0;0;0;0;0;0;0;0;0;1;0;0;0;1;1;0;2014-03-15 11:00:00;884;0;66;34;32;0;-1;1;-1;-1;-1;-1;-1;-1;0;0;1;0;0;1;-1;0;0;0;0;0;0;0;0;0;0;0;0;0;1;1;0;0;-1;-1;0;0;-1;-1;-1;-1;-1;-1;-1;-1;-1;13;20;47;72;79;34;59;79;32;8;3.67;4.43;2.41;Shirak;Banants;1.79;1.21;1.5;0.57;1.63;1.56;88;81;54;29;22;17;17;17;0;0;0;135;28;Y;N;N;N;N;N;N
43514;887;881;2013/2014;complete;193;17;-1;;;0;0;0;-1;-1;-1;-1;-1;0;2;0;0;-1;-1;-1;-1;-1;-1;-1;-1;-1;-1;0;2;0;0;0;0;0;0;0;0;0;0;0;0;0;0;0;0;0;0;0;0;0;0;0;0;0;0;0;0;0;0;0;0;0;0;0;0;0;0;0;0;0;0;0;0;0;0;0;0;0;0;0;0;0;0;0;0;0;0;0;0;0;0;0;0;0;0;0;0;0;0;0;0;0;0;0;2014-03-15 11:00:00;-1;0;59;20;39;0;-1;1;-1;-1;-1;-1;-1;-1;0;1;0;1;1;1;-1;0;0;0;0;0;0;0;0;0;0;0;0;0;1;1;0;0;-1;-1;0;0;-1;-1;-1;-1;-1;-1;-1;-1;-1;13;26;47;73;81;26;47;81;60;8.29;3.11;3.04;2.39;Mika;Gandzasar;1.71;1;1.29;1;1.25;1.38;88;75;54;27;20;50;14;7;0;0;0;135;28;N;N;N;N;N;N;N
43515;882;96;2013/2014;complete;193;17;-1;20,38,49,73,90;63;5;1;6;-1;-1;-1;-1;-1;0;1;0;0;-1;-1;-1;-1;-1;-1;-1;-1;-1;-1;0;1;0;0;0;0;0;0;0;0;0;0;0;0;0;0;0;0;0;0;0;0;0;0;0;0;0;0;0;0;0;0;0;0;0;0;0;0;0;0;0;0;0;0;0;0;0;0;0;0;0;0;0;0;0;0;0;0;0;0;0;0;0;0;0;0;0;0;0;0;6;2;0;3;1;4;2;2014-03-15 13:00:00;882;0;57;32;44;0;-1;1;-1;-1;-1;-1;-1;-1;0;1;0;0;1;0;-1;0;0;0;0;0;0;0;0;0;0;0;0;0;1;1;0;0;-1;-1;0;0;-1;-1;-1;-1;-1;-1;-1;-1;-1;32;57;69;88;94;63;75;88;75;7.6;2.01;3.76;4.07;Pyunik;Alashkert;1.43;0.79;1.25;0.88;1.31;0.75;69;44;32;13;7;47;24;17;0;0;0;135;28;Y;Y;Y;Y;Y;Y;Y
43516;885;881;2013/2014;complete;193;18;-1;;;0;0;0;2;2;4;1;1;4;2;1;0;2;3;4;10;6;13;17;16;46;54;6;2;0;0;0;0;0;0;0;0;0;0;0;0;0;0;0;0;0;0;0;0;0;0;0;0;0;0;0;0;0;0;0;0;0;0;0;0;0;0;0;0;0;0;0;0;0;0;0;0;0;0;0;0;0;0;0;0;0;0;0;0;0;0;0;0;0;0;0;0;0;0;0;0;0;0;0;2014-03-22 13:00:00;-1;0;46;11;35;0;-1;1;-1;-1;-1;-1;-1;-1;2;1;3;1;3;4;-1;0;0;0;0;0;0;0;0;0;0;0;0;0;1;1;0;0;-1;-1;0;0;-1;-1;-1;-1;-1;-1;-1;-1;-1;24;29;41;71;78;48;60;65;41;7.92;3.5;3.16;2.42;Ararat;Gandzasar;1.36;1;1.75;1;2;1.35;77;71;60;29;23;34;20;20;0;0;0;135;28;N;N;N;N;N;N;N
43517;884;882;2013/2014;complete;193;18;-1;46;;1;0;1;-1;-1;-1;-1;-1;1;3;0;0;-1;-1;-1;-1;-1;-1;-1;-1;-1;-1;1;3;0;0;0;0;0;0;0;0;0;0;0;0;0;0;0;0;0;0;0;0;0;0;0;0;0;0;0;0;0;0;0;0;0;0;0;0;0;0;0;0;0;0;0;0;0;0;0;0;0;0;0;0;0;0;0;0;0;0;0;0;0;0;0;0;0;0;0;0;1;0;0;1;0;1;0;2014-03-23 11:00:00;884;0;35;18;18;0;-1;1;-1;-1;-1;-1;-1;-1;1;2;0;1;3;1;-1;0;0;0;0;0;0;0;0;0;0;0;0;0;1;1;0;0;-1;-1;0;0;-1;-1;-1;-1;-1;-1;-1;-1;-1;18;30;53;71;83;42;71;77;47;7.74;2.41;3.42;2.66;Banants;Pyunik;2.36;0.86;2.33;1.38;1.65;1.41;82;71;47;29;18;45;24;17;0;0;0;135;28;Y;N;N;N;N;N;N
43518;886;883;2013/2014;complete;193;18;-1;;34,65;0;2;2;-1;-1;-1;-1;-1;2;1;0;0;-1;-1;-1;-1;-1;-1;-1;-1;-1;-1;2;1;0;0;0;0;0;0;0;0;0;0;0;0;0;0;0;0;0;0;0;0;0;0;0;0;0;0;0;0;0;0;0;0;0;0;0;0;0;0;0;0;0;0;0;0;0;0;0;0;0;0;0;0;0;0;0;0;0;0;0;0;0;0;0;0;0;0;0;0;2;0;1;0;1;1;1;2014-03-23 11:00:00;883;0;36;19;11;0;-1;1;-1;-1;-1;-1;-1;-1;1;1;1;0;2;1;-1;0;0;0;0;0;0;0;0;0;0;0;0;0;1;1;0;0;-1;-1;0;0;-1;-1;-1;-1;-1;-1;-1;-1;-1;0;7;43;66;95;25;66;78;35;10.1;3.02;2.46;2.1;Ulisses;Shirak;1.07;1.57;1;1.75;0.76;1.53;100;94;58;35;6;55;40;31;0;0;0;135;28;Y;Y;N;N;N;N;N
43519;96;887;2013/2014;complete;193;18;-1;;16;0;1;1;3;2;5;2;3;1;0;0;0;4;7;8;4;12;11;14;23;56;44;1;0;0;0;0;0;0;0;0;0;0;0;0;0;0;0;0;0;0;0;0;0;0;0;0;0;0;0;0;0;0;0;0;0;0;0;0;0;0;0;0;0;0;0;0;0;0;0;0;0;0;0;0;0;0;0;0;0;0;0;0;0;0;0;0;0;0;0;0;0;1;0;1;0;0;0;1;2014-03-23 13:00:00;887;0;77;18;47;0;-1;1;-1;-1;-1;-1;-1;-1;0;0;1;0;0;1;-1;0;0;0;0;0;0;0;0;0;0;0;0;0;1;1;0;0;-1;-1;0;0;-1;-1;-1;-1;-1;-1;-1;-1;-1;7;18;61;95;100;30;66;89;78;8.43;3.52;3.94;2.79;Alashkert;Mika;0.93;1.64;0.63;1.22;0.71;1.24;94;82;40;6;0;66;47;40;0;0;0;135;28;Y;N;N;N;N;N;N
43520;883;885;2013/2014;complete;193;19;-1;;;0;0;0;2;0;2;5;0;1;3;0;0;3;3;3;5;6;8;13;15;64;36;1;3;0;0;0;0;0;0;0;0;0;0;0;0;0;0;0;0;0;0;0;0;0;0;0;0;0;0;0;0;0;0;0;0;0;0;0;0;0;0;0;0;0;0;0;0;0;0;0;0;0;0;0;0;0;0;0;0;0;0;0;0;0;0;0;0;0;0;0;0;0;0;0;0;0;0;0;2014-03-29 12:00:00;-1;0;50;11;22;0;-1;1;-1;-1;-1;-1;-1;-1;1;0;0;3;1;3;-1;0;0;0;0;0;0;0;0;0;0;0;0;0;1;1;0;0;-1;-1;0;0;-1;-1;-1;-1;-1;-1;-1;-1;-1;11;11;33;61;95;11;62;84;33;8.5;1.67;4;2.22;Shirak;Ararat;1.79;1.79;1.33;2.22;1.61;1.94;89;89;67;39;6;25;25;9;0;0;0;135;28;N;N;N;N;N;N;N
43521;882;886;2013/2014;complete;193;19;-1;8,35;;2;0;2;-1;-1;-1;-1;-1;2;1;0;0;-1;-1;-1;-1;-1;-1;-1;-1;-1;-1;2;1;0;0;0;0;0;0;0;0;0;0;0;0;0;0;0;0;0;0;0;0;0;0;0;0;0;0;0;0;0;0;0;0;0;0;0;0;0;0;0;0;0;0;0;0;0;0;0;0;0;0;0;0;0;0;0;0;0;0;0;0;0;0;0;0;0;0;0;0;2;2;0;0;0;0;2;2014-03-29 14:00:00;882;0;65;35;41;0;-1;1;-1;-1;-1;-1;-1;-1;1;1;1;0;2;1;-1;0;0;0;0;0;0;0;0;0;0;0;0;0;1;1;1;0;-1;-1;0;0;-1;-1;-1;-1;-1;-1;-1;-1;-1;18;35;65;83;95;58;77;77;53;7.43;1.99;3.22;3.11;Pyunik;Ulisses;1.43;0.71;1.44;0.5;1.33;0.72;83;66;36;18;6;36;22;7;0;0;0;135;28;Y;Y;N;N;N;N;N
43522;884;881;2013/2014;complete;193;20;-1;45;;1;0;1;-1;-1;-1;-1;-1;1;1;0;0;-1;-1;-1;-1;-1;-1;-1;-1;-1;-1;1;1;0;0;0;0;0;0;0;0;0;0;0;0;0;0;0;0;0;0;0;0;0;0;0;0;0;0;0;0;0;0;0;0;0;0;0;0;0;0;0;0;0;0;0;0;0;0;0;0;0;0;0;0;0;0;0;0;0;0;0;0;0;0;0;0;0;0;0;0;1;1;0;0;0;0;1;2014-04-05 12:00:00;884;0;50;20;30;0;-1;1;-1;-1;-1;-1;-1;-1;0;0;1;1;0;2;-1;0;0;0;0;0;0;0;0;0;0;0;0;0;1;1;0;0;-1;-1;0;0;-1;-1;-1;-1;-1;-1;-1;-1;-1;15;25;45;60;70;30;50;70;45;7.3;1.6;3.4;2.25;Banants;Gandzasar;2.36;1;2.4;1;1.72;1.33;85;75;55;40;30;36;23;23;0;0;0;135;28;Y;N;N;N;N;N;N
43523;886;887;2013/2014;complete;193;20;-1;;44;0;1;1;-1;-1;-1;-1;-1;2;1;0;0;-1;-1;-1;-1;-1;-1;-1;-1;-1;-1;2;1;0;0;0;0;0;0;0;0;0;0;0;0;0;0;0;0;0;0;0;0;0;0;0;0;0;0;0;0;0;0;0;0;0;0;0;0;0;0;0;0;0;0;0;0;0;0;0;0;0;0;0;0;0;0;0;0;0;0;0;0;0;0;0;0;0;0;0;0;1;0;1;0;0;0;1;2014-04-05 12:00:00;887;0;45;5;30;0;-1;1;-1;-1;-1;-1;-1;-1;0;0;2;1;0;3;-1;0;0;0;0;0;0;0;0;0;0;0;0;0;1;1;0;0;-1;-1;0;0;-1;-1;-1;-1;-1;-1;-1;-1;-1;0;5;25;65;95;10;55;75;50;10.67;1.8;2.7;1.9;Ulisses;Mika;1.07;1.64;0.9;1.4;0.68;1.33;100;95;75;35;5;59;44;29;0;0;0;135;28;Y;N;N;N;N;N;N
43524;885;96;2013/2014;complete;193;20;-1;85;;1;0;1;10;4;14;6;2;1;0;0;0;8;0;7;6;15;6;19;19;51;49;1;0;0;0;0;0;0;0;0;0;0;0;0;0;0;0;0;0;0;0;0;0;0;0;0;0;0;0;0;0;0;0;0;0;0;0;0;0;0;0;0;0;0;0;0;0;0;0;0;0;0;0;0;0;0;0;0;0;0;0;0;0;0;0;0;0;0;0;0;0;1;0;0;1;0;1;0;2014-04-05 14:00:00;885;0;39;6;34;0;-1;1;-1;-1;-1;-1;-1;-1;0;0;1;0;0;1;-1;0;0;0;0;0;0;0;0;0;0;0;0;0;1;1;0;0;-1;-1;0;0;-1;-1;-1;-1;-1;-1;-1;-1;-1;39;45;56;84;89;56;73;78;61;7.5;2.77;4.11;3.72;Ararat;Alashkert;1.36;0.79;1.67;0.78;1.89;0.67;61;56;45;17;11;36;28;28;0;0;0;135;28;Y;N;N;N;N;N;N
43525;883;882;2013/2014;complete;193;20;-1;42,66,90;24;3;1;4;4;4;8;5;0;2;4;0;0;6;3;6;5;12;8;19;19;49;51;2;4;0;0;0;0;0;0;0;0;0;0;0;0;0;0;0;0;0;0;0;0;0;0;0;0;0;0;0;0;0;0;0;0;0;0;0;0;0;0;0;0;0;0;0;0;0;0;0;0;0;0;0;0;0;0;0;0;0;0;0;0;0;0;0;0;0;0;0;0;4;1;1;2;0;2;2;2014-04-06 12:00:00;883;0;46;16;31;0;-1;1;-1;-1;-1;-1;-1;-1;0;1;2;3;1;5;-1;0;0;0;0;0;0;0;0;0;0;0;0;0;1;1;0;0;-1;-1;0;1;-1;-1;-1;-1;-1;-1;-1;-1;-1;21;27;42;74;90;32;64;84;42;7.32;2.83;3.69;2.63;Shirak;Pyunik;1.79;0.86;1.3;1.22;1.58;1.42;79;74;58;27;11;29;7;0;0;0;0;135;28;Y;Y;Y;Y;N;N;Y
43526;887;884;2013/2014;complete;193;19;-1;4,90;;2;0;2;8;1;9;0;3;2;1;0;0;11;6;8;4;19;10;24;14;40;60;2;1;0;0;0;0;0;0;0;0;0;0;0;0;0;0;0;0;0;0;0;0;0;0;0;0;0;0;0;0;0;0;0;0;0;0;0;0;0;0;0;0;0;0;0;0;0;0;0;0;0;0;0;0;0;0;0;0;0;0;0;0;0;0;0;0;0;0;0;0;2;1;0;1;0;1;1;2014-04-09 12:00:00;887;0;38;26;13;0;-1;1;-1;-1;-1;-1;-1;-1;1;0;1;1;1;2;-1;0;0;0;0;0;0;0;0;0;0;0;0;0;1;1;1;0;-1;-1;0;0;-1;-1;-1;-1;-1;-1;-1;-1;-1;0;13;38;51;69;26;38;69;32;9;3.38;3.26;1.69;Mika;Banants;1.71;1.21;1.25;0.88;1.42;1.79;100;88;63;51;32;45;24;17;0;0;0;135;28;Y;Y;N;N;N;N;N
43527;881;96;2013/2014;complete;193;19;-1;;28,57;0;2;2;-1;-1;-1;-1;-1;3;4;0;0;-1;-1;-1;-1;-1;-1;-1;-1;-1;-1;3;4;0;0;0;0;0;0;0;0;0;0;0;0;0;0;0;0;0;0;0;0;0;0;0;0;0;0;0;0;0;0;0;0;0;0;0;0;0;0;0;0;0;0;0;0;0;0;0;0;0;0;0;0;0;0;0;0;0;0;0;0;0;0;0;0;0;0;0;0;2;0;1;0;1;1;1;2014-04-09 12:00:00;96;0;50;18;44;0;-1;1;-1;-1;-1;-1;-1;-1;0;1;3;3;1;6;-1;0;0;0;0;0;0;0;0;0;0;0;0;0;1;1;0;0;-1;-1;0;0;-1;-1;-1;-1;-1;-1;-1;-1;-1;38;43;54;77;94;44;67;88;64;8.29;1.48;3.63;3.97;Gandzasar;Alashkert;1.5;0.79;1.75;0.7;1.26;0.63;63;58;47;24;7;66;59;34;0;0;0;135;28;Y;Y;N;N;N;N;N
43528;887;883;2013/2014;complete;193;21;-1;31;64;1;1;2;3;4;7;1;5;1;0;0;0;5;2;8;9;13;11;22;12;49;51;1;0;0;0;0;0;0;0;0;0;0;0;0;0;0;0;0;0;0;0;0;0;0;0;0;0;0;0;0;0;0;0;0;0;0;0;0;0;0;0;0;0;0;0;0;0;0;0;0;0;0;0;0;0;0;0;0;0;0;0;0;0;0;0;0;0;0;0;0;0;2;1;0;0;1;1;1;2014-04-12 12:00:00;-1;0;39;22;6;0;-1;1;-1;-1;-1;-1;-1;-1;1;0;0;0;1;0;-1;0;0;0;0;0;0;0;1;0;1;0;0;0;1;1;0;0;-1;-1;0;0;-1;-1;-1;-1;-1;-1;-1;-1;-1;0;11;45;78;89;28;67;84;33;9.81;3.11;2.33;2.23;Mika;Shirak;1.71;1.57;1.44;1.89;1.5;1.65;100;89;56;22;11;53;21;15;0;0;0;135;28;Y;Y;N;N;N;N;Y
43529;882;885;2013/2014;complete;193;21;-1;;2;0;1;1;-1;-1;-1;-1;-1;4;2;0;0;-1;-1;-1;-1;-1;-1;-1;-1;-1;-1;4;2;0;0;0;0;0;0;0;0;0;0;0;0;0;0;0;0;0;0;0;0;0;0;0;0;0;0;0;0;0;0;0;0;0;0;0;0;0;0;0;0;0;0;0;0;0;0;0;0;0;0;0;0;0;0;0;0;0;0;0;0;0;0;0;0;0;0;0;0;1;0;1;0;0;0;1;2014-04-12 14:00:00;885;0;40;20;20;0;-1;1;-1;-1;-1;-1;-1;-1;3;0;1;2;3;3;-1;0;0;0;0;0;0;0;0;0;0;0;0;0;1;1;0;1;-1;-1;0;0;-1;-1;-1;-1;-1;-1;-1;-1;-1;10;25;40;55;85;40;65;65;35;8.29;1.4;3.5;2.25;Pyunik;Ararat;1.43;1.79;1.6;2.1;1.35;1.95;90;75;60;45;15;43;29;7;0;0;0;135;28;Y;N;N;N;N;N;N
43530;881;886;2013/2014;complete;193;21;-1;;12,62;0;2;2;-1;-1;-1;-1;-1;1;1;0;0;-1;-1;-1;-1;-1;-1;-1;-1;-1;-1;1;1;0;0;0;0;0;0;0;0;0;0;0;0;0;0;0;0;0;0;0;0;0;0;0;0;0;0;0;0;0;0;0;0;0;0;0;0;0;0;0;0;0;0;0;0;0;0;0;0;0;0;0;0;0;0;0;0;0;0;0;0;0;0;0;0;0;0;0;0;2;0;1;0;1;1;1;2014-04-13 12:00:00;886;0;50;22;33;0;-1;1;-1;-1;-1;-1;-1;-1;0;0;1;1;0;2;-1;0;0;0;0;0;0;0;0;0;0;0;0;0;1;1;0;0;-1;-1;0;0;-1;-1;-1;-1;-1;-1;-1;-1;-1;17;17;45;78;95;39;73;73;39;8;1.34;3.67;2.89;Gandzasar;Ulisses;1.5;0.71;1.56;0.44;1.2;0.65;84;84;56;22;6;52;52;20;0;0;0;135;28;Y;Y;N;N;N;N;N
43531;96;884;2013/2014;complete;193;21;-1;61,62;39,52;2;2;4;4;2;6;4;5;2;3;0;0;6;4;5;8;11;12;10;25;55;45;2;3;0;0;0;0;0;0;0;0;0;0;0;0;0;0;0;0;0;0;0;0;0;0;0;0;0;0;0;0;0;0;0;0;0;0;0;0;0;0;0;0;0;0;0;0;0;0;0;0;0;0;0;0;0;0;0;0;0;0;0;0;0;0;0;0;0;0;0;0;4;0;1;2;1;3;1;2014-04-13 14:00:00;-1;0;50;28;28;0;-1;1;-1;-1;-1;-1;-1;-1;1;2;1;1;3;2;-1;0;0;0;0;0;0;0;0;0;0;0;0;0;1;1;0;0;-1;-1;0;0;-1;-1;-1;-1;-1;-1;-1;-1;-1;6;17;56;67;84;33;61;73;45;6.57;4.56;4.33;2.28;Alashkert;Banants;0.93;1.21;0.56;0.78;0.75;1.7;95;84;45;34;17;55;37;37;0;0;0;135;28;Y;Y;Y;Y;N;N;Y
43532;881;883;2013/2014;complete;193;22;-1;;;0;0;0;-1;-1;-1;-1;-1;0;2;0;0;-1;-1;-1;-1;-1;-1;-1;-1;-1;-1;0;2;0;0;0;0;0;0;0;0;0;0;0;0;0;0;0;0;0;0;0;0;0;0;0;0;0;0;0;0;0;0;0;0;0;0;0;0;0;0;0;0;0;0;0;0;0;0;0;0;0;0;0;0;0;0;0;0;0;0;0;0;0;0;0;0;0;0;0;0;0;0;0;0;0;0;0;2014-04-19 12:00:00;-1;0;45;25;15;0;-1;1;-1;-1;-1;-1;-1;-1;0;1;0;1;1;1;-1;0;0;0;0;0;0;0;0;0;0;0;0;0;1;1;0;0;-1;-1;0;0;-1;-1;-1;-1;-1;-1;-1;-1;-1;10;15;40;80;95;35;80;85;25;9.38;2.6;2.7;2.7;Gandzasar;Shirak;1.5;1.57;1.4;1.8;1.14;1.62;90;85;60;20;5;57;50;25;0;0;0;135;28;N;N;N;N;N;N;N
43533;885;884;2013/2014;complete;193;22;-1;65;2,83;1;2;3;7;2;9;2;1;3;1;0;0;4;4;8;10;12;14;17;23;64;36;3;1;0;0;0;0;0;0;0;0;0;0;0;0;0;0;0;0;0;0;0;0;0;0;0;0;0;0;0;0;0;0;0;0;0;0;0;0;0;0;0;0;0;0;0;0;0;0;0;0;0;0;0;0;0;0;0;0;0;0;0;0;0;0;0;0;0;0;0;0;3;0;1;1;1;2;1;2014-04-19 14:00:00;884;0;30;15;15;0;-1;1;-1;-1;-1;-1;-1;-1;2;1;1;0;3;1;-1;0;0;0;0;0;0;0;0;0;0;0;0;0;1;1;0;1;-1;-1;0;0;-1;-1;-1;-1;-1;-1;-1;-1;-1;10;20;35;55;75;40;55;65;20;8.28;5;3.9;1.95;Ararat;Banants;1.36;1.21;1.8;0.8;2;1.67;90;80;65;45;25;34;28;28;0;0;0;135;28;Y;Y;Y;N;N;N;Y
43534;887;882;2013/2014;complete;193;22;-1;23,30;26;2;1;3;5;3;8;1;8;2;2;0;0;2;2;6;5;8;7;16;13;48;52;2;2;0;0;0;0;0;0;0;0;0;0;0;0;0;0;0;0;0;0;0;0;0;0;0;0;0;0;0;0;0;0;0;0;0;0;0;0;0;0;0;0;0;0;0;0;0;0;0;0;0;0;0;0;0;0;0;0;0;0;0;0;0;0;0;0;0;0;0;0;3;2;1;0;0;0;3;2014-04-20 12:00:00;887;0;35;15;15;0;-1;1;-1;-1;-1;-1;-1;-1;2;1;0;1;3;1;-1;0;0;0;0;0;0;0;0;0;0;0;0;0;1;1;0;0;-1;-1;1;0;-1;-1;-1;-1;-1;-1;-1;-1;-1;10;25;40;70;85;30;60;80;45;8.74;2.5;3.3;2.3;Mika;Pyunik;1.71;0.86;1.4;1.1;1.48;1.29;90;75;60;30;15;53;12;0;0;0;0;135;28;Y;Y;Y;N;N;N;Y
43535;96;886;2013/2014;complete;193;22;-1;17,19,27,71,81;30;5;1;6;-1;-1;-1;-1;-1;1;0;0;0;-1;-1;-1;-1;-1;-1;-1;-1;-1;-1;1;0;0;0;0;0;0;0;0;0;0;0;0;0;0;0;0;0;0;0;0;0;0;0;0;0;0;0;0;0;0;0;0;0;0;0;0;0;0;0;0;0;0;0;0;0;0;0;0;0;0;0;0;0;0;0;0;0;0;0;0;0;0;0;0;0;0;0;0;0;6;3;1;2;0;2;4;2014-04-20 14:00:00;96;0;60;20;40;0;-1;1;-1;-1;-1;-1;-1;-1;1;0;0;0;1;0;-1;0;0;0;0;0;0;0;0;0;0;0;0;0;1;1;0;0;-1;-1;0;0;-1;-1;-1;-1;-1;-1;-1;-1;-1;10;20;65;90;100;35;80;75;60;6.1;3.2;4.1;2.9;Alashkert;Ulisses;0.93;0.71;0.6;0.7;0.76;0.76;90;80;35;10;0;45;35;27;0;0;0;135;28;Y;Y;Y;Y;Y;Y;Y
43536;881;884;2013/2014;complete;193;27;-1;35,73;;2;0;2;-1;-1;-1;-1;-1;1;1;0;0;-1;-1;-1;-1;-1;-1;-1;-1;-1;-1;1;1;0;0;0;0;0;0;0;0;0;0;0;0;0;0;0;0;0;0;0;0;0;0;0;0;0;0;0;0;0;0;0;0;0;0;0;0;0;0;0;0;0;0;0;0;0;0;0;0;0;0;0;0;0;0;0;0;0;0;0;0;0;0;0;0;0;0;0;0;2;1;0;1;0;1;1;2014-04-23 12:00:00;881;0;41;23;27;0;-1;1;-1;-1;-1;-1;-1;-1;1;1;0;0;2;0;-1;0;0;0;0;0;0;0;0;0;0;0;0;0;1;1;0;0;-1;-1;0;0;-1;-1;-1;-1;-1;-1;-1;-1;-1;9;18;36;60;78;27;60;73;27;8.22;2.54;3.55;2.28;Gandzasar;Banants;1.5;1.21;1.36;1;1.14;1.73;91;82;64;41;23;60;49;24;0;0;0;135;28;Y;Y;N;N;N;N;N
43537;887;886;2013/2014;complete;193;27;-1;18,39,50,59;;4;0;4;-1;-1;-1;-1;-1;-1;-1;-1;-1;-1;-1;-1;-1;-1;-1;-1;-1;-1;-1;-1;-1;0;0;0;0;0;0;0;0;0;0;0;0;0;0;0;0;0;0;0;0;0;0;0;0;0;0;0;0;0;0;0;0;0;0;0;0;0;0;0;0;0;0;0;0;0;0;0;0;0;0;0;0;0;0;0;0;0;0;0;0;0;0;0;0;0;0;0;0;4;2;0;2;0;2;2;2014-04-23 12:00:00;887;0;50;23;18;0;-1;-1;-1;-1;-1;-1;-1;-1;-1;-1;-1;-1;-1;-1;-1;0;0;0;0;0;0;0;0;0;0;0;0;0;1;1;0;0;-1;-1;-1;-1;-1;-1;-1;-1;-1;-1;-1;-1;-1;9;14;46;82;91;32;69;73;41;8.1;1.63;2.91;2.5;Mika;Ulisses;1.71;0.71;1.55;0.64;1.55;0.73;91;87;55;18;9;40;20;7;0;0;0;135;28;Y;Y;Y;Y;N;N;N
43538;96;885;2013/2014;complete;193;27;-1;;;0;0;0;5;8;13;4;2;2;3;0;0;4;5;4;6;8;11;13;15;48;52;2;3;0;0;0;0;0;0;0;0;0;0;0;0;0;0;0;0;0;0;0;0;0;0;0;0;0;0;0;0;0;0;0;0;0;0;0;0;0;0;0;0;0;0;0;0;0;0;0;0;0;0;0;0;0;0;0;0;0;0;0;0;0;0;0;0;0;0;0;0;0;0;0;0;0;0;0;2014-04-23 14:00:00;-1;0;46;14;23;0;-1;1;-1;-1;-1;-1;-1;-1;0;1;2;2;1;4;-1;0;0;0;0;0;0;0;0;0;0;0;0;0;1;1;0;0;-1;-1;0;0;-1;-1;-1;-1;-1;-1;-1;-1;-1;9;18;50;59;91;18;69;69;50;6.96;2.72;4.36;2.32;Alashkert;Ararat;0.93;1.79;0.82;2.18;0.86;1.91;91;82;50;41;9;52;42;27;0;0;0;135;28;N;N;N;N;N;N;N
43539;882;883;2013/2014;complete;193;27;-1;14,18;86;2;1;3;-1;-1;-1;-1;-1;1;2;0;0;-1;-1;-1;-1;-1;-1;-1;-1;-1;-1;1;2;0;0;0;0;0;0;0;0;0;0;0;0;0;0;0;0;0;0;0;0;0;0;0;0;0;0;0;0;0;0;0;0;0;0;0;0;0;0;0;0;0;0;0;0;0;0;0;0;0;0;0;0;0;0;0;0;0;0;0;0;0;0;0;0;0;0;0;0;3;2;0;0;1;1;2;2014-04-23 14:00:00;882;0;50;32;18;0;-1;1;-1;-1;-1;-1;-1;-1;0;1;1;1;1;2;-1;0;0;0;0;0;0;0;0;0;0;0;0;0;1;1;0;0;-1;-1;0;0;-1;-1;-1;-1;-1;-1;-1;-1;-1;9;27;50;78;91;55;82;73;32;8.81;2.55;2.64;2.64;Pyunik;Shirak;1.43;1.57;1.45;1.73;1.23;1.59;91;73;50;23;9;41;20;13;0;0;0;135;28;Y;Y;Y;N;N;N;Y
43540;887;885;2013/2014;complete;193;23;-1;13,16;;2;0;2;-1;-1;-1;-1;-1;1;4;0;0;-1;-1;-1;-1;-1;-1;-1;-1;-1;-1;1;4;0;0;0;0;0;0;0;0;0;0;0;0;0;0;0;0;0;0;0;0;0;0;0;0;0;0;0;0;0;0;0;0;0;0;0;0;0;0;0;0;0;0;0;0;0;0;0;0;0;0;0;0;0;0;0;0;0;0;0;0;0;0;0;0;0;0;0;0;2;2;0;0;0;0;2;2014-04-26 13:00:00;887;0;30;9;4;0;-1;1;-1;-1;-1;-1;-1;-1;1;2;0;2;3;2;-1;0;0;0;0;0;0;0;1;0;1;0;0;0;1;1;0;0;-1;-1;0;0;-1;-1;-1;-1;-1;-1;-1;-1;-1;0;9;30;50;79;13;54;63;30;9.48;1.58;3.52;1.67;Mika;Ararat;1.71;1.79;1.67;2.08;1.61;1.87;100;92;71;50;21;50;30;13;0;0;0;135;28;Y;Y;N;N;N;N;N
43541;883;96;2013/2014;complete;193;23;-1;2,40,51,58;47;4;1;5;-1;-1;-1;-1;-1;1;0;0;0;-1;-1;-1;-1;-1;-1;-1;-1;-1;-1;1;0;0;0;0;0;0;0;0;0;0;0;0;0;0;0;0;0;0;0;0;0;0;0;0;0;0;0;0;0;0;0;0;0;0;0;0;0;0;0;0;0;0;0;0;0;0;0;0;0;0;0;0;0;0;0;0;0;0;0;0;0;0;0;0;0;0;0;0;0;5;2;0;2;1;3;2;2014-04-26 13:00:00;883;0;59;18;41;0;-1;1;-1;-1;-1;-1;-1;-1;0;0;1;0;0;1;-1;0;0;0;0;0;0;0;0;1;0;1;0;0;1;1;1;0;-1;-1;0;0;-1;-1;-1;-1;-1;-1;-1;-1;-1;32;41;55;87;96;36;69;96;64;7.07;2.27;4;3.69;Shirak;Alashkert;1.79;0.79;1.45;0.91;1.52;0.87;69;59;46;14;5;29;22;22;0;0;0;135;28;Y;Y;Y;Y;Y;N;Y
43542;886;884;2013/2014;complete;193;23;-1;;90;0;1;1;3;5;8;0;3;1;2;0;0;0;3;3;6;3;9;11;11;43;57;1;2;0;0;0;0;0;0;0;0;0;0;0;0;0;0;0;0;0;0;0;0;0;0;0;0;0;0;0;0;0;0;0;0;0;0;0;0;0;0;0;0;0;0;0;0;0;0;0;0;0;0;0;0;0;0;0;0;0;0;0;0;0;0;0;0;0;0;0;0;1;0;0;0;1;1;0;2014-04-27 13:00:00;884;0;30;13;22;0;-1;1;-1;-1;-1;-1;-1;-1;0;0;1;2;0;3;-1;0;0;0;0;0;0;0;0;0;0;0;0;0;1;1;0;0;-1;-1;0;0;-1;-1;-1;-1;-1;-1;-1;-1;-1;0;9;30;52;83;13;57;70;31;8.89;2.47;3.37;1.74;Ulisses;Banants;1.07;1.21;0.82;0.92;0.7;1.65;100;92;70;49;17;56;36;28;0;0;0;135;28;Y;N;N;N;N;N;N
43543;882;881;2013/2014;complete;193;23;-1;5;90;1;1;2;-1;-1;-1;-1;-1;1;2;0;0;-1;-1;-1;-1;-1;-1;-1;-1;-1;-1;1;2;0;0;0;0;0;0;0;0;0;0;0;0;0;0;0;0;0;0;0;0;0;0;0;0;0;0;0;0;0;0;0;0;0;0;0;0;0;0;0;0;0;0;0;0;0;0;0;0;0;0;0;0;0;0;0;0;0;0;0;0;0;0;0;0;0;0;0;0;2;1;0;0;1;1;1;2014-04-27 15:00:00;-1;0;57;26;39;0;-1;1;-1;-1;-1;-1;-1;-1;0;1;1;1;1;2;-1;0;0;0;0;0;0;0;1;0;1;0;0;0;1;1;1;0;-1;-1;0;1;-1;-1;-1;-1;-1;-1;-1;-1;-1;18;35;47;65;78;51;64;61;44;7.56;1.4;3.23;2.5;Pyunik;Gandzasar;1.43;1;1.58;0.91;1.3;1.22;83;66;53;35;22;41;14;7;0;0;0;135;28;Y;Y;N;N;N;N;Y
43544;883;887;2013/2014;complete;193;28;-1;80,90;;2;0;2;-1;-1;-1;-1;-1;2;3;0;0;-1;-1;-1;-1;-1;-1;-1;-1;-1;-1;2;3;0;0;0;0;0;0;0;0;0;0;0;0;0;0;0;0;0;0;0;0;0;0;0;0;0;0;0;0;0;0;0;0;0;0;0;0;0;0;0;0;0;0;0;0;0;0;0;0;0;0;0;0;0;0;0;0;0;0;0;0;0;0;0;0;0;0;0;0;2;0;0;2;0;2;0;2014-04-30 13:00:00;883;0;70;17;39;0;-1;1;-1;-1;-1;-1;-1;-1;1;0;1;3;1;4;-1;0;0;0;0;0;0;0;0;0;0;0;0;0;1;1;0;0;-1;-1;0;0;-1;-1;-1;-1;-1;-1;-1;-1;-1;13;21;39;78;96;26;66;83;53;8.78;2.49;3.02;2.55;Shirak;Mika;1.79;1.64;1.58;1.55;1.58;1.67;88;79;62;22;4;25;19;13;0;0;0;135;28;Y;Y;N;N;N;N;N
43545;886;881;2013/2014;complete;193;28;-1;47;;1;0;1;-1;-1;-1;-1;-1;0;1;0;0;-1;-1;-1;-1;-1;-1;-1;-1;-1;-1;0;1;0;0;0;0;0;0;0;0;0;0;0;0;0;0;0;0;0;0;0;0;0;0;0;0;0;0;0;0;0;0;0;0;0;0;0;0;0;0;0;0;0;0;0;0;0;0;0;0;0;0;0;0;0;0;0;0;0;0;0;0;0;0;0;0;0;0;0;0;1;0;0;1;0;1;0;2014-04-30 13:00:00;886;0;38;9;30;0;-1;1;-1;-1;-1;-1;-1;-1;0;0;0;1;0;1;-1;0;0;0;0;0;0;0;0;0;0;0;0;0;1;1;0;0;-1;-1;0;0;-1;-1;-1;-1;-1;-1;-1;-1;-1;9;13;25;50;80;13;50;63;38;8.42;1.17;3.17;1.75;Ulisses;Gandzasar;1.07;1;0.75;0.92;0.67;1.21;92;88;75;50;21;48;28;21;0;0;0;135;28;Y;N;N;N;N;N;N
43546;884;96;2013/2014;complete;193;28;-1;47,90;;2;0;2;-1;-1;-1;-1;-1;2;2;0;0;-1;-1;-1;-1;-1;-1;-1;-1;-1;-1;2;2;0;0;0;0;0;0;0;0;0;0;0;0;0;0;0;0;0;0;0;0;0;0;0;0;0;0;0;0;0;0;0;0;0;0;0;0;0;0;0;0;0;0;0;0;0;0;0;0;0;0;0;0;0;0;0;0;0;0;0;0;0;0;0;0;0;0;0;0;2;0;0;2;0;2;0;2014-04-30 13:00:00;884;0;43;13;30;0;-1;1;-1;-1;-1;-1;-1;-1;2;0;0;2;2;2;-1;0;0;0;0;0;0;0;0;0;0;0;0;0;1;1;0;0;-1;-1;1;0;-1;-1;-1;-1;-1;-1;-1;-1;-1;30;38;56;74;91;39;70;87;60;7.46;0.78;3.55;3.43;Banants;Alashkert;2.36;0.79;2.45;0.83;1.71;0.83;71;62;44;27;9;45;38;38;0;0;0;135;28;Y;Y;N;N;N;N;N
43547;885;882;2013/2014;complete;193;28;-1;87;15;1;1;2;6;5;11;0;7;3;0;0;1;8;2;15;2;23;4;23;14;60;40;3;2;0;0;0;0;0;0;0;0;0;0;0;0;0;0;0;0;0;0;0;0;0;0;0;0;0;0;0;0;0;0;0;0;0;0;0;0;0;0;0;0;0;0;0;0;0;0;0;0;0;0;0;0;0;0;0;0;0;0;0;0;0;0;0;0;0;0;0;0;2;0;1;1;0;1;1;2014-04-30 15:00:00;-1;0;32;14;18;0;-1;1;-1;-1;-1;-1;-1;-1;0;1;3;0;1;3;-1;0;0;0;0;0;0;0;1;0;1;0;0;0;1;1;0;0;-1;-1;0;0;-1;-1;-1;-1;-1;-1;-1;-1;-1;18;27;46;69;87;50;69;69;36;8.65;4.46;4;2.46;Ararat;Pyunik;1.36;0.86;1.64;1;1.79;1.29;82;73;55;32;14;40;19;14;0;0;0;135;28;Y;Y;N;N;N;N;Y
43548;884;883;2013/2014;complete;193;24;-1;27,35,68;76;3;1;4;-1;-1;-1;-1;-1;3;1;0;0;-1;-1;-1;-1;-1;-1;-1;-1;-1;-1;3;1;0;0;0;0;0;0;0;0;0;0;0;0;0;0;0;0;0;0;0;0;0;0;0;0;0;0;0;0;0;0;0;0;0;0;0;0;0;0;0;0;0;0;0;0;0;0;0;0;0;0;0;0;0;0;0;0;0;0;0;0;0;0;0;0;0;0;0;0;4;2;0;1;1;2;2;2014-05-03 13:00:00;884;0;42;21;4;0;-1;1;-1;-1;-1;-1;-1;-1;1;0;2;1;1;3;-1;0;0;0;0;0;0;0;0;0;0;0;0;0;1;1;0;0;-1;-1;0;0;-1;-1;-1;-1;-1;-1;-1;-1;-1;4;13;46;71;88;34;71;79;30;8.55;1.91;2.75;2.29;Banants;Shirak;2.36;1.57;2.5;1.58;1.76;1.64;96;88;54;30;13;36;29;29;0;0;0;135;28;Y;Y;Y;Y;N;N;Y
43549;881;887;2013/2014;complete;193;24;-1;49;22,85;1;2;3;-1;-1;-1;-1;-1;1;1;0;0;-1;-1;-1;-1;-1;-1;-1;-1;-1;-1;1;1;0;0;0;0;0;0;0;0;0;0;0;0;0;0;0;0;0;0;0;0;0;0;0;0;0;0;0;0;0;0;0;0;0;0;0;0;0;0;0;0;0;0;0;0;0;0;0;0;0;0;0;0;0;0;0;0;0;0;0;0;0;0;0;0;0;0;0;0;3;0;1;1;1;2;1;2014-05-03 13:00:00;887;0;46;13;29;0;-1;1;-1;-1;-1;-1;-1;-1;0;0;1;1;0;2;-1;0;0;0;0;0;0;0;0;0;0;0;0;0;1;1;0;0;-1;-1;0;0;-1;-1;-1;-1;-1;-1;-1;-1;-1;9;13;25;71;92;21;63;75;42;10;1;2.92;2.33;Gandzasar;Mika;1.5;1.64;1.5;1.42;1.16;1.6;92;88;75;29;9;63;57;25;0;0;0;135;28;Y;Y;Y;N;N;N;Y
43550;885;886;2013/2014;complete;193;24;-1;19;63,90;1;2;3;13;1;14;1;1;0;4;0;0;12;3;9;3;21;6;10;10;59;41;0;4;0;0;0;0;0;0;0;0;0;0;0;0;0;0;0;0;0;0;0;0;0;0;0;0;0;0;0;0;0;0;0;0;0;0;0;0;0;0;0;0;0;0;0;0;0;0;0;0;0;0;0;0;0;0;0;0;0;0;0;0;0;0;0;0;0;0;0;0;3;1;0;0;2;2;1;2014-05-03 15:00:00;886;0;42;13;21;0;-1;1;-1;-1;-1;-1;-1;-1;0;2;0;2;2;2;-1;0;0;0;0;0;0;0;0;0;0;0;0;0;1;1;0;0;-1;-1;0;0;-1;-1;-1;-1;-1;-1;-1;-1;-1;17;21;46;80;92;46;75;71;38;8.17;2.67;3.64;2.63;Ararat;Ulisses;1.36;0.71;1.58;0.58;1.76;0.76;83;79;55;21;9;36;31;24;0;0;0;135;28;Y;Y;Y;N;N;N;Y
43551;96;882;2013/2014;complete;193;24;-1;18,44,65,85,90;22;5;1;6;-1;-1;-1;-1;-1;2;2;0;0;-1;-1;-1;-1;-1;-1;-1;-1;-1;-1;2;2;0;0;0;0;0;0;0;0;0;0;0;0;0;0;0;0;0;0;0;0;0;0;0;0;0;0;0;0;0;0;0;0;0;0;0;0;0;0;0;0;0;0;0;0;0;0;0;0;0;0;0;0;0;0;0;0;0;0;0;0;0;0;0;0;0;0;0;0;6;2;1;3;0;3;3;2014-05-03 15:00:00;96;0;55;25;30;0;-1;1;-1;-1;-1;-1;-1;-1;2;1;0;1;3;1;-1;0;0;0;0;0;0;0;0;0;0;0;0;0;1;1;0;0;-1;-1;0;0;-1;-1;-1;-1;-1;-1;-1;-1;-1;17;33;63;79;92;42;75;75;59;6.97;4.75;4.25;2.88;Alashkert;Pyunik;0.93;0.86;0.83;1;0.8;1.28;83;67;38;21;8;57;33;28;0;0;0;135;28;Y;Y;Y;Y;Y;Y;Y
43552;887;96;2013/2014;complete;193;25;-1;47;13;1;1;2;9;2;11;5;2;1;2;0;0;5;4;8;8;13;12;18;19;59;41;1;2;0;0;0;0;0;0;0;0;0;0;0;0;0;0;0;0;0;0;0;0;0;0;0;0;0;0;0;0;0;0;0;0;0;0;0;0;0;0;0;0;0;0;0;0;0;0;0;0;0;0;0;0;0;0;0;0;0;0;0;0;0;0;0;0;0;0;0;0;2;0;1;1;0;1;1;2014-05-10 13:00:00;-1;0;42;12;27;0;-1;1;-1;-1;-1;-1;-1;-1;1;1;0;1;2;1;-1;0;0;0;0;0;0;0;0;0;0;0;0;0;1;1;0;0;-1;-1;0;0;-1;-1;-1;-1;-1;-1;-1;-1;-1;23;35;50;85;93;39;66;85;62;8.39;1.15;3.25;3.27;Mika;Alashkert;1.71;0.79;1.77;0.77;1.65;0.88;77;66;50;16;8;54;27;22;0;0;0;135;28;Y;Y;N;N;N;N;Y
43553;881;885;2013/2014;complete;193;25;-1;45,48;34;2;1;3;-1;-1;-1;-1;-1;2;0;0;0;-1;-1;-1;-1;-1;-1;-1;-1;-1;-1;2;0;0;0;0;0;0;0;0;0;0;0;0;0;0;0;0;0;0;0;0;0;0;0;0;0;0;0;0;0;0;0;0;0;0;0;0;0;0;0;0;0;0;0;0;0;0;0;0;0;0;0;0;0;0;0;0;0;0;0;0;0;0;0;0;0;0;0;0;0;3;1;1;1;0;1;2;2014-05-11 13:00:00;881;0;27;8;16;0;-1;1;-1;-1;-1;-1;-1;-1;2;0;0;0;2;0;-1;0;0;0;0;0;0;0;0;0;0;0;0;0;1;1;0;0;-1;-1;0;0;-1;-1;-1;-1;-1;-1;-1;-1;-1;8;8;23;50;81;16;62;62;23;9.38;0.53;3.84;1.93;Gandzasar;Ararat;1.5;1.79;1.38;1.92;1.12;1.69;93;93;77;50;19;63;63;25;0;0;0;135;28;Y;Y;Y;N;N;N;Y
43554;883;886;2013/2014;complete;193;25;-1;19,25,76;50;3;1;4;4;2;6;2;1;0;0;0;0;4;2;9;6;13;8;10;8;54;46;0;0;0;0;0;0;0;0;0;0;0;0;0;0;0;0;0;0;0;0;0;0;0;0;0;0;0;0;0;0;0;0;0;0;0;0;0;0;0;0;0;0;0;0;0;0;0;0;0;0;0;0;0;0;0;0;0;0;0;0;0;0;0;0;0;0;0;0;0;0;4;2;0;1;1;2;2;2014-05-11 13:00:00;883;0;62;23;31;0;-1;-1;-1;-1;-1;-1;-1;-1;0;0;0;0;0;0;-1;0;0;0;0;0;0;0;0;0;0;0;0;0;1;1;0;0;-1;-1;-1;-1;-1;-1;-1;-1;-1;-1;-1;-1;-1;19;27;54;89;96;39;74;85;54;6.53;1.69;3.6;3;Shirak;Ulisses;1.79;0.71;1.69;0.77;1.58;0.85;81;73;46;12;4;19;19;13;0;0;0;135;28;Y;Y;Y;Y;N;N;Y
43555;882;884;2013/2014;complete;193;25;-1;;8;0;1;1;-1;-1;-1;-1;-1;1;0;0;0;-1;-1;-1;-1;-1;-1;-1;-1;-1;-1;1;0;0;0;0;0;0;0;0;0;0;0;0;0;0;0;0;0;0;0;0;0;0;0;0;0;0;0;0;0;0;0;0;0;0;0;0;0;0;0;0;0;0;0;0;0;0;0;0;0;0;0;0;0;0;0;0;0;0;0;0;0;0;0;0;0;0;0;0;0;1;0;1;0;0;0;1;2014-05-11 15:00:00;884;0;50;27;27;0;-1;1;-1;-1;-1;-1;-1;-1;0;0;1;0;0;1;-1;0;0;0;0;0;0;0;0;0;0;0;0;0;1;1;0;1;-1;-1;0;0;-1;-1;-1;-1;-1;-1;-1;-1;-1;8;27;46;66;85;46;70;73;31;7.83;2.46;3.38;2.39;Pyunik;Banants;1.43;1.21;1.54;1.08;1.23;1.81;93;74;54;35;16;42;17;10;0;0;0;135;28;Y;N;N;N;N;N;N
43556;885;883;2013/2014;complete;193;26;-1;68;31,45,50,75;1;4;5;4;3;7;1;4;1;2;0;0;5;6;7;5;12;11;9;14;51;49;1;2;0;0;0;0;0;0;0;0;0;0;0;0;0;0;0;0;0;0;0;0;0;0;0;0;0;0;0;0;0;0;0;0;0;0;0;0;0;0;0;0;0;0;0;0;0;0;0;0;0;0;0;0;0;0;0;0;0;0;0;0;0;0;0;0;0;0;0;0;5;0;2;1;2;3;2;2014-05-18 13:00:00;883;0;46;12;12;0;-1;1;-1;-1;-1;-1;-1;-1;1;0;0;2;1;2;-1;0;0;0;0;0;0;0;0;0;0;0;0;0;1;1;0;0;-1;-1;0;0;-1;-1;-1;-1;-1;-1;-1;-1;-1;8;15;46;77;89;42;77;77;27;10.15;3.69;3;2.35;Ararat;Shirak;1.36;1.57;1.46;1.46;1.63;1.63;93;85;54;23;12;42;32;32;0;0;0;135;28;Y;Y;Y;Y;Y;N;Y
43557;886;882;2013/2014;complete;193;26;-1;90,90;78;2;1;3;-1;-1;-1;-1;-1;1;2;0;0;-1;-1;-1;-1;-1;-1;-1;-1;-1;-1;1;2;0;0;0;0;0;0;0;0;0;0;0;0;0;0;0;0;0;0;0;0;0;0;0;0;0;0;0;0;0;0;0;0;0;0;0;0;0;0;0;0;0;0;0;0;0;0;0;0;0;0;0;0;0;0;0;0;0;0;0;0;0;0;0;0;0;0;0;0;3;0;0;2;1;3;0;2014-05-18 13:00:00;886;0;31;16;15;0;-1;1;-1;-1;-1;-1;-1;-1;0;0;1;2;0;3;-1;0;0;0;0;0;0;0;1;0;1;0;0;0;1;1;0;0;-1;-1;0;0;-1;-1;-1;-1;-1;-1;-1;-1;-1;12;19;35;58;92;27;62;73;39;8.99;2.38;3.39;2.19;Ulisses;Pyunik;1.07;0.86;0.92;0.92;0.81;1.19;89;81;66;43;8;54;32;20;0;0;0;135;28;Y;Y;Y;N;N;N;Y
43558;884;887;2013/2014;complete;193;26;-1;48,78;27,75,85;2;3;5;-1;-1;-1;-1;-1;3;1;1;0;-1;-1;-1;-1;-1;-1;-1;-1;-1;-1;4;1;0;0;0;0;0;0;0;0;0;0;0;0;0;0;0;0;0;0;0;0;0;0;0;0;0;0;0;0;0;0;0;0;0;0;0;0;0;0;0;0;0;0;0;0;0;0;0;0;0;0;0;0;0;0;0;0;0;0;0;0;0;0;0;0;0;0;0;0;5;0;1;2;2;4;1;2014-05-18 13:00:00;887;0;50;12;27;0;-1;1;-1;-1;-1;-1;-1;-1;2;0;2;1;2;3;-1;0;0;0;0;0;0;0;0;0;0;0;0;0;1;1;0;0;-1;-1;0;0;-1;-1;-1;-1;-1;-1;-1;-1;-1;4;16;39;70;93;23;62;77;54;9.17;0.85;3.07;2.27;Banants;Mika;2.36;1.64;2.54;1.54;1.85;1.63;96;85;62;31;8;42;36;29;0;0;0;135;28;Y;Y;Y;Y;Y;N;Y
43559;96;881;2013/2014;complete;193;26;-1;12,61;34,51,54;2;3;5;-1;-1;-1;-1;-1;0;3;0;1;-1;-1;-1;-1;-1;-1;-1;-1;-1;-1;0;4;0;0;0;0;0;0;0;0;0;0;0;0;0;0;0;0;0;0;0;0;0;0;0;0;0;0;0;0;0;0;0;0;0;0;0;0;0;0;0;0;0;0;0;0;0;0;0;0;0;0;0;0;0;0;0;0;0;0;0;0;0;0;0;0;0;0;0;0;5;1;1;1;2;3;2;2014-05-18 13:00:00;881;0;62;23;38;0;-1;1;-1;-1;-1;-1;-1;-1;0;0;0;4;0;4;-1;0;0;0;0;0;0;0;0;0;0;0;0;0;1;1;0;0;-1;-1;0;0;-1;-1;-1;-1;-1;-1;-1;-1;-1;19;31;54;70;81;31;62;70;58;6.4;2.77;3.84;2.62;Alashkert;Gandzasar;0.93;1;1;0.85;0.89;1.19;81;70;46;31;20;51;29;29;0;0;0;135;28;Y;Y;Y;Y;Y;N;Y
