ID;HOMEID;AWAYID;SEASON;STATUS;ROUNDID;GAME_WEEK;REVISED_GAME_WEEK;HOMEGOALS;AWAYGOALS;HOMEGOALCOUNT;AWAYGOALCOUNT;TOTALGOALCOUNT;TEAM_A_CORNERS;TEAM_B_CORNERS;TOTALCORNERCOUNT;TEAM_A_OFFSIDES;TEAM_B_OFFSIDES;TEAM_A_YELLOW_CARDS;TEAM_B_YELLOW_CARDS;TEAM_A_RED_CARDS;TEAM_B_RED_CARDS;TEAM_A_SHOTSONTARGET;TEAM_B_SHOTSONTARGET;TEAM_A_SHOTSOFFTARGET;TEAM_B_SHOTSOFFTARGET;TEAM_A_SHOTS;TEAM_B_SHOTS;TEAM_A_FOULS;TEAM_B_FOULS;TEAM_A_POSSESSION;TEAM_B_POSSESSION;TEAM_A_CARDS_NUM;TEAM_B_CARDS_NUM;ODDS_FT_1;ODDS_FT_X;ODDS_FT_2;ODDS_FT_OVER05;ODDS_FT_OVER15;ODDS_FT_OVER25;ODDS_FT_OVER35;ODDS_FT_OVER45;ODDS_FT_UNDER05;ODDS_FT_UNDER15;ODDS_FT_UNDER25;ODDS_FT_UNDER35;ODDS_FT_UNDER45;ODDS_BTTS_YES;ODDS_BTTS_NO;ODDS_TEAM_A_CS_YES;ODDS_TEAM_A_CS_NO;ODDS_TEAM_B_CS_YES;ODDS_TEAM_B_CS_NO;ODDS_DOUBLECHANCE_1X;ODDS_DOUBLECHANCE_12;ODDS_DOUBLECHANCE_X2;ODDS_1ST_HALF_RESULT_1;ODDS_1ST_HALF_RESULT_X;ODDS_1ST_HALF_RESULT_2;ODDS_2ND_HALF_RESULT_1;ODDS_2ND_HALF_RESULT_X;ODDS_2ND_HALF_RESULT_2;ODDS_DNB_1;ODDS_DNB_2;ODDS_CORNERS_OVER_75;ODDS_CORNERS_OVER_85;ODDS_CORNERS_OVER_95;ODDS_CORNERS_OVER_105;ODDS_CORNERS_OVER_115;ODDS_CORNERS_UNDER_75;ODDS_CORNERS_UNDER_85;ODDS_CORNERS_UNDER_95;ODDS_CORNERS_UNDER_105;ODDS_CORNERS_UNDER_115;ODDS_CORNERS_1;ODDS_CORNERS_X;ODDS_CORNERS_2;ODDS_TEAM_TO_SCORE_FIRST_1;ODDS_TEAM_TO_SCORE_FIRST_X;ODDS_TEAM_TO_SCORE_FIRST_2;ODDS_WIN_TO_NIL_1;ODDS_WIN_TO_NIL_2;ODDS_1ST_HALF_OVER05;ODDS_1ST_HALF_OVER15;ODDS_1ST_HALF_OVER25;ODDS_1ST_HALF_OVER35;ODDS_1ST_HALF_UNDER05;ODDS_1ST_HALF_UNDER15;ODDS_1ST_HALF_UNDER25;ODDS_1ST_HALF_UNDER35;ODDS_2ND_HALF_OVER05;ODDS_2ND_HALF_OVER15;ODDS_2ND_HALF_OVER25;ODDS_2ND_HALF_OVER35;ODDS_2ND_HALF_UNDER05;ODDS_2ND_HALF_UNDER15;ODDS_2ND_HALF_UNDER25;ODDS_2ND_HALF_UNDER35;ODDS_BTTS_1ST_HALF_YES;ODDS_BTTS_1ST_HALF_NO;ODDS_BTTS_2ND_HALF_YES;ODDS_BTTS_2ND_HALF_NO;OVERALLGOALCOUNT;HT_GOALS_TEAM_A;HT_GOALS_TEAM_B;GOALS_2HG_TEAM_A;GOALS_2HG_TEAM_B;GOALCOUNT_2HG;HTGOALCOUNT;DATE_UNIX;WINNINGTEAM;NO_HOME_AWAY;BTTS_POTENTIAL;BTTS_FHG_POTENTIAL;BTTS_2HG_POTENTIAL;GOALTIMINGDISABLED;CORNER_TIMINGS_RECORDED;CARD_TIMINGS_RECORDED;TEAM_A_FH_CORNERS;TEAM_B_FH_CORNERS;TEAM_A_2H_CORNERS;TEAM_B_2H_CORNERS;CORNER_FH_COUNT;CORNER_2H_COUNT;TEAM_A_FH_CARDS;TEAM_B_FH_CARDS;TEAM_A_2H_CARDS;TEAM_B_2H_CARDS;TOTAL_FH_CARDS;TOTAL_2H_CARDS;ATTACKS_RECORDED;TEAM_A_DANGEROUS_ATTACKS;TEAM_B_DANGEROUS_ATTACKS;TEAM_A_ATTACKS;TEAM_B_ATTACKS;TEAM_A_XG;TEAM_B_XG;TOTAL_XG;TEAM_A_PENALTIES_WON;TEAM_B_PENALTIES_WON;TEAM_A_PENALTY_GOALS;TEAM_B_PENALTY_GOALS;TEAM_A_PENALTY_MISSED;TEAM_B_PENALTY_MISSED;PENS_RECORDED;GOAL_TIMINGS_RECORDED;TEAM_A_0_10_MIN_GOALS;TEAM_B_0_10_MIN_GOALS;TEAM_A_CORNERS_0_10_MIN;TEAM_B_CORNERS_0_10_MIN;TEAM_A_CARDS_0_10_MIN;TEAM_B_CARDS_0_10_MIN;THROWINS_RECORDED;TEAM_A_THROWINS;TEAM_B_THROWINS;FREEKICKS_RECORDED;TEAM_A_FREEKICKS;TEAM_B_FREEKICKS;GOALKICKS_RECORDED;TEAM_A_GOALKICKS;TEAM_B_GOALKICKS;O45_POTENTIAL;O35_POTENTIAL;O25_POTENTIAL;O15_POTENTIAL;O05_POTENTIAL;O15HT_POTENTIAL;O05HT_POTENTIAL;O05_2H_POTENTIAL;O15_2H_POTENTIAL;CORNERS_POTENTIAL;OFFSIDES_POTENTIAL;CARDS_POTENTIAL;AVG_POTENTIAL;HOME_NAME;AWAY_NAME;HOME_PPG;AWAY_PPG;PRE_MATCH_HOME_PPG;PRE_MATCH_AWAY_PPG;PRE_MATCH_TEAMA_OVERALL_PPG;PRE_MATCH_TEAMB_OVERALL_PPG;U45_POTENTIAL;U35_POTENTIAL;U25_POTENTIAL;U15_POTENTIAL;U05_POTENTIAL;CORNERS_O85_POTENTIAL;CORNERS_O95_POTENTIAL;CORNERS_O105_POTENTIAL;TEAM_A_XG_PREMATCH;TEAM_B_XG_PREMATCH;TOTAL_XG_PREMATCH;COMPETITION_ID;MATCHES_COMPLETED_MINIMUM;OVER05;OVER15;OVER25;OVER35;OVER45;OVER55;BTTS
64628;884;887;2015/2016;complete;304;1;-1;90;75;1;1;2;4;6;10;2;2;2;2;0;0;16;6;5;3;21;9;16;10;41;59;2;2;0;0;0;0;0;0;0;0;0;0;0;0;0;0;0;0;0;0;0;0;0;0;0;0;0;0;0;0;0;0;0;0;0;0;0;0;0;0;0;0;0;0;0;0;0;0;0;0;0;0;0;0;0;0;0;0;0;0;0;0;0;0;0;0;0;0;0;0;2;0;0;1;1;2;0;2015-08-01 14:00:00;-1;0;0;0;0;0;-1;1;-1;-1;-1;-1;-1;-1;1;0;1;2;1;3;-1;0;0;0;0;0;0;0;0;0;0;0;0;0;1;1;0;0;-1;-1;0;0;-1;-1;-1;-1;-1;-1;-1;-1;-1;0;0;0;0;0;0;0;0;0;0;0;0;0;Banants;Mika;1.36;1;0;0;0;0;0;0;0;0;0;0;0;0;0;0;0;216;28;Y;Y;N;N;N;N;Y
64629;882;96;2015/2016;complete;304;1;-1;12;22,82;1;2;3;8;2;10;0;1;2;2;0;0;6;4;8;5;14;9;17;20;58;42;2;2;0;0;0;0;0;0;0;0;0;0;0;0;0;0;0;0;0;0;0;0;0;0;0;0;0;0;0;0;0;0;0;0;0;0;0;0;0;0;0;0;0;0;0;0;0;0;0;0;0;0;0;0;0;0;0;0;0;0;0;0;0;0;0;0;0;0;0;0;3;1;1;0;1;1;2;2015-08-01 15:00:00;96;0;0;0;0;0;-1;1;-1;-1;-1;-1;-1;-1;0;1;2;1;1;3;-1;0;0;0;0;0;0;0;0;1;0;1;0;0;1;1;0;0;-1;-1;0;0;-1;-1;-1;-1;-1;-1;-1;-1;-1;0;0;0;0;0;0;0;0;0;0;0;0;0;Pyunik;Alashkert;1.79;1.86;0;0;0;0;0;0;0;0;0;0;0;0;0;0;0;216;28;Y;Y;Y;N;N;N;Y
64630;885;886;2015/2016;complete;304;1;-1;60,84;;2;0;2;3;2;5;0;1;0;3;0;0;6;6;7;1;13;7;14;13;56;44;0;3;0;0;0;0;0;0;0;0;0;0;0;0;0;0;0;0;0;0;0;0;0;0;0;0;0;0;0;0;0;0;0;0;0;0;0;0;0;0;0;0;0;0;0;0;0;0;0;0;0;0;0;0;0;0;0;0;0;0;0;0;0;0;0;0;0;0;0;0;2;0;0;2;0;2;0;2015-08-02 13:30:00;885;0;0;0;0;0;-1;1;-1;-1;-1;-1;-1;-1;0;1;0;2;1;2;-1;0;0;0;0;0;0;0;0;0;0;0;0;0;1;1;0;0;-1;-1;0;0;-1;-1;-1;-1;-1;-1;-1;-1;-1;0;0;0;0;0;0;0;0;0;0;0;0;0;Ararat;Ulisses;1;0;0;0;0;0;0;0;0;0;0;0;0;0;0;0;0;216;28;Y;Y;N;N;N;N;N
64631;883;881;2015/2016;complete;304;1;-1;54,82;52;2;1;3;9;4;13;3;2;4;2;0;0;5;3;5;5;10;8;15;14;57;43;4;2;0;0;0;0;0;0;0;0;0;0;0;0;0;0;0;0;0;0;0;0;0;0;0;0;0;0;0;0;0;0;0;0;0;0;0;0;0;0;0;0;0;0;0;0;0;0;0;0;0;0;0;0;0;0;0;0;0;0;0;0;0;0;0;0;0;0;0;0;3;0;0;2;1;3;0;2015-08-02 13:30:00;883;0;0;0;0;0;-1;1;-1;-1;-1;-1;-1;-1;3;2;1;0;5;1;-1;0;0;0;0;0;0;0;0;0;0;0;0;0;1;1;0;0;-1;-1;1;0;-1;-1;-1;-1;-1;-1;-1;-1;-1;0;0;0;0;0;0;0;0;0;0;0;0;0;Shirak;Gandzasar;1.86;1.21;0;0;0;0;0;0;0;0;0;0;0;0;0;0;0;216;28;Y;Y;Y;N;N;N;Y
64632;96;881;2015/2016;complete;304;2;-1;;;0;0;0;2;6;8;6;2;2;3;0;0;4;4;3;3;7;7;20;16;59;41;2;3;0;0;0;0;0;0;0;0;0;0;0;0;0;0;0;0;0;0;0;0;0;0;0;0;0;0;0;0;0;0;0;0;0;0;0;0;0;0;0;0;0;0;0;0;0;0;0;0;0;0;0;0;0;0;0;0;0;0;0;0;0;0;0;0;0;0;0;0;0;0;0;0;0;0;0;2015-08-08 13:30:00;-1;0;50;0;50;0;-1;1;-1;-1;-1;-1;-1;-1;1;1;1;2;2;3;-1;0;0;0;0;0;0;0;0;0;0;0;0;0;1;1;0;0;-1;-1;0;1;-1;-1;-1;-1;-1;-1;-1;-1;-1;0;0;50;50;50;0;0;50;50;4;2;2;1.5;Alashkert;Gandzasar;2.07;1.21;0;0;3;0;50;50;0;0;0;50;50;50;0;0;0;216;28;N;N;N;N;N;N;N
64633;882;884;2015/2016;complete;304;2;-1;22,43,47,56,85;39;5;1;6;6;5;11;6;1;3;1;0;0;3;4;4;3;7;7;16;11;41;59;3;1;0;0;0;0;0;0;0;0;0;0;0;0;0;0;0;0;0;0;0;0;0;0;0;0;0;0;0;0;0;0;0;0;0;0;0;0;0;0;0;0;0;0;0;0;0;0;0;0;0;0;0;0;0;0;0;0;0;0;0;0;0;0;0;0;0;0;0;0;6;2;1;3;0;3;3;2015-08-08 15:00:00;882;0;50;50;0;0;-1;1;-1;-1;-1;-1;-1;-1;1;0;2;1;1;3;-1;0;0;0;0;0;0;0;0;1;0;1;0;0;1;1;0;0;-1;-1;0;0;-1;-1;-1;-1;-1;-1;-1;-1;-1;0;0;50;50;50;50;50;50;0;8;0;2;1.5;Pyunik;Banants;1.79;1;0;0;0;1;50;50;0;0;0;50;50;0;0;0;0;216;28;Y;Y;Y;Y;Y;Y;Y
64634;883;886;2015/2016;complete;304;2;-1;38,59,87;31,66;3;2;5;5;2;7;7;0;2;2;0;0;5;5;9;4;14;9;15;9;52;48;2;2;0;0;0;0;0;0;0;0;0;0;0;0;0;0;0;0;0;0;0;0;0;0;0;0;0;0;0;0;0;0;0;0;0;0;0;0;0;0;0;0;0;0;0;0;0;0;0;0;0;0;0;0;0;0;0;0;0;0;0;0;0;0;0;0;0;0;0;0;5;1;1;2;1;3;2;2015-08-09 14:00:00;883;0;50;0;50;0;-1;1;-1;-1;-1;-1;-1;-1;1;1;1;1;2;2;-1;0;0;0;0;0;0;0;1;0;1;0;0;0;1;1;0;0;-1;-1;0;0;-1;-1;-1;-1;-1;-1;-1;-1;-1;0;0;50;100;100;0;0;100;100;11;4;7;2.5;Shirak;Ulisses;1.86;0;3;0;3;0;100;100;50;0;0;50;50;50;0;0;0;216;28;Y;Y;Y;Y;Y;N;Y
64635;887;885;2015/2016;complete;304;2;-1;;63;0;1;1;6;8;14;1;3;2;1;0;0;2;5;10;2;12;7;22;21;55;45;2;1;0;0;0;0;0;0;0;0;0;0;0;0;0;0;0;0;0;0;0;0;0;0;0;0;0;0;0;0;0;0;0;0;0;0;0;0;0;0;0;0;0;0;0;0;0;0;0;0;0;0;0;0;0;0;0;0;0;0;0;0;0;0;0;0;0;0;0;0;1;0;0;0;1;1;0;2015-08-09 14:00:00;885;0;0;0;0;0;-1;1;-1;-1;-1;-1;-1;-1;1;0;1;1;1;2;-1;0;0;0;0;0;0;0;0;0;0;0;0;0;1;1;0;0;-1;-1;0;0;-1;-1;-1;-1;-1;-1;-1;-1;-1;0;0;0;0;0;0;0;0;0;0;0;0;0;Mika;Ararat;1.29;1.64;0;0;1;3;0;0;0;0;0;0;0;0;0;0;0;216;28;Y;N;N;N;N;N;N
64636;881;886;2015/2016;complete;304;3;-1;6,12,43;;3;0;3;2;4;6;4;1;1;2;0;0;2;5;4;5;6;10;17;14;35;65;1;2;0;0;0;0;0;0;0;0;0;0;0;0;0;0;0;0;0;0;0;0;0;0;0;0;0;0;0;0;0;0;0;0;0;0;0;0;0;0;0;0;0;0;0;0;0;0;0;0;0;0;0;0;0;0;0;0;0;0;0;0;0;0;0;0;0;0;0;0;3;3;0;0;0;0;3;2015-08-15 13:00:00;881;0;25;25;25;0;-1;1;-1;-1;-1;-1;-1;-1;1;2;0;0;3;0;-1;0;0;0;0;0;0;0;0;0;0;0;0;0;1;1;1;0;-1;-1;1;0;-1;-1;-1;-1;-1;-1;-1;-1;-1;25;25;25;50;50;25;25;50;50;2;0.5;2.5;1.75;Gandzasar;Ulisses;2;0;0;0;0.5;0;25;25;25;0;0;0;0;0;0;0;0;216;28;Y;Y;Y;N;N;N;N
64637;883;887;2015/2016;complete;304;3;-1;36,74;;2;0;2;4;7;11;4;2;4;3;0;0;5;6;1;5;6;11;20;9;46;54;4;3;0;0;0;0;0;0;0;0;0;0;0;0;0;0;0;0;0;0;0;0;0;0;0;0;0;0;0;0;0;0;0;0;0;0;0;0;0;0;0;0;0;0;0;0;0;0;0;0;0;0;0;0;0;0;0;0;0;0;0;0;0;0;0;0;0;0;0;0;2;1;0;1;0;1;1;2015-08-15 13:30:00;883;0;100;25;100;0;-1;1;-1;-1;-1;-1;-1;-1;2;1;2;2;3;4;-1;0;0;0;0;0;0;0;0;0;0;0;0;0;1;1;0;0;-1;-1;0;0;-1;-1;-1;-1;-1;-1;-1;-1;-1;25;25;50;100;100;25;25;100;100;13;7;5;3;Shirak;Mika;1.86;1;3;1;3;0.5;75;75;50;0;0;75;75;25;0;0;0;216;28;Y;Y;N;N;N;N;N
64638;884;96;2015/2016;complete;304;3;-1;16,50;8,62;2;2;4;7;6;13;1;8;2;2;0;0;4;5;5;5;9;10;10;18;49;51;2;2;0;0;0;0;0;0;0;0;0;0;0;0;0;0;0;0;0;0;0;0;0;0;0;0;0;0;0;0;0;0;0;0;0;0;0;0;0;0;0;0;0;0;0;0;0;0;0;0;0;0;0;0;0;0;0;0;0;0;0;0;0;0;0;0;0;0;0;0;4;1;1;1;1;2;2;2015-08-16 13:00:00;-1;0;100;50;50;0;-1;1;-1;-1;-1;-1;-1;-1;1;1;1;1;2;2;-1;0;0;0;0;0;0;0;0;0;0;0;0;0;1;1;0;1;-1;-1;1;0;-1;-1;-1;-1;-1;-1;-1;-1;-1;0;0;50;100;100;50;50;100;50;6;3;4;2.5;Banants;Alashkert;1.36;1.86;1;3;0.5;2;100;100;50;0;0;100;100;0;0;0;0;216;28;Y;Y;Y;Y;N;N;Y
64639;885;882;2015/2016;complete;304;3;-1;27;80;1;1;2;5;5;10;0;3;2;1;0;0;2;3;2;7;4;10;23;12;38;62;2;1;0;0;0;0;0;0;0;0;0;0;0;0;0;0;0;0;0;0;0;0;0;0;0;0;0;0;0;0;0;0;0;0;0;0;0;0;0;0;0;0;0;0;0;0;0;0;0;0;0;0;0;0;0;0;0;0;0;0;0;0;0;0;0;0;0;0;0;0;2;1;0;0;1;1;1;2015-08-16 15:00:00;-1;0;0;0;0;0;-1;1;-1;-1;-1;-1;-1;-1;1;0;1;1;1;2;-1;0;0;0;0;0;0;0;0;0;0;0;0;0;1;1;0;0;-1;-1;0;0;-1;-1;-1;-1;-1;-1;-1;-1;-1;0;0;0;50;50;0;0;50;50;3;0;0;1;Ararat;Pyunik;1;1.64;3;0;3;1.5;50;50;50;0;0;0;0;0;0;0;0;216;28;Y;Y;N;N;N;N;Y
64640;96;886;2015/2016;complete;304;4;-1;54,72,76,86;;4;0;4;6;5;11;2;0;2;3;0;0;5;4;5;4;10;8;21;11;40;60;2;3;0;0;0;0;0;0;0;0;0;0;0;0;0;0;0;0;0;0;0;0;0;0;0;0;0;0;0;0;0;0;0;0;0;0;0;0;0;0;0;0;0;0;0;0;0;0;0;0;0;0;0;0;0;0;0;0;0;0;0;0;0;0;0;0;0;0;0;0;4;0;0;4;0;4;0;2015-08-22 13:30:00;96;0;17;17;17;0;-1;1;-1;-1;-1;-1;-1;-1;1;3;1;0;4;1;-1;0;0;0;0;0;0;0;0;0;0;0;0;0;1;1;0;0;-1;-1;0;1;-1;-1;-1;-1;-1;-1;-1;-1;-1;17;17;34;50;50;34;34;34;34;4.67;6.67;4.33;1.67;Alashkert;Ulisses;2.07;0;1;0;1.67;0;84;84;67;50;50;0;0;0;0;0;0;216;28;Y;Y;Y;Y;N;N;N
64641;887;881;2015/2016;complete;304;4;-1;28,56;15,48,90;2;3;5;1;7;8;6;2;4;3;0;0;5;7;4;7;9;14;17;18;49;51;4;3;0;0;0;0;0;0;0;0;0;0;0;0;0;0;0;0;0;0;0;0;0;0;0;0;0;0;0;0;0;0;0;0;0;0;0;0;0;0;0;0;0;0;0;0;0;0;0;0;0;0;0;0;0;0;0;0;0;0;0;0;0;0;0;0;0;0;0;0;5;1;1;1;2;3;2;2015-08-22 13:30:00;881;0;25;0;25;0;-1;1;-1;-1;-1;-1;-1;-1;3;1;1;2;4;3;-1;0;0;0;0;0;0;0;1;0;1;0;0;0;1;1;0;0;-1;-1;0;0;-1;-1;-1;-1;-1;-1;-1;-1;-1;0;0;25;25;75;0;0;75;25;11;3;4.5;1.25;Mika;Gandzasar;1.29;1.21;0;0.5;0.33;1.33;100;100;75;75;25;75;75;75;0;0;0;216;28;Y;Y;Y;Y;Y;N;Y
64642;884;885;2015/2016;complete;304;4;-1;2,23,70;;3;0;3;5;6;11;3;6;3;1;0;0;4;7;5;7;9;14;16;8;44;56;3;1;0;0;0;0;0;0;0;0;0;0;0;0;0;0;0;0;0;0;0;0;0;0;0;0;0;0;0;0;0;0;0;0;0;0;0;0;0;0;0;0;0;0;0;0;0;0;0;0;0;0;0;0;0;0;0;0;0;0;0;0;0;0;0;0;0;0;0;0;3;2;0;1;0;1;2;2015-08-23 13:00:00;884;0;50;25;50;0;-1;1;-1;-1;-1;-1;-1;-1;1;1;2;0;2;2;-1;0;0;0;0;0;0;0;0;0;0;0;0;0;1;1;1;0;-1;-1;0;0;-1;-1;-1;-1;-1;-1;-1;-1;-1;0;25;25;50;100;25;25;100;50;13.5;4.5;3;2;Banants;Ararat;1.36;1.64;1;3;0.67;2.33;100;75;75;50;0;100;100;75;0;0;0;216;28;Y;Y;Y;N;N;N;N
64643;882;883;2015/2016;complete;304;4;-1;10,42,65;;3;0;3;8;4;12;2;1;3;2;0;0;7;3;5;3;12;6;9;13;46;54;3;2;0;0;0;0;0;0;0;0;0;0;0;0;0;0;0;0;0;0;0;0;0;0;0;0;0;0;0;0;0;0;0;0;0;0;0;0;0;0;0;0;0;0;0;0;0;0;0;0;0;0;0;0;0;0;0;0;0;0;0;0;0;0;0;0;0;0;0;0;3;2;0;1;0;1;2;2015-08-23 15:00:00;882;0;50;50;0;0;-1;1;-1;-1;-1;-1;-1;-1;1;2;2;0;3;2;-1;0;0;0;0;0;0;0;0;0;0;0;0;0;1;1;1;0;-1;-1;0;0;-1;-1;-1;-1;-1;-1;-1;-1;-1;25;25;50;50;50;50;50;50;25;7;3;2.5;2.25;Pyunik;Shirak;1.79;1.86;1.5;0;1.33;3;25;25;0;0;0;50;50;25;0;0;0;216;28;Y;Y;Y;N;N;N;N
64644;885;96;2015/2016;complete;304;5;-1;35;42,50;1;2;3;5;4;9;1;3;3;3;0;0;2;6;2;5;4;11;14;18;41;59;3;3;0;0;0;0;0;0;0;0;0;0;0;0;0;0;0;0;0;0;0;0;0;0;0;0;0;0;0;0;0;0;0;0;0;0;0;0;0;0;0;0;0;0;0;0;0;0;0;0;0;0;0;0;0;0;0;0;0;0;0;0;0;0;0;0;0;0;0;0;3;1;1;0;1;1;2;2015-08-29 13:30:00;96;0;75;50;25;0;-1;1;-1;-1;-1;-1;-1;-1;3;1;0;2;4;2;-1;0;0;0;0;0;0;0;0;1;0;1;0;0;1;1;0;0;-1;-1;0;0;-1;-1;-1;-1;-1;-1;-1;-1;-1;0;25;50;100;100;50;75;100;50;8;4.5;3;2.75;Ararat;Alashkert;1;1.86;2;2;1.75;2;100;75;50;0;0;75;75;25;0;0;0;216;28;Y;Y;Y;N;N;N;Y
64645;883;884;2015/2016;complete;304;5;-1;33;89;1;1;2;4;4;8;7;0;1;1;0;0;5;4;4;4;9;8;16;10;43;57;1;1;0;0;0;0;0;0;0;0;0;0;0;0;0;0;0;0;0;0;0;0;0;0;0;0;0;0;0;0;0;0;0;0;0;0;0;0;0;0;0;0;0;0;0;0;0;0;0;0;0;0;0;0;0;0;0;0;0;0;0;0;0;0;0;0;0;0;0;0;2;1;0;0;1;1;1;2015-08-29 13:30:00;-1;0;84;67;34;0;-1;1;-1;-1;-1;-1;-1;-1;0;1;1;0;1;1;-1;0;0;0;0;0;0;0;0;1;0;1;0;0;1;1;0;0;-1;-1;0;0;-1;-1;-1;-1;-1;-1;-1;-1;-1;67;67;84;100;100;67;84;100;84;11;5.67;4.33;4.67;Shirak;Banants;1.86;1;3;0;2.25;1.25;34;34;17;0;0;84;84;84;0;0;0;216;28;Y;Y;N;N;N;N;Y
64646;881;882;2015/2016;complete;304;5;-1;90;59;1;1;2;-1;-1;-1;-1;-1;1;1;0;0;-1;-1;-1;-1;-1;-1;-1;-1;-1;-1;1;1;0;0;0;0;0;0;0;0;0;0;0;0;0;0;0;0;0;0;0;0;0;0;0;0;0;0;0;0;0;0;0;0;0;0;0;0;0;0;0;0;0;0;0;0;0;0;0;0;0;0;0;0;0;0;0;0;0;0;0;0;0;0;0;0;0;0;0;0;2;0;0;1;1;2;0;2015-08-30 13:00:00;-1;0;50;0;0;0;-1;1;-1;-1;-1;-1;-1;-1;0;0;1;1;0;2;-1;0;0;0;0;0;0;0;1;0;1;0;0;0;1;1;0;0;-1;-1;0;0;-1;-1;-1;-1;-1;-1;-1;-1;-1;0;0;50;100;100;50;100;50;0;7;7;2;2.5;Gandzasar;Pyunik;2;1.64;3;1;1.75;1.75;100;100;50;0;0;50;50;0;0;0;0;216;28;Y;Y;N;N;N;N;Y
64647;886;887;2015/2016;complete;304;5;-1;;71,73;0;2;2;4;2;6;1;7;2;1;0;0;8;4;9;9;17;13;14;12;49;51;2;1;0;0;0;0;0;0;0;0;0;0;0;0;0;0;0;0;0;0;0;0;0;0;0;0;0;0;0;0;0;0;0;0;0;0;0;0;0;0;0;0;0;0;0;0;0;0;0;0;0;0;0;0;0;0;0;0;0;0;0;0;0;0;0;0;0;0;0;0;2;0;0;0;2;2;0;2015-08-30 13:00:00;887;0;25;0;25;0;-1;1;-1;-1;-1;-1;-1;-1;0;1;2;0;1;2;-1;0;0;0;0;0;0;0;0;0;0;0;0;0;1;1;0;0;-1;-1;0;0;-1;-1;-1;-1;-1;-1;-1;-1;-1;0;0;0;50;50;0;25;50;25;6.5;2;2.5;1;Ulisses;Mika;0.14;1;0;0.5;0;0.25;50;50;50;0;0;50;50;25;0;0;0;216;28;Y;Y;N;N;N;N;N
64648;96;887;2015/2016;complete;304;6;-1;69,79;;2;0;2;1;1;2;0;1;2;1;0;0;5;4;3;7;8;11;17;9;55;45;2;1;0;0;0;0;0;0;0;0;0;0;0;0;0;0;0;0;0;0;0;0;0;0;0;0;0;0;0;0;0;0;0;0;0;0;0;0;0;0;0;0;0;0;0;0;0;0;0;0;0;0;0;0;0;0;0;0;0;0;0;0;0;0;0;0;0;0;0;0;2;0;0;2;0;2;0;2015-09-12 12:00:00;96;0;17;0;17;0;-1;1;-1;-1;-1;-1;-1;-1;1;0;1;1;1;2;-1;0;0;0;0;0;0;0;0;0;0;0;0;0;1;1;0;0;-1;-1;0;0;-1;-1;-1;-1;-1;-1;-1;-1;-1;0;25;25;75;75;0;17;75;59;9;7.67;4;2;Alashkert;Mika;2.07;1;2;1.33;2.2;0.8;100;75;75;25;25;59;59;42;0;0;0;216;28;Y;Y;N;N;N;N;N
64649;885;883;2015/2016;complete;304;6;-1;;16,47;0;2;2;6;8;14;1;2;2;2;0;0;3;4;5;1;8;5;12;12;52;48;2;2;0;0;0;0;0;0;0;0;0;0;0;0;0;0;0;0;0;0;0;0;0;0;0;0;0;0;0;0;0;0;0;0;0;0;0;0;0;0;0;0;0;0;0;0;0;0;0;0;0;0;0;0;0;0;0;0;0;0;0;0;0;0;0;0;0;0;0;0;2;0;1;0;1;1;1;2015-09-12 13:30:00;883;0;34;17;0;0;-1;1;-1;-1;-1;-1;-1;-1;0;0;2;2;0;4;-1;0;0;0;0;0;0;0;0;0;0;0;0;0;1;1;0;0;-1;-1;0;0;-1;-1;-1;-1;-1;-1;-1;-1;-1;0;0;67;100;100;67;84;100;17;8.33;1.33;3.67;2.67;Ararat;Shirak;1;1.86;1.33;0;1.4;2;100;100;34;0;0;84;67;50;0;0;0;216;28;Y;Y;N;N;N;N;N
64650;884;881;2015/2016;complete;304;6;-1;;34;0;1;1;5;6;11;1;5;0;2;0;0;8;4;9;9;17;13;8;12;64;36;0;2;0;0;0;0;0;0;0;0;0;0;0;0;0;0;0;0;0;0;0;0;0;0;0;0;0;0;0;0;0;0;0;0;0;0;0;0;0;0;0;0;0;0;0;0;0;0;0;0;0;0;0;0;0;0;0;0;0;0;0;0;0;0;0;0;0;0;0;0;1;0;1;0;0;0;1;2015-09-13 13:00:00;881;0;67;33;67;0;-1;1;-1;-1;-1;-1;-1;-1;0;1;0;1;1;1;-1;0;0;0;0;0;0;0;0;0;0;0;0;0;1;1;0;0;-1;-1;0;0;-1;-1;-1;-1;-1;-1;-1;-1;-1;17;33;67;84;84;50;50;84;67;11;4;5;2.84;Banants;Gandzasar;1.36;1.21;1.67;1.33;1.2;1.6;84;67;33;17;17;67;67;50;0;0;0;216;28;Y;N;N;N;N;N;N
64651;882;886;2015/2016;complete;304;6;-1;5,82;;2;0;2;3;5;8;5;2;1;2;0;0;5;5;8;1;13;6;14;8;53;47;1;2;0;0;0;0;0;0;0;0;0;0;0;0;0;0;0;0;0;0;0;0;0;0;0;0;0;0;0;0;0;0;0;0;0;0;0;0;0;0;0;0;0;0;0;0;0;0;0;0;0;0;0;0;0;0;0;0;0;0;0;0;0;0;0;0;0;0;0;0;2;1;0;1;0;1;1;2015-09-13 15:00:00;882;0;46;46;13;0;-1;1;-1;-1;-1;-1;-1;-1;0;1;1;1;1;2;-1;0;0;0;0;0;0;0;0;0;0;0;0;0;1;1;1;0;-1;-1;0;1;-1;-1;-1;-1;-1;-1;-1;-1;-1;29;42;88;100;100;75;75;88;54;10.58;3.17;5.17;3.75;Pyunik;Ulisses;1.79;0;2;0;1.6;0;71;59;13;0;0;63;63;46;0;0;0;216;28;Y;Y;N;N;N;N;N
64652;883;96;2015/2016;complete;304;7;-1;34;51,54;1;2;3;6;3;9;1;2;3;1;0;0;2;4;8;2;10;6;14;13;48;52;3;1;0;0;0;0;0;0;0;0;0;0;0;0;0;0;0;0;0;0;0;0;0;0;0;0;0;0;0;0;0;0;0;0;0;0;0;0;0;0;0;0;0;0;0;0;0;0;0;0;0;0;0;0;0;0;0;0;0;0;0;0;0;0;0;0;0;0;0;0;3;1;0;0;2;2;1;2015-09-19 13:00:00;96;0;88;63;42;0;-1;1;-1;-1;-1;-1;-1;-1;2;1;1;0;3;1;-1;0;0;0;0;0;0;0;0;0;0;0;0;0;1;1;0;0;-1;-1;1;0;-1;-1;-1;-1;-1;-1;-1;-1;-1;13;29;75;100;100;63;88;100;42;9.5;9.25;5.08;3.17;Shirak;Alashkert;1.86;1.86;2.5;2.33;2.17;2.33;88;71;25;0;0;75;59;42;0;0;0;216;28;Y;Y;Y;N;N;N;Y
64653;886;884;2015/2016;complete;304;7;-1;49,90;90,90;2;2;4;3;7;10;6;2;1;0;0;0;4;5;4;5;8;10;12;14;43;57;1;0;0;0;0;0;0;0;0;0;0;0;0;0;0;0;0;0;0;0;0;0;0;0;0;0;0;0;0;0;0;0;0;0;0;0;0;0;0;0;0;0;0;0;0;0;0;0;0;0;0;0;0;0;0;0;0;0;0;0;0;0;0;0;0;0;0;0;0;0;4;0;0;2;2;4;0;2015-09-19 13:30:00;-1;0;50;25;0;0;-1;1;-1;-1;-1;-1;-1;-1;1;0;0;0;1;0;-1;0;0;0;0;0;0;0;0;0;0;0;0;0;1;1;0;0;-1;-1;0;0;-1;-1;-1;-1;-1;-1;-1;-1;-1;25;25;25;100;100;25;50;100;75;8.5;1.5;3;3;Ulisses;Banants;0.14;1;0;0.5;0;1;75;75;75;0;0;25;25;25;0;0;0;216;28;Y;Y;Y;Y;N;N;Y
64654;887;882;2015/2016;complete;304;7;-1;42;;1;0;1;1;4;5;2;5;5;3;0;0;7;6;4;2;11;8;20;17;45;55;5;3;0;0;0;0;0;0;0;0;0;0;0;0;0;0;0;0;0;0;0;0;0;0;0;0;0;0;0;0;0;0;0;0;0;0;0;0;0;0;0;0;0;0;0;0;0;0;0;0;0;0;0;0;0;0;0;0;0;0;0;0;0;0;0;0;0;0;0;0;1;1;0;0;0;0;1;2015-09-20 12:00:00;887;0;75;25;50;0;-1;1;-1;-1;-1;-1;-1;-1;2;2;3;1;4;4;-1;0;0;0;0;0;0;0;0;0;0;0;0;0;1;1;0;0;-1;-1;0;0;-1;-1;-1;-1;-1;-1;-1;-1;-1;25;25;25;75;100;25;50;100;50;8.5;4.5;4;2.5;Mika;Pyunik;1.29;1.64;0;1;0.67;1.83;75;75;75;25;0;75;75;25;0;0;0;216;28;Y;N;N;N;N;N;N
64655;881;885;2015/2016;complete;304;7;-1;66;;1;0;1;6;2;8;2;1;2;2;0;0;4;2;4;2;8;4;12;13;50;50;2;2;0;0;0;0;0;0;0;0;0;0;0;0;0;0;0;0;0;0;0;0;0;0;0;0;0;0;0;0;0;0;0;0;0;0;0;0;0;0;0;0;0;0;0;0;0;0;0;0;0;0;0;0;0;0;0;0;0;0;0;0;0;0;0;0;0;0;0;0;1;0;0;1;0;1;0;2015-09-20 13:00:00;881;0;25;0;25;0;-1;1;-1;-1;-1;-1;-1;-1;1;0;1;2;1;3;-1;0;0;0;0;0;0;0;0;0;0;0;0;0;1;1;0;0;-1;-1;0;0;-1;-1;-1;-1;-1;-1;-1;-1;-1;0;0;50;75;100;50;50;75;25;9;6;2;2.25;Gandzasar;Ararat;2;1.64;2;1.5;1.83;1.17;100;100;50;25;0;50;50;50;0;0;0;216;28;Y;N;N;N;N;N;N
64656;881;883;2015/2016;complete;304;8;-1;34;90;1;1;2;8;5;13;3;1;1;3;0;0;3;4;5;6;8;10;12;19;45;55;1;3;0;0;0;0;0;0;0;0;0;0;0;0;0;0;0;0;0;0;0;0;0;0;0;0;0;0;0;0;0;0;0;0;0;0;0;0;0;0;0;0;0;0;0;0;0;0;0;0;0;0;0;0;0;0;0;0;0;0;0;0;0;0;0;0;0;0;0;0;2;1;0;0;1;1;1;2015-09-26 12:00:00;-1;0;17;0;17;0;-1;1;-1;-1;-1;-1;-1;-1;0;0;1;3;0;4;-1;0;0;0;0;0;0;0;0;0;0;0;0;0;1;1;0;0;-1;-1;0;0;-1;-1;-1;-1;-1;-1;-1;-1;-1;0;0;42;84;100;42;67;84;17;10;3.17;3.33;2.25;Gandzasar;Shirak;2;1.86;2.33;1.5;2;1.86;100;100;59;17;0;50;50;50;0;0;0;216;28;Y;Y;N;N;N;N;Y
64657;886;885;2015/2016;complete;304;8;-1;15;66,86;1;2;3;2;7;9;1;2;1;0;0;0;8;10;1;5;9;15;17;15;52;48;1;0;0;0;0;0;0;0;0;0;0;0;0;0;0;0;0;0;0;0;0;0;0;0;0;0;0;0;0;0;0;0;0;0;0;0;0;0;0;0;0;0;0;0;0;0;0;0;0;0;0;0;0;0;0;0;0;0;0;0;0;0;0;0;0;0;0;0;0;0;3;1;0;0;2;2;1;2015-09-26 13:30:00;885;0;25;0;25;0;-1;1;-1;-1;-1;-1;-1;-1;0;0;1;0;0;1;-1;0;0;0;0;0;0;0;0;0;0;0;0;0;1;1;0;0;-1;-1;0;0;-1;-1;-1;-1;-1;-1;-1;-1;-1;0;25;42;67;100;17;17;100;50;8.83;6.83;2.83;2.34;Ulisses;Ararat;0.14;1.64;0.5;1;0.14;1;100;75;59;34;0;59;59;34;0;0;0;216;28;Y;Y;Y;N;N;N;Y
64658;96;882;2015/2016;complete;304;8;-1;58;1,40,66,90;1;4;5;1;3;4;3;2;1;1;0;0;2;5;6;4;8;9;14;16;51;49;1;1;0;0;0;0;0;0;0;0;0;0;0;0;0;0;0;0;0;0;0;0;0;0;0;0;0;0;0;0;0;0;0;0;0;0;0;0;0;0;0;0;0;0;0;0;0;0;0;0;0;0;0;0;0;0;0;0;0;0;0;0;0;0;0;0;0;0;0;0;5;0;2;1;2;3;2;2015-09-27 11:00:00;882;0;34;0;17;0;-1;1;-1;-1;-1;-1;-1;-1;0;0;1;1;0;2;-1;0;0;0;0;0;0;0;0;0;0;0;0;0;1;1;0;1;-1;-1;0;0;-1;-1;-1;-1;-1;-1;-1;-1;-1;0;17;17;67;84;0;34;67;50;7.5;5;3.67;1.84;Alashkert;Pyunik;2.07;1.64;2.33;0.67;2.43;1.57;100;84;84;33;17;42;42;17;0;0;0;216;28;Y;Y;Y;Y;Y;N;Y
64659;887;884;2015/2016;complete;304;8;-1;28;;1;0;1;2;3;5;5;0;5;1;0;1;6;5;2;2;8;7;15;14;44;56;5;3;0;0;0;0;0;0;0;0;0;0;0;0;0;0;0;0;0;0;0;0;0;0;0;0;0;0;0;0;0;0;0;0;0;0;0;0;0;0;0;0;0;0;0;0;0;0;0;0;0;0;0;0;0;0;0;0;0;0;0;0;0;0;0;0;0;0;0;0;1;1;0;0;0;0;1;2015-09-27 12:00:00;887;0;67;33;33;0;-1;1;-1;-1;-1;-1;-1;-1;0;0;5;2;0;7;-1;0;0;0;0;0;0;0;0;0;0;0;0;0;1;1;0;0;-1;-1;0;0;-1;-1;-1;-1;-1;-1;-1;-1;-1;33;50;50;67;100;33;67;84;50;8;4;4.34;3.17;Mika;Banants;1.29;1;1;0.67;1;1;67;50;50;34;0;50;50;33;0;0;0;216;28;Y;N;N;N;N;N;N
64660;881;96;2015/2016;complete;304;9;-1;29,78;33,35;2;2;4;5;3;8;3;1;4;2;0;2;5;5;3;7;8;12;14;17;51;49;4;6;0;0;0;0;0;0;0;0;0;0;0;0;0;0;0;0;0;0;0;0;0;0;0;0;0;0;0;0;0;0;0;0;0;0;0;0;0;0;0;0;0;0;0;0;0;0;0;0;0;0;0;0;0;0;0;0;0;0;0;0;0;0;0;0;0;0;0;0;4;1;2;1;0;1;3;2015-10-03 11:00:00;-1;0;75;38;25;0;-1;1;-1;-1;-1;-1;-1;-1;2;3;2;1;5;3;-1;0;0;0;0;0;0;0;0;0;0;0;0;0;1;1;0;0;-1;-1;1;1;-1;-1;-1;-1;-1;-1;-1;-1;-1;0;13;63;88;100;50;75;88;38;9.08;5.5;3.25;2.63;Gandzasar;Alashkert;2;1.86;2;2.5;1.88;2.13;100;88;38;13;0;67;42;29;0;0;0;216;28;Y;Y;Y;Y;N;N;Y
64661;884;882;2015/2016;complete;304;9;-1;;70;0;1;1;5;4;9;1;8;4;2;0;0;3;4;2;3;5;7;10;13;42;58;4;2;0;0;0;0;0;0;0;0;0;0;0;0;0;0;0;0;0;0;0;0;0;0;0;0;0;0;0;0;0;0;0;0;0;0;0;0;0;0;0;0;0;0;0;0;0;0;0;0;0;0;0;0;0;0;0;0;0;0;0;0;0;0;0;0;0;0;0;0;1;0;0;0;1;1;0;2015-10-03 11:00:00;882;0;63;13;50;0;-1;1;-1;-1;-1;-1;-1;-1;1;0;3;2;1;5;-1;0;0;0;0;0;0;0;0;1;0;1;0;0;1;1;0;0;-1;-1;0;0;-1;-1;-1;-1;-1;-1;-1;-1;-1;13;25;38;75;100;38;75;75;50;9.25;4;3.25;2.5;Banants;Pyunik;1.36;1.64;1.25;1.25;0.88;1.75;88;75;63;25;0;67;67;38;0;0;0;216;28;Y;N;N;N;N;N;N
64662;886;883;2015/2016;complete;304;9;-1;;55;0;1;1;0;9;9;0;2;2;1;0;0;5;3;5;10;10;13;16;18;49;51;2;1;0;0;0;0;0;0;0;0;0;0;0;0;0;0;0;0;0;0;0;0;0;0;0;0;0;0;0;0;0;0;0;0;0;0;0;0;0;0;0;0;0;0;0;0;0;0;0;0;0;0;0;0;0;0;0;0;0;0;0;0;0;0;0;0;0;0;0;0;1;0;0;0;1;1;0;2015-10-04 14:00:00;883;0;50;0;17;0;-1;1;-1;-1;-1;-1;-1;-1;0;0;2;1;0;3;-1;0;0;0;0;0;0;0;0;0;0;0;0;0;1;1;0;0;-1;-1;0;0;-1;-1;-1;-1;-1;-1;-1;-1;-1;0;17;50;100;100;17;67;100;50;8.67;4;3.66;2.67;Ulisses;Shirak;0.14;1.86;0.33;1.33;0.13;1.75;100;84;50;0;0;84;67;50;0;0;0;216;28;Y;N;N;N;N;N;N
64663;885;887;2015/2016;complete;304;9;-1;24,27;2;2;1;3;8;2;10;2;2;2;2;0;0;2;3;3;6;5;9;21;16;44;56;2;2;0;0;0;0;0;0;0;0;0;0;0;0;0;0;0;0;0;0;0;0;0;0;0;0;0;0;0;0;0;0;0;0;0;0;0;0;0;0;0;0;0;0;0;0;0;0;0;0;0;0;0;0;0;0;0;0;0;0;0;0;0;0;0;0;0;0;0;0;3;2;1;0;0;0;3;2015-10-05 14:00:00;885;0;38;13;13;0;-1;1;-1;-1;-1;-1;-1;-1;0;2;2;0;2;2;-1;0;0;0;0;0;0;0;0;0;0;0;0;0;1;1;0;1;-1;-1;0;0;-1;-1;-1;-1;-1;-1;-1;-1;-1;0;0;13;100;100;13;50;100;50;8.75;3.5;3.5;2.13;Ararat;Mika;1;1;1;1;1.25;1.25;100;100;88;0;0;63;50;25;0;0;0;216;28;Y;Y;Y;N;N;N;Y
64664;887;883;2015/2016;complete;304;10;-1;;44;0;1;1;6;0;6;2;2;2;5;0;0;4;4;8;3;12;7;12;26;60;40;2;5;0;0;0;0;0;0;0;0;0;0;0;0;0;0;0;0;0;0;0;0;0;0;0;0;0;0;0;0;0;0;0;0;0;0;0;0;0;0;0;0;0;0;0;0;0;0;0;0;0;0;0;0;0;0;0;0;0;0;0;0;0;0;0;0;0;0;0;0;1;0;1;0;0;0;1;2015-10-17 10:00:00;883;0;25;13;13;0;-1;1;-1;-1;-1;-1;-1;-1;2;0;0;5;2;5;-1;0;0;0;0;0;0;0;0;0;0;0;0;0;1;1;0;0;-1;-1;0;0;-1;-1;-1;-1;-1;-1;-1;-1;-1;13;13;25;50;100;25;75;75;13;9;5;6;2;Mika;Shirak;1.29;1.86;1.5;1.75;1.11;1.89;88;88;75;50;0;63;50;50;0;0;0;216;28;Y;N;N;N;N;N;N
64665;886;881;2015/2016;complete;304;10;-1;;;0;0;0;2;1;3;2;1;2;2;0;0;6;2;3;7;9;9;15;14;40;60;2;2;0;0;0;0;0;0;0;0;0;0;0;0;0;0;0;0;0;0;0;0;0;0;0;0;0;0;0;0;0;0;0;0;0;0;0;0;0;0;0;0;0;0;0;0;0;0;0;0;0;0;0;0;0;0;0;0;0;0;0;0;0;0;0;0;0;0;0;0;0;0;0;0;0;0;0;2015-10-17 14:00:00;-1;0;50;13;38;0;-1;1;-1;-1;-1;-1;-1;-1;2;1;0;1;3;1;-1;0;0;0;0;0;0;0;0;0;0;0;0;0;1;1;0;0;-1;-1;1;0;-1;-1;-1;-1;-1;-1;-1;-1;-1;13;25;50;63;88;13;38;75;63;8;4.75;4;2.38;Ulisses;Gandzasar;0.14;1.21;0.25;1.75;0.11;1.78;88;75;50;38;13;63;38;25;0;0;0;216;28;N;N;N;N;N;N;N
64666;96;884;2015/2016;complete;304;10;-1;19,68,76;;3;0;3;6;2;8;7;0;2;1;0;1;9;4;9;1;18;5;17;9;49;51;2;3;0;0;0;0;0;0;0;0;0;0;0;0;0;0;0;0;0;0;0;0;0;0;0;0;0;0;0;0;0;0;0;0;0;0;0;0;0;0;0;0;0;0;0;0;0;0;0;0;0;0;0;0;0;0;0;0;0;0;0;0;0;0;0;0;0;0;0;0;3;1;0;2;0;2;1;2015-10-18 10:00:00;96;0;50;13;25;0;-1;1;-1;-1;-1;-1;-1;-1;0;1;2;1;1;3;-1;0;0;0;0;0;0;0;1;0;1;0;0;0;1;1;0;0;-1;-1;0;0;-1;-1;-1;-1;-1;-1;-1;-1;-1;25;50;50;75;88;25;50;75;63;7.25;3.5;3;3;Alashkert;Banants;2.07;1;1.75;0.5;2;0.78;75;50;50;25;13;38;38;25;0;0;0;216;28;Y;Y;Y;N;N;N;N
64667;882;885;2015/2016;complete;304;10;-1;;6;0;1;1;5;2;7;1;4;3;4;1;0;6;4;7;2;13;6;7;20;65;35;5;4;0;0;0;0;0;0;0;0;0;0;0;0;0;0;0;0;0;0;0;0;0;0;0;0;0;0;0;0;0;0;0;0;0;0;0;0;0;0;0;0;0;0;0;0;0;0;0;0;0;0;0;0;0;0;0;0;0;0;0;0;0;0;0;0;0;0;0;0;1;0;1;0;0;0;1;2015-10-18 12:00:00;885;0;38;25;0;0;-1;1;-1;-1;-1;-1;-1;-1;0;1;4;3;1;7;-1;0;0;0;0;0;0;0;0;0;0;0;0;0;1;1;0;1;-1;-1;0;0;-1;-1;-1;-1;-1;-1;-1;-1;-1;13;13;63;75;100;50;75;100;25;12;6.25;3.25;2.75;Pyunik;Ararat;1.79;1.64;2.25;1.5;1.89;1.44;88;88;38;25;0;75;63;50;0;0;0;216;28;Y;N;N;N;N;N;N
64668;885;884;2015/2016;complete;304;11;-1;;;0;0;0;4;3;7;5;1;0;0;0;0;3;3;6;6;9;9;10;10;43;57;0;0;0;0;0;0;0;0;0;0;0;0;0;0;0;0;0;0;0;0;0;0;0;0;0;0;0;0;0;0;0;0;0;0;0;0;0;0;0;0;0;0;0;0;0;0;0;0;0;0;0;0;0;0;0;0;0;0;0;0;0;0;0;0;0;0;0;0;0;0;0;0;0;0;0;0;0;2015-10-24 10:00:00;-1;0;60;30;10;0;-1;-1;-1;-1;-1;-1;-1;-1;0;0;0;0;0;0;-1;0;0;0;0;0;0;0;0;0;0;0;0;0;1;1;0;0;-1;-1;-1;-1;-1;-1;-1;-1;-1;-1;-1;-1;-1;10;20;50;90;100;30;80;80;40;9.6;1.4;3.4;2.8;Ararat;Banants;1;1;1.4;0.4;1.6;0.7;90;80;50;10;0;60;50;20;0;0;0;216;28;N;N;N;N;N;N;N
64669;883;882;2015/2016;complete;304;11;-1;;55,78;0;2;2;3;3;6;1;0;2;2;0;0;0;4;7;3;7;7;20;15;52;48;2;2;0;0;0;0;0;0;0;0;0;0;0;0;0;0;0;0;0;0;0;0;0;0;0;0;0;0;0;0;0;0;0;0;0;0;0;0;0;0;0;0;0;0;0;0;0;0;0;0;0;0;0;0;0;0;0;0;0;0;0;0;0;0;0;0;0;0;0;0;2;0;0;0;2;2;0;2015-10-24 11:00:00;882;0;70;10;40;0;-1;1;-1;-1;-1;-1;-1;-1;1;0;1;2;1;3;-1;0;0;0;0;0;0;0;0;0;0;0;0;0;1;1;0;0;-1;-1;0;0;-1;-1;-1;-1;-1;-1;-1;-1;-1;20;20;40;80;100;20;70;90;50;9.6;7.8;4.4;2.6;Shirak;Pyunik;1.86;1.64;2;1.6;2;1.7;80;80;60;20;0;55;33;20;0;0;0;216;28;Y;Y;N;N;N;N;N
64670;886;96;2015/2016;complete;304;11;-1;;57,61,79;0;3;3;1;9;10;1;5;1;1;0;0;3;15;2;10;5;25;9;19;47;53;1;1;0;0;0;0;0;0;0;0;0;0;0;0;0;0;0;0;0;0;0;0;0;0;0;0;0;0;0;0;0;0;0;0;0;0;0;0;0;0;0;0;0;0;0;0;0;0;0;0;0;0;0;0;0;0;0;0;0;0;0;0;0;0;0;0;0;0;0;0;3;0;0;0;3;3;0;2015-10-25 10:00:00;96;0;70;40;20;0;-1;1;-1;-1;-1;-1;-1;-1;0;1;1;0;1;1;-1;0;0;0;0;0;0;0;0;0;0;0;0;0;1;1;0;0;-1;-1;0;0;-1;-1;-1;-1;-1;-1;-1;-1;-1;0;30;70;80;90;40;60;90;50;5.8;5;4.4;2.7;Ulisses;Alashkert;0.14;1.86;0.4;2.2;0.2;2.1;100;70;30;20;10;70;30;10;0;0;0;216;28;Y;Y;Y;N;N;N;N
64671;881;887;2015/2016;complete;304;11;-1;70,80;61;2;1;3;-1;-1;-1;-1;-1;2;3;0;0;-1;-1;-1;-1;-1;-1;-1;-1;-1;-1;2;3;0;0;0;0;0;0;0;0;0;0;0;0;0;0;0;0;0;0;0;0;0;0;0;0;0;0;0;0;0;0;0;0;0;0;0;0;0;0;0;0;0;0;0;0;0;0;0;0;0;0;0;0;0;0;0;0;0;0;0;0;0;0;0;0;0;0;0;0;3;0;0;2;1;3;0;2015-10-25 11:00:00;881;0;50;20;20;0;-1;1;-1;-1;-1;-1;-1;-1;0;0;2;3;0;5;-1;0;0;0;0;0;0;0;0;0;0;0;0;0;1;1;0;0;-1;-1;0;0;-1;-1;-1;-1;-1;-1;-1;-1;-1;0;10;30;90;100;30;50;80;40;8.85;5;3.6;2.3;Gandzasar;Mika;2;1;1.8;0.8;1.7;1;100;90;70;10;0;43;43;23;0;0;0;216;28;Y;Y;Y;N;N;N;Y
64672;96;885;2015/2016;complete;304;12;-1;50;41;1;1;2;3;2;5;2;0;2;2;0;0;6;7;7;3;13;10;15;8;55;45;2;2;0;0;0;0;0;0;0;0;0;0;0;0;0;0;0;0;0;0;0;0;0;0;0;0;0;0;0;0;0;0;0;0;0;0;0;0;0;0;0;0;0;0;0;0;0;0;0;0;0;0;0;0;0;0;0;0;0;0;0;0;0;0;0;0;0;0;0;0;2;0;1;1;0;1;1;2015-10-31 10:00:00;-1;0;20;0;10;0;-1;1;-1;-1;-1;-1;-1;-1;1;1;1;1;2;2;-1;0;0;0;0;0;0;0;0;0;0;0;0;0;1;1;0;0;-1;-1;0;0;-1;-1;-1;-1;-1;-1;-1;-1;-1;10;20;50;60;90;20;50;80;50;8.2;6.8;3.4;2.3;Alashkert;Ararat;2.07;1.64;2;1.8;2.18;1.55;90;80;50;40;10;40;30;30;0;0;0;216;28;Y;Y;N;N;N;N;Y
64673;884;883;2015/2016;complete;304;12;-1;64;26;1;1;2;4;6;10;0;5;2;1;0;0;3;3;3;5;6;8;13;21;48;52;2;1;0;0;0;0;0;0;0;0;0;0;0;0;0;0;0;0;0;0;0;0;0;0;0;0;0;0;0;0;0;0;0;0;0;0;0;0;0;0;0;0;0;0;0;0;0;0;0;0;0;0;0;0;0;0;0;0;0;0;0;0;0;0;0;0;0;0;0;0;2;0;1;1;0;1;1;2015-10-31 11:00:00;-1;0;30;10;20;0;-1;1;-1;-1;-1;-1;-1;-1;0;1;2;0;1;2;-1;0;0;0;0;0;0;0;0;0;0;0;0;0;1;1;0;0;-1;-1;0;1;-1;-1;-1;-1;-1;-1;-1;-1;-1;0;10;30;60;100;30;70;80;20;10.4;3.2;4.8;2;Banants;Shirak;1.36;1.86;1;2;0.73;1.82;100;90;70;40;0;90;70;60;0;0;0;216;28;Y;Y;N;N;N;N;Y
64674;887;886;2015/2016;complete;304;12;-1;9;;1;0;1;5;4;9;4;1;2;1;0;0;5;8;9;3;14;11;20;20;42;58;2;1;0;0;0;0;0;0;0;0;0;0;0;0;0;0;0;0;0;0;0;0;0;0;0;0;0;0;0;0;0;0;0;0;0;0;0;0;0;0;0;0;0;0;0;0;0;0;0;0;0;0;0;0;0;0;0;0;0;0;0;0;0;0;0;0;0;0;0;0;1;1;0;0;0;0;1;2015-11-01 10:00:00;887;0;20;20;20;0;-1;1;-1;-1;-1;-1;-1;-1;0;1;2;0;1;2;-1;0;0;0;0;0;0;0;0;0;0;0;0;0;1;1;1;0;-1;-1;0;0;-1;-1;-1;-1;-1;-1;-1;-1;-1;20;30;40;60;100;30;70;60;40;6.8;4;6;2.5;Mika;Ulisses;1.29;0;1.2;0;0.91;0.18;80;70;60;40;0;20;20;20;0;0;0;216;28;Y;N;N;N;N;N;N
64675;882;881;2015/2016;complete;304;12;-1;40,56,76,88;;4;0;4;6;1;7;6;2;2;2;0;0;2;0;8;4;10;4;21;12;50;50;2;2;0;0;0;0;0;0;0;0;0;0;0;0;0;0;0;0;0;0;0;0;0;0;0;0;0;0;0;0;0;0;0;0;0;0;0;0;0;0;0;0;0;0;0;0;0;0;0;0;0;0;0;0;0;0;0;0;0;0;0;0;0;0;0;0;0;0;0;0;4;1;0;3;0;3;1;2015-11-01 12:00:00;882;0;40;30;20;0;-1;1;-1;-1;-1;-1;-1;-1;0;0;2;2;0;4;-1;0;0;0;0;0;0;0;1;0;1;0;0;0;1;1;0;0;-1;-1;0;0;-1;-1;-1;-1;-1;-1;-1;-1;-1;20;20;50;60;80;40;70;60;30;10.8;5.2;5.2;2.4;Pyunik;Gandzasar;1.79;1.21;1.8;1.6;1.82;1.82;80;80;50;40;20;50;50;40;0;0;0;216;28;Y;Y;Y;Y;N;N;N
64676;887;96;2015/2016;complete;304;13;-1;;12;0;1;1;6;5;11;2;1;2;1;0;0;3;4;5;7;8;11;9;24;60;40;2;1;0;0;0;0;0;0;0;0;0;0;0;0;0;0;0;0;0;0;0;0;0;0;0;0;0;0;0;0;0;0;0;0;0;0;0;0;0;0;0;0;0;0;0;0;0;0;0;0;0;0;0;0;0;0;0;0;0;0;0;0;0;0;0;0;0;0;0;0;1;0;1;0;0;0;1;2015-11-07 10:00:00;96;0;50;42;17;0;-1;1;-1;-1;-1;-1;-1;-1;0;0;2;1;0;3;-1;0;0;0;0;0;0;0;0;0;0;0;0;0;1;1;0;0;-1;-1;0;0;-1;-1;-1;-1;-1;-1;-1;-1;-1;9;25;59;59;100;42;83;67;34;8;6.66;5.83;2.5;Mika;Alashkert;1.29;1.86;1.5;2.33;1.08;2.08;92;75;42;42;0;58;34;17;0;0;0;216;28;Y;N;N;N;N;N;N
64677;884;881;2015/2016;complete;304;13;-1;38;30;1;1;2;5;5;10;2;4;2;2;0;0;5;4;4;8;9;12;12;18;56;44;2;2;0;0;0;0;0;0;0;0;0;0;0;0;0;0;0;0;0;0;0;0;0;0;0;0;0;0;0;0;0;0;0;0;0;0;0;0;0;0;0;0;0;0;0;0;0;0;0;0;0;0;0;0;0;0;0;0;0;0;0;0;0;0;0;0;0;0;0;0;2;1;1;0;0;0;2;2015-11-07 11:00:00;-1;0;42;17;33;0;-1;1;-1;-1;-1;-1;-1;-1;0;0;2;2;0;4;-1;0;0;0;0;0;0;0;0;0;0;0;0;0;1;1;0;0;-1;-1;0;0;-1;-1;-1;-1;-1;-1;-1;-1;-1;9;25;42;59;84;25;59;67;42;9.17;3.66;4.5;2.17;Banants;Gandzasar;1.36;1.21;1;1.33;0.75;1.67;92;75;59;42;17;67;58;42;0;0;0;216;28;Y;Y;N;N;N;N;Y
64678;886;882;2015/2016;complete;304;13;-1;21;3,5,29,45;1;4;5;4;6;10;0;8;2;3;0;0;2;6;4;6;6;12;4;16;48;52;2;3;0;0;0;0;0;0;0;0;0;0;0;0;0;0;0;0;0;0;0;0;0;0;0;0;0;0;0;0;0;0;0;0;0;0;0;0;0;0;0;0;0;0;0;0;0;0;0;0;0;0;0;0;0;0;0;0;0;0;0;0;0;0;0;0;0;0;0;0;5;1;4;0;0;0;5;2015-11-08 10:00:00;882;0;42;0;25;0;-1;1;-1;-1;-1;-1;-1;-1;2;1;0;2;3;2;-1;0;0;0;0;0;0;0;0;2;0;2;0;0;1;1;0;2;-1;-1;1;0;-1;-1;-1;-1;-1;-1;-1;-1;-1;9;17;34;67;92;9;34;83;59;5.8;4.66;3.17;2.17;Ulisses;Pyunik;0.14;1.64;0.33;1.83;0.17;1.92;92;83;67;33;9;54;27;0;0;0;0;216;28;Y;Y;Y;Y;Y;N;Y
64679;883;885;2015/2016;complete;304;13;-1;;44;0;1;1;6;1;7;1;2;3;3;0;0;3;2;6;6;9;8;18;11;63;37;3;3;0;0;0;0;0;0;0;0;0;0;0;0;0;0;0;0;0;0;0;0;0;0;0;0;0;0;0;0;0;0;0;0;0;0;0;0;0;0;0;0;0;0;0;0;0;0;0;0;0;0;0;0;0;0;0;0;0;0;0;0;0;0;0;0;0;0;0;0;1;0;1;0;0;0;1;2015-11-08 11:00:00;885;0;50;9;17;0;-1;1;-1;-1;-1;-1;-1;-1;0;1;3;2;1;5;-1;0;0;0;0;0;0;0;0;0;0;0;0;0;1;1;0;0;-1;-1;0;0;-1;-1;-1;-1;-1;-1;-1;-1;-1;9;9;42;75;100;17;67;92;42;9.67;6.5;4.34;2.33;Shirak;Ararat;1.86;1.64;1.67;1.67;1.75;1.5;92;92;59;25;0;50;33;33;0;0;0;216;28;Y;N;N;N;N;N;N
64680;96;883;2015/2016;complete;304;14;-1;24,31;;2;0;2;4;5;9;2;2;2;2;0;0;6;4;4;3;10;7;24;16;46;54;2;2;0;0;0;0;0;0;0;0;0;0;0;0;0;0;0;0;0;0;0;0;0;0;0;0;0;0;0;0;0;0;0;0;0;0;0;0;0;0;0;0;0;0;0;0;0;0;0;0;0;0;0;0;0;0;0;0;0;0;0;0;0;0;0;0;0;0;0;0;2;2;0;0;0;0;2;2015-11-21 10:00:00;96;0;33;0;9;0;-1;1;-1;-1;-1;-1;-1;-1;0;2;2;0;2;2;-1;0;0;0;0;0;0;0;0;0;0;0;0;0;1;1;0;0;-1;-1;0;0;-1;-1;-1;-1;-1;-1;-1;-1;-1;9;17;34;75;92;17;67;83;34;8.5;5.5;4.16;2.25;Alashkert;Shirak;2.07;1.86;1.83;1.83;2.15;1.62;92;84;67;25;9;50;42;34;0;0;0;216;28;Y;Y;N;N;N;N;N
64681;885;881;2015/2016;complete;304;14;-1;26,90;21,55;2;2;4;-1;-1;-1;-1;-1;1;2;0;0;-1;-1;-1;-1;-1;-1;-1;-1;-1;-1;1;2;0;0;0;0;0;0;0;0;0;0;0;0;0;0;0;0;0;0;0;0;0;0;0;0;0;0;0;0;0;0;0;0;0;0;0;0;0;0;0;0;0;0;0;0;0;0;0;0;0;0;0;0;0;0;0;0;0;0;0;0;0;0;0;0;0;0;0;0;4;1;1;1;1;2;2;2015-11-21 10:00:00;-1;0;47;31;15;0;-1;1;-1;-1;-1;-1;-1;-1;0;1;1;1;1;2;-1;0;0;0;0;0;0;0;0;0;0;0;0;0;1;1;0;0;-1;-1;0;1;-1;-1;-1;-1;-1;-1;-1;-1;-1;7;15;38;70;77;31;62;55;30;9.46;4.07;3.79;2.07;Ararat;Gandzasar;1;1.21;1.33;1.29;1.62;1.62;93;86;62;30;23;55;47;23;0;0;0;216;28;Y;Y;Y;Y;N;N;Y
64682;884;886;2015/2016;complete;304;14;-1;10,65,67,73,90;41;5;1;6;9;2;11;4;1;1;1;0;0;6;4;9;3;15;7;10;6;60;40;1;1;0;0;0;0;0;0;0;0;0;0;0;0;0;0;0;0;0;0;0;0;0;0;0;0;0;0;0;0;0;0;0;0;0;0;0;0;0;0;0;0;0;0;0;0;0;0;0;0;0;0;0;0;0;0;0;0;0;0;0;0;0;0;0;0;0;0;0;0;6;1;1;4;0;4;2;2015-11-21 11:30:00;884;0;37;23;23;0;-1;1;-1;-1;-1;-1;-1;-1;0;0;1;1;0;2;-1;0;0;0;0;0;0;0;0;0;0;0;0;0;1;1;1;0;-1;-1;0;0;-1;-1;-1;-1;-1;-1;-1;-1;-1;9;24;40;77;100;38;69;69;40;8.67;2.26;4.31;2.49;Banants;Ulisses;1.36;0;1;0;0.77;0.15;92;77;61;23;0;67;52;30;0;0;0;216;28;Y;Y;Y;Y;Y;Y;Y
64683;882;887;2015/2016;complete;304;14;-1;18,49;11;2;1;3;2;2;4;0;2;0;5;1;1;4;3;4;4;8;7;23;17;44;56;2;6;0;0;0;0;0;0;0;0;0;0;0;0;0;0;0;0;0;0;0;0;0;0;0;0;0;0;0;0;0;0;0;0;0;0;0;0;0;0;0;0;0;0;0;0;0;0;0;0;0;0;0;0;0;0;0;0;0;0;0;0;0;0;0;0;0;0;0;0;3;1;1;1;0;1;2;2015-11-22 12:00:00;882;0;42;25;17;0;-1;1;-1;-1;-1;-1;-1;-1;0;2;1;4;2;5;-1;0;0;0;0;0;0;0;0;0;0;0;0;0;1;1;0;0;-1;-1;0;0;-1;-1;-1;-1;-1;-1;-1;-1;-1;9;17;50;92;100;34;67;83;50;9.6;5.5;4.67;2.75;Pyunik;Mika;1.79;1;2;0.67;2;1;92;84;50;9;0;55;55;27;0;0;0;216;28;Y;Y;Y;N;N;N;Y
64684;885;886;2015/2016;complete;304;15;-1;12,42,60;90;3;1;4;3;5;8;9;1;1;1;0;0;5;6;5;6;10;12;14;6;57;43;1;1;0;0;0;0;0;0;0;0;0;0;0;0;0;0;0;0;0;0;0;0;0;0;0;0;0;0;0;0;0;0;0;0;0;0;0;0;0;0;0;0;0;0;0;0;0;0;0;0;0;0;0;0;0;0;0;0;0;0;0;0;0;0;0;0;0;0;0;0;4;2;0;1;1;2;2;2015-11-28 10:00:00;885;0;43;36;14;0;-1;1;-1;-1;-1;-1;-1;-1;0;1;1;0;1;1;-1;0;0;0;0;0;0;0;0;0;0;0;0;0;1;1;0;0;-1;-1;0;0;-1;-1;-1;-1;-1;-1;-1;-1;-1;15;29;50;86;93;43;71;71;43;8.6;2;3.43;2.79;Ararat;Ulisses;1;0;1.29;0;1.57;0.14;86;72;50;14;7;55;40;23;0;0;0;216;28;Y;Y;Y;Y;N;N;Y
64685;882;96;2015/2016;complete;304;15;-1;;;0;0;0;3;3;6;2;2;0;4;0;0;5;4;2;1;7;5;9;20;58;42;0;4;0;0;0;0;0;0;0;0;0;0;0;0;0;0;0;0;0;0;0;0;0;0;0;0;0;0;0;0;0;0;0;0;0;0;0;0;0;0;0;0;0;0;0;0;0;0;0;0;0;0;0;0;0;0;0;0;0;0;0;0;0;0;0;0;0;0;0;0;0;0;0;0;0;0;0;2015-11-28 12:00:00;-1;0;57;50;7;0;-1;1;-1;-1;-1;-1;-1;-1;0;1;0;3;1;3;-1;0;0;0;0;0;0;0;0;0;0;0;0;0;1;1;0;0;-1;-1;0;0;-1;-1;-1;-1;-1;-1;-1;-1;-1;7;29;79;86;100;57;93;86;36;10;5.86;4.86;3.07;Pyunik;Alashkert;1.79;1.86;2.14;2.43;2.07;2.21;93;71;22;14;0;65;50;29;0;0;0;216;28;N;N;N;N;N;N;N
64686;884;887;2015/2016;complete;304;15;-1;9;18;1;1;2;1;1;2;1;4;3;4;0;0;5;0;3;7;8;7;28;16;39;61;3;4;0;0;0;0;0;0;0;0;0;0;0;0;0;0;0;0;0;0;0;0;0;0;0;0;0;0;0;0;0;0;0;0;0;0;0;0;0;0;0;0;0;0;0;0;0;0;0;0;0;0;0;0;0;0;0;0;0;0;0;0;0;0;0;0;0;0;0;0;2;1;1;0;0;0;2;2015-11-29 11:00:00;-1;0;60;34;27;0;-1;1;-1;-1;-1;-1;-1;-1;2;2;1;2;4;3;-1;0;0;0;0;0;0;0;0;0;0;0;0;0;1;1;1;0;-1;-1;0;0;-1;-1;-1;-1;-1;-1;-1;-1;-1;7;13;41;88;100;40;59;81;48;8.83;3.89;4.57;2.53;Banants;Mika;1.36;1;1.25;0.57;0.93;0.93;94;88;60;13;0;75;69;34;0;0;0;216;28;Y;Y;N;N;N;N;Y
64687;883;881;2015/2016;complete;304;15;-1;11,85;82;2;1;3;4;5;9;0;1;2;1;0;0;6;6;1;7;7;13;20;13;44;56;2;1;0;0;0;0;0;0;0;0;0;0;0;0;0;0;0;0;0;0;0;0;0;0;0;0;0;0;0;0;0;0;0;0;0;0;0;0;0;0;0;0;0;0;0;0;0;0;0;0;0;0;0;0;0;0;0;0;0;0;0;0;0;0;0;0;0;0;0;0;3;1;0;1;1;2;1;2015-11-29 11:00:00;883;0;54;26;34;0;-1;1;-1;-1;-1;-1;-1;-1;0;1;2;0;1;2;-1;0;0;0;0;0;0;0;0;0;0;0;0;0;1;1;0;0;-1;-1;0;0;-1;-1;-1;-1;-1;-1;-1;-1;-1;14;26;47;75;88;26;67;68;54;9.58;5.56;4.96;2.48;Shirak;Gandzasar;1.86;1.21;1.43;1.25;1.5;1.57;87;75;54;26;13;43;36;29;0;0;0;216;28;Y;Y;Y;N;N;N;Y
64688;96;881;2015/2016;complete;304;16;-1;22,24,71;;3;0;3;4;3;7;2;0;2;1;0;0;4;3;4;5;8;8;15;12;54;46;2;1;0;0;0;0;0;0;0;0;0;0;0;0;0;0;0;0;0;0;0;0;0;0;0;0;0;0;0;0;0;0;0;0;0;0;0;0;0;0;0;0;0;0;0;0;0;0;0;0;0;0;0;0;0;0;0;0;0;0;0;0;0;0;0;0;0;0;0;0;3;2;0;1;0;1;2;2016-03-02 10:00:00;96;0;43;17;29;0;-1;1;-1;-1;-1;-1;-1;-1;0;1;2;0;1;2;-1;0;0;0;0;0;0;0;0;0;0;0;0;0;1;1;0;0;-1;-1;0;0;-1;-1;-1;-1;-1;-1;-1;-1;-1;13;31;50;77;82;31;62;64;57;7.67;5.14;3.97;2.51;Alashkert;Gandzasar;2.07;1.21;2;1.11;2.13;1.47;88;69;51;24;18;40;26;20;0;0;0;216;28;Y;Y;Y;N;N;N;N
64689;882;884;2015/2016;complete;304;16;-1;6;45,69;1;2;3;6;1;7;5;0;1;2;0;0;4;6;6;1;10;7;18;17;51;49;1;2;0;0;0;0;0;0;0;0;0;0;0;0;0;0;0;0;0;0;0;0;0;0;0;0;0;0;0;0;0;0;0;0;0;0;0;0;0;0;0;0;0;0;0;0;0;0;0;0;0;0;0;0;0;0;0;0;0;0;0;0;0;0;0;0;0;0;0;0;3;1;1;0;1;1;2;2016-03-02 10:00:00;884;0;44;28;9;0;-1;1;-1;-1;-1;-1;-1;-1;1;0;0;2;1;2;-1;0;0;0;0;0;0;0;0;0;0;0;0;0;1;1;1;0;-1;-1;0;0;-1;-1;-1;-1;-1;-1;-1;-1;-1;15;29;57;71;86;34;78;71;38;9.13;3.42;3.58;2.71;Pyunik;Banants;1.79;1;2;0.5;2;0.93;86;71;44;29;15;36;36;21;0;0;0;216;28;Y;Y;Y;N;N;N;Y
64690;887;885;2015/2016;complete;304;16;-1;5;31;1;1;2;2;4;6;0;1;1;4;0;0;3;2;3;4;6;6;25;24;44;56;1;4;0;0;0;0;0;0;0;0;0;0;0;0;0;0;0;0;0;0;0;0;0;0;0;0;0;0;0;0;0;0;0;0;0;0;0;0;0;0;0;0;0;0;0;0;0;0;0;0;0;0;0;0;0;0;0;0;0;0;0;0;0;0;0;0;0;0;0;0;2;1;1;0;0;0;2;2016-03-03 10:00:00;-1;0;22;7;7;0;-1;1;-1;-1;-1;-1;-1;-1;0;3;1;1;3;2;-1;0;0;0;0;0;0;0;0;0;0;0;0;0;1;1;1;0;-1;-1;0;0;-1;-1;-1;-1;-1;-1;-1;-1;-1;7;7;22;29;100;14;79;50;14;7.86;5.71;5;1.64;Mika;Ararat;1.29;1.64;1.29;1.86;0.93;1.67;93;93;79;72;0;43;29;29;0;0;0;216;28;Y;Y;N;N;N;N;Y
64691;886;883;2015/2016;complete;304;16;-1;;-1,-1,-1;0;3;3;-1;-1;-1;-1;-1;-1;-1;-1;-1;-1;-1;-1;-1;-1;-1;-1;-1;-1;-1;-1;-1;0;0;0;0;0;0;0;0;0;0;0;0;0;0;0;0;0;0;0;0;0;0;0;0;0;0;0;0;0;0;0;0;0;0;0;0;0;0;0;0;0;0;0;0;0;0;0;0;0;0;0;0;0;0;0;0;0;0;0;0;0;0;0;0;0;0;0;0;3;0;0;0;0;0;0;2016-03-03 12:00:00;883;0;36;7;7;1;-1;-1;-1;-1;-1;-1;-1;-1;-1;-1;-1;-1;-1;-1;-1;0;0;0;0;0;0;0;-1;-1;-1;-1;-1;-1;-1;-1;-1;-1;-1;-1;-1;-1;-1;-1;-1;-1;-1;-1;-1;-1;-1;7;15;36;71;93;22;58;71;29;7.58;3.71;3.86;2.22;Ulisses;Shirak;0.14;1.86;0.29;1.57;0.13;1.6;93;86;65;29;7;79;50;22;0;0;0;216;28;Y;Y;Y;N;N;N;N
64692;884;96;2015/2016;complete;304;17;-1;70,72;;2;0;2;5;2;7;0;4;1;3;0;0;5;3;4;3;9;6;12;17;55;45;1;3;0;0;0;0;0;0;0;0;0;0;0;0;0;0;0;0;0;0;0;0;0;0;0;0;0;0;0;0;0;0;0;0;0;0;0;0;0;0;0;0;0;0;0;0;0;0;0;0;0;0;0;0;0;0;0;0;0;0;0;0;0;0;0;0;0;0;0;0;2;0;0;2;0;2;0;2016-03-12 10:00:00;884;0;65;47;18;0;-1;1;-1;-1;-1;-1;-1;-1;0;1;1;2;1;3;-1;0;0;0;0;0;0;0;0;0;0;0;0;0;1;1;0;0;-1;-1;0;0;-1;-1;-1;-1;-1;-1;-1;-1;-1;6;24;54;77;94;53;77;71;36;9.38;4.55;4.61;2.6;Banants;Alashkert;1.36;1.86;1.22;2.25;1.06;2.19;95;77;46;24;7;82;64;35;0;0;0;216;28;Y;Y;N;N;N;N;N
64693;883;887;2015/2016;complete;304;17;-1;;78;0;1;1;6;5;11;0;0;2;1;0;0;12;2;7;5;19;7;22;15;54;46;2;1;0;0;0;0;0;0;0;0;0;0;0;0;0;0;0;0;0;0;0;0;0;0;0;0;0;0;0;0;0;0;0;0;0;0;0;0;0;0;0;0;0;0;0;0;0;0;0;0;0;0;0;0;0;0;0;0;0;0;0;0;0;0;0;0;0;0;0;0;1;0;0;0;1;1;0;2016-03-12 10:00:00;887;0;63;26;32;0;-1;1;-1;-1;-1;-1;-1;-1;1;1;1;0;2;1;-1;0;0;0;0;0;0;0;0;0;0;0;0;0;1;1;0;0;-1;-1;0;0;-1;-1;-1;-1;-1;-1;-1;-1;-1;7;7;44;94;100;26;63;82;57;8.13;5.38;5.38;2.51;Shirak;Mika;1.86;1;1.63;0.63;1.69;0.94;94;94;57;7;0;47;34;20;0;0;0;216;28;Y;N;N;N;N;N;N
64694;881;886;2015/2016;complete;304;17;-1;-1,-1,-1;;3;0;3;-1;-1;-1;-1;-1;-1;-1;-1;-1;-1;-1;-1;-1;-1;-1;-1;-1;-1;-1;-1;-1;0;0;0;0;0;0;0;0;0;0;0;0;0;0;0;0;0;0;0;0;0;0;0;0;0;0;0;0;0;0;0;0;0;0;0;0;0;0;0;0;0;0;0;0;0;0;0;0;0;0;0;0;0;0;0;0;0;0;0;0;0;0;0;0;0;0;0;0;3;0;0;0;0;0;0;2016-03-13 10:00:00;881;0;53;21;29;1;-1;-1;-1;-1;-1;-1;-1;-1;-1;-1;-1;-1;-1;-1;-1;0;0;0;0;0;0;0;-1;-1;-1;-1;-1;-1;-1;-1;-1;-1;-1;-1;-1;-1;-1;-1;-1;-1;-1;-1;-1;-1;-1;13;34;57;86;100;42;63;79;48;8.88;2.55;3.71;2.94;Gandzasar;Ulisses;2;0;2;0;1.38;0.13;88;67;44;15;0;32;25;25;0;0;0;216;28;Y;Y;Y;N;N;N;N
64695;885;882;2015/2016;complete;304;17;-1;69;36,57;1;2;3;5;7;12;1;1;2;2;0;0;2;5;5;9;7;14;16;11;47;53;2;2;0;0;0;0;0;0;0;0;0;0;0;0;0;0;0;0;0;0;0;0;0;0;0;0;0;0;0;0;0;0;0;0;0;0;0;0;0;0;0;0;0;0;0;0;0;0;0;0;0;0;0;0;0;0;0;0;0;0;0;0;0;0;0;0;0;0;0;0;3;0;1;1;1;2;1;2016-03-13 12:00:00;882;0;60;26;27;0;-1;1;-1;-1;-1;-1;-1;-1;1;1;1;1;2;2;-1;0;0;0;0;0;0;0;0;0;0;0;0;0;1;1;0;0;-1;-1;1;0;-1;-1;-1;-1;-1;-1;-1;-1;-1;15;27;40;80;94;40;66;73;41;9.03;5.7;3.24;2.54;Ararat;Pyunik;1;1.64;1.5;2;1.63;1.88;86;73;61;21;7;54;38;7;0;0;0;216;28;Y;Y;Y;N;N;N;Y
64696;96;886;2015/2016;complete;304;18;-1;-1,-1,-1;;3;0;3;-1;-1;-1;-1;-1;-1;-1;-1;-1;-1;-1;-1;-1;-1;-1;-1;-1;-1;-1;-1;-1;0;0;0;0;0;0;0;0;0;0;0;0;0;0;0;0;0;0;0;0;0;0;0;0;0;0;0;0;0;0;0;0;0;0;0;0;0;0;0;0;0;0;0;0;0;0;0;0;0;0;0;0;0;0;0;0;0;0;0;0;0;0;0;0;0;0;0;0;3;0;0;0;0;0;0;2016-03-19 10:00:00;96;0;29;13;19;1;-1;-1;-1;-1;-1;-1;-1;-1;-1;-1;-1;-1;-1;-1;-1;0;0;0;0;0;0;0;-1;-1;-1;-1;-1;-1;-1;-1;-1;-1;-1;-1;-1;-1;-1;-1;-1;-1;-1;-1;-1;-1;-1;18;35;59;89;94;41;65;71;53;7.01;3.67;3.76;2.98;Alashkert;Ulisses;2.07;0;2.13;0;2.06;0.12;83;66;42;12;7;32;19;19;0;0;0;216;28;Y;Y;Y;N;N;N;N
64697;887;881;2015/2016;complete;304;18;-1;41,62;;2;0;2;0;2;2;1;1;4;4;0;0;0;3;3;4;3;7;27;22;58;42;4;4;0;0;0;0;0;0;0;0;0;0;0;0;0;0;0;0;0;0;0;0;0;0;0;0;0;0;0;0;0;0;0;0;0;0;0;0;0;0;0;0;0;0;0;0;0;0;0;0;0;0;0;0;0;0;0;0;0;0;0;0;0;0;0;0;0;0;0;0;2;1;0;1;0;1;1;2016-03-19 10:00:00;887;0;38;28;27;0;-1;1;-1;-1;-1;-1;-1;-1;2;1;2;3;3;5;-1;0;0;0;0;0;0;0;0;0;0;0;0;0;1;1;0;0;-1;-1;0;0;-1;-1;-1;-1;-1;-1;-1;-1;-1;12;22;37;48;90;33;79;43;32;7.85;4.55;4.88;2.07;Mika;Gandzasar;1.29;1.21;1.25;1;1.06;1.47;89;79;64;53;10;41;29;24;0;0;0;216;28;Y;Y;N;N;N;N;N
64698;884;885;2015/2016;complete;304;18;-1;19,21;9,48;2;2;4;3;5;8;1;3;1;3;0;0;3;3;5;4;8;7;12;18;60;40;1;3;0;0;0;0;0;0;0;0;0;0;0;0;0;0;0;0;0;0;0;0;0;0;0;0;0;0;0;0;0;0;0;0;0;0;0;0;0;0;0;0;0;0;0;0;0;0;0;0;0;0;0;0;0;0;0;0;0;0;0;0;0;0;0;0;0;0;0;0;4;2;1;0;1;1;3;2016-03-20 10:00:00;-1;0;49;27;10;0;-1;1;-1;-1;-1;-1;-1;-1;0;1;1;2;1;3;-1;0;0;0;0;0;0;0;0;1;0;1;0;0;1;1;0;1;-1;-1;0;0;-1;-1;-1;-1;-1;-1;-1;-1;-1;5;10;28;65;100;38;73;67;27;9;3.88;4.13;2.13;Banants;Ararat;1.36;1.64;1.4;1.75;1.18;1.53;95;90;73;35;0;59;48;33;0;0;0;216;28;Y;Y;Y;Y;N;N;Y
64699;882;883;2015/2016;complete;304;18;-1;88;65;1;1;2;6;5;11;3;0;1;3;0;0;8;4;4;3;12;7;8;26;52;48;1;3;0;0;0;0;0;0;0;0;0;0;0;0;0;0;0;0;0;0;0;0;0;0;0;0;0;0;0;0;0;0;0;0;0;0;0;0;0;0;0;0;0;0;0;0;0;0;0;0;0;0;0;0;0;0;0;0;0;0;0;0;0;0;0;0;0;0;0;0;2;0;0;1;1;2;0;2016-03-20 12:00:00;-1;0;35;22;0;0;-1;1;-1;-1;-1;-1;-1;-1;1;1;0;2;2;2;-1;0;0;0;0;0;0;0;0;0;0;0;0;0;1;1;0;0;-1;-1;0;0;-1;-1;-1;-1;-1;-1;-1;-1;-1;6;11;46;77;95;41;82;71;11;10.51;4.75;4.4;2.39;Pyunik;Shirak;1.79;1.86;1.78;1.75;1.94;1.59;95;89;54;24;6;60;45;33;0;0;0;216;28;Y;Y;N;N;N;N;Y
64700;886;887;2015/2016;complete;304;19;-1;;-1,-1,-1;0;3;3;-1;-1;-1;-1;-1;-1;-1;-1;-1;-1;-1;-1;-1;-1;-1;-1;-1;-1;-1;-1;-1;0;0;0;0;0;0;0;0;0;0;0;0;0;0;0;0;0;0;0;0;0;0;0;0;0;0;0;0;0;0;0;0;0;0;0;0;0;0;0;0;0;0;0;0;0;0;0;0;0;0;0;0;0;0;0;0;0;0;0;0;0;0;0;0;0;0;0;0;3;0;0;0;0;0;0;2016-03-27 13:00:00;887;0;47;24;18;1;-1;-1;-1;-1;-1;-1;-1;-1;-1;-1;-1;-1;-1;-1;-1;0;0;0;0;0;0;0;-1;-1;-1;-1;-1;-1;-1;-1;-1;-1;-1;-1;-1;-1;-1;-1;-1;-1;-1;-1;-1;-1;-1;7;13;48;82;94;23;35;71;47;5.54;3.36;4.13;2.43;Ulisses;Mika;0.14;1;0.25;0.89;0.11;1.17;94;88;53;18;7;61;47;13;0;0;0;216;28;Y;Y;Y;N;N;N;N
64701;885;883;2015/2016;complete;304;20;-1;79;71;1;1;2;3;2;5;1;5;1;2;0;0;2;7;4;3;6;10;16;22;49;51;1;2;0;0;0;0;0;0;0;0;0;0;0;0;0;0;0;0;0;0;0;0;0;0;0;0;0;0;0;0;0;0;0;0;0;0;0;0;0;0;0;0;0;0;0;0;0;0;0;0;0;0;0;0;0;0;0;0;0;0;0;0;0;0;0;0;0;0;0;0;2;0;0;1;1;2;0;2016-04-02 10:00:00;-1;0;50;17;23;0;-1;1;-1;-1;-1;-1;-1;-1;0;1;1;1;1;2;-1;0;0;0;0;0;0;0;0;0;0;0;0;0;1;1;0;0;-1;-1;0;0;-1;-1;-1;-1;-1;-1;-1;-1;-1;0;11;39;84;95;33;73;73;28;10.13;3.56;3.82;2.28;Ararat;Shirak;1;1.86;1.33;1.67;1.5;1.56;100;89;61;17;6;76;57;38;0;0;0;216;28;Y;Y;N;N;N;N;Y
64702;96;887;2015/2016;complete;304;20;-1;4,12;49;2;1;3;3;4;7;2;1;3;4;0;0;3;5;5;4;8;9;20;22;46;54;3;4;0;0;0;0;0;0;0;0;0;0;0;0;0;0;0;0;0;0;0;0;0;0;0;0;0;0;0;0;0;0;0;0;0;0;0;0;0;0;0;0;0;0;0;0;0;0;0;0;0;0;0;0;0;0;0;0;0;0;0;0;0;0;0;0;0;0;0;0;3;2;0;0;1;1;2;2016-04-02 12:00:00;96;0;36;17;18;0;-1;1;-1;-1;-1;-1;-1;-1;2;0;1;4;2;5;-1;0;0;0;0;0;0;0;0;0;0;0;0;0;1;1;1;0;-1;-1;0;0;-1;-1;-1;-1;-1;-1;-1;-1;-1;6;11;48;90;95;32;48;69;42;6.63;4.36;4.44;2.49;Alashkert;Mika;2.07;1;2.22;1.1;2.11;1.26;95;89;52;11;6;38;32;19;0;0;0;216;28;Y;Y;Y;N;N;N;Y
64703;881;884;2015/2016;complete;304;20;-1;40,90;90;2;1;3;1;5;6;1;2;4;1;1;0;4;4;4;6;8;10;15;13;33;67;5;1;0;0;0;0;0;0;0;0;0;0;0;0;0;0;0;0;0;0;0;0;0;0;0;0;0;0;0;0;0;0;0;0;0;0;0;0;0;0;0;0;0;0;0;0;0;0;0;0;0;0;0;0;0;0;0;0;0;0;0;0;0;0;0;0;0;0;0;0;3;1;0;1;1;2;1;2016-04-03 10:00:00;881;0;57;23;24;0;-1;1;-1;-1;-1;-1;-1;-1;2;1;3;0;3;3;-1;0;0;0;0;0;0;0;0;0;0;0;0;0;1;1;0;0;-1;-1;0;0;-1;-1;-1;-1;-1;-1;-1;-1;-1;7;22;57;79;93;29;57;71;36;8.82;1.86;3.26;2.64;Gandzasar;Banants;2;1;2.14;0.86;1.39;1.17;93;79;43;22;7;27;27;20;0;0;0;216;28;Y;Y;Y;N;N;N;Y
64704;882;886;2015/2016;complete;304;20;-1;-1,-1,-1;;3;0;3;-1;-1;-1;-1;-1;-1;-1;-1;-1;-1;-1;-1;-1;-1;-1;-1;-1;-1;-1;-1;-1;0;0;0;0;0;0;0;0;0;0;0;0;0;0;0;0;0;0;0;0;0;0;0;0;0;0;0;0;0;0;0;0;0;0;0;0;0;0;0;0;0;0;0;0;0;0;0;0;0;0;0;0;0;0;0;0;0;0;0;0;0;0;0;0;0;0;0;0;3;0;0;0;0;0;0;2016-04-03 14:00:00;882;0;40;33;18;1;-1;-1;-1;-1;-1;-1;-1;-1;-1;-1;-1;-1;-1;-1;-1;0;0;0;0;0;0;0;-1;-1;-1;-1;-1;-1;-1;-1;-1;-1;-1;-1;-1;-1;-1;-1;-1;-1;-1;-1;-1;-1;-1;15;30;65;85;95;45;70;70;40;8.93;3.5;3.88;3;Pyunik;Ulisses;1.79;0;1.7;0;1.89;0.11;85;70;35;15;5;39;33;28;0;0;0;216;28;Y;Y;Y;N;N;N;N
64705;881;882;2015/2016;complete;304;19;-1;67;;1;0;1;-1;-1;-1;-1;-1;2;3;0;0;-1;-1;-1;-1;-1;-1;-1;-1;-1;-1;2;3;0;0;0;0;0;0;0;0;0;0;0;0;0;0;0;0;0;0;0;0;0;0;0;0;0;0;0;0;0;0;0;0;0;0;0;0;0;0;0;0;0;0;0;0;0;0;0;0;0;0;0;0;0;0;0;0;0;0;0;0;0;0;0;0;0;0;0;0;1;0;0;1;0;1;0;2016-04-06 10:00:00;881;0;63;14;41;0;-1;1;-1;-1;-1;-1;-1;-1;2;1;0;2;3;2;-1;0;0;0;0;0;0;0;0;0;0;0;0;0;1;1;0;0;-1;-1;0;0;-1;-1;-1;-1;-1;-1;-1;-1;-1;13;19;51;82;100;25;57;75;44;8.97;4.5;4.17;2.63;Gandzasar;Pyunik;2;1.64;2.25;2.13;1.47;1.95;88;82;51;19;0;39;32;17;0;0;0;216;28;Y;N;N;N;N;N;N
64706;885;96;2015/2016;complete;304;19;-1;;;0;0;0;2;3;5;0;3;2;2;0;0;0;4;3;7;3;11;14;15;46;54;2;2;0;0;0;0;0;0;0;0;0;0;0;0;0;0;0;0;0;0;0;0;0;0;0;0;0;0;0;0;0;0;0;0;0;0;0;0;0;0;0;0;0;0;0;0;0;0;0;0;0;0;0;0;0;0;0;0;0;0;0;0;0;0;0;0;0;0;0;0;0;0;0;0;0;0;0;2016-04-06 10:00:00;-1;0;63;37;26;0;-1;1;-1;-1;-1;-1;-1;-1;1;0;1;2;1;3;-1;0;0;0;0;0;0;0;0;0;0;0;0;0;1;1;0;0;-1;-1;0;0;-1;-1;-1;-1;-1;-1;-1;-1;-1;0;21;59;84;90;42;69;79;47;8.78;4.9;3.96;2.53;Ararat;Alashkert;1;1.86;1.3;2;1.47;2.16;100;79;42;16;11;62;44;22;0;0;0;216;28;N;N;N;N;N;N;N
64707;883;884;2015/2016;complete;304;19;-1;34,45,90;49;3;1;4;2;5;7;6;0;2;2;0;1;4;0;3;7;7;7;13;13;41;59;2;3;0;0;0;0;0;0;0;0;0;0;0;0;0;0;0;0;0;0;0;0;0;0;0;0;0;0;0;0;0;0;0;0;0;0;0;0;0;0;0;0;0;0;0;0;0;0;0;0;0;0;0;0;0;0;0;0;0;0;0;0;0;0;0;0;0;0;0;0;4;2;0;1;1;2;2;2016-04-06 12:00:00;883;0;60;18;29;0;-1;1;-1;-1;-1;-1;-1;-1;1;1;1;2;2;3;-1;0;0;0;0;0;0;0;0;0;0;0;0;0;1;1;0;0;-1;-1;0;0;-1;-1;-1;-1;-1;-1;-1;-1;-1;12;18;54;77;94;18;71;82;53;8.97;3.42;3.94;2.6;Shirak;Banants;1.86;1;1.44;0.75;1.53;1.11;89;82;47;24;7;41;29;23;0;0;0;216;28;Y;Y;Y;Y;N;N;Y
64708;883;96;2015/2016;complete;304;21;-1;73,81;90;2;1;3;1;5;6;1;4;2;0;0;0;6;6;4;5;10;11;16;13;47;53;2;0;0;0;0;0;0;0;0;0;0;0;0;0;0;0;0;0;0;0;0;0;0;0;0;0;0;0;0;0;0;0;0;0;0;0;0;0;0;0;0;0;0;0;0;0;0;0;0;0;0;0;0;0;0;0;0;0;0;0;0;0;0;0;0;0;0;0;0;0;3;0;0;2;1;3;0;2016-04-09 12:00:00;883;0;55;25;25;0;-1;1;-1;-1;-1;-1;-1;-1;0;0;2;0;0;2;-1;0;0;0;0;0;0;0;0;0;0;0;0;0;1;1;0;0;-1;-1;0;0;-1;-1;-1;-1;-1;-1;-1;-1;-1;5;20;55;75;90;30;65;80;50;8.9;6;5;2.45;Shirak;Alashkert;1.86;1.86;1.6;1.9;1.6;2.1;95;80;45;25;10;55;35;25;0;0;0;216;28;Y;Y;Y;N;N;N;Y
64709;886;884;2015/2016;complete;304;21;-1;;-1,-1,-1;0;3;3;-1;-1;-1;-1;-1;-1;-1;-1;-1;-1;-1;-1;-1;-1;-1;-1;-1;-1;-1;-1;-1;0;0;0;0;0;0;0;0;0;0;0;0;0;0;0;0;0;0;0;0;0;0;0;0;0;0;0;0;0;0;0;0;0;0;0;0;0;0;0;0;0;0;0;0;0;0;0;0;0;0;0;0;0;0;0;0;0;0;0;0;0;0;0;0;0;0;0;0;3;0;0;0;0;0;0;2016-04-09 14:00:00;884;0;50;18;24;1;-1;-1;-1;-1;-1;-1;-1;-1;-1;-1;-1;-1;-1;-1;-1;0;0;0;0;0;0;0;-1;-1;-1;-1;-1;-1;-1;-1;-1;-1;-1;-1;-1;-1;-1;-1;-1;-1;-1;-1;-1;-1;-1;11;28;67;78;89;22;50;67;50;6.18;1.67;3.13;2.78;Ulisses;Banants;0.14;1;0.22;0.67;0.1;1.05;89;73;33;22;11;47;33;6;0;0;0;216;28;Y;Y;Y;N;N;N;N
64710;881;885;2015/2016;complete;304;21;-1;;;0;0;0;1;6;7;3;2;1;3;0;0;2;2;11;2;13;4;20;26;42;58;1;3;0;0;0;0;0;0;0;0;0;0;0;0;0;0;0;0;0;0;0;0;0;0;0;0;0;0;0;0;0;0;0;0;0;0;0;0;0;0;0;0;0;0;0;0;0;0;0;0;0;0;0;0;0;0;0;0;0;0;0;0;0;0;0;0;0;0;0;0;0;0;0;0;0;0;0;2016-04-10 12:00:00;-1;0;50;18;19;0;-1;1;-1;-1;-1;-1;-1;-1;0;0;1;3;0;4;-1;0;0;0;0;0;0;0;0;0;0;0;0;0;1;1;0;0;-1;-1;0;0;-1;-1;-1;-1;-1;-1;-1;-1;-1;0;11;45;67;100;28;61;73;22;8.51;3.44;4.47;2.22;Gandzasar;Ararat;2;1.64;2.33;1.67;1.55;1.45;100;89;56;33;0;27;21;21;0;0;0;216;28;N;N;N;N;N;N;N
64711;887;882;2015/2016;complete;304;21;-1;;;0;0;0;1;2;3;3;1;3;2;0;0;0;3;5;2;5;5;22;17;50;50;3;2;0;0;0;0;0;0;0;0;0;0;0;0;0;0;0;0;0;0;0;0;0;0;0;0;0;0;0;0;0;0;0;0;0;0;0;0;0;0;0;0;0;0;0;0;0;0;0;0;0;0;0;0;0;0;0;0;0;0;0;0;0;0;0;0;0;0;0;0;0;0;0;0;0;0;0;2016-04-10 12:00:00;-1;0;39;17;22;0;-1;1;-1;-1;-1;-1;-1;-1;1;1;2;1;2;3;-1;0;0;0;0;0;0;0;0;0;0;0;0;0;1;1;0;0;-1;-1;0;0;-1;-1;-1;-1;-1;-1;-1;-1;-1;17;17;22;50;100;22;73;56;28;7.79;5.34;5;2.06;Mika;Pyunik;1.29;1.64;1.44;1.89;1.2;1.85;84;84;78;50;0;45;33;18;0;0;0;216;28;N;N;N;N;N;N;N
64712;96;882;2015/2016;complete;304;22;-1;54,72,77;;3;0;3;3;2;5;2;1;2;0;0;0;2;2;6;3;8;5;19;12;46;54;2;0;0;0;0;0;0;0;0;0;0;0;0;0;0;0;0;0;0;0;0;0;0;0;0;0;0;0;0;0;0;0;0;0;0;0;0;0;0;0;0;0;0;0;0;0;0;0;0;0;0;0;0;0;0;0;0;0;0;0;0;0;0;0;0;0;0;0;0;0;3;0;0;3;0;3;0;2016-04-16 12:00:00;96;0;40;5;21;0;-1;1;-1;-1;-1;-1;-1;-1;0;0;2;0;0;2;-1;0;0;0;0;0;0;0;0;0;0;0;0;0;1;1;0;0;-1;-1;0;0;-1;-1;-1;-1;-1;-1;-1;-1;-1;15;20;45;75;90;30;55;70;40;7.58;5.1;4;2.45;Alashkert;Pyunik;2.07;1.64;2.3;1.8;2;1.81;85;80;55;25;10;36;25;12;0;0;0;216;28;Y;Y;Y;N;N;N;N
64713;881;883;2015/2016;complete;304;22;-1;;;0;0;0;7;4;11;2;1;3;1;0;0;2;5;4;4;6;9;16;13;43;57;3;1;0;0;0;0;0;0;0;0;0;0;0;0;0;0;0;0;0;0;0;0;0;0;0;0;0;0;0;0;0;0;0;0;0;0;0;0;0;0;0;0;0;0;0;0;0;0;0;0;0;0;0;0;0;0;0;0;0;0;0;0;0;0;0;0;0;0;0;0;0;0;0;0;0;0;0;2016-04-16 12:00:00;-1;0;45;6;28;0;-1;1;-1;-1;-1;-1;-1;-1;1;0;2;1;1;3;-1;0;0;0;0;0;0;0;0;0;0;0;0;0;1;1;0;0;-1;-1;0;0;-1;-1;-1;-1;-1;-1;-1;-1;-1;0;5;35;75;95;20;50;70;25;8.72;3.1;4.44;2.1;Gandzasar;Shirak;2;1.86;2.2;1.6;1.52;1.67;100;95;65;25;5;48;37;31;0;0;0;216;28;N;N;N;N;N;N;N
64714;887;884;2015/2016;complete;304;22;-1;;;0;0;0;3;2;5;7;1;2;1;0;0;3;6;7;3;10;9;20;10;41;59;2;1;0;0;0;0;0;0;0;0;0;0;0;0;0;0;0;0;0;0;0;0;0;0;0;0;0;0;0;0;0;0;0;0;0;0;0;0;0;0;0;0;0;0;0;0;0;0;0;0;0;0;0;0;0;0;0;0;0;0;0;0;0;0;0;0;0;0;0;0;0;0;0;0;0;0;0;2016-04-17 12:00:00;-1;0;40;21;22;0;-1;1;-1;-1;-1;-1;-1;-1;1;0;1;1;1;2;-1;0;0;0;0;0;0;0;0;0;0;0;0;0;1;1;0;0;-1;-1;0;0;-1;-1;-1;-1;-1;-1;-1;-1;-1;10;20;40;55;90;25;75;50;30;6.89;3.1;4.56;2.2;Mika;Banants;1.29;1;1.4;0.9;1.19;1.14;90;80;60;45;10;26;21;16;0;0;0;216;28;N;N;N;N;N;N;N
64715;886;885;2015/2016;complete;304;22;-1;;-1,-1,-1;0;3;3;-1;-1;-1;-1;-1;-1;-1;-1;-1;-1;-1;-1;-1;-1;-1;-1;-1;-1;-1;-1;-1;0;0;0;0;0;0;0;0;0;0;0;0;0;0;0;0;0;0;0;0;0;0;0;0;0;0;0;0;0;0;0;0;0;0;0;0;0;0;0;0;0;0;0;0;0;0;0;0;0;0;0;0;0;0;0;0;0;0;0;0;0;0;0;0;0;0;0;0;3;0;0;0;0;0;0;2016-04-17 14:00:00;885;0;35;17;7;1;-1;-1;-1;-1;-1;-1;-1;-1;-1;-1;-1;-1;-1;-1;-1;0;0;0;0;0;0;0;-1;-1;-1;-1;-1;-1;-1;-1;-1;-1;-1;-1;-1;-1;-1;-1;-1;-1;-1;-1;-1;-1;-1;5;15;50;65;90;20;45;55;25;6.59;3.2;3.87;2.25;Ulisses;Ararat;0.14;1.64;0.2;1.6;0.1;1.43;95;85;50;35;10;51;32;10;0;0;0;216;28;Y;Y;Y;N;N;N;N
64716;881;96;2015/2016;complete;304;23;-1;26,55;90,90;2;2;4;4;3;7;1;0;2;1;0;0;6;7;5;2;11;9;22;16;41;59;2;1;0;0;0;0;0;0;0;0;0;0;0;0;0;0;0;0;0;0;0;0;0;0;0;0;0;0;0;0;0;0;0;0;0;0;0;0;0;0;0;0;0;0;0;0;0;0;0;0;0;0;0;0;0;0;0;0;0;0;0;0;0;0;0;0;0;0;0;0;4;1;0;1;2;3;1;2016-04-23 13:00:00;-1;0;50;23;24;0;-1;1;-1;-1;-1;-1;-1;-1;1;0;1;1;1;2;-1;0;0;0;0;0;0;0;0;0;0;0;0;0;1;1;0;0;-1;-1;0;0;-1;-1;-1;-1;-1;-1;-1;-1;-1;0;14;55;69;82;27;46;69;36;8.38;4.36;4.47;2.18;Gandzasar;Alashkert;2;1.86;2.09;1.73;1.5;2.05;100;87;46;32;18;42;33;24;0;0;0;216;28;Y;Y;Y;Y;N;N;Y
64717;884;882;2015/2016;complete;304;23;-1;87;68;1;1;2;4;4;8;3;6;3;1;0;0;3;3;1;4;4;7;19;19;49;51;3;1;0;0;0;0;0;0;0;0;0;0;0;0;0;0;0;0;0;0;0;0;0;0;0;0;0;0;0;0;0;0;0;0;0;0;0;0;0;0;0;0;0;0;0;0;0;0;0;0;0;0;0;0;0;0;0;0;0;0;0;0;0;0;0;0;0;0;0;0;2;0;0;1;1;2;0;2016-04-23 13:00:00;-1;0;55;27;23;0;-1;1;-1;-1;-1;-1;-1;-1;0;0;3;1;0;4;-1;0;0;0;0;0;0;0;0;0;0;0;0;0;1;1;0;0;-1;-1;0;0;-1;-1;-1;-1;-1;-1;-1;-1;-1;14;23;36;73;96;37;59;73;41;8.82;3.9;3.73;2.46;Banants;Pyunik;1.36;1.64;1.36;1.64;1.14;1.73;87;78;64;27;5;59;49;24;0;0;0;216;28;Y;Y;N;N;N;N;Y
64718;885;887;2015/2016;complete;304;23;-1;;17,46,55,86;0;4;4;7;2;9;0;1;4;2;0;0;3;3;5;3;8;6;19;9;48;52;4;2;0;0;0;0;0;0;0;0;0;0;0;0;0;0;0;0;0;0;0;0;0;0;0;0;0;0;0;0;0;0;0;0;0;0;0;0;0;0;0;0;0;0;0;0;0;0;0;0;0;0;0;0;0;0;0;0;0;0;0;0;0;0;0;0;0;0;0;0;4;0;1;0;3;3;1;2016-04-23 15:00:00;887;0;60;29;28;0;-1;1;-1;-1;-1;-1;-1;-1;1;0;3;2;1;5;-1;0;0;0;0;0;0;0;0;0;0;0;0;0;1;1;0;0;-1;-1;0;0;-1;-1;-1;-1;-1;-1;-1;-1;-1;0;9;45;87;91;36;55;73;41;7.73;3.46;4.15;2.32;Ararat;Mika;1;1;1.27;1;1.5;1.18;100;91;55;14;9;47;42;21;0;0;0;216;28;Y;Y;Y;Y;N;N;N
64719;883;886;2015/2016;complete;304;23;-1;-1,-1,-1;;3;0;3;-1;-1;-1;-1;-1;-1;-1;-1;-1;-1;-1;-1;-1;-1;-1;-1;-1;-1;-1;-1;-1;0;0;0;0;0;0;0;0;0;0;0;0;0;0;0;0;0;0;0;0;0;0;0;0;0;0;0;0;0;0;0;0;0;0;0;0;0;0;0;0;0;0;0;0;0;0;0;0;0;0;0;0;0;0;0;0;0;0;0;0;0;0;0;0;0;0;0;0;3;0;0;0;0;0;0;2016-04-24 13:00:00;883;0;46;17;35;1;-1;-1;-1;-1;-1;-1;-1;-1;-1;-1;-1;-1;-1;-1;-1;0;0;0;0;0;0;0;-1;-1;-1;-1;-1;-1;-1;-1;-1;-1;-1;-1;-1;-1;-1;-1;-1;-1;-1;-1;-1;-1;-1;14;27;64;87;100;27;60;73;55;8.18;3.18;4.33;2.96;Shirak;Ulisses;1.86;0;1.73;0;1.64;0.09;87;73;36;14;0;42;26;26;0;0;0;216;28;Y;Y;Y;N;N;N;N
64720;96;884;2015/2016;complete;304;24;-1;16,78;57;2;1;3;8;2;10;6;0;1;2;0;0;5;2;7;3;12;5;14;12;57;43;1;2;0;0;0;0;0;0;0;0;0;0;0;0;0;0;0;0;0;0;0;0;0;0;0;0;0;0;0;0;0;0;0;0;0;0;0;0;0;0;0;0;0;0;0;0;0;0;0;0;0;0;0;0;0;0;0;0;0;0;0;0;0;0;0;0;0;0;0;0;3;1;0;1;1;2;1;2016-04-30 13:00:00;96;0;41;10;20;0;-1;1;-1;-1;-1;-1;-1;-1;1;0;0;2;1;2;-1;0;0;0;0;0;0;0;0;0;0;0;0;0;1;1;0;0;-1;-1;0;0;-1;-1;-1;-1;-1;-1;-1;-1;-1;9;23;64;82;87;32;60;69;45;7;3;3.5;2.69;Alashkert;Banants;2.07;1;2.36;0.91;2;1.13;91;78;36;18;14;20;15;10;0;0;0;216;28;Y;Y;Y;N;N;N;Y
64721;887;883;2015/2016;complete;304;24;-1;34;1,19,32,84;1;4;5;3;5;8;0;4;2;3;0;0;3;2;4;8;7;10;14;21;58;42;2;3;0;0;0;0;0;0;0;0;0;0;0;0;0;0;0;0;0;0;0;0;0;0;0;0;0;0;0;0;0;0;0;0;0;0;0;0;0;0;0;0;0;0;0;0;0;0;0;0;0;0;0;0;0;0;0;0;0;0;0;0;0;0;0;0;0;0;0;0;5;1;3;0;1;1;4;2016-04-30 13:00:00;883;0;27;9;15;0;-1;1;-1;-1;-1;-1;-1;-1;1;1;1;2;2;3;-1;0;0;0;0;0;0;0;0;0;0;0;0;0;1;1;0;1;-1;-1;0;0;-1;-1;-1;-1;-1;-1;-1;-1;-1;5;5;14;50;87;18;64;46;14;7.8;4.82;5.11;1.59;Mika;Shirak;1.29;1.86;1.36;1.55;1.26;1.7;96;96;87;50;14;54;39;34;0;0;0;216;28;Y;Y;Y;Y;Y;N;Y
64722;882;885;2015/2016;complete;304;24;-1;;;0;0;0;5;3;8;1;0;0;4;0;1;8;2;11;3;19;5;11;15;62;38;0;5;0;0;0;0;0;0;0;0;0;0;0;0;0;0;0;0;0;0;0;0;0;0;0;0;0;0;0;0;0;0;0;0;0;0;0;0;0;0;0;0;0;0;0;0;0;0;0;0;0;0;0;0;0;0;0;0;0;0;0;0;0;0;0;0;0;0;0;0;0;0;0;0;0;0;0;2016-04-30 15:00:00;-1;0;41;30;5;0;-1;1;-1;-1;-1;-1;-1;-1;0;2;0;3;2;3;-1;0;0;0;0;0;0;0;0;0;0;0;0;0;1;1;0;0;-1;-1;0;0;-1;-1;-1;-1;-1;-1;-1;-1;-1;5;14;50;69;91;36;69;64;18;9.6;4.73;4.3;2.32;Pyunik;Ararat;1.79;1.64;1.82;1.73;1.7;1.43;96;87;50;32;9;35;30;25;0;0;0;216;28;N;N;N;N;N;N;N
64723;886;881;2015/2016;complete;304;24;-1;;-1,-1,-1;0;3;3;-1;-1;-1;-1;-1;-1;-1;-1;-1;-1;-1;-1;-1;-1;-1;-1;-1;-1;-1;-1;-1;0;0;0;0;0;0;0;0;0;0;0;0;0;0;0;0;0;0;0;0;0;0;0;0;0;0;0;0;0;0;0;0;0;0;0;0;0;0;0;0;0;0;0;0;0;0;0;0;0;0;0;0;0;0;0;0;0;0;0;0;0;0;0;0;0;0;0;0;3;0;0;0;0;0;0;2016-04-30 15:00:00;881;0;36;21;25;1;-1;-1;-1;-1;-1;-1;-1;-1;-1;-1;-1;-1;-1;-1;-1;0;0;0;0;0;0;0;-1;-1;-1;-1;-1;-1;-1;-1;-1;-1;-1;-1;-1;-1;-1;-1;-1;-1;-1;-1;-1;-1;-1;9;23;64;78;87;23;46;55;41;6.29;2.37;3.75;2.59;Ulisses;Gandzasar;0.14;1.21;0.18;0.91;0.09;1.48;91;78;36;23;14;56;37;10;0;0;0;216;28;Y;Y;Y;N;N;N;N
64724;881;887;2015/2016;complete;304;25;-1;4,55,90;23;3;1;4;3;3;6;1;0;3;1;0;0;5;2;11;2;16;4;20;16;46;54;3;1;0;0;0;0;0;0;0;0;0;0;0;0;0;0;0;0;0;0;0;0;0;0;0;0;0;0;0;0;0;0;0;0;0;0;0;0;0;0;0;0;0;0;0;0;0;0;0;0;0;0;0;0;0;0;0;0;0;0;0;0;0;0;0;0;0;0;0;0;4;1;1;2;0;2;2;2016-05-08 13:00:00;881;0;50;18;27;0;-1;1;-1;-1;-1;-1;-1;-1;0;0;3;1;0;4;-1;0;0;0;0;0;0;0;0;0;0;0;0;0;1;1;1;0;-1;-1;0;0;-1;-1;-1;-1;-1;-1;-1;-1;-1;0;13;50;80;92;25;46;71;38;7.45;2.92;4.82;2.34;Gandzasar;Mika;2;1;2;1.17;1.54;1.21;100;88;50;21;9;38;33;23;0;0;0;216;28;Y;Y;Y;Y;N;N;Y
64725;883;882;2015/2016;complete;304;25;-1;62;79;1;1;2;2;1;3;0;1;4;1;0;0;3;6;5;2;8;8;18;12;55;45;4;1;0;0;0;0;0;0;0;0;0;0;0;0;0;0;0;0;0;0;0;0;0;0;0;0;0;0;0;0;0;0;0;0;0;0;0;0;0;0;0;0;0;0;0;0;0;0;0;0;0;0;0;0;0;0;0;0;0;0;0;0;0;0;0;0;0;0;0;0;2;0;0;1;1;2;0;2016-05-08 13:00:00;-1;0;54;9;39;0;-1;1;-1;-1;-1;-1;-1;-1;1;1;3;0;2;3;-1;0;0;0;0;0;0;0;0;0;0;0;0;0;1;1;0;0;-1;-1;0;0;-1;-1;-1;-1;-1;-1;-1;-1;-1;13;17;46;75;96;17;50;79;54;8.55;5.25;4.2;2.46;Shirak;Pyunik;1.86;1.64;1.83;1.58;1.75;1.67;88;83;55;25;4;43;29;19;0;0;0;216;28;Y;Y;N;N;N;N;Y
64726;886;96;2015/2016;complete;304;25;-1;;-1,-1,-1;0;3;3;-1;-1;-1;-1;-1;-1;-1;-1;-1;-1;-1;-1;-1;-1;-1;-1;-1;-1;-1;-1;-1;0;0;0;0;0;0;0;0;0;0;0;0;0;0;0;0;0;0;0;0;0;0;0;0;0;0;0;0;0;0;0;0;0;0;0;0;0;0;0;0;0;0;0;0;0;0;0;0;0;0;0;0;0;0;0;0;0;0;0;0;0;0;0;0;0;0;0;0;3;0;0;0;0;0;0;2016-05-08 15:00:00;96;0;42;24;20;1;-1;-1;-1;-1;-1;-1;-1;-1;-1;-1;-1;-1;-1;-1;-1;0;0;0;0;0;0;0;-1;-1;-1;-1;-1;-1;-1;-1;-1;-1;-1;-1;-1;-1;-1;-1;-1;-1;-1;-1;-1;-1;-1;4;21;71;79;88;21;38;59;42;6.29;3.33;3.74;2.63;Ulisses;Alashkert;0.14;1.86;0.17;1.67;0.08;2.04;96;79;29;21;13;61;38;9;0;0;0;216;28;Y;Y;Y;N;N;N;N
64727;885;884;2015/2016;complete;304;25;-1;50;42,85;1;2;3;9;3;12;3;0;1;2;0;0;7;2;4;4;11;6;14;19;46;54;1;2;0;0;0;0;0;0;0;0;0;0;0;0;0;0;0;0;0;0;0;0;0;0;0;0;0;0;0;0;0;0;0;0;0;0;0;0;0;0;0;0;0;0;0;0;0;0;0;0;0;0;0;0;0;0;0;0;0;0;0;0;0;0;0;0;0;0;0;0;3;0;1;1;1;2;1;2016-05-08 15:00:00;884;0;58;22;35;0;-1;1;-1;-1;-1;-1;-1;-1;1;1;0;1;2;1;-1;0;0;0;0;0;0;0;0;0;0;0;0;0;1;1;0;0;-1;-1;0;0;-1;-1;-1;-1;-1;-1;-1;-1;-1;4;25;59;79;83;29;67;71;50;8.19;2.08;3.22;2.55;Ararat;Banants;1;1;1.17;0.83;1.42;1.08;96;75;42;21;17;41;32;14;0;0;0;216;28;Y;Y;Y;N;N;N;Y
64728;96;885;2015/2016;complete;304;26;-1;;81;0;1;1;2;3;5;2;2;3;2;0;0;7;2;7;7;14;9;20;16;67;33;3;2;0;0;0;0;0;0;0;0;0;0;0;0;0;0;0;0;0;0;0;0;0;0;0;0;0;0;0;0;0;0;0;0;0;0;0;0;0;0;0;0;0;0;0;0;0;0;0;0;0;0;0;0;0;0;0;0;0;0;0;0;0;0;0;0;0;0;0;0;1;0;0;0;1;1;0;2016-05-14 13:00:00;885;0;33;9;9;0;-1;1;-1;-1;-1;-1;-1;-1;0;0;3;2;0;5;-1;0;0;0;0;0;0;0;0;0;0;0;0;0;1;1;0;0;-1;-1;0;0;-1;-1;-1;-1;-1;-1;-1;-1;-1;4;13;50;71;88;29;58;63;29;7.91;4.67;4.46;2.25;Alashkert;Ararat;2.07;1.64;2.42;1.67;2.08;1.36;96;88;50;29;13;27;18;14;0;0;0;216;28;Y;N;N;N;N;N;N
64729;884;883;2015/2016;complete;304;26;-1;;24;0;1;1;1;5;6;3;2;4;5;1;0;2;5;2;5;4;10;10;19;57;43;5;5;0;0;0;0;0;0;0;0;0;0;0;0;0;0;0;0;0;0;0;0;0;0;0;0;0;0;0;0;0;0;0;0;0;0;0;0;0;0;0;0;0;0;0;0;0;0;0;0;0;0;0;0;0;0;0;0;0;0;0;0;0;0;0;0;0;0;0;0;1;0;1;0;0;0;1;2016-05-14 13:00:00;883;0;55;26;22;0;-1;1;-1;-1;-1;-1;-1;-1;1;1;4;4;2;8;-1;0;0;0;0;0;0;0;0;0;0;0;0;0;1;1;0;0;-1;-1;0;0;-1;-1;-1;-1;-1;-1;-1;-1;-1;8;17;29;79;96;38;63;71;30;9.57;3.58;4.27;2.33;Banants;Shirak;1.36;1.86;1.33;1.67;1.16;1.72;92;84;71;21;4;70;57;39;0;0;0;216;28;Y;N;N;N;N;N;N
64730;887;886;2015/2016;complete;304;26;-1;-1,-1,-1;;3;0;3;-1;-1;-1;-1;-1;-1;-1;-1;-1;-1;-1;-1;-1;-1;-1;-1;-1;-1;-1;-1;-1;0;0;0;0;0;0;0;0;0;0;0;0;0;0;0;0;0;0;0;0;0;0;0;0;0;0;0;0;0;0;0;0;0;0;0;0;0;0;0;0;0;0;0;0;0;0;0;0;0;0;0;0;0;0;0;0;0;0;0;0;0;0;0;0;0;0;0;0;3;0;0;0;0;0;0;2016-05-15 13:00:00;887;0;25;25;17;1;-1;-1;-1;-1;-1;-1;-1;-1;-1;-1;-1;-1;-1;-1;-1;0;0;0;0;0;0;0;-1;-1;-1;-1;-1;-1;-1;-1;-1;-1;-1;-1;-1;-1;-1;-1;-1;-1;-1;-1;-1;-1;-1;17;25;46;63;92;29;63;42;25;6.63;3;4.71;2.46;Mika;Ulisses;1.29;0;1.25;0;1.16;0.08;83;75;54;38;9;32;21;21;0;0;0;216;28;Y;Y;Y;N;N;N;N
64731;882;881;2015/2016;complete;304;26;-1;;;0;0;0;10;0;10;1;1;2;4;1;0;7;5;5;9;12;14;21;16;56;44;3;4;0;0;0;0;0;0;0;0;0;0;0;0;0;0;0;0;0;0;0;0;0;0;0;0;0;0;0;0;0;0;0;0;0;0;0;0;0;0;0;0;0;0;0;0;0;0;0;0;0;0;0;0;0;0;0;0;0;0;0;0;0;0;0;0;0;0;0;0;0;0;0;0;0;0;0;2016-05-15 15:00:00;-1;0;42;32;23;0;-1;1;-1;-1;-1;-1;-1;-1;1;2;2;2;3;4;-1;0;0;0;0;0;0;0;0;0;0;0;0;0;1;1;0;0;-1;-1;0;0;-1;-1;-1;-1;-1;-1;-1;-1;-1;8;21;58;75;83;38;67;63;34;9.27;4;4;2.5;Pyunik;Gandzasar;1.79;1.21;1.75;1.08;1.64;1.6;92;79;42;25;17;38;33;24;0;0;0;216;28;N;N;N;N;N;N;N
64732;96;883;2015/2016;complete;304;28;-1;55,85;13,72,90;2;3;5;4;2;6;2;2;4;4;0;0;4;2;7;4;11;6;17;12;52;48;4;4;0;0;0;0;0;0;0;0;0;0;0;0;0;0;0;0;0;0;0;0;0;0;0;0;0;0;0;0;0;0;0;0;0;0;0;0;0;0;0;0;0;0;0;0;0;0;0;0;0;0;0;0;0;0;0;0;0;0;0;0;0;0;0;0;0;0;0;0;5;0;1;2;2;4;1;2016-05-18 13:00:00;883;0;35;4;17;0;-1;1;-1;-1;-1;-1;-1;-1;1;1;3;3;2;6;-1;0;0;0;0;0;0;0;0;0;0;0;0;0;1;1;0;0;-1;-1;0;0;-1;-1;-1;-1;-1;-1;-1;-1;-1;8;12;43;77;92;27;58;70;31;8.41;4.69;4.5;2.31;Alashkert;Shirak;2.07;1.86;2.23;1.77;2;1.77;92;89;58;23;8;46;34;25;0;0;0;216;28;Y;Y;Y;Y;Y;N;Y
64733;885;881;2015/2016;complete;304;28;-1;;11,77;0;2;2;8;4;12;0;5;2;1;0;0;2;3;6;7;8;10;18;18;54;46;2;1;0;0;0;0;0;0;0;0;0;0;0;0;0;0;0;0;0;0;0;0;0;0;0;0;0;0;0;0;0;0;0;0;0;0;0;0;0;0;0;0;0;0;0;0;0;0;0;0;0;0;0;0;0;0;0;0;0;0;0;0;0;0;0;0;0;0;0;0;2;0;1;0;1;1;1;2016-05-18 13:00:00;881;0;50;24;36;0;-1;1;-1;-1;-1;-1;-1;-1;1;1;1;0;2;1;-1;0;0;0;0;0;0;0;0;0;0;0;0;0;1;1;0;0;-1;-1;1;0;-1;-1;-1;-1;-1;-1;-1;-1;-1;4;23;54;77;81;31;66;66;46;8.64;3.15;3.95;2.39;Ararat;Gandzasar;1;1.21;1.08;1.08;1.42;1.58;96;77;46;23;19;52;39;22;0;0;0;216;28;Y;Y;N;N;N;N;N
64734;884;886;2015/2016;complete;304;28;-1;-1,-1,-1;;3;0;3;-1;-1;-1;-1;-1;-1;-1;-1;-1;-1;-1;-1;-1;-1;-1;-1;-1;-1;-1;-1;-1;0;0;0;0;0;0;0;0;0;0;0;0;0;0;0;0;0;0;0;0;0;0;0;0;0;0;0;0;0;0;0;0;0;0;0;0;0;0;0;0;0;0;0;0;0;0;0;0;0;0;0;0;0;0;0;0;0;0;0;0;0;0;0;0;0;0;0;0;3;0;0;0;0;0;0;2016-05-18 13:00:00;884;0;43;32;24;1;-1;-1;-1;-1;-1;-1;-1;-1;-1;-1;-1;-1;-1;-1;-1;0;0;0;0;0;0;0;-1;-1;-1;-1;-1;-1;-1;-1;-1;-1;-1;-1;-1;-1;-1;-1;-1;-1;-1;-1;-1;-1;-1;12;27;54;85;100;39;58;58;38;8.09;1.84;4.11;2.85;Banants;Ulisses;1.36;0;1.23;0;1.12;0.08;89;73;46;16;0;50;40;28;0;0;0;216;28;Y;Y;Y;N;N;N;N
64735;882;887;2015/2016;complete;304;28;-1;8,44;63;2;1;3;2;2;4;8;1;3;2;0;1;3;2;5;5;8;7;7;13;50;50;3;3;0;0;0;0;0;0;0;0;0;0;0;0;0;0;0;0;0;0;0;0;0;0;0;0;0;0;0;0;0;0;0;0;0;0;0;0;0;0;0;0;0;0;0;0;0;0;0;0;0;0;0;0;0;0;0;0;0;0;0;0;0;0;0;0;0;0;0;0;3;2;0;0;1;1;2;2016-05-18 13:00:00;882;0;46;33;13;0;-1;1;-1;-1;-1;-1;-1;-1;0;1;3;2;1;5;-1;0;0;0;0;0;0;0;0;0;0;0;0;0;1;1;1;0;-1;-1;0;0;-1;-1;-1;-1;-1;-1;-1;-1;-1;4;15;54;81;89;38;58;70;35;8.85;3.92;4.42;2.47;Pyunik;Mika;1.79;1;1.69;1.08;1.62;1.23;96;85;46;20;12;44;39;22;0;0;0;216;28;Y;Y;Y;N;N;N;Y
64736;887;96;2015/2016;complete;304;27;-1;;22,70;0;2;2;2;12;14;2;7;2;4;1;0;3;9;3;4;6;13;9;18;59;41;4;4;0;0;0;0;0;0;0;0;0;0;0;0;0;0;0;0;0;0;0;0;0;0;0;0;0;0;0;0;0;0;0;0;0;0;0;0;0;0;0;0;0;0;0;0;0;0;0;0;0;0;0;0;0;0;0;0;0;0;0;0;0;0;0;0;0;0;0;0;2;0;1;0;1;1;1;2016-05-22 13:00:00;96;0;39;29;17;0;-1;1;-1;-1;-1;-1;-1;-1;1;2;2;2;3;4;-1;0;0;0;0;0;0;0;0;1;0;1;0;0;1;1;0;0;-1;-1;1;0;-1;-1;-1;-1;-1;-1;-1;-1;-1;8;19;46;58;85;27;62;50;27;7;5;5;2.16;Mika;Alashkert;1.29;1.86;1.38;1.77;1.19;1.93;93;81;54;43;15;38;25;17;0;0;0;216;28;Y;Y;N;N;N;N;N
64737;881;884;2015/2016;complete;304;27;-1;;;0;0;0;4;3;7;6;1;1;2;0;1;2;0;7;7;9;7;21;17;42;58;1;3;0;0;0;0;0;0;0;0;0;0;0;0;0;0;0;0;0;0;0;0;0;0;0;0;0;0;0;0;0;0;0;0;0;0;0;0;0;0;0;0;0;0;0;0;0;0;0;0;0;0;0;0;0;0;0;0;0;0;0;0;0;0;0;0;0;0;0;0;0;0;0;0;0;0;0;2016-05-22 13:00:00;-1;0;58;17;38;0;-1;1;-1;-1;-1;-1;-1;-1;0;1;1;2;1;3;-1;0;0;0;0;0;0;0;0;0;0;0;0;0;1;1;0;0;-1;-1;0;0;-1;-1;-1;-1;-1;-1;-1;-1;-1;4;23;62;73;85;23;58;69;46;7.61;1.69;3.83;2.5;Gandzasar;Banants;2;1;2.08;1;1.63;1.19;96;77;39;27;15;28;28;20;0;0;0;216;28;N;N;N;N;N;N;N
64738;883;885;2015/2016;complete;304;27;-1;60,67;57;2;1;3;6;3;9;0;3;2;1;0;0;8;4;8;3;16;7;16;6;65;35;2;1;0;0;0;0;0;0;0;0;0;0;0;0;0;0;0;0;0;0;0;0;0;0;0;0;0;0;0;0;0;0;0;0;0;0;0;0;0;0;0;0;0;0;0;0;0;0;0;0;0;0;0;0;0;0;0;0;0;0;0;0;0;0;0;0;0;0;0;0;3;0;0;2;1;3;0;2016-05-22 13:00:00;883;0;47;13;25;0;-1;1;-1;-1;-1;-1;-1;-1;1;0;1;1;1;2;-1;0;0;0;0;0;0;0;0;0;0;0;0;0;1;1;0;0;-1;-1;0;0;-1;-1;-1;-1;-1;-1;-1;-1;-1;4;12;43;66;93;19;54;70;35;8.41;4.23;5.08;2.16;Shirak;Ararat;1.86;1.64;1.77;1.77;1.81;1.37;96;89;58;35;8;34;21;21;0;0;0;216;28;Y;Y;Y;N;N;N;Y
64739;886;882;2015/2016;complete;304;27;-1;;-1,-1,-1;0;3;3;-1;-1;-1;-1;-1;-1;-1;-1;-1;-1;-1;-1;-1;-1;-1;-1;-1;-1;-1;-1;-1;0;0;0;0;0;0;0;0;0;0;0;0;0;0;0;0;0;0;0;0;0;0;0;0;0;0;0;0;0;0;0;0;0;0;0;0;0;0;0;0;0;0;0;0;0;0;0;0;0;0;0;0;0;0;0;0;0;0;0;0;0;0;0;0;0;0;0;0;3;0;0;0;0;0;0;2016-05-22 15:00:00;882;0;39;11;26;1;-1;-1;-1;-1;-1;-1;-1;-1;-1;-1;-1;-1;-1;-1;-1;0;0;0;0;0;0;0;-1;-1;-1;-1;-1;-1;-1;-1;-1;-1;-1;-1;-1;-1;-1;-1;-1;-1;-1;-1;-1;-1;-1;12;15;54;77;92;12;27;58;43;6.02;3;3.26;2.5;Ulisses;Pyunik;0.14;1.64;0.15;1.54;0.07;1.67;89;85;46;23;8;54;35;5;0;0;0;216;28;Y;Y;Y;N;N;N;N
