ID;HOMEID;AWAYID;SEASON;STATUS;ROUNDID;GAME_WEEK;REVISED_GAME_WEEK;HOMEGOALS;AWAYGOALS;HOMEGOALCOUNT;AWAYGOALCOUNT;TOTALGOALCOUNT;TEAM_A_CORNERS;TEAM_B_CORNERS;TOTALCORNERCOUNT;TEAM_A_OFFSIDES;TEAM_B_OFFSIDES;TEAM_A_YELLOW_CARDS;TEAM_B_YELLOW_CARDS;TEAM_A_RED_CARDS;TEAM_B_RED_CARDS;TEAM_A_SHOTSONTARGET;TEAM_B_SHOTSONTARGET;TEAM_A_SHOTSOFFTARGET;TEAM_B_SHOTSOFFTARGET;TEAM_A_SHOTS;TEAM_B_SHOTS;TEAM_A_FOULS;TEAM_B_FOULS;TEAM_A_POSSESSION;TEAM_B_POSSESSION;TEAM_A_CARDS_NUM;TEAM_B_CARDS_NUM;ODDS_FT_1;ODDS_FT_X;ODDS_FT_2;ODDS_FT_OVER05;ODDS_FT_OVER15;ODDS_FT_OVER25;ODDS_FT_OVER35;ODDS_FT_OVER45;ODDS_FT_UNDER05;ODDS_FT_UNDER15;ODDS_FT_UNDER25;ODDS_FT_UNDER35;ODDS_FT_UNDER45;ODDS_BTTS_YES;ODDS_BTTS_NO;ODDS_TEAM_A_CS_YES;ODDS_TEAM_A_CS_NO;ODDS_TEAM_B_CS_YES;ODDS_TEAM_B_CS_NO;ODDS_DOUBLECHANCE_1X;ODDS_DOUBLECHANCE_12;ODDS_DOUBLECHANCE_X2;ODDS_1ST_HALF_RESULT_1;ODDS_1ST_HALF_RESULT_X;ODDS_1ST_HALF_RESULT_2;ODDS_2ND_HALF_RESULT_1;ODDS_2ND_HALF_RESULT_X;ODDS_2ND_HALF_RESULT_2;ODDS_DNB_1;ODDS_DNB_2;ODDS_CORNERS_OVER_75;ODDS_CORNERS_OVER_85;ODDS_CORNERS_OVER_95;ODDS_CORNERS_OVER_105;ODDS_CORNERS_OVER_115;ODDS_CORNERS_UNDER_75;ODDS_CORNERS_UNDER_85;ODDS_CORNERS_UNDER_95;ODDS_CORNERS_UNDER_105;ODDS_CORNERS_UNDER_115;ODDS_CORNERS_1;ODDS_CORNERS_X;ODDS_CORNERS_2;ODDS_TEAM_TO_SCORE_FIRST_1;ODDS_TEAM_TO_SCORE_FIRST_X;ODDS_TEAM_TO_SCORE_FIRST_2;ODDS_WIN_TO_NIL_1;ODDS_WIN_TO_NIL_2;ODDS_1ST_HALF_OVER05;ODDS_1ST_HALF_OVER15;ODDS_1ST_HALF_OVER25;ODDS_1ST_HALF_OVER35;ODDS_1ST_HALF_UNDER05;ODDS_1ST_HALF_UNDER15;ODDS_1ST_HALF_UNDER25;ODDS_1ST_HALF_UNDER35;ODDS_2ND_HALF_OVER05;ODDS_2ND_HALF_OVER15;ODDS_2ND_HALF_OVER25;ODDS_2ND_HALF_OVER35;ODDS_2ND_HALF_UNDER05;ODDS_2ND_HALF_UNDER15;ODDS_2ND_HALF_UNDER25;ODDS_2ND_HALF_UNDER35;ODDS_BTTS_1ST_HALF_YES;ODDS_BTTS_1ST_HALF_NO;ODDS_BTTS_2ND_HALF_YES;ODDS_BTTS_2ND_HALF_NO;OVERALLGOALCOUNT;HT_GOALS_TEAM_A;HT_GOALS_TEAM_B;GOALS_2HG_TEAM_A;GOALS_2HG_TEAM_B;GOALCOUNT_2HG;HTGOALCOUNT;DATE_UNIX;WINNINGTEAM;NO_HOME_AWAY;BTTS_POTENTIAL;BTTS_FHG_POTENTIAL;BTTS_2HG_POTENTIAL;GOALTIMINGDISABLED;CORNER_TIMINGS_RECORDED;CARD_TIMINGS_RECORDED;TEAM_A_FH_CORNERS;TEAM_B_FH_CORNERS;TEAM_A_2H_CORNERS;TEAM_B_2H_CORNERS;CORNER_FH_COUNT;CORNER_2H_COUNT;TEAM_A_FH_CARDS;TEAM_B_FH_CARDS;TEAM_A_2H_CARDS;TEAM_B_2H_CARDS;TOTAL_FH_CARDS;TOTAL_2H_CARDS;ATTACKS_RECORDED;TEAM_A_DANGEROUS_ATTACKS;TEAM_B_DANGEROUS_ATTACKS;TEAM_A_ATTACKS;TEAM_B_ATTACKS;TEAM_A_XG;TEAM_B_XG;TOTAL_XG;TEAM_A_PENALTIES_WON;TEAM_B_PENALTIES_WON;TEAM_A_PENALTY_GOALS;TEAM_B_PENALTY_GOALS;TEAM_A_PENALTY_MISSED;TEAM_B_PENALTY_MISSED;PENS_RECORDED;GOAL_TIMINGS_RECORDED;TEAM_A_0_10_MIN_GOALS;TEAM_B_0_10_MIN_GOALS;TEAM_A_CORNERS_0_10_MIN;TEAM_B_CORNERS_0_10_MIN;TEAM_A_CARDS_0_10_MIN;TEAM_B_CARDS_0_10_MIN;THROWINS_RECORDED;TEAM_A_THROWINS;TEAM_B_THROWINS;FREEKICKS_RECORDED;TEAM_A_FREEKICKS;TEAM_B_FREEKICKS;GOALKICKS_RECORDED;TEAM_A_GOALKICKS;TEAM_B_GOALKICKS;O45_POTENTIAL;O35_POTENTIAL;O25_POTENTIAL;O15_POTENTIAL;O05_POTENTIAL;O15HT_POTENTIAL;O05HT_POTENTIAL;O05_2H_POTENTIAL;O15_2H_POTENTIAL;CORNERS_POTENTIAL;OFFSIDES_POTENTIAL;CARDS_POTENTIAL;AVG_POTENTIAL;HOME_NAME;AWAY_NAME;HOME_PPG;AWAY_PPG;PRE_MATCH_HOME_PPG;PRE_MATCH_AWAY_PPG;PRE_MATCH_TEAMA_OVERALL_PPG;PRE_MATCH_TEAMB_OVERALL_PPG;U45_POTENTIAL;U35_POTENTIAL;U25_POTENTIAL;U15_POTENTIAL;U05_POTENTIAL;CORNERS_O85_POTENTIAL;CORNERS_O95_POTENTIAL;CORNERS_O105_POTENTIAL;TEAM_A_XG_PREMATCH;TEAM_B_XG_PREMATCH;TOTAL_XG_PREMATCH;COMPETITION_ID;MATCHES_COMPLETED_MINIMUM;OVER05;OVER15;OVER25;OVER35;OVER45;OVER55;BTTS
1310523;671669;882;2021/2022;complete;72201;1;-1;;39,61,65,73;0;4;4;5;6;11;-1;-1;3;1;0;0;2;9;0;1;2;10;-1;-1;50;50;3;1;9;5;1.25;1.04;1.25;1.85;2.7;4.95;9.25;3.35;1.95;1.35;1.12;2.25;1.5;0;0;0;0;0;0;0;8.5;2.5;1.73;0;0;0;0;0;0;0;0;0;0;0;0;0;0;0;0;0;0;4.33;0;1.25;0;0;0;0;0;0;0;0;0;0;0;0;0;0;0;0;0;0;0;0;0;0;4;0;1;0;3;3;1;2021-07-30 15:00:00;882;0;0;0;0;0;1;1;4;2;1;4;6;5;1;0;2;1;1;3;1;32;42;69;71;0.51;1.57;2.07;0;0;0;0;0;0;1;1;0;0;2;0;0;0;-1;-1;-1;-1;-1;-1;-1;-1;-1;0;0;0;0;0;0;0;0;0;0;0;0;0;BKMA;Pyunik;0.69;2.44;0;0;0;0;0;0;0;0;0;0;0;0;0;0;0;6151;32;Y;Y;Y;Y;N;N;N
1310524;96;1362;2021/2022;complete;72201;1;-1;;61,66,74;0;3;3;0;8;8;1;1;0;0;0;0;0;8;2;8;2;16;18;10;50;50;0;0;2.05;3.05;3.1;1.06;1.44;2.4;4.5;9.5;7.2;2.55;1.53;1.16;1.03;2.06;1.73;0;0;0;0;1.3;1.32;1.57;3.07;1.98;4.1;2.67;2.35;3.58;0;0;0;0;0;0;0;0;0;0;0;0;0;0;0;1.88;6.9;2.38;0;0;1.45;3.2;7.9;0;2.55;1.3;1.05;0;1.28;2.35;5.6;19;3.34;1.52;1.11;1.01;0;0;0;0;3;0;0;0;3;3;0;2021-08-01 13:00:00;1362;0;0;0;0;0;1;-1;0;5;0;3;5;3;0;0;0;0;0;0;1;33;62;98;92;0.38;2.01;2.4;-1;-1;-1;-1;-1;-1;-1;1;0;0;0;3;-1;-1;-1;-1;-1;-1;-1;-1;-1;-1;-1;0;0;0;0;0;0;0;0;0;0;0;0;0;Alashkert;FC Avan Academy;1.56;2.5;0;0;0;0;0;0;0;0;0;0;0;0;0;0;0;6151;32;Y;Y;Y;N;N;N;N
1310525;884;686877;2021/2022;complete;72201;1;-1;48,67,86;;3;0;3;7;2;9;-1;-1;-1;-1;-1;-1;7;5;3;0;10;5;-1;-1;56;44;-1;-1;1.24;5;7.5;1.03;1.2;1.56;2.4;4;12;3.75;2.15;1.44;1.18;1.91;1.74;0;0;0;0;0;0;0;1.67;2.63;8;0;0;0;0;0;0;0;0;0;0;0;0;0;0;0;0;0;0;1.2;0;5;0;0;0;0;0;0;0;0;0;0;0;0;0;0;0;0;0;0;0;0;0;0;3;0;0;3;0;3;0;2021-08-01 16:00:00;884;0;0;0;0;0;1;-1;6;1;1;1;7;2;-1;-1;-1;-1;-1;-1;1;68;36;105;76;1.62;0.93;2.55;-1;-1;-1;-1;-1;-1;-1;1;0;0;1;0;-1;-1;-1;-1;-1;-1;-1;-1;-1;-1;-1;0;0;0;0;0;0;0;0;0;0;0;0;0;Banants;Noravank;1.31;0.38;0;0;0;0;0;0;0;0;0;0;0;0;0;0;0;6151;32;Y;Y;Y;N;N;N;N
1310527;885;1360;2021/2022;complete;72201;1;-1;19,37,38,42,54,60,74;24;7;1;8;3;2;5;3;2;1;2;0;1;14;3;5;2;19;5;16;3;50;50;1;4;2.15;2.8;2.8;1.09;1.36;2.05;3.3;6.25;6;2.55;1.57;1.24;1.08;1.83;1.71;0;0;0;0;1.33;1.28;1.5;2.88;2.05;3.5;2.66;2.36;3.34;0;0;0;0;0;0;0;0;0;0;0;0;0;0;0;1.83;6.75;2.3;0;0;1.45;3.04;8;17;2.6;1.34;1.05;1.01;1.28;2.21;5.3;11;3.3;1.61;1.12;1.03;0;0;0;0;8;4;1;3;0;3;5;2021-08-02 15:00:00;885;0;0;0;0;0;1;1;0;2;3;0;2;3;0;3;1;0;3;1;1;73;25;115;70;2.7;0.72;3.42;0;0;0;0;0;0;1;1;0;0;0;0;0;0;-1;-1;-1;-1;-1;-1;-1;-1;-1;0;0;0;0;0;0;0;0;0;0;0;0;0;Ararat;Artsakh;1.5;1.25;0;0;0;0;0;0;0;0;0;0;0;0;0;0;0;6151;32;Y;Y;Y;Y;Y;Y;Y
1310528;686877;882;2021/2022;complete;72201;2;-1;26,90;45;2;1;3;0;7;7;-1;-1;4;0;0;0;4;6;2;2;6;8;-1;-1;50;50;4;0;6;3.6;1.42;1.06;1.26;1.77;2.9;5.25;7.75;3.05;1.8;1.3;1.11;1.95;1.62;0;0;0;0;0;0;0;7;2.6;1.73;0;0;0;0;0;0;0;0;0;0;0;0;0;0;0;0;0;0;3.75;0;1.29;0;0;0;0;0;0;0;0;0;0;0;0;0;0;0;0;0;0;0;0;0;0;3;1;1;1;0;1;2;2021-08-06 13:00:00;686877;0;0;0;0;0;1;1;0;5;0;2;5;2;0;0;4;0;0;4;1;24;75;50;102;0.84;1.47;2.31;0;0;0;0;0;0;1;1;0;0;0;0;0;0;-1;-1;-1;-1;-1;-1;-1;-1;-1;0;50;50;50;50;0;50;50;50;6;0;1;2;Noravank;Pyunik;1.38;2.44;0;3;0;3;50;0;0;0;0;50;50;50;0;1.57;1.57;6151;32;Y;Y;Y;N;N;N;Y
1310529;1362;671669;2021/2022;complete;72201;2;-1;22,28,46;53,88;3;2;5;13;5;18;-1;-1;1;4;0;0;5;3;2;0;7;3;-1;-1;50;50;1;4;1.06;8;29;0;0;1.25;1.83;2.25;0;0;4;1.9;1.57;0;0;0;0;0;0;0;0;0;1.33;3.6;12;0;0;0;0;0;0;0;0;0;0;0;0;0;0;0;0;0;0;1.13;0;6;0;0;0;0;0;0;0;0;0;0;0;0;0;0;0;0;0;0;0;0;0;0;5;2;0;1;2;3;2;2021-08-06 15:00:00;1362;0;0;0;0;0;1;1;6;0;7;5;6;12;0;0;1;4;0;5;1;78;41;90;65;1.36;0.7;2.06;1;0;1;0;0;0;1;1;0;0;2;0;0;0;-1;-1;-1;-1;-1;-1;-1;-1;-1;0;0;0;0;0;0;0;0;0;0;0;0;0;FC Avan Academy;BKMA;2.13;0.44;0;0;3;0;0;0;0;0;0;0;0;0;0;0;0;6151;32;Y;Y;Y;Y;Y;N;Y
1310531;671668;885;2021/2022;complete;72201;2;-1;;51;0;1;1;3;6;9;-1;-1;1;0;1;0;2;5;1;8;3;13;-1;-1;38;62;2;0;6.75;3.75;1.36;1.06;1.31;1.83;3;5.5;7.25;2.8;1.74;1.27;1.1;2.1;1.56;0;0;0;0;2.2;1.2;1.09;5.5;2.05;2.1;5.45;2.61;1.88;0;0;0;0;0;0;0;0;0;0;0;0;0;0;0;3.34;9.3;1.45;0;0;1.41;2.81;6.7;15;2.7;1.39;1.07;1.02;1.22;2.11;4.4;13;3.8;1.67;1.17;1.02;0;0;0;0;1;0;0;0;1;1;0;2021-08-08 13:00:00;885;0;0;0;0;0;1;1;2;2;1;4;4;5;2;0;0;0;2;0;1;31;68;60;91;0.56;1.66;2.22;0;0;0;0;0;0;1;1;0;0;0;0;0;0;-1;-1;-1;-1;-1;-1;-1;-1;-1;0;0;0;0;0;0;0;0;0;0;0;0;0;Van;Ararat;1.13;1.38;0;0;0;3;0;0;0;0;0;0;0;0;0;0;0;6151;32;Y;N;N;N;N;N;N
1310532;1360;96;2021/2022;complete;72201;2;-1;90;;1;0;1;-1;-1;-1;-1;-1;-1;-1;-1;-1;-1;-1;-1;-1;-1;-1;-1;-1;-1;-1;-1;-1;0;0;0;0;0;0;0;0;0;0;0;0;0;0;0;0;0;0;0;0;0;0;0;0;0;0;0;0;0;0;0;0;0;0;0;0;0;0;0;0;0;0;0;0;0;0;0;0;0;0;0;0;0;0;0;0;0;0;0;0;0;0;0;0;0;0;0;0;1;0;0;1;0;1;0;2022-04-02 10:00:00;1360;0;37;21;16;0;-1;-1;-1;-1;-1;-1;-1;-1;-1;-1;-1;-1;-1;-1;-1;0;0;0;0;0;0;0;-1;-1;-1;-1;-1;-1;-1;1;0;0;-1;-1;-1;-1;-1;-1;-1;-1;-1;-1;-1;-1;-1;11;21;47;69;95;37;69;90;31;8.89;0;4.27;2.41;Artsakh;Alashkert;1.19;1.63;1.1;1.89;1.14;1.63;90;79;54;32;6;39;22;17;1.16;1.27;2.43;6151;32;Y;N;N;N;N;N;N
1310534;885;884;2021/2022;complete;72201;3;-1;72,88;;2;0;2;2;4;6;-1;-1;3;1;0;0;4;4;5;7;9;11;-1;-1;50;50;3;1;1.65;3.2;3.95;1.06;1.32;1.91;3.1;5.75;7;2.75;1.67;1.26;1.1;1.87;1.69;2.25;1.57;4;1.2;1.16;1.22;1.87;2.45;1.95;4.45;2.15;2.42;4.55;0;0;0;0;0;0;0;0;0;0;0;0;0;0;0;1.62;7.75;2.8;2.8;0;1.43;3.08;7.8;15;2.65;1.33;1.05;1.02;1.28;2.26;5.1;15;3.4;1.58;1.13;1.02;0;0;0;0;2;0;0;2;0;2;0;2021-08-15 16:00:00;885;0;50;50;0;0;1;1;2;1;0;3;3;3;0;0;3;1;0;4;1;52;48;76;76;1.22;1.32;2.55;0;0;0;0;0;0;1;1;0;0;2;0;0;0;-1;-1;-1;-1;-1;-1;-1;-1;-1;50;50;50;50;50;50;50;50;50;3;3;1;4;Ararat;Banants;1.5;1.19;3;0;3;3;0;0;0;0;0;0;0;0;2.7;0;2.7;6151;32;Y;Y;N;N;N;N;N
1310535;96;671668;2021/2022;complete;72201;3;-1;;51,59;0;2;2;4;2;6;-1;-1;3;3;0;0;2;5;6;4;8;9;-1;-1;59;41;3;3;1.5;3.2;5.5;1.08;1.33;1.95;3.3;6.25;6.5;2.7;1.62;1.24;1.08;2;1.59;0;0;0;0;1.07;1.16;2.4;2;2.2;6;1.82;2.61;6;0;0;0;0;0;0;0;0;0;0;0;0;0;0;0;1.36;8.75;3.75;0;0;1.4;2.8;7.1;15;2.77;1.39;1.06;1.02;1.24;2.21;4.7;14;3.6;1.61;1.15;1.02;0;0;0;0;2;0;0;0;2;2;0;2021-08-15 13:00:00;671668;0;0;0;0;0;1;1;3;1;1;1;4;2;3;1;0;2;4;2;1;57;47;79;69;1.06;1.26;2.32;0;0;0;0;0;0;1;1;0;0;0;0;0;0;-1;-1;-1;-1;-1;-1;-1;-1;-1;0;0;50;50;50;0;0;50;50;0;1;0;1.5;Alashkert;Van;1.56;0.44;0;0;0;0;50;50;0;0;0;0;0;0;0.38;0;0.38;6151;32;Y;Y;N;N;N;N;N
1310536;671669;1360;2021/2022;complete;72201;3;-1;78;16,29;1;2;3;2;8;10;-1;-1;-1;-1;-1;-1;4;3;2;3;6;6;-1;-1;50;50;-1;-1;5.5;3.8;1.5;0;0;1.75;0;0;0;0;2.05;0;0;0;0;0;0;0;0;0;0;0;5.5;2.3;2;0;0;0;0;0;0;0;0;0;0;0;0;0;0;0;0;0;0;2.88;0;1.44;0;0;0;0;0;0;0;0;0;0;0;0;0;0;0;0;0;0;0;0;0;0;3;0;2;1;0;1;2;2021-08-13 15:00:00;1360;0;50;50;0;0;1;-1;0;7;2;1;7;3;-1;-1;-1;-1;-1;-1;1;42;51;82;96;0.97;0.97;1.94;-1;-1;-1;-1;-1;-1;-1;1;0;0;0;1;-1;-1;-1;-1;-1;-1;-1;-1;-1;-1;-1;50;100;100;100;100;50;100;100;100;7;1;7;6;BKMA;Artsakh;0.69;1.25;0;0;0;0;50;0;0;0;0;50;50;50;0.51;0.72;1.23;6151;32;Y;Y;Y;N;N;N;Y
1310537;882;1362;2021/2022;complete;72201;3;-1;;22,45,71;0;3;3;3;1;4;-1;-1;2;3;0;0;2;9;0;2;2;11;-1;-1;50;50;2;3;3.52;3.3;2.04;1.1;1.42;2.2;3.65;6.75;6.75;2.7;1.69;1.26;1.1;1.9;1.8;0;0;0;0;1.65;1.28;1.22;4;2.1;2.6;3.9;2.35;2.4;0;0;0;0;0;0;0;0;0;0;0;0;0;0;0;2.6;6.75;1.67;0;0;1.5;3.14;8;15;2.4;1.32;1.05;1.02;1.29;2.31;5.3;15;3.36;1.56;1.12;1.01;0;0;0;0;3;0;2;0;1;1;2;2021-08-15 15:00:00;1362;0;0;0;0;0;1;1;0;1;3;0;1;3;0;1;2;2;1;4;1;37;35;66;62;0.54;1.58;2.12;0;0;0;0;0;0;1;1;0;0;0;0;0;0;-1;-1;-1;-1;-1;-1;-1;-1;-1;0;0;50;50;50;0;0;50;50;8;1;0;1.5;Pyunik;FC Avan Academy;2.25;2.5;0;3;1.5;3;50;50;0;0;0;0;0;0;0;2.01;2.01;6151;32;Y;Y;Y;N;N;N;N
1310538;686877;1362;2021/2022;complete;72201;4;-1;;23,52;0;2;2;3;11;14;-1;-1;2;2;0;0;0;3;0;0;0;3;-1;-1;36;64;2;2;9.25;5.5;1.2;1.02;1.16;1.48;2.2;3.65;13;4.1;2.25;1.5;1.19;1.95;1.62;0;0;0;0;0;0;0;9;2.63;1.62;0;0;0;0;0;0;0;0;0;0;0;0;0;0;0;0;0;0;5;0;1.2;0;0;0;0;0;0;0;0;0;0;0;0;0;0;0;0;0;0;0;0;0;0;2;0;1;0;1;1;1;2021-08-20 13:00:00;1362;0;50;50;0;0;1;1;2;6;1;5;8;6;1;1;1;1;2;2;1;30;48;74;93;0.23;0.76;0.99;0;0;0;0;0;0;1;1;0;0;2;1;0;0;-1;-1;-1;-1;-1;-1;-1;-1;-1;0;0;100;100;100;75;75;100;25;4.5;0;5.5;3;Noravank;FC Avan Academy;1.38;2.5;3;3;1.5;3;100;100;0;0;0;0;0;0;0.84;1.79;2.63;6151;32;Y;Y;N;N;N;N;N
1310539;1360;882;2021/2022;complete;72201;4;-1;34;23,83;1;2;3;-1;-1;-1;-1;-1;2;2;0;0;-1;-1;-1;-1;-1;-1;-1;-1;-1;-1;2;2;2.6;3.2;2.1;1.06;1.31;1.91;3.05;5.5;7.25;2.8;1.69;1.26;1.1;1.8;1.74;0;0;0;0;1.45;1.28;1.42;3.2;2.05;3.2;2.85;2.4;2.8;0;0;0;0;0;0;0;0;0;0;0;0;0;0;0;2.1;7.75;1.91;0;0;1.46;3.18;7.8;17;2.56;1.31;1.05;1.01;1.28;2.37;5.2;15;3.4;1.53;1.13;1.02;0;0;0;0;3;1;1;0;1;1;2;2021-08-20 15:00:00;882;0;25;25;0;0;-1;1;-1;-1;-1;-1;-1;-1;0;1;2;1;1;3;-1;0;0;0;0;0;0;0;0;0;0;0;0;0;1;1;0;0;-1;-1;0;0;-1;-1;-1;-1;-1;-1;-1;-1;-1;0;25;50;50;50;25;50;50;25;6.5;0;0.5;1.75;Artsakh;Pyunik;1.19;2.44;0;1.5;1.5;1;50;25;0;0;0;25;25;25;0;1.52;1.52;6151;32;Y;Y;Y;N;N;N;Y
1310540;671668;671669;2021/2022;complete;72201;4;-1;89;;1;0;1;4;4;8;-1;-1;-1;-1;-1;-1;4;3;6;1;10;4;-1;-1;50;50;-1;-1;1.37;4;5.75;1.03;1.19;1.51;2.25;3.7;10.75;3.65;2.15;1.47;1.19;1.65;1.95;0;0;0;0;0;0;0;1.73;2.75;6;0;0;0;0;0;0;0;0;0;0;0;0;0;0;0;0;0;0;1.25;0;4;0;0;0;0;0;0;0;0;0;0;0;0;0;0;0;0;0;0;0;0;0;0;1;0;0;1;0;1;0;2021-08-19 13:00:00;671668;0;50;0;50;0;1;-1;3;2;1;2;5;3;-1;-1;-1;-1;-1;-1;1;38;44;80;112;1.19;0.8;1.99;-1;-1;-1;-1;-1;-1;-1;1;0;0;1;0;-1;-1;-1;-1;-1;-1;-1;-1;-1;-1;-1;50;50;50;50;100;50;50;100;50;8;0;6;3;Van;BKMA;1.13;0.44;0;0;1.5;0;50;50;50;50;0;100;50;50;0.56;0.7;1.26;6151;32;Y;N;N;N;N;N;N
1310541;884;96;2021/2022;complete;72201;4;-1;;;0;0;0;-1;-1;-1;-1;-1;1;1;0;0;-1;-1;-1;-1;-1;-1;-1;-1;-1;-1;1;1;3.13;3;2.37;1.04;1.37;2.15;3.9;7.9;8.2;2.86;1.65;1.22;1.05;1.9;1.79;0;0;0;0;1.55;1.36;1.34;3.6;2.1;2.92;3.34;2.42;2.67;0;0;0;0;0;0;0;0;0;0;0;0;0;0;0;0;0;0;0;0;1.43;3;7.9;0;2.6;1.34;1.05;0;1.27;2.3;5.2;0;3.4;1.55;1.13;0;0;0;0;0;0;0;0;0;0;0;0;2022-05-18 15:00:00;-1;0;31;12;15;0;-1;1;-1;-1;-1;-1;-1;-1;0;0;1;1;0;2;-1;0;0;0;0;0;0;0;0;0;0;0;0;0;1;1;0;0;-1;-1;0;0;-1;-1;-1;-1;-1;-1;-1;-1;-1;8;15;31;58;89;16;50;85;31;8.62;0;2.15;2;Banants;Alashkert;1.31;1.63;1.31;1.62;1.25;1.61;92;85;69;42;12;44;24;24;1.09;1.19;2.28;6151;32;N;N;N;N;N;N;N
1310543;885;686877;2021/2022;complete;72201;5;-1;3,32,84;52,90;3;2;5;7;6;13;-1;-1;0;3;0;0;4;3;0;3;4;6;-1;-1;50;50;0;3;1.22;5.5;7.5;0;0;1.7;1.53;0;0;0;2.1;2.38;0;0;0;0;0;0;0;0;0;0;1.73;2.6;6.5;0;0;0;0;0;0;0;0;0;0;0;0;0;0;0;0;0;0;1.22;0;4.5;0;0;0;0;0;0;0;0;0;0;0;0;0;0;0;0;0;0;0;0;0;0;5;2;0;1;2;3;2;2021-08-24 12:00:00;885;0;25;25;0;0;1;1;3;2;4;4;5;8;0;0;0;3;0;3;1;50;65;75;83;0.9;1.06;1.96;0;0;0;0;0;0;1;1;1;0;1;0;0;0;-1;-1;-1;-1;-1;-1;-1;-1;-1;25;25;75;100;100;25;25;100;100;4.5;0;2;4;Ararat;Noravank;1.5;0.38;3;0;3;1;75;75;25;0;0;50;0;0;1.96;0.93;2.89;6151;32;Y;Y;Y;Y;Y;N;Y
1310545;671669;884;2021/2022;complete;72201;5;-1;44;74,80;1;2;3;0;6;6;-1;-1;1;3;0;0;2;10;3;5;5;15;-1;-1;41;59;1;3;9;6.5;1.2;0;0;1.6;2.35;0;0;0;2.3;1.53;0;2.5;1.5;0;0;0;0;0;0;0;8.5;2.75;1.62;8.5;0;1.44;0;0;0;0;0;0;0;0;0;0;0;0;0;0;0;5.5;0;1.14;0;0;1.3;2.38;5.5;13;3.4;1.53;1.14;1.04;1.17;1.8;3.5;8;5;1.91;1.29;1.08;0;0;0;0;3;1;0;0;2;2;1;2021-08-23 15:00:00;884;0;25;0;0;0;1;1;0;2;0;4;2;4;0;0;1;3;0;4;1;33;79;68;93;0.7;2.21;2.91;0;0;0;0;0;0;1;1;0;0;0;0;0;0;-1;-1;-1;-1;-1;-1;-1;-1;-1;0;25;50;100;100;25;50;100;75;7.5;0;4;2.75;BKMA;Banants;0.69;1.19;0;0;0;1.5;100;75;50;0;0;50;50;25;0.74;1.32;2.06;6151;32;Y;Y;Y;N;N;N;Y
1310546;882;671668;2021/2022;complete;72201;5;-1;17;10;1;1;2;8;3;11;-1;-1;3;0;0;0;5;7;5;7;10;14;-1;-1;71;29;3;0;2;3.05;2.9;1.07;1.36;2.25;3.84;7;7.95;2.84;1.6;1.21;1.07;1.96;1.77;0;0;0;0;1.25;1.28;1.75;2.5;2.05;4.33;2.38;2.38;4.05;0;0;0;0;0;0;0;0;0;0;0;0;0;0;0;1.73;8.1;2.4;0;0;1.44;3.08;7.6;15;2.62;1.33;1.05;1.02;1.28;2.3;5;15;3.4;1.56;1.14;1.02;0;0;0;0;2;1;1;0;0;0;2;2021-08-24 15:00:00;-1;0;0;0;0;0;1;1;2;2;5;1;4;6;0;0;3;0;0;3;1;62;42;98;47;1.43;1.67;3.1;0;0;0;0;0;0;1;1;0;1;1;0;0;0;-1;-1;-1;-1;-1;-1;-1;-1;-1;0;0;50;100;100;50;50;100;50;5;0;5;2.5;Pyunik;Van;2.25;0.44;0;3;1.5;2;100;100;50;0;0;0;0;0;0.54;1.26;1.8;6151;32;Y;Y;N;N;N;N;Y
1310547;1362;1360;2021/2022;complete;72201;5;-1;18,49,59,84,89;10,42;5;2;7;7;1;8;-1;-1;5;3;0;0;10;3;11;8;21;11;-1;-1;50;50;5;3;2.02;3.19;3.38;1.04;1.27;1.85;3.1;5.6;11.25;3.4;1.86;1.32;1.11;2.05;1.68;0;0;0;0;1.11;1.18;2.35;1.95;2.25;6.25;1.72;2.7;5.75;0;0;0;0;0;0;0;0;0;0;0;0;0;0;0;1.39;9.5;3.65;0;0;1.37;2.77;7.6;15;2.89;1.4;1.05;1.02;1.26;2.08;5;13;3.5;1.68;1.14;1.02;0;0;0;0;7;1;2;4;0;4;3;2021-08-25 13:00:00;1362;0;100;25;50;0;1;1;4;1;3;0;5;3;1;1;4;2;2;6;1;57;37;132;126;2.44;1.19;3.63;1;0;1;0;0;0;1;1;0;1;0;0;0;0;-1;-1;-1;-1;-1;-1;-1;-1;-1;75;75;100;100;100;100;100;100;75;18;0;5;5.25;FC Avan Academy;Artsakh;2.13;1.25;3;1.5;3;1;25;25;0;0;0;75;75;50;1.36;0.84;2.2;6151;32;Y;Y;Y;Y;Y;Y;Y
1310548;686877;1360;2021/2022;complete;72201;6;-1;15;90;1;1;2;2;13;15;-1;-1;2;0;0;0;6;6;1;7;7;13;-1;-1;50;50;2;0;3.15;3.2;1.87;1.05;1.25;1.71;2.7;4.6;8.25;3.1;1.83;1.33;1.13;1.67;1.91;0;0;0;0;0;0;0;4.75;2.3;2.1;0;0;0;0;0;0;0;0;0;0;0;0;0;0;0;0;0;0;3.1;0;1.44;0;0;0;0;0;0;0;0;0;0;0;0;0;0;0;0;0;0;0;0;0;0;2;1;0;0;1;1;1;2021-09-11 12:00:00;-1;0;75;59;0;0;1;1;1;5;1;8;6;9;0;0;2;0;0;2;1;29;63;70;81;1.08;1.69;2.77;0;0;0;0;0;0;1;1;0;0;1;0;0;0;-1;-1;-1;-1;-1;-1;-1;-1;-1;34;34;75;100;100;75;100;100;34;5.17;0;6.5;4.25;Noravank;Artsakh;1.38;1.25;1.5;1;0.75;0.75;67;67;25;0;0;42;42;25;0.53;0.96;1.49;6151;32;Y;Y;N;N;N;N;Y
1310549;671668;1362;2021/2022;complete;72201;6;-1;34;90,90;1;2;3;1;10;11;-1;-1;5;3;1;0;5;8;1;3;6;11;-1;-1;38;62;7;3;7.23;4.32;1.41;1.08;1.34;1.93;3.35;6.75;8;3.05;1.86;1.29;1.11;2.25;1.57;5.5;1.11;1.75;1.95;2.65;1.17;1.03;7;2.25;1.91;7.2;2.71;1.69;0;0;0;0;0;0;0;0;0;0;0;0;0;0;0;4.5;8;1.29;0;2.05;1.43;2.65;6.9;15;2.65;1.43;1.07;1.02;1.23;2.16;4.5;13;3.7;1.64;1.16;1.02;0;0;0;0;3;1;0;0;2;2;1;2021-09-12 12:00:00;1362;0;0;0;0;0;1;1;1;3;0;7;4;7;1;0;5;3;1;8;1;18;74;63;82;0.87;1.78;2.65;0;0;0;0;0;0;1;1;0;0;0;0;0;0;-1;-1;-1;-1;-1;-1;-1;-1;-1;0;0;34;50;100;17;34;100;17;10.17;0;3.67;1.84;Van;FC Avan Academy;1.13;2.5;1.5;3;1.75;3;100;100;67;50;0;42;17;17;0.88;1.45;2.33;6151;32;Y;Y;Y;N;N;N;Y
1310550;884;882;2021/2022;complete;72201;6;-1;;42,52;0;2;2;8;3;11;-1;-1;-1;-1;-1;-1;5;4;2;3;7;7;-1;-1;58;42;-1;-1;2.05;2.9;2.9;1.08;1.36;2.05;3.3;6;6;2.55;1.59;1.24;1.08;1.87;1.71;0;0;0;0;1.28;1.28;1.55;3;2.05;3.5;2.58;2.32;3.56;0;0;0;0;0;0;0;0;0;0;0;0;0;0;0;1.8;6.75;2.38;0;0;1.5;3.14;8.3;17;2.4;1.32;1.04;1.01;1.29;2.36;5.4;11;3.34;1.54;1.12;1.03;0;0;0;0;2;0;1;0;1;1;1;2021-09-13 16:00:00;882;0;34;34;0;0;1;-1;3;0;5;3;3;8;-1;-1;-1;-1;-1;-1;1;65;32;84;66;1.26;0.96;2.22;-1;-1;-1;-1;-1;-1;-1;1;0;0;0;0;-1;-1;-1;-1;-1;-1;-1;-1;-1;-1;-1;0;17;100;100;100;34;50;100;67;13.5;0;1;3.17;Banants;Pyunik;1.31;2.44;3;2;2;1.4;100;84;0;0;0;75;25;25;1.62;1.52;3.14;6151;32;Y;Y;N;N;N;N;N
1310552;885;96;2021/2022;complete;72201;6;-1;31,44,76;29,90;3;2;5;3;9;12;-1;-1;1;2;1;0;6;4;1;4;7;8;-1;-1;46;54;2;2;1.87;3.2;3.1;1.07;1.37;2.05;3.4;6.5;6.5;2.55;1.56;1.22;1.08;2;1.61;0;0;0;0;1.2;1.25;1.72;2.6;2.05;4.33;2.35;2.35;4.2;0;0;0;0;0;0;0;0;0;0;0;0;0;0;0;1.62;7;2.75;0;0;1.46;3.14;8.2;17;2.55;1.32;1.04;1.01;1.29;2.4;5.4;15;3.34;1.51;1.12;1.01;0;0;0;0;5;2;1;1;1;2;3;2021-09-11 13:00:00;885;0;34;17;17;0;1;1;3;0;0;9;3;9;1;1;1;1;2;2;1;52;49;80;85;1.24;1.14;2.39;0;1;0;1;0;0;1;1;0;0;0;0;0;0;-1;-1;-1;-1;-1;-1;-1;-1;-1;34;34;34;50;50;34;34;50;50;4;0.33;1.33;2.5;Ararat;Alashkert;1.5;1.63;3;0;3;0;17;17;17;0;0;17;17;17;1.61;0;1.61;6151;32;Y;Y;Y;Y;Y;N;Y
1310553;96;686877;2021/2022;complete;72201;7;-1;;;0;0;0;2;5;7;-1;-1;2;2;0;0;0;3;4;10;4;13;-1;-1;50;50;2;2;1.41;3.8;5.5;1.06;1.33;1.91;3.25;6;7.25;2.7;1.67;1.24;1.08;2.15;1.53;0;0;0;0;0;0;0;1.8;2.4;7;1.67;0;6.5;0;0;0;0;0;0;0;0;0;0;0;0;0;0;0;1.25;0;4.5;0;0;1.36;2.63;6.5;17;3;1.44;1.11;1.03;1.22;2;4;10;4;1.73;1.22;1.06;0;0;0;0;0;0;0;0;0;0;0;2021-09-20 12:00:00;-1;0;25;0;25;0;1;1;0;2;2;3;2;5;0;0;2;2;0;4;1;27;43;97;98;0.47;1.35;1.81;0;0;0;0;0;0;1;1;0;0;0;1;0;0;-1;-1;-1;-1;-1;-1;-1;-1;-1;25;25;75;100;100;25;25;100;100;6;0;4.5;3.25;Alashkert;Noravank;1.56;0.38;0;0;0;0.8;75;75;25;0;0;50;25;25;0.72;1;1.72;6151;32;N;N;N;N;N;N;N
1310554;671669;885;2021/2022;complete;72201;7;-1;;31,90;0;2;2;1;6;7;-1;-1;2;1;0;0;0;5;2;5;2;10;-1;-1;53;47;2;1;9.75;5.5;1.18;1.03;1.21;1.59;2.5;4.4;10.5;3.5;2;1.38;1.14;2.3;1.45;0;0;0;0;0;0;0;9;2.63;1.62;0;0;0;0;0;0;0;0;0;0;0;0;0;0;0;0;0;0;4.5;0;1.22;0;0;0;0;0;0;0;0;0;0;0;0;0;0;0;0;0;0;0;0;0;0;2;0;1;0;1;1;1;2021-09-21 12:00:00;885;0;34;0;0;0;1;1;0;1;1;5;1;6;2;0;0;1;2;1;1;28;38;84;77;0.35;1.26;1.6;0;0;0;0;0;0;1;1;0;0;0;0;0;0;-1;-1;-1;-1;-1;-1;-1;-1;-1;0;17;50;50;100;17;50;100;34;8.33;0;2;2.17;BKMA;Ararat;0.69;1.38;0;3;0;3;100;84;50;50;0;84;34;17;0.73;1.66;2.39;6151;32;Y;Y;N;N;N;N;N
1310556;1362;884;2021/2022;complete;72201;7;-1;47,51,81;;3;0;3;3;5;8;-1;-1;1;0;0;0;9;5;2;1;11;6;-1;-1;48;52;1;0;1.48;3.84;5.72;1.06;1.34;1.89;3.25;6;9;3;1.83;1.31;1.12;1.95;1.75;2.25;1.57;4.75;1.15;1.08;1.2;2.2;2.1;2.1;5.25;1.91;2.59;5.55;0;0;0;0;0;0;0;0;0;0;0;0;0;0;0;1.47;9;3.25;2.7;0;1.43;2.8;7;19;2.65;1.37;1.1;1.02;1.25;2.11;4.5;11;3.75;1.67;1.18;1.05;0;0;0;0;3;0;0;3;0;3;0;2021-09-22 14:00:00;1362;0;75;25;25;0;1;1;3;1;0;4;4;4;0;0;1;0;0;1;1;51;59;98;95;1.7;1.16;2.86;1;0;1;0;0;0;1;1;0;0;2;0;0;0;-1;-1;-1;-1;-1;-1;-1;-1;-1;50;50;75;100;100;50;75;100;100;15;0;5;4.25;FC Avan Academy;Banants;2.13;1.19;3;1.5;3;1.5;50;50;25;0;0;25;25;25;1.9;1.77;3.67;6151;32;Y;Y;Y;N;N;N;N
1310557;1360;671668;2021/2022;complete;72201;16;-1;3,33,77;;3;0;3;3;8;11;-1;-1;-1;-1;-1;-1;7;4;5;5;12;9;-1;-1;59;41;-1;-1;1.71;3.74;4.35;1.05;1.29;1.92;3.2;6;10.25;3.2;1.79;1.3;1.11;1.85;1.85;0;0;0;0;1.16;1.22;1.9;2.3;2.38;4;2.11;2.5;4.45;0;0;0;0;0;0;0;0;0;0;0;0;0;0;0;1.5;10.25;2.75;0;0;1.41;2.6;6.8;13;2.7;1.45;1.07;1.02;1.23;2.16;4.5;13;3.7;1.64;1.16;1.02;0;0;0;0;3;2;0;1;0;1;2;2021-12-05 11:00:00;1360;0;39;29;10;0;1;-1;3;1;0;7;4;7;-1;-1;-1;-1;-1;-1;1;38;47;64;54;1.52;1.18;2.7;-1;-1;-1;-1;-1;-1;-1;1;1;0;1;0;-1;-1;-1;-1;-1;-1;-1;-1;-1;-1;-1;10;20;40;65;100;39;57;84;37;9.58;0;4.5;2.35;Artsakh;Van;1.19;0.44;1.4;0.67;1.38;0.62;90;80;60;35;0;71;59;38;1.43;1.27;2.7;6151;32;Y;Y;Y;N;N;N;N
1310558;686877;671668;2021/2022;complete;72201;8;-1;23;;1;0;1;7;1;8;-1;-1;3;3;0;0;8;7;1;4;9;11;-1;-1;54;46;3;3;2.5;3;2.63;0;0;1.95;0;0;0;0;1.75;0;0;0;0;0;0;0;0;0;0;0;3.4;2.1;2.88;0;0;0;0;0;0;0;0;0;0;0;0;0;0;0;0;0;0;2.25;0;1.8;0;0;0;0;0;0;0;0;0;0;0;0;0;0;0;0;0;0;0;0;0;0;1;1;0;0;0;0;1;2021-09-28 12:00:00;686877;0;59;42;0;0;1;1;6;0;1;1;6;2;0;0;3;3;0;6;1;63;54;112;109;1.59;1.58;3.18;0;0;0;0;0;0;1;1;0;0;2;0;0;0;-1;-1;-1;-1;-1;-1;-1;-1;-1;0;0;17;100;100;42;75;75;25;4.17;0;4.17;2.17;Noravank;Van;1.38;0.44;1.33;2;0.83;1.17;100;100;84;0;0;59;59;59;0.72;1.46;2.18;6151;32;Y;N;N;N;N;N;N
1310559;884;1360;2021/2022;complete;72201;8;-1;;90;0;1;1;9;4;13;-1;-1;1;2;0;0;0;4;3;5;3;9;-1;-1;55;45;1;2;2.2;3.17;3.13;1.1;1.39;2.09;3.45;6.75;7;2.8;1.66;1.28;1.11;1.9;1.83;0;0;0;0;1.32;1.31;1.6;2.75;2.05;3.75;2.56;2.36;3.52;0;0;0;0;0;0;0;0;0;0;0;0;0;0;0;1.8;7;2.38;0;0;1.44;3.08;7.7;15;2.62;1.33;1.05;1.02;1.23;2.3;4.7;15;3.74;1.56;1.14;1.02;0;0;0;0;1;0;0;0;1;1;0;2021-09-29 15:30:00;1360;0;50;30;0;0;1;1;4;0;5;4;4;9;0;0;1;2;0;3;1;73;55;101;81;0.73;1.25;1.97;0;0;0;0;0;0;1;1;0;0;0;0;0;0;-1;-1;-1;-1;-1;-1;-1;-1;-1;20;20;65;100;100;40;75;100;45;12.9;0;2.75;3.55;Banants;Artsakh;1.31;1.25;1.5;1.4;1.2;1.17;80;80;35;0;0;70;45;35;1.44;1.1;2.54;6151;32;Y;N;N;N;N;N;N
1310561;885;882;2021/2022;complete;72201;8;-1;;26;0;1;1;7;4;11;-1;-1;1;6;0;0;8;3;6;4;14;7;-1;-1;50;50;1;6;1.91;3.5;3.5;1.07;1.3;1.98;3.3;6.25;8.25;3.25;1.88;1.29;1.11;1.95;1.8;0;0;0;0;1.28;1.25;1.8;2.5;2;3.8;2.33;2.44;3.84;0;0;0;0;0;0;0;0;0;0;0;0;0;0;0;1.71;8.25;2.55;0;0;1.41;2.89;6.9;15;2.73;1.37;1.07;1.02;1.23;2.19;4.6;14;3.7;1.62;1.16;1.02;0;0;0;0;1;0;1;0;0;0;1;2021-09-27 16:00:00;882;0;63;50;25;0;1;1;1;2;6;2;3;8;1;0;0;6;1;6;1;67;53;79;69;1.92;1.04;2.96;0;0;0;0;0;0;1;1;0;0;0;0;0;0;-1;-1;-1;-1;-1;-1;-1;-1;-1;38;50;75;100;100;63;88;100;63;9.08;0;2.5;4;Ararat;Pyunik;1.5;2.44;3;2.25;3;1.67;63;50;25;0;0;59;59;59;1.52;1.33;2.85;6151;32;Y;N;N;N;N;N;N
1310562;96;671669;2021/2022;complete;72201;8;-1;36,82;77;2;1;3;8;5;13;-1;-1;0;1;0;0;9;4;3;2;12;6;-1;-1;48;52;0;1;1.22;5.5;10.5;0;0;1.7;0;0;0;0;2.03;0;0;0;0;0;0;0;0;0;0;0;1.73;2.5;7.5;0;0;0;0;0;0;0;0;0;0;0;0;0;0;0;0;0;0;1.18;0;5.5;0;0;0;0;0;0;0;0;0;0;0;0;0;0;0;0;0;0;0;0;0;0;3;1;0;1;1;2;1;2021-09-27 12:00:00;96;0;25;0;25;0;1;1;2;1;6;4;3;10;0;0;0;1;0;1;1;66;42;116;107;1.87;0.98;2.85;0;0;0;0;0;0;1;1;0;0;0;0;0;0;-1;-1;-1;-1;-1;-1;-1;-1;-1;25;25;42;59;84;25;25;84;59;6.5;0;5.67;2.34;Alashkert;BKMA;1.56;0.44;0.33;0;0.25;0;75;75;59;42;17;25;25;25;0.64;0.75;1.39;6151;32;Y;Y;Y;N;N;N;Y
1310563;671669;686877;2021/2022;complete;72201;9;-1;14,67;;2;0;2;2;1;3;-1;-1;1;2;0;0;6;3;0;1;6;4;-1;-1;45;55;1;2;2.58;3.26;2.58;0;0;1.88;0;0;0;0;1.93;0;0;1.83;1.83;0;0;0;0;0;0;0;3.4;2.1;3;3.4;0;2.3;0;0;0;0;0;0;0;0;0;0;0;0;0;0;0;2;0;2;0;0;1.4;2.75;7;19;2.75;1.4;1.1;1.02;1.22;2;4;10;4;1.73;1.22;1.06;0;0;0;0;2;1;0;1;0;1;1;2021-10-17 15:00:00;671669;0;42;0;17;0;1;1;2;0;0;1;2;1;0;0;1;2;0;3;1;34;52;78;100;1.05;0.85;1.91;0;0;0;0;0;0;1;1;0;0;0;0;0;0;-1;-1;-1;-1;-1;-1;-1;-1;-1;17;29;71;84;84;29;67;84;59;6.33;0;4.5;2.84;BKMA;Noravank;0.69;0.38;0;0.33;0;1.14;84;71;29;17;17;59;42;29;0.63;1.11;1.74;6151;32;Y;Y;N;N;N;N;N
1310564;882;96;2021/2022;complete;72201;9;-1;32;90;1;1;2;2;6;8;-1;-1;-1;-1;-1;-1;4;7;3;4;7;11;-1;-1;42;58;-1;-1;2.29;2.75;3.13;1.05;1.38;2.19;4.04;8.4;7.8;2.76;1.6;1.19;1.04;1.9;1.8;0;0;0;0;1.3;1.28;1.53;2.88;2;3.75;2.65;2.3;3.5;0;0;0;0;0;0;0;0;0;0;0;0;0;0;0;1.73;7.5;2.4;0;0;1.48;3.2;8.3;23;2.5;1.31;1.04;1.01;1.3;2.37;5.4;18;3.26;1.53;1.12;1.01;0;0;0;0;2;1;0;0;1;1;1;2021-10-15 15:00:00;-1;0;75;75;50;0;1;-1;1;3;1;3;4;4;-1;-1;-1;-1;-1;-1;1;31;65;82;123;0.96;1.66;2.62;-1;-1;-1;-1;-1;-1;-1;1;0;0;1;0;-1;-1;-1;-1;-1;-1;-1;-1;-1;-1;-1;50;50;75;100;100;100;100;75;50;14.5;0;4.5;3.75;Pyunik;Alashkert;2.25;1.63;0.5;0;1.86;0.8;50;50;25;0;0;75;75;75;0.99;1.14;2.13;6151;32;Y;Y;N;N;N;N;Y
1310565;1362;885;2021/2022;complete;72201;9;-1;60,66,90;;3;0;3;3;3;6;-1;-1;-1;-1;-1;-1;5;2;5;5;10;7;-1;-1;47;53;-1;-1;2.3;3.1;3.15;1.09;1.39;1.93;3.45;6.5;7.25;2.8;1.8;1.27;1.11;2.1;1.67;0;0;0;0;1.22;1.25;1.66;3;1.95;3.75;2.63;2.36;3.2;0;0;0;0;0;0;0;0;0;0;0;0;0;0;0;1.8;8;2.4;0;0;1.53;3.4;9;23;2.38;1.3;1.07;1.01;1.3;2.38;5.5;13;3.4;1.53;1.14;1.04;0;0;0;0;3;0;0;3;0;3;0;2021-10-17 12:00:00;1362;0;34;17;17;0;1;-1;2;0;1;3;2;4;-1;-1;-1;-1;-1;-1;1;44;43;104;116;1.31;0.91;2.22;-1;-1;-1;-1;-1;-1;-1;1;0;0;0;0;-1;-1;-1;-1;-1;-1;-1;-1;-1;-1;-1;34;34;50;75;100;34;59;100;50;13.67;0;2.83;3.25;FC Avan Academy;Ararat;2.13;1.38;3;3;3;2.57;67;67;50;25;0;42;17;17;1.83;1.46;3.29;6151;32;Y;Y;Y;N;N;N;N
1310567;671668;884;2021/2022;complete;72201;9;-1;12;61;1;1;2;1;3;4;-1;-1;3;1;1;0;2;2;0;3;2;5;-1;-1;37;63;4;1;2.7;2.8;2.55;1.11;1.43;2.09;3.6;6.75;6.5;2.65;1.63;1.25;1.1;2.1;1.67;0;0;0;0;1.5;1.3;1.28;3.4;2.05;3.1;3.22;2.31;2.82;0;0;0;0;0;0;0;0;0;0;0;0;0;0;0;2;6.5;2.05;0;0;1.5;3.4;9;23;2.5;1.3;1.07;1.01;1.3;2.38;5.5;13;3.4;1.53;1.14;1.04;0;0;0;0;2;1;0;0;1;1;1;2021-10-16 11:00:00;-1;0;42;13;0;0;1;1;1;2;0;1;3;1;2;0;2;1;2;3;1;38;45;107;109;0.56;0.8;1.36;0;0;0;0;0;0;1;1;0;0;0;1;0;0;-1;-1;-1;-1;-1;-1;-1;-1;-1;0;0;59;75;100;13;42;100;63;8;0;4.66;2.34;Van;Banants;1.13;1.19;0.75;1;1;1;100;100;42;25;0;25;13;13;0.87;1.57;2.44;6151;32;Y;Y;N;N;N;N;Y
1310568;686877;884;2021/2022;complete;72201;10;-1;;20;0;1;1;4;8;12;-1;-1;-1;-1;-1;-1;0;5;6;3;6;8;-1;-1;48;52;-1;-1;3.26;3.15;2.04;0;0;2.14;0;0;0;0;1.6;0;0;2.1;1.67;0;0;0;0;0;0;0;4;2;2.75;3.6;0;2.38;0;0;0;0;0;0;0;0;0;0;0;0;0;0;0;2.3;0;1.83;0;0;1.5;3.25;9;23;2.5;1.33;1.07;1.01;1.3;2.25;5.5;13;3.4;1.57;1.14;1.04;0;0;0;0;1;0;1;0;0;0;1;2021-10-21 11:00:00;884;0;50;13;0;0;1;-1;1;2;3;6;3;9;-1;-1;-1;-1;-1;-1;1;45;56;88;87;0.71;1.26;1.98;-1;-1;-1;-1;-1;-1;-1;1;0;0;0;0;-1;-1;-1;-1;-1;-1;-1;-1;-1;-1;-1;0;0;38;88;100;13;75;88;38;7.5;0;4;2.25;Noravank;Banants;1.38;1.19;1.75;1;1;1;100;100;63;13;0;25;25;25;0.93;1.37;2.3;6151;32;Y;N;N;N;N;N;N
1310570;1360;885;2021/2022;complete;72201;10;-1;30,54;66,76;2;2;4;7;2;9;-1;-1;3;3;0;0;5;6;3;2;8;8;-1;-1;55;45;3;3;3.04;3.38;2.22;1.05;1.28;1.91;3.05;5.75;11;3.35;1.91;1.34;1.12;1.8;1.91;0;0;0;0;1.6;1.29;1.35;3.4;1.91;3.4;3.1;2.48;2.5;0;0;0;0;0;0;0;0;0;0;0;0;0;0;0;2.3;11;1.73;0;0;1.4;2.75;7;19;2.75;1.4;1.1;1.02;1.22;2;4;10;4;1.73;1.22;1.06;0;0;0;0;4;1;0;1;2;3;1;2021-10-22 14:00:00;-1;0;50;50;0;0;1;1;6;0;1;2;6;3;0;0;3;3;0;6;1;40;64;100;114;1.16;1.4;2.55;0;0;0;0;0;0;1;1;0;0;1;0;0;0;-1;-1;-1;-1;-1;-1;-1;-1;-1;0;0;67;84;100;50;67;100;17;5;0;2.5;2.5;Artsakh;Ararat;1.19;1.38;0;2;1.43;2.25;100;100;34;17;0;17;0;0;0;1.28;1.28;6151;32;Y;Y;Y;Y;N;N;Y
1310571;1362;96;2021/2022;complete;72201;10;-1;22,67;31;2;1;3;4;2;6;-1;-1;-1;-1;-1;-1;7;5;3;5;10;10;-1;-1;50;50;-1;-1;1.73;3.58;4.58;1.06;1.33;2.07;3.74;7.6;7.5;3.25;1.77;1.22;1.05;2.2;1.62;0;0;0;0;1.16;1.25;2.2;2.3;2.1;4.75;2.05;2.38;4.75;0;0;0;0;0;0;0;0;0;0;0;0;0;0;0;1.5;8.75;3.1;0;0;1.5;3.25;9;23;2.5;1.33;1.07;1.01;1.3;2.38;5.5;13;3.4;1.53;1.14;1.04;0;0;0;0;3;1;1;1;0;1;2;2021-10-24 16:00:00;1362;0;75;38;38;0;1;-1;0;1;4;1;1;5;-1;-1;-1;-1;-1;-1;1;61;59;108;123;1.57;1.42;2.99;-1;-1;-1;-1;-1;-1;-1;1;0;0;0;0;-1;-1;-1;-1;-1;-1;-1;-1;-1;-1;-1;50;50;75;100;100;50;75;100;75;14;0;4.33;4;FC Avan Academy;Alashkert;2.13;1.63;3;0.5;3;0.83;50;50;25;0;0;38;38;38;1.7;1.4;3.1;6151;32;Y;Y;Y;N;N;N;Y
1310572;882;671669;2021/2022;complete;72201;19;-1;73;;1;0;1;12;3;15;-1;-1;0;7;0;0;6;2;2;0;8;2;-1;-1;50;50;0;7;1.2;5.95;14;1.02;1.19;1.62;2.6;5;16;4.25;2.1;1.43;1.14;2.65;1.42;0;0;0;0;1.01;1.04;4.5;1.52;2.6;13;1.35;3.25;13;0;0;0;0;0;0;0;0;0;0;0;0;0;0;0;1.18;16;5.25;0;0;1.29;2.31;5.3;13;3.36;1.56;1.11;1.02;1.17;1.86;4;10;4.5;1.86;1.17;1.03;0;0;0;0;1;0;0;1;0;1;0;2022-02-26 10:00:00;882;0;50;15;36;0;1;1;2;2;10;1;4;11;0;1;0;6;1;6;1;68;23;81;53;1.42;0.44;1.86;0;0;0;0;0;0;1;1;0;0;0;1;0;0;-1;-1;-1;-1;-1;-1;-1;-1;-1;29;29;50;86;100;36;79;93;50;8.42;0;4.6;3.15;Pyunik;BKMA;2.25;0.44;1.57;0.14;2.19;0.44;72;72;50;14;0;36;29;29;1.04;0.77;1.81;6151;32;Y;N;N;N;N;N;N
1310573;882;686877;2021/2022;complete;72201;11;-1;12,60;;2;0;2;11;2;13;-1;-1;1;1;0;0;3;3;2;1;5;4;-1;-1;50;50;1;1;1.43;3.9;6.5;0;0;1.96;0;0;0;0;1.76;0;0;0;0;0;0;0;0;0;0;0;2;2.2;6.5;0;0;0;0;0;0;0;0;0;0;0;0;0;0;0;0;0;0;1.33;0;4.33;0;0;0;0;0;0;0;0;0;0;0;0;0;0;0;0;0;0;0;0;0;0;2;1;0;1;0;1;1;2021-10-27 15:00:00;882;0;46;17;13;0;1;1;4;1;7;1;5;8;0;0;1;1;0;2;1;54;37;90;90;0.93;0.74;1.67;0;0;0;0;0;0;1;1;0;0;0;0;0;0;-1;-1;-1;-1;-1;-1;-1;-1;-1;13;13;42;88;88;46;75;71;25;7.83;0;4.83;2.42;Pyunik;Noravank;2.25;0.38;0.67;0.25;1.89;0.89;88;88;59;13;13;42;29;29;0.98;1.05;2.03;6151;32;Y;Y;N;N;N;N;N
1310574;671669;1362;2021/2022;complete;72201;11;-1;27,59;11,62,76;2;3;5;1;11;12;-1;-1;0;1;0;0;4;4;2;5;6;9;-1;-1;39;61;0;1;13.5;6.4;1.15;0;0;1.53;2.31;0;0;0;2.38;1.54;0;0;0;0;0;0;0;0;0;0;11;2.75;1.57;0;0;0;0;0;0;0;0;0;0;0;0;0;0;0;0;0;0;5.5;0;1.17;0;0;0;0;0;0;0;0;0;0;0;0;0;0;0;0;0;0;0;0;0;0;5;1;1;1;2;3;2;2021-10-27 12:30:00;1362;0;29;0;0;0;1;1;0;7;1;4;7;5;0;1;0;0;1;0;1;18;63;73;92;0.8;1.31;2.11;0;1;0;1;0;0;1;1;0;0;0;2;0;0;-1;-1;-1;-1;-1;-1;-1;-1;-1;0;9;63;92;100;21;79;100;42;9.83;0;3.75;2.63;BKMA;FC Avan Academy;0.69;2.5;0.5;3;0.33;3;100;92;38;9;0;50;50;34;0.7;1.53;2.23;6151;32;Y;Y;Y;Y;Y;N;Y
1310575;96;1360;2021/2022;complete;72201;11;-1;;;0;0;0;3;7;10;-1;-1;2;3;0;0;10;6;4;4;14;10;-1;-1;51;49;2;3;2.09;3.25;3.15;1.07;1.38;2.16;3.6;7;8;2.8;1.71;1.25;1.09;1.88;1.85;0;0;0;0;1.37;1.35;1.46;3.1;1.95;3.4;2.82;2.32;3.2;0;0;0;0;0;0;0;0;0;0;0;0;0;0;0;1.95;8;2.1;0;0;1.47;3.14;8;15;2.53;1.32;1.05;1.02;1.29;2.32;5.3;15;3.36;1.55;1.12;1.03;0;0;0;0;0;0;0;0;0;0;0;2021-10-27 10:00:00;-1;0;54;25;13;0;1;1;1;2;2;5;3;7;2;3;0;0;5;0;1;68;64;121;106;2.08;1.52;3.6;0;0;0;0;0;0;1;1;0;0;1;0;0;1;-1;-1;-1;-1;-1;-1;-1;-1;-1;17;17;59;79;88;34;54;88;54;8.67;0;3.85;3;Alashkert;Artsakh;1.56;1.25;1;1.67;0.71;1.38;84;84;42;21;13;38;38;29;0.95;1.12;2.07;6151;32;N;N;N;N;N;N;N
1310576;885;671668;2021/2022;complete;72201;11;-1;55;;1;0;1;8;2;10;-1;-1;1;1;0;0;4;4;3;3;7;7;-1;-1;55;45;1;1;1.56;3.87;5.28;1.04;1.3;1.83;3.25;6;12;3.25;1.83;1.31;1.11;1.95;1.8;0;0;0;0;1.13;1.21;2.4;2.1;2.15;4.95;1.9;2.6;4.75;0;0;0;0;0;0;0;0;0;0;0;0;0;0;0;1.46;12;3.05;0;0;1.4;2.75;7;15;2.78;1.38;1.08;1.02;1.3;2.13;4.5;13;3.4;1.65;1.17;1.02;0;0;0;0;1;0;0;1;0;1;0;2021-10-26 09:45:00;885;0;47;37;20;0;1;1;7;1;1;1;8;2;0;0;1;1;0;2;1;56;43;89;71;1.13;1.04;2.17;0;0;0;0;0;0;1;1;0;0;2;0;0;0;-1;-1;-1;-1;-1;-1;-1;-1;-1;30;30;30;74;100;47;74;57;57;6.4;0;3.4;2.94;Ararat;Van;1.5;0.44;2.4;1.33;2.11;1;70;70;70;27;0;47;47;47;1.6;1.5;3.1;6151;32;Y;N;N;N;N;N;N
1310579;884;885;2021/2022;complete;72201;12;-1;90;46;1;1;2;4;2;6;-1;-1;-1;-1;-1;-1;4;2;2;5;6;7;-1;-1;55;45;-1;-1;2.59;3.22;2.6;1.04;1.26;2.14;3.08;5.45;10.75;3.4;1.73;1.31;1.12;1.77;1.95;0;0;0;0;1.36;1.28;1.68;3.2;2.05;3.2;2.49;2.49;3.4;0;0;0;0;0;0;0;0;0;0;0;0;0;0;0;2;9.5;2;0;0;1.45;2.7;6.5;15;2.6;1.41;1.08;1.02;1.21;2.05;4.3;12;3.9;1.7;1.18;1.02;0;0;0;0;2;0;0;1;1;2;0;2021-10-30 15:30:00;-1;0;13;0;13;0;1;-1;1;1;3;1;2;4;-1;-1;-1;-1;-1;-1;1;33;37;80;72;0.91;0.85;1.76;-1;-1;-1;-1;-1;-1;-1;1;0;0;0;0;-1;-1;-1;-1;-1;-1;-1;-1;-1;-1;-1;0;13;42;71;100;0;42;100;42;12.25;0;2.33;2.25;Banants;Ararat;1.31;1.38;1;1.75;1.25;2.2;100;88;59;29;0;75;34;34;1.2;1.31;2.51;6151;32;Y;Y;N;N;N;N;Y
1310580;671668;96;2021/2022;complete;72201;12;-1;;23,43,80,88;0;4;4;4;3;7;-1;-1;3;2;0;0;5;5;6;2;11;7;-1;-1;46;54;3;2;2.5;3.2;2.41;1.07;1.4;2.17;3.8;7.5;7.75;2.7;1.58;1.23;1.08;1.85;1.85;0;0;0;0;1.46;1.35;1.44;2.5;2.05;4.5;3;2.15;3.1;0;0;0;0;0;0;0;0;0;0;0;0;0;0;0;1.57;7.75;2.88;0;0;1.5;3.25;8;0;2.4;1.33;1.06;0;1.33;2.36;5;12;3.25;1.54;1.14;1.02;0;0;0;0;4;0;2;0;2;2;2;2021-10-31 11:00:00;96;0;80;44;17;0;1;1;1;1;3;2;2;5;2;0;1;2;2;3;1;68;59;97;111;1.54;1.23;2.77;0;0;0;0;0;0;1;1;0;0;0;0;0;0;-1;-1;-1;-1;-1;-1;-1;-1;-1;17;17;54;80;100;44;80;100;27;8.27;0;5.5;2.67;Van;Alashkert;1.13;1.63;0.8;0.33;0.89;0.75;84;84;47;20;0;37;27;27;0.8;1.41;2.21;6151;32;Y;Y;Y;Y;N;N;N
1310581;1360;671669;2021/2022;complete;72201;12;-1;4,22,25,73,86;;5;0;5;5;2;7;-1;-1;3;1;0;0;10;2;5;4;15;6;-1;-1;50;50;3;1;1.33;4.75;6.5;0;0;1.67;0;1.9;0;0;2.15;0;1.75;0;0;0;0;0;0;0;0;0;1.8;2.5;6.5;0;0;0;0;0;0;0;0;0;0;0;0;0;0;0;0;0;0;1.25;0;4.33;0;0;0;0;0;0;0;0;0;0;0;0;0;0;0;0;0;0;0;0;0;0;5;3;0;2;0;2;3;2021-10-31 14:00:00;1360;0;84;25;59;0;1;1;3;0;2;2;3;4;2;1;1;0;3;1;1;40;27;71;74;1.93;0.72;2.65;2;0;2;0;0;0;1;1;1;0;1;0;0;0;-1;-1;-1;-1;-1;-1;-1;-1;-1;17;42;84;84;100;42;84;100;59;11.67;0;5;3.25;Artsakh;BKMA;1.19;0.44;0.5;0;1.33;0.3;84;59;17;17;0;84;34;34;1.16;0.83;1.99;6151;32;Y;Y;Y;Y;Y;N;N
1310582;1362;882;2021/2022;complete;72201;12;-1;90;19,57;1;2;3;17;4;21;-1;-1;1;6;0;1;6;5;4;1;10;6;-1;-1;50;50;1;7;1.55;3.5;5.8;1.03;1.28;1.91;3.05;5.75;12;3.35;1.8;1.32;1.12;2.05;1.68;0;0;0;0;1.15;1.25;2.3;2.2;2.2;5.5;1.95;2.3;5.5;0;0;0;0;0;0;0;0;0;0;0;0;0;0;0;1.4;12;3.4;0;0;1.43;2.65;7;15;2.65;1.43;1.08;1.02;1.33;2.05;4.75;11;3.25;1.7;1.15;1.03;0;0;0;0;3;0;1;1;1;2;1;2021-11-01 14:00:00;882;0;47;37;10;0;1;1;8;3;9;1;11;10;0;2;1;5;2;6;1;63;13;96;60;1.51;0.83;2.34;0;0;0;0;0;0;1;1;0;0;0;0;0;0;-1;-1;-1;-1;-1;-1;-1;-1;-1;20;29;75;84;100;47;72;92;49;11.2;0;4.58;3.27;FC Avan Academy;Pyunik;2.13;2.44;3;2.5;3;2;80;72;25;17;0;50;50;40;1.67;1.3;2.97;6151;32;Y;Y;Y;N;N;N;Y
1310583;1362;686877;2021/2022;complete;72201;13;-1;25,54;48;2;1;3;5;3;8;-1;-1;2;3;0;0;5;2;5;3;10;5;-1;-1;66;34;2;3;1.2;5.5;10;0;0;1.62;0;0;0;0;2.25;0;0;0;0;0;0;0;0;0;0;0;1.62;2.63;9;0;0;0;0;0;0;0;0;0;0;0;0;0;0;0;0;0;0;1.17;0;6;0;0;0;0;0;0;0;0;0;0;0;0;0;0;0;0;0;0;0;0;0;0;3;1;0;1;1;2;1;2021-11-06 12:00:00;1362;0;44;17;27;0;1;1;2;2;3;1;4;4;2;2;0;1;4;1;1;64;18;91;70;1.45;0.6;2.04;0;0;0;0;0;0;1;1;0;0;0;1;0;1;-1;-1;-1;-1;-1;-1;-1;-1;-1;27;27;70;90;90;35;64;90;62;11.03;0;4;3.2;FC Avan Academy;Noravank;2.13;0.38;2.5;0.2;2.73;0.8;74;74;30;10;10;47;37;37;1.65;0.99;2.64;6151;32;Y;Y;Y;N;N;N;Y
1310584;882;1360;2021/2022;complete;72201;13;-1;53;;1;0;1;2;4;6;-1;-1;1;4;0;0;7;2;4;3;11;5;-1;-1;50;50;1;4;2;3.25;3.25;1.06;1.32;2;3.4;6.1;9.15;3.1;1.8;1.28;1.09;1.83;1.87;0;0;0;0;1.3;1.3;1.73;2.63;2.1;3.75;2.5;2.4;3.55;0;0;0;0;0;0;0;0;0;0;0;0;0;0;0;1.67;8.4;2.4;0;0;1.42;2.94;7;15;2.69;1.36;1.07;1.02;1.2;2.24;4.6;13;4;1.59;1.16;1.02;0;0;0;0;1;0;0;1;0;1;0;2021-11-05 14:00:00;882;0;61;34;0;0;1;1;1;3;1;1;4;2;0;2;1;2;2;3;1;49;50;89;93;1.54;0.83;2.37;1;0;1;0;0;0;1;1;0;0;0;0;0;0;-1;-1;-1;-1;-1;-1;-1;-1;-1;15;15;41;86;93;54;86;81;15;11.43;0;4.67;2.84;Pyunik;Artsakh;2.25;1.25;1.25;1.57;2.09;1.5;86;86;59;15;7;54;54;40;0.96;1.18;2.14;6151;32;Y;N;N;N;N;N;N
1310585;671669;671668;2021/2022;complete;72201;13;-1;79;;1;0;1;5;8;13;-1;-1;-1;-1;-1;-1;9;5;5;8;14;13;-1;-1;50;50;-1;-1;3.65;3.25;1.95;0;0;2;0;0;0;0;1.81;0;0;0;0;0;0;0;0;0;0;0;4.33;2;2.63;0;0;0;0;0;0;0;0;0;0;0;0;0;0;0;0;0;0;2.4;0;1.8;0;0;0;0;0;0;0;0;0;0;0;0;0;0;0;0;0;0;0;0;0;0;1;0;0;1;0;1;0;2021-11-04 12:00:00;671669;0;34;20;7;0;1;-1;1;1;4;7;2;11;-1;-1;-1;-1;-1;-1;1;51;67;72;80;1.88;1.65;3.53;-1;-1;-1;-1;-1;-1;-1;1;0;0;0;0;-1;-1;-1;-1;-1;-1;-1;-1;-1;-1;-1;7;15;29;68;100;27;68;75;34;4.14;0;3.15;2.18;BKMA;Van;0.69;0.44;0.43;1;0.27;0.8;93;86;72;32;0;54;54;27;0.72;1.39;2.11;6151;32;Y;N;N;N;N;N;N
1310586;96;884;2021/2022;complete;72201;13;-1;29,45;54;2;1;3;3;5;8;3;1;0;0;0;0;6;3;2;4;8;7;22;21;50;50;0;0;2.15;3;3.3;1.07;1.5;2.38;3.5;6.75;8;2.5;1.52;1.25;1.1;1.93;1.77;0;0;0;0;1.28;1.35;1.68;2.75;1.91;4.33;2.5;2.2;3.7;0;0;0;0;0;0;0;0;0;0;0;0;0;0;0;1.73;8;2.75;0;0;1.59;3;7.5;17;2.25;1.36;1.07;1.01;1.33;2.4;5;11;3.25;1.51;1.14;1.03;0;0;0;0;3;2;0;0;1;1;2;2021-11-08 10:00:00;96;0;30;0;10;0;1;-1;0;2;3;3;2;6;0;0;0;0;0;0;1;34;41;80;71;1.18;0.95;2.13;-1;-1;-1;-1;-1;-1;-1;1;0;0;0;0;-1;-1;-1;-1;-1;-1;-1;-1;-1;-1;-1;0;0;40;70;80;0;40;70;60;8.6;0;2.65;1.9;Alashkert;Banants;1.56;1.19;1;1.4;1;1.22;100;100;60;30;20;30;30;20;1.17;1.35;2.52;6151;32;Y;Y;Y;N;N;N;Y
1310588;686877;885;2021/2022;complete;72201;14;-1;67;11;1;1;2;3;8;11;-1;-1;-1;-1;-1;-1;5;9;7;5;12;14;-1;-1;50;50;-1;-1;6.42;3.36;1.51;0;0;1.91;0;0;0;0;1.8;0;0;0;0;0;0;0;0;0;0;0;6;2.2;2.05;0;0;0;0;0;0;0;0;0;0;0;0;0;0;0;0;0;0;3.75;0;1.36;0;0;0;0;0;0;0;0;0;0;0;0;0;0;0;0;0;0;0;0;0;0;2;0;1;1;0;1;1;2021-11-18 10:00:00;-1;0;40;10;20;0;1;-1;1;3;2;5;4;7;-1;-1;-1;-1;-1;-1;1;56;45;103;91;1.52;1.84;3.36;-1;-1;-1;-1;-1;-1;-1;1;0;0;0;0;-1;-1;-1;-1;-1;-1;-1;-1;-1;-1;-1;0;10;30;70;100;10;70;80;30;7;0;4.08;2.1;Noravank;Ararat;1.38;1.38;1.4;1.6;0.73;2.09;100;90;70;30;0;50;30;30;0.89;1.22;2.11;6151;32;Y;Y;N;N;N;N;Y
1310590;884;671669;2021/2022;complete;72201;14;-1;1,52,58,74,90;;5;0;5;6;3;9;-1;-1;-1;-1;-1;-1;7;2;1;4;8;6;-1;-1;50;50;-1;-1;1.22;5.5;9.5;0;0;1.8;0;0;0;0;2;0;0;0;0;0;0;0;0;0;0;0;1.67;2.5;9;0;0;0;0;0;0;0;0;0;0;0;0;0;0;0;0;0;0;1.17;0;6.5;0;0;0;0;0;0;0;0;0;0;0;0;0;0;0;0;0;0;0;0;0;0;5;1;0;4;0;4;1;2021-11-17 14:30:00;884;0;38;0;38;0;1;-1;3;0;3;3;3;6;-1;-1;-1;-1;-1;-1;1;48;37;124;73;1.36;0.79;2.15;-1;-1;-1;-1;-1;-1;-1;1;1;0;0;0;-1;-1;-1;-1;-1;-1;-1;-1;-1;-1;-1;25;25;50;75;100;25;50;100;63;11;0;3;2.75;Banants;BKMA;1.31;0.44;1;0;1.1;0.5;75;75;50;25;0;63;50;50;1.13;0.8;1.93;6151;32;Y;Y;Y;Y;Y;N;N
1310591;671668;882;2021/2022;complete;72201;14;-1;;6,32;0;2;2;4;2;6;-1;-1;-1;-1;-1;-1;0;3;0;1;0;4;-1;-1;44;56;-1;-1;6;3.4;1.57;1.06;1.43;2.15;4.04;9.5;7.2;2.68;1.65;1.19;1.03;2;1.71;0;0;0;0;1.83;1.32;1.19;4.45;1.86;2.45;4.8;2.34;2.16;0;0;0;1.49;1.84;2.37;3.3;0;2.45;1.86;1.51;1.29;2.48;7;1.88;2.7;7.25;1.66;0;0;1.53;3.26;9;17;2.36;1.3;1.03;1.01;1.31;2.38;5.9;17;3.2;1.53;1.1;1.01;0;0;0;0;2;0;2;0;0;0;2;2021-11-19 10:00:00;882;0;47;23;7;0;1;-1;4;2;0;0;6;0;-1;-1;-1;-1;-1;-1;1;28;10;47;38;0.21;0.54;0.75;-1;-1;-1;-1;-1;-1;-1;1;0;1;1;2;-1;-1;-1;-1;-1;-1;-1;-1;-1;-1;-1;0;16;54;69;100;31;77;93;31;7.83;0;6.6;2.38;Van;Pyunik;1.13;2.44;0.67;2.57;0.73;2.17;100;85;47;31;0;58;50;42;0.93;1.22;2.15;6151;32;Y;Y;N;N;N;N;N
1310592;1360;1362;2021/2022;complete;72201;14;-1;;68;0;1;1;5;7;12;-1;-1;-1;-1;-1;-1;0;6;8;2;8;8;-1;-1;55;45;-1;-1;4.55;3.65;1.68;1.03;1.25;1.77;2.8;5.25;13;3.6;1.94;1.37;1.14;1.68;2.05;0;0;0;0;2.1;1.25;1.16;4.6;2.1;2.1;4.5;2.63;2.01;0;0;0;0;0;0;0;0;0;0;0;0;0;0;0;2.8;13;1.5;0;0;1.35;2.62;6.1;15;2.98;1.44;1.09;1.02;1.19;2;4;12;4.2;1.74;1.2;1.02;0;0;0;0;1;0;0;0;1;1;0;2021-11-19 12:00:00;1362;0;54;27;27;0;1;-1;2;4;3;3;6;6;-1;-1;-1;-1;-1;-1;1;43;51;84;88;0.82;1.3;2.12;-1;-1;-1;-1;-1;-1;-1;1;0;0;0;0;-1;-1;-1;-1;-1;-1;-1;-1;-1;-1;-1;27;44;90;100;100;54;90;100;64;14.2;0;4.47;3.6;Artsakh;FC Avan Academy;1.19;2.5;1.33;3;1.36;2.75;74;57;10;0;0;55;30;30;1.54;1.49;3.03;6151;32;Y;N;N;N;N;N;N
1310593;1360;686877;2021/2022;complete;72201;15;-1;32,70;9;2;1;3;8;2;10;-1;-1;3;2;0;0;6;3;8;2;14;5;-1;-1;60;40;3;2;1.53;3.6;5.75;0;0;2.05;0;0;0;0;1.7;0;0;2.25;1.57;0;0;0;0;0;0;0;2.2;2.2;5.5;1.91;0;5;0;0;0;0;0;0;0;0;0;0;0;0;0;0;0;1.4;0;3.5;0;0;1.44;3;8;21;2.63;1.36;1.08;1.02;1.29;2.2;5;13;3.5;1.62;1.17;1.04;0;0;0;0;3;1;1;1;0;1;2;2021-12-01 12:00:00;1360;0;42;13;29;0;1;1;5;2;3;0;7;3;2;0;1;2;2;3;1;68;49;100;80;1.79;0.89;2.68;1;1;1;1;0;0;1;1;0;1;1;2;1;0;-1;-1;-1;-1;-1;-1;-1;-1;-1;21;34;63;79;92;34;71;92;50;8.84;0;4.87;2.88;Artsakh;Noravank;1.19;0.38;1;0.17;1.25;0.75;79;67;38;21;9;59;33;33;1.3;0.92;2.22;6151;32;Y;Y;Y;N;N;N;Y
1310594;1362;671668;2021/2022;complete;72201;15;-1;85,90;;2;0;2;11;4;15;-1;-1;-1;-1;-1;-1;5;2;1;0;6;2;-1;-1;53;47;-1;-1;1.2;5.25;11;1.02;1.28;1.95;3;6;14;3.35;1.85;1.33;1.12;2.45;1.49;0;0;0;0;1.05;1.14;3.9;1.67;2.4;11;1.59;2.92;7.8;0;0;0;0;0;0;0;0;0;0;0;0;0;0;0;1.14;14;8;0;0;1.35;2.55;6.8;13;2.98;1.46;1.07;1.02;1.22;2.11;4.4;12;3.8;1.67;1.17;1.02;0;0;0;0;2;0;0;2;0;2;0;2021-11-28 11:00:00;1362;0;46;25;22;0;1;-1;3;2;8;2;5;10;-1;-1;-1;-1;-1;-1;1;48;23;68;47;1.08;0.44;1.52;-1;-1;-1;-1;-1;-1;-1;1;0;0;0;0;-1;-1;-1;-1;-1;-1;-1;-1;-1;-1;-1;15;15;50;70;100;32;56;80;53;10.63;0;3.75;2.63;FC Avan Academy;Van;2.13;0.44;2.57;0.8;2.77;0.67;86;86;50;30;0;45;45;35;1.62;1.44;3.06;6151;32;Y;Y;N;N;N;N;N
1310595;882;884;2021/2022;complete;72201;15;-1;15,68;;2;0;2;2;5;7;-1;-1;-1;-1;-1;-1;3;3;2;4;5;7;-1;-1;38;62;-1;-1;1.91;3.4;3.4;1.1;1.5;2.4;4.25;8.5;6.75;2.45;1.53;1.19;1.06;2.05;1.68;0;0;0;0;1.39;1.33;1.55;2.63;2;4.33;2.79;2.21;3.48;0;0;0;0;0;0;0;0;0;0;0;0;0;0;0;1.62;6.75;2.88;0;0;1.59;3.54;8.3;36;2.25;1.26;1.04;0;1.35;2.6;5.4;20;2.98;1.45;1.12;1.01;0;0;0;0;2;1;0;1;0;1;1;2021-11-28 14:00:00;882;0;45;10;0;0;1;-1;1;2;1;3;3;4;-1;-1;-1;-1;-1;-1;1;19;52;52;78;0.67;1.03;1.7;-1;-1;-1;-1;-1;-1;-1;1;0;0;1;0;-1;-1;-1;-1;-1;-1;-1;-1;-1;-1;-1;0;0;35;82;100;29;74;82;25;10.37;0;2.75;2.17;Pyunik;Banants;2.25;1.19;1.6;1.17;2.23;1.27;100;100;65;19;0;29;29;29;1.08;1.28;2.36;6151;32;Y;Y;N;N;N;N;N
1310597;96;885;2021/2022;complete;72201;15;-1;5;;1;0;1;3;6;9;-1;-1;-1;-1;-1;-1;6;6;3;3;9;9;-1;-1;47;53;-1;-1;2.2;2.95;3.05;1.06;1.33;2.14;3.56;6.35;9.05;2.98;1.64;1.24;1.08;1.83;1.87;2.8;1.38;3.2;1.3;1.42;1.3;1.55;3;2.05;3.4;2.75;2.38;3.18;0;0;0;0;0;0;0;0;0;0;0;0;0;0;0;1.83;8.3;2.25;3.75;0;1.43;2.98;7.5;17;2.65;1.35;1.06;1.01;1.25;2.21;4.9;14;3.6;1.61;1.14;1.02;0;0;0;0;1;1;0;0;0;0;1;2021-11-30 10:00:00;96;0;42;0;25;0;1;-1;2;1;1;5;3;6;-1;-1;-1;-1;-1;-1;1;41;54;84;116;1.29;1.39;2.68;0;0;0;0;0;0;1;1;1;0;0;0;-1;-1;-1;-1;-1;-1;-1;-1;-1;-1;-1;0;9;42;75;84;9;42;84;50;7.83;0;2.5;2.08;Alashkert;Ararat;1.56;1.38;1.33;1.5;1.2;2;100;92;59;25;17;42;25;17;1.17;1.32;2.49;6151;32;Y;N;N;N;N;N;N
1310598;686877;96;2021/2022;complete;72201;16;-1;;24,84;0;2;2;2;2;4;-1;-1;1;0;0;0;3;4;1;4;4;8;-1;-1;41;59;1;0;3.15;3.2;2;0;0;2.02;0;0;0;0;1.71;0;0;2.25;1.57;0;0;0;0;0;0;0;3.6;2.1;2.88;4;0;2.2;0;0;0;0;0;0;0;0;0;0;0;0;0;0;0;2.38;0;1.73;0;0;1.53;3.4;9;23;2.38;1.3;1.07;1.01;1.33;2.5;5.5;15;3.25;1.5;1.14;1.03;0;0;0;0;2;0;1;0;1;1;1;2021-12-04 10:00:00;96;0;63;34;13;0;1;1;1;1;1;1;2;2;0;0;1;0;0;1;1;36;35;82;90;0.73;1.05;1.78;0;0;0;0;0;0;1;1;0;0;0;0;0;0;-1;-1;-1;-1;-1;-1;-1;-1;-1;13;25;46;84;100;46;100;84;25;8.17;0;4.75;2.67;Noravank;Alashkert;1.38;1.63;1.33;1;0.69;1.36;88;75;54;17;0;46;46;46;0.99;1.36;2.35;6151;32;Y;Y;N;N;N;N;N
1310599;885;671669;2021/2022;complete;72201;16;-1;7,84;70;2;1;3;3;3;6;-1;-1;1;3;0;0;7;3;5;2;12;5;-1;-1;54;46;1;3;1.18;6;15;0;0;1.57;0;0;0;0;2.3;0;0;2.5;1.5;0;0;0;0;0;0;0;1.62;2.63;9;1.5;0;8;0;0;0;0;0;0;0;0;0;0;0;0;0;0;0;1.14;0;6;0;0;1.3;2.25;5.5;13;3.4;1.57;1.14;1.04;1.18;1.83;3.5;8;4.5;1.83;1.29;1.08;0;0;0;0;3;1;0;1;1;2;1;2021-12-04 13:00:00;885;0;45;17;37;0;1;1;1;1;2;2;2;4;0;2;1;1;2;2;1;37;25;95;62;1.52;0.71;2.24;0;0;0;0;0;0;1;1;1;0;0;0;0;1;-1;-1;-1;-1;-1;-1;-1;-1;-1;55;55;65;74;100;45;74;92;74;8.8;0;3.33;3.74;Ararat;BKMA;1.5;0.44;2.5;0;1.85;0.46;45;45;35;27;0;64;54;45;1.52;0.8;2.32;6151;32;Y;Y;Y;N;N;N;Y
1310601;884;1362;2021/2022;complete;72201;16;-1;;;0;0;0;3;8;11;-1;-1;0;1;0;0;0;3;4;3;4;6;-1;-1;53;47;0;1;4.33;3.75;1.62;1.04;1.37;2.15;3.9;7.8;8.3;2.87;1.67;1.23;1.05;2.15;1.63;0;0;0;0;2.15;1.24;1.19;5;2.1;2.25;4.7;2.42;2.11;0;0;0;0;0;0;0;0;0;0;0;0;0;0;0;3.4;7.9;1.44;0;0;1.43;3.1;7.8;26;2.65;1.33;1.05;1.01;1.28;2.36;5.2;15;3.4;1.54;1.13;1.02;0;0;0;0;0;0;0;0;0;0;0;2021-12-03 14:30:00;-1;0;27;9;19;0;1;1;2;4;1;4;6;5;0;0;0;1;0;1;1;29;71;81;105;0.48;1.11;1.59;0;0;0;0;0;0;1;1;0;0;0;1;0;0;-1;-1;-1;-1;-1;-1;-1;-1;-1;19;19;54;82;100;17;54;100;55;14.8;0;2.8;2.72;Banants;FC Avan Academy;1.31;2.5;1.4;3;1.17;2.79;82;82;47;19;0;74;54;54;1.18;1.46;2.64;6151;32;N;N;N;N;N;N;N
1310602;671668;1360;2021/2022;complete;72201;7;-1;45;4,70;1;2;3;4;3;7;-1;-1;1;4;0;0;3;3;1;3;4;6;-1;-1;50;50;1;4;2.85;3.3;2.15;1.04;1.25;1.83;2.6;4.45;8.75;3.25;1.95;1.35;1.14;1.62;2;0;0;0;0;0;0;0;3.45;2.12;2.95;3.1;2.5;2.5;0;0;0;0;0;0;0;0;0;0;0;0;0;0;0;2.2;9;1.86;0;0;1.37;2.65;6.4;19;2.9;1.43;1.08;1.02;1.21;2.05;4.2;12;3.9;1.7;1.19;1.06;0;0;0;0;3;1;1;0;1;1;2;2021-09-22 11:00:00;1360;0;67;25;0;0;1;1;2;3;2;0;5;2;0;0;1;4;0;5;1;52;46;76;82;0.84;0.93;1.77;0;0;0;0;0;0;1;1;0;1;0;0;0;0;-1;-1;-1;-1;-1;-1;-1;-1;-1;25;25;54;67;100;38;67;100;42;8.67;0;6.83;3.34;Van;Artsakh;1.13;1.25;1;1;1.4;0.8;75;75;46;34;0;59;42;29;0.87;1.14;2.01;6151;32;Y;Y;Y;N;N;N;Y
1310603;671668;686877;2021/2022;complete;72201;17;-1;79,80;;2;0;2;6;5;11;-1;-1;-1;-1;-1;-1;3;3;3;0;6;3;-1;-1;50;50;-1;-1;2.51;3.1;2.51;1.13;1.55;2.14;5;11;5.5;2.3;1.6;1.15;1.04;2.15;1.63;0;0;0;0;1.35;1.42;1.49;3.2;2.05;3.25;2.88;2.1;3.3;0;0;0;0;0;0;0;0;0;0;0;0;0;0;0;1.91;5.75;2.2;0;0;1.64;3.4;8;31;2.15;1.3;1.06;0;1.4;2.75;5.5;12;2.75;1.4;1.12;1.02;0;0;0;0;2;0;0;2;0;2;0;2021-12-10 10:00:00;671668;0;43;14;15;0;1;-1;2;3;4;2;5;6;-1;-1;-1;-1;-1;-1;1;39;34;67;62;0.88;0.65;1.53;-1;-1;-1;-1;-1;-1;-1;1;0;0;0;0;-1;-1;-1;-1;-1;-1;-1;-1;-1;-1;-1;7;14;50;79;93;36;71;86;36;6;0;5.57;2.43;Van;Noravank;1.13;0.38;0.57;0.14;0.57;0.64;93;86;50;22;7;43;29;22;0.82;0.92;1.74;6151;32;Y;Y;N;N;N;N;N
1310604;1360;884;2021/2022;complete;72201;17;-1;85;73;1;1;2;3;5;8;-1;-1;-1;-1;-1;-1;4;7;4;3;8;10;-1;-1;46;54;-1;-1;2;3.6;3;1.02;1.28;1.65;3;5;11.5;3.4;2.2;1.34;1.13;1.72;2;0;0;0;0;1.31;1.29;1.73;2.6;2.3;3.4;2.52;2.53;3.25;0;0;0;0;0;0;0;0;0;0;0;0;0;0;0;1.67;10.25;2.3;0;0;1.5;2.62;5.7;13;2.4;1.44;1.1;1.02;1.28;2.4;3.8;11;3.4;1.51;1.22;1.02;0;0;0;0;2;0;0;1;1;2;0;2021-12-10 13:00:00;-1;0;47;17;9;0;1;-1;3;3;0;2;6;2;-1;-1;-1;-1;-1;-1;1;41;37;83;82;1.09;1.39;2.48;-1;-1;-1;-1;-1;-1;-1;1;0;0;1;1;-1;-1;-1;-1;-1;-1;-1;-1;-1;-1;-1;9;17;63;85;100;41;77;93;38;10.74;0;3.75;2.73;Artsakh;Banants;1.19;1.19;1.67;1;1.5;1.15;92;84;37;16;0;47;37;27;1.44;1.25;2.69;6151;32;Y;Y;N;N;N;N;Y
1310606;882;885;2021/2022;complete;72201;17;-1;33,87;11,14,22,47,65,70;2;6;8;5;3;8;-1;-1;2;3;0;0;5;8;1;0;6;8;-1;-1;57;43;2;3;1.9;3.25;3.5;1.04;1.36;2.15;3.7;7.5;8.6;2.95;1.61;1.24;1.06;1.93;1.78;0;0;0;0;1.31;1.29;1.73;2.75;2.05;4;2.26;2.39;4.2;0;0;0;0;0;0;0;0;0;0;0;0;0;0;0;1.67;8.1;2.6;0;0;1.45;3.08;7.6;15;2.6;1.33;1.05;1.02;1.29;2.26;5;15;3.36;1.58;1.14;1.02;0;0;0;0;8;1;3;1;3;4;4;2021-12-11 13:00:00;885;0;38;9;15;0;1;1;2;1;3;2;3;5;0;2;2;1;2;3;1;64;47;72;85;1.19;1.41;2.6;1;0;1;0;0;0;1;1;0;0;0;0;0;1;-1;-1;-1;-1;-1;-1;-1;-1;-1;0;7;23;77;100;17;70;85;22;9.38;0;3.08;2.07;Pyunik;Ararat;2.25;1.38;1.83;1.29;2.29;1.93;100;93;77;23;0;45;24;24;1.01;1.33;2.34;6151;32;Y;Y;Y;Y;Y;Y;Y
1310607;671669;96;2021/2022;complete;72201;17;-1;;19,82;0;2;2;1;5;6;-1;-1;-1;-1;-1;-1;2;6;1;6;3;12;-1;-1;46;54;-1;-1;7.65;4.78;1.28;0;0;1.63;0;0;0;0;2.14;0;0;0;0;0;0;0;0;0;0;0;7.5;2.63;1.67;0;0;0;0;0;0;0;0;0;0;0;0;0;0;0;0;0;0;5;0;1.18;0;0;0;0;0;0;0;0;0;0;0;0;0;0;0;0;0;0;0;0;0;0;2;0;1;0;1;1;1;2021-12-12 11:00:00;96;0;49;27;17;0;1;-1;1;0;0;5;1;5;-1;-1;-1;-1;-1;-1;1;26;42;61;80;0.53;1.48;2.01;-1;-1;-1;-1;-1;-1;-1;1;0;0;0;0;-1;-1;-1;-1;-1;-1;-1;-1;-1;-1;-1;17;33;55;88;100;43;88;100;39;6.9;0;2.73;2.92;BKMA;Alashkert;0.69;1.63;0.75;1.4;0.43;1.5;84;68;45;13;0;42;42;29;0.86;1.3;2.16;6151;32;Y;Y;N;N;N;N;N
1310608;686877;671669;2021/2022;complete;72201;18;-1;55;85;1;1;2;4;4;8;-1;-1;2;5;0;0;2;3;5;0;7;3;-1;-1;50;50;2;5;1.68;3.25;3.95;1.05;1.3;1.91;3.25;5.85;10.25;3.25;1.74;1.31;1.1;1.93;1.77;2.25;1.57;4.5;1.17;1.16;1.25;2.2;2.38;2.1;4.75;2.05;2.6;4.33;0;0;0;0;0;0;0;0;0;0;0;0;0;0;0;1.5;9.5;3;2.75;0;1.4;2.88;7.5;15;2.7;1.36;1.07;1.02;1.25;2.1;4.75;10;3.6;1.65;1.15;1.04;0;0;0;0;2;0;0;1;1;2;0;2022-02-20 10:00:00;-1;0;47;7;25;0;1;1;1;1;3;3;2;6;0;1;2;4;1;6;1;57;42;82;66;1;0.71;1.71;1;0;1;0;0;0;1;1;0;0;0;0;0;0;-1;-1;-1;-1;-1;-1;-1;-1;-1;25;25;49;77;100;24;92;86;42;6.67;0;4.65;2.77;Noravank;BKMA;1.38;0.44;1.14;0;0.6;0.4;75;75;52;23;0;54;45;45;0.96;0.78;1.74;6151;32;Y;Y;N;N;N;N;Y
1310609;96;882;2021/2022;complete;72201;18;-1;52;45,59,60,66;1;4;5;7;2;9;-1;-1;1;2;0;0;5;7;3;0;8;7;-1;-1;50;50;1;2;3;3.25;2.1;1.05;1.28;1.95;3.24;7;10;3.26;1.85;1.29;1.09;1.77;1.93;0;0;0;0;1.66;1.3;1.34;3.5;2.1;2.75;3.44;2.46;2.49;0;0;0;0;0;0;0;0;0;0;0;0;0;0;0;2.38;9.2;1.73;0;0;1.41;2.81;6.8;17;2.7;1.39;1.07;1.01;1.22;2.11;4.4;13;3.8;1.67;1.17;1.02;0;0;0;0;5;0;1;1;3;4;1;2022-02-21 10:00:00;882;0;34;13;14;0;1;1;1;1;6;1;2;7;0;2;1;0;2;1;1;60;35;93;85;1.29;1.19;2.49;0;0;0;0;0;0;1;1;0;0;0;1;0;1;-1;-1;-1;-1;-1;-1;-1;-1;-1;0;7;47;66;86;26;66;66;34;7.86;0;4.37;2.05;Alashkert;Pyunik;1.56;2.44;1.57;2.63;1.62;2.13;100;94;54;34;15;57;50;36;1.19;1.12;2.31;6151;32;Y;Y;Y;Y;Y;N;Y
1310610;885;1362;2021/2022;complete;72201;18;-1;;28;0;1;1;-1;-1;-1;-1;-1;-1;-1;-1;-1;-1;-1;-1;-1;-1;-1;-1;-1;-1;-1;-1;-1;5.81;3.84;1.58;1.02;1.25;1.85;3.2;6;11;3.5;1.86;1.3;1.1;2.1;1.66;0;0;0;0;2.7;1.21;1.1;6.5;2.3;1.91;5.75;2.7;1.75;0;0;0;0;0;0;0;0;0;0;0;0;0;0;0;4.33;9;1.29;0;0;1.43;2.7;6.15;17;2.65;1.41;1.09;1.01;1.2;2.06;4.5;12;4;1.69;1.14;1.02;0;0;0;0;1;0;1;0;0;0;1;2022-02-19 10:00:00;1362;0;43;22;29;0;-1;-1;-1;-1;-1;-1;-1;-1;-1;-1;-1;-1;-1;-1;-1;0;0;0;0;0;0;0;-1;-1;-1;-1;-1;-1;-1;1;0;0;-1;-1;-1;-1;-1;-1;-1;-1;-1;-1;-1;-1;-1;29;29;57;71;93;36;64;86;57;12.71;0;2.96;3;Ararat;FC Avan Academy;1.5;2.5;2.57;2.71;2;2.67;72;72;43;29;7;64;64;57;1.52;1.41;2.93;6151;32;Y;N;N;N;N;N;N
1310612;884;671668;2021/2022;complete;72201;18;-1;77;;1;0;1;7;1;8;-1;-1;0;2;0;0;6;2;2;1;8;3;-1;-1;50;50;0;2;1.7;3.55;4.4;1.03;1.29;1.86;3.1;6.5;10;3.4;1.85;1.33;1.1;1.85;1.85;0;0;0;0;1.17;1.27;2.15;2.2;2.2;5;1.99;2.59;4.75;0;0;0;0;0;0;0;0;0;0;0;0;0;0;0;1.44;9.5;3.25;0;0;1.37;2.7;6.15;17;2.89;1.41;1.09;1.01;1.2;2.06;4.5;12;4;1.69;1.14;1.02;0;0;0;0;1;0;0;1;0;1;0;2022-02-20 12:00:00;884;0;16;7;9;0;1;1;4;1;3;0;5;3;0;0;0;2;0;2;1;44;20;82;69;1.25;0.49;1.74;1;0;1;0;0;0;1;1;0;0;1;0;0;0;-1;-1;-1;-1;-1;-1;-1;-1;-1;9;9;24;62;92;15;38;77;40;10.17;0;2.25;1.94;Banants;Van;1.31;0.44;1.33;0.57;1.14;0.73;92;92;77;38;9;77;61;54;1.06;1.26;2.32;6151;32;Y;N;N;N;N;N;N
1310613;884;686877;2021/2022;complete;72201;19;-1;18;74;1;1;2;3;6;9;-1;-1;1;3;1;1;4;3;2;3;6;6;-1;-1;50;50;2;4;1.41;4.15;6.6;1.05;1.31;2.04;3.35;6.15;9.85;3.15;1.81;1.28;1.09;2.1;1.65;0;0;0;0;1.12;1.2;2.2;2.05;2.15;6;1.8;2.6;5.5;0;0;0;0;0;0;0;0;0;0;0;0;0;0;0;1.39;9.75;3.3;0;0;1.37;2.7;6.8;15;2.85;1.4;1.07;1.02;1.23;2.1;4.5;13;3.7;1.65;1.16;1.02;0;0;0;0;2;1;0;0;1;1;1;2022-02-24 12:00:00;-1;0;26;7;20;0;1;1;0;1;3;5;1;8;1;1;1;3;2;4;1;48;55;111;94;1.02;1;2.02;1;0;1;0;0;0;1;1;0;0;0;0;1;0;-1;-1;-1;-1;-1;-1;-1;-1;-1;14;14;40;73;87;13;46;87;47;9.54;0;2.5;2.25;Banants;Noravank;1.31;0.38;1.57;0.13;1.27;0.63;87;87;61;28;14;67;47;41;1.09;0.88;1.97;6151;32;Y;Y;N;N;N;N;Y
1310615;885;1360;2021/2022;complete;72201;19;-1;70;46;1;1;2;4;3;7;-1;-1;1;2;0;0;5;3;1;2;6;5;-1;-1;50;50;1;2;2.2;3.15;3.05;1.06;1.35;2.38;3.63;6.75;8.4;2.96;1.53;1.24;1.07;1.9;1.81;0;0;0;0;1.19;1.27;1.87;2.48;2.1;4.5;2.3;2.4;3.8;0;0;0;0;0;0;0;0;0;0;0;0;0;0;0;1.66;8.5;2.45;0;0;1.37;3.11;7.6;0;2.8;1.34;1.05;0;1.26;2.23;5;17;3.5;1.58;1.14;1.01;0;0;0;0;2;0;0;1;1;2;0;2022-02-24 10:00:00;-1;0;57;32;19;0;1;1;1;3;3;0;4;3;0;0;1;2;0;3;1;45;21;69;69;1.06;0.69;1.75;1;0;1;0;0;0;1;1;0;0;0;0;0;0;-1;-1;-1;-1;-1;-1;-1;-1;-1;32;32;50;63;94;44;69;82;44;9.96;0;4.15;3.19;Ararat;Artsakh;1.5;1.25;2.25;1.38;1.88;1.47;69;69;50;38;7;54;54;34;1.52;1.14;2.66;6151;32;Y;Y;N;N;N;N;Y
1310616;96;1362;2021/2022;complete;72201;19;-1;;90;0;1;1;1;6;7;-1;-1;1;2;0;0;4;3;6;4;10;7;-1;-1;50;50;1;2;4.33;3.36;1.81;1.03;1.28;1.99;3.6;7.5;9.2;3.4;1.79;1.25;1.08;1.96;1.76;0;0;0;0;2.16;1.22;1.14;5;2.23;2.2;4.7;2.45;2;0;0;0;0;0;0;0;0;0;0;0;0;0;0;0;3.02;7.8;1.57;0;0;1.45;2.95;7.1;23;2.59;1.34;1.06;1.01;1.29;2.35;4.7;15;3.36;1.54;1.15;1.02;0;0;0;0;1;0;0;0;1;1;0;2022-02-25 10:00:00;1362;0;32;7;19;0;1;1;1;3;0;3;4;3;1;1;0;1;2;1;1;31;53;91;79;1.14;1.04;2.18;0;0;0;0;0;0;1;1;0;0;0;0;0;0;-1;-1;-1;-1;-1;-1;-1;-1;-1;13;13;50;63;82;19;57;69;44;11.75;0;2.81;2.19;Alashkert;FC Avan Academy;1.56;2.5;1.38;2.75;1.5;2.69;88;88;50;38;19;61;48;42;1.2;1.41;2.61;6151;32;Y;N;N;N;N;N;N
1310617;671669;882;2021/2022;complete;72201;10;-1;;85;0;1;1;4;6;10;-1;-1;-1;-1;-1;-1;3;5;0;5;3;10;-1;-1;38;62;-1;-1;6;4.2;1.44;0;0;1.79;0;0;0;0;1.93;0;0;2.5;1.5;0;0;0;0;0;0;0;6.5;2.3;1.91;7;0;1.57;0;0;0;0;0;0;0;0;0;0;0;0;0;0;0;3.4;0;1.36;0;0;1.36;2.63;6.5;17;3;1.44;1.11;1.03;1.2;1.91;4;9;4.33;1.8;1.22;1.07;0;0;0;0;1;0;0;0;1;1;0;2021-10-21 14:00:00;882;0;40;20;0;0;1;-1;2;4;2;2;6;4;-1;-1;-1;-1;-1;-1;1;30;63;88;115;0.63;1.45;2.08;-1;-1;-1;-1;-1;-1;-1;1;0;0;0;2;-1;-1;-1;-1;-1;-1;-1;-1;-1;-1;-1;0;20;60;90;100;30;100;90;30;7;0;4;2.7;BKMA;Pyunik;0.69;2.44;0.6;2.4;0.38;1.75;100;80;40;10;0;58;58;48;0.72;1.26;1.98;6151;32;Y;N;N;N;N;N;N
1310618;686877;882;2021/2022;complete;72201;20;-1;61;33,89;1;2;3;0;6;6;-1;-1;3;3;0;0;2;6;5;4;7;10;-1;-1;50;50;3;3;6.11;3.36;1.53;1.07;1.36;2.13;3.74;7.05;8;2.84;1.64;1.22;1.07;2.22;1.6;0;0;0;0;2.35;1.25;1.08;7.1;2.05;2.13;6.05;2.49;1.88;0;0;0;0;0;0;0;0;0;0;0;0;0;0;0;3.72;7.4;1.44;0;0;1.48;3.14;8.1;17;2.5;1.32;1.04;1.01;1.28;2.3;5.3;15;3.4;1.56;1.12;1.02;0;0;0;0;3;0;1;1;1;2;1;2022-03-02 10:00:00;882;0;47;18;18;0;1;1;0;4;0;2;4;2;0;0;3;3;0;6;1;43;74;55;76;0.89;1.58;2.47;1;0;1;0;0;0;1;1;0;0;0;0;0;0;-1;-1;-1;-1;-1;-1;-1;-1;-1;6;11;35;77;100;23;89;77;23;7.38;0;5.33;2.28;Noravank;Pyunik;1.38;2.44;1.13;2.67;0.65;2.24;95;89;66;24;0;63;57;50;0.96;1.13;2.09;6151;32;Y;Y;Y;N;N;N;Y
1310619;1362;671669;2021/2022;complete;72201;20;-1;;;0;0;0;11;1;12;-1;-1;3;2;0;0;3;2;7;2;10;4;-1;-1;50;50;3;2;1.13;6.55;13.1;1.01;1.15;1.6;2.33;3.78;19.25;4.7;2.14;1.54;1.23;2.7;1.4;0;0;0;0;1.02;1.05;4;1.45;2.85;14;1.31;3.85;13;0;0;0;0;0;0;0;0;0;0;0;0;0;0;0;1.12;19.25;6.45;0;0;1.28;2.2;4.7;12;3.4;1.61;1.15;1.03;1.13;1.72;3.1;8;5.1;2.03;1.31;1.05;0;0;0;0;0;0;0;0;0;0;0;2022-03-02 12:00:00;-1;0;57;13;44;0;1;1;3;1;8;0;4;8;0;0;3;2;0;5;1;71;22;109;73;1.36;0.56;1.92;0;0;0;0;0;0;1;1;0;0;1;0;0;0;-1;-1;-1;-1;-1;-1;-1;-1;-1;32;32;76;88;100;32;63;100;82;11.51;0;5.5;3.38;FC Avan Academy;BKMA;2.13;0.44;2.63;0.13;2.71;0.41;69;69;26;13;0;44;38;38;1.55;0.73;2.28;6151;32;N;N;N;N;N;N;N
1310620;1360;96;2021/2022;complete;72201;20;-1;;66;0;1;1;2;6;8;-1;-1;3;3;0;0;0;3;2;6;2;9;-1;-1;50;50;3;3;2.1;3.1;3.3;1.07;1.38;2.21;3.65;7.25;7.75;2.8;1.68;1.25;1.09;1.83;1.86;0;0;0;0;1.28;1.32;1.62;2.8;2;3.9;2.45;2.35;3.5;0;0;0;0;0;0;0;0;0;0;0;0;0;0;0;1.8;7.5;2.25;0;0;1.5;3.27;7.9;17;2.44;1.24;1.05;1.01;1.25;2.2;5;14;3.5;1.57;1.11;1.02;0;0;0;0;1;0;0;0;1;1;0;2022-03-01 11:00:00;96;0;54;31;23;0;1;1;1;1;1;5;2;6;0;2;3;1;2;4;1;30;57;84;101;0.36;1.2;1.56;0;0;0;0;0;0;1;1;0;0;0;0;0;0;-1;-1;-1;-1;-1;-1;-1;-1;-1;16;31;61;93;100;54;86;100;38;9.67;0;4.08;3;Artsakh;Alashkert;1.19;1.63;1.57;1.67;1.44;1.4;85;69;40;7;0;42;34;25;1.39;1.33;2.72;6151;32;Y;N;N;N;N;N;N
1310621;671668;885;2021/2022;complete;72201;20;-1;;17;0;1;1;6;2;8;-1;-1;0;3;0;0;2;3;2;2;4;5;-1;-1;50;50;0;3;4.5;3.3;1.75;1.04;1.33;2.33;3.74;7.5;8.5;3;1.54;1.22;1.06;1.9;1.8;0;0;0;0;1.95;1.28;1.18;5.25;2.11;2.44;4.5;2.4;2.12;0;0;0;0;0;0;0;0;0;0;0;0;0;0;0;2.7;8.25;1.57;0;0;1.48;2.95;6.85;0;2.47;1.33;1.07;0;1.25;2.25;5.5;15;3.5;1.53;1.1;1.02;0;0;0;0;1;0;1;0;0;0;1;2022-03-01 11:00:00;885;0;44;13;19;0;1;1;3;1;3;1;4;4;0;1;0;2;1;2;1;69;39;101;82;0.9;0.82;1.72;0;0;0;0;0;0;1;1;0;0;0;1;0;0;-1;-1;-1;-1;-1;-1;-1;-1;-1;7;19;38;75;100;26;63;88;44;7.88;0;5.15;2.57;Van;Ararat;1.13;1.38;0.88;1.5;0.69;1.82;94;82;63;25;0;44;19;19;0.83;1.34;2.17;6151;32;Y;N;N;N;N;N;N
1310624;885;884;2021/2022;complete;72201;21;-1;;;0;0;0;6;6;12;-1;-1;2;2;0;0;2;0;1;2;3;2;-1;-1;50;50;2;2;2.4;3.05;2.8;1.08;1.36;2.01;3.84;7.35;7.5;2.84;1.68;1.21;1.06;1.89;1.83;0;0;0;0;1.3;1.32;1.52;2.86;2.02;3.94;2.55;2.3;3.4;0;0;0;0;0;0;0;0;0;0;0;0;0;0;0;1.85;7.8;2.33;0;0;1.46;3.14;8.6;15;2.56;1.32;1.04;1.02;1.29;2.36;5.6;17;3.36;1.53;1.11;1.01;0;0;0;0;0;0;0;0;0;0;0;2022-03-05 13:00:00;-1;0;53;11;29;0;1;1;3;2;3;4;5;7;0;0;2;2;0;4;1;39;27;59;66;0.62;0.33;0.95;0;0;0;0;0;0;1;1;0;0;0;1;0;0;-1;-1;-1;-1;-1;-1;-1;-1;-1;17;17;41;78;100;23;65;83;59;9.76;0;2.25;2.68;Ararat;Banants;1.5;1.19;2.11;1;1.89;1.25;84;84;60;23;0;32;32;26;1.46;1.27;2.73;6151;32;N;N;N;N;N;N;N
1310625;96;671668;2021/2022;complete;72201;21;-1;34,64;;2;0;2;5;7;12;-1;-1;3;1;0;0;3;2;2;4;5;6;-1;-1;50;50;3;1;1.53;3.5;6;1.06;1.33;2.01;3.64;6.6;9.05;2.96;1.68;1.23;1.08;2.28;1.57;0;0;0;0;1.06;1.2;2.63;2;2.18;7.1;1.78;2.58;6.65;0;0;0;0;0;0;0;0;0;0;0;0;0;0;0;1.38;8.3;3.95;0;0;1.43;3.04;7.3;0;2.66;1.34;1.06;0;1.28;2.28;4.8;12;3.4;1.57;1.14;1.01;0;0;0;0;2;1;0;1;0;1;1;2022-03-05 10:00:00;96;0;23;7;11;0;1;1;5;0;0;7;5;7;1;1;2;0;2;2;1;27;33;68;53;0.73;0.76;1.49;1;0;1;0;0;0;1;1;0;0;2;0;0;0;-1;-1;-1;-1;-1;-1;-1;-1;-1;6;6;29;53;89;18;41;71;35;7.07;0;2.93;1.82;Alashkert;Van;1.56;0.44;1.22;0.5;1.5;0.65;95;95;72;47;11;54;43;31;1.2;1.16;2.36;6151;32;Y;Y;N;N;N;N;N
1310627;671669;1360;2021/2022;complete;72201;21;-1;49;6;1;1;2;7;7;14;-1;-1;1;4;0;0;5;4;1;1;6;5;-1;-1;50;50;1;4;6.75;3.8;1.47;1.05;1.31;1.96;3.35;6.15;9.7;3.15;1.76;1.28;1.09;2.2;1.6;0;0;0;0;2.35;1.19;1.09;7;2.2;1.95;6.25;2.6;1.72;0;0;0;0;0;0;0;0;0;0;0;0;0;0;0;4.1;9.2;1.34;0;0;1.4;2.89;6.8;15;2.84;1.39;1.07;1.02;1.22;2.1;5;13;3.74;1.62;1.12;1.02;0;0;0;0;2;0;1;1;0;1;1;2022-03-06 10:00:00;-1;0;50;22;11;0;1;1;4;0;3;7;4;10;1;2;0;2;3;2;1;42;49;72;70;1.04;0.95;1.99;0;0;0;0;0;0;1;1;0;1;0;0;0;0;-1;-1;-1;-1;-1;-1;-1;-1;-1;17;22;44;73;95;33;67;95;33;7.33;0;4.15;2.78;BKMA;Artsakh;0.69;1.25;0.67;1.33;0.44;1.35;84;78;56;28;6;50;50;28;0.82;1.09;1.91;6151;32;Y;Y;N;N;N;N;Y
1310628;882;1362;2021/2022;complete;72201;21;-1;51;;1;0;1;7;6;13;-1;-1;2;3;0;0;4;4;2;7;6;11;-1;-1;50;50;2;3;3.05;3.05;2.2;1.08;1.46;2.26;4.22;7.85;7.15;2.55;1.57;1.19;1.05;2;1.72;0;0;0;0;1.52;1.32;1.32;3.8;1.9;3;3.3;2.3;2.6;0;0;0;0;0;0;0;0;0;0;0;0;0;0;0;2.38;6.6;1.9;0;0;1.56;3.54;8.4;0;2.42;1.26;1.04;0;1.35;2.62;5.5;18;2.98;1.44;1.11;1.01;0;0;0;0;1;0;0;1;0;1;0;2022-03-06 13:00:00;882;0;30;18;12;0;1;1;5;1;2;5;6;7;1;1;1;2;2;3;1;39;43;79;77;0.95;1.29;2.23;0;0;0;0;0;0;1;1;0;0;2;0;1;1;-1;-1;-1;-1;-1;-1;-1;-1;-1;12;12;35;66;95;30;66;83;23;13.38;0;3.21;2.37;Pyunik;FC Avan Academy;2.25;2.5;1.75;2.78;2.28;2.61;89;89;66;35;6;51;51;51;1.08;1.36;2.44;6151;32;Y;N;N;N;N;N;N
1310629;686877;1362;2021/2022;complete;72201;22;-1;;19,28;0;2;2;5;6;11;-1;-1;3;1;0;0;3;5;1;7;4;12;-1;-1;50;50;3;1;10;5;1.22;1.01;1.14;1.48;2.28;4;19;5;2.6;1.56;1.2;2.01;1.76;0;0;0;0;3.74;1.1;1.04;9;2.6;1.62;7.5;3.4;1.45;0;0;0;0;0;0;0;0;0;0;0;0;0;0;0;5.5;10.75;1.17;0;0;1.34;2.24;4.54;13;3.1;1.6;1.15;1.02;1.12;1.67;3.3;8;5.5;2;1.25;1.05;0;0;0;0;2;0;2;0;0;0;2;2022-03-10 11:00:00;1362;0;38;11;16;0;1;1;3;2;2;4;5;6;0;0;3;1;0;4;1;40;55;111;105;0.77;1.51;2.28;0;1;0;1;0;0;1;1;0;0;0;0;0;0;-1;-1;-1;-1;-1;-1;-1;-1;-1;5;5;31;64;95;16;70;79;26;10.34;0;4.31;2;Noravank;FC Avan Academy;1.38;2.5;1;2.5;0.61;2.47;95;95;69;36;5;56;56;56;0.95;1.35;2.3;6151;32;Y;Y;N;N;N;N;N
1310630;1360;882;2021/2022;complete;72201;22;-1;;26;0;1;1;5;4;9;-1;-1;2;1;0;0;4;5;4;0;8;5;-1;-1;50;50;2;1;3.6;3.4;1.83;1.06;1.35;2.15;3.7;6.85;8.8;2.86;1.67;1.22;1.07;1.97;1.8;0;0;0;0;1.8;1.25;1.22;4.33;2.05;2.5;4.06;2.5;2.25;0;0;0;0;0;0;0;0;0;0;0;0;0;0;0;2.75;7.1;1.57;0;0;1.5;3.05;7.3;17;2.57;1.31;1.06;1.01;1.31;2.22;4.84;15;3.2;1.56;1.13;1.01;0;0;0;0;1;0;1;0;0;0;1;2022-03-10 11:00:00;882;0;50;23;28;0;1;1;4;1;1;3;5;4;0;0;2;1;0;3;1;60;57;88;93;1.22;1.09;2.31;0;0;0;0;0;0;1;1;0;0;2;0;0;0;-1;-1;-1;-1;-1;-1;-1;-1;-1;12;23;62;78;100;40;77;90;39;9.15;0;5.8;2.73;Artsakh;Pyunik;1.19;2.44;1.38;2.7;1.33;2.32;89;78;39;23;0;62;50;37;1.24;1.18;2.42;6151;32;Y;N;N;N;N;N;N
1310631;671668;671669;2021/2022;complete;72201;22;-1;90;47;1;1;2;7;3;10;-1;-1;-1;-1;-1;-1;4;3;2;3;6;6;-1;-1;50;50;-1;-1;1.65;3.65;4.75;1.04;1.28;1.93;3.13;5.7;10.75;3.35;1.88;1.31;1.11;1.83;1.87;0;0;0;0;1.12;1.2;2.05;2.2;2.2;5.5;2.01;2.58;4.88;0;0;0;0;0;0;0;0;0;0;0;0;0;0;0;1.52;9.4;2.99;0;0;1.45;2.7;6.1;15;2.6;1.41;1.09;1.02;1.19;2.06;4;12;4.2;1.69;1.2;1.02;0;0;0;0;2;0;0;1;1;2;0;2022-03-11 11:00:00;-1;0;39;6;22;0;1;-1;2;1;5;2;3;7;-1;-1;-1;-1;-1;-1;1;51;32;114;86;1.04;0.83;1.88;-1;-1;-1;-1;-1;-1;-1;1;0;0;1;0;-1;-1;-1;-1;-1;-1;-1;-1;-1;-1;-1;17;22;45;67;95;28;62;84;50;7;0;6.12;2.45;Van;BKMA;1.13;0.44;0.78;0.22;0.61;0.47;84;78;56;33;6;45;33;33;0.84;0.71;1.55;6151;32;Y;Y;N;N;N;N;Y
1310632;884;96;2021/2022;complete;72201;22;-1;;;0;0;0;3;6;9;-1;-1;0;1;0;0;0;2;0;5;0;7;-1;-1;50;50;0;1;2.6;2.8;2.65;1.11;1.5;2.3;4.35;9;6.25;2.45;1.55;1.18;1.06;2;1.71;0;0;0;0;1.41;1.37;1.4;3.35;1.8;3.3;2.9;2.25;3.2;0;0;0;0;0;0;0;0;0;0;0;0;0;0;0;2.1;6;2.05;0;0;1.59;3.5;9.8;0;2.34;1.26;1.02;0;1.35;2.6;6.4;20;2.9;1.43;1.08;1.01;0;0;0;0;0;0;0;0;0;0;0;2022-03-09 14:00:00;-1;0;34;15;14;0;1;1;2;4;1;2;6;3;0;0;0;1;0;1;1;24;44;49;70;0.18;0.9;1.09;0;0;0;0;0;0;1;1;0;0;0;1;0;0;-1;-1;-1;-1;-1;-1;-1;-1;-1;14;21;34;75;94;22;62;94;34;10.59;0;2.5;2.36;Banants;Alashkert;1.31;1.63;1.5;1.86;1.24;1.59;87;80;66;26;7;45;26;26;1.08;1.31;2.39;6151;32;N;N;N;N;N;N;N
1310634;885;686877;2021/2022;complete;72201;32;-1;45,59,63,88;;4;0;4;5;8;13;-1;-1;0;1;0;1;6;2;0;0;6;2;-1;-1;50;50;0;2;1.73;3.6;4.33;1.04;1.26;1.94;3;5.45;10.75;3.5;1.81;1.34;1.12;1.82;1.94;0;0;0;0;1.17;1.25;1.9;2.3;2.1;4.75;2.12;2.6;4.1;0;0;0;0;0;0;0;0;0;0;0;0;0;0;0;1.52;8.9;3.05;0;0;1.4;2.66;6.15;15;2.47;1.42;1.09;1.02;1.2;2;4.5;12;4;1.67;1.14;1.02;0;0;0;0;4;1;0;3;0;3;1;2022-05-11 15:30:00;885;0;46;12;35;0;1;1;4;2;1;6;6;7;0;2;0;0;2;0;1;95;50;151;98;1.5;0.64;2.15;0;0;0;0;0;0;1;1;0;0;0;0;0;0;-1;-1;-1;-1;-1;-1;-1;-1;-1;19;19;42;74;92;23;66;81;50;7.98;0;3.5;2.58;Ararat;Noravank;1.5;0.38;1.62;0.38;1.59;0.85;81;81;58;27;8;52;44;37;1.3;0.99;2.29;6151;32;Y;Y;Y;Y;N;N;N
1310636;671669;884;2021/2022;complete;72201;23;-1;45;21,49,50,85;1;4;5;3;7;10;-1;-1;2;0;0;0;3;6;0;4;3;10;-1;-1;50;50;2;0;5;4;1.5;1.07;1.37;2.35;3.84;7.15;8;2.8;1.57;1.21;1.06;2.32;1.55;0;0;0;0;2.3;1.17;1.11;6.85;2.05;2.12;6.45;2.51;1.83;0;0;0;0;0;0;0;0;0;0;0;0;0;0;0;3.94;7.8;1.4;0;0;1.46;3.08;7.3;15;2.51;1.28;1.06;1.02;1.29;2.38;6;18;3.34;1.53;1.08;1.01;0;0;0;0;5;1;1;0;3;3;2;2022-03-16 11:00:00;884;0;42;5;11;0;1;1;0;1;3;6;1;9;0;0;2;0;0;2;1;21;31;55;52;0.56;1.27;1.83;0;1;0;1;0;0;1;1;0;0;0;0;0;0;-1;-1;-1;-1;-1;-1;-1;-1;-1;5;10;37;79;95;16;68;89;37;8.02;0;2.5;2.25;BKMA;Banants;0.69;1.19;0.7;1;0.5;1.22;95;90;64;21;6;41;41;31;0.85;1.16;2.01;6151;32;Y;Y;Y;Y;Y;N;Y
1310637;882;671668;2021/2022;complete;72201;32;-1;18,41;;2;0;2;7;2;9;-1;-1;1;0;0;0;4;2;4;4;8;6;-1;-1;50;50;1;0;1.31;4.65;7;1.03;1.2;1.71;2.95;5.75;14.5;4.1;2.01;1.35;1.12;2.1;1.65;0;0;0;0;1.08;1.13;2.7;1.73;2.4;8;1.58;2.95;7;0;0;0;0;0;0;0;0;0;0;0;0;0;0;0;1.31;10.5;4.2;0;0;1.3;2.55;5.85;13;3.2;1.44;1.1;1.02;1.17;1.91;4.2;11;4.5;1.73;1.17;1.02;0;0;0;0;2;2;0;0;0;0;2;2022-05-09 12:00:00;882;0;35;12;19;0;1;1;3;0;4;2;3;6;0;0;1;0;0;1;1;52;55;103;99;1.17;0.93;2.1;0;0;0;0;0;0;1;1;0;0;1;0;0;0;-1;-1;-1;-1;-1;-1;-1;-1;-1;12;12;27;66;96;23;62;81;31;9.24;0;3.56;2.35;Pyunik;Van;2.25;0.44;2.23;0.54;2.39;0.7;89;89;74;35;4;50;50;46;1.15;1.03;2.18;6151;32;Y;Y;N;N;N;N;N
1310639;1362;1360;2021/2022;complete;72201;32;-1;;3;0;1;1;5;4;9;-1;-1;0;4;0;0;2;8;8;6;10;14;-1;-1;50;50;0;4;1.53;3.6;5.5;1.06;1.3;2.08;3.8;8;8.95;3.2;1.73;1.23;1.07;2.1;1.68;0;0;0;0;1.14;1.23;2.05;2.15;2.1;5.75;1.9;2.5;5.25;0;0;0;0;0;0;0;0;0;0;0;0;0;0;0;1.48;8.1;3.34;0;0;1.37;2.95;6.85;17;2.8;1.33;1.07;1.01;1.25;2.25;5.5;15;3.5;1.53;1.1;1.02;0;0;0;0;1;0;1;0;0;0;1;2022-05-09 15:30:00;1360;0;68;33;25;0;1;1;2;2;3;2;4;5;0;1;0;3;1;3;1;78;68;146;112;1.35;1.94;3.29;0;0;0;0;0;0;1;1;0;1;0;0;0;1;-1;-1;-1;-1;-1;-1;-1;-1;-1;14;25;54;86;93;40;64;90;50;13.08;0;4.48;2.97;FC Avan Academy;Artsakh;2.13;1.25;2.21;1.21;2.32;1.21;86;75;47;14;7;54;54;36;1.52;1.14;2.66;6151;32;Y;N;N;N;N;N;N
1310640;686877;1360;2021/2022;complete;72201;24;-1;9,27,52;4;3;1;4;1;7;8;-1;-1;-1;-1;-1;-1;5;4;2;2;7;6;-1;-1;50;50;-1;-1;3.3;3.2;2;1.06;1.4;2.29;4;8.5;7.5;2.75;1.56;1.2;1.05;1.95;1.75;0;0;0;0;1.67;1.29;1.25;4.33;1.95;2.75;3.72;2.25;2.52;0;0;0;0;0;0;0;0;0;0;0;0;0;0;0;2.63;8.5;1.67;0;0;1.44;3.3;7.8;15;2.68;1.27;1.05;1.02;1.3;2.4;6;17;3.2;1.44;1.08;1.01;0;0;0;0;4;2;1;1;0;1;3;2022-03-19 11:00:00;686877;0;58;20;14;0;1;-1;0;2;1;5;2;6;-1;-1;-1;-1;-1;-1;1;46;71;107;117;1.14;1.18;2.32;-1;-1;-1;-1;-1;-1;-1;1;1;1;0;0;-1;-1;-1;-1;-1;-1;-1;-1;-1;-1;-1;10;10;29;72;95;29;76;77;24;8.29;0;5.45;2.41;Noravank;Artsakh;1.38;1.25;0.82;1.3;0.55;1.2;90;90;71;29;5;53;53;43;0.91;1.07;1.98;6151;32;Y;Y;Y;Y;N;N;Y
1310641;671668;1362;2021/2022;complete;72201;24;-1;71,75;17;2;1;3;4;2;6;-1;-1;-1;-1;-1;-1;3;3;5;2;8;5;-1;-1;50;50;-1;-1;5;3.75;1.53;1.07;1.42;2.4;4.9;9.5;8;2.7;1.53;1.15;1.04;2.5;1.47;0;0;0;0;2.5;1.25;1.1;6.5;2;2.2;6.5;2.49;1.84;0;0;0;0;0;0;0;0;0;0;0;0;0;0;0;4;7.7;1.4;0;0;1.48;3.2;7.8;0;2.5;1.31;1.05;0;1.3;2.4;6;19;3.26;1.51;1.08;1.01;0;0;0;0;3;0;1;2;0;2;1;2022-03-20 10:00:00;671668;0;31;9;13;0;1;-1;3;1;1;1;4;2;-1;-1;-1;-1;-1;-1;1;29;38;85;97;0.93;0.82;1.75;-1;-1;-1;-1;-1;-1;-1;1;0;0;0;0;-1;-1;-1;-1;-1;-1;-1;-1;-1;-1;-1;4;9;35;66;96;26;57;79;39;11.27;0;4.35;2.09;Van;FC Avan Academy;1.13;2.5;0.82;2.58;0.65;2.52;96;92;66;35;4;55;50;46;0.86;1.37;2.23;6151;32;Y;Y;Y;N;N;N;Y
1310642;884;882;2021/2022;complete;72201;24;-1;;90;0;1;1;0;5;5;-1;-1;-1;-1;-1;-1;5;4;6;3;11;7;-1;-1;50;50;-1;-1;4;3.5;1.73;1.06;1.35;2.25;4.3;9.5;9;2.95;1.62;1.19;1.04;2.15;1.63;0;0;0;0;1.8;1.32;1.24;5;2.05;2.4;4.45;2.26;2.32;0;0;0;0;0;0;0;0;0;0;0;0;0;0;0;3.1;6.75;1.53;0;0;1.54;3.48;7.8;0;2.36;1.27;1.05;0;1.33;2.55;6;19;3.08;1.46;1.08;1.01;0;0;0;0;1;0;0;0;1;1;0;2022-03-20 13:00:00;882;0;36;9;22;0;1;-1;0;3;0;2;3;2;-1;-1;-1;-1;-1;-1;1;47;49;112;98;1.39;1.09;2.48;-1;-1;-1;-1;-1;-1;-1;1;0;0;0;0;-1;-1;-1;-1;-1;-1;-1;-1;-1;-1;-1;10;14;36;66;89;13;58;77;38;10.38;0;3.49;2.14;Banants;Pyunik;1.31;2.44;1.44;2.58;1.32;2.29;91;86;64;35;11;76;44;39;0.98;1.18;2.16;6151;32;Y;N;N;N;N;N;N
1310644;885;96;2021/2022;complete;72201;24;-1;;49;0;1;1;2;2;4;-1;-1;-1;-1;-1;-1;2;5;4;4;6;9;-1;-1;50;50;-1;-1;2.88;3.1;2.25;1.06;1.4;2.07;4.5;9.5;7;2.75;1.68;1.17;1.04;1.95;1.81;0;0;0;0;1.53;1.29;1.33;3.75;1.91;3.1;3.2;2.2;2.88;0;0;0;0;0;0;0;0;0;0;0;0;0;0;0;2.4;7.5;1.83;0;0;1.57;3.34;8.4;0;2.29;1.26;1.04;0;1.3;2.5;6.5;19;3.2;1.44;1.07;1.01;0;0;0;0;1;0;0;0;1;1;0;2022-03-19 11:30:00;96;0;44;23;27;0;1;-1;0;2;2;0;2;2;-1;-1;-1;-1;-1;-1;1;50;52;107;120;0.89;1.31;2.2;-1;-1;-1;-1;-1;-1;-1;1;0;0;0;1;-1;-1;-1;-1;-1;-1;-1;-1;-1;-1;-1;22;28;39;68;89;34;68;79;43;9.66;0;2.93;2.59;Ararat;Alashkert;1.5;1.63;2;1.75;1.9;1.56;79;73;62;33;12;41;35;29;1.37;1.26;2.63;6151;32;Y;N;N;N;N;N;N
1310645;96;686877;2021/2022;complete;72201;25;-1;10,30,53;;3;0;3;3;2;5;-1;-1;1;0;1;0;8;7;4;5;12;12;-1;-1;50;50;2;0;1.47;4;6;1.05;1.3;2.07;3.32;6.05;10;3.2;1.68;1.28;1.09;2.1;1.65;0;0;0;0;1.11;1.2;2.25;2;2.15;6.25;1.78;2.6;5.75;0;0;0;0;0;0;0;0;0;0;0;0;0;0;0;1.34;10.75;3.05;0;0;1.41;2.95;7.3;0;2.79;1.37;1.06;0;1.25;2.2;4.8;14;3.6;1.6;1.14;1.02;0;0;0;0;3;2;0;1;0;1;2;2022-04-06 11:00:00;96;0;37;6;21;0;1;1;3;0;0;2;3;2;2;0;0;0;2;0;1;35;52;80;102;1.57;1.63;3.2;0;0;0;0;0;0;1;1;1;0;2;0;0;0;-1;-1;-1;-1;-1;-1;-1;-1;-1;11;11;42;75;85;16;59;80;42;7.16;0;3.76;2.22;Alashkert;Noravank;1.56;0.38;1.4;0.22;1.55;0.67;90;90;58;26;16;59;37;27;1.15;0.9;2.05;6151;32;Y;Y;Y;N;N;N;N
1310646;671669;885;2021/2022;complete;72201;25;-1;1,62,90;43,76;3;2;5;1;4;5;-1;-1;5;1;0;0;5;3;3;6;8;9;17;14;50;50;5;1;7.18;3.77;1.46;1.01;1.25;1.9;3.15;6;9.5;3.45;1.8;1.27;1.07;2.05;1.69;0;0;0;0;2.48;1.23;1.09;5.9;2.34;2.02;5.65;2.75;1.81;0;0;0;0;0;0;0;0;0;0;0;0;0;0;0;3.2;9.5;1.35;0;0;1.43;2.92;6.8;15;2.59;1.32;1.07;1.02;1.22;2.1;4.4;12;3.8;1.66;1.17;1.02;0;0;0;0;5;1;1;2;1;3;2;2022-04-06 14:00:00;671669;0;43;14;20;0;1;1;0;4;1;0;4;1;2;1;3;0;3;3;1;36;61;94;126;1.13;1.23;2.36;0;1;0;1;0;0;1;1;1;0;0;0;0;0;-1;-1;-1;-1;-1;-1;-1;-1;-1;14;24;38;71;100;19;76;85;38;7.32;0;3.6;2.62;BKMA;Ararat;0.69;1.38;0.64;1.8;0.48;1.81;86;77;63;29;0;57;42;28;0.82;1.28;2.1;6151;32;Y;Y;Y;Y;Y;N;Y
1310648;1362;884;2021/2022;complete;72201;25;-1;30;34;1;1;2;10;0;10;1;3;0;0;0;0;6;4;5;3;11;7;21;12;50;50;0;0;1.66;3.61;5.42;1.06;1.38;2.2;4.05;8.75;8.75;2.75;1.65;1.21;1.06;2.15;1.62;0;0;0;0;1.11;1.25;2;2.3;2;5.5;2.07;2.36;5.2;0;0;0;0;0;0;0;0;0;0;0;0;0;0;0;1.5;8.75;3.4;0;0;1.5;3.32;8.5;0;2.4;1.29;1.04;0;1.31;2.5;5.5;17;3.2;1.48;1.11;1.01;0;0;0;0;2;1;1;0;0;0;2;2022-04-08 14:00:00;-1;0;53;16;22;0;1;-1;4;0;6;0;4;6;0;0;0;0;0;0;1;76;24;100;75;1.66;0.9;2.57;-1;-1;-1;-1;-1;-1;-1;1;0;0;1;0;-1;-1;-1;-1;-1;-1;-1;-1;-1;-1;-1;16;16;59;85;90;27;58;85;64;13.62;0;3.17;2.76;FC Avan Academy;Banants;2.13;1.19;2.44;1.2;2.41;1.25;84;84;41;16;11;37;37;32;1.53;1.17;2.7;6151;32;Y;Y;N;N;N;N;Y
1310649;1360;671668;2021/2022;complete;72201;25;-1;;;0;0;0;6;2;8;-1;-1;-1;-1;-1;-1;0;2;5;1;5;3;-1;-1;50;50;-1;-1;1.8;3.1;4.25;1.07;1.47;2.3;4.45;10.25;8;2.61;1.53;1.17;1.05;2.25;1.57;0;0;0;0;1.11;1.25;2;2.25;1.95;5.25;2.08;2.33;5.3;0;0;0;0;0;0;0;0;0;0;0;0;0;0;0;1.5;7.75;3;0;0;1.51;3.4;9;17;2.4;1.28;1.03;1.01;1.33;2.55;5.9;20;3.1;1.46;1.1;1.01;0;0;0;0;0;0;0;0;0;0;0;2022-04-07 11:00:00;-1;0;24;15;9;0;1;-1;4;2;2;0;6;2;-1;-1;-1;-1;-1;-1;1;56;27;115;67;0.74;0.54;1.27;0;0;0;0;0;0;1;1;0;0;1;0;-1;-1;-1;-1;-1;-1;-1;-1;-1;-1;-1;5;9;33;60;100;29;54;85;29;8.33;0;4.34;2.06;Artsakh;Van;1.19;0.44;1.27;0.44;1.23;0.76;96;91;67;40;0;62;50;39;1.16;1.12;2.28;6151;32;N;N;N;N;N;N;N
1310650;686877;671668;2021/2022;complete;72201;26;-1;2,7,25,44,77,80,90;66;7;1;8;2;1;3;-1;-1;3;4;0;0;10;3;2;5;12;8;19;19;53;47;3;4;2.36;2.96;2.96;1.09;1.5;2.45;4.6;10.25;7;2.5;1.5;1.16;1.04;2.05;1.68;0;0;0;0;1.35;1.39;1.52;3.05;1.83;3.5;2.84;2.21;3.4;0;0;0;0;0;0;0;0;0;0;0;0;0;0;0;1.95;7;2.15;0;0;1.53;3.54;9.2;0;2.38;1.26;1.03;0;1.35;2.62;6.1;20;2.98;1.44;1.09;1.01;0;0;0;0;8;4;0;3;1;4;4;2022-04-12 10:00:00;686877;0;30;14;9;0;1;1;1;0;1;1;1;2;1;2;2;2;3;4;1;45;60;117;115;1.79;1.16;2.95;0;0;0;0;0;0;1;1;2;0;1;0;0;0;-1;-1;-1;-1;-1;-1;-1;-1;-1;0;4;18;63;95;23;66;69;19;6.72;0;4.23;1.79;Noravank;Van;1.38;0.44;1;0.5;0.64;0.77;100;96;83;38;5;55;55;50;0.93;1.06;1.99;6151;32;Y;Y;Y;Y;Y;Y;Y
1310651;884;1360;2021/2022;complete;72201;26;-1;38,52;32,38;2;2;4;3;15;18;1;1;0;1;0;0;3;4;3;2;6;6;10;11;50;50;0;1;2.05;2.83;3.64;1.09;1.5;2.48;4.9;11;7;2.41;1.45;1.15;1.04;2.15;1.63;0;0;0;0;1.27;1.37;1.66;2.8;1.83;4.05;2.52;2.2;4.05;0;0;0;0;0;0;0;0;0;0;0;0;0;0;0;1.76;6.75;2.4;0;0;1.56;3.62;9.9;26;2.3;1.25;1.02;1.01;1.36;2.65;6.5;21;2.94;1.43;1.08;1.01;0;0;0;0;4;1;2;1;0;1;3;2022-04-12 13:00:00;-1;0;47;18;10;0;1;1;1;6;2;9;7;11;0;1;0;0;1;0;1;36;69;83;80;0.86;1.16;2.02;1;1;1;1;0;0;1;1;0;0;0;3;0;0;-1;-1;-1;-1;-1;-1;-1;-1;-1;14;19;33;62;86;23;47;86;29;10.36;0;3.49;2.35;Banants;Artsakh;1.31;1.25;1.3;1.18;1.24;1.22;86;82;68;39;15;58;38;29;1.02;1.08;2.1;6151;32;Y;Y;Y;Y;N;N;Y
1310653;885;882;2021/2022;complete;72201;26;-1;52;12,73;1;2;3;2;3;5;-1;-1;0;2;1;0;5;6;6;7;11;13;-1;-1;46;54;2;2;4;3.15;1.85;1.05;1.44;2.26;4.24;8.2;7.3;2.69;1.57;1.18;1.04;2.1;1.66;0;0;0;0;1.88;1.31;1.22;4.8;1.86;2.45;4.4;2.32;2.27;0;0;0;0;0;0;0;0;0;0;0;0;0;0;0;2.65;7.5;1.6;0;0;1.5;3.32;8.1;0;2.4;1.29;1.04;0;1.31;2.5;5.3;17;3.2;1.48;1.12;1.01;0;0;0;0;3;0;1;1;1;2;1;2022-04-11 14:00:00;882;0;46;17;34;0;1;1;1;2;1;1;3;2;0;1;1;1;1;2;1;43;36;96;84;1.36;1.5;2.87;0;0;0;0;0;0;1;1;0;0;0;0;0;0;-1;-1;-1;-1;-1;-1;-1;-1;-1;18;21;41;62;96;25;66;75;47;9.33;0;4.22;2.51;Ararat;Pyunik;1.5;2.44;1.82;2.62;1.73;2.32;83;79;59;38;5;59;50;41;1.32;1.17;2.49;6151;32;Y;Y;Y;N;N;N;Y
1310654;96;671669;2021/2022;complete;72201;26;-1;2,79,90;51;3;1;4;7;1;8;-1;-1;2;0;1;0;10;7;2;2;12;9;-1;-1;100;0;3;0;1.19;5.3;11.5;1.03;1.33;2;3.56;7.2;8.8;2.98;1.72;1.24;1.06;2.6;1.44;0;0;0;0;1.06;1.18;3.25;1.83;2.25;8;1.65;2.65;7.5;0;0;0;0;0;0;0;0;0;0;0;0;0;0;0;1.29;10.5;4;0;0;1.43;2.98;7.4;15;2.65;1.35;1.06;1.02;1.25;2.29;4.9;15;3.6;1.56;1.14;1.02;0;0;0;0;4;1;0;2;1;3;1;2022-04-11 11:00:00;96;0;39;0;34;0;1;1;4;0;3;1;4;4;0;0;3;0;0;3;1;51;30;108;78;1.83;1.28;3.11;0;1;0;1;0;0;1;1;1;0;0;0;0;0;-1;-1;-1;-1;-1;-1;-1;-1;-1;20;20;48;67;86;19;53;82;53;6.85;0;4.69;2.4;Alashkert;BKMA;1.56;0.44;1.55;0.3;1.62;0.59;81;81;53;33;14;53;39;29;1.19;0.73;1.92;6151;32;Y;Y;Y;Y;N;N;Y
1310655;671669;686877;2021/2022;complete;72201;27;-1;;10;0;1;1;4;4;8;-1;-1;-1;-1;-1;-1;4;5;3;4;7;9;-1;-1;50;50;-1;-1;3.2;3.18;2.2;1.04;1.28;2.07;3.3;6.5;10.5;3.3;1.79;1.28;1.1;1.8;1.9;0;0;0;0;1.72;1.32;1.29;3.2;2.2;2.88;3.76;2.47;2.4;0;0;0;0;0;0;0;0;0;0;0;0;0;0;0;2.1;10.25;1.8;0;0;1.43;3.02;7.7;15;2.73;1.36;1.05;1.02;1.26;2.25;5;13;3.5;1.57;1.13;1.02;0;0;0;0;1;0;1;0;0;0;1;2022-04-16 14:00:00;686877;0;45;18;19;0;1;-1;4;1;0;3;5;3;-1;-1;-1;-1;-1;-1;1;33;45;88;88;0.97;1.25;2.22;-1;-1;-1;-1;-1;-1;-1;1;0;1;0;0;-1;-1;-1;-1;-1;-1;-1;-1;-1;-1;-1;18;22;50;87;95;32;77;95;41;6.07;0;4.01;2.71;BKMA;Noravank;0.69;0.38;0.83;0.2;0.57;0.74;83;79;50;14;5;59;49;32;0.84;0.97;1.81;6151;32;Y;N;N;N;N;N;N
1310656;882;96;2021/2022;complete;72201;27;-1;35,55,65;;3;0;3;1;0;1;-1;-1;-1;-1;-1;-1;6;2;3;5;9;7;-1;-1;50;50;-1;-1;1.57;3.75;4.75;1.07;1.44;2.45;4.45;7.15;8.1;2.55;1.49;1.16;1.06;2.15;1.62;0;0;0;0;1.28;1.24;1.9;2.25;2.1;5.5;2.22;2.29;4.7;0;0;0;0;0;0;0;0;0;0;0;0;0;0;0;1.44;6.75;3.4;0;0;1.52;3.4;8.9;0;2.39;1.28;1.03;0;1.33;2.53;5.8;19;3.1;1.47;1.1;1.01;0;0;0;0;3;1;0;2;0;2;1;2022-04-15 14:00:00;882;0;32;21;11;0;1;-1;1;0;0;0;1;0;-1;-1;-1;-1;-1;-1;1;41;32;107;82;1.3;0.82;2.12;-1;-1;-1;-1;-1;-1;-1;1;0;0;0;0;-1;-1;-1;-1;-1;-1;-1;-1;-1;-1;-1;11;16;26;64;95;32;64;90;16;10.34;0;3.17;2.27;Pyunik;Alashkert;2.25;1.63;1.89;1.7;2.35;1.68;90;85;74;37;5;33;28;28;1.07;1.27;2.34;6151;32;Y;Y;Y;N;N;N;N
1310657;1362;885;2021/2022;complete;72201;27;-1;27,51,70;42;3;1;4;4;6;10;-1;-1;-1;-1;-1;-1;7;9;4;3;11;12;-1;-1;58;42;-1;-1;1.59;3.95;4.6;1.03;1.22;1.87;2.8;4.83;13.25;3.74;1.97;1.37;1.15;1.83;1.87;0;0;0;0;1.14;1.22;2.45;2.1;2.3;5;1.83;2.74;5.3;0;0;0;0;0;0;0;0;0;0;0;0;0;0;0;1.4;10.75;3.2;0;0;1.33;2.56;5.8;15;3.1;1.46;1.1;1.02;1.18;1.96;3.8;10;4.3;1.77;1.22;1.03;0;0;0;0;4;1;1;2;0;2;2;2022-04-15 11:00:00;1362;0;53;24;33;0;1;-1;4;1;0;5;5;5;-1;-1;-1;-1;-1;-1;1;46;38;91;81;1.52;1.66;3.19;-1;-1;-1;-1;-1;-1;-1;1;0;0;0;0;-1;-1;-1;-1;-1;-1;-1;-1;-1;-1;-1;19;24;53;77;95;29;67;77;58;12.85;0;3.86;2.92;FC Avan Academy;Ararat;2.13;1.38;2.3;1.64;2.35;1.65;81;77;47;23;5;48;34;29;1.54;1.27;2.81;6151;32;Y;Y;Y;Y;N;N;Y
1310659;671668;884;2021/2022;complete;72201;27;-1;;49,52,81;0;3;3;5;4;9;-1;-1;-1;-1;-1;-1;6;9;6;3;12;12;-1;-1;50;50;-1;-1;4.16;2.93;1.96;1.1;1.5;2.23;5.25;13;6.5;2.4;1.58;1.14;1.03;2.2;1.58;0;0;0;0;1.75;1.36;1.23;4;1.95;2.75;4.45;2.16;2.44;0;0;0;0;0;0;0;0;0;0;0;0;0;0;0;2.63;6.5;1.67;0;0;1.57;3.62;9.8;0;2.18;1.25;1.02;0;1.37;2.73;6.4;23;2.89;1.41;1.08;1.01;0;0;0;0;3;0;0;0;3;3;0;2022-04-16 11:00:00;884;0;53;13;13;0;1;-1;1;2;4;2;3;6;-1;-1;-1;-1;-1;-1;1;37;41;82;100;1.45;1.69;3.14;-1;-1;-1;-1;-1;-1;-1;1;0;0;0;0;-1;-1;-1;-1;-1;-1;-1;-1;-1;-1;-1;5;9;35;79;96;26;61;78;48;8.99;0;3.45;2.22;Van;Banants;1.13;1.19;1;1.18;0.74;1.23;96;92;66;22;5;39;35;22;0.87;1.15;2.02;6151;32;Y;Y;Y;N;N;N;N
1310660;686877;884;2021/2022;complete;72201;28;-1;51,58,84;25,62;3;2;5;4;7;11;-1;-1;0;1;0;0;5;4;7;3;12;7;-1;-1;39;61;0;1;3.6;3;2;1.05;1.44;2.3;4.1;7.55;7.5;2.83;1.53;1.19;1.06;1.99;1.75;0;0;0;0;1.73;1.3;1.24;4.5;2;2.66;4.05;2.32;2.38;0;0;0;0;0;0;0;0;0;0;0;0;0;0;0;2.58;7.5;1.74;0;0;1.48;3.26;8.5;17;2.5;1.3;1.04;1.01;1.3;2.42;5.3;18;3.26;1.51;1.12;1.01;0;0;0;0;5;0;1;3;1;4;1;2022-04-20 11:00:00;686877;0;52;16;16;0;1;1;4;1;0;6;5;6;0;1;0;0;1;0;1;48;45;73;89;1.45;1.06;2.51;0;0;0;0;0;0;1;1;0;0;1;1;0;0;-1;-1;-1;-1;-1;-1;-1;-1;-1;8;12;37;80;96;28;75;72;37;7.68;0;3.48;2.44;Noravank;Banants;1.38;1.19;1.15;1.33;0.83;1.3;92;89;64;20;4;44;40;32;0.99;1.19;2.18;6151;32;Y;Y;Y;Y;Y;N;Y
1310662;1360;885;2021/2022;complete;72201;28;-1;;;0;0;0;5;2;7;-1;-1;0;3;0;0;3;5;3;1;6;6;-1;-1;50;50;0;3;2.16;3.02;2.85;1.06;1.37;2.2;3.9;8.25;8.75;2.8;1.6;1.22;1.07;1.83;1.86;0;0;0;0;1.35;1.32;1.52;2.9;1.95;3.35;2.67;2.4;3.36;0;0;0;0;0;0;0;0;0;0;0;0;0;0;0;1.86;8.5;2.1;0;0;1.47;3.24;8;23;2.58;1.32;1.05;1.01;1.28;2.3;5.3;15;3.3;1.54;1.12;1.01;0;0;0;0;0;0;0;0;0;0;0;2022-04-19 11:00:00;-1;0;42;21;25;0;1;1;2;2;3;0;4;3;0;2;0;1;2;1;1;67;22;100;85;1.08;0.9;1.98;0;0;0;0;0;0;1;1;0;0;2;0;0;0;-1;-1;-1;-1;-1;-1;-1;-1;-1;13;25;46;63;96;29;67;79;42;9.08;0;4.67;2.54;Artsakh;Ararat;1.19;1.38;1.25;1.5;1.21;1.58;88;75;54;38;4;50;28;19;1.12;1.31;2.43;6151;32;N;N;N;N;N;N;N
1310663;1362;96;2021/2022;complete;72201;28;-1;83;90;1;1;2;6;5;11;-1;-1;2;1;0;0;6;5;2;5;8;10;-1;-1;51;49;2;1;1.78;3.15;4.15;1.07;1.43;2.35;4.5;10.25;7.75;2.55;1.5;1.17;1.04;2.05;1.66;0;0;0;0;1.21;1.31;1.8;2.55;1.9;4.25;2.19;2.4;4.6;0;0;0;0;0;0;0;0;0;0;0;0;0;0;0;1.64;7.75;2.55;0;0;1.55;3.2;8.8;26;2.44;1.3;1.03;1.01;1.31;2.44;5.8;19;3.1;1.49;1.1;1.01;0;0;0;0;2;0;0;1;1;2;0;2022-04-19 15:00:00;-1;0;46;27;18;0;1;1;4;4;2;1;8;3;0;1;2;0;1;2;1;58;48;112;103;1.36;1.34;2.69;0;0;0;0;0;0;1;1;0;0;1;2;0;0;-1;-1;-1;-1;-1;-1;-1;-1;-1;14;23;55;78;91;36;64;87;50;12.1;0;3.46;2.68;FC Avan Academy;Alashkert;2.13;1.63;2.36;1.55;2.38;1.61;87;78;46;23;9;38;33;23;1.54;1.22;2.76;6151;32;Y;Y;N;N;N;N;Y
1310664;882;671669;2021/2022;complete;72201;28;-1;24;;1;0;1;6;0;6;-1;-1;0;2;0;0;5;0;5;4;10;4;-1;-1;59;41;0;2;1.15;6.6;17;1.02;1.26;1.8;2.98;5.5;12;3.4;1.86;1.33;1.11;2.66;1.43;0;0;0;0;1;1.12;3.74;1.7;2.44;9.9;1.49;3.06;9.8;0;0;0;0;0;0;0;0;0;0;0;0;0;0;0;1.23;9.5;5.55;0;0;1.37;2.69;6.3;12;2.89;1.42;1.08;1.03;1.2;2.03;4.1;12;4;1.72;1.19;1.02;0;0;0;0;1;1;0;0;0;0;1;2022-04-20 15:00:00;882;0;43;10;33;0;1;1;4;0;2;0;4;2;0;1;0;1;1;1;1;60;16;123;79;1.43;0.38;1.81;0;0;0;0;0;0;1;1;0;0;1;0;0;0;-1;-1;-1;-1;-1;-1;-1;-1;-1;19;23;43;72;96;24;63;91;47;8.39;0;4.45;2.66;Pyunik;BKMA;2.25;0.44;2;0.27;2.38;0.54;82;77;58;29;5;48;43;38;1.09;0.78;1.87;6151;32;Y;N;N;N;N;N;N
1310665;882;686877;2021/2022;complete;72201;29;-1;47,60,67;42,80;3;2;5;8;5;13;-1;-1;3;2;0;0;4;3;9;6;13;9;-1;-1;59;41;3;2;1.44;4.14;7.1;1.04;1.29;1.85;3.4;7;10.5;3.2;1.85;1.27;1.09;2.15;1.6;0;0;0;0;1.09;1.22;2.55;1.99;2.25;7.5;1.82;2.6;6.9;0;0;0;0;0;0;0;0;0;0;0;0;0;0;0;1.37;10.25;3.4;0;0;1.42;3;7.2;15;2.76;1.36;1.06;1.02;1.24;2.17;4.8;14;3.6;1.61;1.15;1.02;0;0;0;0;5;0;1;3;1;4;1;2022-04-25 15:00:00;882;0;32;14;14;0;1;1;3;4;5;1;7;6;0;2;3;0;2;3;1;42;34;74;77;1.4;1.03;2.43;0;0;0;0;0;0;1;1;0;0;0;1;0;0;-1;-1;-1;-1;-1;-1;-1;-1;-1;9;9;36;73;96;27;73;82;27;8.81;0;3.51;2.36;Pyunik;Noravank;2.25;0.38;2.09;0.45;2.4;0.92;91;91;64;27;5;46;36;32;1.12;1;2.12;6151;32;Y;Y;Y;Y;Y;N;Y
1310666;671669;1362;2021/2022;complete;72201;29;-1;;58;0;1;1;2;7;9;-1;-1;1;0;0;0;0;3;4;4;4;7;-1;-1;41;59;1;0;10.5;4.75;1.25;1.03;1.2;1.73;2.7;5.25;14;4.05;2;1.39;1.14;2.15;1.6;0;0;0;0;3.3;1.15;1.04;9.9;2.55;1.72;9.3;2.85;1.62;0;0;0;0;0;0;0;0;0;0;0;0;0;0;0;4.1;13;1.25;0;0;1.34;2.58;5.7;12;3.14;1.47;1.1;1.03;1.18;1.9;3.8;10;4.3;1.81;1.23;1.03;0;0;0;0;1;0;0;0;1;1;0;2022-04-25 11:00:00;1362;0;35;16;12;0;1;1;1;4;1;3;5;4;1;0;0;0;1;0;1;36;54;94;106;0.53;1.05;1.58;0;0;0;0;0;0;1;1;0;0;0;2;0;0;-1;-1;-1;-1;-1;-1;-1;-1;-1;16;20;46;70;96;27;74;85;38;9.52;0;3.66;2.46;BKMA;FC Avan Academy;0.69;2.5;0.77;2.38;0.52;2.32;85;81;54;31;4;56;56;45;0.85;1.32;2.17;6151;32;Y;N;N;N;N;N;N
1310667;96;1360;2021/2022;complete;72201;29;-1;;45,77;0;2;2;5;2;7;-1;-1;-1;-1;-1;-1;5;6;7;9;12;15;-1;-1;50;50;-1;-1;2.11;3;3.7;1.08;1.48;2.43;4.3;8;6.5;2.45;1.5;1.18;1.05;2.15;1.62;0;0;0;0;1.15;1.3;1.9;2.62;1.92;5.85;2.27;2.3;5;0;0;0;0;0;0;0;0;0;0;0;0;0;0;0;1.66;7.25;2.55;0;0;1.54;3.44;7.8;0;2.46;1.25;1.05;0;1.3;2.5;6;19;3.2;1.44;1.08;1.01;0;0;0;0;2;0;1;0;1;1;1;2022-04-23 11:00:00;1360;0;54;21;17;0;1;-1;3;1;2;1;4;3;-1;-1;-1;-1;-1;-1;1;45;41;81;59;1.43;1.65;3.09;-1;-1;-1;-1;-1;-1;-1;1;0;0;1;1;-1;-1;-1;-1;-1;-1;-1;-1;-1;-1;-1;13;25;50;71;88;34;63;84;34;10;0;4.25;2.67;Alashkert;Artsakh;1.56;1.25;1.67;1.17;1.58;1.2;88;75;50;29;13;46;38;25;1.24;1.09;2.33;6151;32;Y;Y;N;N;N;N;N
1310668;885;671668;2021/2022;complete;72201;29;-1;73;78;1;1;2;9;5;14;-1;-1;-1;-1;-1;-1;3;3;4;2;7;5;-1;-1;50;50;-1;-1;1.77;3.25;4.3;1.05;1.38;2.5;4.04;7.9;8;2.8;1.48;1.2;1.05;2.03;1.75;0;0;0;0;1.16;1.27;1.93;2.47;2.02;5.6;2.2;2.4;4.84;0;0;0;0;0;0;0;0;0;0;0;0;0;0;0;1.54;9.25;2.7;0;0;1.52;3.34;8.5;0;2.39;1.28;1.04;0;1.29;2.3;5.5;17;3.24;1.5;1.08;1.01;0;0;0;0;2;0;0;1;1;2;0;2022-04-23 15:00:00;-1;0;34;13;26;0;1;-1;3;1;6;4;4;10;-1;-1;-1;-1;-1;-1;1;54;52;68;67;1.04;0.9;1.95;-1;-1;-1;-1;-1;-1;-1;1;0;0;0;0;-1;-1;-1;-1;-1;-1;-1;-1;-1;-1;-1;17;17;30;57;92;26;52;74;43;7.82;0;3.4;2.38;Ararat;Van;1.5;0.44;1.67;0.45;1.56;0.71;83;83;70;44;9;50;50;41;1.33;1.07;2.4;6151;32;Y;Y;N;N;N;N;Y
1310671;884;885;2021/2022;complete;72201;30;-1;72;41,77;1;2;3;3;3;6;-1;-1;-1;-1;-1;-1;7;3;3;2;10;5;-1;-1;58;42;-1;-1;2.16;2.91;3.4;1.08;1.4;2.31;4.1;7.5;7.05;2.68;1.55;1.19;1.06;2.03;1.72;0;0;0;0;1.2;1.3;1.81;2.57;1.97;4.95;2.3;2.32;4.3;0;0;0;0;0;0;0;0;0;0;0;0;0;0;0;1.68;7.1;2.76;0;0;1.5;3.26;8.6;15;2.45;1.3;1.04;1.02;1.31;2.42;5.6;18;3.2;1.51;1.11;1.01;0;0;0;0;3;0;1;1;1;2;1;2022-04-28 15:30:00;885;0;37;16;20;0;1;-1;1;2;2;1;3;3;-1;-1;-1;-1;-1;-1;1;58;45;110;92;1.55;0.86;2.41;-1;-1;-1;-1;-1;-1;-1;1;0;0;1;0;-1;-1;-1;-1;-1;-1;-1;-1;-1;-1;-1;12;25;33;59;87;16;53;76;37;9.2;0;2.63;2.27;Banants;Ararat;1.31;1.38;1.27;1.46;1.25;1.54;88;76;68;42;13;60;30;26;1.01;1.28;2.29;6151;32;Y;Y;Y;N;N;N;Y
1310672;671668;96;2021/2022;complete;72201;30;-1;;10;0;1;1;5;2;7;-1;-1;1;0;0;0;0;3;6;2;6;5;-1;-1;62;38;1;0;4.05;3.05;1.9;1.1;1.52;2.48;4.7;10;5.8;2.37;1.45;1.15;1.03;2.08;1.67;0;0;0;0;1.78;1.35;1.17;5.5;1.87;2.77;4.84;2.17;2.47;0;0;0;0;0;0;0;0;0;0;0;0;0;0;0;2.65;6.75;1.66;0;0;1.59;3.5;8.4;0;2.34;1.25;1.04;0;1.33;2.7;7;23;3;1.36;1.06;1.01;0;0;0;0;1;0;1;0;0;0;1;2022-04-28 11:00:00;96;0;40;13;16;0;1;1;2;0;3;2;2;5;0;0;1;0;0;1;1;38;23;83;74;0.66;0.7;1.37;0;0;0;0;0;0;1;1;0;1;2;0;0;0;-1;-1;-1;-1;-1;-1;-1;-1;-1;4;13;36;72;96;24;56;89;44;8.33;0;4.07;2.2;Van;Alashkert;1.13;1.63;0.92;1.5;0.72;1.52;96;88;65;28;4;37;25;21;0.91;1.23;2.14;6151;32;Y;N;N;N;N;N;N
1310673;1360;671669;2021/2022;complete;72201;30;-1;32;88;1;1;2;-1;-1;-1;-1;-1;-1;-1;-1;-1;-1;-1;-1;-1;-1;-1;-1;-1;-1;-1;-1;-1;1.45;4.2;6.6;1.03;1.27;1.86;3.15;6.25;12;3.4;1.92;1.3;1.11;2.1;1.64;0;0;0;0;1.08;1.19;2.75;1.91;2.29;7.2;1.7;2.73;6.9;0;0;0;0;0;0;0;0;0;0;0;0;0;0;0;1.35;11;3.45;0;0;1.38;2.81;6.5;15;2.85;1.39;1.08;1.02;1.2;2.11;4.5;12;3.74;1.66;1.12;1.02;0;0;0;0;2;1;0;0;1;1;1;2022-04-30 11:00:00;-1;0;41;8;33;0;-1;-1;-1;-1;-1;-1;-1;-1;-1;-1;-1;-1;-1;-1;-1;0;0;0;0;0;0;0;-1;-1;-1;-1;-1;-1;-1;1;0;0;-1;-1;-1;-1;-1;-1;-1;-1;-1;-1;-1;-1;-1;17;24;48;61;89;24;56;80;49;7.38;0;5.07;2.38;Artsakh;BKMA;1.19;0.44;1.23;0.25;1.27;0.5;84;76;52;40;12;48;35;26;1.11;0.74;1.85;6151;32;Y;Y;N;N;N;N;Y
1310674;1362;882;2021/2022;complete;72201;30;-1;82;63;1;1;2;4;6;10;-1;-1;-1;-1;-1;-1;2;2;7;3;9;5;-1;-1;50;50;-1;-1;2.12;3.05;3.6;1.06;1.4;2.2;4.5;9.5;7;2.75;1.62;1.17;1.04;1.95;1.75;0;0;0;0;1.29;1.3;1.57;2.9;1.91;4.16;2.62;2.2;3.72;0;0;0;0;0;0;0;0;0;0;0;0;0;0;0;1.8;9;2.2;0;0;1.54;3.34;7.8;17;2.46;1.26;1.05;1.01;1.3;2.5;6;19;3.2;1.44;1.07;1.01;0;0;0;0;2;0;0;1;1;2;0;2022-04-29 16:00:00;-1;0;59;24;35;0;1;-1;2;3;2;3;5;5;-1;-1;-1;-1;-1;-1;1;55;45;93;80;1.11;0.79;1.9;-1;-1;-1;-1;-1;-1;-1;1;0;0;2;0;-1;-1;-1;-1;-1;-1;-1;-1;-1;-1;-1;12;20;59;82;96;32;69;81;59;12.52;0;4.68;2.76;FC Avan Academy;Pyunik;2.13;2.44;2.25;2.64;2.35;2.42;88;81;42;19;4;60;52;40;1.53;1.2;2.73;6151;32;Y;Y;N;N;N;N;Y
1310675;1362;686877;2021/2022;complete;72201;31;-1;26,71;;2;0;2;4;0;4;-1;-1;1;2;0;0;8;2;4;3;12;5;-1;-1;50;50;1;2;1.32;4.33;7.83;1.03;1.25;1.83;2.95;6;13;3.6;1.9;1.33;1.11;2.2;1.64;0;0;0;0;1.04;1.15;3.04;1.85;2.36;7.8;1.66;2.83;7.9;0;0;0;0;0;0;0;0;0;0;0;0;0;0;0;1.32;13;3.6;0;0;1.36;2.69;6.4;15;2.94;1.42;1.08;1.02;1.21;2.05;4.2;12;3.9;1.7;1.19;1.02;0;0;0;0;2;1;0;1;0;1;1;2022-05-03 15:30:00;1362;0;56;20;32;0;1;1;1;0;3;0;1;3;0;0;1;2;0;3;1;70;60;134;145;1.83;0.91;2.75;1;0;1;0;0;0;1;1;0;0;0;0;0;0;-1;-1;-1;-1;-1;-1;-1;-1;-1;16;20;56;88;92;32;65;84;60;11.12;0;3.99;2.79;FC Avan Academy;Noravank;2.13;0.38;2.15;0.42;2.3;0.88;84;80;44;13;8;60;52;36;1.49;1;2.49;6151;32;Y;Y;N;N;N;N;N
1310676;882;1360;2021/2022;complete;72201;31;-1;20,76;84;2;1;3;6;5;11;-1;-1;-1;-1;-1;-1;5;5;2;2;7;7;-1;-1;43;57;-1;-1;1.71;3.31;4.38;1.08;1.43;2.18;4.25;7.85;7.25;2.61;1.61;1.18;1.05;2.25;1.58;0;0;0;0;1.13;1.27;2.09;2.3;2.02;5.75;2;2.35;5.25;0;0;0;0;0;0;0;0;0;0;0;0;0;0;0;1.53;7.1;3.3;0;0;1.52;3.36;8.5;0;2.52;1.29;1.04;0;1.32;2.5;5.7;19;3.14;1.48;1.11;1.01;0;0;0;0;3;1;0;1;1;2;1;2022-05-05 15:30:00;882;0;51;28;13;0;1;-1;4;1;2;4;5;6;-1;-1;-1;-1;-1;-1;1;64;61;95;127;1.26;1.25;2.51;-1;-1;-1;-1;-1;-1;-1;1;0;0;0;0;-1;-1;-1;-1;-1;-1;-1;-1;-1;-1;-1;16;24;40;72;96;36;72;88;24;11.43;0;4.26;2.79;Pyunik;Artsakh;2.25;1.25;2.17;1.31;2.37;1.26;84;76;61;28;4;44;44;37;1.15;1.13;2.28;6151;32;Y;Y;Y;N;N;N;Y
1310677;671669;671668;2021/2022;complete;72201;31;-1;30;90;1;1;2;5;3;8;-1;-1;-1;-1;-1;-1;4;2;3;3;7;5;-1;-1;50;50;-1;-1;3.45;3.1;2.05;1.04;1.4;2.27;4.2;8.5;9;2.68;1.57;1.18;1.05;1.97;1.76;0;0;0;0;1.64;1.31;1.28;4.2;1.98;2.82;3.76;2.29;2.52;0;0;0;0;0;0;0;0;0;0;0;0;0;0;0;2.44;7.3;1.82;0;0;1.49;3.26;7.8;17;2.47;1.3;1.05;1.01;1.31;2.45;5.4;18;3.2;1.5;1.12;1.01;0;0;0;0;2;1;0;0;1;1;1;2022-05-05 12:00:00;-1;0;34;15;16;0;1;-1;0;0;5;3;0;8;-1;-1;-1;-1;-1;-1;1;43;39;85;87;1.04;0.75;1.79;0;0;0;0;0;0;1;1;0;0;0;0;-1;-1;-1;-1;-1;-1;-1;-1;-1;-1;-1;15;19;30;65;96;27;61;84;35;6.38;0;3.78;2.36;BKMA;Van;0.69;0.44;0.71;0.5;0.52;0.69;86;82;70;36;4;58;54;40;0.83;1.05;1.88;6151;32;Y;Y;N;N;N;N;Y
1310678;96;884;2021/2022;complete;72201;31;-1;77;44;1;1;2;4;1;5;-1;-1;1;2;0;0;4;5;4;2;8;7;-1;-1;49;51;1;2;2.15;2.9;3.65;1.05;1.45;2.35;4.5;8.5;6.75;2.52;1.5;1.16;1.01;2.07;1.69;0;0;0;0;1.25;1.35;1.63;2.92;1.87;4.68;2.54;2.22;4.06;0;0;0;0;0;0;0;0;0;0;0;0;0;0;0;1.85;6.2;2.52;0;0;1.57;3.48;9.2;0;2.28;1.27;1.03;0;1.34;2.53;6.1;21;3.04;1.47;1.09;1.01;0;0;0;0;2;0;1;1;0;1;1;2022-05-03 12:00:00;-1;0;43;8;19;0;1;1;3;1;1;0;4;1;0;1;1;1;1;2;1;49;20;82;68;1.14;0.94;2.09;0;0;0;0;0;0;1;1;0;0;0;0;0;0;-1;-1;-1;-1;-1;-1;-1;-1;-1;12;15;46;77;89;19;62;77;46;8.92;0;2.44;2.39;Alashkert;Banants;1.56;1.19;1.54;1.23;1.58;1.2;89;85;54;23;12;42;31;19;1.26;1.18;2.44;6151;32;Y;Y;N;N;N;N;Y
1310680;686877;885;2021/2022;complete;72201;23;-1;;33;0;1;1;4;7;11;-1;-1;3;3;0;0;2;6;2;2;4;8;-1;-1;50;50;3;3;3.25;3.2;2;1.05;1.32;2.02;3.44;6.5;9.25;3;1.67;1.25;1.08;1.85;1.85;0;0;0;0;1.6;1.25;1.3;3.6;2.05;2.88;3.4;2.45;2.4;0;0;0;0;0;0;0;0;0;0;0;0;0;0;0;2.4;8.1;1.73;0;0;1.48;2.9;6.85;0;2.46;1.34;1.07;0;1.27;2.3;5.1;14;3.4;1.56;1.13;1.02;0;0;0;0;1;0;1;0;0;0;1;2022-03-15 11:00:00;885;0;47;11;27;0;1;1;3;3;1;4;6;5;1;1;2;2;2;4;1;31;43;103;110;0.64;1.25;1.89;0;0;0;0;0;0;1;1;0;0;0;0;0;0;-1;-1;-1;-1;-1;-1;-1;-1;-1;6;11;27;74;100;16;79;74;32;7.22;0;4.5;2.34;Noravank;Ararat;1.38;1.38;0.9;1.67;0.58;1.84;95;89;74;27;0;47;31;31;0.94;1.28;2.22;6151;32;Y;N;N;N;N;N;N
1310682;884;671669;2021/2022;complete;72201;32;-1;80;;1;0;1;4;2;6;-1;-1;3;4;0;0;7;2;5;5;12;7;-1;-1;50;50;3;4;1.62;3.7;4.5;1.04;1.34;2.05;3.5;6.5;9.45;3.1;1.75;1.26;1.08;2;1.7;0;0;0;0;1.18;1.25;2.15;2.25;2.1;5;2.01;2.6;4.78;0;0;0;0;0;0;0;0;0;0;0;0;0;0;0;1.43;8.4;3.58;0;0;1.43;2.9;6.85;15;2.42;1.34;1.07;1.02;1.22;2.16;4.54;14;3.74;1.59;1.15;1.02;0;0;0;0;1;0;0;1;0;1;0;2022-05-11 15:30:00;884;0;44;4;32;0;1;1;2;1;2;1;3;3;1;0;2;4;1;6;1;46;40;100;85;1.59;0.88;2.47;0;0;0;0;0;0;1;1;0;0;0;1;1;0;-1;-1;-1;-1;-1;-1;-1;-1;-1;16;24;40;64;88;12;52;84;48;7.5;0;3.28;2.31;Banants;BKMA;1.31;0.44;1.17;0.31;1.19;0.54;85;76;61;37;13;59;38;33;1.05;0.74;1.79;6151;32;Y;N;N;N;N;N;N
1310683;671668;882;2021/2022;complete;72201;23;-1;68;90;1;1;2;5;9;14;-1;-1;1;3;0;1;4;4;2;3;6;7;-1;-1;50;50;1;4;6.95;4.1;1.44;1.04;1.3;2.07;3.24;6.5;9.5;3.2;1.67;1.29;1.08;1.91;1.8;0;0;0;0;2.6;1.11;1.11;6.5;2.3;1.95;5.6;2.39;1.99;0;0;0;0;0;0;0;0;0;0;0;0;0;0;0;4;7.3;1.29;0;0;1.54;3.32;7.4;15;2.35;1.29;1.06;1.02;1.31;2.47;5;13;3.2;1.49;1.12;1.02;0;0;0;0;2;0;0;1;1;2;0;2022-03-16 10:00:00;-1;0;43;14;19;0;1;1;1;7;4;2;8;6;0;2;1;2;2;3;1;35;78;71;102;0.92;1.29;2.21;0;0;0;0;0;0;1;1;0;0;0;2;0;0;-1;-1;-1;-1;-1;-1;-1;-1;-1;5;14;43;72;100;29;76;77;38;8.4;0;5.58;2.33;Van;Pyunik;1.13;2.44;0.8;2.73;0.63;2.35;96;86;58;29;0;55;40;30;0.86;1.17;2.03;6151;32;Y;Y;N;N;N;N;Y
1310684;1360;1362;2021/2022;complete;72201;23;-1;;42,58,75;0;3;3;1;5;6;-1;-1;-1;-1;-1;-1;2;7;1;1;3;8;-1;-1;50;50;-1;-1;4.6;3.2;1.79;1.04;1.36;2.11;3.74;7;9;2.84;1.65;1.22;1.07;2.02;1.73;0;0;0;0;2.01;1.26;1.16;5.45;2.08;2.35;4.8;2.41;2.14;0;0;0;0;0;0;0;0;0;0;0;0;0;0;0;2.8;7.75;1.55;0;0;1.45;3.1;7.3;15;2.61;1.33;1.06;1.02;1.28;2.32;5;15;3.4;1.55;1.11;1.02;0;0;0;0;3;0;1;0;2;2;1;2022-03-14 11:00:00;1362;0;31;16;16;0;1;-1;1;2;0;3;3;3;-1;-1;-1;-1;-1;-1;1;25;50;89;112;0.53;1.37;1.9;-1;-1;-1;-1;-1;-1;-1;1;0;0;0;1;-1;-1;-1;-1;-1;-1;-1;-1;-1;-1;-1;10;16;46;61;96;36;61;81;30;12.15;0;4.45;2.28;Artsakh;FC Avan Academy;1.19;2.5;1.22;2.55;1.26;2.5;90;85;54;39;5;67;54;48;1.24;1.37;2.61;6151;32;Y;Y;Y;N;N;N;N
1310685;1360;686877;2021/2022;complete;72201;33;-1;31,48,80;15,22,29;3;3;6;6;1;7;-1;-1;5;5;0;0;5;5;7;2;12;7;-1;-1;50;50;5;5;1.9;3.35;3.78;1.04;1.32;1.95;3.4;6.15;8.5;3.1;1.76;1.29;1.09;1.85;1.85;0;0;0;0;1.2;1.25;1.8;2.52;2.1;4.46;2.27;2.5;3.98;0;0;0;0;0;0;0;0;0;0;0;0;0;0;0;1.57;8.9;2.75;0;0;1.35;2.81;6.5;17;2.88;1.36;1.08;1.01;1.22;2.11;4.4;14;3.74;1.62;1.16;1.02;0;0;0;0;6;1;3;2;0;2;4;2022-05-16 12:00:00;-1;0;36;11;18;0;1;1;1;0;5;1;1;6;1;1;4;4;2;8;1;56;21;77;75;1.51;0.95;2.46;0;0;0;0;0;0;1;1;0;0;1;0;0;1;-1;-1;-1;-1;-1;-1;-1;-1;-1;11;18;47;72;90;25;68;83;36;8.19;0;4.38;2.36;Artsakh;Noravank;1.19;0.38;1.21;0.36;1.28;0.82;90;83;54;29;11;51;35;27;1.11;0.97;2.08;6151;32;Y;Y;Y;Y;Y;Y;Y
1310686;1362;671668;2021/2022;complete;72201;33;-1;70;;1;0;1;-1;-1;-1;-1;-1;1;0;0;0;-1;-1;-1;-1;-1;-1;-1;-1;-1;-1;1;0;1.68;3.5;4.33;1.04;1.29;1.91;3.2;6;10;3.24;1.83;1.3;1.1;1.83;1.87;0;0;0;0;1.19;1.22;2;2.27;2.1;5.2;2.02;2.5;4.66;0;0;0;0;0;0;0;0;0;0;0;0;0;0;0;1.4;9.5;3.4;0;0;1.43;2.66;6.15;15;2.59;1.38;1.09;1.02;1.22;2;4.5;13;3.74;1.62;1.14;1.02;0;0;0;0;1;0;0;1;0;1;0;2022-05-14 15:00:00;1362;0;45;17;24;0;-1;1;-1;-1;-1;-1;-1;-1;1;0;0;0;1;0;-1;0;0;0;0;0;0;0;0;0;0;0;0;0;1;1;0;0;-1;-1;0;0;-1;-1;-1;-1;-1;-1;-1;-1;-1;10;14;34;76;93;31;55;76;48;10.63;0;3.35;2.44;FC Avan Academy;Van;2.13;0.44;2.07;0.5;2.24;0.68;90;87;67;25;7;59;52;38;1.51;1.02;2.53;6151;32;Y;N;N;N;N;N;N
1310687;882;884;2021/2022;complete;72201;33;-1;35;20;1;1;2;7;3;10;-1;-1;0;2;0;0;4;3;3;2;7;5;-1;-1;50;50;0;2;1.44;4.1;6.55;1.01;1.13;1.5;2.13;4;17;5.4;2.5;1.64;1.21;1.55;2.3;0;0;0;0;1.07;1.19;2.6;1.83;2.5;6;1.75;3;5.1;0;0;0;0;0;0;0;0;0;0;0;0;0;0;0;1.29;13;3.75;0;0;1.33;2.18;4.54;11;3.24;1.58;1.15;1.03;1.12;1.67;3.3;7.5;5.5;2;1.25;1.05;0;0;0;0;2;1;1;0;0;0;2;2022-05-15 15:00:00;-1;0;47;14;18;0;1;1;1;1;6;2;2;8;0;1;0;1;1;1;1;53;45;58;65;1.1;0.85;1.96;0;0;0;0;0;0;1;1;0;0;0;0;0;0;-1;-1;-1;-1;-1;-1;-1;-1;-1;14;14;40;79;97;25;72;79;40;10.42;0;2.5;2.54;Pyunik;Banants;2.25;1.19;2.29;1.21;2.41;1.26;86;86;61;22;4;47;40;32;1.16;1.17;2.33;6151;32;Y;Y;N;N;N;N;Y
1310689;96;885;2021/2022;complete;72201;33;-1;15,17;65;2;1;3;4;7;11;-1;-1;3;2;1;0;4;7;5;5;9;12;-1;-1;50;50;4;2;2.47;3.32;2.67;1.02;1.16;1.7;2.48;4.5;13;4.8;2.05;1.48;1.17;1.44;2.63;0;0;0;0;1.41;1.29;1.48;2.88;2.3;3;2.62;2.62;2.8;0;0;0;0;0;0;0;0;0;0;0;0;0;0;0;1.8;10.5;2.1;0;0;1.36;2.38;5.1;13;3;1.5;1.12;1.02;1.14;1.8;3.6;9;5;1.83;1.22;1.04;0;0;0;0;3;2;0;0;1;1;2;2022-05-15 12:00:00;96;0;43;11;29;0;1;1;1;1;3;6;2;9;2;1;2;1;3;3;1;42;58;61;61;1.15;1.66;2.81;0;1;0;1;0;0;1;1;0;0;0;0;0;0;-1;-1;-1;-1;-1;-1;-1;-1;-1;11;22;43;68;90;18;68;75;43;8.22;0;3.63;2.43;Alashkert;Ararat;1.56;1.38;1.5;1.57;1.56;1.64;90;79;57;33;11;40;21;14;1.25;1.25;2.5;6151;32;Y;Y;Y;N;N;N;Y
1310690;686877;96;2021/2022;complete;72201;34;-1;81;74;1;1;2;2;2;4;-1;-1;2;0;0;0;5;7;3;3;8;10;-1;-1;50;50;2;0;3.75;3.2;1.99;1.07;1.35;2.05;3.6;6.85;8.1;2.86;1.65;1.23;1.07;1.95;1.78;0;0;0;0;1.73;1.29;1.22;4.33;2;2.6;3.9;2.4;2.25;0;0;0;0;0;0;0;0;0;0;0;0;0;0;0;2.45;8.5;1.66;0;0;1.5;3.27;7.8;17;2.42;1.24;1.05;1.01;1.27;2.28;5.2;15;3.4;1.56;1.13;1.02;0;0;0;0;2;0;0;1;1;2;0;2022-05-22 12:45:00;-1;0;43;14;22;0;1;1;0;1;2;1;1;3;1;0;1;0;1;1;1;39;39;75;80;1.14;1.41;2.55;0;0;0;0;0;0;1;1;0;0;0;0;0;0;-1;-1;-1;-1;-1;-1;-1;-1;-1;11;18;33;68;93;25;75;75;29;6.93;0;3.61;2.32;Noravank;Alashkert;1.38;1.63;1.29;1.57;0.83;1.59;90;83;68;32;7;38;34;34;1.03;1.19;2.22;6151;32;Y;Y;N;N;N;N;Y
1310691;885;671669;2021/2022;complete;72201;34;-1;86;53,77;1;2;3;4;3;7;-1;-1;-1;-1;-1;-1;2;3;2;2;4;5;-1;-1;50;50;-1;-1;1.32;5.12;9.14;1.03;1.3;1.6;3.74;7.5;10;3.2;2.2;1.22;1.06;3;1.33;0;0;0;0;1.06;1.08;3.25;1.62;2.5;10;1.45;2.88;11;0;0;0;0;0;0;0;0;0;0;0;0;0;0;0;1.14;15.75;6.5;0;0;1.3;2.5;5.3;12;3.2;1.47;1.11;1.03;1.22;2.2;5;15;3.74;1.57;1.11;1.02;0;0;0;0;3;0;0;1;2;3;0;2022-05-20 15:00:00;671669;0;50;7;43;0;1;-1;0;2;4;1;2;5;-1;-1;-1;-1;-1;-1;1;48;35;159;144;0.77;0.81;1.58;-1;-1;-1;-1;-1;-1;-1;1;0;0;0;2;-1;-1;-1;-1;-1;-1;-1;-1;-1;-1;-1;21;29;43;64;93;18;57;83;61;7.46;0;4.17;2.61;Ararat;BKMA;1.5;0.44;1.71;0.29;1.59;0.52;79;71;57;36;7;50;46;39;1.32;0.75;2.07;6151;32;Y;Y;Y;N;N;N;Y
1310693;884;1362;2021/2022;complete;72201;34;-1;73;14,16;1;2;3;5;6;11;-1;-1;-1;-1;-1;-1;3;8;1;3;4;11;-1;-1;50;50;-1;-1;4.5;3.4;1.67;1.08;1.39;2.08;3.9;7.3;7.2;2.74;1.73;1.2;1.06;2.1;1.65;0;0;0;0;2.1;1.25;1.13;5;2.05;2.3;4.6;2.35;2.1;0;0;0;0;0;0;0;0;0;0;0;0;0;0;0;2.65;7.75;1.62;0;0;1.53;3.2;8.8;0;2.49;1.3;1.03;0;1.31;2.44;5.8;18;3.1;1.49;1.1;1.01;0;0;0;0;3;0;2;1;0;1;2;2022-05-22 12:45:00;1362;0;25;7;11;0;1;-1;3;2;2;4;5;6;-1;-1;-1;-1;-1;-1;1;47;48;99;76;0.82;1.6;2.42;-1;-1;-1;-1;-1;-1;-1;1;0;0;0;0;-1;-1;-1;-1;-1;-1;-1;-1;-1;-1;-1;7;11;36;54;86;14;47;79;33;11.39;0;2.48;1.93;Banants;FC Avan Academy;1.31;2.5;1.29;2.43;1.24;2.27;93;90;64;47;14;62;43;43;1.09;1.3;2.39;6151;32;Y;Y;Y;N;N;N;Y
1310694;671668;1360;2021/2022;complete;72201;34;-1;33;;1;0;1;4;8;12;-1;-1;0;1;0;0;4;2;4;2;8;4;-1;-1;50;50;0;1;2.17;3.4;3.1;1.07;1.39;2.1;3.9;7.3;8.2;2.74;1.67;1.2;1.06;1.95;1.75;0;0;0;0;1.3;1.25;1.6;2.88;2;3.75;2.5;2.4;3.3;0;0;0;0;0;0;0;0;0;0;0;0;0;0;0;1.73;7.5;2.5;0;0;1.5;3.15;7.8;15;2.4;1.29;1.05;1.02;1.29;2.3;5.5;17;3.24;1.5;1.1;1.01;0;0;0;0;1;1;0;0;0;0;1;2022-05-21 12:45:00;671668;0;55;20;14;0;1;1;2;1;2;7;3;9;0;0;0;1;0;1;1;38;64;66;90;1.06;0.86;1.92;0;0;0;0;0;0;1;1;0;0;1;0;0;0;-1;-1;-1;-1;-1;-1;-1;-1;-1;7;17;42;72;97;31;65;83;39;9.88;0;5.2;2.51;Van;Artsakh;1.13;1.25;0.86;1.33;0.66;1.27;94;83;59;28;4;48;38;27;0.9;1.19;2.09;6151;32;Y;N;N;N;N;N;N
1310695;671668;686877;2021/2022;complete;72201;35;-1;19,30;69;2;1;3;3;8;11;-1;-1;3;1;0;0;-1;-1;-1;-1;-1;-1;-1;-1;-1;-1;3;1;2.55;3.2;2.55;1.05;1.28;1.93;3.17;5.8;10.25;3.33;1.8;1.31;1.1;1.66;2.1;0;0;0;0;1.43;1.3;1.45;3.2;2.1;3.25;2.9;2.45;3.05;0;0;0;0;0;0;0;0;0;0;0;0;0;0;0;1.97;9.4;2.07;0;0;1.39;2.85;6.6;15;2.88;1.36;1.08;1.02;1.22;2;4.5;12;3.74;1.62;1.14;1.02;0;0;0;0;3;2;0;0;1;1;2;2022-05-25 10:00:00;671668;0;40;10;17;0;-1;1;-1;-1;-1;-1;-1;-1;0;0;3;1;0;4;1;0;0;0;0;0;0;0;0;0;0;0;0;0;1;1;0;0;-1;-1;0;0;-1;-1;-1;-1;-1;-1;-1;-1;-1;10;17;43;77;97;24;70;80;47;7.67;0;4.44;2.47;Van;Noravank;1.13;0.38;1;0.4;0.73;0.83;90;83;57;23;4;50;37;30;0.91;0.97;1.88;6151;32;Y;Y;Y;N;N;N;Y
1310696;1360;884;2021/2022;complete;72201;35;-1;3;65;1;1;2;-1;-1;-1;-1;-1;2;1;0;0;-1;-1;-1;-1;-1;-1;-1;-1;-1;-1;2;1;2.4;3.15;2.73;1.04;1.44;2.18;4.1;7.8;9;2.68;1.62;1.19;1.05;1.95;1.81;0;0;0;0;1.37;1.35;1.45;3.15;1.96;3.45;2.95;2.3;3.3;0;0;0;0;0;0;0;0;0;0;0;0;0;0;0;2.01;7;2.19;0;0;1.43;3.24;8.5;17;2.6;1.3;1.04;1.01;1.3;2.4;6;19;3.2;1.44;1.08;1.01;0;0;0;0;2;1;0;0;1;1;1;2022-05-25 12:00:00;-1;0;50;20;13;0;-1;1;-1;-1;-1;-1;-1;-1;1;1;1;0;2;1;-1;0;0;0;0;0;0;0;1;0;1;0;0;0;1;1;1;0;-1;-1;0;1;-1;-1;-1;-1;-1;-1;-1;-1;-1;13;17;44;74;90;30;64;77;40;9.27;0;3.72;2.4;Artsakh;Banants;1.19;1.19;1.2;1.2;1.23;1.2;87;84;57;27;10;45;33;19;1.15;1.15;2.3;6151;32;Y;Y;N;N;N;N;Y
1310698;882;885;2021/2022;complete;72201;35;-1;30;;1;0;1;0;7;7;-1;-1;3;2;0;0;3;4;6;13;9;17;-1;-1;50;50;3;2;1.48;3.8;5.2;1.04;1.25;1.81;2.91;5.2;12;3.6;1.97;1.36;1.13;1.88;1.82;0;0;0;0;1.1;1.18;2.3;2.05;2.25;5.5;1.8;2.7;5.25;0;0;0;0;0;0;0;0;0;0;0;0;0;0;0;1.36;10.5;3.6;0;0;1.35;2.62;5.85;15;2.95;1.43;1.1;1.02;1.17;1.99;4;11;4.5;1.73;1.19;1.02;0;0;0;0;1;1;0;0;0;0;1;2022-05-24 15:15:00;882;0;47;20;27;0;1;1;0;1;0;6;1;6;1;0;2;2;1;4;1;34;85;193;205;1.06;1.99;3.05;0;0;0;0;0;0;1;1;0;0;0;0;0;0;-1;-1;-1;-1;-1;-1;-1;-1;-1;13;20;40;70;97;30;77;73;37;10.27;0;3.47;2.6;Pyunik;Ararat;2.25;1.38;2.2;1.47;2.37;1.53;87;80;60;30;4;50;37;30;1.15;1.27;2.42;6151;32;Y;N;N;N;N;N;N
1310699;671669;96;2021/2022;complete;72201;35;-1;;27,47,70;0;3;3;2;4;6;-1;-1;3;1;0;0;0;7;6;5;6;12;-1;-1;50;50;3;1;6.2;4.2;1.48;1.02;1.22;1.86;2.88;5.5;12;3.74;1.96;1.36;1.12;1.73;2;0;0;0;0;2.3;1.17;1.11;5.5;2.3;2.05;4.62;2.7;1.93;0;0;0;0;0;0;0;0;0;0;0;0;0;0;0;3.4;10;1.36;0;0;1.35;2.5;5.3;13;2.9;1.47;1.11;1.02;1.17;1.91;4;10;4.5;1.73;1.17;1.03;0;0;0;0;3;0;1;0;2;2;1;2022-05-25 13:30:00;96;0;40;17;17;0;1;1;1;1;1;3;2;4;0;1;3;0;1;3;1;38;58;73;92;0.66;1.67;2.33;0;0;0;0;0;0;1;1;0;0;0;0;0;0;-1;-1;-1;-1;-1;-1;-1;-1;-1;14;20;34;67;94;24;67;87;33;6.72;0;2.89;2.27;BKMA;Alashkert;0.69;1.63;0.73;1.53;0.6;1.57;87;80;67;34;7;38;31;21;0.85;1.21;2.06;6151;32;Y;Y;Y;N;N;N;N
1310700;686877;671669;2021/2022;complete;72201;36;-1;18,52,65;5,39;3;2;5;9;2;11;-1;-1;-1;-1;-1;-1;9;3;5;5;14;8;-1;-1;50;50;-1;-1;1.84;3.33;4.01;1.06;1.35;1.83;3.65;6.7;9;2.95;1.9;1.24;1.07;1.95;1.78;0;0;0;0;1.22;1.25;1.8;2.5;2.05;4.33;2.2;2.45;3.9;0;0;0;0;0;0;0;0;0;0;0;0;0;0;0;1.57;8.75;2.75;0;0;1.49;3;7.3;15;2.44;1.32;1.06;1.02;1.25;2.2;4.7;14;3.5;1.57;1.14;1.02;0;0;0;0;5;1;2;2;0;2;3;2022-05-28 10:00:00;686877;0;57;7;40;0;1;-1;2;0;7;2;2;9;-1;-1;-1;-1;-1;-1;1;77;44;128;114;2.08;1.05;3.12;1;0;1;0;0;0;1;1;0;1;0;0;-1;-1;-1;-1;-1;-1;-1;-1;-1;-1;-1;17;24;40;74;97;20;70;80;47;5.66;0;5.23;2.6;Noravank;BKMA;1.38;0.44;1.27;0.47;0.81;0.58;84;77;60;27;4;45;42;38;1.03;0.76;1.79;6151;32;Y;Y;Y;Y;Y;N;Y
1310701;96;882;2021/2022;complete;72201;36;-1;61;6;1;1;2;6;5;11;-1;-1;-1;-1;-1;-1;4;3;9;4;13;7;-1;-1;50;50;-1;-1;4.45;3.1;1.83;1.09;1.58;2.7;5.1;9.1;7.25;2.23;1.35;1.12;1.03;2.55;1.49;0;0;0;0;1.91;1.22;1.18;5;1.95;2.5;4.5;2.39;2.21;0;0;0;0;0;0;0;0;0;0;0;0;0;0;0;3.2;5.75;1.53;0;0;1.67;3.8;9.1;17;2.19;1.21;1.03;1.01;1.36;2.66;6.5;23;2.88;1.38;1.08;1.01;0;0;0;0;2;0;1;1;0;1;1;2022-05-28 10:00:00;-1;0;47;7;30;0;1;-1;4;1;2;4;5;6;-1;-1;-1;-1;-1;-1;1;59;36;94;86;1.53;0.92;2.45;0;0;0;0;0;0;1;1;0;1;1;0;-1;-1;-1;-1;-1;-1;-1;-1;-1;-1;-1;7;13;47;73;94;20;70;80;40;8.72;0;4.49;2.34;Alashkert;Pyunik;1.56;2.44;1.6;2.53;1.61;2.39;93;87;53;27;7;52;39;28;1.24;1.17;2.41;6151;32;Y;Y;N;N;N;N;Y
1310702;885;1362;2021/2022;complete;72201;36;-1;;38;0;1;1;7;7;14;-1;-1;-1;-1;-1;-1;3;6;2;8;5;14;-1;-1;50;50;-1;-1;4.37;3.95;1.65;1.05;1.37;2.12;3.8;6.85;9.25;2.77;1.64;1.21;1.07;2.1;1.65;0;0;0;0;2.1;1.18;1.17;5;2.1;2.25;4.6;2.55;2;0;0;0;0;0;0;0;0;0;0;0;0;0;0;0;3.25;8;1.44;0;0;1.51;3.1;7.3;17;2.41;1.3;1.06;1.01;1.25;2.3;5.5;15;3.5;1.53;1.1;1.02;0;0;0;0;1;0;1;0;0;0;1;2022-05-28 15:00:00;1362;0;40;10;27;0;1;-1;2;3;5;4;5;9;-1;-1;-1;-1;-1;-1;1;41;53;84;80;0.83;1.68;2.52;-1;-1;-1;-1;-1;-1;-1;1;0;0;2;0;-1;-1;-1;-1;-1;-1;-1;-1;-1;-1;-1;14;17;47;64;93;24;57;80;50;11.35;0;2.87;2.43;Ararat;FC Avan Academy;1.5;2.5;1.6;2.47;1.48;2.29;87;83;53;37;7;57;54;50;1.28;1.32;2.6;6151;32;Y;N;N;N;N;N;N
1310704;884;671668;2021/2022;complete;72201;36;-1;6,90;;2;0;2;5;6;11;-1;-1;-1;-1;-1;-1;3;2;3;8;6;10;-1;-1;50;50;-1;-1;2.15;2.86;3.61;1.1;1.55;2.55;4.84;9.1;6.1;2.31;1.47;1.13;1.03;2.25;1.58;0;0;0;0;1.25;1.3;1.6;3;1.83;4.33;2.55;2.2;3.6;0;0;0;0;0;0;0;0;0;0;0;0;0;0;0;1.8;6;2.75;0;0;1.63;3.7;9.1;15;2.25;1.22;1.03;1.02;1.36;2.75;7;23;2.88;1.36;1.06;1.01;0;0;0;0;2;1;0;1;0;1;1;2022-05-28 13:00:00;884;0;30;7;13;0;1;-1;3;0;2;6;3;8;-1;-1;-1;-1;-1;-1;1;27;32;65;68;0.79;1;1.79;-1;-1;-1;-1;-1;-1;-1;1;1;0;0;0;-1;-1;-1;-1;-1;-1;-1;-1;-1;-1;-1;7;10;23;57;87;20;44;77;27;8.14;0;2.44;1.94;Banants;Van;1.31;0.44;1.2;0.47;1.19;0.81;93;90;77;44;14;61;43;40;1.07;1.02;2.09;6151;32;Y;Y;N;N;N;N;N
