ID;HOMEID;AWAYID;SEASON;STATUS;ROUNDID;GAME_WEEK;REVISED_GAME_WEEK;HOMEGOALS;AWAYGOALS;HOMEGOALCOUNT;AWAYGOALCOUNT;TOTALGOALCOUNT;TEAM_A_CORNERS;TEAM_B_CORNERS;TOTALCORNERCOUNT;TEAM_A_OFFSIDES;TEAM_B_OFFSIDES;TEAM_A_YELLOW_CARDS;TEAM_B_YELLOW_CARDS;TEAM_A_RED_CARDS;TEAM_B_RED_CARDS;TEAM_A_SHOTSONTARGET;TEAM_B_SHOTSONTARGET;TEAM_A_SHOTSOFFTARGET;TEAM_B_SHOTSOFFTARGET;TEAM_A_SHOTS;TEAM_B_SHOTS;TEAM_A_FOULS;TEAM_B_FOULS;TEAM_A_POSSESSION;TEAM_B_POSSESSION;TEAM_A_CARDS_NUM;TEAM_B_CARDS_NUM;ODDS_FT_1;ODDS_FT_X;ODDS_FT_2;ODDS_FT_OVER05;ODDS_FT_OVER15;ODDS_FT_OVER25;ODDS_FT_OVER35;ODDS_FT_OVER45;ODDS_FT_UNDER05;ODDS_FT_UNDER15;ODDS_FT_UNDER25;ODDS_FT_UNDER35;ODDS_FT_UNDER45;ODDS_BTTS_YES;ODDS_BTTS_NO;ODDS_TEAM_A_CS_YES;ODDS_TEAM_A_CS_NO;ODDS_TEAM_B_CS_YES;ODDS_TEAM_B_CS_NO;ODDS_DOUBLECHANCE_1X;ODDS_DOUBLECHANCE_12;ODDS_DOUBLECHANCE_X2;ODDS_1ST_HALF_RESULT_1;ODDS_1ST_HALF_RESULT_X;ODDS_1ST_HALF_RESULT_2;ODDS_2ND_HALF_RESULT_1;ODDS_2ND_HALF_RESULT_X;ODDS_2ND_HALF_RESULT_2;ODDS_DNB_1;ODDS_DNB_2;ODDS_CORNERS_OVER_75;ODDS_CORNERS_OVER_85;ODDS_CORNERS_OVER_95;ODDS_CORNERS_OVER_105;ODDS_CORNERS_OVER_115;ODDS_CORNERS_UNDER_75;ODDS_CORNERS_UNDER_85;ODDS_CORNERS_UNDER_95;ODDS_CORNERS_UNDER_105;ODDS_CORNERS_UNDER_115;ODDS_CORNERS_1;ODDS_CORNERS_X;ODDS_CORNERS_2;ODDS_TEAM_TO_SCORE_FIRST_1;ODDS_TEAM_TO_SCORE_FIRST_X;ODDS_TEAM_TO_SCORE_FIRST_2;ODDS_WIN_TO_NIL_1;ODDS_WIN_TO_NIL_2;ODDS_1ST_HALF_OVER05;ODDS_1ST_HALF_OVER15;ODDS_1ST_HALF_OVER25;ODDS_1ST_HALF_OVER35;ODDS_1ST_HALF_UNDER05;ODDS_1ST_HALF_UNDER15;ODDS_1ST_HALF_UNDER25;ODDS_1ST_HALF_UNDER35;ODDS_2ND_HALF_OVER05;ODDS_2ND_HALF_OVER15;ODDS_2ND_HALF_OVER25;ODDS_2ND_HALF_OVER35;ODDS_2ND_HALF_UNDER05;ODDS_2ND_HALF_UNDER15;ODDS_2ND_HALF_UNDER25;ODDS_2ND_HALF_UNDER35;ODDS_BTTS_1ST_HALF_YES;ODDS_BTTS_1ST_HALF_NO;ODDS_BTTS_2ND_HALF_YES;ODDS_BTTS_2ND_HALF_NO;OVERALLGOALCOUNT;HT_GOALS_TEAM_A;HT_GOALS_TEAM_B;GOALS_2HG_TEAM_A;GOALS_2HG_TEAM_B;GOALCOUNT_2HG;HTGOALCOUNT;DATE_UNIX;WINNINGTEAM;NO_HOME_AWAY;BTTS_POTENTIAL;BTTS_FHG_POTENTIAL;BTTS_2HG_POTENTIAL;GOALTIMINGDISABLED;CORNER_TIMINGS_RECORDED;CARD_TIMINGS_RECORDED;TEAM_A_FH_CORNERS;TEAM_B_FH_CORNERS;TEAM_A_2H_CORNERS;TEAM_B_2H_CORNERS;CORNER_FH_COUNT;CORNER_2H_COUNT;TEAM_A_FH_CARDS;TEAM_B_FH_CARDS;TEAM_A_2H_CARDS;TEAM_B_2H_CARDS;TOTAL_FH_CARDS;TOTAL_2H_CARDS;ATTACKS_RECORDED;TEAM_A_DANGEROUS_ATTACKS;TEAM_B_DANGEROUS_ATTACKS;TEAM_A_ATTACKS;TEAM_B_ATTACKS;TEAM_A_XG;TEAM_B_XG;TOTAL_XG;TEAM_A_PENALTIES_WON;TEAM_B_PENALTIES_WON;TEAM_A_PENALTY_GOALS;TEAM_B_PENALTY_GOALS;TEAM_A_PENALTY_MISSED;TEAM_B_PENALTY_MISSED;PENS_RECORDED;GOAL_TIMINGS_RECORDED;TEAM_A_0_10_MIN_GOALS;TEAM_B_0_10_MIN_GOALS;TEAM_A_CORNERS_0_10_MIN;TEAM_B_CORNERS_0_10_MIN;TEAM_A_CARDS_0_10_MIN;TEAM_B_CARDS_0_10_MIN;THROWINS_RECORDED;TEAM_A_THROWINS;TEAM_B_THROWINS;FREEKICKS_RECORDED;TEAM_A_FREEKICKS;TEAM_B_FREEKICKS;GOALKICKS_RECORDED;TEAM_A_GOALKICKS;TEAM_B_GOALKICKS;O45_POTENTIAL;O35_POTENTIAL;O25_POTENTIAL;O15_POTENTIAL;O05_POTENTIAL;O15HT_POTENTIAL;O05HT_POTENTIAL;O05_2H_POTENTIAL;O15_2H_POTENTIAL;CORNERS_POTENTIAL;OFFSIDES_POTENTIAL;CARDS_POTENTIAL;AVG_POTENTIAL;HOME_NAME;AWAY_NAME;HOME_PPG;AWAY_PPG;PRE_MATCH_HOME_PPG;PRE_MATCH_AWAY_PPG;PRE_MATCH_TEAMA_OVERALL_PPG;PRE_MATCH_TEAMB_OVERALL_PPG;U45_POTENTIAL;U35_POTENTIAL;U25_POTENTIAL;U15_POTENTIAL;U05_POTENTIAL;CORNERS_O85_POTENTIAL;CORNERS_O95_POTENTIAL;CORNERS_O105_POTENTIAL;TEAM_A_XG_PREMATCH;TEAM_B_XG_PREMATCH;TOTAL_XG_PREMATCH;COMPETITION_ID;MATCHES_COMPLETED_MINIMUM;OVER05;OVER15;OVER25;OVER35;OVER45;OVER55;BTTS
1035479;96;1362;2020/2021;complete;58517;1;-1;;;0;0;0;2;4;6;1;1;2;2;0;1;2;3;4;2;6;5;17;19;52;48;2;3;2.88;3.2;2.38;1.05;1.38;2.25;4.08;8.5;7.8;2.88;1.62;1.21;1.04;1.9;1.8;0;0;0;0;1.48;1.32;1.35;3.6;1.95;3.1;3.15;2.3;2.7;0;0;0;0;0;0;0;0;0;0;0;0;0;0;0;2.1;8;1.91;4.5;4;1.45;3.07;8.9;17;2.61;1.33;1.03;1.01;1.31;2.42;5.5;12;3.2;1.51;1.11;1.03;0;0;0;0;0;0;0;0;0;0;0;2020-08-14 13:30:00;-1;0;0;0;0;0;1;1;0;1;2;3;1;5;0;1;2;2;1;4;1;54;37;108;88;0.92;0.81;1.73;0;0;0;0;0;0;1;1;0;0;0;0;0;0;-1;-1;-1;-1;-1;-1;-1;-1;-1;0;0;0;0;0;0;0;0;0;0;0;0;0;Alashkert;FC Avan Academy;1.91;1.55;0;0;0;0;0;0;0;0;0;0;0;0;0;0;0;4613;24;N;N;N;N;N;N;N
1035481;1360;883;2020/2021;complete;58517;1;-1;14,71;41,77;2;2;4;8;6;14;-1;-1;5;5;0;0;7;4;9;5;16;9;-1;-1;50;50;5;5;1.57;3.5;5.75;1.06;1.36;2.15;3.75;6.5;8;3;1.67;1.25;1.1;2.18;1.65;1.91;1.8;4.33;15;1.11;1.22;2.28;2.16;2.19;5.65;1.96;2.52;5.3;0;0;0;0;0;0;0;0;0;0;0;0;0;0;0;1.44;8.5;3.2;2.5;9;1.4;2.84;7.3;15;2.77;1.38;1.06;1.02;1.22;2.22;4.5;11;3.8;1.6;1.17;1.03;0;0;0;0;4;1;1;1;1;2;2;2020-08-16 13:30:00;-1;0;0;0;0;0;1;1;4;2;4;4;6;8;3;1;2;4;4;6;1;72;54;119;86;2.02;1.24;3.26;1;1;1;1;0;0;1;1;0;0;1;0;0;0;-1;-1;-1;-1;-1;-1;-1;-1;-1;0;0;0;0;0;0;0;0;0;0;0;0;0;Artsakh;Shirak;1.85;0.45;0;0;0;0;0;0;0;0;0;0;0;0;0;0;0;4613;24;Y;Y;Y;Y;N;N;Y
1035482;885;882;2020/2021;complete;58517;1;-1;89;;1;0;1;4;4;8;0;1;1;1;0;0;4;5;2;5;6;10;9;17;45;55;1;1;2.38;3.2;2.8;1.05;1.33;2;3.5;6.5;8.5;3.25;1.8;1.29;1.1;1.72;2.07;2.75;1.4;3.25;1.33;1.39;1.29;1.51;2.96;2.13;3.46;2.75;2.41;3.14;0;0;0;0;0;0;0;0;0;0;0;0;0;0;0;1.83;9;2.1;4.2;5;1.39;2.8;7.3;15;2.81;1.39;1.06;1.02;1.22;2.2;4.5;10;3.78;1.61;1.17;1.04;0;0;0;0;1;0;0;1;0;1;0;2020-08-16 15:30:00;885;0;0;0;0;0;1;1;2;1;2;3;3;5;0;0;1;1;0;2;1;47;47;99;94;1.01;1.33;2.34;0;0;0;0;0;0;1;1;0;0;0;1;0;0;-1;-1;-1;-1;-1;-1;-1;-1;-1;0;0;0;0;0;0;0;0;0;0;0;0;0;Ararat;Pyunik;1.91;1.46;0;0;0;0;0;0;0;0;0;0;0;0;0;0;0;4613;24;Y;N;N;N;N;N;N
1035483;884;1361;2020/2021;complete;58517;1;-1;-1,-1,-1;;3;0;3;-1;-1;-1;-1;-1;-1;-1;-1;-1;-1;-1;-1;-1;-1;-1;-1;-1;-1;-1;-1;-1;2;3.1;3.05;1.02;1.29;1.95;3.5;6.25;7.75;2.95;1.67;1.22;1.05;1.8;1.8;0;0;0;0;1.35;1.3;1.5;2.91;2.13;3.48;2.62;2.5;3.2;0;0;0;0;0;0;0;0;0;0;0;0;0;0;0;1.83;8.5;2.2;3.75;5.5;1.42;3;7.8;15;2.66;1.35;1.05;1.02;1.24;2.17;4.8;11;3.6;1.61;1.15;1.03;0;0;0;0;3;0;0;0;0;0;0;2020-08-17 15:00:00;884;0;0;0;0;1;-1;-1;-1;-1;-1;-1;-1;-1;-1;-1;-1;-1;-1;-1;-1;0;0;0;0;0;0;0;-1;-1;-1;-1;-1;-1;-1;-1;-1;-1;-1;-1;-1;-1;-1;-1;-1;-1;-1;-1;-1;-1;-1;0;0;0;0;0;0;0;0;0;0;0;0;0;Banants;Lori;1.92;0.83;0;0;0;0;0;0;0;0;0;0;0;0;0;0;0;4613;24;Y;Y;Y;N;N;N;N
1037422;96;1360;2020/2021;complete;58517;2;-1;90;;1;0;1;1;4;5;-1;-1;4;3;0;0;6;0;2;6;8;6;-1;-1;50;50;4;3;2.35;2.85;2.65;1.03;1.32;2.05;3.65;6.6;7.5;2.85;1.61;1.2;1.04;1.8;1.8;0;0;0;0;1.4;1.33;1.53;3.1;2.05;3.25;2.82;2.34;3.18;0;0;0;0;0;0;0;0;0;0;0;0;0;0;0;1.83;9;2.1;4;5;1.43;2.98;7.5;15;2.67;1.35;1.05;1.02;1.28;2.32;4.6;10;3.4;1.55;1.16;1.04;0;0;0;0;1;0;0;1;0;1;0;2020-08-21 13:30:00;96;0;0;0;0;0;1;1;0;1;1;3;1;4;0;1;4;2;1;6;1;51;68;110;103;1.31;0.88;2.18;0;0;0;0;0;0;1;1;0;0;0;0;0;0;-1;-1;-1;-1;-1;-1;-1;-1;-1;0;0;0;0;0;0;0;0;0;2;1;2;0;Alashkert;Artsakh;1.91;1.55;1;0;1;1;50;50;50;50;50;0;0;0;0.92;0;0.92;4613;24;Y;N;N;N;N;N;N
1037423;883;885;2020/2021;complete;58517;2;-1;;14,76,88;0;3;3;-1;-1;-1;-1;-1;1;1;0;0;-1;-1;-1;-1;-1;-1;-1;-1;-1;-1;1;1;6;4;1.44;1.02;1.26;1.85;3.08;5.5;11;3.4;1.95;1.31;1.12;1.93;1.8;0;0;0;0;2.28;1.2;1.13;5.25;2.28;2.14;5.05;2.65;1.92;0;0;0;0;0;0;0;0;0;0;0;0;0;0;0;1.91;11;2;4.5;5;1.36;2.69;5.9;13;2.94;1.42;1.1;1.01;1.2;2.1;4.04;0;4;1.67;1.2;0;0;0;0;0;3;0;1;0;2;2;1;2020-09-26 12:15:00;885;0;50;0;50;0;-1;1;-1;-1;-1;-1;-1;-1;0;1;1;0;1;1;-1;0;0;0;0;0;0;0;0;0;0;0;0;0;1;1;0;0;-1;-1;0;0;-1;-1;-1;-1;-1;-1;-1;-1;-1;0;0;50;50;50;0;0;50;50;3;2;2;1.5;Shirak;Ararat;0.62;1.46;0;0;1;1.5;50;50;0;0;0;0;0;0;0;1.55;1.55;4613;24;Y;Y;Y;N;N;N;N
1037424;1361;671668;2020/2021;complete;58517;2;-1;;90;0;1;1;1;4;5;-1;-1;4;7;0;0;2;3;6;1;8;4;-1;-1;50;50;4;7;1.71;3.4;3.7;1.02;1.25;1.8;3;5.5;11;4;2;1.4;1.15;1.59;2.3;0;0;0;0;1.5;1.3;1.44;2.3;2.3;4;2.98;2.58;2.69;0;0;1.25;1.5;1.87;2.5;3.5;3.5;2.38;1.8;1.44;1.25;0;0;0;2;11;1.91;5;4.5;1.3;2.63;6;12;3.2;1.44;1.1;1.02;1.17;1.97;3.7;10;4.4;1.76;1.24;1.03;0;0;0;0;1;0;0;0;1;1;0;2020-09-15 12:45:00;671668;0;0;0;0;0;1;1;0;4;1;0;4;1;1;1;3;6;2;9;1;93;43;129;95;1.33;0.79;2.11;0;0;0;0;0;0;1;1;0;0;0;1;1;0;-1;-1;-1;-1;-1;-1;-1;-1;-1;0;0;0;0;0;0;0;0;0;0;0;0;0;Lori;Van;1.08;1.38;0;0;1.5;3;0;0;0;0;0;0;0;0;0;0;0;4613;24;Y;N;N;N;N;N;N
1037426;882;884;2020/2021;complete;58517;2;-1;;;0;0;0;6;2;8;1;1;3;2;0;0;2;2;3;8;5;10;19;28;56;44;3;2;2.5;2.9;2.5;1.01;1.24;1.8;3;5.4;8.75;3.3;1.8;1.28;1.08;1.62;2.05;0;0;0;0;1.35;1.27;1.42;3.05;2.06;3.3;2.7;2.5;2.88;0;0;0;0;0;0;0;0;0;0;0;0;0;0;0;1.91;10;2;4.5;5;1.33;2.75;6.5;15;3;1.4;1.08;1.01;1.19;2.05;4;11;4.2;1.7;1.2;1.02;0;0;0;0;0;0;0;0;0;0;0;2020-08-23 15:30:00;-1;0;0;0;0;0;1;1;5;1;1;1;6;2;1;1;2;1;2;3;1;75;75;142;136;1.02;1.33;2.34;0;0;0;0;0;0;1;1;0;0;0;0;0;0;-1;-1;-1;-1;-1;-1;-1;-1;-1;0;0;0;0;0;0;0;0;0;0;0;0;0;Pyunik;Banants;0.55;1.45;0;0;0;3;0;0;0;0;0;0;0;0;0;0;0;4613;24;N;N;N;N;N;N;N
1064726;671668;882;2020/2021;complete;58517;3;-1;43;;1;0;1;2;3;5;0;0;0;2;0;0;6;5;5;9;11;14;20;5;50;50;0;2;2.75;3.4;2.2;1.05;1.29;1.93;3.22;5.95;9.6;3.28;1.78;1.3;1.1;1.72;2;0;0;0;0;1.48;1.3;1.35;3.4;2.05;2.95;3;2.45;2.65;0;0;0;0;0;0;0;0;0;0;0;0;0;0;0;2;9.5;1.91;5;4.33;1.36;2.88;7;15;2.88;1.36;1.07;1.01;1.23;2.07;4.6;9;3.7;1.69;1.16;1.05;0;0;0;0;1;1;0;0;0;0;1;2020-08-29 12:45:00;671668;0;0;0;0;0;1;1;2;2;0;1;4;1;0;1;0;1;1;1;1;52;57;118;129;1.5;1.66;3.16;0;0;0;0;0;0;1;1;0;0;0;1;0;0;-1;-1;-1;-1;-1;-1;-1;-1;-1;0;0;0;0;50;0;0;50;0;4;1;1;0.5;Van;Pyunik;1.18;1.46;0;0;0;0.5;50;50;50;50;0;0;0;0;0;1.33;1.33;4613;24;Y;N;N;N;N;N;N
1064728;1362;1361;2020/2021;complete;58517;4;-1;90;41,63;1;2;3;3;3;6;-1;-1;-1;-1;-1;-1;5;5;3;0;8;5;-1;-1;65;35;-1;-1;1.43;3.85;5.25;1.01;1.21;1.74;2.85;5.1;9.25;3.5;1.87;1.31;1.09;1.8;1.8;0;0;0;0;1.07;1.17;2.7;2.05;2.3;5.5;1.74;2.82;5.95;0;0;0;0;0;0;0;0;0;0;0;0;0;0;0;1.38;9.5;3.25;2.55;10;1.31;2.49;6.5;13;3.2;1.49;1.08;1.02;1.19;1.96;4;9;4.2;1.77;1.2;1.05;0;0;0;0;3;0;1;1;1;2;1;2020-09-11 15:15:00;1361;0;0;0;0;0;1;-1;2;3;1;0;5;1;-1;-1;-1;-1;-1;-1;1;73;38;122;86;1.39;0.95;2.35;-1;-1;-1;-1;-1;-1;-1;1;0;0;0;0;-1;-1;-1;-1;-1;-1;-1;-1;-1;-1;-1;0;0;50;50;50;0;0;0;0;0;0;0;1.5;FC Avan Academy;Lori;1.62;0.83;0;0;1;0;50;50;0;0;0;0;0;0;0;0;0;4613;24;Y;Y;Y;N;N;N;Y
1064730;883;671668;2020/2021;complete;58517;4;-1;;;0;0;0;4;5;9;-1;-1;2;1;0;0;-1;-1;-1;-1;-1;-1;-1;-1;-1;-1;2;1;2.95;3;2.24;1.06;1.35;2.13;3.2;6.75;8.4;2.96;1.71;1.3;1.07;1.66;2.11;0;0;0;0;1.54;1.26;1.32;3.75;1.92;3;3.4;2.4;2.45;0;0;0;0;0;0;0;0;0;0;0;0;0;0;0;0;0;0;0;0;1.44;3.21;0;0;2.73;1.33;0;0;0;0;0;0;0;0;0;0;0;0;0;0;0;0;0;0;0;0;0;2021-02-24 10:00:00;-1;0;20;0;10;0;-1;1;-1;-1;-1;-1;-1;-1;2;1;0;0;3;0;1;0;0;0;0;0;0;0;0;0;0;0;0;0;1;1;0;0;-1;-1;0;0;-1;-1;-1;-1;-1;-1;-1;-1;-1;0;10;50;70;90;10;70;90;40;6.27;0;5.42;2.2;Shirak;Van;0.62;1.38;0.2;0.8;0.45;0.83;100;90;50;30;10;17;17;17;0;1.03;1.03;4613;24;N;N;N;N;N;N;N
1064731;96;884;2020/2021;complete;58517;4;-1;57;8,69;1;2;3;9;4;13;-1;-1;-1;-1;-1;-1;3;4;5;7;8;11;-1;-1;50;50;-1;-1;2;2.95;3.25;1.03;1.33;2.05;3.7;6.75;7.25;2.8;1.59;1.19;1.04;1.83;1.77;0;0;0;0;1.27;1.3;1.6;2.75;1.95;4.15;2.4;2.35;3.5;0;0;0;0;0;0;0;0;0;0;0;0;0;0;0;1.71;7.5;2.4;3.3;5.5;1.46;3.31;8.5;34;2.75;1.34;1.04;1;1.29;2.36;5.2;0;3.36;1.54;1.13;0;0;0;0;0;3;0;1;1;1;2;1;2020-09-13 15:00:00;884;0;0;0;0;0;-1;-1;-1;-1;-1;-1;-1;-1;-1;-1;-1;-1;-1;-1;1;63;51;159;115;1.19;1.35;2.55;-1;-1;-1;-1;-1;-1;-1;1;0;1;-1;-1;-1;-1;-1;-1;-1;-1;-1;-1;-1;-1;-1;0;0;0;0;25;0;0;25;0;3.5;1;5;0.25;Alashkert;Banants;1.91;1.45;2;1;2;2;100;100;100;100;75;0;0;0;1.11;1.33;2.44;4613;24;Y;Y;Y;N;N;N;Y
1064732;1360;885;2020/2021;complete;58517;4;-1;86,89;52;2;1;3;4;3;7;0;2;2;2;0;0;3;7;10;4;13;11;12;15;54;46;2;2;1.77;3.2;3.7;1.06;1.36;2.15;3.75;7;8;3;1.66;1.25;1.08;1.98;1.78;0;0;0;0;1.28;1.3;1.58;2.75;2.05;4;2.39;2.38;3.9;0;0;0;0;0;0;0;0;0;0;0;0;0;0;0;1.71;7.5;2.4;3.6;5.5;1.42;3.04;8.5;21;2.69;1.34;1.04;1.02;1.29;2.35;5.2;12;3.36;1.54;1.12;1.03;0;0;0;0;3;0;0;2;1;3;0;2020-09-11 12:45:00;1360;0;50;50;50;0;1;1;2;2;2;1;4;3;1;1;1;1;2;2;1;66;48;127;138;1.52;1.55;3.07;1;0;1;0;0;0;1;1;0;0;0;0;0;0;-1;-1;-1;-1;-1;-1;-1;-1;-1;0;50;50;50;50;50;50;50;50;8;0;5;2;Artsakh;Ararat;1.85;1.46;1;0;0.5;3;50;0;0;0;0;50;50;50;2.02;0;2.02;4613;24;Y;Y;Y;N;N;N;Y
1064733;885;1362;2020/2021;complete;58517;5;-1;72;;1;0;1;4;5;9;-1;-1;1;1;0;0;3;3;4;6;7;9;-1;-1;50;50;1;1;3.2;2.9;2.05;1.06;1.44;2.33;3.5;6.3;8;2.6;1.54;1.26;1.08;2.05;1.7;3.2;1.3;2.4;1.5;1.78;1.25;1.23;4.75;2.2;2.2;4.36;2.48;2.15;0;0;0;0;0;0;0;0;0;0;0;0;0;0;0;2.75;9;1.53;7;3.1;1.39;2.81;7.2;17;2.81;1.39;1.06;1.01;1.22;2.2;4.4;19;3.8;1.61;1.17;1.01;0;0;0;0;1;0;0;1;0;1;0;2021-02-25 11:00:00;885;0;13;0;0;0;1;1;2;0;2;5;2;7;1;1;0;0;2;0;1;51;66;109;105;1.03;1.26;2.3;0;0;0;0;0;0;1;1;0;0;0;0;0;0;-1;-1;-1;-1;-1;-1;-1;-1;-1;0;13;13;38;80;13;48;70;0;8.45;0;2.55;1.43;Ararat;FC Avan Academy;1.91;1.55;2.5;2.2;1.91;2.1;100;88;88;63;20;48;38;25;1.02;1.05;2.07;4613;24;Y;N;N;N;N;N;N
1064734;884;1360;2020/2021;complete;58517;5;-1;;40,45,76;0;3;3;3;4;7;-1;-1;4;2;0;0;0;4;8;5;8;9;-1;-1;56;44;4;2;2.5;3.2;2.5;1.08;1.35;2.1;3.6;7;7;2.88;1.7;1.25;1.08;1.85;1.85;0;0;0;0;1.44;1.3;1.44;3.2;2.05;3.2;2.99;2.33;3.01;0;0;0;0;0;0;0;0;0;0;0;0;0;0;0;2;8;2;4.5;4.5;1.43;3.04;7.9;21;2.66;1.34;1.05;1;1.29;2.35;4.9;12;3.36;1.54;1.14;1.03;0;0;0;0;3;0;2;0;1;1;2;2020-09-22 15:30:00;1360;0;0;0;0;0;1;1;0;4;3;0;4;3;3;0;1;2;3;3;1;62;67;112;110;0.96;1.34;2.3;0;0;0;0;0;0;1;1;0;0;0;1;0;0;-1;-1;-1;-1;-1;-1;-1;-1;-1;0;0;50;50;100;0;0;50;0;4;0;3;2;Banants;Artsakh;1.92;1.55;3;0;2.33;1.33;100;100;50;50;0;0;0;0;0;0.88;0.88;4613;24;Y;Y;Y;N;N;N;N
1064735;671668;96;2020/2021;complete;58517;5;-1;;61;0;1;1;2;8;10;-1;-1;-1;-1;-1;-1;-1;-1;-1;-1;-1;-1;-1;-1;-1;-1;-1;-1;3.45;2.45;2.2;1.04;1.36;2.15;3.95;7;7;2.65;1.54;1.16;1.03;1.8;1.8;0;0;0;0;1.52;1.35;1.28;3.9;1.95;2.85;3.4;2.25;2.6;0;0;1.44;1.8;2.38;3.2;5;2.5;1.87;1.5;1.29;1.13;0;0;0;2.38;7.5;1.8;5;3.5;1.48;3.28;8.5;34;2.53;1.3;1.04;1;1.32;2.47;5.2;12;3.14;1.49;1.13;1.03;0;0;0;0;1;0;0;0;1;1;0;2020-09-24 12:30:00;96;0;0;0;0;0;-1;-1;-1;-1;-1;-1;-1;-1;-1;-1;-1;-1;-1;-1;1;0;0;0;0;0;0;0;-1;-1;-1;-1;-1;-1;-1;1;0;0;-1;-1;-1;-1;-1;-1;-1;-1;-1;-1;-1;-1;-1;0;0;0;0;50;0;50;0;0;2;0;0;0.5;Van;Alashkert;1.18;1.92;3;0;3;1.33;50;50;50;50;0;0;0;0;1.5;0;1.5;4613;24;Y;N;N;N;N;N;N
1064737;1361;882;2020/2021;complete;58517;5;-1;41;;1;0;1;2;5;7;-1;-1;4;2;0;0;3;0;5;2;8;2;-1;-1;45;55;4;2;2.25;3.1;2.6;1.02;1.29;1.95;3.45;6.25;7.75;2.95;1.67;1.22;1.05;1.77;1.83;0;0;0;0;1.33;1.29;1.67;2.75;2.1;3.75;2.44;2.5;3.5;0;0;0;0;0;0;0;0;0;0;0;0;0;0;0;1.66;8.5;2.5;3.6;6;1.42;3;7.8;17;2.65;1.35;1.05;1.01;1.24;2.17;4.8;10;3.6;1.61;1.15;1.04;0;0;0;0;1;1;0;0;0;0;1;2020-09-23 12:15:00;1361;0;0;0;0;0;1;1;1;1;1;4;2;5;1;2;3;0;3;3;1;64;69;106;116;1.19;0.64;1.83;0;0;0;0;0;0;1;1;0;0;0;0;0;0;-1;-1;-1;-1;-1;-1;-1;-1;-1;0;0;0;0;100;0;25;75;0;4.5;0;5.5;1;Lori;Pyunik;1.08;1.46;0;0;1;0.33;100;100;100;100;0;0;0;0;1.33;1.49;2.82;4613;24;Y;N;N;N;N;N;N
1064738;1362;882;2020/2021;complete;58517;6;-1;45,51;8;2;1;3;6;2;8;-1;-1;-1;-1;-1;-1;9;5;3;1;12;6;-1;-1;50;50;-1;-1;1.46;3.9;5.5;1.04;1.22;1.34;2.02;5.2;12;4.33;3.02;1.71;1.17;1.57;2.3;0;0;0;0;1.29;1.22;1.83;2.37;2.3;4;2.1;2.63;3.75;0;0;0;0;0;0;0;0;0;0;0;0;0;0;0;1.53;12;2.6;3.6;8;1.3;2.63;6;12;3.2;1.44;1.11;1.02;1.25;1.85;3.64;9;3.6;1.86;1.24;1.05;0;0;0;0;3;1;1;1;0;1;2;2021-02-21 10:45:00;1362;0;25;13;13;0;1;-1;4;1;2;1;5;3;-1;-1;-1;-1;-1;-1;1;62;47;80;106;1.83;1.08;2.91;-1;-1;-1;-1;-1;-1;-1;1;0;1;0;1;-1;-1;-1;-1;-1;-1;-1;-1;-1;-1;-1;13;25;38;38;75;25;63;50;25;6.75;0;4.75;2.13;FC Avan Academy;Pyunik;1.62;1.46;1.75;0.25;2;0.5;88;75;63;63;25;25;13;13;1.55;1.07;2.62;4613;24;Y;Y;Y;N;N;N;Y
1064739;883;1361;2020/2021;complete;58517;6;-1;;90;0;1;1;7;6;13;-1;-1;0;2;0;0;-1;-1;-1;-1;-1;-1;-1;-1;-1;-1;0;2;3.8;3.2;1.84;0;0;0;0;0;0;0;0;0;0;0;0;0;0;0;0;0;0;0;0;0;0;0;0;0;0;0;0;0;0;0;0;0;0;0;0;0;0;0;0;0;0;0;0;0;0;0;0;0;0;0;0;0;0;0;0;0;0;0;0;0;0;0;0;0;1;0;0;0;1;1;0;2021-02-20 10:00:00;1361;0;50;0;34;0;-1;1;-1;-1;-1;-1;-1;-1;0;1;0;1;1;1;1;0;0;0;0;0;0;0;0;0;0;0;0;0;1;1;0;0;-1;-1;0;0;-1;-1;-1;-1;-1;-1;-1;-1;-1;0;0;75;100;100;13;75;88;63;7;0;1;2.75;Shirak;Lori;0.62;0.83;0.25;1.75;0.5;1.7;100;100;25;0;0;0;0;0;0;1.21;1.21;4613;24;Y;N;N;N;N;N;N
1064741;1360;671668;2020/2021;complete;58517;6;-1;32,52,54,62;;4;0;4;3;5;8;-1;-1;-1;-1;-1;-1;6;4;2;4;8;8;-1;-1;50;50;-1;-1;1.62;3.4;4.25;1.03;1.3;2.03;3.4;6.9;9;3.14;1.81;1.26;1.07;1.95;1.69;0;0;0;0;1.22;1.22;1.91;2.3;2.37;4;2.13;2.62;4.06;0;0;0;0;0;0;0;0;0;0;0;0;0;0;0;1.53;10;2.62;3.1;8;1.38;2.95;5.65;13;2.91;1.37;1.11;1.01;1.25;1.97;3.84;11;3.6;1.76;1.22;1.02;0;0;0;0;4;1;0;3;0;3;1;2021-02-19 10:00:00;1360;0;53;20;33;0;1;-1;1;1;2;4;2;6;-1;-1;-1;-1;-1;-1;1;52;40;83;65;1.3;1.08;2.38;-1;-1;-1;-1;-1;-1;-1;1;0;0;0;0;-1;-1;-1;-1;-1;-1;-1;-1;-1;-1;-1;0;10;43;65;78;30;55;68;33;6.8;0;7.67;1.95;Artsakh;Van;1.85;1.38;1.2;1;1.45;0.91;100;90;58;35;23;20;20;10;1.36;1.02;2.38;4613;24;Y;Y;Y;Y;N;N;N
1064742;885;884;2020/2021;complete;58517;6;-1;45,65;;2;0;2;5;5;10;-1;-1;1;1;0;0;3;0;2;2;5;2;-1;-1;50;50;1;1;2.31;2.8;2.79;1.14;1.5;2.43;3.9;7;4.75;2.4;1.49;1.19;1.07;2;1.65;0;0;0;0;1.3;1.38;1.38;3.25;1.91;3.6;3;2.1;3.4;0;0;0;0;0;0;0;0;0;0;0;0;0;0;0;1.91;5;2.3;0;0;1.6;3.6;10;0;2.1;1.25;1.02;0;1.38;2.7;6.7;0;2.8;1.43;1.07;0;0;0;0;0;2;1;0;1;0;1;1;2021-02-21 10:00:00;885;0;47;20;10;0;1;1;3;2;2;3;5;5;0;0;1;1;0;2;1;28;36;59;58;0.73;0.39;1.13;0;0;0;0;0;0;1;1;0;0;0;1;0;0;-1;-1;-1;-1;-1;-1;-1;-1;-1;0;17;37;74;90;47;74;70;10;8.13;0;2.67;2.17;Ararat;Banants;1.91;1.45;2.33;1.8;1.8;1.67;100;84;64;27;10;44;44;44;1.16;1.17;2.33;4613;24;Y;Y;N;N;N;N;N
1064743;884;1362;2020/2021;complete;58517;7;-1;35;15,83;1;2;3;6;5;11;-1;-1;0;2;0;0;4;6;6;3;10;9;-1;-1;46;54;0;2;2.7;2.9;2.5;1.07;1.47;2.5;4.75;8.5;6.8;2.46;1.5;1.14;1.04;2.07;1.69;0;0;0;0;1.44;1.34;1.4;3.25;1.95;3.4;3.22;2.19;3.02;0;0;0;0;0;0;0;0;0;0;0;0;0;0;0;2.25;6.55;1.95;0;0;1.54;3.54;9.4;0;2.35;1.26;1.03;0;1.35;2.62;6.2;21;2.98;1.44;1.09;1.01;0;0;0;0;3;1;1;0;1;1;2;2021-05-15 11:00:00;1362;0;16;7;12;0;1;1;5;2;1;3;7;4;0;1;0;1;1;1;1;61;54;91;78;1.35;1.38;2.73;0;0;0;0;0;0;1;1;0;0;1;0;0;0;-1;-1;-1;-1;-1;-1;-1;-1;-1;0;6;31;36;73;10;36;47;11;8.73;0;3.8;1.45;Banants;FC Avan Academy;1.92;1.55;1.9;1.56;1.6;1.7;100;95;70;65;27;25;9;9;1.32;1.02;2.34;4613;24;Y;Y;Y;N;N;N;Y
1064744;671668;885;2020/2021;complete;58517;7;-1;;40;0;1;1;5;2;7;-1;-1;-1;-1;-1;-1;2;4;5;5;7;9;-1;-1;50;50;-1;-1;3.2;2.95;2.2;0;0;2.25;0;0;0;0;1.62;0;0;0;0;0;0;0;0;0;0;0;3.6;2;2.88;0;0;0;0;0;0;0;0;0;0;0;0;0;0;0;0;0;0;2.38;0;1.8;0;0;0;0;0;0;0;0;0;0;0;0;0;0;0;0;0;0;0;0;0;0;1;0;1;0;0;0;1;2020-12-10 10:00:00;885;0;42;9;25;0;1;-1;0;1;5;1;1;6;-1;-1;-1;-1;-1;-1;1;44;49;103;102;0.91;1.21;2.12;-1;-1;-1;-1;-1;-1;-1;1;0;0;0;1;-1;-1;-1;-1;-1;-1;-1;-1;-1;-1;-1;0;9;42;50;92;9;50;75;50;7.03;0;2.7;1.92;Van;Ararat;1.18;1.46;1;1.33;1;1.67;100;92;59;50;9;39;39;30;1.3;1.33;2.63;4613;24;Y;N;N;N;N;N;N
1064746;1361;96;2020/2021;complete;58517;7;-1;;38;0;1;1;2;3;5;-1;-1;3;2;0;1;2;2;2;1;4;3;-1;-1;50;50;3;4;2.59;3.04;2.73;1.07;1.48;2.43;4.58;8.45;6.8;2.48;1.49;1.16;1.04;2.03;1.72;0;0;0;0;1.38;1.3;1.44;3.4;1.91;3.5;2.9;2.25;3.05;0;0;0;0;0;0;0;0;0;0;0;0;0;0;0;1.95;5.25;2.25;0;0;1.47;3.34;9.4;0;2.48;1.29;1.03;0;1.35;2.62;6.2;20;2.98;1.44;1.09;1.01;0;0;0;0;1;0;1;0;0;0;1;2021-02-24 10:00:00;96;0;54;9;21;0;1;1;2;3;0;0;5;0;2;2;1;1;4;2;1;58;54;154;188;0.84;0.76;1.6;0;0;0;0;0;0;1;1;0;0;0;1;1;0;-1;-1;-1;-1;-1;-1;-1;-1;-1;9;9;34;54;100;21;63;84;21;8;0;6;2.04;Lori;Alashkert;1.08;1.92;1.67;2.5;1.82;1.8;92;92;67;46;0;34;34;9;1.37;0.88;2.25;4613;24;Y;N;N;N;N;N;N
1064747;882;883;2020/2021;complete;58517;7;-1;;11,47;0;2;2;5;3;8;-1;-1;-1;-1;-1;-1;-1;-1;-1;-1;-1;-1;-1;-1;-1;-1;-1;-1;1.47;4.1;6.5;0;0;0;0;0;0;0;0;0;0;0;0;0;0;0;0;0;0;0;0;0;0;0;0;0;0;0;0;0;0;0;0;0;0;0;0;0;0;0;0;0;0;0;0;0;0;0;0;0;0;0;0;0;0;0;0;0;0;0;0;0;0;0;0;0;2;0;1;0;1;1;1;2020-12-12 12:30:00;883;0;50;20;40;0;-1;-1;-1;-1;-1;-1;-1;-1;-1;-1;-1;-1;-1;-1;1;0;0;0;0;0;0;0;-1;-1;-1;-1;-1;-1;-1;1;0;0;-1;-1;-1;-1;-1;-1;-1;-1;-1;-1;-1;-1;-1;20;50;50;70;80;40;60;70;60;8.55;0;4.5;2.9;Pyunik;Shirak;0.55;0.45;0.8;0.2;0.56;0.22;80;50;50;30;20;45;33;33;1.27;1.06;2.33;4613;24;Y;Y;N;N;N;N;N
1064748;1362;883;2020/2021;complete;58517;8;-1;7,15,21,37,48,55,81;;7;0;7;0;4;4;-1;-1;1;1;0;0;10;2;10;5;20;7;-1;-1;63;37;1;1;1.36;4;7.5;1.04;1.26;1.88;3.08;5.55;11;3.4;1.93;1.31;1.11;1.99;1.75;0;0;0;0;1.1;1.18;2.35;1.83;2.3;7.5;1.78;2.66;6.2;0;0;0;0;0;0;0;0;0;0;0;0;0;0;0;1.29;10.25;4.5;0;0;1.33;2.66;6.2;15;3.1;1.43;1.09;1.02;1.2;2.11;4.28;11;4;1.66;1.18;1.03;0;0;0;0;7;4;0;3;0;3;4;2020-10-17 12:00:00;1362;0;100;50;100;0;1;1;0;1;0;3;1;3;0;1;1;0;1;1;1;80;39;137;79;2.54;0.87;3.41;0;0;0;0;0;0;1;1;1;0;0;0;0;0;-1;-1;-1;-1;-1;-1;-1;-1;-1;0;50;100;100;100;50;100;100;100;9;0;5;3.5;FC Avan Academy;Shirak;1.62;0.45;0;1;0.5;0.5;100;50;0;0;0;50;50;50;1.39;1.24;2.63;4613;24;Y;Y;Y;Y;Y;Y;N
1064749;96;882;2020/2021;complete;58517;8;-1;;;0;0;0;5;4;9;-1;-1;1;2;0;0;0;0;8;5;8;5;-1;-1;57;43;1;2;1.74;3.3;3.65;1.01;1.25;1.83;3.1;5.55;8.5;3.25;1.77;1.27;1.07;1.74;1.87;0;0;0;0;1.28;1.28;1.62;2.63;2.1;3.75;2.43;2.45;3.58;0;0;0;0;0;0;0;0;0;0;0;0;0;0;0;1.67;9.2;2.4;0;0;1.38;2.77;6.5;15;2.85;1.4;1.08;1.02;1.21;2.15;4.3;10;3.9;1.64;1.18;1.04;0;0;0;0;0;0;0;0;0;0;0;2020-10-18 12:00:00;-1;0;17;0;17;0;1;1;1;3;4;1;4;5;0;1;1;1;1;2;1;70;48;114;92;1.02;0.67;1.69;0;0;0;0;0;0;1;1;0;0;0;1;0;1;-1;-1;-1;-1;-1;-1;-1;-1;-1;0;0;17;17;84;0;50;50;17;8;0;4.67;1.17;Alashkert;Pyunik;1.91;1.46;1.33;0;1.75;0.25;100;100;84;84;17;17;17;17;1.14;1.21;2.35;4613;24;N;N;N;N;N;N;N
1064750;1360;1361;2020/2021;complete;58517;8;-1;31,56,66;82;3;1;4;3;2;5;-1;-1;-1;-1;-1;-1;4;3;3;2;7;5;-1;-1;50;50;-1;-1;1.8;3.35;4.4;1.06;1.39;2.23;4.1;7.3;7.5;2.72;1.55;1.19;1.06;2.03;1.72;0;0;0;0;1.38;1.28;1.48;2.88;2.2;3.25;2.68;2.49;3.08;0;0;0;0;0;0;0;0;0;0;0;0;0;0;0;1.8;9.9;2.2;0;0;1.35;2.62;6;15;2.98;1.44;1.09;1.02;1.21;2.07;4.06;10;3.9;1.69;1.2;1.04;0;0;0;0;4;1;0;2;1;3;1;2021-03-08 11:00:00;1360;0;67;27;37;0;1;-1;3;0;0;2;3;2;-1;-1;-1;-1;-1;-1;1;30;42;84;79;0.95;0.84;1.79;-1;-1;-1;-1;-1;-1;-1;1;0;0;1;0;-1;-1;-1;-1;-1;-1;-1;-1;-1;-1;-1;0;17;67;83;92;34;59;75;50;9.25;0;5;2.59;Artsakh;Lori;1.85;0.83;1.5;1.67;1.46;1.64;100;84;33;17;9;29;29;21;1.35;1.2;2.55;4613;24;Y;Y;Y;Y;N;N;Y
1064752;884;671668;2020/2021;complete;58517;8;-1;23,90;;2;0;2;7;0;7;-1;-1;1;4;0;0;7;4;9;3;16;7;-1;-1;57;43;1;4;2.05;3.15;2.95;1.02;1.28;1.95;3.35;6.1;8;3;1.69;1.23;1.05;1.77;1.83;0;0;0;0;1.4;1.25;1.55;2.88;2.2;3.25;2.65;2.5;2.95;0;0;0;0;0;0;0;0;0;0;0;0;0;0;0;1.8;10.25;2.2;3.75;5.5;1.34;2.77;6.7;15;3.04;1.4;1.07;1.02;1.22;2.2;4.4;10;3.8;1.61;1.17;1.04;0;0;0;0;2;1;0;1;0;1;1;2020-10-19 15:00:00;884;0;0;0;0;0;1;1;3;0;4;0;3;4;1;1;0;3;2;3;1;64;36;111;101;1.96;1;2.96;0;0;0;0;0;0;1;1;0;0;0;0;1;0;-1;-1;-1;-1;-1;-1;-1;-1;-1;0;0;50;50;100;25;25;75;0;7;0;11;2;Banants;Van;1.92;1.38;1.5;3;1.75;2;100;100;50;50;0;0;0;0;0.96;0.79;1.75;4613;24;Y;Y;N;N;N;N;N
1064753;671668;1362;2020/2021;complete;58517;9;-1;;55;0;1;1;2;4;6;-1;-1;1;1;0;0;4;2;4;7;8;9;-1;-1;48;52;1;1;3.2;3.3;2.1;1.03;1.31;2.05;3.48;7.1;8.9;3.08;1.75;1.25;1.06;1.83;1.89;0;0;0;0;1.62;1.29;1.31;3.84;2.1;2.78;3.7;2.39;2.44;0;0;0;0;0;0;0;0;0;0;0;0;0;0;0;2.41;8.5;1.77;0;0;1.41;2.89;7.3;15;2.73;1.37;1.06;1.02;1.25;2.26;4.8;10;3.6;1.58;1.14;1.04;0;0;0;0;1;0;0;0;1;1;0;2020-10-25 12:00:00;1362;0;0;0;0;0;1;1;1;2;1;2;3;3;0;0;1;1;0;2;1;60;85;114;129;1.23;1.33;2.56;0;0;0;0;0;0;1;1;0;0;0;0;0;0;-1;-1;-1;-1;-1;-1;-1;-1;-1;0;0;0;0;50;0;25;25;0;6;0.5;3;0.5;Van;FC Avan Academy;1.18;1.55;1.5;1;1.5;1.33;100;100;100;100;50;25;25;0;1.5;0.81;2.31;4613;24;Y;N;N;N;N;N;N
1064755;1361;885;2020/2021;complete;58517;9;-1;60;;1;0;1;6;5;11;-1;-1;3;3;0;0;3;2;8;6;11;8;-1;-1;50;50;3;3;2.5;2.85;2.5;1.03;1.32;2.05;3.65;6.6;7.5;2.85;1.61;1.2;1.04;1.8;1.8;0;0;0;0;1.5;1.3;1.39;3.25;2.05;3.2;3.18;2.34;2.8;0;0;0;0;0;0;0;0;0;0;0;0;0;0;0;1.91;8.1;2.1;0;0;1.43;2.98;7.8;17;2.66;1.35;1.05;1.01;1.28;2.32;5.1;12;3.4;1.55;1.13;1.03;0;0;0;0;1;0;0;1;0;1;0;2020-10-26 11:30:00;1361;0;25;0;25;0;1;1;4;3;2;2;7;4;1;1;2;2;2;4;1;83;69;96;100;1.5;1.15;2.65;0;0;0;0;0;0;1;1;0;0;0;1;0;0;-1;-1;-1;-1;-1;-1;-1;-1;-1;0;0;50;50;100;0;50;75;50;4.5;0;5.5;2;Lori;Ararat;1.08;1.46;1.5;1.5;1.5;2;100;100;50;50;0;0;0;0;1.26;1.55;2.81;4613;24;Y;N;N;N;N;N;N
1064756;882;1360;2020/2021;complete;58517;9;-1;;89;0;1;1;-1;-1;-1;-1;-1;4;3;1;0;-1;-1;-1;-1;-1;-1;-1;-1;-1;-1;6;3;0;0;0;0;0;0;0;0;0;0;0;0;0;0;0;0;0;0;0;0;0;0;0;0;0;0;0;0;0;0;0;0;0;0;0;0;0;0;0;0;0;0;0;0;0;0;0;0;0;0;0;0;0;0;0;0;0;0;0;0;0;0;0;0;0;0;0;0;1;0;0;0;1;1;0;2021-05-15 11:00:00;1360;0;39;17;11;0;-1;1;-1;-1;-1;-1;-1;-1;1;1;4;2;2;6;-1;0;0;0;0;0;0;0;0;0;0;0;0;0;1;1;0;0;-1;-1;1;0;-1;-1;-1;-1;-1;-1;-1;-1;-1;6;11;28;62;78;22;61;67;17;10.01;0;4.43;1.83;Pyunik;Artsakh;0.55;1.55;0.67;1.56;1.05;1.75;95;89;73;39;22;51;32;25;0.95;1.13;2.08;4613;24;Y;N;N;N;N;N;N
1064757;883;96;2020/2021;complete;58517;9;-1;51;10;1;1;2;2;4;6;-1;-1;1;3;0;0;-1;-1;-1;-1;-1;-1;-1;-1;-1;-1;1;3;7;6.5;1.29;1.02;1.2;1.63;2.55;4.42;15.25;4.1;2.15;1.45;1.17;1.9;1.8;0;0;0;0;2.55;1.15;1.09;6.5;2.4;1.8;6.25;2.95;1.62;0;0;0;0;0;0;0;0;0;0;0;0;0;0;0;3.85;11;1.29;0;0;1.28;2.35;5.2;0;3.4;1.54;1.12;0;1.15;1.86;3.5;0;4.7;1.86;1.26;0;0;0;0;0;2;0;1;1;0;1;1;2020-10-26 11:30:00;-1;0;0;0;0;0;-1;1;-1;-1;-1;-1;-1;-1;1;1;0;2;2;2;1;0;0;0;0;0;0;0;0;0;0;0;0;0;1;1;0;1;-1;-1;0;1;-1;-1;-1;-1;-1;-1;-1;-1;-1;0;0;50;50;100;0;50;100;50;8;0;1;2;Shirak;Alashkert;0.62;1.92;0;3;0.33;1.6;100;100;50;50;0;50;50;0;0;0;0;4613;24;Y;Y;N;N;N;N;Y
1064758;1362;96;2020/2021;complete;58517;10;-1;45;14,90;1;2;3;6;7;13;-1;-1;4;3;0;0;7;5;2;5;9;10;-1;-1;50;50;4;3;2.25;3.1;3;1.05;1.41;2.2;4.3;9;7.5;2.5;1.58;1.17;1.03;1.95;1.78;0;0;0;0;1.31;1.31;1.59;2.88;2;3.75;2.6;2.3;3.4;0;0;0;0;0;0;0;0;0;0;0;0;0;0;0;1.8;7.2;2.4;3.25;0;1.48;3.26;8.7;15;2.5;1.3;1.04;1.02;1.33;2.53;5.7;13;3.1;1.47;1.1;1.02;0;0;0;0;3;1;1;0;1;1;2;2021-05-22 15:30:00;96;0;48;14;19;0;1;1;5;2;1;5;7;6;0;1;4;2;1;6;1;70;66;83;103;1.56;1.46;3.03;0;0;0;0;0;0;1;1;0;0;1;1;0;0;-1;-1;-1;-1;-1;-1;-1;-1;-1;9;17;52;65;83;30;61;65;22;8.59;0;4.7;2.33;FC Avan Academy;Alashkert;1.62;1.92;1.75;1.73;1.73;1.76;92;83;49;35;18;42;36;10;1.44;0.93;2.37;4613;24;Y;Y;Y;N;N;N;Y
1064759;883;1360;2020/2021;complete;58517;10;-1;;42,47,55;0;3;3;-1;-1;-1;-1;-1;-1;-1;-1;-1;-1;-1;-1;-1;-1;-1;-1;-1;-1;-1;-1;-1;0;0;0;1.01;1.24;1.8;3.05;5.5;9;3.35;1.8;1.28;1.08;1.95;1.69;0;0;0;0;1.76;1.3;1.23;4.33;2;2.63;3.8;2.3;2.35;0;0;0;0;0;0;0;0;0;0;0;0;0;0;0;2.4;7.4;1.8;13;2.1;1.47;3.2;8.5;15;2.53;1.31;1.04;1.02;1.31;2.47;5.5;10;3.2;1.49;1.11;1.04;0;0;0;0;3;0;1;0;2;2;1;2020-10-30 11:00:00;1360;0;25;0;0;0;-1;-1;-1;-1;-1;-1;-1;-1;-1;-1;-1;-1;-1;-1;-1;0;0;0;0;0;0;0;-1;-1;-1;-1;-1;-1;-1;1;0;0;-1;-1;-1;-1;-1;-1;-1;-1;-1;-1;-1;-1;-1;0;0;50;75;100;25;75;100;25;6;0;3.5;2.25;Shirak;Artsakh;0.62;1.55;0.5;1.5;0.5;1.75;100;100;50;25;0;0;0;0;0;1.11;1.11;4613;24;Y;Y;Y;N;N;N;N
1064760;882;885;2020/2021;complete;58517;10;-1;87;81;1;1;2;4;7;11;-1;-1;2;1;0;0;3;6;5;9;8;15;-1;-1;50;50;2;1;2.55;3.15;2.3;1.01;1.25;1.83;3.1;5.75;8.75;3.25;1.8;1.27;1.08;1.69;1.95;0;0;0;0;1.45;1.3;1.38;3.25;2.1;2.95;2.9;2.5;2.65;0;0;0;0;0;0;0;0;0;0;0;0;0;0;0;2.05;9;1.91;0;0;1.35;2.75;6.5;15;3.02;1.4;1.1;1.02;1.25;2.05;4.32;9;3.74;1.68;1.2;1.05;0;0;0;0;2;0;0;1;1;2;0;2020-10-31 14:00:00;-1;0;17;0;17;0;1;1;2;3;2;4;5;6;0;1;2;0;1;2;1;61;102;106;112;1.16;2.1;3.26;0;0;0;0;0;0;1;1;0;0;2;1;0;0;-1;-1;-1;-1;-1;-1;-1;-1;-1;0;0;34;34;50;0;17;50;34;10;1;5;1.17;Pyunik;Ararat;0.55;1.46;1;1;0.4;1.5;100;100;67;67;50;25;25;25;1.02;1.35;2.37;4613;24;Y;Y;N;N;N;N;Y
1064761;1361;884;2020/2021;complete;58517;10;-1;16;2;1;1;2;4;2;6;-1;-1;-1;-1;-1;-1;3;2;4;3;7;5;-1;-1;54;46;-1;-1;2.45;2.85;2.65;1.05;1.38;2.25;4.05;7.5;7;2.6;1.51;1.15;1.02;1.95;1.71;0;0;0;0;1.45;1.33;1.4;3.5;1.91;3.4;3.1;2.2;2.95;0;0;0;0;0;0;0;0;0;0;0;0;0;0;0;2;6.75;2.2;0;0;1.51;3.4;9.4;0;2.4;1.27;1.03;0;1.34;2.55;6.2;12;3;1.45;1.09;1.03;0;0;0;0;2;1;1;0;0;0;2;2020-10-29 11:30:00;-1;0;25;0;25;0;1;-1;2;1;2;1;3;3;-1;-1;-1;-1;-1;-1;1;82;47;122;89;1.25;0.81;2.06;-1;-1;-1;-1;-1;-1;-1;1;0;1;1;0;-1;-1;-1;-1;-1;-1;-1;-1;-1;-1;-1;0;0;25;25;75;0;42;59;25;6;0;5.67;1.25;Lori;Banants;1.08;1.45;2;2;1.8;2;100;100;75;75;25;42;42;42;1.34;1.34;2.68;4613;24;Y;Y;N;N;N;N;Y
1064764;671668;1361;2020/2021;complete;58517;11;-1;37;71,80;1;2;3;1;7;8;-1;-1;-1;-1;-1;-1;2;4;2;5;4;9;-1;-1;43;57;-1;-1;2.15;2.85;3.05;1.06;1.4;2.3;4.14;7.5;7;2.68;1.6;1.18;1.05;2;1.72;0;0;0;0;1.31;1.31;1.59;2.88;2;3.75;2.63;2.27;3.64;0;0;0;0;0;0;0;0;0;0;0;0;0;0;0;1.83;7.4;2.38;0;0;1.47;3.2;8.5;0;2.53;1.31;1.04;0;1.32;2.47;5.5;13;3.14;1.49;1.11;1.02;0;0;0;0;3;1;0;0;2;2;1;2020-11-04 11:30:00;1361;0;25;0;50;0;1;-1;0;5;1;2;5;3;-1;-1;-1;-1;-1;-1;1;39;86;92;119;0.69;1.48;2.16;-1;-1;-1;-1;-1;-1;-1;1;0;0;0;1;-1;-1;-1;-1;-1;-1;-1;-1;-1;-1;-1;0;0;50;50;100;0;42;59;25;5;0;0.5;2;Van;Lori;1.18;0.83;1;1.5;1.2;1.67;100;100;50;50;0;17;17;0;1.37;0.95;2.32;4613;24;Y;Y;Y;N;N;N;Y
1064765;884;882;2020/2021;complete;58517;11;-1;;26;0;1;1;-1;-1;-1;-1;-1;-1;-1;-1;-1;-1;-1;-1;-1;-1;-1;-1;-1;-1;-1;-1;-1;1.95;3.3;3.5;1.11;1.49;2.35;4.3;8.75;6.25;2.4;1.52;1.19;1.07;2.05;1.68;0;0;0;0;1.22;1.25;1.68;2.65;1.91;4.4;2.42;2.2;4.32;0;0;0;0;0;0;0;0;0;0;0;0;0;0;0;1.69;6;2.7;0;0;1.5;3.28;9.2;0;2.4;1.28;1.03;0;1.3;2.6;6.5;20;3.2;1.45;1.07;1.01;0;0;0;0;1;0;1;0;0;0;1;2021-04-19 15:00:00;882;0;14;6;13;0;-1;-1;-1;-1;-1;-1;-1;-1;-1;-1;-1;-1;-1;-1;-1;0;0;0;0;0;0;0;-1;-1;-1;-1;-1;-1;-1;1;0;0;-1;-1;-1;-1;-1;-1;-1;-1;-1;-1;-1;-1;-1;0;0;45;58;95;14;53;62;20;9.47;0;3.4;1.97;Banants;Pyunik;1.92;1.46;2;1.11;1.6;0.94;100;100;56;42;6;29;18;18;1.27;1.17;2.44;4613;24;Y;N;N;N;N;N;N
1064766;885;883;2020/2021;complete;58517;11;-1;11,22,41,90;;4;0;4;7;4;11;-1;-1;1;3;0;0;-1;-1;-1;-1;-1;-1;-1;-1;-1;-1;1;3;1.09;9.84;26.87;0;0;0;0;0;0;0;0;0;0;0;0;0;0;0;0;0;0;0;0;0;0;0;0;0;0;0;0;0;0;0;0;0;0;0;0;0;0;0;0;0;0;0;0;0;0;0;0;0;0;0;0;0;0;0;0;0;0;0;0;0;0;0;0;0;4;3;0;1;0;1;3;2020-11-03 15:00:00;885;0;25;25;25;0;-1;1;-1;-1;-1;-1;-1;-1;0;1;1;2;1;3;1;0;0;0;0;0;0;0;0;0;0;0;0;0;1;1;0;0;-1;-1;0;0;-1;-1;-1;-1;-1;-1;-1;-1;-1;25;50;50;50;100;50;50;100;50;9;0;4;3.25;Ararat;Shirak;1.91;0.45;3;0.5;1.4;0.4;75;50;50;50;0;25;25;25;1.01;1.06;2.07;4613;24;Y;Y;Y;Y;N;N;N
1064767;1360;96;2020/2021;complete;58517;11;-1;86;25,45;1;2;3;5;5;10;-1;-1;-1;-1;-1;-1;2;4;0;2;2;6;-1;-1;50;50;-1;-1;2.6;3;2.4;1.05;1.29;1.92;3.18;5.85;9.65;3.3;1.79;1.3;1.1;1.72;2;0;0;0;0;1.45;1.32;1.38;3.25;2.05;3;2.95;2.45;2.7;0;0;0;0;0;0;0;0;0;0;0;0;0;0;0;2.03;8.9;2.04;0;0;1.39;2.81;7;15;2.81;1.39;1.07;1.02;1.23;2.2;4.6;10;3.7;1.61;1.16;1.04;0;0;0;0;3;0;2;1;0;1;2;2020-11-02 12:00:00;96;0;75;25;50;0;1;-1;2;2;3;3;4;6;-1;-1;-1;-1;-1;-1;1;66;53;97;90;0.76;1.05;1.81;0;1;0;1;0;0;1;1;0;0;2;0;-1;-1;-1;-1;-1;-1;-1;-1;-1;-1;-1;0;25;50;75;100;25;50;100;50;12;0;6.5;2.5;Artsakh;Alashkert;1.85;1.92;2;2;2;1.5;100;75;50;25;0;50;50;25;1.77;0;1.77;4613;24;Y;Y;Y;N;N;N;Y
1064768;1362;1360;2020/2021;complete;58517;12;-1;8,39,70;35;3;1;4;5;6;11;-1;-1;5;3;0;0;5;3;2;5;7;8;-1;-1;50;50;5;3;2;3.2;3.3;1.05;1.37;2.2;3.84;7.5;8;2.83;1.65;1.21;1.06;1.95;1.75;0;0;0;0;1.26;1.3;1.67;2.75;2.05;4;2.45;2.32;3.86;0;0;0;0;0;0;0;0;0;0;0;0;0;0;0;1.67;7.7;2.5;2.9;6.5;1.44;3.1;7.3;34;2.61;1.33;1.06;1.01;1.3;2.39;5.05;11;3.26;1.52;1.13;1.03;0;0;0;0;4;2;1;1;0;1;3;2020-11-23 13:00:00;1362;0;25;0;25;0;1;1;4;3;1;3;7;4;1;0;4;3;1;7;1;68;104;146;177;1.3;1.49;2.79;0;0;0;0;0;0;1;1;1;0;3;0;0;0;-1;-1;-1;-1;-1;-1;-1;-1;-1;25;25;84;84;100;42;84;100;67;5.5;0;3.5;3.67;FC Avan Academy;Artsakh;1.62;1.55;1.5;2;1.6;1.57;75;75;17;17;0;0;0;0;1.97;1.11;3.08;4613;24;Y;Y;Y;Y;N;N;Y
1064769;96;885;2020/2021;complete;58517;12;-1;53;22,50;1;2;3;12;1;13;-1;-1;4;2;0;1;6;4;8;3;14;7;-1;-1;61;39;4;4;1.91;2.8;3.9;1.02;1.29;2;3.45;6.5;8;2.95;1.67;1.22;1.05;1.74;1.87;0;0;0;0;1.2;1.26;1.89;2.4;2.1;4.33;2.21;2.46;4.15;0;0;0;0;0;0;0;0;0;0;0;0;0;0;0;1.63;8.9;2.69;3.25;5.75;1.39;2.81;6.6;15;2.81;1.39;1.08;1.02;1.23;2.2;4.52;11;3.7;1.61;1.16;1.03;0;0;0;0;3;0;1;1;1;2;1;2020-11-21 10:30:00;885;0;38;0;38;0;1;1;2;1;10;0;3;10;0;1;4;2;1;6;1;106;20;112;77;2.06;0.88;2.94;0;1;0;1;0;0;1;1;0;0;0;0;0;0;-1;-1;-1;-1;-1;-1;-1;-1;-1;0;0;38;50;75;0;25;75;50;9.25;0;4.08;1.63;Alashkert;Ararat;1.91;1.46;1.25;1;1.71;1.67;100;100;63;50;25;59;46;46;1.11;1.6;2.71;4613;24;Y;Y;Y;N;N;N;Y
1064770;883;884;2020/2021;complete;58517;12;-1;;30,45,59;0;3;3;2;4;6;-1;-1;1;3;0;0;-1;-1;-1;-1;-1;-1;-1;-1;-1;-1;1;3;0;0;0;0;0;0;0;0;0;0;0;0;0;0;0;0;0;0;0;0;0;0;0;0;0;0;0;0;0;0;0;0;0;0;0;0;0;0;0;0;0;0;0;0;0;0;0;0;0;0;0;0;0;0;0;0;0;0;0;0;0;0;0;0;0;0;0;0;3;0;2;0;1;1;2;2020-11-22 10:30:00;884;0;50;17;17;0;-1;1;-1;-1;-1;-1;-1;-1;0;2;1;1;2;2;1;0;0;0;0;0;0;0;0;0;0;0;0;0;1;1;0;0;-1;-1;0;0;-1;-1;-1;-1;-1;-1;-1;-1;-1;0;0;50;84;84;17;84;67;50;4.67;0;3;2.17;Shirak;Banants;0.62;1.45;0.33;1.67;0.33;1.83;100;100;50;17;17;17;17;17;0;1.16;1.16;4613;24;Y;Y;Y;N;N;N;N
1064771;882;671668;2020/2021;complete;58517;12;-1;;;0;0;0;4;3;7;-1;-1;0;3;0;0;4;4;9;6;13;10;-1;-1;47;53;0;3;2.3;3;2.7;1.04;1.36;2.2;3.95;7.25;7;2.65;1.54;1.17;1.03;1.91;1.71;0;0;0;0;1.33;1.33;1.54;3.1;1.91;3.75;2.74;2.2;3.58;0;0;0;0;0;0;0;0;0;0;0;0;0;0;0;1.93;6.75;2.32;0;0;1.51;3.4;8.3;17;2.42;1.28;1.04;1.01;1.35;2.62;5.75;12;2.98;1.44;1.1;1.03;0;0;0;0;0;0;0;0;0;0;0;2020-11-21 14:00:00;-1;0;25;0;25;0;1;1;1;1;3;2;2;5;0;0;0;3;0;3;1;75;58;93;98;1.64;1.34;2.97;0;0;0;0;0;0;1;1;0;0;0;0;0;0;-1;-1;-1;-1;-1;-1;-1;-1;-1;0;0;0;50;75;0;25;75;25;7;0;8;1.25;Pyunik;Van;0.55;1.38;1;1.5;0.5;1;100;100;100;50;25;25;25;25;1.09;0.89;1.98;4613;24;N;N;N;N;N;N;N
1064773;1361;1362;2020/2021;complete;58517;13;-1;;56;0;1;1;4;1;5;-1;-1;3;2;0;0;3;2;7;2;10;4;-1;-1;60;40;3;2;3.6;3.25;1.8;1.04;1.36;2.2;3.95;7.25;7;2.65;1.54;1.17;1.03;2;1.65;0;0;0;0;1.52;1.32;1.32;3.75;1.95;3;3.3;2.3;2.6;0;0;0;0;0;0;0;0;0;0;0;0;0;0;0;2.2;7.1;2;6;2.87;1.49;3.26;7.9;41;2.47;1.3;1.05;1.01;1.33;2.53;5.65;12;3.1;1.47;1.11;1.03;0;0;0;0;1;0;0;0;1;1;0;2020-11-28 10:30:00;1362;0;13;13;0;0;1;1;1;1;3;0;2;3;2;1;1;1;3;2;1;102;66;129;104;1.58;0.88;2.46;0;0;0;0;0;0;1;1;0;0;1;0;1;0;-1;-1;-1;-1;-1;-1;-1;-1;-1;0;0;0;13;67;13;25;42;0;6.92;0;5.67;0.79;Lori;FC Avan Academy;1.08;1.55;1.75;1.67;1.86;1.83;100;100;100;88;34;13;13;13;1.32;1.11;2.43;4613;24;Y;N;N;N;N;N;N
1064775;671668;883;2020/2021;complete;58517;13;-1;24,71,81;36;3;1;4;5;2;7;-1;-1;-1;-1;-1;-1;-1;-1;-1;-1;-1;-1;-1;-1;-1;-1;-1;-1;1.21;5.5;9.6;1.05;1.25;1.8;3;5.75;11;3.6;1.91;1.36;1.12;2.3;1.57;0;0;0;0;1.01;1.14;3.2;1.6;2.4;8.5;1.5;2.95;9;0;0;0;0;0;0;0;0;0;0;0;0;0;0;0;1.28;11;4.4;1.87;17;1.4;2.8;7.5;23;2.75;1.4;1.08;1.02;1.18;2.05;3.9;0;4.3;1.68;1.21;0;0;0;0;0;4;1;1;2;0;2;2;2020-11-26 10:30:00;671668;0;29;17;17;0;-1;-1;-1;-1;-1;-1;-1;-1;-1;-1;-1;-1;-1;-1;1;0;0;0;0;0;0;0;-1;-1;-1;-1;-1;-1;-1;1;0;0;-1;-1;-1;-1;-1;-1;-1;-1;-1;-1;-1;-1;-1;17;50;63;63;100;50;75;88;46;6.42;0;3.5;3.25;Van;Shirak;1.18;0.45;0.75;0.33;1;0.29;84;50;38;38;0;46;46;34;1.14;1.06;2.2;4613;24;Y;Y;Y;Y;N;N;Y
1064776;884;96;2020/2021;complete;58517;13;-1;90;19,66;1;2;3;7;1;8;-1;-1;2;2;0;0;5;3;5;1;10;4;-1;-1;47;53;2;2;2.7;2.65;2.55;1.04;1.36;2.15;3.9;7.25;7;2.7;1.56;1.17;1.03;1.83;1.8;0;0;0;0;1.35;1.3;1.48;3.1;2;3.5;2.65;2.4;3.1;0;0;0;0;0;0;0;0;0;0;0;0;0;0;0;1.83;7.6;2.25;4.33;4;1.43;3;8;41;2.6;1.34;1.05;1.01;1.28;2.3;5.3;11;3.3;1.54;1.12;1.03;0;0;0;0;3;0;1;1;1;2;1;2020-11-26 14:00:00;96;0;34;0;0;0;1;1;1;1;6;0;2;6;0;1;2;1;1;3;1;37;32;55;70;1.25;0.7;1.95;0;0;0;0;0;0;1;1;0;0;1;0;0;0;-1;-1;-1;-1;-1;-1;-1;-1;-1;0;0;50;84;100;33;67;84;0;10.67;0;5.5;2.34;Banants;Alashkert;1.92;1.92;2;2.33;2;1.5;100;100;50;17;0;34;34;0;1.46;1.05;2.51;4613;24;Y;Y;Y;N;N;N;Y
1064777;885;1360;2020/2021;complete;58517;13;-1;83;22;1;1;2;5;13;18;-1;-1;0;1;0;0;4;4;4;8;8;12;-1;-1;50;50;0;1;2.5;3.15;2.35;1.02;1.28;1.95;3.4;6;8.25;3;1.69;1.24;1.06;1.74;1.87;0;0;0;0;1.35;1.28;1.55;2.75;2.2;3.5;2.56;2.47;3.3;0;0;0;0;0;0;0;0;0;0;0;0;0;0;0;1.73;9.5;2.25;4.6;4.5;1.36;2.69;6.8;15;2.94;1.42;1.07;1.02;1.22;2.11;4.4;10;3.8;1.67;1.17;1.04;0;0;0;0;2;0;1;1;0;1;1;2020-11-27 14:00:00;-1;0;13;13;0;0;1;1;2;4;3;9;6;12;0;0;0;1;0;1;1;71;77;115;116;1.31;1.6;2.91;0;0;0;0;0;0;1;1;0;0;0;0;0;0;-1;-1;-1;-1;-1;-1;-1;-1;-1;0;38;63;63;100;50;63;100;13;10.17;0;3.67;2.63;Ararat;Artsakh;1.91;1.55;3;1.5;1.86;1.38;100;63;38;38;0;42;42;42;1.01;1.24;2.25;4613;24;Y;Y;N;N;N;N;Y
1064778;1362;885;2020/2021;complete;58517;14;-1;;;0;0;0;3;5;8;-1;-1;-1;-1;-1;-1;2;3;5;4;7;7;-1;-1;50;50;-1;-1;1.95;3.3;3.29;1.02;1.29;1.93;3.3;6.6;9.5;3.27;1.74;1.28;1.08;1.8;1.9;2.5;1.48;4.33;1.18;1.29;1.29;1.73;2.5;2.2;4;2.3;2.45;3.7;0;0;0;0;0;0;0;0;0;0;0;0;0;0;0;1.62;8.8;2.5;3.1;7.5;1.38;2.75;6.9;15;2.8;1.4;1.07;1.02;1.23;2.12;4.6;10;3.7;1.64;1.16;1.04;0;0;0;0;0;0;0;0;0;0;0;2020-12-02 10:30:00;-1;0;64;17;47;0;1;-1;1;2;2;3;3;5;-1;-1;-1;-1;-1;-1;1;50;45;66;70;0.94;0.98;1.92;0;0;0;0;0;0;1;1;0;0;1;0;-1;-1;-1;-1;-1;-1;-1;-1;-1;-1;-1;17;34;80;90;100;34;70;100;74;6.67;0;5.2;3.54;FC Avan Academy;Ararat;1.62;1.46;2;1.4;2;1.75;84;67;20;10;0;54;54;54;1.75;1.42;3.17;4613;24;N;N;N;N;N;N;N
1064779;1360;884;2020/2021;complete;58517;14;-1;10;30;1;1;2;5;2;7;-1;-1;3;1;0;0;4;3;4;6;8;9;-1;-1;50;50;3;1;2.4;3.2;2.6;1.05;1.33;2.1;3.6;7.5;8.5;2.98;1.7;1.25;1.06;1.85;1.85;0;0;0;0;1.45;1.33;1.5;3.1;2.05;3.25;2.85;2.35;2.95;0;0;0;0;0;0;0;0;0;0;0;0;0;0;0;1.91;8.3;2.2;3.5;5.8;1.42;2.94;7.6;29;2.69;1.36;1.05;1.01;1.26;2.3;5;0;3.5;1.56;1.14;0;0;0;0;0;2;1;1;0;0;0;2;2020-12-01 10:00:00;-1;0;63;25;38;0;1;1;0;1;5;1;1;6;1;0;2;1;1;3;1;90;57;119;92;1.44;1.19;2.64;0;1;0;1;0;0;1;1;1;0;0;0;0;0;-1;-1;-1;-1;-1;-1;-1;-1;-1;0;13;63;75;75;50;63;63;38;7.75;0;5.5;2.25;Artsakh;Banants;1.85;1.45;1.25;2;1.33;1.75;100;88;38;25;25;38;38;25;1.34;1.16;2.5;4613;24;Y;Y;N;N;N;N;Y
1064780;96;671668;2020/2021;complete;58517;14;-1;36,69;76;2;1;3;6;1;7;-1;-1;-1;-1;-1;-1;5;3;7;4;12;7;-1;-1;50;50;-1;-1;1.61;3.35;4.5;1.03;1.31;2.05;3.6;6.5;7.75;2.9;1.65;1.2;1.05;1.95;1.69;0;0;0;0;1.17;1.22;2.1;2.2;2.3;4.75;2.02;2.75;4.54;0;0;0;0;0;0;0;0;0;0;0;0;0;0;0;1.44;9.3;3;2.35;8;1.33;2.6;6.4;17;3.05;1.43;1.08;1.01;1.2;1.95;3.84;11;3.94;1.75;1.22;1.03;0;0;0;0;3;1;0;1;1;2;1;2020-11-30 10:00:00;96;0;20;0;20;0;1;-1;4;0;2;1;4;3;-1;-1;-1;-1;-1;-1;1;61;39;151;112;1.57;0.95;2.52;-1;-1;-1;-1;-1;-1;-1;1;0;0;0;0;-1;-1;-1;-1;-1;-1;-1;-1;-1;-1;-1;0;0;20;37;64;0;37;64;20;8.13;0;7.42;1.2;Alashkert;Van;1.91;1.38;1;1.33;1.67;1.25;100;100;80;64;37;30;20;20;1.3;1.04;2.34;4613;24;Y;Y;Y;N;N;N;Y
1064782;882;1361;2020/2021;complete;58517;14;-1;74;46;1;1;2;-1;-1;-1;-1;-1;-1;-1;-1;-1;-1;-1;-1;-1;-1;-1;-1;-1;-1;-1;-1;-1;2.45;2.95;2.55;1.04;1.34;2.15;3.9;7;7.25;2.7;1.57;1.17;1.03;1.87;1.77;0;0;0;0;1.53;1.3;1.36;3.6;2;3;3.3;2.25;2.65;0;0;0;0;0;0;0;0;0;0;0;0;0;0;0;2.1;7.1;2;3.6;4.8;1.48;3.3;9;23;2.47;1.29;1.03;1.01;1.32;2.48;5.9;11;3.1;1.47;1.1;1.03;0;0;0;0;2;0;0;1;1;2;0;2020-12-02 13:30:00;-1;0;50;0;42;0;-1;-1;-1;-1;-1;-1;-1;-1;-1;-1;-1;-1;-1;-1;-1;0;0;0;0;0;0;0;-1;-1;-1;-1;-1;-1;-1;1;0;0;-1;-1;-1;-1;-1;-1;-1;-1;-1;-1;-1;-1;-1;0;0;50;67;67;0;34;50;50;9.67;0;1.67;1.84;Pyunik;Lori;0.55;0.83;1;2;0.57;1.63;100;100;50;34;34;17;17;17;1.27;1.21;2.48;4613;24;Y;Y;N;N;N;N;Y
1064783;882;1362;2020/2021;complete;58517;15;-1;;25;0;1;1;5;4;9;-1;-1;1;1;0;0;-1;-1;-1;-1;-1;-1;-1;-1;-1;-1;1;1;4.5;3.52;1.74;1.03;1.33;1.91;3.64;7.3;8.7;3.05;1.8;1.23;1.06;1.96;1.77;0;0;0;0;1.98;1.26;1.17;5;2.1;2.3;4.6;2.42;2.14;0;0;0;0;0;0;0;0;0;0;0;0;0;0;0;2.9;8.3;1.58;0;0;1.42;2.94;7.5;17;2.69;1.36;1.06;1.01;1.26;2.3;4.9;12;3.5;1.56;1.14;1.03;0;0;0;0;1;0;1;0;0;0;1;2020-12-06 10:30:00;1362;0;25;0;25;0;1;1;1;4;4;0;5;4;1;0;0;1;1;1;1;58;41;102;74;0;0;0;0;1;0;1;0;0;1;1;0;0;0;2;0;0;-1;-1;-1;-1;-1;-1;-1;-1;-1;0;0;0;25;50;0;0;50;25;7.67;0;3.67;0.75;Pyunik;FC Avan Academy;0.55;1.55;1;2;0.63;1.88;100;100;100;75;50;17;17;17;1.27;1.05;2.32;4613;24;Y;N;N;N;N;N;N
1064784;1361;883;2020/2021;complete;58517;15;-1;18,50,85;48,64;3;2;5;4;3;7;-1;-1;-1;-1;-1;-1;-1;-1;-1;-1;-1;-1;-1;-1;-1;-1;-1;-1;1.15;8.05;10.5;1.02;1.16;1.57;2.38;3.8;18.5;4.52;2.3;1.53;1.22;2.05;1.68;0;0;0;0;1.05;1.1;3.15;1.58;2.65;8.75;1.42;3.25;8.75;0;0;0;0;0;0;0;0;0;0;0;0;0;0;0;1.22;18;4.5;1.83;26;1.27;2.36;5.05;17;3.4;1.53;1.13;1.03;1.15;1.78;3.4;0;4.7;1.95;1.27;0;0;0;0;0;5;1;0;2;2;4;1;2020-12-08 10:00:00;1361;0;35;35;13;0;-1;-1;-1;-1;-1;-1;-1;-1;-1;-1;-1;-1;-1;-1;1;0;0;0;0;0;0;0;-1;-1;-1;-1;-1;-1;-1;1;0;0;-1;-1;-1;-1;-1;-1;-1;-1;-1;-1;-1;-1;-1;13;50;50;60;100;60;70;80;38;7.4;0;6.5;2.98;Lori;Shirak;1.08;0.45;1.4;0.25;1.56;0.25;88;50;50;40;0;35;35;35;1.37;1.06;2.43;4613;24;Y;Y;Y;Y;Y;N;Y
1064786;671668;1360;2020/2021;complete;58517;15;-1;;27;0;1;1;5;2;7;-1;-1;-1;-1;-1;-1;5;3;8;7;13;10;-1;-1;50;50;-1;-1;3.05;3.1;2.05;1.04;1.36;2.2;3.95;7.25;7;2.65;1.54;1.17;1.03;1.95;1.69;0;0;0;0;1.73;1.33;1.25;4.33;2;2.63;3.9;2.35;2.3;0;0;0;0;0;0;0;0;0;0;0;0;0;0;0;2.4;7.4;1.8;5.2;3.4;1.47;3.2;8.8;41;2.53;1.31;1.03;1.01;1.32;2.47;5.8;13;3.14;1.49;1.1;1.02;0;0;0;0;1;0;1;0;0;0;1;2020-12-05 10:00:00;1360;0;40;20;0;0;1;-1;2;1;3;1;3;4;-1;-1;-1;-1;-1;-1;1;82;75;138;100;1.77;1.39;3.16;-1;-1;-1;-1;-1;-1;-1;1;0;0;0;0;-1;-1;-1;-1;-1;-1;-1;-1;-1;-1;-1;0;20;50;60;100;30;70;90;30;9.15;0;2.75;2.3;Van;Artsakh;1.18;1.55;1.2;1.4;1.11;1.3;100;80;50;40;0;35;35;25;1.14;1.33;2.47;4613;24;Y;N;N;N;N;N;N
1064787;884;885;2020/2021;complete;58517;15;-1;33,68;;2;0;2;4;4;8;-1;-1;2;1;0;0;3;4;5;6;8;10;-1;-1;50;50;2;1;2.7;2.9;2.35;1.09;1.39;2.1;3.55;7;6.25;2.55;1.56;1.22;1.07;1.91;1.74;0;0;0;0;1.44;1.3;1.44;3.2;2.05;3.2;2.97;2.35;2.97;0;0;0;0;0;0;0;0;0;0;0;0;0;0;0;2.05;8.3;2.05;0;0;1.42;2.94;6.95;15;2.69;1.36;1.07;1.02;1.29;2.3;4.82;10;3.34;1.56;1.15;1.04;0;0;0;0;2;1;0;1;0;1;1;2021-05-22 15:30:00;884;0;40;19;19;0;1;1;1;0;3;4;1;7;0;0;2;1;0;3;1;34;66;96;114;0.97;1.4;2.37;0;0;0;0;0;0;1;1;0;0;0;0;0;0;-1;-1;-1;-1;-1;-1;-1;-1;-1;0;0;43;61;92;22;61;62;22;9.25;0;3.53;1.96;Banants;Ararat;1.92;1.46;1.83;1.45;1.59;1.7;100;100;57;39;9;44;44;44;1.25;1.38;2.63;4613;24;Y;Y;N;N;N;N;N
1064788;1362;884;2020/2021;complete;58517;16;-1;;48;0;1;1;8;3;11;-1;-1;2;2;0;0;3;4;5;1;8;5;-1;-1;59;41;2;2;1.83;3.4;4.16;1.05;1.35;2.15;3.74;7.2;8;2.88;1.68;1.22;1.06;1.96;1.77;0;0;0;0;1.19;1.27;1.9;2.4;2.05;4.75;2.24;2.38;4.38;0;0;0;0;0;0;0;0;0;0;0;0;0;0;0;1.53;8;3;0;0;1.43;3.04;7.8;0;2.66;1.34;1.05;0;1.29;2.35;5.2;15;3.36;1.54;1.13;1.01;0;0;0;0;1;0;0;0;1;1;0;2021-03-02 10:00:00;884;0;55;37;19;0;1;1;3;1;5;2;4;7;1;0;1;2;1;3;1;80;37;115;92;1.3;0.88;2.18;0;0;0;0;0;0;1;1;0;0;2;0;0;0;-1;-1;-1;-1;-1;-1;-1;-1;-1;10;20;57;82;82;55;82;65;29;6.57;0;4.75;2.7;FC Avan Academy;Banants;1.62;1.45;2;1.5;1.91;1.5;90;80;44;19;19;27;27;19;1.6;1.01;2.61;4613;24;Y;N;N;N;N;N;N
1064789;885;671668;2020/2021;complete;58517;16;-1;;;0;0;0;5;1;6;-1;-1;-1;-1;-1;-1;3;3;5;2;8;5;-1;-1;50;50;-1;-1;1.25;5;9;1.05;1.48;1.47;4.1;8.6;7.6;2.49;2.55;1.2;1.04;2.9;1.36;0;0;0;0;1.05;1.18;2.8;1.8;2.2;11;1.75;2.4;7.75;0;0;0;0;0;0;0;0;0;0;0;0;0;0;0;1.14;6.75;11;0;0;1.51;3.4;9.4;17;2.42;1.28;1.03;1.01;1.35;2.62;6.2;17;2.98;1.44;1.09;1.01;0;0;0;0;0;0;0;0;0;0;0;2021-03-01 11:30:00;-1;0;19;0;9;0;1;-1;4;0;1;1;4;2;-1;-1;-1;-1;-1;-1;1;69;32;105;83;1.22;0.77;1.99;0;0;0;0;0;0;1;1;0;0;0;0;-1;-1;-1;-1;-1;-1;-1;-1;-1;-1;-1;0;19;27;55;84;10;55;84;17;8;0;4.55;1.84;Ararat;Van;1.91;1.38;2.6;0.83;2;0.85;100;82;74;45;17;49;30;20;1.02;1.03;2.05;4613;24;N;N;N;N;N;N;N
1064791;96;1361;2020/2021;complete;58517;16;-1;36,79;40;2;1;3;5;3;8;-1;-1;-1;-1;-1;-1;5;4;4;5;9;9;-1;-1;56;44;-1;-1;1.95;3.1;3.4;1.1;1.43;2.32;3.6;7;6;2.62;1.54;1.21;1.07;2;1.65;0;0;0;0;1.24;1.3;1.65;2.6;2;4.3;2.35;2.3;3.8;0;0;0;0;0;0;0;0;0;0;0;0;0;0;0;1.62;7.4;2.75;0;0;1.47;3.2;8.5;17;2.53;1.31;1.06;1.01;1.31;2.45;5.3;19;3.2;1.5;1.12;1.01;0;0;0;0;3;1;1;1;0;1;2;2021-02-28 10:00:00;96;0;55;0;50;0;1;-1;3;3;2;0;6;2;-1;-1;-1;-1;-1;-1;1;63;45;105;88;1.38;1.18;2.56;-1;-1;-1;-1;-1;-1;-1;1;0;0;1;2;-1;-1;-1;-1;-1;-1;-1;-1;-1;-1;-1;0;0;55;65;84;0;45;74;55;11.16;0;4.75;2.04;Alashkert;Lori;1.91;0.83;1.33;2;1.91;1.67;100;100;45;35;17;42;33;33;1.35;1.21;2.56;4613;24;Y;Y;Y;N;N;N;Y
1064792;883;882;2020/2021;complete;58517;16;-1;;57,90;0;2;2;6;3;9;-1;-1;-1;-1;-1;-1;-1;-1;-1;-1;-1;-1;-1;-1;-1;-1;-1;-1;2.6;3.4;2.6;1.05;1.43;2.05;3.63;6.65;9.5;2.77;1.77;1.24;1.08;2;1.72;0;0;0;0;1.85;1.23;1.2;4.75;2.05;2.4;4.2;2.5;2.05;0;0;0;0;0;0;0;0;0;0;0;0;0;0;0;2.75;7.25;1.59;0;0;1.43;3.15;8.7;0;2.77;1.34;1.04;0;1.3;2.45;5.7;17;3.26;1.5;1.1;1.01;0;0;0;0;2;0;0;0;2;2;0;2021-03-01 10:00:00;882;0;19;10;0;0;-1;-1;-1;-1;-1;-1;-1;-1;-1;-1;-1;-1;-1;-1;1;0;0;0;0;0;0;0;-1;-1;-1;-1;-1;-1;-1;1;0;0;-1;-1;-1;-1;-1;-1;-1;-1;-1;-1;-1;-1;-1;0;0;35;44;82;19;64;62;17;7.35;0;2.75;1.6;Shirak;Pyunik;0.62;1.46;0.33;0.2;0.5;0.45;100;100;65;57;19;35;13;13;0;1.08;1.08;4613;24;Y;Y;N;N;N;N;N
1064793;883;1362;2020/2021;complete;58517;17;-1;54,80;52,78;2;2;4;3;3;6;-1;-1;-1;-1;-1;-1;-1;-1;-1;-1;-1;-1;-1;-1;-1;-1;-1;-1;6.5;5.5;1.33;0;0;0;0;0;0;0;0;0;0;0;0;0;0;0;0;0;0;0;0;0;0;0;0;0;0;0;0;0;0;0;0;0;0;0;0;0;0;0;0;0;0;0;0;0;0;0;0;0;0;0;0;0;0;0;0;0;0;0;0;0;0;0;0;0;4;0;0;2;2;4;0;2021-03-07 10:00:00;-1;0;7;0;0;0;-1;-1;-1;-1;-1;-1;-1;-1;-1;-1;-1;-1;-1;-1;1;0;0;0;0;0;0;0;-1;-1;-1;-1;-1;-1;-1;1;0;0;-1;-1;-1;-1;-1;-1;-1;-1;-1;-1;-1;-1;-1;0;0;22;36;77;7;37;68;22;7.7;0;2.67;1.34;Shirak;FC Avan Academy;0.62;1.55;0.29;1.83;0.46;1.75;100;100;79;65;24;47;10;10;0;1.09;1.09;4613;24;Y;Y;Y;Y;N;N;Y
1064794;882;96;2020/2021;complete;58517;17;-1;43;69;1;1;2;4;5;9;-1;-1;-1;-1;-1;-1;2;2;1;1;3;3;-1;-1;68;32;-1;-1;5;4;1.5;1.08;1.35;1.82;3.4;6.5;6.75;2.7;2.01;1.24;1.08;1.87;1.77;0;0;0;0;2.38;1.19;1.11;5.5;2.38;2;5.15;2.75;1.85;0;0;0;0;0;0;0;0;0;0;0;0;0;0;0;2.88;11;1.44;0;0;1.31;2.45;5.6;15;3.2;1.5;1.11;1.02;1.17;1.94;3.7;10;4.5;1.79;1.25;1.03;0;0;0;0;2;1;0;0;1;1;1;2021-03-05 10:00:00;-1;0;47;0;27;0;1;-1;3;2;1;3;5;4;-1;-1;-1;-1;-1;-1;1;30;54;61;76;0.55;0.73;1.28;-1;-1;-1;-1;-1;-1;-1;1;0;0;1;0;-1;-1;-1;-1;-1;-1;-1;-1;-1;-1;-1;0;0;20;55;84;10;57;65;27;9;0;4.5;1.59;Pyunik;Alashkert;0.55;1.92;0.67;2.6;0.67;2;100;100;80;45;17;40;30;10;1.27;0.84;2.11;4613;24;Y;Y;N;N;N;N;Y
1064795;1361;1360;2020/2021;complete;58517;17;-1;12,90;;2;0;2;0;8;8;-1;-1;6;4;0;0;3;2;0;0;3;2;-1;-1;36;64;6;4;3.15;2.94;2.32;1.1;1.5;1.5;3.75;7.75;5.75;2.4;2.45;1.2;1.06;2;1.67;0;0;0;0;1.55;1.33;1.32;3.94;1.95;3.02;3.58;2.21;2.73;0;0;0;0;0;0;0;0;0;0;0;0;0;0;0;2.34;6.75;1.92;0;0;1.51;3.4;7.9;0;2.42;1.28;1.05;0;1.35;2.62;5.7;18;2.98;1.44;1.11;1.03;0;0;0;0;2;1;0;1;0;1;1;2021-03-04 10:00:00;1361;0;31;16;7;0;1;1;0;6;0;2;6;2;2;2;4;2;4;6;1;27;56;67;80;0.61;0.68;1.29;0;0;0;0;0;0;1;1;0;0;0;2;0;1;-1;-1;-1;-1;-1;-1;-1;-1;-1;7;16;32;48;100;24;70;70;16;9.09;0;5.65;2.02;Lori;Artsakh;1.08;1.55;1.43;1.67;1.54;1.58;93;85;68;52;0;27;27;27;1.28;1.34;2.62;4613;24;Y;Y;N;N;N;N;N
1064797;671668;884;2020/2021;complete;58517;17;-1;24,27,77;81;3;1;4;4;5;9;-1;-1;1;2;0;0;5;3;1;6;6;9;-1;-1;50;50;1;2;2.5;3.1;2.52;1.05;1.41;2.19;4.2;8.7;7.6;2.7;1.57;1.19;1.04;2;1.72;0;0;0;0;1.44;1.3;1.44;3.25;2;3.25;2.95;2.25;2.95;0;0;0;0;0;0;0;0;0;0;0;0;0;0;0;2.05;7.5;2.05;0;0;1.46;3.1;8.5;17;2.5;1.31;1.04;1.01;1.3;2.4;5.5;19;3.2;1.51;1.11;1.01;0;0;0;0;4;2;0;1;1;2;2;2021-03-06 10:00:00;671668;0;36;22;7;0;1;1;2;1;2;4;3;6;0;0;1;2;0;3;1;40;53;62;70;1.02;1.16;2.18;0;0;0;0;0;0;1;1;0;0;0;0;0;0;-1;-1;-1;-1;-1;-1;-1;-1;-1;0;7;29;50;93;29;71;57;22;6.28;0;2.3;1.79;Van;Banants;1.18;1.45;0.86;1.71;0.86;1.64;100;93;71;50;7;29;29;15;1.22;0.99;2.21;4613;24;Y;Y;Y;Y;N;N;Y
1064798;1362;671668;2020/2021;complete;58517;18;-1;12,23,84;;3;0;3;-1;-1;-1;-1;-1;1;1;1;0;-1;-1;-1;-1;-1;-1;-1;-1;-1;-1;3;1;1.36;4.2;7;1.02;1.28;1.95;3.24;6.3;9.6;3.26;1.85;1.29;1.08;2.04;1.71;0;0;0;0;1.08;1.2;2.5;1.91;2.3;7;1.82;2.64;5.85;0;0;0;0;0;0;0;0;0;0;0;0;0;0;0;1.29;9.2;4.5;0;0;1.39;2.81;6.8;15;2.81;1.39;1.07;1.02;1.22;2.13;4.4;13;3.8;1.65;1.17;1.02;0;0;0;0;3;2;0;1;0;1;2;2021-03-18 12:00:00;1362;0;32;17;16;0;-1;1;-1;-1;-1;-1;-1;-1;0;1;2;0;1;2;-1;0;0;0;0;0;0;0;0;0;0;0;0;0;1;1;0;0;-1;-1;0;0;-1;-1;-1;-1;-1;-1;-1;-1;-1;9;24;48;55;70;25;55;70;31;6.88;0;6.42;2.22;FC Avan Academy;Van;1.62;1.38;1.67;0.86;1.69;1;92;77;52;45;30;24;17;17;1.55;0.99;2.54;4613;24;Y;Y;Y;N;N;N;N
1064800;885;1361;2020/2021;complete;58517;18;-1;-1,-1,-1;;3;0;3;-1;-1;-1;-1;-1;-1;-1;-1;-1;-1;-1;-1;-1;-1;-1;-1;-1;-1;-1;-1;-1;2.05;2.95;3.2;1.1;1.43;2.15;3.7;7.25;6;2.45;1.54;1.2;1.07;2;1.67;0;0;0;0;1.28;1.29;1.68;2.63;2.2;3.75;2.46;2.38;3.8;0;0;0;0;0;0;0;0;0;0;0;0;0;0;0;1.67;8.3;2.4;0;0;1.43;3.04;7.3;15;2.66;1.34;1.06;1.02;1.2;2.28;4.8;14;3.94;1.57;1.15;1.02;0;0;0;0;3;0;0;0;0;0;0;2021-03-16 14:00:00;885;0;44;9;25;1;-1;-1;-1;-1;-1;-1;-1;-1;-1;-1;-1;-1;-1;-1;-1;0;0;0;0;0;0;0;-1;-1;-1;-1;-1;-1;-1;-1;-1;-1;-1;-1;-1;-1;-1;-1;-1;-1;-1;-1;-1;-1;-1;0;16;44;68;92;16;54;85;29;9.2;0;2.8;2.19;Ararat;Lori;1.91;0.83;2.33;1.43;1.92;1.53;100;85;56;32;9;44;35;27;1.06;1.11;2.17;4613;24;Y;Y;Y;N;N;N;N
1064801;1360;882;2020/2021;complete;58517;18;-1;;45;0;1;1;2;2;4;-1;-1;-1;-1;-1;-1;4;5;7;0;11;5;-1;-1;53;47;-1;-1;2.05;3;3.15;1.08;1.32;1.91;3.1;6;7;2.85;1.69;1.27;1.1;1.77;1.87;0;0;0;0;1.22;1.25;1.78;2.4;2.1;4.5;2.18;2.51;4.15;0;0;0;0;0;0;0;0;0;0;0;0;0;0;0;1.57;9.2;2.75;0;0;1.39;2.81;6.8;15;2.81;1.39;1.07;1.02;1.19;2.11;4.04;12;4.14;1.66;1.2;1.02;0;0;0;0;1;0;1;0;0;0;1;2021-03-16 11:00:00;882;0;44;23;22;0;1;-1;0;2;2;0;2;2;-1;-1;-1;-1;-1;-1;1;57;50;100;72;1.39;1.03;2.42;-1;-1;-1;-1;-1;-1;-1;1;0;0;0;0;-1;-1;-1;-1;-1;-1;-1;-1;-1;-1;-1;0;22;44;60;85;30;61;61;37;7.79;0;4.75;2.1;Artsakh;Pyunik;1.85;1.46;1.71;0.67;1.57;0.69;100;79;56;41;16;31;15;7;1.29;1.08;2.37;4613;24;Y;N;N;N;N;N;N
1064802;96;883;2020/2021;complete;58517;18;-1;;;0;0;0;12;5;17;-1;-1;-1;-1;-1;-1;-1;-1;-1;-1;-1;-1;-1;-1;-1;-1;-1;-1;1.1;9.5;18;1.04;1.27;1.85;3.1;5.6;11;3.4;1.85;1.32;1.11;2.5;1.48;0;0;0;0;1.03;1.04;4.1;1.7;2.35;9.25;1.52;2.85;8.75;0;0;0;0;0;0;0;0;0;0;0;0;0;0;0;1.22;10.5;5.45;0;0;1.37;2.89;6.3;15;3.01;1.4;1.09;1.02;1.2;2.08;4.1;10;4;1.68;1.19;1.04;0;0;0;0;0;0;0;0;0;0;0;2021-03-17 11:00:00;-1;0;54;24;38;0;-1;-1;-1;-1;-1;-1;-1;-1;-1;-1;-1;-1;-1;-1;1;0;0;0;0;0;0;0;0;0;0;0;0;0;1;1;0;0;-1;-1;-1;-1;-1;-1;-1;-1;-1;-1;-1;-1;-1;17;42;70;79;86;41;79;86;55;9.38;0;5.75;3.1;Alashkert;Shirak;1.91;0.45;1.57;0.67;1.92;0.5;84;59;30;22;15;38;31;31;1.35;1.06;2.41;4613;24;N;N;N;N;N;N;N
1145763;885;96;2020/2021;complete;58517;3;-1;;76;0;1;1;3;3;6;-1;-1;1;2;0;0;4;5;0;2;4;7;-1;-1;50;50;1;2;2.3;2.7;3;1.11;1.44;2.2;3.75;7;5.5;2.4;1.51;1.2;1.07;1.95;1.71;2.5;1.48;2.8;1.38;1.38;1.4;1.35;3.5;1.83;3.5;3.2;2.05;3.1;0;0;0;0;0;0;0;0;0;0;0;0;0;0;0;2.1;5.5;2.1;3.75;4;1.64;4.05;11.5;0;2.15;1.21;1.01;0;1.43;2.98;7.7;26;2.66;1.35;1.05;1.01;0;0;0;0;1;0;0;0;1;1;0;2021-05-25 15:30:00;96;0;36;11;9;0;1;1;2;0;1;3;2;4;0;1;1;1;1;2;1;56;50;98;106;0.95;1.17;2.12;0;0;0;0;0;0;1;1;0;0;1;0;0;0;-1;-1;-1;-1;-1;-1;-1;-1;-1;6;15;38;57;81;20;51;63;9;8.83;0;3.4;1.96;Ararat;Alashkert;1.91;1.92;2;1.83;1.62;1.82;95;85;63;43;20;45;34;18;1;1;2;4613;24;Y;N;N;N;N;N;N
1145764;1360;1362;2020/2021;complete;58517;3;-1;;;0;0;0;2;3;5;-1;-1;2;2;0;0;3;3;4;6;7;9;-1;-1;51;49;2;2;3.5;3.5;1.91;1.05;1.33;2.08;3.56;7.5;8.5;2.98;1.73;1.24;1.06;1.9;1.86;0;0;0;0;1.71;1.28;1.27;4;2.1;2.6;3.76;2.38;2.43;0;0;0;0;0;0;0;0;0;0;0;0;0;0;0;2.4;8.6;1.73;0;3.1;1.4;2.94;7;17;2.77;1.36;1.07;1.01;1.28;2.3;4.84;12;3.4;1.56;1.14;1.03;0;0;0;0;0;0;0;0;0;0;0;2020-11-08 11:30:00;-1;0;50;17;34;0;1;1;1;2;1;1;3;2;0;1;2;1;1;3;1;53;55;112;105;1.05;1.18;2.23;0;0;0;0;0;0;1;1;0;0;0;0;0;0;-1;-1;-1;-1;-1;-1;-1;-1;-1;0;17;50;50;75;34;34;75;34;9.67;0;5.5;1.92;Artsakh;FC Avan Academy;1.85;1.55;1.33;2;1.67;1.75;100;84;50;50;25;34;34;17;1.43;1.07;2.5;4613;24;N;N;N;N;N;N;N
1145765;884;883;2020/2021;complete;58517;3;-1;26;;1;0;1;-1;-1;-1;-1;-1;-1;-1;-1;-1;-1;-1;-1;-1;-1;-1;-1;-1;-1;-1;-1;-1;0;0;0;0;0;0;0;0;0;0;0;0;0;0;0;0;0;0;0;0;0;0;0;0;0;0;0;0;0;0;0;0;0;0;0;0;0;0;0;0;0;0;0;0;0;0;0;0;0;0;0;0;0;0;0;0;0;0;0;0;0;0;0;0;0;0;0;0;1;1;0;0;0;0;1;2021-05-01 14:30:00;884;0;32;13;21;0;-1;-1;-1;-1;-1;-1;-1;-1;-1;-1;-1;-1;-1;-1;-1;0;0;0;0;0;0;0;-1;-1;-1;-1;-1;-1;-1;1;0;0;-1;-1;-1;-1;-1;-1;-1;-1;-1;-1;-1;-1;-1;13;32;63;76;88;38;69;69;32;9.23;0;4.8;2.82;Banants;Shirak;1.92;0.45;1.63;0.63;1.47;0.5;88;69;38;26;13;35;35;29;1.27;1.06;2.33;4613;24;Y;N;N;N;N;N;N
1188845;1362;671668;2020/2021;complete;58517;19;-1;34,90;4,50,88;2;3;5;5;5;10;-1;-1;-1;-1;-1;-1;4;5;7;4;11;9;-1;-1;50;50;-1;-1;1.36;4.75;6;1.02;1.22;1.75;2.76;4.9;12;3.74;2.05;1.38;1.14;2;1.72;0;0;0;0;1.06;1.16;2.85;1.83;2.4;6.5;1.7;2.86;6.5;0;0;0;0;0;0;0;0;0;0;0;0;0;0;0;1.25;10.75;4.33;0;0;1.33;2.56;6;17;3.1;1.46;1.09;1.01;1.16;1.96;3.84;11;4.5;1.77;1.22;1.02;0;0;0;0;5;1;1;1;2;3;2;2021-04-08 11:00:00;671668;0;28;15;14;0;1;-1;1;2;4;3;3;7;-1;-1;-1;-1;-1;-1;1;50;26;82;74;1.34;1.11;2.45;-1;-1;-1;-1;-1;-1;-1;1;0;1;0;1;-1;-1;-1;-1;-1;-1;-1;-1;-1;-1;-1;7;21;55;61;75;35;61;75;27;6.88;0;5.95;2.32;FC Avan Academy;Van;1.62;1.38;1.86;0.75;1.79;0.94;93;80;46;40;26;24;17;17;1.55;0.99;2.54;4613;24;Y;Y;Y;Y;Y;N;Y
1188846;883;96;2020/2021;complete;58517;19;-1;;;0;0;0;-1;-1;-1;-1;-1;3;1;0;0;-1;-1;-1;-1;-1;-1;-1;-1;-1;-1;3;1;6.2;3.75;1.53;1.05;1.29;2.02;3.23;5.9;10;3.27;1.81;1.3;1.1;1.95;1.78;0;0;0;0;2.15;1.22;1.11;5.25;2.15;2.15;4.8;2.55;1.9;0;0;0;0;0;0;0;0;0;0;0;0;0;0;0;0;0;0;0;0;1.39;2.97;0;0;2.89;1.37;0;0;0;0;0;0;0;0;0;0;0;0;0;0;0;0;0;0;0;0;0;2021-04-11 11:00:00;-1;0;46;0;15;0;-1;1;-1;-1;-1;-1;-1;-1;1;0;2;1;1;3;-1;0;0;0;0;0;0;0;0;0;0;0;0;0;1;1;0;0;-1;-1;0;0;-1;-1;-1;-1;-1;-1;-1;-1;-1;0;7;42;71;94;15;67;86;34;8.33;0;4;2.13;Shirak;Alashkert;0.62;1.92;0.38;2.33;0.53;1.86;100;94;59;29;7;50;25;9;0;0.81;0.81;4613;24;N;N;N;N;N;N;N
1188847;884;885;2020/2021;complete;58517;19;-1;48;;1;0;1;8;4;12;-1;-1;1;1;0;0;4;2;0;4;4;6;-1;-1;50;50;1;1;2.72;3.25;2.25;1.06;1.42;2.17;4.4;8.5;7.1;2.61;1.58;1.16;1.04;1.99;1.75;0;0;0;0;1.53;1.3;1.36;3.6;2;3.1;3.4;2.26;2.76;0;0;0;0;0;0;0;0;0;0;0;0;0;0;0;2.1;7.5;2;0;0;1.47;3.36;7.9;0;2.53;1.29;1.05;0;1.32;2.53;5.8;18;3.14;1.47;1.1;1.01;0;0;0;0;1;0;0;1;0;1;0;2021-04-07 14:00:00;884;0;32;0;38;0;1;1;4;1;4;3;5;7;0;0;1;1;0;2;1;48;53;99;81;0.89;0.91;1.8;0;0;0;0;0;0;1;1;0;0;0;0;0;0;-1;-1;-1;-1;-1;-1;-1;-1;-1;0;0;62;79;93;10;52;66;39;9.5;0;4.53;2.33;Banants;Ararat;1.92;1.46;1.8;1.57;1.62;2;100;100;39;22;7;25;25;25;1.39;1.31;2.7;4613;24;Y;N;N;N;N;N;N
1188848;1360;882;2020/2021;complete;58517;19;-1;90;;1;0;1;6;2;8;-1;-1;4;0;0;0;9;4;6;6;15;10;-1;-1;47;53;4;0;1.91;3.4;3.4;1.04;1.33;2.1;3.64;7.4;8.5;2.98;1.7;1.23;1.06;1.9;1.82;0;0;0;0;1.25;1.28;1.65;2.6;2.1;4;2.3;2.45;3.6;0;0;0;0;0;0;0;0;0;0;0;0;0;0;0;1.62;8.3;2.63;0;0;1.4;3.04;7.6;17;2.7;1.34;1.05;1.01;1.26;2.17;5;15;3.5;1.62;1.14;1.02;0;0;0;0;1;0;0;1;0;1;0;2021-04-09 10:00:00;1360;0;39;20;19;0;1;1;4;0;2;2;4;4;2;0;2;0;2;2;1;53;47;70;77;1.95;1.25;3.2;0;0;0;0;0;0;1;1;0;0;0;0;1;0;-1;-1;-1;-1;-1;-1;-1;-1;-1;0;19;39;52;87;26;66;53;32;7.29;0;4.75;1.96;Artsakh;Pyunik;1.85;1.46;1.5;1;1.47;0.86;100;82;62;48;14;27;13;7;1.3;1.07;2.37;4613;24;Y;N;N;N;N;N;N
1208566;671668;882;2020/2021;complete;58517;20;-1;;32,83,85;0;3;3;8;4;12;-1;-1;-1;-1;-1;-1;5;8;4;4;9;12;-1;-1;50;50;-1;-1;2.65;2.85;2.6;1.11;1.47;2.45;4.87;8.9;5.9;2.48;1.46;1.14;1.03;2.15;1.62;0;0;0;0;1.27;1.35;1.55;3;1.91;4.33;2.6;2.2;3.6;0;0;0;0;0;0;0;0;0;0;0;0;0;0;0;1.8;6.15;2.63;0;0;1.57;3.72;10;0;2.28;1.24;1.02;0;1.38;2.77;6.7;23;2.85;1.4;1.07;1.01;0;0;0;0;3;0;1;0;2;2;1;2021-04-14 10:30:00;882;0;26;13;7;0;1;-1;4;4;4;0;8;4;-1;-1;-1;-1;-1;-1;1;58;49;77;92;1.34;1.67;3.01;-1;-1;-1;-1;-1;-1;-1;1;0;0;0;0;-1;-1;-1;-1;-1;-1;-1;-1;-1;-1;-1;0;13;26;32;94;19;63;57;26;6.38;0;2.07;1.63;Van;Pyunik;1.18;1.46;1.13;0.88;1.17;0.8;100;88;76;69;7;25;7;0;1.19;1.09;2.28;4613;24;Y;Y;Y;N;N;N;N
1208567;96;884;2020/2021;complete;58517;20;-1;90;;1;0;1;2;3;5;-1;-1;-1;-1;-1;-1;2;3;2;3;4;6;-1;-1;50;50;-1;-1;2;3;3.6;1.08;1.56;2.6;5;11;6.25;2.46;1.48;1.13;1.01;2.18;1.62;0;0;0;0;1.26;1.33;1.65;2.86;1.9;4.5;2.55;2.18;4.05;0;0;0;0;0;0;0;0;0;0;0;0;0;0;0;1.82;6.25;2.57;0;0;1.56;3.62;9.9;0;2.3;1.25;1.02;0;1.37;2.73;6.5;23;2.89;1.41;1.08;1.01;0;0;0;0;1;0;0;1;0;1;0;2021-04-14 12:30:00;96;0;50;19;32;0;1;-1;1;2;1;1;3;2;-1;-1;-1;-1;-1;-1;1;30;37;83;101;0.62;0.87;1.49;0;0;0;0;0;0;1;1;0;0;0;0;-1;-1;-1;-1;-1;-1;-1;-1;-1;-1;-1;0;7;44;63;76;32;63;63;32;9.88;0;4.58;1.88;Alashkert;Banants;1.91;1.45;1.5;1.5;1.8;1.71;100;94;57;38;26;50;38;32;1.35;1.02;2.37;4613;24;Y;N;N;N;N;N;N
1208568;1362;883;2020/2021;complete;58517;20;-1;10,16;71;2;1;3;8;2;10;-1;-1;-1;-1;-1;-1;-1;-1;-1;-1;-1;-1;-1;-1;-1;-1;-1;-1;1.16;7.77;17.44;0;0;0;0;0;0;0;0;0;0;0;0;0;0;0;0;0;0;0;0;0;0;0;0;0;0;0;0;0;0;0;0;0;0;0;0;0;0;0;0;0;0;0;0;0;0;0;0;0;0;0;0;0;0;0;0;0;0;0;0;0;0;0;0;0;3;2;0;0;1;1;2;2021-04-15 11:00:00;1362;0;47;34;27;0;-1;-1;-1;-1;-1;-1;-1;-1;-1;-1;-1;-1;-1;-1;1;0;0;0;0;0;0;0;-1;-1;-1;-1;-1;-1;-1;1;1;0;-1;-1;-1;-1;-1;-1;-1;-1;-1;-1;-1;-1;-1;27;55;73;81;87;60;81;87;48;8.15;0;5.75;3.48;FC Avan Academy;Shirak;1.62;0.45;1.63;0.71;1.67;0.56;73;46;27;20;14;43;43;36;1.52;1.06;2.58;4613;24;Y;Y;Y;N;N;N;Y
1208569;885;1360;2020/2021;complete;58517;20;-1;2,16;18,26,74;2;3;5;5;3;8;-1;-1;-1;-1;-1;-1;3;4;0;0;3;4;-1;-1;47;53;-1;-1;2.05;3.1;3.3;1.08;1.53;2.4;5.5;10;6;2.37;1.5;1.12;1.03;2.35;1.55;0;0;0;0;1.3;1.33;1.67;2.88;1.91;4.33;2.45;2.25;3.75;0;0;0;0;0;0;0;0;0;0;0;0;0;0;0;1.67;6.2;2.75;0;0;1.48;3.84;9;0;2.43;1.19;1.03;0;1.37;2.73;6.3;23;2.89;1.4;1.08;1.01;0;0;0;0;5;2;2;0;1;1;4;2021-04-15 14:00:00;1360;0;22;7;0;0;1;-1;1;1;4;2;2;6;-1;-1;-1;-1;-1;-1;1;10;1;10;8;0.47;0.54;1.01;-1;-1;-1;-1;-1;-1;-1;1;1;0;1;0;-1;-1;-1;-1;-1;-1;-1;-1;-1;-1;-1;0;14;36;64;93;22;65;79;7;11.17;0;3.4;2.08;Ararat;Artsakh;1.91;1.55;2.43;1.43;1.87;1.56;100;86;64;36;7;50;42;33;1.06;1.23;2.29;4613;24;Y;Y;Y;Y;Y;N;Y
1208570;883;671668;2020/2021;complete;58517;21;-1;15;21,81;1;2;3;6;3;9;-1;-1;-1;-1;-1;-1;-1;-1;-1;-1;-1;-1;-1;-1;-1;-1;-1;-1;0;0;0;0;0;0;0;0;0;0;0;0;0;0;0;0;0;0;0;0;0;0;0;0;0;0;0;0;0;0;0;0;0;0;0;0;0;0;0;0;0;0;0;0;0;0;0;0;0;0;0;0;0;0;0;0;0;0;0;0;0;0;0;0;0;0;0;0;3;1;1;0;1;1;2;2021-04-23 12:00:00;671668;0;21;6;17;0;-1;-1;-1;-1;-1;-1;-1;-1;-1;-1;-1;-1;-1;-1;1;0;0;0;0;0;0;0;-1;-1;-1;-1;-1;-1;-1;1;0;0;-1;-1;-1;-1;-1;-1;-1;-1;-1;-1;-1;-1;-1;5;16;47;64;74;16;47;69;37;7;0;4.53;2.05;Shirak;Van;0.62;1.38;0.44;1.2;0.53;1.11;95;85;53;37;26;38;15;9;0;1;1;4613;24;Y;Y;Y;N;N;N;Y
1208571;884;1362;2020/2021;complete;58517;21;-1;;;0;0;0;3;3;6;-1;-1;1;2;0;0;3;2;9;3;12;5;-1;-1;50;50;1;2;3.5;3.3;1.91;1.08;1.43;2.38;4.23;7.85;7.2;2.63;1.55;1.19;1.05;2.05;1.68;0;0;0;0;1.73;1.3;1.25;4.48;2;2.65;3.75;2.3;2.35;0;0;0;0;0;0;0;0;0;0;0;0;0;0;0;2.55;7.3;1.76;0;0;1.49;3.26;9;0;2.47;1.3;1.04;0;1.31;2.47;5.4;18;3.2;1.49;1.12;1.01;0;0;0;0;0;0;0;0;0;0;0;2021-04-25 15:00:00;-1;0;14;0;17;0;1;1;1;2;2;1;3;3;0;1;1;1;1;2;1;43;43;107;106;1.29;0.78;2.07;0;0;0;0;0;0;1;1;0;0;0;0;0;0;-1;-1;-1;-1;-1;-1;-1;-1;-1;0;7;36;43;86;7;36;57;14;9.68;0;3.67;1.72;Banants;FC Avan Academy;1.92;1.55;1.71;1.71;1.5;1.75;100;93;65;58;15;27;13;13;1.27;1.09;2.36;4613;24;N;N;N;N;N;N;N
1208572;1360;96;2020/2021;complete;58517;21;-1;22;;1;0;1;3;3;6;-1;-1;-1;-1;-1;-1;2;4;2;2;4;6;-1;-1;43;57;-1;-1;2.8;2.75;2.8;1.09;1.4;2.28;3.65;7;6;2.5;1.53;1.21;1.07;1.91;1.74;0;0;0;0;1.43;1.33;1.43;3.4;1.91;3.4;3.08;2.23;3.08;0;0;0;0;0;0;0;0;0;0;0;0;0;0;0;2.1;6.95;2.1;0;0;1.51;3.4;9.4;0;2.42;1.28;1.03;0;1.33;2.53;6.2;19;3.1;1.47;1.09;1.01;0;0;0;0;1;1;0;0;0;0;1;2021-04-26 14:00:00;1360;0;57;11;24;0;1;-1;1;2;2;1;3;3;-1;-1;-1;-1;-1;-1;1;45;51;79;90;0.73;1.04;1.76;-1;-1;-1;-1;-1;-1;-1;1;0;0;0;0;-1;-1;-1;-1;-1;-1;-1;-1;-1;-1;-1;0;17;43;62;88;24;69;69;29;8.55;0;5.7;2.08;Artsakh;Alashkert;1.85;1.92;1.67;2.14;1.65;1.88;100;84;58;38;13;36;28;6;1.38;0.81;2.19;4613;24;Y;N;N;N;N;N;N
1208573;882;885;2020/2021;complete;58517;21;-1;16;35,55;1;2;3;5;6;11;-1;-1;2;2;0;0;2;4;2;7;4;11;-1;-1;59;41;2;2;2.55;2.85;2.55;1.11;1.47;2.2;3.8;7.25;5.5;2.3;1.51;1.19;1.07;2.05;1.65;0;0;0;0;1.53;1.33;1.33;4.16;1.83;3.12;3.3;2.3;2.65;0;0;0;0;0;0;0;0;0;0;0;0;0;0;0;2.4;5.8;1.97;0;0;1.61;3.9;7.8;0;2.2;1.22;1.05;0;1.4;2.89;6.8;21;2.77;1.37;1.07;1.01;0;0;0;0;3;1;1;0;1;1;2;2021-04-25 12:00:00;885;0;41;0;34;0;1;1;3;3;2;3;6;5;0;0;2;2;0;4;1;41;49;85;85;0.7;1.33;2.03;0;0;0;0;0;0;1;1;0;0;1;0;0;0;-1;-1;-1;-1;-1;-1;-1;-1;-1;0;0;19;54;80;0;41;66;40;8.53;0;3.5;1.52;Pyunik;Ararat;0.55;1.46;0.71;1.38;1.06;1.75;100;100;82;47;21;54;37;37;1.09;1.25;2.34;4613;24;Y;Y;Y;N;N;N;Y
1208574;671668;885;2020/2021;complete;58517;22;-1;41;20;1;1;2;3;3;6;-1;-1;3;1;0;0;3;8;1;14;4;22;-1;-1;39;61;3;1;3.85;3.4;1.72;1.05;1.33;2.07;3.64;6.6;8.5;2.98;1.67;1.23;1.07;1.9;1.8;0;0;0;0;1.91;1.25;1.2;4.75;2.1;2.38;4.1;2.45;2.15;0;0;0;0;0;0;0;0;0;0;0;0;0;0;0;2.6;8.3;1.67;0;0;1.43;3.04;7.7;17;2.66;1.34;1.05;1.01;1.23;2.28;4.5;15;3.7;1.57;1.16;1.02;0;0;0;0;2;1;1;0;0;0;2;2021-05-05 12:00:00;-1;0;39;11;22;0;1;1;1;0;2;3;1;5;1;0;2;1;1;3;1;44;94;87;121;0.79;2.62;3.41;0;0;0;0;0;0;1;1;0;0;0;0;0;0;-1;-1;-1;-1;-1;-1;-1;-1;-1;0;11;44;50;95;17;61;73;44;7.91;0;2.67;2;Van;Ararat;1.18;1.46;1;1.56;1.2;1.82;100;89;56;50;6;48;43;37;1.21;1.26;2.47;4613;24;Y;Y;N;N;N;N;Y
1208575;96;882;2020/2021;complete;58517;22;-1;65;;1;0;1;6;7;13;-1;-1;-1;-1;-1;-1;4;4;4;3;8;7;-1;-1;51;49;-1;-1;1.57;3.25;4.9;1.08;1.37;1.96;3.6;7.25;6.5;2.6;1.72;1.22;1.07;2.1;1.61;0;0;0;0;1.14;1.24;2.11;2.2;2.2;5;2.03;2.49;4.9;0;0;0;0;0;0;0;0;0;0;0;0;0;0;0;1.44;8.4;3.25;0;0;1.46;2.98;7.2;15;2.55;1.35;1.06;1.02;1.24;2.21;4.7;15;3.6;1.61;1.15;1.02;0;0;0;0;1;0;0;1;0;1;0;2021-05-06 11:00:00;96;0;27;11;17;0;1;-1;4;2;2;5;6;7;-1;-1;-1;-1;-1;-1;1;47;62;87;95;1.13;1.18;2.31;-1;-1;-1;-1;-1;-1;-1;1;0;0;1;0;-1;-1;-1;-1;-1;-1;-1;-1;-1;-1;-1;0;0;32;37;79;11;52;59;27;9.22;0;4.15;1.48;Alashkert;Pyunik;1.91;1.46;1.67;1.3;1.76;1;100;100;68;63;22;39;22;22;1.26;1.17;2.43;4613;24;Y;N;N;N;N;N;N
1208576;1362;1360;2020/2021;complete;58517;22;-1;;;0;0;0;7;3;10;-1;-1;-1;-1;-1;-1;-1;-1;-1;-1;-1;-1;-1;-1;-1;-1;-1;-1;2.63;3;2.5;1.07;1.38;2.38;4.2;7.1;8.1;2.84;1.55;1.22;1.07;1.9;1.8;0;0;0;0;1.34;1.34;1.5;3.4;1.95;3.25;2.65;2.35;3.15;0;0;0;0;0;0;0;0;0;0;0;0;0;0;0;2;6.75;2.1;0;0;1.46;3.14;8.4;17;2.55;1.32;1.04;1.01;1.29;2.36;5.5;11;3.36;1.54;1.11;1.03;0;0;0;0;0;0;0;0;0;0;0;2021-05-06 15:00:00;-1;0;44;29;11;0;1;-1;4;2;3;1;6;4;-1;-1;-1;-1;-1;-1;1;41;42;138;142;0;0;0;0;0;0;0;0;0;1;1;0;0;1;1;-1;-1;-1;-1;-1;-1;-1;-1;-1;-1;-1;17;28;65;78;95;49;79;84;22;10.46;0;5.35;2.92;FC Avan Academy;Artsakh;1.62;1.55;1.9;1.63;1.78;1.72;84;73;35;23;5;40;40;27;1.52;1.13;2.65;4613;24;N;N;N;N;N;N;N
1208577;883;884;2020/2021;complete;58517;22;-1;82;26;1;1;2;4;7;11;-1;-1;4;0;0;0;-1;-1;-1;-1;-1;-1;-1;-1;-1;-1;4;0;5.25;3.1;1.7;1.11;1.4;2.31;4.15;7.75;6.25;2.68;1.63;1.18;1.08;2.13;1.65;0;0;0;0;2.03;1.27;1.14;5.55;2.04;2.33;4.95;2.36;2.11;0;0;0;0;0;0;0;0;0;0;0;0;0;0;0;3.13;7.4;1.56;0;0;1.48;3.26;8;0;2.5;1.3;1.05;0;1.31;2.45;5.4;18;3.2;1.5;1.12;1.01;0;0;0;0;2;0;1;1;0;1;1;2021-05-07 11:00:00;-1;0;37;16;16;0;-1;1;-1;-1;-1;-1;-1;-1;0;0;4;0;0;4;1;0;0;0;0;0;0;0;0;0;0;0;0;0;1;1;0;0;-1;-1;0;0;-1;-1;-1;-1;-1;-1;-1;-1;-1;0;11;42;69;85;32;59;74;31;7.62;0;3.16;2.05;Shirak;Banants;0.62;1.45;0.4;1.33;0.47;1.56;100;90;59;32;16;51;24;18;0;1;1;4613;24;Y;Y;N;N;N;N;Y
1208578;884;671668;2020/2021;complete;58517;23;-1;42,52;34;2;1;3;3;3;6;-1;-1;-1;-1;-1;-1;5;2;7;4;12;6;-1;-1;50;50;-1;-1;2;2.95;3.5;1.08;1.42;2.3;4.13;7.7;7;2.67;1.54;1.19;1.05;2;1.72;0;0;0;0;1.24;1.32;1.62;2.75;1.95;4.33;2.4;2.3;3.8;0;0;0;0;0;0;0;0;0;0;0;0;0;0;0;1.67;7.1;2.63;0;0;1.5;3.36;8.8;15;2.45;1.29;1.03;1.02;1.32;2.5;5.8;19;3.14;1.48;1.1;1.01;0;0;0;0;3;1;1;1;0;1;2;2021-05-11 15:30:00;884;0;19;10;17;0;1;-1;3;1;0;2;4;2;-1;-1;-1;-1;-1;-1;1;60;45;113;91;1.55;0.85;2.4;0;0;0;0;0;0;1;1;0;0;1;0;-1;-1;-1;-1;-1;-1;-1;-1;-1;-1;-1;5;9;50;60;81;19;56;54;19;8.6;0;5;2.04;Banants;Van;1.92;1.38;1.78;1.36;1.53;1.19;96;91;51;40;19;27;16;10;1.27;1;2.27;4613;24;Y;Y;Y;N;N;N;Y
1208579;1360;883;2020/2021;complete;58517;23;-1;6,41,45;;3;0;3;7;3;10;-1;-1;-1;-1;-1;-1;-1;-1;-1;-1;-1;-1;-1;-1;-1;-1;-1;-1;1.4;4.2;6.5;1.03;1.26;1.9;3.08;6.5;9.4;3.4;1.92;1.31;1.08;2.12;1.66;0;0;0;0;1.05;1.17;2.81;1.9;2.32;7.1;1.7;2.76;6.7;0;0;0;0;0;0;0;0;0;0;0;0;0;0;0;1.34;9.7;4.05;0;0;1.36;2.73;6.9;0;2.92;1.41;1.07;0;1.23;2.07;4.5;14;3.7;1.69;1.16;1.02;0;0;0;0;3;3;0;0;0;0;3;2021-05-11 12:00:00;1360;0;47;21;26;0;-1;-1;-1;-1;-1;-1;-1;-1;-1;-1;-1;-1;-1;-1;1;0;0;0;0;0;0;0;-1;-1;-1;-1;-1;-1;-1;1;1;0;-1;-1;-1;-1;-1;-1;-1;-1;-1;-1;-1;-1;-1;11;43;59;69;90;43;80;69;42;7.73;0;6.2;2.82;Artsakh;Shirak;1.85;0.45;1.8;0.56;1.68;0.5;89;57;42;31;11;35;35;24;1.31;1.06;2.37;4613;24;Y;Y;Y;N;N;N;N
1208580;882;1362;2020/2021;complete;58517;23;-1;;;0;0;0;4;5;9;-1;-1;3;4;0;0;2;3;2;2;4;5;-1;-1;50;50;3;4;3.2;2.95;2.1;1.07;1.44;2.5;4.45;10;6.8;2.55;1.47;1.16;1.02;2.03;1.72;0;0;0;0;1.61;1.32;1.29;4;1.91;3;3.74;2.25;2.58;0;0;0;0;0;0;0;0;0;0;0;0;0;0;0;2.25;6.9;1.95;0;0;1.51;3.4;9.4;17;2.4;1.28;1.03;1.01;1.33;2.55;6.2;19;3.1;1.46;1.09;1.01;0;0;0;0;0;0;0;0;0;0;0;2021-05-11 15:30:00;-1;0;32;7;19;0;1;1;2;5;2;0;7;2;1;0;2;4;1;6;1;32;51;80;92;0.64;0.9;1.54;0;0;0;0;0;0;1;1;0;0;0;0;0;0;-1;-1;-1;-1;-1;-1;-1;-1;-1;0;7;13;38;69;7;32;57;19;8.09;0;3.31;1.25;Pyunik;FC Avan Academy;0.55;1.55;0.63;1.63;1.05;1.74;100;94;88;63;32;41;15;15;1.02;1.04;2.06;4613;24;N;N;N;N;N;N;N
1208581;885;96;2020/2021;complete;58517;23;-1;;;0;0;0;2;2;4;-1;-1;-1;-1;-1;-1;2;3;7;6;9;9;-1;-1;54;46;-1;-1;2.5;2.95;2.6;1.07;1.37;2.25;3.96;7.15;8.05;2.8;1.57;1.2;1.06;1.89;1.83;0;0;0;0;1.42;1.31;1.46;3.25;1.95;3.4;2.9;2.31;3.13;0;0;0;0;0;0;0;0;0;0;0;0;0;0;0;1.95;7.6;2.2;0;0;1.47;3.2;8.3;15;2.53;1.31;1.04;1.02;1.29;2.38;5.4;15;3.34;1.53;1.12;1.01;0;0;0;0;0;0;0;0;0;0;0;2021-05-10 15:00:00;-1;0;38;7;7;0;1;-1;1;2;1;0;3;1;-1;-1;-1;-1;-1;-1;1;75;33;112;91;1.26;1.03;2.28;0;0;0;0;0;0;1;1;0;0;1;0;-1;-1;-1;-1;-1;-1;-1;-1;-1;-1;-1;7;13;32;57;88;19;63;69;7;9.14;0;3.3;1.94;Ararat;Alashkert;1.91;1.92;2.13;1.88;1.78;1.83;94;88;69;44;13;50;36;15;0.96;0.86;1.82;4613;24;N;N;N;N;N;N;N
1208582;671668;96;2020/2021;complete;58517;24;-1;52,54,63;71;3;1;4;3;4;7;-1;-1;-1;-1;-1;-1;6;3;1;4;7;7;-1;-1;50;50;-1;-1;4.75;3.25;1.59;1.1;1.43;2.25;3.95;8.25;6;2.45;1.5;1.18;1.06;2.25;1.5;0;0;0;0;1.85;1.25;1.13;5;2;2.4;4.5;2.38;2.2;0;0;0;0;0;0;0;0;0;0;0;0;0;0;0;2.75;7.7;1.67;0;0;1.45;3.14;8.2;26;2.6;1.32;1.04;1.01;1.29;2.36;5.4;17;3.34;1.54;1.12;1.01;0;0;0;0;4;0;0;3;1;4;0;2021-05-19 11:30:00;671668;0;40;10;11;0;1;-1;2;1;1;3;3;4;-1;-1;-1;-1;-1;-1;1;45;81;77;104;1.19;1.24;2.43;-1;-1;-1;-1;-1;-1;-1;1;0;0;1;0;-1;-1;-1;-1;-1;-1;-1;-1;-1;-1;-1;0;10;35;50;90;20;70;55;25;7.58;0;3.75;1.85;Van;Alashkert;1.18;1.92;1;1.9;1.14;1.85;100;90;65;50;10;34;23;5;1.16;0.88;2.04;4613;24;Y;Y;Y;Y;N;N;Y
1208583;1362;885;2020/2021;complete;58517;24;-1;75;42;1;1;2;2;4;6;-1;-1;0;0;0;0;4;4;1;2;5;6;23;18;50;50;0;0;2.2;2.8;3.05;1.06;1.41;2.3;4.25;9;7.4;2.64;1.55;1.17;1.03;1.97;1.76;0;0;0;0;1.27;1.3;1.45;3;1.95;3.75;2.64;2.27;3.58;0;0;0;0;0;0;0;0;0;0;0;0;0;0;0;1.8;7.2;2.4;0;0;1.48;3.32;8.7;0;2.5;1.29;1.04;0;1.31;2.4;5.7;17;3.2;1.51;1.1;1.01;0;0;0;0;2;0;1;1;0;1;1;2021-05-19 11:30:00;-1;0;48;25;25;0;1;-1;1;1;1;3;2;4;0;0;0;0;0;0;1;40;51;89;79;0.9;1.03;1.93;-1;-1;-1;-1;-1;-1;-1;1;0;0;1;0;-1;-1;-1;-1;-1;-1;-1;-1;-1;-1;-1;9;14;57;67;86;38;57;72;34;9;0;4.63;2.41;FC Avan Academy;Ararat;1.62;1.46;1.82;1.5;1.76;1.74;91;87;44;34;14;56;56;39;1.52;1.41;2.93;4613;24;Y;Y;N;N;N;N;Y
1208584;883;882;2020/2021;complete;58517;24;-1;54;6,31,42,75,87;1;5;6;1;0;1;-1;-1;1;3;0;0;-1;-1;-1;-1;-1;-1;-1;-1;-1;-1;1;3;4.43;2.97;2.02;0;0;0;0;0;0;0;0;0;0;0;0;0;0;0;0;0;0;0;0;0;0;0;0;0;0;0;0;0;0;0;0;0;0;0;0;0;0;0;0;0;0;0;0;0;0;0;0;0;0;0;0;0;0;0;0;0;0;0;0;0;0;0;0;0;6;0;3;1;2;3;3;2021-05-20 11:30:00;882;0;21;9;5;0;-1;1;-1;-1;-1;-1;-1;-1;0;1;1;2;1;3;-1;0;0;0;0;0;0;0;0;0;0;0;0;0;1;1;0;1;-1;-1;0;0;-1;-1;-1;-1;-1;-1;-1;-1;-1;0;4;38;54;88;13;50;63;25;7.85;0;3.11;1.84;Shirak;Pyunik;0.62;1.46;0.67;1.33;0.59;1;100;96;63;46;13;52;23;23;0;1.17;1.17;4613;24;Y;Y;Y;Y;Y;Y;Y
1208585;884;1360;2020/2021;complete;58517;24;-1;4;;1;0;1;5;6;11;-1;-1;4;7;0;1;4;0;1;3;5;3;-1;-1;50;50;4;9;3.6;3;2;1.08;1.43;2.43;4.4;9.6;6.9;2.62;1.53;1.17;1.02;2.1;1.65;0;0;0;0;1.7;1.33;1.22;4.33;1.95;2.75;3.75;2.3;2.43;0;0;0;0;0;0;0;0;0;0;0;0;0;0;0;2.38;6.95;1.83;0;0;1.54;3.4;9.1;0;2.36;1.28;1.03;0;1.33;2.5;6;19;3.1;1.48;1.09;1.01;0;0;0;0;1;1;0;0;0;0;1;2021-05-19 15:30:00;884;0;29;21;6;0;1;1;2;1;3;5;3;8;0;3;4;5;3;9;1;13;19;102;108;0.71;0.35;1.06;0;0;0;0;0;0;1;1;1;0;0;1;0;0;-1;-1;-1;-1;-1;-1;-1;-1;-1;5;10;48;62;91;29;67;68;10;10.67;0;4.17;2.15;Banants;Artsakh;1.92;1.55;1.73;1.7;1.52;1.81;95;90;53;38;10;34;34;27;1.32;1.13;2.45;4613;24;Y;N;N;N;N;N;N
1208586;1360;671668;2020/2021;complete;58517;25;-1;67;80,86;1;2;3;7;1;8;-1;-1;4;2;0;0;4;6;7;5;11;11;-1;-1;50;50;4;2;1.3;4.8;6;1.05;1.31;1.83;3.15;5.75;8.75;2.9;1.74;1.27;1.1;2.3;1.5;0;0;0;0;1.06;1.18;2.7;1.8;2.3;8;1.75;2.67;6.5;0;0;0;0;0;0;0;0;0;0;0;0;0;0;0;1.25;9;5;0;0;1.39;2.8;6.3;15;2.81;1.39;1.09;1.02;1.2;2.16;4.1;13;4;1.64;1.19;1.02;0;0;0;0;3;0;0;1;2;3;0;2021-05-28 13:30:00;671668;0;38;23;23;0;1;1;4;1;3;0;5;3;1;1;3;1;2;4;1;63;36;125;99;1.44;1.38;2.82;0;0;0;0;0;0;1;1;0;0;0;1;0;0;-1;-1;-1;-1;-1;-1;-1;-1;-1;4;21;58;67;84;33;63;59;29;7.36;0;6.4;2.34;Artsakh;Van;1.85;1.38;2;1.25;1.78;1.22;96;79;42;33;17;29;19;5;1.31;0.99;2.3;4613;24;Y;Y;Y;N;N;N;Y
1208587;882;884;2020/2021;complete;58517;25;-1;;10;0;1;1;2;3;5;-1;-1;1;0;0;0;3;5;0;3;3;8;-1;-1;50;50;1;0;3;3;2.1;1.1;1.42;2.15;3.5;6.5;6;2.45;1.56;1.22;1.08;1.95;1.69;0;0;0;0;1.83;1.27;1.22;4;2.1;2.6;4.12;2.46;2.27;0;0;0;0;0;0;0;0;0;0;0;0;0;0;0;2.25;8.8;1.73;0;0;1.4;2.89;7;17;2.77;1.37;1.07;1.01;1.23;2.18;4.6;14;3.7;1.62;1.16;1.02;0;0;0;0;1;0;1;0;0;0;1;2021-05-28 13:30:00;884;0;45;15;20;0;1;1;1;0;1;3;1;4;0;0;1;0;0;1;1;52;32;86;63;0.79;1.09;1.87;0;0;0;0;0;0;1;1;0;1;0;0;0;0;-1;-1;-1;-1;-1;-1;-1;-1;-1;0;5;20;60;80;25;55;65;20;8.33;0;4;1.65;Pyunik;Banants;0.55;1.45;0.6;1.3;1.09;1.65;100;95;80;40;20;57;33;28;0.95;1;1.95;4613;24;Y;N;N;N;N;N;N
1208588;885;883;2020/2021;complete;58517;25;-1;22,42,45,48,78;38,52;5;2;7;6;8;14;-1;-1;1;2;0;0;-1;-1;-1;-1;-1;-1;-1;-1;-1;-1;1;2;1.25;5.2;8.2;1.02;1.14;1.57;1.55;3.2;15;4.7;2.26;2.3;1.26;1.91;1.74;0;0;0;0;1.03;1.09;3.1;1.69;2.7;7.2;1.55;3.3;6.15;0;0;0;0;0;0;0;0;0;0;0;0;0;0;0;1.22;22;4.3;0;0;1.19;1.82;4;9;4.2;1.9;1.2;1.05;1.11;1.57;2.36;7;6;2.1;1.54;1.06;0;0;0;0;7;3;1;2;1;3;4;2021-05-28 13:30:00;885;0;30;16;10;0;-1;1;-1;-1;-1;-1;-1;-1;1;0;0;2;1;2;1;0;0;0;0;0;0;0;1;0;1;0;0;0;1;1;0;0;-1;-1;0;0;-1;-1;-1;-1;-1;-1;-1;-1;-1;15;35;50;65;85;40;65;70;20;8;0;3.83;2.6;Ararat;Shirak;1.91;0.45;1.8;0.5;1.55;0.57;85;65;50;35;15;50;45;28;1;1.06;2.06;4613;24;Y;Y;Y;Y;Y;Y;Y
1208589;96;1362;2020/2021;complete;58517;25;-1;67;;1;0;1;2;4;6;-1;-1;1;2;0;1;-1;-1;-1;-1;-1;-1;-1;-1;-1;-1;1;3;2.5;2.8;2.65;1.11;1.44;2.2;3.7;7;5.5;2.4;1.53;1.2;1.07;1.95;1.69;0;0;0;0;1.32;1.32;1.58;2.88;1.95;4;2.66;2.26;3.68;0;0;0;0;0;0;0;0;0;0;0;0;0;0;0;1.73;7.1;2.5;0;0;1.5;3.36;8.9;0;2.45;1.29;1.03;0;1.32;2.5;5.8;17;3.14;1.48;1.1;1.01;0;0;0;0;1;0;0;1;0;1;0;2021-05-28 13:30:00;96;0;30;10;20;0;1;1;1;2;1;2;3;3;0;1;1;2;1;3;-1;0;0;0;0;0;0;0;0;0;0;0;0;0;1;1;0;0;0;0;0;1;-1;-1;-1;-1;-1;-1;-1;-1;-1;0;5;30;30;65;10;30;60;20;9.7;0;4.75;1.3;Alashkert;FC Avan Academy;1.91;1.55;1.8;1.7;1.87;1.65;100;95;70;70;35;45;25;25;1.25;1.07;2.32;4613;24;Y;N;N;N;N;N;N
1253780;884;1361;2020/2021;complete;58517;19;-1;-1,-1,-1;;3;0;3;-1;-1;-1;-1;-1;-1;-1;-1;-1;-1;-1;-1;-1;-1;-1;-1;-1;-1;-1;-1;-1;0;0;0;0;0;0;0;0;0;0;0;0;0;0;0;0;0;0;0;0;0;0;0;0;0;0;0;0;0;0;0;0;0;0;0;0;0;0;0;0;0;0;0;0;0;0;0;0;0;0;0;0;0;0;0;0;0;0;0;0;0;0;0;0;0;0;0;0;3;0;0;0;0;0;0;2021-04-06 08:00:00;884;0;44;9;42;1;-1;-1;-1;-1;-1;-1;-1;-1;-1;-1;-1;-1;-1;-1;-1;0;0;0;0;0;0;0;-1;-1;-1;-1;-1;-1;-1;-1;-1;-1;-1;-1;-1;-1;-1;-1;-1;-1;-1;-1;-1;-1;-1;0;7;75;94;100;19;63;75;38;9.87;0;4.33;2.75;Banants;Lori;1.92;0.83;1.5;1.25;1.5;1.44;100;94;25;7;0;10;10;10;1.39;1.11;2.5;4613;24;Y;Y;Y;N;N;N;N
1253781;1361;671668;2020/2021;complete;58517;20;-1;;-1,-1,-1;0;3;3;-1;-1;-1;-1;-1;-1;-1;-1;-1;-1;-1;-1;-1;-1;-1;-1;-1;-1;-1;-1;-1;0;0;0;0;0;0;0;0;0;0;0;0;0;0;0;0;0;0;0;0;0;0;0;0;0;0;0;0;0;0;0;0;0;0;0;0;0;0;0;0;0;0;0;0;0;0;0;0;0;0;0;0;0;0;0;0;0;0;0;0;0;0;0;0;0;0;0;0;3;0;0;0;0;0;0;2021-04-12 08:00:00;671668;0;24;12;18;1;-1;-1;-1;-1;-1;-1;-1;-1;-1;-1;-1;-1;-1;-1;-1;0;0;0;0;0;0;0;-1;-1;-1;-1;-1;-1;-1;-1;-1;-1;-1;-1;-1;-1;-1;-1;-1;-1;-1;-1;-1;-1;-1;12;18;29;47;84;18;60;65;23;5.88;0;7.03;1.88;Lori;Van;1.08;1.38;1.63;1;1.35;1.06;89;83;72;54;17;19;13;7;1.19;1;2.19;4613;24;Y;Y;Y;N;N;N;N
1253783;1362;1361;2020/2021;complete;58517;22;-1;-1,-1,-1;;3;0;3;-1;-1;-1;-1;-1;-1;-1;-1;-1;-1;-1;-1;-1;-1;-1;-1;-1;-1;-1;-1;-1;0;0;0;0;0;0;0;0;0;0;0;0;0;0;0;0;0;0;0;0;0;0;0;0;0;0;0;0;0;0;0;0;0;0;0;0;0;0;0;0;0;0;0;0;0;0;0;0;0;0;0;0;0;0;0;0;0;0;0;0;0;0;0;0;0;0;0;0;3;0;0;0;0;0;0;2021-05-02 08:00:00;1362;0;56;25;36;1;-1;-1;-1;-1;-1;-1;-1;-1;-1;-1;-1;-1;-1;-1;-1;0;0;0;0;0;0;0;-1;-1;-1;-1;-1;-1;-1;-1;-1;-1;-1;-1;-1;-1;-1;-1;-1;-1;-1;-1;-1;-1;-1;11;22;78;84;95;39;61;78;39;8.95;0;4.75;3;FC Avan Academy;Lori;1.62;0.83;1.78;1.11;1.71;1.28;89;78;22;17;6;35;35;23;1.52;1.11;2.63;4613;24;Y;Y;Y;N;N;N;N
1253784;1361;882;2020/2021;complete;58517;23;-1;;-1,-1,-1;0;3;3;-1;-1;-1;-1;-1;-1;-1;-1;-1;-1;-1;-1;-1;-1;-1;-1;-1;-1;-1;-1;-1;0;0;0;0;0;0;0;0;0;0;0;0;0;0;0;0;0;0;0;0;0;0;0;0;0;0;0;0;0;0;0;0;0;0;0;0;0;0;0;0;0;0;0;0;0;0;0;0;0;0;0;0;0;0;0;0;0;0;0;0;0;0;0;0;0;0;0;0;3;0;0;0;0;0;0;2021-05-09 08:00:00;882;0;16;11;7;1;-1;-1;-1;-1;-1;-1;-1;-1;-1;-1;-1;-1;-1;-1;-1;0;0;0;0;0;0;0;-1;-1;-1;-1;-1;-1;-1;-1;-1;-1;-1;-1;-1;-1;-1;-1;-1;-1;-1;-1;-1;-1;-1;6;6;20;36;96;10;56;56;15;6.48;0;5.23;1.63;Lori;Pyunik;1.08;1.46;1.44;1.18;1.21;0.95;95;95;80;65;5;27;17;17;1.19;1.17;2.36;4613;24;Y;Y;Y;N;N;N;N
1253785;883;1361;2020/2021;complete;58517;24;-1;-1,-1,-1;;3;0;3;-1;-1;-1;-1;-1;-1;-1;-1;-1;-1;-1;-1;-1;-1;-1;-1;-1;-1;-1;-1;-1;0;0;0;0;0;0;0;0;0;0;0;0;0;0;0;0;0;0;0;0;0;0;0;0;0;0;0;0;0;0;0;0;0;0;0;0;0;0;0;0;0;0;0;0;0;0;0;0;0;0;0;0;0;0;0;0;0;0;0;0;0;0;0;0;0;0;0;0;3;0;0;0;0;0;0;2021-05-14 08:00:00;883;0;43;13;30;1;-1;-1;-1;-1;-1;-1;-1;-1;-1;-1;-1;-1;-1;-1;-1;0;0;0;0;0;0;0;-1;-1;-1;-1;-1;-1;-1;-1;-1;-1;-1;-1;-1;-1;-1;-1;-1;-1;-1;-1;-1;-1;-1;0;10;63;82;91;14;48;71;38;8.45;0;3.71;2.45;Shirak;Lori;0.62;0.83;0.45;1;0.48;1.15;100;91;38;19;9;42;23;23;0;1.11;1.11;4613;24;Y;Y;Y;N;N;N;N
1253786;1361;96;2020/2021;complete;58517;25;-1;;-1,-1,-1;0;3;3;-1;-1;-1;-1;-1;-1;-1;-1;-1;-1;-1;-1;-1;-1;-1;-1;-1;-1;-1;-1;-1;0;0;0;0;0;0;0;0;0;0;0;0;0;0;0;0;0;0;0;0;0;0;0;0;0;0;0;0;0;0;0;0;0;0;0;0;0;0;0;0;0;0;0;0;0;0;0;0;0;0;0;0;0;0;0;0;0;0;0;0;0;0;0;0;0;0;0;0;3;0;0;0;0;0;0;2021-05-18 08:00:00;96;0;32;7;12;1;-1;-1;-1;-1;-1;-1;-1;-1;-1;-1;-1;-1;-1;-1;-1;0;0;0;0;0;0;0;-1;-1;-1;-1;-1;-1;-1;-1;-1;-1;-1;-1;-1;-1;-1;-1;-1;-1;-1;-1;-1;-1;-1;5;5;26;47;89;11;59;53;11;6.76;0;6.33;1.72;Lori;Alashkert;1.08;1.92;1.3;1.78;1.1;1.79;95;95;74;53;11;26;19;7;1.19;0.88;2.07;4613;24;Y;Y;Y;N;N;N;N
1253787;1360;1361;2020/2021;complete;58517;26;-1;-1,-1,-1;;3;0;3;-1;-1;-1;-1;-1;-1;-1;-1;-1;-1;-1;-1;-1;-1;-1;-1;-1;-1;-1;-1;-1;0;0;0;0;0;0;0;0;0;0;0;0;0;0;0;0;0;0;0;0;0;0;0;0;0;0;0;0;0;0;0;0;0;0;0;0;0;0;0;0;0;0;0;0;0;0;0;0;0;0;0;0;0;0;0;0;0;0;0;0;0;0;0;0;0;0;0;0;3;0;0;0;0;0;0;2021-05-23 08:00:00;1360;0;45;18;39;1;-1;-1;-1;-1;-1;-1;-1;-1;-1;-1;-1;-1;-1;-1;-1;0;0;0;0;0;0;0;-1;-1;-1;-1;-1;-1;-1;-1;-1;-1;-1;-1;-1;-1;-1;-1;-1;-1;-1;-1;-1;-1;-1;0;18;69;78;96;23;55;55;36;8.56;0;5.2;2.59;Artsakh;Lori;1.85;0.83;1.91;0.91;1.73;1.05;100;82;32;23;5;24;24;15;1.31;1.11;2.42;4613;24;Y;Y;Y;N;N;N;N
1253788;1361;885;2020/2021;complete;58517;27;-1;;-1,-1,-1;0;3;3;-1;-1;-1;-1;-1;-1;-1;-1;-1;-1;-1;-1;-1;-1;-1;-1;-1;-1;-1;-1;-1;0;0;0;0;0;0;0;0;0;0;0;0;0;0;0;0;0;0;0;0;0;0;0;0;0;0;0;0;0;0;0;0;0;0;0;0;0;0;0;0;0;0;0;0;0;0;0;0;0;0;0;0;0;0;0;0;0;0;0;0;0;0;0;0;0;0;0;0;3;0;0;0;0;0;0;2021-05-30 08:00:00;885;0;34;15;19;1;-1;-1;-1;-1;-1;-1;-1;-1;-1;-1;-1;-1;-1;-1;-1;0;0;0;0;0;0;0;-1;-1;-1;-1;-1;-1;-1;-1;-1;-1;-1;-1;-1;-1;-1;-1;-1;-1;-1;-1;-1;-1;-1;5;5;35;61;96;13;52;60;21;6.88;0;5.43;2.01;Lori;Ararat;1.08;1.46;1.18;1.33;1;1.61;96;96;66;39;4;29;29;29;1.19;1.38;2.57;4613;24;Y;Y;Y;N;N;N;N
