ID;HOMEID;AWAYID;SEASON;STATUS;ROUNDID;GAME_WEEK;REVISED_GAME_WEEK;HOMEGOALS;AWAYGOALS;HOMEGOALCOUNT;AWAYGOALCOUNT;TOTALGOALCOUNT;TEAM_A_CORNERS;TEAM_B_CORNERS;TOTALCORNERCOUNT;TEAM_A_OFFSIDES;TEAM_B_OFFSIDES;TEAM_A_YELLOW_CARDS;TEAM_B_YELLOW_CARDS;TEAM_A_RED_CARDS;TEAM_B_RED_CARDS;TEAM_A_SHOTSONTARGET;TEAM_B_SHOTSONTARGET;TEAM_A_SHOTSOFFTARGET;TEAM_B_SHOTSOFFTARGET;TEAM_A_SHOTS;TEAM_B_SHOTS;TEAM_A_FOULS;TEAM_B_FOULS;TEAM_A_POSSESSION;TEAM_B_POSSESSION;TEAM_A_CARDS_NUM;TEAM_B_CARDS_NUM;ODDS_FT_1;ODDS_FT_X;ODDS_FT_2;ODDS_FT_OVER05;ODDS_FT_OVER15;ODDS_FT_OVER25;ODDS_FT_OVER35;ODDS_FT_OVER45;ODDS_FT_UNDER05;ODDS_FT_UNDER15;ODDS_FT_UNDER25;ODDS_FT_UNDER35;ODDS_FT_UNDER45;ODDS_BTTS_YES;ODDS_BTTS_NO;ODDS_TEAM_A_CS_YES;ODDS_TEAM_A_CS_NO;ODDS_TEAM_B_CS_YES;ODDS_TEAM_B_CS_NO;ODDS_DOUBLECHANCE_1X;ODDS_DOUBLECHANCE_12;ODDS_DOUBLECHANCE_X2;ODDS_1ST_HALF_RESULT_1;ODDS_1ST_HALF_RESULT_X;ODDS_1ST_HALF_RESULT_2;ODDS_2ND_HALF_RESULT_1;ODDS_2ND_HALF_RESULT_X;ODDS_2ND_HALF_RESULT_2;ODDS_DNB_1;ODDS_DNB_2;ODDS_CORNERS_OVER_75;ODDS_CORNERS_OVER_85;ODDS_CORNERS_OVER_95;ODDS_CORNERS_OVER_105;ODDS_CORNERS_OVER_115;ODDS_CORNERS_UNDER_75;ODDS_CORNERS_UNDER_85;ODDS_CORNERS_UNDER_95;ODDS_CORNERS_UNDER_105;ODDS_CORNERS_UNDER_115;ODDS_CORNERS_1;ODDS_CORNERS_X;ODDS_CORNERS_2;ODDS_TEAM_TO_SCORE_FIRST_1;ODDS_TEAM_TO_SCORE_FIRST_X;ODDS_TEAM_TO_SCORE_FIRST_2;ODDS_WIN_TO_NIL_1;ODDS_WIN_TO_NIL_2;ODDS_1ST_HALF_OVER05;ODDS_1ST_HALF_OVER15;ODDS_1ST_HALF_OVER25;ODDS_1ST_HALF_OVER35;ODDS_1ST_HALF_UNDER05;ODDS_1ST_HALF_UNDER15;ODDS_1ST_HALF_UNDER25;ODDS_1ST_HALF_UNDER35;ODDS_2ND_HALF_OVER05;ODDS_2ND_HALF_OVER15;ODDS_2ND_HALF_OVER25;ODDS_2ND_HALF_OVER35;ODDS_2ND_HALF_UNDER05;ODDS_2ND_HALF_UNDER15;ODDS_2ND_HALF_UNDER25;ODDS_2ND_HALF_UNDER35;ODDS_BTTS_1ST_HALF_YES;ODDS_BTTS_1ST_HALF_NO;ODDS_BTTS_2ND_HALF_YES;ODDS_BTTS_2ND_HALF_NO;OVERALLGOALCOUNT;HT_GOALS_TEAM_A;HT_GOALS_TEAM_B;GOALS_2HG_TEAM_A;GOALS_2HG_TEAM_B;GOALCOUNT_2HG;HTGOALCOUNT;DATE_UNIX;WINNINGTEAM;NO_HOME_AWAY;BTTS_POTENTIAL;BTTS_FHG_POTENTIAL;BTTS_2HG_POTENTIAL;GOALTIMINGDISABLED;CORNER_TIMINGS_RECORDED;CARD_TIMINGS_RECORDED;TEAM_A_FH_CORNERS;TEAM_B_FH_CORNERS;TEAM_A_2H_CORNERS;TEAM_B_2H_CORNERS;CORNER_FH_COUNT;CORNER_2H_COUNT;TEAM_A_FH_CARDS;TEAM_B_FH_CARDS;TEAM_A_2H_CARDS;TEAM_B_2H_CARDS;TOTAL_FH_CARDS;TOTAL_2H_CARDS;ATTACKS_RECORDED;TEAM_A_DANGEROUS_ATTACKS;TEAM_B_DANGEROUS_ATTACKS;TEAM_A_ATTACKS;TEAM_B_ATTACKS;TEAM_A_XG;TEAM_B_XG;TOTAL_XG;TEAM_A_PENALTIES_WON;TEAM_B_PENALTIES_WON;TEAM_A_PENALTY_GOALS;TEAM_B_PENALTY_GOALS;TEAM_A_PENALTY_MISSED;TEAM_B_PENALTY_MISSED;PENS_RECORDED;GOAL_TIMINGS_RECORDED;TEAM_A_0_10_MIN_GOALS;TEAM_B_0_10_MIN_GOALS;TEAM_A_CORNERS_0_10_MIN;TEAM_B_CORNERS_0_10_MIN;TEAM_A_CARDS_0_10_MIN;TEAM_B_CARDS_0_10_MIN;THROWINS_RECORDED;TEAM_A_THROWINS;TEAM_B_THROWINS;FREEKICKS_RECORDED;TEAM_A_FREEKICKS;TEAM_B_FREEKICKS;GOALKICKS_RECORDED;TEAM_A_GOALKICKS;TEAM_B_GOALKICKS;O45_POTENTIAL;O35_POTENTIAL;O25_POTENTIAL;O15_POTENTIAL;O05_POTENTIAL;O15HT_POTENTIAL;O05HT_POTENTIAL;O05_2H_POTENTIAL;O15_2H_POTENTIAL;CORNERS_POTENTIAL;OFFSIDES_POTENTIAL;CARDS_POTENTIAL;AVG_POTENTIAL;HOME_NAME;AWAY_NAME;HOME_PPG;AWAY_PPG;PRE_MATCH_HOME_PPG;PRE_MATCH_AWAY_PPG;PRE_MATCH_TEAMA_OVERALL_PPG;PRE_MATCH_TEAMB_OVERALL_PPG;U45_POTENTIAL;U35_POTENTIAL;U25_POTENTIAL;U15_POTENTIAL;U05_POTENTIAL;CORNERS_O85_POTENTIAL;CORNERS_O95_POTENTIAL;CORNERS_O105_POTENTIAL;TEAM_A_XG_PREMATCH;TEAM_B_XG_PREMATCH;TOTAL_XG_PREMATCH;COMPETITION_ID;MATCHES_COMPLETED_MINIMUM;OVER05;OVER15;OVER25;OVER35;OVER45;OVER55;BTTS
57538;883;96;2017/2018;complete;271;1;-1;45,55;28;2;1;3;1;8;9;2;1;4;2;0;0;8;7;5;5;13;12;12;14;38;62;4;2;0;0;0;0;0;0;0;0;0;0;0;0;0;0;0;0;0;0;0;0;0;0;0;0;0;0;0;0;0;0;0;0;0;0;0;0;0;0;0;0;0;0;0;0;0;0;0;0;0;0;0;0;0;0;0;0;0;0;0;0;0;0;0;0;0;0;0;0;3;1;1;1;0;1;2;2017-08-04 13:30:00;883;0;0;0;0;0;-1;1;-1;-1;-1;-1;-1;-1;0;0;4;2;0;6;-1;0;0;0;0;0;0;0;0;0;0;0;0;0;1;1;0;0;-1;-1;0;0;-1;-1;-1;-1;-1;-1;-1;-1;-1;0;0;0;0;0;0;0;0;0;0;0;0;0;Shirak;Alashkert;1.8;1.47;0;0;0;0;0;0;0;0;0;0;0;0;0;0;0;185;30;Y;Y;Y;N;N;N;Y
57539;884;882;2017/2018;complete;271;1;-1;77,90;5,47;2;2;4;6;0;6;4;1;1;3;0;0;6;4;12;3;18;7;8;18;58;42;1;3;0;0;0;0;0;0;0;0;0;0;0;0;0;0;0;0;0;0;0;0;0;0;0;0;0;0;0;0;0;0;0;0;0;0;0;0;0;0;0;0;0;0;0;0;0;0;0;0;0;0;0;0;0;0;0;0;0;0;0;0;0;0;0;0;0;0;0;0;4;0;1;2;1;3;1;2017-08-06 14:00:00;-1;0;0;0;0;0;-1;1;-1;-1;-1;-1;-1;-1;0;2;1;1;2;2;-1;0;0;0;0;0;0;0;0;0;0;0;0;0;1;1;0;1;-1;-1;0;0;-1;-1;-1;-1;-1;-1;-1;-1;-1;0;0;0;0;0;0;0;0;0;0;0;0;0;Banants;Pyunik;1.87;0.8;0;0;0;0;0;0;0;0;0;0;0;0;0;0;0;185;30;Y;Y;Y;Y;N;N;Y
57540;881;885;2017/2018;complete;271;1;-1;45;59,64,67;1;3;4;8;2;10;1;4;1;3;0;0;4;8;5;7;9;15;10;15;64;36;1;3;0;0;0;0;0;0;0;0;0;0;0;0;0;0;0;0;0;0;0;0;0;0;0;0;0;0;0;0;0;0;0;0;0;0;0;0;0;0;0;0;0;0;0;0;0;0;0;0;0;0;0;0;0;0;0;0;0;0;0;0;0;0;0;0;0;0;0;0;4;1;0;0;3;3;1;2017-08-06 15:00:00;885;0;0;0;0;0;-1;1;-1;-1;-1;-1;-1;-1;0;0;1;3;0;4;-1;0;0;0;0;0;0;0;0;1;0;1;0;0;1;1;0;0;-1;-1;0;0;-1;-1;-1;-1;-1;-1;-1;-1;-1;0;0;0;0;0;0;0;0;0;0;0;0;0;Gandzasar;Ararat;1.73;0.73;0;0;0;0;0;0;0;0;0;0;0;0;0;0;0;185;30;Y;Y;Y;Y;N;N;Y
57541;882;881;2017/2018;complete;271;2;-1;34,75;45;2;1;3;1;6;7;1;0;3;1;0;0;4;4;3;9;7;13;19;15;48;52;3;1;0;0;0;0;0;0;0;0;0;0;0;0;0;0;0;0;0;0;0;0;0;0;0;0;0;0;0;0;0;0;0;0;0;0;0;0;0;0;0;0;0;0;0;0;0;0;0;0;0;0;0;0;0;0;0;0;0;0;0;0;0;0;0;0;0;0;0;0;3;1;1;1;0;1;2;2017-08-11 15:00:00;882;0;0;0;0;0;-1;1;-1;-1;-1;-1;-1;-1;1;1;2;0;2;2;-1;0;0;0;0;0;0;0;0;0;0;0;0;0;1;1;0;0;-1;-1;0;0;-1;-1;-1;-1;-1;-1;-1;-1;-1;0;0;0;0;0;0;0;0;0;0;0;0;0;Pyunik;Gandzasar;1.6;1.13;0;0;1;0;0;0;0;0;0;0;0;0;0;0;0;185;30;Y;Y;Y;N;N;N;Y
57542;96;885;2017/2018;complete;271;2;-1;36,63,75;;3;0;3;9;4;13;4;4;1;2;0;0;6;7;7;11;13;18;20;8;53;47;1;2;0;0;0;0;0;0;0;0;0;0;0;0;0;0;0;0;0;0;0;0;0;0;0;0;0;0;0;0;0;0;0;0;0;0;0;0;0;0;0;0;0;0;0;0;0;0;0;0;0;0;0;0;0;0;0;0;0;0;0;0;0;0;0;0;0;0;0;0;3;1;0;2;0;2;1;2017-08-12 14:00:00;96;0;50;0;0;0;-1;1;-1;-1;-1;-1;-1;-1;1;2;0;0;3;0;-1;0;0;0;0;0;0;0;0;0;0;0;0;0;1;1;0;0;-1;-1;0;0;-1;-1;-1;-1;-1;-1;-1;-1;-1;0;50;50;50;50;0;50;50;50;2;4;3;2;Alashkert;Ararat;1.87;0.73;0;3;0;3;50;0;0;0;0;50;50;0;0;0;0;185;30;Y;Y;Y;N;N;N;N
57543;883;884;2017/2018;complete;271;2;-1;9;;1;0;1;6;2;8;2;0;2;2;0;0;2;2;7;1;9;3;16;11;45;55;2;2;0;0;0;0;0;0;0;0;0;0;0;0;0;0;0;0;0;0;0;0;0;0;0;0;0;0;0;0;0;0;0;0;0;0;0;0;0;0;0;0;0;0;0;0;0;0;0;0;0;0;0;0;0;0;0;0;0;0;0;0;0;0;0;0;0;0;0;0;1;1;0;0;0;0;1;2017-08-13 13:30:00;883;0;50;50;0;0;-1;1;-1;-1;-1;-1;-1;-1;1;1;1;1;2;2;-1;0;0;0;0;0;0;0;0;0;0;0;0;0;1;1;1;0;-1;-1;0;0;-1;-1;-1;-1;-1;-1;-1;-1;-1;0;0;50;50;50;50;50;50;0;1;2;4;1.5;Shirak;Banants;1.8;1.07;3;0;3;1;50;50;0;0;0;50;0;0;0;0;0;185;30;Y;N;N;N;N;N;N
57544;884;96;2017/2018;complete;271;3;-1;70,78;8,58;2;2;4;4;5;9;3;6;2;2;0;0;8;5;5;13;13;18;13;15;50;50;2;2;0;0;0;0;0;0;0;0;0;0;0;0;0;0;0;0;0;0;0;0;0;0;0;0;0;0;0;0;0;0;0;0;0;0;0;0;0;0;0;0;0;0;0;0;0;0;0;0;0;0;0;0;0;0;0;0;0;0;0;0;0;0;0;0;0;0;0;0;4;0;1;2;1;3;1;2017-08-18 13:00:00;-1;0;100;50;50;0;-1;1;-1;-1;-1;-1;-1;-1;0;1;2;1;1;3;-1;0;0;0;0;0;0;0;0;0;0;0;0;0;1;1;0;1;-1;-1;0;0;-1;-1;-1;-1;-1;-1;-1;-1;-1;0;50;100;100;100;50;100;100;50;14;5;3;3.5;Banants;Alashkert;1.87;1.47;1;0;0.5;1.5;100;50;0;0;0;50;0;0;0;0;0;185;30;Y;Y;Y;Y;N;N;Y
57545;881;883;2017/2018;complete;271;3;-1;;80;0;1;1;5;3;8;0;2;4;3;0;0;3;5;10;4;13;9;16;9;45;55;4;3;0;0;0;0;0;0;0;0;0;0;0;0;0;0;0;0;0;0;0;0;0;0;0;0;0;0;0;0;0;0;0;0;0;0;0;0;0;0;0;0;0;0;0;0;0;0;0;0;0;0;0;0;0;0;0;0;0;0;0;0;0;0;0;0;0;0;0;0;1;0;0;0;1;1;0;2017-08-19 15:00:00;883;0;50;0;0;0;-1;1;-1;-1;-1;-1;-1;-1;1;0;3;3;1;6;-1;0;0;0;0;0;0;0;0;0;0;0;0;0;1;1;0;0;-1;-1;0;0;-1;-1;-1;-1;-1;-1;-1;-1;-1;0;50;50;50;50;0;50;50;50;8;1;1;2;Gandzasar;Shirak;1.73;1.53;0;0;0;3;50;0;0;0;0;50;50;0;0;0;0;185;30;Y;N;N;N;N;N;N
57546;885;882;2017/2018;complete;271;3;-1;;;0;0;0;2;3;5;2;0;2;1;0;0;7;4;7;8;14;12;13;9;52;48;2;1;0;0;0;0;0;0;0;0;0;0;0;0;0;0;0;0;0;0;0;0;0;0;0;0;0;0;0;0;0;0;0;0;0;0;0;0;0;0;0;0;0;0;0;0;0;0;0;0;0;0;0;0;0;0;0;0;0;0;0;0;0;0;0;0;0;0;0;0;0;0;0;0;0;0;0;2017-08-20 13:00:00;-1;0;50;0;50;0;-1;1;-1;-1;-1;-1;-1;-1;1;1;1;0;2;1;-1;0;0;0;0;0;0;0;0;0;0;0;0;0;1;1;0;0;-1;-1;0;0;-1;-1;-1;-1;-1;-1;-1;-1;-1;0;50;50;50;50;0;50;50;50;0;1;3;2;Ararat;Pyunik;0.67;0.8;0;1;1.5;2;50;0;0;0;0;0;0;0;0;0;0;185;30;N;N;N;N;N;N;N
57547;96;882;2017/2018;complete;271;4;-1;14,28,31,39,59;30;5;1;6;3;4;7;7;1;0;1;0;0;11;6;6;7;17;13;15;9;51;49;0;1;0;0;0;0;0;0;0;0;0;0;0;0;0;0;0;0;0;0;0;0;0;0;0;0;0;0;0;0;0;0;0;0;0;0;0;0;0;0;0;0;0;0;0;0;0;0;0;0;0;0;0;0;0;0;0;0;0;0;0;0;0;0;0;0;0;0;0;0;6;4;1;1;0;1;5;2017-08-25 13:00:00;96;0;25;0;25;0;-1;1;-1;-1;-1;-1;-1;-1;0;0;0;1;0;1;-1;0;0;0;0;0;0;0;0;0;0;0;0;0;1;1;0;0;-1;-1;0;0;-1;-1;-1;-1;-1;-1;-1;-1;-1;0;25;75;75;75;0;75;75;75;10.5;4.5;3;2.5;Alashkert;Pyunik;1.87;0.8;3;1;1.33;1.67;100;75;25;25;25;50;50;50;0;0;0;185;30;Y;Y;Y;Y;Y;Y;Y
57548;883;885;2017/2018;complete;271;4;-1;45,87;51;2;1;3;6;6;12;0;0;3;2;0;0;4;3;6;7;10;10;17;13;57;43;3;2;0;0;0;0;0;0;0;0;0;0;0;0;0;0;0;0;0;0;0;0;0;0;0;0;0;0;0;0;0;0;0;0;0;0;0;0;0;0;0;0;0;0;0;0;0;0;0;0;0;0;0;0;0;0;0;0;0;0;0;0;0;0;0;0;0;0;0;0;3;1;0;1;1;2;1;2017-08-26 13:00:00;883;0;50;25;0;0;-1;1;-1;-1;-1;-1;-1;-1;0;1;3;1;1;4;-1;0;0;0;0;0;0;0;0;0;0;0;0;0;1;1;0;0;-1;-1;0;0;-1;-1;-1;-1;-1;-1;-1;-1;-1;0;25;75;75;100;25;100;75;50;6.5;6;5.5;2.75;Shirak;Ararat;1.8;0.73;3;1.5;3;1.33;100;75;25;25;0;75;50;25;0;0;0;185;30;Y;Y;Y;N;N;N;Y
57549;884;881;2017/2018;complete;271;4;-1;60;25;1;1;2;3;4;7;1;3;2;5;0;0;5;3;6;7;11;10;18;24;47;53;2;5;0;0;0;0;0;0;0;0;0;0;0;0;0;0;0;0;0;0;0;0;0;0;0;0;0;0;0;0;0;0;0;0;0;0;0;0;0;0;0;0;0;0;0;0;0;0;0;0;0;0;0;0;0;0;0;0;0;0;0;0;0;0;0;0;0;0;0;0;2;0;1;1;0;1;1;2017-08-27 13:00:00;-1;0;100;50;50;0;-1;1;-1;-1;-1;-1;-1;-1;0;1;2;4;1;6;-1;0;0;0;0;0;0;0;0;0;0;0;0;0;1;1;0;0;-1;-1;0;0;-1;-1;-1;-1;-1;-1;-1;-1;-1;0;50;100;100;100;50;100;100;50;11;3.5;2.5;3.5;Banants;Gandzasar;1.87;1.13;1;0;0.67;0;100;50;0;0;0;25;0;0;0;0;0;185;30;Y;Y;N;N;N;N;Y
57550;881;96;2017/2018;complete;271;5;-1;60;81;1;1;2;2;5;7;7;3;4;4;1;0;5;4;4;10;9;14;15;14;42;58;6;4;0;0;0;0;0;0;0;0;0;0;0;0;0;0;0;0;0;0;0;0;0;0;0;0;0;0;0;0;0;0;0;0;0;0;0;0;0;0;0;0;0;0;0;0;0;0;0;0;0;0;0;0;0;0;0;0;0;0;0;0;0;0;0;0;0;0;0;0;2;0;0;1;1;2;0;2017-09-08 14:00:00;-1;0;75;25;25;0;-1;1;-1;-1;-1;-1;-1;-1;1;0;4;4;1;8;-1;0;0;0;0;0;0;0;0;1;0;1;0;0;1;1;0;0;-1;-1;0;0;-1;-1;-1;-1;-1;-1;-1;-1;-1;0;50;75;75;100;25;75;100;50;13;4;4.5;3;Gandzasar;Alashkert;1.73;1.47;0;0.5;0.25;1.75;100;50;25;25;0;75;25;0;0;0;0;185;30;Y;Y;N;N;N;N;Y
57551;885;884;2017/2018;complete;271;5;-1;31;46,68;1;2;3;1;4;5;2;1;2;5;0;0;4;8;7;7;11;15;25;14;54;46;2;5;0;0;0;0;0;0;0;0;0;0;0;0;0;0;0;0;0;0;0;0;0;0;0;0;0;0;0;0;0;0;0;0;0;0;0;0;0;0;0;0;0;0;0;0;0;0;0;0;0;0;0;0;0;0;0;0;0;0;0;0;0;0;0;0;0;0;0;0;3;1;0;0;2;2;1;2017-09-09 12:00:00;884;0;0;0;0;0;-1;1;-1;-1;-1;-1;-1;-1;0;2;2;3;2;5;-1;0;0;0;0;0;0;0;1;0;1;0;0;0;1;1;0;0;-1;-1;0;0;-1;-1;-1;-1;-1;-1;-1;-1;-1;0;0;0;0;50;0;50;0;0;4;2;4;0.5;Ararat;Banants;0.67;1.07;1;0;1;0.75;100;100;100;100;50;0;0;0;0;0;0;185;30;Y;Y;Y;N;N;N;Y
57552;882;883;2017/2018;complete;271;5;-1;;44,75;0;2;2;2;8;10;2;1;1;2;0;0;4;7;5;5;9;12;8;7;56;44;1;2;0;0;0;0;0;0;0;0;0;0;0;0;0;0;0;0;0;0;0;0;0;0;0;0;0;0;0;0;0;0;0;0;0;0;0;0;0;0;0;0;0;0;0;0;0;0;0;0;0;0;0;0;0;0;0;0;0;0;0;0;0;0;0;0;0;0;0;0;2;0;1;0;1;1;1;2017-09-10 14:00:00;883;0;50;50;0;0;-1;1;-1;-1;-1;-1;-1;-1;1;1;0;1;2;1;-1;0;0;0;0;0;0;0;0;0;0;0;0;0;1;1;0;0;-1;-1;1;0;-1;-1;-1;-1;-1;-1;-1;-1;-1;0;0;50;50;100;50;50;100;0;4;3;6;2;Pyunik;Shirak;1.6;1.53;3;3;1.25;3;100;100;50;50;0;0;0;0;0;0;0;185;30;Y;Y;N;N;N;N;N
57553;882;884;2017/2018;complete;271;6;-1;70;28,31;1;2;3;4;7;11;2;1;2;1;0;0;7;6;6;5;13;11;17;8;56;44;2;1;0;0;0;0;0;0;0;0;0;0;0;0;0;0;0;0;0;0;0;0;0;0;0;0;0;0;0;0;0;0;0;0;0;0;0;0;0;0;0;0;0;0;0;0;0;0;0;0;0;0;0;0;0;0;0;0;0;0;0;0;0;0;0;0;0;0;0;0;3;0;2;1;0;1;2;2017-09-15 14:00:00;884;0;50;25;0;0;-1;1;-1;-1;-1;-1;-1;-1;2;0;0;1;2;1;-1;0;0;0;0;0;0;0;0;1;0;1;0;0;1;1;0;0;-1;-1;0;0;-1;-1;-1;-1;-1;-1;-1;-1;-1;0;0;50;75;100;25;100;75;25;4.5;2;5.5;2.25;Pyunik;Banants;1.6;1.07;1.5;1.5;1;1.2;100;100;50;25;0;25;25;0;0;0;0;185;30;Y;Y;Y;N;N;N;Y
57554;96;883;2017/2018;complete;271;6;-1;54;;1;0;1;4;3;7;0;2;4;4;1;1;6;5;4;6;10;11;17;15;61;39;5;5;0;0;0;0;0;0;0;0;0;0;0;0;0;0;0;0;0;0;0;0;0;0;0;0;0;0;0;0;0;0;0;0;0;0;0;0;0;0;0;0;0;0;0;0;0;0;0;0;0;0;0;0;0;0;0;0;0;0;0;0;0;0;0;0;0;0;0;0;1;0;0;1;0;1;0;2017-09-16 12:00:00;96;0;25;25;0;0;-1;1;-1;-1;-1;-1;-1;-1;1;2;4;3;3;7;-1;0;0;0;0;0;0;0;0;0;0;0;0;0;1;1;0;0;-1;-1;0;1;-1;-1;-1;-1;-1;-1;-1;-1;-1;25;25;50;75;100;25;75;100;25;11.5;7;3;3;Alashkert;Shirak;1.87;1.53;3;3;1.6;3;75;75;50;25;0;50;50;25;0;0;0;185;30;Y;N;N;N;N;N;N
57555;885;881;2017/2018;complete;271;6;-1;;-1,-1,-1;0;3;3;6;7;13;7;3;4;2;0;0;5;5;7;9;12;14;18;12;55;45;4;2;0;0;0;0;0;0;0;0;0;0;0;0;0;0;0;0;0;0;0;0;0;0;0;0;0;0;0;0;0;0;0;0;0;0;0;0;0;0;0;0;0;0;0;0;0;0;0;0;0;0;0;0;0;0;0;0;0;0;0;0;0;0;0;0;0;0;0;0;3;0;0;0;0;0;0;2017-09-17 12:00:00;881;0;75;25;0;1;-1;1;-1;-1;-1;-1;-1;-1;0;2;4;0;2;4;-1;0;0;0;0;0;0;0;0;0;0;0;0;0;1;-1;-1;-1;-1;-1;0;0;-1;-1;-1;-1;-1;-1;-1;-1;-1;0;0;50;75;75;25;75;75;25;6.5;3.5;5;2;Ararat;Gandzasar;0.67;1.13;0.5;0.5;0.8;0.4;100;100;50;25;25;0;0;0;0;0;0;185;30;Y;Y;Y;N;N;N;N
57556;881;882;2017/2018;complete;271;7;-1;45,53,69;90;3;1;4;4;3;7;2;4;3;2;0;0;10;4;10;8;20;12;18;10;44;56;3;2;0;0;0;0;0;0;0;0;0;0;0;0;0;0;0;0;0;0;0;0;0;0;0;0;0;0;0;0;0;0;0;0;0;0;0;0;0;0;0;0;0;0;0;0;0;0;0;0;0;0;0;0;0;0;0;0;0;0;0;0;0;0;0;0;0;0;0;0;4;1;0;2;1;3;1;2017-09-23 14:00:00;881;0;67;17;33;0;-1;1;-1;-1;-1;-1;-1;-1;1;1;2;1;2;3;-1;0;0;0;0;0;0;0;0;0;0;0;0;0;1;1;0;0;-1;-1;0;0;-1;-1;-1;-1;-1;-1;-1;-1;-1;17;50;50;67;84;17;50;84;50;7.33;3.34;5.34;2.83;Gandzasar;Pyunik;1.73;0.8;0.33;0.67;0.83;0.83;84;50;50;33;17;17;17;0;0;0;0;185;30;Y;Y;Y;Y;N;N;Y
57557;884;883;2017/2018;complete;271;7;-1;32,82,90;;3;0;3;4;3;7;1;0;4;2;0;0;7;5;4;10;11;15;8;15;51;49;4;2;0;0;0;0;0;0;0;0;0;0;0;0;0;0;0;0;0;0;0;0;0;0;0;0;0;0;0;0;0;0;0;0;0;0;0;0;0;0;0;0;0;0;0;0;0;0;0;0;0;0;0;0;0;0;0;0;0;0;0;0;0;0;0;0;0;0;0;0;3;1;0;2;0;2;1;2017-09-27 12:00:00;884;0;50;0;34;0;-1;1;-1;-1;-1;-1;-1;-1;0;1;4;1;1;5;-1;0;0;0;0;0;0;0;0;0;0;0;0;0;1;1;0;0;-1;-1;0;0;-1;-1;-1;-1;-1;-1;-1;-1;-1;0;34;34;67;100;0;67;100;34;9;4.34;5;2.33;Banants;Shirak;1.87;1.53;1;2;1.5;2.5;100;67;67;34;0;33;17;0;0;0;0;185;30;Y;Y;Y;N;N;N;N
57558;885;96;2017/2018;complete;271;7;-1;18;75,78,90;1;3;4;0;9;9;4;8;2;1;0;0;2;8;5;8;7;16;9;13;38;62;2;1;0;0;0;0;0;0;0;0;0;0;0;0;0;0;0;0;0;0;0;0;0;0;0;0;0;0;0;0;0;0;0;0;0;0;0;0;0;0;0;0;0;0;0;0;0;0;0;0;0;0;0;0;0;0;0;0;0;0;0;0;0;0;0;0;0;0;0;0;4;1;0;0;3;3;1;2017-09-27 12:00:00;96;0;67;17;34;0;-1;1;-1;-1;-1;-1;-1;-1;1;0;1;1;1;2;-1;0;0;0;0;0;0;0;0;1;0;1;0;0;1;1;0;0;-1;-1;0;0;-1;-1;-1;-1;-1;-1;-1;-1;-1;0;17;67;84;84;17;50;67;50;9;7;5.34;2.5;Ararat;Alashkert;0.67;1.47;0.33;0.67;0.67;1.83;100;84;33;17;17;50;17;17;0;0;0;185;30;Y;Y;Y;Y;N;N;Y
57559;882;885;2017/2018;complete;271;8;-1;8,27,42,90;;4;0;4;6;5;11;2;1;4;1;0;0;8;6;7;9;15;15;19;19;57;43;4;1;0;0;0;0;0;2.2;0;0;0;0;0;0;0;0;0;0;0;0;0;0;0;0;0;0;0;0;0;0;0;0;0;0;0;0;0;0;0;0;0;0;0;0;0;0;0;0;0;0;0;0;0;0;0;0;0;0;0;0;0;0;0;0;0;0;0;0;0;0;4;3;0;1;0;1;3;2017-11-29 12:00:00;882;0;35;10;7;0;-1;1;-1;-1;-1;-1;-1;-1;0;0;4;1;0;5;-1;0;0;0;0;0;0;0;0;0;0;0;0;0;1;1;1;0;-1;-1;0;0;-1;-1;-1;-1;-1;-1;-1;-1;-1;0;7;42;66;83;20;76;73;22;5.63;3.51;3.14;1.97;Pyunik;Ararat;1.6;0.73;0.8;1;0.85;0.69;100;93;59;35;17;63;56;25;0;0;0;185;30;Y;Y;Y;Y;N;N;N
57560;96;884;2017/2018;complete;271;8;-1;42,62;;2;0;2;3;3;6;3;4;4;2;0;0;10;3;8;9;18;12;25;10;49;51;4;2;0;0;0;0;0;0;0;0;0;0;0;0;0;0;0;0;0;0;0;0;0;0;0;0;0;0;0;0;0;0;0;0;0;0;0;0;0;0;0;0;0;0;0;0;0;0;0;0;0;0;0;0;0;0;0;0;0;0;0;0;0;0;0;0;0;0;0;0;2;1;0;1;0;1;1;2017-09-30 12:00:00;96;0;50;17;0;0;-1;1;-1;-1;-1;-1;-1;-1;0;2;4;0;2;4;-1;0;0;0;0;0;0;0;1;0;1;0;0;0;1;1;0;0;-1;-1;0;0;-1;-1;-1;-1;-1;-1;-1;-1;-1;17;17;67;67;100;33;84;84;33;9.66;4.34;4.67;2.83;Alashkert;Banants;1.87;1.07;3;2;2;1.71;84;84;33;33;0;33;33;33;0;0;0;185;30;Y;Y;N;N;N;N;N
57561;883;881;2017/2018;complete;271;8;-1;90;46;1;1;2;3;4;7;2;1;3;5;0;0;3;2;2;6;5;8;14;13;59;41;3;5;0;0;0;0;0;0;0;0;0;0;0;0;0;0;0;0;0;0;0;0;0;0;0;0;0;0;0;0;0;0;0;0;0;0;0;0;0;0;0;0;0;0;0;0;0;0;0;0;0;0;0;0;0;0;0;0;0;0;0;0;0;0;0;0;0;0;0;0;2;0;0;1;1;2;0;2017-10-01 12:00:00;-1;0;67;42;17;0;-1;1;-1;-1;-1;-1;-1;-1;0;1;3;4;1;7;-1;0;0;0;0;0;0;0;1;0;1;0;0;0;1;1;0;0;-1;-1;0;0;-1;-1;-1;-1;-1;-1;-1;-1;-1;0;0;67;84;100;33;84;67;17;10;3.33;5.67;2.5;Shirak;Gandzasar;1.8;1.13;3;1.33;2.14;1.14;100;100;33;17;0;50;33;33;0;0;0;185;30;Y;Y;N;N;N;N;Y
57562;885;883;2017/2018;complete;271;9;-1;44,79;35,39;2;2;4;2;10;12;1;0;1;1;0;0;7;7;2;16;9;23;8;8;42;58;1;1;0;0;0;0;0;0;0;0;0;0;0;0;0;0;0;0;0;0;0;0;0;0;0;0;0;0;0;0;0;0;0;0;0;0;0;0;0;0;0;0;0;0;0;0;0;0;0;0;0;0;0;0;0;0;0;0;0;0;0;0;0;0;0;0;0;0;0;0;4;1;2;1;0;1;3;2017-10-13 11:00:00;-1;0;25;0;0;0;-1;1;-1;-1;-1;-1;-1;-1;1;0;0;1;1;1;-1;0;0;0;0;0;0;0;0;1;0;1;0;0;1;1;0;0;-1;-1;0;0;-1;-1;-1;-1;-1;-1;-1;-1;-1;0;13;50;63;88;0;50;75;38;6.5;5;5.5;2.13;Ararat;Shirak;0.67;1.53;0.25;1.5;0.57;2;100;88;50;38;13;38;25;13;0;0;0;185;30;Y;Y;Y;Y;N;N;Y
57563;881;884;2017/2018;complete;271;9;-1;60,83;;2;0;2;6;6;12;1;5;2;2;0;0;4;6;10;8;14;14;17;13;50;50;2;2;0;0;0;0;0;0;0;0;0;0;0;0;0;0;0;0;0;0;0;0;0;0;0;0;0;0;0;0;0;0;0;0;0;0;0;0;0;0;0;0;0;0;0;0;0;0;0;0;0;0;0;0;0;0;0;0;0;0;0;0;0;0;0;0;0;0;0;0;2;0;0;2;0;2;0;2017-10-14 15:00:00;881;0;63;0;25;0;-1;1;-1;-1;-1;-1;-1;-1;0;1;2;1;1;3;-1;0;0;0;0;0;0;0;0;0;0;0;0;0;1;1;0;0;-1;-1;0;1;-1;-1;-1;-1;-1;-1;-1;-1;-1;0;25;50;75;100;13;75;88;50;8.75;4;6;2.5;Gandzasar;Banants;1.73;1.07;1;1.5;1.13;1.5;100;75;50;25;0;25;25;13;0;0;0;185;30;Y;Y;N;N;N;N;N
57564;882;96;2017/2018;complete;271;9;-1;;7;0;1;1;4;2;6;2;4;3;3;0;0;4;8;8;4;12;12;8;24;56;44;3;3;0;0;0;0;0;2.1;0;0;0;0;0;0;0;0;0;0;0;0;0;0;0;0;0;0;0;0;0;0;0;0;0;0;0;0;0;0;0;0;0;0;0;0;0;0;0;0;0;0;0;0;0;0;0;0;0;0;0;0;0;0;0;0;0;0;0;0;0;0;1;0;1;0;0;0;1;2017-10-15 15:00:00;96;0;84;29;25;0;-1;1;-1;-1;-1;-1;-1;-1;0;2;3;1;2;4;-1;0;0;0;0;0;0;0;0;0;0;0;0;0;1;1;0;1;-1;-1;0;0;-1;-1;-1;-1;-1;-1;-1;-1;-1;0;25;71;100;100;46;88;100;38;9.08;6.17;4.25;2.96;Pyunik;Alashkert;1.6;1.47;1;1.25;0.71;2.13;100;75;29;0;0;71;34;17;0;0;0;185;30;Y;N;N;N;N;N;N
57565;884;885;2017/2018;complete;271;10;-1;;;0;0;0;7;3;10;1;1;4;0;0;0;4;3;10;4;14;7;10;15;58;42;4;0;0;0;0;0;0;2.25;0;0;0;0;0;0;0;0;0;0;0;0;0;0;0;0;0;0;0;0;0;0;0;0;0;0;0;0;0;0;0;0;0;0;0;0;0;0;0;0;0;0;0;0;0;0;0;0;0;0;0;0;0;0;0;0;0;0;0;0;0;0;0;0;0;0;0;0;0;2017-10-20 11:00:00;-1;0;71;0;42;0;-1;1;-1;-1;-1;-1;-1;-1;1;0;3;0;1;3;-1;0;0;0;0;0;0;0;0;0;0;0;0;0;1;1;0;0;-1;-1;0;0;-1;-1;-1;-1;-1;-1;-1;-1;-1;0;42;88;100;100;0;100;100;88;8.25;4.92;4.58;3.29;Banants;Ararat;1.87;0.73;1.5;1;1.33;0.63;100;59;13;0;0;63;50;34;0;0;0;185;30;N;N;N;N;N;N;N
57566;883;882;2017/2018;complete;271;10;-1;;;0;0;0;8;2;10;4;1;6;3;0;1;5;4;11;7;16;11;17;12;51;49;6;5;0;0;0;0;0;0;0;0;0;0;0;0;0;0;0;0;0;0;0;0;0;0;0;0;0;0;0;0;0;0;0;0;0;0;0;0;0;0;0;0;0;0;0;0;0;0;0;0;0;0;0;0;0;0;0;0;0;0;0;0;0;0;0;0;0;0;0;0;0;0;0;0;0;0;0;2017-10-21 11:00:00;-1;0;75;25;50;0;-1;1;-1;-1;-1;-1;-1;-1;1;2;5;2;3;7;-1;0;0;0;0;0;0;0;0;0;0;0;0;0;1;1;0;0;-1;-1;0;0;-1;-1;-1;-1;-1;-1;-1;-1;-1;13;38;63;75;88;25;75;75;50;6.5;3;4.75;2.88;Shirak;Pyunik;1.8;0.8;2.5;0.5;1.89;0.63;88;63;38;25;13;25;13;13;0;0;0;185;30;N;N;N;N;N;N;N
57567;96;881;2017/2018;complete;271;10;-1;;7,29,49;0;3;3;5;4;9;3;4;0;2;0;0;4;6;8;4;12;10;14;15;63;37;0;2;0;0;0;0;0;0;0;0;0;0;0;0;0;0;0;0;0;0;0;0;0;0;0;0;0;0;0;0;0;0;0;0;0;0;0;0;0;0;0;0;0;0;0;0;0;0;0;0;0;0;0;0;0;0;0;0;0;0;0;0;0;0;0;0;0;0;0;0;3;0;2;0;1;1;2;2017-10-22 11:00:00;881;0;50;29;17;0;-1;1;-1;-1;-1;-1;-1;-1;0;0;0;2;0;2;-1;0;0;0;0;0;0;0;0;0;0;0;0;0;1;1;0;1;-1;-1;0;0;-1;-1;-1;-1;-1;-1;-1;-1;-1;13;13;50;88;100;25;63;88;25;10;5.25;5.75;2.75;Alashkert;Gandzasar;1.87;1.13;3;1.25;2.22;1.33;88;88;50;13;0;25;25;25;0;0;0;185;30;Y;Y;Y;N;N;N;N
57568;884;882;2017/2018;complete;271;11;-1;73;67;1;1;2;8;3;11;1;3;3;2;0;0;3;6;8;9;11;15;12;12;55;45;3;2;0;0;0;0;0;0;0;0;0;0;0;0;0;0;0;0;0;0;0;0;0;0;0;0;0;0;0;0;0;0;0;0;0;0;0;0;0;0;0;0;0;0;0;0;0;0;0;0;0;0;0;0;0;0;0;0;0;0;0;0;0;0;0;0;0;0;0;0;2;0;0;1;1;2;0;2017-10-28 11:00:00;-1;0;60;10;40;0;-1;1;-1;-1;-1;-1;-1;-1;2;1;1;1;3;2;-1;0;0;0;0;0;0;0;0;0;0;0;0;0;1;1;0;0;-1;-1;0;1;-1;-1;-1;-1;-1;-1;-1;-1;-1;10;50;60;70;70;10;70;70;50;7.2;3.4;5;2.7;Banants;Pyunik;1.87;0.8;1.4;0.6;1.3;0.67;90;50;40;30;30;30;20;0;0;0;0;185;30;Y;Y;N;N;N;N;Y
57569;883;96;2017/2018;complete;271;11;-1;;88;0;1;1;6;6;12;3;0;2;1;0;0;5;8;1;10;6;18;10;19;46;54;2;1;0;0;0;0;0;0;0;0;0;0;0;0;0;0;0;0;0;0;0;0;0;0;0;0;0;0;0;0;0;0;0;0;0;0;0;0;0;0;0;0;0;0;0;0;0;0;0;0;0;0;0;0;0;0;0;0;0;0;0;0;0;0;0;0;0;0;0;0;1;0;0;0;1;1;0;2017-10-29 12:00:00;96;0;70;20;40;0;-1;1;-1;-1;-1;-1;-1;-1;0;0;2;1;0;3;-1;0;0;0;0;0;0;0;0;0;0;0;0;0;1;1;0;0;-1;-1;0;0;-1;-1;-1;-1;-1;-1;-1;-1;-1;0;20;50;70;90;20;70;70;50;10.6;6.4;6;2.3;Shirak;Alashkert;1.8;1.47;2.2;1.6;1.8;2;100;80;50;30;10;60;20;10;0;0;0;185;30;Y;N;N;N;N;N;N
57570;881;885;2017/2018;complete;271;11;-1;12,76;;2;0;2;6;4;10;3;2;0;0;0;0;8;4;10;4;18;8;4;12;50;50;0;0;0;0;0;0;0;0;0;0;0;0;0;0;0;0;0;0;0;0;0;0;0;0;0;0;0;0;0;0;0;0;0;0;0;0;0;0;0;0;0;0;0;0;0;0;0;0;0;0;0;0;0;0;0;0;0;0;0;0;0;0;0;0;0;0;0;0;0;0;2;1;0;1;0;1;1;2017-10-29 15:00:00;881;0;55;0;33;0;-1;-1;-1;-1;-1;-1;-1;-1;0;0;0;0;0;0;-1;0;0;0;0;0;0;0;0;0;0;0;0;0;1;1;0;0;-1;-1;-1;-1;-1;-1;-1;-1;-1;-1;-1;-1;-1;0;33;58;78;88;0;58;88;78;8.75;4.45;4.95;2.55;Gandzasar;Ararat;1.73;0.73;1.4;1;1.5;0.67;100;68;43;23;13;70;70;35;0;0;0;185;30;Y;Y;N;N;N;N;N
57571;96;885;2017/2018;complete;271;12;-1;45,70;;2;0;2;6;1;7;4;1;1;1;0;0;9;5;11;5;20;10;20;9;52;48;1;1;0;0;0;0;0;0;0;0;0;0;0;0;0;0;0;0;0;0;0;0;0;0;0;0;0;0;0;0;0;0;0;0;0;0;0;0;0;0;0;0;0;0;0;0;0;0;0;0;0;0;0;0;0;0;0;0;0;0;0;0;0;0;0;0;0;0;0;0;2;1;0;1;0;1;1;2017-11-03 12:00:00;96;0;30;10;10;0;-1;1;-1;-1;-1;-1;-1;-1;0;1;1;0;1;1;-1;0;0;0;0;0;0;0;0;0;0;0;0;0;1;1;0;0;-1;-1;0;0;-1;-1;-1;-1;-1;-1;-1;-1;-1;10;20;60;80;90;20;80;90;40;8.6;5.6;3.4;2.7;Alashkert;Ararat;1.87;0.73;2.4;0.8;2.09;0.6;90;80;40;20;10;70;60;30;0;0;0;185;30;Y;Y;N;N;N;N;N
57572;882;881;2017/2018;complete;271;12;-1;;;0;0;0;0;7;7;2;2;1;3;0;0;0;0;5;11;5;11;15;16;47;53;1;3;0;0;0;0;0;0;0;0;0;0;0;0;0;0;0;0;0;0;0;0;0;0;0;0;0;0;0;0;0;0;0;0;0;0;0;0;0;0;0;0;0;0;0;0;0;0;0;0;0;0;0;0;0;0;0;0;0;0;0;0;0;0;0;0;0;0;0;0;0;0;0;0;0;0;0;2017-11-04 13:00:00;-1;0;55;25;13;0;-1;1;-1;-1;-1;-1;-1;-1;1;1;0;2;2;2;-1;0;0;0;0;0;0;0;0;0;0;0;0;0;1;1;0;0;-1;-1;0;1;-1;-1;-1;-1;-1;-1;-1;-1;-1;0;0;55;88;100;45;80;78;10;7.75;3.95;5.25;2.43;Pyunik;Gandzasar;1.6;1.13;0.75;1.6;0.7;1.64;100;100;45;13;0;45;35;23;0;0;0;185;30;N;N;N;N;N;N;N
57573;883;884;2017/2018;complete;271;12;-1;;81;0;1;1;4;1;5;1;0;3;3;0;0;0;6;11;6;11;12;11;14;54;46;3;3;0;0;0;0;0;0;0;0;0;0;0;0;0;0;0;0;0;0;0;0;0;0;0;0;0;0;0;0;0;0;0;0;0;0;0;0;0;0;0;0;0;0;0;0;0;0;0;0;0;0;0;0;0;0;0;0;0;0;0;0;0;0;0;0;0;0;0;0;1;0;0;0;1;1;0;2017-11-05 12:00:00;884;0;45;9;17;0;-1;1;-1;-1;-1;-1;-1;-1;2;3;1;0;5;1;-1;0;0;0;0;0;0;0;0;0;0;0;0;0;1;1;0;0;-1;-1;0;1;-1;-1;-1;-1;-1;-1;-1;-1;-1;0;0;37;65;92;19;65;74;37;9.4;4.37;5.73;1.94;Shirak;Banants;1.8;1.07;1.83;1.2;1.64;1.27;100;100;64;35;9;54;45;37;0;0;0;185;30;Y;N;N;N;N;N;N
57574;884;96;2017/2018;complete;271;13;-1;38,89;27,58;2;2;4;5;3;8;3;0;2;3;0;0;9;8;4;5;13;13;12;22;47;53;2;3;0;0;0;0;0;0;0;0;0;0;0;0;0;0;0;0;0;0;0;0;0;0;0;0;0;0;0;0;0;0;0;0;0;0;0;0;0;0;0;0;0;0;0;0;0;0;0;0;0;0;0;0;0;0;0;0;0;0;0;0;0;0;0;0;0;0;0;0;4;1;1;1;1;2;2;2017-11-17 12:00:00;-1;0;67;9;42;0;-1;1;-1;-1;-1;-1;-1;-1;1;2;1;1;3;2;-1;0;0;0;0;0;0;0;0;0;0;0;0;0;1;1;0;0;-1;-1;1;0;-1;-1;-1;-1;-1;-1;-1;-1;-1;0;33;50;75;92;9;67;83;59;11.16;5.5;4.84;2.5;Banants;Alashkert;1.87;1.47;1.33;1.83;1.42;2.17;100;67;50;25;9;59;25;17;0;0;0;185;30;Y;Y;Y;Y;N;N;Y
57575;881;883;2017/2018;complete;271;13;-1;37,46;69,90;2;2;4;7;4;11;0;2;2;3;0;0;8;9;6;2;14;11;20;10;47;53;2;3;0;0;0;0;0;0;0;0;0;0;0;0;0;0;0;0;0;0;0;0;0;0;0;0;0;0;0;0;0;0;0;0;0;0;0;0;0;0;0;0;0;0;0;0;0;0;0;0;0;0;0;0;0;0;0;0;0;0;0;0;0;0;0;0;0;0;0;0;4;1;0;1;2;3;1;2017-11-18 12:00:00;-1;0;35;10;17;0;-1;1;-1;-1;-1;-1;-1;-1;0;1;2;2;1;4;-1;0;0;0;0;0;0;0;0;0;0;0;0;0;1;1;0;0;-1;-1;0;0;-1;-1;-1;-1;-1;-1;-1;-1;-1;0;27;37;72;100;10;55;100;44;10.57;3.33;5.27;2.35;Gandzasar;Shirak;1.73;1.53;1.67;1.4;1.58;1.5;100;74;64;29;0;45;45;19;0;0;0;185;30;Y;Y;Y;Y;N;N;Y
57576;885;882;2017/2018;complete;271;13;-1;;76;0;1;1;4;3;7;1;5;2;3;0;1;2;3;7;4;9;7;18;10;45;55;2;4;0;0;0;0;0;0;0;0;0;0;0;0;0;0;0;0;0;0;0;0;0;0;0;0;0;0;0;0;0;0;0;0;0;0;0;0;0;0;0;0;0;0;0;0;0;0;0;0;0;0;0;0;0;0;0;0;0;0;0;0;0;0;0;0;0;0;0;0;1;0;0;0;1;1;0;2017-11-19 12:00:00;882;0;64;21;25;0;-1;1;-1;-1;-1;-1;-1;-1;1;1;1;3;2;4;-1;0;0;0;0;0;0;0;0;0;0;0;0;0;1;1;0;0;-1;-1;0;0;-1;-1;-1;-1;-1;-1;-1;-1;-1;9;45;65;74;74;19;55;64;45;4.7;4.87;4.53;2.74;Ararat;Pyunik;0.67;0.8;0.4;0.67;0.55;0.73;92;55;35;27;27;47;37;29;0;0;0;185;30;Y;N;N;N;N;N;N
57577;96;882;2017/2018;complete;271;14;-1;23;;1;0;1;2;3;5;4;4;2;0;1;0;5;2;5;6;10;8;24;5;43;57;3;0;0;0;0;0;0;0;0;0;0;0;0;0;0;0;0;0;0;0;0;0;0;0;0;0;0;0;0;0;0;0;0;0;0;0;0;0;0;0;0;0;0;0;0;0;0;0;0;0;0;0;0;0;0;0;0;0;0;0;0;0;0;0;0;0;0;0;0;0;1;1;0;0;0;0;1;2017-11-24 12:00:00;96;0;37;16;22;0;-1;1;-1;-1;-1;-1;-1;-1;0;0;3;0;0;3;-1;0;0;0;0;0;0;0;0;0;0;0;0;0;1;1;0;0;-1;-1;0;0;-1;-1;-1;-1;-1;-1;-1;-1;-1;16;30;47;70;86;24;63;86;30;7.57;5.64;4.4;2.63;Alashkert;Pyunik;1.87;0.8;2.5;1;2.08;0.92;85;70;54;30;15;31;23;16;0;0;0;185;30;Y;N;N;N;N;N;N
57578;883;885;2017/2018;complete;271;14;-1;;90;0;1;1;5;4;9;3;0;1;0;0;0;3;7;8;8;11;15;18;8;44;56;1;0;1.56;3.7;4.7;0;0;0;0;0;0;0;0;0;0;0;0;0;0;0;0;0;0;0;0;0;0;0;0;0;0;0;0;0;0;0;0;0;0;0;0;0;0;0;0;0;0;0;0;0;0;0;0;0;0;0;0;0;0;0;0;0;0;0;0;0;0;0;0;0;1;0;0;0;1;1;0;2017-11-25 11:00:00;885;0;38;7;23;0;-1;1;-1;-1;-1;-1;-1;-1;0;0;1;0;0;1;-1;0;0;0;0;0;0;0;0;0;0;0;0;0;1;1;0;0;-1;-1;0;0;-1;-1;-1;-1;-1;-1;-1;-1;-1;0;9;40;63;85;7;63;77;40;8.19;4;4.62;1.95;Shirak;Ararat;1.8;0.73;1.57;0.67;1.46;0.5;100;92;61;37;16;70;63;31;0;0;0;185;30;Y;N;N;N;N;N;N
57579;884;881;2017/2018;complete;271;14;-1;65;31;1;1;2;3;6;9;3;2;5;4;0;0;4;4;6;6;10;10;11;19;49;51;5;4;0;0;0;0;0;0;0;0;0;0;0;0;0;0;0;0;0;0;0;0;0;0;0;0;0;0;0;0;0;0;0;0;0;0;0;0;0;0;0;0;0;0;0;0;0;0;0;0;0;0;0;0;0;0;0;0;0;0;0;0;0;0;0;0;0;0;0;0;2;0;1;1;0;1;1;2017-11-26 11:00:00;-1;0;61;17;39;0;-1;1;-1;-1;-1;-1;-1;-1;1;1;4;3;2;7;-1;0;0;0;0;0;0;0;0;0;0;0;0;0;1;1;0;0;-1;-1;0;0;-1;-1;-1;-1;-1;-1;-1;-1;-1;0;22;54;85;85;24;61;77;44;10.62;4.17;5.57;2.44;Banants;Gandzasar;1.87;1.13;1.29;1.5;1.38;1.54;100;79;47;16;16;38;23;16;0;0;0;185;30;Y;Y;N;N;N;N;Y
57580;881;96;2017/2018;complete;271;15;-1;77;;1;0;1;2;5;7;2;4;1;2;0;0;3;3;4;5;7;8;13;13;50;50;1;2;0;0;0;0;0;0;0;0;0;0;0;0;0;0;0;0;0;0;0;0;0;0;0;0;0;0;0;0;0;0;0;0;0;0;0;0;0;0;0;0;0;0;0;0;0;0;0;0;0;0;0;0;0;0;0;0;0;0;0;0;0;0;0;0;0;0;0;0;1;0;0;1;0;1;0;2017-12-01 12:00:00;881;0;64;15;43;0;-1;1;-1;-1;-1;-1;-1;-1;0;1;1;1;1;2;-1;0;0;0;0;0;0;0;1;0;1;0;0;0;1;1;0;0;-1;-1;0;0;-1;-1;-1;-1;-1;-1;-1;-1;-1;0;43;50;79;100;15;64;93;64;10.86;5.14;4.86;2.71;Gandzasar;Alashkert;1.73;1.47;1.57;1.71;1.5;2.14;100;57;50;22;0;57;36;22;0;0;0;185;30;Y;N;N;N;N;N;N
57581;882;883;2017/2018;complete;271;15;-1;10,37,90;13,68;3;2;5;2;2;4;2;0;5;6;0;1;9;6;5;5;14;11;13;17;56;44;5;7;0;0;0;0;0;0;0;0;0;0;0;0;0;0;0;0;0;0;0;0;0;0;0;0;0;0;0;0;0;0;0;0;0;0;0;0;0;0;0;0;0;0;0;0;0;0;0;0;0;0;0;0;0;0;0;0;0;0;0;0;0;0;0;0;0;0;0;0;5;2;1;1;1;2;3;2017-12-02 12:00:00;882;0;33;17;9;0;-1;1;-1;-1;-1;-1;-1;-1;1;1;4;6;2;10;-1;0;0;0;0;0;0;0;1;0;1;0;0;0;1;1;1;0;-1;-1;0;0;-1;-1;-1;-1;-1;-1;-1;-1;-1;0;25;50;67;92;34;75;84;17;8;3;5;2.34;Pyunik;Shirak;1.6;1.53;1.17;1.33;1;1.36;100;75;50;33;9;50;50;33;0;0;0;185;30;Y;Y;Y;Y;Y;N;Y
57582;885;884;2017/2018;complete;271;15;-1;17,90;32,70,90;2;3;5;2;8;10;4;8;2;2;0;0;5;4;4;6;9;10;19;16;45;55;2;2;3.4;3.05;2;0;0;0;0;0;0;0;0;0;0;0;0;0;0;0;0;0;0;0;0;0;0;0;0;0;0;0;0;0;0;0;0;0;0;0;0;0;0;0;0;0;0;0;0;0;0;0;0;0;0;0;0;0;0;0;0;0;0;0;0;0;0;0;0;0;5;1;1;1;2;3;2;2017-12-03 10:00:00;884;0;42;10;0;0;-1;1;-1;-1;-1;-1;-1;-1;1;1;1;1;2;2;-1;0;0;0;0;0;0;0;0;1;0;1;0;0;1;1;0;0;-1;-1;0;0;-1;-1;-1;-1;-1;-1;-1;-1;-1;0;17;50;67;92;17;59;75;33;6.33;4.66;4.67;2.25;Ararat;Banants;0.67;1.07;0.33;1.5;0.64;1.36;100;84;50;33;9;42;33;33;0;0;0;185;30;Y;Y;Y;Y;Y;N;Y
57583;96;883;2017/2018;complete;271;16;-1;;14;0;1;1;8;3;11;3;1;1;1;0;0;5;3;9;3;14;6;18;17;63;37;1;1;1.51;3.55;5.6;0;0;0;0;0;0;0;0;0;0;0;0;0;0;0;0;0;0;0;0;0;0;0;0;0;0;0;0;0;0;0;0;0;0;0;0;0;0;0;0;0;0;0;0;0;0;0;0;0;0;0;0;0;0;0;0;0;0;0;0;0;0;0;0;0;1;0;1;0;0;0;1;2018-02-28 10:00:00;883;0;29;22;15;0;-1;1;-1;-1;-1;-1;-1;-1;0;0;1;1;0;2;-1;0;0;0;0;0;0;0;0;0;0;0;0;0;1;1;0;0;-1;-1;0;0;-1;-1;-1;-1;-1;-1;-1;-1;-1;14;29;50;71;100;29;79;93;29;9.28;4.57;5.29;2.72;Alashkert;Shirak;1.87;1.53;2.57;1.14;2;1.27;86;72;50;29;0;36;29;22;0;0;0;185;30;Y;N;N;N;N;N;N
57584;882;884;2017/2018;complete;271;16;-1;28,88;;2;0;2;1;4;5;6;0;4;4;0;0;7;3;5;5;12;8;20;17;43;57;4;4;2.2;3.05;2.9;0;0;0;0;0;0;0;0;0;0;0;0;0;0;0;0;0;0;0;0;0;0;0;0;0;0;0;0;0;0;0;0;0;0;0;0;0;0;0;0;0;0;0;0;0;0;0;0;0;0;0;0;0;0;0;0;0;0;0;0;0;0;0;0;0;2;1;0;1;0;1;1;2018-02-28 12:00:00;882;0;43;22;14;0;-1;1;-1;-1;-1;-1;-1;-1;1;2;3;2;3;5;-1;0;0;0;0;0;0;0;1;0;1;0;0;0;1;1;0;0;-1;-1;0;1;-1;-1;-1;-1;-1;-1;-1;-1;-1;14;22;50;71;93;43;79;79;29;7.14;4.57;5.14;2.5;Pyunik;Banants;1.6;1.07;1.43;1.71;1.13;1.47;86;79;50;29;7;43;43;29;0;0;0;185;30;Y;Y;N;N;N;N;N
57585;885;881;2017/2018;complete;271;16;-1;77;;1;0;1;2;7;9;1;2;2;2;0;0;3;8;6;12;9;20;17;14;37;63;2;2;5.55;3.4;1.54;0;0;0;0;0;0;0;0;0;0;0;0;0;0;0;0;0;0;0;0;0;0;0;0;0;0;0;0;0;0;0;0;0;0;0;0;0;0;0;0;0;0;0;0;0;0;0;0;0;0;0;0;0;0;0;0;0;0;0;0;0;0;0;0;0;1;0;0;1;0;1;0;2018-03-01 10:00:00;885;0;57;25;17;0;-1;1;-1;-1;-1;-1;-1;-1;0;0;2;2;0;4;-1;0;0;0;0;0;0;0;0;0;0;0;0;0;1;1;0;0;-1;-1;0;0;-1;-1;-1;-1;-1;-1;-1;-1;-1;7;22;57;79;86;29;57;71;29;7.86;5.14;5.28;2.5;Ararat;Gandzasar;0.67;1.13;0.29;1.43;0.6;1.6;93;79;43;22;14;50;29;22;0;0;0;185;30;Y;N;N;N;N;N;N
57586;885;96;2017/2018;complete;271;17;-1;51,74;12,37,49;2;3;5;2;4;6;6;2;1;2;0;0;5;11;3;2;8;13;20;20;45;55;1;2;5.5;3.9;1.45;0;0;0;0;0;0;0;0;0;0;0;0;0;0;0;0;0;0;0;0;0;0;0;0;0;0;0;0;0;0;0;0;0;0;0;0;0;0;0;0;0;0;0;0;0;0;0;0;0;0;0;0;0;0;0;0;0;0;0;0;0;0;0;0;0;5;0;2;2;1;3;2;2018-03-04 10:00:00;96;0;57;27;26;0;-1;1;-1;-1;-1;-1;-1;-1;0;0;1;2;0;3;-1;0;0;0;0;0;0;0;0;1;0;1;0;0;1;1;0;0;-1;-1;0;0;-1;-1;-1;-1;-1;-1;-1;-1;-1;7;38;57;63;94;25;57;82;44;7.76;6;4.38;2.57;Ararat;Alashkert;0.67;1.47;0.63;1.5;0.75;1.88;94;63;44;38;7;57;26;19;0;0;0;185;30;Y;Y;Y;Y;Y;N;Y
57587;881;882;2017/2018;complete;271;17;-1;5;;1;0;1;1;3;4;-1;-1;1;2;0;0;4;5;4;10;8;15;-1;-1;53;47;1;2;2.15;2.95;3.05;0;0;0;0;0;0;0;0;0;0;0;0;0;0;0;0;0;0;0;0;0;0;0;0;0;0;0;0;0;0;0;0;0;0;0;0;0;0;0;0;0;0;0;0;0;0;0;0;0;0;0;0;0;0;0;0;0;0;0;0;0;0;0;0;0;1;1;0;0;0;0;1;2018-03-04 12:00:00;881;0;50;7;38;0;-1;1;-1;-1;-1;-1;-1;-1;1;1;0;1;2;1;-1;0;0;0;0;0;0;0;1;0;1;0;0;0;1;1;1;0;-1;-1;0;0;-1;-1;-1;-1;-1;-1;-1;-1;-1;7;38;38;63;88;7;50;82;51;7.63;4.38;4.63;2.38;Gandzasar;Pyunik;1.73;0.8;1.75;0.88;1.5;1.25;94;63;63;38;13;38;38;19;0;0;0;185;30;Y;N;N;N;N;N;N
57588;884;883;2017/2018;complete;271;17;-1;;88,88;0;2;2;7;2;9;1;3;0;0;0;0;3;5;4;6;7;11;9;12;60;40;0;0;2.8;3.15;2.25;0;0;0;0;0;0;0;0;0;0;1.95;1.8;0;0;0;0;0;0;0;0;0;0;0;0;0;0;0;0;0;0;0;0;0;0;0;0;0;0;0;0;0;0;0;0;0;0;0;0;0;0;0;0;0;0;0;0;0;0;0;0;0;0;0;0;0;2;0;0;0;2;2;0;2018-05-05 13:00:00;883;0;42;12;27;0;-1;-1;-1;-1;-1;-1;-1;-1;0;0;0;0;0;0;-1;0;0;0;0;0;0;0;-1;-1;-1;-1;-1;-1;-1;1;0;0;-1;-1;-1;-1;-1;-1;-1;-1;-1;-1;-1;-1;-1;4;23;46;77;92;23;66;89;46;9.15;3.31;4.17;2.42;Banants;Shirak;1.87;1.53;1.92;1.46;1.5;1.73;96;77;54;23;8;50;31;20;0;0;0;185;30;Y;Y;N;N;N;N;N
57589;96;884;2017/2018;complete;271;18;-1;36,38;21,28;2;2;4;4;1;5;2;1;4;1;0;0;5;6;3;1;8;7;19;17;51;49;4;1;1.54;3.6;5;1.04;1.32;2;3.6;0;0;0;0;0;0;2.15;1.67;0;0;0;0;0;0;0;0;0;0;0;0;0;0;0;0;0;0;0;0;0;0;0;0;0;0;0;0;0;0;0;0;0;0;0;0;0;0;0;0;0;0;0;0;0;0;0;0;0;0;0;0;0;4;2;2;0;0;0;4;2018-03-11 11:00:00;-1;0;26;13;7;0;-1;1;-1;-1;-1;-1;-1;-1;1;0;3;1;1;4;-1;0;0;0;0;0;0;0;0;0;0;0;0;0;1;1;0;0;-1;-1;0;0;-1;-1;-1;-1;-1;-1;-1;-1;-1;13;13;38;69;100;25;82;82;26;9.38;5.88;4.51;2.38;Alashkert;Banants;1.87;1.07;2.25;1.5;1.94;1.47;88;88;63;32;0;38;32;25;0;0;0;185;30;Y;Y;Y;Y;N;N;Y
57590;883;881;2017/2018;complete;271;18;-1;56,80;7;2;1;3;8;3;11;2;1;0;2;0;0;4;4;4;1;8;5;11;18;59;41;0;2;2.3;2.95;2.85;0;0;0;0;0;0;0;0;0;0;0;0;0;0;0;0;0;0;0;0;0;0;0;0;0;0;0;0;0;0;0;0;0;0;0;0;0;0;0;0;0;0;0;0;0;0;0;0;0;0;0;0;0;0;0;0;0;0;0;0;0;0;0;0;0;3;0;1;2;0;2;1;2018-03-10 10:00:00;883;0;44;14;20;0;-1;1;-1;-1;-1;-1;-1;-1;0;1;0;1;1;1;-1;0;0;0;0;0;0;0;0;0;0;0;0;0;1;1;0;1;-1;-1;0;0;-1;-1;-1;-1;-1;-1;-1;-1;-1;0;0;32;57;88;19;44;75;19;10.51;4.26;6;1.75;Shirak;Gandzasar;1.8;1.13;1.38;1.25;1.29;1.59;100;100;69;44;13;57;26;19;0;0;0;185;30;Y;Y;Y;N;N;N;Y
57591;882;885;2017/2018;complete;271;18;-1;17,25,57;52,77,90;3;3;6;2;5;7;0;5;1;2;0;0;4;6;7;9;11;15;17;15;54;46;1;2;1.71;3.35;4.2;0;0;0;0;0;0;0;0;0;0;2.3;1.59;0;0;0;0;0;0;0;0;0;0;0;0;0;0;0;0;0;0;0;0;0;0;0;0;0;0;0;0;0;0;0;0;0;0;0;0;0;0;0;0;0;0;0;0;0;0;0;0;0;0;0;0;0;6;2;0;1;3;4;2;2018-03-11 10:00:00;-1;0;32;13;13;0;-1;1;-1;-1;-1;-1;-1;-1;0;0;1;2;0;3;-1;0;0;0;0;0;0;0;0;0;0;0;0;0;1;1;0;0;-1;-1;0;0;-1;-1;-1;-1;-1;-1;-1;-1;-1;7;25;50;75;88;32;82;82;26;6.13;4.01;4.01;2.44;Pyunik;Ararat;1.6;0.73;1.63;0.88;1.18;0.71;94;75;50;25;13;63;57;32;0;0;0;185;30;Y;Y;Y;Y;Y;Y;Y
57592;882;96;2017/2018;complete;271;19;-1;17,22,45;58;3;1;4;3;5;8;1;1;0;0;0;0;8;3;2;12;10;15;14;17;42;58;0;0;3.75;3.35;1.8;0;0;0;0;0;0;0;0;0;0;0;0;0;0;0;0;0;0;0;0;0;0;0;0;0;0;0;0;0;0;0;0;0;0;0;0;0;0;0;0;0;0;0;0;0;0;0;0;0;0;0;0;0;0;0;0;0;0;0;0;0;0;0;0;0;4;3;0;0;1;1;3;2018-03-17 10:00:00;882;0;56;22;33;0;-1;-1;-1;-1;-1;-1;-1;-1;0;0;0;0;0;0;-1;0;0;0;0;0;0;0;-1;-1;-1;-1;-1;-1;-1;1;0;0;-1;-1;-1;-1;-1;-1;-1;-1;-1;-1;-1;-1;-1;17;39;56;73;95;45;78;84;39;7.66;5.22;4.89;2.84;Pyunik;Alashkert;1.6;1.47;1.56;1.67;1.17;1.89;84;62;44;28;6;39;22;17;0;0;0;185;30;Y;Y;Y;Y;N;N;Y
57593;885;883;2017/2018;complete;271;19;-1;;47,71;0;2;2;5;6;11;3;4;2;0;0;0;3;12;4;2;7;14;9;9;45;55;2;0;4;3.45;1.71;0;0;0;0;0;0;0;0;0;0;0;0;0;0;0;0;0;0;0;0;0;0;0;0;0;0;0;0;0;0;0;0;0;0;0;0;0;0;0;0;0;0;0;0;0;0;0;0;0;0;0;0;0;0;0;0;0;0;0;0;0;0;0;0;0;2;0;0;0;2;2;0;2018-03-18 10:00:00;883;0;45;24;24;0;-1;1;-1;-1;-1;-1;-1;-1;1;0;1;0;1;1;-1;0;0;0;0;0;0;0;0;1;0;1;0;0;1;1;0;0;-1;-1;0;0;-1;-1;-1;-1;-1;-1;-1;-1;-1;17;39;62;67;95;33;67;84;39;6.77;4.11;4.67;2.78;Ararat;Shirak;0.67;1.53;0.56;1.22;0.72;1.39;84;62;39;33;6;50;39;28;0;0;0;185;30;Y;Y;N;N;N;N;N
57594;881;884;2017/2018;complete;271;19;-1;33,44;39,72;2;2;4;3;2;5;5;2;1;2;0;0;4;5;4;4;8;9;15;10;54;46;1;2;1.95;3.2;3.3;0;0;0;0;0;0;0;0;0;0;0;0;0;0;0;0;0;0;0;0;0;0;0;0;0;0;0;0;0;0;0;0;0;0;0;0;0;0;0;0;0;0;0;0;0;0;0;0;0;0;0;0;0;0;0;0;0;0;0;0;0;0;0;0;0;4;2;1;0;1;1;3;2018-03-18 10:00:00;-1;0;44;11;22;0;-1;1;-1;-1;-1;-1;-1;-1;0;1;1;1;1;2;-1;0;0;0;0;0;0;0;1;1;1;1;0;0;1;1;0;0;-1;-1;0;0;-1;-1;-1;-1;-1;-1;-1;-1;-1;6;28;39;73;100;17;67;84;45;8.56;3.89;4.66;2.45;Gandzasar;Banants;1.73;1.07;1.89;1.44;1.5;1.44;95;73;62;28;0;39;39;22;0;0;0;185;30;Y;Y;Y;Y;N;N;Y
57595;96;881;2017/2018;complete;271;20;-1;;4;0;1;1;2;1;3;3;4;0;0;0;0;4;4;12;3;16;7;13;11;63;37;0;0;1.69;3.3;4.45;0;0;0;0;0;0;0;0;0;0;2;1.77;0;0;0;0;0;0;0;0;0;0;0;0;0;0;0;0;0;0;0;0;0;0;0;0;0;0;0;0;0;0;0;0;0;0;0;0;0;0;0;0;0;0;0;0;0;0;0;0;0;0;0;0;0;1;0;1;0;0;0;1;2018-04-01 11:00:00;881;0;39;18;7;0;-1;-1;-1;-1;-1;-1;-1;-1;0;0;0;0;0;0;-1;0;0;0;0;0;0;0;-1;-1;-1;-1;-1;-1;-1;1;0;1;-1;-1;-1;-1;-1;-1;-1;-1;-1;-1;-1;-1;-1;6;11;44;73;95;28;73;73;17;10.22;5.33;5;2.34;Alashkert;Gandzasar;1.87;1.13;2.11;1.11;1.79;1.47;95;89;56;28;6;45;22;22;0;0;0;185;30;Y;N;N;N;N;N;N
57596;884;885;2017/2018;complete;271;20;-1;23,72;;2;0;2;2;7;9;1;0;0;0;0;0;8;2;4;7;12;9;18;21;53;47;0;0;1.31;4.25;8;0;0;0;0;0;0;0;0;0;0;2.3;1.59;0;0;0;0;0;0;0;0;0;0;0;0;0;0;0;0;0;0;0;0;0;0;0;0;0;0;0;0;0;0;0;0;0;0;0;0;0;0;0;0;0;0;0;0;0;0;0;0;0;0;0;0;0;2;1;0;1;0;1;1;2018-04-01 11:00:00;884;0;50;6;33;0;-1;-1;-1;-1;-1;-1;-1;-1;0;0;0;0;0;0;-1;0;0;0;0;0;0;0;-1;-1;-1;-1;-1;-1;-1;1;0;0;-1;-1;-1;-1;-1;-1;-1;-1;-1;-1;-1;-1;-1;6;33;56;84;89;22;78;89;50;8.67;4;3.89;2.73;Banants;Ararat;1.87;0.73;1.44;0.89;1.42;0.68;95;67;44;17;11;61;45;22;0;0;0;185;30;Y;Y;N;N;N;N;N
57597;883;882;2017/2018;complete;271;20;-1;61,82;;2;0;2;2;1;3;1;1;0;2;0;0;6;5;9;11;15;16;16;15;45;55;0;2;1.95;2.95;3.65;0;0;0;0;0;0;0;0;0;0;2.05;1.71;0;0;0;0;0;0;0;0;0;0;0;0;0;0;0;0;0;0;0;0;0;0;0;0;0;0;0;0;0;0;0;0;0;0;0;0;0;0;0;0;0;0;0;0;0;0;0;0;0;0;0;0;0;2;0;0;2;0;2;0;2018-03-31 11:00:00;883;0;44;11;28;0;-1;1;-1;-1;-1;-1;-1;-1;0;2;0;0;2;0;-1;0;0;0;0;0;0;0;0;0;0;0;0;0;1;1;0;0;-1;-1;0;0;-1;-1;-1;-1;-1;-1;-1;-1;-1;6;17;33;44;84;11;50;67;33;7.89;4.11;4.89;1.89;Shirak;Pyunik;1.8;0.8;1.56;0.78;1.47;1.26;95;84;67;56;17;45;33;22;0;0;0;185;30;Y;Y;N;N;N;N;N
57598;883;96;2017/2018;complete;271;21;-1;90;;1;0;1;1;4;5;3;1;0;0;0;0;7;3;8;6;15;9;10;17;49;51;0;0;0;0;0;0;0;0;0;0;0;0;0;0;0;0;0;0;0;0;0;0;0;0;0;0;0;0;0;0;0;0;0;0;0;0;0;0;0;0;0;0;0;0;0;0;0;0;0;0;0;0;0;0;0;0;0;0;0;0;0;0;0;0;0;0;0;0;0;0;1;0;0;1;0;1;0;2018-04-04 11:00:00;883;0;55;15;30;0;-1;-1;-1;-1;-1;-1;-1;-1;0;0;0;0;0;0;-1;0;0;0;0;0;0;0;-1;-1;-1;-1;-1;-1;-1;1;0;0;-1;-1;-1;-1;-1;-1;-1;-1;-1;-1;-1;-1;-1;5;25;45;60;95;25;55;85;45;10.1;4.9;4.4;2.3;Shirak;Alashkert;1.8;1.47;1.7;1.5;1.55;1.7;95;75;55;40;5;50;25;20;0;0;0;185;30;Y;N;N;N;N;N;N
57599;884;882;2017/2018;complete;271;21;-1;54,78;;2;0;2;5;3;8;-1;-1;-1;-1;-1;-1;4;6;3;9;7;15;-1;-1;53;47;-1;-1;0;0;0;0;0;0;0;0;0;0;0;0;0;0;0;0;0;0;0;0;0;0;0;0;0;0;0;0;0;0;0;0;0;0;0;0;0;0;0;0;0;0;0;0;0;0;0;0;0;0;0;0;0;0;0;0;0;0;0;0;0;0;0;0;0;0;0;0;2;0;0;2;0;2;0;2018-04-04 11:00:00;884;0;50;10;35;0;-1;-1;-1;-1;-1;-1;-1;-1;-1;-1;-1;-1;-1;-1;-1;0;0;0;0;0;0;0;-1;-1;-1;-1;-1;-1;-1;1;0;0;-1;-1;-1;-1;-1;-1;-1;-1;-1;-1;-1;-1;-1;5;30;40;70;85;15;65;75;45;7.1;3.8;4.6;2.35;Banants;Pyunik;1.87;0.8;1.6;0.7;1.5;1.2;95;70;60;30;15;35;20;10;0;0;0;185;30;Y;Y;N;N;N;N;N
57600;881;885;2017/2018;complete;271;21;-1;10,24,90;47;3;1;4;7;7;14;2;3;0;0;0;0;5;3;5;5;10;8;16;11;53;47;0;0;0;0;0;0;0;0;0;0;0;0;0;0;0;0;0;0;0;0;0;0;0;0;0;0;0;0;0;0;0;0;0;0;0;0;0;0;0;0;0;0;0;0;0;0;0;0;0;0;0;0;0;0;0;0;0;0;0;0;0;0;0;0;0;0;0;0;0;0;4;2;0;1;1;2;2;2018-04-04 09:00:00;881;0;40;5;25;0;-1;-1;-1;-1;-1;-1;-1;-1;0;0;0;0;0;0;-1;0;0;0;0;0;0;0;-1;-1;-1;-1;-1;-1;-1;1;1;0;-1;-1;-1;-1;-1;-1;-1;-1;-1;-1;-1;-1;-1;5;35;45;75;95;15;70;90;45;8.5;3.8;3.2;2.6;Gandzasar;Ararat;1.73;0.73;1.8;0.8;1.55;0.65;95;65;55;25;5;60;50;25;0;0;0;185;30;Y;Y;Y;Y;N;N;Y
57601;883;884;2017/2018;complete;271;22;-1;39;;1;0;1;4;10;14;3;1;2;3;0;0;4;8;4;6;8;14;12;11;41;59;2;3;1.65;3.3;4.65;0;0;0;0;0;0;0;0;0;0;0;0;0;0;0;0;0;0;0;0;0;0;0;0;0;0;0;0;0;0;0;0;0;0;0;0;0;0;0;0;0;0;0;0;0;0;0;0;0;0;0;0;0;0;0;0;0;0;0;0;0;0;0;0;0;1;1;0;0;0;0;1;2018-04-08 12:00:00;883;0;43;20;14;0;-1;1;-1;-1;-1;-1;-1;-1;0;3;2;0;3;2;-1;0;0;0;0;0;0;0;0;0;0;0;0;0;1;1;0;0;-1;-1;0;0;-1;-1;-1;-1;-1;-1;-1;-1;-1;5;15;39;63;96;25;58;81;33;8.35;4.29;4.58;2.17;Shirak;Banants;1.8;1.07;1.82;1.4;1.62;1.57;95;85;62;38;5;43;33;24;0;0;0;185;30;Y;N;N;N;N;N;N
57602;96;885;2017/2018;complete;271;22;-1;1,11;45;2;1;3;6;4;10;2;2;0;0;0;0;7;5;10;5;17;10;16;16;41;59;0;0;1.16;5.8;11.25;0;0;0;0;0;0;0;0;0;0;0;0;0;0;0;0;0;0;0;0;0;0;0;0;0;0;0;0;0;0;0;0;0;0;0;0;0;0;0;0;0;0;0;0;0;0;0;0;0;0;0;0;0;0;0;0;0;0;0;0;0;0;0;0;0;3;2;1;0;0;0;3;2018-04-07 12:00:00;96;0;28;10;14;0;-1;-1;-1;-1;-1;-1;-1;-1;0;0;0;0;0;0;-1;0;0;0;0;0;0;0;-1;-1;-1;-1;-1;-1;-1;1;1;0;-1;-1;-1;-1;-1;-1;-1;-1;-1;-1;-1;-1;-1;10;28;48;71;96;29;86;76;28;8.96;5.21;2.9;2.61;Alashkert;Ararat;1.87;0.73;1.9;0.73;1.62;0.62;91;72;53;29;5;56;42;28;0;0;0;185;30;Y;Y;Y;N;N;N;Y
57603;882;881;2017/2018;complete;271;22;-1;60,88;77;2;1;3;2;0;2;2;1;2;1;0;0;6;9;3;3;9;12;13;15;52;48;2;1;2.85;3.1;2.2;0;0;0;0;0;0;0;0;0;0;0;0;0;0;0;0;0;0;0;0;0;0;0;0;0;0;0;0;0;0;0;0;0;0;0;0;0;0;0;0;0;0;0;0;0;0;0;0;0;0;0;0;0;0;0;0;0;0;0;0;0;0;0;0;0;3;0;0;2;1;3;0;2018-04-07 14:00:00;882;0;50;16;16;0;-1;1;-1;-1;-1;-1;-1;-1;0;0;2;1;0;3;-1;0;0;0;0;0;0;0;0;0;0;0;0;0;1;1;0;0;-1;-1;0;0;-1;-1;-1;-1;-1;-1;-1;-1;-1;10;20;50;75;90;40;75;75;20;7.4;4.2;5;2.5;Pyunik;Gandzasar;1.6;1.13;1.7;1.3;1.14;1.62;90;80;50;25;10;40;25;20;0;0;0;185;30;Y;Y;Y;N;N;N;Y
57604;884;96;2017/2018;complete;271;23;-1;12,51,83;;3;0;3;6;4;10;5;5;0;0;0;0;7;2;2;7;9;9;17;8;44;56;0;0;3.95;3.2;1.8;0;0;0;0;0;0;0;0;0;0;0;0;0;0;0;0;0;0;0;0;0;0;0;0;0;0;0;0;0;0;0;0;0;0;0;0;0;0;0;0;0;0;0;0;0;0;0;0;0;0;0;0;0;0;0;0;0;0;0;0;0;0;0;0;0;3;1;0;2;0;2;1;2018-04-14 12:00:00;884;0;60;14;36;0;-1;-1;-1;-1;-1;-1;-1;-1;0;0;0;0;0;0;-1;0;0;0;0;0;0;0;-1;-1;-1;-1;-1;-1;-1;1;0;0;-1;-1;-1;-1;-1;-1;-1;-1;-1;-1;-1;-1;-1;5;36;50;78;96;27;69;91;50;9.73;4.37;4.22;2.64;Banants;Alashkert;1.87;1.47;1.73;1.36;1.5;1.68;96;64;50;23;5;41;14;9;0;0;0;185;30;Y;Y;Y;N;N;N;N
57605;881;883;2017/2018;complete;271;23;-1;54;89;1;1;2;5;4;9;1;2;0;0;0;0;2;6;8;2;10;8;18;14;54;46;0;0;2.45;2.9;2.7;0;0;0;0;0;0;0;0;0;0;2.05;1.74;0;0;0;0;0;0;0;0;0;0;0;0;0;0;0;0;0;0;0;0;0;0;0;0;0;0;0;0;0;0;0;0;0;0;0;0;0;0;0;0;0;0;0;0;0;0;0;0;0;0;0;0;0;2;0;0;1;1;2;0;2018-04-14 10:00:00;-1;0;43;15;28;0;-1;-1;-1;-1;-1;-1;-1;-1;0;0;0;0;0;0;-1;0;0;0;0;0;0;0;-1;-1;-1;-1;-1;-1;-1;1;0;0;-1;-1;-1;-1;-1;-1;-1;-1;-1;-1;-1;-1;-1;5;38;48;72;100;24;67;91;48;9.24;3.3;4.31;2.62;Gandzasar;Shirak;1.73;1.53;1.91;1.4;1.55;1.68;95;63;53;29;0;48;48;34;0;0;0;185;30;Y;Y;N;N;N;N;Y
57606;885;882;2017/2018;complete;271;23;-1;45;2;1;1;2;3;3;6;2;3;0;0;0;0;5;8;6;11;11;19;15;7;49;51;0;0;3.65;3.2;1.87;0;0;0;0;0;0;0;0;0;0;2.05;1.74;0;0;0;0;0;0;0;0;0;0;0;0;0;0;0;0;0;0;0;0;0;0;0;0;0;0;0;0;0;0;0;0;0;0;0;0;0;0;0;0;0;0;0;0;0;0;0;0;0;0;0;0;0;2;1;1;0;0;0;2;2018-04-15 13:00:00;-1;0;43;16;25;0;-1;-1;-1;-1;-1;-1;-1;-1;0;0;0;0;0;0;-1;0;0;0;0;0;0;0;-1;-1;-1;-1;-1;-1;-1;1;0;1;-1;-1;-1;-1;-1;-1;-1;-1;-1;-1;-1;-1;-1;15;34;44;63;86;20;48;72;48;5.15;4.74;4.2;2.45;Ararat;Pyunik;0.67;0.8;0.5;0.64;0.59;1.23;86;67;57;38;14;39;29;20;0;0;0;185;30;Y;Y;N;N;N;N;Y
57607;96;882;2017/2018;complete;271;24;-1;;;0;0;0;7;2;9;1;1;0;1;0;0;5;2;16;6;21;8;9;14;59;41;0;1;1.38;3.8;7;0;0;0;0;0;0;0;0;0;0;2.4;1.54;0;0;0;0;0;0;0;0;0;0;0;0;0;0;0;0;0;0;0;0;0;0;0;0;0;0;0;0;0;0;0;0;0;0;0;0;0;0;0;0;0;0;0;0;0;0;0;0;0;0;0;0;0;0;0;0;0;0;0;0;2018-04-22 13:00:00;-1;0;35;22;13;0;-1;1;-1;-1;-1;-1;-1;-1;0;1;0;0;1;0;-1;0;0;0;0;0;0;0;0;0;0;0;0;0;1;1;0;0;-1;-1;0;0;-1;-1;-1;-1;-1;-1;-1;-1;-1;9;22;35;61;92;27;71;57;26;7.31;4.93;3.73;2.27;Alashkert;Pyunik;1.87;0.8;2;0.67;1.61;1.22;92;79;65;39;9;27;22;13;0;0;0;185;30;N;N;N;N;N;N;N
57608;883;885;2017/2018;complete;271;24;-1;9,21,33,89;68;4;1;5;3;2;5;6;4;2;3;0;0;12;3;7;6;19;9;7;7;48;52;2;3;1.17;5.4;12.25;0;0;0;0;0;0;0;0;0;0;2.45;1.53;0;0;0;0;0;0;0;0;0;0;0;0;0;0;0;0;0;0;0;0;0;0;0;0;0;0;0;0;0;0;0;0;0;0;0;0;0;0;0;0;0;0;0;0;0;0;0;0;0;0;0;0;0;5;3;0;1;1;2;3;2018-04-21 13:00:00;883;0;38;8;21;0;-1;1;-1;-1;-1;-1;-1;-1;0;1;2;2;1;4;-1;0;0;0;0;0;0;0;0;0;0;0;0;0;1;1;1;0;-1;-1;0;0;-1;-1;-1;-1;-1;-1;-1;-1;-1;4;17;42;63;92;21;63;79;38;8.83;4.09;3.09;2.21;Shirak;Ararat;1.8;0.73;1.92;0.67;1.65;0.61;96;84;59;38;8;71;55;33;0;0;0;185;30;Y;Y;Y;Y;Y;N;Y
57609;884;881;2017/2018;complete;271;24;-1;76;;1;0;1;4;5;9;3;2;2;4;0;0;2;0;0;4;2;4;9;23;51;49;2;4;2.05;2.85;3.45;0;0;0;0;0;0;0;0;0;0;2.05;1.71;0;0;0;0;0;0;0;0;0;0;0;0;0;0;0;0;0;0;0;0;0;0;0;0;0;0;0;0;0;0;0;0;0;0;0;0;0;0;0;0;0;0;0;0;0;0;0;0;0;0;0;0;0;1;0;0;1;0;1;0;2018-04-22 13:00:00;884;0;53;9;27;0;-1;1;-1;-1;-1;-1;-1;-1;1;1;1;3;2;4;-1;0;0;0;0;0;0;0;0;0;0;0;0;0;1;1;0;0;-1;-1;0;0;-1;-1;-1;-1;-1;-1;-1;-1;-1;0;13;48;83;92;18;65;83;43;9.2;4.01;4.63;2.34;Banants;Gandzasar;1.87;1.13;1.83;1.18;1.57;1.52;100;88;53;18;9;48;22;13;0;0;0;185;30;Y;N;N;N;N;N;N
57610;881;96;2017/2018;complete;271;25;-1;;23,52,71,87;0;4;4;1;10;11;0;3;0;0;0;0;5;6;6;6;11;12;9;13;-1;-1;0;0;3.65;3.1;1.91;0;0;0;0;0;0;0;0;0;0;1.91;1.87;0;0;0;0;0;0;0;0;0;0;0;0;0;0;0;0;0;0;0;0;0;0;0;0;0;0;0;0;0;0;0;0;0;0;0;0;0;0;0;0;0;0;0;0;0;0;0;0;0;0;0;0;0;4;0;1;0;3;3;1;2018-04-28 15:00:00;96;0;58;13;38;0;-1;-1;-1;-1;-1;-1;-1;-1;0;0;0;0;0;0;-1;0;0;0;0;0;0;0;-1;-1;-1;-1;-1;-1;-1;1;0;0;-1;-1;-1;-1;-1;-1;-1;-1;-1;-1;-1;-1;-1;4;42;50;71;100;25;63;92;54;9.67;4.84;3.42;2.67;Gandzasar;Alashkert;1.73;1.47;1.83;1.25;1.46;1.58;96;58;50;29;0;46;30;17;0;0;0;185;30;Y;Y;Y;Y;N;N;N
57611;885;884;2017/2018;complete;271;25;-1;57,86;23;2;1;3;5;3;8;4;1;0;0;0;0;2;5;4;5;6;10;12;6;44;56;0;0;6.05;4.35;1.36;0;0;0;0;0;0;0;0;0;0;2.15;1.69;0;0;0;0;0;0;0;0;0;0;0;0;0;0;0;0;0;0;0;0;0;0;0;0;0;0;0;0;0;0;0;0;0;0;0;0;0;0;0;0;0;0;0;0;0;0;0;0;0;0;0;0;0;3;0;1;2;0;2;1;2018-04-28 13:00:00;885;0;50;29;15;0;-1;-1;-1;-1;-1;-1;-1;-1;0;0;0;0;0;0;-1;0;0;0;0;0;0;0;-1;-1;-1;-1;-1;-1;-1;1;0;0;-1;-1;-1;-1;-1;-1;-1;-1;-1;-1;-1;-1;-1;14;32;50;73;96;36;69;73;36;7;5.09;4.27;2.64;Ararat;Banants;0.67;1.07;0.55;1.27;0.58;1.63;87;69;50;27;5;46;36;27;0;0;0;185;30;Y;Y;Y;N;N;N;Y
57612;882;883;2017/2018;complete;271;25;-1;63;11,36;1;2;3;2;6;8;0;1;1;2;0;0;5;3;5;7;10;10;4;6;54;46;1;2;3.4;3.15;1.95;0;0;0;0;0;0;0;0;0;0;2;1.8;0;0;0;0;0;0;0;0;0;0;0;0;0;0;0;0;0;0;0;0;0;0;0;0;0;0;0;0;0;0;0;0;0;0;0;0;0;0;0;0;0;0;0;0;0;0;0;0;0;0;0;0;0;3;0;2;1;0;1;2;2018-04-29 15:00:00;883;0;46;18;27;0;-1;1;-1;-1;-1;-1;-1;-1;1;1;0;1;2;1;-1;0;0;0;0;0;0;0;0;0;0;0;0;0;1;1;0;0;-1;-1;0;0;-1;-1;-1;-1;-1;-1;-1;-1;-1;14;32;55;78;96;41;73;87;36;7;3.36;4.54;2.78;Pyunik;Shirak;1.6;1.53;1.82;1.36;1.21;1.71;87;69;46;23;5;41;36;27;0;0;0;185;30;Y;Y;Y;N;N;N;Y
57613;96;883;2017/2018;complete;271;26;-1;;;0;0;0;5;2;7;2;1;0;0;0;0;3;2;12;14;15;16;12;8;51;49;0;0;2.1;3.05;3.15;0;0;0;0;0;0;0;0;0;0;1.91;1.83;0;0;0;0;0;0;0;0;0;0;0;0;0;0;0;0;0;0;0;0;0;0;0;0;0;0;0;0;0;0;0;0;0;0;0;0;0;0;0;0;0;0;0;0;0;0;0;0;0;0;0;0;0;0;0;0;0;0;0;0;2018-05-02 16:00:00;-1;0;34;21;13;0;-1;-1;-1;-1;-1;-1;-1;-1;0;0;0;0;0;0;-1;0;0;0;0;0;0;0;0;0;0;0;0;0;1;1;0;0;-1;-1;-1;-1;-1;-1;-1;-1;-1;-1;-1;-1;-1;8;21;46;67;96;33;75;71;25;9.59;4.33;3.75;2.42;Alashkert;Shirak;1.87;1.53;1.92;1.5;1.64;1.76;92;79;54;34;4;46;34;25;0;0;0;185;30;N;N;N;N;N;N;N
57614;882;884;2017/2018;complete;271;26;-1;81,88;66;2;1;3;3;3;6;2;2;0;0;0;0;6;2;3;8;9;10;12;10;53;47;0;0;2.85;3;2.3;0;0;0;0;0;0;0;0;0;0;2;1.77;0;0;0;0;0;0;0;0;0;0;0;0;0;0;0;0;0;0;0;0;0;0;0;0;0;0;0;0;0;0;0;0;0;0;0;0;0;0;0;0;0;0;0;0;0;0;0;0;0;0;0;0;0;3;0;0;2;1;3;0;2018-05-02 16:00:00;882;0;54;21;17;0;-1;-1;-1;-1;-1;-1;-1;-1;0;0;0;0;0;0;-1;0;0;0;0;0;0;0;-1;-1;-1;-1;-1;-1;-1;1;0;0;-1;-1;-1;-1;-1;-1;-1;-1;-1;-1;-1;-1;-1;13;29;59;79;96;46;83;79;29;6.67;3.83;4.5;2.79;Pyunik;Banants;1.6;1.07;1.67;1.17;1.16;1.56;88;71;42;21;4;29;29;21;0;0;0;185;30;Y;Y;Y;N;N;N;Y
57615;885;881;2017/2018;complete;271;26;-1;79;48,53,57,73,76,85;1;6;7;3;7;10;2;3;3;0;0;0;5;13;8;12;13;25;17;8;41;59;3;0;4.35;3.3;1.69;1.04;1.34;2.1;3.8;0;0;0;0;0;0;2.05;1.74;0;0;0;0;0;0;0;0;0;0;0;0;0;0;0;0;0;0;0;0;0;0;0;0;0;0;0;0;0;0;0;0;0;0;0;0;0;0;0;0;0;0;0;0;0;0;0;0;0;0;0;0;0;7;0;0;1;6;7;0;2018-05-01 13:00:00;881;0;54;18;18;0;-1;1;-1;-1;-1;-1;-1;-1;2;0;1;0;2;1;-1;0;0;0;0;0;0;0;0;0;0;0;0;0;1;1;0;0;-1;-1;0;0;-1;-1;-1;-1;-1;-1;-1;-1;-1;9;17;50;71;92;25;54;75;38;7.33;5.16;4.25;2.38;Ararat;Gandzasar;0.67;1.13;0.75;1.08;0.68;1.4;92;84;50;29;8;50;25;21;0;0;0;185;30;Y;Y;Y;Y;Y;Y;Y
57616;885;96;2017/2018;complete;271;27;-1;16,57;26,48,71;2;3;5;0;4;4;-1;-1;-1;-1;-1;-1;6;11;4;17;10;28;-1;-1;53;47;-1;-1;5.45;4.45;1.38;0;0;0;0;0;0;0;0;0;0;0;0;0;0;0;0;0;0;0;0;0;0;0;0;0;0;0;0;0;0;0;0;0;0;0;0;0;0;0;0;0;0;0;0;0;0;0;0;0;0;0;0;0;0;0;0;0;0;0;0;0;0;0;0;0;5;1;1;1;2;3;2;2018-05-05 13:00:00;96;0;58;20;28;0;-1;-1;-1;-1;-1;-1;-1;-1;-1;-1;-1;-1;-1;-1;-1;0;0;0;0;0;0;0;-1;-1;-1;-1;-1;-1;-1;1;0;0;-1;-1;-1;-1;-1;-1;-1;-1;-1;-1;-1;-1;-1;16;42;62;73;96;31;62;85;54;8.23;5.92;3.31;2.97;Ararat;Alashkert;0.67;1.47;0.69;1.38;0.65;1.62;85;58;38;27;4;50;31;19;0;0;0;185;30;Y;Y;Y;Y;Y;N;Y
57617;881;882;2017/2018;complete;271;27;-1;1,22,81,83;54,57,84;4;3;7;2;3;5;-1;-1;-1;-1;-1;-1;7;7;6;3;13;10;-1;-1;49;51;-1;-1;1.69;3.3;4.4;0;0;0;0;0;0;0;0;0;0;2.1;1.71;0;0;0;0;0;0;0;0;0;0;0;0;0;0;0;0;0;0;0;0;0;0;0;0;0;0;0;0;0;0;0;0;0;0;0;0;0;0;0;0;0;0;0;0;0;0;0;0;0;0;0;0;0;7;2;0;2;3;5;2;2018-05-05 13:00:00;881;0;46;12;31;0;-1;-1;-1;-1;-1;-1;-1;-1;-1;-1;-1;-1;-1;-1;-1;0;0;0;0;0;0;0;-1;-1;-1;-1;-1;-1;-1;1;1;0;-1;-1;-1;-1;-1;-1;-1;-1;-1;-1;-1;-1;-1;4;35;35;66;89;15;54;73;50;6.92;3.46;3.54;2.31;Gandzasar;Pyunik;1.73;0.8;1.69;0.69;1.46;1.23;96;66;66;35;12;39;31;20;0;0;0;185;30;Y;Y;Y;Y;Y;Y;Y
57618;884;883;2017/2018;complete;271;27;-1;19,21,89;;3;0;3;4;4;8;1;1;1;0;0;0;6;8;4;5;10;13;13;12;47;53;1;0;0;0;0;0;0;0;0;0;0;0;0;0;0;0;0;0;0;0;0;0;0;0;0;0;0;0;0;0;0;0;0;0;0;0;0;0;0;0;0;0;0;0;0;0;0;0;0;0;0;0;0;0;0;0;0;0;0;0;0;0;0;0;0;0;0;0;0;0;3;2;0;1;0;1;2;2018-03-04 10:00:00;884;0;57;19;38;0;-1;1;-1;-1;-1;-1;-1;-1;1;0;0;0;1;0;-1;0;0;0;0;0;0;0;0;0;0;0;0;0;1;1;0;0;-1;-1;0;0;-1;-1;-1;-1;-1;-1;-1;-1;-1;7;38;50;76;94;19;75;88;51;9.5;3.13;5.88;2.63;Banants;Shirak;1.87;1.53;1.25;1.38;1.38;1.38;94;63;50;26;7;50;38;26;0;0;0;185;30;Y;Y;Y;N;N;N;N
57619;96;884;2017/2018;complete;271;28;-1;61,79;14,45;2;2;4;2;3;5;5;2;0;0;0;0;7;6;6;4;13;10;20;17;64;36;0;0;1.62;3.5;4.6;0;0;0;0;0;0;0;0;0;0;2;1.77;0;0;0;0;0;0;0;0;0;0;0;0;0;0;0;0;0;0;0;0;0;0;0;0;0;0;0;0;0;0;0;0;0;0;0;0;0;0;0;0;0;0;0;0;0;0;0;0;0;0;0;0;0;4;0;2;2;0;2;2;2018-05-08 13:00:00;-1;0;39;23;8;0;-1;-1;-1;-1;-1;-1;-1;-1;0;0;0;0;0;0;-1;0;0;0;0;0;0;0;-1;-1;-1;-1;-1;-1;-1;1;0;0;-1;-1;-1;-1;-1;-1;-1;-1;-1;-1;-1;-1;-1;8;19;46;66;93;31;77;62;23;9.07;4.92;3.54;2.35;Alashkert;Banants;1.87;1.07;1.85;1.08;1.67;1.44;92;81;54;35;8;35;27;19;0;0;0;185;30;Y;Y;Y;Y;N;N;Y
57620;883;881;2017/2018;complete;271;28;-1;;;0;0;0;3;3;6;2;3;0;0;0;0;5;2;4;8;9;10;9;8;50;50;0;0;1.77;3.25;3.95;1.04;1.34;2.1;3.8;0;0;0;0;0;0;2.05;1.74;0;0;0;0;0;0;0;0;0;0;0;0;0;0;0;0;0;0;0;0;0;0;0;0;0;0;0;0;0;0;0;0;0;0;0;0;0;0;0;0;0;0;0;0;0;0;0;0;0;0;0;0;0;0;0;0;0;0;0;0;2018-05-09 13:00:00;-1;0;46;8;24;0;-1;-1;-1;-1;-1;-1;-1;-1;0;0;0;0;0;0;-1;0;0;0;0;0;0;0;0;0;0;0;0;0;1;1;0;0;-1;-1;-1;-1;-1;-1;-1;-1;-1;-1;-1;-1;-1;8;8;39;58;92;15;46;77;35;9.07;4.61;4.53;2.12;Shirak;Gandzasar;1.8;1.13;2;1.23;1.78;1.52;92;92;62;43;8;54;31;23;0;0;0;185;30;N;N;N;N;N;N;N
57621;882;885;2017/2018;complete;271;28;-1;1;70,84,87;1;3;4;9;5;14;2;1;0;0;0;0;7;4;9;5;16;9;6;16;51;49;0;0;1.48;3.75;5.55;0;0;0;0;0;0;0;0;0;0;2.1;1.69;0;0;0;0;0;0;0;0;0;0;0;0;0;0;0;0;0;0;0;0;0;0;0;0;0;0;0;0;0;0;0;0;0;0;0;0;0;0;0;0;0;0;0;0;0;0;0;0;0;0;0;0;0;4;1;0;0;3;3;1;2018-05-08 13:00:00;885;0;54;12;31;0;-1;-1;-1;-1;-1;-1;-1;-1;0;0;0;0;0;0;-1;0;0;0;0;0;0;0;-1;-1;-1;-1;-1;-1;-1;1;1;0;-1;-1;-1;-1;-1;-1;-1;-1;-1;-1;-1;-1;-1;15;35;66;85;92;46;81;85;39;6.61;3.93;3.16;3;Pyunik;Ararat;1.6;0.73;1.77;0.62;1.19;0.63;85;66;35;15;8;50;43;23;0;0;0;185;30;Y;Y;Y;Y;N;N;Y
57622;882;96;2017/2018;complete;271;29;-1;;;0;0;0;3;2;5;1;3;0;0;0;0;0;4;3;11;3;15;11;14;43;57;0;0;5.4;3.6;1.51;1.04;1.31;2;3.5;0;0;0;0;0;0;2.1;1.69;0;0;0;0;0;0;0;0;0;0;0;0;0;0;0;0;0;0;0;0;0;0;0;0;0;0;0;0;0;0;0;0;0;0;0;0;0;0;0;0;0;0;0;0;0;0;0;0;0;0;0;0;0;0;0;0;0;0;0;0;2018-05-12 15:00:00;-1;0;61;18;33;0;-1;-1;-1;-1;-1;-1;-1;-1;0;0;0;0;0;0;-1;0;0;0;0;0;0;0;0;0;0;0;0;0;1;1;0;0;-1;-1;-1;-1;-1;-1;-1;-1;-1;-1;-1;-1;-1;14;43;68;79;97;43;75;90;47;8.22;4.5;3.47;3.04;Pyunik;Alashkert;1.6;1.47;1.64;1.5;1.14;1.64;86;57;33;22;4;36;25;18;0;0;0;185;30;N;N;N;N;N;N;N
57623;885;883;2017/2018;complete;271;29;-1;43,54,62,71;5,7,19,27;4;4;8;5;4;9;2;0;0;0;0;0;9;13;6;14;15;27;9;8;47;53;0;0;7.5;4.75;1.28;0;0;0;0;0;0;0;0;0;0;0;0;0;0;0;0;0;0;0;0;0;0;0;0;0;0;0;0;0;0;0;0;0;0;0;0;0;0;0;0;0;0;0;0;0;0;0;0;0;0;0;0;0;0;0;0;0;0;0;0;0;0;0;0;0;8;1;4;3;0;3;5;2018-05-12 13:00:00;-1;0;50;23;26;0;-1;-1;-1;-1;-1;-1;-1;-1;0;0;0;0;0;0;-1;0;0;0;0;0;0;0;-1;-1;-1;-1;-1;-1;-1;1;0;2;-1;-1;-1;-1;-1;-1;-1;-1;-1;-1;-1;-1;-1;18;32;54;75;93;33;57;83;50;6.93;4.14;3.63;2.79;Ararat;Shirak;0.67;1.53;0.64;1.57;0.71;1.75;82;68;47;25;7;50;36;25;0;0;0;185;30;Y;Y;Y;Y;Y;Y;Y
57624;881;884;2017/2018;complete;271;29;-1;90;32;1;1;2;6;2;8;-1;-1;-1;-1;-1;-1;5;4;12;6;17;10;-1;-1;53;47;-1;-1;2.25;3.05;2.85;1.05;1.36;2.15;3.95;0;0;0;0;0;0;2;1.8;0;0;0;0;0;0;0;0;0;0;0;0;0;0;0;0;0;0;0;0;0;0;0;0;0;0;0;0;0;0;0;0;0;0;0;0;0;0;0;0;0;0;0;0;0;0;0;0;0;0;0;0;0;2;0;1;1;0;1;1;2018-05-12 13:00:00;-1;0;57;14;29;0;-1;-1;-1;-1;-1;-1;-1;-1;-1;-1;-1;-1;-1;-1;-1;0;0;0;0;0;0;0;-1;-1;-1;-1;-1;-1;-1;1;0;0;-1;-1;-1;-1;-1;-1;-1;-1;-1;-1;-1;-1;-1;7;40;54;79;100;29;72;86;54;8.28;3.57;3.55;2.86;Gandzasar;Banants;1.73;1.07;1.79;1.07;1.5;1.43;93;61;47;21;0;40;36;25;0;0;0;185;30;Y;Y;N;N;N;N;Y
57625;96;881;2017/2018;complete;271;30;-1;33,77;;2;0;2;4;1;5;4;2;0;0;0;0;12;7;8;7;20;14;14;6;48;52;0;0;1.56;3.55;5.15;1.03;1.29;1.95;3.35;0;0;0;0;0;0;2;1.77;0;0;0;0;0;0;0;0;0;0;0;0;0;0;0;0;0;0;0;0;0;0;0;0;0;0;0;0;0;0;0;0;0;0;0;0;0;0;0;0;0;0;0;0;0;0;0;0;0;0;0;0;0;2;1;0;1;0;1;1;2018-05-20 13:00:00;96;0;40;15;12;0;-1;-1;-1;-1;-1;-1;-1;-1;0;0;0;0;0;0;-1;0;0;0;0;0;0;0;-1;-1;-1;-1;-1;-1;-1;1;0;0;-1;-1;-1;-1;-1;-1;-1;-1;-1;-1;-1;-1;-1;7;14;43;61;86;25;61;61;22;9.28;5.28;3.57;2.21;Alashkert;Gandzasar;1.87;1.13;1.79;1.21;1.62;1.48;93;86;57;40;14;43;21;14;0;0;0;185;30;Y;Y;N;N;N;N;N
57626;884;885;2017/2018;complete;271;30;-1;7,26;;2;0;2;2;2;4;0;4;0;0;0;0;6;2;6;13;12;15;9;10;51;49;0;0;1.3;4.45;7.75;1.02;1.23;1.77;2.9;0;0;0;0;0;0;2.15;1.67;0;0;0;0;0;0;0;0;0;0;0;0;0;0;0;0;0;0;0;0;0;0;0;0;0;0;0;0;0;0;0;0;0;0;0;0;0;0;0;0;0;0;0;0;0;0;0;0;0;0;0;0;0;2;2;0;0;0;0;2;2018-05-20 13:00:00;884;0;47;7;29;0;-1;-1;-1;-1;-1;-1;-1;-1;0;0;0;0;0;0;-1;0;0;0;0;0;0;0;-1;-1;-1;-1;-1;-1;-1;1;1;0;-1;-1;-1;-1;-1;-1;-1;-1;-1;-1;-1;-1;-1;7;32;54;86;93;25;75;90;54;9.07;3.93;3;2.75;Banants;Ararat;1.87;0.73;1.79;0.79;1.41;0.72;93;68;47;14;7;68;43;22;0;0;0;185;30;Y;Y;N;N;N;N;N
57627;883;882;2017/2018;complete;271;30;-1;;-1,-1,-1;0;3;3;-1;-1;-1;-1;-1;-1;-1;-1;-1;-1;-1;-1;-1;-1;-1;-1;-1;-1;-1;-1;-1;1.43;3.55;6.6;1.04;1.32;2;3.55;0;0;0;0;0;0;2.25;1.62;0;0;0;0;0;0;0;0;0;0;0;0;0;0;0;0;0;0;0;0;0;0;0;0;0;0;0;0;0;0;0;0;0;0;0;0;0;0;0;0;0;0;0;0;0;0;0;0;0;0;0;0;0;3;0;0;0;0;0;0;2018-05-20 13:00:00;882;0;40;11;25;1;-1;-1;-1;-1;-1;-1;-1;-1;-1;-1;-1;-1;-1;-1;-1;0;0;0;0;0;0;0;-1;-1;-1;-1;-1;-1;-1;-1;-1;-1;-1;-1;-1;-1;-1;-1;-1;-1;-1;-1;-1;-1;-1;11;18;29;50;83;18;47;64;40;6.86;3.93;3.92;2;Shirak;Pyunik;1.8;0.8;1.93;0.64;1.72;1.14;90;82;71;50;18;36;25;18;0;0;0;185;30;Y;Y;Y;N;N;N;N
