ID;HOMEID;AWAYID;SEASON;STATUS;ROUNDID;GAME_WEEK;REVISED_GAME_WEEK;HOMEGOALS;AWAYGOALS;HOMEGOALCOUNT;AWAYGOALCOUNT;TOTALGOALCOUNT;TEAM_A_CORNERS;TEAM_B_CORNERS;TOTALCORNERCOUNT;TEAM_A_OFFSIDES;TEAM_B_OFFSIDES;TEAM_A_YELLOW_CARDS;TEAM_B_YELLOW_CARDS;TEAM_A_RED_CARDS;TEAM_B_RED_CARDS;TEAM_A_SHOTSONTARGET;TEAM_B_SHOTSONTARGET;TEAM_A_SHOTSOFFTARGET;TEAM_B_SHOTSOFFTARGET;TEAM_A_SHOTS;TEAM_B_SHOTS;TEAM_A_FOULS;TEAM_B_FOULS;TEAM_A_POSSESSION;TEAM_B_POSSESSION;TEAM_A_CARDS_NUM;TEAM_B_CARDS_NUM;ODDS_FT_1;ODDS_FT_X;ODDS_FT_2;ODDS_FT_OVER05;ODDS_FT_OVER15;ODDS_FT_OVER25;ODDS_FT_OVER35;ODDS_FT_OVER45;ODDS_FT_UNDER05;ODDS_FT_UNDER15;ODDS_FT_UNDER25;ODDS_FT_UNDER35;ODDS_FT_UNDER45;ODDS_BTTS_YES;ODDS_BTTS_NO;ODDS_TEAM_A_CS_YES;ODDS_TEAM_A_CS_NO;ODDS_TEAM_B_CS_YES;ODDS_TEAM_B_CS_NO;ODDS_DOUBLECHANCE_1X;ODDS_DOUBLECHANCE_12;ODDS_DOUBLECHANCE_X2;ODDS_1ST_HALF_RESULT_1;ODDS_1ST_HALF_RESULT_X;ODDS_1ST_HALF_RESULT_2;ODDS_2ND_HALF_RESULT_1;ODDS_2ND_HALF_RESULT_X;ODDS_2ND_HALF_RESULT_2;ODDS_DNB_1;ODDS_DNB_2;ODDS_CORNERS_OVER_75;ODDS_CORNERS_OVER_85;ODDS_CORNERS_OVER_95;ODDS_CORNERS_OVER_105;ODDS_CORNERS_OVER_115;ODDS_CORNERS_UNDER_75;ODDS_CORNERS_UNDER_85;ODDS_CORNERS_UNDER_95;ODDS_CORNERS_UNDER_105;ODDS_CORNERS_UNDER_115;ODDS_CORNERS_1;ODDS_CORNERS_X;ODDS_CORNERS_2;ODDS_TEAM_TO_SCORE_FIRST_1;ODDS_TEAM_TO_SCORE_FIRST_X;ODDS_TEAM_TO_SCORE_FIRST_2;ODDS_WIN_TO_NIL_1;ODDS_WIN_TO_NIL_2;ODDS_1ST_HALF_OVER05;ODDS_1ST_HALF_OVER15;ODDS_1ST_HALF_OVER25;ODDS_1ST_HALF_OVER35;ODDS_1ST_HALF_UNDER05;ODDS_1ST_HALF_UNDER15;ODDS_1ST_HALF_UNDER25;ODDS_1ST_HALF_UNDER35;ODDS_2ND_HALF_OVER05;ODDS_2ND_HALF_OVER15;ODDS_2ND_HALF_OVER25;ODDS_2ND_HALF_OVER35;ODDS_2ND_HALF_UNDER05;ODDS_2ND_HALF_UNDER15;ODDS_2ND_HALF_UNDER25;ODDS_2ND_HALF_UNDER35;ODDS_BTTS_1ST_HALF_YES;ODDS_BTTS_1ST_HALF_NO;ODDS_BTTS_2ND_HALF_YES;ODDS_BTTS_2ND_HALF_NO;OVERALLGOALCOUNT;HT_GOALS_TEAM_A;HT_GOALS_TEAM_B;GOALS_2HG_TEAM_A;GOALS_2HG_TEAM_B;GOALCOUNT_2HG;HTGOALCOUNT;DATE_UNIX;WINNINGTEAM;NO_HOME_AWAY;BTTS_POTENTIAL;BTTS_FHG_POTENTIAL;BTTS_2HG_POTENTIAL;GOALTIMINGDISABLED;CORNER_TIMINGS_RECORDED;CARD_TIMINGS_RECORDED;TEAM_A_FH_CORNERS;TEAM_B_FH_CORNERS;TEAM_A_2H_CORNERS;TEAM_B_2H_CORNERS;CORNER_FH_COUNT;CORNER_2H_COUNT;TEAM_A_FH_CARDS;TEAM_B_FH_CARDS;TEAM_A_2H_CARDS;TEAM_B_2H_CARDS;TOTAL_FH_CARDS;TOTAL_2H_CARDS;ATTACKS_RECORDED;TEAM_A_DANGEROUS_ATTACKS;TEAM_B_DANGEROUS_ATTACKS;TEAM_A_ATTACKS;TEAM_B_ATTACKS;TEAM_A_XG;TEAM_B_XG;TOTAL_XG;TEAM_A_PENALTIES_WON;TEAM_B_PENALTIES_WON;TEAM_A_PENALTY_GOALS;TEAM_B_PENALTY_GOALS;TEAM_A_PENALTY_MISSED;TEAM_B_PENALTY_MISSED;PENS_RECORDED;GOAL_TIMINGS_RECORDED;TEAM_A_0_10_MIN_GOALS;TEAM_B_0_10_MIN_GOALS;TEAM_A_CORNERS_0_10_MIN;TEAM_B_CORNERS_0_10_MIN;TEAM_A_CARDS_0_10_MIN;TEAM_B_CARDS_0_10_MIN;THROWINS_RECORDED;TEAM_A_THROWINS;TEAM_B_THROWINS;FREEKICKS_RECORDED;TEAM_A_FREEKICKS;TEAM_B_FREEKICKS;GOALKICKS_RECORDED;TEAM_A_GOALKICKS;TEAM_B_GOALKICKS;O45_POTENTIAL;O35_POTENTIAL;O25_POTENTIAL;O15_POTENTIAL;O05_POTENTIAL;O15HT_POTENTIAL;O05HT_POTENTIAL;O05_2H_POTENTIAL;O15_2H_POTENTIAL;CORNERS_POTENTIAL;OFFSIDES_POTENTIAL;CARDS_POTENTIAL;AVG_POTENTIAL;HOME_NAME;AWAY_NAME;HOME_PPG;AWAY_PPG;PRE_MATCH_HOME_PPG;PRE_MATCH_AWAY_PPG;PRE_MATCH_TEAMA_OVERALL_PPG;PRE_MATCH_TEAMB_OVERALL_PPG;U45_POTENTIAL;U35_POTENTIAL;U25_POTENTIAL;U15_POTENTIAL;U05_POTENTIAL;CORNERS_O85_POTENTIAL;CORNERS_O95_POTENTIAL;CORNERS_O105_POTENTIAL;TEAM_A_XG_PREMATCH;TEAM_B_XG_PREMATCH;TOTAL_XG_PREMATCH;COMPETITION_ID;MATCHES_COMPLETED_MINIMUM;OVER05;OVER15;OVER25;OVER35;OVER45;OVER55;BTTS
126868;2182;2195;2017;complete;737;1;-1;81,90;;2;0;2;6;5;11;3;5;2;4;0;0;6;6;11;5;17;11;10;24;53;47;2;4;0;0;0;0;0;0;0;0;0;0;0;0;0;0;0;0;0;0;0;0;0;0;0;0;0;0;0;0;0;0;0;0;0;0;0;0;0;0;0;0;0;0;0;0;0;0;0;0;0;0;0;0;0;0;0;0;0;0;0;0;0;0;0;0;0;0;0;0;2;0;0;2;0;2;0;2017-07-29 00:00:00;2182;0;0;0;0;0;-1;1;-1;-1;-1;-1;-1;-1;2;1;0;3;3;3;-1;0;0;0;0;0;0;0;0;0;0;0;0;0;1;1;0;0;-1;-1;0;0;-1;-1;-1;-1;-1;-1;-1;-1;-1;0;0;0;0;0;0;0;0;0;0;0;0;0;San Luis;Huachipato;1.57;0.5;0;0;0;0;0;0;0;0;0;0;0;0;0;0;0;494;15;Y;Y;N;N;N;N;N
126869;2192;2187;2017;complete;737;1;-1;;87;0;1;1;4;9;13;1;2;2;5;1;1;4;5;8;5;12;10;18;17;49;51;4;6;0;0;0;0;0;0;0;0;0;0;0;0;0;0;0;0;0;0;0;0;0;0;0;0;0;0;0;0;0;0;0;0;0;0;0;0;0;0;0;0;0;0;0;0;0;0;0;0;0;0;0;0;0;0;0;0;0;0;0;0;0;0;0;0;0;0;0;0;1;0;0;0;1;1;0;2017-07-29 16:00:00;2187;0;0;0;0;0;-1;1;-1;-1;-1;-1;-1;-1;3;4;0;2;7;2;-1;0;0;0;0;0;0;0;0;0;0;0;0;0;1;1;0;0;-1;-1;1;1;-1;-1;-1;-1;-1;-1;-1;-1;-1;0;0;0;0;0;0;0;0;0;0;0;0;0;Deportes Iquique;Everton;0.57;1.5;0;0;0;0;0;0;0;0;0;0;0;0;0;0;0;494;15;Y;N;N;N;N;N;N
126870;2181;2189;2017;complete;737;1;-1;;90;0;1;1;6;6;12;2;5;4;2;1;1;6;7;8;6;14;13;20;11;41;59;6;4;0;0;0;0;0;0;0;0;0;0;0;0;0;0;0;0;0;0;0;0;0;0;0;0;0;0;0;0;0;0;0;0;0;0;0;0;0;0;0;0;0;0;0;0;0;0;0;0;0;0;0;0;0;0;0;0;0;0;0;0;0;0;0;0;0;0;0;0;1;0;0;0;1;1;0;2017-07-29 19:00:00;2189;0;0;0;0;0;-1;1;-1;-1;-1;-1;-1;-1;2;2;3;1;4;4;-1;0;0;0;0;0;0;0;0;2;0;1;0;1;1;1;0;0;-1;-1;0;0;-1;-1;-1;-1;-1;-1;-1;-1;-1;0;0;0;0;0;0;0;0;0;0;0;0;0;Curicó Unido;Universidad Chile;1.38;1.86;0;0;0;0;0;0;0;0;0;0;0;0;0;0;0;494;15;Y;N;N;N;N;N;N
126871;2186;2193;2017;complete;737;1;-1;33,90;54;2;1;3;2;9;11;2;3;1;5;0;0;6;8;5;4;11;12;22;19;52;48;1;5;0;0;0;0;0;0;0;0;0;0;0;0;0;0;0;0;0;0;0;0;0;0;0;0;0;0;0;0;0;0;0;0;0;0;0;0;0;0;0;0;0;0;0;0;0;0;0;0;0;0;0;0;0;0;0;0;0;0;0;0;0;0;0;0;0;0;0;0;3;1;0;1;1;2;1;2017-07-29 22:00:00;2186;0;0;0;0;0;-1;1;-1;-1;-1;-1;-1;-1;0;2;1;3;2;4;-1;0;0;0;0;0;0;0;1;0;1;0;0;0;1;1;0;0;-1;-1;0;1;-1;-1;-1;-1;-1;-1;-1;-1;-1;0;0;0;0;0;0;0;0;0;0;0;0;0;Audax Italiano;Palestino;1.63;0.14;0;0;0;0;0;0;0;0;0;0;0;0;0;0;0;494;15;Y;Y;Y;N;N;N;Y
126872;2194;2196;2017;complete;737;1;-1;;;0;0;0;6;5;11;1;3;2;2;0;0;9;6;13;8;22;14;18;17;58;42;2;2;0;0;0;0;0;0;0;0;0;0;0;0;0;0;0;0;0;0;0;0;0;0;0;0;0;0;0;0;0;0;0;0;0;0;0;0;0;0;0;0;0;0;0;0;0;0;0;0;0;0;0;0;0;0;0;0;0;0;0;0;0;0;0;0;0;0;0;0;0;0;0;0;0;0;0;2017-07-30 00:30:00;-1;0;0;0;0;0;-1;1;-1;-1;-1;-1;-1;-1;1;1;1;1;2;2;-1;0;0;0;0;0;0;0;0;0;0;0;0;0;1;1;0;0;-1;-1;1;0;-1;-1;-1;-1;-1;-1;-1;-1;-1;0;0;0;0;0;0;0;0;0;0;0;0;0;Universidad Católica;Univ. Concepción;1.57;1.29;0;0;0;0;0;0;0;0;0;0;0;0;0;0;0;494;15;N;N;N;N;N;N;N
126873;2185;2190;2017;complete;737;1;-1;;;0;0;0;5;3;8;2;1;3;2;0;1;5;6;8;7;13;13;13;10;53;47;3;4;0;0;0;0;0;0;0;0;0;0;0;0;0;0;0;0;0;0;0;0;0;0;0;0;0;0;0;0;0;0;0;0;0;0;0;0;0;0;0;0;0;0;0;0;0;0;0;0;0;0;0;0;0;0;0;0;0;0;0;0;0;0;0;0;0;0;0;0;0;0;0;0;0;0;0;2017-07-30 16:00:00;-1;0;0;0;0;0;-1;1;-1;-1;-1;-1;-1;-1;1;0;2;3;1;5;-1;0;0;0;0;0;0;0;0;0;0;0;0;0;1;1;0;0;-1;-1;0;0;-1;-1;-1;-1;-1;-1;-1;-1;-1;0;0;0;0;0;0;0;0;0;0;0;0;0;Santiago Wanderers;Unión Española;0.71;1.75;0;0;0;0;0;0;0;0;0;0;0;0;0;0;0;494;15;N;N;N;N;N;N;N
126874;2184;2191;2017;complete;737;1;-1;47,86;;2;0;2;7;5;12;2;0;0;3;0;1;9;2;14;9;23;11;10;21;56;44;0;4;0;0;0;0;0;0;0;0;0;0;0;0;0;0;0;0;0;0;0;0;0;0;0;0;0;0;0;0;0;0;0;0;0;0;0;0;0;0;0;0;0;0;0;0;0;0;0;0;0;0;0;0;0;0;0;0;0;0;0;0;0;0;0;0;0;0;0;0;2;0;0;2;0;2;0;2017-07-30 19:30:00;2184;0;0;0;0;0;-1;1;-1;-1;-1;-1;-1;-1;0;1;0;3;1;3;-1;0;0;0;0;0;0;0;0;0;0;0;0;0;1;1;0;0;-1;-1;0;0;-1;-1;-1;-1;-1;-1;-1;-1;-1;0;0;0;0;0;0;0;0;0;0;0;0;0;Deportes Temuco;O'Higgins;1.88;0.86;0;0;0;0;0;0;0;0;0;0;0;0;0;0;0;494;15;Y;Y;N;N;N;N;N
126875;2188;2183;2017;complete;737;1;-1;;;0;0;0;5;4;9;3;2;5;5;1;0;5;3;8;8;13;11;16;27;57;43;6;5;0;0;0;0;0;0;0;0;0;0;0;0;0;0;0;0;0;0;0;0;0;0;0;0;0;0;0;0;0;0;0;0;0;0;0;0;0;0;0;0;0;0;0;0;0;0;0;0;0;0;0;0;0;0;0;0;0;0;0;0;0;0;0;0;0;0;0;0;0;0;0;0;0;0;0;2017-07-30 22:00:00;-1;0;0;0;0;0;-1;1;-1;-1;-1;-1;-1;-1;1;2;5;3;3;8;-1;0;0;0;0;0;0;0;0;0;0;0;0;0;1;1;0;0;-1;-1;0;0;-1;-1;-1;-1;-1;-1;-1;-1;-1;0;0;0;0;0;0;0;0;0;0;0;0;0;Colo-Colo;Antofagasta;2.29;1.57;0;0;0;0;0;0;0;0;0;0;0;0;0;0;0;494;15;N;N;N;N;N;N;N
126876;2189;2184;2017;complete;737;2;-1;42,80;25;2;1;3;8;1;9;2;1;2;0;0;0;7;5;7;6;14;11;12;10;62;38;2;0;0;0;0;0;0;0;0;0;0;0;0;0;0;0;0;0;0;0;0;0;0;0;0;0;0;0;0;0;0;0;0;0;0;0;0;0;0;0;0;0;0;0;0;0;0;0;0;0;0;0;0;0;0;0;0;0;0;0;0;0;0;0;0;0;0;0;0;0;3;1;1;1;0;1;2;2017-08-05 00:00:00;2189;0;0;0;0;0;-1;1;-1;-1;-1;-1;-1;-1;0;0;2;0;0;2;-1;0;0;0;0;0;0;0;0;0;0;0;0;0;1;1;0;0;-1;-1;0;0;-1;-1;-1;-1;-1;-1;-1;-1;-1;0;0;0;0;0;0;0;0;0;0;0;0;0;Universidad Chile;Deportes Temuco;2.13;1;0;0;3;3;0;0;0;0;0;0;0;0;0;0;0;494;15;Y;Y;Y;N;N;N;Y
126877;2193;2181;2017;complete;737;2;-1;18,85;45;2;1;3;5;7;12;2;2;5;3;1;0;4;7;4;10;8;17;15;21;49;51;6;3;0;0;0;0;0;0;0;0;0;0;0;0;0;0;0;0;0;0;0;0;0;0;0;0;0;0;0;0;0;0;0;0;0;0;0;0;0;0;0;0;0;0;0;0;0;0;0;0;0;0;0;0;0;0;0;0;0;0;0;0;0;0;0;0;0;0;0;0;3;1;1;1;0;1;2;2017-08-05 16:00:00;2193;0;0;0;0;0;-1;1;-1;-1;-1;-1;-1;-1;3;3;3;0;6;3;-1;0;0;0;0;0;0;0;0;0;0;0;0;0;1;1;0;0;-1;-1;0;0;-1;-1;-1;-1;-1;-1;-1;-1;-1;0;0;0;0;0;0;0;0;0;0;0;0;0;Palestino;Curicó Unido;1.5;1;0;0;0;0;0;0;0;0;0;0;0;0;0;0;0;494;15;Y;Y;Y;N;N;N;Y
126878;2196;2185;2017;complete;737;2;-1;34,41;74,86;2;2;4;6;4;10;1;1;6;1;0;1;6;4;7;9;13;13;21;5;48;52;6;3;0;0;0;0;0;0;0;0;0;0;0;0;0;0;0;0;0;0;0;0;0;0;0;0;0;0;0;0;0;0;0;0;0;0;0;0;0;0;0;0;0;0;0;0;0;0;0;0;0;0;0;0;0;0;0;0;0;0;0;0;0;0;0;0;0;0;0;0;4;2;0;0;2;2;2;2017-08-05 19:30:00;-1;0;0;0;0;0;-1;1;-1;-1;-1;-1;-1;-1;4;1;2;1;5;3;-1;0;0;0;0;0;0;0;0;1;0;0;0;1;1;1;0;0;-1;-1;0;0;-1;-1;-1;-1;-1;-1;-1;-1;-1;0;0;0;0;0;0;0;0;0;0;0;0;0;Univ. Concepción;Santiago Wanderers;1;1.25;0;0;1;1;0;0;0;0;0;0;0;0;0;0;0;494;15;Y;Y;Y;Y;N;N;Y
126879;2190;2194;2017;complete;737;2;-1;47;;1;0;1;4;6;10;1;3;5;4;1;2;6;6;11;5;17;11;10;23;47;53;6;7;0;0;0;0;0;0;0;0;0;0;0;0;0;0;0;0;0;0;0;0;0;0;0;0;0;0;0;0;0;0;0;0;0;0;0;0;0;0;0;0;0;0;0;0;0;0;0;0;0;0;0;0;0;0;0;0;0;0;0;0;0;0;0;0;0;0;0;0;1;0;0;1;0;1;0;2017-08-05 22:00:00;2190;0;0;0;0;0;-1;1;-1;-1;-1;-1;-1;-1;1;3;5;3;4;8;-1;0;0;0;0;0;0;0;1;0;1;0;0;0;1;1;0;0;-1;-1;0;0;-1;-1;-1;-1;-1;-1;-1;-1;-1;0;0;0;0;0;0;0;0;0;0;0;0;0;Unión Española;Universidad Católica;2.43;0.63;0;0;1;1;0;0;0;0;0;0;0;0;0;0;0;494;15;Y;N;N;N;N;N;N
126880;2187;2182;2017;complete;737;2;-1;11,30,47,60;;4;0;4;4;7;11;7;1;0;3;0;1;8;4;4;9;12;13;13;15;53;47;0;5;0;0;0;0;0;0;0;0;0;0;0;0;0;0;0;0;0;0;0;0;0;0;0;0;0;0;0;0;0;0;0;0;0;0;0;0;0;0;0;0;0;0;0;0;0;0;0;0;0;0;0;0;0;0;0;0;0;0;0;0;0;0;0;0;0;0;0;0;4;2;0;2;0;2;2;2017-08-06 00:30:00;2187;0;0;0;0;0;-1;1;-1;-1;-1;-1;-1;-1;0;3;0;1;3;1;-1;0;0;0;0;0;0;0;0;0;0;0;0;0;1;1;0;0;-1;-1;0;0;-1;-1;-1;-1;-1;-1;-1;-1;-1;0;0;0;0;0;0;0;0;0;0;0;0;0;Everton;San Luis;2;0.88;0;0;3;3;0;0;0;0;0;0;0;0;0;0;0;494;15;Y;Y;Y;Y;N;N;N
126881;2191;2188;2017;complete;737;2;-1;25;23,38,70;1;3;4;4;2;6;2;3;2;2;0;0;8;5;5;3;13;8;13;21;51;49;2;2;0;0;0;0;0;0;0;0;0;0;0;0;0;0;0;0;0;0;0;0;0;0;0;0;0;0;0;0;0;0;0;0;0;0;0;0;0;0;0;0;0;0;0;0;0;0;0;0;0;0;0;0;0;0;0;0;0;0;0;0;0;0;0;0;0;0;0;0;4;1;2;0;1;1;3;2017-08-06 16:00:00;2188;0;0;0;0;0;-1;1;-1;-1;-1;-1;-1;-1;0;0;2;2;0;4;-1;0;0;0;0;0;0;0;0;1;0;1;0;0;1;1;0;0;-1;-1;0;0;-1;-1;-1;-1;-1;-1;-1;-1;-1;0;0;0;0;0;0;0;0;0;0;0;0;0;O'Higgins;Colo-Colo;1.13;2.13;0;0;0;1;0;0;0;0;0;0;0;0;0;0;0;494;15;Y;Y;Y;Y;N;N;Y
126882;2195;2186;2017;complete;737;2;-1;17,87;2;2;1;3;4;3;7;5;2;5;6;0;0;6;11;5;7;11;18;19;27;47;53;5;6;0;0;0;0;0;0;0;0;0;0;0;0;0;0;0;0;0;0;0;0;0;0;0;0;0;0;0;0;0;0;0;0;0;0;0;0;0;0;0;0;0;0;0;0;0;0;0;0;0;0;0;0;0;0;0;0;0;0;0;0;0;0;0;0;0;0;0;0;3;1;1;1;0;1;2;2017-08-06 19:30:00;2195;0;0;0;0;0;-1;1;-1;-1;-1;-1;-1;-1;1;2;4;4;3;8;-1;0;0;0;0;0;0;0;0;0;0;0;0;0;1;1;0;1;-1;-1;0;0;-1;-1;-1;-1;-1;-1;-1;-1;-1;0;0;0;0;0;0;0;0;0;0;0;0;0;Huachipato;Audax Italiano;1.71;1.71;0;0;0;3;0;0;0;0;0;0;0;0;0;0;0;494;15;Y;Y;Y;N;N;N;Y
126883;2183;2192;2017;complete;737;2;-1;;;0;0;0;3;3;6;0;1;2;6;0;0;6;3;10;5;16;8;17;26;53;47;2;6;0;0;0;0;0;0;0;0;0;0;0;0;0;0;0;0;0;0;0;0;0;0;0;0;0;0;0;0;0;0;0;0;0;0;0;0;0;0;0;0;0;0;0;0;0;0;0;0;0;0;0;0;0;0;0;0;0;0;0;0;0;0;0;0;0;0;0;0;0;0;0;0;0;0;0;2017-08-06 22:00:00;-1;0;0;0;0;0;-1;1;-1;-1;-1;-1;-1;-1;0;4;2;2;4;4;-1;0;0;0;0;0;0;0;0;0;0;0;0;0;1;1;0;0;-1;-1;0;0;-1;-1;-1;-1;-1;-1;-1;-1;-1;0;0;0;0;0;0;0;0;0;0;0;0;0;Antofagasta;Deportes Iquique;1.25;0.63;0;0;1;0;0;0;0;0;0;0;0;0;0;0;0;494;15;N;N;N;N;N;N;N
126884;2191;2190;2017;complete;737;3;-1;;42,69;0;2;2;5;4;9;2;5;1;2;1;0;3;7;6;2;9;9;15;14;48;52;3;2;0;0;0;0;0;0;0;0;0;0;0;0;0;0;0;0;0;0;0;0;0;0;0;0;0;0;0;0;0;0;0;0;0;0;0;0;0;0;0;0;0;0;0;0;0;0;0;0;0;0;0;0;0;0;0;0;0;0;0;0;0;0;0;0;0;0;0;0;2;0;1;0;1;1;1;2017-08-12 00:00:00;2190;0;50;50;0;0;-1;1;-1;-1;-1;-1;-1;-1;1;2;1;0;3;1;-1;0;0;0;0;0;0;0;0;0;0;0;0;0;1;1;0;0;-1;-1;0;1;-1;-1;-1;-1;-1;-1;-1;-1;-1;0;50;50;50;50;50;50;50;0;7;3;6;2;O'Higgins;Unión Española;1.13;1.75;0;1;0;2;100;50;50;50;50;0;0;0;0;0;0;494;15;Y;Y;N;N;N;N;N
126885;2181;2185;2017;complete;737;3;-1;78;26;1;1;2;4;3;7;0;1;4;3;0;1;10;5;17;2;27;7;14;12;63;37;4;4;0;0;0;0;0;0;0;0;0;0;0;0;0;0;0;0;0;0;0;0;0;0;0;0;0;0;0;0;0;0;0;0;0;0;0;0;0;0;0;0;0;0;0;0;0;0;0;0;0;0;0;0;0;0;0;0;0;0;0;0;0;0;0;0;0;0;0;0;2;0;1;1;0;1;1;2017-08-12 16:00:00;-1;0;50;0;0;0;-1;1;-1;-1;-1;-1;-1;-1;3;3;1;1;6;2;-1;0;0;0;0;0;0;0;1;0;1;0;0;0;1;1;0;0;-1;-1;0;0;-1;-1;-1;-1;-1;-1;-1;-1;-1;0;50;50;50;100;50;50;100;50;10;3;9;2.5;Curicó Unido;Santiago Wanderers;1.38;1.25;0;1;0;1;100;50;50;50;0;100;100;50;0;0;0;494;15;Y;Y;N;N;N;N;Y
126886;2184;2195;2017;complete;737;3;-1;;;0;0;0;8;5;13;2;0;2;4;0;0;5;3;7;12;12;15;18;9;44;56;2;4;0;0;0;0;0;0;0;0;0;0;0;0;0;0;0;0;0;0;0;0;0;0;0;0;0;0;0;0;0;0;0;0;0;0;0;0;0;0;0;0;0;0;0;0;0;0;0;0;0;0;0;0;0;0;0;0;0;0;0;0;0;0;0;0;0;0;0;0;0;0;0;0;0;0;0;2017-08-12 19:30:00;-1;0;0;0;0;0;-1;1;-1;-1;-1;-1;-1;-1;1;1;1;3;2;4;-1;0;0;0;0;0;0;0;0;0;0;0;0;0;1;1;0;0;-1;-1;0;0;-1;-1;-1;-1;-1;-1;-1;-1;-1;0;0;0;100;100;0;0;100;100;12;7;4;2;Deportes Temuco;Huachipato;1.88;0.5;3;0;1.5;1.5;100;100;100;0;0;100;100;100;0;0;0;494;15;N;N;N;N;N;N;N
126887;2194;2187;2017;complete;737;3;-1;27;21;1;1;2;7;6;13;3;2;4;2;0;0;11;6;18;12;29;18;16;14;48;52;4;2;0;0;0;0;0;0;0;0;0;0;0;0;0;0;0;0;0;0;0;0;0;0;0;0;0;0;0;0;0;0;0;0;0;0;0;0;0;0;0;0;0;0;0;0;0;0;0;0;0;0;0;0;0;0;0;0;0;0;0;0;0;0;0;0;0;0;0;0;2;1;1;0;0;0;2;2017-08-12 22:00:00;-1;0;0;0;0;0;-1;1;-1;-1;-1;-1;-1;-1;2;2;2;0;4;2;-1;0;0;0;0;0;0;0;1;1;1;1;0;0;1;1;0;0;-1;-1;0;0;-1;-1;-1;-1;-1;-1;-1;-1;-1;0;0;0;0;50;0;0;50;0;15;3;8;0.5;Universidad Católica;Everton;1.57;1.5;1;3;0.5;3;100;100;100;100;50;100;100;100;0;0;0;494;15;Y;Y;N;N;N;N;Y
126888;2182;2189;2017;complete;737;3;-1;54,62;;2;0;2;4;4;8;-1;-1;3;3;0;0;7;3;6;4;13;7;-1;-1;48;52;3;3;0;0;0;0;0;0;0;0;0;0;0;0;0;0;0;0;0;0;0;0;0;0;0;0;0;0;0;0;0;0;0;0;0;0;0;0;0;0;0;0;0;0;0;0;0;0;0;0;0;0;0;0;0;0;0;0;0;0;0;0;0;0;0;0;0;0;0;0;2;0;0;2;0;2;0;2017-08-13 15:00:00;2182;0;0;0;0;0;-1;1;-1;-1;-1;-1;-1;-1;1;2;2;1;3;3;-1;0;0;0;0;0;0;0;0;0;0;0;0;0;1;1;0;0;-1;-1;1;1;-1;-1;-1;-1;-1;-1;-1;-1;-1;0;0;0;50;100;0;0;100;50;12;8;6;1.5;San Luis;Universidad Chile;1.57;1.86;3;3;1.5;3;100;100;100;50;0;100;100;100;0;0;0;494;15;Y;Y;N;N;N;N;N
126889;2196;2183;2017;complete;737;3;-1;;;0;0;0;4;8;12;2;2;5;3;0;0;6;11;9;19;15;30;20;23;45;55;5;3;0;0;0;0;0;0;0;0;0;0;0;0;0;0;0;0;0;0;0;0;0;0;0;0;0;0;0;0;0;0;0;0;0;0;0;0;0;0;0;0;0;0;0;0;0;0;0;0;0;0;0;0;0;0;0;0;0;0;0;0;0;0;0;0;0;0;0;0;0;0;0;0;0;0;0;2017-08-13 18:30:00;-1;0;50;0;0;0;-1;1;-1;-1;-1;-1;-1;-1;2;1;3;2;3;5;-1;0;0;0;0;0;0;0;0;0;0;0;0;0;1;1;0;0;-1;-1;0;0;-1;-1;-1;-1;-1;-1;-1;-1;-1;0;50;50;50;50;50;50;50;50;10;3;11;2;Univ. Concepción;Antofagasta;1;1.57;1;1;1;1;100;50;50;50;50;100;50;0;0;0;0;494;15;N;N;N;N;N;N;N
126890;2186;2192;2017;complete;737;3;-1;19;7,58,67;1;3;4;3;3;6;3;5;2;2;1;1;5;6;4;5;9;11;18;15;50;50;4;4;0;0;0;0;0;0;0;0;0;0;0;0;0;0;0;0;0;0;0;0;0;0;0;0;0;0;0;0;0;0;0;0;0;0;0;0;0;0;0;0;0;0;0;0;0;0;0;0;0;0;0;0;0;0;0;0;0;0;0;0;0;0;0;0;0;0;0;0;4;1;1;0;2;2;2;2017-08-13 21:00:00;2192;0;50;0;50;0;-1;1;-1;-1;-1;-1;-1;-1;2;1;1;2;3;3;-1;0;0;0;0;0;0;0;1;1;1;1;0;0;1;1;0;1;-1;-1;0;0;-1;-1;-1;-1;-1;-1;-1;-1;-1;0;0;50;50;50;0;50;50;50;5;3;7;1.5;Audax Italiano;Deportes Iquique;1.63;0.63;3;1;1.5;0.5;100;100;50;50;50;50;50;50;0;0;0;494;15;Y;Y;Y;Y;N;N;Y
126891;2193;2188;2017;complete;737;3;-1;32;26;1;1;2;3;5;8;0;2;4;4;0;0;3;7;4;8;7;15;12;16;44;56;4;4;0;0;0;0;0;0;0;0;0;0;0;0;0;0;0;0;0;0;0;0;0;0;0;0;0;0;0;0;0;0;0;0;0;0;0;0;0;0;0;0;0;0;0;0;0;0;0;0;0;0;0;0;0;0;0;0;0;0;0;0;0;0;0;0;0;0;0;0;2;1;1;0;0;0;2;2017-08-15 19:00:00;-1;0;100;100;0;0;-1;1;-1;-1;-1;-1;-1;-1;2;1;2;3;3;5;-1;0;0;0;0;0;0;0;0;1;0;0;0;1;1;1;0;0;-1;-1;1;0;-1;-1;-1;-1;-1;-1;-1;-1;-1;0;50;100;100;100;100;100;100;0;7;5;8;3.5;Palestino;Colo-Colo;1.5;2.13;3;3;1.5;2;100;50;0;0;0;50;50;50;0;0;0;494;15;Y;Y;N;N;N;N;Y
126892;2186;2184;2017;complete;737;4;-1;28,80;55;2;1;3;5;4;9;0;3;3;4;0;0;6;6;14;8;20;14;19;15;46;54;3;4;0;0;0;0;0;0;0;0;0;0;0;0;0;0;0;0;0;0;0;0;0;0;0;0;0;0;0;0;0;0;0;0;0;0;0;0;0;0;0;0;0;0;0;0;0;0;0;0;0;0;0;0;0;0;0;0;0;0;0;0;0;0;0;0;0;0;0;0;3;1;0;1;1;2;1;2017-08-18 23:00:00;2186;0;100;75;25;0;-1;1;-1;-1;-1;-1;-1;-1;1;2;2;2;3;4;-1;0;0;0;0;0;0;0;0;0;0;0;0;0;1;1;0;0;-1;-1;0;0;-1;-1;-1;-1;-1;-1;-1;-1;-1;0;25;100;100;100;75;100;100;50;3.5;3.5;2.5;3.25;Audax Italiano;Deportes Temuco;1.63;1;1.5;0;1;1.33;100;75;0;0;0;75;25;25;0;0;0;494;15;Y;Y;Y;N;N;N;Y
126893;2185;2194;2017;complete;737;4;-1;90;53;1;1;2;7;2;9;1;3;2;4;1;0;4;3;9;10;13;13;18;22;49;51;3;4;0;0;0;0;0;0;0;0;0;0;0;0;0;0;0;0;0;0;0;0;0;0;0;0;0;0;0;0;0;0;0;0;0;0;0;0;0;0;0;0;0;0;0;0;0;0;0;0;0;0;0;0;0;0;0;0;0;0;0;0;0;0;0;0;0;0;0;0;2;0;0;1;1;2;0;2017-08-19 15:00:00;-1;0;0;0;0;0;-1;1;-1;-1;-1;-1;-1;-1;1;2;2;2;3;4;-1;0;0;0;0;0;0;0;0;0;0;0;0;0;1;1;0;0;-1;-1;0;1;-1;-1;-1;-1;-1;-1;-1;-1;-1;0;0;0;0;50;0;0;50;0;11;5;10;0.5;Santiago Wanderers;Universidad Católica;0.71;0.63;1;0;1;0.67;100;100;100;100;50;50;50;0;0;0;0;494;15;Y;Y;N;N;N;N;Y
126894;2190;2182;2017;complete;737;4;-1;71;;1;0;1;5;3;8;2;0;4;6;0;0;4;5;11;6;15;11;19;21;49;51;4;6;0;0;0;0;0;0;0;0;0;0;0;0;0;0;0;0;0;0;0;0;0;0;0;0;0;0;0;0;0;0;0;0;0;0;0;0;0;0;0;0;0;0;0;0;0;0;0;0;0;0;0;0;0;0;0;0;0;0;0;0;0;0;0;0;0;0;0;0;1;0;0;1;0;1;0;2017-08-19 18:30:00;2190;0;0;0;0;0;-1;1;-1;-1;-1;-1;-1;-1;2;2;2;4;4;6;-1;0;0;0;0;0;0;0;0;0;0;0;0;0;1;1;0;0;-1;-1;1;0;-1;-1;-1;-1;-1;-1;-1;-1;-1;0;50;50;50;100;50;50;100;50;11;2;11;2.5;Unión Española;San Luis;2.43;0.88;3;0;2.33;2;100;50;50;50;0;100;100;50;0;0;0;494;15;Y;N;N;N;N;N;N
126895;2183;2193;2017;complete;737;4;-1;22,50;41;2;1;3;1;2;3;4;4;1;4;0;2;8;6;10;4;18;10;20;20;57;43;1;6;0;0;0;0;0;0;0;0;0;0;0;0;0;0;0;0;0;0;0;0;0;0;0;0;0;0;0;0;0;0;0;0;0;0;0;0;0;0;0;0;0;0;0;0;0;0;0;0;0;0;0;0;0;0;0;0;0;0;0;0;0;0;0;0;0;0;0;0;3;1;1;1;0;1;2;2017-08-19 21:00:00;2183;0;50;0;50;0;-1;1;-1;-1;-1;-1;-1;-1;1;2;0;4;3;4;-1;0;0;0;0;0;0;0;0;0;0;0;0;0;1;1;0;0;-1;-1;0;0;-1;-1;-1;-1;-1;-1;-1;-1;-1;0;0;50;50;50;0;50;50;50;12;3;7;1.5;Antofagasta;Palestino;1.25;0.14;1;0;1;1.33;100;100;50;50;50;50;50;50;0;0;0;494;15;Y;Y;Y;N;N;N;Y
126896;2188;2196;2017;complete;737;4;-1;46;17,52;1;2;3;7;1;8;1;2;4;4;0;1;6;7;8;0;14;7;25;23;63;37;4;6;0;0;0;0;0;0;0;0;0;0;0;0;0;0;0;0;0;0;0;0;0;0;0;0;0;0;0;0;0;0;0;0;0;0;0;0;0;0;0;0;0;0;0;0;0;0;0;0;0;0;0;0;0;0;0;0;0;0;0;0;0;0;0;0;0;0;0;0;3;0;1;1;1;2;1;2017-08-19 23:30:00;2196;0;0;0;0;0;-1;1;-1;-1;-1;-1;-1;-1;2;2;2;3;4;5;-1;0;0;0;0;0;0;0;0;0;0;0;0;0;1;1;0;0;-1;-1;0;0;-1;-1;-1;-1;-1;-1;-1;-1;-1;0;0;0;0;0;0;0;0;0;10;6;8;0;Colo-Colo;Univ. Concepción;2.29;1.29;1;1;1.67;1;100;100;100;100;100;100;50;50;0;0;0;494;15;Y;Y;Y;N;N;N;Y
126897;2192;2181;2017;complete;737;4;-1;;61;0;1;1;3;3;6;6;1;1;4;1;1;3;4;5;6;8;10;21;21;52;48;2;5;0;0;0;0;0;0;0;0;0;0;0;0;0;0;0;0;0;0;0;0;0;0;0;0;0;0;0;0;0;0;0;0;0;0;0;0;0;0;0;0;0;0;0;0;0;0;0;0;0;0;0;0;0;0;0;0;0;0;0;0;0;0;0;0;0;0;0;0;1;0;0;0;1;1;0;2017-08-20 15:00:00;2181;0;50;50;0;0;-1;1;-1;-1;-1;-1;-1;-1;0;1;2;4;1;6;-1;0;0;0;0;0;0;0;0;1;0;1;0;0;1;1;0;0;-1;-1;0;0;-1;-1;-1;-1;-1;-1;-1;-1;-1;0;0;50;50;100;50;50;100;0;11;3;7;2;Deportes Iquique;Curicó Unido;0.57;1;0;0;1.33;0.33;100;100;50;50;0;100;100;100;0;0;0;494;15;Y;N;N;N;N;N;N
126898;2187;2191;2017;complete;737;4;-1;52;11;1;1;2;8;0;8;7;1;1;5;0;0;6;2;6;7;12;9;9;18;57;43;1;5;0;0;0;0;0;0;0;0;0;0;0;0;0;0;0;0;0;0;0;0;0;0;0;0;0;0;0;0;0;0;0;0;0;0;0;0;0;0;0;0;0;0;0;0;0;0;0;0;0;0;0;0;0;0;0;0;0;0;0;0;0;0;0;0;0;0;0;0;2;0;1;1;0;1;1;2017-08-20 18:30:00;-1;0;0;0;0;0;-1;1;-1;-1;-1;-1;-1;-1;1;2;0;3;3;3;-1;0;0;0;0;0;0;0;1;0;1;0;0;0;1;1;0;0;-1;-1;0;0;-1;-1;-1;-1;-1;-1;-1;-1;-1;0;50;50;100;100;50;50;100;100;9;7;4;3;Everton;O'Higgins;2;0.86;3;0;2.33;0;100;50;50;0;0;100;100;100;0;0;0;494;15;Y;Y;N;N;N;N;Y
126899;2189;2195;2017;complete;737;4;-1;10,35,76;43,45;3;2;5;6;3;9;3;0;2;2;0;0;9;5;7;10;16;15;10;18;59;41;2;2;0;0;0;0;0;0;0;0;0;0;0;0;0;0;0;0;0;0;0;0;0;0;0;0;0;0;0;0;0;0;0;0;0;0;0;0;0;0;0;0;0;0;0;0;0;0;0;0;0;0;0;0;0;0;0;0;0;0;0;0;0;0;0;0;0;0;0;0;5;2;2;1;0;1;4;2017-08-20 21:00:00;2189;0;50;50;0;0;-1;1;-1;-1;-1;-1;-1;-1;1;1;1;1;2;2;-1;0;0;0;0;0;0;0;0;0;0;0;0;0;1;1;1;0;-1;-1;0;0;-1;-1;-1;-1;-1;-1;-1;-1;-1;0;0;50;75;75;50;50;75;25;13;4.5;6;2;Universidad Chile;Huachipato;2.13;0.5;3;0.5;2;1.33;100;100;50;25;25;100;50;50;0;0;0;494;15;Y;Y;Y;Y;Y;N;Y
126900;2185;2192;2017;complete;737;5;-1;;;0;0;0;4;6;10;4;5;2;3;0;0;0;0;0;0;0;0;12;16;50;50;2;3;0;0;0;0;0;0;0;0;0;0;0;0;0;0;0;0;0;0;0;0;0;0;0;0;0;0;0;0;0;0;0;0;0;0;0;0;0;0;0;0;0;0;0;0;0;0;0;0;0;0;0;0;0;0;0;0;0;0;0;0;0;0;0;0;0;0;0;0;0;0;0;0;0;0;0;2017-08-25 23:00:00;-1;0;50;25;25;0;-1;1;-1;-1;-1;-1;-1;-1;2;0;0;3;2;3;-1;0;0;0;0;0;0;0;0;0;0;0;0;0;1;1;0;0;-1;-1;1;0;-1;-1;-1;-1;-1;-1;-1;-1;-1;0;25;25;50;50;25;25;50;50;9;4.5;8;1.5;Santiago Wanderers;Deportes Iquique;0.71;0.63;1;2;1;1;100;75;75;50;50;25;0;0;0;0;0;494;15;N;N;N;N;N;N;N
126901;2193;2182;2017;complete;737;5;-1;37;18,44,73;1;3;4;6;5;11;1;3;2;4;0;0;6;5;9;4;15;9;8;24;54;46;2;4;0;0;0;0;0;0;0;0;0;0;0;0;0;0;0;0;0;0;0;0;0;0;0;0;0;0;0;0;0;0;0;0;0;0;0;0;0;0;0;0;0;0;0;0;0;0;0;0;0;0;0;0;0;0;0;0;0;0;0;0;0;0;0;0;0;0;0;0;4;1;2;0;1;1;3;2017-08-26 15:00:00;2182;0;50;50;0;0;-1;1;-1;-1;-1;-1;-1;-1;1;2;1;2;3;3;-1;0;0;0;0;0;0;0;0;0;0;0;0;0;1;1;0;0;-1;-1;0;0;-1;-1;-1;-1;-1;-1;-1;-1;-1;0;25;50;75;100;75;75;75;25;9;1.5;10.5;2.5;Palestino;San Luis;1.5;0.88;2;0;1;1.5;100;75;50;25;0;50;50;50;0;0;0;494;15;Y;Y;Y;Y;N;N;Y
126902;2184;2187;2017;complete;737;5;-1;;52;0;1;1;8;7;15;1;2;2;1;0;0;6;5;11;6;17;11;12;14;49;51;2;1;0;0;0;0;0;0;0;0;0;0;0;0;0;0;0;0;0;0;0;0;0;0;0;0;0;0;0;0;0;0;0;0;0;0;0;0;0;0;0;0;0;0;0;0;0;0;0;0;0;0;0;0;0;0;0;0;0;0;0;0;0;0;0;0;0;0;0;0;1;0;0;0;1;1;0;2017-08-26 18:30:00;2187;0;25;25;0;0;-1;1;-1;-1;-1;-1;-1;-1;0;0;2;1;0;3;-1;0;0;0;0;0;0;0;0;0;0;0;0;0;1;1;0;0;-1;-1;0;0;-1;-1;-1;-1;-1;-1;-1;-1;-1;0;0;0;50;75;25;25;50;25;15;4;5;1.25;Deportes Temuco;Everton;1.88;1.5;2;2;1;2;100;100;100;50;25;100;100;100;0;0;0;494;15;Y;N;N;N;N;N;N
126903;2194;2181;2017;complete;737;5;-1;20;;1;0;1;5;3;8;2;1;3;3;0;0;3;3;8;8;11;11;19;14;42;58;3;3;0;0;0;0;0;0;0;0;0;0;0;0;0;0;0;0;0;0;0;0;0;0;0;0;0;0;0;0;0;0;0;0;0;0;0;0;0;0;0;0;0;0;0;0;0;0;0;0;0;0;0;0;0;0;0;0;0;0;0;0;0;0;0;0;0;0;0;0;1;1;0;0;0;0;1;2017-08-26 21:00:00;2194;0;50;50;0;0;-1;1;-1;-1;-1;-1;-1;-1;1;1;2;2;2;4;-1;0;0;0;0;0;0;0;0;0;0;0;0;0;1;1;0;0;-1;-1;0;0;-1;-1;-1;-1;-1;-1;-1;-1;-1;0;0;25;50;75;50;50;50;0;11.5;3.5;7;1.5;Universidad Católica;Curicó Unido;1.57;1;1;1.5;0.75;1;100;100;75;50;25;75;75;75;0;0;0;494;15;Y;N;N;N;N;N;N
126904;2195;2190;2017;complete;737;5;-1;;11;0;1;1;11;3;14;1;0;5;3;0;0;3;5;10;7;13;12;18;18;57;43;5;3;0;0;0;0;0;0;0;0;0;0;0;0;0;0;0;0;0;0;0;0;0;0;0;0;0;0;0;0;0;0;0;0;0;0;0;0;0;0;0;0;0;0;0;0;0;0;0;0;0;0;0;0;0;0;0;0;0;0;0;0;0;0;0;0;0;0;0;0;1;0;1;0;0;0;1;2017-08-26 23:30:00;2190;0;50;50;0;0;-1;1;-1;-1;-1;-1;-1;-1;3;0;2;3;3;5;-1;0;0;0;0;0;0;0;0;0;0;0;0;0;1;1;0;0;-1;-1;0;0;-1;-1;-1;-1;-1;-1;-1;-1;-1;0;0;50;75;75;50;75;75;0;7.5;8;8;2;Huachipato;Unión Española;1.71;1.75;3;2;1;2.5;100;100;50;25;25;25;0;0;0;0;0;494;15;Y;N;N;N;N;N;N
126905;2188;2189;2017;complete;737;5;-1;10,16,50,86;33;4;1;5;1;3;4;2;2;4;5;0;0;6;3;2;4;8;7;19;17;41;59;4;5;0;0;0;0;0;0;0;0;0;0;0;0;0;0;0;0;0;0;0;0;0;0;0;0;0;0;0;0;0;0;0;0;0;0;0;0;0;0;0;0;0;0;0;0;0;0;0;0;0;0;0;0;0;0;0;0;0;0;0;0;0;0;0;0;0;0;0;0;5;2;1;2;0;2;3;2017-08-27 15:00:00;2188;0;25;0;25;0;-1;1;-1;-1;-1;-1;-1;-1;2;1;2;4;3;6;-1;0;0;0;0;0;0;0;0;0;0;0;0;0;1;1;1;0;-1;-1;0;0;-1;-1;-1;-1;-1;-1;-1;-1;-1;0;0;25;50;75;0;25;75;50;11;4;8.5;1.5;Colo-Colo;Universidad Chile;2.29;1.86;0.5;1.5;1.25;2.25;100;100;75;50;25;50;25;25;0;0;0;494;15;Y;Y;Y;Y;Y;N;Y
126906;2196;2186;2017;complete;737;5;-1;15;23;1;1;2;5;8;13;7;2;4;3;2;0;8;10;6;10;14;20;20;22;44;56;7;3;0;0;0;0;0;0;0;0;0;0;0;0;0;0;0;0;0;0;0;0;0;0;0;0;0;0;0;0;0;0;0;0;0;0;0;0;0;0;0;0;0;0;0;0;0;0;0;0;0;0;0;0;0;0;0;0;0;0;0;0;0;0;0;0;0;0;0;0;2;1;1;0;0;0;2;2017-08-27 18:30:00;-1;0;75;50;0;0;-1;1;-1;-1;-1;-1;-1;-1;1;0;5;3;1;8;-1;0;0;0;0;0;0;0;0;1;0;1;0;0;1;1;0;0;-1;-1;0;0;-1;-1;-1;-1;-1;-1;-1;-1;-1;0;25;75;75;75;75;75;75;25;8;3.5;11.5;2.5;Univ. Concepción;Audax Italiano;1;1.71;1;0;1.5;1.5;100;75;25;25;25;50;50;25;0;0;0;494;15;Y;Y;N;N;N;N;Y
126907;2191;2183;2017;complete;737;5;-1;;18,68;0;2;2;8;5;13;1;2;1;2;0;0;5;8;3;4;8;12;15;11;60;40;1;2;0;0;0;0;0;0;0;0;0;0;0;0;0;0;0;0;0;0;0;0;0;0;0;0;0;0;0;0;0;0;0;0;0;0;0;0;0;0;0;0;0;0;0;0;0;0;0;0;0;0;0;0;0;0;0;0;0;0;0;0;0;0;0;0;0;0;0;0;2;0;1;0;1;1;1;2017-08-27 21:00:00;2183;0;25;25;0;0;-1;1;-1;-1;-1;-1;-1;-1;0;0;1;2;0;3;-1;0;0;0;0;0;0;0;0;1;0;1;0;0;1;1;0;0;-1;-1;0;0;-1;-1;-1;-1;-1;-1;-1;-1;-1;0;25;25;50;50;25;50;50;0;10.5;4;6.5;1.5;O'Higgins;Antofagasta;1.13;1.57;0;1;0.25;1.5;100;75;75;50;50;75;25;25;0;0;0;494;15;Y;Y;N;N;N;N;N
126908;2190;2196;2017;complete;737;6;-1;16;;1;0;1;2;8;10;3;0;3;3;0;0;3;5;6;10;9;15;16;15;47;53;3;3;0;0;0;0;0;0;0;0;0;0;0;0;0;0;0;0;0;0;0;0;0;0;0;0;0;0;0;0;0;0;0;0;0;0;0;0;0;0;0;0;0;0;0;0;0;0;0;0;0;0;0;0;0;0;0;0;0;0;0;0;0;0;0;0;0;0;0;0;1;1;0;0;0;0;1;2017-09-08 23:30:00;2190;0;25;0;25;0;-1;1;-1;-1;-1;-1;-1;-1;0;3;3;0;3;3;-1;0;0;0;0;0;0;0;0;0;0;0;0;0;1;1;0;0;-1;-1;0;0;-1;-1;-1;-1;-1;-1;-1;-1;-1;0;0;25;25;75;0;25;75;25;7.5;4;9;1.25;Unión Española;Univ. Concepción;2.43;1.29;3;2;2.6;1.4;100;100;75;75;25;50;50;25;0;0;0;494;15;Y;N;N;N;N;N;N
126909;2192;2188;2017;complete;737;6;-1;84;28;1;1;2;5;5;10;2;3;3;2;0;0;6;2;6;8;12;10;16;21;61;39;3;2;0;0;0;0;0;0;0;0;0;0;0;0;0;0;0;0;0;0;0;0;0;0;0;0;0;0;0;0;0;0;0;0;0;0;0;0;0;0;0;0;0;0;0;0;0;0;0;0;0;0;0;0;0;0;0;0;0;0;0;0;0;0;0;0;0;0;0;0;2;0;1;1;0;1;1;2017-09-09 15:00:00;-1;0;50;50;0;0;-1;1;-1;-1;-1;-1;-1;-1;1;1;2;1;2;3;-1;0;0;0;0;0;0;0;0;0;0;0;0;0;1;1;0;0;-1;-1;0;0;-1;-1;-1;-1;-1;-1;-1;-1;-1;0;25;25;50;100;50;50;75;0;7;6;6;2;Deportes Iquique;Colo-Colo;0.57;2.13;0;2;1;1.6;100;75;75;50;0;25;25;25;0;0;0;494;15;Y;Y;N;N;N;N;Y
126910;2182;2185;2017;complete;737;6;-1;;35,89;0;2;2;3;1;4;5;11;2;1;0;0;4;8;8;4;12;12;16;14;58;42;2;1;0;0;0;0;0;0;0;0;0;0;0;0;0;0;0;0;0;0;0;0;0;0;0;0;0;0;0;0;0;0;0;0;0;0;0;0;0;0;0;0;0;0;0;0;0;0;0;0;0;0;0;0;0;0;0;0;0;0;0;0;0;0;0;0;0;0;0;0;2;0;1;0;1;1;1;2017-09-09 18:30:00;2185;0;50;0;0;0;-1;1;-1;-1;-1;-1;-1;-1;1;0;1;1;1;2;-1;0;0;0;0;0;0;0;0;0;0;0;0;0;1;1;0;0;-1;-1;0;0;-1;-1;-1;-1;-1;-1;-1;-1;-1;0;25;25;100;100;25;50;100;75;8.5;2;6;2.5;San Luis;Santiago Wanderers;1.57;1.25;3;1;1.8;1;100;75;75;0;0;50;50;25;0;0;0;494;15;Y;Y;N;N;N;N;N
126911;2189;2191;2017;complete;737;6;-1;78,89;2,11;2;2;4;9;1;10;6;2;2;5;0;1;10;3;11;3;21;6;13;28;63;37;2;6;0;0;0;0;0;0;0;0;0;0;0;0;0;0;0;0;0;0;0;0;0;0;0;0;0;0;0;0;0;0;0;0;0;0;0;0;0;0;0;0;0;0;0;0;0;0;0;0;0;0;0;0;0;0;0;0;0;0;0;0;0;0;0;0;0;0;0;0;4;0;2;2;0;2;2;2017-09-09 21:00:00;-1;0;75;50;0;0;-1;1;-1;-1;-1;-1;-1;-1;2;2;0;4;4;4;-1;0;0;0;0;0;0;0;0;0;0;0;0;0;1;1;0;1;-1;-1;1;0;-1;-1;-1;-1;-1;-1;-1;-1;-1;25;25;50;100;100;50;75;100;25;9.5;3;6.5;3;Universidad Chile;O'Higgins;2.13;0.86;3;0.5;1.8;0.2;75;75;50;0;0;75;25;25;0;0;0;494;15;Y;Y;Y;Y;N;N;Y
126912;2181;2184;2017;complete;737;6;-1;61;15;1;1;2;8;6;14;0;4;3;5;1;0;3;5;11;10;14;15;16;16;60;40;4;5;0;0;0;0;0;0;0;0;0;0;0;0;0;0;0;0;0;0;0;0;0;0;0;0;0;0;0;0;0;0;0;0;0;0;0;0;0;0;0;0;0;0;0;0;0;0;0;0;0;0;0;0;0;0;0;0;0;0;0;0;0;0;0;0;0;0;0;0;2;0;1;1;0;1;1;2017-09-09 23:30:00;-1;0;75;25;25;0;-1;1;-1;-1;-1;-1;-1;-1;2;2;2;3;4;5;-1;0;0;0;0;0;0;0;0;0;0;0;0;0;1;1;0;0;-1;-1;1;0;-1;-1;-1;-1;-1;-1;-1;-1;-1;0;0;50;75;100;25;75;100;25;7.5;3;7;2.25;Curicó Unido;Deportes Temuco;1.38;1;0.5;0;0.8;0.8;100;100;50;25;0;75;25;25;0;0;0;494;15;Y;Y;N;N;N;N;Y
126913;2186;2194;2017;complete;737;6;-1;28,37;18,42;2;2;4;5;4;9;2;5;3;3;0;0;8;7;10;6;18;13;20;18;43;57;3;3;0;0;0;0;0;0;0;0;0;0;0;0;0;0;0;0;0;0;0;0;0;0;0;0;0;0;0;0;0;0;0;0;0;0;0;0;0;0;0;0;0;0;0;0;0;0;0;0;0;0;0;0;0;0;0;0;0;0;0;0;0;0;0;0;0;0;0;0;4;2;2;0;0;0;4;2017-09-10 15:30:00;-1;0;75;17;59;0;-1;1;-1;-1;-1;-1;-1;-1;1;1;2;2;2;4;-1;0;0;0;0;0;0;0;1;1;1;0;0;1;1;1;0;0;-1;-1;0;0;-1;-1;-1;-1;-1;-1;-1;-1;-1;0;17;50;75;100;17;50;100;75;7.33;4.67;8.17;2.42;Audax Italiano;Universidad Católica;1.63;0.63;2;0.5;1.4;1.2;100;84;50;25;0;84;42;17;0;0;0;494;15;Y;Y;Y;Y;N;N;Y
126914;2187;2193;2017;complete;737;6;-1;51,56,59;83;3;1;4;3;8;11;2;1;1;3;0;0;5;6;6;13;11;19;17;22;47;53;1;3;0;0;0;0;0;0;0;0;0;0;0;0;0;0;0;0;0;0;0;0;0;0;0;0;0;0;0;0;0;0;0;0;0;0;0;0;0;0;0;0;0;0;0;0;0;0;0;0;0;0;0;0;0;0;0;0;0;0;0;0;0;0;0;0;0;0;0;0;4;0;0;3;1;4;0;2017-09-10 18:30:00;2187;0;75;25;25;0;-1;1;-1;-1;-1;-1;-1;-1;0;2;1;1;2;2;-1;0;0;0;0;0;0;0;0;0;0;0;0;0;1;1;0;0;-1;-1;0;0;-1;-1;-1;-1;-1;-1;-1;-1;-1;0;25;75;100;100;50;100;100;50;11.5;10.5;6;3;Everton;Palestino;2;0.14;2;0;2.2;0.8;100;75;25;0;0;50;50;50;0;0;0;494;15;Y;Y;Y;Y;N;N;Y
126915;2183;2195;2017;complete;737;6;-1;14;;1;0;1;7;2;9;2;0;5;6;0;0;14;4;6;5;20;9;19;19;50;50;5;6;0;0;0;0;0;0;0;0;0;0;0;0;0;0;0;0;0;0;0;0;0;0;0;0;0;0;0;0;0;0;0;0;0;0;0;0;0;0;0;0;0;0;0;0;0;0;0;0;0;0;0;0;0;0;0;0;0;0;0;0;0;0;0;0;0;0;0;0;1;1;0;0;0;0;1;2017-09-10 21:00:00;2183;0;42;42;0;0;-1;1;-1;-1;-1;-1;-1;-1;2;3;3;3;5;6;-1;0;0;0;0;0;0;0;0;0;0;0;0;0;1;1;0;0;-1;-1;0;0;-1;-1;-1;-1;-1;-1;-1;-1;-1;17;17;42;59;59;42;42;59;17;6.33;3.67;4.83;1.92;Antofagasta;Huachipato;1.25;0.5;2;0.33;1.8;0.8;84;84;59;42;42;50;34;34;0;0;0;494;15;Y;N;N;N;N;N;N
126916;2188;2182;2017;complete;737;7;-1;29,63,70;;3;0;3;3;1;4;5;1;1;3;0;0;11;4;4;5;15;9;20;14;43;57;1;3;0;0;0;0;0;0;0;0;0;0;0;0;0;0;0;0;0;0;0;0;0;0;0;0;0;0;0;0;0;0;0;0;0;0;0;0;0;0;0;0;0;0;0;0;0;0;0;0;0;0;0;0;0;0;0;0;0;0;0;0;0;0;0;0;0;0;0;0;3;1;0;2;0;2;1;2017-09-22 23:30:00;2188;0;50;33;17;0;-1;1;-1;-1;-1;-1;-1;-1;1;2;0;1;3;1;-1;0;0;0;0;0;0;0;0;0;0;0;0;0;1;1;0;0;-1;-1;0;0;-1;-1;-1;-1;-1;-1;-1;-1;-1;17;50;67;67;84;50;67;84;50;9.33;3.33;9.67;2.84;Colo-Colo;San Luis;2.29;0.88;1.33;1;1.5;1.5;84;50;33;33;17;50;34;34;0;0;0;494;15;Y;Y;Y;N;N;N;N
126917;2183;2190;2017;complete;737;7;-1;;;0;0;0;5;8;13;0;1;2;5;0;0;8;2;7;7;15;9;25;14;60;40;2;5;0;0;0;0;0;0;0;0;0;0;0;0;0;0;0;0;0;0;0;0;0;0;0;0;0;0;0;0;0;0;0;0;0;0;0;0;0;0;0;0;0;0;0;0;0;0;0;0;0;0;0;0;0;0;0;0;0;0;0;0;0;0;0;0;0;0;0;0;0;0;0;0;0;0;0;2017-09-23 18:30:00;-1;0;17;17;0;0;-1;1;-1;-1;-1;-1;-1;-1;1;3;1;2;4;3;-1;0;0;0;0;0;0;0;0;0;0;0;0;0;1;1;0;0;-1;-1;0;0;-1;-1;-1;-1;-1;-1;-1;-1;-1;0;0;17;33;67;17;67;33;0;7;4;5.67;1.17;Antofagasta;Unión Española;1.25;1.75;2.33;2.33;2;2.67;100;100;84;67;33;50;17;17;0;0;0;494;15;N;N;N;N;N;N;N
126918;2189;2187;2017;complete;737;7;-1;8,24;32,74;2;2;4;6;2;8;5;1;3;3;0;0;9;7;1;3;10;10;11;14;52;48;3;3;0;0;0;0;0;0;0;0;0;0;0;0;0;0;0;0;0;0;0;0;0;0;0;0;0;0;0;0;0;0;0;0;0;0;0;0;0;0;0;0;0;0;0;0;0;0;0;0;0;0;0;0;0;0;0;0;0;0;0;0;0;0;0;0;0;0;0;0;4;2;1;0;1;1;3;2017-09-23 21:00:00;-1;0;67;50;0;0;-1;1;-1;-1;-1;-1;-1;-1;2;3;1;0;5;1;-1;0;0;0;0;0;0;0;1;0;1;0;0;0;1;1;1;0;-1;-1;1;0;-1;-1;-1;-1;-1;-1;-1;-1;-1;17;34;50;67;100;67;67;84;17;15;5.67;5;2.67;Universidad Chile;Everton;2.13;1.5;2.33;2.33;1.67;2.33;84;67;50;34;0;100;67;50;0;0;0;494;15;Y;Y;Y;Y;N;N;Y
126919;2196;2181;2017;complete;737;7;-1;;18;0;1;1;12;1;13;2;2;2;2;0;0;11;4;13;2;24;6;13;15;57;43;2;2;0;0;0;0;0;0;0;0;0;0;0;0;0;0;0;0;0;0;0;0;0;0;0;0;0;0;0;0;0;0;0;0;0;0;0;0;0;0;0;0;0;0;0;0;0;0;0;0;0;0;0;0;0;0;0;0;0;0;0;0;0;0;0;0;0;0;0;0;1;0;1;0;0;0;1;2017-09-23 23:30:00;2181;0;50;33;0;0;-1;1;-1;-1;-1;-1;-1;-1;1;0;1;2;1;3;-1;0;0;0;0;0;0;0;0;0;0;0;0;0;1;1;0;0;-1;-1;0;0;-1;-1;-1;-1;-1;-1;-1;-1;-1;0;17;33;50;84;50;67;50;17;9.33;4.66;9.67;1.84;Univ. Concepción;Curicó Unido;1;1;1;1;1.17;0.83;100;84;67;50;17;67;67;50;0;0;0;494;15;Y;N;N;N;N;N;N
126920;2191;2193;2017;complete;737;7;-1;74,83;90;2;1;3;6;8;14;2;2;4;1;0;0;8;8;3;10;11;18;19;14;53;47;4;1;0;0;0;0;0;0;0;0;0;0;0;0;0;0;0;0;0;0;0;0;0;0;0;0;0;0;0;0;0;0;0;0;0;0;0;0;0;0;0;0;0;0;0;0;0;0;0;0;0;0;0;0;0;0;0;0;0;0;0;0;0;0;0;0;0;0;0;0;3;0;0;2;1;3;0;2017-09-24 15:00:00;2191;0;67;33;34;0;-1;1;-1;-1;-1;-1;-1;-1;0;0;4;1;0;5;-1;0;0;0;0;0;0;0;0;1;0;1;0;0;1;1;0;0;-1;-1;0;0;-1;-1;-1;-1;-1;-1;-1;-1;-1;0;33;67;100;100;33;84;100;34;12;4.34;6.67;3;O'Higgins;Palestino;1.13;0.14;0;0;0.33;0.67;100;67;34;0;0;67;50;50;0;0;0;494;15;Y;Y;Y;N;N;N;Y
126921;2184;2194;2017;complete;737;7;-1;45;;1;0;1;6;4;10;5;2;3;2;0;0;3;9;2;10;5;19;13;16;39;61;3;2;0;0;0;0;0;0;0;0;0;0;0;0;0;0;0;0;0;0;0;0;0;0;0;0;0;0;0;0;0;0;0;0;0;0;0;0;0;0;0;0;0;0;0;0;0;0;0;0;0;0;0;0;0;0;0;0;0;0;0;0;0;0;0;0;0;0;0;0;1;1;0;0;0;0;1;2017-09-24 18:30:00;2184;0;34;17;17;0;-1;1;-1;-1;-1;-1;-1;-1;1;1;2;1;2;3;-1;0;0;0;0;0;0;0;0;0;0;0;0;0;1;1;0;0;-1;-1;0;0;-1;-1;-1;-1;-1;-1;-1;-1;-1;0;17;17;50;84;17;17;67;33;11.67;5.34;6;1.67;Deportes Temuco;Universidad Católica;1.88;0.63;1.33;0.67;0.83;1.17;100;84;84;50;17;100;67;50;0;0;0;494;15;Y;N;N;N;N;N;N
126922;2185;2186;2017;complete;737;7;-1;68;49,54,62;1;3;4;5;9;14;7;5;5;1;0;0;4;6;4;5;8;11;7;15;49;51;5;1;0;0;0;0;0;0;0;0;0;0;0;0;0;0;0;0;0;0;0;0;0;0;0;0;0;0;0;0;0;0;0;0;0;0;0;0;0;0;0;0;0;0;0;0;0;0;0;0;0;0;0;0;0;0;0;0;0;0;0;0;0;0;0;0;0;0;0;0;4;0;0;1;3;4;0;2017-09-24 21:00:00;2186;0;67;50;17;0;-1;1;-1;-1;-1;-1;-1;-1;0;1;5;0;1;5;-1;0;0;0;0;0;0;0;0;1;0;1;0;0;1;1;0;0;-1;-1;0;0;-1;-1;-1;-1;-1;-1;-1;-1;-1;0;0;25;67;67;50;50;42;17;10.83;4.33;7.17;1.59;Santiago Wanderers;Audax Italiano;0.71;1.71;1;0.5;1.33;1.33;100;100;75;34;34;59;42;25;0;0;0;494;15;Y;Y;Y;Y;N;N;Y
126923;2195;2192;2017;complete;737;7;-1;81;;1;0;1;2;4;6;3;3;4;3;0;0;5;5;7;7;12;12;15;19;51;49;4;3;0;0;0;0;0;0;0;0;0;0;0;0;0;0;0;0;0;0;0;0;0;0;0;0;0;0;0;0;0;0;0;0;0;0;0;0;0;0;0;0;0;0;0;0;0;0;0;0;0;0;0;0;0;0;0;0;0;0;0;0;0;0;0;0;0;0;0;0;1;0;0;1;0;1;0;2017-09-24 23:30:00;2195;0;42;42;0;0;-1;1;-1;-1;-1;-1;-1;-1;1;0;3;3;1;6;-1;0;0;0;0;0;0;0;0;0;0;0;0;0;1;1;0;0;-1;-1;0;0;-1;-1;-1;-1;-1;-1;-1;-1;-1;0;17;42;42;67;42;67;42;17;11.5;6.67;9.33;1.67;Huachipato;Deportes Iquique;1.71;0.63;1.5;1.67;0.67;1;100;84;59;59;34;42;42;25;0;0;0;494;15;Y;N;N;N;N;N;N
126924;2181;2183;2017;complete;737;8;-1;;53;0;1;1;9;1;10;1;2;3;6;1;0;7;3;10;6;17;9;15;27;58;42;4;6;0;0;0;0;0;0;0;0;0;0;0;0;0;0;0;0;0;0;0;0;0;0;0;0;0;0;0;0;0;0;0;0;0;0;0;0;0;0;0;0;0;0;0;0;0;0;0;0;0;0;0;0;0;0;0;0;0;0;0;0;0;0;0;0;0;0;0;0;1;0;0;0;1;1;0;2017-09-29 23:00:00;2183;0;34;0;0;0;-1;1;-1;-1;-1;-1;-1;-1;1;2;3;4;3;7;-1;0;0;0;0;0;0;0;0;1;0;1;0;0;1;1;0;0;-1;-1;0;0;-1;-1;-1;-1;-1;-1;-1;-1;-1;0;0;0;50;67;0;50;67;0;11.67;2.67;8;1.17;Curicó Unido;Antofagasta;1.38;1.57;0.67;1.67;1.14;1.86;100;100;100;50;34;84;67;67;0;0;0;494;15;Y;N;N;N;N;N;N
126925;2190;2189;2017;complete;737;8;-1;;;0;0;0;6;3;9;1;1;3;6;1;0;6;0;4;8;10;8;16;19;46;54;5;6;0;0;0;0;0;0;0;0;0;0;0;0;0;0;0;0;0;0;0;0;0;0;0;0;0;0;0;0;0;0;0;0;0;0;0;0;0;0;0;0;0;0;0;0;0;0;0;0;0;0;0;0;0;0;0;0;0;0;0;0;0;0;0;0;0;0;0;0;0;0;0;0;0;0;0;2017-09-30 15:00:00;-1;0;17;17;0;0;-1;1;-1;-1;-1;-1;-1;-1;3;3;1;3;6;4;-1;0;0;0;0;0;0;0;0;0;0;0;0;0;1;1;0;0;-1;-1;0;0;-1;-1;-1;-1;-1;-1;-1;-1;-1;17;17;17;34;100;17;33;84;34;8;4;8.33;1.84;Unión Española;Universidad Chile;2.43;1.86;3;1;2.43;1.57;84;84;84;67;0;50;50;17;0;0;0;494;15;N;N;N;N;N;N;N
126926;2192;2196;2017;complete;737;8;-1;;26,72,78,83;0;4;4;8;2;10;1;0;3;2;1;0;3;7;11;6;14;13;5;7;58;42;5;2;0;0;0;0;0;0;0;0;0;0;0;0;0;0;0;0;0;0;0;0;0;0;0;0;0;0;0;0;0;0;0;0;0;0;0;0;0;0;0;0;0;0;0;0;0;0;0;0;0;0;0;0;0;0;0;0;0;0;0;0;0;0;0;0;0;0;0;0;4;0;1;0;3;3;1;2017-09-30 18:30:00;2196;0;33;0;17;0;-1;1;-1;-1;-1;-1;-1;-1;2;1;2;1;3;3;-1;0;0;0;0;0;0;0;0;0;0;0;0;0;1;1;0;0;-1;-1;0;0;-1;-1;-1;-1;-1;-1;-1;-1;-1;0;0;17;33;84;0;50;67;17;8.67;4.67;6.67;1.33;Deportes Iquique;Univ. Concepción;0.57;1.29;0.33;1.33;0.86;1;100;100;84;67;17;67;67;33;0;0;0;494;15;Y;Y;Y;Y;N;N;N
126927;2195;2185;2017;complete;737;8;-1;90;;1;0;1;9;4;13;2;1;2;2;1;0;8;6;4;9;12;15;5;8;53;47;3;2;0;0;0;0;0;0;0;0;0;0;0;0;0;0;0;0;0;0;0;0;0;0;0;0;0;0;0;0;0;0;0;0;0;0;0;0;0;0;0;0;0;0;0;0;0;0;0;0;0;0;0;0;0;0;0;0;0;0;0;0;0;0;0;0;0;0;0;0;1;0;0;1;0;1;0;2017-09-30 21:00:00;2195;0;50;17;0;0;-1;1;-1;-1;-1;-1;-1;-1;0;0;3;2;0;5;-1;0;0;0;0;0;0;0;0;0;0;0;0;0;1;1;0;0;-1;-1;0;0;-1;-1;-1;-1;-1;-1;-1;-1;-1;0;17;33;67;100;33;84;84;17;8.34;7.33;7.34;2.17;Huachipato;Santiago Wanderers;1.71;1.25;2;1.67;1;1.14;100;84;67;34;0;33;33;17;0;0;0;494;15;Y;N;N;N;N;N;N
126928;2182;2191;2017;complete;737;8;-1;14,67;18;2;1;3;4;5;9;5;2;2;0;0;0;3;4;2;6;5;10;20;12;49;51;2;0;0;0;0;0;0;0;0;0;0;0;0;0;0;0;0;0;0;0;0;0;0;0;0;0;0;0;0;0;0;0;0;0;0;0;0;0;0;0;0;0;0;0;0;0;0;0;0;0;0;0;0;0;0;0;0;0;0;0;0;0;0;0;0;0;0;0;0;0;3;1;1;1;0;1;2;2017-09-30 23:30:00;2182;0;34;0;0;0;-1;1;-1;-1;-1;-1;-1;-1;1;0;1;0;1;1;-1;0;0;0;0;0;0;0;0;0;0;0;0;0;1;1;0;0;-1;-1;0;0;-1;-1;-1;-1;-1;-1;-1;-1;-1;0;17;17;100;100;17;50;100;67;6.33;3.33;7.33;2.34;San Luis;O'Higgins;1.57;0.86;2;0.67;1.29;0.71;100;84;84;0;0;50;50;33;0;0;0;494;15;Y;Y;Y;N;N;N;Y
126929;2194;2188;2017;complete;737;8;-1;;68;0;1;1;3;3;6;2;3;4;4;0;1;5;5;10;3;15;8;24;23;58;42;4;5;0;0;0;0;0;0;0;0;0;0;0;0;0;0;0;0;0;0;0;0;0;0;0;0;0;0;0;0;0;0;0;0;0;0;0;0;0;0;0;0;0;0;0;0;0;0;0;0;0;0;0;0;0;0;0;0;0;0;0;0;0;0;0;0;0;0;0;0;1;0;0;0;1;1;0;2017-10-01 15:00:00;2188;0;67;50;0;0;-1;1;-1;-1;-1;-1;-1;-1;1;3;3;2;4;5;-1;0;0;0;0;0;0;0;0;0;0;0;0;0;1;1;0;0;-1;-1;0;0;-1;-1;-1;-1;-1;-1;-1;-1;-1;0;17;17;67;84;50;84;34;0;10;4.67;5.67;1.84;Universidad Católica;Colo-Colo;1.57;2.13;1.67;1.67;1;1.71;100;84;84;34;17;50;50;34;0;0;0;494;15;Y;N;N;N;N;N;N
126930;2193;2184;2017;complete;737;8;-1;59,88;20,90;2;2;4;5;2;7;2;4;3;3;0;0;10;5;17;7;27;12;8;7;62;38;3;3;0;0;0;0;0;0;0;0;0;0;0;0;0;0;0;0;0;0;0;0;0;0;0;0;0;0;0;0;0;0;0;0;0;0;0;0;0;0;0;0;0;0;0;0;0;0;0;0;0;0;0;0;0;0;0;0;0;0;0;0;0;0;0;0;0;0;0;0;4;0;1;2;1;3;1;2017-10-01 18:30:00;-1;0;100;67;17;0;-1;1;-1;-1;-1;-1;-1;-1;1;1;2;2;2;4;-1;0;0;0;0;0;0;0;0;0;0;0;0;0;1;1;0;0;-1;-1;0;0;-1;-1;-1;-1;-1;-1;-1;-1;-1;0;17;67;100;100;67;100;84;17;8.34;3.67;7;2.84;Palestino;Deportes Temuco;1.5;1;1.33;0.33;0.57;1.14;100;84;33;0;0;84;50;50;0;0;0;494;15;Y;Y;Y;Y;N;N;Y
126931;2186;2187;2017;complete;737;8;-1;16,37,83;;3;0;3;4;7;11;1;4;2;3;1;0;7;3;9;6;16;9;19;9;43;57;4;3;0;0;0;0;0;0;0;0;0;0;0;0;0;0;0;0;0;0;0;0;0;0;0;0;0;0;0;0;0;0;0;0;0;0;0;0;0;0;0;0;0;0;0;0;0;0;0;0;0;0;0;0;0;0;0;0;0;0;0;0;0;0;0;0;0;0;0;0;3;2;0;1;0;1;2;2017-10-01 21:00:00;2186;0;75;50;25;0;-1;1;-1;-1;-1;-1;-1;-1;2;0;1;3;2;4;-1;0;0;0;0;0;0;0;1;1;1;0;0;1;1;1;0;0;-1;-1;1;0;-1;-1;-1;-1;-1;-1;-1;-1;-1;0;38;63;75;100;50;75;75;38;9.75;3.5;5.75;2.75;Audax Italiano;Everton;1.63;1.5;1.75;2;1.57;2.14;100;63;38;25;0;75;50;50;0;0;0;494;15;Y;Y;Y;N;N;N;N
126932;2187;2181;2017;complete;737;9;-1;14;48;1;1;2;8;5;13;2;1;3;4;0;0;14;6;15;9;29;15;16;15;53;47;3;4;0;0;0;0;0;0;0;0;0;0;0;0;0;0;0;0;0;0;0;0;0;0;0;0;0;0;0;0;0;0;0;0;0;0;0;0;0;0;0;0;0;0;0;0;0;0;0;0;0;0;0;0;0;0;0;0;0;0;0;0;0;0;0;0;0;0;0;0;2;1;0;0;1;1;1;2017-10-14 00:00:00;-1;0;46;13;17;0;-1;1;-1;-1;-1;-1;-1;-1;0;3;3;1;3;4;-1;0;0;0;0;0;0;0;0;0;0;0;0;0;1;1;0;0;-1;-1;0;1;-1;-1;-1;-1;-1;-1;-1;-1;-1;0;34;46;63;100;29;71;75;34;8.5;6.83;3.92;2.42;Everton;Curicó Unido;2;1;2.33;1.5;1.88;1;100;67;54;38;0;59;59;59;0;0;0;494;15;Y;Y;N;N;N;N;Y
126933;2184;2182;2017;complete;737;9;-1;15;60;1;1;2;10;4;14;7;1;1;2;0;0;4;7;4;4;8;11;13;13;45;55;1;2;0;0;0;0;0;0;0;0;0;0;0;0;0;0;0;0;0;0;0;0;0;0;0;0;0;0;0;0;0;0;0;0;0;0;0;0;0;0;0;0;0;0;0;0;0;0;0;0;0;0;0;0;0;0;0;0;0;0;0;0;0;0;0;0;0;0;0;0;2;1;0;0;1;1;1;2017-10-14 15:00:00;-1;0;13;13;0;0;-1;1;-1;-1;-1;-1;-1;-1;1;0;0;2;1;2;-1;0;0;0;0;0;0;0;0;0;0;0;0;0;1;1;0;0;-1;-1;0;0;-1;-1;-1;-1;-1;-1;-1;-1;-1;0;25;38;50;88;25;50;75;38;11.25;3.75;6.25;2;Deportes Temuco;San Luis;1.88;0.88;1.75;0.75;1.13;1.5;100;75;63;50;13;75;75;63;0;0;0;494;15;Y;Y;N;N;N;N;Y
126934;2193;2190;2017;complete;737;9;-1;18,45,47,60;;4;0;4;1;4;5;0;3;1;3;0;0;7;6;5;3;12;9;10;16;49;51;1;3;0;0;0;0;0;0;0;0;0;0;0;0;0;0;0;0;0;0;0;0;0;0;0;0;0;0;0;0;0;0;0;0;0;0;0;0;0;0;0;0;0;0;0;0;0;0;0;0;0;0;0;0;0;0;0;0;0;0;0;0;0;0;0;0;0;0;0;0;4;2;0;2;0;2;2;2017-10-14 18:30:00;2193;0;50;38;13;0;-1;1;-1;-1;-1;-1;-1;-1;1;1;0;2;2;2;-1;0;0;0;0;0;0;0;0;0;0;0;0;0;1;1;0;0;-1;-1;0;0;-1;-1;-1;-1;-1;-1;-1;-1;-1;0;25;38;63;75;38;75;50;13;9.25;3;7.25;2;Palestino;Unión Española;1.5;1.75;1.25;2;0.63;2.25;100;75;63;38;25;63;50;50;0;0;0;494;15;Y;Y;Y;Y;N;N;N
126935;2183;2189;2017;complete;737;9;-1;;12,67;0;2;2;6;3;9;0;0;3;3;0;0;7;6;9;3;16;9;11;16;57;43;3;3;0;0;0;0;0;0;0;0;0;0;0;0;0;0;0;0;0;0;0;0;0;0;0;0;0;0;0;0;0;0;0;0;0;0;0;0;0;0;0;0;0;0;0;0;0;0;0;0;0;0;0;0;0;0;0;0;0;0;0;0;0;0;0;0;0;0;0;0;2;0;1;0;1;1;1;2017-10-14 21:00:00;2189;0;25;25;0;0;-1;1;-1;-1;-1;-1;-1;-1;3;1;0;2;4;2;-1;0;0;0;0;0;0;0;1;0;0;0;1;0;1;1;0;0;-1;-1;1;0;-1;-1;-1;-1;-1;-1;-1;-1;-1;13;13;25;38;63;25;38;50;25;8;3.25;7;1.5;Antofagasta;Universidad Chile;1.25;1.86;2;1;2;1.5;88;88;75;63;38;50;25;25;0;0;0;494;15;Y;Y;N;N;N;N;N
126936;2194;2192;2017;complete;737;9;-1;30,48;;2;0;2;5;5;10;4;0;2;1;0;0;11;9;6;14;17;23;10;12;55;45;2;1;0;0;0;0;0;1.85;0;0;0;0;0;0;0;0;0;0;0;0;0;0;0;0;0;0;0;0;0;0;0;0;0;0;0;0;0;0;0;0;0;0;0;0;0;0;0;0;0;0;0;0;0;0;0;0;0;0;0;0;0;0;0;0;0;0;0;0;0;0;2;1;0;1;0;1;1;2017-10-14 23:30:00;2194;0;25;25;0;0;-1;1;-1;-1;-1;-1;-1;-1;0;0;2;1;0;3;-1;0;0;0;0;0;0;0;0;0;0;0;0;0;1;1;0;0;-1;-1;0;0;-1;-1;-1;-1;-1;-1;-1;-1;-1;0;13;13;25;63;25;38;38;13;9.25;5.5;7.25;1.13;Universidad Católica;Deportes Iquique;1.57;0.63;1.25;1.25;0.88;0.75;100;88;88;75;38;38;38;25;0;0;0;494;15;Y;Y;N;N;N;N;N
126937;2188;2185;2017;complete;737;9;-1;80,90;;2;0;2;5;3;8;1;0;0;1;1;1;5;2;3;2;8;4;13;14;48;52;2;3;0;0;0;0;0;0;0;0;0;0;0;0;0;0;0;0;0;0;0;0;0;0;0;0;0;0;0;0;0;0;0;0;0;0;0;0;0;0;0;0;0;0;0;0;0;0;0;0;0;0;0;0;0;0;0;0;0;0;0;0;0;0;0;0;0;0;0;0;2;0;0;2;0;2;0;2017-10-15 18:30:00;2188;0;50;13;13;0;-1;1;-1;-1;-1;-1;-1;-1;0;0;1;2;0;3;-1;0;0;0;0;0;0;0;0;0;0;0;0;0;1;1;0;0;-1;-1;0;0;-1;-1;-1;-1;-1;-1;-1;-1;-1;13;25;50;75;88;25;75;88;50;7;6.25;6.25;2.5;Colo-Colo;Santiago Wanderers;2.29;1.25;1.75;1.25;1.88;1;88;75;50;25;13;38;25;13;0;0;0;494;15;Y;Y;N;N;N;N;N
126938;2196;2195;2017;complete;737;9;-1;81;;1;0;1;6;3;9;0;2;2;1;1;0;7;4;6;6;13;10;23;14;46;54;4;1;0;0;0;0;0;0;0;0;0;0;0;0;0;0;0;0;0;0;0;0;0;0;0;0;0;0;0;0;0;0;0;0;0;0;0;0;0;0;0;0;0;0;0;0;0;0;0;0;0;0;0;0;0;0;0;0;0;0;0;0;0;0;0;0;0;0;0;0;1;0;0;1;0;1;0;2017-10-15 21:00:00;2196;0;38;25;0;0;-1;1;-1;-1;-1;-1;-1;-1;0;0;3;1;0;4;-1;0;0;0;0;0;0;0;0;0;0;0;0;0;1;1;0;0;-1;-1;0;0;-1;-1;-1;-1;-1;-1;-1;-1;-1;13;25;25;50;75;38;63;38;25;10.5;4.25;9;1.88;Univ. Concepción;Huachipato;1;0.5;0.75;0.25;1.25;1.25;88;75;75;50;25;100;75;63;0;0;0;494;15;Y;N;N;N;N;N;N
126939;2191;2186;2017;complete;737;9;-1;11;18,70;1;2;3;6;2;8;6;3;4;3;1;0;5;10;9;5;14;15;16;16;50;50;5;3;0;0;0;0;0;1.85;0;0;0;0;0;0;0;0;0;0;0;0;0;0;0;0;0;0;0;0;0;0;0;0;0;0;0;0;0;0;0;0;0;0;0;0;0;0;0;0;0;0;0;0;0;0;0;0;0;0;0;0;0;0;0;0;0;0;0;0;0;0;3;1;1;0;1;1;2;2017-10-15 23:30:00;2186;0;75;46;29;0;-1;1;-1;-1;-1;-1;-1;-1;1;0;4;3;1;7;-1;0;0;0;0;0;0;0;0;1;0;1;0;0;1;1;0;0;-1;-1;0;0;-1;-1;-1;-1;-1;-1;-1;-1;-1;0;29;59;100;100;46;71;84;29;12.42;4.75;5.83;2.88;O'Higgins;Audax Italiano;1.13;1.71;0.75;1.33;0.63;1.75;100;71;42;0;0;71;59;59;0;0;0;494;15;Y;Y;Y;N;N;N;Y
126940;2186;2188;2017;complete;737;10;-1;;8,61,90;0;3;3;2;1;3;1;2;4;4;0;0;7;11;4;6;11;17;16;20;58;42;4;4;0;0;0;0;0;0;0;0;0;0;0;0;0;0;0;0;0;0;0;0;0;0;0;0;0;0;0;0;0;0;0;0;0;0;0;0;0;0;0;0;0;0;0;0;0;0;0;0;0;0;0;0;0;0;0;0;0;0;0;0;0;0;0;0;0;0;0;0;3;0;1;0;2;2;1;2017-10-21 21:00:00;2188;0;78;45;20;0;-1;1;-1;-1;-1;-1;-1;-1;2;3;2;1;5;3;-1;0;0;0;0;0;0;0;0;0;0;0;0;0;1;1;0;1;-1;-1;1;2;-1;-1;-1;-1;-1;-1;-1;-1;-1;0;33;63;88;100;55;88;78;30;7.55;4.35;6.25;2.83;Audax Italiano;Colo-Colo;1.63;2.13;2;2;1.89;2;100;68;38;13;0;53;33;20;0;0;0;494;15;Y;Y;Y;N;N;N;N
126941;2195;2194;2017;complete;737;10;-1;59,64,85;17;3;1;4;4;6;10;2;0;2;2;0;1;8;4;6;7;14;11;18;16;53;47;2;4;0;0;0;0;0;0;0;0;0;0;0;0;0;0;0;0;0;0;0;0;0;0;0;0;0;0;0;0;0;0;0;0;0;0;0;0;0;0;0;0;0;0;0;0;0;0;0;0;0;0;0;0;0;0;0;0;0;0;0;0;0;0;0;0;0;0;0;0;4;0;1;3;0;3;1;2017-10-21 18:30:00;2195;0;38;25;13;0;-1;1;-1;-1;-1;-1;-1;-1;0;2;2;1;2;3;-1;0;0;0;0;0;0;0;0;0;0;0;0;0;1;1;0;0;-1;-1;0;0;-1;-1;-1;-1;-1;-1;-1;-1;-1;0;13;25;38;100;25;50;63;13;10.5;6;8.25;1.75;Huachipato;Universidad Católica;1.71;0.63;2.25;0.5;1.11;1.11;100;88;75;63;0;75;50;25;0;0;0;494;15;Y;Y;Y;Y;N;N;Y
126942;2182;2183;2017;complete;737;10;-1;13;23,61,90;1;3;4;2;5;7;0;4;4;4;1;0;6;9;2;9;8;18;22;18;41;59;6;4;0;0;0;0;0;1.75;0;0;0;0;0;0;0;0;0;0;0;0;0;0;0;0;0;0;0;0;0;0;0;0;0;0;0;0;0;0;0;0;0;0;0;0;0;0;0;0;0;0;0;0;0;0;0;0;0;0;0;0;0;0;0;0;0;0;0;0;0;0;4;1;1;0;2;2;2;2017-10-21 23:30:00;2183;0;13;13;0;0;-1;1;-1;-1;-1;-1;-1;-1;3;2;2;2;5;4;-1;0;0;0;0;0;0;0;0;0;0;0;0;0;1;1;0;0;-1;-1;0;0;-1;-1;-1;-1;-1;-1;-1;-1;-1;0;0;13;63;75;13;38;75;25;8.75;5;6.25;1.5;San Luis;Antofagasta;1.57;1.57;2.25;2;1.44;1.78;100;100;88;38;25;75;50;38;0;0;0;494;15;Y;Y;Y;Y;N;N;Y
126943;2185;2187;2017;complete;737;10;-1;5,21,42;23,37,82;3;3;6;3;9;12;4;1;3;3;0;0;9;12;8;11;17;23;15;6;40;60;3;3;0;0;0;0;0;1.95;0;0;0;0;0;0;0;0;0;0;0;0;0;0;0;0;0;0;0;0;0;0;0;0;0;0;0;0;0;0;0;0;0;0;0;0;0;0;0;0;0;0;0;0;0;0;0;0;0;0;0;0;0;0;0;0;0;0;0;0;0;0;6;3;2;0;1;1;5;2017-10-22 15:00:00;-1;0;45;20;25;0;-1;1;-1;-1;-1;-1;-1;-1;2;2;1;1;4;2;-1;0;0;0;0;0;0;0;0;0;0;0;0;0;1;1;1;0;-1;-1;1;0;-1;-1;-1;-1;-1;-1;-1;-1;-1;0;23;33;55;75;30;30;65;25;11.45;5.7;6.25;1.85;Santiago Wanderers;Everton;0.71;1.5;0.75;1.6;0.89;1.78;100;78;68;45;25;78;65;53;0;0;0;494;15;Y;Y;Y;Y;Y;Y;Y
126944;2181;2190;2017;complete;737;10;-1;;52;0;1;1;4;2;6;2;1;4;3;0;1;3;6;7;7;10;13;21;13;63;37;4;5;0;0;0;0;0;0;0;0;0;0;0;0;0;0;0;0;0;0;0;0;0;0;0;0;0;0;0;0;0;0;0;0;0;0;0;0;0;0;0;0;0;0;0;0;0;0;0;0;0;0;0;0;0;0;0;0;0;0;0;0;0;0;0;0;0;0;0;0;1;0;0;0;1;1;0;2017-10-22 21:00:00;2190;0;25;0;0;0;-1;1;-1;-1;-1;-1;-1;-1;0;1;4;3;1;7;-1;0;0;0;0;0;0;0;0;0;0;0;0;0;1;1;0;0;-1;-1;0;0;-1;-1;-1;-1;-1;-1;-1;-1;-1;0;10;10;45;80;10;55;70;10;11.15;2.75;7.9;1.45;Curicó Unido;Unión Española;1.38;1.75;0.5;1.6;1;2;100;90;90;55;20;68;58;45;0;0;0;494;15;Y;N;N;N;N;N;N
126945;2189;2193;2017;complete;737;10;-1;65,74;26;2;1;3;10;1;11;1;0;1;1;0;0;6;4;4;5;10;9;13;19;67;33;1;1;0;0;0;0;0;1.57;0;0;0;0;0;0;0;0;0;0;0;0;0;0;0;0;0;0;0;0;0;0;0;0;0;0;0;0;0;0;0;0;0;0;0;0;0;0;0;0;0;0;0;0;0;0;0;0;0;0;0;0;0;0;0;0;0;0;0;0;0;0;3;0;1;2;0;2;1;2017-10-22 23:30:00;2189;0;100;50;38;0;-1;1;-1;-1;-1;-1;-1;-1;0;0;1;1;0;2;-1;0;0;0;0;0;0;0;1;0;1;0;0;0;1;1;0;0;-1;-1;0;0;-1;-1;-1;-1;-1;-1;-1;-1;-1;13;50;100;100;100;63;75;100;50;14;6.5;6;3.63;Universidad Chile;Palestino;2.13;0.14;2;0;1.67;0.89;88;50;0;0;0;75;50;38;0;0;0;494;15;Y;Y;Y;N;N;N;Y
126946;2196;2191;2017;complete;737;10;-1;74,81;52,60;2;2;4;7;6;13;5;1;1;5;0;0;3;3;0;0;3;3;12;15;43;57;1;5;0;0;0;0;0;0;0;0;0;0;0;0;0;0;0;0;0;0;0;0;0;0;0;0;0;0;0;0;0;0;0;0;0;0;0;0;0;0;0;0;0;0;0;0;0;0;0;0;0;0;0;0;0;0;0;0;0;0;0;0;0;0;0;0;0;0;0;0;4;0;0;2;2;4;0;2017-10-22 18:30:00;-1;0;58;23;0;0;-1;1;-1;-1;-1;-1;-1;-1;0;2;1;3;2;4;-1;0;0;0;0;0;0;0;0;0;0;0;0;0;1;1;0;0;-1;-1;0;0;-1;-1;-1;-1;-1;-1;-1;-1;-1;0;23;35;70;90;45;68;70;35;9.35;3.65;8.55;2.18;Univ. Concepción;O'Higgins;1;0.86;1.2;0.5;1.44;0.56;100;78;65;30;10;88;65;43;0;0;0;494;15;Y;Y;Y;Y;N;N;Y
126947;2192;2184;2017;complete;737;10;-1;;57;0;1;1;9;3;12;3;2;4;4;1;0;0;2;2;0;2;2;22;18;58;42;6;4;0;0;0;0;0;2;0;0;0;0;0;0;0;0;0;0;0;0;0;0;0;0;0;0;0;0;0;0;0;0;0;0;0;0;0;0;0;0;0;0;0;0;0;0;0;0;0;0;0;0;0;0;0;0;0;0;0;0;0;0;0;0;0;0;0;0;0;0;1;0;0;0;1;1;0;2017-10-21 15:00:00;2184;0;63;13;25;0;-1;1;-1;-1;-1;-1;-1;-1;2;1;3;3;3;6;-1;0;0;0;0;0;0;0;0;1;0;1;0;0;1;1;0;0;-1;-1;0;0;-1;-1;-1;-1;-1;-1;-1;-1;-1;0;25;50;75;100;13;75;100;38;8.25;5.5;6.5;2.5;Deportes Iquique;Deportes Temuco;0.57;1;0.25;0.5;0.67;1.11;100;75;50;25;0;75;50;25;0;0;0;494;15;Y;N;N;N;N;N;N
126948;2184;2188;2017;complete;737;11;-1;86;;1;0;1;4;3;7;3;0;2;3;0;3;6;3;8;9;14;12;14;13;58;42;2;7;0;0;0;0;0;0;0;0;0;0;0;0;0;0;0;0;0;0;0;0;0;0;0;0;0;0;0;0;0;0;0;0;0;0;0;0;0;0;0;0;0;0;0;0;0;0;0;0;0;0;0;0;0;0;0;0;0;0;0;0;0;0;0;0;0;0;0;0;1;0;0;1;0;1;0;2017-10-28 22:00:00;2184;0;40;20;0;0;-1;1;-1;-1;-1;-1;-1;-1;1;2;1;4;3;5;-1;0;0;0;0;0;0;0;2;0;1;0;1;0;1;1;0;0;-1;-1;0;0;-1;-1;-1;-1;-1;-1;-1;-1;-1;0;10;20;60;90;20;60;70;20;11;6;5;1.8;Deportes Temuco;Colo-Colo;1.88;2.13;1.6;2.2;1.3;2.1;100;90;80;40;10;60;60;40;0;0;0;494;15;Y;N;N;N;N;N;N
126949;2189;2194;2017;complete;737;11;-1;30;;1;0;1;2;4;6;2;6;1;3;0;0;2;9;2;10;4;19;15;15;49;51;1;3;0;0;0;0;0;0;0;0;0;0;0;0;0;0;0;0;0;0;0;0;0;0;0;0;0;0;0;0;0;0;0;0;0;0;0;0;0;0;0;0;0;0;0;0;0;0;0;0;0;0;0;0;0;0;0;0;0;0;0;0;0;0;0;0;0;0;0;0;1;1;0;0;0;0;1;2017-10-28 22:00:00;2189;0;80;40;10;0;-1;1;-1;-1;-1;-1;-1;-1;0;2;1;1;2;2;-1;0;0;0;0;0;0;0;0;0;0;0;0;0;1;1;0;0;-1;-1;0;0;-1;-1;-1;-1;-1;-1;-1;-1;-1;10;50;70;80;100;50;80;80;40;12.2;6;6;3.1;Universidad Chile;Universidad Católica;2.13;0.63;2.2;0.4;1.8;1;90;50;30;20;0;90;50;10;0;0;0;494;15;Y;N;N;N;N;N;N
126950;2190;2192;2017;complete;737;11;-1;22,35,60,67;4,81;4;2;6;7;7;14;4;5;2;2;0;0;7;5;4;7;11;12;11;8;45;55;2;2;0;0;0;0;0;0;0;0;0;0;0;0;0;0;0;0;0;0;0;0;0;0;0;0;0;0;0;0;0;0;0;0;0;0;0;0;0;0;0;0;0;0;0;0;0;0;0;0;0;0;0;0;0;0;0;0;0;0;0;0;0;0;0;0;0;0;0;0;6;2;1;2;1;3;3;2017-10-28 22:00:00;2190;0;10;10;0;0;-1;1;-1;-1;-1;-1;-1;-1;1;0;1;2;1;3;-1;0;0;0;0;0;0;0;0;0;0;0;0;0;1;1;0;1;-1;-1;0;0;-1;-1;-1;-1;-1;-1;-1;-1;-1;0;10;10;20;68;10;33;55;10;8.45;4.55;7.9;1.08;Unión Española;Deportes Iquique;2.43;0.63;2.5;1;2.1;0.6;100;90;90;80;33;58;45;0;0;0;0;494;15;Y;Y;Y;Y;Y;Y;Y
126951;2181;2182;2017;complete;737;11;-1;38;;1;0;1;2;6;8;1;1;3;3;0;1;4;4;4;4;8;8;21;20;51;49;3;4;0;0;0;0;0;0;0;0;0;0;0;0;0;0;0;0;0;0;0;0;0;0;0;0;0;0;0;0;0;0;0;0;0;0;0;0;0;0;0;0;0;0;0;0;0;0;0;0;0;0;0;0;0;0;0;0;0;0;0;0;0;0;0;0;0;0;0;0;1;1;0;0;0;0;1;2017-10-28 22:00:00;2181;0;40;10;0;0;-1;1;-1;-1;-1;-1;-1;-1;1;1;2;3;2;5;-1;0;0;0;0;0;0;0;0;0;0;0;0;0;1;1;0;0;-1;-1;0;0;-1;-1;-1;-1;-1;-1;-1;-1;-1;0;20;30;60;100;20;60;100;20;10.2;2.2;8.4;2.1;Curicó Unido;San Luis;1.38;0.88;0.4;0.8;0.9;1.3;100;80;70;40;0;60;60;50;0;0;0;494;15;Y;N;N;N;N;N;N
126952;2191;2185;2017;complete;737;11;-1;;8,29,52;0;3;3;4;3;7;1;5;4;0;0;0;3;3;8;3;11;6;10;13;64;36;4;0;0;0;0;0;0;0;0;0;0;0;0;0;0;0;0;0;0;0;0;0;0;0;0;0;0;0;0;0;0;0;0;0;0;0;0;0;0;0;0;0;0;0;0;0;0;0;0;0;0;0;0;0;0;0;0;0;0;0;0;0;0;0;0;0;0;0;0;0;3;0;2;0;1;1;2;2017-10-28 22:00:00;2185;0;50;20;10;0;-1;1;-1;-1;-1;-1;-1;-1;1;0;3;0;1;3;-1;0;0;0;0;0;0;0;0;0;0;0;0;0;1;1;0;1;-1;-1;1;0;-1;-1;-1;-1;-1;-1;-1;-1;-1;0;20;40;90;100;30;70;100;30;8.8;5.4;5.6;2.5;O'Higgins;Santiago Wanderers;1.13;1.25;0.6;1;0.6;0.9;100;80;60;10;0;50;40;30;0;0;0;494;15;Y;Y;Y;N;N;N;N
126953;2183;2186;2017;complete;737;11;-1;47;34;1;1;2;6;4;10;4;2;1;3;0;1;8;4;8;3;16;7;10;17;59;41;1;5;0;0;0;0;0;0;0;0;0;0;0;0;0;0;0;0;0;0;0;0;0;0;0;0;0;0;0;0;0;0;0;0;0;0;0;0;0;0;0;0;0;0;0;0;0;0;0;0;0;0;0;0;0;0;0;0;0;0;0;0;0;0;0;0;0;0;0;0;2;0;1;1;0;1;1;2017-10-28 22:00:00;-1;0;60;48;13;0;-1;1;-1;-1;-1;-1;-1;-1;0;3;1;1;3;2;-1;0;0;0;0;0;0;0;0;1;0;1;0;0;1;1;0;0;-1;-1;0;0;-1;-1;-1;-1;-1;-1;-1;-1;-1;0;13;48;70;80;48;68;58;13;9.9;4.2;5.85;2.1;Antofagasta;Audax Italiano;1.25;1.71;1.6;1.75;1.9;1.7;100;88;53;30;20;55;35;35;0;0;0;494;15;Y;Y;N;N;N;N;Y
126954;2193;2195;2017;complete;737;11;-1;;9;0;1;1;2;5;7;1;6;4;4;0;0;2;6;8;15;10;21;13;20;53;47;4;4;0;0;0;0;0;0;0;0;0;0;0;0;0;0;0;0;0;0;0;0;0;0;0;0;0;0;0;0;0;0;0;0;0;0;0;0;0;0;0;0;0;0;0;0;0;0;0;0;0;0;0;0;0;0;0;0;0;0;0;0;0;0;0;0;0;0;0;0;1;0;1;0;0;0;1;2017-10-28 22:00:00;2195;0;50;40;10;0;-1;1;-1;-1;-1;-1;-1;-1;2;2;2;2;4;4;-1;0;0;0;0;0;0;0;0;1;0;0;0;1;1;1;0;1;-1;-1;0;0;-1;-1;-1;-1;-1;-1;-1;-1;-1;10;40;50;70;90;50;70;70;30;7.6;2.4;6.6;2.6;Palestino;Huachipato;1.5;0.5;1.6;0.2;0.8;1.3;90;60;50;30;10;70;40;40;0;0;0;494;15;Y;N;N;N;N;N;N
126955;2187;2196;2017;complete;737;11;-1;76,90;87;2;1;3;6;3;9;8;1;3;5;0;1;8;8;6;5;14;13;19;20;58;42;3;7;0;0;0;0;0;0;0;0;0;0;0;0;0;0;0;0;0;0;0;0;0;0;0;0;0;0;0;0;0;0;0;0;0;0;0;0;0;0;0;0;0;0;0;0;0;0;0;0;0;0;0;0;0;0;0;0;0;0;0;0;0;0;0;0;0;0;0;0;3;0;0;2;1;3;0;2017-10-28 22:00:00;2187;0;50;0;25;0;-1;1;-1;-1;-1;-1;-1;-1;0;3;3;3;3;6;-1;0;0;0;0;0;0;0;1;0;1;0;0;0;1;1;0;0;-1;-1;0;0;-1;-1;-1;-1;-1;-1;-1;-1;-1;0;38;50;75;88;13;75;75;50;9.75;5.75;4.5;2.5;Everton;Univ. Concepción;2;1.29;2;1.75;1.7;1.4;100;63;50;25;13;75;75;50;0;0;0;494;15;Y;Y;Y;N;N;N;Y
126956;2185;2189;2017;complete;737;12;-1;;51;0;1;1;4;5;9;2;2;3;3;0;1;4;3;13;11;17;14;18;14;52;48;3;4;0;0;0;0;0;0;0;0;0;0;0;0;0;0;0;0;0;0;0;0;0;0;0;0;0;0;0;0;0;0;0;0;0;0;0;0;0;0;0;0;0;0;0;0;0;0;0;0;0;0;0;0;0;0;0;0;0;0;0;0;0;0;0;0;0;0;0;0;1;0;0;0;1;1;0;2017-11-04 23:00:00;2189;0;40;20;20;0;-1;1;-1;-1;-1;-1;-1;-1;1;1;2;3;2;5;-1;0;0;0;0;0;0;0;0;0;0;0;0;0;1;1;0;0;-1;-1;0;0;-1;-1;-1;-1;-1;-1;-1;-1;-1;20;30;30;60;70;20;30;70;40;8.6;5;7.4;2.2;Santiago Wanderers;Universidad Chile;0.71;1.86;0.8;1.4;1.09;1.91;80;70;70;40;30;70;40;30;0;0;0;494;15;Y;N;N;N;N;N;N
126957;2184;2183;2017;complete;737;12;-1;66;;1;0;1;0;6;6;4;1;2;3;0;0;2;5;4;2;6;7;12;16;56;44;2;3;0;0;0;0;0;0;0;0;0;0;0;0;0;0;0;0;0;0;0;0;0;0;0;0;0;0;0;0;0;0;0;0;0;0;0;0;0;0;0;0;0;0;0;0;0;0;0;0;0;0;0;0;0;0;0;0;0;0;0;0;0;0;0;0;0;0;0;0;1;0;0;1;0;1;0;2017-11-04 23:00:00;2184;0;19;10;0;0;-1;1;-1;-1;-1;-1;-1;-1;0;2;2;1;2;3;-1;0;0;0;0;0;0;0;1;0;1;0;0;0;1;1;0;0;-1;-1;0;0;-1;-1;-1;-1;-1;-1;-1;-1;-1;0;10;10;37;72;10;37;64;19;11.77;5.73;5.67;1.29;Deportes Temuco;Antofagasta;1.88;1.57;1.83;2.2;1.45;1.82;100;90;90;64;29;82;72;54;0;0;0;494;15;Y;N;N;N;N;N;N
126958;2194;2182;2017;complete;737;12;-1;;45,78;0;2;2;6;4;10;2;4;2;3;0;1;0;3;5;3;5;6;9;15;64;36;2;4;0;0;0;0;0;0;0;0;0;0;0;0;0;0;0;0;0;0;0;0;0;0;0;0;0;0;0;0;0;0;0;0;0;0;0;0;0;0;0;0;0;0;0;0;0;0;0;0;0;0;0;0;0;0;0;0;0;0;0;0;0;0;0;0;0;0;0;0;2;0;1;0;1;1;1;2017-11-04 23:00:00;2182;0;27;19;0;0;-1;1;-1;-1;-1;-1;-1;-1;1;1;1;3;2;4;-1;0;0;0;0;0;0;0;0;0;0;0;0;0;1;1;0;0;-1;-1;0;0;-1;-1;-1;-1;-1;-1;-1;-1;-1;0;17;25;54;90;27;72;62;17;9.53;3.57;7;1.85;Universidad Católica;San Luis;1.57;0.88;1.6;0.67;0.91;1.18;100;84;75;47;10;55;55;45;0;0;0;494;15;Y;Y;N;N;N;N;N
126959;2195;2187;2017;complete;737;12;-1;80;78,90;1;2;3;6;9;15;3;2;3;1;0;0;6;11;5;9;11;20;12;7;51;49;3;1;0;0;0;0;0;0;0;0;0;0;0;0;0;0;0;0;0;0;0;0;0;0;0;0;0;0;0;0;0;0;0;0;0;0;0;0;0;0;0;0;0;0;0;0;0;0;0;0;0;0;0;0;0;0;0;0;0;0;0;0;0;0;0;0;0;0;0;0;3;0;0;1;2;3;0;2017-11-04 23:00:00;2187;0;45;35;0;0;-1;1;-1;-1;-1;-1;-1;-1;0;0;3;1;0;4;-1;0;0;0;0;0;0;0;0;1;0;1;0;0;1;1;0;0;-1;-1;0;0;-1;-1;-1;-1;-1;-1;-1;-1;-1;9;27;45;54;100;44;64;82;10;12.67;4.6;6.8;2.42;Huachipato;Everton;1.71;1.5;2.4;1.5;1.45;1.82;92;74;55;47;0;72;72;62;0;0;0;494;15;Y;Y;Y;N;N;N;Y
126960;2188;2190;2017;complete;737;12;-1;10,32,37,63,70;15,66;5;2;7;7;6;13;2;2;1;1;0;0;5;8;6;3;11;11;15;15;51;49;1;1;0;0;0;0;0;0;0;0;0;0;0;0;0;0;0;0;0;0;0;0;0;0;0;0;0;0;0;0;0;0;0;0;0;0;0;0;0;0;0;0;0;0;0;0;0;0;0;0;0;0;0;0;0;0;0;0;0;0;0;0;0;0;0;0;0;0;0;0;7;3;1;2;1;3;4;2017-11-04 23:00:00;2188;0;20;10;10;0;-1;1;-1;-1;-1;-1;-1;-1;1;0;0;1;1;1;-1;0;0;0;0;0;0;0;2;0;2;0;0;0;1;1;1;0;-1;-1;1;0;-1;-1;-1;-1;-1;-1;-1;-1;-1;10;19;39;57;74;19;55;65;49;8.2;4.23;7.07;1.97;Colo-Colo;Unión Española;2.29;1.75;2;1.83;1.91;2.18;90;82;62;44;27;35;17;17;0;0;0;494;15;Y;Y;Y;Y;Y;Y;Y
126961;2196;2193;2017;complete;737;12;-1;19;66;1;1;2;4;1;5;3;3;2;4;0;0;6;2;3;5;9;7;21;16;55;45;2;4;0;0;0;0;0;0;0;0;0;0;0;0;0;0;0;0;0;0;0;0;0;0;0;0;0;0;0;0;0;0;0;0;0;0;0;0;0;0;0;0;0;0;0;0;0;0;0;0;0;0;0;0;0;0;0;0;0;0;0;0;0;0;0;0;0;0;0;0;2;1;0;0;1;1;1;2017-11-04 23:00:00;-1;0;75;19;39;0;-1;1;-1;-1;-1;-1;-1;-1;2;2;0;2;4;2;-1;0;0;0;0;0;0;0;0;0;0;0;0;0;1;1;0;0;-1;-1;0;0;-1;-1;-1;-1;-1;-1;-1;-1;-1;0;27;67;75;92;27;55;75;57;12.27;4.83;7.37;2.6;Univ. Concepción;Palestino;1;0.14;1.17;0;1.27;0.73;100;74;34;25;9;90;82;74;0;0;0;494;15;Y;Y;N;N;N;N;Y
126962;2186;2181;2017;complete;737;12;-1;71,90;;2;0;2;3;4;7;2;2;4;3;0;2;8;6;8;5;16;11;25;15;50;50;4;6;0;0;0;0;0;0;0;0;0;0;0;0;0;0;0;0;0;0;0;0;0;0;0;0;0;0;0;0;0;0;0;0;0;0;0;0;0;0;0;0;0;0;0;0;0;0;0;0;0;0;0;0;0;0;0;0;0;0;0;0;0;0;0;0;0;0;0;0;2;0;0;2;0;2;0;2017-11-04 23:00:00;2186;0;54;27;17;0;-1;1;-1;-1;-1;-1;-1;-1;2;2;2;3;4;5;-1;0;0;0;0;0;0;0;1;0;1;0;0;0;1;1;0;0;-1;-1;1;0;-1;-1;-1;-1;-1;-1;-1;-1;-1;0;17;60;70;100;35;90;72;34;7.3;2.9;6.57;2.47;Audax Italiano;Curicó Unido;1.63;1;1.67;1.4;1.64;1.09;100;84;40;30;0;64;47;47;0;0;0;494;15;Y;Y;N;N;N;N;N
126963;2192;2191;2017;complete;737;12;-1;;65;0;1;1;13;2;15;9;9;2;3;0;0;6;0;8;5;14;5;10;19;56;44;2;3;0;0;0;0;0;0;0;0;0;0;0;0;0;0;0;0;0;0;0;0;0;0;0;0;0;0;0;0;0;0;0;0;0;0;0;0;0;0;0;0;0;0;0;0;0;0;0;0;0;0;0;0;0;0;0;0;0;0;0;0;0;0;0;0;0;0;0;0;1;0;0;0;1;1;0;2017-11-04 23:00:00;2191;0;50;10;10;0;-1;1;-1;-1;-1;-1;-1;-1;0;1;2;2;1;4;-1;0;0;0;0;0;0;0;0;0;0;0;0;0;1;1;0;0;-1;-1;0;1;-1;-1;-1;-1;-1;-1;-1;-1;-1;0;30;40;70;100;20;50;100;40;9.2;3.8;8;2.4;Deportes Iquique;O'Higgins;0.57;0.86;0.2;0.6;0.55;0.55;100;70;60;30;0;80;70;40;0;0;0;494;15;Y;N;N;N;N;N;N
126964;2187;2188;2017;complete;737;13;-1;4,79;19,66,90;2;3;5;4;5;9;2;1;2;4;0;0;8;9;9;9;17;18;14;16;46;54;2;4;3.05;3.45;2.2;1.03;1.24;1.77;2.9;0;0;0;0;0;0;1.69;2.15;0;0;0;0;0;0;0;0;0;0;0;0;0;0;0;0;0;0;0;0;0;0;0;0;0;0;0;0;0;0;0;0;0;0;0;0;0;0;0;0;0;0;0;0;0;0;0;0;0;0;0;0;0;5;1;1;1;2;3;2;2017-11-26 15:00:00;2188;0;65;17;20;0;-1;1;-1;-1;-1;-1;-1;-1;0;1;2;3;1;5;-1;0;0;0;0;0;0;0;0;0;0;0;0;0;1;1;1;0;-1;-1;0;0;-1;-1;-1;-1;-1;-1;-1;-1;-1;0;29;47;84;100;27;64;92;39;8.97;7.37;5.6;2.59;Everton;Colo-Colo;2;2.13;2.2;1.83;1.92;2;100;72;54;17;0;49;39;30;0;0;0;494;15;Y;Y;Y;Y;Y;N;Y
126965;2191;2194;2017;complete;737;13;-1;58,68,90;74;3;1;4;2;4;6;0;1;3;1;0;0;6;6;2;9;8;15;14;12;38;62;3;1;3;3.4;2.2;1.03;1.24;1.77;2.9;0;0;0;0;0;0;1.69;2.15;0;0;0;0;0;0;0;0;0;0;0;0;0;0;0;0;0;0;0;0;0;0;0;0;0;0;0;0;0;0;0;0;0;0;0;0;0;0;0;0;0;0;0;0;0;0;0;0;0;0;0;0;0;4;0;0;3;1;4;0;2017-11-25 22:30:00;2191;0;50;25;17;0;-1;1;-1;-1;-1;-1;-1;-1;0;0;3;1;0;4;-1;0;0;0;0;0;0;0;0;1;0;0;0;1;1;1;0;0;-1;-1;0;0;-1;-1;-1;-1;-1;-1;-1;-1;-1;0;25;50;75;100;34;75;75;25;9.83;5.5;7;2.5;O'Higgins;Universidad Católica;1.13;0.63;0.5;0.33;0.75;0.83;100;75;50;25;0;67;42;17;0;0;0;494;15;Y;Y;Y;Y;N;N;Y
126966;2193;2192;2017;complete;737;13;-1;6;;1;0;1;1;5;6;4;3;4;3;0;0;5;5;5;4;10;9;19;14;45;55;4;3;0;0;0;0;0;0;0;0;0;0;0;0;0;0;0;0;0;0;0;0;0;0;0;0;0;0;0;0;0;0;0;0;0;0;0;0;0;0;0;0;0;0;0;0;0;0;0;0;0;0;0;0;0;0;0;0;0;0;0;0;0;0;0;0;0;0;0;0;1;1;0;0;0;0;1;2017-11-25 15:00:00;2193;0;50;42;17;0;-1;1;-1;-1;-1;-1;-1;-1;1;1;3;2;2;5;-1;0;0;0;0;0;0;0;0;0;0;0;0;0;1;1;1;0;-1;-1;0;0;-1;-1;-1;-1;-1;-1;-1;-1;-1;9;42;50;67;84;50;75;67;33;8.34;4.17;6.5;2.59;Palestino;Deportes Iquique;1.5;0.63;1.33;0.83;0.75;0.5;92;59;50;34;17;42;42;25;0;0;0;494;15;Y;N;N;N;N;N;N
126967;2183;2185;2017;complete;737;13;-1;24,41;16,80;2;2;4;4;7;11;4;1;1;1;0;0;4;6;5;4;9;10;11;10;46;54;1;1;2;3.2;3.75;1.06;1.38;2.15;4;0;0;0;0;0;0;2.05;1.8;0;0;0;0;0;0;0;0;0;0;0;0;0;0;0;0;0;0;0;0;0;0;0;0;0;0;0;0;0;0;0;0;0;0;0;0;0;0;0;0;0;0;0;0;0;0;0;0;0;0;0;0;0;4;2;1;0;1;1;3;2017-11-26 21:00:00;-1;0;33;9;0;0;-1;1;-1;-1;-1;-1;-1;-1;0;0;1;1;0;2;-1;0;0;0;0;0;0;0;0;0;0;0;0;0;1;1;0;0;-1;-1;0;0;-1;-1;-1;-1;-1;-1;-1;-1;-1;0;9;25;67;84;25;67;75;17;7.67;4.84;4.5;1.83;Antofagasta;Santiago Wanderers;1.25;1.25;1.5;1.33;1.67;1;100;92;75;34;17;50;33;17;0;0;0;494;15;Y;Y;Y;Y;N;N;Y
126968;2189;2186;2017;complete;737;13;-1;;1,14,22;0;3;3;8;4;12;0;2;4;4;2;0;6;7;12;9;18;16;14;27;55;45;8;4;1.8;3.65;4.1;1.02;1.22;1.71;2.75;0;0;0;0;0;0;1.71;2.1;0;0;0;0;0;0;0;0;0;0;0;0;0;0;0;0;0;0;0;0;0;0;0;0;0;0;0;0;0;0;0;0;0;0;0;0;0;0;0;0;0;0;0;0;0;0;0;0;0;0;0;0;0;3;0;3;0;0;0;3;2017-11-25 20:00:00;2186;0;92;55;10;0;-1;1;-1;-1;-1;-1;-1;-1;2;2;4;2;4;6;-1;0;0;0;0;0;0;0;0;0;0;0;0;0;1;1;0;1;-1;-1;1;1;-1;-1;-1;-1;-1;-1;-1;-1;-1;9;35;72;92;100;64;90;82;27;12.03;5.97;5.43;3.07;Universidad Chile;Audax Italiano;2.13;1.71;2.33;1.6;2;1.75;92;65;29;9;0;64;47;29;0;0;0;494;15;Y;Y;Y;N;N;N;N
126969;2181;2195;2017;complete;737;13;-1;60;;1;0;1;7;3;10;3;2;3;6;0;0;9;4;8;9;17;13;13;15;44;56;3;6;2.1;3.2;3.45;1.05;1.35;2.05;3.7;0;0;0;0;0;0;1.95;1.87;0;0;0;0;0;0;0;0;0;0;0;0;0;0;0;0;0;0;0;0;0;0;0;0;0;0;0;0;0;0;0;0;0;0;0;0;0;0;0;0;0;0;0;0;0;0;0;0;0;0;0;0;0;1;0;0;1;0;1;0;2017-11-26 01:00:00;2181;0;25;9;0;0;-1;1;-1;-1;-1;-1;-1;-1;0;1;3;5;1;8;-1;0;0;0;0;0;0;0;0;0;0;0;0;0;1;1;0;0;-1;-1;0;0;-1;-1;-1;-1;-1;-1;-1;-1;-1;9;9;9;33;92;9;50;67;9;9.33;3.17;7.67;1.5;Curicó Unido;Huachipato;1.38;0.5;0.83;0.67;1;1.33;92;92;92;67;9;67;42;33;0;0;0;494;15;Y;N;N;N;N;N;N
126970;2182;2196;2017;complete;737;13;-1;;;0;0;0;0;5;5;3;4;1;2;0;0;10;3;12;10;22;13;23;21;55;45;1;2;2.3;3.2;3;1.05;1.34;2.05;3.6;0;0;0;0;0;0;1.91;1.91;0;0;0;0;0;0;0;0;0;0;0;0;0;0;0;0;0;0;0;0;0;0;0;0;0;0;0;0;0;0;0;0;0;0;0;0;0;0;0;0;0;0;0;0;0;0;0;0;0;0;0;0;0;0;0;0;0;0;0;0;2017-11-24 22:30:00;-1;0;40;20;20;0;-1;1;-1;-1;-1;-1;-1;-1;1;0;0;2;1;2;-1;0;0;0;0;0;0;0;0;0;0;0;0;0;1;1;0;0;-1;-1;0;0;-1;-1;-1;-1;-1;-1;-1;-1;-1;0;20;50;80;90;20;60;80;60;7.6;3.6;7;2.4;San Luis;Univ. Concepción;1.57;1.29;1.8;1.4;1.33;1.25;100;80;50;20;10;60;40;20;0;0;0;494;15;N;N;N;N;N;N;N
126971;2190;2184;2017;complete;737;13;-1;45;60;1;1;2;4;5;9;1;3;2;2;0;0;9;7;13;7;22;14;12;9;52;48;2;2;1.83;3.45;4.25;1.04;1.31;1.95;3.4;0;0;0;0;0;0;1.91;1.91;0;0;0;0;0;0;0;0;0;0;0;0;0;0;0;0;0;0;0;0;0;0;0;0;0;0;0;0;0;0;0;0;0;0;0;0;0;0;0;0;0;0;0;0;0;0;0;0;0;0;0;0;0;2;1;0;0;1;1;1;2017-11-26 23:30:00;-1;0;50;20;30;0;-1;1;-1;-1;-1;-1;-1;-1;2;1;0;1;3;1;-1;0;0;0;0;0;0;0;0;0;0;0;0;0;1;1;0;0;-1;-1;0;0;-1;-1;-1;-1;-1;-1;-1;-1;-1;10;20;40;50;90;20;60;80;30;8;5;7.2;2.2;Unión Española;Deportes Temuco;2.43;1;2.6;1;2;1.58;90;80;60;50;10;80;50;30;0;0;0;494;15;Y;Y;N;N;N;N;Y
126972;2196;2189;2017;complete;737;14;-1;84;25,40,59;1;3;4;3;4;7;0;2;2;3;1;0;5;6;5;5;10;11;14;17;47;53;4;3;3.25;3.4;2.1;1.04;1.29;1.91;3.25;0;0;0;0;0;0;1.83;2;0;0;0;0;0;0;0;0;0;0;0;0;0;0;0;0;0;0;0;0;0;0;0;0;0;0;0;0;0;0;0;0;0;0;0;0;0;0;0;0;0;0;0;0;0;0;0;0;0;0;0;0;0;4;0;2;1;1;2;2;2017-12-03 20:30:00;2189;0;37;16;7;0;-1;1;-1;-1;-1;-1;-1;-1;1;1;2;2;2;4;-1;0;0;0;0;0;0;0;0;0;0;0;0;0;1;1;0;0;-1;-1;1;0;-1;-1;-1;-1;-1;-1;-1;-1;-1;9;23;23;54;85;23;45;70;31;10.29;4.36;8.03;1.92;Univ. Concepción;Universidad Chile;1;1.86;1.14;1.67;1.23;1.85;92;77;77;47;16;77;44;37;0;0;0;494;15;Y;Y;Y;Y;N;N;Y
126973;2187;2183;2017;complete;737;14;-1;30;;1;0;1;3;5;8;3;0;2;3;0;0;6;2;5;8;11;10;18;17;48;52;2;3;2.2;3.2;3.2;1.05;1.33;2;3.6;0;0;0;0;0;0;1.87;1.91;0;0;0;0;0;0;0;0;0;0;0;0;0;0;0;0;0;0;0;0;0;0;0;0;0;0;0;0;0;0;0;0;0;0;0;0;0;0;0;0;0;0;0;0;0;0;0;0;0;0;0;0;0;1;1;0;0;0;0;1;2017-12-03 23:30:00;2187;0;50;17;25;0;-1;1;-1;-1;-1;-1;-1;-1;0;2;2;1;2;3;-1;0;0;0;0;0;0;0;0;0;0;0;0;0;1;1;0;0;-1;-1;0;0;-1;-1;-1;-1;-1;-1;-1;-1;-1;9;34;42;67;84;25;50;84;42;10.33;6.84;5.5;2.33;Everton;Antofagasta;2;1.57;1.83;1.83;1.77;1.62;92;67;58;34;17;75;50;42;0;0;0;494;15;Y;N;N;N;N;N;N
126974;2192;2182;2017;complete;737;14;-1;20,70;90;2;1;3;7;4;11;2;4;1;2;0;0;3;3;0;1;3;4;24;10;49;51;1;2;0;0;0;0;0;2;0;0;0;0;0;0;0;0;0;0;0;0;0;0;0;0;0;0;0;0;0;0;0;0;0;0;0;0;0;0;0;0;0;0;0;0;0;0;0;0;0;0;0;0;0;0;0;0;0;0;0;0;0;0;0;0;0;0;0;0;0;0;3;1;0;1;1;2;1;2017-12-02 15:00:00;2192;0;23;7;0;0;-1;1;-1;-1;-1;-1;-1;-1;0;2;1;0;2;1;-1;0;0;0;0;0;0;0;0;0;0;0;0;0;1;1;0;0;-1;-1;0;0;-1;-1;-1;-1;-1;-1;-1;-1;-1;0;23;30;52;100;15;60;93;23;11.29;5.24;7.67;2.05;Deportes Iquique;San Luis;0.57;0.88;0.17;1;0.46;1.31;100;77;70;48;0;70;70;47;0;0;0;494;15;Y;Y;Y;N;N;N;Y
126975;2186;2190;2017;complete;737;14;-1;;68,90;0;2;2;4;7;11;1;2;2;5;0;0;4;7;5;8;9;15;12;16;45;55;2;5;2.35;3.4;2.85;1.03;1.25;1.8;3;0;0;0;0;0;0;1.71;2.15;0;0;0;0;0;0;0;0;0;0;0;0;0;0;0;0;0;0;0;0;0;0;0;0;0;0;0;0;0;0;0;0;0;0;0;0;0;0;0;0;0;0;0;0;0;0;0;0;0;0;0;0;0;2;0;0;0;2;2;0;2017-12-03 20:30:00;2190;0;36;22;22;0;-1;1;-1;-1;-1;-1;-1;-1;1;0;1;5;1;6;-1;0;0;0;0;0;0;0;0;0;0;0;0;0;1;1;0;0;-1;-1;0;0;-1;-1;-1;-1;-1;-1;-1;-1;-1;7;29;58;72;86;36;72;72;50;7.72;3.43;6.58;2.64;Audax Italiano;Unión Española;1.63;1.75;1.86;1.57;1.85;1.92;93;71;43;29;15;57;36;36;0;0;0;494;15;Y;Y;N;N;N;N;N
126976;2194;2193;2017;complete;737;14;-1;50,52,60,62;90;4;1;5;6;6;12;8;2;3;4;0;0;8;2;7;9;15;11;12;19;56;44;3;4;1.87;3.6;3.75;1.02;1.22;1.71;2.75;0;0;0;0;0;0;1.69;2.15;0;0;0;0;0;0;0;0;0;0;0;0;0;0;0;0;0;0;0;0;0;0;0;0;0;0;0;0;0;0;0;0;0;0;0;0;0;0;0;0;0;0;0;0;0;0;0;0;0;0;0;0;0;5;0;0;4;1;5;0;2017-12-04 23:00:00;2194;0;59;17;25;0;-1;1;-1;-1;-1;-1;-1;-1;1;1;2;3;2;5;-1;0;0;0;0;0;0;0;1;0;1;0;0;0;1;1;0;0;-1;-1;0;0;-1;-1;-1;-1;-1;-1;-1;-1;-1;0;9;42;75;92;17;67;75;34;10.16;4.5;6.16;2.17;Universidad Católica;Palestino;1.57;0.14;1.33;0.17;0.77;0.92;100;92;59;25;9;67;67;50;0;0;0;494;15;Y;Y;Y;Y;Y;N;Y
126977;2188;2181;2017;complete;737;14;-1;34,48,50;42,81;3;2;5;4;5;9;3;1;2;3;0;0;10;8;5;7;15;15;13;16;56;44;2;3;1.36;4.6;7.75;1.03;1.23;1.74;2.8;0;0;0;0;0;0;2;1.83;0;0;0;0;0;0;0;0;0;0;0;0;0;0;0;0;0;0;0;0;0;0;0;0;0;0;0;0;0;0;0;0;0;0;0;0;0;0;0;0;0;0;0;0;0;0;0;0;0;0;0;0;0;5;1;1;2;1;3;2;2017-12-03 20:30:00;2188;0;42;25;17;0;-1;1;-1;-1;-1;-1;-1;-1;0;1;2;2;1;4;-1;0;0;0;0;0;0;0;0;0;0;0;0;0;1;1;0;0;-1;-1;0;0;-1;-1;-1;-1;-1;-1;-1;-1;-1;17;17;42;67;92;25;67;75;50;8.5;3.83;6.83;2.5;Colo-Colo;Curicó Unido;2.29;1;2.17;1.17;2.08;1.15;84;84;58;34;9;42;34;34;0;0;0;494;15;Y;Y;Y;Y;Y;N;Y
126978;2191;2195;2017;complete;737;14;-1;49;;1;0;1;0;10;10;3;1;2;4;1;0;4;3;4;9;8;12;10;17;42;58;3;4;2.35;3.4;2.8;1.03;1.24;1.77;2.9;0;0;0;0;0;0;1.69;2.2;0;0;0;0;0;0;0;0;0;0;0;0;0;0;0;0;0;0;0;0;0;0;0;0;0;0;0;0;0;0;0;0;0;0;0;0;0;0;0;0;0;0;0;0;0;0;0;0;0;0;0;0;0;1;0;0;1;0;1;0;2017-11-30 23:00:00;2191;0;36;22;15;0;-1;1;-1;-1;-1;-1;-1;-1;1;0;2;4;1;6;-1;0;0;0;0;0;0;0;0;0;0;0;0;0;1;1;0;0;-1;-1;0;0;-1;-1;-1;-1;-1;-1;-1;-1;-1;7;22;43;65;93;29;57;79;22;8.71;4.14;7;2.29;O'Higgins;Huachipato;1.13;0.5;0.86;0.57;0.92;1.23;93;79;58;36;7;65;36;29;0;0;0;494;15;Y;N;N;N;N;N;N
126979;2185;2184;2017;complete;737;14;-1;33;36;1;1;2;4;6;10;0;7;3;2;0;0;4;3;6;8;10;11;13;21;48;52;3;2;1.83;3.45;4.15;1.05;1.33;2;3.5;0;0;0;0;0;0;1.95;1.87;0;0;0;0;0;0;0;0;0;0;0;0;0;0;0;0;0;0;0;0;0;0;0;0;0;0;0;0;0;0;0;0;0;0;0;0;0;0;0;0;0;0;0;0;0;0;0;0;0;0;0;0;0;2;1;1;0;0;0;2;2017-12-04 23:00:00;-1;0;67;17;33;0;-1;1;-1;-1;-1;-1;-1;-1;0;1;3;1;1;4;-1;0;0;0;0;0;0;0;1;1;0;1;1;0;1;1;0;0;-1;-1;0;0;-1;-1;-1;-1;-1;-1;-1;-1;-1;9;25;42;67;84;17;50;84;33;8.17;6.16;6.17;2.34;Santiago Wanderers;Deportes Temuco;0.71;1;0.67;1;1;1.54;92;75;59;34;17;83;42;33;0;0;0;494;15;Y;Y;N;N;N;N;Y
126980;2195;2188;2017;complete;737;15;-1;;74,82,90;0;3;3;4;7;11;1;0;1;1;0;0;2;13;3;13;5;26;25;17;44;56;1;1;5.2;3.9;1.61;0;0;0;0;0;0;0;0;0;0;0;0;0;0;0;0;0;0;0;0;0;0;0;0;0;0;0;0;0;0;0;0;0;0;0;0;0;0;0;0;0;0;0;0;0;0;0;0;0;0;0;0;0;0;0;0;0;0;0;0;0;0;0;0;0;3;0;0;0;3;3;0;2017-12-09 20:30:00;2188;0;54;30;16;0;-1;1;-1;-1;-1;-1;-1;-1;1;0;0;1;1;1;-1;0;0;0;0;0;0;0;0;1;0;1;0;0;1;1;0;0;-1;-1;0;0;-1;-1;-1;-1;-1;-1;-1;-1;-1;7;23;47;61;100;30;61;85;31;9.43;4.67;7.67;2.37;Huachipato;Colo-Colo;1.71;2.13;2;2;1.14;2.14;93;77;54;40;0;48;41;25;0;0;0;494;15;Y;Y;Y;N;N;N;N
126981;2183;2194;2017;complete;737;15;-1;35,39;48,67,89,90;2;4;6;5;6;11;0;2;1;6;0;0;10;9;9;5;19;14;14;12;49;51;1;6;2.3;3.35;2.85;1.03;1.23;1.74;2.9;0;0;0;0;0;0;1.69;2.2;0;0;0;0;0;0;0;0;0;0;0;0;0;0;0;0;0;0;0;0;0;0;0;0;0;0;0;0;0;0;0;0;0;0;0;0;0;0;0;0;0;0;0;0;0;0;0;0;0;0;0;0;0;6;2;0;0;4;4;2;2017-12-10 15:30:00;2194;0;50;22;15;0;-1;1;-1;-1;-1;-1;-1;-1;1;1;0;5;2;5;-1;0;0;0;0;0;0;0;0;1;0;1;0;0;1;1;0;0;-1;-1;0;0;-1;-1;-1;-1;-1;-1;-1;-1;-1;0;29;36;57;86;22;64;57;22;8.86;4.86;5.57;2.07;Antofagasta;Universidad Católica;1.25;0.63;1.43;0.29;1.5;0.93;100;72;64;43;15;71;43;15;0;0;0;494;15;Y;Y;Y;Y;Y;Y;Y
126982;2189;2192;2017;complete;737;15;-1;84;;1;0;1;8;1;9;1;1;2;2;0;1;10;6;11;5;21;11;12;15;65;35;2;3;1.45;4.5;6.05;1.01;1.18;1.61;2.5;0;0;0;0;0;0;1.8;2.05;0;0;0;0;0;0;0;0;0;0;0;0;0;0;0;0;0;0;0;0;0;0;0;0;0;0;0;0;0;0;0;0;0;0;0;0;0;0;0;0;0;0;0;0;0;0;0;0;0;0;0;0;0;1;0;0;1;0;1;0;2017-12-09 20:30:00;2189;0;50;36;7;0;-1;1;-1;-1;-1;-1;-1;-1;2;2;0;1;4;1;-1;0;0;0;0;0;0;0;0;0;0;0;0;0;1;1;0;0;-1;-1;0;0;-1;-1;-1;-1;-1;-1;-1;-1;-1;14;36;58;65;86;50;79;64;29;11.71;5.85;5.85;2.65;Universidad Chile;Deportes Iquique;2.13;0.63;2;0.71;1.93;0.64;86;64;43;36;15;57;43;22;0;0;0;494;15;Y;N;N;N;N;N;N
126983;2193;2185;2017;complete;737;15;-1;;;0;0;0;2;5;7;2;6;2;2;0;0;4;3;4;5;8;8;11;17;47;53;2;2;2.3;3.3;2.95;1.03;1.25;1.8;3;0;0;0;0;0;0;1.71;2.15;0;0;0;0;0;0;0;0;0;0;0;0;0;0;0;0;0;0;0;0;0;0;0;0;0;0;0;0;0;0;0;0;0;0;0;0;0;0;0;0;0;0;0;0;0;0;0;0;0;0;0;0;0;0;0;0;0;0;0;0;2017-12-10 20:00:00;-1;0;50;29;7;0;-1;1;-1;-1;-1;-1;-1;-1;0;0;2;2;0;4;-1;0;0;0;0;0;0;0;0;0;0;0;0;0;1;1;0;0;-1;-1;0;0;-1;-1;-1;-1;-1;-1;-1;-1;-1;0;36;50;79;100;50;86;79;29;6.86;4.29;5.43;2.64;Palestino;Santiago Wanderers;1.5;1.25;1.57;1.29;0.86;1;100;64;50;22;0;36;36;29;0;0;0;494;15;N;N;N;N;N;N;N
126984;2182;2186;2017;complete;737;15;-1;76;23;1;1;2;5;6;11;3;0;3;4;0;0;6;6;3;9;9;15;21;24;56;44;3;4;2.5;3.25;2.7;1.03;1.26;1.83;3.1;0;0;0;0;0;0;1.74;2.1;0;0;0;0;0;0;0;0;0;0;0;0;0;0;0;0;0;0;0;0;0;0;0;0;0;0;0;0;0;0;0;0;0;0;0;0;0;0;0;0;0;0;0;0;0;0;0;0;0;0;0;0;0;2;0;1;1;0;1;1;2017-12-10 00:00:00;-1;0;58;42;9;0;-1;1;-1;-1;-1;-1;-1;-1;1;0;2;4;1;6;-1;0;0;0;0;0;0;0;0;0;0;0;0;0;1;1;0;0;-1;-1;0;0;-1;-1;-1;-1;-1;-1;-1;-1;-1;0;17;50;92;92;50;67;75;34;8.17;5.17;6.34;2.5;San Luis;Audax Italiano;1.57;1.71;1.67;1.83;1.21;1.71;100;83;50;9;9;50;42;34;0;0;0;494;15;Y;Y;N;N;N;N;Y
126985;2181;2191;2017;complete;737;15;-1;19;;1;0;1;2;5;7;3;4;1;2;0;0;2;0;4;3;6;3;11;16;47;53;1;2;1.71;3.6;4.55;1.03;1.26;1.83;3.15;0;0;0;0;0;0;1.87;1.95;0;0;0;0;0;0;0;0;0;0;0;0;0;0;0;0;0;0;0;0;0;0;0;0;0;0;0;0;0;0;0;0;0;0;0;0;0;0;0;0;0;0;0;0;0;0;0;0;0;0;0;0;0;1;1;0;0;0;0;1;2017-12-10 20:00:00;2181;0;48;9;9;0;-1;1;-1;-1;-1;-1;-1;-1;0;1;1;1;1;2;-1;0;0;0;0;0;0;0;0;0;0;0;0;0;1;1;0;0;-1;-1;0;0;-1;-1;-1;-1;-1;-1;-1;-1;-1;0;17;25;56;100;17;47;93;25;8.88;3.79;7.83;1.98;Curicó Unido;O'Higgins;1.38;0.86;1.14;1;1.07;1.07;100;84;75;44;0;70;62;40;0;0;0;494;15;Y;N;N;N;N;N;N
126986;2184;2196;2017;complete;737;15;-1;54;39;1;1;2;3;1;4;3;1;3;3;0;0;7;6;14;8;21;14;15;23;59;41;3;3;1.8;3.35;4.4;1.06;1.37;2.15;3.95;0;0;0;0;0;0;2.05;1.77;0;0;0;0;0;0;0;0;0;0;0;0;0;0;0;0;0;0;0;0;0;0;0;0;0;0;0;0;0;0;0;0;0;0;0;0;0;0;0;0;0;0;0;0;0;0;0;0;0;0;0;0;0;2;0;1;1;0;1;1;2017-12-09 15:00:00;-1;0;24;0;17;0;-1;1;-1;-1;-1;-1;-1;-1;1;0;2;3;1;5;-1;0;0;0;0;0;0;0;1;0;1;0;0;0;1;1;0;0;-1;-1;0;0;-1;-1;-1;-1;-1;-1;-1;-1;-1;0;9;25;40;77;0;40;61;32;10.14;5.1;5.38;1.49;Deportes Temuco;Univ. Concepción;1.88;1.29;2;1.33;1.5;1.14;100;92;75;61;24;69;61;37;0;0;0;494;15;Y;Y;N;N;N;N;Y
126987;2190;2187;2017;complete;737;15;-1;61,70;;2;0;2;6;2;8;1;3;2;3;0;0;4;4;5;3;9;7;12;11;47;53;2;3;2.1;3.4;3.25;1.03;1.23;1.74;2.9;0;0;0;0;0;0;1.69;2.15;2;1.72;10;1.06;0;0;0;0;0;0;0;0;0;0;0;0;0;0;0;0;0;0;0;0;0;0;0;0;0;0;0;0;0;0;0;0;0;0;0;0;0;0;0;0;0;0;0;0;0;0;0;0;0;2;0;0;2;0;2;0;2017-12-09 20:30:00;2190;0;45;30;16;0;-1;1;-1;-1;-1;-1;-1;-1;0;1;2;2;1;4;-1;0;0;0;0;0;0;0;0;0;0;0;0;0;1;1;0;0;-1;-1;0;0;-1;-1;-1;-1;-1;-1;-1;-1;-1;16;23;37;52;92;37;54;77;16;11.67;4;6.38;2.35;Unión Española;Everton;2.43;1.5;2.33;1.71;2;1.86;85;77;63;48;9;85;68;52;0;0;0;494;15;Y;Y;N;N;N;N;N
