ID;HOMEID;AWAYID;SEASON;STATUS;ROUNDID;GAME_WEEK;REVISED_GAME_WEEK;HOMEGOALS;AWAYGOALS;HOMEGOALCOUNT;AWAYGOALCOUNT;TOTALGOALCOUNT;TEAM_A_CORNERS;TEAM_B_CORNERS;TOTALCORNERCOUNT;TEAM_A_OFFSIDES;TEAM_B_OFFSIDES;TEAM_A_YELLOW_CARDS;TEAM_B_YELLOW_CARDS;TEAM_A_RED_CARDS;TEAM_B_RED_CARDS;TEAM_A_SHOTSONTARGET;TEAM_B_SHOTSONTARGET;TEAM_A_SHOTSOFFTARGET;TEAM_B_SHOTSOFFTARGET;TEAM_A_SHOTS;TEAM_B_SHOTS;TEAM_A_FOULS;TEAM_B_FOULS;TEAM_A_POSSESSION;TEAM_B_POSSESSION;TEAM_A_CARDS_NUM;TEAM_B_CARDS_NUM;ODDS_FT_1;ODDS_FT_X;ODDS_FT_2;ODDS_FT_OVER05;ODDS_FT_OVER15;ODDS_FT_OVER25;ODDS_FT_OVER35;ODDS_FT_OVER45;ODDS_FT_UNDER05;ODDS_FT_UNDER15;ODDS_FT_UNDER25;ODDS_FT_UNDER35;ODDS_FT_UNDER45;ODDS_BTTS_YES;ODDS_BTTS_NO;ODDS_TEAM_A_CS_YES;ODDS_TEAM_A_CS_NO;ODDS_TEAM_B_CS_YES;ODDS_TEAM_B_CS_NO;ODDS_DOUBLECHANCE_1X;ODDS_DOUBLECHANCE_12;ODDS_DOUBLECHANCE_X2;ODDS_1ST_HALF_RESULT_1;ODDS_1ST_HALF_RESULT_X;ODDS_1ST_HALF_RESULT_2;ODDS_2ND_HALF_RESULT_1;ODDS_2ND_HALF_RESULT_X;ODDS_2ND_HALF_RESULT_2;ODDS_DNB_1;ODDS_DNB_2;ODDS_CORNERS_OVER_75;ODDS_CORNERS_OVER_85;ODDS_CORNERS_OVER_95;ODDS_CORNERS_OVER_105;ODDS_CORNERS_OVER_115;ODDS_CORNERS_UNDER_75;ODDS_CORNERS_UNDER_85;ODDS_CORNERS_UNDER_95;ODDS_CORNERS_UNDER_105;ODDS_CORNERS_UNDER_115;ODDS_CORNERS_1;ODDS_CORNERS_X;ODDS_CORNERS_2;ODDS_TEAM_TO_SCORE_FIRST_1;ODDS_TEAM_TO_SCORE_FIRST_X;ODDS_TEAM_TO_SCORE_FIRST_2;ODDS_WIN_TO_NIL_1;ODDS_WIN_TO_NIL_2;ODDS_1ST_HALF_OVER05;ODDS_1ST_HALF_OVER15;ODDS_1ST_HALF_OVER25;ODDS_1ST_HALF_OVER35;ODDS_1ST_HALF_UNDER05;ODDS_1ST_HALF_UNDER15;ODDS_1ST_HALF_UNDER25;ODDS_1ST_HALF_UNDER35;ODDS_2ND_HALF_OVER05;ODDS_2ND_HALF_OVER15;ODDS_2ND_HALF_OVER25;ODDS_2ND_HALF_OVER35;ODDS_2ND_HALF_UNDER05;ODDS_2ND_HALF_UNDER15;ODDS_2ND_HALF_UNDER25;ODDS_2ND_HALF_UNDER35;ODDS_BTTS_1ST_HALF_YES;ODDS_BTTS_1ST_HALF_NO;ODDS_BTTS_2ND_HALF_YES;ODDS_BTTS_2ND_HALF_NO;OVERALLGOALCOUNT;HT_GOALS_TEAM_A;HT_GOALS_TEAM_B;GOALS_2HG_TEAM_A;GOALS_2HG_TEAM_B;GOALCOUNT_2HG;HTGOALCOUNT;DATE_UNIX;WINNINGTEAM;NO_HOME_AWAY;BTTS_POTENTIAL;BTTS_FHG_POTENTIAL;BTTS_2HG_POTENTIAL;GOALTIMINGDISABLED;CORNER_TIMINGS_RECORDED;CARD_TIMINGS_RECORDED;TEAM_A_FH_CORNERS;TEAM_B_FH_CORNERS;TEAM_A_2H_CORNERS;TEAM_B_2H_CORNERS;CORNER_FH_COUNT;CORNER_2H_COUNT;TEAM_A_FH_CARDS;TEAM_B_FH_CARDS;TEAM_A_2H_CARDS;TEAM_B_2H_CARDS;TOTAL_FH_CARDS;TOTAL_2H_CARDS;ATTACKS_RECORDED;TEAM_A_DANGEROUS_ATTACKS;TEAM_B_DANGEROUS_ATTACKS;TEAM_A_ATTACKS;TEAM_B_ATTACKS;TEAM_A_XG;TEAM_B_XG;TOTAL_XG;TEAM_A_PENALTIES_WON;TEAM_B_PENALTIES_WON;TEAM_A_PENALTY_GOALS;TEAM_B_PENALTY_GOALS;TEAM_A_PENALTY_MISSED;TEAM_B_PENALTY_MISSED;PENS_RECORDED;GOAL_TIMINGS_RECORDED;TEAM_A_0_10_MIN_GOALS;TEAM_B_0_10_MIN_GOALS;TEAM_A_CORNERS_0_10_MIN;TEAM_B_CORNERS_0_10_MIN;TEAM_A_CARDS_0_10_MIN;TEAM_B_CARDS_0_10_MIN;THROWINS_RECORDED;TEAM_A_THROWINS;TEAM_B_THROWINS;FREEKICKS_RECORDED;TEAM_A_FREEKICKS;TEAM_B_FREEKICKS;GOALKICKS_RECORDED;TEAM_A_GOALKICKS;TEAM_B_GOALKICKS;O45_POTENTIAL;O35_POTENTIAL;O25_POTENTIAL;O15_POTENTIAL;O05_POTENTIAL;O15HT_POTENTIAL;O05HT_POTENTIAL;O05_2H_POTENTIAL;O15_2H_POTENTIAL;CORNERS_POTENTIAL;OFFSIDES_POTENTIAL;CARDS_POTENTIAL;AVG_POTENTIAL;HOME_NAME;AWAY_NAME;HOME_PPG;AWAY_PPG;PRE_MATCH_HOME_PPG;PRE_MATCH_AWAY_PPG;PRE_MATCH_TEAMA_OVERALL_PPG;PRE_MATCH_TEAMB_OVERALL_PPG;U45_POTENTIAL;U35_POTENTIAL;U25_POTENTIAL;U15_POTENTIAL;U05_POTENTIAL;CORNERS_O85_POTENTIAL;CORNERS_O95_POTENTIAL;CORNERS_O105_POTENTIAL;TEAM_A_XG_PREMATCH;TEAM_B_XG_PREMATCH;TOTAL_XG_PREMATCH;COMPETITION_ID;MATCHES_COMPLETED_MINIMUM;OVER05;OVER15;OVER25;OVER35;OVER45;OVER55;BTTS
241937;4372;4367;2016;complete;1525;1;-1;32;;1;0;1;3;6;9;-1;-1;1;1;0;0;2;0;0;0;2;0;-1;-1;-1;-1;1;1;0;0;0;0;0;0;0;0;0;0;0;0;0;0;0;0;0;0;0;0;0;0;0;0;0;0;0;0;0;0;0;0;0;0;0;0;0;0;0;0;0;0;0;0;0;0;0;0;0;0;0;0;0;0;0;0;0;0;0;0;0;0;0;0;0;0;0;0;1;1;0;0;0;0;1;2016-09-10 13:00:00;4372;0;0;0;0;0;-1;1;-1;-1;-1;-1;-1;-1;1;0;0;1;1;1;-1;0;0;0;0;0;0;0;0;0;0;0;0;0;1;1;0;0;-1;-1;0;0;-1;-1;-1;-1;-1;-1;-1;-1;-1;0;0;0;0;0;0;0;0;0;0;0;0;0;Miramar Misiones;Villa Teresa;1.67;0.5;0;0;0;0;0;0;0;0;0;0;0;0;0;0;0;859;12;Y;N;N;N;N;N;N
241938;4368;4374;2016;complete;1525;1;-1;27,61;3;2;1;3;6;3;9;-1;-1;2;2;0;0;9;3;9;2;18;5;-1;-1;-1;-1;2;2;0;0;0;0;0;0;0;0;0;0;0;0;0;0;0;0;0;0;0;0;0;0;0;0;0;0;0;0;0;0;0;0;0;0;0;0;0;0;0;0;0;0;0;0;0;0;0;0;0;0;0;0;0;0;0;0;0;0;0;0;0;0;0;0;0;0;0;0;3;1;1;1;0;1;2;2016-09-10 18:30:00;4368;0;0;0;0;0;-1;1;-1;-1;-1;-1;-1;-1;1;0;1;2;1;3;-1;0;0;0;0;0;0;0;0;0;0;0;0;0;1;1;0;1;-1;-1;0;0;-1;-1;-1;-1;-1;-1;-1;-1;-1;0;0;0;0;0;0;0;0;0;0;0;0;0;Rentistas;Canadian;1.83;0.17;0;0;0;0;0;0;0;0;0;0;0;0;0;0;0;859;12;Y;Y;Y;N;N;N;Y
241939;4371;4377;2016;complete;1525;1;-1;12,65,73;;3;0;3;-1;-1;-1;-1;-1;3;1;0;0;-1;-1;-1;-1;-1;-1;-1;-1;-1;-1;3;1;0;0;0;0;0;0;0;0;0;0;0;0;0;0;0;0;0;0;0;0;0;0;0;0;0;0;0;0;0;0;0;0;0;0;0;0;0;0;0;0;0;0;0;0;0;0;0;0;0;0;0;0;0;0;0;0;0;0;0;0;0;0;0;0;0;0;0;0;3;1;0;2;0;2;1;2016-09-10 18:30:00;4371;0;0;0;0;0;-1;1;-1;-1;-1;-1;-1;-1;2;1;1;0;3;1;-1;0;0;0;0;0;0;0;0;0;0;0;0;0;1;1;0;0;-1;-1;0;0;-1;-1;-1;-1;-1;-1;-1;-1;-1;0;0;0;0;0;0;0;0;0;0;0;0;0;Cerro Largo;Central Español;2.67;0.67;0;0;0;0;0;0;0;0;0;0;0;0;0;0;0;859;12;Y;Y;Y;N;N;N;N
241940;4379;4370;2016;complete;1525;1;-1;56,90;;2;0;2;7;0;7;-1;-1;2;3;0;1;3;0;0;0;3;0;-1;-1;-1;-1;2;4;0;0;0;0;0;0;0;0;0;0;0;0;0;0;0;0;0;0;0;0;0;0;0;0;0;0;0;0;0;0;0;0;0;0;0;0;0;0;0;0;0;0;0;0;0;0;0;0;0;0;0;0;0;0;0;0;0;0;0;0;0;0;0;0;0;0;0;0;2;0;0;2;0;2;0;2016-09-10 18:30:00;4379;0;0;0;0;0;-1;1;-1;-1;-1;-1;-1;-1;1;2;1;2;3;3;-1;0;0;0;0;0;0;0;0;0;0;0;0;0;1;1;0;0;-1;-1;0;0;-1;-1;-1;-1;-1;-1;-1;-1;-1;0;0;0;0;0;0;0;0;0;0;0;0;0;Torque;Tacuarembó;1.67;1;0;0;0;0;0;0;0;0;0;0;0;0;0;0;0;859;12;Y;Y;N;N;N;N;N
241941;4375;4352;2016;complete;1525;1;-1;;58,88;0;2;2;-1;-1;-1;-1;-1;2;1;1;0;-1;-1;-1;-1;-1;-1;-1;-1;-1;-1;3;1;0;0;0;0;0;0;0;0;0;0;0;0;0;0;0;0;0;0;0;0;0;0;0;0;0;0;0;0;0;0;0;0;0;0;0;0;0;0;0;0;0;0;0;0;0;0;0;0;0;0;0;0;0;0;0;0;0;0;0;0;0;0;0;0;0;0;0;0;2;0;0;0;2;2;0;2016-09-10 18:30:00;4352;0;0;0;0;0;-1;1;-1;-1;-1;-1;-1;-1;1;1;2;0;2;2;-1;0;0;0;0;0;0;0;0;0;0;0;0;0;1;1;0;0;-1;-1;0;0;-1;-1;-1;-1;-1;-1;-1;-1;-1;0;0;0;0;0;0;0;0;0;0;0;0;0;Cerrito;El Tanque Sisley;1.17;2.17;0;0;0;0;0;0;0;0;0;0;0;0;0;0;0;859;12;Y;Y;N;N;N;N;N
241942;4373;4369;2016;complete;1525;1;-1;40;50;1;1;2;-1;-1;-1;-1;-1;1;2;0;0;-1;-1;-1;-1;-1;-1;-1;-1;-1;-1;1;2;0;0;0;0;0;0;0;0;0;0;0;0;0;0;0;0;0;0;0;0;0;0;0;0;0;0;0;0;0;0;0;0;0;0;0;0;0;0;0;0;0;0;0;0;0;0;0;0;0;0;0;0;0;0;0;0;0;0;0;0;0;0;0;0;0;0;0;0;2;1;0;0;1;1;1;2016-09-11 18:30:00;-1;0;0;0;0;0;-1;1;-1;-1;-1;-1;-1;-1;0;1;1;1;1;2;-1;0;0;0;0;0;0;0;0;0;0;0;0;0;1;1;0;0;-1;-1;0;0;-1;-1;-1;-1;-1;-1;-1;-1;-1;0;0;0;0;0;0;0;0;0;0;0;0;0;Deportivo Maldonado;Atenas;0.83;2.67;0;0;0;0;0;0;0;0;0;0;0;0;0;0;0;859;12;Y;Y;N;N;N;N;Y
241943;4368;4371;2016;complete;1525;2;-1;70;90;1;1;2;-1;-1;-1;-1;-1;2;4;0;1;-1;-1;-1;-1;-1;-1;-1;-1;-1;-1;2;5;0;0;0;0;0;0;0;0;0;0;0;0;0;0;0;0;0;0;0;0;0;0;0;0;0;0;0;0;0;0;0;0;0;0;0;0;0;0;0;0;0;0;0;0;0;0;0;0;0;0;0;0;0;0;0;0;0;0;0;0;0;0;0;0;0;0;0;0;2;0;0;1;1;2;0;2016-09-17 13:00:00;-1;0;50;50;0;0;-1;1;-1;-1;-1;-1;-1;-1;2;4;0;1;6;1;-1;0;0;0;0;0;0;0;0;0;0;0;0;0;1;1;0;0;-1;-1;0;0;-1;-1;-1;-1;-1;-1;-1;-1;-1;0;0;50;50;50;50;50;50;0;6;0;2;1.5;Rentistas;Cerro Largo;1.83;1.83;3;0;3;3;50;50;0;0;0;50;0;0;0;0;0;859;12;Y;Y;N;N;N;N;Y
241944;4370;4373;2016;complete;1525;2;-1;;49,62;0;2;2;3;3;6;-1;-1;3;2;0;0;4;5;2;3;6;8;-1;-1;-1;-1;3;2;0;0;0;0;0;0;0;0;0;0;0;0;0;0;0;0;0;0;0;0;0;0;0;0;0;0;0;0;0;0;0;0;0;0;0;0;0;0;0;0;0;0;0;0;0;0;0;0;0;0;0;0;0;0;0;0;0;0;0;0;0;0;0;0;0;0;0;0;2;0;0;0;2;2;0;2016-09-17 18:30:00;4373;0;0;0;0;0;-1;1;-1;-1;-1;-1;-1;-1;0;0;3;2;0;5;-1;0;0;0;0;0;0;0;0;0;0;0;0;0;1;1;0;0;-1;-1;0;0;-1;-1;-1;-1;-1;-1;-1;-1;-1;0;0;0;0;0;0;0;0;0;0;0;0;0;Tacuarembó;Deportivo Maldonado;0.5;2.17;0;0;0;1;0;0;0;0;0;0;0;0;0;0;0;859;12;Y;Y;N;N;N;N;N
241945;4352;4372;2016;complete;1525;2;-1;22,54,60,72;;4;0;4;-1;-1;-1;-1;-1;3;3;0;1;-1;-1;-1;-1;-1;-1;-1;-1;-1;-1;3;4;0;0;0;0;0;0;0;0;0;0;0;0;0;0;0;0;0;0;0;0;0;0;0;0;0;0;0;0;0;0;0;0;0;0;0;0;0;0;0;0;0;0;0;0;0;0;0;0;0;0;0;0;0;0;0;0;0;0;0;0;0;0;0;0;0;0;0;0;4;1;0;3;0;3;1;2016-09-17 18:30:00;4352;0;0;0;0;0;-1;1;-1;-1;-1;-1;-1;-1;0;2;3;2;2;5;-1;0;0;0;0;0;0;0;1;0;1;0;0;0;1;1;0;0;-1;-1;0;0;-1;-1;-1;-1;-1;-1;-1;-1;-1;0;0;0;0;0;0;0;0;0;0;0;0;0;El Tanque Sisley;Miramar Misiones;2.67;0.33;0;0;3;3;0;0;0;0;0;0;0;0;0;0;0;859;12;Y;Y;Y;Y;N;N;N
241946;4367;4375;2016;complete;1525;2;-1;14,37,61;;3;0;3;1;4;5;-1;-1;0;1;0;0;7;2;0;1;7;3;-1;-1;-1;-1;0;1;0;0;0;0;0;0;0;0;0;0;0;0;0;0;0;0;0;0;0;0;0;0;0;0;0;0;0;0;0;0;0;0;0;0;0;0;0;0;0;0;0;0;0;0;0;0;0;0;0;0;0;0;0;0;0;0;0;0;0;0;0;0;0;0;0;0;0;0;3;2;0;1;0;1;2;2016-09-17 18:30:00;4367;0;0;0;0;0;-1;1;-1;-1;-1;-1;-1;-1;0;1;0;0;1;0;-1;0;0;0;0;0;0;0;0;0;0;0;0;0;1;1;0;0;-1;-1;0;0;-1;-1;-1;-1;-1;-1;-1;-1;-1;0;0;0;0;0;0;0;0;0;0;0;0;0;Villa Teresa;Cerrito;1.67;0.17;0;0;0;0;0;0;0;0;0;0;0;0;0;0;0;859;12;Y;Y;Y;N;N;N;N
241947;4377;4378;2016;complete;1525;2;-1;53,56;;2;0;2;6;5;11;-1;-1;2;5;0;1;6;2;3;2;9;4;-1;-1;-1;-1;2;6;0;0;0;0;0;0;0;0;0;0;0;0;0;0;0;0;0;0;0;0;0;0;0;0;0;0;0;0;0;0;0;0;0;0;0;0;0;0;0;0;0;0;0;0;0;0;0;0;0;0;0;0;0;0;0;0;0;0;0;0;0;0;0;0;0;0;0;0;2;0;0;2;0;2;0;2016-09-17 18:30:00;4377;0;0;0;0;0;-1;1;-1;-1;-1;-1;-1;-1;1;2;1;4;3;5;-1;0;0;0;0;0;0;0;0;0;0;0;0;0;1;1;0;0;-1;-1;0;0;-1;-1;-1;-1;-1;-1;-1;-1;-1;0;0;0;0;0;0;0;0;0;0;0;0;0;Central Español;Progreso;1.67;0.67;0;0;0;0;0;0;0;0;0;0;0;0;0;0;0;859;12;Y;Y;N;N;N;N;N
241948;4369;4379;2016;complete;1525;2;-1;20,29,71;55;3;1;4;-1;-1;-1;-1;-1;3;5;0;1;-1;-1;-1;-1;-1;-1;-1;-1;-1;-1;3;7;0;0;0;0;0;0;0;0;0;0;0;0;0;0;0;0;0;0;0;0;0;0;0;0;0;0;0;0;0;0;0;0;0;0;0;0;0;0;0;0;0;0;0;0;0;0;0;0;0;0;0;0;0;0;0;0;0;0;0;0;0;0;0;0;0;0;0;0;4;2;0;1;1;2;2;2016-09-18 18:30:00;4369;0;0;0;0;0;-1;1;-1;-1;-1;-1;-1;-1;1;2;2;4;3;6;-1;0;0;0;0;0;0;0;1;0;1;0;0;0;1;1;0;0;-1;-1;0;0;-1;-1;-1;-1;-1;-1;-1;-1;-1;0;0;0;0;0;0;0;0;0;0;0;0;0;Atenas;Torque;2;0.83;0;0;1;3;0;0;0;0;0;0;0;0;0;0;0;859;12;Y;Y;Y;Y;N;N;Y
241949;4352;4377;2016;complete;1525;3;-1;76;;1;0;1;8;3;11;-1;-1;4;1;0;0;2;0;0;0;2;0;-1;-1;-1;-1;4;1;0;0;0;0;0;0;0;0;0;0;0;0;0;0;0;0;0;0;0;0;0;0;0;0;0;0;0;0;0;0;0;0;0;0;0;0;0;0;0;0;0;0;0;0;0;0;0;0;0;0;0;0;0;0;0;0;0;0;0;0;0;0;0;0;0;0;0;0;1;0;0;1;0;1;0;2016-09-24 13:10:00;4352;0;0;0;0;0;-1;1;-1;-1;-1;-1;-1;-1;2;1;2;0;3;2;-1;0;0;0;0;0;0;0;0;0;0;0;0;0;1;1;0;0;-1;-1;0;0;-1;-1;-1;-1;-1;-1;-1;-1;-1;0;50;100;100;100;0;100;100;100;0;0;4;3.5;El Tanque Sisley;Central Español;2.67;0.67;3;0;3;1.5;100;50;0;0;0;0;0;0;0;0;0;859;12;Y;N;N;N;N;N;N
241950;4379;4374;2016;complete;1525;3;-1;31,52,59;1,62;3;2;5;2;2;4;-1;-1;2;3;1;0;4;3;0;0;4;3;-1;-1;-1;-1;3;3;0;0;0;0;0;0;0;0;0;0;0;0;0;0;0;0;0;0;0;0;0;0;0;0;0;0;0;0;0;0;0;0;0;0;0;0;0;0;0;0;0;0;0;0;0;0;0;0;0;0;0;0;0;0;0;0;0;0;0;0;0;0;0;0;0;0;0;0;5;1;1;2;1;3;2;2016-09-24 18:30:00;4379;0;50;50;0;0;-1;1;-1;-1;-1;-1;-1;-1;1;1;2;2;2;4;-1;0;0;0;0;0;0;0;0;0;0;0;0;0;1;1;0;1;-1;-1;0;0;-1;-1;-1;-1;-1;-1;-1;-1;-1;0;0;50;100;100;50;50;100;50;10;0;4;2.5;Torque;Canadian;1.67;0.17;3;0;1.5;0;100;100;50;0;0;50;0;0;0;0;0;859;12;Y;Y;Y;Y;Y;N;Y
241951;4370;4368;2016;complete;1525;3;-1;;70;0;1;1;4;4;8;-1;-1;2;2;0;0;0;0;0;0;0;0;-1;-1;-1;-1;2;2;0;0;0;0;0;0;0;0;0;0;0;0;0;0;0;0;0;0;0;0;0;0;0;0;0;0;0;0;0;0;0;0;0;0;0;0;0;0;0;0;0;0;0;0;0;0;0;0;0;0;0;0;0;0;0;0;0;0;0;0;0;0;0;0;0;0;0;0;1;0;0;0;1;1;0;2016-09-24 18:30:00;4368;0;0;0;0;0;-1;1;-1;-1;-1;-1;-1;-1;0;1;2;1;1;3;-1;0;0;0;0;0;0;0;0;0;0;0;0;0;1;1;0;0;-1;-1;0;1;-1;-1;-1;-1;-1;-1;-1;-1;-1;0;0;0;50;50;0;0;50;50;3;0;3;1;Tacuarembó;Rentistas;0.5;1.67;0;0;0;2;50;50;50;0;0;0;0;0;0;0;0;859;12;Y;N;N;N;N;N;N
241952;4375;4373;2016;complete;1525;3;-1;;66,78,90;0;3;3;4;4;8;-1;-1;2;2;0;0;0;4;0;0;0;4;-1;-1;-1;-1;2;2;0;0;0;0;0;0;0;0;0;0;0;0;0;0;0;0;0;0;0;0;0;0;0;0;0;0;0;0;0;0;0;0;0;0;0;0;0;0;0;0;0;0;0;0;0;0;0;0;0;0;0;0;0;0;0;0;0;0;0;0;0;0;0;0;0;0;0;0;3;0;0;0;3;3;0;2016-09-24 18:30:00;4373;0;0;0;0;0;-1;1;-1;-1;-1;-1;-1;-1;0;0;2;2;0;4;-1;0;0;0;0;0;0;0;0;1;0;1;0;0;1;1;0;0;-1;-1;0;0;-1;-1;-1;-1;-1;-1;-1;-1;-1;0;0;0;100;100;0;0;100;100;3;0;5;2;Cerrito;Deportivo Maldonado;1.17;2.17;0;3;0;2;100;100;100;0;0;0;0;0;0;0;0;859;12;Y;Y;Y;N;N;N;N
241953;4371;4378;2016;complete;1525;3;-1;48;;1;0;1;-1;-1;-1;-1;-1;1;2;0;0;-1;-1;-1;-1;-1;-1;-1;-1;-1;-1;1;2;0;0;0;0;0;0;0;0;0;0;0;0;0;0;0;0;0;0;0;0;0;0;0;0;0;0;0;0;0;0;0;0;0;0;0;0;0;0;0;0;0;0;0;0;0;0;0;0;0;0;0;0;0;0;0;0;0;0;0;0;0;0;0;0;0;0;0;0;1;0;0;1;0;1;0;2016-09-24 18:30:00;4371;0;0;0;0;0;-1;1;-1;-1;-1;-1;-1;-1;0;0;1;2;0;3;-1;0;0;0;0;0;0;0;0;0;0;0;0;0;1;1;0;0;-1;-1;0;0;-1;-1;-1;-1;-1;-1;-1;-1;-1;0;0;50;100;100;0;50;100;100;5;0;9;2.5;Cerro Largo;Progreso;2.67;0.67;3;0;2;0;100;100;50;0;0;50;50;50;0;0;0;859;12;Y;N;N;N;N;N;N
241954;4369;4372;2016;complete;1525;3;-1;54;18;1;1;2;-1;-1;-1;-1;-1;5;7;1;0;-1;-1;-1;-1;-1;-1;-1;-1;-1;-1;6;7;0;0;0;0;0;0;0;0;0;0;0;0;0;0;0;0;0;0;0;0;0;0;0;0;0;0;0;0;0;0;0;0;0;0;0;0;0;0;0;0;0;0;0;0;0;0;0;0;0;0;0;0;0;0;0;0;0;0;0;0;0;0;0;0;0;0;0;0;2;0;1;1;0;1;1;2016-09-25 18:30:00;-1;0;50;0;50;0;-1;1;-1;-1;-1;-1;-1;-1;3;2;3;5;5;8;-1;0;0;0;0;0;0;0;0;0;0;0;0;0;1;1;0;0;-1;-1;0;0;-1;-1;-1;-1;-1;-1;-1;-1;-1;0;100;100;100;100;50;100;100;100;0;0;7;4;Atenas;Miramar Misiones;2;0.33;3;0;2;1.5;100;0;0;0;0;0;0;0;0;0;0;859;12;Y;Y;N;N;N;N;Y
241955;4378;4368;2016;complete;1525;4;-1;;19,72,85;0;3;3;-1;-1;-1;-1;-1;3;2;0;0;-1;-1;-1;-1;-1;-1;-1;-1;-1;-1;3;2;0;0;0;0;0;0;0;0;0;0;0;0;0;0;0;0;0;0;0;0;0;0;0;0;0;0;0;0;0;0;0;0;0;0;0;0;0;0;0;0;0;0;0;0;0;0;0;0;0;0;0;0;0;0;0;0;0;0;0;0;0;0;0;0;0;0;0;0;3;0;1;0;2;2;1;2016-10-01 13:10:00;4368;0;0;0;0;0;-1;1;-1;-1;-1;-1;-1;-1;0;2;3;0;2;3;-1;0;0;0;0;0;0;0;0;0;0;0;0;0;1;1;0;0;-1;-1;0;0;-1;-1;-1;-1;-1;-1;-1;-1;-1;0;0;0;0;50;0;0;50;0;4;0;2;0.5;Progreso;Rentistas;1.17;1.67;0;3;0;2.33;50;50;50;50;0;0;0;0;0;0;0;859;12;Y;Y;Y;N;N;N;N
241956;4374;4375;2016;complete;1525;4;-1;13,85;56;2;1;3;-1;-1;-1;-1;-1;5;4;0;0;-1;-1;-1;-1;-1;-1;-1;-1;-1;-1;5;4;0;0;0;0;0;0;0;0;0;0;0;0;0;0;0;0;0;0;0;0;0;0;0;0;0;0;0;0;0;0;0;0;0;0;0;0;0;0;0;0;0;0;0;0;0;0;0;0;0;0;0;0;0;0;0;0;0;0;0;0;0;0;0;0;0;0;0;0;3;1;0;1;1;2;1;2016-10-01 18:30:00;4374;0;0;0;0;0;-1;1;-1;-1;-1;-1;-1;-1;3;2;2;2;5;4;-1;0;0;0;0;0;0;0;0;0;0;0;0;0;1;1;0;0;-1;-1;0;0;-1;-1;-1;-1;-1;-1;-1;-1;-1;0;0;50;50;50;50;50;50;0;4;0;1;1.5;Canadian;Cerrito;1.83;0.17;0;0;0;0;50;50;0;0;0;0;0;0;0;0;0;859;12;Y;Y;Y;N;N;N;Y
241957;4377;4379;2016;complete;1525;4;-1;64,81;;2;0;2;2;16;18;-1;-1;2;1;0;0;3;0;0;0;3;0;-1;-1;-1;-1;2;1;0;0;0;0;0;0;0;0;0;0;0;0;0;0;0;0;0;0;0;0;0;0;0;0;0;0;0;0;0;0;0;0;0;0;0;0;0;0;0;0;0;0;0;0;0;0;0;0;0;0;0;0;0;0;0;0;0;0;0;0;0;0;0;0;0;0;0;0;2;0;0;2;0;2;0;2016-10-01 18:30:00;4377;0;50;0;50;0;-1;1;-1;-1;-1;-1;-1;-1;1;0;1;1;1;2;-1;0;0;0;0;0;0;0;1;0;1;0;0;0;1;1;0;0;-1;-1;0;0;-1;-1;-1;-1;-1;-1;-1;-1;-1;0;50;50;100;100;50;50;100;100;6;0;9;3;Central Español;Torque;1.67;0.83;3;0;1;2;100;50;50;0;0;50;50;50;0;0;0;859;12;Y;Y;N;N;N;N;N
241958;4371;4352;2016;complete;1525;4;-1;59,86;65;2;1;3;-1;-1;-1;-1;-1;3;4;0;0;-1;-1;-1;-1;-1;-1;-1;-1;-1;-1;3;4;0;0;0;0;0;0;0;0;0;0;0;0;0;0;0;0;0;0;0;0;0;0;0;0;0;0;0;0;0;0;0;0;0;0;0;0;0;0;0;0;0;0;0;0;0;0;0;0;0;0;0;0;0;0;0;0;0;0;0;0;0;0;0;0;0;0;0;0;3;0;0;2;1;3;0;2016-10-01 18:30:00;4371;0;0;0;0;0;-1;1;-1;-1;-1;-1;-1;-1;0;0;3;4;0;7;-1;0;0;0;0;0;0;0;2;0;2;0;0;0;1;1;0;0;-1;-1;0;0;-1;-1;-1;-1;-1;-1;-1;-1;-1;0;0;25;75;100;0;25;100;75;0;0;3;2;Cerro Largo;El Tanque Sisley;2.67;2.17;3;3;2.33;3;100;100;75;25;0;0;0;0;0;0;0;859;12;Y;Y;Y;N;N;N;Y
241959;4372;4370;2016;complete;1525;4;-1;;36;0;1;1;6;6;12;-1;-1;2;1;1;0;0;2;0;0;0;2;-1;-1;-1;-1;4;1;0;0;0;0;0;0;0;0;0;0;0;0;0;0;0;0;0;0;0;0;0;0;0;0;0;0;0;0;0;0;0;0;0;0;0;0;0;0;0;0;0;0;0;0;0;0;0;0;0;0;0;0;0;0;0;0;0;0;0;0;0;0;0;0;0;0;0;0;1;0;1;0;0;0;1;2016-10-02 13:10:00;4370;0;0;0;0;0;-1;1;-1;-1;-1;-1;-1;-1;1;0;2;1;1;3;-1;0;0;0;0;0;0;0;0;0;0;0;0;0;1;1;0;0;-1;-1;0;0;-1;-1;-1;-1;-1;-1;-1;-1;-1;0;0;0;50;100;0;50;50;50;3;0;5;1.5;Miramar Misiones;Tacuarembó;1.67;1;3;0;1.33;0;100;100;100;50;0;50;0;0;0;0;0;859;12;Y;N;N;N;N;N;N
241960;4373;4367;2016;complete;1525;4;-1;25,38,57;37;3;1;4;5;11;16;-1;-1;2;5;0;0;4;2;0;0;4;2;-1;-1;-1;-1;2;5;0;0;0;0;0;0;0;0;0;0;0;0;0;0;0;0;0;0;0;0;0;0;0;0;0;0;0;0;0;0;0;0;0;0;0;0;0;0;0;0;0;0;0;0;0;0;0;0;0;0;0;0;0;0;0;0;0;0;0;0;0;0;0;0;0;0;0;0;4;2;1;1;0;1;3;2016-10-02 18:30:00;4373;0;50;0;0;0;-1;1;-1;-1;-1;-1;-1;-1;1;2;1;3;3;4;-1;0;0;0;0;0;0;0;1;1;1;1;0;0;1;1;0;0;-1;-1;0;0;-1;-1;-1;-1;-1;-1;-1;-1;-1;0;0;0;50;100;0;100;50;0;6;0;2;1.5;Deportivo Maldonado;Villa Teresa;0.83;0.5;1;0;2.33;1.5;100;100;100;50;0;50;0;0;0;0;0;859;12;Y;Y;Y;Y;N;N;Y
241961;4368;4372;2016;complete;1525;5;-1;39,61;87;2;1;3;2;5;7;-1;-1;3;3;1;0;4;7;6;8;10;15;-1;-1;-1;-1;5;3;0;0;0;0;0;0;0;0;0;0;0;0;0;0;0;0;0;0;0;0;0;0;0;0;0;0;0;0;0;0;0;0;0;0;0;0;0;0;0;0;0;0;0;0;0;0;0;0;0;0;0;0;0;0;0;0;0;0;0;0;0;0;0;0;0;0;0;0;3;1;0;1;1;2;1;2016-10-08 13:10:00;4368;0;75;25;25;0;-1;1;-1;-1;-1;-1;-1;-1;1;1;3;2;2;5;-1;0;0;0;0;0;0;0;0;0;0;0;0;0;1;1;0;0;-1;-1;0;0;-1;-1;-1;-1;-1;-1;-1;-1;-1;0;25;50;100;100;25;75;100;50;6;0;7.5;2.75;Rentistas;Miramar Misiones;1.83;0.33;2;0.5;2.5;1;100;75;50;0;0;50;0;0;0;0;0;859;12;Y;Y;Y;N;N;N;Y
241962;4378;4379;2016;complete;1525;5;-1;25;54,87;1;2;3;8;7;15;-1;-1;2;4;0;0;2;3;0;0;2;3;-1;-1;-1;-1;2;4;0;0;0;0;0;0;0;0;0;0;0;0;0;0;0;0;0;0;0;0;0;0;0;0;0;0;0;0;0;0;0;0;0;0;0;0;0;0;0;0;0;0;0;0;0;0;0;0;0;0;0;0;0;0;0;0;0;0;0;0;0;0;0;0;0;0;0;0;3;1;0;0;2;2;1;2016-10-08 18:30:00;4379;0;25;0;25;0;-1;1;-1;-1;-1;-1;-1;-1;1;2;1;2;3;3;-1;0;0;0;0;0;0;0;1;1;1;1;0;0;1;1;0;0;-1;-1;0;0;-1;-1;-1;-1;-1;-1;-1;-1;-1;0;25;75;100;100;25;75;100;100;16;0;7;3;Progreso;Torque;1.17;0.83;0;0;0;1.5;100;75;25;0;0;50;50;50;0;0;0;859;12;Y;Y;Y;N;N;N;Y
241963;4375;4370;2016;complete;1525;5;-1;16,56;;2;0;2;3;7;10;-1;-1;1;2;0;0;3;0;1;4;4;4;-1;-1;50;50;1;2;0;0;0;0;0;0;0;0;0;0;0;0;0;0;0;0;0;0;0;0;0;0;0;0;0;0;0;0;0;0;0;0;0;0;0;0;0;0;0;0;0;0;0;0;0;0;0;0;0;0;0;0;0;0;0;0;0;0;0;0;0;0;0;0;0;0;0;0;2;1;0;1;0;1;1;2016-10-08 18:30:00;4375;0;0;0;0;0;-1;1;-1;-1;-1;-1;-1;-1;1;1;0;1;2;1;-1;0;0;0;0;0;0;0;0;0;0;0;0;0;1;1;0;0;-1;-1;0;0;-1;-1;-1;-1;-1;-1;-1;-1;-1;0;0;25;75;100;0;25;75;75;7;0;5;2;Cerrito;Tacuarembó;1.17;1;0;1.5;0;0.75;100;100;75;25;0;25;25;25;0;0;0;859;12;Y;Y;N;N;N;N;N
241964;4369;4371;2016;complete;1525;5;-1;21,27,60,83;;4;0;4;0;0;0;-1;-1;1;4;0;0;0;0;0;0;0;0;-1;-1;-1;-1;1;4;0;0;0;0;0;0;0;0;0;0;0;0;0;0;0;0;0;0;0;0;0;0;0;0;0;0;0;0;0;0;0;0;0;0;0;0;0;0;0;0;0;0;0;0;0;0;0;0;0;0;0;0;0;0;0;0;0;0;0;0;0;0;0;0;0;0;0;0;4;2;0;2;0;2;2;2016-10-08 18:30:00;4369;0;100;0;75;0;-1;1;-1;-1;-1;-1;-1;-1;0;2;1;2;2;3;-1;0;0;0;0;0;0;0;0;0;0;0;0;0;1;1;0;0;-1;-1;0;0;-1;-1;-1;-1;-1;-1;-1;-1;-1;0;25;25;100;100;25;50;100;75;0;0;9.5;2.5;Atenas;Cerro Largo;2;1.83;2;1;1.67;2.5;100;75;75;0;0;0;0;0;0;0;0;859;12;Y;Y;Y;Y;N;N;N
241965;4377;4373;2016;complete;1525;5;-1;;40;0;1;1;-1;-1;-1;-1;-1;2;5;0;1;-1;-1;-1;-1;-1;-1;-1;-1;-1;-1;2;6;0;0;0;0;0;0;0;0;0;0;0;0;0;0;0;0;0;0;0;0;0;0;0;0;0;0;0;0;0;0;0;0;0;0;0;0;0;0;0;0;0;0;0;0;0;0;0;0;0;0;0;0;0;0;0;0;0;0;0;0;0;0;0;0;0;0;0;0;1;0;1;0;0;0;1;2016-10-08 18:30:00;4373;0;0;0;0;0;-1;1;-1;-1;-1;-1;-1;-1;0;3;2;3;3;5;-1;0;0;0;0;0;0;0;0;0;0;0;0;0;1;1;0;0;-1;-1;0;1;-1;-1;-1;-1;-1;-1;-1;-1;-1;0;0;25;100;100;0;0;100;100;7.5;0;4;2.25;Central Español;Deportivo Maldonado;1.67;2.17;3;3;1.5;2.5;100;100;75;0;0;50;50;50;0;0;0;859;12;Y;N;N;N;N;N;N
241966;4367;4374;2016;complete;1525;5;-1;17;75;1;1;2;-1;-1;-1;-1;-1;3;5;0;1;-1;-1;-1;-1;-1;-1;-1;-1;-1;-1;3;6;0;0;0;0;0;0;0;0;0;0;0;0;0;0;0;0;0;0;0;0;0;0;0;0;0;0;0;0;0;0;0;0;0;0;0;0;0;0;0;0;0;0;0;0;0;0;0;0;0;0;0;0;0;0;0;0;0;0;0;0;0;0;0;0;0;0;0;0;2;1;0;0;1;1;1;2016-10-09 18:30:00;-1;0;50;50;25;0;-1;1;-1;-1;-1;-1;-1;-1;1;4;2;2;5;4;-1;0;0;0;0;0;0;0;0;0;0;0;0;0;1;1;0;0;-1;-1;0;0;-1;-1;-1;-1;-1;-1;-1;-1;-1;25;25;100;100;100;100;100;100;25;3.5;0;2.5;3.5;Villa Teresa;Canadian;1.67;0.17;3;0;1;1;75;75;0;0;0;25;0;0;0;0;0;859;12;Y;Y;N;N;N;N;Y
241967;4372;4378;2016;complete;1525;6;-1;66;;1;0;1;5;2;7;-1;-1;2;3;0;0;4;0;4;6;8;6;-1;-1;-1;-1;2;3;0;0;0;0;0;0;0;0;0;0;0;0;0;0;0;0;0;0;0;0;0;0;0;0;0;0;0;0;0;0;0;0;0;0;0;0;0;0;0;0;0;0;0;0;0;0;0;0;0;0;0;0;0;0;0;0;0;0;0;0;0;0;0;0;0;0;0;0;1;0;0;1;0;1;0;2016-10-15 13:10:00;4372;0;0;0;0;0;-1;1;-1;-1;-1;-1;-1;-1;1;1;1;2;2;3;-1;0;0;0;0;0;0;0;1;0;1;0;0;0;1;1;0;0;-1;-1;0;0;-1;-1;-1;-1;-1;-1;-1;-1;-1;0;0;0;25;100;0;50;50;25;9.5;0;6.5;1.25;Miramar Misiones;Progreso;1.67;0.67;1.5;0;0.8;0;100;100;100;75;0;100;75;75;0;0;0;859;12;Y;N;N;N;N;N;N
241968;4379;4367;2016;complete;1525;6;-1;45,75;11,30,40;2;3;5;4;1;5;-1;-1;3;2;0;0;3;4;0;0;3;4;-1;-1;-1;-1;3;2;0;0;0;0;0;0;0;0;0;0;0;0;0;0;0;0;0;0;0;0;0;0;0;0;0;0;0;0;0;0;0;0;0;0;0;0;0;0;0;0;0;0;0;0;0;0;0;0;0;0;0;0;0;0;0;0;0;0;0;0;0;0;0;0;0;0;0;0;5;1;3;1;0;1;4;2016-10-15 19:30:00;4367;0;50;50;25;0;-1;1;-1;-1;-1;-1;-1;-1;2;0;1;2;2;3;-1;0;0;0;0;0;0;0;0;0;0;0;0;0;1;1;0;0;-1;-1;0;0;-1;-1;-1;-1;-1;-1;-1;-1;-1;25;50;50;75;100;50;75;75;50;13;0;5.5;3;Torque;Villa Teresa;1.67;0.5;3;0;1.8;1;75;50;50;25;0;50;25;25;0;0;0;859;12;Y;Y;Y;Y;Y;N;Y
241969;4370;4377;2016;complete;1525;6;-1;;84;0;1;1;3;9;12;-1;-1;4;3;0;0;2;5;2;7;4;12;-1;-1;49;51;4;3;0;0;0;0;0;0;0;0;0;0;0;0;0;0;0;0;0;0;0;0;0;0;0;0;0;0;0;0;0;0;0;0;0;0;0;0;0;0;0;0;0;0;0;0;0;0;0;0;0;0;0;0;0;0;0;0;0;0;0;0;0;0;0;0;0;0;0;0;1;0;0;0;1;1;0;2016-10-15 19:30:00;4377;0;0;0;0;0;-1;1;-1;-1;-1;-1;-1;-1;2;2;2;1;4;3;-1;0;0;0;0;0;0;0;0;0;0;0;0;0;1;1;0;0;-1;-1;0;1;-1;-1;-1;-1;-1;-1;-1;-1;-1;0;0;25;50;100;0;25;100;50;6.5;0;3.5;1.75;Tacuarembó;Central Español;0.5;0.67;0;0;0.6;1.2;100;100;75;50;0;50;50;50;0;0;0;859;12;Y;N;N;N;N;N;N
241970;4371;4374;2016;complete;1525;6;-1;43;;1;0;1;-1;-1;-1;-1;-1;4;2;1;0;-1;-1;-1;-1;-1;-1;-1;-1;-1;-1;5;2;0;0;0;0;0;0;0;0;0;0;0;0;0;0;0;0;0;0;0;0;0;0;0;0;0;0;0;0;0;0;0;0;0;0;0;0;0;0;0;0;0;0;0;0;0;0;0;0;0;0;0;0;0;0;0;0;0;0;0;0;0;0;0;0;0;0;0;0;1;1;0;0;0;0;1;2016-10-15 19:30:00;4371;0;67;34;33;0;-1;1;-1;-1;-1;-1;-1;-1;4;2;1;0;6;1;-1;0;0;0;0;0;0;0;0;0;0;0;0;0;1;1;0;0;-1;-1;0;0;-1;-1;-1;-1;-1;-1;-1;-1;-1;17;17;67;84;100;34;67;100;50;2.5;0;6;2.83;Cerro Largo;Canadian;2.67;0.17;3;0.33;2;1;84;84;33;17;0;25;0;0;0;0;0;859;12;Y;N;N;N;N;N;N
241971;4375;4369;2016;complete;1525;6;-1;;11,60,65;0;3;3;4;3;7;-1;-1;1;3;0;0;4;10;9;3;13;13;-1;-1;50;50;1;3;0;0;0;0;0;0;0;0;0;0;0;0;0;0;0;0;0;0;0;0;0;0;0;0;0;0;0;0;0;0;0;0;0;0;0;0;0;0;0;0;0;0;0;0;0;0;0;0;0;0;0;0;0;0;0;0;0;0;0;0;0;0;0;0;0;0;0;0;3;0;1;0;2;2;1;2016-10-15 19:30:00;4369;0;50;0;0;0;-1;1;-1;-1;-1;-1;-1;-1;1;2;0;1;3;1;-1;0;0;0;0;0;0;0;0;0;0;0;0;0;1;1;0;0;-1;-1;0;0;-1;-1;-1;-1;-1;-1;-1;-1;-1;0;0;17;100;100;0;67;100;34;3.5;0;4;2.17;Cerrito;Atenas;1.17;2.67;1;1;0.6;2;100;100;84;0;0;25;25;0;0;0;0;859;12;Y;Y;Y;N;N;N;N
241972;4373;4352;2016;complete;1525;6;-1;9,40;26,46,71;2;3;5;5;5;10;-1;-1;3;3;0;0;3;4;0;0;3;4;-1;-1;-1;-1;3;3;0;0;0;0;0;0;0;0;0;0;0;0;0;0;0;0;0;0;0;0;0;0;0;0;0;0;0;0;0;0;0;0;0;0;0;0;0;0;0;0;0;0;0;0;0;0;0;0;0;0;0;0;0;0;0;0;0;0;0;0;0;0;0;0;0;0;0;0;5;2;1;0;2;2;3;2016-10-16 19:30:00;4352;0;75;25;25;0;-1;1;-1;-1;-1;-1;-1;-1;0;3;3;0;3;3;-1;0;0;0;0;0;0;0;1;0;1;0;0;0;1;1;1;0;-1;-1;0;0;-1;-1;-1;-1;-1;-1;-1;-1;-1;0;25;50;100;100;25;50;100;50;5;0;4;2.75;Deportivo Maldonado;El Tanque Sisley;0.83;2.17;2;1.5;2.6;2.25;100;75;50;0;0;50;50;50;0;0;0;859;12;Y;Y;Y;Y;Y;N;Y
241973;4367;4371;2016;complete;1525;7;-1;75;47,90;1;2;3;4;8;12;-1;-1;2;3;1;0;4;6;2;3;6;9;-1;-1;-1;-1;3;3;0;0;0;0;0;0;0;0;0;0;0;0;0;0;0;0;0;0;0;0;0;0;0;0;0;0;0;0;0;0;0;0;0;0;0;0;0;0;0;0;0;0;0;0;0;0;0;0;0;0;0;0;0;0;0;0;0;0;0;0;0;0;0;0;0;0;0;0;3;0;0;1;2;3;0;2016-10-22 13:10:00;4371;0;50;0;25;0;-1;1;-1;-1;-1;-1;-1;-1;1;0;2;3;1;5;-1;0;0;0;0;0;0;0;0;0;0;0;0;0;1;1;0;0;-1;-1;0;0;-1;-1;-1;-1;-1;-1;-1;-1;-1;0;25;50;100;100;50;75;100;50;1;0;6;2.75;Villa Teresa;Cerro Largo;1.67;1.83;2;0.5;1.4;2.17;100;75;50;0;0;0;0;0;0;0;0;859;12;Y;Y;Y;N;N;N;Y
241974;4374;4369;2016;complete;1525;7;-1;21;41,48,75;1;3;4;-1;-1;-1;-1;-1;3;6;2;1;-1;-1;-1;-1;-1;-1;-1;-1;-1;-1;7;7;0;0;0;0;0;0;0;0;0;0;0;0;0;0;0;0;0;0;0;0;0;0;0;0;0;0;0;0;0;0;0;0;0;0;0;0;0;0;0;0;0;0;0;0;0;0;0;0;0;0;0;0;0;0;0;0;0;0;0;0;0;0;0;0;0;0;0;0;4;1;1;0;2;2;2;2016-10-22 19:30:00;4369;0;75;0;50;0;-1;1;-1;-1;-1;-1;-1;-1;1;5;4;2;6;6;-1;0;0;0;0;0;0;0;0;1;0;1;0;0;1;1;0;0;-1;-1;0;1;-1;-1;-1;-1;-1;-1;-1;-1;-1;0;0;75;100;100;0;100;100;75;3;0;7.5;2.75;Canadian;Atenas;1.83;2.67;3;2;0.8;2.2;100;100;25;0;0;0;0;0;0;0;0;859;12;Y;Y;Y;Y;N;N;Y
241975;4377;4372;2016;complete;1525;7;-1;51;49;1;1;2;2;8;10;-1;-1;3;1;1;1;5;6;5;4;10;10;-1;-1;-1;-1;5;3;0;0;0;0;0;0;0;0;0;0;0;0;0;0;0;0;0;0;0;0;0;0;0;0;0;0;0;0;0;0;0;0;0;0;0;0;0;0;0;0;0;0;0;0;0;0;0;0;0;0;0;0;0;0;0;0;0;0;0;0;0;0;0;0;0;0;0;0;2;0;0;1;1;2;0;2016-10-22 19:30:00;-1;0;34;0;17;0;-1;1;-1;-1;-1;-1;-1;-1;2;1;2;1;3;3;-1;0;0;0;0;0;0;0;0;0;0;0;0;0;1;1;0;0;-1;-1;0;0;-1;-1;-1;-1;-1;-1;-1;-1;-1;0;17;34;84;100;0;67;84;67;9;0;6.67;2.34;Central Español;Miramar Misiones;1.67;0.33;2;0.33;1.5;1.17;100;84;67;17;0;50;50;50;0;0;0;859;12;Y;Y;N;N;N;N;Y
241976;4378;4375;2016;complete;1525;7;-1;22,87;31;2;1;3;8;3;11;-1;-1;5;4;0;0;3;2;0;0;3;2;-1;-1;-1;-1;5;4;0;0;0;0;0;0;0;0;0;0;0;0;0;0;0;0;0;0;0;0;0;0;0;0;0;0;0;0;0;0;0;0;0;0;0;0;0;0;0;0;0;0;0;0;0;0;0;0;0;0;0;0;0;0;0;0;0;0;0;0;0;0;0;0;0;0;0;0;3;1;1;1;0;1;2;2016-10-22 19:30:00;4378;0;50;0;25;0;-1;1;-1;-1;-1;-1;-1;-1;4;0;1;4;4;5;-1;0;0;0;0;0;0;0;0;0;0;0;0;0;1;1;0;0;-1;-1;1;0;-1;-1;-1;-1;-1;-1;-1;-1;-1;0;0;100;100;100;25;100;100;75;12;0;5;3;Progreso;Cerrito;1.17;0.17;0;0;0;0.5;100;100;0;0;0;50;50;50;0;0;0;859;12;Y;Y;Y;N;N;N;Y
241977;4370;4352;2016;complete;1525;7;-1;28;16,45,90;1;3;4;-1;-1;-1;-1;-1;4;4;0;0;-1;-1;-1;-1;-1;-1;-1;-1;-1;-1;4;4;0;0;0;0;0;0;0;0;0;0;0;0;0;0;0;0;0;0;0;0;0;0;0;0;0;0;0;0;0;0;0;0;0;0;0;0;0;0;0;0;0;0;0;0;0;0;0;0;0;0;0;0;0;0;0;0;0;0;0;0;0;0;0;0;0;0;0;0;4;1;2;0;1;1;3;2016-10-22 19:30:00;4352;0;34;17;17;0;-1;1;-1;-1;-1;-1;-1;-1;1;1;3;3;2;6;-1;0;0;0;0;0;0;0;0;2;0;2;0;0;1;1;0;0;-1;-1;0;0;-1;-1;-1;-1;-1;-1;-1;-1;-1;17;17;34;67;100;17;17;100;67;8.33;0;5.67;2.33;Tacuarembó;El Tanque Sisley;0.5;2.17;0;2;0.5;2.4;84;84;67;34;0;67;67;17;0;0;0;859;12;Y;Y;Y;Y;N;N;Y
241978;4373;4368;2016;complete;1525;7;-1;89;65,83;1;2;3;7;3;10;-1;-1;3;2;0;1;4;4;10;2;14;6;-1;-1;-1;-1;3;4;0;0;0;0;0;0;0;0;0;0;0;0;0;0;0;0;0;0;0;0;0;0;0;0;0;0;0;0;0;0;0;0;0;0;0;0;0;0;0;0;0;0;0;0;0;0;0;0;0;0;0;0;0;0;0;0;0;0;0;0;0;0;0;0;0;0;0;0;3;0;0;1;2;3;0;2016-10-23 19:30:00;4368;0;50;34;0;0;-1;1;-1;-1;-1;-1;-1;-1;0;3;3;0;3;3;-1;0;0;0;0;0;0;0;0;0;0;0;0;0;1;1;0;0;-1;-1;0;1;-1;-1;-1;-1;-1;-1;-1;-1;-1;17;34;59;75;100;34;75;100;42;9;0;4;2.84;Deportivo Maldonado;Rentistas;0.83;1.67;1.33;3;2.17;2.6;84;67;42;25;0;50;50;25;0;0;0;859;12;Y;Y;Y;N;N;N;Y
241979;4372;4371;2016;complete;1525;8;-1;;89;0;1;1;7;3;10;-1;-1;3;3;1;0;4;7;4;6;8;13;-1;-1;51;49;5;3;0;0;0;0;0;0;0;0;0;0;0;0;0;0;0;0;0;0;0;0;0;0;0;0;0;0;0;0;0;0;0;0;0;0;0;0;0;0;0;0;0;0;0;0;0;0;0;0;0;0;0;0;0;0;0;0;0;0;0;0;0;0;0;0;0;0;0;0;1;0;0;0;1;1;0;2016-10-29 13:10:00;4371;0;34;0;34;0;-1;1;-1;-1;-1;-1;-1;-1;0;1;4;2;1;6;-1;0;0;0;0;0;0;0;0;0;0;0;0;0;1;1;0;0;-1;-1;0;0;-1;-1;-1;-1;-1;-1;-1;-1;-1;0;17;34;50;100;17;50;67;50;8.67;0;6.33;2;Miramar Misiones;Cerro Largo;1.67;1.83;2;1.33;1.14;2.29;100;84;67;50;0;59;42;42;0;0;0;859;12;Y;N;N;N;N;N;N
241980;4374;4373;2016;complete;1525;8;-1;3,66,83;7,28,90;3;3;6;-1;-1;-1;-1;-1;3;3;0;1;-1;-1;-1;-1;-1;-1;-1;-1;-1;-1;3;5;0;0;0;0;0;0;0;0;0;0;0;0;0;0;0;0;0;0;0;0;0;0;0;0;0;0;0;0;0;0;0;0;0;0;0;0;0;0;0;0;0;0;0;0;0;0;0;0;0;0;0;0;0;0;0;0;0;0;0;0;0;0;0;0;0;0;0;0;6;1;2;2;1;3;3;2016-10-29 19:30:00;-1;0;50;25;25;0;-1;1;-1;-1;-1;-1;-1;-1;2;2;1;2;4;3;-1;0;0;0;0;0;0;0;1;1;1;1;0;0;1;1;1;1;-1;-1;0;0;-1;-1;-1;-1;-1;-1;-1;-1;-1;0;25;67;84;100;25;67;84;84;3.5;0;9.33;2.75;Canadian;Deportivo Maldonado;1.83;2.17;1.5;3;0.67;1.86;100;75;34;17;0;0;0;0;0;0;0;859;12;Y;Y;Y;Y;Y;Y;Y
241981;4369;4368;2016;complete;1525;8;-1;38;23;1;1;2;-1;-1;-1;-1;-1;4;4;0;0;-1;-1;-1;-1;-1;-1;-1;-1;-1;-1;4;4;0;0;0;0;0;0;0;0;0;0;0;0;0;0;0;0;0;0;0;0;0;0;0;0;0;0;0;0;0;0;0;0;0;0;0;0;0;0;0;0;0;0;0;0;0;0;0;0;0;0;0;0;0;0;0;0;0;0;0;0;0;0;0;0;0;0;0;0;2;1;1;0;0;0;2;2016-10-29 19:30:00;-1;0;50;0;33;0;-1;1;-1;-1;-1;-1;-1;-1;2;1;2;3;3;5;-1;0;0;0;0;0;0;0;0;0;0;0;0;0;1;1;0;0;-1;-1;0;0;-1;-1;-1;-1;-1;-1;-1;-1;-1;0;34;67;84;100;34;67;100;67;3.5;0;6;2.83;Atenas;Rentistas;2;1.67;2.33;3;2.33;2.67;100;67;33;17;0;25;25;0;0;0;0;859;12;Y;Y;N;N;N;N;Y
241982;4375;4379;2016;complete;1525;8;-1;;;0;0;0;3;4;7;-1;-1;1;5;0;0;2;2;5;5;7;7;-1;-1;49;51;1;5;0;0;0;0;0;0;0;0;0;0;0;0;0;0;0;0;0;0;0;0;0;0;0;0;0;0;0;0;0;0;0;0;0;0;0;0;0;0;0;0;0;0;0;0;0;0;0;0;0;0;0;0;0;0;0;0;0;0;0;0;0;0;0;0;0;0;0;0;0;0;0;0;0;0;0;2016-10-29 19:30:00;-1;0;34;0;17;0;-1;1;-1;-1;-1;-1;-1;-1;0;2;1;3;2;4;-1;0;0;0;0;0;0;0;0;0;0;0;0;0;1;1;0;0;-1;-1;0;0;-1;-1;-1;-1;-1;-1;-1;-1;-1;0;17;59;100;100;17;59;100;88;15.17;0;5.75;2.75;Cerrito;Torque;1.17;0.83;0.75;1;0.43;1.5;100;84;42;0;0;67;67;50;0;0;0;859;12;N;N;N;N;N;N;N
241983;4352;4378;2016;complete;1525;8;-1;75;;1;0;1;3;5;8;-1;-1;1;5;0;1;2;0;0;0;2;0;-1;-1;-1;-1;1;6;0;0;0;0;0;0;0;0;0;0;0;0;0;0;0;0;0;0;0;0;0;0;0;0;0;0;0;0;0;0;0;0;0;0;0;0;0;0;0;0;0;0;0;0;0;0;0;0;0;0;0;0;0;0;0;0;0;0;0;0;0;0;0;0;0;0;0;0;1;0;0;1;0;1;0;2016-10-29 19:30:00;4352;0;0;0;0;0;-1;1;-1;-1;-1;-1;-1;-1;1;2;0;4;3;4;-1;0;0;0;0;0;0;0;0;0;0;0;0;0;1;1;0;0;-1;-1;0;0;-1;-1;-1;-1;-1;-1;-1;-1;-1;0;25;25;42;100;0;25;100;42;11.5;0;7.17;1.92;El Tanque Sisley;Progreso;2.67;0.67;3;0;2.5;0.5;100;75;75;59;0;75;75;75;0;0;0;859;12;Y;N;N;N;N;N;N
241984;4367;4377;2016;complete;1525;8;-1;63;;1;0;1;13;5;18;-1;-1;0;3;0;0;3;7;3;0;6;7;-1;-1;-1;-1;0;3;0;0;0;0;0;0;0;0;0;0;0;0;0;0;0;0;0;0;0;0;0;0;0;0;0;0;0;0;0;0;0;0;0;0;0;0;0;0;0;0;0;0;0;0;0;0;0;0;0;0;0;0;0;0;0;0;0;0;0;0;0;0;0;0;0;0;0;0;1;0;0;1;0;1;0;2016-10-30 19:30:00;4367;0;34;0;17;0;-1;1;-1;-1;-1;-1;-1;-1;0;2;0;1;2;1;-1;0;0;0;0;0;0;0;0;0;0;0;0;0;1;1;0;0;-1;-1;0;0;-1;-1;-1;-1;-1;-1;-1;-1;-1;0;0;50;67;100;17;50;100;33;8.5;0;3.67;2.17;Villa Teresa;Central Español;1.67;0.67;1.33;1;1.17;1.43;100;100;50;34;0;75;75;75;0;0;0;859;12;Y;N;N;N;N;N;N
241985;4368;4352;2016;complete;1525;9;-1;;64;0;1;1;-1;-1;-1;-1;-1;4;2;0;0;-1;-1;-1;-1;-1;-1;-1;-1;-1;-1;4;2;0;0;0;0;0;0;0;0;0;0;0;0;0;0;0;0;0;0;0;0;0;0;0;0;0;0;0;0;0;0;0;0;0;0;0;0;0;0;0;0;0;0;0;0;0;0;0;0;0;0;0;0;0;0;0;0;0;0;0;0;0;0;0;0;0;0;0;0;1;0;0;0;1;1;0;2016-11-12 13:10:00;4352;0;88;42;46;0;-1;1;-1;-1;-1;-1;-1;-1;2;0;2;2;2;4;-1;0;0;0;0;0;0;0;0;0;0;0;0;0;1;1;0;0;-1;-1;0;0;-1;-1;-1;-1;-1;-1;-1;-1;-1;13;25;71;100;100;42;59;100;71;9;0;6;3.09;Rentistas;El Tanque Sisley;1.83;2.17;2.33;2.25;2.43;2.57;88;75;29;0;0;75;50;0;0;0;0;859;12;Y;N;N;N;N;N;N
241986;4374;4370;2016;complete;1525;9;-1;44,77,89;8,49,57;3;3;6;-1;-1;-1;-1;-1;2;2;0;0;-1;-1;-1;-1;-1;-1;-1;-1;-1;-1;2;2;0;0;0;0;0;0;0;0;0;0;0;0;0;0;0;0;0;0;0;0;0;0;0;0;0;0;0;0;0;0;0;0;0;0;0;0;0;0;0;0;0;0;0;0;0;0;0;0;0;0;0;0;0;0;0;0;0;0;0;0;0;0;0;0;0;0;0;0;6;1;1;2;2;4;2;2016-11-12 19:30:00;-1;0;50;34;34;0;-1;1;-1;-1;-1;-1;-1;-1;1;0;1;2;1;3;-1;0;0;0;0;0;0;0;0;0;0;0;0;0;1;1;0;1;-1;-1;0;0;-1;-1;-1;-1;-1;-1;-1;-1;-1;17;34;50;84;100;34;84;84;67;4.33;0;7.33;3;Canadian;Tacuarembó;1.83;1;1.33;1;0.71;0.43;84;67;50;17;0;34;34;17;0;0;0;859;12;Y;Y;Y;Y;Y;Y;Y
241987;4377;4375;2016;complete;1525;9;-1;2,45,63;;3;0;3;9;10;19;-1;-1;0;1;0;0;10;8;3;6;13;14;-1;-1;50;50;0;1;0;0;0;0;0;0;0;0;0;0;0;0;0;0;0;0;0;0;0;0;0;0;0;0;0;0;0;0;0;0;0;0;0;0;0;0;0;0;0;0;0;0;0;0;0;0;0;0;0;0;0;0;0;0;0;0;0;0;0;0;0;0;0;0;0;0;0;0;3;2;0;1;0;1;2;2016-11-12 19:30:00;4377;0;46;17;29;0;-1;1;-1;-1;-1;-1;-1;-1;0;0;0;1;0;1;-1;0;0;0;0;0;0;0;0;0;0;0;0;0;1;1;1;0;-1;-1;0;0;-1;-1;-1;-1;-1;-1;-1;-1;-1;0;0;50;88;100;34;63;88;54;6.83;0;5.75;2.38;Central Español;Cerrito;1.67;0.17;1.75;0;1.25;0.5;100;100;50;13;0;75;75;59;0;0;0;859;12;Y;Y;Y;N;N;N;N
241988;4373;4378;2016;complete;1525;9;-1;38;80;1;1;2;-1;-1;-1;-1;-1;2;3;0;0;-1;-1;-1;-1;-1;-1;-1;-1;-1;-1;2;3;0;0;0;0;0;0;0;0;0;0;0;0;0;0;0;0;0;0;0;0;0;0;0;0;0;0;0;0;0;0;0;0;0;0;0;0;0;0;0;0;0;0;0;0;0;0;0;0;0;0;0;0;0;0;0;0;0;0;0;0;0;0;0;0;0;0;0;0;2;1;0;0;1;1;1;2016-11-12 19:30:00;-1;0;50;25;13;0;-1;1;-1;-1;-1;-1;-1;-1;0;1;2;2;1;4;-1;0;0;0;0;0;0;0;0;0;0;0;0;0;1;1;0;0;-1;-1;0;0;-1;-1;-1;-1;-1;-1;-1;-1;-1;13;25;38;63;100;25;38;100;38;9.67;0;6.5;2.38;Deportivo Maldonado;Progreso;0.83;0.67;1;0;1.75;0.43;88;75;63;38;0;67;67;33;0;0;0;859;12;Y;Y;N;N;N;N;Y
241989;4379;4372;2016;complete;1525;9;-1;15,76;42;2;1;3;0;0;0;-1;-1;3;2;0;0;0;0;0;0;0;0;-1;-1;-1;-1;3;2;0;0;0;0;0;0;0;0;0;0;0;0;0;0;0;0;0;0;0;0;0;0;0;0;0;0;0;0;0;0;0;0;0;0;0;0;0;0;0;0;0;0;0;0;0;0;0;0;0;0;0;0;0;0;0;0;0;0;0;0;0;0;0;0;0;0;0;0;3;1;1;1;0;1;2;2016-11-12 19:30:00;4379;0;71;34;42;0;-1;1;-1;-1;-1;-1;-1;-1;1;1;2;1;2;3;-1;0;0;0;0;0;0;0;2;0;2;0;0;0;1;1;0;0;-1;-1;0;0;-1;-1;-1;-1;-1;-1;-1;-1;-1;34;46;59;100;100;34;71;100;71;10.83;0;6.92;3.38;Torque;Miramar Misiones;1.67;0.33;2;0.5;1.43;1;67;54;42;0;0;25;25;0;0;0;0;859;12;Y;Y;Y;N;N;N;Y
241990;4369;4367;2016;complete;1525;9;-1;50,72;11;2;1;3;-1;-1;-1;-1;-1;4;5;0;1;-1;-1;-1;-1;-1;-1;-1;-1;-1;-1;4;6;0;0;0;0;0;0;0;0;0;0;0;0;0;0;0;0;0;0;0;0;0;0;0;0;0;0;0;0;0;0;0;0;0;0;0;0;0;0;0;0;0;0;0;0;0;0;0;0;0;0;0;0;0;0;0;0;0;0;0;0;0;0;0;0;0;0;0;0;3;0;1;2;0;2;1;2016-11-13 19:30:00;4369;0;71;46;13;0;-1;1;-1;-1;-1;-1;-1;-1;1;3;3;3;4;6;-1;0;0;0;0;0;0;0;1;0;1;0;0;0;1;1;0;0;-1;-1;0;0;-1;-1;-1;-1;-1;-1;-1;-1;-1;17;59;59;84;100;71;100;71;25;6;0;6.17;3.17;Atenas;Villa Teresa;2;0.5;2;1;2.14;1.43;84;42;42;17;0;34;17;17;0;0;0;859;12;Y;Y;Y;N;N;N;Y
241991;4372;4373;2016;complete;1525;10;-1;5;;1;0;1;1;5;6;-1;-1;2;3;2;1;5;3;1;6;6;9;-1;-1;41;59;4;4;0;0;0;0;0;0;0;0;0;0;0;0;0;0;0;0;0;0;0;0;0;0;0;0;0;0;0;0;0;0;0;0;0;0;0;0;0;0;0;0;0;0;0;0;0;0;0;0;0;0;0;0;0;0;0;0;0;0;0;0;0;0;0;0;0;0;0;0;1;1;0;0;0;0;1;2016-11-18 19:30:00;4372;0;13;13;13;0;-1;1;-1;-1;-1;-1;-1;-1;2;0;2;4;2;6;-1;0;0;0;0;0;0;0;0;0;0;0;0;0;1;1;1;0;-1;-1;1;0;-1;-1;-1;-1;-1;-1;-1;-1;-1;13;13;25;38;100;13;50;63;38;8.75;0;6.75;2;Miramar Misiones;Deportivo Maldonado;1.67;2.17;1.5;2.5;0.89;1.67;88;88;75;63;0;38;25;13;0;0;0;859;12;Y;N;N;N;N;N;N
241992;4379;4371;2016;complete;1525;10;-1;;;0;0;0;5;3;8;-1;-1;1;2;0;0;2;4;3;1;5;5;-1;-1;-1;-1;1;2;0;0;0;0;0;0;0;0;0;0;0;0;0;0;0;0;0;0;0;0;0;0;0;0;0;0;0;0;0;0;0;0;0;0;0;0;0;0;0;0;0;0;0;0;0;0;0;0;0;0;0;0;0;0;0;0;0;0;0;0;0;0;0;0;0;0;0;0;0;0;0;0;0;0;0;2016-11-19 13:10:00;-1;0;63;38;38;0;-1;1;-1;-1;-1;-1;-1;-1;0;0;1;2;0;3;-1;0;0;0;0;0;0;0;0;0;0;0;0;0;1;1;0;0;-1;-1;0;0;-1;-1;-1;-1;-1;-1;-1;-1;-1;25;38;63;88;100;50;50;100;63;6.92;0;6.5;3.13;Torque;Cerro Largo;1.67;1.83;2.25;1.75;1.63;2.38;75;63;38;13;0;34;34;17;0;0;0;859;12;N;N;N;N;N;N;N
241993;4352;4374;2016;complete;1525;10;-1;67,81;;2;0;2;-1;-1;-1;-1;-1;1;3;0;0;-1;-1;-1;-1;-1;-1;-1;-1;-1;-1;1;3;0;0;0;0;0;0;0;0;0;0;0;0;0;0;0;0;0;0;0;0;0;0;0;0;0;0;0;0;0;0;0;0;0;0;0;0;0;0;0;0;0;0;0;0;0;0;0;0;0;0;0;0;0;0;0;0;0;0;0;0;0;0;0;0;0;0;0;0;2;0;0;2;0;2;0;2016-11-19 19:30:00;4352;0;38;25;13;0;-1;1;-1;-1;-1;-1;-1;-1;0;2;1;1;2;2;-1;0;0;0;0;0;0;0;0;0;0;0;0;0;1;1;0;0;-1;-1;0;0;-1;-1;-1;-1;-1;-1;-1;-1;-1;13;29;42;54;100;25;67;88;29;8;0;5.92;2.38;El Tanque Sisley;Canadian;2.67;0.17;3;0.25;2.63;0.75;88;71;59;46;0;50;25;25;0;0;0;859;12;Y;Y;N;N;N;N;N
241994;4375;4368;2016;complete;1525;10;-1;9,32;25;2;1;3;7;11;18;-1;-1;6;2;0;0;3;2;0;0;3;2;-1;-1;-1;-1;6;2;0;0;0;0;0;0;0;0;0;0;0;0;0;0;0;0;0;0;0;0;0;0;0;0;0;0;0;0;0;0;0;0;0;0;0;0;0;0;0;0;0;0;0;0;0;0;0;0;0;0;0;0;0;0;0;0;0;0;0;0;0;0;0;0;0;0;0;0;3;2;1;0;0;0;3;2016-11-19 19:30:00;4375;0;25;13;13;0;-1;1;-1;-1;-1;-1;-1;-1;2;0;4;2;2;6;-1;0;0;0;0;0;0;0;0;0;0;0;0;0;1;1;1;0;-1;-1;1;0;-1;-1;-1;-1;-1;-1;-1;-1;-1;0;0;45;78;90;13;45;78;55;7;0;4.6;2.13;Cerrito;Rentistas;1.17;1.67;0.8;2.5;0.44;2.13;100;100;55;23;10;38;38;0;0;0;0;859;12;Y;Y;Y;N;N;N;Y
241995;4378;4369;2016;complete;1525;10;-1;;70;0;1;1;7;6;13;-1;-1;3;4;0;0;3;5;8;7;11;12;-1;-1;-1;-1;3;4;0;0;0;0;0;0;0;0;0;0;0;0;0;0;0;0;0;0;0;0;0;0;0;0;0;0;0;0;0;0;0;0;0;0;0;0;0;0;0;0;0;0;0;0;0;0;0;0;0;0;0;0;0;0;0;0;0;0;0;0;0;0;0;0;0;0;0;0;1;0;0;0;1;1;0;2016-11-19 19:30:00;4369;0;67;33;0;0;-1;1;-1;-1;-1;-1;-1;-1;1;2;2;2;3;4;-1;0;0;0;0;0;0;0;0;0;0;0;0;0;1;1;0;0;-1;-1;0;0;-1;-1;-1;-1;-1;-1;-1;-1;-1;0;17;84;100;100;33;100;100;67;11;0;7.33;3;Progreso;Atenas;1.17;2.67;1;2.33;0.5;2.25;100;84;17;0;0;50;50;50;0;0;0;859;12;Y;N;N;N;N;N;N
241996;4370;4367;2016;complete;1525;10;-1;52,77;85;2;1;3;5;5;10;-1;-1;3;3;0;0;6;3;3;4;9;7;-1;-1;44;56;3;3;0;0;0;0;0;0;0;0;0;0;0;0;0;0;0;0;0;0;0;0;0;0;0;0;0;0;0;0;0;0;0;0;0;0;0;0;0;0;0;0;0;0;0;0;0;0;0;0;0;0;0;0;0;0;0;0;0;0;0;0;0;0;0;0;0;0;0;0;3;0;0;2;1;3;0;2016-11-19 19:30:00;4370;0;50;38;0;0;-1;1;-1;-1;-1;-1;-1;-1;0;0;3;3;0;6;-1;0;0;0;0;0;0;0;1;0;1;0;0;0;1;1;0;0;-1;-1;0;0;-1;-1;-1;-1;-1;-1;-1;-1;-1;13;38;50;63;100;38;63;88;25;9.33;0;6.75;2.63;Tacuarembó;Villa Teresa;0.5;0.5;0;0.75;0.5;1.25;88;63;50;38;0;50;33;33;0;0;0;859;12;Y;Y;Y;N;N;N;Y
241997;4352;4379;2016;complete;1525;11;-1;20;90;1;1;2;-1;-1;-1;-1;-1;1;2;0;0;-1;-1;-1;-1;-1;-1;-1;-1;-1;-1;1;2;0;0;0;0;0;0;0;0;0;0;0;0;0;0;0;0;0;0;0;0;0;0;0;0;0;0;0;0;0;0;0;0;0;0;0;0;0;0;0;0;0;0;0;0;0;0;0;0;0;0;0;0;0;0;0;0;0;0;0;0;0;0;0;0;0;0;0;0;2;1;0;0;1;1;1;2016-11-26 13:10:00;-1;0;25;0;13;0;-1;1;-1;-1;-1;-1;-1;-1;0;0;1;2;0;3;-1;0;0;0;0;0;0;0;0;1;0;1;0;0;1;1;0;0;-1;-1;0;0;-1;-1;-1;-1;-1;-1;-1;-1;-1;0;25;38;63;88;13;38;88;63;14.5;0;6.5;2.13;El Tanque Sisley;Torque;2.67;0.83;3;1;2.67;1.56;100;75;63;38;13;59;59;59;0;0;0;859;12;Y;Y;N;N;N;N;Y
241998;4367;4368;2016;complete;1525;11;-1;69,82,90;41;3;1;4;2;2;4;-1;-1;4;2;0;0;7;7;4;8;11;15;-1;-1;-1;-1;4;2;0;0;0;0;0;0;0;0;0;0;0;0;0;0;0;0;0;0;0;0;0;0;0;0;0;0;0;0;0;0;0;0;0;0;0;0;0;0;0;0;0;0;0;0;0;0;0;0;0;0;0;0;0;0;0;0;0;0;0;0;0;0;0;0;0;0;0;0;4;0;1;3;0;3;1;2016-11-26 13:10:00;4367;0;55;20;23;0;-1;1;-1;-1;-1;-1;-1;-1;2;0;2;2;2;4;-1;0;0;0;0;0;0;0;0;1;0;1;0;0;1;1;0;0;-1;-1;1;0;-1;-1;-1;-1;-1;-1;-1;-1;-1;0;0;55;78;100;33;55;80;33;12;0;4.3;2.33;Villa Teresa;Rentistas;1.67;1.67;1.75;2;1.11;1.89;100;100;45;23;0;67;67;50;0;0;0;859;12;Y;Y;Y;Y;N;N;Y
241999;4377;4369;2016;complete;1525;11;-1;;48;0;1;1;3;6;9;-1;-1;2;2;0;0;2;4;4;7;6;11;-1;-1;-1;-1;2;2;0;0;0;0;0;0;0;0;0;0;0;0;0;0;0;0;0;0;0;0;0;0;0;0;0;0;0;0;0;0;0;0;0;0;0;0;0;0;0;0;0;0;0;0;0;0;0;0;0;0;0;0;0;0;0;0;0;0;0;0;0;0;0;0;0;0;0;0;1;0;0;0;1;1;0;2016-11-26 13:10:00;4369;0;35;13;10;0;-1;1;-1;-1;-1;-1;-1;-1;0;2;2;0;2;2;-1;0;0;0;0;0;0;0;0;0;0;0;0;0;1;1;0;0;-1;-1;0;0;-1;-1;-1;-1;-1;-1;-1;-1;-1;0;13;35;78;100;23;58;90;55;9.25;0;6.2;2.25;Central Español;Atenas;1.67;2.67;2;2.5;1.44;2.33;100;88;65;23;0;75;75;63;0;0;0;859;12;Y;N;N;N;N;N;N
242000;4373;4371;2016;complete;1525;11;-1;;26,36,81;0;3;3;-1;-1;-1;-1;-1;2;5;1;0;-1;-1;-1;-1;-1;-1;-1;-1;-1;-1;3;5;0;0;0;0;0;0;0;0;0;0;0;0;0;0;0;0;0;0;0;0;0;0;0;0;0;0;0;0;0;0;0;0;0;0;0;0;0;0;0;0;0;0;0;0;0;0;0;0;0;0;0;0;0;0;0;0;0;0;0;0;0;0;0;0;0;0;0;0;3;0;2;0;1;1;2;2016-11-26 13:10:00;4371;0;70;20;30;0;-1;1;-1;-1;-1;-1;-1;-1;0;0;3;5;0;8;-1;0;0;0;0;0;0;0;0;0;0;0;0;0;1;1;0;0;-1;-1;0;0;-1;-1;-1;-1;-1;-1;-1;-1;-1;10;30;50;80;90;30;50;90;50;9.17;0;5.6;2.6;Deportivo Maldonado;Cerro Largo;0.83;1.83;1;1.6;1.5;2.22;90;70;50;20;10;75;75;29;0;0;0;859;12;Y;Y;Y;N;N;N;N
242001;4374;4372;2016;complete;1525;11;-1;16,42,44;;3;0;3;-1;-1;-1;-1;-1;0;2;1;0;-1;-1;-1;-1;-1;-1;-1;-1;-1;-1;2;2;0;0;0;0;0;0;0;0;0;0;0;0;0;0;0;0;0;0;0;0;0;0;0;0;0;0;0;0;0;0;0;0;0;0;0;0;0;0;0;0;0;0;0;0;0;0;0;0;0;0;0;0;0;0;0;0;0;0;0;0;0;0;0;0;0;0;0;0;3;3;0;0;0;0;3;2016-11-26 18:30:00;4374;0;90;48;58;0;-1;1;-1;-1;-1;-1;-1;-1;0;1;1;1;1;2;-1;0;0;0;0;0;0;0;1;0;1;0;0;0;1;1;0;0;-1;-1;0;0;-1;-1;-1;-1;-1;-1;-1;-1;-1;25;48;80;100;100;48;90;100;80;4.33;0;8.05;3.78;Canadian;Miramar Misiones;1.83;0.33;1.25;0.4;0.67;1.1;75;53;20;0;0;17;17;0;0;0;0;859;12;Y;Y;Y;N;N;N;N
242002;4378;4370;2016;complete;1525;11;-1;;;0;0;0;11;2;13;-1;-1;3;3;0;0;0;0;0;0;0;0;-1;-1;-1;-1;3;3;0;0;0;0;0;0;0;0;0;0;0;0;0;0;0;0;0;0;0;0;0;0;0;0;0;0;0;0;0;0;0;0;0;0;0;0;0;0;0;0;0;0;0;0;0;0;0;0;0;0;0;0;0;0;0;0;0;0;0;0;0;0;0;0;0;0;0;0;0;0;0;0;0;0;0;2016-11-26 19:30:00;-1;0;38;25;13;0;-1;1;-1;-1;-1;-1;-1;-1;1;2;2;1;3;3;-1;0;0;0;0;0;0;0;0;0;0;0;0;0;1;1;0;0;-1;-1;0;0;-1;-1;-1;-1;-1;-1;-1;-1;-1;13;13;50;75;100;25;75;88;50;12;0;5.5;2.63;Progreso;Tacuarembó;1.17;1;0.75;1;0.44;0.78;88;88;50;25;0;84;84;67;0;0;0;859;12;N;N;N;N;N;N;N
242003;4372;4375;2016;complete;1525;12;-1;;;0;0;0;5;6;11;-1;-1;3;2;0;0;5;4;3;11;8;15;-1;-1;54;46;3;2;0;0;0;0;0;0;0;0;0;0;0;0;0;0;0;0;0;0;0;0;0;0;0;0;0;0;0;0;0;0;0;0;0;0;0;0;0;0;0;0;0;0;0;0;0;0;0;0;0;0;0;0;0;0;0;0;0;0;0;0;0;0;0;0;0;0;0;0;0;0;0;0;0;0;0;2016-12-02 19:30:00;-1;0;25;13;13;0;-1;1;-1;-1;-1;-1;-1;-1;1;0;2;2;1;4;-1;0;0;0;0;0;0;0;0;0;0;0;0;0;1;1;0;0;-1;-1;1;0;-1;-1;-1;-1;-1;-1;-1;-1;-1;0;0;50;50;100;38;80;70;13;10.07;0;5.7;2;Miramar Misiones;Cerrito;1.67;0.17;1.8;0;1;0.7;100;100;50;50;0;64;54;44;0;0;0;859;12;N;N;N;N;N;N;N
242004;4369;4352;2016;complete;1525;12;-1;37,55;11,75;2;2;4;7;5;12;-1;-1;4;4;0;1;6;5;15;6;21;11;-1;-1;-1;-1;4;6;0;0;0;0;0;0;0;0;0;0;0;0;0;0;0;0;0;0;0;0;0;0;0;0;0;0;0;0;0;0;0;0;0;0;0;0;0;0;0;0;0;0;0;0;0;0;0;0;0;0;0;0;0;0;0;0;0;0;0;0;0;0;0;0;0;0;0;0;4;1;1;1;1;2;2;2016-12-03 13:10:00;-1;0;70;30;20;0;-1;1;-1;-1;-1;-1;-1;-1;1;2;3;3;3;6;-1;0;0;0;0;0;0;0;0;1;0;1;0;0;1;1;0;0;-1;-1;0;0;-1;-1;-1;-1;-1;-1;-1;-1;-1;10;40;60;90;100;50;70;90;60;5;0;6.4;3;Atenas;El Tanque Sisley;2;2.17;2.2;2.4;2.4;2.5;90;60;40;10;0;50;50;0;0;0;0;859;12;Y;Y;Y;Y;N;N;Y
242005;4371;4370;2016;complete;1525;12;-1;;;0;0;0;-1;-1;-1;-1;-1;3;2;0;0;-1;-1;-1;-1;-1;-1;-1;-1;-1;-1;3;2;0;0;0;0;0;0;0;0;0;0;0;0;0;0;0;0;0;0;0;0;0;0;0;0;0;0;0;0;0;0;0;0;0;0;0;0;0;0;0;0;0;0;0;0;0;0;0;0;0;0;0;0;0;0;0;0;0;0;0;0;0;0;0;0;0;0;0;0;0;0;0;0;0;0;0;2016-12-03 13:10:00;-1;0;23;10;23;0;-1;1;-1;-1;-1;-1;-1;-1;1;0;2;2;1;4;-1;0;0;0;0;0;0;0;0;0;0;0;0;0;1;1;0;0;-1;-1;0;0;-1;-1;-1;-1;-1;-1;-1;-1;-1;10;10;35;55;90;10;55;68;45;3.75;0;5.4;2.1;Cerro Largo;Tacuarembó;2.67;1;3;1;2.3;0.8;90;90;65;45;10;38;38;25;0;0;0;859;12;N;N;N;N;N;N;N
242006;4374;4377;2016;complete;1525;12;-1;70;;1;0;1;-1;-1;-1;-1;-1;3;3;0;0;-1;-1;-1;-1;-1;-1;-1;-1;-1;-1;3;3;0;0;0;0;0;0;0;0;0;0;0;0;0;0;0;0;0;0;0;0;0;0;0;0;0;0;0;0;0;0;0;0;0;0;0;0;0;0;0;0;0;0;0;0;0;0;0;0;0;0;0;0;0;0;0;0;0;0;0;0;0;0;0;0;0;0;0;0;1;0;0;1;0;1;0;2016-12-03 19:30:00;4374;0;40;30;30;0;-1;1;-1;-1;-1;-1;-1;-1;2;0;1;3;2;4;-1;0;0;0;0;0;0;0;0;0;0;0;0;0;1;1;0;0;-1;-1;0;0;-1;-1;-1;-1;-1;-1;-1;-1;-1;20;30;63;63;100;40;63;90;53;5.67;0;5.8;2.95;Canadian;Central Español;1.83;0.67;1.6;0.75;0.9;1.3;80;70;38;38;0;50;50;50;0;0;0;859;12;Y;N;N;N;N;N;N
242007;4368;4379;2016;complete;1525;12;-1;33;;1;0;1;4;6;10;-1;-1;0;4;0;0;2;4;0;9;2;13;-1;-1;40;60;0;4;0;0;0;0;0;0;0;0;0;0;0;0;0;0;0;0;0;0;0;0;0;0;0;0;0;0;0;0;0;0;0;0;0;0;0;0;0;0;0;0;0;0;0;0;0;0;0;0;0;0;0;0;0;0;0;0;0;0;0;0;0;0;0;0;0;0;0;0;1;1;0;0;0;0;1;2016-12-03 19:30:00;4368;0;68;13;35;0;-1;1;-1;-1;-1;-1;-1;-1;0;1;0;3;1;3;-1;0;0;0;0;0;0;0;0;0;0;0;0;0;1;1;0;0;-1;-1;0;1;-1;-1;-1;-1;-1;-1;-1;-1;-1;0;10;45;78;90;23;55;90;55;13;0;7.05;2.23;Rentistas;Torque;1.83;0.83;1.75;1;1.7;1.5;100;90;55;23;10;59;34;34;0;0;0;859;12;Y;N;N;N;N;N;N
242008;4367;4378;2016;complete;1525;12;-1;82;26,67;1;2;3;6;0;6;-1;-1;1;1;0;0;2;3;0;0;2;3;-1;-1;-1;-1;1;1;0;0;0;0;0;0;0;0;0;0;0;0;0;0;0;0;0;0;0;0;0;0;0;0;0;0;0;0;0;0;0;0;0;0;0;0;0;0;0;0;0;0;0;0;0;0;0;0;0;0;0;0;0;0;0;0;0;0;0;0;0;0;0;0;0;0;0;0;3;0;1;1;1;2;1;2016-12-03 19:30:00;4378;0;40;0;10;0;-1;1;-1;-1;-1;-1;-1;-1;1;0;0;1;1;1;-1;0;0;0;0;0;0;0;0;0;0;0;0;0;1;1;0;0;-1;-1;0;0;-1;-1;-1;-1;-1;-1;-1;-1;-1;0;10;30;60;100;10;40;100;30;9;0;6;2;Villa Teresa;Progreso;1.67;0.67;2;0.2;1.3;0.5;100;90;70;40;0;42;42;42;0;0;0;859;12;Y;Y;Y;N;N;N;Y
242009;4368;4377;2016;complete;1525;13;-1;33,65;16,53;2;2;4;9;2;11;-1;-1;3;4;1;0;3;3;0;0;3;3;-1;-1;-1;-1;4;4;0;0;0;0;0;0;0;0;0;0;0;0;0;0;0;0;0;0;0;0;0;0;0;0;0;0;0;0;0;0;0;0;0;0;0;0;0;0;0;0;0;0;0;0;0;0;0;0;0;0;0;0;0;0;0;0;0;0;0;0;0;0;0;0;0;0;0;0;4;1;1;1;1;2;2;2016-12-09 19:30:00;-1;0;30;10;20;0;-1;1;-1;-1;-1;-1;-1;-1;1;1;3;3;2;6;-1;0;0;0;0;0;0;0;0;0;0;0;0;0;1;1;0;0;-1;-1;0;0;-1;-1;-1;-1;-1;-1;-1;-1;-1;0;0;30;40;100;10;40;90;30;9.67;0;4.8;1.7;Rentistas;Central Español;1.83;0.67;2;0.6;1.82;1.18;100;100;70;60;0;84;67;50;0;0;0;859;12;Y;Y;Y;Y;N;N;Y
242010;4370;4369;2016;complete;1525;13;-1;;70;0;1;1;-1;-1;-1;-1;-1;3;2;1;0;-1;-1;-1;-1;-1;-1;-1;-1;-1;-1;4;2;0;0;0;0;0;0;0;0;0;0;0;0;0;0;0;0;0;0;0;0;0;0;0;0;0;0;0;0;0;0;0;0;0;0;0;0;0;0;0;0;0;0;0;0;0;0;0;0;0;0;0;0;0;0;0;0;0;0;0;0;0;0;0;0;0;0;0;0;1;0;0;0;1;1;0;2016-12-10 13:10:00;4369;0;40;20;10;0;-1;1;-1;-1;-1;-1;-1;-1;0;0;4;2;0;6;-1;0;0;0;0;0;0;0;0;0;0;0;0;0;1;1;0;0;-1;-1;0;0;-1;-1;-1;-1;-1;-1;-1;-1;-1;0;20;40;60;100;20;40;100;40;8.75;0;6.8;2.2;Tacuarembó;Atenas;0.5;2.67;0.6;2.6;0.82;2.27;100;80;60;40;0;59;42;29;0;0;0;859;12;Y;N;N;N;N;N;N
242011;4352;4367;2016;complete;1525;13;-1;33,89;55;2;1;3;-1;-1;-1;-1;-1;2;6;0;2;-1;-1;-1;-1;-1;-1;-1;-1;-1;-1;2;9;0;0;0;0;0;0;0;0;0;0;0;0;0;0;0;0;0;0;0;0;0;0;0;0;0;0;0;0;0;0;0;0;0;0;0;0;0;0;0;0;0;0;0;0;0;0;0;0;0;0;0;0;0;0;0;0;0;0;0;0;0;0;0;0;0;0;0;0;3;1;0;1;1;2;1;2016-12-10 13:10:00;4352;0;50;20;10;0;-1;1;-1;-1;-1;-1;-1;-1;1;1;1;7;2;8;-1;0;0;0;0;0;0;0;1;0;1;0;0;0;1;1;0;0;-1;-1;0;0;-1;-1;-1;-1;-1;-1;-1;-1;-1;10;30;50;70;100;20;60;90;40;11.25;0;5.4;2.6;El Tanque Sisley;Villa Teresa;2.67;0.5;2.6;0.6;2.36;1.18;90;70;50;30;0;63;50;38;0;0;0;859;12;Y;Y;Y;N;N;N;Y
242012;4371;4375;2016;complete;1525;13;-1;45,80,90;21;3;1;4;-1;-1;-1;-1;-1;2;5;0;0;-1;-1;-1;-1;-1;-1;-1;-1;-1;-1;2;5;0;0;0;0;0;0;0;0;0;0;0;0;0;0;0;0;0;0;0;0;0;0;0;0;0;0;0;0;0;0;0;0;0;0;0;0;0;0;0;0;0;0;0;0;0;0;0;0;0;0;0;0;0;0;0;0;0;0;0;0;0;0;0;0;0;0;0;0;4;1;1;2;0;2;2;2016-12-10 13:10:00;4371;0;30;10;20;0;-1;1;-1;-1;-1;-1;-1;-1;0;0;2;5;0;7;-1;0;0;0;0;0;0;0;1;0;1;0;0;0;1;1;0;0;-1;-1;0;0;-1;-1;-1;-1;-1;-1;-1;-1;-1;0;0;60;60;80;30;60;70;30;5.75;0;5.4;2;Cerro Largo;Cerrito;2.67;0.17;2.6;0.2;2.18;0.73;100;100;40;40;20;38;38;38;0;0;0;859;12;Y;Y;Y;Y;N;N;Y
242013;4378;4374;2016;complete;1525;13;-1;87;;1;0;1;0;0;0;-1;-1;1;2;0;0;0;0;0;0;0;0;-1;-1;-1;-1;1;2;0;0;0;0;0;0;0;0;0;0;0;0;0;0;0;0;0;0;0;0;0;0;0;0;0;0;0;0;0;0;0;0;0;0;0;0;0;0;0;0;0;0;0;0;0;0;0;0;0;0;0;0;0;0;0;0;0;0;0;0;0;0;0;0;0;0;0;0;1;0;0;1;0;1;0;2016-12-10 19:30:00;4378;0;50;30;10;0;-1;1;-1;-1;-1;-1;-1;-1;0;0;1;2;0;3;-1;0;0;0;0;0;0;0;0;0;0;0;0;0;1;1;0;0;-1;-1;0;0;-1;-1;-1;-1;-1;-1;-1;-1;-1;10;10;50;70;90;30;70;80;40;11;0;6.4;2.3;Progreso;Canadian;1.17;0.17;0.8;0.2;0.73;1.09;90;90;50;30;10;75;50;50;0;0;0;859;12;Y;N;N;N;N;N;N
242014;4379;4373;2016;complete;1525;13;-1;;90;0;1;1;8;6;14;-1;-1;2;1;0;0;6;3;1;1;7;4;-1;-1;-1;-1;2;1;0;0;0;0;0;0;0;0;0;0;0;0;0;0;0;0;0;0;0;0;0;0;0;0;0;0;0;0;0;0;0;0;0;0;0;0;0;0;0;0;0;0;0;0;0;0;0;0;0;0;0;0;0;0;0;0;0;0;0;0;0;0;0;0;0;0;0;0;1;0;0;0;1;1;0;2016-12-10 19:30:00;4373;0;40;40;20;0;-1;1;-1;-1;-1;-1;-1;-1;1;0;1;1;1;2;-1;0;0;0;0;0;0;0;0;0;0;0;0;0;1;1;0;0;-1;-1;0;0;-1;-1;-1;-1;-1;-1;-1;-1;-1;30;30;50;70;90;40;60;70;50;7.6;0;6.2;2.8;Torque;Deportivo Maldonado;1.67;2.17;2;2;1.36;1.36;70;70;50;30;10;0;0;0;0;0;0;859;12;Y;N;N;N;N;N;N
