ID;HOMEID;AWAYID;SEASON;STATUS;ROUNDID;GAME_WEEK;REVISED_GAME_WEEK;HOMEGOALS;AWAYGOALS;HOMEGOALCOUNT;AWAYGOALCOUNT;TOTALGOALCOUNT;TEAM_A_CORNERS;TEAM_B_CORNERS;TOTALCORNERCOUNT;TEAM_A_OFFSIDES;TEAM_B_OFFSIDES;TEAM_A_YELLOW_CARDS;TEAM_B_YELLOW_CARDS;TEAM_A_RED_CARDS;TEAM_B_RED_CARDS;TEAM_A_SHOTSONTARGET;TEAM_B_SHOTSONTARGET;TEAM_A_SHOTSOFFTARGET;TEAM_B_SHOTSOFFTARGET;TEAM_A_SHOTS;TEAM_B_SHOTS;TEAM_A_FOULS;TEAM_B_FOULS;TEAM_A_POSSESSION;TEAM_B_POSSESSION;TEAM_A_CARDS_NUM;TEAM_B_CARDS_NUM;ODDS_FT_1;ODDS_FT_X;ODDS_FT_2;ODDS_FT_OVER05;ODDS_FT_OVER15;ODDS_FT_OVER25;ODDS_FT_OVER35;ODDS_FT_OVER45;ODDS_FT_UNDER05;ODDS_FT_UNDER15;ODDS_FT_UNDER25;ODDS_FT_UNDER35;ODDS_FT_UNDER45;ODDS_BTTS_YES;ODDS_BTTS_NO;ODDS_TEAM_A_CS_YES;ODDS_TEAM_A_CS_NO;ODDS_TEAM_B_CS_YES;ODDS_TEAM_B_CS_NO;ODDS_DOUBLECHANCE_1X;ODDS_DOUBLECHANCE_12;ODDS_DOUBLECHANCE_X2;ODDS_1ST_HALF_RESULT_1;ODDS_1ST_HALF_RESULT_X;ODDS_1ST_HALF_RESULT_2;ODDS_2ND_HALF_RESULT_1;ODDS_2ND_HALF_RESULT_X;ODDS_2ND_HALF_RESULT_2;ODDS_DNB_1;ODDS_DNB_2;ODDS_CORNERS_OVER_75;ODDS_CORNERS_OVER_85;ODDS_CORNERS_OVER_95;ODDS_CORNERS_OVER_105;ODDS_CORNERS_OVER_115;ODDS_CORNERS_UNDER_75;ODDS_CORNERS_UNDER_85;ODDS_CORNERS_UNDER_95;ODDS_CORNERS_UNDER_105;ODDS_CORNERS_UNDER_115;ODDS_CORNERS_1;ODDS_CORNERS_X;ODDS_CORNERS_2;ODDS_TEAM_TO_SCORE_FIRST_1;ODDS_TEAM_TO_SCORE_FIRST_X;ODDS_TEAM_TO_SCORE_FIRST_2;ODDS_WIN_TO_NIL_1;ODDS_WIN_TO_NIL_2;ODDS_1ST_HALF_OVER05;ODDS_1ST_HALF_OVER15;ODDS_1ST_HALF_OVER25;ODDS_1ST_HALF_OVER35;ODDS_1ST_HALF_UNDER05;ODDS_1ST_HALF_UNDER15;ODDS_1ST_HALF_UNDER25;ODDS_1ST_HALF_UNDER35;ODDS_2ND_HALF_OVER05;ODDS_2ND_HALF_OVER15;ODDS_2ND_HALF_OVER25;ODDS_2ND_HALF_OVER35;ODDS_2ND_HALF_UNDER05;ODDS_2ND_HALF_UNDER15;ODDS_2ND_HALF_UNDER25;ODDS_2ND_HALF_UNDER35;ODDS_BTTS_1ST_HALF_YES;ODDS_BTTS_1ST_HALF_NO;ODDS_BTTS_2ND_HALF_YES;ODDS_BTTS_2ND_HALF_NO;OVERALLGOALCOUNT;HT_GOALS_TEAM_A;HT_GOALS_TEAM_B;GOALS_2HG_TEAM_A;GOALS_2HG_TEAM_B;GOALCOUNT_2HG;HTGOALCOUNT;DATE_UNIX;WINNINGTEAM;NO_HOME_AWAY;BTTS_POTENTIAL;BTTS_FHG_POTENTIAL;BTTS_2HG_POTENTIAL;GOALTIMINGDISABLED;CORNER_TIMINGS_RECORDED;CARD_TIMINGS_RECORDED;TEAM_A_FH_CORNERS;TEAM_B_FH_CORNERS;TEAM_A_2H_CORNERS;TEAM_B_2H_CORNERS;CORNER_FH_COUNT;CORNER_2H_COUNT;TEAM_A_FH_CARDS;TEAM_B_FH_CARDS;TEAM_A_2H_CARDS;TEAM_B_2H_CARDS;TOTAL_FH_CARDS;TOTAL_2H_CARDS;ATTACKS_RECORDED;TEAM_A_DANGEROUS_ATTACKS;TEAM_B_DANGEROUS_ATTACKS;TEAM_A_ATTACKS;TEAM_B_ATTACKS;TEAM_A_XG;TEAM_B_XG;TOTAL_XG;TEAM_A_PENALTIES_WON;TEAM_B_PENALTIES_WON;TEAM_A_PENALTY_GOALS;TEAM_B_PENALTY_GOALS;TEAM_A_PENALTY_MISSED;TEAM_B_PENALTY_MISSED;PENS_RECORDED;GOAL_TIMINGS_RECORDED;TEAM_A_0_10_MIN_GOALS;TEAM_B_0_10_MIN_GOALS;TEAM_A_CORNERS_0_10_MIN;TEAM_B_CORNERS_0_10_MIN;TEAM_A_CARDS_0_10_MIN;TEAM_B_CARDS_0_10_MIN;THROWINS_RECORDED;TEAM_A_THROWINS;TEAM_B_THROWINS;FREEKICKS_RECORDED;TEAM_A_FREEKICKS;TEAM_B_FREEKICKS;GOALKICKS_RECORDED;TEAM_A_GOALKICKS;TEAM_B_GOALKICKS;O45_POTENTIAL;O35_POTENTIAL;O25_POTENTIAL;O15_POTENTIAL;O05_POTENTIAL;O15HT_POTENTIAL;O05HT_POTENTIAL;O05_2H_POTENTIAL;O15_2H_POTENTIAL;CORNERS_POTENTIAL;OFFSIDES_POTENTIAL;CARDS_POTENTIAL;AVG_POTENTIAL;HOME_NAME;AWAY_NAME;HOME_PPG;AWAY_PPG;PRE_MATCH_HOME_PPG;PRE_MATCH_AWAY_PPG;PRE_MATCH_TEAMA_OVERALL_PPG;PRE_MATCH_TEAMB_OVERALL_PPG;U45_POTENTIAL;U35_POTENTIAL;U25_POTENTIAL;U15_POTENTIAL;U05_POTENTIAL;CORNERS_O85_POTENTIAL;CORNERS_O95_POTENTIAL;CORNERS_O105_POTENTIAL;TEAM_A_XG_PREMATCH;TEAM_B_XG_PREMATCH;TOTAL_XG_PREMATCH;COMPETITION_ID;MATCHES_COMPLETED_MINIMUM;OVER05;OVER15;OVER25;OVER35;OVER45;OVER55;BTTS
1041635;4366;4395;2020;complete;58625;1;-1;1,36,88;40,76;3;2;5;2;8;10;-1;-1;4;4;1;0;5;8;7;11;12;19;-1;-1;37;63;5;4;1.95;3;3.35;1.03;1.3;2;3.5;6.35;7.75;2.95;1.65;1.21;1.05;1.77;1.83;0;0;0;0;1.3;1.3;1.67;2.75;2.1;3.75;0;0;0;0;0;0;0;0;0;0;0;0;0;0;0;0;0;0;0;0;0;0;0;0;0;0;0;0;0;0;0;0;0;0;0;0;0;0;0;0;0;0;0;5;2;1;1;1;2;3;2020-08-12 15:00:00;4366;0;0;0;0;0;1;1;0;3;2;5;3;7;1;1;4;3;2;7;1;26;47;69;79;1.3;2.09;3.39;1;2;1;2;0;0;1;1;1;0;0;1;0;0;-1;-1;-1;-1;-1;-1;-1;-1;-1;0;0;0;0;0;0;0;0;0;0;0;0;0;Villa Española;Albion;1.64;0.64;0;0;0;0;0;0;0;0;0;0;0;0;0;0;0;4651;22;Y;Y;Y;Y;Y;N;Y
1041636;4353;4381;2020;complete;58625;1;-1;16;64;1;1;2;5;7;12;5;0;4;5;0;2;7;2;5;4;12;6;19;18;60;40;4;8;1.5;3.6;4.95;1.02;1.26;1.87;3.2;5.75;8.5;3.15;1.74;1.25;1.07;1.87;1.74;0;0;0;0;1.08;1.25;2.38;2.1;2.25;5.5;1.81;2.8;5.3;0;0;0;0;2;0;0;0;0;1.8;0;0;0;0;0;1.4;10;3.3;0;0;1.37;2.7;6.9;15;2.85;1.4;1.07;1.02;1.21;2.02;4.2;10;3.9;1.71;1.19;1.04;0;0;0;0;2;1;0;0;1;1;1;2020-08-12 17:30:00;-1;0;0;0;0;0;1;1;2;4;3;3;6;6;0;3;4;4;3;8;1;93;81;97;87;1.91;1.11;3.02;0;0;0;0;0;0;1;1;0;0;0;4;0;0;-1;-1;-1;-1;-1;-1;-1;-1;-1;0;0;0;0;0;0;0;0;0;0;0;0;0;Sud América;Rocha;1.38;1.18;0;0;0;0;0;0;0;0;0;0;0;0;0;0;0;4651;22;Y;Y;N;N;N;N;Y
1041637;4355;4354;2020;complete;58625;1;-1;26;16,20;1;2;3;8;4;12;4;1;4;2;0;0;6;8;4;6;10;14;21;21;44;56;4;2;2.65;3.2;2.2;1.01;1.24;1.8;3;5.4;8.75;3.3;1.8;1.28;1.08;1.65;2;0;0;0;0;1.53;1.3;1.36;3.25;2.2;2.88;2.99;2.65;2.62;0;0;0;0;0;0;0;0;0;0;0;0;0;0;0;2.2;10;1.8;0;0;1.36;2.62;6.6;15;2.91;1.43;1.08;1.02;1.2;1.98;4.1;9;4;1.74;1.2;1.05;0;0;0;0;3;1;2;0;0;0;3;2020-08-12 20:15:00;4354;0;0;0;0;0;1;1;2;3;6;1;5;7;3;0;1;2;3;3;1;31;34;78;84;1.28;1.69;2.97;0;0;0;0;0;0;1;1;0;0;2;0;0;0;-1;-1;-1;-1;-1;-1;-1;-1;-1;0;0;0;0;0;0;0;0;0;0;0;0;0;Rampla Juniors;Racing;1.77;1.33;0;0;0;0;0;0;0;0;0;0;0;0;0;0;0;4651;24;Y;Y;Y;N;N;N;Y
1041638;4377;4375;2020;complete;58625;1;-1;;28;0;1;1;1;5;6;2;3;3;2;1;0;3;4;6;6;9;10;19;24;50;50;4;2;2.6;2.95;2.35;1.05;1.42;2.35;4.35;8;6.5;2.45;1.47;1.14;1.01;2;1.65;0;0;0;0;1.5;1.29;1.44;3.25;2.05;3.1;0;0;0;0;0;0;0;0;0;0;0;0;0;0;0;0;0;0;0;0;0;0;0;0;0;0;0;0;0;0;0;0;0;0;0;0;0;0;0;0;0;0;0;1;0;1;0;0;0;1;2020-08-13 15:00:00;4375;0;0;0;0;0;1;1;0;3;1;2;3;3;1;0;3;2;1;5;1;47;53;106;102;1.13;1.3;2.43;0;0;0;0;0;0;1;1;0;0;0;0;0;0;-1;-1;-1;-1;-1;-1;-1;-1;-1;0;0;0;0;0;0;0;0;0;0;0;0;0;Central Español;Cerrito;1.64;1.91;0;0;0;0;0;0;0;0;0;0;0;0;0;0;0;4651;22;Y;N;N;N;N;N;N
1041639;4369;4370;2020;complete;58625;1;-1;61;;1;0;1;11;7;18;0;1;2;4;0;0;3;2;4;7;7;9;14;14;53;47;2;4;2.2;2.95;2.8;1.04;1.36;2.15;3.9;7;7;2.7;1.56;1.17;1.03;1.87;1.74;0;0;0;0;1.57;1.36;1.4;3.5;2.05;3;3.1;2.4;2.82;0;0;0;0;0;0;0;0;0;0;0;0;0;0;0;2.1;8;1.91;0;0;1.47;3.18;8.7;17;2.5;1.3;1.03;1.01;1.28;2.33;5.3;12;3.3;1.53;1.12;1.03;0;0;0;0;1;0;0;1;0;1;0;2020-08-13 17:30:00;4369;0;0;0;0;0;1;1;6;2;5;5;8;10;1;1;1;3;2;4;1;63;43;87;72;1.11;1.02;2.13;0;0;0;0;0;0;1;1;0;0;2;1;0;0;-1;-1;-1;-1;-1;-1;-1;-1;-1;0;0;0;0;0;0;0;0;0;0;0;0;0;Atenas;Tacuarembó;1.36;0.91;0;0;0;0;0;0;0;0;0;0;0;0;0;0;0;4651;22;Y;N;N;N;N;N;N
1041640;4367;4365;2020;complete;58625;1;-1;;;0;0;0;6;4;10;1;0;3;4;1;0;4;3;3;5;7;8;21;21;51;49;5;4;4.55;3.55;1.54;1.02;1.28;1.95;3.35;6.1;8;3;1.69;1.23;1.05;1.95;1.69;0;0;0;0;2.2;1.3;1.11;5.5;2.05;2.3;5.35;2.5;1.96;0;0;0;0;0;0;0;0;0;0;0;0;0;0;0;3.4;7;1.5;10;2.15;1.48;3.3;9;15;2.48;1.29;1.03;1.02;1.29;2.38;5.5;12;3.3;1.51;1.11;1.02;0;0;0;0;0;0;0;0;0;0;0;2020-08-13 20:15:00;-1;0;0;0;0;0;1;1;4;1;2;3;5;5;3;2;1;2;5;3;1;58;42;111;88;1.15;1.03;2.18;0;0;0;0;0;0;1;1;0;0;1;0;0;0;-1;-1;-1;-1;-1;-1;-1;-1;-1;0;0;0;0;0;0;0;0;0;0;0;0;0;Villa Teresa;Juventud;1;1.17;0;0;0;0;0;0;0;0;0;0;0;0;0;0;0;4651;22;N;N;N;N;N;N;N
1041641;4381;4366;2020;complete;58625;2;-1;39;;1;0;1;6;4;10;1;1;3;2;0;0;4;4;3;1;7;5;19;22;56;44;3;2;2.6;3;2.5;0;0;2.25;0;0;0;0;1.62;0;0;0;0;0;0;0;0;1.44;1.33;1.44;3.25;2;3.25;0;0;0;0;0;0;0;0;0;0;0;0;0;0;0;0;0;0;0;0;0;0;0;0;0;0;0;0;0;0;0;0;0;0;0;0;0;0;0;0;0;0;0;1;1;0;0;0;0;1;2020-08-17 15:00:00;4381;0;0;0;0;0;1;1;3;1;3;3;4;6;1;1;2;1;2;3;1;74;90;113;97;1.27;1.25;2.52;0;0;0;0;0;0;1;1;0;0;2;0;1;0;-1;-1;-1;-1;-1;-1;-1;-1;-1;0;0;0;0;0;0;0;0;0;0;0;0;0;Rocha;Villa Española;1.27;1.73;0;0;1;3;0;0;0;0;0;0;0;0;0;0;0;4651;22;Y;N;N;N;N;N;N
1041642;4375;4355;2020;complete;58625;2;-1;;;0;0;0;6;4;10;1;1;2;4;0;0;4;4;3;1;7;5;19;22;50;50;2;4;2.3;2.9;2.7;1.1;1.39;2.25;3.8;7.5;6.5;2.79;1.62;1.22;1.07;1.91;1.8;0;0;0;0;1.44;1.33;1.44;3.25;2;3.25;3;2.42;2.92;0;0;0;0;0;0;0;0;0;0;0;0;0;0;0;1.95;7;2.2;4.25;4;1.46;3.1;8.5;17;2.5;1.31;1.04;1.01;1.27;2.3;5.2;12;3.4;1.55;1.13;1.03;0;0;0;0;0;0;0;0;0;0;0;2020-08-17 17:30:00;-1;0;0;0;0;0;1;1;3;1;3;3;4;6;0;1;2;3;1;5;1;0;0;0;0;1.27;1.25;2.52;0;0;0;0;0;0;1;1;0;0;2;0;0;0;-1;-1;-1;-1;-1;-1;-1;-1;-1;0;0;0;0;0;0;0;0;0;0;0;0;0;Cerrito;Rampla Juniors;1.82;0.92;0;0;3;0;0;0;0;0;0;0;0;0;0;0;0;4651;22;N;N;N;N;N;N;N
1041643;4354;4367;2020;complete;58625;2;-1;20,35;57,74;2;2;4;1;9;10;-1;-1;5;3;1;0;4;3;5;9;9;12;18;10;42;58;6;3;1.8;2.95;3.9;1.06;1.3;2;3.2;6;8;3.3;1.8;1.3;1.09;1.75;1.95;0;0;0;0;1.25;1.3;1.73;2.6;2.2;3.75;2.5;2.6;3.2;0;0;0;0;1.73;0;0;0;0;2;0;0;0;0;0;1.67;9.5;2.5;3.1;7;1.38;2.74;7;15;2.81;1.39;1.07;1.02;1.21;2.05;4.3;10;3.9;1.69;1.18;1.04;0;0;0;0;4;2;0;0;2;2;2;2020-08-17 20:15:00;-1;0;0;0;0;0;1;1;0;5;1;4;5;5;1;3;5;0;4;5;1;38;85;86;143;1.13;1.59;2.72;1;0;1;0;0;0;1;1;0;0;0;0;1;0;-1;-1;-1;-1;-1;-1;-1;-1;-1;0;0;0;0;0;0;0;0;0;0;0;0;0;Racing;Villa Teresa;1.42;1.36;0;0;3;1;0;0;0;0;0;0;0;0;0;0;0;4651;22;Y;Y;Y;Y;N;N;Y
1041644;4395;4369;2020;complete;58625;2;-1;8;4;1;1;2;5;3;8;1;1;5;4;1;0;7;6;5;8;12;14;24;18;42;58;7;4;2.65;2.85;2.35;1.01;1.25;1.83;3.1;5.55;8.5;3.25;1.77;1.27;1.07;1.65;2;0;0;0;0;1.5;1.33;1.4;3.5;2;3.1;0;0;0;0;0;0;0;0;0;0;0;0;0;0;0;0;0;0;0;0;0;0;0;0;0;0;0;0;0;0;0;0;0;0;0;0;0;0;0;0;0;0;0;2;1;1;0;0;0;2;2020-08-18 15:00:00;-1;0;0;0;0;0;1;1;5;1;0;2;6;2;2;3;4;1;5;5;1;62;74;65;72;1.69;1.83;3.52;0;1;0;1;0;0;1;1;1;1;1;0;0;0;-1;-1;-1;-1;-1;-1;-1;-1;-1;0;0;0;0;0;0;0;0;0;0;0;0;0;Albion;Atenas;1.36;0.82;0;0;0;3;0;0;0;0;0;0;0;0;0;0;0;4651;22;Y;Y;N;N;N;N;Y
1041645;4365;4353;2020;complete;58625;2;-1;78;85,88;1;2;3;3;4;7;4;3;0;4;0;0;7;7;5;2;12;9;13;21;52;48;0;4;2;3.15;3;1.03;1.31;2;3.55;6.5;7.5;2.9;1.62;1.2;1.04;1.8;1.8;0;0;0;0;1.33;1.33;1.53;3;2.05;3.6;2.77;2.4;3.2;0;0;0;0;0;0;0;0;0;0;0;0;0;0;0;1.83;8;2.2;0;0;1.47;3.2;8.7;15;2.5;1.3;1.03;1.02;1.28;2.33;5.3;11;3.3;1.53;1.12;1.03;0;0;0;0;3;0;0;1;2;3;0;2020-08-18 17:30:00;4353;0;0;0;0;0;1;1;2;2;1;2;4;3;0;0;0;4;0;4;1;104;87;116;108;2;1.69;3.69;0;0;0;0;0;0;1;1;0;0;0;0;0;0;-1;-1;-1;-1;-1;-1;-1;-1;-1;0;0;0;0;0;0;0;0;0;0;0;0;0;Juventud;Sud América;1.75;1.46;0;0;1;1;0;0;0;0;0;0;0;0;0;0;0;4651;24;Y;Y;Y;N;N;N;Y
1041646;4370;4377;2020;complete;58625;2;-1;10;;1;0;1;2;4;6;1;0;6;3;0;0;2;2;3;4;5;6;28;13;40;60;6;3;2.4;2.9;2.6;1.04;1.36;2.15;3.9;7;7;2.7;1.56;1.17;1.03;1.87;1.74;0;0;0;0;1.73;1.33;1.2;3;1.95;3.75;0;0;0;0;0;0;0;0;0;0;0;0;0;0;0;0;0;0;0;0;0;0;0;0;0;0;0;0;0;0;0;0;0;0;0;0;0;0;0;0;0;0;0;1;1;0;0;0;0;1;2020-08-18 20:15:00;4370;0;0;0;0;0;1;1;0;2;2;2;2;4;3;0;3;3;3;6;1;39;56;91;121;0.75;0.94;1.69;0;0;0;0;0;0;1;1;1;0;0;0;1;0;-1;-1;-1;-1;-1;-1;-1;-1;-1;0;0;0;0;0;0;0;0;0;0;0;0;0;Tacuarembó;Central Español;1.18;0.82;0;0;0;0;0;0;0;0;0;0;0;0;0;0;0;4651;22;Y;N;N;N;N;N;N
1041647;4369;4381;2020;complete;58625;3;-1;;19,59;0;2;2;7;2;9;0;1;1;4;1;1;4;7;8;1;12;8;15;25;62;38;3;6;1.95;3;3.25;1.03;1.34;2.1;3.8;6.9;7.25;2.75;1.59;1.18;1.04;1.87;1.74;0;0;0;0;1.28;1.25;1.71;2.6;2.05;4.05;2.22;2.8;3.48;0;0;0;0;1.94;0;0;0;0;1.86;0;0;0;0;0;1.67;12;2.38;3.75;6.5;1.36;2.65;6.6;13;2.91;1.42;1.08;1.02;1.16;1.82;3.5;8;4.6;1.88;1.25;1.06;0;0;0;0;2;0;1;0;1;1;1;2020-08-24 20:00:00;4381;0;50;0;0;0;1;1;5;1;2;1;6;3;1;5;1;0;6;1;1;67;41;108;89;1.53;1.3;2.83;0;0;0;0;0;0;1;1;0;0;1;0;0;0;-1;-1;-1;-1;-1;-1;-1;-1;-1;0;0;0;50;100;0;50;100;0;18;0;10;1.5;Atenas;Rocha;1.36;1.18;3;1;2;2;100;100;100;50;0;100;100;100;1.11;1.11;2.22;4651;22;Y;Y;N;N;N;N;N
1041648;4365;4354;2020;complete;58625;3;-1;29,33,41;;3;0;3;6;8;14;2;5;2;2;0;1;4;5;4;5;8;10;12;18;47;53;2;4;2.8;2.4;2.65;1.06;1.47;2.45;4.65;8.5;6.1;2.35;1.42;1.11;1.01;2;1.65;0;0;0;0;1.43;1.34;1.39;3.5;1.87;3.35;3.1;2.24;3.02;0;0;0;0;0;0;0;0;0;0;0;0;0;0;0;2.2;6;2;0;0;1.54;3.66;10.5;26;2.32;1.23;1.01;1;1.36;2.65;6.6;13;2.9;1.42;1.08;1.02;0;0;0;0;3;3;0;0;0;0;3;2020-08-24 15:15:00;4365;0;100;50;50;0;1;1;3;1;3;7;4;10;0;0;2;3;0;5;1;66;91;70;97;1.26;1.64;2.9;0;0;0;0;0;0;1;1;0;0;1;0;0;0;-1;-1;-1;-1;-1;-1;-1;-1;-1;0;0;100;100;100;50;50;50;50;7;5;2;3;Juventud;Racing;1.75;1.33;0;3;0.5;2;100;100;0;0;0;50;50;50;2;1.69;3.69;4651;24;Y;Y;Y;N;N;N;N
1041649;4353;4366;2020;complete;58625;3;-1;;26,49,56,86;0;4;4;15;8;23;2;5;2;3;1;0;4;7;3;1;7;8;14;13;53;47;4;3;2.1;3.2;2.8;1.01;1.2;1.71;2.8;4.95;9.5;3.6;1.91;1.33;1.1;1.59;2.1;0;0;0;0;1.3;1.27;1.64;2.8;2.2;3.45;2.45;2.55;3.4;0;0;0;0;0;0;0;0;0;0;0;0;0;0;0;1.73;9.5;2.3;3.75;5.25;1.4;2.85;7.4;13;2.75;1.37;1.06;1.02;1.23;2.1;4.5;10;3.7;1.65;1.16;1.04;0;0;0;0;4;0;1;0;3;3;1;2020-08-24 17:30:00;4366;0;50;0;0;0;1;1;10;2;5;6;12;11;0;1;3;2;1;5;1;127;86;121;87;1.64;1.61;3.25;0;1;0;1;0;0;1;1;0;0;3;1;0;0;-1;-1;-1;-1;-1;-1;-1;-1;-1;0;0;0;50;100;0;100;50;0;9;6;6;1.5;Sud América;Villa Española;1.38;1.73;1;0;2;1.5;100;100;100;50;0;100;100;50;1.91;1.25;3.16;4651;22;Y;Y;Y;Y;N;N;N
1041650;4367;4375;2020;complete;58625;3;-1;72;52,66,71;1;3;4;5;3;8;3;3;2;1;0;0;3;4;4;5;7;9;19;14;46;54;2;1;2.65;2.75;2.5;1.06;1.43;2.35;4.4;8;6.4;2.45;1.45;1.13;1.01;2;1.65;2.5;1.5;2.63;1.44;1.36;1.36;1.5;3.2;1.95;3.6;3.2;2.23;3.05;0;0;0;0;0;0;0;0;0;0;0;0;0;0;0;1.91;6.5;2.3;3.75;4.33;1.51;3.07;9.7;26;2.38;1.33;1.02;1.01;1.33;2.5;6;15;3.24;1.5;1.13;1.03;0;0;0;0;4;0;0;1;3;4;0;2020-08-25 15:15:00;4375;0;0;0;0;0;1;1;1;2;4;1;3;5;1;1;1;0;2;1;1;71;60;85;91;1.17;1.29;2.45;0;0;0;0;0;0;1;1;0;0;1;1;0;0;-1;-1;-1;-1;-1;-1;-1;-1;-1;0;0;0;0;50;0;50;0;0;11;4;7;0.5;Villa Teresa;Cerrito;1;1.91;1;3;1;2;100;100;100;100;50;50;50;0;1.15;1.3;2.45;4651;22;Y;Y;Y;Y;N;N;Y
1041651;4377;4395;2020;complete;58625;3;-1;;;0;0;0;5;4;9;0;2;4;3;0;1;2;2;8;3;10;5;21;20;55;45;4;4;2.35;2.75;2.85;1.06;1.47;2.45;4.65;8.5;6.1;2.35;1.42;1.11;1.01;2.05;1.61;2.38;1.53;2.62;1.44;1.36;1.33;1.5;3.25;1.91;3.6;2.75;2.25;3.1;0;0;0;0;0;0;0;0;0;0;0;0;0;0;0;0;0;0;0;0;1.57;3.75;11;26;2.25;1.25;1.05;1.01;1.36;2.62;6;17;3;1.44;1.12;1.02;0;0;0;0;0;0;0;0;0;0;0;2020-08-25 17:30:00;-1;0;50;50;50;0;1;1;2;2;3;2;4;5;2;2;2;2;4;4;1;55;47;119;102;1.18;0.81;1.99;0;0;0;0;0;0;1;1;0;0;0;1;0;1;-1;-1;-1;-1;-1;-1;-1;-1;-1;50;50;50;50;100;50;100;50;50;9;1;8;3;Central Español;Albion;1.64;0.64;0;0;0;0.5;50;50;50;50;0;50;50;0;1.13;2.09;3.22;4651;22;N;N;N;N;N;N;N
1041652;4355;4370;2020;complete;58625;3;-1;2,82;75;2;1;3;2;5;7;1;2;2;3;0;1;5;5;6;4;11;9;9;16;60;40;2;5;1.77;3.65;3.25;1.02;1.26;1.87;3.25;5.85;8.25;3.1;1.71;1.25;1.06;1.83;1.77;2.38;1.53;4;1.22;1.22;1.3;1.83;2.2;2.1;5.5;2.28;2.55;3.8;0;0;0;0;0;0;0;0;0;0;0;0;0;0;0;1.57;9;2.63;2.88;7;1.37;2.69;6.9;15;2.85;1.41;1.07;1.02;1.25;2.1;4.5;11;3.74;1.67;1.18;1.05;0;0;0;0;3;1;0;1;1;2;1;2020-08-25 20:00:00;4355;0;50;50;0;0;1;1;1;2;1;3;3;4;0;1;2;3;1;5;1;76;67;146;78;1.61;1.4;3.01;0;0;0;0;0;0;1;1;1;0;0;1;0;0;-1;-1;-1;-1;-1;-1;-1;-1;-1;0;0;50;50;100;50;50;50;0;15;5;8;2;Rampla Juniors;Tacuarembó;1.77;0.91;0;0;0.5;1.5;100;100;50;50;0;100;100;100;1.28;1.02;2.3;4651;22;Y;Y;Y;N;N;N;Y
1041653;4375;4365;2020;complete;58625;4;-1;48;;1;0;1;4;7;11;-1;-1;3;4;0;0;3;2;0;0;3;2;1;0;50;50;3;4;2.65;2.75;2.45;1.04;1.37;2.2;4;7.25;6.9;2.6;1.53;1.16;1.02;1.87;1.71;2.75;1.4;2.75;1.4;1.41;1.31;1.44;3.24;1.99;3.44;2.88;2.38;2.88;0;0;0;0;1.95;0;0;0;0;1.85;0;0;0;0;0;2;7.5;2;4;4.33;1.45;3.3;9;21;2.55;1.29;1.03;1;1.3;2.25;5.5;13;3.4;1.57;1.14;1.04;0;0;0;0;1;0;0;1;0;1;0;2020-08-31 15:15:00;4375;0;0;0;0;0;1;1;1;3;3;4;4;7;1;2;2;2;3;4;1;2;17;5;15;0.41;0.39;0.8;0;0;0;0;0;0;1;1;0;0;0;1;0;0;-1;-1;-1;-1;-1;-1;-1;-1;-1;0;0;0;0;0;0;0;0;0;10;1;6;0;Cerrito;Juventud;1.82;1.17;1;1;2.33;1.33;100;100;100;100;100;100;100;0;1.27;1.03;2.3;4651;22;Y;N;N;N;N;N;N
1041654;4395;4355;2020;complete;58625;4;-1;;;0;0;0;2;5;7;2;0;0;0;0;0;3;2;1;5;4;7;22;20;36;64;0;0;2.35;2.9;2.6;1.03;1.3;2;3.5;6.35;7.75;2.95;1.65;1.21;1.05;1.77;1.83;0;0;0;0;1.53;1.33;1.36;3.5;2.05;3;0;0;0;0;0;0;0;0;0;0;0;0;0;0;0;0;0;0;0;0;0;0;0;0;0;0;0;0;0;0;0;0;0;0;0;0;0;0;0;0;0;0;0;0;0;0;0;0;0;0;2020-08-31 17:30:00;-1;0;50;50;0;0;1;-1;1;2;1;3;3;4;0;0;0;0;0;0;1;71;123;99;132;0.98;1.47;2.46;0;0;0;0;0;0;1;1;0;0;0;1;-1;-1;-1;-1;-1;-1;-1;-1;-1;-1;-1;0;0;0;50;50;50;50;0;0;9;2;11;1;Albion;Rampla Juniors;1.36;0.92;1;1;0.67;1.33;100;100;100;50;50;50;50;0;1.69;1.25;2.94;4651;22;N;N;N;N;N;N;N
1041655;4381;4377;2020;complete;58625;4;-1;87;12;1;1;2;7;5;12;0;3;4;3;0;0;2;5;7;7;9;12;26;17;55;45;4;3;1.91;3.1;3.3;1.05;1.4;2.25;4.2;7.75;6.65;2.5;1.49;1.14;1.02;2;1.62;0;0;0;0;1.22;1.3;1.73;2.62;2;4.33;0;0;0;0;0;0;0;0;0;0;0;0;0;0;0;0;0;0;0;0;0;0;0;0;0;0;0;0;0;0;0;0;0;0;0;0;0;0;0;0;0;0;0;2;0;1;1;0;1;1;2020-08-31 20:00:00;-1;0;0;0;0;0;1;1;1;3;6;2;4;8;4;0;0;3;4;3;1;56;66;107;115;1.12;1.59;2.71;0;0;0;0;0;0;1;1;0;0;1;1;1;0;-1;-1;-1;-1;-1;-1;-1;-1;-1;0;0;0;0;100;0;100;0;0;10;1;6;1;Rocha;Central Español;1.27;0.82;3;0;2.33;0.33;100;100;100;100;0;50;50;0;1.27;0.94;2.21;4651;22;Y;Y;N;N;N;N;Y
1041656;4366;4369;2020;complete;58625;4;-1;64,68;21,85;2;2;4;7;3;10;1;1;4;5;0;0;7;5;5;3;12;8;11;20;50;50;4;5;2.25;3.15;2.55;1.02;1.28;1.91;3.35;6.05;8;3.05;1.69;1.23;1.06;1.74;1.87;3;1.36;3.5;1.29;1.36;1.3;1.53;2.88;2.2;3.25;2.45;2.55;3.4;0;0;0;0;0;0;0;0;0;0;0;0;0;0;0;1.8;9.5;2.2;4;5;1.4;2.85;7.4;19;2.75;1.37;1.06;1.02;1.25;2;4.32;11;3.74;1.73;1.2;1.05;0;0;0;0;4;0;1;2;1;3;1;2020-09-01 15:15:00;-1;0;100;100;50;0;1;1;2;1;5;2;3;7;0;1;4;4;1;8;1;101;84;100;103;1.97;1.46;3.44;0;0;0;0;0;0;1;1;0;0;0;0;0;0;-1;-1;-1;-1;-1;-1;-1;-1;-1;50;50;50;100;100;100;100;50;50;5;0;9;3.5;Villa Española;Atenas;1.64;0.82;3;1;2;1.33;50;50;50;0;0;50;50;0;1.3;1.83;3.13;4651;22;Y;Y;Y;Y;N;N;Y
1041657;4370;4367;2020;complete;58625;4;-1;;;0;0;0;0;8;8;1;0;0;0;0;0;0;5;4;7;4;12;15;12;45;55;0;0;2.65;3.05;2.25;1.02;1.27;1.91;3.3;5.95;8.25;3.1;1.71;1.24;1.06;1.71;1.91;3.5;1.29;3;1.36;1.53;1.3;1.36;3.5;2.05;3;3.2;2.42;2.72;0;0;0;0;0;0;0;0;0;21;0;0;0;0;0;2.1;8;1.91;5.2;3.9;1.46;3.1;8.5;19;2.5;1.31;1.04;1;1.27;2.3;5.2;11;3.4;1.55;1.13;1.02;0;0;0;0;0;0;0;0;0;0;0;2020-09-01 17:30:00;-1;0;50;0;0;0;1;-1;0;3;0;5;3;5;0;0;0;0;0;0;1;39;77;95;141;0.55;1.68;2.22;0;0;0;0;0;0;1;1;0;0;0;1;-1;-1;-1;-1;-1;-1;-1;-1;-1;-1;-1;0;50;50;50;100;50;100;50;50;11;0;9;2.5;Tacuarembó;Villa Teresa;1.18;1.36;3;1;1;0.67;100;50;50;50;0;50;50;0;0.75;1.59;2.34;4651;22;N;N;N;N;N;N;N
1041658;4354;4353;2020;complete;58625;4;-1;6,8;;2;0;2;3;8;11;4;2;1;1;0;0;5;5;5;6;10;11;17;9;47;53;1;1;2;3.1;3.1;1.01;1.22;1.74;2.9;5.15;9.25;3.45;1.87;1.3;1.09;1.62;2;2.75;1.4;4;1.22;1.44;1.33;1.5;3;2.1;3.2;2.77;2.6;2.9;0;0;0;0;1.93;0;0;0;0;1.88;0;0;0;0;0;1.91;10;2;3.6;6;1.38;2.75;7;17;2.8;1.39;1.07;1;1.21;2.05;4.3;10;3.9;1.69;1.18;1.03;0;0;0;0;2;2;0;0;0;0;2;2020-09-01 20:00:00;4354;0;100;0;50;0;1;1;2;3;1;5;5;6;1;1;0;0;2;0;1;67;107;103;125;1.47;1.82;3.29;0;0;0;0;0;0;1;1;2;0;1;1;0;1;-1;-1;-1;-1;-1;-1;-1;-1;-1;0;50;100;100;100;50;50;100;100;5;2;10;3.5;Racing;Sud América;1.42;1.46;1;3;1.33;1.33;100;50;0;0;0;50;50;0;1.13;1.69;2.82;4651;24;Y;Y;N;N;N;N;N
1041659;4367;4395;2020;complete;58625;5;-1;;;0;0;0;7;5;12;1;1;0;0;0;0;5;2;7;6;12;8;19;12;61;39;0;0;2.1;2.95;2.95;1.04;1.37;2.2;4.05;7.25;6.95;2.6;1.53;1.16;1.03;1.91;1.71;0;0;0;0;0;0;0;3.1;2;3.5;0;0;0;0;0;0;0;0;0;0;0;0;0;0;0;0;0;0;0;0;0;0;0;0;0;0;0;0;0;0;0;0;0;0;0;0;0;0;0;0;0;0;0;0;0;0;0;0;0;0;2020-09-04 20:00:00;-1;0;50;25;50;0;1;-1;0;4;7;1;4;8;0;0;0;0;0;0;1;80;40;121;91;1.69;0.94;2.63;0;0;0;0;0;0;1;1;0;0;0;1;-1;-1;-1;-1;-1;-1;-1;-1;-1;-1;-1;25;50;50;50;50;25;25;50;50;11.5;2.5;7.5;2.25;Villa Teresa;Albion;1;0.64;0.5;0.5;0.75;0.75;75;50;50;50;50;75;50;0;1.16;1.45;2.61;4651;22;N;N;N;N;N;N;N
1041660;4353;4369;2020;complete;58625;5;-1;5,20,44,76,88;;5;0;5;3;1;4;1;3;1;4;0;0;8;0;7;6;15;6;16;20;54;46;1;4;2.6;2.9;2.4;1.08;1.42;2.35;4.44;8;7;2.69;1.57;1.18;1.07;2;1.77;0;0;0;0;1.18;1.28;1.86;2.88;2;4;2.25;2.42;4.18;0;0;1.3;1.55;2;2.63;3.65;3.3;2.32;1.8;1.44;1.25;0;0;0;1.73;7.5;2.5;2.87;6.5;1.49;3.28;9;15;2.44;1.29;1.03;1.02;1.29;2.38;5.5;12;3.3;1.51;1.11;1.03;0;0;0;0;6;4;0;2;0;2;4;2020-09-04 13:00:00;4353;0;75;25;25;0;1;1;3;0;0;1;3;1;0;1;1;3;1;4;1;57;51;102;87;1.92;0.76;2.67;0;0;0;0;0;0;1;1;1;0;1;0;0;0;-1;-1;-1;-1;-1;-1;-1;-1;-1;0;50;50;100;100;25;100;75;50;13;4.5;8.5;3;Sud América;Atenas;1.38;0.82;0.5;1;1;1.25;100;50;50;0;0;75;75;50;1.78;1.65;3.43;4651;22;Y;Y;Y;Y;Y;Y;N
1041661;4365;4370;2020;complete;58625;5;-1;;;0;0;0;11;1;12;2;2;0;0;0;0;3;5;7;6;10;11;13;19;62;38;0;0;1.61;3.4;4.25;1.04;1.35;2.15;3.9;7;7;2.7;1.56;1.17;1.03;2;1.62;0;0;0;0;1.14;1.26;1.98;2.38;2.05;5;2.28;2.38;4.16;0;0;0;0;0;0;0;0;0;0;0;0;0;0;0;1.57;7.5;3;2.55;7.5;1.51;3.4;9.5;41;2.4;1.27;1.02;1.01;1.31;2.46;5.8;12;3.1;1.48;1.1;1.03;0;0;0;0;0;0;0;0;0;0;0;2020-09-04 15:15:00;-1;0;50;0;50;0;1;-1;4;1;7;0;5;7;0;0;0;0;0;0;1;80;35;138;98;1.43;1.31;2.74;0;0;0;0;0;0;1;1;0;0;0;0;-1;-1;-1;-1;-1;-1;-1;-1;-1;-1;-1;0;0;75;75;100;25;50;75;50;10.5;4.5;5.5;2.5;Juventud;Tacuarembó;1.75;0.91;1.5;0;1;1;100;100;25;25;0;50;50;50;1.63;1.21;2.84;4651;22;N;N;N;N;N;N;N
1041662;4355;4381;2020;complete;58625;5;-1;11,13,40;45;3;1;4;5;2;7;1;4;2;4;0;0;6;4;3;6;9;10;13;13;53;47;2;4;1.8;2.95;3.85;1.06;1.43;2.35;4.4;8;6.4;2.45;1.45;1.13;1.01;2.05;1.61;0;0;0;0;1.25;1.31;1.66;2.62;2;4.33;2.57;2.34;3.6;0;0;1.27;1.5;1.93;2.48;3.4;3.45;2.43;1.88;1.48;1.28;0;0;0;1.67;6.5;2.75;2.8;6;1.51;3.4;9.5;46;2.4;1.27;1.02;0;1.31;2.46;5.8;12;3.1;1.48;1.1;1.02;0;0;0;0;4;3;1;0;0;0;4;2020-09-04 17:30:00;4355;0;75;25;25;0;1;1;4;0;1;2;4;3;1;3;1;1;4;2;1;68;86;97;107;1.48;1.53;3.02;1;0;1;0;0;0;1;1;0;0;1;0;0;0;-1;-1;-1;-1;-1;-1;-1;-1;-1;0;0;50;100;100;25;100;75;25;9.5;3;10;2.5;Rampla Juniors;Rocha;1.77;1.18;1.5;2;1.25;2;100;100;50;0;0;75;50;50;1.44;1.2;2.64;4651;22;Y;Y;Y;Y;N;N;Y
1041663;4377;4366;2020;complete;58625;5;-1;61,76;22,26,71;2;3;5;4;3;7;1;2;2;4;0;0;4;7;7;5;11;12;19;20;56;44;2;4;2.4;2.9;2.6;1.04;1.36;2.15;3.9;7;7;2.7;1.56;1.17;1.03;1.87;1.74;0;0;0;0;0;0;0;3.4;2;3.2;0;0;0;0;0;0;0;0;0;0;0;0;0;0;0;0;0;0;0;0;0;0;0;0;0;0;0;0;0;0;0;0;0;0;0;0;0;0;0;0;0;0;0;5;0;2;2;1;3;2;2020-09-04 22:15:00;4366;0;0;0;0;0;1;1;2;3;2;0;5;2;1;0;1;4;1;5;1;48;46;124;104;1.34;1.59;2.92;0;0;0;0;0;0;1;1;0;0;0;1;0;0;-1;-1;-1;-1;-1;-1;-1;-1;-1;0;25;25;25;75;0;75;25;25;9;4;6.5;1.5;Central Español;Villa Española;1.64;1.73;0.5;1.5;0.5;1.75;100;75;75;75;25;75;50;25;1.15;1.43;2.58;4651;22;Y;Y;Y;Y;Y;N;Y
1041664;4354;4375;2020;complete;58625;5;-1;14,25,59;26,30,35;3;3;6;3;3;6;-1;-1;5;2;0;1;4;3;0;0;4;3;-1;-1;59;41;5;4;2.61;3.12;2.61;1.1;1.4;2.28;4.1;8;6.5;2.7;1.63;1.19;1.06;2;1.77;0;0;0;0;1.36;1.31;1.51;3;2;3.5;2.77;2.37;3.2;0;0;0;0;0;0;0;0;0;0;0;0;0;0;0;1.83;7.5;2.3;0;0;1.48;3.28;9;0;2.47;1.29;1.03;0;1.29;2.38;5.5;11;3.3;1.51;1.11;1.02;0;0;0;0;6;2;3;1;0;1;5;2020-09-05 13:00:00;-1;0;50;0;25;0;1;1;2;3;1;0;5;1;3;2;2;1;5;3;1;14;13;14;18;0.63;0.49;1.12;0;0;0;0;0;0;1;1;0;0;1;0;0;0;-1;-1;-1;-1;-1;-1;-1;-1;-1;0;50;50;75;100;50;75;50;50;6;4.5;5;2.75;Racing;Cerrito;1.42;1.91;2;3;1.75;2.5;100;50;50;25;0;50;50;25;1.3;1.29;2.59;4651;22;Y;Y;Y;Y;Y;Y;Y
1041665;4366;4355;2020;complete;58625;6;-1;90;19,62;1;2;3;4;3;7;1;0;3;5;0;1;3;5;6;2;9;7;8;17;56;44;3;7;2.55;3.15;2.3;1.02;1.28;1.91;3.3;6;8;3.05;1.69;1.24;1.06;1.74;1.87;0;0;0;0;1.45;1.33;1.5;3.1;2.1;3.2;3.1;2.55;2.67;0;0;1.26;1.49;1.85;2.45;3.35;3.55;2.48;1.95;1.5;1.29;0;0;0;1.83;9.5;2.1;4.75;3.8;1.4;2.72;7.4;15;2.75;1.41;1.06;1.02;1.23;2.1;4.5;10;3.7;1.65;1.16;1.04;0;0;0;0;3;0;1;1;1;2;1;2020-09-07 20:00:00;4355;0;50;25;50;0;1;1;2;2;2;1;4;3;1;2;2;4;3;6;1;56;42;104;96;1.19;1.11;2.3;0;0;0;0;0;0;1;1;0;0;0;1;0;0;-1;-1;-1;-1;-1;-1;-1;-1;-1;25;50;50;50;50;25;50;50;50;9;0.5;6.5;2.25;Villa Española;Rampla Juniors;1.64;0.92;2;1;2;1.6;75;50;50;50;50;75;75;0;1.63;1.36;2.99;4651;22;Y;Y;Y;N;N;N;Y
1041666;4381;4367;2020;complete;58625;6;-1;84;3,74;1;2;3;2;7;9;1;3;1;4;0;0;3;4;3;6;6;10;15;8;50;50;1;4;2.7;2.9;2.3;1.04;1.37;2.2;4;7.25;6.9;2.6;1.53;1.16;1.02;1.91;1.71;0;0;0;0;1.33;1.37;1.5;3.1;1.95;3.6;3.5;2.38;2.57;0;0;0;0;0;0;0;0;0;0;0;0;0;0;0;1.91;6.5;2.3;0;0;1.46;3.2;9;0;2.51;1.3;1.03;0;1.29;2.38;5.5;12;3.3;1.51;1.11;1.03;0;0;0;0;3;0;1;1;1;2;1;2020-09-07 17:30:00;4367;0;50;0;0;0;1;1;2;5;0;2;7;2;0;1;1;3;1;4;1;87;79;89;93;1.22;1.48;2.7;0;0;0;0;0;0;1;1;0;1;1;1;0;0;-1;-1;-1;-1;-1;-1;-1;-1;-1;0;25;25;50;75;25;75;50;25;15;0;5;1.75;Rocha;Villa Teresa;1.27;1.36;2;1;1.6;0.8;100;75;75;50;25;75;75;25;1.19;1.63;2.82;4651;22;Y;Y;Y;N;N;N;Y
1041667;4369;4377;2020;complete;58625;6;-1;;88;0;1;1;5;2;7;2;0;4;3;0;0;5;6;3;5;8;11;23;20;50;50;4;3;2.15;3;2.85;0;0;2.25;0;0;0;0;1.62;0;0;0;0;0;0;0;0;0;0;0;3;2.05;3.5;0;0;0;0;0;0;0;0;0;0;0;0;0;0;0;0;0;0;0;0;0;0;0;0;0;0;0;0;0;0;0;0;0;0;0;0;0;0;0;0;0;0;0;1;0;0;0;1;1;0;2020-09-07 15:15:00;4377;0;25;0;0;0;1;1;3;1;2;1;4;3;1;2;3;1;3;4;1;71;88;91;105;1.37;1.75;3.12;0;0;0;0;0;0;1;1;0;0;1;0;0;0;-1;-1;-1;-1;-1;-1;-1;-1;-1;0;0;0;50;100;0;75;75;0;13.5;1.5;5.5;1.5;Atenas;Central Español;1.36;0.82;1.5;0.5;1;0.4;100;100;100;50;0;75;50;50;1.32;1.27;2.59;4651;22;Y;N;N;N;N;N;N
1041668;4375;4353;2020;complete;58625;6;-1;10;11;1;1;2;5;4;9;1;1;1;2;1;0;3;7;8;3;11;10;8;12;57;43;3;2;2.3;3;2.6;1.03;1.34;2.1;3.8;6.9;7.25;2.75;1.57;1.18;1.03;1.83;1.74;0;0;0;0;1.32;1.31;1.56;3;1.95;3.6;2.72;2.36;3.3;0;0;1.4;1.73;2.25;3.1;0;2.75;2;1.58;1.33;0;0;0;0;0;0;0;0;0;1.49;3.3;9.2;0;2.44;1.28;1.03;0;1.3;2.4;5.6;12;3.2;1.5;1.11;1.02;0;0;0;0;2;1;1;0;0;0;2;2020-09-08 17:30:00;-1;0;25;0;25;0;1;1;1;2;4;2;3;6;1;2;1;0;3;1;1;98;85;82;95;1.6;1.73;3.34;0;0;0;0;0;0;1;1;1;0;0;0;0;0;-1;-1;-1;-1;-1;-1;-1;-1;-1;0;0;25;50;75;25;25;50;25;11;2.5;5;1.5;Cerrito;Sud América;1.82;1.46;2;1.5;2.2;1.4;100;100;75;50;25;75;75;50;0.84;1.75;2.59;4651;22;Y;Y;N;N;N;N;Y
1041669;4370;4354;2020;complete;58625;6;-1;;;0;0;0;5;3;8;1;2;4;2;0;0;4;2;5;4;9;6;15;16;50;50;4;2;2.5;2.9;2.5;1.11;1.41;2.35;4.16;8;6;2.68;1.57;1.18;1.06;1.95;1.75;0;0;0;0;1.43;1.31;1.43;3.4;1.95;3.4;3;2.35;3.02;0;0;0;0;0;0;0;0;0;0;0;0;0;0;0;0;0;0;0;0;1.49;3.3;9.2;0;2.44;1.28;1.03;0;1.3;2.4;5.6;12;3.2;1.5;1.11;1.02;0;0;0;0;0;0;0;0;0;0;0;2020-09-08 20:00:00;-1;0;25;25;0;0;1;1;2;1;3;2;3;5;0;1;4;1;1;5;1;36;67;84;122;1.12;1.02;2.13;0;0;0;0;0;0;1;1;0;0;0;1;0;0;-1;-1;-1;-1;-1;-1;-1;-1;-1;0;0;50;50;75;50;75;0;0;7;4;6;1.75;Tacuarembó;Racing;1.18;1.33;2;1.5;1;1.6;100;100;50;50;25;50;50;50;0.65;1.66;2.31;4651;22;N;N;N;N;N;N;N
1041670;4395;4365;2020;complete;58625;6;-1;47,60;26;2;1;3;2;11;13;2;1;4;2;0;0;7;14;6;4;13;18;5;5;39;61;4;2;2.5;2.75;2.6;1.05;1.42;2.35;4.35;8;6.5;2.45;1.47;1.14;1.01;1.95;1.67;0;0;0;0;0;0;0;3.25;2;3.25;0;0;0;0;0;0;0;0;0;0;0;0;0;0;0;0;0;0;0;0;0;0;0;0;0;0;0;0;0;0;0;0;0;0;0;0;0;0;0;0;0;0;0;3;0;1;2;0;2;1;2020-09-08 15:15:00;4395;0;25;25;0;0;1;1;2;7;0;4;9;4;1;0;3;2;1;5;1;75;122;81;124;1.85;2.99;4.83;0;0;0;0;0;0;1;1;0;0;0;2;0;0;-1;-1;-1;-1;-1;-1;-1;-1;-1;0;0;0;25;50;25;25;25;0;9;1;7.5;0.75;Albion;Juventud;1.36;1.17;1;0.5;0.8;1;100;100;100;75;50;50;50;25;1.34;0.71;2.05;4651;22;Y;Y;Y;N;N;N;Y
1041671;4366;4365;2020;complete;58625;8;-1;28,45;37,39;2;2;4;3;5;8;0;1;2;2;0;0;7;6;1;6;8;12;25;21;38;62;2;2;2.2;3;2.75;1.06;1.31;2;3.4;6.5;8;3.1;1.8;1.27;1.1;1.75;2.02;0;0;0;0;1.37;1.3;1.57;2.87;2.05;3.5;2.72;2.42;3.2;0;0;1.22;1.41;1.73;2.23;3;3.95;2.7;2;1.58;1.34;0;0;0;1.8;8.5;2.3;0;0;1.4;3;8;19;2.75;1.33;1.05;1;1.27;2.3;5.2;10;3.4;1.55;1.12;1.04;0;0;0;0;4;2;2;0;0;0;4;2020-09-18 15:15:00;-1;0;67;17;50;0;1;1;1;2;2;3;3;5;0;1;2;1;1;3;1;71;129;99;140;1.51;2.11;3.62;0;0;0;0;0;0;1;1;0;0;0;0;0;0;-1;-1;-1;-1;-1;-1;-1;-1;-1;17;34;67;67;84;17;67;84;67;11.66;0.33;7.33;2.67;Villa Española;Juventud;1.64;1.17;1.33;0.33;1.86;0.86;84;67;34;34;17;84;84;34;1.49;1.47;2.96;4651;22;Y;Y;Y;Y;N;N;Y
1041672;4353;4377;2020;complete;58625;7;-1;90;;1;0;1;4;6;10;1;1;3;2;0;0;6;3;4;11;10;14;18;21;50;50;3;2;2.25;3;3;0;0;2.03;0;0;0;0;1.78;0;0;0;0;0;0;0;0;0;0;0;3.1;2;3.5;0;0;0;0;0;0;0;0;0;0;0;0;0;0;0;0;0;0;0;0;0;0;0;0;0;0;0;0;0;0;0;0;0;0;0;0;0;0;0;0;0;0;0;1;0;0;1;0;1;0;2020-09-14 19:45:00;4353;0;33;0;0;0;1;1;3;3;1;3;6;4;0;0;3;2;0;5;1;46;64;126;109;1.4;1.56;2.96;0;0;0;0;0;0;1;1;0;0;0;1;0;0;-1;-1;-1;-1;-1;-1;-1;-1;-1;17;34;34;67;100;17;84;84;34;11.34;3.67;6;2.67;Sud América;Central Español;1.38;0.82;1.33;1.33;1.33;0.83;84;67;67;34;0;50;50;50;1.82;1.43;3.25;4651;22;Y;N;N;N;N;N;N
1041673;4354;4395;2020;complete;58625;7;-1;65;86;1;1;2;12;6;18;0;2;5;1;1;1;4;3;12;4;16;7;18;13;58;42;6;2;2.1;2.9;3;1.04;1.37;2.2;4.05;7.25;6.95;2.6;1.53;1.16;1.03;1.91;1.71;0;0;0;0;0;0;0;2.87;2;4;0;0;0;0;0;0;0;0;0;0;0;0;0;0;0;0;0;0;0;0;0;0;0;0;0;0;0;0;0;0;0;0;0;0;0;0;0;0;0;0;0;0;0;2;0;0;1;1;2;0;2020-09-15 19:45:00;-1;0;50;33;17;0;1;1;7;2;5;4;9;9;0;1;6;1;1;7;1;85;46;105;80;1.9;0.99;2.89;0;0;0;0;0;0;1;1;0;0;2;1;0;0;-1;-1;-1;-1;-1;-1;-1;-1;-1;33;50;50;67;67;67;67;50;33;8;1.34;6.67;2.84;Racing;Albion;1.42;0.64;1.67;0.67;1.5;1.17;67;50;50;34;34;84;67;33;1.08;1.28;2.36;4651;22;Y;Y;N;N;N;N;Y
1041674;4367;4366;2020;complete;58625;7;-1;;26;0;1;1;-1;-1;-1;-1;-1;3;0;0;0;-1;-1;-1;-1;-1;-1;-1;-1;-1;-1;3;0;0;0;0;0;0;0;0;0;0;0;0;0;0;0;0;0;0;0;0;0;0;0;0;0;0;0;0;0;0;0;0;0;0;0;0;0;0;0;0;0;0;0;0;0;0;0;0;0;0;0;0;0;0;0;0;0;0;0;0;0;0;0;0;0;0;0;0;0;1;0;1;0;0;0;1;2020-09-14 15:15:00;4366;0;33;0;33;0;-1;1;-1;-1;-1;-1;-1;-1;0;0;3;0;0;3;-1;0;0;0;0;0;0;0;0;0;0;0;0;0;1;1;0;0;-1;-1;0;0;-1;-1;-1;-1;-1;-1;-1;-1;-1;17;50;50;50;67;17;50;50;50;11;4.34;5.33;2.33;Villa Teresa;Villa Española;1;1.73;0.67;2;1.17;1.67;84;50;50;50;34;67;67;33;1.34;1.48;2.82;4651;22;Y;N;N;N;N;N;N
1041675;4365;4381;2020;complete;58625;7;-1;32;36;1;1;2;6;11;17;-1;-1;2;3;0;0;3;7;4;2;7;9;-1;-1;56;44;2;3;1.95;3;3.25;1.05;1.38;2.2;4.05;7.5;6.8;2.6;1.51;1.16;1.02;1.95;1.67;0;0;0;0;1.32;1.31;1.55;3;1.95;3.6;2.67;2.37;3.3;0;0;0;0;0;0;0;0;0;0;0;0;0;0;0;1.83;7.5;2.3;3.2;5.5;1.45;3.3;9;21;2.55;1.29;1.03;1;1.29;2.38;5.5;12;3.3;1.51;1.11;1.03;0;0;0;0;2;1;1;0;0;0;2;2020-09-14 17:30:00;-1;0;50;17;17;0;1;1;1;5;5;6;6;11;0;2;2;1;2;3;1;46;35;87;75;0.99;1.32;2.31;0;0;0;0;0;0;1;1;0;0;1;1;0;0;-1;-1;-1;-1;-1;-1;-1;-1;-1;0;17;50;84;84;33;67;50;17;10.34;4.34;6.67;2.34;Juventud;Rocha;1.75;1.18;1.33;1.33;0.83;1.33;100;84;50;17;17;67;50;50;1.56;1.31;2.87;4651;22;Y;Y;N;N;N;N;Y
1041676;4355;4369;2020;complete;58625;7;-1;90;;1;0;1;3;8;11;-1;-1;4;4;0;1;6;2;5;2;11;4;-1;-1;52;48;4;6;2;3.4;2.8;1.02;1.28;1.91;3.35;6.05;8;3.05;1.69;1.23;1.06;1.8;1.8;0;0;0;0;1.15;1.25;1.98;2.37;2.1;4.75;2.1;2.55;4.46;0;0;0;1.37;1.66;2.1;2.8;0;2.88;2.12;1.66;1.38;0;0;0;1.5;8.5;3;3.6;5.75;1.4;3.2;8;19;2.75;1.3;1.05;1;1.26;2.23;5;10;3.5;1.58;1.14;1.04;0;0;0;0;1;0;0;1;0;1;0;2020-09-15 15:15:00;4355;0;84;50;33;0;1;1;3;8;0;0;11;0;1;2;3;3;3;6;1;48;30;82;69;1.46;0.62;2.08;0;0;0;0;0;0;1;1;0;0;1;0;0;0;-1;-1;-1;-1;-1;-1;-1;-1;-1;17;50;84;100;100;67;100;50;50;7.33;3.67;7;3.67;Rampla Juniors;Atenas;1.77;0.82;2;0.67;1.83;0.83;84;50;17;0;0;33;33;17;1.46;1.35;2.81;4651;22;Y;N;N;N;N;N;N
1041677;4375;4370;2020;complete;58625;7;-1;58,61,77;42;3;1;4;4;2;6;-1;-1;1;2;0;2;4;2;5;2;9;4;-1;-1;66;34;1;6;1.77;3;4.05;1.04;1.37;2.2;4.05;7.25;6.95;2.6;1.53;1.16;1.03;2;1.65;0;0;0;0;1.18;1.28;1.85;2.4;2.05;5;2.24;2.4;4.38;0;0;1.3;1.55;2;2.63;3.65;3.3;2.32;1.8;1.44;1.25;0;0;0;1.62;7.5;2.75;2.75;6.5;1.45;3.3;9;21;2.55;1.29;1.03;1;1.31;2.46;5.8;12;3.1;1.48;1.1;1.03;0;0;0;0;4;0;1;3;0;3;1;2020-09-15 17:30:00;4375;0;33;17;17;0;1;1;2;2;2;0;4;2;1;0;0;4;1;4;1;56;24;90;62;1.26;0.57;1.83;1;1;1;1;0;0;1;1;0;0;0;1;0;0;-1;-1;-1;-1;-1;-1;-1;-1;-1;0;0;17;33;67;17;33;50;17;9.33;2;5.67;1.17;Cerrito;Tacuarembó;1.82;0.91;1.67;0.33;2;1;100;100;84;67;33;84;67;50;1.09;1.24;2.33;4651;22;Y;Y;Y;Y;N;N;Y
1041678;4369;4367;2020;complete;58625;8;-1;28,90;62;2;1;3;7;10;17;1;2;3;3;1;0;5;3;4;4;9;7;13;12;40;60;5;3;2.7;2.95;2.25;1.08;1.38;2.2;4;7;7;2.8;1.65;1.21;1.08;1.86;1.9;0;0;0;0;1.53;1.33;1.37;3.4;2.05;3;3.2;2.4;2.72;0;0;1.26;1.49;1.88;2.45;3.35;3.55;2.48;1.93;1.5;1.29;0;0;0;2;8;2;0;0;1.44;3.3;9;21;2.6;1.29;1.03;1;1.28;2.33;5.3;11;3.3;1.53;1.12;1.03;0;0;0;0;3;1;0;1;1;2;1;2020-09-18 17:30:00;4369;0;34;0;17;0;1;1;4;3;3;7;7;10;1;1;3;2;2;5;1;80;123;95;110;1.5;1.54;3.03;1;1;1;1;0;0;1;1;0;0;1;0;0;0;-1;-1;-1;-1;-1;-1;-1;-1;-1;0;17;34;50;84;17;50;84;34;15.67;1.34;5.33;1.83;Atenas;Villa Teresa;1.36;1.36;1;1.67;0.71;1;100;84;67;50;17;67;33;17;1.34;1.58;2.92;4651;22;Y;Y;Y;N;N;N;Y
1041679;4381;4354;2020;complete;58625;8;-1;26;62;1;1;2;3;6;9;4;4;2;5;0;1;4;7;3;8;7;15;12;17;41;59;2;6;0;0;0;1.04;1.37;2.2;4.05;7.25;6.95;2.6;1.53;1.16;1.03;1.95;1.67;0;0;0;0;1.45;1.33;1.45;3.2;2.05;3.2;2.9;2.4;2.92;0;0;1.26;1.49;1.88;2.45;3.35;3.55;2.48;1.93;1.5;1.29;0;0;0;2;8;2;6;3;1.4;3.2;8;19;2.75;1.3;1.05;1;1.27;2.3;5.2;12;3.4;1.55;1.12;1.03;0;0;0;0;2;1;0;0;1;1;1;2020-09-18 19:45:00;-1;0;50;17;17;0;1;1;1;2;2;4;3;6;1;1;1;5;2;6;1;53;65;101;113;1.12;1.91;3.02;0;0;0;0;0;0;1;1;0;0;1;1;0;0;-1;-1;-1;-1;-1;-1;-1;-1;-1;0;0;50;67;84;34;84;34;17;10;3.34;5.34;2;Rocha;Racing;1.27;1.33;1.33;1.33;1.29;1.43;100;100;50;33;17;84;67;50;1.2;1.45;2.65;4651;22;Y;Y;N;N;N;N;Y
1041680;4395;4375;2020;complete;58625;8;-1;53;56,65,69;1;3;4;8;4;12;6;2;3;2;1;0;7;6;3;4;10;10;21;21;47;53;5;2;2.5;3.05;2.4;0;0;2.3;0;0;0;0;1.6;0;0;0;0;0;0;0;0;0;0;0;3.2;2;3.25;0;0;0;0;0;0;0;0;0;0;0;0;0;0;0;0;0;0;1.95;0;2.1;0;0;0;0;0;0;0;0;0;0;0;0;0;0;0;0;0;0;0;0;0;0;4;0;0;1;3;4;0;2020-09-18 13:00:00;4375;0;67;33;17;0;1;1;6;3;2;1;9;3;2;1;2;1;3;3;1;67;90;65;103;1.6;1.7;3.3;1;1;1;1;0;0;1;1;0;0;1;1;0;0;-1;-1;-1;-1;-1;-1;-1;-1;-1;17;34;50;67;84;33;67;50;33;6.67;3.34;6;2.67;Albion;Cerrito;1.36;1.91;1.67;2.33;1.14;2.14;84;67;50;33;17;17;17;17;1.51;1.03;2.54;4651;22;Y;Y;Y;Y;N;N;Y
1041681;4377;4355;2020;complete;58625;8;-1;13,49,58;78,87;3;2;5;2;2;4;2;0;4;3;0;0;6;0;2;7;8;7;10;9;50;50;4;3;4;3.25;1.8;1.11;1.5;2.5;4.5;8.5;6;2.5;1.5;1.16;1.05;2.37;1.53;0;0;0;0;0;0;0;4;1.95;2.87;0;0;0;0;0;0;0;0;0;0;0;0;0;0;0;0;0;0;0;0;0;0;0;1.57;3.75;11;26;2.25;1.25;1.05;1.01;1.36;2.62;6.5;17;3;1.44;1.11;1.02;0;0;0;0;5;1;0;2;2;4;1;2020-09-19 13:00:00;4377;0;33;0;33;0;1;1;2;0;0;2;2;2;2;3;2;0;5;2;1;37;56;84;131;1.2;0.87;2.07;0;0;0;0;0;0;1;1;0;0;1;0;0;0;-1;-1;-1;-1;-1;-1;-1;-1;-1;17;17;33;33;50;17;50;33;33;7.33;1.33;7;1.5;Central Español;Rampla Juniors;1.64;0.92;0.33;1.67;0.71;2;84;84;67;67;50;33;17;0;1.21;1.28;2.49;4651;22;Y;Y;Y;Y;Y;N;Y
1041682;4370;4353;2020;complete;58625;8;-1;13;48,77;1;2;3;5;5;10;1;1;0;1;0;0;4;8;6;5;10;13;14;18;45;55;0;1;3.3;3.05;1.91;1.03;1.32;2.05;3.65;6.6;7.5;2.85;1.61;1.2;1.04;1.91;1.71;0;0;0;0;1.45;1.33;1.4;3.4;2;3.25;3;2.4;2.92;0;0;1.28;1.52;1.98;2.55;3.5;3.4;2.38;1.83;1.47;1.27;0;0;0;1.95;8;2.1;6;3;1.44;3.3;9;21;2.6;1.29;1.03;1;1.28;2.33;5.3;12;3.3;1.53;1.12;1.03;0;0;0;0;3;1;0;0;2;2;1;2020-09-18 22:00:00;4353;0;34;17;17;0;1;1;2;5;3;0;7;3;0;0;0;1;0;1;1;52;66;108;128;1.3;1.87;3.16;0;0;0;0;0;0;1;1;0;0;1;0;0;0;-1;-1;-1;-1;-1;-1;-1;-1;-1;0;0;17;50;67;34;50;17;17;7.66;3;5.66;1.33;Tacuarembó;Sud América;1.18;1.46;1.67;1.33;0.86;1.57;100;100;84;50;34;34;17;17;0.81;1.75;2.56;4651;22;Y;Y;Y;N;N;N;Y
1041683;4353;4355;2020;complete;58625;9;-1;90;76;1;1;2;2;8;10;1;3;2;3;1;1;5;7;9;11;14;18;10;19;50;50;4;5;2.5;2.8;2.55;1.04;1.38;2.2;4.05;7.25;6.85;2.6;1.51;1.16;1.02;1.91;1.71;0;0;0;0;1.44;1.29;1.44;3.2;2.05;3.25;2.85;2.5;2.87;0;0;1.22;1.41;1.73;2.23;3;3.95;2.75;2.02;1.6;1.35;0;0;0;1.9;8.5;2.1;4.2;3.8;1.42;2.9;7.7;19;2.65;1.35;1.05;1;1.24;2.16;4.7;15;3.6;1.62;1.15;1.03;0;0;0;0;2;0;0;1;1;2;0;2020-09-22 19:45:00;-1;0;38;0;25;0;1;1;0;2;2;6;2;8;0;1;3;3;1;6;1;47;80;122;113;1.58;2.2;3.78;0;0;0;0;0;0;1;1;0;0;0;1;0;0;-1;-1;-1;-1;-1;-1;-1;-1;-1;25;38;50;63;75;13;63;75;50;10.25;2.5;6.5;2.63;Sud América;Rampla Juniors;1.38;0.92;1.75;1.25;1.75;1.75;75;63;50;38;25;50;50;25;1.72;1.17;2.89;4651;26;Y;Y;N;N;N;N;Y
1041684;4354;4366;2020;complete;58625;9;-1;14,43;49,63,72;2;3;5;2;7;9;1;4;2;5;0;0;7;5;4;1;11;6;15;12;53;47;2;5;2.1;2.95;3;1.02;1.27;1.91;3.3;5.95;8.25;3.1;1.71;1.24;1.06;1.71;1.91;0;0;0;0;1.35;1.29;1.54;3;2.05;3.4;2.67;2.5;3.1;0;0;0;1.32;1.57;1.97;2.6;0;3.15;2.28;1.76;1.45;0;0;0;1.8;8.5;2.25;3.75;5;1.42;2.9;7.7;19;2.65;1.35;1.05;1;1.24;2.16;4.7;10;3.6;1.62;1.15;1.04;0;0;0;0;5;2;0;0;3;3;2;2020-09-21 19:45:00;4366;0;50;13;25;0;1;1;0;2;2;5;2;7;0;1;2;4;1;6;1;51;62;100;112;1.56;1.19;2.75;1;0;1;0;0;0;1;1;0;0;0;0;0;0;-1;-1;-1;-1;-1;-1;-1;-1;-1;25;50;50;75;100;50;88;63;50;9.75;2.25;6.75;3.13;Racing;Villa Española;1.42;1.73;1.5;2.25;1.38;1.75;75;50;50;25;0;71;71;42;1.28;1.48;2.76;4651;22;Y;Y;Y;Y;Y;N;Y
1041685;4370;4395;2020;complete;58625;9;-1;31,36,89;78,85;3;2;5;6;9;15;-1;-1;2;3;0;0;7;5;13;4;20;9;-1;-1;48;52;2;3;2.6;2.3;2.95;1.08;1.53;2.65;5.15;9.25;5.6;2.2;1.36;1.09;1;2.1;1.56;0;0;0;0;0;0;0;3.2;1.95;3.5;0;0;0;0;0;0;0;0;0;0;0;0;0;0;0;0;0;0;1.9;0;2.3;0;0;0;0;0;0;0;0;0;0;0;0;0;0;0;0;0;0;0;0;0;0;5;2;0;1;2;3;2;2020-09-21 17:30:00;4370;0;38;13;25;0;1;1;4;3;2;6;7;8;0;2;2;1;2;3;1;38;32;69;74;2.02;1.15;3.17;1;0;1;0;0;0;1;1;0;0;3;0;0;0;-1;-1;-1;-1;-1;-1;-1;-1;-1;13;13;25;38;50;13;38;38;38;8.75;2;5;1.38;Tacuarembó;Albion;1.18;0.64;1.25;0.75;0.75;1;88;88;75;63;50;63;50;25;0.93;1.21;2.14;4651;22;Y;Y;Y;Y;Y;N;Y
1041686;4367;4377;2020;complete;58625;9;-1;26,60;48;2;1;3;4;4;8;2;2;2;1;0;0;8;5;0;1;8;6;20;22;54;46;2;1;2.15;2.45;3.55;1.04;1.34;2.1;3.85;7;7.25;2.7;1.57;1.18;1.03;1.77;1.83;0;0;0;0;0;0;0;3.1;1.9;3.75;0;0;0;0;0;0;0;0;0;0;0;0;0;0;0;0;0;0;1.83;0;2.37;0;0;0;0;0;0;0;0;0;0;0;0;0;0;0;0;0;0;0;0;0;0;3;1;0;1;1;2;1;2020-09-22 17:30:00;4367;0;25;0;13;0;1;1;2;1;2;3;3;5;0;1;2;0;1;2;1;97;106;125;120;1.77;1.5;3.27;0;0;0;0;0;0;1;1;0;0;0;0;0;0;-1;-1;-1;-1;-1;-1;-1;-1;-1;0;13;13;25;75;0;38;50;13;10.25;2;5.25;1.25;Villa Teresa;Central Español;1;0.82;0.5;1;0.88;1;100;88;88;75;25;59;59;29;1.34;1.46;2.8;4651;22;Y;Y;Y;N;N;N;Y
1041687;4365;4369;2020;complete;58625;9;-1;6;;1;0;1;6;4;10;1;1;3;2;0;0;7;4;4;4;11;8;22;14;42;58;3;2;1.91;2.75;3.8;1.03;1.34;2.1;3.8;6.9;7.25;2.75;1.59;1.18;1.04;1.83;1.77;0;0;0;0;1.09;1.17;1.8;2.8;2.01;4.06;2.57;2.4;3.5;0;0;1.22;1.41;1.73;2.23;3;3.95;2.75;2.02;1.6;1.35;0;0;0;1.8;8;2.4;0;0;1.4;3.2;8;19;2.75;1.3;1.05;1;1.28;2.33;5.3;13;3.3;1.53;1.12;1.04;0;0;0;0;1;1;0;0;0;0;1;2020-09-22 15:15:00;4365;0;50;25;25;0;1;1;3;2;3;2;5;5;1;1;2;1;2;3;1;89;97;99;100;1.82;1.49;3.31;0;0;0;0;0;0;1;1;1;0;1;1;0;0;-1;-1;-1;-1;-1;-1;-1;-1;-1;13;25;50;75;88;50;63;50;38;10.25;2.75;5.75;2.63;Juventud;Atenas;1.75;0.82;1.25;0.5;0.88;1;88;75;50;25;13;63;63;50;1.42;1.17;2.59;4651;22;Y;N;N;N;N;N;N
1041688;4375;4381;2020;complete;58625;9;-1;43;12,18,69;1;3;4;0;0;0;-1;-1;1;7;1;1;-1;-1;-1;-1;-1;-1;-1;-1;-1;-1;3;9;1.67;3.25;4.1;1.02;1.29;1.95;3.4;6.15;8;3;1.69;1.22;1.05;1.83;1.77;0;0;0;0;1.2;1.26;1.86;2.4;2.1;4.5;2.22;2.55;3.98;0;0;0;0;0;0;0;0;0;0;0;0;0;0;0;1.57;9;2.87;2.8;7.5;1.42;2.9;7.7;19;2.65;1.35;1.05;1;1.24;2.16;4.7;11;3.6;1.62;1.15;1.03;0;0;0;0;4;1;2;0;1;1;3;2020-09-21 15:15:00;4381;0;63;38;0;0;1;1;0;0;0;0;0;0;1;6;1;2;7;3;-1;0;0;0;0;0;0;0;0;0;0;0;0;0;1;1;0;0;0;0;0;0;-1;-1;-1;-1;-1;-1;-1;-1;-1;0;25;25;75;88;38;75;50;13;10.25;1;7.5;2.13;Cerrito;Rocha;1.82;1.18;2;1.25;2.25;1.25;100;75;75;25;13;75;50;38;1.13;1.31;2.44;4651;22;Y;Y;Y;Y;N;N;Y
1041689;4381;4370;2020;complete;58625;10;-1;;26,35;0;2;2;2;1;3;-1;-1;2;4;0;0;3;5;9;4;12;9;-1;-1;62;38;2;4;2.15;3;2.9;1.03;1.3;2;3.5;6.35;7.75;2.95;1.65;1.21;1.05;1.77;1.83;0;0;0;0;1.19;1.28;1.83;2.5;2;4.75;2.27;2.42;4.18;0;0;1.26;1.49;1.9;2.45;3.35;3.55;2.48;1.9;1.5;1.29;0;0;0;1.57;7.5;3;4.2;4.33;1.48;3.3;9;21;2.47;1.29;1.03;1;1.29;2.38;5.5;13;3.3;1.51;1.11;1.04;0;0;0;0;2;0;2;0;0;0;2;2020-09-28 19:45:00;4370;0;63;0;25;0;1;1;2;1;0;0;3;0;1;0;1;4;1;5;1;48;33;87;72;1.32;1.16;2.48;0;1;0;1;0;0;1;1;0;0;2;0;0;0;-1;-1;-1;-1;-1;-1;-1;-1;-1;0;13;38;63;88;0;75;75;38;8.25;2.5;6.25;2;Rocha;Tacuarembó;1.27;0.91;1.25;0.25;1.44;1;100;88;63;38;13;75;50;38;1.18;1.08;2.26;4651;22;Y;Y;N;N;N;N;N
1041690;4366;4375;2020;complete;58625;10;-1;75;33,43;1;2;3;4;3;7;4;0;5;2;0;1;4;6;4;3;8;9;29;20;45;55;5;4;2.65;2.5;2.75;1.03;1.31;2;3.55;6.5;7.5;2.9;1.62;1.2;1.04;1.71;1.91;0;0;0;0;1.44;1.29;1.44;3.2;2.1;3.2;2.85;2.55;2.87;0;0;1.29;1.57;2;2.7;3.7;3.2;2.2;1.7;1.4;1.22;0;0;0;2;9;2;3.8;4.8;1.36;3;8;19;2.88;1.33;1.05;1;1.23;2.1;4.5;11;3.7;1.65;1.16;1.05;0;0;0;0;3;0;2;1;0;1;2;2020-09-29 15:15:00;4375;0;88;38;63;0;1;1;1;3;3;0;4;3;2;0;3;3;2;6;1;67;89;81;110;1.27;1.63;2.9;0;0;0;0;0;0;1;1;0;0;0;0;0;0;-1;-1;-1;-1;-1;-1;-1;-1;-1;25;75;88;88;100;38;75;75;63;7.75;2;5.75;3.88;Villa Española;Cerrito;1.64;1.91;1.25;2.5;1.89;2;75;25;13;13;0;38;38;13;1.49;1.2;2.69;4651;22;Y;Y;Y;N;N;N;Y
1041691;4377;4365;2020;complete;58625;10;-1;61;43;1;1;2;2;8;10;1;2;1;4;0;0;3;6;5;8;8;14;14;25;39;61;1;4;3.9;2.7;1.91;1.05;1.41;2.3;4.25;7.75;6.55;2.5;1.48;1.14;1.02;2;1.65;0;0;0;0;0;0;0;3.4;1.95;3.25;4.33;0;2.25;0;0;0;0;0;0;0;0;0;0;0;0;0;0;0;2;0;2.1;0;0;1.57;3.5;10;26;2.25;1.28;1.06;1.01;1.36;2.5;6;15;3;1.5;1.12;1.03;0;0;0;0;2;0;1;1;0;1;1;2020-09-28 15:15:00;-1;0;50;13;25;0;1;1;2;4;0;4;6;4;0;1;1;3;1;4;1;96;108;107;121;1.41;2.08;3.49;0;0;0;0;0;0;1;1;0;0;0;1;0;0;-1;-1;-1;-1;-1;-1;-1;-1;-1;25;38;50;50;75;25;63;50;38;9.75;1.5;6.5;2.38;Central Español;Juventud;1.64;1.17;1;0.5;0.89;1.11;75;63;50;50;25;50;38;25;1.21;1.63;2.84;4651;22;Y;Y;N;N;N;N;Y
1041692;4395;4353;2020;complete;58625;10;-1;73,77,80,82;;4;0;4;6;6;12;1;1;1;2;0;1;12;6;6;7;18;13;11;11;46;54;1;3;3.3;2.85;2;1.01;1.2;1.71;2.8;4.95;9.5;3.6;1.91;1.33;1.1;1.57;2.1;0;0;0;0;0;0;0;3.75;2.2;2.62;3.2;0;2.37;0;0;0;0;0;0;0;0;0;0;0;0;0;0;0;2.1;0;1.83;0;0;1.36;2.62;6.5;17;3;1.44;1.11;1.02;1.2;1.9;3.75;9;4.33;1.8;1.25;1.07;0;0;0;0;4;0;0;4;0;4;0;2020-09-29 17:30:00;4395;0;75;25;25;0;1;1;3;3;3;3;6;6;1;1;0;2;2;2;1;83;110;96;104;2.57;2.03;4.59;0;0;0;0;0;0;1;1;0;0;0;1;0;0;-1;-1;-1;-1;-1;-1;-1;-1;-1;0;13;50;88;88;38;63;50;50;9.5;4.5;6;2.38;Albion;Sud América;1.36;1.46;1.25;1.75;0.89;1.67;100;88;50;13;13;63;50;38;1.53;1.78;3.31;4651;22;Y;Y;Y;Y;N;N;N
1041693;4355;4367;2020;complete;58625;10;-1;15;57,86;1;2;3;2;7;9;1;0;1;0;1;0;3;6;1;4;4;10;11;10;44;56;3;0;1.95;3.1;3.15;1.04;1.37;2.2;4.05;7.25;6.95;2.6;1.53;1.16;1.03;1.95;1.67;0;0;0;0;1.24;1.29;1.72;2.62;2;4.33;2.44;2.37;3.8;0;0;1.26;1.49;1.85;2.45;3.35;3.55;2.48;1.95;1.5;1.29;0;0;0;1.61;7;2.75;3.5;5;1.45;3.3;9;21;2.55;1.29;1.03;1;1.3;2.4;5.6;13;3.2;1.5;1.11;1.04;0;0;0;0;3;1;0;0;2;2;1;2020-09-28 17:30:00;4367;0;75;25;38;0;1;1;1;5;1;2;6;3;0;0;2;0;0;2;1;79;98;117;113;1.05;1.76;2.81;0;0;0;0;0;0;1;1;0;0;0;0;0;0;-1;-1;-1;-1;-1;-1;-1;-1;-1;0;25;75;75;88;38;75;63;50;13;2.25;5.5;2.63;Rampla Juniors;Villa Teresa;1.77;1.36;2.25;1.25;1.67;1.11;100;75;25;25;13;63;50;38;1.46;1.57;3.03;4651;22;Y;Y;Y;N;N;N;Y
1041694;4369;4354;2020;complete;58625;10;-1;27,90;;2;0;2;2;4;6;2;3;1;2;0;0;5;6;3;5;8;11;17;15;44;56;1;2;2.85;2.65;2.35;1.02;1.29;1.95;3.45;6.2;7.75;3;1.67;1.22;1.05;1.69;1.91;0;0;0;0;1.6;1.27;1.33;3.5;2.2;2.75;3.2;2.6;2.5;0;0;1.13;1.29;1.53;1.98;2.5;5;3.2;2.3;1.83;1.44;0;0;0;2.05;10;1.9;4.75;3.9;1.36;2.88;7.5;17;2.88;1.36;1.06;1;1.21;2.05;4.3;11;3.9;1.69;1.18;1.05;0;0;0;0;2;1;0;1;0;1;1;2020-09-29 19:45:00;4369;0;38;13;13;0;1;1;1;2;1;2;3;3;1;1;0;1;2;1;1;76;127;110;119;1.41;2.03;3.44;0;0;0;0;0;0;1;1;0;0;0;0;0;0;-1;-1;-1;-1;-1;-1;-1;-1;-1;0;0;38;63;88;25;63;63;13;12.75;3.75;7;1.88;Atenas;Racing;1.36;1.33;1.5;1.25;0.89;1.22;100;100;63;38;13;75;50;50;1.38;1.56;2.94;4651;22;Y;Y;N;N;N;N;N
1041695;4395;4381;2020;complete;58625;11;-1;;;0;0;0;2;9;11;5;0;0;0;0;0;2;9;3;9;5;18;16;18;46;54;0;0;2.1;2.35;4;1.04;1.35;2.15;3.9;7;7;2.7;1.56;1.17;1.03;1.77;1.83;0;0;0;0;0;0;0;2.3;2.1;5;0;0;0;0;0;0;0;0;0;0;0;0;0;0;0;0;0;0;1.5;0;3.1;0;0;0;0;0;0;0;0;0;0;0;0;0;0;0;0;0;0;0;0;0;0;0;0;0;0;0;0;0;2020-10-02 15:15:00;-1;0;70;40;10;0;1;-1;1;4;1;5;5;6;0;0;0;0;0;0;1;52;111;115;138;0.85;2.56;3.41;0;0;0;0;0;0;1;1;0;0;0;0;-1;-1;-1;-1;-1;-1;-1;-1;-1;-1;-1;0;40;50;90;90;40;70;60;30;10.1;3;9.4;2.7;Albion;Rocha;1.36;1.18;1.6;1.6;1.1;1.3;100;60;50;10;10;68;55;55;1.74;1.31;3.05;4651;22;N;N;N;N;N;N;N
1041696;4370;4366;2020;complete;58625;11;-1;87;;1;0;1;3;8;11;2;1;5;3;0;0;2;4;10;9;12;13;19;11;50;50;5;3;3.5;3.25;1.8;1.06;1.28;1.95;3.18;6.2;8;3.32;1.85;1.3;1.09;1.83;1.87;0;0;0;0;1.77;1.26;1.24;4.5;2.1;2.37;3.58;2.6;2.3;0;0;0;0;0;0;0;0;0;0;0;0;0;0;0;2.4;8.75;1.66;0;0;1.36;2.65;6.7;15;2.9;1.42;1.07;1.02;1.22;2.07;4.4;10;3.8;1.67;1.17;1.04;0;0;0;0;1;0;0;1;0;1;0;2020-10-02 22:00:00;4370;0;40;0;20;0;1;1;1;3;2;5;4;7;1;1;4;2;2;6;1;63;68;120;123;1.36;1.6;2.96;1;0;1;0;0;0;1;1;0;0;0;0;0;0;-1;-1;-1;-1;-1;-1;-1;-1;-1;30;40;50;50;80;30;80;50;50;9.1;2.8;5.2;2.5;Tacuarembó;Villa Española;1.18;1.73;1.6;2.4;1.2;1.7;70;60;50;50;20;58;45;23;1.15;1.41;2.56;4651;22;Y;N;N;N;N;N;N
1041697;4375;4369;2020;complete;58625;11;-1;18;77;1;1;2;5;0;5;0;1;4;3;0;1;3;2;5;2;8;4;5;7;46;54;4;5;1.62;2.9;5.3;1.03;1.31;2;3.55;6.45;7.75;2.9;1.65;1.21;1.05;1.83;1.77;0;0;0;0;1.12;1.22;2.19;2.1;2.1;6;1.96;2.65;4.74;0;0;1.26;1.49;1.9;2.45;3.35;3.55;2.48;1.9;1.5;1.29;0;0;0;1.4;7.75;3.5;0;0;1.37;2.75;6.9;15;2.85;1.4;1.07;1.02;1.23;2.1;4.5;11;3.7;1.65;1.16;1.03;0;0;0;0;2;1;0;0;1;1;1;2020-10-02 13:00:00;-1;0;50;30;10;0;1;1;2;0;3;0;2;3;1;1;3;3;2;6;1;76;86;101;116;1.27;1.02;2.29;0;0;0;0;0;0;1;1;0;0;0;0;0;0;-1;-1;-1;-1;-1;-1;-1;-1;-1;10;40;40;60;90;40;70;60;30;8.55;0.8;6.6;2.5;Cerrito;Atenas;1.82;0.82;1.6;0.4;2.1;1.1;90;60;60;40;10;68;55;23;1.13;1.23;2.36;4651;22;Y;Y;N;N;N;N;Y
1041698;4353;4367;2020;complete;58625;11;-1;17;54,56,90;1;3;4;7;5;12;3;1;3;2;0;0;3;7;9;12;12;19;13;11;49;51;3;2;1.77;2.95;4.15;1.02;1.28;1.95;3.35;6.1;8;3;1.69;1.23;1.05;1.77;1.83;0;0;0;0;1.18;1.25;1.93;2.3;2.1;5;2.15;2.55;4.16;0;0;1.26;1.49;1.93;2.45;3.35;3.55;2.48;1.88;1.5;1.29;0;0;0;1.5;7.75;3;0;0;1.39;2.8;7.1;0;2.75;1.38;1.06;0;1.24;2.16;4.7;0;3.6;1.62;1.15;0;0;0;0;0;4;1;0;0;3;3;1;2020-10-02 17:30:00;4367;0;60;0;30;0;1;1;2;3;5;2;5;7;2;1;1;1;3;2;1;85;65;158;117;1.6;2.16;3.75;0;0;0;0;0;0;1;1;0;0;1;0;0;0;-1;-1;-1;-1;-1;-1;-1;-1;-1;10;30;60;80;90;20;70;90;70;14;2.8;5.2;2.8;Sud América;Villa Teresa;1.38;1.36;1.6;1.6;1.5;1.3;90;70;40;20;10;80;60;30;1.69;1.61;3.3;4651;22;Y;Y;Y;Y;N;N;Y
1041699;4354;4377;2020;complete;58625;11;-1;;90;0;1;1;10;3;13;1;1;4;4;0;0;0;5;5;4;5;9;14;13;59;41;4;4;1.77;3.3;3.6;1.02;1.28;1.91;3.35;6.05;8;3.05;1.69;1.23;1.06;1.8;1.8;0;0;0;0;0;0;0;2.3;2.1;5;0;0;0;0;0;0;0;0;0;0;0;0;0;0;0;0;0;0;1.5;0;3;0;0;0;0;0;0;0;0;0;0;0;0;0;0;0;0;0;0;0;0;0;0;1;0;0;0;1;1;0;2020-10-03 13:00:00;4377;0;60;10;20;0;1;1;5;1;5;2;6;7;2;1;2;3;3;5;1;102;83;117;96;1.06;1.52;2.58;0;0;0;0;0;0;1;1;0;0;1;0;0;0;-1;-1;-1;-1;-1;-1;-1;-1;-1;20;30;40;70;100;40;70;80;40;8.4;1.8;6.4;2.7;Racing;Central Español;1.42;0.82;1.2;0.8;1.1;0.9;80;70;60;30;0;60;50;30;1.34;1.47;2.81;4651;22;Y;N;N;N;N;N;N
1041700;4365;4355;2020;complete;58625;11;-1;30,81,84;31,50;3;2;5;2;4;6;1;0;2;2;1;0;5;5;1;5;6;10;15;17;52;48;4;2;2.05;2.85;3.15;1.04;1.37;2.2;4;7.25;6.9;2.6;1.53;1.16;1.02;1.91;1.71;0;0;0;0;1.22;1.29;1.76;2.62;2;4.33;2.36;2.4;3.98;0;0;1.22;1.41;1.73;2.23;3;3.95;2.75;2.02;1.6;1.35;0;0;0;1.61;7;2.75;0;0;1.46;3.2;8.6;0;2.5;1.31;1.04;0;1.3;2.4;5.6;0;3.2;1.5;1.11;0;0;0;0;0;5;1;1;2;1;3;2;2020-10-02 17:30:00;4365;0;50;10;40;0;1;1;0;2;2;2;2;4;2;1;1;1;3;2;1;70;104;90;103;1.24;1.73;2.97;0;0;0;0;0;0;1;1;0;0;0;0;0;0;-1;-1;-1;-1;-1;-1;-1;-1;-1;10;10;40;60;70;20;50;40;40;10.8;2.4;5.2;1.9;Juventud;Rampla Juniors;1.75;0.92;1.6;1.2;1.1;1.5;90;90;60;40;30;60;60;30;1.5;1.38;2.88;4651;24;Y;Y;Y;Y;Y;N;Y
1041701;4381;4353;2020;complete;58625;12;-1;69;85;1;1;2;2;10;12;2;0;4;4;0;0;7;7;3;7;10;14;14;21;46;54;4;4;2.4;2.95;2.55;1.03;1.33;2.05;3.7;6.75;7.25;2.8;1.59;1.19;1.04;1.83;1.77;0;0;0;0;1.46;1.3;1.41;3.2;2.05;3.2;2.9;2.4;2.92;0;0;1.26;1.49;1.95;2.45;3.35;3.55;2.48;1.85;1.5;1.29;0;0;0;1.9;7.5;2.1;4.25;4.2;1.43;3;8;17;2.6;1.34;1.05;1.01;1.27;2.3;5.2;11;3.4;1.55;1.12;1.03;0;0;0;0;2;0;0;1;1;2;0;2020-10-09 19:00:00;-1;0;60;10;20;0;1;1;1;3;1;7;4;8;1;1;3;3;2;6;1;46;83;83;123;1.46;1.98;3.43;0;1;0;1;0;0;1;1;0;0;0;3;0;0;-1;-1;-1;-1;-1;-1;-1;-1;-1;0;10;40;90;100;30;80;60;40;9.4;2.6;4.6;2.4;Rocha;Sud América;1.27;1.46;1;1.4;1.27;1.36;100;90;60;10;0;80;50;30;1.21;1.83;3.04;4651;22;Y;Y;N;N;N;N;Y
1041702;4365;4367;2020;complete;58625;12;-1;;;0;0;0;4;5;9;-1;-1;0;0;0;0;7;6;4;1;11;7;19;14;55;45;0;0;2.2;2.95;2.8;1.04;1.36;2.15;3.95;7;7;2.65;1.54;1.16;1.03;1.87;1.74;0;0;0;0;1.33;1.31;1.53;2.87;2;4;2.57;2.38;3.5;0;0;1.22;1.41;1.73;2.23;3;3.95;2.7;2;1.58;1.34;0;0;0;1.83;7;2.3;4;4.2;1.45;3.1;8.4;17;2.55;1.32;1.04;1.01;1.29;2.38;5.5;12;3.3;1.51;1.11;1.03;0;0;0;0;0;0;0;0;0;0;0;2020-10-09 16:45:00;-1;0;67;17;33;0;1;-1;2;1;2;4;3;6;0;0;0;0;0;0;1;91;68;154;114;1.86;1.36;3.22;0;0;0;0;0;0;1;1;0;0;0;1;-1;-1;-1;-1;-1;-1;-1;-1;-1;-1;-1;9;25;67;75;83;34;75;58;58;13.34;2.33;3.83;2.58;Juventud;Villa Teresa;1.75;1.36;1.83;1.83;1.27;1.45;92;75;34;25;17;75;59;42;1.46;1.7;3.16;4651;22;N;N;N;N;N;N;N
1041703;4354;4355;2020;complete;58625;12;-1;;;0;0;0;6;1;7;-1;-1;2;4;0;0;6;3;4;3;10;6;-1;-1;52;48;2;4;2.55;3.15;2.3;1.01;1.2;1.69;2.75;4.9;9.5;3.65;1.91;1.34;1.1;1.59;2.1;0;0;0;0;1.49;1.26;1.43;3;2.25;3;2.75;2.7;2.77;0;0;1.22;1.41;1.73;2.23;3;3.95;2.7;2;1.58;1.34;0;0;0;2.1;9.75;1.83;5;4.4;1.31;2.43;5.7;13;3.09;1.49;1.1;1.02;1.18;1.9;3.8;9;4.3;1.8;1.22;1.05;0;0;0;0;0;0;0;0;0;0;0;2020-10-09 14:30:00;-1;0;67;17;42;0;1;1;4;0;2;1;4;3;1;1;1;3;2;4;1;38;28;89;89;1.33;0.8;2.14;0;0;0;0;0;0;1;1;0;0;0;0;0;0;-1;-1;-1;-1;-1;-1;-1;-1;-1;33;42;50;75;84;42;59;75;59;9.5;1.34;7.5;2.92;Racing;Rampla Juniors;1.42;0.92;1;1;1;1.36;67;59;50;25;17;58;50;25;1.29;1.44;2.73;4651;24;N;N;N;N;N;N;N
1041704;4375;4377;2020;complete;58625;12;-1;45,46,54,66;;4;0;4;6;8;14;-1;-1;3;2;0;0;6;3;2;6;8;9;-1;-1;53;47;3;2;1.87;2.85;3.75;1.03;1.32;2.05;3.65;6.65;7.5;2.8;1.61;1.19;1.04;1.8;1.8;0;0;0;0;0;0;0;2.6;2.05;4.33;0;0;0;0;0;0;0;0;0;0;0;0;0;0;0;0;0;0;1.61;0;2.75;0;0;0;0;0;0;0;0;0;0;0;0;0;0;0;0;0;0;0;0;0;0;4;1;0;3;0;3;1;2020-10-09 16:45:00;4375;0;50;17;9;0;1;1;6;5;0;3;11;3;0;0;3;2;0;5;1;32;43;78;64;1.16;1.09;2.25;0;0;0;0;0;0;1;1;0;0;0;1;0;0;-1;-1;-1;-1;-1;-1;-1;-1;-1;0;17;25;50;92;17;59;75;17;8.8;1;5.34;1.84;Cerrito;Central Español;1.82;0.82;1.5;1.17;2;1.09;100;84;75;50;9;55;45;27;1.16;1.48;2.64;4651;22;Y;Y;Y;Y;N;N;N
1041705;4370;4369;2020;complete;58625;12;-1;;;0;0;0;-1;-1;-1;-1;-1;1;2;0;0;-1;-1;-1;-1;-1;-1;-1;-1;-1;-1;1;2;2.25;2.95;2.75;1.05;1.4;2.25;4.2;7.75;6.65;2.5;1.49;1.14;1.02;1.95;1.67;0;0;0;0;1.4;1.31;1.45;3;1.95;3.75;3.02;2.15;3.1;0;0;0;0;0;0;0;0;0;0;0;0;0;0;0;1.95;7;2.2;4;4.25;1.46;3.2;8.6;41;2.5;1.31;1.04;1.01;1.3;2.4;5.6;15;3.2;1.5;1.11;1.03;0;0;0;0;0;0;0;0;0;0;0;2020-10-16 20:00:00;-1;0;42;9;17;0;-1;1;-1;-1;-1;-1;-1;-1;0;0;1;2;0;3;-1;0;0;0;0;0;0;0;0;0;0;0;0;0;1;1;0;0;-1;-1;0;0;-1;-1;-1;-1;-1;-1;-1;-1;-1;17;25;33;50;84;25;67;59;33;6.67;1.83;7.16;2.17;Tacuarembó;Atenas;1.18;0.82;1.83;0.5;1.5;1.09;83;75;67;50;17;50;50;25;1.18;1.2;2.38;4651;22;N;N;N;N;N;N;N
1041706;4395;4366;2020;complete;58625;12;-1;86;3,66;1;2;3;4;3;7;1;1;5;2;0;0;2;7;4;11;6;18;21;12;53;47;5;2;2.9;3.2;2.05;1.02;1.26;1.87;3.25;5.85;8.25;3.1;1.71;1.25;1.06;1.74;1.87;0;0;0;0;0;0;0;4;2.1;2.62;0;0;0;0;0;0;0;0;0;0;0;0;0;0;0;0;0;0;2.62;0;1.61;0;0;0;0;0;0;0;0;0;0;0;0;0;0;0;0;0;0;0;0;0;0;3;0;1;1;1;2;1;2020-10-09 21:15:00;4366;0;42;9;17;0;1;1;0;0;4;3;0;7;2;0;3;2;2;5;1;76;66;114;121;1.08;2.1;3.18;0;0;0;0;0;0;1;1;0;1;0;0;0;0;-1;-1;-1;-1;-1;-1;-1;-1;-1;17;42;50;59;84;25;58;59;50;10.17;4.83;5.66;2.5;Albion;Villa Española;1.36;1.73;1.5;2;1.09;1.55;84;59;50;42;17;74;64;54;1.59;1.45;3.04;4651;22;Y;Y;Y;N;N;N;Y
1041707;4367;4354;2020;complete;58625;13;-1;;21,35;0;2;2;7;3;10;2;1;0;2;0;0;4;9;3;4;7;13;12;22;54;46;0;2;2.55;2.9;2.45;1.06;1.43;2.35;4.4;8;6.4;2.45;1.45;1.13;1.01;2;1.65;0;0;0;0;1.65;1.36;1.22;4;1.95;2.88;3.88;2.33;2.42;0;0;1.22;1.44;1.73;2.1;2.63;3.95;2.6;2;1.65;1.43;0;0;0;2.3;6.55;1.83;4.75;3.5;1.49;3.03;9.1;46;2.45;1.34;1.03;1.01;1.32;2.5;6;17;3.1;1.47;1.09;1.03;0;0;0;0;2;0;2;0;0;0;2;2020-10-13 00:15:00;4354;0;40;10;20;0;1;1;5;2;2;1;7;3;0;1;0;1;1;1;1;114;101;148;148;1.56;2.19;3.74;0;0;0;0;0;0;1;1;0;0;0;2;0;0;-1;-1;-1;-1;-1;-1;-1;-1;-1;0;10;40;60;70;20;60;40;20;10.5;4.2;5.6;1.8;Villa Teresa;Racing;1;1.33;1;1;1.42;1;100;90;60;40;30;55;45;33;1.45;1.66;3.11;4651;22;Y;Y;N;N;N;N;N
1041708;4355;4375;2020;complete;58625;13;-1;56;43;1;1;2;8;4;12;4;0;5;1;1;0;2;7;2;2;4;9;20;10;42;58;7;1;2.75;2.85;2.3;1.05;1.39;2.25;4.1;7.5;6.75;2.55;1.5;1.15;1.02;1.95;1.69;0;0;0;0;1.43;1.31;1.42;3.25;2;3.25;2.9;2.3;3;0;0;1.35;1.65;2.12;2.88;4.1;3;2.14;1.66;1.37;1.21;0;0;0;2.05;7;2.05;4.2;4.2;1.46;3.5;11;41;2.56;1.25;1.05;1.01;1.28;2.3;5.25;15;3.4;1.53;1.13;1.03;0;0;0;0;2;0;1;1;0;1;1;2020-10-12 15:15:00;-1;0;80;30;30;0;1;1;5;1;3;3;6;6;5;1;1;0;6;1;1;97;95;107;128;1.1;1.75;2.85;0;0;0;0;0;0;1;1;0;0;2;0;0;0;-1;-1;-1;-1;-1;-1;-1;-1;-1;10;40;80;80;100;40;70;70;40;7.6;2.6;5.6;3.2;Rampla Juniors;Cerrito;1.77;1.91;1.8;2.6;1.33;2.08;90;60;20;20;0;40;30;30;1.38;1.28;2.66;4651;22;Y;Y;N;N;N;N;Y
1041709;4353;4365;2020;complete;58625;13;-1;;29,83;0;2;2;-1;-1;-1;3;2;0;3;0;0;6;8;-1;-1;5;7;17;16;50;50;0;3;2.5;2.45;3;1.05;1.38;2.2;4.05;7.5;6.8;2.6;1.51;1.16;1.02;1.83;1.77;0;0;0;0;1.36;1.29;1.53;3.1;2;3.4;3.12;2;3.3;0;0;1.22;1.41;1.73;2.23;3;3.95;2.7;2;1.58;1.34;0;0;0;1.91;7;2.2;3.7;4.5;1.47;3.14;11;41;2.5;1.33;1.05;1.01;1.66;2.15;7;15;2.1;1.63;1.08;1.02;0;0;0;0;2;0;1;0;1;1;1;2020-10-12 17:30:00;4365;0;55;10;9;0;-1;1;-1;-1;-1;-1;-1;-1;0;0;0;3;0;3;-1;0;0;0;0;0;0;0;0;0;0;0;0;0;1;1;0;0;-1;-1;0;0;-1;-1;-1;-1;-1;-1;-1;-1;-1;9;35;45;72;90;19;64;80;44;13;2.77;6.37;2.59;Sud América;Juventud;1.38;1.17;1.33;0.6;1.33;1.25;92;65;55;29;10;82;82;45;1.68;1.72;3.4;4651;24;Y;Y;N;N;N;N;N
1041710;4369;4395;2020;complete;58625;13;-1;24,52,85;;3;0;3;4;5;9;-1;-1;1;3;0;0;7;3;3;5;10;8;-1;-1;54;46;1;3;2.19;3.15;2.88;1.01;1.24;1.91;3.05;5.5;8.75;3.3;1.91;1.27;1.08;1.69;1.91;0;0;0;0;0;0;0;2.88;2.05;3.75;0;0;0;0;0;0;0;0;0;0;0;0;0;0;0;0;0;0;1.8;0;2.38;0;0;0;0;0;0;0;0;0;0;0;0;0;0;0;0;0;0;0;0;0;0;3;1;0;2;0;2;1;2020-10-22 22:00:00;4369;0;40;10;40;0;1;1;1;1;3;4;2;7;1;1;0;2;2;2;1;27;34;77;73;1.32;0.97;2.29;0;0;0;0;0;0;1;1;0;0;0;0;0;1;-1;-1;-1;-1;-1;-1;-1;-1;-1;20;20;30;60;80;20;50;80;40;12.8;1.6;5.6;2.1;Atenas;Albion;1.36;0.64;1.8;0.6;1.08;1.15;80;80;70;40;20;80;60;50;1.38;1.2;2.58;4651;22;Y;Y;Y;N;N;N;N
1041711;4366;4381;2020;complete;58625;13;-1;49,65,71;;3;0;3;3;7;10;0;5;1;4;0;0;6;3;1;7;7;10;10;16;41;59;1;4;1.91;2.9;3.65;1.02;1.26;1.87;3.25;5.85;8.25;3.1;1.71;1.25;1.06;1.69;1.91;0;0;0;0;1.24;1.26;1.78;2.5;2.1;4.33;2.52;2.55;3.3;0;0;1.28;1.52;1.95;2.55;3.5;3.4;2.38;1.85;1.47;1.27;0;0;0;1.67;8.75;2.5;3.7;5.5;1.45;2.96;6.9;29;2.55;1.38;1.07;1.01;1.23;2.1;4.5;11;3.7;1.66;1.16;1.05;0;0;0;0;3;0;0;3;0;3;0;2020-10-12 19:45:00;4366;0;84;45;30;0;1;1;3;5;0;2;8;2;1;1;0;3;2;3;1;51;61;90;111;1.24;1.29;2.53;0;0;0;0;0;0;1;1;0;0;1;1;0;0;-1;-1;-1;-1;-1;-1;-1;-1;-1;10;47;67;92;92;55;92;65;30;10.2;1.5;8.8;3.07;Villa Española;Rocha;1.64;1.18;1;1.5;1.67;1.25;90;54;34;9;9;60;50;30;1.45;1.56;3.01;4651;22;Y;Y;Y;N;N;N;N
1041712;4377;4370;2020;complete;58625;13;-1;;61;0;1;1;7;4;11;-1;-1;1;4;0;1;5;6;11;2;16;8;-1;-1;52;48;1;5;2.6;2.5;2.7;1.07;1.5;2.55;4.95;9;5.85;2.25;1.38;1.1;1.01;2.1;1.59;0;0;0;0;0;0;0;3.4;1.95;3.25;0;0;0;0;0;0;0;0;0;0;0;0;0;0;0;0;0;0;2;0;2.1;0;0;0;0;0;0;0;0;0;0;0;0;0;0;0;0;0;0;0;0;0;0;1;0;0;0;1;1;0;2020-10-12 22:00:00;4370;0;50;0;30;0;1;1;4;3;3;1;7;4;0;1;1;4;1;5;1;38;31;79;73;1.63;1.15;2.79;0;0;0;0;0;0;1;1;0;0;1;0;0;0;-1;-1;-1;-1;-1;-1;-1;-1;-1;20;30;40;60;80;20;70;60;40;6;1.8;6.8;2.3;Central Español;Tacuarembó;1.64;0.91;1;0.8;1;1.36;80;70;60;40;20;40;30;20;1.25;1.09;2.34;4651;22;Y;N;N;N;N;N;N
1041713;4354;4365;2020;complete;58625;14;-1;;;0;0;0;6;3;9;-1;-1;-1;-1;-1;-1;3;3;3;5;6;8;-1;-1;49;51;-1;-1;2.05;2.75;3.3;1.02;1.29;1.95;3.45;6.2;7.75;2.95;1.67;1.22;1.05;1.74;1.87;0;0;0;0;1.29;1.53;1.35;3.25;1.95;3.5;2.9;2.24;3.2;0;0;0;0;0;0;0;0;0;0;0;0;0;0;0;1.95;6.8;2.25;3.5;4.6;1.54;3.5;9.9;15;2.31;1.26;1.02;1.02;1.36;2.65;6.5;13;2.9;1.42;1.08;1.02;0;0;0;0;0;0;0;0;0;0;0;2020-10-19 13:00:00;-1;0;54;16;7;0;1;-1;4;2;2;1;6;3;-1;-1;-1;-1;-1;-1;1;39;29;75;65;0.88;0.93;1.81;0;0;0;0;0;0;1;1;0;0;1;0;-1;-1;-1;-1;-1;-1;-1;-1;-1;-1;-1;15;30;38;69;85;37;62;69;30;12.29;1.26;6.88;2.43;Racing;Juventud;1.42;1.17;1;1;1.15;1.38;86;70;62;31;16;76;69;42;1.3;1.72;3.02;4651;24;N;N;N;N;N;N;N
1041714;4370;4355;2020;complete;58625;14;-1;;72,90;0;2;2;6;4;10;1;1;2;3;0;0;5;5;8;3;13;8;21;19;50;50;2;3;2.7;2.7;2.45;1.04;1.35;2.15;3.9;7;7;2.7;1.56;1.17;1.03;1.83;1.77;0;0;0;0;1.48;1.34;1.36;3.25;2;3.25;3;2.4;2.85;0;0;0;0;0;0;0;0;0;0;0;0;0;0;0;2.2;7.25;1.95;0;0;1.51;3.28;7.9;0;2.45;1.3;1.05;0;1.27;2.3;5.2;0;3.4;1.55;1.13;0;0;0;0;0;2;0;0;0;2;2;0;2020-10-20 22:00:00;4355;0;43;7;36;0;1;1;4;1;2;3;5;5;1;2;1;1;3;2;1;56;85;93;126;1.58;1.48;3.05;0;0;0;0;0;0;1;1;0;0;1;1;0;1;-1;-1;-1;-1;-1;-1;-1;-1;-1;22;22;36;43;57;14;43;50;43;7.36;1;6.14;1.79;Tacuarembó;Rampla Juniors;1.18;0.92;1.71;1;1.46;1.31;79;79;64;57;43;40;40;17;1.18;1.35;2.53;4651;22;Y;Y;N;N;N;N;N
1041715;4366;4353;2020;complete;58625;14;-1;5;;1;0;1;5;3;8;-1;-1;1;1;0;0;6;3;5;4;11;7;-1;-1;46;54;1;1;2;3.4;2.8;1.01;1.25;1.83;3.1;5.55;8.5;3.25;1.77;1.27;1.07;1.71;1.91;0;0;0;0;1.27;1.27;1.68;2.75;2.1;3.6;2.42;2.55;3.5;0;0;1.22;1.42;1.95;2.25;3.05;3.9;2.7;1.85;1.58;1.34;0;0;0;1.73;8.5;2.38;3.5;5.75;1.38;2.75;7;15;2.8;1.39;1.07;1.02;1.23;2.13;4.6;10;3.7;1.64;1.16;1.04;0;0;0;0;1;1;0;0;0;0;1;2020-10-19 15:15:00;4366;0;75;25;42;0;1;1;4;0;1;3;4;4;1;0;0;1;1;1;1;47;47;77;79;1.45;1;2.45;0;0;0;0;0;0;1;1;1;0;0;0;0;0;-1;-1;-1;-1;-1;-1;-1;-1;-1;9;34;75;100;100;42;67;75;67;10;2.16;5.83;3.17;Villa Española;Sud América;1.64;1.46;1.33;1.33;1.77;1.23;92;67;25;0;0;67;59;25;1.41;1.85;3.26;4651;22;Y;N;N;N;N;N;N
1041716;4381;4369;2020;complete;58625;14;-1;;;0;0;0;5;7;12;2;0;0;0;0;0;3;5;7;4;10;9;13;17;50;50;0;0;2.6;2.8;2.45;1.07;1.4;2.35;4.25;8;8;2.8;1.57;1.19;1.06;2;1.72;0;0;0;0;1.4;1.3;1.48;3.1;2;3.5;2.85;2.34;3.1;0;0;0;0;0;0;0;0;0;0;0;0;0;0;0;1.91;7;2.25;0;0;1.47;3.19;8.8;0;2.5;1.3;1.03;0;1.31;2.44;5.8;12;3.1;1.49;1.1;1.03;0;0;0;0;0;0;0;0;0;0;0;2020-10-19 22:00:00;-1;0;55;7;24;0;1;-1;2;0;3;7;2;10;0;0;0;0;0;0;1;54;77;97;124;1.24;1.48;2.72;0;0;0;0;0;0;1;1;0;0;1;0;-1;-1;-1;-1;-1;-1;-1;-1;-1;-1;-1;7;15;23;70;93;23;77;62;31;6.84;1.88;6.67;2.15;Rocha;Atenas;1.27;0.82;1;0.57;1.15;1.08;93;86;77;30;7;67;50;25;1.25;1.2;2.45;4651;22;N;N;N;N;N;N;N
1041717;4395;4377;2020;complete;58625;14;-1;42,69;75;2;1;3;2;2;4;-1;-1;4;2;1;0;3;5;6;9;9;14;-1;-1;43;57;6;2;1.67;3.4;4.4;1.02;1.28;1.75;3.35;6.05;8;3.05;1.75;1.23;1.06;1.74;1.83;0;0;0;0;0;0;0;2.75;2.1;3.6;0;0;0;0;0;0;0;0;0;0;0;0;0;0;0;0;0;0;1.8;0;2.3;0;0;0;0;0;0;0;0;0;0;0;0;0;0;0;0;0;0;0;0;0;0;3;1;0;1;1;2;1;2020-10-19 19:45:00;4395;0;43;7;22;0;1;1;1;1;1;1;2;2;1;0;4;2;1;6;1;33;47;70;78;1.02;1.57;2.59;0;0;0;0;0;0;1;1;0;0;0;0;0;0;-1;-1;-1;-1;-1;-1;-1;-1;-1;0;22;43;57;86;7;50;72;43;8.71;3.43;5.71;2.08;Albion;Central Español;1.36;0.82;1.29;1;1;0.92;100;79;57;43;15;57;57;50;1.52;1.42;2.94;4651;22;Y;Y;Y;N;N;N;Y
1041718;4375;4367;2020;complete;58625;14;-1;27,39,62;;3;0;3;4;8;12;-1;-1;1;4;0;1;8;5;7;6;15;11;-1;-1;48;52;1;6;2.35;3.05;2.55;1.03;1.33;2.05;3.7;6.75;7.25;2.8;1.59;1.19;1.04;1.83;1.77;0;0;0;0;1.28;1.28;1.66;2.75;2.05;3.75;2.34;2.55;3.68;0;0;1.35;1.65;2.12;2.88;4.1;3;2.14;1.66;1.37;1.21;0;0;0;1.73;7.75;2.4;3.3;5.75;1.39;2.8;7.1;34;2.75;1.38;1.06;1.01;1.24;2.16;4.7;11;3.6;1.62;1.15;1.03;0;0;0;0;3;2;0;1;0;1;2;2020-10-19 17:30:00;4375;0;64;15;15;0;1;1;3;4;1;4;7;5;1;3;0;2;4;2;1;32;37;74;70;1.74;1.31;3.05;0;0;0;0;0;0;1;1;0;0;0;2;0;0;-1;-1;-1;-1;-1;-1;-1;-1;-1;0;36;57;71;79;22;71;71;50;12.29;0.28;4.42;2.43;Cerrito;Villa Teresa;1.82;1.36;1.71;1.71;2;1.31;100;64;43;29;22;77;47;31;1.16;1.65;2.81;4651;22;Y;Y;Y;N;N;N;N
1041719;4365;4375;2020;complete;58625;15;-1;7,40,90;48;3;1;4;3;9;12;5;1;3;2;2;1;7;5;2;2;9;7;22;12;37;63;7;4;2.45;2.75;2.65;1.03;1.3;2;3.5;6.35;7.75;2.95;1.65;1.21;1.05;1.74;1.87;0;0;0;0;1.33;1.29;1.57;2.88;2.05;3.75;2.57;2.48;3.3;0;0;1.28;1.52;2;2.55;3.5;3.4;2.38;1.8;1.47;1.27;0;0;0;1.8;8;2.38;3.75;5;1.45;3.13;7.3;34;2.55;1.33;1.06;1.01;1.25;2.2;4.8;12;3.6;1.6;1.14;1.04;0;0;0;0;4;2;0;1;1;2;2;2020-10-26 18:15:00;4365;0;63;23;31;0;1;1;3;2;0;7;5;7;0;2;5;1;2;6;1;84;121;91;118;1.66;1.67;3.33;0;0;0;0;0;0;1;1;1;0;0;1;0;1;-1;-1;-1;-1;-1;-1;-1;-1;-1;16;32;55;70;86;38;62;56;31;9.1;2.31;3.9;2.67;Juventud;Cerrito;1.75;1.91;1.71;2.33;1.36;2.07;85;68;45;30;15;52;45;38;1.51;1.36;2.87;4651;22;Y;Y;Y;Y;N;N;Y
1041720;4353;4354;2020;complete;58625;15;-1;90;45;1;1;2;3;4;7;1;0;3;5;0;0;7;5;4;5;11;10;13;19;57;43;3;5;2.3;3;2.6;1.02;1.26;1.87;3.25;5.85;8.25;3.1;1.71;1.25;1.06;1.71;1.91;0;0;0;0;1.46;1.29;1.41;3.25;2.05;3.2;3;2.47;2.8;0;0;1.22;1.41;1.73;2.23;3;3.95;2.7;2;1.58;1.34;0;0;0;1.95;7;2.1;4.2;4.2;1.42;2.85;7.4;15;2.65;1.37;1.06;1.02;1.25;2.2;4.9;10;3.6;1.6;1.14;1.04;0;0;0;0;2;0;1;1;0;1;1;2020-10-26 22:45:00;-1;0;38;9;7;0;1;1;1;3;2;1;4;3;2;2;1;3;4;4;1;109;90;141;118;1.98;1.64;3.61;0;0;0;0;0;0;1;1;0;0;0;0;1;0;-1;-1;-1;-1;-1;-1;-1;-1;-1;7;22;38;85;92;32;77;67;29;10.67;4.96;5.71;2.5;Sud América;Racing;1.38;1.33;1.14;1.33;1.14;1.14;93;79;62;16;9;75;67;42;1.68;1.74;3.42;4651;24;Y;Y;N;N;N;N;Y
1041721;4367;4370;2020;complete;58625;15;-1;3,81;90;2;1;3;2;6;8;1;1;2;1;0;0;6;4;5;5;11;9;14;15;44;56;2;1;2.15;3.05;2.8;1.03;1.34;2.1;3.8;6.9;7.25;2.75;1.59;1.18;1.04;1.83;1.74;0;0;0;0;1.28;1.28;1.53;2.86;2.03;3.84;2.77;2.15;3.4;0;0;0;0;0;0;0;0;0;0;0;0;0;0;0;1.83;7.25;2.25;3.5;5;1.47;2.99;7.9;17;2.5;1.34;1.05;1.01;1.33;2.35;5;11;3.24;1.52;1.14;1.03;0;0;0;0;3;1;0;1;1;2;1;2020-10-28 00:45:00;4367;0;33;0;25;0;1;1;0;3;2;3;3;5;0;0;2;1;0;3;1;49;82;99;113;1.47;1.45;2.92;0;0;0;0;0;0;1;1;1;0;0;1;0;0;-1;-1;-1;-1;-1;-1;-1;-1;-1;0;17;33;50;75;17;50;50;33;9.13;1.66;6;1.75;Villa Teresa;Tacuarembó;1;0.91;0.83;1.17;1.21;1.36;100;83;67;50;25;55;55;35;1.47;1.1;2.57;4651;22;Y;Y;Y;N;N;N;Y
1041722;4355;4395;2020;complete;58625;15;-1;8,90;;2;0;2;3;0;3;2;3;3;4;0;0;6;2;8;4;14;6;23;28;60;40;3;4;2.3;3.2;2.75;1;1.18;1.67;2.6;4.6;10;3.8;1.67;1.37;1.12;1.56;2.15;0;0;0;0;0;0;0;2.6;2.2;3.75;0;0;0;0;0;0;0;0;0;0;0;0;0;0;0;0;0;0;1.67;0;2.4;0;0;0;0;0;0;0;0;0;0;0;0;0;0;0;0;0;0;0;0;0;0;2;1;0;1;0;1;1;2020-10-27 20:15:00;4355;0;67;25;34;0;1;1;2;0;1;0;2;1;1;2;2;2;3;4;1;68;42;114;91;1.8;0.83;2.63;0;0;0;0;0;0;1;1;1;0;0;0;0;0;-1;-1;-1;-1;-1;-1;-1;-1;-1;17;25;59;75;84;33;67;67;50;10.84;2;6.34;2.59;Rampla Juniors;Albion;1.77;0.64;1.67;0.5;1.43;1.07;84;75;42;25;17;84;59;50;1.33;1.16;2.49;4651;22;Y;Y;N;N;N;N;N
1041723;4369;4366;2020;complete;58625;15;-1;7;90;1;1;2;3;2;5;2;3;5;2;1;0;2;10;0;6;2;16;13;17;40;60;7;2;2.6;2.9;2.35;1.02;1.28;1.91;3.35;6.05;8;3.05;1.69;1.23;1.06;1.71;1.91;0;0;0;0;1.6;1.28;1.32;3.6;2.1;2.75;3.3;2.55;2.52;0;0;1.26;1.49;1.9;2.45;3.35;3.55;2.48;1.9;1.5;1.29;0;0;0;2.1;8;1.91;4.5;4.2;1.37;2.75;6.9;15;2.85;1.4;1.07;1.02;1.23;2.1;4.5;10;3.7;1.65;1.16;1.04;0;0;0;0;2;1;0;0;1;1;1;2020-10-27 22:30:00;-1;0;30;0;23;0;1;1;2;1;1;1;3;2;3;0;3;2;3;5;1;61;111;105;132;0.72;2.51;3.23;0;0;0;0;0;0;1;1;1;0;1;0;0;0;-1;-1;-1;-1;-1;-1;-1;-1;-1;15;22;45;62;100;15;77;86;45;11.5;2.53;5.38;2.43;Atenas;Villa Española;1.36;1.73;2;2.14;1.21;1.86;86;79;55;38;0;67;42;33;1.37;1.56;2.93;4651;22;Y;Y;N;N;N;N;Y
1041724;4377;4381;2020;complete;58625;15;-1;8,22,35;;3;0;3;4;1;5;4;1;1;3;0;0;7;5;5;4;12;9;18;18;53;47;1;3;2.35;3;2.74;1.04;1.34;2.23;3.85;7;7;2.7;2.23;1.17;1.03;1.83;1.77;0;0;0;0;0;0;0;3.2;1.95;3.5;0;0;0;0;0;0;0;0;0;0;0;0;0;0;0;0;0;0;1.91;0;2.25;0;0;0;0;0;0;0;0;0;0;0;0;0;0;0;0;0;0;0;0;0;0;3;3;0;0;0;0;3;2020-10-26 20:30:00;4377;0;54;22;17;0;1;1;3;0;1;1;3;2;1;1;0;2;2;2;1;66;56;104;107;1.73;1.33;3.06;0;0;0;0;0;0;1;1;1;0;0;0;0;0;-1;-1;-1;-1;-1;-1;-1;-1;-1;17;31;38;68;85;30;69;62;24;9.83;1.97;7.53;2.38;Central Español;Rocha;1.64;1.18;0.83;1.29;0.86;1.14;84;69;62;32;16;67;50;34;1.31;1.52;2.83;4651;22;Y;Y;Y;N;N;N;N
1041725;4369;4353;2020;complete;58625;16;-1;74,86;42,59;2;2;4;2;3;5;2;3;3;2;0;1;3;5;2;1;5;6;16;18;54;46;3;4;3.1;2.45;2.45;1.07;1.48;2.5;4.75;8.75;6;2.35;1.42;1.11;1.01;2.05;1.62;0;0;0;0;1.41;1.32;1.42;3.25;1.95;3.25;3.1;2.24;3.1;0;0;1.26;1.49;1.85;2.45;3.35;3.55;2.48;1.95;1.5;1.29;0;0;0;1.91;6.5;2.2;0;0;1.66;3.48;9.9;0;2.1;1.26;1.02;0;1.36;2.5;6.5;15;2.9;1.47;1.08;1.02;0;0;0;0;4;0;1;2;1;3;1;2020-10-30 17:15:00;-1;0;43;7;22;0;1;1;1;3;1;0;4;1;0;2;3;1;2;4;1;95;79;121;119;1.22;1.31;2.53;0;0;0;0;0;0;1;1;0;0;0;0;0;0;-1;-1;-1;-1;-1;-1;-1;-1;-1;0;7;36;79;100;15;64;79;43;11.28;1.86;5.58;2.22;Atenas;Sud América;1.36;1.46;1.86;1.14;1.2;1.13;100;93;64;22;0;64;43;36;1.28;1.73;3.01;4651;22;Y;Y;Y;Y;N;N;Y
1041726;4375;4354;2020;complete;58625;16;-1;80;85;1;1;2;5;4;9;3;6;8;4;1;0;2;6;6;4;8;10;16;25;59;41;10;4;2.47;2.96;2.65;1.08;1.38;2.19;4;7;7;2.8;2.19;1.21;1.08;1.87;1.77;0;0;0;0;1.4;1.31;1.46;3.25;2;3.4;2.72;2.4;3.2;0;0;1.26;1.49;1.93;2.45;3.35;3.55;2.48;1.88;1.5;1.29;0;0;0;1.95;7.25;2.2;3.6;5.2;1.52;3;8.1;17;2.35;1.33;1.04;1.01;1.28;2.3;5.3;11;3.3;1.55;1.12;1.03;0;0;0;0;2;0;0;1;1;2;0;2020-10-30 19:30:00;-1;0;47;20;0;0;1;1;4;1;1;3;5;4;2;1;7;3;3;10;1;81;64;105;102;1.23;1.52;2.75;0;0;0;0;0;0;1;1;0;0;2;0;0;1;-1;-1;-1;-1;-1;-1;-1;-1;-1;0;19;40;81;87;41;81;59;13;9.43;1.91;5.79;2.25;Cerrito;Racing;1.82;1.33;1.88;1.29;1.93;1.13;100;82;61;20;14;64;50;36;1.24;1.73;2.97;4651;22;Y;Y;N;N;N;N;Y
1041727;4370;4365;2020;complete;58625;16;-1;44;65,77;1;2;3;6;10;16;1;1;5;3;0;0;3;4;2;7;5;11;19;12;50;50;5;3;0;0;0;1.08;1.5;2.6;5;9.25;6;2.25;1.38;1.1;1.01;2;1.67;0;0;0;0;1.42;1.46;1.28;4.36;1.69;3.54;3.6;2.18;2.77;0;0;1.25;1.46;1.9;2.35;3.25;3.7;2.55;1.9;1.53;1.3;0;0;0;2.35;6;2;0;0;1.57;3.64;11;0;2.25;1.24;1.01;0;1.39;2.8;7.1;15;2.75;1.38;1.06;1.02;0;0;0;0;3;1;0;0;2;2;1;2020-10-30 21:45:00;4365;0;34;7;7;0;1;1;1;4;5;6;5;11;2;0;3;3;2;6;1;75;106;84;127;1.07;1.74;2.81;0;0;0;0;0;0;1;1;0;0;1;0;0;0;-1;-1;-1;-1;-1;-1;-1;-1;-1;7;14;27;48;67;14;48;54;26;10.19;1.2;5.67;1.61;Tacuarembó;Juventud;1.18;1.17;1.5;1;1.27;1.47;94;87;73;53;34;70;62;31;1.24;1.59;2.83;4651;22;Y;Y;Y;N;N;N;Y
1041728;4395;4367;2020;complete;58625;16;-1;;65,90;0;2;2;10;3;13;3;0;2;2;0;0;7;12;1;7;8;19;17;12;51;49;2;2;3.45;2.6;2.15;1.03;1.31;2.05;3.6;6.5;7.75;2.9;1.65;1.2;1.05;1.77;1.87;0;0;0;0;0;0;0;3.75;2.05;2.88;0;0;0;0;0;0;0;0;0;0;0;0;0;0;0;0;0;0;2.4;0;1.73;0;0;0;0;0;0;0;0;0;0;0;0;0;0;0;0;0;0;0;0;0;0;2;0;0;0;2;2;0;2020-10-30 15:00:00;4367;0;63;7;32;0;1;1;6;2;4;1;8;5;1;0;1;2;1;3;1;114;86;110;107;1.82;2.65;4.47;0;0;0;0;0;0;1;1;0;0;2;1;1;0;-1;-1;-1;-1;-1;-1;-1;-1;-1;0;25;69;75;75;19;63;69;63;11.26;2.51;5.75;2.44;Albion;Villa Teresa;1.36;1.36;1.5;1.5;1;1.33;100;75;32;25;25;69;50;44;1.45;1.61;3.06;4651;22;Y;Y;N;N;N;N;N
1041729;4381;4355;2020;complete;58625;16;-1;;;0;0;0;9;6;15;-1;-1;4;1;0;0;7;0;2;6;9;6;-1;-1;50;50;4;1;3.85;3.05;1.8;1.05;1.38;2.25;4.05;7.5;7;2.6;1.51;1.15;1.02;2.05;1.65;0;0;0;0;1.81;1.29;1.19;4.75;2;2.5;3.7;2.34;2.5;0;0;0;0;0;0;0;0;0;0;0;0;0;0;0;2.25;7;1.91;0;0;1.48;3.2;8.9;0;2.47;1.3;1.03;0;1.31;2.46;5.8;0;3.1;1.48;1.1;0;0;0;0;0;1;0;0;1;0;1;0;2020-10-31 19:00:00;4381;0;54;7;40;0;1;1;5;3;4;3;8;7;0;0;4;1;0;5;1;77;90;108;120;1.62;1.04;2.66;0;0;0;0;0;0;1;1;0;0;0;1;0;0;-1;-1;-1;-1;-1;-1;-1;-1;-1;13;13;26;67;75;14;55;60;46;7.74;1.79;5.79;1.92;Rocha;Rampla Juniors;1.27;0.92;1;1.25;1.07;1.53;88;88;75;34;26;62;48;22;1.25;1.36;2.61;4651;22;Y;N;N;N;N;N;N
1041730;4366;4377;2020;complete;58625;16;-1;3;33;1;1;2;4;7;11;0;4;2;3;0;0;3;3;4;3;7;6;17;12;43;57;2;3;1.87;3.4;3.25;1.03;1.3;2;3.5;6.5;7.75;2.95;1.65;1.21;1.05;1.87;1.77;0;0;0;0;0;0;0;2.6;2.1;4;0;0;0;0;0;0;0;0;0;0;0;0;0;0;0;0;0;0;1.62;0;2.63;0;0;0;0;0;0;0;0;0;0;0;0;0;0;0;0;0;0;0;0;0;0;2;1;1;0;0;0;2;2020-10-30 12:45:00;-1;0;55;15;34;0;1;1;3;4;1;3;7;4;1;1;1;2;2;3;1;66;113;101;127;1.14;1.41;2.55;0;0;0;0;0;0;1;1;1;0;1;0;0;0;-1;-1;-1;-1;-1;-1;-1;-1;-1;7;28;62;68;100;22;75;80;48;8.25;1.2;5.5;2.65;Villa Española;Central Español;1.64;0.82;1.57;0.88;1.8;1;93;73;39;32;0;47;47;19;1.42;1.44;2.86;4651;22;Y;Y;N;N;N;N;Y
1041731;4353;4375;2020;complete;58625;17;-1;39,89;29;2;1;3;3;4;7;-1;-1;3;2;0;1;6;7;6;6;12;13;-1;-1;47;53;3;3;3.5;3;1.91;1.02;1.28;1.95;3.35;6;8.25;3.05;1.71;1.24;1.06;1.74;1.91;0;0;0;0;0;0;0;0;0;0;0;0;0;0;0;0;0;0;0;0;0;0;0;0;0;0;0;0;0;0;0;0;0;0;0;0;0;0;0;0;0;0;0;0;0;0;0;0;0;0;0;0;0;3;1;1;1;0;1;2;2020-11-03 00:45:00;4353;0;68;7;28;0;1;1;1;1;2;3;2;5;1;1;2;2;2;4;1;38;45;75;76;1.45;1.63;3.09;0;0;0;0;0;0;1;1;0;0;0;0;0;0;-1;-1;-1;-1;-1;-1;-1;-1;-1;14;48;55;87;100;28;73;93;47;10;3.27;5.32;3.16;Sud América;Cerrito;1.38;1.91;1.13;2;1.13;1.88;87;53;46;14;0;57;57;43;1.72;1.4;3.12;4651;22;Y;Y;Y;N;N;N;Y
1041732;4354;4370;2020;complete;58625;17;-1;84;;1;0;1;1;2;3;-1;-1;2;5;0;0;5;3;9;1;14;4;-1;-1;50;50;2;5;2;2.9;3.35;1.07;1.47;2.45;4.65;8.5;6;2.35;1.43;1.11;1.01;2.15;1.56;0;0;0;0;0;0;0;0;0;0;0;0;0;0;0;0;0;0;0;0;0;0;0;0;0;0;0;0;0;0;0;0;0;0;0;0;0;0;0;0;0;0;0;0;0;0;0;0;0;0;0;0;0;1;0;0;1;0;1;0;2020-11-02 20:45:00;4354;0;47;7;21;0;1;1;1;1;0;1;2;1;1;1;1;4;2;5;1;0;0;0;0;1.56;0.7;2.26;0;0;0;0;0;0;1;1;0;0;0;1;0;0;-1;-1;-1;-1;-1;-1;-1;-1;-1;13;26;41;60;81;32;54;67;41;9.09;0.68;7.28;2.25;Racing;Tacuarembó;1.42;0.91;1;1;1.13;1.19;88;75;60;41;20;59;47;41;1.24;1.15;2.39;4651;22;Y;N;N;N;N;N;N
1041733;4365;4395;2020;complete;58625;17;-1;;;0;0;0;9;0;9;-1;-1;-1;-1;-1;-1;3;2;4;5;7;7;-1;-1;65;35;-1;-1;0;0;0;0;0;2.7;0;0;0;0;1.44;0;0;0;0;0;0;0;0;0;0;0;3.25;2.05;3.25;0;0;0;0;0;0;0;0;0;0;0;0;0;0;0;0;0;0;1.44;0;3.4;0;0;0;0;0;0;0;0;0;0;0;0;0;0;0;0;0;0;0;0;0;0;0;0;0;0;0;0;0;2020-11-03 18:15:00;-1;0;47;20;41;0;1;-1;3;0;6;0;3;6;-1;-1;-1;-1;-1;-1;1;39;23;75;66;0.94;0.75;1.69;0;0;0;0;0;0;1;1;0;0;0;0;-1;-1;-1;-1;-1;-1;-1;-1;-1;-1;-1;21;27;47;67;73;40;60;55;48;10.42;2.34;5.11;2.34;Juventud;Albion;1.75;0.64;1.88;0.43;1.56;0.94;80;73;54;34;27;81;60;47;1.53;1.11;2.64;4651;22;N;N;N;N;N;N;N
1041734;4355;4366;2020;complete;58625;17;-1;;;0;0;0;4;3;7;2;2;0;0;0;0;0;3;7;4;7;7;14;12;47;53;0;0;2.52;3.15;2.53;1.05;1.41;2.29;4.25;8;6.75;2.5;2.29;1.14;1.02;1.91;1.71;0;0;0;0;1.42;1.32;1.42;3.25;1.95;3.4;3;2.34;3;0;0;1.28;1.52;1.93;2.55;3.5;3.4;2.38;1.88;1.47;1.27;0;0;0;1.95;5.5;2.2;0;0;1.47;3.2;8.7;0;2.5;1.3;1.04;0;1.3;2.42;5.7;15;3.2;1.5;1.1;1.02;0;0;0;0;0;0;0;0;0;0;0;2020-11-03 20:30:00;-1;0;61;15;20;0;1;-1;1;2;3;1;3;4;0;0;0;0;0;0;1;70;59;119;101;0.96;1.09;2.05;0;0;0;0;0;0;1;1;0;0;0;0;-1;-1;-1;-1;-1;-1;-1;-1;-1;-1;-1;13;26;54;75;100;27;87;73;40;9.43;3.71;6.2;2.66;Rampla Juniors;Villa Española;1.77;1.73;1.86;2;1.44;1.75;88;75;47;26;0;57;43;36;1.4;1.69;3.09;4651;22;N;N;N;N;N;N;N
1041735;4367;4381;2020;complete;58625;17;-1;;;0;0;0;14;0;14;4;4;0;0;0;0;3;2;12;2;15;4;20;14;50;50;0;0;2.55;2.45;2.95;1.05;1.41;2.3;4.25;8;6.75;2.5;1.49;1.14;1.02;1.91;1.71;0;0;0;0;1.29;1.32;1.58;3.1;1.95;3.5;2.67;2.3;3.5;0;0;1.28;1.52;1.94;2.55;3.5;3.4;2.38;1.86;1.47;1.27;0;0;0;1.8;7;2.5;0;0;1.51;3.4;9.4;0;2.4;1.27;1.03;0;1.34;2.55;6.2;12;3;1.45;1.09;1.03;0;0;0;0;0;0;0;0;0;0;0;2020-11-03 22:45:00;-1;0;47;19;22;0;1;-1;9;0;5;0;9;5;0;0;0;0;0;0;1;116;47;121;101;1.99;0.75;2.74;0;0;0;0;0;0;1;1;0;0;3;0;-1;-1;-1;-1;-1;-1;-1;-1;-1;-1;-1;0;20;47;73;80;32;66;47;28;10.74;2.42;6.63;2.18;Villa Teresa;Rocha;1;1.18;1.14;1.13;1.44;1.19;100;81;54;28;21;61;54;30;1.47;1.49;2.96;4651;22;N;N;N;N;N;N;N
1041736;4377;4369;2020;complete;58625;17;-1;47,73;11;2;1;3;3;3;6;-1;-1;2;1;0;0;6;4;5;3;11;7;-1;-1;52;48;2;1;2.7;2.15;3.3;1.09;1.57;2.8;5.5;10;5.5;2.1;1.33;1.08;1;0;0;0;0;0;0;0;0;0;3.6;1.83;3.4;0;0;0;0;0;0;0;0;0;0;0;0;0;0;0;0;0;0;2.05;0;2.2;0;0;0;0;0;0;0;0;0;0;0;0;0;0;0;0;0;0;0;0;0;0;3;0;1;2;0;2;1;2020-11-02 22:30:00;4377;0;41;7;21;0;1;1;1;0;2;3;1;5;2;0;0;1;2;1;1;42;30;78;84;1.42;0.95;2.37;0;0;0;0;0;0;1;1;0;0;0;0;0;0;-1;-1;-1;-1;-1;-1;-1;-1;-1;21;27;34;54;81;27;67;54;27;7.28;1.92;5.93;2.22;Central Español;Atenas;1.64;0.82;1.14;0.63;1;1.19;80;73;66;47;20;50;43;22;1.37;1.24;2.61;4651;22;Y;Y;Y;N;N;N;Y
1041737;4377;4353;2020;complete;58625;18;-1;19;35;1;1;2;3;3;6;-1;-1;2;4;0;0;8;5;3;6;11;11;-1;-1;44;56;2;4;2.35;2.55;3.1;1.04;1.34;2.15;3.9;7;7.25;2.7;1.57;1.17;1.03;1.77;1.83;0;0;0;0;0;0;0;3;2.1;3.4;0;0;0;0;0;0;0;0;0;0;0;0;0;0;0;0;0;0;1.8;0;2.2;0;0;0;0;0;0;0;0;0;0;0;0;0;0;0;0;0;0;0;0;0;0;2;1;1;0;0;0;2;2020-11-09 15:45:00;-1;0;57;7;32;0;1;1;1;1;2;2;2;4;1;2;1;2;3;3;1;37;53;89;109;1.53;1.44;2.96;0;0;0;0;0;0;1;1;0;0;1;0;0;0;-1;-1;-1;-1;-1;-1;-1;-1;-1;13;25;50;76;94;25;69;63;51;8.88;2.25;4.88;2.57;Central Español;Sud América;1.64;1.46;1.38;1.13;1.12;1.24;88;75;50;26;7;51;38;26;1.38;1.68;3.06;4651;22;Y;Y;N;N;N;N;Y
1041738;4395;4354;2020;complete;58625;18;-1;90;15,19;1;2;3;3;7;10;-1;-1;3;0;1;0;5;8;3;6;8;14;-1;-1;42;58;5;0;3.3;2.4;2.4;1.04;1.37;2.2;4;7.5;7;2.65;1.53;1.16;1.02;1.8;1.8;0;0;0;0;0;0;0;3.5;2;3.1;0;0;0;0;0;0;0;0;0;0;0;0;0;0;0;0;0;0;2;0;2.05;0;0;0;0;0;0;0;0;0;0;0;0;0;0;0;0;0;0;0;0;0;0;3;0;2;1;0;1;2;2020-11-10 13:30:00;4354;0;53;12;23;0;1;1;1;2;2;5;3;7;2;0;2;0;2;2;1;33;49;87;86;1.1;1.8;2.9;0;0;0;0;0;0;1;1;0;0;0;0;0;0;-1;-1;-1;-1;-1;-1;-1;-1;-1;0;11;41;83;83;25;60;59;40;9.06;4.97;6.71;2.17;Albion;Racing;1.36;1.33;1.33;1.25;0.94;1.24;100;89;60;18;18;60;47;41;1.49;1.7;3.19;4651;22;Y;Y;Y;N;N;N;Y
1041739;4366;4367;2020;complete;58625;18;-1;43,55,75;;3;0;3;7;11;18;-1;-1;2;3;0;1;7;4;5;6;12;10;-1;-1;46;54;2;5;2.15;3.15;2.8;1.02;1.27;1.91;3.3;6;8.25;3.1;1.71;1.25;1.06;1.74;1.91;0;0;0;0;1.28;1.3;1.65;2.63;2.05;4.33;2.38;2.48;3.68;0;0;1.29;1.54;1.98;2.6;3.55;3.35;2.35;1.83;1.45;1.26;0;0;0;1.67;8.5;2.6;3.8;5.2;1.41;2.9;7.6;15;2.7;1.36;1.05;1.02;1.26;2.23;5;10;3.5;1.58;1.14;1.04;0;0;0;0;3;1;0;2;0;2;1;2020-11-10 15:45:00;4366;0;66;19;30;0;1;1;5;4;2;7;9;9;0;1;2;3;1;5;1;37;49;86;94;1.52;1.27;2.79;0;0;0;0;0;0;1;1;0;0;0;1;0;0;-1;-1;-1;-1;-1;-1;-1;-1;-1;7;30;71;83;89;36;78;71;59;10.89;0.83;5.1;2.79;Villa Española;Villa Teresa;1.64;1.36;1.5;1.67;1.71;1.41;94;71;29;18;11;70;53;29;1.38;1.73;3.11;4651;22;Y;Y;Y;N;N;N;N
1041740;4381;4365;2020;complete;58625;18;-1;12;76;1;1;2;-1;-1;-1;-1;-1;5;2;1;1;-1;-1;-1;-1;-1;-1;-1;-1;-1;-1;7;4;0;0;0;0;0;0;0;0;0;0;0;0;0;0;0;0;0;0;0;0;0;0;0;0;0;0;0;0;0;0;0;0;0;0;0;0;0;0;0;0;0;0;0;0;0;0;0;0;0;0;0;0;0;0;0;0;0;0;0;0;0;0;0;0;0;0;0;0;2;1;0;0;1;1;1;2020-11-09 20:15:00;-1;0;50;7;13;0;-1;1;-1;-1;-1;-1;-1;-1;2;2;4;1;4;5;-1;0;0;0;0;0;0;0;0;0;0;0;0;0;1;1;0;0;-1;-1;0;1;-1;-1;-1;-1;-1;-1;-1;-1;-1;0;7;26;63;82;13;63;63;25;11.36;1.63;5.64;1.76;Rocha;Juventud;1.27;1.17;1.25;1.25;1.18;1.53;100;94;76;38;19;87;67;47;1.29;1.61;2.9;4651;22;Y;Y;N;N;N;N;Y
1041741;4369;4355;2020;complete;58625;18;-1;23,40;50;2;1;3;1;3;4;-1;-1;1;5;1;1;7;5;2;7;9;12;-1;-1;42;58;3;7;4.3;2.4;2.05;1.08;1.54;2.7;5.25;9.5;5.75;2.2;1.36;1.09;1;2.15;1.57;0;0;0;0;1.53;1.33;1.33;3.75;2;3;3.4;2.38;2.62;0;0;0;0;1.98;0;0;0;0;1.83;0;0;0;0;0;2.1;7.5;1.95;4.75;3.75;1.45;3.1;8.4;17;2.55;1.32;1.04;1.01;1.29;2.38;5.5;11;3.3;1.51;1.11;1.03;0;0;0;0;4;2;0;0;2;2;2;2020-11-09 13:30:00;-1;0;41;6;35;0;1;1;0;1;1;2;1;3;1;1;1;5;2;6;1;25;52;80;83;1.25;1.48;2.73;0;0;0;0;0;0;1;1;0;0;0;0;0;0;-1;-1;-1;-1;-1;-1;-1;-1;-1;11;18;36;66;84;6;54;84;47;9.24;1.33;6.47;2.13;Atenas;Rampla Juniors;1.36;0.92;1.75;1.11;1.12;1.41;89;83;65;35;17;47;35;18;1.27;1.33;2.6;4651;22;Y;Y;Y;Y;N;N;Y
1041742;4370;4375;2020;complete;58625;18;-1;39;80;1;1;2;5;7;12;-1;-1;3;2;0;0;4;4;2;9;6;13;-1;-1;50;50;3;2;3.9;2.9;1.87;1.04;1.36;2.2;3.95;7.25;7;2.65;1.54;1.17;1.03;1.95;1.69;0;0;0;0;1.79;1.27;1.21;4.5;2.05;2.5;4.08;2.43;2.28;0;0;0;0;0;0;0;0;0;0;0;0;0;0;0;2.75;7.25;1.62;6;2.9;1.45;3.1;8.3;41;2.55;1.32;1.04;1.01;1.29;2.35;5.4;12;3.3;1.52;1.12;1.03;0;0;0;0;2;1;0;0;1;1;1;2020-11-10 22:30:00;-1;0;61;13;25;0;1;1;4;4;1;3;8;4;0;1;3;1;1;4;1;35;79;87;158;0.92;1.69;2.61;0;0;0;0;0;0;1;1;0;0;2;0;0;0;-1;-1;-1;-1;-1;-1;-1;-1;-1;12;31;54;66;84;31;60;72;41;8.51;1.55;5.41;2.53;Tacuarembó;Cerrito;1.18;1.91;1.33;1.75;1.12;1.76;89;70;46;35;17;51;51;38;1.22;1.43;2.65;4651;22;Y;Y;N;N;N;N;Y
1041743;4365;4366;2020;complete;58625;19;-1;;;0;0;0;7;2;9;-1;-1;1;3;0;0;4;5;15;4;19;9;-1;-1;59;41;1;3;2.55;2.15;3.45;1.05;1.4;2.3;4.2;7.75;6.75;2.55;1.5;1.15;1.02;1.8;1.8;0;0;0;0;1.37;1.37;1.5;3.1;2;3.4;2.7;2.35;3.2;0;0;0;1.46;1.85;2.38;3.25;0;2.55;1.95;1.53;1.3;0;0;0;1.91;7.5;2.2;3.7;4.75;1.42;2.9;7;17;2.65;1.36;1.07;1.01;1.26;2.2;4.6;11;3.5;1.6;1.16;1.03;0;0;0;0;0;0;0;0;0;0;0;2020-11-17 18:00:00;-1;0;44;11;28;0;1;1;5;0;2;2;5;4;1;1;0;2;2;2;1;91;52;156;118;2.14;1.31;3.45;0;0;0;0;0;0;1;1;0;0;2;0;0;0;-1;-1;-1;-1;-1;-1;-1;-1;-1;17;28;44;56;78;33;67;50;39;10.31;3.33;4.58;2.22;Juventud;Villa Española;1.75;1.73;1.78;1.89;1.5;1.78;84;73;56;44;22;64;47;35;1.47;1.62;3.09;4651;22;N;N;N;N;N;N;N
1041744;4367;4369;2020;complete;58625;19;-1;69;51;1;1;2;4;6;10;-1;-1;2;2;0;0;2;2;7;3;9;5;-1;-1;53;47;2;2;2.1;2.65;3.55;1.05;1.39;2.25;4.15;7.75;6.75;2.55;1.5;1.15;1.02;1.95;1.71;0;0;0;0;1.28;1.3;1.63;2.88;1.95;4;2.5;2.25;3.7;0;0;0;1.49;1.93;2.45;3.35;0;2.48;1.88;1.5;1.29;0;0;0;1.73;6.5;2.5;3.4;5;1.48;3.2;7.75;41;2.45;1.3;1.05;1.01;1.3;2.4;5.25;15;3.2;1.5;1.12;1.03;0;0;0;0;2;0;0;1;1;2;0;2020-11-16 15:45:00;-1;0;41;6;25;0;1;1;1;3;3;3;4;6;0;0;2;2;0;4;1;94;75;115;105;1.39;1.01;2.4;0;0;0;0;0;0;1;1;0;0;0;0;0;0;-1;-1;-1;-1;-1;-1;-1;-1;-1;6;18;36;53;71;18;59;47;36;10.06;2.07;4.97;1.87;Villa Teresa;Atenas;1;0.82;1.13;0.56;1.33;1.11;95;83;65;47;30;54;54;27;1.54;1.2;2.74;4651;22;Y;Y;N;N;N;N;Y
1041745;4354;4381;2020;complete;58625;19;-1;83;;1;0;1;1;5;6;-1;-1;2;3;0;0;4;4;3;1;7;5;-1;-1;48;52;2;3;1.69;3.15;4.35;1.03;1.3;2;3.5;6.5;7.75;2.95;1.67;1.21;1.05;1.91;1.74;0;0;0;0;1.25;1.3;1.68;2.63;1.95;4.5;2.4;2.3;3.9;0;0;0;1.49;1.93;2.45;3.35;0;2.48;1.88;1.5;1.29;0;0;0;1.67;6.5;2.75;2.8;7;1.5;3.1;7.75;34;2.4;1.33;1.05;1.01;1.3;2.3;5;13;3.25;1.55;1.14;1.04;0;0;0;0;1;0;0;1;0;1;0;2020-11-16 18:00:00;4354;0;44;22;6;0;1;1;1;2;0;3;3;3;0;0;2;3;0;5;1;89;92;111;116;1.37;1.27;2.64;0;0;0;0;0;0;1;1;0;0;0;1;0;0;-1;-1;-1;-1;-1;-1;-1;-1;-1;11;28;39;67;78;44;56;56;22;9.77;1.55;7.61;2.28;Racing;Rocha;1.42;1.18;1.22;1.11;1.33;1.17;89;73;62;33;22;71;54;42;1.28;1.4;2.68;4651;22;Y;N;N;N;N;N;N
1041746;4375;4395;2020;complete;58625;19;-1;39,76;20;2;1;3;7;0;7;-1;-1;0;4;0;0;7;3;4;0;11;3;-1;-1;61;39;0;4;1.5;3.5;5;1.01;1.25;1.83;3.05;5.5;8.75;3.3;1.8;1.27;1.08;1.77;1.83;0;0;0;0;0;0;0;1.91;2.25;7;0;0;0;0;0;0;0;0;0;0;0;0;0;0;0;0;0;0;1.3;0;4.33;0;0;0;0;0;0;0;0;0;0;0;0;0;0;0;0;0;0;0;0;0;0;3;1;1;1;0;1;2;2020-11-17 13:30:00;4375;0;47;18;25;0;1;1;4;0;3;0;4;3;0;3;0;1;3;1;1;82;63;121;86;1.78;0.86;2.65;0;0;0;0;0;0;1;1;0;0;1;0;0;1;-1;-1;-1;-1;-1;-1;-1;-1;-1;13;29;41;71;76;29;59;71;42;9.51;0.5;6.19;2.29;Cerrito;Albion;1.82;0.64;1.78;0.5;1.72;0.89;88;71;60;30;25;82;50;38;1.24;1.07;2.31;4651;22;Y;Y;Y;N;N;N;Y
1041747;4355;4377;2020;complete;58625;19;-1;50;11;1;1;2;2;4;6;-1;-1;4;5;2;1;4;7;1;4;5;11;-1;-1;48;52;8;7;1.87;3.05;3.6;1.03;1.33;2.1;3.75;6.75;7.5;2.8;1.61;1.19;1.04;1.87;1.77;0;0;0;0;0;0;0;2.5;2.05;4.5;0;0;0;0;0;0;0;0;0;0;0;0;0;0;0;0;0;0;1.62;0;2.75;0;0;0;0;0;0;0;0;0;0;0;0;0;0;0;0;0;0;0;0;0;0;3;1;1;1;0;1;2;2020-11-16 13:30:00;4355;0;54;18;18;0;1;1;1;1;1;3;2;4;2;3;4;3;5;7;1;68;91;97;112;1.1;1.84;2.94;0;0;0;0;0;0;1;1;0;0;0;0;0;0;-1;-1;-1;-1;-1;-1;-1;-1;-1;0;12;42;66;94;18;71;71;29;8.94;2.75;5.69;2.13;Rampla Juniors;Central Español;1.77;0.82;1.75;0.89;1.39;1.11;100;89;59;35;7;53;47;41;1.34;1.44;2.78;4651;22;Y;Y;Y;N;N;N;Y
1041748;4353;4370;2020;complete;58625;19;-1;71;43,58;1;2;3;0;3;3;-1;-1;2;4;0;0;5;6;8;4;13;10;-1;-1;57;43;2;4;2.3;2.5;3.35;1.03;1.32;2.05;3.65;6.75;7.5;2.85;1.62;1.19;1.04;1.74;1.91;0;0;0;0;1.33;1.33;1.57;2.88;2;3.75;2.6;2.3;3.4;0;0;1.3;1.58;2;2.7;0;3.2;2.25;1.73;1.42;0;0;0;0;1.8;7;2.38;3.2;5.75;1.45;3;7.25;17;2.55;1.34;1.06;1.01;1.28;2.3;5;11;3.3;1.55;1.14;1.03;0;0;0;0;3;0;1;1;1;2;1;2020-11-17 15:45:00;4370;0;47;6;18;0;1;1;0;2;0;1;2;1;0;0;2;4;0;6;1;73;53;148;107;1.71;1.44;3.15;0;0;0;0;0;0;1;1;0;0;0;0;0;0;-1;-1;-1;-1;-1;-1;-1;-1;-1;6;23;41;70;94;18;64;88;41;8.75;2.03;6.53;2.39;Sud América;Tacuarembó;1.38;0.91;1.33;0.88;1.22;1.11;95;78;60;31;7;51;51;38;1.69;1.1;2.79;4651;22;Y;Y;Y;N;N;N;Y
1041749;4355;4353;2020;complete;58625;20;-1;4;29,42,90;1;3;4;-1;-1;-1;-1;-1;3;3;0;1;-1;-1;-1;-1;-1;-1;-1;-1;-1;-1;3;5;2;3.1;3.5;1.05;1.48;2.25;4.05;7.5;7;2.45;1.57;1.15;1.02;1.91;1.71;0;0;0;0;1.27;1.3;1.65;2.75;2;4;2.52;2.3;3.8;0;0;1.3;1.58;2;2.7;0;3.2;2.25;1.73;1.42;0;0;0;0;1.73;7.5;2.6;3.5;5;1.5;3.29;10;41;2.45;1.31;1.06;1.01;1.34;2.5;6.2;13;3;1.47;1.09;1.02;0;0;0;0;4;1;2;0;1;1;3;2020-11-20 18:00:00;4353;0;67;28;22;0;-1;1;-1;-1;-1;-1;-1;-1;1;1;2;3;2;5;-1;0;0;0;0;0;0;0;1;1;1;1;0;0;1;1;1;0;-1;-1;0;1;-1;-1;-1;-1;-1;-1;-1;-1;-1;0;17;50;84;95;33;73;62;39;9.22;2.44;6.34;2.45;Rampla Juniors;Sud América;1.77;1.46;1.89;1.11;1.47;1.16;100;84;50;17;6;50;39;33;1.31;1.65;2.96;4651;26;Y;Y;Y;Y;N;N;Y
1041750;4366;4354;2020;complete;58625;20;-1;;36,43;0;2;2;-1;-1;-1;-1;-1;3;3;0;0;-1;-1;-1;-1;-1;-1;-1;-1;-1;-1;3;3;2.38;3;2.7;1.04;1.35;2.2;3.9;7;7.25;2.7;1.62;1.17;1.03;1.87;1.77;0;0;0;0;1.37;1.33;1.53;3.1;2;3.5;2.62;2.42;3.4;0;0;0;1.49;1.9;2.45;3.35;0;2.48;1.9;1.5;1.29;0;0;0;1.83;7.75;2.25;3.6;4.6;1.45;3;7.9;17;2.55;1.34;1.05;1.01;1.27;2.35;5.2;11;3.4;1.52;1.13;1.03;0;0;0;0;2;0;2;0;0;0;2;2020-11-20 20:15:00;4354;0;62;22;22;0;-1;1;-1;-1;-1;-1;-1;-1;1;0;2;3;1;5;-1;0;0;0;0;0;0;0;0;0;0;0;0;0;1;1;0;0;-1;-1;0;0;-1;-1;-1;-1;-1;-1;-1;-1;-1;6;17;56;89;95;44;84;62;34;9.11;2.66;5.78;2.61;Villa Española;Racing;1.64;1.33;1.67;1.44;1.74;1.42;95;84;45;11;6;62;50;22;1.4;1.71;3.11;4651;22;Y;Y;N;N;N;N;N
1041751;4395;4370;2020;complete;58625;20;-1;33,53;22;2;1;3;3;9;12;-1;-1;2;2;0;0;7;7;2;6;9;13;-1;-1;40;60;2;2;2.63;3;2.45;1.07;1.47;2.38;4.75;8.75;6;2.5;1.53;1.11;1.01;2.1;1.59;0;0;0;0;0;0;0;3.5;1.91;3.25;3.5;0;2.6;0;0;0;0;0;0;0;0;0;0;0;0;0;0;0;2.05;0;2.1;0;0;1.57;3.75;11;26;2.25;1.25;1.05;1.01;1.36;2.63;6.5;17;3;1.44;1.11;1.03;0;0;0;0;3;1;1;1;0;1;2;2020-11-20 22:30:00;4395;0;52;5;32;0;1;1;2;3;1;6;5;7;1;0;1;2;1;3;1;36;89;102;123;1.33;1.96;3.29;1;1;1;1;0;0;1;1;0;0;0;1;0;0;-1;-1;-1;-1;-1;-1;-1;-1;-1;0;16;52;68;85;16;53;74;52;7.84;2.01;7.28;2.2;Albion;Tacuarembó;1.36;0.91;1.2;1.11;0.84;1.21;100;85;48;32;16;47;47;42;1.45;1.13;2.58;4651;22;Y;Y;Y;N;N;N;Y
1041752;4377;4367;2020;complete;58625;20;-1;6,19,51;;3;0;3;1;9;10;-1;-1;2;3;0;1;5;2;5;7;10;9;-1;-1;47;53;2;4;3;2.55;2.4;1.05;1.41;2.3;4.25;8;6.75;2.5;1.49;1.14;1.02;1.91;1.71;0;0;0;0;0;0;0;3.5;2;3.1;3.25;0;2.75;0;0;0;0;0;0;0;0;0;0;0;0;0;0;0;2.38;0;1.91;0;0;1.57;3.5;10;26;2.25;1.29;1.06;1.01;1.36;2.63;6.5;17;3;1.44;1.11;1.03;0;0;0;0;3;2;0;1;0;1;2;2020-11-21 00:45:00;4377;0;53;6;21;0;1;1;1;6;0;3;7;3;1;1;1;3;2;4;1;53;76;114;148;1.38;1.27;2.65;0;0;0;0;0;0;1;1;1;0;0;3;0;0;-1;-1;-1;-1;-1;-1;-1;-1;-1;11;21;57;74;85;27;74;68;52;10.74;0.98;4.83;2.47;Central Español;Villa Teresa;1.64;1.36;1.33;1.5;1.05;1.32;89;79;43;27;16;62;41;31;1.4;1.68;3.08;4651;22;Y;Y;Y;N;N;N;N
1041753;4369;4365;2020;complete;58625;20;-1;45,82;29,55,68;2;3;5;4;0;4;-1;-1;6;3;0;0;3;4;1;2;4;6;-1;-1;53;47;6;3;3.4;2.5;2.2;1.03;1.32;2.05;3.65;6.75;7.5;2.85;1.62;1.2;1.04;1.74;1.87;0;0;0;0;1.64;1.3;1.26;4;1.95;2.88;3.4;2.25;2.62;0;0;0;1.49;1.93;2.45;3.35;0;2.48;1.88;1.5;1.29;0;0;0;2.25;7;1.91;4.8;3.5;1.45;3.6;11;41;2.55;1.25;1.05;1.01;1.3;2.55;5.5;17;3.25;1.45;1.12;1.03;0;0;0;0;5;1;1;1;2;3;2;2020-11-20 15:45:00;4365;0;50;6;11;0;1;1;4;0;0;0;4;0;4;2;2;1;6;3;1;48;40;66;61;0.81;0.95;1.76;0;0;0;0;0;0;1;1;0;0;1;0;0;0;-1;-1;-1;-1;-1;-1;-1;-1;-1;0;17;39;73;89;11;73;84;33;11.53;1.22;6.47;2.17;Atenas;Juventud;1.36;1.17;1.67;1.22;1.11;1.47;100;84;62;28;11;65;47;33;1.27;1.61;2.88;4651;22;Y;Y;Y;Y;Y;N;Y
1041754;4381;4375;2020;complete;58625;20;-1;29;5;1;1;2;4;5;9;-1;-1;3;4;2;0;3;6;2;3;5;9;-1;-1;43;57;7;4;4.95;3.35;1.56;1.02;1.29;1.95;3.4;6.25;8;3;1.69;1.22;1.06;1.95;1.71;0;0;0;0;1.8;1.27;1.2;4.5;2.05;2.5;4.4;2.45;2.1;0;0;1.28;1.52;1.98;2.55;3.2;3.4;2.38;1.83;1.47;1.3;0;0;0;2.5;8;1.73;7.5;2.7;1.38;3.21;9.5;34;2.7;1.23;1.06;1.01;1.25;2.35;4.75;13;3.6;1.53;1.17;1.04;0;0;0;0;3;1;1;0;1;1;2;2020-11-20 13:30:00;4375;0;73;11;28;0;1;1;2;1;2;4;3;6;4;2;1;2;6;3;1;44;71;90;85;0.86;1.5;2.36;0;0;0;0;0;0;1;1;0;1;1;0;0;1;-1;-1;-1;-1;-1;-1;-1;-1;-1;6;22;39;78;95;28;73;78;28;9.17;1.45;5.56;2.45;Rocha;Cerrito;1.27;1.91;1.22;1.67;1.11;1.79;95;78;61;22;6;66;54;47;1.29;1.46;2.75;4651;22;Y;Y;Y;N;N;N;Y
1041755;4370;4381;2020;complete;58625;21;-1;;-1,-1,-1;0;3;3;3;5;8;-1;-1;-1;-1;-1;-1;0;4;4;1;4;5;-1;-1;50;50;-1;-1;2.1;2.85;3.2;1.07;1.48;2.5;4.75;8.75;6;2.35;1.42;1.11;1.01;2.1;1.57;0;0;0;0;1.27;1.35;1.57;3;1.91;4;2.62;2.23;3.8;0;0;0;0;0;0;0;0;0;0;0;0;0;0;0;1.8;6;2.6;3.25;4.8;1.54;3.56;10;51;2.32;1.26;1.02;0;1.36;2.7;6.7;15;2.9;1.41;1.07;1.02;0;0;0;0;3;0;0;0;0;0;0;2020-11-24 13:30:00;4381;0;40;15;5;1;1;-1;2;4;1;1;6;2;-1;-1;-1;-1;-1;-1;1;36;55;50;58;0.52;0.99;1.51;-1;-1;-1;-1;-1;-1;-1;-1;-1;-1;0;2;-1;-1;-1;-1;-1;-1;-1;-1;-1;-1;-1;5;15;35;60;75;25;55;55;25;9.11;1.7;6.8;1.9;Tacuarembó;Rocha;1.18;1.18;1.3;1;1.15;1.05;95;85;65;40;25;67;62;44;1.18;1.38;2.56;4651;22;Y;Y;Y;N;N;N;N
1041756;4375;4366;2020;complete;58625;21;-1;66;50;1;1;2;4;2;6;-1;-1;2;3;0;1;4;2;12;3;16;5;-1;-1;58;42;2;4;2.15;2.65;3.35;1.05;1.4;2.3;4.2;7.75;6.75;2.55;1.5;1.15;1.02;1.91;1.74;0;0;0;0;1.28;1.33;1.6;3;1.95;3.75;2.52;2.38;3.6;0;0;1.3;1.58;2;2.7;0;3.2;2.25;1.73;1.42;0;0;0;0;1.67;6.75;2.6;3.4;5;1.45;3.1;8.4;41;2.55;1.32;1.04;1.01;1.29;2.38;5.5;17;3.3;1.51;1.11;1.03;0;0;0;0;2;0;0;1;1;2;0;2020-11-24 18:00:00;-1;0;50;15;15;0;1;1;3;1;1;1;4;2;1;0;1;4;1;5;1;52;37;126;108;1.67;0.74;2.42;0;0;0;0;0;0;1;1;0;0;0;1;0;0;-1;-1;-1;-1;-1;-1;-1;-1;-1;10;30;45;65;85;30;70;70;35;9.55;1.6;5.4;2.35;Cerrito;Villa Española;1.82;1.73;1.9;1.8;1.85;1.65;90;70;55;35;15;62;39;28;1.3;1.58;2.88;4651;22;Y;Y;N;N;N;N;Y
1041757;4365;4377;2020;complete;58625;21;-1;;;0;0;0;1;2;3;-1;-1;-1;-1;-1;-1;5;2;8;6;13;8;-1;-1;61;39;-1;-1;2.15;2.8;3.15;1.04;1.37;2.2;4;7.5;7;2.65;1.53;1.16;1.02;1.87;1.74;0;0;0;0;0;0;0;3.25;1.91;3.5;2.4;0;3.6;0;0;0;0;0;0;0;0;0;0;0;0;0;0;0;1.83;0;2.5;0;0;1.53;3.4;10;23;2.38;1.3;1.06;1.01;1.33;2.38;5.5;15;3.25;1.53;1.14;1.03;0;0;0;0;0;0;0;0;0;0;0;2020-11-24 15:45:00;-1;0;45;20;25;0;1;-1;0;2;1;0;2;1;-1;-1;-1;-1;-1;-1;1;81;73;126;98;1.76;1.18;2.94;0;0;0;0;0;0;1;1;0;0;0;1;-1;-1;-1;-1;-1;-1;-1;-1;-1;-1;-1;5;15;40;55;80;30;60;55;30;10.2;1.9;5.11;1.95;Juventud;Central Español;1.75;0.82;1.7;0.8;1.55;1.15;95;85;60;45;20;65;50;40;1.53;1.48;3.01;4651;22;N;N;N;N;N;N;N
1041758;4353;4395;2020;complete;58625;21;-1;;40,47;0;2;2;8;5;13;-1;-1;4;4;1;0;5;6;6;3;11;9;-1;-1;56;44;5;4;1.71;3;4.3;1.07;1.48;2.5;4.75;8.75;6;2.35;1.42;1.11;1.01;2.25;1.5;0;0;0;0;0;0;0;2.5;1.91;5;0;0;0;0;0;0;0;0;0;0;0;0;0;0;0;0;0;0;1.57;0;3.2;0;0;0;0;0;0;0;0;0;0;0;0;0;0;0;0;0;0;0;0;0;0;2;0;1;0;1;1;1;2020-11-24 20:45:00;4395;0;52;16;27;0;1;1;3;1;5;4;4;9;0;0;5;4;0;9;1;49;28;103;91;1.41;1.2;2.61;0;1;0;1;0;0;1;1;0;0;2;0;0;0;-1;-1;-1;-1;-1;-1;-1;-1;-1;16;26;47;79;84;27;68;84;47;8.78;1.83;5.7;2.56;Sud América;Albion;1.38;0.64;1.2;0.44;1.25;0.95;84;74;53;22;17;67;50;33;1.69;1.04;2.73;4651;22;Y;Y;N;N;N;N;N
1041759;4367;4355;2020;complete;58625;21;-1;8;47;1;1;2;2;5;7;-1;-1;3;6;0;0;4;5;2;3;6;8;-1;-1;46;54;3;6;2.75;2.5;2.7;1.06;1.44;2.4;4.5;8.25;6.5;2.4;1.44;1.12;1.01;2;1.67;0;0;0;0;1.51;1.32;1.34;3.6;1.91;3.2;3.3;2.3;2.77;0;0;0;1.49;1.85;2.45;3.35;0;2.48;1.95;1.5;1.29;0;0;0;2.1;6.75;2.1;4.4;3.75;1.49;3.3;9.2;26;2.44;1.28;1.03;1.01;1.33;2.5;6.1;15;3;1.46;1.09;1.03;0;0;0;0;2;1;0;0;1;1;1;2020-11-24 22:30:00;-1;0;47;5;42;0;1;1;1;1;1;4;2;5;2;3;1;3;5;4;1;79;87;122;124;1.24;1.49;2.73;0;0;0;0;0;0;1;1;1;0;0;1;0;0;-1;-1;-1;-1;-1;-1;-1;-1;-1;10;21;37;58;69;16;42;57;52;10.13;1.53;5.38;1.94;Villa Teresa;Rampla Juniors;1;0.92;1.11;1.1;1.25;1.4;90;80;64;42;32;52;52;18;1.52;1.34;2.86;4651;22;Y;Y;N;N;N;N;Y
1041760;4354;4369;2020;complete;58625;21;-1;;18,87;0;2;2;6;5;11;-1;-1;3;2;0;0;0;6;6;1;6;7;-1;-1;52;48;3;2;1.67;3.05;4.5;1.05;1.38;2.25;4.05;7.5;7;2.6;1.51;1.15;1.02;2.05;1.61;0;0;0;0;1.27;1.31;1.64;2.88;1.91;4;2.52;2.3;3.8;0;0;1.28;1.52;1.98;2.55;0;3.4;2.38;1.83;1.47;0;0;0;0;1.8;7;2.6;2.5;7.5;1.49;3.3;9.2;41;2.44;1.28;1.03;1.01;1.33;2.5;6.1;15;3;1.46;1.09;1.03;0;0;0;0;2;0;1;0;1;1;1;2020-11-25 00:45:00;4369;0;45;10;15;0;1;1;2;2;4;3;4;7;0;1;3;1;1;4;1;114;66;140;108;1.21;1.35;2.56;0;0;0;0;0;0;1;1;0;0;1;0;0;0;-1;-1;-1;-1;-1;-1;-1;-1;-1;15;25;30;55;80;30;50;65;35;8.39;0.3;6.43;2.15;Racing;Atenas;1.42;0.82;1.4;0.6;1.5;1.05;85;75;70;45;20;58;48;26;1.29;1.18;2.47;4651;22;Y;Y;N;N;N;N;N
1041761;4381;4395;2020;complete;58625;22;-1;9;;1;0;1;3;5;8;-1;-1;4;3;1;0;2;4;11;7;13;11;-1;-1;44;56;6;3;2.3;2.55;3.2;1.05;1.41;2.3;4.25;8;6.75;2.5;1.49;1.14;1.02;1.91;1.74;0;0;0;0;0;0;0;3.1;1.95;3.6;0;0;0;0;0;0;0;0;0;0;0;0;0;0;0;0;0;0;1.91;0;2.3;0;0;0;0;0;0;0;0;0;0;0;0;0;0;0;0;0;0;0;0;0;0;1;1;0;0;0;0;1;2020-11-27 20:00:00;4381;0;50;15;25;0;1;1;3;4;0;1;7;1;2;0;3;3;2;6;1;52;87;123;153;1.35;1.62;2.96;0;0;0;0;0;0;1;1;1;0;2;2;0;0;-1;-1;-1;-1;-1;-1;-1;-1;-1;10;10;30;70;80;25;65;70;30;8.64;0.8;6.51;2;Rocha;Albion;1.27;0.64;1.1;0.7;1.14;1.05;90;90;70;30;20;85;53;42;1.25;1.06;2.31;4651;22;Y;N;N;N;N;N;N
1041762;4366;4370;2020;complete;58625;22;-1;47,53,85;37,66;3;2;5;7;1;8;-1;-1;3;2;0;0;10;5;6;4;16;9;-1;-1;54;46;3;2;1.31;4.15;6.75;1.04;1.35;2.15;3.9;7;7.25;2.7;1.56;1.17;1.03;2.6;1.38;0;0;0;0;1.16;1.27;1.95;2.3;2.05;5;2.32;2.15;4.38;0;0;0;0;0;0;0;0;0;0;0;0;0;0;0;1.62;7.25;2.88;1.87;13;1.47;3.24;8;41;2.61;1.33;1.06;1.01;1.37;2.5;5.5;12;3;1.5;1.13;1.03;0;0;0;0;5;0;1;3;1;4;1;2020-11-28 00:30:00;4366;0;55;20;30;0;1;1;3;0;4;1;3;5;0;1;3;1;1;4;1;64;49;110;129;2.17;1.29;3.46;1;1;1;1;0;0;1;1;0;0;0;0;0;0;-1;-1;-1;-1;-1;-1;-1;-1;-1;5;20;60;75;95;35;75;70;45;8.33;0.2;6.4;2.55;Villa Española;Tacuarembó;1.64;0.91;1.5;1;1.62;1.1;95;80;40;25;5;48;48;31;1.4;1.22;2.62;4651;22;Y;Y;Y;Y;Y;N;Y
1041763;4369;4375;2020;complete;58625;22;-1;;4,51;0;2;2;3;4;7;-1;-1;3;2;0;0;5;6;2;5;7;11;-1;-1;55;45;3;2;3.35;3.2;1.87;1.03;1.3;2;3.5;6.5;7.75;2.95;1.65;1.21;1.05;1.83;1.8;0;0;0;0;1.87;1.26;1.2;3.6;2.1;2.75;3.78;2.6;2.24;0;0;1.36;1.66;2.14;2.9;0;2.95;2.12;1.64;1.37;0;0;0;0;2.1;8.75;1.83;5.75;3.25;1.38;2.85;6.8;15;2.84;1.35;1.07;1.02;1.22;2.1;4.4;10;3.8;1.66;1.17;1.04;0;0;0;0;2;0;1;0;1;1;1;2020-11-28 22:15:00;4375;0;70;20;30;0;1;1;1;3;2;1;4;3;1;1;2;1;2;3;1;77;66;119;104;1.36;1.6;2.95;0;0;0;0;0;0;1;1;0;1;1;0;0;0;-1;-1;-1;-1;-1;-1;-1;-1;-1;10;35;60;85;100;35;80;95;40;9.3;1.1;6.2;2.95;Atenas;Cerrito;1.36;1.91;1.5;1.8;1.14;1.81;90;65;40;15;0;45;30;30;1.22;1.47;2.69;4651;22;Y;Y;N;N;N;N;N
1041764;4367;4353;2020;complete;58625;22;-1;;39,65,89;0;3;3;4;6;10;-1;-1;4;1;3;0;2;10;3;2;5;12;-1;-1;46;54;10;1;2.6;2.75;2.55;1.04;1.37;2.2;4;7.5;7;2.65;1.53;1.16;1.02;1.91;1.74;0;0;0;0;1.43;1.31;1.43;3.25;2;3.25;3;2.36;3;0;0;0;1.49;1.9;2.45;3.35;0;2.48;1.9;1.5;1.29;0;0;0;2.05;7;2.05;4.2;4;1.43;3.1;8.4;41;2.6;1.32;1.04;1.01;1.29;2.38;5.5;15;3.3;1.51;1.11;1.03;0;0;0;0;3;0;1;0;2;2;1;2020-11-27 13:00:00;4353;0;60;15;35;0;1;1;0;4;4;2;4;6;2;1;5;0;3;5;1;82;86;120;123;1.06;2.08;3.14;0;0;0;0;0;0;1;1;0;0;0;1;0;0;-1;-1;-1;-1;-1;-1;-1;-1;-1;0;20;40;75;85;25;60;55;45;10.78;1.9;4.8;2.2;Villa Teresa;Sud América;1;1.46;1.1;1.3;1.24;1.19;100;80;60;25;15;56;50;28;1.49;1.65;3.14;4651;22;Y;Y;Y;N;N;N;N
1041765;4377;4354;2020;complete;58625;22;-1;10,45,90;90;3;1;4;1;5;6;-1;-1;3;2;0;1;6;5;7;12;13;17;-1;-1;51;49;3;4;3.6;3.2;1.91;1.05;1.41;2.2;4.25;8;6.75;2.5;1.6;1.14;1.02;2.05;1.62;0;0;0;0;0;0;0;4.33;2;2.63;3.75;0;2.38;0;0;0;0;0;0;0;0;0;0;0;0;0;0;0;2.4;0;1.8;0;0;1.53;3.4;9;23;2.38;1.3;1.07;1.01;1.33;2.38;5.5;15;3.25;1.53;1.14;1.03;0;0;0;0;4;2;0;1;1;2;2;2020-11-27 22:15:00;4377;0;50;10;15;0;1;1;0;2;1;3;2;4;1;2;2;1;3;3;1;65;49;136;123;1.72;1.78;3.51;0;0;0;0;0;0;1;1;1;0;0;0;0;0;-1;-1;-1;-1;-1;-1;-1;-1;-1;10;10;40;80;90;45;80;55;20;7.98;2.6;5.3;2.3;Central Español;Racing;1.64;1.33;1.5;1.6;1.14;1.43;90;90;60;20;10;54;37;16;1.39;1.71;3.1;4651;22;Y;Y;Y;Y;N;N;Y
1041766;4355;4365;2020;complete;58625;22;-1;87;;1;0;1;5;5;10;-1;-1;3;1;0;1;5;2;8;5;13;7;-1;-1;54;46;3;3;2.9;2.8;2.3;1.03;1.31;2.05;3.6;6.75;7.75;2.9;1.62;1.2;1.04;1.8;1.83;0;0;0;0;1.49;1.29;1.39;3.25;2.1;3.1;3;2.46;2.75;0;0;0;1.46;1.85;2.38;3.25;0;2.55;1.95;1.53;1.3;0;0;0;2.15;8.25;1.91;5.2;3.7;1.4;3.07;7.5;34;2.74;1.33;1.06;1.01;1.25;2.2;4.9;10;3.6;1.59;1.14;1.04;0;0;0;0;1;0;0;1;0;1;0;2020-11-29 00:30:00;4355;0;65;30;10;0;1;1;3;1;2;4;4;6;1;1;2;1;2;3;1;76;50;136;114;1.73;0.96;2.69;0;0;0;0;0;0;1;1;0;0;0;1;0;0;-1;-1;-1;-1;-1;-1;-1;-1;-1;5;20;50;75;85;30;75;70;25;10.11;1.5;6.82;2.35;Rampla Juniors;Juventud;1.77;1.17;1.7;1.4;1.38;1.52;95;80;50;25;15;60;48;36;1.31;1.53;2.84;4651;24;Y;N;N;N;N;N;N
1154613;4353;4365;2020;complete;58627;0;-1;29,87;;2;0;2;1;3;4;-1;-1;2;4;0;0;4;0;1;5;5;5;-1;-1;43;57;2;4;2.55;2.95;2.45;1.04;1.37;2.2;4;7.5;7;2.65;1.53;1.16;1.02;1.95;1.71;0;0;0;0;1.62;1.33;1.33;4;1.95;2.88;4.18;2.37;2.3;0;0;0;0;0;0;0;0;0;0;0;0;0;0;0;2.2;7;1.91;0;0;1.48;3.2;8.9;0;2.47;1.3;1.03;0;1.31;2.46;5.8;12;3.1;1.48;1.1;1.03;0;0;0;0;2;1;0;1;0;1;1;2020-12-03 22:00:00;4353;1;52;14;14;0;1;1;1;0;0;3;1;3;2;0;0;4;2;4;1;89;112;148;167;1.26;1.14;2.4;1;0;1;0;0;0;1;1;0;0;0;0;0;0;-1;-1;-1;-1;-1;-1;-1;-1;-1;7;23;43;73;84;27;66;66;39;10.65;1.5;5;2.32;Sud América;Juventud;1.42;1.46;1.27;1.45;1.27;1.45;93;78;57;27;16;68;55;35;1.66;1.46;3.12;4651;24;Y;Y;N;N;N;N;N
1154614;4354;4355;2020;complete;58627;0;-1;41;;1;0;1;1;5;6;-1;-1;5;5;0;0;4;4;5;5;9;9;-1;-1;42;58;5;5;2.5;2.45;3;1.07;1.49;2.55;4.85;9;6;2.3;1.4;1.11;1.01;2.05;1.62;0;0;0;0;1.39;1.32;1.45;3.5;1.91;3.4;3;2.3;3.1;0;0;0;0;0;0;0;0;0;0;0;0;0;0;0;2;6.75;2.2;3.8;4.25;1.49;3.3;9.2;46;2.44;1.28;1.03;1.01;1.33;2.5;6.1;13;3;1.46;1.09;1.02;0;0;0;0;1;1;0;0;0;0;1;2020-12-04 00:15:00;4354;1;52;9;23;0;1;1;0;1;1;4;1;5;1;2;4;3;3;7;1;39;84;105;156;1.14;1.47;2.62;0;0;0;0;0;0;1;1;0;0;0;0;0;0;-1;-1;-1;-1;-1;-1;-1;-1;-1;9;21;39;71;84;36;62;69;30;8.85;1.37;6.68;2.25;Racing;Rampla Juniors;1.38;1.35;1.36;1.45;1.36;1.45;91;80;62;30;16;53;41;24;1.28;1.36;2.64;4651;24;Y;N;N;N;N;N;N
1154616;4355;4354;2020;complete;58627;0;-1;57,60,72;;3;0;3;6;2;8;-1;-1;2;5;0;0;5;8;10;3;15;11;-1;-1;50;50;2;5;2.45;2.75;2.7;1.03;1.35;2.15;3.9;7.25;7;2.7;1.56;1.17;1.03;1.87;1.77;0;0;0;0;0;0;0;2.88;2;4;0;0;0;0;0;0;0;0;0;0;0;0;0;0;0;0;0;0;1.73;0;2.5;0;0;1.48;0;0;0;2.65;0;0;0;0;0;0;0;0;0;0;0;0;0;0;0;3;0;0;3;0;3;0;2020-12-09 22:15:00;4355;1;50;23;14;0;1;1;1;2;5;0;3;5;0;1;2;4;1;6;1;64;88;124;150;1.77;1.9;3.67;0;0;0;0;0;0;1;1;0;0;0;0;0;0;-1;-1;-1;-1;-1;-1;-1;-1;-1;9;20;37;68;85;35;63;66;29;8.73;1.22;6.83;2.2;Rampla Juniors;Racing;1.35;1.38;1.39;1.43;1.39;1.43;91;81;64;33;15;50;39;23;1.36;1.72;3.08;4651;24;Y;Y;Y;N;N;N;N
1172102;4365;4353;2020;complete;58627;0;-1;6;;1;0;1;4;4;8;-1;-1;4;3;0;0;5;2;4;6;9;8;-1;-1;51;49;4;3;2;3.4;3.25;1.03;1.32;1.85;3.5;6.7;9;3.1;1.95;1.26;1.07;1.85;1.85;0;0;0;0;1.28;1.28;1.67;2.75;2.2;3.5;2.37;2.5;3.58;0;0;0;0;0;0;0;0;0;0;0;0;0;0;0;1.73;7;2.38;0;0;1.36;2.82;7.2;0;3.02;1.4;1.06;0;1.24;2.17;4.8;0;3.6;1.61;1.15;0;0;0;0;0;1;1;0;0;0;0;1;2021-01-19 20:15:00;4365;1;50;23;27;0;1;1;1;4;3;0;5;3;2;2;2;1;4;3;1;37;34;79;75;1.19;0.9;2.09;0;0;0;0;0;0;1;1;1;0;0;0;0;1;-1;-1;-1;-1;-1;-1;-1;-1;-1;7;22;42;74;85;26;68;68;37;10.33;1.35;5.04;2.31;Juventud;Sud América;1.46;1.42;1.39;1.35;1.39;1.35;94;79;59;26;15;64;52;33;1.55;1.69;3.24;4651;24;Y;N;N;N;N;N;N
1172155;4355;4353;2020;complete;58626;0;-1;62;36,90;1;2;3;5;3;8;-1;-1;4;3;2;1;7;5;4;1;11;6;-1;-1;53;47;7;5;2.4;3;2.7;1.04;1.29;1.75;3.25;5.5;9.5;3.5;2;1.33;1.13;1.8;1.91;0;0;0;0;0;0;0;3;2.1;3.4;2.63;0;2.88;0;0;0;0;0;0;0;0;0;0;0;0;0;0;0;1.83;0;2.1;0;0;1.4;2.75;7;19;2.75;1.4;1.1;1.02;1.25;2;4.33;10;3.75;1.73;1.2;1.06;0;0;0;0;3;0;1;1;1;2;1;2021-01-30 00:30:00;4353;1;56;29;17;0;1;1;3;1;2;2;4;4;1;0;5;4;1;9;1;88;89;124;120;1.83;1.38;3.21;0;0;0;0;0;0;1;1;0;0;0;1;0;0;-1;-1;-1;-1;-1;-1;-1;-1;-1;10;26;48;78;92;28;70;76;44;9.24;1.08;6.6;2.56;Rampla Juniors;Sud América;1.35;1.42;1.4;1.36;1.4;1.36;90;74;52;22;8;50;45;28;1.39;1.62;3.01;4651;26;Y;Y;Y;N;N;N;Y
1172156;4353;4355;2020;complete;58626;0;-1;1,19,78;12,68;3;2;5;3;9;12;-1;-1;4;2;1;1;5;5;1;6;6;11;-1;-1;37;63;6;4;2.6;3.05;2.35;1.06;1.36;2.05;3.3;5.5;6.5;2.65;1.62;1.24;1.08;1.91;1.74;0;0;0;0;0;0;0;3.5;2.1;2.88;0;0;0;0;0;0;0;0;0;0;0;0;0;0;0;0;0;0;2.05;0;1.95;0;0;0;0;0;0;0;0;0;0;0;0;0;0;0;0;0;0;0;0;0;0;5;2;1;1;1;2;3;2021-01-23 23:15:00;4353;1;54;8;25;0;1;1;3;6;0;3;9;3;1;1;4;2;2;6;1;60;100;104;119;1.17;1.77;2.94;0;0;0;0;0;0;1;1;1;0;0;2;0;0;-1;-1;-1;-1;-1;-1;-1;-1;-1;6;23;46;78;92;25;69;75;42;9.12;1.21;6.46;2.46;Sud América;Rampla Juniors;1.42;1.35;1.29;1.46;1.29;1.46;94;77;54;23;9;47;43;25;1.62;1.37;2.99;4651;26;Y;Y;Y;Y;Y;N;Y
