ID;HOMEID;AWAYID;SEASON;STATUS;ROUNDID;GAME_WEEK;REVISED_GAME_WEEK;HOMEGOALS;AWAYGOALS;HOMEGOALCOUNT;AWAYGOALCOUNT;TOTALGOALCOUNT;TEAM_A_CORNERS;TEAM_B_CORNERS;TOTALCORNERCOUNT;TEAM_A_OFFSIDES;TEAM_B_OFFSIDES;TEAM_A_YELLOW_CARDS;TEAM_B_YELLOW_CARDS;TEAM_A_RED_CARDS;TEAM_B_RED_CARDS;TEAM_A_SHOTSONTARGET;TEAM_B_SHOTSONTARGET;TEAM_A_SHOTSOFFTARGET;TEAM_B_SHOTSOFFTARGET;TEAM_A_SHOTS;TEAM_B_SHOTS;TEAM_A_FOULS;TEAM_B_FOULS;TEAM_A_POSSESSION;TEAM_B_POSSESSION;TEAM_A_CARDS_NUM;TEAM_B_CARDS_NUM;ODDS_FT_1;ODDS_FT_X;ODDS_FT_2;ODDS_FT_OVER05;ODDS_FT_OVER15;ODDS_FT_OVER25;ODDS_FT_OVER35;ODDS_FT_OVER45;ODDS_FT_UNDER05;ODDS_FT_UNDER15;ODDS_FT_UNDER25;ODDS_FT_UNDER35;ODDS_FT_UNDER45;ODDS_BTTS_YES;ODDS_BTTS_NO;ODDS_TEAM_A_CS_YES;ODDS_TEAM_A_CS_NO;ODDS_TEAM_B_CS_YES;ODDS_TEAM_B_CS_NO;ODDS_DOUBLECHANCE_1X;ODDS_DOUBLECHANCE_12;ODDS_DOUBLECHANCE_X2;ODDS_1ST_HALF_RESULT_1;ODDS_1ST_HALF_RESULT_X;ODDS_1ST_HALF_RESULT_2;ODDS_2ND_HALF_RESULT_1;ODDS_2ND_HALF_RESULT_X;ODDS_2ND_HALF_RESULT_2;ODDS_DNB_1;ODDS_DNB_2;ODDS_CORNERS_OVER_75;ODDS_CORNERS_OVER_85;ODDS_CORNERS_OVER_95;ODDS_CORNERS_OVER_105;ODDS_CORNERS_OVER_115;ODDS_CORNERS_UNDER_75;ODDS_CORNERS_UNDER_85;ODDS_CORNERS_UNDER_95;ODDS_CORNERS_UNDER_105;ODDS_CORNERS_UNDER_115;ODDS_CORNERS_1;ODDS_CORNERS_X;ODDS_CORNERS_2;ODDS_TEAM_TO_SCORE_FIRST_1;ODDS_TEAM_TO_SCORE_FIRST_X;ODDS_TEAM_TO_SCORE_FIRST_2;ODDS_WIN_TO_NIL_1;ODDS_WIN_TO_NIL_2;ODDS_1ST_HALF_OVER05;ODDS_1ST_HALF_OVER15;ODDS_1ST_HALF_OVER25;ODDS_1ST_HALF_OVER35;ODDS_1ST_HALF_UNDER05;ODDS_1ST_HALF_UNDER15;ODDS_1ST_HALF_UNDER25;ODDS_1ST_HALF_UNDER35;ODDS_2ND_HALF_OVER05;ODDS_2ND_HALF_OVER15;ODDS_2ND_HALF_OVER25;ODDS_2ND_HALF_OVER35;ODDS_2ND_HALF_UNDER05;ODDS_2ND_HALF_UNDER15;ODDS_2ND_HALF_UNDER25;ODDS_2ND_HALF_UNDER35;ODDS_BTTS_1ST_HALF_YES;ODDS_BTTS_1ST_HALF_NO;ODDS_BTTS_2ND_HALF_YES;ODDS_BTTS_2ND_HALF_NO;OVERALLGOALCOUNT;HT_GOALS_TEAM_A;HT_GOALS_TEAM_B;GOALS_2HG_TEAM_A;GOALS_2HG_TEAM_B;GOALCOUNT_2HG;HTGOALCOUNT;DATE_UNIX;WINNINGTEAM;NO_HOME_AWAY;BTTS_POTENTIAL;BTTS_FHG_POTENTIAL;BTTS_2HG_POTENTIAL;GOALTIMINGDISABLED;CORNER_TIMINGS_RECORDED;CARD_TIMINGS_RECORDED;TEAM_A_FH_CORNERS;TEAM_B_FH_CORNERS;TEAM_A_2H_CORNERS;TEAM_B_2H_CORNERS;CORNER_FH_COUNT;CORNER_2H_COUNT;TEAM_A_FH_CARDS;TEAM_B_FH_CARDS;TEAM_A_2H_CARDS;TEAM_B_2H_CARDS;TOTAL_FH_CARDS;TOTAL_2H_CARDS;ATTACKS_RECORDED;TEAM_A_DANGEROUS_ATTACKS;TEAM_B_DANGEROUS_ATTACKS;TEAM_A_ATTACKS;TEAM_B_ATTACKS;TEAM_A_XG;TEAM_B_XG;TOTAL_XG;TEAM_A_PENALTIES_WON;TEAM_B_PENALTIES_WON;TEAM_A_PENALTY_GOALS;TEAM_B_PENALTY_GOALS;TEAM_A_PENALTY_MISSED;TEAM_B_PENALTY_MISSED;PENS_RECORDED;GOAL_TIMINGS_RECORDED;TEAM_A_0_10_MIN_GOALS;TEAM_B_0_10_MIN_GOALS;TEAM_A_CORNERS_0_10_MIN;TEAM_B_CORNERS_0_10_MIN;TEAM_A_CARDS_0_10_MIN;TEAM_B_CARDS_0_10_MIN;THROWINS_RECORDED;TEAM_A_THROWINS;TEAM_B_THROWINS;FREEKICKS_RECORDED;TEAM_A_FREEKICKS;TEAM_B_FREEKICKS;GOALKICKS_RECORDED;TEAM_A_GOALKICKS;TEAM_B_GOALKICKS;O45_POTENTIAL;O35_POTENTIAL;O25_POTENTIAL;O15_POTENTIAL;O05_POTENTIAL;O15HT_POTENTIAL;O05HT_POTENTIAL;O05_2H_POTENTIAL;O15_2H_POTENTIAL;CORNERS_POTENTIAL;OFFSIDES_POTENTIAL;CARDS_POTENTIAL;AVG_POTENTIAL;HOME_NAME;AWAY_NAME;HOME_PPG;AWAY_PPG;PRE_MATCH_HOME_PPG;PRE_MATCH_AWAY_PPG;PRE_MATCH_TEAMA_OVERALL_PPG;PRE_MATCH_TEAMB_OVERALL_PPG;U45_POTENTIAL;U35_POTENTIAL;U25_POTENTIAL;U15_POTENTIAL;U05_POTENTIAL;CORNERS_O85_POTENTIAL;CORNERS_O95_POTENTIAL;CORNERS_O105_POTENTIAL;TEAM_A_XG_PREMATCH;TEAM_B_XG_PREMATCH;TOTAL_XG_PREMATCH;COMPETITION_ID;MATCHES_COMPLETED_MINIMUM;OVER05;OVER15;OVER25;OVER35;OVER45;OVER55;BTTS
242015;4372;4380;2015/2016;complete;1526;1;-1;;65;0;1;1;-1;-1;-1;-1;-1;2;2;0;0;-1;-1;-1;-1;-1;-1;-1;-1;-1;-1;2;2;0;0;0;0;0;0;0;0;0;0;0;0;0;0;0;0;0;0;0;0;0;0;0;0;0;0;0;0;0;0;0;0;0;0;0;0;0;0;0;0;0;0;0;0;0;0;0;0;0;0;0;0;0;0;0;0;0;0;0;0;0;0;0;0;0;0;0;0;1;0;0;0;1;1;0;2015-10-24 13:15:00;4380;0;0;0;0;0;-1;1;-1;-1;-1;-1;-1;-1;1;1;1;1;2;2;-1;0;0;0;0;0;0;0;0;0;0;0;0;0;1;1;0;0;-1;-1;0;0;-1;-1;-1;-1;-1;-1;-1;-1;-1;0;0;0;0;0;0;0;0;0;0;0;0;0;Miramar Misiones;Huracán;1.36;1.5;0;0;0;0;0;0;0;0;0;0;0;0;0;0;0;860;20;Y;N;N;N;N;N;N
242016;4379;4363;2015/2016;complete;1526;1;-1;21;62,79;1;2;3;-1;-1;-1;-1;-1;2;5;1;0;-1;-1;-1;-1;-1;-1;-1;-1;-1;-1;3;5;0;0;0;0;0;0;0;0;0;0;0;0;0;0;0;0;0;0;0;0;0;0;0;0;0;0;0;0;0;0;0;0;0;0;0;0;0;0;0;0;0;0;0;0;0;0;0;0;0;0;0;0;0;0;0;0;0;0;0;0;0;0;0;0;0;0;0;0;3;1;0;0;2;2;1;2015-10-24 19:30:00;4363;0;0;0;0;0;-1;1;-1;-1;-1;-1;-1;-1;1;3;2;2;4;4;-1;0;0;0;0;0;0;0;0;0;0;0;0;0;1;1;0;0;-1;-1;0;0;-1;-1;-1;-1;-1;-1;-1;-1;-1;0;0;0;0;0;0;0;0;0;0;0;0;0;Torque;Boston River;2.09;1.73;0;0;0;0;0;0;0;0;0;0;0;0;0;0;0;860;21;Y;Y;Y;N;N;N;Y
242017;4377;4373;2015/2016;complete;1526;1;-1;88;90,90;1;2;3;-1;-1;-1;-1;-1;2;5;0;1;-1;-1;-1;-1;-1;-1;-1;-1;-1;-1;2;7;0;0;0;0;0;0;0;0;0;0;0;0;0;0;0;0;0;0;0;0;0;0;0;0;0;0;0;0;0;0;0;0;0;0;0;0;0;0;0;0;0;0;0;0;0;0;0;0;0;0;0;0;0;0;0;0;0;0;0;0;0;0;0;0;0;0;0;0;3;0;0;1;2;3;0;2015-10-24 19:30:00;4373;0;0;0;0;0;-1;1;-1;-1;-1;-1;-1;-1;2;4;0;2;6;2;-1;0;0;0;0;0;0;0;0;1;0;1;0;0;1;1;0;0;-1;-1;0;0;-1;-1;-1;-1;-1;-1;-1;-1;-1;0;0;0;0;0;0;0;0;0;0;0;0;0;Central Español;Deportivo Maldonado;1.3;0.9;0;0;0;0;0;0;0;0;0;0;0;0;0;0;0;860;20;Y;Y;Y;N;N;N;Y
242018;4355;4366;2015/2016;complete;1526;1;-1;44,55;35,37;2;2;4;-1;-1;-1;-1;-1;1;5;1;1;-1;-1;-1;-1;-1;-1;-1;-1;-1;-1;3;6;0;0;0;0;0;0;0;0;0;0;0;0;0;0;0;0;0;0;0;0;0;0;0;0;0;0;0;0;0;0;0;0;0;0;0;0;0;0;0;0;0;0;0;0;0;0;0;0;0;0;0;0;0;0;0;0;0;0;0;0;0;0;0;0;0;0;0;0;4;1;2;1;0;1;3;2015-10-24 19:30:00;-1;0;0;0;0;0;-1;1;-1;-1;-1;-1;-1;-1;0;0;2;6;0;8;-1;0;0;0;0;0;0;0;0;1;0;1;0;0;1;1;0;0;-1;-1;0;0;-1;-1;-1;-1;-1;-1;-1;-1;-1;0;0;0;0;0;0;0;0;0;0;0;0;0;Rampla Juniors;Villa Española;2.27;1.8;0;0;0;0;0;0;0;0;0;0;0;0;0;0;0;860;20;Y;Y;Y;Y;N;N;Y
242019;4369;4381;2015/2016;complete;1526;1;-1;16,41;68;2;1;3;-1;-1;-1;-1;-1;2;4;0;0;-1;-1;-1;-1;-1;-1;-1;-1;-1;-1;2;4;0;0;0;0;0;0;0;0;0;0;0;0;0;0;0;0;0;0;0;0;0;0;0;0;0;0;0;0;0;0;0;0;0;0;0;0;0;0;0;0;0;0;0;0;0;0;0;0;0;0;0;0;0;0;0;0;0;0;0;0;0;0;0;0;0;0;0;0;3;2;0;0;1;1;2;2015-10-25 19:30:00;4369;0;0;0;0;0;-1;1;-1;-1;-1;-1;-1;-1;1;1;1;3;2;4;-1;0;0;0;0;0;0;0;1;0;1;0;0;0;1;1;0;0;-1;-1;0;0;-1;-1;-1;-1;-1;-1;-1;-1;-1;0;0;0;0;0;0;0;0;0;0;0;0;0;Atenas;Rocha;1.2;1;0;0;0;0;0;0;0;0;0;0;0;0;0;0;0;860;21;Y;Y;Y;N;N;N;Y
242020;4374;4378;2015/2016;complete;1526;1;-1;;65;0;1;1;-1;-1;-1;-1;-1;2;3;1;0;-1;-1;-1;-1;-1;-1;-1;-1;-1;-1;4;3;0;0;0;0;0;0;0;0;0;0;0;0;0;0;0;0;0;0;0;0;0;0;0;0;0;0;0;0;0;0;0;0;0;0;0;0;0;0;0;0;0;0;0;0;0;0;0;0;0;0;0;0;0;0;0;0;0;0;0;0;0;0;0;0;0;0;0;0;1;0;0;0;1;1;0;2015-10-25 19:30:00;4378;0;0;0;0;0;-1;1;-1;-1;-1;-1;-1;-1;2;1;1;2;3;3;-1;0;0;0;0;0;0;0;0;0;0;0;0;0;1;1;0;0;-1;-1;0;0;-1;-1;-1;-1;-1;-1;-1;-1;-1;0;0;0;0;0;0;0;0;0;0;0;0;0;Canadian;Progreso;0.73;1.55;0;0;0;0;0;0;0;0;0;0;0;0;0;0;0;860;21;Y;N;N;N;N;N;N
242021;4376;4371;2015/2016;complete;1526;1;-1;48;66,90;1;2;3;-1;-1;-1;-1;-1;1;2;0;0;-1;-1;-1;-1;-1;-1;-1;-1;-1;-1;1;2;0;0;0;0;0;0;0;0;0;0;0;0;0;0;0;0;0;0;0;0;0;0;0;0;0;0;0;0;0;0;0;0;0;0;0;0;0;0;0;0;0;0;0;0;0;0;0;0;0;0;0;0;0;0;0;0;0;0;0;0;0;0;0;0;0;0;0;0;3;0;0;1;2;3;0;2015-10-25 19:30:00;4371;0;0;0;0;0;-1;1;-1;-1;-1;-1;-1;-1;0;1;1;1;1;2;-1;0;0;0;0;0;0;0;0;0;0;0;0;0;1;1;0;0;-1;-1;0;0;-1;-1;-1;-1;-1;-1;-1;-1;-1;0;0;0;0;0;0;0;0;0;0;0;0;0;Oriental;Cerro Largo;1.55;1;0;0;0;0;0;0;0;0;0;0;0;0;0;0;0;860;21;Y;Y;Y;N;N;N;Y
242022;4377;4380;2015/2016;complete;1526;2;-1;;58;0;1;1;-1;-1;-1;-1;-1;1;3;0;0;-1;-1;-1;-1;-1;-1;-1;-1;-1;-1;1;3;0;0;0;0;0;0;0;0;0;0;0;0;0;0;0;0;0;0;0;0;0;0;0;0;0;0;0;0;0;0;0;0;0;0;0;0;0;0;0;0;0;0;0;0;0;0;0;0;0;0;0;0;0;0;0;0;0;0;0;0;0;0;0;0;0;0;0;0;1;0;0;0;1;1;0;2015-10-31 13:15:00;4380;0;50;0;50;0;-1;1;-1;-1;-1;-1;-1;-1;1;1;0;2;2;2;-1;0;0;0;0;0;0;0;0;0;0;0;0;0;1;1;0;0;-1;-1;0;0;-1;-1;-1;-1;-1;-1;-1;-1;-1;0;0;50;50;100;0;0;100;50;0;0;4;2;Central Español;Huracán;1.3;1.5;0;3;0;3;100;100;50;50;0;0;0;0;0;0;0;860;20;Y;N;N;N;N;N;N
242023;4374;4379;2015/2016;complete;1526;2;-1;21,68,83;39;3;1;4;-1;-1;-1;-1;-1;3;1;0;0;-1;-1;-1;-1;-1;-1;-1;-1;-1;-1;3;1;0;0;0;0;0;0;0;0;0;0;0;0;0;0;0;0;0;0;0;0;0;0;0;0;0;0;0;0;0;0;0;0;0;0;0;0;0;0;0;0;0;0;0;0;0;0;0;0;0;0;0;0;0;0;0;0;0;0;0;0;0;0;0;0;0;0;0;0;4;1;1;2;0;2;2;2015-10-31 16:30:00;4374;0;0;0;0;0;-1;1;-1;-1;-1;-1;-1;-1;1;1;2;0;2;2;-1;0;0;0;0;0;0;0;0;0;0;0;0;0;1;1;0;0;-1;-1;0;0;-1;-1;-1;-1;-1;-1;-1;-1;-1;0;0;0;0;50;0;0;50;0;0;0;4;0.5;Canadian;Torque;0.73;0.7;0;0;0;0;50;50;50;50;0;0;0;0;0;0;0;860;21;Y;Y;Y;Y;N;N;Y
242024;4371;4369;2015/2016;complete;1526;2;-1;21,45,75,89,90;37,66;5;2;7;-1;-1;-1;-1;-1;3;3;0;0;-1;-1;-1;-1;-1;-1;-1;-1;-1;-1;3;3;0;0;0;0;0;0;0;0;0;0;0;0;0;0;0;0;0;0;0;0;0;0;0;0;0;0;0;0;0;0;0;0;0;0;0;0;0;0;0;0;0;0;0;0;0;0;0;0;0;0;0;0;0;0;0;0;0;0;0;0;0;0;0;0;0;0;0;0;7;2;1;3;1;4;3;2015-10-31 19:30:00;4371;0;0;0;0;0;-1;1;-1;-1;-1;-1;-1;-1;0;0;3;3;0;6;-1;0;0;0;0;0;0;0;1;1;1;1;0;0;1;1;0;0;-1;-1;0;0;-1;-1;-1;-1;-1;-1;-1;-1;-1;0;0;0;0;0;0;0;0;0;0;0;0;0;Cerro Largo;Atenas;2.09;1.45;0;0;3;3;0;0;0;0;0;0;0;0;0;0;0;860;21;Y;Y;Y;Y;Y;Y;Y
242025;4378;4376;2015/2016;complete;1526;2;-1;;28,80,90;0;3;3;-1;-1;-1;-1;-1;3;4;0;0;-1;-1;-1;-1;-1;-1;-1;-1;-1;-1;3;4;0;0;0;0;0;0;0;0;0;0;0;0;0;0;0;0;0;0;0;0;0;0;0;0;0;0;0;0;0;0;0;0;0;0;0;0;0;0;0;0;0;0;0;0;0;0;0;0;0;0;0;0;0;0;0;0;0;0;0;0;0;0;0;0;0;0;0;0;3;0;1;0;2;2;1;2015-10-31 19:30:00;4376;0;0;0;0;0;-1;1;-1;-1;-1;-1;-1;-1;2;1;1;3;3;4;-1;0;0;0;0;0;0;0;0;0;0;0;0;0;1;1;0;0;-1;-1;1;0;-1;-1;-1;-1;-1;-1;-1;-1;-1;0;0;0;0;0;0;0;0;0;0;0;0;0;Progreso;Oriental;1.1;1.2;0;0;3;0;0;0;0;0;0;0;0;0;0;0;0;860;21;Y;Y;Y;N;N;N;N
242026;4373;4355;2015/2016;complete;1526;2;-1;;36,60,90,90;0;4;4;-1;-1;-1;-1;-1;4;2;0;0;-1;-1;-1;-1;-1;-1;-1;-1;-1;-1;4;2;0;0;0;0;0;0;0;0;0;0;0;0;0;0;0;0;0;0;0;0;0;0;0;0;0;0;0;0;0;0;0;0;0;0;0;0;0;0;0;0;0;0;0;0;0;0;0;0;0;0;0;0;0;0;0;0;0;0;0;0;0;0;0;0;0;0;0;0;4;0;1;0;3;3;1;2015-10-31 19:30:00;4355;0;0;0;0;0;-1;1;-1;-1;-1;-1;-1;-1;2;1;2;1;3;3;-1;0;0;0;0;0;0;0;0;0;0;0;0;0;1;1;0;0;-1;-1;1;0;-1;-1;-1;-1;-1;-1;-1;-1;-1;0;0;0;0;0;0;0;0;0;0;0;0;0;Deportivo Maldonado;Rampla Juniors;1.4;2.17;0;0;3;1;0;0;0;0;0;0;0;0;0;0;0;860;20;Y;Y;Y;Y;N;N;N
242027;4370;4366;2015/2016;complete;1526;2;-1;74;6;1;1;2;-1;-1;-1;-1;-1;1;2;0;0;-1;-1;-1;-1;-1;-1;-1;-1;-1;-1;1;2;0;0;0;0;0;0;0;0;0;0;0;0;0;0;0;0;0;0;0;0;0;0;0;0;0;0;0;0;0;0;0;0;0;0;0;0;0;0;0;0;0;0;0;0;0;0;0;0;0;0;0;0;0;0;0;0;0;0;0;0;0;0;0;0;0;0;0;0;2;0;1;1;0;1;1;2015-10-31 19:30:00;-1;0;50;50;0;0;-1;1;-1;-1;-1;-1;-1;-1;1;0;0;2;1;2;-1;0;0;0;0;0;0;0;0;1;0;1;0;0;1;1;0;1;-1;-1;0;0;-1;-1;-1;-1;-1;-1;-1;-1;-1;0;50;50;50;50;50;50;50;0;0;0;6;2;Tacuarembó;Villa Española;1.8;1.8;0;1;0;1;50;0;0;0;0;0;0;0;0;0;0;860;20;Y;Y;N;N;N;N;Y
242028;4381;4363;2015/2016;complete;1526;2;-1;;16,40,82;0;3;3;-1;-1;-1;-1;-1;1;1;0;0;-1;-1;-1;-1;-1;-1;-1;-1;-1;-1;1;1;0;0;0;0;0;0;0;0;0;0;0;0;0;0;0;0;0;0;0;0;0;0;0;0;0;0;0;0;0;0;0;0;0;0;0;0;0;0;0;0;0;0;0;0;0;0;0;0;0;0;0;0;0;0;0;0;0;0;0;0;0;0;0;0;0;0;0;0;3;0;2;0;1;1;2;2015-11-01 19:00:00;4363;0;50;0;0;0;-1;1;-1;-1;-1;-1;-1;-1;1;1;0;0;2;0;-1;0;0;0;0;0;0;0;0;1;0;1;0;0;1;1;0;0;-1;-1;0;0;-1;-1;-1;-1;-1;-1;-1;-1;-1;0;0;50;50;50;0;50;50;50;0;0;5;1.5;Rocha;Boston River;1.18;1.73;0;3;0;3;50;50;0;0;0;0;0;0;0;0;0;860;21;Y;Y;Y;N;N;N;N
242029;4366;4372;2015/2016;complete;1526;3;-1;65;31;1;1;2;-1;-1;-1;-1;-1;1;3;1;0;-1;-1;-1;-1;-1;-1;-1;-1;-1;-1;3;3;0;0;0;0;0;0;0;0;0;0;0;0;0;0;0;0;0;0;0;0;0;0;0;0;0;0;0;0;0;0;0;0;0;0;0;0;0;0;0;0;0;0;0;0;0;0;0;0;0;0;0;0;0;0;0;0;0;0;0;0;0;0;0;0;0;0;0;0;2;0;1;1;0;1;1;2015-11-07 13:15:00;-1;0;0;0;0;0;-1;1;-1;-1;-1;-1;-1;-1;1;0;1;3;1;4;-1;0;0;0;0;0;0;0;0;1;0;1;0;0;1;1;0;0;-1;-1;0;0;-1;-1;-1;-1;-1;-1;-1;-1;-1;0;0;0;0;0;0;0;0;0;0;0;0;0;Villa Española;Miramar Misiones;2.3;1.7;0;0;1;0;0;0;0;0;0;0;0;0;0;0;0;860;20;Y;Y;N;N;N;N;Y
242030;4355;4377;2015/2016;complete;1526;3;-1;16,31,48,62;59;4;1;5;-1;-1;-1;-1;-1;1;3;0;0;-1;-1;-1;-1;-1;-1;-1;-1;-1;-1;1;3;0;0;0;0;0;0;0;0;0;0;0;0;0;0;0;0;0;0;0;0;0;0;0;0;0;0;0;0;0;0;0;0;0;0;0;0;0;0;0;0;0;0;0;0;0;0;0;0;0;0;0;0;0;0;0;0;0;0;0;0;0;0;0;0;0;0;0;0;5;2;0;2;1;3;2;2015-11-07 19:30:00;4355;0;50;50;0;0;-1;1;-1;-1;-1;-1;-1;-1;0;1;1;2;1;3;-1;0;0;0;0;0;0;0;1;0;1;0;0;0;1;1;0;0;-1;-1;0;0;-1;-1;-1;-1;-1;-1;-1;-1;-1;0;50;50;50;50;50;50;50;0;0;0;3;2;Rampla Juniors;Central Español;2.27;0.7;1;0;2;0;50;0;0;0;0;0;0;0;0;0;0;860;20;Y;Y;Y;Y;Y;N;Y
242031;4373;4370;2015/2016;complete;1526;3;-1;33,54;;2;0;2;-1;-1;-1;-1;-1;0;4;0;1;-1;-1;-1;-1;-1;-1;-1;-1;-1;-1;0;5;0;0;0;0;0;0;0;0;0;0;0;0;0;0;0;0;0;0;0;0;0;0;0;0;0;0;0;0;0;0;0;0;0;0;0;0;0;0;0;0;0;0;0;0;0;0;0;0;0;0;0;0;0;0;0;0;0;0;0;0;0;0;0;0;0;0;0;0;2;1;0;1;0;1;1;2015-11-07 19:30:00;4373;0;0;0;0;0;-1;1;-1;-1;-1;-1;-1;-1;0;2;0;3;2;3;-1;0;0;0;0;0;0;0;0;0;0;0;0;0;1;1;0;0;-1;-1;0;1;-1;-1;-1;-1;-1;-1;-1;-1;-1;0;50;50;50;50;0;50;50;50;0;0;4;2;Deportivo Maldonado;Tacuarembó;1.4;0.3;0;0;1.5;1;50;0;0;0;0;0;0;0;0;0;0;860;20;Y;Y;N;N;N;N;N
242032;4381;4378;2015/2016;complete;1526;3;-1;55,65;;2;0;2;-1;-1;-1;-1;-1;3;2;0;0;-1;-1;-1;-1;-1;-1;-1;-1;-1;-1;3;2;0;0;0;0;0;0;0;0;0;0;0;0;0;0;0;0;0;0;0;0;0;0;0;0;0;0;0;0;0;0;0;0;0;0;0;0;0;0;0;0;0;0;0;0;0;0;0;0;0;0;0;0;0;0;0;0;0;0;0;0;0;0;0;0;0;0;0;0;2;0;0;2;0;2;0;2015-11-07 23:00:00;4381;0;0;0;0;0;-1;1;-1;-1;-1;-1;-1;-1;2;0;1;2;2;3;-1;0;0;0;0;0;0;0;0;0;0;0;0;0;1;1;0;0;-1;-1;2;0;-1;-1;-1;-1;-1;-1;-1;-1;-1;0;0;50;50;100;50;50;100;0;0;0;4;2;Rocha;Progreso;1.18;1.55;0;3;0;1.5;100;100;50;50;0;0;0;0;0;0;0;860;21;Y;Y;N;N;N;N;N
242033;4376;4374;2015/2016;complete;1526;3;-1;75;;1;0;1;-1;-1;-1;-1;-1;1;5;0;0;-1;-1;-1;-1;-1;-1;-1;-1;-1;-1;1;5;0;0;0;0;0;0;0;0;0;0;0;0;0;0;0;0;0;0;0;0;0;0;0;0;0;0;0;0;0;0;0;0;0;0;0;0;0;0;0;0;0;0;0;0;0;0;0;0;0;0;0;0;0;0;0;0;0;0;0;0;0;0;0;0;0;0;0;0;1;0;0;1;0;1;0;2015-11-08 13:30:00;4376;0;50;0;50;0;-1;1;-1;-1;-1;-1;-1;-1;0;2;1;3;2;4;-1;0;0;0;0;0;0;0;1;0;1;0;0;0;1;1;0;0;-1;-1;0;0;-1;-1;-1;-1;-1;-1;-1;-1;-1;0;0;50;50;50;0;0;50;50;0;0;1;1.5;Oriental;Canadian;1.55;1.4;0;0;1.5;1.5;50;50;0;0;0;0;0;0;0;0;0;860;21;Y;N;N;N;N;N;N
242034;4363;4371;2015/2016;complete;1526;3;-1;18;40,57;1;2;3;-1;-1;-1;-1;-1;2;2;0;0;-1;-1;-1;-1;-1;-1;-1;-1;-1;-1;2;2;0;0;0;0;0;0;0;0;0;0;0;0;0;0;0;0;0;0;0;0;0;0;0;0;0;0;0;0;0;0;0;0;0;0;0;0;0;0;0;0;0;0;0;0;0;0;0;0;0;0;0;0;0;0;0;0;0;0;0;0;0;0;0;0;0;0;0;0;3;1;1;0;1;1;2;2015-11-08 14:00:00;4371;0;50;0;50;0;-1;1;-1;-1;-1;-1;-1;-1;0;1;2;1;1;3;-1;0;0;0;0;0;0;0;0;0;0;0;0;0;1;1;0;0;-1;-1;0;0;-1;-1;-1;-1;-1;-1;-1;-1;-1;0;0;50;50;50;0;0;50;50;0;0;2;1.5;Boston River;Cerro Largo;2.2;1;0;3;3;3;50;50;0;0;0;0;0;0;0;0;0;860;21;Y;Y;Y;N;N;N;Y
242035;4379;4369;2015/2016;complete;1526;3;-1;9,33,35,60;68;4;1;5;-1;-1;-1;-1;-1;4;1;0;0;-1;-1;-1;-1;-1;-1;-1;-1;-1;-1;4;1;0;0;0;0;0;0;0;0;0;0;0;0;0;0;0;0;0;0;0;0;0;0;0;0;0;0;0;0;0;0;0;0;0;0;0;0;0;0;0;0;0;0;0;0;0;0;0;0;0;0;0;0;0;0;0;0;0;0;0;0;0;0;0;0;0;0;0;0;5;3;0;1;1;2;3;2015-11-08 16:00:00;4379;0;100;50;50;0;-1;1;-1;-1;-1;-1;-1;-1;4;0;0;1;4;1;-1;0;0;0;0;0;0;0;0;0;0;0;0;0;1;1;1;0;-1;-1;0;0;-1;-1;-1;-1;-1;-1;-1;-1;-1;50;50;100;100;100;50;100;100;100;0;0;6;5;Torque;Atenas;2.09;1.45;0;0;0;1.5;50;50;0;0;0;0;0;0;0;0;0;860;21;Y;Y;Y;Y;Y;N;Y
242036;4378;4371;2015/2016;complete;1526;4;-1;53;13;1;1;2;-1;-1;-1;-1;-1;4;4;0;0;-1;-1;-1;-1;-1;-1;-1;-1;-1;-1;4;4;0;0;0;0;0;0;0;0;0;0;0;0;0;0;0;0;0;0;0;0;0;0;0;0;0;0;0;0;0;0;0;0;0;0;0;0;0;0;0;0;0;0;0;0;0;0;0;0;0;0;0;0;0;0;0;0;0;0;0;0;0;0;0;0;0;0;0;0;2;0;1;1;0;1;1;2015-11-14 19:00:00;-1;0;50;25;25;0;-1;1;-1;-1;-1;-1;-1;-1;0;2;4;2;2;6;-1;0;0;0;0;0;0;0;0;0;0;0;0;0;1;1;0;0;-1;-1;0;0;-1;-1;-1;-1;-1;-1;-1;-1;-1;0;0;100;100;100;25;75;100;75;0;0;5;3;Progreso;Cerro Largo;1.1;1;0;3;1;3;100;100;0;0;0;0;0;0;0;0;0;860;21;Y;Y;N;N;N;N;Y
242037;4372;4373;2015/2016;complete;1526;4;-1;16,30;;2;0;2;-1;-1;-1;-1;-1;2;3;0;1;-1;-1;-1;-1;-1;-1;-1;-1;-1;-1;2;5;0;0;0;0;0;0;0;0;0;0;0;0;0;0;0;0;0;0;0;0;0;0;0;0;0;0;0;0;0;0;0;0;0;0;0;0;0;0;0;0;0;0;0;0;0;0;0;0;0;0;0;0;0;0;0;0;0;0;0;0;0;0;0;0;0;0;0;0;2;2;0;0;0;0;2;2015-11-14 19:00:00;4372;0;50;0;50;0;-1;1;-1;-1;-1;-1;-1;-1;1;3;1;1;4;2;-1;0;0;0;0;0;0;0;0;0;0;0;0;0;1;1;0;0;-1;-1;0;0;-1;-1;-1;-1;-1;-1;-1;-1;-1;0;0;50;50;100;0;0;100;50;0;0;9;2;Miramar Misiones;Deportivo Maldonado;1.36;0.9;0;3;0.5;2;100;100;50;50;0;0;0;0;0;0;0;860;20;Y;Y;N;N;N;N;N
242038;4379;4381;2015/2016;complete;1526;4;-1;59,81,88;;3;0;3;-1;-1;-1;-1;-1;4;3;1;0;-1;-1;-1;-1;-1;-1;-1;-1;-1;-1;5;3;0;0;0;0;0;0;0;0;0;0;0;0;0;0;0;0;0;0;0;0;0;0;0;0;0;0;0;0;0;0;0;0;0;0;0;0;0;0;0;0;0;0;0;0;0;0;0;0;0;0;0;0;0;0;0;0;0;0;0;0;0;0;0;0;0;0;0;0;3;0;0;3;0;3;0;2015-11-14 19:30:00;4379;0;100;0;25;0;-1;1;-1;-1;-1;-1;-1;-1;1;1;4;2;2;6;-1;0;0;0;0;0;0;0;0;0;0;0;0;0;1;1;0;0;-1;-1;0;1;-1;-1;-1;-1;-1;-1;-1;-1;-1;25;25;100;100;100;75;100;100;50;0;0;7.5;3.5;Torque;Rocha;2.09;1;1.5;0;1;1;75;75;0;0;0;0;0;0;0;0;0;860;21;Y;Y;Y;N;N;N;N
242039;4370;4355;2015/2016;complete;1526;4;-1;;83,90;0;2;2;-1;-1;-1;-1;-1;2;3;0;0;-1;-1;-1;-1;-1;-1;-1;-1;-1;-1;2;3;0;0;0;0;0;0;0;0;0;0;0;0;0;0;0;0;0;0;0;0;0;0;0;0;0;0;0;0;0;0;0;0;0;0;0;0;0;0;0;0;0;0;0;0;0;0;0;0;0;0;0;0;0;0;0;0;0;0;0;0;0;0;0;0;0;0;0;0;2;0;0;0;2;2;0;2015-11-14 19:30:00;4355;0;50;0;0;0;-1;1;-1;-1;-1;-1;-1;-1;0;1;2;2;1;4;-1;0;0;0;0;0;0;0;0;0;0;0;0;0;1;1;0;0;-1;-1;0;0;-1;-1;-1;-1;-1;-1;-1;-1;-1;0;50;50;100;100;0;100;100;50;0;0;3;3;Tacuarembó;Rampla Juniors;1.8;2.17;1;3;0.5;2.33;100;50;50;0;0;0;0;0;0;0;0;860;20;Y;Y;N;N;N;N;N
242040;4380;4366;2015/2016;complete;1526;4;-1;;87;0;1;1;-1;-1;-1;-1;-1;3;3;0;1;-1;-1;-1;-1;-1;-1;-1;-1;-1;-1;3;4;0;0;0;0;0;0;0;0;0;0;0;0;0;0;0;0;0;0;0;0;0;0;0;0;0;0;0;0;0;0;0;0;0;0;0;0;0;0;0;0;0;0;0;0;0;0;0;0;0;0;0;0;0;0;0;0;0;0;0;0;0;0;0;0;0;0;0;0;1;0;0;0;1;1;0;2015-11-14 19:30:00;4366;0;50;25;0;0;-1;1;-1;-1;-1;-1;-1;-1;0;0;3;4;0;7;-1;0;0;0;0;0;0;0;0;0;0;0;0;0;1;1;0;0;-1;-1;0;0;-1;-1;-1;-1;-1;-1;-1;-1;-1;0;25;25;50;50;25;50;50;0;0;0;4;1.5;Huracán;Villa Española;0.4;1.8;0;1;3;1;50;25;25;0;0;0;0;0;0;0;0;860;20;Y;N;N;N;N;N;N
242041;4369;4374;2015/2016;complete;1526;4;-1;;17;0;1;1;-1;-1;-1;-1;-1;2;4;0;0;-1;-1;-1;-1;-1;-1;-1;-1;-1;-1;2;4;0;0;0;0;0;0;0;0;0;0;0;0;0;0;0;0;0;0;0;0;0;0;0;0;0;0;0;0;0;0;0;0;0;0;0;0;0;0;0;0;0;0;0;0;0;0;0;0;0;0;0;0;0;0;0;0;0;0;0;0;0;0;0;0;0;0;0;0;1;0;1;0;0;0;1;2015-11-15 19:30:00;4374;0;50;0;0;0;-1;1;-1;-1;-1;-1;-1;-1;0;1;2;3;1;5;-1;0;0;0;0;0;0;0;0;1;0;1;0;0;1;1;0;0;-1;-1;0;1;-1;-1;-1;-1;-1;-1;-1;-1;-1;0;0;50;50;100;50;50;100;0;0;0;7;2;Atenas;Canadian;1.2;1.4;3;0;1;1;100;100;50;50;0;0;0;0;0;0;0;860;21;Y;N;N;N;N;N;N
242042;4376;4363;2015/2016;complete;1526;4;-1;30,44,88;20;3;1;4;-1;-1;-1;-1;-1;3;4;0;0;-1;-1;-1;-1;-1;-1;-1;-1;-1;-1;3;4;0;0;0;0;0;0;0;0;0;0;0;0;0;0;0;0;0;0;0;0;0;0;0;0;0;0;0;0;0;0;0;0;0;0;0;0;0;0;0;0;0;0;0;0;0;0;0;0;0;0;0;0;0;0;0;0;0;0;0;0;0;0;0;0;0;0;0;0;4;2;1;1;0;1;3;2015-11-15 19:30:00;4376;0;50;0;25;0;-1;1;-1;-1;-1;-1;-1;-1;0;2;3;2;2;5;-1;0;0;0;0;0;0;0;0;0;0;0;0;0;1;1;0;0;-1;-1;0;1;-1;-1;-1;-1;-1;-1;-1;-1;-1;0;0;75;75;100;25;50;100;50;0;0;4;2.5;Oriental;Boston River;1.55;1.73;1.5;3;2;2;100;100;25;25;0;0;0;0;0;0;0;860;21;Y;Y;Y;Y;N;N;Y
242043;4355;4372;2015/2016;complete;1526;5;-1;;38;0;1;1;-1;-1;-1;-1;-1;1;1;0;0;-1;-1;-1;-1;-1;-1;-1;-1;-1;-1;1;1;0;0;0;0;0;0;0;0;0;0;0;0;0;0;0;0;0;0;0;0;0;0;0;0;0;0;0;0;0;0;0;0;0;0;0;0;0;0;0;0;0;0;0;0;0;0;0;0;0;0;0;0;0;0;0;0;0;0;0;0;0;0;0;0;0;0;0;0;1;0;1;0;0;0;1;2015-11-21 13:30:00;4372;0;100;25;25;0;-1;1;-1;-1;-1;-1;-1;-1;1;0;0;1;1;1;-1;0;0;0;0;0;0;0;0;0;0;0;0;0;1;1;0;0;-1;-1;0;0;-1;-1;-1;-1;-1;-1;-1;-1;-1;25;50;50;100;100;50;100;100;25;0;0;5;3.25;Rampla Juniors;Miramar Misiones;2.27;1.7;2;1;2.5;1.33;75;50;50;0;0;0;0;0;0;0;0;860;21;Y;N;N;N;N;N;N
242044;4369;4376;2015/2016;complete;1526;5;-1;76;17,71;1;2;3;-1;-1;-1;-1;-1;4;4;2;1;-1;-1;-1;-1;-1;-1;-1;-1;-1;-1;7;5;0;0;0;0;0;0;0;0;0;0;0;0;0;0;0;0;0;0;0;0;0;0;0;0;0;0;0;0;0;0;0;0;0;0;0;0;0;0;0;0;0;0;0;0;0;0;0;0;0;0;0;0;0;0;0;0;0;0;0;0;0;0;0;0;0;0;0;0;3;0;1;1;1;2;1;2015-11-21 19:30:00;4376;0;25;0;0;0;-1;1;-1;-1;-1;-1;-1;-1;2;3;4;2;5;6;-1;0;0;0;0;0;0;0;0;0;0;0;0;0;1;1;0;0;-1;-1;0;0;-1;-1;-1;-1;-1;-1;-1;-1;-1;0;0;75;75;100;25;100;75;50;0;0;6;2.5;Atenas;Oriental;1.2;1.2;1.5;3;0.75;2.25;100;100;25;25;0;0;0;0;0;0;0;860;21;Y;Y;Y;N;N;N;Y
242045;4373;4380;2015/2016;complete;1526;5;-1;14,55,66;44,62;3;2;5;-1;-1;-1;-1;-1;3;2;0;0;-1;-1;-1;-1;-1;-1;-1;-1;-1;-1;3;2;0;0;0;0;0;0;0;0;0;0;0;0;0;0;0;0;0;0;0;0;0;0;0;0;0;0;0;0;0;0;0;0;0;0;0;0;0;0;0;0;0;0;0;0;0;0;0;0;0;0;0;0;0;0;0;0;0;0;0;0;0;0;0;0;0;0;0;0;5;1;1;2;1;3;2;2015-11-21 19:30:00;4373;0;0;0;0;0;-1;1;-1;-1;-1;-1;-1;-1;2;0;1;2;2;3;-1;0;0;0;0;0;0;0;0;0;0;0;0;0;1;1;0;0;-1;-1;0;0;-1;-1;-1;-1;-1;-1;-1;-1;-1;0;25;25;50;100;0;50;100;25;0;0;4.5;2;Deportivo Maldonado;Huracán;1.4;1.5;1.5;3;1.5;2;100;75;75;50;0;0;0;0;0;0;0;860;20;Y;Y;Y;Y;Y;N;Y
242046;4381;4374;2015/2016;complete;1526;5;-1;;77,90;0;2;2;-1;-1;-1;-1;-1;2;1;0;0;-1;-1;-1;-1;-1;-1;-1;-1;-1;-1;2;1;0;0;0;0;0;0;0;0;0;0;0;0;0;0;0;0;0;0;0;0;0;0;0;0;0;0;0;0;0;0;0;0;0;0;0;0;0;0;0;0;0;0;0;0;0;0;0;0;0;0;0;0;0;0;0;0;0;0;0;0;0;0;0;0;0;0;0;0;2;0;0;0;2;2;0;2015-11-21 23:00:00;4374;0;0;0;0;0;-1;1;-1;-1;-1;-1;-1;-1;2;1;0;0;3;0;-1;0;0;0;0;0;0;0;0;0;0;0;0;0;1;1;0;0;-1;-1;0;0;-1;-1;-1;-1;-1;-1;-1;-1;-1;0;0;25;50;100;25;50;75;25;0;0;6.5;1.75;Rocha;Canadian;1.18;1.4;1.5;1.5;0.75;1.5;100;100;75;50;0;0;0;0;0;0;0;860;21;Y;Y;N;N;N;N;N
242047;4370;4377;2015/2016;complete;1526;5;-1;;58,87;0;2;2;-1;-1;-1;-1;-1;0;3;0;0;-1;-1;-1;-1;-1;-1;-1;-1;-1;-1;0;3;0;0;0;0;0;0;0;0;0;0;0;0;0;0;0;0;0;0;0;0;0;0;0;0;0;0;0;0;0;0;0;0;0;0;0;0;0;0;0;0;0;0;0;0;0;0;0;0;0;0;0;0;0;0;0;0;0;0;0;0;0;0;0;0;0;0;0;0;2;0;0;0;2;2;0;2015-11-21 23:00:00;4377;0;75;0;50;0;-1;1;-1;-1;-1;-1;-1;-1;0;1;0;2;1;2;-1;0;0;0;0;0;0;0;0;0;0;0;0;0;1;1;0;0;-1;-1;0;0;-1;-1;-1;-1;-1;-1;-1;-1;-1;50;50;50;100;100;50;75;100;75;0;0;4.5;3.5;Tacuarembó;Central Español;1.8;0.7;0.5;0;0.33;0;50;50;50;0;0;0;0;0;0;0;0;860;20;Y;Y;N;N;N;N;N
242048;4363;4378;2015/2016;complete;1526;5;-1;17,38,78,89;;4;0;4;-1;-1;-1;-1;-1;3;3;0;0;-1;-1;-1;-1;-1;-1;-1;-1;-1;-1;3;3;0;0;0;0;0;0;0;0;0;0;0;0;0;0;0;0;0;0;0;0;0;0;0;0;0;0;0;0;0;0;0;0;0;0;0;0;0;0;0;0;0;0;0;0;0;0;0;0;0;0;0;0;0;0;0;0;0;0;0;0;0;0;0;0;0;0;0;0;4;2;0;2;0;2;2;2015-11-22 19:30:00;4363;0;50;50;0;0;-1;1;-1;-1;-1;-1;-1;-1;2;1;1;2;3;3;-1;0;0;0;0;0;0;0;0;0;0;0;0;0;1;1;0;0;-1;-1;0;0;-1;-1;-1;-1;-1;-1;-1;-1;-1;0;0;50;75;100;50;50;100;25;0;0;4.5;2.25;Boston River;Progreso;2.2;1.55;0;1.5;1.5;1;100;100;50;25;0;0;0;0;0;0;0;860;21;Y;Y;Y;Y;N;N;N
242049;4371;4379;2015/2016;complete;1526;5;-1;47,58,70;60,78;3;2;5;-1;-1;-1;-1;-1;3;2;0;1;-1;-1;-1;-1;-1;-1;-1;-1;-1;-1;3;4;0;0;0;0;0;0;0;0;0;0;0;0;0;0;0;0;0;0;0;0;0;0;0;0;0;0;0;0;0;0;0;0;0;0;0;0;0;0;0;0;0;0;0;0;0;0;0;0;0;0;0;0;0;0;0;0;0;0;0;0;0;0;0;0;0;0;0;0;5;0;0;3;2;5;0;2015-11-22 21:00:00;4371;0;100;100;50;0;-1;1;-1;-1;-1;-1;-1;-1;1;2;2;1;3;3;-1;0;0;0;0;0;0;0;0;1;0;1;0;0;1;1;0;0;-1;-1;0;0;-1;-1;-1;-1;-1;-1;-1;-1;-1;50;100;100;100;100;100;100;100;100;0;0;4;5.5;Cerro Largo;Torque;2.09;0.7;3;0;2.5;1.5;50;0;0;0;0;0;0;0;0;0;0;860;21;Y;Y;Y;Y;Y;N;Y
242050;4381;4376;2015/2016;complete;1526;6;-1;19,49,60,84;21,57,90;4;3;7;-1;-1;-1;-1;-1;5;2;0;0;-1;-1;-1;-1;-1;-1;-1;-1;-1;-1;5;2;0;0;0;0;0;0;0;0;0;0;0;0;0;0;0;0;0;0;0;0;0;0;0;0;0;0;0;0;0;0;0;0;0;0;0;0;0;0;0;0;0;0;0;0;0;0;0;0;0;0;0;0;0;0;0;0;0;0;0;0;0;0;0;0;0;0;0;0;7;1;1;3;2;5;2;2015-11-27 23:00:00;4381;0;25;0;25;0;-1;1;-1;-1;-1;-1;-1;-1;0;0;5;2;0;7;-1;0;0;0;0;0;0;0;0;1;0;1;0;0;1;1;0;0;-1;-1;0;0;-1;-1;-1;-1;-1;-1;-1;-1;-1;0;0;67;100;100;17;67;100;84;0;0;6.5;2.67;Rocha;Oriental;1.18;1.2;1;3;0.6;2.4;100;100;34;0;0;0;0;0;0;0;0;860;21;Y;Y;Y;Y;Y;Y;Y
242051;4366;4377;2015/2016;complete;1526;6;-1;61;;1;0;1;-1;-1;-1;-1;-1;4;3;0;0;-1;-1;-1;-1;-1;-1;-1;-1;-1;-1;4;3;0;0;0;0;0;0;0;0;0;0;0;0;0;0;0;0;0;0;0;0;0;0;0;0;0;0;0;0;0;0;0;0;0;0;0;0;0;0;0;0;0;0;0;0;0;0;0;0;0;0;0;0;0;0;0;0;0;0;0;0;0;0;0;0;0;0;0;0;1;0;0;1;0;1;0;2015-11-28 13:15:00;4366;0;75;0;25;0;-1;1;-1;-1;-1;-1;-1;-1;0;0;4;3;0;7;-1;0;0;0;0;0;0;0;0;0;0;0;0;0;1;1;0;0;-1;-1;0;0;-1;-1;-1;-1;-1;-1;-1;-1;-1;25;25;25;100;100;25;75;100;50;0;0;6;2.75;Villa Española;Central Español;2.3;0.7;1;1.5;1.5;0.75;75;75;75;0;0;0;0;0;0;0;0;860;20;Y;N;N;N;N;N;N
242052;4372;4370;2015/2016;complete;1526;6;-1;20,26,83;;3;0;3;-1;-1;-1;-1;-1;2;1;0;0;-1;-1;-1;-1;-1;-1;-1;-1;-1;-1;2;1;0;0;0;0;0;0;0;0;0;0;0;0;0;0;0;0;0;0;0;0;0;0;0;0;0;0;0;0;0;0;0;0;0;0;0;0;0;0;0;0;0;0;0;0;0;0;0;0;0;0;0;0;0;0;0;0;0;0;0;0;0;0;0;0;0;0;0;0;3;2;0;1;0;1;2;2015-11-28 18:30:00;4372;0;0;0;0;0;-1;1;-1;-1;-1;-1;-1;-1;2;1;0;0;3;0;-1;0;0;0;0;0;0;0;0;0;0;0;0;0;1;1;0;0;-1;-1;0;0;-1;-1;-1;-1;-1;-1;-1;-1;-1;0;0;0;75;100;25;75;75;0;0;0;7;1.75;Miramar Misiones;Tacuarembó;1.36;0.3;1.5;0;1.75;0.25;100;100;100;25;0;0;0;0;0;0;0;860;20;Y;Y;Y;N;N;N;N
242053;4363;4369;2015/2016;complete;1526;6;-1;84;;1;0;1;-1;-1;-1;-1;-1;4;5;0;0;-1;-1;-1;-1;-1;-1;-1;-1;-1;-1;4;5;0;0;0;0;0;0;0;0;0;0;0;0;0;0;0;0;0;0;0;0;0;0;0;0;0;0;0;0;0;0;0;0;0;0;0;0;0;0;0;0;0;0;0;0;0;0;0;0;0;0;0;0;0;0;0;0;0;0;0;0;0;0;0;0;0;0;0;0;1;0;0;1;0;1;0;2015-11-28 19:30:00;4363;0;75;50;50;0;-1;1;-1;-1;-1;-1;-1;-1;1;3;3;2;4;5;-1;0;0;0;0;0;0;0;0;0;0;0;0;0;1;1;0;0;-1;-1;0;1;-1;-1;-1;-1;-1;-1;-1;-1;-1;50;75;100;100;100;100;100;100;75;0;0;4.5;4.75;Boston River;Atenas;2.2;1.45;1.5;0;1.8;0.6;50;25;0;0;0;0;0;0;0;0;0;860;21;Y;N;N;N;N;N;N
242054;4379;4378;2015/2016;complete;1526;6;-1;44,76;56,88;2;2;4;-1;-1;-1;-1;-1;4;4;1;0;-1;-1;-1;-1;-1;-1;-1;-1;-1;-1;6;4;0;0;0;0;0;0;0;0;0;0;0;0;0;0;0;0;0;0;0;0;0;0;0;0;0;0;0;0;0;0;0;0;0;0;0;0;0;0;0;0;0;0;0;0;0;0;0;0;0;0;0;0;0;0;0;0;0;0;0;0;0;0;0;0;0;0;0;0;4;1;0;1;2;3;1;2015-11-28 19:30:00;-1;0;34;0;17;0;-1;1;-1;-1;-1;-1;-1;-1;3;2;2;2;5;4;-1;0;0;0;0;0;0;0;0;1;0;1;0;0;1;1;0;0;-1;-1;0;1;-1;-1;-1;-1;-1;-1;-1;-1;-1;17;33;67;84;100;33;50;100;84;0;0;6.67;3;Torque;Progreso;2.09;1.55;2;1;1.2;0.8;84;67;34;17;0;0;0;0;0;0;0;860;21;Y;Y;Y;Y;N;N;Y
242055;4374;4371;2015/2016;complete;1526;6;-1;33,57;56,64;2;2;4;-1;-1;-1;-1;-1;2;2;3;0;-1;-1;-1;-1;-1;-1;-1;-1;-1;-1;7;2;0;0;0;0;0;0;0;0;0;0;0;0;0;0;0;0;0;0;0;0;0;0;0;0;0;0;0;0;0;0;0;0;0;0;0;0;0;0;0;0;0;0;0;0;0;0;0;0;0;0;0;0;0;0;0;0;0;0;0;0;0;0;0;0;0;0;0;0;4;1;0;1;2;3;1;2015-11-28 19:30:00;-1;0;75;42;17;0;-1;1;-1;-1;-1;-1;-1;-1;1;2;4;0;3;4;-1;0;0;0;0;0;0;0;0;0;0;0;0;0;1;1;0;0;-1;-1;0;0;-1;-1;-1;-1;-1;-1;-1;-1;-1;0;25;59;75;100;42;59;100;42;0;0;6.17;2.59;Canadian;Cerro Largo;0.73;1;1.5;2.33;1.8;2.6;100;75;42;25;0;0;0;0;0;0;0;860;21;Y;Y;Y;Y;N;N;Y
242056;4380;4355;2015/2016;complete;1526;6;-1;76;45,50;1;2;3;-1;-1;-1;-1;-1;2;2;0;0;-1;-1;-1;-1;-1;-1;-1;-1;-1;-1;2;2;0;0;0;0;0;0;0;0;0;0;0;0;0;0;0;0;0;0;0;0;0;0;0;0;0;0;0;0;0;0;0;0;0;0;0;0;0;0;0;0;0;0;0;0;0;0;0;0;0;0;0;0;0;0;0;0;0;0;0;0;0;0;0;0;0;0;0;0;3;0;1;1;1;2;1;2015-11-29 19:00:00;4355;0;0;0;0;0;-1;1;-1;-1;-1;-1;-1;-1;0;0;2;2;0;4;-1;0;0;0;0;0;0;0;0;0;0;0;0;0;1;1;0;0;-1;-1;0;0;-1;-1;-1;-1;-1;-1;-1;-1;-1;0;25;25;50;100;0;25;100;50;0;0;5.5;2;Huracán;Rampla Juniors;0.4;2.17;0;3;1.5;2;100;75;75;50;0;0;0;0;0;0;0;860;20;Y;Y;Y;N;N;N;Y
242057;4374;4363;2015/2016;complete;1526;7;-1;75;47,60,86;1;3;4;-1;-1;-1;-1;-1;5;1;0;0;-1;-1;-1;-1;-1;-1;-1;-1;-1;-1;5;1;0;0;0;0;0;0;0;0;0;0;0;0;0;0;0;0;0;0;0;0;0;0;0;0;0;0;0;0;0;0;0;0;0;0;0;0;0;0;0;0;0;0;0;0;0;0;0;0;0;0;0;0;0;0;0;0;0;0;0;0;0;0;0;0;0;0;0;0;4;0;0;1;3;4;0;2015-12-05 13:15:00;4363;0;67;33;17;0;-1;1;-1;-1;-1;-1;-1;-1;1;0;4;1;1;5;-1;0;0;0;0;0;0;0;0;1;0;1;0;0;1;1;0;0;-1;-1;0;0;-1;-1;-1;-1;-1;-1;-1;-1;-1;0;50;84;84;100;50;84;100;50;0;0;8;3.17;Canadian;Boston River;0.73;1.73;1.33;2;1.67;2;100;50;17;17;0;0;0;0;0;0;0;860;21;Y;Y;Y;Y;N;N;Y
242058;4378;4369;2015/2016;complete;1526;7;-1;;55,67,90;0;3;3;-1;-1;-1;-1;-1;1;2;0;0;-1;-1;-1;-1;-1;-1;-1;-1;-1;-1;1;2;0;0;0;0;0;0;0;0;0;0;0;0;0;0;0;0;0;0;0;0;0;0;0;0;0;0;0;0;0;0;0;0;0;0;0;0;0;0;0;0;0;0;0;0;0;0;0;0;0;0;0;0;0;0;0;0;0;0;0;0;0;0;0;0;0;0;0;0;3;0;0;0;3;3;0;2015-12-05 19:30:00;4369;0;59;17;34;0;-1;1;-1;-1;-1;-1;-1;-1;1;0;0;2;1;2;-1;0;0;0;0;0;0;0;0;0;0;0;0;0;1;1;0;0;-1;-1;0;0;-1;-1;-1;-1;-1;-1;-1;-1;-1;34;34;59;84;100;34;84;100;59;0;0;6.5;3.42;Progreso;Atenas;1.1;1.45;0.5;0;0.83;0.5;67;67;42;17;0;0;0;0;0;0;0;860;21;Y;Y;Y;N;N;N;N
242059;4377;4372;2015/2016;complete;1526;7;-1;;55;0;1;1;-1;-1;-1;-1;-1;3;5;0;0;-1;-1;-1;-1;-1;-1;-1;-1;-1;-1;3;5;0;0;0;0;0;0;0;0;0;0;0;0;0;0;0;0;0;0;0;0;0;0;0;0;0;0;0;0;0;0;0;0;0;0;0;0;0;0;0;0;0;0;0;0;0;0;0;0;0;0;0;0;0;0;0;0;0;0;0;0;0;0;0;0;0;0;0;0;1;0;0;0;1;1;0;2015-12-05 19:30:00;4372;0;50;0;25;0;-1;1;-1;-1;-1;-1;-1;-1;1;3;2;2;4;4;-1;0;0;0;0;0;0;0;0;0;0;0;0;0;1;1;0;0;-1;-1;0;0;-1;-1;-1;-1;-1;-1;-1;-1;-1;0;0;25;50;100;0;50;75;25;0;0;3.5;1.75;Central Español;Miramar Misiones;1.3;1.7;0;2;0.6;2;100;100;75;50;0;0;0;0;0;0;0;860;20;Y;N;N;N;N;N;N
242060;4366;4373;2015/2016;complete;1526;7;-1;90;;1;0;1;-1;-1;-1;-1;-1;3;3;0;0;-1;-1;-1;-1;-1;-1;-1;-1;-1;-1;3;3;0;0;0;0;0;0;0;0;0;0;0;0;0;0;0;0;0;0;0;0;0;0;0;0;0;0;0;0;0;0;0;0;0;0;0;0;0;0;0;0;0;0;0;0;0;0;0;0;0;0;0;0;0;0;0;0;0;0;0;0;0;0;0;0;0;0;0;0;1;0;0;1;0;1;0;2015-12-05 19:30:00;4366;0;50;0;25;0;-1;1;-1;-1;-1;-1;-1;-1;0;3;3;0;3;3;-1;0;0;0;0;0;0;0;0;0;0;0;0;0;1;1;0;0;-1;-1;0;1;-1;-1;-1;-1;-1;-1;-1;-1;-1;0;0;25;75;100;25;50;75;25;0;0;9.5;2;Villa Española;Deportivo Maldonado;2.3;0.9;2;1.5;1.8;1.8;100;100;75;25;0;0;0;0;0;0;0;860;20;Y;N;N;N;N;N;N
242061;4380;4370;2015/2016;complete;1526;7;-1;;24,85;0;2;2;-1;-1;-1;-1;-1;4;2;1;0;-1;-1;-1;-1;-1;-1;-1;-1;-1;-1;5;2;0;0;0;0;0;0;0;0;0;0;0;0;0;0;0;0;0;0;0;0;0;0;0;0;0;0;0;0;0;0;0;0;0;0;0;0;0;0;0;0;0;0;0;0;0;0;0;0;0;0;0;0;0;0;0;0;0;0;0;0;0;0;0;0;0;0;0;0;2;0;1;0;1;1;1;2015-12-05 20:00:00;4370;0;25;0;25;0;-1;1;-1;-1;-1;-1;-1;-1;2;1;3;1;3;4;-1;0;0;0;0;0;0;0;0;0;0;0;0;0;1;1;0;0;-1;-1;0;0;-1;-1;-1;-1;-1;-1;-1;-1;-1;0;0;50;75;100;25;75;100;25;0;0;5.5;2.25;Huracán;Tacuarembó;0.4;0.3;0;0;1.2;0.2;100;100;50;25;0;0;0;0;0;0;0;860;20;Y;Y;N;N;N;N;N
242062;4376;4379;2015/2016;complete;1526;7;-1;57,77,80;;3;0;3;-1;-1;-1;-1;-1;0;2;0;1;-1;-1;-1;-1;-1;-1;-1;-1;-1;-1;0;4;0;0;0;0;0;0;0;0;0;0;0;0;0;0;0;0;0;0;0;0;0;0;0;0;0;0;0;0;0;0;0;0;0;0;0;0;0;0;0;0;0;0;0;0;0;0;0;0;0;0;0;0;0;0;0;0;0;0;0;0;0;0;0;0;0;0;0;0;3;0;0;3;0;3;0;2015-12-05 21:00:00;4376;0;84;42;42;0;-1;1;-1;-1;-1;-1;-1;-1;0;0;0;3;0;3;-1;0;0;0;0;0;0;0;0;0;0;0;0;0;1;1;0;0;-1;-1;0;0;-1;-1;-1;-1;-1;-1;-1;-1;-1;25;67;84;84;100;42;42;100;67;0;0;4.17;3.59;Oriental;Torque;1.55;0.7;2;0;2;1.17;75;34;17;17;0;0;0;0;0;0;0;860;21;Y;Y;Y;N;N;N;N
242063;4371;4381;2015/2016;complete;1526;7;-1;5,12,55,88;60;4;1;5;-1;-1;-1;-1;-1;0;2;0;0;-1;-1;-1;-1;-1;-1;-1;-1;-1;-1;0;2;0;0;0;0;0;0;0;0;0;0;0;0;0;0;0;0;0;0;0;0;0;0;0;0;0;0;0;0;0;0;0;0;0;0;0;0;0;0;0;0;0;0;0;0;0;0;0;0;0;0;0;0;0;0;0;0;0;0;0;0;0;0;0;0;0;0;0;0;5;2;0;2;1;3;2;2015-12-05 23:00:00;4371;0;75;25;50;0;-1;1;-1;-1;-1;-1;-1;-1;0;1;0;1;1;1;-1;0;0;0;0;0;0;0;0;0;0;0;0;0;1;1;1;0;-1;-1;0;0;-1;-1;-1;-1;-1;-1;-1;-1;-1;50;50;100;100;100;50;50;100;75;0;0;6.5;4.5;Cerro Largo;Rocha;2.09;1;3;0;2.33;1;50;50;0;0;0;0;0;0;0;0;0;860;21;Y;Y;Y;Y;Y;N;Y
242064;4372;4355;2015/2016;complete;1527;0;-1;;38,71,81;0;3;3;-1;-1;-1;-1;-1;2;2;1;0;-1;-1;-1;-1;-1;-1;-1;-1;-1;-1;4;2;0;0;0;0;0;0;0;0;0;0;0;0;0;0;0;0;0;0;0;0;0;0;0;0;0;0;0;0;0;0;0;0;0;0;0;0;0;0;0;0;0;0;0;0;0;0;0;0;0;0;0;0;0;0;0;0;0;0;0;0;0;0;0;0;0;0;0;0;3;0;1;0;2;2;1;2015-12-08 19:30:00;4355;1;34;0;17;0;-1;1;-1;-1;-1;-1;-1;-1;0;1;3;1;1;4;-1;0;0;0;0;0;0;0;0;0;0;0;0;0;1;1;0;0;-1;-1;0;0;-1;-1;-1;-1;-1;-1;-1;-1;-1;9;25;42;67;100;33;75;75;34;0;0;4.5;2.42;Miramar Misiones;Rampla Juniors;1.52;2.22;2.17;2.17;2.17;2.17;92;75;58;34;0;0;0;0;0;0;0;860;21;Y;Y;Y;N;N;N;N
242065;4371;4355;2015/2016;complete;1527;0;-1;40,84;68,70;2;2;4;-1;-1;-1;-1;-1;3;5;0;0;-1;-1;-1;-1;-1;-1;-1;-1;-1;-1;3;5;0;0;0;0;0;0;0;0;0;0;0;0;0;0;0;0;0;0;0;0;0;0;0;0;0;0;0;0;0;0;0;0;0;0;0;0;0;0;0;0;0;0;0;0;0;0;0;0;0;0;0;0;0;0;0;0;0;0;0;0;0;0;0;0;0;0;0;0;4;1;0;1;2;3;1;2015-12-12 23:00:00;-1;1;72;17;63;0;-1;1;-1;-1;-1;-1;-1;-1;0;2;3;3;2;6;-1;0;0;0;0;0;0;0;0;0;0;0;0;0;1;1;0;0;-1;-1;0;0;-1;-1;-1;-1;-1;-1;-1;-1;-1;29;50;79;93;100;36;79;93;71;0;0;4.29;3.64;Cerro Largo;Rampla Juniors;1.52;2.22;2.43;2.29;2.43;2.29;72;50;22;7;0;0;0;0;0;0;0;860;23;Y;Y;Y;Y;N;N;Y
242066;4355;4371;2015/2016;complete;1527;0;-1;24,79,81,90;8,21,27,35;4;4;8;-1;-1;-1;-1;-1;6;4;1;1;-1;-1;-1;-1;-1;-1;-1;-1;-1;-1;8;6;0;0;0;0;0;0;0;0;0;0;0;0;0;0;0;0;0;0;0;0;0;0;0;0;0;0;0;0;0;0;0;0;0;0;0;0;0;0;0;0;0;0;0;0;0;0;0;0;0;0;0;0;0;0;0;0;0;0;0;0;0;0;0;0;0;0;0;0;9;1;4;4;0;4;5;2015-12-19 19:30:00;4355;1;75;29;42;0;-1;1;-1;-1;-1;-1;-1;-1;0;2;7;3;2;10;-1;0;0;0;0;0;0;0;0;0;0;0;0;0;1;1;0;1;-1;-1;0;0;-1;-1;-1;-1;-1;-1;-1;-1;-1;26;57;82;94;100;32;82;94;75;0;0;4.76;3.69;Rampla Juniors;Cerro Largo;2.22;1.52;2.13;2.25;2.13;2.25;76;44;19;7;0;0;0;0;0;0;0;860;23;Y;Y;Y;Y;Y;Y;Y
242067;4366;4378;2015/2016;complete;1528;1;-1;36,90;;2;0;2;-1;-1;-1;-1;-1;3;2;0;0;-1;-1;-1;-1;-1;-1;-1;-1;-1;-1;3;2;0;0;0;0;0;0;0;0;0;0;0;0;0;0;0;0;0;0;0;0;0;0;0;0;0;0;0;0;0;0;0;0;0;0;0;0;0;0;0;0;0;0;0;0;0;0;0;0;0;0;0;0;0;0;0;0;0;0;0;0;0;0;0;0;0;0;0;0;2;1;0;1;0;1;1;2016-03-05 13:30:00;4366;0;29;0;13;0;-1;1;-1;-1;-1;-1;-1;-1;2;1;1;1;3;2;-1;0;0;0;0;0;0;0;0;0;0;0;0;0;1;1;0;0;-1;-1;0;0;-1;-1;-1;-1;-1;-1;-1;-1;-1;0;25;25;54;100;13;42;100;38;0;0;6.33;2.04;Villa Española;Progreso;2.3;1.55;2.33;1;2;0.71;100;75;75;46;0;0;0;0;0;0;0;860;20;Y;Y;N;N;N;N;N
242068;4379;4380;2015/2016;complete;1528;1;-1;20;43,88;1;2;3;-1;-1;-1;-1;-1;2;1;0;0;-1;-1;-1;-1;-1;-1;-1;-1;-1;-1;2;1;0;0;0;0;0;0;0;0;0;0;0;0;0;0;0;0;0;0;0;0;0;0;0;0;0;0;0;0;0;0;0;0;0;0;0;0;0;0;0;0;0;0;0;0;0;0;0;0;0;0;0;0;0;0;0;0;0;0;0;0;0;0;0;0;0;0;0;0;3;1;1;0;1;1;2;2016-03-05 19:30:00;4380;0;54;17;42;0;-1;1;-1;-1;-1;-1;-1;-1;1;1;1;0;2;1;-1;0;0;0;0;0;0;0;0;0;0;0;0;0;1;1;0;0;-1;-1;1;0;-1;-1;-1;-1;-1;-1;-1;-1;-1;29;42;67;67;100;29;54;100;67;0;0;6.83;3.04;Torque;Huracán;2.09;1.5;1.75;2;1;1;71;59;34;34;0;0;0;0;0;0;0;860;20;Y;Y;Y;N;N;N;Y
242069;4377;4370;2015/2016;complete;1528;1;-1;50,66,77;6,70;3;2;5;-1;-1;-1;-1;-1;4;4;0;0;-1;-1;-1;-1;-1;-1;-1;-1;-1;-1;4;4;0;0;0;0;0;0;0;0;0;0;0;0;0;0;0;0;0;0;0;0;0;0;0;0;0;0;0;0;0;0;0;0;0;0;0;0;0;0;0;0;0;0;0;0;0;0;0;0;0;0;0;0;0;0;0;0;0;0;0;0;0;0;0;0;0;0;0;0;5;0;1;3;1;4;1;2016-03-05 19:30:00;4377;0;17;0;17;0;-1;1;-1;-1;-1;-1;-1;-1;2;1;2;3;3;5;-1;0;0;0;0;0;0;0;0;0;0;0;0;0;1;1;0;1;-1;-1;0;0;-1;-1;-1;-1;-1;-1;-1;-1;-1;0;0;33;67;100;17;50;100;17;0;0;4.67;2;Central Español;Tacuarembó;1.3;0.3;0;1;0.5;0.67;100;100;67;34;0;0;0;0;0;0;0;860;20;Y;Y;Y;Y;Y;N;Y
242070;4374;4373;2015/2016;complete;1528;1;-1;;63,69;0;2;2;-1;-1;-1;-1;-1;1;0;0;0;-1;-1;-1;-1;-1;-1;-1;-1;-1;-1;1;0;0;0;0;0;0;0;0;0;0;0;0;0;0;0;0;0;0;0;0;0;0;0;0;0;0;0;0;0;0;0;0;0;0;0;0;0;0;0;0;0;0;0;0;0;0;0;0;0;0;0;0;0;0;0;0;0;0;0;0;0;0;0;0;0;0;0;0;0;2;0;0;0;2;2;0;2016-03-05 19:30:00;4373;0;54;13;42;0;-1;1;-1;-1;-1;-1;-1;-1;1;0;0;0;1;0;-1;0;0;0;0;0;0;0;0;0;0;0;0;0;1;1;0;0;-1;-1;0;0;-1;-1;-1;-1;-1;-1;-1;-1;-1;0;38;54;71;100;29;42;84;54;0;0;9.75;2.63;Canadian;Deportivo Maldonado;0.73;0.9;1;1;1.43;1.5;100;63;46;29;0;0;0;0;0;0;0;860;20;Y;Y;N;N;N;N;N
242071;4363;4372;2015/2016;complete;1528;1;-1;;76;0;1;1;-1;-1;-1;-1;-1;3;4;0;0;-1;-1;-1;-1;-1;-1;-1;-1;-1;-1;3;4;0;0;0;0;0;0;0;0;0;0;0;0;0;0;0;0;0;0;0;0;0;0;0;0;0;0;0;0;0;0;0;0;0;0;0;0;0;0;0;0;0;0;0;0;0;0;0;0;0;0;0;0;0;0;0;0;0;0;0;0;0;0;0;0;0;0;0;0;1;0;0;0;1;1;0;2016-03-05 19:30:00;4372;0;33;17;0;0;-1;1;-1;-1;-1;-1;-1;-1;0;1;3;3;1;6;-1;0;0;0;0;0;0;0;0;0;0;0;0;0;1;1;0;0;-1;-1;0;0;-1;-1;-1;-1;-1;-1;-1;-1;-1;0;17;34;50;100;34;67;84;17;0;0;6;2;Boston River;Miramar Misiones;2.2;1.7;2;2.33;2.14;1.86;100;84;67;50;0;0;0;0;0;0;0;860;21;Y;N;N;N;N;N;N
242072;4381;4371;2015/2016;complete;1528;1;-1;65;;1;0;1;-1;-1;-1;-1;-1;2;2;0;0;-1;-1;-1;-1;-1;-1;-1;-1;-1;-1;2;2;0;0;0;0;0;0;0;0;0;0;0;0;0;0;0;0;0;0;0;0;0;0;0;0;0;0;0;0;0;0;0;0;0;0;0;0;0;0;0;0;0;0;0;0;0;0;0;0;0;0;0;0;0;0;0;0;0;0;0;0;0;0;0;0;0;0;0;0;1;0;0;1;0;1;0;2016-03-05 23:00:00;4381;0;63;33;33;0;-1;1;-1;-1;-1;-1;-1;-1;0;0;2;2;0;4;-1;0;0;0;0;0;0;0;0;0;0;0;0;0;1;1;0;0;-1;-1;0;0;-1;-1;-1;-1;-1;-1;-1;-1;-1;23;33;65;100;100;45;65;100;68;0;0;5.95;3.85;Rocha;Cerro Largo;1.18;1;1.5;1.6;0.86;2;78;68;35;0;0;0;0;0;0;0;0;860;21;Y;N;N;N;N;N;N
242073;4369;4355;2015/2016;complete;1528;1;-1;49,53;45,59,63,85;2;4;6;-1;-1;-1;-1;-1;3;3;0;0;-1;-1;-1;-1;-1;-1;-1;-1;-1;-1;3;3;0;0;0;0;0;0;0;0;0;0;0;0;0;0;0;0;0;0;0;0;0;0;0;0;0;0;0;0;0;0;0;0;0;0;0;0;0;0;0;0;0;0;0;0;0;0;0;0;0;0;0;0;0;0;0;0;0;0;0;0;0;0;0;0;0;0;0;0;6;0;1;2;3;5;1;2016-03-06 19:30:00;4355;0;54;0;37;0;-1;1;-1;-1;-1;-1;-1;-1;2;2;1;1;4;2;-1;0;0;0;0;0;0;0;0;1;0;1;0;0;1;1;0;0;-1;-1;0;0;-1;-1;-1;-1;-1;-1;-1;-1;-1;0;20;74;84;100;17;90;84;67;0;0;6.47;2.77;Atenas;Rampla Juniors;1.2;2.17;1;2.6;0.86;2.22;100;80;27;17;0;0;0;0;0;0;0;860;21;Y;Y;Y;Y;Y;Y;Y
242074;4366;4363;2015/2016;complete;1528;2;-1;42,89;31;2;1;3;-1;-1;-1;-1;-1;3;2;0;0;-1;-1;-1;-1;-1;-1;-1;-1;-1;-1;3;2;0;0;0;0;0;0;0;0;0;0;0;0;0;0;0;0;0;0;0;0;0;0;0;0;0;0;0;0;0;0;0;0;0;0;0;0;0;0;0;0;0;0;0;0;0;0;0;0;0;0;0;0;0;0;0;0;0;0;0;0;0;0;0;0;0;0;0;0;3;1;1;1;0;1;2;2016-03-10 19:30:00;4366;0;50;13;13;0;-1;1;-1;-1;-1;-1;-1;-1;1;0;2;2;1;4;-1;0;0;0;0;0;0;0;0;0;0;0;0;0;1;1;0;0;-1;-1;0;0;-1;-1;-1;-1;-1;-1;-1;-1;-1;0;25;50;75;100;25;63;100;25;0;0;6;2.5;Villa Española;Boston River;2.3;1.73;2.5;2.25;2.14;1.88;100;75;50;25;0;0;0;0;0;0;0;860;20;Y;Y;Y;N;N;N;Y
242075;4373;4372;2015/2016;complete;1528;2;-1;44;42;1;1;2;-1;-1;-1;-1;-1;2;2;1;0;-1;-1;-1;-1;-1;-1;-1;-1;-1;-1;3;2;0;0;0;0;0;0;0;0;0;0;0;0;0;0;0;0;0;0;0;0;0;0;0;0;0;0;0;0;0;0;0;0;0;0;0;0;0;0;0;0;0;0;0;0;0;0;0;0;0;0;0;0;0;0;0;0;0;0;0;0;0;0;0;0;0;0;0;0;2;1;1;0;0;0;2;2016-03-10 19:30:00;-1;0;29;17;17;0;-1;1;-1;-1;-1;-1;-1;-1;0;0;3;2;0;5;-1;0;0;0;0;0;0;0;0;0;0;0;0;0;1;1;0;0;-1;-1;0;0;-1;-1;-1;-1;-1;-1;-1;-1;-1;17;34;34;63;100;17;75;88;34;0;0;5.58;2.46;Deportivo Maldonado;Miramar Misiones;1.4;1.7;2;2.5;1.71;2;84;67;67;38;0;0;0;0;0;0;0;860;20;Y;Y;N;N;N;N;Y
242076;4377;4374;2015/2016;complete;1528;2;-1;36,49;15,78;2;2;4;-1;-1;-1;-1;-1;0;3;1;0;-1;-1;-1;-1;-1;-1;-1;-1;-1;-1;2;3;0;0;0;0;0;0;0;0;0;0;0;0;0;0;0;0;0;0;0;0;0;0;0;0;0;0;0;0;0;0;0;0;0;0;0;0;0;0;0;0;0;0;0;0;0;0;0;0;0;0;0;0;0;0;0;0;0;0;0;0;0;0;0;0;0;0;0;0;4;1;1;1;1;2;2;2016-03-10 19:30:00;-1;0;25;0;25;0;-1;1;-1;-1;-1;-1;-1;-1;0;3;1;0;3;1;-1;0;0;0;0;0;0;0;1;0;1;0;0;0;1;1;0;0;-1;-1;0;1;-1;-1;-1;-1;-1;-1;-1;-1;-1;13;13;25;42;100;0;29;84;42;0;0;5.83;1.92;Central Español;Canadian;1.3;1.4;0.75;2;0.86;1.25;88;88;75;59;0;0;0;0;0;0;0;860;20;Y;Y;Y;Y;N;N;Y
242077;4355;4370;2015/2016;complete;1528;2;-1;28,87;32;2;1;3;-1;-1;-1;-1;-1;4;2;0;1;-1;-1;-1;-1;-1;-1;-1;-1;-1;-1;4;3;0;0;0;0;0;0;0;0;0;0;0;0;0;0;0;0;0;0;0;0;0;0;0;0;0;0;0;0;0;0;0;0;0;0;0;0;0;0;0;0;0;0;0;0;0;0;0;0;0;0;0;0;0;0;0;0;0;0;0;0;0;0;0;0;0;0;0;0;3;1;1;1;0;1;2;2016-03-10 19:30:00;4355;0;50;25;25;0;-1;1;-1;-1;-1;-1;-1;-1;0;3;4;0;3;4;-1;0;0;0;0;0;0;0;0;0;0;0;0;0;1;1;0;0;-1;-1;0;0;-1;-1;-1;-1;-1;-1;-1;-1;-1;38;50;63;88;100;50;100;88;38;0;0;6.25;3.88;Rampla Juniors;Tacuarembó;2.27;0.3;1.75;0.75;2.3;0.57;63;50;38;13;0;0;0;0;0;0;0;860;20;Y;Y;Y;N;N;N;Y
242078;4380;4369;2015/2016;complete;1528;2;-1;4;;1;0;1;-1;-1;-1;-1;-1;2;2;0;0;-1;-1;-1;-1;-1;-1;-1;-1;-1;-1;2;2;0;0;0;0;0;0;0;0;0;0;0;0;0;0;0;0;0;0;0;0;0;0;0;0;0;0;0;0;0;0;0;0;0;0;0;0;0;0;0;0;0;0;0;0;0;0;0;0;0;0;0;0;0;0;0;0;0;0;0;0;0;0;0;0;0;0;0;0;1;1;0;0;0;0;1;2016-03-11 19:30:00;4380;0;42;13;42;0;-1;1;-1;-1;-1;-1;-1;-1;1;1;1;1;2;2;-1;0;0;0;0;0;0;0;0;0;0;0;0;0;1;1;1;0;-1;-1;0;0;-1;-1;-1;-1;-1;-1;-1;-1;-1;25;25;54;71;100;25;59;100;54;0;0;6.08;3;Huracán;Atenas;0.4;1.45;0;0.75;1.29;0.75;75;75;46;29;0;0;0;0;0;0;0;860;20;Y;N;N;N;N;N;N
242079;4381;4379;2015/2016;complete;1528;2;-1;42;27;1;1;2;-1;-1;-1;-1;-1;3;1;1;0;-1;-1;-1;-1;-1;-1;-1;-1;-1;-1;4;1;0;0;0;0;0;0;0;0;0;0;0;0;0;0;0;0;0;0;0;0;0;0;0;0;0;0;0;0;0;0;0;0;0;0;0;0;0;0;0;0;0;0;0;0;0;0;0;0;0;0;0;0;0;0;0;0;0;0;0;0;0;0;0;0;0;0;0;0;2;1;1;0;0;0;2;2016-03-11 23:00:00;-1;0;44;27;27;0;-1;1;-1;-1;-1;-1;-1;-1;2;0;2;1;2;3;-1;0;0;0;0;0;0;0;0;0;0;0;0;0;1;1;0;0;-1;-1;0;0;-1;-1;-1;-1;-1;-1;-1;-1;-1;27;44;70;90;100;37;37;100;80;0;0;5.6;3.5;Rocha;Torque;1.18;0.7;1.8;0;1.13;0.88;74;57;30;10;0;0;0;0;0;0;0;860;21;Y;Y;N;N;N;N;Y
242080;4371;4376;2015/2016;complete;1528;2;-1;16,53;;2;0;2;-1;-1;-1;-1;-1;5;4;0;0;-1;-1;-1;-1;-1;-1;-1;-1;-1;-1;5;4;0;0;0;0;0;0;0;0;0;0;0;0;0;0;0;0;0;0;0;0;0;0;0;0;0;0;0;0;0;0;0;0;0;0;0;0;0;0;0;0;0;0;0;0;0;0;0;0;0;0;0;0;0;0;0;0;0;0;0;0;0;0;0;0;0;0;0;0;2;1;0;1;0;1;1;2016-03-12 00:00:00;4371;0;84;29;84;0;-1;1;-1;-1;-1;-1;-1;-1;2;1;3;3;3;6;-1;0;0;0;0;0;0;0;0;0;0;0;0;0;1;1;0;0;-1;-1;1;0;-1;-1;-1;-1;-1;-1;-1;-1;-1;54;67;100;100;100;42;88;100;100;0;0;5.92;4.79;Cerro Largo;Oriental;2.09;1.2;2.5;2;1.8;2.14;46;34;0;0;0;0;0;0;0;0;0;860;21;Y;Y;N;N;N;N;N
242081;4372;4355;2015/2016;complete;1528;3;-1;75;63,84;1;2;3;-1;-1;-1;-1;-1;3;4;0;0;-1;-1;-1;-1;-1;-1;-1;-1;-1;-1;3;4;0;0;0;0;0;0;0;0;0;0;0;0;0;0;0;0;0;0;0;0;0;0;0;0;0;0;0;0;0;0;0;0;0;0;0;0;0;0;0;0;0;0;0;0;0;0;0;0;0;0;0;0;0;0;0;0;0;0;0;0;0;0;0;0;0;0;0;0;3;0;0;1;2;3;0;2016-03-19 13:00:00;4355;0;25;0;25;0;-1;1;-1;-1;-1;-1;-1;-1;1;3;2;1;4;3;-1;0;0;0;0;0;0;0;0;0;0;0;0;0;1;1;0;0;-1;-1;1;1;-1;-1;-1;-1;-1;-1;-1;-1;-1;9;25;67;88;100;25;79;88;63;0;0;5.33;2.96;Miramar Misiones;Rampla Juniors;1.36;2.17;1.5;2.67;1.89;2.36;92;75;34;13;0;0;0;0;0;0;0;860;21;Y;Y;Y;N;N;N;Y
242082;4370;4381;2015/2016;complete;1528;3;-1;60;36;1;1;2;-1;-1;-1;-1;-1;1;3;0;1;-1;-1;-1;-1;-1;-1;-1;-1;-1;-1;1;5;0;0;0;0;0;0;0;0;0;0;0;0;0;0;0;0;0;0;0;0;0;0;0;0;0;0;0;0;0;0;0;0;0;0;0;0;0;0;0;0;0;0;0;0;0;0;0;0;0;0;0;0;0;0;0;0;0;0;0;0;0;0;0;0;0;0;0;0;2;0;1;1;0;1;1;2016-03-19 19:00:00;-1;0;50;0;17;0;-1;1;-1;-1;-1;-1;-1;-1;0;1;1;3;1;4;-1;0;0;0;0;0;0;0;0;0;0;0;0;0;1;1;0;0;-1;-1;0;0;-1;-1;-1;-1;-1;-1;-1;-1;-1;17;17;50;100;100;34;50;100;67;0;0;4;2.84;Tacuarembó;Rocha;1.8;1;0.33;0;0.5;1.11;84;84;50;0;0;0;0;0;0;0;0;860;20;Y;Y;N;N;N;N;Y
242083;4378;4373;2015/2016;complete;1528;3;-1;78,90;;2;0;2;-1;-1;-1;-1;-1;5;2;0;0;-1;-1;-1;-1;-1;-1;-1;-1;-1;-1;5;2;0;0;0;0;0;0;0;0;0;0;0;0;0;0;0;0;0;0;0;0;0;0;0;0;0;0;0;0;0;0;0;0;0;0;0;0;0;0;0;0;0;0;0;0;0;0;0;0;0;0;0;0;0;0;0;0;0;0;0;0;0;0;0;0;0;0;0;0;2;0;0;2;0;2;0;2016-03-19 19:30:00;4378;0;29;0;13;0;-1;1;-1;-1;-1;-1;-1;-1;3;1;2;1;4;3;-1;0;0;0;0;0;0;0;0;0;0;0;0;0;1;1;0;0;-1;-1;0;0;-1;-1;-1;-1;-1;-1;-1;-1;-1;0;0;46;88;100;13;46;88;59;0;0;6.42;2.34;Progreso;Deportivo Maldonado;1.1;0.9;0.33;1.5;0.63;1.63;100;100;54;13;0;0;0;0;0;0;0;860;20;Y;Y;N;N;N;N;N
242084;4377;4366;2015/2016;complete;1528;3;-1;50;;1;0;1;-1;-1;-1;-1;-1;5;3;0;0;-1;-1;-1;-1;-1;-1;-1;-1;-1;-1;5;3;0;0;0;0;0;0;0;0;0;0;0;0;0;0;0;0;0;0;0;0;0;0;0;0;0;0;0;0;0;0;0;0;0;0;0;0;0;0;0;0;0;0;0;0;0;0;0;0;0;0;0;0;0;0;0;0;0;0;0;0;0;0;0;0;0;0;0;0;1;0;0;1;0;1;0;2016-03-19 19:30:00;4377;0;64;27;30;0;-1;1;-1;-1;-1;-1;-1;-1;0;0;5;3;0;8;-1;0;0;0;0;0;0;0;1;0;1;0;0;0;1;1;0;0;-1;-1;0;0;-1;-1;-1;-1;-1;-1;-1;-1;-1;10;37;47;64;100;27;54;100;30;0;0;6.4;2.57;Central Español;Villa Española;1.3;1.8;0.8;1.67;0.88;2.25;90;64;54;37;0;0;0;0;0;0;0;860;20;Y;N;N;N;N;N;N
242085;4380;4374;2015/2016;complete;1528;3;-1;;57;0;1;1;-1;-1;-1;-1;-1;4;6;1;0;-1;-1;-1;-1;-1;-1;-1;-1;-1;-1;5;6;0;0;0;0;0;0;0;0;0;0;0;0;0;0;0;0;0;0;0;0;0;0;0;0;0;0;0;0;0;0;0;0;0;0;0;0;0;0;0;0;0;0;0;0;0;0;0;0;0;0;0;0;0;0;0;0;0;0;0;0;0;0;0;0;0;0;0;0;1;0;0;0;1;1;0;2016-03-19 19:30:00;4374;0;25;13;25;0;-1;1;-1;-1;-1;-1;-1;-1;3;2;2;4;5;6;-1;0;0;0;0;0;0;0;0;0;0;0;0;0;1;1;0;0;-1;-1;0;1;-1;-1;-1;-1;-1;-1;-1;-1;-1;0;13;25;50;100;13;63;75;38;0;0;6.25;1.88;Huracán;Canadian;0.4;1.4;0.75;1.75;1.5;1.22;100;88;75;50;0;0;0;0;0;0;0;860;20;Y;N;N;N;N;N;N
242086;4379;4371;2015/2016;complete;1528;3;-1;8,27,38,48;84,90;4;2;6;-1;-1;-1;-1;-1;4;3;0;1;-1;-1;-1;-1;-1;-1;-1;-1;-1;-1;4;5;0;0;0;0;0;0;0;0;0;0;0;0;0;0;0;0;0;0;0;0;0;0;0;0;0;0;0;0;0;0;0;0;0;0;0;0;0;0;0;0;0;0;0;0;0;0;0;0;0;0;0;0;0;0;0;0;0;0;0;0;0;0;0;0;0;0;0;0;6;3;0;1;2;3;3;2016-03-19 19:30:00;4379;0;82;27;37;0;-1;1;-1;-1;-1;-1;-1;-1;2;1;2;3;3;5;-1;0;0;0;0;0;0;0;1;0;1;0;0;0;1;1;1;0;-1;-1;0;1;-1;-1;-1;-1;-1;-1;-1;-1;-1;19;37;84;92;100;37;74;100;65;0;0;7;3.64;Torque;Cerro Largo;2.09;1;1.4;1.33;0.89;1.91;82;64;17;9;0;0;0;0;0;0;0;860;21;Y;Y;Y;Y;Y;Y;Y
242087;4376;4369;2015/2016;complete;1528;3;-1;23;53;1;1;2;-1;-1;-1;-1;-1;3;3;0;0;-1;-1;-1;-1;-1;-1;-1;-1;-1;-1;3;3;0;0;0;0;0;0;0;0;0;0;0;0;0;0;0;0;0;0;0;0;0;0;0;0;0;0;0;0;0;0;0;0;0;0;0;0;0;0;0;0;0;0;0;0;0;0;0;0;0;0;0;0;0;0;0;0;0;0;0;0;0;0;0;0;0;0;0;0;2;1;0;0;1;1;1;2016-03-20 19:30:00;-1;0;45;23;33;0;-1;1;-1;-1;-1;-1;-1;-1;2;1;1;2;3;3;-1;0;0;0;0;0;0;0;0;0;0;0;0;0;1;1;0;0;-1;-1;1;0;-1;-1;-1;-1;-1;-1;-1;-1;-1;20;33;68;68;100;33;43;90;55;0;0;3.85;3.08;Oriental;Atenas;1.55;1.45;2.25;0.6;1.88;0.67;80;68;33;33;0;0;0;0;0;0;0;860;21;Y;Y;N;N;N;N;Y
242088;4373;4379;2015/2016;complete;1528;4;-1;1;;1;0;1;-1;-1;-1;-1;-1;6;3;0;0;-1;-1;-1;-1;-1;-1;-1;-1;-1;-1;6;3;0;0;0;0;0;0;0;0;0;0;0;0;0;0;0;0;0;0;0;0;0;0;0;0;0;0;0;0;0;0;0;0;0;0;0;0;0;0;0;0;0;0;0;0;0;0;0;0;0;0;0;0;0;0;0;0;0;0;0;0;0;0;0;0;0;0;0;0;1;1;0;0;0;0;1;2016-03-25 19:00:00;4373;0;63;50;25;0;-1;1;-1;-1;-1;-1;-1;-1;4;3;2;0;7;2;-1;0;0;0;0;0;0;0;0;0;0;0;0;0;1;1;1;0;-1;-1;1;0;-1;-1;-1;-1;-1;-1;-1;-1;-1;25;50;63;100;100;50;75;75;63;0;0;5;3.38;Deportivo Maldonado;Torque;1.4;0.7;1.75;0.25;1.44;1.1;75;50;38;0;0;0;0;0;0;0;0;860;20;Y;N;N;N;N;N;N
242089;4378;4370;2015/2016;complete;1528;4;-1;11,36,47,50;43,64;4;2;6;-1;-1;-1;-1;-1;2;4;0;0;-1;-1;-1;-1;-1;-1;-1;-1;-1;-1;2;4;0;0;0;0;0;0;0;0;0;0;0;0;0;0;0;0;0;0;0;0;0;0;0;0;0;0;0;0;0;0;0;0;0;0;0;0;0;0;0;0;0;0;0;0;0;0;0;0;0;0;0;0;0;0;0;0;0;0;0;0;0;0;0;0;0;0;0;0;6;2;1;2;1;3;3;2016-03-26 19:00:00;4378;0;33;10;10;0;-1;1;-1;-1;-1;-1;-1;-1;1;1;1;3;2;4;-1;0;0;0;0;0;0;0;0;0;0;0;0;0;1;1;0;0;-1;-1;0;0;-1;-1;-1;-1;-1;-1;-1;-1;-1;10;10;55;100;100;20;75;100;48;0;0;6.25;2.75;Progreso;Tacuarembó;1.1;0.3;1;0.6;0.89;0.56;90;90;45;0;0;0;0;0;0;0;0;860;20;Y;Y;Y;Y;Y;Y;Y
242090;4376;4355;2015/2016;complete;1528;4;-1;;61;0;1;1;-1;-1;-1;-1;-1;4;5;0;0;-1;-1;-1;-1;-1;-1;-1;-1;-1;-1;4;5;0;0;0;0;0;0;0;0;0;0;0;0;0;0;0;0;0;0;0;0;0;0;0;0;0;0;0;0;0;0;0;0;0;0;0;0;0;0;0;0;0;0;0;0;0;0;0;0;0;0;0;0;0;0;0;0;0;0;0;0;0;0;0;0;0;0;0;0;1;0;0;0;1;1;0;2016-03-26 19:00:00;4355;0;59;10;39;0;-1;1;-1;-1;-1;-1;-1;-1;3;1;1;4;4;5;-1;0;0;0;0;0;0;0;0;0;0;0;0;0;1;1;0;0;-1;-1;0;0;-1;-1;-1;-1;-1;-1;-1;-1;-1;7;32;73;90;100;10;56;100;70;0;0;4.6;3.09;Oriental;Rampla Juniors;1.55;2.17;2;2.71;1.78;2.42;93;69;27;10;0;0;0;0;0;0;0;860;21;Y;N;N;N;N;N;N
242091;4381;4380;2015/2016;complete;1528;4;-1;28;51,55;1;2;3;-1;-1;-1;-1;-1;2;7;1;0;-1;-1;-1;-1;-1;-1;-1;-1;-1;-1;3;7;0;0;0;0;0;0;0;0;0;0;0;0;0;0;0;0;0;0;0;0;0;0;0;0;0;0;0;0;0;0;0;0;0;0;0;0;0;0;0;0;0;0;0;0;0;0;0;0;0;0;0;0;0;0;0;0;0;0;0;0;0;0;0;0;0;0;0;0;3;1;0;0;2;2;1;2016-03-26 23:00:00;4380;0;42;42;21;0;-1;1;-1;-1;-1;-1;-1;-1;0;1;3;6;1;9;-1;0;0;0;0;0;0;0;1;0;1;0;0;0;1;1;0;0;-1;-1;0;0;-1;-1;-1;-1;-1;-1;-1;-1;-1;21;21;42;67;100;50;50;92;38;0;0;4.83;2.67;Rocha;Huracán;1.18;1.5;1.67;2.25;1.1;1.33;79;79;59;34;0;0;0;0;0;0;0;860;20;Y;Y;Y;N;N;N;Y
242092;4374;4366;2015/2016;complete;1528;4;-1;90;33,65,83;1;3;4;-1;-1;-1;-1;-1;5;0;1;0;-1;-1;-1;-1;-1;-1;-1;-1;-1;-1;6;0;0;0;0;0;0;0;0;0;0;0;0;0;0;0;0;0;0;0;0;0;0;0;0;0;0;0;0;0;0;0;0;0;0;0;0;0;0;0;0;0;0;0;0;0;0;0;0;0;0;0;0;0;0;0;0;0;0;0;0;0;0;0;0;0;0;0;0;0;4;0;1;1;2;3;1;2016-03-27 19:00:00;4366;0;55;23;20;0;-1;1;-1;-1;-1;-1;-1;-1;1;0;5;0;1;5;-1;0;0;0;0;0;0;0;0;1;0;1;0;0;1;1;0;0;-1;-1;0;0;-1;-1;-1;-1;-1;-1;-1;-1;-1;0;43;43;65;100;23;45;100;40;0;0;7.75;2.5;Canadian;Villa Española;0.73;1.8;0.8;1.25;1.4;2;100;58;58;35;0;0;0;0;0;0;0;860;20;Y;Y;Y;Y;N;N;Y
242093;4369;4363;2015/2016;complete;1528;4;-1;90;15;1;1;2;-1;-1;-1;-1;-1;0;4;0;0;-1;-1;-1;-1;-1;-1;-1;-1;-1;-1;0;4;0;0;0;0;0;0;0;0;0;0;0;0;0;0;0;0;0;0;0;0;0;0;0;0;0;0;0;0;0;0;0;0;0;0;0;0;0;0;0;0;0;0;0;0;0;0;0;0;0;0;0;0;0;0;0;0;0;0;0;0;0;0;0;0;0;0;0;0;2;0;1;1;0;1;1;2016-03-27 19:00:00;-1;0;78;20;35;0;-1;1;-1;-1;-1;-1;-1;-1;0;2;0;2;2;2;-1;0;0;0;0;0;0;0;0;1;0;1;0;0;1;1;0;0;-1;-1;0;1;-1;-1;-1;-1;-1;-1;-1;-1;-1;13;33;88;88;100;43;90;88;45;0;0;6.1;3.33;Atenas;Boston River;1.2;1.73;0.75;1.8;0.7;1.67;88;68;13;13;0;0;0;0;0;0;0;860;21;Y;Y;N;N;N;N;Y
242094;4371;4377;2015/2016;complete;1528;4;-1;;90;0;1;1;-1;-1;-1;-1;-1;2;4;0;1;-1;-1;-1;-1;-1;-1;-1;-1;-1;-1;2;6;0;0;0;0;0;0;0;0;0;0;0;0;0;0;0;0;0;0;0;0;0;0;0;0;0;0;0;0;0;0;0;0;0;0;0;0;0;0;0;0;0;0;0;0;0;0;0;0;0;0;0;0;0;0;0;0;0;0;0;0;0;0;0;0;0;0;0;0;1;0;0;0;1;1;0;2016-03-27 19:00:00;4377;0;57;10;57;0;-1;1;-1;-1;-1;-1;-1;-1;0;1;2;4;1;6;-1;0;0;0;0;0;0;0;0;0;0;0;0;0;1;1;0;0;-1;-1;0;0;-1;-1;-1;-1;-1;-1;-1;-1;-1;47;57;57;84;100;37;57;100;74;0;0;5.8;3.64;Cerro Largo;Central Español;2.09;0.7;2.6;1;1.75;1.11;54;44;44;17;0;0;0;0;0;0;0;860;20;Y;N;N;N;N;N;N
242095;4371;4370;2015/2016;complete;1528;5;-1;24,29;;2;0;2;-1;-1;-1;-1;-1;1;4;2;2;-1;-1;-1;-1;-1;-1;-1;-1;-1;-1;5;8;0;0;0;0;0;0;0;0;0;0;0;0;0;0;0;0;0;0;0;0;0;0;0;0;0;0;0;0;0;0;0;0;0;0;0;0;0;0;0;0;0;0;0;0;0;0;0;0;0;0;0;0;0;0;0;0;0;0;0;0;0;0;0;0;0;0;0;0;2;2;0;0;0;0;2;2016-04-01 23:00:00;4371;0;59;25;50;0;-1;1;-1;-1;-1;-1;-1;-1;0;2;3;4;2;7;-1;0;0;0;0;0;0;0;0;0;0;0;0;0;1;1;0;0;-1;-1;0;0;-1;-1;-1;-1;-1;-1;-1;-1;-1;42;50;67;92;100;42;84;100;50;0;0;5.84;3.75;Cerro Largo;Tacuarembó;2.09;0.3;2.17;0.5;1.62;0.5;59;50;33;9;0;0;0;0;0;0;0;860;20;Y;Y;N;N;N;N;N
242096;4355;4378;2015/2016;complete;1528;5;-1;;35;0;1;1;-1;-1;-1;-1;-1;2;2;0;0;-1;-1;-1;-1;-1;-1;-1;-1;-1;-1;2;2;0;0;0;0;0;0;0;0;0;0;0;0;0;0;0;0;0;0;0;0;0;0;0;0;0;0;0;0;0;0;0;0;0;0;0;0;0;0;0;0;0;0;0;0;0;0;0;0;0;0;0;0;0;0;0;0;0;0;0;0;0;0;0;0;0;0;0;0;1;0;1;0;0;0;1;2016-04-02 13:15:00;4378;0;50;30;20;0;-1;1;-1;-1;-1;-1;-1;-1;1;1;1;1;2;2;-1;0;0;0;0;0;0;0;0;0;0;0;0;0;1;1;0;0;-1;-1;0;0;-1;-1;-1;-1;-1;-1;-1;-1;-1;20;50;60;80;100;50;80;90;50;0;0;6.2;3.5;Rampla Juniors;Progreso;2.27;1.55;2;0.8;2.46;1.1;80;50;40;20;0;0;0;0;0;0;0;860;21;Y;N;N;N;N;N;N
242097;4363;4377;2015/2016;complete;1528;5;-1;84;;1;0;1;-1;-1;-1;-1;-1;3;3;0;0;-1;-1;-1;-1;-1;-1;-1;-1;-1;-1;3;3;0;0;0;0;0;0;0;0;0;0;0;0;0;0;0;0;0;0;0;0;0;0;0;0;0;0;0;0;0;0;0;0;0;0;0;0;0;0;0;0;0;0;0;0;0;0;0;0;0;0;0;0;0;0;0;0;0;0;0;0;0;0;0;0;0;0;0;0;1;0;0;1;0;1;0;2016-04-02 19:00:00;4363;0;25;13;13;0;-1;1;-1;-1;-1;-1;-1;-1;0;0;3;3;0;6;-1;0;0;0;0;0;0;0;0;0;0;0;0;0;1;1;0;0;-1;-1;0;0;-1;-1;-1;-1;-1;-1;-1;-1;-1;13;25;38;50;100;38;38;100;38;0;0;6.75;2.25;Boston River;Central Español;2.2;0.7;1.5;1.5;1.6;1.3;88;75;63;50;0;0;0;0;0;0;0;860;20;Y;N;N;N;N;N;N
242098;4366;4380;2015/2016;complete;1528;5;-1;26;29,70;1;2;3;-1;-1;-1;-1;-1;2;2;0;0;-1;-1;-1;-1;-1;-1;-1;-1;-1;-1;2;2;0;0;0;0;0;0;0;0;0;0;0;0;0;0;0;0;0;0;0;0;0;0;0;0;0;0;0;0;0;0;0;0;0;0;0;0;0;0;0;0;0;0;0;0;0;0;0;0;0;0;0;0;0;0;0;0;0;0;0;0;0;0;0;0;0;0;0;0;3;1;1;0;1;1;2;2016-04-02 19:00:00;4380;0;50;30;10;0;-1;1;-1;-1;-1;-1;-1;-1;0;0;2;2;0;4;-1;0;0;0;0;0;0;0;0;0;0;0;0;0;1;1;0;0;-1;-1;0;0;-1;-1;-1;-1;-1;-1;-1;-1;-1;10;10;40;60;100;30;60;100;20;0;0;6.2;2.2;Villa Española;Huracán;2.3;1.5;2.6;2.4;2.1;1.5;90;90;60;40;0;0;0;0;0;0;0;860;20;Y;Y;Y;N;N;N;Y
242099;4372;4381;2015/2016;complete;1528;5;-1;40;31;1;1;2;-1;-1;-1;-1;-1;3;2;1;1;-1;-1;-1;-1;-1;-1;-1;-1;-1;-1;5;4;0;0;0;0;0;0;0;0;0;0;0;0;0;0;0;0;0;0;0;0;0;0;0;0;0;0;0;0;0;0;0;0;0;0;0;0;0;0;0;0;0;0;0;0;0;0;0;0;0;0;0;0;0;0;0;0;0;0;0;0;0;0;0;0;0;0;0;0;2;1;1;0;0;0;2;2016-04-02 19:00:00;-1;0;48;0;23;0;-1;1;-1;-1;-1;-1;-1;-1;1;1;3;2;2;5;-1;0;0;0;0;0;0;0;0;0;0;0;0;0;1;1;0;0;-1;-1;0;0;-1;-1;-1;-1;-1;-1;-1;-1;-1;13;13;68;90;100;45;68;90;45;0;0;6.1;2.83;Miramar Misiones;Rocha;1.36;1;1.2;0.25;1.7;1;88;88;33;10;0;0;0;0;0;0;0;860;21;Y;Y;N;N;N;N;Y
242100;4374;4376;2015/2016;complete;1528;5;-1;;34;0;1;1;-1;-1;-1;-1;-1;4;3;0;0;-1;-1;-1;-1;-1;-1;-1;-1;-1;-1;4;3;0;0;0;0;0;0;0;0;0;0;0;0;0;0;0;0;0;0;0;0;0;0;0;0;0;0;0;0;0;0;0;0;0;0;0;0;0;0;0;0;0;0;0;0;0;0;0;0;0;0;0;0;0;0;0;0;0;0;0;0;0;0;0;0;0;0;0;0;1;0;1;0;0;0;1;2016-04-02 19:00:00;4376;0;59;21;50;0;-1;1;-1;-1;-1;-1;-1;-1;1;2;3;1;3;4;-1;0;0;0;0;0;0;0;0;1;0;1;0;0;1;1;0;0;-1;-1;0;0;-1;-1;-1;-1;-1;-1;-1;-1;-1;13;46;71;92;100;21;75;100;79;0;0;8.08;3.46;Canadian;Oriental;0.73;1.2;0.67;1.5;1.27;1.6;88;54;29;9;0;0;0;0;0;0;0;860;21;Y;N;N;N;N;N;N
242101;4369;4379;2015/2016;complete;1528;5;-1;8,31;9,18;2;2;4;-1;-1;-1;-1;-1;3;4;1;1;-1;-1;-1;-1;-1;-1;-1;-1;-1;-1;5;6;0;0;0;0;0;0;0;0;0;0;0;0;0;0;0;0;0;0;0;0;0;0;0;0;0;0;0;0;0;0;0;0;0;0;0;0;0;0;0;0;0;0;0;0;0;0;0;0;0;0;0;0;0;0;0;0;0;0;0;0;0;0;0;0;0;0;0;0;4;2;2;0;0;0;4;2016-04-03 19:00:00;-1;0;70;20;30;0;-1;1;-1;-1;-1;-1;-1;-1;0;1;4;4;1;8;-1;0;0;0;0;0;0;0;0;0;0;0;0;0;1;1;1;1;-1;-1;0;1;-1;-1;-1;-1;-1;-1;-1;-1;-1;20;30;60;80;100;30;80;70;50;0;0;5.4;3;Atenas;Torque;1.2;0.7;0.8;0.2;0.73;1;80;70;40;20;0;0;0;0;0;0;0;860;21;Y;Y;Y;Y;N;N;Y
242102;4372;4371;2015/2016;complete;1528;6;-1;;;0;0;0;-1;-1;-1;-1;-1;2;3;0;1;-1;-1;-1;-1;-1;-1;-1;-1;-1;-1;2;4;0;0;0;0;0;0;0;0;0;0;0;0;0;0;0;0;0;0;0;0;0;0;0;0;0;0;0;0;0;0;0;0;0;0;0;0;0;0;0;0;0;0;0;0;0;0;0;0;0;0;0;0;0;0;0;0;0;0;0;0;0;0;0;0;0;0;0;0;0;0;0;0;0;0;0;2016-04-09 13:15:00;-1;0;60;23;30;0;-1;1;-1;-1;-1;-1;-1;-1;1;1;1;3;2;4;-1;0;0;0;0;0;0;0;0;0;0;0;0;0;1;1;0;0;-1;-1;0;0;-1;-1;-1;-1;-1;-1;-1;-1;-1;15;22;61;85;100;47;69;84;45;0;0;6.29;3.17;Miramar Misiones;Cerro Largo;1.36;1;1.17;1.14;1.64;1.71;86;79;40;16;0;0;0;0;0;0;0;860;21;N;N;N;N;N;N;N
242103;4355;4373;2015/2016;complete;1528;6;-1;29,53,85;22,90;3;2;5;-1;-1;-1;-1;-1;2;3;1;1;-1;-1;-1;-1;-1;-1;-1;-1;-1;-1;4;5;0;0;0;0;0;0;0;0;0;0;0;0;0;0;0;0;0;0;0;0;0;0;0;0;0;0;0;0;0;0;0;0;0;0;0;0;0;0;0;0;0;0;0;0;0;0;0;0;0;0;0;0;0;0;0;0;0;0;0;0;0;0;0;0;0;0;0;0;5;1;1;2;1;3;2;2016-04-09 19:00:00;4355;0;44;25;19;0;-1;1;-1;-1;-1;-1;-1;-1;2;1;1;3;3;4;-1;0;0;0;0;0;0;0;1;0;1;0;0;0;1;1;0;0;-1;-1;1;0;-1;-1;-1;-1;-1;-1;-1;-1;-1;17;25;44;74;100;44;60;74;47;0;0;6.57;2.92;Rampla Juniors;Deportivo Maldonado;2.27;0.9;1.67;1.2;2.29;1.6;84;75;57;27;0;0;0;0;0;0;0;860;20;Y;Y;Y;Y;Y;N;Y
242104;4378;4381;2015/2016;complete;1528;6;-1;;;0;0;0;-1;-1;-1;-1;-1;3;1;0;0;-1;-1;-1;-1;-1;-1;-1;-1;-1;-1;3;1;0;0;0;0;0;0;0;0;0;0;0;0;0;0;0;0;0;0;0;0;0;0;0;0;0;0;0;0;0;0;0;0;0;0;0;0;0;0;0;0;0;0;0;0;0;0;0;0;0;0;0;0;0;0;0;0;0;0;0;0;0;0;0;0;0;0;0;0;0;0;0;0;0;0;0;2016-04-09 19:00:00;-1;0;60;20;20;0;-1;1;-1;-1;-1;-1;-1;-1;2;0;1;1;2;2;-1;0;0;0;0;0;0;0;0;0;0;0;0;0;1;1;0;0;-1;-1;1;0;-1;-1;-1;-1;-1;-1;-1;-1;-1;20;20;60;100;100;40;70;90;60;0;0;6.6;3.1;Progreso;Rocha;1.1;1;1.4;0.4;1.27;1;80;80;40;0;0;0;0;0;0;0;0;860;21;N;N;N;N;N;N;N
242105;4379;4374;2015/2016;complete;1528;6;-1;28,36;54;2;1;3;-1;-1;-1;-1;-1;0;2;0;0;-1;-1;-1;-1;-1;-1;-1;-1;-1;-1;0;2;0;0;0;0;0;0;0;0;0;0;0;0;0;0;0;0;0;0;0;0;0;0;0;0;0;0;0;0;0;0;0;0;0;0;0;0;0;0;0;0;0;0;0;0;0;0;0;0;0;0;0;0;0;0;0;0;0;0;0;0;0;0;0;0;0;0;0;0;3;2;0;0;1;1;2;2016-04-09 19:00:00;4379;0;52;19;35;0;-1;1;-1;-1;-1;-1;-1;-1;0;1;0;1;1;1;-1;0;0;0;0;0;0;0;0;0;0;0;0;0;1;1;0;0;-1;-1;0;0;-1;-1;-1;-1;-1;-1;-1;-1;-1;17;35;60;70;100;35;62;90;62;0;0;7.8;2.9;Torque;Canadian;2.09;1.4;1.67;2;1;1.17;84;65;40;30;0;0;0;0;0;0;0;860;21;Y;Y;Y;N;N;N;Y
242106;4370;4369;2015/2016;complete;1528;6;-1;90;;1;0;1;-1;-1;-1;-1;-1;2;4;1;1;-1;-1;-1;-1;-1;-1;-1;-1;-1;-1;4;6;0;0;0;0;0;0;0;0;0;0;0;0;0;0;0;0;0;0;0;0;0;0;0;0;0;0;0;0;0;0;0;0;0;0;0;0;0;0;0;0;0;0;0;0;0;0;0;0;0;0;0;0;0;0;0;0;0;0;0;0;0;0;0;0;0;0;0;0;1;0;0;1;0;1;0;2016-04-09 19:00:00;4370;0;50;9;17;0;-1;1;-1;-1;-1;-1;-1;-1;0;1;3;4;1;7;-1;0;0;0;0;0;0;0;0;0;0;0;0;0;1;1;0;0;-1;-1;0;0;-1;-1;-1;-1;-1;-1;-1;-1;-1;17;17;25;84;100;17;59;92;50;0;0;3.67;2.59;Tacuarembó;Atenas;1.8;1.45;0.5;0.67;0.45;0.75;84;84;75;17;0;0;0;0;0;0;0;860;20;Y;N;N;N;N;N;N
242107;4380;4363;2015/2016;complete;1528;6;-1;;37,89;0;2;2;-1;-1;-1;-1;-1;3;3;1;0;-1;-1;-1;-1;-1;-1;-1;-1;-1;-1;4;3;0;0;0;0;0;0;0;0;0;0;0;0;0;0;0;0;0;0;0;0;0;0;0;0;0;0;0;0;0;0;0;0;0;0;0;0;0;0;0;0;0;0;0;0;0;0;0;0;0;0;0;0;0;0;0;0;0;0;0;0;0;0;0;0;0;0;0;0;2;0;1;0;1;1;1;2016-04-10 19:00:00;4363;0;52;17;19;0;-1;1;-1;-1;-1;-1;-1;-1;1;1;3;2;2;5;-1;0;0;0;0;0;0;0;0;0;0;0;0;0;1;1;0;0;-1;-1;0;0;-1;-1;-1;-1;-1;-1;-1;-1;-1;0;17;52;70;100;25;72;90;27;0;0;6.23;2.39;Huracán;Boston River;0.4;1.73;0.6;1.67;1.64;1.73;100;84;49;30;0;0;0;0;0;0;0;860;20;Y;Y;N;N;N;N;N
242108;4376;4366;2015/2016;complete;1528;6;-1;26;14,71;1;2;3;-1;-1;-1;-1;-1;2;3;0;0;-1;-1;-1;-1;-1;-1;-1;-1;-1;-1;2;3;0;0;0;0;0;0;0;0;0;0;0;0;0;0;0;0;0;0;0;0;0;0;0;0;0;0;0;0;0;0;0;0;0;0;0;0;0;0;0;0;0;0;0;0;0;0;0;0;0;0;0;0;0;0;0;0;0;0;0;0;0;0;0;0;0;0;0;0;3;1;1;0;1;1;2;2016-04-10 19:00:00;4366;0;55;19;19;0;-1;1;-1;-1;-1;-1;-1;-1;0;2;2;1;2;3;-1;0;0;0;0;0;0;0;0;0;0;0;0;0;1;1;0;0;-1;-1;0;0;-1;-1;-1;-1;-1;-1;-1;-1;-1;0;29;45;64;100;19;47;100;27;0;0;5;2.37;Oriental;Villa Española;1.55;1.8;1.67;1.6;1.73;1.91;100;72;55;37;0;0;0;0;0;0;0;860;20;Y;Y;Y;N;N;N;Y
242109;4377;4376;2015/2016;complete;1528;7;-1;26,31,65;82;3;1;4;-1;-1;-1;-1;-1;4;2;1;0;-1;-1;-1;-1;-1;-1;-1;-1;-1;-1;5;2;0;0;0;0;0;0;0;0;0;0;0;0;0;0;0;0;0;0;0;0;0;0;0;0;0;0;0;0;0;0;0;0;0;0;0;0;0;0;0;0;0;0;0;0;0;0;0;0;0;0;0;0;0;0;0;0;0;0;0;0;0;0;0;0;0;0;0;0;4;2;0;1;1;2;2;2016-04-23 13:15:00;4377;0;45;19;45;0;-1;1;-1;-1;-1;-1;-1;-1;3;0;2;2;3;4;-1;0;0;0;0;0;0;0;0;0;0;0;0;0;1;1;0;0;-1;-1;0;0;-1;-1;-1;-1;-1;-1;-1;-1;-1;19;27;55;65;100;19;67;90;55;0;0;6.43;2.85;Central Español;Oriental;1.3;1.2;1.17;1.8;1.18;1.58;82;74;45;35;0;0;0;0;0;0;0;860;20;Y;Y;Y;Y;N;N;Y
242110;4363;4379;2015/2016;complete;1528;7;-1;38;41;1;1;2;-1;-1;-1;-1;-1;2;4;0;0;-1;-1;-1;-1;-1;-1;-1;-1;-1;-1;2;4;0;0;0;0;0;0;0;0;0;0;0;0;0;0;0;0;0;0;0;0;0;0;0;0;0;0;0;0;0;0;0;0;0;0;0;0;0;0;0;0;0;0;0;0;0;0;0;0;0;0;0;0;0;0;0;0;0;0;0;0;0;0;0;0;0;0;0;0;2;1;1;0;0;0;2;2016-04-23 18:00:00;-1;0;44;35;9;0;-1;1;-1;-1;-1;-1;-1;-1;2;3;0;1;5;1;-1;0;0;0;0;0;0;0;1;0;1;0;0;0;1;1;0;0;-1;-1;0;0;-1;-1;-1;-1;-1;-1;-1;-1;-1;9;35;54;62;100;45;54;75;35;0;0;6.17;2.59;Boston River;Torque;2.2;0.7;1.8;0.33;1.83;1.15;92;65;47;39;0;0;0;0;0;0;0;860;21;Y;Y;N;N;N;N;Y
242111;4369;4378;2015/2016;complete;1528;7;-1;23,65;54,75,80;2;3;5;-1;-1;-1;-1;-1;4;3;1;0;-1;-1;-1;-1;-1;-1;-1;-1;-1;-1;6;3;0;0;0;0;0;0;0;0;0;0;0;0;0;0;0;0;0;0;0;0;0;0;0;0;0;0;0;0;0;0;0;0;0;0;0;0;0;0;0;0;0;0;0;0;0;0;0;0;0;0;0;0;0;0;0;0;0;0;0;0;0;0;0;0;0;0;0;0;5;1;0;1;3;4;1;2016-04-23 18:00:00;4378;0;50;9;25;0;-1;1;-1;-1;-1;-1;-1;-1;2;1;3;2;3;5;-1;0;0;0;0;0;0;0;0;0;0;0;0;0;1;1;0;0;-1;-1;0;0;-1;-1;-1;-1;-1;-1;-1;-1;-1;9;33;50;75;100;25;84;75;42;0;0;5.84;2.75;Atenas;Progreso;1.2;1.55;0.83;1.17;0.69;1.25;92;67;50;25;0;0;0;0;0;0;0;860;21;Y;Y;Y;Y;Y;N;Y
242112;4366;4370;2015/2016;complete;1528;7;-1;2,69,90;6,32;3;2;5;-1;-1;-1;-1;-1;4;4;0;0;-1;-1;-1;-1;-1;-1;-1;-1;-1;-1;4;4;0;0;0;0;0;0;0;0;0;0;0;0;0;0;0;0;0;0;0;0;0;0;0;0;0;0;0;0;0;0;0;0;0;0;0;0;0;0;0;0;0;0;0;0;0;0;0;0;0;0;0;0;0;0;0;0;0;0;0;0;0;0;0;0;0;0;0;0;5;1;2;2;0;2;3;2016-04-23 18:00:00;4366;0;47;31;15;0;-1;1;-1;-1;-1;-1;-1;-1;1;2;3;2;3;5;-1;0;0;0;0;0;0;0;0;0;0;0;0;0;1;1;1;1;-1;-1;0;1;-1;-1;-1;-1;-1;-1;-1;-1;-1;15;15;45;84;100;45;84;93;15;0;0;6.86;2.65;Villa Española;Tacuarembó;2.3;0.3;2.17;0.43;2;0.67;86;86;55;17;0;0;0;0;0;0;0;860;20;Y;Y;Y;Y;Y;N;Y
242113;4374;4372;2015/2016;complete;1528;7;-1;85,88;45,90;2;2;4;-1;-1;-1;-1;-1;3;3;1;0;-1;-1;-1;-1;-1;-1;-1;-1;-1;-1;5;3;0;0;0;0;0;0;0;0;0;0;0;0;0;0;0;0;0;0;0;0;0;0;0;0;0;0;0;0;0;0;0;0;0;0;0;0;0;0;0;0;0;0;0;0;0;0;0;0;0;0;0;0;0;0;0;0;0;0;0;0;0;0;0;0;0;0;0;0;4;0;1;2;1;3;1;2016-04-23 18:00:00;-1;0;49;17;22;0;-1;1;-1;-1;-1;-1;-1;-1;0;1;4;2;1;6;-1;0;0;0;0;0;0;0;1;0;1;0;0;0;1;1;0;0;-1;-1;0;0;-1;-1;-1;-1;-1;-1;-1;-1;-1;0;29;29;56;100;17;59;73;36;0;0;7.29;2.13;Canadian;Miramar Misiones;0.73;1.7;0.57;2.2;1.08;1.58;100;72;72;45;0;0;0;0;0;0;0;860;21;Y;Y;Y;Y;N;N;Y
242114;4371;4373;2015/2016;complete;1528;7;-1;9,21,76;85;3;1;4;-1;-1;-1;-1;-1;2;4;0;0;-1;-1;-1;-1;-1;-1;-1;-1;-1;-1;2;4;0;0;0;0;0;0;0;0;0;0;0;0;0;0;0;0;0;0;0;0;0;0;0;0;0;0;0;0;0;0;0;0;0;0;0;0;0;0;0;0;0;0;0;0;0;0;0;0;0;0;0;0;0;0;0;0;0;0;0;0;0;0;0;0;0;0;0;0;4;2;0;1;1;2;2;2016-04-24 13:30:00;4371;0;45;16;45;0;-1;1;-1;-1;-1;-1;-1;-1;1;3;1;1;4;2;-1;0;0;0;0;0;0;0;1;1;1;1;0;0;1;1;1;0;-1;-1;0;1;-1;-1;-1;-1;-1;-1;-1;-1;-1;30;37;45;85;100;38;52;85;62;0;0;6.67;3.11;Cerro Largo;Deportivo Maldonado;2.09;0.9;2.29;1;1.67;1.45;70;63;55;16;0;0;0;0;0;0;0;860;20;Y;Y;Y;Y;N;N;Y
242115;4381;4355;2015/2016;complete;1528;7;-1;;13,48;0;2;2;-1;-1;-1;-1;-1;3;4;1;0;-1;-1;-1;-1;-1;-1;-1;-1;-1;-1;5;4;0;0;0;0;0;0;0;0;0;0;0;0;0;0;0;0;0;0;0;0;0;0;0;0;0;0;0;0;0;0;0;0;0;0;0;0;0;0;0;0;0;0;0;0;0;0;0;0;0;0;0;0;0;0;0;0;0;0;0;0;0;0;0;0;0;0;0;0;2;0;1;0;1;1;1;2016-04-24 18:00:00;4355;0;47;15;32;0;-1;1;-1;-1;-1;-1;-1;-1;3;2;1;2;5;3;-1;0;0;0;0;0;0;0;0;0;0;0;0;0;1;1;0;0;-1;-1;1;1;-1;-1;-1;-1;-1;-1;-1;-1;-1;14;26;59;87;100;22;60;93;73;0;0;6.11;3.06;Rocha;Rampla Juniors;1.18;2.17;1.43;2.75;1;2.33;87;75;41;14;0;0;0;0;0;0;0;860;21;Y;Y;N;N;N;N;N
242116;4363;4376;2015/2016;complete;1528;8;-1;18,21,43,68;61;4;1;5;-1;-1;-1;-1;-1;3;3;0;0;-1;-1;-1;-1;-1;-1;-1;-1;-1;-1;3;3;0;0;0;0;0;0;0;0;0;0;0;0;0;0;0;0;0;0;0;0;0;0;0;0;0;0;0;0;0;0;0;0;0;0;0;0;0;0;0;0;0;0;0;0;0;0;0;0;0;0;0;0;0;0;0;0;0;0;0;0;0;0;0;0;0;0;0;0;5;3;0;1;1;2;3;2016-04-27 18:00:00;4363;0;42;25;25;0;-1;1;-1;-1;-1;-1;-1;-1;2;3;1;0;5;1;-1;0;0;0;0;0;0;0;0;0;0;0;0;0;1;1;0;0;-1;-1;0;0;-1;-1;-1;-1;-1;-1;-1;-1;-1;9;25;50;67;100;42;75;83;42;0;0;6.16;2.67;Boston River;Oriental;2.2;1.2;1.67;1.5;1.77;1.46;92;75;50;34;0;0;0;0;0;0;0;860;21;Y;Y;Y;Y;Y;N;Y
242117;4380;4377;2015/2016;complete;1528;8;-1;;;0;0;0;-1;-1;-1;-1;-1;3;3;0;0;-1;-1;-1;-1;-1;-1;-1;-1;-1;-1;3;3;0;0;0;0;0;0;0;0;0;0;0;0;0;0;0;0;0;0;0;0;0;0;0;0;0;0;0;0;0;0;0;0;0;0;0;0;0;0;0;0;0;0;0;0;0;0;0;0;0;0;0;0;0;0;0;0;0;0;0;0;0;0;0;0;0;0;0;0;0;0;0;0;0;0;0;2016-04-28 18:00:00;-1;0;19;0;19;0;-1;1;-1;-1;-1;-1;-1;-1;1;1;2;2;2;4;-1;0;0;0;0;0;0;0;0;0;0;0;0;0;1;1;0;0;-1;-1;0;0;-1;-1;-1;-1;-1;-1;-1;-1;-1;10;10;19;45;100;10;44;92;29;0;0;7.1;1.84;Huracán;Central Español;0.4;0.7;0.5;1.2;1.5;1.33;90;90;82;55;0;0;0;0;0;0;0;860;20;N;N;N;N;N;N;N
242118;4373;4381;2015/2016;complete;1528;8;-1;90;31;1;1;2;-1;-1;-1;-1;-1;3;6;1;3;-1;-1;-1;-1;-1;-1;-1;-1;-1;-1;5;11;0;0;0;0;0;0;0;0;0;0;0;0;0;0;0;0;0;0;0;0;0;0;0;0;0;0;0;0;0;0;0;0;0;0;0;0;0;0;0;0;0;0;0;0;0;0;0;0;0;0;0;0;0;0;0;0;0;0;0;0;0;0;0;0;0;0;0;0;2;0;1;1;0;1;1;2016-04-28 18:00:00;-1;0;54;29;19;0;-1;1;-1;-1;-1;-1;-1;-1;2;4;2;5;6;7;-1;0;0;0;0;0;0;0;0;0;0;0;0;0;1;1;0;0;-1;-1;0;0;-1;-1;-1;-1;-1;-1;-1;-1;-1;19;29;45;82;92;45;84;64;37;0;0;6.37;2.65;Deportivo Maldonado;Rocha;1.4;1;2;0.5;1.33;0.93;82;72;55;19;9;0;0;0;0;0;0;860;20;Y;Y;N;N;N;N;Y
242119;4366;4379;2015/2016;complete;1528;8;-1;80;;1;0;1;-1;-1;-1;-1;-1;2;4;0;0;-1;-1;-1;-1;-1;-1;-1;-1;-1;-1;2;4;0;0;0;0;0;0;0;0;0;0;0;0;0;0;0;0;0;0;0;0;0;0;0;0;0;0;0;0;0;0;0;0;0;0;0;0;0;0;0;0;0;0;0;0;0;0;0;0;0;0;0;0;0;0;0;0;0;0;0;0;0;0;0;0;0;0;0;0;1;0;0;1;0;1;0;2016-04-29 18:00:00;4366;0;64;50;7;0;-1;1;-1;-1;-1;-1;-1;-1;2;2;0;2;4;2;-1;0;0;0;0;0;0;0;0;0;0;0;0;0;1;1;0;0;-1;-1;1;0;-1;-1;-1;-1;-1;-1;-1;-1;-1;14;29;50;79;100;50;71;72;29;0;0;6.43;2.72;Villa Española;Torque;2.3;0.7;2.29;0.43;2.08;1.14;86;72;50;22;0;0;0;0;0;0;0;860;20;Y;N;N;N;N;N;N
242120;4371;4378;2015/2016;complete;1528;8;-1;20,52;90;2;1;3;-1;-1;-1;-1;-1;5;7;0;0;-1;-1;-1;-1;-1;-1;-1;-1;-1;-1;5;7;0;0;0;0;0;0;0;0;0;0;0;0;0;0;0;0;0;0;0;0;0;0;0;0;0;0;0;0;0;0;0;0;0;0;0;0;0;0;0;0;0;0;0;0;0;0;0;0;0;0;0;0;0;0;0;0;0;0;0;0;0;0;0;0;0;0;0;0;3;1;0;1;1;2;1;2016-04-30 18:00:00;4371;0;46;7;46;0;-1;1;-1;-1;-1;-1;-1;-1;2;2;3;5;4;8;-1;0;0;0;0;0;0;0;0;0;0;0;0;0;1;1;0;0;-1;-1;0;0;-1;-1;-1;-1;-1;-1;-1;-1;-1;26;53;53;80;100;32;73;87;60;0;0;5.59;3.23;Cerro Largo;Progreso;2.09;1.55;2.38;1.43;1.75;1.38;75;48;48;21;0;0;0;0;0;0;0;860;21;Y;Y;Y;N;N;N;Y
242121;4369;4372;2015/2016;complete;1528;8;-1;37;47;1;1;2;-1;-1;-1;-1;-1;1;3;0;2;-1;-1;-1;-1;-1;-1;-1;-1;-1;-1;1;7;0;0;0;0;0;0;0;0;0;0;0;0;0;0;0;0;0;0;0;0;0;0;0;0;0;0;0;0;0;0;0;0;0;0;0;0;0;0;0;0;0;0;0;0;0;0;0;0;0;0;0;0;0;0;0;0;0;0;0;0;0;0;0;0;0;0;0;0;2;1;0;0;1;1;1;2016-04-30 18:00:00;-1;0;68;16;30;0;-1;1;-1;-1;-1;-1;-1;-1;0;1;1;4;1;5;-1;0;0;0;0;0;0;0;0;0;0;0;0;0;1;1;0;0;-1;-1;0;0;-1;-1;-1;-1;-1;-1;-1;-1;-1;15;30;44;68;100;23;84;69;30;0;0;6.57;2.63;Atenas;Miramar Misiones;1.2;1.7;0.71;2;0.64;1.54;86;70;56;32;0;0;0;0;0;0;0;860;21;Y;Y;N;N;N;N;Y
242122;4374;4370;2015/2016;complete;1528;8;-1;86,90;;2;0;2;-1;-1;-1;-1;-1;3;2;0;0;-1;-1;-1;-1;-1;-1;-1;-1;-1;-1;3;2;0;0;0;0;0;0;0;0;0;0;0;0;0;0;0;0;0;0;0;0;0;0;0;0;0;0;0;0;0;0;0;0;0;0;0;0;0;0;0;0;0;0;0;0;0;0;0;0;0;0;0;0;0;0;0;0;0;0;0;0;0;0;0;0;0;0;0;0;2;0;0;2;0;2;0;2016-05-03 18:00:00;4374;0;57;26;38;0;-1;1;-1;-1;-1;-1;-1;-1;1;0;2;2;1;4;-1;0;0;0;0;0;0;0;0;0;0;0;0;0;1;1;0;0;-1;-1;0;0;-1;-1;-1;-1;-1;-1;-1;-1;-1;19;51;63;88;100;38;82;88;57;0;0;8.26;3.25;Canadian;Tacuarembó;0.73;0.3;0.63;0.38;1.07;0.62;82;51;38;13;0;0;0;0;0;0;0;860;20;Y;Y;N;N;N;N;N
242123;4355;4374;2015/2016;complete;1528;9;-1;45,65;18;2;1;3;-1;-1;-1;-1;-1;4;3;0;1;-1;-1;-1;-1;-1;-1;-1;-1;-1;-1;4;5;0;0;0;0;0;0;0;0;0;0;0;0;0;0;0;0;0;0;0;0;0;0;0;0;0;0;0;0;0;0;0;0;0;0;0;0;0;0;0;0;0;0;0;0;0;0;0;0;0;0;0;0;0;0;0;0;0;0;0;0;0;0;0;0;0;0;0;0;3;1;1;1;0;1;2;2016-05-07 13:15:00;4355;0;52;37;23;0;-1;1;-1;-1;-1;-1;-1;-1;1;2;3;2;3;5;-1;0;0;0;0;0;0;0;0;0;0;0;0;0;1;1;0;0;-1;-1;0;0;-1;-1;-1;-1;-1;-1;-1;-1;-1;22;37;52;61;100;52;75;77;38;0;0;6.79;3;Rampla Juniors;Canadian;2.27;1.4;1.86;1.67;2.38;1.2;79;63;48;40;0;0;0;0;0;0;0;860;21;Y;Y;Y;N;N;N;Y
242124;4379;4376;2015/2016;complete;1528;9;-1;6;;1;0;1;-1;-1;-1;-1;-1;3;5;0;0;-1;-1;-1;-1;-1;-1;-1;-1;-1;-1;3;5;0;0;0;0;0;0;0;0;0;0;0;0;0;0;0;0;0;0;0;0;0;0;0;0;0;0;0;0;0;0;0;0;0;0;0;0;0;0;0;0;0;0;0;0;0;0;0;0;0;0;0;0;0;0;0;0;0;0;0;0;0;0;0;0;0;0;0;0;1;1;0;0;0;0;1;2016-05-07 18:00:00;4379;0;72;14;50;0;-1;1;-1;-1;-1;-1;-1;-1;0;0;3;5;0;8;-1;0;0;0;0;0;0;0;0;0;0;0;0;0;1;1;1;0;-1;-1;0;0;-1;-1;-1;-1;-1;-1;-1;-1;-1;29;43;86;93;100;50;93;93;71;0;0;6.72;3.72;Torque;Oriental;2.09;1.2;1.86;1.29;1.07;1.36;71;57;15;7;0;0;0;0;0;0;0;860;21;Y;N;N;N;N;N;N
242125;4381;4369;2015/2016;complete;1528;9;-1;81;41,87,90;1;3;4;-1;-1;-1;-1;-1;1;4;2;2;-1;-1;-1;-1;-1;-1;-1;-1;-1;-1;5;7;0;0;0;0;0;0;0;0;0;0;0;0;0;0;0;0;0;0;0;0;0;0;0;0;0;0;0;0;0;0;0;0;0;0;0;0;0;0;0;0;0;0;0;0;0;0;0;0;0;0;0;0;0;0;0;0;0;0;0;0;0;0;0;0;0;0;0;0;4;0;1;1;2;3;1;2016-05-07 18:00:00;4369;0;41;20;21;0;-1;1;-1;-1;-1;-1;-1;-1;0;4;3;2;4;5;-1;0;0;0;0;0;0;0;1;0;1;0;0;0;1;1;0;0;-1;-1;0;1;-1;-1;-1;-1;-1;-1;-1;-1;-1;21;21;41;73;100;34;60;87;47;0;0;6.27;2.81;Rocha;Atenas;1.18;1.45;1.25;0.57;0.93;0.67;80;80;60;28;0;0;0;0;0;0;0;860;21;Y;Y;Y;Y;N;N;Y
242126;4373;4366;2015/2016;complete;1528;9;-1;;24,55;0;2;2;-1;-1;-1;-1;-1;2;2;0;0;-1;-1;-1;-1;-1;-1;-1;-1;-1;-1;2;2;0;0;0;0;0;0;0;0;0;0;0;0;0;0;0;0;0;0;0;0;0;0;0;0;0;0;0;0;0;0;0;0;0;0;0;0;0;0;0;0;0;0;0;0;0;0;0;0;0;0;0;0;0;0;0;0;0;0;0;0;0;0;0;0;0;0;0;0;2;0;1;0;1;1;1;2016-05-07 18:00:00;4366;0;59;33;17;0;-1;1;-1;-1;-1;-1;-1;-1;0;1;2;1;1;3;-1;0;0;0;0;0;0;0;0;0;0;0;0;0;1;1;0;0;-1;-1;0;0;-1;-1;-1;-1;-1;-1;-1;-1;-1;9;33;42;75;100;33;84;84;25;0;0;6.5;2.59;Deportivo Maldonado;Villa Española;1.4;1.8;1.83;1.83;1.31;2.14;92;67;59;25;0;0;0;0;0;0;0;860;20;Y;Y;N;N;N;N;N
242127;4378;4363;2015/2016;complete;1528;9;-1;;73,76;0;2;2;-1;-1;-1;-1;-1;2;4;1;0;-1;-1;-1;-1;-1;-1;-1;-1;-1;-1;4;4;0;0;0;0;0;0;0;0;0;0;0;0;0;0;0;0;0;0;0;0;0;0;0;0;0;0;0;0;0;0;0;0;0;0;0;0;0;0;0;0;0;0;0;0;0;0;0;0;0;0;0;0;0;0;0;0;0;0;0;0;0;0;0;0;0;0;0;0;2;0;0;0;2;2;0;2016-05-07 18:00:00;4363;0;52;23;16;0;-1;1;-1;-1;-1;-1;-1;-1;2;1;1;3;3;4;-1;0;0;0;0;0;0;0;0;0;0;0;0;0;1;1;0;0;-1;-1;0;0;-1;-1;-1;-1;-1;-1;-1;-1;-1;9;23;61;92;92;30;68;92;48;0;0;5.86;2.84;Progreso;Boston River;1.1;1.73;1.33;1.86;1.29;1.86;92;77;40;9;9;0;0;0;0;0;0;860;21;Y;Y;N;N;N;N;N
242128;4370;4380;2015/2016;complete;1528;9;-1;12,50,66,90;65,88;4;2;6;-1;-1;-1;-1;-1;3;3;0;1;-1;-1;-1;-1;-1;-1;-1;-1;-1;-1;3;5;0;0;0;0;0;0;0;0;0;0;0;0;0;0;0;0;0;0;0;0;0;0;0;0;0;0;0;0;0;0;0;0;0;0;0;0;0;0;0;0;0;0;0;0;0;0;0;0;0;0;0;0;0;0;0;0;0;0;0;0;0;0;0;0;0;0;0;0;6;1;0;3;2;5;1;2016-05-08 18:00:00;4370;0;54;25;9;0;-1;1;-1;-1;-1;-1;-1;-1;0;1;3;3;1;6;-1;0;0;0;0;0;0;0;0;0;0;0;0;0;1;1;0;0;-1;-1;0;0;-1;-1;-1;-1;-1;-1;-1;-1;-1;9;9;34;74;100;25;54;100;37;0;0;4.43;2.24;Tacuarembó;Huracán;1.8;1.5;1;2.5;0.57;1.46;92;92;67;27;0;0;0;0;0;0;0;860;20;Y;Y;Y;Y;Y;Y;Y
242129;4372;4377;2015/2016;complete;1528;9;-1;27,32;51;2;1;3;-1;-1;-1;-1;-1;3;4;0;0;-1;-1;-1;-1;-1;-1;-1;-1;-1;-1;3;4;0;0;0;0;0;0;0;0;0;0;0;0;0;0;0;0;0;0;0;0;0;0;0;0;0;0;0;0;0;0;0;0;0;0;0;0;0;0;0;0;0;0;0;0;0;0;0;0;0;0;0;0;0;0;0;0;0;0;0;0;0;0;0;0;0;0;0;0;3;2;0;0;1;1;2;2016-05-08 18:00:00;4372;0;23;7;16;0;-1;1;-1;-1;-1;-1;-1;-1;2;0;1;4;2;5;-1;0;0;0;0;0;0;0;0;0;0;0;0;0;1;1;0;0;-1;-1;1;0;-1;-1;-1;-1;-1;-1;-1;-1;-1;9;9;30;52;85;30;37;70;31;0;0;6.36;1.84;Miramar Misiones;Central Español;1.36;0.7;1.14;1.17;1.5;1.31;92;92;70;48;16;0;0;0;0;0;0;860;20;Y;Y;Y;N;N;N;Y
242130;4363;4373;2015/2016;complete;1528;10;-1;71,79;;2;0;2;-1;-1;-1;-1;-1;2;3;0;0;-1;-1;-1;-1;-1;-1;-1;-1;-1;-1;2;3;0;0;0;0;0;0;0;0;0;0;0;0;0;0;0;0;0;0;0;0;0;0;0;0;0;0;0;0;0;0;0;0;0;0;0;0;0;0;0;0;0;0;0;0;0;0;0;0;0;0;0;0;0;0;0;0;0;0;0;0;0;0;0;0;0;0;0;0;2;0;0;2;0;2;0;2016-05-13 19:00:00;4363;0;43;22;29;0;-1;1;-1;-1;-1;-1;-1;-1;1;1;1;2;2;3;-1;0;0;0;0;0;0;0;0;0;0;0;0;0;1;1;0;0;-1;-1;0;0;-1;-1;-1;-1;-1;-1;-1;-1;-1;14;29;43;72;100;50;50;86;50;0;0;6.57;2.57;Boston River;Deportivo Maldonado;2.2;0.9;1.86;0.86;1.93;1.21;86;71;57;29;0;0;0;0;0;0;0;860;20;Y;Y;N;N;N;N;N
242131;4366;4355;2015/2016;complete;1528;10;-1;37,89;11,51;2;2;4;-1;-1;-1;-1;-1;3;4;0;1;-1;-1;-1;-1;-1;-1;-1;-1;-1;-1;3;5;0;0;0;0;0;0;0;0;0;0;0;0;0;0;0;0;0;0;0;0;0;0;0;0;0;0;0;0;0;0;0;0;0;0;0;0;0;0;0;0;0;0;0;0;0;0;0;0;0;0;0;0;0;0;0;0;0;0;0;0;0;0;0;0;0;0;0;0;4;1;1;1;1;2;2;2016-05-14 13:00:00;-1;0;47;19;22;0;-1;1;-1;-1;-1;-1;-1;-1;1;0;2;5;1;7;-1;0;0;0;0;0;0;0;0;0;0;0;0;0;1;1;0;0;-1;-1;0;0;-1;-1;-1;-1;-1;-1;-1;-1;-1;12;23;53;76;100;19;65;100;46;0;0;6.33;2.68;Villa Española;Rampla Juniors;2.3;2.17;2.38;2.78;2.2;2.41;89;78;48;25;0;0;0;0;0;0;0;860;20;Y;Y;Y;Y;N;N;Y
242132;4369;4371;2015/2016;complete;1528;10;-1;51,61,71,85,88;82;5;1;6;-1;-1;-1;-1;-1;4;4;0;0;-1;-1;-1;-1;-1;-1;-1;-1;-1;-1;4;4;0;0;0;0;0;0;0;0;0;0;0;0;0;0;0;0;0;0;0;0;0;0;0;0;0;0;0;0;0;0;0;0;0;0;0;0;0;0;0;0;0;0;0;0;0;0;0;0;0;0;0;0;0;0;0;0;0;0;0;0;0;0;0;0;0;0;0;0;6;0;0;5;1;6;0;2016-05-14 18:00:00;4369;0;82;19;38;0;-1;1;-1;-1;-1;-1;-1;-1;2;1;2;3;3;5;-1;0;0;0;0;0;0;0;1;0;1;0;0;0;1;1;0;0;-1;-1;0;0;-1;-1;-1;-1;-1;-1;-1;-1;-1;25;38;63;82;94;32;82;82;44;0;0;6.63;3.38;Atenas;Cerro Largo;1.2;1;0.75;1.13;0.81;1.82;75;63;38;19;7;0;0;0;0;0;0;860;21;Y;Y;Y;Y;Y;Y;Y
242133;4376;4370;2015/2016;complete;1528;10;-1;72,87;82;2;1;3;-1;-1;-1;-1;-1;3;2;0;2;-1;-1;-1;-1;-1;-1;-1;-1;-1;-1;3;5;0;0;0;0;0;0;0;0;0;0;0;0;0;0;0;0;0;0;0;0;0;0;0;0;0;0;0;0;0;0;0;0;0;0;0;0;0;0;0;0;0;0;0;0;0;0;0;0;0;0;0;0;0;0;0;0;0;0;0;0;0;0;0;0;0;0;0;0;3;0;0;2;1;3;0;2016-05-14 18:00:00;4376;0;51;31;18;0;-1;1;-1;-1;-1;-1;-1;-1;1;1;2;3;2;5;-1;0;0;0;0;0;0;0;1;1;1;1;0;0;1;1;0;0;-1;-1;1;0;-1;-1;-1;-1;-1;-1;-1;-1;-1;17;24;57;86;100;43;66;95;37;0;0;5.67;2.88;Oriental;Tacuarembó;1.55;0.3;1.43;0.33;1.27;0.73;84;77;44;15;0;0;0;0;0;0;0;860;20;Y;Y;Y;N;N;N;Y
242134;4374;4381;2015/2016;complete;1528;10;-1;;62;0;1;1;-1;-1;-1;-1;-1;1;3;0;0;-1;-1;-1;-1;-1;-1;-1;-1;-1;-1;1;3;0;0;0;0;0;0;0;0;0;0;0;0;0;0;0;0;0;0;0;0;0;0;0;0;0;0;0;0;0;0;0;0;0;0;0;0;0;0;0;0;0;0;0;0;0;0;0;0;0;0;0;0;0;0;0;0;0;0;0;0;0;0;0;0;0;0;0;0;1;0;0;0;1;1;0;2016-05-14 18:00:00;4381;0;64;13;29;0;-1;1;-1;-1;-1;-1;-1;-1;0;1;1;2;1;3;-1;0;0;0;0;0;0;0;0;0;0;0;0;0;1;1;0;0;-1;-1;0;0;-1;-1;-1;-1;-1;-1;-1;-1;-1;7;35;50;82;93;27;64;80;54;0;0;8.51;2.66;Canadian;Rocha;0.73;1;0.89;0.57;1.13;0.88;93;65;51;18;7;0;0;0;0;0;0;860;21;Y;N;N;N;N;N;N
242135;4377;4378;2015/2016;complete;1528;10;-1;59;40,51;1;2;3;-1;-1;-1;-1;-1;3;3;0;0;-1;-1;-1;-1;-1;-1;-1;-1;-1;-1;3;3;0;0;0;0;0;0;0;0;0;0;0;0;0;0;0;0;0;0;0;0;0;0;0;0;0;0;0;0;0;0;0;0;0;0;0;0;0;0;0;0;0;0;0;0;0;0;0;0;0;0;0;0;0;0;0;0;0;0;0;0;0;0;0;0;0;0;0;0;3;0;1;1;1;2;1;2016-05-14 18:00:00;4378;0;48;7;48;0;-1;1;-1;-1;-1;-1;-1;-1;0;2;3;1;2;4;-1;0;0;0;0;0;0;0;0;1;0;1;0;0;1;1;0;0;-1;-1;0;1;-1;-1;-1;-1;-1;-1;-1;-1;-1;14;41;54;66;100;21;59;94;60;0;0;6.39;2.73;Central Español;Progreso;1.3;1.55;1.43;1.25;1.21;1.2;87;60;47;34;0;0;0;0;0;0;0;860;20;Y;Y;Y;N;N;N;Y
242136;4380;4372;2015/2016;complete;1528;10;-1;;33,87;0;2;2;-1;-1;-1;-1;-1;2;2;0;0;-1;-1;-1;-1;-1;-1;-1;-1;-1;-1;2;2;0;0;0;0;0;0;0;0;0;0;0;0;0;0;0;0;0;0;0;0;0;0;0;0;0;0;0;0;0;0;0;0;0;0;0;0;0;0;0;0;0;0;0;0;0;0;0;0;0;0;0;0;0;0;0;0;0;0;0;0;0;0;0;0;0;0;0;0;2;0;1;0;1;1;1;2016-05-14 18:30:00;4372;0;36;7;14;0;-1;1;-1;-1;-1;-1;-1;-1;1;0;1;2;1;3;-1;0;0;0;0;0;0;0;0;0;0;0;0;0;1;1;0;0;-1;-1;0;0;-1;-1;-1;-1;-1;-1;-1;-1;-1;0;7;14;50;93;7;64;71;14;0;0;7;1.65;Huracán;Miramar Misiones;0.4;1.7;0.57;1.86;1.36;1.6;100;93;86;50;7;0;0;0;0;0;0;860;20;Y;Y;N;N;N;N;N
242137;4372;4378;2015/2016;complete;1528;11;-1;;52,78;0;2;2;-1;-1;-1;-1;-1;2;3;1;0;-1;-1;-1;-1;-1;-1;-1;-1;-1;-1;4;3;0;0;0;0;0;0;0;0;0;0;0;0;0;0;0;0;0;0;0;0;0;0;0;0;0;0;0;0;0;0;0;0;0;0;0;0;0;0;0;0;0;0;0;0;0;0;0;0;0;0;0;0;0;0;0;0;0;0;0;0;0;0;0;0;0;0;0;0;2;0;0;0;2;2;0;2016-05-18 18:00:00;4378;0;41;7;29;0;-1;1;-1;-1;-1;-1;-1;-1;1;3;2;0;4;2;-1;0;0;0;0;0;0;0;0;0;0;0;0;0;1;1;0;0;-1;-1;0;0;-1;-1;-1;-1;-1;-1;-1;-1;-1;6;17;53;77;94;31;71;76;46;0;0;6.1;2.46;Miramar Misiones;Progreso;1.36;1.55;1.38;1.44;1.69;1.31;95;84;47;24;7;0;0;0;0;0;0;860;21;Y;Y;N;N;N;N;N
242138;4363;4374;2015/2016;complete;1528;11;-1;12,16,61;56,81;3;2;5;-1;-1;-1;-1;-1;1;3;0;0;-1;-1;-1;-1;-1;-1;-1;-1;-1;-1;1;3;0;0;0;0;0;0;0;0;0;0;0;0;0;0;0;0;0;0;0;0;0;0;0;0;0;0;0;0;0;0;0;0;0;0;0;0;0;0;0;0;0;0;0;0;0;0;0;0;0;0;0;0;0;0;0;0;0;0;0;0;0;0;0;0;0;0;0;0;5;2;0;1;2;3;2;2016-05-18 18:00:00;4363;0;41;27;14;0;-1;1;-1;-1;-1;-1;-1;-1;1;1;0;2;2;2;-1;0;0;0;0;0;0;0;0;0;0;0;0;0;1;1;0;0;-1;-1;0;0;-1;-1;-1;-1;-1;-1;-1;-1;-1;7;20;41;60;100;47;54;87;34;0;0;6.46;2.26;Boston River;Canadian;2.2;1.4;2;1.43;2;1.06;94;81;60;41;0;0;0;0;0;0;0;860;21;Y;Y;Y;Y;Y;N;Y
242139;4370;4373;2015/2016;complete;1528;11;-1;3;;1;0;1;-1;-1;-1;-1;-1;3;4;1;2;-1;-1;-1;-1;-1;-1;-1;-1;-1;-1;5;8;0;0;0;0;0;0;0;0;0;0;0;0;0;0;0;0;0;0;0;0;0;0;0;0;0;0;0;0;0;0;0;0;0;0;0;0;0;0;0;0;0;0;0;0;0;0;0;0;0;0;0;0;0;0;0;0;0;0;0;0;0;0;0;0;0;0;0;0;1;1;0;0;0;0;1;2016-05-18 18:00:00;4370;0;44;7;28;0;-1;1;-1;-1;-1;-1;-1;-1;1;1;3;5;2;8;-1;0;0;0;0;0;0;0;0;0;0;0;0;0;1;1;1;0;-1;-1;0;0;-1;-1;-1;-1;-1;-1;-1;-1;-1;15;21;28;86;100;19;44;94;63;0;0;5.46;2.57;Tacuarembó;Deportivo Maldonado;1.8;0.9;1.33;0.75;0.69;1.13;86;79;73;15;0;0;0;0;0;0;0;860;20;Y;N;N;N;N;N;N
242140;4377;4369;2015/2016;complete;1528;11;-1;10;59,75;1;2;3;-1;-1;-1;-1;-1;3;1;0;0;-1;-1;-1;-1;-1;-1;-1;-1;-1;-1;3;1;0;0;0;0;0;0;0;0;0;0;0;0;0;0;0;0;0;0;0;0;0;0;0;0;0;0;0;0;0;0;0;0;0;0;0;0;0;0;0;0;0;0;0;0;0;0;0;0;0;0;0;0;0;0;0;0;0;0;0;0;0;0;0;0;0;0;0;0;3;1;0;0;2;2;1;2016-05-18 18:00:00;4369;0;57;13;51;0;-1;1;-1;-1;-1;-1;-1;-1;1;0;2;1;1;3;-1;0;0;0;0;0;0;0;0;0;0;0;0;0;1;1;1;0;-1;-1;0;0;-1;-1;-1;-1;-1;-1;-1;-1;-1;19;38;57;63;100;25;57;94;57;0;0;6.76;2.88;Central Español;Atenas;1.3;1.45;1.25;0.88;1.13;0.94;82;63;44;38;0;0;0;0;0;0;0;860;20;Y;Y;Y;N;N;N;Y
242141;4379;4355;2015/2016;complete;1528;11;-1;86,90;;2;0;2;-1;-1;-1;-1;-1;3;5;0;0;-1;-1;-1;-1;-1;-1;-1;-1;-1;-1;3;5;0;0;0;0;0;0;0;0;0;0;0;0;0;0;0;0;0;0;0;0;0;0;0;0;0;0;0;0;0;0;0;0;0;0;0;0;0;0;0;0;0;0;0;0;0;0;0;0;0;0;0;0;0;0;0;0;0;0;0;0;0;0;0;0;0;0;0;0;2;0;0;2;0;2;0;2016-05-18 18:00:00;4379;0;63;12;44;0;-1;1;-1;-1;-1;-1;-1;-1;2;1;1;4;3;5;-1;0;0;0;0;0;0;0;1;0;1;0;0;0;1;1;0;0;-1;-1;0;0;-1;-1;-1;-1;-1;-1;-1;-1;-1;18;39;79;89;100;30;79;94;72;0;0;6.88;3.35;Torque;Rampla Juniors;2.09;2.17;2;2.6;1.19;2.33;83;62;22;12;0;0;0;0;0;0;0;860;21;Y;Y;N;N;N;N;N
242142;4380;4371;2015/2016;complete;1528;11;-1;;33,74;0;2;2;-1;-1;-1;-1;-1;5;2;0;1;-1;-1;-1;-1;-1;-1;-1;-1;-1;-1;5;3;0;0;0;0;0;0;0;0;0;0;0;0;0;0;0;0;0;0;0;0;0;0;0;0;0;0;0;0;0;0;0;0;0;0;0;0;0;0;0;0;0;0;0;0;0;0;0;0;0;0;0;0;0;0;0;0;0;0;0;0;0;0;0;0;0;0;0;0;2;0;1;0;1;1;1;2016-05-18 18:00:00;4371;0;46;11;29;0;-1;1;-1;-1;-1;-1;-1;-1;2;1;3;2;3;5;-1;0;0;0;0;0;0;0;0;0;0;0;0;0;1;1;0;0;-1;-1;0;0;-1;-1;-1;-1;-1;-1;-1;-1;-1;17;22;40;64;89;17;60;82;35;0;0;6.69;2.64;Huracán;Cerro Largo;0.4;1;0.5;1;1.27;1.72;84;78;61;36;12;0;0;0;0;0;0;860;20;Y;Y;N;N;N;N;N
242143;4376;4381;2015/2016;complete;1528;11;-1;;33,78;0;2;2;-1;-1;-1;-1;-1;3;1;1;0;-1;-1;-1;-1;-1;-1;-1;-1;-1;-1;5;1;0;0;0;0;0;0;0;0;0;0;0;0;0;0;0;0;0;0;0;0;0;0;0;0;0;0;0;0;0;0;0;0;0;0;0;0;0;0;0;0;0;0;0;0;0;0;0;0;0;0;0;0;0;0;0;0;0;0;0;0;0;0;0;0;0;0;0;0;2;0;1;0;1;1;1;2016-05-18 18:00:00;4381;0;63;19;19;0;-1;1;-1;-1;-1;-1;-1;-1;2;0;2;1;2;3;-1;0;0;0;0;0;0;0;0;0;0;0;0;0;1;1;0;0;-1;-1;0;0;-1;-1;-1;-1;-1;-1;-1;-1;-1;7;13;51;75;94;32;51;88;32;0;0;6.26;2.38;Oriental;Rocha;1.55;1;1.63;0.88;1.38;1;94;88;51;25;7;0;0;0;0;0;0;860;21;Y;Y;N;N;N;N;N
242144;4355;4363;2015/2016;complete;1528;12;-1;10,80;66;2;1;3;-1;-1;-1;-1;-1;4;4;1;0;-1;-1;-1;-1;-1;-1;-1;-1;-1;-1;5;4;0;0;0;0;0;0;0;0;0;0;0;0;0;0;0;0;0;0;0;0;0;0;0;0;0;0;0;0;0;0;0;0;0;0;0;0;0;0;0;0;0;0;0;0;0;0;0;0;0;0;0;0;0;0;0;0;0;0;0;0;0;0;0;0;0;0;0;0;3;1;0;1;1;2;1;2016-05-21 13:00:00;4355;0;69;44;19;0;-1;1;-1;-1;-1;-1;-1;-1;4;2;1;2;6;3;-1;0;0;0;0;0;0;0;1;0;1;0;0;0;1;1;1;0;-1;-1;0;0;-1;-1;-1;-1;-1;-1;-1;-1;-1;19;38;69;88;100;57;88;88;38;0;0;6.38;3.38;Rampla Juniors;Boston River;2.27;1.73;2;2;2.21;2.06;82;63;32;13;0;0;0;0;0;0;0;860;21;Y;Y;Y;N;N;N;Y
242145;4371;4374;2015/2016;complete;1528;12;-1;68,90;52,74;2;2;4;-1;-1;-1;-1;-1;1;2;0;1;-1;-1;-1;-1;-1;-1;-1;-1;-1;-1;1;4;0;0;0;0;0;0;0;0;0;0;0;0;0;0;0;0;0;0;0;0;0;0;0;0;0;0;0;0;0;0;0;0;0;0;0;0;0;0;0;0;0;0;0;0;0;0;0;0;0;0;0;0;0;0;0;0;0;0;0;0;0;0;0;0;0;0;0;0;4;0;0;2;2;4;0;2016-05-21 18:00:00;-1;0;59;18;46;0;-1;1;-1;-1;-1;-1;-1;-1;0;1;1;2;1;3;-1;0;0;0;0;0;0;0;0;0;0;0;0;0;1;1;0;0;-1;-1;0;0;-1;-1;-1;-1;-1;-1;-1;-1;-1;23;41;59;76;100;47;71;89;53;0;0;6.74;3.09;Cerro Largo;Canadian;2.09;1.4;2.44;1.25;1.79;1;78;60;42;25;0;0;0;0;0;0;0;860;21;Y;Y;Y;Y;N;N;Y
242146;4372;4376;2015/2016;complete;1528;12;-1;41,45;;2;0;2;-1;-1;-1;-1;-1;2;3;0;2;-1;-1;-1;-1;-1;-1;-1;-1;-1;-1;2;6;0;0;0;0;0;0;0;0;0;0;0;0;0;0;0;0;0;0;0;0;0;0;0;0;0;0;0;0;0;0;0;0;0;0;0;0;0;0;0;0;0;0;0;0;0;0;0;0;0;0;0;0;0;0;0;0;0;0;0;0;0;0;0;0;0;0;0;0;2;2;0;0;0;0;2;2016-05-21 18:00:00;4372;0;42;12;31;0;-1;1;-1;-1;-1;-1;-1;-1;1;2;1;3;3;4;-1;0;0;0;0;0;0;0;0;0;0;0;0;0;1;1;0;0;-1;-1;0;0;-1;-1;-1;-1;-1;-1;-1;-1;-1;13;19;54;77;95;41;78;71;48;0;0;6.5;2.68;Miramar Misiones;Oriental;1.36;1.2;1.22;1.13;1.59;1.29;88;82;47;24;6;0;0;0;0;0;0;860;21;Y;Y;N;N;N;N;N
242147;4381;4366;2015/2016;complete;1528;12;-1;;55;0;1;1;-1;-1;-1;-1;-1;3;4;0;0;-1;-1;-1;-1;-1;-1;-1;-1;-1;-1;3;4;0;0;0;0;0;0;0;0;0;0;0;0;0;0;0;0;0;0;0;0;0;0;0;0;0;0;0;0;0;0;0;0;0;0;0;0;0;0;0;0;0;0;0;0;0;0;0;0;0;0;0;0;0;0;0;0;0;0;0;0;0;0;0;0;0;0;0;0;1;0;0;0;1;1;0;2016-05-21 18:00:00;4366;0;51;26;18;0;-1;1;-1;-1;-1;-1;-1;-1;1;0;2;4;1;6;-1;0;0;0;0;0;0;0;0;0;0;0;0;0;1;1;0;0;-1;-1;0;0;-1;-1;-1;-1;-1;-1;-1;-1;-1;6;26;44;80;100;31;69;95;35;0;0;6.19;2.66;Rocha;Villa Española;1.18;1.8;1.11;2;1.11;2.13;95;75;57;20;0;0;0;0;0;0;0;860;20;Y;N;N;N;N;N;N
242148;4378;4380;2015/2016;complete;1528;12;-1;11,54,57,89;;4;0;4;-1;-1;-1;-1;-1;2;5;1;1;-1;-1;-1;-1;-1;-1;-1;-1;-1;-1;4;7;0;0;0;0;0;0;0;0;0;0;0;0;0;0;0;0;0;0;0;0;0;0;0;0;0;0;0;0;0;0;0;0;0;0;0;0;0;0;0;0;0;0;0;0;0;0;0;0;0;0;0;0;0;0;0;0;0;0;0;0;0;0;0;0;0;0;0;0;4;1;0;3;0;3;1;2016-05-21 18:00:00;4378;0;50;29;22;0;-1;1;-1;-1;-1;-1;-1;-1;3;1;0;5;4;5;-1;0;0;0;0;0;0;0;2;0;2;0;0;0;1;1;0;0;-1;-1;0;0;-1;-1;-1;-1;-1;-1;-1;-1;-1;22;22;57;79;93;29;57;93;57;0;0;6.28;2.86;Progreso;Huracán;1.1;1.5;1.14;2.14;1.41;1.19;79;79;43;22;7;0;0;0;0;0;0;860;20;Y;Y;Y;Y;N;N;N
242149;4373;4377;2015/2016;complete;1528;12;-1;12,52,62;;3;0;3;-1;-1;-1;-1;-1;3;1;0;0;-1;-1;-1;-1;-1;-1;-1;-1;-1;-1;3;1;0;0;0;0;0;0;0;0;0;0;0;0;0;0;0;0;0;0;0;0;0;0;0;0;0;0;0;0;0;0;0;0;0;0;0;0;0;0;0;0;0;0;0;0;0;0;0;0;0;0;0;0;0;0;0;0;0;0;0;0;0;0;0;0;0;0;0;0;3;1;0;2;0;2;1;2016-05-21 18:00:00;4373;0;36;15;14;0;-1;1;-1;-1;-1;-1;-1;-1;3;1;0;0;4;0;-1;0;0;0;0;0;0;0;0;0;0;0;0;0;1;1;0;0;-1;-1;1;0;-1;-1;-1;-1;-1;-1;-1;-1;-1;14;22;29;65;93;29;65;79;29;0;0;6.86;2.22;Deportivo Maldonado;Central Español;1.4;0.7;1.57;1;1.06;1.06;86;79;71;36;7;0;0;0;0;0;0;860;20;Y;Y;Y;N;N;N;N
242150;4370;4379;2015/2016;complete;1528;12;-1;45,90;5,27;2;2;4;-1;-1;-1;-1;-1;3;3;0;0;-1;-1;-1;-1;-1;-1;-1;-1;-1;-1;3;3;0;0;0;0;0;0;0;0;0;0;0;0;0;0;0;0;0;0;0;0;0;0;0;0;0;0;0;0;0;0;0;0;0;0;0;0;0;0;0;0;0;0;0;0;0;0;0;0;0;0;0;0;0;0;0;0;0;0;0;0;0;0;0;0;0;0;0;0;4;1;2;1;0;1;3;2016-05-22 18:00:00;-1;0;53;25;14;0;-1;1;-1;-1;-1;-1;-1;-1;2;0;1;3;2;4;-1;0;0;0;0;0;0;0;0;0;0;0;0;0;1;1;0;1;-1;-1;1;0;-1;-1;-1;-1;-1;-1;-1;-1;-1;14;26;32;73;100;25;60;68;41;0;0;5.67;2.52;Tacuarembó;Torque;1.8;0.7;1.57;0.38;0.82;1.29;87;75;68;27;0;0;0;0;0;0;0;860;20;Y;Y;Y;Y;N;N;Y
242151;4377;4355;2015/2016;complete;1528;13;-1;55;;1;0;1;-1;-1;-1;-1;-1;3;1;0;0;-1;-1;-1;-1;-1;-1;-1;-1;-1;-1;3;1;0;0;0;0;0;0;0;0;0;0;0;0;0;0;0;0;0;0;0;0;0;0;0;0;0;0;0;0;0;0;0;0;0;0;0;0;0;0;0;0;0;0;0;0;0;0;0;0;0;0;0;0;0;0;0;0;0;0;0;0;0;0;0;0;0;0;0;0;1;0;0;1;0;1;0;2016-05-28 13:00:00;4377;0;56;10;51;0;-1;1;-1;-1;-1;-1;-1;-1;1;1;2;0;2;2;-1;0;0;0;0;0;0;0;0;0;0;0;0;0;1;1;0;0;-1;-1;0;0;-1;-1;-1;-1;-1;-1;-1;-1;-1;10;35;66;79;100;16;60;100;75;0;0;6.75;2.94;Central Español;Rampla Juniors;1.3;2.17;1.11;2.36;1;2.25;90;66;35;21;0;0;0;0;0;0;0;860;20;Y;N;N;N;N;N;N
242152;4374;4369;2015/2016;complete;1528;13;-1;27;12,49,58;1;3;4;-1;-1;-1;-1;-1;2;3;0;0;-1;-1;-1;-1;-1;-1;-1;-1;-1;-1;2;3;0;0;0;0;0;0;0;0;0;0;0;0;0;0;0;0;0;0;0;0;0;0;0;0;0;0;0;0;0;0;0;0;0;0;0;0;0;0;0;0;0;0;0;0;0;0;0;0;0;0;0;0;0;0;0;0;0;0;0;0;0;0;0;0;0;0;0;0;4;1;1;0;2;2;2;2016-05-28 18:00:00;4369;0;53;11;37;0;-1;1;-1;-1;-1;-1;-1;-1;1;2;1;1;3;2;-1;0;0;0;0;0;0;0;0;0;0;0;0;0;1;1;0;0;-1;-1;0;0;-1;-1;-1;-1;-1;-1;-1;-1;-1;11;42;53;69;100;16;59;90;63;0;0;7.23;2.85;Canadian;Atenas;0.73;1.45;0.8;1.11;1;1.06;89;59;47;32;0;0;0;0;0;0;0;860;21;Y;Y;Y;Y;N;N;Y
242153;4379;4372;2015/2016;complete;1528;13;-1;30,50,88;1,32,61;3;3;6;-1;-1;-1;-1;-1;0;3;0;0;-1;-1;-1;-1;-1;-1;-1;-1;-1;-1;0;3;0;0;0;0;0;0;0;0;0;0;0;0;0;0;0;0;0;0;0;0;0;0;0;0;0;0;0;0;0;0;0;0;0;0;0;0;0;0;0;0;0;0;0;0;0;0;0;0;0;0;0;0;0;0;0;0;0;0;0;0;0;0;0;0;0;0;0;0;6;1;2;2;1;3;3;2016-05-28 18:00:00;-1;0;59;12;23;0;-1;1;-1;-1;-1;-1;-1;-1;0;0;0;3;0;3;-1;0;0;0;0;0;0;0;0;0;0;0;0;0;1;1;0;1;-1;-1;0;0;-1;-1;-1;-1;-1;-1;-1;-1;-1;11;23;46;76;100;29;77;82;40;0;0;6.71;2.61;Torque;Miramar Misiones;2.09;1.7;2.11;2;1.28;1.67;89;78;55;25;0;0;0;0;0;0;0;860;21;Y;Y;Y;Y;Y;Y;Y
242154;4376;4378;2015/2016;complete;1528;13;-1;;;0;0;0;-1;-1;-1;-1;-1;5;3;1;1;-1;-1;-1;-1;-1;-1;-1;-1;-1;-1;7;4;0;0;0;0;0;0;0;0;0;0;0;0;0;0;0;0;0;0;0;0;0;0;0;0;0;0;0;0;0;0;0;0;0;0;0;0;0;0;0;0;0;0;0;0;0;0;0;0;0;0;0;0;0;0;0;0;0;0;0;0;0;0;0;0;0;0;0;0;0;0;0;0;0;0;0;2016-05-28 18:00:00;-1;0;48;11;31;0;-1;1;-1;-1;-1;-1;-1;-1;3;2;3;2;5;5;-1;0;0;0;0;0;0;0;0;0;0;0;0;0;1;1;0;0;-1;-1;0;0;-1;-1;-1;-1;-1;-1;-1;-1;-1;5;21;53;79;100;16;57;95;52;0;0;5.64;2.57;Oriental;Progreso;1.55;1.55;1.44;1.6;1.22;1.5;95;80;47;21;0;0;0;0;0;0;0;860;21;N;N;N;N;N;N;N
242155;4366;4371;2015/2016;complete;1528;13;-1;58;;1;0;1;-1;-1;-1;-1;-1;2;2;0;0;-1;-1;-1;-1;-1;-1;-1;-1;-1;-1;2;2;0;0;0;0;0;0;0;0;0;0;0;0;0;0;0;0;0;0;0;0;0;0;0;0;0;0;0;0;0;0;0;0;0;0;0;0;0;0;0;0;0;0;0;0;0;0;0;0;0;0;0;0;0;0;0;0;0;0;0;0;0;0;0;0;0;0;0;0;1;0;0;1;0;1;0;2016-05-29 16:00:00;4366;0;63;32;26;0;-1;1;-1;-1;-1;-1;-1;-1;1;1;1;1;2;2;-1;0;0;0;0;0;0;0;0;0;0;0;0;0;1;1;0;0;-1;-1;0;0;-1;-1;-1;-1;-1;-1;-1;-1;-1;21;31;52;74;95;37;64;95;36;0;0;6.4;3.02;Villa Española;Cerro Largo;2.3;1;2.22;1.2;2.18;1.75;80;69;48;27;5;0;0;0;0;0;0;860;20;Y;N;N;N;N;N;N
242156;4363;4381;2015/2016;complete;1528;13;-1;69,81;;2;0;2;-1;-1;-1;-1;-1;2;4;0;0;-1;-1;-1;-1;-1;-1;-1;-1;-1;-1;2;4;0;0;0;0;0;0;0;0;0;0;0;0;0;0;0;0;0;0;0;0;0;0;0;0;0;0;0;0;0;0;0;0;0;0;0;0;0;0;0;0;0;0;0;0;0;0;0;0;0;0;0;0;0;0;0;0;0;0;0;0;0;0;0;0;0;0;0;0;2;0;0;2;0;2;0;2016-05-29 18:00:00;4363;0;50;17;17;0;-1;1;-1;-1;-1;-1;-1;-1;0;1;2;3;1;5;-1;0;0;0;0;0;0;0;0;0;0;0;0;0;1;1;0;0;-1;-1;0;0;-1;-1;-1;-1;-1;-1;-1;-1;-1;17;22;39;73;95;45;62;84;33;0;0;6.34;2.45;Boston River;Rocha;2.2;1;2.11;1.11;1.94;1.05;84;78;62;28;6;0;0;0;0;0;0;860;21;Y;Y;N;N;N;N;N
242157;4380;4373;2015/2016;complete;1528;13;-1;;64;0;1;1;-1;-1;-1;-1;-1;3;3;0;0;-1;-1;-1;-1;-1;-1;-1;-1;-1;-1;3;3;0;0;0;0;0;0;0;0;0;0;0;0;0;0;0;0;0;0;0;0;0;0;0;0;0;0;0;0;0;0;0;0;0;0;0;0;0;0;0;0;0;0;0;0;0;0;0;0;0;0;0;0;0;0;0;0;0;0;0;0;0;0;0;0;0;0;0;0;1;0;0;0;1;1;0;2016-05-29 18:00:00;4373;0;22;6;22;0;-1;1;-1;-1;-1;-1;-1;-1;1;1;2;2;2;4;-1;0;0;0;0;0;0;0;0;0;0;0;0;0;1;1;0;0;-1;-1;0;0;-1;-1;-1;-1;-1;-1;-1;-1;-1;6;11;22;67;95;17;56;78;39;0;0;7.55;2;Huracán;Deportivo Maldonado;0.4;0.9;0.44;0.67;1.12;1.18;95;89;78;33;6;0;0;0;0;0;0;860;20;Y;N;N;N;N;N;N
242158;4371;4363;2015/2016;complete;1528;14;-1;;43;0;1;1;-1;-1;-1;-1;-1;2;5;2;0;-1;-1;-1;-1;-1;-1;-1;-1;-1;-1;5;5;0;0;0;0;0;0;0;0;0;0;0;0;0;0;0;0;0;0;0;0;0;0;0;0;0;0;0;0;0;0;0;0;0;0;0;0;0;0;0;0;0;0;0;0;0;0;0;0;0;0;0;0;0;0;0;0;0;0;0;0;0;0;0;0;0;0;0;0;1;0;1;0;0;0;1;2016-06-03 23:00:00;4363;0;69;16;46;0;-1;1;-1;-1;-1;-1;-1;-1;1;1;3;4;2;7;-1;0;0;0;0;0;0;0;0;0;0;0;0;0;1;1;0;0;-1;-1;0;0;-1;-1;-1;-1;-1;-1;-1;-1;-1;15;41;69;95;100;37;74;95;57;0;0;6.01;3.3;Cerro Largo;Boston River;2.09;1.73;2.3;1.78;1.67;2;85;59;32;5;0;0;0;0;0;0;0;860;21;Y;N;N;N;N;N;N
242159;4369;4366;2015/2016;complete;1528;14;-1;86,90;76;2;1;3;-1;-1;-1;-1;-1;5;5;0;0;-1;-1;-1;-1;-1;-1;-1;-1;-1;-1;5;5;0;0;0;0;0;0;0;0;0;0;0;0;0;0;0;0;0;0;0;0;0;0;0;0;0;0;0;0;0;0;0;0;0;0;0;0;0;0;0;0;0;0;0;0;0;0;0;0;0;0;0;0;0;0;0;0;0;0;0;0;0;0;0;0;0;0;0;0;3;0;0;2;1;3;0;2016-06-04 18:00:00;4369;0;70;18;29;0;-1;1;-1;-1;-1;-1;-1;-1;1;2;4;3;3;7;-1;0;0;0;0;0;0;0;0;0;0;0;0;0;1;1;0;0;-1;-1;0;0;-1;-1;-1;-1;-1;-1;-1;-1;-1;17;35;53;76;100;24;76;89;29;0;0;6.33;2.91;Atenas;Villa Española;1.2;1.8;1;2.13;1.16;2.22;84;66;48;25;0;0;0;0;0;0;0;860;20;Y;Y;Y;N;N;N;Y
242160;4378;4379;2015/2016;complete;1528;14;-1;3,70;41,60,64,78;2;4;6;-1;-1;-1;-1;-1;4;1;0;0;-1;-1;-1;-1;-1;-1;-1;-1;-1;-1;4;1;0;0;0;0;0;0;0;0;0;0;0;0;0;0;0;0;0;0;0;0;0;0;0;0;0;0;0;0;0;0;0;0;0;0;0;0;0;0;0;0;0;0;0;0;0;0;0;0;0;0;0;0;0;0;0;0;0;0;0;0;0;0;0;0;0;0;0;0;6;1;1;1;3;4;2;2016-06-04 18:00:00;4379;0;46;35;12;0;-1;1;-1;-1;-1;-1;-1;-1;1;1;3;0;2;3;-1;0;0;0;0;0;0;0;0;0;0;0;0;0;1;1;1;0;-1;-1;0;0;-1;-1;-1;-1;-1;-1;-1;-1;-1;12;35;53;83;94;35;59;72;54;0;0;6.58;2.82;Progreso;Torque;1.1;0.7;1.38;0.44;1.47;1.26;89;66;47;18;7;0;0;0;0;0;0;860;21;Y;Y;Y;Y;Y;Y;Y
242161;4373;4376;2015/2016;complete;1528;14;-1;;15,72;0;2;2;-1;-1;-1;-1;-1;4;4;0;0;-1;-1;-1;-1;-1;-1;-1;-1;-1;-1;4;4;0;0;0;0;0;0;0;0;0;0;0;0;0;0;0;0;0;0;0;0;0;0;0;0;0;0;0;0;0;0;0;0;0;0;0;0;0;0;0;0;0;0;0;0;0;0;0;0;0;0;0;0;0;0;0;0;0;0;0;0;0;0;0;0;0;0;0;0;2;0;1;0;1;1;1;2016-06-04 18:00:00;4376;0;41;18;29;0;-1;1;-1;-1;-1;-1;-1;-1;1;1;3;3;2;6;-1;0;0;0;0;0;0;0;0;1;0;1;0;0;1;1;0;0;-1;-1;0;0;-1;-1;-1;-1;-1;-1;-1;-1;-1;18;29;47;83;100;35;100;71;47;0;0;7.03;2.87;Deportivo Maldonado;Oriental;1.4;1.2;1.75;1;1.28;1.21;83;71;54;18;0;0;0;0;0;0;0;860;20;Y;Y;N;N;N;N;N
242162;4355;4380;2015/2016;complete;1528;14;-1;9;;1;0;1;-1;-1;-1;-1;-1;3;3;0;0;-1;-1;-1;-1;-1;-1;-1;-1;-1;-1;3;3;0;0;0;0;0;0;0;0;0;0;0;0;0;0;0;0;0;0;0;0;0;0;0;0;0;0;0;0;0;0;0;0;0;0;0;0;0;0;0;0;0;0;0;0;0;0;0;0;0;0;0;0;0;0;0;0;0;0;0;0;0;0;0;0;0;0;0;0;1;1;0;0;0;0;1;2016-06-05 15:15:00;4355;0;71;47;29;0;-1;1;-1;-1;-1;-1;-1;-1;1;1;2;2;2;4;-1;0;0;0;0;0;0;0;0;0;0;0;0;0;1;1;1;0;-1;-1;0;0;-1;-1;-1;-1;-1;-1;-1;-1;-1;29;41;77;77;100;53;88;89;47;0;0;7.19;3.52;Rampla Juniors;Huracán;2.27;1.5;2.11;1.88;2.14;1.06;71;60;24;24;0;0;0;0;0;0;0;860;20;Y;N;N;N;N;N;N
242163;4370;4372;2015/2016;complete;1528;14;-1;66,87;;2;0;2;-1;-1;-1;-1;-1;2;2;1;0;-1;-1;-1;-1;-1;-1;-1;-1;-1;-1;4;2;0;0;0;0;0;0;0;0;0;0;0;0;0;0;0;0;0;0;0;0;0;0;0;0;0;0;0;0;0;0;0;0;0;0;0;0;0;0;0;0;0;0;0;0;0;0;0;0;0;0;0;0;0;0;0;0;0;0;0;0;0;0;0;0;0;0;0;0;2;0;0;2;0;2;0;2016-06-05 18:00:00;4370;0;53;18;18;0;-1;1;-1;-1;-1;-1;-1;-1;0;1;3;1;1;4;-1;0;0;0;0;0;0;0;0;0;0;0;0;0;1;1;0;0;-1;-1;0;0;-1;-1;-1;-1;-1;-1;-1;-1;-1;12;24;24;71;100;18;71;83;30;0;0;5.71;2.42;Tacuarembó;Miramar Misiones;1.8;1.7;1.5;1.89;0.83;1.63;89;77;77;29;0;0;0;0;0;0;0;860;20;Y;Y;N;N;N;N;N
242164;4381;4377;2015/2016;complete;1528;14;-1;21,45;81;2;1;3;-1;-1;-1;-1;-1;1;5;0;1;-1;-1;-1;-1;-1;-1;-1;-1;-1;-1;1;7;0;0;0;0;0;0;0;0;0;0;0;0;0;0;0;0;0;0;0;0;0;0;0;0;0;0;0;0;0;0;0;0;0;0;0;0;0;0;0;0;0;0;0;0;0;0;0;0;0;0;0;0;0;0;0;0;0;0;0;0;0;0;0;0;0;0;0;0;3;2;0;0;1;1;2;2016-06-05 18:00:00;4381;0;33;10;17;0;-1;1;-1;-1;-1;-1;-1;-1;0;1;1;5;1;6;-1;0;0;0;0;0;0;0;0;0;0;0;0;0;1;1;0;0;-1;-1;0;0;-1;-1;-1;-1;-1;-1;-1;-1;-1;12;17;39;65;94;28;49;89;44;0;0;6.55;2.35;Rocha;Central Español;1.18;0.7;1;0.88;1;1.11;89;84;62;35;7;0;0;0;0;0;0;860;20;Y;Y;Y;N;N;N;Y
242165;4355;4371;2015/2016;complete;1528;15;-1;70;;1;0;1;-1;-1;-1;-1;-1;2;4;0;0;-1;-1;-1;-1;-1;-1;-1;-1;-1;-1;2;4;0;0;0;0;0;0;0;0;0;0;0;0;0;0;0;0;0;0;0;0;0;0;0;0;0;0;0;0;0;0;0;0;0;0;0;0;0;0;0;0;0;0;0;0;0;0;0;0;0;0;0;0;0;0;0;0;0;0;0;0;0;0;0;0;0;0;0;0;1;0;0;1;0;1;0;2016-06-11 16:15:00;4355;0;67;34;33;0;-1;1;-1;-1;-1;-1;-1;-1;0;1;2;3;1;5;-1;0;0;0;0;0;0;0;0;0;0;0;0;0;1;1;0;0;-1;-1;0;0;-1;-1;-1;-1;-1;-1;-1;-1;-1;29;38;63;72;96;44;78;81;43;0;0;6.77;3.43;Rampla Juniors;Cerro Largo;2.27;1;2.2;1.09;2.18;1.59;72;62;38;29;5;0;0;0;0;0;0;860;23;Y;N;N;N;N;N;N
242166;4370;4363;2015/2016;complete;1528;15;-1;4,29,57;;3;0;3;-1;-1;-1;-1;-1;2;2;0;0;-1;-1;-1;-1;-1;-1;-1;-1;-1;-1;2;2;0;0;0;0;0;0;0;0;0;0;0;0;0;0;0;0;0;0;0;0;0;0;0;0;0;0;0;0;0;0;0;0;0;0;0;0;0;0;0;0;0;0;0;0;0;0;0;0;0;0;0;0;0;0;0;0;0;0;0;0;0;0;0;0;0;0;0;0;3;2;0;1;0;1;2;2016-06-11 16:15:00;4370;0;52;16;16;0;-1;1;-1;-1;-1;-1;-1;-1;2;2;0;0;4;0;-1;0;0;0;0;0;0;0;0;0;0;0;0;0;1;1;1;0;-1;-1;0;0;-1;-1;-1;-1;-1;-1;-1;-1;-1;6;21;41;84;100;21;68;90;42;0;0;5.86;2.57;Tacuarembó;Boston River;1.8;1.73;1.67;1.9;0.95;2.05;95;79;59;16;0;0;0;0;0;0;0;860;20;Y;Y;Y;N;N;N;N
242167;4372;4366;2015/2016;complete;1528;15;-1;18,46;8,47;2;2;4;-1;-1;-1;-1;-1;1;2;1;0;-1;-1;-1;-1;-1;-1;-1;-1;-1;-1;2;2;0;0;0;0;0;0;0;0;0;0;0;0;0;0;0;0;0;0;0;0;0;0;0;0;0;0;0;0;0;0;0;0;0;0;0;0;0;0;0;0;0;0;0;0;0;0;0;0;0;0;0;0;0;0;0;0;0;0;0;0;0;0;0;0;0;0;0;0;4;1;1;1;1;2;2;2016-06-11 16:15:00;-1;0;43;16;16;0;-1;1;-1;-1;-1;-1;-1;-1;1;1;1;1;2;2;-1;0;0;0;0;0;0;0;1;1;1;1;0;0;1;1;0;1;-1;-1;0;0;-1;-1;-1;-1;-1;-1;-1;-1;-1;0;11;42;74;95;36;58;80;26;0;0;6.12;2.22;Miramar Misiones;Villa Española;1.36;1.8;1.4;1.89;1.55;2.11;100;89;58;27;5;0;0;0;0;0;0;860;20;Y;Y;Y;Y;N;N;Y
242168;4376;4380;2015/2016;complete;1528;15;-1;25,40,58;73;3;1;4;-1;-1;-1;-1;-1;2;3;0;0;-1;-1;-1;-1;-1;-1;-1;-1;-1;-1;2;3;0;0;0;0;0;0;0;0;0;0;0;0;0;0;0;0;0;0;0;0;0;0;0;0;0;0;0;0;0;0;0;0;0;0;0;0;0;0;0;0;0;0;0;0;0;0;0;0;0;0;0;0;0;0;0;0;0;0;0;0;0;0;0;0;0;0;0;0;4;2;0;1;1;2;2;2016-06-11 18:00:00;4376;0;53;27;21;0;-1;1;-1;-1;-1;-1;-1;-1;2;0;0;3;2;3;-1;0;0;0;0;0;0;0;1;0;1;0;0;0;1;1;0;0;-1;-1;0;0;-1;-1;-1;-1;-1;-1;-1;-1;-1;11;22;59;69;95;27;59;90;37;0;0;6.46;2.6;Oriental;Huracán;1.55;1.5;1.4;1.67;1.3;1;89;79;42;32;5;0;0;0;0;0;0;860;20;Y;Y;Y;Y;N;N;Y
242169;4379;4377;2015/2016;complete;1528;15;-1;12,63,66;69,78;3;2;5;-1;-1;-1;-1;-1;3;1;0;0;-1;-1;-1;-1;-1;-1;-1;-1;-1;-1;3;1;0;0;0;0;0;0;0;0;0;0;0;0;0;0;0;0;0;0;0;0;0;0;0;0;0;0;0;0;0;0;0;0;0;0;0;0;0;0;0;0;0;0;0;0;0;0;0;0;0;0;0;0;0;0;0;0;0;0;0;0;0;0;0;0;0;0;0;0;5;1;0;2;2;4;1;2016-06-11 18:00:00;4379;0;52;10;26;0;-1;1;-1;-1;-1;-1;-1;-1;1;1;2;0;2;2;-1;0;0;0;0;0;0;0;0;0;0;0;0;0;1;1;0;0;-1;-1;0;0;-1;-1;-1;-1;-1;-1;-1;-1;-1;21;26;62;73;95;42;62;90;52;0;0;6.67;2.86;Torque;Central Español;2.09;0.7;2;0.78;1.35;1.05;80;75;38;27;6;0;0;0;0;0;0;860;20;Y;Y;Y;Y;Y;N;Y
242170;4373;4369;2015/2016;complete;1528;15;-1;;78;0;1;1;-1;-1;-1;-1;-1;2;4;1;1;-1;-1;-1;-1;-1;-1;-1;-1;-1;-1;4;6;0;0;0;0;0;0;0;0;0;0;0;0;0;0;0;0;0;0;0;0;0;0;0;0;0;0;0;0;0;0;0;0;0;0;0;0;0;0;0;0;0;0;0;0;0;0;0;0;0;0;0;0;0;0;0;0;0;0;0;0;0;0;0;0;0;0;0;0;1;0;0;0;1;1;0;2016-06-11 18:00:00;4369;0;47;21;21;0;-1;1;-1;-1;-1;-1;-1;-1;0;3;3;2;3;5;-1;0;0;0;0;0;0;0;0;0;0;0;0;0;1;1;0;0;-1;-1;0;1;-1;-1;-1;-1;-1;-1;-1;-1;-1;16;31;47;80;100;26;85;84;47;0;0;6.63;2.83;Deportivo Maldonado;Atenas;1.4;1.45;1.56;1.3;1.21;1.25;85;69;54;21;0;0;0;0;0;0;0;860;20;Y;N;N;N;N;N;N
242171;4378;4374;2015/2016;complete;1528;15;-1;;26;0;1;1;-1;-1;-1;-1;-1;2;3;2;1;-1;-1;-1;-1;-1;-1;-1;-1;-1;-1;5;5;0;0;0;0;0;0;0;0;0;0;0;0;0;0;0;0;0;0;0;0;0;0;0;0;0;0;0;0;0;0;0;0;0;0;0;0;0;0;0;0;0;0;0;0;0;0;0;0;0;0;0;0;0;0;0;0;0;0;0;0;0;0;0;0;0;0;0;0;1;0;1;0;0;0;1;2016-06-11 18:00:00;4374;0;45;22;28;0;-1;1;-1;-1;-1;-1;-1;-1;0;0;4;4;0;8;-1;0;0;0;0;0;0;0;0;0;0;0;0;0;1;1;0;0;-1;-1;0;0;-1;-1;-1;-1;-1;-1;-1;-1;-1;17;33;56;78;95;33;56;89;61;0;0;7;2.89;Progreso;Canadian;1.1;1.4;1.22;1.22;1.4;0.95;84;67;44;22;6;0;0;0;0;0;0;860;21;Y;N;N;N;N;N;N
