ID;HOMEID;AWAYID;SEASON;STATUS;ROUNDID;GAME_WEEK;REVISED_GAME_WEEK;HOMEGOALS;AWAYGOALS;HOMEGOALCOUNT;AWAYGOALCOUNT;TOTALGOALCOUNT;TEAM_A_CORNERS;TEAM_B_CORNERS;TOTALCORNERCOUNT;TEAM_A_OFFSIDES;TEAM_B_OFFSIDES;TEAM_A_YELLOW_CARDS;TEAM_B_YELLOW_CARDS;TEAM_A_RED_CARDS;TEAM_B_RED_CARDS;TEAM_A_SHOTSONTARGET;TEAM_B_SHOTSONTARGET;TEAM_A_SHOTSOFFTARGET;TEAM_B_SHOTSOFFTARGET;TEAM_A_SHOTS;TEAM_B_SHOTS;TEAM_A_FOULS;TEAM_B_FOULS;TEAM_A_POSSESSION;TEAM_B_POSSESSION;TEAM_A_CARDS_NUM;TEAM_B_CARDS_NUM;ODDS_FT_1;ODDS_FT_X;ODDS_FT_2;ODDS_FT_OVER05;ODDS_FT_OVER15;ODDS_FT_OVER25;ODDS_FT_OVER35;ODDS_FT_OVER45;ODDS_FT_UNDER05;ODDS_FT_UNDER15;ODDS_FT_UNDER25;ODDS_FT_UNDER35;ODDS_FT_UNDER45;ODDS_BTTS_YES;ODDS_BTTS_NO;ODDS_TEAM_A_CS_YES;ODDS_TEAM_A_CS_NO;ODDS_TEAM_B_CS_YES;ODDS_TEAM_B_CS_NO;ODDS_DOUBLECHANCE_1X;ODDS_DOUBLECHANCE_12;ODDS_DOUBLECHANCE_X2;ODDS_1ST_HALF_RESULT_1;ODDS_1ST_HALF_RESULT_X;ODDS_1ST_HALF_RESULT_2;ODDS_2ND_HALF_RESULT_1;ODDS_2ND_HALF_RESULT_X;ODDS_2ND_HALF_RESULT_2;ODDS_DNB_1;ODDS_DNB_2;ODDS_CORNERS_OVER_75;ODDS_CORNERS_OVER_85;ODDS_CORNERS_OVER_95;ODDS_CORNERS_OVER_105;ODDS_CORNERS_OVER_115;ODDS_CORNERS_UNDER_75;ODDS_CORNERS_UNDER_85;ODDS_CORNERS_UNDER_95;ODDS_CORNERS_UNDER_105;ODDS_CORNERS_UNDER_115;ODDS_CORNERS_1;ODDS_CORNERS_X;ODDS_CORNERS_2;ODDS_TEAM_TO_SCORE_FIRST_1;ODDS_TEAM_TO_SCORE_FIRST_X;ODDS_TEAM_TO_SCORE_FIRST_2;ODDS_WIN_TO_NIL_1;ODDS_WIN_TO_NIL_2;ODDS_1ST_HALF_OVER05;ODDS_1ST_HALF_OVER15;ODDS_1ST_HALF_OVER25;ODDS_1ST_HALF_OVER35;ODDS_1ST_HALF_UNDER05;ODDS_1ST_HALF_UNDER15;ODDS_1ST_HALF_UNDER25;ODDS_1ST_HALF_UNDER35;ODDS_2ND_HALF_OVER05;ODDS_2ND_HALF_OVER15;ODDS_2ND_HALF_OVER25;ODDS_2ND_HALF_OVER35;ODDS_2ND_HALF_UNDER05;ODDS_2ND_HALF_UNDER15;ODDS_2ND_HALF_UNDER25;ODDS_2ND_HALF_UNDER35;ODDS_BTTS_1ST_HALF_YES;ODDS_BTTS_1ST_HALF_NO;ODDS_BTTS_2ND_HALF_YES;ODDS_BTTS_2ND_HALF_NO;OVERALLGOALCOUNT;HT_GOALS_TEAM_A;HT_GOALS_TEAM_B;GOALS_2HG_TEAM_A;GOALS_2HG_TEAM_B;GOALCOUNT_2HG;HTGOALCOUNT;DATE_UNIX;WINNINGTEAM;NO_HOME_AWAY;BTTS_POTENTIAL;BTTS_FHG_POTENTIAL;BTTS_2HG_POTENTIAL;GOALTIMINGDISABLED;CORNER_TIMINGS_RECORDED;CARD_TIMINGS_RECORDED;TEAM_A_FH_CORNERS;TEAM_B_FH_CORNERS;TEAM_A_2H_CORNERS;TEAM_B_2H_CORNERS;CORNER_FH_COUNT;CORNER_2H_COUNT;TEAM_A_FH_CARDS;TEAM_B_FH_CARDS;TEAM_A_2H_CARDS;TEAM_B_2H_CARDS;TOTAL_FH_CARDS;TOTAL_2H_CARDS;ATTACKS_RECORDED;TEAM_A_DANGEROUS_ATTACKS;TEAM_B_DANGEROUS_ATTACKS;TEAM_A_ATTACKS;TEAM_B_ATTACKS;TEAM_A_XG;TEAM_B_XG;TOTAL_XG;TEAM_A_PENALTIES_WON;TEAM_B_PENALTIES_WON;TEAM_A_PENALTY_GOALS;TEAM_B_PENALTY_GOALS;TEAM_A_PENALTY_MISSED;TEAM_B_PENALTY_MISSED;PENS_RECORDED;GOAL_TIMINGS_RECORDED;TEAM_A_0_10_MIN_GOALS;TEAM_B_0_10_MIN_GOALS;TEAM_A_CORNERS_0_10_MIN;TEAM_B_CORNERS_0_10_MIN;TEAM_A_CARDS_0_10_MIN;TEAM_B_CARDS_0_10_MIN;THROWINS_RECORDED;TEAM_A_THROWINS;TEAM_B_THROWINS;FREEKICKS_RECORDED;TEAM_A_FREEKICKS;TEAM_B_FREEKICKS;GOALKICKS_RECORDED;TEAM_A_GOALKICKS;TEAM_B_GOALKICKS;O45_POTENTIAL;O35_POTENTIAL;O25_POTENTIAL;O15_POTENTIAL;O05_POTENTIAL;O15HT_POTENTIAL;O05HT_POTENTIAL;O05_2H_POTENTIAL;O15_2H_POTENTIAL;CORNERS_POTENTIAL;OFFSIDES_POTENTIAL;CARDS_POTENTIAL;AVG_POTENTIAL;HOME_NAME;AWAY_NAME;HOME_PPG;AWAY_PPG;PRE_MATCH_HOME_PPG;PRE_MATCH_AWAY_PPG;PRE_MATCH_TEAMA_OVERALL_PPG;PRE_MATCH_TEAMB_OVERALL_PPG;U45_POTENTIAL;U35_POTENTIAL;U25_POTENTIAL;U15_POTENTIAL;U05_POTENTIAL;CORNERS_O85_POTENTIAL;CORNERS_O95_POTENTIAL;CORNERS_O105_POTENTIAL;TEAM_A_XG_PREMATCH;TEAM_B_XG_PREMATCH;TOTAL_XG_PREMATCH;COMPETITION_ID;MATCHES_COMPLETED_MINIMUM;OVER05;OVER15;OVER25;OVER35;OVER45;OVER55;BTTS
557123;4377;4368;2019;complete;4490;1;-1;;55;0;1;1;6;4;10;-1;-1;3;4;1;1;5;5;9;4;14;9;-1;-1;50;50;5;6;2.25;3.15;2.7;0;0;1.95;0;0;0;0;1.85;0;0;0;0;0;0;0;0;1.4;1.36;1.57;0;0;0;0;0;0;0;0;0;0;0;0;0;0;0;0;0;0;0;0;0;0;0;0;0;0;0;0;0;0;0;0;0;0;0;0;0;0;0;0;0;0;0;0;0;0;1;0;0;0;1;1;0;2019-05-05 18:30:00;4368;0;0;0;0;0;1;1;1;3;5;1;4;6;1;1;3;4;2;7;1;66;40;88;87;1.71;1.21;2.92;0;0;0;0;0;0;1;1;0;0;0;0;0;0;-1;-1;-1;-1;-1;-1;-1;-1;-1;0;0;0;0;0;0;0;0;0;0;0;0;0;Central Español;Rentistas;1.27;1.38;0;0;0;0;0;0;0;0;0;0;0;0;0;0;0;1949;22;Y;N;N;N;N;N;N
557125;4390;4373;2019;complete;4490;1;-1;;18,47,51;0;3;3;3;6;9;-1;-1;2;1;0;0;2;7;3;4;5;11;-1;-1;50;50;2;1;0;0;0;0;0;0;0;0;0;0;0;0;0;0;0;0;0;0;0;0;0;0;0;0;0;0;0;0;0;0;0;0;0;0;0;0;0;0;0;0;0;0;0;0;0;0;0;0;0;0;0;0;0;0;0;0;0;0;0;0;0;0;0;0;0;0;0;0;3;0;1;0;2;2;1;2019-05-04 18:30:00;4373;0;0;0;0;0;1;1;2;4;1;2;6;3;0;1;2;0;1;2;1;53;54;97;119;0.85;1.59;2.44;0;0;0;0;0;0;1;1;0;0;0;4;0;0;-1;-1;-1;-1;-1;-1;-1;-1;-1;0;0;0;0;0;0;0;0;0;0;0;0;0;Bella Vista;Deportivo Maldonado;0.73;1.55;0;0;0;0;0;0;0;0;0;0;0;0;0;0;0;1949;22;Y;Y;Y;N;N;N;N
557126;4379;4395;2019;complete;4490;1;-1;59,86;;2;0;2;5;2;7;-1;-1;2;3;0;0;3;0;0;0;3;0;-1;-1;50;50;2;3;1.79;3.46;4.08;0;0;2;0;0;0;0;1.8;0;0;0;0;0;0;0;0;1.2;1.33;2;0;0;0;0;0;0;0;0;0;0;0;0;0;0;0;0;0;0;0;0;0;0;0;0;0;0;0;0;0;0;0;0;0;0;0;0;0;0;0;0;0;0;0;0;0;0;2;0;0;2;0;2;0;2019-05-04 18:30:00;4379;0;0;0;0;0;1;1;3;2;2;0;5;2;0;1;2;2;1;4;1;49;36;0;0;0.74;0.25;0.99;0;0;0;0;0;0;1;1;0;0;0;1;0;0;-1;-1;-1;-1;-1;-1;-1;-1;-1;0;0;0;0;0;0;0;0;0;0;0;0;0;Torque;Albion;2.09;1.18;0;0;0;0;0;0;0;0;0;0;0;0;0;0;0;1949;22;Y;Y;N;N;N;N;N
557127;4370;4369;2019;complete;4490;1;-1;-1,-1;-1,-1;2;2;4;-1;-1;-1;-1;-1;-1;-1;-1;-1;-1;-1;-1;-1;-1;-1;-1;-1;-1;-1;-1;-1;0;0;0;0;0;0;0;0;0;0;0;0;0;0;0;0;0;0;0;0;0;0;0;0;0;0;0;0;0;0;0;0;0;0;0;0;0;0;0;0;0;0;0;0;0;0;0;0;0;0;0;0;0;0;0;0;0;0;0;0;0;0;0;0;0;0;0;0;4;0;0;0;0;0;0;2019-05-04 18:30:00;-1;0;0;0;0;1;-1;-1;-1;-1;-1;-1;-1;-1;-1;-1;-1;-1;-1;-1;-1;0;0;0;0;0;0;0;-1;-1;-1;-1;-1;-1;-1;-1;-1;-1;-1;-1;-1;-1;-1;-1;-1;-1;-1;-1;-1;-1;-1;0;0;0;0;0;0;0;0;0;0;0;0;0;Tacuarembó;Atenas;1.09;1.64;0;0;0;0;0;0;0;0;0;0;0;0;0;0;0;1949;22;Y;Y;Y;Y;N;N;Y
557128;4375;4367;2019;complete;4490;1;-1;;-1;0;1;1;-1;-1;-1;-1;-1;-1;-1;-1;-1;-1;-1;-1;-1;-1;-1;-1;-1;-1;-1;-1;-1;0;0;0;0;0;0;0;0;0;0;0;0;0;0;0;0;0;0;0;0;0;0;0;0;0;0;0;0;0;0;0;0;0;0;0;0;0;0;0;0;0;0;0;0;0;0;0;0;0;0;0;0;0;0;0;0;0;0;0;0;0;0;0;0;0;0;0;0;1;0;0;0;0;0;0;2019-05-04 18:30:00;4367;0;0;0;0;1;-1;-1;-1;-1;-1;-1;-1;-1;-1;-1;-1;-1;-1;-1;-1;0;0;0;0;0;0;0;-1;-1;-1;-1;-1;-1;-1;-1;-1;-1;-1;-1;-1;-1;-1;-1;-1;-1;-1;-1;-1;-1;-1;0;0;0;0;0;0;0;0;0;0;0;0;0;Cerrito;Villa Teresa;1.25;1.45;0;0;0;0;0;0;0;0;0;0;0;0;0;0;0;1949;22;Y;N;N;N;N;N;N
557129;4366;4353;2019;complete;4490;1;-1;;;0;0;0;9;4;13;-1;-1;5;3;0;0;2;5;4;8;6;13;-1;-1;50;50;5;3;2.4;3.15;2.55;0;0;2.05;0;0;0;0;1.75;0;0;0;0;0;0;0;0;1.53;1.36;1.44;0;0;0;0;0;0;0;0;0;0;0;0;0;0;0;0;0;0;0;0;0;0;0;0;0;0;0;0;0;0;0;0;0;0;0;0;0;0;0;0;0;0;0;0;0;0;0;0;0;0;0;0;0;2019-05-07 18:30:00;-1;0;0;0;0;0;1;1;2;3;7;1;5;8;0;2;5;1;2;6;1;52;62;68;78;0.9;1.61;2.51;0;0;0;0;0;0;1;1;0;0;1;2;0;0;-1;-1;-1;-1;-1;-1;-1;-1;-1;0;0;0;0;0;0;0;0;0;0;0;0;0;Villa Española;Sud América;1.23;1.25;0;0;0;0;0;0;0;0;0;0;0;0;0;0;0;1949;24;N;N;N;N;N;N;N
557130;4395;4390;2019;complete;4490;2;-1;33;;1;0;1;7;5;12;-1;-1;4;3;0;0;2;0;0;0;2;0;-1;-1;50;50;4;3;1.73;3.5;4;0;0;2.2;0;0;0;0;1.65;0;0;0;0;0;0;0;0;1.22;1.29;2;0;0;0;0;0;0;0;0;0;0;0;0;0;0;0;0;0;0;0;0;0;0;0;0;0;0;0;0;0;0;0;0;0;0;0;0;0;0;0;0;0;0;0;0;0;0;1;1;0;0;0;0;1;2019-05-11 13:05:00;4395;0;0;0;0;0;1;1;2;1;5;4;3;9;2;1;2;2;3;4;1;51;52;0;0;0.62;0.36;0.99;0;0;0;0;0;0;1;1;0;0;0;0;0;1;-1;-1;-1;-1;-1;-1;-1;-1;-1;0;0;0;0;0;0;0;0;0;0;0;0;0;Albion;Bella Vista;1.27;1.09;0;0;0;0;0;0;0;0;0;0;0;0;0;0;0;1949;22;Y;N;N;N;N;N;N
557131;4369;4379;2019;complete;4490;2;-1;51;15;1;1;2;9;2;11;-1;-1;5;1;0;0;4;3;5;2;9;5;-1;-1;50;50;5;1;2.3;3.1;3.55;1.08;1.47;2.4;4.7;0;7;2.65;1.54;1.18;1.04;2.05;1.71;0;0;0;0;1.44;1.33;1.57;0;0;0;0;0;0;0;0;0;0;0;0;0;0;0;0;0;0;0;0;0;0;0;0;0;0;0;0;0;0;0;0;0;0;0;0;0;0;0;0;0;0;0;0;0;0;2;0;1;1;0;1;1;2019-05-11 18:30:00;-1;0;0;0;0;0;1;1;7;1;2;1;8;3;3;1;2;0;4;2;1;78;50;109;92;1.42;0.9;2.31;0;0;0;0;0;0;1;1;0;0;2;1;0;1;-1;-1;-1;-1;-1;-1;-1;-1;-1;0;0;0;0;0;0;0;0;0;0;0;0;0;Atenas;Torque;1;1.91;0;0;1;3;0;0;0;0;0;0;0;0;0;0;0;1949;22;Y;Y;N;N;N;N;Y
557132;4373;4377;2019;complete;4490;2;-1;45;;1;0;1;-1;-1;-1;-1;-1;3;3;0;1;-1;-1;-1;-1;-1;-1;-1;-1;-1;-1;3;4;0;0;0;0;0;0;0;0;0;0;0;0;0;0;0;0;0;0;0;0;0;0;0;0;0;0;0;0;0;0;0;0;0;0;0;0;0;0;0;0;0;0;0;0;0;0;0;0;0;0;0;0;0;0;0;0;0;0;0;0;0;0;0;0;0;0;0;0;1;1;0;0;0;0;1;2019-05-11 18:30:00;4373;0;0;0;0;0;-1;1;-1;-1;-1;-1;-1;-1;1;1;2;3;2;5;-1;0;0;0;0;0;0;0;0;0;0;0;0;0;1;1;0;0;-1;-1;0;0;-1;-1;-1;-1;-1;-1;-1;-1;-1;0;0;0;0;0;0;0;0;0;0;0;0;0;Deportivo Maldonado;Central Español;2.09;0.73;0;0;3;0;0;0;0;0;0;0;0;0;0;0;0;1949;22;Y;N;N;N;N;N;N
557133;4367;4366;2019;complete;4490;2;-1;;24,49;0;2;2;7;3;10;-1;-1;3;6;0;1;9;5;10;7;19;12;-1;-1;50;50;3;8;1.83;3.4;3.75;0;0;1.9;0;0;0;0;1.9;0;0;0;0;0;0;0;0;1.25;1.3;1.83;0;0;0;0;0;0;0;0;0;0;0;0;0;0;0;0;0;0;0;0;0;0;0;0;0;0;0;0;0;0;0;0;0;0;0;0;0;0;0;0;0;0;0;0;0;0;2;0;1;0;1;1;1;2019-05-11 13:05:00;4366;0;0;0;0;0;1;1;3;1;4;2;4;6;0;2;3;5;2;8;1;118;47;162;96;2.68;1.45;4.13;0;0;0;0;0;0;1;1;0;0;0;0;0;0;-1;-1;-1;-1;-1;-1;-1;-1;-1;0;0;0;0;0;0;0;0;0;0;0;0;0;Villa Teresa;Villa Española;1.09;1.85;0;0;3;1;0;0;0;0;0;0;0;0;0;0;0;1949;22;Y;Y;N;N;N;N;N
557134;4368;4375;2019;complete;4490;2;-1;-1;;1;0;1;-1;-1;-1;-1;-1;-1;-1;-1;-1;-1;-1;-1;-1;-1;-1;-1;-1;-1;-1;-1;-1;0;0;0;0;0;0;0;0;0;0;0;0;0;0;0;0;0;0;0;0;0;0;0;0;0;0;0;0;0;0;0;0;0;0;0;0;0;0;0;0;0;0;0;0;0;0;0;0;0;0;0;0;0;0;0;0;0;0;0;0;0;0;0;0;0;0;0;0;1;0;0;0;0;0;0;2019-05-11 13:05:00;4368;0;0;0;0;1;-1;-1;-1;-1;-1;-1;-1;-1;-1;-1;-1;-1;-1;-1;-1;0;0;0;0;0;0;0;-1;-1;-1;-1;-1;-1;-1;-1;-1;-1;-1;-1;-1;-1;-1;-1;-1;-1;-1;-1;-1;-1;-1;0;0;0;0;0;0;0;0;0;0;0;0;0;Rentistas;Cerrito;2.23;1.5;0;0;3;0;0;0;0;0;0;0;0;0;0;0;0;1949;24;Y;N;N;N;N;N;N
557135;4353;4370;2019;complete;4490;2;-1;55;;1;0;1;3;3;6;-1;-1;2;2;0;1;5;3;5;7;10;10;-1;-1;50;50;2;4;2.2;3.3;2.8;0;0;2.2;0;0;0;0;1.65;0;0;0;0;0;0;0;0;1.4;1.33;1.62;0;0;0;0;0;0;0;0;0;0;0;0;0;0;0;0;0;0;0;0;0;0;0;0;0;0;0;0;0;0;0;0;0;0;0;0;0;0;0;0;0;0;0;0;0;0;1;0;0;1;0;1;0;2019-05-11 13:05:00;4353;0;0;0;0;0;1;1;3;2;0;1;5;1;1;1;1;2;2;3;1;62;46;107;126;1.44;1.19;2.63;0;0;0;0;0;0;1;1;0;0;1;1;0;0;-1;-1;-1;-1;-1;-1;-1;-1;-1;0;0;0;0;0;0;0;0;0;0;0;0;0;Sud América;Tacuarembó;1.33;0.64;0;0;1;1;0;0;0;0;0;0;0;0;0;0;0;1949;22;Y;N;N;N;N;N;N
557136;4373;4395;2019;complete;4490;3;-1;;;0;0;0;0;0;0;-1;-1;-1;-1;-1;-1;-1;-1;-1;-1;-1;-1;-1;-1;-1;-1;-1;-1;1.91;3.35;3.35;0;0;2.05;0;0;0;0;1.75;0;0;0;0;0;0;0;0;1.3;1.3;1.8;0;0;0;0;0;0;0;0;0;0;0;0;0;0;0;0;0;0;0;0;0;0;0;0;0;0;0;0;0;0;0;0;0;0;0;0;0;0;0;0;0;0;0;0;0;0;0;0;0;0;0;0;0;2019-05-18 18:00:00;-1;0;0;0;0;0;1;-1;0;0;0;0;0;0;-1;-1;-1;-1;-1;-1;-1;0;0;0;0;0;0;0;0;0;0;0;0;0;1;1;0;0;0;0;-1;-1;-1;-1;-1;-1;-1;-1;-1;-1;-1;0;0;0;50;100;0;50;50;50;2;0;6;1.5;Deportivo Maldonado;Albion;2.09;1.18;3;0;3;1.5;100;100;100;50;0;0;0;0;0;0.25;0.25;1949;22;N;N;N;N;N;N;N
557137;4379;4353;2019;complete;4490;3;-1;52;68;1;1;2;4;4;8;-1;-1;2;5;0;0;7;5;3;6;10;11;-1;-1;50;50;2;5;1.91;3.35;3.35;0;0;1.85;0;0;0;0;1.95;0;0;0;0;0;0;0;0;1.3;1.3;1.8;0;0;0;0;0;0;0;0;0;0;0;0;0;0;0;0;0;0;0;0;0;0;0;0;0;0;0;0;0;0;0;0;0;0;0;0;0;0;0;0;0;0;0;0;0;0;2;0;0;1;1;2;0;2019-05-17 22:30:00;-1;0;0;0;0;0;1;1;0;2;4;2;2;6;0;0;2;5;0;7;1;54;60;75;87;1.51;1.48;2.99;0;0;0;0;0;0;1;1;0;0;0;0;0;0;-1;-1;-1;-1;-1;-1;-1;-1;-1;0;0;0;50;50;0;0;50;50;9;0;5;1;Torque;Sud América;2.09;1.25;3;1;2;2;100;100;100;50;50;50;50;50;0.74;1.61;2.35;1949;22;Y;Y;N;N;N;N;Y
557138;4377;4375;2019;complete;4490;3;-1;;38;0;1;1;8;3;11;-1;-1;3;2;1;0;2;4;4;3;6;7;-1;-1;50;50;5;2;2.25;3.2;2.75;0;0;1.95;0;0;0;0;1.85;0;0;0;0;0;0;0;0;1.4;1.33;1.57;0;0;0;0;0;0;0;0;0;0;0;0;0;0;0;0;0;0;0;0;0;0;0;0;0;0;0;0;0;0;0;0;0;0;0;0;0;0;0;0;0;0;0;0;0;0;1;0;1;0;0;0;1;2019-05-18 13:05:00;4375;0;0;0;0;0;1;1;3;2;5;1;5;6;0;0;4;2;0;6;1;52;45;123;121;0.91;1.07;1.98;0;0;0;0;0;0;1;1;0;0;0;1;0;0;-1;-1;-1;-1;-1;-1;-1;-1;-1;0;0;0;0;100;0;0;50;0;6;0;5;1;Central Español;Cerrito;1.27;1.5;0;0;0;0;100;100;100;100;0;50;50;0;1.71;0;1.71;1949;22;Y;N;N;N;N;N;N
557139;4366;4368;2019;complete;4490;3;-1;47,58;72,84;2;2;4;4;6;10;-1;-1;2;1;1;1;5;4;2;6;7;10;-1;-1;50;50;4;3;2.3;3.1;2.8;0;0;2;0;0;0;0;1.8;0;0;0;0;0;0;0;0;1.4;1.36;1.57;0;0;0;0;0;0;0;0;0;0;0;0;0;0;0;0;0;0;0;0;0;0;0;0;0;0;0;0;0;0;0;0;0;0;0;0;0;0;0;0;0;0;0;0;0;0;4;0;0;2;2;4;0;2019-05-19 18:00:00;-1;0;0;0;0;0;1;1;0;2;4;4;2;8;2;2;1;0;4;1;1;47;69;63;83;1.13;1.41;2.54;0;0;0;0;0;0;1;1;0;0;0;0;0;0;-1;-1;-1;-1;-1;-1;-1;-1;-1;0;0;0;0;50;0;0;50;0;13;0;11;0.5;Villa Española;Rentistas;1.23;1.38;1;3;2;3;100;100;100;100;50;100;100;50;0.9;1.21;2.11;1949;26;Y;Y;Y;Y;N;N;Y
557140;4370;4367;2019;complete;4490;3;-1;-1;-1,-1;1;2;3;-1;-1;-1;-1;-1;-1;-1;-1;-1;-1;-1;-1;-1;-1;-1;-1;-1;-1;-1;-1;-1;0;0;0;0;0;0;0;0;0;0;0;0;0;0;0;0;0;0;0;0;0;0;0;0;0;0;0;0;0;0;0;0;0;0;0;0;0;0;0;0;0;0;0;0;0;0;0;0;0;0;0;0;0;0;0;0;0;0;0;0;0;0;0;0;0;0;0;0;3;0;0;0;0;0;0;2019-05-19 18:00:00;4367;0;50;0;0;1;-1;-1;-1;-1;-1;-1;-1;-1;-1;-1;-1;-1;-1;-1;-1;0;0;0;0;0;0;0;-1;-1;-1;-1;-1;-1;-1;-1;-1;-1;-1;-1;-1;-1;-1;-1;-1;-1;-1;-1;-1;-1;-1;0;50;50;50;100;0;0;0;0;0;0;0;2.5;Tacuarembó;Villa Teresa;1.09;1.45;1;3;0.5;1.5;100;50;50;50;0;0;0;0;0;0;0;1949;22;Y;Y;Y;N;N;N;Y
557141;4390;4369;2019;complete;4490;3;-1;2,35;10,33,39,57;2;4;6;10;5;15;-1;-1;2;5;0;1;10;6;10;4;20;10;-1;-1;50;50;2;7;2.45;3.35;2.35;0;0;1.9;0;0;0;0;1.9;0;0;0;0;0;0;0;0;1.53;1.3;1.53;0;0;0;0;0;0;0;0;0;0;0;0;0;0;0;0;0;0;0;0;0;0;0;0;0;0;0;0;0;0;0;0;0;0;0;0;0;0;0;0;0;0;0;0;0;0;6;2;3;0;1;1;5;2019-05-18 18:00:00;4369;0;50;0;0;0;1;1;3;5;7;0;8;7;0;2;2;4;2;6;1;62;42;71;56;2.4;1.35;3.75;0;0;0;0;0;0;1;1;1;1;0;0;0;0;-1;-1;-1;-1;-1;-1;-1;-1;-1;0;50;100;100;100;0;50;50;50;3;0;2;3.5;Bella Vista;Atenas;0.73;1.64;0;1;0;1;100;50;0;0;0;50;0;0;0.85;0;0.85;1949;22;Y;Y;Y;Y;Y;Y;Y
557142;4369;4373;2019;complete;4490;4;-1;;58;0;1;1;6;2;8;-1;-1;3;3;0;0;3;3;12;6;15;9;-1;-1;50;50;3;3;1.91;3.1;3.55;0;0;2;0;0;0;0;1.8;0;0;0;0;0;0;0;0;1.3;1.36;1.73;0;0;0;0;0;0;0;0;0;0;0;0;0;0;0;0;0;0;0;0;0;0;0;0;0;0;0;0;0;0;0;0;0;0;0;0;0;0;0;0;0;0;0;0;0;0;1;0;0;0;1;1;0;2019-05-26 18:00:00;4373;0;50;0;0;0;1;1;3;1;3;1;4;4;1;1;2;2;2;4;1;84;72;115;104;1.76;1.3;3.07;0;0;0;0;0;0;1;1;0;0;0;0;0;1;-1;-1;-1;-1;-1;-1;-1;-1;-1;0;0;50;100;100;0;100;100;50;15;0;6;2.5;Atenas;Deportivo Maldonado;1;1.55;1;3;1.67;2.33;100;100;50;0;0;100;50;50;1.42;1.59;3.01;1949;22;Y;N;N;N;N;N;N
557143;4395;4377;2019;complete;4490;4;-1;25,26,65;1;3;1;4;6;6;12;-1;-1;3;4;1;0;5;6;3;2;8;8;-1;-1;57;43;5;4;2;3.1;3.35;0;0;2.1;0;0;0;0;1.7;0;0;0;0;0;0;0;0;1.5;1.36;1.5;0;0;0;0;0;0;0;0;0;0;0;0;0;0;0;0;0;0;0;0;0;0;0;0;0;0;0;0;0;0;0;0;0;0;0;0;0;0;0;0;0;0;0;0;0;0;4;2;1;1;0;1;3;2019-05-25 18:00:00;4395;0;0;0;0;0;1;1;4;2;2;4;6;6;1;3;3;1;4;4;1;46;63;96;83;1.2;1.38;2.58;0;0;0;0;0;0;1;1;0;1;1;1;0;0;-1;-1;-1;-1;-1;-1;-1;-1;-1;0;0;0;0;100;0;100;0;0;7;0;8;1;Albion;Central Español;1.27;0.73;3;0;1.33;0;100;100;100;100;0;50;50;50;0.62;0;0.62;1949;22;Y;Y;Y;Y;N;N;Y
557144;4353;4390;2019;complete;4490;4;-1;48,61;70;2;1;3;2;5;7;-1;-1;1;4;0;0;7;4;4;8;11;12;-1;-1;50;50;1;4;1.56;3.4;5.35;0;0;0;0;0;0;0;0;0;0;0;0;0;0;0;0;0;0;0;0;0;0;0;0;0;0;0;0;0;0;0;0;0;0;0;0;0;0;0;0;0;0;0;0;0;0;0;0;0;0;0;0;0;0;0;0;0;0;0;0;0;0;0;0;0;3;0;0;2;1;3;0;2019-05-25 18:00:00;4353;0;0;0;0;0;-1;1;-1;-1;-1;-1;-1;-1;0;0;1;4;0;5;-1;0;0;0;0;0;0;0;0;0;0;0;0;0;1;1;0;0;-1;-1;0;0;-1;-1;-1;-1;-1;-1;-1;-1;-1;0;0;0;0;100;0;50;50;0;8;0;5;1;Sud América;Bella Vista;1.33;1.09;3;0;1.67;0;100;100;100;100;0;50;50;50;1.44;0.36;1.8;1949;22;Y;Y;Y;N;N;N;Y
557145;4367;4379;2019;complete;4490;4;-1;90;;1;0;1;4;7;11;-1;-1;5;2;0;0;4;2;4;4;8;6;-1;-1;50;50;5;2;2.25;2.95;2.95;0;0;2.05;0;0;0;0;1.75;0;0;0;0;0;0;0;0;1.36;1.36;1.57;0;0;0;0;0;0;0;0;0;0;0;0;0;0;0;0;0;0;0;0;0;0;0;0;0;0;0;0;0;0;0;0;0;0;0;0;0;0;0;0;0;0;0;0;0;0;1;0;0;1;0;1;0;2019-05-25 13:05:00;4367;0;50;0;0;0;1;1;3;2;1;5;5;6;1;1;4;1;2;5;1;62;38;102;93;1.24;0.81;2.05;0;0;0;0;0;0;1;1;0;0;1;1;0;0;-1;-1;-1;-1;-1;-1;-1;-1;-1;0;0;0;100;100;0;100;100;0;9;0;4;2;Villa Teresa;Torque;1.09;1.91;0;1;2;1.67;100;100;100;0;0;100;100;50;2.68;0.9;3.58;1949;22;Y;N;N;N;N;N;N
557147;4375;4366;2019;complete;4490;4;-1;49;67;1;1;2;6;3;9;-1;-1;3;2;0;0;3;3;3;3;6;6;-1;-1;50;50;3;2;1.91;3.2;3.55;0;0;1.95;0;0;0;0;1.85;0;0;0;0;0;0;0;0;1.36;1.36;1.62;0;0;0;0;0;0;0;0;0;0;0;0;0;0;0;0;0;0;0;0;0;0;0;0;0;0;0;0;0;0;0;0;0;0;0;0;0;0;0;0;0;0;0;0;0;0;2;0;0;1;1;2;0;2019-05-25 18:00:00;-1;0;0;0;0;0;1;1;5;1;1;2;6;3;1;1;2;1;2;3;1;31;31;79;87;0.82;0.83;1.65;0;0;0;0;0;0;1;1;0;0;0;0;0;0;-1;-1;-1;-1;-1;-1;-1;-1;-1;0;0;0;50;100;0;50;50;0;3;0;8;1.5;Cerrito;Villa Española;1.25;1.85;0;3;1;1.67;100;100;100;50;0;50;50;0;0;1.45;1.45;1949;24;Y;Y;N;N;N;N;Y
557148;4368;4370;2019;complete;4490;4;-1;5,28;15;2;1;3;4;4;8;-1;-1;3;3;0;0;10;5;15;14;25;19;-1;-1;50;50;3;3;2.1;3.15;3.05;0;0;1.9;0;0;0;0;1.9;0;0;0;0;0;0;0;0;1.36;1.36;1.67;0;0;0;0;0;0;0;0;0;0;0;0;0;0;0;0;0;0;0;0;0;0;0;0;0;0;0;0;0;0;0;0;0;0;0;0;0;0;0;0;0;0;0;0;0;0;3;2;1;0;0;0;3;2019-05-25 18:00:00;4368;0;0;0;0;0;1;1;2;2;2;2;4;4;1;1;2;2;2;4;1;52;66;63;76;2.63;2.01;4.65;0;0;0;0;0;0;1;1;1;0;1;1;0;0;-1;-1;-1;-1;-1;-1;-1;-1;-1;0;0;0;0;100;0;0;50;0;3;0;4;1;Rentistas;Tacuarembó;2.23;0.64;3;0;2.33;0.33;100;100;100;100;0;0;0;0;0;1.19;1.19;1949;22;Y;Y;Y;N;N;N;Y
557149;4377;4366;2019;complete;4490;5;-1;;8,47,90;0;3;3;10;1;11;-1;-1;4;1;0;1;8;5;12;2;20;7;-1;-1;50;50;4;2;2.25;3.1;2.85;0;0;0;0;0;0;0;0;0;0;0;0;0;0;0;0;0;0;0;0;0;0;0;0;0;0;0;0;0;0;0;0;0;0;0;0;0;0;0;0;0;0;0;0;0;0;0;0;0;0;0;0;0;0;0;0;0;0;0;0;0;0;0;0;0;3;0;1;0;2;2;1;2019-06-01 18:00:00;4366;0;25;0;25;0;1;1;7;1;3;0;8;3;1;0;3;2;1;5;1;106;66;144;103;2.59;1.28;3.86;0;2;0;2;0;0;1;1;0;1;1;0;1;0;-1;-1;-1;-1;-1;-1;-1;-1;-1;0;0;0;50;100;0;50;75;25;10;0;10;1.5;Central Español;Villa Española;1.27;1.85;0;2;0;1.5;100;100;100;50;0;100;75;25;1.31;1.14;2.45;1949;22;Y;Y;Y;N;N;N;N
557150;4395;4369;2019;complete;4490;5;-1;48;30,38,78;1;3;4;8;7;15;-1;-1;2;1;0;0;3;9;9;4;12;13;-1;-1;50;50;2;1;2.45;3.1;2.5;0;0;0;0;0;0;0;0;0;0;0;0;0;0;0;0;0;0;0;0;0;0;0;0;0;0;0;0;0;0;0;0;0;0;0;0;0;0;0;0;0;0;0;0;0;0;0;0;0;0;0;0;0;0;0;0;0;0;0;0;0;0;0;0;0;4;0;2;1;1;2;2;2019-06-01 18:00:00;4369;0;75;75;0;0;1;1;6;6;2;1;12;3;1;0;1;1;1;2;1;72;82;89;107;1.48;2.04;3.53;0;0;0;0;0;0;1;1;0;0;2;4;1;0;-1;-1;-1;-1;-1;-1;-1;-1;-1;25;75;75;75;100;50;75;50;0;11.5;0;11.5;3.75;Albion;Atenas;1.27;1.64;3;2;1.75;1.25;75;25;25;25;0;100;100;100;0.91;1.35;2.26;1949;22;Y;Y;Y;Y;N;N;Y
557151;4373;4353;2019;complete;4490;5;-1;2,51;;2;0;2;5;9;14;-1;-1;5;3;0;0;7;3;6;5;13;8;-1;-1;50;50;5;3;1.91;3.2;3.55;0;0;0;0;0;0;0;0;0;0;0;0;0;0;0;0;0;0;0;0;0;0;0;0;0;0;0;0;0;0;0;0;0;0;0;0;0;0;0;0;0;0;0;0;0;0;0;0;0;0;0;0;0;0;0;0;0;0;0;0;0;0;0;0;0;2;1;0;1;0;1;1;2019-06-01 18:00:00;4373;0;25;0;25;0;1;1;4;7;1;2;11;3;1;1;4;2;2;6;1;60;70;99;92;1.75;1.22;2.97;0;0;0;0;0;0;1;1;1;0;0;1;0;0;-1;-1;-1;-1;-1;-1;-1;-1;-1;0;0;0;25;50;0;25;25;25;4;0;7;0.75;Deportivo Maldonado;Sud América;2.09;1.25;2;1;2.5;2;100;100;100;75;50;25;25;25;0;1.55;1.55;1949;22;Y;Y;N;N;N;N;N
557152;4390;4367;2019;complete;4490;5;-1;33,49;52,85;2;2;4;4;10;14;-1;-1;3;2;0;0;5;4;4;5;9;9;-1;-1;50;50;3;2;3.85;3.25;1.8;0;0;0;0;0;0;0;0;0;0;0;0;0;0;0;0;0;0;0;0;0;0;0;0;0;0;0;0;0;0;0;0;0;0;0;0;0;0;0;0;0;0;0;0;0;0;0;0;0;0;0;0;0;0;0;0;0;0;0;0;0;0;0;0;0;4;1;0;1;2;3;1;2019-06-02 18:00:00;-1;0;50;25;0;0;1;1;3;4;1;6;7;7;0;0;3;2;0;5;1;70;88;111;114;1.43;1.49;2.92;0;0;0;0;0;0;1;1;0;0;0;2;0;0;-1;-1;-1;-1;-1;-1;-1;-1;-1;25;25;75;75;100;25;50;50;25;6.5;0;2;3.25;Bella Vista;Villa Teresa;0.73;1.45;0;3;0;2.25;75;75;25;25;0;50;25;25;1.62;0;1.62;1949;22;Y;Y;Y;Y;N;N;Y
557153;4379;4368;2019;complete;4490;5;-1;41;67;1;1;2;1;5;6;-1;-1;3;2;1;1;3;7;7;4;10;11;-1;-1;50;50;5;4;2.15;3.05;3;1.02;1.26;1.87;3.15;5.85;9;3.4;1.83;1.3;1.09;1.69;2.05;0;0;0;0;0;0;0;0;0;0;0;0;0;0;0;0;0;0;0;0;0;0;0;0;0;0;0;0;0;0;0;0;0;0;0;0;0;0;0;0;0;0;0;0;0;0;0;0;0;0;0;0;0;2;1;0;0;1;1;1;2019-06-01 13:05:00;-1;0;50;0;50;0;1;1;1;2;0;3;3;3;2;1;2;2;3;4;1;63;54;100;82;1.3;1.57;2.88;1;1;1;1;0;0;1;1;0;0;0;1;0;0;-1;-1;-1;-1;-1;-1;-1;-1;-1;0;25;25;75;100;0;0;100;75;9.5;0;6.5;2.25;Torque;Rentistas;2.09;1.38;2;2;1.25;2.5;100;75;75;25;0;50;50;0;1.12;1.31;2.43;1949;22;Y;Y;N;N;N;N;Y
557154;4370;4375;2019;complete;4490;5;-1;2,87;;2;0;2;-1;-1;-1;-1;-1;3;3;0;0;-1;-1;-1;-1;-1;-1;-1;-1;-1;-1;3;3;0;0;0;0;0;0;0;0;0;0;0;0;0;0;0;0;0;0;0;0;0;0;0;0;0;0;0;0;0;0;0;0;0;0;0;0;0;0;0;0;0;0;0;0;0;0;0;0;0;0;0;0;0;0;0;0;0;0;0;0;0;0;0;0;0;0;0;0;2;1;0;1;0;1;1;2019-06-02 18:00:00;4370;0;50;0;0;0;-1;1;-1;-1;-1;-1;-1;-1;2;0;1;3;2;4;-1;0;0;0;0;0;0;0;0;0;0;0;0;0;1;1;1;0;-1;-1;1;0;-1;-1;-1;-1;-1;-1;-1;-1;-1;0;25;50;50;100;0;25;0;0;3;0;2;2.25;Tacuarembó;Cerrito;1.09;1.5;0.5;1.5;0.25;1;100;75;50;50;0;50;50;50;0;1.07;1.07;1949;22;Y;Y;N;N;N;N;N
557155;4369;4377;2019;complete;4490;6;-1;13,28,30;62,90;3;2;5;6;0;6;-1;-1;1;5;1;2;6;7;11;4;17;11;-1;-1;50;50;3;8;1.49;3.55;5.65;0;0;2;0;0;0;0;1.8;0;0;0;0;0;0;0;0;1.11;1.29;2.5;0;0;0;0;0;0;0;0;0;0;0;0;0;0;0;0;0;0;0;0;0;0;0;0;0;0;0;0;0;0;0;0;0;0;0;0;0;0;0;0;0;0;0;0;0;0;5;3;0;0;2;2;3;2019-06-08 18:00:00;4369;0;50;25;0;0;-1;1;-1;-1;-1;-1;-1;-1;0;4;2;3;4;5;1;83;77;114;117;2.09;1.75;3.84;0;0;0;0;0;0;1;1;0;0;-1;-1;0;0;-1;-1;-1;-1;-1;-1;-1;-1;-1;0;25;25;50;100;25;75;75;0;13.5;0;8;2;Atenas;Central Español;1;0.73;0.5;0;1.6;0;100;75;75;50;0;75;75;75;1.59;1.38;2.97;1949;22;Y;Y;Y;Y;Y;N;Y
557156;4353;4395;2019;complete;4490;6;-1;;45;0;1;1;7;4;11;-1;-1;2;3;2;2;3;6;9;2;12;8;-1;-1;59;41;6;7;2.15;3.2;2.9;0;0;2.1;0;0;0;0;1.7;0;0;0;0;0;0;0;0;1.44;1.36;1.57;0;0;0;0;0;0;0;0;0;0;0;0;0;0;0;0;0;0;0;0;0;0;0;0;0;0;0;0;0;0;0;0;0;0;0;0;0;0;0;0;0;0;0;0;0;0;1;0;1;0;0;0;1;2019-06-08 18:00:00;4395;0;25;0;25;0;1;1;3;1;4;3;4;7;1;1;3;4;2;7;1;92;45;90;83;1.63;1.26;2.88;0;0;0;0;0;0;1;1;0;0;0;0;0;0;-1;-1;-1;-1;-1;-1;-1;-1;-1;0;0;25;50;75;0;0;75;50;4.5;0;4.5;1.5;Sud América;Albion;1.33;1.18;3;0.5;1.6;1.4;100;100;75;50;25;0;0;0;1.44;0.25;1.69;1949;22;Y;N;N;N;N;N;N
557157;4367;4373;2019;complete;4490;6;-1;82;5,19;1;2;3;9;2;11;-1;-1;1;5;0;1;2;6;10;5;12;11;-1;-1;58;42;1;6;2.15;3.15;2.9;0;0;2.25;0;0;0;0;1.62;0;0;0;0;0;0;0;0;1.4;1.36;1.57;0;0;0;0;0;0;0;0;0;0;0;0;0;0;0;0;0;0;0;0;0;0;0;0;0;0;0;0;0;0;0;0;0;0;0;0;0;0;0;0;0;0;0;0;0;0;3;0;2;1;0;1;2;2019-06-09 18:00:00;4373;0;0;0;0;0;1;1;7;1;2;1;8;3;0;2;1;4;2;5;1;46;19;77;73;1.23;1.26;2.49;1;0;1;0;0;0;1;1;0;1;0;0;0;0;-1;-1;-1;-1;-1;-1;-1;-1;-1;0;0;25;50;100;0;50;100;25;9.5;0;6;1.75;Villa Teresa;Deportivo Maldonado;1.09;1.55;1.5;3;2;2.6;100;100;75;50;0;75;50;25;1.96;1.44;3.4;1949;22;Y;Y;Y;N;N;N;Y
557158;4375;4379;2019;complete;4490;6;-1;90;38,75;1;2;3;5;3;8;-1;-1;4;0;0;0;5;4;6;3;11;7;-1;-1;50;50;4;0;2.2;2.95;2.95;0;0;1.95;0;0;0;0;1.85;0;0;0;0;0;0;0;0;1.36;1.36;1.57;0;0;0;0;0;0;0;0;0;0;0;0;0;0;0;0;0;0;0;0;0;0;0;0;0;0;0;0;0;0;0;0;0;0;0;0;0;0;0;0;0;0;0;0;0;0;3;0;1;1;1;2;1;2019-06-08 18:00:00;4379;0;50;0;50;0;1;1;1;2;4;1;3;5;2;0;2;0;2;2;1;42;34;99;115;1.36;0.99;2.34;0;0;0;0;0;0;1;1;0;0;1;0;0;0;-1;-1;-1;-1;-1;-1;-1;-1;-1;0;0;0;50;100;0;25;75;25;10.5;0;4.5;1.5;Cerrito;Torque;1.25;1.91;0.5;0.5;0.8;1.2;100;100;100;50;0;100;50;50;0.82;0.85;1.67;1949;22;Y;Y;Y;N;N;N;Y
557159;4368;4390;2019;complete;4490;6;-1;7,16;;2;0;2;4;10;14;-1;-1;3;5;0;1;7;7;0;6;7;13;-1;-1;48;52;3;6;1.49;3.55;5.65;0;0;1.9;0;0;0;0;1.9;0;0;0;0;0;0;0;0;1.11;1.29;2.5;0;0;0;0;0;0;0;0;0;0;0;0;0;0;0;0;0;0;0;0;0;0;0;0;0;0;0;0;0;0;0;0;0;0;0;0;0;0;0;0;0;0;0;0;0;0;2;2;0;0;0;0;2;2019-06-08 18:00:00;4368;0;50;50;25;0;1;1;3;6;1;4;9;5;0;2;3;4;2;7;1;71;93;110;115;1.45;1.98;3.44;1;0;1;0;0;0;1;1;1;0;0;0;0;0;-1;-1;-1;-1;-1;-1;-1;-1;-1;0;0;50;50;100;25;50;25;25;9;0;6.5;2;Rentistas;Bella Vista;2.23;1.09;3;0;2.2;0.2;100;100;50;50;0;25;25;25;2.63;0.36;2.99;1949;22;Y;Y;N;N;N;N;N
557160;4366;4370;2019;complete;4490;6;-1;;90;0;1;1;4;5;9;-1;-1;2;2;0;0;14;5;9;7;23;12;-1;-1;52;48;2;2;2.2;3;2.95;0;0;1.95;0;0;0;0;1.85;0;0;0;0;0;0;0;0;1.36;1.36;1.57;0;0;0;0;0;0;0;0;0;0;0;0;0;0;0;0;0;0;0;0;0;0;0;0;0;0;0;0;0;0;0;0;0;0;0;0;0;0;0;0;0;0;0;0;0;0;1;0;0;0;1;1;0;2019-06-08 18:00:00;4370;0;50;25;25;0;1;1;3;3;1;2;6;3;0;0;2;2;0;4;1;46;28;63;50;2.75;1.31;4.05;0;0;0;0;0;0;1;1;0;0;0;1;0;0;-1;-1;-1;-1;-1;-1;-1;-1;-1;0;25;50;50;75;25;25;50;25;10;0;8;2;Villa Española;Tacuarembó;1.23;0.64;1;0;1.8;0.8;100;75;50;50;25;50;50;25;1.01;1.6;2.61;1949;22;Y;N;N;N;N;N;N
557161;4377;4370;2019;complete;4490;7;-1;9;;1;0;1;2;5;7;-1;-1;2;2;1;1;4;3;1;5;5;8;-1;-1;41;59;4;4;2.75;2.95;2.35;0;0;2;0;0;0;0;1.8;0;0;0;0;0;0;0;0;1.53;1.36;1.4;0;0;0;0;0;0;0;0;0;0;0;0;0;0;0;0;0;0;0;0;0;0;0;0;0;0;0;0;0;0;0;0;0;0;0;0;0;0;0;0;0;0;0;0;0;0;1;1;0;0;0;0;1;2019-06-22 18:00:00;4377;0;17;17;0;0;1;1;1;2;1;3;3;4;2;0;1;3;2;4;1;39;53;58;73;0.88;1.1;1.98;0;0;0;0;0;0;1;1;1;0;1;1;0;0;-1;-1;-1;-1;-1;-1;-1;-1;-1;0;0;33;33;100;17;50;67;17;12;0;7.67;1.67;Central Español;Tacuarembó;1.27;0.64;0;1;0;1.17;100;100;67;67;0;67;50;34;1.73;1.5;3.23;1949;22;Y;N;N;N;N;N;N
557162;4395;4367;2019;complete;4490;7;-1;;5,8,56,76;0;4;4;2;4;6;-1;-1;2;3;0;0;3;5;9;3;12;8;-1;-1;50;50;2;3;2.5;2.95;2.6;1.05;1.36;2.15;3.95;7.25;7.5;2.85;1.61;1.2;1.05;1.87;1.8;0;0;0;0;1.57;1.36;1.36;0;0;0;0;0;0;0;0;0;0;0;0;0;0;0;0;0;0;0;0;0;0;0;0;0;0;0;0;0;0;0;0;0;0;0;0;0;0;0;0;0;0;0;0;0;0;4;0;2;0;2;2;2;2019-06-22 18:00:00;4367;0;67;17;67;0;1;1;1;1;1;3;2;4;2;2;0;1;4;1;1;44;45;115;103;1.3;1.19;2.49;0;0;0;0;0;0;1;1;0;2;0;1;0;0;-1;-1;-1;-1;-1;-1;-1;-1;-1;0;50;67;67;100;34;67;50;33;17;0;5.67;2.84;Albion;Villa Teresa;1.27;1.45;2;2.33;1.67;1.67;100;50;33;33;0;100;100;100;1.1;1.49;2.59;1949;22;Y;Y;Y;Y;N;N;N
557163;4390;4375;2019;complete;4490;7;-1;;;0;0;0;5;7;12;-1;-1;3;6;0;0;2;5;6;6;8;11;-1;-1;54;46;3;6;2.4;3.1;2.6;1.04;1.34;2.1;3.8;7;7.5;2.9;1.65;1.21;1.05;1.87;1.83;0;0;0;0;1.53;1.33;1.44;0;0;0;0;0;0;0;0;0;0;0;0;0;0;0;0;0;0;0;0;0;0;0;0;0;0;0;0;0;0;0;0;0;0;0;0;0;0;0;0;0;0;0;0;0;0;1;0;0;0;1;1;0;2019-06-22 18:00:00;4375;0;34;17;17;0;1;1;2;4;3;3;6;6;2;5;1;1;7;2;1;75;70;88;88;1.19;1.55;2.74;0;0;0;0;0;0;1;1;0;0;1;0;0;0;-1;-1;-1;-1;-1;-1;-1;-1;-1;17;34;50;67;100;17;84;67;34;8.67;0;4.83;2.83;Bella Vista;Cerrito;0.73;1.5;0.33;1;0.17;0.67;84;67;50;34;0;100;84;84;1.56;1.07;2.63;1949;22;Y;N;N;N;N;N;N
557165;4373;4368;2019;complete;4490;7;-1;34;;1;0;1;6;3;9;-1;-1;4;4;1;0;6;5;4;6;10;11;-1;-1;47;53;6;4;2.1;3;3.2;1.05;1.38;2.2;4.15;7.75;7;2.75;1.57;1.18;1.04;1.95;1.77;0;0;0;0;1.3;1.36;1.67;0;0;0;0;0;0;0;0;0;0;0;0;0;0;0;0;0;0;0;0;0;0;0;0;0;0;0;0;0;0;0;0;0;0;0;0;0;0;0;0;0;0;0;0;0;0;1;1;0;0;0;0;1;2019-06-22 14:00:00;4373;0;34;0;17;0;1;1;3;0;3;3;3;6;1;0;4;4;1;8;1;60;71;121;119;1.5;1.56;3.06;0;0;0;0;0;0;1;1;0;0;1;0;0;0;-1;-1;-1;-1;-1;-1;-1;-1;-1;0;17;17;50;84;0;50;67;17;10;0;8.33;1.67;Deportivo Maldonado;Rentistas;2.09;1.38;2.33;1.67;2.67;2.33;100;84;84;50;17;84;84;50;1.75;1.4;3.15;1949;22;Y;N;N;N;N;N;N
557166;4379;4366;2019;complete;4490;7;-1;23,83;64;2;1;3;2;4;6;-1;-1;2;3;0;1;6;6;6;1;12;7;-1;-1;50;50;2;5;2.1;3.15;3.05;0;0;2.3;0;0;0;0;1.6;0;0;0;0;0;0;0;0;1.36;1.36;1.62;0;0;0;0;0;0;0;0;0;0;0;0;0;0;0;0;0;0;0;0;0;0;0;0;0;0;0;0;0;0;0;0;0;0;0;0;0;0;0;0;0;0;0;0;0;0;4;1;0;2;1;3;1;2019-06-20 18:00:00;4379;0;50;0;33;0;1;1;2;1;0;3;3;3;2;1;0;3;3;3;1;115;64;171;115;2.02;1.34;3.36;0;0;0;0;0;0;1;1;0;0;0;0;1;0;-1;-1;-1;-1;-1;-1;-1;-1;-1;0;0;17;100;100;0;50;100;67;5.66;0;7;2.17;Torque;Villa Española;2.09;1.85;1.67;2.33;1.5;1.5;100;100;84;0;0;50;34;17;1.18;1.18;2.36;1949;22;Y;Y;Y;Y;N;N;Y
557167;4369;4353;2019;complete;4490;7;-1;55;;1;0;1;6;3;9;-1;-1;1;4;0;0;5;3;7;7;12;10;-1;-1;47;53;1;4;3.2;3.25;2;1.05;1.36;2.15;3.95;7.25;7.5;2.85;1.61;1.2;1.05;1.95;1.77;0;0;0;0;1.57;1.33;1.44;0;0;0;0;0;0;0;0;0;0;0;0;0;0;0;0;0;0;0;0;0;0;0;0;0;0;0;0;0;0;0;0;0;0;0;0;0;0;0;0;0;0;0;0;0;0;2;0;0;2;0;2;0;2019-06-22 19:00:00;4369;0;50;0;17;0;1;1;6;0;0;3;6;3;0;1;1;3;1;4;1;64;83;129;141;1.58;1.45;3.03;0;0;0;0;0;0;1;1;0;0;3;0;0;0;-1;-1;-1;-1;-1;-1;-1;-1;-1;17;17;17;67;84;17;50;84;33;12.67;0;7.34;2;Atenas;Sud América;1;1.25;1.33;0.67;1.83;1.33;84;84;84;33;17;50;50;50;1.76;1.44;3.2;1949;22;Y;Y;N;N;N;N;N
557168;4375;4373;2019;complete;4490;8;-1;40,67;75;2;1;3;5;1;6;-1;-1;3;5;0;1;5;4;6;6;11;10;-1;-1;50;50;3;7;3.2;3.2;2;0;0;1.95;0;0;0;0;1.85;0;0;0;0;0;0;0;0;1.83;1.3;1.29;0;0;0;0;0;0;0;0;0;0;0;0;0;0;0;0;0;0;0;0;0;0;0;0;0;0;0;0;0;0;0;0;0;0;0;0;0;0;0;0;0;0;0;0;0;0;3;1;0;1;1;2;1;2019-07-02 18:00:00;4375;0;50;0;50;0;1;1;1;1;4;0;2;4;1;2;2;4;3;6;1;68;63;83;100;1.53;1.37;2.9;0;0;0;0;0;0;1;1;0;0;0;0;0;1;-1;-1;-1;-1;-1;-1;-1;-1;-1;0;0;50;67;100;17;50;84;50;8.83;0;6.83;2.17;Cerrito;Deportivo Maldonado;1.25;1.55;0.33;3;1;2.71;100;100;50;33;0;59;17;17;1.09;1.38;2.47;1949;22;Y;Y;Y;N;N;N;Y
557169;4366;4390;2019;complete;4490;8;-1;74;2,28,71;1;3;4;6;2;8;-1;-1;0;3;2;1;2;4;0;0;2;4;-1;-1;50;50;4;5;1.65;3.55;4.2;0;0;2.1;0;0;0;0;1.7;0;0;0;0;0;0;0;0;1.17;1.25;2.25;0;0;0;0;0;0;0;0;0;0;0;0;0;0;0;0;0;0;0;0;0;0;0;0;0;0;0;0;0;0;0;0;0;0;0;0;0;0;0;0;0;0;0;0;0;0;4;0;2;1;1;2;2;2019-07-02 18:00:00;4390;0;33;0;33;0;1;1;2;0;4;2;2;6;0;0;2;4;0;6;1;50;40;0;0;0.61;0.81;1.42;0;0;0;0;0;0;1;1;0;1;1;0;0;0;-1;-1;-1;-1;-1;-1;-1;-1;-1;0;17;33;50;84;17;34;50;33;12.34;0;8;1.84;Villa Española;Bella Vista;1.23;1.09;0.67;0;1.29;0.14;100;84;67;50;17;84;67;50;1.59;1.17;2.76;1949;22;Y;Y;Y;Y;N;N;Y
557170;4368;4395;2019;complete;4490;8;-1;68,72;;2;0;2;3;3;6;-1;-1;1;6;0;0;8;3;2;4;10;7;-1;-1;54;46;1;6;1.67;3.55;4.2;0;0;2.15;0;0;0;0;1.67;0;0;0;0;0;0;0;0;1.25;1.29;1.91;0;0;0;0;0;0;0;0;0;0;0;0;0;0;0;0;0;0;0;0;0;0;0;0;0;0;0;0;0;0;0;0;0;0;0;0;0;0;0;0;0;0;0;0;0;0;2;0;0;2;0;2;0;2019-07-02 18:00:00;4368;0;17;25;0;0;1;1;1;2;2;1;3;3;1;2;0;4;3;4;1;49;41;82;63;1.55;0.95;2.5;0;0;0;0;0;0;1;1;0;0;0;0;0;1;-1;-1;-1;-1;-1;-1;-1;-1;-1;0;0;17;50;84;34;50;17;17;7;0;8;1.5;Rentistas;Albion;2.23;1.18;3;1.33;2;1.43;100;100;84;50;17;50;50;50;2.04;0.75;2.79;1949;22;Y;Y;N;N;N;N;N
557171;4367;4369;2019;complete;4490;8;-1;;89;0;1;1;8;9;17;-1;-1;4;2;0;0;6;6;2;3;8;9;-1;-1;54;46;4;2;2.35;3.35;2.5;0;0;1.65;0;0;0;0;2.2;0;0;0;0;0;0;0;0;1.44;1.3;1.57;0;0;0;0;0;0;0;0;0;0;0;0;0;0;0;0;0;0;0;0;0;0;0;0;0;0;0;0;0;0;0;0;0;0;0;0;0;0;0;0;0;0;0;0;0;0;1;0;0;0;1;1;0;2019-07-02 18:00:00;4369;0;67;25;25;0;1;1;1;3;7;6;4;13;1;1;3;1;2;4;1;29;29;63;56;1.14;1.2;2.34;0;0;0;0;0;0;1;1;0;0;0;0;0;1;-1;-1;-1;-1;-1;-1;-1;-1;-1;17;50;67;84;100;50;67;84;17;12.67;0;7;3.34;Villa Teresa;Atenas;1.09;1.64;1;2.33;1.86;2;84;50;34;17;0;100;100;84;1.72;1.7;3.42;1949;22;Y;N;N;N;N;N;N
557172;4370;4379;2019;complete;4490;8;-1;;-1;0;1;1;-1;-1;-1;-1;-1;-1;-1;-1;-1;-1;-1;-1;-1;-1;-1;-1;-1;-1;-1;-1;-1;0;0;0;0;0;0;0;0;0;0;0;0;0;0;0;0;0;0;0;0;0;0;0;0;0;0;0;0;0;0;0;0;0;0;0;0;0;0;0;0;0;0;0;0;0;0;0;0;0;0;0;0;0;0;0;0;0;0;0;0;0;0;0;0;0;0;0;0;1;0;0;0;0;0;0;2019-07-02 18:00:00;4379;0;67;0;17;1;-1;-1;-1;-1;-1;-1;-1;-1;-1;-1;-1;-1;-1;-1;-1;0;0;0;0;0;0;0;-1;-1;-1;-1;-1;-1;-1;-1;-1;-1;-1;-1;-1;-1;-1;-1;-1;-1;-1;-1;-1;-1;-1;0;17;50;84;100;0;50;67;17;4;0;4;2.5;Tacuarembó;Torque;1.09;1.91;1.33;1.33;1;1.71;100;84;50;17;0;34;34;34;0;0.9;0.9;1949;22;Y;N;N;N;N;N;N
557173;4353;4377;2019;complete;4490;8;-1;45;;1;0;1;4;3;7;-1;-1;4;2;0;1;3;5;1;3;4;8;-1;-1;50;50;4;4;1.71;3.25;4.25;0;0;2.25;0;0;0;0;1.62;0;0;0;0;0;0;0;0;1.3;1.36;1.73;0;0;0;0;0;0;0;0;0;0;0;0;0;0;0;0;0;0;0;0;0;0;0;0;0;0;0;0;0;0;0;0;0;0;0;0;0;0;0;0;0;0;0;0;0;0;1;1;0;0;0;0;1;2019-07-02 18:00:00;4353;0;50;17;17;0;1;1;2;1;2;2;3;4;0;0;4;3;0;7;1;66;46;112;118;0.95;1.2;2.16;0;0;0;0;0;0;1;1;0;0;0;0;0;0;-1;-1;-1;-1;-1;-1;-1;-1;-1;17;34;50;50;100;34;67;67;33;7;0;8.33;2.5;Sud América;Central Español;1.33;0.73;2;0;1.14;0.43;84;67;50;50;0;42;42;42;1.53;1.56;3.09;1949;22;Y;N;N;N;N;N;N
557174;4377;4379;2019;complete;4490;9;-1;;;0;0;0;3;5;8;-1;-1;-1;-1;-1;-1;5;2;2;6;7;8;-1;-1;46;54;-1;-1;2.45;3.1;2.5;0;0;2;0;0;0;0;1.8;0;0;0;0;0;0;0;0;1.5;1.36;1.5;0;0;0;0;0;0;0;0;0;0;0;0;0;0;0;0;0;0;0;0;0;0;0;0;0;0;0;0;0;0;0;0;0;0;0;0;0;0;0;0;0;0;0;0;0;0;0;0;0;0;0;0;0;2019-07-07 18:00:00;-1;0;25;0;17;0;1;-1;2;3;1;2;5;3;-1;-1;-1;-1;-1;-1;1;42;51;49;57;1.09;1.01;2.1;0;0;0;0;0;0;1;1;0;0;0;0;-1;-1;-1;-1;-1;-1;-1;-1;-1;-1;-1;0;0;25;38;100;0;63;63;25;10.5;0;5.5;1.63;Central Español;Torque;1.27;1.91;0.75;1.75;0.38;1.88;100;100;75;63;0;71;71;59;1.52;0.9;2.42;1949;22;N;N;N;N;N;N;N
557175;4395;4375;2019;complete;4490;9;-1;21;70,77;1;2;3;5;10;15;-1;-1;3;3;0;0;7;5;2;5;9;10;-1;-1;48;52;3;3;2.4;3.05;2.6;0;0;1.67;0;0;0;0;2.15;0;0;0;0;0;0;0;0;1.4;1.36;1.53;0;0;0;0;0;0;0;0;0;0;0;0;0;0;0;0;0;0;0;0;0;0;0;0;0;0;0;0;0;0;0;0;0;0;0;0;0;0;0;0;0;0;0;0;0;0;4;2;0;0;2;2;2;2019-07-07 18:00:00;-1;0;25;13;13;0;1;1;2;3;3;7;5;10;1;2;2;1;3;3;1;45;69;95;108;1.39;1.49;2.88;0;0;0;0;0;0;1;1;0;0;0;2;0;1;-1;-1;-1;-1;-1;-1;-1;-1;-1;0;38;38;50;100;38;75;63;25;10.75;0;6.92;2.25;Albion;Cerrito;1.27;1.5;1.5;1.5;1.25;1.25;100;63;63;50;0;88;88;88;1.15;1.31;2.46;1949;22;Y;Y;Y;Y;N;N;Y
557176;4353;4367;2019;complete;4490;9;-1;;13;0;1;1;1;8;9;-1;-1;4;3;1;0;3;4;5;2;8;6;-1;-1;50;50;6;3;2.4;3.2;2.55;0;0;2.2;0;0;0;0;1.65;0;0;0;0;0;0;0;0;1.5;1.36;1.53;0;0;0;0;0;0;0;0;0;0;0;0;0;0;0;0;0;0;0;0;0;0;0;0;0;0;0;0;0;0;0;0;0;0;0;0;0;0;0;0;0;0;0;0;0;0;1;0;1;0;0;0;1;2019-07-06 13:05:00;4367;0;38;0;38;0;1;1;0;6;1;2;6;3;2;1;3;2;3;5;1;52;52;115;122;1.1;1.05;2.16;0;0;0;0;0;0;1;1;0;0;0;4;0;0;-1;-1;-1;-1;-1;-1;-1;-1;-1;0;25;50;50;100;13;50;50;38;11;0;5.75;2.25;Sud América;Villa Teresa;1.33;1.45;2.25;2.5;1.38;1.63;100;75;50;50;0;38;38;38;1.34;1.34;2.68;1949;22;Y;N;N;N;N;N;N
557177;4390;4370;2019;complete;4490;9;-1;83;;1;0;1;8;3;11;-1;-1;1;2;0;0;7;3;8;13;15;16;-1;-1;49;51;1;2;2.35;3.2;2.6;0;0;1.9;0;0;0;0;1.9;0;0;0;0;0;0;0;0;1.44;1.36;1.53;0;0;0;0;0;0;0;0;0;0;0;0;0;0;0;0;0;0;0;0;0;0;0;0;0;0;0;0;0;0;0;0;0;0;0;0;0;0;0;0;0;0;0;0;0;0;2;0;0;1;1;2;0;2019-07-06 18:00:00;-1;0;38;25;13;0;1;1;6;2;2;1;8;3;0;0;1;2;0;3;1;80;79;114;127;2.01;1.79;3.81;0;0;0;0;0;0;1;1;0;0;1;0;0;0;-1;-1;-1;-1;-1;-1;-1;-1;-1;13;25;50;50;100;25;63;75;25;9.75;0;5.75;2.5;Bella Vista;Tacuarembó;0.73;0.64;0.25;0.75;0.5;0.88;88;75;50;50;0;63;38;38;1.47;1.4;2.87;1949;22;Y;Y;N;N;N;N;Y
557178;4373;4366;2019;complete;4490;9;-1;74;41;1;1;2;5;6;11;-1;-1;5;3;1;0;7;6;13;5;20;11;-1;-1;57;43;7;3;1.62;3.55;4.45;0;0;2.25;0;0;0;0;1.62;0;0;0;0;0;0;0;0;1.11;1.25;2.62;0;0;0;0;0;0;0;0;0;0;0;0;0;0;0;0;0;0;0;0;0;0;0;0;0;0;0;0;0;0;0;0;0;0;0;0;0;0;0;0;0;0;0;0;0;0;2;0;1;1;0;1;1;2019-07-06 18:00:00;-1;0;25;0;25;0;1;1;2;6;3;0;8;3;1;1;5;2;2;7;1;37;16;55;33;2.01;1.22;3.23;0;0;0;0;0;0;1;1;0;0;0;3;0;0;-1;-1;-1;-1;-1;-1;-1;-1;-1;0;13;25;63;88;0;75;63;38;8.25;0;8.92;1.88;Deportivo Maldonado;Villa Española;2.09;1.85;2.5;1.75;2.38;1.13;100;88;75;38;13;88;50;38;1.62;1.22;2.84;1949;22;Y;Y;N;N;N;N;Y
557179;4369;4368;2019;complete;4490;9;-1;37;40,82;1;2;3;3;4;7;-1;-1;3;3;0;0;2;7;7;5;9;12;-1;-1;50;50;3;3;2.3;3.3;2.6;0;0;2;0;0;0;0;1.8;0;0;0;0;0;0;0;0;1.44;1.33;1.57;0;0;0;0;0;0;0;0;0;0;0;0;0;0;0;0;0;0;0;0;0;0;0;0;0;0;0;0;0;0;0;0;0;0;0;0;0;0;0;0;0;0;0;0;0;0;3;1;1;0;1;1;2;2019-07-06 18:00:00;4368;0;50;0;13;0;1;1;2;1;1;3;3;4;0;1;3;2;1;5;1;62;57;94;81;1.16;1.66;2.82;0;0;0;0;0;0;1;1;0;0;1;0;0;0;-1;-1;-1;-1;-1;-1;-1;-1;-1;13;25;25;63;100;13;50;88;38;11.25;0;7.25;2.25;Atenas;Rentistas;1;1.38;1.75;1.25;2.13;2.13;88;75;75;38;0;63;38;13;1.71;1.44;3.15;1949;22;Y;Y;Y;N;N;N;Y
557180;4368;4353;2019;complete;4490;10;-1;82;53,58;1;2;3;4;7;11;-1;-1;2;4;0;0;4;10;5;6;9;16;-1;-1;50;50;2;4;1.7;3.5;4.33;0;0;2.05;0;0;0;0;1.75;0;0;1.91;1.8;0;0;0;0;1.17;1.25;2;0;0;0;0;0;0;0;0;0;0;0;0;0;0;0;0;0;0;0;0;0;0;0;0;0;0;0;0;0;0;0;0;0;0;0;0;0;0;0;0;0;0;0;0;0;0;3;0;0;1;2;3;0;2019-07-13 18:00:00;4353;0;25;17;13;0;1;1;2;6;2;1;8;3;1;1;1;3;2;4;1;87;109;130;139;1.49;2.5;3.98;0;0;0;0;0;0;1;1;0;0;1;1;0;0;-1;-1;-1;-1;-1;-1;-1;-1;-1;0;0;13;75;88;25;38;50;38;8.67;0;6.08;1.75;Rentistas;Sud América;2.23;1.25;3;0.5;2.22;1.22;100;100;88;25;13;54;42;42;1.88;1.44;3.32;1949;24;Y;Y;Y;N;N;N;Y
557181;4375;4369;2019;complete;4490;10;-1;75;;1;0;1;9;5;14;-1;-1;4;1;0;0;7;6;7;2;14;8;-1;-1;50;50;4;1;2.63;3.2;2.38;0;0;2.05;0;0;0;0;1.75;0;0;1.71;1.83;0;0;0;0;1.5;1.33;1.4;0;0;0;0;0;0;0;0;0;0;0;0;0;0;0;0;0;0;0;0;0;0;0;0;0;0;0;0;0;0;0;0;0;0;0;0;0;0;0;0;0;0;0;0;0;0;2;0;0;2;0;2;0;2019-07-13 18:00:00;4375;0;75;17;67;0;1;1;3;2;6;3;5;9;2;0;2;1;2;3;1;93;64;92;94;2.04;1.39;3.43;0;0;0;0;0;0;1;1;0;0;1;0;0;0;-1;-1;-1;-1;-1;-1;-1;-1;-1;13;38;63;75;100;25;50;75;50;12.33;0;6.66;3;Cerrito;Atenas;1.25;1.64;1;2.5;1.22;1.89;88;63;38;25;0;67;50;50;1.24;1.53;2.77;1949;22;Y;Y;N;N;N;N;N
557182;4370;4373;2019;complete;4490;10;-1;;;0;0;0;-1;-1;-1;-1;-1;-1;-1;-1;-1;-1;-1;-1;-1;-1;-1;-1;-1;-1;-1;-1;-1;0;0;0;0;0;0;0;0;0;0;0;0;0;0;0;0;0;0;0;0;0;0;0;0;0;0;0;0;0;0;0;0;0;0;0;0;0;0;0;0;0;0;0;0;0;0;0;0;0;0;0;0;0;0;0;0;0;0;0;0;0;0;0;0;0;0;0;0;0;0;0;0;0;0;0;2019-07-13 18:00:00;-1;0;50;0;13;0;-1;-1;-1;-1;-1;-1;-1;-1;-1;-1;-1;-1;-1;-1;-1;0;0;0;0;0;0;0;0;0;0;0;0;0;1;1;0;0;-1;-1;-1;-1;-1;-1;-1;-1;-1;-1;-1;-1;-1;0;13;63;75;100;13;50;63;25;2.75;0;7.25;2.5;Tacuarembó;Deportivo Maldonado;1.09;1.55;1;2.25;0.89;2.22;100;88;38;25;0;25;13;13;0;1.38;1.38;1949;22;N;N;N;N;N;N;N
557183;4367;4377;2019;complete;4490;10;-1;78;39;1;1;2;8;2;10;-1;-1;2;1;0;0;8;4;6;4;14;8;-1;-1;50;50;2;1;1.67;3.5;4.5;0;0;2.1;0;0;0;0;1.7;0;0;0;0;0;0;0;0;1.14;1.25;2;0;0;0;0;0;0;0;0;0;0;0;0;0;0;0;0;0;0;0;0;0;0;0;0;0;0;0;0;0;0;0;0;0;0;0;0;0;0;0;0;0;0;0;0;0;0;2;0;1;1;0;1;1;2019-07-13 13:05:00;-1;0;38;13;0;0;1;1;3;2;5;0;5;5;0;0;2;1;0;3;1;89;32;151;95;2.1;1.03;3.12;0;0;0;0;0;0;1;1;0;0;0;1;0;0;-1;-1;-1;-1;-1;-1;-1;-1;-1;13;25;38;50;100;38;75;75;13;10;0;8.25;2.25;Villa Teresa;Central Español;1.09;0.73;0.75;0;1.78;0.44;88;75;63;50;0;67;67;54;1.57;1.44;3.01;1949;22;Y;Y;N;N;N;N;Y
557184;4379;4390;2019;complete;4490;10;-1;2;;1;0;1;6;2;8;-1;-1;2;2;1;1;2;0;9;5;11;5;-1;-1;50;50;4;4;1.28;4.7;7.75;0;0;2.35;0;0;0;0;1.57;0;0;2.55;1.45;0;0;0;0;1.1;1.22;2.5;0;0;0;0;0;0;0;0;0;0;0;0;0;0;0;0;0;0;0;0;0;0;0;0;2.2;9;1.5;3.8;10;26;2.4;1.25;1.02;1;1.33;2.5;5.5;13;3.25;1.5;1.12;1.02;0;0;0;0;1;1;0;0;0;0;1;2019-07-14 18:00:00;4379;0;63;0;50;0;1;1;1;1;5;1;2;6;3;1;0;2;4;2;1;72;93;129;136;1.36;1;2.37;0;0;0;0;0;0;1;1;1;0;0;0;0;0;-1;-1;-1;-1;-1;-1;-1;-1;-1;0;25;38;88;100;25;63;75;63;8.5;0;7.25;2.5;Torque;Bella Vista;2.09;1.09;2;0.75;1.78;0.56;100;75;63;13;0;25;25;25;1.39;1.05;2.44;1949;22;Y;N;N;N;N;N;N
557185;4366;4395;2019;complete;4490;10;-1;3;;1;0;1;5;3;8;-1;-1;3;6;0;1;7;5;4;2;11;7;-1;-1;50;50;3;8;2.4;3.2;2.63;0;0;2.05;0;0;0;0;1.75;0;0;0;0;0;0;0;0;1.4;1.33;1.5;0;0;0;0;0;0;0;0;0;0;0;0;0;0;0;0;0;0;0;0;0;0;0;0;0;0;0;0;0;0;0;0;0;0;0;0;0;0;0;0;0;0;0;0;0;0;1;1;0;0;0;0;1;2019-07-13 18:00:00;4366;0;25;0;25;0;1;1;1;0;4;3;1;7;0;2;3;5;2;8;1;37;38;77;92;1.45;1.08;2.53;0;0;0;0;0;0;1;1;1;0;0;0;0;0;-1;-1;-1;-1;-1;-1;-1;-1;-1;0;25;25;50;75;13;25;63;50;8.75;0;9.08;1.75;Villa Española;Albion;1.23;1.18;0.5;1;1.11;1.22;100;75;75;50;25;54;42;29;1.35;0.82;2.17;1949;22;Y;N;N;N;N;N;N
557187;4367;4368;2019;complete;4490;11;-1;80;53,73;1;2;3;8;3;11;-1;-1;1;3;0;0;5;4;9;2;14;6;-1;-1;50;50;1;3;2.5;3.3;2.55;1.05;1.29;1.95;3.6;7.5;8;3.3;1.75;1.25;1.06;1.73;2;0;0;0;0;1.44;1.29;1.53;2.94;2.1;3.4;2.82;2.5;3.01;0;0;0;0;1.98;0;0;0;0;1.83;0;0;0;0;0;1.83;9;2.1;0;0;1.36;3;8;19;2.88;1.33;1.05;1;1.24;2.16;4.7;10;3.6;1.62;1.15;1.01;0;0;0;0;3;0;0;1;2;3;0;2019-07-20 13:05:00;4368;0;50;10;10;0;1;1;4;2;4;1;6;5;1;1;0;2;2;2;1;80;37;130;113;1.82;0.94;2.76;0;0;0;0;0;0;1;1;0;0;0;1;0;0;-1;-1;-1;-1;-1;-1;-1;-1;-1;0;10;30;60;100;20;60;90;10;11.6;0;7;2;Villa Teresa;Rentistas;1.09;1.38;0.8;1.6;1.7;2;100;90;70;40;0;80;70;30;1.68;1.48;3.16;1949;22;Y;Y;Y;N;N;N;Y
557188;4353;4375;2019;complete;4490;11;-1;;29,84;0;2;2;13;0;13;-1;-1;2;1;0;1;6;3;8;3;14;6;-1;-1;60;40;2;3;2.15;3.15;2.95;1.05;1.36;2.15;4;8;7.5;2.88;1.62;1.2;1.05;1.85;1.85;0;0;0;0;1.33;1.28;1.6;2.73;2.04;3.94;2.38;2.43;3.78;0;0;0;0;1.85;0;0;0;0;1.95;0;0;0;0;0;1.8;7.5;2.3;3.5;5;1.44;3.3;8;21;2.6;1.29;1.05;1;1.28;2.32;5.3;12;3.3;1.54;1.12;1.03;0;0;0;0;2;0;1;0;1;1;1;2019-07-21 18:00:00;4375;0;20;0;10;0;-1;1;-1;-1;-1;-1;-1;-1;1;0;1;2;1;3;1;95;57;160;124;2;1.02;3.02;0;0;0;0;0;0;1;1;0;0;-1;-1;0;0;-1;-1;-1;-1;-1;-1;-1;-1;-1;0;10;20;30;100;10;60;50;20;10.07;0;7.3;1.6;Sud América;Cerrito;1.33;1.5;1.8;1.4;1.4;1.4;100;90;80;70;0;70;60;60;1.28;1.37;2.65;1949;24;Y;Y;N;N;N;N;N
557189;4369;4366;2019;complete;4490;11;-1;;77;0;1;1;8;5;13;-1;-1;3;6;0;0;2;4;6;6;8;10;-1;-1;50;50;3;6;1.8;3.35;3.75;1.03;1.29;1.91;3.3;7.5;9;3.3;1.81;1.29;1.07;1.75;1.95;0;0;0;0;1.22;1.25;1.85;2.38;2.16;4.4;2.17;2.6;3.98;0;0;0;0;0;0;0;0;0;0;0;0;0;0;0;1.62;10;2.63;3.1;7;1.36;2.88;8;17;2.88;1.36;1.05;1;1.23;2.1;4.5;11;3.7;1.65;1.16;1.03;0;0;0;0;1;0;0;0;1;1;0;2019-07-21 18:00:00;4366;0;60;10;20;0;1;1;4;2;4;3;6;7;0;2;3;4;2;7;1;66;49;99;85;1.13;1.27;2.4;0;0;0;0;0;0;1;1;0;0;0;0;0;0;-1;-1;-1;-1;-1;-1;-1;-1;-1;10;20;40;90;100;20;70;100;50;9.4;0;7;2.6;Atenas;Villa Española;1;1.85;1.4;1.6;1.7;1.3;90;80;60;10;0;60;40;30;1.6;1.22;2.82;1949;22;Y;N;N;N;N;N;N
557190;4377;4390;2019;complete;4490;11;-1;;83,88;0;2;2;9;4;13;-1;-1;4;4;0;0;2;3;6;11;8;14;-1;-1;50;50;4;4;2.25;3.2;2.7;1.05;1.3;2.1;3.8;8;8;3.2;1.65;1.22;1.05;1.8;1.91;0;0;0;0;1.36;1.29;1.57;2.88;2.06;3.6;2.62;2.46;3.2;0;0;0;0;1.9;0;0;0;0;1.9;0;0;0;0;0;1.83;8;2.2;0;0;1.4;3.2;8;19;2.75;1.3;1.05;1;1.26;2.23;5;11;3.5;1.58;1.14;1.01;0;0;0;0;3;0;0;1;2;3;0;2019-07-20 18:00:00;4390;0;20;0;20;0;1;1;4;2;5;2;6;7;2;3;2;1;5;3;1;101;77;138;129;1.38;1.66;3.04;0;0;0;0;0;0;1;1;0;0;1;0;0;0;-1;-1;-1;-1;-1;-1;-1;-1;-1;0;10;30;40;90;20;70;40;30;10.6;0;8.9;1.7;Central Español;Bella Vista;1.27;1.09;0.8;0.6;0.5;0.5;100;90;70;60;10;50;50;40;1.44;1.04;2.48;1949;22;Y;Y;Y;N;N;N;Y
557191;4395;4370;2019;complete;4490;11;-1;51,69,87;63;3;1;4;7;5;12;-1;-1;1;2;0;0;5;4;8;10;13;14;-1;-1;50;50;1;2;2.15;3.2;2.9;1.05;1.29;2;3.6;7.5;8;3.3;1.73;1.25;1.06;1.75;1.95;0;0;0;0;1.33;1.29;1.67;2.74;2.08;3.8;2.57;2.48;3.3;0;0;0;0;1.98;0;0;0;0;1.83;0;0;0;0;0;1.73;9;2.38;0;0;1.36;3;8;19;2.88;1.33;1.05;1;1.25;2.2;4.9;10;3.6;1.6;1.14;1.01;0;0;0;0;4;0;0;3;1;4;0;2019-07-20 18:00:00;4395;0;50;20;20;0;1;1;1;2;6;3;3;9;0;2;1;0;2;1;1;89;99;122;139;1.82;1.88;3.7;0;0;0;0;0;0;1;1;0;0;0;1;0;0;-1;-1;-1;-1;-1;-1;-1;-1;-1;0;40;50;60;100;50;70;70;40;9.6;0;6.2;2.5;Albion;Tacuarembó;1.27;0.64;1.4;0.8;1.1;0.9;100;60;50;40;0;60;50;50;1.2;1.48;2.68;1949;22;Y;Y;Y;Y;N;N;Y
557192;4373;4379;2019;complete;4490;11;-1;42,68;;2;0;2;4;5;9;-1;-1;2;1;0;0;5;3;2;2;7;5;-1;-1;50;50;2;1;2.1;3.15;2.95;1.05;1.33;2.1;4;8;8;3;1.65;1.2;1.05;1.85;1.85;0;0;0;0;1.3;1.3;1.67;2.76;2.02;3.94;2.52;2.47;3.4;0;0;0;0;0;0;0;0;0;0;0;0;0;0;0;1.73;8.5;2.38;0;0;1.4;3.2;8;19;2.75;1.3;1.05;1;1.26;2.23;5;15;3.5;1.58;1.14;1.02;0;0;0;0;2;1;0;1;0;1;1;2019-07-20 18:00:00;4373;0;30;0;13;0;1;1;2;1;2;4;3;6;1;1;1;0;2;1;1;49;67;73;103;1.15;1.02;2.17;0;0;0;0;0;0;1;1;0;0;0;0;0;1;-1;-1;-1;-1;-1;-1;-1;-1;-1;0;0;10;40;80;0;60;50;10;9.58;0;6.25;1.3;Deportivo Maldonado;Torque;2.09;1.91;2.2;1.6;2.1;1.9;100;100;90;60;20;75;59;59;1.75;0.93;2.68;1949;22;Y;Y;N;N;N;N;N
557193;4368;4377;2019;complete;4490;12;-1;49;;1;0;1;9;5;14;-1;-1;2;4;0;0;9;2;11;3;20;5;-1;-1;50;50;2;4;1.4;4;7;1.03;1.3;2.1;3.8;8;9;3.2;1.7;1.22;1.05;2.2;1.6;0;0;0;0;1.07;1.2;2.4;2.04;2.19;6.05;1.85;2.65;5.7;0;0;0;0;0;0;0;0;0;0;0;0;0;0;0;1.33;9.5;3.75;0;0;1.4;3;8;19;2.75;1.33;1.05;1;1.2;2.25;5;11;3.8;1.56;1.12;1.01;0;0;0;0;2;1;0;1;0;1;1;2019-08-10 13:05:00;4368;0;50;23;13;0;1;1;5;1;4;4;6;8;1;1;1;3;2;4;1;59;40;127;119;2.32;0.77;3.09;0;0;0;0;0;0;1;1;0;0;3;0;0;0;-1;-1;-1;-1;-1;-1;-1;-1;-1;10;20;40;70;100;40;70;50;30;6.5;0;6.45;2.4;Rentistas;Central Español;2.23;0.73;2.4;0.2;2.09;0.45;90;80;60;30;0;50;50;38;1.78;1.34;3.12;1949;22;Y;Y;N;N;N;N;N
557194;4373;4390;2019;complete;4490;12;-1;10,38;20,26,73;2;3;5;9;4;13;-1;-1;2;3;0;1;7;7;10;1;17;8;-1;-1;50;50;2;5;1.44;4;6;0;0;2.1;0;0;0;0;1.7;0;0;0;0;0;0;0;0;1.1;1.2;2.5;2.1;2.2;5.5;0;0;0;0;0;0;0;0;0;0;0;0;0;0;0;0;0;0;0;0;0;0;0;0;0;0;0;0;0;0;0;0;0;0;0;0;0;0;0;0;0;0;0;5;2;2;0;1;1;4;2019-08-11 18:00:00;4390;0;34;0;25;0;1;1;3;1;6;3;4;9;1;3;1;1;4;2;1;80;51;96;77;2.13;1.37;3.5;0;0;0;0;0;0;1;1;1;0;0;0;0;0;-1;-1;-1;-1;-1;-1;-1;-1;-1;0;9;25;59;92;17;75;50;25;9.67;0;8.93;1.83;Deportivo Maldonado;Bella Vista;2.09;1.09;2.33;1;2.18;0.73;100;92;75;42;9;75;50;50;1.6;1.16;2.76;1949;22;Y;Y;Y;Y;Y;N;Y
557195;4395;4379;2019;complete;4490;12;-1;78;7,20,44,47;1;4;5;2;4;6;-1;-1;3;2;1;0;3;9;8;4;11;13;-1;-1;50;50;5;2;2.63;3.25;2.38;0;0;1.98;0;0;0;0;1.83;0;0;0;0;0;0;0;0;1.5;1.3;1.4;3.25;2.05;3.2;0;0;0;0;0;0;0;0;0;0;0;0;0;0;0;0;0;0;0;0;0;0;0;0;0;0;0;0;0;0;0;0;0;0;0;0;0;0;0;0;0;0;0;5;0;3;1;1;2;3;2019-08-11 18:00:00;4379;0;50;9;27;0;1;1;1;3;1;1;4;2;4;0;0;2;4;2;1;48;90;113;154;1.26;2.11;3.37;0;0;0;0;0;0;1;1;0;1;0;1;0;0;-1;-1;-1;-1;-1;-1;-1;-1;-1;0;42;50;67;92;34;67;75;42;10.23;0;3.83;2.5;Albion;Torque;1.27;1.91;1.67;1.33;1.27;1.73;100;59;50;34;9;72;62;62;1.3;0.94;2.24;1949;22;Y;Y;Y;Y;Y;N;Y
557196;4369;4370;2019;complete;4490;12;-1;;60,82;0;2;2;6;3;9;-1;-1;3;4;0;0;4;4;8;4;12;8;-1;-1;50;50;3;4;1.71;3.5;3.95;1.05;1.29;2.05;3.6;7.5;8;3.3;1.75;1.25;1.06;1.85;1.85;0;0;0;0;1.2;1.25;1.91;2.4;2.1;4.33;2.12;2.6;4.26;0;0;0;0;0;0;0;0;0;0;0;0;0;0;0;1.53;9;2.88;0;0;1.36;3;8;19;2.88;1.33;1.05;1;1.24;2.16;4.7;10;3.6;1.62;1.15;1.01;0;0;0;0;3;1;0;0;2;2;1;2019-08-10 14:00:00;4370;0;50;17;17;0;1;1;2;1;4;2;3;6;1;3;2;1;4;3;1;68;60;100;84;1.53;1.22;2.75;0;0;0;0;0;0;1;1;0;0;0;0;0;0;-1;-1;-1;-1;-1;-1;-1;-1;-1;9;17;33;59;100;25;42;84;33;10.5;0;5.83;2.17;Atenas;Tacuarembó;1;0.64;1.17;0.67;1.55;0.82;92;83;67;42;0;50;33;33;1.52;1.55;3.07;1949;22;Y;Y;Y;N;N;N;Y
557197;4353;4366;2019;complete;4490;12;-1;;-1;0;1;1;-1;-1;-1;-1;-1;-1;-1;-1;-1;-1;-1;-1;-1;-1;-1;-1;-1;-1;-1;-1;-1;2.63;3.2;2.38;1.06;1.4;2.4;4.8;9;7.5;2.75;1.53;1.14;1.03;1.95;1.75;0;0;0;0;1.5;1.33;1.4;3.5;1.95;3.2;3.2;2.3;2.87;0;0;0;0;0;0;0;0;0;0;0;0;0;0;0;2;7;2;0;0;1.5;3.6;9;21;2.4;1.25;1.03;1;1.33;2.5;6.1;12;3;1.46;1.09;1.01;0;0;0;0;1;0;0;0;0;0;0;2019-08-10 18:00:00;4366;0;34;0;25;1;-1;-1;-1;-1;-1;-1;-1;-1;-1;-1;-1;-1;-1;-1;-1;0;0;0;0;0;0;0;-1;-1;-1;-1;-1;-1;-1;-1;-1;-1;-1;-1;-1;-1;-1;-1;-1;-1;-1;-1;-1;-1;-1;0;9;25;58;100;0;67;75;34;8.67;0;7.83;1.92;Sud América;Villa Española;1.33;1.85;1.5;1.83;1.27;1.45;100;92;75;42;0;67;50;42;1.42;1.23;2.65;1949;24;Y;N;N;N;N;N;N
557198;4367;4375;2019;complete;4490;12;-1;10,73;7,24;2;2;4;4;2;6;-1;-1;3;1;1;2;3;3;10;6;13;9;-1;-1;50;50;5;5;2.4;3.2;2.6;1.05;1.38;2.2;4;8.1;7.9;2.8;1.65;1.21;1.04;1.93;1.95;0;0;0;0;1.44;1.33;1.5;3.2;2.05;3.25;2.87;2.4;3;0;0;0;0;0;0;0;0;0;0;0;0;0;0;0;1.91;8;2.1;0;0;1.5;3.26;9.9;16;2.54;1.33;1.05;1;1.28;2.32;5.3;12;3.3;1.54;1.12;1.01;0;0;0;0;4;1;2;1;0;1;3;2019-08-10 18:00:00;-1;0;34;0;9;0;1;1;2;2;2;0;4;2;4;2;0;1;6;1;1;90;80;151;140;1.69;1.37;3.06;0;0;0;0;0;0;1;1;1;1;1;0;0;0;-1;-1;-1;-1;-1;-1;-1;-1;-1;0;9;25;59;100;17;59;84;17;12.33;0;6.07;1.92;Villa Teresa;Cerrito;1.09;1.5;0.67;1.67;1.55;1.55;100;92;75;42;0;100;100;84;1.7;1.28;2.98;1949;22;Y;Y;Y;Y;N;N;Y
557199;4390;4395;2019;complete;4490;13;-1;37;23,59;1;2;3;3;4;7;-1;-1;2;3;0;0;4;6;6;5;10;11;-1;-1;50;50;2;3;2.1;3.2;3;0;0;2.05;0;0;0;0;1.75;0;0;0;0;0;0;0;0;1.33;1.33;1.62;2.88;2.1;3.5;0;0;0;0;0;0;0;0;0;0;0;0;0;0;0;0;0;0;0;0;0;0;0;0;0;0;0;0;0;0;0;0;0;0;0;0;0;0;0;0;0;0;0;3;1;1;0;1;1;2;2019-08-18 18:00:00;4395;0;30;10;20;0;1;1;2;1;1;3;3;4;1;3;1;0;4;1;1;78;79;121;130;1.48;1.69;3.18;0;0;0;0;0;0;1;1;0;0;0;0;1;0;-1;-1;-1;-1;-1;-1;-1;-1;-1;10;20;30;60;90;10;50;70;50;9;0;8.2;2.2;Bella Vista;Albion;0.73;1.18;0.4;0.8;0.92;1.17;90;80;70;40;10;63;53;53;1.58;0.88;2.46;1949;22;Y;Y;Y;N;N;N;Y
557200;4379;4369;2019;complete;4490;13;-1;57,73;20;2;1;3;5;5;10;-1;-1;2;5;0;1;8;3;10;2;18;5;-1;-1;50;50;2;7;1.8;3.3;3.75;1.02;1.23;1.77;2.9;5.3;9.5;3.65;1.95;1.34;1.11;1.67;2.05;0;0;0;0;1.36;1.36;1.57;2.88;2.25;3.1;0;0;0;0;0;0;0;1.73;0;0;0;0;2;0;0;0;0;0;1.53;10;2.8;0;0;1.36;2.88;7.5;19;2.88;1.36;1.05;1;1.2;2.1;4.8;10;3.8;1.66;1.13;1.01;0;0;0;0;3;0;1;2;0;2;1;2019-08-20 18:00:00;4379;0;60;13;33;0;1;1;5;2;0;3;7;3;1;3;1;3;4;4;1;55;41;114;126;2.1;0.84;2.94;0;0;0;0;0;0;1;1;0;0;0;0;0;0;-1;-1;-1;-1;-1;-1;-1;-1;-1;10;40;40;80;100;20;50;80;50;10.1;0;5.75;2.8;Torque;Atenas;2.09;1.64;2.2;2;1.83;1.42;90;60;60;20;0;50;50;50;1.39;1.5;2.89;1949;22;Y;Y;Y;N;N;N;Y
557201;4377;4373;2019;complete;4490;13;-1;;54;0;1;1;10;2;12;-1;-1;6;5;1;0;3;4;4;1;7;5;-1;-1;50;50;8;5;3.85;3.25;1.8;1.07;1.43;2.35;4.45;8.5;6.7;2.55;1.51;1.16;1.03;2.2;1.59;0;0;0;0;1.83;1.29;1.2;4.5;2;2.5;0;0;0;0;0;0;0;2;0;0;0;0;1.8;0;0;0;0;0;2.4;7.5;1.8;0;0;1.48;3.2;8.5;21;2.47;1.3;1.05;1;1.28;2.4;5.6;12;3.2;1.5;1.1;1.01;0;0;0;0;1;0;0;0;1;1;0;2019-08-20 18:00:00;4373;0;29;0;19;0;1;1;5;2;5;0;7;5;0;2;7;3;2;10;1;60;50;44;41;1.08;0.95;2.03;0;0;0;0;0;0;1;1;0;0;2;0;0;0;-1;-1;-1;-1;-1;-1;-1;-1;-1;0;0;47;47;82;10;55;65;37;9.08;0;8.65;1.75;Central Español;Deportivo Maldonado;1.27;1.55;0.67;2;0.42;2;100;100;54;54;19;59;46;38;1.43;1.38;2.81;1949;22;Y;N;N;N;N;N;N
557202;4366;4367;2019;complete;4490;13;-1;80;;1;0;1;5;2;7;-1;-1;3;3;0;0;5;2;10;9;15;11;-1;-1;50;50;3;3;2.1;3.2;2.95;1.04;1.37;2.25;3.9;7.9;8.1;2.85;1.62;1.22;1.05;1.92;1.97;0;0;0;0;1.3;1.33;1.62;2.88;2;3.75;0;0;0;0;0;0;0;1.85;0;0;0;0;1.95;0;0;0;0;0;1.8;8;2.3;0;0;1.46;3.2;8.5;21;2.5;1.3;1.05;1;1.24;2.25;5.5;12;3.5;1.56;1.11;1.01;0;0;0;0;1;0;0;1;0;1;0;2019-08-20 18:00:00;4366;0;40;0;37;0;1;1;1;1;4;1;2;5;1;2;2;1;3;3;1;0;0;0;0;1.87;1.43;3.3;0;0;0;0;0;0;1;1;0;0;0;0;0;1;-1;-1;-1;-1;-1;-1;-1;-1;-1;0;40;50;50;90;20;50;50;40;12.93;0;6.27;2.3;Villa Española;Villa Teresa;1.23;1.45;1;2.6;1.58;1.5;100;60;50;50;10;64;37;27;1.37;1.24;2.61;1949;22;Y;N;N;N;N;N;N
557203;4375;4368;2019;complete;4490;13;-1;-1;-1;1;1;2;-1;-1;-1;-1;-1;-1;-1;-1;-1;-1;-1;-1;-1;-1;-1;-1;-1;-1;-1;-1;-1;0;0;0;0;0;0;0;0;0;0;0;0;0;0;0;0;0;0;0;0;0;0;0;0;0;0;0;0;0;0;0;0;0;0;0;0;0;0;0;0;0;0;0;0;0;0;0;0;0;0;0;0;0;0;0;0;0;0;0;0;0;0;0;0;0;0;0;0;2;0;0;0;0;0;0;2019-08-20 18:00:00;-1;0;64;9;54;1;-1;-1;-1;-1;-1;-1;-1;-1;-1;-1;-1;-1;-1;-1;-1;0;0;0;0;0;0;0;-1;-1;-1;-1;-1;-1;-1;-1;-1;-1;-1;-1;-1;-1;-1;-1;-1;-1;-1;-1;-1;-1;-1;0;9;45;74;100;9;45;82;57;10.42;0;7.33;2.27;Cerrito;Rentistas;1.25;1.38;1.4;1.83;1.5;2.17;100;92;55;27;0;59;38;21;1.44;1.39;2.83;1949;24;Y;Y;N;N;N;N;Y
557204;4370;4353;2019;complete;4490;13;-1;;-1,-1;0;2;2;-1;-1;-1;-1;-1;-1;-1;-1;-1;-1;-1;-1;-1;-1;-1;-1;-1;-1;-1;-1;-1;0;0;0;0;0;0;0;0;0;0;0;0;0;0;0;0;0;0;0;0;0;0;0;0;0;0;0;0;0;0;0;0;0;0;0;0;0;0;0;0;0;0;0;0;0;0;0;0;0;0;0;0;0;0;0;0;0;0;0;0;0;0;0;0;0;0;0;0;2;0;0;0;0;0;0;2019-08-18 18:00:00;4353;0;40;0;20;1;-1;-1;-1;-1;-1;-1;-1;-1;-1;-1;-1;-1;-1;-1;-1;0;0;0;0;0;0;0;-1;-1;-1;-1;-1;-1;-1;-1;-1;-1;-1;-1;-1;-1;-1;-1;-1;-1;-1;-1;-1;-1;-1;0;10;30;70;80;0;20;50;30;5.4;0;6.8;1.9;Tacuarembó;Sud América;1.09;1.25;1;1;1;1.17;100;90;70;30;20;40;30;30;0;1.65;1.65;1949;22;Y;Y;N;N;N;N;N
557206;4395;4373;2019;complete;4490;14;-1;-1;-1,-1;1;2;3;-1;-1;-1;-1;-1;-1;-1;-1;-1;-1;-1;-1;-1;-1;-1;-1;-1;-1;-1;-1;-1;0;0;0;0;0;0;0;0;0;0;0;0;0;0;0;0;0;0;0;0;0;0;0;0;0;0;0;0;0;0;0;0;0;0;0;0;0;0;0;0;0;0;0;0;0;0;0;0;0;0;0;0;0;0;0;0;0;0;0;0;0;0;0;0;0;0;0;0;3;0;0;0;0;0;0;2019-08-25 18:00:00;4373;0;52;7;30;1;-1;-1;-1;-1;-1;-1;-1;-1;-1;-1;-1;-1;-1;-1;-1;0;0;0;0;0;0;0;-1;-1;-1;-1;-1;-1;-1;-1;-1;-1;-1;-1;-1;-1;-1;-1;-1;-1;-1;-1;-1;-1;-1;7;43;68;68;92;44;68;85;52;7.89;0;7.54;2.77;Albion;Deportivo Maldonado;1.27;1.55;1.43;2.17;1.31;2.08;93;57;32;32;9;66;56;56;1.3;1.29;2.59;1949;22;Y;Y;Y;N;N;N;Y
557207;4353;4379;2019;complete;4490;14;-1;;;0;0;0;-1;-1;-1;-1;-1;-1;-1;-1;-1;-1;-1;-1;-1;-1;-1;-1;-1;-1;-1;-1;-1;0;0;0;0;0;0;0;0;0;0;0;0;0;0;0;0;0;0;0;0;0;0;0;0;0;0;0;0;0;0;0;0;0;0;0;0;0;0;0;0;0;0;0;0;0;0;0;0;0;0;0;0;0;0;0;0;0;0;0;0;0;0;0;0;0;0;0;0;0;0;0;0;0;0;0;2019-08-25 18:00:00;-1;0;29;0;25;0;-1;-1;-1;-1;-1;-1;-1;-1;-1;-1;-1;-1;-1;-1;-1;0;0;0;0;0;0;0;0;0;0;0;0;0;1;1;0;0;-1;-1;-1;-1;-1;-1;-1;-1;-1;-1;-1;-1;-1;7;7;22;43;93;7;57;57;22;9.33;0;4.7;1.72;Sud América;Torque;1.33;1.91;1.29;1.57;1.31;1.92;93;93;79;57;7;50;33;33;1.42;1.14;2.56;1949;22;N;N;N;N;N;N;N
557208;4375;4377;2019;complete;4490;14;-1;-1,-1;-1,-1;2;2;4;-1;-1;-1;-1;-1;-1;-1;-1;-1;-1;-1;-1;-1;-1;-1;-1;-1;-1;-1;-1;-1;0;0;0;0;0;0;0;0;0;0;0;0;0;0;0;0;0;0;0;0;0;0;0;0;0;0;0;0;0;0;0;0;0;0;0;0;0;0;0;0;0;0;0;0;0;0;0;0;0;0;0;0;0;0;0;0;0;0;0;0;0;0;0;0;0;0;0;0;4;0;0;0;0;0;0;2019-08-25 18:00:00;-1;0;59;9;38;1;-1;-1;-1;-1;-1;-1;-1;-1;-1;-1;-1;-1;-1;-1;-1;0;0;0;0;0;0;0;-1;-1;-1;-1;-1;-1;-1;-1;-1;-1;-1;-1;-1;-1;-1;-1;-1;-1;-1;-1;-1;-1;-1;9;17;33;75;100;17;67;67;42;9.45;0;7.67;2.34;Cerrito;Central Español;1.25;0.73;1.33;0.17;1.46;0.38;92;84;67;25;0;55;43;33;1.44;1.23;2.67;1949;22;Y;Y;Y;Y;N;N;Y
557209;4368;4366;2019;complete;4490;14;-1;31;88;1;1;2;2;5;7;-1;-1;4;2;1;1;5;5;9;10;14;15;-1;-1;50;50;6;4;2.1;3.4;3;1.03;1.33;2.05;3.6;7.2;8.7;3;1.75;1.25;1.06;1.85;2.04;0;0;0;0;1.33;1.29;1.62;2.75;2.1;3.6;2.52;2.5;3.4;0;0;0;0;1.98;0;0;0;0;1.83;0;0;0;0;0;1.73;9;2.3;0;0;1.43;3;7.9;15;2.6;1.34;1.05;1.01;1.25;2.2;4.9;10;3.6;1.6;1.14;1.01;0;0;0;0;2;1;0;0;1;1;1;2019-08-24 13:05:00;-1;0;38;10;27;0;1;1;1;3;1;2;4;3;1;1;4;2;2;6;1;57;42;106;99;1.65;1.6;3.25;0;0;0;0;0;0;1;1;0;0;0;2;0;0;-1;-1;-1;-1;-1;-1;-1;-1;-1;0;7;31;77;100;17;54;68;38;8.47;0;6.53;2.16;Rentistas;Villa Española;2.23;1.85;2.5;2;2.08;1.69;100;93;69;23;0;72;64;55;1.89;1.23;3.12;1949;26;Y;Y;N;N;N;N;Y
557210;4367;4370;2019;complete;4490;14;-1;-1,-1;;2;0;2;-1;-1;-1;-1;-1;-1;-1;-1;-1;-1;-1;-1;-1;-1;-1;-1;-1;-1;-1;-1;-1;0;0;0;0;0;0;0;0;0;0;0;0;0;0;0;0;0;0;0;0;0;0;0;0;0;0;0;0;0;0;0;0;0;0;0;0;0;0;0;0;0;0;0;0;0;0;0;0;0;0;0;0;0;0;0;0;0;0;0;0;0;0;0;0;0;0;0;0;2;0;0;0;0;0;0;2019-08-25 18:00:00;4367;0;57;14;22;1;-1;-1;-1;-1;-1;-1;-1;-1;-1;-1;-1;-1;-1;-1;-1;0;0;0;0;0;0;0;-1;-1;-1;-1;-1;-1;-1;-1;-1;-1;-1;-1;-1;-1;-1;-1;-1;-1;-1;-1;-1;-1;-1;0;14;43;64;100;22;50;86;29;10.86;0;6;2.22;Villa Teresa;Tacuarembó;1.09;0.64;0.71;1;1.38;0.92;100;86;57;36;0;72;58;43;1.7;1.5;3.2;1949;22;Y;Y;N;N;N;N;N
557211;4369;4390;2019;complete;4490;14;-1;27,89;;2;0;2;6;9;15;-1;-1;1;5;0;1;8;2;5;5;13;7;-1;-1;50;50;1;7;1.91;3.35;3.35;0;0;1.8;0;0;0;0;2;0;0;0;0;0;0;0;0;1.25;1.29;1.73;2.5;2.25;3.75;0;0;0;0;0;0;0;0;0;0;0;0;0;0;0;0;0;0;0;0;0;0;0;0;0;0;0;0;0;0;0;0;0;0;0;0;0;0;0;0;0;0;0;3;2;0;1;0;1;2;2019-08-23 22:00:00;4369;0;57;14;22;0;1;1;2;4;4;5;6;9;1;5;0;1;6;1;1;82;63;98;80;1.97;1.04;3.01;0;0;0;0;0;0;1;1;0;0;1;1;0;1;-1;-1;-1;-1;-1;-1;-1;-1;-1;14;22;50;71;100;36;64;79;43;10.86;0;7.43;2.57;Atenas;Bella Vista;1;1.09;1;1.29;1.31;0.85;86;79;50;29;0;57;43;43;1.52;1.2;2.72;1949;22;Y;Y;Y;N;N;N;N
557212;4373;4369;2019;complete;4490;15;-1;16;49,53;1;2;3;7;6;13;-1;-1;5;5;2;1;7;7;4;7;11;14;-1;-1;50;50;9;7;1.71;3.65;3.75;1.05;1.3;2.05;3.8;7.5;8;3.2;1.75;1.22;1.05;1.91;1.8;0;0;0;0;1.22;1.22;1.91;2.4;2.2;4.33;2.2;2.55;4.08;0;0;0;0;0;0;0;0;0;0;0;0;0;0;0;1.57;9;2.8;0;0;1.4;3;8;19;2.75;1.33;1.05;1;1.25;2.2;4.9;11;3.6;1.6;1.14;1.01;0;0;0;0;4;1;0;0;3;3;1;2019-08-31 18:00:00;4369;0;48;17;10;0;1;1;3;4;4;2;7;6;2;4;5;2;6;7;1;76;49;98;90;1.73;1.73;3.46;0;0;0;0;0;0;1;1;0;0;1;0;0;0;-1;-1;-1;-1;-1;-1;-1;-1;-1;16;32;41;70;93;24;68;70;25;12;0;7.77;2.6;Deportivo Maldonado;Atenas;2.09;1.64;2;1.67;2.14;1.43;85;68;60;30;7;100;80;70;1.71;1.37;3.08;1949;22;Y;Y;Y;Y;N;N;Y
557213;4377;4395;2019;complete;4490;15;-1;;;0;0;0;7;4;11;-1;-1;-1;-1;-1;-1;5;5;5;3;10;8;-1;-1;50;50;-1;-1;2.75;3.35;2.2;0;0;2.1;0;0;0;0;1.7;0;0;0;0;0;0;0;0;1.57;1.29;1.36;3.5;2.1;2.88;0;0;0;0;0;0;0;0;0;0;0;0;0;0;0;0;0;0;0;0;0;0;0;0;0;0;0;0;0;0;0;0;0;0;0;0;0;0;0;0;0;0;0;0;0;0;0;0;0;0;2019-08-31 18:00:00;-1;0;16;9;7;0;1;-1;3;3;4;1;6;5;-1;-1;-1;-1;-1;-1;1;55;40;90;87;1.38;1.15;2.53;0;0;0;0;0;0;1;1;0;0;2;0;-1;-1;-1;-1;-1;-1;-1;-1;-1;-1;-1;0;0;23;40;85;9;47;54;31;10.06;0;10.4;1.47;Central Español;Albion;1.27;1.18;0.57;1.17;0.43;1.21;100;100;77;61;16;46;46;39;1.38;1.05;2.43;1949;22;N;N;N;N;N;N;N
557214;4390;4353;2019;complete;4490;15;-1;;67;0;1;1;5;10;15;-1;-1;2;5;2;0;5;7;4;11;9;18;-1;-1;50;50;6;5;3.15;3.2;2;0;0;2.15;0;0;0;0;1.67;0;0;0;0;0;0;0;0;1.67;1.3;1.33;3.6;2.05;2.88;0;0;0;0;0;0;0;0;0;0;0;0;0;0;0;0;0;0;0;0;0;0;0;0;0;0;0;0;0;0;0;0;0;0;0;0;0;0;0;0;0;0;0;1;0;0;0;1;1;0;2019-08-31 18:00:00;4353;0;50;17;37;0;1;1;0;4;5;6;4;11;2;2;2;3;4;5;1;32;66;54;96;1.15;2.1;3.25;0;0;0;0;0;0;1;1;0;0;0;2;1;0;-1;-1;-1;-1;-1;-1;-1;-1;-1;9;17;42;83;92;17;42;84;50;10.9;0;5.97;2.5;Bella Vista;Sud América;0.73;1.25;0.33;1.33;0.79;1.29;92;84;58;17;9;82;64;64;1.56;1.65;3.21;1949;22;Y;N;N;N;N;N;N
557215;4379;4367;2019;complete;4490;15;-1;;;0;0;0;3;5;8;-1;-1;4;3;0;1;6;4;6;8;12;12;-1;-1;49;51;4;5;1.91;3.4;3.4;1.05;1.36;2.2;4;8;7.5;2.88;1.65;1.2;1.05;1.95;1.75;0;0;0;0;1.19;1.2;1.69;2.66;2.09;4.52;2.37;2.4;3.88;0;0;0;0;0;0;0;0;0;0;0;0;0;0;0;1.67;7.5;2.63;0;0;1.44;3.3;9;21;2.6;1.29;1.03;1;1.29;2.38;5.5;12;3.3;1.51;1.11;1.01;0;0;0;0;2;1;0;1;0;1;1;2019-08-31 13:05:00;4379;0;50;0;29;0;1;1;2;2;1;3;4;4;1;0;3;4;1;7;1;51;54;94;86;1.55;1.43;2.98;0;0;0;0;0;0;1;1;0;0;0;1;0;0;-1;-1;-1;-1;-1;-1;-1;-1;-1;0;25;42;67;100;9;59;67;50;9.83;0;5.58;2.33;Torque;Villa Teresa;2.09;1.45;2.33;2.17;1.86;1.5;100;75;59;34;0;34;21;13;1.51;1.29;2.8;1949;22;Y;Y;N;N;N;N;N
557216;4366;4375;2019;complete;4490;15;-1;34,39,61;26,69;3;2;5;5;3;8;-1;-1;4;2;0;0;4;3;1;3;5;6;-1;-1;50;50;4;2;2.1;3.1;3.2;1.06;1.4;2.25;4.5;9;7.5;2.75;1.62;1.17;1.03;1.95;1.75;0;0;0;0;1.33;1.33;1.62;2.88;2;3.75;2.52;2.36;3.6;0;0;0;0;1.73;0;0;0;0;2;0;0;0;0;0;1.73;7;2.4;0;0;1.45;3.6;9;21;2.55;1.25;1.03;1;1.3;2.4;5.6;12;3.2;1.5;1.11;1.01;0;0;0;0;5;2;1;1;1;2;3;2019-08-31 13:10:00;4366;0;31;9;17;0;1;1;3;1;2;2;4;4;2;1;2;1;3;3;1;25;40;95;130;0.79;0.9;1.69;0;0;0;0;0;0;1;1;0;0;3;0;1;0;-1;-1;-1;-1;-1;-1;-1;-1;-1;0;31;31;45;92;23;52;69;24;9.9;0;7.17;1.99;Villa Española;Cerrito;1.23;1.5;1.33;1.57;1.64;1.43;100;69;69;55;9;65;57;49;1.45;1.3;2.75;1949;24;Y;Y;Y;Y;Y;N;Y
557217;4370;4368;2019;complete;4490;15;-1;;-1,-1;0;2;2;-1;-1;-1;-1;-1;-1;-1;-1;-1;-1;-1;-1;-1;-1;-1;-1;-1;-1;-1;-1;-1;0;0;0;0;0;0;0;0;0;0;0;0;0;0;0;0;0;0;0;0;0;0;0;0;0;0;0;0;0;0;0;0;0;0;0;0;0;0;0;0;0;0;0;0;0;0;0;0;0;0;0;0;0;0;0;0;0;0;0;0;0;0;0;0;0;0;0;0;2;0;0;0;0;0;0;2019-08-31 18:00:00;4368;0;52;9;17;1;-1;-1;-1;-1;-1;-1;-1;-1;-1;-1;-1;-1;-1;-1;-1;0;0;0;0;0;0;0;-1;-1;-1;-1;-1;-1;-1;-1;-1;-1;-1;-1;-1;-1;-1;-1;-1;-1;-1;-1;-1;-1;-1;0;16;38;69;92;7;30;44;15;4.17;0;6.83;2.15;Tacuarembó;Rentistas;1.09;1.38;0.83;1.71;0.86;2;100;85;62;31;9;34;25;9;0;1.39;1.39;1949;22;Y;Y;N;N;N;N;N
557218;4366;4377;2019;complete;4490;16;-1;66;73;1;1;2;14;3;17;-1;-1;4;4;0;0;2;0;5;4;7;4;-1;-1;51;49;4;4;1.57;3.4;5.75;1.03;1.31;1.95;3.4;6.8;9.1;3.1;1.85;1.27;1.07;2.05;1.85;0;0;0;0;1.11;1.29;2.2;2.2;2.2;5;1.98;2.6;4.74;0;0;0;0;1.85;0;0;0;0;1.95;0;0;0;0;0;1.44;9;3.2;2.5;9;1.36;3;8;19;2.88;1.33;1.05;1;1.24;2.16;4.7;10;3.6;1.62;1.15;1.04;0;0;0;0;2;0;0;1;1;2;0;2019-09-07 18:30:00;-1;0;50;16;22;0;1;1;7;2;7;1;9;8;0;0;4;4;0;8;1;69;38;125;110;1.09;0.55;1.64;0;0;0;0;0;0;1;1;0;0;0;0;0;0;-1;-1;-1;-1;-1;-1;-1;-1;-1;14;43;43;57;93;29;65;64;29;8.63;0;7.74;2.5;Villa Española;Central Español;1.23;0.73;1.57;0.29;1.73;0.47;86;57;57;43;7;52;45;27;1.36;1.23;2.59;1949;22;Y;Y;N;N;N;N;Y
557219;4369;4395;2019;complete;4490;16;-1;53;59;1;1;2;4;5;9;-1;-1;4;5;0;1;7;2;5;3;12;5;-1;-1;50;50;4;7;1.91;3.2;3.8;0;0;2.2;0;0;0;0;1.65;0;0;0;0;0;0;0;0;1.22;1.33;1.73;2.6;2.05;4.33;0;0;0;0;0;0;0;0;0;0;0;0;0;0;0;0;0;0;0;0;0;0;0;0;0;0;0;0;0;0;0;0;0;0;0;0;0;0;0;0;0;0;0;2;0;0;1;1;2;0;2019-09-07 18:30:00;-1;0;32;14;0;0;1;1;2;1;2;4;3;6;2;4;2;2;6;4;1;64;55;113;99;1.72;0.86;2.58;0;0;0;0;0;0;1;1;0;0;0;0;1;1;-1;-1;-1;-1;-1;-1;-1;-1;-1;7;7;32;59;86;26;53;72;34;9.58;0;8.15;1.9;Atenas;Albion;1;1.18;1.25;1.14;1.53;1.2;94;94;68;41;15;48;36;36;1.58;1.06;2.64;1949;22;Y;Y;N;N;N;N;Y
557220;4353;4373;2019;complete;4490;16;-1;72;;1;0;1;5;3;8;-1;-1;3;3;0;0;5;0;3;5;8;5;-1;-1;50;50;3;3;2.65;3.15;2.35;1.05;1.38;2.25;4;8.1;7.9;2.8;1.62;1.21;1.04;1.99;1.9;0;0;0;0;1.57;1.36;1.36;3.6;2;3;3.4;2.4;2.62;0;0;0;0;1.88;0;0;0;0;1.93;0;0;0;0;0;2.38;7.5;1.8;4.8;3.4;1.45;3.3;9;21;2.55;1.29;1.03;1;1.28;2.32;5.3;12;3.3;1.54;1.12;1.03;0;0;0;0;2;0;0;2;0;2;0;2019-09-08 18:30:00;4353;0;28;0;16;0;1;1;5;1;0;2;6;2;1;2;2;1;3;3;1;69;56;91;93;1.36;0.73;2.09;0;0;0;0;0;0;1;1;0;0;1;0;0;1;-1;-1;-1;-1;-1;-1;-1;-1;-1;0;0;35;41;87;7;47;55;21;7.6;0;7.9;1.63;Sud América;Deportivo Maldonado;1.33;1.55;1.25;2.29;1.4;2;100;100;66;59;14;55;37;37;1.42;1.29;2.71;1949;22;Y;Y;N;N;N;N;N
557221;4367;4390;2019;complete;4490;16;-1;;15,74,77,83;0;4;4;5;5;10;-1;-1;3;3;0;0;4;8;7;3;11;11;-1;-1;56;44;3;3;1.67;3.4;4.6;0;0;2;0;0;0;0;1.8;0;0;0;0;0;0;0;0;1.14;1.3;2.1;2.25;2.2;4.75;0;0;0;0;0;0;0;0;0;0;0;0;0;0;0;0;0;0;0;0;0;0;0;0;0;0;0;0;0;0;0;0;0;0;0;0;0;0;0;0;0;0;0;5;1;1;0;3;3;2;2019-09-08 18:30:00;4390;0;50;14;26;0;1;1;4;2;1;3;6;4;1;2;2;1;3;3;1;115;102;134;116;1.81;1.99;3.8;0;0;0;0;0;0;1;1;0;0;1;0;0;0;-1;-1;-1;-1;-1;-1;-1;-1;-1;7;19;51;75;100;38;63;76;26;11.99;0;7.75;2.5;Villa Teresa;Bella Vista;1.09;1.09;1;1.13;1.4;0.73;94;82;51;25;0;75;75;60;1.7;1.17;2.87;1949;22;Y;Y;Y;Y;Y;N;Y
557222;4368;4379;2019;complete;4490;16;-1;;67;0;1;1;2;3;5;-1;-1;4;4;1;0;3;4;5;14;8;18;-1;-1;50;50;6;4;2.11;3.16;3.3;1.05;1.4;2.2;4.1;8.6;7.6;2.7;1.61;1.19;1.04;1.95;1.94;0;0;0;0;1.27;1.29;1.62;2.79;2.08;4.22;2.52;2.38;3.6;0;0;0;0;2;0;0;0;0;1.73;0;0;0;0;0;1.73;7.5;2.4;0;1.85;1.44;3.3;9;21;2.6;1.29;1.03;1;1.29;2.38;5.5;12;3.3;1.51;1.11;1.01;0;0;0;0;1;0;0;0;1;1;0;2019-09-07 13:00:00;4379;0;41;9;23;0;1;1;0;1;2;2;1;4;1;1;4;3;2;7;1;43;68;88;122;1.03;1.91;2.94;0;0;0;0;0;0;1;1;0;0;0;0;0;0;-1;-1;-1;-1;-1;-1;-1;-1;-1;7;7;27;68;88;21;54;60;27;8.66;0;4.03;1.95;Rentistas;Torque;2.23;1.91;2.29;1.5;2.07;1.93;94;94;73;32;13;50;42;42;1.85;1.14;2.99;1949;22;Y;N;N;N;N;N;N
557223;4375;4370;2019;complete;4490;16;-1;52;;1;0;1;5;3;8;-1;-1;1;4;0;0;7;2;5;6;12;8;-1;-1;47;53;1;4;1.95;3.1;3.6;1.05;1.38;2.15;4;8.1;7.9;2.8;1.67;1.21;1.04;1.95;1.94;0;0;0;0;1.25;1.33;1.73;2.6;2.05;4.33;2.32;2.43;3.98;0;0;0;0;1.98;0;0;0;0;1.83;0;0;0;0;0;1.67;7.5;2.6;3.1;6;1.44;3.2;8;19;2.6;1.3;1.05;1;1.28;2.33;5.3;11;3.3;1.53;1.12;1.03;0;0;0;0;1;0;0;1;0;1;0;2019-09-07 18:30:00;4375;0;61;7;52;0;1;1;2;1;3;2;3;5;0;0;1;4;0;5;1;33;50;111;130;1.5;1.03;2.52;0;0;0;0;0;0;1;1;0;0;0;1;0;0;-1;-1;-1;-1;-1;-1;-1;-1;-1;0;14;41;75;100;7;34;60;48;10.25;0;6.5;2.28;Cerrito;Tacuarembó;1.25;0.64;1.29;0.88;1.33;0.8;100;87;60;26;0;54;27;27;1.44;1.5;2.94;1949;22;Y;N;N;N;N;N;N
557224;4377;4369;2019;complete;4490;17;-1;81;;1;0;1;4;5;9;-1;-1;2;3;0;0;3;6;4;11;7;17;-1;-1;50;50;2;3;3.25;3.25;2;1.03;1.25;1.9;3.3;6.5;9;3.6;1.9;1.29;1.08;1.65;2.1;0;0;0;0;1.67;1.3;1.3;3.6;2.2;2.75;3.5;2.55;2.37;0;0;0;0;0;0;0;0;0;0;0;0;0;0;0;2.38;10;1.73;5;4;1.36;2.88;7.5;17;2.88;1.36;1.06;1;1.22;2.1;4.4;10;3.8;1.66;1.17;1.01;0;0;0;0;1;0;0;1;0;1;0;2019-09-15 18:30:00;4377;0;42;9;15;0;1;1;1;3;3;2;4;5;1;1;1;2;2;3;1;48;55;111;121;1.01;1.9;2.91;0;0;0;0;0;0;1;1;0;0;0;0;0;0;-1;-1;-1;-1;-1;-1;-1;-1;-1;7;29;48;56;88;15;48;68;41;13.05;0;9.17;2.34;Central Español;Atenas;1.27;1.64;0.63;1.86;0.5;1.5;93;72;52;45;13;88;88;73;1.38;1.43;2.81;1949;22;Y;N;N;N;N;N;N
557226;4373;4367;2019;complete;4490;17;-1;41,82;;2;0;2;4;2;6;-1;-1;1;4;0;0;4;3;6;2;10;5;-1;-1;50;50;1;4;1.83;3.75;3.25;1.05;1.3;2.05;3.8;7.5;8;3.2;1.75;1.22;1.06;1.85;1.85;0;0;0;0;1.3;1.22;1.8;2.5;2.2;4;2.34;2.5;3.68;0;0;0;0;0;0;0;0;0;0;0;0;0;0;0;1.57;9.5;2.63;3.1;6;1.4;3;8;19;2.75;1.33;1.05;1;1.25;2.2;4.9;11;3.6;1.6;1.14;1.01;0;0;0;0;2;1;0;1;0;1;1;2019-09-15 18:30:00;4373;0;34;7;10;0;1;1;1;1;3;1;2;4;0;2;1;2;2;3;1;51;70;114;109;1.29;1.04;2.33;0;0;0;0;0;0;1;1;0;0;0;1;0;0;-1;-1;-1;-1;-1;-1;-1;-1;-1;7;27;34;60;94;14;73;60;21;11.8;0;8.06;2.21;Deportivo Maldonado;Villa Teresa;2.09;1.45;1.75;1.86;1.88;1.31;94;73;66;41;7;70;44;44;1.71;1.32;3.03;1949;22;Y;Y;N;N;N;N;N
557229;4390;4368;2019;complete;4490;17;-1;33;;1;0;1;1;8;9;-1;-1;3;3;0;0;3;2;4;16;7;18;-1;-1;50;50;3;3;3.1;3.25;2.05;1.02;1.22;1.8;3;6.5;10;3.8;2;1.33;1.08;1.6;2.2;0;0;0;0;1.67;1.3;1.33;3.4;2.25;2.75;3.3;2.6;2.44;0;0;0;0;1.73;0;0;0;0;2;0;0;0;0;0;2.25;11;1.73;5.8;3.7;1.3;2.75;7;17;3.2;1.4;1.07;1;1.2;2;4.1;9.5;4;1.72;1.19;1.02;0;0;0;0;1;1;0;0;0;0;1;2019-09-15 18:30:00;4390;0;60;23;31;0;1;1;0;3;1;5;3;6;0;1;3;2;1;5;1;51;101;115;158;1.04;2.01;3.05;0;0;0;0;0;0;1;1;0;0;0;0;0;0;-1;-1;-1;-1;-1;-1;-1;-1;-1;7;21;48;73;100;21;48;82;34;9.6;0;6.54;2.56;Bella Vista;Rentistas;0.73;1.38;0.29;1.88;0.88;1.94;93;80;53;27;0;77;61;44;1.5;1.39;2.89;1949;22;Y;N;N;N;N;N;N
557230;4370;4366;2019;complete;4490;17;-1;-1;-1,-1;1;2;3;-1;-1;-1;-1;-1;-1;-1;-1;-1;-1;-1;-1;-1;-1;-1;-1;-1;-1;-1;-1;-1;0;0;0;0;0;0;0;0;0;0;0;0;0;0;0;0;0;0;0;0;0;0;0;0;0;0;0;0;0;0;0;0;0;0;0;0;0;0;0;0;0;0;0;0;0;0;0;0;0;0;0;0;0;0;0;0;0;0;0;0;0;0;0;0;0;0;0;0;3;0;0;0;0;0;0;2019-09-15 18:30:00;4366;0;40;0;15;1;-1;-1;-1;-1;-1;-1;-1;-1;-1;-1;-1;-1;-1;-1;-1;0;0;0;0;0;0;0;-1;-1;-1;-1;-1;-1;-1;-1;-1;-1;-1;-1;-1;-1;-1;-1;-1;-1;-1;-1;-1;-1;-1;0;14;27;73;93;0;39;51;19;3.86;0;7.29;2.07;Tacuarembó;Villa Española;1.09;1.85;0.71;1.88;0.75;1.69;100;87;73;27;7;36;29;22;0;1.28;1.28;1949;22;Y;Y;Y;N;N;N;Y
557231;4370;4377;2019;complete;4490;18;-1;-1;-1;1;1;2;-1;-1;-1;-1;-1;-1;-1;-1;-1;-1;-1;-1;-1;-1;-1;-1;-1;-1;-1;-1;-1;0;0;0;0;0;0;0;0;0;0;0;0;0;0;0;0;0;0;0;0;0;0;0;0;0;0;0;0;0;0;0;0;0;0;0;0;0;0;0;0;0;0;0;0;0;0;0;0;0;0;0;0;0;0;0;0;0;0;0;0;0;0;0;0;0;0;0;0;2;0;0;0;0;0;0;2019-09-21 18:30:00;-1;0;51;7;7;1;-1;-1;-1;-1;-1;-1;-1;-1;-1;-1;-1;-1;-1;-1;-1;0;0;0;0;0;0;0;-1;-1;-1;-1;-1;-1;-1;-1;-1;-1;-1;-1;-1;-1;-1;-1;-1;-1;-1;-1;-1;-1;-1;7;26;38;75;94;13;44;38;13;3.17;0;7.14;2.38;Tacuarembó;Central Español;1.09;0.73;0.63;0.38;0.71;0.65;94;76;63;25;7;34;34;25;0;1.11;1.11;1949;22;Y;Y;N;N;N;N;Y
557232;4367;4395;2019;complete;4490;18;-1;76;89;1;1;2;4;2;6;-1;-1;4;2;1;1;4;2;6;8;10;10;-1;-1;50;50;6;4;1.95;3.4;3.25;0;0;2.2;0;0;0;0;1.65;0;0;0;0;0;0;0;0;1.3;1.29;1.73;2.75;2.05;4;0;0;0;0;0;0;0;0;0;0;0;0;0;0;0;0;0;0;0;0;0;0;0;0;0;0;0;0;0;0;0;0;0;0;0;0;0;0;0;0;0;0;0;2;0;0;1;1;2;0;2019-09-21 18:30:00;-1;0;41;19;13;0;1;1;2;2;2;0;4;2;1;2;4;1;3;5;1;68;48;129;100;1.41;1.13;2.54;0;0;0;0;0;0;1;1;0;0;0;0;0;0;-1;-1;-1;-1;-1;-1;-1;-1;-1;6;11;29;64;88;23;47;70;30;10.2;0;8.67;1.97;Villa Teresa;Albion;1.09;1.18;0.89;1.13;1.24;1.18;95;89;72;36;13;66;59;40;1.71;1.04;2.75;1949;22;Y;Y;N;N;N;N;Y
557233;4375;4390;2019;complete;4490;18;-1;21,84;;2;0;2;9;4;13;-1;-1;3;3;0;0;6;2;6;3;12;5;-1;-1;50;50;3;3;1.95;3.6;3.1;1.04;1.35;1.9;3.7;7.4;8.5;3;1.9;1.24;1.06;1.89;2.01;0;0;0;0;1.44;1.25;1.53;2.75;2.1;3.75;2.49;2.47;3.5;0;0;0;0;1.73;0;0;0;0;2;0;0;0;0;0;1.83;8.5;2.2;3.25;5.5;1.44;3;8.1;21;2.6;1.33;1.04;1.01;1.26;2.23;5;11;3.5;1.58;1.14;1.03;0;0;0;0;2;1;0;1;0;1;1;2019-09-22 19:00:00;4375;0;60;11;47;0;1;1;4;3;5;1;7;6;1;2;2;1;3;3;1;54;42;120;108;1.58;0.78;2.35;0;0;0;0;0;0;1;1;0;0;0;2;0;0;-1;-1;-1;-1;-1;-1;-1;-1;-1;11;23;53;77;100;28;52;65;47;11.11;0;7.56;2.63;Cerrito;Bella Vista;1.25;1.09;1.5;1.33;1.41;1;89;78;48;24;0;54;44;38;1.45;1.28;2.73;1949;22;Y;Y;N;N;N;N;N
557234;4368;4373;2019;complete;4490;18;-1;19;;1;0;1;1;8;9;-1;-1;1;3;1;1;5;3;7;5;12;8;-1;-1;50;50;3;5;2.1;3.2;3.1;1.07;1.44;2.4;4.6;10;7;2.6;1.53;1.16;1.02;2.15;1.62;0;0;0;0;1.33;1.33;1.62;2.88;1.95;4;2.62;2.3;3.6;0;0;0;0;0;0;0;0;0;0;0;0;0;0;0;1.8;6.5;2.5;3.1;5;1.5;3.6;10;26;2.4;1.25;1.02;1;1.33;2.5;6.1;13;3;1.46;1.09;1.01;0;0;0;0;1;1;0;0;0;0;1;2019-09-21 18:30:00;4368;0;38;7;14;0;1;1;1;5;0;3;6;3;0;0;2;4;0;6;1;62;104;117;163;1.56;1.48;3.05;0;0;0;0;0;0;1;1;0;0;0;0;0;0;-1;-1;-1;-1;-1;-1;-1;-1;-1;0;0;38;69;94;19;44;69;32;6.67;0;7.46;2;Rentistas;Deportivo Maldonado;2.23;1.55;2;2;1.82;1.94;100;100;63;32;7;47;38;38;1.73;1.2;2.93;1949;22;Y;N;N;N;N;N;N
557235;4366;4379;2019;complete;4490;18;-1;;81;0;1;1;4;9;13;-1;-1;6;1;0;0;4;8;4;7;8;15;-1;-1;50;50;6;1;2.5;3.1;2.6;0;1.47;2.4;0;0;0;2.53;1.53;0;0;0;0;0;0;0;0;1.44;1.33;1.44;3.25;1.95;3.4;0;0;0;0;0;0;0;0;0;0;0;0;0;0;0;0;0;0;0;0;0;0;0;0;0;0;0;0;0;0;0;0;0;0;0;0;0;0;0;0;0;0;0;1;0;0;0;1;1;0;2019-09-21 13:00:00;4379;0;42;7;38;0;1;1;2;6;2;3;8;5;2;1;4;0;3;4;1;38;46;95;93;1.07;1.84;2.91;0;0;0;0;0;0;1;1;0;0;1;1;0;0;-1;-1;-1;-1;-1;-1;-1;-1;-1;12;25;30;47;83;18;41;71;36;10.64;0;5.3;1.96;Villa Española;Torque;1.23;1.91;1.5;1.67;1.76;1.94;89;76;71;53;18;47;34;27;1.33;1.25;2.58;1949;22;Y;N;N;N;N;N;N
557236;4353;4369;2019;complete;4490;18;-1;;;0;0;0;5;3;8;-1;-1;-1;-1;-1;-1;2;2;2;4;4;6;-1;-1;50;50;-1;-1;2.3;3.6;2.5;1.04;1.37;1.93;3.96;7.9;8.1;2.85;1.88;1.22;1.05;1.88;2.01;0;0;0;0;1.44;1.25;1.53;3.1;2.05;3.25;2.87;2.4;3;0;0;0;0;0;2;0;0;0;0;1.8;0;0;0;0;1.83;8.5;2.2;4;4.33;1.46;3.1;8.5;17;2.5;1.31;1.04;1.01;1.27;2.3;5.2;11;3.4;1.55;1.13;1.01;0;0;0;0;0;0;0;0;0;0;0;2019-09-22 18:30:00;-1;0;37;7;14;0;1;-1;3;2;2;1;5;3;-1;-1;-1;-1;-1;-1;1;71;54;76;78;0.91;0.91;1.82;0;0;0;0;0;0;1;1;0;0;2;0;-1;-1;-1;-1;-1;-1;-1;-1;-1;-1;-1;7;25;37;54;95;13;47;66;36;11;0;7.43;2.23;Sud América;Atenas;1.33;1.64;1.44;1.63;1.47;1.41;94;75;64;46;6;72;58;50;1.41;1.49;2.9;1949;22;N;N;N;N;N;N;N
557237;4373;4375;2019;complete;4490;19;-1;-1;;1;0;1;-1;-1;-1;-1;-1;-1;-1;-1;-1;-1;-1;-1;-1;-1;-1;-1;-1;-1;-1;-1;-1;0;0;0;0;0;0;0;0;0;0;0;0;0;0;0;0;0;0;0;0;0;0;0;0;0;0;0;0;0;0;0;0;0;0;0;0;0;0;0;0;0;0;0;0;0;0;0;0;0;0;0;0;0;0;0;0;0;0;0;0;0;0;0;0;0;0;0;0;1;0;0;0;0;0;0;2019-10-05 13:00:00;4373;0;39;20;7;1;-1;-1;-1;-1;-1;-1;-1;-1;-1;-1;-1;-1;-1;-1;-1;0;0;0;0;0;0;0;-1;-1;-1;-1;-1;-1;-1;-1;-1;-1;-1;-1;-1;-1;-1;-1;-1;-1;-1;-1;-1;-1;-1;11;28;28;67;95;22;78;67;17;9.88;0;7.81;2.28;Deportivo Maldonado;Cerrito;2.09;1.5;1.89;1.33;1.83;1.5;89;73;73;33;6;77;62;62;1.65;1.23;2.88;1949;22;Y;N;N;N;N;N;N
557238;4390;4366;2019;complete;4490;19;-1;-1,-1,-1;-1,-1;3;2;5;-1;-1;-1;-1;-1;-1;-1;-1;-1;-1;-1;-1;-1;-1;-1;-1;-1;-1;-1;-1;-1;0;0;0;0;0;0;0;0;0;0;0;0;0;0;0;0;0;0;0;0;0;0;0;0;0;0;0;0;0;0;0;0;0;0;0;0;0;0;0;0;0;0;0;0;0;0;0;0;0;0;0;0;0;0;0;0;0;0;0;0;0;0;0;0;0;0;0;0;5;0;0;0;0;0;0;2019-10-05 13:00:00;4390;0;53;13;27;1;-1;-1;-1;-1;-1;-1;-1;-1;-1;-1;-1;-1;-1;-1;-1;0;0;0;0;0;0;0;-1;-1;-1;-1;-1;-1;-1;-1;-1;-1;-1;-1;-1;-1;-1;-1;-1;-1;-1;-1;-1;-1;-1;7;18;42;71;100;13;60;83;36;8.74;0;7.04;2.43;Bella Vista;Villa Española;0.73;1.85;0.63;2;0.94;1.67;94;82;59;30;0;80;60;53;1.44;1.28;2.72;1949;22;Y;Y;Y;Y;Y;N;Y
557239;4395;4368;2019;complete;4490;19;-1;-1,-1;;2;0;2;-1;-1;-1;-1;-1;-1;-1;-1;-1;-1;-1;-1;-1;-1;-1;-1;-1;-1;-1;-1;-1;0;0;0;0;0;0;0;0;0;0;0;0;0;0;0;0;0;0;0;0;0;0;0;0;0;0;0;0;0;0;0;0;0;0;0;0;0;0;0;0;0;0;0;0;0;0;0;0;0;0;0;0;0;0;0;0;0;0;0;0;0;0;0;0;0;0;0;0;2;0;0;0;0;0;0;2019-10-05 13:00:00;4395;0;62;14;34;1;-1;-1;-1;-1;-1;-1;-1;-1;-1;-1;-1;-1;-1;-1;-1;0;0;0;0;0;0;0;-1;-1;-1;-1;-1;-1;-1;-1;-1;-1;-1;-1;-1;-1;-1;-1;-1;-1;-1;-1;-1;-1;-1;6;39;56;73;95;34;56;62;39;9.34;0;6.85;2.67;Albion;Rentistas;1.27;1.38;1.22;1.67;1.17;1.89;95;61;45;28;6;73;53;39;1.32;1.48;2.8;1949;22;Y;Y;N;N;N;N;N
557240;4369;4367;2019;complete;4490;19;-1;21;61,63;1;2;3;6;5;11;-1;-1;4;5;0;0;3;3;6;6;9;9;-1;-1;50;50;4;5;1.8;3.25;4;1.05;1.36;2.25;4.1;8;8;2.88;1.62;1.19;1.05;2.1;1.65;0;0;0;0;1.2;1.3;1.83;2.5;2.05;4.5;0;0;0;0;0;0;0;0;0;0;0;0;0;0;0;0;0;0;1.57;7.5;2.88;0;0;1.44;3.3;9;21;2.6;1.29;1.03;1;0;0;0;0;0;0;0;0;0;0;0;0;3;1;0;0;2;2;1;2019-10-04 21:30:00;4367;0;41;6;14;0;1;1;3;2;3;3;5;6;2;3;2;2;5;4;1;0;0;0;0;1.43;1.28;2.72;0;0;0;0;0;0;1;1;0;0;0;0;0;0;-1;-1;-1;-1;-1;-1;-1;-1;-1;6;18;41;71;100;23;60;82;35;11.17;0;6.22;2.35;Atenas;Villa Teresa;1;1.45;1.22;1.63;1.39;1.22;95;82;60;30;0;50;25;25;1.59;1.27;2.86;1949;22;Y;Y;Y;N;N;N;Y
557241;4379;4370;2019;complete;4490;19;-1;-1;;1;0;1;-1;-1;-1;-1;-1;-1;-1;-1;-1;-1;-1;-1;-1;-1;-1;-1;-1;-1;-1;-1;-1;0;0;0;0;0;0;0;0;0;0;0;0;0;0;0;0;0;0;0;0;0;0;0;0;0;0;0;0;0;0;0;0;0;0;0;0;0;0;0;0;0;0;0;0;0;0;0;0;0;0;0;0;0;0;0;0;0;0;0;0;0;0;0;0;0;0;0;0;1;0;0;0;0;0;0;2019-10-05 13:00:00;4379;0;54;7;27;1;-1;-1;-1;-1;-1;-1;-1;-1;-1;-1;-1;-1;-1;-1;-1;0;0;0;0;0;0;0;-1;-1;-1;-1;-1;-1;-1;-1;-1;-1;-1;-1;-1;-1;-1;-1;-1;-1;-1;-1;-1;-1;-1;0;12;29;72;100;6;48;71;42;7.59;0;6.13;2.13;Torque;Tacuarembó;2.09;0.64;2.25;0.78;2;0.72;100;89;71;29;0;32;20;13;1.51;1.44;2.95;1949;22;Y;N;N;N;N;N;N
557242;4377;4353;2019;complete;4490;19;-1;15,52;90;2;1;3;2;6;8;-1;-1;1;4;0;0;4;5;4;4;8;9;-1;-1;50;50;1;4;3.25;3;2.1;1.08;1.5;2.68;5.5;11;6.5;2.4;1.45;1.11;1.01;2.2;1.6;0;0;0;0;1.62;1.33;1.3;4;1.91;3;0;0;0;0;0;0;0;0;0;0;0;0;0;0;0;0;0;0;2.3;6;1.95;0;0;1.57;4;11;34;2.25;1.2;1.01;1;0;0;0;0;0;0;0;0;0;0;0;0;3;1;0;1;1;2;1;2019-10-05 13:00:00;4377;0;18;0;20;0;1;1;0;6;2;0;6;2;1;1;0;3;2;3;1;0;0;0;0;1.11;1.4;2.52;0;0;0;0;0;0;1;1;0;0;0;1;0;0;-1;-1;-1;-1;-1;-1;-1;-1;-1;0;0;18;43;77;0;23;60;30;13.13;0;8.57;1.36;Central Español;Sud América;1.27;1.25;0.89;1.5;0.67;1.44;100;100;83;58;24;82;62;57;1.34;1.73;3.07;1949;22;Y;Y;Y;N;N;N;Y
557243;4379;4377;2019;complete;4490;20;-1;5;31;1;1;2;-1;-1;-1;-1;-1;1;0;0;0;-1;-1;-1;-1;-1;-1;-1;-1;-1;-1;1;0;1.36;4.2;7;1.05;1.33;2.1;3.8;8;8;3;1.7;1.22;1.05;2.55;1.45;0;0;0;0;1.07;1.2;2.75;1.95;2.2;7;0;0;0;0;0;0;0;0;0;0;0;0;0;0;0;0;0;0;1.3;8.5;4.5;0;0;1.44;3.3;9;21;2.6;1.29;1.03;1;0;0;0;0;0;0;0;0;0;0;0;0;2;1;1;0;0;0;2;2019-10-15 19:00:00;-1;0;62;7;22;0;-1;1;-1;-1;-1;-1;-1;-1;1;0;0;0;1;0;-1;0;0;0;0;0;0;0;1;0;1;0;0;0;1;1;1;0;-1;-1;0;0;-1;-1;-1;-1;-1;-1;-1;-1;-1;6;22;28;78;100;11;62;62;33;6.88;0;7.14;2.34;Torque;Central Español;2.09;0.73;2.33;0.44;2.05;0.79;95;78;73;22;0;41;41;25;1.51;1.11;2.62;1949;22;Y;Y;N;N;N;N;Y
557244;4375;4395;2019;complete;4490;20;-1;76;6,87;1;2;3;7;2;9;-1;-1;4;4;0;0;2;3;6;7;8;10;-1;-1;52;48;4;4;2.05;3.05;3.15;1.07;1.43;2.35;4.45;8.5;6.7;2.55;1.51;1.16;1.03;2.05;1.67;0;0;0;0;1.4;1.33;1.5;2.88;2.05;3.75;0;0;0;0;0;0;0;0;0;0;0;0;0;0;0;0;0;0;0;0;0;0;0;0;0;0;0;0;0;0;0;0;0;0;0;0;0;0;0;0;0;0;0;3;0;1;1;1;2;1;2019-10-15 19:00:00;4395;0;45;6;36;0;1;1;1;2;6;0;3;6;2;2;2;2;4;4;1;68;33;149;107;1.16;1.09;2.25;0;0;0;0;0;0;1;1;0;1;0;0;0;0;-1;-1;-1;-1;-1;-1;-1;-1;-1;0;6;22;67;89;6;33;62;44;9.88;0;8.43;1.83;Cerrito;Albion;1.25;1.18;1.67;1.11;1.42;1.26;100;95;78;33;11;44;29;29;1.47;1.05;2.52;1949;22;Y;Y;Y;N;N;N;Y
557245;4367;4353;2019;complete;4490;20;-1;77;;1;0;1;-1;-1;-1;-1;-1;5;7;0;2;-1;-1;-1;-1;-1;-1;-1;-1;-1;-1;5;10;0;0;0;0;0;0;0;0;0;0;0;0;0;0;0;0;0;0;0;0;0;0;0;0;0;0;0;0;0;0;0;0;0;0;0;0;0;0;0;0;0;0;0;0;0;0;0;0;0;0;0;0;0;0;0;0;0;0;0;0;0;0;0;0;0;0;0;0;1;0;0;1;0;1;0;2019-10-15 19:00:00;4367;0;47;11;30;0;-1;1;-1;-1;-1;-1;-1;-1;2;3;3;6;5;9;-1;0;0;0;0;0;0;0;1;0;1;0;0;0;1;1;0;0;-1;-1;0;1;-1;-1;-1;-1;-1;-1;-1;-1;-1;5;10;31;74;89;15;36;79;37;12.83;0;7.33;2.09;Villa Teresa;Sud América;1.09;1.25;0.9;1.33;1.32;1.37;95;90;69;27;11;77;64;47;1.68;1.68;3.36;1949;22;Y;N;N;N;N;N;N
557246;4370;4390;2019;complete;4490;20;-1;-1,-1,-1,-1;;4;0;4;-1;-1;-1;-1;-1;-1;-1;-1;-1;-1;-1;-1;-1;-1;-1;-1;-1;-1;-1;-1;-1;0;0;0;0;0;0;0;0;0;0;0;0;0;0;0;0;0;0;0;0;0;0;0;0;0;0;0;0;0;0;0;0;0;0;0;0;0;0;0;0;0;0;0;0;0;0;0;0;0;0;0;0;0;0;0;0;0;0;0;0;0;0;0;0;0;0;0;0;4;0;0;0;0;0;0;2019-10-12 13:00:00;4370;0;47;10;15;1;-1;-1;-1;-1;-1;-1;-1;-1;-1;-1;-1;-1;-1;-1;-1;0;0;0;0;0;0;0;-1;-1;-1;-1;-1;-1;-1;-1;-1;-1;-1;-1;-1;-1;-1;-1;-1;-1;-1;-1;-1;-1;-1;10;21;47;79;95;25;46;41;20;5;0;7.4;2.51;Tacuarembó;Bella Vista;1.09;1.09;0.67;1.2;0.68;1.05;90;80;54;21;6;35;35;30;0;1.22;1.22;1949;22;Y;Y;Y;Y;N;N;N
557248;4366;4373;2019;complete;4490;20;-1;27,52,90,90;45,48,61;4;3;7;3;1;4;-1;-1;6;3;0;0;6;10;3;7;9;17;-1;-1;50;50;6;3;2.5;3.2;2.5;1.07;1.44;1.85;4.6;9;7;2.6;1.95;1.16;1.03;2.1;1.65;0;0;0;0;1.44;1.3;1.44;3.4;1.95;3.4;3;2.3;3.02;0;0;0;0;0;0;0;0;0;0;0;0;0;0;0;2;7;2.1;0;0;1.5;3.6;10;26;2.4;1.25;1.02;1;1.33;2.5;6.1;13;3;1.46;1.09;1.01;0;0;0;0;7;1;1;3;2;5;2;2019-10-15 19:00:00;4366;0;39;6;29;0;1;1;1;1;2;0;2;2;2;2;4;1;4;5;1;0;0;0;0;1.25;2.1;3.35;0;0;0;0;0;0;1;1;0;0;1;0;0;1;-1;-1;-1;-1;-1;-1;-1;-1;-1;6;17;39;50;89;17;39;73;39;9.65;0;8.18;2;Villa Española;Deportivo Maldonado;1.23;1.55;1.33;1.78;1.58;1.89;95;84;62;50;11;57;37;31;1.3;1.24;2.54;1949;22;Y;Y;Y;Y;Y;Y;Y
557249;4368;4369;2019;complete;4490;20;-1;-1;-1;1;1;2;-1;-1;-1;-1;-1;-1;-1;-1;-1;-1;-1;-1;-1;-1;-1;-1;-1;-1;-1;-1;-1;0;0;0;0;0;0;0;0;0;0;0;0;0;0;0;0;0;0;0;0;0;0;0;0;0;0;0;0;0;0;0;0;0;0;0;0;0;0;0;0;0;0;0;0;0;0;0;0;0;0;0;0;0;0;0;0;0;0;0;0;0;0;0;0;0;0;0;0;2;0;0;0;0;0;0;2019-10-12 13:00:00;-1;0;45;13;13;1;-1;-1;-1;-1;-1;-1;-1;-1;-1;-1;-1;-1;-1;-1;-1;0;0;0;0;0;0;0;-1;-1;-1;-1;-1;-1;-1;-1;-1;-1;-1;-1;-1;-1;-1;-1;-1;-1;-1;-1;-1;-1;-1;6;22;39;67;95;22;50;67;33;9.26;0;7.25;2.34;Rentistas;Atenas;2.23;1.64;2.11;1.56;1.79;1.32;95;78;61;33;6;69;57;51;1.71;1.42;3.13;1949;22;Y;Y;N;N;N;N;Y
557250;4353;4368;2019;complete;4490;21;-1;-1,-1;-1,-1;2;2;4;-1;-1;-1;-1;-1;-1;-1;-1;-1;-1;-1;-1;-1;-1;-1;-1;-1;-1;-1;-1;-1;0;0;0;0;0;0;0;0;0;0;0;0;0;0;0;0;0;0;0;0;0;0;0;0;0;0;0;0;0;0;0;0;0;0;0;0;0;0;0;0;0;0;0;0;0;0;0;0;0;0;0;0;0;0;0;0;0;0;0;0;0;0;0;0;0;0;0;0;4;0;0;0;0;0;0;2019-10-19 13:00:00;-1;0;30;7;20;1;-1;-1;-1;-1;-1;-1;-1;-1;-1;-1;-1;-1;-1;-1;-1;0;0;0;0;0;0;0;-1;-1;-1;-1;-1;-1;-1;-1;-1;-1;-1;-1;-1;-1;-1;-1;-1;-1;-1;-1;-1;-1;-1;0;5;20;50;90;5;40;45;20;9.71;0;7.14;1.65;Sud América;Rentistas;1.33;1.38;1.4;1.5;1.3;1.75;100;95;80;50;10;55;34;20;1.34;1.48;2.82;1949;24;Y;Y;Y;Y;N;N;Y
557251;4369;4375;2019;complete;4490;21;-1;;-1,-1;0;2;2;-1;-1;-1;-1;-1;-1;-1;-1;-1;-1;-1;-1;-1;-1;-1;-1;-1;-1;-1;-1;-1;0;0;0;0;0;0;0;0;0;0;0;0;0;0;0;0;0;0;0;0;0;0;0;0;0;0;0;0;0;0;0;0;0;0;0;0;0;0;0;0;0;0;0;0;0;0;0;0;0;0;0;0;0;0;0;0;0;0;0;0;0;0;0;0;0;0;0;0;2;0;0;0;0;0;0;2019-10-19 19:00:00;4375;0;50;20;12;1;-1;-1;-1;-1;-1;-1;-1;-1;-1;-1;-1;-1;-1;-1;-1;0;0;0;0;0;0;0;-1;-1;-1;-1;-1;-1;-1;-1;-1;-1;-1;-1;-1;-1;-1;-1;-1;-1;-1;-1;-1;-1;-1;10;20;40;70;100;30;60;80;35;10.17;0;6.43;2.4;Atenas;Cerrito;1;1.5;1.1;1.2;1.3;1.35;90;80;60;30;0;69;54;54;1.58;1.23;2.81;1949;22;Y;Y;N;N;N;N;N
557252;4373;4370;2019;complete;4490;21;-1;-1,-1,-1;-1;3;1;4;-1;-1;-1;-1;-1;-1;-1;-1;-1;-1;-1;-1;-1;-1;-1;-1;-1;-1;-1;-1;-1;0;0;0;0;0;0;0;0;0;0;0;0;0;0;0;0;0;0;0;0;0;0;0;0;0;0;0;0;0;0;0;0;0;0;0;0;0;0;0;0;0;0;0;0;0;0;0;0;0;0;0;0;0;0;0;0;0;0;0;0;0;0;0;0;0;0;0;0;4;0;0;0;0;0;0;2019-10-19 13:00:00;4373;0;35;12;13;1;-1;-1;-1;-1;-1;-1;-1;-1;-1;-1;-1;-1;-1;-1;-1;0;0;0;0;0;0;0;-1;-1;-1;-1;-1;-1;-1;-1;-1;-1;-1;-1;-1;-1;-1;-1;-1;-1;-1;-1;-1;-1;-1;5;15;25;55;95;10;55;60;20;9.59;0;7.51;1.95;Deportivo Maldonado;Tacuarembó;2.09;0.64;2;0.7;1.8;0.8;95;85;75;45;5;68;41;41;1.65;1.44;3.09;1949;22;Y;Y;Y;Y;N;N;Y
557253;4377;4367;2019;complete;4490;21;-1;-1;;1;0;1;-1;-1;-1;-1;-1;-1;-1;-1;-1;-1;-1;-1;-1;-1;-1;-1;-1;-1;-1;-1;-1;0;0;0;0;0;0;0;0;0;0;0;0;0;0;0;0;0;0;0;0;0;0;0;0;0;0;0;0;0;0;0;0;0;0;0;0;0;0;0;0;0;0;0;0;0;0;0;0;0;0;0;0;0;0;0;0;0;0;0;0;0;0;0;0;0;0;0;0;1;0;0;0;0;0;0;2019-10-19 13:00:00;4377;0;27;0;17;1;-1;-1;-1;-1;-1;-1;-1;-1;-1;-1;-1;-1;-1;-1;-1;0;0;0;0;0;0;0;-1;-1;-1;-1;-1;-1;-1;-1;-1;-1;-1;-1;-1;-1;-1;-1;-1;-1;-1;-1;-1;-1;-1;0;11;37;49;90;6;54;64;32;11.24;0;7.7;1.87;Central Español;Villa Teresa;1.27;1.45;1.1;1.78;0.8;1.4;100;89;63;52;10;57;45;40;1.31;1.27;2.58;1949;22;Y;N;N;N;N;N;N
557254;4390;4379;2019;complete;4490;21;-1;;-1,-1;0;2;2;-1;-1;-1;-1;-1;-1;-1;-1;-1;-1;-1;-1;-1;-1;-1;-1;-1;-1;-1;-1;-1;0;0;0;0;0;0;0;0;0;0;0;0;0;0;0;0;0;0;0;0;0;0;0;0;0;0;0;0;0;0;0;0;0;0;0;0;0;0;0;0;0;0;0;0;0;0;0;0;0;0;0;0;0;0;0;0;0;0;0;0;0;0;0;0;0;0;0;0;2;0;0;0;0;0;0;2019-10-19 13:00:00;4379;0;43;13;24;1;-1;-1;-1;-1;-1;-1;-1;-1;-1;-1;-1;-1;-1;-1;-1;0;0;0;0;0;0;0;-1;-1;-1;-1;-1;-1;-1;-1;-1;-1;-1;-1;-1;-1;-1;-1;-1;-1;-1;-1;-1;-1;-1;16;22;38;54;90;16;48;74;27;9.63;0;4.32;2.25;Bella Vista;Torque;0.73;1.91;0.89;1.8;1;2;84;79;62;47;10;69;51;51;1.44;1.32;2.76;1949;22;Y;Y;N;N;N;N;N
557255;4395;4366;2019;complete;4490;21;-1;;-1;0;1;1;-1;-1;-1;-1;-1;-1;-1;-1;-1;-1;-1;-1;-1;-1;-1;-1;-1;-1;-1;-1;-1;0;0;0;0;0;0;0;0;0;0;0;0;0;0;0;0;0;0;0;0;0;0;0;0;0;0;0;0;0;0;0;0;0;0;0;0;0;0;0;0;0;0;0;0;0;0;0;0;0;0;0;0;0;0;0;0;0;0;0;0;0;0;0;0;0;0;0;0;1;0;0;0;0;0;0;2019-10-19 13:00:00;4366;0;60;7;34;1;-1;-1;-1;-1;-1;-1;-1;-1;-1;-1;-1;-1;-1;-1;-1;0;0;0;0;0;0;0;-1;-1;-1;-1;-1;-1;-1;-1;-1;-1;-1;-1;-1;-1;-1;-1;-1;-1;-1;-1;-1;-1;-1;10;40;55;80;95;25;55;65;40;8.49;0;7.43;2.8;Albion;Villa Española;1.27;1.85;1.4;1.8;1.35;1.65;90;60;45;20;5;73;60;53;1.32;1.28;2.6;1949;22;Y;N;N;N;N;N;N
557256;4368;4367;2019;complete;4490;22;-1;65,74;51;2;1;3;3;2;5;-1;-1;2;4;0;0;5;5;2;5;7;10;-1;-1;-1;-1;2;4;1.83;3.3;3.7;1.05;1.37;2.15;4;7.5;7.25;2.8;1.61;1.2;1.05;2;1.71;0;0;0;0;0;0;0;0;0;0;0;0;0;0;0;0;0;0;0;0;0;0;0;0;0;0;0;0;0;0;0;0;0;0;0;0;0;0;0;0;0;0;0;0;0;0;0;0;0;0;0;0;0;3;0;0;2;1;3;0;2019-11-03 18:30:00;4368;0;35;7;14;0;1;1;1;1;2;1;2;3;1;1;1;3;2;4;1;0;0;0;0;1.44;1.73;3.17;0;0;0;0;0;0;1;1;0;0;0;0;0;0;-1;-1;-1;-1;-1;-1;-1;-1;-1;0;10;30;65;100;15;55;55;25;8.77;0;6.82;2.05;Rentistas;Villa Teresa;2.23;1.45;2;1.6;1.71;1.33;100;90;70;35;0;47;34;34;1.71;1.27;2.98;1949;22;Y;Y;Y;N;N;N;Y
557257;4375;4353;2019;complete;4490;22;-1;;38;0;1;1;2;2;4;-1;-1;1;1;0;0;0;2;4;2;4;4;-1;-1;-1;-1;1;1;0;0;0;0;0;0;0;0;0;0;0;0;0;0;0;0;0;0;0;0;0;0;0;0;0;0;0;0;0;0;0;0;0;0;0;0;0;0;0;0;0;0;0;0;0;0;0;0;0;0;0;0;0;0;0;0;0;0;0;0;0;0;0;0;0;0;0;0;1;0;1;0;0;0;1;2019-11-03 18:30:00;4353;0;45;0;45;0;1;1;2;2;0;0;4;0;1;0;0;1;1;1;1;0;0;0;0;0.53;0.68;1.21;0;0;0;0;0;0;1;1;0;0;0;0;0;0;-1;-1;-1;-1;-1;-1;-1;-1;-1;0;5;30;70;90;0;30;70;45;13.07;0;7.89;1.95;Cerrito;Sud América;1.25;1.25;1.5;1.2;1.43;1.29;100;95;70;30;10;66;40;40;1.43;1.68;3.11;1949;24;Y;N;N;N;N;N;N
557258;4366;4369;2019;complete;4490;22;-1;9;23,67;1;2;3;6;1;7;-1;-1;2;3;0;0;7;4;11;5;18;9;-1;-1;-1;-1;2;3;0;0;0;0;0;0;0;0;0;0;0;0;0;0;0;0;0;0;0;0;0;0;0;0;0;0;0;0;0;0;0;0;0;0;0;0;0;0;0;0;0;0;0;0;0;0;0;0;0;0;0;0;0;0;0;0;0;0;0;0;0;0;0;0;0;0;0;0;3;1;1;0;1;1;2;2019-11-03 18:30:00;4369;0;55;17;32;0;1;1;5;0;1;1;5;2;0;2;2;1;2;3;1;0;0;0;0;2;1.08;3.09;0;0;0;0;0;0;1;1;1;0;0;0;0;1;-1;-1;-1;-1;-1;-1;-1;-1;-1;15;40;45;60;90;25;40;75;45;11.53;0;8.1;2.65;Villa Española;Atenas;1.23;1.64;1.5;1.5;1.71;1.24;85;60;55;40;10;69;58;47;1.29;1.42;2.71;1949;22;Y;Y;Y;N;N;N;Y
557259;4390;4377;2019;complete;4490;22;-1;;59,84;0;2;2;5;6;11;-1;-1;2;1;0;0;2;3;10;8;12;11;-1;-1;50;50;2;1;3;3.4;2.05;1.04;1.35;1.95;3.7;7.4;8.5;3;1.85;1.24;1.06;1.9;1.98;0;0;0;0;1.67;1.29;1.33;3.6;2.2;2.75;3.4;2.47;2.52;0;0;0;0;1.73;0;0;0;0;2;0;0;0;0;0;0;0;0;0;0;1.44;3;8.1;17;2.6;1.33;1.04;0;1.26;2.23;5;11;3.5;1.58;1.14;1.02;0;0;0;0;2;0;0;0;2;2;0;2019-10-30 19:00:00;4377;0;60;25;19;0;1;1;1;3;4;3;4;7;1;0;1;1;1;2;1;52;65;132;160;1.29;1.4;2.68;0;0;0;0;0;0;1;1;0;0;0;0;0;0;-1;-1;-1;-1;-1;-1;-1;-1;-1;15;30;40;75;100;25;60;60;25;8.05;0;6.38;2.65;Bella Vista;Central Español;0.73;0.73;0.8;0.5;0.95;0.9;85;70;60;25;0;78;65;57;1.44;1.11;2.55;1949;22;Y;Y;N;N;N;N;N
557260;4370;4395;2019;complete;4490;22;-1;-1;;1;0;1;-1;-1;-1;-1;-1;-1;-1;-1;-1;-1;-1;-1;-1;-1;-1;-1;-1;-1;-1;-1;-1;0;0;0;0;0;0;0;0;0;0;0;0;0;0;0;0;0;0;0;0;0;0;0;0;0;0;0;0;0;0;0;0;0;0;0;0;0;0;0;0;0;0;0;0;0;0;0;0;0;0;0;0;0;0;0;0;0;0;0;0;0;0;0;0;0;0;0;0;1;0;0;0;0;0;0;2019-11-01 23:00:00;4370;0;40;5;15;1;-1;-1;-1;-1;-1;-1;-1;-1;-1;-1;-1;-1;-1;-1;-1;0;0;0;0;0;0;0;-1;-1;-1;-1;-1;-1;-1;-1;-1;-1;-1;-1;-1;-1;-1;-1;-1;-1;-1;-1;-1;-1;-1;0;10;30;70;85;5;25;35;25;3.22;0;8.25;1.95;Tacuarembó;Albion;1.09;1.18;0.9;1.3;0.76;1.29;100;90;70;30;15;22;11;11;0;1.05;1.05;1949;22;Y;N;N;N;N;N;N
557261;4379;4373;2019;complete;4490;22;-1;19;33;1;1;2;4;1;5;-1;-1;0;0;0;1;9;2;5;3;14;5;-1;-1;71;29;0;2;2.45;2.8;2.8;1.08;1.5;2.55;5;9.5;6.15;2.35;1.43;1.13;1.02;2.15;1.62;0;0;0;0;0;0;0;0;0;0;0;0;0;0;0;0;0;0;0;0;0;0;0;0;0;0;0;0;0;0;0;0;0;0;0;0;0;0;0;0;0;0;0;0;0;0;0;0;0;0;0;0;0;2;1;1;0;0;0;2;2019-11-03 18:30:00;-1;0;50;12;24;0;1;1;1;1;3;0;2;3;0;1;0;0;1;0;1;0;0;0;0;2.19;0.77;2.96;0;0;0;0;0;0;1;1;0;0;0;1;0;0;-1;-1;-1;-1;-1;-1;-1;-1;-1;5;10;35;70;95;15;55;65;40;6.84;0;6.88;2.25;Torque;Deportivo Maldonado;2.09;1.55;2.2;1.6;2.05;1.86;95;90;65;30;5;32;20;13;1.51;1.35;2.86;1949;22;Y;Y;N;N;N;N;Y
726127;4379;4375;2019;complete;4490;17;-1;-1;-1;1;1;2;-1;-1;-1;-1;-1;-1;-1;-1;-1;-1;-1;-1;-1;-1;-1;-1;-1;-1;-1;-1;-1;0;0;0;0;0;0;0;0;0;0;0;0;0;0;0;0;0;0;0;0;0;0;0;0;0;0;0;0;0;0;0;0;0;0;0;0;0;0;0;0;0;0;0;0;0;0;0;0;0;0;0;0;0;0;0;0;0;0;0;0;0;0;0;0;0;0;0;0;2;0;0;0;0;0;0;2019-09-14 13:00:00;-1;0;48;15;22;1;-1;-1;-1;-1;-1;-1;-1;-1;-1;-1;-1;-1;-1;-1;-1;0;0;0;0;0;0;0;-1;-1;-1;-1;-1;-1;-1;-1;-1;-1;-1;-1;-1;-1;-1;-1;-1;-1;-1;-1;-1;-1;-1;7;26;34;75;100;19;73;81;41;7.88;0;6.43;2.4;Torque;Cerrito;2.09;1.5;2.43;1.38;2;1.44;94;75;67;26;0;41;41;34;1.51;1.23;2.74;1949;22;Y;Y;N;N;N;N;Y
726128;4395;4353;2019;complete;4490;17;-1;;;0;0;0;0;9;9;-1;-1;-1;-1;-1;-1;4;4;10;11;14;15;-1;-1;50;50;-1;-1;2.6;3.2;2.4;0;0;2.25;0;0;0;0;1.62;0;0;0;0;0;0;0;0;1.5;1.33;1.44;3.25;2;3.2;0;0;0;0;0;0;0;0;0;0;0;0;0;0;0;0;0;0;0;0;0;0;0;0;0;0;0;0;0;0;0;0;0;0;0;0;0;0;0;0;0;0;0;0;0;0;0;0;0;0;2019-09-14 18:30:00;-1;0;52;7;38;0;-1;-1;-1;-1;-1;-1;-1;-1;-1;-1;-1;-1;-1;-1;1;47;68;102;101;1.51;1.72;3.22;0;0;0;0;0;0;1;1;0;0;-1;-1;-1;-1;-1;-1;-1;-1;-1;-1;-1;-1;-1;7;38;51;80;93;32;45;73;53;11.46;0;7.14;2.67;Albion;Sud América;1.27;1.25;1.25;1.57;1.19;1.5;94;63;50;21;7;77;69;69;1.3;1.73;3.03;1949;22;N;N;N;N;N;N;N
743168;4375;4366;2019;complete;4491;0;-1;;29,51;0;2;2;4;10;14;-1;-1;3;2;0;0;7;10;14;6;21;16;-1;-1;-1;-1;3;2;0;0;0;0;0;0;0;0;0;0;0;0;0;0;0;0;0;0;0;0;0;0;0;0;0;0;0;0;0;0;0;0;0;0;0;0;0;0;0;0;0;0;0;0;0;0;0;0;0;0;0;0;0;0;0;0;0;0;0;0;0;0;0;0;0;0;0;0;2;0;1;0;1;1;1;2019-11-09 13:00:00;4366;1;50;0;40;0;1;1;0;5;4;5;5;9;1;0;2;2;1;4;1;0;0;0;0;2.22;2.09;4.31;0;0;0;0;0;0;1;1;0;0;0;2;0;0;-1;-1;-1;-1;-1;-1;-1;-1;-1;10;23;37;66;98;16;48;66;34;10.32;0;4.96;2.37;Cerrito;Villa Española;1.38;1.54;1.36;1.64;1.36;1.64;91;78;64;34;3;57;44;38;1.31;1.28;2.59;1949;24;Y;Y;N;N;N;N;N
743169;4353;4368;2019;complete;4491;0;-1;;;0;0;0;4;3;7;-1;-1;-1;-1;-1;-1;3;2;7;5;10;7;-1;-1;-1;-1;-1;-1;0;0;0;0;0;0;0;0;0;0;0;0;0;0;0;0;0;0;0;0;0;0;0;0;0;0;0;0;0;0;0;0;0;0;0;0;0;0;0;0;0;0;0;0;0;0;0;0;0;0;0;0;0;0;0;0;0;0;0;0;0;0;0;0;0;0;0;0;0;0;0;0;0;0;0;2019-11-09 19:00:00;-1;1;37;7;20;0;1;-1;0;3;4;0;3;4;-1;-1;-1;-1;-1;-1;1;0;0;0;0;1.21;0.82;2.03;0;0;0;0;0;0;1;1;0;0;0;0;-1;-1;-1;-1;-1;-1;-1;-1;-1;-1;-1;0;7;25;59;91;7;37;50;25;9.59;0;4.77;1.82;Sud América;Rentistas;1.29;1.81;1.36;1.77;1.36;1.77;100;93;75;41;9;55;37;30;1.34;1.48;2.82;1949;24;N;N;N;N;N;N;N
743170;4366;4375;2019;complete;4491;0;-1;;56;0;1;1;2;4;6;-1;-1;2;5;0;0;5;4;1;12;6;16;-1;-1;38;62;2;5;2.05;3.05;3.25;1.05;1.38;2.2;4.1;7.75;7.25;2.75;1.59;1.19;1.04;1.95;1.74;0;0;0;0;1.3;1.3;1.67;2.75;2.05;3.75;2.62;2.15;3.6;0;0;0;0;1.88;0;0;0;0;1.93;0;0;0;0;0;1.73;7.5;2.4;0;0;1.45;3.3;9;21;2.55;1.29;1.03;1;1.33;2.38;5;12;3.24;1.53;1.14;1.03;0;0;0;0;1;0;0;0;1;1;0;2019-11-16 19:00:00;4375;1;48;28;30;0;1;1;0;3;2;1;3;3;2;3;0;2;5;2;1;47;75;86;111;1.08;1.83;2.91;0;0;0;0;0;0;1;1;0;0;0;1;0;2;-1;-1;-1;-1;-1;-1;-1;-1;-1;9;22;35;68;98;15;50;68;33;10.5;0;4.96;2.35;Villa Española;Cerrito;1.54;1.38;1.7;1.3;1.7;1.3;92;79;66;33;2;59;47;42;1.36;1.23;2.59;1949;24;Y;N;N;N;N;N;N
743171;4368;4353;2019;complete;4491;0;-1;32,49,69,78;;4;0;4;3;1;4;-1;-1;1;4;1;1;8;2;5;2;13;4;-1;-1;58;42;3;6;2.1;3;3.2;1.05;1.38;2.2;4.05;7.5;7.25;2.75;1.59;1.19;1.04;1.95;1.74;0;0;0;0;1.25;1.33;1.73;2.62;2;4.33;2.62;2.2;3.5;0;0;0;0;2;0;0;0;0;1.8;0;0;0;0;0;1.8;7.5;2.4;0;0;1.45;3.3;9;21;2.55;1.29;1.03;1;1.33;2.3;5;12;3.24;1.57;1.14;1.03;0;0;0;0;4;1;0;3;0;3;1;2019-11-16 19:00:00;4368;1;35;6;26;0;1;1;2;0;1;1;2;2;1;4;1;1;5;2;1;67;67;93;87;1.86;0.88;2.75;0;0;0;0;0;0;1;1;0;0;0;0;0;2;-1;-1;-1;-1;-1;-1;-1;-1;-1;0;7;24;57;87;7;35;48;24;9.44;0;4.47;1.74;Rentistas;Sud América;1.81;1.29;1.74;1.35;1.74;1.35;100;94;77;44;13;52;34;29;1.68;1.57;3.25;1949;24;Y;Y;Y;Y;N;N;N
792018;4366;4368;2019;complete;4491;0;-1;90;30;1;1;2;4;2;6;-1;-1;5;4;1;0;4;6;4;2;8;8;-1;-1;50;50;6;4;2.45;2.9;2.7;1.06;1.4;2.25;4.2;8;7;2.7;1.56;1.18;1.04;1.95;1.74;0;0;0;0;1.4;1.33;1.44;3.2;2;3.25;3;2.15;3.02;0;0;0;0;2;0;0;0;0;1.8;0;0;0;0;0;2;7;2.1;0;0;1.45;3.3;9;21;2.55;1.29;1.03;1;1.33;2.3;5;11;3.24;1.57;1.14;1.03;0;0;0;0;2;0;1;1;0;1;1;2019-12-07 20:00:00;-1;1;48;19;34;0;1;1;3;2;1;0;5;1;2;1;4;3;3;7;1;0;0;0;0;1.09;1.23;2.32;1;0;1;0;0;0;1;1;0;0;1;0;0;0;-1;-1;-1;-1;-1;-1;-1;-1;-1;7;19;36;67;96;15;44;63;29;9.14;0;5.12;2.28;Villa Española;Rentistas;1.54;1.81;1.63;1.79;1.63;1.79;94;82;65;34;4;53;39;29;1.33;1.4;2.73;1949;26;Y;Y;N;N;N;N;Y
792019;4368;4366;2019;complete;4491;0;-1;68,79;;2;0;2;5;2;7;-1;-1;0;2;0;0;9;3;4;8;13;11;-1;-1;55;45;0;2;2.15;3.1;3;1.04;1.34;2.1;3.8;7;7.5;2.9;1.65;1.21;1.05;1.87;1.8;0;0;0;0;1.29;1.33;1.62;2.75;2.05;3.75;2.52;2.43;3.5;0;0;0;0;0;0;0;0;0;0;0;0;0;0;0;1.8;8;2.3;3.4;5.25;1.46;3.1;8.5;17;2.5;1.31;1.04;1.01;1.27;2.3;5.2;11;3.4;1.55;1.13;1.03;0;0;0;0;2;0;0;2;0;2;0;2019-12-14 19:00:00;4368;1;50;5;23;0;1;1;1;0;4;2;1;6;0;0;0;2;0;2;1;34;36;80;76;1.7;1.17;2.86;0;0;0;0;0;0;1;1;0;0;0;0;0;0;-1;-1;-1;-1;-1;-1;-1;-1;-1;6;18;34;68;96;14;46;64;28;8.98;0;5.32;2.26;Rentistas;Villa Española;1.81;1.54;1.76;1.6;1.76;1.6;94;82;66;32;4;50;38;27;1.7;1.38;3.08;1949;26;Y;Y;N;N;N;N;N
